timestamps,total_energy,pump_energy,hvac_energy,Tin,Tout,RH,hvac_mode,thr_off_low,thr_low_high,hour,dow,month,hour_sin,hour_cos,dow_sin,dow_cos,month_sin,month_cos,SW_down,SW1h,SW3h,wind10m,windgusts10m,cloudcover,rh2m,dewpoint2m,AH_out,precip1h,Tout_hourly,Tin_target,RH_lag1,RH_lag2,RH_lag3,RH_lag4,RH_target,T_diff,Tin_diff,Tout_diff,Tout_lag1,Tout_fut1,Tin_ma3,Tout_ma3,AH,AH_lag1,AH_lag2,AH_lag3,AH_target,is_trans_off,off_runtime_1h,is_trans,on_runtime_1h,PMV,PPD,Overall_Comfort
2022-10-01 00:00:00,51.513772733332,0.0,0.0,18.41555554,9.919333333333332,52.25,0,5.1764362714980825,70.66250196097344,0,5,10,0.0,1.0,-0.9749279121818236,-0.2225209339563146,-0.8660254037844386,0.5000000000000001,0.0,0.0,0.0,2.5,5.4,100.0,80.0,5.7,7.049856,0.0,9.0,18.298518538666663,52.25,52.25,52.25,52.25,52.09333333333333,-8.496222206666667,0.0,0.0,9.919333333333332,9.814,18.41555554,9.919333333333332,8.221633,8.221633,8.221633,8.221633,8.140271,1,1.0,1,0.0,-0.94,23.7,76.3
2022-10-01 00:15:00,39.557306427782,0.0,0.0,18.298518538666663,9.814,52.09333333333333,0,5.1764362714980825,70.66250196097344,0,5,10,0.0,1.0,-0.9749279121818236,-0.2225209339563146,-0.8660254037844386,0.5000000000000001,0.0,0.0,0.0,2.6,5.575,100.0,80.25,5.625,7.01556,0.0,8.875,18.22222225,52.25,52.25,52.25,52.25,52.49,-8.484518538666666,-0.1170370013333332,-0.1053333333333323,9.919333333333332,9.899333333333336,18.35703703933333,9.866666666666667,8.140271,8.221633,8.221633,8.221633,8.16519,0,2.0,0,0.0,-0.97,24.9,75.1
2022-10-01 00:30:00,36.491318055556,0.0,0.0,18.22222225,9.899333333333336,52.49,0,5.1764362714980825,70.66250196097344,0,5,10,0.0,1.0,-0.9749279121818236,-0.2225209339563146,-0.8660254037844386,0.5000000000000001,0.0,0.0,0.0,2.7,5.75,100.0,80.5,5.550000000000001,6.9813075,0.0,8.75,18.156296321333333,52.09333333333333,52.25,52.25,52.25,52.5,-8.322888916666667,-0.0762962886666649,0.0853333333333346,9.814,9.838666666666668,18.312098776222225,9.877555555555556,8.16519,8.140271,8.221633,8.221633,8.134829,0,3.0,0,0.0,-0.99,25.5,74.5
2022-10-01 00:45:00,138.422796249998,0.0,0.0,18.156296321333333,9.838666666666668,52.5,0,5.1764362714980825,70.66250196097344,0,5,10,0.0,1.0,-0.9749279121818236,-0.2225209339563146,-0.8660254037844386,0.5000000000000001,0.0,0.0,0.0,2.8,5.925,100.0,80.75,5.4750000000000005,6.9470963,0.0,8.625,18.08333335,52.49,52.09333333333333,52.25,52.25,52.5,-8.317629654666666,-0.0659259286666689,-0.0606666666666679,9.899333333333336,9.78,18.225679036666666,9.850666666666667,8.134829,8.16519,8.140271,8.221633,8.09963,0,4.0,0,0.0,-1.0,26.2,73.8
2022-10-01 01:00:00,269.09784697221403,0.0,0.0,18.08333335,9.78,52.5,0,5.1764362714980825,70.66250196097344,1,5,10,0.2588190451025207,0.9659258262890684,-0.9749279121818236,-0.2225209339563146,-0.8660254037844386,0.5000000000000001,0.0,0.0,0.0,2.9,6.1,100.0,81.0,5.4,6.9129305,0.0,8.5,18.02074075733333,52.5,52.49,52.09333333333333,52.25,52.5,-8.303333349999997,-0.0729629713333359,-0.0586666666666673,9.838666666666668,9.829333333333333,18.15395064044444,9.839333333333334,8.09963,8.134829,8.16519,8.140271,8.069539,0,4.0,0,0.0,-1.02,26.9,73.1
2022-10-01 01:15:00,91.316069561106,65.375162705554,65.38460679444199,18.02074075733333,9.829333333333333,52.5,1,5.1764362714980825,70.66250196097344,1,5,10,0.2588190451025207,0.9659258262890684,-0.9749279121818236,-0.2225209339563146,-0.8660254037844386,0.5000000000000001,0.0,0.0,0.0,2.825,5.925,100.0,82.5,5.550000000000001,6.9958696,0.0,8.4,18.247777778,52.5,52.5,52.49,52.09333333333333,52.25,-8.191407424,-0.0625925926666646,0.0493333333333332,9.78,9.670666666666667,18.086790142888887,9.816,8.069539,8.09963,8.134829,8.16519,8.1402,0,3.0,1,0.25,-1.03,27.5,72.5
2022-10-01 01:30:00,79.525707811108,41.934433672222,41.94332228333,18.247777778,9.670666666666667,52.25,1,5.1764362714980825,70.66250196097344,1,5,10,0.2588190451025207,0.9659258262890684,-0.9749279121818236,-0.2225209339563146,-0.8660254037844386,0.5000000000000001,0.0,0.0,0.0,2.75,5.75,100.0,84.0,5.7,7.077425,0.0,8.3,18.378518521333334,52.5,52.5,52.5,52.49,52.0,-8.577111111333332,0.2270370206666676,-0.1586666666666651,9.829333333333333,9.626666666666669,18.117283961777776,9.76,8.1402,8.069539,8.09963,8.134829,8.164344,0,2.0,0,0.5,-0.98,25.3,74.7
2022-10-01 01:45:00,34.332237872218,0.0,0.0,18.378518521333334,9.626666666666669,52.0,0,5.1764362714980825,70.66250196097344,1,5,10,0.2588190451025207,0.9659258262890684,-0.9749279121818236,-0.2225209339563146,-0.8660254037844386,0.5000000000000001,0.0,0.0,0.0,2.675,5.575,100.0,85.5,5.85,7.15761,0.0,8.2,18.22222225,52.25,52.5,52.5,52.5,52.0,-8.751851854666667,0.1307407433333338,-0.0440000000000004,9.670666666666667,9.606666666666666,18.21567901888889,9.708888888888888,8.164344,8.1402,8.069539,8.09963,8.088966,1,2.0,1,0.5,-0.95,24.1,75.9
2022-10-01 02:00:00,29.051615822216,0.0,0.0,18.22222225,9.606666666666666,52.0,0,5.1764362714980825,70.66250196097344,2,5,10,0.4999999999999999,0.8660254037844387,-0.9749279121818236,-0.2225209339563146,-0.8660254037844386,0.5000000000000001,0.0,0.0,0.0,2.6,5.4,100.0,87.0,6.0,7.236439,0.0,8.1,18.06592596,52.0,52.25,52.5,52.5,52.0,-8.615555583333336,-0.156296271333332,-0.0200000000000013,9.626666666666669,9.596666666666666,18.282839516444444,9.634666666666666,8.088966,8.164344,8.1402,8.069539,8.0141945,0,2.0,0,0.5,-0.99,25.6,74.4
2022-10-01 02:15:00,41.552504483334,0.0,0.0,18.06592596,9.596666666666666,52.0,0,5.1764362714980825,70.66250196097344,2,5,10,0.4999999999999999,0.8660254037844387,-0.9749279121818236,-0.2225209339563146,-0.8660254037844386,0.5000000000000001,0.0,0.0,0.0,2.4,5.125,100.0,86.75,6.05,7.2505774,0.0,8.175,18.008888889999998,52.0,52.0,52.25,52.5,52.24,-8.469259293333335,-0.1562962900000002,-0.0099999999999997,9.606666666666666,9.402,18.22222224377778,9.61,8.0141945,8.088966,8.164344,8.1402,8.023919,0,3.0,0,0.25,-1.02,27.2,72.8
2022-10-01 02:30:00,119.764098277772,95.304798755556,95.31757606111,18.008888889999998,9.402,52.24,2,5.1764362714980825,70.66250196097344,2,5,10,0.4999999999999999,0.8660254037844387,-0.9749279121818236,-0.2225209339563146,-0.8660254037844386,0.5000000000000001,0.0,0.0,0.0,2.2,4.85,100.0,86.5,6.1,7.2646604,0.0,8.25,18.330158737142856,52.0,52.0,52.0,52.25,52.01428571428572,-8.606888889999999,-0.0570370700000033,-0.1946666666666665,9.596666666666666,9.175,18.099012366666667,9.53511111111111,8.023919,8.0141945,8.088966,8.164344,8.143192,0,3.0,1,0.25,-1.04,27.7,72.3
2022-10-01 02:45:00,47.80058798333,22.431880472222,22.43771362222,18.330158737142856,9.175,52.01428571428572,1,5.1764362714980825,70.66250196097344,2,5,10,0.4999999999999999,0.8660254037844387,-0.9749279121818236,-0.2225209339563146,-0.8660254037844386,0.5000000000000001,0.0,0.0,0.0,2.0,4.575,100.0,86.25,6.15,7.27869,0.0,8.325,18.391203685,52.24,52.0,52.0,52.0,51.520833333333336,-9.155158737142855,0.3212698471428581,-0.2270000000000003,9.402,9.14,18.13499119571428,9.39122222222222,8.143192,8.023919,8.0141945,8.088966,8.0952,0,2.0,1,0.5,-0.96,24.6,75.4
2022-10-01 03:00:00,31.00598204444,0.0,0.0,18.391203685,9.14,51.520833333333336,0,5.1764362714980825,70.66250196097344,3,5,10,0.7071067811865476,0.7071067811865476,-0.9749279121818236,-0.2225209339563146,-0.8660254037844386,0.5000000000000001,0.0,0.0,0.0,1.8,4.3,100.0,86.0,6.2,7.292664,0.0,8.4,18.197777798666667,52.01428571428572,52.24,52.0,52.0,51.906666666666666,-9.251203685,0.0610449478571446,-0.0349999999999983,9.175,9.282666666666666,18.24341710404762,9.239,8.0952,8.143192,8.023919,8.0141945,8.062735,1,2.0,1,0.5,-0.95,24.1,75.9
2022-10-01 03:15:00,65.909585877772,44.307949827778,44.315727316666,18.197777798666667,9.282666666666666,51.906666666666666,1,5.1764362714980825,70.66250196097344,3,5,10,0.7071067811865476,0.7071067811865476,-0.9749279121818236,-0.2225209339563146,-0.8660254037844386,0.5000000000000001,0.0,0.0,0.0,1.8,3.95,100.0,84.0,6.075,7.2382965,0.0,8.65,18.334444462,51.520833333333336,52.01428571428572,52.24,52.0,51.74,-8.915111132000002,-0.1934258863333333,0.1426666666666651,9.14,9.303333333333333,18.306380073603176,9.199222222222222,8.062735,8.0952,8.143192,8.023919,8.102312,0,1.0,1,0.75,-0.99,25.9,74.1
2022-10-01 03:30:00,106.220751016666,66.811771855556,66.82038266111,18.334444462,9.303333333333333,51.74,1,5.1764362714980825,70.66250196097344,3,5,10,0.7071067811865476,0.7071067811865476,-0.9749279121818236,-0.2225209339563146,-0.8660254037844386,0.5000000000000001,0.0,0.0,0.0,1.8,3.6,100.0,82.0,5.95,7.180027,0.0,8.9,18.514074104,51.906666666666666,51.520833333333336,52.01428571428572,52.24,51.09333333333333,-9.031111128666668,0.1366666633333331,0.020666666666667,9.282666666666666,9.382666666666667,18.30780864855556,9.242,8.102312,8.062735,8.0952,8.143192,8.086712,0,1.0,0,0.75,-0.96,24.6,75.4
2022-10-01 03:45:00,36.40548822222,0.0,0.0,18.514074104,9.382666666666667,51.09333333333333,0,5.1764362714980825,70.66250196097344,3,5,10,0.7071067811865476,0.7071067811865476,-0.9749279121818236,-0.2225209339563146,-0.8660254037844386,0.5000000000000001,0.0,0.0,0.0,1.8,3.25,100.0,80.0,5.825,7.117758,0.0,9.15,18.311111106,51.74,51.906666666666666,51.520833333333336,52.01428571428572,51.25,-9.131407437333332,0.1796296419999983,0.0793333333333343,9.303333333333333,9.476,18.34876545488889,9.322888888888889,8.086712,8.102312,8.062735,8.0952,8.014477,1,2.0,1,0.5,-0.92,23.0,77.0
2022-10-01 04:00:00,67.295641449998,42.973836544444,42.980780749998,18.311111106,9.476,51.25,1,5.1764362714980825,70.66250196097344,4,5,10,0.8660254037844386,0.5000000000000001,-0.9749279121818236,-0.2225209339563146,-0.8660254037844386,0.5000000000000001,0.0,0.0,0.0,1.8,2.9,100.0,78.0,5.7,7.0513883,0.0,9.4,18.36444441733333,51.09333333333333,51.74,51.906666666666666,51.520833333333336,51.406666666666666,-8.835111106,-0.2029629980000002,0.0933333333333319,9.382666666666667,9.503333333333334,18.386543224,9.387333333333332,8.014477,8.086712,8.102312,8.062735,8.064452,0,1.0,1,0.75,-0.97,24.9,75.1
2022-10-01 04:15:00,104.950246388884,58.833479916666,58.841812966664,18.36444441733333,9.503333333333334,51.406666666666666,1,5.1764362714980825,70.66250196097344,4,5,10,0.8660254037844386,0.5000000000000001,-0.9749279121818236,-0.2225209339563146,-0.8660254037844386,0.5000000000000001,0.0,0.0,0.0,2.05,3.525,100.0,79.5,5.85,7.11857,0.0,9.25,18.518888862,51.25,51.09333333333333,51.74,51.906666666666666,51.01,-8.861111084000001,0.0533333113333363,0.0273333333333347,9.476,9.216,18.396543209111112,9.454,8.064452,8.014477,8.086712,8.102312,8.075825,0,1.0,0,0.75,-0.96,24.4,75.6
2022-10-01 04:30:00,28.756349833328,0.0,0.0,18.518888862,9.216,51.01,0,5.1764362714980825,70.66250196097344,4,5,10,0.8660254037844386,0.5000000000000001,-0.9749279121818236,-0.2225209339563146,-0.8660254037844386,0.5000000000000001,0.0,0.0,0.0,2.3,4.15,100.0,81.0,6.0,7.183749,0.0,9.1,18.29851852,51.406666666666666,51.25,51.09333333333333,51.74,51.09333333333333,-9.302888862,0.1544444446666659,-0.2873333333333328,9.503333333333334,8.948,18.398148128444443,9.398444444444443,8.075825,8.064452,8.014477,8.086712,7.984009,1,2.0,1,0.5,-0.92,23.0,77.0
2022-10-01 04:45:00,79.271551411104,51.555715472222005,51.564881838886,18.29851852,8.948,51.09333333333333,1,5.1764362714980825,70.66250196097344,4,5,10,0.8660254037844386,0.5000000000000001,-0.9749279121818236,-0.2225209339563146,-0.8660254037844386,0.5000000000000001,0.0,0.0,0.0,2.55,4.775,100.0,82.5,6.15,7.246954,0.0,8.950000000000001,18.390000012,51.01,51.406666666666666,51.25,51.09333333333333,51.48,-9.35051852,-0.2203703419999989,-0.2680000000000007,9.216,8.991999999999999,18.393950599777774,9.222444444444443,7.984009,8.075825,8.064452,8.014477,8.088207,0,1.0,1,0.75,-0.97,25.1,74.9
2022-10-01 05:00:00,95.426738227782,55.146405155556,55.15334936111,18.390000012,8.991999999999999,51.48,1,5.1764362714980825,70.66250196097344,5,5,10,0.9659258262890684,0.2588190451025207,-0.9749279121818236,-0.2225209339563146,-0.8660254037844386,0.5000000000000001,0.0,0.0,0.0,2.8,5.4,100.0,84.0,6.3,7.308213,0.0,8.8,18.52444448266667,51.09333333333333,51.01,51.406666666666666,51.25,51.09333333333333,-9.398000012,0.0914814919999962,0.0439999999999987,8.948,9.07,18.402469131333334,9.052,8.088207,7.984009,8.075825,8.064452,8.091681,0,1.0,0,0.75,-0.95,24.1,75.9
2022-10-01 05:15:00,25.70063868333,0.0,0.0,18.52444448266667,9.07,51.09333333333333,0,5.1764362714980825,70.66250196097344,5,5,10,0.9659258262890684,0.2588190451025207,-0.9749279121818236,-0.2225209339563146,-0.8660254037844386,0.5000000000000001,0.0,0.0,0.0,3.0,5.675000000000001,100.0,85.0,6.375,7.3597665,0.0,8.725000000000001,18.31444444,51.48,51.09333333333333,51.01,51.406666666666666,51.25,-9.45444448266667,0.1344444706666721,0.0780000000000011,8.991999999999999,9.012,18.40432100488889,9.003333333333332,8.091681,8.088207,7.984009,8.075825,8.016061,1,2.0,1,0.5,-0.92,22.9,77.1
2022-10-01 05:30:00,102.963381349998,70.670228644444,70.678839433332,18.31444444,9.012,51.25,2,5.1764362714980825,70.66250196097344,5,5,10,0.9659258262890684,0.2588190451025207,-0.9749279121818236,-0.2225209339563146,-0.8660254037844386,0.5000000000000001,0.0,0.0,0.0,3.2,5.95,100.0,86.0,6.449999999999999,7.410637,0.0,8.65,18.47261904142857,51.09333333333333,51.48,51.09333333333333,51.01,51.4,-9.30244444,-0.210000042666671,-0.0579999999999998,9.07,9.047142857142855,18.40962964488889,9.024666666666668,8.016061,8.091681,8.088207,7.984009,8.115287,0,1.0,1,0.75,-0.97,24.9,75.1
2022-10-01 05:45:00,63.196361061106,31.399577316666,31.405410466664,18.47261904142857,9.047142857142855,51.4,1,5.1764362714980825,70.66250196097344,5,5,10,0.9659258262890684,0.2588190451025207,-0.9749279121818236,-0.2225209339563146,-0.8660254037844386,0.5000000000000001,0.0,0.0,0.0,3.4,6.225,100.0,87.0,6.525,7.4608274,0.0,8.575000000000001,18.522222196,51.25,51.09333333333333,51.48,51.09333333333333,51.02,-9.425476184285715,0.1581746014285734,0.0351428571428567,9.012,9.073333333333332,18.43716932136508,9.04304761904762,8.115287,8.016061,8.091681,8.088207,8.079003,0,1.0,1,0.75,-0.93,23.3,76.7
2022-10-01 06:00:00,28.60052268333,0.0,0.0,18.522222196,9.073333333333332,51.02,0,5.1764362714980825,70.66250196097344,6,5,10,1.0,6.123233995736766e-17,-0.9749279121818236,-0.2225209339563146,-0.8660254037844386,0.5000000000000001,0.0,0.0,0.0,3.6,6.5,100.0,88.0,6.6,7.510344,0.0,8.5,18.308888898666662,51.4,51.25,51.09333333333333,51.48,51.5,-9.448888862666664,0.0496031545714252,0.0261904761904752,9.047142857142855,9.209333333333335,18.436428559142858,9.04415873015873,8.079003,8.115287,8.016061,8.091681,8.052508,1,2.0,1,0.5,-0.92,23.0,77.0
2022-10-01 06:15:00,95.030643088888,65.364052,65.373773877776,18.308888898666662,9.209333333333335,51.5,1,5.1764362714980825,70.66250196097344,6,5,10,1.0,6.123233995736766e-17,-0.9749279121818236,-0.2225209339563146,-0.8660254037844386,0.5000000000000001,0.0,0.0,0.0,4.275,7.3,100.0,87.75,6.625,7.525145,0.0,8.575,18.44333334,51.02,51.4,51.25,51.09333333333333,51.74,-9.09955556533333,-0.2133332973333317,0.1360000000000027,9.073333333333332,9.304,18.434576712031745,9.109936507936508,8.052508,8.079003,8.115287,8.016061,8.154803,0,1.0,1,0.75,-0.97,24.9,75.1
2022-10-01 06:30:00,74.63118146666,42.60718456111,42.617184277772,18.44333334,9.304,51.74,1,5.1764362714980825,70.66250196097344,6,5,10,1.0,6.123233995736766e-17,-0.9749279121818236,-0.2225209339563146,-0.8660254037844386,0.5000000000000001,0.0,0.0,0.0,4.95,8.1,100.0,87.5,6.65,7.5398917,0.0,8.65,18.534814842666663,51.5,51.02,51.4,51.25,51.5,-9.13933334,0.1344444413333327,0.0946666666666651,9.209333333333335,9.496,18.424814811555557,9.195555555555556,8.154803,8.052508,8.079003,8.115287,8.161096,0,1.0,0,0.75,-0.94,23.5,76.5
2022-10-01 06:45:00,33.98975160555,0.0,0.0,18.534814842666663,9.496,51.5,0,5.1764362714980825,70.66250196097344,6,5,10,1.0,6.123233995736766e-17,-0.9749279121818236,-0.2225209339563146,-0.8660254037844386,0.5000000000000001,0.0,0.0,0.0,5.625,8.899999999999999,100.0,87.25,6.675,7.5545835,0.0,8.725,18.309999996,51.74,51.5,51.02,51.4,51.51,-9.038814842666666,0.0914815026666673,0.1920000000000001,9.304,9.378666666666668,18.42901236044444,9.336444444444446,8.161096,8.154803,8.052508,8.079003,8.054603,1,2.0,1,0.5,-0.92,22.7,77.3
2022-10-01 07:00:00,60.804234533328,35.646907433332,35.654129427774,18.309999996,9.378666666666668,51.51,1,5.1764362714980825,70.66250196097344,7,5,10,0.9659258262890684,-0.2588190451025206,-0.9749279121818236,-0.2225209339563146,-0.8660254037844386,0.5000000000000001,0.0,0.0,0.0,6.3,9.7,100.0,87.0,6.7,7.5692196,0.0,8.8,18.329629637333333,51.5,51.74,51.5,51.02,51.81333333333334,-8.93133332933333,-0.2248148466666677,-0.1173333333333328,9.496,9.42,18.42938272622222,9.392888888888889,8.054603,8.161096,8.154803,8.052508,8.111479,0,1.0,1,0.75,-0.97,24.9,75.1
2022-10-01 07:15:00,446.767406405554,76.108066655556,76.119455116666,18.329629637333333,9.42,51.81333333333334,2,5.1764362714980825,70.66250196097344,7,5,10,0.9659258262890684,-0.2588190451025206,-0.9749279121818236,-0.2225209339563146,-0.8660254037844386,0.5000000000000001,2.0,0.5,0.1666666666666666,6.55,10.075,100.0,88.0,6.875,7.656223,0.0,8.8,18.572222238,51.51,51.5,51.74,51.5,51.27,-8.909629637333333,0.019629641333335,0.0413333333333323,9.378666666666668,9.43,18.391481492,9.431555555555557,8.111479,8.054603,8.161096,8.154803,8.142669,0,1.0,1,0.75,-0.96,24.6,75.4
2022-10-01 07:30:00,30.892375322224,0.0,0.0,18.572222238,9.43,51.27,0,5.1764362714980825,70.66250196097344,7,5,10,0.9659258262890684,-0.2588190451025206,-0.9749279121818236,-0.2225209339563146,-0.8660254037844386,0.5000000000000001,4.0,1.5,0.5,6.8,10.45,100.0,89.0,7.050000000000001,7.743225,0.0,8.8,18.35407405733333,51.81333333333334,51.51,51.5,51.74,51.406666666666666,-9.142222238,0.242592600666665,0.0099999999999997,9.42,9.396,18.40395062377777,9.409555555555556,8.142669,8.111479,8.054603,8.161096,8.059493,1,2.0,1,0.5,-0.91,22.5,77.5
2022-10-01 07:45:00,30.276289049994,0.0,0.0,18.35407405733333,9.396,51.406666666666666,0,5.1764362714980825,70.66250196097344,7,5,10,0.9659258262890684,-0.2588190451025206,-0.9749279121818236,-0.2225209339563146,-0.8660254037844386,0.5000000000000001,6.0,3.0,1.0,7.05,10.825,100.0,90.0,7.225,7.8302274,0.0,8.8,18.171111094,51.27,51.81333333333334,51.51,51.5,51.77,-8.958074057333333,-0.2181481806666667,-0.0340000000000006,9.43,9.448,18.41864197755556,9.415333333333333,8.059493,8.142669,8.111479,8.054603,8.028779,0,2.0,0,0.5,-0.96,24.5,75.5
2022-10-01 08:00:00,106.409076849998,43.666031072222,43.672419749998,18.171111094,9.448,51.77,1,5.1764362714980825,70.66250196097344,8,5,10,0.8660254037844387,-0.4999999999999998,-0.9749279121818236,-0.2225209339563146,-0.8660254037844386,0.5000000000000001,8.0,5.0,1.6666666666666667,7.3,11.2,100.0,91.0,7.4,7.91723,0.0,8.8,18.21185184,51.406666666666666,51.27,51.81333333333334,51.51,52.906666666666666,-8.723111094,-0.1829629633333311,0.0520000000000013,9.396,9.738,18.36580246311111,9.424666666666669,8.028779,8.059493,8.142669,8.111479,8.224938,0,2.0,1,0.5,-1.0,26.2,73.8
2022-10-01 08:15:00,69.15751133889,11.04150273889,11.048446927778,18.21185184,9.738,52.906666666666666,1,5.1764362714980825,70.66250196097344,8,5,10,0.8660254037844387,-0.4999999999999998,-0.9749279121818236,-0.2225209339563146,-0.8660254037844386,0.5000000000000001,22.5,10.125,3.5416666666666665,6.55,11.825,100.0,90.25,7.425000000000001,7.927728,0.0,8.950000000000001,18.220000026,51.77,51.406666666666666,51.27,51.81333333333334,53.24,-8.473851840000002,0.0407407460000008,0.2899999999999991,9.448,9.77,18.245678997111117,9.527333333333331,8.224938,8.028779,8.059493,8.142669,8.280765,0,2.0,0,0.5,-0.99,25.5,74.5
2022-10-01 08:30:00,49.378580461106,0.0,0.0,18.220000026,9.77,53.24,0,5.1764362714980825,70.66250196097344,8,5,10,0.8660254037844387,-0.4999999999999998,-0.9749279121818236,-0.2225209339563146,-0.8660254037844386,0.5000000000000001,37.0,18.375,6.625,5.8,12.45,100.0,89.5,7.45,7.9375997,0.0,9.1,18.10074074,52.906666666666666,51.77,51.406666666666666,51.27,53.09333333333333,-8.450000025999996,0.0081481859999961,0.0320000000000018,9.738,9.97,18.20098765333333,9.652,8.280765,8.224938,8.028779,8.059493,8.199649,1,2.0,1,0.5,-0.98,25.4,74.6
2022-10-01 08:45:00,46.46175262222,0.0,0.0,18.10074074,9.97,53.09333333333333,0,5.1764362714980825,70.66250196097344,8,5,10,0.8660254037844387,-0.4999999999999998,-0.9749279121818236,-0.2225209339563146,-0.8660254037844386,0.5000000000000001,51.5,29.75,10.916666666666666,5.05,13.075,100.0,88.75,7.475,7.946831,0.0,9.25,17.973333312,53.24,52.906666666666666,51.77,51.406666666666666,53.5,-8.130740739999998,-0.1192592859999983,0.1999999999999993,9.77,10.105333333333332,18.17753086866667,9.826,8.199649,8.280765,8.224938,8.028779,8.2000885,0,2.0,0,0.5,-1.01,26.6,73.4
2022-10-01 09:00:00,45.479291905554,0.0,0.0,17.973333312,10.105333333333332,53.5,0,5.1764362714980825,70.66250196097344,9,5,10,0.7071067811865476,-0.7071067811865475,-0.9749279121818236,-0.2225209339563146,-0.8660254037844386,0.5000000000000001,66.0,44.25,16.416666666666668,4.3,13.7,100.0,88.0,7.5,7.955412,0.0,9.4,17.89925926,53.09333333333333,53.24,52.906666666666666,51.77,53.906666666666666,-7.867999978666669,-0.1274074279999979,0.1353333333333317,9.97,10.142,18.098024692666662,9.948444444444446,8.2000885,8.199649,8.280765,8.224938,8.226074,0,3.0,0,0.25,-1.04,27.8,72.2
2022-10-01 09:15:00,48.746661322216,0.0,0.0,17.89925926,10.142,53.906666666666666,0,5.1764362714980825,70.66250196097344,9,5,10,0.7071067811865476,-0.7071067811865475,-0.9749279121818236,-0.2225209339563146,-0.8660254037844386,0.5000000000000001,86.0,60.125,23.58333333333333,3.675,12.975,99.75,85.75,7.525,7.9644785,0.0,9.825,17.861111100000002,53.5,53.09333333333333,53.24,52.906666666666666,54.25,-7.757259260000001,-0.0740740520000002,0.036666666666667,10.105333333333332,10.205333333333332,17.991111104,10.072444444444445,8.226074,8.2000885,8.199649,8.280765,8.259685,0,4.0,0,0.0,-1.06,28.5,71.5
2022-10-01 09:30:00,41.00141546111,0.0,0.0,17.861111100000002,10.205333333333332,54.25,0,5.1764362714980825,70.66250196097344,9,5,10,0.7071067811865476,-0.7071067811865475,-0.9749279121818236,-0.2225209339563146,-0.8660254037844386,0.5000000000000001,106.0,77.375,32.416666666666664,3.05,12.25,99.5,83.5,7.55,7.9673243,0.0,10.25,17.82296294,53.906666666666666,53.5,53.09333333333333,53.24,54.59333333333333,-7.65577776666667,-0.0381481599999986,0.0633333333333325,10.142,10.400666666666666,17.911234557333334,10.150888888888888,8.259685,8.226074,8.2000885,8.199649,8.293094,0,4.0,0,0.0,-1.06,28.8,71.2
2022-10-01 09:45:00,48.040300527778,0.0,0.0,17.82296294,10.400666666666666,54.59333333333333,0,5.1764362714980825,70.66250196097344,9,5,10,0.7071067811865476,-0.7071067811865475,-0.9749279121818236,-0.2225209339563146,-0.8660254037844386,0.5000000000000001,126.0,96.0,42.91666666666666,2.425,11.525,99.25,81.25,7.574999999999999,7.9636426,0.0,10.675,17.807777772,54.25,53.906666666666666,53.5,53.09333333333333,54.99,-7.422296273333334,-0.0381481600000022,0.195333333333334,10.205333333333332,11.296666666666663,17.861111100000002,10.249333333333333,8.293094,8.259685,8.226074,8.2000885,8.345797,0,4.0,0,0.0,-1.07,29.2,70.8
2022-10-01 10:00:00,50.459925955556,0.0,0.0,17.807777772,11.296666666666663,54.99,0,5.1764362714980825,70.66250196097344,10,5,10,0.4999999999999999,-0.8660254037844387,-0.9749279121818236,-0.2225209339563146,-0.8660254037844386,0.5000000000000001,146.0,116.0,55.083333333333336,1.8,10.8,99.0,79.0,7.6,7.9531226,0.0,11.1,17.878518521333334,54.59333333333333,54.25,53.906666666666666,53.5,55.09333333333333,-6.511111105333336,-0.0151851679999985,0.895999999999999,10.400666666666666,12.43,17.830617270666668,10.634222222222222,8.345797,8.293094,8.259685,8.226074,8.396784,0,4.0,0,0.0,-1.07,29.3,70.7
2022-10-01 10:15:00,40.688372383334,0.0,0.0,17.878518521333334,12.43,55.09333333333333,0,5.1764362714980825,70.66250196097344,10,5,10,0.4999999999999999,-0.8660254037844387,-0.9749279121818236,-0.2225209339563146,-0.8660254037844386,0.5000000000000001,156.5,133.625,67.95833333333333,2.9000000000000004,12.15,99.25,78.25,7.649999999999999,7.964691,0.0,11.275,17.916666650000003,54.99,54.59333333333333,54.25,53.906666666666666,55.47,-5.448518521333334,0.070740749333332,1.1333333333333346,11.296666666666663,13.444666666666668,17.836419744444445,11.375777777777778,8.396784,8.345797,8.293094,8.259685,8.473413,0,4.0,0,0.0,-1.05,28.5,71.5
2022-10-01 10:30:00,53.503693149998,0.0,0.0,17.916666650000003,13.444666666666668,55.47,0,5.1764362714980825,70.66250196097344,10,5,10,0.4999999999999999,-0.8660254037844387,-0.9749279121818236,-0.2225209339563146,-0.8660254037844386,0.5000000000000001,167.0,148.875,81.54166666666667,4.0,13.5,99.5,77.5,7.699999999999999,7.9754195,0.0,11.45,17.9444444,55.09333333333333,54.99,54.59333333333333,54.25,54.68666666666666,-4.471999983333335,0.0381481286666698,1.0146666666666686,12.43,14.916,17.867654314444447,12.390444444444446,8.473413,8.396784,8.345797,8.293094,8.367576,0,4.0,0,0.0,-1.04,28.0,72.0
2022-10-01 10:45:00,44.507386399996,0.0,0.0,17.9444444,14.916,54.68666666666666,0,5.1764362714980825,70.66250196097344,10,5,10,0.4999999999999999,-0.8660254037844387,-0.9749279121818236,-0.2225209339563146,-0.8660254037844386,0.5000000000000001,177.5,161.75,95.83333333333331,5.1000000000000005,14.85,99.75,76.75,7.75,7.985291,0.0,11.625,17.914682525,55.47,55.09333333333333,54.99,54.59333333333333,54.5,-3.028444399999998,0.0277777499999949,1.471333333333332,13.444666666666668,14.887857142857143,17.91320985711111,13.59688888888889,8.367576,8.473413,8.396784,8.345797,8.324256,0,4.0,0,0.0,-1.04,27.8,72.2
2022-10-01 11:00:00,34.169466616662,0.0,0.0,17.914682525,14.887857142857143,54.5,0,5.1764362714980825,70.66250196097344,11,5,10,0.258819045102521,-0.9659258262890682,-0.9749279121818236,-0.2225209339563146,-0.8660254037844386,0.5000000000000001,188.0,172.25,110.83333333333331,6.2,16.2,100.0,76.0,7.8,7.994288,0.0,11.8,17.8888889,54.68666666666666,55.47,55.09333333333333,54.99,54.406666666666666,-3.026825382142857,-0.0297618749999983,-0.028142857142857,14.916,14.182,17.925264525000003,14.416174603174603,8.324256,8.367576,8.473413,8.396784,8.29725,0,4.0,0,0.0,-1.05,28.2,71.8
2022-10-01 11:15:00,58.283224294438,0.0,0.0,17.8888889,14.182,54.406666666666666,0,5.1764362714980825,70.66250196097344,11,5,10,0.258819045102521,-0.9659258262890682,-0.9749279121818236,-0.2225209339563146,-0.8660254037844386,0.5000000000000001,251.25,195.9375,129.89583333333334,6.125,16.925,99.75,73.25,7.8,7.9987407,0.0,12.4,17.918888874,54.5,54.68666666666666,55.47,55.09333333333333,54.27,-3.7068889000000023,-0.0257936249999986,-0.7058571428571447,14.887857142857143,13.97,17.916005275,14.66195238095238,8.29725,8.324256,8.367576,8.473413,8.291201,0,4.0,0,0.0,-1.06,28.5,71.5
2022-10-01 11:30:00,39.52675236666,0.0,0.0,17.918888874,13.97,54.27,0,5.1764362714980825,70.66250196097344,11,5,10,0.258819045102521,-0.9659258262890682,-0.9749279121818236,-0.2225209339563146,-0.8660254037844386,0.5000000000000001,314.5,232.8125,153.02083333333334,6.050000000000001,17.65,99.5,70.5,7.8,7.9904723,0.0,13.0,18.034814842666663,54.406666666666666,54.5,54.68666666666666,55.47,54.72,-3.948888874,0.0299999739999989,-0.2119999999999979,14.182,14.492,17.907486766333335,14.346619047619049,8.291201,8.29725,8.324256,8.367576,8.4178095,0,4.0,0,0.0,-1.05,28.2,71.8
2022-10-01 11:45:00,41.45778612222,0.0,0.0,18.034814842666663,14.492,54.72,0,5.1764362714980825,70.66250196097344,11,5,10,0.258819045102521,-0.9659258262890682,-0.9749279121818236,-0.2225209339563146,-0.8660254037844386,0.5000000000000001,377.75,282.875,180.20833333333331,5.9750000000000005,18.375,99.25,67.75,7.8,7.968641,0.0,13.6,18.05666671,54.27,54.406666666666666,54.5,54.68666666666666,54.04,-3.542814842666667,0.1159259686666658,0.5219999999999985,13.97,14.821333333333332,17.94753087222222,14.214666666666666,8.4178095,8.291201,8.29725,8.324256,8.324013,0,4.0,0,0.0,-1.02,26.9,73.1
2022-10-01 12:00:00,110.891953111108,0.0,0.0,18.05666671,14.821333333333332,54.04,0,5.1764362714980825,70.66250196097344,12,5,10,1.2246467991473532e-16,-1.0,-0.9749279121818236,-0.2225209339563146,-0.8660254037844386,0.5000000000000001,441.0,346.125,211.45833333333331,5.9,19.1,99.0,65.0,7.8,7.9323635,0.0,14.2,18.111111118666667,54.72,54.27,54.406666666666666,54.5,54.81333333333334,-3.2353333766666683,0.0218518673333356,0.3293333333333343,14.492,15.207333333333333,18.003456808888888,14.427777777777775,8.324013,8.4178095,8.291201,8.29725,8.470503,0,4.0,0,0.0,-1.02,26.8,73.2
2022-10-01 12:15:00,328.19992714444004,0.0,0.0,18.111111118666667,15.207333333333333,54.81333333333334,0,5.1764362714980825,70.66250196097344,12,5,10,1.2246467991473532e-16,-1.0,-0.9749279121818236,-0.2225209339563146,-0.8660254037844386,0.5000000000000001,407.0,385.0625,238.20833333333331,6.275,19.275,74.25,64.5,7.725,7.8955073,0.0,14.25,18.19444445,54.04,54.72,54.27,54.406666666666666,55.0,-2.903777785333334,0.0544444086666651,0.3859999999999992,14.821333333333332,15.274666666666668,18.067530890444445,14.840222222222222,8.470503,8.324013,8.4178095,8.291201,8.541535,0,4.0,0,0.0,-1.0,26.1,73.9
2022-10-01 12:30:00,201.601935583334,0.0,0.0,18.19444445,15.274666666666668,55.0,0,5.1764362714980825,70.66250196097344,12,5,10,1.2246467991473532e-16,-1.0,-0.9749279121818236,-0.2225209339563146,-0.8660254037844386,0.5000000000000001,373.0,399.6875,260.4583333333333,6.65,19.450000000000003,49.5,64.0,7.65,7.858342,0.0,14.3,18.27051283692308,54.81333333333334,54.04,54.72,54.27,54.892307692307696,-2.9197777833333323,0.0833333313333319,0.0673333333333339,15.207333333333333,15.61923076923077,18.12074075955556,15.101111111111113,8.541535,8.470503,8.324013,8.4178095,8.563401,0,4.0,0,0.0,-0.98,25.3,74.7
2022-10-01 12:45:00,72.094893805558,0.0,0.0,18.27051283692308,15.61923076923077,54.892307692307696,0,5.1764362714980825,70.66250196097344,12,5,10,1.2246467991473532e-16,-1.0,-0.9749279121818236,-0.2225209339563146,-0.8660254037844386,0.5000000000000001,339.0,390.0,278.2083333333333,7.025,19.625,24.75,63.5,7.575,7.820861,0.0,14.35,18.25,55.0,54.81333333333334,54.04,54.72,54.75,-2.651282067692309,0.0760683869230796,0.3445641025641031,15.274666666666668,16.040666666666667,18.19202280186325,15.367076923076922,8.563401,8.541535,8.470503,8.324013,8.530807,0,4.0,0,0.0,-0.96,24.5,75.5
2022-10-01 13:00:00,71.306592022224,0.0,0.0,18.25,16.040666666666667,54.75,0,5.1764362714980825,70.66250196097344,13,5,10,-0.2588190451025208,-0.9659258262890684,-0.9749279121818236,-0.2225209339563146,-0.8660254037844386,0.5000000000000001,305.0,356.0,291.4583333333333,7.4,19.8,0.0,63.0,7.5,7.783069,0.0,14.4,18.2222222,54.892307692307696,55.0,54.81333333333334,54.04,54.59333333333333,-2.2093333333333334,-0.0205128369230784,0.4214358974358969,15.61923076923077,16.157333333333334,18.238319095641028,15.6448547008547,8.530807,8.563401,8.541535,8.470503,8.492379,0,4.0,0,0.0,-0.97,24.8,75.2
2022-10-01 13:15:00,67.541187211108,0.0,0.0,18.2222222,16.157333333333334,54.59333333333333,0,5.1764362714980825,70.66250196097344,13,5,10,-0.2588190451025208,-0.9659258262890684,-0.9749279121818236,-0.2225209339563146,-0.8660254037844386,0.5000000000000001,400.5,354.375,311.7916666666667,7.525,20.425,3.25,60.5,7.425,7.76496,0.0,15.025,18.247777778,54.75,54.892307692307696,55.0,54.81333333333334,54.24,-2.064888866666667,-0.027777799999999,0.1166666666666671,16.040666666666667,16.153333333333332,18.247578345641028,15.939076923076923,8.492379,8.530807,8.563401,8.541535,8.450228,0,4.0,0,0.0,-0.97,25.1,74.9
2022-10-01 13:30:00,63.94077576666,0.0,0.0,18.247777778,16.153333333333332,54.24,0,5.1764362714980825,70.66250196097344,13,5,10,-0.2588190451025208,-0.9659258262890684,-0.9749279121818236,-0.2225209339563146,-0.8660254037844386,0.5000000000000001,496.0,385.125,339.2083333333333,7.65,21.05,6.5,58.0,7.35,7.732196,0.0,15.65,18.197777798666667,54.59333333333333,54.75,54.892307692307696,55.0,53.68666666666666,-2.0944444446666672,0.0255555779999987,-0.0040000000000013,16.157333333333334,16.550666666666665,18.239999992666668,16.11711111111111,8.450228,8.492379,8.530807,8.563401,8.339225,0,4.0,0,0.0,-0.97,24.9,75.1
2022-10-01 13:45:00,66.167630922224,0.0,0.0,18.197777798666667,16.550666666666665,53.68666666666666,0,5.1764362714980825,70.66250196097344,13,5,10,-0.2588190451025208,-0.9659258262890684,-0.9749279121818236,-0.2225209339563146,-0.8660254037844386,0.5000000000000001,591.5,448.25,373.7083333333333,7.775,21.675,9.75,55.5,7.275,7.683819,0.0,16.275,18.21999998,54.24,54.59333333333333,54.75,54.892307692307696,53.73,-1.6471111320000027,-0.0499999793333323,0.3973333333333322,16.153333333333332,17.002,18.222592592222224,16.287111111111113,8.339225,8.450228,8.492379,8.530807,8.356977,0,4.0,0,0.0,-0.99,25.5,74.5
2022-10-01 14:00:00,89.846406,0.0,0.0,18.21999998,17.002,53.73,0,5.1764362714980825,70.66250196097344,14,5,10,-0.4999999999999997,-0.8660254037844388,-0.9749279121818236,-0.2225209339563146,-0.8660254037844386,0.5000000000000001,687.0,543.75,415.2916666666667,7.9,22.3,13.0,53.0,7.2,7.618826,0.0,16.9,18.18740742,53.68666666666666,54.24,54.59333333333333,54.75,53.09333333333333,-1.217999980000002,0.0222221813333334,0.4513333333333342,16.550666666666665,16.756,18.22185185222222,16.568666666666665,8.356977,8.339225,8.450228,8.492379,8.241982,0,4.0,0,0.0,-0.98,25.3,74.7
2022-10-01 14:15:00,85.086596366668,0.0,0.0,18.18740742,16.756,53.09333333333333,0,5.1764362714980825,70.66250196097344,14,5,10,-0.4999999999999997,-0.8660254037844388,-0.9749279121818236,-0.2225209339563146,-0.8660254037844386,0.5000000000000001,670.5,611.25,450.2291666666667,7.825,22.4,11.5,53.0,7.425,7.7222905,0.0,17.125,18.252222222,53.73,53.68666666666666,54.24,54.59333333333333,52.74,-1.431407419999999,-0.0325925600000012,-0.2459999999999986,17.002,17.288666666666664,18.201728399555552,16.769555555555556,8.241982,8.356977,8.339225,8.450228,8.218704,0,4.0,0,0.0,-0.99,25.7,74.3
2022-10-01 14:30:00,66.798439105554,0.0,0.0,18.252222222,17.288666666666664,52.74,0,5.1764362714980825,70.66250196097344,14,5,10,-0.4999999999999997,-0.8660254037844388,-0.9749279121818236,-0.2225209339563146,-0.8660254037844386,0.5000000000000001,654.0,650.75,478.5208333333333,7.75,22.5,10.0,53.0,7.65,7.8269777,0.0,17.35,18.40296294133333,53.09333333333333,53.73,53.68666666666666,54.24,51.81333333333334,-0.963555555333336,0.0648148020000007,0.532666666666664,16.756,17.926666666666666,18.219876540666665,17.015555555555554,8.218704,8.241982,8.356977,8.339225,8.146839,0,4.0,0,0.0,-0.98,25.2,74.8
2022-10-01 14:45:00,84.13469009444199,0.0,0.0,18.40296294133333,17.926666666666666,51.81333333333334,0,5.1764362714980825,70.66250196097344,14,5,10,-0.4999999999999997,-0.8660254037844388,-0.9749279121818236,-0.2225209339563146,-0.8660254037844386,0.5000000000000001,637.5,662.25,500.1666666666667,7.675,22.6,8.5,53.0,7.875,7.932892,0.0,17.575,18.364444432000003,52.74,53.09333333333333,53.73,53.68666666666666,51.03,-0.4762962746666659,0.1507407193333314,0.6380000000000017,17.288666666666664,18.327333333333332,18.280864194444444,17.323777777777778,8.146839,8.218704,8.241982,8.356977,8.005363,0,4.0,0,0.0,-0.95,23.9,76.1
2022-10-01 15:00:00,90.036398333336,0.0,0.0,18.364444432000003,18.327333333333332,51.03,0,5.1764362714980825,70.66250196097344,15,5,10,-0.7071067811865471,-0.7071067811865479,-0.9749279121818236,-0.2225209339563146,-0.8660254037844386,0.5000000000000001,621.0,645.75,515.1666666666666,7.6,22.7,7.0,53.0,8.1,8.04005,0.0,17.8,18.444444418666667,51.81333333333334,52.74,53.09333333333333,53.73,51.59333333333333,-0.0371110986666671,-0.0385185093333291,0.4006666666666696,17.926666666666666,19.182,18.339876531777776,17.847555555555555,8.005363,8.146839,8.218704,8.241982,8.13222,0,4.0,0,0.0,-0.96,24.4,75.6
2022-10-01 15:15:00,80.26790032222,0.0,0.0,18.444444418666667,19.182,51.59333333333333,0,5.1764362714980825,70.66250196097344,15,5,10,-0.7071067811865471,-0.7071067811865479,-0.9749279121818236,-0.2225209339563146,-0.8660254037844386,0.5000000000000001,591.5,626.0,530.5416666666666,7.55,22.325,5.25,53.75,8.45,8.214746,0.0,17.925,18.583333348,51.03,51.81333333333334,52.74,53.09333333333333,52.01,0.7375555813333357,0.0799999866666638,0.8546666666666667,18.327333333333332,19.35533333333333,18.40395059733333,18.47866666666667,8.13222,8.005363,8.146839,8.218704,8.265633,0,4.0,0,0.0,-0.94,23.6,76.4
2022-10-01 15:30:00,69.389724366664,0.0,0.0,18.583333348,19.35533333333333,52.01,0,5.1764362714980825,70.66250196097344,15,5,10,-0.7071067811865471,-0.7071067811865479,-0.9749279121818236,-0.2225209339563146,-0.8660254037844386,0.5000000000000001,562.0,603.0,546.2916666666666,7.5,21.95,3.5,54.5,8.8,8.391542,0.0,18.05,18.701481461333334,51.59333333333333,51.03,51.81333333333334,52.74,53.09333333333333,0.7719999853333306,0.1388889293333335,0.1733333333333284,19.182,20.045333333333332,18.464074066222224,18.95488888888889,8.265633,8.13222,8.005363,8.146839,8.497008,0,4.0,0,0.0,-0.9,22.2,77.8
2022-10-01 15:45:00,69.43166708888799,0.0,0.0,18.701481461333334,20.045333333333332,53.09333333333333,0,5.1764362714980825,70.66250196097344,15,5,10,-0.7071067811865471,-0.7071067811865479,-0.9749279121818236,-0.2225209339563146,-0.8660254037844386,0.5000000000000001,532.5,576.75,562.4166666666666,7.45,21.575,1.75,55.25,9.15,8.570457,0.0,18.175,18.69444445,52.01,51.59333333333333,51.03,51.81333333333334,54.72,1.343851872000002,0.1181481133333335,0.6900000000000048,19.35533333333333,20.27733333333333,18.57641974266667,19.527555555555555,8.497008,8.265633,8.13222,8.005363,8.753695,0,4.0,0,0.0,-0.87,20.9,79.1
2022-10-01 16:00:00,63.874111550002,0.0,0.0,18.69444445,20.27733333333333,54.72,0,5.1764362714980825,70.66250196097344,16,5,10,-0.8660254037844385,-0.5000000000000004,-0.9749279121818236,-0.2225209339563146,-0.8660254037844386,0.5000000000000001,503.0,547.25,578.9166666666666,7.4,21.2,0.0,56.0,9.5,8.75151,0.0,18.3,18.67703706,53.09333333333333,52.01,51.59333333333333,51.03,55.0,1.5828888833333323,-0.0070370113333346,0.2319999999999957,20.045333333333332,20.37933333333333,18.659753086444443,19.892666666666667,8.753695,8.497008,8.265633,8.13222,8.789431,0,4.0,0,0.0,-0.86,20.7,79.3
2022-10-01 16:15:00,68.358932166668,0.0,0.0,18.67703706,20.37933333333333,55.0,0,5.1764362714980825,70.66250196097344,16,5,10,-0.8660254037844385,-0.5000000000000004,-0.9749279121818236,-0.2225209339563146,-0.8660254037844386,0.5000000000000001,463.25,515.1875,584.1458333333334,7.0,20.75,0.5,57.25,9.7,8.920341,0.0,18.25,18.72111109,54.72,53.09333333333333,52.01,51.59333333333333,54.75,1.7022962733333316,-0.0174073899999989,0.1020000000000003,20.27733333333333,20.16733333333333,18.690987657111112,20.234,8.789431,8.753695,8.497008,8.265633,8.772323,0,4.0,0,0.0,-0.86,20.8,79.2
2022-10-01 16:30:00,73.22679311110801,0.0,0.0,18.72111109,20.16733333333333,54.75,0,5.1764362714980825,70.66250196097344,16,5,10,-0.8660254037844385,-0.5000000000000004,-0.9749279121818236,-0.2225209339563146,-0.8660254037844386,0.5000000000000001,423.5,480.5625,578.1041666666666,6.6,20.3,1.0,58.5,9.9,9.088085,0.0,18.200000000000003,18.7222222,55.0,54.72,53.09333333333333,52.01,54.5,1.446222243333331,0.0440740300000008,-0.2119999999999997,20.37933333333333,19.71066666666667,18.697530866666668,20.274666666666665,8.772323,8.789431,8.753695,8.497008,8.732838,0,4.0,0,0.0,-0.86,20.5,79.5
2022-10-01 16:45:00,44.146289594446,0.0,0.0,18.7222222,19.71066666666667,54.5,0,5.1764362714980825,70.66250196097344,16,5,10,-0.8660254037844385,-0.5000000000000004,-0.9749279121818236,-0.2225209339563146,-0.8660254037844386,0.5000000000000001,383.75,443.375,560.7916666666666,6.2,19.85,1.5,59.75,10.1,9.254747,0.0,18.15,18.7222222,54.75,55.0,54.72,53.09333333333333,54.5,0.9884444666666674,0.00111111,-0.4566666666666634,20.16733333333333,19.402,18.706790116666667,20.08577777777778,8.732838,8.772323,8.789431,8.753695,8.732838,0,4.0,0,0.0,-0.86,20.5,79.5
2022-10-01 17:00:00,57.541309405554,0.0,0.0,18.7222222,19.402,54.5,0,5.1764362714980825,70.66250196097344,17,5,10,-0.9659258262890684,-0.2588190451025206,-0.9749279121818236,-0.2225209339563146,-0.8660254037844386,0.5000000000000001,344.0,403.625,532.2083333333334,5.8,19.4,2.0,61.0,10.3,9.420327,0.0,18.1,18.7222222,54.5,54.75,55.0,54.72,54.5,0.6797778000000001,0.0,-0.3086666666666673,19.71066666666667,19.432,18.72185183,19.76,8.732838,8.732838,8.772323,8.789431,8.732838,0,4.0,0,0.0,-0.86,20.5,79.5
2022-10-01 17:15:00,57.667137705554,0.0,0.0,18.7222222,19.432,54.5,0,5.1764362714980825,70.66250196097344,17,5,10,-0.9659258262890684,-0.2588190451025206,-0.9749279121818236,-0.2225209339563146,-0.8660254037844386,0.5000000000000001,300.0,362.8125,501.3333333333333,5.95,17.525,2.75,64.0,10.625,9.665437,0.0,17.725,18.72111109,54.5,54.5,54.75,55.0,54.74,0.7097778000000012,0.0,0.0300000000000011,19.402,19.122,18.7222222,19.51488888888889,8.732838,8.732838,8.732838,8.772323,8.7707205,0,4.0,0,0.0,-0.86,20.5,79.5
2022-10-01 17:30:00,43.181883788888,0.0,0.0,18.72111109,19.122,54.74,0,5.1764362714980825,70.66250196097344,17,5,10,-0.9659258262890684,-0.2588190451025206,-0.9749279121818236,-0.2225209339563146,-0.8660254037844386,0.5000000000000001,256.0,320.9375,468.1666666666667,6.1,15.65,3.5,67.0,10.95,9.894482,0.0,17.35,18.68740742,54.5,54.5,54.5,54.75,54.59333333333333,0.400888909999999,-0.00111111,-0.3100000000000023,19.432,18.508,18.72185183,19.31866666666667,8.7707205,8.732838,8.732838,8.732838,8.729796,0,4.0,0,0.0,-0.86,20.5,79.5
2022-10-01 17:45:00,49.174699633332,0.0,0.0,18.68740742,18.508,54.59333333333333,0,5.1764362714980825,70.66250196097344,17,5,10,-0.9659258262890684,-0.2588190451025206,-0.9749279121818236,-0.2225209339563146,-0.8660254037844386,0.5000000000000001,212.0,278.0,432.7083333333333,6.25,13.775,4.25,70.0,11.275,10.107973,0.0,16.975,18.71999998,54.74,54.5,54.5,54.5,54.75,-0.1794074200000004,-0.0337036700000012,-0.6140000000000008,19.122,17.970000000000002,18.71024690333333,19.020666666666667,8.729796,8.7707205,8.732838,8.732838,8.771744,0,4.0,0,0.0,-0.86,20.8,79.2
2022-10-01 18:00:00,57.485756094442,0.0,0.0,18.71999998,17.970000000000002,54.75,0,5.1764362714980825,70.66250196097344,18,5,10,-1.0,-1.8369701987210294e-16,-0.9749279121818236,-0.2225209339563146,-0.8660254037844386,0.5000000000000001,168.0,234.0,394.9583333333333,6.4,11.9,5.0,73.0,11.6,10.306416,0.0,16.6,18.67703706,54.59333333333333,54.74,54.5,54.5,55.0,-0.7499999799999983,0.0325925600000012,-0.5379999999999967,18.508,17.615333333333336,18.709506163333334,18.53333333333333,8.771744,8.729796,8.7707205,8.732838,8.789431,0,4.0,0,0.0,-0.86,20.5,79.5
2022-10-01 18:15:00,40.026732166668,0.0,0.0,18.67703706,17.615333333333336,55.0,0,5.1764362714980825,70.66250196097344,18,5,10,-1.0,-1.8369701987210294e-16,-0.9749279121818236,-0.2225209339563146,-0.8660254037844386,0.5000000000000001,132.25,192.0625,356.6875,8.05,14.325,6.75,74.0,11.275,10.091644,0.0,16.025000000000002,18.6666667,54.75,54.59333333333333,54.74,54.5,54.75,-1.0617037266666642,-0.0429629200000007,-0.3546666666666667,17.970000000000002,17.27,18.69481482,18.031111111111112,8.789431,8.771744,8.729796,8.7707205,8.744111,0,4.0,0,0.0,-0.86,20.8,79.2
2022-10-01 18:30:00,54.337548727774,0.0,0.0,18.6666667,17.27,54.75,0,5.1764362714980825,70.66250196097344,18,5,10,-1.0,-1.8369701987210294e-16,-0.9749279121818236,-0.2225209339563146,-0.8660254037844386,0.5000000000000001,96.5,152.1875,317.8958333333333,9.7,16.75,8.5,75.0,10.95,9.8779745,0.0,15.45,18.6666667,55.0,54.75,54.59333333333333,54.74,54.406666666666666,-1.3966667000000008,-0.0103703599999995,-0.3453333333333361,17.615333333333336,17.026666666666667,18.687901246666662,17.618444444444446,8.744111,8.789431,8.771744,8.729796,8.689278,0,4.0,0,0.0,-0.87,20.9,79.1
2022-10-01 18:45:00,61.088945311108,0.0,0.0,18.6666667,17.026666666666667,54.406666666666666,0,5.1764362714980825,70.66250196097344,18,5,10,-1.0,-1.8369701987210294e-16,-0.9749279121818236,-0.2225209339563146,-0.8660254037844386,0.5000000000000001,60.75,114.375,278.5833333333333,11.35,19.175,10.25,76.0,10.625,9.665566,0.0,14.875000000000002,18.665555588,54.75,55.0,54.75,54.59333333333333,54.01,-1.640000033333333,0.0,-0.2433333333333323,17.27,16.704666666666665,18.670123486666665,17.304000000000002,8.689278,8.744111,8.789431,8.771744,8.625359,0,4.0,0,0.0,-0.87,21.0,79.0
2022-10-01 19:00:00,45.680117288884,0.0,0.0,18.665555588,16.704666666666665,54.01,0,5.1764362714980825,70.66250196097344,19,5,10,-0.9659258262890684,0.2588190451025203,-0.9749279121818236,-0.2225209339563146,-0.8660254037844386,0.5000000000000001,25.0,78.625,238.75,13.0,21.6,12.0,77.0,10.3,9.454568,0.0,14.3,18.621481478666663,54.406666666666666,54.75,55.0,54.75,54.0,-1.960888921333336,-0.0011111120000002,-0.3220000000000027,17.026666666666667,16.369333333333334,18.66629632933333,17.000444444444444,8.625359,8.689278,8.744111,8.789431,8.601294,0,4.0,0,0.0,-0.87,21.1,78.9
2022-10-01 19:15:00,63.53579196666,0.0,0.0,18.621481478666663,16.369333333333334,54.0,0,5.1764362714980825,70.66250196097344,19,5,10,-0.9659258262890684,0.2588190451025203,-0.9749279121818236,-0.2225209339563146,-0.8660254037844386,0.5000000000000001,18.75,50.25,201.70833333333331,12.375,21.950000000000003,11.0,77.25,9.95,9.241083,0.0,13.875,18.637777788,54.01,54.406666666666666,54.75,55.0,53.99,-2.252148145333333,-0.0440741093333336,-0.335333333333331,16.704666666666665,16.052,18.651234588888887,16.700222222222223,8.601294,8.625359,8.689278,8.744111,8.608001,0,4.0,0,0.0,-0.88,21.5,78.5
2022-10-01 19:30:00,66.011248377776,0.0,0.0,18.637777788,16.052,53.99,0,5.1764362714980825,70.66250196097344,19,5,10,-0.9659258262890684,0.2588190451025203,-0.9749279121818236,-0.2225209339563146,-0.8660254037844386,0.5000000000000001,12.5,29.25,167.45833333333334,11.75,22.3,10.0,77.5,9.6,9.031522,0.0,13.45,18.621481478666663,54.0,54.01,54.406666666666666,54.75,53.59333333333333,-2.585777788000001,0.0162963093333345,-0.3173333333333339,16.369333333333334,15.8,18.641604951555557,16.37533333333333,8.608001,8.601294,8.625359,8.689278,8.536517,0,4.0,0,0.0,-0.88,21.3,78.7
2022-10-01 19:45:00,72.952915116666,0.0,0.0,18.621481478666663,15.8,53.59333333333333,0,5.1764362714980825,70.66250196097344,19,5,10,-0.9659258262890684,0.2588190451025203,-0.9749279121818236,-0.2225209339563146,-0.8660254037844386,0.5000000000000001,6.25,15.625,136.0,11.125,22.65,9.0,77.75,9.25,8.825835,0.0,13.025,18.58333335,53.99,54.0,54.01,54.406666666666666,53.49,-2.8214814786666658,-0.0162963093333345,-0.2519999999999989,16.052,15.560666666666666,18.62691358177777,16.073777777777778,8.536517,8.608001,8.601294,8.625359,8.50084,0,4.0,0,0.0,-0.89,21.6,78.4
2022-10-01 20:00:00,84.812996311108,0.0,0.0,18.58333335,15.560666666666666,53.49,0,5.1764362714980825,70.66250196097344,20,5,10,-0.8660254037844386,0.5000000000000001,-0.9749279121818236,-0.2225209339563146,-0.8660254037844386,0.5000000000000001,0.0,9.375,107.33333333333331,10.5,23.0,8.0,78.0,8.9,8.623965,0.0,12.6,18.5555556,53.59333333333333,53.99,54.0,54.01,53.09333333333333,-3.0226666833333304,-0.0381481286666698,-0.2393333333333345,15.8,15.444,18.614197538888888,15.804222222222222,8.50084,8.536517,8.608001,8.601294,8.423932,0,4.0,0,0.0,-0.89,21.9,78.1
2022-10-01 20:15:00,75.547533627774,0.0,0.0,18.5555556,15.444,53.09333333333333,0,5.1764362714980825,70.66250196097344,20,5,10,-0.8660254037844386,0.5000000000000001,-0.9749279121818236,-0.2225209339563146,-0.8660254037844386,0.5000000000000001,0.0,4.6875,82.33333333333333,10.325,21.575,17.25,78.0,8.825,8.570552,0.0,12.5,18.5555556,53.49,53.59333333333333,53.99,54.0,53.0,-3.111555600000002,-0.0277777499999949,-0.1166666666666671,15.560666666666666,15.372666666666667,18.58679014288889,15.601555555555557,8.423932,8.50084,8.536517,8.608001,8.409123,0,4.0,0,0.0,-0.9,22.2,77.8
2022-10-01 20:30:00,68.40948576111,0.0,0.0,18.5555556,15.372666666666667,53.0,0,5.1764362714980825,70.66250196097344,20,5,10,-0.8660254037844386,0.5000000000000001,-0.9749279121818236,-0.2225209339563146,-0.8660254037844386,0.5000000000000001,0.0,1.5625,61.0,10.15,20.15,26.5,78.0,8.75,8.51743,0.0,12.4,18.5555556,53.09333333333333,53.49,53.59333333333333,53.99,53.0,-3.1828889333333343,0.0,-0.0713333333333317,15.444,15.260666666666667,18.56481485,15.459111111111111,8.409123,8.423932,8.50084,8.536517,8.409123,0,4.0,0,0.0,-0.9,22.3,77.7
2022-10-01 20:45:00,65.881809172218,0.0,0.0,18.5555556,15.260666666666667,53.0,0,5.1764362714980825,70.66250196097344,20,5,10,-0.8660254037844386,0.5000000000000001,-0.9749279121818236,-0.2225209339563146,-0.8660254037844386,0.5000000000000001,0.0,0.0,43.333333333333336,9.975,18.725,35.75,78.0,8.675,8.464592,0.0,12.3,18.5555556,53.0,53.09333333333333,53.49,53.59333333333333,52.75,-3.2948889333333344,0.0,-0.1120000000000001,15.372666666666667,14.932666666666668,18.5555556,15.359111111111112,8.409123,8.409123,8.423932,8.50084,8.369457,0,4.0,0,0.0,-0.9,22.3,77.7
2022-10-01 21:00:00,71.06660173888599,0.0,0.0,18.5555556,14.932666666666668,52.75,0,5.1764362714980825,70.66250196097344,21,5,10,-0.7071067811865477,0.7071067811865474,-0.9749279121818236,-0.2225209339563146,-0.8660254037844386,0.5000000000000001,0.0,0.0,29.33333333333333,9.8,17.3,45.0,78.0,8.6,8.412041,0.0,12.2,18.5555556,53.0,53.0,53.09333333333333,53.49,52.5,-3.622888933333334,0.0,-0.3279999999999994,15.260666666666667,14.566,18.5555556,15.188666666666668,8.369457,8.409123,8.409123,8.423932,8.329792,0,4.0,0,0.0,-0.91,22.3,77.7
2022-10-01 21:15:00,461.728474605554,0.0,0.0,18.5555556,14.566,52.5,0,5.1764362714980825,70.66250196097344,21,5,10,-0.7071067811865477,0.7071067811865474,-0.9749279121818236,-0.2225209339563146,-0.8660254037844386,0.5000000000000001,0.0,0.0,18.3125,9.125,17.025,50.5,78.25,8.575,8.412748,0.0,12.15,18.5555556,52.75,53.0,53.0,53.09333333333333,52.49,-3.989555600000001,0.0,-0.3666666666666671,14.932666666666668,14.314,18.5555556,14.91977777777778,8.329792,8.369457,8.409123,8.409123,8.328206,0,4.0,0,0.0,-0.91,22.4,77.6
2022-10-01 21:30:00,64.25826313332401,0.0,0.0,18.5555556,14.314,52.49,0,5.1764362714980825,70.66250196097344,21,5,10,-0.7071067811865477,0.7071067811865474,-0.9749279121818236,-0.2225209339563146,-0.8660254037844386,0.5000000000000001,0.0,0.0,10.270833333333334,8.45,16.75,56.0,78.5,8.55,8.413361,0.0,12.1,18.5555556,52.5,52.75,53.0,53.0,52.075,-4.241555600000002,0.0,-0.2520000000000006,14.566,14.117142857142856,18.5555556,14.604222222222225,8.328206,8.329792,8.369457,8.409123,8.262361,0,4.0,0,0.0,-0.91,22.4,77.6
2022-10-01 21:45:00,72.10156032222,0.0,0.0,18.5555556,14.117142857142856,52.075,0,5.1764362714980825,70.66250196097344,21,5,10,-0.7071067811865477,0.7071067811865474,-0.9749279121818236,-0.2225209339563146,-0.8660254037844386,0.5000000000000001,0.0,0.0,5.208333333333333,7.775,16.475,61.5,78.75,8.525,8.4138775,0.0,12.05,18.5555556,52.49,52.5,52.75,53.0,52.0,-4.438412742857146,0.0,-0.1968571428571444,14.314,13.92,18.5555556,14.332380952380952,8.262361,8.328206,8.329792,8.369457,8.25046,0,4.0,0,0.0,-0.91,22.4,77.6
2022-10-01 22:00:00,61.114222183326,0.0,0.0,18.5555556,13.92,52.0,0,5.1764362714980825,70.66250196097344,22,5,10,-0.5000000000000004,0.8660254037844384,-0.9749279121818236,-0.2225209339563146,-0.8660254037844386,0.5000000000000001,0.0,0.0,3.125,7.1,16.2,67.0,79.0,8.5,8.414298,0.0,12.0,18.54518522133333,52.075,52.49,52.5,52.75,52.0,-4.635555600000002,0.0,-0.1971428571428557,14.117142857142856,13.816666666666666,18.5555556,14.117047619047618,8.25046,8.262361,8.328206,8.329792,8.245393,0,4.0,0,0.0,-0.91,22.5,77.5
2022-10-01 22:15:00,55.2202911,0.0,0.0,18.54518522133333,13.816666666666666,52.0,0,5.1764362714980825,70.66250196097344,22,5,10,-0.5000000000000004,0.8660254037844384,-0.9749279121818236,-0.2225209339563146,-0.8660254037844386,0.5000000000000001,0.0,0.0,1.5625,7.475,15.475,75.25,79.25,8.475,8.401501,0.0,11.925,18.501111112,52.0,52.075,52.49,52.5,52.0,-4.728518554666668,-0.0103703786666677,-0.1033333333333335,13.92,13.734666666666667,18.55209880711111,13.95126984126984,8.245393,8.25046,8.262361,8.328206,8.223894,0,4.0,0,0.0,-0.91,22.6,77.4
2022-10-01 22:30:00,64.671857638882,0.0,0.0,18.501111112,13.734666666666667,52.0,0,5.1764362714980825,70.66250196097344,22,5,10,-0.5000000000000004,0.8660254037844384,-0.9749279121818236,-0.2225209339563146,-0.8660254037844386,0.5000000000000001,0.0,0.0,0.5208333333333334,7.85,14.75,83.5,79.5,8.45,8.388615,0.0,11.85,18.48962962133333,52.0,52.0,52.075,52.49,52.0,-4.766444445333333,-0.0440741093333336,-0.0819999999999989,13.816666666666666,13.532666666666668,18.533950644444445,13.823777777777778,8.223894,8.245393,8.25046,8.262361,8.218301,0,4.0,0,0.0,-0.92,23.0,77.0
2022-10-01 22:45:00,60.510079566664,0.0,0.0,18.48962962133333,13.532666666666668,52.0,0,5.1764362714980825,70.66250196097344,22,5,10,-0.5000000000000004,0.8660254037844384,-0.9749279121818236,-0.2225209339563146,-0.8660254037844386,0.5000000000000001,0.0,0.0,0.0,8.225,14.025,91.75,79.75,8.425,8.375643,0.0,11.775,18.445555512,52.0,52.0,52.0,52.075,52.01,-4.956962954666665,-0.011481490666668,-0.2019999999999999,13.734666666666667,13.329333333333333,18.511975318222223,13.694666666666668,8.218301,8.223894,8.245393,8.25046,8.198437,0,4.0,0,0.0,-0.92,23.1,76.9
2022-10-01 23:00:00,67.116759705554,0.0,0.0,18.445555512,13.329333333333333,52.01,0,5.1764362714980825,70.66250196097344,23,5,10,-0.2588190451025215,0.965925826289068,-0.9749279121818236,-0.2225209339563146,-0.8660254037844386,0.5000000000000001,0.0,0.0,0.0,8.6,13.3,100.0,80.0,8.4,8.362584,0.0,11.7,18.4444444,52.0,52.0,52.0,52.0,52.425,-5.116222178666666,-0.0440741093333336,-0.2033333333333349,13.532666666666668,13.07,18.478765415111116,13.532222222222222,8.198437,8.218301,8.223894,8.245393,8.263309,0,4.0,0,0.0,-0.94,23.5,76.5
2022-10-01 23:15:00,72.306274399996,0.0,0.0,18.4444444,13.07,52.425,0,5.1764362714980825,70.66250196097344,23,5,10,-0.2588190451025215,0.965925826289068,-0.9749279121818236,-0.2225209339563146,-0.8660254037844386,0.5000000000000001,0.0,0.0,0.0,8.5,13.475,100.0,80.0,8.375,8.349515,0.0,11.675,18.4444444,52.01,52.0,52.0,52.0,52.5,-5.3744444,-0.0011111120000002,-0.2593333333333341,13.329333333333333,12.934666666666669,18.45987651111111,13.310666666666664,8.263309,8.198437,8.218301,8.223894,8.275129,0,4.0,0,0.0,-0.93,23.4,76.6
2022-10-01 23:30:00,55.739992677772,0.0,0.0,18.4444444,12.934666666666669,52.5,0,5.1764362714980825,70.66250196097344,23,5,10,-0.2588190451025215,0.965925826289068,-0.9749279121818236,-0.2225209339563146,-0.8660254037844386,0.5000000000000001,0.0,0.0,0.0,8.399999999999999,13.65,100.0,80.0,8.350000000000001,8.336464,0.0,11.65,18.43407404,52.425,52.01,52.0,52.0,52.5,-5.509777733333332,0.0,-0.1353333333333317,13.07,12.903333333333334,18.444814770666664,13.111333333333334,8.275129,8.263309,8.198437,8.218301,8.270045,0,4.0,0,0.0,-0.93,23.4,76.6
2022-10-01 23:45:00,66.6939988,0.0,0.0,18.43407404,12.903333333333334,52.5,0,5.1764362714980825,70.66250196097344,23,5,10,-0.2588190451025215,0.965925826289068,-0.9749279121818236,-0.2225209339563146,-0.8660254037844386,0.5000000000000001,0.0,0.0,0.0,8.299999999999999,13.825,100.0,80.0,8.325000000000001,8.32343,0.0,11.625,18.3904762,52.5,52.425,52.01,52.0,52.51428571428572,-5.5307407066666645,-0.0103703599999995,-0.0313333333333325,12.934666666666669,12.911428571428573,18.44098761333333,12.969333333333331,8.270045,8.275129,8.263309,8.198437,8.250941,0,4.0,0,0.0,-0.94,23.5,76.5
2022-10-02 00:00:00,36.951299655556,0.0,0.0,18.3904762,12.911428571428573,52.51428571428572,0,5.1764362714980825,70.66250196097344,0,6,10,0.0,1.0,-0.7818314824680299,0.6234898018587334,-0.8660254037844386,0.5000000000000001,0.0,0.0,0.0,8.2,14.0,100.0,80.0,8.3,8.310414,0.0,11.6,18.3888889,52.5,52.5,52.425,52.01,52.9,-5.479047628571427,-0.0435978400000003,0.0080952380952368,12.903333333333334,12.86,18.422998213333333,12.916476190476187,8.250941,8.270045,8.275129,8.263309,8.3107605,0,4.0,0,0.0,-0.95,23.9,76.1
2022-10-02 00:15:00,31.381800327774,0.0,0.0,18.3888889,12.86,52.9,0,5.1764362714980825,70.66250196097344,0,6,10,0.0,1.0,-0.7818314824680299,0.6234898018587334,-0.8660254037844386,0.5000000000000001,0.0,0.0,0.0,8.799999999999999,14.9,100.0,80.75,8.25,8.296861,0.0,11.425,18.3888889,52.51428571428572,52.5,52.5,52.425,53.0,-5.528888900000002,-0.001587299999997,-0.0514285714285716,12.911428571428573,12.82090909090909,18.40447971333333,12.891587301587302,8.3107605,8.250941,8.270045,8.275129,8.326469,0,4.0,0,0.0,-0.94,23.8,76.2
2022-10-02 00:30:00,51.331835594442,0.0,0.0,18.3888889,12.82090909090909,53.0,0,5.1764362714980825,70.66250196097344,0,6,10,0.0,1.0,-0.7818314824680299,0.6234898018587334,-0.8660254037844386,0.5000000000000001,0.0,0.0,0.0,9.4,15.8,100.0,81.5,8.2,8.282485,0.0,11.25,18.39925926,52.9,52.51428571428572,52.5,52.5,53.0,-5.567979809090911,0.0,-0.039090909090909,12.86,12.734,18.389418,12.864112554112552,8.326469,8.3107605,8.250941,8.270045,8.331593,0,4.0,0,0.0,-0.94,23.8,76.2
2022-10-02 00:45:00,76.358612150002,0.0,0.0,18.39925926,12.734,53.0,0,5.1764362714980825,70.66250196097344,0,6,10,0.0,1.0,-0.7818314824680299,0.6234898018587334,-0.8660254037844386,0.5000000000000001,0.0,0.0,0.0,10.0,16.700000000000003,100.0,82.25,8.15,8.267304,0.0,11.075,18.469999978,53.0,52.9,52.51428571428572,52.5,53.0,-5.665259260000001,0.0103703599999995,-0.0869090909090903,12.82090909090909,12.487333333333334,18.39234568666667,12.804969696969698,8.331593,8.326469,8.3107605,8.250941,8.366605,0,4.0,0,0.0,-0.94,23.7,76.3
2022-10-02 01:00:00,45.043198316662,0.0,0.0,18.469999978,12.487333333333334,53.0,0,5.1764362714980825,70.66250196097344,1,6,10,0.2588190451025207,0.9659258262890684,-0.7818314824680299,0.6234898018587334,-0.8660254037844386,0.5000000000000001,0.0,0.0,0.0,10.6,17.6,100.0,83.0,8.1,8.251339,0.0,10.9,18.382222202666664,53.0,53.0,52.9,52.51428571428572,52.906666666666666,-5.982666644666663,0.0707407179999961,-0.2466666666666661,12.734,12.314,18.419382712666668,12.680747474747475,8.366605,8.331593,8.326469,8.3107605,8.308521,0,4.0,0,0.0,-0.92,23.0,77.0
2022-10-02 01:15:00,555.8058225444399,0.0,0.0,18.382222202666664,12.314,52.906666666666666,0,5.1764362714980825,70.66250196097344,1,6,10,0.2588190451025207,0.9659258262890684,-0.7818314824680299,0.6234898018587334,-0.8660254037844386,0.5000000000000001,0.0,0.0,0.0,10.475,17.6,100.0,83.5,8.1,8.248924,0.0,10.8,17.802222264,53.0,53.0,53.0,52.9,52.78,-6.068222202666664,-0.0877777753333326,-0.1733333333333337,12.487333333333334,12.142,18.417160480222226,12.51177777777778,8.308521,8.366605,8.331593,8.326469,8.007736,0,4.0,0,0.0,-0.95,23.9,76.1
2022-10-02 01:30:00,1265.04634062222,0.0,0.0,17.802222264,12.142,52.78,0,5.1764362714980825,70.66250196097344,1,6,10,0.2588190451025207,0.9659258262890684,-0.7818314824680299,0.6234898018587334,-0.8660254037844386,0.5000000000000001,0.0,0.0,0.0,10.35,17.6,100.0,84.0,8.1,8.246172,0.0,10.7,17.062222234666667,52.906666666666666,53.0,53.0,53.0,54.0,-5.6602222640000015,-0.5799999386666634,-0.1720000000000006,12.314,11.906,18.218148148222223,12.314444444444442,8.007736,8.308521,8.366605,8.331593,7.8384566,0,4.0,0,0.0,-1.08,29.8,70.2
2022-10-02 01:45:00,1296.048155933336,34.485009444444,34.489731538886,17.062222234666667,11.906,54.0,1,5.1764362714980825,70.66250196097344,1,6,10,0.2588190451025207,0.9659258262890684,-0.7818314824680299,0.6234898018587334,-0.8660254037844386,0.5000000000000001,0.0,0.0,0.0,10.225,17.6,100.0,84.5,8.1,8.243089,0.0,10.6,16.940873020714285,52.78,52.906666666666666,53.0,53.0,54.96785714285714,-5.156222234666666,-0.7400000293333342,-0.2359999999999988,12.142,11.725714285714286,17.748888900444445,12.120666666666668,7.8384566,8.007736,8.308521,8.366605,7.921107,0,3.0,1,0.25,-1.26,38.2,61.8
2022-10-02 02:00:00,1198.913708249998,45.702338483334,45.709004949998,16.940873020714285,11.725714285714286,54.96785714285714,1,5.1764362714980825,70.66250196097344,2,6,10,0.4999999999999999,0.8660254037844387,-0.7818314824680299,0.6234898018587334,-0.8660254037844386,0.5000000000000001,0.0,0.0,0.0,10.1,17.6,100.0,85.0,8.1,8.239673,0.0,10.5,16.965185157333334,54.0,52.78,52.906666666666666,53.0,54.68666666666666,-5.215158734999999,-0.1213492139523815,-0.1802857142857146,11.906,11.736666666666668,17.268439173126986,11.924571428571427,7.921107,7.8384566,8.007736,8.308521,7.8920865,0,2.0,0,0.5,-1.29,39.5,60.5
2022-10-02 02:15:00,992.24558642222,26.912534572222,26.917812227774,16.965185157333334,11.736666666666668,54.68666666666666,1,5.1764362714980825,70.66250196097344,2,6,10,0.4999999999999999,0.8660254037844387,-0.7818314824680299,0.6234898018587334,-0.8660254037844386,0.5000000000000001,0.0,0.0,0.0,10.3,18.5,100.0,85.25,8.175,8.290045,0.0,10.55,16.989898989090907,54.96785714285714,54.0,52.78,52.906666666666666,54.75909090909091,-5.228518490666666,0.0243121366190486,0.0109523809523821,11.725714285714286,11.741818181818182,16.989426804238096,11.789460317460318,7.8920865,7.921107,7.8384566,8.007736,7.914259,0,1.0,0,0.75,-1.28,39.3,60.7
2022-10-02 02:30:00,77.637172272218,36.2393837,36.242716949998,16.989898989090907,11.741818181818182,54.75909090909091,1,5.1764362714980825,70.66250196097344,2,6,10,0.4999999999999999,0.8660254037844387,-0.7818314824680299,0.6234898018587334,-0.8660254037844386,0.5000000000000001,0.0,0.0,0.0,10.5,19.4,100.0,85.5,8.25,8.34064,0.0,10.6,16.971825357857142,54.68666666666666,54.96785714285714,54.0,52.78,54.6,-5.248080807272725,0.0247138317575732,0.005151515151514,11.736666666666668,11.691428571428572,16.965319055712843,11.734733044733046,7.914259,7.8920865,7.921107,7.8384566,7.882717,0,0.0,0,1.0,-1.27,39.0,61.0
2022-10-02 02:45:00,112.653271588884,72.202389572222,72.208222705554,16.971825357857142,11.691428571428572,54.6,2,5.1764362714980825,70.66250196097344,2,6,10,0.4999999999999999,0.8660254037844387,-0.7818314824680299,0.6234898018587334,-0.8660254037844386,0.5000000000000001,0.0,0.0,0.0,10.7,20.3,100.0,85.75,8.325,8.391462,0.0,10.65,17.078888856,54.75909090909091,54.68666666666666,54.96785714285714,54.0,54.99,-5.28039678642857,-0.018073631233765,-0.0503896103896099,11.741818181818182,11.590666666666667,16.97563650142713,11.723304473304474,7.882717,7.914259,7.8920865,7.921107,7.9901395,0,0.0,1,1.0,-1.28,39.2,60.8
2022-10-02 03:00:00,73.989262777768,17.0526512,17.058762138886,17.078888856,11.590666666666667,54.99,1,5.1764362714980825,70.66250196097344,3,6,10,0.7071067811865476,0.7071067811865476,-0.7818314824680299,0.6234898018587334,-0.8660254037844386,0.5000000000000001,0.0,0.0,0.0,10.9,21.2,100.0,86.0,8.4,8.44251,0.0,10.7,17.031111098666667,54.6,54.75909090909091,54.68666666666666,54.96785714285714,55.09333333333333,-5.488222189333332,0.1070634981428568,-0.1007619047619048,11.691428571428572,11.386,17.013537734316014,11.67463780663781,7.9901395,7.882717,7.914259,7.8920865,7.9822655,0,0.0,1,1.0,-1.25,37.8,62.2
2022-10-02 03:15:00,114.420978527778,62.980258472222,62.986924905554,17.031111098666667,11.386,55.09333333333333,1,5.1764362714980825,70.66250196097344,3,6,10,0.7071067811865476,0.7071067811865476,-0.7818314824680299,0.6234898018587334,-0.8660254037844386,0.5000000000000001,0.0,0.0,0.0,10.825,21.3,100.0,86.0,8.35,8.402661,0.0,10.625,17.079999968,54.99,54.6,54.75909090909091,54.68666666666666,55.25,-5.645111098666668,-0.047777757333332,-0.2046666666666681,11.590666666666667,11.263333333333332,17.027275104174603,11.556031746031747,7.9822655,7.9901395,7.882717,7.914259,8.028454,0,0.0,0,1.0,-1.26,38.4,61.6
2022-10-02 03:30:00,82.58669648333,39.970067783334,39.976734233332,17.079999968,11.263333333333332,55.25,1,5.1764362714980825,70.66250196097344,3,6,10,0.7071067811865476,0.7071067811865476,-0.7818314824680299,0.6234898018587334,-0.8660254037844386,0.5000000000000001,0.0,0.0,0.0,10.75,21.4,100.0,86.0,8.3,8.362978,0.0,10.55,17.072592594666666,55.09333333333333,54.99,54.6,54.75909090909091,55.31333333333334,-5.816666634666667,0.0488888693333322,-0.1226666666666673,11.386,11.203333333333337,17.063333307555556,11.413333333333332,8.028454,7.9822655,7.9901395,7.882717,8.034088,0,0.0,0,1.0,-1.25,37.7,62.3
2022-10-02 03:45:00,151.352556855552,99.025205516666,99.031316405554,17.072592594666666,11.203333333333337,55.31333333333334,2,5.1764362714980825,70.66250196097344,3,6,10,0.7071067811865476,0.7071067811865476,-0.7818314824680299,0.6234898018587334,-0.8660254037844386,0.5000000000000001,0.0,0.0,0.0,10.675,21.5,100.0,86.0,8.25,8.323455,0.0,10.475,17.15888892,55.25,55.09333333333333,54.99,54.6,55.02,-5.869259261333331,-0.0074073733333328,-0.0599999999999969,11.263333333333332,11.153333333333334,17.061234553777776,11.28422222222222,8.034088,8.028454,7.9822655,7.9901395,8.032902,0,0.0,1,1.0,-1.25,37.8,62.2
2022-10-02 04:00:00,73.154295977776,20.932218227778,20.93749588333,17.15888892,11.153333333333334,55.02,1,5.1764362714980825,70.66250196097344,4,6,10,0.8660254037844386,0.5000000000000001,-0.7818314824680299,0.6234898018587334,-0.8660254037844386,0.5000000000000001,0.0,0.0,0.0,10.6,21.6,100.0,86.0,8.2,8.284097,0.0,10.4,17.058518490666668,55.31333333333334,55.25,55.09333333333333,54.99,55.31333333333334,-6.005555586666665,0.0862963253333326,-0.0500000000000007,11.203333333333337,11.057333333333334,17.103827160888887,11.206666666666669,8.032902,8.034088,8.028454,7.9822655,8.027315,0,0.0,1,1.0,-1.23,36.8,63.2
2022-10-02 04:15:00,135.224313011112,87.70954701111201,87.716768972222,17.058518490666668,11.057333333333334,55.31333333333334,2,5.1764362714980825,70.66250196097344,4,6,10,0.8660254037844386,0.5000000000000001,-0.7818314824680299,0.6234898018587334,-0.8660254037844386,0.5000000000000001,0.0,0.0,0.0,10.725,21.6,100.0,83.75,7.674999999999999,8.003832,0.0,10.275,17.186666672,55.02,55.31333333333334,55.25,55.09333333333333,54.76,-6.0011851573333335,-0.1003704293333314,-0.096,11.153333333333334,10.956,17.096666668444445,11.138,8.027315,8.032902,8.034088,8.028454,8.008248,0,0.0,1,1.0,-1.26,38.0,62.0
2022-10-02 04:30:00,84.934102433336,40.767535883334,40.773091294442,17.186666672,10.956,54.76,1,5.1764362714980825,70.66250196097344,4,6,10,0.8660254037844386,0.5000000000000001,-0.7818314824680299,0.6234898018587334,-0.8660254037844386,0.5000000000000001,0.0,0.0,0.0,10.85,21.6,100.0,81.5,7.15,7.7274046,0.0,10.15,17.086666698666665,55.31333333333334,55.02,55.31333333333334,55.25,54.31333333333334,-6.230666672000002,0.1281481813333336,-0.1013333333333346,11.057333333333334,11.004,17.13469136088889,11.055555555555555,8.008248,8.027315,8.032902,8.034088,7.8954954,0,0.0,1,1.0,-1.23,36.5,63.5
2022-10-02 04:45:00,124.468076644444,68.7455834,68.75224984999801,17.086666698666665,11.004,54.31333333333334,1,5.1764362714980825,70.66250196097344,4,6,10,0.8660254037844386,0.5000000000000001,-0.7818314824680299,0.6234898018587334,-0.8660254037844386,0.5000000000000001,0.0,0.0,0.0,10.975,21.6,100.0,79.25,6.625,7.4547787,0.0,10.025,17.032222196,54.76,55.31333333333334,55.02,55.31333333333334,53.51,-6.0826666986666655,-0.0999999733333361,0.048,10.956,10.924,17.11061728711111,11.005777777777778,7.8954954,8.008248,8.027315,8.032902,7.7533774,0,0.0,0,1.0,-1.25,37.9,62.1
2022-10-02 05:00:00,126.431331477776,79.1476673,79.154333749998,17.032222196,10.924,53.51,2,5.1764362714980825,70.66250196097344,5,6,10,0.9659258262890684,0.2588190451025207,-0.7818314824680299,0.6234898018587334,-0.8660254037844386,0.5000000000000001,0.0,0.0,0.0,11.1,21.6,100.0,77.0,6.1,7.185915,0.0,9.9,17.13925924533333,54.31333333333334,54.76,55.31333333333334,55.02,52.81333333333334,-6.108222195999998,-0.0544445026666657,-0.0799999999999983,11.004,10.77,17.101851855555555,10.961333333333334,7.7533774,7.8954954,8.008248,8.027315,7.7016697,0,0.0,1,1.0,-1.27,38.7,61.3
2022-10-02 05:15:00,85.671573099996,48.046966944444,48.052800111108,17.13925924533333,10.77,52.81333333333334,1,5.1764362714980825,70.66250196097344,5,6,10,0.9659258262890684,0.2588190451025207,-0.7818314824680299,0.6234898018587334,-0.8660254037844386,0.5000000000000001,0.0,0.0,0.0,10.9,21.775,99.75,74.5,5.449999999999999,6.897633,0.0,9.775,17.173333363999998,53.51,54.31333333333334,54.76,55.31333333333334,51.76,-6.36925924533333,0.1070370493333321,-0.1539999999999999,10.924,10.557333333333334,17.08604938,10.899333333333333,7.7016697,7.7533774,7.8954954,8.008248,7.563482,0,0.0,1,1.0,-1.25,37.6,62.4
2022-10-02 05:30:00,176.60654663888602,122.225110816666,122.233721555556,17.173333363999998,10.557333333333334,51.76,2,5.1764362714980825,70.66250196097344,5,6,10,0.9659258262890684,0.2588190451025207,-0.7818314824680299,0.6234898018587334,-0.8660254037844386,0.5000000000000001,0.0,0.0,0.0,10.7,21.950000000000003,99.5,72.0,4.8,6.613407,0.0,9.65,17.340740725333333,52.81333333333334,53.51,54.31333333333334,54.76,51.09333333333333,-6.616000030666664,0.0340741186666662,-0.2126666666666672,10.77,10.384,17.114938268444444,10.750444444444446,7.563482,7.7016697,7.7533774,7.8954954,7.541228,0,0.0,1,1.0,-1.24,37.4,62.6
2022-10-02 05:45:00,75.596698411104,27.383904616666,27.389460011108,17.340740725333333,10.384,51.09333333333333,1,5.1764362714980825,70.66250196097344,5,6,10,0.9659258262890684,0.2588190451025207,-0.7818314824680299,0.6234898018587334,-0.8660254037844386,0.5000000000000001,0.0,0.0,0.0,10.5,22.125,99.25,69.5,4.15,6.3331966,0.0,9.525,17.231111136,51.76,52.81333333333334,53.51,54.31333333333334,50.76,-6.956740725333335,0.1674073613333355,-0.1733333333333355,10.557333333333334,9.973333333333333,17.217777778222224,10.570444444444446,7.541228,7.563482,7.7016697,7.7533774,7.443055,0,0.0,1,1.0,-1.21,35.5,64.5
2022-10-02 06:00:00,151.855036538894,114.29487243889,114.303205388892,17.231111136,9.973333333333333,50.76,2,5.1764362714980825,70.66250196097344,6,6,10,1.0,6.123233995736766e-17,-0.7818314824680299,0.6234898018587334,-0.8660254037844386,0.5000000000000001,0.0,0.0,0.0,10.3,22.3,99.0,67.0,3.5,6.056962,0.0,9.4,17.361481464,51.09333333333333,51.76,52.81333333333334,53.51,51.09333333333333,-7.257777802666666,-0.1096295893333341,-0.4106666666666658,10.384,9.586,17.24839507511111,10.304888888888888,7.443055,7.541228,7.563482,7.7016697,7.550584,0,0.0,1,1.0,-1.23,36.9,63.1
2022-10-02 06:15:00,108.527325416666,58.166562094446,58.172673033332,17.361481464,9.586,51.09333333333333,1,5.1764362714980825,70.66250196097344,6,6,10,1.0,6.123233995736766e-17,-0.7818314824680299,0.6234898018587334,-0.8660254037844386,0.5000000000000001,0.0,0.0,0.0,9.9,21.775,99.0,67.5,3.35,6.0056076,0.0,9.15,17.33555557,50.76,51.09333333333333,51.76,52.81333333333334,51.24,-7.775481464,0.1303703280000014,-0.3873333333333324,9.973333333333333,9.346666666666666,17.311111108444443,9.98111111111111,7.550584,7.443055,7.541228,7.563482,7.5605307,0,0.0,1,1.0,-1.2,35.3,64.7
2022-10-02 06:30:00,134.3487925,85.851565783334,85.861009905554,17.33555557,9.346666666666666,51.24,2,5.1764362714980825,70.66250196097344,6,6,10,1.0,6.123233995736766e-17,-0.7818314824680299,0.6234898018587334,-0.8660254037844386,0.5000000000000001,0.0,0.0,0.0,9.5,21.25,99.0,68.0,3.2,5.9541693,0.0,8.9,17.343703678666664,51.09333333333333,50.76,51.09333333333333,51.76,51.0,-7.988888903333335,-0.0259258940000002,-0.2393333333333345,9.586,9.208666666666666,17.309382723333332,9.635333333333334,7.5605307,7.550584,7.443055,7.541228,7.5287857,0,0.0,1,1.0,-1.21,35.6,64.4
2022-10-02 06:45:00,135.333197605554,98.04246706111,98.04968902222,17.343703678666664,9.208666666666666,51.0,2,5.1764362714980825,70.66250196097344,6,6,10,1.0,6.123233995736766e-17,-0.7818314824680299,0.6234898018587334,-0.8660254037844386,0.5000000000000001,0.0,0.0,0.0,9.1,20.725,99.0,68.5,3.05,5.9026585,0.0,8.65,17.385555566,51.24,51.09333333333333,50.76,51.09333333333333,50.49,-8.135037011999998,0.0081481086666634,-0.1379999999999999,9.346666666666666,9.076666666666666,17.346913570888887,9.380444444444445,7.5287857,7.5605307,7.550584,7.443055,7.4721704,0,0.0,0,1.0,-1.21,35.5,64.5
2022-10-02 07:00:00,123.116464077776,73.241514655556,73.24929216111,17.385555566,9.076666666666666,50.49,2,5.1764362714980825,70.66250196097344,7,6,10,0.9659258262890684,-0.2588190451025206,-0.7818314824680299,0.6234898018587334,-0.8660254037844386,0.5000000000000001,0.0,0.0,0.0,8.7,20.2,99.0,69.0,2.9,5.851091,0.0,8.4,17.340000015999998,51.0,51.24,51.09333333333333,50.76,49.59333333333333,-8.308888899333335,0.0418518873333368,-0.1319999999999996,9.208666666666666,9.076666666666666,17.354938271555554,9.210666666666668,7.4721704,7.5287857,7.5605307,7.550584,7.319508,0,0.0,0,1.0,-1.2,35.1,64.9
2022-10-02 07:15:00,158.447550711112,110.40836123889,110.418083116666,17.340000015999998,9.076666666666666,49.59333333333333,2,5.1764362714980825,70.66250196097344,7,6,10,0.9659258262890684,-0.2588190451025206,-0.7818314824680299,0.6234898018587334,-0.8660254037844386,0.5000000000000001,8.0,2.0,0.6666666666666666,8.799999999999999,19.025,99.25,70.0,3.275,5.993343,0.0,8.55,17.466666646,50.49,51.0,51.24,51.09333333333333,49.0,-8.263333349333331,-0.0455555500000031,0.0,9.076666666666666,9.186666666666667,17.356419753555556,9.120666666666668,7.319508,7.4721704,7.5287857,7.5605307,7.286895,0,0.0,0,1.0,-1.21,35.9,64.1
2022-10-02 07:30:00,126.366611849998,87.28206416111,87.290397177776,17.466666646,9.186666666666667,49.0,2,5.1764362714980825,70.66250196097344,7,6,10,0.9659258262890684,-0.2588190451025206,-0.7818314824680299,0.6234898018587334,-0.8660254037844386,0.5000000000000001,16.0,6.0,2.0,8.899999999999999,17.85,99.5,71.0,3.65,6.1377273,0.0,8.7,17.440740737333332,49.59333333333333,50.49,51.0,51.24,48.59333333333333,-8.279999979333333,0.1266666300000025,0.1100000000000012,9.076666666666666,9.344666666666669,17.39740740933333,9.113333333333332,7.286895,7.319508,7.4721704,7.5287857,7.2152333,0,0.0,0,1.0,-1.18,34.5,65.5
2022-10-02 07:45:00,151.463941249998,107.139047583334,107.148769444444,17.440740737333332,9.344666666666669,48.59333333333333,2,5.1764362714980825,70.66250196097344,7,6,10,0.9659258262890684,-0.2588190451025206,-0.7818314824680299,0.6234898018587334,-0.8660254037844386,0.5000000000000001,24.0,12.0,4.0,9.0,16.675,99.75,72.0,4.025,6.2842693,0.0,8.85,17.572222189999998,49.0,49.59333333333333,50.49,51.0,48.75,-8.096074070666665,-0.0259259086666681,0.1579999999999994,9.186666666666667,9.418,17.415802466444443,9.202666666666667,7.2152333,7.286895,7.319508,7.4721704,7.295554,0,0.0,0,1.0,-1.19,34.9,65.1
2022-10-02 08:00:00,115.970083311108,64.702134044444,64.709633794442,17.572222189999998,9.418,48.75,1,5.1764362714980825,70.66250196097344,8,6,10,0.8660254037844387,-0.4999999999999998,-0.7818314824680299,0.6234898018587334,-0.8660254037844386,0.5000000000000001,32.0,20.0,6.666666666666667,9.1,15.5,100.0,73.0,4.4,6.4329934,0.0,9.0,17.33214284285714,48.59333333333333,49.0,49.59333333333333,50.49,48.9,-8.154222189999997,0.1314814526666659,0.0733333333333341,9.344666666666669,9.940714285714284,17.493209857777778,9.316444444444445,7.295554,7.2152333,7.286895,7.319508,7.2137876,0,0.0,1,1.0,-1.16,33.3,66.7
2022-10-02 08:15:00,144.822540150002,104.879138,104.888582072222,17.33214284285714,9.940714285714284,48.9,2,5.1764362714980825,70.66250196097344,8,6,10,0.8660254037844387,-0.4999999999999998,-0.7818314824680299,0.6234898018587334,-0.8660254037844386,0.5000000000000001,66.75,34.6875,12.229166666666666,9.425,17.75,99.5,70.75,4.15,6.3249803,0.0,9.225,17.381111122,48.75,48.59333333333333,49.0,49.59333333333333,49.01,-7.3914285571428575,-0.2400793471428564,0.522714285714283,9.418,10.185333333333334,17.44836859006349,9.567793650793652,7.2137876,7.295554,7.2152333,7.286895,7.2512145,0,0.0,1,1.0,-1.22,36.1,63.9
2022-10-02 08:30:00,179.08033654999798,22.987969327778,22.992969177776,17.381111122,10.185333333333334,49.01,1,5.1764362714980825,70.66250196097344,8,6,10,0.8660254037844387,-0.4999999999999998,-0.7818314824680299,0.6234898018587334,-0.8660254037844386,0.5000000000000001,101.5,56.0625,20.6875,9.75,20.0,99.0,68.5,3.9,6.212325,0.0,9.45,17.228888916000002,48.9,48.75,48.59333333333333,49.0,49.406666666666666,-7.195777788666666,0.0489682791428585,0.2446190476190501,9.940714285714284,10.070666666666666,17.428492051619045,9.848015873015871,7.2512145,7.2137876,7.295554,7.2152333,7.243649,0,0.0,1,1.0,-1.21,35.5,64.5
2022-10-02 08:45:00,357.184878716666,115.80231213889,115.81231173889,17.228888916000002,10.070666666666666,49.406666666666666,2,5.1764362714980825,70.66250196097344,8,6,10,0.8660254037844387,-0.4999999999999998,-0.7818314824680299,0.6234898018587334,-0.8660254037844386,0.5000000000000001,136.25,84.125,32.041666666666664,10.075,22.25,98.5,66.25,3.65,6.0949354,0.0,9.675,17.108730195714287,49.01,48.9,48.75,48.59333333333333,49.521428571428565,-7.1582222493333365,-0.1522222059999975,-0.1146666666666682,10.185333333333334,9.983571428571429,17.314047626952384,10.06557142857143,7.243649,7.2512145,7.2137876,7.295554,7.2084227,0,0.0,1,1.0,-1.24,37.3,62.7
2022-10-02 09:00:00,75.117550827774,27.735834955556,27.741945894442,17.108730195714287,9.983571428571429,49.521428571428565,1,5.1764362714980825,70.66250196097344,9,6,10,0.7071067811865476,-0.7071067811865475,-0.7818314824680299,0.6234898018587334,-0.8660254037844386,0.5000000000000001,171.0,118.875,46.29166666666666,10.4,24.5,98.0,64.0,3.4,5.9727087,0.0,9.9,16.978518508,49.406666666666666,49.01,48.9,48.75,50.22,-7.1251587671428585,-0.1201587202857155,-0.0870952380952374,10.070666666666666,10.586666666666668,17.239576744571433,10.079857142857142,7.2084227,7.243649,7.2512145,7.2137876,7.253279,0,0.0,1,1.0,-1.27,38.7,61.3
2022-10-02 09:15:00,118.029723055556,79.822362544444,79.830695594442,16.978518508,10.586666666666668,50.22,2,5.1764362714980825,70.66250196097344,9,6,10,0.7071067811865476,-0.7071067811865475,-0.7818314824680299,0.6234898018587334,-0.8660254037844386,0.5000000000000001,214.0,155.6875,64.125,10.275,24.85,97.25,63.0,3.475,5.992276,0.0,10.2,17.401111093999997,49.521428571428565,49.406666666666666,49.01,48.9,49.51,-6.391851841333333,-0.1302116877142864,0.6030952380952392,9.983571428571429,10.998666666666669,17.105379206571428,10.213634920634922,7.253279,7.2084227,7.243649,7.2512145,7.333953,0,0.0,1,1.0,-1.3,40.2,59.8
2022-10-02 09:30:00,47.24144368333,0.0,0.0,17.401111093999997,10.998666666666669,49.51,0,5.1764362714980825,70.66250196097344,9,6,10,0.7071067811865476,-0.7071067811865475,-0.7818314824680299,0.6234898018587334,-0.8660254037844386,0.5000000000000001,257.0,194.5625,85.54166666666667,10.15,25.2,96.5,62.0,3.55,6.010114,0.0,10.5,17.222222199999997,50.22,49.521428571428565,49.406666666666666,49.01,49.0,-6.4024444273333305,0.4225925859999968,0.411999999999999,10.586666666666668,11.424,17.162786599238093,10.522968253968251,7.333953,7.253279,7.2084227,7.243649,7.1811604,1,1.0,1,0.75,-1.2,35.2,64.8
2022-10-02 09:45:00,58.454606172222,0.0,0.0,17.222222199999997,11.424,49.0,0,5.1764362714980825,70.66250196097344,9,6,10,0.7071067811865476,-0.7071067811865475,-0.7818314824680299,0.6234898018587334,-0.8660254037844386,0.5000000000000001,300.0,235.5,110.54166666666669,10.025,25.55,95.75,61.0,3.625,6.026161,0.0,10.8,16.932142842857143,49.51,50.22,49.521428571428565,49.406666666666666,49.010714285714286,-5.798222199999996,-0.1788888939999999,0.4253333333333344,10.998666666666669,11.987142857142857,17.20061726733333,11.003111111111112,7.1811604,7.333953,7.253279,7.2084227,7.05896,0,2.0,0,0.5,-1.24,37.5,62.5
2022-10-02 10:00:00,94.271228966668,56.13553223889,56.142198672222,16.932142842857143,11.987142857142857,49.010714285714286,1,5.1764362714980825,70.66250196097344,10,6,10,0.4999999999999999,-0.8660254037844387,-0.7818314824680299,0.6234898018587334,-0.8660254037844386,0.5000000000000001,343.0,278.5,139.125,9.9,25.9,95.0,60.0,3.7,6.040346,0.0,11.1,17.045185202666666,49.0,49.51,50.22,49.521428571428565,49.126666666666665,-4.944999985714286,-0.2900793571428544,0.5631428571428554,11.424,12.328666666666669,17.185158712285713,11.46993650793651,7.05896,7.1811604,7.333953,7.253279,7.123783,0,2.0,1,0.5,-1.32,41.1,58.9
2022-10-02 10:15:00,76.063624,32.899239544444,32.904794938886,17.045185202666666,12.328666666666669,49.126666666666665,1,5.1764362714980825,70.66250196097344,10,6,10,0.4999999999999999,-0.8660254037844387,-0.7818314824680299,0.6234898018587334,-0.8660254037844386,0.5000000000000001,383.75,320.9375,170.4375,9.975,26.175,96.25,59.75,3.95,6.158434,0.0,11.475,17.013333308,49.010714285714286,49.0,49.51,50.22,47.8,-4.716518535999999,0.1130423598095227,0.3415238095238102,11.987142857142857,12.521999999999998,17.066516748507937,11.913269841269845,7.123783,7.05896,7.1811604,7.333953,6.918184,0,2.0,0,0.5,-1.29,39.6,60.4
2022-10-02 10:30:00,63.47468307778,0.0,0.0,17.013333308,12.521999999999998,47.8,0,5.1764362714980825,70.66250196097344,10,6,10,0.4999999999999999,-0.8660254037844387,-0.7818314824680299,0.6234898018587334,-0.8660254037844386,0.5000000000000001,424.5,362.8125,204.47916666666663,10.05,26.45,97.5,59.5,4.2,6.2782717,0.0,11.85,16.350370376,49.126666666666665,49.010714285714286,49.0,49.51,48.406666666666666,-4.4913333080000015,-0.0318518946666657,0.1933333333333315,12.328666666666669,12.692,16.99688711784127,12.279269841269842,6.918184,7.123783,7.05896,7.1811604,6.7322874,1,2.0,1,0.5,-1.3,40.3,59.7
2022-10-02 10:45:00,112.855207894442,76.114455266668,76.12167726111,16.350370376,12.692,48.406666666666666,2,5.1764362714980825,70.66250196097344,10,6,10,0.4999999999999999,-0.8660254037844387,-0.7818314824680299,0.6234898018587334,-0.8660254037844386,0.5000000000000001,465.25,404.125,241.25,10.125,26.725,98.75,59.25,4.45,6.3998747,0.0,12.225,16.16555554,47.8,49.126666666666665,49.010714285714286,49.0,48.77,-3.6583703760000006,-0.6629629319999992,0.1700000000000017,12.521999999999998,12.634,16.80296296222222,12.514222222222225,6.7322874,6.918184,7.123783,7.05896,6.707634,0,1.0,1,0.75,-1.46,48.7,51.3
2022-10-02 11:00:00,71.57324812222,25.257600805554,25.262600672218,16.16555554,12.634,48.77,1,5.1764362714980825,70.66250196097344,11,6,10,0.258819045102521,-0.9659258262890682,-0.7818314824680299,0.6234898018587334,-0.8660254037844386,0.5000000000000001,506.0,444.875,280.75,10.2,27.0,100.0,59.0,4.7,6.523256,0.0,12.6,16.031111098666667,48.406666666666666,47.8,49.126666666666665,49.010714285714286,49.81333333333334,-3.531555540000001,-0.184814836000001,-0.0580000000000016,12.692,13.111333333333334,16.509753074666666,12.616,6.707634,6.7322874,6.918184,7.123783,6.795731,0,1.0,1,0.75,-1.5,51.1,48.9
2022-10-02 11:15:00,61.635590077776,13.2536365,13.25780308333,16.031111098666667,13.111333333333334,49.81333333333334,1,5.1764362714980825,70.66250196097344,11,6,10,0.258819045102521,-0.9659258262890682,-0.7818314824680299,0.6234898018587334,-0.8660254037844386,0.5000000000000001,527.5,480.8125,319.1458333333333,10.3,27.45,100.0,59.0,4.95,6.625221,0.0,12.85,16.092222189999998,48.77,48.406666666666666,47.8,49.126666666666665,50.98,-2.919777765333333,-0.1344444413333327,0.4773333333333358,12.634,13.700666666666669,16.182345671555556,12.812444444444443,6.795731,6.707634,6.7322874,6.918184,6.9806137,0,1.0,0,0.75,-1.53,52.6,47.4
2022-10-02 11:30:00,96.29670372777,50.472147716666,50.478536411108,16.092222189999998,13.700666666666669,50.98,1,5.1764362714980825,70.66250196097344,11,6,10,0.258819045102521,-0.9659258262890682,-0.7818314824680299,0.6234898018587334,-0.8660254037844386,0.5000000000000001,549.0,511.9375,356.4375,10.4,27.9,100.0,59.0,5.2,6.728568,0.0,13.1,16.51777776666667,49.81333333333334,48.77,48.406666666666666,47.8,51.18666666666666,-2.3915555233333308,0.0611110913333305,0.5893333333333324,13.111333333333334,13.646,16.096296276222223,13.148666666666664,6.9806137,6.795731,6.707634,6.7322874,7.191063,0,0.0,0,1.0,-1.51,51.5,48.5
2022-10-02 11:45:00,51.08906760555,0.0,0.0,16.51777776666667,13.646,51.18666666666666,0,5.1764362714980825,70.66250196097344,11,6,10,0.258819045102521,-0.9659258262890682,-0.7818314824680299,0.6234898018587334,-0.8660254037844386,0.5000000000000001,570.5,538.25,392.625,10.5,28.35,100.0,59.0,5.45,6.833316,0.0,13.35,16.503333334,50.98,49.81333333333334,48.77,48.406666666666666,51.75,-2.871777766666669,0.425555576666671,-0.0546666666666677,13.700666666666669,14.114,16.213703685111113,13.486,7.191063,6.9806137,6.795731,6.707634,7.2638865,1,1.0,1,0.75,-1.41,45.9,54.1
2022-10-02 12:00:00,52.156524855552,0.0,0.0,16.503333334,14.114,51.75,0,5.1764362714980825,70.66250196097344,12,6,10,1.2246467991473532e-16,-1.0,-0.7818314824680299,0.6234898018587334,-0.8660254037844386,0.5000000000000001,592.0,559.75,427.7083333333333,10.6,28.8,100.0,59.0,5.7,6.93948,0.0,13.6,16.56592596,51.18666666666666,50.98,49.81333333333334,48.77,52.5,-2.389333334,-0.0144444326666679,0.4680000000000017,13.646,14.652666666666669,16.37111109688889,13.820222222222222,7.2638865,7.191063,6.9806137,6.795731,7.3969693,0,2.0,0,0.5,-1.41,45.9,54.1
2022-10-02 12:15:00,56.354690155556,0.0,0.0,16.56592596,14.652666666666669,52.5,0,5.1764362714980825,70.66250196097344,12,6,10,1.2246467991473532e-16,-1.0,-0.7818314824680299,0.6234898018587334,-0.8660254037844386,0.5000000000000001,602.25,578.4375,460.0625,10.75,28.8,100.0,58.25,5.85,6.9896417,0.0,13.925,16.775555578000002,51.75,51.18666666666666,50.98,49.81333333333334,52.74,-1.9132592933333343,0.0625926260000007,0.538666666666666,14.114,14.881333333333334,16.529012353555558,14.137555555555556,7.3969693,7.2638865,7.191063,6.9806137,7.5250196,0,3.0,0,0.25,-1.39,44.9,55.1
2022-10-02 12:30:00,52.262909499996,0.0,0.0,16.775555578000002,14.881333333333334,52.74,0,5.1764362714980825,70.66250196097344,12,6,10,1.2246467991473532e-16,-1.0,-0.7818314824680299,0.6234898018587334,-0.8660254037844386,0.5000000000000001,612.5,594.3125,489.6875,10.9,28.8,100.0,57.5,6.0,7.0386305,0.0,14.25,16.868148161333334,52.5,51.75,51.18666666666666,50.98,52.59333333333333,-1.8942222446666683,0.209629618000001,0.2286666666666672,14.652666666666669,15.578,16.614938290666668,14.549333333333331,7.5250196,7.3969693,7.2638865,7.191063,7.545927,0,4.0,0,0.0,-1.34,42.2,57.8
2022-10-02 12:45:00,47.710313777776,0.0,0.0,16.868148161333334,15.578,52.59333333333333,0,5.1764362714980825,70.66250196097344,12,6,10,1.2246467991473532e-16,-1.0,-0.7818314824680299,0.6234898018587334,-0.8660254037844386,0.5000000000000001,622.75,607.375,516.5833333333334,11.05,28.8,100.0,56.75,6.15,7.0863905,0.0,14.575,16.837777794,52.74,52.5,51.75,51.18666666666666,53.24,-1.2901481613333343,0.0925925833333316,0.6966666666666654,14.881333333333334,15.778,16.73654323311111,15.037333333333336,7.545927,7.5250196,7.3969693,7.2638865,7.6247964,0,4.0,0,0.0,-1.31,41.0,59.0
2022-10-02 13:00:00,66.805661066664,0.0,0.0,16.837777794,15.778,53.24,0,5.1764362714980825,70.66250196097344,13,6,10,-0.2588190451025208,-0.9659258262890684,-0.7818314824680299,0.6234898018587334,-0.8660254037844386,0.5000000000000001,633.0,617.625,540.75,11.2,28.8,100.0,56.0,6.3,7.1328607,0.0,14.9,16.98962964,52.59333333333333,52.74,52.5,51.75,53.406666666666666,-1.0597777940000022,-0.030370367333333,0.1999999999999993,15.578,15.711333333333334,16.827160511111114,15.412444444444445,7.6247964,7.545927,7.5250196,7.3969693,7.718672,0,4.0,0,0.0,-1.32,41.2,58.8
2022-10-02 13:15:00,70.263578211112,0.0,0.0,16.98962964,15.711333333333334,53.406666666666666,0,5.1764362714980825,70.66250196097344,13,6,10,-0.2588190451025208,-0.9659258262890684,-0.7818314824680299,0.6234898018587334,-0.8660254037844386,0.5000000000000001,619.5,621.9375,560.3958333333334,11.275,29.6,100.0,55.25,6.275,7.123598,0.0,15.1,17.157936540714285,53.24,52.59333333333333,52.74,52.5,53.010714285714286,-1.2782963066666664,0.1518518459999995,-0.0666666666666646,15.778,16.587857142857143,16.89851853177778,15.68911111111111,7.718672,7.6247964,7.545927,7.5250196,7.739104,0,4.0,0,0.0,-1.28,39.3,60.7
2022-10-02 13:30:00,74.82172917778,0.0,0.0,17.157936540714285,16.587857142857143,53.010714285714286,0,5.1764362714980825,70.66250196097344,13,6,10,-0.2588190451025208,-0.9659258262890684,-0.7818314824680299,0.6234898018587334,-0.8660254037844386,0.5000000000000001,606.0,620.3125,575.5208333333334,11.35,30.4,100.0,54.5,6.25,7.1128983,0.0,15.3,17.343703678666667,53.406666666666666,53.24,52.59333333333333,52.74,53.0,-0.5700793978571426,0.1683069007142847,0.8765238095238086,15.711333333333334,16.536,16.995114658238094,16.02573015873016,7.739104,7.718672,7.6247964,7.545927,7.824032,0,4.0,0,0.0,-1.24,37.3,62.7
2022-10-02 13:45:00,116.29201463334,0.0,0.0,17.343703678666667,16.536,53.0,0,5.1764362714980825,70.66250196097344,13,6,10,-0.2588190451025208,-0.9659258262890684,-0.7818314824680299,0.6234898018587334,-0.8660254037844386,0.5000000000000001,592.5,612.75,586.125,11.425,31.2,100.0,53.75,6.225,7.1007304,0.0,15.5,17.47111109,53.010714285714286,53.406666666666666,53.24,52.59333333333333,52.76,-0.807703678666666,0.1857671379523822,-0.0518571428571412,16.587857142857143,16.819333333333333,17.16375661979365,16.278396825396825,7.824032,7.739104,7.718672,7.6247964,7.8481345,0,4.0,0,0.0,-1.2,35.0,65.0
2022-10-02 14:00:00,75.03588736111,0.0,0.0,17.47111109,16.819333333333333,52.76,0,5.1764362714980825,70.66250196097344,14,6,10,-0.4999999999999997,-0.8660254037844388,-0.7818314824680299,0.6234898018587334,-0.8660254037844386,0.5000000000000001,579.0,599.25,592.2083333333334,11.5,32.0,100.0,53.0,6.2,7.0870657,0.0,15.7,17.56592596,53.0,53.010714285714286,53.406666666666666,53.24,52.906666666666666,-0.651777756666668,0.1274074113333334,0.2833333333333314,16.536,16.611333333333334,17.324250436460318,16.64773015873016,7.8481345,7.824032,7.739104,7.718672,7.914634,0,4.0,0,0.0,-1.17,33.6,66.4
2022-10-02 14:15:00,77.36301652222001,0.0,0.0,17.56592596,16.611333333333334,52.906666666666666,0,5.1764362714980825,70.66250196097344,14,6,10,-0.4999999999999997,-0.8660254037844388,-0.7818314824680299,0.6234898018587334,-0.8660254037844386,0.5000000000000001,575.75,588.3125,596.2291666666666,11.275,31.3,100.0,52.75,6.2,7.096481,0.0,15.8,17.718888916,52.76,53.0,53.010714285714286,53.406666666666666,52.74,-0.9545926266666668,0.0948148700000004,-0.2079999999999984,16.819333333333333,17.426666666666666,17.460246909555554,16.655555555555555,7.914634,7.8481345,7.824032,7.739104,7.9620247,0,4.0,0,0.0,-1.14,32.5,67.5
2022-10-02 14:30:00,86.455152722224,0.0,0.0,17.718888916,17.426666666666666,52.74,0,5.1764362714980825,70.66250196097344,14,6,10,-0.4999999999999997,-0.8660254037844388,-0.7818314824680299,0.6234898018587334,-0.8660254037844386,0.5000000000000001,572.5,579.9375,598.1875,11.05,30.6,100.0,52.5,6.2,7.105713,0.0,15.9,17.742962957333337,52.906666666666666,52.76,53.0,53.010714285714286,52.18666666666666,-0.292222249333335,0.1529629559999996,0.8153333333333315,16.611333333333334,17.04733333333333,17.585308655333332,16.952444444444446,7.9620247,7.914634,7.8481345,7.824032,7.8898044,0,4.0,0,0.0,-1.11,30.7,69.3
2022-10-02 14:45:00,858.0431769499979,0.0,0.0,17.742962957333337,17.04733333333333,52.18666666666666,0,5.1764362714980825,70.66250196097344,14,6,10,-0.4999999999999997,-0.8660254037844388,-0.7818314824680299,0.6234898018587334,-0.8660254037844386,0.5000000000000001,569.25,574.125,598.0833333333334,10.825,29.9,100.0,52.25,6.2,7.114762,0.0,16.0,17.80555555,52.74,52.906666666666666,52.76,53.0,52.46,-0.6956296240000057,0.0240740413333355,-0.3793333333333351,17.426666666666666,17.317999999999998,17.675925944444444,17.028444444444446,7.8898044,7.9620247,7.914634,7.8481345,7.9607673,0,4.0,0,0.0,-1.1,30.6,69.4
2022-10-02 15:00:00,76.868036305554,0.0,0.0,17.80555555,17.317999999999998,52.46,0,5.1764362714980825,70.66250196097344,15,6,10,-0.7071067811865471,-0.7071067811865479,-0.7818314824680299,0.6234898018587334,-0.8660254037844386,0.5000000000000001,566.0,570.875,595.9166666666666,10.6,29.2,100.0,52.0,6.2,7.1236253,0.0,16.1,17.878518521333334,52.18666666666666,52.74,52.906666666666666,52.76,51.18666666666666,-0.4875555500000033,0.0625925926666646,0.270666666666667,17.04733333333333,16.807333333333336,17.755802474444447,17.264,7.9607673,7.8898044,7.9620247,7.914634,7.8013678,0,4.0,0,0.0,-1.09,29.8,70.2
2022-10-02 15:15:00,80.718160011112,0.0,0.0,17.878518521333334,16.807333333333336,51.18666666666666,0,5.1764362714980825,70.66250196097344,15,6,10,-0.7071067811865471,-0.7071067811865479,-0.7818314824680299,0.6234898018587334,-0.8660254037844386,0.5000000000000001,541.5,562.3125,590.8541666666666,10.725,28.75,99.0,51.0,5.925,6.9866323,0.0,16.1,17.946666672,52.46,52.18666666666666,52.74,52.906666666666666,50.78,-1.0711851879999976,0.0729629713333324,-0.5106666666666619,17.317999999999998,16.326,17.80901234288889,17.057555555555556,7.8013678,7.9607673,7.8898044,7.9620247,7.7708473,0,4.0,0,0.0,-1.07,29.3,70.7
2022-10-02 15:30:00,75.077830233328,0.0,0.0,17.946666672,16.326,50.78,0,5.1764362714980825,70.66250196097344,15,6,10,-0.7071067811865471,-0.7071067811865479,-0.7818314824680299,0.6234898018587334,-0.8660254037844386,0.5000000000000001,517.0,548.4375,582.8958333333334,10.85,28.3,98.0,50.0,5.65,6.8496394,0.0,16.1,18.1111111,51.18666666666666,52.46,52.18666666666666,52.74,52.0,-1.6206666719999987,0.0681481506666656,-0.4813333333333354,16.807333333333336,16.37666666666667,17.87691358111111,16.817111111111114,7.7708473,7.8013678,7.9607673,7.8898044,8.035748,0,4.0,0,0.0,-1.06,28.7,71.3
2022-10-02 15:45:00,77.8160539,0.0,0.0,18.1111111,16.37666666666667,52.0,0,5.1764362714980825,70.66250196097344,15,6,10,-0.7071067811865471,-0.7071067811865479,-0.7818314824680299,0.6234898018587334,-0.8660254037844386,0.5000000000000001,492.5,529.25,572.0416666666666,10.975,27.85,97.0,49.0,5.375,6.7126465,0.0,16.1,18.25,50.78,51.18666666666666,52.46,52.18666666666666,52.48,-1.7344444333333335,0.164444428000003,0.0506666666666681,16.326,16.176666666666666,17.97876543111111,16.503333333333334,8.035748,7.7708473,7.8013678,7.9607673,8.177109,0,4.0,0,0.0,-1.01,26.7,73.3
2022-10-02 16:00:00,73.56150183889,0.0,0.0,18.25,16.176666666666666,52.48,0,5.1764362714980825,70.66250196097344,16,6,10,-0.8660254037844385,-0.5000000000000004,-0.7818314824680299,0.6234898018587334,-0.8660254037844386,0.5000000000000001,468.0,504.75,558.2916666666666,11.1,27.4,96.0,48.0,5.1,6.5756536,0.0,16.1,18.378518521333334,52.0,50.78,51.18666666666666,52.46,51.81333333333334,-2.073333333333334,0.1388888999999977,-0.2000000000000028,16.37666666666667,15.777333333333331,18.102592590666664,16.293111111111113,8.177109,8.035748,7.7708473,7.8013678,8.135036,0,4.0,0,0.0,-0.98,25.2,74.8
2022-10-02 16:15:00,117.66584859445,0.0,0.0,18.378518521333334,15.777333333333331,51.81333333333334,0,5.1764362714980825,70.66250196097344,16,6,10,-0.8660254037844385,-0.5000000000000004,-0.7818314824680299,0.6234898018587334,-0.8660254037844386,0.5000000000000001,433.75,477.8125,542.8125,11.175,27.4,97.0,48.0,4.975,6.5064826,0.0,15.925,18.47111109,52.48,52.0,50.78,51.18666666666666,50.77,-2.6011851880000005,0.1285185213333335,-0.3993333333333329,16.176666666666666,15.646,18.246543207111117,16.110222222222223,8.135036,8.177109,8.035748,7.7708473,8.015107,0,4.0,0,0.0,-0.95,24.1,75.9
2022-10-02 16:30:00,1234.308125766664,0.0,0.0,18.47111109,15.646,50.77,0,5.1764362714980825,70.66250196097344,16,6,10,-0.8660254037844385,-0.5000000000000004,-0.7818314824680299,0.6234898018587334,-0.8660254037844386,0.5000000000000001,399.5,448.4375,525.6041666666666,11.25,27.4,98.0,48.0,4.85,6.437942,0.0,15.75,18.5,51.81333333333334,52.48,52.0,50.78,50.59333333333333,-2.825111090000002,0.0925925686666673,-0.1313333333333339,15.777333333333331,15.456,18.36654320377778,15.866666666666667,8.015107,8.135036,8.177109,8.035748,8.000899,0,4.0,0,0.0,-0.94,23.5,76.5
2022-10-02 16:45:00,525.995070488888,0.0,0.0,18.5,15.456,50.59333333333333,0,5.1764362714980825,70.66250196097344,16,6,10,-0.8660254037844385,-0.5000000000000004,-0.7818314824680299,0.6234898018587334,-0.8660254037844386,0.5000000000000001,365.25,416.625,506.6666666666667,11.325,27.4,99.0,48.0,4.725,6.37003,0.0,15.575,18.49880952285714,50.77,51.81333333333334,52.48,52.0,50.45,-3.0440000000000005,0.0288889099999991,-0.1899999999999995,15.646,15.053571428571429,18.449876537111116,15.626444444444443,8.000899,8.015107,8.135036,8.177109,7.97767,0,4.0,0,0.0,-0.93,23.3,76.7
2022-10-02 17:00:00,89.394757433332,0.0,0.0,18.49880952285714,15.053571428571429,50.45,0,5.1764362714980825,70.66250196097344,17,6,10,-0.9659258262890684,-0.2588190451025206,-0.7818314824680299,0.6234898018587334,-0.8660254037844386,0.5000000000000001,331.0,382.375,486.0,11.4,27.4,100.0,48.0,4.6,6.302742,0.0,15.4,18.444444418666667,50.59333333333333,50.77,51.81333333333334,52.48,49.5,-3.4452380942857115,-0.0011904771428596,-0.4024285714285707,15.456,14.649333333333336,18.489973537619047,15.38519047619048,7.97767,8.000899,8.015107,8.135036,7.8022656,0,4.0,0,0.0,-0.93,23.3,76.7
2022-10-02 17:15:00,51.382111433328,0.0,0.0,18.444444418666667,14.649333333333336,49.5,0,5.1764362714980825,70.66250196097344,17,6,10,-0.9659258262890684,-0.2588190451025206,-0.7818314824680299,0.6234898018587334,-0.8660254037844386,0.5000000000000001,284.25,345.0,461.7083333333333,11.375,26.75,100.0,50.75,4.85,6.474015,0.0,14.925,18.3611111,50.45,50.59333333333333,50.77,51.81333333333334,48.75,-3.795111085333332,-0.0543651041904738,-0.4042380952380942,15.053571428571429,14.427333333333332,18.4810846471746,15.052968253968254,7.8022656,7.97767,8.000899,8.015107,7.646174,0,4.0,0,0.0,-0.95,24.0,76.0
2022-10-02 17:30:00,57.63769448333,0.0,0.0,18.3611111,14.427333333333332,48.75,0,5.1764362714980825,70.66250196097344,17,6,10,-0.9659258262890684,-0.2588190451025206,-0.7818314824680299,0.6234898018587334,-0.8660254037844386,0.5000000000000001,237.5,304.5,433.7916666666667,11.35,26.1,100.0,53.5,5.1,6.6296873,0.0,14.45,18.26740742133333,49.5,50.45,50.59333333333333,50.77,48.0,-3.933777766666669,-0.0833333186666642,-0.2220000000000013,14.649333333333336,14.167333333333334,18.434788347174603,14.710079365079366,7.646174,7.8022656,7.97767,8.000899,7.4867973,0,4.0,0,0.0,-0.97,24.9,75.1
2022-10-02 17:45:00,58.24711452222,0.0,0.0,18.26740742133333,14.167333333333334,48.0,0,5.1764362714980825,70.66250196097344,17,6,10,-0.9659258262890684,-0.2588190451025206,-0.7818314824680299,0.6234898018587334,-0.8660254037844386,0.5000000000000001,190.75,260.875,402.25,11.325,25.45,100.0,56.25,5.35,6.770418,0.0,13.975,18.1388889,48.75,49.5,50.45,50.59333333333333,47.5,-4.100074088000001,-0.0937036786666674,-0.2599999999999998,14.427333333333332,13.905333333333331,18.35765431333333,14.414666666666667,7.4867973,7.646174,7.8022656,7.97767,7.3524756,0,4.0,0,0.0,-1.0,26.0,74.0
2022-10-02 18:00:00,51.375444966664,0.0,0.0,18.1388889,13.905333333333331,47.5,0,5.1764362714980825,70.66250196097344,18,6,10,-1.0,-1.8369701987210294e-16,-0.7818314824680299,0.6234898018587334,-0.8660254037844386,0.5000000000000001,144.0,214.125,367.0833333333333,11.3,24.8,100.0,59.0,5.6,6.8968434,0.0,13.5,18.020740738666667,48.0,48.75,49.5,50.45,47.0,-4.233555566666665,-0.128518521333337,-0.2620000000000004,14.167333333333334,13.616,18.255802473777777,14.16666666666667,7.3524756,7.4867973,7.646174,7.8022656,7.22416,0,4.0,0,0.0,-1.03,27.4,72.6
2022-10-02 18:15:00,99.767398111108,49.049426811112,49.055537749998,18.020740738666667,13.616,47.0,1,5.1764362714980825,70.66250196097344,18,6,10,-1.0,-1.8369701987210294e-16,-0.7818314824680299,0.6234898018587334,-0.8660254037844386,0.5000000000000001,112.5,171.1875,331.3333333333333,11.1,24.175,100.0,60.75,5.5,6.864124,0.0,12.95,18.082222238,47.5,48.0,48.75,49.5,46.25,-4.404740738666666,-0.1181481613333303,-0.2893333333333316,13.905333333333331,13.384,18.142345686666665,13.896222222222224,7.22416,7.3524756,7.4867973,7.646174,7.1349196,0,3.0,1,0.25,-1.06,28.7,71.3
2022-10-02 18:30:00,68.700029688888,18.798414683334,18.803970094442,18.082222238,13.384,46.25,1,5.1764362714980825,70.66250196097344,18,6,10,-1.0,-1.8369701987210294e-16,-0.7818314824680299,0.6234898018587334,-0.8660254037844386,0.5000000000000001,81.0,132.0625,295.0,10.9,23.55,100.0,62.5,5.4,6.8248644,0.0,12.4,18.10074074,47.0,47.5,48.0,48.75,45.5,-4.698222238000001,0.0614814993333325,-0.2320000000000028,13.616,13.03,18.08061729222222,13.635111111111112,7.1349196,7.22416,7.3524756,7.4867973,7.026947,0,2.0,0,0.5,-1.05,28.3,71.7
2022-10-02 18:45:00,56.902446077776,0.0,0.0,18.10074074,13.03,45.5,0,5.1764362714980825,70.66250196097344,18,6,10,-1.0,-1.8369701987210294e-16,-0.7818314824680299,0.6234898018587334,-0.8660254037844386,0.5000000000000001,49.5,96.75,258.0833333333333,10.7,22.925,100.0,64.25,5.3,6.779478,0.0,11.85,17.976666646,46.25,47.0,47.5,48.0,45.01,-5.07074074,0.0185185019999991,-0.3539999999999992,13.384,12.696666666666664,18.06790123888889,13.343333333333334,7.026947,7.1349196,7.22416,7.3524756,6.9001727,1,2.0,1,0.5,-1.05,28.2,71.8
2022-10-02 19:00:00,102.94227106111,58.066010616666,58.071843749998,17.976666646,12.696666666666664,45.01,1,5.1764362714980825,70.66250196097344,19,6,10,-0.9659258262890684,0.2588190451025203,-0.7818314824680299,0.6234898018587334,-0.8660254037844386,0.5000000000000001,18.0,65.25,220.58333333333331,10.5,22.3,100.0,66.0,5.2,6.7283726,0.0,11.3,18.065925941333333,45.5,46.25,47.0,47.5,44.906666666666666,-5.279999979333336,-0.1240740939999973,-0.3333333333333339,13.03,12.506666666666666,18.053209874666667,13.036888888888887,6.9001727,7.026947,7.1349196,7.22416,6.9209757,0,1.0,1,0.75,-1.08,29.6,70.4
2022-10-02 19:15:00,538.354853927774,51.048791300000005,51.065735088888005,18.065925941333333,12.506666666666666,44.906666666666666,1,5.1764362714980825,70.66250196097344,19,6,10,-0.9659258262890684,0.2588190451025203,-0.7818314824680299,0.6234898018587334,-0.8660254037844386,0.5000000000000001,13.5,40.5,185.5625,10.8,21.575,100.0,67.0,5.125,6.7027707,0.0,11.0,18.135555568,45.01,45.5,46.25,47.0,44.25,-5.559259274666667,0.0892592953333313,-0.1899999999999995,12.696666666666664,12.314666666666666,18.047777775777774,12.744444444444444,6.9209757,6.9001727,7.026947,7.1349196,6.8480535,0,1.0,0,0.75,-1.06,28.7,71.3
2022-10-02 19:30:00,121.68291023889,37.6284948,37.6459941,18.135555568,12.314666666666666,44.25,1,5.1764362714980825,70.66250196097344,19,6,10,-0.9659258262890684,0.2588190451025203,-0.7818314824680299,0.6234898018587334,-0.8660254037844386,0.5000000000000001,9.0,22.5,153.02083333333334,11.1,20.85,100.0,68.0,5.050000000000001,6.6754723,0.0,10.7,18.117777816,44.906666666666666,45.01,45.5,46.25,43.5,-5.820888901333332,0.0696296266666642,-0.1920000000000001,12.506666666666666,12.097333333333331,18.059382718444443,12.506,6.8480535,6.9209757,6.9001727,7.026947,6.7248774,0,1.0,0,0.75,-1.05,28.2,71.8
2022-10-02 19:45:00,170.117639572218,101.4309426,101.45538612222,18.117777816,12.097333333333331,43.5,2,5.1764362714980825,70.66250196097344,19,6,10,-0.9659258262890684,0.2588190451025203,-0.7818314824680299,0.6234898018587334,-0.8660254037844386,0.5000000000000001,4.5,11.25,122.95833333333331,11.4,20.125,100.0,69.0,4.9750000000000005,6.646542,0.0,10.4,18.352222212,44.25,44.906666666666666,45.01,45.5,42.76,-6.020444482666667,-0.017777751999997,-0.2173333333333325,12.314666666666666,11.799333333333331,18.10641977511111,12.306222222222225,6.7248774,6.8480535,6.9209757,6.9001727,6.70314,0,0.0,1,1.0,-1.06,28.5,71.5
2022-10-02 20:00:00,105.787157227778,39.502864288888,39.519252516666,18.352222212,11.799333333333331,42.76,1,5.1764362714980825,70.66250196097344,20,6,10,-0.8660254037844386,0.5000000000000001,-0.7818314824680299,0.6234898018587334,-0.8660254037844386,0.5000000000000001,0.0,6.75,95.375,11.7,19.4,100.0,70.0,4.9,6.6160417,0.0,10.1,18.294814794666664,43.5,44.25,44.906666666666666,45.01,42.406666666666666,-6.552888878666668,0.2344443960000006,-0.298,12.097333333333331,11.362666666666666,18.20185186533333,12.070444444444446,6.70314,6.7248774,6.8480535,6.9209757,6.6251445,0,0.0,1,1.0,-1.0,26.3,73.7
2022-10-02 20:15:00,198.132907633336,113.310745155556,113.333244222224,18.294814794666664,11.362666666666666,42.406666666666666,2,5.1764362714980825,70.66250196097344,20,6,10,-0.8660254037844386,0.5000000000000001,-0.7818314824680299,0.6234898018587334,-0.8660254037844386,0.5000000000000001,0.0,3.375,71.6875,11.05,19.775,100.0,70.5,4.7250000000000005,6.548055,0.0,9.825,18.464444422,42.76,43.5,44.25,44.906666666666666,42.01,-6.932148127999998,-0.0574074173333372,-0.4366666666666674,11.799333333333331,10.992666666666668,18.254938274222223,11.753111111111112,6.6251445,6.70314,6.7248774,6.8480535,6.629536,0,0.0,1,1.0,-1.02,26.9,73.1
2022-10-02 20:30:00,107.039607094446,37.795710344444,37.813209711108,18.464444422,10.992666666666668,42.01,1,5.1764362714980825,70.66250196097344,20,6,10,-0.8660254037844386,0.5000000000000001,-0.7818314824680299,0.6234898018587334,-0.8660254037844386,0.5000000000000001,0.0,1.125,51.895833333333336,10.4,20.15,100.0,71.0,4.550000000000001,6.4801893,0.0,9.55,18.354074038666667,42.406666666666666,42.76,43.5,44.25,42.09333333333333,-7.471777755333333,0.1696296273333359,-0.3699999999999992,11.362666666666666,10.661333333333332,18.370493809555555,11.38488888888889,6.629536,6.6251445,6.70314,6.7248774,6.5993576,0,0.0,1,1.0,-0.98,25.4,74.6
2022-10-02 20:45:00,241.898657066664,64.143267483334,64.156322577776,18.354074038666667,10.661333333333332,42.09333333333333,1,5.1764362714980825,70.66250196097344,20,6,10,-0.8660254037844386,0.5000000000000001,-0.7818314824680299,0.6234898018587334,-0.8660254037844386,0.5000000000000001,0.0,0.0,36.0,9.75,20.525,100.0,71.5,4.375,6.412456,0.0,9.275,18.261111098,42.01,42.406666666666666,42.76,43.5,42.49,-7.692740705333334,-0.1103703833333327,-0.3313333333333332,10.992666666666668,10.362666666666666,18.37111108511111,11.005555555555556,6.5993576,6.629536,6.6251445,6.70314,6.6248975,0,0.0,0,1.0,-1.01,26.4,73.6
2022-10-02 21:00:00,94.286506255552,29.222719944444,29.228553111108,18.261111098,10.362666666666666,42.49,1,5.1764362714980825,70.66250196097344,21,6,10,-0.7071067811865477,0.7071067811865474,-0.7818314824680299,0.6234898018587334,-0.8660254037844386,0.5000000000000001,0.0,0.0,24.0,9.1,20.9,100.0,72.0,4.2,6.344871,0.0,9.0,18.122962996,42.09333333333333,42.01,42.406666666666666,42.76,42.59333333333333,-7.898444431333335,-0.0929629406666663,-0.2986666666666675,10.661333333333332,10.138666666666667,18.35987651955556,10.672222222222224,6.6248975,6.5993576,6.629536,6.6251445,6.586741,0,0.0,0,1.0,-1.03,27.3,72.7
2022-10-02 21:15:00,184.484009294442,55.859154411112,55.866654127778,18.122962996,10.138666666666667,42.59333333333333,1,5.1764362714980825,70.66250196097344,21,6,10,-0.7071067811865477,0.7071067811865474,-0.7818314824680299,0.6234898018587334,-0.8660254037844386,0.5000000000000001,0.0,0.0,14.625,8.575,19.625,99.75,72.75,4.175,6.3395753,0.0,8.825,18.272222244,42.49,42.09333333333333,42.01,42.406666666666666,43.5,-7.984296329333334,-0.1381481019999988,-0.2239999999999984,10.362666666666666,9.890666666666668,18.246049377555558,10.387555555555556,6.586741,6.6248975,6.5993576,6.629536,6.7868495,0,0.0,0,1.0,-1.06,28.6,71.4
2022-10-02 21:30:00,157.359261027774,0.0,0.0,18.272222244,9.890666666666668,43.5,0,5.1764362714980825,70.66250196097344,21,6,10,-0.7071067811865477,0.7071067811865474,-0.7818314824680299,0.6234898018587334,-0.8660254037844386,0.5000000000000001,0.0,0.0,7.875,8.05,18.35,99.5,73.5,4.15,6.33351,0.0,8.65,18.22222220933333,42.59333333333333,42.49,42.09333333333333,42.01,44.406666666666666,-8.38155557733333,0.1492592479999963,-0.2479999999999993,10.138666666666667,9.708,18.218765446000003,10.130666666666668,6.7868495,6.586741,6.6248975,6.5993576,6.90777,1,1.0,1,0.75,-1.02,26.9,73.1
2022-10-02 21:45:00,75.973349827778,0.0,0.0,18.22222220933333,9.708,44.406666666666666,0,5.1764362714980825,70.66250196097344,21,6,10,-0.7071067811865477,0.7071067811865474,-0.7818314824680299,0.6234898018587334,-0.8660254037844386,0.5000000000000001,0.0,0.0,3.75,7.525,17.075,99.25,74.25,4.125,6.326689,0.0,8.475000000000001,18.139999986,43.5,42.59333333333333,42.49,42.09333333333333,44.51,-8.514222209333331,-0.0500000346666666,-0.1826666666666678,9.890666666666668,9.541333333333334,18.20580248311111,9.912444444444446,6.90777,6.7868495,6.586741,6.6248975,6.89011,0,2.0,0,0.5,-1.03,27.2,72.8
2022-10-02 22:00:00,72.5537644,0.0,0.0,18.139999986,9.541333333333334,44.51,0,5.1764362714980825,70.66250196097344,22,6,10,-0.5000000000000004,0.8660254037844384,-0.7818314824680299,0.6234898018587334,-0.8660254037844386,0.5000000000000001,0.0,0.0,2.25,7.0,15.8,99.0,75.0,4.1,6.31913,0.0,8.3,18.10074074,44.406666666666666,43.5,42.59333333333333,42.49,44.906666666666666,-8.598666652666665,-0.082222223333332,-0.166666666666666,9.708,9.375333333333334,18.211481479777778,9.713333333333336,6.89011,6.90777,6.7868495,6.586741,6.935313,0,3.0,0,0.25,-1.04,28.0,72.0
2022-10-02 22:15:00,78.884066811108,0.0,0.0,18.10074074,9.375333333333334,44.906666666666666,0,5.1764362714980825,70.66250196097344,22,6,10,-0.5000000000000004,0.8660254037844384,-0.7818314824680299,0.6234898018587334,-0.8660254037844386,0.5000000000000001,0.0,0.0,1.125,6.8,14.65,99.25,75.75,4.15,6.351602,0.0,8.225000000000001,18.056746075,44.51,44.406666666666666,43.5,42.59333333333333,45.25714285714286,-8.725407406666665,-0.0392592460000003,-0.1660000000000003,9.541333333333334,9.245714285714286,18.15432097844444,9.541555555555556,6.935313,6.89011,6.90777,6.7868495,6.971184,0,4.0,0,0.0,-1.05,28.4,71.6
2022-10-02 22:30:00,74.45257736111,0.0,0.0,18.056746075,9.245714285714286,45.25714285714286,0,5.1764362714980825,70.66250196097344,22,6,10,-0.5000000000000004,0.8660254037844384,-0.7818314824680299,0.6234898018587334,-0.8660254037844386,0.5000000000000001,0.0,0.0,0.375,6.6,13.5,99.5,76.5,4.199999999999999,6.3835974,0.0,8.15,18.0555556,44.906666666666666,44.51,44.406666666666666,43.5,45.59333333333333,-8.811031789285714,-0.0439946649999996,-0.1296190476190482,9.375333333333334,9.019333333333332,18.099162267,9.387460317460318,6.971184,6.935313,6.89011,6.90777,7.0224724,0,4.0,0,0.0,-1.06,28.7,71.3
2022-10-02 22:45:00,71.532416438886,0.0,0.0,18.0555556,9.019333333333332,45.59333333333333,0,5.1764362714980825,70.66250196097344,22,6,10,-0.5000000000000004,0.8660254037844384,-0.7818314824680299,0.6234898018587334,-0.8660254037844386,0.5000000000000001,0.0,0.0,0.0,6.4,12.35,99.75,77.25,4.25,6.4151177,0.0,8.075000000000001,18.0555556,45.25714285714286,44.906666666666666,44.51,44.406666666666666,46.0,-9.03622226666667,-0.0011904749999978,-0.2263809523809534,9.245714285714286,8.722307692307693,18.07101413833333,9.21346031746032,7.0224724,6.971184,6.935313,6.89011,7.0851088,0,4.0,0,0.0,-1.06,28.7,71.3
2022-10-02 23:00:00,51.32322482222,0.0,0.0,18.0555556,8.722307692307693,46.0,0,5.1764362714980825,70.66250196097344,23,6,10,-0.2588190451025215,0.965925826289068,-0.7818314824680299,0.6234898018587334,-0.8660254037844386,0.5000000000000001,0.0,0.0,0.0,6.2,11.2,100.0,78.0,4.3,6.4461675,0.0,8.0,18.044444480000003,45.59333333333333,45.25714285714286,44.906666666666666,44.51,46.0,-9.333247907692307,0.0,-0.2970256410256393,9.019333333333332,8.5,18.055952425,8.995785103785105,7.0851088,7.0224724,6.971184,6.935313,7.08043,0,4.0,0,0.0,-1.06,28.6,71.4
2022-10-02 23:15:00,79.6693131,0.0,0.0,18.044444480000003,8.5,46.0,0,5.1764362714980825,70.66250196097344,23,6,10,-0.2588190451025215,0.965925826289068,-0.7818314824680299,0.6234898018587334,-0.8660254037844386,0.5000000000000001,0.0,0.0,0.0,6.15,10.825,100.0,78.5,4.325,6.456189,0.0,7.925,18.001111112,46.0,45.59333333333333,45.25714285714286,44.906666666666666,46.13,-9.544444480000005,-0.0111111199999989,-0.2223076923076927,8.722307692307693,8.314666666666666,18.051851893333332,8.747213675213677,7.08043,7.0851088,7.0224724,6.971184,7.082165,0,4.0,0,0.0,-1.06,28.7,71.3
2022-10-02 23:30:00,76.499162094446,0.0,0.0,18.001111112,8.314666666666666,46.13,0,5.1764362714980825,70.66250196097344,23,6,10,-0.2588190451025215,0.965925826289068,-0.7818314824680299,0.6234898018587334,-0.8660254037844386,0.5000000000000001,0.0,0.0,0.0,6.1,10.45,100.0,79.0,4.35,6.465944,0.0,7.85,18.0,46.0,46.0,45.59333333333333,45.25714285714286,46.45333333333333,-9.686444445333334,-0.0433333680000025,-0.1853333333333342,8.5,8.190000000000001,18.03370373066667,8.512324786324788,7.082165,7.08043,7.0851088,7.0224724,7.1313324,0,4.0,0,0.0,-1.07,29.1,70.9
2022-10-02 23:45:00,79.60848228333,0.0,0.0,18.0,8.190000000000001,46.45333333333333,0,5.1764362714980825,70.66250196097344,23,6,10,-0.2588190451025215,0.965925826289068,-0.7818314824680299,0.6234898018587334,-0.8660254037844386,0.5000000000000001,0.0,0.0,0.0,6.05,10.075,100.0,79.5,4.375,6.475435,0.0,7.775,18.02716051555556,46.13,46.0,46.0,45.59333333333333,46.5,-9.81,-0.0011111120000002,-0.1246666666666644,8.314666666666666,8.11111111111111,18.01518519733333,8.33488888888889,7.1313324,7.082165,7.08043,7.0851088,7.1500373,0,4.0,0,0.0,-1.07,29.1,70.9
2022-10-03 00:00:00,54.35643665556,0.0,0.0,18.02716051555556,8.11111111111111,46.5,0,5.1764362714980825,70.66250196097344,0,0,10,0.0,1.0,0.0,1.0,-0.8660254037844386,0.5000000000000001,0.0,0.0,0.0,6.0,9.7,100.0,80.0,4.4,6.4846625,0.0,7.7,18.044444480000003,46.45333333333333,46.13,46.0,46.0,46.5,-9.916049404444449,0.0271605155555576,-0.0788888888888905,8.190000000000001,8.107857142857142,18.009423875851855,8.20525925925926,7.1500373,7.1313324,7.082165,7.08043,7.157391,0,4.0,0,0.0,-1.06,28.8,71.2
2022-10-03 00:15:00,48.484171705554,0.0,0.0,18.044444480000003,8.107857142857142,46.5,0,5.1764362714980825,70.66250196097344,0,0,10,0.0,1.0,0.0,1.0,-0.8660254037844386,0.5000000000000001,0.0,0.0,0.0,6.1,9.8,100.0,79.25,4.175000000000001,6.3824716,0.0,7.6,17.973333312,46.5,46.45333333333333,46.13,46.0,46.25,-9.93658733714286,0.0172839644444451,-0.0032539682539685,8.11111111111111,8.069333333333335,18.02386833185185,8.136322751322751,7.157391,7.1500373,7.1313324,7.082165,7.0888615,0,4.0,0,0.0,-1.06,28.6,71.4
2022-10-03 00:30:00,65.579321255552,0.0,0.0,17.973333312,8.069333333333335,46.25,0,5.1764362714980825,70.66250196097344,0,0,10,0.0,1.0,0.0,1.0,-0.8660254037844386,0.5000000000000001,0.0,0.0,0.0,6.2,9.9,100.0,78.5,3.95,6.2812943,0.0,7.5,17.93407404,46.5,46.5,46.45333333333333,46.13,46.09333333333333,-9.903999978666668,-0.0711111680000016,-0.0385238095238076,8.107857142857142,8.082666666666666,18.014979435851853,8.09610052910053,7.0888615,7.157391,7.1500373,7.1313324,7.048364,0,4.0,0,0.0,-1.08,29.4,70.6
2022-10-03 00:45:00,63.056644449994,0.0,0.0,17.93407404,8.082666666666666,46.09333333333333,0,5.1764362714980825,70.66250196097344,0,0,10,0.0,1.0,0.0,1.0,-0.8660254037844386,0.5000000000000001,0.0,0.0,0.0,6.300000000000001,10.0,100.0,77.75,3.725,6.181124,0.0,7.4,17.862222210000002,46.25,46.5,46.5,46.45333333333333,46.49,-9.851407373333332,-0.0392592720000024,0.0133333333333318,8.069333333333335,8.059333333333333,17.983950610666668,8.08661904761905,7.048364,7.0888615,7.157391,7.1500373,7.078676,0,4.0,0,0.0,-1.09,29.8,70.2
2022-10-03 01:00:00,430.45611448333,0.0,0.0,17.862222210000002,8.059333333333333,46.49,0,5.1764362714980825,70.66250196097344,1,0,10,0.2588190451025207,0.9659258262890684,0.0,1.0,-0.8660254037844386,0.5000000000000001,0.0,0.0,0.0,6.4,10.1,100.0,77.0,3.5,6.081954,0.0,7.3,17.82296294,46.09333333333333,46.25,46.5,46.5,46.5,-9.80288887666667,-0.0718518299999964,-0.0233333333333334,8.082666666666666,8.066666666666666,17.923209854000003,8.070444444444446,7.078676,7.048364,7.0888615,7.157391,7.0636616,0,4.0,0,0.0,-1.1,30.5,69.5
2022-10-03 01:15:00,54.858361044448,0.0,0.0,17.82296294,8.066666666666666,46.5,0,5.1764362714980825,70.66250196097344,1,0,10,0.2588190451025207,0.9659258262890684,0.0,1.0,-0.8660254037844386,0.5000000000000001,0.0,0.0,0.0,5.95,10.1,100.0,76.75,3.35,6.0132484,0.0,7.175,17.777777798,46.49,46.09333333333333,46.25,46.5,46.5,-9.756296273333334,-0.0392592700000022,0.0073333333333334,8.059333333333333,7.896,17.873086396666668,8.069555555555556,7.0636616,7.078676,7.048364,7.0888615,7.0446715,0,4.0,0,0.0,-1.11,31.0,69.0
2022-10-03 01:30:00,45.748169983334,0.0,0.0,17.777777798,7.896,46.5,0,5.1764362714980825,70.66250196097344,1,0,10,0.2588190451025207,0.9659258262890684,0.0,1.0,-0.8660254037844386,0.5000000000000001,0.0,0.0,0.0,5.5,10.1,100.0,76.5,3.2,5.945205,0.0,7.05,17.722222218666666,46.5,46.49,46.09333333333333,46.25,46.5,-9.881777797999998,-0.0451851420000011,-0.1706666666666665,8.066666666666666,7.282,17.820987649333333,8.007333333333335,7.0446715,7.0636616,7.078676,7.048364,7.021381,0,4.0,0,0.0,-1.12,31.5,68.5
2022-10-03 01:45:00,44.591549616666,0.0,0.0,17.722222218666666,7.282,46.5,0,5.1764362714980825,70.66250196097344,1,0,10,0.2588190451025207,0.9659258262890684,0.0,1.0,-0.8660254037844386,0.5000000000000001,0.0,0.0,0.0,5.05,10.1,100.0,76.25,3.05,5.877821,0.0,6.925,17.64000001,46.5,46.5,46.49,46.09333333333333,46.5,-10.440222218666666,-0.0555555793333333,-0.6139999999999999,7.896,7.066,17.77432098555556,7.748222222222224,7.021381,7.0446715,7.0636616,7.078676,6.9870377,0,4.0,0,0.0,-1.13,32.1,67.9
2022-10-03 02:00:00,44.81820711667,0.0,0.0,17.64000001,7.066,46.5,0,5.1764362714980825,70.66250196097344,2,0,10,0.4999999999999999,0.8660254037844387,0.0,1.0,-0.8660254037844386,0.5000000000000001,0.0,0.0,0.0,4.6,10.1,100.0,76.0,2.9,5.8110895,0.0,6.8,17.6111111,46.5,46.5,46.5,46.49,46.5,-10.574000010000002,-0.0822222086666641,-0.2160000000000002,7.282,6.98,17.713333342222224,7.414666666666668,6.9870377,7.021381,7.0446715,7.0636616,6.9750056,0,4.0,0,0.0,-1.15,33.1,66.9
2022-10-03 02:15:00,44.391279961106,0.0,0.0,17.6111111,6.98,46.5,0,5.1764362714980825,70.66250196097344,2,0,10,0.4999999999999999,0.8660254037844387,0.0,1.0,-0.8660254037844386,0.5000000000000001,0.0,0.0,0.0,4.65,9.375,100.0,77.25,2.875,5.8112082,0.0,6.55,17.582222238,46.5,46.5,46.5,46.5,46.5,-10.631111099999998,-0.0288889100000027,-0.0859999999999994,7.066,6.879333333333333,17.657777776222222,7.109333333333335,6.9750056,6.9870377,7.021381,7.0446715,6.9629917,0,4.0,0,0.0,-1.16,33.4,66.6
2022-10-03 02:30:00,41.15613160555,0.0,0.0,17.582222238,6.879333333333333,46.5,0,5.1764362714980825,70.66250196097344,2,0,10,0.4999999999999999,0.8660254037844387,0.0,1.0,-0.8660254037844386,0.5000000000000001,0.0,0.0,0.0,4.699999999999999,8.65,100.0,78.5,2.85,5.8096104,0.0,6.3,17.508974366153844,46.5,46.5,46.5,46.5,46.5,-10.702888904666668,-0.0288888619999987,-0.1006666666666671,6.98,6.759230769230769,17.611111116,6.975111111111112,6.9629917,6.9750056,6.9870377,7.021381,6.93261,0,4.0,0,0.0,-1.17,33.7,66.3
2022-10-03 02:45:00,36.844637272222,0.0,0.0,17.508974366153844,6.759230769230769,46.5,0,5.1764362714980825,70.66250196097344,2,0,10,0.4999999999999999,0.8660254037844387,0.0,1.0,-0.8660254037844386,0.5000000000000001,0.0,0.0,0.0,4.75,7.925,100.0,79.75,2.825,5.806345,0.0,6.05,17.472222199999997,46.5,46.5,46.5,46.5,46.5,-10.749743596923077,-0.0732478718461564,-0.1201025641025639,6.879333333333333,6.641333333333334,17.567435901384616,6.872854700854703,6.93261,6.9629917,6.9750056,6.9870377,6.917409,0,4.0,0,0.0,-1.19,34.6,65.4
2022-10-03 03:00:00,50.544644899996,0.0,0.0,17.472222199999997,6.641333333333334,46.5,0,5.1764362714980825,70.66250196097344,3,0,10,0.7071067811865476,0.7071067811865476,0.0,1.0,-0.8660254037844386,0.5000000000000001,0.0,0.0,0.0,4.8,7.2,100.0,81.0,2.8,5.801459,0.0,5.8,17.43407404,46.5,46.5,46.5,46.5,46.5,-10.830888866666664,-0.0367521661538461,-0.1178974358974356,6.759230769230769,6.44,17.521139601384615,6.759965811965813,6.917409,6.93261,6.9629917,6.9750056,6.901661,0,4.0,0,0.0,-1.2,35.0,65.0
2022-10-03 03:15:00,34.895826411108,0.0,0.0,17.43407404,6.44,46.5,0,5.1764362714980825,70.66250196097344,3,0,10,0.7071067811865476,0.7071067811865476,0.0,1.0,-0.8660254037844386,0.5000000000000001,0.0,0.0,0.0,4.825,7.1,100.0,81.75,2.8,5.8073025,0.0,5.675,17.362222210000002,46.5,46.5,46.5,46.5,46.5,-10.99407404,-0.0381481599999986,-0.2013333333333342,6.641333333333334,6.375333333333333,17.471756868717947,6.613521367521368,6.901661,6.917409,6.93261,6.9629917,6.8720865,0,4.0,0,0.0,-1.2,35.5,64.5
2022-10-03 03:30:00,47.140614250002,0.0,0.0,17.362222210000002,6.375333333333333,46.5,0,5.1764362714980825,70.66250196097344,3,0,10,0.7071067811865476,0.7071067811865476,0.0,1.0,-0.8660254037844386,0.5000000000000001,0.0,0.0,0.0,4.85,7.0,100.0,82.5,2.8,5.812614,0.0,5.55,17.3333333,46.5,46.5,46.5,46.5,46.5,-10.986888876666669,-0.0718518299999964,-0.0646666666666666,6.44,6.252,17.422839483333334,6.485555555555557,6.8720865,6.901661,6.917409,6.93261,6.8602247,0,4.0,0,0.0,-1.22,36.4,63.6
2022-10-03 03:45:00,46.70174302222,0.0,0.0,17.3333333,6.252,46.5,0,5.1764362714980825,70.66250196097344,3,0,10,0.7071067811865476,0.7071067811865476,0.0,1.0,-0.8660254037844386,0.5000000000000001,0.0,0.0,0.0,4.875,6.9,100.0,83.25,2.8,5.8174005,0.0,5.425,17.30555555,46.5,46.5,46.5,46.5,46.5,-11.0813333,-0.0288889100000027,-0.123333333333333,6.375333333333333,6.006,17.376543183333336,6.355777777777778,6.8602247,6.8720865,6.901661,6.917409,6.848838,0,4.0,0,0.0,-1.23,36.7,63.3
2022-10-03 04:00:00,35.414972277776,0.0,0.0,17.30555555,6.006,46.5,0,5.1764362714980825,70.66250196097344,4,0,10,0.8660254037844386,0.5000000000000001,0.0,1.0,-0.8660254037844386,0.5000000000000001,0.0,0.0,0.0,4.9,6.8,100.0,84.0,2.8,5.821668,0.0,5.3,17.267407421333335,46.5,46.5,46.5,46.5,46.5,-11.29955555,-0.0277777499999984,-0.2459999999999995,6.252,6.031999999999999,17.333703686666666,6.211111111111112,6.848838,6.8602247,6.8720865,6.901661,6.8332286,0,4.0,0,0.0,-1.24,37.0,63.0
2022-10-03 04:15:00,52.284852988888,0.0,0.0,17.267407421333335,6.031999999999999,46.5,0,5.1764362714980825,70.66250196097344,4,0,10,0.8660254037844386,0.5000000000000001,0.0,1.0,-0.8660254037844386,0.5000000000000001,0.0,0.0,0.0,4.75,7.0,100.0,83.5,2.675,5.7774854,0.0,5.275,17.222222202,46.5,46.5,46.5,46.5,46.5,-11.235407421333337,-0.0381481286666662,0.0259999999999989,6.006,6.073333333333333,17.302098757111114,6.096666666666668,6.8332286,6.848838,6.8602247,6.8720865,6.8147745,0,4.0,0,0.0,-1.25,37.5,62.5
2022-10-03 04:30:00,45.893997633328,0.0,0.0,17.222222202,6.073333333333333,46.5,0,5.1764362714980825,70.66250196097344,4,0,10,0.8660254037844386,0.5000000000000001,0.0,1.0,-0.8660254037844386,0.5000000000000001,0.0,0.0,0.0,4.6,7.199999999999999,100.0,83.0,2.55,5.733431,0.0,5.25,17.17703706,46.5,46.5,46.5,46.5,46.5,-11.148888868666669,-0.0451852193333337,0.0413333333333341,6.031999999999999,6.018,17.265061724444447,6.037111111111113,6.8147745,6.8332286,6.848838,6.8602247,6.7963657,0,4.0,0,0.0,-1.26,38.1,61.9
2022-10-03 04:45:00,34.332793416662,0.0,0.0,17.17703706,6.018,46.5,0,5.1764362714980825,70.66250196097344,4,0,10,0.8660254037844386,0.5000000000000001,0.0,1.0,-0.8660254037844386,0.5000000000000001,0.0,0.0,0.0,4.45,7.399999999999999,100.0,82.5,2.425,5.689503,0.0,5.225,17.138888899999998,46.5,46.5,46.5,46.5,46.5,-11.15903706,-0.0451851420000011,-0.0553333333333334,6.073333333333333,5.741333333333333,17.222222227777777,6.041111111111111,6.7963657,6.8147745,6.8332286,6.848838,6.780857,0,4.0,0,0.0,-1.27,38.6,61.4
2022-10-03 05:00:00,50.084663216666,0.0,0.0,17.138888899999998,5.741333333333333,46.5,0,5.1764362714980825,70.66250196097344,5,0,10,0.9659258262890684,0.2588190451025207,0.0,1.0,-0.8660254037844386,0.5000000000000001,0.0,0.0,0.0,4.3,7.6,100.0,82.0,2.3,5.6457033,0.0,5.2,17.10074074,46.5,46.5,46.5,46.5,46.5,-11.397555566666664,-0.0381481600000022,-0.2766666666666664,6.018,5.466666666666667,17.179382720666666,5.944222222222223,6.780857,6.7963657,6.8147745,6.8332286,6.76538,0,4.0,0,0.0,-1.28,39.1,60.9
2022-10-03 05:15:00,42.225810933332,0.0,0.0,17.10074074,5.466666666666667,46.5,0,5.1764362714980825,70.66250196097344,5,0,10,0.9659258262890684,0.2588190451025207,0.0,1.0,-0.8660254037844386,0.5000000000000001,0.0,0.0,0.0,4.3,7.6,100.0,82.5,2.25,5.624162,0.0,5.05,17.02888891,46.5,46.5,46.5,46.5,46.5,-11.634074073333332,-0.0381481599999986,-0.2746666666666666,5.741333333333333,5.208666666666667,17.1388889,5.742000000000001,6.76538,6.780857,6.7963657,6.8147745,6.7363105,0,4.0,0,0.0,-1.29,39.6,60.4
2022-10-03 05:30:00,39.07593698333,0.0,0.0,17.02888891,5.208666666666667,46.5,0,5.1764362714980825,70.66250196097344,5,0,10,0.9659258262890684,0.2588190451025207,0.0,1.0,-0.8660254037844386,0.5000000000000001,0.0,0.0,0.0,4.3,7.6,100.0,83.0,2.2,5.6024284,0.0,4.9,17.0,46.5,46.5,46.5,46.5,46.5,-11.820222243333331,-0.0718518299999999,-0.258,5.466666666666667,5.034666666666666,17.08950618333333,5.472222222222224,6.7363105,6.76538,6.780857,6.7963657,6.7246556,0,4.0,0,0.0,-1.3,40.5,59.5
2022-10-03 05:45:00,46.149820633332,0.0,0.0,17.0,5.034666666666666,46.5,0,5.1764362714980825,70.66250196097344,5,0,10,0.9659258262890684,0.2588190451025207,0.0,1.0,-0.8660254037844386,0.5000000000000001,0.0,0.0,0.0,4.3,7.6,100.0,83.5,2.15,5.5805073,0.0,4.75,16.972222199999997,46.5,46.5,46.5,46.5,46.5,-11.965333333333334,-0.0288889099999991,-0.1740000000000003,5.208666666666667,4.917333333333334,17.043209883333333,5.236666666666668,6.7246556,6.7363105,6.76538,6.780857,6.7134624,0,4.0,0,0.0,-1.31,40.8,59.2
2022-10-03 06:00:00,42.31191862222,0.0,0.0,16.972222199999997,4.917333333333334,46.5,0,5.1764362714980825,70.66250196097344,6,0,10,1.0,6.123233995736766e-17,0.0,1.0,-0.8660254037844386,0.5000000000000001,0.0,0.0,0.0,4.3,7.6,100.0,84.0,2.1,5.5584044,0.0,4.6,16.93407404,46.5,46.5,46.5,46.5,46.5,-12.054888866666664,-0.0277778000000026,-0.1173333333333328,5.034666666666666,5.151333333333333,17.00037037,5.053555555555557,6.7134624,6.7246556,6.7363105,6.76538,6.6981206,0,4.0,0,0.0,-1.32,41.2,58.8
2022-10-03 06:15:00,42.196089905554,0.0,0.0,16.93407404,5.151333333333333,46.5,0,5.1764362714980825,70.66250196097344,6,0,10,1.0,6.123233995736766e-17,0.0,1.0,-0.8660254037844386,0.5000000000000001,0.0,0.0,0.0,4.075,7.324999999999999,100.0,83.75,2.05,5.532682,0.0,4.574999999999999,16.862222210000002,46.5,46.5,46.5,46.5,46.5,-11.782740706666663,-0.0381481599999986,0.2339999999999991,4.917333333333334,5.117999999999999,16.968765413333333,5.034444444444445,6.6981206,6.7134624,6.7246556,6.7363105,6.669303,0,4.0,0,0.0,-1.33,41.6,58.4
2022-10-03 06:30:00,38.151807216666,0.0,0.0,16.862222210000002,5.117999999999999,46.5,0,5.1764362714980825,70.66250196097344,6,0,10,1.0,6.123233995736766e-17,0.0,1.0,-0.8660254037844386,0.5000000000000001,0.0,0.0,0.0,3.85,7.05,100.0,83.5,2.0,5.5070286,0.0,4.55,16.8333333,46.5,46.5,46.5,46.5,46.5,-11.744222210000004,-0.0718518299999964,-0.0333333333333332,5.151333333333333,4.885,16.922839483333334,5.062222222222222,6.669303,6.6981206,6.7134624,6.7246556,6.657746,0,4.0,0,0.0,-1.34,42.6,57.4
2022-10-03 06:45:00,43.280213088892,0.0,0.0,16.8333333,4.885,46.5,0,5.1764362714980825,70.66250196097344,6,0,10,1.0,6.123233995736766e-17,0.0,1.0,-0.8660254037844386,0.5000000000000001,0.0,0.0,0.0,3.625,6.775,100.0,83.25,1.95,5.481442,0.0,4.525,16.804444438,46.5,46.5,46.5,46.5,46.5,-11.9483333,-0.0288889100000027,-0.2329999999999996,5.117999999999999,4.992666666666667,16.876543183333336,5.051444444444446,6.657746,6.669303,6.6981206,6.7134624,6.6462083,0,4.0,0,0.0,-1.35,42.9,57.1
2022-10-03 07:00:00,41.020581377776,0.0,0.0,16.804444438,4.992666666666667,46.5,0,5.1764362714980825,70.66250196097344,7,0,10,0.9659258262890684,-0.2588190451025206,0.0,1.0,-0.8660254037844386,0.5000000000000001,0.0,0.0,0.0,3.4,6.5,100.0,83.0,1.9,5.455925,0.0,4.5,16.732592578666665,46.5,46.5,46.5,46.5,46.5,-11.811777771333334,-0.0288888619999987,0.1076666666666668,4.885,4.928,16.833333316,4.998555555555556,6.6462083,6.657746,6.669303,6.6981206,6.6175823,0,4.0,0,0.0,-1.36,43.3,56.7
2022-10-03 07:15:00,34.924714172218,0.0,0.0,16.732592578666665,4.928,46.5,0,5.1764362714980825,70.66250196097344,7,0,10,0.9659258262890684,-0.2588190451025206,0.0,1.0,-0.8660254037844386,0.5000000000000001,8.25,2.0625,0.6875,3.225,6.325,99.5,82.25,1.95,5.469727,0.0,4.675,16.72111109,46.5,46.5,46.5,46.5,46.5,-11.804592578666664,-0.0718518593333357,-0.0646666666666666,4.992666666666667,4.855333333333333,16.790123438888887,4.935222222222223,6.6175823,6.6462083,6.657746,6.669303,6.613022,0,4.0,0,0.0,-1.38,44.2,55.8
2022-10-03 07:30:00,54.475876494442005,0.0,0.0,16.72111109,4.855333333333333,46.5,0,5.1764362714980825,70.66250196097344,7,0,10,0.9659258262890684,-0.2588190451025206,0.0,1.0,-0.8660254037844386,0.5000000000000001,16.5,6.1875,2.0625,3.05,6.15,99.0,81.5,2.0,5.4830155,0.0,4.85,16.67703706,46.5,46.5,46.5,46.5,46.5,-11.865777756666668,-0.0114814886666643,-0.0726666666666666,4.928,5.166666666666667,16.752716035555554,4.925333333333335,6.613022,6.6175823,6.6462083,6.657746,6.5955267,0,4.0,0,0.0,-1.38,44.4,55.6
2022-10-03 07:45:00,39.890070850006,0.0,0.0,16.67703706,5.166666666666667,46.5,0,5.1764362714980825,70.66250196097344,7,0,10,0.9659258262890684,-0.2588190451025206,0.0,1.0,-0.8660254037844386,0.5000000000000001,24.75,12.375,4.125,2.875,5.975,98.5,80.75,2.05,5.495779,0.0,5.025,16.6388889,46.5,46.5,46.5,46.5,46.51,-11.510370393333332,-0.0440740300000008,0.3113333333333337,4.855333333333333,5.792,16.710246909555554,4.983333333333335,6.5955267,6.613022,6.6175823,6.6462083,6.581833,0,4.0,0,0.0,-1.39,44.9,55.1
2022-10-03 08:00:00,33.615321933336,0.0,0.0,16.6388889,5.792,46.51,0,5.1764362714980825,70.66250196097344,8,0,10,0.8660254037844387,-0.4999999999999998,0.0,1.0,-0.8660254037844386,0.5000000000000001,33.0,20.625,6.875,2.7,5.8,98.0,80.0,2.1,5.5080037,0.0,5.2,16.6111111,46.5,46.5,46.5,46.5,46.906666666666666,-10.8468889,-0.0381481599999986,0.6253333333333329,5.166666666666667,6.252666666666667,16.679012349999997,5.271333333333335,6.581833,6.5955267,6.613022,6.6175823,6.626886,0,4.0,0,0.0,-1.4,45.4,54.6
2022-10-03 08:15:00,54.617815050006,0.0,0.0,16.6111111,6.252666666666667,46.906666666666666,0,5.1764362714980825,70.66250196097344,8,0,10,0.8660254037844387,-0.4999999999999998,0.0,1.0,-0.8660254037844386,0.5000000000000001,59.75,33.5,11.854166666666666,2.9250000000000003,6.875,98.5,79.0,2.25,5.575179,0.0,5.575,16.6111111,46.51,46.5,46.5,46.5,46.99,-10.358444433333332,-0.0277778000000026,0.4606666666666674,5.792,6.84,16.64234568666667,5.737111111111112,6.626886,6.581833,6.5955267,6.613022,6.6386595,0,4.0,0,0.0,-1.4,45.7,54.3
2022-10-03 08:30:00,35.85773221667,0.0,0.0,16.6111111,6.84,46.99,0,5.1764362714980825,70.66250196097344,8,0,10,0.8660254037844387,-0.4999999999999998,0.0,1.0,-0.8660254037844386,0.5000000000000001,86.5,51.0,19.0625,3.1500000000000004,7.949999999999999,99.0,78.0,2.4000000000000004,5.6418366,0.0,5.95,16.62222222,46.906666666666666,46.51,46.5,46.5,46.58571428571429,-9.7711111,0.0,0.5873333333333326,6.252666666666667,7.952142857142857,16.620370366666666,6.294888888888891,6.6386595,6.626886,6.581833,6.5955267,6.585944,0,4.0,0,0.0,-1.4,45.7,54.3
2022-10-03 08:45:00,34.806385538886,0.0,0.0,16.62222222,7.952142857142857,46.58571428571429,0,5.1764362714980825,70.66250196097344,8,0,10,0.8660254037844387,-0.4999999999999998,0.0,1.0,-0.8660254037844386,0.5000000000000001,113.25,73.125,28.5,3.375,9.025,99.5,77.0,2.5500000000000003,5.7079186,0.0,6.325,16.723492089428575,46.99,46.906666666666666,46.51,46.5,46.5,-8.670079362857145,0.0111111200000024,1.1121428571428575,6.84,9.011333333333337,16.61481480666667,7.0149365079365085,6.585944,6.6386595,6.626886,6.581833,6.6139674,0,4.0,0,0.0,-1.4,45.6,54.4
2022-10-03 09:00:00,47.233388455552,0.0,0.0,16.723492089428575,9.011333333333337,46.5,0,5.1764362714980825,70.66250196097344,9,0,10,0.7071067811865476,-0.7071067811865475,0.0,1.0,-0.8660254037844386,0.5000000000000001,140.0,99.875,40.16666666666666,3.6,10.1,100.0,76.0,2.7,5.773363,0.0,6.7,16.906878288571427,46.58571428571429,46.99,46.906666666666666,46.51,46.46666666666667,-7.71215875609524,0.1012698694285738,1.0591904761904771,7.952142857142857,9.507333333333332,16.65227513647619,7.9344920634920655,6.6139674,6.585944,6.6386595,6.626886,6.6824045,0,4.0,0,0.0,-1.38,44.3,55.7
2022-10-03 09:15:00,448.744271694446,0.0,0.0,16.906878288571427,9.507333333333332,46.46666666666667,0,5.1764362714980825,70.66250196097344,9,0,10,0.7071067811865476,-0.7071067811865475,0.0,1.0,-0.8660254037844386,0.5000000000000001,195.25,133.75,56.4375,3.95,11.625,100.0,73.25,2.7,5.776383,0.0,7.275,17.303703696000003,46.5,46.58571428571429,46.99,46.906666666666666,45.75666666666667,-7.399544955238094,0.183386199142852,0.4959999999999986,9.011333333333337,9.633333333333333,16.750864199333332,8.823603174603177,6.6824045,6.6139674,6.585944,6.6386595,6.738608,0,4.0,0,0.0,-1.33,42.0,58.0
2022-10-03 09:30:00,44.34294837778,0.0,0.0,17.303703696000003,9.633333333333333,45.75666666666667,0,5.1764362714980825,70.66250196097344,9,0,10,0.7071067811865476,-0.7071067811865475,0.0,1.0,-0.8660254037844386,0.5000000000000001,250.5,174.75,77.3125,4.3,13.15,100.0,70.5,2.7,5.7702403,0.0,7.85,17.701481461333334,46.46666666666667,46.5,46.58571428571429,46.99,45.0,-7.67037036266667,0.3968254074285759,0.1259999999999994,9.507333333333332,10.105333333333334,16.978024691333335,9.384,6.738608,6.6824045,6.6139674,6.585944,6.7864885,0,4.0,0,0.0,-1.24,37.2,62.8
2022-10-03 09:45:00,44.28739518333,0.0,0.0,17.701481461333334,10.105333333333334,45.0,0,5.1764362714980825,70.66250196097344,9,0,10,0.7071067811865476,-0.7071067811865475,0.0,1.0,-0.8660254037844386,0.5000000000000001,305.75,222.875,102.79166666666669,4.65,14.675,100.0,67.75,2.7,5.754328,0.0,8.425,18.00111111,45.75666666666667,46.46666666666667,46.5,46.58571428571429,44.24,-7.596148127999999,0.3977777653333305,0.4720000000000013,9.633333333333333,10.134666666666668,17.30402114863492,9.748666666666669,6.7864885,6.738608,6.6824045,6.6139674,6.7920003,0,4.0,0,0.0,-1.15,32.7,67.3
2022-10-03 10:00:00,32.027052150002,0.0,0.0,18.00111111,10.134666666666668,44.24,0,5.1764362714980825,70.66250196097344,10,0,10,0.4999999999999999,-0.8660254037844387,0.0,1.0,-0.8660254037844386,0.5000000000000001,361.0,278.125,132.875,5.0,16.2,100.0,65.0,2.7,5.728008,0.0,9.0,18.333333318666668,45.0,45.75666666666667,46.46666666666667,46.5,43.09333333333333,-7.866444443333332,0.2996296486666665,0.0293333333333336,10.105333333333334,10.27,17.668765422444448,9.957777777777778,6.7920003,6.7864885,6.738608,6.6824045,6.7478285,0,4.0,0,0.0,-1.08,29.6,70.4
2022-10-03 10:15:00,48.97692984444,0.0,0.0,18.333333318666668,10.27,43.09333333333333,0,5.1764362714980825,70.66250196097344,10,0,10,0.4999999999999999,-0.8660254037844387,0.0,1.0,-0.8660254037844386,0.5000000000000001,380.75,324.5,163.91666666666666,5.225,16.75,100.0,63.5,2.6750000000000003,5.71317,0.0,9.325,18.754444444,44.24,45.0,45.75666666666667,46.46666666666667,42.24,-8.063333318666666,0.3322222086666677,0.1353333333333335,10.134666666666668,10.904,18.011975296666666,10.170000000000002,6.7478285,6.7920003,6.7864885,6.738608,6.7812595,0,4.0,0,0.0,-1.01,26.4,73.6
2022-10-03 10:30:00,41.368623072218,0.0,0.0,18.754444444,10.904,42.24,0,5.1764362714980825,70.66250196097344,10,0,10,0.4999999999999999,-0.8660254037844387,0.0,1.0,-0.8660254037844386,0.5000000000000001,400.5,362.0,195.91666666666663,5.45,17.299999999999997,100.0,62.0,2.6500000000000004,5.694878,0.0,9.65,19.347407404,43.09333333333333,44.24,45.0,45.75666666666667,41.09333333333333,-7.850444444000001,0.4211111253333328,0.6339999999999986,10.27,11.552,18.36296295755556,10.436222222222224,6.7812595,6.7478285,6.7920003,6.7864885,6.832041,0,4.0,0,0.0,-0.91,22.6,77.4
2022-10-03 10:45:00,921.002325199996,0.0,0.0,19.347407404,11.552,41.09333333333333,0,5.1764362714980825,70.66250196097344,10,0,10,0.4999999999999999,-0.8660254037844387,0.0,1.0,-0.8660254037844386,0.5000000000000001,420.25,390.625,228.875,5.675000000000001,17.849999999999998,100.0,60.5,2.625,5.6730113,0.0,9.975,19.692222228,42.24,43.09333333333333,44.24,45.0,40.26,-7.795407404000002,0.5929629600000013,0.6479999999999997,10.904,11.478,18.81172838888889,10.908666666666669,6.832041,6.7812595,6.7478285,6.7920003,6.8305383,0,4.0,0,0.0,-0.78,17.8,82.2
2022-10-03 11:00:00,62.23612162222,0.0,0.0,19.692222228,11.478,40.26,0,5.1764362714980825,70.66250196097344,11,0,10,0.258819045102521,-0.9659258262890682,0.0,1.0,-0.8660254037844386,0.5000000000000001,440.0,410.375,262.7916666666667,5.9,18.4,100.0,59.0,2.6,5.647446,0.0,10.3,19.878518521333334,41.09333333333333,42.24,43.09333333333333,44.24,40.0,-8.214222227999999,0.3448148239999966,-0.0739999999999998,11.552,11.689333333333334,19.264691358666667,11.311333333333335,6.8305383,6.832041,6.7812595,6.7478285,6.8609953,0,4.0,0,0.0,-0.7,15.4,84.6
2022-10-03 11:15:00,42.810509861106,0.0,0.0,19.878518521333334,11.689333333333334,40.0,0,5.1764362714980825,70.66250196097344,11,0,10,0.258819045102521,-0.9659258262890682,0.0,1.0,-0.8660254037844386,0.5000000000000001,467.0,431.9375,296.7291666666667,6.075,18.925,100.0,57.75,2.625,5.6513925,0.0,10.65,19.99888889,40.26,41.09333333333333,42.24,43.09333333333333,40.0,-8.189185188,0.1862962933333349,0.211333333333334,11.478,11.714666666666666,19.639382717777774,11.573111111111112,6.8609953,6.8305383,6.832041,6.7812595,6.9095473,0,4.0,0,0.0,-0.66,14.2,85.8
2022-10-03 11:30:00,123.389508755552,0.0,0.0,19.99888889,11.714666666666666,40.0,0,5.1764362714980825,70.66250196097344,11,0,10,0.258819045102521,-0.9659258262890682,0.0,1.0,-0.8660254037844386,0.5000000000000001,494.0,455.3125,330.6875,6.25,19.45,100.0,56.5,2.6500000000000004,5.652336,0.0,11.0,20.086666698666665,40.0,40.26,41.09333333333333,42.24,39.906666666666666,-8.284222223333334,0.1203703686666664,0.0253333333333323,11.689333333333334,11.996666666666666,19.856543213111117,11.627333333333334,6.9095473,6.8609953,6.8305383,6.832041,6.9289374,0,4.0,0,0.0,-0.63,13.4,86.6
2022-10-03 11:45:00,47.087005394442,0.0,0.0,20.086666698666665,11.996666666666666,39.906666666666666,0,5.1764362714980825,70.66250196097344,11,0,10,0.258819045102521,-0.9659258262890682,0.0,1.0,-0.8660254037844386,0.5000000000000001,521.0,480.5,364.6666666666667,6.425,19.975,100.0,55.25,2.6750000000000003,5.6501603,0.0,11.35,20.277777752,40.0,40.0,40.26,41.09333333333333,39.25,-8.090000031999999,0.0877778086666651,0.282,11.714666666666666,11.924666666666669,19.98802470333333,11.800222222222224,6.9289374,6.9095473,6.8609953,6.8305383,6.891507,0,4.0,0,0.0,-0.61,12.9,87.1
2022-10-03 12:00:00,38.715118099996,0.0,0.0,20.277777752,11.924666666666669,39.25,0,5.1764362714980825,70.66250196097344,12,0,10,1.2246467991473532e-16,-1.0,0.0,1.0,-0.8660254037844386,0.5000000000000001,548.0,507.5,398.6666666666667,6.6,20.5,100.0,54.0,2.7,5.644744,0.0,11.7,20.48962962133333,39.906666666666666,40.0,40.0,40.26,38.59333333333333,-8.353111085333335,0.1911110533333371,-0.0719999999999991,11.996666666666666,12.182,20.12111111355556,11.878666666666668,6.891507,6.9289374,6.9095473,6.8609953,6.86054,0,4.0,0,0.0,-0.58,11.9,88.1
2022-10-03 12:15:00,37.943482249998,0.0,0.0,20.48962962133333,12.182,38.59333333333333,0,5.1764362714980825,70.66250196097344,12,0,10,1.2246467991473532e-16,-1.0,0.0,1.0,-0.8660254037844386,0.5000000000000001,569.0,533.0,429.8125,6.574999999999999,20.6,100.0,52.5,2.575,5.5917807,0.0,12.0,20.636666678,39.25,39.906666666666666,40.0,40.0,38.49,-8.307629621333334,0.21185186933333,0.2573333333333316,11.924666666666669,12.334666666666667,20.284691357333333,12.034444444444446,6.86054,6.891507,6.9289374,6.9095473,6.9010763,0,4.0,0,0.0,-0.53,10.9,89.1
2022-10-03 12:30:00,44.364614227778,0.0,0.0,20.636666678,12.334666666666667,38.49,0,5.1764362714980825,70.66250196097344,12,0,10,1.2246467991473532e-16,-1.0,0.0,1.0,-0.8660254037844386,0.5000000000000001,590.0,557.0,458.1041666666667,6.55,20.7,100.0,51.0,2.45,5.5345407,0.0,12.3,20.635555582666665,38.59333333333333,39.25,39.906666666666666,40.0,38.09333333333333,-8.30200001133333,0.1470370566666652,0.1526666666666685,12.182,12.706,20.46802468377778,12.14711111111111,6.9010763,6.86054,6.891507,6.9289374,6.829513,0,4.0,0,0.0,-0.5,10.1,89.9
2022-10-03 12:45:00,43.668253183334,0.0,0.0,20.635555582666665,12.706,38.09333333333333,0,5.1764362714980825,70.66250196097344,12,0,10,1.2246467991473532e-16,-1.0,0.0,1.0,-0.8660254037844386,0.5000000000000001,611.0,579.5,483.5416666666667,6.525,20.8,100.0,49.5,2.325,5.472901,0.0,12.6,20.445555562,38.49,38.59333333333333,39.25,39.906666666666666,38.01,-7.929555582666666,-0.0011110953333322,0.3713333333333324,12.334666666666667,12.971333333333332,20.587283960666664,12.407555555555556,6.829513,6.9010763,6.86054,6.891507,6.73949,0,4.0,0,0.0,-0.5,10.2,89.8
2022-10-03 13:00:00,41.290570627774,0.0,0.0,20.445555562,12.971333333333332,38.01,0,5.1764362714980825,70.66250196097344,13,0,10,-0.2588190451025208,-0.9659258262890684,0.0,1.0,-0.8660254037844386,0.5000000000000001,632.0,600.5,506.125,6.5,20.9,100.0,48.0,2.2,5.406735,0.0,12.9,20.308888898666662,38.09333333333333,38.49,38.59333333333333,39.25,38.31333333333334,-7.474222228666667,-0.1900000206666661,0.2653333333333325,12.706,12.744,20.572592607555556,12.670666666666667,6.73949,6.829513,6.9010763,6.86054,6.739284,0,4.0,0,0.0,-0.54,11.2,88.8
2022-10-03 13:15:00,41.05196902222,0.0,0.0,20.308888898666662,12.744,38.31333333333334,0,5.1764362714980825,70.66250196097344,13,0,10,-0.2588190451025208,-0.9659258262890684,0.0,1.0,-0.8660254037844386,0.5000000000000001,621.75,613.6875,526.2083333333334,6.375,20.8,100.0,47.0,2.0250000000000004,5.3434916,0.0,13.05,20.388888852,38.01,38.09333333333333,38.49,38.59333333333333,38.0,-7.564888898666666,-0.1366666633333331,-0.2273333333333322,12.971333333333332,13.386666666666668,20.463333347777777,12.807111111111112,6.739284,6.73949,6.829513,6.9010763,6.71547,0,4.0,0,0.0,-0.57,11.9,88.1
2022-10-03 13:30:00,39.526474477776,0.0,0.0,20.388888852,13.386666666666668,38.0,0,5.1764362714980825,70.66250196097344,13,0,10,-0.2588190451025208,-0.9659258262890684,0.0,1.0,-0.8660254037844386,0.5000000000000001,611.5,619.0625,543.7916666666666,6.25,20.7,100.0,46.0,1.85,5.278538,0.0,13.2,20.5,38.31333333333334,38.01,38.09333333333333,38.49,37.59333333333333,-7.002222185333331,0.0799999533333313,0.6426666666666669,12.744,13.304666666666666,20.38111110422222,13.034,6.71547,6.739284,6.73949,6.829513,6.68682,0,4.0,0,0.0,-0.56,11.5,88.5
2022-10-03 13:45:00,41.674444222216,0.0,0.0,20.5,13.304666666666666,37.59333333333333,0,5.1764362714980825,70.66250196097344,13,0,10,-0.2588190451025208,-0.9659258262890684,0.0,1.0,-0.8660254037844386,0.5000000000000001,601.25,616.625,558.875,6.125,20.6,100.0,45.0,1.675,5.2118516,0.0,13.35,20.471111138,38.0,38.31333333333334,38.01,38.09333333333333,37.49,-7.195333333333334,0.1111111480000026,-0.0820000000000007,13.386666666666668,13.178,20.39925925022222,13.145111111111111,6.68682,6.71547,6.739284,6.73949,6.657211,0,4.0,0,0.0,-0.53,10.9,89.1
2022-10-03 14:00:00,41.296125988884,0.0,0.0,20.471111138,13.178,37.49,0,5.1764362714980825,70.66250196097344,14,0,10,-0.4999999999999997,-0.8660254037844388,0.0,1.0,-0.8660254037844386,0.5000000000000001,591.0,606.375,571.4583333333334,6.0,20.5,100.0,44.0,1.5,5.143409,0.0,13.5,20.40962963866667,37.59333333333333,38.0,38.31333333333334,38.01,37.09333333333333,-7.293111138000002,-0.0288888619999987,-0.1266666666666669,13.304666666666666,13.56,20.45333333,13.28977777777778,6.657211,6.68682,6.71547,6.739284,6.5631833,0,4.0,0,0.0,-0.54,11.1,88.9
2022-10-03 14:15:00,395.84777662222,0.0,0.0,20.40962963866667,13.56,37.09333333333333,0,5.1764362714980825,70.66250196097344,14,0,10,-0.4999999999999997,-0.8660254037844388,0.0,1.0,-0.8660254037844386,0.5000000000000001,580.0,595.9375,580.875,5.925,20.05,100.0,44.0,1.6,5.1752057,0.0,13.6,20.496666666,37.49,37.59333333333333,38.0,38.31333333333334,36.74,-6.849629638666668,-0.0614814993333325,0.3820000000000014,13.178,13.804666666666666,20.460246925555555,13.347555555555555,6.5631833,6.657211,6.68682,6.71547,6.5337634,0,4.0,0,0.0,-0.56,11.5,88.5
2022-10-03 14:30:00,67.14259203888601,0.0,0.0,20.496666666,13.804666666666666,36.74,0,5.1764362714980825,70.66250196097344,14,0,10,-0.4999999999999997,-0.8660254037844388,0.0,1.0,-0.8660254037844386,0.5000000000000001,569.0,585.3125,587.125,5.85,19.6,100.0,44.0,1.7,5.207173,0.0,13.7,20.444444418666667,37.09333333333333,37.49,37.59333333333333,38.0,36.18666666666666,-6.691999999333333,0.0870370273333307,0.2446666666666654,13.56,13.802666666666664,20.459135814222225,13.514222222222225,6.5337634,6.5631833,6.657211,6.68682,6.415782,0,4.0,0,0.0,-0.54,11.1,88.9
2022-10-03 14:45:00,42.441357794446,0.0,0.0,20.444444418666667,13.802666666666664,36.18666666666666,0,5.1764362714980825,70.66250196097344,14,0,10,-0.4999999999999997,-0.8660254037844388,0.0,1.0,-0.8660254037844386,0.5000000000000001,558.0,574.5,590.2083333333334,5.775,19.15,100.0,44.0,1.7999999999999998,5.2393136,0.0,13.8,20.392222232,36.74,37.09333333333333,37.49,37.59333333333333,36.48,-6.641777752000001,-0.0522222473333329,-0.0020000000000006,13.804666666666666,13.914,20.450246907777775,13.722444444444449,6.415782,6.5337634,6.5631833,6.657211,6.4481063,0,4.0,0,0.0,-0.55,11.4,88.6
2022-10-03 15:00:00,51.064068488888,0.0,0.0,20.392222232,13.914,36.48,0,5.1764362714980825,70.66250196097344,15,0,10,-0.7071067811865471,-0.7071067811865479,0.0,1.0,-0.8660254037844386,0.5000000000000001,547.0,563.5,590.125,5.7,18.7,100.0,44.0,1.9,5.271624,0.0,13.9,20.468888882666665,36.18666666666666,36.74,37.09333333333333,37.49,36.09333333333333,-6.478222232000002,-0.0522221866666647,0.1113333333333344,13.802666666666664,14.214,20.44444443888889,13.840444444444444,6.4481063,6.415782,6.5337634,6.5631833,6.4083676,0,4.0,0,0.0,-0.56,11.7,88.3
2022-10-03 15:15:00,64.847128361106,0.0,0.0,20.468888882666665,14.214,36.09333333333333,0,5.1764362714980825,70.66250196097344,15,0,10,-0.7071067811865471,-0.7071067811865479,0.0,1.0,-0.8660254037844386,0.5000000000000001,501.5,543.875,584.5,5.35,18.35,100.0,45.0,2.2,5.383156,0.0,13.875,20.358888878,36.48,36.18666666666666,36.74,37.09333333333333,36.26,-6.254888882666664,0.0766666506666631,0.3000000000000007,13.914,14.456666666666669,20.43518517777778,13.976888888888888,6.4083676,6.4481063,6.415782,6.5337634,6.396757,0,4.0,0,0.0,-0.55,11.3,88.7
2022-10-03 15:30:00,71.7046317,0.0,0.0,20.358888878,14.456666666666669,36.26,0,5.1764362714980825,70.66250196097344,15,0,10,-0.7071067811865471,-0.7071067811865479,0.0,1.0,-0.8660254037844386,0.5000000000000001,456.0,515.625,573.3333333333334,5.0,18.0,100.0,46.0,2.5,5.494331,0.0,13.85,20.10074074,36.09333333333333,36.48,36.18666666666666,36.74,36.906666666666666,-5.902222211333335,-0.1100000046666629,0.2426666666666666,14.214,14.227333333333332,20.406666664222225,14.19488888888889,6.396757,6.4083676,6.4481063,6.415782,6.413331,0,4.0,0,0.0,-0.57,11.9,88.1
2022-10-03 15:45:00,55.22084666111,0.0,0.0,20.10074074,14.227333333333332,36.906666666666666,0,5.1764362714980825,70.66250196097344,15,0,10,-0.7071067811865471,-0.7071067811865479,0.0,1.0,-0.8660254037844386,0.5000000000000001,410.5,478.75,556.625,4.65,17.65,100.0,47.0,2.8,5.6051493,0.0,13.825,19.77888891,36.26,36.09333333333333,36.48,36.18666666666666,37.01,-5.873407406666667,-0.2581481380000028,-0.2293333333333347,14.456666666666669,14.219333333333331,20.30950616688889,14.299333333333337,6.413331,6.396757,6.4083676,6.4481063,6.3111553,0,4.0,0,0.0,-0.63,13.3,86.7
2022-10-03 16:00:00,42.660515711112,0.0,0.0,19.77888891,14.219333333333331,37.01,0,5.1764362714980825,70.66250196097344,16,0,10,-0.8660254037844385,-0.5000000000000004,0.0,1.0,-0.8660254037844386,0.5000000000000001,365.0,433.25,534.375,4.3,17.3,100.0,48.0,3.1,5.7156143,0.0,13.8,19.5,36.906666666666666,36.26,36.09333333333333,36.48,37.406666666666666,-5.559555576666666,-0.3218518299999999,-0.0079999999999991,14.227333333333332,14.018666666666666,20.079506176,14.301111111111112,6.3111553,6.413331,6.396757,6.4083676,6.275182,0,4.0,0,0.0,-0.7,15.4,84.6
2022-10-03 16:15:00,49.999666633332,0.0,0.0,19.5,14.018666666666666,37.406666666666666,0,5.1764362714980825,70.66250196097344,16,0,10,-0.8660254037844385,-0.5000000000000004,0.0,1.0,-0.8660254037844386,0.5000000000000001,330.25,390.4375,510.0833333333333,4.7,16.225,100.0,50.0,3.525,5.9172416,0.0,13.7,19.251111112,37.01,36.906666666666666,36.26,36.09333333333333,37.76,-5.481333333333334,-0.2788889099999991,-0.2006666666666667,14.219333333333331,13.784666666666668,19.793209883333333,14.155111111111111,6.275182,6.3111553,6.413331,6.396757,6.242359,0,4.0,0,0.0,-0.77,17.3,82.7
2022-10-03 16:30:00,53.309534216666,0.0,0.0,19.251111112,13.784666666666668,37.76,0,5.1764362714980825,70.66250196097344,16,0,10,-0.8660254037844385,-0.5000000000000004,0.0,1.0,-0.8660254037844386,0.5000000000000001,295.5,350.3125,483.75,5.1,15.15,100.0,52.0,3.95,6.1161523,0.0,13.6,19.04518522133333,37.406666666666666,37.01,36.906666666666666,36.26,38.5,-5.466444445333332,-0.2488888879999997,-0.2339999999999982,14.018666666666666,13.904666666666666,19.51000000733333,14.007555555555555,6.242359,6.275182,6.3111553,6.413331,6.2878933,0,4.0,0,0.0,-0.82,19.2,80.8
2022-10-03 16:45:00,37.728213027778,0.0,0.0,19.04518522133333,13.904666666666666,38.5,0,5.1764362714980825,70.66250196097344,16,0,10,-0.8660254037844385,-0.5000000000000004,0.0,1.0,-0.8660254037844386,0.5000000000000001,260.75,312.875,455.375,5.5,14.075,100.0,54.0,4.375,6.312366,0.0,13.5,18.834444462,37.76,37.406666666666666,37.01,36.906666666666666,39.0,-5.140518554666668,-0.2059258906666663,0.1199999999999974,13.784666666666668,13.920666666666667,19.265432111111117,13.902666666666669,6.2878933,6.242359,6.275182,6.3111553,6.2907867,0,4.0,0,0.0,-0.87,20.8,79.2
2022-10-03 17:00:00,56.269138044444,0.0,0.0,18.834444462,13.920666666666667,39.0,0,5.1764362714980825,70.66250196097344,17,0,10,-0.9659258262890684,-0.2588190451025206,0.0,1.0,-0.8660254037844386,0.5000000000000001,226.0,278.125,424.9583333333333,5.9,13.0,100.0,56.0,4.8,6.505905,0.0,13.4,18.6666667,38.5,37.76,37.406666666666666,37.01,39.5,-4.913777795333333,-0.2107407593333334,0.0160000000000017,13.904666666666666,13.820666666666666,19.04358026511111,13.870000000000005,6.2907867,6.2878933,6.242359,6.275182,6.3085365,0,4.0,0,0.0,-0.91,22.5,77.5
2022-10-03 17:15:00,45.4748476,0.0,0.0,18.6666667,13.820666666666666,39.5,0,5.1764362714980825,70.66250196097344,17,0,10,-0.9659258262890684,-0.2588190451025206,0.0,1.0,-0.8660254037844386,0.5000000000000001,193.25,243.875,392.7291666666667,6.2250000000000005,12.55,100.0,58.0,4.975,6.594096,0.0,13.05,18.5,39.0,38.5,37.76,37.406666666666666,40.25,-4.846000033333334,-0.167777762,-0.1000000000000014,13.920666666666667,13.530666666666669,18.84876546111111,13.882,6.3085365,6.2907867,6.2878933,6.242359,6.36519,0,4.0,0,0.0,-0.95,24.0,76.0
2022-10-03 17:30:00,39.218986777776,0.0,0.0,18.5,13.530666666666669,40.25,0,5.1764362714980825,70.66250196097344,17,0,10,-0.9659258262890684,-0.2588190451025206,0.0,1.0,-0.8660254037844386,0.5000000000000001,160.5,210.125,358.6875,6.550000000000001,12.1,100.0,60.0,5.15,6.675129,0.0,12.7,18.343703678666667,39.5,39.0,38.5,37.76,40.906666666666666,-4.969333333333333,-0.1666667000000004,-0.2899999999999991,13.820666666666666,13.299333333333331,18.667037054,13.757333333333335,6.36519,6.3085365,6.2907867,6.2878933,6.4093685,0,4.0,0,0.0,-0.98,25.4,74.6
2022-10-03 17:45:00,63.709118133336,0.0,0.0,18.343703678666667,13.299333333333331,40.906666666666666,0,5.1764362714980825,70.66250196097344,17,0,10,-0.9659258262890684,-0.2588190451025206,0.0,1.0,-0.8660254037844386,0.5000000000000001,127.75,176.875,322.8333333333333,6.875,11.65,100.0,62.0,5.325,6.7492356,0.0,12.35,18.222222248,40.25,39.5,39.0,38.5,41.25,-5.044370345333334,-0.1562963213333326,-0.2313333333333336,13.530666666666669,13.03,18.503456792888887,13.550222222222224,6.4093685,6.36519,6.3085365,6.2907867,6.416728,0,4.0,0,0.0,-1.02,26.8,73.2
2022-10-03 18:00:00,44.413501155556,0.0,0.0,18.222222248,13.03,41.25,0,5.1764362714980825,70.66250196097344,18,0,10,-1.0,-1.8369701987210294e-16,0.0,1.0,-0.8660254037844386,0.5000000000000001,95.0,144.125,285.1666666666667,7.2,11.2,100.0,64.0,5.5,6.816647,0.0,12.0,18.111111118666667,40.906666666666666,40.25,39.5,39.0,41.59333333333333,-5.192222247999998,-0.1214814306666696,-0.2693333333333338,13.299333333333331,12.756666666666666,18.355308642222223,13.286666666666669,6.416728,6.4093685,6.36519,6.3085365,6.427568,0,4.0,0,0.0,-1.04,27.9,72.1
2022-10-03 18:15:00,41.95387736111,0.0,0.0,18.111111118666667,12.756666666666666,41.59333333333333,0,5.1764362714980825,70.66250196097344,18,0,10,-1.0,-1.8369701987210294e-16,0.0,1.0,-0.8660254037844386,0.5000000000000001,74.25,114.375,249.5625,7.7,12.8,100.0,65.25,5.325,6.756994,0.0,11.55,18.027777798,41.25,40.906666666666666,40.25,39.5,42.0,-5.354444452000001,-0.1111111293333309,-0.2733333333333334,13.03,12.58,18.225679015111112,13.028666666666666,6.427568,6.416728,6.4093685,6.36519,6.4583354,0,4.0,0,0.0,-1.07,29.0,71.0
2022-10-03 18:30:00,58.476827516666,0.0,0.0,18.027777798,12.58,42.0,0,5.1764362714980825,70.66250196097344,18,0,10,-1.0,-1.8369701987210294e-16,0.0,1.0,-0.8660254037844386,0.5000000000000001,53.5,87.625,216.02083333333331,8.2,14.4,100.0,66.5,5.15,6.694717,0.0,11.1,17.954814778666666,41.59333333333333,41.25,40.906666666666666,40.25,42.59333333333333,-5.447777797999999,-0.0833333206666679,-0.1766666666666658,12.756666666666666,12.467999999999998,18.12037038822222,12.788888888888891,6.4583354,6.427568,6.416728,6.4093685,6.521205,0,4.0,0,0.0,-1.08,29.8,70.2
2022-10-03 18:45:00,215.749147655548,0.0,0.0,17.954814778666666,12.467999999999998,42.59333333333333,0,5.1764362714980825,70.66250196097344,18,0,10,-1.0,-1.8369701987210294e-16,0.0,1.0,-0.8660254037844386,0.5000000000000001,32.75,63.875,184.54166666666663,8.7,16.0,100.0,67.75,4.975,6.6299887,0.0,10.65,17.913333316,42.0,41.59333333333333,41.25,40.906666666666666,44.45,-5.486814778666668,-0.0729630193333328,-0.1120000000000018,12.58,12.376666666666669,18.03123456511111,12.601555555555557,6.521205,6.4583354,6.427568,6.416728,6.788688,0,4.0,0,0.0,-1.1,30.4,69.6
2022-10-03 19:00:00,1011.483427911112,50.509368477776,50.521034677776,17.913333316,12.376666666666669,44.45,1,5.1764362714980825,70.66250196097344,19,0,10,-0.9659258262890684,0.2588190451025203,0.0,1.0,-0.8660254037844386,0.5000000000000001,12.0,43.125,155.125,9.2,17.6,100.0,69.0,4.8,6.5629687,0.0,10.2,17.794814794666664,42.59333333333333,42.0,41.59333333333333,41.25,44.09333333333333,-5.536666649333332,-0.0414814626666668,-0.0913333333333312,12.467999999999998,12.223333333333333,17.965308630888888,12.47488888888889,6.788688,6.521205,6.4583354,6.427568,6.686851,0,3.0,1,0.25,-1.1,30.4,69.6
2022-10-03 19:15:00,314.282706038886,177.337072949998,177.35540561666198,17.794814794666664,12.223333333333333,44.09333333333333,2,5.1764362714980825,70.66250196097344,19,0,10,-0.9659258262890684,0.2588190451025203,0.0,1.0,-0.8660254037844386,0.5000000000000001,9.0,26.8125,128.35416666666666,8.799999999999999,16.975,100.0,71.0,4.85,6.6154666,0.0,9.875,18.023333306,44.45,42.59333333333333,42.0,41.59333333333333,43.29,-5.571481461333331,-0.1185185213333355,-0.1533333333333342,12.376666666666669,11.902666666666669,17.887654296444442,12.356,6.686851,6.788688,6.521205,6.4583354,6.6549387,0,2.0,1,0.5,-1.13,31.8,68.2
2022-10-03 19:30:00,1263.337797916662,140.145782844444,140.166615377776,18.023333306,11.902666666666669,43.29,2,5.1764362714980825,70.66250196097344,19,0,10,-0.9659258262890684,0.2588190451025203,0.0,1.0,-0.8660254037844386,0.5000000000000001,6.0,14.9375,104.22916666666669,8.399999999999999,16.35,100.0,73.0,4.9,6.6627297,0.0,9.55,18.09037036133333,44.09333333333333,44.45,42.59333333333333,42.0,44.22,-6.120666639333331,0.2285185113333341,-0.320666666666666,12.223333333333333,11.59,17.910493805555554,12.167555555555555,6.6549387,6.686851,6.788688,6.521205,6.825059,0,1.0,0,0.75,-1.08,29.5,70.5
2022-10-03 19:45:00,1331.568401783334,93.0254455,93.043778149998,18.09037036133333,11.59,44.22,2,5.1764362714980825,70.66250196097344,19,0,10,-0.9659258262890684,0.2588190451025203,0.0,1.0,-0.8660254037844386,0.5000000000000001,3.0,7.5,82.75,8.0,15.725,100.0,75.0,4.95,6.704926,0.0,9.225,17.706666646,43.29,44.09333333333333,44.45,42.59333333333333,44.03,-6.500370361333332,0.0670370553333334,-0.3126666666666668,11.902666666666669,11.338666666666663,17.969506153999998,11.905333333333331,6.825059,6.6549387,6.686851,6.788688,6.6422567,0,0.0,0,1.0,-1.06,28.6,71.4
2022-10-03 20:00:00,177.954548249998,0.0,0.0,17.706666646,11.338666666666663,44.03,0,5.1764362714980825,70.66250196097344,20,0,10,-0.8660254037844386,0.5000000000000001,0.0,1.0,-0.8660254037844386,0.5000000000000001,0.0,4.5,63.91666666666666,7.6,15.1,100.0,77.0,5.0,6.7422204,0.0,8.9,16.721481509333334,44.22,43.29,44.09333333333333,44.45,45.0,-6.367999979333334,-0.3837037153333327,-0.2513333333333349,11.59,10.944,17.940123437777775,11.610444444444443,6.6422567,6.825059,6.6549387,6.686851,6.399839,1,1.0,1,0.75,-1.15,32.9,67.1
2022-10-03 20:15:00,88.29619034444,0.0,0.0,16.721481509333334,10.944,45.0,0,5.1764362714980825,70.66250196097344,20,0,10,-0.8660254037844386,0.5000000000000001,0.0,1.0,-0.8660254037844386,0.5000000000000001,0.0,2.25,47.8125,7.875,15.275,100.0,77.5,5.075,6.7643175,0.0,8.85,16.697777784,44.03,44.22,43.29,44.09333333333333,46.24,-5.777481509333335,-0.9851851366666652,-0.3946666666666658,11.338666666666663,10.679333333333334,17.506172838888887,11.290888888888889,6.399839,6.6422567,6.825059,6.6549387,6.5668306,0,2.0,0,0.5,-1.39,44.7,55.3
2022-10-03 20:30:00,108.734539294446,0.0,0.0,16.697777784,10.679333333333334,46.24,0,5.1764362714980825,70.66250196097344,20,0,10,-0.8660254037844386,0.5000000000000001,0.0,1.0,-0.8660254037844386,0.5000000000000001,0.0,0.75,34.4375,8.149999999999999,15.45,100.0,78.0,5.15,6.786197,0.0,8.8,16.979259261333333,45.0,44.03,44.22,43.29,46.906666666666666,-6.0184444506666654,-0.023703725333334,-0.264666666666665,10.944,10.499333333333334,17.041975313111113,10.987333333333334,6.5668306,6.399839,6.6422567,6.825059,6.775035,0,3.0,0,0.25,-1.39,44.7,55.3
2022-10-03 20:45:00,88.963941283334,0.0,0.0,16.979259261333333,10.499333333333334,46.906666666666666,0,5.1764362714980825,70.66250196097344,20,0,10,-0.8660254037844386,0.5000000000000001,0.0,1.0,-0.8660254037844386,0.5000000000000001,0.0,0.0,23.791666666666668,8.424999999999999,15.625,100.0,78.5,5.225,6.8078594,0.0,8.75,17.083333349999997,46.24,45.0,44.03,44.22,47.0,-6.479925927999998,0.2814814773333332,-0.1799999999999997,10.679333333333334,10.256,16.799506184888887,10.707555555555556,6.775035,6.5668306,6.399839,6.6422567,6.830998,0,4.0,0,0.0,-1.31,41.0,59.0
2022-10-03 21:00:00,89.615581766672,0.0,0.0,17.083333349999997,10.256,47.0,0,5.1764362714980825,70.66250196097344,21,0,10,-0.7071067811865477,0.7071067811865474,0.0,1.0,-0.8660254037844386,0.5000000000000001,0.0,0.0,15.875,8.7,15.8,100.0,79.0,5.3,6.8293033,0.0,8.7,17.156296321333333,46.906666666666666,46.24,45.0,44.03,47.0,-6.827333349999996,0.104074088666664,-0.243333333333334,10.499333333333334,10.142,16.92012346511111,10.478222222222223,6.830998,6.775035,6.5668306,6.399839,6.860919,0,4.0,0,0.0,-1.29,39.7,60.3
2022-10-03 21:15:00,109.990600150002,0.0,0.0,17.156296321333333,10.142,47.0,0,5.1764362714980825,70.66250196097344,21,0,10,-0.7071067811865477,0.7071067811865474,0.0,1.0,-0.8660254037844386,0.5000000000000001,0.0,0.0,9.6875,7.625,15.275,100.0,80.0,5.325,6.8495345,0.0,8.549999999999999,17.19444445,47.0,46.906666666666666,46.24,45.0,47.01,-7.014296321333333,0.0729629713333359,-0.1140000000000007,10.256,10.280666666666669,17.07296297755555,10.299111111111111,6.860919,6.830998,6.775035,6.5668306,6.8780694,0,4.0,0,0.0,-1.27,38.7,61.3
2022-10-03 21:30:00,82.027552083334,0.0,0.0,17.19444445,10.280666666666669,47.01,0,5.1764362714980825,70.66250196097344,21,0,10,-0.7071067811865477,0.7071067811865474,0.0,1.0,-0.8660254037844386,0.5000000000000001,0.0,0.0,5.229166666666667,6.55,14.75,100.0,81.0,5.35,6.868672,0.0,8.399999999999999,17.232592578666665,47.0,47.0,46.906666666666666,46.24,47.406666666666666,-6.913777783333332,0.0381481286666662,0.1386666666666673,10.142,10.374,17.144691373777775,10.226222222222225,6.8780694,6.860919,6.830998,6.775035,6.951962,0,4.0,0,0.0,-1.26,38.3,61.7
2022-10-03 21:45:00,82.82640911110799,0.0,0.0,17.232592578666665,10.374,47.406666666666666,0,5.1764362714980825,70.66250196097344,21,0,10,-0.7071067811865477,0.7071067811865474,0.0,1.0,-0.8660254037844386,0.5000000000000001,0.0,0.0,2.5,5.475,14.225,100.0,82.0,5.375,6.8867307,0.0,8.25,17.303333328,47.01,47.0,47.0,46.906666666666666,47.0,-6.858592578666665,0.0381481286666662,0.0933333333333337,10.280666666666669,10.354,17.19444445,10.265555555555558,6.951962,6.8780694,6.860919,6.830998,6.9215612,0,4.0,0,0.0,-1.25,37.7,62.3
2022-10-03 22:00:00,57.92796062222,0.0,0.0,17.303333328,10.354,47.0,0,5.1764362714980825,70.66250196097344,22,0,10,-0.5000000000000004,0.8660254037844384,0.0,1.0,-0.8660254037844386,0.5000000000000001,0.0,0.0,1.5,4.4,13.7,100.0,83.0,5.4,6.903729,0.0,8.1,17.28814816,47.406666666666666,47.01,47.0,47.0,46.5,-6.949333328,0.0707407493333356,-0.0199999999999995,10.374,10.300666666666666,17.243456785555555,10.336222222222224,6.9215612,6.951962,6.8780694,6.860919,6.8417106,0,4.0,0,0.0,-1.23,36.9,63.1
2022-10-03 22:15:00,46.014826133328,0.0,0.0,17.28814816,10.300666666666666,46.5,0,5.1764362714980825,70.66250196097344,22,0,10,-0.5000000000000004,0.8660254037844384,0.0,1.0,-0.8660254037844386,0.5000000000000001,0.0,0.0,0.75,4.25,12.175,100.0,83.0,5.4750000000000005,6.948323,0.0,8.2,17.2777778,47.0,47.406666666666666,47.01,47.0,46.5,-6.987481493333332,-0.0151851680000021,-0.0533333333333345,10.354,10.252,17.274691355555554,10.342888888888892,6.8417106,6.9215612,6.951962,6.8780694,6.837467,0,4.0,0,0.0,-1.24,37.2,62.8
2022-10-03 22:30:00,836.106554383334,0.0,0.0,17.2777778,10.252,46.5,0,5.1764362714980825,70.66250196097344,22,0,10,-0.5000000000000004,0.8660254037844384,0.0,1.0,-0.8660254037844386,0.5000000000000001,0.0,0.0,0.25,4.1,10.65,100.0,83.0,5.550000000000001,6.9931703,0.0,8.3,17.2777778,46.5,47.0,47.406666666666666,47.01,46.5,-7.025777799999998,-0.0103703599999995,-0.0486666666666657,10.300666666666666,9.896,17.289753096,10.302222222222223,6.837467,6.8417106,6.9215612,6.951962,6.837467,0,4.0,0,0.0,-1.24,37.4,62.6
2022-10-03 22:45:00,46.212873594446,0.0,0.0,17.2777778,9.896,46.5,0,5.1764362714980825,70.66250196097344,22,0,10,-0.5000000000000004,0.8660254037844384,0.0,1.0,-0.8660254037844386,0.5000000000000001,0.0,0.0,0.0,3.95,9.125,100.0,83.0,5.625,7.0382686,0.0,8.4,17.251111112,46.5,46.5,47.0,47.406666666666666,46.5,-7.3817778,0.0,-0.3560000000000016,10.252,9.258666666666668,17.281234586666667,10.149555555555557,6.837467,6.837467,6.8417106,6.9215612,6.826568,0,4.0,0,0.0,-1.24,37.4,62.6
2022-10-03 23:00:00,411.739918644444,0.0,0.0,17.251111112,9.258666666666668,46.5,0,5.1764362714980825,70.66250196097344,23,0,10,-0.2588190451025215,0.965925826289068,0.0,1.0,-0.8660254037844386,0.5000000000000001,0.0,0.0,0.0,3.8,7.6,100.0,83.0,5.7,7.0836196,0.0,8.5,17.25833334,46.5,46.5,46.5,47.0,46.6,-7.992444445333334,-0.0266666879999988,-0.6373333333333324,9.896,9.0,17.268888903999997,9.802222222222223,6.826568,6.837467,6.837467,6.8417106,6.8442044,0,4.0,0,0.0,-1.25,37.7,62.3
2022-10-03 23:15:00,67.305085488888,0.0,0.0,17.25833334,9.0,46.6,0,5.1764362714980825,70.66250196097344,23,0,10,-0.2588190451025215,0.965925826289068,0.0,1.0,-0.8660254037844386,0.5000000000000001,0.0,0.0,0.0,3.575,7.5,100.0,84.0,5.725,7.0888114,0.0,8.325,17.223333312,46.5,46.5,46.5,46.5,46.99,-8.25833334,0.0072222279999998,-0.2586666666666666,9.258666666666668,8.831333333333333,17.262407417333336,9.38488888888889,6.8442044,6.826568,6.837467,6.837467,6.8870444,0,4.0,0,0.0,-1.25,37.6,62.4
2022-10-03 23:30:00,47.880584799996,0.0,0.0,17.223333312,8.831333333333333,46.99,0,5.1764362714980825,70.66250196097344,23,0,10,-0.2588190451025215,0.965925826289068,0.0,1.0,-0.8660254037844386,0.5000000000000001,0.0,0.0,0.0,3.35,7.4,100.0,85.0,5.75,7.092887,0.0,8.15,17.2222222,46.6,46.5,46.5,46.5,47.0,-8.391999978666668,-0.0350000279999989,-0.1686666666666667,9.0,8.796666666666665,17.24425925466667,9.03,6.8870444,6.8442044,6.826568,6.837467,6.8880515,0,4.0,0,0.0,-1.25,37.9,62.1
2022-10-03 23:45:00,42.167757655556,0.0,0.0,17.2222222,8.796666666666665,47.0,0,5.1764362714980825,70.66250196097344,23,0,10,-0.2588190451025215,0.965925826289068,0.0,1.0,-0.8660254037844386,0.5000000000000001,0.0,0.0,0.0,3.125,7.3,100.0,86.0,5.775,7.0958667,0.0,7.975,17.2222222,46.99,46.6,46.5,46.5,47.01153846153846,-8.425555533333336,-0.0011111120000002,-0.0346666666666681,8.831333333333333,8.783846153846154,17.234629617333333,8.876000000000001,6.8880515,6.8870444,6.8442044,6.826568,6.889743,0,4.0,0,0.0,-1.25,37.9,62.1
2022-10-04 00:00:00,56.511906216662,0.0,0.0,17.2222222,8.783846153846154,47.01153846153846,0,5.1764362714980825,70.66250196097344,0,1,10,0.0,1.0,0.7818314824680298,0.6234898018587336,-0.8660254037844386,0.5000000000000001,0.0,0.0,0.0,2.9,7.2,100.0,87.0,5.8,7.097775,0.0,7.8,17.2222222,47.0,46.99,46.6,46.5,47.31333333333334,-8.438376046153847,0.0,-0.0128205128205109,8.796666666666665,8.704,17.222592570666666,8.80394871794872,6.889743,6.8880515,6.8870444,6.8442044,6.9339714,0,4.0,0,0.0,-1.25,37.9,62.1
2022-10-04 00:15:00,39.8392397,0.0,0.0,17.2222222,8.704,47.31333333333334,0,5.1764362714980825,70.66250196097344,0,1,10,0.0,1.0,0.7818314824680298,0.6234898018587336,-0.8660254037844386,0.5000000000000001,0.0,0.0,0.0,3.0,7.1,100.0,86.25,5.775,7.0935836,0.0,7.925,17.19444445,47.01153846153846,47.0,46.99,46.6,47.01,-8.5182222,0.0,-0.0798461538461534,8.783846153846154,8.308,17.2222222,8.761504273504274,6.9339714,6.889743,6.8880515,6.8870444,6.8780694,0,4.0,0,0.0,-1.25,37.9,62.1
2022-10-04 00:30:00,43.40187493889,0.0,0.0,17.19444445,8.308,47.01,0,5.1764362714980825,70.66250196097344,0,1,10,0.0,1.0,0.7818314824680298,0.6234898018587336,-0.8660254037844386,0.5000000000000001,0.0,0.0,0.0,3.1,7.0,100.0,85.5,5.75,7.0888,0.0,8.05,17.1666667,47.31333333333334,47.01153846153846,47.0,46.99,47.0,-8.886444449999999,-0.027777750000002,-0.3960000000000008,8.704,8.08,17.21296295,8.598615384615385,6.8780694,6.9339714,6.889743,6.8880515,6.8651814,0,4.0,0,0.0,-1.26,38.3,61.7
2022-10-04 00:45:00,54.965301316666,0.0,0.0,17.1666667,8.08,47.0,0,5.1764362714980825,70.66250196097344,0,1,10,0.0,1.0,0.7818314824680298,0.6234898018587336,-0.8660254037844386,0.5000000000000001,0.0,0.0,0.0,3.2,6.9,100.0,84.75,5.725,7.083417,0.0,8.175,17.1666667,47.01,47.31333333333334,47.01153846153846,47.0,47.0,-9.0866667,-0.0277777499999984,-0.2279999999999997,8.308,8.150666666666666,17.19444445,8.364,6.8651814,6.8780694,6.9339714,6.889743,6.8651814,0,4.0,0,0.0,-1.27,38.6,61.4
2022-10-04 01:00:00,39.55758438333,0.0,0.0,17.1666667,8.150666666666666,47.0,0,5.1764362714980825,70.66250196097344,1,1,10,0.2588190451025207,0.9659258262890684,0.7818314824680298,0.6234898018587336,-0.8660254037844386,0.5000000000000001,0.0,0.0,0.0,3.3,6.8,100.0,84.0,5.7,7.077425,0.0,8.3,17.156296321333333,47.0,47.01,47.31333333333334,47.01153846153846,47.0,-9.016000033333334,0.0,0.0706666666666659,8.08,8.223333333333333,17.17592595,8.179555555555558,6.8651814,6.8651814,6.8780694,6.9339714,6.860919,0,4.0,0,0.0,-1.27,38.6,61.4
2022-10-04 01:15:00,47.516154827778,0.0,0.0,17.156296321333333,8.223333333333333,47.0,0,5.1764362714980825,70.66250196097344,1,1,10,0.2588190451025207,0.9659258262890684,0.7818314824680298,0.6234898018587336,-0.8660254037844386,0.5000000000000001,0.0,0.0,0.0,3.325,6.625,100.0,84.25,5.7,7.0756946,0.0,8.25,17.112222212,47.0,47.0,47.01,47.31333333333334,47.01,-8.932962988,-0.0103703786666677,0.0726666666666666,8.150666666666666,8.272666666666668,17.16320990711111,8.151333333333335,6.860919,6.8651814,6.8651814,6.8780694,6.844287,0,4.0,0,0.0,-1.27,38.7,61.3
2022-10-04 01:30:00,50.436315916662,0.0,0.0,17.112222212,8.272666666666668,47.01,0,5.1764362714980825,70.66250196097344,1,1,10,0.2588190451025207,0.9659258262890684,0.7818314824680298,0.6234898018587336,-0.8660254037844386,0.5000000000000001,0.0,0.0,0.0,3.35,6.449999999999999,100.0,84.5,5.7,7.073895,0.0,8.2,17.1111111,47.0,47.0,47.0,47.01,47.4,-8.839555545333331,-0.0440741093333336,0.049333333333335,8.223333333333333,8.101428571428572,17.145061744444444,8.215555555555556,6.844287,6.860919,6.8651814,6.8651814,6.9006095,0,4.0,0,0.0,-1.28,39.3,60.7
2022-10-04 01:45:00,41.812216327778,0.0,0.0,17.1111111,8.101428571428572,47.4,0,5.1764362714980825,70.66250196097344,1,1,10,0.2588190451025207,0.9659258262890684,0.7818314824680298,0.6234898018587336,-0.8660254037844386,0.5000000000000001,0.0,0.0,0.0,3.375,6.275,100.0,84.75,5.7,7.0720253,0.0,8.15,17.083333349999997,47.01,47.0,47.0,47.0,47.5,-9.009682528571426,-0.0011111120000002,-0.1712380952380954,8.272666666666668,7.992,17.12654321111111,8.199142857142858,6.9006095,6.844287,6.860919,6.8651814,6.903669,0,4.0,0,0.0,-1.28,39.2,60.8
2022-10-04 02:00:00,41.999986633332,0.0,0.0,17.083333349999997,7.992,47.5,0,5.1764362714980825,70.66250196097344,2,1,10,0.4999999999999999,0.8660254037844387,0.7818314824680298,0.6234898018587336,-0.8660254037844386,0.5000000000000001,0.0,0.0,0.0,3.4,6.1,100.0,85.0,5.7,7.070084,0.0,8.1,17.0555556,47.4,47.01,47.0,47.0,47.59333333333333,-9.091333349999996,-0.027777750000002,-0.1094285714285723,8.101428571428572,7.947999999999999,17.102222220666665,8.122031746031748,6.903669,6.9006095,6.844287,6.860919,6.90573,0,4.0,0,0.0,-1.29,39.5,60.5
2022-10-04 02:15:00,50.242434772218,0.0,0.0,17.0555556,7.947999999999999,47.59333333333333,0,5.1764362714980825,70.66250196097344,2,1,10,0.4999999999999999,0.8660254037844387,0.7818314824680298,0.6234898018587336,-0.8660254037844386,0.5000000000000001,0.0,0.0,0.0,3.475,5.925,100.0,86.0,5.7,7.073022,0.0,7.925,17.0555556,47.5,47.4,47.01,47.0,47.73846153846154,-9.1075556,-0.0277777499999949,-0.0440000000000004,7.992,8.017692307692307,17.08333335,8.013809523809526,6.90573,6.903669,6.9006095,6.844287,6.9267874,0,4.0,0,0.0,-1.29,39.9,60.1
2022-10-04 02:30:00,44.531829838886,0.0,0.0,17.0555556,8.017692307692307,47.73846153846154,0,5.1764362714980825,70.66250196097344,2,1,10,0.4999999999999999,0.8660254037844387,0.7818314824680298,0.6234898018587336,-0.8660254037844386,0.5000000000000001,0.0,0.0,0.0,3.55,5.75,100.0,87.0,5.7,7.07489,0.0,7.75,17.045185221333334,47.59333333333333,47.5,47.4,47.01,47.5,-9.037863292307694,0.0,0.0696923076923079,7.947999999999999,8.090666666666667,17.06481485,7.985897435897438,6.9267874,6.90573,6.903669,6.9006095,6.8879027,0,4.0,0,0.0,-1.29,39.8,60.2
2022-10-04 02:45:00,38.264024977776,0.0,0.0,17.045185221333334,8.090666666666667,47.5,0,5.1764362714980825,70.66250196097344,2,1,10,0.4999999999999999,0.8660254037844387,0.7818314824680298,0.6234898018587336,-0.8660254037844386,0.5000000000000001,0.0,0.0,0.0,3.625,5.575,100.0,88.0,5.7,7.0757093,0.0,7.575,17.001111112,47.73846153846154,47.59333333333333,47.5,47.4,47.5,-8.954518554666667,-0.0103703786666677,0.0729743589743598,8.017692307692307,7.931333333333333,17.05209880711111,8.018786324786326,6.8879027,6.9267874,6.90573,6.903669,6.8697286,0,4.0,0,0.0,-1.29,40.0,60.0
2022-10-04 03:00:00,53.5903563,0.0,0.0,17.001111112,7.931333333333333,47.5,0,5.1764362714980825,70.66250196097344,3,1,10,0.7071067811865476,0.7071067811865476,0.7818314824680298,0.6234898018587336,-0.8660254037844386,0.5000000000000001,0.0,0.0,0.0,3.7,5.4,100.0,89.0,5.7,7.0754995,0.0,7.4,17.0,47.5,47.73846153846154,47.59333333333333,47.5,47.5,-9.069777778666667,-0.0440741093333336,-0.1593333333333344,8.090666666666667,7.893333333333333,17.033950644444445,8.01323076923077,6.8697286,6.8879027,6.9267874,6.90573,6.8692718,0,4.0,0,0.0,-1.31,40.6,59.4
2022-10-04 03:15:00,46.8372931,0.0,0.0,17.0,7.893333333333333,47.5,0,5.1764362714980825,70.66250196097344,3,1,10,0.7071067811865476,0.7071067811865476,0.7818314824680298,0.6234898018587336,-0.8660254037844386,0.5000000000000001,0.0,0.0,0.0,3.75,5.575,100.0,88.5,5.675,7.0585723,0.0,7.45,16.998888888,47.5,47.5,47.73846153846154,47.59333333333333,47.5,-9.106666666666667,-0.0011111120000002,-0.0380000000000002,7.931333333333333,7.803333333333333,17.01543211111111,7.971777777777778,6.8692718,6.8697286,6.8879027,6.9267874,6.8688126,0,4.0,0,0.0,-1.31,40.6,59.4
2022-10-04 03:30:00,38.03931161667,0.0,0.0,16.998888888,7.803333333333333,47.5,0,5.1764362714980825,70.66250196097344,3,1,10,0.7071067811865476,0.7071067811865476,0.7818314824680298,0.6234898018587336,-0.8660254037844386,0.5000000000000001,0.0,0.0,0.0,3.8,5.75,100.0,88.0,5.65,7.0414505,0.0,7.5,16.954814778666666,47.5,47.5,47.5,47.73846153846154,47.5,-9.195555554666669,-0.0011111120000002,-0.0899999999999998,7.893333333333333,7.682666666666666,17.0,7.876,6.8688126,6.8692718,6.8697286,6.8879027,6.8506837,0,4.0,0,0.0,-1.31,40.6,59.4
2022-10-04 03:45:00,57.068272811108,0.0,0.0,16.954814778666666,7.682666666666666,47.5,0,5.1764362714980825,70.66250196097344,3,1,10,0.7071067811865476,0.7071067811865476,0.7818314824680298,0.6234898018587336,-0.8660254037844386,0.5000000000000001,0.0,0.0,0.0,3.85,5.925,100.0,87.5,5.625,7.0241356,0.0,7.55,16.9444444,47.5,47.5,47.5,47.5,47.75,-9.272148112,-0.0440741093333336,-0.1206666666666667,7.803333333333333,7.7,16.984567888888886,7.793111111111112,6.8506837,6.8688126,6.8692718,6.8697286,6.8824553,0,4.0,0,0.0,-1.32,41.1,58.9
2022-10-04 04:00:00,43.354376872222,0.0,0.0,16.9444444,7.7,47.75,0,5.1764362714980825,70.66250196097344,4,1,10,0.8660254037844386,0.5000000000000001,0.7818314824680298,0.6234898018587336,-0.8660254037844386,0.5000000000000001,0.0,0.0,0.0,3.9,6.1,100.0,87.0,5.6,7.006624,0.0,7.6,16.93407404,47.5,47.5,47.5,47.5,48.0,-9.2444444,-0.0103703786666677,0.017333333333334,7.682666666666666,7.759333333333333,16.966049355555555,7.728666666666668,6.8824553,6.8506837,6.8688126,6.8692718,6.9141884,0,4.0,0,0.0,-1.32,41.2,58.8
2022-10-04 04:15:00,41.994153533332,0.0,0.0,16.93407404,7.759333333333333,48.0,0,5.1764362714980825,70.66250196097344,4,1,10,0.8660254037844386,0.5000000000000001,0.7818314824680298,0.6234898018587336,-0.8660254037844386,0.5000000000000001,0.0,0.0,0.0,3.925,6.375,100.0,88.25,5.625,7.0272455,0.0,7.425,16.89000001,47.75,47.5,47.5,47.5,48.0,-9.174740706666665,-0.0103703599999995,0.059333333333333,7.7,7.923333333333334,16.94444440622222,7.714000000000001,6.9141884,6.8824553,6.8506837,6.8688126,6.8959274,0,4.0,0,0.0,-1.32,41.3,58.7
2022-10-04 04:30:00,50.55603334444,0.0,0.0,16.89000001,7.923333333333334,48.0,0,5.1764362714980825,70.66250196097344,4,1,10,0.8660254037844386,0.5000000000000001,0.7818314824680298,0.6234898018587336,-0.8660254037844386,0.5000000000000001,0.0,0.0,0.0,3.95,6.65,100.0,89.5,5.65,7.0463977,0.0,7.25,16.8888889,48.0,47.75,47.5,47.5,48.0,-8.966666676666668,-0.0440740299999973,0.1640000000000006,7.759333333333333,7.874,16.922839483333334,7.794222222222224,6.8959274,6.9141884,6.8824553,6.8506837,6.895468,0,4.0,0,0.0,-1.33,41.8,58.2
2022-10-04 04:45:00,44.342392916666,0.0,0.0,16.8888889,7.874,48.0,0,5.1764362714980825,70.66250196097344,4,1,10,0.8660254037844386,0.5000000000000001,0.7818314824680298,0.6234898018587336,-0.8660254037844386,0.5000000000000001,0.0,0.0,0.0,3.975,6.925,100.0,90.75,5.675,7.0641084,0.0,7.075,16.887777788,48.0,48.0,47.75,47.5,48.25,-9.014888900000004,-0.00111111,-0.0493333333333341,7.923333333333334,7.796666666666667,16.904320983333335,7.852222222222224,6.895468,6.8959274,6.9141884,6.8824553,6.930919,0,4.0,0,0.0,-1.33,41.9,58.1
2022-10-04 05:00:00,47.006175127782,0.0,0.0,16.887777788,7.796666666666667,48.25,0,5.1764362714980825,70.66250196097344,5,1,10,0.9659258262890684,0.2588190451025207,0.7818314824680298,0.6234898018587336,-0.8660254037844386,0.5000000000000001,0.0,0.0,0.0,4.0,7.2,100.0,92.0,5.7,7.0804057,0.0,6.9,16.843703678666667,48.0,48.0,48.0,47.75,48.5,-9.091111121333334,-0.0011111120000002,-0.0773333333333328,7.874,7.768,16.888888899333335,7.864666666666668,6.930919,6.895468,6.8959274,6.9141884,6.948426,0,4.0,0,0.0,-1.33,41.8,58.2
2022-10-04 05:15:00,45.045420261114,0.0,0.0,16.843703678666667,7.768,48.5,0,5.1764362714980825,70.66250196097344,5,1,10,0.9659258262890684,0.2588190451025207,0.7818314824680298,0.6234898018587336,-0.8660254037844386,0.5000000000000001,0.0,0.0,0.0,4.175,7.65,100.0,93.0,5.7,7.0993724,0.0,6.775,16.8333333,48.25,48.0,48.0,48.0,48.5,-9.075703678666668,-0.0440741093333336,-0.028666666666667,7.796666666666667,7.765333333333333,16.87345678888889,7.81288888888889,6.948426,6.930919,6.895468,6.8959274,6.9441,0,4.0,0,0.0,-1.34,42.3,57.7
2022-10-04 05:30:00,50.422427505554,0.0,0.0,16.8333333,7.765333333333333,48.5,0,5.1764362714980825,70.66250196097344,5,1,10,0.9659258262890684,0.2588190451025207,0.7818314824680298,0.6234898018587336,-0.8660254037844386,0.5000000000000001,0.0,0.0,0.0,4.35,8.1,100.0,94.0,5.7,7.117508,0.0,6.65,16.8333333,48.5,48.25,48.0,48.0,48.5,-9.067999966666664,-0.0103703786666677,-0.0026666666666663,7.768,7.846,16.854938255555556,7.776666666666668,6.9441,6.948426,6.930919,6.895468,6.9441,0,4.0,0,0.0,-1.34,42.4,57.6
2022-10-04 05:45:00,54.857805649998,0.0,0.0,16.8333333,7.846,48.5,0,5.1764362714980825,70.66250196097344,5,1,10,0.9659258262890684,0.2588190451025207,0.7818314824680298,0.6234898018587336,-0.8660254037844386,0.5000000000000001,0.0,0.0,0.0,4.525,8.55,100.0,95.0,5.7,7.134822,0.0,6.525,16.8333333,48.5,48.5,48.25,48.0,48.76,-8.9873333,0.0,0.0806666666666666,7.765333333333333,7.903333333333333,16.83679009288889,7.793111111111113,6.9441,6.9441,6.948426,6.930919,6.981326,0,4.0,0,0.0,-1.34,42.4,57.6
2022-10-04 06:00:00,126.909923533328,0.0,0.0,16.8333333,7.903333333333333,48.76,0,5.1764362714980825,70.66250196097344,6,1,10,1.0,6.123233995736766e-17,0.7818314824680298,0.6234898018587336,-0.8660254037844386,0.5000000000000001,0.0,0.0,0.0,4.7,9.0,100.0,96.0,5.7,7.1513257,0.0,6.4,16.8333333,48.5,48.5,48.5,48.25,49.31333333333334,-8.929999966666667,0.0,0.0573333333333332,7.846,8.16,16.8333333,7.838222222222224,6.981326,6.9441,6.9441,6.948426,7.06055,0,4.0,0,0.0,-1.34,42.4,57.6
2022-10-04 06:15:00,63.811058638886,0.0,0.0,16.8333333,8.16,49.31333333333334,0,5.1764362714980825,70.66250196097344,6,1,10,1.0,6.123233995736766e-17,0.7818314824680298,0.6234898018587336,-0.8660254037844386,0.5000000000000001,0.0,0.0,0.0,4.15,8.9,89.0,96.0,5.55,7.069986,0.0,6.2250000000000005,16.8333333,48.76,48.5,48.5,48.5,49.0,-8.6733333,0.0,0.2566666666666668,7.903333333333333,7.991333333333333,16.8333333,7.969777777777779,7.06055,6.981326,6.9441,6.9441,7.0156884,0,4.0,0,0.0,-1.34,42.2,57.8
2022-10-04 06:30:00,42.133036877776,0.0,0.0,16.8333333,7.991333333333333,49.0,0,5.1764362714980825,70.66250196097344,6,1,10,1.0,6.123233995736766e-17,0.7818314824680298,0.6234898018587336,-0.8660254037844386,0.5000000000000001,0.0,0.0,0.0,3.6,8.8,78.0,96.0,5.4,6.989456,0.0,6.050000000000001,16.82296294,49.31333333333334,48.76,48.5,48.5,48.59333333333333,-8.841999966666666,0.0,-0.1686666666666667,8.16,7.818,16.8333333,8.018222222222223,7.0156884,7.06055,6.981326,6.9441,6.9531345,0,4.0,0,0.0,-1.34,42.3,57.7
2022-10-04 06:45:00,51.897368505554,0.0,0.0,16.82296294,7.818,48.59333333333333,0,5.1764362714980825,70.66250196097344,6,1,10,1.0,6.123233995736766e-17,0.7818314824680298,0.6234898018587336,-0.8660254037844386,0.5000000000000001,0.0,0.0,0.0,3.05,8.7,67.0,96.0,5.25,6.9097285,0.0,5.875,16.752222222,49.0,49.31333333333334,48.76,48.5,48.25,-9.00496294,-0.0103703599999995,-0.1733333333333337,7.991333333333333,7.593999999999999,16.829876513333335,7.989777777777779,6.9531345,7.0156884,7.06055,6.981326,6.8747354,0,4.0,0,0.0,-1.34,42.5,57.5
2022-10-04 07:00:00,56.690510155552005,0.0,0.0,16.752222222,7.593999999999999,48.25,0,5.1764362714980825,70.66250196097344,7,1,10,0.9659258262890684,-0.2588190451025206,0.7818314824680298,0.6234898018587336,-0.8660254037844386,0.5000000000000001,0.0,0.0,0.0,2.5,8.6,56.0,96.0,5.1,6.8307962,0.0,5.7,16.757037042666667,48.59333333333333,49.0,49.31333333333334,48.76,48.0,-9.158222222,-0.0707407179999997,-0.2240000000000002,7.818,7.667333333333334,16.802839487333333,7.801111111111112,6.8747354,6.9531345,7.0156884,7.06055,6.841093,0,4.0,0,0.0,-1.36,43.5,56.5
2022-10-04 07:15:00,41.768884811108,0.0,0.0,16.757037042666667,7.667333333333334,48.0,0,5.1764362714980825,70.66250196097344,7,1,10,0.9659258262890684,-0.2588190451025206,0.7818314824680298,0.6234898018587336,-0.8660254037844386,0.5000000000000001,9.75,2.4375,0.8125,2.25,8.6,58.0,95.0,5.225,6.8827386,0.0,5.975,16.723333312,48.25,48.59333333333333,49.0,49.31333333333334,48.0,-9.089703709333332,0.0048148206666667,0.0733333333333341,7.593999999999999,7.634,16.777407401555553,7.693111111111112,6.841093,6.8747354,6.9531345,7.0156884,6.8272567,0,4.0,0,0.0,-1.36,43.5,56.5
2022-10-04 07:30:00,56.158031572214,0.0,0.0,16.723333312,7.634,48.0,0,5.1764362714980825,70.66250196097344,7,1,10,0.9659258262890684,-0.2588190451025206,0.7818314824680298,0.6234898018587336,-0.8660254037844386,0.5000000000000001,19.5,7.3125,2.4375,2.0,8.6,60.0,94.0,5.35,6.9340243,0.0,6.25,16.7222222,48.0,48.25,48.59333333333333,49.0,48.09333333333333,-9.089333312,-0.0337037306666658,-0.0333333333333332,7.667333333333334,7.546,16.744197525555556,7.631777777777779,6.8272567,6.841093,6.8747354,6.9531345,6.840073,0,4.0,0,0.0,-1.37,44.0,56.0
2022-10-04 07:45:00,337.951481466664,0.0,0.0,16.7222222,7.546,48.09333333333333,0,5.1764362714980825,70.66250196097344,7,1,10,0.9659258262890684,-0.2588190451025206,0.7818314824680298,0.6234898018587336,-0.8660254037844386,0.5000000000000001,29.25,14.625,4.875,1.75,8.6,62.0,93.0,5.475,6.9846153,0.0,6.525,16.7222222,48.0,48.0,48.25,48.59333333333333,48.5,-9.176222200000002,-0.0011111120000002,-0.088,7.634,7.822666666666667,16.73419751822222,7.6157777777777795,6.840073,6.8272567,6.841093,6.8747354,6.897912,0,4.0,0,0.0,-1.37,44.0,56.0
2022-10-04 08:00:00,41.392788672222,0.0,0.0,16.7222222,7.822666666666667,48.5,0,5.1764362714980825,70.66250196097344,8,1,10,0.8660254037844387,-0.4999999999999998,0.7818314824680298,0.6234898018587336,-0.8660254037844386,0.5000000000000001,39.0,24.375,8.125,1.5,8.6,64.0,92.0,5.6,7.0344768,0.0,6.8,16.7222222,48.09333333333333,48.0,48.0,48.25,48.906666666666666,-8.899555533333334,0.0,0.2766666666666664,7.546,7.988666666666666,16.722592570666666,7.667555555555556,6.897912,6.840073,6.8272567,6.841093,6.95575,0,4.0,0,0.0,-1.37,43.9,56.1
2022-10-04 08:15:00,50.142438655556,0.0,0.0,16.7222222,7.988666666666666,48.906666666666666,0,5.1764362714980825,70.66250196097344,8,1,10,0.8660254037844387,-0.4999999999999998,0.7818314824680298,0.6234898018587336,-0.8660254037844386,0.5000000000000001,47.75,33.875,12.104166666666666,1.125,7.625,73.0,90.25,5.65,7.048038,0.0,7.125,16.69555556,48.5,48.09333333333333,48.0,48.0,49.01,-8.733555533333334,0.0,0.1659999999999994,7.822666666666667,8.418,16.7222222,7.785777777777779,6.95575,6.897912,6.840073,6.8272567,6.9592853,0,4.0,0,0.0,-1.37,43.8,56.2
2022-10-04 08:30:00,44.77126457778,0.0,0.0,16.69555556,8.418,49.01,0,5.1764362714980825,70.66250196097344,8,1,10,0.8660254037844387,-0.4999999999999998,0.7818314824680298,0.6234898018587336,-0.8660254037844386,0.5000000000000001,56.5,43.125,16.8125,0.75,6.65,82.0,88.5,5.699999999999999,7.0585723,0.0,7.449999999999999,16.71185184,48.906666666666666,48.5,48.09333333333333,48.0,49.406666666666666,-8.27755556,-0.0266666400000019,0.4293333333333331,7.988666666666666,8.909333333333333,16.71333332,8.076444444444446,6.9592853,6.95575,6.897912,6.840073,7.022484,0,4.0,0,0.0,-1.37,44.1,55.9
2022-10-04 08:45:00,53.027878866664,0.0,0.0,16.71185184,8.909333333333333,49.406666666666666,0,5.1764362714980825,70.66250196097344,8,1,10,0.8660254037844387,-0.4999999999999998,0.7818314824680298,0.6234898018587336,-0.8660254037844386,0.5000000000000001,65.25,52.125,22.25,0.375,5.675,91.0,86.75,5.75,7.065962,0.0,7.774999999999999,16.72111109,49.01,48.906666666666666,48.5,48.09333333333333,49.75,-7.802518506666669,0.0162962800000023,0.4913333333333334,8.418,9.396,16.709876533333333,8.438666666666668,7.022484,6.9592853,6.95575,6.897912,7.075222,0,4.0,0,0.0,-1.37,43.8,56.2
2022-10-04 09:00:00,102.670059600004,0.0,0.0,16.72111109,9.396,49.75,0,5.1764362714980825,70.66250196097344,9,1,10,0.7071067811865476,-0.7071067811865475,0.7818314824680298,0.6234898018587336,-0.8660254037844386,0.5000000000000001,74.0,60.875,28.416666666666668,0.0,4.7,100.0,85.0,5.8,7.070084,0.0,8.1,16.686904775,49.406666666666666,49.01,48.906666666666666,48.5,50.1,-7.325111090000002,0.0092592499999994,0.4866666666666663,8.909333333333333,9.825,16.709506163333334,8.90777777777778,7.075222,7.022484,6.9592853,6.95575,7.110363,0,4.0,0,0.0,-1.36,43.6,56.4
2022-10-04 09:15:00,99.666290922224,0.0,0.0,16.686904775,9.825,50.1,0,5.1764362714980825,70.66250196097344,9,1,10,0.7071067811865476,-0.7071067811865475,0.7818314824680298,0.6234898018587336,-0.8660254037844386,0.5000000000000001,75.25,67.75,34.6875,0.375,5.15,100.0,84.25,5.85,7.098489,0.0,8.3,16.72111109,49.75,49.406666666666666,49.01,48.906666666666666,50.49,-6.8619047749999975,-0.0342063150000022,0.429000000000002,9.396,10.118666666666666,16.706622568333334,9.37677777777778,7.110363,7.075222,7.022484,6.9592853,7.1804624,0,4.0,0,0.0,-1.37,43.9,56.1
2022-10-04 09:30:00,102.525621094442,0.0,0.0,16.72111109,10.118666666666666,50.49,0,5.1764362714980825,70.66250196097344,9,1,10,0.7071067811865476,-0.7071067811865475,0.7818314824680298,0.6234898018587336,-0.8660254037844386,0.5000000000000001,76.5,72.75,41.0625,0.75,5.6000000000000005,100.0,83.5,5.9,7.1262927,0.0,8.5,16.7222222,50.1,49.75,49.406666666666666,49.01,50.5,-6.602444423333335,0.0342063150000022,0.2936666666666649,9.825,10.146,16.709708985000002,9.77988888888889,7.1804624,7.110363,7.075222,7.022484,7.182361,0,4.0,0,0.0,-1.36,43.4,56.6
2022-10-04 09:45:00,103.999173216666,0.0,0.0,16.7222222,10.146,50.5,0,5.1764362714980825,70.66250196097344,9,1,10,0.7071067811865476,-0.7071067811865475,0.7818314824680298,0.6234898018587336,-0.8660254037844386,0.5000000000000001,77.75,75.875,47.54166666666666,1.125,6.05,100.0,82.75,5.95,7.1534786,0.0,8.7,16.7222222,50.49,50.1,49.75,49.406666666666666,50.5,-6.576222200000002,0.00111111,0.0273333333333329,10.118666666666666,10.391333333333334,16.710079355,10.029888888888893,7.182361,7.1804624,7.110363,7.075222,7.182361,0,4.0,0,0.0,-1.36,43.4,56.6
2022-10-04 10:00:00,117.191978766668,0.0,0.0,16.7222222,10.391333333333334,50.5,0,5.1764362714980825,70.66250196097344,10,1,10,0.4999999999999999,-0.8660254037844387,0.7818314824680298,0.6234898018587336,-0.8660254037844386,0.5000000000000001,79.0,77.125,54.125,1.5,6.5,100.0,82.0,6.0,7.180027,0.0,8.9,16.7222222,50.5,50.49,50.1,49.75,50.5,-6.330888866666667,0.0,0.2453333333333347,10.146,10.89,16.721851830000002,10.218666666666667,7.182361,7.182361,7.1804624,7.110363,7.182361,0,4.0,0,0.0,-1.36,43.4,56.6
2022-10-04 10:15:00,95.242301288888,0.0,0.0,16.7222222,10.89,50.5,0,5.1764362714980825,70.66250196097344,10,1,10,0.4999999999999999,-0.8660254037844387,0.7818314824680298,0.6234898018587336,-0.8660254037844386,0.5000000000000001,108.0,85.3125,62.3125,2.075,7.925,100.0,81.0,6.175,7.252883,0.0,9.25,16.7222222,50.5,50.5,50.49,50.1,50.5,-5.832222200000002,0.0,0.498666666666665,10.391333333333334,11.108666666666666,16.7222222,10.47577777777778,7.182361,7.182361,7.182361,7.1804624,7.182361,0,4.0,0,0.0,-1.36,43.4,56.6
2022-10-04 10:30:00,48.218626894438,0.0,0.0,16.7222222,11.108666666666666,50.5,0,5.1764362714980825,70.66250196097344,10,1,10,0.4999999999999999,-0.8660254037844387,0.7818314824680298,0.6234898018587336,-0.8660254037844386,0.5000000000000001,137.0,100.4375,72.10416666666667,2.65,9.35,100.0,80.0,6.35,7.324893,0.0,9.6,16.732592578666665,50.5,50.5,50.5,50.49,50.68666666666666,-5.613555533333335,0.0,0.2186666666666674,10.89,11.222,16.7222222,10.796666666666669,7.182361,7.182361,7.182361,7.182361,7.213403,0,4.0,0,0.0,-1.36,43.4,56.6
2022-10-04 10:45:00,58.598767155552,0.0,0.0,16.732592578666665,11.222,50.68666666666666,0,5.1764362714980825,70.66250196097344,10,1,10,0.4999999999999999,-0.8660254037844387,0.7818314824680298,0.6234898018587336,-0.8660254037844386,0.5000000000000001,166.0,122.5,83.5,3.225,10.775,100.0,79.0,6.525,7.395993,0.0,9.95,16.776666688,50.5,50.5,50.5,50.5,51.23,-5.510592578666664,0.0103703786666642,0.113333333333335,11.108666666666666,11.258,16.725678992888888,11.073555555555558,7.213403,7.182361,7.182361,7.182361,7.3100567,0,4.0,0,0.0,-1.36,43.2,56.8
2022-10-04 11:00:00,36.551871216666,0.0,0.0,16.776666688,11.258,51.23,0,5.1764362714980825,70.66250196097344,11,1,10,0.258819045102521,-0.9659258262890682,0.7818314824680298,0.6234898018587336,-0.8660254037844386,0.5000000000000001,195.0,151.5,96.5,3.8,12.2,100.0,78.0,6.7,7.4661155,0.0,10.3,16.7777778,50.68666666666666,50.5,50.5,50.5,51.0,-5.518666687999998,0.0440741093333336,0.0359999999999995,11.222,11.749285714285715,16.743827155555554,11.196222222222223,7.3100567,7.213403,7.182361,7.182361,7.2777247,0,4.0,0,0.0,-1.34,42.5,57.5
2022-10-04 11:15:00,43.579367855556,0.0,0.0,16.7777778,11.749285714285715,51.0,0,5.1764362714980825,70.66250196097344,11,1,10,0.258819045102521,-0.9659258262890682,0.7818314824680298,0.6234898018587336,-0.8660254037844386,0.5000000000000001,194.0,173.0,108.6875,3.35,12.4,100.0,77.5,6.775,7.5126433,0.0,10.5,16.807777771999998,51.23,50.68666666666666,50.5,50.5,50.75,-5.028492085714284,0.0011111120000002,0.4912857142857145,11.258,11.930666666666667,16.762345688888885,11.409761904761908,7.2777247,7.3100567,7.213403,7.182361,7.2551084,0,4.0,0,0.0,-1.34,42.5,57.5
2022-10-04 11:30:00,52.502622177772,0.0,0.0,16.807777771999998,11.930666666666667,50.75,0,5.1764362714980825,70.66250196097344,11,1,10,0.258819045102521,-0.9659258262890682,0.7818314824680298,0.6234898018587336,-0.8660254037844386,0.5000000000000001,193.0,187.0,120.0625,2.9,12.6,100.0,77.0,6.85,7.558991,0.0,10.7,16.944444418666667,51.0,51.23,50.68666666666666,50.5,50.5,-4.877111105333331,0.0299999719999988,0.1813809523809517,11.749285714285715,12.063333333333334,16.787407419999997,11.64598412698413,7.2551084,7.2777247,7.3100567,7.213403,7.278827,0,4.0,0,0.0,-1.34,42.2,57.8
2022-10-04 11:45:00,36.497984455556,0.0,0.0,16.944444418666667,12.063333333333334,50.5,0,5.1764362714980825,70.66250196097344,11,1,10,0.258819045102521,-0.9659258262890682,0.7818314824680298,0.6234898018587336,-0.8660254037844386,0.5000000000000001,192.0,193.5,130.625,2.45,12.8,100.0,76.5,6.925,7.6051497,0.0,10.9,17.14000001,50.75,51.0,51.23,50.68666666666666,50.25,-4.881111085333332,0.1366666466666686,0.1326666666666671,11.930666666666667,12.168,16.843333330222222,11.914428571428571,7.278827,7.2551084,7.2777247,7.3100567,7.328188,0,4.0,0,0.0,-1.31,40.5,59.5
2022-10-04 12:00:00,50.321042611112,0.0,0.0,17.14000001,12.168,50.25,0,5.1764362714980825,70.66250196097344,12,1,10,1.2246467991473532e-16,-1.0,0.7818314824680298,0.6234898018587336,-0.8660254037844386,0.5000000000000001,191.0,192.5,140.375,2.0,13.0,100.0,76.0,7.0,7.6511054,0.0,11.1,17.388888899999998,50.5,50.75,51.0,51.23,49.906666666666666,-4.97200001,0.1955555913333349,0.1046666666666666,12.063333333333334,12.512,16.964074066888887,12.054000000000002,7.328188,7.278827,7.2551084,7.2777247,7.3873134,0,4.0,0,0.0,-1.26,38.2,61.8
2022-10-04 12:15:00,47.825031288892,0.0,0.0,17.388888899999998,12.512,49.906666666666666,0,5.1764362714980825,70.66250196097344,12,1,10,1.2246467991473532e-16,-1.0,0.7818314824680298,0.6234898018587336,-0.8660254037844386,0.5000000000000001,215.25,197.8125,152.04166666666666,2.325,12.725,100.0,73.75,6.875,7.577628,0.0,11.425,17.580000016,50.25,50.5,50.75,51.0,49.26,-4.876888899999997,0.2488888899999963,0.3439999999999994,12.168,12.883333333333333,17.157777776222222,12.24777777777778,7.3873134,7.328188,7.278827,7.2551084,7.3753014,0,4.0,0,0.0,-1.2,35.2,64.8
2022-10-04 12:30:00,39.024827827778,0.0,0.0,17.580000016,12.883333333333333,49.26,0,5.1764362714980825,70.66250196097344,12,1,10,1.2246467991473532e-16,-1.0,0.7818314824680298,0.6234898018587336,-0.8660254037844386,0.5000000000000001,239.5,209.4375,165.625,2.65,12.45,100.0,71.5,6.75,7.497468,0.0,11.75,17.6111111,49.906666666666666,50.25,50.5,50.75,49.0,-4.696666682666667,0.1911111160000018,0.3713333333333324,12.512,12.982,17.369629642000003,12.521111111111113,7.3753014,7.3873134,7.328188,7.278827,7.350006,0,4.0,0,0.0,-1.16,33.1,66.9
2022-10-04 12:45:00,47.607817894442,0.0,0.0,17.6111111,12.982,49.0,0,5.1764362714980825,70.66250196097344,12,1,10,1.2246467991473532e-16,-1.0,0.7818314824680298,0.6234898018587336,-0.8660254037844386,0.5000000000000001,263.75,227.375,181.125,2.975,12.175,100.0,69.25,6.625,7.410416,0.0,12.075,17.642222231999998,49.26,49.906666666666666,50.25,50.5,49.0,-4.629111099999999,0.031111083999999,0.0986666666666664,12.883333333333333,12.714666666666666,17.526666671999998,12.792444444444447,7.350006,7.3753014,7.3873134,7.328188,7.363662,0,4.0,0,0.0,-1.15,32.8,67.2
2022-10-04 13:00:00,48.24057038333,0.0,0.0,17.642222231999998,12.714666666666666,49.0,0,5.1764362714980825,70.66250196097344,13,1,10,-0.2588190451025208,-0.9659258262890684,0.7818314824680298,0.6234898018587336,-0.8660254037844386,0.5000000000000001,288.0,251.625,198.54166666666663,3.3,11.9,100.0,67.0,6.5,7.316255,0.0,12.4,17.82296294,49.0,49.26,49.906666666666666,50.25,49.0,-4.927555565333332,0.0311111319999994,-0.2673333333333332,12.982,12.829333333333333,17.611111116,12.86,7.363662,7.350006,7.3753014,7.3873134,7.4434285,0,4.0,0,0.0,-1.14,32.5,67.5
2022-10-04 13:15:00,44.432666988892,0.0,0.0,17.82296294,12.829333333333333,49.0,0,5.1764362714980825,70.66250196097344,13,1,10,-0.2588190451025208,-0.9659258262890684,0.7818314824680298,0.6234898018587336,-0.8660254037844386,0.5000000000000001,338.0,282.3125,217.70833333333331,4.0,13.6,100.0,64.0,6.25,7.208979,0.0,12.9,18.029999972,49.0,49.0,49.26,49.906666666666666,48.74,-4.993629606666667,0.1807407080000018,0.1146666666666664,12.714666666666666,13.203333333333337,17.692098757333333,12.842,7.4434285,7.363662,7.350006,7.3753014,7.495736,0,4.0,0,0.0,-1.1,30.4,69.6
2022-10-04 13:30:00,40.078118994446,0.0,0.0,18.029999972,13.203333333333337,48.74,0,5.1764362714980825,70.66250196097344,13,1,10,-0.2588190451025208,-0.9659258262890684,0.7818314824680298,0.6234898018587336,-0.8660254037844386,0.5000000000000001,388.0,319.4375,238.625,4.699999999999999,15.3,100.0,61.0,6.0,7.0867896,0.0,13.4,18.302222201333333,49.0,49.0,49.0,49.26,48.09333333333333,-4.826666638666664,0.2070370319999988,0.3740000000000023,12.829333333333333,13.343333333333334,17.83172838133333,12.915777777777778,7.495736,7.4434285,7.363662,7.350006,7.51687,0,4.0,0,0.0,-1.05,28.3,71.7
2022-10-04 13:45:00,51.493773649994,0.0,0.0,18.302222201333333,13.343333333333334,48.09333333333333,0,5.1764362714980825,70.66250196097344,13,1,10,-0.2588190451025208,-0.9659258262890684,0.7818314824680298,0.6234898018587336,-0.8660254037844386,0.5000000000000001,438.0,363.0,261.2916666666667,5.4,17.0,100.0,58.0,5.75,6.948959,0.0,13.9,18.359999988,48.74,49.0,49.0,49.0,48.0,-4.958888867999999,0.2722222293333338,0.1399999999999988,13.203333333333337,13.769333333333332,18.05172837111111,13.125333333333336,7.51687,7.495736,7.4434285,7.363662,7.528045,0,4.0,0,0.0,-0.99,25.7,74.3
2022-10-04 14:00:00,44.728210750002,0.0,0.0,18.359999988,13.769333333333332,48.0,0,5.1764362714980825,70.66250196097344,14,1,10,-0.4999999999999997,-0.8660254037844388,0.7818314824680298,0.6234898018587336,-0.8660254037844386,0.5000000000000001,488.0,413.0,285.7083333333333,6.1,18.7,100.0,55.0,5.5,6.794743,0.0,14.4,18.3333333,48.09333333333333,48.74,49.0,49.0,48.0,-4.59066665466667,0.0577777866666693,0.4259999999999984,13.343333333333334,13.918,18.230740720444444,13.438666666666668,7.528045,7.51687,7.495736,7.4434285,7.5161443,0,4.0,0,0.0,-0.98,25.1,74.9
2022-10-04 14:15:00,36.513539300004,0.0,0.0,18.3333333,13.918,48.0,0,5.1764362714980825,70.66250196097344,14,1,10,-0.4999999999999997,-0.8660254037844388,0.7818314824680298,0.6234898018587336,-0.8660254037844386,0.5000000000000001,451.25,441.3125,307.1458333333333,5.574999999999999,18.7,100.0,54.5,5.425,6.763944,0.0,14.475,18.3333333,48.0,48.09333333333333,48.74,49.0,48.0,-4.415333299999999,-0.0266666880000023,0.1486666666666689,13.769333333333332,14.158666666666669,18.33185182977778,13.676888888888891,7.5161443,7.528045,7.51687,7.495736,7.5161443,0,4.0,0,0.0,-0.98,25.4,74.6
2022-10-04 14:30:00,59.262073872222,0.0,0.0,18.3333333,14.158666666666669,48.0,0,5.1764362714980825,70.66250196097344,14,1,10,-0.4999999999999997,-0.8660254037844388,0.7818314824680298,0.6234898018587336,-0.8660254037844386,0.5000000000000001,414.5,447.9375,325.6041666666667,5.05,18.7,100.0,54.0,5.35,6.7327013,0.0,14.55,18.343703678666667,48.0,48.0,48.09333333333333,48.74,48.0,-4.174666633333333,0.0,0.2406666666666659,13.918,14.391333333333334,18.342222196,13.948666666666668,7.5161443,7.5161443,7.528045,7.51687,7.520772,0,4.0,0,0.0,-0.98,25.4,74.6
2022-10-04 14:45:00,38.750116533336,0.0,0.0,18.343703678666667,14.391333333333334,48.0,0,5.1764362714980825,70.66250196097344,14,1,10,-0.4999999999999997,-0.8660254037844388,0.7818314824680298,0.6234898018587336,-0.8660254037844386,0.5000000000000001,377.75,432.875,341.0833333333333,4.525,18.7,100.0,53.5,5.275,6.7010074,0.0,14.625,18.414444428000003,48.0,48.0,48.0,48.09333333333333,48.0,-3.9523703453333336,0.0103703786666677,0.2326666666666668,14.158666666666669,14.513333333333332,18.33679009288889,14.156,7.520772,7.5161443,7.5161443,7.528045,7.552391,0,4.0,0,0.0,-0.98,25.3,74.7
2022-10-04 15:00:00,37.463223694442,0.0,0.0,18.414444428000003,14.513333333333332,48.0,0,5.1764362714980825,70.66250196097344,15,1,10,-0.7071067811865471,-0.7071067811865479,0.7818314824680298,0.6234898018587336,-0.8660254037844386,0.5000000000000001,341.0,396.125,353.5833333333333,4.0,18.7,100.0,53.0,5.2,6.6688623,0.0,14.7,18.419999998666665,48.0,48.0,48.0,48.0,47.906666666666666,-3.901111094666671,0.0707407493333356,0.1219999999999981,14.391333333333334,14.773333333333332,18.36382713555556,14.354444444444445,7.552391,7.520772,7.5161443,7.5161443,7.540188,0,4.0,0,0.0,-0.96,24.6,75.4
2022-10-04 15:15:00,59.184854794442,0.0,0.0,18.419999998666665,14.773333333333332,47.906666666666666,0,5.1764362714980825,70.66250196097344,15,1,10,-0.7071067811865471,-0.7071067811865479,0.7818314824680298,0.6234898018587336,-0.8660254037844386,0.5000000000000001,308.75,360.5,361.375,4.0,17.175,100.0,53.5,5.3,6.721508,0.0,14.675,18.526666688,48.0,48.0,48.0,48.0,47.5,-3.6466666653333313,0.0055555706666616,0.2600000000000015,14.513333333333332,15.012,18.39271603511111,14.559333333333331,7.540188,7.552391,7.520772,7.5161443,7.5235915,0,4.0,0,0.0,-0.96,24.6,75.4
2022-10-04 15:30:00,42.733290649998,0.0,0.0,18.526666688,15.012,47.5,0,5.1764362714980825,70.66250196097344,15,1,10,-0.7071067811865471,-0.7071067811865479,0.7818314824680298,0.6234898018587336,-0.8660254037844386,0.5000000000000001,276.5,326.0,364.4583333333333,4.0,15.65,100.0,54.0,5.4,6.773974,0.0,14.65,18.590370380000003,47.906666666666666,48.0,48.0,48.0,47.09333333333333,-3.5146666879999984,0.1066666893333341,0.238666666666667,14.773333333333332,15.123333333333331,18.453703704888888,14.766222222222224,7.5235915,7.540188,7.552391,7.520772,7.487377,0,4.0,0,0.0,-0.94,23.6,76.4
2022-10-04 15:45:00,44.243507972222,0.0,0.0,18.590370380000003,15.123333333333331,47.09333333333333,0,5.1764362714980825,70.66250196097344,15,1,10,-0.7071067811865471,-0.7071067811865479,0.7818314824680298,0.6234898018587336,-0.8660254037844386,0.5000000000000001,244.25,292.625,362.8333333333333,4.0,14.125,100.0,54.5,5.5,6.8262596,0.0,14.625,18.527777798,47.5,47.906666666666666,48.0,48.0,47.0,-3.46703704666667,0.0637036920000042,0.1113333333333326,15.012,15.004,18.51234568888889,14.969555555555557,7.487377,7.5235915,7.540188,7.552391,7.444888,0,4.0,0,0.0,-0.93,23.1,76.9
2022-10-04 16:00:00,61.899746111112,0.0,0.0,18.527777798,15.004,47.0,0,5.1764362714980825,70.66250196097344,16,1,10,-0.8660254037844385,-0.5000000000000004,0.7818314824680298,0.6234898018587336,-0.8660254037844386,0.5000000000000001,212.0,260.375,356.5,4.0,12.6,100.0,55.0,5.6,6.87837,0.0,14.6,18.444444418666667,47.09333333333333,47.5,47.906666666666666,48.0,47.0,-3.523777798,-0.0625925820000041,-0.1193333333333335,15.123333333333331,15.121999999999998,18.548271622,15.046444444444449,7.444888,7.487377,7.5235915,7.540188,7.408211,0,4.0,0,0.0,-0.94,23.7,76.3
2022-10-04 16:15:00,42.058317633332,0.0,0.0,18.444444418666667,15.121999999999998,47.0,0,5.1764362714980825,70.66250196097344,16,1,10,-0.8660254037844385,-0.5000000000000004,0.7818314824680298,0.6234898018587336,-0.8660254037844386,0.5000000000000001,225.25,239.5,347.1041666666667,4.3,12.7,100.0,55.75,5.824999999999999,6.972166,0.0,14.6,18.3611111,47.0,47.09333333333333,47.5,47.906666666666666,47.25,-3.3224444186666684,-0.0833333793333324,0.1179999999999985,15.004,15.015333333333333,18.52086419888889,15.08311111111111,7.408211,7.444888,7.487377,7.5235915,7.4109063,0,4.0,0,0.0,-0.96,24.5,75.5
2022-10-04 16:30:00,48.548335722224,0.0,0.0,18.3611111,15.015333333333333,47.25,0,5.1764362714980825,70.66250196097344,16,1,10,-0.8660254037844385,-0.5000000000000004,0.7818314824680298,0.6234898018587336,-0.8660254037844386,0.5000000000000001,238.5,230.0,334.6458333333333,4.6,12.8,100.0,56.5,6.05,7.0659623,0.0,14.6,18.26740742133333,47.0,47.0,47.09333333333333,47.5,47.5,-3.3457777666666697,-0.0833333186666642,-0.1066666666666655,15.121999999999998,15.044,18.44444443888889,15.047111111111112,7.4109063,7.408211,7.444888,7.487377,7.40881,0,4.0,0,0.0,-0.98,25.3,74.7
2022-10-04 16:45:00,46.723131149994,0.0,0.0,18.26740742133333,15.044,47.5,0,5.1764362714980825,70.66250196097344,16,1,10,-0.8660254037844385,-0.5000000000000004,0.7818314824680298,0.6234898018587336,-0.8660254037844386,0.5000000000000001,251.75,231.875,319.125,4.9,12.9,100.0,57.25,6.275,7.159758,0.0,14.6,18.1666667,47.25,47.0,47.0,47.09333333333333,47.5,-3.2234074213333344,-0.0937036786666674,0.0286666666666679,15.015333333333333,15.23,18.35765431333333,15.060444444444444,7.40881,7.4109063,7.408211,7.444888,7.3646193,0,4.0,0,0.0,-1.0,26.1,73.9
2022-10-04 17:00:00,43.237992677776,0.0,0.0,18.1666667,15.23,47.5,0,5.1764362714980825,70.66250196097344,17,1,10,-0.9659258262890684,-0.2588190451025206,0.7818314824680298,0.6234898018587336,-0.8660254037844386,0.5000000000000001,265.0,245.125,300.5416666666667,5.2,13.0,100.0,58.0,6.5,7.2535543,0.0,14.6,18.06592596,47.5,47.25,47.0,47.0,47.5,-2.9366667000000017,-0.1007407213333344,0.1859999999999981,15.044,15.081333333333331,18.265061740444448,15.096444444444444,7.3646193,7.40881,7.4109063,7.408211,7.320658,0,4.0,0,0.0,-1.02,27.1,72.9
2022-10-04 17:15:00,45.700671916666,0.0,0.0,18.06592596,15.081333333333331,47.5,0,5.1764362714980825,70.66250196097344,17,1,10,-0.9659258262890684,-0.2588190451025206,0.7818314824680298,0.6234898018587336,-0.8660254037844386,0.5000000000000001,228.0,245.8125,281.9375,5.05,12.1,100.0,59.5,6.575,7.3169966,0.0,14.325,17.972222202,47.5,47.5,47.25,47.0,47.5,-2.984592626666668,-0.1007407399999991,-0.1486666666666654,15.23,14.917333333333334,18.16666669377778,15.118444444444444,7.320658,7.3646193,7.40881,7.4109063,7.2799716,0,4.0,0,0.0,-1.05,28.2,71.8
2022-10-04 17:30:00,43.225493111112,0.0,0.0,17.972222202,14.917333333333334,47.5,0,5.1764362714980825,70.66250196097344,17,1,10,-0.9659258262890684,-0.2588190451025206,0.7818314824680298,0.6234898018587336,-0.8660254037844386,0.5000000000000001,191.0,233.9375,263.3125,4.9,11.2,100.0,61.0,6.65,7.376033,0.0,14.05,17.888888881333333,47.5,47.5,47.5,47.25,47.59333333333333,-3.0548888686666675,-0.0937037580000001,-0.1639999999999997,15.081333333333331,14.872666666666667,18.068271620666668,15.076222222222222,7.2799716,7.320658,7.3646193,7.40881,7.258188,0,4.0,0,0.0,-1.07,29.1,70.9
2022-10-04 17:45:00,51.713487027774,0.0,0.0,17.888888881333333,14.872666666666667,47.59333333333333,0,5.1764362714980825,70.66250196097344,17,1,10,-0.9659258262890684,-0.2588190451025206,0.7818314824680298,0.6234898018587336,-0.8660254037844386,0.5000000000000001,154.0,209.5,244.66666666666663,4.75,10.3,100.0,62.5,6.725,7.4307694,0.0,13.775,17.80555555,47.5,47.5,47.5,47.5,47.75,-3.0162222146666657,-0.0833333206666679,-0.0446666666666661,14.917333333333334,14.682666666666668,17.97567901444444,14.957111111111113,7.258188,7.2799716,7.320658,7.3646193,7.246028,0,4.0,0,0.0,-1.09,30.0,70.0
2022-10-04 18:00:00,39.08538085556,0.0,0.0,17.80555555,14.682666666666668,47.75,0,5.1764362714980825,70.66250196097344,18,1,10,-1.0,-1.8369701987210294e-16,0.7818314824680298,0.6234898018587336,-0.8660254037844386,0.5000000000000001,117.0,172.5,226.0,4.6,9.4,100.0,64.0,6.8,7.4813213,0.0,13.5,17.722222218666666,47.59333333333333,47.5,47.5,47.5,48.0,-3.1228888833333333,-0.0833333313333319,-0.1899999999999995,14.872666666666667,14.48,17.888888877777777,14.824222222222224,7.246028,7.258188,7.2799716,7.320658,7.2478766,0,4.0,0,0.0,-1.11,30.9,69.1
2022-10-04 18:15:00,625.424704244444,0.0,0.0,17.722222218666666,14.48,48.0,0,5.1764362714980825,70.66250196097344,18,1,10,-1.0,-1.8369701987210294e-16,0.7818314824680298,0.6234898018587336,-0.8660254037844386,0.5000000000000001,91.25,138.3125,207.875,5.425,10.2,100.0,65.25,6.625,7.4068894,0.0,13.025,17.69555556,47.75,47.59333333333333,47.5,47.5,49.51,-3.242222218666667,-0.0833333313333355,-0.2026666666666692,14.682666666666668,14.383333333333333,17.805555549999998,14.678444444444446,7.2478766,7.246028,7.258188,7.2799716,7.4640074,0,4.0,0,0.0,-1.13,31.8,68.2
2022-10-04 18:30:00,549.5174628722219,0.0,0.0,17.69555556,14.383333333333333,49.51,0,5.1764362714980825,70.66250196097344,18,1,10,-1.0,-1.8369701987210294e-16,0.7818314824680298,0.6234898018587336,-0.8660254037844386,0.5000000000000001,65.5,106.9375,190.29166666666663,6.25,11.0,100.0,66.5,6.449999999999999,7.3296847,0.0,12.55,17.7222222,48.0,47.75,47.59333333333333,47.5,51.22,-3.312222226666666,-0.0266666586666666,-0.0966666666666657,14.48,14.262666666666666,17.741111109555558,14.515333333333336,7.4640074,7.2478766,7.246028,7.258188,7.734089,0,4.0,0,0.0,-1.13,31.7,68.3
2022-10-04 18:45:00,60.901452694446,0.0,0.0,17.7222222,14.262666666666666,51.22,0,5.1764362714980825,70.66250196097344,18,1,10,-1.0,-1.8369701987210294e-16,0.7818314824680298,0.6234898018587336,-0.8660254037844386,0.5000000000000001,39.75,78.375,173.25,7.075,11.8,100.0,67.75,6.275,7.249902,0.0,12.075,17.75,49.51,48.0,47.75,47.59333333333333,51.04,-3.4595555333333348,0.0266666400000019,-0.1206666666666667,14.383333333333333,14.170666666666667,17.713333326222223,14.375333333333332,7.734089,7.4640074,7.2478766,7.246028,7.719683,0,4.0,0,0.0,-1.11,31.1,68.9
2022-10-04 19:00:00,502.060472427774,0.0,0.0,17.75,14.170666666666667,51.04,0,5.1764362714980825,70.66250196097344,19,1,10,-0.9659258262890684,0.2588190451025203,0.7818314824680298,0.6234898018587336,-0.8660254037844386,0.5000000000000001,14.0,52.625,156.75,7.9,12.6,100.0,69.0,6.1,7.167732,0.0,11.6,17.78814816,51.22,49.51,48.0,47.75,52.22,-3.5793333333333326,0.027777799999999,-0.0919999999999987,14.262666666666666,13.866,17.722592586666668,14.272222222222224,7.719683,7.734089,7.4640074,7.2478766,7.916131,0,4.0,0,0.0,-1.11,30.8,69.2
2022-10-04 19:15:00,1005.230622599996,0.0,0.0,17.78814816,13.866,52.22,0,5.1764362714980825,70.66250196097344,19,1,10,-0.9659258262890684,0.2588190451025203,0.7818314824680298,0.6234898018587336,-0.8660254037844386,0.5000000000000001,10.5,32.4375,138.85416666666666,7.300000000000001,12.5,99.5,70.75,6.0,7.144992,0.0,11.15,17.83222219,51.04,51.22,49.51,48.0,52.25,-3.922148159999997,0.0381481599999986,-0.304666666666666,14.170666666666667,13.515333333333333,17.753456786666664,14.09977777777778,7.916131,7.719683,7.734089,7.4640074,7.941504,0,4.0,0,0.0,-1.09,30.1,69.9
2022-10-04 19:30:00,99.837673016666,0.0,0.0,17.83222219,13.515333333333333,52.25,0,5.1764362714980825,70.66250196097344,19,1,10,-0.9659258262890684,0.2588190451025203,0.7818314824680298,0.6234898018587336,-0.8660254037844386,0.5000000000000001,7.0,17.8125,119.5625,6.7,12.4,99.0,72.5,5.9,7.1172323,0.0,10.7,17.8333333,52.22,51.04,51.22,49.51,51.906666666666666,-4.316888856666667,0.0440740300000008,-0.3506666666666689,13.866,13.218666666666667,17.79012345,13.850666666666667,7.941504,7.916131,7.719683,7.734089,7.8898425,0,4.0,0,0.0,-1.08,29.6,70.4
2022-10-04 19:45:00,111.971909794446,0.0,0.0,17.8333333,13.218666666666667,51.906666666666666,0,5.1764362714980825,70.66250196097344,19,1,10,-0.9659258262890684,0.2588190451025203,0.7818314824680298,0.6234898018587336,-0.8660254037844386,0.5000000000000001,3.5,8.75,98.875,6.1,12.3,98.5,74.25,5.8,7.0847163,0.0,10.25,17.8333333,52.25,52.22,51.04,51.22,51.26,-4.614666633333332,0.00111111,-0.2966666666666651,13.515333333333333,12.944666666666668,17.817901216666666,13.533333333333337,7.8898425,7.941504,7.916131,7.719683,7.791549,0,4.0,0,0.0,-1.08,29.7,70.3
2022-10-04 20:00:00,94.34817033889,0.0,0.0,17.8333333,12.944666666666668,51.26,0,5.1764362714980825,70.66250196097344,20,1,10,-0.8660254037844386,0.5000000000000001,0.7818314824680298,0.6234898018587336,-0.8660254037844386,0.5000000000000001,0.0,5.25,76.79166666666667,5.5,12.2,98.0,76.0,5.7,7.0476975,0.0,9.8,17.8333333,51.906666666666666,52.25,52.22,51.04,51.0,-4.888666633333333,0.0,-0.2740000000000009,13.218666666666667,12.540666666666668,17.83296293,13.226222222222225,7.791549,7.8898425,7.941504,7.916131,7.7520294,0,4.0,0,0.0,-1.08,29.8,70.2
2022-10-04 20:15:00,107.558197400004,0.0,0.0,17.8333333,12.540666666666668,51.0,0,5.1764362714980825,70.66250196097344,20,1,10,-0.8660254037844386,0.5000000000000001,0.7818314824680298,0.6234898018587336,-0.8660254037844386,0.5000000000000001,0.0,2.625,57.79166666666666,5.9,11.95,98.5,76.25,5.75,7.048452,0.0,9.75,17.8333333,51.26,51.906666666666666,52.25,52.22,50.99,-5.292666633333331,0.0,-0.4039999999999981,12.944666666666668,12.232666666666669,17.8333333,12.901333333333335,7.7520294,7.791549,7.8898425,7.941504,7.75051,0,4.0,0,0.0,-1.09,29.9,70.1
2022-10-04 20:30:00,86.652089394442,0.0,0.0,17.8333333,12.232666666666669,50.99,0,5.1764362714980825,70.66250196097344,20,1,10,-0.8660254037844386,0.5000000000000001,0.7818314824680298,0.6234898018587336,-0.8660254037844386,0.5000000000000001,0.0,0.875,41.875,6.3,11.7,99.0,76.5,5.800000000000001,7.0491223,0.0,9.7,17.82296294,51.0,51.26,51.906666666666666,52.25,50.59333333333333,-5.600666633333333,0.0,-0.3080000000000016,12.540666666666668,11.994666666666664,17.8333333,12.572666666666668,7.75051,7.7520294,7.791549,7.8898425,7.6854663,0,4.0,0,0.0,-1.09,29.9,70.1
2022-10-04 20:45:00,69.692767811108,0.0,0.0,17.82296294,11.994666666666664,50.59333333333333,0,5.1764362714980825,70.66250196097344,20,1,10,-0.8660254037844386,0.5000000000000001,0.7818314824680298,0.6234898018587336,-0.8660254037844386,0.5000000000000001,0.0,0.0,29.041666666666668,6.699999999999999,11.45,99.5,76.75,5.8500000000000005,7.049708,0.0,9.65,17.75111111,50.99,51.0,51.26,51.906666666666666,50.5,-5.828296273333335,-0.0103703599999995,-0.2380000000000013,12.232666666666669,11.838,17.829876513333332,12.256,7.6854663,7.75051,7.7520294,7.791549,7.6385164,0,4.0,0,0.0,-1.09,30.1,69.9
2022-10-04 21:00:00,85.543522605554,0.0,0.0,17.75111111,11.838,50.5,0,5.1764362714980825,70.66250196097344,21,1,10,-0.7071067811865477,0.7071067811865474,0.7818314824680298,0.6234898018587336,-0.8660254037844386,0.5000000000000001,0.0,0.0,19.291666666666668,7.1,11.2,100.0,77.0,5.9,7.050209,0.0,9.6,17.7222222,50.59333333333333,50.99,51.0,51.26,50.5,-5.913111110000001,-0.0718518299999999,-0.1566666666666663,11.994666666666664,11.854,17.802469116666668,12.021777777777778,7.6385164,7.6854663,7.75051,7.7520294,7.625371,0,4.0,0,0.0,-1.11,30.9,69.1
2022-10-04 21:15:00,70.894386394442,0.0,0.0,17.7222222,11.854,50.5,0,5.1764362714980825,70.66250196097344,21,1,10,-0.7071067811865477,0.7071067811865474,0.7818314824680298,0.6234898018587336,-0.8660254037844386,0.5000000000000001,0.0,0.0,11.6875,6.574999999999999,11.275,100.0,78.0,5.925000000000001,7.085165,0.0,9.475,17.69444445,50.5,50.59333333333333,50.99,51.0,50.5,-5.8682222,-0.0288889099999991,0.0160000000000017,11.838,11.835333333333333,17.765432083333334,11.895555555555555,7.625371,7.6385164,7.6854663,7.75051,7.612752,0,4.0,0,0.0,-1.12,31.2,68.8
2022-10-04 21:30:00,76.2286174,0.0,0.0,17.69444445,11.835333333333333,50.5,0,5.1764362714980825,70.66250196097344,21,1,10,-0.7071067811865477,0.7071067811865474,0.7818314824680298,0.6234898018587336,-0.8660254037844386,0.5000000000000001,0.0,0.0,6.229166666666667,6.05,11.35,100.0,79.0,5.95,7.1190643,0.0,9.35,17.6666667,50.5,50.5,50.59333333333333,50.99,50.5,-5.859111116666666,-0.027777750000002,-0.0186666666666681,11.854,11.674,17.722592586666668,11.842444444444446,7.612752,7.625371,7.6385164,7.6854663,7.600153,0,4.0,0,0.0,-1.12,31.5,68.5
2022-10-04 21:45:00,79.3909909,0.0,0.0,17.6666667,11.674,50.5,0,5.1764362714980825,70.66250196097344,21,1,10,-0.7071067811865477,0.7071067811865474,0.7818314824680298,0.6234898018587336,-0.8660254037844386,0.5000000000000001,0.0,0.0,2.9166666666666665,5.525,11.425,100.0,80.0,5.975,7.1519213,0.0,9.225,17.638888899999998,50.5,50.5,50.5,50.59333333333333,50.5,-5.992666699999999,-0.0277777499999984,-0.1613333333333315,11.835333333333333,11.634,17.694444450000002,11.787777777777778,7.600153,7.612752,7.625371,7.6385164,7.587571,0,4.0,0,0.0,-1.13,31.8,68.2
2022-10-04 22:00:00,69.04612704444,0.0,0.0,17.638888899999998,11.634,50.5,0,5.1764362714980825,70.66250196097344,22,1,10,-0.5000000000000004,0.8660254037844384,0.7818314824680298,0.6234898018587336,-0.8660254037844386,0.5000000000000001,0.0,0.0,1.75,5.0,11.5,100.0,81.0,6.0,7.183749,0.0,9.1,17.6111111,50.5,50.5,50.5,50.5,50.5,-6.004888899999999,-0.0277778000000026,-0.0400000000000027,11.674,11.69,17.666666683333332,11.714444444444446,7.587571,7.600153,7.612752,7.625371,7.575006,0,4.0,0,0.0,-1.14,32.2,67.8
2022-10-04 22:15:00,99.392968672218,0.0,0.0,17.6111111,11.69,50.5,0,5.1764362714980825,70.66250196097344,22,1,10,-0.5000000000000004,0.8660254037844384,0.7818314824680298,0.6234898018587336,-0.8660254037844386,0.5000000000000001,0.0,0.0,0.875,4.575,10.6,100.0,81.25,6.0,7.1944194,0.0,9.075,17.583333349999997,50.5,50.5,50.5,50.5,50.51,-5.921111099999999,-0.027777799999999,0.0560000000000009,11.634,11.514666666666669,17.6388889,11.666000000000002,7.575006,7.587571,7.600153,7.612752,7.5639577,0,4.0,0,0.0,-1.14,32.5,67.5
2022-10-04 22:30:00,75.03560953889,0.0,0.0,17.583333349999997,11.514666666666669,50.51,0,5.1764362714980825,70.66250196097344,22,1,10,-0.5000000000000004,0.8660254037844384,0.7818314824680298,0.6234898018587336,-0.8660254037844386,0.5000000000000001,0.0,0.0,0.2916666666666667,4.15,9.7,100.0,81.5,6.0,7.2050357,0.0,9.05,17.545185221333334,50.5,50.5,50.5,50.5,50.906666666666666,-6.06866668333333,-0.027777750000002,-0.1753333333333326,11.69,11.276666666666667,17.611111116666667,11.61288888888889,7.5639577,7.575006,7.587571,7.600153,7.6060185,0,4.0,0,0.0,-1.15,32.8,67.2
2022-10-04 22:45:00,69.669157588888,0.0,0.0,17.545185221333334,11.276666666666667,50.906666666666666,0,5.1764362714980825,70.66250196097344,22,1,10,-0.5000000000000004,0.8660254037844384,0.7818314824680298,0.6234898018587336,-0.8660254037844386,0.5000000000000001,0.0,0.0,0.0,3.725,8.8,100.0,81.75,6.0,7.2155967,0.0,9.025,17.501111112,50.51,50.5,50.5,50.5,51.0,-6.268518554666667,-0.0381481286666627,-0.2379999999999995,11.514666666666669,11.288,17.57987655711111,11.49377777777778,7.6060185,7.5639577,7.575006,7.587571,7.5999384,0,4.0,0,0.0,-1.16,33.2,66.8
2022-10-04 23:00:00,85.04576466666799,0.0,0.0,17.501111112,11.288,51.0,0,5.1764362714980825,70.66250196097344,23,1,10,-0.2588190451025215,0.965925826289068,0.7818314824680298,0.6234898018587336,-0.8660254037844386,0.5000000000000001,0.0,0.0,0.0,3.3,7.9,100.0,82.0,6.0,7.226103,0.0,9.0,17.5,50.906666666666666,50.51,50.5,50.5,51.0,-6.213111112,-0.0440741093333336,0.0113333333333329,11.276666666666667,11.422142857142855,17.543209894444445,11.35977777777778,7.5999384,7.6060185,7.5639577,7.575006,7.599434,0,4.0,0,0.0,-1.17,33.6,66.4
2022-10-04 23:15:00,50.877964683338,0.0,0.0,17.5,11.422142857142855,51.0,0,5.1764362714980825,70.66250196097344,23,1,10,-0.2588190451025215,0.965925826289068,0.7818314824680298,0.6234898018587336,-0.8660254037844386,0.5000000000000001,0.0,0.0,0.0,3.65,7.45,75.0,83.0,5.9,7.17509,0.0,8.7,17.473333312,51.0,50.906666666666666,50.51,50.5,51.0,-6.077857142857143,-0.0011111120000002,0.1341428571428569,11.288,11.5,17.51543211111111,11.32893650793651,7.599434,7.5999384,7.6060185,7.5639577,7.5873404,0,4.0,0,0.0,-1.17,33.7,66.3
2022-10-04 23:30:00,68.214493527778,0.0,0.0,17.473333312,11.5,51.0,0,5.1764362714980825,70.66250196097344,23,1,10,-0.2588190451025215,0.965925826289068,0.7818314824680298,0.6234898018587336,-0.8660254037844386,0.5000000000000001,0.0,0.0,0.0,4.0,7.0,50.0,84.0,5.8,7.123067,0.0,8.4,17.489629621333332,51.0,51.0,50.906666666666666,50.51,51.0,-5.973333312000001,-0.0266666879999988,0.0778571428571428,11.422142857142855,11.488,17.491481474666667,11.403380952380957,7.5873404,7.599434,7.5999384,7.6060185,7.594728,0,4.0,0,0.0,-1.17,34.0,66.0
2022-10-04 23:45:00,449.487019833332,0.0,0.0,17.489629621333332,11.488,51.0,0,5.1764362714980825,70.66250196097344,23,1,10,-0.2588190451025215,0.965925826289068,0.7818314824680298,0.6234898018587336,-0.8660254037844386,0.5000000000000001,0.0,0.0,0.0,4.35,6.55,25.0,85.0,5.699999999999999,7.070084,0.0,8.1,17.471296273333333,51.0,51.0,51.0,50.906666666666666,51.0,-6.001629621333333,0.016296309333331,-0.0120000000000004,11.5,11.415,17.48765431111111,11.47004761904762,7.594728,7.5873404,7.599434,7.5999384,7.5864167,0,4.0,0,0.0,-1.17,33.8,66.2
2022-10-05 00:00:00,41.045302672218,0.0,0.0,17.471296273333333,11.415,51.0,0,5.1764362714980825,70.66250196097344,0,2,10,0.0,1.0,0.9749279121818236,-0.2225209339563143,-0.8660254037844386,0.5000000000000001,0.0,0.0,0.0,4.7,6.1,0.0,86.0,5.6,7.0161915,0.0,7.8,17.4444444,51.0,51.0,51.0,51.0,51.0,-6.056296273333334,-0.0183333479999987,-0.0730000000000004,11.488,11.39357142857143,17.47808640222222,11.467666666666666,7.5864167,7.594728,7.5873404,7.599434,7.5742545,0,4.0,0,0.0,-1.17,34.0,66.0
2022-10-05 00:15:00,60.872287311108,0.0,0.0,17.4444444,11.39357142857143,51.0,0,5.1764362714980825,70.66250196097344,0,2,10,0.0,1.0,0.9749279121818236,-0.2225209339563143,-0.8660254037844386,0.5000000000000001,0.0,0.0,0.0,4.3,6.275,2.0,85.75,5.5,6.9619856,0.0,7.725,17.4444444,51.0,51.0,51.0,51.0,51.25,-6.050872971428568,-0.0268518733333351,-0.0214285714285686,11.415,11.465333333333332,17.468456764888888,11.432190476190478,7.5742545,7.5864167,7.594728,7.5873404,7.611384,0,4.0,0,0.0,-1.18,34.3,65.7
2022-10-05 00:30:00,51.357667911108,0.0,0.0,17.4444444,11.465333333333332,51.25,0,5.1764362714980825,70.66250196097344,0,2,10,0.0,1.0,0.9749279121818236,-0.2225209339563143,-0.8660254037844386,0.5000000000000001,0.0,0.0,0.0,3.9,6.449999999999999,4.0,85.5,5.4,6.9081206,0.0,7.65,17.4444444,51.0,51.0,51.0,51.0,51.5,-5.9791110666666665,0.0,0.0717619047619013,11.39357142857143,11.548,17.453395024444443,11.42463492063492,7.611384,7.5742545,7.5864167,7.594728,7.6485124,0,4.0,0,0.0,-1.18,34.3,65.7
2022-10-05 00:45:00,52.643172038886,0.0,0.0,17.4444444,11.548,51.5,0,5.1764362714980825,70.66250196097344,0,2,10,0.0,1.0,0.9749279121818236,-0.2225209339563143,-0.8660254037844386,0.5000000000000001,0.0,0.0,0.0,3.5,6.625,6.0,85.25,5.3,6.8545933,0.0,7.575,17.41777776,51.25,51.0,51.0,51.0,51.5,-5.896444399999998,0.0,0.0826666666666682,11.465333333333332,11.450666666666669,17.4444444,11.468968253968256,7.6485124,7.611384,7.5742545,7.5864167,7.6363344,0,4.0,0,0.0,-1.18,34.2,65.8
2022-10-05 01:00:00,64.715189055556,0.0,0.0,17.41777776,11.450666666666669,51.5,0,5.1764362714980825,70.66250196097344,1,2,10,0.2588190451025207,0.9659258262890684,0.9749279121818236,-0.2225209339563143,-0.8660254037844386,0.5000000000000001,0.0,0.0,0.0,3.1,6.8,8.0,85.0,5.2,6.8014016,0.0,7.5,17.43407404,51.5,51.25,51.0,51.0,51.5,-5.967111093333333,-0.0266666399999984,-0.0973333333333332,11.548,11.13,17.435555519999998,11.488,7.6363344,7.6485124,7.611384,7.5742545,7.6437745,0,4.0,0,0.0,-1.18,34.5,65.5
2022-10-05 01:15:00,50.741581288892,0.0,0.0,17.43407404,11.13,51.5,0,5.1764362714980825,70.66250196097344,1,2,10,0.2588190451025207,0.9659258262890684,0.9749279121818236,-0.2225209339563143,-0.8660254037844386,0.5000000000000001,0.0,0.0,0.0,3.5500000000000003,7.25,8.5,85.5,5.175,6.7972493,0.0,7.4,17.443333289999998,51.5,51.5,51.25,51.0,51.5,-6.30407404,0.0162962799999988,-0.3206666666666677,11.450666666666669,10.689333333333334,17.432098733333333,11.376222222222223,7.6437745,7.6363344,7.6485124,7.611384,7.648005,0,4.0,0,0.0,-1.18,34.3,65.7
2022-10-05 01:30:00,59.04208272222,0.0,0.0,17.443333289999998,10.689333333333334,51.5,0,5.1764362714980825,70.66250196097344,1,2,10,0.2588190451025207,0.9659258262890684,0.9749279121818236,-0.2225209339563143,-0.8660254037844386,0.5000000000000001,0.0,0.0,0.0,4.0,7.7,9.0,86.0,5.15,6.7928324,0.0,7.3,17.39925926,51.5,51.5,51.5,51.25,51.5,-6.753999956666664,0.0092592499999994,-0.4406666666666652,11.13,10.692666666666668,17.43172836333333,11.090000000000002,7.648005,7.6437745,7.6363344,7.6485124,7.6278887,0,4.0,0,0.0,-1.18,34.2,65.8
2022-10-05 01:45:00,64.058271083326,0.0,0.0,17.39925926,10.692666666666668,51.5,0,5.1764362714980825,70.66250196097344,1,2,10,0.2588190451025207,0.9659258262890684,0.9749279121818236,-0.2225209339563143,-0.8660254037844386,0.5000000000000001,0.0,0.0,0.0,4.45,8.15,9.5,86.5,5.125,6.78815,0.0,7.199999999999999,17.3888889,51.5,51.5,51.5,51.5,51.5,-6.706592593333333,-0.0440740299999973,0.0033333333333338,10.689333333333334,10.553333333333336,17.42555553,10.837333333333335,7.6278887,7.648005,7.6437745,7.6363344,7.6231627,0,4.0,0,0.0,-1.19,34.7,65.3
2022-10-05 02:00:00,54.475320866668,0.0,0.0,17.3888889,10.553333333333336,51.5,0,5.1764362714980825,70.66250196097344,2,2,10,0.4999999999999999,0.8660254037844387,0.9749279121818236,-0.2225209339563143,-0.8660254037844386,0.5000000000000001,0.0,0.0,0.0,4.9,8.6,10.0,87.0,5.1,6.7832093,0.0,7.1,17.3888889,51.5,51.5,51.5,51.5,51.5,-6.835555566666667,-0.0103703599999995,-0.1393333333333331,10.692666666666668,10.474666666666668,17.41049381666667,10.645111111111111,7.6231627,7.6278887,7.648005,7.6437745,7.6231627,0,4.0,0,0.0,-1.19,34.9,65.1
2022-10-05 02:15:00,55.438615749998,0.0,0.0,17.3888889,10.474666666666668,51.5,0,5.1764362714980825,70.66250196097344,2,2,10,0.4999999999999999,0.8660254037844387,0.9749279121818236,-0.2225209339563143,-0.8660254037844386,0.5000000000000001,0.0,0.0,0.0,5.25,9.15,7.5,87.75,4.975,6.7313867,0.0,6.85,17.387777788,51.5,51.5,51.5,51.5,51.5,-6.914222233333334,0.0,-0.0786666666666668,10.553333333333336,10.376666666666669,17.39234568666667,10.573555555555558,7.6231627,7.6231627,7.6278887,7.648005,7.622655,0,4.0,0,0.0,-1.19,34.9,65.1
2022-10-05 02:30:00,59.331237688892,0.0,0.0,17.387777788,10.376666666666669,51.5,0,5.1764362714980825,70.66250196097344,2,2,10,0.4999999999999999,0.8660254037844387,0.9749279121818236,-0.2225209339563143,-0.8660254037844386,0.5000000000000001,0.0,0.0,0.0,5.6,9.7,5.0,88.5,4.85,6.6792483,0.0,6.6,17.34365076857143,51.5,51.5,51.5,51.5,51.5,-7.011111121333334,-0.0011111120000002,-0.0980000000000007,10.474666666666668,10.142857142857142,17.388518529333336,10.468222222222224,7.622655,7.6231627,7.6231627,7.6278887,7.6025734,0,4.0,0,0.0,-1.19,34.9,65.1
2022-10-05 02:45:00,52.603173555556,0.0,0.0,17.34365076857143,10.142857142857142,51.5,0,5.1764362714980825,70.66250196097344,2,2,10,0.4999999999999999,0.8660254037844387,0.9749279121818236,-0.2225209339563143,-0.8660254037844386,0.5000000000000001,0.0,0.0,0.0,5.95,10.25,2.5,89.25,4.725,6.6268153,0.0,6.35,17.3333333,51.5,51.5,51.5,51.5,51.51,-7.200793625714287,-0.0441270194285721,-0.2338095238095245,10.376666666666669,9.731333333333334,17.37343915219048,10.331396825396826,7.6025734,7.622655,7.6231627,7.6231627,7.5993586,0,4.0,0,0.0,-1.2,35.4,64.6
2022-10-05 03:00:00,54.051726794442,0.0,0.0,17.3333333,9.731333333333334,51.51,0,5.1764362714980825,70.66250196097344,3,2,10,0.7071067811865476,0.7071067811865476,0.9749279121818236,-0.2225209339563143,-0.8660254037844386,0.5000000000000001,0.0,0.0,0.0,6.3,10.8,0.0,90.0,4.6,6.5741067,0.0,6.1,17.3333333,51.5,51.5,51.5,51.5,51.906666666666666,-7.601999966666666,-0.0103174685714293,-0.4115238095238087,10.142857142857142,9.6,17.354920618857143,10.083619047619049,7.5993586,7.6025734,7.622655,7.6231627,7.6578794,0,4.0,0,0.0,-1.21,35.5,64.5
2022-10-05 03:15:00,54.73531066666,0.0,0.0,17.3333333,9.6,51.906666666666666,0,5.1764362714980825,70.66250196097344,3,2,10,0.7071067811865476,0.7071067811865476,0.9749279121818236,-0.2225209339563143,-0.8660254037844386,0.5000000000000001,0.0,0.0,0.0,6.025,10.975,0.0,89.5,4.475,6.5162115,0.0,6.05,17.3333333,51.51,51.5,51.5,51.5,51.99,-7.7333333,0.0,-0.1313333333333339,9.731333333333334,9.631333333333334,17.336772456190477,9.82473015873016,7.6578794,7.5993586,7.6025734,7.622655,7.6701746,0,4.0,0,0.0,-1.2,35.4,64.6
2022-10-05 03:30:00,43.544647044444,0.0,0.0,17.3333333,9.631333333333334,51.99,0,5.1764362714980825,70.66250196097344,3,2,10,0.7071067811865476,0.7071067811865476,0.9749279121818236,-0.2225209339563143,-0.8660254037844386,0.5000000000000001,0.0,0.0,0.0,5.75,11.15,0.0,89.0,4.35,6.458615,0.0,6.0,17.32296294,51.906666666666666,51.51,51.5,51.5,51.59333333333333,-7.701999966666666,0.0,0.0313333333333343,9.6,9.396,17.3333333,9.654222222222224,7.6701746,7.6578794,7.5993586,7.6025734,7.606934,0,4.0,0,0.0,-1.2,35.4,64.6
2022-10-05 03:45:00,42.172201977776,0.0,0.0,17.32296294,9.396,51.59333333333333,0,5.1764362714980825,70.66250196097344,3,2,10,0.7071067811865476,0.7071067811865476,0.9749279121818236,-0.2225209339563143,-0.8660254037844386,0.5000000000000001,0.0,0.0,0.0,5.475,11.325,0.0,88.5,4.225,6.4013147,0.0,5.95,17.27888891,51.99,51.906666666666666,51.51,51.5,51.5,-7.926962940000001,-0.0103703599999995,-0.2353333333333349,9.631333333333334,9.186666666666667,17.329876513333332,9.542444444444447,7.606934,7.6701746,7.6578794,7.5993586,7.5731807,0,4.0,0,0.0,-1.21,35.6,64.4
2022-10-05 04:00:00,54.852805949994,0.0,0.0,17.27888891,9.186666666666667,51.5,0,5.1764362714980825,70.66250196097344,4,2,10,0.8660254037844386,0.5000000000000001,0.9749279121818236,-0.2225209339563143,-0.8660254037844386,0.5000000000000001,0.0,0.0,0.0,5.2,11.5,0.0,88.0,4.1,6.344313,0.0,5.9,17.2777778,51.59333333333333,51.99,51.906666666666666,51.51,51.5,-8.092222243333332,-0.0440740300000008,-0.2093333333333316,9.396,9.086666666666668,17.31172838333333,9.40466666666667,7.5731807,7.606934,7.6701746,7.6578794,7.5726786,0,4.0,0,0.0,-1.22,36.2,63.8
2022-10-05 04:15:00,36.176330772218,0.0,0.0,17.2777778,9.086666666666668,51.5,0,5.1764362714980825,70.66250196097344,4,2,10,0.8660254037844386,0.5000000000000001,0.9749279121818236,-0.2225209339563143,-0.8660254037844386,0.5000000000000001,0.0,0.0,0.0,5.25,11.425,0.0,88.0,4.0,6.3028197,0.0,5.800000000000001,17.2777778,51.5,51.59333333333333,51.99,51.906666666666666,51.5,-8.191111133333331,-0.00111111,-0.0999999999999996,9.186666666666667,8.962,17.293209883333333,9.223111111111113,7.5726786,7.5731807,7.606934,7.6701746,7.5726786,0,4.0,0,0.0,-1.22,36.2,63.8
2022-10-05 04:30:00,46.959232755552,0.0,0.0,17.2777778,8.962,51.5,0,5.1764362714980825,70.66250196097344,4,2,10,0.8660254037844386,0.5000000000000001,0.9749279121818236,-0.2225209339563143,-0.8660254037844386,0.5000000000000001,0.0,0.0,0.0,5.300000000000001,11.35,0.0,88.0,3.9,6.261563,0.0,5.7,17.267407421333335,51.5,51.5,51.59333333333333,51.99,51.5,-8.3157778,0.0,-0.124666666666668,9.086666666666668,8.82,17.278148169999998,9.078444444444449,7.5726786,7.5726786,7.5731807,7.606934,7.5679836,0,4.0,0,0.0,-1.22,36.2,63.8
2022-10-05 04:45:00,49.335526483334,0.0,0.0,17.267407421333335,8.82,51.5,0,5.1764362714980825,70.66250196097344,4,2,10,0.8660254037844386,0.5000000000000001,0.9749279121818236,-0.2225209339563143,-0.8660254037844386,0.5000000000000001,0.0,0.0,0.0,5.3500000000000005,11.275,0.0,88.0,3.8,6.220543,0.0,5.6,17.223333312,51.5,51.5,51.5,51.59333333333333,51.49,-8.447407421333335,-0.0103703786666642,-0.1419999999999994,8.962,8.700666666666667,17.27432100711111,8.956222222222223,7.5679836,7.5726786,7.5726786,7.5731807,7.546582,0,4.0,0,0.0,-1.22,36.3,63.7
2022-10-05 05:00:00,36.048558116662,0.0,0.0,17.223333312,8.700666666666667,51.49,0,5.1764362714980825,70.66250196097344,5,2,10,0.9659258262890684,0.2588190451025207,0.9749279121818236,-0.2225209339563143,-0.8660254037844386,0.5000000000000001,0.0,0.0,0.0,5.4,11.2,0.0,88.0,3.7,6.1797585,0.0,5.5,17.2222222,51.5,51.5,51.5,51.5,51.09333333333333,-8.522666645333334,-0.0440741093333336,-0.1193333333333335,8.82,8.655333333333335,17.256172844444446,8.827555555555557,7.546582,7.5679836,7.5726786,7.5726786,7.487947,0,4.0,0,0.0,-1.23,36.9,63.1
2022-10-05 05:15:00,53.740072594442,0.0,0.0,17.2222222,8.655333333333335,51.09333333333333,0,5.1764362714980825,70.66250196097344,5,2,10,0.9659258262890684,0.2588190451025207,0.9749279121818236,-0.2225209339563143,-0.8660254037844386,0.5000000000000001,0.0,0.0,0.0,5.050000000000001,11.2,0.0,87.0,3.575,6.129666,0.0,5.55,17.2222222,51.49,51.5,51.5,51.5,51.01,-8.566888866666666,-0.0011111120000002,-0.0453333333333318,8.700666666666667,8.774000000000001,17.237654311111115,8.725333333333335,7.487947,7.546582,7.5679836,7.5726786,7.475734,0,4.0,0,0.0,-1.23,37.0,63.0
2022-10-05 05:30:00,47.915027838886,0.0,0.0,17.2222222,8.774000000000001,51.01,0,5.1764362714980825,70.66250196097344,5,2,10,0.9659258262890684,0.2588190451025207,0.9749279121818236,-0.2225209339563143,-0.8660254037844386,0.5000000000000001,0.0,0.0,0.0,4.7,11.2,0.0,86.0,3.45,6.0791674,0.0,5.6,17.21185184,51.09333333333333,51.49,51.5,51.5,51.31333333333334,-8.4482222,0.0,0.118666666666666,8.655333333333335,8.799333333333333,17.222592570666666,8.710000000000003,7.475734,7.487947,7.546582,7.5679836,7.5155206,0,4.0,0,0.0,-1.24,37.0,63.0
2022-10-05 05:45:00,36.312991972218,0.0,0.0,17.21185184,8.799333333333333,51.31333333333334,0,5.1764362714980825,70.66250196097344,5,2,10,0.9659258262890684,0.2588190451025207,0.9749279121818236,-0.2225209339563143,-0.8660254037844386,0.5000000000000001,0.0,0.0,0.0,4.35,11.2,0.0,85.0,3.325,6.028262,0.0,5.65,17.16777781,51.01,51.09333333333333,51.49,51.5,51.01,-8.412518506666668,-0.0103703599999995,0.0253333333333323,8.774000000000001,8.825999999999999,17.218765413333333,8.74288888888889,7.5155206,7.475734,7.487947,7.546582,7.4514074,0,4.0,0,0.0,-1.24,37.0,63.0
2022-10-05 06:00:00,52.756223,0.0,0.0,17.16777781,8.825999999999999,51.01,0,5.1764362714980825,70.66250196097344,6,2,10,1.0,6.123233995736766e-17,0.9749279121818236,-0.2225209339563143,-0.8660254037844386,0.5000000000000001,0.0,0.0,0.0,4.0,11.2,0.0,84.0,3.2,5.976947,0.0,5.7,17.1666667,51.31333333333334,51.01,51.09333333333333,51.49,51.0,-8.341777810000002,-0.0440740300000008,0.0266666666666655,8.799333333333333,8.636666666666667,17.200617283333333,8.799777777777779,7.4514074,7.5155206,7.475734,7.487947,7.449451,0,4.0,0,0.0,-1.25,37.6,62.4
2022-10-05 06:15:00,43.043833711112,0.0,0.0,17.1666667,8.636666666666667,51.0,0,5.1764362714980825,70.66250196097344,6,2,10,1.0,6.123233995736766e-17,0.9749279121818236,-0.2225209339563143,-0.8660254037844386,0.5000000000000001,0.0,0.0,0.0,3.85,10.2,0.75,83.0,3.075,5.9154997,0.0,5.725,17.138888899999998,51.01,51.31333333333334,51.01,51.09333333333333,51.0,-8.530000033333334,-0.00111111,-0.189333333333332,8.825999999999999,8.630666666666666,17.182098783333334,8.754,7.449451,7.4514074,7.5155206,7.475734,7.437069,0,4.0,0,0.0,-1.25,37.7,62.3
2022-10-05 06:30:00,39.41981214444,0.0,0.0,17.138888899999998,8.630666666666666,51.0,0,5.1764362714980825,70.66250196097344,6,2,10,1.0,6.123233995736766e-17,0.9749279121818236,-0.2225209339563143,-0.8660254037844386,0.5000000000000001,0.0,0.0,0.0,3.7,9.2,1.5,82.0,2.95,5.8538327,0.0,5.75,17.10074074,51.0,51.01,51.31333333333334,51.01,51.0,-8.508222233333331,-0.0277778000000026,-0.0060000000000002,8.636666666666667,8.195333333333334,17.15777780333333,8.697777777777778,7.437069,7.449451,7.4514074,7.5155206,7.420094,0,4.0,0,0.0,-1.26,38.0,62.0
2022-10-05 06:45:00,52.270131311112,0.0,0.0,17.10074074,8.195333333333334,51.0,0,5.1764362714980825,70.66250196097344,6,2,10,1.0,6.123233995736766e-17,0.9749279121818236,-0.2225209339563143,-0.8660254037844386,0.5000000000000001,0.0,0.0,0.0,3.55,8.2,2.25,81.0,2.825,5.7919455,0.0,5.775,17.056666710000002,51.0,51.0,51.01,51.31333333333334,51.0,-8.905407406666665,-0.0381481599999986,-0.4353333333333324,8.630666666666666,8.072,17.135432113333334,8.487555555555558,7.420094,7.437069,7.449451,7.4514074,7.400525,0,4.0,0,0.0,-1.26,38.5,61.5
2022-10-05 07:00:00,419.886815005554,0.0,0.0,17.056666710000002,8.072,51.0,0,5.1764362714980825,70.66250196097344,7,2,10,0.9659258262890684,-0.2588190451025206,0.9749279121818236,-0.2225209339563143,-0.8660254037844386,0.5000000000000001,0.0,0.0,0.0,3.4,7.2,3.0,80.0,2.7,5.729836,0.0,5.8,17.0555556,51.0,51.0,51.0,51.01,51.0,-8.984666710000003,-0.0440740299999973,-0.1233333333333348,8.195333333333334,8.017999999999999,17.098765450000002,8.299333333333335,7.400525,7.420094,7.437069,7.449451,7.400033,0,4.0,0,0.0,-1.28,39.0,61.0
2022-10-05 07:15:00,42.447746472222,0.0,0.0,17.0555556,8.017999999999999,51.0,0,5.1764362714980825,70.66250196097344,7,2,10,0.9659258262890684,-0.2588190451025206,0.9749279121818236,-0.2225209339563143,-0.8660254037844386,0.5000000000000001,9.75,2.4375,0.8125,3.75,7.65,2.25,80.5,2.9000000000000004,5.8131285,0.0,5.925,17.054444488,51.0,51.0,51.0,51.0,50.76,-9.037555600000005,-0.00111111,-0.0540000000000002,8.072,7.883333333333334,17.070987683333335,8.09511111111111,7.400033,7.400525,7.420094,7.437069,7.3647184,0,4.0,0,0.0,-1.28,39.0,61.0
2022-10-05 07:30:00,52.74650105556,0.0,0.0,17.054444488,7.883333333333334,50.76,0,5.1764362714980825,70.66250196097344,7,2,10,0.9659258262890684,-0.2588190451025206,0.9749279121818236,-0.2225209339563143,-0.8660254037844386,0.5000000000000001,19.5,7.3125,2.4375,4.1,8.1,1.5,81.0,3.1,5.8973536,0.0,6.05,17.010370378666668,51.0,51.0,51.0,51.0,50.81333333333334,-9.171111154666669,-0.0011111120000002,-0.1346666666666651,8.017999999999999,7.987333333333334,17.055555599333335,7.991111111111112,7.3647184,7.400033,7.400525,7.420094,7.353003,0,4.0,0,0.0,-1.28,39.1,60.9
2022-10-05 07:45:00,42.569408305554,0.0,0.0,17.010370378666668,7.987333333333334,50.81333333333334,0,5.1764362714980825,70.66250196097344,7,2,10,0.9659258262890684,-0.2588190451025206,0.9749279121818236,-0.2225209339563143,-0.8660254037844386,0.5000000000000001,29.25,14.625,4.875,4.449999999999999,8.55,0.75,81.5,3.3,5.9825206,0.0,6.175,17.0,50.76,51.0,51.0,51.0,50.51,-9.023037045333334,-0.0440741093333336,0.104,7.883333333333334,8.621999999999998,17.04012348888889,7.96288888888889,7.353003,7.3647184,7.400033,7.400525,7.3045664,0,4.0,0,0.0,-1.29,39.6,60.4
2022-10-05 08:00:00,41.308903111112,0.0,0.0,17.0,8.621999999999998,50.51,0,5.1764362714980825,70.66250196097344,8,2,10,0.8660254037844387,-0.4999999999999998,0.9749279121818236,-0.2225209339563143,-0.8660254037844386,0.5000000000000001,39.0,24.375,8.125,4.8,9.0,0.0,82.0,3.5,6.0686374,0.0,6.3,17.0,50.81333333333334,50.76,51.0,51.0,50.59333333333333,-8.378000000000002,-0.0103703786666677,0.6346666666666643,7.987333333333334,9.596666666666666,17.021604955555556,8.164222222222223,7.3045664,7.353003,7.3647184,7.400033,7.3166184,0,4.0,0,0.0,-1.29,39.8,60.2
2022-10-05 08:15:00,48.57583472222,0.0,0.0,17.0,9.596666666666666,50.59333333333333,0,5.1764362714980825,70.66250196097344,8,2,10,0.8660254037844387,-0.4999999999999998,0.9749279121818236,-0.2225209339563143,-0.8660254037844386,0.5000000000000001,76.75,41.125,14.520833333333334,4.05,9.175,9.0,80.5,4.0,6.2764173,0.0,7.1,17.0,50.51,50.81333333333334,50.76,51.0,50.99,-7.403333333333334,0.0,0.9746666666666676,8.621999999999998,11.034666666666668,17.003456792888887,8.735333333333335,7.3166184,7.3045664,7.353003,7.3647184,7.373983,0,4.0,0,0.0,-1.29,39.8,60.2
2022-10-05 08:30:00,43.414096816662,0.0,0.0,17.0,11.034666666666668,50.99,0,5.1764362714980825,70.66250196097344,8,2,10,0.8660254037844387,-0.4999999999999998,0.9749279121818236,-0.2225209339563143,-0.8660254037844386,0.5000000000000001,114.5,64.875,24.0625,3.3,9.35,18.0,79.0,4.5,6.4868417,0.0,7.9,17.010370378666668,50.59333333333333,50.51,50.81333333333334,50.76,51.0,-5.965333333333332,0.0,1.4380000000000024,9.596666666666666,12.323333333333332,17.0,9.751111111111111,7.373983,7.3166184,7.3045664,7.353003,7.3800154,0,4.0,0,0.0,-1.29,39.7,60.3
2022-10-05 08:45:00,46.031491900004,0.0,0.0,17.010370378666668,12.323333333333332,51.0,0,5.1764362714980825,70.66250196097344,8,2,10,0.8660254037844387,-0.4999999999999998,0.9749279121818236,-0.2225209339563143,-0.8660254037844386,0.5000000000000001,152.25,95.625,36.75,2.55,9.525,27.0,77.5,5.0,6.6996317,0.0,8.7,17.173333366,50.99,50.59333333333333,50.51,50.81333333333334,50.98,-4.687037045333335,0.0103703786666677,1.2886666666666642,11.034666666666668,12.453333333333337,17.00345679288889,10.98488888888889,7.3800154,7.373983,7.3166184,7.3045664,7.4495044,0,4.0,0,0.0,-1.29,39.6,60.4
2022-10-05 09:00:00,43.593256216666,0.0,0.0,17.173333366,12.453333333333337,50.98,0,5.1764362714980825,70.66250196097344,9,2,10,0.7071067811865476,-0.7071067811865475,0.9749279121818236,-0.2225209339563143,-0.8660254037844386,0.5000000000000001,190.0,133.375,52.583333333333336,1.8,9.7,36.0,76.0,5.5,6.9144936,0.0,9.5,17.687407438666664,51.0,50.99,50.59333333333333,50.51,50.0,-4.7200000326666665,0.1629629873333336,0.1300000000000025,12.323333333333332,12.373333333333331,17.061234581555556,11.937111111111117,7.4495044,7.3800154,7.373983,7.3166184,7.5342164,0,4.0,0,0.0,-1.25,37.6,62.4
2022-10-05 09:15:00,47.651149494442,0.0,0.0,17.687407438666664,12.373333333333331,50.0,0,5.1764362714980825,70.66250196097344,9,2,10,0.7071067811865476,-0.7071067811865475,0.9749279121818236,-0.2225209339563143,-0.8660254037844386,0.5000000000000001,235.75,173.125,72.22916666666667,1.475,9.175,27.25,72.0,5.325,6.8483157,0.0,10.2,18.38777779,50.98,51.0,50.99,50.59333333333333,48.75,-5.314074105333331,0.5140740726666628,-0.0800000000000018,12.453333333333337,12.510666666666667,17.290370394444448,12.383333333333336,7.5342164,7.4495044,7.3800154,7.373983,7.6582766,0,4.0,0,0.0,-1.13,31.7,68.3
2022-10-05 09:30:00,45.866220827778,0.0,0.0,18.38777779,12.510666666666667,48.75,0,5.1764362714980825,70.66250196097344,9,2,10,0.7071067811865476,-0.7071067811865475,0.9749279121818236,-0.2225209339563143,-0.8660254037844386,0.5000000000000001,281.5,214.875,95.6875,1.15,8.649999999999999,18.5,68.0,5.15,6.760133,0.0,10.9,19.07629632,50.0,50.98,51.0,50.99,47.5,-5.87711112333333,0.7003703513333335,0.1373333333333342,12.373333333333331,13.044666666666666,17.74950619822222,12.44577777777778,7.6582766,7.5342164,7.4495044,7.3800154,7.772044,0,4.0,0,0.0,-0.97,24.7,75.3
2022-10-05 09:45:00,43.275768916666,0.0,0.0,19.07629632,13.044666666666666,47.5,0,5.1764362714980825,70.66250196097344,9,2,10,0.7071067811865476,-0.7071067811865475,0.9749279121818236,-0.2225209339563143,-0.8660254037844386,0.5000000000000001,327.25,258.625,122.95833333333331,0.825,8.125,9.750000000000004,64.0,4.975,6.648331,0.0,11.6,19.831111128,48.75,50.0,50.98,51.0,46.25,-6.031629653333335,0.6885185300000032,0.5339999999999989,12.510666666666667,13.280666666666669,18.38382718288889,12.64288888888889,7.772044,7.6582766,7.5342164,7.4495044,7.9110065,0,4.0,0,0.0,-0.81,18.8,81.2
2022-10-05 10:00:00,47.071172644444,0.0,0.0,19.831111128,13.280666666666669,46.25,0,5.1764362714980825,70.66250196097344,10,2,10,0.4999999999999999,-0.8660254037844387,0.9749279121818236,-0.2225209339563143,-0.8660254037844386,0.5000000000000001,373.0,304.375,154.04166666666666,0.5,7.6,1.0,60.0,4.8,6.5112247,0.0,12.3,20.5,47.5,48.75,50.0,50.98,45.09333333333333,-6.550444461333333,0.754814807999999,0.2360000000000006,13.044666666666666,13.418666666666669,19.098395079333333,12.945333333333336,7.9110065,7.772044,7.6582766,7.5342164,8.020864,0,4.0,0,0.0,-0.64,13.6,86.4
2022-10-05 10:15:00,41.400566127778,0.0,0.0,20.5,13.418666666666669,45.09333333333333,0,5.1764362714980825,70.66250196097344,10,2,10,0.4999999999999999,-0.8660254037844387,0.9749279121818236,-0.2225209339563143,-0.8660254037844386,0.5000000000000001,411.5,348.3125,187.52083333333331,0.825,8.4,1.75,58.75,5.025,6.6176176,0.0,12.9,21.16666665,46.25,47.5,48.75,50.0,44.0,-7.081333333333333,0.6688888720000001,0.1379999999999999,13.280666666666669,14.185333333333334,19.802469149333334,13.248000000000005,8.020864,7.9110065,7.772044,7.6582766,8.135898,0,4.0,0,0.0,-0.49,10.0,90.0
2022-10-05 10:30:00,43.349932633332,0.0,0.0,21.16666665,14.185333333333334,44.0,0,5.1764362714980825,70.66250196097344,10,2,10,0.4999999999999999,-0.8660254037844387,0.9749279121818236,-0.2225209339563143,-0.8660254037844386,0.5000000000000001,450.0,390.4375,223.39583333333331,1.15,9.2,2.5,57.5,5.25,6.7215004,0.0,13.5,21.81259258,45.09333333333333,46.25,47.5,48.75,43.0,-6.981333316666666,0.6666666499999998,0.7666666666666675,13.418666666666669,15.052,20.49925925933333,13.628222222222226,8.135898,8.020864,7.9110065,7.772044,8.253878,0,4.0,0,0.0,-0.34,7.4,92.6
2022-10-05 10:45:00,647.273552538886,0.0,0.0,21.81259258,15.052,43.0,0,5.1764362714980825,70.66250196097344,10,2,10,0.4999999999999999,-0.8660254037844387,0.9749279121818236,-0.2225209339563143,-0.8660254037844386,0.5000000000000001,488.5,430.75,261.6666666666667,1.475,10.0,3.25,56.25,5.475,6.8225718,0.0,14.1,22.333333348,44.0,45.09333333333333,46.25,47.5,42.5,-6.760592580000001,0.6459259300000006,0.8666666666666654,14.185333333333334,15.437333333333331,21.159753076666664,14.21866666666667,8.253878,8.135898,8.020864,7.9110065,8.40638,0,4.0,0,0.0,-0.19,5.7,94.3
2022-10-05 11:00:00,442.993113033328,0.0,0.0,22.333333348,15.437333333333331,42.5,0,5.1764362714980825,70.66250196097344,11,2,10,0.258819045102521,-0.9659258262890682,0.9749279121818236,-0.2225209339563143,-0.8660254037844386,0.5000000000000001,527.0,469.25,302.3333333333333,1.8,10.8,4.0,55.0,5.7,6.920518,0.0,14.7,22.81259258,43.0,44.0,45.09333333333333,46.25,41.906666666666666,-6.896000014666667,0.5207407679999996,0.3853333333333335,15.052,17.173333333333336,21.770864192666664,14.891555555555556,8.40638,8.253878,8.135898,8.020864,8.520192,0,4.0,0,0.0,-0.07,5.1,94.9
2022-10-05 11:15:00,248.619777044444,0.0,0.0,22.81259258,17.173333333333336,41.906666666666666,0,5.1764362714980825,70.66250196097344,11,2,10,0.258819045102521,-0.9659258262890682,0.9749279121818236,-0.2225209339563143,-0.8660254037844386,0.5000000000000001,553.25,504.6875,342.0416666666667,2.575,12.25,3.25,53.75,5.825,6.9618993,0.0,15.175,22.846666704,42.5,43.0,44.0,45.09333333333333,41.03,-5.639259246666665,0.4792592320000004,1.7360000000000024,15.437333333333331,17.346666666666668,22.319506169333334,15.887555555555558,8.520192,8.40638,8.253878,8.135898,8.358249,0,4.0,0,0.0,0.04,5.0,95.0
2022-10-05 11:30:00,136.176219366668,0.0,0.0,22.846666704,17.346666666666668,41.03,0,5.1764362714980825,70.66250196097344,11,2,10,0.258819045102521,-0.9659258262890682,0.9749279121818236,-0.2225209339563143,-0.8660254037844386,0.5000000000000001,579.5,537.0625,380.7916666666667,3.3500000000000005,13.7,2.5,52.5,5.95,6.9989705,0.0,15.65,22.20814817733333,41.906666666666666,42.5,43.0,44.0,41.5,-5.500000037333329,0.0340741239999964,0.173333333333332,17.173333333333336,17.053333333333335,22.664197544,16.652444444444445,8.358249,8.520192,8.40638,8.253878,8.149679,0,4.0,0,0.0,0.04,5.0,95.0
2022-10-05 11:45:00,882.645525983338,0.0,0.0,22.20814817733333,17.053333333333335,41.5,0,5.1764362714980825,70.66250196097344,11,2,10,0.258819045102521,-0.9659258262890682,0.9749279121818236,-0.2225209339563143,-0.8660254037844386,0.5000000000000001,605.75,566.375,418.5833333333333,4.125,15.150000000000002,1.75,51.25,6.075,7.031487,0.0,16.125,21.837777794,41.03,41.906666666666666,42.5,43.0,42.97,-5.154814843999997,-0.6385185266666653,-0.293333333333333,17.346666666666668,17.22266666666667,22.62246915377777,17.191111111111113,8.149679,8.358249,8.520192,8.40638,8.260119,0,4.0,0,0.0,-0.11,5.2,94.8
2022-10-05 12:00:00,715.231945094446,0.0,0.0,21.837777794,17.22266666666667,42.97,0,5.1764362714980825,70.66250196097344,12,2,10,1.2246467991473532e-16,-1.0,0.9749279121818236,-0.2225209339563143,-0.8660254037844386,0.5000000000000001,632.0,592.625,455.4166666666667,4.9,16.6,1.0,50.0,6.2,7.059189,0.0,16.6,21.71185184,41.5,41.03,41.906666666666666,42.5,42.906666666666666,-4.6151111273333285,-0.3703703833333343,0.1693333333333342,17.053333333333335,17.601333333333333,22.29753089177778,17.207555555555558,8.260119,8.149679,8.358249,8.520192,8.188178,0,4.0,0,0.0,-0.18,5.7,94.3
2022-10-05 12:15:00,40.75364762222,0.0,0.0,21.71185184,17.601333333333333,42.906666666666666,0,5.1764362714980825,70.66250196097344,12,2,10,1.2246467991473532e-16,-1.0,0.9749279121818236,-0.2225209339563143,-0.8660254037844386,0.5000000000000001,645.25,615.625,489.5416666666667,5.075,17.05,0.75,48.75,6.075,7.0184,0.0,16.925,21.55666666,42.97,41.5,41.03,41.906666666666666,40.77,-4.1105185066666685,-0.1259259539999959,0.378666666666664,17.22266666666667,17.759333333333334,21.91925927044444,17.292444444444445,8.188178,8.260119,8.149679,8.358249,7.71093,0,4.0,0,0.0,-0.21,6.0,94.0
2022-10-05 12:30:00,22.603818161106,0.0,0.0,21.55666666,17.759333333333334,40.77,0,5.1764362714980825,70.66250196097344,12,2,10,1.2246467991473532e-16,-1.0,0.9749279121818236,-0.2225209339563143,-0.8660254037844386,0.5000000000000001,658.5,635.375,520.9583333333334,5.25,17.5,0.5,47.5,5.95,6.972911,0.0,17.25,21.46518515733333,42.906666666666666,42.97,41.5,41.03,39.68666666666666,-3.797333326666667,-0.1551851800000001,0.1580000000000012,17.601333333333333,18.171333333333333,21.70209876466667,17.527777777777782,7.71093,8.188178,8.260119,8.149679,7.466403,0,4.0,0,0.0,-0.26,6.5,93.5
2022-10-05 12:45:00,34.785830794442,0.0,0.0,21.46518515733333,18.171333333333333,39.68666666666666,0,5.1764362714980825,70.66250196097344,12,2,10,1.2246467991473532e-16,-1.0,0.9749279121818236,-0.2225209339563143,-0.8660254037844386,0.5000000000000001,671.75,651.875,549.6666666666666,5.425,17.95,0.25,46.25,5.825,6.922571,0.0,17.575,21.5,40.77,42.906666666666666,42.97,41.5,39.77,-3.2938518240000008,-0.0914815026666673,0.411999999999999,17.759333333333334,18.584666666666667,21.577901219111112,17.844,7.466403,7.71093,8.188178,8.260119,7.4971747,0,4.0,0,0.0,-0.29,6.8,93.2
2022-10-05 13:00:00,36.024947961106,0.0,0.0,21.5,18.584666666666667,39.77,0,5.1764362714980825,70.66250196097344,13,2,10,-0.2588190451025208,-0.9659258262890684,0.9749279121818236,-0.2225209339563143,-0.8660254037844386,0.5000000000000001,685.0,665.125,575.6666666666666,5.6,18.4,0.0,45.0,5.7,6.8672338,0.0,17.9,21.555555581333333,39.68666666666666,40.77,42.906666666666666,42.97,40.81333333333334,-2.915333333333333,0.0348148426666661,0.413333333333334,18.171333333333333,18.946666666666665,21.507283939111108,18.171777777777777,7.4971747,7.466403,7.71093,8.188178,7.7186303,0,4.0,0,0.0,-0.28,6.7,93.3
2022-10-05 13:15:00,25.447037777772,0.0,0.0,21.555555581333333,18.946666666666665,40.81333333333334,0,5.1764362714980825,70.66250196097344,13,2,10,-0.2588190451025208,-0.9659258262890684,0.9749279121818236,-0.2225209339563143,-0.8660254037844386,0.5000000000000001,682.25,674.375,598.2291666666666,5.824999999999999,18.65,0.0,43.5,5.45,6.7277637,0.0,18.125,21.640000012,39.77,39.68666666666666,40.77,42.906666666666666,41.23,-2.608888914666668,0.0555555813333334,0.3619999999999983,18.584666666666667,19.134666666666664,21.506913579555555,18.56755555555556,7.7186303,7.4971747,7.466403,7.71093,7.8356004,0,4.0,0,0.0,-0.26,6.5,93.5
2022-10-05 13:30:00,32.308707633332,0.0,0.0,21.640000012,19.134666666666664,41.23,0,5.1764362714980825,70.66250196097344,13,2,10,-0.2588190451025208,-0.9659258262890684,0.9749279121818236,-0.2225209339563143,-0.8660254037844386,0.5000000000000001,679.5,679.625,617.3541666666666,6.05,18.9,0.0,42.0,5.2,6.583132,0.0,18.35,21.746666682666667,40.81333333333334,39.77,39.68666666666666,40.77,40.59333333333333,-2.5053333453333337,0.0844444306666645,0.1879999999999988,18.946666666666665,19.392,21.565185197777776,18.888666666666666,7.8356004,7.7186303,7.4971747,7.466403,7.7623057,0,4.0,0,0.0,-0.24,6.2,93.8
2022-10-05 13:45:00,35.939673555552,0.0,0.0,21.746666682666667,19.392,40.59333333333333,0,5.1764362714980825,70.66250196097344,13,2,10,-0.2588190451025208,-0.9659258262890684,0.9749279121818236,-0.2225209339563143,-0.8660254037844386,0.5000000000000001,676.75,680.875,633.0416666666666,6.275,19.15,0.0,40.5,4.95,6.4332433,0.0,18.575,21.692222228,41.23,40.81333333333334,39.77,39.68666666666666,40.51,-2.354666682666668,0.1066666706666694,0.2573333333333352,19.134666666666664,19.645333333333333,21.64740742533333,19.157777777777778,7.7623057,7.8356004,7.7186303,7.4971747,7.7220416,0,4.0,0,0.0,-0.22,6.0,94.0
2022-10-05 14:00:00,31.180697205554,0.0,0.0,21.692222228,19.645333333333333,40.51,0,5.1764362714980825,70.66250196097344,14,2,10,-0.4999999999999997,-0.8660254037844388,0.9749279121818236,-0.2225209339563143,-0.8660254037844386,0.5000000000000001,674.0,678.125,645.2916666666666,6.5,19.4,0.0,39.0,4.7,6.277994,0.0,18.8,21.510370378666668,40.59333333333333,41.23,40.81333333333334,39.77,40.81333333333334,-2.046888894666665,-0.0544444546666689,0.2533333333333338,19.392,19.828666666666667,21.692962974222223,19.390666666666664,7.7220416,7.7623057,7.8356004,7.7186303,7.6984754,0,4.0,0,0.0,-0.23,6.1,93.9
2022-10-05 14:15:00,79.010728411108,0.0,0.0,21.510370378666668,19.828666666666667,40.81333333333334,0,5.1764362714980825,70.66250196097344,14,2,10,-0.4999999999999997,-0.8660254037844388,0.9749279121818236,-0.2225209339563143,-0.8660254037844386,0.5000000000000001,656.5,671.6875,653.8958333333334,6.775,19.6,0.0,39.0,4.8,6.333873,0.0,18.95,21.336666682,40.51,40.59333333333333,41.23,40.81333333333334,40.03,-1.681703712000001,-0.1818518493333307,0.1833333333333335,19.645333333333333,20.339333333333336,21.64975309644444,19.622000000000003,7.6984754,7.7220416,7.7623057,7.8356004,7.4751434,0,4.0,0,0.0,-0.28,6.6,93.4
2022-10-05 14:30:00,97.236665894446,0.0,0.0,21.336666682,20.339333333333336,40.03,0,5.1764362714980825,70.66250196097344,14,2,10,-0.4999999999999997,-0.8660254037844388,0.9749279121818236,-0.2225209339563143,-0.8660254037844386,0.5000000000000001,639.0,661.5625,658.8541666666666,7.05,19.8,0.0,39.0,4.9,6.3901834,0.0,19.1,21.32296294,40.81333333333334,40.51,40.59333333333333,41.23,40.31333333333334,-0.9973333486666648,-0.1737036966666671,0.510666666666669,19.828666666666667,20.41,21.51308642955556,19.93777777777778,7.4751434,7.6984754,7.7220416,7.7623057,7.522077,0,4.0,0,0.0,-0.32,7.1,92.9
2022-10-05 14:45:00,115.431493772218,0.0,0.0,21.32296294,20.41,40.31333333333334,0,5.1764362714980825,70.66250196097344,14,2,10,-0.4999999999999997,-0.8660254037844388,0.9749279121818236,-0.2225209339563143,-0.8660254037844386,0.5000000000000001,621.5,647.75,660.1666666666666,7.324999999999999,20.0,0.0,39.0,5.0,6.446928,0.0,19.25,21.3611111,40.03,40.81333333333334,40.51,40.59333333333333,41.24,-0.91296294,-0.0137037420000005,0.0706666666666642,20.339333333333336,20.531333333333333,21.390000000222223,20.192666666666668,7.522077,7.4751434,7.6984754,7.7220416,7.7120137,0,4.0,0,0.0,-0.32,7.2,92.8
2022-10-05 15:00:00,127.803221066664,0.0,0.0,21.3611111,20.531333333333333,41.24,0,5.1764362714980825,70.66250196097344,15,2,10,-0.7071067811865471,-0.7071067811865479,0.9749279121818236,-0.2225209339563143,-0.8660254037844386,0.5000000000000001,604.0,630.25,657.8333333333334,7.6,20.2,0.0,39.0,5.1,6.504108,0.0,19.4,21.36814816133333,40.31333333333334,40.03,40.81333333333334,40.51,41.22,-0.8297777666666697,0.0381481600000022,0.1213333333333324,20.41,20.497333333333334,21.34024690733333,20.426888888888893,7.7120137,7.522077,7.4751434,7.6984754,7.7114186,0,4.0,0,0.0,-0.31,7.0,93.0
2022-10-05 15:15:00,142.710957816674,0.0,0.0,21.36814816133333,20.497333333333334,41.22,0,5.1764362714980825,70.66250196097344,15,2,10,-0.7071067811865471,-0.7071067811865479,0.9749279121818236,-0.2225209339563143,-0.8660254037844386,0.5000000000000001,573.5,609.5,651.8541666666666,8.3,21.1,0.0,39.0,5.05,6.46594,0.0,19.3,21.221111138,41.24,40.31333333333334,40.03,40.81333333333334,39.54,-0.8708148280000003,0.0070370613333317,-0.0339999999999989,20.531333333333333,20.278,21.35074073377778,20.479555555555557,7.7114186,7.7120137,7.522077,7.4751434,7.334344,0,4.0,0,0.0,-0.31,7.0,93.0
2022-10-05 15:30:00,53.10482013889,0.0,0.0,21.221111138,20.278,39.54,0,5.1764362714980825,70.66250196097344,15,2,10,-0.7071067811865471,-0.7071067811865479,0.9749279121818236,-0.2225209339563143,-0.8660254037844386,0.5000000000000001,543.0,585.5,642.2291666666666,9.0,22.0,0.0,39.0,5.0,6.427964,0.0,19.2,21.0,41.22,41.24,40.31333333333334,40.03,39.31333333333334,-0.943111137999999,-0.1470370233333326,-0.2193333333333313,20.497333333333334,20.26933333333333,21.316790133111112,20.43555555555556,7.334344,7.7114186,7.7120137,7.522077,7.1992936,0,4.0,0,0.0,-0.35,7.6,92.4
2022-10-05 15:45:00,426.558214772222,0.0,0.0,21.0,20.26933333333333,39.31333333333334,0,5.1764362714980825,70.66250196097344,15,2,10,-0.7071067811865471,-0.7071067811865479,0.9749279121818236,-0.2225209339563143,-0.8660254037844386,0.5000000000000001,512.5,558.25,628.9583333333334,9.7,22.9,0.0,39.0,4.95,6.3901834,0.0,19.1,20.7222222,39.54,41.22,41.24,40.31333333333334,38.52,-0.7306666666666679,-0.2211111380000012,-0.0086666666666701,20.278,20.318,21.196419766444446,20.348222222222223,7.1992936,7.334344,7.7114186,7.7120137,6.940957,0,4.0,0,0.0,-0.4,8.4,91.6
2022-10-05 16:00:00,53.722573327774,0.0,0.0,20.7222222,20.318,38.52,0,5.1764362714980825,70.66250196097344,16,2,10,-0.8660254037844385,-0.5000000000000004,0.9749279121818236,-0.2225209339563143,-0.8660254037844386,0.5000000000000001,482.0,527.75,612.0416666666666,10.4,23.8,0.0,39.0,4.9,6.352596,0.0,19.0,20.43407404,39.31333333333334,39.54,41.22,41.24,38.59333333333333,-0.4042221999999995,-0.2777778000000026,0.0486666666666657,20.26933333333333,20.182,20.981111112666667,20.288444444444448,6.940957,7.1992936,7.334344,7.7114186,6.8383374,0,4.0,0,0.0,-0.47,9.7,90.3
2022-10-05 16:15:00,34.458899288892,0.0,0.0,20.43407404,20.182,38.59333333333333,0,5.1764362714980825,70.66250196097344,16,2,10,-0.8660254037844385,-0.5000000000000004,0.9749279121818236,-0.2225209339563143,-0.8660254037844386,0.5000000000000001,442.25,494.9375,592.0416666666666,9.95,23.875,0.0,40.5,5.050000000000001,6.4618707,0.0,18.65,20.16777776,38.52,39.31333333333334,39.54,41.22,39.23,-0.2520740399999965,-0.2881481599999986,-0.1359999999999956,20.318,19.93733333333333,20.718765413333333,20.256444444444444,6.8383374,6.940957,7.1992936,7.334344,6.843845,0,4.0,0,0.0,-0.54,11.2,88.8
2022-10-05 16:30:00,46.907290349998,0.0,0.0,20.16777776,19.93733333333333,39.23,0,5.1764362714980825,70.66250196097344,16,2,10,-0.8660254037844385,-0.5000000000000004,0.9749279121818236,-0.2225209339563143,-0.8660254037844386,0.5000000000000001,402.5,459.8125,568.9583333333334,9.5,23.950000000000003,0.0,42.0,5.2,6.5636325,0.0,18.3,19.944444418666667,38.59333333333333,38.52,39.31333333333334,39.54,39.18666666666666,-0.2304444266666649,-0.2662962799999988,-0.2446666666666672,20.182,19.740666666666662,20.441358,20.14577777777778,6.843845,6.8383374,6.940957,7.1992936,6.7475014,0,4.0,0,0.0,-0.6,12.6,87.4
2022-10-05 16:45:00,47.720313411108,0.0,0.0,19.944444418666667,19.740666666666662,39.18666666666666,0,5.1764362714980825,70.66250196097344,16,2,10,-0.8660254037844385,-0.5000000000000004,0.9749279121818236,-0.2225209339563143,-0.8660254037844386,0.5000000000000001,362.75,422.375,542.7916666666666,9.05,24.025,0.0,43.5,5.35,6.6581106,0.0,17.950000000000003,19.75,39.23,38.59333333333333,38.52,39.31333333333334,39.25,-0.2037777520000006,-0.2233333413333333,-0.196666666666669,19.93733333333333,19.63733333333333,20.182098739555556,19.953333333333337,6.7475014,6.843845,6.8383374,6.940957,6.681801,0,4.0,0,0.0,-0.65,13.9,86.1
2022-10-05 17:00:00,38.708451649998,0.0,0.0,19.75,19.63733333333333,39.25,0,5.1764362714980825,70.66250196097344,17,2,10,-0.9659258262890684,-0.2588190451025206,0.9749279121818236,-0.2225209339563143,-0.8660254037844386,0.5000000000000001,323.0,382.625,513.5416666666666,8.6,24.1,0.0,45.0,5.5,6.745531,0.0,17.6,19.57629632,39.18666666666666,39.23,38.59333333333333,38.52,39.31333333333334,-0.1126666666666658,-0.1944444186666665,-0.1033333333333317,19.740666666666662,19.450666666666667,19.954074059555555,19.771777777777785,6.681801,6.7475014,6.843845,6.8383374,6.624673,0,4.0,0,0.0,-0.7,15.2,84.8
2022-10-05 17:15:00,42.019985766668,0.0,0.0,19.57629632,19.450666666666667,39.31333333333334,0,5.1764362714980825,70.66250196097344,17,2,10,-0.9659258262890684,-0.2588190451025206,0.9749279121818236,-0.2225209339563143,-0.8660254037844386,0.5000000000000001,279.5,341.9375,482.125,8.175,22.575000000000003,0.0,48.25,5.85,6.977734,0.0,17.0,19.47111109,39.25,39.18666666666666,39.23,38.59333333333333,39.53,-0.1256296533333305,-0.1737036800000027,-0.1866666666666674,19.63733333333333,19.24533333333333,19.756913579555555,19.60955555555556,6.624673,6.681801,6.7475014,6.843845,6.6201296,0,4.0,0,0.0,-0.74,16.4,83.6
2022-10-05 17:30:00,49.041093844444,0.0,0.0,19.47111109,19.24533333333333,39.53,0,5.1764362714980825,70.66250196097344,17,2,10,-0.9659258262890684,-0.2588190451025206,0.9749279121818236,-0.2225209339563143,-0.8660254037844386,0.5000000000000001,236.0,300.3125,448.5416666666667,7.75,21.05,0.0,51.5,6.2,7.1839523,0.0,16.4,19.343703678666667,39.31333333333334,39.25,39.18666666666666,39.23,41.09333333333333,-0.2257777566666661,-0.1051852299999964,-0.205333333333332,19.450666666666667,19.064,19.599135803333333,19.444444444444446,6.6201296,6.624673,6.681801,6.7475014,6.8305526,0,4.0,0,0.0,-0.76,17.2,82.8
2022-10-05 17:45:00,44.30711656111,0.0,0.0,19.343703678666667,19.064,41.09333333333333,0,5.1764362714980825,70.66250196097344,17,2,10,-0.9659258262890684,-0.2588190451025206,0.9749279121818236,-0.2225209339563143,-0.8660254037844386,0.5000000000000001,192.5,257.75,412.7916666666667,7.325,19.525,0.0,54.75,6.550000000000001,7.365543,0.0,15.8,19.221111138,39.53,39.31333333333334,39.25,39.18666666666666,43.25,-0.2797036786666673,-0.1274074113333334,-0.1813333333333346,19.24533333333333,18.756000000000004,19.463703696222225,19.25333333333333,6.8305526,6.6201296,6.624673,6.681801,7.137321,0,4.0,0,0.0,-0.78,17.9,82.1
2022-10-05 18:00:00,34.957212722224,0.0,0.0,19.221111138,18.756000000000004,43.25,0,5.1764362714980825,70.66250196097344,18,2,10,-1.0,-1.8369701987210294e-16,0.9749279121818236,-0.2225209339563143,-0.8660254037844386,0.5000000000000001,149.0,214.25,374.875,6.9,18.0,0.0,58.0,6.9,7.523806,0.0,15.2,19.06592596,41.09333333333333,39.53,39.31333333333334,39.25,45.31333333333334,-0.4651111379999975,-0.1225925406666661,-0.3079999999999963,19.064,18.348,19.34530863555556,19.021777777777785,7.137321,6.8305526,6.6201296,6.624673,7.4097233,0,4.0,0,0.0,-0.8,18.4,81.6
2022-10-05 18:15:00,54.748643399996,0.0,0.0,19.06592596,18.348,45.31333333333334,0,5.1764362714980825,70.66250196097344,18,2,10,-1.0,-1.8369701987210294e-16,0.9749279121818236,-0.2225209339563143,-0.8660254037844386,0.5000000000000001,115.75,173.3125,336.7291666666667,6.825,16.2,0.0,60.5,7.050000000000001,7.61257,0.0,14.7,18.94444445,43.25,41.09333333333333,39.53,39.31333333333334,46.26,-0.7179259600000023,-0.1551851779999999,-0.4080000000000048,18.756000000000004,17.918,19.210246925555555,18.72266666666667,7.4097233,7.137321,6.8305526,6.6201296,7.510484,0,4.0,0,0.0,-0.82,19.3,80.7
2022-10-05 18:30:00,39.422867538886,0.0,0.0,18.94444445,17.918,46.26,0,5.1764362714980825,70.66250196097344,18,2,10,-1.0,-1.8369701987210294e-16,0.9749279121818236,-0.2225209339563143,-0.8660254037844386,0.5000000000000001,82.5,134.9375,298.3541666666667,6.75,14.4,0.0,63.0,7.2,7.688291,0.0,14.2,18.82296294,45.31333333333334,43.25,41.09333333333333,39.53,47.31333333333334,-1.0264444499999996,-0.1214815100000024,-0.4299999999999997,18.348,17.44333333333333,19.077160516,18.340666666666667,7.510484,7.4097233,7.137321,6.8305526,7.6265697,0,4.0,0,0.0,-0.85,20.2,79.8
2022-10-05 18:45:00,34.440011277776,0.0,0.0,18.82296294,17.44333333333333,47.31333333333334,0,5.1764362714980825,70.66250196097344,18,2,10,-1.0,-1.8369701987210294e-16,0.9749279121818236,-0.2225209339563143,-0.8660254037844386,0.5000000000000001,49.25,99.125,259.75,6.675,12.6,0.0,65.5,7.35,7.751587,0.0,13.7,18.69555556,46.26,45.31333333333334,43.25,41.09333333333333,47.24,-1.3796296066666685,-0.1214815099999988,-0.4746666666666677,17.918,17.078,18.94444445,17.903111111111112,7.6265697,7.510484,7.4097233,7.137321,7.557596,0,4.0,0,0.0,-0.87,21.0,79.0
2022-10-05 19:00:00,58.84514618333,0.0,0.0,18.69555556,17.078,47.24,0,5.1764362714980825,70.66250196097344,19,2,10,-0.9659258262890684,0.2588190451025203,0.9749279121818236,-0.2225209339563143,-0.8660254037844386,0.5000000000000001,16.0,65.875,220.91666666666663,6.6,10.8,0.0,68.0,7.5,7.8030567,0.0,13.2,18.611111118666667,47.31333333333334,46.26,45.31333333333334,43.25,46.78,-1.6175555599999996,-0.127407380000001,-0.3653333333333322,17.44333333333333,16.774,18.82098765,17.47977777777778,7.557596,7.6265697,7.510484,7.4097233,7.4466977,0,4.0,0,0.0,-0.9,22.1,77.9
2022-10-05 19:15:00,37.483500633332,0.0,0.0,18.611111118666667,16.774,46.78,0,5.1764362714980825,70.66250196097344,19,2,10,-0.9659258262890684,0.2588190451025203,0.9749279121818236,-0.2225209339563143,-0.8660254037844386,0.5000000000000001,12.0,39.9375,185.0625,6.449999999999999,11.15,0.0,71.75,7.875,8.044466,0.0,12.825,18.586666682,47.24,47.31333333333334,46.26,45.31333333333334,47.73,-1.837111118666666,-0.084444441333332,-0.3039999999999985,17.078,16.484666666666666,18.709876539555555,17.098444444444443,7.4466977,7.557596,7.6265697,7.510484,7.5869336,0,4.0,0,0.0,-0.92,23.0,77.0
2022-10-05 19:30:00,56.733841688888,0.0,0.0,18.586666682,16.484666666666666,47.73,0,5.1764362714980825,70.66250196097344,19,2,10,-0.9659258262890684,0.2588190451025203,0.9749279121818236,-0.2225209339563143,-0.8660254037844386,0.5000000000000001,8.0,21.3125,152.1875,6.3,11.5,0.0,75.5,8.25,8.27011,0.0,12.45,18.69111110133333,46.78,47.24,47.31333333333334,46.26,47.906666666666666,-2.102000015333335,-0.0244444366666662,-0.2893333333333352,16.774,16.266666666666666,18.631111120222226,16.77888888888889,7.5869336,7.4466977,7.557596,7.6265697,7.6622367,0,4.0,0,0.0,-0.92,23.0,77.0
2022-10-05 19:45:00,66.808994316662,0.0,0.0,18.69111110133333,16.266666666666666,47.906666666666666,0,5.1764362714980825,70.66250196097344,19,2,10,-0.9659258262890684,0.2588190451025203,0.9749279121818236,-0.2225209339563143,-0.8660254037844386,0.5000000000000001,4.0,10.0,122.29166666666669,6.15,11.85,0.0,79.25,8.625,8.480512,0.0,12.075,18.668888920000004,47.73,46.78,47.24,47.31333333333334,47.76,-2.4244444346666683,0.1044444193333333,-0.2179999999999999,16.484666666666666,15.874,18.629629634,16.508444444444446,7.6622367,7.5869336,7.4466977,7.557596,7.6287413,0,4.0,0,0.0,-0.9,22.0,78.0
2022-10-05 20:00:00,39.047049122224,0.0,0.0,18.668888920000004,15.874,47.76,0,5.1764362714980825,70.66250196097344,20,2,10,-0.8660254037844386,0.5000000000000001,0.9749279121818236,-0.2225209339563143,-0.8660254037844386,0.5000000000000001,0.0,6.0,95.375,6.0,12.2,0.0,83.0,9.0,8.676181,0.0,11.7,18.70148148,47.906666666666666,47.73,46.78,47.24,48.0,-2.7948889200000053,-0.0222221813333298,-0.3926666666666669,16.266666666666666,15.000666666666666,18.64888890111111,16.208444444444442,7.6287413,7.6622367,7.5869336,7.4466977,7.681876,0,4.0,0,0.0,-0.9,22.3,77.7
2022-10-05 20:15:00,96.6236349,0.0,0.0,18.70148148,15.000666666666666,48.0,0,5.1764362714980825,70.66250196097344,20,2,10,-0.8660254037844386,0.5000000000000001,0.9749279121818236,-0.2225209339563143,-0.8660254037844386,0.5000000000000001,0.0,3.0,72.08333333333333,5.65,11.3,0.0,83.25,9.075,8.72957,0.0,11.75,18.66777781,47.76,47.906666666666666,47.73,46.78,48.0,-3.700814813333333,0.0325925599999941,-0.8733333333333331,15.874,14.605333333333334,18.687160500444445,15.713777777777777,7.681876,7.6287413,7.6622367,7.5869336,7.6665726,0,4.0,0,0.0,-0.9,21.9,78.1
2022-10-05 20:30:00,101.527049872222,0.0,0.0,18.66777781,14.605333333333334,48.0,0,5.1764362714980825,70.66250196097344,20,2,10,-0.8660254037844386,0.5000000000000001,0.9749279121818236,-0.2225209339563143,-0.8660254037844386,0.5000000000000001,0.0,1.0,52.41666666666666,5.3,10.4,0.0,83.5,9.15,8.783197,0.0,11.8,18.6666667,48.0,47.76,47.906666666666666,47.73,48.0,-4.062444476666666,-0.0337036699999977,-0.3953333333333315,15.000666666666666,14.384,18.679382736666668,15.160000000000002,7.6665726,7.681876,7.6287413,7.6622367,7.66607,0,4.0,0,0.0,-0.9,22.2,77.8
2022-10-05 20:45:00,104.298605705554,0.0,0.0,18.6666667,14.384,48.0,0,5.1764362714980825,70.66250196097344,20,2,10,-0.8660254037844386,0.5000000000000001,0.9749279121818236,-0.2225209339563143,-0.8660254037844386,0.5000000000000001,0.0,0.0,36.375,4.949999999999999,9.5,0.0,83.75,9.225,8.837062,0.0,11.85,18.665555588,48.0,48.0,47.76,47.906666666666666,48.25,-4.282666700000002,-0.00111111,-0.2213333333333356,14.605333333333334,14.036666666666669,18.678641996666663,14.663333333333334,7.66607,7.6665726,7.681876,7.6287413,7.70549,0,4.0,0,0.0,-0.9,22.2,77.8
2022-10-05 21:00:00,95.45034858333,0.0,0.0,18.665555588,14.036666666666669,48.25,0,5.1764362714980825,70.66250196097344,21,2,10,-0.7071067811865477,0.7071067811865474,0.9749279121818236,-0.2225209339563143,-0.8660254037844386,0.5000000000000001,0.0,0.0,23.95833333333333,4.6,8.6,0.0,84.0,9.3,8.89117,0.0,11.9,18.621481478666663,48.0,48.0,48.0,47.76,48.5,-4.628888921333333,-0.0011111120000002,-0.3473333333333315,14.384,13.774,18.666666699333334,14.342,7.70549,7.66607,7.6665726,7.681876,7.7252355,0,4.0,0,0.0,-0.9,22.2,77.8
2022-10-05 21:15:00,100.505424105554,0.0,0.0,18.621481478666663,13.774,48.5,0,5.1764362714980825,70.66250196097344,21,2,10,-0.7071067811865477,0.7071067811865474,0.9749279121818236,-0.2225209339563143,-0.8660254037844386,0.5000000000000001,0.0,0.0,14.3125,4.625,8.25,0.0,84.25,9.25,8.862088,0.0,11.8,18.58333335,48.25,48.0,48.0,48.0,48.51,-4.847481478666667,-0.0440741093333336,-0.2626666666666679,14.036666666666669,13.525333333333332,18.651234588888887,14.064888888888888,7.7252355,7.70549,7.66607,7.6665726,7.709398,0,4.0,0,0.0,-0.91,22.6,77.4
2022-10-05 21:30:00,110.650573783334,0.0,0.0,18.58333335,13.525333333333332,48.51,0,5.1764362714980825,70.66250196097344,21,2,10,-0.7071067811865477,0.7071067811865474,0.9749279121818236,-0.2225209339563143,-0.8660254037844386,0.5000000000000001,0.0,0.0,7.4375,4.65,7.9,0.0,84.5,9.2,8.832979,0.0,11.7,18.5555556,48.5,48.25,48.0,48.0,48.906666666666666,-5.058000016666664,-0.0381481286666698,-0.2486666666666668,13.774,13.22,18.62345680555556,13.778666666666666,7.709398,7.7252355,7.70549,7.66607,7.7596645,0,4.0,0,0.0,-0.92,22.9,77.1
2022-10-05 21:45:00,92.135203294446,0.0,0.0,18.5555556,13.22,48.906666666666666,0,5.1764362714980825,70.66250196097344,21,2,10,-0.7071067811865477,0.7071067811865474,0.9749279121818236,-0.2225209339563143,-0.8660254037844386,0.5000000000000001,0.0,0.0,3.333333333333333,4.675,7.55,0.0,84.75,9.15,8.803844,0.0,11.6,18.554444488,48.51,48.5,48.25,48.0,49.0,-5.335555600000001,-0.0277777499999949,-0.3053333333333317,13.525333333333332,13.002666666666666,18.586790142888887,13.506444444444446,7.7596645,7.709398,7.7252355,7.70549,7.7739606,0,4.0,0,0.0,-0.93,23.1,76.9
2022-10-05 22:00:00,70.261356216662,0.0,0.0,18.554444488,13.002666666666666,49.0,0,5.1764362714980825,70.66250196097344,22,2,10,-0.5000000000000004,0.8660254037844384,0.9749279121818236,-0.2225209339563143,-0.8660254037844386,0.5000000000000001,0.0,0.0,2.0,4.7,7.2,0.0,85.0,9.1,8.774686,0.0,11.5,18.510370378666668,48.906666666666666,48.51,48.5,48.25,49.09333333333333,-5.551777821333335,-0.0011111120000002,-0.2173333333333342,13.22,12.909333333333333,18.56444447933333,13.249333333333334,7.7739606,7.7596645,7.709398,7.7252355,7.7684593,0,4.0,0,0.0,-0.92,23.1,76.9
2022-10-05 22:15:00,55.993593649994,0.0,0.0,18.510370378666668,12.909333333333333,49.09333333333333,0,5.1764362714980825,70.66250196097344,22,2,10,-0.5000000000000004,0.8660254037844384,0.9749279121818236,-0.2225209339563143,-0.8660254037844386,0.5000000000000001,0.0,0.0,1.0,4.8,7.55,0.0,85.0,9.05,8.747235,0.0,11.45,18.498888888,49.0,48.906666666666666,48.51,48.5,49.49,-5.601037045333335,-0.0440741093333336,-0.0933333333333337,13.002666666666666,12.839333333333334,18.54012348888889,13.044000000000002,7.7684593,7.7739606,7.7596645,7.709398,7.8259006,0,4.0,0,0.0,-0.93,23.5,76.5
2022-10-05 22:30:00,50.959072822216,0.0,0.0,18.498888888,12.839333333333334,49.49,0,5.1764362714980825,70.66250196097344,22,2,10,-0.5000000000000004,0.8660254037844384,0.9749279121818236,-0.2225209339563143,-0.8660254037844386,0.5000000000000001,0.0,0.0,0.3333333333333333,4.9,7.9,0.0,85.0,9.0,8.719858,0.0,11.4,18.46518515733333,49.09333333333333,49.0,48.906666666666666,48.51,49.5,-5.659555554666666,-0.011481490666668,-0.0699999999999985,12.909333333333333,12.626666666666669,18.521234584888887,12.917111111111112,7.8259006,7.7684593,7.7739606,7.7596645,7.811865,0,4.0,0,0.0,-0.94,23.5,76.5
2022-10-05 22:45:00,67.545909272218,0.0,0.0,18.46518515733333,12.626666666666669,49.5,0,5.1764362714980825,70.66250196097344,22,2,10,-0.5000000000000004,0.8660254037844384,0.9749279121818236,-0.2225209339563143,-0.8660254037844386,0.5000000000000001,0.0,0.0,0.0,5.0,8.25,0.0,85.0,8.95,8.692554,0.0,11.35,18.471111088,49.49,49.09333333333333,49.0,48.906666666666666,49.51,-5.838518490666667,-0.0337037306666658,-0.2126666666666672,12.839333333333334,12.382666666666667,18.491481474666667,12.79177777777778,7.811865,7.8259006,7.7684593,7.7739606,7.8161893,0,4.0,0,0.0,-0.94,23.8,76.2
2022-10-05 23:00:00,420.102639738886,0.0,0.0,18.471111088,12.382666666666667,49.51,0,5.1764362714980825,70.66250196097344,23,2,10,-0.2588190451025215,0.965925826289068,0.9749279121818236,-0.2225209339563143,-0.8660254037844386,0.5000000000000001,0.0,0.0,0.0,5.1,8.6,0.0,85.0,8.9,8.665328,0.0,11.3,18.4333333,49.5,49.49,49.09333333333333,49.0,49.925,-6.08844442133333,0.0059259306666632,-0.2439999999999997,12.626666666666669,12.322857142857144,18.478395044444444,12.616222222222223,7.8161893,7.811865,7.8259006,7.7684593,7.8640747,0,4.0,0,0.0,-0.94,23.7,76.3
2022-10-05 23:15:00,57.00466413889,0.0,0.0,18.4333333,12.322857142857144,49.925,0,5.1764362714980825,70.66250196097344,23,2,10,-0.2588190451025215,0.965925826289068,0.9749279121818236,-0.2225209339563143,-0.8660254037844386,0.5000000000000001,0.0,0.0,0.0,5.275,8.8,12.25,84.75,8.8,8.626296,0.0,11.275,18.39000001,49.51,49.5,49.49,49.09333333333333,50.01,-6.110476157142854,-0.0377777879999996,-0.0598095238095233,12.382666666666667,12.303333333333333,18.45654318177778,12.444063492063494,7.8640747,7.8161893,7.811865,7.8259006,7.857248,0,4.0,0,0.0,-0.95,24.0,76.0
2022-10-05 23:30:00,53.89673296111,0.0,0.0,18.39000001,12.303333333333333,50.01,0,5.1764362714980825,70.66250196097344,23,2,10,-0.2588190451025215,0.965925826289068,0.9749279121818236,-0.2225209339563143,-0.8660254037844386,0.5000000000000001,0.0,0.0,0.0,5.449999999999999,9.0,24.5,84.5,8.7,8.587361,0.0,11.25,18.378518521333334,49.925,49.51,49.5,49.49,50.406666666666666,-6.086666676666669,-0.043333289999996,-0.019523809523811,12.322857142857144,12.055333333333332,18.431481466,12.336285714285715,7.857248,7.8640747,7.8161893,7.811865,7.91418,0,4.0,0,0.0,-0.96,24.4,75.6
2022-10-05 23:45:00,44.137956844436,0.0,0.0,18.378518521333334,12.055333333333332,50.406666666666666,0,5.1764362714980825,70.66250196097344,23,2,10,-0.2588190451025215,0.965925826289068,0.9749279121818236,-0.2225209339563143,-0.8660254037844386,0.5000000000000001,0.0,0.0,0.0,5.625,9.2,36.75,84.25,8.6,8.548526,0.0,11.225,18.334444412,50.01,49.925,49.51,49.5,50.5,-6.323185188000002,-0.0114814886666678,-0.2480000000000011,12.303333333333333,11.832,18.40061727711111,12.227174603174603,7.91418,7.857248,7.8640747,7.8161893,7.908132,0,4.0,0,0.0,-0.96,24.4,75.6
2022-10-06 00:00:00,63.474127550002,0.0,0.0,18.334444412,11.832,50.5,0,5.1764362714980825,70.66250196097344,0,3,10,0.0,1.0,0.4338837391175582,-0.900968867902419,-0.8660254037844386,0.5000000000000001,0.0,0.0,0.0,5.8,9.4,49.0,84.0,8.5,8.509786,0.0,11.2,18.32296294,50.406666666666666,50.01,49.925,49.51,50.59333333333333,-6.502444412000001,-0.0440741093333336,-0.2233333333333327,12.055333333333332,11.767333333333331,18.367654314444447,12.063555555555554,7.908132,7.91418,7.857248,7.8640747,7.9173546,0,4.0,0,0.0,-0.97,24.8,75.2
2022-10-06 00:15:00,65.295999238886,0.0,0.0,18.32296294,11.767333333333331,50.59333333333333,0,5.1764362714980825,70.66250196097344,0,3,10,0.0,1.0,0.4338837391175582,-0.900968867902419,-0.8660254037844386,0.5000000000000001,0.0,0.0,0.0,6.0,9.65,58.25,83.5,8.375,8.432606,0.0,11.15,18.27888891,50.5,50.406666666666666,50.01,49.925,50.75,-6.555629606666667,-0.0114814719999998,-0.0646666666666657,11.832,11.767333333333331,18.34530862444445,11.88488888888889,7.9173546,7.908132,7.91418,7.857248,7.921123,0,4.0,0,0.0,-0.97,24.9,75.1
2022-10-06 00:30:00,145.337241844444,0.0,0.0,18.27888891,11.767333333333331,50.75,0,5.1764362714980825,70.66250196097344,0,3,10,0.0,1.0,0.4338837391175582,-0.900968867902419,-0.8660254037844386,0.5000000000000001,0.0,0.0,0.0,6.199999999999999,9.9,67.5,83.0,8.25,8.355811,0.0,11.1,18.26740742133333,50.59333333333333,50.5,50.406666666666666,50.01,50.906666666666666,-6.511555576666666,-0.0440740300000008,0.0,11.767333333333331,11.746,18.312098754,11.788888888888891,7.921123,7.9173546,7.908132,7.91418,7.940165,0,4.0,0,0.0,-0.98,25.3,74.7
2022-10-06 00:45:00,96.204485033332,0.0,0.0,18.26740742133333,11.746,50.906666666666666,0,5.1764362714980825,70.66250196097344,0,3,10,0.0,1.0,0.4338837391175582,-0.900968867902419,-0.8660254037844386,0.5000000000000001,0.0,0.0,0.0,6.4,10.15,76.75,82.5,8.125,8.2794075,0.0,11.05,18.223333312,50.75,50.59333333333333,50.5,50.406666666666666,51.01,-6.521407421333334,-0.0114814886666643,-0.0213333333333327,11.767333333333331,11.566666666666666,18.28975309044445,11.760222222222223,7.940165,7.921123,7.9173546,7.908132,7.9354887,0,4.0,0,0.0,-0.98,25.4,74.6
2022-10-06 01:00:00,62.57138596111,0.0,0.0,18.223333312,11.566666666666666,51.01,0,5.1764362714980825,70.66250196097344,1,3,10,0.2588190451025207,0.9659258262890684,0.4338837391175582,-0.900968867902419,-0.8660254037844386,0.5000000000000001,0.0,0.0,0.0,6.6,10.4,86.0,82.0,8.0,8.203391,0.0,11.0,18.2222222,50.906666666666666,50.75,50.59333333333333,50.5,51.406666666666666,-6.656666645333335,-0.0440741093333336,-0.179333333333334,11.746,11.544,18.256543214444445,11.693333333333335,7.9354887,7.940165,7.921123,7.9173546,7.9966693,0,4.0,0,0.0,-0.99,25.8,74.2
2022-10-06 01:15:00,69.723877699996,0.0,0.0,18.2222222,11.544,51.406666666666666,0,5.1764362714980825,70.66250196097344,1,3,10,0.2588190451025207,0.9659258262890684,0.4338837391175582,-0.900968867902419,-0.8660254037844386,0.5000000000000001,0.0,0.0,0.0,6.6,10.5,83.75,81.5,7.9,8.140555,0.0,10.975,18.2222222,51.01,50.906666666666666,50.75,50.59333333333333,51.51,-6.6782222,-0.0011111120000002,-0.0226666666666659,11.566666666666666,11.46,18.23765431111111,11.61888888888889,7.9966693,7.9354887,7.940165,7.921123,8.012745,0,4.0,0,0.0,-0.99,25.7,74.3
2022-10-06 01:30:00,59.726221955556,0.0,0.0,18.2222222,11.46,51.51,0,5.1764362714980825,70.66250196097344,1,3,10,0.2588190451025207,0.9659258262890684,0.4338837391175582,-0.900968867902419,-0.8660254037844386,0.5000000000000001,0.0,0.0,0.0,6.6,10.6,81.5,81.0,7.8,8.077894,0.0,10.95,18.2222222,51.406666666666666,51.01,50.906666666666666,50.75,51.906666666666666,-6.7622222,0.0,-0.0839999999999996,11.544,11.406666666666666,18.222592570666663,11.523555555555555,8.012745,7.9966693,7.9354887,7.940165,8.074448,0,4.0,0,0.0,-0.99,25.7,74.3
2022-10-06 01:45:00,65.73987036666401,0.0,0.0,18.2222222,11.406666666666666,51.906666666666666,0,5.1764362714980825,70.66250196097344,1,3,10,0.2588190451025207,0.9659258262890684,0.4338837391175582,-0.900968867902419,-0.8660254037844386,0.5000000000000001,0.0,0.0,0.0,6.6,10.7,79.25,80.5,7.699999999999999,8.015409,0.0,10.925,18.19444445,51.51,51.406666666666666,51.01,50.906666666666666,51.99,-6.815555533333335,0.0,-0.0533333333333345,11.46,11.248,18.2222222,11.470222222222224,8.074448,8.012745,7.9966693,7.9354887,8.07408,0,4.0,0,0.0,-0.99,25.6,74.4
2022-10-06 02:00:00,45.347908327774,0.0,0.0,18.19444445,11.248,51.99,0,5.1764362714980825,70.66250196097344,2,3,10,0.4999999999999999,0.8660254037844387,0.4338837391175582,-0.900968867902419,-0.8660254037844386,0.5000000000000001,0.0,0.0,0.0,6.6,10.8,77.0,80.0,7.6,7.9530973,0.0,10.9,18.156296321333333,51.906666666666666,51.51,51.406666666666666,51.01,51.59333333333333,-6.94644445,-0.027777750000002,-0.1586666666666669,11.406666666666666,11.288666666666666,18.21296295,11.371555555555554,8.07408,8.074448,8.012745,7.9966693,7.9943414,0,4.0,0,0.0,-0.99,25.9,74.1
2022-10-06 02:15:00,55.04085402777,0.0,0.0,18.156296321333333,11.288666666666666,51.59333333333333,0,5.1764362714980825,70.66250196097344,2,3,10,0.4999999999999999,0.8660254037844387,0.4338837391175582,-0.900968867902419,-0.8660254037844386,0.5000000000000001,0.0,0.0,0.0,6.55,10.625,65.75,80.5,7.649999999999999,7.9902163,0.0,10.875,18.112222212,51.99,51.906666666666666,51.51,51.406666666666666,51.51,-6.867629654666667,-0.0381481286666662,0.0406666666666666,11.248,11.259333333333332,18.19098765711111,11.314444444444446,7.9943414,8.07408,8.074448,8.012745,7.9605536,0,4.0,0,0.0,-1.01,26.4,73.6
2022-10-06 02:30:00,60.932562699996,0.0,0.0,18.112222212,11.259333333333332,51.51,0,5.1764362714980825,70.66250196097344,2,3,10,0.4999999999999999,0.8660254037844387,0.4338837391175582,-0.900968867902419,-0.8660254037844386,0.5000000000000001,0.0,0.0,0.0,6.5,10.45,54.5,81.0,7.699999999999999,8.027196,0.0,10.85,18.1111111,51.59333333333333,51.99,51.906666666666666,51.51,51.81333333333334,-6.852888878666667,-0.0440741093333336,-0.0293333333333336,11.288666666666666,11.175333333333333,18.154320994444443,11.265333333333333,7.9605536,7.9943414,8.07408,8.074448,8.006902,0,4.0,0,0.0,-1.02,26.8,73.2
2022-10-06 02:45:00,43.1113313111,0.0,0.0,18.1111111,11.175333333333333,51.81333333333334,0,5.1764362714980825,70.66250196097344,2,3,10,0.4999999999999999,0.8660254037844387,0.4338837391175582,-0.900968867902419,-0.8660254037844386,0.5000000000000001,0.0,0.0,0.0,6.45,10.275,43.25,81.5,7.75,8.064036,0.0,10.825,18.08333335,51.51,51.59333333333333,51.99,51.906666666666666,51.76,-6.935777766666666,-0.0011111120000002,-0.0839999999999996,11.259333333333332,11.050666666666666,18.12654321111111,11.241111111111111,8.006902,7.9605536,7.9943414,8.07408,7.9854646,0,4.0,0,0.0,-1.02,26.8,73.2
2022-10-06 03:00:00,63.78717074444,0.0,0.0,18.08333335,11.050666666666666,51.76,0,5.1764362714980825,70.66250196097344,3,3,10,0.7071067811865476,0.7071067811865476,0.4338837391175582,-0.900968867902419,-0.8660254037844386,0.5000000000000001,0.0,0.0,0.0,6.4,10.1,32.0,82.0,7.8,8.10074,0.0,10.8,18.0555556,51.81333333333334,51.51,51.59333333333333,51.99,52.0,-7.03266668333333,-0.027777750000002,-0.1246666666666662,11.175333333333333,11.074285714285711,18.102222220666665,11.16177777777778,7.9854646,8.006902,7.9605536,7.9943414,8.0092535,0,4.0,0,0.0,-1.02,27.1,72.9
2022-10-06 03:15:00,46.259538594438,0.0,0.0,18.0555556,11.074285714285711,52.0,0,5.1764362714980825,70.66250196097344,3,3,10,0.7071067811865476,0.7071067811865476,0.4338837391175582,-0.900968867902419,-0.8660254037844386,0.5000000000000001,0.0,0.0,0.0,6.300000000000001,10.1,33.0,82.75,7.899999999999999,8.149112,0.0,10.75,18.054444488,51.76,51.81333333333334,51.51,51.59333333333333,52.0,-6.981269885714289,-0.0277777499999949,0.0236190476190465,11.050666666666666,11.150666666666666,18.08333335,11.100095238095236,8.0092535,7.9854646,8.006902,7.9605536,8.008725,0,4.0,0,0.0,-1.03,27.3,72.7
2022-10-06 03:30:00,45.790946272214,0.0,0.0,18.054444488,11.150666666666666,52.0,0,5.1764362714980825,70.66250196097344,3,3,10,0.7071067811865476,0.7071067811865476,0.4338837391175582,-0.900968867902419,-0.8660254037844386,0.5000000000000001,0.0,0.0,0.0,6.2,10.1,34.0,83.5,8.0,8.197087,0.0,10.7,18.010370378666668,52.0,51.76,51.81333333333334,51.51,52.0,-6.903777821333335,-0.0011111120000002,0.0763809523809531,11.074285714285711,11.062666666666669,18.06444447933333,11.091873015873016,8.008725,8.0092535,7.9854646,8.006902,7.98776,0,4.0,0,0.0,-1.03,27.3,72.7
2022-10-06 03:45:00,65.186836955552,0.0,0.0,18.010370378666668,11.062666666666669,52.0,0,5.1764362714980825,70.66250196097344,3,3,10,0.7071067811865476,0.7071067811865476,0.4338837391175582,-0.900968867902419,-0.8660254037844386,0.5000000000000001,0.0,0.0,0.0,6.1,10.1,35.0,84.25,8.1,8.244672,0.0,10.65,17.972222199999997,52.0,52.0,51.76,51.81333333333334,52.0,-6.947703712000001,-0.0440741093333336,-0.0879999999999991,11.150666666666666,11.085333333333333,18.04012348888889,11.095873015873016,7.98776,8.008725,8.0092535,7.9854646,7.969653,0,4.0,0,0.0,-1.04,27.7,72.3
2022-10-06 04:00:00,44.514886099996,0.0,0.0,17.972222199999997,11.085333333333333,52.0,0,5.1764362714980825,70.66250196097344,4,3,10,0.8660254037844386,0.5000000000000001,0.4338837391175582,-0.900968867902419,-0.8660254037844386,0.5000000000000001,0.0,0.0,0.0,6.0,10.1,36.0,85.0,8.2,8.291864,0.0,10.6,17.9444444,52.0,52.0,52.0,51.76,52.0,-6.8868888666666646,-0.0381481786666704,0.0226666666666659,11.062666666666669,10.958666666666666,18.01234568888889,11.099555555555556,7.969653,7.98776,8.008725,8.0092535,7.95649,0,4.0,0,0.0,-1.05,28.1,71.9
2022-10-06 04:15:00,51.727097683326,0.0,0.0,17.9444444,10.958666666666666,52.0,0,5.1764362714980825,70.66250196097344,4,3,10,0.8660254037844386,0.5000000000000001,0.4338837391175582,-0.900968867902419,-0.8660254037844386,0.5000000000000001,0.0,0.0,0.0,5.9,9.825,49.5,85.5,8.225,8.314356,0.0,10.55,17.943333289999998,52.0,52.0,52.0,52.0,52.0,-6.985777733333332,-0.027777799999999,-0.1266666666666669,11.085333333333333,10.878666666666668,17.975678992888888,11.035555555555556,7.95649,7.969653,7.98776,8.008725,7.955964,0,4.0,0,0.0,-1.05,28.4,71.6
2022-10-06 04:30:00,58.828480050002,0.0,0.0,17.943333289999998,10.878666666666668,52.0,0,5.1764362714980825,70.66250196097344,4,3,10,0.8660254037844386,0.5000000000000001,0.4338837391175582,-0.900968867902419,-0.8660254037844386,0.5000000000000001,0.0,0.0,0.0,5.8,9.55,63.0,86.0,8.25,8.33661,0.0,10.5,17.89925926,52.0,52.0,52.0,52.0,52.0,-7.064666623333331,-0.00111111,-0.0799999999999983,10.958666666666666,10.4,17.953333296666667,10.974222222222224,7.955964,7.95649,7.969653,7.98776,7.93512,0,4.0,0,0.0,-1.05,28.4,71.6
2022-10-06 04:45:00,47.008953033328,0.0,0.0,17.89925926,10.4,52.0,0,5.1764362714980825,70.66250196097344,4,3,10,0.8660254037844386,0.5000000000000001,0.4338837391175582,-0.900968867902419,-0.8660254037844386,0.5000000000000001,0.0,0.0,0.0,5.699999999999999,9.275,76.5,86.5,8.275,8.358634,0.0,10.45,17.887777788,52.0,52.0,52.0,52.0,52.0,-7.49925926,-0.0440740299999973,-0.4786666666666672,10.878666666666668,10.183333333333334,17.929012316666668,10.74577777777778,7.93512,7.955964,7.95649,7.969653,7.9296975,0,4.0,0,0.0,-1.06,28.9,71.1
2022-10-06 05:00:00,49.158589177776,0.0,0.0,17.887777788,10.183333333333334,52.0,0,5.1764362714980825,70.66250196097344,5,3,10,0.9659258262890684,0.2588190451025207,0.4338837391175582,-0.900968867902419,-0.8660254037844386,0.5000000000000001,0.0,0.0,0.0,5.6,9.0,90.0,87.0,8.3,8.380423,0.0,10.4,17.843703678666667,52.0,52.0,52.0,52.0,52.0,-7.7044444546666675,-0.0114814719999998,-0.2166666666666667,10.4,10.493333333333334,17.910123446,10.487333333333336,7.9296975,7.93512,7.955964,7.95649,7.9089117,0,4.0,0,0.0,-1.07,29.0,71.0
2022-10-06 05:15:00,58.951530811108,0.0,0.0,17.843703678666667,10.493333333333334,52.0,0,5.1764362714980825,70.66250196097344,5,3,10,0.9659258262890684,0.2588190451025207,0.4338837391175582,-0.900968867902419,-0.8660254037844386,0.5000000000000001,0.0,0.0,0.0,5.35,9.35,91.0,87.0,8.25,8.353972,0.0,10.35,17.83222219,52.0,52.0,52.0,52.0,52.01,-7.350370345333333,-0.0440741093333336,0.3100000000000005,10.183333333333334,10.887333333333334,17.87691357555556,10.35888888888889,7.9089117,7.9296975,7.93512,7.955964,7.905027,0,4.0,0,0.0,-1.08,29.5,70.5
2022-10-06 05:30:00,52.414292244444,0.0,0.0,17.83222219,10.887333333333334,52.01,0,5.1764362714980825,70.66250196097344,5,3,10,0.9659258262890684,0.2588190451025207,0.4338837391175582,-0.900968867902419,-0.8660254037844386,0.5000000000000001,0.0,0.0,0.0,5.1,9.7,92.0,87.0,8.2,8.32759,0.0,10.3,17.78814816,52.0,52.0,52.0,52.0,52.406666666666666,-6.944888856666665,-0.0114814886666678,0.3940000000000001,10.493333333333334,11.068666666666669,17.854567885555554,10.521333333333336,7.905027,7.9089117,7.9296975,7.93512,7.94443,0,4.0,0,0.0,-1.08,29.6,70.4
2022-10-06 05:45:00,52.774277911108,0.0,0.0,17.78814816,11.068666666666669,52.406666666666666,0,5.1764362714980825,70.66250196097344,5,3,10,0.9659258262890684,0.2588190451025207,0.4338837391175582,-0.900968867902419,-0.8660254037844386,0.5000000000000001,0.0,0.0,0.0,4.85,10.05,93.0,87.0,8.15,8.301284,0.0,10.25,17.77888891,52.01,52.0,52.0,52.0,52.77,-6.719481493333332,-0.0440740300000008,0.1813333333333329,10.887333333333334,11.010666666666667,17.821358009555556,10.816444444444448,7.94443,7.905027,7.9089117,7.9296975,7.9950933,0,4.0,0,0.0,-1.09,30.0,70.0
2022-10-06 06:00:00,133.328277872218,0.0,0.0,17.77888891,11.010666666666667,52.77,0,5.1764362714980825,70.66250196097344,6,3,10,1.0,6.123233995736766e-17,0.4338837391175582,-0.900968867902419,-0.8660254037844386,0.5000000000000001,0.0,0.0,0.0,4.6,10.4,94.0,87.0,8.1,8.275048,0.0,10.2,17.82296294,52.406666666666666,52.01,52.0,52.0,53.72,-6.768222243333332,-0.0092592499999994,-0.0579999999999998,11.068666666666669,9.486666666666668,17.799753086666666,10.988888888888892,7.9950933,7.94443,7.905027,7.9089117,8.160429,0,4.0,0,0.0,-1.09,30.1,69.9
2022-10-06 06:15:00,68.65947584444,0.0,0.0,17.82296294,9.486666666666668,53.72,0,5.1764362714980825,70.66250196097344,6,3,10,1.0,6.123233995736766e-17,0.4338837391175582,-0.900968867902419,-0.8660254037844386,0.5000000000000001,0.0,0.0,0.0,4.875,9.775,88.25,87.5,7.925,8.178781,0.0,9.925,17.80555555,52.77,52.406666666666666,52.01,52.0,53.5,-8.336296273333332,0.0440740300000008,-1.5239999999999991,11.010666666666667,8.094666666666667,17.79666667,10.522,8.160429,7.9950933,7.94443,7.905027,8.1185875,0,4.0,0,0.0,-1.07,29.4,70.6
2022-10-06 06:30:00,399.005705866664,0.0,0.0,17.80555555,8.094666666666667,53.5,0,5.1764362714980825,70.66250196097344,6,3,10,1.0,6.123233995736766e-17,0.4338837391175582,-0.900968867902419,-0.8660254037844386,0.5000000000000001,0.0,0.0,0.0,5.15,9.15,82.5,88.0,7.75,8.083053,0.0,9.65,17.767407421333335,53.72,52.77,52.406666666666666,52.01,53.09333333333333,-9.710888883333334,-0.0174073899999989,-1.3920000000000012,9.486666666666668,7.854666666666666,17.802469133333336,9.530666666666669,8.1185875,8.160429,7.9950933,7.94443,8.038581,0,4.0,0,0.0,-1.08,29.6,70.4
2022-10-06 06:45:00,60.06454190555,0.0,0.0,17.767407421333335,7.854666666666666,53.09333333333333,0,5.1764362714980825,70.66250196097344,6,3,10,1.0,6.123233995736766e-17,0.4338837391175582,-0.900968867902419,-0.8660254037844386,0.5000000000000001,0.0,0.0,0.0,5.425,8.525,76.75,88.5,7.575,7.9878755,0.0,9.375,17.723333312,53.5,53.72,52.77,52.406666666666666,53.0,-9.912740754666668,-0.0381481286666662,-0.2400000000000011,8.094666666666667,8.020666666666667,17.798641970444447,8.478666666666669,8.038581,8.1185875,8.160429,7.9950933,8.003397,0,4.0,0,0.0,-1.09,30.1,69.9
2022-10-06 07:00:00,59.286239688884,0.0,0.0,17.723333312,8.020666666666667,53.0,0,5.1764362714980825,70.66250196097344,7,3,10,0.9659258262890684,-0.2588190451025206,0.4338837391175582,-0.900968867902419,-0.8660254037844386,0.5000000000000001,0.0,0.0,0.0,5.7,7.9,71.0,89.0,7.4,7.8932548,0.0,9.1,17.7222222,53.09333333333333,53.5,53.72,52.77,53.0,-9.702666645333334,-0.0440741093333336,0.1660000000000012,7.854666666666666,8.298666666666668,17.765432094444446,7.990000000000002,8.003397,8.038581,8.1185875,8.160429,8.002865,0,4.0,0,0.0,-1.1,30.6,69.4
2022-10-06 07:15:00,46.332313233336,0.0,0.0,17.7222222,8.298666666666668,53.0,0,5.1764362714980825,70.66250196097344,7,3,10,0.9659258262890684,-0.2588190451025206,0.4338837391175582,-0.900968867902419,-0.8660254037844386,0.5000000000000001,8.5,2.125,0.7083333333333334,5.325,7.9,73.0,87.5,7.5,7.948102,0.0,9.475,17.69444445,53.0,53.09333333333333,53.5,53.72,53.0,-9.423555533333332,-0.0011111120000002,0.2780000000000004,8.020666666666667,8.575999999999999,17.73765431111111,8.058000000000002,8.002865,8.003397,8.038581,8.1185875,7.9896216,0,4.0,0,0.0,-1.1,30.7,69.3
2022-10-06 07:30:00,64.272984594442,0.0,0.0,17.69444445,8.575999999999999,53.0,0,5.1764362714980825,70.66250196097344,7,3,10,0.9659258262890684,-0.2588190451025206,0.4338837391175582,-0.900968867902419,-0.8660254037844386,0.5000000000000001,17.0,6.375,2.125,4.95,7.9,75.0,86.0,7.6,8.000392,0.0,9.85,17.6666667,53.0,53.0,53.09333333333333,53.5,53.0,-9.11844445,-0.027777750000002,0.2773333333333312,8.298666666666668,8.881333333333334,17.713333320666667,8.298444444444446,7.9896216,8.002865,8.003397,8.038581,7.9763975,0,4.0,0,0.0,-1.11,31.0,69.0
2022-10-06 07:45:00,51.395444166664,0.0,0.0,17.6666667,8.881333333333334,53.0,0,5.1764362714980825,70.66250196097344,7,3,10,0.9659258262890684,-0.2588190451025206,0.4338837391175582,-0.900968867902419,-0.8660254037844386,0.5000000000000001,25.500000000000004,12.75,4.25,4.575,7.9,77.0,84.5,7.7,8.049991,0.0,10.225,17.665555588,53.0,53.0,53.0,53.09333333333333,53.0,-8.785333366666666,-0.0277777499999984,0.3053333333333352,8.575999999999999,9.502666666666666,17.69444445,8.585333333333335,7.9763975,7.9896216,8.002865,8.003397,7.9758687,0,4.0,0,0.0,-1.12,31.3,68.7
2022-10-06 08:00:00,46.780906405558,0.0,0.0,17.665555588,9.502666666666666,53.0,0,5.1764362714980825,70.66250196097344,8,3,10,0.8660254037844387,-0.4999999999999998,0.4338837391175582,-0.900968867902419,-0.8660254037844386,0.5000000000000001,34.0,21.25,7.083333333333333,4.2,7.9,79.0,83.0,7.8,8.096761,0.0,10.6,17.621481478666666,53.0,53.0,53.0,53.0,53.09333333333333,-8.162888921333334,-0.0011111120000002,0.6213333333333324,8.881333333333334,10.210666666666668,17.675555579333334,8.986666666666668,7.9758687,7.9763975,7.9896216,8.002865,7.9689355,0,4.0,0,0.0,-1.12,31.3,68.7
2022-10-06 08:15:00,58.268224711112,0.0,0.0,17.621481478666666,10.210666666666668,53.09333333333333,0,5.1764362714980825,70.66250196097344,8,3,10,0.8660254037844387,-0.4999999999999998,0.4338837391175582,-0.900968867902419,-0.8660254037844386,0.5000000000000001,69.75,36.5625,12.895833333333334,4.05,8.275,84.25,82.75,8.4,8.409516,0.0,11.25,17.613333322,53.0,53.0,53.0,53.0,53.49,-7.410814812,-0.0440741093333336,0.7080000000000002,9.502666666666666,10.918666666666669,17.651234588888887,9.531555555555556,7.9689355,7.9758687,7.9763975,7.9896216,8.0245695,0,4.0,0,0.0,-1.13,31.8,68.2
2022-10-06 08:30:00,49.323582411116,0.0,0.0,17.613333322,10.918666666666669,53.49,0,5.1764362714980825,70.66250196097344,8,3,10,0.8660254037844387,-0.4999999999999998,0.4338837391175582,-0.900968867902419,-0.8660254037844386,0.5000000000000001,105.5,58.6875,21.6875,3.9,8.65,89.5,82.5,9.0,8.732399,0.0,11.9,17.722222199999997,53.09333333333333,53.0,53.0,53.0,53.5,-6.694666655333332,-0.0081481566666674,0.7080000000000002,10.210666666666668,11.632666666666667,17.633456796222223,10.210666666666668,8.0245695,7.9689355,7.9758687,7.9763975,8.078363,0,4.0,0,0.0,-1.13,31.8,68.2
2022-10-06 08:45:00,51.667655477776,0.0,0.0,17.722222199999997,11.632666666666667,53.5,0,5.1764362714980825,70.66250196097344,8,3,10,0.8660254037844387,-0.4999999999999998,0.4338837391175582,-0.900968867902419,-0.8660254037844386,0.5000000000000001,141.25,87.625,33.458333333333336,3.75,9.025,94.75,82.25,9.6,9.065662,0.0,12.55,17.924444428,53.49,53.09333333333333,53.0,53.0,53.24,-6.08955553333333,0.1088888779999983,0.7140000000000004,10.918666666666669,12.430666666666667,17.652345666888888,10.920666666666667,8.078363,8.0245695,7.9689355,7.9758687,8.136532,0,4.0,0,0.0,-1.1,30.5,69.5
2022-10-06 09:00:00,49.353025916662,0.0,0.0,17.924444428,12.430666666666667,53.24,0,5.1764362714980825,70.66250196097344,9,3,10,0.7071067811865476,-0.7071067811865475,0.4338837391175582,-0.900968867902419,-0.8660254037844386,0.5000000000000001,177.0,123.375,48.208333333333336,3.6,9.4,100.0,82.0,10.2,9.409568,0.0,13.2,18.5,53.5,53.49,53.09333333333333,53.0,52.5,-5.493777761333334,0.2022222280000036,0.798,11.632666666666667,13.250666666666666,17.753333316666666,11.660666666666666,8.136532,8.078363,8.0245695,7.9689355,8.302422,0,4.0,0,0.0,-1.05,28.4,71.6
2022-10-06 09:15:00,54.453099588888,0.0,0.0,18.5,13.250666666666666,52.5,0,5.1764362714980825,70.66250196097344,9,3,10,0.7071067811865476,-0.7071067811865475,0.4338837391175582,-0.900968867902419,-0.8660254037844386,0.5000000000000001,218.0,160.4375,66.375,3.275,9.475,100.0,79.0,10.4,9.523286,0.0,14.0,19.188888894,53.24,53.5,53.49,53.09333333333333,51.75,-5.249333333333334,0.575555571999999,0.8199999999999985,12.430666666666667,14.070666666666666,18.048888876,12.438,8.302422,8.136532,8.078363,8.0245695,8.523831,0,4.0,0,0.0,-0.92,22.9,77.1
2022-10-06 09:30:00,58.783204127778,0.0,0.0,19.188888894,14.070666666666666,51.75,0,5.1764362714980825,70.66250196097344,9,3,10,0.7071067811865476,-0.7071067811865475,0.4338837391175582,-0.900968867902419,-0.8660254037844386,0.5000000000000001,259.0,198.8125,87.95833333333333,2.95,9.55,100.0,76.0,10.6,9.621449,0.0,14.8,19.631851838666663,52.5,53.24,53.5,53.49,51.0,-5.118222227333336,0.6888888940000015,0.8200000000000003,13.250666666666666,14.890666666666668,18.537777774,13.250666666666667,8.523831,8.302422,8.136532,8.078363,8.622079,0,4.0,0,0.0,-0.76,17.2,82.8
2022-10-06 09:45:00,47.88086243889,0.0,0.0,19.631851838666663,14.890666666666668,51.0,0,5.1764362714980825,70.66250196097344,9,3,10,0.7071067811865476,-0.7071067811865475,0.4338837391175582,-0.900968867902419,-0.8660254037844386,0.5000000000000001,300.0,238.5,112.95833333333331,2.625,9.625,100.0,73.0,10.8,9.702452,0.0,15.599999999999998,20.08222219,51.75,52.5,53.24,53.5,50.26,-4.741185171999998,0.4429629446666645,0.8200000000000021,14.070666666666666,15.710666666666668,19.10691357755556,14.070666666666668,8.622079,8.523831,8.302422,8.136532,8.724303,0,4.0,0,0.0,-0.66,14.1,85.9
2022-10-06 10:00:00,58.578212311112,0.0,0.0,20.08222219,15.710666666666668,50.26,0,5.1764362714980825,70.66250196097344,10,3,10,0.4999999999999999,-0.8660254037844387,0.4338837391175582,-0.900968867902419,-0.8660254037844386,0.5000000000000001,341.0,279.5,141.375,2.3,9.7,100.0,70.0,11.0,9.764596,0.0,16.4,20.5,51.0,51.75,52.5,53.24,49.906666666666666,-4.371555523333333,0.4503703513333335,0.8199999999999985,14.890666666666668,16.53066666666667,19.634320974222224,14.890666666666668,8.724303,8.622079,8.523831,8.302422,8.877023,0,4.0,0,0.0,-0.56,11.5,88.5
2022-10-06 10:15:00,40.88864222222,0.0,0.0,20.5,16.53066666666667,49.906666666666666,0,5.1764362714980825,70.66250196097344,10,3,10,0.4999999999999999,-0.8660254037844387,0.4338837391175582,-0.900968867902419,-0.8660254037844386,0.5000000000000001,377.0,319.25,172.08333333333334,2.85,10.775,100.0,67.75,11.025,9.812447,0.0,17.025,20.915555588,50.26,51.0,51.75,52.5,49.26,-3.9693333333333314,0.4177778100000004,0.8200000000000021,15.710666666666668,17.350666666666665,20.07135800955556,15.710666666666668,8.877023,8.724303,8.622079,8.523831,8.976621,0,4.0,0,0.0,-0.46,9.4,90.6
2022-10-06 10:30:00,55.433615916666,0.0,0.0,20.915555588,17.350666666666665,49.26,0,5.1764362714980825,70.66250196097344,10,3,10,0.4999999999999999,-0.8660254037844387,0.4338837391175582,-0.900968867902419,-0.8660254037844386,0.5000000000000001,413.0,357.75,205.08333333333331,3.4,11.85,100.0,65.5,11.05,9.847828,0.0,17.65,21.277777800000003,49.906666666666666,50.26,51.0,51.75,49.0,-3.564888921333335,0.4155555880000001,0.8199999999999967,16.53066666666667,18.145333333333333,20.49925925933333,16.53066666666667,8.976621,8.877023,8.724303,8.622079,9.119013,0,4.0,0,0.0,-0.37,7.8,92.2
2022-10-06 10:45:00,60.684794777776,0.0,0.0,21.277777800000003,18.145333333333333,49.0,0,5.1764362714980825,70.66250196097344,10,3,10,0.4999999999999999,-0.8660254037844387,0.4338837391175582,-0.900968867902419,-0.8660254037844386,0.5000000000000001,449.0,395.0,240.375,3.95,12.925,100.0,63.25,11.075,9.869862,0.0,18.275,21.666666652,49.26,49.906666666666666,50.26,51.0,48.73,-3.1324444666666693,0.3622222120000025,0.794666666666668,17.350666666666665,18.65266666666667,20.897777796,17.342222222222222,9.119013,8.976621,8.877023,8.724303,9.275235,0,4.0,0,0.0,-0.28,6.6,93.4
2022-10-06 11:00:00,40.636430111108,0.0,0.0,21.666666652,18.65266666666667,48.73,0,5.1764362714980825,70.66250196097344,11,3,10,0.258819045102521,-0.9659258262890682,0.4338837391175582,-0.900968867902419,-0.8660254037844386,0.5000000000000001,485.0,431.0,277.9583333333333,4.5,14.0,100.0,61.0,11.1,9.877619,0.0,18.9,22.055555581333333,49.0,49.26,49.906666666666666,50.26,47.59333333333333,-3.0139999853333315,0.3888888519999973,0.5073333333333352,18.145333333333333,19.082666666666668,21.28666668,18.04955555555556,9.275235,9.119013,8.976621,8.877023,9.264501,0,4.0,0,0.0,-0.19,5.7,94.3
2022-10-06 11:15:00,51.815982761114,0.0,0.0,22.055555581333333,19.082666666666668,47.59333333333333,0,5.1764362714980825,70.66250196097344,11,3,10,0.258819045102521,-0.9659258262890682,0.4338837391175582,-0.900968867902419,-0.8660254037844386,0.5000000000000001,510.75,464.4375,314.7083333333333,4.9,15.175,97.0,59.75,11.225,9.920743,0.0,19.325,22.413333366,48.73,49.0,49.26,49.906666666666666,47.0,-2.9728889146666653,0.3888889293333335,0.4299999999999997,18.65266666666667,19.512666666666668,21.66666667777778,18.62688888888889,9.264501,9.275235,9.119013,8.976621,9.33932,0,4.0,0,0.0,-0.1,5.2,94.8
2022-10-06 11:30:00,54.102002549998,0.0,0.0,22.413333366,19.512666666666668,47.0,0,5.1764362714980825,70.66250196097344,11,3,10,0.258819045102521,-0.9659258262890682,0.4338837391175582,-0.900968867902419,-0.8660254037844386,0.5000000000000001,536.5,495.3125,350.625,5.3,16.35,94.0,58.5,11.35,9.958863,0.0,19.75,22.64222221733333,47.59333333333333,48.73,49.0,49.26,46.5,-2.900666699333332,0.3577777846666663,0.4299999999999997,19.082666666666668,19.95133333333333,22.04518519977778,19.08266666666667,9.33932,9.264501,9.275235,9.119013,9.362194,0,4.0,0,0.0,-0.02,5.0,95.0
2022-10-06 11:45:00,47.281164327774,0.0,0.0,22.64222221733333,19.95133333333333,46.5,0,5.1764362714980825,70.66250196097344,11,3,10,0.258819045102521,-0.9659258262890682,0.4338837391175582,-0.900968867902419,-0.8660254037844386,0.5000000000000001,562.25,523.625,385.7083333333333,5.699999999999999,17.525,91.0,57.25,11.475,9.991734,0.0,20.175,23.031111084,47.0,47.59333333333333,48.73,49.0,45.75,-2.690888884000003,0.228888851333334,0.4386666666666627,19.512666666666668,20.481333333333332,22.370370388222224,19.51555555555556,9.362194,9.33932,9.264501,9.275235,9.418668,0,4.0,0,0.0,0.03,5.0,95.0
2022-10-06 12:00:00,46.126488316662,0.0,0.0,23.031111084,20.481333333333332,45.75,0,5.1764362714980825,70.66250196097344,12,3,10,1.2246467991473532e-16,-1.0,0.4338837391175582,-0.900968867902419,-0.8660254037844386,0.5000000000000001,588.0,549.375,419.9583333333333,6.1,18.7,88.0,56.0,11.6,10.019105,0.0,20.6,23.528148145333333,46.5,47.0,47.59333333333333,48.73,45.0,-2.549777750666664,0.3888888666666652,0.5300000000000047,19.95133333333333,21.03666666666667,22.695555555777776,19.98177777777778,9.418668,9.362194,9.33932,9.264501,9.53087,0,4.0,0,0.0,0.12,5.3,94.7
2022-10-06 12:15:00,53.72229560555,0.0,0.0,23.528148145333333,21.03666666666667,45.0,0,5.1764362714980825,70.66250196097344,12,3,10,1.2246467991473532e-16,-1.0,0.4338837391175582,-0.900968867902419,-0.8660254037844386,0.5000000000000001,602.0,572.1875,451.9583333333333,6.025,18.7,83.75,55.0,11.625,10.028125,0.0,20.925,23.617777814,45.75,46.5,47.0,47.59333333333333,44.5,-2.491481478666664,0.4970370613333337,0.5553333333333335,20.481333333333332,21.59133333333333,23.06716048222222,20.48977777777778,9.53087,9.418668,9.362194,9.33932,9.473203,0,4.0,0,0.0,0.24,6.2,93.8
2022-10-06 12:30:00,49.469132305554,0.0,0.0,23.617777814,21.59133333333333,44.5,0,5.1764362714980825,70.66250196097344,12,3,10,1.2246467991473532e-16,-1.0,0.4338837391175582,-0.900968867902419,-0.8660254037844386,0.5000000000000001,616.0,592.0625,481.7083333333333,5.949999999999999,18.7,79.5,54.0,11.65,10.033348,0.0,21.25,23.91333332,45.0,45.75,46.5,47.0,44.09333333333333,-2.0264444806666653,0.0896296686666673,0.554666666666666,21.03666666666667,22.12333333333333,23.39234568111111,21.036444444444445,9.473203,9.53087,9.418668,9.362194,9.545731,0,4.0,0,0.0,0.26,6.4,93.6
2022-10-06 12:45:00,44.205176188888,0.0,0.0,23.91333332,22.12333333333333,44.09333333333333,0,5.1764362714980825,70.66250196097344,12,3,10,1.2246467991473532e-16,-1.0,0.4338837391175582,-0.900968867902419,-0.8660254037844386,0.5000000000000001,630.0,609.0,509.2083333333333,5.875,18.7,75.25,53.0,11.675,10.034654,0.0,21.575,24.167777808,44.5,45.0,45.75,46.5,43.75,-1.7899999866666647,0.2955555059999994,0.532,21.59133333333333,22.400666666666663,23.686419759777777,21.583777777777783,9.545731,9.473203,9.53087,9.418668,9.60915,0,4.0,0,0.0,0.32,7.2,92.8
2022-10-06 13:00:00,60.946728683334,0.0,0.0,24.167777808,22.400666666666663,43.75,0,5.1764362714980825,70.66250196097344,13,3,10,-0.2588190451025208,-0.9659258262890684,0.4338837391175582,-0.900968867902419,-0.8660254037844386,0.5000000000000001,644.0,623.0,534.4583333333334,5.8,18.7,71.0,52.0,11.7,10.031913,0.0,21.9,24.434074058666667,44.09333333333333,44.5,45.0,45.75,43.406666666666666,-1.7671111413333342,0.2544444880000007,0.2773333333333312,22.12333333333333,22.61,23.89962964733333,22.038444444444448,9.60915,9.545731,9.473203,9.53087,9.678609,0,4.0,0,0.0,0.38,8.1,91.9
2022-10-06 13:15:00,47.49198907778,0.0,0.0,24.434074058666667,22.61,43.406666666666666,0,5.1764362714980825,70.66250196097344,13,3,10,-0.2588190451025208,-0.9659258262890684,0.4338837391175582,-0.900968867902419,-0.8660254037844386,0.5000000000000001,642.0,633.0,556.5416666666666,5.9,18.525,65.5,50.5,11.425,9.869717,0.0,22.125,24.583333348,43.75,44.09333333333333,44.5,45.0,43.01,-1.8240740586666675,0.2662962506666666,0.2093333333333333,22.400666666666663,22.818,24.17172839555556,22.378,9.678609,9.60915,9.545731,9.473203,9.67144,0,4.0,0,0.0,0.45,9.1,90.9
2022-10-06 13:30:00,50.721582155556,0.0,0.0,24.583333348,22.818,43.01,0,5.1764362714980825,70.66250196097344,13,3,10,-0.2588190451025208,-0.9659258262890684,0.4338837391175582,-0.900968867902419,-0.8660254037844386,0.5000000000000001,640.0,639.0,575.4583333333334,6.0,18.35,60.0,49.0,11.15,9.701354,0.0,22.35,24.69111110133333,43.406666666666666,43.75,44.09333333333333,44.5,43.0,-1.7653333480000022,0.1492592893333331,0.2079999999999984,22.61,23.02733333333333,24.39506173822222,22.60955555555556,9.67144,9.678609,9.60915,9.545731,9.728237,0,4.0,0,0.0,0.48,9.8,90.2
2022-10-06 13:45:00,60.203702938886,0.0,0.0,24.69111110133333,23.02733333333333,43.0,0,5.1764362714980825,70.66250196097344,13,3,10,-0.2588190451025208,-0.9659258262890684,0.4338837391175582,-0.900968867902419,-0.8660254037844386,0.5000000000000001,638.0,641.0,591.2083333333334,6.1,18.175,54.5,47.5,10.875,9.526712,0.0,22.575,24.605555592,43.01,43.406666666666666,43.75,44.09333333333333,43.01,-1.6637777679999992,0.1077777533333339,0.2093333333333369,22.818,23.236,24.569506169333334,22.81844444444444,9.728237,9.67144,9.678609,9.60915,9.683592,0,4.0,0,0.0,0.5,10.3,89.7
2022-10-06 14:00:00,41.505562094438,0.0,0.0,24.605555592,23.236,43.01,0,5.1764362714980825,70.66250196097344,14,3,10,-0.4999999999999997,-0.8660254037844388,0.4338837391175582,-0.900968867902419,-0.8660254037844386,0.5000000000000001,636.0,639.0,603.7916666666666,6.2,18.0,49.0,46.0,10.6,9.345677,0.0,22.8,24.21185184,43.0,43.01,43.406666666666666,43.75,43.59333333333333,-1.3695555919999975,-0.0855555093333357,0.2086666666666659,23.02733333333333,23.444666666666667,24.626666680444444,23.02711111111111,9.683592,9.728237,9.67144,9.678609,9.598691,0,4.0,0,0.0,0.48,9.9,90.1
2022-10-06 14:15:00,54.880582538886,0.0,0.0,24.21185184,23.444666666666667,43.59333333333333,0,5.1764362714980825,70.66250196097344,14,3,10,-0.4999999999999997,-0.8660254037844388,0.4338837391175582,-0.900968867902419,-0.8660254037844386,0.5000000000000001,621.25,633.8125,613.0,6.25,18.1,61.5,45.25,10.4,9.219671,0.0,22.85,23.727777756,43.01,43.0,43.01,43.406666666666666,44.73,-0.7671851733333348,-0.3937037519999968,0.2086666666666659,23.236,23.654,24.50283951111111,23.236,9.598691,9.683592,9.728237,9.67144,9.58196,0,4.0,0,0.0,0.39,8.2,91.8
2022-10-06 14:30:00,50.864632066664,0.0,0.0,23.727777756,23.654,44.73,0,5.1764362714980825,70.66250196097344,14,3,10,-0.4999999999999997,-0.8660254037844388,0.4338837391175582,-0.900968867902419,-0.8660254037844386,0.5000000000000001,606.5,625.4375,618.8333333333334,6.300000000000001,18.2,74.0,44.5,10.2,9.092854,0.0,22.9,23.479259261333333,43.59333333333333,43.01,43.0,43.01,45.09333333333333,-0.0737777560000019,-0.4840740839999995,0.2093333333333333,23.444666666666667,23.82933333333333,24.181728396,23.444888888888887,9.58196,9.598691,9.683592,9.728237,9.524068,0,4.0,0,0.0,0.28,6.7,93.3
2022-10-06 14:45:00,73.350954727778,0.0,0.0,23.479259261333333,23.82933333333333,45.09333333333333,0,5.1764362714980825,70.66250196097344,14,3,10,-0.4999999999999997,-0.8660254037844388,0.4338837391175582,-0.900968867902419,-0.8660254037844386,0.5000000000000001,591.75,613.875,621.2916666666666,6.3500000000000005,18.3,86.5,43.75,10.0,8.965224,0.0,22.95,23.193333338,44.73,43.59333333333333,43.01,43.0,45.76,0.3500740720000017,-0.2485184946666692,0.1753333333333344,23.654,23.65,23.80629628577778,23.642666666666667,9.524068,9.58196,9.598691,9.683592,9.50848,0,4.0,0,0.0,0.23,6.1,93.9
2022-10-06 15:00:00,790.549765677776,0.0,0.0,23.193333338,23.65,45.76,0,5.1764362714980825,70.66250196097344,15,3,10,-0.7071067811865471,-0.7071067811865479,0.4338837391175582,-0.900968867902419,-0.8660254037844386,0.5000000000000001,577.0,599.125,620.375,6.4,18.4,99.0,43.0,9.8,8.83678,0.0,23.0,22.86444441733333,45.09333333333333,44.73,43.59333333333333,43.01,46.906666666666666,0.4566666619999999,-0.285925923333334,-0.1793333333333358,23.82933333333333,23.372,23.466790118444447,23.711111111111112,9.50848,9.524068,9.58196,9.598691,9.5651245,0,4.0,0,0.0,0.16,5.5,94.5
2022-10-06 15:15:00,49.54968468333,0.0,0.0,22.86444441733333,23.372,46.906666666666666,0,5.1764362714980825,70.66250196097344,15,3,10,-0.7071067811865471,-0.7071067811865479,0.4338837391175582,-0.900968867902419,-0.8660254037844386,0.5000000000000001,540.75,579.0,615.2708333333334,6.325,18.3,99.25,43.75,9.925,8.926817,0.0,22.875,22.581111078,45.76,45.09333333333333,44.73,43.59333333333333,47.75,0.5075555826666651,-0.3288889206666638,-0.2779999999999987,23.65,23.09466666666667,23.179012338888885,23.617111111111114,9.5651245,9.50848,9.524068,9.58196,9.580213,0,4.0,0,0.0,0.09,5.2,94.8
2022-10-06 15:30:00,57.203545166664,0.0,0.0,22.581111078,23.09466666666667,47.75,0,5.1764362714980825,70.66250196097344,15,3,10,-0.7071067811865471,-0.7071067811865479,0.4338837391175582,-0.900968867902419,-0.8660254037844386,0.5000000000000001,504.5,553.5,605.9791666666666,6.25,18.2,99.5,44.5,10.05,9.0150585,0.0,22.75,22.2222222,46.906666666666666,45.76,45.09333333333333,44.73,48.5,0.5135555886666694,-0.2833333393333355,-0.2773333333333312,23.372,22.826,22.879629611111117,23.372222222222224,9.580213,9.5651245,9.50848,9.524068,9.532041,0,4.0,0,0.0,0.03,5.0,95.0
2022-10-06 15:45:00,49.809951905558,0.0,0.0,22.2222222,22.826,48.5,0,5.1764362714980825,70.66250196097344,15,3,10,-0.7071067811865471,-0.7071067811865479,0.4338837391175582,-0.900968867902419,-0.8660254037844386,0.5000000000000001,468.25,522.625,592.5,6.175,18.1,99.75,45.25,10.175,9.101524,0.0,22.625,21.917777762,47.75,46.906666666666666,45.76,45.09333333333333,49.25,0.6037778000000031,-0.3588888780000019,-0.2686666666666681,23.09466666666667,22.658666666666665,22.555925898444443,23.09755555555556,9.532041,9.580213,9.5651245,9.50848,9.511127,0,4.0,0,0.0,-0.06,5.1,94.9
2022-10-06 16:00:00,184.090969433332,0.0,0.0,21.917777762,22.658666666666665,49.25,0,5.1764362714980825,70.66250196097344,16,3,10,-0.8660254037844385,-0.5000000000000004,0.4338837391175582,-0.900968867902419,-0.8660254037844386,0.5000000000000001,432.0,486.375,574.8333333333334,6.1,18.0,100.0,46.0,10.3,9.186231,0.0,22.5,21.67703706,48.5,47.75,46.906666666666666,45.76,50.09333333333333,0.7408889046666651,-0.3044444379999973,-0.1673333333333353,22.826,22.518666666666665,22.240370346666666,22.85977777777778,9.511127,9.532041,9.580213,9.5651245,9.540447,0,4.0,0,0.0,-0.13,5.3,94.7
2022-10-06 16:15:00,247.579818811104,0.0,0.0,21.67703706,22.518666666666665,50.09333333333333,0,5.1764362714980825,70.66250196097344,16,3,10,-0.8660254037844385,-0.5000000000000004,0.4338837391175582,-0.900968867902419,-0.8660254037844386,0.5000000000000001,380.75,446.375,553.0625,5.85,17.2,100.0,49.5,11.025,9.688214,0.0,22.15,21.47222225,49.25,48.5,47.75,46.906666666666666,51.23,0.8416296066666646,-0.240740702,-0.1400000000000005,22.658666666666665,22.378666666666668,21.939012340666665,22.667777777777776,9.540447,9.511127,9.532041,9.580213,9.642021,0,4.0,0,0.0,-0.18,5.7,94.3
2022-10-06 16:30:00,49.369969688884,0.0,0.0,21.47222225,22.378666666666668,51.23,0,5.1764362714980825,70.66250196097344,16,3,10,-0.8660254037844385,-0.5000000000000004,0.4338837391175582,-0.900968867902419,-0.8660254037844386,0.5000000000000001,329.5,402.625,527.1875,5.6,16.4,100.0,53.0,11.75,10.165988,0.0,21.8,21.277777800000003,50.09333333333333,49.25,48.5,47.75,51.59333333333333,0.906444416666666,-0.2048148099999984,-0.139999999999997,22.518666666666665,22.23,21.689012357333336,22.518666666666665,9.642021,9.540447,9.511127,9.532041,9.601638,0,4.0,0,0.0,-0.22,6.0,94.0
2022-10-06 16:45:00,56.340524105554,0.0,0.0,21.277777800000003,22.23,51.59333333333333,0,5.1764362714980825,70.66250196097344,16,3,10,-0.8660254037844385,-0.5000000000000004,0.4338837391175582,-0.900968867902419,-0.8660254037844386,0.5000000000000001,278.25,355.125,497.2083333333333,5.35,15.6,100.0,56.5,12.475,10.620219,0.0,21.450000000000003,21.111111148000003,51.23,50.09333333333333,49.25,48.5,52.0,0.9522221999999978,-0.1944444499999988,-0.1486666666666671,22.378666666666668,21.98,21.475679036666666,22.37577777777778,9.601638,9.642021,9.540447,9.511127,9.584198,0,4.0,0,0.0,-0.26,6.5,93.5
2022-10-06 17:00:00,40.702260827774,0.0,0.0,21.111111148000003,21.98,52.0,0,5.1764362714980825,70.66250196097344,17,3,10,-0.9659258262890684,-0.2588190451025206,0.4338837391175582,-0.900968867902419,-0.8660254037844386,0.5000000000000001,227.0,303.875,463.125,5.1,14.8,100.0,60.0,13.2,11.051559,0.0,21.1,20.95481479733333,51.59333333333333,51.23,50.09333333333333,49.25,52.406666666666666,0.8688888519999978,-0.1666666519999999,-0.25,22.23,21.702,21.287037066,22.19622222222222,9.584198,9.601638,9.642021,9.540447,9.571857,0,4.0,0,0.0,-0.3,6.9,93.1
2022-10-06 17:15:00,57.688525733332,0.0,0.0,20.95481479733333,21.702,52.406666666666666,0,5.1764362714980825,70.66250196097344,17,3,10,-0.9659258262890684,-0.2588190451025206,0.4338837391175582,-0.900968867902419,-0.8660254037844386,0.5000000000000001,192.5,256.8125,427.3958333333333,5.4,14.525,100.0,62.75,13.275,11.194091,0.125,20.55,20.833333348,52.0,51.59333333333333,51.23,50.09333333333333,52.5,0.7471852026666674,-0.1562963506666719,-0.2780000000000022,21.98,21.424666666666667,21.11456791511111,21.97066666666667,9.571857,9.584198,9.601638,9.642021,9.521403,0,4.0,0,0.0,-0.34,7.4,92.6
2022-10-06 17:30:00,52.994824672218,0.0,0.0,20.833333348,21.424666666666667,52.5,0,5.1764362714980825,70.66250196097344,17,3,10,-0.9659258262890684,-0.2588190451025206,0.4338837391175582,-0.900968867902419,-0.8660254037844386,0.5000000000000001,158.0,213.9375,390.0208333333333,5.699999999999999,14.25,100.0,65.5,13.35,11.315119,0.25,20.0,20.71185184,52.406666666666666,52.0,51.59333333333333,51.23,52.5,0.5913333186666669,-0.1214814493333307,-0.2773333333333312,21.702,21.14466666666667,20.96641976444445,21.702222222222225,9.521403,9.571857,9.584198,9.601638,9.454317,0,4.0,0,0.0,-0.37,7.8,92.2
2022-10-06 17:45:00,40.71837128333,0.0,0.0,20.71185184,21.14466666666667,52.5,0,5.1764362714980825,70.66250196097344,17,3,10,-0.9659258262890684,-0.2588190451025206,0.4338837391175582,-0.900968867902419,-0.8660254037844386,0.5000000000000001,123.5,175.25,351.0,6.0,13.975,100.0,68.25,13.425,11.415714,0.375,19.45,20.55666666,52.5,52.406666666666666,52.0,51.59333333333333,52.75,0.432814826666668,-0.1214815079999986,-0.2799999999999976,21.424666666666667,20.82933333333333,20.833333328444443,21.423777777777776,9.454317,9.521403,9.571857,9.584198,9.413829,0,4.0,0,0.0,-0.4,8.3,91.7
2022-10-06 18:00:00,58.7934815,0.0,0.0,20.55666666,20.82933333333333,52.75,0,5.1764362714980825,70.66250196097344,18,3,10,-1.0,-1.8369701987210294e-16,0.4338837391175582,-0.900968867902419,-0.8660254037844386,0.5000000000000001,89.0,140.75,310.3333333333333,6.3,13.7,100.0,71.0,13.5,11.4969,0.5,18.9,20.444444418666667,52.5,52.5,52.406666666666666,52.0,53.0,0.2726666733333331,-0.1551851800000001,-0.315333333333335,21.14466666666667,20.504666666666665,20.70061728266667,21.13288888888889,9.413829,9.454317,9.521403,9.571857,9.396732,0,4.0,0,0.0,-0.43,8.9,91.1
2022-10-06 18:15:00,51.199618649998,0.0,0.0,20.444444418666667,20.504666666666665,53.0,0,5.1764362714980825,70.66250196097344,18,3,10,-1.0,-1.8369701987210294e-16,0.4338837391175582,-0.900968867902419,-0.8660254037844386,0.5000000000000001,68.5,109.75,270.9791666666667,6.0,14.95,100.0,75.5,13.5,11.607709,0.425,18.025,20.3611111,52.75,52.5,52.5,52.406666666666666,53.01,0.0602222479999987,-0.1122222413333347,-0.3246666666666691,20.82933333333333,20.180666666666664,20.57098763955556,20.826222222222224,9.396732,9.413829,9.454317,9.521403,9.352899,0,4.0,0,0.0,-0.46,9.3,90.7
2022-10-06 18:30:00,44.138790027774,0.0,0.0,20.3611111,20.180666666666664,53.01,0,5.1764362714980825,70.66250196097344,18,3,10,-1.0,-1.8369701987210294e-16,0.4338837391175582,-0.900968867902419,-0.8660254037844386,0.5000000000000001,48.0,82.25,232.9375,5.699999999999999,16.2,100.0,80.0,13.5,11.6737585,0.35,17.15,20.27777778133333,53.0,52.75,52.5,52.5,53.406666666666666,-0.1804444333333386,-0.0833333186666642,-0.3240000000000016,20.504666666666665,19.85666666666667,20.454074059555555,20.50488888888889,9.352899,9.396732,9.413829,9.454317,9.377131,0,4.0,0,0.0,-0.48,9.7,90.3
2022-10-06 18:45:00,60.689516838886,0.0,0.0,20.27777778133333,19.85666666666667,53.406666666666666,0,5.1764362714980825,70.66250196097344,18,3,10,-1.0,-1.8369701987210294e-16,0.4338837391175582,-0.900968867902419,-0.8660254037844386,0.5000000000000001,27.5,58.25,196.20833333333331,5.4,17.45,100.0,84.5,13.5,11.698788,0.275,16.275,20.222222202,53.01,53.0,52.75,52.5,54.01,-0.4211111146666653,-0.0833333186666678,-0.3239999999999945,20.180666666666664,19.532,20.3611111,20.180666666666667,9.377131,9.352899,9.396732,9.413829,9.452322,0,4.0,0,0.0,-0.49,10.1,89.9
2022-10-06 19:00:00,45.287355233328,0.0,0.0,20.222222202,19.532,54.01,0,5.1764362714980825,70.66250196097344,19,3,10,-0.9659258262890684,0.2588190451025203,0.4338837391175582,-0.900968867902419,-0.8660254037844386,0.5000000000000001,7.0,37.75,160.79166666666666,5.1,18.7,100.0,89.0,13.5,11.686334,0.2,15.4,20.18740742,53.406666666666666,53.01,53.0,52.75,55.0,-0.6902222020000011,-0.0555555793333333,-0.3246666666666691,19.85666666666667,19.208666666666662,20.28703702777778,19.856444444444445,9.452322,9.377131,9.352899,9.396732,9.606012,0,4.0,0,0.0,-0.5,10.3,89.7
2022-10-06 19:15:00,44.145456494438,0.0,0.0,20.18740742,19.208666666666662,55.0,0,5.1764362714980825,70.66250196097344,19,3,10,-0.9659258262890684,0.2588190451025203,0.4338837391175582,-0.900968867902419,-0.8660254037844386,0.5000000000000001,5.25,21.9375,129.5,4.625,18.8,100.0,84.5,12.75,11.146087,0.7249999999999999,15.475,20.25,54.01,53.406666666666666,53.01,53.0,55.5,-0.9787407533333335,-0.0348147820000015,-0.3233333333333341,19.532,18.884,20.229135801111116,19.532444444444447,9.606012,9.452322,9.377131,9.352899,9.728871,0,4.0,0,0.0,-0.51,10.4,89.6
2022-10-06 19:30:00,59.423456349998,0.0,0.0,20.25,18.884,55.5,0,5.1764362714980825,70.66250196097344,19,3,10,-0.9659258262890684,0.2588190451025203,0.4338837391175582,-0.900968867902419,-0.8660254037844386,0.5000000000000001,3.5,10.8125,102.33333333333331,4.15,18.9,100.0,80.0,12.0,10.600635,1.2499999999999998,15.55,20.333333318666668,55.0,54.01,53.406666666666666,53.01,55.81333333333334,-1.3659999999999997,0.0625925800000004,-0.3246666666666655,19.208666666666662,18.56,20.219876540666665,19.208222222222226,9.728871,9.606012,9.452322,9.377131,9.831547,0,4.0,0,0.0,-0.49,10.0,90.0
2022-10-06 19:45:00,70.40551716666,0.0,0.0,20.333333318666668,18.56,55.81333333333334,0,5.1764362714980825,70.66250196097344,19,3,10,-0.9659258262890684,0.2588190451025203,0.4338837391175582,-0.900968867902419,-0.8660254037844386,0.5000000000000001,1.75,4.375,79.29166666666667,3.675,19.0,100.0,75.5,11.25,10.049945,1.7749999999999997,15.625,20.357777766,55.5,55.0,54.01,53.406666666666666,55.27,-1.773333318666669,0.0833333186666678,-0.3240000000000016,18.884,18.236,20.25691357955556,18.884222222222224,9.831547,9.728871,9.606012,9.452322,9.749748,0,4.0,0,0.0,-0.47,9.5,90.5
2022-10-06 20:00:00,110.619741666668,0.0,0.0,20.357777766,18.236,55.27,0,5.1764362714980825,70.66250196097344,20,3,10,-0.8660254037844386,0.5000000000000001,0.4338837391175582,-0.900968867902419,-0.8660254037844386,0.5000000000000001,0.0,2.625,60.375,3.2,19.1,100.0,71.0,10.5,9.493995,2.3,15.7,20.232592578666665,55.81333333333334,55.5,55.0,54.01,55.406666666666666,-2.121777766000001,0.0244444473333338,-0.323999999999998,18.56,17.911333333333335,20.31370369488889,18.56,9.749748,9.831547,9.728871,9.606012,9.702632,0,4.0,0,0.0,-0.46,9.5,90.5
2022-10-06 20:15:00,158.74503876111402,0.0,0.0,20.232592578666665,17.911333333333335,55.406666666666666,0,5.1764362714980825,70.66250196097344,20,3,10,-0.8660254037844386,0.5000000000000001,0.4338837391175582,-0.900968867902419,-0.8660254037844386,0.5000000000000001,0.0,1.3125,44.333333333333336,3.775,16.475,100.0,71.5,10.45,9.474317,1.725,15.55,20.16777781,55.27,55.81333333333334,55.5,55.0,55.76,-2.32125924533333,-0.1251851873333365,-0.3246666666666655,18.236,17.588,20.307901221111116,18.23577777777778,9.702632,9.749748,9.831547,9.728871,9.727575,0,4.0,0,0.0,-0.49,10.1,89.9
2022-10-06 20:30:00,217.208811283334,0.0,0.0,20.16777781,17.588,55.76,0,5.1764362714980825,70.66250196097344,20,3,10,-0.8660254037844386,0.5000000000000001,0.4338837391175582,-0.900968867902419,-0.8660254037844386,0.5000000000000001,0.0,0.4375,31.166666666666668,4.35,13.85,100.0,72.0,10.4,9.454114,1.15,15.4,20.156296321333333,55.406666666666666,55.27,55.81333333333334,55.5,56.59333333333333,-2.5797778099999995,-0.0648147686666646,-0.3233333333333341,17.911333333333335,17.278000000000002,20.25271605155556,17.91177777777778,9.727575,9.702632,9.749748,9.831547,9.866329,0,4.0,0,0.0,-0.51,10.4,89.6
2022-10-06 20:45:00,160.50441291666598,0.0,0.0,20.156296321333333,17.278000000000002,56.59333333333333,0,5.1764362714980825,70.66250196097344,20,3,10,-0.8660254037844386,0.5000000000000001,0.4338837391175582,-0.900968867902419,-0.8660254037844386,0.5000000000000001,0.0,0.0,20.875,4.925,11.225,100.0,72.5,10.35,9.433396,0.575,15.25,20.112222212,55.76,55.406666666666666,55.27,55.81333333333334,57.73,-2.8782963213333304,-0.0114814886666678,-0.3099999999999987,17.588,17.14,20.18555557,17.59244444444445,9.866329,9.727575,9.702632,9.749748,10.038577,0,4.0,0,0.0,-0.5,10.3,89.7
2022-10-06 21:00:00,126.90797906111,0.0,0.0,20.112222212,17.14,57.73,0,5.1764362714980825,70.66250196097344,21,3,10,-0.7071067811865477,0.7071067811865474,0.4338837391175582,-0.900968867902419,-0.8660254037844386,0.5000000000000001,0.0,0.0,13.458333333333334,5.5,8.6,100.0,73.0,10.3,9.412175,0.0,15.1,20.10074074,56.59333333333333,55.76,55.406666666666666,55.27,58.09333333333333,-2.9722222119999984,-0.0440741093333336,-0.1380000000000016,17.278000000000002,17.047333333333334,20.145432114444443,17.335333333333338,10.038577,9.866329,9.727575,9.702632,10.094973,0,4.0,0,0.0,-0.51,10.4,89.6
2022-10-06 21:15:00,123.783659755548,0.0,0.0,20.10074074,17.047333333333334,58.09333333333333,0,5.1764362714980825,70.66250196097344,21,3,10,-0.7071067811865477,0.7071067811865474,0.4338837391175582,-0.900968867902419,-0.8660254037844386,0.5000000000000001,0.0,0.0,7.75,6.3,9.875,100.0,73.5,10.2,9.361879,0.0,14.9,20.05666671,57.73,56.59333333333333,55.76,55.406666666666666,58.5,-3.0534074066666648,-0.0114814719999998,-0.0926666666666662,17.14,16.954666666666665,20.12308642444444,17.15511111111111,10.094973,10.038577,9.866329,9.727575,10.139454,0,4.0,0,0.0,-0.51,10.4,89.6
2022-10-06 21:30:00,137.1378476,0.0,0.0,20.05666671,16.954666666666665,58.5,0,5.1764362714980825,70.66250196097344,21,3,10,-0.7071067811865477,0.7071067811865474,0.4338837391175582,-0.900968867902419,-0.8660254037844386,0.5000000000000001,0.0,0.0,3.75,7.1,11.15,100.0,74.0,10.1,9.311242,0.0,14.7,20.04518522133333,58.09333333333333,57.73,56.59333333333333,55.76,59.0,-3.102000043333337,-0.0440740299999973,-0.0926666666666697,17.047333333333334,16.862666666666666,20.089876554,17.047333333333334,10.139454,10.094973,10.038577,9.866329,10.219244,0,4.0,0,0.0,-0.52,10.6,89.4
2022-10-06 21:45:00,575.909185027774,0.0,0.0,20.04518522133333,16.862666666666666,59.0,0,5.1764362714980825,70.66250196097344,21,3,10,-0.7071067811865477,0.7071067811865474,0.4338837391175582,-0.900968867902419,-0.8660254037844386,0.5000000000000001,0.0,0.0,1.4583333333333333,7.899999999999999,12.425,100.0,74.5,10.0,9.260277,0.0,14.5,20.002222224,58.5,58.09333333333333,57.73,56.59333333333333,59.5,-3.182518554666668,-0.0114814886666678,-0.0919999999999987,16.954666666666665,16.77,20.067530890444445,16.95488888888889,10.219244,10.139454,10.094973,10.038577,10.27996,0,4.0,0,0.0,-0.52,10.6,89.4
2022-10-06 22:00:00,957.491698766668,0.0,0.0,20.002222224,16.77,59.5,0,5.1764362714980825,70.66250196097344,22,3,10,-0.5000000000000004,0.8660254037844384,0.4338837391175582,-0.900968867902419,-0.8660254037844386,0.5000000000000001,0.0,0.0,0.875,8.7,13.7,100.0,75.0,9.9,9.208994,0.0,14.3,20.04518522133333,59.0,58.5,58.09333333333333,57.73,60.09333333333333,-3.232222224000001,-0.0429629973333334,-0.0926666666666662,16.862666666666666,16.677333333333333,20.034691385111117,16.862444444444446,10.27996,10.219244,10.139454,10.094973,10.408618,0,4.0,0,0.0,-0.52,10.7,89.3
2022-10-06 22:15:00,144.91614770555,0.0,0.0,20.04518522133333,16.677333333333333,60.09333333333333,0,5.1764362714980825,70.66250196097344,22,3,10,-0.5000000000000004,0.8660254037844384,0.4338837391175582,-0.900968867902419,-0.8660254037844386,0.5000000000000001,0.0,0.0,0.4375,8.7,14.15,100.0,75.5,9.875,9.185539,0.0,14.15,20.11111115,59.5,59.0,58.5,58.09333333333333,61.23,-3.367851888000001,0.0429629973333334,-0.0926666666666662,16.77,16.584666666666667,20.030864222222224,16.77,10.408618,10.27996,10.219244,10.139454,10.646494,0,4.0,0,0.0,-0.51,10.4,89.6
2022-10-06 22:30:00,157.36064973889,0.0,0.0,20.11111115,16.584666666666667,61.23,0,5.1764362714980825,70.66250196097344,22,3,10,-0.5000000000000004,0.8660254037844384,0.4338837391175582,-0.900968867902419,-0.8660254037844386,0.5000000000000001,0.0,0.0,0.1458333333333333,8.7,14.6,100.0,76.0,9.85,9.161643,0.0,14.0,20.17703706,60.09333333333333,59.5,59.0,58.5,61.5,-3.526444483333332,0.0659259286666653,-0.0926666666666662,16.677333333333333,16.492666666666665,20.052839531777774,16.677333333333333,10.646494,10.408618,10.27996,10.219244,10.7347555,0,4.0,0,0.0,-0.49,10.0,90.0
2022-10-06 22:45:00,151.676155077772,0.0,0.0,20.17703706,16.492666666666665,61.5,0,5.1764362714980825,70.66250196097344,22,3,10,-0.5000000000000004,0.8660254037844384,0.4338837391175582,-0.900968867902419,-0.8660254037844386,0.5000000000000001,0.0,0.0,0.0,8.7,15.05,100.0,76.5,9.825,9.137311,0.0,13.85,20.24888889,61.23,60.09333333333333,59.5,59.0,61.5,-3.684370393333335,0.0659259100000007,-0.0920000000000023,16.584666666666667,16.4,20.11111114377778,16.584888888888887,10.7347555,10.646494,10.408618,10.27996,10.77994,0,4.0,0,0.0,-0.47,9.6,90.4
2022-10-06 23:00:00,141.241016833332,0.0,0.0,20.24888889,16.4,61.5,0,5.1764362714980825,70.66250196097344,23,3,10,-0.2588190451025215,0.965925826289068,0.4338837391175582,-0.900968867902419,-0.8660254037844386,0.5000000000000001,0.0,0.0,0.0,8.7,15.5,100.0,77.0,9.8,9.112552,0.0,13.7,20.2777778,61.5,61.23,60.09333333333333,59.5,61.5,-3.848888890000001,0.0718518299999999,-0.0926666666666662,16.492666666666665,16.307333333333336,20.17901236666667,16.492444444444445,10.77994,10.7347555,10.646494,10.408618,10.798158,0,4.0,0,0.0,-0.45,9.3,90.7
2022-10-06 23:15:00,109.853938966668,0.0,0.0,20.2777778,16.307333333333336,61.5,0,5.1764362714980825,70.66250196097344,23,3,10,-0.2588190451025215,0.965925826289068,0.4338837391175582,-0.900968867902419,-0.8660254037844386,0.5000000000000001,0.0,0.0,0.0,9.025,16.125,100.0,77.0,9.75,9.084543,0.025,13.65,20.276666688,61.5,61.5,61.23,60.09333333333333,61.5,-3.970444466666663,0.0288889099999991,-0.0926666666666626,16.4,16.214666666666666,20.234567916666663,16.400000000000002,10.798158,10.77994,10.7347555,10.646494,10.797454,0,4.0,0,0.0,-0.45,9.2,90.8
2022-10-06 23:30:00,51.44849756111,0.0,0.0,20.276666688,16.214666666666666,61.5,0,5.1764362714980825,70.66250196097344,23,3,10,-0.2588190451025215,0.965925826289068,0.4338837391175582,-0.900968867902419,-0.8660254037844386,0.5000000000000001,0.0,0.0,0.0,9.35,16.75,100.0,77.0,9.7,9.05661,0.05,13.6,20.222222218666666,61.5,61.5,61.5,61.23,61.5,-4.062000021333333,-0.0011111120000002,-0.0926666666666697,16.307333333333336,16.11,20.267777792666667,16.307333333333336,10.797454,10.798158,10.77994,10.7347555,10.763151,0,4.0,0,0.0,-0.45,9.2,90.8
2022-10-06 23:45:00,46.050935605558,0.0,0.0,20.222222218666666,16.11,61.5,0,5.1764362714980825,70.66250196097344,23,3,10,-0.2588190451025215,0.965925826289068,0.4338837391175582,-0.900968867902419,-0.8660254037844386,0.5000000000000001,0.0,0.0,0.0,9.675,17.375,100.0,77.0,9.65,9.028751,0.075,13.55,20.11222226,61.5,61.5,61.5,61.5,61.51,-4.112222218666666,-0.0544444693333332,-0.1046666666666666,16.214666666666666,15.87,20.25888890222222,16.21066666666667,10.763151,10.797454,10.798158,10.77994,10.695875,0,4.0,0,0.0,-0.46,9.4,90.6
2022-10-07 00:00:00,46.550082438886,0.0,0.0,20.11222226,15.87,61.51,0,5.1764362714980825,70.66250196097344,0,4,10,0.0,1.0,-0.433883739117558,-0.9009688679024191,-0.8660254037844386,0.5000000000000001,0.0,0.0,0.0,10.0,18.0,100.0,77.0,9.6,9.000965,0.1,13.5,20.04518522133333,61.5,61.5,61.5,61.5,61.81333333333334,-4.242222259999998,-0.1099999586666662,-0.2399999999999984,16.11,15.592,20.20370372222222,16.06488888888889,10.695875,10.763151,10.797454,10.798158,10.706534,0,4.0,0,0.0,-0.49,9.9,90.1
2022-10-07 00:15:00,38.19874982222,0.0,0.0,20.04518522133333,15.592,61.81333333333334,0,5.1764362714980825,70.66250196097344,0,4,10,0.0,1.0,-0.433883739117558,-0.9009688679024191,-0.8660254037844386,0.5000000000000001,0.0,0.0,0.0,9.85,18.275,99.75,77.5,9.6,9.003708,0.075,13.4,19.973333312,61.51,61.5,61.5,61.5,61.76,-4.453185221333333,-0.0670370386666654,-0.2780000000000004,15.87,15.314666666666666,20.126543233333333,15.857333333333337,10.706534,10.695875,10.763151,10.797454,10.652387,0,4.0,0,0.0,-0.5,10.2,89.8
2022-10-07 00:30:00,51.14017647778,0.0,0.0,19.973333312,15.314666666666666,61.76,0,5.1764362714980825,70.66250196097344,0,4,10,0.0,1.0,-0.433883739117558,-0.9009688679024191,-0.8660254037844386,0.5000000000000001,0.0,0.0,0.0,9.7,18.55,99.5,78.0,9.6,9.006031,0.05,13.3,19.93407404,61.81333333333334,61.51,61.5,61.5,62.0,-4.658666645333335,-0.0718519093333327,-0.2773333333333347,15.592,15.046,20.043580264444444,15.592222222222224,10.652387,10.706534,10.695875,10.763151,10.669218,0,4.0,0,0.0,-0.52,10.6,89.4
2022-10-07 00:45:00,37.477667366672,0.0,0.0,19.93407404,15.046,62.0,0,5.1764362714980825,70.66250196097344,0,4,10,0.0,1.0,-0.433883739117558,-0.9009688679024191,-0.8660254037844386,0.5000000000000001,0.0,0.0,0.0,9.55,18.825000000000003,99.25,78.5,9.6,9.00794,0.0249999999999999,13.2,19.89000001,61.76,61.81333333333334,61.51,61.5,62.01,-4.888074039999999,-0.0392592720000024,-0.2686666666666664,15.314666666666666,14.87,19.984197524444443,15.317555555555558,10.669218,10.652387,10.706534,10.695875,10.643414,0,4.0,0,0.0,-0.53,10.8,89.2
2022-10-07 01:00:00,53.348143838886,0.0,0.0,19.89000001,14.87,62.01,0,5.1764362714980825,70.66250196097344,1,4,10,0.2588190451025207,0.9659258262890684,-0.433883739117558,-0.9009688679024191,-0.8660254037844386,0.5000000000000001,0.0,0.0,0.0,9.4,19.1,99.0,79.0,9.6,9.009439,0.0,13.1,19.878518521333334,62.0,61.76,61.81333333333334,61.51,62.406666666666666,-5.02000001,-0.0440740299999973,-0.1759999999999983,15.046,14.716666666666669,19.932469120666667,15.07688888888889,10.643414,10.669218,10.652387,10.706534,10.704296,0,4.0,0,0.0,-0.54,11.0,89.0
2022-10-07 01:15:00,38.846223872222,0.0,0.0,19.878518521333334,14.716666666666669,62.406666666666666,0,5.1764362714980825,70.66250196097344,1,4,10,0.2588190451025207,0.9659258262890684,-0.433883739117558,-0.9009688679024191,-0.8660254037844386,0.5000000000000001,0.0,0.0,0.0,9.875,19.625,99.25,78.75,9.55,8.994824,0.0,13.125,19.833333302,62.01,62.0,61.76,61.81333333333334,62.5,-5.161851854666667,-0.0114814886666678,-0.1533333333333342,14.87,14.56,19.900864190444448,14.877555555555558,10.704296,10.643414,10.669218,10.652387,10.691942,0,4.0,0,0.0,-0.54,11.0,89.0
2022-10-07 01:30:00,46.538971766664,0.0,0.0,19.833333302,14.56,62.5,0,5.1764362714980825,70.66250196097344,1,4,10,0.2588190451025207,0.9659258262890684,-0.433883739117558,-0.9009688679024191,-0.8660254037844386,0.5000000000000001,0.0,0.0,0.0,10.35,20.15,99.5,78.5,9.5,8.980142,0.0,13.15,19.78814816,62.406666666666666,62.01,62.0,61.76,62.5,-5.273333301999996,-0.0451852193333373,-0.1566666666666663,14.716666666666669,14.42,19.867283944444445,14.71555555555556,10.691942,10.704296,10.643414,10.669218,10.663649,0,4.0,0,0.0,-0.55,11.3,88.7
2022-10-07 01:45:00,49.049426894442,0.0,0.0,19.78814816,14.42,62.5,0,5.1764362714980825,70.66250196097344,1,4,10,0.2588190451025207,0.9659258262890684,-0.433883739117558,-0.9009688679024191,-0.8660254037844386,0.5000000000000001,0.0,0.0,0.0,10.825,20.675,99.75,78.25,9.45,8.965388,0.0,13.175,19.776666688,62.5,62.406666666666666,62.01,62.0,62.5,-5.368148159999999,-0.0451851419999975,-0.1400000000000005,14.56,14.390000000000002,19.833333327777776,14.565555555555555,10.663649,10.691942,10.704296,10.643414,10.656468,0,4.0,0,0.0,-0.56,11.5,88.5
2022-10-07 02:00:00,37.069628505546,0.0,0.0,19.776666688,14.390000000000002,62.5,0,5.1764362714980825,70.66250196097344,2,4,10,0.4999999999999999,0.8660254037844387,-0.433883739117558,-0.9009688679024191,-0.8660254037844386,0.5000000000000001,0.0,0.0,0.0,11.3,21.2,100.0,78.0,9.4,8.950564,0.0,13.2,19.732592578666665,62.5,62.5,62.406666666666666,62.01,62.5,-5.3866666879999965,-0.0114814719999998,-0.0299999999999975,14.42,14.390000000000002,19.799382716666663,14.456666666666669,10.656468,10.663649,10.691942,10.704296,10.628945,0,4.0,0,0.0,-0.56,11.6,88.4
2022-10-07 02:15:00,417.166923888884,0.0,0.0,19.732592578666665,14.390000000000002,62.5,0,5.1764362714980825,70.66250196097344,2,4,10,0.4999999999999999,0.8660254037844387,-0.433883739117558,-0.9009688679024191,-0.8660254037844386,0.5000000000000001,0.0,0.0,0.0,11.45,21.475,99.75,77.75,9.475,8.991034,0.0,13.325,19.72111109,62.5,62.5,62.5,62.406666666666666,62.25,-5.342592578666663,-0.0440741093333336,0.0,14.390000000000002,14.390000000000002,19.76580247555556,14.400000000000004,10.628945,10.656468,10.663649,10.691942,10.579302,0,4.0,0,0.0,-0.57,11.9,88.1
2022-10-07 02:30:00,39.68646814444,0.0,0.0,19.72111109,14.390000000000002,62.25,0,5.1764362714980825,70.66250196097344,2,4,10,0.4999999999999999,0.8660254037844387,-0.433883739117558,-0.9009688679024191,-0.8660254037844386,0.5000000000000001,0.0,0.0,0.0,11.6,21.75,99.5,77.5,9.55,9.031522,0.0,13.45,19.67703706,62.5,62.5,62.5,62.5,62.0,-5.331111089999999,-0.0114814886666643,0.0,14.390000000000002,14.382,19.743456785555555,14.390000000000002,10.579302,10.628945,10.656468,10.663649,10.509591,0,4.0,0,0.0,-0.58,12.0,88.0
2022-10-07 02:45:00,40.040898483326,0.0,0.0,19.67703706,14.382,62.0,0,5.1764362714980825,70.66250196097344,2,4,10,0.4999999999999999,0.8660254037844387,-0.433883739117558,-0.9009688679024191,-0.8660254037844386,0.5000000000000001,0.0,0.0,0.0,11.75,22.025,99.25,77.25,9.625,9.072029,0.0,13.575,19.665555588,62.25,62.5,62.5,62.5,62.0,-5.295037059999999,-0.0440740300000008,-0.0080000000000008,14.390000000000002,14.282,19.710246909555558,14.387333333333336,10.509591,10.579302,10.628945,10.656468,10.50251,0,4.0,0,0.0,-0.59,12.2,87.8
2022-10-07 03:00:00,42.28469762777,0.0,0.0,19.665555588,14.282,62.0,0,5.1764362714980825,70.66250196097344,3,4,10,0.7071067811865476,0.7071067811865476,-0.433883739117558,-0.9009688679024191,-0.8660254037844386,0.5000000000000001,0.0,0.0,0.0,11.9,22.3,99.0,77.0,9.7,9.112552,0.0,13.7,19.63185185733333,62.0,62.25,62.5,62.5,62.0,-5.383555588,-0.0114814719999998,-0.1000000000000014,14.382,14.158,19.687901246,14.351333333333336,10.50251,10.509591,10.579302,10.628945,10.481743,0,4.0,0,0.0,-0.59,12.3,87.7
2022-10-07 03:15:00,41.772218011108,0.0,0.0,19.63185185733333,14.158,62.0,0,5.1764362714980825,70.66250196097344,3,4,10,0.7071067811865476,0.7071067811865476,-0.433883739117558,-0.9009688679024191,-0.8660254037844386,0.5000000000000001,0.0,0.0,0.0,12.075,22.925,94.75,76.0,9.65,9.07759,0.0,13.85,19.664444476000003,62.0,62.0,62.25,62.5,61.99,-5.473851857333335,-0.0337037306666658,-0.1240000000000005,14.282,14.032,19.658148168444445,14.274,10.481743,10.50251,10.509591,10.579302,10.50013,0,4.0,0,0.0,-0.6,12.5,87.5
2022-10-07 03:30:00,39.07899244444,0.0,0.0,19.664444476000003,14.032,61.99,0,5.1764362714980825,70.66250196097344,3,4,10,0.7071067811865476,0.7071067811865476,-0.433883739117558,-0.9009688679024191,-0.8660254037844386,0.5000000000000001,0.0,0.0,0.0,12.25,23.55,90.5,75.0,9.6,9.041094,0.0,14.0,19.621481478666663,62.0,62.0,62.0,62.25,61.59333333333333,-5.632444476000003,0.0325926186666691,-0.1259999999999994,14.158,13.897333333333334,19.65395064044445,14.157333333333334,10.50013,10.481743,10.50251,10.509591,10.406653,0,4.0,0,0.0,-0.59,12.3,87.7
2022-10-07 03:45:00,46.504251038882,0.0,0.0,19.621481478666663,13.897333333333334,61.59333333333333,0,5.1764362714980825,70.66250196097344,3,4,10,0.7071067811865476,0.7071067811865476,-0.433883739117558,-0.9009688679024191,-0.8660254037844386,0.5000000000000001,0.0,0.0,0.0,12.425,24.175,86.25,74.0,9.55,9.003045,0.0,14.15,19.6111111,61.99,62.0,62.0,62.0,61.5,-5.7241481453333325,-0.0429629973333369,-0.134666666666666,14.032,13.65,19.639259270666667,14.029111111111112,10.406653,10.50013,10.481743,10.50251,10.384558,0,4.0,0,0.0,-0.6,12.6,87.4
2022-10-07 04:00:00,34.22140900555,0.0,0.0,19.6111111,13.65,61.5,0,5.1764362714980825,70.66250196097344,4,4,10,0.8660254037844386,0.5000000000000001,-0.433883739117558,-0.9009688679024191,-0.8660254037844386,0.5000000000000001,0.0,0.0,0.0,12.6,24.8,82.0,73.0,9.5,8.963422,0.0,14.3,19.60074074,61.59333333333333,61.99,62.0,62.0,61.5,-5.961111099999998,-0.0103703786666677,-0.2473333333333336,13.897333333333334,13.372000000000002,19.63234568488889,13.85977777777778,10.384558,10.406653,10.50013,10.481743,10.378234,0,4.0,0,0.0,-0.61,12.7,87.3
2022-10-07 04:15:00,50.722137816662,0.0,0.0,19.60074074,13.372000000000002,61.5,0,5.1764362714980825,70.66250196097344,4,4,10,0.8660254037844386,0.5000000000000001,-0.433883739117558,-0.9009688679024191,-0.8660254037844386,0.5000000000000001,0.0,0.0,0.0,12.4,24.725,64.25,73.5,9.35,8.887515,0.0,14.05,19.58333335,61.5,61.59333333333333,61.99,62.0,61.25,-6.228740739999997,-0.0103703599999995,-0.2779999999999987,13.65,13.094666666666669,19.61111110622222,13.63977777777778,10.378234,10.384558,10.406653,10.50013,10.32548,0,4.0,0,0.0,-0.61,12.8,87.2
2022-10-07 04:30:00,32.73924587778,0.0,0.0,19.58333335,13.094666666666669,61.25,0,5.1764362714980825,70.66250196097344,4,4,10,0.8660254037844386,0.5000000000000001,-0.433883739117558,-0.9009688679024191,-0.8660254037844386,0.5000000000000001,0.0,0.0,0.0,12.2,24.65,46.5,74.0,9.2,8.811573,0.0,13.8,19.56592596,61.5,61.5,61.59333333333333,61.99,61.0,-6.48866668333333,-0.0174073900000024,-0.2773333333333347,13.372000000000002,12.826,19.59839506333333,13.372222222222224,10.32548,10.378234,10.384558,10.406653,10.272825,0,4.0,0,0.0,-0.61,12.9,87.1
2022-10-07 04:45:00,48.198072016666,0.0,0.0,19.56592596,12.826,61.0,0,5.1764362714980825,70.66250196097344,4,4,10,0.8660254037844386,0.5000000000000001,-0.433883739117558,-0.9009688679024191,-0.8660254037844386,0.5000000000000001,0.0,0.0,0.0,12.0,24.575,28.750000000000007,74.5,9.05,8.73561,0.0,13.55,19.5555556,61.25,61.5,61.5,61.59333333333333,61.0,-6.7399259600000025,-0.0174073899999953,-0.2686666666666681,13.094666666666669,12.658666666666669,19.58333335,13.09755555555556,10.272825,10.32548,10.378234,10.384558,10.266569,0,4.0,0,0.0,-0.62,13.1,86.9
2022-10-07 05:00:00,35.872454011108,0.0,0.0,19.5555556,12.658666666666669,61.0,0,5.1764362714980825,70.66250196097344,5,4,10,0.9659258262890684,0.2588190451025207,-0.433883739117558,-0.9009688679024191,-0.8660254037844386,0.5000000000000001,0.0,0.0,0.0,11.8,24.5,11.0,75.0,8.9,8.659645,0.0,13.3,19.5555556,61.0,61.25,61.5,61.5,61.0,-6.896888933333335,-0.0103703599999995,-0.1673333333333317,12.826,12.518666666666666,19.568271636666665,12.85977777777778,10.266569,10.272825,10.32548,10.378234,10.266569,0,4.0,0,0.0,-0.62,13.1,86.9
2022-10-07 05:15:00,39.982567449994,0.0,0.0,19.5555556,12.518666666666666,61.0,0,5.1764362714980825,70.66250196097344,5,4,10,0.9659258262890684,0.2588190451025207,-0.433883739117558,-0.9009688679024191,-0.8660254037844386,0.5000000000000001,0.0,0.0,0.0,11.975,24.05,27.25,75.5,8.8,8.610286,0.0,13.1,19.527777800000003,61.0,61.0,61.25,61.5,60.99,-7.036888933333335,0.0,-0.1400000000000005,12.658666666666669,12.378666666666668,19.55901238666667,12.667777777777776,10.266569,10.266569,10.272825,10.32548,10.248141,0,4.0,0,0.0,-0.62,13.1,86.9
2022-10-07 05:30:00,44.154067000004,0.0,0.0,19.527777800000003,12.378666666666668,60.99,0,5.1764362714980825,70.66250196097344,5,4,10,0.9659258262890684,0.2588190451025207,-0.433883739117558,-0.9009688679024191,-0.8660254037844386,0.5000000000000001,0.0,0.0,0.0,12.15,23.6,43.5,76.0,8.7,8.560664,0.0,12.9,19.5,61.0,61.0,61.0,61.25,60.59333333333333,-7.149111133333335,-0.027777799999999,-0.1399999999999988,12.518666666666666,12.284666666666668,19.54629633333333,12.518666666666668,10.248141,10.266569,10.266569,10.272825,10.164879,0,4.0,0,0.0,-0.63,13.3,86.7
2022-10-07 05:45:00,33.018957005554,0.0,0.0,19.5,12.284666666666668,60.59333333333333,0,5.1764362714980825,70.66250196097344,5,4,10,0.9659258262890684,0.2588190451025207,-0.433883739117558,-0.9009688679024191,-0.8660254037844386,0.5000000000000001,0.0,0.0,0.0,12.325,23.15,59.75,76.5,8.6,8.510789,0.0,12.7,19.5,60.99,61.0,61.0,61.0,60.5,-7.215333333333332,-0.0277778000000026,-0.0939999999999994,12.378666666666668,12.69,19.5277778,12.394,10.164879,10.248141,10.266569,10.266569,10.14922,0,4.0,0,0.0,-0.64,13.6,86.4
2022-10-07 06:00:00,50.942406655556,0.0,0.0,19.5,12.69,60.5,0,5.1764362714980825,70.66250196097344,6,4,10,1.0,6.123233995736766e-17,-0.433883739117558,-0.9009688679024191,-0.8660254037844386,0.5000000000000001,0.0,0.0,0.0,12.5,22.7,76.0,77.0,8.5,8.460674,0.0,12.5,19.48962962133333,60.59333333333333,60.99,61.0,61.0,60.5,-6.8100000000000005,0.0,0.4053333333333313,12.284666666666668,13.233333333333333,19.509259266666668,12.451111111111112,10.14922,10.164879,10.248141,10.266569,10.143034,0,4.0,0,0.0,-0.64,13.6,86.4
2022-10-07 06:15:00,31.774284661106,0.0,0.0,19.48962962133333,13.233333333333333,60.5,0,5.1764362714980825,70.66250196097344,6,4,10,1.0,6.123233995736766e-17,-0.433883739117558,-0.9009688679024191,-0.8660254037844386,0.5000000000000001,0.0,0.0,0.0,12.5,23.05,63.5,76.5,8.475,8.444996,0.0,12.575,19.444444402,60.5,60.59333333333333,60.99,61.0,60.5,-6.256296288,-0.0103703786666677,0.543333333333333,12.69,13.775333333333332,19.496543207111117,12.736000000000002,10.143034,10.14922,10.164879,10.248141,10.116119,0,4.0,0,0.0,-0.64,13.6,86.4
2022-10-07 06:30:00,46.961177077776,0.0,0.0,19.444444402,13.775333333333332,60.5,0,5.1764362714980825,70.66250196097344,6,4,10,1.0,6.123233995736766e-17,-0.433883739117558,-0.9009688679024191,-0.8660254037844386,0.5000000000000001,0.0,0.0,0.0,12.5,23.4,51.0,76.0,8.45,8.428966,0.0,12.65,19.39925926,60.5,60.5,60.59333333333333,60.99,60.5,-5.669111068666666,-0.0451852193333337,0.5419999999999998,13.233333333333333,14.301333333333334,19.478024674444445,13.232888888888889,10.116119,10.143034,10.14922,10.164879,10.089267,0,4.0,0,0.0,-0.65,13.9,86.1
2022-10-07 06:45:00,36.123555,0.0,0.0,19.39925926,14.301333333333334,60.5,0,5.1764362714980825,70.66250196097344,6,4,10,1.0,6.123233995736766e-17,-0.433883739117558,-0.9009688679024191,-0.8660254037844386,0.5000000000000001,0.0,0.0,0.0,12.5,23.75,38.5,75.5,8.425,8.412576,0.0,12.725,19.387777788,60.5,60.5,60.5,60.59333333333333,60.5,-5.097925926666667,-0.0451851419999975,0.5260000000000016,13.775333333333332,14.654,19.44444442777778,13.77,10.089267,10.116119,10.143034,10.14922,10.082455,0,4.0,0,0.0,-0.66,14.2,85.8
2022-10-07 07:00:00,41.327791205558,0.0,0.0,19.387777788,14.654,60.5,0,5.1764362714980825,70.66250196097344,7,4,10,0.9659258262890684,-0.2588190451025206,-0.433883739117558,-0.9009688679024191,-0.8660254037844386,0.5000000000000001,0.0,0.0,0.0,12.5,24.1,26.0,75.0,8.4,8.395828,0.0,12.8,19.343703678666667,60.5,60.5,60.5,60.5,60.5,-4.733777788000001,-0.0114814719999998,0.352666666666666,14.301333333333334,14.96,19.410493816666666,14.243555555555554,10.082455,10.089267,10.116119,10.143034,10.056337,0,4.0,0,0.0,-0.67,14.3,85.7
2022-10-07 07:15:00,41.699720911108,0.0,0.0,19.343703678666667,14.96,60.5,0,5.1764362714980825,70.66250196097344,7,4,10,0.9659258262890684,-0.2588190451025206,-0.433883739117558,-0.9009688679024191,-0.8660254037844386,0.5000000000000001,8.0,2.0,0.6666666666666666,12.825,25.1,38.5,76.5,8.775,8.603647,0.0,12.875,19.3333333,60.5,60.5,60.5,60.5,60.5,-4.3837036786666665,-0.0440741093333336,0.3060000000000009,14.654,15.264,19.37691357555556,14.638444444444444,10.056337,10.082455,10.089267,10.116119,10.050199,0,4.0,0,0.0,-0.68,14.6,85.4
2022-10-07 07:30:00,38.89733296111,0.0,0.0,19.3333333,15.264,60.5,0,5.1764362714980825,70.66250196097344,7,4,10,0.9659258262890684,-0.2588190451025206,-0.433883739117558,-0.9009688679024191,-0.8660254037844386,0.5000000000000001,16.0,6.0,2.0,13.15,26.1,51.0,78.0,9.15,8.813195,0.0,12.95,19.3333333,60.5,60.5,60.5,60.5,60.5,-4.069333299999999,-0.0103703786666677,0.3040000000000002,14.96,15.55,19.35493825555556,14.959333333333335,10.050199,10.056337,10.082455,10.089267,10.050199,0,4.0,0,0.0,-0.68,14.7,85.3
2022-10-07 07:45:00,51.897646361106,0.0,0.0,19.3333333,15.55,60.5,0,5.1764362714980825,70.66250196097344,7,4,10,0.9659258262890684,-0.2588190451025206,-0.433883739117558,-0.9009688679024191,-0.8660254037844386,0.5000000000000001,24.0,12.0,4.0,13.475,27.1,63.5,79.5,9.525,9.0244875,0.0,13.025,19.3333333,60.5,60.5,60.5,60.5,60.75,-3.783333299999999,0.0,0.2859999999999996,15.264,15.609999999999998,19.33679009288889,15.258000000000004,10.050199,10.050199,10.056337,10.082455,10.091729,0,4.0,0,0.0,-0.68,14.7,85.3
2022-10-07 08:00:00,48.181406099996,0.0,0.0,19.3333333,15.609999999999998,60.75,0,5.1764362714980825,70.66250196097344,8,4,10,0.8660254037844387,-0.4999999999999998,-0.433883739117558,-0.9009688679024191,-0.8660254037844386,0.5000000000000001,32.0,20.0,6.666666666666667,13.8,28.1,76.0,81.0,9.9,9.237527,0.0,13.1,19.3333333,60.5,60.5,60.5,60.5,61.0,-3.723333300000002,0.0,0.0599999999999969,15.55,15.609999999999998,19.3333333,15.47466666666667,10.091729,10.050199,10.050199,10.056337,10.133259,0,4.0,0,0.0,-0.68,14.7,85.3
2022-10-07 08:15:00,34.859438883334,0.0,0.0,19.3333333,15.609999999999998,61.0,0,5.1764362714980825,70.66250196097344,8,4,10,0.8660254037844387,-0.4999999999999998,-0.433883739117558,-0.9009688679024191,-0.8660254037844386,0.5000000000000001,58.0,32.5,11.5,14.25,29.450000000000003,78.5,80.75,10.125,9.366821,0.025,13.375,19.33222219,60.75,60.5,60.5,60.5,61.0,-3.723333300000002,0.0,0.0,15.609999999999998,15.609999999999998,19.3333333,15.589999999999998,10.133259,10.091729,10.050199,10.050199,10.132598,0,4.0,0,0.0,-0.68,14.6,85.4
2022-10-07 08:30:00,37.338784188888,0.0,0.0,19.33222219,15.609999999999998,61.0,0,5.1764362714980825,70.66250196097344,8,4,10,0.8660254037844387,-0.4999999999999998,-0.433883739117558,-0.9009688679024191,-0.8660254037844386,0.5000000000000001,84.0,49.5,18.5,14.7,30.8,81.0,80.5,10.35,9.4974785,0.05,13.65,19.28814816,61.0,60.75,60.5,60.5,61.0,-3.722222190000002,-0.00111111,0.0,15.609999999999998,15.578,19.33296293,15.609999999999998,10.132598,10.133259,10.091729,10.050199,10.106338,0,4.0,0,0.0,-0.68,14.6,85.4
2022-10-07 08:45:00,36.380766977776,0.0,0.0,19.28814816,15.578,61.0,0,5.1764362714980825,70.66250196097344,8,4,10,0.8660254037844387,-0.4999999999999998,-0.433883739117558,-0.9009688679024191,-0.8660254037844386,0.5000000000000001,110.0,71.0,27.666666666666668,15.15,32.15,83.5,80.25,10.575,9.629506,0.075,13.925,19.276666688,61.0,61.0,60.75,60.5,61.01,-3.7101481599999993,-0.0440740300000008,-0.0319999999999982,15.609999999999998,15.194,19.317901216666662,15.599333333333334,10.106338,10.132598,10.133259,10.091729,10.101163,0,4.0,0,0.0,-0.69,14.9,85.1
2022-10-07 09:00:00,36.453819672218,0.0,0.0,19.276666688,15.194,61.01,0,5.1764362714980825,70.66250196097344,9,4,10,0.7071067811865476,-0.7071067811865475,-0.433883739117558,-0.9009688679024191,-0.8660254037844386,0.5000000000000001,136.0,97.0,39.0,15.6,33.5,86.0,80.0,10.8,9.762909,0.1,14.2,19.232592578666665,61.0,61.0,61.0,60.75,61.406666666666666,-4.082666688,-0.0114814719999998,-0.3840000000000003,15.578,14.902,19.299012346,15.460666666666668,10.101163,10.106338,10.132598,10.133259,10.140476,0,4.0,0,0.0,-0.69,15.0,85.0
2022-10-07 09:15:00,38.945108866664,0.0,0.0,19.232592578666665,14.902,61.406666666666666,0,5.1764362714980825,70.66250196097344,9,4,10,0.7071067811865476,-0.7071067811865475,-0.433883739117558,-0.9009688679024191,-0.8660254037844386,0.5000000000000001,158.25,122.0625,52.1875,16.65,35.925,89.5,80.5,10.975,9.869192,0.175,14.275,19.22111109,61.01,61.0,61.0,61.0,61.5,-4.330592578666666,-0.0440741093333336,-0.2919999999999998,15.194,14.736,19.26580247555556,15.224666666666666,10.140476,10.101163,10.106338,10.132598,10.149023,0,4.0,0,0.0,-0.7,15.3,84.7
2022-10-07 09:30:00,31.19347454444,0.0,0.0,19.22111109,14.736,61.5,0,5.1764362714980825,70.66250196097344,9,4,10,0.7071067811865476,-0.7071067811865475,-0.433883739117558,-0.9009688679024191,-0.8660254037844386,0.5000000000000001,180.5,146.1875,67.22916666666667,17.7,38.35,93.0,81.0,11.15,9.976217,0.25,14.35,19.17703706,61.406666666666666,61.01,61.0,61.0,61.406666666666666,-4.485111090000002,-0.0114814886666643,-0.1660000000000003,14.902,14.572,19.243456785555555,14.944,10.149023,10.140476,10.101163,10.106338,10.107337,0,4.0,0,0.0,-0.7,15.3,84.7
2022-10-07 09:45:00,44.035738683326,0.0,0.0,19.17703706,14.572,61.406666666666666,0,5.1764362714980825,70.66250196097344,9,4,10,0.7071067811865476,-0.7071067811865475,-0.433883739117558,-0.9009688679024191,-0.8660254037844386,0.5000000000000001,202.75,169.375,84.125,18.75,40.775000000000006,96.5,81.5,11.325,10.083993,0.325,14.425,19.1666667,61.5,61.406666666666666,61.01,61.0,61.01,-4.605037059999999,-0.0440740300000008,-0.1639999999999979,14.736,14.406,19.210246909555558,14.736666666666666,10.107337,10.149023,10.140476,10.101163,10.035911,0,4.0,0,0.0,-0.71,15.7,84.3
2022-10-07 10:00:00,384.031582405562,0.0,0.0,19.1666667,14.406,61.01,0,5.1764362714980825,70.66250196097344,10,4,10,0.4999999999999999,-0.8660254037844387,-0.433883739117558,-0.9009688679024191,-0.8660254037844386,0.5000000000000001,225.0,191.625,102.875,19.8,43.2,100.0,82.0,11.5,10.192519,0.4,14.5,19.1666667,61.406666666666666,61.5,61.406666666666666,61.01,61.0,-4.7606667,-0.0103703599999995,-0.1660000000000003,14.572,14.242,19.188271616666665,14.571333333333332,10.035911,10.107337,10.149023,10.140476,10.034266,0,4.0,0,0.0,-0.72,15.8,84.2
2022-10-07 10:15:00,43.9157433,0.0,0.0,19.1666667,14.242,61.0,0,5.1764362714980825,70.66250196097344,10,4,10,0.4999999999999999,-0.8660254037844387,-0.433883739117558,-0.9009688679024191,-0.8660254037844386,0.5000000000000001,196.5,201.1875,118.58333333333331,19.55,44.0,100.0,82.75,11.275,10.052167,0.35,14.125,19.1388889,61.01,61.406666666666666,61.5,61.406666666666666,60.75,-4.924666700000001,0.0,-0.1640000000000014,14.406,14.076,19.170123486666665,14.406666666666668,10.034266,10.035911,10.107337,10.149023,9.976792,0,4.0,0,0.0,-0.72,15.8,84.2
2022-10-07 10:30:00,32.873962805554,0.0,0.0,19.1388889,14.076,60.75,0,5.1764362714980825,70.66250196097344,10,4,10,0.4999999999999999,-0.8660254037844387,-0.433883739117558,-0.9009688679024191,-0.8660254037844386,0.5000000000000001,168.0,198.0625,131.25,19.3,44.8,100.0,83.5,11.05,9.91225,0.3,13.75,19.10074074,61.0,61.01,61.406666666666666,61.5,60.5,-5.062888899999999,-0.0277778000000026,-0.1660000000000003,14.242,13.922666666666666,19.157407433333333,14.241333333333335,9.976792,10.034266,10.035911,10.107337,9.91341,0,4.0,0,0.0,-0.72,16.0,84.0
2022-10-07 10:45:00,34.211964783334,0.0,0.0,19.10074074,13.922666666666666,60.5,0,5.1764362714980825,70.66250196097344,10,4,10,0.4999999999999999,-0.8660254037844387,-0.433883739117558,-0.9009688679024191,-0.8660254037844386,0.5000000000000001,139.5,182.25,140.875,19.05,45.6,100.0,84.25,10.825,9.772813,0.25,13.375,19.08333335,60.75,61.0,61.01,61.406666666666666,60.49,-5.178074073333333,-0.0381481599999986,-0.1533333333333324,14.076,13.890000000000002,19.135432113333334,14.080222222222224,9.91341,9.976792,10.034266,10.035911,9.901603,0,4.0,0,0.0,-0.73,16.4,83.6
2022-10-07 11:00:00,41.63916778333,0.0,0.0,19.08333335,13.890000000000002,60.49,0,5.1764362714980825,70.66250196097344,11,4,10,0.258819045102521,-0.9659258262890682,-0.433883739117558,-0.9009688679024191,-0.8660254037844386,0.5000000000000001,111.0,153.75,147.45833333333334,18.8,46.4,100.0,85.0,10.6,9.633904,0.2,13.0,19.07629632,60.5,60.75,61.0,61.01,60.09333333333333,-5.193333349999994,-0.0174073900000024,-0.0326666666666639,13.922666666666666,13.890000000000002,19.10765433,13.962888888888893,9.901603,9.91341,9.976792,10.034266,9.832589,0,4.0,0,0.0,-0.74,16.5,83.5
2022-10-07 11:15:00,27.975269827778,0.0,0.0,19.07629632,13.890000000000002,60.09333333333333,0,5.1764362714980825,70.66250196097344,11,4,10,0.258819045102521,-0.9659258262890682,-0.433883739117558,-0.9009688679024191,-0.8660254037844386,0.5000000000000001,117.0,133.875,152.375,18.25,45.5,100.0,84.75,10.4,9.531492,0.175,12.875,19.10888888,60.49,60.5,60.75,61.0,59.75,-5.186296319999995,-0.0070370299999993,0.0,13.890000000000002,13.890000000000002,19.086790136666664,13.900888888888892,9.832589,9.901603,9.91341,9.976792,9.795223,0,4.0,0,0.0,-0.74,16.6,83.4
2022-10-07 11:30:00,214.498641994442,0.0,0.0,19.10888888,13.890000000000002,59.75,0,5.1764362714980825,70.66250196097344,11,4,10,0.258819045102521,-0.9659258262890682,-0.433883739117558,-0.9009688679024191,-0.8660254037844386,0.5000000000000001,123.0,122.625,155.625,17.700000000000003,44.6,100.0,84.5,10.2,9.430014,0.15,12.75,19.06592596,60.09333333333333,60.49,60.5,60.75,59.406666666666666,-5.218888879999996,0.0325925600000012,0.0,13.890000000000002,13.88,19.08950618333333,13.890000000000002,9.795223,9.832589,9.901603,9.91341,9.714293,0,4.0,0,0.0,-0.74,16.4,83.6
2022-10-07 11:45:00,561.758362199996,0.0,0.0,19.06592596,13.88,59.406666666666666,0,5.1764362714980825,70.66250196097344,11,4,10,0.258819045102521,-0.9659258262890682,-0.433883739117558,-0.9009688679024191,-0.8660254037844386,0.5000000000000001,129.0,120.0,157.20833333333334,17.150000000000002,43.7,100.0,84.25,10.0,9.329461,0.125,12.625,19.05666671,59.75,60.09333333333333,60.49,60.5,59.0,-5.1859259600000005,-0.0429629199999972,-0.0100000000000015,13.890000000000002,13.76,19.08370372,13.88666666666667,9.714293,9.795223,9.832589,9.901603,9.642525,0,4.0,0,0.0,-0.75,16.8,83.2
2022-10-07 12:00:00,40.543933744444,0.0,0.0,19.05666671,13.76,59.0,0,5.1764362714980825,70.66250196097344,12,4,10,1.2246467991473532e-16,-1.0,-0.433883739117558,-0.9009688679024191,-0.8660254037844386,0.5000000000000001,135.0,126.0,157.125,16.6,42.8,100.0,84.0,9.8,9.229826,0.1,12.5,19.10074074,59.406666666666666,59.75,60.09333333333333,60.49,58.5,-5.296666710000002,-0.0092592499999994,-0.120000000000001,13.88,13.606666666666666,19.077160516666662,13.843333333333335,9.642525,9.714293,9.795223,9.832589,9.585693,0,4.0,0,0.0,-0.75,17.0,83.0
2022-10-07 12:15:00,37.188234711108,0.0,0.0,19.10074074,13.606666666666666,58.5,0,5.1764362714980825,70.66250196097344,12,4,10,1.2246467991473532e-16,-1.0,-0.433883739117558,-0.9009688679024191,-0.8660254037844386,0.5000000000000001,164.75,137.9375,157.66666666666666,17.075,42.275,100.0,81.5,9.5,9.052996,0.1,12.675,19.112222212,59.0,59.406666666666666,59.75,60.09333333333333,57.75,-5.4940740733333335,0.0440740299999973,-0.1533333333333342,13.76,13.45,19.074444470000003,13.74888888888889,9.585693,9.642525,9.714293,9.795223,9.469212,0,4.0,0,0.0,-0.75,16.7,83.3
2022-10-07 12:30:00,32.988680416666,0.0,0.0,19.112222212,13.45,57.75,0,5.1764362714980825,70.66250196097344,12,4,10,1.2246467991473532e-16,-1.0,-0.433883739117558,-0.9009688679024191,-0.8660254037844386,0.5000000000000001,194.5,155.8125,158.83333333333334,17.55,41.75,100.0,79.0,9.2,8.871058,0.1,12.85,19.156296321333333,58.5,59.0,59.406666666666666,59.75,57.0,-5.662222212,0.0114814719999998,-0.1566666666666663,13.606666666666666,13.31,19.089876554,13.605555555555554,9.469212,9.585693,9.642525,9.714293,9.37055,0,4.0,0,0.0,-0.75,16.7,83.3
2022-10-07 12:45:00,42.399970666664,0.0,0.0,19.156296321333333,13.31,57.0,0,5.1764362714980825,70.66250196097344,12,4,10,1.2246467991473532e-16,-1.0,-0.433883739117558,-0.9009688679024191,-0.8660254037844386,0.5000000000000001,224.25,179.625,160.625,18.025,41.225,100.0,76.5,8.9,8.68394,0.1,13.025,19.152222244,57.75,58.5,59.0,59.406666666666666,56.38,-5.846296321333332,0.0440741093333336,-0.1399999999999988,13.45,13.282666666666666,19.123086424444445,13.455555555555556,9.37055,9.469212,9.585693,9.642525,9.266401,0,4.0,0,0.0,-0.74,16.5,83.5
2022-10-07 13:00:00,33.30338997778,0.0,0.0,19.152222244,13.282666666666666,56.38,0,5.1764362714980825,70.66250196097344,13,4,10,-0.2588190451025208,-0.9659258262890684,-0.433883739117558,-0.9009688679024191,-0.8660254037844386,0.5000000000000001,254.0,209.375,163.04166666666666,18.5,40.7,100.0,74.0,8.6,8.491562,0.1,13.2,19.126666668,57.0,57.75,58.5,59.0,56.04666666666667,-5.869555577333331,-0.0040740773333354,-0.0273333333333347,13.31,13.425333333333333,19.140246925777777,13.347555555555555,9.266401,9.37055,9.469212,9.585693,9.197746,0,4.0,0,0.0,-0.74,16.7,83.3
2022-10-07 13:15:00,68.213104666668,0.0,0.0,19.126666668,13.425333333333333,56.04666666666667,0,5.1764362714980825,70.66250196097344,13,4,10,-0.2588190451025208,-0.9659258262890684,-0.433883739117558,-0.9009688679024191,-0.8660254037844386,0.5000000000000001,221.25,223.5,165.10416666666666,18.175,41.05,100.0,71.75,8.0,8.157352,0.1,13.05,19.198888894,56.38,57.0,57.75,58.5,55.715,-5.701333334666666,-0.0255555759999985,0.1426666666666669,13.282666666666666,13.643333333333334,19.145061744444444,13.339333333333334,9.197746,9.266401,9.37055,9.469212,9.182325,0,4.0,0,0.0,-0.75,16.9,83.1
2022-10-07 13:30:00,55.076685961102,0.0,0.0,19.198888894,13.643333333333334,55.715,0,5.1764362714980825,70.66250196097344,13,4,10,-0.2588190451025208,-0.9659258262890684,-0.433883739117558,-0.9009688679024191,-0.8660254037844386,0.5000000000000001,188.5,222.0,166.8125,17.85,41.400000000000006,100.0,69.5,7.4,7.8285017,0.1,12.9,19.5,56.04666666666667,56.38,57.0,57.75,53.75,-5.555555560666665,0.0722222260000009,0.2180000000000017,13.425333333333333,13.846666666666666,19.159259268666663,13.450444444444445,9.182325,9.197746,9.266401,9.37055,9.01687,0,4.0,0,0.0,-0.74,16.4,83.6
2022-10-07 13:45:00,48.88610006111,0.0,0.0,19.5,13.846666666666666,53.75,0,5.1764362714980825,70.66250196097344,13,4,10,-0.2588190451025208,-0.9659258262890684,-0.433883739117558,-0.9009688679024191,-0.8660254037844386,0.5000000000000001,155.75,204.875,168.16666666666666,17.525,41.75,100.0,67.25,6.8,7.5049515,0.1,12.75,19.910000032000003,55.715,56.04666666666667,56.38,57.0,51.785,-5.653333333333334,0.3011111060000004,0.2033333333333313,13.643333333333334,13.890000000000002,19.27518518733333,13.638444444444444,9.01687,9.182325,9.197746,9.266401,8.898815,0,4.0,0,0.0,-0.68,14.6,85.4
2022-10-07 14:00:00,59.426511777776,0.0,0.0,19.910000032000003,13.890000000000002,51.785,0,5.1764362714980825,70.66250196097344,14,4,10,-0.4999999999999997,-0.8660254037844388,-0.433883739117558,-0.9009688679024191,-0.8660254037844386,0.5000000000000001,123.0,172.125,169.16666666666666,17.2,42.1,100.0,65.0,6.2,7.186637,0.1,12.6,20.0,53.75,55.715,56.04666666666667,56.38,51.5,-6.020000032,0.4100000320000028,0.0433333333333365,13.846666666666666,13.890000000000002,19.536296308666667,13.793333333333337,8.898815,9.01687,9.182325,9.197746,8.896621,0,4.0,0,0.0,-0.59,12.3,87.7
2022-10-07 14:15:00,52.141803227774,0.0,0.0,20.0,13.890000000000002,51.5,0,5.1764362714980825,70.66250196097344,14,4,10,-0.4999999999999997,-0.8660254037844388,-0.433883739117558,-0.9009688679024191,-0.8660254037844386,0.5000000000000001,154.0,155.3125,172.25,17.625,42.275,100.0,63.0,5.825,7.0088854,0.075,12.7,19.917777762,51.785,53.75,55.715,56.04666666666667,51.5,-6.109999999999998,0.0899999679999972,0.0,13.890000000000002,13.890000000000002,19.803333344,13.87555555555556,8.896621,8.898815,9.01687,9.182325,8.853875,0,4.0,0,0.0,-0.57,11.8,88.2
2022-10-07 14:30:00,53.254258611112,0.0,0.0,19.917777762,13.890000000000002,51.5,0,5.1764362714980825,70.66250196097344,14,4,10,-0.4999999999999997,-0.8660254037844388,-0.433883739117558,-0.9009688679024191,-0.8660254037844386,0.5000000000000001,185.0,154.4375,177.41666666666666,18.05,42.45,100.0,61.0,5.45,6.828607,0.05,12.8,19.89925926,51.5,51.785,53.75,55.715,51.406666666666666,-6.027777761999998,-0.0822222379999999,0.0,13.890000000000002,13.871333333333332,19.942592598,13.890000000000002,8.853875,8.896621,8.898815,9.01687,8.828243,0,4.0,0,0.0,-0.59,12.3,87.7
2022-10-07 14:45:00,56.438853555552,0.0,0.0,19.89925926,13.871333333333332,51.406666666666666,0,5.1764362714980825,70.66250196097344,14,4,10,-0.4999999999999997,-0.8660254037844388,-0.433883739117558,-0.9009688679024191,-0.8660254037844386,0.5000000000000001,216.0,169.5,184.66666666666663,18.475,42.625,100.0,59.0,5.075,6.6457777,0.0249999999999999,12.9,19.969999978,51.5,51.5,51.785,53.75,50.76,-6.0279259266666685,-0.0185185019999991,-0.0186666666666699,13.890000000000002,13.65,19.939012340666668,13.88377777777778,8.828243,8.853875,8.896621,8.898815,8.753393,0,4.0,0,0.0,-0.59,12.4,87.6
2022-10-07 15:00:00,46.417865444444,0.0,0.0,19.969999978,13.65,50.76,0,5.1764362714980825,70.66250196097344,15,4,10,-0.7071067811865471,-0.7071067811865479,-0.433883739117558,-0.9009688679024191,-0.8660254037844386,0.5000000000000001,247.0,200.5,194.0,18.9,42.8,100.0,57.0,4.7,6.460382,0.0,13.0,19.944444418666667,51.406666666666666,51.5,51.5,51.785,50.5,-6.319999977999997,0.0707407179999961,-0.221333333333332,13.871333333333332,13.372000000000002,19.929012333333333,13.80377777777778,8.753393,8.828243,8.853875,8.896621,8.69553,0,4.0,0,0.0,-0.58,12.1,87.9
2022-10-07 15:15:00,71.655189211112,0.0,0.0,19.944444418666667,13.372000000000002,50.5,0,5.1764362714980825,70.66250196097344,15,4,10,-0.7071067811865471,-0.7071067811865479,-0.433883739117558,-0.9009688679024191,-0.8660254037844386,0.5000000000000001,235.25,220.8125,199.875,18.975,42.725,99.75,57.25,4.6,6.4187546,0.0,12.825,19.94555556,50.76,51.406666666666666,51.5,51.5,50.25,-6.572444418666665,-0.0255555593333305,-0.2779999999999987,13.65,13.094666666666669,19.93790121888889,13.631111111111112,8.69553,8.753393,8.828243,8.853875,8.653047,0,4.0,0,0.0,-0.59,12.2,87.8
2022-10-07 15:30:00,58.394330933328,0.0,0.0,19.94555556,13.094666666666669,50.25,0,5.1764362714980825,70.66250196097344,15,4,10,-0.7071067811865471,-0.7071067811865479,-0.433883739117558,-0.9009688679024191,-0.8660254037844386,0.5000000000000001,223.5,230.4375,202.29166666666663,19.05,42.65,99.5,57.5,4.5,6.377178,0.0,12.65,19.979259261333333,50.5,50.76,51.406666666666666,51.5,49.906666666666666,-6.850888893333332,0.0011111413333324,-0.2773333333333347,13.372000000000002,12.826,19.953333318888888,13.372222222222224,8.653047,8.69553,8.753393,8.828243,8.6109085,0,4.0,0,0.0,-0.59,12.3,87.7
2022-10-07 15:45:00,63.550791249998,0.0,0.0,19.979259261333333,12.826,49.906666666666666,0,5.1764362714980825,70.66250196097344,15,4,10,-0.7071067811865471,-0.7071067811865479,-0.433883739117558,-0.9009688679024191,-0.8660254037844386,0.5000000000000001,211.75,229.375,201.25,19.125,42.575,99.25,57.75,4.4,6.3356533,0.0,12.475,19.83333335,50.25,50.5,50.76,51.406666666666666,49.5,-7.153259261333334,0.0337037013333336,-0.2686666666666681,13.094666666666669,12.658666666666669,19.956419746666665,13.097555555555555,8.6109085,8.653047,8.69553,8.753393,8.468019,0,4.0,0,0.0,-0.58,12.1,87.9
2022-10-07 16:00:00,45.512068344444,0.0,0.0,19.83333335,12.658666666666669,49.5,0,5.1764362714980825,70.66250196097344,16,4,10,-0.8660254037844385,-0.5000000000000004,-0.433883739117558,-0.9009688679024191,-0.8660254037844386,0.5000000000000001,200.0,217.625,196.75,19.2,42.5,99.0,58.0,4.3,6.2941837,0.0,12.3,19.6666667,49.906666666666666,50.25,50.5,50.76,49.09333333333333,-7.17466668333333,-0.145925911333336,-0.1673333333333317,12.826,12.518666666666666,19.919382723777776,12.85977777777778,8.468019,8.6109085,8.653047,8.69553,8.316723,0,4.0,0,0.0,-0.62,13.1,86.9
2022-10-07 16:15:00,57.678248311112,0.0,0.0,19.6666667,12.518666666666666,49.09333333333333,0,5.1764362714980825,70.66250196097344,16,4,10,-0.8660254037844385,-0.5000000000000004,-0.433883739117558,-0.9009688679024191,-0.8660254037844386,0.5000000000000001,194.0,207.3125,194.47916666666663,19.35,43.025,99.25,60.0,4.45,6.3806434,0.0,11.975,19.47333336,49.5,49.906666666666666,50.25,50.5,49.0,-7.148000033333334,-0.1666666499999962,-0.1400000000000005,12.658666666666669,12.378666666666668,19.82641977044444,12.66777777777778,8.316723,8.468019,8.6109085,8.653047,8.207152,0,4.0,0,0.0,-0.66,14.2,85.8
2022-10-07 16:30:00,50.622419572218,0.0,0.0,19.47333336,12.378666666666668,49.0,0,5.1764362714980825,70.66250196097344,16,4,10,-0.8660254037844385,-0.5000000000000004,-0.433883739117558,-0.9009688679024191,-0.8660254037844386,0.5000000000000001,188.0,198.4375,194.4375,19.5,43.55,99.5,62.0,4.6,6.4607596,0.0,11.65,19.32296294,49.09333333333333,49.5,49.906666666666666,50.25,49.0,-7.094666693333334,-0.1933333399999988,-0.1399999999999988,12.518666666666666,12.23,19.65777780333333,12.518666666666668,8.207152,8.316723,8.468019,8.6109085,8.134863,0,4.0,0,0.0,-0.71,15.5,84.5
2022-10-07 16:45:00,426.869313494442,0.0,0.0,19.32296294,12.23,49.0,0,5.1764362714980825,70.66250196097344,16,4,10,-0.8660254037844385,-0.5000000000000004,-0.433883739117558,-0.9009688679024191,-0.8660254037844386,0.5000000000000001,182.0,191.0,196.625,19.65,44.075,99.75,64.0,4.75,6.5347257,0.0,11.325,19.19555556,49.0,49.09333333333333,49.5,49.906666666666666,48.99,-7.092962940000001,-0.1503704200000015,-0.1486666666666689,12.378666666666668,11.98,19.48765433333333,12.37577777777778,8.134863,8.207152,8.316723,8.468019,8.0724,0,4.0,0,0.0,-0.74,16.6,83.4
2022-10-07 17:00:00,54.323104872218,0.0,0.0,19.19555556,11.98,48.99,0,5.1764362714980825,70.66250196097344,17,4,10,-0.9659258262890684,-0.2588190451025206,-0.433883739117558,-0.9009688679024191,-0.8660254037844386,0.5000000000000001,176.0,185.0,201.04166666666663,19.8,44.6,100.0,66.0,4.9,6.602729,0.0,11.0,19.10074074,49.0,49.0,49.09333333333333,49.5,48.59333333333333,-7.21555556,-0.127407380000001,-0.25,12.23,11.702,19.330617286666666,12.196222222222223,8.0724,8.134863,8.207152,8.316723,7.962407,0,4.0,0,0.0,-0.77,17.6,82.4
2022-10-07 17:15:00,54.156722511112,0.0,0.0,19.10074074,11.702,48.59333333333333,0,5.1764362714980825,70.66250196097344,17,4,10,-0.9659258262890684,-0.2588190451025206,-0.433883739117558,-0.9009688679024191,-0.8660254037844386,0.5000000000000001,140.5,171.625,199.91666666666663,19.125,44.075,100.0,67.75,4.9750000000000005,6.661424,0.0,10.725,18.973333312,48.99,49.0,49.0,49.09333333333333,48.25,-7.398740739999999,-0.0948148199999998,-0.2779999999999987,11.98,11.424666666666669,19.20641974666667,11.970666666666666,7.962407,8.0724,8.134863,8.207152,7.846939,0,4.0,0,0.0,-0.8,18.4,81.6
2022-10-07 17:30:00,49.281917627774,0.0,0.0,18.973333312,11.424666666666669,48.25,0,5.1764362714980825,70.66250196097344,17,4,10,-0.9659258262890684,-0.2588190451025206,-0.433883739117558,-0.9009688679024191,-0.8660254037844386,0.5000000000000001,105.0,150.875,193.25,18.450000000000003,43.55,100.0,69.5,5.050000000000001,6.7158966,0.0,10.45,18.888888881333333,48.59333333333333,48.99,49.0,49.0,48.0,-7.548666645333334,-0.1274074279999979,-0.277333333333333,11.702,11.158,19.089876537333332,11.702222222222224,7.846939,7.962407,8.0724,8.134863,7.7674527,0,4.0,0,0.0,-0.83,19.5,80.5
2022-10-07 17:45:00,59.005417555552,0.0,0.0,18.888888881333333,11.158,48.0,0,5.1764362714980825,70.66250196097344,17,4,10,-0.9659258262890684,-0.2588190451025206,-0.433883739117558,-0.9009688679024191,-0.8660254037844386,0.5000000000000001,69.50000000000001,122.75,181.04166666666663,17.775000000000002,43.025,100.0,71.25,5.125,6.766259,0.0,10.175,18.833333302,48.25,48.59333333333333,48.99,49.0,47.75,-7.730888881333334,-0.084444430666668,-0.2666666666666675,11.424666666666669,11.002,18.98765431111111,11.428222222222225,7.7674527,7.846939,7.962407,8.0724,7.701675,0,4.0,0,0.0,-0.85,20.3,79.7
2022-10-07 18:00:00,44.383224616666,0.0,0.0,18.833333302,11.002,47.75,0,5.1764362714980825,70.66250196097344,18,4,10,-1.0,-1.8369701987210294e-16,-0.433883739117558,-0.9009688679024191,-0.8660254037844386,0.5000000000000001,34.0,87.25,163.29166666666666,17.1,42.5,100.0,73.0,5.2,6.8126206,0.0,9.9,18.77777778133333,48.0,48.25,48.59333333333333,48.99,47.5,-7.8313333019999956,-0.0555555793333368,-0.1559999999999988,11.158,10.877999999999998,18.89851849844445,11.19488888888889,7.701675,7.7674527,7.846939,7.962407,7.6362357,0,4.0,0,0.0,-0.87,20.8,79.2
2022-10-07 18:15:00,63.537736222220005,0.0,0.0,18.77777778133333,10.877999999999998,47.5,0,5.1764362714980825,70.66250196097344,18,4,10,-1.0,-1.8369701987210294e-16,-0.433883739117558,-0.9009688679024191,-0.8660254037844386,0.5000000000000001,26.75,58.8125,145.91666666666666,16.475,41.15,100.0,73.25,5.225,6.814287,0.0,9.85,18.69444445,47.75,48.0,48.25,48.59333333333333,47.49,-7.899777781333336,-0.0555555206666618,-0.1240000000000023,11.002,10.752,18.833333321555557,11.012666666666668,7.6362357,7.701675,7.7674527,7.846939,7.5970936,0,4.0,0,0.0,-0.88,21.4,78.6
2022-10-07 18:30:00,44.275173322224,0.0,0.0,18.69444445,10.752,47.49,0,5.1764362714980825,70.66250196097344,18,4,10,-1.0,-1.8369701987210294e-16,-0.433883739117558,-0.9009688679024191,-0.8660254037844386,0.5000000000000001,19.5,37.4375,128.91666666666666,15.85,39.8,100.0,73.5,5.25,6.815865,0.0,9.8,18.621481478666663,47.5,47.75,48.0,48.25,47.09333333333333,-7.942444449999998,-0.0833333313333355,-0.1259999999999976,10.877999999999998,10.626,18.76851851111111,10.877333333333334,7.5970936,7.6362357,7.701675,7.7674527,7.5011773,0,4.0,0,0.0,-0.9,22.1,77.9
2022-10-07 18:45:00,60.148427366664,0.0,0.0,18.621481478666663,10.626,47.09333333333333,0,5.1764362714980825,70.66250196097344,18,4,10,-1.0,-1.8369701987210294e-16,-0.433883739117558,-0.9009688679024191,-0.8660254037844386,0.5000000000000001,12.25,23.125,112.29166666666669,15.225,38.45,100.0,73.75,5.275,6.8173547,0.0,9.75,18.58333335,47.49,47.5,47.75,48.0,47.0,-7.995481478666667,-0.0729629713333324,-0.1260000000000012,10.752,10.488,18.697901236666667,10.752,7.5011773,7.5970936,7.6362357,7.701675,7.4694233,0,4.0,0,0.0,-0.92,22.8,77.2
2022-10-07 19:00:00,42.816065155552,0.0,0.0,18.58333335,10.488,47.0,0,5.1764362714980825,70.66250196097344,19,4,10,-0.9659258262890684,0.2588190451025203,-0.433883739117558,-0.9009688679024191,-0.8660254037844386,0.5000000000000001,5.0,15.875,96.04166666666669,14.6,37.1,100.0,74.0,5.3,6.8187585,0.0,9.7,18.54518522133333,47.09333333333333,47.49,47.5,47.75,47.0,-8.095333349999997,-0.0381481286666698,-0.1379999999999999,10.626,10.346,18.63308642622222,10.622,7.4694233,7.5011773,7.5970936,7.6362357,7.452567,0,4.0,0,0.0,-0.93,23.2,76.8
2022-10-07 19:15:00,49.894670899996,0.0,0.0,18.54518522133333,10.346,47.0,0,5.1764362714980825,70.66250196097344,19,4,10,-0.9659258262890684,0.2588190451025203,-0.433883739117558,-0.9009688679024191,-0.8660254037844386,0.5000000000000001,3.75,10.125,80.1875,14.775,35.75,100.0,74.75,5.275,6.8007684,0.0,9.5,18.473333312,47.0,47.09333333333333,47.49,47.5,47.0,-8.199185221333334,-0.0381481286666627,-0.1419999999999994,10.488,10.204,18.58333335,10.486666666666666,7.452567,7.4694233,7.5011773,7.5970936,7.420909,0,4.0,0,0.0,-0.94,23.6,76.4
2022-10-07 19:30:00,48.702218483334,0.0,0.0,18.473333312,10.204,47.0,0,5.1764362714980825,70.66250196097344,19,4,10,-0.9659258262890684,0.2588190451025203,-0.433883739117558,-0.9009688679024191,-0.8660254037844386,0.5000000000000001,2.5,5.875,64.72916666666667,14.95,34.4,100.0,75.5,5.25,6.7820034,0.0,9.3,18.43407404,47.0,47.0,47.09333333333333,47.49,47.0,-8.269333312,-0.0718519093333327,-0.1419999999999994,10.346,10.062666666666669,18.533950627777774,10.346000000000002,7.420909,7.452567,7.4694233,7.5011773,7.403661,0,4.0,0,0.0,-0.95,24.2,75.8
2022-10-07 19:45:00,49.431078227778,0.0,0.0,18.43407404,10.062666666666669,47.0,0,5.1764362714980825,70.66250196097344,19,4,10,-0.9659258262890684,0.2588190451025203,-0.433883739117558,-0.9009688679024191,-0.8660254037844386,0.5000000000000001,1.25,3.125,49.66666666666666,15.125,33.05,100.0,76.25,5.225,6.76248,0.0,9.1,18.39000001,47.0,47.0,47.0,47.09333333333333,47.0,-8.371407373333332,-0.0392592720000024,-0.1413333333333337,10.204,9.920666666666667,18.484197524444443,10.204222222222224,7.403661,7.420909,7.452567,7.4694233,7.3843374,0,4.0,0,0.0,-0.96,24.6,75.4
2022-10-07 20:00:00,47.162280199996,0.0,0.0,18.39000001,9.920666666666667,47.0,0,5.1764362714980825,70.66250196097344,20,4,10,-0.8660254037844386,0.5000000000000001,-0.433883739117558,-0.9009688679024191,-0.8660254037844386,0.5000000000000001,0.0,1.875,35.0,15.3,31.7,100.0,77.0,5.2,6.7422204,0.0,8.9,18.378518521333334,47.0,47.0,47.0,47.0,47.09333333333333,-8.469333343333334,-0.0440740299999973,-0.1419999999999994,10.062666666666669,9.78,18.432469120666667,10.062444444444449,7.3843374,7.403661,7.420909,7.452567,7.3939657,0,4.0,0,0.0,-0.97,25.0,75.0
2022-10-07 20:15:00,50.723804333332,0.0,0.0,18.378518521333334,9.78,47.09333333333333,0,5.1764362714980825,70.66250196097344,20,4,10,-0.8660254037844386,0.5000000000000001,-0.433883739117558,-0.9009688679024191,-0.8660254037844386,0.5000000000000001,0.0,0.9375,23.291666666666668,15.25,31.875,100.0,77.75,5.225,6.764447,0.025,8.8,18.333333302,47.0,47.0,47.0,47.0,47.49,-8.598518521333334,-0.0114814886666678,-0.140666666666668,9.920666666666667,9.638666666666666,18.400864190444448,9.921111111111111,7.3939657,7.3843374,7.403661,7.420909,7.436286,0,4.0,0,0.0,-0.98,25.1,74.9
2022-10-07 20:30:00,42.149147533324,0.0,0.0,18.333333302,9.638666666666666,47.49,0,5.1764362714980825,70.66250196097344,20,4,10,-0.8660254037844386,0.5000000000000001,-0.433883739117558,-0.9009688679024191,-0.8660254037844386,0.5000000000000001,0.0,0.3125,14.541666666666666,15.2,32.05,100.0,78.5,5.25,6.786079,0.05,8.7,18.27777778133333,47.09333333333333,47.0,47.0,47.0,47.5,-8.69466663533333,-0.0451852193333373,-0.1413333333333337,9.78,9.497333333333334,18.367283944444445,9.77977777777778,7.436286,7.3939657,7.3843374,7.403661,7.413372,0,4.0,0,0.0,-0.98,25.5,74.5
2022-10-07 20:45:00,54.818362727778,0.0,0.0,18.27777778133333,9.497333333333334,47.5,0,5.1764362714980825,70.66250196097344,20,4,10,-0.8660254037844386,0.5000000000000001,-0.433883739117558,-0.9009688679024191,-0.8660254037844386,0.5000000000000001,0.0,0.0,8.75,15.15,32.225,100.0,79.25,5.275,6.8071237,0.075,8.6,18.222222202,47.49,47.09333333333333,47.0,47.0,47.75,-8.780444448,-0.0555555206666618,-0.1413333333333319,9.638666666666666,9.355333333333334,18.32987653488889,9.638666666666667,7.413372,7.436286,7.3939657,7.3843374,7.42785,0,4.0,0,0.0,-1.0,26.0,74.0
2022-10-07 21:00:00,42.79189942222,0.0,0.0,18.222222202,9.355333333333334,47.75,0,5.1764362714980825,70.66250196097344,21,4,10,-0.7071067811865477,0.7071067811865474,-0.433883739117558,-0.9009688679024191,-0.8660254037844386,0.5000000000000001,0.0,0.0,5.916666666666667,15.1,32.4,100.0,80.0,5.3,6.8275857,0.1,8.5,18.16666668133333,47.5,47.49,47.09333333333333,47.0,47.906666666666666,-8.866888868666667,-0.0555555793333333,-0.1419999999999994,9.497333333333334,9.214,18.277777761777774,9.497111111111112,7.42785,7.413372,7.436286,7.3939657,7.427672,0,4.0,0,0.0,-1.01,26.5,73.5
2022-10-07 21:15:00,52.876496055552,0.0,0.0,18.16666668133333,9.214,47.906666666666666,0,5.1764362714980825,70.66250196097344,21,4,10,-0.7071067811865477,0.7071067811865474,-0.433883739117558,-0.9009688679024191,-0.8660254037844386,0.5000000000000001,0.0,0.0,3.6875,14.65,32.3,100.0,80.5,5.3,6.8372464,0.125,8.425,18.111111102,47.75,47.5,47.49,47.09333333333333,47.51,-8.952666681333332,-0.0555555206666689,-0.1413333333333337,9.355333333333334,9.072,18.222222221555555,9.355555555555556,7.427672,7.42785,7.413372,7.436286,7.341892,0,4.0,0,0.0,-1.02,27.0,73.0
2022-10-07 21:30:00,46.045936055548,0.0,0.0,18.111111102,9.072,47.51,0,5.1764362714980825,70.66250196097344,21,4,10,-0.7071067811865477,0.7071067811865474,-0.433883739117558,-0.9009688679024191,-0.8660254037844386,0.5000000000000001,0.0,0.0,2.0625,14.2,32.2,100.0,81.0,5.3,6.846635,0.15,8.35,18.055555581333333,47.906666666666666,47.75,47.5,47.49,47.5,-9.039111102,-0.0555555793333333,-0.1420000000000012,9.214,8.93,18.16666666177778,9.21377777777778,7.341892,7.427672,7.42785,7.413372,7.316145,0,4.0,0,0.0,-1.04,27.7,72.3
2022-10-07 21:45:00,55.722215505554,0.0,0.0,18.055555581333333,8.93,47.5,0,5.1764362714980825,70.66250196097344,21,4,10,-0.7071067811865477,0.7071067811865474,-0.433883739117558,-0.9009688679024191,-0.8660254037844386,0.5000000000000001,0.0,0.0,1.0416666666666667,13.75,32.1,100.0,81.5,5.3,6.855755,0.175,8.275,18.001111112,47.51,47.906666666666666,47.75,47.5,47.5,-9.125555581333334,-0.0555555206666653,-0.1419999999999994,9.072,8.79,18.11111112155556,9.072,7.316145,7.341892,7.427672,7.42785,7.2924953,0,4.0,0,0.0,-1.05,28.3,71.7
2022-10-07 22:00:00,73.59594492777799,0.0,0.0,18.001111112,8.79,47.5,0,5.1764362714980825,70.66250196097344,22,4,10,-0.5000000000000004,0.8660254037844384,-0.433883739117558,-0.9009688679024191,-0.8660254037844386,0.5000000000000001,0.0,0.0,0.625,13.3,32.0,100.0,82.0,5.3,6.864608,0.2,8.2,17.989629621333332,47.5,47.51,47.906666666666666,47.75,47.5,-9.211111112,-0.0544444693333332,-0.1400000000000005,8.93,8.648666666666665,18.05592593177777,8.930666666666667,7.2924953,7.316145,7.341892,7.427672,7.2875156,0,4.0,0,0.0,-1.06,28.8,71.2
2022-10-07 22:15:00,50.772969066664,0.0,0.0,17.989629621333332,8.648666666666665,47.5,0,5.1764362714980825,70.66250196097344,22,4,10,-0.5000000000000004,0.8660254037844384,-0.433883739117558,-0.9009688679024191,-0.8660254037844386,0.5000000000000001,0.0,0.0,0.3125,13.4,31.025,100.0,82.5,5.325,6.884272,0.2,8.149999999999999,17.945555512,47.5,47.5,47.51,47.906666666666666,47.75,-9.340962954666669,-0.011481490666668,-0.1413333333333337,8.79,8.506666666666666,18.015432104888887,8.789555555555555,7.2875156,7.2924953,7.316145,7.341892,7.3066845,0,4.0,0,0.0,-1.07,29.0,71.0
2022-10-07 22:30:00,58.626543777776,0.0,0.0,17.945555512,8.506666666666666,47.75,0,5.1764362714980825,70.66250196097344,22,4,10,-0.5000000000000004,0.8660254037844384,-0.433883739117558,-0.9009688679024191,-0.8660254037844386,0.5000000000000001,0.0,0.0,0.1041666666666666,13.5,30.05,100.0,83.0,5.35,6.903729,0.2,8.1,17.93407404,47.5,47.5,47.5,47.51,48.0,-9.438888845333333,-0.0440741093333336,-0.1419999999999994,8.648666666666665,8.364666666666666,17.97876541511111,8.648444444444445,7.3066845,7.2875156,7.2924953,7.316145,7.339922,0,4.0,0,0.0,-1.07,29.4,70.6
2022-10-07 22:45:00,54.618926455548,0.0,0.0,17.93407404,8.364666666666666,48.0,0,5.1764362714980825,70.66250196097344,22,4,10,-0.5000000000000004,0.8660254037844384,-0.433883739117558,-0.9009688679024191,-0.8660254037844386,0.5000000000000001,0.0,0.0,0.0,13.6,29.075,100.0,83.5,5.375,6.9229794,0.2,8.05,17.89000001,47.75,47.5,47.5,47.5,48.25,-9.569407373333332,-0.0114814719999998,-0.1419999999999994,8.506666666666666,8.223333333333333,17.956419724444444,8.506666666666668,7.339922,7.3066845,7.2875156,7.2924953,7.3588185,0,4.0,0,0.0,-1.08,29.4,70.6
2022-10-07 23:00:00,55.591665294438,0.0,0.0,17.89000001,8.223333333333333,48.25,0,5.1764362714980825,70.66250196097344,23,4,10,-0.2588190451025215,0.965925826289068,-0.433883739117558,-0.9009688679024191,-0.8660254037844386,0.5000000000000001,0.0,0.0,0.0,13.7,28.1,100.0,84.0,5.4,6.9420266,0.2,8.0,17.8888889,48.0,47.75,47.5,47.5,48.59333333333333,-9.666666676666669,-0.0440740299999973,-0.1413333333333337,8.364666666666666,8.081333333333333,17.923209853999996,8.36488888888889,7.3588185,7.339922,7.3066845,7.2875156,7.4106913,0,4.0,0,0.0,-1.09,29.8,70.2
2022-10-07 23:15:00,288.658175411112,0.0,0.0,17.8888889,8.081333333333333,48.59333333333333,0,5.1764362714980825,70.66250196097344,23,4,10,-0.2588190451025215,0.965925826289068,-0.433883739117558,-0.9009688679024191,-0.8660254037844386,0.5000000000000001,0.0,0.0,0.0,13.85,28.175,100.0,84.25,5.4,6.9402766,0.2,7.95,17.861111100000002,48.25,48.0,47.75,47.5,48.99,-9.807555566666668,-0.00111111,-0.1419999999999994,8.223333333333333,7.939999999999999,17.90432098333333,8.22311111111111,7.4106913,7.3588185,7.339922,7.3066845,7.458838,0,4.0,0,0.0,-1.08,29.8,70.2
2022-10-07 23:30:00,169.52210776111,0.0,0.0,17.861111100000002,7.939999999999999,48.99,0,5.1764362714980825,70.66250196097344,23,4,10,-0.2588190451025215,0.965925826289068,-0.433883739117558,-0.9009688679024191,-0.8660254037844386,0.5000000000000001,0.0,0.0,0.0,14.0,28.25,100.0,84.5,5.4,6.938456,0.2,7.9,17.8333333,48.59333333333333,48.25,48.0,47.75,49.09333333333333,-9.921111100000005,-0.027777799999999,-0.1413333333333337,8.081333333333333,7.796,17.880000003333336,8.081555555555555,7.458838,7.4106913,7.3588185,7.339922,7.4622145,0,4.0,0,0.0,-1.09,30.0,70.0
2022-10-07 23:45:00,53.617022033328,0.0,0.0,17.8333333,7.796,49.09333333333333,0,5.1764362714980825,70.66250196097344,23,4,10,-0.2588190451025215,0.965925826289068,-0.433883739117558,-0.9009688679024191,-0.8660254037844386,0.5000000000000001,0.0,0.0,0.0,14.15,28.325,100.0,84.75,5.4,6.9365654,0.2,7.85,17.80555555,48.99,48.59333333333333,48.25,48.0,49.49,-10.0373333,-0.0277778000000026,-0.1439999999999992,7.939999999999999,7.605333333333333,17.8611111,7.939111111111113,7.4622145,7.458838,7.4106913,7.3588185,7.5100727,0,4.0,0,0.0,-1.09,30.3,69.7
2022-10-08 00:00:00,57.338817672214,0.0,0.0,17.80555555,7.605333333333333,49.49,0,5.1764362714980825,70.66250196097344,0,5,10,0.0,1.0,-0.9749279121818236,-0.2225209339563146,-0.8660254037844386,0.5000000000000001,0.0,0.0,0.0,14.3,28.4,100.0,85.0,5.4,6.934608,0.2,7.8,17.7777778,49.09333333333333,48.99,48.59333333333333,48.25,49.5,-10.200222216666669,-0.0277777499999984,-0.1906666666666669,7.796,7.403333333333333,17.833333316666668,7.780444444444446,7.5100727,7.4622145,7.458838,7.4106913,7.499166,0,4.0,0,0.0,-1.1,30.5,69.5
2022-10-08 00:15:00,53.58368998333,0.0,0.0,17.7777778,7.403333333333333,49.5,0,5.1764362714980825,70.66250196097344,0,5,10,0.0,1.0,-0.9749279121818236,-0.2225209339563146,-0.8660254037844386,0.5000000000000001,0.0,0.0,0.0,14.0,28.5,100.0,86.5,5.4750000000000005,6.988918,0.325,7.65,17.75,49.49,49.09333333333333,48.99,48.59333333333333,49.75,-10.374444466666668,-0.027777750000002,-0.2019999999999999,7.605333333333333,7.202,17.805555549999998,7.601555555555556,7.499166,7.5100727,7.4622145,7.458838,7.524573,0,4.0,0,0.0,-1.11,30.8,69.2
2022-10-08 00:30:00,54.087836333336,0.0,0.0,17.75,7.202,49.75,0,5.1764362714980825,70.66250196097344,0,5,10,0.0,1.0,-0.9749279121818236,-0.2225209339563146,-0.8660254037844386,0.5000000000000001,0.0,0.0,0.0,13.7,28.6,100.0,88.0,5.550000000000001,7.0414505,0.4499999999999999,7.5,17.7222222,49.5,49.49,49.09333333333333,48.99,50.0,-10.548,-0.027777799999999,-0.2013333333333333,7.403333333333333,7.12,17.777777783333335,7.403555555555557,7.524573,7.499166,7.5100727,7.4622145,7.549872,0,4.0,0,0.0,-1.11,31.1,68.9
2022-10-08 00:45:00,52.316518155564,0.0,0.0,17.7222222,7.12,50.0,0,5.1764362714980825,70.66250196097344,0,5,10,0.0,1.0,-0.9749279121818236,-0.2225209339563146,-0.8660254037844386,0.5000000000000001,0.0,0.0,0.0,13.4,28.7,100.0,89.5,5.625,7.0922337,0.575,7.35,17.69444445,49.75,49.5,49.49,49.09333333333333,50.0,-10.6022222,-0.027777799999999,-0.0819999999999998,7.202,7.22,17.75,7.24177777777778,7.549872,7.524573,7.499166,7.5100727,7.537379,0,4.0,0,0.0,-1.12,31.3,68.7
2022-10-08 01:00:00,50.126050527774,0.0,0.0,17.69444445,7.22,50.0,0,5.1764362714980825,70.66250196097344,1,5,10,0.2588190451025207,0.9659258262890684,-0.9749279121818236,-0.2225209339563146,-0.8660254037844386,0.5000000000000001,0.0,0.0,0.0,13.1,28.8,100.0,91.0,5.7,7.14129,0.7,7.2,17.656296321333333,50.0,49.75,49.5,49.49,50.0,-10.47444445,-0.027777750000002,0.0999999999999996,7.12,7.22,17.72222221666667,7.180666666666668,7.537379,7.549872,7.524573,7.499166,7.5202513,0,4.0,0,0.0,-1.12,31.6,68.4
2022-10-08 01:15:00,50.267711344448,0.0,0.0,17.656296321333333,7.22,50.0,0,5.1764362714980825,70.66250196097344,1,5,10,0.2588190451025207,0.9659258262890684,-0.9749279121818236,-0.2225209339563146,-0.8660254037844386,0.5000000000000001,0.0,0.0,0.0,12.35,28.0,100.0,92.0,5.85,7.208063,0.6,7.175,17.612222212,50.0,50.0,49.75,49.5,50.0,-10.436296321333334,-0.0381481286666662,0.0,7.22,7.22,17.69098765711111,7.186666666666667,7.5202513,7.537379,7.549872,7.524573,7.5005045,0,4.0,0,0.0,-1.13,32.1,67.9
2022-10-08 01:30:00,45.11097332222,0.0,0.0,17.612222212,7.22,50.0,0,5.1764362714980825,70.66250196097344,1,5,10,0.2588190451025207,0.9659258262890684,-0.9749279121818236,-0.2225209339563146,-0.8660254037844386,0.5000000000000001,0.0,0.0,0.0,11.6,27.200000000000003,100.0,93.0,6.0,7.274596,0.5,7.15,17.60074074,50.0,50.0,50.0,49.75,50.0,-10.392222212,-0.0440741093333336,0.0,7.22,7.209999999999999,17.654320994444443,7.22,7.5005045,7.5202513,7.537379,7.549872,7.495367,0,4.0,0,0.0,-1.14,32.6,67.4
2022-10-08 01:45:00,56.457463927774,0.0,0.0,17.60074074,7.209999999999999,50.0,0,5.1764362714980825,70.66250196097344,1,5,10,0.2588190451025207,0.9659258262890684,-0.9749279121818236,-0.2225209339563146,-0.8660254037844386,0.5000000000000001,0.0,0.0,0.0,10.85,26.4,100.0,94.0,6.15,7.3408933,0.3999999999999999,7.125,17.555555598,50.0,50.0,50.0,50.0,50.0,-10.39074074,-0.0114814719999998,-0.0100000000000006,7.22,7.0840000000000005,17.62308642444444,7.216666666666668,7.495367,7.5005045,7.5202513,7.537379,7.4751806,0,4.0,0,0.0,-1.15,32.7,67.3
2022-10-08 02:00:00,40.640318872218,0.0,0.0,17.555555598,7.0840000000000005,50.0,0,5.1764362714980825,70.66250196097344,2,5,10,0.4999999999999999,0.8660254037844387,-0.9749279121818236,-0.2225209339563146,-0.8660254037844386,0.5000000000000001,0.0,0.0,0.0,10.1,25.6,100.0,95.0,6.3,7.406953,0.3,7.1,17.510370378666668,50.0,50.0,50.0,50.0,50.0,-10.471555598000002,-0.0451851419999975,-0.1259999999999985,7.209999999999999,6.930000000000001,17.589506183333334,7.171333333333334,7.4751806,7.495367,7.5005045,7.5202513,7.4550405,0,4.0,0,0.0,-1.16,33.2,66.8
2022-10-08 02:15:00,59.27290682222,0.0,0.0,17.510370378666668,6.930000000000001,50.0,0,5.1764362714980825,70.66250196097344,2,5,10,0.4999999999999999,0.8660254037844387,-0.9749279121818236,-0.2225209339563146,-0.8660254037844386,0.5000000000000001,0.0,0.0,0.0,9.95,24.425,100.0,94.25,6.2,7.3604164,0.25,7.125,17.5,50.0,50.0,50.0,50.0,49.99,-10.580370378666668,-0.0451852193333337,-0.1539999999999999,7.0840000000000005,6.77,17.55555557222222,7.074666666666668,7.4550405,7.4751806,7.495367,7.5005045,7.448935,0,4.0,0,0.0,-1.17,33.8,66.2
2022-10-08 02:30:00,40.810034383326,0.0,0.0,17.5,6.77,49.99,0,5.1764362714980825,70.66250196097344,2,5,10,0.4999999999999999,0.8660254037844387,-0.9749279121818236,-0.2225209339563146,-0.8660254037844386,0.5000000000000001,0.0,0.0,0.0,9.8,23.25,100.0,93.5,6.1,7.313707,0.2,7.15,17.489629621333332,50.0,50.0,50.0,50.0,49.59333333333333,-10.73,-0.0103703786666677,-0.160000000000001,6.930000000000001,6.615333333333334,17.521975325555555,6.928000000000001,7.448935,7.4550405,7.4751806,7.495367,7.3852525,0,4.0,0,0.0,-1.17,33.9,66.1
2022-10-08 02:45:00,52.951770777776,0.0,0.0,17.489629621333332,6.615333333333334,49.59333333333333,0,5.1764362714980825,70.66250196097344,2,5,10,0.4999999999999999,0.8660254037844387,-0.9749279121818236,-0.2225209339563146,-0.8660254037844386,0.5000000000000001,0.0,0.0,0.0,9.65,22.075,100.0,92.75,6.0,7.2668247,0.15,7.175,17.444444402,49.99,50.0,50.0,50.0,49.5,-10.874296287999998,-0.0103703786666677,-0.1546666666666656,6.77,6.46,17.5,6.771777777777779,7.3852525,7.448935,7.4550405,7.4751806,7.3514833,0,4.0,0,0.0,-1.18,34.1,65.9
2022-10-08 03:00:00,48.24557018333,0.0,0.0,17.444444402,6.46,49.5,0,5.1764362714980825,70.66250196097344,3,5,10,0.7071067811865476,0.7071067811865476,-0.9749279121818236,-0.2225209339563146,-0.8660254037844386,0.5000000000000001,0.0,0.0,0.0,9.5,20.9,100.0,92.0,5.9,7.219766,0.1,7.2,17.39925926,49.59333333333333,49.99,50.0,50.0,49.5,-10.984444401999998,-0.0451852193333337,-0.155333333333334,6.615333333333334,6.300666666666667,17.478024674444445,6.615111111111112,7.3514833,7.3852525,7.448935,7.4550405,7.3316603,0,4.0,0,0.0,-1.19,34.7,65.3
2022-10-08 03:15:00,47.312552055548,0.0,0.0,17.39925926,6.300666666666667,49.5,0,5.1764362714980825,70.66250196097344,3,5,10,0.7071067811865476,0.7071067811865476,-0.9749279121818236,-0.2225209339563146,-0.8660254037844386,0.5000000000000001,0.0,0.0,0.0,10.0,21.35,100.0,91.5,5.775,7.1456566,0.1,7.125,17.3888889,49.5,49.59333333333333,49.99,50.0,49.5,-11.098592593333333,-0.0451851419999975,-0.1593333333333326,6.46,6.1466666666666665,17.44444442777778,6.4586666666666686,7.3316603,7.3514833,7.3852525,7.448935,7.3271184,0,4.0,0,0.0,-1.2,35.2,64.8
2022-10-08 03:30:00,51.037125233328,0.0,0.0,17.3888889,6.1466666666666665,49.5,0,5.1764362714980825,70.66250196097344,3,5,10,0.7071067811865476,0.7071067811865476,-0.9749279121818236,-0.2225209339563146,-0.8660254037844386,0.5000000000000001,0.0,0.0,0.0,10.5,21.8,100.0,91.0,5.65,7.0720754,0.1,7.050000000000001,17.378518521333334,49.5,49.5,49.59333333333333,49.99,49.5,-11.242222233333337,-0.0103703599999995,-0.1540000000000008,6.300666666666667,6.057333333333333,17.410864187333335,6.302444444444446,7.3271184,7.3316603,7.3514833,7.3852525,7.3225775,0,4.0,0,0.0,-1.2,35.3,64.7
2022-10-08 03:45:00,54.142278738886,0.0,0.0,17.378518521333334,6.057333333333333,49.5,0,5.1764362714980825,70.66250196097344,3,5,10,0.7071067811865476,0.7071067811865476,-0.9749279121818236,-0.2225209339563146,-0.8660254037844386,0.5000000000000001,0.0,0.0,0.0,11.0,22.25,100.0,90.5,5.525,6.999017,0.1,6.9750000000000005,17.306666661999998,49.5,49.5,49.5,49.59333333333333,49.5,-11.321185188,-0.0103703786666677,-0.0893333333333332,6.1466666666666665,6.002,17.38888889377778,6.168222222222224,7.3225775,7.3271184,7.3316603,7.3514833,7.291183,0,4.0,0,0.0,-1.2,35.4,64.6
2022-10-08 04:00:00,40.195336688884,0.0,0.0,17.306666661999998,6.002,49.5,0,5.1764362714980825,70.66250196097344,4,5,10,0.8660254037844386,0.5000000000000001,-0.9749279121818236,-0.2225209339563146,-0.8660254037844386,0.5000000000000001,0.0,0.0,0.0,11.5,22.7,100.0,90.0,5.4,6.9264836,0.1,6.9,17.2777778,49.5,49.5,49.5,49.5,49.5,-11.304666662,-0.0718518593333357,-0.0553333333333334,6.057333333333333,5.878,17.358024694444442,6.068666666666668,7.291183,7.3225775,7.3271184,7.3316603,7.278594,0,4.0,0,0.0,-1.22,36.3,63.7
2022-10-08 04:15:00,59.042082788884,0.0,0.0,17.2777778,5.878,49.5,0,5.1764362714980825,70.66250196097344,4,5,10,0.8660254037844386,0.5000000000000001,-0.9749279121818236,-0.2225209339563146,-0.8660254037844386,0.5000000000000001,0.0,0.0,0.0,11.25,22.525,99.75,89.5,5.25,6.854467,0.1,6.825,17.25,49.5,49.5,49.5,49.5,49.5,-11.3997778,-0.0288888619999987,-0.1239999999999996,6.002,5.752,17.320987661111108,5.979111111111113,7.278594,7.291183,7.3225775,7.3271184,7.266507,0,4.0,0,0.0,-1.23,36.7,63.3
2022-10-08 04:30:00,40.666428961106,0.0,0.0,17.25,5.752,49.5,0,5.1764362714980825,70.66250196097344,4,5,10,0.8660254037844386,0.5000000000000001,-0.9749279121818236,-0.2225209339563146,-0.8660254037844386,0.5000000000000001,0.0,0.0,0.0,11.0,22.35,99.5,89.0,5.1,6.782971,0.1,6.75,17.2222222,49.5,49.5,49.5,49.5,49.5,-11.498,-0.027777799999999,-0.1260000000000003,5.878,5.636,17.278148153999997,5.877333333333335,7.266507,7.278594,7.291183,7.3225775,7.2544374,0,4.0,0,0.0,-1.24,37.0,63.0
2022-10-08 04:45:00,53.427029433336,0.0,0.0,17.2222222,5.636,49.5,0,5.1764362714980825,70.66250196097344,4,5,10,0.8660254037844386,0.5000000000000001,-0.9749279121818236,-0.2225209339563146,-0.8660254037844386,0.5000000000000001,0.0,0.0,0.0,10.75,22.175,99.25,88.5,4.95,6.711986,0.1,6.675,17.19444445,49.5,49.5,49.5,49.5,49.25,-11.586222200000002,-0.027777799999999,-0.1159999999999996,5.752,5.61,17.25,5.755333333333335,7.2544374,7.266507,7.278594,7.291183,7.205806,0,4.0,0,0.0,-1.24,37.3,62.7
2022-10-08 05:00:00,46.312591888888,0.0,0.0,17.19444445,5.61,49.25,0,5.1764362714980825,70.66250196097344,5,5,10,0.9659258262890684,0.2588190451025207,-0.9749279121818236,-0.2225209339563146,-0.8660254037844386,0.5000000000000001,0.0,0.0,0.0,10.5,22.0,99.0,88.0,4.8,6.6415124,0.1,6.6,17.1666667,49.5,49.5,49.5,49.5,49.0,-11.58444445,-0.027777750000002,-0.0259999999999998,5.636,5.61,17.22222221666667,5.666000000000001,7.205806,7.2544374,7.266507,7.278594,7.1573167,0,4.0,0,0.0,-1.25,37.7,62.3
2022-10-08 05:15:00,49.859949955556,0.0,0.0,17.1666667,5.61,49.0,0,5.1764362714980825,70.66250196097344,5,5,10,0.9659258262890684,0.2588190451025207,-0.9749279121818236,-0.2225209339563146,-0.8660254037844386,0.5000000000000001,0.0,0.0,0.0,10.8,22.0,86.5,87.0,4.525,6.533995,0.075,6.525,17.138888899999998,49.25,49.5,49.5,49.5,49.0,-11.5566667,-0.0277777499999984,0.0,5.61,5.61,17.19444445,5.618666666666669,7.1573167,7.205806,7.2544374,7.266507,7.1454196,0,4.0,0,0.0,-1.26,38.1,61.9
2022-10-08 05:30:00,49.670235411108,0.0,0.0,17.138888899999998,5.61,49.0,0,5.1764362714980825,70.66250196097344,5,5,10,0.9659258262890684,0.2588190451025207,-0.9749279121818236,-0.2225209339563146,-0.8660254037844386,0.5000000000000001,0.0,0.0,0.0,11.1,22.0,74.0,86.0,4.25,6.4273486,0.05,6.449999999999999,17.10074074,49.0,49.25,49.5,49.5,49.0,-11.528888899999998,-0.0277778000000026,0.0,5.61,5.61,17.166666683333332,5.61,7.1454196,7.1573167,7.205806,7.2544374,7.1291103,0,4.0,0,0.0,-1.27,38.5,61.5
2022-10-08 05:45:00,52.46984570555,0.0,0.0,17.10074074,5.61,49.0,0,5.1764362714980825,70.66250196097344,5,5,10,0.9659258262890684,0.2588190451025207,-0.9749279121818236,-0.2225209339563146,-0.8660254037844386,0.5000000000000001,0.0,0.0,0.0,11.4,22.0,61.5,85.0,3.975,6.321571,0.0249999999999999,6.375,17.056666710000002,49.0,49.0,49.25,49.5,49.0,-11.49074074,-0.0381481599999986,0.0,5.61,5.61,17.135432113333334,5.61,7.1291103,7.1454196,7.1573167,7.205806,7.1103086,0,4.0,0,0.0,-1.27,39.0,61.0
2022-10-08 06:00:00,42.104704677776,0.0,0.0,17.056666710000002,5.61,49.0,0,5.1764362714980825,70.66250196097344,6,5,10,1.0,6.123233995736766e-17,-0.9749279121818236,-0.2225209339563146,-0.8660254037844386,0.5000000000000001,0.0,0.0,0.0,11.7,22.0,49.0,84.0,3.7,6.2166524,0.0,6.3,17.0555556,49.0,49.0,49.0,49.25,49.0,-11.446666710000002,-0.0440740299999973,0.0,5.61,5.61,17.09876545,5.61,7.1103086,7.1291103,7.1454196,7.1573167,7.109835,0,4.0,0,0.0,-1.29,39.5,60.5
2022-10-08 06:15:00,53.366754111112,0.0,0.0,17.0555556,5.61,49.0,0,5.1764362714980825,70.66250196097344,6,5,10,1.0,6.123233995736766e-17,-0.9749279121818236,-0.2225209339563146,-0.8660254037844386,0.5000000000000001,0.0,0.0,0.0,10.575,22.075,61.5,83.5,3.35,6.069421,0.0,6.025,17.027777800000003,49.0,49.0,49.0,49.0,49.25,-11.445555600000002,-0.00111111,0.0,5.61,5.61,17.070987683333332,5.61,7.109835,7.1103086,7.1291103,7.1454196,7.134223,0,4.0,0,0.0,-1.29,39.5,60.5
2022-10-08 06:30:00,45.527067727778,0.0,0.0,17.027777800000003,5.61,49.25,0,5.1764362714980825,70.66250196097344,6,5,10,1.0,6.123233995736766e-17,-0.9749279121818236,-0.2225209339563146,-0.8660254037844386,0.5000000000000001,0.0,0.0,0.0,9.45,22.15,74.0,83.0,3.0,5.925221,0.0,5.75,16.989629621333332,49.0,49.0,49.0,49.0,49.406666666666666,-11.417777800000003,-0.027777799999999,0.0,5.61,5.61,17.046666703333333,5.61,7.134223,7.109835,7.1103086,7.1291103,7.140566,0,4.0,0,0.0,-1.29,39.8,60.2
2022-10-08 06:45:00,44.312949727774,0.0,0.0,16.989629621333332,5.61,49.406666666666666,0,5.1764362714980825,70.66250196097344,6,5,10,1.0,6.123233995736766e-17,-0.9749279121818236,-0.2225209339563146,-0.8660254037844386,0.5000000000000001,0.0,0.0,0.0,8.325,22.225,86.5,82.5,2.65,5.7839994,0.0,5.475,16.945555512,49.25,49.0,49.0,49.0,49.01,-11.379629621333333,-0.0381481786666704,0.0,5.61,5.61,17.024321007111112,5.61,7.140566,7.134223,7.109835,7.1103086,7.0645366,0,4.0,0,0.0,-1.3,40.2,59.8
2022-10-08 07:00:00,55.127794816666,0.0,0.0,16.945555512,5.61,49.01,0,5.1764362714980825,70.66250196097344,7,5,10,0.9659258262890684,-0.2588190451025206,-0.9749279121818236,-0.2225209339563146,-0.8660254037844386,0.5000000000000001,0.0,0.0,0.0,7.2,22.3,99.0,82.0,2.3,5.6457033,0.0,5.2,16.9444444,49.406666666666666,49.25,49.0,49.0,49.0,-11.335555512,-0.0440741093333336,0.0,5.61,5.61,16.98765431111111,5.61,7.0645366,7.140566,7.134223,7.109835,7.0626245,0,4.0,0,0.0,-1.31,40.9,59.1
2022-10-08 07:15:00,40.183948111112,0.0,0.0,16.9444444,5.61,49.0,0,5.1764362714980825,70.66250196097344,7,5,10,0.9659258262890684,-0.2588190451025206,-0.9749279121818236,-0.2225209339563146,-0.8660254037844386,0.5000000000000001,3.25,0.8125,0.2708333333333333,6.9,19.975,99.25,82.0,2.3,5.6457033,0.0,5.2,16.91666665,49.01,49.406666666666666,49.25,49.0,49.0,-11.3344444,-0.0011111120000002,0.0,5.61,5.61,16.95987651111111,5.61,7.0626245,7.0645366,7.140566,7.134223,7.050866,0,4.0,0,0.0,-1.31,40.9,59.1
2022-10-08 07:30:00,931.136086449998,0.0,0.0,16.91666665,5.61,49.0,0,5.1764362714980825,70.66250196097344,7,5,10,0.9659258262890684,-0.2588190451025206,-0.9749279121818236,-0.2225209339563146,-0.8660254037844386,0.5000000000000001,6.5,2.4375,0.8125,6.6,17.65,99.5,82.0,2.3,5.6457033,0.0,5.2,16.8888889,49.0,49.01,49.406666666666666,49.25,48.906666666666666,-11.30666665,-0.0277777499999984,0.0,5.61,5.628666666666667,16.935555520666664,5.61,7.050866,7.0626245,7.0645366,7.140566,7.025716,0,4.0,0,0.0,-1.32,41.3,58.7
2022-10-08 07:45:00,211.926800472218,0.0,0.0,16.8888889,5.628666666666667,48.906666666666666,0,5.1764362714980825,70.66250196097344,7,5,10,0.9659258262890684,-0.2588190451025206,-0.9749279121818236,-0.2225209339563146,-0.8660254037844386,0.5000000000000001,9.75,4.875,1.625,6.3,15.325,99.75,82.0,2.3,5.6457033,0.0,5.2,16.862222212,49.0,49.0,49.01,49.406666666666666,49.28,-11.260222233333334,-0.0277777499999984,0.0186666666666663,5.61,5.850666666666667,16.91666665,5.616222222222223,7.025716,7.050866,7.0626245,7.0645366,7.0680275,0,4.0,0,0.0,-1.33,41.6,58.4
2022-10-08 08:00:00,122.927027105558,0.0,0.0,16.862222212,5.850666666666667,49.28,0,5.1764362714980825,70.66250196097344,8,5,10,0.8660254037844387,-0.4999999999999998,-0.9749279121818236,-0.2225209339563146,-0.8660254037844386,0.5000000000000001,13.0,8.125,2.708333333333333,6.0,13.0,100.0,82.0,2.3,5.6457033,0.0,5.2,16.868148142666666,48.906666666666666,49.0,49.0,49.01,50.626666666666665,-11.011555545333332,-0.0266666880000023,0.2220000000000004,5.628666666666667,6.128666666666667,16.889259254,5.696444444444446,7.0680275,7.025716,7.050866,7.0626245,7.263756,0,4.0,0,0.0,-1.33,41.9,58.1
2022-10-08 08:15:00,57.66463782222,0.0,0.0,16.868148142666666,6.128666666666667,50.626666666666665,0,5.1764362714980825,70.66250196097344,8,5,10,0.8660254037844387,-0.4999999999999998,-0.9749279121818236,-0.2225209339563146,-0.8660254037844386,0.5000000000000001,27.0,14.0625,4.958333333333333,6.125,13.525,100.0,80.0,2.175,5.590295,0.0,5.425,16.834444412,49.28,48.906666666666666,49.0,49.0,50.02,-10.739481475999998,0.0059259306666668,0.2779999999999996,5.850666666666667,6.406000000000001,16.873086418222222,5.869333333333334,7.263756,7.0680275,7.025716,7.050866,7.162209,0,4.0,0,0.0,-1.32,41.5,58.5
2022-10-08 08:30:00,52.539009422224,0.0,0.0,16.834444412,6.406000000000001,50.02,0,5.1764362714980825,70.66250196097344,8,5,10,0.8660254037844387,-0.4999999999999998,-0.9749279121818236,-0.2225209339563146,-0.8660254037844386,0.5000000000000001,41.0,22.6875,8.375,6.25,14.05,100.0,78.0,2.05,5.5318165,0.0,5.65,16.854074038666667,50.626666666666665,49.28,48.906666666666666,49.0,49.906666666666666,-10.428444412,-0.0337037306666658,0.2773333333333339,6.128666666666667,6.672666666666667,16.854938255555552,6.128444444444445,7.162209,7.263756,7.0680275,7.025716,7.1544065,0,4.0,0,0.0,-1.33,42.1,57.9
2022-10-08 08:45:00,45.336519750002,0.0,0.0,16.854074038666667,6.672666666666667,49.906666666666666,0,5.1764362714980825,70.66250196097344,8,5,10,0.8660254037844387,-0.4999999999999998,-0.9749279121818236,-0.2225209339563146,-0.8660254037844386,0.5000000000000001,55.0,34.0,12.958333333333334,6.375,14.575,100.0,76.0,1.925,5.4702015,0.0,5.875,16.968888866,50.02,50.626666666666665,49.28,48.906666666666666,49.51,-10.181407372,0.0196296266666671,0.2666666666666666,6.406000000000001,6.8293333333333335,16.852222197777778,6.402444444444446,7.1544065,7.162209,7.263756,7.0680275,7.1466045,0,4.0,0,0.0,-1.33,41.8,58.2
2022-10-08 09:00:00,58.333499850002,0.0,0.0,16.968888866,6.8293333333333335,49.51,0,5.1764362714980825,70.66250196097344,9,5,10,0.7071067811865476,-0.7071067811865475,-0.9749279121818236,-0.2225209339563146,-0.8660254037844386,0.5000000000000001,69.0,48.0,18.70833333333333,6.5,15.1,100.0,74.0,1.8,5.405377,0.0,6.1,16.944444418666667,49.906666666666666,50.02,50.626666666666665,49.28,49.5,-10.139555532666666,0.1148148273333333,0.1566666666666663,6.672666666666667,6.954,16.885802438888888,6.636000000000002,7.1466045,7.1544065,7.162209,7.263756,7.134691,0,4.0,0,0.0,-1.3,40.5,59.5
2022-10-08 09:15:00,42.194701011112,0.0,0.0,16.944444418666667,6.954,49.5,0,5.1764362714980825,70.66250196097344,9,5,10,0.7071067811865476,-0.7071067811865475,-0.9749279121818236,-0.2225209339563146,-0.8660254037844386,0.5000000000000001,79.75,61.1875,25.354166666666668,7.8,17.275,99.0,74.0,1.925,5.4587,0.0,6.25,16.862222210000002,49.51,49.906666666666666,50.02,50.626666666666665,49.5,-9.990444418666666,-0.0244444473333338,0.1246666666666662,6.8293333333333335,7.0793333333333335,16.92246910777778,6.818666666666668,7.134691,7.1466045,7.1544065,7.162209,7.099581,0,4.0,0,0.0,-1.31,40.8,59.2
2022-10-08 09:30:00,59.403179327778,0.0,0.0,16.862222210000002,7.0793333333333335,49.5,0,5.1764362714980825,70.66250196097344,9,5,10,0.7071067811865476,-0.7071067811865475,-0.9749279121818236,-0.2225209339563146,-0.8660254037844386,0.5000000000000001,90.5,73.5625,32.895833333333336,9.1,19.45,98.0,74.0,2.05,5.5124803,0.0,6.4,16.8333333,49.5,49.51,49.906666666666666,50.02,49.5,-9.782888876666668,-0.0822222086666641,0.1253333333333337,6.954,7.205333333333333,16.925185164888887,6.954222222222223,7.099581,7.134691,7.1466045,7.1544065,7.0872774,0,4.0,0,0.0,-1.33,41.8,58.2
2022-10-08 09:45:00,37.401559511108,0.0,0.0,16.8333333,7.205333333333333,49.5,0,5.1764362714980825,70.66250196097344,9,5,10,0.7071067811865476,-0.7071067811865475,-0.9749279121818236,-0.2225209339563146,-0.8660254037844386,0.5000000000000001,101.25,85.125,41.333333333333336,10.4,21.625,97.0,74.0,2.175,5.566724,0.0,6.55,16.8333333,49.5,49.5,49.51,49.906666666666666,49.5,-9.627999966666668,-0.0288889100000027,0.1259999999999994,7.0793333333333335,7.341333333333334,16.879999976222223,7.079555555555557,7.0872774,7.099581,7.134691,7.1466045,7.0872774,0,4.0,0,0.0,-1.34,42.2,57.8
2022-10-08 10:00:00,46.39258872222,0.0,0.0,16.8333333,7.341333333333334,49.5,0,5.1764362714980825,70.66250196097344,10,5,10,0.4999999999999999,-0.8660254037844387,-0.9749279121818236,-0.2225209339563146,-0.8660254037844386,0.5000000000000001,112.0,95.875,50.66666666666666,11.7,23.8,96.0,74.0,2.3,5.621433,0.0,6.7,16.848888858666665,49.5,49.5,49.5,49.51,49.5,-9.491999966666665,0.0,0.136000000000001,7.205333333333333,7.481333333333334,16.842962936666666,7.2086666666666686,7.0872774,7.0872774,7.099581,7.134691,7.0939007,0,4.0,0,0.0,-1.34,42.2,57.8
2022-10-08 10:15:00,43.618810694446,0.0,0.0,16.848888858666665,7.481333333333334,49.5,0,5.1764362714980825,70.66250196097344,10,5,10,0.4999999999999999,-0.8660254037844387,-0.9749279121818236,-0.2225209339563146,-0.8660254037844386,0.5000000000000001,135.5,109.8125,61.6875,12.65,26.5,96.75,73.25,2.425,5.6557503,0.0,6.95,16.961111102,49.5,49.5,49.5,49.5,49.49,-9.367555525333332,0.0155555586666658,0.1399999999999996,7.341333333333334,7.621333333333333,16.838518486222224,7.342666666666669,7.0939007,7.0872774,7.0872774,7.099581,7.140385,0,4.0,0,0.0,-1.33,42.0,58.0
2022-10-08 10:30:00,40.775035616666,0.0,0.0,16.961111102,7.621333333333333,49.49,0,5.1764362714980825,70.66250196097344,10,5,10,0.4999999999999999,-0.8660254037844387,-0.9749279121818236,-0.2225209339563146,-0.8660254037844386,0.5000000000000001,159.0,126.9375,74.39583333333333,13.6,29.200000000000003,97.5,72.5,2.55,5.68949,0.0,7.2,17.222222199999997,49.5,49.5,49.5,49.5,49.0,-9.339777768666668,0.1122222433333348,0.1399999999999996,7.481333333333334,7.77,16.88111108688889,7.481333333333335,7.140385,7.0939007,7.0872774,7.0872774,7.1811604,0,4.0,0,0.0,-1.31,40.6,59.4
2022-10-08 10:45:00,46.703965083334,0.0,0.0,17.222222199999997,7.77,49.0,0,5.1764362714980825,70.66250196097344,10,5,10,0.4999999999999999,-0.8660254037844387,-0.9749279121818236,-0.2225209339563146,-0.8660254037844386,0.5000000000000001,182.5,147.25,88.79166666666667,14.55,31.9,98.25,71.75,2.675,5.7226276,0.0,7.45,17.668888872,49.49,49.5,49.5,49.5,48.25,-9.452222199999998,0.2611110979999971,0.1486666666666662,7.621333333333333,8.020666666666667,17.01074072022222,7.624222222222223,7.1811604,7.140385,7.0939007,7.0872774,7.2624946,0,4.0,0,0.0,-1.24,37.5,62.5
2022-10-08 11:00:00,39.712578050002,0.0,0.0,17.668888872,8.020666666666667,48.25,0,5.1764362714980825,70.66250196097344,11,5,10,0.258819045102521,-0.9659258262890682,-0.9749279121818236,-0.2225209339563146,-0.8660254037844386,0.5000000000000001,206.0,170.75,104.875,15.5,34.6,99.0,71.0,2.8,5.755138,0.0,7.7,18.180740722666663,49.0,49.49,49.5,49.5,47.5,-9.648222205333331,0.4466666720000027,0.2506666666666675,7.77,8.298666666666668,17.284074057999998,7.804000000000002,7.2624946,7.1811604,7.140385,7.0939007,7.3707786,0,4.0,0,0.0,-1.14,32.3,67.7
2022-10-08 11:15:00,42.783566288892,0.0,0.0,18.180740722666663,8.298666666666668,47.5,0,5.1764362714980825,70.66250196097344,11,5,10,0.258819045102521,-0.9659258262890682,-0.9749279121818236,-0.2225209339563146,-0.8660254037844386,0.5000000000000001,216.5,191.0,120.66666666666669,15.675,35.5,99.25,69.5,2.675,5.7159886,0.0,7.925,18.442222228,48.25,49.0,49.49,49.5,46.76,-9.882074056,0.511851850666666,0.2780000000000004,8.020666666666667,8.575999999999999,17.69061726488889,8.02977777777778,7.3707786,7.2624946,7.1811604,7.140385,7.369412,0,4.0,0,0.0,-1.02,27.0,73.0
2022-10-08 11:30:00,43.429096149998,0.0,0.0,18.442222228,8.575999999999999,46.76,0,5.1764362714980825,70.66250196097344,11,5,10,0.258819045102521,-0.9659258262890682,-0.9749279121818236,-0.2225209339563146,-0.8660254037844386,0.5000000000000001,227.0,208.0,136.16666666666666,15.85,36.400000000000006,99.5,68.0,2.55,5.6743093,0.0,8.15,18.586666698666665,47.5,48.25,49.0,49.49,46.406666666666666,-9.866222228,0.2614815053333323,0.2773333333333312,8.298666666666668,8.852666666666666,18.09728394088889,8.298444444444447,7.369412,7.3707786,7.2624946,7.1811604,7.376583,0,4.0,0,0.0,-0.96,24.6,75.4
2022-10-08 11:45:00,44.827929127774,0.0,0.0,18.586666698666665,8.852666666666666,46.406666666666666,0,5.1764362714980825,70.66250196097344,11,5,10,0.258819045102521,-0.9659258262890682,-0.9749279121818236,-0.2225209339563146,-0.8660254037844386,0.5000000000000001,237.5,221.75,151.375,16.025,37.3,99.75,66.5,2.425,5.6300426,0.0,8.375,18.688888896,46.76,47.5,48.25,49.0,46.01,-9.734000032,0.1444444706666665,0.2766666666666673,8.575999999999999,9.130666666666666,18.40320988311111,8.575777777777779,7.376583,7.369412,7.3707786,7.2624946,7.3579144,0,4.0,0,0.0,-0.93,23.3,76.7
2022-10-08 12:00:00,59.11569086111,0.0,0.0,18.688888896,9.130666666666666,46.01,0,5.1764362714980825,70.66250196097344,12,5,10,1.2246467991473532e-16,-1.0,-0.9749279121818236,-0.2225209339563146,-0.8660254037844386,0.5000000000000001,248.0,232.25,166.29166666666666,16.2,38.2,100.0,65.0,2.3,5.5831294,0.0,8.6,18.555555581333333,46.406666666666666,46.76,47.5,48.25,46.28,-9.558222229333332,0.102222197333333,0.2780000000000004,8.852666666666666,9.408666666666669,18.572592607555556,8.853111111111113,7.3579144,7.376583,7.369412,7.3707786,7.3429103,0,4.0,0,0.0,-0.91,22.4,77.6
2022-10-08 12:15:00,851.9959188,0.0,0.0,18.555555581333333,9.408666666666669,46.28,0,5.1764362714980825,70.66250196097344,12,5,10,1.2246467991473532e-16,-1.0,-0.9749279121818236,-0.2225209339563146,-0.8660254037844386,0.5000000000000001,229.0,235.375,178.72916666666666,15.675,37.925,100.0,63.75,2.15,5.5109878,0.0,8.7,18.361111102,46.01,46.406666666666666,46.76,47.5,47.72,-9.146888914666668,-0.1333333146666646,0.2780000000000004,9.130666666666666,9.686,18.610370392,9.130666666666668,7.3429103,7.3579144,7.376583,7.369412,7.484624,0,4.0,0,0.0,-0.94,23.6,76.4
2022-10-08 12:30:00,56.740230316666,0.0,0.0,18.361111102,9.686,47.72,0,5.1764362714980825,70.66250196097344,12,5,10,1.2246467991473532e-16,-1.0,-0.9749279121818236,-0.2225209339563146,-0.8660254037844386,0.5000000000000001,210.0,231.125,188.6875,15.15,37.650000000000006,100.0,62.5,2.0,5.4376583,0.0,8.8,18.156296321333336,46.28,46.01,46.406666666666666,46.76,48.0,-8.675111101999999,-0.1944444793333346,0.277333333333333,9.408666666666669,9.962666666666667,18.535185193111108,9.408444444444449,7.484624,7.3429103,7.3579144,7.376583,7.4375577,0,4.0,0,0.0,-0.98,25.2,74.8
2022-10-08 12:45:00,72.485711572222,0.0,0.0,18.156296321333336,9.962666666666667,48.0,0,5.1764362714980825,70.66250196097344,12,5,10,1.2246467991473532e-16,-1.0,-0.9749279121818236,-0.2225209339563146,-0.8660254037844386,0.5000000000000001,191.0,219.5,196.16666666666663,14.625,37.375,100.0,61.25,1.85,5.3631306,0.0,8.9,17.948888894,47.72,46.28,46.01,46.406666666666666,48.0,-8.193629654666669,-0.2048147806666627,0.2766666666666673,9.686,10.240666666666668,18.35765433488889,9.68577777777778,7.4375577,7.484624,7.3429103,7.3579144,7.346396,0,4.0,0,0.0,-1.02,27.1,72.9
2022-10-08 13:00:00,69.818040533332,0.0,0.0,17.948888894,10.240666666666668,48.0,0,5.1764362714980825,70.66250196097344,13,5,10,-0.2588190451025208,-0.9659258262890684,-0.9749279121818236,-0.2225209339563146,-0.8660254037844386,0.5000000000000001,172.0,200.5,201.16666666666663,14.1,37.1,100.0,60.0,1.7,5.2873926,0.0,9.0,17.985925896,48.0,47.72,46.28,46.01,47.906666666666666,-7.708222227333332,-0.2074074273333366,0.2780000000000004,9.962666666666667,10.518666666666666,18.155432105777777,9.963111111111113,7.346396,7.4375577,7.484624,7.3429103,7.348286,0,4.0,0,0.0,-1.07,29.3,70.7
2022-10-08 13:15:00,75.161715811104,0.0,0.0,17.985925896,10.518666666666666,47.906666666666666,0,5.1764362714980825,70.66250196097344,13,5,10,-0.2588190451025208,-0.9659258262890684,-0.9749279121818236,-0.2225209339563146,-0.8660254037844386,0.5000000000000001,211.25,196.0625,207.47916666666663,13.875,36.275,98.0,58.5,1.575,5.246555,0.0,9.275,18.242222222,48.0,48.0,47.72,46.28,47.26,-7.467259229333335,0.0370370020000017,0.2779999999999987,10.240666666666668,10.796,18.030370370444448,10.24066666666667,7.348286,7.346396,7.4375577,7.484624,7.360361,0,4.0,0,0.0,-1.06,28.9,71.1
2022-10-08 13:30:00,57.58630762222,0.0,0.0,18.242222222,10.796,47.26,0,5.1764362714980825,70.66250196097344,13,5,10,-0.2588190451025208,-0.9659258262890684,-0.9749279121818236,-0.2225209339563146,-0.8660254037844386,0.5000000000000001,250.5,206.1875,215.10416666666663,13.65,35.45,96.0,57.0,1.45,5.202405,0.0,9.55,18.156296321333336,47.906666666666666,48.0,48.0,47.72,47.0,-7.446222222000003,0.2562963260000011,0.277333333333333,10.518666666666666,11.046,18.059012337333336,10.518444444444446,7.360361,7.348286,7.346396,7.4375577,7.282609,0,4.0,0,0.0,-1.01,26.4,73.6
2022-10-08 13:45:00,52.62650610555,0.0,0.0,18.156296321333336,11.046,47.0,0,5.1764362714980825,70.66250196097344,13,5,10,-0.2588190451025208,-0.9659258262890684,-0.9749279121818236,-0.2225209339563146,-0.8660254037844386,0.5000000000000001,289.75,230.875,224.04166666666663,13.425,34.625,94.0,55.5,1.325,5.154852,0.0,9.825,17.946666672,47.26,47.906666666666666,48.0,48.0,47.0,-7.110296321333337,-0.0859259006666661,0.25,10.796,11.002,18.12814814644445,10.786888888888887,7.282609,7.360361,7.348286,7.346396,7.192395,0,4.0,0,0.0,-1.03,27.3,72.7
2022-10-08 14:00:00,67.60757330555799,0.0,0.0,17.946666672,11.002,47.0,0,5.1764362714980825,70.66250196097344,14,5,10,-0.4999999999999997,-0.8660254037844388,-0.9749279121818236,-0.2225209339563146,-0.8660254037844386,0.5000000000000001,329.0,270.125,234.29166666666663,13.2,33.8,92.0,54.0,1.2,5.103804,0.0,10.1,17.833333318666668,47.0,47.26,47.906666666666666,48.0,47.0,-6.944666671999999,-0.2096296493333369,-0.0439999999999987,11.046,10.877999999999998,18.11506173844445,10.948000000000002,7.192395,7.282609,7.360361,7.348286,7.1440268,0,4.0,0,0.0,-1.08,29.5,70.5
2022-10-08 14:15:00,50.423538594442,0.0,0.0,17.833333318666668,10.877999999999998,47.0,0,5.1764362714980825,70.66250196097344,14,5,10,-0.4999999999999997,-0.8660254037844388,-0.9749279121818236,-0.2225209339563146,-0.8660254037844386,0.5000000000000001,335.0,301.0625,244.16666666666663,13.25,33.175,94.0,52.75,1.0,5.0332494,0.0,10.25,17.75,47.0,47.0,47.26,47.906666666666666,47.0,-6.9553333186666695,-0.1133333533333313,-0.1240000000000023,11.002,10.752,17.978765437333333,10.975333333333332,7.1440268,7.192395,7.282609,7.360361,7.1086416,0,4.0,0,0.0,-1.11,30.8,69.2
2022-10-08 14:30:00,67.104538027774,0.0,0.0,17.75,10.752,47.0,0,5.1764362714980825,70.66250196097344,14,5,10,-0.4999999999999997,-0.8660254037844388,-0.9749279121818236,-0.2225209339563146,-0.8660254037844386,0.5000000000000001,341.0,323.6875,253.66666666666663,13.3,32.55,96.0,51.5,0.8,4.9608245,0.0,10.4,17.67703706,47.0,47.0,47.0,47.26,47.09333333333333,-6.997999999999999,-0.0833333186666678,-0.1259999999999976,10.877999999999998,10.626,17.843333330222222,10.877333333333334,7.1086416,7.1440268,7.192395,7.282609,7.0918417,0,4.0,0,0.0,-1.13,31.7,68.3
2022-10-08 14:45:00,53.03565623889,0.0,0.0,17.67703706,10.626,47.09333333333333,0,5.1764362714980825,70.66250196097344,14,5,10,-0.4999999999999997,-0.8660254037844388,-0.9749279121818236,-0.2225209339563146,-0.8660254037844386,0.5000000000000001,347.0,338.0,262.7916666666667,13.35,31.925,98.0,50.25,0.6,4.886507,0.0,10.55,17.6666667,47.0,47.0,47.0,47.0,47.49,-7.0510370600000005,-0.07296294,-0.1260000000000012,10.752,10.48,17.753456792888887,10.752,7.0918417,7.1086416,7.1440268,7.192395,7.1471543,0,4.0,0,0.0,-1.14,32.5,67.5
2022-10-08 15:00:00,60.56813276111,0.0,0.0,17.6666667,10.48,47.49,0,5.1764362714980825,70.66250196097344,15,5,10,-0.7071067811865471,-0.7071067811865479,-0.9749279121818236,-0.2225209339563146,-0.8660254037844386,0.5000000000000001,353.0,344.0,271.5416666666667,13.4,31.3,100.0,49.0,0.4,4.8102674,0.0,10.7,17.697777798666667,47.09333333333333,47.0,47.0,47.0,47.5,-7.186666700000002,-0.0103703599999995,-0.1460000000000008,10.626,10.326666666666666,17.69790125333333,10.619333333333335,7.1471543,7.0918417,7.1086416,7.1440268,7.1619344,0,4.0,0,0.0,-1.14,32.5,67.5
2022-10-08 15:15:00,67.074816866668,0.0,0.0,17.697777798666667,10.326666666666666,47.5,0,5.1764362714980825,70.66250196097344,15,5,10,-0.7071067811865471,-0.7071067811865479,-0.9749279121818236,-0.2225209339563146,-0.8660254037844386,0.5000000000000001,323.75,341.1875,279.4375,13.75,31.85,99.5,49.25,0.425,4.8195863,0.0,10.65,17.96999998,47.49,47.09333333333333,47.0,47.0,47.49,-7.371111132000001,0.0311110986666669,-0.1533333333333324,10.48,10.17,17.68049385288889,10.477555555555556,7.1619344,7.1471543,7.0918417,7.1086416,7.277475,0,4.0,0,0.0,-1.14,32.2,67.8
2022-10-08 15:30:00,55.30195458333,0.0,0.0,17.96999998,10.17,47.49,0,5.1764362714980825,70.66250196097344,15,5,10,-0.7071067811865471,-0.7071067811865479,-0.9749279121818236,-0.2225209339563146,-0.8660254037844386,0.5000000000000001,294.5,329.5625,286.4791666666667,14.1,32.4,99.0,49.5,0.45,4.828791,0.0,10.6,18.156296321333333,47.5,47.49,47.09333333333333,47.0,47.09333333333333,-7.799999980000001,0.2722221813333334,-0.1566666666666663,10.326666666666666,10.04,17.778148159555556,10.325555555555557,7.277475,7.1619344,7.1471543,7.0918417,7.2970705,0,4.0,0,0.0,-1.07,29.2,70.8
2022-10-08 15:45:00,51.01434826111,0.0,0.0,18.156296321333333,10.04,47.09333333333333,0,5.1764362714980825,70.66250196097344,15,5,10,-0.7071067811865471,-0.7071067811865479,-0.9749279121818236,-0.2225209339563146,-0.8660254037844386,0.5000000000000001,265.25,309.125,292.6666666666667,14.45,32.95,98.5,49.75,0.475,4.8378854,0.0,10.55,18.136666678,47.49,47.5,47.49,47.09333333333333,46.99,-8.116296321333333,0.1862963413333318,-0.1300000000000007,10.17,10.13,17.941358033333334,10.17888888888889,7.2970705,7.277475,7.1619344,7.1471543,7.2725716,0,4.0,0,0.0,-1.03,27.3,72.7
2022-10-08 16:00:00,55.970261216662,0.0,0.0,18.136666678,10.13,46.99,0,5.1764362714980825,70.66250196097344,16,5,10,-0.8660254037844385,-0.5000000000000004,-0.9749279121818236,-0.2225209339563146,-0.8660254037844386,0.5000000000000001,236.0,279.875,298.0,14.8,33.5,98.0,50.0,0.5,4.8468666,0.0,10.5,18.010370360000003,47.09333333333333,47.49,47.5,47.49,46.68666666666666,-8.006666677999998,-0.0196296433333351,0.0899999999999998,10.04,10.284,18.087654326444444,10.113333333333337,7.2725716,7.2970705,7.277475,7.1619344,7.1715755,0,4.0,0,0.0,-1.03,27.5,72.5
2022-10-08 16:15:00,54.276439988888,0.0,0.0,18.010370360000003,10.284,46.68666666666666,0,5.1764362714980825,70.66250196097344,16,5,10,-0.8660254037844385,-0.5000000000000004,-0.9749279121818236,-0.2225209339563146,-0.8660254037844386,0.5000000000000001,211.25,251.75,298.0,14.175,33.4,80.0,49.75,0.325,4.792253,0.0,10.4,17.888888851999997,46.99,47.09333333333333,47.49,47.5,47.25,-7.726370360000004,-0.1262963179999943,0.1539999999999999,10.13,10.44,18.101111119777777,10.151333333333334,7.1715755,7.2725716,7.2970705,7.277475,7.2058277,0,4.0,0,0.0,-1.06,28.9,71.1
2022-10-08 16:30:00,57.31159636111,0.0,0.0,17.888888851999997,10.44,47.25,0,5.1764362714980825,70.66250196097344,16,5,10,-0.8660254037844385,-0.5000000000000004,-0.9749279121818236,-0.2225209339563146,-0.8660254037844386,0.5000000000000001,186.5,224.75,292.6666666666667,13.55,33.3,62.0,49.5,0.15,4.738112,0.0,10.3,17.777777781333334,46.68666666666666,46.99,47.09333333333333,47.49,47.906666666666666,-7.448888851999998,-0.1214815080000057,0.1560000000000005,10.284,10.57,18.011975296666666,10.284666666666666,7.2058277,7.1715755,7.2725716,7.2970705,7.257779,0,4.0,0,0.0,-1.09,30.1,69.9
2022-10-08 16:45:00,64.254374255552,0.0,0.0,17.777777781333334,10.57,47.906666666666666,0,5.1764362714980825,70.66250196097344,16,5,10,-0.8660254037844385,-0.5000000000000004,-0.9749279121818236,-0.2225209339563146,-0.8660254037844386,0.5000000000000001,161.75,198.875,282.0,12.925,33.2,44.0,49.25,-0.0249999999999999,4.684438,0.0,10.2,17.69444445,47.25,46.68666666666666,46.99,47.09333333333333,48.25,-7.207777781333334,-0.1111110706666629,0.1300000000000007,10.44,10.48,17.892345664444445,10.431333333333336,7.257779,7.2058277,7.1715755,7.2725716,7.27357,0,4.0,0,0.0,-1.11,31.2,68.8
2022-10-08 17:00:00,50.830466849994,0.0,0.0,17.69444445,10.48,48.25,0,5.1764362714980825,70.66250196097344,17,5,10,-0.9659258262890684,-0.2588190451025206,-0.9749279121818236,-0.2225209339563146,-0.8660254037844386,0.5000000000000001,137.0,174.125,266.0,12.3,33.1,26.0,49.0,-0.2,4.6312294,0.0,10.1,17.621481478666666,47.906666666666666,47.25,46.68666666666666,46.99,48.5,-7.21444445,-0.0833333313333355,-0.0900000000000016,10.57,10.326666666666666,17.787037027777775,10.496666666666668,7.27357,7.257779,7.2058277,7.1715755,7.2795086,0,4.0,0,0.0,-1.13,32.0,68.0
2022-10-08 17:15:00,245.372962505554,0.0,0.0,17.621481478666666,10.326666666666666,48.5,0,5.1764362714980825,70.66250196097344,17,5,10,-0.9659258262890684,-0.2588190451025206,-0.9749279121818236,-0.2225209339563146,-0.8660254037844386,0.5000000000000001,135.0,155.0625,249.33333333333331,10.325,31.125,37.25,53.25,0.625,4.953731,0.0,9.85,17.583333349999997,48.25,47.906666666666666,47.25,46.68666666666666,48.76,-7.294814812,-0.0729629713333324,-0.1533333333333324,10.48,10.17,17.697901236666667,10.458888888888891,7.2795086,7.27357,7.257779,7.2058277,7.301892,0,4.0,0,0.0,-1.15,32.8,67.2
2022-10-08 17:30:00,199.04120478333,0.0,0.0,17.583333349999997,10.17,48.76,0,5.1764362714980825,70.66250196097344,17,5,10,-0.9659258262890684,-0.2588190451025206,-0.9749279121818236,-0.2225209339563146,-0.8660254037844386,0.5000000000000001,133.0,141.6875,232.0,8.350000000000001,29.15,48.5,57.5,1.4500000000000002,5.2647667,0.0,9.6,17.5555556,48.5,48.25,47.906666666666666,47.25,49.406666666666666,-7.413333349999997,-0.0381481286666698,-0.1566666666666663,10.326666666666666,10.001333333333331,17.63308642622222,10.325555555555557,7.301892,7.2795086,7.27357,7.257779,7.3864756,0,4.0,0,0.0,-1.16,33.2,66.8
2022-10-08 17:45:00,54.686701344444,0.0,0.0,17.5555556,10.001333333333331,49.406666666666666,0,5.1764362714980825,70.66250196097344,17,5,10,-0.9659258262890684,-0.2588190451025206,-0.9749279121818236,-0.2225209339563146,-0.8660254037844386,0.5000000000000001,131.0,134.0,214.0,6.375000000000001,27.175,59.75,61.75,2.275,5.5645847,0.0,9.35,17.554444488,48.76,48.5,48.25,47.906666666666666,49.75,-7.5542222666666685,-0.0277777499999949,-0.1686666666666667,10.17,9.627333333333333,17.58679014288889,10.166000000000002,7.3864756,7.301892,7.2795086,7.27357,7.437311,0,4.0,0,0.0,-1.16,33.4,66.6
2022-10-08 18:00:00,60.136761299992,0.0,0.0,17.554444488,9.627333333333333,49.75,0,5.1764362714980825,70.66250196097344,18,5,10,-1.0,-1.8369701987210294e-16,-0.9749279121818236,-0.2225209339563146,-0.8660254037844386,0.5000000000000001,129.0,132.0,195.33333333333331,4.4,25.2,71.0,66.0,3.1,5.8534255,0.0,9.1,17.510370378666668,49.406666666666666,48.76,48.5,48.25,50.0,-7.927111154666669,-0.0011111120000002,-0.3740000000000005,10.001333333333331,9.197333333333336,17.564444479333332,9.93288888888889,7.437311,7.3864756,7.301892,7.2795086,7.4550405,0,4.0,0,0.0,-1.16,33.3,66.7
2022-10-08 18:15:00,46.122877227778,0.0,0.0,17.510370378666668,9.197333333333336,50.0,0,5.1764362714980825,70.66250196097344,18,5,10,-1.0,-1.8369701987210294e-16,-0.9749279121818236,-0.2225209339563146,-0.8660254037844386,0.5000000000000001,99.0,123.0,176.60416666666666,5.075,21.05,70.0,64.25,2.55,5.64384,0.0,8.95,17.5,49.75,49.406666666666666,48.76,48.5,50.0,-8.313037045333333,-0.0440741093333336,-0.4299999999999979,9.627333333333333,8.767333333333333,17.54012348888889,9.608666666666668,7.4550405,7.437311,7.3864756,7.301892,7.4504247,0,4.0,0,0.0,-1.17,33.8,66.2
2022-10-08 18:30:00,59.517341427778,0.0,0.0,17.5,8.767333333333333,50.0,0,5.1764362714980825,70.66250196097344,18,5,10,-1.0,-1.8369701987210294e-16,-0.9749279121818236,-0.2225209339563146,-0.8660254037844386,0.5000000000000001,69.0,107.0,157.8125,5.75,16.9,69.0,62.5,2.0,5.4376583,0.0,8.8,17.5,50.0,49.75,49.406666666666666,48.76,50.0,-8.732666666666667,-0.0103703786666677,-0.4300000000000015,9.197333333333336,8.384666666666666,17.521604955555556,9.197333333333336,7.4504247,7.4550405,7.437311,7.3864756,7.4504247,0,4.0,0,0.0,-1.17,33.9,66.1
2022-10-08 18:45:00,50.938795766664,0.0,0.0,17.5,8.384666666666666,50.0,0,5.1764362714980825,70.66250196097344,18,5,10,-1.0,-1.8369701987210294e-16,-0.9749279121818236,-0.2225209339563146,-0.8660254037844386,0.5000000000000001,39.0,84.0,138.95833333333334,6.425,12.749999999999998,68.0,60.75,1.45,5.234839,0.0,8.65,17.473333312,50.0,50.0,49.75,49.406666666666666,50.0,-9.115333333333334,0.0,-0.3826666666666671,8.767333333333333,8.520666666666667,17.503456792888887,8.783111111111113,7.4504247,7.4504247,7.4550405,7.437311,7.4385695,0,4.0,0,0.0,-1.17,33.9,66.1
2022-10-08 19:00:00,162.926260472222,0.0,0.0,17.473333312,8.520666666666667,50.0,0,5.1764362714980825,70.66250196097344,19,5,10,-0.9659258262890684,0.2588190451025203,-0.9749279121818236,-0.2225209339563146,-0.8660254037844386,0.5000000000000001,9.0,54.0,120.04166666666669,7.1,8.6,67.0,59.0,0.9,5.0353446,0.0,8.5,17.489629621333332,50.0,50.0,50.0,49.75,50.09333333333333,-8.952666645333334,-0.0266666879999988,0.136000000000001,8.384666666666666,8.798666666666666,17.491111104,8.557555555555558,7.4385695,7.4504247,7.4504247,7.4550405,7.4597116,0,4.0,0,0.0,-1.18,34.2,65.8
2022-10-08 19:15:00,1146.876067605554,0.0,0.0,17.489629621333332,8.798666666666666,50.09333333333333,0,5.1764362714980825,70.66250196097344,19,5,10,-0.9659258262890684,0.2588190451025203,-0.9749279121818236,-0.2225209339563146,-0.8660254037844386,0.5000000000000001,6.75,30.9375,103.0,8.575,14.275,57.25,60.25,0.825,5.019518,0.0,8.125,17.556666662,50.0,50.0,50.0,50.0,51.49,-8.690962954666666,0.016296309333331,0.2779999999999987,8.520666666666667,9.076,17.48765431111111,8.568000000000003,7.4597116,7.4385695,7.4504247,7.4504247,7.698451,0,4.0,0,0.0,-1.17,34.0,66.0
2022-10-08 19:30:00,178.813402794442,0.0,0.0,17.556666662,9.076,51.49,0,5.1764362714980825,70.66250196097344,19,5,10,-0.9659258262890684,0.2588190451025203,-0.9749279121818236,-0.2225209339563146,-0.8660254037844386,0.5000000000000001,4.5,14.8125,87.83333333333333,10.05,19.950000000000003,47.5,61.5,0.75,5.001215,0.0,7.75,17.656296321333333,50.09333333333333,50.0,50.0,50.0,52.31333333333334,-8.480666662000003,0.0670370406666691,0.277333333333333,8.798666666666666,9.315333333333331,17.506543198444444,8.798444444444446,7.698451,7.4597116,7.4385695,7.4504247,7.868189,0,4.0,0,0.0,-1.15,32.9,67.1
2022-10-08 19:45:00,77.972992005558,0.0,0.0,17.656296321333333,9.315333333333331,52.31333333333334,0,5.1764362714980825,70.66250196097344,19,5,10,-0.9659258262890684,0.2588190451025203,-0.9749279121818236,-0.2225209339563146,-0.8660254037844386,0.5000000000000001,2.25,5.625,74.54166666666667,11.525,25.625,37.75,62.75,0.675,4.980551,0.0,7.375,17.6666667,51.49,50.09333333333333,50.0,50.0,51.25,-8.340962988,0.0996296593333312,0.2393333333333345,9.076,9.15,17.567530868222224,9.063333333333334,7.868189,7.698451,7.4597116,7.4385695,7.713026,0,4.0,0,0.0,-1.12,31.6,68.4
2022-10-08 20:00:00,95.17758174444,0.0,0.0,17.6666667,9.15,51.25,0,5.1764362714980825,70.66250196097344,20,5,10,-0.8660254037844386,0.5000000000000001,-0.9749279121818236,-0.2225209339563146,-0.8660254037844386,0.5000000000000001,0.0,3.375,63.125,13.0,31.3,28.0,64.0,0.6,4.957631,0.0,7.0,17.6666667,52.31333333333334,51.49,50.09333333333333,50.0,50.18666666666666,-8.5166667,0.0103703786666677,-0.1653333333333329,9.315333333333331,8.872000000000002,17.626543227777777,9.180444444444444,7.713026,7.868189,7.698451,7.4597116,7.552997,0,4.0,0,0.0,-1.13,31.7,68.3
2022-10-08 20:15:00,79.967634599996,0.0,0.0,17.6666667,8.872000000000002,50.18666666666666,0,5.1764362714980825,70.66250196097344,20,5,10,-0.8660254037844386,0.5000000000000001,-0.9749279121818236,-0.2225209339563146,-0.8660254037844386,0.5000000000000001,0.0,1.6875,51.875,13.2,30.5,25.75,64.5,0.625,4.9639797,0.0,6.9,17.641111121999998,51.25,52.31333333333334,51.49,50.09333333333333,50.27,-8.794666699999999,0.0,-0.2779999999999987,9.15,8.594666666666667,17.663209907111113,9.112444444444447,7.552997,7.713026,7.868189,7.698451,7.554015,0,4.0,0,0.0,-1.13,31.9,68.1
2022-10-08 20:30:00,95.712560277776,0.0,0.0,17.641111121999998,8.594666666666667,50.27,0,5.1764362714980825,70.66250196097344,20,5,10,-0.8660254037844386,0.5000000000000001,-0.9749279121818236,-0.2225209339563146,-0.8660254037844386,0.5000000000000001,0.0,0.5625,40.79166666666666,13.4,29.700000000000003,23.5,65.0,0.6499999999999999,4.9700108,0.0,6.8,17.701481461333334,50.18666666666666,51.25,52.31333333333334,51.49,51.126666666666665,-9.046444455333331,-0.0255555780000023,-0.2773333333333347,8.872000000000002,8.336,17.658148174,8.872222222222225,7.554015,7.552997,7.713026,7.868189,7.710456,0,4.0,0,0.0,-1.14,32.2,67.8
2022-10-08 20:45:00,61.550315672222,0.0,0.0,17.701481461333334,8.336,51.126666666666665,0,5.1764362714980825,70.66250196097344,20,5,10,-0.8660254037844386,0.5000000000000001,-0.9749279121818236,-0.2225209339563146,-0.8660254037844386,0.5000000000000001,0.0,0.0,29.875,13.6,28.9,21.25,65.5,0.6749999999999999,4.975727,0.0,6.699999999999999,17.719999978,50.27,50.18666666666666,51.25,52.31333333333334,50.02,-9.365481461333331,0.0603703393333354,-0.2586666666666666,8.594666666666667,8.28,17.669753094444445,8.60088888888889,7.710456,7.554015,7.552997,7.713026,7.551894,0,4.0,0,0.0,-1.12,31.3,68.7
2022-10-08 21:00:00,64.187432383334,0.0,0.0,17.719999978,8.28,50.02,0,5.1764362714980825,70.66250196097344,21,5,10,-0.7071067811865477,0.7071067811865474,-0.9749279121818236,-0.2225209339563146,-0.8660254037844386,0.5000000000000001,0.0,0.0,19.125,13.8,28.1,19.0,66.0,0.7,4.9811344,0.0,6.6,17.631851838666666,51.126666666666665,50.27,50.18666666666666,51.25,49.5,-9.439999978,0.018518516666667,-0.0560000000000009,8.336,8.28,17.687530853777776,8.403555555555558,7.551894,7.710456,7.554015,7.552997,7.4342,0,4.0,0,0.0,-1.12,31.3,68.7
2022-10-08 21:15:00,61.608091094446,0.0,0.0,17.631851838666666,8.28,49.5,0,5.1764362714980825,70.66250196097344,21,5,10,-0.7071067811865477,0.7071067811865474,-0.9749279121818236,-0.2225209339563146,-0.8660254037844386,0.5000000000000001,0.0,0.0,10.875,13.9,28.625,16.25,66.0,0.6749999999999999,4.9649158,0.0,6.55,17.60999999,50.02,51.126666666666665,50.27,50.18666666666666,49.25,-9.351851838666668,-0.0881481393333345,0.0,8.28,8.28,17.684444426,8.29866666666667,7.4342,7.551894,7.710456,7.554015,7.387017,0,4.0,0,0.0,-1.14,32.5,67.5
2022-10-08 21:30:00,57.441868866668,0.0,0.0,17.60999999,8.28,49.25,0,5.1764362714980825,70.66250196097344,21,5,10,-0.7071067811865477,0.7071067811865474,-0.9749279121818236,-0.2225209339563146,-0.8660254037844386,0.5000000000000001,0.0,0.0,5.125,14.0,29.15,13.5,66.0,0.6499999999999999,4.948744,0.0,6.5,17.555555581333333,49.5,50.02,51.126666666666665,50.27,49.0,-9.32999999,-0.0218518486666674,0.0,8.28,8.28,17.653950602222224,8.28,7.387017,7.4342,7.551894,7.710456,7.3256774,0,4.0,0,0.0,-1.15,32.8,67.2
2022-10-08 21:45:00,62.831097788888,0.0,0.0,17.555555581333333,8.28,49.0,0,5.1764362714980825,70.66250196097344,21,5,10,-0.7071067811865477,0.7071067811865474,-0.9749279121818236,-0.2225209339563146,-0.8660254037844386,0.5000000000000001,0.0,0.0,1.875,14.1,29.675,10.75,66.0,0.625,4.9326167,0.0,6.45,17.473333312,49.25,49.5,50.02,51.126666666666665,49.0,-9.275555581333334,-0.0544444086666651,0.0,8.28,8.28,17.599135803333333,8.28,7.3256774,7.387017,7.4342,7.551894,7.289798,0,4.0,0,0.0,-1.16,33.5,66.5
2022-10-08 22:00:00,58.43794022222,0.0,0.0,17.473333312,8.28,49.0,0,5.1764362714980825,70.66250196097344,22,5,10,-0.5000000000000004,0.8660254037844384,-0.9749279121818236,-0.2225209339563146,-0.8660254037844386,0.5000000000000001,0.0,0.0,1.125,14.2,30.2,8.0,66.0,0.6,4.916537,0.0,6.4,17.4444444,49.0,49.25,49.5,50.02,49.0,-9.193333312000002,-0.0822222693333323,0.0,8.28,8.28,17.546296294444442,8.28,7.289798,7.3256774,7.387017,7.4342,7.277226,0,4.0,0,0.0,-1.18,34.4,65.6
2022-10-08 22:15:00,55.193903255556,0.0,0.0,17.4444444,8.28,49.0,0,5.1764362714980825,70.66250196097344,22,5,10,-0.5000000000000004,0.8660254037844384,-0.9749279121818236,-0.2225209339563146,-0.8660254037844386,0.5000000000000001,0.0,0.0,0.5625,14.1,29.85,8.0,66.5,0.675,4.961879,0.0,6.425000000000001,17.416666650000003,49.0,49.0,49.25,49.5,48.99,-9.1644444,-0.0288889120000028,0.0,8.28,8.28,17.491111097777775,8.28,7.277226,7.289798,7.3256774,7.387017,7.263675,0,4.0,0,0.0,-1.19,34.8,65.2
2022-10-08 22:30:00,65.984860566664,0.0,0.0,17.416666650000003,8.28,48.99,0,5.1764362714980825,70.66250196097344,22,5,10,-0.5000000000000004,0.8660254037844384,-0.9749279121818236,-0.2225209339563146,-0.8660254037844386,0.5000000000000001,0.0,0.0,0.1875,14.0,29.5,8.0,67.0,0.75,5.0073533,0.0,6.45,17.3888889,49.0,49.0,49.0,49.25,48.59333333333333,-9.136666650000004,-0.0277777499999949,0.0,8.28,8.272,17.444814787333332,8.28,7.263675,7.277226,7.289798,7.3256774,7.192911,0,4.0,0,0.0,-1.2,35.1,64.9
2022-10-08 22:45:00,50.848799266668,0.0,0.0,17.3888889,8.272,48.59333333333333,0,5.1764362714980825,70.66250196097344,22,5,10,-0.5000000000000004,0.8660254037844384,-0.9749279121818236,-0.2225209339563146,-0.8660254037844386,0.5000000000000001,0.0,0.0,0.0,13.9,29.15,8.0,67.5,0.825,5.0529623,0.0,6.475,17.361111100000002,48.99,49.0,49.0,49.0,48.49,-9.1168889,-0.027777750000002,-0.0079999999999991,8.28,8.172,17.41666665,8.277333333333333,7.192911,7.263675,7.277226,7.289798,7.1657047,0,4.0,0,0.0,-1.21,35.5,64.5
2022-10-08 23:00:00,69.381391283334,0.0,0.0,17.361111100000002,8.172,48.49,0,5.1764362714980825,70.66250196097344,23,5,10,-0.2588190451025215,0.965925826289068,-0.9749279121818236,-0.2225209339563146,-0.8660254037844386,0.5000000000000001,0.0,0.0,0.0,13.8,28.8,8.0,68.0,0.9,5.098706,0.0,6.5,17.3333333,48.59333333333333,48.99,49.0,49.0,48.09333333333333,-9.189111100000002,-0.027777799999999,-0.0999999999999996,8.272,8.048,17.388888883333337,8.241333333333335,7.1657047,7.192911,7.263675,7.277226,7.0952926,0,4.0,0,0.0,-1.21,35.9,64.1
2022-10-08 23:15:00,51.799039005558,0.0,0.0,17.3333333,8.048,48.09333333333333,0,5.1764362714980825,70.66250196097344,23,5,10,-0.2588190451025215,0.965925826289068,-0.9749279121818236,-0.2225209339563146,-0.8660254037844386,0.5000000000000001,0.0,0.0,0.0,14.25,29.425,6.25,68.25,1.075,5.1593494,0.0,6.625,17.30666666,48.49,48.59333333333333,48.99,49.0,47.99,-9.2853333,-0.0277778000000026,-0.1240000000000005,8.172,7.922,17.3611111,8.164000000000001,7.0952926,7.1657047,7.192911,7.263675,7.068765,0,4.0,0,0.0,-1.22,36.3,63.7
2022-10-08 23:30:00,63.177194994446,0.0,0.0,17.30666666,7.922,47.99,0,5.1764362714980825,70.66250196097344,23,5,10,-0.2588190451025215,0.965925826289068,-0.9749279121818236,-0.2225209339563146,-0.8660254037844386,0.5000000000000001,0.0,0.0,0.0,14.7,30.05,4.5,68.5,1.25,5.220601,0.0,6.75,17.31259258,48.09333333333333,48.49,48.59333333333333,48.99,47.59333333333333,-9.38466666,-0.0266666399999984,-0.1260000000000003,8.048,7.824666666666667,17.333703686666666,8.047333333333336,7.068765,7.0952926,7.1657047,7.192911,7.012823,0,4.0,0,0.0,-1.23,36.7,63.3
2022-10-08 23:45:00,58.223782105554,0.0,0.0,17.31259258,7.824666666666667,47.59333333333333,0,5.1764362714980825,70.66250196097344,23,5,10,-0.2588190451025215,0.965925826289068,-0.9749279121818236,-0.2225209339563146,-0.8660254037844386,0.5000000000000001,0.0,0.0,0.0,15.15,30.675,2.75,68.75,1.425,5.2824645,0.0,6.875,17.25111111,47.99,48.09333333333333,48.49,48.59333333333333,47.5,-9.487925913333331,0.0059259199999992,-0.0973333333333323,7.922,8.020666666666667,17.317530846666667,7.931555555555557,7.012823,7.068765,7.0952926,7.1657047,6.9733753,0,4.0,0,0.0,-1.23,36.7,63.3
2022-10-09 00:00:00,257.713580027774,0.0,0.0,17.25111111,8.020666666666667,47.5,0,5.1764362714980825,70.66250196097344,0,6,10,0.0,1.0,-0.7818314824680299,0.6234898018587334,-0.8660254037844386,0.5000000000000001,0.0,0.0,0.0,15.6,31.3,1.0,69.0,1.6,5.3449464,0.0,7.0,17.232592578666665,47.59333333333333,47.99,48.09333333333333,48.49,47.5,-9.230444443333331,-0.0614814700000003,0.1959999999999997,7.824666666666667,8.298666666666668,17.29012345,7.922444444444447,6.9733753,7.012823,7.068765,7.0952926,6.9656496,0,4.0,0,0.0,-1.24,37.5,62.5
2022-10-09 00:15:00,225.000444188884,0.0,0.0,17.232592578666665,8.298666666666668,47.5,0,5.1764362714980825,70.66250196097344,0,6,10,0.0,1.0,-0.7818314824680299,0.6234898018587334,-0.8660254037844386,0.5000000000000001,0.0,0.0,0.0,15.275,31.225,1.0,69.5,1.7000000000000002,5.383678,0.0,7.0,17.276666688,47.5,47.59333333333333,47.99,48.09333333333333,47.5,-8.933925911999998,-0.0185185313333349,0.2780000000000004,8.020666666666667,8.575999999999999,17.265432089555556,8.048000000000002,6.9656496,6.9733753,7.012823,7.068765,6.9840446,0,4.0,0,0.0,-1.25,37.7,62.3
2022-10-09 00:30:00,67.544242722216,0.0,0.0,17.276666688,8.575999999999999,47.5,0,5.1764362714980825,70.66250196097344,0,6,10,0.0,1.0,-0.7818314824680299,0.6234898018587334,-0.8660254037844386,0.5000000000000001,0.0,0.0,0.0,14.95,31.15,1.0,70.0,1.8,5.4224095,0.0,7.0,17.2777778,47.5,47.5,47.59333333333333,47.99,47.59333333333333,-8.700666688,0.0440741093333336,0.2773333333333312,8.298666666666668,8.834,17.25345679222222,8.298444444444447,6.9840446,6.9656496,6.9733753,7.012823,6.998234,0,4.0,0,0.0,-1.24,37.2,62.8
2022-10-09 00:45:00,449.880059761106,0.0,0.0,17.2777778,8.834,47.59333333333333,0,5.1764362714980825,70.66250196097344,0,6,10,0.0,1.0,-0.7818314824680299,0.6234898018587334,-0.8660254037844386,0.5000000000000001,0.0,0.0,0.0,14.625,31.075,1.0,70.5,1.9,5.461141,0.0,7.0,17.30555555,47.5,47.5,47.5,47.59333333333333,47.99,-8.4437778,0.0011111120000002,0.2580000000000009,8.575999999999999,8.890000000000002,17.26234568888889,8.569555555555558,6.998234,6.9840446,6.9656496,6.9733753,7.068295,0,4.0,0,0.0,-1.24,37.1,62.9
2022-10-09 01:00:00,68.78363754444,0.0,0.0,17.30555555,8.890000000000002,47.99,0,5.1764362714980825,70.66250196097344,1,6,10,0.2588190451025207,0.9659258262890684,-0.7818314824680299,0.6234898018587334,-0.8660254037844386,0.5000000000000001,0.0,0.0,0.0,14.3,31.0,1.0,71.0,2.0,5.499872,0.0,7.0,17.343703678666667,47.59333333333333,47.5,47.5,47.5,48.09333333333333,-8.415555549999999,0.027777750000002,0.0560000000000027,8.834,8.890000000000002,17.286666679333333,8.766666666666667,7.068295,6.998234,6.9840446,6.9656496,7.0996943,0,4.0,0,0.0,-1.23,36.7,63.3
2022-10-09 01:15:00,52.460401549998,0.0,0.0,17.343703678666667,8.890000000000002,48.09333333333333,0,5.1764362714980825,70.66250196097344,1,6,10,0.2588190451025207,0.9659258262890684,-0.7818314824680299,0.6234898018587334,-0.8660254037844386,0.5000000000000001,0.0,0.0,0.0,14.125,30.45,6.0,71.5,2.1,5.5206294,0.0,6.95,17.416666650000003,47.99,47.59333333333333,47.5,47.5,48.24,-8.453703678666665,0.0381481286666662,0.0,8.890000000000002,8.890000000000002,17.30901234288889,8.871333333333338,7.0996943,7.068295,6.998234,6.9840446,7.1524744,0,4.0,0,0.0,-1.22,36.2,63.8
2022-10-09 01:30:00,74.24758564444,0.0,0.0,17.416666650000003,8.890000000000002,48.24,0,5.1764362714980825,70.66250196097344,1,6,10,0.2588190451025207,0.9659258262890684,-0.7818314824680299,0.6234898018587334,-0.8660254037844386,0.5000000000000001,0.0,0.0,0.0,13.95,29.9,11.0,72.0,2.2,5.5411873,0.0,6.9,17.479259242666668,48.09333333333333,47.99,47.59333333333333,47.5,47.906666666666666,-8.526666650000001,0.0729629713333359,0.0,8.890000000000002,8.890000000000002,17.355308626222225,8.890000000000002,7.1524744,7.0996943,7.068295,6.998234,7.1296635,0,4.0,0,0.0,-1.2,35.3,64.7
2022-10-09 01:45:00,63.767171527774,0.0,0.0,17.479259242666668,8.890000000000002,47.906666666666666,0,5.1764362714980825,70.66250196097344,1,6,10,0.2588190451025207,0.9659258262890684,-0.7818314824680299,0.6234898018587334,-0.8660254037844386,0.5000000000000001,0.0,0.0,0.0,13.775,29.35,16.0,72.5,2.3,5.5615444,0.0,6.85,17.472222199999997,48.24,48.09333333333333,47.99,47.59333333333333,47.51,-8.589259242666666,0.0625925926666646,0.0,8.890000000000002,8.890000000000002,17.413209857111113,8.890000000000002,7.1296635,7.1524744,7.0996943,7.068295,7.0676584,0,4.0,0,0.0,-1.19,34.6,65.4
2022-10-09 02:00:00,60.146205322216,0.0,0.0,17.472222199999997,8.890000000000002,47.51,0,5.1764362714980825,70.66250196097344,2,6,10,0.4999999999999999,0.8660254037844387,-0.7818314824680299,0.6234898018587334,-0.8660254037844386,0.5000000000000001,0.0,0.0,0.0,13.6,28.8,21.0,73.0,2.4,5.581704,0.0,6.8,17.465185157333334,47.906666666666666,48.24,48.09333333333333,47.99,47.5,-8.582222199999995,-0.0070370426666706,0.0,8.890000000000002,8.890000000000002,17.45604936422222,8.890000000000002,7.0676584,7.1296635,7.1524744,7.0996943,7.063202,0,4.0,0,0.0,-1.19,34.8,65.2
2022-10-09 02:15:00,75.313098655548,0.0,0.0,17.465185157333334,8.890000000000002,47.5,0,5.1764362714980825,70.66250196097344,2,6,10,0.4999999999999999,0.8660254037844387,-0.7818314824680299,0.6234898018587334,-0.8660254037844386,0.5000000000000001,0.0,0.0,0.0,13.7,28.45,40.5,73.75,2.475,5.62072,0.0,6.75,17.498888888,47.51,47.906666666666666,48.24,48.09333333333333,47.5,-8.575185157333332,-0.0070370426666634,0.0,8.890000000000002,8.890000000000002,17.4722222,8.890000000000002,7.063202,7.0676584,7.1296635,7.1524744,7.077433,0,4.0,0,0.0,-1.19,34.9,65.1
2022-10-09 02:30:00,57.918516533332,0.0,0.0,17.498888888,8.890000000000002,47.5,0,5.1764362714980825,70.66250196097344,2,6,10,0.4999999999999999,0.8660254037844387,-0.7818314824680299,0.6234898018587334,-0.8660254037844386,0.5000000000000001,0.0,0.0,0.0,13.8,28.1,60.0,74.5,2.55,5.6594152,0.0,6.699999999999999,17.5,47.5,47.51,47.906666666666666,48.24,47.406666666666666,-8.608888887999997,0.0337037306666658,0.0,8.890000000000002,8.890000000000002,17.47876541511111,8.890000000000002,7.077433,7.063202,7.0676584,7.1296635,7.063996,0,4.0,0,0.0,-1.18,34.5,65.5
2022-10-09 02:45:00,61.615868666664,0.0,0.0,17.5,8.890000000000002,47.406666666666666,0,5.1764362714980825,70.66250196097344,2,6,10,0.4999999999999999,0.8660254037844387,-0.7818314824680299,0.6234898018587334,-0.8660254037844386,0.5000000000000001,0.0,0.0,0.0,13.9,27.75,79.5,75.25,2.625,5.697792,0.0,6.65,17.47111109,47.5,47.5,47.51,47.906666666666666,47.01,-8.609999999999998,0.0011111120000002,0.0,8.890000000000002,8.890000000000002,17.488024681777777,8.890000000000002,7.063996,7.077433,7.063202,7.0676584,6.9928136,0,4.0,0,0.0,-1.18,34.5,65.5
2022-10-09 03:00:00,1053.22175844444,0.0,0.0,17.47111109,8.890000000000002,47.01,0,5.1764362714980825,70.66250196097344,3,6,10,0.7071067811865476,0.7071067811865476,-0.7818314824680299,0.6234898018587334,-0.8660254037844386,0.5000000000000001,0.0,0.0,0.0,14.0,27.4,99.0,76.0,2.7,5.735852,0.0,6.6,17.39925926,47.406666666666666,47.5,47.5,47.51,47.0,-8.581111089999998,-0.0288889099999991,0.0,8.890000000000002,8.890000000000002,17.489999992666664,8.890000000000002,6.9928136,7.063996,7.077433,7.063202,6.9613743,0,4.0,0,0.0,-1.19,34.9,65.1
2022-10-09 03:15:00,1244.949089011108,0.0,0.0,17.39925926,8.890000000000002,47.0,0,5.1764362714980825,70.66250196097344,3,6,10,0.7071067811865476,0.7071067811865476,-0.7818314824680299,0.6234898018587334,-0.8660254037844386,0.5000000000000001,0.0,0.0,0.0,14.025,27.925,87.25,74.75,2.725,5.7528296,0.0,6.9,17.361111100000002,47.01,47.406666666666666,47.5,47.5,47.0,-8.509259259999999,-0.0718518299999999,0.0,8.890000000000002,8.890000000000002,17.456790116666667,8.890000000000002,6.9613743,6.9928136,7.063996,7.077433,6.945517,0,4.0,0,0.0,-1.21,35.8,64.2
2022-10-09 03:30:00,1224.72350926666,0.0,0.0,17.361111100000002,8.890000000000002,47.0,0,5.1764362714980825,70.66250196097344,3,6,10,0.7071067811865476,0.7071067811865476,-0.7818314824680299,0.6234898018587334,-0.8660254037844386,0.5000000000000001,0.0,0.0,0.0,14.05,28.45,75.5,73.5,2.75,5.767966,0.0,7.199999999999999,17.32296294,47.0,47.01,47.406666666666666,47.5,47.0,-8.4711111,-0.0381481599999986,0.0,8.890000000000002,8.890000000000002,17.41049381666667,8.890000000000002,6.945517,6.9613743,6.9928136,7.063996,6.9296913,0,4.0,0,0.0,-1.22,36.2,63.8
2022-10-09 03:45:00,1218.825134077772,0.0,0.0,17.32296294,8.890000000000002,47.0,0,5.1764362714980825,70.66250196097344,3,6,10,0.7071067811865476,0.7071067811865476,-0.7818314824680299,0.6234898018587334,-0.8660254037844386,0.5000000000000001,0.0,0.0,0.0,14.075,28.975,63.75,72.25,2.775,5.7811913,0.0,7.5,17.27888891,47.0,47.0,47.01,47.406666666666666,47.0,-8.432962939999998,-0.0381481600000022,0.0,8.890000000000002,8.890000000000002,17.361111100000002,8.890000000000002,6.9296913,6.945517,6.9613743,6.9928136,6.911446,0,4.0,0,0.0,-1.23,36.7,63.3
2022-10-09 04:00:00,101.05651332777,0.0,0.0,17.27888891,8.890000000000002,47.0,0,5.1764362714980825,70.66250196097344,4,6,10,0.8660254037844386,0.5000000000000001,-0.7818314824680299,0.6234898018587334,-0.8660254037844386,0.5000000000000001,0.0,0.0,0.0,14.1,29.5,52.0,71.0,2.8,5.7924366,0.0,7.8,17.2777778,47.0,47.0,47.0,47.01,47.0,-8.388888909999997,-0.0440740300000008,0.0,8.890000000000002,8.890000000000002,17.320987650000003,8.890000000000002,6.911446,6.9296913,6.945517,6.9613743,6.9109883,0,4.0,0,0.0,-1.24,37.2,62.8
2022-10-09 04:15:00,36.202163122216,0.0,0.0,17.2777778,8.890000000000002,47.0,0,5.1764362714980825,70.66250196097344,4,6,10,0.8660254037844386,0.5000000000000001,-0.7818314824680299,0.6234898018587334,-0.8660254037844386,0.5000000000000001,0.0,0.0,0.0,13.95,29.425,43.5,71.25,2.775,5.7754025,0.0,7.7,17.276666688,47.0,47.0,47.0,47.0,47.0,-8.387777799999997,-0.00111111,0.0,8.890000000000002,8.890000000000002,17.293209883333333,8.890000000000002,6.9109883,6.911446,6.9296913,6.945517,6.9105287,0,4.0,0,0.0,-1.24,37.3,62.7
2022-10-09 04:30:00,24.030150022216,0.0,0.0,17.276666688,8.890000000000002,47.0,0,5.1764362714980825,70.66250196097344,4,6,10,0.8660254037844386,0.5000000000000001,-0.7818314824680299,0.6234898018587334,-0.8660254037844386,0.5000000000000001,0.0,0.0,0.0,13.8,29.35,35.0,71.5,2.75,5.7583175,0.0,7.6,17.232592578666665,47.0,47.0,47.0,47.0,47.0,-8.386666687999996,-0.0011111120000002,0.0,8.890000000000002,8.88,17.277777799333332,8.890000000000002,6.9105287,6.9109883,6.911446,6.9296913,6.8923264,0,4.0,0,0.0,-1.24,37.3,62.7
2022-10-09 04:45:00,39.798408066664,0.0,0.0,17.232592578666665,8.88,47.0,0,5.1764362714980825,70.66250196097344,4,6,10,0.8660254037844386,0.5000000000000001,-0.7818314824680299,0.6234898018587334,-0.8660254037844386,0.5000000000000001,0.0,0.0,0.0,13.65,29.275,26.5,71.75,2.725,5.741183,0.0,7.5,17.22111109,47.0,47.0,47.0,47.0,47.0,-8.352592578666664,-0.0440741093333336,-0.0100000000000015,8.890000000000002,8.76,17.26234568888889,8.88666666666667,6.8923264,6.9105287,6.9109883,6.911446,6.8875937,0,4.0,0,0.0,-1.25,37.8,62.2
2022-10-09 05:00:00,26.000626733328,0.0,0.0,17.22111109,8.76,47.0,0,5.1764362714980825,70.66250196097344,5,6,10,0.9659258262890684,0.2588190451025207,-0.7818314824680299,0.6234898018587334,-0.8660254037844386,0.5000000000000001,0.0,0.0,0.0,13.5,29.2,18.0,72.0,2.7,5.7239995,0.0,7.4,17.17703706,47.0,47.0,47.0,47.0,47.0,-8.461111090000001,-0.0114814886666643,-0.120000000000001,8.88,8.606666666666666,17.243456785555555,8.843333333333335,6.8875937,6.8923264,6.9105287,6.9109883,6.8694453,0,4.0,0,0.0,-1.25,37.9,62.1
2022-10-09 05:15:00,34.205576255552,0.0,0.0,17.17703706,8.606666666666666,47.0,0,5.1764362714980825,70.66250196097344,5,6,10,0.9659258262890684,0.2588190451025207,-0.7818314824680299,0.6234898018587334,-0.8660254037844386,0.5000000000000001,0.0,0.0,0.0,13.425,28.65,37.0,73.0,2.7,5.728728,0.0,7.2,17.1666667,47.0,47.0,47.0,47.0,46.99,-8.570370393333334,-0.0440740300000008,-0.1533333333333342,8.76,8.45,17.210246909555554,8.74888888888889,6.8694453,6.8875937,6.8923264,6.9105287,6.8637204,0,4.0,0,0.0,-1.27,38.5,61.5
2022-10-09 05:30:00,32.032885416662,0.0,0.0,17.1666667,8.45,46.99,0,5.1764362714980825,70.66250196097344,5,6,10,0.9659258262890684,0.2588190451025207,-0.7818314824680299,0.6234898018587334,-0.8660254037844386,0.5000000000000001,0.0,0.0,0.0,13.35,28.1,56.0,74.0,2.7,5.7322617,0.0,7.0,17.156296321333333,47.0,47.0,47.0,47.0,46.59333333333333,-8.716666700000001,-0.0103703599999995,-0.1566666666666663,8.606666666666666,8.309999999999999,17.188271616666665,8.605555555555556,6.8637204,6.8694453,6.8875937,6.8923264,6.8015547,0,4.0,0,0.0,-1.27,38.6,61.4
2022-10-09 05:45:00,23.655442727774,0.0,0.0,17.156296321333333,8.309999999999999,46.59333333333333,0,5.1764362714980825,70.66250196097344,5,6,10,0.9659258262890684,0.2588190451025207,-0.7818314824680299,0.6234898018587334,-0.8660254037844386,0.5000000000000001,0.0,0.0,0.0,13.275,27.55,75.0,75.0,2.7,5.7346277,0.0,6.8,17.112222212,46.99,47.0,47.0,47.0,46.5,-8.846296321333334,-0.0103703786666677,-0.1400000000000005,8.45,8.28,17.166666693777774,8.455555555555557,6.8015547,6.8637204,6.8694453,6.8875937,6.7700353,0,4.0,0,0.0,-1.27,38.8,61.2
2022-10-09 06:00:00,42.646071888888,0.0,0.0,17.112222212,8.28,46.5,0,5.1764362714980825,70.66250196097344,6,6,10,1.0,6.123233995736766e-17,-0.7818314824680299,0.6234898018587334,-0.8660254037844386,0.5000000000000001,0.0,0.0,0.0,13.2,27.0,94.0,76.0,2.7,5.735852,0.0,6.6,17.1111111,46.59333333333333,46.99,47.0,47.0,46.5,-8.832222212,-0.0440741093333336,-0.0299999999999993,8.309999999999999,8.28,17.145061744444444,8.34666666666667,6.7700353,6.8015547,6.8637204,6.8694453,6.769585,0,4.0,0,0.0,-1.28,39.4,60.6
2022-10-09 06:15:00,23.150185055556,0.0,0.0,17.1111111,8.28,46.5,0,5.1764362714980825,70.66250196097344,6,6,10,1.0,6.123233995736766e-17,-0.7818314824680299,0.6234898018587334,-0.8660254037844386,0.5000000000000001,0.0,0.0,0.0,13.1,26.725,95.25,76.25,2.6750000000000003,5.7266335,0.0,6.525,17.08444446,46.5,46.59333333333333,46.99,47.0,46.5,-8.8311111,-0.0011111120000002,0.0,8.28,8.28,17.12654321111111,8.290000000000001,6.769585,6.7700353,6.8015547,6.8637204,6.7587776,0,4.0,0,0.0,-1.28,39.4,60.6
2022-10-09 06:30:00,39.354536888888,0.0,0.0,17.08444446,8.28,46.5,0,5.1764362714980825,70.66250196097344,6,6,10,1.0,6.123233995736766e-17,-0.7818314824680299,0.6234898018587334,-0.8660254037844386,0.5000000000000001,0.0,0.0,0.0,13.0,26.45,96.5,76.5,2.6500000000000004,5.7173505,0.0,6.449999999999999,17.10074074,46.5,46.5,46.59333333333333,46.99,46.5,-8.804444460000001,-0.0266666399999984,0.0,8.28,8.28,17.102592590666664,8.28,6.7587776,6.769585,6.7700353,6.8015547,6.76538,0,4.0,0,0.0,-1.29,39.8,60.2
2022-10-09 06:45:00,26.39866634444,0.0,0.0,17.10074074,8.28,46.5,0,5.1764362714980825,70.66250196097344,6,6,10,1.0,6.123233995736766e-17,-0.7818314824680299,0.6234898018587334,-0.8660254037844386,0.5000000000000001,0.0,0.0,0.0,12.9,26.175,97.75,76.75,2.625,5.708007,0.0,6.375,17.10999999,46.5,46.5,46.5,46.59333333333333,46.5,-8.82074074,0.0162962799999988,0.0,8.28,8.28,17.098765433333334,8.28,6.76538,6.7587776,6.769585,6.7700353,6.7691345,0,4.0,0,0.0,-1.29,39.6,60.4
2022-10-09 07:00:00,31.744841472214,0.0,0.0,17.10999999,8.28,46.5,0,5.1764362714980825,70.66250196097344,7,6,10,0.9659258262890684,-0.2588190451025206,-0.7818314824680299,0.6234898018587334,-0.8660254037844386,0.5000000000000001,0.0,0.0,0.0,12.8,25.9,99.0,77.0,2.6,5.698598,0.0,6.3,17.06592596,46.5,46.5,46.5,46.5,46.406666666666666,-8.82999999,0.0092592499999994,0.0,8.28,8.28,17.09839506333333,8.28,6.7691345,6.76538,6.7587776,6.769585,6.7377315,0,4.0,0,0.0,-1.28,39.4,60.6
2022-10-09 07:15:00,34.275573455552,0.0,0.0,17.06592596,8.28,46.406666666666666,0,5.1764362714980825,70.66250196097344,7,6,10,0.9659258262890684,-0.2588190451025206,-0.7818314824680299,0.6234898018587334,-0.8660254037844386,0.5000000000000001,6.0,1.5,0.5,13.125,26.0,78.0,76.5,2.725,5.7547884,0.0,6.55,17.0555556,46.5,46.5,46.5,46.5,46.01,-8.785925960000002,-0.0440740299999973,0.0,8.28,8.28,17.09222223,8.28,6.7377315,6.7691345,6.76538,6.7587776,6.67599,0,4.0,0,0.0,-1.29,40.0,60.0
2022-10-09 07:30:00,27.958881866656,0.0,0.0,17.0555556,8.28,46.01,0,5.1764362714980825,70.66250196097344,7,6,10,0.9659258262890684,-0.2588190451025206,-0.7818314824680299,0.6234898018587334,-0.8660254037844386,0.5000000000000001,12.0,4.5,1.5,13.45,26.1,57.0,76.0,2.85,5.8110895,0.0,6.8,17.0555556,46.406666666666666,46.5,46.5,46.5,46.0,-8.775555600000002,-0.0103703599999995,0.0,8.28,8.308666666666666,17.077160516666666,8.28,6.67599,6.7377315,6.7691345,6.76538,6.6745396,0,4.0,0,0.0,-1.3,40.2,59.8
2022-10-09 07:45:00,34.39334654444,0.0,0.0,17.0555556,8.308666666666666,46.0,0,5.1764362714980825,70.66250196097344,7,6,10,0.9659258262890684,-0.2588190451025206,-0.7818314824680299,0.6234898018587334,-0.8660254037844386,0.5000000000000001,18.0,9.0,3.0,13.775,26.2,36.0,75.5,2.975,5.8674903,0.0,7.05,17.027777800000003,46.01,46.406666666666666,46.5,46.5,46.0,-8.746888933333336,0.0,0.0286666666666661,8.28,8.652666666666667,17.05901238666667,8.289555555555557,6.6745396,6.67599,6.7377315,6.7691345,6.6634364,0,4.0,0,0.0,-1.3,40.2,59.8
2022-10-09 08:00:00,27.67000440555,0.0,0.0,17.027777800000003,8.652666666666667,46.0,0,5.1764362714980825,70.66250196097344,8,6,10,0.8660254037844387,-0.4999999999999998,-0.7818314824680299,0.6234898018587334,-0.8660254037844386,0.5000000000000001,24.0,15.0,5.0,14.1,26.3,15.0,75.0,3.1,5.9239817,0.0,7.3,17.0,46.0,46.01,46.406666666666666,46.5,46.0,-8.375111133333336,-0.027777799999999,0.3440000000000012,8.308666666666666,9.082666666666666,17.046296333333334,8.41377777777778,6.6634364,6.6745396,6.67599,6.7377315,6.6523476,0,4.0,0,0.0,-1.31,40.6,59.4
2022-10-09 08:15:00,32.201767644436,0.0,0.0,17.0,9.082666666666666,46.0,0,5.1764362714980825,70.66250196097344,8,6,10,0.8660254037844387,-0.4999999999999998,-0.7818314824680299,0.6234898018587334,-0.8660254037844386,0.5000000000000001,59.25,28.3125,9.9375,13.375,26.825,18.5,74.0,3.4,6.04694,0.0,7.825,17.002222222,46.0,46.0,46.01,46.406666666666666,46.0,-7.917333333333334,-0.0277778000000026,0.4299999999999997,8.652666666666667,9.512666666666666,17.0277778,8.681333333333335,6.6523476,6.6634364,6.6745396,6.67599,6.653233,0,4.0,0,0.0,-1.31,40.9,59.1
2022-10-09 08:30:00,32.753412111108,0.0,0.0,17.002222222,9.512666666666666,46.0,0,5.1764362714980825,70.66250196097344,8,6,10,0.8660254037844387,-0.4999999999999998,-0.7818314824680299,0.6234898018587334,-0.8660254037844386,0.5000000000000001,94.5,48.9375,17.8125,12.65,27.35,22.0,73.0,3.7,6.170424,0.0,8.35,17.14222221733333,46.0,46.0,46.0,46.01,46.0,-7.489555555333334,0.0022222220000003,0.4299999999999997,9.082666666666666,9.951333333333334,17.010000007333336,9.082666666666668,6.653233,6.6523476,6.6634364,6.6745396,6.709285,0,4.0,0,0.0,-1.31,40.9,59.1
2022-10-09 08:45:00,32.81590964444,0.0,0.0,17.14222221733333,9.951333333333334,46.0,0,5.1764362714980825,70.66250196097344,8,6,10,0.8660254037844387,-0.4999999999999998,-0.7818314824680299,0.6234898018587334,-0.8660254037844386,0.5000000000000001,129.75,76.875,28.625,11.925,27.875,25.5,72.0,4.0,6.294335,0.0,8.875,17.590000015999998,46.0,46.0,46.0,46.0,45.73,-7.190888883999996,0.1399999953333299,0.4386666666666681,9.512666666666666,10.481333333333334,17.048148146444444,9.515555555555558,6.709285,6.653233,6.6523476,6.6634364,6.850871,0,4.0,0,0.0,-1.28,39.2,60.8
2022-10-09 09:00:00,28.741072627774,0.0,0.0,17.590000015999998,10.481333333333334,45.73,0,5.1764362714980825,70.66250196097344,9,6,10,0.7071067811865476,-0.7071067811865475,-0.7818314824680299,0.6234898018587334,-0.8660254037844386,0.5000000000000001,165.0,112.125,42.375,11.2,28.4,29.0,71.0,4.3,6.418571,0.0,9.4,18.3888889,46.0,46.0,46.0,46.0,44.59333333333333,-7.108666682666664,0.4477777986666673,0.5299999999999994,9.951333333333334,11.036666666666669,17.244814818444443,9.98177777777778,6.850871,6.709285,6.653233,6.6523476,7.005756,0,4.0,0,0.0,-1.17,33.8,66.2
2022-10-09 09:15:00,35.894953211104,0.0,0.0,18.3888889,11.036666666666669,44.59333333333333,0,5.1764362714980825,70.66250196097344,9,6,10,0.7071067811865476,-0.7071067811865475,-0.7818314824680299,0.6234898018587334,-0.8660254037844386,0.5000000000000001,210.25,149.875,59.895833333333336,12.25,29.85,22.0,68.75,4.4,6.446604,0.0,9.975,19.072222238,45.73,46.0,46.0,46.0,43.76,-7.352222233333331,0.7988888840000001,0.5553333333333335,10.481333333333334,11.591333333333331,17.707037044444444,10.48977777777778,7.005756,6.850871,6.709285,6.653233,7.158376,0,4.0,0,0.0,-0.99,25.5,74.5
2022-10-09 09:30:00,24.069315055552,0.0,0.0,19.072222238,11.591333333333331,43.76,0,5.1764362714980825,70.66250196097344,9,6,10,0.7071067811865476,-0.7071067811865475,-0.7818314824680299,0.6234898018587334,-0.8660254037844386,0.5000000000000001,255.5,190.125,81.1875,13.3,31.3,15.0,66.5,4.5,6.4667215,0.0,10.55,19.253333317333333,44.59333333333333,45.73,46.0,46.0,43.5,-7.480888904666665,0.6833333380000006,0.554666666666666,11.036666666666669,12.127333333333333,18.350370384666665,11.036444444444449,7.158376,7.005756,6.850871,6.709285,7.192218,0,4.0,0,0.0,-0.83,19.6,80.4
2022-10-09 09:45:00,340.355829655556,0.0,0.0,19.253333317333333,12.127333333333333,43.5,0,5.1764362714980825,70.66250196097344,9,6,10,0.7071067811865476,-0.7071067811865475,-0.7818314824680299,0.6234898018587334,-0.8660254037844386,0.5000000000000001,300.75,232.875,106.25,14.35,32.75,8.0,64.25,4.6,6.4783754,0.0,11.125,19.558888884,43.76,44.59333333333333,45.73,46.0,43.24,-7.125999984,0.1811110793333341,0.5359999999999996,11.591333333333331,12.45,18.90481481844444,11.585111111111113,7.192218,7.158376,7.005756,6.850871,7.2789073,0,4.0,0,0.0,-0.79,18.1,81.9
2022-10-09 10:00:00,28.425807538882,0.0,0.0,19.558888884,12.45,43.24,0,5.1764362714980825,70.66250196097344,10,6,10,0.4999999999999999,-0.8660254037844387,-0.7818314824680299,0.6234898018587334,-0.8660254037844386,0.5000000000000001,346.0,278.125,135.08333333333334,15.4,34.2,1.0,62.0,4.7,6.4810023,0.0,11.7,20.117777816,43.5,43.76,44.59333333333333,45.73,42.406666666666666,-7.108888883999999,0.3055555666666656,0.3226666666666666,12.127333333333333,12.714666666666666,19.294814813111103,12.056222222222225,7.2789073,7.192218,7.158376,7.005756,7.376425,0,4.0,0,0.0,-0.72,15.9,84.1
2022-10-09 10:15:00,28.208038433328,0.0,0.0,20.117777816,12.714666666666666,42.406666666666666,0,5.1764362714980825,70.66250196097344,10,6,10,0.4999999999999999,-0.8660254037844387,-0.7818314824680299,0.6234898018587334,-0.8660254037844386,0.5000000000000001,383.5,321.4375,166.54166666666666,16.525,36.900000000000006,3.0,60.0,4.55,6.4105735,0.0,12.05,21.136666678,43.24,43.5,43.76,44.59333333333333,41.0,-7.403111149333334,0.5588889320000021,0.2646666666666668,12.45,12.98,19.64333333911111,12.430666666666667,7.376425,7.2789073,7.192218,7.158376,7.5679917,0,4.0,0,0.0,-0.59,12.4,87.6
2022-10-09 10:30:00,37.56044193889,0.0,0.0,21.136666678,12.98,41.0,0,5.1764362714980825,70.66250196097344,10,6,10,0.4999999999999999,-0.8660254037844387,-0.7818314824680299,0.6234898018587334,-0.8660254037844386,0.5000000000000001,421.0,362.8125,200.625,17.65,39.6,5.0,58.0,4.4,6.3334737,0.0,12.4,22.10074074,42.406666666666666,43.24,43.5,43.76,39.5,-8.156666677999999,1.0188888619999972,0.2653333333333325,12.714666666666666,13.245333333333331,20.271111126,12.714888888888892,7.5679917,7.376425,7.2789073,7.192218,7.709097,0,4.0,0,0.0,-0.36,7.7,92.3
2022-10-09 10:45:00,23.239070533328,0.0,0.0,22.10074074,13.245333333333331,39.5,0,5.1764362714980825,70.66250196097344,10,6,10,0.4999999999999999,-0.8660254037844387,-0.7818314824680299,0.6234898018587334,-0.8660254037844386,0.5000000000000001,458.5,402.25,237.33333333333331,18.775,42.3,7.0,56.0,4.25,6.249476,0.0,12.75,22.82444446,41.0,42.406666666666666,43.24,43.5,38.27,-8.855407406666666,0.9640740620000016,0.2653333333333343,12.98,13.520666666666669,21.118395078,12.98,7.709097,7.5679917,7.376425,7.2789073,7.7860923,0,4.0,0,0.0,-0.14,5.4,94.6
2022-10-09 11:00:00,42.56885292777,0.0,0.0,22.82444446,13.520666666666669,38.27,0,5.1764362714980825,70.66250196097344,11,6,10,0.258819045102521,-0.9659258262890682,-0.7818314824680299,0.6234898018587334,-0.8660254037844386,0.5000000000000001,496.0,439.75,276.6666666666667,19.9,45.0,9.0,54.0,4.1,6.1583505,0.0,13.1,23.121481478666663,39.5,41.0,42.406666666666666,43.24,37.906666666666666,-9.303777793333332,0.7237037199999996,0.2753333333333341,13.245333333333331,13.798666666666666,22.020617292666667,13.248666666666669,7.7860923,7.709097,7.5679917,7.376425,7.8443627,0,4.0,0,0.0,0.02,5.0,95.0
2022-10-09 11:15:00,22.97241456666,0.0,0.0,23.121481478666663,13.798666666666666,37.906666666666666,0,5.1764362714980825,70.66250196097344,11,6,10,0.258819045102521,-0.9659258262890682,-0.7818314824680299,0.6234898018587334,-0.8660254037844386,0.5000000000000001,518.0,473.375,314.8958333333333,20.95,47.525,17.5,52.75,3.975,6.1094475,0.0,13.35,23.263333354,38.27,39.5,41.0,42.406666666666666,37.52,-9.322814812,0.2970370186666677,0.2779999999999987,13.520666666666669,14.076,22.682222226222223,13.521555555555556,7.8443627,7.7860923,7.709097,7.5679917,7.8275146,0,4.0,0,0.0,0.09,5.2,94.8
2022-10-09 11:30:00,43.433818211108,0.0,0.0,23.263333354,14.076,37.52,0,5.1764362714980825,70.66250196097344,11,6,10,0.258819045102521,-0.9659258262890682,-0.7818314824680299,0.6234898018587334,-0.8660254037844386,0.5000000000000001,540.0,503.125,352.0208333333333,22.0,50.05,26.0,51.5,3.85,6.057343,0.0,13.6,22.62888888533333,37.906666666666666,38.27,39.5,41.0,38.28,-9.187333354000002,0.1418518753333337,0.277333333333333,13.798666666666666,14.354,23.06975309755555,13.798444444444444,7.8275146,7.8443627,7.7860923,7.709097,7.701306,0,4.0,0,0.0,0.12,5.3,94.7
2022-10-09 11:45:00,645.04030852222,0.0,0.0,22.62888888533333,14.354,38.28,0,5.1764362714980825,70.66250196097344,11,6,10,0.258819045102521,-0.9659258262890682,-0.7818314824680299,0.6234898018587334,-0.8660254037844386,0.5000000000000001,562.0,529.0,388.0416666666667,23.05,52.575,34.5,50.25,3.725,6.001959,0.0,13.85,21.375555592,37.52,37.906666666666666,38.27,39.5,40.73,-8.274888885333331,-0.6344444686666684,0.2780000000000022,14.076,14.654,23.004567906,14.076222222222222,7.701306,7.8275146,7.8443627,7.7860923,7.623019,0,4.0,0,0.0,-0.03,5.0,95.0
2022-10-09 12:00:00,189.513530272222,0.0,0.0,21.375555592,14.654,40.73,0,5.1764362714980825,70.66250196097344,12,6,10,1.2246467991473532e-16,-1.0,-0.7818314824680299,0.6234898018587334,-0.8660254037844386,0.5000000000000001,584.0,551.0,422.9583333333333,24.1,55.1,43.0,49.0,3.6,5.9432178,0.0,14.1,20.732592578666665,38.28,37.52,37.906666666666666,38.27,42.31333333333334,-6.721555592000001,-1.2533332933333303,0.2999999999999989,14.354,14.96,22.422592610444443,14.361333333333334,7.623019,7.701306,7.8275146,7.8443627,7.629087,0,4.0,0,0.0,-0.31,7.0,93.0
2022-10-09 12:15:00,72.787643977776,0.0,0.0,20.732592578666665,14.96,42.31333333333334,0,5.1764362714980825,70.66250196097344,12,6,10,1.2246467991473532e-16,-1.0,-0.7818314824680299,0.6234898018587334,-0.8660254037844386,0.5000000000000001,559.75,561.4375,452.0833333333333,24.025,54.725,57.25,48.0,3.45,5.875726,0.0,14.25,20.334444412,40.73,38.28,37.52,37.906666666666666,42.5,-5.772592578666664,-0.6429630133333362,0.3060000000000009,14.654,15.264,21.579012352000003,14.656,7.629087,7.623019,7.701306,7.8275146,7.486884,0,4.0,0,0.0,-0.45,9.2,90.8
2022-10-09 12:30:00,61.666144472218,0.0,0.0,20.334444412,15.264,42.5,0,5.1764362714980825,70.66250196097344,12,6,10,1.2246467991473532e-16,-1.0,-0.7818314824680299,0.6234898018587334,-0.8660254037844386,0.5000000000000001,535.5,560.3125,475.4166666666667,23.950000000000003,54.35,71.5,47.0,3.3,5.8064165,0.0,14.4,20.0,42.31333333333334,40.73,38.28,37.52,42.5,-5.070444411999999,-0.3981481666666653,0.3040000000000002,14.96,15.53,20.814197527555557,14.959333333333335,7.486884,7.629087,7.623019,7.701306,7.3418713,0,4.0,0,0.0,-0.54,11.2,88.8
2022-10-09 12:45:00,71.311591855556,0.0,0.0,20.0,15.53,42.5,0,5.1764362714980825,70.66250196097344,12,6,10,1.2246467991473532e-16,-1.0,-0.7818314824680299,0.6234898018587334,-0.8660254037844386,0.5000000000000001,511.25,547.625,492.9583333333333,23.875,53.975,85.75,46.0,3.15,5.7352643,0.0,14.55,19.725555582,42.5,42.31333333333334,40.73,38.28,42.49,-4.470000000000001,-0.3344444119999998,0.2659999999999982,15.264,15.346666666666666,20.355678996888887,15.251333333333337,7.3418713,7.486884,7.629087,7.623019,7.223001,0,4.0,0,0.0,-0.62,13.1,86.9
2022-10-09 13:00:00,155.31767596110998,0.0,0.0,19.725555582,15.346666666666666,42.49,0,5.1764362714980825,70.66250196097344,13,6,10,-0.2588190451025208,-0.9659258262890684,-0.7818314824680299,0.6234898018587334,-0.8660254037844386,0.5000000000000001,487.0,523.375,504.7083333333333,23.8,53.6,100.0,45.0,3.0,5.662242,0.0,14.7,19.59037036133333,42.5,42.5,42.31333333333334,40.73,42.18666666666666,-4.378888915333336,-0.2744444179999981,-0.1833333333333335,15.53,15.04,20.019999998,15.380222222222224,7.223001,7.3418713,7.486884,7.629087,7.11474,0,4.0,0,0.0,-0.68,14.8,85.2
2022-10-09 13:15:00,1229.726086688892,0.0,0.0,19.59037036133333,15.04,42.18666666666666,0,5.1764362714980825,70.66250196097344,13,6,10,-0.2588190451025208,-0.9659258262890684,-0.7818314824680299,0.6234898018587334,-0.8660254037844386,0.5000000000000001,418.0,487.9375,507.5833333333333,22.725,53.35,100.0,45.0,2.925,5.627757,0.0,14.6,19.419999984,42.49,42.5,42.5,42.31333333333334,42.49,-4.550370361333332,-0.1351852206666706,-0.3066666666666666,15.346666666666666,14.736666666666668,19.771975314444443,15.305555555555555,7.11474,7.223001,7.3418713,7.486884,7.0944853,0,4.0,0,0.0,-0.72,15.8,84.2
2022-10-09 13:30:00,1100.336262655552,0.0,0.0,19.419999984,14.736666666666668,42.49,0,5.1764362714980825,70.66250196097344,13,6,10,-0.2588190451025208,-0.9659258262890684,-0.7818314824680299,0.6234898018587334,-0.8660254037844386,0.5000000000000001,349.0,441.3125,501.5833333333333,21.65,53.1,100.0,45.0,2.85,5.5934553,0.0,14.5,19.35777778266667,42.18666666666666,42.49,42.5,42.5,42.5,-4.683333317333332,-0.1703703773333309,-0.303333333333331,15.04,14.47,19.578641975777774,15.041111111111112,7.0944853,7.11474,7.223001,7.3418713,7.070223,0,4.0,0,0.0,-0.76,17.0,83.0
2022-10-09 13:45:00,45.91899641667,0.0,0.0,19.35777778266667,14.47,42.5,0,5.1764362714980825,70.66250196097344,13,6,10,-0.2588190451025208,-0.9659258262890684,-0.7818314824680299,0.6234898018587334,-0.8660254037844386,0.5000000000000001,280.0,383.5,486.7083333333333,20.575,52.85,100.0,45.0,2.7750000000000004,5.559335,0.0,14.4,19.14000001,42.49,42.18666666666666,42.49,42.5,42.75,-4.887777782666669,-0.0622222013333306,-0.2666666666666675,14.736666666666668,14.654,19.456049376,14.74888888888889,7.070223,7.0944853,7.11474,7.223001,7.0211654,0,4.0,0,0.0,-0.77,17.5,82.5
2022-10-09 14:00:00,39.784797444444,0.0,0.0,19.14000001,14.654,42.75,0,5.1764362714980825,70.66250196097344,14,6,10,-0.4999999999999997,-0.8660254037844388,-0.7818314824680299,0.6234898018587334,-0.8660254037844386,0.5000000000000001,211.0,314.5,462.9583333333333,19.5,52.6,100.0,45.0,2.7,5.5253963,0.0,14.3,18.944444418666667,42.5,42.49,42.18666666666666,42.49,43.09333333333333,-4.4860000100000015,-0.2177777726666683,0.1839999999999992,14.47,14.96,19.30592592555556,14.620222222222225,7.0211654,7.070223,7.0944853,7.11474,6.9963646,0,4.0,0,0.0,-0.82,19.2,80.8
2022-10-09 14:15:00,48.310289744444,0.0,0.0,18.944444418666667,14.96,43.09333333333333,0,5.1764362714980825,70.66250196097344,14,6,10,-0.4999999999999997,-0.8660254037844388,-0.7818314824680299,0.6234898018587334,-0.8660254037844386,0.5000000000000001,205.25,261.3125,436.8958333333333,18.6,51.05,100.0,47.25,3.1500000000000004,5.7485657,0.0,14.15,18.778888862,42.75,42.5,42.49,42.18666666666666,43.49,-3.9844444186666657,-0.1955555913333349,0.3060000000000009,14.654,15.264,19.14740740377778,14.694666666666668,6.9963646,7.0211654,7.070223,7.0944853,6.9920363,0,4.0,0,0.0,-0.86,20.8,79.2
2022-10-09 14:30:00,38.095698477772,0.0,0.0,18.778888862,15.264,43.49,0,5.1764362714980825,70.66250196097344,14,6,10,-0.4999999999999997,-0.8660254037844388,-0.7818314824680299,0.6234898018587334,-0.8660254037844386,0.5000000000000001,199.5,223.9375,408.5208333333333,17.7,49.5,100.0,49.5,3.6,5.967122,0.0,14.0,18.656296321333333,43.09333333333333,42.75,42.5,42.49,43.5,-3.5148888619999976,-0.1655555566666677,0.3040000000000002,14.96,15.54,18.954444430222225,14.959333333333335,6.9920363,6.9963646,7.0211654,7.070223,6.943112,0,4.0,0,0.0,-0.9,22.1,77.9
2022-10-09 14:45:00,49.727177516666,0.0,0.0,18.656296321333333,15.54,43.5,0,5.1764362714980825,70.66250196097344,14,6,10,-0.4999999999999997,-0.8660254037844388,-0.7818314824680299,0.6234898018587334,-0.8660254037844386,0.5000000000000001,193.75,202.375,377.8333333333333,16.8,47.95,100.0,51.75,4.05,6.181122,0.0,13.85,18.530000022000003,43.49,43.09333333333333,42.75,42.5,43.52,-3.116296321333333,-0.1225925406666661,0.275999999999998,15.264,15.48,18.79320986733333,15.254666666666669,6.943112,6.9920363,6.9963646,7.0211654,6.894557,0,4.0,0,0.0,-0.93,23.2,76.8
2022-10-09 15:00:00,46.289259555552,0.0,0.0,18.530000022000003,15.48,43.52,0,5.1764362714980825,70.66250196097344,15,6,10,-0.7071067811865471,-0.7071067811865479,-0.7818314824680299,0.6234898018587334,-0.8660254037844386,0.5000000000000001,188.0,196.625,344.8333333333333,15.9,46.4,100.0,54.0,4.5,6.3906217,0.0,13.7,18.48962962133333,43.5,43.49,43.09333333333333,42.75,44.31333333333334,-3.0500000220000043,-0.1262962993333296,-0.0600000000000005,15.54,15.326666666666666,18.65506173511111,15.428000000000004,6.894557,6.943112,6.9920363,6.9963646,7.003467,0,4.0,0,0.0,-0.96,24.4,75.6
2022-10-09 15:15:00,35.519412483334,0.0,0.0,18.48962962133333,15.326666666666666,44.31333333333334,0,5.1764362714980825,70.66250196097344,15,6,10,-0.7071067811865471,-0.7071067811865479,-0.7818314824680299,0.6234898018587334,-0.8660254037844386,0.5000000000000001,176.0,189.3125,312.8541666666667,14.8,43.525,95.75,57.0,5.0,6.6527886,0.0,13.475,18.416666650000003,43.52,43.5,43.49,43.09333333333333,44.76,-3.162962954666666,-0.0403704006666707,-0.1533333333333324,15.48,15.17,18.558641988222224,15.44888888888889,7.003467,6.894557,6.943112,6.9920363,7.043532,0,4.0,0,0.0,-0.96,24.6,75.4
2022-10-09 15:30:00,54.006728461114,0.0,0.0,18.416666650000003,15.17,44.76,0,5.1764362714980825,70.66250196097344,15,6,10,-0.7071067811865471,-0.7071067811865479,-0.7818314824680299,0.6234898018587334,-0.8660254037844386,0.5000000000000001,164.0,180.4375,281.8958333333333,13.7,40.65,91.5,60.0,5.5,6.906354,0.0,13.25,18.333333318666668,44.31333333333334,43.52,43.5,43.49,45.5,-3.2466666500000034,-0.0729629713333288,-0.1566666666666663,15.326666666666666,15.011333333333331,18.478765431111118,15.325555555555558,7.043532,7.003467,6.894557,6.943112,7.1246796,0,4.0,0,0.0,-0.98,25.2,74.8
2022-10-09 15:45:00,42.56968614444,0.0,0.0,18.333333318666668,15.011333333333331,45.5,0,5.1764362714980825,70.66250196097344,15,6,10,-0.7071067811865471,-0.7071067811865479,-0.7818314824680299,0.6234898018587334,-0.8660254037844386,0.5000000000000001,152.0,170.0,251.95833333333331,12.6,37.775,87.25,63.0,6.0,7.15148,0.0,13.025,18.276666688,44.76,44.31333333333334,43.52,43.5,46.25,-3.321999985333335,-0.0833333313333355,-0.1586666666666669,15.17,14.76,18.413209863333336,15.169333333333336,7.1246796,7.043532,7.003467,6.894557,7.2178054,0,4.0,0,0.0,-0.99,25.9,74.1
2022-10-09 16:00:00,72.233777299996,0.0,0.0,18.276666688,14.76,46.25,0,5.1764362714980825,70.66250196097344,16,6,10,-0.8660254037844385,-0.5000000000000004,-0.7818314824680299,0.6234898018587334,-0.8660254037844386,0.5000000000000001,140.0,158.0,223.04166666666663,11.5,34.9,83.0,66.0,6.5,7.3883286,0.0,12.8,18.17703706,45.5,44.76,44.31333333333334,43.52,47.0,-3.516666687999999,-0.0566666306666689,-0.2513333333333332,15.011333333333331,14.482,18.34222221888889,14.980444444444446,7.2178054,7.1246796,7.043532,7.003467,7.291587,0,4.0,0,0.0,-1.0,26.3,73.7
2022-10-09 16:15:00,815.24238908333,0.0,0.0,18.17703706,14.482,47.0,0,5.1764362714980825,70.66250196097344,16,6,10,-0.8660254037844385,-0.5000000000000004,-0.7818314824680299,0.6234898018587334,-0.8660254037844386,0.5000000000000001,160.5,154.125,201.58333333333331,11.8,35.35,87.25,66.75,6.55,7.41457,0.125,12.675,18.084444462,46.25,45.5,44.76,44.31333333333334,47.75,-3.6950370600000007,-0.0996296279999988,-0.2780000000000004,14.76,14.204666666666666,18.26234568888889,14.751111111111111,7.291587,7.2178054,7.1246796,7.043532,7.367294,0,4.0,0,0.0,-1.02,27.1,72.9
2022-10-09 16:30:00,241.967820949998,0.0,0.0,18.084444462,14.204666666666666,47.75,0,5.1764362714980825,70.66250196097344,16,6,10,-0.8660254037844385,-0.5000000000000004,-0.7818314824680299,0.6234898018587334,-0.8660254037844386,0.5000000000000001,181.0,158.375,187.58333333333331,12.1,35.8,91.5,67.5,6.6,7.439905,0.25,12.55,18.0555556,47.0,46.25,45.5,44.76,48.406666666666666,-3.879777795333334,-0.0925925979999995,-0.277333333333333,14.482,13.936,18.179382736666664,14.482222222222225,7.367294,7.291587,7.2178054,7.1246796,7.455793,0,4.0,0,0.0,-1.04,27.9,72.1
2022-10-09 16:45:00,262.879484449998,0.0,0.0,18.0555556,13.936,48.406666666666666,0,5.1764362714980825,70.66250196097344,16,6,10,-0.8660254037844385,-0.5000000000000004,-0.7818314824680299,0.6234898018587334,-0.8660254037844386,0.5000000000000001,201.5,170.75,181.04166666666663,12.4,36.25,95.75,68.25,6.65,7.4643483,0.375,12.425,18.028888912000003,47.75,47.0,46.25,45.5,48.74,-4.119555600000002,-0.0288888619999987,-0.2686666666666664,14.204666666666666,13.76,18.10567904066667,14.207555555555558,7.455793,7.367294,7.291587,7.2178054,7.4952397,0,4.0,0,0.0,-1.05,28.1,71.9
2022-10-09 17:00:00,636.116498955548,0.0,0.0,18.028888912000003,13.76,48.74,0,5.1764362714980825,70.66250196097344,17,6,10,-0.9659258262890684,-0.2588190451025206,-0.7818314824680299,0.6234898018587334,-0.8660254037844386,0.5000000000000001,222.0,191.25,181.95833333333331,12.7,36.7,100.0,69.0,6.7,7.4879084,0.5,12.3,18.034814842666663,48.406666666666666,47.75,47.0,46.25,48.59333333333333,-4.268888912000003,-0.0266666879999988,-0.1760000000000001,13.936,13.606666666666666,18.05629632466667,13.96688888888889,7.4952397,7.455793,7.367294,7.291587,7.4753184,0,4.0,0,0.0,-1.05,28.3,71.7
2022-10-09 17:15:00,104.45526603889,0.0,0.0,18.034814842666663,13.606666666666666,48.59333333333333,0,5.1764362714980825,70.66250196097344,17,6,10,-0.9659258262890684,-0.2588190451025206,-0.7818314824680299,0.6234898018587334,-0.8660254037844386,0.5000000000000001,177.75,195.5625,179.66666666666666,11.975,34.175000000000004,100.0,69.5,6.65,7.4720254,0.375,12.15,18.026666688,48.74,48.406666666666666,47.75,47.0,48.0,-4.4281481760000005,0.0059259306666632,-0.1533333333333342,13.76,13.45,18.039753118222222,13.767555555555557,7.4753184,7.4952397,7.455793,7.367294,7.3804655,0,4.0,0,0.0,-1.05,28.2,71.8
2022-10-09 17:30:00,112.168013116666,0.0,0.0,18.026666688,13.45,48.0,0,5.1764362714980825,70.66250196097344,17,6,10,-0.9659258262890684,-0.2588190451025206,-0.7818314824680299,0.6234898018587334,-0.8660254037844386,0.5000000000000001,133.5,183.6875,174.16666666666666,11.25,31.65,100.0,70.0,6.6,7.455707,0.25,12.0,17.975555536,48.59333333333333,48.74,48.406666666666666,47.75,47.68666666666666,-4.576666688,-0.0081481546666672,-0.1566666666666663,13.606666666666666,13.292,18.03012348088889,13.605555555555556,7.3804655,7.4753184,7.4952397,7.455793,7.310028,0,4.0,0,0.0,-1.05,28.5,71.5
2022-10-09 17:45:00,91.74994093889,0.0,0.0,17.975555536,13.292,47.68666666666666,0,5.1764362714980825,70.66250196097344,17,6,10,-0.9659258262890684,-0.2588190451025206,-0.7818314824680299,0.6234898018587334,-0.8660254037844386,0.5000000000000001,89.25,155.625,165.45833333333334,10.525,29.125,100.0,70.5,6.55,7.4389596,0.125,11.85,18.054444438,48.0,48.59333333333333,48.74,48.406666666666666,48.47,-4.683555536000002,-0.0511111519999971,-0.1579999999999994,13.45,13.050666666666666,18.01234568888889,13.449555555555555,7.310028,7.3804655,7.4753184,7.4952397,7.465056,0,4.0,0,0.0,-1.07,29.1,70.9
2022-10-09 18:00:00,97.56248617778,0.0,0.0,18.054444438,13.050666666666666,48.47,0,5.1764362714980825,70.66250196097344,18,6,10,-1.0,-1.8369701987210294e-16,-0.7818314824680299,0.6234898018587334,-0.8660254037844386,0.5000000000000001,45.0,111.375,153.54166666666666,9.8,26.6,100.0,71.0,6.5,7.4217935,0.0,11.7,18.121481478666663,47.68666666666666,48.0,48.59333333333333,48.74,48.09333333333333,-5.003777771333335,0.0788889019999992,-0.2413333333333334,13.292,12.785333333333334,18.018888887333336,13.264222222222225,7.465056,7.310028,7.3804655,7.4753184,7.436619,0,4.0,0,0.0,-1.05,28.1,71.9
2022-10-09 18:15:00,91.368011899996,0.0,0.0,18.121481478666663,12.785333333333334,48.09333333333333,0,5.1764362714980825,70.66250196097344,18,6,10,-1.0,-1.8369701987210294e-16,-0.7818314824680299,0.6234898018587334,-0.8660254037844386,0.5000000000000001,34.5,75.5625,141.75,9.725,25.0,100.0,71.0,6.4,7.3524375,0.0,11.55,18.193333338,48.47,47.68666666666666,48.0,48.59333333333333,48.25,-5.336148145333333,0.0670370406666656,-0.2653333333333325,13.050666666666666,12.520666666666669,18.05049381755556,13.042666666666667,7.436619,7.465056,7.310028,7.3804655,7.4927626,0,4.0,0,0.0,-1.03,27.5,72.5
2022-10-09 18:30:00,89.608082299996,0.0,0.0,18.193333338,12.520666666666669,48.25,0,5.1764362714980825,70.66250196097344,18,6,10,-1.0,-1.8369701987210294e-16,-0.7818314824680299,0.6234898018587334,-0.8660254037844386,0.5000000000000001,24.0,48.1875,130.08333333333334,9.65,23.4,100.0,71.0,6.3,7.2836456,0.0,11.4,18.2222222,48.09333333333333,48.47,47.68666666666666,48.0,48.5,-5.672666671333335,0.0718518593333357,-0.2646666666666668,12.785333333333334,12.273333333333332,18.123086418222226,12.785555555555556,7.4927626,7.436619,7.465056,7.310028,7.544518,0,4.0,0,0.0,-1.01,26.7,73.3
2022-10-09 18:45:00,99.191309972222,0.0,0.0,18.2222222,12.273333333333332,48.5,0,5.1764362714980825,70.66250196097344,18,6,10,-1.0,-1.8369701987210294e-16,-0.7818314824680299,0.6234898018587334,-0.8660254037844386,0.5000000000000001,13.5,29.25,118.54166666666669,9.575,21.8,100.0,71.0,6.199999999999999,7.215416,0.0,11.25,18.25,48.25,48.09333333333333,48.47,47.68666666666666,48.51,-5.948888866666668,0.0288888619999987,-0.2473333333333336,12.520666666666669,12.22,18.17901233888889,12.526444444444444,7.544518,7.4927626,7.436619,7.465056,7.558528,0,4.0,0,0.0,-1.01,26.4,73.6
2022-10-09 19:00:00,86.56375947778,0.0,0.0,18.25,12.22,48.51,0,5.1764362714980825,70.66250196097344,19,6,10,-0.9659258262890684,0.2588190451025203,-0.7818314824680299,0.6234898018587334,-0.8660254037844386,0.5000000000000001,3.0,18.75,107.125,9.5,20.2,100.0,71.0,6.1,7.1477423,0.0,11.1,18.2777778,48.5,48.25,48.09333333333333,48.47,48.906666666666666,-6.029999999999999,0.027777799999999,-0.0533333333333327,12.273333333333332,12.22,18.221851846000003,12.338000000000005,7.558528,7.544518,7.4927626,7.436619,7.6329117,0,4.0,0,0.0,-1.0,26.1,73.9
2022-10-09 19:15:00,86.638756427782,0.0,0.0,18.2777778,12.22,48.906666666666666,0,5.1764362714980825,70.66250196097344,19,6,10,-0.9659258262890684,0.2588190451025203,-0.7818314824680299,0.6234898018587334,-0.8660254037844386,0.5000000000000001,2.25,10.6875,93.9375,9.85,19.75,98.75,73.75,6.225,7.2513657,0.0,10.725,18.2777778,48.51,48.5,48.25,48.09333333333333,49.01,-6.057777799999998,0.027777799999999,0.0,12.22,12.22,18.25,12.23777777777778,7.6329117,7.558528,7.544518,7.4927626,7.649039,0,4.0,0,0.0,-0.99,25.7,74.3
2022-10-09 19:30:00,68.20199417777201,0.0,0.0,18.2777778,12.22,49.01,0,5.1764362714980825,70.66250196097344,19,6,10,-0.9659258262890684,0.2588190451025203,-0.7818314824680299,0.6234898018587334,-0.8660254037844386,0.5000000000000001,1.5,5.0625,78.97916666666667,10.2,19.3,97.5,76.5,6.35,7.345733,0.0,10.35,18.2777778,48.906666666666666,48.51,48.5,48.25,49.406666666666666,-6.057777799999998,0.0,0.0,12.22,12.22,18.26851853333333,12.22,7.649039,7.6329117,7.558528,7.544518,7.710947,0,4.0,0,0.0,-0.99,25.7,74.3
2022-10-09 19:45:00,69.474998738886,0.0,0.0,18.2777778,12.22,49.406666666666666,0,5.1764362714980825,70.66250196097344,19,6,10,-0.9659258262890684,0.2588190451025203,-0.7818314824680299,0.6234898018587334,-0.8660254037844386,0.5000000000000001,0.75,1.875,62.25,10.55,18.85,96.25,79.25,6.475,7.4311757,0.0,9.975,18.25,49.01,48.906666666666666,48.51,48.5,49.49,-6.057777799999998,0.0,0.0,12.22,12.22,18.2777778,12.22,7.710947,7.649039,7.6329117,7.558528,7.711226,0,4.0,0,0.0,-0.99,25.6,74.4
2022-10-09 20:00:00,78.516025999996,0.0,0.0,18.25,12.22,49.49,0,5.1764362714980825,70.66250196097344,20,6,10,-0.8660254037844386,0.5000000000000001,-0.7818314824680299,0.6234898018587334,-0.8660254037844386,0.5000000000000001,0.0,1.125,43.75,10.9,18.4,95.0,82.0,6.6,7.5080147,0.0,9.6,18.2222222,49.406666666666666,49.01,48.906666666666666,48.51,49.09333333333333,-6.029999999999999,-0.027777799999999,0.0,12.22,12.22,18.26851853333333,12.22,7.711226,7.710947,7.649039,7.6329117,7.636814,0,4.0,0,0.0,-0.99,25.9,74.1
2022-10-09 20:15:00,138.026423172222,0.0,0.0,18.2222222,12.22,49.09333333333333,0,5.1764362714980825,70.66250196097344,20,6,10,-0.8660254037844386,0.5000000000000001,-0.7818314824680299,0.6234898018587334,-0.8660254037844386,0.5000000000000001,0.0,0.5625,28.9375,9.6,18.65,96.25,82.0,6.675,7.531935,0.0,9.65,18.167777762,49.49,49.406666666666666,49.01,48.906666666666666,49.01,-6.0022222,-0.027777799999999,0.0,12.22,12.22,18.25,12.22,7.636814,7.711226,7.710947,7.649039,7.5992365,0,4.0,0,0.0,-1.0,26.2,73.8
2022-10-09 20:30:00,133.317722594446,0.0,0.0,18.167777762,12.22,49.01,0,5.1764362714980825,70.66250196097344,20,6,10,-0.8660254037844386,0.5000000000000001,-0.7818314824680299,0.6234898018587334,-0.8660254037844386,0.5000000000000001,0.0,0.1875,17.8125,8.3,18.9,97.5,82.0,6.75,7.555922,0.0,9.7,18.156296321333333,49.09333333333333,49.49,49.406666666666666,49.01,49.59333333333333,-5.947777761999999,-0.0544444380000008,0.0,12.22,12.22,18.213333320666667,12.22,7.5992365,7.636814,7.711226,7.710947,7.6844435,0,4.0,0,0.0,-1.02,26.8,73.2
2022-10-09 20:45:00,217.674348277776,0.0,0.0,18.156296321333333,12.22,49.59333333333333,0,5.1764362714980825,70.66250196097344,20,6,10,-0.8660254037844386,0.5000000000000001,-0.7818314824680299,0.6234898018587334,-0.8660254037844386,0.5000000000000001,0.0,0.0,10.375,7.0,19.15,98.75,82.0,6.825,7.5799747,0.0,9.75,18.195555562,49.01,49.09333333333333,49.49,49.406666666666666,50.97,-5.936296321333332,-0.0114814406666674,0.0,12.22,12.22,18.18209876111111,12.22,7.6844435,7.5992365,7.636814,7.711226,7.9161963,0,4.0,0,0.0,-1.02,26.8,73.2
2022-10-09 21:00:00,419.503774711112,0.0,0.0,18.195555562,12.22,50.97,0,5.1764362714980825,70.66250196097344,21,6,10,-0.7071067811865477,0.7071067811865474,-0.7818314824680299,0.6234898018587334,-0.8660254037844386,0.5000000000000001,0.0,0.0,6.625,5.7,19.4,100.0,82.0,6.9,7.6040945,0.0,9.8,18.26740742133333,49.59333333333333,49.01,49.09333333333333,49.49,51.09333333333333,-5.975555561999999,0.0392592406666665,0.0,12.22,12.22,18.173209881777776,12.22,7.9161963,7.6844435,7.5992365,7.636814,7.9692807,0,4.0,0,0.0,-1.0,26.1,73.9
2022-10-09 21:15:00,107.145158422224,0.0,0.0,18.26740742133333,12.22,51.09333333333333,0,5.1764362714980825,70.66250196097344,21,6,10,-0.7071067811865477,0.7071067811865474,-0.7818314824680299,0.6234898018587334,-0.8660254037844386,0.5000000000000001,0.0,0.0,3.75,6.1,18.25,99.5,82.0,6.925000000000001,7.616177,0.0,9.825,18.27888891,50.97,49.59333333333333,49.01,49.09333333333333,51.25,-6.047407421333334,0.0718518593333357,0.0,12.22,12.22,18.206419768222226,12.22,7.9692807,7.9161963,7.6844435,7.5992365,7.999163,0,4.0,0,0.0,-0.98,25.4,74.6
2022-10-09 21:30:00,93.595700405558,0.0,0.0,18.27888891,12.22,51.25,0,5.1764362714980825,70.66250196097344,21,6,10,-0.7071067811865477,0.7071067811865474,-0.7818314824680299,0.6234898018587334,-0.8660254037844386,0.5000000000000001,0.0,0.0,1.75,6.5,17.1,99.0,82.0,6.95,7.6282806,0.0,9.85,18.32296294,51.09333333333333,50.97,49.59333333333333,49.01,51.5,-6.058888909999999,0.0114814886666643,0.0,12.22,12.212,18.24728396444445,12.22,7.999163,7.9692807,7.9161963,7.6844435,8.059238,0,4.0,0,0.0,-0.98,25.2,74.8
2022-10-09 21:45:00,100.1884923,0.0,0.0,18.32296294,12.212,51.5,0,5.1764362714980825,70.66250196097344,21,6,10,-0.7071067811865477,0.7071067811865474,-0.7818314824680299,0.6234898018587334,-0.8660254037844386,0.5000000000000001,0.0,0.0,0.625,6.9,15.95,98.5,82.0,6.975,7.640398,0.0,9.875,18.3333333,51.25,51.09333333333333,50.97,49.59333333333333,51.5,-6.11096294,0.0440740300000008,-0.0080000000000008,12.22,12.112,18.28975309044445,12.217333333333336,8.059238,7.999163,7.9692807,7.9161963,8.064198,0,4.0,0,0.0,-0.97,24.7,75.3
2022-10-09 22:00:00,103.871678250002,0.0,0.0,18.3333333,12.112,51.5,0,5.1764362714980825,70.66250196097344,22,6,10,-0.5000000000000004,0.8660254037844384,-0.7818314824680299,0.6234898018587334,-0.8660254037844386,0.5000000000000001,0.0,0.0,0.375,7.3,14.8,98.0,82.0,7.0,7.6525326,0.0,9.9,18.343703678666667,51.5,51.25,51.09333333333333,50.97,51.5,-6.2213333,0.0103703599999995,-0.0999999999999996,12.212,11.988,18.31172838333333,12.181333333333336,8.064198,8.059238,7.999163,7.9692807,8.06916,0,4.0,0,0.0,-0.96,24.6,75.4
2022-10-09 22:15:00,93.89402183889,0.0,0.0,18.343703678666667,11.988,51.5,0,5.1764362714980825,70.66250196097344,22,6,10,-0.5000000000000004,0.8660254037844384,-0.7818314824680299,0.6234898018587334,-0.8660254037844386,0.5000000000000001,0.0,0.0,0.1875,7.725,14.875,79.25,82.5,6.95,7.638318,0.0,9.775,18.387777788,51.5,51.5,51.25,51.09333333333333,51.5,-6.355703678666668,0.0103703786666677,-0.1240000000000005,12.112,11.862,18.333333306222222,12.104,8.06916,8.064198,8.059238,7.999163,8.090281,0,4.0,0,0.0,-0.96,24.5,75.5
2022-10-09 22:30:00,128.321811405554,0.0,0.0,18.387777788,11.862,51.5,0,5.1764362714980825,70.66250196097344,22,6,10,-0.5000000000000004,0.8660254037844384,-0.7818314824680299,0.6234898018587334,-0.8660254037844386,0.5000000000000001,0.0,0.0,0.0625,8.15,14.95,60.5,83.0,6.9,7.623789,0.0,9.65,18.39925926,51.5,51.5,51.5,51.25,51.5,-6.525777788000001,0.0440741093333336,-0.1259999999999994,11.988,11.736,18.35493825555556,11.987333333333334,8.090281,8.06916,8.064198,8.059238,8.095793,0,4.0,0,0.0,-0.95,24.1,75.9
2022-10-09 22:45:00,134.8796046,0.0,0.0,18.39925926,11.736,51.5,0,5.1764362714980825,70.66250196097344,22,6,10,-0.5000000000000004,0.8660254037844384,-0.7818314824680299,0.6234898018587334,-0.8660254037844386,0.5000000000000001,0.0,0.0,0.0,8.575,15.025,41.75,83.5,6.85,7.608949,0.0,9.525,18.44333329,51.5,51.5,51.5,51.5,51.5,-6.663259260000002,0.0114814719999998,-0.1260000000000012,11.862,11.59,18.376913575555555,11.862000000000002,8.095793,8.090281,8.06916,8.064198,8.116976,0,4.0,0,0.0,-0.95,24.0,76.0
2022-10-09 23:00:00,139.517196905554,0.0,0.0,18.44333329,11.59,51.5,0,5.1764362714980825,70.66250196097344,23,6,10,-0.2588190451025215,0.965925826289068,-0.7818314824680299,0.6234898018587334,-0.8660254037844386,0.5000000000000001,0.0,0.0,0.0,9.0,15.1,23.0,84.0,6.8,7.593802,0.0,9.4,18.4444444,51.5,51.5,51.5,51.5,51.406666666666666,-6.853333289999998,0.0440740299999973,-0.145999999999999,11.736,11.436666666666667,18.410123446,11.729333333333336,8.116976,8.095793,8.090281,8.06916,8.1027975,0,4.0,0,0.0,-0.94,23.6,76.4
2022-10-09 23:15:00,150.246767655556,0.0,0.0,18.4444444,11.436666666666667,51.406666666666666,0,5.1764362714980825,70.66250196097344,23,6,10,-0.2588190451025215,0.965925826289068,-0.7818314824680299,0.6234898018587334,-0.8660254037844386,0.5000000000000001,0.0,0.0,0.0,9.575,16.375,23.75,84.75,6.6,7.4803896,0.0,9.025,18.416666650000003,51.5,51.5,51.5,51.5,51.0,-7.007777733333331,0.00111111,-0.1533333333333324,11.59,11.28,18.429012316666668,11.587555555555555,8.1027975,8.116976,8.095793,8.090281,8.025472,0,4.0,0,0.0,-0.94,23.6,76.4
2022-10-09 23:30:00,143.162884488884,0.0,0.0,18.416666650000003,11.28,51.0,0,5.1764362714980825,70.66250196097344,23,6,10,-0.2588190451025215,0.965925826289068,-0.7818314824680299,0.6234898018587334,-0.8660254037844386,0.5000000000000001,0.0,0.0,0.0,10.15,17.65,24.5,85.5,6.4,7.367552,0.0,8.65,18.3888889,51.406666666666666,51.5,51.5,51.5,50.59333333333333,-7.136666650000004,-0.0277777499999949,-0.156666666666668,11.436666666666667,11.158666666666669,18.43481478,11.435555555555558,8.025472,8.1027975,8.116976,8.095793,7.9483757,0,4.0,0,0.0,-0.95,23.9,76.1
2022-10-09 23:45:00,129.17594383889,0.0,0.0,18.3888889,11.158666666666669,50.59333333333333,0,5.1764362714980825,70.66250196097344,23,6,10,-0.2588190451025215,0.965925826289068,-0.7818314824680299,0.6234898018587334,-0.8660254037844386,0.5000000000000001,0.0,0.0,0.0,10.725,18.925,25.25,86.25,6.2,7.2553234,0.0,8.275,18.3611111,51.0,51.406666666666666,51.5,51.5,50.24,-7.230222233333334,-0.027777750000002,-0.1213333333333324,11.28,11.350666666666664,18.41666665,11.29177777777778,7.9483757,8.025472,8.1027975,8.116976,7.8798733,0,4.0,0,0.0,-0.96,24.3,75.7
2022-10-10 00:00:00,137.799487783334,0.0,0.0,18.3611111,11.350666666666664,50.24,0,5.1764362714980825,70.66250196097344,0,0,10,0.0,1.0,0.0,1.0,-0.8660254037844386,0.5000000000000001,0.0,0.0,0.0,11.3,20.2,26.0,87.0,6.0,7.143736,0.0,7.9,18.32296294,50.59333333333333,51.0,51.406666666666666,51.5,49.5,-7.010444433333337,-0.027777799999999,0.1919999999999984,11.158666666666669,11.628666666666668,18.388888883333337,11.263111111111114,7.8798733,7.9483757,8.025472,8.1027975,7.7462587,0,4.0,0,0.0,-0.96,24.6,75.4
2022-10-10 00:15:00,120.94793963889,0.0,0.0,18.32296294,11.628666666666668,49.5,0,5.1764362714980825,70.66250196097344,0,0,10,0.0,1.0,0.0,1.0,-0.8660254037844386,0.5000000000000001,0.0,0.0,0.0,11.525,21.1,43.75,84.5,5.7,7.00589,0.0,8.05,18.25111111,50.24,50.59333333333333,51.0,51.406666666666666,49.0,-6.694296273333332,-0.0381481600000022,0.2780000000000022,11.350666666666664,11.906,18.35765431333333,11.379333333333337,7.7462587,7.8798733,7.9483757,8.025472,7.635384,0,4.0,0,0.0,-0.98,25.2,74.8
2022-10-10 00:30:00,120.956550494442,0.0,0.0,18.25111111,11.906,49.0,0,5.1764362714980825,70.66250196097344,0,0,10,0.0,1.0,0.0,1.0,-0.8660254037844386,0.5000000000000001,0.0,0.0,0.0,11.75,22.0,61.5,82.0,5.4,6.864608,0.0,8.2,18.201481461333334,49.5,50.24,50.59333333333333,51.0,48.59333333333333,-6.34511111,-0.0718518299999999,0.277333333333333,11.628666666666668,12.174,18.31172838333333,11.628444444444446,7.635384,7.7462587,7.8798733,7.9483757,7.5497317,0,4.0,0,0.0,-1.0,26.0,74.0
2022-10-10 00:45:00,98.481894033328,0.0,0.0,18.201481461333334,12.174,48.59333333333333,0,5.1764362714980825,70.66250196097344,0,0,10,0.0,1.0,0.0,1.0,-0.8660254037844386,0.5000000000000001,0.0,0.0,0.0,11.975,22.9,79.25,79.5,5.1,6.7198453,0.0,8.35,18.112222212,49.0,49.5,50.24,50.59333333333333,48.5,-6.027481461333332,-0.0496296486666665,0.2680000000000007,11.906,12.341333333333331,18.25851850377778,11.90288888888889,7.5497317,7.635384,7.7462587,7.8798733,7.4953766,0,4.0,0,0.0,-1.01,26.5,73.5
2022-10-10 01:00:00,52.187079066668,0.0,0.0,18.112222212,12.341333333333331,48.5,0,5.1764362714980825,70.66250196097344,1,0,10,0.2588190451025207,0.9659258262890684,0.0,1.0,-0.8660254037844386,0.5000000000000001,0.0,0.0,0.0,12.2,23.8,97.0,77.0,4.8,6.571551,0.0,8.5,18.06592596,48.59333333333333,49.0,49.5,50.24,48.5,-5.770888878666666,-0.0892592493333346,0.1673333333333317,12.174,12.481333333333334,18.188271594444444,12.140444444444446,7.4953766,7.5497317,7.635384,7.7462587,7.4747777,0,4.0,0,0.0,-1.03,27.5,72.5
2022-10-10 01:15:00,50.594920572222,0.0,0.0,18.06592596,12.481333333333334,48.5,0,5.1764362714980825,70.66250196097344,1,0,10,0.2588190451025207,0.9659258262890684,0.0,1.0,-0.8660254037844386,0.5000000000000001,0.0,0.0,0.0,11.975,23.525,97.75,75.75,4.75,6.5693665,0.0,8.75,18.054444488,48.5,48.59333333333333,49.0,49.5,48.5,-5.584592626666668,-0.0462962519999976,0.1400000000000005,12.341333333333331,12.621333333333332,18.126543211111112,12.332222222222226,7.4747777,7.4953766,7.5497317,7.635384,7.4696765,0,4.0,0,0.0,-1.04,27.9,72.1
2022-10-10 01:30:00,29.148556227778,0.0,0.0,18.054444488,12.621333333333332,48.5,0,5.1764362714980825,70.66250196097344,1,0,10,0.2588190451025207,0.9659258262890684,0.0,1.0,-0.8660254037844386,0.5000000000000001,0.0,0.0,0.0,11.75,23.25,98.5,74.5,4.699999999999999,6.565179,0.0,9.0,18.010370378666668,48.5,48.5,48.59333333333333,49.0,48.5,-5.433111154666669,-0.0114814719999998,0.1399999999999988,12.481333333333334,12.751333333333331,18.07753088666667,12.481333333333334,7.4696765,7.4747777,7.4953766,7.5497317,7.4501233,0,4.0,0,0.0,-1.05,28.1,71.9
2022-10-10 01:45:00,49.648847200004,0.0,0.0,18.010370378666668,12.751333333333331,48.5,0,5.1764362714980825,70.66250196097344,1,0,10,0.2588190451025207,0.9659258262890684,0.0,1.0,-0.8660254037844386,0.5000000000000001,0.0,0.0,0.0,11.525,22.975,99.25,73.25,4.65,6.558934,0.0,9.25,17.972222199999997,48.5,48.5,48.5,48.59333333333333,48.51,-5.259037045333335,-0.0440741093333336,0.1300000000000007,12.621333333333332,12.78,18.04358027555556,12.618000000000002,7.4501233,7.4696765,7.4747777,7.4953766,7.434767,0,4.0,0,0.0,-1.06,28.5,71.5
2022-10-10 02:00:00,46.543971466668,0.0,0.0,17.972222199999997,12.78,48.51,0,5.1764362714980825,70.66250196097344,2,0,10,0.4999999999999999,0.8660254037844387,0.0,1.0,-0.8660254037844386,0.5000000000000001,0.0,0.0,0.0,11.3,22.7,100.0,72.0,4.6,6.550574,0.0,9.5,17.93407404,48.5,48.5,48.5,48.5,48.906666666666666,-5.192222199999998,-0.0381481786666704,0.0286666666666661,12.751333333333331,12.78,18.01234568888889,12.717555555555556,7.434767,7.4501233,7.4696765,7.4747777,7.478564,0,4.0,0,0.0,-1.06,28.9,71.1
2022-10-10 02:15:00,28.433585011104,0.0,0.0,17.93407404,12.78,48.906666666666666,0,5.1764362714980825,70.66250196097344,2,0,10,0.4999999999999999,0.8660254037844387,0.0,1.0,-0.8660254037844386,0.5000000000000001,0.0,0.0,0.0,10.5,22.425,100.0,73.0,4.824999999999999,6.652135,0.1,9.525,17.89000001,48.51,48.5,48.5,48.5,49.0,-5.154074039999999,-0.0381481599999986,0.0,12.78,12.78,17.972222206222224,12.770444444444443,7.478564,7.434767,7.4501233,7.4696765,7.473204,0,4.0,0,0.0,-1.07,29.2,70.8
2022-10-10 02:30:00,52.742056783338,0.0,0.0,17.89000001,12.78,49.0,0,5.1764362714980825,70.66250196097344,2,0,10,0.4999999999999999,0.8660254037844387,0.0,1.0,-0.8660254037844386,0.5000000000000001,0.0,0.0,0.0,9.7,22.15,100.0,74.0,5.05,6.7539997,0.2,9.55,17.8888889,48.906666666666666,48.51,48.5,48.5,49.0,-5.110000010000002,-0.0440740299999973,0.0,12.78,12.78,17.932098749999998,12.78,7.473204,7.478564,7.434767,7.4501233,7.47271,0,4.0,0,0.0,-1.08,29.7,70.3
2022-10-10 02:45:00,42.054984416666,0.0,0.0,17.8888889,12.78,49.0,0,5.1764362714980825,70.66250196097344,2,0,10,0.4999999999999999,0.8660254037844387,0.0,1.0,-0.8660254037844386,0.5000000000000001,0.0,0.0,0.0,8.9,21.875,100.0,75.0,5.275,6.85617,0.3,9.575,17.887777788,49.0,48.906666666666666,48.51,48.5,49.01,-5.108888900000002,-0.00111111,0.0,12.78,12.78,17.904320983333335,12.78,7.47271,7.473204,7.478564,7.434767,7.4737396,0,4.0,0,0.0,-1.08,29.7,70.3
2022-10-10 03:00:00,290.300331972222,0.0,0.0,17.887777788,12.78,49.01,0,5.1764362714980825,70.66250196097344,3,0,10,0.7071067811865476,0.7071067811865476,0.0,1.0,-0.8660254037844386,0.5000000000000001,0.0,0.0,0.0,8.1,21.6,100.0,76.0,5.5,6.9586487,0.4,9.6,17.843703678666667,49.0,49.0,48.906666666666666,48.51,49.406666666666666,-5.107777788000002,-0.0011111120000002,0.0,12.78,12.78,17.888888899333335,12.78,7.4737396,7.47271,7.473204,7.478564,7.514481,0,4.0,0,0.0,-1.08,29.7,70.3
2022-10-10 03:15:00,76.092233988888,0.0,0.0,17.843703678666667,12.78,49.406666666666666,0,5.1764362714980825,70.66250196097344,3,0,10,0.7071067811865476,0.7071067811865476,0.0,1.0,-0.8660254037844386,0.5000000000000001,0.0,0.0,0.0,8.575,20.425,100.0,77.75,5.725,7.0737095,0.475,9.5,17.80555555,49.01,49.0,49.0,48.906666666666666,49.5,-5.063703678666668,-0.0440741093333336,0.0,12.78,12.78,17.87345678888889,12.78,7.514481,7.4737396,7.47271,7.473204,7.5115895,0,4.0,0,0.0,-1.09,30.1,69.9
2022-10-10 03:30:00,41.223073227778,0.0,0.0,17.80555555,12.78,49.5,0,5.1764362714980825,70.66250196097344,3,0,10,0.7071067811865476,0.7071067811865476,0.0,1.0,-0.8660254037844386,0.5000000000000001,0.0,0.0,0.0,9.05,19.25,100.0,79.5,5.95,7.186992,0.55,9.4,17.7777778,49.406666666666666,49.01,49.0,49.0,49.5,-5.025555550000002,-0.0381481286666662,0.0,12.78,12.752,17.845679005555557,12.78,7.5115895,7.514481,7.4737396,7.47271,7.499166,0,4.0,0,0.0,-1.1,30.5,69.5
2022-10-10 03:45:00,49.68745683889,0.0,0.0,17.7777778,12.752,49.5,0,5.1764362714980825,70.66250196097344,3,0,10,0.7071067811865476,0.7071067811865476,0.0,1.0,-0.8660254037844386,0.5000000000000001,0.0,0.0,0.0,9.525,18.075,100.0,81.25,6.175000000000001,7.298513,0.625,9.3,17.7777778,49.5,49.406666666666666,49.01,49.0,49.51,-5.025777799999998,-0.027777750000002,-0.0279999999999986,12.78,12.418,17.809012342888888,12.770666666666669,7.499166,7.5115895,7.514481,7.4737396,7.5006814,0,4.0,0,0.0,-1.11,30.8,69.2
2022-10-10 04:00:00,29.011061861106,0.0,0.0,17.7777778,12.418,49.51,0,5.1764362714980825,70.66250196097344,4,0,10,0.8660254037844386,0.5000000000000001,0.0,1.0,-0.8660254037844386,0.5000000000000001,0.0,0.0,0.0,10.0,16.9,100.0,83.0,6.4,7.4082856,0.7,9.2,17.767407421333335,49.5,49.5,49.406666666666666,49.01,49.906666666666666,-5.359777799999998,0.0,-0.3339999999999996,12.752,12.001333333333331,17.78703705,12.65,7.5006814,7.499166,7.5115895,7.514481,7.556105,0,4.0,0,0.0,-1.11,30.8,69.2
2022-10-10 04:15:00,46.154264888888,0.0,0.0,17.767407421333335,12.001333333333331,49.906666666666666,0,5.1764362714980825,70.66250196097344,4,0,10,0.8660254037844386,0.5000000000000001,0.0,1.0,-0.8660254037844386,0.5000000000000001,0.0,0.0,0.0,10.1,17.075,100.0,83.75,6.5,7.451401,0.575,9.15,17.75,49.51,49.5,49.5,49.406666666666666,50.01,-5.766074088000002,-0.0103703786666642,-0.4166666666666678,12.418,11.583333333333334,17.774321007111112,12.390444444444446,7.556105,7.5006814,7.499166,7.5115895,7.563897,0,4.0,0,0.0,-1.11,30.8,69.2
2022-10-10 04:30:00,42.532465349998,0.0,0.0,17.75,11.583333333333334,50.01,0,5.1764362714980825,70.66250196097344,4,0,10,0.8660254037844386,0.5000000000000001,0.0,1.0,-0.8660254037844386,0.5000000000000001,0.0,0.0,0.0,10.2,17.25,100.0,84.5,6.6,7.494158,0.4499999999999999,9.1,17.742962957333337,49.906666666666666,49.51,49.5,49.5,50.5,-6.166666666666666,-0.0174074213333348,-0.4179999999999992,12.001333333333331,11.185333333333334,17.765061740444448,12.00088888888889,7.563897,7.556105,7.5006814,7.499166,7.6348066,0,4.0,0,0.0,-1.11,31.0,69.0
2022-10-10 04:45:00,40.721426777772,0.0,0.0,17.742962957333337,11.185333333333334,50.5,0,5.1764362714980825,70.66250196097344,4,0,10,0.8660254037844386,0.5000000000000001,0.0,1.0,-0.8660254037844386,0.5000000000000001,0.0,0.0,0.0,10.3,17.425,100.0,85.25,6.7,7.536556,0.325,9.05,17.748888888,50.01,49.906666666666666,49.51,49.5,51.0,-6.557629624000002,-0.0070370426666634,-0.3979999999999997,11.583333333333334,11.002,17.75345679288889,11.590000000000003,7.6348066,7.563897,7.556105,7.5006814,7.7131214,0,4.0,0,0.0,-1.11,31.0,69.0
2022-10-10 05:00:00,46.087600955552,0.0,0.0,17.748888888,11.002,51.0,0,5.1764362714980825,70.66250196097344,5,0,10,0.9659258262890684,0.2588190451025207,0.0,1.0,-0.8660254037844386,0.5000000000000001,0.0,0.0,0.0,10.4,17.6,100.0,86.0,6.8,7.578596,0.2,9.0,17.7222222,50.5,50.01,49.906666666666666,49.51,51.406666666666666,-6.746888887999999,0.0059259306666632,-0.1833333333333335,11.185333333333334,10.877999999999998,17.747283948444444,11.25688888888889,7.7131214,7.6348066,7.563897,7.556105,7.7622747,0,4.0,0,0.0,-1.11,30.8,69.2
2022-10-10 05:15:00,35.622464144436,0.0,0.0,17.7222222,10.877999999999998,51.406666666666666,0,5.1764362714980825,70.66250196097344,5,0,10,0.9659258262890684,0.2588190451025207,0.0,1.0,-0.8660254037844386,0.5000000000000001,0.0,0.0,0.0,10.475,18.05,100.0,86.75,6.85,7.608106,0.175,8.925,17.72111109,51.0,50.5,50.01,49.906666666666666,51.51,-6.844222200000003,-0.0266666879999988,-0.1240000000000023,11.002,10.752,17.738024681777777,11.02177777777778,7.7622747,7.7131214,7.6348066,7.563897,7.7773666,0,4.0,0,0.0,-1.11,31.0,69.0
2022-10-10 05:30:00,41.198907744436,0.0,0.0,17.72111109,10.752,51.51,0,5.1764362714980825,70.66250196097344,5,0,10,0.9659258262890684,0.2588190451025207,0.0,1.0,-0.8660254037844386,0.5000000000000001,0.0,0.0,0.0,10.55,18.5,100.0,87.5,6.9,7.6371336,0.15,8.85,17.68740742,51.406666666666666,51.0,50.5,50.01,51.906666666666666,-6.96911109,-0.00111111,-0.1259999999999976,10.877999999999998,10.636,17.730740726,10.877333333333334,7.7773666,7.7622747,7.7131214,7.6348066,7.8215218,0,4.0,0,0.0,-1.11,31.0,69.0
2022-10-10 05:45:00,49.328026933328,0.0,0.0,17.68740742,10.636,51.906666666666666,0,5.1764362714980825,70.66250196097344,5,0,10,0.9659258262890684,0.2588190451025207,0.0,1.0,-0.8660254037844386,0.5000000000000001,0.0,0.0,0.0,10.625,18.95,100.0,88.25,6.95,7.6656876,0.125,8.775,17.69333334,51.51,51.406666666666666,51.0,50.5,51.76,-7.05140742,-0.0337036700000012,-0.1160000000000014,10.752,10.609999999999998,17.71024690333333,10.755333333333336,7.8215218,7.7773666,7.7622747,7.7131214,7.80218,0,4.0,0,0.0,-1.12,31.3,68.7
2022-10-10 06:00:00,38.660120150002,0.0,0.0,17.69333334,10.609999999999998,51.76,0,5.1764362714980825,70.66250196097344,6,0,10,1.0,6.123233995736766e-17,0.0,1.0,-0.8660254037844386,0.5000000000000001,0.0,0.0,0.0,10.7,19.4,100.0,89.0,7.0,7.6937704,0.1,8.7,17.656296321333333,51.906666666666666,51.51,51.406666666666666,51.0,51.906666666666666,-7.083333340000001,0.0059259199999992,-0.0260000000000015,10.636,10.609999999999998,17.700617283333333,10.666,7.80218,7.8215218,7.7773666,7.7622747,7.807023,0,4.0,0,0.0,-1.12,31.3,68.7
2022-10-10 06:15:00,35.633019088888,0.0,0.0,17.656296321333333,10.609999999999998,51.906666666666666,0,5.1764362714980825,70.66250196097344,6,0,10,1.0,6.123233995736766e-17,0.0,1.0,-0.8660254037844386,0.5000000000000001,0.0,0.0,0.0,10.75,19.675,99.75,89.5,7.0,7.6998773,0.1,8.625,17.613333324,51.76,51.906666666666666,51.51,51.406666666666666,52.0,-7.046296321333335,-0.0370370186666662,0.0,10.609999999999998,10.609999999999998,17.679012360444442,10.618666666666668,7.807023,7.80218,7.8215218,7.7773666,7.8010397,0,4.0,0,0.0,-1.12,31.6,68.4
2022-10-10 06:30:00,47.394493161106,0.0,0.0,17.613333324,10.609999999999998,52.0,0,5.1764362714980825,70.66250196097344,6,0,10,1.0,6.123233995736766e-17,0.0,1.0,-0.8660254037844386,0.5000000000000001,0.0,0.0,0.0,10.8,19.95,99.5,90.0,7.0,7.705726,0.1,8.55,17.64592594266667,51.906666666666666,51.76,51.906666666666666,51.51,52.0,-7.0033333240000015,-0.0429629973333334,0.0,10.609999999999998,10.614,17.65432099511111,10.609999999999998,7.8010397,7.807023,7.80218,7.8215218,7.8162227,0,4.0,0,0.0,-1.13,32.1,67.9
2022-10-10 06:45:00,39.340926499992,0.0,0.0,17.64592594266667,10.614,52.0,0,5.1764362714980825,70.66250196097344,6,0,10,1.0,6.123233995736766e-17,0.0,1.0,-0.8660254037844386,0.5000000000000001,0.0,0.0,0.0,10.85,20.225,99.25,90.5,7.0,7.711317,0.1,8.475,17.612222212,52.0,51.906666666666666,51.76,51.906666666666666,52.0,-7.031925942666669,0.0325926186666691,0.0040000000000013,10.609999999999998,10.664666666666667,17.638518529333336,10.611333333333333,7.8162227,7.8010397,7.807023,7.80218,7.800524,0,4.0,0,0.0,-1.13,31.7,68.3
2022-10-10 07:00:00,45.666506616666,0.0,0.0,17.612222212,10.664666666666667,52.0,0,5.1764362714980825,70.66250196097344,7,0,10,0.9659258262890684,-0.2588190451025206,0.0,1.0,-0.8660254037844386,0.5000000000000001,0.0,0.0,0.0,10.9,20.5,99.0,91.0,7.0,7.716656,0.1,8.4,17.6111111,52.0,52.0,51.906666666666666,51.76,52.0,-6.947555545333332,-0.0337037306666694,0.0506666666666681,10.614,10.727333333333332,17.623827159555557,10.629555555555555,7.800524,7.8162227,7.8010397,7.807023,7.8000064,0,4.0,0,0.0,-1.13,32.1,67.9
2022-10-10 07:15:00,42.417747705554,0.0,0.0,17.6111111,10.727333333333332,52.0,0,5.1764362714980825,70.66250196097344,7,0,10,0.9659258262890684,-0.2588190451025206,0.0,1.0,-0.8660254037844386,0.5000000000000001,4.25,1.0625,0.3541666666666667,10.775,20.5,99.25,90.75,6.95,7.695457,0.25,8.4,17.6111111,52.0,52.0,52.0,51.906666666666666,52.0,-6.883777766666666,-0.0011111120000002,0.0626666666666651,10.664666666666667,10.789333333333332,17.623086418222226,10.668666666666669,7.8000064,7.800524,7.8162227,7.8010397,7.8000064,0,4.0,0,0.0,-1.14,32.1,67.9
2022-10-10 07:30:00,39.168711005554,0.0,0.0,17.6111111,10.789333333333332,52.0,0,5.1764362714980825,70.66250196097344,7,0,10,0.9659258262890684,-0.2588190451025206,0.0,1.0,-0.8660254037844386,0.5000000000000001,8.5,3.1875,1.0625,10.65,20.5,99.5,90.5,6.9,7.6742563,0.4,8.4,17.60074074,52.0,52.0,52.0,52.0,52.0,-6.821777766666665,0.0,0.0620000000000011,10.727333333333332,10.852,17.611481470666664,10.727111111111114,7.8000064,7.8000064,7.800524,7.8162227,7.7951818,0,4.0,0,0.0,-1.14,32.1,67.9
2022-10-10 07:45:00,50.6004759,0.0,0.0,17.60074074,10.852,52.0,0,5.1764362714980825,70.66250196097344,7,0,10,0.9659258262890684,-0.2588190451025206,0.0,1.0,-0.8660254037844386,0.5000000000000001,12.750000000000002,6.375,2.125,10.525,20.5,99.75,90.25,6.85,7.6530566,0.55,8.4,17.557777820000002,52.0,52.0,52.0,52.0,52.0,-6.748740739999999,-0.0103703599999995,0.0626666666666668,10.789333333333332,10.914666666666667,17.60765431333333,10.789555555555555,7.7951818,7.8000064,7.8000064,7.800524,7.7752194,0,4.0,0,0.0,-1.14,32.3,67.7
2022-10-10 08:00:00,42.161369077776,0.0,0.0,17.557777820000002,10.914666666666667,52.0,0,5.1764362714980825,70.66250196097344,8,0,10,0.8660254037844387,-0.4999999999999998,0.0,1.0,-0.8660254037844386,0.5000000000000001,17.0,10.625,3.5416666666666665,10.4,20.5,100.0,90.0,6.8,7.631858,0.7,8.4,17.590370380000003,52.0,52.0,52.0,52.0,52.09333333333333,-6.643111153333335,-0.0429629199999972,0.0626666666666668,10.852,10.977333333333332,17.58987655333333,10.852000000000002,7.7752194,7.7951818,7.8000064,7.8000064,7.804341,0,4.0,0,0.0,-1.15,32.8,67.2
2022-10-10 08:15:00,39.569806211104,0.0,0.0,17.590370380000003,10.977333333333332,52.09333333333333,0,5.1764362714980825,70.66250196097344,8,0,10,0.8660254037844387,-0.4999999999999998,0.0,1.0,-0.8660254037844386,0.5000000000000001,42.5,20.1875,7.083333333333333,10.225,20.325,100.0,88.5,7.0,7.712061,0.5249999999999999,8.825,17.556666710000002,52.0,52.0,52.0,52.0,52.49,-6.613037046666671,0.0325925600000012,0.0626666666666651,10.914666666666667,11.039333333333332,17.58296298,10.914666666666667,7.804341,7.7752194,7.7951818,7.8000064,7.8479643,0,4.0,0,0.0,-1.14,32.4,67.6
2022-10-10 08:30:00,49.995777988884,0.0,0.0,17.556666710000002,11.039333333333332,52.49,0,5.1764362714980825,70.66250196097344,8,0,10,0.8660254037844387,-0.4999999999999998,0.0,1.0,-0.8660254037844386,0.5000000000000001,68.0,35.0625,12.75,10.05,20.15,100.0,87.0,7.199999999999999,7.7901335,0.35,9.25,17.5555556,52.09333333333333,52.0,52.0,52.0,52.5,-6.517333376666668,-0.0337036700000012,0.0620000000000011,10.977333333333332,11.112,17.56827163666667,10.977111111111112,7.8479643,7.804341,7.7752194,7.7951818,7.84894,0,4.0,0,0.0,-1.15,32.7,67.3
2022-10-10 08:45:00,40.075619311104,0.0,0.0,17.5555556,11.112,52.5,0,5.1764362714980825,70.66250196097344,8,0,10,0.8660254037844387,-0.4999999999999998,0.0,1.0,-0.8660254037844386,0.5000000000000001,93.5,55.25,20.541666666666668,9.875,19.975,100.0,85.5,7.399999999999999,7.8659177,0.175,9.675,17.5555556,52.49,52.09333333333333,52.0,52.0,52.75,-6.443555600000002,-0.00111111,0.0726666666666666,11.039333333333332,11.290666666666668,17.56753089666667,11.042888888888893,7.84894,7.8479643,7.804341,7.7752194,7.886315,0,4.0,0,0.0,-1.15,32.7,67.3
2022-10-10 09:00:00,40.35366378888,0.0,0.0,17.5555556,11.290666666666668,52.75,0,5.1764362714980825,70.66250196097344,9,0,10,0.7071067811865476,-0.7071067811865475,0.0,1.0,-0.8660254037844386,0.5000000000000001,119.0,80.75,30.45833333333333,9.7,19.8,100.0,84.0,7.6,7.9392495,0.0,10.1,17.5555556,52.5,52.49,52.09333333333333,52.0,53.0,-6.264888933333333,0.0,0.1786666666666683,11.112,11.5,17.555925970000004,11.147333333333336,7.886315,7.84894,7.8479643,7.804341,7.9236913,0,4.0,0,0.0,-1.15,32.6,67.4
2022-10-10 09:15:00,46.798128133328,0.0,0.0,17.5555556,11.5,53.0,0,5.1764362714980825,70.66250196097344,9,0,10,0.7071067811865476,-0.7071067811865475,0.0,1.0,-0.8660254037844386,0.5000000000000001,161.25,110.4375,43.895833333333336,9.55,20.35,92.0,81.0,7.524999999999999,7.9141335,0.0,10.625,17.556666710000002,52.75,52.5,52.49,52.09333333333333,53.0,-6.055555600000002,0.0,0.2093333333333316,11.290666666666668,11.708,17.5555556,11.300888888888892,7.9236913,7.886315,7.84894,7.8479643,7.924216,0,4.0,0,0.0,-1.14,32.6,67.4
2022-10-10 09:30:00,38.651231938878,0.0,0.0,17.556666710000002,11.708,53.0,0,5.1764362714980825,70.66250196097344,9,0,10,0.7071067811865476,-0.7071067811865475,0.0,1.0,-0.8660254037844386,0.5000000000000001,203.5,144.3125,60.85416666666666,9.4,20.9,84.0,78.0,7.449999999999999,7.8771644,0.0,11.15,17.611111118666667,53.0,52.75,52.5,52.49,52.906666666666666,-5.848666710000002,0.00111111,0.2080000000000001,11.5,11.917333333333334,17.55592597,11.499555555555558,7.924216,7.9236913,7.886315,7.84894,7.936007,0,4.0,0,0.0,-1.14,32.5,67.5
2022-10-10 09:45:00,48.429174055548,0.0,0.0,17.611111118666667,11.917333333333334,52.906666666666666,0,5.1764362714980825,70.66250196097344,9,0,10,0.7071067811865476,-0.7071067811865475,0.0,1.0,-0.8660254037844386,0.5000000000000001,245.75,182.375,81.33333333333333,9.25,21.45,76.0,75.0,7.375,7.8276706,0.0,11.675,17.665555588,53.0,53.0,52.75,52.5,52.56,-5.693777785333333,0.0544444086666651,0.2093333333333333,11.708,12.126,17.574444476222226,11.708444444444446,7.936007,7.924216,7.9236913,7.886315,7.909654,0,4.0,0,0.0,-1.13,31.9,68.1
2022-10-10 10:00:00,538.712339461114,0.0,0.0,17.665555588,12.126,52.56,0,5.1764362714980825,70.66250196097344,10,0,10,0.4999999999999999,-0.8660254037844387,0.0,1.0,-0.8660254037844386,0.5000000000000001,288.0,224.625,105.33333333333331,9.1,22.0,68.0,72.0,7.3,7.7649603,0.0,12.2,17.67703706,52.906666666666666,53.0,53.0,52.75,54.626666666666665,-5.539555588000001,0.0544444693333332,0.2086666666666659,11.917333333333334,12.334666666666667,17.61111113888889,11.917111111111112,7.909654,7.936007,7.924216,7.9236913,8.226295,0,4.0,0,0.0,-1.12,31.4,68.6
2022-10-10 10:15:00,989.697077216666,0.0,0.0,17.67703706,12.334666666666667,54.626666666666665,0,5.1764362714980825,70.66250196097344,10,0,10,0.4999999999999999,-0.8660254037844387,0.0,1.0,-0.8660254037844386,0.5000000000000001,330.25,266.875,132.5,8.875,23.35,76.0,71.0,7.425,7.8256783,0.0,12.55,17.751111112,52.56,52.906666666666666,53.0,53.0,55.23,-5.342370393333333,0.0114814719999998,0.2086666666666676,12.126,12.544,17.651234588888887,12.126000000000005,8.226295,7.909654,7.936007,7.924216,8.353965,0,4.0,0,0.0,-1.11,30.8,69.2
2022-10-10 10:30:00,728.5919662222241,0.0,0.0,17.751111112,12.544,55.23,0,5.1764362714980825,70.66250196097344,10,0,10,0.4999999999999999,-0.8660254037844387,0.0,1.0,-0.8660254037844386,0.5000000000000001,372.5,309.125,162.83333333333334,8.649999999999999,24.7,84.0,70.0,7.55,7.8848214,0.0,12.9,17.868148161333334,54.626666666666665,52.56,52.906666666666666,53.0,54.59333333333333,-5.207111112,0.0740740520000002,0.2093333333333333,12.334666666666667,12.764666666666669,17.69790125333333,12.33488888888889,8.353965,8.226295,7.909654,7.936007,8.315442,0,4.0,0,0.0,-1.08,29.8,70.2
2022-10-10 10:45:00,1187.690268272222,0.0,0.0,17.868148161333334,12.764666666666669,54.59333333333333,0,5.1764362714980825,70.66250196097344,10,0,10,0.4999999999999999,-0.8660254037844387,0.0,1.0,-0.8660254037844386,0.5000000000000001,414.75,351.375,196.33333333333331,8.424999999999999,26.05,92.0,69.0,7.675,7.9423075,0.0,13.25,18.003333334,55.23,54.626666666666665,52.56,52.906666666666666,54.5,-5.103481494666667,0.1170370493333337,0.2206666666666663,12.544,13.129333333333332,17.76543211111111,12.547777777777782,8.315442,8.353965,8.226295,7.909654,8.368284,0,4.0,0,0.0,-1.06,28.7,71.3
2022-10-10 11:00:00,49.23886378333,0.0,0.0,18.003333334,13.129333333333332,54.5,0,5.1764362714980825,70.66250196097344,11,0,10,0.258819045102521,-0.9659258262890682,0.0,1.0,-0.8660254037844386,0.5000000000000001,457.0,393.625,233.0,8.2,27.4,100.0,68.0,7.8,7.998045,0.0,13.6,18.298518538666663,54.59333333333333,55.23,54.626666666666665,52.56,54.31333333333334,-4.874000000666667,0.1351851726666666,0.3646666666666665,12.764666666666669,13.531333333333333,17.87419753577778,12.812666666666669,8.368284,8.315442,8.353965,8.226295,8.487176,0,4.0,0,0.0,-1.03,27.3,72.7
2022-10-10 11:15:00,47.01923040555,0.0,0.0,18.298518538666663,13.531333333333333,54.31333333333334,0,5.1764362714980825,70.66250196097344,11,0,10,0.258819045102521,-0.9659258262890682,0.0,1.0,-0.8660254037844386,0.5000000000000001,396.0,410.0625,262.4583333333333,8.2,27.4,100.0,68.25,7.725,7.9781284,0.025,13.5,18.633333344,54.5,54.59333333333333,55.23,54.626666666666665,53.27,-4.767185205333334,0.2951852046666658,0.4019999999999992,13.129333333333332,13.933333333333334,18.056666678,13.14177777777778,8.487176,8.368284,8.315442,8.353965,8.490974,0,4.0,0,0.0,-0.96,24.4,75.6
2022-10-10 11:30:00,45.98177173889,0.0,0.0,18.633333344,13.933333333333334,53.27,0,5.1764362714980825,70.66250196097344,11,0,10,0.258819045102521,-0.9659258262890682,0.0,1.0,-0.8660254037844386,0.5000000000000001,335.0,400.6875,284.7083333333333,8.2,27.4,100.0,68.5,7.65,7.9581165,0.05,13.4,18.732592578666665,54.31333333333334,54.5,54.59333333333333,55.23,53.0,-4.700000010666667,0.3348148053333339,0.402000000000001,13.531333333333333,14.294,18.31172840555556,13.531333333333334,8.490974,8.487176,8.368284,8.315442,8.497693,0,4.0,0,0.0,-0.88,21.5,78.5
2022-10-10 11:45:00,43.969074350006,0.0,0.0,18.732592578666665,14.294,53.0,0,5.1764362714980825,70.66250196097344,11,0,10,0.258819045102521,-0.9659258262890682,0.0,1.0,-0.8660254037844386,0.5000000000000001,274.0,365.5,299.75,8.2,27.4,100.0,68.75,7.575,7.9380083,0.075,13.3,19.091111126,53.27,54.31333333333334,54.5,54.59333333333333,52.46,-4.438592578666665,0.0992592346666647,0.3606666666666669,13.933333333333334,14.19,18.554814820444445,13.919555555555556,8.497693,8.490974,8.487176,8.368284,8.591111,0,4.0,0,0.0,-0.86,20.7,79.3
2022-10-10 12:00:00,40.781702066664,0.0,0.0,19.091111126,14.19,52.46,0,5.1764362714980825,70.66250196097344,12,0,10,1.2246467991473532e-16,-1.0,0.0,1.0,-0.8660254037844386,0.5000000000000001,213.0,304.5,307.5833333333333,8.2,27.4,100.0,69.0,7.5,7.917807,0.1,13.2,19.71925924666667,53.0,53.27,54.31333333333334,54.5,50.373333333333335,-4.901111126000002,0.3585185473333361,-0.1040000000000009,14.294,13.958666666666666,18.819012349555557,14.139111111111111,8.591111,8.497693,8.490974,8.487176,8.559948,0,4.0,0,0.0,-0.78,17.8,82.2
2022-10-10 12:15:00,53.749794472218,0.0,0.0,19.71925924666667,13.958666666666666,50.373333333333335,0,5.1764362714980825,70.66250196097344,12,0,10,1.2246467991473532e-16,-1.0,0.0,1.0,-0.8660254037844386,0.5000000000000001,202.75,256.1875,311.0416666666667,9.1,27.65,94.75,73.5,7.775,8.101231,0.4499999999999999,12.55,19.583333348,52.46,53.0,53.27,54.31333333333334,50.25,-5.760592580000004,0.628148120666669,-0.2313333333333336,14.19,13.727333333333332,19.180987650444447,14.147555555555556,8.559948,8.591111,8.497693,8.490974,8.471108,0,4.0,0,0.0,-0.64,13.7,86.3
2022-10-10 12:30:00,42.524132266668,0.0,0.0,19.583333348,13.727333333333332,50.25,0,5.1764362714980825,70.66250196097344,12,0,10,1.2246467991473532e-16,-1.0,0.0,1.0,-0.8660254037844386,0.5000000000000001,192.5,220.5625,310.125,10.0,27.9,89.5,78.0,8.05,8.256086,0.7999999999999999,11.9,19.333333318666668,50.373333333333335,52.46,53.0,53.27,50.5,-5.856000014666668,-0.1359258986666702,-0.2313333333333336,13.958666666666666,13.496,19.46456790688889,13.958666666666668,8.471108,8.559948,8.591111,8.497693,8.3890085,0,4.0,0,0.0,-0.68,14.6,85.4
2022-10-10 12:45:00,39.31426061667,0.0,0.0,19.333333318666668,13.496,50.5,0,5.1764362714980825,70.66250196097344,12,0,10,1.2246467991473532e-16,-1.0,0.0,1.0,-0.8660254037844386,0.5000000000000001,182.25,197.625,304.8333333333333,10.9,28.15,84.25,82.5,8.325,8.38411,1.15,11.25,19.112222258,50.25,50.373333333333335,52.46,53.0,51.02,-5.837333318666667,-0.2500000293333322,-0.2313333333333318,13.727333333333332,13.332666666666666,19.54530863777778,13.727333333333334,8.3890085,8.471108,8.559948,8.591111,8.365701,0,4.0,0,0.0,-0.73,16.3,83.7
2022-10-10 13:00:00,67.848397088888,0.0,0.0,19.112222258,13.332666666666666,51.02,0,5.1764362714980825,70.66250196097344,13,0,10,-0.2588190451025208,-0.9659258262890684,0.0,1.0,-0.8660254037844386,0.5000000000000001,172.0,187.375,295.1666666666667,11.8,28.4,79.0,87.0,8.6,8.486966,1.5,10.6,18.975555536,50.5,50.25,50.373333333333335,52.46,52.31333333333334,-5.779555591333333,-0.2211110606666686,-0.163333333333334,13.496,13.483333333333333,19.34296297488889,13.518666666666668,8.365701,8.3890085,8.471108,8.559948,8.50888,0,4.0,0,0.0,-0.78,17.9,82.1
2022-10-10 13:15:00,58.18739482777,0.0,0.0,18.975555536,13.483333333333333,52.31333333333334,0,5.1764362714980825,70.66250196097344,13,0,10,-0.2588190451025208,-0.9659258262890684,0.0,1.0,-0.8660254037844386,0.5000000000000001,210.5,189.3125,285.1875,10.8,27.875,67.5,84.25,8.475,8.441749,1.125,11.025,19.083333348,51.02,50.5,50.25,50.373333333333335,52.49,-5.492222202666669,-0.1366667219999975,0.150666666666666,13.332666666666666,13.674,19.14037037088889,13.437333333333337,8.50888,8.365701,8.3890085,8.471108,8.592083,0,4.0,0,0.0,-0.81,18.8,81.2
2022-10-10 13:30:00,56.279137477784,0.0,0.0,19.083333348,13.674,52.49,0,5.1764362714980825,70.66250196097344,13,0,10,-0.2588190451025208,-0.9659258262890684,0.0,1.0,-0.8660254037844386,0.5000000000000001,249.0,203.4375,274.8958333333333,9.8,27.35,56.0,81.5,8.35,8.387054,0.75,11.45,19.222222218666666,52.31333333333334,51.02,50.5,50.25,52.0,-5.409333347999999,0.1077778119999983,0.1906666666666687,13.483333333333333,13.860666666666669,19.05703704733333,13.496666666666668,8.592083,8.50888,8.365701,8.3890085,8.581849,0,4.0,0,0.0,-0.78,17.9,82.1
2022-10-10 13:45:00,76.499439916666,0.0,0.0,19.222222218666666,13.860666666666669,52.0,0,5.1764362714980825,70.66250196097344,13,0,10,-0.2588190451025208,-0.9659258262890684,0.0,1.0,-0.8660254037844386,0.5000000000000001,287.5,229.75,264.2916666666667,8.8,26.825,44.5,78.75,8.225,8.322465,0.375,11.875,19.304444438,52.49,52.31333333333334,51.02,50.5,51.5,-5.361555551999999,0.1388888706666655,0.1866666666666656,13.674,13.999333333333334,19.093703700888888,13.67266666666667,8.581849,8.592083,8.50888,8.365701,8.540592,0,4.0,0,0.0,-0.75,16.9,83.1
2022-10-10 14:00:00,52.26818702222,0.0,0.0,19.304444438,13.999333333333334,51.5,0,5.1764362714980825,70.66250196097344,14,0,10,-0.4999999999999997,-0.8660254037844388,0.0,1.0,-0.8660254037844386,0.5000000000000001,326.0,268.25,253.375,7.8,26.3,33.0,76.0,8.1,8.247552,0.0,12.3,19.3333333,52.0,52.49,52.31333333333334,51.02,51.09333333333333,-5.305111104666667,0.0822222193333352,0.1386666666666673,13.860666666666669,14.124,19.20333333488889,13.844666666666669,8.540592,8.581849,8.592083,8.50888,8.487573,0,4.0,0,0.0,-0.73,16.4,83.6
2022-10-10 14:15:00,64.116046405554,0.0,0.0,19.3333333,14.124,51.09333333333333,0,5.1764362714980825,70.66250196097344,14,0,10,-0.4999999999999997,-0.8660254037844388,0.0,1.0,-0.8660254037844386,0.5000000000000001,359.5,305.5,250.33333333333331,8.15,25.925,33.25,73.75,7.925,8.15407,0.025,12.6,19.3333333,51.5,52.0,52.49,52.31333333333334,50.74,-5.209333299999999,0.0288888619999987,0.1246666666666662,13.999333333333334,14.249333333333334,19.286666652222223,13.994666666666667,8.487573,8.540592,8.581849,8.592083,8.428878,0,4.0,0,0.0,-0.73,16.2,83.8
2022-10-10 14:30:00,474.411578411108,0.0,0.0,19.3333333,14.249333333333334,50.74,0,5.1764362714980825,70.66250196097344,14,0,10,-0.4999999999999997,-0.8660254037844388,0.0,1.0,-0.8660254037844386,0.5000000000000001,393.0,341.5,255.16666666666663,8.5,25.55,33.5,71.5,7.75,8.0537815,0.05,12.9,19.3333333,51.09333333333333,51.5,52.0,52.49,50.0,-5.083999966666665,0.0,0.1253333333333337,14.124,14.365333333333332,19.32370367933333,14.124222222222224,8.428878,8.487573,8.540592,8.581849,8.305949,0,4.0,0,0.0,-0.73,16.3,83.7
2022-10-10 14:45:00,87.16734658333,0.0,0.0,19.3333333,14.365333333333332,50.0,0,5.1764362714980825,70.66250196097344,14,0,10,-0.4999999999999997,-0.8660254037844388,0.0,1.0,-0.8660254037844386,0.5000000000000001,426.5,376.25,267.875,8.85,25.175,33.75,69.25,7.575,7.9464955,0.075,13.2,19.391111074,50.74,51.09333333333333,51.5,52.0,49.25,-4.967999966666667,0.0,0.1159999999999978,14.249333333333334,14.390000000000002,19.3333333,14.246222222222224,8.305949,8.428878,8.487573,8.540592,8.209227,0,4.0,0,0.0,-0.74,16.4,83.6
2022-10-10 15:00:00,73.48233850555,0.0,0.0,19.391111074,14.390000000000002,49.25,0,5.1764362714980825,70.66250196097344,15,0,10,-0.7071067811865471,-0.7071067811865479,0.0,1.0,-0.8660254037844386,0.5000000000000001,460.0,409.75,288.4583333333333,9.2,24.8,34.0,67.0,7.4,7.8320093,0.1,13.5,19.555555581333333,50.0,50.74,51.09333333333333,51.5,48.5,-5.001111073999995,0.057777773999998,0.0246666666666701,14.365333333333332,14.390000000000002,19.352592558,14.33488888888889,8.209227,8.305949,8.428878,8.487573,8.162764,0,4.0,0,0.0,-0.73,16.1,83.9
2022-10-10 15:15:00,80.942040005554,0.0,0.0,19.555555581333333,14.390000000000002,48.5,0,5.1764362714980825,70.66250196097344,15,0,10,-0.7071067811865471,-0.7071067811865479,0.0,1.0,-0.8660254037844386,0.5000000000000001,437.25,429.1875,308.0,9.25,24.8,28.5,65.5,7.1000000000000005,7.6684756,0.075,13.525,19.74888889,49.25,50.0,50.74,51.09333333333333,47.75,-5.165555581333331,0.1644445073333358,0.0,14.390000000000002,14.390000000000002,19.42666665177778,14.38177777777778,8.162764,8.209227,8.305949,8.428878,8.1282835,0,4.0,0,0.0,-0.69,15.1,84.9
2022-10-10 15:30:00,66.498451272214,0.0,0.0,19.74888889,14.390000000000002,47.75,0,5.1764362714980825,70.66250196097344,15,0,10,-0.7071067811865471,-0.7071067811865479,0.0,1.0,-0.8660254037844386,0.5000000000000001,414.5,434.5625,326.5,9.3,24.8,23.0,64.0,6.800000000000001,7.5044165,0.05,13.55,19.847407404,48.5,49.25,50.0,50.74,47.0,-5.358888889999998,0.1933333086666664,0.0,14.390000000000002,14.390000000000002,19.56518518177777,14.390000000000002,8.1282835,8.162764,8.209227,8.305949,8.046978,0,4.0,0,0.0,-0.65,13.9,86.1
2022-10-10 15:45:00,58.50210440555,0.0,0.0,19.847407404,14.390000000000002,47.0,0,5.1764362714980825,70.66250196097344,15,0,10,-0.7071067811865471,-0.7071067811865479,0.0,1.0,-0.8660254037844386,0.5000000000000001,391.75,425.875,343.9583333333333,9.35,24.8,17.5,62.5,6.5,7.3398304,0.0249999999999999,13.575,19.6388889,47.75,48.5,49.25,50.0,46.51,-5.457407404,0.098518514000002,0.0,14.390000000000002,14.390000000000002,19.717283958444444,14.390000000000002,8.046978,8.1282835,8.162764,8.209227,7.8662496,0,4.0,0,0.0,-0.63,13.3,86.7
2022-10-10 16:00:00,420.855665133332,0.0,0.0,19.6388889,14.390000000000002,46.51,0,5.1764362714980825,70.66250196097344,16,0,10,-0.8660254037844385,-0.5000000000000004,0.0,1.0,-0.8660254037844386,0.5000000000000001,369.0,403.125,360.375,9.4,24.8,12.0,61.0,6.2,7.174718,0.0,13.6,19.3888889,47.0,47.75,48.5,49.25,46.406666666666666,-5.248888899999995,-0.2085185040000041,0.0,14.390000000000002,14.390000000000002,19.745061731333333,14.390000000000002,7.8662496,8.046978,8.1282835,8.162764,7.734276,0,4.0,0,0.0,-0.68,14.8,85.2
2022-10-10 16:15:00,93.119886288884,0.0,0.0,19.3888889,14.390000000000002,46.406666666666666,0,5.1764362714980825,70.66250196097344,16,0,10,-0.8660254037844385,-0.5000000000000004,0.0,1.0,-0.8660254037844386,0.5000000000000001,347.0,380.5625,371.75,9.475,24.35,17.0,60.0,5.85,6.9921465,0.0,13.45,19.166666650000003,46.51,47.0,47.75,48.5,46.0,-4.998888899999995,-0.25,0.0,14.390000000000002,14.390000000000002,19.625061734666662,14.390000000000002,7.734276,7.8662496,8.046978,8.1282835,7.5668235,0,4.0,0,0.0,-0.74,16.6,83.4
2022-10-10 16:30:00,55.685272483334,0.0,0.0,19.166666650000003,14.390000000000002,46.0,0,5.1764362714980825,70.66250196097344,16,0,10,-0.8660254037844385,-0.5000000000000004,0.0,1.0,-0.8660254037844386,0.5000000000000001,325.0,358.1875,378.0833333333333,9.55,23.9,22.0,59.0,5.5,6.8122535,0.0,13.3,18.954814778666663,46.406666666666666,46.51,47.0,47.75,45.59333333333333,-4.776666650000001,-0.2222222499999944,0.0,14.390000000000002,14.363333333333337,19.39814815,14.390000000000002,7.5668235,7.734276,7.8662496,8.046978,7.406782,0,4.0,0,0.0,-0.8,18.4,81.6
2022-10-10 16:45:00,74.98755596110999,0.0,0.0,18.954814778666663,14.363333333333337,45.59333333333333,0,5.1764362714980825,70.66250196097344,16,0,10,-0.8660254037844385,-0.5000000000000004,0.0,1.0,-0.8660254037844386,0.5000000000000001,303.0,336.0,379.375,9.625,23.45,27.0,58.0,5.15,6.635009,0.0,13.15,18.77777775,46.0,46.406666666666666,46.51,47.0,45.5,-4.591481445333331,-0.2118518713333372,-0.0266666666666672,14.390000000000002,14.040666666666668,19.17012344288889,14.381111111111116,7.406782,7.5668235,7.734276,7.8662496,7.3147106,0,4.0,0,0.0,-0.85,20.2,79.8
2022-10-10 17:00:00,60.333697688888,0.0,0.0,18.77777775,14.040666666666668,45.5,0,5.1764362714980825,70.66250196097344,17,0,10,-0.9659258262890684,-0.2588190451025206,0.0,1.0,-0.8660254037844386,0.5000000000000001,281.0,314.0,375.625,9.7,23.0,32.0,57.0,4.8,6.460382,0.0,13.0,18.621481478666663,45.59333333333333,46.0,46.406666666666666,46.51,45.5,-4.73711108333333,-0.1770370286666676,-0.3226666666666666,14.363333333333337,13.639333333333331,18.966419726222224,14.26466666666667,7.3147106,7.406782,7.5668235,7.734276,7.247386,0,4.0,0,0.0,-0.89,21.7,78.3
2022-10-10 17:15:00,41.786939672218,0.0,0.0,18.621481478666663,13.639333333333331,45.5,0,5.1764362714980825,70.66250196097344,17,0,10,-0.9659258262890684,-0.2588190451025206,0.0,1.0,-0.8660254037844386,0.5000000000000001,237.75,286.6875,365.4791666666667,9.325,22.75,29.5,58.25,4.6,6.4103966,0.0,12.525,18.5,45.5,45.59333333333333,46.0,46.406666666666666,45.5,-4.982148145333333,-0.156296271333332,-0.4013333333333353,14.040666666666668,13.236666666666668,18.784691335777776,14.014444444444448,7.247386,7.3147106,7.406782,7.5668235,7.1954327,0,4.0,0,0.0,-0.93,23.2,76.8
2022-10-10 17:30:00,57.484367233332,0.0,0.0,18.5,13.236666666666668,45.5,0,5.1764362714980825,70.66250196097344,17,0,10,-0.9659258262890684,-0.2588190451025206,0.0,1.0,-0.8660254037844386,0.5000000000000001,194.5,254.0625,348.9375,8.95,22.5,27.0,59.5,4.4,6.357152,0.0,12.05,18.388888881333333,45.5,45.5,45.59333333333333,46.0,45.5,-5.263333333333332,-0.1214814786666664,-0.4026666666666649,13.639333333333331,12.813333333333333,18.63308640955556,13.638888888888893,7.1954327,7.247386,7.3147106,7.406782,7.148196,0,4.0,0,0.0,-0.96,24.3,75.7
2022-10-10 17:45:00,34.911936866664,0.0,0.0,18.388888881333333,12.813333333333333,45.5,0,5.1764362714980825,70.66250196097344,17,0,10,-0.9659258262890684,-0.2588190451025206,0.0,1.0,-0.8660254037844386,0.5000000000000001,151.25,216.125,326.0,8.575,22.25,24.5,60.75,4.2,6.300851,0.0,11.575,18.30444444,45.5,45.5,45.5,45.59333333333333,45.75,-5.5755555480000005,-0.1111111186666669,-0.4233333333333355,13.236666666666668,12.178,18.503456786666664,13.22977777777778,7.148196,7.1954327,7.247386,7.3147106,7.151556,0,4.0,0,0.0,-0.98,25.4,74.6
2022-10-10 18:00:00,42.631072472222,0.0,0.0,18.30444444,12.178,45.75,0,5.1764362714980825,70.66250196097344,18,0,10,-1.0,-1.8369701987210294e-16,0.0,1.0,-0.8660254037844386,0.5000000000000001,108.0,172.875,296.6666666666667,8.2,22.0,22.0,62.0,4.0,6.241691,0.0,11.1,18.17703706,45.5,45.5,45.5,45.5,46.0,-6.126444440000002,-0.084444441333332,-0.6353333333333335,12.813333333333333,11.482666666666669,18.39777777377778,12.74266666666667,7.151556,7.148196,7.1954327,7.247386,7.1364474,0,4.0,0,0.0,-1.0,26.1,73.9
2022-10-10 18:15:00,50.256045161114,0.0,0.0,18.17703706,11.482666666666669,46.0,0,5.1764362714980825,70.66250196097344,18,0,10,-1.0,-1.8369701987210294e-16,0.0,1.0,-0.8660254037844386,0.5000000000000001,83.0,134.1875,267.1458333333333,7.6,20.275,18.75,63.75,3.875,6.1895204,0.0,10.525,18.084444462,45.75,45.5,45.5,45.5,46.26,-6.694370393333333,-0.127407380000001,-0.6953333333333322,12.178,10.788,18.290123460444445,12.158,7.1364474,7.151556,7.148196,7.1954327,7.1374035,0,4.0,0,0.0,-1.03,27.3,72.7
2022-10-10 18:30:00,530.331841411112,0.0,0.0,18.084444462,10.788,46.26,0,5.1764362714980825,70.66250196097344,18,0,10,-1.0,-1.8369701987210294e-16,0.0,1.0,-0.8660254037844386,0.5000000000000001,58.0,100.0625,237.4375,7.0,18.55,15.5,65.5,3.75,6.1321206,0.0,9.95,18.0555556,46.0,45.75,45.5,45.5,47.09333333333333,-7.296444462,-0.0925925979999995,-0.6946666666666665,11.482666666666669,10.110666666666669,18.188641987333337,11.482888888888889,7.1374035,7.1364474,7.151556,7.148196,7.253509,0,4.0,0,0.0,-1.05,28.2,71.8
2022-10-10 18:45:00,182.396315138882,0.0,0.0,18.0555556,10.110666666666669,47.09333333333333,0,5.1764362714980825,70.66250196097344,18,0,10,-1.0,-1.8369701987210294e-16,0.0,1.0,-0.8660254037844386,0.5000000000000001,33.0,70.5,207.54166666666663,6.4,16.825,12.25,67.25,3.625,6.069883,0.0,9.375,18.025555578,46.26,46.0,45.75,45.5,47.01,-7.944888933333335,-0.0288888619999987,-0.6773333333333333,10.788,9.627333333333333,18.10567904066667,10.793777777777782,7.253509,7.1374035,7.1364474,7.151556,7.2277675,0,4.0,0,0.0,-1.05,28.4,71.6
2022-10-10 19:00:00,582.185045016666,0.0,0.0,18.025555578,9.627333333333333,47.01,0,5.1764362714980825,70.66250196097344,19,0,10,-0.9659258262890684,0.2588190451025203,0.0,1.0,-0.8660254037844386,0.5000000000000001,8.0,45.5,177.45833333333334,5.8,15.1,9.0,69.0,3.5,6.003175,0.0,8.8,17.919999998666665,47.09333333333333,46.26,46.0,45.75,47.59333333333333,-8.39822224466667,-0.0300000219999994,-0.4833333333333343,10.110666666666669,9.197333333333336,18.05518521333333,10.175333333333336,7.2277675,7.253509,7.1374035,7.1364474,7.2716403,0,4.0,0,0.0,-1.06,28.7,71.3
2022-10-10 19:15:00,380.923929133332,0.0,0.0,17.919999998666665,9.197333333333336,47.59333333333333,0,5.1764362714980825,70.66250196097344,19,0,10,-0.9659258262890684,0.2588190451025203,0.0,1.0,-0.8660254037844386,0.5000000000000001,6.0,26.25,149.04166666666666,5.675,13.925,11.75,71.25,3.425,6.003173,0.0,8.3,17.972222202,47.01,47.09333333333333,46.26,46.0,49.73,-8.72266666533333,-0.1055555793333375,-0.4299999999999979,9.627333333333333,8.767333333333333,18.000370392222223,9.645111111111111,7.2716403,7.2277675,7.253509,7.1374035,7.6217465,0,4.0,0,0.0,-1.08,29.7,70.3
2022-10-10 19:30:00,794.607658905554,0.0,0.0,17.972222202,8.767333333333333,49.73,0,5.1764362714980825,70.66250196097344,19,0,10,-0.9659258262890684,0.2588190451025203,0.0,1.0,-0.8660254037844386,0.5000000000000001,4.0,12.75,122.29166666666669,5.55,12.75,14.5,73.5,3.35,5.996396,0.0,7.800000000000001,18.04518522133333,47.59333333333333,47.01,47.09333333333333,46.26,50.53333333333333,-9.204888868666668,0.0522222033333363,-0.4300000000000015,9.197333333333336,8.348,17.97259259288889,9.197333333333336,7.6217465,7.2716403,7.2277675,7.253509,7.778552,0,4.0,0,0.0,-1.06,28.6,71.4
2022-10-10 19:45:00,132.428591627774,0.0,0.0,18.04518522133333,8.348,50.53333333333333,0,5.1764362714980825,70.66250196097344,19,0,10,-0.9659258262890684,0.2588190451025203,0.0,1.0,-0.8660254037844386,0.5000000000000001,2.0,5.0,97.20833333333331,5.425,11.575,17.25,75.75,3.2750000000000004,5.983221,0.0,7.3,18.027777800000003,49.73,47.59333333333333,47.01,47.09333333333333,49.28,-9.697185221333331,0.0729630193333328,-0.4193333333333324,8.767333333333333,8.050666666666666,17.979135807333332,8.770888888888893,7.778552,7.6217465,7.2716403,7.2277675,7.577781,0,4.0,0,0.0,-1.04,27.7,72.3
2022-10-10 20:00:00,953.171316088888,0.0,0.0,18.027777800000003,8.050666666666666,49.28,0,5.1764362714980825,70.66250196097344,20,0,10,-0.8660254037844386,0.5000000000000001,0.0,1.0,-0.8660254037844386,0.5000000000000001,0.0,3.0,73.79166666666667,5.3,10.4,20.0,78.0,3.2,5.9640126,0.0,6.8,18.0,50.53333333333333,49.73,47.59333333333333,47.01,49.0,-9.977111133333336,-0.0174074213333312,-0.2973333333333343,8.348,7.785333333333333,18.015061741111115,8.388666666666667,7.577781,7.778552,7.6217465,7.2716403,7.522286,0,4.0,0,0.0,-1.05,28.2,71.8
2022-10-10 20:15:00,445.993270755552,0.0,0.0,18.0,7.785333333333333,49.0,0,5.1764362714980825,70.66250196097344,20,0,10,-0.8660254037844386,0.5000000000000001,0.0,1.0,-0.8660254037844386,0.5000000000000001,0.0,1.5,53.97916666666666,5.55,10.5,18.25,77.0,3.125,5.935636,0.0,6.925,17.972222199999997,49.28,50.53333333333333,49.73,47.59333333333333,48.5,-10.214666666666666,-0.0277778000000026,-0.2653333333333334,8.050666666666666,7.520666666666667,18.024321007111112,8.061333333333335,7.522286,7.577781,7.778552,7.6217465,7.433234,0,4.0,0,0.0,-1.06,28.5,71.5
2022-10-10 20:30:00,145.968605572218,0.0,0.0,17.972222199999997,7.520666666666667,48.5,0,5.1764362714980825,70.66250196097344,20,0,10,-0.8660254037844386,0.5000000000000001,0.0,1.0,-0.8660254037844386,0.5000000000000001,0.0,0.5,37.770833333333336,5.8,10.6,16.5,76.0,3.05,5.906348,0.0,7.05,17.9444444,49.0,49.28,50.53333333333333,49.73,48.0,-10.45155553333333,-0.0277778000000026,-0.2646666666666659,7.785333333333333,7.265333333333333,18.0,7.785555555555558,7.433234,7.522286,7.577781,7.778552,7.344453,0,4.0,0,0.0,-1.06,28.9,71.1
2022-10-10 20:45:00,130.970316694438,0.0,0.0,17.9444444,7.265333333333333,48.0,0,5.1764362714980825,70.66250196097344,20,0,10,-0.8660254037844386,0.5000000000000001,0.0,1.0,-0.8660254037844386,0.5000000000000001,0.0,0.0,25.166666666666668,6.05,10.7,14.75,75.0,2.975,5.876138,0.0,7.175,17.916666650000003,48.5,49.0,49.28,50.53333333333333,47.99,-10.679111066666664,-0.027777799999999,-0.2553333333333336,7.520666666666667,7.112,17.9722222,7.52377777777778,7.344453,7.433234,7.522286,7.577781,7.3307934,0,4.0,0,0.0,-1.07,29.3,70.7
2022-10-10 21:00:00,142.975392072214,0.0,0.0,17.916666650000003,7.112,47.99,0,5.1764362714980825,70.66250196097344,21,0,10,-0.7071067811865477,0.7071067811865474,0.0,1.0,-0.8660254037844386,0.5000000000000001,0.0,0.0,16.166666666666668,6.3,10.8,13.0,74.0,2.9,5.844995,0.0,7.3,17.878518521333334,48.0,48.5,49.0,49.28,47.59333333333333,-10.804666650000003,-0.0277777499999949,-0.1533333333333333,7.265333333333333,6.988,17.944444416666666,7.299333333333334,7.3307934,7.344453,7.433234,7.522286,7.2537065,0,4.0,0,0.0,-1.08,29.6,70.4
2022-10-10 21:15:00,140.841310555556,0.0,0.0,17.878518521333334,6.988,47.59333333333333,0,5.1764362714980825,70.66250196097344,21,0,10,-0.7071067811865477,0.7071067811865474,0.0,1.0,-0.8660254037844386,0.5000000000000001,0.0,0.0,9.25,6.525,11.15,9.75,75.25,2.85,5.8290906,0.0,7.0,17.833333301999996,47.99,48.0,48.5,49.0,47.5,-10.890518521333334,-0.0381481286666698,-0.1240000000000005,7.112,6.862,17.913209857111113,7.12177777777778,7.2537065,7.3307934,7.344453,7.433234,7.2200274,0,4.0,0,0.0,-1.09,30.1,69.9
2022-10-10 21:30:00,132.269986805554,0.0,0.0,17.833333301999996,6.862,47.5,0,5.1764362714980825,70.66250196097344,21,0,10,-0.7071067811865477,0.7071067811865474,0.0,1.0,-0.8660254037844386,0.5000000000000001,0.0,0.0,4.416666666666667,6.75,11.5,6.5,76.5,2.8,5.8113456,0.0,6.699999999999999,17.78814816,47.59333333333333,47.99,48.0,48.5,47.406666666666666,-10.971333301999996,-0.0451852193333373,-0.1259999999999994,6.988,6.727333333333333,17.876172824444446,6.987333333333335,7.2200274,7.2537065,7.3307934,7.344453,7.1864686,0,4.0,0,0.0,-1.1,30.6,69.4
2022-10-10 21:45:00,138.572790249998,0.0,0.0,17.78814816,6.727333333333333,47.406666666666666,0,5.1764362714980825,70.66250196097344,21,0,10,-0.7071067811865477,0.7071067811865474,0.0,1.0,-0.8660254037844386,0.5000000000000001,0.0,0.0,1.6666666666666667,6.975,11.85,3.25,77.75,2.75,5.791829,0.0,6.4,17.74888889,47.5,47.59333333333333,47.99,48.0,47.0,-11.060814826666665,-0.0451851419999975,-0.1346666666666669,6.862,6.48,17.833333327777776,6.859111111111113,7.1864686,7.2200274,7.2537065,7.3307934,7.108171,0,4.0,0,0.0,-1.11,31.2,68.8
2022-10-10 22:00:00,132.57330802222,0.0,0.0,17.74888889,6.48,47.0,0,5.1764362714980825,70.66250196097344,22,0,10,-0.5000000000000004,0.8660254037844384,0.0,1.0,-0.8660254037844386,0.5000000000000001,0.0,0.0,1.0,7.2,12.2,0.0,79.0,2.7,5.770605,0.0,6.1,17.67703706,47.406666666666666,47.5,47.59333333333333,47.99,46.68666666666666,-11.26888889,-0.0392592699999987,-0.2473333333333327,6.727333333333333,6.202,17.790123450666666,6.68977777777778,7.108171,7.1864686,7.2200274,7.2537065,7.030601,0,4.0,0,0.0,-1.13,31.7,68.3
2022-10-10 22:15:00,692.0656496,0.0,0.0,17.67703706,6.202,46.68666666666666,0,5.1764362714980825,70.66250196097344,22,0,10,-0.5000000000000004,0.8660254037844384,0.0,1.0,-0.8660254037844386,0.5000000000000001,0.0,0.0,0.5,7.4,12.2,0.0,80.25,2.625,5.7477417,0.0,5.8,17.6666667,47.0,47.406666666666666,47.5,47.59333333333333,47.49,-11.47503706,-0.0718518299999999,-0.2780000000000004,6.48,5.924666666666667,17.738024703333334,6.46977777777778,7.030601,7.108171,7.1864686,7.2200274,7.1471543,0,4.0,0,0.0,-1.14,32.6,67.4
2022-10-10 22:30:00,142.810120799996,0.0,0.0,17.6666667,5.924666666666667,47.49,0,5.1764362714980825,70.66250196097344,22,0,10,-0.5000000000000004,0.8660254037844384,0.0,1.0,-0.8660254037844386,0.5000000000000001,0.0,0.0,0.1666666666666666,7.6,12.2,0.0,81.5,2.55,5.7232995,0.0,5.5,17.656296321333333,46.68666666666666,47.0,47.406666666666666,47.5,48.0,-11.742000033333332,-0.0103703599999995,-0.277333333333333,6.202,5.666,17.697530883333332,6.2022222222222245,7.1471543,7.030601,7.108171,7.1864686,7.219441,0,4.0,0,0.0,-1.14,32.5,67.5
2022-10-10 22:45:00,137.835041994442,0.0,0.0,17.656296321333333,5.666,48.0,0,5.1764362714980825,70.66250196097344,22,0,10,-0.5000000000000004,0.8660254037844384,0.0,1.0,-0.8660254037844386,0.5000000000000001,0.0,0.0,0.0,7.8,12.2,0.0,82.75,2.475,5.697341,0.0,5.2,17.611111102,47.49,46.68666666666666,47.0,47.406666666666666,47.99,-11.990296321333332,-0.0103703786666677,-0.2586666666666666,5.924666666666667,5.61,17.666666693777774,5.930888888888891,7.219441,7.1471543,7.030601,7.108171,7.1985064,0,4.0,0,0.0,-1.14,32.5,67.5
2022-10-10 23:00:00,139.267206905554,0.0,0.0,17.611111102,5.61,47.99,0,5.1764362714980825,70.66250196097344,23,0,10,-0.2588190451025215,0.965925826289068,0.0,1.0,-0.8660254037844386,0.5000000000000001,0.0,0.0,0.0,8.0,12.2,0.0,84.0,2.4,5.6699276,0.0,4.9,17.56592596,48.0,47.49,46.68666666666666,47.0,47.68666666666666,-12.001111102,-0.0451852193333337,-0.056,5.666,5.61,17.644691374444445,5.733555555555558,7.1985064,7.219441,7.1471543,7.030601,7.133743,0,4.0,0,0.0,-1.15,33.1,66.9
2022-10-10 23:15:00,150.613419738886,0.0,0.0,17.56592596,5.61,47.68666666666666,0,5.1764362714980825,70.66250196097344,23,0,10,-0.2588190451025215,0.965925826289068,0.0,1.0,-0.8660254037844386,0.5000000000000001,0.0,0.0,0.0,8.15,12.65,0.0,84.75,2.325,5.6453223,0.0,4.7,17.527777800000003,47.99,48.0,47.49,46.68666666666666,47.99,-11.955925960000002,-0.0451851419999975,0.0,5.61,5.61,17.61111112777778,5.6286666666666685,7.133743,7.1985064,7.219441,7.1471543,7.162791,0,4.0,0,0.0,-1.17,33.7,66.3
2022-10-10 23:30:00,135.56179964444,0.0,0.0,17.527777800000003,5.61,47.99,0,5.1764362714980825,70.66250196097344,23,0,10,-0.2588190451025215,0.965925826289068,0.0,1.0,-0.8660254037844386,0.5000000000000001,0.0,0.0,0.0,8.3,13.1,0.0,85.5,2.25,5.6202602,0.0,4.5,17.5,47.68666666666666,47.99,48.0,47.49,48.0,-11.917777800000003,-0.0381481599999986,0.0,5.61,5.61,17.568271620666668,5.61,7.162791,7.133743,7.1985064,7.219441,7.152407,0,4.0,0,0.0,-1.17,34.0,66.0
2022-10-10 23:45:00,147.469101149994,0.0,0.0,17.5,5.61,48.0,0,5.1764362714980825,70.66250196097344,23,0,10,-0.2588190451025215,0.965925826289068,0.0,1.0,-0.8660254037844386,0.5000000000000001,0.0,0.0,0.0,8.45,13.55,0.0,86.25,2.175,5.594754,0.0,4.3,17.498888888,47.99,47.68666666666666,47.99,48.0,47.76,-11.89,-0.0277778000000026,0.0,5.61,5.61,17.531234586666667,5.61,7.152407,7.162791,7.133743,7.1985064,7.1161723,0,4.0,0,0.0,-1.18,34.4,65.6
2022-10-11 00:00:00,138.381131216666,0.0,0.0,17.498888888,5.61,47.76,0,5.1764362714980825,70.66250196097344,0,1,10,0.0,1.0,0.7818314824680298,0.6234898018587336,-0.8660254037844386,0.5000000000000001,0.0,0.0,0.0,8.6,14.0,0.0,87.0,2.1,5.56882,0.0,4.1,17.444444418666667,48.0,47.99,47.68666666666666,47.99,47.81333333333334,-11.888888888,-0.0011111120000002,0.0,5.61,5.61,17.508888896000002,5.61,7.1161723,7.152407,7.162791,7.133743,7.1009884,0,4.0,0,0.0,-1.18,34.4,65.6
2022-10-11 00:15:00,142.132369994446,0.0,0.0,17.444444418666667,5.61,47.81333333333334,0,5.1764362714980825,70.66250196097344,0,1,10,0.0,1.0,0.7818314824680298,0.6234898018587336,-0.8660254037844386,0.5000000000000001,0.0,0.0,0.0,9.05,15.0,0.0,86.5,2.025,5.5460377,0.0,4.125,17.39000001,47.76,48.0,47.99,47.68666666666666,47.5,-11.834444418666669,-0.0544444693333332,0.0,5.61,5.61,17.481111102222222,5.61,7.1009884,7.1161723,7.152407,7.162791,7.031538,0,4.0,0,0.0,-1.2,35.1,64.9
2022-10-11 00:30:00,84.267740472214,0.0,0.0,17.39000001,5.61,47.5,0,5.1764362714980825,70.66250196097344,0,1,10,0.0,1.0,0.7818314824680298,0.6234898018587336,-0.8660254037844386,0.5000000000000001,0.0,0.0,0.0,9.5,16.0,0.0,86.0,1.95,5.5231624,0.0,4.15,17.378518521333334,47.81333333333334,47.76,48.0,47.99,47.09333333333333,-11.780000010000002,-0.0544444086666651,0.0,5.61,5.6,17.44444443888889,5.61,7.031538,7.1009884,7.1161723,7.152407,6.966558,0,4.0,0,0.0,-1.21,35.8,64.2
2022-10-11 00:45:00,66.53261637222201,0.0,0.0,17.378518521333334,5.6,47.09333333333333,0,5.1764362714980825,70.66250196097344,0,1,10,0.0,1.0,0.7818314824680298,0.6234898018587336,-0.8660254037844386,0.5000000000000001,0.0,0.0,0.0,9.95,17.0,0.0,85.5,1.875,5.500193,0.0,4.175,17.333333301999996,47.5,47.81333333333334,47.76,48.0,47.0,-11.778518521333334,-0.0114814886666678,-0.0100000000000006,5.61,5.48,17.404320983333335,5.606666666666669,6.966558,7.031538,7.1009884,7.1161723,6.933991,0,4.0,0,0.0,-1.22,36.0,64.0
2022-10-11 01:00:00,59.937046888888,0.0,0.0,17.333333301999996,5.48,47.0,0,5.1764362714980825,70.66250196097344,1,1,10,0.2588190451025207,0.9659258262890684,0.7818314824680298,0.6234898018587336,-0.8660254037844386,0.5000000000000001,0.0,0.0,0.0,10.4,18.0,0.0,85.0,1.8,5.47713,0.0,4.2,17.28814816,47.09333333333333,47.5,47.81333333333334,47.76,47.0,-11.853333301999996,-0.0451852193333373,-0.1199999999999992,5.6,5.326666666666667,17.36728394444444,5.563333333333335,6.933991,6.966558,7.031538,7.1009884,6.915277,0,4.0,0,0.0,-1.23,36.6,63.4
2022-10-11 01:15:00,56.721619994442,0.0,0.0,17.28814816,5.326666666666667,47.0,0,5.1764362714980825,70.66250196097344,1,1,10,0.2588190451025207,0.9659258262890684,0.7818314824680298,0.6234898018587336,-0.8660254037844386,0.5000000000000001,0.0,0.0,0.0,10.5,18.35,0.0,84.5,1.775,5.4630485,0.0,4.25,17.25,47.0,47.09333333333333,47.5,47.81333333333334,47.0,-11.96148149333333,-0.0451851419999975,-0.1533333333333333,5.48,5.17,17.333333327777776,5.468888888888891,6.915277,6.933991,6.966558,7.031538,6.899512,0,4.0,0,0.0,-1.24,37.1,62.9
2022-10-11 01:30:00,43.326322577772,0.0,0.0,17.25,5.17,47.0,0,5.1764362714980825,70.66250196097344,1,1,10,0.2588190451025207,0.9659258262890684,0.7818314824680298,0.6234898018587336,-0.8660254037844386,0.5000000000000001,0.0,0.0,0.0,10.6,18.7,0.0,84.0,1.75,5.4488034,0.0,4.300000000000001,17.21185184,47.0,47.0,47.09333333333333,47.5,47.0,-12.08,-0.0381481599999986,-0.1566666666666671,5.326666666666667,5.03,17.290493820666665,5.325555555555558,6.899512,6.915277,6.933991,6.966558,6.883776,0,4.0,0,0.0,-1.25,37.6,62.4
2022-10-11 01:45:00,60.218146794442,0.0,0.0,17.21185184,5.03,47.0,0,5.1764362714980825,70.66250196097344,1,1,10,0.2588190451025207,0.9659258262890684,0.7818314824680298,0.6234898018587336,-0.8660254037844386,0.5000000000000001,0.0,0.0,0.0,10.7,19.05,0.0,83.5,1.725,5.4343963,0.0,4.3500000000000005,17.16777781,47.0,47.0,47.0,47.09333333333333,47.0,-12.18185184,-0.0381481599999986,-0.1399999999999996,5.17,5.0,17.25,5.175555555555557,6.883776,6.899512,6.915277,6.933991,6.865637,0,4.0,0,0.0,-1.26,38.1,61.9
2022-10-11 02:00:00,40.894197433336,0.0,0.0,17.16777781,5.0,47.0,0,5.1764362714980825,70.66250196097344,2,1,10,0.4999999999999999,0.8660254037844387,0.7818314824680298,0.6234898018587336,-0.8660254037844386,0.5000000000000001,0.0,0.0,0.0,10.8,19.4,0.0,83.0,1.7,5.419826,0.0,4.4,17.156296321333333,47.0,47.0,47.0,47.0,47.0,-12.16777781,-0.0440740300000008,-0.0300000000000002,5.03,5.0,17.20987655,5.066666666666669,6.865637,6.883776,6.899512,6.915277,6.860919,0,4.0,0,0.0,-1.27,38.6,61.4
2022-10-11 02:15:00,51.868202905558,0.0,0.0,17.156296321333333,5.0,47.0,0,5.1764362714980825,70.66250196097344,2,1,10,0.4999999999999999,0.8660254037844387,0.7818314824680298,0.6234898018587336,-0.8660254037844386,0.5000000000000001,0.0,0.0,0.0,11.075,19.95,1.5,82.75,1.775,5.4394913,0.0,4.5,17.111111102,47.0,47.0,47.0,47.0,47.0,-12.156296321333333,-0.0114814886666678,0.0,5.0,5.0,17.178641990444444,5.010000000000002,6.860919,6.865637,6.883776,6.899512,6.842376,0,4.0,0,0.0,-1.27,38.7,61.3
2022-10-11 02:30:00,43.438817927778,0.0,0.0,17.111111102,5.0,47.0,0,5.1764362714980825,70.66250196097344,2,1,10,0.4999999999999999,0.8660254037844387,0.7818314824680298,0.6234898018587336,-0.8660254037844386,0.5000000000000001,0.0,0.0,0.0,11.35,20.5,3.0,82.5,1.85,5.459147,0.0,4.6,17.06592596,47.0,47.0,47.0,47.0,47.0,-12.111111102,-0.0451852193333337,0.0,5.0,4.989999999999999,17.145061744444444,5.0,6.842376,6.860919,6.865637,6.883776,6.823877,0,4.0,0,0.0,-1.28,39.3,60.7
2022-10-11 02:45:00,43.661586916662,0.0,0.0,17.06592596,4.989999999999999,47.0,0,5.1764362714980825,70.66250196097344,2,1,10,0.4999999999999999,0.8660254037844387,0.7818314824680298,0.6234898018587336,-0.8660254037844386,0.5000000000000001,0.0,0.0,0.0,11.625,21.05,4.5,82.25,1.925,5.4787936,0.0,4.7,17.027777800000003,47.0,47.0,47.0,47.0,47.0,-12.075925960000005,-0.0451851419999975,-0.0100000000000006,5.0,4.87,17.11111112777778,4.996666666666669,6.823877,6.842376,6.860919,6.865637,6.8082943,0,4.0,0,0.0,-1.29,39.9,60.1
2022-10-11 03:00:00,48.396952911112,0.0,0.0,17.027777800000003,4.87,47.0,0,5.1764362714980825,70.66250196097344,3,1,10,0.7071067811865476,0.7071067811865476,0.7818314824680298,0.6234898018587336,-0.8660254037844386,0.5000000000000001,0.0,0.0,0.0,11.9,21.6,6.0,82.0,2.0,5.4984303,0.0,4.8,17.0,47.0,47.0,47.0,47.0,47.0,-12.157777800000002,-0.0381481599999986,-0.1199999999999992,4.989999999999999,4.716666666666667,17.068271620666668,4.953333333333335,6.8082943,6.823877,6.842376,6.860919,6.7969637,0,4.0,0,0.0,-1.3,40.3,59.7
2022-10-11 03:15:00,40.901975055552,0.0,0.0,17.0,4.716666666666667,47.0,0,5.1764362714980825,70.66250196097344,3,1,10,0.7071067811865476,0.7071067811865476,0.7818314824680298,0.6234898018587336,-0.8660254037844386,0.5000000000000001,0.0,0.0,0.0,12.0,21.950000000000003,4.5,81.5,2.1,5.5285263,0.0,4.975,16.998888888,47.0,47.0,47.0,47.0,47.0,-12.283333333333331,-0.0277778000000026,-0.1533333333333333,4.87,4.5600000000000005,17.031234586666667,4.858888888888891,6.7969637,6.8082943,6.823877,6.842376,6.7965093,0,4.0,0,0.0,-1.31,40.7,59.3
2022-10-11 03:30:00,397.504932533332,0.0,0.0,16.998888888,4.5600000000000005,47.0,0,5.1764362714980825,70.66250196097344,3,1,10,0.7071067811865476,0.7071067811865476,0.7818314824680298,0.6234898018587336,-0.8660254037844386,0.5000000000000001,0.0,0.0,0.0,12.1,22.3,3.0,81.0,2.2,5.5584846,0.0,5.15,16.954814778666666,47.0,47.0,47.0,47.0,47.09333333333333,-12.438888888,-0.0011111120000002,-0.1566666666666663,4.716666666666667,4.3933333333333335,17.008888896000002,4.715555555555558,6.7965093,6.7969637,6.8082943,6.823877,6.7920327,0,4.0,0,0.0,-1.31,40.7,59.3
2022-10-11 03:45:00,43.389097833328,0.0,0.0,16.954814778666666,4.3933333333333335,47.09333333333333,0,5.1764362714980825,70.66250196097344,3,1,10,0.7071067811865476,0.7071067811865476,0.7818314824680298,0.6234898018587336,-0.8660254037844386,0.5000000000000001,0.0,0.0,0.0,12.2,22.65,1.5,80.5,2.3,5.588299,0.0,5.325,16.91666665,47.0,47.0,47.0,47.0,47.49,-12.561481445333332,-0.0440741093333336,-0.1666666666666669,4.5600000000000005,4.040666666666667,16.98456788888889,4.556666666666668,6.7920327,6.7965093,6.7969637,6.8082943,6.833584,0,4.0,0,0.0,-1.32,41.2,58.8
2022-10-11 04:00:00,42.139147749998,0.0,0.0,16.91666665,4.040666666666667,47.49,0,5.1764362714980825,70.66250196097344,4,1,10,0.8660254037844386,0.5000000000000001,0.7818314824680298,0.6234898018587336,-0.8660254037844386,0.5000000000000001,0.0,0.0,0.0,12.3,23.0,0.0,80.0,2.4,5.6179624,0.0,5.5,16.8888889,47.09333333333333,47.0,47.0,47.0,47.5,-12.875999983333331,-0.0381481286666662,-0.3526666666666669,4.3933333333333335,3.6393333333333335,16.956790105555555,4.331333333333336,6.833584,6.7920327,6.7965093,6.7969637,6.8236403,0,4.0,0,0.0,-1.33,41.6,58.4
2022-10-11 04:15:00,45.478736311112,0.0,0.0,16.8888889,3.6393333333333335,47.5,0,5.1764362714980825,70.66250196097344,4,1,10,0.8660254037844386,0.5000000000000001,0.7818314824680298,0.6234898018587336,-0.8660254037844386,0.5000000000000001,0.0,0.0,0.0,12.3,22.925,0.0,79.75,2.525,5.6652284,0.0,5.675,16.8888889,47.49,47.09333333333333,47.0,47.0,47.75,-13.249555566666668,-0.0277777499999984,-0.4013333333333331,4.040666666666667,3.2366666666666664,16.92012344288889,4.024444444444447,6.8236403,6.833584,6.7920327,6.7965093,6.8595533,0,4.0,0,0.0,-1.33,42.0,58.0
2022-10-11 04:30:00,45.490680449994,0.0,0.0,16.8888889,3.2366666666666664,47.75,0,5.1764362714980825,70.66250196097344,4,1,10,0.8660254037844386,0.5000000000000001,0.7818314824680298,0.6234898018587336,-0.8660254037844386,0.5000000000000001,0.0,0.0,0.0,12.3,22.85,0.0,79.5,2.65,5.7127395,0.0,5.85,16.878518521333334,47.5,47.49,47.09333333333333,47.0,48.0,-13.652222233333337,0.0,-0.4026666666666672,3.6393333333333335,2.85,16.89814815,3.6388888888888906,6.8595533,6.8236403,6.833584,6.7920327,6.8911786,0,4.0,0,0.0,-1.33,41.9,58.1
2022-10-11 04:45:00,40.096451711108,0.0,0.0,16.878518521333334,2.85,48.0,0,5.1764362714980825,70.66250196097344,4,1,10,0.8660254037844386,0.5000000000000001,0.7818314824680298,0.6234898018587336,-0.8660254037844386,0.5000000000000001,0.0,0.0,0.0,12.3,22.775,0.0,79.25,2.775,5.760499,0.0,6.025,16.834444412,47.75,47.5,47.49,47.09333333333333,48.0,-14.028518521333334,-0.0103703786666677,-0.3866666666666662,3.2366666666666664,2.658666666666667,16.88543210711111,3.242000000000002,6.8911786,6.8595533,6.8236403,6.833584,6.872971,0,4.0,0,0.0,-1.33,42.0,58.0
2022-10-11 05:00:00,51.924311977772,0.0,0.0,16.834444412,2.658666666666667,48.0,0,5.1764362714980825,70.66250196097344,5,1,10,0.9659258262890684,0.2588190451025207,0.7818314824680298,0.6234898018587336,-0.8660254037844386,0.5000000000000001,0.0,0.0,0.0,12.3,22.7,0.0,79.0,2.9,5.8085017,0.0,6.2,16.8333333,48.0,47.75,47.5,47.49,48.0,-14.175777745333331,-0.0440741093333336,-0.1913333333333331,2.85,2.518666666666667,16.86728394444444,2.9151111111111128,6.872971,6.8911786,6.8595533,6.8236403,6.872511,0,4.0,0,0.0,-1.34,42.5,57.5
2022-10-11 05:15:00,36.103000355552,0.0,0.0,16.8333333,2.518666666666667,48.0,0,5.1764362714980825,70.66250196097344,5,1,10,0.9659258262890684,0.2588190451025207,0.7818314824680298,0.6234898018587336,-0.8660254037844386,0.5000000000000001,0.0,0.0,0.0,12.05,22.775,0.0,79.25,3.0,5.865116,0.0,6.3,16.83222219,48.0,48.0,47.75,47.5,48.25,-14.314666633333331,-0.0011111120000002,-0.1400000000000001,2.658666666666667,2.3786666666666667,16.848765411111113,2.67577777777778,6.872511,6.872971,6.8911786,6.8595533,6.9078455,0,4.0,0,0.0,-1.34,42.6,57.4
2022-10-11 05:30:00,54.09200298333,0.0,0.0,16.83222219,2.3786666666666667,48.25,0,5.1764362714980825,70.66250196097344,5,1,10,0.9659258262890684,0.2588190451025207,0.7818314824680298,0.6234898018587336,-0.8660254037844386,0.5000000000000001,0.0,0.0,0.0,11.8,22.85,0.0,79.5,3.1,5.922192,0.0,6.4,16.78814816,48.0,48.0,48.0,47.75,48.5,-14.453555523333332,-0.00111111,-0.1400000000000001,2.518666666666667,2.248666666666667,16.833333300666666,2.5186666666666686,6.9078455,6.872511,6.872971,6.8911786,6.925286,0,4.0,0,0.0,-1.34,42.5,57.5
2022-10-11 05:45:00,37.356839,0.0,0.0,16.78814816,2.248666666666667,48.5,0,5.1764362714980825,70.66250196097344,5,1,10,0.9659258262890684,0.2588190451025207,0.7818314824680298,0.6234898018587336,-0.8660254037844386,0.5000000000000001,0.0,0.0,0.0,11.55,22.925,0.0,79.75,3.2,5.979732,0.0,6.5,16.776666688,48.25,48.0,48.0,48.0,48.5,-14.539481493333332,-0.0440740300000008,-0.1299999999999999,2.3786666666666667,2.22,16.817901216666666,2.382000000000002,6.925286,6.9078455,6.872511,6.872971,6.920511,0,4.0,0,0.0,-1.35,43.0,57.0
2022-10-11 06:00:00,43.081332144448,0.0,0.0,16.776666688,2.22,48.5,0,5.1764362714980825,70.66250196097344,6,1,10,1.0,6.123233995736766e-17,0.7818314824680298,0.6234898018587336,-0.8660254037844386,0.5000000000000001,0.0,0.0,0.0,11.3,23.0,0.0,80.0,3.3,6.037739,0.0,6.6,16.742962957333333,48.5,48.25,48.0,48.0,48.5,-14.556666687999998,-0.0114814719999998,-0.0286666666666666,2.248666666666667,2.22,16.799012346,2.2824444444444465,6.920511,6.925286,6.9078455,6.872511,6.906515,0,4.0,0,0.0,-1.36,43.2,56.8
2022-10-11 06:15:00,48.690830105554,0.0,0.0,16.742962957333333,2.22,48.5,0,5.1764362714980825,70.66250196097344,6,1,10,1.0,6.123233995736766e-17,0.7818314824680298,0.6234898018587336,-0.8660254037844386,0.5000000000000001,0.0,0.0,0.0,10.9,22.475,4.0,80.75,3.4,6.074499,0.0,6.55,16.775555576,48.5,48.5,48.25,48.0,48.51,-14.522962957333332,-0.0337037306666658,0.0,2.22,2.22,16.769259268444443,2.229555555555558,6.906515,6.920511,6.925286,6.9078455,6.921476,0,4.0,0,0.0,-1.36,43.6,56.4
2022-10-11 06:30:00,35.577187955556,0.0,0.0,16.775555576,2.22,48.51,0,5.1764362714980825,70.66250196097344,6,1,10,1.0,6.123233995736766e-17,0.7818314824680298,0.6234898018587336,-0.8660254037844386,0.5000000000000001,0.0,0.0,0.0,10.5,21.95,8.0,81.5,3.5,6.110948,0.0,6.5,16.732592578666665,48.5,48.5,48.5,48.25,48.906666666666666,-14.555555575999998,0.0325926186666656,0.0,2.22,2.23,16.76506174044444,2.22,6.921476,6.906515,6.920511,6.925286,6.9600844,0,4.0,0,0.0,-1.36,43.2,56.8
2022-10-11 06:45:00,55.697494277776,0.0,0.0,16.732592578666665,2.23,48.906666666666666,0,5.1764362714980825,70.66250196097344,6,1,10,1.0,6.123233995736766e-17,0.7818314824680298,0.6234898018587336,-0.8660254037844386,0.5000000000000001,0.0,0.0,0.0,10.1,21.425,12.0,82.25,3.6,6.147086,0.0,6.45,16.7222222,48.51,48.5,48.5,48.5,49.0,-14.502592578666665,-0.0429629973333334,0.0099999999999997,2.22,2.341333333333333,16.750370370666666,2.223333333333335,6.9600844,6.921476,6.906515,6.920511,6.969024,0,4.0,0,0.0,-1.36,43.6,56.4
2022-10-11 07:00:00,36.854914644444,0.0,0.0,16.7222222,2.341333333333333,49.0,0,5.1764362714980825,70.66250196097344,7,1,10,0.9659258262890684,-0.2588190451025206,0.7818314824680298,0.6234898018587336,-0.8660254037844386,0.5000000000000001,0.0,0.0,0.0,9.7,20.9,16.0,83.0,3.7,6.1829166,0.0,6.4,16.7222222,48.906666666666666,48.51,48.5,48.5,49.0,-14.380888866666668,-0.0103703786666642,0.111333333333333,2.23,2.481333333333333,16.743456784888888,2.263777777777779,6.969024,6.9600844,6.921476,6.906515,6.969024,0,4.0,0,0.0,-1.37,43.7,56.3
2022-10-11 07:15:00,43.06299966111,0.0,0.0,16.7222222,2.481333333333333,49.0,0,5.1764362714980825,70.66250196097344,7,1,10,0.9659258262890684,-0.2588190451025206,0.7818314824680298,0.6234898018587336,-0.8660254037844386,0.5000000000000001,6.5,1.625,0.5416666666666666,9.775,19.625,21.0,82.25,3.85,6.2278194,0.0,6.65,16.72111109,49.0,48.906666666666666,48.51,48.5,49.0,-14.240888866666667,0.0,0.1400000000000001,2.341333333333333,2.6213333333333333,16.725678992888888,2.3508888888888904,6.969024,6.969024,6.9600844,6.921476,6.9685597,0,4.0,0,0.0,-1.37,43.7,56.3
2022-10-11 07:30:00,49.001928661114,0.0,0.0,16.72111109,2.6213333333333333,49.0,0,5.1764362714980825,70.66250196097344,7,1,10,0.9659258262890684,-0.2588190451025206,0.7818314824680298,0.6234898018587336,-0.8660254037844386,0.5000000000000001,13.0,4.875,1.625,9.85,18.35,26.0,81.5,4.0,6.2723155,0.0,6.9,16.67703706,49.0,49.0,48.906666666666666,48.51,49.0,-14.099777756666668,-0.00111111,0.1400000000000001,2.481333333333333,2.807333333333333,16.721851830000002,2.481333333333335,6.9685597,6.969024,6.969024,6.9600844,6.950125,0,4.0,0,0.0,-1.37,43.8,56.2
2022-10-11 07:45:00,35.502746400004,0.0,0.0,16.67703706,2.807333333333333,49.0,0,5.1764362714980825,70.66250196097344,7,1,10,0.9659258262890684,-0.2588190451025206,0.7818314824680298,0.6234898018587336,-0.8660254037844386,0.5000000000000001,19.5,9.75,3.25,9.925,17.075,31.0,80.75,4.15,6.3163834,0.0,7.15,16.6666667,49.0,49.0,49.0,48.906666666666666,49.25,-13.869703726666668,-0.0440740300000008,0.1859999999999999,2.6213333333333333,3.5013333333333336,16.706790116666667,2.636666666666668,6.950125,6.9685597,6.969024,6.969024,6.981231,0,4.0,0,0.0,-1.38,44.3,55.7
2022-10-11 08:00:00,54.651702794442,0.0,0.0,16.6666667,3.5013333333333336,49.25,0,5.1764362714980825,70.66250196097344,8,1,10,0.8660254037844387,-0.4999999999999998,0.7818314824680298,0.6234898018587336,-0.8660254037844386,0.5000000000000001,26.0,16.25,5.416666666666667,10.0,15.8,36.0,80.0,4.3,6.3599997,0.0,7.4,16.6666667,49.0,49.0,49.0,49.0,49.5,-13.165333366666667,-0.0103703599999995,0.6940000000000004,2.807333333333333,4.334666666666666,16.68827161666667,2.9766666666666683,6.981231,6.950125,6.9685597,6.969024,7.016669,0,4.0,0,0.0,-1.38,44.4,55.6
2022-10-11 08:15:00,38.747894555552,0.0,0.0,16.6666667,4.334666666666666,49.5,0,5.1764362714980825,70.66250196097344,8,1,10,0.8660254037844387,-0.4999999999999998,0.7818314824680298,0.6234898018587336,-0.8660254037844386,0.5000000000000001,58.5,29.25,10.291666666666666,9.525,16.175,27.5,79.0,4.7,6.5393414,0.0,8.025,16.668888922,49.25,49.0,49.0,49.0,49.77,-12.332000033333332,0.0,0.8333333333333326,3.5013333333333336,5.166666666666667,16.670123486666668,3.5477777777777795,7.016669,6.981231,6.950125,6.9685597,7.055883,0,4.0,0,0.0,-1.38,44.3,55.7
2022-10-11 08:30:00,98.89826616111,0.0,0.0,16.668888922,5.166666666666667,49.77,0,5.1764362714980825,70.66250196097344,8,1,10,0.8660254037844387,-0.4999999999999998,0.7818314824680298,0.6234898018587336,-0.8660254037844386,0.5000000000000001,91.0,48.75,17.875,9.05,16.55,19.0,78.0,5.1,6.7212753,0.0,8.65,16.808888917333334,49.5,49.25,49.0,49.0,51.0,-11.502222255333333,0.0022222220000003,0.8320000000000007,4.334666666666666,6.007333333333333,16.667407440666665,4.334222222222224,7.055883,7.016669,6.981231,6.950125,7.291335,0,4.0,0,0.0,-1.38,44.2,55.8
2022-10-11 08:45:00,244.05551522222,93.76263826111,93.779304277776,16.808888917333334,6.007333333333333,51.0,2,5.1764362714980825,70.66250196097344,8,1,10,0.8660254037844387,-0.4999999999999998,0.7818314824680298,0.6234898018587336,-0.8660254037844386,0.5000000000000001,123.5,74.75,28.166666666666668,8.575,16.925,10.499999999999996,77.0,5.5,6.905722,0.0,9.275,17.425555588,49.77,49.5,49.25,49.0,51.45,-10.801555584,0.1399999953333335,0.8406666666666665,5.166666666666667,6.952666666666667,16.714814846444444,5.169555555555558,7.291335,7.055883,7.016669,6.981231,7.6324677,0,3.0,1,0.25,-1.34,42.1,57.9
2022-10-11 09:00:00,291.468618672218,252.327128744444,252.356572066664,17.425555588,6.952666666666667,51.45,2,5.1764362714980825,70.66250196097344,9,1,10,0.7071067811865476,-0.7071067811865475,0.7818314824680298,0.6234898018587336,-0.8660254037844386,0.5000000000000001,156.0,107.25,41.16666666666666,8.1,17.3,2.0,76.0,5.9,7.092592,0.0,9.9,18.48962964,51.0,49.77,49.5,49.25,49.5,-10.472888921333334,0.6166666706666675,0.945333333333334,6.007333333333333,7.926,16.967777809111112,6.042222222222224,7.6324677,7.291335,7.055883,7.016669,7.8231897,0,2.0,0,0.5,-1.18,34.4,65.6
2022-10-11 09:15:00,350.962072188884,222.189445366668,222.216388772222,18.48962964,7.926,49.5,2,5.1764362714980825,70.66250196097344,9,1,10,0.7071067811865476,-0.7071067811865475,0.7818314824680298,0.6234898018587336,-0.8660254037844386,0.5000000000000001,201.75,143.0625,57.97916666666666,7.025,17.125,3.75,73.25,6.175000000000001,7.2135644,0.0,10.75,19.35222226,51.45,51.0,49.77,49.5,47.77,-10.563629639999997,1.0640740519999952,0.9733333333333328,6.952666666666667,8.897333333333334,17.57469138177778,6.962000000000002,7.8231897,7.6324677,7.291335,7.055883,7.944331,0,1.0,0,0.75,-0.94,23.6,76.4
2022-10-11 09:30:00,536.882135038886,224.747398644444,224.774342049998,19.35222226,8.897333333333334,47.77,2,5.1764362714980825,70.66250196097344,9,1,10,0.7071067811865476,-0.7071067811865475,0.7818314824680298,0.6234898018587336,-0.8660254037844386,0.5000000000000001,247.5,182.1875,78.60416666666667,5.949999999999999,16.950000000000003,5.5,70.5,6.45,7.3235517,0.0,11.6,19.788148178666667,49.5,51.45,51.0,49.77,47.0,-10.454888926666667,0.8625926200000045,0.9713333333333338,7.926,9.870666666666668,18.42246916266667,7.925333333333335,7.944331,7.8231897,7.6324677,7.291335,8.019064,0,0.0,0,1.0,-0.74,16.6,83.4
2022-10-11 09:45:00,263.0578106,221.898623716666,221.925844894442,19.788148178666667,9.870666666666668,47.0,2,5.1764362714980825,70.66250196097344,9,1,10,0.7071067811865476,-0.7071067811865475,0.7818314824680298,0.6234898018587336,-0.8660254037844386,0.5000000000000001,293.25,224.625,103.04166666666669,4.875,16.775000000000002,7.25,67.75,6.725,7.4211917,0.0,12.45,20.1666667,47.77,49.5,51.45,51.0,46.5,-9.917481512,0.4359259186666655,0.9733333333333328,8.897333333333334,10.842666666666666,19.21000002622222,8.898000000000001,8.019064,7.944331,7.8231897,7.6324677,8.111603,0,0.0,0,1.0,-0.64,13.7,86.3
2022-10-11 10:00:00,296.555081705558,214.470309727778,214.4930866,20.1666667,10.842666666666666,46.5,2,5.1764362714980825,70.66250196097344,10,1,10,0.4999999999999999,-0.8660254037844387,0.7818314824680298,0.6234898018587336,-0.8660254037844386,0.5000000000000001,339.0,270.375,131.29166666666666,3.8,16.6,9.0,65.0,7.0,7.505026,0.0,13.3,20.628148176,47.0,47.77,49.5,51.45,45.906666666666666,-9.324000033333334,0.3785185213333335,0.9719999999999996,9.870666666666668,11.816,19.769012379555555,9.870222222222225,8.111603,8.019064,7.944331,7.8231897,8.226766,0,0.0,0,1.0,-0.56,11.6,88.4
2022-10-11 10:15:00,243.479982627778,177.85427441111202,177.874273594446,20.628148176,11.816,45.906666666666666,2,5.1764362714980825,70.66250196097344,10,1,10,0.4999999999999999,-0.8660254037844387,0.7818314824680298,0.6234898018587336,-0.8660254037844386,0.5000000000000001,374.25,313.5,161.9375,3.575,15.425,25.25,63.0,7.125,7.5828686,0.0,13.975,21.583333302,46.5,47.0,47.77,49.5,44.24,-8.812148175999999,0.4614814759999994,0.9733333333333344,10.842666666666666,12.787333333333333,20.194321018222222,10.843111111111114,8.226766,8.111603,8.019064,7.944331,8.380136,0,0.0,0,1.0,-0.45,9.3,90.7
2022-10-11 10:30:00,209.087469450002,162.10379333889,162.124070294446,21.583333302,12.787333333333333,44.24,2,5.1764362714980825,70.66250196097344,10,1,10,0.4999999999999999,-0.8660254037844387,0.7818314824680298,0.6234898018587336,-0.8660254037844386,0.5000000000000001,409.5,354.0,194.97916666666663,3.35,14.25,41.5,61.0,7.25,7.652082,0.0,14.65,22.60074072133333,45.906666666666666,46.5,47.0,47.77,42.09333333333333,-8.795999968666663,0.9551851259999964,0.971333333333332,11.816,13.752666666666666,20.792716059333333,11.815333333333337,8.380136,8.226766,8.111603,8.019064,8.45482,0,0.0,0,1.0,-0.24,6.2,93.8
2022-10-11 10:45:00,690.503489855556,142.649016011112,142.667626449998,22.60074072133333,13.752666666666666,42.09333333333333,2,5.1764362714980825,70.66250196097344,10,1,10,0.4999999999999999,-0.8660254037844387,0.7818314824680298,0.6234898018587336,-0.8660254037844386,0.5000000000000001,444.75,391.875,230.41666666666663,3.125,13.075,57.75,59.0,7.375,7.711905,0.0,15.325,23.318888856,44.24,45.906666666666666,46.5,47.0,40.78,-8.848074054666668,1.0174074193333382,0.9653333333333336,12.787333333333333,14.611333333333333,21.604074066444444,12.785333333333336,8.45482,8.380136,8.226766,8.111603,8.534644,0,0.0,0,1.0,-0.01,5.0,95.0
2022-10-11 11:00:00,483.307889261106,146.128321283334,146.146931738886,23.318888856,14.611333333333333,40.78,2,5.1764362714980825,70.66250196097344,11,1,10,0.258819045102521,-0.9659258262890682,0.7818314824680298,0.6234898018587336,-0.8660254037844386,0.5000000000000001,480.0,427.125,268.25,2.9,11.9,74.0,57.0,7.5,7.7615585,0.0,16.0,23.354074038666667,42.09333333333333,44.24,45.906666666666666,46.5,41.0,-8.707555522666668,0.7181481346666665,0.8586666666666662,13.752666666666666,15.444666666666668,22.500987626444445,13.71711111111111,8.534644,8.45482,8.380136,8.226766,8.597931,0,0.0,0,1.0,0.16,5.5,94.5
2022-10-11 11:15:00,231.436853222224,163.212360111112,163.231248288888,23.354074038666667,15.444666666666668,41.0,2,5.1764362714980825,70.66250196097344,11,1,10,0.258819045102521,-0.9659258262890682,0.7818314824680298,0.6234898018587336,-0.8660254037844386,0.5000000000000001,505.0,459.8125,305.4583333333333,3.475,12.975,59.5,55.5,7.525,7.776978,0.0,16.474999999999998,23.27777775,40.78,42.09333333333333,44.24,45.906666666666666,41.74,-7.909407372,0.035185182666666,0.8333333333333339,14.611333333333333,16.276666666666667,23.09123453866667,14.60288888888889,8.597931,8.534644,8.45482,8.380136,8.715085,0,0.0,0,1.0,0.17,5.6,94.4
2022-10-11 11:30:00,200.050608705558,163.038755955556,163.06069947778,23.27777775,16.276666666666667,41.74,2,5.1764362714980825,70.66250196097344,11,1,10,0.258819045102521,-0.9659258262890682,0.7818314824680298,0.6234898018587336,-0.8660254037844386,0.5000000000000001,530.0,489.9375,342.0416666666667,4.05,14.05,45.0,54.0,7.55,7.7858953,0.0,16.95,23.180740722666663,41.0,40.78,42.09333333333333,44.24,42.09333333333333,-7.001111083333331,-0.0762962886666684,0.8320000000000007,15.444666666666668,17.063333333333333,23.31691354822222,15.444222222222225,8.715085,8.597931,8.534644,8.45482,8.7402935,0,0.0,0,1.0,0.15,5.5,94.5
2022-10-11 11:45:00,213.235636883334,163.074032327778,163.096809183334,23.180740722666663,17.063333333333333,42.09333333333333,2,5.1764362714980825,70.66250196097344,11,1,10,0.258819045102521,-0.9659258262890682,0.7818314824680298,0.6234898018587336,-0.8660254037844386,0.5000000000000001,555.0,517.5,378.0,4.625,15.125,30.5,52.5,7.574999999999999,7.7879744,0.0,17.424999999999997,23.064444438,41.74,41.0,40.78,42.09333333333333,42.23,-6.117407389333334,-0.0970370273333323,0.7866666666666653,16.276666666666667,17.341333333333335,23.27086417044444,16.261555555555557,8.7402935,8.715085,8.597931,8.534644,8.710583,0,0.0,0,1.0,0.13,5.4,94.6
2022-10-11 12:00:00,179.15200038333,138.22947059999998,138.250858694442,23.064444438,17.341333333333335,42.23,2,5.1764362714980825,70.66250196097344,12,1,10,1.2246467991473532e-16,-1.0,0.7818314824680298,0.6234898018587336,-0.8660254037844386,0.5000000000000001,580.0,542.5,413.3333333333333,5.2,16.2,16.0,51.0,7.6,7.7828646,0.0,17.9,23.260740724,42.09333333333333,41.74,41.0,40.78,41.68666666666666,-5.723111104666668,-0.1162962846666637,0.2780000000000022,17.063333333333333,17.481333333333335,23.174320970222222,16.893777777777782,8.710583,8.7402935,8.715085,8.597931,8.695488,0,0.0,0,1.0,0.1,5.2,94.8
2022-10-11 12:15:00,182.929349183334,139.726910716666,139.747187705554,23.260740724,17.481333333333335,41.68666666666666,2,5.1764362714980825,70.66250196097344,12,1,10,1.2246467991473532e-16,-1.0,0.7818314824680298,0.6234898018587336,-0.8660254037844386,0.5000000000000001,593.75,564.6875,446.0,5.9,17.55,15.5,50.0,7.649999999999999,7.790691,0.0,18.25,23.115555592,42.23,42.09333333333333,41.74,41.0,41.99,-5.779407390666666,0.196296285999999,0.1400000000000005,17.341333333333335,17.621333333333332,23.168641961555554,17.295333333333335,8.695488,8.710583,8.7402935,8.715085,8.686423,0,0.0,0,1.0,0.15,5.5,94.5
2022-10-11 12:30:00,186.717808772222,139.657746816666,139.678301577776,23.115555592,17.621333333333332,41.99,2,5.1764362714980825,70.66250196097344,12,1,10,1.2246467991473532e-16,-1.0,0.7818314824680298,0.6234898018587336,-0.8660254037844386,0.5000000000000001,607.5,584.0625,476.0,6.6,18.9,15.0,49.0,7.699999999999999,7.7949605,0.0,18.6,23.090370380000003,41.68666666666666,42.23,42.09333333333333,41.74,42.09333333333333,-5.494222258666667,-0.1451851320000017,0.139999999999997,17.481333333333335,17.788666666666664,23.146913584666667,17.481333333333335,8.686423,8.695488,8.710583,8.7402935,8.695273,0,0.0,0,1.0,0.11,5.3,94.7
2022-10-11 12:45:00,179.901414872218,139.966345588888,139.986622577776,23.090370380000003,17.788666666666664,42.09333333333333,2,5.1764362714980825,70.66250196097344,12,1,10,1.2246467991473532e-16,-1.0,0.7818314824680298,0.6234898018587336,-0.8660254037844386,0.5000000000000001,621.25,600.625,503.3333333333333,7.3,20.25,14.5,48.0,7.75,7.7955356,0.0,18.95,23.321111154,41.99,41.68666666666666,42.23,42.09333333333333,42.22,-5.301703713333339,-0.0251852119999966,0.1673333333333317,17.621333333333332,18.261333333333333,23.155555565333334,17.630444444444446,8.695273,8.686423,8.695488,8.710583,8.837136,0,0.0,0,1.0,0.11,5.2,94.8
2022-10-11 13:00:00,140.291888283326,91.550504516666,91.566059527774,23.321111154,18.261333333333333,42.22,2,5.1764362714980825,70.66250196097344,13,1,10,-0.2588190451025208,-0.9659258262890684,0.7818314824680298,0.6234898018587336,-0.8660254037844386,0.5000000000000001,635.0,614.375,528.0,8.0,21.6,14.0,47.0,7.8,7.7922873,0.0,19.3,24.246666682666667,42.09333333333333,41.99,41.68666666666666,42.23,41.0,-5.059777820666668,0.2307407739999973,0.4726666666666688,17.788666666666664,18.816666666666663,23.175679042,17.890444444444444,8.837136,8.695273,8.686423,8.695488,9.045498,0,0.0,0,1.0,0.17,5.6,94.4
2022-10-11 13:15:00,123.352843505554,82.602251344444,82.616695249998,24.246666682666667,18.816666666666663,41.0,2,5.1764362714980825,70.66250196097344,13,1,10,-0.2588190451025208,-0.9659258262890684,0.7818314824680298,0.6234898018587336,-0.8660254037844386,0.5000000000000001,632.5,624.0625,549.5208333333334,8.0,21.775,15.0,46.75,7.899999999999999,7.854113,0.0,19.525,25.022222196,42.22,42.09333333333333,41.99,41.68666666666666,39.51,-5.430000016000001,0.925555528666667,0.5553333333333335,18.261333333333333,19.37133333333333,23.552716072222225,18.288888888888888,9.045498,8.837136,8.695273,8.686423,9.107134,0,0.0,0,1.0,0.38,8.0,92.0
2022-10-11 13:30:00,125.304154449994,81.721731,81.737841538886,25.022222196,19.37133333333333,39.51,2,5.1764362714980825,70.66250196097344,13,1,10,-0.2588190451025208,-0.9659258262890684,0.7818314824680298,0.6234898018587336,-0.8660254037844386,0.5000000000000001,630.0,629.6875,567.8958333333334,8.0,21.950000000000003,16.0,46.5,8.0,7.9160194,0.0,19.75,25.5,41.0,42.22,42.09333333333333,41.99,38.59333333333333,-5.650888862666665,0.7755555133333303,0.554666666666666,18.816666666666663,19.908,24.196666677555555,18.816444444444446,9.107134,9.045498,8.837136,8.695273,9.138006,0,0.0,0,1.0,0.56,11.5,88.5
2022-10-11 13:45:00,127.238243649998,81.343968327778,81.360078866664,25.5,19.908,38.59333333333333,2,5.1764362714980825,70.66250196097344,13,1,10,-0.2588190451025208,-0.9659258262890684,0.7818314824680298,0.6234898018587336,-0.8660254037844386,0.5000000000000001,627.5,631.25,583.125,8.0,22.125,17.0,46.25,8.1,7.977995,0.0,19.975,25.62000001,39.51,41.0,42.22,42.09333333333333,38.52,-5.591999999999999,0.4777778040000022,0.5366666666666688,19.37133333333333,20.240666666666662,24.92296295955556,19.365333333333336,9.138006,9.107134,9.045498,8.837136,9.182235,0,0.0,0,1.0,0.67,14.3,85.7
2022-10-11 14:00:00,145.32307576111,106.776562083334,106.795450277776,25.62000001,20.240666666666662,38.52,2,5.1764362714980825,70.66250196097344,14,1,10,-0.4999999999999997,-0.8660254037844388,0.7818314824680298,0.6234898018587336,-0.8660254037844386,0.5000000000000001,625.0,628.75,595.2083333333334,8.0,22.3,18.0,46.0,8.2,8.040036,0.0,20.2,24.85407405733333,38.59333333333333,39.51,41.0,42.22,39.5,-5.379333343333336,0.1200000100000018,0.3326666666666646,19.908,20.518666666666665,25.380740735333333,19.840000000000003,9.182235,9.138006,9.107134,9.045498,9.018959,0,0.0,0,1.0,0.7,15.2,84.8
2022-10-11 14:15:00,189.240763416666,138.08753186111,138.106697794442,24.85407405733333,20.518666666666665,39.5,2,5.1764362714980825,70.66250196097344,14,1,10,-0.4999999999999997,-0.8660254037844388,0.7818314824680298,0.6234898018587336,-0.8660254037844386,0.5000000000000001,607.5,622.5,603.75,7.95,22.225,18.0,46.0,8.299999999999999,8.087164,0.0,20.3,24.092222238,38.52,38.59333333333333,39.51,41.0,40.99,-4.335407390666667,-0.7659259526666702,0.2779999999999987,20.240666666666662,20.796,25.324691355777777,20.222444444444445,9.018959,9.182235,9.138006,9.107134,8.9644575,0,0.0,0,1.0,0.52,10.6,89.4
2022-10-11 14:30:00,173.27529104444,135.8470659,135.86706514999798,24.092222238,20.796,40.99,2,5.1764362714980825,70.66250196097344,14,1,10,-0.4999999999999997,-0.8660254037844388,0.7818314824680298,0.6234898018587336,-0.8660254037844386,0.5000000000000001,590.0,612.5,608.75,7.9,22.15,18.0,46.0,8.399999999999999,8.134527,0.0,20.4,23.871111133333333,39.5,38.52,38.59333333333333,39.51,41.81333333333334,-3.2962222379999986,-0.7618518193333337,0.2773333333333347,20.518666666666665,21.064,24.85543210177778,20.518444444444444,8.9644575,9.018959,9.182235,9.138006,9.030444,0,0.0,0,1.0,0.34,7.5,92.5
2022-10-11 14:45:00,128.89151088333,79.779030911112,79.794030344444,23.871111133333333,21.064,41.81333333333334,2,5.1764362714980825,70.66250196097344,14,1,10,-0.4999999999999997,-0.8660254037844388,0.7818314824680298,0.6234898018587336,-0.8660254037844386,0.5000000000000001,572.5,598.75,610.2083333333334,7.85,22.075,18.0,46.0,8.5,8.182134,0.0,20.5,24.358888926,40.99,39.5,38.52,38.59333333333333,41.25,-2.8071111333333327,-0.2211111046666651,0.2680000000000007,20.796,21.24,24.27246914288889,20.79288888888889,9.030444,8.9644575,9.018959,9.182235,9.158676,0,0.0,0,1.0,0.3,6.8,93.2
2022-10-11 15:00:00,113.934609133332,74.312027416666,74.325915777776,24.358888926,21.24,41.25,2,5.1764362714980825,70.66250196097344,15,1,10,-0.7071067811865471,-0.7071067811865479,0.7818314824680298,0.6234898018587336,-0.8660254037844386,0.5000000000000001,555.0,581.25,608.125,7.8,22.0,18.0,46.0,8.6,8.2299795,0.0,20.6,24.81259258,41.81333333333334,40.99,39.5,38.52,40.59333333333333,-3.1188889260000003,0.4877777926666695,0.1760000000000019,21.064,21.394,24.107407432444443,21.03333333333333,9.158676,9.030444,8.9644575,9.018959,9.246938,0,0.0,0,1.0,0.41,8.5,91.5
2022-10-11 15:15:00,125.7174711,73.972318755556,73.98620711666601,24.81259258,21.394,40.59333333333333,2,5.1764362714980825,70.66250196097344,15,1,10,-0.7071067811865471,-0.7071067811865479,0.7818314824680298,0.6234898018587336,-0.8660254037844386,0.5000000000000001,524.25,560.4375,602.3333333333334,7.55,21.45,16.25,46.5,8.8,8.343711,0.0,20.65,24.992222222,41.25,41.81333333333334,40.99,39.5,40.51,-3.4185925799999985,0.4537036539999981,0.1539999999999999,21.24,21.55,24.34753087977778,21.23266666666667,9.246938,9.158676,9.030444,8.9644575,9.32187,0,0.0,0,1.0,0.52,10.6,89.4
2022-10-11 15:30:00,131.688065649998,81.72145321111199,81.736174888888,24.992222222,21.55,40.51,2,5.1764362714980825,70.66250196097344,15,1,10,-0.7071067811865471,-0.7071067811865479,0.7818314824680298,0.6234898018587336,-0.8660254037844386,0.5000000000000001,493.5,536.3125,592.8333333333334,7.3,20.9,14.5,47.0,9.0,8.458025,0.0,20.700000000000003,24.736296304,40.59333333333333,41.25,41.81333333333334,40.99,41.09333333333333,-3.4422222220000016,0.1796296420000018,0.1559999999999988,21.394,21.708,24.721234576,21.39466666666667,9.32187,9.246938,9.158676,9.030444,9.320621,0,0.0,0,1.0,0.56,11.5,88.5
2022-10-11 15:45:00,162.717102088892,120.272966672222,120.291577077776,24.736296304,21.708,41.09333333333333,2,5.1764362714980825,70.66250196097344,15,1,10,-0.7071067811865471,-0.7071067811865479,0.7818314824680298,0.6234898018587336,-0.8660254037844386,0.5000000000000001,462.75,508.875,579.625,7.05,20.35,12.75,47.5,9.2,8.572926,0.0,20.75,24.141111074,40.51,40.59333333333333,41.25,41.81333333333334,42.49,-3.0282963039999977,-0.2559259180000026,0.1580000000000012,21.55,21.95,24.847037035333333,21.550666666666668,9.320621,9.32187,9.246938,9.158676,9.318307,0,0.0,0,1.0,0.5,10.2,89.8
2022-10-11 16:00:00,145.863054177776,99.49796433889,99.515185933332,24.141111074,21.95,42.49,2,5.1764362714980825,70.66250196097344,16,1,10,-0.8660254037844385,-0.5000000000000004,0.7818314824680298,0.6234898018587336,-0.8660254037844386,0.5000000000000001,432.0,478.125,562.7083333333334,6.8,19.8,11.0,48.0,9.4,8.688417,0.0,20.8,23.631851838666663,41.09333333333333,40.51,40.59333333333333,41.25,43.5,-2.1911110739999984,-0.595185230000002,0.2419999999999973,21.708,22.21466666666667,24.623209866666667,21.736,9.318307,9.320621,9.32187,9.246938,9.267744,0,0.0,0,1.0,0.37,7.8,92.2
2022-10-11 16:15:00,143.216493511104,99.7818419,99.799619038886,23.631851838666663,22.21466666666667,43.5,2,5.1764362714980825,70.66250196097344,16,1,10,-0.8660254037844385,-0.5000000000000004,0.7818314824680298,0.6234898018587336,-0.8660254037844386,0.5000000000000001,393.5,445.4375,542.7916666666666,6.075,18.9,8.75,51.0,10.025,9.124542,0.0,20.6,23.280000022000003,42.49,41.09333333333333,40.51,40.59333333333333,44.24,-1.4171851719999964,-0.5092592353333316,0.2646666666666704,21.95,22.48,24.16975307222222,21.95755555555556,9.267744,9.318307,9.320621,9.32187,9.238243,0,0.0,0,1.0,0.25,6.3,93.7
2022-10-11 16:30:00,480.887152711108,100.158215727778,100.17543732222,23.280000022000003,22.48,44.24,2,5.1764362714980825,70.66250196097344,16,1,10,-0.8660254037844385,-0.5000000000000004,0.7818314824680298,0.6234898018587336,-0.8660254037844386,0.5000000000000001,355.0,410.8125,519.875,5.35,18.0,6.5,54.0,10.65,9.549228,0.0,20.4,23.055555581333333,43.5,42.49,41.09333333333333,40.51,44.59333333333333,-0.8000000220000025,-0.3518518166666631,0.2653333333333307,22.21466666666667,22.69066666666667,23.68432097822222,22.21488888888889,9.238243,9.267744,9.318307,9.320621,9.193383,0,0.0,0,1.0,0.17,5.6,94.4
2022-10-11 16:45:00,149.764009233332,99.756287372222,99.774620055552,23.055555581333333,22.69066666666667,44.59333333333333,2,5.1764362714980825,70.66250196097344,16,1,10,-0.8660254037844385,-0.5000000000000004,0.7818314824680298,0.6234898018587336,-0.8660254037844386,0.5000000000000001,316.5,374.25,493.9583333333333,4.625,17.1,4.25,57.0,11.275,9.962653,0.0,20.2,22.889999964,44.24,43.5,42.49,41.09333333333333,45.0,-0.3648889146666647,-0.2244444406666694,0.2106666666666683,22.48,22.31,23.322469147333337,22.46177777777778,9.193383,9.238243,9.267744,9.318307,9.189757,0,0.0,0,1.0,0.12,5.3,94.7
2022-10-11 17:00:00,133.433273638886,99.887115455556,99.904059311108,22.889999964,22.31,45.0,2,5.1764362714980825,70.66250196097344,17,1,10,-0.9659258262890684,-0.2588190451025206,0.7818314824680298,0.6234898018587336,-0.8660254037844386,0.5000000000000001,278.0,335.75,465.0416666666667,3.9,16.2,2.0,60.0,11.9,10.364995,0.0,20.0,22.77777778133333,44.59333333333333,44.24,43.5,42.49,45.406666666666666,-0.5799999640000024,-0.1655556173333323,-0.38066666666667,22.69066666666667,21.767333333333333,23.075185189111117,22.49355555555556,9.189757,9.193383,9.238243,9.267744,9.213392,0,0.0,0,1.0,0.08,5.1,94.9
2022-10-11 17:15:00,156.090145161106,99.8410062,99.856561177776,22.77777778133333,21.767333333333333,45.406666666666666,2,5.1764362714980825,70.66250196097344,17,1,10,-0.9659258262890684,-0.2588190451025206,0.7818314824680298,0.6234898018587336,-0.8660254037844386,0.5000000000000001,237.5,296.75,434.2083333333333,4.55,14.575,3.25,61.5,11.65,10.226347,0.0,19.35,22.695555562,45.0,44.59333333333333,44.24,43.5,45.5,-1.0104444480000012,-0.1122221826666667,-0.5426666666666655,22.31,21.224666666666668,22.90777777555556,22.256,9.213392,9.189757,9.193383,9.238243,9.18892,0,0.0,0,1.0,0.06,5.1,94.9
2022-10-11 17:30:00,133.530214194442,99.9393356,99.956279455552,22.695555562,21.224666666666668,45.5,2,5.1764362714980825,70.66250196097344,17,1,10,-0.9659258262890684,-0.2588190451025206,0.7818314824680298,0.6234898018587336,-0.8660254037844386,0.5000000000000001,197.0,257.25,401.4583333333333,5.2,12.95,4.5,63.0,11.4,10.081579,0.0,18.7,22.6666667,45.406666666666666,45.0,44.59333333333333,44.24,45.5,-1.4708888953333314,-0.0822222193333352,-0.5426666666666655,21.767333333333333,20.625333333333334,22.787777769111116,21.767333333333337,9.18892,9.213392,9.189757,9.193383,9.17371,0,0.0,0,1.0,0.04,5.0,95.0
2022-10-11 17:45:00,153.26164718888398,100.28293293889,100.300154533332,22.6666667,20.625333333333334,45.5,2,5.1764362714980825,70.66250196097344,17,1,10,-0.9659258262890684,-0.2588190451025206,0.7818314824680298,0.6234898018587336,-0.8660254037844386,0.5000000000000001,156.5,217.25,366.7916666666667,5.85,11.325,5.75,64.5,11.15,9.931274,0.0,18.05,22.63777779,45.5,45.406666666666666,45.0,44.59333333333333,45.5,-2.041333366666666,-0.0288888619999987,-0.5993333333333339,21.224666666666668,19.39466666666667,22.713333347777777,21.20577777777778,9.17371,9.18892,9.213392,9.189757,9.158519,0,0.0,0,1.0,0.03,5.0,95.0
2022-10-11 18:00:00,136.273437727778,100.2451567,100.26154496111,22.63777779,19.39466666666667,45.5,2,5.1764362714980825,70.66250196097344,18,1,10,-1.0,-1.8369701987210294e-16,0.7818314824680298,0.6234898018587336,-0.8660254037844386,0.5000000000000001,116.0,176.75,330.2083333333333,6.5,9.7,7.0,66.0,10.9,9.775981,0.0,17.4,22.56592596,45.5,45.5,45.406666666666666,45.0,45.5,-3.2431111233333283,-0.0288889100000027,-1.2306666666666644,20.625333333333334,17.992666666666665,22.666666684,20.414888888888893,9.158519,9.17371,9.18892,9.213392,9.120838,0,0.0,0,1.0,0.02,5.0,95.0
2022-10-11 18:15:00,148.506559683326,100.094329416666,100.110439938886,22.56592596,17.992666666666665,45.5,2,5.1764362714980825,70.66250196097344,18,1,10,-1.0,-1.8369701987210294e-16,0.7818314824680298,0.6234898018587336,-0.8660254037844386,0.5000000000000001,88.75,139.5625,293.9166666666667,8.175,12.85,6.25,65.75,10.375,9.423333,0.0,16.849999999999998,22.5555556,45.5,45.5,45.5,45.406666666666666,45.5,-4.5732592933333365,-0.0718518299999964,-1.4020000000000046,19.39466666666667,16.59,22.623456816666664,19.33755555555556,9.120838,9.158519,9.17371,9.18892,9.115411,0,0.0,0,1.0,0.01,5.0,95.0
2022-10-11 18:30:00,141.388788755552,100.540144933332,100.55653324444,22.5555556,16.59,45.5,2,5.1764362714980825,70.66250196097344,18,1,10,-1.0,-1.8369701987210294e-16,0.7818314824680298,0.6234898018587336,-0.8660254037844386,0.5000000000000001,61.49999999999999,105.6875,257.9166666666667,9.85,16.0,5.5,65.5,9.85,9.08197,0.0,16.299999999999997,22.54518522133333,45.5,45.5,45.5,45.5,45.5,-5.965555600000002,-0.0103703599999995,-1.402666666666665,17.992666666666665,15.251333333333331,22.58641978333333,17.99244444444445,9.115411,9.120838,9.158519,9.17371,9.109984,0,0.0,0,1.0,0.0,5.0,95.0
2022-10-11 18:45:00,146.36136764444,100.699305183334,100.715693494442,22.54518522133333,15.251333333333331,45.5,2,5.1764362714980825,70.66250196097344,18,1,10,-1.0,-1.8369701987210294e-16,0.7818314824680298,0.6234898018587336,-0.8660254037844386,0.5000000000000001,34.249999999999986,75.125,222.20833333333331,11.525,19.15,4.75,65.25,9.325,8.751577,0.0,15.75,22.501111112,45.5,45.5,45.5,45.5,45.5,-7.293851888000001,-0.0103703786666677,-1.338666666666667,16.59,14.627333333333333,22.55555559377778,16.611333333333334,9.109984,9.115411,9.120838,9.158519,9.086963,0,0.0,0,1.0,0.0,5.0,95.0
2022-10-11 19:00:00,144.193398833328,100.322098072222,100.337930838886,22.501111112,14.627333333333333,45.5,2,5.1764362714980825,70.66250196097344,19,1,10,-0.9659258262890684,0.2588190451025203,0.7818314824680298,0.6234898018587336,-0.8660254037844386,0.5000000000000001,7.0,47.87499999999999,186.79166666666663,13.2,22.3,4.0,65.0,8.8,8.43185,0.0,15.2,22.48962962133333,45.5,45.5,45.5,45.5,45.5,-7.873777778666668,-0.0440741093333336,-0.6240000000000006,15.251333333333331,14.197333333333336,22.533950644444445,15.489555555555556,9.086963,9.109984,9.115411,9.120838,9.08097,0,0.0,0,1.0,-0.01,5.0,95.0
2022-10-11 19:15:00,144.6042156,100.471536511112,100.487924805554,22.48962962133333,14.197333333333336,45.5,2,5.1764362714980825,70.66250196097344,19,1,10,-0.9659258262890684,0.2588190451025203,0.7818314824680298,0.6234898018587336,-0.8660254037844386,0.5000000000000001,5.25,26.999999999999996,154.4375,13.55,22.475,5.5,64.75,8.625,8.34847,0.0,15.1,22.445555512,45.5,45.5,45.5,45.5,45.51,-8.292296287999998,-0.011481490666668,-0.4299999999999979,14.627333333333333,13.767333333333331,22.511975318222223,14.692000000000002,9.08097,9.086963,9.109984,9.115411,9.059998,0,0.0,0,1.0,-0.01,5.0,95.0
2022-10-11 19:30:00,139.25942948333,92.772122283334,92.789066105554,22.445555512,13.767333333333331,45.51,2,5.1764362714980825,70.66250196097344,19,1,10,-0.9659258262890684,0.2588190451025203,0.7818314824680298,0.6234898018587336,-0.8660254037844386,0.5000000000000001,3.5,12.499999999999996,125.14583333333331,13.9,22.65,7.0,64.5,8.45,8.265748,0.0,15.0,22.43407404,45.5,45.5,45.5,45.5,45.906666666666666,-8.678222178666665,-0.0440741093333336,-0.4300000000000015,14.197333333333336,13.358,22.478765415111116,14.197333333333331,9.059998,9.08097,9.086963,9.109984,9.13294,0,0.0,0,1.0,-0.02,5.0,95.0
2022-10-11 19:45:00,535.864675655556,62.083349916666,62.11390426111,22.43407404,13.358,45.906666666666666,1,5.1764362714980825,70.66250196097344,19,1,10,-0.9659258262890684,0.2588190451025203,0.7818314824680298,0.6234898018587336,-0.8660254037844386,0.5000000000000001,1.75,4.375,98.91666666666669,14.25,22.825,8.5,64.25,8.275,8.183684,0.0,14.9,22.359999988,45.51,45.5,45.5,45.5,46.0,-9.076074039999998,-0.0114814719999998,-0.4093333333333326,13.767333333333331,13.172,22.456419724444444,13.774222222222225,9.13294,9.059998,9.08097,9.086963,9.112634,0,0.0,1,1.0,-0.02,5.0,95.0
2022-10-11 20:00:00,150.387039844444,58.9734743,59.015694911108,22.359999988,13.172,46.0,1,5.1764362714980825,70.66250196097344,20,1,10,-0.8660254037844386,0.5000000000000001,0.7818314824680298,0.6234898018587336,-0.8660254037844386,0.5000000000000001,0.0,2.625,75.75,14.6,23.0,10.0,64.0,8.1,8.102273,0.0,14.8,22.24296293866667,45.906666666666666,45.51,45.5,45.5,46.0,-9.187999988,-0.0740740519999967,-0.1859999999999999,13.358,13.048,22.413209846666664,13.432444444444448,9.112634,9.13294,9.059998,9.08097,9.051498,0,0.0,0,1.0,-0.04,5.0,95.0
2022-10-11 20:15:00,177.6862256,59.300961233332,59.349570372222,22.24296293866667,13.048,46.0,1,5.1764362714980825,70.66250196097344,20,1,10,-0.8660254037844386,0.5000000000000001,0.7818314824680298,0.6234898018587336,-0.8660254037844386,0.5000000000000001,0.0,1.3125,55.958333333333336,14.425,23.9,7.5,64.75,7.925,8.02378,0.0,14.45,22.19444445,46.0,45.906666666666666,45.51,45.5,46.0,-9.194962938666668,-0.1170370493333337,-0.1240000000000005,13.172,12.922,22.34567898888889,13.192666666666668,9.051498,9.112634,9.13294,9.059998,9.026257,0,0.0,0,1.0,-0.07,5.1,94.9
2022-10-11 20:30:00,163.01403459445,59.73705483889,59.78566397778,22.19444445,12.922,46.0,1,5.1764362714980825,70.66250196097344,20,1,10,-0.8660254037844386,0.5000000000000001,0.7818314824680298,0.6234898018587336,-0.8660254037844386,0.5000000000000001,0.0,0.4375,39.54166666666666,14.25,24.8,5.0,65.5,7.75,7.944505,0.0,14.1,22.156296321333333,46.0,46.0,45.906666666666666,45.51,46.0,-9.272444449999998,-0.0485184886666694,-0.1259999999999994,13.048,12.796,22.26580245888889,13.047333333333334,9.026257,9.051498,9.112634,9.13294,9.006453,0,0.0,0,1.0,-0.08,5.1,94.9
2022-10-11 20:45:00,169.637936411112,59.509563955556,59.556784283334,22.156296321333333,12.796,46.0,1,5.1764362714980825,70.66250196097344,20,1,10,-0.8660254037844386,0.5000000000000001,0.7818314824680298,0.6234898018587336,-0.8660254037844386,0.5000000000000001,0.0,0.0,26.5,14.075,25.700000000000003,2.5,66.25,7.575,7.864509,0.0,13.75,22.085555572,46.0,46.0,46.0,45.906666666666666,46.0,-9.360296321333331,-0.0381481286666662,-0.1260000000000012,12.922,12.658666666666669,22.197901236666667,12.922000000000002,9.006453,9.026257,9.051498,9.112634,8.969832,0,0.0,0,1.0,-0.09,5.2,94.8
2022-10-11 21:00:00,150.409538911112,59.56539503889,59.604837927778,22.085555572,12.658666666666669,46.0,1,5.1764362714980825,70.66250196097344,21,1,10,-0.7071067811865477,0.7071067811865474,0.7818314824680298,0.6234898018587336,-0.8660254037844386,0.5000000000000001,0.0,0.0,16.833333333333332,13.9,26.6,0.0,67.0,7.4,7.7838516,0.0,13.4,22.090370380000003,46.0,46.0,46.0,46.0,46.0,-9.42688890533333,-0.0707407493333356,-0.1373333333333324,12.796,12.518666666666666,22.145432114444446,12.792222222222222,8.969832,9.006453,9.026257,9.051498,8.972322,0,0.0,0,1.0,-0.11,5.2,94.8
2022-10-11 21:15:00,141.561559494446,59.502897555556,59.532340827778,22.090370380000003,12.518666666666666,46.0,1,5.1764362714980825,70.66250196097344,21,1,10,-0.7071067811865477,0.7071067811865474,0.7818314824680298,0.6234898018587336,-0.8660254037844386,0.5000000000000001,0.0,0.0,9.437499999999998,14.4,27.6,0.0,66.25,7.175000000000001,7.673003,0.0,13.35,22.05666671,46.0,46.0,46.0,46.0,46.0,-9.571703713333337,0.0048148080000061,-0.1400000000000005,12.658666666666669,12.378666666666668,22.110740757777776,12.65777777777778,8.972322,8.969832,9.006453,9.026257,8.954914,0,0.0,0,1.0,-0.1,5.2,94.8
2022-10-11 21:30:00,142.999002011112,62.158624655556,62.183623688888,22.05666671,12.378666666666668,46.0,1,5.1764362714980825,70.66250196097344,21,1,10,-0.7071067811865477,0.7071067811865474,0.7818314824680298,0.6234898018587336,-0.8660254037844386,0.5000000000000001,0.0,0.0,4.312499999999999,14.9,28.6,0.0,65.5,6.95,7.562757,0.0,13.3,22.0555556,46.0,46.0,46.0,46.0,46.0,-9.678000043333334,-0.0337036700000012,-0.1399999999999988,12.518666666666666,12.248666666666669,22.07753088733333,12.518666666666668,8.954914,8.972322,8.969832,9.006453,8.954343,0,0.0,0,1.0,-0.11,5.3,94.7
2022-10-11 21:45:00,126.892424050002,67.502577555556,67.522021277776,22.0555556,12.248666666666669,46.0,1,5.1764362714980825,70.66250196097344,21,1,10,-0.7071067811865477,0.7071067811865474,0.7818314824680298,0.6234898018587336,-0.8660254037844386,0.5000000000000001,0.0,0.0,1.4583333333333333,15.4,29.6,0.0,64.75,6.725,7.4531064,0.0,13.25,22.027777800000003,46.0,46.0,46.0,46.0,46.0,-9.806888933333337,-0.00111111,-0.1300000000000007,12.378666666666668,12.22,22.067530896666668,12.382,8.954343,8.954914,8.972322,8.969832,8.940019,0,0.0,0,1.0,-0.11,5.3,94.7
2022-10-11 22:00:00,146.236094755556,66.867047411112,66.8839912,22.027777800000003,12.22,46.0,1,5.1764362714980825,70.66250196097344,22,1,10,-0.5000000000000004,0.8660254037844384,0.7818314824680298,0.6234898018587336,-0.8660254037844386,0.5000000000000001,0.0,0.0,0.875,15.9,30.6,0.0,64.0,6.5,7.3440523,0.0,13.2,22.0,46.0,46.0,46.0,46.0,46.0,-9.807777800000002,-0.027777799999999,-0.0286666666666661,12.248666666666669,12.22,22.046666703333333,12.282444444444446,8.940019,8.954343,8.954914,8.972322,8.925714,0,0.0,0,1.0,-0.12,5.3,94.7
2022-10-11 22:15:00,126.280504061114,68.009223972222,68.026445549998,22.0,12.22,46.0,1,5.1764362714980825,70.66250196097344,22,1,10,-0.5000000000000004,0.8660254037844384,0.7818314824680298,0.6234898018587336,-0.8660254037844386,0.5000000000000001,0.0,0.0,0.4375,15.9,30.775,0.0,62.75,6.275,7.2228947,0.0,13.25,21.9722222,46.0,46.0,46.0,46.0,46.0,-9.78,-0.0277778000000026,0.0,12.22,12.22,22.0277778,12.229555555555557,8.925714,8.940019,8.954343,8.954914,8.911428,0,0.0,0,1.0,-0.13,5.3,94.7
2022-10-11 22:30:00,149.004595194442,70.052197816666,70.069419411108,21.9722222,12.22,46.0,1,5.1764362714980825,70.66250196097344,22,1,10,-0.5000000000000004,0.8660254037844384,0.7818314824680298,0.6234898018587336,-0.8660254037844386,0.5000000000000001,0.0,0.0,0.1458333333333333,15.9,30.950000000000003,0.0,61.5,6.05,7.1009088,0.0,13.3,21.93407404,46.0,46.0,46.0,46.0,46.0,-9.752222199999997,-0.0277778000000026,0.0,12.22,12.276666666666667,22.0,12.22,8.911428,8.925714,8.940019,8.954343,8.891844,0,0.0,0,1.0,-0.13,5.4,94.6
2022-10-11 22:45:00,126.44188653889,70.291632655556,70.31024306111,21.93407404,12.276666666666667,46.0,1,5.1764362714980825,70.66250196097344,22,1,10,-0.5000000000000004,0.8660254037844384,0.7818314824680298,0.6234898018587336,-0.8660254037844386,0.5000000000000001,0.0,0.0,0.0,15.9,31.125,0.0,60.25,5.824999999999999,6.9780903,0.0,13.35,21.91777776,46.0,46.0,46.0,46.0,46.0,-9.657407373333331,-0.0381481599999986,0.0566666666666666,12.22,12.954666666666666,21.968765413333333,12.238888888888892,8.891844,8.911428,8.925714,8.940019,8.88349,0,0.0,0,1.0,-0.14,5.4,94.6
2022-10-11 23:00:00,134.064915072218,68.080887788888,68.100609299996,21.91777776,12.954666666666666,46.0,1,5.1764362714980825,70.66250196097344,23,1,10,-0.2588190451025215,0.965925826289068,0.7818314824680298,0.6234898018587336,-0.8660254037844386,0.5000000000000001,0.0,0.0,0.0,15.9,31.3,0.0,59.0,5.6,6.8544354,0.0,13.4,21.91333330133333,46.0,46.0,46.0,46.0,45.626666666666665,-8.963111093333334,-0.0162962799999988,0.677999999999999,12.276666666666667,13.802666666666664,21.941358,12.48377777777778,8.88349,8.891844,8.911428,8.925714,8.8091345,0,0.0,0,1.0,-0.15,5.4,94.6
2022-10-11 23:15:00,88.94783079444599,15.868531916666,15.881309205554,21.91333330133333,13.802666666666664,45.626666666666665,1,5.1764362714980825,70.66250196097344,23,1,10,-0.2588190451025215,0.965925826289068,0.7818314824680298,0.6234898018587336,-0.8660254037844386,0.5000000000000001,0.0,0.0,0.0,16.125,31.575,0.0,59.0,5.525,6.8122535,0.0,13.3,21.554444438,46.0,46.0,46.0,46.0,43.79,-8.11066663466667,-0.0044444586666649,0.847999999999999,12.954666666666666,14.65,21.92172836711111,13.011333333333337,8.8091345,8.88349,8.891844,8.911428,8.281045,0,0.0,0,1.0,-0.15,5.5,94.5
2022-10-11 23:30:00,87.54483139999999,0.0,0.0,21.554444438,14.65,43.79,0,5.1764362714980825,70.66250196097344,23,1,10,-0.2588190451025215,0.965925826289068,0.7818314824680298,0.6234898018587336,-0.8660254037844386,0.5000000000000001,0.0,0.0,0.0,16.35,31.85,0.0,59.0,5.449999999999999,6.7702985,0.0,13.2,21.12148146,45.626666666666665,46.0,46.0,46.0,43.68666666666666,-6.9044444380000005,-0.358888863333334,0.847333333333335,13.802666666666664,15.44,21.795185166444444,13.802444444444443,8.281045,8.8091345,8.88349,8.891844,8.056804,1,1.0,1,0.75,-0.25,6.3,93.7
2022-10-11 23:45:00,87.3765048,0.0,0.0,21.12148146,15.44,43.68666666666666,0,5.1764362714980825,70.66250196097344,23,1,10,-0.2588190451025215,0.965925826289068,0.7818314824680298,0.6234898018587336,-0.8660254037844386,0.5000000000000001,0.0,0.0,0.0,16.575,32.125,0.0,59.0,5.375,6.728568,0.0,13.1,20.892222184,43.79,45.626666666666665,46.0,46.0,44.48,-5.681481459999999,-0.4329629780000026,0.7899999999999991,14.65,15.609999999999998,21.52975306644445,14.63088888888889,8.056804,8.281045,8.8091345,8.88349,8.094575,0,2.0,0,0.5,-0.35,7.5,92.5
2022-10-12 00:00:00,123.750049899996,40.52199013889,40.538378416666,20.892222184,15.609999999999998,44.48,1,5.1764362714980825,70.66250196097344,0,2,10,0.0,1.0,0.9749279121818236,-0.2225209339563143,-0.8660254037844386,0.5000000000000001,0.0,0.0,0.0,16.8,32.4,0.0,59.0,5.3,6.6870627,0.0,13.0,20.812592561333336,43.68666666666666,43.79,45.626666666666665,46.0,44.406666666666666,-5.282222184,-0.2292592760000005,0.1699999999999981,15.44,15.609999999999998,21.189382694,15.233333333333334,8.094575,8.056804,8.281045,8.8091345,8.043884,0,2.0,1,0.5,-0.4,8.3,91.7
2022-10-12 00:15:00,84.355514544444,0.0,0.0,20.812592561333336,15.609999999999998,44.406666666666666,0,5.1764362714980825,70.66250196097344,0,2,10,0.0,1.0,0.9749279121818236,-0.2225209339563143,-0.8660254037844386,0.5000000000000001,0.0,0.0,0.0,16.85,32.675,22.75,59.5,5.325,6.7020993,0.0,12.9,20.69555556,44.48,43.68666666666666,43.79,45.626666666666665,44.25,-5.202592561333338,-0.0796296226666619,0.0,15.609999999999998,15.609999999999998,20.94209873511111,15.553333333333333,8.043884,8.094575,8.056804,8.281045,7.961079,1,3.0,1,0.25,-0.42,8.7,91.3
2022-10-12 00:30:00,119.757709533332,41.998597788888,42.013041694442,20.69555556,15.609999999999998,44.25,1,5.1764362714980825,70.66250196097344,0,2,10,0.0,1.0,0.9749279121818236,-0.2225209339563143,-0.8660254037844386,0.5000000000000001,0.0,0.0,0.0,16.9,32.95,45.5,60.0,5.35,6.716663,0.0,12.8,20.60074074,44.406666666666666,44.48,43.68666666666666,43.79,44.18666666666666,-5.085555560000001,-0.1170370013333368,0.0,15.609999999999998,15.59,20.800123435111114,15.609999999999998,7.961079,8.043884,8.094575,8.056804,7.905893,0,2.0,1,0.5,-0.45,9.2,90.8
2022-10-12 00:45:00,69.564439594442,12.335617672222,12.348950472222,20.60074074,15.59,44.18666666666666,1,5.1764362714980825,70.66250196097344,0,2,10,0.0,1.0,0.9749279121818236,-0.2225209339563143,-0.8660254037844386,0.5000000000000001,0.0,0.0,0.0,16.95,33.225,68.25,60.5,5.375,6.7307544,0.0,12.7,20.531111132,44.25,44.406666666666666,44.48,43.68666666666666,44.49,-5.010740739999999,-0.0948148199999998,-0.0199999999999977,15.609999999999998,15.346666666666666,20.70296295377777,15.603333333333332,7.905893,7.961079,8.043884,8.094575,7.9279184,0,1.0,0,0.75,-0.47,9.6,90.4
2022-10-12 01:00:00,105.006632949998,35.8460661,35.86134332222,20.531111132,15.346666666666666,44.49,1,5.1764362714980825,70.66250196097344,1,2,10,0.2588190451025207,0.9659258262890684,0.9749279121818236,-0.2225209339563143,-0.8660254037844386,0.5000000000000001,0.0,0.0,0.0,17.0,33.5,91.0,61.0,5.4,6.744384,0.0,12.6,20.590370380000003,44.18666666666666,44.25,44.406666666666666,44.48,44.59333333333333,-5.184444465333334,-0.0696296079999996,-0.243333333333334,15.59,15.04,20.609135810666668,15.515555555555556,7.9279184,7.905893,7.961079,8.043884,7.973832,0,1.0,0,0.75,-0.49,9.9,90.1
2022-10-12 01:15:00,79.520430122224,25.130661383334,25.1456608,20.590370380000003,15.04,44.59333333333333,1,5.1764362714980825,70.66250196097344,1,2,10,0.2588190451025207,0.9659258262890684,0.9749279121818236,-0.2225209339563143,-0.8660254037844386,0.5000000000000001,0.0,0.0,0.0,16.775,33.5,93.25,61.5,5.45,6.7891145,0.0,12.575,20.554444486,44.49,44.18666666666666,44.25,44.406666666666666,44.97,-5.550370380000004,0.0592592480000035,-0.3066666666666666,15.346666666666666,14.736666666666668,20.574074084,15.325555555555557,7.973832,7.9279184,7.905893,7.961079,8.024363,0,0.0,0,1.0,-0.47,9.6,90.4
2022-10-12 01:30:00,90.691094444444,28.03693406111,28.051377966664,20.554444486,14.736666666666668,44.97,1,5.1764362714980825,70.66250196097344,1,2,10,0.2588190451025207,0.9659258262890684,0.9749279121818236,-0.2225209339563143,-0.8660254037844386,0.5000000000000001,0.0,0.0,0.0,16.55,33.5,95.5,62.0,5.5,6.833691,0.0,12.55,20.45481479733333,44.59333333333333,44.49,44.18666666666666,44.25,44.28,-5.817777819333333,-0.0359258940000017,-0.303333333333331,15.04,14.45,20.558641999333336,15.041111111111112,8.024363,7.973832,7.9279184,7.905893,7.855458,0,0.0,0,1.0,-0.48,9.7,90.3
2022-10-12 01:45:00,104.27138456111,42.862174344444,42.878562605554,20.45481479733333,14.45,44.28,1,5.1764362714980825,70.66250196097344,1,2,10,0.2588190451025207,0.9659258262890684,0.9749279121818236,-0.2225209339563143,-0.8660254037844386,0.5000000000000001,0.0,0.0,0.0,16.325000000000003,33.5,97.75,62.5,5.55,6.878108,0.0,12.525,20.39000001,44.97,44.59333333333333,44.49,44.18666666666666,44.49,-6.004814797333332,-0.0996296886666705,-0.2866666666666688,14.736666666666668,14.390000000000002,20.533209887777776,14.742222222222225,7.855458,8.024363,7.973832,7.9279184,7.8629107,0,0.0,0,1.0,-0.5,10.3,89.7
2022-10-12 02:00:00,75.370874094438,20.71806016111,20.730837466664,20.39000001,14.390000000000002,44.49,1,5.1764362714980825,70.66250196097344,2,2,10,0.4999999999999999,0.8660254037844387,0.9749279121818236,-0.2225209339563143,-0.8660254037844386,0.5000000000000001,0.0,0.0,0.0,16.1,33.5,100.0,63.0,5.6,6.92237,0.0,12.5,20.39925926,44.28,44.97,44.59333333333333,44.49,44.406666666666666,-6.000000009999999,-0.0648147873333293,-0.0599999999999969,14.45,14.390000000000002,20.46641976444445,14.525555555555558,7.8629107,7.855458,8.024363,7.973832,7.8524265,0,0.0,0,1.0,-0.52,10.6,89.4
2022-10-12 02:15:00,454.379601938886,31.436520255556,31.44568653889,20.39925926,14.390000000000002,44.406666666666666,1,5.1764362714980825,70.66250196097344,2,2,10,0.4999999999999999,0.8660254037844387,0.9749279121818236,-0.2225209339563143,-0.8660254037844386,0.5000000000000001,0.0,0.0,0.0,15.900000000000002,33.05,97.5,63.5,5.574999999999999,6.912524,0.0,12.35,20.388888852,44.49,44.28,44.97,44.59333333333333,44.01,-6.009259259999999,0.0092592499999994,0.0,14.390000000000002,14.390000000000002,20.41469135577778,14.410000000000002,7.8524265,7.8629107,7.855458,8.024363,7.7775745,0,0.0,0,1.0,-0.52,10.6,89.4
2022-10-12 02:30:00,82.117270727778,41.640556511112,41.649445088888,20.388888852,14.390000000000002,44.01,1,5.1764362714980825,70.66250196097344,2,2,10,0.4999999999999999,0.8660254037844387,0.9749279121818236,-0.2225209339563143,-0.8660254037844386,0.5000000000000001,0.0,0.0,0.0,15.7,32.6,95.0,64.0,5.55,6.902187,0.0,12.2,20.388888881333333,44.406666666666666,44.49,44.28,44.97,44.0,-5.998888851999995,-0.0103704080000035,0.0,14.390000000000002,14.346,20.392716040666667,14.390000000000002,7.7775745,7.8524265,7.8629107,7.855458,7.775807,0,0.0,0,1.0,-0.52,10.7,89.3
2022-10-12 02:45:00,99.638792172218,39.028716588888,39.03732736111,20.388888881333333,14.346,44.0,1,5.1764362714980825,70.66250196097344,2,2,10,0.4999999999999999,0.8660254037844387,0.9749279121818236,-0.2225209339563143,-0.8660254037844386,0.5000000000000001,0.0,0.0,0.0,15.5,32.15,92.5,64.5,5.525,6.891366,0.0,12.05,20.41555554,44.01,44.406666666666666,44.49,44.28,44.0,-6.042888881333333,2.9333335760384216e-08,-0.0440000000000022,14.390000000000002,13.811333333333332,20.392345664444445,14.375333333333336,7.775807,7.7775745,7.8524265,7.8629107,7.787922,0,0.0,0,1.0,-0.52,10.7,89.3
2022-10-12 03:00:00,80.64566296111,31.397632944444,31.40513266111,20.41555554,13.811333333333332,44.0,1,5.1764362714980825,70.66250196097344,3,2,10,0.7071067811865476,0.7071067811865476,0.9749279121818236,-0.2225209339563143,-0.8660254037844386,0.5000000000000001,0.0,0.0,0.0,15.3,31.7,90.0,65.0,5.5,6.8800716,0.0,11.9,20.3888889,44.0,44.01,44.406666666666666,44.49,43.906666666666666,-6.604222206666668,0.0266666586666666,-0.5346666666666682,14.346,13.144666666666668,20.397777757777774,14.182444444444448,7.787922,7.775807,7.7775745,7.8524265,7.7593126,0,0.0,0,1.0,-0.52,10.6,89.4
2022-10-12 03:15:00,77.829108977776,28.106653455556,28.114986472222,20.3888889,13.144666666666668,43.906666666666666,1,5.1764362714980825,70.66250196097344,3,2,10,0.7071067811865476,0.7071067811865476,0.9749279121818236,-0.2225209339563143,-0.8660254037844386,0.5000000000000001,0.0,0.0,0.0,15.45,31.7,85.75,65.0,5.4,6.84791,0.0,11.825,20.3611111,44.0,44.0,44.01,44.406666666666666,43.51,-7.244222233333334,-0.0266666399999984,-0.6666666666666643,13.811333333333332,12.476666666666668,20.397777773777776,13.767333333333337,7.7593126,7.787922,7.775807,7.7775745,7.6767516,0,0.0,0,1.0,-0.52,10.7,89.3
2022-10-12 03:30:00,88.45257297221801,43.777137727778,43.786581783334,20.3611111,12.476666666666668,43.51,1,5.1764362714980825,70.66250196097344,3,2,10,0.7071067811865476,0.7071067811865476,0.9749279121818236,-0.2225209339563143,-0.8660254037844386,0.5000000000000001,0.0,0.0,0.0,15.6,31.7,81.5,65.0,5.3,6.8158803,0.0,11.75,20.343703678666667,43.906666666666666,44.0,44.0,44.01,43.5,-7.884444433333336,-0.027777799999999,-0.668000000000001,13.144666666666668,11.834666666666667,20.38851851333333,13.144222222222224,7.6767516,7.7593126,7.787922,7.775807,7.6671915,0,0.0,0,1.0,-0.53,10.9,89.1
2022-10-12 03:45:00,67.556742005558,22.009675094446,22.016897055556,20.343703678666667,11.834666666666667,43.5,1,5.1764362714980825,70.66250196097344,3,2,10,0.7071067811865476,0.7071067811865476,0.9749279121818236,-0.2225209339563143,-0.8660254037844386,0.5000000000000001,0.0,0.0,0.0,15.75,31.7,77.25,65.0,5.199999999999999,6.7839813,0.0,11.675,20.333333348,43.51,43.906666666666666,44.0,44.0,43.25,-8.509037012,-0.0174074213333348,-0.6419999999999995,12.476666666666668,11.48,20.36456789288889,12.485333333333337,7.6671915,7.6767516,7.7593126,7.787922,7.6185102,0,0.0,0,1.0,-0.54,11.0,89.0
2022-10-12 04:00:00,90.546933494446,50.418538744444,50.429371627778,20.333333348,11.48,43.25,1,5.1764362714980825,70.66250196097344,4,2,10,0.8660254037844386,0.5000000000000001,0.9749279121818236,-0.2225209339563143,-0.8660254037844386,0.5000000000000001,0.0,0.0,0.0,15.9,31.7,73.0,65.0,5.1,6.752211,0.0,11.6,20.32296294,43.5,43.51,43.906666666666666,44.0,43.0,-8.853333348000001,-0.0103703306666673,-0.3546666666666684,11.834666666666667,11.202,20.346049375555555,11.930444444444444,7.6185102,7.6671915,7.6767516,7.7593126,7.5698876,0,0.0,0,1.0,-0.54,11.1,88.9
2022-10-12 04:15:00,71.5321386,25.791190527778,25.800912388888,20.32296294,11.202,43.0,1,5.1764362714980825,70.66250196097344,4,2,10,0.8660254037844386,0.5000000000000001,0.9749279121818236,-0.2225209339563143,-0.8660254037844386,0.5000000000000001,0.0,0.0,0.0,16.175,32.15,56.0,64.75,5.025,6.7052164,0.0,11.55,20.278888862,43.25,43.5,43.51,43.906666666666666,43.0,-9.12096294,-0.0103704079999999,-0.2779999999999987,11.48,10.924666666666669,20.333333322222224,11.505555555555556,7.5698876,7.6185102,7.6671915,7.6767516,7.550421,0,0.0,0,1.0,-0.54,11.2,88.8
2022-10-12 04:30:00,95.292576944448,54.01645033889,54.027838750002,20.278888862,10.924666666666669,43.0,1,5.1764362714980825,70.66250196097344,4,2,10,0.8660254037844386,0.5000000000000001,0.9749279121818236,-0.2225209339563143,-0.8660254037844386,0.5000000000000001,0.0,0.0,0.0,16.45,32.6,39.0,64.5,4.949999999999999,6.658438,0.0,11.5,20.257037042666663,43.0,43.25,43.5,43.51,42.906666666666666,-9.354222195333332,-0.0440740780000012,-0.277333333333333,11.202,10.646,20.31172838333333,11.202222222222224,7.550421,7.5698876,7.6185102,7.6671915,7.5244164,0,0.0,0,1.0,-0.55,11.4,88.6
2022-10-12 04:45:00,64.657413699996,19.398946244444,19.40672378333,20.257037042666663,10.646,42.906666666666666,1,5.1764362714980825,70.66250196097344,4,2,10,0.8660254037844386,0.5000000000000001,0.9749279121818236,-0.2225209339563143,-0.8660254037844386,0.5000000000000001,0.0,0.0,0.0,16.725,33.05,21.999999999999996,64.25,4.875,6.61188,0.0,11.45,20.197777784,43.0,43.0,43.25,43.5,42.76,-9.611037042666664,-0.0218518193333352,-0.2786666666666679,10.924666666666669,10.346666666666666,20.286296281555558,10.924222222222223,7.5244164,7.550421,7.5698876,7.6185102,7.472767,0,0.0,0,1.0,-0.56,11.5,88.5
2022-10-12 05:00:00,101.497884405554,55.774157811112,55.78499067778,20.197777784,10.346666666666666,42.76,1,5.1764362714980825,70.66250196097344,5,2,10,0.9659258262890684,0.2588190451025207,0.9749279121818236,-0.2225209339563143,-0.8660254037844386,0.5000000000000001,0.0,0.0,0.0,17.0,33.5,5.0,64.0,4.8,6.56554,0.0,11.4,20.25703706133333,42.906666666666666,43.0,43.0,43.25,43.0,-9.851111117333334,-0.059259258666664,-0.2993333333333332,10.646,10.04,20.24456789622222,10.639111111111111,7.472767,7.5244164,7.550421,7.5698876,7.5407844,0,0.0,0,1.0,-0.57,11.9,88.1
2022-10-12 05:15:00,57.309652038886,18.695641011112,18.702862972222,20.25703706133333,10.04,43.0,1,5.1764362714980825,70.66250196097344,5,2,10,0.9659258262890684,0.2588190451025207,0.9749279121818236,-0.2225209339563143,-0.8660254037844386,0.5000000000000001,0.0,0.0,0.0,17.1,33.675,22.5,64.5,4.8,6.5651445,0.0,11.275,20.251111112,42.76,42.906666666666666,43.0,43.0,43.0,-10.217037061333333,0.0592592773333322,-0.3066666666666666,10.346666666666666,9.736666666666668,20.237283962666663,10.344222222222225,7.5407844,7.472767,7.5244164,7.550421,7.5381756,0,0.0,0,1.0,-0.56,11.5,88.5
2022-10-12 05:30:00,112.445779705558,55.674161844444,55.6852725,20.251111112,9.736666666666668,43.0,1,5.1764362714980825,70.66250196097344,5,2,10,0.9659258262890684,0.2588190451025207,0.9749279121818236,-0.2225209339563143,-0.8660254037844386,0.5000000000000001,0.0,0.0,0.0,17.2,33.85,40.0,65.0,4.8,6.564304,0.0,11.15,20.246666682666667,43.0,42.76,42.906666666666666,43.0,43.0,-10.514444445333332,-0.0059259493333314,-0.303333333333331,10.04,9.46,20.235308652444445,10.041111111111112,7.5381756,7.5407844,7.472767,7.5244164,7.536215,0,0.0,0,1.0,-0.56,11.6,88.4
2022-10-12 05:45:00,57.881018049998,23.012412816666,23.021023638886,20.246666682666667,9.46,43.0,1,5.1764362714980825,70.66250196097344,5,2,10,0.9659258262890684,0.2588190451025207,0.9749279121818236,-0.2225209339563143,-0.8660254037844386,0.5000000000000001,0.0,0.0,0.0,17.299999999999997,34.025000000000006,57.49999999999999,65.5,4.8,6.5630207,0.0,11.025,20.143333344,43.0,43.0,42.76,42.906666666666666,43.0,-10.786666682666668,-0.0044444293333327,-0.2766666666666673,9.736666666666668,9.52,20.251604952,9.745555555555557,7.536215,7.5381756,7.5407844,7.472767,7.490822,0,0.0,0,1.0,-0.56,11.6,88.4
2022-10-12 06:00:00,101.956199272226,55.401950483334005,55.41250557778,20.143333344,9.52,43.0,1,5.1764362714980825,70.66250196097344,6,2,10,1.0,6.123233995736766e-17,0.9749279121818236,-0.2225209339563143,-0.8660254037844386,0.5000000000000001,0.0,0.0,0.0,17.4,34.2,75.0,66.0,4.8,6.561306,0.0,10.9,20.201481461333334,43.0,43.0,43.0,42.76,42.906666666666666,-10.623333343999995,-0.103333338666669,0.0600000000000005,9.46,9.674,20.21370371288889,9.572222222222225,7.490822,7.536215,7.5381756,7.5407844,7.5000234,0,0.0,0,1.0,-0.59,12.2,87.8
2022-10-12 06:15:00,82.122548349998,33.132285755556,33.142007616666,20.201481461333334,9.674,42.906666666666666,1,5.1764362714980825,70.66250196097344,6,2,10,1.0,6.123233995736766e-17,0.9749279121818236,-0.2225209339563143,-0.8660254037844386,0.5000000000000001,0.0,0.0,0.0,17.575,34.75,78.25,66.25,4.875,6.586159,0.0,10.9,20.14000001,43.0,43.0,43.0,43.0,42.51,-10.527481461333332,0.0581481173333351,0.1539999999999999,9.52,9.83,20.197160496,9.551333333333336,7.5000234,7.490822,7.536215,7.5381756,7.404016,0,0.0,0,1.0,-0.57,11.9,88.1
2022-10-12 06:30:00,82.92501628333,43.016612616666,43.026612216666,20.14000001,9.83,42.51,1,5.1764362714980825,70.66250196097344,6,2,10,1.0,6.123233995736766e-17,0.9749279121818236,-0.2225209339563143,-0.8660254037844386,0.5000000000000001,0.0,0.0,0.0,17.75,35.3,81.5,66.5,4.949999999999999,6.6110125,0.0,10.9,20.111111118666667,42.906666666666666,43.0,43.0,43.0,42.5,-10.31000001,-0.0614814513333321,0.1559999999999988,9.674,9.97,20.161604938444444,9.674666666666669,7.404016,7.5000234,7.490822,7.536215,7.389776,0,0.0,0,1.0,-0.59,12.3,87.7
2022-10-12 06:45:00,73.36373211666199,31.462074833332,31.471241149998,20.111111118666667,9.97,42.5,1,5.1764362714980825,70.66250196097344,6,2,10,1.0,6.123233995736766e-17,0.9749279121818236,-0.2225209339563143,-0.8660254037844386,0.5000000000000001,0.0,0.0,0.0,17.925,35.85,84.75,66.75,5.025,6.635866,0.0,10.9,20.137777788,42.51,42.906666666666666,43.0,43.0,42.5,-10.141111118666666,-0.0288888913333345,0.1400000000000005,9.83,10.0,20.150864196666667,9.824666666666667,7.389776,7.404016,7.5000234,7.490822,7.401313,0,0.0,0,1.0,-0.59,12.4,87.6
2022-10-12 07:00:00,86.83263763889,43.469094516666,43.479927416666,20.137777788,10.0,42.5,1,5.1764362714980825,70.66250196097344,7,2,10,0.9659258262890684,-0.2588190451025206,0.9749279121818236,-0.2225209339563143,-0.8660254037844386,0.5000000000000001,0.0,0.0,0.0,18.1,36.4,88.0,67.0,5.1,6.6607194,0.0,10.9,20.131851838666663,42.5,42.51,42.906666666666666,43.0,42.59333333333333,-10.137777788,0.0266666693333341,0.0299999999999993,9.97,10.0,20.12962963888889,9.933333333333335,7.401313,7.389776,7.404016,7.5000234,7.414995,0,0.0,0,1.0,-0.59,12.3,87.7
2022-10-12 07:15:00,96.07921234444,51.155453683334,51.167953183334,20.131851838666663,10.0,42.59333333333333,1,5.1764362714980825,70.66250196097344,7,2,10,0.9659258262890684,-0.2588190451025206,0.9749279121818236,-0.2225209339563143,-0.8660254037844386,0.5000000000000001,6.0,1.5,0.5,18.55,36.475,84.75,66.75,5.225,6.709333,0.0,11.075,20.162222206000003,42.5,42.5,42.51,42.906666666666666,42.74,-10.131851838666666,-0.005925949333335,0.0,10.0,10.0,20.12691358177777,9.990000000000002,7.414995,7.401313,7.389776,7.404016,7.4537563,0,0.0,0,1.0,-0.59,12.3,87.7
2022-10-12 07:30:00,65.554877766664,24.539018416666,24.547906977776,20.162222206000003,10.0,42.74,1,5.1764362714980825,70.66250196097344,7,2,10,0.9659258262890684,-0.2588190451025206,0.9749279121818236,-0.2225209339563143,-0.8660254037844386,0.5000000000000001,12.0,4.5,1.5,19.0,36.55,81.5,66.5,5.35,6.758101,0.0,11.25,20.03111111733333,42.59333333333333,42.5,42.5,42.51,42.59333333333333,-10.162222206000004,0.0303703673333366,0.0,10.0,10.083333333333334,20.14395061088889,10.0,7.4537563,7.414995,7.401313,7.389776,7.3714123,0,0.0,0,1.0,-0.58,12.1,87.9
2022-10-12 07:45:00,100.77208020555,54.359769972222,54.373102788888,20.03111111733333,10.083333333333334,42.59333333333333,1,5.1764362714980825,70.66250196097344,7,2,10,0.9659258262890684,-0.2588190451025206,0.9749279121818236,-0.2225209339563143,-0.8660254037844386,0.5000000000000001,18.0,9.0,3.0,19.45,36.625,78.25,66.25,5.475,6.807021,0.0,11.425,20.052222264,42.74,42.59333333333333,42.5,42.5,42.75,-9.947777784,-0.1311110886666675,0.0833333333333339,10.0,11.083333333333334,20.108395054,10.02777777777778,7.3714123,7.4537563,7.414995,7.401313,7.4076743,0,0.0,0,1.0,-0.61,12.9,87.1
2022-10-12 08:00:00,59.301516744444,22.561041955556,22.569374972222,20.052222264,11.083333333333334,42.75,1,5.1764362714980825,70.66250196097344,8,2,10,0.8660254037844387,-0.4999999999999998,0.9749279121818236,-0.2225209339563143,-0.8660254037844386,0.5000000000000001,24.0,15.0,5.0,19.9,36.7,75.0,66.0,5.6,6.8560915,0.0,11.6,19.975555536,42.59333333333333,42.74,42.59333333333333,42.5,42.906666666666666,-8.968888930666667,0.0211111466666658,1.0,10.083333333333334,12.333333333333334,20.081851862444445,10.388888888888893,7.4076743,7.3714123,7.4537563,7.414995,7.4015203,0,0.0,0,1.0,-0.61,12.7,87.3
2022-10-12 08:15:00,101.665933266664,54.190610088888,54.202276272222,19.975555536,12.333333333333334,42.906666666666666,1,5.1764362714980825,70.66250196097344,8,2,10,0.8660254037844387,-0.4999999999999998,0.9749279121818236,-0.2225209339563143,-0.8660254037844386,0.5000000000000001,60.5,28.625,10.041666666666666,19.25,37.6,81.0,65.75,5.85,6.992121,0.0,11.975,20.023333354,42.75,42.59333333333333,42.74,42.59333333333333,43.0,-7.642222202666668,-0.0766667279999993,1.25,11.083333333333334,13.583333333333334,20.019629639111116,11.16666666666667,7.4015203,7.4076743,7.3714123,7.4537563,7.438401,0,0.0,0,1.0,-0.62,13.2,86.8
2022-10-12 08:30:00,56.208584916666,17.5292988,17.537909588888,20.023333354,13.583333333333334,43.0,1,5.1764362714980825,70.66250196097344,8,2,10,0.8660254037844387,-0.4999999999999998,0.9749279121818236,-0.2225209339563143,-0.8660254037844386,0.5000000000000001,97.0,49.875,18.125,18.6,38.5,87.0,65.5,6.1,7.130241,0.0,12.35,19.951111134666668,42.906666666666666,42.75,42.59333333333333,42.74,43.09333333333333,-6.440000020666664,0.0477778179999965,1.25,12.333333333333334,14.796666666666663,20.01703705133333,12.333333333333334,7.438401,7.4015203,7.4076743,7.3714123,7.4230857,0,0.0,0,1.0,-0.61,12.8,87.2
2022-10-12 08:45:00,85.901841605554,42.066650616666,42.077761305554,19.951111134666668,14.796666666666663,43.09333333333333,1,5.1764362714980825,70.66250196097344,8,2,10,0.8660254037844387,-0.4999999999999998,0.9749279121818236,-0.2225209339563143,-0.8660254037844386,0.5000000000000001,133.5,78.75,29.25,17.95,39.4,93.0,65.25,6.35,7.2704706,0.0,12.725,20.025555578,43.0,42.906666666666666,42.75,42.59333333333333,43.49,-5.154444468000003,-0.0722222193333301,1.2133333333333312,13.583333333333334,15.602666666666666,19.983333341555557,13.571111111111112,7.4230857,7.438401,7.4015203,7.4076743,7.524146,0,0.0,0,1.0,-0.63,13.3,86.7
2022-10-12 09:00:00,72.934860272222,27.681114927778,27.69028126111,20.025555578,15.602666666666666,43.49,1,5.1764362714980825,70.66250196097344,9,2,10,0.7071067811865476,-0.7071067811865475,0.9749279121818236,-0.2225209339563143,-0.8660254037844386,0.5000000000000001,170.0,115.25,43.41666666666666,17.3,40.3,99.0,65.0,6.6,7.4128294,0.0,13.1,20.055555581333333,43.09333333333333,43.0,42.906666666666666,42.75,43.5,-4.422888911333336,0.0744444433333342,0.8060000000000009,14.796666666666663,16.297333333333334,20.000000022222224,14.66088888888889,7.524146,7.4230857,7.438401,7.4015203,7.5391035,0,0.0,0,1.0,-0.61,12.8,87.2
2022-10-12 09:15:00,61.98613153889,25.368429672222,25.3764849,20.055555581333333,16.297333333333334,43.5,1,5.1764362714980825,70.66250196097344,9,2,10,0.7071067811865476,-0.7071067811865475,0.9749279121818236,-0.2225209339563143,-0.8660254037844386,0.5000000000000001,198.75,149.8125,59.97916666666666,17.2,39.4,99.25,64.0,6.824999999999999,7.5159855,0.0,13.575,20.055555552,43.49,43.09333333333333,43.0,42.906666666666666,43.74,-3.758222247999999,0.0300000033333311,0.6946666666666683,15.602666666666666,16.992666666666665,20.010740764666668,15.565555555555555,7.5391035,7.524146,7.4230857,7.438401,7.580699,0,0.0,0,1.0,-0.6,12.6,87.4
2022-10-12 09:30:00,95.378962388892,35.631630211112,35.640241033332,20.055555552,16.992666666666665,43.74,1,5.1764362714980825,70.66250196097344,9,2,10,0.7071067811865476,-0.7071067811865475,0.9749279121818236,-0.2225209339563143,-0.8660254037844386,0.5000000000000001,227.5,182.4375,78.9375,17.1,38.5,99.5,63.0,7.05,7.61787,0.0,14.05,20.034814842666663,43.5,43.49,43.09333333333333,43.0,43.78,-3.062888885333333,-2.9333335760384216e-08,0.6953333333333305,16.297333333333334,17.640666666666668,20.04555557044445,16.297555555555558,7.580699,7.5391035,7.524146,7.4230857,7.5784245,0,0.0,0,1.0,-0.6,12.5,87.5
2022-10-12 09:45:00,165.798645572222,15.186892516666,15.20078086111,20.034814842666663,17.640666666666668,43.78,1,5.1764362714980825,70.66250196097344,9,2,10,0.7071067811865476,-0.7071067811865475,0.9749279121818236,-0.2225209339563143,-0.8660254037844386,0.5000000000000001,256.25,213.125,100.29166666666669,17.0,37.6,99.75,62.0,7.275,7.7183304,0.0,14.525,20.0,43.74,43.5,43.49,43.09333333333333,44.48,-2.394148175999998,-0.0207407093333316,0.6480000000000032,16.992666666666665,17.780000000000005,20.048641992,16.97688888888889,7.5784245,7.580699,7.5391035,7.524146,7.6839166,0,0.0,0,1.0,-0.6,12.7,87.3
2022-10-12 10:00:00,458.535546777776,20.933051527778,20.942773405554,20.0,17.780000000000005,44.48,1,5.1764362714980825,70.66250196097344,10,2,10,0.4999999999999999,-0.8660254037844387,0.9749279121818236,-0.2225209339563143,-0.8660254037844386,0.5000000000000001,285.0,241.875,124.04166666666669,16.9,36.7,100.0,61.0,7.5,7.8172193,0.0,15.0,19.96518515733333,43.78,43.74,43.5,43.49,44.59333333333333,-2.2199999999999958,-0.0348148426666661,0.1393333333333366,17.640666666666668,17.780000000000005,20.030123464888888,17.471111111111114,7.6839166,7.5784245,7.580699,7.5391035,7.687805,0,0.0,0,1.0,-0.61,12.8,87.2
2022-10-12 10:15:00,64.89795947778,27.913883383334,27.924438511112,19.96518515733333,17.780000000000005,44.59333333333333,1,5.1764362714980825,70.66250196097344,10,2,10,0.4999999999999999,-0.8660254037844387,0.9749279121818236,-0.2225209339563143,-0.8660254037844386,0.5000000000000001,329.25,274.5,150.97916666666666,17.0,37.325,100.0,58.5,7.475,7.810678,0.0,15.675,19.914444428000003,44.48,43.78,43.74,43.5,44.76,-2.185185157333329,-0.0348148426666661,0.0,17.780000000000005,17.780000000000005,20.0,17.733555555555558,7.687805,7.6839166,7.5784245,7.580699,7.6936326,0,0.0,0,1.0,-0.62,13.0,87.0
2022-10-12 10:30:00,137.232565927782,33.680874894446,33.687541294446,19.914444428000003,17.780000000000005,44.76,1,5.1764362714980825,70.66250196097344,10,2,10,0.4999999999999999,-0.8660254037844387,0.9749279121818236,-0.2225209339563143,-0.8660254037844386,0.5000000000000001,373.5,311.0,181.10416666666663,17.1,37.95,100.0,56.0,7.45,7.788177,0.0,16.35,19.829629637333333,44.59333333333333,44.48,43.78,43.74,45.406666666666666,-2.1344444279999983,-0.0507407293333308,0.0,17.780000000000005,17.827333333333335,19.959876528444443,17.780000000000005,7.6936326,7.687805,7.6839166,7.5784245,7.766082,0,0.0,0,1.0,-0.63,13.3,86.7
2022-10-12 10:45:00,469.0145720499981,15.214391383334,15.219668988888,19.829629637333333,17.827333333333335,45.406666666666666,1,5.1764362714980825,70.66250196097344,10,2,10,0.4999999999999999,-0.8660254037844387,0.9749279121818236,-0.2225209339563143,-0.8660254037844386,0.5000000000000001,417.75,351.375,214.41666666666663,17.2,38.575,100.0,53.5,7.425000000000001,7.7485743,0.0,17.025,20.022222244,44.76,44.59333333333333,44.48,43.78,45.73,-2.002296303999998,-0.0848147906666696,0.0473333333333307,17.780000000000005,18.392666666666667,19.90308640755556,17.795777777777783,7.766082,7.6936326,7.687805,7.6839166,7.9101415,0,0.0,0,1.0,-0.64,13.7,86.3
2022-10-12 11:00:00,74.73617723332801,29.97185666111,29.98241182222,20.022222244,18.392666666666667,45.73,1,5.1764362714980825,70.66250196097344,11,2,10,0.258819045102521,-0.9659258262890682,0.9749279121818236,-0.2225209339563143,-0.8660254037844386,0.5000000000000001,462.0,395.625,250.91666666666663,17.3,39.2,100.0,51.0,7.4,7.690674,0.0,17.7,19.98962964,45.406666666666666,44.76,44.59333333333333,44.48,45.18666666666666,-1.6295555773333312,0.1925926066666647,0.5653333333333315,17.827333333333335,19.100666666666665,19.922098769777776,18.000000000000004,7.9101415,7.766082,7.6936326,7.687805,7.801255,0,0.0,0,1.0,-0.6,12.5,87.5
2022-10-12 11:15:00,68.031445399996,19.768375916666,19.77698672222,19.98962964,19.100666666666665,45.18666666666666,1,5.1764362714980825,70.66250196097344,11,2,10,0.258819045102521,-0.9659258262890682,0.9749279121818236,-0.2225209339563143,-0.8660254037844386,0.5000000000000001,488.5,435.4375,286.5833333333333,17.375,39.400000000000006,100.0,49.5,7.375,7.6557307,0.0,18.125,19.916666650000003,45.73,45.406666666666666,44.76,44.59333333333333,45.24,-0.8889629733333315,-0.0325926040000013,0.7079999999999984,18.392666666666667,19.808666666666667,19.94716050711111,18.440222222222225,7.801255,7.9101415,7.766082,7.6936326,7.777152,0,0.0,0,1.0,-0.61,12.7,87.3
2022-10-12 11:30:00,61.382822405554,24.907059244444,24.916503333332003,19.916666650000003,19.808666666666667,45.24,1,5.1764362714980825,70.66250196097344,11,2,10,0.258819045102521,-0.9659258262890682,0.9749279121818236,-0.2225209339563143,-0.8660254037844386,0.5000000000000001,515.0,470.8125,321.4166666666667,17.450000000000003,39.6,100.0,48.0,7.35,7.6133037,0.0,18.55,19.86444441733333,45.18666666666666,45.73,45.406666666666666,44.76,45.09333333333333,-0.107999983333336,-0.0729629899999935,0.708000000000002,19.100666666666665,20.468666666666664,19.976172844666664,19.10066666666667,7.777152,7.801255,7.9101415,7.766082,7.728249,0,0.0,0,1.0,-0.62,13.2,86.8
2022-10-12 11:45:00,81.074256966664,33.461439255556,33.473105488888,19.86444441733333,20.468666666666664,45.09333333333333,1,5.1764362714980825,70.66250196097344,11,2,10,0.258819045102521,-0.9659258262890682,0.9749279121818236,-0.2225209339563143,-0.8660254037844386,0.5000000000000001,541.5,501.75,355.4166666666667,17.525000000000002,39.8,100.0,46.5,7.325,7.56308,0.0,18.975,19.914444428000003,45.24,45.18666666666666,45.73,45.406666666666666,45.24,0.6042222493333291,-0.0522222326666685,0.6599999999999966,19.808666666666667,20.61,19.92358023577778,19.792666666666666,7.728249,7.777152,7.801255,7.9101415,7.7761383,0,0.0,0,1.0,-0.64,13.5,86.5
2022-10-12 12:00:00,49.176366333328,10.72096006111,10.729293077776,19.914444428000003,20.61,45.24,1,5.1764362714980825,70.66250196097344,12,2,10,1.2246467991473532e-16,-1.0,0.9749279121818236,-0.2225209339563143,-0.8660254037844386,0.5000000000000001,568.0,528.25,388.5833333333333,17.6,40.0,100.0,45.0,7.3,7.50474,0.0,19.4,19.90962962,45.09333333333333,45.24,45.18666666666666,45.73,44.906666666666666,0.6955555719999964,0.0500000106666682,0.1413333333333355,20.468666666666664,20.61,19.89851849844445,20.295777777777776,7.7761383,7.728249,7.777152,7.801255,7.7166653,0,0.0,0,1.0,-0.62,13.2,86.8
2022-10-12 12:15:00,72.678203938886,27.022530172222,27.032252033332,19.90962962,20.61,44.906666666666666,1,5.1764362714980825,70.66250196097344,12,2,10,1.2246467991473532e-16,-1.0,0.9749279121818236,-0.2225209339563143,-0.8660254037844386,0.5000000000000001,572.75,549.3125,419.75,17.425,40.175,100.0,44.25,7.175,7.477913,0.0,19.625,19.916666650000003,45.24,45.09333333333333,45.24,45.18666666666666,44.51,0.7003703800000025,-0.0048148080000061,0.0,20.61,20.61,19.89617282177778,20.56288888888889,7.7166653,7.7761383,7.728249,7.777152,7.651658,0,0.0,0,1.0,-0.63,13.3,86.7
2022-10-12 12:30:00,77.498844322224,33.684208144444,33.694207744444,19.916666650000003,20.61,44.51,1,5.1764362714980825,70.66250196097344,12,2,10,1.2246467991473532e-16,-1.0,0.9749279121818236,-0.2225209339563143,-0.8660254037844386,0.5000000000000001,577.5,564.9375,448.9166666666667,17.25,40.35,100.0,43.5,7.05,7.4488673,0.0,19.85,19.93407404,44.906666666666666,45.24,45.09333333333333,45.24,44.5,0.6933333499999961,0.0070370300000064,0.0,20.61,20.314,19.913580232666668,20.61,7.651658,7.7166653,7.7761383,7.728249,7.657745,0,0.0,0,1.0,-0.63,13.3,86.7
2022-10-12 12:45:00,46.659244688888,0.0,0.0,19.93407404,20.314,44.5,0,5.1764362714980825,70.66250196097344,12,2,10,1.2246467991473532e-16,-1.0,0.9749279121818236,-0.2225209339563143,-0.8660254037844386,0.5000000000000001,582.25,575.125,476.0833333333333,17.075,40.525000000000006,100.0,42.75,6.925,7.4175563,0.0,20.075,20.00111111,44.51,44.906666666666666,45.24,45.09333333333333,44.49,0.3799259600000013,0.0174073899999953,-0.2959999999999994,20.61,19.703333333333333,19.920123436666668,20.511333333333333,7.657745,7.651658,7.7166653,7.7761383,7.6861463,1,1.0,1,0.75,-0.62,13.2,86.8
2022-10-12 13:00:00,70.99521566111,26.48505163889,26.494495711112,20.00111111,19.703333333333333,44.49,1,5.1764362714980825,70.66250196097344,13,2,10,-0.2588190451025208,-0.9659258262890684,0.9749279121818236,-0.2225209339563143,-0.8660254037844386,0.5000000000000001,587.0,579.875,501.25,16.9,40.7,100.0,42.0,6.8,7.383932,0.0,20.3,20.111111118666667,44.5,44.51,44.906666666666666,45.24,44.0,-0.2977777766666669,0.0670370700000013,-0.6106666666666669,20.314,19.700666666666667,19.95061726666667,20.209111111111117,7.6861463,7.657745,7.651658,7.7166653,7.650592,0,1.0,1,0.75,-0.61,12.8,87.2
2022-10-12 13:15:00,73.65677586110999,35.972172172222,35.983005105554,20.111111118666667,19.700666666666667,44.0,1,5.1764362714980825,70.66250196097344,13,2,10,-0.2588190451025208,-0.9659258262890684,0.9749279121818236,-0.2225209339563143,-0.8660254037844386,0.5000000000000001,569.75,579.125,521.2916666666666,17.075,40.325,100.0,41.5,6.7,7.328056,0.0,20.375,20.191111116,44.49,44.5,44.51,44.906666666666666,43.27,-0.4104444520000001,0.1100000086666668,-0.0026666666666663,19.703333333333333,19.706666666666667,20.01543208955556,19.906,7.650592,7.6861463,7.657745,7.651658,7.558949,0,1.0,0,0.75,-0.59,12.2,87.8
2022-10-12 13:30:00,52.986491572222,0.0,0.0,20.191111116,19.706666666666667,43.27,0,5.1764362714980825,70.66250196097344,13,2,10,-0.2588190451025208,-0.9659258262890684,0.9749279121818236,-0.2225209339563143,-0.8660254037844386,0.5000000000000001,552.5,572.875,536.2083333333334,17.25,39.95,100.0,41.0,6.6,7.2715273,0.0,20.450000000000003,20.14222221733333,44.0,44.49,44.5,44.51,43.406666666666666,-0.4844444493333348,0.0799999973333349,0.0060000000000002,19.700666666666667,19.68933333333333,20.10111111488889,19.70355555555556,7.558949,7.650592,7.6861463,7.657745,7.5611734,1,2.0,1,0.5,-0.57,11.9,88.1
2022-10-12 13:45:00,78.984062827774,35.810511988888,35.820789377776,20.14222221733333,19.68933333333333,43.406666666666666,1,5.1764362714980825,70.66250196097344,13,2,10,-0.2588190451025208,-0.9659258262890684,0.9749279121818236,-0.2225209339563143,-0.8660254037844386,0.5000000000000001,535.25,561.125,546.0,17.425,39.575,100.0,40.5,6.5,7.2143464,0.0,20.525,20.166666698000004,43.27,44.0,44.49,44.5,44.01,-0.4528888839999965,-0.0488888986666715,-0.0173333333333332,19.706666666666667,19.75333333333333,20.148148150666668,19.69888888888889,7.5611734,7.558949,7.650592,7.6861463,7.677239,0,1.0,1,0.75,-0.58,12.1,87.9
2022-10-12 14:00:00,69.174455177776,23.618221883334,23.627110427778,20.166666698000004,19.75333333333333,44.01,1,5.1764362714980825,70.66250196097344,14,2,10,-0.4999999999999997,-0.8660254037844388,0.9749279121818236,-0.2225209339563143,-0.8660254037844386,0.5000000000000001,518.0,543.875,550.6666666666666,17.6,39.2,100.0,40.0,6.4,7.156504,0.0,20.6,20.21185184,43.406666666666666,43.27,44.0,44.49,44.81333333333334,-0.4133333646666699,0.0244444806666734,0.064,19.68933333333333,19.90666666666667,20.166666677111117,19.716444444444445,7.677239,7.5611734,7.558949,7.650592,7.8380547,0,1.0,0,0.75,-0.57,11.9,88.1
2022-10-12 14:15:00,57.4427022,14.597193855556,14.6044158,20.21185184,19.90666666666667,44.81333333333334,1,5.1764362714980825,70.66250196097344,14,2,10,-0.4999999999999997,-0.8660254037844388,0.9749279121818236,-0.2225209339563143,-0.8660254037844386,0.5000000000000001,493.0,524.6875,551.0416666666666,17.6,39.3,100.0,40.0,6.375,7.1356764,0.0,20.55,20.19555556,44.01,43.406666666666666,43.27,44.0,44.76,-0.3051851733333315,0.0451851419999975,0.1533333333333359,19.75333333333333,20.044666666666668,20.17358025177778,19.78311111111111,7.8380547,7.677239,7.5611734,7.558949,7.8212724,0,1.0,0,0.75,-0.56,11.5,88.5
2022-10-12 14:30:00,73.685107927782,34.326404672222,34.336404255556,20.19555556,20.044666666666668,44.76,1,5.1764362714980825,70.66250196097344,14,2,10,-0.4999999999999997,-0.8660254037844388,0.9749279121818236,-0.2225209339563143,-0.8660254037844386,0.5000000000000001,468.0,503.5625,547.125,17.6,39.400000000000006,100.0,40.0,6.35,7.1148996,0.0,20.5,20.20148148,44.81333333333334,44.01,43.406666666666666,43.27,44.906666666666666,-0.150888893333331,-0.0162962800000023,0.1379999999999981,19.90666666666667,20.148666666666667,20.19135803266667,19.90155555555556,7.8212724,7.8380547,7.677239,7.5611734,7.849621,0,0.0,0,1.0,-0.56,11.6,88.4
2022-10-12 14:45:00,51.11601094444,0.0,0.0,20.20148148,20.148666666666667,44.906666666666666,0,5.1764362714980825,70.66250196097344,14,2,10,-0.4999999999999997,-0.8660254037844388,0.9749279121818236,-0.2225209339563143,-0.8660254037844386,0.5000000000000001,443.0,480.5,538.9166666666666,17.6,39.5,100.0,40.0,6.325,7.0941725,0.0,20.45,20.22444447,44.76,44.81333333333334,44.01,43.406666666666666,44.51,-0.052814813333331,0.0059259199999992,0.1039999999999992,20.044666666666668,20.06933333333333,20.20296296,20.03333333333333,7.849621,7.8212724,7.8380547,7.677239,7.7907333,1,1.0,1,0.75,-0.56,11.6,88.4
2022-10-12 15:00:00,83.8574789,27.411125711112,27.41779216111,20.22444447,20.06933333333333,44.51,1,5.1764362714980825,70.66250196097344,15,2,10,-0.7071067811865471,-0.7071067811865479,0.9749279121818236,-0.2225209339563143,-0.8660254037844386,0.5000000000000001,418.0,455.5,526.4166666666666,17.6,39.6,100.0,40.0,6.3,7.073502,0.0,20.4,20.31259258,44.906666666666666,44.76,44.81333333333334,44.01,44.5,-0.1551111366666688,0.0229629899999999,-0.0793333333333379,20.148666666666667,20.127333333333333,20.20716050333333,20.08755555555556,7.7907333,7.849621,7.8212724,7.8380547,7.829209,0,1.0,1,0.75,-0.56,11.5,88.5
2022-10-12 15:15:00,92.031874144444,0.0,0.0,20.31259258,20.127333333333333,44.5,0,5.1764362714980825,70.66250196097344,15,2,10,-0.7071067811865471,-0.7071067811865479,0.9749279121818236,-0.2225209339563143,-0.8660254037844386,0.5000000000000001,379.5,427.125,510.3125,17.025000000000002,39.5,100.0,41.0,6.5,7.176601,0.0,20.225,20.281111132,44.51,44.906666666666666,44.76,44.81333333333334,44.49,-0.1852592466666678,0.0881481100000023,0.0580000000000033,20.06933333333333,20.142666666666667,20.24617284333333,20.115111111111112,7.829209,7.7907333,7.849621,7.8212724,7.813066,1,2.0,1,0.5,-0.54,11.0,89.0
2022-10-12 15:30:00,97.650538272222,36.84491506111,36.854914694442,20.281111132,20.142666666666667,44.49,1,5.1764362714980825,70.66250196097344,15,2,10,-0.7071067811865471,-0.7071067811865479,0.9749279121818236,-0.2225209339563143,-0.8660254037844386,0.5000000000000001,341.0,395.375,490.6041666666667,16.450000000000003,39.400000000000006,100.0,42.0,6.699999999999999,7.276768,0.0,20.05,20.35777778266667,44.5,44.51,44.906666666666666,44.76,44.0,-0.1384444653333325,-0.0314814480000009,0.0153333333333343,20.127333333333333,20.196666666666665,20.272716060666664,20.11311111111111,7.813066,7.829209,7.7907333,7.849621,7.761696,0,2.0,1,0.5,-0.54,11.2,88.8
2022-10-12 15:45:00,52.034585000008,0.0,0.0,20.35777778266667,20.196666666666665,44.0,0,5.1764362714980825,70.66250196097344,15,2,10,-0.7071067811865471,-0.7071067811865479,0.9749279121818236,-0.2225209339563143,-0.8660254037844386,0.5000000000000001,302.5,360.25,467.2916666666667,15.875000000000002,39.3,100.0,43.0,6.9,7.374047,0.0,19.875,20.334444412,44.49,44.5,44.51,44.906666666666666,43.76,-0.1611111160000042,0.0766666506666702,0.0539999999999984,20.142666666666667,20.24533333333333,20.317160498222226,20.155555555555555,7.761696,7.813066,7.829209,7.7907333,7.7088475,1,2.0,1,0.5,-0.53,10.9,89.1
2022-10-12 16:00:00,78.699074044448,34.071414855556,34.082247755556,20.334444412,20.24533333333333,43.76,1,5.1764362714980825,70.66250196097344,16,2,10,-0.8660254037844385,-0.5000000000000004,0.9749279121818236,-0.2225209339563143,-0.8660254037844386,0.5000000000000001,264.0,321.75,440.375,15.3,39.2,100.0,44.0,7.1,7.4684796,0.0,19.7,20.312592561333336,44.0,44.49,44.5,44.51,44.09333333333333,-0.0891110786666651,-0.0233333706666698,0.0486666666666693,20.196666666666665,20.194000000000003,20.324444442222223,20.194888888888894,7.7088475,7.761696,7.813066,7.829209,7.757661,0,2.0,1,0.5,-0.54,11.0,89.0
2022-10-12 16:15:00,52.87899600555,0.0,0.0,20.312592561333336,20.194000000000003,44.09333333333333,0,5.1764362714980825,70.66250196097344,16,2,10,-0.8660254037844385,-0.5000000000000004,0.9749279121818236,-0.2225209339563143,-0.8660254037844386,0.5000000000000001,238.75,286.5625,412.7916666666667,14.9,37.675,100.0,45.25,7.35,7.5909457,0.0,19.5,20.224444422,43.76,44.0,44.49,44.5,44.74,-0.1185925613333331,-0.021851850666664,-0.0513333333333321,20.24533333333333,20.03533333333333,20.334938252,20.212000000000003,7.757661,7.7088475,7.761696,7.813066,7.830991,1,2.0,1,0.5,-0.54,11.1,88.9
2022-10-12 16:30:00,68.168662011112,28.124152772222,28.13415242222,20.224444422,20.03533333333333,44.74,1,5.1764362714980825,70.66250196097344,16,2,10,-0.8660254037844385,-0.5000000000000004,0.9749279121818236,-0.2225209339563143,-0.8660254037844386,0.5000000000000001,213.5,254.6875,384.5416666666667,14.5,36.150000000000006,100.0,46.5,7.6,7.7093906,0.0,19.3,20.2222222,44.09333333333333,43.76,44.0,44.49,45.09333333333333,-0.1891110886666673,-0.0881481393333381,-0.1586666666666722,20.194000000000003,19.888666666666666,20.290493798444444,20.158222222222225,7.830991,7.757661,7.7088475,7.761696,7.891811,0,2.0,1,0.5,-0.56,11.5,88.5
2022-10-12 16:45:00,84.01997241666601,39.668690955556,39.679523872222,20.2222222,19.888666666666666,45.09333333333333,1,5.1764362714980825,70.66250196097344,16,2,10,-0.8660254037844385,-0.5000000000000004,0.9749279121818236,-0.2225209339563143,-0.8660254037844386,0.5000000000000001,188.25,226.125,355.625,14.1,34.625,100.0,47.75,7.85,7.823879,0.0,19.1,20.22111109,44.74,44.09333333333333,43.76,44.0,45.5,-0.3335555333333353,-0.0022222219999967,-0.1466666666666647,20.03533333333333,19.813333333333333,20.253086394444445,20.03933333333333,7.891811,7.830991,7.757661,7.7088475,7.962468,0,1.0,0,0.75,-0.55,11.4,88.6
2022-10-12 17:00:00,45.552900077776,0.0,0.0,20.22111109,19.813333333333333,45.5,0,5.1764362714980825,70.66250196097344,17,2,10,-0.9659258262890684,-0.2588190451025206,0.9749279121818236,-0.2225209339563143,-0.8660254037844386,0.5000000000000001,163.0,200.875,326.0416666666667,13.7,33.1,100.0,49.0,8.1,7.93448,0.0,18.9,20.18740742,45.09333333333333,44.74,44.09333333333333,43.76,45.906666666666666,-0.4077777566666682,-0.00111111,-0.075333333333333,19.888666666666666,19.80333333333333,20.222592570666663,19.912444444444443,7.962468,7.891811,7.830991,7.757661,8.017818,1,2.0,1,0.5,-0.55,11.4,88.6
2022-10-12 17:15:00,456.45674091667,35.738848172222,35.748569966668,20.18740742,19.80333333333333,45.906666666666666,1,5.1764362714980825,70.66250196097344,17,2,10,-0.9659258262890684,-0.2588190451025206,0.9749279121818236,-0.2225209339563143,-0.8660254037844386,0.5000000000000001,137.0,175.4375,296.375,13.5,32.125,100.0,50.25,8.15,7.993811,0.0,18.6,20.192222228,45.5,45.09333333333333,44.74,44.09333333333333,46.01,-0.384074086666665,-0.0337036700000012,-0.009999999999998,19.813333333333333,19.748,20.21024690333333,19.83511111111111,8.017818,7.962468,7.891811,7.830991,8.038127,0,1.0,1,0.75,-0.56,11.5,88.5
2022-10-12 17:30:00,62.847486066664,11.746752327778,11.754252111108,20.192222228,19.748,46.01,1,5.1764362714980825,70.66250196097344,17,2,10,-0.9659258262890684,-0.2588190451025206,0.9749279121818236,-0.2225209339563143,-0.8660254037844386,0.5000000000000001,111.0,149.8125,266.625,13.3,31.15,100.0,51.5,8.2,8.048264,0.0,18.3,20.152592596,45.906666666666666,45.5,45.09333333333333,44.74,46.406666666666666,-0.4442222279999974,0.004814807999999,-0.0553333333333334,19.80333333333333,19.736,20.200246912666667,19.788222222222227,8.038127,8.017818,7.962468,7.891811,8.08866,0,1.0,0,0.75,-0.56,11.5,88.5
2022-10-12 17:45:00,68.033389588892,34.742776883334,34.753054288888,20.152592596,19.736,46.406666666666666,1,5.1764362714980825,70.66250196097344,17,2,10,-0.9659258262890684,-0.2588190451025206,0.9749279121818236,-0.2225209339563143,-0.8660254037844386,0.5000000000000001,85.0,124.0,236.79166666666663,13.1,30.175,100.0,52.75,8.25,8.097971,0.0,18.0,20.218888916,46.01,45.906666666666666,45.5,45.09333333333333,46.75,-0.416592596000001,-0.0396296320000004,-0.012000000000004,19.748,19.58333333333333,20.177407414666664,19.762444444444444,8.08866,8.038127,8.017818,7.962468,8.18015,0,1.0,0,0.75,-0.56,11.7,88.3
2022-10-12 18:00:00,80.072074772222,26.405888172222,26.414776716666,20.218888916,19.58333333333333,46.75,1,5.1764362714980825,70.66250196097344,18,2,10,-1.0,-1.8369701987210294e-16,0.9749279121818236,-0.2225209339563143,-0.8660254037844386,0.5000000000000001,59.0,98.0,206.875,12.9,29.2,100.0,54.0,8.3,8.143066,0.0,17.7,20.1666667,46.406666666666666,46.01,45.906666666666666,45.5,47.0,-0.6355555826666688,0.0662963200000028,-0.1526666666666649,19.736,19.415333333333333,20.187901246666662,19.68911111111111,8.18015,8.08866,8.038127,8.017818,8.198825,0,0.0,0,1.0,-0.55,11.2,88.8
2022-10-12 18:15:00,50.56769954444,15.854643555556,15.86380992222,20.1666667,19.415333333333333,47.0,1,5.1764362714980825,70.66250196097344,18,2,10,-1.0,-1.8369701987210294e-16,0.9749279121818236,-0.2225209339563143,-0.8660254037844386,0.5000000000000001,45.25,75.0625,179.02083333333334,12.8,28.55,100.0,55.0,8.325000000000001,8.171027,0.0,17.45,20.140000012,46.75,46.406666666666666,46.01,45.906666666666666,47.25,-0.7513333666666675,-0.0522222160000005,-0.1679999999999992,19.58333333333333,19.246,20.17938273733333,19.578222222222223,8.198825,8.18015,8.08866,8.038127,8.229588,0,0.0,0,1.0,-0.56,11.5,88.5
2022-10-12 18:30:00,84.442177827774,38.2159713,38.225415372222,20.140000012,19.246,47.25,1,5.1764362714980825,70.66250196097344,18,2,10,-1.0,-1.8369701987210294e-16,0.9749279121818236,-0.2225209339563143,-0.8660254037844386,0.5000000000000001,31.5,55.1875,153.22916666666666,12.7,27.9,100.0,56.0,8.350000000000001,8.19613,0.0,17.2,20.14592594266667,47.0,46.75,46.406666666666666,46.01,47.5,-0.8940000119999993,-0.0266666880000023,-0.1693333333333342,19.415333333333333,19.138,20.17518520933333,19.41488888888889,8.229588,8.198825,8.18015,8.08866,8.275999,0,0.0,0,1.0,-0.56,11.6,88.4
2022-10-12 18:45:00,282.702024849998,22.641594250002,22.648538505554,20.14592594266667,19.138,47.5,1,5.1764362714980825,70.66250196097344,18,2,10,-1.0,-1.8369701987210294e-16,0.9749279121818236,-0.2225209339563143,-0.8660254037844386,0.5000000000000001,17.75,38.375,129.5,12.6,27.25,100.0,57.0,8.375,8.218445,0.0,16.95,20.140000012,47.25,47.0,46.75,46.406666666666666,48.27,-1.0079259426666702,0.0059259306666703,-0.1080000000000005,19.246,18.976,20.15086421822222,19.26644444444444,8.275999,8.229588,8.198825,8.18015,8.407242,0,0.0,0,1.0,-0.56,11.5,88.5
2022-10-12 19:00:00,1616.964763372218,18.477038688888,18.481482994442,20.140000012,18.976,48.27,1,5.1764362714980825,70.66250196097344,19,2,10,-0.9659258262890684,0.2588190451025203,0.9749279121818236,-0.2225209339563143,-0.8660254037844386,0.5000000000000001,4.0,24.625,107.83333333333331,12.5,26.6,100.0,58.0,8.4,8.23804,0.0,16.7,20.1666667,47.5,47.25,47.0,46.75,49.81333333333334,-1.164000011999999,-0.0059259306666703,-0.161999999999999,19.138,18.89466666666667,20.141975322222223,19.12,8.407242,8.275999,8.229588,8.198825,8.68959,0,0.0,0,1.0,-0.56,11.5,88.5
2022-10-12 19:15:00,1550.47936717778,0.0,0.0,20.1666667,18.89466666666667,49.81333333333334,0,5.1764362714980825,70.66250196097344,19,2,10,-0.9659258262890684,0.2588190451025203,0.9749279121818236,-0.2225209339563143,-0.8660254037844386,0.5000000000000001,3.0,14.0625,88.1875,13.975,27.775,100.0,57.0,8.225,8.132569,0.0,16.775,20.1388889,48.27,47.5,47.25,47.0,49.75,-1.272000033333331,0.0266666880000023,-0.0813333333333297,18.976,18.68533333333333,20.15086421822222,19.00288888888889,8.68959,8.407242,8.275999,8.229588,8.664454,1,1.0,1,0.75,-0.54,11.1,88.9
2022-10-12 19:30:00,1561.897243844444,0.0,0.0,20.1388889,18.68533333333333,49.75,0,5.1764362714980825,70.66250196097344,19,2,10,-0.9659258262890684,0.2588190451025203,0.9749279121818236,-0.2225209339563143,-0.8660254037844386,0.5000000000000001,2.0,6.6875,70.5625,15.45,28.950000000000003,100.0,56.0,8.05,8.025956,0.0,16.85,20.121481478666663,49.81333333333334,48.27,47.5,47.25,49.5,-1.4535555666666653,-0.0277778000000026,-0.2093333333333369,18.89466666666667,18.500666666666667,20.14851853733333,18.852,8.664454,8.68959,8.407242,8.275999,8.612139,0,2.0,0,0.5,-0.55,11.3,88.7
2022-10-12 19:45:00,666.930543911112,0.0,0.0,20.121481478666663,18.500666666666667,49.5,0,5.1764362714980825,70.66250196097344,19,2,10,-0.9659258262890684,0.2588190451025203,0.9749279121818236,-0.2225209339563143,-0.8660254037844386,0.5000000000000001,1.0,2.5,54.958333333333336,16.924999999999997,30.125,100.0,55.0,7.875,7.9181943,0.0,16.925,20.136666678,49.75,49.81333333333334,48.27,47.5,49.75,-1.620814811999999,-0.0174074213333312,-0.1846666666666649,18.68533333333333,18.384,20.142345692888888,18.69355555555556,8.612139,8.664454,8.68959,8.407242,8.663328,0,3.0,0,0.25,-0.55,11.4,88.6
2022-10-12 20:00:00,320.129416594442,0.0,0.0,20.136666678,18.384,49.75,0,5.1764362714980825,70.66250196097344,20,2,10,-0.8660254037844386,0.5000000000000001,0.9749279121818236,-0.2225209339563143,-0.8660254037844386,0.5000000000000001,0.0,1.5,41.375,18.4,31.3,100.0,54.0,7.7,7.8092785,0.0,17.0,20.06592596,49.5,49.75,49.81333333333334,48.27,50.09333333333333,-1.752666677999997,0.0151851993333309,-0.1166666666666671,18.500666666666667,18.254,20.132345685555556,18.523333333333337,8.663328,8.612139,8.664454,8.68959,8.687084,0,4.0,0,0.0,-0.55,11.3,88.7
2022-10-12 20:15:00,104.059726394442,0.0,0.0,20.06592596,18.254,50.09333333333333,0,5.1764362714980825,70.66250196097344,20,2,10,-0.8660254037844386,0.5000000000000001,0.9749279121818236,-0.2225209339563143,-0.8660254037844386,0.5000000000000001,0.0,0.75,29.95833333333333,19.125,34.55,99.75,54.5,7.75,7.834452,0.0,16.9,20.05666671,49.75,49.5,49.75,49.81333333333334,50.75,-1.81192596,-0.0707407179999961,-0.129999999999999,18.384,18.17533333333333,20.108024705555557,18.37955555555556,8.687084,8.663328,8.612139,8.664454,8.796193,0,4.0,0,0.0,-0.56,11.6,88.4
2022-10-12 20:30:00,230.981316027774,0.0,0.0,20.05666671,18.17533333333333,50.75,0,5.1764362714980825,70.66250196097344,20,2,10,-0.8660254037844386,0.5000000000000001,0.9749279121818236,-0.2225209339563143,-0.8660254037844386,0.5000000000000001,0.0,0.25,20.70833333333333,19.85,37.8,99.5,55.0,7.800000000000001,7.859009,0.0,16.8,20.10074074,50.09333333333333,49.75,49.5,49.75,51.59333333333333,-1.8813333766666676,-0.0092592499999994,-0.0786666666666668,18.254,18.16466666666667,20.086419782666667,18.271111111111114,8.796193,8.687084,8.663328,8.612139,8.965457,0,4.0,0,0.0,-0.56,11.6,88.4
2022-10-12 20:45:00,664.982844155552,0.0,0.0,20.10074074,18.16466666666667,51.59333333333333,0,5.1764362714980825,70.66250196097344,20,2,10,-0.8660254037844386,0.5000000000000001,0.9749279121818236,-0.2225209339563143,-0.8660254037844386,0.5000000000000001,0.0,0.0,13.625,20.575,41.05,99.25,55.5,7.85,7.882953,0.0,16.700000000000003,20.141111122,50.75,50.09333333333333,49.75,49.5,52.22,-1.93607407333333,0.0440740299999973,-0.0106666666666654,18.17533333333333,18.16133333333333,20.07444447,18.198000000000004,8.965457,8.796193,8.687084,8.663328,9.095812,0,4.0,0,0.0,-0.54,11.2,88.8
2022-10-12 21:00:00,115.750647572222,0.0,0.0,20.141111122,18.16133333333333,52.22,0,5.1764362714980825,70.66250196097344,21,2,10,-0.7071067811865477,0.7071067811865474,0.9749279121818236,-0.2225209339563143,-0.8660254037844386,0.5000000000000001,0.0,0.0,8.708333333333334,21.3,44.3,99.0,56.0,7.9,7.9062915,0.0,16.6,20.25703706133333,51.59333333333333,50.75,50.09333333333333,49.75,51.59333333333333,-1.979777788666663,0.0403703819999989,-0.0033333333333338,18.16466666666667,18.054666666666662,20.099506190666663,18.16711111111111,9.095812,8.965457,8.796193,8.687084,9.047771,0,4.0,0,0.0,-0.53,10.9,89.1
2022-10-12 21:15:00,109.353681377772,0.0,0.0,20.25703706133333,18.054666666666662,51.59333333333333,0,5.1764362714980825,70.66250196097344,21,2,10,-0.7071067811865477,0.7071067811865474,0.9749279121818236,-0.2225209339563143,-0.8660254037844386,0.5000000000000001,0.0,0.0,4.9375,21.475,44.825,76.75,56.75,7.95,7.964112,0.0,16.5,20.24888889,52.22,51.59333333333333,50.75,50.09333333333333,51.5,-2.2023703946666657,0.1159259393333336,-0.1066666666666691,18.16133333333333,17.916,20.16629630777777,18.12688888888889,9.047771,9.095812,8.965457,8.796193,9.027103,0,4.0,0,0.0,-0.51,10.4,89.6
2022-10-12 21:30:00,114.28515066111,0.0,0.0,20.24888889,17.916,51.5,0,5.1764362714980825,70.66250196097344,21,2,10,-0.7071067811865477,0.7071067811865474,0.9749279121818236,-0.2225209339563143,-0.8660254037844386,0.5000000000000001,0.0,0.0,2.3125,21.65,45.35,54.5,57.5,8.0,8.020918,0.0,16.4,20.18740742,51.59333333333333,52.22,51.59333333333333,50.75,51.5,-2.3328888899999995,-0.0081481713333317,-0.1386666666666656,18.054666666666662,17.73866666666667,20.215679024444444,18.044,9.027103,9.047771,9.095812,8.965457,8.9947195,0,4.0,0,0.0,-0.51,10.5,89.5
2022-10-12 21:45:00,117.435580288884,0.0,0.0,20.18740742,17.73866666666667,51.5,0,5.1764362714980825,70.66250196097344,21,2,10,-0.7071067811865477,0.7071067811865474,0.9749279121818236,-0.2225209339563143,-0.8660254037844386,0.5000000000000001,0.0,0.0,0.8333333333333334,21.825,45.875,32.25,58.25,8.05,8.0767145,0.0,16.3,20.21999998,51.5,51.59333333333333,52.22,51.59333333333333,51.5,-2.448740753333329,-0.0614814700000003,-0.1773333333333298,17.916,17.609333333333332,20.231111123777776,17.903111111111112,8.9947195,9.027103,9.047771,9.095812,9.011874,0,4.0,0,0.0,-0.53,10.8,89.2
2022-10-12 22:00:00,104.358603338886,0.0,0.0,20.21999998,17.609333333333332,51.5,0,5.1764362714980825,70.66250196097344,22,2,10,-0.5000000000000004,0.8660254037844384,0.9749279121818236,-0.2225209339563143,-0.8660254037844386,0.5000000000000001,0.0,0.0,0.5,22.0,46.4,10.0,59.0,8.1,8.131512,0.0,16.2,20.16666668133333,51.5,51.5,51.59333333333333,52.22,51.59333333333333,-2.610666646666669,0.0325925600000012,-0.1293333333333386,17.73866666666667,17.569999999999997,20.21876543,17.75466666666667,9.011874,8.9947195,9.027103,9.047771,9.0001,0,4.0,0,0.0,-0.52,10.6,89.4
2022-10-12 22:15:00,126.241061372218,0.0,0.0,20.16666668133333,17.569999999999997,51.59333333333333,0,5.1764362714980825,70.66250196097344,22,2,10,-0.5000000000000004,0.8660254037844384,0.9749279121818236,-0.2225209339563143,-0.8660254037844386,0.5000000000000001,0.0,0.0,0.25,22.35,47.05,32.5,60.0,8.2,8.182415,0.0,16.025,20.1388889,51.5,51.5,51.5,51.59333333333333,51.74,-2.5966666813333354,-0.0533332986666685,-0.0393333333333352,17.609333333333332,17.508,20.19135802711111,17.639333333333337,9.0001,9.011874,8.9947195,9.027103,9.011034,0,4.0,0,0.0,-0.53,10.9,89.1
2022-10-12 22:30:00,423.62027667778,0.0,0.0,20.1388889,17.508,51.74,0,5.1764362714980825,70.66250196097344,22,2,10,-0.5000000000000004,0.8660254037844384,0.9749279121818236,-0.2225209339563143,-0.8660254037844386,0.5000000000000001,0.0,0.0,0.0833333333333333,22.7,47.7,55.0,61.0,8.3,8.231227,0.0,15.85,20.09037036133333,51.59333333333333,51.5,51.5,51.5,51.59333333333333,-2.630888899999998,-0.0277777813333344,-0.0619999999999976,17.569999999999997,17.417333333333332,20.17518518711111,17.56244444444444,9.011034,9.0001,9.011874,8.9947195,8.960019,0,4.0,0,0.0,-0.54,11.0,89.0
2022-10-12 22:45:00,103.242536866664,13.571401588888,13.600567155552,20.09037036133333,17.417333333333332,51.59333333333333,1,5.1764362714980825,70.66250196097344,22,2,10,-0.5000000000000004,0.8660254037844384,0.9749279121818236,-0.2225209339563143,-0.8660254037844386,0.5000000000000001,0.0,0.0,0.0,23.05,48.35,77.5,62.0,8.4,8.277983,0.0,15.675,19.945634876428567,51.74,51.59333333333333,51.5,51.5,51.996428571428574,-2.6730370279999995,-0.0485185386666664,-0.0906666666666673,17.508,17.33642857142857,20.13197531422222,17.498444444444445,8.960019,9.011034,9.0001,9.011874,8.953821,0,3.0,1,0.25,-0.55,11.3,88.7
2022-10-12 23:00:00,93.876244816666,42.149425088888,42.15970246111,19.945634876428567,17.33642857142857,51.996428571428574,1,5.1764362714980825,70.66250196097344,23,2,10,-0.2588190451025215,0.965925826289068,0.9749279121818236,-0.2225209339563143,-0.8660254037844386,0.5000000000000001,0.0,0.0,0.0,23.4,49.0,100.0,63.0,8.5,8.322717,0.0,15.5,19.89999996,51.59333333333333,51.74,51.59333333333333,51.5,52.1,-2.609206304999997,-0.1447354849047641,-0.0809047619047618,17.417333333333332,17.21642857142857,20.058298045920637,17.4205873015873,8.953821,8.960019,9.011034,9.0001,8.947701,0,2.0,0,0.5,-0.58,12.0,88.0
2022-10-12 23:15:00,52.84983033889,0.0,0.0,19.89999996,17.21642857142857,52.1,0,5.1764362714980825,70.66250196097344,23,2,10,-0.2588190451025215,0.965925826289068,0.9749279121818236,-0.2225209339563143,-0.8660254037844386,0.5000000000000001,0.0,0.0,0.0,23.775,50.075,96.25,63.0,8.575,8.360664,0.0,15.575,19.701111116,51.996428571428574,51.59333333333333,51.74,51.59333333333333,52.49,-2.68357138857143,-0.0456349164285683,-0.120000000000001,17.33642857142857,17.183333333333334,19.97866839925397,17.323396825396824,8.947701,8.953821,8.960019,9.011034,8.910138,1,2.0,1,0.5,-0.59,12.3,87.7
2022-10-12 23:30:00,90.573599011116,40.66531773889,40.676983955556,19.701111116,17.183333333333334,52.49,1,5.1764362714980825,70.66250196097344,23,2,10,-0.2588190451025215,0.965925826289068,0.9749279121818236,-0.2225209339563143,-0.8660254037844386,0.5000000000000001,0.0,0.0,0.0,24.15,51.15,92.5,63.0,8.65,8.398765,0.0,15.65,19.75703706133333,52.1,51.996428571428574,51.59333333333333,51.74,52.5,-2.5177777826666663,-0.1988888439999989,-0.0330952380952354,17.21642857142857,17.17866666666667,19.848915317476187,17.245396825396824,8.910138,8.947701,8.953821,8.960019,8.941129,0,1.0,1,0.75,-0.63,13.5,86.5
2022-10-12 23:45:00,58.898755072222,0.0,0.0,19.75703706133333,17.17866666666667,52.5,0,5.1764362714980825,70.66250196097344,23,2,10,-0.2588190451025215,0.965925826289068,0.9749279121818236,-0.2225209339563143,-0.8660254037844386,0.5000000000000001,0.0,0.0,0.0,24.525,52.225,88.75,63.0,8.725,8.437015,0.0,15.725,19.7777778,52.49,52.1,51.996428571428574,51.59333333333333,52.5,-2.5783703946666634,0.0559259453333318,-0.0046666666666652,17.183333333333334,17.122307692307693,19.78604937911111,17.192809523809526,8.941129,8.910138,8.947701,8.953821,8.952018,1,2.0,1,0.5,-0.62,13.1,86.9
2022-10-13 00:00:00,77.18302360555799,33.280890944444,33.289223927778,19.7777778,17.122307692307693,52.5,1,5.1764362714980825,70.66250196097344,0,3,10,0.0,1.0,0.4338837391175582,-0.900968867902419,-0.8660254037844386,0.5000000000000001,0.0,0.0,0.0,24.9,53.3,85.0,63.0,8.8,8.475419,0.0,15.8,19.78814816,52.5,52.49,52.1,51.996428571428574,52.5,-2.655470107692306,0.0207407386666673,-0.0563589743589751,17.17866666666667,17.113333333333333,19.74530865911111,17.161435897435897,8.952018,8.941129,8.910138,8.947701,8.957464,0,2.0,1,0.5,-0.62,13.0,87.0
2022-10-13 00:15:00,83.426107338886,17.527354444444,17.535965216666,19.78814816,17.113333333333333,52.5,1,5.1764362714980825,70.66250196097344,0,3,10,0.0,1.0,0.4338837391175582,-0.900968867902419,-0.8660254037844386,0.5000000000000001,0.0,0.0,0.0,25.0,53.475,88.75,63.5,8.875,8.503976,0.0,15.725,19.80444444,52.5,52.5,52.49,52.1,52.5,-2.6748148266666654,0.0103703599999995,-0.0089743589743598,17.122307692307693,17.061999999999998,19.77432100711111,17.138102564102564,8.957464,8.952018,8.941129,8.910138,8.96603,0,1.0,0,0.75,-0.61,12.9,87.1
2022-10-13 00:30:00,65.639596577776,16.6610002,16.669888727778,19.80444444,17.061999999999998,52.5,1,5.1764362714980825,70.66250196097344,0,3,10,0.0,1.0,0.4338837391175582,-0.900968867902419,-0.8660254037844386,0.5000000000000001,0.0,0.0,0.0,25.1,53.65,92.5,64.0,8.95,8.532079,0.0,15.65,19.78814816,52.5,52.5,52.5,52.49,52.5,-2.7424444400000034,0.0162962800000023,-0.0513333333333356,17.113333333333333,17.06933333333333,19.790123466666667,17.099213675213676,8.96603,8.957464,8.952018,8.941129,8.957464,0,1.0,0,0.75,-0.61,12.8,87.2
2022-10-13 00:45:00,71.210762555556,17.602351477776,17.611239988888,19.78814816,17.06933333333333,52.5,1,5.1764362714980825,70.66250196097344,0,3,10,0.0,1.0,0.4338837391175582,-0.900968867902419,-0.8660254037844386,0.5000000000000001,0.0,0.0,0.0,25.2,53.825,96.25,64.5,9.025,8.559728,0.0,15.575,19.80555555214286,52.5,52.5,52.5,52.5,52.767857142857146,-2.7188148266666694,-0.0162962800000023,0.0073333333333316,17.061999999999998,17.18642857142857,19.79358025333333,17.081555555555553,8.957464,8.96603,8.957464,8.952018,9.0123625,0,0.0,0,1.0,-0.61,12.9,87.1
2022-10-13 01:00:00,76.244450066668,29.549651283334,29.560206411112,19.80555555214286,17.18642857142857,52.767857142857146,1,5.1764362714980825,70.66250196097344,1,3,10,0.2588190451025207,0.9659258262890684,0.4338837391175582,-0.900968867902419,-0.8660254037844386,0.5000000000000001,0.0,0.0,0.0,25.3,54.0,100.0,65.0,9.1,8.586928,0.0,15.5,19.85777778266667,52.5,52.5,52.5,52.5,53.0,-2.619126980714288,0.0174073921428608,0.1170952380952421,17.06933333333333,17.220000000000002,19.799382717380954,17.105920634920636,9.0123625,8.957464,8.96603,8.957464,9.079769,0,0.0,0,1.0,-0.61,12.8,87.2
2022-10-13 01:15:00,54.011450672218,0.0,0.0,19.85777778266667,17.220000000000002,53.0,0,5.1764362714980825,70.66250196097344,1,3,10,0.2588190451025207,0.9659258262890684,0.4338837391175582,-0.900968867902419,-0.8660254037844386,0.5000000000000001,0.0,0.0,0.0,25.375,54.275,100.0,65.25,9.2,8.685549,0.0,15.625,19.836666634,52.767857142857146,52.5,52.5,52.5,53.0,-2.6377777826666677,0.0522222305238102,0.033571428571431,17.18642857142857,17.259999999999998,19.817160498269843,17.158587301587303,9.079769,9.0123625,8.957464,8.96603,9.068537,1,1.0,1,0.75,-0.59,12.4,87.6
2022-10-13 01:30:00,80.436226822224,33.911976766668,33.923365211112,19.836666634,17.259999999999998,53.0,1,5.1764362714980825,70.66250196097344,1,3,10,0.2588190451025207,0.9659258262890684,0.4338837391175582,-0.900968867902419,-0.8660254037844386,0.5000000000000001,0.0,0.0,0.0,25.450000000000003,54.55,100.0,65.5,9.3,8.785108,0.0,15.75,19.92370366133333,53.0,52.767857142857146,52.5,52.5,53.0,-2.576666634000002,-0.0211111486666695,0.0399999999999955,17.220000000000002,17.267999999999997,19.83333332293651,17.22214285714286,9.068537,9.079769,9.0123625,8.957464,9.11492,0,1.0,1,0.75,-0.6,12.5,87.5
2022-10-13 01:45:00,56.829671205554,0.0,0.0,19.92370366133333,17.267999999999997,53.0,0,5.1764362714980825,70.66250196097344,1,3,10,0.2588190451025207,0.9659258262890684,0.4338837391175582,-0.900968867902419,-0.8660254037844386,0.5000000000000001,0.0,0.0,0.0,25.525,54.825,100.0,65.75,9.4,8.885613,0.0,15.875,19.918888872,53.0,53.0,52.767857142857146,52.5,53.0,-2.655703661333334,0.0870370273333307,0.0079999999999991,17.259999999999998,17.19333333333333,19.872716026000003,17.249333333333336,9.11492,9.068537,9.079769,9.0123625,9.112349,1,2.0,1,0.5,-0.58,12.0,88.0
2022-10-13 02:00:00,78.383808905558,32.4178699,32.427869466668,19.918888872,17.19333333333333,53.0,1,5.1764362714980825,70.66250196097344,2,3,10,0.4999999999999999,0.8660254037844387,0.4338837391175582,-0.900968867902419,-0.8660254037844386,0.5000000000000001,0.0,0.0,0.0,25.6,55.1,100.0,66.0,9.5,8.987068,0.0,16.0,19.968888882666665,53.0,53.0,53.0,52.767857142857146,53.0,-2.725555538666669,-0.0048147893333307,-0.0746666666666655,17.267999999999997,17.113999999999997,19.893086389111108,17.240444444444446,9.112349,9.11492,9.068537,9.079769,9.139079,0,2.0,1,0.5,-0.58,12.1,87.9
2022-10-13 02:15:00,60.723959894442,0.0,0.0,19.968888882666665,17.113999999999997,53.0,0,5.1764362714980825,70.66250196097344,2,3,10,0.4999999999999999,0.8660254037844387,0.4338837391175582,-0.900968867902419,-0.8660254037844386,0.5000000000000001,0.0,0.0,0.0,26.075,56.0,100.0,66.25,9.6,9.034749,0.0,16.025,19.97063489714285,53.0,53.0,53.0,53.0,53.23571428571428,-2.854888882666668,0.0500000106666647,-0.0793333333333343,17.19333333333333,17.115714285714287,19.937160472,17.191777777777776,9.139079,9.112349,9.11492,9.068537,9.180664,1,2.0,1,0.5,-0.57,11.8,88.2
2022-10-13 02:30:00,73.917876549998,27.246132344444,27.255854172222,19.97063489714285,17.115714285714287,53.23571428571428,1,5.1764362714980825,70.66250196097344,2,3,10,0.4999999999999999,0.8660254037844387,0.4338837391175582,-0.900968867902419,-0.8660254037844386,0.5000000000000001,0.0,0.0,0.0,26.55,56.900000000000006,100.0,66.5,9.7,9.082552,0.0,16.05,19.940598264615385,53.0,53.0,53.0,53.0,53.5,-2.854920611428568,0.0017460144761898,0.0017142857142893,17.113999999999997,17.063846153846153,19.95280421726984,17.141015873015874,9.180664,9.139079,9.112349,9.11492,9.210023,0,2.0,1,0.5,-0.57,11.7,88.3
2022-10-13 02:45:00,64.274095616666,23.757938544444,23.767660372222,19.940598264615385,17.063846153846153,53.5,1,5.1764362714980825,70.66250196097344,2,3,10,0.4999999999999999,0.8660254037844387,0.4338837391175582,-0.900968867902419,-0.8660254037844386,0.5000000000000001,0.0,0.0,0.0,27.025,57.8,100.0,66.75,9.8,9.130474,0.0,16.075000000000003,19.943333338,53.23571428571428,53.0,53.0,53.0,53.51,-2.876752110769232,-0.0300366325274694,-0.0518681318681331,17.115714285714287,17.076666666666664,19.96004068147497,17.09785347985348,9.210023,9.180664,9.139079,9.112349,9.21322,0,1.0,0,0.75,-0.57,11.9,88.1
2022-10-13 03:00:00,69.993033466668,13.568346127778,13.5761236,19.943333338,17.076666666666664,53.51,1,5.1764362714980825,70.66250196097344,3,3,10,0.7071067811865476,0.7071067811865476,0.4338837391175582,-0.900968867902419,-0.8660254037844386,0.5000000000000001,0.0,0.0,0.0,27.5,58.7,100.0,67.0,9.9,9.178517,0.0,16.1,19.89925926,53.5,53.23571428571428,53.0,53.0,53.906666666666666,-2.866666671333334,0.0027350733846134,0.0128205128205109,17.063846153846153,17.052,19.95152216658608,17.08540903540904,9.21322,9.210023,9.180664,9.139079,9.257578,0,1.0,0,0.75,-0.57,11.8,88.2
2022-10-13 03:15:00,74.212309022228,33.639487683334,33.6519872,19.89925926,17.052,53.906666666666666,1,5.1764362714980825,70.66250196097344,3,3,10,0.7071067811865476,0.7071067811865476,0.4338837391175582,-0.900968867902419,-0.8660254037844386,0.5000000000000001,0.0,0.0,0.0,27.025,58.6,100.0,67.0,10.0,9.206266,0.0,16.150000000000002,19.8611111,53.51,53.5,53.23571428571428,53.0,54.0,-2.8472592600000013,-0.0440740779999977,-0.0246666666666648,17.076666666666664,17.122,19.927730287538463,17.06417094017094,9.257578,9.21322,9.210023,9.180664,9.252893,0,0.0,0,1.0,-0.58,12.0,88.0
2022-10-13 03:30:00,72.607095500004,10.4054171,10.4137501,19.8611111,17.122,54.0,1,5.1764362714980825,70.66250196097344,3,3,10,0.7071067811865476,0.7071067811865476,0.4338837391175582,-0.900968867902419,-0.8660254037844386,0.5000000000000001,0.0,0.0,0.0,26.55,58.5,100.0,67.0,10.1,9.23409,0.0,16.200000000000003,19.833333318666668,53.906666666666666,53.51,53.5,53.23571428571428,54.09333333333333,-2.7391111000000024,-0.0381481599999986,0.0700000000000002,17.052,17.08,19.901234566,17.083555555555552,9.252893,9.257578,9.21322,9.210023,9.253806,0,0.0,0,1.0,-0.59,12.3,87.7
2022-10-13 03:45:00,72.384882305554,31.381244716666,31.392077616666,19.833333318666668,17.08,54.09333333333333,1,5.1764362714980825,70.66250196097344,3,3,10,0.7071067811865476,0.7071067811865476,0.4338837391175582,-0.900968867902419,-0.8660254037844386,0.5000000000000001,0.0,0.0,0.0,26.075000000000003,58.4,100.0,67.0,10.2,9.261987,0.0,16.25,19.833333348,54.0,53.906666666666666,53.51,53.5,54.25,-2.753333318666669,-0.0277777813333344,-0.0420000000000015,17.122,16.98,19.86456789288889,17.084666666666667,9.253806,9.252893,9.257578,9.21322,9.280606,0,0.0,0,1.0,-0.59,12.4,87.6
2022-10-13 04:00:00,63.152196011112,0.0,0.0,19.833333348,16.98,54.25,0,5.1764362714980825,70.66250196097344,4,3,10,0.8660254037844386,0.5000000000000001,0.4338837391175582,-0.900968867902419,-0.8660254037844386,0.5000000000000001,0.0,0.0,0.0,25.6,58.3,100.0,67.0,10.3,9.289956,0.0,16.3,19.86444441733333,54.09333333333333,54.0,53.906666666666666,53.51,54.406666666666666,-2.853333348,2.9333332207670537e-08,-0.0999999999999978,17.08,17.0,19.84259258888889,17.060666666666666,9.280606,9.253806,9.252893,9.257578,9.324399,1,1.0,1,0.75,-0.59,12.4,87.6
2022-10-13 04:15:00,79.04378262222,33.444495516666,33.455328433332,19.86444441733333,17.0,54.406666666666666,1,5.1764362714980825,70.66250196097344,4,3,10,0.8660254037844386,0.5000000000000001,0.4338837391175582,-0.900968867902419,-0.8660254037844386,0.5000000000000001,0.0,0.0,0.0,25.475,57.225,100.0,67.25,10.35,9.352767,0.0,16.35,19.913333316,54.25,54.09333333333333,54.0,53.906666666666666,54.51,-2.8644444173333348,0.0311110693333347,0.0199999999999995,16.98,17.091333333333335,19.84370369466667,17.02,9.324399,9.280606,9.253806,9.252893,9.368914,0,1.0,1,0.75,-0.59,12.2,87.8
2022-10-13 04:30:00,58.397941772222005,0.0,0.0,19.913333316,17.091333333333335,54.51,0,5.1764362714980825,70.66250196097344,4,3,10,0.8660254037844386,0.5000000000000001,0.4338837391175582,-0.900968867902419,-0.8660254037844386,0.5000000000000001,0.0,0.0,0.0,25.35,56.15,100.0,67.5,10.4,9.41586,0.0,16.4,19.85407405733333,54.406666666666666,54.25,54.09333333333333,54.0,54.81333333333334,-2.8219999826666644,0.0488888986666644,0.0913333333333348,17.0,17.173333333333336,19.870370360444443,17.02377777777778,9.368914,9.324399,9.280606,9.253806,9.388386,1,2.0,1,0.5,-0.57,11.9,88.1
2022-10-13 04:45:00,79.085725394442,28.9171766,28.926620655556,19.85407405733333,17.173333333333336,54.81333333333334,1,5.1764362714980825,70.66250196097344,4,3,10,0.8660254037844386,0.5000000000000001,0.4338837391175582,-0.900968867902419,-0.8660254037844386,0.5000000000000001,0.0,0.0,0.0,25.225,55.075,100.0,67.75,10.45,9.479238,0.0,16.45,19.887777788,54.51,54.406666666666666,54.25,54.09333333333333,54.52,-2.680740723999996,-0.0592592586666675,0.0820000000000007,17.091333333333335,17.176,19.877283930222223,17.088222222222225,9.388386,9.368914,9.324399,9.280606,9.356608,0,2.0,1,0.5,-0.59,12.2,87.8
2022-10-13 05:00:00,68.226715305554,18.042333844444,18.052333444444,19.887777788,17.176,54.52,1,5.1764362714980825,70.66250196097344,5,3,10,0.9659258262890684,0.2588190451025207,0.4338837391175582,-0.900968867902419,-0.8660254037844386,0.5000000000000001,0.0,0.0,0.0,25.1,54.0,100.0,68.0,10.5,9.542901,0.0,16.5,19.89925926,54.81333333333334,54.51,54.406666666666666,54.25,54.81333333333334,-2.7117777880000027,0.0337037306666694,0.0026666666666628,17.173333333333336,17.17866666666667,19.885061720444444,17.146888888888892,9.356608,9.388386,9.368914,9.324399,9.413281,0,1.0,0,0.75,-0.58,12.0,88.0
2022-10-13 05:15:00,76.977754166664,28.537469588888,28.548302538886,19.89925926,17.17866666666667,54.81333333333334,1,5.1764362714980825,70.66250196097344,5,3,10,0.9659258262890684,0.2588190451025207,0.4338837391175582,-0.900968867902419,-0.8660254037844386,0.5000000000000001,0.0,0.0,0.0,25.35,54.175,100.0,68.5,10.575,9.569756,0.025,16.425,19.914444428000003,54.52,54.81333333333334,54.51,54.406666666666666,54.76,-2.7205925933333326,0.0114814719999998,0.0026666666666699,17.176,17.3,19.88037036844445,17.176000000000002,9.413281,9.356608,9.388386,9.368914,9.412496,0,1.0,0,0.75,-0.57,11.9,88.1
2022-10-13 05:30:00,66.980376194446,12.239232627778,12.248121172222,19.914444428000003,17.3,54.76,1,5.1764362714980825,70.66250196097344,5,3,10,0.9659258262890684,0.2588190451025207,0.4338837391175582,-0.900968867902419,-0.8660254037844386,0.5000000000000001,0.0,0.0,0.0,25.6,54.35,100.0,69.0,10.65,9.596148,0.05,16.35,19.86444441733333,54.81333333333334,54.52,54.81333333333334,54.51,55.09333333333333,-2.6144444280000023,0.0151851680000021,0.1213333333333324,17.17866666666667,17.382,19.90049382533333,17.218222222222224,9.412496,9.413281,9.356608,9.388386,9.442082,0,0.0,0,1.0,-0.57,11.8,88.2
2022-10-13 05:45:00,110.032820727778,27.323629277776,27.331406766664,19.86444441733333,17.382,55.09333333333333,1,5.1764362714980825,70.66250196097344,5,3,10,0.9659258262890684,0.2588190451025207,0.4338837391175582,-0.900968867902419,-0.8660254037844386,0.5000000000000001,0.0,0.0,0.0,25.85,54.525000000000006,100.0,69.5,10.725,9.622079,0.075,16.275,19.912222206000003,54.76,54.81333333333334,54.52,54.81333333333334,55.74,-2.4824444173333333,-0.0500000106666682,0.0820000000000007,17.3,17.403333333333332,19.892716035111118,17.286888888888893,9.442082,9.412496,9.413281,9.356608,9.579696,0,0.0,0,1.0,-0.58,12.1,87.9
2022-10-13 06:00:00,107.90957227778,0.0,0.0,19.912222206000003,17.403333333333332,55.74,0,5.1764362714980825,70.66250196097344,6,3,10,1.0,6.123233995736766e-17,0.4338837391175582,-0.900968867902419,-0.8660254037844386,0.5000000000000001,0.0,0.0,0.0,26.1,54.7,100.0,70.0,10.8,9.647557,0.1,16.2,19.78814816,55.09333333333333,54.76,54.81333333333334,54.52,56.09333333333333,-2.5088888726666703,0.0477777886666679,0.0213333333333309,17.382,17.481333333333335,19.897037017111117,17.361777777777778,9.579696,9.442082,9.412496,9.413281,9.570553,1,1.0,1,0.75,-0.57,11.7,88.3
2022-10-13 06:15:00,417.114981350002,30.143794183334,30.15323823889,19.78814816,17.481333333333335,56.09333333333333,1,5.1764362714980825,70.66250196097344,6,3,10,1.0,6.123233995736766e-17,0.4338837391175582,-0.900968867902419,-0.8660254037844386,0.5000000000000001,0.0,0.0,0.0,25.950000000000003,54.875,100.0,69.75,10.825,9.671259,0.075,16.3,19.777777752,55.74,55.09333333333333,54.76,54.81333333333334,56.49,-2.3068148266666637,-0.124074046000004,0.0780000000000029,17.403333333333332,17.512,19.854938261111112,17.422222222222224,9.570553,9.579696,9.442082,9.412496,9.632372,0,1.0,1,0.75,-0.59,12.4,87.6
2022-10-13 06:30:00,146.535527194446,0.0,0.0,19.777777752,17.512,56.49,0,5.1764362714980825,70.66250196097344,6,3,10,1.0,6.123233995736766e-17,0.4338837391175582,-0.900968867902419,-0.8660254037844386,0.5000000000000001,0.0,0.0,0.0,25.8,55.05,100.0,69.5,10.85,9.694849,0.05,16.4,19.79851852,56.09333333333333,55.74,55.09333333333333,54.76,56.5,-2.2657777520000018,-0.0103704079999964,0.030666666666665,17.481333333333335,17.555333333333333,19.82604937266667,17.465555555555557,9.632372,9.570553,9.579696,9.442082,9.6458025,1,2.0,1,0.5,-0.59,12.4,87.6
2022-10-13 06:45:00,165.91280772222,31.059035372222,31.066257349998,19.79851852,17.555333333333333,56.5,1,5.1764362714980825,70.66250196097344,6,3,10,1.0,6.123233995736766e-17,0.4338837391175582,-0.900968867902419,-0.8660254037844386,0.5000000000000001,0.0,0.0,0.0,25.65,55.225,100.0,69.25,10.875,9.718322,0.0249999999999999,16.5,19.83222219,56.49,56.09333333333333,55.74,55.09333333333333,56.75,-2.2431851866666683,0.0207407679999995,0.043333333333333,17.512,17.569999999999997,19.788148144,17.516222222222225,9.6458025,9.632372,9.570553,9.579696,9.707651,0,2.0,1,0.5,-0.59,12.3,87.7
2022-10-13 07:00:00,63.301634649994,10.699849772222,10.708460544444,19.83222219,17.569999999999997,56.75,1,5.1764362714980825,70.66250196097344,7,3,10,0.9659258262890684,-0.2588190451025206,0.4338837391175582,-0.900968867902419,-0.8660254037844386,0.5000000000000001,0.0,0.0,0.0,25.5,55.4,100.0,69.0,10.9,9.74168,0.0,16.6,19.843703678666667,56.5,56.49,56.09333333333333,55.74,57.18666666666666,-2.262222190000003,0.0337036699999977,0.0146666666666632,17.555333333333333,17.544666666666668,19.802839487333333,17.545777777777776,9.707651,9.6458025,9.632372,9.570553,9.788935,0,1.0,0,0.75,-0.58,12.0,88.0
2022-10-13 07:15:00,93.149607133336,23.982929511112,23.992095844444,19.843703678666667,17.544666666666668,57.18666666666666,1,5.1764362714980825,70.66250196097344,7,3,10,0.9659258262890684,-0.2588190451025206,0.4338837391175582,-0.900968867902419,-0.8660254037844386,0.5000000000000001,3.0,0.75,0.25,25.95,55.775,100.0,69.0,11.025,9.815164,0.0,16.725,19.832222238,56.75,56.5,56.49,56.09333333333333,58.49,-2.2990370119999994,0.0114814886666678,-0.0253333333333287,17.569999999999997,17.08133333333333,19.824814796222224,17.55666666666667,9.788935,9.707651,9.6458025,9.632372,10.005297,0,1.0,0,0.75,-0.57,11.9,88.1
2022-10-13 07:30:00,64.290483811112,0.0,0.0,19.832222238,17.08133333333333,58.49,0,5.1764362714980825,70.66250196097344,7,3,10,0.9659258262890684,-0.2588190451025206,0.4338837391175582,-0.900968867902419,-0.8660254037844386,0.5000000000000001,6.0,2.25,0.75,26.4,56.15,100.0,69.0,11.15,9.889125,0.0,16.85,19.78814816,57.18666666666666,56.75,56.5,56.49,59.5,-2.7508889046666702,-0.0114814406666674,-0.4633333333333382,17.544666666666668,16.672,19.83604936888889,17.398666666666667,10.005297,9.788935,9.707651,9.6458025,10.151794,1,1.0,1,0.75,-0.57,11.8,88.2
2022-10-13 07:45:00,96.188652283334,33.525047844444,33.536436305554,19.78814816,16.672,59.5,1,5.1764362714980825,70.66250196097344,7,3,10,0.9659258262890684,-0.2588190451025206,0.4338837391175582,-0.900968867902419,-0.8660254037844386,0.5000000000000001,9.0,4.5,1.5,26.85,56.525,100.0,69.0,11.275,9.963573,0.0,16.975,19.83111108,58.49,57.18666666666666,56.75,56.5,60.24,-3.116148159999998,-0.0440740780000012,-0.4093333333333291,17.08133333333333,16.820666666666668,19.821358025555558,17.099333333333334,10.151794,10.005297,9.788935,9.707651,10.30398,0,1.0,1,0.75,-0.58,11.9,88.1
2022-10-13 08:00:00,57.287986288884,0.0,0.0,19.83111108,16.820666666666668,60.24,0,5.1764362714980825,70.66250196097344,8,3,10,0.8660254037844387,-0.4999999999999998,0.4338837391175582,-0.900968867902419,-0.8660254037844386,0.5000000000000001,12.0,7.5,2.5,27.3,56.9,100.0,69.0,11.4,10.038505,0.0,17.1,19.808888898666662,59.5,58.49,57.18666666666666,56.75,60.5,-3.010444413333328,0.0429629199999972,0.1486666666666671,16.672,17.004,19.817160492666662,16.858,10.30398,10.151794,10.005297,9.788935,10.334973,1,2.0,1,0.5,-0.56,11.6,88.4
2022-10-13 08:15:00,79.694867544448,29.481042944444,29.491598055556,19.808888898666662,17.004,60.5,1,5.1764362714980825,70.66250196097344,8,3,10,0.8660254037844387,-0.4999999999999998,0.4338837391175582,-0.900968867902419,-0.8660254037844386,0.5000000000000001,36.5,15.875,5.541666666666667,27.475,58.075,99.25,69.0,11.575,10.144232,0.0,17.275000000000002,19.914444428000003,60.24,59.5,58.49,57.18666666666666,60.5,-2.8048888986666647,-0.0222221813333298,0.1833333333333335,16.820666666666668,17.322,19.809382712888887,16.832222222222224,10.334973,10.30398,10.151794,10.005297,10.399124,0,2.0,1,0.5,-0.56,11.7,88.3
2022-10-13 08:30:00,61.397821788888,0.0,0.0,19.914444428000003,17.322,60.5,0,5.1764362714980825,70.66250196097344,8,3,10,0.8660254037844387,-0.4999999999999998,0.4338837391175582,-0.900968867902419,-0.8660254037844386,0.5000000000000001,61.0,29.625,10.625,27.65,59.25,98.5,69.0,11.75,10.250924,0.0,17.450000000000003,19.954814778666663,60.5,60.24,59.5,58.49,60.59333333333333,-2.592444428000004,0.105555529333337,0.3179999999999978,17.004,17.630666666666666,19.85148146888889,17.048888888888893,10.399124,10.334973,10.30398,10.151794,10.439833,1,2.0,1,0.5,-0.54,11.1,88.9
2022-10-13 08:45:00,78.601022516666,26.9139234,26.925589649998,19.954814778666663,17.630666666666666,60.59333333333333,1,5.1764362714980825,70.66250196097344,8,3,10,0.8660254037844387,-0.4999999999999998,0.4338837391175582,-0.900968867902419,-0.8660254037844386,0.5000000000000001,85.5,48.75,17.75,27.825,60.425,97.75,69.0,11.925,10.358588,0.0,17.625,19.968888866,60.5,60.5,60.24,59.5,61.49,-2.324148112,0.040370350666663,0.3086666666666673,17.322,17.887333333333334,19.89271603511111,17.31888888888889,10.439833,10.399124,10.334973,10.30398,10.603057,0,2.0,1,0.5,-0.53,10.9,89.1
2022-10-13 09:00:00,58.52154787778,0.0,0.0,19.968888866,17.887333333333334,61.49,0,5.1764362714980825,70.66250196097344,9,3,10,0.7071067811865476,-0.7071067811865475,0.4338837391175582,-0.900968867902419,-0.8660254037844386,0.5000000000000001,110.0,73.25,26.916666666666668,28.0,61.6,97.0,69.0,12.1,10.467235,0.0,17.8,19.86444441733333,60.59333333333333,60.5,60.5,60.24,62.09333333333333,-2.081555532666666,0.0140740873333342,0.2566666666666677,17.630666666666666,18.106,19.946049357555555,17.613333333333333,10.603057,10.439833,10.399124,10.334973,10.6417675,1,2.0,1,0.5,-0.52,10.7,89.3
2022-10-13 09:15:00,76.79387262222,22.798810227778,22.808532072222,19.86444441733333,18.106,62.09333333333333,1,5.1764362714980825,70.66250196097344,9,3,10,0.7071067811865476,-0.7071067811865475,0.4338837391175582,-0.900968867902419,-0.8660254037844386,0.5000000000000001,129.75,96.5625,37.72916666666666,27.3,60.15,97.75,69.0,12.25,10.592607,0.0,18.0,19.833333348,61.49,60.59333333333333,60.5,60.5,62.49,-1.758444417333337,-0.1044444486666655,0.2186666666666639,17.887333333333334,18.184666666666665,19.929382687333334,17.874666666666666,10.6417675,10.603057,10.439833,10.399124,10.690232,0,2.0,1,0.5,-0.54,11.2,88.8
2022-10-13 09:30:00,64.79213046110999,22.1724464,22.183001544444,19.833333348,18.184666666666665,62.49,1,5.1764362714980825,70.66250196097344,9,3,10,0.7071067811865476,-0.7071067811865475,0.4338837391175582,-0.900968867902419,-0.8660254037844386,0.5000000000000001,149.5,118.6875,50.1875,26.6,58.7,98.5,69.0,12.4,10.71928,0.0,18.200000000000003,19.833333318666668,62.09333333333333,61.49,60.59333333333333,60.5,62.5,-1.648666681333335,-0.0311110693333347,0.0786666666666668,18.106,18.30666666666667,19.88888887711111,18.05933333333333,10.690232,10.6417675,10.603057,10.439833,10.691942,0,1.0,0,0.75,-0.55,11.3,88.7
2022-10-13 09:45:00,63.715784716662,0.0,0.0,19.833333318666668,18.30666666666667,62.5,0,5.1764362714980825,70.66250196097344,9,3,10,0.7071067811865476,-0.7071067811865475,0.4338837391175582,-0.900968867902419,-0.8660254037844386,0.5000000000000001,169.25,139.625,64.29166666666667,25.9,57.25,99.25,69.0,12.55,10.847266,0.0,18.4,19.888888898,62.49,62.09333333333333,61.49,60.59333333333333,62.75,-1.5266666519999994,-2.9333332207670537e-08,0.1220000000000034,18.184666666666665,18.38266666666667,19.84370369466667,18.19911111111111,10.691942,10.690232,10.6417675,10.603057,10.769727,1,2.0,1,0.5,-0.55,11.3,88.7
2022-10-13 10:00:00,70.111084394442,25.943684444444,25.955072888888,19.888888898,18.38266666666667,62.75,1,5.1764362714980825,70.66250196097344,10,3,10,0.4999999999999999,-0.8660254037844387,0.4338837391175582,-0.900968867902419,-0.8660254037844386,0.5000000000000001,189.0,159.375,80.04166666666667,25.2,55.8,100.0,69.0,12.7,10.976576,0.0,18.6,19.93407404,62.5,62.49,62.09333333333333,61.49,63.09333333333333,-1.5062222313333322,0.0555555793333333,0.0760000000000005,18.30666666666667,18.423333333333336,19.85185185488889,18.291333333333338,10.769727,10.691942,10.690232,10.6417675,10.857364,0,1.0,1,0.75,-0.53,10.9,89.1
2022-10-13 10:15:00,56.85966993889,0.0,0.0,19.93407404,18.423333333333336,63.09333333333333,0,5.1764362714980825,70.66250196097344,10,3,10,0.4999999999999999,-0.8660254037844387,0.4338837391175582,-0.900968867902419,-0.8660254037844386,0.5000000000000001,189.25,174.25,95.5625,25.55,57.05,100.0,71.75,13.025,11.212872,0.625,18.3,19.91777776,62.75,62.5,62.49,62.09333333333333,63.5,-1.5107407066666632,0.0451851419999975,0.0406666666666666,18.38266666666667,18.468666666666667,19.885432085555557,18.37088888888889,10.857364,10.769727,10.691942,10.690232,10.916913,1,2.0,1,0.5,-0.52,10.7,89.3
2022-10-13 10:30:00,84.1099688,26.173119683334,26.182841511112,19.91777776,18.468666666666667,63.5,1,5.1764362714980825,70.66250196097344,10,3,10,0.4999999999999999,-0.8660254037844387,0.4338837391175582,-0.900968867902419,-0.8660254037844386,0.5000000000000001,189.5,184.25,110.85416666666669,25.9,58.3,100.0,74.5,13.35,11.436945,1.25,18.0,19.93407404,63.09333333333333,62.75,62.5,62.49,64.0,-1.4491110933333324,-0.0162962799999988,0.0453333333333318,18.423333333333336,18.71933333333333,19.913580232666664,18.42488888888889,10.916913,10.857364,10.769727,10.691942,11.013387,0,2.0,1,0.5,-0.52,10.7,89.3
2022-10-13 10:45:00,45.828166916662,0.0,0.0,19.93407404,18.71933333333333,64.0,0,5.1764362714980825,70.66250196097344,10,3,10,0.4999999999999999,-0.8660254037844387,0.4338837391175582,-0.900968867902419,-0.8660254037844386,0.5000000000000001,189.75,189.375,125.91666666666669,26.25,59.55,100.0,77.25,13.675,11.649108,1.875,17.7,19.916666650000003,63.5,63.09333333333333,62.75,62.5,64.51,-1.2147407066666638,0.0162962799999988,0.2506666666666675,18.468666666666667,18.674666666666667,19.928641946666666,18.53711111111112,11.013387,10.916913,10.857364,10.769727,11.089832,1,2.0,1,0.5,-0.51,10.5,89.5
2022-10-13 11:00:00,88.441184561106,25.162326833332,25.171493133332,19.916666650000003,18.674666666666667,64.51,1,5.1764362714980825,70.66250196097344,11,3,10,0.258819045102521,-0.9659258262890682,0.4338837391175582,-0.900968867902419,-0.8660254037844386,0.5000000000000001,190.0,189.625,140.75,26.6,60.8,100.0,80.0,14.0,11.849673,2.5,17.4,19.85777778266667,64.0,63.5,63.09333333333333,62.75,65.59333333333333,-1.2419999833333364,-0.0174073899999953,-0.0446666666666679,18.71933333333333,17.981333333333335,19.92283948333333,18.62088888888889,11.089832,11.013387,10.916913,10.857364,11.237214,0,2.0,1,0.5,-0.52,10.6,89.4
2022-10-13 11:15:00,65.02517672222,12.232566227778,12.240621488888,19.85777778266667,17.981333333333335,65.59333333333333,1,5.1764362714980825,70.66250196097344,11,3,10,0.258819045102521,-0.9659258262890682,0.4338837391175582,-0.900968867902419,-0.8660254037844386,0.5000000000000001,180.5,187.4375,152.75,27.075,61.075,100.0,82.75,14.15,12.020913,2.275,17.075,19.723333312,64.51,64.0,63.5,63.09333333333333,67.24,-1.8764444493333343,-0.0588888673333336,-0.6933333333333316,18.674666666666667,17.676,19.90283949088889,18.45844444444445,11.237214,11.089832,11.013387,10.916913,11.428836,0,1.0,0,0.75,-0.52,10.8,89.2
2022-10-13 11:30:00,75.923907405554,27.113359855556,27.124470511112,19.723333312,17.676,67.24,1,5.1764362714980825,70.66250196097344,11,3,10,0.258819045102521,-0.9659258262890682,0.4338837391175582,-0.900968867902419,-0.8660254037844386,0.5000000000000001,171.0,182.8125,161.91666666666666,27.55,61.35,100.0,85.5,14.3,12.180549,2.05,16.75,19.621481478666663,65.59333333333333,64.51,64.0,63.5,68.31333333333333,-2.047333312000003,-0.1344444706666685,-0.305333333333337,17.981333333333335,17.359333333333332,19.83259258155556,18.11066666666667,11.428836,11.237214,11.089832,11.013387,11.542047,0,1.0,0,0.75,-0.55,11.3,88.7
2022-10-13 11:45:00,76.25000546111,25.747025644444,25.758691877776,19.621481478666663,17.359333333333332,68.31333333333333,1,5.1764362714980825,70.66250196097344,11,3,10,0.258819045102521,-0.9659258262890682,0.4338837391175582,-0.900968867902419,-0.8660254037844386,0.5000000000000001,161.5,175.75,168.25,28.025,61.625,100.0,88.25,14.45,12.328919,1.825,16.425,19.58333335,67.24,65.59333333333333,64.51,64.0,68.51,-2.2621481453333345,-0.1018518333333347,-0.3166666666666664,17.676,17.332666666666668,19.734197524444443,17.67222222222222,11.542047,11.428836,11.237214,11.089832,11.549366,0,0.0,0,1.0,-0.57,11.7,88.3
2022-10-13 12:00:00,62.426947272222,13.378909255556,13.388908822224,19.58333335,17.332666666666668,68.51,1,5.1764362714980825,70.66250196097344,12,3,10,1.2246467991473532e-16,-1.0,0.4338837391175582,-0.900968867902419,-0.8660254037844386,0.5000000000000001,152.0,166.25,171.75,28.5,61.9,100.0,91.0,14.6,12.466345,1.6,16.1,19.555555581333333,68.31333333333333,67.24,65.59333333333333,64.51,68.90666666666667,-2.2506666833333284,-0.0381481286666698,-0.0266666666666637,17.359333333333332,17.25133333333333,19.64271604688889,17.456,11.549366,11.542047,11.428836,11.237214,11.597295,0,0.0,0,1.0,-0.57,11.9,88.1
2022-10-13 12:15:00,86.350434811108,41.215851316666,41.22807306111,19.555555581333333,17.25133333333333,68.90666666666667,1,5.1764362714980825,70.66250196097344,12,3,10,1.2246467991473532e-16,-1.0,0.4338837391175582,-0.900968867902419,-0.8660254037844386,0.5000000000000001,132.75,154.3125,172.0,28.15,61.275,100.0,91.0,14.55,12.409995,1.825,16.025000000000002,19.55444444,68.51,68.31333333333333,67.24,65.59333333333333,69.0,-2.304222248000002,-0.0277777686666631,-0.0813333333333368,17.332666666666668,17.311333333333334,19.586790136666664,17.314444444444444,11.597295,11.549366,11.542047,11.428836,11.612245,0,0.0,0,1.0,-0.58,12.0,88.0
2022-10-13 12:30:00,62.62693940555,0.0,0.0,19.55444444,17.311333333333334,69.0,0,5.1764362714980825,70.66250196097344,12,3,10,1.2246467991473532e-16,-1.0,0.4338837391175582,-0.900968867902419,-0.8660254037844386,0.5000000000000001,113.5,139.9375,169.0,27.8,60.65,100.0,91.0,14.5,12.353866,2.0500000000000003,15.95,19.54148147733333,68.90666666666667,68.51,68.31333333333333,67.24,69.09333333333333,-2.243111106666668,-0.0011111413333324,0.0600000000000022,17.25133333333333,17.286666666666665,19.56444445711111,17.298444444444446,11.612245,11.597295,11.549366,11.542047,11.619095,1,1.0,1,0.75,-0.58,12.0,88.0
2022-10-13 12:45:00,77.49245572777801,34.949713072222,34.96165706111,19.54148147733333,17.286666666666665,69.09333333333333,1,5.1764362714980825,70.66250196097344,12,3,10,1.2246467991473532e-16,-1.0,0.4338837391175582,-0.900968867902419,-0.8660254037844386,0.5000000000000001,94.25,123.125,162.75,27.450000000000003,60.025,100.0,91.0,14.45,12.297958,2.275,15.875000000000002,19.607777768,69.0,68.90666666666667,68.51,68.31333333333333,69.74,-2.254814810666666,-0.0129629626666698,-0.0246666666666683,17.311333333333334,17.46333333333333,19.55049383288889,17.28311111111111,11.619095,11.612245,11.597295,11.549366,11.773612,0,1.0,1,0.75,-0.58,12.1,87.9
2022-10-13 13:00:00,59.548173594442,0.0,0.0,19.607777768,17.46333333333333,69.74,0,5.1764362714980825,70.66250196097344,13,3,10,-0.2588190451025208,-0.9659258262890684,0.4338837391175582,-0.900968867902419,-0.8660254037844386,0.5000000000000001,75.0,103.875,153.25,27.1,59.4,100.0,91.0,14.4,12.242273,2.5,15.8,19.586666698666665,69.09333333333333,69.0,68.90666666666667,68.51,69.90666666666667,-2.144444434666667,0.066296290666667,0.1766666666666658,17.286666666666665,17.672000000000004,19.56790122844444,17.353777777777776,11.773612,11.619095,11.612245,11.597295,11.787126,1,2.0,1,0.5,-0.56,11.6,88.4
2022-10-13 13:15:00,78.269369000004,34.295572555556,34.307238755556,19.586666698666665,17.672000000000004,69.90666666666667,1,5.1764362714980825,70.66250196097344,13,3,10,-0.2588190451025208,-0.9659258262890684,0.4338837391175582,-0.900968867902419,-0.8660254037844386,0.5000000000000001,115.25,99.5,147.08333333333334,26.025,58.5,99.75,88.0,14.4,12.2385645,1.875,16.35,19.660000032000003,69.74,69.09333333333333,69.0,68.90666666666667,68.94,-1.914666698666661,-0.0211110693333331,0.208666666666673,17.46333333333333,14.29,19.57864198133333,17.474,11.787126,11.773612,11.619095,11.612245,11.674303,0,2.0,1,0.5,-0.57,11.7,88.3
2022-10-13 13:30:00,57.638249994442,0.0,0.0,19.660000032000003,14.29,68.94,0,5.1764362714980825,70.66250196097344,13,3,10,-0.2588190451025208,-0.9659258262890684,0.4338837391175582,-0.900968867902419,-0.8660254037844386,0.5000000000000001,155.5,110.0,144.25,24.950000000000003,57.6,99.5,85.0,14.4,12.218872,1.25,16.9,19.46518515733333,69.90666666666667,69.74,69.09333333333333,69.0,65.28,-5.370000032000004,0.0733333333333376,-3.382000000000005,17.672000000000004,11.733333333333333,19.618148166222223,16.47511111111111,11.674303,11.787126,11.773612,11.619095,10.9286995,1,2.0,1,0.5,-0.55,11.4,88.6
2022-10-13 13:45:00,110.251422983338,59.743443466668,59.7576096,19.46518515733333,11.733333333333333,65.28,1,5.1764362714980825,70.66250196097344,13,3,10,-0.2588190451025208,-0.9659258262890684,0.4338837391175582,-0.900968867902419,-0.8660254037844386,0.5000000000000001,195.75,135.375,144.75,23.875,56.7,99.25,82.0,14.4,12.182258,0.625,17.45,19.418888872,68.94,69.90666666666667,69.74,69.09333333333333,62.26,-7.731851824000001,-0.1948148746666689,-2.556666666666666,14.29,11.34,19.570617296,14.565111111111111,10.9286995,11.674303,11.787126,11.773612,10.394771,0,2.0,1,0.5,-0.62,13.1,86.9
2022-10-13 14:00:00,109.352014644444,64.666024372222,64.680746066664,19.418888872,11.34,62.26,1,5.1764362714980825,70.66250196097344,14,3,10,-0.4999999999999997,-0.8660254037844388,0.4338837391175582,-0.900968867902419,-0.8660254037844386,0.5000000000000001,236.0,175.625,148.58333333333334,22.8,55.8,99.0,79.0,14.4,12.127767,0.0,18.0,19.48962962133333,65.28,68.94,69.90666666666667,69.74,60.18666666666666,-8.078888872,-0.0462962853333337,-0.3933333333333326,11.733333333333333,11.488,19.514691353777778,12.454444444444446,10.394771,10.9286995,11.674303,11.787126,10.090503,0,1.0,0,0.75,-0.65,13.8,86.2
2022-10-13 14:15:00,109.098691477776,54.8719717,54.885304516666,19.48962962133333,11.488,60.18666666666666,1,5.1764362714980825,70.66250196097344,14,3,10,-0.4999999999999997,-0.8660254037844388,0.4338837391175582,-0.900968867902419,-0.8660254037844386,0.5000000000000001,253.5,210.1875,154.66666666666666,20.35,54.175,99.25,84.0,14.675,12.442157,0.8249999999999998,17.4,19.445555512,62.26,65.28,68.94,69.90666666666667,59.25,-8.001629621333333,0.070740749333332,0.1479999999999997,11.34,11.598666666666666,19.45790121688889,11.520444444444443,10.090503,10.394771,10.9286995,11.674303,9.907757,0,1.0,0,0.75,-0.64,13.7,86.3
2022-10-13 14:30:00,99.420467388892,55.204180611112,55.218902288888,19.445555512,11.598666666666666,59.25,1,5.1764362714980825,70.66250196097344,14,3,10,-0.4999999999999997,-0.8660254037844388,0.4338837391175582,-0.900968867902419,-0.8660254037844386,0.5000000000000001,271.0,239.0625,163.0,17.9,52.55,99.5,89.0,14.95,12.717306,1.6499999999999997,16.8,19.43407404,60.18666666666666,62.26,65.28,68.94,58.5,-7.846888845333332,-0.0440741093333336,0.1106666666666669,11.488,11.766,19.451358001777777,11.475555555555555,9.907757,10.090503,10.394771,10.9286995,9.775737,0,0.0,0,1.0,-0.66,14.1,85.9
2022-10-13 14:45:00,106.878780294442,57.521865683334,57.53658736111,19.43407404,11.766,58.5,1,5.1764362714980825,70.66250196097344,14,3,10,-0.4999999999999997,-0.8660254037844388,0.4338837391175582,-0.900968867902419,-0.8660254037844386,0.5000000000000001,288.5,262.25,173.58333333333334,15.45,50.925,99.75,94.0,15.225,12.955291,2.475,16.2,19.450000004,59.25,60.18666666666666,62.26,65.28,58.0,-7.668074039999999,-0.0114814719999998,0.1673333333333335,11.598666666666666,11.882,19.456419724444444,11.617555555555557,9.775737,9.907757,10.090503,10.394771,9.701265,0,0.0,0,1.0,-0.67,14.3,85.7
2022-10-13 15:00:00,163.13069684444,56.938000155556,56.988831472222,19.450000004,11.882,58.0,1,5.1764362714980825,70.66250196097344,15,3,10,-0.7071067811865471,-0.7071067811865479,0.4338837391175582,-0.900968867902419,-0.8660254037844386,0.5000000000000001,306.0,279.75,186.41666666666663,13.0,49.3,100.0,99.0,15.5,13.158119,3.3,15.6,19.701481461333334,58.5,59.25,60.18666666666666,62.26,57.5,-7.568000004,0.0159259640000009,0.1159999999999996,11.766,12.174666666666669,19.443209852,11.74888888888889,9.701265,9.775737,9.907757,10.090503,9.760794,0,0.0,0,1.0,-0.66,14.3,85.7
2022-10-13 15:15:00,178.591189466664,57.479645188888,57.543531549998,19.701481461333334,12.174666666666669,57.5,1,5.1764362714980825,70.66250196097344,15,3,10,-0.7071067811865471,-0.7071067811865479,0.4338837391175582,-0.900968867902419,-0.8660254037844386,0.5000000000000001,240.0,276.375,195.35416666666663,11.35,44.075,100.0,99.0,14.625,12.495019,4.375,14.75,19.857777766,58.0,58.5,59.25,60.18666666666666,57.01,-7.526814794666667,0.2514814573333339,0.2926666666666673,11.882,12.038666666666668,19.52851850177778,11.94088888888889,9.760794,9.701265,9.775737,9.907757,9.766748,0,0.0,0,1.0,-0.61,12.7,87.3
2022-10-13 15:30:00,149.84650598333,30.153238288888,30.209069405554,19.857777766,12.038666666666668,57.01,1,5.1764362714980825,70.66250196097344,15,3,10,-0.7071067811865471,-0.7071067811865479,0.4338837391175582,-0.900968867902419,-0.8660254037844386,0.5000000000000001,174.0,252.125,200.39583333333331,9.7,38.85,100.0,99.0,13.75,11.861155,5.449999999999999,13.9,19.85407405733333,57.5,58.0,58.5,59.25,57.0,-7.819111099333334,0.1562963046666681,-0.1359999999999992,12.174666666666669,12.19,19.66975307711111,12.031777777777778,9.766748,9.760794,9.701265,9.775737,9.7629175,0,0.0,0,1.0,-0.57,11.9,88.1
2022-10-13 15:45:00,168.398263816666,54.529763188888,54.585316549998,19.85407405733333,12.19,57.0,1,5.1764362714980825,70.66250196097344,15,3,10,-0.7071067811865471,-0.7071067811865479,0.4338837391175582,-0.900968867902419,-0.8660254037844386,0.5000000000000001,108.0,207.0,201.54166666666663,8.05,33.625,100.0,99.0,12.875,11.255441,6.525,13.05,19.88786739372581,57.01,57.5,58.0,58.5,56.99798387096774,-7.664074057333332,-0.00370370866667,0.1513333333333317,12.038666666666668,12.371999999999998,19.804444428222222,12.134444444444446,9.7629175,9.766748,9.760794,9.701265,9.781928,0,0.0,0,1.0,-0.57,11.9,88.1
2022-10-13 16:00:00,105.547166877776,56.487740416666,56.500239916666,19.88786739372581,12.371999999999998,56.99798387096774,1,5.1764362714980825,70.66250196097344,16,3,10,-0.8660254037844385,-0.5000000000000004,0.4338837391175582,-0.900968867902419,-0.8660254037844386,0.5000000000000001,42.0,141.0,198.79166666666663,6.4,28.4,100.0,99.0,12.0,10.676821,7.6,12.2,19.89336918629033,57.0,57.01,57.5,58.0,56.899193548387096,-7.515867393725808,0.033793336392474,0.1819999999999986,12.19,12.604,19.866573072353045,12.200222222222225,9.781928,9.7629175,9.766748,9.760794,9.768122,0,0.0,0,1.0,-0.57,11.7,88.3
2022-10-13 16:15:00,492.24836494444,55.090851827778,55.10501796111,19.89336918629033,12.604,56.899193548387096,1,5.1764362714980825,70.66250196097344,16,3,10,-0.8660254037844385,-0.5000000000000004,0.4338837391175582,-0.900968867902419,-0.8660254037844386,0.5000000000000001,36.25,90.0625,192.20833333333331,6.4750000000000005,24.35,98.75,99.0,11.925,10.610481,6.725,12.1,19.9000896157258,56.99798387096774,57.0,57.01,57.5,56.74798387096774,-7.289369186290331,0.0055017925645266,0.2320000000000028,12.371999999999998,12.48,19.87843687911649,12.388666666666666,9.768122,9.781928,9.7629175,9.766748,9.746002,0,0.0,0,1.0,-0.56,11.7,88.3
2022-10-13 16:30:00,100.040998249998,55.6411076,55.65416266111,19.9000896157258,12.48,56.74798387096774,1,5.1764362714980825,70.66250196097344,16,3,10,-0.8660254037844385,-0.5000000000000004,0.4338837391175582,-0.900968867902419,-0.8660254037844386,0.5000000000000001,30.5,54.1875,181.79166666666663,6.550000000000001,20.3,97.5,99.0,11.85,10.544501,5.85,12.0,19.9068100451613,56.899193548387096,56.99798387096774,57.0,57.01,56.59677419354839,-7.420089615725802,0.0067204294354681,-0.1240000000000023,12.604,12.439333333333334,19.893775398580647,12.485333333333337,9.746002,9.768122,9.781928,9.7629175,9.723863,0,0.0,0,1.0,-0.56,11.7,88.3
2022-10-13 16:45:00,119.174677222224,56.462185872222,56.475240916666,19.9068100451613,12.439333333333334,56.59677419354839,1,5.1764362714980825,70.66250196097344,16,3,10,-0.8660254037844385,-0.5000000000000004,0.4338837391175582,-0.900968867902419,-0.8660254037844386,0.5000000000000001,24.75,33.375,167.54166666666666,6.625,16.25,96.25,99.0,11.775,10.478878,4.975,11.9,19.913530474596765,56.74798387096774,56.899193548387096,56.99798387096774,57.0,56.44556451612903,-7.467476711827967,0.0067204294355001,-0.0406666666666648,12.48,12.546666666666663,19.90008961572581,12.507777777777775,9.723863,9.746002,9.768122,9.781928,9.7017,0,0.0,0,1.0,-0.56,11.6,88.4
2022-10-13 17:00:00,102.514232633332,56.7377304,56.751340988888,19.913530474596765,12.546666666666663,56.44556451612903,1,5.1764362714980825,70.66250196097344,17,3,10,-0.9659258262890684,-0.2588190451025206,0.4338837391175582,-0.900968867902419,-0.8660254037844386,0.5000000000000001,19.0,27.625,149.45833333333334,6.7,12.2,95.0,99.0,11.7,10.413611,4.1,11.8,19.92025090403227,56.59677419354839,56.74798387096774,56.899193548387096,56.99798387096774,56.29435483870967,-7.3668638079301,0.0067204294354645,0.1073333333333312,12.439333333333334,12.640666666666668,19.90681004516129,12.488666666666669,9.7017,9.723863,9.746002,9.768122,9.679523,0,0.0,0,1.0,-0.56,11.6,88.4
2022-10-13 17:15:00,113.27935756111,56.661344522224,56.674121794446,19.92025090403227,12.640666666666668,56.29435483870967,1,5.1764362714980825,70.66250196097344,17,3,10,-0.9659258262890684,-0.2588190451025206,0.4338837391175582,-0.900968867902419,-0.8660254037844386,0.5000000000000001,28.5,25.6875,130.70833333333334,5.85,12.475,96.25,99.0,11.75,10.462527,3.325,11.875,19.926971333467733,56.44556451612903,56.59677419354839,56.74798387096774,56.899193548387096,56.14314516129033,-7.279584237365601,0.0067204294355036,0.0940000000000029,12.546666666666663,12.632,19.91353047459678,12.542222222222223,9.679523,9.7017,9.723863,9.746002,9.657327,0,0.0,0,1.0,-0.56,11.6,88.4
2022-10-13 17:30:00,108.75509428888,56.635512255556,56.648011788888,19.926971333467733,12.632,56.14314516129033,1,5.1764362714980825,70.66250196097344,17,3,10,-0.9659258262890684,-0.2588190451025206,0.4338837391175582,-0.900968867902419,-0.8660254037844386,0.5000000000000001,38.0,27.5625,111.29166666666669,5.0,12.75,97.5,99.0,11.8,10.511644,2.55,11.95,19.93369176290323,56.29435483870967,56.44556451612903,56.59677419354839,56.74798387096774,55.99193548387097,-7.294971333467734,0.0067204294354645,-0.0086666666666683,12.640666666666668,12.602,19.92025090403225,12.606444444444444,9.657327,9.679523,9.7017,9.723863,9.635109,0,0.0,0,1.0,-0.56,11.6,88.4
2022-10-13 17:45:00,113.064088388888,56.582181072222,56.593847255556,19.93369176290323,12.602,55.99193548387097,1,5.1764362714980825,70.66250196097344,17,3,10,-0.9659258262890684,-0.2588190451025206,0.4338837391175582,-0.900968867902419,-0.8660254037844386,0.5000000000000001,47.5,33.25,91.20833333333331,4.15,13.025,98.75,99.0,11.85,10.560964,1.775,12.025,19.94041219233871,56.14314516129033,56.29435483870967,56.44556451612903,56.59677419354839,55.84072580645161,-7.33169176290323,0.0067204294354965,-0.0299999999999993,12.632,12.818,19.926971333467744,12.62488888888889,9.635109,9.657327,9.679523,9.7017,9.612874,0,0.0,0,1.0,-0.56,11.6,88.4
2022-10-13 18:00:00,109.402290549994,56.532183055556,56.543849255556005,19.94041219233871,12.818,55.84072580645161,1,5.1764362714980825,70.66250196097344,18,3,10,-1.0,-1.8369701987210294e-16,0.4338837391175582,-0.900968867902419,-0.8660254037844386,0.5000000000000001,57.0,42.75,70.45833333333333,3.3,13.3,100.0,99.0,11.9,10.610481,1.0,12.1,19.9471326217742,55.99193548387097,56.14314516129033,56.29435483870967,56.44556451612903,55.68951612903226,-7.122412192338707,0.0067204294354787,0.216000000000001,12.602,12.674,19.933691762903223,12.684000000000005,9.612874,9.635109,9.657327,9.679523,9.590618,0,0.0,0,1.0,-0.56,11.5,88.5
2022-10-13 18:15:00,115.220113277776,58.481271772222,58.494604605554,19.9471326217742,12.674,55.68951612903226,1,5.1764362714980825,70.66250196097344,18,3,10,-1.0,-1.8369701987210294e-16,0.4338837391175582,-0.900968867902419,-0.8660254037844386,0.5000000000000001,43.0,46.375,54.04166666666666,3.025,11.6,100.0,98.25,11.75,10.480956,0.75,12.025,19.95385305120967,55.84072580645161,55.99193548387097,56.14314516129033,56.29435483870967,55.5383064516129,-7.273132621774199,0.0067204294354894,-0.1440000000000019,12.818,12.671333333333331,19.940412192338712,12.698000000000002,9.590618,9.612874,9.635109,9.657327,9.568344,0,0.0,0,1.0,-0.56,11.5,88.5
2022-10-13 18:30:00,810.149537188888,60.283144144444,60.297588016666,19.95385305120967,12.671333333333331,55.5383064516129,1,5.1764362714980825,70.66250196097344,18,3,10,-1.0,-1.8369701987210294e-16,0.4338837391175582,-0.900968867902419,-0.8660254037844386,0.5000000000000001,29.0,44.125,41.958333333333336,2.75,9.9,100.0,97.5,11.6,10.352377,0.5,11.95,19.960573480645166,55.68951612903226,55.84072580645161,55.99193548387097,56.14314516129033,55.38709677419355,-7.282519717876337,0.0067204294354716,-0.0026666666666663,12.674,12.593333333333334,19.94713262177419,12.721111111111112,9.568344,9.590618,9.612874,9.635109,9.546051,0,0.0,0,1.0,-0.56,11.5,88.5
2022-10-13 18:45:00,353.777237294442,57.039385016666,57.057162105554,19.960573480645166,12.593333333333334,55.38709677419355,1,5.1764362714980825,70.66250196097344,18,3,10,-1.0,-1.8369701987210294e-16,0.4338837391175582,-0.900968867902419,-0.8660254037844386,0.5000000000000001,15.0,36.0,34.208333333333336,2.475,8.2,100.0,96.75,11.45,10.224742,0.25,11.875,19.967293910080645,55.5383064516129,55.68951612903226,55.84072580645161,55.99193548387097,55.235887096774185,-7.367240147311833,0.0067204294354965,-0.0779999999999994,12.671333333333331,12.641333333333334,19.95385305120968,12.646222222222224,9.546051,9.568344,9.590618,9.612874,9.523738,0,0.0,0,1.0,-0.56,11.5,88.5
2022-10-13 19:00:00,129.632036694446,58.523770088888,58.535158533332,19.967293910080645,12.641333333333334,55.235887096774185,1,5.1764362714980825,70.66250196097344,19,3,10,-0.9659258262890684,0.2588190451025203,0.4338837391175582,-0.900968867902419,-0.8660254037844386,0.5000000000000001,1.0,22.0,30.791666666666668,2.2,6.5,100.0,96.0,11.3,10.098047,0.0,11.8,19.97401433951613,55.38709677419355,55.5383064516129,55.68951612903226,55.84072580645161,55.08467741935485,-7.325960576747311,0.0067204294354787,0.048,12.593333333333334,12.518,19.960573480645163,12.635333333333335,9.523738,9.546051,9.568344,9.590618,9.501405,0,0.0,0,1.0,-0.56,11.5,88.5
2022-10-13 19:15:00,130.626163627778,56.823560316666,56.834670972222,19.97401433951613,12.518,55.08467741935485,1,5.1764362714980825,70.66250196097344,19,3,10,-0.9659258262890684,0.2588190451025203,0.4338837391175582,-0.900968867902419,-0.8660254037844386,0.5000000000000001,0.75,11.4375,27.83333333333333,3.725000000000001,6.325,100.0,94.75,10.975,9.888957,0.0,11.675,19.980734768951606,55.235887096774185,55.38709677419355,55.5383064516129,55.68951612903226,54.93346774193547,-7.456014339516134,0.0067204294354894,-0.123333333333333,12.641333333333334,12.552666666666664,19.96729391008065,12.584222222222223,9.501405,9.523738,9.546051,9.568344,9.479053,0,0.0,0,1.0,-0.56,11.5,88.5
2022-10-13 19:30:00,96.985564855556,34.188632416666,34.198632016666,19.980734768951606,12.552666666666664,54.93346774193547,1,5.1764362714980825,70.66250196097344,19,3,10,-0.9659258262890684,0.2588190451025203,0.4338837391175582,-0.900968867902419,-0.8660254037844386,0.5000000000000001,0.5,4.3125,25.33333333333333,5.25,6.15,100.0,93.5,10.65,9.682436,0.0,11.55,19.987455198387103,55.08467741935485,55.235887096774185,55.38709677419355,55.5383064516129,54.782258064516135,-7.428068102284941,0.0067204294354716,0.0346666666666646,12.518,12.444666666666668,19.974014339516128,12.570666666666668,9.479053,9.501405,9.523738,9.546051,9.456681,0,0.0,0,1.0,-0.55,11.4,88.6
2022-10-13 19:45:00,81.185085916662,21.530527627778,21.54052726111,19.987455198387103,12.444666666666668,54.782258064516135,1,5.1764362714980825,70.66250196097344,19,3,10,-0.9659258262890684,0.2588190451025203,0.4338837391175582,-0.900968867902419,-0.8660254037844386,0.5000000000000001,0.25,0.625,23.291666666666668,6.775,5.975,100.0,92.25,10.325,9.4784565,0.0,11.425,19.99417562782258,54.93346774193547,55.08467741935485,55.235887096774185,55.38709677419355,54.63104838709676,-7.542788531720436,0.0067204294354965,-0.1079999999999987,12.552666666666664,12.559333333333331,19.980734768951613,12.505111111111113,9.456681,9.479053,9.501405,9.523738,9.43429,0,0.0,0,1.0,-0.55,11.4,88.6
2022-10-13 20:00:00,115.97063882222,55.788046172222,55.800267916666,19.99417562782258,12.559333333333331,54.63104838709676,1,5.1764362714980825,70.66250196097344,20,3,10,-0.8660254037844386,0.5000000000000001,0.4338837391175582,-0.900968867902419,-0.8660254037844386,0.5000000000000001,0.0,0.375,21.70833333333333,8.3,5.8,100.0,91.0,10.0,9.2769985,0.0,11.3,20.000896057258064,54.782258064516135,54.93346774193547,55.08467741935485,55.235887096774185,54.47983870967743,-7.434842294489249,0.0067204294354787,0.1146666666666664,12.444666666666668,12.476,19.987455198387096,12.51888888888889,9.43429,9.456681,9.479053,9.501405,9.411883,0,0.0,0,1.0,-0.55,11.4,88.6
2022-10-13 20:15:00,98.3227336,54.010339516666,54.021450172222,20.000896057258064,12.476,54.47983870967743,1,5.1764362714980825,70.66250196097344,20,3,10,-0.8660254037844386,0.5000000000000001,0.4338837391175582,-0.900968867902419,-0.8660254037844386,0.5000000000000001,0.0,0.1875,19.33333333333333,7.85,8.125,100.0,90.75,9.95,9.251512,0.0,11.3,20.007616486693543,54.63104838709676,54.782258064516135,54.93346774193547,55.08467741935485,54.32862903225806,-7.524896057258065,0.0067204294354823,-0.0833333333333339,12.559333333333331,12.548666666666666,19.99417562782258,12.493333333333334,9.411883,9.43429,9.456681,9.479053,9.389453,0,0.0,0,1.0,-0.55,11.4,88.6
2022-10-13 20:30:00,59.845106066668,0.0,0.0,20.007616486693543,12.548666666666666,54.32862903225806,0,5.1764362714980825,70.66250196097344,20,3,10,-0.8660254037844386,0.5000000000000001,0.4338837391175582,-0.900968867902419,-0.8660254037844386,0.5000000000000001,0.0,0.0625,16.166666666666668,7.4,10.45,100.0,90.5,9.9,9.226026,0.0,11.3,20.014336916129032,54.47983870967743,54.63104838709676,54.782258064516135,54.93346774193547,54.17741935483871,-7.458949820026881,0.0067204294354823,0.0726666666666666,12.476,12.756,20.000896057258064,12.528,9.389453,9.411883,9.43429,9.456681,9.367004,1,1.0,1,0.75,-0.55,11.4,88.6
2022-10-13 20:45:00,110.182814777776,46.338701911112,46.350368127778,20.014336916129032,12.756,54.17741935483871,1,5.1764362714980825,70.66250196097344,20,3,10,-0.8660254037844386,0.5000000000000001,0.4338837391175582,-0.900968867902419,-0.8660254037844386,0.5000000000000001,0.0,0.0,12.208333333333334,6.95,12.775000000000002,100.0,90.25,9.85,9.200539,0.0,11.3,20.02105734556451,54.32862903225806,54.47983870967743,54.63104838709676,54.782258064516135,54.02620967741935,-7.258336916129032,0.0067204294354858,0.2073333333333344,12.548666666666666,12.612666666666666,20.007616486693543,12.593555555555556,9.367004,9.389453,9.411883,9.43429,9.344539,0,1.0,1,0.75,-0.55,11.3,88.7
2022-10-13 21:00:00,87.640383194442,26.9630881,26.972254383334,20.02105734556451,12.612666666666666,54.02620967741935,1,5.1764362714980825,70.66250196097344,21,3,10,-0.7071067811865477,0.7071067811865474,0.4338837391175582,-0.900968867902419,-0.8660254037844386,0.5000000000000001,0.0,0.0,7.458333333333333,6.5,15.1,100.0,90.0,9.8,9.175053,0.0,11.3,20.027777775,54.17741935483871,54.32862903225806,54.47983870967743,54.63104838709676,53.875,-7.408390678897845,0.0067204294354787,-0.1433333333333344,12.756,12.663333333333334,20.01433691612903,12.639111111111111,9.344539,9.367004,9.389453,9.411883,9.322052,0,1.0,0,0.75,-0.55,11.3,88.7
2022-10-13 21:15:00,71.37603384444,11.124832788888,11.132054766664,20.027777775,12.663333333333334,53.875,1,5.1764362714980825,70.66250196097344,21,3,10,-0.7071067811865477,0.7071067811865474,0.4338837391175582,-0.900968867902419,-0.8660254037844386,0.5000000000000001,0.0,0.0,3.875,6.975,14.925,100.0,90.25,9.825,9.200539,0.05,11.3,20.03449820443549,54.02620967741935,54.17741935483871,54.32862903225806,54.47983870967743,53.72379032258065,-7.364444441666667,0.0067204294354894,0.0506666666666681,12.612666666666666,12.284666666666668,20.021057345564515,12.677333333333335,9.322052,9.344539,9.367004,9.389453,9.299547,0,1.0,0,0.75,-0.55,11.3,88.7
2022-10-13 21:30:00,106.292137094442,55.629441383334,55.642218672222,20.03449820443549,12.284666666666668,53.72379032258065,1,5.1764362714980825,70.66250196097344,21,3,10,-0.7071067811865477,0.7071067811865474,0.4338837391175582,-0.900968867902419,-0.8660254037844386,0.5000000000000001,0.0,0.0,1.4583333333333333,7.45,14.75,100.0,90.5,9.85,9.226026,0.1,11.3,20.04121863387097,53.875,54.02620967741935,54.17741935483871,54.32862903225806,53.57258064516129,-7.749831537768822,0.0067204294354894,-0.3786666666666658,12.663333333333334,12.318,20.027777775,12.520222222222223,9.299547,9.322052,9.344539,9.367004,9.27702,0,0.0,0,1.0,-0.55,11.3,88.7
2022-10-13 21:45:00,83.95969697778,39.561473044444,39.5717504,20.04121863387097,12.318,53.57258064516129,1,5.1764362714980825,70.66250196097344,21,3,10,-0.7071067811865477,0.7071067811865474,0.4338837391175582,-0.900968867902419,-0.8660254037844386,0.5000000000000001,0.0,0.0,0.2083333333333333,7.925000000000001,14.575,100.0,90.75,9.875,9.251512,0.15,11.3,20.04793906330645,53.72379032258065,53.875,54.02620967741935,54.17741935483871,53.42137096774194,-7.723218633870967,0.0067204294354787,0.0333333333333332,12.284666666666668,11.633333333333333,20.034498204435486,12.422000000000002,9.27702,9.299547,9.322052,9.344539,9.254477,0,0.0,0,1.0,-0.55,11.3,88.7
2022-10-13 22:00:00,73.045966944444,0.0,0.0,20.04793906330645,11.633333333333333,53.42137096774194,0,5.1764362714980825,70.66250196097344,22,3,10,-0.5000000000000004,0.8660254037844384,0.4338837391175582,-0.900968867902419,-0.8660254037844386,0.5000000000000001,0.0,0.0,0.125,8.4,14.4,100.0,91.0,9.9,9.2769985,0.2,11.3,20.05465949274193,53.57258064516129,53.72379032258065,53.875,54.02620967741935,53.27016129032257,-8.414605729973118,0.0067204294354823,-0.6846666666666685,12.318,11.145333333333332,20.04121863387097,12.078666666666669,9.254477,9.27702,9.299547,9.322052,9.231912,1,1.0,1,0.75,-0.55,11.3,88.7
2022-10-13 22:15:00,498.067021038886,39.25204093889,39.265651544444,20.05465949274193,11.145333333333332,53.27016129032257,1,5.1764362714980825,70.66250196097344,22,3,10,-0.5000000000000004,0.8660254037844384,0.4338837391175582,-0.900968867902419,-0.8660254037844386,0.5000000000000001,0.0,0.0,0.0625,8.75,16.1,100.0,93.25,10.1,9.417252,0.275,11.15,20.06137992217742,53.42137096774194,53.57258064516129,53.72379032258065,53.875,53.11895161290324,-8.909326159408597,0.0067204294354787,-0.4879999999999995,11.633333333333333,11.19,20.047939063306448,11.69888888888889,9.231912,9.254477,9.27702,9.299547,9.20933,0,1.0,1,0.75,-0.55,11.2,88.8
2022-10-13 22:30:00,107.39125984444,55.1619601,55.17640402222,20.06137992217742,11.19,53.11895161290324,1,5.1764362714980825,70.66250196097344,22,3,10,-0.5000000000000004,0.8660254037844384,0.4338837391175582,-0.900968867902419,-0.8660254037844386,0.5000000000000001,0.0,0.0,0.0208333333333333,9.1,17.8,100.0,95.5,10.3,9.553948,0.35,11.0,20.068100351612895,53.27016129032257,53.42137096774194,53.57258064516129,53.72379032258065,52.967741935483865,-8.87137992217742,0.0067204294354894,0.0446666666666661,11.145333333333332,11.134666666666666,20.054659492741933,11.322888888888889,9.20933,9.231912,9.254477,9.27702,9.186728,0,1.0,0,0.75,-0.55,11.2,88.8
2022-10-13 22:45:00,76.616101866668,26.191174511112,26.199785266668,20.068100351612895,11.134666666666666,52.967741935483865,1,5.1764362714980825,70.66250196097344,22,3,10,-0.5000000000000004,0.8660254037844384,0.4338837391175582,-0.900968867902419,-0.8660254037844386,0.5000000000000001,0.0,0.0,0.0,9.45,19.5,100.0,97.75,10.5,9.687141,0.425,10.85,20.075044795362903,53.11895161290324,53.27016129032257,53.42137096774194,53.57258064516129,52.81149193548388,-8.933433684946232,0.0067204294354787,-0.0553333333333334,11.19,11.304285714285712,20.061379922177416,11.156666666666666,9.186728,9.20933,9.231912,9.254477,9.163351,0,1.0,0,0.75,-0.54,11.2,88.8
2022-10-13 23:00:00,62.866929838882,13.861667744444,13.879167077776,20.075044795362903,11.304285714285712,52.81149193548388,1,5.1764362714980825,70.66250196097344,23,3,10,-0.2588190451025215,0.965925826289068,0.4338837391175582,-0.900968867902419,-0.8660254037844386,0.5000000000000001,0.0,0.0,0.0,9.8,21.2,100.0,100.0,10.7,9.816872,0.5,10.7,20.081765224798385,52.967741935483865,53.11895161290324,53.27016129032257,53.42137096774194,52.660282258064505,-8.770759081077193,0.0069444437500081,0.1696190476190473,11.134666666666666,11.117142857142856,20.06817502305108,11.209650793650797,9.163351,9.186728,9.20933,9.231912,9.140709,0,0.0,0,1.0,-0.54,11.2,88.8
2022-10-13 23:15:00,89.399757183334,28.306089927778,28.317478405554,20.081765224798385,11.117142857142856,52.660282258064505,1,5.1764362714980825,70.66250196097344,23,3,10,-0.2588190451025215,0.965925826289068,0.4338837391175582,-0.900968867902419,-0.8660254037844386,0.5000000000000001,0.0,0.0,0.0,9.075,20.75,100.0,100.0,10.65,9.785961,0.45,10.65,20.08826163991936,52.81149193548388,52.967741935483865,53.11895161290324,53.27016129032257,52.514112903225815,-8.964622367655528,0.0067204294354787,-0.1871428571428559,11.304285714285712,11.008,20.07497012392473,11.18536507936508,9.140709,9.163351,9.186728,9.20933,9.118801,0,0.0,0,1.0,-0.54,11.2,88.8
2022-10-13 23:30:00,63.290801583334,0.0,0.0,20.08826163991936,11.008,52.514112903225815,0,5.1764362714980825,70.66250196097344,23,3,10,-0.2588190451025215,0.965925826289068,0.4338837391175582,-0.900968867902419,-0.8660254037844386,0.5000000000000001,0.0,0.0,0.0,8.350000000000001,20.3,100.0,100.0,10.6,9.755134,0.4,10.6,20.094982069354835,52.660282258064505,52.81149193548388,52.967741935483865,53.11895161290324,52.36290322580645,-9.08026163991936,0.0064964151209743,-0.1091428571428565,11.117142857142856,11.079333333333333,20.081690553360215,11.143142857142855,9.118801,9.140709,9.163351,9.186728,9.096122,1,1.0,1,0.75,-0.54,11.2,88.8
2022-10-13 23:45:00,102.321462427782,44.810429711112,44.820707066668,20.094982069354835,11.079333333333333,52.36290322580645,1,5.1764362714980825,70.66250196097344,23,3,10,-0.2588190451025215,0.965925826289068,0.4338837391175582,-0.900968867902419,-0.8660254037844386,0.5000000000000001,0.0,0.0,0.0,7.625,19.85,100.0,100.0,10.55,9.724392,0.35,10.55,20.10192651310485,52.514112903225815,52.660282258064505,52.81149193548388,52.967741935483865,52.206653225806456,-9.015648736021502,0.0067204294354752,0.0713333333333317,11.008,10.926428571428572,20.088336311357526,11.06815873015873,9.096122,9.118801,9.140709,9.163351,9.072665,0,1.0,1,0.75,-0.54,11.1,88.9
2022-10-14 00:00:00,102.759222766668,35.196369855556,35.2035918,20.10192651310485,10.926428571428572,52.206653225806456,1,5.1764362714980825,70.66250196097344,0,4,10,0.0,1.0,-0.433883739117558,-0.9009688679024191,-0.8660254037844386,0.5000000000000001,0.0,0.0,0.0,6.9,19.4,100.0,100.0,10.5,9.693733,0.3,10.5,20.108422928225803,52.36290322580645,52.514112903225815,52.660282258064505,52.81149193548388,52.06048387096774,-9.175497941676278,0.0069444437500152,-0.152904761904761,11.079333333333333,10.796,20.09505674079301,11.004587301587302,9.072665,9.096122,9.118801,9.140709,9.050702,0,1.0,0,0.75,-0.54,11.1,88.9
2022-10-14 00:15:00,64.945179905554,0.0,0.0,20.108422928225803,10.796,52.06048387096774,0,5.1764362714980825,70.66250196097344,0,4,10,0.0,1.0,-0.433883739117558,-0.9009688679024191,-0.8660254037844386,0.5000000000000001,0.0,0.0,0.0,7.475,19.325,100.0,99.75,10.25,9.548014,0.35,10.3,20.1151433576613,52.206653225806456,52.36290322580645,52.514112903225815,52.660282258064505,51.90927419354839,-9.312422928225804,0.006496415120953,-0.1304285714285722,10.926428571428572,10.781333333333333,20.101777170228495,10.933920634920634,9.050702,9.072665,9.096122,9.118801,9.027964,1,2.0,1,0.5,-0.54,11.1,88.9
2022-10-14 00:30:00,114.338481844444,46.168430988888,46.179819416666,20.1151433576613,10.781333333333333,51.90927419354839,1,5.1764362714980825,70.66250196097344,0,4,10,0.0,1.0,-0.433883739117558,-0.9009688679024191,-0.8660254037844386,0.5000000000000001,0.0,0.0,0.0,8.05,19.25,100.0,99.5,10.0,9.404231,0.4,10.1,20.121863787096764,52.06048387096774,52.206653225806456,52.36290322580645,52.514112903225815,51.75806451612903,-9.333810024327969,0.0067204294354965,-0.0146666666666668,10.796,10.752666666666666,20.10849759966398,10.834587301587304,9.027964,9.050702,9.072665,9.096122,9.005206,0,1.0,1,0.75,-0.54,11.1,88.9
2022-10-14 00:45:00,55.046687027774,11.7095316,11.719253427778,20.121863787096764,10.752666666666666,51.75806451612903,1,5.1764362714980825,70.66250196097344,0,4,10,0.0,1.0,-0.433883739117558,-0.9009688679024191,-0.8660254037844386,0.5000000000000001,0.0,0.0,0.0,8.625,19.175,100.0,99.25,9.75,9.262365,0.45,9.9,20.128584216532268,51.90927419354839,52.06048387096774,52.206653225806456,52.36290322580645,51.60685483870967,-9.369197120430098,0.0067204294354645,-0.0286666666666661,10.781333333333333,10.734,20.11514335766129,10.776666666666666,9.005206,9.027964,9.050702,9.072665,8.982428,0,1.0,0,0.75,-0.54,11.1,88.9
2022-10-14 01:00:00,84.06552624444,40.394217516666,40.40699482222,20.128584216532268,10.734,51.60685483870967,1,5.1764362714980825,70.66250196097344,1,4,10,0.2588190451025207,0.9659258262890684,-0.433883739117558,-0.9009688679024191,-0.8660254037844386,0.5000000000000001,0.0,0.0,0.0,9.2,19.1,100.0,99.0,9.5,9.122394,0.5,9.7,20.13530464596773,51.75806451612903,51.90927419354839,52.06048387096774,52.206653225806456,51.45564516129033,-9.394584216532268,0.0067204294355036,-0.0186666666666663,10.752666666666666,10.678666666666668,20.12186378709677,10.756,8.982428,9.005206,9.027964,9.050702,8.959631,0,1.0,0,0.75,-0.54,11.1,88.9
2022-10-14 01:15:00,81.092867188892,24.616793072222,24.625959372222,20.13530464596773,10.678666666666668,51.45564516129033,1,5.1764362714980825,70.66250196097344,1,4,10,0.2588190451025207,0.9659258262890684,-0.433883739117558,-0.9009688679024191,-0.8660254037844386,0.5000000000000001,0.0,0.0,0.0,8.575,18.925,100.0,99.0,9.3,9.007038,0.65,9.5,20.142025075403232,51.60685483870967,51.75806451612903,51.90927419354839,52.06048387096774,51.30443548387097,-9.456637979301066,0.0067204294354645,-0.0553333333333334,10.734,10.476666666666668,20.128584216532257,10.72177777777778,8.959631,8.982428,9.005206,9.027964,8.936813,0,0.0,0,1.0,-0.54,11.1,88.9
2022-10-14 01:30:00,68.486427116666,12.979203027778,12.988091555556,20.142025075403232,10.476666666666668,51.30443548387097,1,5.1764362714980825,70.66250196097344,1,4,10,0.2588190451025207,0.9659258262890684,-0.433883739117558,-0.9009688679024191,-0.8660254037844386,0.5000000000000001,0.0,0.0,0.0,7.949999999999999,18.75,100.0,99.0,9.1,8.892959,0.8,9.3,20.1487455048387,51.45564516129033,51.60685483870967,51.75806451612903,51.90927419354839,51.15322580645161,-9.665358408736566,0.0067204294355001,-0.2019999999999999,10.678666666666668,10.298666666666666,20.135304645967743,10.62977777777778,8.936813,8.959631,8.982428,9.005206,8.913977,0,0.0,0,1.0,-0.54,11.1,88.9
2022-10-14 01:45:00,115.035676188888,55.781101983334,55.794157027778,20.1487455048387,10.298666666666666,51.15322580645161,1,5.1764362714980825,70.66250196097344,1,4,10,0.2588190451025207,0.9659258262890684,-0.433883739117558,-0.9009688679024191,-0.8660254037844386,0.5000000000000001,0.0,0.0,0.0,7.325,18.575,100.0,99.0,8.899999999999999,8.780138,0.95,9.1,20.1554659342742,51.30443548387097,51.45564516129033,51.60685483870967,51.75806451612903,51.00201612903226,-9.850078838172037,0.0067204294354681,-0.1780000000000008,10.476666666666668,10.236666666666668,20.14202507540322,10.484666666666667,8.913977,8.936813,8.959631,8.982428,8.891123,0,0.0,0,1.0,-0.54,11.0,89.0
2022-10-14 02:00:00,57.888240011108,16.432676033332,16.442397844444,20.1554659342742,10.236666666666668,51.00201612903226,1,5.1764362714980825,70.66250196097344,2,4,10,0.4999999999999999,0.8660254037844387,-0.433883739117558,-0.9009688679024191,-0.8660254037844386,0.5000000000000001,0.0,0.0,0.0,6.7,18.4,100.0,99.0,8.7,8.66857,1.1,8.9,20.162186363709672,51.15322580645161,51.30443548387097,51.45564516129033,51.60685483870967,50.8508064516129,-9.918799267607532,0.0067204294355001,-0.0619999999999976,10.298666666666666,10.019333333333332,20.14874550483871,10.337333333333335,8.891123,8.913977,8.936813,8.959631,8.868247,0,0.0,0,1.0,-0.54,11.0,89.0
2022-10-14 02:15:00,340.4722139,32.017330355556,32.028996588888,20.162186363709672,10.019333333333332,50.8508064516129,1,5.1764362714980825,70.66250196097344,2,4,10,0.4999999999999999,0.8660254037844387,-0.433883739117558,-0.9009688679024191,-0.8660254037844386,0.5000000000000001,0.0,0.0,0.0,6.325,17.049999999999997,100.0,99.0,8.625,8.613251,0.975,8.8,20.168514768094763,51.00201612903226,51.15322580645161,51.30443548387097,51.45564516129033,50.70841733870969,-10.14285303037634,0.0067204294354716,-0.217333333333336,10.236666666666668,9.84,20.15546593427419,10.18488888888889,8.868247,8.891123,8.913977,8.936813,8.846685,0,0.0,0,1.0,-0.54,11.0,89.0
2022-10-14 02:30:00,143.79619238888802,28.886066727778,28.8930109,20.168514768094763,9.84,50.70841733870969,1,5.1764362714980825,70.66250196097344,2,4,10,0.4999999999999999,0.8660254037844387,-0.433883739117558,-0.9009688679024191,-0.8660254037844386,0.5000000000000001,0.0,0.0,0.0,5.95,15.7,100.0,99.0,8.55,8.558241,0.8500000000000001,8.7,20.176299265524182,50.8508064516129,51.00201612903226,51.15322580645161,51.30443548387097,50.533266129032256,-10.328514768094765,0.0063284043850906,-0.1793333333333322,10.019333333333332,9.655,20.16205568869288,10.032000000000002,8.846685,8.868247,8.891123,8.913977,8.820146,0,0.0,0,1.0,-0.54,11.0,89.0
2022-10-14 02:45:00,48.223904316666,0.0,0.0,20.176299265524182,9.655,50.533266129032256,0,5.1764362714980825,70.66250196097344,2,4,10,0.4999999999999999,0.8660254037844387,-0.433883739117558,-0.9009688679024191,-0.8660254037844386,0.5000000000000001,0.0,0.0,0.0,5.575,14.35,100.0,99.0,8.475,8.503536,0.725,8.6,20.182347652016134,50.70841733870969,50.8508064516129,51.00201612903226,51.15322580645161,50.39717741935485,-10.521299265524185,0.0077844974294194,-0.1850000000000005,9.84,9.504,20.16900013244287,9.838111111111113,8.820146,8.846685,8.868247,8.891123,8.799504,1,1.0,1,0.75,-0.53,11.0,89.0
2022-10-14 03:00:00,94.13984533889,34.566672794446,34.576950150002,20.182347652016134,9.504,50.39717741935485,1,5.1764362714980825,70.66250196097344,3,4,10,0.7071067811865476,0.7071067811865476,-0.433883739117558,-0.9009688679024191,-0.8660254037844386,0.5000000000000001,0.0,0.0,0.0,5.2,13.0,100.0,99.0,8.4,8.449138,0.6,8.5,20.189068081451605,50.533266129032256,50.70841733870969,50.8508064516129,51.00201612903226,50.24596774193547,-10.678347652016134,0.0060483864919511,-0.1509999999999998,9.655,9.44,20.17572056187836,9.666333333333334,8.799504,8.820146,8.846685,8.868247,8.776552,0,1.0,1,0.75,-0.53,11.0,89.0
2022-10-14 03:15:00,97.461934733332,55.249734372222,55.262789416666,20.189068081451605,9.44,50.24596774193547,1,5.1764362714980825,70.66250196097344,3,4,10,0.7071067811865476,0.7071067811865476,-0.433883739117558,-0.9009688679024191,-0.8660254037844386,0.5000000000000001,0.0,0.0,0.0,5.825,13.075,84.5,97.0,8.1,8.291745,0.475,8.525,20.1957885108871,50.39717741935485,50.533266129032256,50.70841733870969,50.8508064516129,50.094758064516135,-10.749068081451606,0.0067204294354716,-0.064,9.504,9.484,20.18257166633064,9.533,8.776552,8.799504,8.820146,8.846685,8.753576,0,1.0,0,0.75,-0.53,10.9,89.1
2022-10-14 03:30:00,57.25382100555,12.885873444444,12.89503976111,20.1957885108871,9.484,50.094758064516135,1,5.1764362714980825,70.66250196097344,3,4,10,0.7071067811865476,0.7071067811865476,-0.433883739117558,-0.9009688679024191,-0.8660254037844386,0.5000000000000001,0.0,0.0,0.0,6.45,13.15,69.0,95.0,7.800000000000001,8.133822,0.35,8.55,20.202508940322577,50.24596774193547,50.39717741935485,50.533266129032256,50.70841733870969,49.94354838709676,-10.711788510887098,0.006720429435493,0.0440000000000004,9.44,9.339333333333334,20.18906808145161,9.476,8.753576,8.776552,8.799504,8.820146,8.730583,0,1.0,0,0.75,-0.53,10.9,89.1
2022-10-14 03:45:00,93.544591366668,38.610677744444,38.621232872222,20.202508940322577,9.339333333333334,49.94354838709676,1,5.1764362714980825,70.66250196097344,3,4,10,0.7071067811865476,0.7071067811865476,-0.433883739117558,-0.9009688679024191,-0.8660254037844386,0.5000000000000001,0.0,0.0,0.0,7.075,13.225,53.5,93.0,7.5,7.975368,0.2249999999999999,8.575,20.209229369758063,50.094758064516135,50.24596774193547,50.39717741935485,50.533266129032256,49.79233870967743,-10.863175606989245,0.0067204294354787,-0.1446666666666658,9.484,9.145333333333332,20.19578851088709,9.421111111111111,8.730583,8.753576,8.776552,8.799504,8.707572,0,0.0,0,1.0,-0.53,10.9,89.1
2022-10-14 04:00:00,110.971949794446,55.260845044444,55.273900088888,20.209229369758063,9.145333333333332,49.79233870967743,1,5.1764362714980825,70.66250196097344,4,4,10,0.8660254037844386,0.5000000000000001,-0.433883739117558,-0.9009688679024191,-0.8660254037844386,0.5000000000000001,0.0,0.0,0.0,7.7,13.3,38.0,91.0,7.2,7.816381,0.1,8.6,20.216013803283406,49.94354838709676,50.094758064516135,50.24596774193547,50.39717741935485,49.63968894009216,-11.063896036424731,0.0067204294354894,-0.1940000000000008,9.339333333333334,8.891428571428571,20.20250894032258,9.32288888888889,8.707572,8.730583,8.753576,8.776552,8.6843195,0,0.0,0,1.0,-0.53,10.9,89.1
2022-10-14 04:15:00,97.646649544444,44.12295726111,44.134623477776,20.216013803283406,8.891428571428571,49.63968894009216,1,5.1764362714980825,70.66250196097344,4,4,10,0.8660254037844386,0.5000000000000001,-0.433883739117558,-0.9009688679024191,-0.8660254037844386,0.5000000000000001,0.0,0.0,0.0,7.875,13.675,28.5,91.5,6.975,7.6969523,0.075,8.275,20.222670228629035,49.79233870967743,49.94354838709676,50.094758064516135,50.24596774193547,49.48991935483871,-11.324585231854837,0.0067844335253397,-0.2539047619047618,9.145333333333332,8.540666666666665,20.20925070445469,9.12536507936508,8.6843195,8.707572,8.730583,8.753576,8.661488,0,0.0,0,1.0,-0.53,10.9,89.1
2022-10-14 04:30:00,45.753169816666,0.0,0.0,20.222670228629035,8.540666666666665,49.48991935483871,0,5.1764362714980825,70.66250196097344,4,4,10,0.8660254037844386,0.5000000000000001,-0.433883739117558,-0.9009688679024191,-0.8660254037844386,0.5000000000000001,0.0,0.0,0.0,8.05,14.05,19.0,92.0,6.75,7.5786996,0.05,7.949999999999999,20.229390658064517,49.63968894009216,49.79233870967743,49.94354838709676,50.094758064516135,49.33870967741935,-11.68200356196237,0.0066564253456284,-0.3507619047619066,8.891428571428571,8.362,20.215971133890168,8.859142857142858,8.661488,8.6843195,8.707572,8.730583,8.638417,1,1.0,1,0.75,-0.53,10.9,89.1
2022-10-14 04:45:00,98.078021088892,53.4245296,53.4370291,20.229390658064517,8.362,49.33870967741935,1,5.1764362714980825,70.66250196097344,4,4,10,0.8660254037844386,0.5000000000000001,-0.433883739117558,-0.9009688679024191,-0.8660254037844386,0.5000000000000001,0.0,0.0,0.0,8.225,14.425,9.5,92.5,6.525,7.461627,0.0249999999999999,7.625,20.2361110875,49.48991935483871,49.63968894009216,49.79233870967743,49.94354838709676,49.1875,-11.867390658064512,0.0067204294354787,-0.1786666666666647,8.540666666666665,8.007333333333333,20.22269156332565,8.598031746031747,8.638417,8.661488,8.6843195,8.707572,8.615325,0,1.0,1,0.75,-0.53,10.8,89.2
2022-10-14 05:00:00,109.54784016111,55.53000096111,55.541944933332,20.2361110875,8.007333333333333,49.1875,1,5.1764362714980825,70.66250196097344,5,4,10,0.9659258262890684,0.2588190451025207,-0.433883739117558,-0.9009688679024191,-0.8660254037844386,0.5000000000000001,0.0,0.0,0.0,8.4,14.8,0.0,93.0,6.3,7.345736,0.0,7.3,20.24283151693549,49.33870967741935,49.48991935483871,49.63968894009216,49.79233870967743,49.03629032258065,-12.228777754166666,0.0067204294354858,-0.3546666666666667,8.362,7.657333333333333,20.229390658064517,8.303333333333335,8.615325,8.638417,8.661488,8.6843195,8.592216,0,1.0,0,0.75,-0.53,10.8,89.2
2022-10-14 05:15:00,87.589829533336,31.985109444444,31.99594236111,20.24283151693549,7.657333333333333,49.03629032258065,1,5.1764362714980825,70.66250196097344,5,4,10,0.9659258262890684,0.2588190451025207,-0.433883739117558,-0.9009688679024191,-0.8660254037844386,0.5000000000000001,0.0,0.0,0.0,8.275,14.875,0.0,93.0,6.0,7.215773,0.0,7.025,20.249551946370968,49.1875,49.33870967741935,49.48991935483871,49.63968894009216,48.88508064516129,-12.585498183602157,0.0067204294354894,-0.3500000000000005,8.007333333333333,7.572666666666667,20.2361110875,8.008888888888889,8.592216,8.615325,8.638417,8.661488,8.569086,0,1.0,0,0.75,-0.53,10.8,89.2
2022-10-14 05:30:00,77.40023706667199,18.411485711112,18.4209298,20.249551946370968,7.572666666666667,48.88508064516129,1,5.1764362714980825,70.66250196097344,5,4,10,0.9659258262890684,0.2588190451025207,-0.433883739117558,-0.9009688679024191,-0.8660254037844386,0.5000000000000001,0.0,0.0,0.0,8.15,14.95,0.0,93.0,5.699999999999999,7.087823,0.0,6.75,20.256272375806454,49.03629032258065,49.1875,49.33870967741935,49.48991935483871,48.73387096774194,-12.6768852797043,0.0067204294354787,-0.0846666666666662,7.657333333333333,7.558666666666666,20.242831516935485,7.745777777777778,8.569086,8.592216,8.615325,8.638417,8.545937,0,0.0,0,1.0,-0.53,10.8,89.2
2022-10-14 05:45:00,94.900092627782,54.541984883334,54.555595472222,20.256272375806454,7.558666666666666,48.73387096774194,1,5.1764362714980825,70.66250196097344,5,4,10,0.9659258262890684,0.2588190451025207,-0.433883739117558,-0.9009688679024191,-0.8660254037844386,0.5000000000000001,0.0,0.0,0.0,8.025,15.025,0.0,93.0,5.4,6.961859,0.0,6.475,20.26299280524193,48.88508064516129,49.03629032258065,49.1875,49.33870967741935,48.58266129032257,-12.697605709139786,0.0067204294354858,-0.0140000000000002,7.572666666666667,7.54,20.24955194637097,7.596222222222224,8.545937,8.569086,8.592216,8.615325,8.522765,0,0.0,0,1.0,-0.53,10.8,89.2
2022-10-14 06:00:00,100.474869794442,55.638885472222,55.652218288888,20.26299280524193,7.54,48.58266129032257,1,5.1764362714980825,70.66250196097344,6,4,10,1.0,6.123233995736766e-17,-0.433883739117558,-0.9009688679024191,-0.8660254037844386,0.5000000000000001,0.0,0.0,0.0,7.9,15.1,0.0,93.0,5.1,6.8378563,0.0,6.2,20.26971323467742,48.73387096774194,48.88508064516129,49.03629032258065,49.1875,48.43145161290324,-12.722992805241931,0.0067204294354787,-0.0186666666666663,7.558666666666666,7.624,20.25627237580645,7.557111111111112,8.522765,8.545937,8.569086,8.592216,8.499577,0,0.0,0,1.0,-0.52,10.8,89.2
2022-10-14 06:15:00,111.545538133328,56.951332972222,56.964110244444,20.26971323467742,7.624,48.43145161290324,1,5.1764362714980825,70.66250196097344,6,4,10,1.0,6.123233995736766e-17,-0.433883739117558,-0.9009688679024191,-0.8660254037844386,0.5000000000000001,0.0,0.0,0.0,8.125,15.275,0.0,93.25,5.0,6.789238,0.0,6.05,20.2764336641129,48.58266129032257,48.73387096774194,48.88508064516129,49.03629032258065,48.280241935483865,-12.64571323467742,0.0067204294354858,0.0839999999999996,7.54,8.249333333333333,20.26299280524193,7.574222222222223,8.499577,8.522765,8.545937,8.569086,8.476368,0,0.0,0,1.0,-0.52,10.7,89.3
2022-10-14 06:30:00,86.075445711112,30.656273666668,30.667106566668,20.2764336641129,8.249333333333333,48.280241935483865,1,5.1764362714980825,70.66250196097344,6,4,10,1.0,6.123233995736766e-17,-0.433883739117558,-0.9009688679024191,-0.8660254037844386,0.5000000000000001,0.0,0.0,0.0,8.350000000000001,15.45,0.0,93.5,4.9,6.7408333,0.0,5.9,20.283154093548397,48.43145161290324,48.58266129032257,48.73387096774194,48.88508064516129,48.12903225806453,-12.027100330779568,0.0067204294354823,0.6253333333333329,7.624,8.648666666666667,20.26971323467741,7.804444444444445,8.476368,8.499577,8.522765,8.545937,8.453139,0,0.0,0,1.0,-0.52,10.7,89.3
2022-10-14 06:45:00,71.899068355556,15.993804655556,16.001859916666,20.283154093548397,8.648666666666667,48.12903225806453,1,5.1764362714980825,70.66250196097344,6,4,10,1.0,6.123233995736766e-17,-0.433883739117558,-0.9009688679024191,-0.8660254037844386,0.5000000000000001,0.0,0.0,0.0,8.575000000000001,15.625,0.0,93.75,4.8,6.692644,0.0,5.75,20.28987452298387,48.280241935483865,48.43145161290324,48.58266129032257,48.73387096774194,47.97782258064515,-11.634487426881726,0.006720429435493,0.3993333333333346,8.249333333333333,7.888666666666666,20.276433664112904,8.174000000000001,8.453139,8.476368,8.499577,8.522765,8.42989,0,0.0,0,1.0,-0.52,10.7,89.3
2022-10-14 07:00:00,99.957945888892,60.257867388888,60.271755749998,20.28987452298387,7.888666666666666,47.97782258064515,1,5.1764362714980825,70.66250196097344,7,4,10,0.9659258262890684,-0.2588190451025206,-0.433883739117558,-0.9009688679024191,-0.8660254037844386,0.5000000000000001,0.0,0.0,0.0,8.8,15.8,0.0,94.0,4.7,6.644671,0.0,5.6,20.29659495241936,48.12903225806453,48.280241935483865,48.43145161290324,48.58266129032257,47.826612903225815,-12.401207856317203,0.0067204294354752,-0.7600000000000007,8.648666666666667,7.183333333333334,20.283154093548383,8.262222222222222,8.42989,8.453139,8.476368,8.499577,8.406624,0,0.0,0,1.0,-0.52,10.7,89.3
2022-10-14 07:15:00,71.80573888888401,26.51366166111,26.52505012222,20.29659495241936,7.183333333333334,47.826612903225815,1,5.1764362714980825,70.66250196097344,7,4,10,0.9659258262890684,-0.2588190451025206,-0.433883739117558,-0.9009688679024191,-0.8660254037844386,0.5000000000000001,5.75,1.4375,0.4791666666666667,9.175,15.9,0.0,94.5,4.775,6.680015,0.0,5.6,20.303315381854837,47.97782258064515,48.12903225806453,48.280241935483865,48.43145161290324,47.67540322580645,-13.113261619086025,0.0067204294354894,-0.7053333333333329,7.888666666666666,7.1033333333333335,20.28987452298388,7.90688888888889,8.406624,8.42989,8.453139,8.476368,8.383335,0,0.0,0,1.0,-0.52,10.7,89.3
2022-10-14 07:30:00,109.806440866668,54.6261482,54.639758788888,20.303315381854837,7.1033333333333335,47.67540322580645,1,5.1764362714980825,70.66250196097344,7,4,10,0.9659258262890684,-0.2588190451025206,-0.433883739117558,-0.9009688679024191,-0.8660254037844386,0.5000000000000001,11.5,4.3125,1.4375,9.55,16.0,0.0,95.0,4.85,6.715359,0.0,5.6,20.310035811290327,47.826612903225815,47.97782258064515,48.12903225806453,48.280241935483865,47.524193548387096,-13.1999820485215,0.0067204294354752,-0.08,7.183333333333334,7.31,20.296594952419355,7.391777777777779,8.383335,8.406624,8.42989,8.453139,8.360027,0,0.0,0,1.0,-0.52,10.7,89.3
2022-10-14 07:45:00,110.496413333332,55.701660744444,55.716660194442,20.310035811290327,7.31,47.524193548387096,1,5.1764362714980825,70.66250196097344,7,4,10,0.9659258262890684,-0.2588190451025206,-0.433883739117558,-0.9009688679024191,-0.8660254037844386,0.5000000000000001,17.25,8.625,2.875,9.925,16.1,0.0,95.5,4.925,6.7507033,0.0,5.6,20.3167562407258,47.67540322580645,47.826612903225815,47.97782258064515,48.12903225806453,47.37298387096774,-13.000035811290326,0.006720429435493,0.206666666666667,7.1033333333333335,7.674,20.30331538185484,7.198888888888891,8.360027,8.383335,8.406624,8.42989,8.336701,0,0.0,0,1.0,-0.52,10.7,89.3
2022-10-14 08:00:00,110.946950827778,57.288263944444,57.30298562222,20.3167562407258,7.674,47.37298387096774,1,5.1764362714980825,70.66250196097344,8,4,10,0.8660254037844387,-0.4999999999999998,-0.433883739117558,-0.9009688679024191,-0.8660254037844386,0.5000000000000001,23.0,14.375,4.791666666666667,10.3,16.2,0.0,96.0,5.0,6.7860475,0.0,5.6,20.32347667016129,47.524193548387096,47.67540322580645,47.826612903225815,47.97782258064515,47.22177419354839,-12.6427562407258,0.0067204294354716,0.3639999999999999,7.31,8.128666666666668,20.31003581129032,7.362444444444447,8.336701,8.360027,8.383335,8.406624,8.313352,0,0.0,0,1.0,-0.52,10.6,89.4
2022-10-14 08:15:00,79.894304066668,40.100340355556,40.112839872222,20.32347667016129,8.128666666666668,47.22177419354839,1,5.1764362714980825,70.66250196097344,8,4,10,0.8660254037844387,-0.4999999999999998,-0.433883739117558,-0.9009688679024191,-0.8660254037844386,0.5000000000000001,59.25,27.75,9.729166666666666,10.525,17.2,0.0,95.5,5.575,7.0446734,0.0,6.25,20.330197099596766,47.37298387096774,47.524193548387096,47.67540322580645,47.826612903225815,47.07056451612903,-12.194810003494627,0.0067204294354965,0.4546666666666672,7.674,8.704,20.316756240725805,7.704222222222223,8.313352,8.336701,8.360027,8.383335,8.289985,0,0.0,0,1.0,-0.52,10.6,89.4
2022-10-14 08:30:00,71.387144466664,20.103918027778,20.113639888888,20.330197099596766,8.704,47.07056451612903,1,5.1764362714980825,70.66250196097344,8,4,10,0.8660254037844387,-0.4999999999999998,-0.433883739117558,-0.9009688679024191,-0.8660254037844386,0.5000000000000001,95.5,48.75,17.6875,10.75,18.2,0.0,95.0,6.15,7.3112884,0.0,6.9,20.18333332,47.22177419354839,47.37298387096774,47.524193548387096,47.67540322580645,47.45,-11.626197099596766,0.0067204294354716,0.575333333333333,8.128666666666668,9.044,20.323476670161288,8.168888888888892,8.289985,8.313352,8.336701,8.360027,8.285396,0,0.0,0,1.0,-0.52,10.6,89.4
2022-10-14 08:45:00,502.84127446111,54.750865411112,54.770309133332,20.18333332,9.044,47.45,1,5.1764362714980825,70.66250196097344,8,4,10,0.8660254037844387,-0.4999999999999998,-0.433883739117558,-0.9009688679024191,-0.8660254037844386,0.5000000000000001,131.75,77.375,28.666666666666668,10.975,19.2,0.0,94.5,6.725,7.5860662,0.0,7.549999999999999,20.18333334333333,47.07056451612903,47.22177419354839,47.37298387096774,47.524193548387096,48.06666666666667,-11.13933332,-0.1468637795967673,0.3399999999999998,8.704,9.3,20.279002363252687,8.625555555555557,8.285396,8.289985,8.313352,8.336701,8.393074,0,0.0,0,1.0,-0.55,11.3,88.7
2022-10-14 09:00:00,151.43672003889,55.471114416666,55.484725005554,20.18333334333333,9.3,48.06666666666667,1,5.1764362714980825,70.66250196097344,9,4,10,0.7071067811865476,-0.7071067811865475,-0.433883739117558,-0.9009688679024191,-0.8660254037844386,0.5000000000000001,168.0,113.625,42.66666666666666,11.2,20.2,0.0,94.0,7.3,7.8691845,0.0,8.2,20.17222224,47.45,47.07056451612903,47.22177419354839,47.37298387096774,47.55,-10.883333343333334,2.3333335263941993e-08,0.2560000000000002,9.044,9.966,20.2322879209767,9.016000000000004,8.393074,8.285396,8.289985,8.313352,8.297464,0,0.0,0,1.0,-0.55,11.3,88.7
2022-10-14 09:15:00,121.59958032222,56.297470211112,56.311358588888,20.17222224,9.966,47.55,1,5.1764362714980825,70.66250196097344,9,4,10,0.7071067811865476,-0.7071067811865475,-0.433883739117558,-0.9009688679024191,-0.8660254037844386,0.5000000000000001,211.0,151.5625,60.25,10.675,20.65,0.0,89.0,7.375,7.9185038,0.0,9.15,20.062963006666667,48.06666666666667,47.45,47.07056451612903,47.22177419354839,47.96666666666667,-10.20622224,-0.0111111033333344,0.6660000000000004,9.3,10.781333333333333,20.17962963444444,9.43666666666667,8.297464,8.393074,8.285396,8.289985,8.316839,0,0.0,0,1.0,-0.55,11.4,88.6
2022-10-14 09:30:00,97.698036272226,58.054066611112,58.0676772,20.062963006666667,10.781333333333333,47.96666666666667,1,5.1764362714980825,70.66250196097344,9,4,10,0.7071067811865476,-0.7071067811865475,-0.433883739117558,-0.9009688679024191,-0.8660254037844386,0.5000000000000001,254.0,191.1875,81.41666666666667,10.15,21.1,0.0,84.0,7.449999999999999,7.9392495,0.0,10.1,20.06666671,47.55,48.06666666666667,47.45,47.07056451612903,48.05,-9.281629673333336,-0.1092592333333328,0.8153333333333315,9.966,11.667333333333334,20.139506196666662,10.015777777777778,8.316839,8.297464,8.393074,8.285396,8.333093,0,0.0,0,1.0,-0.57,11.9,88.1
2022-10-14 09:45:00,89.321704872218,43.307434316666,43.320211605554,20.06666671,11.667333333333334,48.05,1,5.1764362714980825,70.66250196097344,9,4,10,0.7071067811865476,-0.7071067811865475,-0.433883739117558,-0.9009688679024191,-0.8660254037844386,0.5000000000000001,297.0,232.5,106.16666666666669,9.625,21.55,0.0,79.0,7.524999999999999,7.9281607,0.0,11.05,20.261111116666665,47.96666666666667,47.55,48.06666666666667,47.45,48.46666666666667,-8.399333376666666,0.0037037033333326,0.886000000000001,10.781333333333333,12.566666666666666,20.10061731888889,10.804888888888891,8.333093,8.316839,8.297464,8.393074,8.501481,0,0.0,0,1.0,-0.57,11.9,88.1
2022-10-14 10:00:00,50.336319866664,0.0,0.0,20.261111116666665,12.566666666666666,48.46666666666667,0,5.1764362714980825,70.66250196097344,10,4,10,0.4999999999999999,-0.8660254037844387,-0.433883739117558,-0.9009688679024191,-0.8660254037844386,0.5000000000000001,340.0,275.5,134.5,9.1,22.0,0.0,74.0,7.6,7.881748,0.0,12.0,20.68888886,48.05,47.96666666666667,47.55,48.06666666666667,48.1,-7.694444449999999,0.1944444066666655,0.8993333333333329,11.667333333333334,13.326,20.130246944444448,11.67177777777778,8.501481,8.333093,8.316839,8.297464,8.65038,1,1.0,1,0.75,-0.53,10.8,89.2
2022-10-14 10:15:00,94.839817355556,38.554013311112,38.5659573,20.68888886,13.326,48.1,1,5.1764362714980825,70.66250196097344,10,4,10,0.4999999999999999,-0.8660254037844387,-0.433883739117558,-0.9009688679024191,-0.8660254037844386,0.5000000000000001,376.75,316.9375,165.41666666666666,9.7,23.525,0.0,67.5,6.625,7.4746423,0.0,12.625,21.433333323333333,48.46666666666667,48.05,47.96666666666667,47.55,47.16666666666666,-7.362888860000002,0.4277777433333369,0.7593333333333341,12.566666666666666,13.894,20.33888889555556,12.52,8.65038,8.501481,8.333093,8.316839,8.857296,0,1.0,1,0.75,-0.43,8.8,91.2
2022-10-14 10:30:00,72.385160077776,0.0,0.0,21.433333323333333,13.894,47.16666666666666,0,5.1764362714980825,70.66250196097344,10,4,10,0.4999999999999999,-0.8660254037844387,-0.433883739117558,-0.9009688679024191,-0.8660254037844386,0.5000000000000001,413.5,356.8125,198.91666666666663,10.3,25.05,0.0,61.0,5.65,7.0214596,0.0,13.25,22.35,48.1,48.46666666666667,48.05,47.96666666666667,45.75,-7.539333323333333,0.7444444633333305,0.5679999999999996,13.326,14.523333333333332,20.794444433333336,13.262222222222222,8.857296,8.65038,8.501481,8.333093,9.057897,1,2.0,1,0.5,-0.25,6.3,93.7
2022-10-14 10:45:00,48.281401966668,0.0,0.0,22.35,14.523333333333332,45.75,0,5.1764362714980825,70.66250196097344,10,4,10,0.4999999999999999,-0.8660254037844387,-0.433883739117558,-0.9009688679024191,-0.8660254037844386,0.5000000000000001,450.25,395.125,235.0,10.9,26.575000000000003,0.0,54.5,4.675,6.5196004,0.0,13.875,22.749999993333333,47.16666666666666,48.1,48.46666666666667,48.05,45.21666666666667,-7.826666666666668,0.9166666766666688,0.6293333333333333,13.894,15.011333333333331,21.490740727777776,13.914444444444449,9.057897,8.857296,8.65038,8.501481,9.160246,0,3.0,0,0.25,-0.04,5.0,95.0
2022-10-14 11:00:00,190.99958196111,44.437666888888,44.447388766664,22.749999993333333,15.011333333333331,45.21666666666667,1,5.1764362714980825,70.66250196097344,11,4,10,0.258819045102521,-0.9659258262890682,-0.433883739117558,-0.9009688679024191,-0.8660254037844386,0.5000000000000001,487.0,431.875,273.6666666666667,11.5,28.1,0.0,48.0,3.7,5.9663525,0.0,14.5,22.47777776,45.75,47.16666666666666,48.1,48.46666666666667,45.95,-7.73866666,0.3999999933333313,0.4879999999999995,14.523333333333332,15.380666666666666,22.177777772222225,14.476222222222225,9.160246,9.057897,8.857296,8.65038,9.164542,0,2.0,1,0.5,0.05,5.0,95.0
2022-10-14 11:15:00,49.39274654444,0.0,0.0,22.47777776,15.380666666666666,45.95,0,5.1764362714980825,70.66250196097344,11,4,10,0.258819045102521,-0.9659258262890682,-0.433883739117558,-0.9009688679024191,-0.8660254037844386,0.5000000000000001,512.75,465.875,311.4583333333333,12.175,29.35,2.5,45.75,3.2750000000000004,5.8095527,0.0,14.85,22.01825396642857,45.21666666666667,45.75,47.16666666666666,48.1,46.75357142857143,-7.097111093333332,-0.2722222333333342,0.3693333333333335,15.011333333333331,15.916428571428572,22.52592591777778,14.97177777777778,9.164542,9.160246,9.057897,8.857296,9.081486,1,3.0,1,0.25,-0.01,5.0,95.0
2022-10-14 11:30:00,82.3392063,31.572903666668,31.58401433889,22.01825396642857,15.916428571428572,46.75357142857143,1,5.1764362714980825,70.66250196097344,11,4,10,0.258819045102521,-0.9659258262890682,-0.433883739117558,-0.9009688679024191,-0.8660254037844386,0.5000000000000001,538.5,497.125,348.375,12.85,30.6,5.0,43.5,2.85,5.6428547,0.0,15.2,21.561111120000003,45.95,45.21666666666667,45.75,47.16666666666666,46.15,-6.101825394999999,-0.459523793571428,0.5357619047619053,15.380666666666666,16.291999999999998,22.4153439065873,15.43614285714286,9.081486,9.164542,9.160246,9.057897,8.730706,0,2.0,1,0.5,-0.12,5.3,94.7
2022-10-14 11:45:00,119.65854688333,54.801418988888,54.815307349998,21.561111120000003,16.291999999999998,46.15,1,5.1764362714980825,70.66250196097344,11,4,10,0.258819045102521,-0.9659258262890682,-0.433883739117558,-0.9009688679024191,-0.8660254037844386,0.5000000000000001,564.25,525.625,384.4166666666667,13.525,31.85,7.5,41.25,2.425,5.4659524,0.0,15.55,21.272222226666667,46.75357142857143,45.95,45.21666666666667,45.75,46.18333333333333,-5.269111120000005,-0.4571428464285674,0.3755714285714262,15.916428571428572,17.3,22.019047615476197,15.863031746031746,8.730706,9.081486,9.164542,9.160246,8.592056,0,1.0,0,0.75,-0.23,6.1,93.9
2022-10-14 12:00:00,72.923194088888,31.003482027778,31.015148227778,21.272222226666667,17.3,46.18333333333333,1,5.1764362714980825,70.66250196097344,12,4,10,1.2246467991473532e-16,-1.0,-0.433883739117558,-0.9009688679024191,-0.8660254037844386,0.5000000000000001,590.0,551.375,419.5833333333333,14.2,33.1,10.0,39.0,2.0,5.27853,0.0,15.9,21.21666665,46.15,46.75357142857143,45.95,45.21666666666667,46.5,-3.972222226666666,-0.2888888933333362,1.008000000000003,16.291999999999998,17.548,21.617195771031746,16.50280952380952,8.592056,8.730706,9.081486,9.164542,8.623141,0,1.0,0,0.75,-0.3,6.9,93.1
2022-10-14 12:15:00,60.340364172218,13.108364527778,13.117253055556,21.21666665,17.548,46.5,1,5.1764362714980825,70.66250196097344,12,4,10,1.2246467991473532e-16,-1.0,-0.433883739117558,-0.9009688679024191,-0.8660254037844386,0.5000000000000001,592.25,571.25,451.3541666666667,14.4,34.0,9.5,38.25,1.75,5.208414,0.0,16.0,21.211111136666663,46.18333333333333,46.15,46.75357142857143,45.95,46.31666666666667,-3.668666650000002,-0.0555555766666664,0.2479999999999975,17.3,17.496666666666666,21.34999999888889,17.046666666666667,8.623141,8.592056,8.730706,9.081486,8.586374,0,0.0,0,1.0,-0.31,7.0,93.0
2022-10-14 12:30:00,94.487053733332,51.9795874,51.993753533332,21.211111136666663,17.496666666666666,46.31666666666667,1,5.1764362714980825,70.66250196097344,12,4,10,1.2246467991473532e-16,-1.0,-0.433883739117558,-0.9009688679024191,-0.8660254037844386,0.5000000000000001,594.5,585.25,479.7291666666667,14.6,34.900000000000006,9.0,37.5,1.5,5.13723,0.0,16.1,21.4388889,46.5,46.18333333333333,46.15,46.75357142857143,45.6,-3.71444447,-0.0055555133333342,-0.0513333333333321,17.548,17.208666666666666,21.23333333777778,17.448222222222224,8.586374,8.623141,8.592056,8.730706,8.565849,0,0.0,0,1.0,-0.31,7.0,93.0
2022-10-14 12:45:00,56.62690141667,0.0,0.0,21.4388889,17.208666666666666,45.6,0,5.1764362714980825,70.66250196097344,12,4,10,1.2246467991473532e-16,-1.0,-0.433883739117558,-0.9009688679024191,-0.8660254037844386,0.5000000000000001,596.75,593.375,504.7083333333333,14.8,35.800000000000004,8.5,36.75,1.25,5.064967,0.0,16.2,21.45000003333333,46.31666666666667,46.5,46.18333333333333,46.15,45.583333333333336,-4.230222233333333,0.2277777633333322,-0.2880000000000002,17.496666666666666,16.866,21.288888895555555,17.417777777777776,8.565849,8.586374,8.623141,8.592056,8.56823,1,1.0,1,0.75,-0.26,6.4,93.6
2022-10-14 13:00:00,1213.656451766668,30.119072972222,30.133516894442,21.45000003333333,16.866,45.583333333333336,1,5.1764362714980825,70.66250196097344,13,4,10,-0.2588190451025208,-0.9659258262890684,-0.433883739117558,-0.9009688679024191,-0.8660254037844386,0.5000000000000001,599.0,595.625,526.2916666666666,15.0,36.7,8.0,36.0,1.0,4.991618,0.0,16.3,21.05000001,45.6,46.31666666666667,46.5,46.18333333333333,44.8,-4.584000033333332,0.0111111333333333,-0.3426666666666662,17.208666666666666,16.862000000000002,21.36666669,17.19044444444444,8.56823,8.565849,8.586374,8.623141,8.227908,0,1.0,1,0.75,-0.26,6.4,93.6
2022-10-14 13:15:00,171.413698811108,53.462861416666,53.477860866664,21.05000001,16.862000000000002,44.8,1,5.1764362714980825,70.66250196097344,13,4,10,-0.2588190451025208,-0.9659258262890684,-0.433883739117558,-0.9009688679024191,-0.8660254037844386,0.5000000000000001,603.25,598.375,545.1666666666666,15.3,36.8,23.75,35.0,0.675,4.882298,0.0,16.4,20.637301623571428,45.583333333333336,45.6,46.31666666666667,46.5,44.28214285714286,-4.18800001,-0.4000000233333303,-0.0039999999999977,16.866,16.759285714285713,21.31296298111111,16.97888888888889,8.227908,8.56823,8.565849,8.586374,7.9398737,0,1.0,0,0.75,-0.36,7.7,92.3
2022-10-14 13:30:00,123.76532710555,55.053353344444005,55.068075038886,20.637301623571428,16.759285714285713,44.28214285714286,1,5.1764362714980825,70.66250196097344,13,4,10,-0.2588190451025208,-0.9659258262890684,-0.433883739117558,-0.9009688679024191,-0.8660254037844386,0.5000000000000001,607.5,601.625,561.3333333333334,15.6,36.900000000000006,39.5,34.0,0.35,4.7714505,0.0,16.5,20.4611111,44.8,45.583333333333336,45.6,46.31666666666667,43.75,-3.8780159092857143,-0.4126983864285733,-0.1027142857142884,16.862000000000002,16.807333333333336,21.04576722230159,16.82909523809524,7.9398737,8.227908,8.56823,8.565849,7.764284,0,1.0,0,0.75,-0.46,9.4,90.6
2022-10-14 13:45:00,101.529827577776,58.306556527778,58.319333816666,20.4611111,16.807333333333336,43.75,1,5.1764362714980825,70.66250196097344,13,4,10,-0.2588190451025208,-0.9659258262890684,-0.433883739117558,-0.9009688679024191,-0.8660254037844386,0.5000000000000001,611.75,605.375,574.7916666666666,15.9,37.0,55.25,33.0,0.0249999999999999,4.659065,0.0,16.6,20.22777778333333,44.28214285714286,44.8,45.583333333333336,45.6,44.43333333333333,-3.653777766666664,-0.176190523571428,0.0480476190476224,16.759285714285713,17.477333333333334,20.716137577857143,16.809539682539683,7.764284,7.9398737,8.227908,8.56823,7.7788305,0,0.0,0,1.0,-0.51,10.4,89.6
2022-10-14 14:00:00,102.485067216662,54.410323516666,54.423656333332,20.22777778333333,17.477333333333334,44.43333333333333,1,5.1764362714980825,70.66250196097344,14,4,10,-0.4999999999999997,-0.8660254037844388,-0.433883739117558,-0.9009688679024191,-0.8660254037844386,0.5000000000000001,616.0,609.625,585.5416666666666,16.2,37.1,71.0,32.0,-0.3,4.545126,0.0,16.7,20.18333332,43.75,44.28214285714286,44.8,45.583333333333336,44.6,-2.75044445,-0.2333333166666662,0.6699999999999982,16.807333333333336,17.837333333333333,20.442063502301583,17.01465079365079,7.7788305,7.764284,7.9398737,8.227908,7.7877474,0,0.0,0,1.0,-0.56,11.5,88.5
2022-10-14 14:15:00,80.315954016662,16.876547111112,16.884602372221998,20.18333332,17.837333333333333,44.6,1,5.1764362714980825,70.66250196097344,14,4,10,-0.4999999999999997,-0.8660254037844388,-0.433883739117558,-0.9009688679024191,-0.8660254037844386,0.5000000000000001,572.0,601.8125,590.4791666666666,16.125,37.175,78.25,33.0,0.025,4.6380877,0.0,16.525,20.19074075,44.43333333333333,43.75,44.28214285714286,44.8,45.43333333333333,-2.3459999866666656,-0.0444444633333347,0.3599999999999994,17.477333333333334,17.066666666666666,20.290740734444444,17.374,7.7877474,7.7788305,7.764284,7.9398737,7.936696,0,0.0,0,1.0,-0.57,11.7,88.3
2022-10-14 14:30:00,108.355943305558,53.74979433889,53.763404927778,20.19074075,17.066666666666666,45.43333333333333,1,5.1764362714980825,70.66250196097344,14,4,10,-0.4999999999999997,-0.8660254037844388,-0.433883739117558,-0.9009688679024191,-0.8660254037844386,0.5000000000000001,528.0,581.9375,589.6041666666666,16.05,37.25,85.5,34.0,0.35,4.728536,0.0,16.35,20.22777776,44.6,44.43333333333333,43.75,44.28214285714286,44.1,-3.1240740833333334,0.0074074300000006,-0.770666666666667,17.837333333333333,17.206,20.200617284444444,17.460444444444445,7.936696,7.7877474,7.7788305,7.764284,7.720474,0,0.0,0,1.0,-0.56,11.6,88.4
2022-10-14 14:45:00,107.642083077776,54.720311116666,54.732810633332,20.22777776,17.206,44.1,1,5.1764362714980825,70.66250196097344,14,4,10,-0.4999999999999997,-0.8660254037844388,-0.433883739117558,-0.9009688679024191,-0.8660254037844386,0.5000000000000001,484.0,550.0,582.9166666666666,15.975,37.325,92.75,35.0,0.675,4.8165064,0.0,16.175,20.192592620000003,45.43333333333333,44.6,44.43333333333333,43.75,43.86666666666667,-3.021777759999999,0.0370370099999988,0.1393333333333331,17.066666666666666,17.532666666666668,20.200617276666662,17.37,7.720474,7.936696,7.7877474,7.7788305,7.663844,0,0.0,0,1.0,-0.56,11.5,88.5
2022-10-14 15:00:00,116.210351300004,56.420798627778,56.432187055556,20.192592620000003,17.532666666666668,43.86666666666667,1,5.1764362714980825,70.66250196097344,15,4,10,-0.7071067811865471,-0.7071067811865479,-0.433883739117558,-0.9009688679024191,-0.8660254037844386,0.5000000000000001,440.0,506.0,570.4166666666666,15.9,37.4,100.0,36.0,1.0,4.902037,0.0,16.0,20.06666671,44.1,45.43333333333333,44.6,44.43333333333333,45.2,-2.6599259533333357,-0.0351851399999958,0.326666666666668,17.206,17.456,20.20370371,17.268444444444444,7.663844,7.720474,7.936696,7.7877474,7.8388314,0,0.0,0,1.0,-0.57,11.8,88.2
2022-10-14 15:15:00,128.34208836111,55.366118583334,55.378895855556,20.06666671,17.456,45.2,1,5.1764362714980825,70.66250196097344,15,4,10,-0.7071067811865471,-0.7071067811865479,-0.433883739117558,-0.9009688679024191,-0.8660254037844386,0.5000000000000001,381.0,458.25,552.8125,14.55,36.95,84.5,37.25,1.3,5.026446,0.0,15.85,20.17962964333333,43.86666666666667,44.1,45.43333333333333,44.6,45.5,-2.6106667100000003,-0.1259259100000029,-0.0766666666666679,17.532666666666668,17.514666666666667,20.162345696666662,17.39822222222222,7.8388314,7.663844,7.720474,7.936696,7.943178,0,0.0,0,1.0,-0.59,12.3,87.7
2022-10-14 15:30:00,128.526803322216,56.074701372222,56.085812044444,20.17962964333333,17.514666666666667,45.5,1,5.1764362714980825,70.66250196097344,15,4,10,-0.7071067811865471,-0.7071067811865479,-0.433883739117558,-0.9009688679024191,-0.8660254037844386,0.5000000000000001,322.0,406.75,530.1041666666666,13.2,36.5,69.0,38.5,1.6,5.1481514,0.0,15.7,20.25555556,45.2,43.86666666666667,44.1,45.43333333333333,45.1,-2.664962976666665,0.1129629333333319,0.0586666666666673,17.456,18.034666666666663,20.14629632444445,17.50111111111111,7.943178,7.8388314,7.663844,7.720474,7.9083714,0,0.0,0,1.0,-0.56,11.6,88.4
2022-10-14 15:45:00,102.825886933328,30.656829244444,30.665717805554,20.25555556,18.034666666666663,45.1,1,5.1764362714980825,70.66250196097344,15,4,10,-0.7071067811865471,-0.7071067811865479,-0.433883739117558,-0.9009688679024191,-0.8660254037844386,0.5000000000000001,263.0,351.5,502.2916666666667,11.85,36.05,53.5,39.75,1.9,5.2671905,0.0,15.55,20.225925906666667,45.5,45.2,43.86666666666667,44.1,44.71666666666667,-2.220888893333335,0.0759259166666694,0.5199999999999996,17.514666666666667,17.684,20.16728397111111,17.668444444444443,7.9083714,7.943178,7.8388314,7.663844,7.827585,0,0.0,0,1.0,-0.55,11.3,88.7
2022-10-14 16:00:00,140.837421827778,68.903077116666,68.91696546111,20.225925906666667,17.684,44.71666666666667,1,5.1764362714980825,70.66250196097344,16,4,10,-0.8660254037844385,-0.5000000000000004,-0.433883739117558,-0.9009688679024191,-0.8660254037844386,0.5000000000000001,204.0,292.5,469.375,10.5,35.6,38.0,41.0,2.2,5.383592,0.0,15.4,20.2222222,45.1,45.5,45.2,43.86666666666667,44.25,-2.541925906666666,-0.029629653333334,-0.3506666666666653,18.034666666666663,17.778000000000002,20.22037037,17.744444444444444,7.827585,7.9083714,7.943178,7.8388314,7.744219,0,0.0,0,1.0,-0.56,11.5,88.5
2022-10-14 16:15:00,126.343279383334,54.554206644444,54.566706144444,20.2222222,17.778000000000002,44.25,1,5.1764362714980825,70.66250196097344,16,4,10,-0.8660254037844385,-0.5000000000000004,-0.433883739117558,-0.9009688679024191,-0.8660254037844386,0.5000000000000001,219.0,252.0,437.3541666666667,9.275,32.55,38.25,42.25,2.5250000000000004,5.5309043,0.0,15.35,20.20185185,44.71666666666667,45.1,45.5,45.2,43.53333333333333,-2.4442221999999987,-0.0037037066666663,0.0940000000000012,17.684,17.529999999999998,20.23456788888889,17.832222222222224,7.744219,7.827585,7.9083714,7.943178,7.609729,0,0.0,0,1.0,-0.56,11.6,88.4
2022-10-14 16:30:00,127.050751050002,54.827529027778,54.8403063,20.20185185,17.529999999999998,43.53333333333333,1,5.1764362714980825,70.66250196097344,16,4,10,-0.8660254037844385,-0.5000000000000004,-0.433883739117558,-0.9009688679024191,-0.8660254037844386,0.5000000000000001,234.0,230.0,406.2291666666667,8.05,29.5,38.5,43.5,2.85,5.677267,0.0,15.3,20.12777778,44.25,44.71666666666667,45.1,45.5,43.1,-2.671851850000003,-0.0203703500000003,-0.2480000000000046,17.778000000000002,17.002666666666666,20.216666652222223,17.664,7.609729,7.744219,7.827585,7.9083714,7.5014133,0,0.0,0,1.0,-0.57,11.8,88.2
2022-10-14 16:45:00,122.789254999996,57.062439611112,57.074939111112,20.12777778,17.002666666666666,43.1,1,5.1764362714980825,70.66250196097344,16,4,10,-0.8660254037844385,-0.5000000000000004,-0.433883739117558,-0.9009688679024191,-0.8660254037844386,0.5000000000000001,249.0,226.5,376.0,6.825,26.45,38.75,44.75,3.175,5.8226824,0.0,15.25,20.1111111,43.53333333333333,44.25,44.71666666666667,45.1,42.35,-3.1251111133333325,-0.0740740700000017,-0.5273333333333312,17.529999999999998,17.049333333333333,20.18395061,17.43688888888889,7.5014133,7.609729,7.744219,7.827585,7.363694,0,0.0,0,1.0,-0.59,12.2,87.8
2022-10-14 17:00:00,111.665810888892,55.966372372222,55.977760783334,20.1111111,17.049333333333333,42.35,1,5.1764362714980825,70.66250196097344,17,4,10,-0.9659258262890684,-0.2588190451025206,-0.433883739117558,-0.9009688679024191,-0.8660254037844386,0.5000000000000001,264.0,241.5,346.6666666666667,5.6,23.4,39.0,46.0,3.5,5.9671564,0.0,15.2,20.07222225,43.1,43.53333333333333,44.25,44.71666666666667,41.25,-3.061777766666665,-0.0166666800000001,0.0466666666666668,17.002666666666666,16.822,20.146913576666662,17.194,7.363694,7.5014133,7.609729,7.744219,7.156126,0,0.0,0,1.0,-0.59,12.4,87.6
2022-10-14 17:15:00,515.85492047778,56.457463827778,56.470518872222,20.07222225,16.822,41.25,1,5.1764362714980825,70.66250196097344,17,4,10,-0.9659258262890684,-0.2588190451025206,-0.433883739117558,-0.9009688679024191,-0.8660254037844386,0.5000000000000001,223.5,242.625,317.625,5.125,20.15,29.25,48.75,3.875,6.143467,0.0,14.725,20.03518521333333,42.35,43.1,43.53333333333333,44.25,40.53333333333333,-3.25022225,-0.0388888499999993,-0.227333333333334,17.049333333333333,16.56,20.10370371,16.958,7.156126,7.363694,7.5014133,7.609729,7.0165706,0,0.0,0,1.0,-0.61,12.8,87.2
2022-10-14 17:30:00,128.418196449998,56.434686988888,56.44746426111,20.03518521333333,16.56,40.53333333333333,1,5.1764362714980825,70.66250196097344,17,4,10,-0.9659258262890684,-0.2588190451025206,-0.433883739117558,-0.9009688679024191,-0.8660254037844386,0.5000000000000001,183.0,229.875,288.875,4.65,16.9,19.5,51.5,4.25,6.304165,0.0,14.25,19.99444444,41.25,42.35,43.1,43.53333333333333,40.8,-3.475185213333333,-0.0370370366666676,-0.2620000000000004,16.822,16.358,20.07283952111111,16.810444444444443,7.0165706,7.156126,7.363694,7.5014133,7.0459046,0,0.0,0,1.0,-0.62,13.1,86.9
2022-10-14 17:45:00,127.471012022224,56.358301144444,56.371078416666,19.99444444,16.358,40.8,1,5.1764362714980825,70.66250196097344,17,4,10,-0.9659258262890684,-0.2588190451025206,-0.433883739117558,-0.9009688679024191,-0.8660254037844386,0.5000000000000001,142.5,203.25,260.4166666666667,4.175,13.65,9.75,54.25,4.625,6.4499083,0.0,13.775,19.948148106666665,40.53333333333333,41.25,42.35,43.1,40.35,-3.6364444399999982,-0.0407407733333329,-0.2019999999999981,16.56,15.76,20.03395063444444,16.58,7.0459046,7.0165706,7.156126,7.363694,6.949323,0,0.0,0,1.0,-0.63,13.4,86.6
2022-10-14 18:00:00,118.31304487223,56.401354972222,56.412743383334,19.948148106666665,15.76,40.35,1,5.1764362714980825,70.66250196097344,18,4,10,-1.0,-1.8369701987210294e-16,-0.433883739117558,-0.9009688679024191,-0.8660254037844386,0.5000000000000001,102.0,162.75,232.25,3.7,10.4,0.0,57.0,5.0,6.5813303,0.0,13.3,19.89999999,40.8,40.53333333333333,41.25,42.35,39.55,-4.188148106666665,-0.0462963333333341,-0.5980000000000008,16.358,15.27,19.992592586666664,16.226,6.949323,7.0459046,7.0165706,7.156126,6.7923536,0,0.0,0,1.0,-0.64,13.7,86.3
2022-10-14 18:15:00,113.706007044448,58.267391394446,58.280168666668,19.89999999,15.27,39.55,1,5.1764362714980825,70.66250196097344,18,4,10,-1.0,-1.8369701987210294e-16,-0.433883739117558,-0.9009688679024191,-0.8660254037844386,0.5000000000000001,77.5,126.25,206.95833333333331,4.275,10.4,2.25,60.25,4.95,6.6099243,0.0,12.475,19.837037006666662,40.35,40.8,40.53333333333333,41.25,38.56666666666667,-4.62999999,-0.0481481166666633,-0.4899999999999984,15.76,14.384666666666668,19.947530845555555,15.796,6.7923536,6.949323,7.0459046,7.0165706,6.599074,0,0.0,0,1.0,-0.66,14.1,85.9
2022-10-14 18:30:00,111.742474405562,56.422743016666,56.43302033889,19.837037006666662,14.384666666666668,38.56666666666667,1,5.1764362714980825,70.66250196097344,18,4,10,-1.0,-1.8369701987210294e-16,-0.433883739117558,-0.9009688679024191,-0.8660254037844386,0.5000000000000001,53.0,93.75,184.54166666666663,4.85,10.4,4.5,63.5,4.9,6.6170683,0.0,11.65,19.78333334,39.55,40.35,40.8,40.53333333333333,38.5,-5.452370339999998,-0.0629629833333353,-0.8853333333333335,15.27,14.306,19.895061701111107,15.138222222222224,6.599074,6.7923536,6.949323,7.0459046,6.566952,0,0.0,0,1.0,-0.68,14.7,85.3
2022-10-14 18:45:00,144.82809542778202,58.6676532,58.679597155556,19.78333334,14.306,38.5,1,5.1764362714980825,70.66250196097344,18,4,10,-1.0,-1.8369701987210294e-16,-0.433883739117558,-0.9009688679024191,-0.8660254037844386,0.5000000000000001,28.5,65.25,165.0,5.425,10.4,6.75,66.75,4.85,6.604595,0.0,10.825,19.65370372,38.56666666666667,39.55,40.35,40.8,38.5,-5.477333340000001,-0.0537036666666637,-0.0786666666666668,14.384666666666668,14.076666666666666,19.840123445555555,14.653555555555556,6.566952,6.599074,6.7923536,6.949323,6.5171824,0,0.0,0,1.0,-0.69,15.1,84.9
2022-10-14 19:00:00,192.32619564444,118.825524572222,118.841635077776,19.65370372,14.076666666666666,38.5,2,5.1764362714980825,70.66250196097344,19,4,10,-0.9659258262890684,0.2588190451025203,-0.433883739117558,-0.9009688679024191,-0.8660254037844386,0.5000000000000001,4.0,40.75,148.33333333333334,6.0,10.4,9.0,70.0,4.8,6.57423,0.0,10.0,19.64444446,38.5,38.56666666666667,39.55,40.35,38.5,-5.577037053333333,-0.1296296200000029,-0.2293333333333347,14.306,13.259333333333332,19.75802468888889,14.255777777777778,6.5171824,6.566952,6.599074,6.7923536,6.5136395,0,0.0,1,1.0,-0.72,16.0,84.0
2022-10-14 19:15:00,845.996714311112,124.989722427778,125.008055044444,19.64444446,13.259333333333332,38.5,2,5.1764362714980825,70.66250196097344,19,4,10,-0.9659258262890684,0.2588190451025203,-0.433883739117558,-0.9009688679024191,-0.8660254037844386,0.5000000000000001,3.0,22.125,130.33333333333334,6.15,10.325,7.0,71.5,4.725,6.5570445,0.0,9.625,19.57407407,38.5,38.5,38.56666666666667,39.55,38.31666666666667,-6.385111126666667,-0.0092592600000003,-0.8173333333333339,14.076666666666666,12.862,19.693827173333336,13.880666666666665,6.5136395,6.5171824,6.566952,6.599074,6.455883,0,0.0,0,1.0,-0.73,16.1,83.9
2022-10-14 19:30:00,449.730065694442,124.924725044444,124.949168549998,19.57407407,12.862,38.31666666666667,2,5.1764362714980825,70.66250196097344,19,4,10,-0.9659258262890684,0.2588190451025203,-0.433883739117558,-0.9009688679024191,-0.8660254037844386,0.5000000000000001,2.0,9.375,111.0,6.3,10.25,5.0,73.0,4.65,6.536548,0.0,9.25,19.45555553,38.5,38.5,38.5,38.56666666666667,38.3,-6.712074069999998,-0.0703703900000007,-0.3973333333333322,13.259333333333332,12.233333333333333,19.62407408333333,13.399333333333333,6.455883,6.5136395,6.5171824,6.566952,6.4082737,0,0.0,0,1.0,-0.74,16.6,83.4
2022-10-14 19:45:00,235.929173572222,131.488073633332,131.52418332222,19.45555553,12.233333333333333,38.3,2,5.1764362714980825,70.66250196097344,19,4,10,-0.9659258262890684,0.2588190451025203,-0.433883739117558,-0.9009688679024191,-0.8660254037844386,0.5000000000000001,1.0,2.5,90.33333333333331,6.449999999999999,10.175,3.0,74.5,4.575,6.512888,0.0,8.875,19.41296295,38.31666666666667,38.5,38.5,38.5,38.21666666666667,-7.222222196666669,-0.1185185399999966,-0.6286666666666676,12.862,12.338,19.558024686666663,12.784888888888888,6.4082737,6.455883,6.5136395,6.5171824,6.3783326,0,0.0,0,1.0,-0.77,17.5,82.5
2022-10-14 20:00:00,314.25742928333,214.486697972222,214.529751849998,19.41296295,12.338,38.21666666666667,2,5.1764362714980825,70.66250196097344,20,4,10,-0.8660254037844386,0.5000000000000001,-0.433883739117558,-0.9009688679024191,-0.8660254037844386,0.5000000000000001,0.0,1.5,68.33333333333333,6.6,10.1,1.0,76.0,4.5,6.4862065,0.0,8.5,19.52777779,38.3,38.31666666666667,38.5,38.5,39.2,-7.0749629500000015,-0.0425925800000008,0.1046666666666666,12.233333333333333,12.224666666666668,19.48086418333333,12.477777777777776,6.3783326,6.4082737,6.455883,6.5136395,6.586771,0,0.0,0,1.0,-0.78,17.9,82.1
2022-10-14 20:15:00,351.443163911112,201.306947366668,201.344723672222,19.52777779,12.224666666666668,39.2,2,5.1764362714980825,70.66250196097344,20,4,10,-0.8660254037844386,0.5000000000000001,-0.433883739117558,-0.9009688679024191,-0.8660254037844386,0.5000000000000001,0.0,0.75,49.708333333333336,6.25,9.825,0.75,75.25,4.375,6.432513,0.0,8.525,19.566666663333333,38.21666666666667,38.3,38.31666666666667,38.5,39.68333333333333,-7.303111123333334,0.114814840000001,-0.1133333333333315,12.338,11.292666666666667,19.465432090000004,12.265333333333333,6.586771,6.3783326,6.4082737,6.455883,6.68324,0,0.0,0,1.0,-0.75,16.8,83.2
2022-10-14 20:30:00,258.506048194446,146.420531811112,146.448586255556,19.566666663333333,11.292666666666667,39.68333333333333,2,5.1764362714980825,70.66250196097344,20,4,10,-0.8660254037844386,0.5000000000000001,-0.433883739117558,-0.9009688679024191,-0.8660254037844386,0.5000000000000001,0.0,0.25,34.458333333333336,5.9,9.55,0.5,74.5,4.25,6.378629,0.0,8.55,19.34999998,39.2,38.21666666666667,38.3,38.31666666666667,39.95,-8.273999996666666,0.038888873333331,-0.9320000000000004,12.224666666666668,10.646666666666668,19.502469134444443,11.951777777777778,6.68324,6.586771,6.3783326,6.4082737,6.642968,0,0.0,0,1.0,-0.74,16.4,83.6
2022-10-14 20:45:00,285.514412250002,176.05906843889,176.087678427778,19.34999998,10.646666666666668,39.95,2,5.1764362714980825,70.66250196097344,20,4,10,-0.8660254037844386,0.5000000000000001,-0.433883739117558,-0.9009688679024191,-0.8660254037844386,0.5000000000000001,0.0,0.0,22.58333333333333,5.55,9.275,0.25,73.75,4.125,6.3245525,0.0,8.575,18.940740746666663,39.68333333333333,39.2,38.21666666666667,38.3,39.71666666666667,-8.703333313333333,-0.216666683333333,-0.6460000000000008,11.292666666666667,10.669333333333332,19.481481477777777,11.388,6.642968,6.68324,6.586771,6.3783326,6.4467397,0,0.0,0,1.0,-0.79,18.0,82.0
2022-10-14 21:00:00,354.024171783334,244.4885534,244.524663072222,18.940740746666663,10.669333333333332,39.71666666666667,2,5.1764362714980825,70.66250196097344,21,4,10,-0.7071067811865477,0.7071067811865474,-0.433883739117558,-0.9009688679024191,-0.8660254037844386,0.5000000000000001,0.0,0.0,14.083333333333334,5.2,9.0,0.0,73.0,4.0,6.270284,0.0,8.6,18.86666668,39.95,39.68333333333333,39.2,38.21666666666667,40.3,-8.271407413333334,-0.4092592333333336,0.0226666666666659,10.646666666666668,10.395333333333332,19.285802463333333,10.869555555555555,6.4467397,6.642968,6.68324,6.586771,6.512868,0,0.0,0,1.0,-0.88,21.5,78.5
2022-10-14 21:15:00,353.431139972222,247.979524888888,248.016745649998,18.86666668,10.395333333333332,40.3,2,5.1764362714980825,70.66250196097344,21,4,10,-0.7071067811865477,0.7071067811865474,-0.433883739117558,-0.9009688679024191,-0.8660254037844386,0.5000000000000001,0.0,0.0,7.625,6.15,10.35,4.0,73.25,3.875,6.211484,0.0,8.4,18.972222206666668,39.71666666666667,39.95,39.68333333333333,39.2,40.03333333333333,-8.471333346666665,-0.0740740666666681,-0.2739999999999991,10.669333333333332,10.292666666666666,19.052469135555555,10.570444444444444,6.512868,6.4467397,6.642968,6.68324,6.510228,0,0.0,0,1.0,-0.9,22.0,78.0
2022-10-14 21:30:00,346.30503611111203,248.948652772222,248.989206733332,18.972222206666668,10.292666666666666,40.03333333333333,2,5.1764362714980825,70.66250196097344,21,4,10,-0.7071067811865477,0.7071067811865474,-0.433883739117558,-0.9009688679024191,-0.8660254037844386,0.5000000000000001,0.0,0.0,3.208333333333333,7.1,11.7,8.0,73.5,3.75,6.153033,0.0,8.2,18.89444444,40.3,39.71666666666667,39.95,39.68333333333333,40.35,-8.679555540000003,0.1055555266666701,-0.1026666666666678,10.395333333333332,9.930666666666667,18.92654321111111,10.452444444444444,6.510228,6.512868,6.4467397,6.642968,6.5316577,0,0.0,0,1.0,-0.87,21.1,78.9
2022-10-14 21:45:00,345.747280672222,249.0625371,249.103368866664,18.89444444,9.930666666666667,40.35,2,5.1764362714980825,70.66250196097344,21,4,10,-0.7071067811865477,0.7071067811865474,-0.433883739117558,-0.9009688679024191,-0.8660254037844386,0.5000000000000001,0.0,0.0,0.8333333333333334,8.05,13.05,12.0,73.75,3.625,6.094934,0.0,8.0,18.62222222333333,40.03333333333333,40.3,39.71666666666667,39.95,40.68333333333333,-8.96377777333333,-0.0777777666666708,-0.3619999999999983,10.292666666666666,9.722,18.91111110888889,10.20622222222222,6.5316577,6.510228,6.512868,6.4467397,6.4804587,0,0.0,0,1.0,-0.89,21.7,78.3
2022-10-14 22:00:00,346.16254186111,239.581527455556,239.619859272222,18.62222222333333,9.722,40.68333333333333,2,5.1764362714980825,70.66250196097344,22,4,10,-0.5000000000000004,0.8660254037844384,-0.433883739117558,-0.9009688679024191,-0.8660254037844386,0.5000000000000001,0.0,0.0,0.5,9.0,14.4,16.0,74.0,3.5,6.037188,0.0,7.8,18.32222223,40.35,40.03333333333333,40.3,39.71666666666667,40.95,-8.900222223333332,-0.2722222166666661,-0.2086666666666676,9.930666666666667,9.245333333333331,18.82962962333333,9.981777777777776,6.4804587,6.5316577,6.510228,6.512868,6.4079843,0,0.0,0,1.0,-0.95,24.1,75.9
2022-10-14 22:15:00,345.378128805554,233.710373444444,233.748427488888,18.32222223,9.245333333333331,40.95,2,5.1764362714980825,70.66250196097344,22,4,10,-0.5000000000000004,0.8660254037844384,-0.433883739117558,-0.9009688679024191,-0.8660254037844386,0.5000000000000001,0.0,0.0,0.25,9.575,15.4,14.0,73.25,3.375,5.9856534,0.0,7.825,18.55740743,40.68333333333333,40.35,40.03333333333333,40.3,40.35,-9.076888896666668,-0.2999999933333299,-0.4766666666666665,9.722,9.420666666666667,18.61296296444445,9.632666666666667,6.4079843,6.4804587,6.5316577,6.510228,6.4027414,0,0.0,0,1.0,-1.02,27.0,73.0
2022-10-14 22:30:00,361.924133605554,249.974722844444,250.014165749998,18.55740743,9.420666666666667,40.35,2,5.1764362714980825,70.66250196097344,22,4,10,-0.5000000000000004,0.8660254037844384,-0.433883739117558,-0.9009688679024191,-0.8660254037844386,0.5000000000000001,0.0,0.0,0.0833333333333333,10.15,16.4,12.0,72.5,3.25,5.933935,0.0,7.85,18.56666669,40.95,40.68333333333333,40.35,40.03333333333333,39.95,-9.136740763333334,0.2351852000000001,0.1753333333333344,9.245333333333331,9.799333333333331,18.50061729444444,9.462666666666664,6.4027414,6.4079843,6.4804587,6.5316577,6.3427467,0,0.0,0,1.0,-0.97,24.8,75.2
2022-10-14 22:45:00,349.03826016111,253.585133955556,253.625410177776,18.56666669,9.799333333333331,39.95,2,5.1764362714980825,70.66250196097344,22,4,10,-0.5000000000000004,0.8660254037844384,-0.433883739117558,-0.9009688679024191,-0.8660254037844386,0.5000000000000001,0.0,0.0,0.0,10.725,17.4,10.0,71.75,3.125,5.8820324,0.0,7.875,18.48333332,40.35,40.95,40.68333333333333,40.35,39.53333333333333,-8.767333356666665,0.0092592599999967,0.3786666666666658,9.420666666666667,9.932666666666668,18.48209878333333,9.488444444444443,6.3427467,6.4027414,6.4079843,6.4804587,6.2456837,0,0.0,0,1.0,-0.97,24.8,75.2
2022-10-14 23:00:00,349.72851034999803,254.2714954,254.310938288888,18.48333332,9.932666666666668,39.53333333333333,2,5.1764362714980825,70.66250196097344,23,4,10,-0.2588190451025215,0.965925826289068,-0.433883739117558,-0.9009688679024191,-0.8660254037844386,0.5000000000000001,0.0,0.0,0.0,11.3,18.4,8.0,71.0,3.0,5.8299456,0.0,7.9,18.397222214285712,39.95,40.35,40.95,40.68333333333333,39.5,-8.550666653333332,-0.0833333699999983,0.1333333333333346,9.799333333333331,10.041428571428572,18.53580248,9.717555555555556,6.2456837,6.3427467,6.4027414,6.4079843,6.208646,0,0.0,0,1.0,-0.99,25.7,74.3
2022-10-14 23:15:00,304.52004096111,213.373131416666,213.407574488888,18.397222214285712,10.041428571428572,39.5,2,5.1764362714980825,70.66250196097344,23,4,10,-0.2588190451025215,0.965925826289068,-0.433883739117558,-0.9009688679024191,-0.8660254037844386,0.5000000000000001,0.0,0.0,0.0,11.475,19.3,20.25,70.25,3.0,5.843216,0.0,8.1,18.337037006666662,39.53333333333333,39.95,40.35,40.95,39.31666666666667,-8.35579364285714,-0.0861111057142878,0.1087619047619039,9.932666666666668,10.055333333333332,18.48240740809524,9.92447619047619,6.208646,6.2456837,6.3427467,6.4027414,6.1578064,0,0.0,0,1.0,-1.01,26.6,73.4
2022-10-14 23:30:00,596.366977766664,241.588391627778,241.62922336111,18.337037006666662,10.055333333333332,39.31666666666667,2,5.1764362714980825,70.66250196097344,23,4,10,-0.2588190451025215,0.965925826289068,-0.433883739117558,-0.9009688679024191,-0.8660254037844386,0.5000000000000001,0.0,0.0,0.0,11.65,20.2,32.5,69.5,3.0,5.8557267,0.0,8.3,18.28888889,39.5,39.53333333333333,39.95,40.35,39.35,-8.281703673333334,-0.0601852076190461,0.0139047619047598,10.041428571428572,9.734,18.40586418031746,10.009809523809524,6.1578064,6.208646,6.2456837,6.3427467,6.1454444,0,0.0,0,1.0,-1.03,27.2,72.8
2022-10-14 23:45:00,489.12210108333,254.466209811112,254.508152666664,18.28888889,9.734,39.35,2,5.1764362714980825,70.66250196097344,23,4,10,-0.2588190451025215,0.965925826289068,-0.433883739117558,-0.9009688679024191,-0.8660254037844386,0.5000000000000001,0.0,0.0,0.0,11.825,21.1,44.75,68.75,3.0,5.8674564,0.0,8.5,18.20854700769231,39.31666666666667,39.5,39.53333333333333,39.95,39.5,-8.554888889999999,-0.0481481166666668,-0.3213333333333317,10.055333333333332,9.836153846153849,18.34104937031746,9.943587301587302,6.1454444,6.1578064,6.208646,6.2456837,6.139516,0,0.0,0,1.0,-1.04,27.7,72.3
2022-10-15 00:00:00,287.338228227778,202.336628444444,202.369960477776,18.20854700769231,9.836153846153849,39.5,2,5.1764362714980825,70.66250196097344,0,5,10,0.0,1.0,-0.9749279121818236,-0.2225209339563146,-0.8660254037844386,0.5000000000000001,0.0,0.0,0.0,12.0,22.0,57.0,68.0,3.0,5.8783875,0.0,8.7,18.4388889,39.35,39.31666666666667,39.5,39.53333333333333,39.85,-8.372393161538463,-0.0803418823076889,0.1021538461538469,9.734,9.994666666666667,18.278157634786325,9.875162393162393,6.139516,6.1454444,6.1578064,6.208646,6.2791505,0,0.0,0,1.0,-1.05,28.5,71.5
2022-10-15 00:15:00,211.18349682222,104.652758188888,104.674979533332,18.4388889,9.994666666666667,39.85,2,5.1764362714980825,70.66250196097344,0,5,10,0.0,1.0,-0.9749279121818236,-0.2225209339563146,-0.8660254037844386,0.5000000000000001,0.0,0.0,0.0,12.2,22.525,42.75,67.25,3.075,5.8884983,0.0,8.899999999999999,18.88333332333333,39.5,39.35,39.31666666666667,39.5,40.0,-8.444222233333331,0.2303418923076883,0.1585128205128203,9.836153846153849,9.942,18.31210826589744,9.854940170940171,6.2791505,6.139516,6.1454444,6.1578064,6.4707537,0,0.0,0,1.0,-1.0,26.1,73.9
2022-10-15 00:30:00,175.505757272222,67.217588955556,67.237865927778,18.88333332333333,9.942,40.0,1,5.1764362714980825,70.66250196097344,0,5,10,0.0,1.0,-0.9749279121818236,-0.2225209339563146,-0.8660254037844386,0.5000000000000001,0.0,0.0,0.0,12.4,23.05,28.5,66.5,3.15,5.89777,0.0,9.1,19.10000001,39.85,39.5,39.35,39.31666666666667,40.35,-8.941333323333332,0.4444444233333335,-0.052666666666667,9.994666666666667,9.800666666666666,18.51025641034188,9.924273504273506,6.4707537,6.2791505,6.139516,6.1454444,6.611382,0,0.0,1,1.0,-0.89,21.9,78.1
2022-10-15 00:45:00,176.525994244444,64.221042188888,64.24215246111,19.10000001,9.800666666666666,40.35,1,5.1764362714980825,70.66250196097344,0,5,10,0.0,1.0,-0.9749279121818236,-0.2225209339563146,-0.8660254037844386,0.5000000000000001,0.0,0.0,0.0,12.6,23.575000000000003,14.25,65.75,3.225,5.9061823,0.0,9.3,19.207407436666667,40.0,39.85,39.5,39.35,40.5,-9.299333343333332,0.2166666866666666,-0.1413333333333337,9.942,10.152,18.80740741111111,9.912444444444445,6.611382,6.4707537,6.2791505,6.139516,6.6781096,0,0.0,0,1.0,-0.84,20.0,80.0
2022-10-15 01:00:00,165.892808422224,63.860778800000006,63.881889105554,19.207407436666667,10.152,40.5,1,5.1764362714980825,70.66250196097344,1,5,10,0.2588190451025207,0.9659258262890684,-0.9749279121818236,-0.2225209339563146,-0.8660254037844386,0.5000000000000001,0.0,0.0,0.0,12.8,24.1,0.0,65.0,3.3,5.913712,0.0,9.5,19.2777778,40.35,40.0,39.85,39.5,40.85,-9.055407436666668,0.1074074266666684,0.3513333333333328,9.800666666666666,10.23,19.06358025666667,9.964888888888888,6.6781096,6.611382,6.4707537,6.2791505,6.7638006,0,0.0,0,1.0,-0.82,19.1,80.9
2022-10-15 01:15:00,144.943090911112,54.4244896,54.445877644444,19.2777778,10.23,40.85,1,5.1764362714980825,70.66250196097344,1,5,10,0.2588190451025207,0.9659258262890684,-0.9749279121818236,-0.2225209339563146,-0.8660254037844386,0.5000000000000001,0.0,0.0,0.0,13.0,24.475,0.25,65.25,3.25,5.908162,0.0,9.425,19.2777778,40.5,40.35,40.0,39.85,41.18333333333333,-9.0477778,0.0703703633333319,0.0779999999999994,10.152,10.193333333333332,19.19506174888889,10.060888888888888,6.7638006,6.6781096,6.611382,6.4707537,6.8189936,0,0.0,0,1.0,-0.8,18.4,81.6
2022-10-15 01:30:00,145.319186883338,54.931691527778,54.953635083334,19.2777778,10.193333333333332,41.18333333333333,1,5.1764362714980825,70.66250196097344,1,5,10,0.2588190451025207,0.9659258262890684,-0.9749279121818236,-0.2225209339563146,-0.8660254037844386,0.5000000000000001,0.0,0.0,0.0,13.2,24.85,0.5,65.5,3.2,5.902515,0.0,9.35,19.32222221,40.85,40.5,40.35,40.0,41.5,-9.084444466666666,0.0,-0.0366666666666652,10.23,10.228,19.25432101222222,10.191777777777778,6.8189936,6.7638006,6.6781096,6.611382,6.8894296,0,0.0,0,1.0,-0.8,18.4,81.6
2022-10-15 01:45:00,156.933444561114,56.314414016666,56.3352465,19.32222221,10.228,41.5,1,5.1764362714980825,70.66250196097344,1,5,10,0.2588190451025207,0.9659258262890684,-0.9749279121818236,-0.2225209339563146,-0.8660254037844386,0.5000000000000001,0.0,0.0,0.0,13.4,25.225,0.75,65.75,3.15,5.8967695,0.0,9.275,19.38518519333333,41.18333333333333,40.85,40.5,40.35,41.5,-9.09422221,0.0444444100000005,0.0346666666666664,10.193333333333332,10.307333333333332,19.292592603333333,10.21711111111111,6.8894296,6.8189936,6.7638006,6.6781096,6.9150085,0,0.0,0,1.0,-0.78,18.0,82.0
2022-10-15 02:00:00,164.672024005554,58.102398027778,58.124063811112,19.38518519333333,10.307333333333332,41.5,1,5.1764362714980825,70.66250196097344,2,5,10,0.4999999999999999,0.8660254037844387,-0.9749279121818236,-0.2225209339563146,-0.8660254037844386,0.5000000000000001,0.0,0.0,0.0,13.6,25.6,1.0,66.0,3.1,5.890927,0.0,9.2,19.47222223,41.5,41.18333333333333,40.85,40.5,41.5,-9.07785186,0.0629629833333318,0.0793333333333325,10.228,10.200666666666669,19.328395067777777,10.242888888888888,6.9150085,6.8894296,6.8189936,6.7638006,6.9505005,0,0.0,0,1.0,-0.77,17.5,82.5
2022-10-15 02:15:00,155.880153427778,58.110731027778,58.131841316666,19.47222223,10.200666666666669,41.5,1,5.1764362714980825,70.66250196097344,2,5,10,0.4999999999999999,0.8660254037844387,-0.9749279121818236,-0.2225209339563146,-0.8660254037844386,0.5000000000000001,0.0,0.0,0.0,13.725,26.05,0.75,65.5,3.025,5.855635,0.0,9.225,19.56794874230769,41.5,41.5,41.18333333333333,40.85,41.5,-9.271555563333331,0.0870370366666684,-0.1066666666666655,10.307333333333332,10.12076923076923,19.393209877777775,10.245333333333331,6.9505005,6.9150085,6.8894296,6.8189936,6.9897184,0,0.0,0,1.0,-0.75,16.8,83.2
2022-10-15 02:30:00,117.805565372222,50.596587188888,50.607975633332,19.56794874230769,10.12076923076923,41.5,1,5.1764362714980825,70.66250196097344,2,5,10,0.4999999999999999,0.8660254037844387,-0.9749279121818236,-0.2225209339563146,-0.8660254037844386,0.5000000000000001,0.0,0.0,0.0,13.85,26.5,0.5,65.0,2.95,5.8202143,0.0,9.25,19.65674604642857,41.5,41.5,41.5,41.18333333333333,41.5,-9.447179511538462,0.0957265123076922,-0.0798974358974362,10.200666666666669,10.376428571428573,19.47511872188034,10.209589743589744,6.9897184,6.9505005,6.9150085,6.8894296,7.0262723,0,0.0,0,1.0,-0.73,16.1,83.9
2022-10-15 02:45:00,126.666044305554,54.750865444444,54.762253872222,19.65674604642857,10.376428571428573,41.5,1,5.1764362714980825,70.66250196097344,2,5,10,0.4999999999999999,0.8660254037844387,-0.9749279121818236,-0.2225209339563146,-0.8660254037844386,0.5000000000000001,0.0,0.0,0.0,13.975,26.95,0.25,64.5,2.875,5.784663,0.0,9.275,19.7185185,41.5,41.5,41.5,41.5,41.5,-9.280317474999997,0.0887973041208773,0.2556593406593421,10.12076923076923,10.426666666666668,19.56563900624542,10.23262148962149,7.0262723,6.9897184,6.9505005,6.9150085,7.0517955,0,0.0,0,1.0,-0.71,15.5,84.5
2022-10-15 03:00:00,147.093004827782,58.730150683334,58.741816866668,19.7185185,10.426666666666668,41.5,1,5.1764362714980825,70.66250196097344,3,5,10,0.7071067811865476,0.7071067811865476,-0.9749279121818236,-0.2225209339563146,-0.8660254037844386,0.5000000000000001,0.0,0.0,0.0,14.1,27.4,0.0,64.0,2.8,5.7489824,0.0,9.3,19.76111112,41.5,41.5,41.5,41.5,41.45,-9.291851833333334,0.0617724535714323,0.0502380952380949,10.376428571428573,10.485333333333331,19.647737762912087,10.307954822954825,7.0517955,7.0262723,6.9897184,6.9505005,7.0609236,0,0.0,0,1.0,-0.69,15.1,84.9
2022-10-15 03:15:00,146.88134659445,53.523692283334,53.535914044444,19.76111112,10.485333333333331,41.45,1,5.1764362714980825,70.66250196097344,3,5,10,0.7071067811865476,0.7071067811865476,-0.9749279121818236,-0.2225209339563146,-0.8660254037844386,0.5000000000000001,0.0,0.0,0.0,14.325,27.75,1.25,63.5,2.725,5.7222853,0.0,9.35,19.74126986714285,41.5,41.5,41.5,41.5,41.035714285714285,-9.275777786666666,0.042592619999997,0.0586666666666655,10.426666666666668,10.629285714285714,19.712125222142856,10.429476190476192,7.0609236,7.0517955,7.0262723,6.9897184,6.982217,0,0.0,0,1.0,-0.68,14.8,85.2
2022-10-15 03:30:00,96.25837176111,17.77317796111,17.781233205554003,19.74126986714285,10.629285714285714,41.035714285714285,1,5.1764362714980825,70.66250196097344,3,5,10,0.7071067811865476,0.7071067811865476,-0.9749279121818236,-0.2225209339563146,-0.8660254037844386,0.5000000000000001,0.0,0.0,0.0,14.55,28.1,2.5,63.0,2.65,5.695352,0.0,9.4,19.62777778,41.45,41.5,41.5,41.5,41.35,-9.11198415285714,-0.0198412528571445,0.1439523809523812,10.485333333333331,10.520666666666669,19.74029982904762,10.513761904761903,6.982217,7.0609236,7.0517955,7.0262723,6.9889736,0,0.0,0,1.0,-0.69,15.0,85.0
2022-10-15 03:45:00,125.438871094446,54.5736503,54.585872044444,19.62777778,10.520666666666669,41.35,1,5.1764362714980825,70.66250196097344,3,5,10,0.7071067811865476,0.7071067811865476,-0.9749279121818236,-0.2225209339563146,-0.8660254037844386,0.5000000000000001,0.0,0.0,0.0,14.775,28.45,3.75,62.5,2.575,5.6681805,0.0,9.45,19.631481486666665,41.035714285714285,41.45,41.5,41.5,41.5,-9.107111113333332,-0.1134920871428555,-0.1086190476190473,10.629285714285714,10.473333333333333,19.710052922380957,10.545095238095238,6.9889736,6.982217,7.0609236,7.0517955,7.015855,0,0.0,0,1.0,-0.71,15.7,84.3
2022-10-15 04:00:00,124.99972197778,55.54805573889,55.560833011112,19.631481486666665,10.473333333333333,41.5,1,5.1764362714980825,70.66250196097344,4,5,10,0.8660254037844386,0.5000000000000001,-0.9749279121818236,-0.2225209339563146,-0.8660254037844386,0.5000000000000001,0.0,0.0,0.0,15.0,28.8,5.0,62.0,2.5,5.6407714,0.0,9.5,19.71111111,41.35,41.035714285714285,41.45,41.5,41.45,-9.158148153333332,0.0037037066666663,-0.0473333333333343,10.520666666666669,10.532000000000002,19.666843044603173,10.541095238095238,7.015855,6.9889736,6.982217,7.0609236,7.0402365,0,0.0,0,1.0,-0.71,15.7,84.3
2022-10-15 04:15:00,144.39255731667,56.891335355556,56.9043904,19.71111111,10.532000000000002,41.45,1,5.1764362714980825,70.66250196097344,4,5,10,0.8660254037844386,0.5000000000000001,-0.9749279121818236,-0.2225209339563146,-0.8660254037844386,0.5000000000000001,0.0,0.0,0.0,15.35,29.525,4.75,61.5,2.4,5.595281,0.0,9.5,19.794444443333337,41.5,41.35,41.035714285714285,41.45,41.03333333333333,-9.17911111,0.0796296233333357,0.058666666666669,10.473333333333333,10.552666666666664,19.65679012555556,10.508666666666668,7.0402365,7.015855,6.9889736,6.982217,7.0036283,0,0.0,0,1.0,-0.69,15.1,84.9
2022-10-15 04:30:00,129.377880211112,45.635396744444,45.646507416666,19.794444443333337,10.552666666666664,41.03333333333333,1,5.1764362714980825,70.66250196097344,4,5,10,0.8660254037844386,0.5000000000000001,-0.9749279121818236,-0.2225209339563146,-0.8660254037844386,0.5000000000000001,0.0,0.0,0.0,15.7,30.25,4.5,61.0,2.3,5.5497913,0.0,9.5,19.78333334,41.45,41.5,41.35,41.035714285714285,40.7,-9.241777776666671,0.0833333333333357,0.0206666666666635,10.532000000000002,10.688666666666666,19.71234568,10.519333333333334,7.0036283,7.0402365,7.015855,6.9889736,6.9422073,0,0.0,0,1.0,-0.68,14.6,85.4
2022-10-15 04:45:00,107.062106277776,23.287401816666,23.29517932222,19.78333334,10.688666666666666,40.7,1,5.1764362714980825,70.66250196097344,4,5,10,0.8660254037844386,0.5000000000000001,-0.9749279121818236,-0.2225209339563146,-0.8660254037844386,0.5000000000000001,0.0,0.0,0.0,16.049999999999997,30.975,4.25,60.5,2.2,5.5043015,0.0,9.5,19.67407410666667,41.03333333333333,41.45,41.5,41.35,40.96666666666667,-9.094666673333336,-0.0111111033333344,0.136000000000001,10.552666666666664,10.868666666666666,19.762962964444448,10.591111111111111,6.9422073,7.0036283,7.0402365,7.015855,6.943033,0,0.0,0,1.0,-0.68,14.7,85.3
2022-10-15 05:00:00,122.83286432222,54.651424988888,54.662813416666,19.67407410666667,10.868666666666666,40.96666666666667,1,5.1764362714980825,70.66250196097344,5,5,10,0.9659258262890684,0.2588190451025207,-0.9749279121818236,-0.2225209339563146,-0.8660254037844386,0.5000000000000001,0.0,0.0,0.0,16.4,31.7,4.0,60.0,2.1,5.4588113,0.0,9.5,19.67222225,40.7,41.03333333333333,41.45,41.5,41.3,-8.805407440000003,-0.1092592333333328,0.1799999999999997,10.688666666666666,10.763333333333332,19.75061729666667,10.703333333333331,6.943033,6.9422073,7.0036283,7.0402365,6.998765,0,0.0,0,1.0,-0.7,15.5,84.5
2022-10-15 05:15:00,129.868416172222,55.681939316666,55.693883272222,19.67222225,10.763333333333332,41.3,1,5.1764362714980825,70.66250196097344,5,5,10,0.9659258262890684,0.2588190451025207,-0.9749279121818236,-0.2225209339563146,-0.8660254037844386,0.5000000000000001,0.0,0.0,0.0,16.7,32.425,23.25,59.5,2.0,5.4047093,0.0,9.475,19.738888886666665,40.96666666666667,40.7,41.03333333333333,41.45,41.03333333333333,-8.908888916666669,-0.0018518566666685,-0.1053333333333341,10.868666666666666,10.802666666666664,19.70987656555556,10.773555555555554,6.998765,6.943033,6.9422073,7.0036283,6.9808383,0,0.0,0,1.0,-0.7,15.4,84.6
2022-10-15 05:30:00,140.867976105558,56.8943908,56.906612527778,19.738888886666665,10.802666666666664,41.03333333333333,1,5.1764362714980825,70.66250196097344,5,5,10,0.9659258262890684,0.2588190451025207,-0.9749279121818236,-0.2225209339563146,-0.8660254037844386,0.5000000000000001,0.0,0.0,0.0,17.0,33.15,42.5,59.0,1.9,5.350762,0.0,9.45,19.76666669,41.3,40.96666666666667,40.7,41.03333333333333,41.0,-8.93622222,0.0666666366666639,0.0393333333333334,10.763333333333332,10.798,19.69506174777778,10.811555555555556,6.9808383,6.998765,6.943033,6.9422073,6.9865437,0,0.0,0,1.0,-0.69,15.0,85.0
2022-10-15 05:45:00,96.21142922222,11.4703745,11.479263077776,19.76666669,10.798,41.0,1,5.1764362714980825,70.66250196097344,5,5,10,0.9659258262890684,0.2588190451025207,-0.9749279121818236,-0.2225209339563146,-0.8660254037844386,0.5000000000000001,0.0,0.0,0.0,17.3,33.875,61.75,58.5,1.8,5.2969728,0.0,9.425,19.67407410666667,41.03333333333333,41.3,40.96666666666667,40.7,41.0,-8.968666690000001,0.0277778033333362,-0.0046666666666652,10.802666666666664,10.652,19.725925942222226,10.787999999999998,6.9865437,6.9808383,6.998765,6.943033,6.948683,0,0.0,0,1.0,-0.68,14.8,85.2
2022-10-15 06:00:00,137.026463072226,56.073034772222,56.085534272222,19.67407410666667,10.652,41.0,1,5.1764362714980825,70.66250196097344,6,5,10,1.0,6.123233995736766e-17,-0.9749279121818236,-0.2225209339563146,-0.8660254037844386,0.5000000000000001,0.0,0.0,0.0,17.6,34.6,81.0,58.0,1.7,5.24334,0.0,9.4,19.67222225,41.0,41.03333333333333,41.3,40.96666666666667,41.3,-9.02207410666667,-0.0925925833333316,-0.1460000000000008,10.798,10.781333333333333,19.72654322777778,10.75088888888889,6.948683,6.9865437,6.9808383,6.998765,6.998765,0,0.0,0,1.0,-0.7,15.4,84.6
2022-10-15 06:15:00,132.407203633328,55.438337927778,55.4511152,19.67222225,10.781333333333333,41.3,1,5.1764362714980825,70.66250196097344,6,5,10,1.0,6.123233995736766e-17,-0.9749279121818236,-0.2225209339563146,-0.8660254037844386,0.5000000000000001,0.0,0.0,0.0,17.55,34.675,84.25,58.25,1.675,5.2491827,0.0,9.35,19.738888886666665,41.0,41.0,41.03333333333333,41.3,41.03333333333333,-8.890888916666668,-0.0018518566666685,0.1293333333333333,10.652,10.606666666666666,19.70432101555556,10.743777777777778,6.998765,6.948683,6.9865437,6.9808383,6.9808383,0,0.0,0,1.0,-0.7,15.4,84.6
2022-10-15 06:30:00,126.775762299992,50.066886144444,50.077441272222,19.738888886666665,10.606666666666666,41.03333333333333,1,5.1764362714980825,70.66250196097344,6,5,10,1.0,6.123233995736766e-17,-0.9749279121818236,-0.2225209339563146,-0.8660254037844386,0.5000000000000001,0.0,0.0,0.0,17.5,34.75,87.5,58.5,1.65,5.2549295,0.0,9.3,19.76666669,41.3,41.0,41.0,41.03333333333333,40.7,-9.13222222,0.0666666366666639,-0.1746666666666669,10.781333333333333,10.891333333333334,19.69506174777778,10.679999999999998,6.9808383,6.998765,6.948683,6.9865437,6.9354224,0,0.0,0,1.0,-0.69,15.0,85.0
2022-10-15 06:45:00,110.621686072222,21.579692344444,21.588303149998,19.76666669,10.891333333333334,40.7,1,5.1764362714980825,70.66250196097344,6,5,10,1.0,6.123233995736766e-17,-0.9749279121818236,-0.2225209339563146,-0.8660254037844386,0.5000000000000001,0.0,0.0,0.0,17.45,34.825,90.75,58.75,1.625,5.2605777,0.0,9.25,19.67407410666667,41.03333333333333,41.3,41.0,41.0,40.96666666666667,-8.875333356666667,0.0277778033333362,0.2846666666666682,10.606666666666666,11.240666666666668,19.725925942222226,10.759777777777778,6.9354224,6.9808383,6.998765,6.948683,6.943033,0,0.0,0,1.0,-0.68,14.9,85.1
2022-10-15 07:00:00,147.183834511116,54.62809253889,54.639480950002,19.67407410666667,11.240666666666668,40.96666666666667,1,5.1764362714980825,70.66250196097344,7,5,10,0.9659258262890684,-0.2588190451025206,-0.9749279121818236,-0.2225209339563146,-0.8660254037844386,0.5000000000000001,0.0,0.0,0.0,17.4,34.9,94.0,59.0,1.6,5.266131,0.0,9.2,19.7,40.7,41.03333333333333,41.3,41.0,40.95,-8.433407440000002,-0.0925925833333316,0.3493333333333339,10.891333333333334,11.456,19.72654322777778,10.912888888888888,6.943033,6.9354224,6.9808383,6.998765,6.9507785,0,0.0,0,1.0,-0.7,15.5,84.5
2022-10-15 07:15:00,462.89120586111,22.074117016666,22.085227705554,19.7,11.456,40.95,1,5.1764362714980825,70.66250196097344,7,5,10,0.9659258262890684,-0.2588190451025206,-0.9749279121818236,-0.2225209339563146,-0.8660254037844386,0.5000000000000001,4.75,1.1875,0.3958333333333333,18.25,35.175,82.75,59.5,1.9,5.378944,0.0,9.4,19.650000013333333,40.96666666666667,40.7,41.03333333333333,41.3,40.71666666666667,-8.244,0.0259258933333299,0.2153333333333318,11.240666666666668,11.492666666666668,19.71358026555556,11.196,6.9507785,6.943033,6.9354224,6.9808383,6.8909154,0,0.0,0,1.0,-0.7,15.3,84.7
2022-10-15 07:30:00,126.476051955552,47.150891672222,47.162002327778,19.650000013333333,11.492666666666668,40.71666666666667,1,5.1764362714980825,70.66250196097344,7,5,10,0.9659258262890684,-0.2588190451025206,-0.9749279121818236,-0.2225209339563146,-0.8660254037844386,0.5000000000000001,9.5,3.5625,1.1875,19.1,35.45,71.5,60.0,2.2,5.49367,0.0,9.6,19.65555557,40.95,40.96666666666667,40.7,41.03333333333333,41.05,-8.157333346666666,-0.0499999866666662,0.036666666666667,11.456,11.605333333333334,19.67469137333333,11.396444444444445,6.8909154,6.9507785,6.943033,6.9354224,6.9495974,0,0.0,0,1.0,-0.71,15.7,84.3
2022-10-15 07:45:00,182.576307688892,41.350568127778,41.360567711112,19.65555557,11.605333333333334,41.05,1,5.1764362714980825,70.66250196097344,7,5,10,0.9659258262890684,-0.2588190451025206,-0.9749279121818236,-0.2225209339563146,-0.8660254037844386,0.5000000000000001,14.25,7.125,2.375,19.95,35.725,60.25,60.5,2.5,5.610338,0.0,9.8,19.69814815,40.71666666666667,40.95,40.96666666666667,40.7,41.833333333333336,-8.050222236666666,0.0055555566666676,0.1126666666666675,11.492666666666668,11.843333333333334,19.668518527777778,11.518,6.9495974,6.8909154,6.9507785,6.943033,7.099942,0,0.0,0,1.0,-0.71,15.6,84.4
2022-10-15 08:00:00,648.797102794438,0.0,0.0,19.69814815,11.843333333333334,41.833333333333336,0,5.1764362714980825,70.66250196097344,8,5,10,0.8660254037844387,-0.4999999999999998,-0.9749279121818236,-0.2225209339563146,-0.8660254037844386,0.5000000000000001,19.0,11.875,3.9583333333333335,20.8,36.0,49.0,61.0,2.8,5.7289724,0.0,10.0,19.58888893,41.05,40.71666666666667,40.95,40.96666666666667,42.5,-7.854814816666668,0.0425925800000008,0.2379999999999995,11.605333333333334,12.493333333333334,19.667901244444447,11.64711111111111,7.099942,6.9495974,6.8909154,6.9507785,7.166958,1,1.0,1,0.75,-0.69,15.1,84.9
2022-10-15 08:15:00,133.86020087778,41.544727027778,41.555559927778,19.58888893,12.493333333333334,42.5,1,5.1764362714980825,70.66250196097344,8,5,10,0.8660254037844387,-0.4999999999999998,-0.9749279121818236,-0.2225209339563146,-0.8660254037844386,0.5000000000000001,40.5,20.8125,7.333333333333333,21.175,38.25,42.25,60.25,2.975,5.7945185,0.0,10.375,19.59629633666667,41.833333333333336,41.05,40.71666666666667,40.95,42.31666666666667,-7.0955555966666655,-0.1092592200000019,0.6500000000000004,11.843333333333334,12.862,19.64753088333333,11.98066666666667,7.166958,7.099942,6.9495974,6.8909154,7.1391497,0,1.0,1,0.75,-0.72,15.8,84.2
2022-10-15 08:30:00,133.301889861114,47.220611050002,47.231443950002,19.59629633666667,12.862,42.31666666666667,1,5.1764362714980825,70.66250196097344,8,5,10,0.8660254037844387,-0.4999999999999998,-0.9749279121818236,-0.2225209339563146,-0.8660254037844386,0.5000000000000001,62.0,33.9375,12.5,21.55,40.5,35.5,59.5,3.15,5.8594823,0.0,10.75,19.67777781,42.5,41.833333333333336,41.05,40.71666666666667,41.95,-6.734296336666668,0.0074074066666689,0.368666666666666,12.493333333333334,12.955333333333332,19.62777780555556,12.399555555555557,7.1391497,7.166958,7.099942,6.9495974,7.1112347,0,1.0,0,0.75,-0.72,15.8,84.2
2022-10-15 08:45:00,95.672006283334,19.5267189,19.536163005554,19.67777781,12.955333333333332,41.95,1,5.1764362714980825,70.66250196097344,8,5,10,0.8660254037844387,-0.4999999999999998,-0.9749279121818236,-0.2225209339563146,-0.8660254037844386,0.5000000000000001,83.5,51.25,19.45833333333333,21.925,42.75,28.75,58.75,3.325,5.923806,0.0,11.125,19.79074074333333,42.31666666666667,42.5,41.833333333333336,41.05,41.53333333333333,-6.72244447666667,0.0814814733333335,0.0933333333333319,12.862,13.562666666666669,19.620987692222226,12.770222222222223,7.1112347,7.1391497,7.166958,7.099942,7.087426,0,1.0,0,0.75,-0.7,15.3,84.7
2022-10-15 09:00:00,130.626719172222,54.37004736111,54.382269088888,19.79074074333333,13.562666666666669,41.53333333333333,1,5.1764362714980825,70.66250196097344,9,5,10,0.7071067811865476,-0.7071067811865475,-0.9749279121818236,-0.2225209339563146,-0.8660254037844386,0.5000000000000001,105.0,72.75,28.20833333333333,22.3,45.0,22.0,58.0,3.5,5.9874325,0.0,11.5,19.8333333,41.95,42.31666666666667,42.5,41.833333333333336,41.5,-6.228074076666667,0.1129629333333319,0.6073333333333348,12.955333333333332,14.063571428571429,19.688271630000003,13.126666666666663,7.087426,7.1112347,7.1391497,7.166958,7.0994496,0,0.0,0,1.0,-0.67,14.6,85.4
2022-10-15 09:15:00,119.924925027778,43.914632244444,43.924631827778,19.8333333,14.063571428571429,41.5,1,5.1764362714980825,70.66250196097344,9,5,10,0.7071067811865476,-0.7071067811865475,-0.9749279121818236,-0.2225209339563146,-0.8660254037844386,0.5000000000000001,161.25,102.9375,41.645833333333336,21.525,45.1,39.25,57.5,3.875,6.1338925,0.0,12.025,19.8333333,41.53333333333333,41.95,42.31666666666667,42.5,41.5,-5.769761871428573,0.0425925566666656,0.50090476190476,13.562666666666669,14.586666666666668,19.76728395111111,13.527190476190476,7.0994496,7.087426,7.1112347,7.1391497,7.0994496,0,0.0,0,1.0,-0.66,14.3,85.7
2022-10-15 09:30:00,96.35170136111,0.0,0.0,19.8333333,14.586666666666668,41.5,0,5.1764362714980825,70.66250196097344,9,5,10,0.7071067811865476,-0.7071067811865475,-0.9749279121818236,-0.2225209339563146,-0.8660254037844386,0.5000000000000001,217.5,141.8125,59.770833333333336,20.75,45.2,56.5,57.0,4.25,6.2825866,0.0,12.55,19.82777778,41.5,41.53333333333333,41.95,42.31666666666667,41.5,-5.246666633333332,0.0,0.5230952380952409,14.063571428571429,15.086,19.81913578111111,14.070968253968257,7.0994496,7.0994496,7.087426,7.1112347,7.097137,1,1.0,1,0.75,-0.66,14.3,85.7
2022-10-15 09:45:00,121.993731022228,39.742854672222,39.753409816666,19.82777778,15.086,41.5,1,5.1764362714980825,70.66250196097344,9,5,10,0.7071067811865476,-0.7071067811865475,-0.9749279121818236,-0.2225209339563146,-0.8660254037844386,0.5000000000000001,273.75,189.375,82.58333333333333,19.975,45.3,73.75,56.5,4.625,6.433502,0.0,13.075,20.231481476666666,41.5,41.5,41.53333333333333,41.95,41.13333333333333,-4.741777780000001,-0.0055555199999979,0.4993333333333325,14.586666666666668,15.556,19.831481460000003,14.57874603174603,7.097137,7.0994496,7.0994496,7.087426,7.202668,0,1.0,1,0.75,-0.67,14.3,85.7
2022-10-15 10:00:00,80.020132433332,0.0,0.0,20.231481476666666,15.556,41.13333333333333,0,5.1764362714980825,70.66250196097344,10,5,10,0.4999999999999999,-0.8660254037844387,-0.9749279121818236,-0.2225209339563146,-0.8660254037844386,0.5000000000000001,330.0,245.625,110.08333333333331,19.2,45.4,91.0,56.0,5.0,6.586626,0.0,13.6,20.82777778,41.5,41.5,41.5,41.53333333333333,40.05,-4.675481476666665,0.403703696666664,0.4700000000000006,15.086,15.87,19.964197518888888,15.076222222222222,7.202668,7.097137,7.0994496,7.0994496,7.261123,1,2.0,1,0.5,-0.58,11.9,88.1
2022-10-15 10:15:00,98.769660172222,22.682426,22.691314544444,20.82777778,15.87,40.05,1,5.1764362714980825,70.66250196097344,10,5,10,0.4999999999999999,-0.8660254037844387,-0.9749279121818236,-0.2225209339563146,-0.8660254037844386,0.5000000000000001,330.25,287.875,137.20833333333334,19.425,44.75,68.5,54.75,5.075,6.630456,0.0,14.075,21.65185182333333,41.13333333333333,41.5,41.5,41.5,38.7,-4.957777780000001,0.5962963033333359,0.314,15.556,16.352,20.295679012222223,15.504,7.261123,7.202668,7.097137,7.0994496,7.3598256,0,2.0,1,0.5,-0.44,9.1,90.9
2022-10-15 10:30:00,90.250001055552,0.0,0.0,21.65185182333333,16.352,38.7,0,5.1764362714980825,70.66250196097344,10,5,10,0.4999999999999999,-0.8660254037844387,-0.9749279121818236,-0.2225209339563146,-0.8660254037844386,0.5000000000000001,330.5,316.125,163.95833333333334,19.65,44.1,46.0,53.5,5.15,6.6703615,0.0,14.55,22.533333350000003,40.05,41.13333333333333,41.5,41.5,37.25,-5.299851823333334,0.8240740433333329,0.4819999999999993,15.87,16.992,20.90370369333333,15.926000000000002,7.3598256,7.261123,7.202668,7.097137,7.4531026,1,2.0,1,0.5,-0.25,6.3,93.7
2022-10-15 10:45:00,95.931440455552,0.0,0.0,22.533333350000003,16.992,37.25,0,5.1764362714980825,70.66250196097344,10,5,10,0.4999999999999999,-0.8660254037844387,-0.9749279121818236,-0.2225209339563146,-0.8660254037844386,0.5000000000000001,330.75,330.375,190.33333333333331,19.875,43.45,23.5,52.25,5.225,6.7061014,0.0,15.025,22.916666656666667,38.7,40.05,41.13333333333333,41.5,36.53333333333333,-5.541333350000002,0.8814815266666685,0.6400000000000006,16.352,17.441333333333333,21.670987651111115,16.404666666666667,7.4531026,7.3598256,7.261123,7.202668,7.4721203,0,3.0,0,0.25,-0.06,5.1,94.9
2022-10-15 11:00:00,99.791563794442,22.404103833332,22.41438122222,22.916666656666667,17.441333333333333,36.53333333333333,1,5.1764362714980825,70.66250196097344,11,5,10,0.258819045102521,-0.9659258262890682,-0.9749279121818236,-0.2225209339563146,-0.8660254037844386,0.5000000000000001,331.0,330.625,216.33333333333331,20.1,42.8,1.0,51.0,5.3,6.7374363,0.0,15.5,22.61111113,37.25,38.7,40.05,41.13333333333333,36.85,-5.475333323333334,0.383333306666664,0.4493333333333318,16.992,17.750666666666667,22.367283943333334,16.928444444444448,7.4721203,7.4531026,7.3598256,7.261123,7.4060545,0,2.0,1,0.5,0.03,5.0,95.0
2022-10-15 11:15:00,85.051875605554,0.0,0.0,22.61111113,17.750666666666667,36.85,0,5.1764362714980825,70.66250196097344,11,5,10,0.258819045102521,-0.9659258262890682,-0.9749279121818236,-0.2225209339563146,-0.8660254037844386,0.5000000000000001,389.5,345.4375,245.41666666666663,21.0,45.25,1.25,47.75,4.925,6.571091,0.0,16.175,22.174074073333333,36.53333333333333,37.25,38.7,40.05,37.18333333333333,-4.86044446333333,-0.3055555266666694,0.3093333333333348,17.441333333333333,18.254666666666665,22.68703704555556,17.394666666666666,7.4060545,7.4721203,7.4531026,7.3598256,7.2876735,1,3.0,1,0.25,-0.04,5.0,95.0
2022-10-15 11:30:00,110.64057428333,34.2161313,34.226130916666,22.174074073333333,18.254666666666665,37.18333333333333,1,5.1764362714980825,70.66250196097344,11,5,10,0.258819045102521,-0.9659258262890682,-0.9749279121818236,-0.2225209339563146,-0.8660254037844386,0.5000000000000001,448.0,374.8125,277.5833333333333,21.9,47.7,1.5,44.5,4.55,6.3777695,0.0,16.85,21.841269807142854,36.85,36.53333333333333,37.25,38.7,37.5,-3.919407406666668,-0.4370370566666643,0.5039999999999978,17.750666666666667,18.682142857142857,22.56728395333333,17.81555555555555,7.2876735,7.4060545,7.4721203,7.4531026,7.210074,0,2.0,1,0.5,-0.14,5.4,94.6
2022-10-15 11:45:00,89.43503362222,0.0,0.0,21.841269807142854,18.682142857142857,37.5,0,5.1764362714980825,70.66250196097344,11,5,10,0.258819045102521,-0.9659258262890682,-0.9749279121818236,-0.2225209339563146,-0.8660254037844386,0.5000000000000001,506.5,418.75,312.8333333333333,22.8,50.15,1.75,41.25,4.175,6.1557837,0.0,17.525,21.585185176666663,37.18333333333333,36.85,36.53333333333333,37.25,37.68333333333333,-3.159126950000001,-0.3328042661904753,0.4274761904761917,18.254666666666665,19.192666666666664,22.2088183368254,18.22915873015873,7.210074,7.2876735,7.4060545,7.4721203,7.1389093,1,2.0,1,0.5,-0.22,6.0,94.0
2022-10-15 12:00:00,104.848861494442,15.5193792,15.527989988888,21.585185176666663,19.192666666666664,37.68333333333333,1,5.1764362714980825,70.66250196097344,12,5,10,1.2246467991473532e-16,-1.0,-0.9749279121818236,-0.2225209339563146,-0.8660254037844386,0.5000000000000001,565.0,477.25,351.1666666666667,23.7,52.6,2.0,38.0,3.8,5.903372,0.0,18.2,21.49444444,37.5,37.18333333333333,36.85,36.53333333333333,37.2,-2.392518510000002,-0.2560846304761917,0.5105238095238072,18.682142857142857,19.51066666666667,21.86684301904762,18.7098253968254,7.1389093,7.210074,7.2876735,7.4060545,7.01044,0,2.0,1,0.5,-0.28,6.6,93.4
2022-10-15 12:15:00,326.385555155556,31.083756616666,31.094033972222,21.49444444,19.51066666666667,37.2,1,5.1764362714980825,70.66250196097344,12,5,10,1.2246467991473532e-16,-1.0,-0.9749279121818236,-0.2225209339563146,-0.8660254037844386,0.5000000000000001,578.5,524.5,385.9375,24.35,53.95,2.25,36.75,3.55,5.811695,0.0,18.5,21.46851849333333,37.68333333333333,37.5,37.18333333333333,36.85,36.06666666666667,-1.9837777733333295,-0.0907407366666674,0.3180000000000049,19.192666666666664,19.522,21.64029980793651,19.12849206349206,7.01044,7.1389093,7.210074,7.2876735,6.7866693,0,1.0,0,0.75,-0.3,6.9,93.1
2022-10-15 12:30:00,247.914805327774,0.0,0.0,21.46851849333333,19.522,36.06666666666667,0,5.1764362714980825,70.66250196097344,12,5,10,1.2246467991473532e-16,-1.0,-0.9749279121818236,-0.2225209339563146,-0.8660254037844386,0.5000000000000001,592.0,560.5,417.1458333333333,25.0,55.3,2.5,35.5,3.3,5.714584,0.0,18.8,21.56666669,37.2,37.68333333333333,37.5,37.18333333333333,36.4,-1.9465184933333328,-0.0259259466666677,0.0113333333333294,19.51066666666667,19.948666666666668,21.51604937,19.408444444444445,6.7866693,7.01044,7.1389093,7.210074,6.888404,1,2.0,1,0.5,-0.31,7.1,92.9
2022-10-15 12:45:00,140.593542683334,17.153202727778,17.159313633332,21.56666669,19.948666666666668,36.4,1,5.1764362714980825,70.66250196097344,12,5,10,1.2246467991473532e-16,-1.0,-0.9749279121818236,-0.2225209339563146,-0.8660254037844386,0.5000000000000001,605.5,585.25,444.7916666666667,25.65,56.65,2.75,34.25,3.05,5.611892,0.0,19.1,21.835185173333333,36.06666666666667,37.2,37.68333333333333,37.5,35.68333333333333,-1.6180000233333305,0.098148196666667,0.4266666666666694,19.522,20.54133333333333,21.50987654111111,19.660444444444447,6.888404,6.7866693,7.01044,7.1389093,6.858379,0,1.0,1,0.75,-0.29,6.7,93.3
2022-10-15 13:00:00,105.422727372222,0.0,0.0,21.835185173333333,20.54133333333333,35.68333333333333,0,5.1764362714980825,70.66250196097344,13,5,10,-0.2588190451025208,-0.9659258262890684,-0.9749279121818236,-0.2225209339563146,-0.8660254037844386,0.5000000000000001,619.0,598.75,468.875,26.3,58.0,3.0,33.0,2.8,5.503477,0.0,19.4,21.7,36.4,36.06666666666667,37.2,37.68333333333333,33.2,-1.2938518399999983,0.2685184833333345,0.5926666666666662,19.948666666666668,20.491333333333333,21.62345678555556,20.004,6.858379,6.888404,6.7866693,7.01044,6.3314505,1,2.0,1,0.5,-0.23,6.1,93.9
2022-10-15 13:15:00,102.735890433332,0.0,0.0,21.7,20.491333333333333,33.2,0,5.1764362714980825,70.66250196097344,13,5,10,-0.2588190451025208,-0.9659258262890684,-0.9749279121818236,-0.2225209339563146,-0.8660254037844386,0.5000000000000001,617.25,608.4375,492.7916666666667,26.475,58.25,2.25,33.25,2.975,5.594295,0.0,19.55,21.66296299333333,35.68333333333333,36.4,36.06666666666667,37.2,33.65,-1.208666666666666,-0.1351851733333333,-0.0500000000000007,20.54133333333333,20.758666666666667,21.700617287777774,20.327111111111112,6.3314505,6.858379,6.888404,6.7866693,6.4035473,0,3.0,0,0.25,-0.28,6.6,93.4
2022-10-15 13:30:00,129.05122657778,0.0,0.0,21.66296299333333,20.758666666666667,33.65,0,5.1764362714980825,70.66250196097344,13,5,10,-0.2588190451025208,-0.9659258262890684,-0.9749279121818236,-0.2225209339563146,-0.8660254037844386,0.5000000000000001,615.5,614.3125,516.5416666666666,26.65,58.5,1.5,33.5,3.15,5.686229,0.0,19.7,21.70555555,33.2,35.68333333333333,36.4,36.06666666666667,34.35,-0.9042963266666676,-0.0370370066666652,0.2673333333333332,20.491333333333333,20.69,21.73271605555556,20.597111111111115,6.4035473,6.3314505,6.858379,6.888404,6.5528646,0,3.0,0,0.25,-0.28,6.7,93.3
2022-10-15 13:45:00,340.38721721667,0.0,0.0,21.70555555,20.69,34.35,0,5.1764362714980825,70.66250196097344,13,5,10,-0.2588190451025208,-0.9659258262890684,-0.9749279121818236,-0.2225209339563146,-0.8660254037844386,0.5000000000000001,613.75,616.375,540.125,26.825,58.75,0.75,33.75,3.325,5.7792935,0.0,19.85,21.68148146333333,33.65,33.2,35.68333333333333,36.4,34.31666666666667,-1.0155555499999984,0.0425925566666656,-0.0686666666666653,20.758666666666667,21.218,21.689506181111117,20.646666666666665,6.5528646,6.4035473,6.3314505,6.858379,6.537405,0,4.0,0,0.0,-0.27,6.5,93.5
2022-10-15 14:00:00,100.95818376111,0.0,0.0,21.68148146333333,21.218,34.31666666666667,0,5.1764362714980825,70.66250196097344,14,5,10,-0.4999999999999997,-0.8660254037844388,-0.9749279121818236,-0.2225209339563146,-0.8660254037844386,0.5000000000000001,612.0,614.625,563.5416666666666,27.0,59.0,0.0,34.0,3.5,5.8734975,0.0,20.0,21.4833333,34.35,33.65,33.2,35.68333333333333,34.35,-0.4634814633333342,-0.0240740866666655,0.5279999999999987,20.69,21.211333333333336,21.68333333555556,20.88888888888889,6.537405,6.5528646,6.4035473,6.3314505,6.469188,0,4.0,0,0.0,-0.28,6.6,93.4
2022-10-15 14:15:00,95.634230244436,0.0,0.0,21.4833333,21.211333333333336,34.35,0,5.1764362714980825,70.66250196097344,14,5,10,-0.4999999999999997,-0.8660254037844388,-0.9749279121818236,-0.2225209339563146,-0.8660254037844386,0.5000000000000001,593.25,608.625,580.5208333333334,27.075,60.55,9.5,34.25,3.625,5.925352,0.0,20.025,21.32037035666667,34.31666666666667,34.35,33.65,33.2,34.86666666666667,-0.2719999666666659,-0.1981481633333324,-0.0066666666666641,21.218,21.45,21.62345677111111,21.039777777777772,6.469188,6.537405,6.5528646,6.4035473,6.5048037,0,4.0,0,0.0,-0.32,7.2,92.8
2022-10-15 14:30:00,120.547677966664,0.0,0.0,21.32037035666667,21.45,34.86666666666667,0,5.1764362714980825,70.66250196097344,14,5,10,-0.4999999999999997,-0.8660254037844388,-0.9749279121818236,-0.2225209339563146,-0.8660254037844386,0.5000000000000001,574.5,598.375,591.0625,27.15,62.1,19.0,34.5,3.75,5.9773455,0.0,20.05,21.23333333,34.35,34.31666666666667,34.35,33.65,35.85,0.129629643333331,-0.1629629433333335,0.2386666666666634,21.211333333333336,21.456666666666667,21.495061706666664,21.293111111111116,6.5048037,6.469188,6.537405,6.5528646,6.6545916,0,4.0,0,0.0,-0.36,7.6,92.4
2022-10-15 14:45:00,103.470027650002,0.0,0.0,21.23333333,21.456666666666667,35.85,0,5.1764362714980825,70.66250196097344,14,5,10,-0.4999999999999997,-0.8660254037844388,-0.9749279121818236,-0.2225209339563146,-0.8660254037844386,0.5000000000000001,555.75,583.875,595.1666666666666,27.225,63.650000000000006,28.5,34.75,3.875,6.0294747,0.0,20.075000000000003,21.150000013333333,34.86666666666667,34.35,34.31666666666667,34.35,35.81666666666667,0.2233333366666663,-0.0870370266666675,0.0066666666666677,21.45,20.986,21.34567899555556,21.372666666666664,6.6545916,6.5048037,6.469188,6.537405,6.616341,0,4.0,0,0.0,-0.37,7.9,92.1
2022-10-15 15:00:00,107.557086494442,0.0,0.0,21.150000013333333,20.986,35.81666666666667,0,5.1764362714980825,70.66250196097344,15,5,10,-0.7071067811865471,-0.7071067811865479,-0.9749279121818236,-0.2225209339563146,-0.8660254037844386,0.5000000000000001,537.0,565.125,592.8333333333334,27.3,65.2,38.0,35.0,4.0,6.0817437,0.0,20.1,21.11666666,35.85,34.86666666666667,34.35,34.31666666666667,36.3,-0.1640000133333323,-0.0833333166666676,-0.4706666666666663,21.456666666666667,20.822666666666667,21.2345679,21.29755555555556,6.616341,6.6545916,6.5048037,6.469188,6.6926656,0,4.0,0,0.0,-0.39,8.2,91.8
2022-10-15 15:15:00,79.080447855552,0.0,0.0,21.11666666,20.822666666666667,36.3,0,5.1764362714980825,70.66250196097344,15,5,10,-0.7071067811865471,-0.7071067811865479,-0.9749279121818236,-0.2225209339563146,-0.8660254037844386,0.5000000000000001,486.5,538.4375,585.1666666666666,25.4,64.825,42.25,36.0,4.225,6.173621,0.0,19.875,21.16296299333333,35.81666666666667,35.85,34.86666666666667,34.35,37.61666666666667,-0.2939999933333332,-0.033333353333333,-0.163333333333334,20.986,20.372,21.166666667777776,21.088444444444445,6.6926656,6.616341,6.6545916,6.5048037,6.9540815,0,4.0,0,0.0,-0.4,8.3,91.7
2022-10-15 15:30:00,75.472536577776,14.062215272221998,14.070826077776,21.16296299333333,20.372,37.61666666666667,1,5.1764362714980825,70.66250196097344,15,5,10,-0.7071067811865471,-0.7071067811865479,-0.9749279121818236,-0.2225209339563146,-0.8660254037844386,0.5000000000000001,436.0,503.8125,572.1666666666666,23.5,64.45,46.5,37.0,4.45,6.261905,0.0,19.65,21.12222223,36.3,35.81666666666667,35.85,34.86666666666667,38.4,-0.7909629933333342,0.0462963333333341,-0.4506666666666667,20.822666666666667,20.16,21.14320988888889,20.72688888888889,6.9540815,6.6926656,6.616341,6.6545916,7.0821285,0,3.0,1,0.25,-0.38,8.0,92.0
2022-10-15 15:45:00,98.94381983889,30.6779395,30.68766136111,21.12222223,20.16,38.4,1,5.1764362714980825,70.66250196097344,15,5,10,-0.7071067811865471,-0.7071067811865479,-0.9749279121818236,-0.2225209339563146,-0.8660254037844386,0.5000000000000001,385.5,461.25,553.8333333333334,21.6,64.075,50.75,38.0,4.675000000000001,6.3466644,0.0,19.425,21.03888891333333,37.61666666666667,36.3,35.81666666666667,35.85,39.15,-0.9622222299999984,-0.0407407633333356,-0.2119999999999997,20.372,17.240666666666666,21.13395062777777,20.451555555555554,7.0821285,6.9540815,6.6926656,6.616341,7.1855984,0,2.0,0,0.5,-0.38,8.0,92.0
2022-10-15 16:00:00,60.677017338886,0.0,0.0,21.03888891333333,17.240666666666666,39.15,0,5.1764362714980825,70.66250196097344,16,5,10,-0.8660254037844385,-0.5000000000000004,-0.9749279121818236,-0.2225209339563146,-0.8660254037844386,0.5000000000000001,335.0,410.75,530.1666666666666,19.7,63.7,55.0,39.0,4.9,6.427964,0.0,19.2,20.92222223,38.4,37.61666666666667,36.3,35.81666666666667,39.9,-3.798222246666669,-0.0833333166666641,-2.9193333333333342,20.16,15.614,21.10802471222222,19.257555555555555,7.1855984,7.0821285,6.9540815,6.6926656,7.2737727,1,2.0,1,0.5,-0.4,8.3,91.7
2022-10-15 16:15:00,113.372131566668,48.324733583334,48.337233083334,20.92222223,15.614,39.9,1,5.1764362714980825,70.66250196097344,16,5,10,-0.8660254037844385,-0.5000000000000004,-0.9749279121818236,-0.2225209339563146,-0.8660254037844386,0.5000000000000001,303.5,365.0,504.0208333333333,19.1,58.225,55.0,44.75,5.525,6.9005513,0.0,18.075,20.8888889,39.15,38.4,37.61666666666667,36.3,40.65,-5.308222229999998,-0.1166666833333351,-1.6266666666666652,17.240666666666666,15.506,21.02777779111111,17.671555555555553,7.2737727,7.1855984,7.0821285,6.9540815,7.396149,0,1.0,1,0.75,-0.42,8.7,91.3
2022-10-15 16:30:00,63.689674577776,0.0,0.0,20.8888889,15.506,40.65,0,5.1764362714980825,70.66250196097344,16,5,10,-0.8660254037844385,-0.5000000000000004,-0.9749279121818236,-0.2225209339563146,-0.8660254037844386,0.5000000000000001,272.0,324.0,475.3958333333333,18.5,52.75,55.0,50.5,6.15,7.281254,0.0,16.95,20.81111113,39.9,39.15,38.4,37.61666666666667,41.35,-5.382888900000001,-0.0333333299999978,-0.1080000000000005,15.614,15.784666666666668,20.950000014444445,16.12022222222222,7.396149,7.2737727,7.1855984,7.0821285,7.48955,1,2.0,1,0.5,-0.42,8.7,91.3
2022-10-15 16:45:00,80.933429249998,21.8191272,21.829126833332,20.81111113,15.784666666666668,41.35,1,5.1764362714980825,70.66250196097344,16,5,10,-0.8660254037844385,-0.5000000000000004,-0.9749279121818236,-0.2225209339563146,-0.8660254037844386,0.5000000000000001,240.5,287.75,444.2916666666667,17.9,47.275,55.0,56.25,6.775,7.578795,0.0,15.825,20.7777778,40.65,39.9,39.15,38.4,41.68333333333333,-5.026444463333329,-0.0777777700000044,0.2786666666666679,15.506,15.604666666666668,20.874074086666663,15.63488888888889,7.48955,7.396149,7.2737727,7.1855984,7.5352936,0,2.0,1,0.5,-0.44,9.0,91.0
2022-10-15 17:00:00,105.862432049998,40.726148655556,40.736981555556,20.7777778,15.604666666666668,41.68333333333333,1,5.1764362714980825,70.66250196097344,17,5,10,-0.9659258262890684,-0.2588190451025206,-0.9749279121818236,-0.2225209339563146,-0.8660254037844386,0.5000000000000001,209.0,256.25,410.7083333333333,17.3,41.8,55.0,62.0,7.4,7.801311,0.0,14.7,20.77222224,41.35,40.65,39.9,39.15,42.0,-5.173111133333332,-0.0333333299999978,-0.1800000000000015,15.784666666666668,15.346666666666666,20.82592594333333,15.631777777777778,7.5352936,7.48955,7.396149,7.2737727,7.590085,0,1.0,0,0.75,-0.44,9.1,90.9
2022-10-15 17:15:00,60.398973011104005,0.0,0.0,20.77222224,15.346666666666666,42.0,0,5.1764362714980825,70.66250196097344,17,5,10,-0.9659258262890684,-0.2588190451025206,-0.9749279121818236,-0.2225209339563146,-0.8660254037844386,0.5000000000000001,173.75,223.8125,375.75,14.85,40.8,49.25,64.0,7.300000000000001,7.7625694,0.0,14.1,20.705555556666663,41.68333333333333,41.35,40.65,39.9,42.36666666666667,-5.425555573333336,-0.0055555599999976,-0.2580000000000009,15.604666666666668,14.900666666666666,20.787037056666662,15.578666666666669,7.590085,7.5352936,7.48955,7.396149,7.6266875,1,2.0,1,0.5,-0.44,9.1,90.9
2022-10-15 17:30:00,180.695827444444,0.0,0.0,20.705555556666663,14.900666666666666,42.36666666666667,0,5.1764362714980825,70.66250196097344,17,5,10,-0.9659258262890684,-0.2588190451025206,-0.9749279121818236,-0.2225209339563146,-0.8660254037844386,0.5000000000000001,138.5,190.4375,339.4166666666667,12.4,39.8,43.5,66.0,7.2,7.715114,0.0,13.5,20.6666667,42.0,41.68333333333333,41.35,40.65,43.75,-5.804888889999997,-0.066666683333338,-0.4459999999999997,15.346666666666666,14.414,20.751851865555555,15.284,7.6266875,7.590085,7.5352936,7.48955,7.857892,0,2.0,0,0.5,-0.46,9.3,90.7
2022-10-15 17:45:00,569.585548966668,0.0,0.0,20.6666667,14.414,43.75,0,5.1764362714980825,70.66250196097344,17,5,10,-0.9659258262890684,-0.2588190451025206,-0.9749279121818236,-0.2225209339563146,-0.8660254037844386,0.5000000000000001,103.25,156.125,301.7083333333333,9.95,38.8,37.75,68.0,7.1,7.6595416,0.0,12.9,20.68703705,42.36666666666667,42.0,41.68333333333333,41.35,44.833333333333336,-6.252666700000001,-0.0388888566666629,-0.4866666666666663,14.900666666666666,14.191333333333334,20.71481483222222,14.88711111111111,7.857892,7.6266875,7.590085,7.5352936,8.062028,0,3.0,0,0.25,-0.46,9.4,90.6
2022-10-15 18:00:00,851.366777349998,0.0,0.0,20.68703705,14.191333333333334,44.833333333333336,0,5.1764362714980825,70.66250196097344,18,5,10,-1.0,-1.8369701987210294e-16,-0.9749279121818236,-0.2225209339563146,-0.8660254037844386,0.5000000000000001,68.0,120.875,262.625,7.5,37.8,32.0,70.0,7.0,7.5964284,0.0,12.3,20.76111112,43.75,42.36666666666667,42.0,41.68333333333333,45.5,-6.495703716666666,0.0203703500000003,-0.2226666666666652,14.414,13.781333333333333,20.68641976888889,14.502,8.062028,7.857892,7.6266875,7.590085,8.217275,0,4.0,0,0.0,-0.45,9.2,90.8
2022-10-15 18:15:00,152.786110627774,0.0,0.0,20.76111112,13.781333333333333,45.5,0,5.1764362714980825,70.66250196097344,18,5,10,-1.0,-1.8369701987210294e-16,-0.9749279121818236,-0.2225209339563146,-0.8660254037844386,0.5000000000000001,51.75,90.375,226.39583333333331,7.65,32.224999999999994,28.0,70.25,6.7,7.470669,0.0,11.975,20.79814815,44.833333333333336,43.75,42.36666666666667,42.0,45.68333333333333,-6.979777786666666,0.0740740699999982,-0.4100000000000019,14.191333333333334,13.594666666666663,20.70493829,14.12888888888889,8.217275,8.062028,7.857892,7.6266875,8.2681875,0,4.0,0,0.0,-0.42,8.8,91.2
2022-10-15 18:30:00,121.510695094438,0.0,0.0,20.79814815,13.594666666666663,45.68333333333333,0,5.1764362714980825,70.66250196097344,18,5,10,-1.0,-1.8369701987210294e-16,-0.9749279121818236,-0.2225209339563146,-0.8660254037844386,0.5000000000000001,35.5,64.625,193.02083333333331,7.8,26.65,24.0,70.5,6.4,7.346509,0.0,11.65,20.8333333,45.5,44.833333333333336,43.75,42.36666666666667,45.65,-7.203481483333334,0.0370370300000004,-0.1866666666666674,13.781333333333333,13.431333333333331,20.74876544,13.855777777777776,8.2681875,8.217275,8.062028,7.857892,8.279088,0,4.0,0,0.0,-0.41,8.6,91.4
2022-10-15 18:45:00,513.13752926111,0.0,0.0,20.8333333,13.431333333333331,45.65,0,5.1764362714980825,70.66250196097344,18,5,10,-1.0,-1.8369701987210294e-16,-0.9749279121818236,-0.2225209339563146,-0.8660254037844386,0.5000000000000001,19.25,43.625,162.5,7.949999999999999,21.075,20.0,70.75,6.1,7.2239347,0.0,11.325,20.853703686666663,45.68333333333333,45.5,44.833333333333336,43.75,45.86666666666667,-7.401999966666667,0.0351851500000002,-0.1633333333333322,13.594666666666663,13.223333333333333,20.797530856666665,13.602444444444444,8.279088,8.2681875,8.217275,8.062028,8.328246,0,4.0,0,0.0,-0.41,8.4,91.6
2022-10-15 19:00:00,129.880915788884,0.0,0.0,20.853703686666663,13.223333333333333,45.86666666666667,0,5.1764362714980825,70.66250196097344,19,5,10,-0.9659258262890684,0.2588190451025203,-0.9749279121818236,-0.2225209339563146,-0.8660254037844386,0.5000000000000001,3.0,27.375,134.83333333333334,8.1,15.5,16.0,71.0,5.8,7.102936,0.0,11.0,20.97777778,45.65,45.68333333333333,45.5,44.833333333333336,46.75,-7.630370353333333,0.0203703866666664,-0.2080000000000001,13.431333333333331,13.008,20.82839504555556,13.416444444444444,8.328246,8.279088,8.2681875,8.217275,8.550092,0,4.0,0,0.0,-0.4,8.3,91.7
2022-10-15 19:15:00,346.619468033332,0.0,0.0,20.97777778,13.008,46.75,0,5.1764362714980825,70.66250196097344,19,5,10,-0.9659258262890684,0.2588190451025203,-0.9749279121818236,-0.2225209339563146,-0.8660254037844386,0.5000000000000001,2.25,15.0,109.72916666666669,7.949999999999999,15.675,13.75,72.0,5.7,7.0458927,0.0,10.65,21.083333343333333,45.86666666666667,45.65,45.68333333333333,45.5,46.06666666666667,-7.969777779999999,0.1240740933333341,-0.2153333333333318,13.223333333333333,12.715333333333332,20.888271588888887,13.220888888888888,8.550092,8.328246,8.279088,8.2681875,8.476934,0,4.0,0,0.0,-0.37,7.8,92.2
2022-10-15 19:30:00,114.795408149994,0.0,0.0,21.083333343333333,12.715333333333332,46.06666666666667,0,5.1764362714980825,70.66250196097344,19,5,10,-0.9659258262890684,0.2588190451025203,-0.9749279121818236,-0.2225209339563146,-0.8660254037844386,0.5000000000000001,1.5,6.5,87.1875,7.8,15.85,11.5,73.0,5.6,6.987519,0.0,10.3,21.01666668,46.75,45.86666666666667,45.65,45.68333333333333,45.65,-8.368000010000001,0.1055555633333327,-0.2926666666666691,13.008,12.472,20.971604936666665,12.98222222222222,8.476934,8.550092,8.328246,8.279088,8.367801,0,4.0,0,0.0,-0.34,7.5,92.5
2022-10-15 19:45:00,91.248294488884,0.0,0.0,21.01666668,12.472,45.65,0,5.1764362714980825,70.66250196097344,19,5,10,-0.9659258262890684,0.2588190451025203,-0.9749279121818236,-0.2225209339563146,-0.8660254037844386,0.5000000000000001,0.75,1.875,67.20833333333333,7.65,16.025,9.25,74.0,5.5,6.9278917,0.0,9.95,21.0,46.06666666666667,46.75,45.86666666666667,45.65,45.5,-8.54466668,-0.0666666633333328,-0.2433333333333323,12.715333333333332,12.44,21.025925934444444,12.73177777777778,8.367801,8.476934,8.550092,8.328246,8.332233,0,4.0,0,0.0,-0.36,7.7,92.3
2022-10-15 20:00:00,81.599236049994,0.0,0.0,21.0,12.44,45.5,0,5.1764362714980825,70.66250196097344,20,5,10,-0.8660254037844386,0.5000000000000001,-0.9749279121818236,-0.2225209339563146,-0.8660254037844386,0.5000000000000001,0.0,1.125,49.79166666666666,7.5,16.2,7.0,75.0,5.4,6.8670874,0.0,9.6,21.0,45.65,46.06666666666667,46.75,45.86666666666667,45.8,-8.56,-0.0166666800000001,-0.032,12.472,12.306666666666668,21.033333341111117,12.542444444444444,8.332233,8.367801,8.476934,8.550092,8.387172,0,4.0,0,0.0,-0.37,7.8,92.2
2022-10-15 20:15:00,85.007432933332,0.0,0.0,21.0,12.306666666666668,45.8,0,5.1764362714980825,70.66250196097344,20,5,10,-0.8660254037844386,0.5000000000000001,-0.9749279121818236,-0.2225209339563146,-0.8660254037844386,0.5000000000000001,0.0,0.5625,35.3125,7.425,15.3,8.0,75.5,5.300000000000001,6.8362646,0.0,9.425,20.959259263333333,45.5,45.65,46.06666666666667,46.75,45.35,-8.693333333333333,0.0,-0.1333333333333328,12.44,11.933333333333334,21.00555556,12.40622222222222,8.387172,8.332233,8.367801,8.476934,8.285125,0,4.0,0,0.0,-0.37,7.8,92.2
2022-10-15 20:30:00,83.62082178333,0.0,0.0,20.959259263333333,11.933333333333334,45.35,0,5.1764362714980825,70.66250196097344,20,5,10,-0.8660254037844386,0.5000000000000001,-0.9749279121818236,-0.2225209339563146,-0.8660254037844386,0.5000000000000001,0.0,0.1875,23.77083333333333,7.35,14.4,9.0,76.0,5.2,6.8051734,0.0,9.25,20.80000002,45.8,45.5,45.65,46.06666666666667,44.65,-9.02592593,-0.0407407366666667,-0.3733333333333331,12.306666666666668,11.592,20.986419754444444,12.226666666666668,8.285125,8.387172,8.332233,8.367801,8.082039,0,4.0,0,0.0,-0.38,8.0,92.0
2022-10-15 20:45:00,99.868505216662,31.7845619,31.795672588888,20.80000002,11.592,44.65,1,5.1764362714980825,70.66250196097344,20,5,10,-0.8660254037844386,0.5000000000000001,-0.9749279121818236,-0.2225209339563146,-0.8660254037844386,0.5000000000000001,0.0,0.0,15.166666666666666,7.275,13.5,10.0,76.5,5.1,6.773823,0.0,9.075,20.67407410666667,45.35,45.8,45.5,45.65,44.31666666666667,-9.208000020000002,-0.1592592433333308,-0.341333333333333,11.933333333333334,11.512,20.919753094444445,11.944,8.082039,8.285125,8.387172,8.332233,7.9631042,0,3.0,1,0.25,-0.42,8.7,91.3
2022-10-15 21:00:00,119.588827388888,54.796974733332,54.804196711108,20.67407410666667,11.512,44.31666666666667,1,5.1764362714980825,70.66250196097344,21,5,10,-0.7071067811865477,0.7071067811865474,-0.9749279121818236,-0.2225209339563146,-0.8660254037844386,0.5000000000000001,0.0,0.0,9.5,7.2,12.6,11.0,77.0,5.0,6.7422204,0.0,8.9,20.66111114,44.65,45.35,45.8,45.5,43.95,-9.162074106666669,-0.125925913333333,-0.08,11.592,11.28,20.81111113,11.679111111111112,7.9631042,8.082039,8.285125,8.387172,7.89126,0,2.0,0,0.5,-0.45,9.3,90.7
2022-10-15 21:15:00,112.207733811108,55.663328944444,55.668328794442,20.66111114,11.28,43.95,1,5.1764362714980825,70.66250196097344,21,5,10,-0.7071067811865477,0.7071067811865474,-0.9749279121818236,-0.2225209339563146,-0.8660254037844386,0.5000000000000001,0.0,0.0,5.1875,7.0,12.325,8.25,77.0,4.9,6.6777725,0.0,8.75,20.61481480666667,44.31666666666667,44.65,45.35,45.8,43.53333333333333,-9.38111114,-0.0129629666666701,-0.2320000000000011,11.512,10.984666666666667,20.711728422222222,11.461333333333334,7.89126,7.9631042,8.082039,8.285125,7.79539,0,1.0,0,0.75,-0.46,9.4,90.6
2022-10-15 21:30:00,121.367922872222,56.692176655556,56.696065449998,20.61481480666667,10.984666666666667,43.53333333333333,1,5.1764362714980825,70.66250196097344,21,5,10,-0.7071067811865477,0.7071067811865474,-0.9749279121818236,-0.2225209339563146,-0.8660254037844386,0.5000000000000001,0.0,0.0,2.2291666666666665,6.800000000000001,12.05,5.5,77.0,4.8,6.613861,0.0,8.600000000000001,20.6111111,43.95,44.31666666666667,44.65,45.35,43.1,-9.63014814,-0.0462963333333306,-0.2953333333333319,11.28,10.619333333333334,20.65000001777778,11.25888888888889,7.79539,7.89126,7.9631042,8.082039,7.716127,0,0.0,0,1.0,-0.47,9.6,90.4
2022-10-15 21:45:00,111.478040716666,58.198783088888,58.20044972222,20.6111111,10.619333333333334,43.1,1,5.1764362714980825,70.66250196097344,21,5,10,-0.7071067811865477,0.7071067811865474,-0.9749279121818236,-0.2225209339563146,-0.8660254037844386,0.5000000000000001,0.0,0.0,0.625,6.6000000000000005,11.775,2.75,77.0,4.699999999999999,6.5504847,0.0,8.450000000000001,20.6111111,43.53333333333333,43.95,44.31666666666667,44.65,42.71666666666667,-9.991777766666663,-0.0037037066666698,-0.3653333333333339,10.984666666666667,10.302666666666664,20.62901234888889,10.961333333333334,7.716127,7.79539,7.89126,7.9631042,7.647499,0,0.0,0,1.0,-0.47,9.7,90.3
2022-10-15 22:00:00,115.703705133328,20.334742144444,20.346686133332,20.6111111,10.302666666666664,42.71666666666667,1,5.1764362714980825,70.66250196097344,22,5,10,-0.5000000000000004,0.8660254037844384,-0.9749279121818236,-0.2225209339563146,-0.8660254037844386,0.5000000000000001,0.0,0.0,0.375,6.4,11.5,0.0,77.0,4.6,6.48764,0.0,8.3,20.65000002,43.1,43.53333333333333,43.95,44.31666666666667,43.4,-10.308444433333332,0.0,-0.3166666666666682,10.619333333333334,10.119333333333334,20.61234566888889,10.635555555555555,7.647499,7.716127,7.79539,7.89126,7.7874637,0,0.0,0,1.0,-0.48,9.7,90.3
2022-10-15 22:15:00,431.3580228722181,0.0,0.0,20.65000002,10.119333333333334,43.4,0,5.1764362714980825,70.66250196097344,22,5,10,-0.5000000000000004,0.8660254037844384,-0.9749279121818236,-0.2225209339563146,-0.8660254037844386,0.5000000000000001,0.0,0.0,0.1875,6.9,12.225,0.0,77.25,4.324999999999999,6.394482,0.0,8.025,20.707407436666667,42.71666666666667,43.1,43.53333333333333,43.95,44.15,-10.530666686666668,0.0388889200000015,-0.1833333333333318,10.302666666666664,9.852,20.624074073333333,10.34711111111111,7.7874637,7.647499,7.716127,7.79539,7.9485736,1,1.0,1,0.75,-0.46,9.5,90.5
2022-10-15 22:30:00,90.961083694442,0.0,0.0,20.707407436666667,9.852,44.15,0,5.1764362714980825,70.66250196097344,22,5,10,-0.5000000000000004,0.8660254037844384,-0.9749279121818236,-0.2225209339563146,-0.8660254037844386,0.5000000000000001,0.0,0.0,0.0625,7.4,12.95,0.0,77.5,4.05,6.302344,0.0,7.75,20.81666665,43.4,42.71666666666667,43.1,43.53333333333333,43.75,-10.855407436666669,0.0574074166666669,-0.2673333333333332,10.119333333333334,9.872666666666667,20.656172852222223,10.091333333333331,7.9485736,7.7874637,7.647499,7.716127,7.9268117,0,2.0,0,0.5,-0.45,9.1,90.9
2022-10-15 22:45:00,99.87711608888,0.0,0.0,20.81666665,9.872666666666667,43.75,0,5.1764362714980825,70.66250196097344,22,5,10,-0.5000000000000004,0.8660254037844384,-0.9749279121818236,-0.2225209339563146,-0.8660254037844386,0.5000000000000001,0.0,0.0,0.0,7.9,13.675,0.0,77.75,3.775,6.211221,0.0,7.475,20.792592563333333,44.15,43.4,42.71666666666667,43.1,42.48333333333333,-10.943999983333333,0.1092592133333312,0.020666666666667,9.852,9.741333333333332,20.724691368888887,9.948,7.9268117,7.9485736,7.7874637,7.647499,7.686537,0,3.0,0,0.25,-0.42,8.7,91.3
2022-10-15 23:00:00,105.31300956111,19.0717371,19.077570249998,20.792592563333333,9.741333333333332,42.48333333333333,1,5.1764362714980825,70.66250196097344,23,5,10,-0.2588190451025215,0.965925826289068,-0.9749279121818236,-0.2225209339563146,-0.8660254037844386,0.5000000000000001,0.0,0.0,0.0,8.4,14.4,0.0,78.0,3.5,6.1211057,0.0,7.2,20.59246034,43.75,44.15,43.4,42.71666666666667,41.12857142857143,-11.05125923,-0.0240740866666655,-0.1313333333333339,9.872666666666667,9.545,20.772222216666663,9.822,7.686537,7.9268117,7.9485736,7.7874637,7.3551855,0,3.0,1,0.25,-0.43,8.9,91.1
2022-10-15 23:15:00,126.34022402222,50.755191911112,50.762413872222,20.59246034,9.545,41.12857142857143,1,5.1764362714980825,70.66250196097344,23,5,10,-0.2588190451025215,0.965925826289068,-0.9749279121818236,-0.2225209339563146,-0.8660254037844386,0.5000000000000001,0.0,0.0,0.0,7.95,14.3,0.0,78.0,3.35,6.0421133,0.0,7.0,20.503703706666663,42.48333333333333,43.75,44.15,43.4,41.0,-11.04746034,-0.200132223333334,-0.1963333333333334,9.741333333333332,9.227333333333332,20.73390651777778,9.719666666666669,7.3551855,7.686537,7.9268117,7.9485736,7.2943473,0,2.0,0,0.5,-0.49,10.0,90.0
2022-10-15 23:30:00,143.15121830555,55.460559255556,55.468059005554,20.503703706666663,9.227333333333332,41.0,1,5.1764362714980825,70.66250196097344,23,5,10,-0.2588190451025215,0.965925826289068,-0.9749279121818236,-0.2225209339563146,-0.8660254037844386,0.5000000000000001,0.0,0.0,0.0,7.5,14.2,0.0,78.0,3.2,5.9640126,0.0,6.800000000000001,20.46111108,41.12857142857143,42.48333333333333,43.75,44.15,40.65,-11.276370373333334,-0.0887566333333325,-0.3176666666666676,9.545,8.855333333333334,20.629585536666664,9.504555555555555,7.2943473,7.3551855,7.686537,7.9268117,7.21413,0,1.0,0,0.75,-0.51,10.5,89.5
2022-10-15 23:45:00,133.596044994438,56.54384923889,56.551071216666,20.46111108,8.855333333333334,40.65,1,5.1764362714980825,70.66250196097344,23,5,10,-0.2588190451025215,0.965925826289068,-0.9749279121818236,-0.2225209339563146,-0.8660254037844386,0.5000000000000001,0.0,0.0,0.0,7.05,14.1,0.0,78.0,3.05,5.886795,0.0,6.6000000000000005,20.4444444,41.0,41.12857142857143,42.48333333333333,43.75,40.5,-11.605777746666668,-0.0425926266666643,-0.3719999999999981,9.227333333333332,8.77125,20.51909170888889,9.209222222222222,7.21413,7.2943473,7.3551855,7.686537,7.180522,0,0.0,0,1.0,-0.52,10.7,89.3
2022-10-16 00:00:00,76.778039905554,30.987093816666,30.991260349998,20.4444444,8.77125,40.5,1,5.1764362714980825,70.66250196097344,0,6,10,0.0,1.0,-0.7818314824680299,0.6234898018587334,-0.8660254037844386,0.5000000000000001,0.0,0.0,0.0,6.6,14.0,0.0,78.0,2.9,5.8104525,0.0,6.4,20.4174603,40.65,41.0,41.12857142857143,42.48333333333333,40.24285714285714,-11.673194399999998,-0.0166666800000037,-0.0840833333333339,8.855333333333334,8.69,20.46975306222222,8.951305555555557,7.180522,7.21413,7.2943473,7.3551855,7.1237063,0,0.0,0,1.0,-0.53,10.8,89.2
2022-10-16 00:15:00,66.531227494446,27.335573183334,27.339184155556,20.4174603,8.69,40.24285714285714,1,5.1764362714980825,70.66250196097344,0,6,10,0.0,1.0,-0.7818314824680299,0.6234898018587334,-0.8660254037844386,0.5000000000000001,0.0,0.0,0.0,6.75,13.55,0.0,78.5,2.875,5.8001227,0.0,6.275,20.4188034,40.5,40.65,41.0,41.12857142857143,40.0,-11.7274603,-0.0269840999999999,-0.0812500000000007,8.77125,8.395384615384616,20.44100526,8.772194444444445,7.1237063,7.180522,7.21413,7.2943473,7.0812716,0,0.0,0,1.0,-0.54,11.0,89.0
2022-10-16 00:30:00,99.545184849994,18.294545972222,18.29926808333,20.4188034,8.395384615384616,40.0,1,5.1764362714980825,70.66250196097344,0,6,10,0.0,1.0,-0.7818314824680299,0.6234898018587334,-0.8660254037844386,0.5000000000000001,0.0,0.0,0.0,6.9,13.1,0.0,79.0,2.85,5.7895274,0.0,6.15,20.30000002,40.24285714285714,40.5,40.65,41.0,40.0,-12.023418784615384,0.0013431000000032,-0.2946153846153834,8.69,8.248666666666667,20.4269027,8.618878205128205,7.0812716,7.1237063,7.180522,7.21413,7.032317,0,0.0,0,1.0,-0.54,11.0,89.0
2022-10-16 00:45:00,89.16087792222,0.0,0.0,20.30000002,8.248666666666667,40.0,0,5.1764362714980825,70.66250196097344,0,6,10,0.0,1.0,-0.7818314824680299,0.6234898018587334,-0.8660254037844386,0.5000000000000001,0.0,0.0,0.0,7.05,12.65,0.0,79.5,2.825,5.778671,0.0,6.025,20.15370372,40.0,40.24285714285714,40.5,40.65,40.0,-12.051333353333336,-0.1188033799999992,-0.1467179487179493,8.395384615384616,7.854,20.37875457333333,8.44468376068376,7.032317,7.0812716,7.1237063,7.180522,6.9724336,1,1.0,1,0.75,-0.57,11.7,88.3
2022-10-16 01:00:00,132.029718633332,56.060257483334,56.06664616111,20.15370372,7.854,40.0,1,5.1764362714980825,70.66250196097344,1,6,10,0.2588190451025207,0.9659258262890684,-0.7818314824680299,0.6234898018587334,-0.8660254037844386,0.5000000000000001,0.0,0.0,0.0,7.2,12.2,0.0,80.0,2.8,5.767558,0.0,5.9,20.11666666,40.0,40.0,40.24285714285714,40.5,40.2,-12.29970372,-0.146296300000003,-0.3946666666666667,8.248666666666667,7.530666666666666,20.290835713333333,8.166017094017095,6.9724336,7.032317,7.0812716,7.1237063,6.9921317,0,1.0,1,0.75,-0.6,12.5,87.5
2022-10-16 01:15:00,135.467914516662,45.658173616666,45.66484008333,20.11666666,7.530666666666666,40.2,1,5.1764362714980825,70.66250196097344,1,6,10,0.2588190451025207,0.9659258262890684,-0.7818314824680299,0.6234898018587334,-0.8660254037844386,0.5000000000000001,0.0,0.0,0.0,7.55,12.85,0.0,81.0,2.775,5.7824445,0.0,5.75,20.18333334333333,40.0,40.0,40.0,40.24285714285714,42.23333333333333,-12.585999993333337,-0.0370370599999994,-0.3233333333333341,7.854,7.492,20.190123466666662,7.877777777777777,6.9921317,6.9724336,7.032317,7.0812716,7.3744965,0,1.0,0,0.75,-0.61,12.7,87.3
2022-10-16 01:30:00,93.92263194444,0.0,0.0,20.18333334333333,7.492,42.23333333333333,0,5.1764362714980825,70.66250196097344,1,6,10,0.2588190451025207,0.9659258262890684,-0.7818314824680299,0.6234898018587334,-0.8660254037844386,0.5000000000000001,0.0,0.0,0.0,7.9,13.5,0.0,82.0,2.75,5.7964153,0.0,5.6,20.2222222,40.2,40.0,40.0,40.0,43.3,-12.691333343333334,0.0666666833333344,-0.0386666666666659,7.530666666666666,7.17,20.151234574444445,7.625555555555555,7.3744965,6.9921317,6.9724336,7.032317,7.577958,1,2.0,1,0.5,-0.58,12.1,87.9
2022-10-16 01:45:00,105.243567988884,0.0,0.0,20.2222222,7.17,43.3,0,5.1764362714980825,70.66250196097344,1,6,10,0.2588190451025207,0.9659258262890684,-0.7818314824680299,0.6234898018587334,-0.8660254037844386,0.5000000000000001,0.0,0.0,0.0,8.25,14.15,0.0,83.0,2.725,5.809485,0.0,5.45,20.200396825,42.23333333333333,40.2,40.0,40.0,43.02857142857143,-13.0522222,0.0388888566666665,-0.322,7.492,7.092142857142858,20.174074067777777,7.397555555555556,7.577958,7.3744965,6.9921317,6.9724336,7.520854,0,2.0,0,0.5,-0.56,11.7,88.3
2022-10-16 02:00:00,106.39685503889,0.0,0.0,20.200396825,7.092142857142858,43.02857142857143,0,5.1764362714980825,70.66250196097344,2,6,10,0.4999999999999999,0.8660254037844387,-0.7818314824680299,0.6234898018587334,-0.8660254037844386,0.5000000000000001,0.0,0.0,0.0,8.6,14.8,0.0,84.0,2.7,5.821668,0.0,5.3,20.13333334,43.3,42.23333333333333,40.2,40.0,43.35,-13.108253967857143,-0.0218253749999988,-0.0778571428571419,7.17,7.026,20.201984122777777,7.251380952380953,7.520854,7.577958,7.3744965,6.9921317,7.5473776,0,3.0,0,0.25,-0.57,11.8,88.2
2022-10-16 02:15:00,100.032109672222,0.0,0.0,20.13333334,7.026,43.35,0,5.1764362714980825,70.66250196097344,2,6,10,0.4999999999999999,0.8660254037844387,-0.7818314824680299,0.6234898018587334,-0.8660254037844386,0.5000000000000001,0.0,0.0,0.0,8.8,15.25,0.0,84.25,2.6500000000000004,5.791056,0.0,5.175,20.183333341,43.02857142857143,43.3,42.23333333333333,40.2,43.89,-13.10733334,-0.067063485000002,-0.0661428571428581,7.092142857142858,6.773000000000001,20.185317455000003,7.09604761904762,7.5473776,7.520854,7.577958,7.3744965,7.6637726,0,4.0,0,0.0,-0.58,12.1,87.9
2022-10-16 02:30:00,61.976965288888,0.0,0.0,20.183333341,6.773000000000001,43.89,0,5.1764362714980825,70.66250196097344,2,6,10,0.4999999999999999,0.8660254037844387,-0.7818314824680299,0.6234898018587334,-0.8660254037844386,0.5000000000000001,0.0,0.0,0.0,9.0,15.7,0.0,84.5,2.6,5.7605057,0.0,5.05,20.270940176153847,43.35,43.02857142857143,43.3,42.23333333333333,46.46153846153846,-13.410333341,0.0500000010000007,-0.2529999999999992,7.026,6.463076923076924,20.172354502,6.963714285714286,7.6637726,7.5473776,7.520854,7.577958,8.154449,0,4.0,0,0.0,-0.57,11.8,88.2
2022-10-16 02:45:00,67.42258087221799,0.0,0.0,20.270940176153847,6.463076923076924,46.46153846153846,0,5.1764362714980825,70.66250196097344,2,6,10,0.4999999999999999,0.8660254037844387,-0.7818314824680299,0.6234898018587334,-0.8660254037844386,0.5000000000000001,0.0,0.0,0.0,9.2,16.150000000000002,0.0,84.75,2.55,5.7300177,0.0,4.925,20.3296296,43.89,43.35,43.02857142857143,43.3,47.46666666666667,-13.807863253076922,0.0876068351538457,-0.3099230769230763,6.773000000000001,6.403333333333333,20.195868952384615,6.754025641025642,8.154449,7.6637726,7.5473776,7.520854,8.359469,0,4.0,0,0.0,-0.54,11.0,89.0
2022-10-16 03:00:00,74.122312855552,0.0,0.0,20.3296296,6.403333333333333,47.46666666666667,0,5.1764362714980825,70.66250196097344,3,6,10,0.7071067811865476,0.7071067811865476,-0.7818314824680299,0.6234898018587334,-0.8660254037844386,0.5000000000000001,0.0,0.0,0.0,9.4,16.6,0.0,85.0,2.5,5.6995926,0.0,4.8,20.290079365,46.46153846153846,43.89,43.35,43.02857142857143,48.02857142857143,-13.926296266666665,0.0586894238461503,-0.0597435897435909,6.463076923076924,6.390714285714286,20.261301039051283,6.546470085470086,8.359469,8.154449,7.6637726,7.5473776,8.4389105,0,4.0,0,0.0,-0.52,10.6,89.4
2022-10-16 03:15:00,128.77651556666,0.0,0.0,20.290079365,6.390714285714286,48.02857142857143,0,5.1764362714980825,70.66250196097344,3,6,10,0.7071067811865476,0.7071067811865476,-0.7818314824680299,0.6234898018587334,-0.8660254037844386,0.5000000000000001,0.0,0.0,0.0,9.575,16.950000000000003,0.25,85.0,2.45,5.680756,0.0,4.75,20.17142857428572,47.46666666666667,46.46153846153846,43.89,43.35,46.614285714285714,-13.899365079285715,-0.0395502349999965,-0.0126190476190473,6.403333333333333,6.340714285714285,20.29688304705128,6.419041514041514,8.4389105,8.359469,8.154449,7.6637726,8.133803,0,4.0,0,0.0,-0.52,10.7,89.3
2022-10-16 03:30:00,358.115119438882,19.214509172222,19.220064566664,20.17142857428572,6.340714285714285,46.614285714285714,1,5.1764362714980825,70.66250196097344,3,6,10,0.7071067811865476,0.7071067811865476,-0.7818314824680299,0.6234898018587334,-0.8660254037844386,0.5000000000000001,0.0,0.0,0.0,9.75,17.3,0.5,85.0,2.4,5.6619754,0.0,4.699999999999999,20.01666668,48.02857142857143,47.46666666666667,46.46153846153846,43.89,45.1,-13.830714288571432,-0.1186507907142839,-0.0500000000000007,6.390714285714286,6.178,20.26371251309524,6.378253968253968,8.133803,8.4389105,8.359469,8.154449,7.7986293,0,3.0,1,0.25,-0.56,11.5,88.5
2022-10-16 03:45:00,109.033416272222,55.28501076111,55.290843911108,20.01666668,6.178,45.1,1,5.1764362714980825,70.66250196097344,3,6,10,0.7071067811865476,0.7071067811865476,-0.7818314824680299,0.6234898018587334,-0.8660254037844386,0.5000000000000001,0.0,0.0,0.0,9.925,17.65,0.75,85.0,2.35,5.643249,0.0,4.65,20.020370386666663,46.614285714285714,48.02857142857143,47.46666666666667,46.46153846153846,44.35,-13.83866668,-0.1547618942857163,-0.1627142857142853,6.340714285714285,6.1693333333333324,20.159391539761906,6.3031428571428565,7.7986293,8.133803,8.4389105,8.359469,7.6706033,0,2.0,0,0.5,-0.6,12.6,87.4
2022-10-16 04:00:00,100.373762672222,55.588331944444,55.593887338886,20.020370386666663,6.1693333333333324,44.35,1,5.1764362714980825,70.66250196097344,4,6,10,0.8660254037844386,0.5000000000000001,-0.7818314824680299,0.6234898018587334,-0.8660254037844386,0.5000000000000001,0.0,0.0,0.0,10.1,18.0,1.0,85.0,2.3,5.624576,0.0,4.6,20.0555556,45.1,46.614285714285714,48.02857142857143,47.46666666666667,43.95,-13.851037053333334,0.0037037066666663,-0.0086666666666674,6.178,6.025333333333333,20.06948854698413,6.229349206349206,7.6706033,7.7986293,8.133803,8.4389105,7.6170945,0,1.0,0,0.75,-0.6,12.7,87.3
2022-10-16 04:15:00,94.663991155552,57.111882133332,57.119659688884,20.0555556,6.025333333333333,43.95,1,5.1764362714980825,70.66250196097344,4,6,10,0.8660254037844386,0.5000000000000001,-0.7818314824680299,0.6234898018587334,-0.8660254037844386,0.5000000000000001,0.0,0.0,0.0,10.3,18.45,22.0,85.0,2.3,5.624576,0.0,4.6,20.07539685,44.35,45.1,46.614285714285714,48.02857142857143,43.35714285714285,-14.03022226666667,0.0351852133333352,-0.1439999999999992,6.1693333333333324,5.957857142857143,20.030864222222224,6.124222222222223,7.6170945,7.6706033,7.7986293,8.133803,7.5230746,0,0.0,0,1.0,-0.6,12.5,87.5
2022-10-16 04:30:00,81.21814019443799,34.891382072222,34.89638192222,20.07539685,5.957857142857143,43.35714285714285,1,5.1764362714980825,70.66250196097344,4,6,10,0.8660254037844386,0.5000000000000001,-0.7818314824680299,0.6234898018587334,-0.8660254037844386,0.5000000000000001,0.0,0.0,0.0,10.5,18.9,43.0,85.0,2.3,5.624576,0.0,4.6,20.02222222,43.95,44.35,45.1,46.614285714285714,43.0,-14.117539707142855,0.0198412499999989,-0.0674761904761904,6.025333333333333,5.881333333333333,20.050440945555557,6.050841269841269,7.5230746,7.6170945,7.6706033,7.7986293,7.4379206,0,0.0,0,1.0,-0.6,12.5,87.5
2022-10-16 04:45:00,58.15295162222,24.136812288888,24.141812155552,20.02222222,5.881333333333333,43.0,1,5.1764362714980825,70.66250196097344,4,6,10,0.8660254037844386,0.5000000000000001,-0.7818314824680299,0.6234898018587334,-0.8660254037844386,0.5000000000000001,0.0,0.0,0.0,10.7,19.35,64.0,85.0,2.3,5.624576,0.0,4.6,19.87592592,43.35714285714285,43.95,44.35,45.1,43.0,-14.140888886666666,-0.0531746300000008,-0.0765238095238096,5.957857142857143,5.672,20.05105822333333,5.95484126984127,7.4379206,7.5230746,7.6170945,7.6706033,7.374448,0,0.0,0,1.0,-0.61,12.9,87.1
2022-10-16 05:00:00,93.092665194438,54.758087388888,54.76586486111,19.87592592,5.672,43.0,1,5.1764362714980825,70.66250196097344,5,6,10,0.9659258262890684,0.2588190451025207,-0.7818314824680299,0.6234898018587334,-0.8660254037844386,0.5000000000000001,0.0,0.0,0.0,10.9,19.8,85.0,85.0,2.3,5.624576,0.0,4.6,19.87777777,43.0,43.35714285714285,43.95,44.35,42.95,-14.20392592,-0.1462962999999995,-0.2093333333333333,5.881333333333333,5.622,19.99118166333333,5.837063492063492,7.374448,7.4379206,7.5230746,7.6170945,7.3666716,0,0.0,0,1.0,-0.65,13.8,86.2
2022-10-16 05:15:00,98.69494112777,55.9027638,55.909985777776,19.87777777,5.622,42.95,1,5.1764362714980825,70.66250196097344,5,6,10,0.9659258262890684,0.2588190451025207,-0.7818314824680299,0.6234898018587334,-0.8660254037844386,0.5000000000000001,0.0,0.0,0.0,10.975,19.9,87.0,85.0,2.275,5.624576,0.0,4.6,19.9407407,43.0,43.0,43.35714285714285,43.95,42.53333333333333,-14.255777770000002,0.0018518500000013,-0.0499999999999998,5.672,5.532666666666668,19.925308636666667,5.725111111111111,7.3666716,7.374448,7.4379206,7.5230746,7.322171,0,0.0,0,1.0,-0.65,13.8,86.2
2022-10-16 05:30:00,90.846921544444,57.480200733332,57.488533766664,19.9407407,5.532666666666668,42.53333333333333,1,5.1764362714980825,70.66250196097344,5,6,10,0.9659258262890684,0.2588190451025207,-0.7818314824680299,0.6234898018587334,-0.8660254037844386,0.5000000000000001,0.0,0.0,0.0,11.05,20.0,89.0,85.0,2.25,5.624576,0.0,4.6,19.98333332,42.95,43.0,43.0,43.35714285714285,42.45,-14.408074033333332,0.0629629299999976,-0.0893333333333323,5.622,5.472,19.89814813,5.608888888888889,7.322171,7.3666716,7.374448,7.4379206,7.3260803,0,0.0,0,1.0,-0.63,13.4,86.6
2022-10-16 05:45:00,99.02909434444,55.4944468,55.502502094442,19.98333332,5.472,42.45,1,5.1764362714980825,70.66250196097344,5,6,10,0.9659258262890684,0.2588190451025207,-0.7818314824680299,0.6234898018587334,-0.8660254037844386,0.5000000000000001,0.0,0.0,0.0,11.125,20.1,91.0,85.0,2.225,5.624576,0.0,4.6,19.959259263333333,42.53333333333333,42.95,43.0,43.0,42.03333333333333,-14.51133332,0.0425926200000006,-0.0606666666666679,5.532666666666668,5.346,19.933950596666666,5.542222222222222,7.3260803,7.322171,7.3666716,7.374448,7.24395,0,0.0,0,1.0,-0.62,13.2,86.8
2022-10-16 06:00:00,43.8249136,0.0,0.0,19.959259263333333,5.346,42.03333333333333,0,5.1764362714980825,70.66250196097344,6,6,10,1.0,6.123233995736766e-17,-0.7818314824680299,0.6234898018587334,-0.8660254037844386,0.5000000000000001,0.0,0.0,0.0,11.2,20.2,93.0,85.0,2.2,5.624576,0.0,4.6,19.77222221,42.45,42.53333333333333,42.95,43.0,42.05,-14.613259263333331,-0.0240740566666666,-0.1259999999999994,5.472,5.364000000000001,19.961111094444444,5.450222222222222,7.24395,7.3260803,7.322171,7.3666716,7.167803,1,1.0,1,0.75,-0.63,13.4,86.6
2022-10-16 06:15:00,77.114415266668,44.205453927778,44.211842588888,19.77222221,5.364000000000001,42.05,1,5.1764362714980825,70.66250196097344,6,6,10,1.0,6.123233995736766e-17,-0.7818314824680299,0.6234898018587334,-0.8660254037844386,0.5000000000000001,0.0,0.0,0.0,11.275,20.55,92.75,84.5,2.1750000000000003,5.6007648,0.0,4.625,19.7222222,42.03333333333333,42.45,42.53333333333333,42.95,42.46666666666667,-14.408222209999998,-0.1870370533333343,0.0180000000000006,5.346,5.425333333333333,19.904938264444443,5.393999999999999,7.167803,7.24395,7.3260803,7.322171,7.2176213,0,1.0,1,0.75,-0.68,14.6,85.4
2022-10-16 06:30:00,100.7834685,55.035298483334,55.043631566664,19.7222222,5.425333333333333,42.46666666666667,1,5.1764362714980825,70.66250196097344,6,6,10,1.0,6.123233995736766e-17,-0.7818314824680299,0.6234898018587334,-0.8660254037844386,0.5000000000000001,0.0,0.0,0.0,11.35,20.9,92.5,84.0,2.1500000000000004,5.5768576,0.0,4.65,19.76666667,42.05,42.03333333333333,42.45,42.53333333333333,42.45,-14.296888866666668,-0.0500000099999979,0.0613333333333319,5.364000000000001,5.754666666666667,19.817901224444444,5.378444444444445,7.2176213,7.167803,7.24395,7.3260803,7.2336287,0,1.0,0,0.75,-0.69,14.9,85.1
2022-10-16 06:45:00,88.833946483334,56.204140627778,56.211918116666,19.76666667,5.754666666666667,42.45,1,5.1764362714980825,70.66250196097344,6,6,10,1.0,6.123233995736766e-17,-0.7818314824680299,0.6234898018587334,-0.8660254037844386,0.5000000000000001,0.0,0.0,0.0,11.425,21.25,92.25,83.5,2.125,5.552853,0.0,4.675,19.8296296,42.46666666666667,42.05,42.03333333333333,42.45,42.03333333333333,-14.012000003333332,0.0444444699999984,0.3293333333333343,5.425333333333333,6.067333333333334,19.75370369333333,5.514666666666667,7.2336287,7.2176213,7.167803,7.24395,7.1891274,0,1.0,0,0.75,-0.68,14.6,85.4
2022-10-16 07:00:00,94.259840655552,57.825464672222,57.833242194442,19.8296296,6.067333333333334,42.03333333333333,1,5.1764362714980825,70.66250196097344,7,6,10,0.9659258262890684,-0.2588190451025206,-0.7818314824680299,0.6234898018587334,-0.8660254037844386,0.5000000000000001,0.0,0.0,0.0,11.5,21.6,92.0,83.0,2.1,5.5287523,0.0,4.7,19.8333333,42.45,42.46666666666667,42.05,42.03333333333333,42.0,-13.762296266666665,0.0629629299999976,0.3126666666666668,5.754666666666667,6.296666666666667,19.77283949,5.749111111111112,7.1891274,7.2336287,7.2176213,7.167803,7.1849856,0,0.0,0,1.0,-0.66,14.2,85.8
2022-10-16 07:15:00,101.3242802,58.385720044444,58.393219744444,19.8333333,6.296666666666667,42.0,1,5.1764362714980825,70.66250196097344,7,6,10,0.9659258262890684,-0.2588190451025206,-0.7818314824680299,0.6234898018587334,-0.8660254037844386,0.5000000000000001,4.0,1.0,0.3333333333333333,11.875,21.950000000000003,93.75,82.0,2.225,5.5716405,0.0,5.0,19.8333333,42.03333333333333,42.45,42.46666666666667,42.05,41.81666666666667,-13.536666633333333,0.0037037000000026,0.2293333333333329,6.067333333333334,6.457333333333334,19.80987652333333,6.039555555555555,7.1849856,7.1891274,7.2336287,7.2176213,7.153622,0,0.0,0,1.0,-0.66,14.2,85.8
2022-10-16 07:30:00,91.60772454444,58.554046627778,58.562101888888,19.8333333,6.457333333333334,41.81666666666667,1,5.1764362714980825,70.66250196097344,7,6,10,0.9659258262890684,-0.2588190451025206,-0.7818314824680299,0.6234898018587334,-0.8660254037844386,0.5000000000000001,8.0,3.0,1.0,12.25,22.3,95.5,81.0,2.35,5.6137514,0.0,5.300000000000001,19.8333333,42.0,42.03333333333333,42.45,42.46666666666667,41.5,-13.375999966666663,0.0,0.1606666666666667,6.296666666666667,6.678,19.832098733333336,6.273777777777778,7.153622,7.1849856,7.1891274,7.2336287,7.0994496,0,0.0,0,1.0,-0.66,14.2,85.8
2022-10-16 07:45:00,99.991000216666,58.69154116111,58.699874177776,19.8333333,6.678,41.5,1,5.1764362714980825,70.66250196097344,7,6,10,0.9659258262890684,-0.2588190451025206,-0.7818314824680299,0.6234898018587334,-0.8660254037844386,0.5000000000000001,12.0,6.0,2.0,12.625,22.65,97.25,80.0,2.475,5.65504,0.0,5.6000000000000005,19.8333333,41.81666666666667,42.0,42.03333333333333,42.45,41.5,-13.1553333,0.0,0.2206666666666663,6.457333333333334,6.818,19.8333333,6.477333333333334,7.0994496,7.153622,7.1849856,7.1891274,7.0994496,0,0.0,0,1.0,-0.66,14.3,85.7
2022-10-16 08:00:00,43.909910316662,0.0,0.0,19.8333333,6.818,41.5,0,5.1764362714980825,70.66250196097344,8,6,10,0.8660254037844387,-0.4999999999999998,-0.7818314824680299,0.6234898018587334,-0.8660254037844386,0.5000000000000001,16.0,10.0,3.333333333333333,13.0,23.0,99.0,79.0,2.6,5.695463,0.0,5.9,19.71111112,41.5,41.81666666666667,42.0,42.03333333333333,41.55,-13.0153333,0.0,0.1399999999999996,6.678,7.1626666666666665,19.8333333,6.651111111111111,7.0994496,7.0994496,7.153622,7.1849856,7.057221,1,1.0,1,0.75,-0.66,14.3,85.7
2022-10-16 08:15:00,72.566819427778,39.471476644444,39.478698588888,19.71111112,7.1626666666666665,41.55,1,5.1764362714980825,70.66250196097344,8,6,10,0.8660254037844387,-0.4999999999999998,-0.7818314824680299,0.6234898018587334,-0.8660254037844386,0.5000000000000001,42.25,19.5625,6.854166666666667,12.55,23.45,87.0,78.0,2.95,5.8294554,0.0,6.45,19.63518519333333,41.5,41.5,41.81666666666667,42.0,41.96666666666667,-12.548444453333335,-0.1222221799999978,0.3446666666666669,6.818,7.814666666666667,19.792592573333334,6.886222222222222,7.057221,7.0994496,7.0994496,7.153622,7.0962906,0,1.0,1,0.75,-0.69,15.1,84.9
2022-10-16 08:30:00,100.667917638886,55.0819633,55.091129666664,19.63518519333333,7.814666666666667,41.96666666666667,1,5.1764362714980825,70.66250196097344,8,6,10,0.8660254037844387,-0.4999999999999998,-0.7818314824680299,0.6234898018587334,-0.8660254037844386,0.5000000000000001,68.5,34.6875,12.5625,12.1,23.9,75.0,77.0,3.3,5.96465,0.0,7.0,19.71111111,41.55,41.5,41.5,41.81666666666667,42.0,-11.820518526666664,-0.0759259266666703,0.6520000000000001,7.1626666666666665,8.776,19.726543204444443,7.265111111111111,7.0962906,7.057221,7.0994496,7.0994496,7.133653,0,1.0,0,0.75,-0.71,15.6,84.4
2022-10-16 08:45:00,88.930053722224,56.127754783334,56.135810011112,19.71111111,8.776,42.0,1,5.1764362714980825,70.66250196097344,8,6,10,0.8660254037844387,-0.4999999999999998,-0.7818314824680299,0.6234898018587334,-0.8660254037844386,0.5000000000000001,94.75,55.375,20.45833333333333,11.65,24.35,63.0,76.0,3.65,6.1009636,0.0,7.55,19.774074093333333,41.96666666666667,41.55,41.5,41.5,42.0,-10.93511111,0.0759259166666694,0.9613333333333332,7.814666666666667,9.061333333333334,19.685802474444444,7.917777777777778,7.133653,7.0962906,7.057221,7.0994496,7.160057,0,1.0,0,0.75,-0.69,15.0,85.0
2022-10-16 09:00:00,64.646858472222,28.894121955556,28.900232877776,19.774074093333333,9.061333333333334,42.0,1,5.1764362714980825,70.66250196097344,9,6,10,0.7071067811865476,-0.7071067811865475,-0.7818314824680299,0.6234898018587334,-0.8660254037844386,0.5000000000000001,121.0,81.625,30.541666666666668,11.2,24.8,51.0,75.0,4.0,6.238309,0.0,8.1,19.68888892,42.0,41.96666666666667,41.55,41.5,42.35,-10.71274076,0.0629629833333318,0.2853333333333339,8.776,9.118,19.70679013222222,8.550666666666666,7.160057,7.133653,7.0962906,7.057221,7.183723,0,0.0,0,1.0,-0.68,14.6,85.4
2022-10-16 09:15:00,58.011012916662,11.179830605554,11.183719399996,19.68888892,9.118,42.35,1,5.1764362714980825,70.66250196097344,9,6,10,0.7071067811865476,-0.7071067811865475,-0.7818314824680299,0.6234898018587334,-0.8660254037844386,0.5000000000000001,170.5,113.6875,44.75,10.575,24.175,54.0,72.25,4.1,6.30609,0.0,8.85,19.562963006666667,42.0,42.0,41.96666666666667,41.55,42.68333333333333,-10.57088892,-0.0851851733333326,0.0566666666666666,9.061333333333334,9.59,19.724691374444443,8.985111111111111,7.183723,7.160057,7.133653,7.0962906,7.1869183,0,0.0,0,1.0,-0.69,15.1,84.9
2022-10-16 09:30:00,89.19282106111,55.563055155556,55.571665944444,19.562963006666667,9.59,42.68333333333333,1,5.1764362714980825,70.66250196097344,9,6,10,0.7071067811865476,-0.7071067811865475,-0.7818314824680299,0.6234898018587334,-0.8660254037844386,0.5000000000000001,220.0,151.5625,63.083333333333336,9.95,23.55,57.0,69.5,4.2,6.3635006,0.0,9.6,19.70555556,42.35,42.0,42.0,41.96666666666667,42.95,-9.972963006666667,-0.125925913333333,0.4719999999999995,9.118,10.7,19.675308673333333,9.256444444444446,7.1869183,7.183723,7.160057,7.133653,7.2926307,0,0.0,0,1.0,-0.72,16.0,84.0
2022-10-16 09:45:00,73.547058149994,44.254618627778,44.262118327778,19.70555556,10.7,42.95,1,5.1764362714980825,70.66250196097344,9,6,10,0.7071067811865476,-0.7071067811865475,-0.7818314824680299,0.6234898018587334,-0.8660254037844386,0.5000000000000001,269.5,195.25,85.54166666666667,9.325,22.925,60.0,66.75,4.300000000000001,6.409513,0.0,10.35,20.23703705666667,42.68333333333333,42.35,42.0,42.0,42.35,-9.005555560000001,0.1425925533333334,1.1099999999999994,9.59,11.600666666666664,19.65246916222222,9.802666666666669,7.2926307,7.1869183,7.183723,7.160057,7.418122,0,0.0,0,1.0,-0.69,14.9,85.1
2022-10-16 10:00:00,37.954315133332,0.0,0.0,20.23703705666667,11.600666666666664,42.35,0,5.1764362714980825,70.66250196097344,10,6,10,0.4999999999999999,-0.8660254037844387,-0.7818314824680299,0.6234898018587334,-0.8660254037844386,0.5000000000000001,319.0,244.75,112.125,8.7,22.3,63.0,64.0,4.4,6.443036,0.0,11.1,21.07222224,42.95,42.68333333333333,42.35,42.0,40.7,-8.636370390000003,0.5314814966666681,0.9006666666666661,10.7,12.048666666666666,19.83518520777778,10.63022222222222,7.418122,7.2926307,7.1869183,7.183723,7.4845595,1,1.0,1,0.75,-0.57,11.7,88.3
2022-10-16 10:15:00,55.286399672218,23.801825688888,23.808214366664,21.07222224,12.048666666666666,40.7,1,5.1764362714980825,70.66250196097344,10,6,10,0.4999999999999999,-0.8660254037844387,-0.7818314824680299,0.6234898018587334,-0.8660254037844386,0.5000000000000001,355.0,290.875,141.375,8.899999999999999,22.85,72.25,60.5,4.025,6.274921,0.0,11.575,22.166666683333336,42.35,42.95,42.68333333333333,42.35,37.8,-9.023555573333333,0.8351851833333299,0.4480000000000004,11.600666666666664,12.614666666666666,20.33827161888889,11.449777777777776,7.4845595,7.418122,7.2926307,7.1869183,7.4053764,0,1.0,1,0.75,-0.38,8.0,92.0
2022-10-16 10:30:00,48.6780528,14.458310494446,14.462754816666,22.166666683333336,12.614666666666666,37.8,1,5.1764362714980825,70.66250196097344,10,6,10,0.4999999999999999,-0.8660254037844387,-0.7818314824680299,0.6234898018587334,-0.8660254037844386,0.5000000000000001,391.0,333.625,173.29166666666666,9.1,23.4,81.5,57.0,3.65,6.090044,0.0,12.05,23.41111111,40.7,42.35,42.95,42.68333333333333,36.2,-9.55200001666667,1.0944444433333371,0.5660000000000007,12.048666666666666,13.203333333333337,21.158641993333333,12.088,7.4053764,7.4845595,7.418122,7.2926307,7.6160803,0,1.0,0,0.75,-0.14,5.4,94.6
2022-10-16 10:45:00,61.082001222216,28.521914627778003,28.52830332222,23.41111111,13.203333333333337,36.2,1,5.1764362714980825,70.66250196097344,10,6,10,0.4999999999999999,-0.8660254037844387,-0.7818314824680299,0.6234898018587334,-0.8660254037844386,0.5000000000000001,427.0,373.0,207.875,9.3,23.95,90.75,53.5,3.275,5.887661,0.0,12.525,23.975925906666664,37.8,40.7,42.35,42.95,35.06666666666667,-10.207777776666664,1.2444444266666643,0.5886666666666684,12.614666666666666,14.026,22.21666667777778,12.622222222222222,7.6160803,7.4053764,7.4845595,7.418122,7.6185856,0,1.0,0,0.75,0.15,5.5,94.5
2022-10-16 11:00:00,42.372471816662,14.953290711112,14.958568349998,23.975925906666664,14.026,35.06666666666667,1,5.1764362714980825,70.66250196097344,11,6,10,0.258819045102521,-0.9659258262890682,-0.7818314824680299,0.6234898018587334,-0.8660254037844386,0.5000000000000001,463.0,409.0,245.125,9.5,24.5,100.0,50.0,2.9,5.667002,0.0,13.0,23.36111109,36.2,37.8,40.7,42.35,35.4,-9.949925906666664,0.5648147966666635,0.8226666666666649,13.203333333333337,14.208,23.1845679,13.281333333333334,7.6185856,7.6160803,7.4053764,7.4845595,7.426558,0,0.0,0,1.0,0.27,6.6,93.4
2022-10-16 11:15:00,80.539556188884,44.374336072222,44.381835805554005,23.36111109,14.208,35.4,1,5.1764362714980825,70.66250196097344,11,6,10,0.258819045102521,-0.9659258262890682,-0.7818314824680299,0.6234898018587334,-0.8660254037844386,0.5000000000000001,483.0,441.0,281.8541666666667,9.5,24.575,78.75,48.5,2.7,5.5999036,0.0,13.3,22.68809523285714,35.06666666666667,36.2,37.8,40.7,35.964285714285715,-9.15311109,-0.6148148166666623,0.1820000000000003,14.026,14.929285714285712,23.582716035555556,13.812444444444443,7.426558,7.6185856,7.6160803,7.4053764,7.2600346,0,0.0,0,1.0,0.13,5.3,94.7
2022-10-16 11:30:00,62.31334061667,31.122088400000003,31.128199272222,22.68809523285714,14.929285714285712,35.964285714285715,1,5.1764362714980825,70.66250196097344,11,6,10,0.258819045102521,-0.9659258262890682,-0.7818314824680299,0.6234898018587334,-0.8660254037844386,0.5000000000000001,503.0,469.0,318.0625,9.5,24.65,57.5,47.0,2.5,5.5280604,0.0,13.6,22.25555553,35.4,35.06666666666667,36.2,37.8,36.0,-7.758809518571427,-0.673015857142861,0.7212857142857132,14.208,14.8,23.3417107431746,14.387761904761904,7.2600346,7.426558,7.6185856,7.6160803,7.088915,0,0.0,0,1.0,-0.03,5.0,95.0
2022-10-16 11:45:00,49.020539149998,25.795912588888,25.80174572222,22.25555553,14.8,36.0,1,5.1764362714980825,70.66250196097344,11,6,10,0.258819045102521,-0.9659258262890682,-0.7818314824680299,0.6234898018587334,-0.8660254037844386,0.5000000000000001,523.0,493.0,353.75,9.5,24.725,36.25,45.5,2.3,5.451339,0.0,13.9,21.829629646666667,35.964285714285715,35.4,35.06666666666667,36.2,36.18333333333333,-7.455555529999998,-0.4325397028571416,-0.1292857142857126,14.929285714285712,15.162666666666668,22.76825395095238,14.645761904761905,7.088915,7.2600346,7.426558,7.6185856,6.952248,0,0.0,0,1.0,-0.13,5.3,94.7
2022-10-16 12:00:00,81.465907999996,43.48048296111,43.487982711108,21.829629646666667,15.162666666666668,36.18333333333333,1,5.1764362714980825,70.66250196097344,12,6,10,1.2246467991473532e-16,-1.0,-0.7818314824680299,0.6234898018587334,-0.8660254037844386,0.5000000000000001,543.0,513.0,388.9166666666667,9.5,24.8,15.0,44.0,2.1,5.3696003,0.0,14.2,21.63333334,36.0,35.964285714285715,35.4,35.06666666666667,36.55,-6.666962980000001,-0.4259258833333312,0.3626666666666658,14.8,14.874666666666666,22.257760136507937,14.963984126984128,6.952248,7.088915,7.2600346,7.426558,6.9435086,0,0.0,0,1.0,-0.23,6.1,93.9
2022-10-16 12:15:00,45.846777088892,14.28053983889,14.284150811112,21.63333334,14.874666666666666,36.55,1,5.1764362714980825,70.66250196097344,12,6,10,1.2246467991473532e-16,-1.0,-0.7818314824680299,0.6234898018587334,-0.8660254037844386,0.5000000000000001,562.25,532.8125,421.5625,9.425,24.9,11.5,43.0,2.0,5.328533,0.0,14.45,21.78518520333333,36.18333333333333,36.0,35.964285714285715,35.4,36.6,-6.758666673333334,-0.1962963066666674,-0.2880000000000002,15.162666666666668,15.585333333333333,21.90617283888889,14.945777777777778,6.9435086,6.952248,7.088915,7.2600346,7.014282,0,0.0,0,1.0,-0.27,6.5,93.5
2022-10-16 12:30:00,440.842365633332,37.135181150002,37.143514166668,21.78518520333333,15.585333333333333,36.6,1,5.1764362714980825,70.66250196097344,12,6,10,1.2246467991473532e-16,-1.0,-0.7818314824680299,0.6234898018587334,-0.8660254037844386,0.5000000000000001,581.5,552.4375,451.6875,9.35,25.0,8.0,42.0,1.9,5.284759,0.0,14.7,22.18333335,36.55,36.18333333333333,36.0,35.964285714285715,35.9,-6.199851870000002,0.1518518633333343,0.7106666666666666,14.874666666666666,15.899333333333336,21.74938273,15.207555555555553,7.014282,6.9435086,6.952248,7.088915,7.039901,0,0.0,0,1.0,-0.24,6.2,93.8
2022-10-16 12:45:00,43.548813661106,0.0,0.0,22.18333335,15.899333333333336,35.9,0,5.1764362714980825,70.66250196097344,12,6,10,1.2246467991473532e-16,-1.0,-0.7818314824680299,0.6234898018587334,-0.8660254037844386,0.5000000000000001,600.75,571.875,479.2916666666667,9.275,25.1,4.5,41.0,1.8,5.238213,0.0,14.95,22.911111106666667,36.6,36.55,36.18333333333333,36.0,34.516666666666666,-6.284000016666667,0.3981481466666672,0.3140000000000018,15.585333333333333,16.092,21.867283964444443,15.453111111111111,7.039901,7.014282,6.9435086,6.952248,7.0574102,1,1.0,1,0.75,-0.15,5.4,94.6
2022-10-16 13:00:00,788.1162518222241,22.355772350002,22.363827611112,22.911111106666667,16.092,34.516666666666666,1,5.1764362714980825,70.66250196097344,13,6,10,-0.2588190451025208,-0.9659258262890684,-0.7818314824680299,0.6234898018587334,-0.8660254037844386,0.5000000000000001,620.0,591.125,504.375,9.2,25.2,1.0,40.0,1.7,5.188832,0.0,15.2,22.72777778,35.9,36.6,36.55,36.18333333333333,33.35,-6.819111106666668,0.727777756666665,0.1926666666666641,15.899333333333336,16.184,22.29320988666667,15.85888888888889,7.0574102,7.039901,7.014282,6.9435086,6.747628,0,1.0,1,0.75,0.02,5.0,95.0
2022-10-16 13:15:00,465.46249192222,0.0,0.0,22.72777778,16.184,33.35,0,5.1764362714980825,70.66250196097344,13,6,10,-0.2588190451025208,-0.9659258262890684,-0.7818314824680299,0.6234898018587334,-0.8660254037844386,0.5000000000000001,617.5,604.9375,526.25,9.025,24.925,1.5,39.75,1.8,5.21154,0.0,15.375,22.001851836666667,34.516666666666666,35.9,36.6,36.55,32.46666666666667,-6.543777779999999,-0.1833333266666663,0.0920000000000023,16.092,16.596,22.607407412222223,16.058444444444444,6.747628,7.0574102,7.039901,7.014282,6.300416,1,2.0,1,0.5,-0.04,5.0,95.0
2022-10-16 13:30:00,123.315067249998,57.052995588888,57.059662055552,22.001851836666667,16.596,32.46666666666667,1,5.1764362714980825,70.66250196097344,13,6,10,-0.2588190451025208,-0.9659258262890684,-0.7818314824680299,0.6234898018587334,-0.8660254037844386,0.5000000000000001,615.0,613.3125,544.9166666666666,8.85,24.65,2.0,39.5,1.9,5.234063,0.0,15.55,21.55555555,33.35,34.516666666666666,35.9,36.6,33.65,-5.405851836666667,-0.7259259433333334,0.411999999999999,16.184,16.337333333333333,22.54691357444445,16.290666666666667,6.300416,6.747628,7.0574102,7.039901,6.3638988,0,2.0,1,0.5,-0.21,5.9,94.1
2022-10-16 13:45:00,129.638703127778,54.802530044444,54.807807649998,21.55555555,16.337333333333333,33.65,1,5.1764362714980825,70.66250196097344,13,6,10,-0.2588190451025208,-0.9659258262890684,-0.7818314824680299,0.6234898018587334,-0.8660254037844386,0.5000000000000001,612.5,616.25,560.375,8.675,24.375,2.5,39.25,2.0,5.256395,0.0,15.725,21.37592592,32.46666666666667,33.35,34.516666666666666,35.9,33.53333333333333,-5.218222216666668,-0.4462962866666657,-0.2586666666666666,16.596,17.22266666666667,22.095061722222223,16.372444444444444,6.3638988,6.300416,6.747628,7.0574102,6.276226,0,1.0,0,0.75,-0.31,7.0,93.0
2022-10-16 14:00:00,136.027336488888,55.342230688888,55.346952766664,21.37592592,17.22266666666667,33.53333333333333,1,5.1764362714980825,70.66250196097344,14,6,10,-0.4999999999999997,-0.8660254037844388,-0.7818314824680299,0.6234898018587334,-0.8660254037844386,0.5000000000000001,610.0,613.75,572.625,8.5,24.1,3.0,39.0,2.1,5.27853,0.0,15.9,21.27777778,33.65,32.46666666666667,33.35,34.516666666666666,34.25,-4.153259253333332,-0.1796296300000008,0.8853333333333353,16.337333333333333,16.83,21.64444443555556,16.718666666666667,6.276226,6.3638988,6.300416,6.747628,6.374003,0,1.0,0,0.75,-0.35,7.6,92.4
2022-10-16 14:15:00,505.496446183326,14.918569916666,14.924125327774,21.27777778,16.83,34.25,1,5.1764362714980825,70.66250196097344,14,6,10,-0.4999999999999997,-0.8660254037844388,-0.7818314824680299,0.6234898018587334,-0.8660254037844386,0.5000000000000001,591.75,607.3125,581.6875,8.425,23.825000000000003,7.5,39.0,2.15,5.31054,0.0,16.0,21.069444425,33.53333333333333,33.65,32.46666666666667,33.35,35.125,-4.447777780000003,-0.0981481399999992,-0.3926666666666705,17.22266666666667,16.46357142857143,21.403086416666667,16.796666666666667,6.374003,6.276226,6.3638988,6.300416,6.458298,0,0.0,0,1.0,-0.37,7.9,92.1
2022-10-16 14:30:00,95.632285772218,24.459854883334,24.464576994442,21.069444425,16.46357142857143,35.125,1,5.1764362714980825,70.66250196097344,14,6,10,-0.4999999999999997,-0.8660254037844388,-0.7818314824680299,0.6234898018587334,-0.8660254037844386,0.5000000000000001,573.5,596.9375,587.5625,8.35,23.55,12.0,39.0,2.2,5.3427186,0.0,16.1,20.91666666,34.25,33.53333333333333,33.65,32.46666666666667,35.45,-4.60587299642857,-0.2083333550000006,-0.3664285714285675,16.83,16.986666666666665,21.241049375,16.83874603174603,6.458298,6.374003,6.276226,6.3638988,6.46045,0,0.0,0,1.0,-0.41,8.6,91.4
2022-10-16 14:45:00,123.475060849998,38.840668511112,38.844001744444,20.91666666,16.986666666666665,35.45,1,5.1764362714980825,70.66250196097344,14,6,10,-0.4999999999999997,-0.8660254037844388,-0.7818314824680299,0.6234898018587334,-0.8660254037844386,0.5000000000000001,555.25,582.625,590.25,8.275,23.275,16.5,39.0,2.25,5.375067,0.0,16.2,20.972222206666668,35.125,34.25,33.53333333333333,33.65,35.4,-3.929999993333333,-0.1527777650000032,0.5230952380952338,16.46357142857143,17.396666666666665,21.087962955,16.760079365079363,6.46045,6.458298,6.374003,6.276226,6.472204,0,0.0,0,1.0,-0.45,9.2,90.8
2022-10-16 15:00:00,82.67113765554801,0.0,0.0,20.972222206666668,17.396666666666665,35.4,0,5.1764362714980825,70.66250196097344,15,6,10,-0.7071067811865471,-0.7071067811865479,-0.7818314824680299,0.6234898018587334,-0.8660254037844386,0.5000000000000001,537.0,564.375,589.75,8.2,23.0,21.0,39.0,2.3,5.4075856,0.0,16.3,20.93888885,35.45,35.125,34.25,33.53333333333333,36.75,-3.5755555400000034,0.055555546666671,0.4100000000000001,16.986666666666665,17.165333333333333,20.98611109722222,16.94896825396825,6.472204,6.46045,6.458298,6.374003,6.706021,1,1.0,1,0.75,-0.43,8.9,91.1
2022-10-16 15:15:00,84.73883272777,0.0,0.0,20.93888885,17.165333333333333,36.75,0,5.1764362714980825,70.66250196097344,15,6,10,-0.7071067811865471,-0.7071067811865479,-0.7818314824680299,0.6234898018587334,-0.8660254037844386,0.5000000000000001,501.5,541.8125,584.6875,8.1,22.55,30.5,39.5,2.425,5.4521966,0.0,16.225,20.8925926,35.4,35.45,35.125,34.25,37.28333333333333,-3.773555516666669,-0.0333333566666667,-0.2313333333333318,17.396666666666665,17.234666666666666,20.94259257222222,17.182888888888886,6.706021,6.472204,6.46045,6.458298,6.785055,0,2.0,0,0.5,-0.43,8.9,91.1
2022-10-16 15:30:00,142.522632333328,55.54388923889,55.54916686111,20.8925926,17.234666666666666,37.28333333333333,1,5.1764362714980825,70.66250196097344,15,6,10,-0.7071067811865471,-0.7071067811865479,-0.7818314824680299,0.6234898018587334,-0.8660254037844386,0.5000000000000001,466.0,514.9375,575.0625,8.0,22.1,40.0,40.0,2.55,5.4962783,0.0,16.15,20.9222222,36.75,35.4,35.45,35.125,36.7,-3.657925933333335,-0.046296250000001,0.0693333333333328,17.165333333333333,17.274,20.934567885555555,17.265555555555554,6.785055,6.706021,6.472204,6.46045,6.690412,0,2.0,1,0.5,-0.44,9.1,90.9
2022-10-16 15:45:00,77.296074849994,14.033605266668,14.037771849998,20.9222222,17.274,36.7,1,5.1764362714980825,70.66250196097344,15,6,10,-0.7071067811865471,-0.7071067811865479,-0.7818314824680299,0.6234898018587334,-0.8660254037844386,0.5000000000000001,430.5,483.75,560.875,7.899999999999999,21.65,49.5,40.5,2.675,5.5398383,0.0,16.075,20.85185186333333,37.28333333333333,36.75,35.4,35.45,37.333333333333336,-3.6482221999999993,0.0296295999999998,0.0393333333333352,17.234666666666666,17.39333333333333,20.917901216666667,17.224666666666668,6.690412,6.785055,6.706021,6.472204,6.7780757,0,2.0,0,0.5,-0.44,9.0,91.0
2022-10-16 16:00:00,111.19638538333,45.292910411112,45.29874356111,20.85185186333333,17.39333333333333,37.333333333333336,1,5.1764362714980825,70.66250196097344,16,6,10,-0.8660254037844385,-0.5000000000000004,-0.7818314824680299,0.6234898018587334,-0.8660254037844386,0.5000000000000001,395.0,448.25,542.125,7.8,21.2,59.0,41.0,2.8,5.5828757,0.0,16.0,20.73888888,36.7,37.28333333333333,36.75,35.4,38.0,-3.458518529999999,-0.0703703366666701,0.1193333333333299,17.274,17.243999999999996,20.888888887777775,17.300666666666668,6.7780757,6.690412,6.785055,6.706021,6.853906,0,1.0,0,0.75,-0.45,9.3,90.7
2022-10-16 16:15:00,124.531963005554,54.6261482,54.631703594442,20.73888888,17.243999999999996,38.0,1,5.1764362714980825,70.66250196097344,16,6,10,-0.8660254037844385,-0.5000000000000004,-0.7818314824680299,0.6234898018587334,-0.8660254037844386,0.5000000000000001,361.5,413.25,520.7916666666666,6.75,20.675,68.5,44.0,3.55,5.937278,0.0,15.85,20.70185185,37.333333333333336,36.7,37.28333333333333,36.75,37.81666666666667,-3.494888880000005,-0.1129629833333289,-0.1493333333333346,17.39333333333333,17.297333333333334,20.83765431444445,17.303777777777775,6.853906,6.7780757,6.690412,6.785055,6.806146,0,0.0,0,1.0,-0.47,9.7,90.3
2022-10-16 16:30:00,129.882304566664,54.848361527778,54.853083638886,20.70185185,17.297333333333334,37.81666666666667,1,5.1764362714980825,70.66250196097344,16,6,10,-0.8660254037844385,-0.5000000000000004,-0.7818314824680299,0.6234898018587334,-0.8660254037844386,0.5000000000000001,328.0,378.75,496.875,5.7,20.15,78.0,47.0,4.3,6.2847567,0.0,15.7,20.62777778,38.0,37.333333333333336,36.7,37.28333333333333,37.55,-3.4045185166666663,-0.0370370300000004,0.0533333333333381,17.243999999999996,17.158666666666665,20.76419753111111,17.311555555555554,6.806146,6.853906,6.7780757,6.690412,6.7290525,0,0.0,0,1.0,-0.48,9.9,90.1
2022-10-16 16:45:00,148.886822138886,55.29001056111,55.293899338886,20.62777778,17.158666666666665,37.55,1,5.1764362714980825,70.66250196097344,16,6,10,-0.8660254037844385,-0.5000000000000004,-0.7818314824680299,0.6234898018587334,-0.8660254037844386,0.5000000000000001,294.5,344.75,470.375,4.65,19.625,87.5,50.0,5.05,6.6253967,0.0,15.55,20.6111111,37.81666666666667,38.0,37.333333333333336,36.7,37.96666666666667,-3.4691111133333337,-0.0740740700000017,-0.1386666666666691,17.297333333333334,16.674,20.68950617,17.23333333333333,6.7290525,6.806146,6.853906,6.7780757,6.7971144,0,0.0,0,1.0,-0.5,10.3,89.7
2022-10-16 17:00:00,141.965154616662,52.783444127778,52.788444011108,20.6111111,16.674,37.96666666666667,1,5.1764362714980825,70.66250196097344,17,6,10,-0.9659258262890684,-0.2588190451025206,-0.7818314824680299,0.6234898018587334,-0.8660254037844386,0.5000000000000001,261.0,311.25,441.2916666666667,3.6,19.1,97.0,53.0,5.8,6.959277,0.0,15.4,20.56666669,37.55,37.81666666666667,38.0,37.333333333333336,38.0,-3.937111099999999,-0.0166666800000001,-0.4846666666666657,17.158666666666665,16.586,20.646913576666662,17.043333333333333,6.7971144,6.7290525,6.806146,6.853906,6.7854815,0,0.0,0,1.0,-0.5,10.3,89.7
2022-10-16 17:15:00,112.049128972222,22.874362772222,22.878529338886,20.56666669,16.586,38.0,1,5.1764362714980825,70.66250196097344,17,6,10,-0.9659258262890684,-0.2588190451025206,-0.7818314824680299,0.6234898018587334,-0.8660254037844386,0.5000000000000001,214.25,274.4375,409.8333333333333,3.75,16.225,97.0,55.25,5.9,7.037331,0.0,14.9,20.503703706666663,37.96666666666667,37.55,37.81666666666667,38.0,38.18333333333333,-3.98066669,-0.0444444100000005,-0.0880000000000009,16.674,16.417333333333332,20.601851856666663,16.80622222222222,6.7854815,6.7971144,6.7290525,6.806146,6.793232,0,0.0,0,1.0,-0.51,10.5,89.5
2022-10-16 17:30:00,141.07657879445,54.42060083889,54.424767388888,20.503703706666663,16.417333333333332,38.18333333333333,1,5.1764362714980825,70.66250196097344,17,6,10,-0.9659258262890684,-0.2588190451025206,-0.7818314824680299,0.6234898018587334,-0.8660254037844386,0.5000000000000001,167.5,234.3125,376.0,3.9,13.35,97.0,57.5,6.0,7.1035953,0.0,14.4,20.53888892,38.0,37.96666666666667,37.55,37.81666666666667,38.5,-4.086370373333335,-0.0629629833333318,-0.1686666666666667,16.586,16.338,20.56049383222222,16.55911111111111,6.793232,6.7854815,6.7971144,6.7290525,6.8636394,0,0.0,0,1.0,-0.53,10.8,89.2
2022-10-16 17:45:00,126.350223572222,55.306398772222,55.310287533332,20.53888892,16.338,38.5,1,5.1764362714980825,70.66250196097344,17,6,10,-0.9659258262890684,-0.2588190451025206,-0.7818314824680299,0.6234898018587334,-0.8660254037844386,0.5000000000000001,120.75,190.875,339.7916666666667,4.05,10.475,97.0,59.75,6.1,7.158626,0.0,13.9,20.5555556,38.18333333333333,38.0,37.96666666666667,37.55,38.31666666666667,-4.200888919999997,0.0351852133333316,-0.0793333333333308,16.417333333333332,16.208666666666666,20.53641977222222,16.44711111111111,6.8636394,6.793232,6.7854815,6.7971144,6.837597,0,0.0,0,1.0,-0.52,10.6,89.4
2022-10-16 18:00:00,129.539262622224,55.591109583334,55.59666496111,20.5555556,16.208666666666666,38.31666666666667,1,5.1764362714980825,70.66250196097344,18,6,10,-1.0,-1.8369701987210294e-16,-0.7818314824680299,0.6234898018587334,-0.8660254037844386,0.5000000000000001,74.0,144.125,301.2083333333333,4.2,7.6,97.0,62.0,6.2,7.2029667,0.0,13.4,20.54444448,38.5,38.18333333333333,38.0,37.96666666666667,37.95,-4.346888933333336,0.0166666800000037,-0.129333333333335,16.338,15.936666666666667,20.532716075555555,16.32133333333333,6.837597,6.8636394,6.793232,6.7854815,6.76778,0,0.0,0,1.0,-0.52,10.6,89.4
2022-10-16 18:15:00,108.583434455548,24.8040078,24.807896594442,20.54444448,15.936666666666667,37.95,1,5.1764362714980825,70.66250196097344,18,6,10,-1.0,-1.8369701987210294e-16,-0.7818314824680299,0.6234898018587334,-0.8660254037844386,0.5000000000000001,56.25,104.625,264.1041666666667,4.85,8.3,97.5,63.0,5.925,7.0634336,0.0,12.825,20.43148146333333,38.31666666666667,38.5,38.18333333333333,38.0,37.35,-4.607777813333332,-0.0111111200000024,-0.2719999999999984,16.208666666666666,15.652666666666669,20.54629633333333,16.16111111111111,6.76778,6.837597,6.8636394,6.793232,6.61703,0,0.0,0,1.0,-0.52,10.7,89.3
2022-10-16 18:30:00,362.81326472222,53.725350916666,53.730906294442,20.43148146333333,15.652666666666669,37.35,1,5.1764362714980825,70.66250196097344,18,6,10,-1.0,-1.8369701987210294e-16,-0.7818314824680299,0.6234898018587334,-0.8660254037844386,0.5000000000000001,38.5,72.375,228.47916666666663,5.5,9.0,98.0,64.0,5.65,6.9237175,0.0,12.25,20.38333334,37.95,38.31666666666667,38.5,38.18333333333333,37.0,-4.778814796666667,-0.112963016666665,-0.2840000000000007,15.936666666666667,15.3,20.51049384777778,15.932666666666668,6.61703,6.76778,6.837597,6.8636394,6.536627,0,0.0,0,1.0,-0.55,11.3,88.7
2022-10-16 18:45:00,829.3901563666681,54.76725363889,54.771420155556,20.38333334,15.3,37.0,1,5.1764362714980825,70.66250196097344,18,6,10,-1.0,-1.8369701987210294e-16,-0.7818314824680299,0.6234898018587334,-0.8660254037844386,0.5000000000000001,20.750000000000007,47.375,194.33333333333331,6.15,9.7,98.5,65.0,5.375,6.7839813,0.0,11.675,20.35740739333333,37.35,37.95,38.31666666666667,38.5,37.0,-5.083333339999999,-0.048148123333334,-0.352666666666666,15.652666666666669,14.858666666666666,20.453086427777777,15.629777777777775,6.536627,6.61703,6.76778,6.837597,6.5267377,0,0.0,0,1.0,-0.56,11.6,88.4
2022-10-16 19:00:00,140.521601177776,55.5752769,55.580554538886,20.35740739333333,14.858666666666666,37.0,1,5.1764362714980825,70.66250196097344,19,6,10,-0.9659258262890684,0.2588190451025203,-0.7818314824680299,0.6234898018587334,-0.8660254037844386,0.5000000000000001,3.0,29.625,161.66666666666666,6.8,10.4,99.0,66.0,5.1,6.644381,0.0,11.1,20.3888889,37.0,37.35,37.95,38.31666666666667,36.95,-5.498740726666666,-0.0259259466666677,-0.4413333333333344,15.3,14.348,20.390740732222223,15.270444444444443,6.5267377,6.536627,6.61703,6.76778,6.5299106,0,0.0,0,1.0,-0.57,11.8,88.2
2022-10-16 19:15:00,229.861082955556,55.9544284,55.95887272222,20.3888889,14.348,36.95,1,5.1764362714980825,70.66250196097344,19,6,10,-0.9659258262890684,0.2588190451025203,-0.7818314824680299,0.6234898018587334,-0.8660254037844386,0.5000000000000001,2.25,16.125,131.72916666666666,7.45,11.05,99.25,66.5,4.875,6.5695033,0.0,10.8,20.3888889,37.0,37.0,37.35,37.95,36.53333333333333,-6.040888900000001,0.0314815066666689,-0.5106666666666655,14.858666666666666,13.785333333333334,20.37654321111111,14.835555555555556,6.5299106,6.5267377,6.536627,6.61703,6.456276,0,0.0,0,1.0,-0.56,11.6,88.4
2022-10-16 19:30:00,177.937604494442,57.141603144444,57.147436311108,20.3888889,13.785333333333334,36.53333333333333,1,5.1764362714980825,70.66250196097344,19,6,10,-0.9659258262890684,0.2588190451025203,-0.7818314824680299,0.6234898018587334,-0.8660254037844386,0.5000000000000001,1.5,6.875000000000002,104.52083333333331,8.1,11.7,99.5,67.0,4.65,6.494802,0.0,10.5,20.42777775,36.95,37.0,37.0,37.35,37.3,-6.603555566666667,0.0,-0.5626666666666669,14.348,13.126666666666669,20.378395064444444,14.330666666666668,6.456276,6.5299106,6.5267377,6.536627,6.6067452,0,0.0,0,1.0,-0.56,11.7,88.3
2022-10-16 19:45:00,117.783899605554,26.273115716666,26.276726705554,20.42777775,13.126666666666669,37.3,1,5.1764362714980825,70.66250196097344,19,6,10,-0.9659258262890684,0.2588190451025203,-0.7818314824680299,0.6234898018587334,-0.8660254037844386,0.5000000000000001,0.75,1.875,80.04166666666667,8.75,12.35,99.75,67.5,4.425,6.4202957,0.0,10.2,20.42407405,36.53333333333333,36.95,37.0,37.0,38.43333333333333,-7.301111083333334,0.0388888499999993,-0.658666666666667,13.785333333333334,12.759333333333332,20.40185185,13.753333333333336,6.6067452,6.456276,6.5299106,6.5267377,6.806015,0,0.0,0,1.0,-0.55,11.4,88.6
2022-10-16 20:00:00,88.573679211108,21.504973133332,21.509417438886,20.42407405,12.759333333333332,38.43333333333333,1,5.1764362714980825,70.66250196097344,20,6,10,-0.8660254037844386,0.5000000000000001,-0.7818314824680299,0.6234898018587334,-0.8660254037844386,0.5000000000000001,0.0,1.125,58.29166666666666,9.4,13.0,100.0,68.0,4.2,6.346003,0.0,9.9,20.35555554,37.3,36.53333333333333,36.95,37.0,38.85,-7.664740716666666,-0.0037037000000026,-0.3673333333333346,13.126666666666669,12.636,20.41358023333333,13.223777777777778,6.806015,6.6067452,6.456276,6.5299106,6.852334,0,0.0,0,1.0,-0.55,11.2,88.8
2022-10-16 20:15:00,112.096627172218,55.029187644444,55.035298549998,20.35555554,12.636,38.85,1,5.1764362714980825,70.66250196097344,20,6,10,-0.8660254037844386,0.5000000000000001,-0.7818314824680299,0.6234898018587334,-0.8660254037844386,0.5000000000000001,0.0,0.5625,40.4375,9.625,14.25,98.5,68.75,4.25,6.3652654,0.0,9.775,20.407539669285715,38.43333333333333,37.3,36.53333333333333,36.95,39.19642857142857,-7.719555540000002,-0.0685185099999969,-0.123333333333333,12.759333333333332,12.352857142857143,20.402469113333336,12.840666666666666,6.852334,6.806015,6.6067452,6.456276,6.9344535,0,0.0,0,1.0,-0.56,11.5,88.5
2022-10-16 20:30:00,119.637158755556,52.038196188888,52.043751566664,20.407539669285715,12.352857142857143,39.19642857142857,1,5.1764362714980825,70.66250196097344,20,6,10,-0.8660254037844386,0.5000000000000001,-0.7818314824680299,0.6234898018587334,-0.8660254037844386,0.5000000000000001,0.0,0.1875,26.479166666666668,9.85,15.5,97.0,69.5,4.300000000000001,6.3837743,0.0,9.65,20.47777776,38.85,38.43333333333333,37.3,36.53333333333333,39.5,-8.054682526428572,0.0519841292857137,-0.283142857142856,12.636,12.15,20.39572308642857,12.582730158730158,6.9344535,6.852334,6.806015,6.6067452,7.016859,0,0.0,0,1.0,-0.54,11.2,88.8
2022-10-16 20:45:00,83.675264072218,0.0,0.0,20.47777776,12.15,39.5,0,5.1764362714980825,70.66250196097344,20,6,10,-0.8660254037844386,0.5000000000000001,-0.7818314824680299,0.6234898018587334,-0.8660254037844386,0.5000000000000001,0.0,0.0,16.416666666666668,10.075,16.75,95.5,70.25,4.3500000000000005,6.4015408,0.0,9.525,20.427777756666668,39.19642857142857,38.85,38.43333333333333,37.3,39.68333333333333,-8.327777759999998,0.0702380907142838,-0.2028571428571428,12.352857142857143,11.922,20.41362432309524,12.37961904761905,7.016859,6.9344535,6.852334,6.806015,7.028892,1,1.0,1,0.75,-0.53,10.8,89.2
2022-10-16 21:00:00,102.57978556111,24.09764713889,24.101535933332,20.427777756666668,11.922,39.68333333333333,1,5.1764362714980825,70.66250196097344,21,6,10,-0.7071067811865477,0.7071067811865474,-0.7818314824680299,0.6234898018587334,-0.8660254037844386,0.5000000000000001,0.0,0.0,10.25,10.3,18.0,94.0,71.0,4.4,6.418571,0.0,9.4,20.35555554,39.5,39.19642857142857,38.85,38.43333333333333,39.65,-8.505777756666667,-0.0500000033333307,-0.2279999999999997,12.15,11.570666666666666,20.437698395317454,12.141619047619049,7.028892,7.016859,6.9344535,6.852334,6.9934382,0,1.0,1,0.75,-0.54,11.0,89.0
2022-10-16 21:15:00,137.410336733332,51.537382872222,51.543493811108,20.35555554,11.570666666666666,39.65,1,5.1764362714980825,70.66250196097344,21,6,10,-0.7071067811865477,0.7071067811865474,-0.7818314824680299,0.6234898018587334,-0.8660254037844386,0.5000000000000001,0.0,0.0,5.5625,10.7,19.0,72.0,70.75,4.3500000000000005,6.4061685,0.0,9.425,20.40555554333333,39.68333333333333,39.5,39.19642857142857,38.85,39.68333333333333,-8.784888873333335,-0.0722222166666668,-0.3513333333333346,11.922,11.340666666666667,20.420370352222225,11.88088888888889,6.9934382,7.028892,7.016859,6.9344535,7.01978,0,1.0,0,0.75,-0.55,11.4,88.6
2022-10-16 21:30:00,101.59982484444,0.0,0.0,20.40555554333333,11.340666666666667,39.68333333333333,0,5.1764362714980825,70.66250196097344,21,6,10,-0.7071067811865477,0.7071067811865474,-0.7818314824680299,0.6234898018587334,-0.8660254037844386,0.5000000000000001,0.0,0.0,2.3541666666666674,11.1,20.0,50.0,70.5,4.300000000000001,6.393707,0.0,9.45,20.39999999,39.65,39.68333333333333,39.5,39.19642857142857,40.0,-9.064888876666664,0.0500000033333307,-0.2299999999999986,11.570666666666666,11.482,20.39629628,11.611111111111112,7.01978,6.9934382,7.028892,7.016859,7.073502,1,2.0,1,0.5,-0.54,11.2,88.8
2022-10-16 21:45:00,95.66061792222,18.587312027778,18.592589666664,20.39999999,11.482,40.0,1,5.1764362714980825,70.66250196097344,21,6,10,-0.7071067811865477,0.7071067811865474,-0.7818314824680299,0.6234898018587334,-0.8660254037844386,0.5000000000000001,0.0,0.0,0.625,11.5,21.0,28.0,70.25,4.25,6.3811903,0.0,9.475,20.337037006666662,39.68333333333333,39.65,39.68333333333333,39.5,40.0,-8.917999990000002,-0.0055555533333304,0.1413333333333319,11.340666666666667,11.268666666666666,20.38703702444444,11.464444444444444,7.073502,7.01978,6.9934382,7.028892,7.047546,0,1.0,1,0.75,-0.54,11.1,88.9
2022-10-16 22:00:00,129.809251872222,58.025734444444,58.034345266664,20.337037006666662,11.268666666666666,40.0,1,5.1764362714980825,70.66250196097344,22,6,10,-0.5000000000000004,0.8660254037844384,-0.7818314824680299,0.6234898018587334,-0.8660254037844386,0.5000000000000001,0.0,0.0,0.375,11.9,22.0,6.0,70.0,4.2,6.3686123,0.0,9.5,20.370512816923075,40.0,39.68333333333333,39.65,39.68333333333333,40.0,-9.06837034,-0.0629629833333353,-0.2133333333333329,11.482,11.024615384615384,20.38086418,11.363777777777775,7.047546,7.073502,7.01978,6.9934382,7.061335,0,1.0,0,0.75,-0.56,11.5,88.5
2022-10-16 22:15:00,306.621623711104,0.0,0.0,20.370512816923075,11.024615384615384,40.0,0,5.1764362714980825,70.66250196097344,22,6,10,-0.5000000000000004,0.8660254037844384,-0.7818314824680299,0.6234898018587334,-0.8660254037844386,0.5000000000000001,0.0,0.0,0.1875,12.375,23.075,17.75,68.5,4.0,6.261969,0.0,9.575,20.34814816333333,40.0,40.0,39.68333333333333,39.65,39.81666666666667,-9.34589743230769,0.0334758102564087,-0.2440512820512825,11.268666666666666,11.202666666666666,20.36918327119658,11.258427350427349,7.061335,7.047546,7.073502,7.01978,7.019798,1,2.0,1,0.5,-0.55,11.3,88.7
2022-10-16 22:30:00,235.739736816662,39.718966744444,39.72424438333,20.34814816333333,11.202666666666666,39.81666666666667,1,5.1764362714980825,70.66250196097344,22,6,10,-0.5000000000000004,0.8660254037844384,-0.7818314824680299,0.6234898018587334,-0.8660254037844386,0.5000000000000001,0.0,0.0,0.0625,12.85,24.15,29.5,67.0,3.8,6.154143,0.0,9.65,20.31666665,40.0,40.0,40.0,39.68333333333333,39.5,-9.145481496666669,-0.0223646535897401,0.1780512820512818,11.024615384615384,11.211333333333334,20.35189932897436,11.16531623931624,7.019798,7.061335,7.047546,7.073502,6.9511757,0,1.0,1,0.75,-0.56,11.5,88.5
2022-10-16 22:45:00,129.797863427778,46.999508811112,47.00506422222,20.31666665,11.211333333333334,39.5,1,5.1764362714980825,70.66250196097344,22,6,10,-0.5000000000000004,0.8660254037844384,-0.7818314824680299,0.6234898018587334,-0.8660254037844386,0.5000000000000001,0.0,0.0,0.0,13.325,25.225,41.25,65.5,3.6,6.045122,0.0,9.725,20.3333333,39.81666666666667,40.0,40.0,40.0,39.5,-9.105333316666664,-0.0314815133333361,0.0086666666666683,11.202666666666666,11.120666666666668,20.34510921008547,11.146205128205128,6.9511757,7.019798,7.061335,7.047546,6.9579463,0,1.0,0,0.75,-0.56,11.7,88.3
2022-10-16 23:00:00,72.665982111112,0.0,0.0,20.3333333,11.120666666666668,39.5,0,5.1764362714980825,70.66250196097344,23,6,10,-0.2588190451025215,0.965925826289068,-0.7818314824680299,0.6234898018587334,-0.8660254037844386,0.5000000000000001,0.0,0.0,0.0,13.8,26.3,53.0,64.0,3.4,5.9349027,0.0,9.8,20.250793625714287,39.5,39.81666666666667,40.0,40.0,39.18214285714286,-9.212666633333331,0.0166666500000012,-0.0906666666666673,11.211333333333334,10.982857142857142,20.33271603777778,11.178222222222225,6.9579463,6.9511757,7.019798,7.061335,6.868751,1,2.0,1,0.5,-0.56,11.6,88.4
2022-10-16 23:15:00,113.17408402222,49.052482255556,49.058315405554,20.250793625714287,10.982857142857142,39.18214285714286,1,5.1764362714980825,70.66250196097344,23,6,10,-0.2588190451025215,0.965925826289068,-0.7818314824680299,0.6234898018587334,-0.8660254037844386,0.5000000000000001,0.0,0.0,0.0,14.225,27.1,62.0,63.75,3.275,5.902337,0.0,9.775,20.242592586666667,39.5,39.5,39.81666666666667,40.0,39.28333333333333,-9.267936482857143,-0.0825396742857123,-0.1378095238095245,11.120666666666668,11.13,20.30026452523809,11.104952380952382,6.868751,6.9579463,6.9511757,7.019798,6.883191,0,1.0,1,0.75,-0.58,12.1,87.9
2022-10-16 23:30:00,110.016154694446,30.622663944444,30.625441666664,20.242592586666667,11.13,39.28333333333333,1,5.1764362714980825,70.66250196097344,23,6,10,-0.2588190451025215,0.965925826289068,-0.7818314824680299,0.6234898018587334,-0.8660254037844386,0.5000000000000001,0.0,0.0,0.0,14.65,27.9,71.0,63.5,3.15,5.8698583,0.0,9.75,20.23333333,39.18214285714286,39.5,39.5,39.81666666666667,38.65,-9.112592586666668,-0.0082010390476199,0.1471428571428568,10.982857142857142,11.481333333333334,20.275573170793653,11.077841269841269,6.883191,6.868751,6.9579463,6.9511757,6.768555,0,1.0,0,0.75,-0.58,12.1,87.9
2022-10-16 23:45:00,100.877075955552,32.70591396111,32.710358299996,20.23333333,11.481333333333334,38.65,1,5.1764362714980825,70.66250196097344,23,6,10,-0.2588190451025215,0.965925826289068,-0.7818314824680299,0.6234898018587334,-0.8660254037844386,0.5000000000000001,0.0,0.0,0.0,15.075,28.7,80.0,63.25,3.025,5.837466,0.0,9.725,20.1709402,39.28333333333333,39.18214285714286,39.5,39.5,38.5,-8.751999996666667,-0.0092592566666667,0.3513333333333346,11.13,11.399230769230767,20.24223984746032,11.198063492063492,6.768555,6.883191,6.868751,6.9579463,6.7177377,0,1.0,0,0.75,-0.59,12.3,87.7
2022-10-17 00:00:00,110.078374572218,47.208667127778,47.213389238886,20.1709402,11.399230769230767,38.5,1,5.1764362714980825,70.66250196097344,0,0,10,0.0,1.0,0.0,1.0,-0.8660254037844386,0.5000000000000001,0.0,0.0,0.0,15.5,29.5,89.0,63.0,2.9,5.8051596,0.0,9.7,20.1666667,38.65,39.28333333333333,39.18214285714286,39.5,38.5,-8.771709430769231,-0.0623931300000002,-0.0821025641025645,11.481333333333334,11.522666666666668,20.21562203888889,11.3368547008547,6.7177377,6.768555,6.883191,6.868751,6.7160583,0,0.0,0,1.0,-0.6,12.7,87.3
2022-10-17 00:15:00,101.48066302777,35.437749083334,35.441360088888,20.1666667,11.522666666666668,38.5,1,5.1764362714980825,70.66250196097344,0,0,10,0.0,1.0,0.0,1.0,-0.8660254037844386,0.5000000000000001,0.0,0.0,0.0,15.225,29.6,91.0,62.75,2.85,5.7729387,0.0,9.675,20.14629631333333,38.5,38.65,39.28333333333333,39.18214285714286,38.5,-8.644000033333333,-0.0042735,0.1234358974358986,11.399230769230767,12.066,20.19031341,11.467743589743591,6.7160583,6.7177377,6.768555,6.883191,6.7080607,0,0.0,0,1.0,-0.61,12.7,87.3
2022-10-17 00:30:00,85.364363022224,23.530169872222,23.533780894442,20.14629631333333,12.066,38.5,1,5.1764362714980825,70.66250196097344,0,0,10,0.0,1.0,0.0,1.0,-0.8660254037844386,0.5000000000000001,0.0,0.0,0.0,14.95,29.7,93.0,62.5,2.8,5.7408047,0.0,9.65,20.0777778,38.5,38.5,38.65,39.28333333333333,38.55,-8.080296313333333,-0.0203703866666664,0.543333333333333,11.522666666666668,11.959333333333332,20.16130107111111,11.66263247863248,6.7080607,6.7160583,6.7177377,6.768555,6.6898994,0,0.0,0,1.0,-0.61,12.8,87.2
2022-10-17 00:45:00,110.065041738886,54.708089372222,54.711700411108,20.0777778,11.959333333333332,38.55,1,5.1764362714980825,70.66250196097344,0,0,10,0.0,1.0,0.0,1.0,-0.8660254037844386,0.5000000000000001,0.0,0.0,0.0,14.675,29.8,95.0,62.25,2.75,5.7087555,0.0,9.625,20.12777778666667,38.5,38.5,38.5,38.65,38.78333333333333,-8.118444466666668,-0.0685185133333341,-0.1066666666666691,12.066,11.656,20.130246937777777,11.849333333333334,6.6898994,6.7080607,6.7160583,6.7177377,6.750111,0,0.0,0,1.0,-0.62,13.2,86.8
2022-10-17 01:00:00,62.713880327774,19.696989855556,19.700878633332,20.12777778666667,11.656,38.78333333333333,1,5.1764362714980825,70.66250196097344,1,0,10,0.2588190451025207,0.9659258262890684,0.0,1.0,-0.8660254037844386,0.5000000000000001,0.0,0.0,0.0,14.4,29.9,97.0,62.0,2.7,5.676792,0.0,9.6,20.08888893,38.55,38.5,38.5,38.5,38.55,-8.471777786666669,0.0499999866666698,-0.303333333333331,11.959333333333332,12.1,20.117283966666665,11.893777777777778,6.750111,6.6898994,6.7080607,6.7160583,6.6942506,0,0.0,0,1.0,-0.61,12.8,87.2
2022-10-17 01:15:00,80.04790912222,38.431518244444,38.437073655552,20.08888893,12.1,38.55,1,5.1764362714980825,70.66250196097344,1,0,10,0.2588190451025207,0.9659258262890684,0.0,1.0,-0.8660254037844386,0.5000000000000001,0.0,0.0,0.0,14.65,29.9,73.25,62.0,2.6750000000000003,5.667768,0.0,9.575,20.07592595,38.78333333333333,38.55,38.5,38.5,38.96666666666667,-7.98888893,-0.03888885666667,0.443999999999999,11.656,11.962,20.098148172222224,11.905111111111111,6.6942506,6.750111,6.6898994,6.7080607,6.761476,0,0.0,0,1.0,-0.62,13.1,86.9
2022-10-17 01:30:00,91.15857584444,43.892410850002,43.898244033332,20.07592595,11.962,38.96666666666667,1,5.1764362714980825,70.66250196097344,1,0,10,0.2588190451025207,0.9659258262890684,0.0,1.0,-0.8660254037844386,0.5000000000000001,0.0,0.0,0.0,14.9,29.9,49.5,62.0,2.6500000000000004,5.6587567,0.0,9.55,20.09999999,38.55,38.78333333333333,38.55,38.5,39.0,-8.113925950000002,-0.0129629799999975,-0.1379999999999999,12.1,11.124666666666666,20.09753088888889,11.906,6.761476,6.6942506,6.750111,6.6898994,6.7767997,0,0.0,0,1.0,-0.62,13.1,86.9
2022-10-17 01:45:00,52.702614077776,16.669055427777998,16.672666433332,20.09999999,11.124666666666666,39.0,1,5.1764362714980825,70.66250196097344,1,0,10,0.2588190451025207,0.9659258262890684,0.0,1.0,-0.8660254037844386,0.5000000000000001,0.0,0.0,0.0,15.15,29.9,25.75,62.0,2.625,5.6497583,0.0,9.525,20.00740740666667,38.96666666666667,38.55,38.78333333333333,38.55,39.0,-8.975333323333334,0.0240740399999985,-0.8373333333333335,11.962,11.05,20.08827162333333,11.72888888888889,6.7767997,6.761476,6.6942506,6.750111,6.7401705,0,0.0,0,1.0,-0.62,13.0,87.0
2022-10-17 02:00:00,104.995244505554,54.606149016666,54.613371011108,20.00740740666667,11.05,39.0,1,5.1764362714980825,70.66250196097344,2,0,10,0.4999999999999999,0.8660254037844387,0.0,1.0,-0.8660254037844386,0.5000000000000001,0.0,0.0,0.0,15.4,29.9,2.0,62.0,2.6,5.6407714,0.0,9.5,20.03333336,39.0,38.96666666666667,38.55,38.78333333333333,39.3,-8.957407406666668,-0.0925925833333316,-0.0746666666666655,11.124666666666666,11.159333333333333,20.06111111555556,11.37888888888889,6.7401705,6.7767997,6.761476,6.6942506,6.8023367,0,0.0,0,1.0,-0.64,13.5,86.5
2022-10-17 02:15:00,66.18790804444001,11.035391949998,11.03844744444,20.03333336,11.159333333333333,39.3,1,5.1764362714980825,70.66250196097344,2,0,10,0.4999999999999999,0.8660254037844387,0.0,1.0,-0.8660254037844386,0.5000000000000001,0.0,0.0,0.0,15.3,29.9,6.75,61.75,2.55,5.6180267,0.0,9.5,19.98888888,39.0,39.0,38.96666666666667,38.55,39.2,-8.874000026666664,0.0259259533333278,0.1093333333333319,11.05,11.476,20.046913585555554,11.111333333333334,6.8023367,6.7401705,6.7767997,6.761476,6.767393,0,0.0,0,1.0,-0.63,13.3,86.7
2022-10-17 02:30:00,45.238745977776,20.105029116666,20.10864012222,19.98888888,11.476,39.2,1,5.1764362714980825,70.66250196097344,2,0,10,0.4999999999999999,0.8660254037844387,0.0,1.0,-0.8660254037844386,0.5000000000000001,0.0,0.0,0.0,15.2,29.9,11.5,61.5,2.5,5.595281,0.0,9.5,19.948412657142857,39.3,39.0,39.0,38.96666666666667,39.46428571428572,-8.512888879999997,-0.0444444799999992,0.3166666666666682,11.159333333333333,12.162857142857144,20.009876548888887,11.228444444444444,6.767393,6.8023367,6.7401705,6.7767997,6.7968836,0,0.0,0,1.0,-0.64,13.6,86.4
2022-10-17 02:45:00,77.77466663889,38.153751555556,38.158751405554,19.948412657142857,12.162857142857144,39.46428571428572,1,5.1764362714980825,70.66250196097344,2,0,10,0.4999999999999999,0.8660254037844387,0.0,1.0,-0.8660254037844386,0.5000000000000001,0.0,0.0,0.0,15.1,29.9,16.25,61.25,2.45,5.5725365,0.0,9.5,19.976190457142856,39.2,39.3,39.0,39.0,39.035714285714285,-7.785555514285713,-0.0404762228571407,0.6868571428571428,11.476,12.462857142857144,19.990211632380948,11.599396825396823,6.7968836,6.767393,6.8023367,6.7401705,6.7340198,0,0.0,0,1.0,-0.65,13.8,86.2
2022-10-17 03:00:00,53.25981410555,21.736074988888,21.739685994442,19.976190457142856,12.462857142857144,39.035714285714285,1,5.1764362714980825,70.66250196097344,3,0,10,0.7071067811865476,0.7071067811865476,0.0,1.0,-0.8660254037844386,0.5000000000000001,0.0,0.0,0.0,15.0,29.9,21.0,61.0,2.4,5.5497913,0.0,9.5,19.911111100000003,39.46428571428572,39.2,39.3,39.0,39.0,-7.513333314285713,0.027777799999999,0.2999999999999989,12.162857142857144,12.748,19.97116399809524,12.033904761904765,6.7340198,6.7968836,6.767393,6.8023367,6.7022576,0,0.0,0,1.0,-0.65,13.7,86.3
2022-10-17 03:15:00,82.015608127778,46.958399355556,46.964510227778,19.911111100000003,12.748,39.0,1,5.1764362714980825,70.66250196097344,3,0,10,0.7071067811865476,0.7071067811865476,0.0,1.0,-0.8660254037844386,0.5000000000000001,0.0,0.0,0.0,15.1,30.075,39.5,60.75,2.325,5.527046,0.0,9.5,19.9407407,39.035714285714285,39.46428571428572,39.2,39.3,39.0,-7.163111100000004,-0.0650793571428529,0.2851428571428567,12.462857142857144,12.598,19.945238071428573,12.457904761904762,6.7022576,6.7340198,6.7968836,6.767393,6.7139034,0,0.0,0,1.0,-0.66,14.2,85.8
2022-10-17 03:30:00,52.055417716666,10.047375855556,10.051264666664,19.9407407,12.598,39.0,1,5.1764362714980825,70.66250196097344,3,0,10,0.7071067811865476,0.7071067811865476,0.0,1.0,-0.8660254037844386,0.5000000000000001,0.0,0.0,0.0,15.2,30.25,58.0,60.5,2.25,5.5043015,0.0,9.5,19.90555555,39.0,39.035714285714285,39.46428571428572,39.2,39.35,-7.3427406999999985,0.0296295999999962,-0.1499999999999985,12.748,12.162,19.942680752380955,12.60295238095238,6.7139034,6.7022576,6.7340198,6.7968836,6.7602053,0,0.0,0,1.0,-0.65,14.0,86.0
2022-10-17 03:45:00,103.61002226666,55.876098216666,55.883320211108,19.90555555,12.162,39.35,1,5.1764362714980825,70.66250196097344,3,0,10,0.7071067811865476,0.7071067811865476,0.0,1.0,-0.8660254037844386,0.5000000000000001,0.0,0.0,0.0,15.3,30.425,76.5,60.25,2.175,5.481556,0.0,9.5,19.90925925,39.0,39.0,39.035714285714285,39.46428571428572,39.5,-7.743555549999998,-0.0351851500000002,-0.4359999999999999,12.598,12.121333333333332,19.91913578333333,12.502666666666668,6.7602053,6.7139034,6.7022576,6.7340198,6.7874475,0,0.0,0,1.0,-0.66,14.1,85.9
2022-10-17 04:00:00,76.320002594446,21.428309483334,21.433309349998,19.90925925,12.121333333333332,39.5,1,5.1764362714980825,70.66250196097344,4,0,10,0.8660254037844386,0.5000000000000001,0.0,1.0,-0.8660254037844386,0.5000000000000001,0.0,0.0,0.0,15.4,30.6,95.0,60.0,2.1,5.4588113,0.0,9.5,19.89999999,39.35,39.0,39.0,39.035714285714285,39.5,-7.787925916666666,0.003703699999999,-0.0406666666666684,12.162,12.609333333333334,19.9185185,12.29377777777778,6.7874475,6.7602053,6.7139034,6.7022576,6.7837667,0,0.0,0,1.0,-0.66,14.1,85.9
2022-10-17 04:15:00,70.529400994442,31.80594996111,31.811783127774,19.89999999,12.609333333333334,39.5,1,5.1764362714980825,70.66250196097344,4,0,10,0.8660254037844386,0.5000000000000001,0.0,1.0,-0.8660254037844386,0.5000000000000001,0.0,0.0,0.0,15.5,30.775,96.25,59.75,2.075,5.4533987,0.0,9.55,19.85740739333333,39.5,39.35,39.0,39.0,39.5,-7.290666656666668,-0.0092592599999967,0.4880000000000013,12.121333333333332,12.942,19.90493826333333,12.297555555555556,6.7837667,6.7874475,6.7602053,6.7139034,6.766851,0,0.0,0,1.0,-0.66,14.2,85.8
2022-10-17 04:30:00,84.538840711104,50.127994816666,50.13577232222,19.85740739333333,12.942,39.5,1,5.1764362714980825,70.66250196097344,4,0,10,0.8660254037844386,0.5000000000000001,0.0,1.0,-0.8660254037844386,0.5000000000000001,0.0,0.0,0.0,15.6,30.950000000000003,97.5,59.5,2.05,5.4478893,0.0,9.6,19.916666640000003,39.5,39.5,39.35,39.0,39.5,-6.915407393333332,-0.0425925966666689,0.3326666666666664,12.609333333333334,13.028,19.888888877777777,12.557555555555558,6.766851,6.7837667,6.7874475,6.7602053,6.7903953,0,0.0,0,1.0,-0.67,14.4,85.6
2022-10-17 04:45:00,49.615237577776,0.0,0.0,19.916666640000003,13.028,39.5,0,5.1764362714980825,70.66250196097344,4,0,10,0.8660254037844386,0.5000000000000001,0.0,1.0,-0.8660254037844386,0.5000000000000001,0.0,0.0,0.0,15.7,31.125,98.75,59.25,2.025,5.442282,0.0,9.65,19.84074070666667,39.5,39.5,39.5,39.35,39.5,-6.888666640000002,0.0592592466666701,0.0860000000000003,12.942,13.098666666666668,19.89135800777778,12.85977777777778,6.7903953,6.766851,6.7837667,6.7874475,6.760243,1,1.0,1,0.75,-0.66,14.0,86.0
2022-10-17 05:00:00,89.889182172218,55.514446016666,55.522223538886,19.84074070666667,13.098666666666668,39.5,1,5.1764362714980825,70.66250196097344,5,0,10,0.9659258262890684,0.2588190451025207,0.0,1.0,-0.8660254037844386,0.5000000000000001,0.0,0.0,0.0,15.8,31.3,100.0,59.0,2.0,5.436578,0.0,9.7,19.87222222,39.5,39.5,39.5,39.5,39.5,-6.74207404,-0.0759259333333339,0.0706666666666677,13.028,13.111333333333333,19.87160491333333,13.022888888888891,6.760243,6.7903953,6.766851,6.7837667,6.772731,0,1.0,1,0.75,-0.67,14.5,85.5
2022-10-17 05:15:00,63.748838911108,22.260220672222,22.264664977776,19.87222222,13.111333333333333,39.5,1,5.1764362714980825,70.66250196097344,5,0,10,0.9659258262890684,0.2588190451025207,0.0,1.0,-0.8660254037844386,0.5000000000000001,0.0,0.0,0.0,13.75,31.4,100.0,59.75,2.225,5.5232134,0.0,9.75,19.86851851333333,39.5,39.5,39.5,39.5,39.68333333333333,-6.7608888866666685,0.0314815133333326,0.0126666666666643,13.098666666666668,12.804,19.87654318888889,13.079333333333333,6.772731,6.760243,6.7903953,6.766851,6.802687,0,1.0,0,0.75,-0.67,14.3,85.7
2022-10-17 05:30:00,439.18520980555,27.62250613889,27.628061549998,19.86851851333333,12.804,39.68333333333333,1,5.1764362714980825,70.66250196097344,5,0,10,0.9659258262890684,0.2588190451025207,0.0,1.0,-0.8660254037844386,0.5000000000000001,0.0,0.0,0.0,11.7,31.5,100.0,60.5,2.45,5.610338,0.0,9.8,19.80555556,39.5,39.5,39.5,39.5,40.0,-7.064518513333335,-0.0037037066666663,-0.3073333333333323,13.111333333333333,12.598,19.86049381333333,13.004666666666669,6.802687,6.772731,6.760243,6.7903953,6.8317075,0,1.0,0,0.75,-0.67,14.3,85.7
2022-10-17 05:45:00,93.505981927774,50.585754288888,50.59297628333,19.80555556,12.598,40.0,1,5.1764362714980825,70.66250196097344,5,0,10,0.9659258262890684,0.2588190451025207,0.0,1.0,-0.8660254037844386,0.5000000000000001,0.0,0.0,0.0,9.65,31.6,100.0,61.25,2.675,5.6979537,0.0,9.85,19.861111106666662,39.68333333333333,39.5,39.5,39.5,40.0,-7.207555560000001,-0.0629629533333329,-0.2059999999999995,12.804,12.844,19.848765431111115,12.83777777777778,6.8317075,6.802687,6.772731,6.760243,6.8539953,0,0.0,0,1.0,-0.68,14.7,85.3
2022-10-17 06:00:00,43.98046287778,0.0,0.0,19.861111106666662,12.844,40.0,0,5.1764362714980825,70.66250196097344,6,0,10,1.0,6.123233995736766e-17,0.0,1.0,-0.8660254037844386,0.5000000000000001,0.0,0.0,0.0,7.6,31.7,100.0,62.0,2.9,5.786062,0.0,9.9,19.8,40.0,39.68333333333333,39.5,39.5,39.95,-7.0171111066666665,0.0555555466666639,0.2459999999999986,12.598,12.696666666666667,19.845061726666668,12.748666666666663,6.8539953,6.8317075,6.802687,6.772731,6.820944,1,1.0,1,0.75,-0.67,14.3,85.7
2022-10-17 06:15:00,91.657722427778,54.556151,54.564484033332,19.8,12.696666666666667,39.95,1,5.1764362714980825,70.66250196097344,6,0,10,1.0,6.123233995736766e-17,0.0,1.0,-0.8660254037844386,0.5000000000000001,0.0,0.0,0.0,7.125,27.475,100.0,63.25,3.125,5.8746734,0.0,9.825,19.8296296,40.0,40.0,39.68333333333333,39.5,39.53333333333333,-7.1033333333333335,-0.0611111066666651,-0.1473333333333322,12.844,12.615333333333332,19.822222222222223,12.71288888888889,6.820944,6.8539953,6.8317075,6.802687,6.761543,0,1.0,1,0.75,-0.68,14.8,85.2
2022-10-17 06:30:00,40.87447612222,0.0,0.0,19.8296296,12.615333333333332,39.53333333333333,0,5.1764362714980825,70.66250196097344,6,0,10,1.0,6.123233995736766e-17,0.0,1.0,-0.8660254037844386,0.5000000000000001,0.0,0.0,0.0,6.65,23.25,100.0,64.5,3.35,5.962297,0.0,9.75,19.8,39.95,40.0,40.0,39.68333333333333,39.55,-7.214296266666665,0.0296295999999962,-0.081333333333335,12.696666666666667,12.677333333333332,19.83024690222222,12.718666666666666,6.761543,6.820944,6.8539953,6.8317075,6.7526493,1,2.0,1,0.5,-0.68,14.6,85.4
2022-10-17 06:45:00,98.66660876111,55.468058972222,55.475003177776,19.8,12.677333333333332,39.55,1,5.1764362714980825,70.66250196097344,6,0,10,1.0,6.123233995736766e-17,0.0,1.0,-0.8660254037844386,0.5000000000000001,0.0,0.0,0.0,6.175,19.025,100.0,65.75,3.575,6.0489364,0.0,9.675,19.8296296,39.53333333333333,39.95,40.0,40.0,39.96666666666667,-7.122666666666667,-0.0296295999999962,0.0620000000000011,12.615333333333332,12.497333333333334,19.80987653333333,12.663111111111112,6.7526493,6.761543,6.820944,6.8539953,6.835657,0,2.0,1,0.5,-0.68,14.8,85.2
2022-10-17 07:00:00,60.637852238886,15.359941127778,15.362718833332,19.8296296,12.497333333333334,39.96666666666667,1,5.1764362714980825,70.66250196097344,7,0,10,0.9659258262890684,-0.2588190451025206,0.0,1.0,-0.8660254037844386,0.5000000000000001,0.0,0.0,0.0,5.7,14.8,100.0,67.0,3.8,6.1345983,0.0,9.6,19.79444445,39.55,39.53333333333333,39.95,40.0,40.05,-7.332296266666663,0.0296295999999962,-0.1799999999999997,12.677333333333332,12.332666666666666,19.819753066666664,12.596666666666666,6.835657,6.7526493,6.761543,6.820944,6.8357906,0,1.0,0,0.75,-0.67,14.5,85.5
2022-10-17 07:15:00,84.976045338886,33.408385827778,33.41366348333,19.79444445,12.332666666666666,40.05,1,5.1764362714980825,70.66250196097344,7,0,10,0.9659258262890684,-0.2588190451025206,0.0,1.0,-0.8660254037844386,0.5000000000000001,2.5,0.625,0.2083333333333333,6.5,13.8,100.0,68.25,4.075,6.258997,0.0,9.625,19.7777778,39.96666666666667,39.55,39.53333333333333,39.95,40.46666666666667,-7.461777783333334,-0.0351851499999966,-0.1646666666666671,12.497333333333334,12.302666666666664,19.808024683333333,12.502444444444444,6.8357906,6.835657,6.7526493,6.761543,6.9001584,0,1.0,0,0.75,-0.68,14.8,85.2
2022-10-17 07:30:00,71.635745672218,27.788610644444,27.792777177776,19.7777778,12.302666666666664,40.46666666666667,1,5.1764362714980825,70.66250196097344,7,0,10,0.9659258262890684,-0.2588190451025206,0.0,1.0,-0.8660254037844386,0.5000000000000001,5.0,1.875,0.625,7.300000000000001,12.8,100.0,69.5,4.35,6.3837743,0.0,9.65,19.7777778,40.05,39.96666666666667,39.55,39.53333333333333,40.55,-7.475111133333334,-0.0166666500000012,-0.0300000000000011,12.332666666666666,12.137333333333334,19.80061728333333,12.377555555555556,6.9001584,6.8357906,6.835657,6.7526493,6.914368,0,0.0,0,1.0,-0.68,14.8,85.2
2022-10-17 07:45:00,66.067635088884,33.451717427778,33.457550561110004,19.7777778,12.137333333333334,40.55,1,5.1764362714980825,70.66250196097344,7,0,10,0.9659258262890684,-0.2588190451025206,0.0,1.0,-0.8660254037844386,0.5000000000000001,7.5,3.75,1.25,8.100000000000001,11.8,100.0,70.75,4.625,6.508931,0.0,9.675,19.79814815,40.46666666666667,40.05,39.96666666666667,39.55,41.15,-7.640444466666665,0.0,-0.1653333333333311,12.302666666666664,11.759333333333334,19.78333335,12.257555555555555,6.914368,6.9001584,6.8357906,6.835657,7.025064,0,0.0,0,1.0,-0.68,14.8,85.2
2022-10-17 08:00:00,86.772084494446,46.6722997,46.6797994,19.79814815,11.759333333333334,41.15,1,5.1764362714980825,70.66250196097344,8,0,10,0.8660254037844387,-0.4999999999999998,0.0,1.0,-0.8660254037844386,0.5000000000000001,10.0,6.25,2.083333333333333,8.9,10.8,100.0,72.0,4.9,6.634468,0.0,9.7,19.861111110000003,40.55,40.46666666666667,40.05,39.96666666666667,41.9,-8.038814816666665,0.0203703500000003,-0.3780000000000001,12.137333333333334,11.854666666666668,19.784567916666663,12.066444444444445,7.025064,6.914368,6.9001584,6.8357906,7.17956,0,0.0,0,1.0,-0.67,14.6,85.4
2022-10-17 08:15:00,44.900426211108,0.0,0.0,19.861111110000003,11.854666666666668,41.9,0,5.1764362714980825,70.66250196097344,8,0,10,0.8660254037844387,-0.4999999999999998,0.0,1.0,-0.8660254037844386,0.5000000000000001,20.25,10.6875,3.7708333333333335,9.975,14.5,100.0,74.0,5.3500000000000005,6.85134,0.15,9.775,19.785185206666664,41.15,40.55,40.46666666666667,40.05,42.46666666666667,-8.006444443333336,0.0629629600000036,0.0953333333333326,11.759333333333334,12.022666666666668,19.812345686666667,11.917111111111112,7.17956,7.025064,6.914368,6.9001584,7.244333,1,1.0,1,0.75,-0.66,14.0,86.0
2022-10-17 08:30:00,92.784621766668,55.764158244444,55.771657994442,19.785185206666664,12.022666666666668,42.46666666666667,1,5.1764362714980825,70.66250196097344,8,0,10,0.8660254037844387,-0.4999999999999998,0.0,1.0,-0.8660254037844386,0.5000000000000001,30.5,17.0625,6.3125,11.05,18.2,100.0,76.0,5.800000000000001,7.070113,0.3,9.85,19.81666665,41.9,41.15,40.55,40.46666666666667,42.5,-7.762518539999997,-0.0759259033333386,0.168000000000001,11.854666666666668,11.467333333333332,19.81481482222222,11.87888888888889,7.244333,7.17956,7.025064,6.914368,7.263419,0,1.0,1,0.75,-0.67,14.4,85.6
2022-10-17 08:45:00,75.896130766664,14.326649127778,14.33053792222,19.81666665,11.467333333333332,42.5,1,5.1764362714980825,70.66250196097344,8,0,10,0.8660254037844387,-0.4999999999999998,0.0,1.0,-0.8660254037844386,0.5000000000000001,40.75,25.375,9.708333333333334,12.125,21.9,100.0,78.0,6.25,7.290799,0.45,9.925,19.792592563333333,42.46666666666667,41.9,41.15,40.55,42.68333333333333,-8.349333316666666,0.0314814433333339,-0.5553333333333352,12.022666666666668,11.3,19.820987655555555,11.781555555555556,7.263419,7.244333,7.17956,7.025064,7.2844586,0,1.0,0,0.75,-0.66,14.2,85.8
2022-10-17 09:00:00,88.251747505558,36.13383233889,36.140221016666,19.792592563333333,11.3,42.68333333333333,1,5.1764362714980825,70.66250196097344,9,0,10,0.7071067811865476,-0.7071067811865475,0.0,1.0,-0.8660254037844386,0.5000000000000001,51.0,35.625,13.958333333333334,13.2,25.6,100.0,80.0,6.7,7.5134063,0.6,10.0,19.75555556,42.5,42.46666666666667,41.9,41.15,43.45,-8.492592563333332,-0.0240740866666655,-0.1673333333333317,11.467333333333332,11.277333333333331,19.79814814,11.596666666666666,7.2844586,7.263419,7.244333,7.17956,7.399208,0,1.0,0,0.75,-0.67,14.4,85.6
2022-10-17 09:15:00,117.334473133332,0.0,0.0,19.75555556,11.277333333333331,43.45,0,5.1764362714980825,70.66250196097344,9,0,10,0.7071067811865476,-0.7071067811865475,0.0,1.0,-0.8660254037844386,0.5000000000000001,82.75,51.25,20.854166666666668,12.6,25.6,98.75,78.5,6.95,7.6216063,0.4499999999999999,10.525,19.74722222,42.68333333333333,42.5,42.46666666666667,41.9,44.42857142857143,-8.478222226666668,-0.0370370033333316,-0.0226666666666677,11.3,11.207857142857142,19.78827159111111,11.34822222222222,7.399208,7.2844586,7.263419,7.244333,7.5621524,1,1.0,1,0.75,-0.67,14.5,85.5
2022-10-17 09:30:00,111.365545166668,50.765747055556,50.772413455556,19.74722222,11.207857142857142,44.42857142857143,1,5.1764362714980825,70.66250196097344,9,0,10,0.7071067811865476,-0.7071067811865475,0.0,1.0,-0.8660254037844386,0.5000000000000001,114.5,72.25,30.39583333333333,12.0,25.6,97.5,77.0,7.2,7.7274475,0.3,11.05,19.82777776,43.45,42.68333333333333,42.5,42.46666666666667,44.5,-8.53936507714286,-0.00833334,-0.0694761904761911,11.277333333333331,11.347333333333331,19.76512344777778,11.26173015873016,7.5621524,7.399208,7.2844586,7.263419,7.610183,0,1.0,1,0.75,-0.67,14.4,85.6
2022-10-17 09:45:00,186.488095861106,55.297510227778,55.303343394442,19.82777776,11.347333333333331,44.5,1,5.1764362714980825,70.66250196097344,9,0,10,0.7071067811865476,-0.7071067811865475,0.0,1.0,-0.8660254037844386,0.5000000000000001,146.25,98.625,42.583333333333336,11.4,25.6,96.25,75.5,7.45,7.8306866,0.1499999999999999,11.575,19.937036993333333,44.42857142857143,43.45,42.68333333333333,42.5,44.5,-8.480444426666667,0.0805555399999988,0.1394761904761914,11.207857142857142,11.933333333333334,19.77685184666667,11.277507936507936,7.610183,7.5621524,7.399208,7.2844586,7.6590734,0,1.0,0,0.75,-0.65,13.9,86.1
2022-10-17 10:00:00,893.8353563888841,15.661317955556,15.66604008333,19.937036993333333,11.933333333333334,44.5,1,5.1764362714980825,70.66250196097344,10,0,10,0.4999999999999999,-0.8660254037844387,0.0,1.0,-0.8660254037844386,0.5000000000000001,178.0,130.375,57.41666666666666,10.8,25.6,95.0,74.0,7.7,7.9310656,0.0,12.1,19.89999999,44.5,44.42857142857143,43.45,42.68333333333333,44.9,-8.00370366,0.1092592333333328,0.5860000000000003,11.347333333333331,12.231333333333334,19.837345657777774,11.496174603174603,7.6590734,7.610183,7.5621524,7.399208,7.711167,0,1.0,0,0.75,-0.62,13.2,86.8
2022-10-17 10:15:00,1227.057026805558,22.741868072222,22.747978994442,19.89999999,12.231333333333334,44.9,1,5.1764362714980825,70.66250196097344,10,0,10,0.4999999999999999,-0.8660254037844387,0.0,1.0,-0.8660254037844386,0.5000000000000001,222.0,165.1875,75.70833333333333,12.15,28.1,84.5,71.75,7.75,7.969968,0.0,12.675,19.837037006666662,44.5,44.5,44.42857142857143,43.45,45.65,-7.668666656666668,-0.0370370033333316,0.298,11.933333333333334,12.118,19.888271581111116,11.837333333333332,7.711167,7.6590734,7.610183,7.5621524,7.811091,0,0.0,0,1.0,-0.63,13.3,86.7
2022-10-17 10:30:00,126.683543555556,54.595593888888,54.601704811108,19.837037006666662,12.118,45.65,1,5.1764362714980825,70.66250196097344,10,0,10,0.4999999999999999,-0.8660254037844387,0.0,1.0,-0.8660254037844386,0.5000000000000001,266.0,203.0625,97.45833333333331,13.5,30.6,74.0,69.5,7.800000000000001,7.9998593,0.0,13.25,19.91111107,44.9,44.5,44.5,44.42857142857143,46.0,-7.719037006666666,-0.0629629833333353,-0.1133333333333332,12.231333333333334,11.748,19.891357996666667,12.094222222222225,7.811091,7.711167,7.6590734,7.610183,7.905228,0,0.0,0,1.0,-0.64,13.6,86.4
2022-10-17 10:45:00,120.454070594442,55.601386988888,55.610553305554,19.91111107,11.748,46.0,1,5.1764362714980825,70.66250196097344,10,0,10,0.4999999999999999,-0.8660254037844387,0.0,1.0,-0.8660254037844386,0.5000000000000001,310.0,244.0,122.66666666666669,14.85,33.1,63.5,67.25,7.85,8.020134,0.0,13.825,19.96481478666667,45.65,44.9,44.5,44.5,46.18333333333333,-8.163111070000001,0.0740740633333345,-0.370000000000001,12.118,11.795333333333334,19.882716022222223,12.032444444444444,7.905228,7.811091,7.711167,7.6590734,7.961745,0,0.0,0,1.0,-0.62,13.1,86.9
2022-10-17 11:00:00,90.457215016662,37.174901827778,37.18240156111,19.96481478666667,11.795333333333334,46.18333333333333,1,5.1764362714980825,70.66250196097344,11,0,10,0.258819045102521,-0.9659258262890682,0.0,1.0,-0.8660254037844386,0.5000000000000001,354.0,288.0,151.33333333333334,16.2,35.6,53.0,65.0,7.9,8.03015,0.0,14.4,19.98888889,46.0,45.65,44.9,44.5,46.5,-8.169481453333335,0.0537037166666678,0.0473333333333343,11.748,11.803333333333333,19.904320954444444,11.88711111111111,7.961745,7.905228,7.811091,7.711167,8.027647,0,0.0,0,1.0,-0.61,12.7,87.3
2022-10-17 11:15:00,62.356950172218,0.0,0.0,19.98888889,11.803333333333333,46.5,0,5.1764362714980825,70.66250196097344,11,0,10,0.258819045102521,-0.9659258262890682,0.0,1.0,-0.8660254037844386,0.5000000000000001,372.0,325.5,180.64583333333331,15.475,37.6,64.25,63.5,7.875,8.02672,0.0,14.775,19.87592592,46.18333333333333,46.0,45.65,44.9,46.5,-8.185555556666666,0.02407410333333,0.0079999999999991,11.795333333333334,11.813333333333333,19.95493824888889,11.782222222222222,8.027647,7.961745,7.905228,7.811091,7.9746933,1,1.0,1,0.75,-0.6,12.5,87.5
2022-10-17 11:30:00,92.078261105558,33.344499483334,33.349499333332,19.87592592,11.813333333333333,46.5,1,5.1764362714980825,70.66250196097344,11,0,10,0.258819045102521,-0.9659258262890682,0.0,1.0,-0.8660254037844386,0.5000000000000001,390.0,356.5,210.60416666666663,14.75,39.6,75.5,62.0,7.85,8.018265,0.0,15.15,19.83888886,46.5,46.18333333333333,46.0,45.65,46.85,-8.062592586666668,-0.1129629699999981,0.0099999999999997,11.803333333333333,11.933333333333334,19.94320986555556,11.804,7.9746933,8.027647,7.961745,7.905228,8.01729,0,1.0,1,0.75,-0.63,13.2,86.8
2022-10-17 11:45:00,106.93933333889,54.77058683889,54.780030894446,19.83888886,11.933333333333334,46.85,1,5.1764362714980825,70.66250196097344,11,0,10,0.258819045102521,-0.9659258262890682,0.0,1.0,-0.8660254037844386,0.5000000000000001,408.0,381.0,241.20833333333331,14.025,41.6,86.75,60.5,7.825,8.004581,0.0,15.525,19.90555554333333,46.5,46.5,46.18333333333333,46.0,47.0,-7.905555526666667,-0.0370370599999994,0.120000000000001,11.813333333333333,12.115333333333332,19.90123455666667,11.85,8.01729,7.9746933,8.027647,7.961745,8.074451,0,1.0,0,0.75,-0.63,13.4,86.6
2022-10-17 12:00:00,102.225077533332,55.643329744444,55.651385005554,19.90555554333333,12.115333333333332,47.0,1,5.1764362714980825,70.66250196097344,12,0,10,1.2246467991473532e-16,-1.0,0.0,1.0,-0.8660254037844386,0.5000000000000001,426.0,399.0,272.4583333333333,13.3,43.6,98.0,59.0,7.8,7.985469,0.0,15.9,19.97777776,46.85,46.5,46.5,46.18333333333333,46.95,-7.79022221,0.0666666833333309,0.1819999999999986,11.933333333333334,12.332,19.873456774444445,11.954,8.074451,8.01729,7.9746933,8.027647,8.10006,0,1.0,0,0.75,-0.62,13.0,87.0
2022-10-17 12:15:00,63.931609183338,25.472592205554,25.477869777776,19.97777776,12.332,46.95,1,5.1764362714980825,70.66250196097344,12,0,10,1.2246467991473532e-16,-1.0,0.0,1.0,-0.8660254037844386,0.5000000000000001,415.0,409.75,300.1458333333333,14.075,41.875,98.5,59.0,7.675,7.9133034,0.175,15.75,19.927777756666668,47.0,46.85,46.5,46.5,46.53333333333333,-7.645777759999998,0.0722222166666668,0.2166666666666685,12.115333333333332,12.534,19.907407387777777,12.12688888888889,8.10006,8.074451,8.01729,7.9746933,8.004698,0,0.0,0,1.0,-0.6,12.6,87.4
2022-10-17 12:30:00,57.186045816666,18.303712222224,18.307600983334,19.927777756666668,12.534,46.53333333333333,1,5.1764362714980825,70.66250196097344,12,0,10,1.2246467991473532e-16,-1.0,0.0,1.0,-0.8660254037844386,0.5000000000000001,404.0,413.25,324.2708333333333,14.85,40.150000000000006,99.0,59.0,7.55,7.841707,0.35,15.6,19.85555554,46.95,47.0,46.85,46.5,46.5,-7.393777756666669,-0.0500000033333307,0.2019999999999981,12.332,12.677333333333332,19.93703702,12.32711111111111,8.004698,8.10006,8.074451,8.01729,7.965176,0,0.0,0,1.0,-0.61,12.9,87.1
2022-10-17 12:45:00,577.36384893889,54.545873611112,54.55559543889,19.85555554,12.677333333333332,46.5,1,5.1764362714980825,70.66250196097344,12,0,10,1.2246467991473532e-16,-1.0,0.0,1.0,-0.8660254037844386,0.5000000000000001,393.0,409.5,344.8333333333333,15.625,38.425,99.5,59.0,7.425,7.770673,0.5249999999999999,15.45,19.90555554333333,46.53333333333333,46.95,47.0,46.85,46.5,-7.178222206666668,-0.0722222166666668,0.1433333333333344,12.534,12.813333333333333,19.92037035222222,12.514444444444443,7.965176,8.004698,8.10006,8.074451,7.9885535,0,0.0,0,1.0,-0.63,13.4,86.6
2022-10-17 13:00:00,396.181652083334,45.977049727778,45.986771605554,19.90555554333333,12.813333333333333,46.5,1,5.1764362714980825,70.66250196097344,13,0,10,-0.2588190451025208,-0.9659258262890684,0.0,1.0,-0.8660254037844386,0.5000000000000001,382.0,398.5,361.8333333333333,16.4,36.7,100.0,59.0,7.3,7.700201,0.7,15.3,19.97222221,46.5,46.53333333333333,46.95,47.0,46.5,-7.092222209999999,0.0500000033333307,0.1359999999999992,12.677333333333332,13.087333333333332,19.89629628,12.674888888888889,7.9885535,7.965176,8.004698,8.10006,8.019813,0,0.0,0,1.0,-0.62,13.1,86.9
2022-10-17 13:15:00,425.091884511112,0.0,0.0,19.97222221,13.087333333333332,46.5,0,5.1764362714980825,70.66250196097344,13,0,10,-0.2588190451025208,-0.9659258262890684,0.0,1.0,-0.8660254037844386,0.5000000000000001,315.25,373.5625,369.6041666666667,13.775,36.35,100.0,65.25,7.774999999999999,8.07338,0.625,14.425,19.87592592,46.5,46.5,46.53333333333333,46.95,46.5,-6.884888876666665,0.0666666666666664,0.2740000000000009,12.813333333333333,13.373333333333331,19.911111097777777,12.859333333333334,8.019813,7.9885535,7.965176,8.004698,7.9746933,1,1.0,1,0.75,-0.6,12.6,87.4
2022-10-17 13:30:00,84.032471999996,27.1689132,27.175301894442,19.87592592,13.373333333333331,46.5,1,5.1764362714980825,70.66250196097344,13,0,10,-0.2588190451025208,-0.9659258262890684,0.0,1.0,-0.8660254037844386,0.5000000000000001,248.5,334.6875,368.1458333333333,11.15,36.0,100.0,71.5,8.25,8.383841,0.55,13.55,19.83888886,46.5,46.5,46.5,46.53333333333333,46.5,-6.502592586666667,-0.0962962899999979,0.2859999999999996,13.087333333333332,13.55,19.91790122444445,13.091333333333331,7.9746933,8.019813,7.9885535,7.965176,7.9573946,0,1.0,1,0.75,-0.63,13.2,86.8
2022-10-17 13:45:00,93.339599566668,54.715589072222,54.724755355556,19.83888886,13.55,46.5,1,5.1764362714980825,70.66250196097344,13,0,10,-0.2588190451025208,-0.9659258262890684,0.0,1.0,-0.8660254037844386,0.5000000000000001,181.75,281.875,357.4583333333333,8.524999999999999,35.65,100.0,77.75,8.725,8.636446,0.475,12.675,19.92592593,46.5,46.5,46.5,46.5,46.68333333333333,-6.28888886,-0.0370370599999994,0.1766666666666676,13.373333333333331,13.675999999999998,19.895678996666664,13.336888888888888,7.9573946,7.9746933,8.019813,7.9885535,8.029629,0,1.0,0,0.75,-0.64,13.5,86.5
2022-10-17 14:00:00,88.501182161106,40.357274544444,40.36532982222,19.92592593,13.675999999999998,46.68333333333333,1,5.1764362714980825,70.66250196097344,14,0,10,-0.4999999999999997,-0.8660254037844388,0.0,1.0,-0.8660254037844386,0.5000000000000001,115.0,215.125,337.5416666666667,5.9,35.3,100.0,84.0,9.2,8.835792,0.4,11.8,19.98888889,46.5,46.5,46.5,46.5,47.4,-6.249925930000003,0.0870370700000009,0.1259999999999976,13.55,11.76,19.880246903333333,13.533111111111111,8.029629,7.9573946,7.9746933,8.019813,8.183022,0,1.0,0,0.75,-0.61,12.9,87.1
2022-10-17 14:15:00,47.049506894442,0.0,0.0,19.98888889,11.76,47.4,0,5.1764362714980825,70.66250196097344,14,0,10,-0.4999999999999997,-0.8660254037844388,0.0,1.0,-0.8660254037844386,0.5000000000000001,150.0,173.8125,319.0416666666667,6.1000000000000005,32.599999999999994,100.0,82.5,9.35,8.911218,0.325,12.225,19.87592592,46.68333333333333,46.5,46.5,46.5,47.96666666666667,-8.228888889999999,0.0629629599999965,-1.9159999999999984,13.675999999999998,10.282666666666668,19.917901226666668,12.995333333333331,8.183022,8.029629,7.9573946,7.9746933,8.226225,1,1.0,1,0.75,-0.59,12.4,87.6
2022-10-17 14:30:00,73.510392916662,0.0,0.0,19.87592592,10.282666666666668,47.96666666666667,0,5.1764362714980825,70.66250196097344,14,0,10,-0.4999999999999997,-0.8660254037844388,0.0,1.0,-0.8660254037844386,0.5000000000000001,185.0,157.9375,301.9583333333333,6.300000000000001,29.9,100.0,81.0,9.5,8.983503,0.25,12.65,19.8333333,47.4,46.68333333333333,46.5,46.5,48.0,-9.593259253333333,-0.1129629699999981,-1.4773333333333325,11.76,10.042,19.93024691333333,11.90622222222222,8.226225,8.183022,8.029629,7.9573946,8.211411,0,2.0,0,0.5,-0.62,13.0,87.0
2022-10-17 14:45:00,134.577116683334,54.396712944444,54.40254606111,19.8333333,10.042,48.0,1,5.1764362714980825,70.66250196097344,14,0,10,-0.4999999999999997,-0.8660254037844388,0.0,1.0,-0.8660254037844386,0.5000000000000001,220.0,167.5,286.2916666666667,6.5,27.2,100.0,79.5,9.65,9.05245,0.175,13.075,19.874074036666663,47.96666666666667,47.4,46.68333333333333,46.5,48.0,-9.7913333,-0.0425926200000006,-0.2406666666666677,10.282666666666668,9.814666666666666,19.89938270333333,10.694888888888888,8.211411,8.226225,8.183022,8.029629,8.231048,0,2.0,1,0.5,-0.63,13.3,86.7
2022-10-17 15:00:00,90.890253227774,31.398188455556,31.40402162222,19.874074036666663,9.814666666666666,48.0,1,5.1764362714980825,70.66250196097344,15,0,10,-0.7071067811865471,-0.7071067811865479,0.0,1.0,-0.8660254037844386,0.5000000000000001,255.0,202.5,272.0416666666667,6.7,24.5,100.0,78.0,9.8,9.117861,0.1,13.5,19.93888885,48.0,47.96666666666667,47.4,46.68333333333333,48.35,-10.05940737,0.0407407366666667,-0.227333333333334,10.042,10.158666666666669,19.861111085555557,10.046444444444443,8.231048,8.211411,8.226225,8.183022,8.322616,0,2.0,0,0.5,-0.62,13.0,87.0
2022-10-17 15:15:00,70.331631305546,0.0,0.0,19.93888885,10.158666666666669,48.35,0,5.1764362714980825,70.66250196097344,15,0,10,-0.7071067811865471,-0.7071067811865479,0.0,1.0,-0.8660254037844386,0.5000000000000001,252.25,228.0625,258.4791666666667,7.2,25.025,98.25,76.0,9.525,8.980378,0.075,13.675,19.8925926,48.0,48.0,47.96666666666667,47.4,48.5,-9.780222183333334,0.064814813333335,0.3440000000000012,9.814666666666666,10.338666666666668,19.882098728888888,10.00511111111111,8.322616,8.231048,8.211411,8.226225,8.32582,1,2.0,1,0.5,-0.6,12.6,87.4
2022-10-17 15:30:00,88.45285074444,47.501433216666,47.509210672222,19.8925926,10.338666666666668,48.5,1,5.1764362714980825,70.66250196097344,15,0,10,-0.7071067811865471,-0.7071067811865479,0.0,1.0,-0.8660254037844386,0.5000000000000001,249.5,244.1875,245.60416666666663,7.699999999999999,25.55,96.5,74.0,9.25,8.838706,0.05,13.85,19.89444445,48.35,48.0,48.0,47.96666666666667,48.15,-9.553925933333334,-0.046296250000001,0.1799999999999997,10.158666666666669,10.686,19.90185182888889,10.104,8.32582,8.322616,8.231048,8.211411,8.266634,0,1.0,1,0.75,-0.61,12.8,87.2
2022-10-17 15:45:00,89.17087728889601,55.22556863889,55.235568188892,19.89444445,10.686,48.15,1,5.1764362714980825,70.66250196097344,15,0,10,-0.7071067811865471,-0.7071067811865479,0.0,1.0,-0.8660254037844386,0.5000000000000001,246.75,250.875,233.41666666666663,8.2,26.075000000000003,94.75,72.0,8.975,8.692784,0.0249999999999999,14.025,19.961111086666666,48.5,48.35,48.0,48.0,48.0,-9.208444449999998,0.0018518499999977,0.3473333333333332,10.338666666666668,11.537333333333333,19.908641966666668,10.394444444444444,8.266634,8.32582,8.322616,8.231048,8.27313,0,1.0,0,0.75,-0.61,12.9,87.1
2022-10-17 16:00:00,71.78407302222,25.010943972222,25.016777088888,19.961111086666666,11.537333333333333,48.0,1,5.1764362714980825,70.66250196097344,16,0,10,-0.8660254037844385,-0.5000000000000004,0.0,1.0,-0.8660254037844386,0.5000000000000001,244.0,248.125,221.91666666666663,8.7,26.6,93.0,70.0,8.7,8.542546,0.0,14.2,19.94999997,48.15,48.5,48.35,48.0,48.0,-8.423777753333333,0.0666666366666675,0.8513333333333328,10.686,11.97,19.91604937888889,10.854,8.27313,8.266634,8.32582,8.322616,8.267749,0,1.0,0,0.75,-0.6,12.5,87.5
2022-10-17 16:15:00,63.659675794442,16.2393504,16.24546132222,19.94999997,11.97,48.0,1,5.1764362714980825,70.66250196097344,16,0,10,-0.8660254037844385,-0.5000000000000004,0.0,1.0,-0.8660254037844386,0.5000000000000001,223.25,240.875,214.25,9.025,27.775,89.0,71.75,8.524999999999999,8.465143,0.0,13.65,19.86111109333333,48.0,48.15,48.5,48.35,48.0,-7.97999997,-0.0111111166666653,0.4326666666666678,11.537333333333333,11.532666666666668,19.93518516888889,11.397777777777778,8.267749,8.27313,8.266634,8.32582,8.224794,0,0.0,0,1.0,-0.6,12.6,87.4
2022-10-17 16:30:00,106.013537022224,54.616426355556,54.624203811112,19.86111109333333,11.532666666666668,48.0,1,5.1764362714980825,70.66250196097344,16,0,10,-0.8660254037844385,-0.5000000000000004,0.0,1.0,-0.8660254037844386,0.5000000000000001,202.5,229.125,210.41666666666663,9.35,28.950000000000003,85.0,73.5,8.35,8.3822,0.0,13.1,19.93333331,48.0,48.0,48.15,48.5,48.0,-8.328444426666664,-0.0888888766666688,-0.4373333333333331,11.97,11.719333333333331,19.92407405,11.68,8.224794,8.267749,8.27313,8.266634,8.259681,0,0.0,0,1.0,-0.62,13.1,86.9
2022-10-17 16:45:00,95.579509983334,55.5677772,55.576665744444,19.93333331,11.719333333333331,48.0,1,5.1764362714980825,70.66250196097344,16,0,10,-0.8660254037844385,-0.5000000000000004,0.0,1.0,-0.8660254037844386,0.5000000000000001,181.75,212.875,210.41666666666663,9.675,30.125,81.0,75.25,8.175,8.294117,0.0,12.55,19.996296293333334,48.0,48.0,48.0,48.15,48.0,-8.213999976666669,0.0722222166666703,0.1866666666666656,11.532666666666668,12.048666666666666,19.91481479111111,11.740666666666668,8.259681,8.224794,8.267749,8.27313,8.290198,0,0.0,0,1.0,-0.6,12.7,87.3
2022-10-17 17:00:00,87.295674433344,56.20080746111,56.21080706111,19.996296293333334,12.048666666666666,48.0,1,5.1764362714980825,70.66250196097344,17,0,10,-0.9659258262890684,-0.2588190451025206,0.0,1.0,-0.8660254037844386,0.5000000000000001,161.0,192.125,214.25,10.0,31.3,77.0,77.0,8.0,8.201279,0.0,12.0,20.03888892,48.0,48.0,48.0,48.0,48.0,-7.947629626666668,0.0629629833333318,0.3293333333333326,11.719333333333331,11.744,19.930246898888885,11.766888888888891,8.290198,8.259681,8.224794,8.267749,8.3109,0,0.0,0,1.0,-0.59,12.3,87.7
2022-10-17 17:15:00,68.83807978333,28.483582844444,28.49108256111,20.03888892,11.744,48.0,1,5.1764362714980825,70.66250196097344,17,0,10,-0.9659258262890684,-0.2588190451025206,0.0,1.0,-0.8660254037844386,0.5000000000000001,141.0,171.5625,213.5,8.775,29.225,80.0,80.25,8.075,8.258419,0.0,11.45,20.01481482666667,48.0,48.0,48.0,48.0,48.0,-8.294888919999998,0.0425926266666643,-0.304666666666666,12.048666666666666,11.708666666666666,19.989506174444443,11.837333333333332,8.3109,8.290198,8.259681,8.224794,8.299194,0,0.0,0,1.0,-0.58,12.0,88.0
2022-10-17 17:30:00,52.380404733332,18.734250633332,18.741472594442,20.01481482666667,11.708666666666666,48.0,1,5.1764362714980825,70.66250196097344,17,0,10,-0.9659258262890684,-0.2588190451025206,0.0,1.0,-0.8660254037844386,0.5000000000000001,121.0,151.1875,208.16666666666663,7.55,27.15,83.0,83.5,8.15,8.301045,0.0,10.9,19.90555555,48.0,48.0,48.0,48.0,48.0,-8.306148160000003,-0.0240740933333292,-0.0353333333333338,11.744,11.358666666666666,20.01666668,11.833777777777778,8.299194,8.3109,8.290198,8.259681,8.246248,0,0.0,0,1.0,-0.59,12.2,87.8
2022-10-17 17:45:00,91.956876944452,54.475876411112,54.485876011112,19.90555555,11.358666666666666,48.0,1,5.1764362714980825,70.66250196097344,17,0,10,-0.9659258262890684,-0.2588190451025206,0.0,1.0,-0.8660254037844386,0.5000000000000001,101.0,131.0,198.25,6.325,25.075,86.0,86.75,8.225,8.329966,0.0,10.35,19.90925925,48.0,48.0,48.0,48.0,47.81666666666667,-8.546888883333333,-0.1092592766666697,-0.3499999999999996,11.708666666666666,11.04,19.98641976555556,11.603777777777776,8.246248,8.299194,8.3109,8.290198,8.216535,0,0.0,0,1.0,-0.61,12.8,87.2
2022-10-17 18:00:00,113.262136116662,55.59055403889,55.598331527778,19.90925925,11.04,47.81666666666667,1,5.1764362714980825,70.66250196097344,18,0,10,-1.0,-1.8369701987210294e-16,0.0,1.0,-0.8660254037844386,0.5000000000000001,81.0,111.0,183.75,5.1,23.0,89.0,90.0,8.3,8.345958,0.0,9.8,19.94999996,48.0,48.0,48.0,48.0,47.5,-8.869259249999999,0.003703699999999,-0.3186666666666671,11.358666666666666,10.862666666666666,19.943209875555556,11.36911111111111,8.216535,8.246248,8.299194,8.3109,8.181627,0,0.0,0,1.0,-0.61,12.8,87.2
2022-10-17 18:15:00,103.793348116666,56.30052563889,56.30913637778,19.94999996,10.862666666666666,47.5,1,5.1764362714980825,70.66250196097344,18,0,10,-1.0,-1.8369701987210294e-16,0.0,1.0,-0.8660254037844386,0.5000000000000001,61.25,91.0625,167.83333333333334,4.199999999999999,19.325,91.75,90.5,8.175,8.299475,0.0,9.625,19.996296293333334,47.81666666666667,48.0,48.0,48.0,47.31666666666667,-9.087333293333334,0.0407407100000014,-0.1773333333333333,11.04,10.557333333333334,19.92160492,11.087111111111112,8.181627,8.216535,8.246248,8.299194,8.172177,0,0.0,0,1.0,-0.6,12.6,87.4
2022-10-17 18:30:00,97.824420183334,59.406790316666,59.415678877776,19.996296293333334,10.557333333333334,47.31666666666667,1,5.1764362714980825,70.66250196097344,18,0,10,-1.0,-1.8369701987210294e-16,0.0,1.0,-0.8660254037844386,0.5000000000000001,41.5,71.1875,150.5,3.3,15.65,94.5,91.0,8.05,8.2528715,0.0,9.45,20.03333336,47.5,47.81666666666667,48.0,48.0,47.5,-9.43896296,0.0462963333333341,-0.3053333333333317,10.862666666666666,10.586666666666668,19.951851834444444,10.82,8.172177,8.181627,8.216535,8.246248,8.221654,0,0.0,0,1.0,-0.59,12.4,87.6
2022-10-17 18:45:00,474.335192599996,0.0,0.0,20.03333336,10.586666666666668,47.5,0,5.1764362714980825,70.66250196097344,18,0,10,-1.0,-1.8369701987210294e-16,0.0,1.0,-0.8660254037844386,0.5000000000000001,21.75,51.375,131.75,2.4,11.975,97.25,91.5,7.925,8.20615,0.0,9.275,19.96296297,47.31666666666667,47.5,47.81666666666667,48.0,48.71666666666667,-9.446666693333327,0.037037066666663,0.0293333333333336,10.557333333333334,10.683333333333334,19.99320987111111,10.668888888888889,8.221654,8.172177,8.181627,8.216535,8.397566,1,1.0,1,0.75,-0.58,12.1,87.9
2022-10-17 19:00:00,315.290721183334,0.0,0.0,19.96296297,10.683333333333334,48.71666666666667,0,5.1764362714980825,70.66250196097344,19,0,10,-0.9659258262890684,0.2588190451025203,0.0,1.0,-0.8660254037844386,0.5000000000000001,2.0,31.625,111.58333333333331,1.5,8.3,100.0,92.0,7.8,8.159321,0.0,9.1,19.84999998,47.5,47.31666666666667,47.5,47.81666666666667,48.4,-9.279629636666666,-0.0703703899999972,0.0966666666666657,10.586666666666668,10.693333333333332,19.99753087444444,10.609111111111112,8.397566,8.221654,8.172177,8.181627,8.287935,0,2.0,0,0.5,-0.59,12.4,87.6
2022-10-17 19:15:00,175.588809466668,56.1710864,56.174141877776,19.84999998,10.693333333333332,48.4,1,5.1764362714980825,70.66250196097344,19,0,10,-0.9659258262890684,0.2588190451025203,0.0,1.0,-0.8660254037844386,0.5000000000000001,1.5,16.6875,93.10416666666669,2.4,8.125,99.75,91.25,7.7,8.105739,0.0,9.125,19.853703686666663,48.71666666666667,47.5,47.31666666666667,47.5,47.38333333333333,-9.156666646666666,-0.1129629899999997,0.0099999999999997,10.683333333333334,10.658,19.948765436666665,10.654444444444444,8.287935,8.397566,8.221654,8.172177,8.115607,0,2.0,1,0.5,-0.62,13.1,86.9
2022-10-17 19:30:00,157.69313635556,55.380006927778,55.383617933332,19.853703686666663,10.658,47.38333333333333,1,5.1764362714980825,70.66250196097344,19,0,10,-0.9659258262890684,0.2588190451025203,0.0,1.0,-0.8660254037844386,0.5000000000000001,1.0,6.5625,76.3125,3.3,7.95,99.5,90.5,7.6,8.051962,0.0,9.15,19.89444445,48.4,48.71666666666667,47.5,47.31666666666667,46.65,-9.195703686666668,0.0037037066666663,-0.0353333333333338,10.693333333333332,10.616666666666667,19.88888887888889,10.678222222222225,8.115607,8.287935,8.397566,8.221654,8.009105,0,2.0,0,0.5,-0.63,13.3,86.7
2022-10-17 19:45:00,1172.8039193,56.458019355556,56.465796827778,19.89444445,10.616666666666667,46.65,1,5.1764362714980825,70.66250196097344,19,0,10,-0.9659258262890684,0.2588190451025203,0.0,1.0,-0.8660254037844386,0.5000000000000001,0.5,1.25,61.208333333333336,4.199999999999999,7.775,99.25,89.75,7.5,7.997992,0.0,9.175,19.9407407,47.38333333333333,48.4,48.71666666666667,47.5,46.31666666666667,-9.277777783333333,0.0407407633333321,-0.0413333333333323,10.658,10.606666666666666,19.86604937222222,10.656,8.009105,8.115607,8.287935,8.397566,7.973478,0,1.0,0,0.75,-0.62,13.1,86.9
2022-10-17 20:00:00,627.38990331667,58.101009216666,58.110175516666,19.9407407,10.606666666666666,46.31666666666667,1,5.1764362714980825,70.66250196097344,20,0,10,-0.8660254037844386,0.5000000000000001,0.0,1.0,-0.8660254037844386,0.5000000000000001,0.0,0.75,47.79166666666666,5.1,7.6,99.0,89.0,7.4,7.943825,0.0,9.2,19.94999996,46.65,47.38333333333333,48.4,48.71666666666667,45.6,-9.334074033333334,0.046296250000001,-0.0100000000000015,10.616666666666667,10.446,19.896296278888887,10.62711111111111,7.973478,8.009105,8.115607,8.287935,7.854362,0,0.0,0,1.0,-0.61,12.9,87.1
2022-10-17 20:15:00,134.546840127778,58.583212144444,58.590711911108,19.94999996,10.446,45.6,1,5.1764362714980825,70.66250196097344,20,0,10,-0.8660254037844386,0.5000000000000001,0.0,1.0,-0.8660254037844386,0.5000000000000001,0.0,0.375,36.04166666666666,5.324999999999999,8.05,99.25,86.75,6.7,7.559562,0.0,8.825,19.975925906666664,46.31666666666667,46.65,47.38333333333333,48.4,45.03333333333333,-9.50399996,0.0092592600000003,-0.1606666666666658,10.606666666666666,9.973333333333333,19.928395036666668,10.556444444444445,7.854362,7.973478,8.009105,8.115607,7.768545,0,0.0,0,1.0,-0.61,12.9,87.1
2022-10-17 20:30:00,86.334324222224,0.0,0.0,19.975925906666664,9.973333333333333,45.03333333333333,0,5.1764362714980825,70.66250196097344,20,0,10,-0.8660254037844386,0.5000000000000001,0.0,1.0,-0.8660254037844386,0.5000000000000001,0.0,0.125,25.95833333333333,5.55,8.5,99.5,84.5,6.0,7.1885195,0.0,8.45,19.85555552,45.6,46.31666666666667,46.65,47.38333333333333,45.35,-10.002592573333333,0.0259259466666641,-0.472666666666667,10.446,9.698,19.955555522222223,10.342,7.768545,7.854362,7.973478,8.009105,7.7681866,1,1.0,1,0.75,-0.61,12.8,87.2
2022-10-17 20:45:00,92.295474733332,30.539333944444,30.544333794442,19.85555552,9.698,45.35,1,5.1764362714980825,70.66250196097344,20,0,10,-0.8660254037844386,0.5000000000000001,0.0,1.0,-0.8660254037844386,0.5000000000000001,0.0,0.0,17.541666666666668,5.775,8.95,99.75,82.25,5.3,6.830335,0.0,8.075,19.749999993333333,45.03333333333333,45.6,46.31666666666667,46.65,45.5,-10.15755552,-0.1203703866666643,-0.2753333333333323,9.973333333333333,9.549333333333331,19.92716046222222,10.039111111111112,7.7681866,7.768545,7.854362,7.973478,7.745783,0,1.0,1,0.75,-0.64,13.5,86.5
2022-10-17 21:00:00,115.175948411108,54.804474383334,54.810029727778,19.749999993333333,9.549333333333331,45.5,1,5.1764362714980825,70.66250196097344,21,0,10,-0.7071067811865477,0.7071067811865474,0.0,1.0,-0.8660254037844386,0.5000000000000001,0.0,0.0,10.791666666666666,6.0,9.4,100.0,80.0,4.6,6.4846625,0.0,7.7,19.81666665,45.35,45.03333333333333,45.6,46.31666666666667,45.5,-10.20066666,-0.1055555266666665,-0.1486666666666671,9.698,9.565333333333331,19.860493806666664,9.740222222222222,7.745783,7.7681866,7.768545,7.854362,7.7761307,0,1.0,0,0.75,-0.66,14.2,85.8
2022-10-17 21:15:00,127.414347738886,55.7969347,55.803323411108,19.81666665,9.565333333333331,45.5,1,5.1764362714980825,70.66250196097344,21,0,10,-0.7071067811865477,0.7071067811865474,0.0,1.0,-0.8660254037844386,0.5000000000000001,0.0,0.0,5.6875,6.2,11.0,99.25,83.0,4.925,6.6628942,0.05,7.55,19.853703686666663,45.5,45.35,45.03333333333333,45.6,45.31666666666667,-10.251333316666663,0.0666666566666656,0.016,9.549333333333331,9.558666666666666,19.807407387777776,9.60422222222222,7.7761307,7.745783,7.7681866,7.768545,7.7616367,0,1.0,0,0.75,-0.65,13.8,86.2
2022-10-17 21:30:00,122.57259698333,56.8852245,56.89133542222,19.853703686666663,9.558666666666666,45.31666666666667,1,5.1764362714980825,70.66250196097344,21,0,10,-0.7071067811865477,0.7071067811865474,0.0,1.0,-0.8660254037844386,0.5000000000000001,0.0,0.0,2.2291666666666665,6.4,12.6,98.5,86.0,5.25,6.8369994,0.1,7.4,19.8888889,45.5,45.5,45.35,45.03333333333333,45.0,-10.29503702,0.0370370366666676,-0.0066666666666677,9.565333333333331,9.65,19.80679011,9.557777777777778,7.7616367,7.7761307,7.745783,7.7681866,7.7233105,0,0.0,0,1.0,-0.64,13.6,86.4
2022-10-17 21:45:00,136.099000388884,58.310167516666,58.31683398333,19.8888889,9.65,45.0,1,5.1764362714980825,70.66250196097344,21,0,10,-0.7071067811865477,0.7071067811865474,0.0,1.0,-0.8660254037844386,0.5000000000000001,0.0,0.0,0.4166666666666667,6.6,14.2,97.75,89.0,5.575,7.0070314,0.15,7.25,19.8888889,45.31666666666667,45.5,45.5,45.35,44.81666666666667,-10.2388889,0.0351852133333352,0.0913333333333348,9.558666666666666,9.721333333333332,19.853086412222225,9.591333333333331,7.7233105,7.7616367,7.7761307,7.745783,7.6918454,0,0.0,0,1.0,-0.63,13.4,86.6
2022-10-17 22:00:00,102.109526605554,26.629768083334,26.634490194442,19.8888889,9.721333333333332,44.81666666666667,1,5.1764362714980825,70.66250196097344,22,0,10,-0.5000000000000004,0.8660254037844384,0.0,1.0,-0.8660254037844386,0.5000000000000001,0.0,0.0,0.25,6.8,15.8,97.0,92.0,5.9,7.1730494,0.2,7.1,19.84325395,45.0,45.31666666666667,45.5,45.5,44.5,-10.16755556666667,0.0,0.0713333333333317,9.65,9.547142857142855,19.87716049555556,9.643333333333333,7.6918454,7.7233105,7.7616367,7.7761307,7.617091,0,0.0,0,1.0,-0.63,13.4,86.6
2022-10-17 22:15:00,79.309327516666,19.660602427778,19.663657888888,19.84325395,9.547142857142855,44.5,1,5.1764362714980825,70.66250196097344,22,0,10,-0.5000000000000004,0.8660254037844384,0.0,1.0,-0.8660254037844386,0.5000000000000001,0.0,0.0,0.125,5.574999999999999,14.725,97.75,92.25,5.675000000000001,7.065079,0.15,6.824999999999999,19.729629606666663,44.81666666666667,45.0,45.31666666666667,45.5,44.68333333333333,-10.29611109285714,-0.0456349500000037,-0.1741904761904749,9.721333333333332,9.082,19.87367725,9.639492063492064,7.617091,7.6918454,7.7233105,7.7616367,7.5976686,0,0.0,0,1.0,-0.65,13.8,86.2
2022-10-17 22:30:00,122.45232404444,54.89002656111,54.894470916662,19.729629606666663,9.082,44.68333333333333,1,5.1764362714980825,70.66250196097344,22,0,10,-0.5000000000000004,0.8660254037844384,0.0,1.0,-0.8660254037844386,0.5000000000000001,0.0,0.0,0.0416666666666666,4.35,13.65,98.5,92.5,5.45,6.958405,0.1,6.55,19.76666667,44.5,44.81666666666667,45.0,45.31666666666667,44.95,-10.647629606666667,-0.1136243433333312,-0.4651428571428582,9.547142857142855,8.915333333333333,19.82059081888889,9.45015873015873,7.5976686,7.617091,7.6918454,7.7233105,7.659636,0,0.0,0,1.0,-0.67,14.5,85.5
2022-10-17 22:45:00,122.238165927774,32.745912344444,32.750634472218,19.76666667,8.915333333333333,44.95,1,5.1764362714980825,70.66250196097344,22,0,10,-0.5000000000000004,0.8660254037844384,0.0,1.0,-0.8660254037844386,0.5000000000000001,0.0,0.0,0.0,3.125,12.575,99.25,92.75,5.225,6.8530107,0.0499999999999999,6.275,19.788888863333334,44.68333333333333,44.5,44.81666666666667,45.0,44.53333333333333,-10.851333336666666,0.037037063333333,-0.166666666666666,9.082,8.718666666666667,19.779850075555554,9.181492063492064,7.659636,7.5976686,7.617091,7.6918454,7.598535,0,0.0,0,1.0,-0.66,14.2,85.8
2022-10-17 23:00:00,86.697643188884,0.0,0.0,19.788888863333334,8.718666666666667,44.53333333333333,0,5.1764362714980825,70.66250196097344,23,0,10,-0.2588190451025215,0.965925826289068,0.0,1.0,-0.8660254037844386,0.5000000000000001,0.0,0.0,0.0,1.9,11.5,100.0,93.0,5.0,6.7488894,0.0,6.0,19.686904775,44.95,44.68333333333333,44.5,44.81666666666667,44.55357142857143,-11.070222196666666,0.0222221933333344,-0.1966666666666654,8.915333333333333,8.667857142857143,19.76172838,8.905333333333333,7.598535,7.659636,7.5976686,7.617091,7.556631,1,1.0,1,0.75,-0.66,14.1,85.9
2022-10-17 23:15:00,632.736633955556,51.714320211112,51.72237552222,19.686904775,8.667857142857143,44.55357142857143,1,5.1764362714980825,70.66250196097344,23,0,10,-0.2588190451025215,0.965925826289068,0.0,1.0,-0.8660254037844386,0.5000000000000001,0.0,0.0,0.0,3.05,11.425,92.25,93.0,5.025,6.7599545,0.0,6.025,19.738888886666665,44.53333333333333,44.95,44.68333333333333,44.5,44.96666666666667,-11.019047632142856,-0.1019840883333351,-0.0508095238095247,8.718666666666667,8.630666666666666,19.747486769444446,8.767285714285714,7.556631,7.598535,7.659636,7.5976686,7.650001,0,1.0,1,0.75,-0.68,14.8,85.2
2022-10-17 23:30:00,106.794894766664,32.969792272222,32.975069911108,19.738888886666665,8.630666666666666,44.96666666666667,1,5.1764362714980825,70.66250196097344,23,0,10,-0.2588190451025215,0.965925826289068,0.0,1.0,-0.8660254037844386,0.5000000000000001,0.0,0.0,0.0,4.199999999999999,11.35,84.5,93.0,5.05,6.7710357,0.0,6.05,19.73333333,44.55357142857143,44.53333333333333,44.95,44.68333333333333,44.95,-11.108222219999998,0.0519841116666661,-0.0371904761904762,8.667857142857143,8.389333333333333,19.73822750833333,8.672396825396826,7.650001,7.556631,7.598535,7.659636,7.6446714,0,1.0,0,0.75,-0.67,14.4,85.6
2022-10-17 23:45:00,70.941606855548,0.0,0.0,19.73333333,8.389333333333333,44.95,0,5.1764362714980825,70.66250196097344,23,0,10,-0.2588190451025215,0.965925826289068,0.0,1.0,-0.8660254037844386,0.5000000000000001,0.0,0.0,0.0,5.35,11.275,76.75,93.0,5.074999999999999,6.7821326,0.0,6.074999999999999,19.64537038083333,44.96666666666667,44.55357142857143,44.53333333333333,44.95,44.30833333333334,-11.343999996666668,-0.005555556666664,-0.2413333333333334,8.630666666666666,8.148333333333333,19.719708997222224,8.562619047619046,7.6446714,7.650001,7.556631,7.598535,7.496733,1,2.0,1,0.5,-0.67,14.4,85.6
2022-10-18 00:00:00,109.591449566664,40.7725357,40.77698002222,19.64537038083333,8.148333333333333,44.30833333333334,1,5.1764362714980825,70.66250196097344,0,1,10,0.0,1.0,0.7818314824680298,0.6234898018587336,-0.8660254037844386,0.5000000000000001,0.0,0.0,0.0,6.5,11.2,69.0,93.0,5.1,6.7932444,0.0,6.1,19.65555557,44.95,44.96666666666667,44.55357142857143,44.53333333333333,43.95,-11.497037047499996,-0.0879629491666698,-0.2409999999999996,8.389333333333333,8.205333333333334,19.705864199166665,8.389444444444443,7.496733,7.6446714,7.650001,7.556631,7.440555,0,1.0,1,0.75,-0.69,15.1,84.9
2022-10-18 00:15:00,134.55350664444,55.4161166,55.422227488888,19.65555557,8.205333333333334,43.95,1,5.1764362714980825,70.66250196097344,0,1,10,0.0,1.0,0.7818314824680298,0.6234898018587336,-0.8660254037844386,0.5000000000000001,0.0,0.0,0.0,7.25,12.275,63.5,89.75,4.275,6.438716,0.0,5.824999999999999,19.738888886666665,44.30833333333334,44.95,44.96666666666667,44.55357142857143,43.53333333333333,-11.450222236666669,0.0101851891666697,0.0570000000000003,8.148333333333333,8.391333333333334,19.678086426944446,8.247666666666667,7.440555,7.496733,7.6446714,7.650001,7.406153,0,1.0,0,0.75,-0.69,15.1,84.9
2022-10-18 00:30:00,113.928498227778,53.751460972222,53.75868298333,19.738888886666665,8.391333333333334,43.53333333333333,1,5.1764362714980825,70.66250196097344,0,1,10,0.0,1.0,0.7818314824680298,0.6234898018587336,-0.8660254037844386,0.5000000000000001,0.0,0.0,0.0,8.0,13.35,58.0,86.5,3.45,6.094438,0.0,5.55,19.79999999,43.95,44.30833333333334,44.95,44.96666666666667,42.75,-11.347555553333333,0.0833333166666641,0.1859999999999999,8.205333333333334,8.302666666666665,19.679938279166663,8.248333333333335,7.406153,7.440555,7.496733,7.6446714,7.2990074,0,1.0,0,0.75,-0.68,14.6,85.4
2022-10-18 00:45:00,73.332344488884,0.0,0.0,19.79999999,8.302666666666665,42.75,0,5.1764362714980825,70.66250196097344,0,1,10,0.0,1.0,0.7818314824680298,0.6234898018587336,-0.8660254037844386,0.5000000000000001,0.0,0.0,0.0,8.75,14.425,52.5,83.25,2.625,5.7601876,0.0,5.275,19.65740742,43.53333333333333,43.95,44.30833333333334,44.95,42.03333333333333,-11.497333323333336,0.0611111033333351,-0.0886666666666684,8.391333333333334,7.917333333333334,19.73148148222222,8.299777777777779,7.2990074,7.406153,7.440555,7.496733,7.1168447,1,1.0,1,0.75,-0.67,14.3,85.7
2022-10-18 01:00:00,98.900488255556,40.780590911112,40.786146288888,19.65740742,7.917333333333334,42.03333333333333,1,5.1764362714980825,70.66250196097344,1,1,10,0.2588190451025207,0.9659258262890684,0.7818314824680298,0.6234898018587336,-0.8660254037844386,0.5000000000000001,0.0,0.0,0.0,9.5,15.5,47.0,80.0,1.8,5.435747,0.0,5.0,19.61666666,42.75,43.53333333333333,43.95,44.30833333333334,42.0,-11.740074086666668,-0.1425925699999979,-0.3853333333333317,8.302666666666665,7.667333333333334,19.732098765555552,8.203777777777779,7.1168447,7.2990074,7.406153,7.440555,7.094207,0,1.0,1,0.75,-0.7,15.4,84.6
2022-10-18 01:15:00,123.74116123889,54.971412172222,54.977245305554,19.61666666,7.667333333333334,42.0,1,5.1764362714980825,70.66250196097344,1,1,10,0.2588190451025207,0.9659258262890684,0.7818314824680298,0.6234898018587336,-0.8660254037844386,0.5000000000000001,0.0,0.0,0.0,9.85,16.225,35.25,79.25,1.35,5.2614994,0.0,4.65,19.68333334333333,42.03333333333333,42.75,43.53333333333333,43.95,41.81666666666667,-11.949333326666666,-0.040740760000002,-0.25,7.917333333333334,7.492,19.691358023333336,7.9624444444444435,7.094207,7.1168447,7.2990074,7.406153,7.090944,0,1.0,0,0.75,-0.71,15.7,84.3
2022-10-18 01:30:00,139.41553432222,56.244139027778,56.24969442222,19.68333334333333,7.492,41.81666666666667,1,5.1764362714980825,70.66250196097344,1,1,10,0.2588190451025207,0.9659258262890684,0.7818314824680298,0.6234898018587336,-0.8660254037844386,0.5000000000000001,0.0,0.0,0.0,10.2,16.95,23.5,78.5,0.9,5.092037,0.0,4.3,19.76666667,42.0,42.03333333333333,42.75,43.53333333333333,41.15,-12.191333343333334,0.0666666833333344,-0.1753333333333335,7.667333333333334,7.1386666666666665,19.652469141111112,7.692222222222223,7.090944,7.094207,7.1168447,7.2990074,7.0121045,0,1.0,0,0.75,-0.7,15.2,84.8
2022-10-18 01:45:00,118.70636272222,57.825742411112,57.8335199,19.76666667,7.1386666666666665,41.15,1,5.1764362714980825,70.66250196097344,1,1,10,0.2588190451025207,0.9659258262890684,0.7818314824680298,0.6234898018587336,-0.8660254037844386,0.5000000000000001,0.0,0.0,0.0,10.55,17.674999999999997,11.75,77.75,0.4500000000000002,4.927249,0.0,3.95,19.8296296,41.81666666666667,42.0,42.03333333333333,42.75,40.63333333333333,-12.628000003333334,0.0833333266666649,-0.3533333333333335,7.492,6.878,19.688888891111112,7.432666666666667,7.0121045,7.090944,7.094207,7.1168447,6.9496803,0,0.0,0,1.0,-0.68,14.8,85.2
2022-10-18 02:00:00,88.665620099992,22.3191072,22.324384838886,19.8296296,6.878,40.63333333333333,1,5.1764362714980825,70.66250196097344,2,1,10,0.4999999999999999,0.8660254037844387,0.7818314824680298,0.6234898018587336,-0.8660254037844386,0.5000000000000001,0.0,0.0,0.0,10.9,18.4,0.0,77.0,0.0,4.767027,0.0,3.6,19.70555557,41.15,41.81666666666667,42.0,42.03333333333333,39.65,-12.951629599999997,0.0629629299999976,-0.2606666666666664,7.1386666666666665,6.744,19.759876537777775,7.169555555555555,6.9496803,7.0121045,7.090944,7.094207,6.7323117,0,0.0,0,1.0,-0.67,14.4,85.6
2022-10-18 02:15:00,84.173577438886,21.995231272222,21.99939782222,19.70555557,6.744,39.65,1,5.1764362714980825,70.66250196097344,2,1,10,0.4999999999999999,0.8660254037844387,0.7818314824680298,0.6234898018587336,-0.8660254037844386,0.5000000000000001,0.0,0.0,0.0,11.15,19.2,0.0,76.25,-0.275,4.6734633,0.0,3.45,19.56410260769231,40.63333333333333,41.15,41.81666666666667,42.0,39.5,-12.961555570000002,-0.1240740299999956,-0.1340000000000003,6.878,6.178461538461539,19.767283946666662,6.920222222222222,6.7323117,6.9496803,7.0121045,7.090944,6.651363,0,0.0,0,1.0,-0.7,15.5,84.5
2022-10-18 02:30:00,101.93897786111,47.2872751,47.29199716111,19.56410260769231,6.178461538461539,39.5,1,5.1764362714980825,70.66250196097344,2,1,10,0.4999999999999999,0.8660254037844387,0.7818314824680298,0.6234898018587336,-0.8660254037844386,0.5000000000000001,0.0,0.0,0.0,11.4,20.0,0.0,75.5,-0.55,4.581236,0.0,3.3,19.60000001,39.65,40.63333333333333,41.15,41.81666666666667,39.5,-13.38564106923077,-0.1414529623076923,-0.5655384615384609,6.744,5.900666666666667,19.699762592564102,6.600153846153847,6.651363,6.7323117,6.9496803,7.0121045,6.6654043,0,0.0,0,1.0,-0.74,16.5,83.5
2022-10-18 02:45:00,141.863491966664,55.649996144444,55.655551538886,19.60000001,5.900666666666667,39.5,1,5.1764362714980825,70.66250196097344,2,1,10,0.4999999999999999,0.8660254037844387,0.7818314824680298,0.6234898018587336,-0.8660254037844386,0.5000000000000001,0.0,0.0,0.0,11.65,20.8,0.0,74.75,-0.8250000000000001,4.490328,0.0,3.15,19.681349217857143,39.5,39.65,40.63333333333333,41.15,39.332142857142856,-13.699333343333333,0.0358974023076896,-0.2777948717948719,6.178461538461539,5.7250000000000005,19.62321939589744,6.2743760683760685,6.6654043,6.651363,6.7323117,6.9496803,6.6688614,0,0.0,0,1.0,-0.73,16.2,83.8
2022-10-18 03:00:00,112.891039777776,53.215649088888,53.222593327774,19.681349217857143,5.7250000000000005,39.332142857142856,1,5.1764362714980825,70.66250196097344,3,1,10,0.7071067811865476,0.7071067811865476,0.7818314824680298,0.6234898018587336,-0.8660254037844386,0.5000000000000001,0.0,0.0,0.0,11.9,21.6,0.0,74.0,-1.1,4.4007254,0.0,3.0,19.7222222,39.5,39.5,39.65,40.63333333333333,38.6,-13.956349217857142,0.0813492078571442,-0.1756666666666664,5.900666666666667,5.248666666666667,19.615150611849817,5.934709401709402,6.6688614,6.6654043,6.651363,6.7323117,6.5604434,0,0.0,0,1.0,-0.71,15.7,84.3
2022-10-18 03:15:00,99.127979238886,36.7468634,36.752696566664,19.7222222,5.248666666666667,38.6,1,5.1764362714980825,70.66250196097344,3,1,10,0.7071067811865476,0.7071067811865476,0.7818314824680298,0.6234898018587336,-0.8660254037844386,0.5000000000000001,0.0,0.0,0.0,12.25,22.325000000000003,0.0,72.75,-1.4,4.311876,0.0,2.95,19.66111111333333,39.332142857142856,39.5,39.5,39.65,38.03333333333333,-14.473555533333334,0.0408729821428579,-0.4763333333333337,5.7250000000000005,5.354,19.66785714261905,5.624777777777777,6.5604434,6.6688614,6.6654043,6.651363,6.440988,0,0.0,0,1.0,-0.71,15.5,84.5
2022-10-18 03:30:00,102.493400033336,36.321047116666,36.32632472222,19.66111111333333,5.354,38.03333333333333,1,5.1764362714980825,70.66250196097344,3,1,10,0.7071067811865476,0.7071067811865476,0.7818314824680298,0.6234898018587336,-0.8660254037844386,0.5000000000000001,0.0,0.0,0.0,12.6,23.05,0.0,71.5,-1.7,4.223566,0.0,2.9,19.5555556,38.6,39.332142857142856,39.5,39.5,38.0,-14.307111113333336,-0.061111086666667,0.1053333333333332,5.248666666666667,5.315333333333333,19.688227510396825,5.442555555555557,6.440988,6.5604434,6.6688614,6.6654043,6.3955674,0,0.0,0,1.0,-0.72,16.0,84.0
2022-10-18 03:45:00,115.091785177772,54.777808766668,54.78503076111,19.5555556,5.315333333333333,38.0,1,5.1764362714980825,70.66250196097344,3,1,10,0.7071067811865476,0.7071067811865476,0.7818314824680298,0.6234898018587336,-0.8660254037844386,0.5000000000000001,0.0,0.0,0.0,12.95,23.775,0.0,70.25,-2.0,4.1357956,0.0,2.85,19.57592595,38.03333333333333,38.6,39.332142857142856,39.5,37.81666666666667,-14.240222266666668,-0.1055555133333321,-0.0386666666666668,5.354,5.316666666666666,19.646296304444448,5.306,6.3955674,6.440988,6.5604434,6.6688614,6.3723326,0,0.0,0,1.0,-0.75,16.8,83.2
2022-10-18 04:00:00,139.061659611108,55.923596316666,55.93026278333,19.57592595,5.316666666666666,37.81666666666667,1,5.1764362714980825,70.66250196097344,4,1,10,0.8660254037844386,0.5000000000000001,0.7818314824680298,0.6234898018587336,-0.8660254037844386,0.5000000000000001,0.0,0.0,0.0,13.3,24.5,0.0,69.0,-2.3,4.0485616,0.0,2.8,19.65000002,38.0,38.03333333333333,38.6,39.332142857142856,37.5,-14.259259283333336,0.0203703500000003,0.0013333333333331,5.315333333333333,5.266666666666667,19.59753088777778,5.328666666666667,6.3723326,6.3955674,6.440988,6.5604434,6.3465257,0,0.0,0,1.0,-0.75,16.7,83.3
2022-10-18 04:15:00,475.305153716666,56.719675572222,56.727730816666,19.65000002,5.266666666666667,37.5,1,5.1764362714980825,70.66250196097344,4,1,10,0.8660254037844386,0.5000000000000001,0.7818314824680298,0.6234898018587336,-0.8660254037844386,0.5000000000000001,0.0,0.0,0.0,13.5,25.125,0.0,67.75,-2.525,3.9752178,0.0,2.8,19.6666667,37.81666666666667,38.0,38.03333333333333,38.6,37.31666666666667,-14.383333353333336,0.0740740699999982,-0.0499999999999998,5.316666666666666,5.260000000000001,19.593827190000003,5.299555555555556,6.3465257,6.3723326,6.3955674,6.440988,6.3216805,0,0.0,0,1.0,-0.73,16.2,83.8
2022-10-18 04:30:00,115.510379549994,57.001608744444,57.008552949998,19.6666667,5.260000000000001,37.31666666666667,1,5.1764362714980825,70.66250196097344,4,1,10,0.8660254037844386,0.5000000000000001,0.7818314824680298,0.6234898018587336,-0.8660254037844386,0.5000000000000001,0.0,0.0,0.0,13.7,25.75,0.0,66.5,-2.75,3.9018743,0.0,2.8,19.70555555,37.5,37.81666666666667,38.0,38.03333333333333,36.65,-14.4066667,0.0166666800000001,-0.0066666666666659,5.266666666666667,5.496666666666667,19.630864223333337,5.281111111111112,6.3216805,6.3465257,6.3723326,6.3955674,6.2229314,0,0.0,0,1.0,-0.73,16.1,83.9
2022-10-18 04:45:00,126.915478827774,57.355761244444,57.362149938886,19.70555555,5.496666666666667,36.65,1,5.1764362714980825,70.66250196097344,4,1,10,0.8660254037844386,0.5000000000000001,0.7818314824680298,0.6234898018587336,-0.8660254037844386,0.5000000000000001,0.0,0.0,0.0,13.9,26.375,0.0,65.25,-2.975,3.8285306,0.0,2.8,19.7222222,37.31666666666667,37.5,37.81666666666667,38.0,36.31666666666667,-14.208888883333334,0.0388888499999993,0.2366666666666663,5.260000000000001,5.593999999999999,19.67407409,5.341111111111111,6.2229314,6.3216805,6.3465257,6.3723326,6.1723685,0,0.0,0,1.0,-0.72,16.0,84.0
2022-10-18 05:00:00,115.942028766668,57.651860483334,57.659637988888,19.7222222,5.593999999999999,36.31666666666667,1,5.1764362714980825,70.66250196097344,5,1,10,0.9659258262890684,0.2588190451025207,0.7818314824680298,0.6234898018587336,-0.8660254037844386,0.5000000000000001,0.0,0.0,0.0,14.1,27.0,0.0,64.0,-3.2,3.755187,0.0,2.8,19.7222222,36.65,37.31666666666667,37.5,37.81666666666667,35.95,-14.128222200000002,0.0166666500000012,0.0973333333333323,5.496666666666667,5.428,19.69814815,5.450222222222223,6.1723685,6.2229314,6.3216805,6.3465257,6.11005,0,0.0,0,1.0,-0.72,15.9,84.1
2022-10-18 05:15:00,130.16340442222,51.7904283,51.794872588888,19.7222222,5.428,35.95,1,5.1764362714980825,70.66250196097344,5,1,10,0.9659258262890684,0.2588190451025207,0.7818314824680298,0.6234898018587336,-0.8660254037844386,0.5000000000000001,0.0,0.0,0.0,14.375,27.625,0.0,63.75,-3.2750000000000004,3.7468164,0.0,2.825,19.70185185,36.31666666666667,36.65,37.31666666666667,37.5,35.35,-14.2942222,0.0,-0.1659999999999994,5.593999999999999,5.379333333333333,19.71666665,5.506222222222221,6.11005,6.1723685,6.2229314,6.3216805,6.000897,0,0.0,0,1.0,-0.72,16.0,84.0
2022-10-18 05:30:00,83.183617005554,0.0,0.0,19.70185185,5.379333333333333,35.35,0,5.1764362714980825,70.66250196097344,5,1,10,0.9659258262890684,0.2588190451025207,0.7818314824680298,0.6234898018587336,-0.8660254037844386,0.5000000000000001,0.0,0.0,0.0,14.65,28.25,0.0,63.5,-3.35,3.738406,0.0,2.85,19.54444445,35.95,36.31666666666667,36.65,37.31666666666667,35.1,-14.322518516666667,-0.0203703500000003,-0.0486666666666666,5.428,5.413333333333333,19.715432083333337,5.467111111111112,6.000897,6.11005,6.1723685,6.2229314,5.9036274,1,1.0,1,0.75,-0.73,16.2,83.8
2022-10-18 05:45:00,186.05894626111,51.346279383334,51.35266806111,19.54444445,5.413333333333333,35.1,1,5.1764362714980825,70.66250196097344,5,1,10,0.9659258262890684,0.2588190451025207,0.7818314824680298,0.6234898018587336,-0.8660254037844386,0.5000000000000001,0.0,0.0,0.0,14.925,28.875,0.0,63.25,-3.425,3.729956,0.0,2.875,19.448148106666665,35.35,35.95,36.31666666666667,36.65,35.93333333333333,-14.131111116666666,-0.1574074000000003,0.0339999999999998,5.379333333333333,5.351333333333333,19.656172833333333,5.406888888888889,5.9036274,6.000897,6.11005,6.1723685,6.009671,0,1.0,1,0.75,-0.77,17.4,82.6
2022-10-18 06:00:00,166.619724044436,54.941413388888,54.94780208333,19.448148106666665,5.351333333333333,35.93333333333333,1,5.1764362714980825,70.66250196097344,6,1,10,1.0,6.123233995736766e-17,0.7818314824680298,0.6234898018587336,-0.8660254037844386,0.5000000000000001,0.0,0.0,0.0,15.2,29.5,0.0,63.0,-3.5,3.7214644,0.0,2.9,19.4444444,35.1,35.35,35.95,36.31666666666667,35.6,-14.096814773333332,-0.0962963433333357,-0.0620000000000002,5.413333333333333,5.137333333333333,19.56481480222222,5.381333333333333,6.009671,5.9036274,6.000897,6.11005,5.9526253,0,1.0,0,0.75,-0.79,18.0,82.0
2022-10-18 06:15:00,136.812583061102,56.2360838,56.240805927774,19.4444444,5.137333333333333,35.6,1,5.1764362714980825,70.66250196097344,6,1,10,1.0,6.123233995736766e-17,0.7818314824680298,0.6234898018587336,-0.8660254037844386,0.5000000000000001,0.0,0.0,0.0,15.275,29.775,8.5,62.75,-3.525,3.7129333,0.0,2.925,19.4444444,35.93333333333333,35.1,35.35,35.95,35.03333333333333,-14.307111066666664,-0.0037037066666663,-0.2139999999999995,5.351333333333333,5.239999999999999,19.479012318888888,5.300666666666667,5.9526253,6.009671,5.9036274,6.000897,5.857874,0,1.0,0,0.75,-0.79,18.1,81.9
2022-10-18 06:30:00,122.594540572218,57.400481688888,57.406037049998,19.4444444,5.239999999999999,35.03333333333333,1,5.1764362714980825,70.66250196097344,6,1,10,1.0,6.123233995736766e-17,0.7818314824680298,0.6234898018587336,-0.8660254037844386,0.5000000000000001,0.0,0.0,0.0,15.35,30.05,17.0,62.5,-3.55,3.70436,0.0,2.95,19.40555555,35.6,35.93333333333333,35.1,35.35,34.65,-14.2044444,0.0,0.102666666666666,5.137333333333333,5.358666666666666,19.445678968888885,5.2428888888888885,5.857874,5.9526253,6.009671,5.9036274,5.780541,0,0.0,0,1.0,-0.79,18.2,81.8
2022-10-18 06:45:00,130.214791299996,57.657971355556,57.664082294442,19.40555555,5.358666666666666,34.65,1,5.1764362714980825,70.66250196097344,6,1,10,1.0,6.123233995736766e-17,0.7818314824680298,0.6234898018587336,-0.8660254037844386,0.5000000000000001,0.0,0.0,0.0,15.425,30.325000000000003,25.500000000000004,62.25,-3.575,3.6957476,0.0,2.975,19.3888889,35.03333333333333,35.6,35.93333333333333,35.1,34.31071428571429,-14.046888883333333,-0.0388888499999993,0.1186666666666669,5.239999999999999,5.235714285714286,19.43148145,5.245333333333333,5.780541,5.857874,5.9526253,6.009671,5.718328,0,0.0,0,1.0,-0.8,18.6,81.4
2022-10-18 07:00:00,111.802194366668,53.7195178,53.726184266664,19.3888889,5.235714285714286,34.31071428571429,1,5.1764362714980825,70.66250196097344,7,1,10,0.9659258262890684,-0.2588190451025206,0.7818314824680298,0.6234898018587336,-0.8660254037844386,0.5000000000000001,0.0,0.0,0.0,15.5,30.6,34.0,62.0,-3.6,3.687094,0.0,3.0,19.34999998,34.65,35.03333333333333,35.6,35.93333333333333,34.0,-14.153174614285716,-0.0166666499999976,-0.1229523809523804,5.358666666666666,5.141333333333334,19.41296295,5.278126984126984,5.718328,5.780541,5.857874,5.9526253,5.6535897,0,0.0,0,1.0,-0.81,18.8,81.2
2022-10-18 07:15:00,138.08475422222,57.432980372222,57.440480105554,19.34999998,5.141333333333334,34.0,1,5.1764362714980825,70.66250196097344,7,1,10,0.9659258262890684,-0.2588190451025206,0.7818314824680298,0.6234898018587336,-0.8660254037844386,0.5000000000000001,4.0,1.0,0.3333333333333333,15.525,30.950000000000003,34.25,62.25,-3.4,3.7331681,0.0,3.125,19.3333333,34.31071428571429,34.65,35.03333333333333,35.6,33.81666666666667,-14.208666646666666,-0.0388889200000015,-0.094380952380952,5.235714285714286,5.108666666666666,19.381481476666668,5.245238095238095,5.6535897,5.718328,5.780541,5.857874,5.61759,0,0.0,0,1.0,-0.82,19.1,80.9
2022-10-18 07:30:00,128.701240611112,57.418258711112,57.425480672222,19.3333333,5.108666666666666,33.81666666666667,1,5.1764362714980825,70.66250196097344,7,1,10,0.9659258262890684,-0.2588190451025206,0.7818314824680298,0.6234898018587336,-0.8660254037844386,0.5000000000000001,8.0,3.0,1.0,15.55,31.3,34.5,62.5,-3.2,3.7797236,0.0,3.25,19.32777775,34.0,34.31071428571429,34.65,35.03333333333333,33.5,-14.224666633333332,-0.0166666800000001,-0.0326666666666675,5.141333333333334,5.285333333333333,19.35740739333333,5.161904761904762,5.61759,5.6535897,5.718328,5.780541,5.563166,0,0.0,0,1.0,-0.82,19.3,80.7
2022-10-18 07:45:00,115.684261544436,57.396592911112,57.404648188888,19.32777775,5.285333333333333,33.5,1,5.1764362714980825,70.66250196097344,7,1,10,0.9659258262890684,-0.2588190451025206,0.7818314824680298,0.6234898018587336,-0.8660254037844386,0.5000000000000001,12.0,6.0,2.0,15.575,31.65,34.75,62.75,-3.0,3.8267646,0.0,3.375,19.2814815,33.81666666666667,34.0,34.31071428571429,34.65,33.5,-14.042444416666664,-0.0055555500000004,0.1766666666666667,5.108666666666666,5.417333333333334,19.33703701,5.178444444444445,5.563166,5.61759,5.6535897,5.718328,5.5480227,0,0.0,0,1.0,-0.83,19.4,80.6
2022-10-18 08:00:00,125.04722016111,57.487422627778,57.49492236111,19.2814815,5.417333333333334,33.5,1,5.1764362714980825,70.66250196097344,8,1,10,0.8660254037844387,-0.4999999999999998,0.7818314824680298,0.6234898018587336,-0.8660254037844386,0.5000000000000001,16.0,10.0,3.333333333333333,15.6,32.0,35.0,63.0,-2.8,3.874296,0.0,3.5,19.2777778,33.5,33.81666666666667,34.0,34.31071428571429,33.5,-13.864148166666665,-0.046296250000001,0.1320000000000005,5.285333333333333,5.568666666666667,19.314197516666667,5.270444444444444,5.5480227,5.563166,5.61759,5.6535897,5.546814,0,0.0,0,1.0,-0.84,19.8,80.2
2022-10-18 08:15:00,124.14447843889,57.654360416666,57.662415677776,19.2777778,5.568666666666667,33.5,1,5.1764362714980825,70.66250196097344,8,1,10,0.8660254037844387,-0.4999999999999998,0.7818314824680298,0.6234898018587336,-0.8660254037844386,0.5000000000000001,48.5,21.125,7.375,14.95,32.0,31.25,63.25,-2.4,3.9950008,0.0,3.9,19.2777778,33.5,33.5,33.81666666666667,34.0,33.5,-13.709111133333332,-0.003703699999999,0.1513333333333335,5.417333333333334,5.719333333333334,19.295679016666664,5.4237777777777785,5.546814,5.5480227,5.563166,5.61759,5.546814,0,0.0,0,1.0,-0.84,19.8,80.2
2022-10-18 08:30:00,129.015950272222,57.814631755556,57.82240926111,19.2777778,5.719333333333334,33.5,1,5.1764362714980825,70.66250196097344,8,1,10,0.8660254037844387,-0.4999999999999998,0.7818314824680298,0.6234898018587336,-0.8660254037844386,0.5000000000000001,81.0,39.375,14.125,14.3,32.0,27.5,63.5,-2.0,4.119036,0.0,4.3,19.2777778,33.5,33.5,33.5,33.81666666666667,33.45,-13.558444466666664,0.0,0.1506666666666669,5.568666666666667,5.701333333333333,19.279012366666667,5.568444444444445,5.546814,5.546814,5.5480227,5.563166,5.538535,0,0.0,0,1.0,-0.84,19.8,80.2
2022-10-18 08:45:00,124.722233144444,57.840464072222,57.847963805554,19.2777778,5.701333333333333,33.45,1,5.1764362714980825,70.66250196097344,8,1,10,0.8660254037844387,-0.4999999999999998,0.7818314824680298,0.6234898018587336,-0.8660254037844386,0.5000000000000001,113.5,64.75,23.58333333333333,13.65,32.0,23.75,63.75,-1.6,4.2464814,0.0,4.699999999999999,19.2777778,33.5,33.5,33.5,33.5,33.21666666666667,-13.576444466666665,0.0,-0.0180000000000006,5.719333333333334,6.129333333333333,19.2777778,5.663111111111111,5.538535,5.546814,5.546814,5.5480227,5.4999003,0,0.0,0,1.0,-0.84,19.8,80.2
2022-10-18 09:00:00,115.568710416666,58.119341816666,58.128508149998,19.2777778,6.129333333333333,33.21666666666667,1,5.1764362714980825,70.66250196097344,9,1,10,0.7071067811865476,-0.7071067811865475,0.7818314824680298,0.6234898018587336,-0.8660254037844386,0.5000000000000001,146.0,97.25,35.75,13.0,32.0,20.0,64.0,-1.2,4.3774166,0.0,5.1,19.31666665,33.45,33.5,33.5,33.5,33.5,-13.148444466666666,0.0,0.4279999999999999,5.701333333333333,6.706,19.2777778,5.8500000000000005,5.4999003,5.538535,5.546814,5.546814,5.55953,0,0.0,0,1.0,-0.84,19.9,80.1
2022-10-18 09:15:00,123.942819905554,58.233781672222,58.241281372222,19.31666665,6.706,33.5,1,5.1764362714980825,70.66250196097344,9,1,10,0.7071067811865476,-0.7071067811865475,0.7818314824680298,0.6234898018587336,-0.8660254037844386,0.5000000000000001,187.25,131.9375,51.35416666666666,13.525,32.55,22.75,62.75,-0.95,4.4575934,0.0,5.675,19.3333333,33.21666666666667,33.45,33.5,33.5,33.5,-12.61066665,0.0388888499999993,0.5766666666666671,6.129333333333333,6.936000000000001,19.29074075,6.178888888888889,5.55953,5.4999003,5.538535,5.546814,5.564986,0,0.0,0,1.0,-0.83,19.5,80.5
2022-10-18 09:30:00,136.687032349998,58.299612372222,58.307667633332,19.3333333,6.936000000000001,33.5,1,5.1764362714980825,70.66250196097344,9,1,10,0.7071067811865476,-0.7071067811865475,0.7818314824680298,0.6234898018587336,-0.8660254037844386,0.5000000000000001,228.5,168.8125,70.39583333333333,14.05,33.1,25.5,61.5,-0.7,4.536622,0.0,6.25,19.44444441,33.5,33.21666666666667,33.45,33.5,33.5,-12.3973333,0.0166666500000012,0.2300000000000004,6.706,7.932666666666666,19.30925925,6.5904444444444445,5.564986,5.55953,5.4999003,5.538535,5.6014876,0,0.0,0,1.0,-0.83,19.4,80.6
2022-10-18 09:45:00,328.209093327778,58.123230527778,58.131285788888,19.44444441,7.932666666666666,33.5,1,5.1764362714980825,70.66250196097344,9,1,10,0.7071067811865476,-0.7071067811865475,0.7818314824680298,0.6234898018587336,-0.8660254037844386,0.5000000000000001,269.75,207.875,92.875,14.575,33.650000000000006,28.25,60.25,-0.4499999999999999,4.6143203,0.0,6.825,19.83703704666667,33.5,33.5,33.21666666666667,33.45,33.31666666666667,-11.511777743333331,0.1111111099999995,0.9966666666666651,6.936000000000001,8.103333333333333,19.364814786666667,7.191555555555556,5.6014876,5.564986,5.55953,5.4999003,5.7007556,0,0.0,0,1.0,-0.8,18.5,81.5
2022-10-18 10:00:00,386.445097177776,0.0,0.0,19.83703704666667,8.103333333333333,33.31666666666667,0,5.1764362714980825,70.66250196097344,10,1,10,0.4999999999999999,-0.8660254037844387,0.7818314824680298,0.6234898018587336,-0.8660254037844386,0.5000000000000001,311.0,249.125,118.79166666666669,15.1,34.2,31.0,59.0,-0.2,4.6904993,0.0,7.4,20.29444442,33.5,33.5,33.5,33.21666666666667,33.4,-11.733703713333336,0.3925926366666701,0.1706666666666674,7.932666666666666,8.912,19.538271585555552,7.657333333333334,5.7007556,5.6014876,5.564986,5.55953,5.870079,1,1.0,1,0.75,-0.71,15.6,84.4
2022-10-18 10:15:00,85.422138577776,48.040022755556,48.0472447,20.29444442,8.912,33.4,1,5.1764362714980825,70.66250196097344,10,1,10,0.4999999999999999,-0.8660254037844387,0.7818314824680298,0.6234898018587336,-0.8660254037844386,0.5000000000000001,342.75,288.0,147.02083333333334,16.15,36.0,40.25,58.0,0.0499999999999999,4.7624907,0.0,7.9,21.148148116666665,33.31666666666667,33.5,33.5,33.5,34.15,-11.382444419999995,0.4574073733333286,0.8086666666666673,8.103333333333333,9.214666666666666,19.85864195888889,8.316,5.870079,5.7007556,5.6014876,5.564986,6.3077836,0,1.0,1,0.75,-0.6,12.7,87.3
2022-10-18 10:30:00,55.857210105554,0.0,0.0,21.148148116666665,9.214666666666666,34.15,0,5.1764362714980825,70.66250196097344,10,1,10,0.4999999999999999,-0.8660254037844387,0.7818314824680298,0.6234898018587336,-0.8660254037844386,0.5000000000000001,374.5,324.5,177.5625,17.2,37.8,49.5,57.0,0.3,4.83351,0.0,8.4,21.861111110000003,33.4,33.31666666666667,33.5,33.5,34.45,-11.93348145,0.8537036966666669,0.3026666666666653,8.912,9.340666666666666,20.426543194444445,8.743333333333334,6.3077836,5.870079,5.7007556,5.6014876,6.6312447,1,2.0,1,0.5,-0.4,8.4,91.6
2022-10-18 10:45:00,88.32785576110601,33.30255676111,33.308945455552,21.861111110000003,9.340666666666666,34.45,1,5.1764362714980825,70.66250196097344,10,1,10,0.4999999999999999,-0.8660254037844387,0.7818314824680298,0.6234898018587336,-0.8660254037844386,0.5000000000000001,406.25,358.625,210.41666666666663,18.25,39.6,58.75,56.0,0.55,4.903434,0.0,8.9,21.71111114,34.15,33.4,33.31666666666667,33.5,34.03333333333333,-12.520444443333338,0.7129629933333383,0.1259999999999994,9.214666666666666,9.048666666666666,21.10123454888889,9.155777777777775,6.6312447,6.3077836,5.870079,5.7007556,6.49454,0,2.0,1,0.5,-0.23,6.1,93.9
2022-10-18 11:00:00,95.910330216662,54.878082605554,54.88724892222,21.71111114,9.048666666666666,34.03333333333333,1,5.1764362714980825,70.66250196097344,11,1,10,0.258819045102521,-0.9659258262890682,0.7818314824680298,0.6234898018587336,-0.8660254037844386,0.5000000000000001,438.0,390.375,245.58333333333331,19.3,41.4,68.0,55.0,0.8,4.972133,0.0,9.4,21.44444443,34.45,34.15,33.4,33.31666666666667,34.05,-12.662444473333334,-0.1499999700000032,-0.2919999999999998,9.340666666666666,9.158,21.57345678888889,9.201333333333332,6.49454,6.6312447,6.3077836,5.870079,6.3982677,0,1.0,0,0.75,-0.27,6.5,93.5
2022-10-18 11:15:00,92.565741672222,55.769158027778,55.7786021,21.44444443,9.158,34.05,1,5.1764362714980825,70.66250196097344,11,1,10,0.258819045102521,-0.9659258262890682,0.7818314824680298,0.6234898018587336,-0.8660254037844386,0.5000000000000001,445.5,416.0625,278.6666666666667,19.6,43.025,68.0,56.0,1.075,5.0625353,0.025,9.4,21.072222196666665,34.03333333333333,34.45,34.15,33.4,34.46666666666667,-12.286444429999998,-0.2666667100000026,0.1093333333333337,9.048666666666666,9.154,21.672222226666666,9.182444444444444,6.3982677,6.49454,6.6312447,6.3077836,6.338275,0,1.0,0,0.75,-0.33,7.3,92.7
2022-10-18 11:30:00,96.482251688888,42.293863744444,42.300252372222,21.072222196666665,9.154,34.46666666666667,1,5.1764362714980825,70.66250196097344,11,1,10,0.258819045102521,-0.9659258262890682,0.7818314824680298,0.6234898018587336,-0.8660254037844386,0.5000000000000001,453.0,435.6875,309.6666666666667,19.9,44.65,68.0,57.0,1.35,5.1529374,0.05,9.4,20.81111111,34.05,34.03333333333333,34.45,34.15,34.85,-11.918222196666663,-0.372222233333332,-0.0039999999999995,9.158,9.134666666666666,21.409259255555558,9.12022222222222,6.338275,6.3982677,6.49454,6.6312447,6.312232,0,0.0,0,1.0,-0.42,8.6,91.4
2022-10-18 11:45:00,65.544600377776,0.0,0.0,20.81111111,9.134666666666666,34.85,0,5.1764362714980825,70.66250196097344,11,1,10,0.258819045102521,-0.9659258262890682,0.7818314824680298,0.6234898018587336,-0.8660254037844386,0.5000000000000001,460.5,449.25,338.5833333333333,20.2,46.275,68.0,58.0,1.625,5.24334,0.075,9.4,20.56111109,34.46666666666667,34.05,34.03333333333333,34.45,35.0,-11.676444443333336,-0.2611110866666628,-0.0193333333333338,9.154,9.178666666666668,21.109259245555556,9.148888888888887,6.312232,6.338275,6.3982677,6.49454,6.2477612,1,1.0,1,0.75,-0.48,9.7,90.3
2022-10-18 12:00:00,92.740734705554,55.926373988888,55.934151444444,20.56111109,9.178666666666668,35.0,1,5.1764362714980825,70.66250196097344,12,1,10,1.2246467991473532e-16,-1.0,0.7818314824680298,0.6234898018587336,-0.8660254037844386,0.5000000000000001,468.0,456.75,365.4166666666667,20.5,47.9,68.0,59.0,1.9,5.3337417,0.1,9.4,20.32222222,34.85,34.46666666666667,34.05,34.03333333333333,35.35,-11.382444423333334,-0.2500000200000016,0.0440000000000004,9.134666666666666,9.341333333333331,20.81481479888889,9.155777777777775,6.2477612,6.312232,6.338275,6.3982677,6.222881,0,1.0,1,0.75,-0.53,11.0,89.0
2022-10-18 12:15:00,95.87088726111,55.381395755556,55.389728755556,20.32222222,9.341333333333331,35.35,1,5.1764362714980825,70.66250196097344,12,1,10,1.2246467991473532e-16,-1.0,0.7818314824680298,0.6234898018587336,-0.8660254037844386,0.5000000000000001,443.5,456.25,386.7708333333333,19.35,47.275,62.5,58.5,1.875,5.3223405,0.1,9.5,20.205555556666663,35.0,34.85,34.46666666666667,34.05,35.5,-10.980888886666667,-0.2388888700000002,0.1626666666666665,9.178666666666668,9.853333333333332,20.564814806666668,9.218222222222222,6.222881,6.2477612,6.312232,6.338275,6.2068257,0,1.0,0,0.75,-0.59,12.2,87.8
2022-10-18 12:30:00,115.76842449445,55.855821244444,55.860543338886,20.205555556666663,9.853333333333332,35.5,1,5.1764362714980825,70.66250196097344,12,1,10,1.2246467991473532e-16,-1.0,0.7818314824680298,0.6234898018587336,-0.8660254037844386,0.5000000000000001,419.0,447.75,402.6458333333333,18.2,46.65,57.0,58.0,1.85,5.3105474,0.1,9.6,20.12777778,35.35,35.0,34.85,34.46666666666667,35.55,-10.35222222333333,-0.116666663333337,0.5120000000000005,9.341333333333331,9.734666666666667,20.36296295555556,9.457777777777777,6.2068257,6.222881,6.2477612,6.312232,6.187361,0,1.0,0,0.75,-0.61,12.9,87.1
2022-10-18 12:45:00,525.09343983889,56.935778011112,56.944666555556,20.12777778,9.734666666666667,35.55,1,5.1764362714980825,70.66250196097344,12,1,10,1.2246467991473532e-16,-1.0,0.7818314824680298,0.6234898018587336,-0.8660254037844386,0.5000000000000001,394.5,431.25,413.0416666666667,17.05,46.025,51.5,57.5,1.825,5.2983594,0.1,9.7,20.09074075,35.5,35.35,35.0,34.85,36.333333333333336,-10.393111113333331,-0.0777777766666645,-0.118666666666666,9.853333333333332,9.665333333333333,20.21851851888889,9.64311111111111,6.187361,6.2068257,6.222881,6.2477612,6.3100095,0,0.0,0,1.0,-0.63,13.3,86.7
2022-10-18 13:00:00,106.29130376111,57.838519666668,57.847408194446,20.09074075,9.665333333333333,36.333333333333336,1,5.1764362714980825,70.66250196097344,13,1,10,-0.2588190451025208,-0.9659258262890684,0.7818314824680298,0.6234898018587336,-0.8660254037844386,0.5000000000000001,370.0,406.75,417.9583333333333,15.9,45.4,46.0,57.0,1.8,5.285773,0.1,9.8,20.01666668,35.55,35.5,35.35,35.0,37.35,-10.425407416666667,-0.0370370299999969,-0.0693333333333345,9.734666666666667,9.928,20.141358028888888,9.75111111111111,6.3100095,6.187361,6.2068257,6.222881,6.45851,0,0.0,0,1.0,-0.63,13.4,86.6
2022-10-18 13:15:00,97.779144377772,58.281279805554,58.289890577776,20.01666668,9.928,37.35,1,5.1764362714980825,70.66250196097344,13,1,10,-0.2588190451025208,-0.9659258262890684,0.7818314824680298,0.6234898018587336,-0.8660254037844386,0.5000000000000001,396.0,394.875,422.3958333333333,15.7,44.05,59.5,56.5,1.9,5.331637,0.1,10.075,20.0,36.333333333333336,35.55,35.5,35.35,37.5,-10.08866668,-0.0740740700000017,0.2626666666666661,9.665333333333333,10.125333333333334,20.07839507,9.776,6.45851,6.3100095,6.187361,6.2068257,6.4781218,0,0.0,0,1.0,-0.65,13.7,86.3
2022-10-18 13:30:00,95.210635888888,58.2943348,58.303501033336,20.0,10.125333333333334,37.5,1,5.1764362714980825,70.66250196097344,13,1,10,-0.2588190451025208,-0.9659258262890684,0.7818314824680298,0.6234898018587336,-0.8660254037844386,0.5000000000000001,422.0,395.625,426.3541666666667,15.5,42.7,73.0,56.0,2.0,5.3772693,0.1,10.35,19.966666640000003,37.35,36.333333333333336,35.55,35.5,37.5,-9.874666666666666,-0.0166666800000001,0.1973333333333347,9.928,9.918666666666669,20.035802476666667,9.90622222222222,6.4781218,6.45851,6.3100095,6.187361,6.4654875,0,0.0,0,1.0,-0.65,13.8,86.2
2022-10-18 13:45:00,116.538393894442,58.219893344444,58.22739306111,19.966666640000003,9.918666666666669,37.5,1,5.1764362714980825,70.66250196097344,13,1,10,-0.2588190451025208,-0.9659258262890684,0.7818314824680298,0.6234898018587336,-0.8660254037844386,0.5000000000000001,448.0,409.0,429.8333333333333,15.3,41.35,86.5,55.5,2.1,5.4226475,0.1,10.625,19.975925906666664,37.5,37.35,36.333333333333336,35.55,37.5,-10.047999973333336,-0.0333333599999967,-0.206666666666667,10.125333333333334,10.103333333333332,19.99444444,9.990666666666666,6.4654875,6.4781218,6.45851,6.3100095,6.468996,0,0.0,0,1.0,-0.66,14.0,86.0
2022-10-18 14:00:00,104.907192577772,58.365998616666,58.375164916666,19.975925906666664,10.103333333333332,37.5,1,5.1764362714980825,70.66250196097344,14,1,10,-0.4999999999999997,-0.8660254037844388,0.7818314824680298,0.6234898018587336,-0.8660254037844386,0.5000000000000001,474.0,435.0,432.8333333333333,15.1,40.0,100.0,55.0,2.2,5.467755,0.1,10.9,19.9444444,37.5,37.5,37.35,36.333333333333336,37.55,-9.87259257333333,0.0092592666666604,0.1846666666666667,9.918666666666669,9.947333333333336,19.980864182222223,10.04911111111111,6.468996,6.4654875,6.4781218,6.45851,6.4656863,0,0.0,0,1.0,-0.65,14.0,86.0
2022-10-18 14:15:00,100.02322099445,58.236559327778,58.245447872222,19.9444444,9.947333333333336,37.55,1,5.1764362714980825,70.66250196097344,14,1,10,-0.4999999999999997,-0.8660254037844388,0.7818314824680298,0.6234898018587336,-0.8660254037844386,0.5000000000000001,418.25,440.5625,430.5625,15.05,39.275,95.0,54.5,1.9250000000000005,5.3586364,0.1,10.725,19.9444444,37.5,37.5,37.5,37.35,37.96666666666667,-9.997111066666664,-0.0314815066666653,-0.1559999999999988,10.103333333333332,9.849333333333334,19.96234564888889,9.989777777777778,6.4656863,6.468996,6.4654875,6.4781218,6.5374317,0,0.0,0,1.0,-0.66,14.2,85.8
2022-10-18 14:30:00,101.82370472222,58.725706411112,58.733483866668,19.9444444,9.849333333333334,37.96666666666667,1,5.1764362714980825,70.66250196097344,14,1,10,-0.4999999999999997,-0.8660254037844388,0.7818314824680298,0.6234898018587336,-0.8660254037844386,0.5000000000000001,362.5,425.6875,423.0208333333333,15.0,38.55,90.0,54.0,1.65,5.251172,0.1,10.55,19.96666663,37.55,37.5,37.5,37.5,37.95,-10.095111066666664,0.0,-0.0980000000000007,9.947333333333336,10.452666666666666,19.95493823555556,9.966666666666669,6.5374317,6.4656863,6.468996,6.4654875,6.5430737,0,0.0,0,1.0,-0.66,14.1,85.9
2022-10-18 14:45:00,101.223450916666,58.6026558,58.6126554,19.96666663,10.452666666666666,37.95,1,5.1764362714980825,70.66250196097344,14,1,10,-0.4999999999999997,-0.8660254037844388,0.7818314824680298,0.6234898018587336,-0.8660254037844386,0.5000000000000001,306.75,390.375,410.2083333333333,14.95,37.825,85.0,53.5,1.375,5.14534,0.1,10.375,20.15185188,37.96666666666667,37.55,37.5,37.5,37.53333333333333,-9.513999963333331,0.0222222300000005,0.6033333333333317,9.849333333333334,10.638666666666666,19.95185181,10.08311111111111,6.5430737,6.5374317,6.4656863,6.468996,6.541759,0,0.0,0,1.0,-0.65,14.0,86.0
2022-10-18 15:00:00,96.632523561106,35.402750516666,35.409416949998,20.15185188,10.638666666666666,37.53333333333333,1,5.1764362714980825,70.66250196097344,15,1,10,-0.7071067811865471,-0.7071067811865479,0.7818314824680298,0.6234898018587336,-0.8660254037844386,0.5000000000000001,251.0,334.625,392.125,14.9,37.1,80.0,53.0,1.1,5.041121,0.1,10.2,20.11666667,37.95,37.96666666666667,37.55,37.5,37.5,-9.513185213333331,0.1851852499999999,0.1859999999999999,10.452666666666666,9.882,20.020987636666664,10.313555555555554,6.541759,6.5430737,6.5374317,6.4656863,6.5225105,0,0.0,0,1.0,-0.61,12.9,87.1
2022-10-18 15:15:00,61.492540249998,19.68615693889,19.689490172222,20.11666667,9.882,37.5,1,5.1764362714980825,70.66250196097344,15,1,10,-0.7071067811865471,-0.7071067811865479,0.7818314824680298,0.6234898018587336,-0.8660254037844386,0.5000000000000001,239.5,289.9375,375.125,13.525,36.375,66.75,53.5,1.175,5.0725913,0.075,10.15,20.00740740666667,37.53333333333333,37.95,37.96666666666667,37.55,37.5,-10.234666669999998,-0.0351852100000016,-0.7566666666666659,10.638666666666666,9.734666666666667,20.07839506,10.324444444444444,6.5225105,6.541759,6.5430737,6.5374317,6.4809337,0,0.0,0,1.0,-0.62,13.1,86.9
2022-10-18 15:30:00,100.769857994442,54.230608488888,54.236719377776,20.00740740666667,9.734666666666667,37.5,1,5.1764362714980825,70.66250196097344,15,1,10,-0.7071067811865471,-0.7071067811865479,0.7818314824680298,0.6234898018587336,-0.8660254037844386,0.5000000000000001,228.0,256.3125,359.2083333333333,12.15,35.650000000000006,53.5,54.0,1.25,5.103804,0.05,10.1,20.03888892,37.5,37.53333333333333,37.95,37.96666666666667,37.85,-10.27274074,-0.1092592633333282,-0.1473333333333322,9.882,9.612666666666666,20.09197531888889,10.085111111111113,6.4809337,6.5225105,6.541759,6.5430737,6.553491,0,0.0,0,1.0,-0.65,13.8,86.2
2022-10-18 15:45:00,104.802474283338,55.257789583334,55.265289283334,20.03888892,9.612666666666666,37.85,1,5.1764362714980825,70.66250196097344,15,1,10,-0.7071067811865471,-0.7071067811865479,0.7818314824680298,0.6234898018587336,-0.8660254037844386,0.5000000000000001,216.5,233.75,344.375,10.775,34.925000000000004,40.25,54.5,1.325,5.134763,0.0249999999999999,10.05,20.03518521333333,37.5,37.5,37.53333333333333,37.95,38.0,-10.426222253333332,0.031481513333329,-0.1220000000000016,9.734666666666667,9.890666666666666,20.054320998888887,9.74311111111111,6.553491,6.4809337,6.5225105,6.541759,6.578035,0,0.0,0,1.0,-0.64,13.5,86.5
2022-10-18 16:00:00,110.198091916666,55.83137773889,55.839155244444,20.03518521333333,9.890666666666666,38.0,1,5.1764362714980825,70.66250196097344,16,1,10,-0.8660254037844385,-0.5000000000000004,0.7818314824680298,0.6234898018587336,-0.8660254037844386,0.5000000000000001,205.0,222.25,330.625,9.4,34.2,27.0,55.0,1.4,5.165467,0.0,10.0,20.0,37.85,37.5,37.5,37.53333333333333,38.0,-10.144518546666664,-0.0037037066666663,0.2780000000000004,9.612666666666666,10.175333333333333,20.02716051333333,9.746,6.578035,6.553491,6.4809337,6.5225105,6.564497,0,0.0,0,1.0,-0.64,13.5,86.5
2022-10-18 16:15:00,107.267098094442,56.671066416666,56.679399449998,20.0,10.175333333333333,38.0,1,5.1764362714980825,70.66250196097344,16,1,10,-0.8660254037844385,-0.5000000000000004,0.7818314824680298,0.6234898018587336,-0.8660254037844386,0.5000000000000001,210.25,214.9375,315.1458333333333,10.225,32.675000000000004,35.0,56.25,1.5,5.2079444,0.0,9.775,20.0,38.0,37.85,37.5,37.5,37.81666666666667,-9.824666666666667,-0.0351852133333316,0.2846666666666664,9.890666666666666,10.282666666666668,20.02469137777777,9.892888888888889,6.564497,6.578035,6.553491,6.4809337,6.532826,0,0.0,0,1.0,-0.65,13.7,86.3
2022-10-18 16:30:00,100.395983966668,57.753523083334,57.7618561,20.0,10.282666666666668,37.81666666666667,1,5.1764362714980825,70.66250196097344,16,1,10,-0.8660254037844385,-0.5000000000000004,0.7818314824680298,0.6234898018587336,-0.8660254037844386,0.5000000000000001,215.5,211.8125,297.9375,11.05,31.15,43.0,57.5,1.6,5.24804,0.0,9.55,20.0,38.0,38.0,37.85,37.5,37.5,-9.717333333333332,0.0,0.1073333333333348,10.175333333333333,10.744,20.011728404444444,10.116222222222222,6.532826,6.564497,6.578035,6.553491,6.4781218,0,0.0,0,1.0,-0.65,13.8,86.2
2022-10-18 16:45:00,95.118695116666,58.267391427778,58.275168883334,20.0,10.744,37.5,1,5.1764362714980825,70.66250196097344,16,1,10,-0.8660254037844385,-0.5000000000000004,0.7818314824680298,0.6234898018587336,-0.8660254037844386,0.5000000000000001,220.75,212.875,279.0,11.875,29.625,51.0,58.75,1.7,5.2858067,0.0,9.325,20.0,37.81666666666667,38.0,38.0,37.85,37.5,-9.256,0.0,0.4613333333333322,10.282666666666668,10.606,20.0,10.400666666666666,6.4781218,6.532826,6.564497,6.578035,6.4781218,0,0.0,0,1.0,-0.65,13.8,86.2
2022-10-18 17:00:00,117.656404705554,62.181679283334,62.189734544444,20.0,10.606,37.5,1,5.1764362714980825,70.66250196097344,17,1,10,-0.9659258262890684,-0.2588190451025206,0.7818314824680298,0.6234898018587336,-0.8660254037844386,0.5000000000000001,226.0,218.125,258.3333333333333,12.7,28.1,59.0,60.0,1.8,5.321296,0.0,9.1,19.99444444,37.5,37.81666666666667,38.0,38.0,37.5,-9.394,0.0,-0.1379999999999999,10.744,10.512,20.0,10.544222222222222,6.4781218,6.4781218,6.532826,6.564497,6.4760146,0,0.0,0,1.0,-0.65,13.8,86.2
2022-10-18 17:15:00,58.038789622216,0.0,0.0,19.99444444,10.512,37.5,0,5.1764362714980825,70.66250196097344,17,1,10,-0.9659258262890684,-0.2588190451025206,0.7818314824680298,0.6234898018587336,-0.8660254037844386,0.5000000000000001,185.75,212.0,238.95833333333331,12.025,28.1,47.5,62.75,1.975,5.424541,0.0,8.7,19.90740737,37.5,37.5,37.81666666666667,38.0,37.5,-9.482444439999998,-0.0055555600000012,-0.0939999999999994,10.606,10.342,19.998148146666665,10.620666666666668,6.4760146,6.4781218,6.4781218,6.532826,6.44308,1,1.0,1,0.75,-0.65,13.9,86.1
2022-10-18 17:30:00,91.785217294446,53.360921044444,53.369254027778,19.90740737,10.342,37.5,1,5.1764362714980825,70.66250196097344,17,1,10,-0.9659258262890684,-0.2588190451025206,0.7818314824680298,0.6234898018587336,-0.8660254037844386,0.5000000000000001,145.5,194.5,220.875,11.35,28.1,36.0,65.5,2.15,5.5187063,0.0,8.3,19.8333333,37.5,37.5,37.5,37.81666666666667,37.5,-9.565407369999996,-0.0870370700000009,-0.1699999999999999,10.512,9.722666666666669,19.967283936666664,10.486666666666666,6.44308,6.4760146,6.4781218,6.4781218,6.415166,0,1.0,1,0.75,-0.67,14.4,85.6
2022-10-18 17:45:00,101.589547438886,55.0461314,55.055019994442,19.8333333,9.722666666666669,37.5,1,5.1764362714980825,70.66250196097344,17,1,10,-0.9659258262890684,-0.2588190451025206,0.7818314824680298,0.6234898018587336,-0.8660254037844386,0.5000000000000001,105.25,165.625,204.08333333333331,10.675,28.1,24.5,68.25,2.325,5.604138,0.0,7.9,19.8333333,37.5,37.5,37.5,37.5,37.5,-10.110666633333333,-0.0740740699999982,-0.6193333333333335,10.342,9.517142857142858,19.91172837,10.192222222222222,6.415166,6.44308,6.4760146,6.4781218,6.415166,0,1.0,0,0.75,-0.69,14.9,85.1
2022-10-18 18:00:00,89.796407866672,51.972087683334,51.980420683334,19.8333333,9.517142857142858,37.5,1,5.1764362714980825,70.66250196097344,18,1,10,-1.0,-1.8369701987210294e-16,0.7818314824680298,0.6234898018587336,-0.8660254037844386,0.5000000000000001,65.0,125.375,188.58333333333331,10.0,28.1,13.0,71.0,2.5,5.6811705,0.0,7.5,19.8333333,37.5,37.5,37.5,37.5,37.5,-10.316190442857142,0.0,-0.2055238095238092,9.722666666666669,9.5,19.858024656666664,9.860603174603176,6.415166,6.415166,6.44308,6.4760146,6.415166,0,1.0,0,0.75,-0.69,14.9,85.1
2022-10-18 18:15:00,115.544266977776,57.122159472222,57.130492505554,19.8333333,9.5,37.5,1,5.1764362714980825,70.66250196097344,18,1,10,-1.0,-1.8369701987210294e-16,0.7818314824680298,0.6234898018587336,-0.8660254037844386,0.5000000000000001,49.25,91.25,172.72916666666666,10.325,26.200000000000003,27.25,71.75,2.325,5.6032877,0.0,7.125,19.8333333,37.5,37.5,37.5,37.5,37.5,-10.3333333,0.0,-0.0171428571428577,9.517142857142858,9.396,19.8333333,9.579936507936509,6.415166,6.415166,6.415166,6.44308,6.415166,0,0.0,0,1.0,-0.69,14.9,85.1
2022-10-18 18:30:00,292.6682928,58.095731627778,58.103786855556,19.8333333,9.396,37.5,1,5.1764362714980825,70.66250196097344,18,1,10,-1.0,-1.8369701987210294e-16,0.7818314824680298,0.6234898018587336,-0.8660254037844386,0.5000000000000001,33.5,63.25,156.52083333333334,10.65,24.3,41.5,72.5,2.15,5.5254536,0.0,6.75,19.8333333,37.5,37.5,37.5,37.5,37.5,-10.4373333,0.0,-0.1040000000000009,9.5,9.299333333333331,19.8333333,9.47104761904762,6.415166,6.415166,6.415166,6.415166,6.415166,0,0.0,0,1.0,-0.69,14.9,85.1
2022-10-18 18:45:00,260.508468227774,58.006568544444,58.015734877776,19.8333333,9.299333333333331,37.5,1,5.1764362714980825,70.66250196097344,18,1,10,-1.0,-1.8369701987210294e-16,0.7818314824680298,0.6234898018587336,-0.8660254037844386,0.5000000000000001,17.75,41.375,139.95833333333334,10.975,22.4,55.75,73.25,1.975,5.447707,0.0,6.375,19.8333333,37.5,37.5,37.5,37.5,37.5,-10.533999966666666,0.0,-0.0966666666666657,9.396,9.196666666666664,19.8333333,9.398444444444443,6.415166,6.415166,6.415166,6.415166,6.415166,0,0.0,0,1.0,-0.69,14.9,85.1
2022-10-18 19:00:00,105.05857523889,57.972958772222,57.979625155556,19.8333333,9.196666666666664,37.5,1,5.1764362714980825,70.66250196097344,19,1,10,-0.9659258262890684,0.2588190451025203,0.7818314824680298,0.6234898018587336,-0.8660254037844386,0.5000000000000001,2.0,25.625,123.04166666666669,11.3,20.5,70.0,74.0,1.8,5.3700843,0.0,6.0,19.87222222,37.5,37.5,37.5,37.5,37.85,-10.636666633333334,0.0,-0.1026666666666678,9.299333333333331,9.190666666666669,19.8333333,9.297333333333333,6.415166,6.415166,6.415166,6.415166,6.4898195,0,0.0,0,1.0,-0.69,14.9,85.1
2022-10-18 19:15:00,112.575774655552,58.3734983,58.381275772222,19.87222222,9.190666666666669,37.85,1,5.1764362714980825,70.66250196097344,19,1,10,-0.9659258262890684,0.2588190451025203,0.7818314824680298,0.6234898018587336,-0.8660254037844386,0.5000000000000001,1.5,13.6875,105.64583333333331,11.425,20.675,68.75,75.5,1.875,5.4164133,0.0,5.825,19.8888889,37.5,37.5,37.5,37.5,38.0,-10.681555553333334,0.0388889200000015,-0.0059999999999984,9.196666666666664,9.152,19.846296273333333,9.228888888888887,6.4898195,6.415166,6.415166,6.415166,6.521907,0,0.0,0,1.0,-0.68,14.6,85.4
2022-10-18 19:30:00,101.81148296111,58.4343292,58.442106655556,19.8888889,9.152,38.0,1,5.1764362714980825,70.66250196097344,19,1,10,-0.9659258262890684,0.2588190451025203,0.7818314824680298,0.6234898018587336,-0.8660254037844386,0.5000000000000001,1.0,5.5625,87.77083333333333,11.55,20.85,67.5,77.0,1.95,5.460896,0.0,5.65,19.92777775,37.85,37.5,37.5,37.5,38.0,-10.736888900000002,0.0166666800000001,-0.0386666666666677,9.190666666666669,8.845333333333334,19.86481480666667,9.179777777777778,6.521907,6.4898195,6.415166,6.415166,6.5367875,0,0.0,0,1.0,-0.67,14.5,85.5
2022-10-18 19:45:00,103.686963488888,58.408219144444,58.416274405554,19.92777775,8.845333333333334,38.0,1,5.1764362714980825,70.66250196097344,19,1,10,-0.9659258262890684,0.2588190451025203,0.7818314824680298,0.6234898018587336,-0.8660254037844386,0.5000000000000001,0.5,1.25,69.41666666666667,11.675,21.025,66.25,78.5,2.025,5.5035634,0.0,5.475,19.92407405,38.0,37.85,37.5,37.5,38.0,-11.082444416666666,0.0388888499999993,-0.3066666666666648,9.152,8.447333333333333,19.89629629,9.062666666666669,6.5367875,6.521907,6.4898195,6.415166,6.535367,0,0.0,0,1.0,-0.66,14.2,85.8
2022-10-18 20:00:00,95.425071711112,58.47571646111,58.483216144444,19.92407405,8.447333333333333,38.0,1,5.1764362714980825,70.66250196097344,20,1,10,-0.8660254037844386,0.5000000000000001,0.7818314824680298,0.6234898018587336,-0.8660254037844386,0.5000000000000001,0.0,0.75,50.583333333333336,11.8,21.2,65.0,80.0,2.1,5.544446,0.0,5.3,19.92777775,38.0,38.0,37.85,37.5,38.35,-11.476740716666663,-0.0037037000000026,-0.3980000000000014,8.845333333333334,8.149333333333333,19.91358023333333,8.814888888888888,6.535367,6.5367875,6.521907,6.4898195,6.596994,0,0.0,0,1.0,-0.66,14.2,85.8
2022-10-18 20:15:00,115.841477305554,58.6509872,58.657375844444,19.92777775,8.149333333333333,38.35,1,5.1764362714980825,70.66250196097344,20,1,10,-0.8660254037844386,0.5000000000000001,0.7818314824680298,0.6234898018587336,-0.8660254037844386,0.5000000000000001,0.0,0.375,35.104166666666664,11.725,21.2,48.75,80.0,2.075,5.5261984,0.0,5.25,19.92407405,38.0,38.0,38.0,37.85,38.5,-11.778444416666668,0.0037037000000026,-0.298,8.447333333333333,8.016,19.926543183333333,8.480666666666666,6.596994,6.535367,6.5367875,6.521907,6.6213584,0,0.0,0,1.0,-0.66,14.2,85.8
2022-10-18 20:30:00,99.757676266664,0.0,0.0,19.92407405,8.016,38.5,0,5.1764362714980825,70.66250196097344,20,1,10,-0.8660254037844386,0.5000000000000001,0.7818314824680298,0.6234898018587336,-0.8660254037844386,0.5000000000000001,0.0,0.125,22.979166666666668,11.65,21.2,32.5,80.0,2.05,5.5080037,0.0,5.199999999999999,19.805555570000003,38.35,38.0,38.0,38.0,38.5,-11.908074049999998,-0.0037037000000026,-0.1333333333333328,8.149333333333333,8.012,19.925308616666666,8.20422222222222,6.6213584,6.596994,6.535367,6.5367875,6.5755177,1,1.0,1,0.75,-0.66,14.2,85.8
2022-10-18 20:45:00,113.638232088888,38.0409783,38.065699594442,19.805555570000003,8.012,38.5,1,5.1764362714980825,70.66250196097344,20,1,10,-0.8660254037844386,0.5000000000000001,0.7818314824680298,0.6234898018587336,-0.8660254037844386,0.5000000000000001,0.0,0.0,14.208333333333334,11.575,21.2,16.25,80.0,2.025,5.489862,0.0,5.15,19.725925906666667,38.5,38.35,38.0,38.0,38.5,-11.793555570000002,-0.1185184799999952,-0.0039999999999995,8.016,7.869333333333333,19.885802456666667,8.05911111111111,6.5755177,6.6213584,6.596994,6.535367,6.5448704,0,1.0,1,0.75,-0.69,14.9,85.1
2022-10-18 21:00:00,132.42136958333398,55.074185827778,55.097240455556,19.725925906666667,7.869333333333333,38.5,1,5.1764362714980825,70.66250196097344,21,1,10,-0.7071067811865477,0.7071067811865474,0.7818314824680298,0.6234898018587336,-0.8660254037844386,0.5000000000000001,0.0,0.0,8.791666666666666,11.5,21.2,0.0,80.0,2.0,5.471771,0.0,5.1,19.76666667,38.5,38.5,38.35,38.0,38.45,-11.856592573333334,-0.0796296633333355,-0.1426666666666678,8.012,7.568,19.81851850888889,7.965777777777777,6.5448704,6.5755177,6.6213584,6.596994,6.5520144,0,1.0,0,0.75,-0.71,15.5,84.5
2022-10-18 21:15:00,685.863953377772,56.405799227778,56.430798244444,19.76666667,7.568,38.45,1,5.1764362714980825,70.66250196097344,21,1,10,-0.7071067811865477,0.7071067811865474,0.7818314824680298,0.6234898018587336,-0.8660254037844386,0.5000000000000001,0.0,0.0,4.6875,11.35,21.3,0.0,80.5,1.95,5.4516745,0.0,4.949999999999999,19.8296296,38.5,38.5,38.5,38.35,38.03333333333333,-12.19866667,0.0407407633333321,-0.301333333333333,7.869333333333333,7.547333333333333,19.766049382222224,7.816444444444444,6.5520144,6.5448704,6.5755177,6.6213584,6.5049915,0,1.0,0,0.75,-0.7,15.2,84.8
2022-10-18 21:30:00,1005.126460133328,18.330100116666,18.353988027778,19.8296296,7.547333333333333,38.03333333333333,1,5.1764362714980825,70.66250196097344,21,1,10,-0.7071067811865477,0.7071067811865474,0.7818314824680298,0.6234898018587336,-0.8660254037844386,0.5000000000000001,0.0,0.0,1.8958333333333333,11.2,21.4,0.0,81.0,1.9,5.431376,0.0,4.8,19.78333334,38.45,38.5,38.5,38.5,38.05,-12.282296266666664,0.0629629299999976,-0.020666666666667,7.568,7.420666666666666,19.77407405888889,7.661555555555554,6.5049915,6.5520144,6.5448704,6.5755177,6.4901958,0,0.0,0,1.0,-0.68,14.9,85.1
2022-10-18 21:45:00,115.048453444444,26.771984677776,26.792261666664,19.78333334,7.420666666666666,38.05,1,5.1764362714980825,70.66250196097344,21,1,10,-0.7071067811865477,0.7071067811865474,0.7818314824680298,0.6234898018587336,-0.8660254037844386,0.5000000000000001,0.0,0.0,0.4166666666666667,11.05,21.5,0.0,81.5,1.85,5.4108796,0.0,4.65,19.67407410666667,38.03333333333333,38.45,38.5,38.5,38.65,-12.362666673333337,-0.0462962599999947,-0.126666666666666,7.547333333333333,7.298666666666667,19.79320987,7.511999999999998,6.4901958,6.5049915,6.5520144,6.5448704,6.550404,0,0.0,0,1.0,-0.7,15.2,84.8
2022-10-18 22:00:00,106.929889250002,54.345881627778,54.358936655556,19.67407410666667,7.298666666666667,38.65,1,5.1764362714980825,70.66250196097344,22,1,10,-0.5000000000000004,0.8660254037844384,0.7818314824680298,0.6234898018587336,-0.8660254037844386,0.5000000000000001,0.0,0.0,0.25,10.9,21.6,0.0,82.0,1.8,5.3901906,0.0,4.5,19.67222225,38.05,38.03333333333333,38.45,38.5,39.4,-12.375407440000004,-0.1092592333333328,-0.1219999999999998,7.420666666666666,7.193333333333333,19.76234568222222,7.422222222222222,6.550404,6.4901958,6.5049915,6.5520144,6.676789,0,0.0,0,1.0,-0.72,15.8,84.2
2022-10-18 22:15:00,121.946233188884,55.596664944444,55.614719872218,19.67222225,7.193333333333333,39.4,1,5.1764362714980825,70.66250196097344,22,1,10,-0.5000000000000004,0.8660254037844384,0.7818314824680298,0.6234898018587336,-0.8660254037844386,0.5000000000000001,0.0,0.0,0.125,10.775,21.15,0.0,82.5,1.75,5.3782387,0.0,4.375,19.738888886666665,38.65,38.05,38.03333333333333,38.45,39.96666666666667,-12.478888916666667,-0.0018518566666685,-0.1053333333333332,7.298666666666667,6.962666666666666,19.70987656555556,7.304222222222221,6.676789,6.550404,6.4901958,6.5049915,6.799371,0,0.0,0,1.0,-0.71,15.7,84.3
2022-10-18 22:30:00,124.4183564,57.352150272222005,57.365483088888,19.738888886666665,6.962666666666666,39.96666666666667,1,5.1764362714980825,70.66250196097344,22,1,10,-0.5000000000000004,0.8660254037844384,0.7818314824680298,0.6234898018587336,-0.8660254037844386,0.5000000000000001,0.0,0.0,0.0416666666666666,10.65,20.700000000000003,0.0,83.0,1.7000000000000002,5.3660707,0.0,4.25,19.81666665,39.4,38.65,38.05,38.03333333333333,39.95,-12.776222219999998,0.0666666366666639,-0.230666666666667,7.193333333333333,6.9366666666666665,19.695061747777785,7.1515555555555546,6.799371,6.676789,6.550404,6.4901958,6.8276143,0,0.0,0,1.0,-0.7,15.2,84.8
2022-10-18 22:45:00,104.775531011112,58.040456088888,58.050733427778,19.81666665,6.9366666666666665,39.95,1,5.1764362714980825,70.66250196097344,22,1,10,-0.5000000000000004,0.8660254037844384,0.7818314824680298,0.6234898018587336,-0.8660254037844386,0.5000000000000001,0.0,0.0,0.0,10.525,20.25,0.0,83.5,1.65,5.3536897,0.0,4.125,19.8333333,39.96666666666667,39.4,38.65,38.05,39.35,-12.879999983333333,0.0777777633333336,-0.0259999999999998,6.962666666666666,6.374,19.742592595555557,7.030888888888889,6.8276143,6.799371,6.676789,6.550404,6.7316465,0,0.0,0,1.0,-0.68,14.6,85.4
2022-10-18 23:00:00,123.318955861114,58.5026598,58.513492683334,19.8333333,6.374,39.35,1,5.1764362714980825,70.66250196097344,23,1,10,-0.2588190451025215,0.965925826289068,0.7818314824680298,0.6234898018587336,-0.8660254037844386,0.5000000000000001,0.0,0.0,0.0,10.4,19.8,0.0,84.0,1.6,5.341099,0.0,4.0,19.8333333,39.95,39.96666666666667,39.4,38.65,38.94642857142857,-13.4593333,0.0166666500000012,-0.5626666666666669,6.9366666666666665,6.112142857142857,19.796296278888885,6.757777777777776,6.7316465,6.8276143,6.799371,6.676789,6.6626077,0,0.0,0,1.0,-0.68,14.6,85.4
2022-10-18 23:15:00,105.529667661106,54.781975316666,54.790586088888,19.8333333,6.112142857142857,38.94642857142857,1,5.1764362714980825,70.66250196097344,23,1,10,-0.2588190451025215,0.965925826289068,0.7818314824680298,0.6234898018587336,-0.8660254037844386,0.5000000000000001,0.0,0.0,0.0,10.425,19.525,0.0,84.0,1.475,5.2967753,0.0,3.875,19.8333333,39.35,39.95,39.96666666666667,39.4,38.35,-13.721190442857145,0.0,-0.261857142857143,6.374,6.138,19.82777775,6.47426984126984,6.6626077,6.7316465,6.8276143,6.799371,6.5605755,0,0.0,0,1.0,-0.68,14.7,85.3
2022-10-18 23:30:00,122.891750866664,50.919352011112,50.928796066668,19.8333333,6.138,38.35,1,5.1764362714980825,70.66250196097344,23,1,10,-0.2588190451025215,0.965925826289068,0.7818314824680298,0.6234898018587336,-0.8660254037844386,0.5000000000000001,0.0,0.0,0.0,10.45,19.25,0.0,84.0,1.35,5.252773,0.0,3.75,19.81666664,38.94642857142857,39.35,39.95,39.96666666666667,37.95,-13.6953333,0.0,0.0258571428571432,6.112142857142857,6.067333333333334,19.8333333,6.208047619047618,6.5605755,6.6626077,6.7316465,6.8276143,6.4858055,0,0.0,0,1.0,-0.68,14.8,85.2
2022-10-18 23:45:00,66.486507283326,0.0,0.0,19.81666664,6.067333333333334,37.95,0,5.1764362714980825,70.66250196097344,23,1,10,-0.2588190451025215,0.965925826289068,0.7818314824680298,0.6234898018587336,-0.8660254037844386,0.5000000000000001,0.0,0.0,0.0,10.475,18.975,0.0,84.0,1.225,5.209091,0.0,3.625,19.663131325454547,38.35,38.94642857142857,39.35,39.95,37.54545454545455,-13.749333306666667,-0.0166666599999985,-0.0706666666666659,6.138,5.828181818181818,19.827777746666666,6.105825396825396,6.4858055,6.5605755,6.6626077,6.7316465,6.35912,1,1.0,1,0.75,-0.69,15.0,85.0
2022-10-19 00:00:00,72.38988212222,39.513697188888,39.52230796111,19.663131325454547,5.828181818181818,37.54545454545455,1,5.1764362714980825,70.66250196097344,0,2,10,0.0,1.0,0.9749279121818236,-0.2225209339563143,-0.8660254037844386,0.5000000000000001,0.0,0.0,0.0,10.5,18.7,0.0,84.0,1.1,5.165728,0.0,3.5,19.6111111,37.95,38.35,38.94642857142857,39.35,37.5,-13.834949507272729,-0.1535353145454543,-0.2391515151515157,6.067333333333334,5.897857142857143,19.771043755151517,6.011171717171717,6.35912,6.4858055,6.5605755,6.6626077,6.3320465,0,1.0,1,0.75,-0.73,16.1,83.9
2022-10-19 00:15:00,350.55458833889,56.670510855556,56.679954911112,19.6111111,5.897857142857143,37.5,1,5.1764362714980825,70.66250196097344,0,2,10,0.0,1.0,0.9749279121818236,-0.2225209339563143,-0.8660254037844386,0.5000000000000001,0.0,0.0,0.0,10.675,18.975,0.0,84.0,0.95,5.122681,0.0,3.375,19.631481486666665,37.54545454545455,37.95,38.35,38.94642857142857,37.31666666666667,-13.713253957142856,-0.0520202254545481,0.069675324675325,5.828181818181818,5.63,19.69696968848485,5.931124098124098,6.3320465,6.35912,6.4858055,6.5605755,6.308634,0,1.0,0,0.75,-0.74,16.5,83.5
2022-10-19 00:30:00,379.934802033332,24.381802472222,24.390968838886,19.631481486666665,5.63,37.31666666666667,1,5.1764362714980825,70.66250196097344,0,2,10,0.0,1.0,0.9749279121818236,-0.2225209339563143,-0.8660254037844386,0.5000000000000001,0.0,0.0,0.0,10.85,19.25,0.0,84.0,0.8,5.0799484,0.0,3.25,19.58333337,37.5,37.54545454545455,37.95,38.35,37.0,-14.001481486666666,0.0203703866666664,-0.2678571428571432,5.897857142857143,5.394666666666667,19.6352413040404,5.78534632034632,6.308634,6.3320465,6.35912,6.4858055,6.237433,0,1.0,0,0.75,-0.74,16.4,83.6
2022-10-19 00:45:00,98.28384640555,50.91824093889,50.931296,19.58333337,5.394666666666667,37.0,1,5.1764362714980825,70.66250196097344,0,2,10,0.0,1.0,0.9749279121818236,-0.2225209339563143,-0.8660254037844386,0.5000000000000001,0.0,0.0,0.0,11.025,19.525,0.0,84.0,0.65,5.0375276,0.0,3.125,19.503703706666663,37.31666666666667,37.5,37.54545454545455,37.95,37.0,-14.188666703333332,-0.0481481166666668,-0.2353333333333331,5.63,5.3886666666666665,19.608641985555558,5.64084126984127,6.237433,6.308634,6.3320465,6.35912,6.208313,0,0.0,0,1.0,-0.75,16.8,83.2
2022-10-19 01:00:00,110.963894649998,54.888915472222,54.90169276111,19.503703706666663,5.3886666666666665,37.0,1,5.1764362714980825,70.66250196097344,1,2,10,0.2588190451025207,0.9659258262890684,0.9749279121818236,-0.2225209339563143,-0.8660254037844386,0.5000000000000001,0.0,0.0,0.0,11.2,19.8,0.0,84.0,0.5,4.995418,0.0,3.0,19.53888892,37.0,37.31666666666667,37.5,37.54545454545455,36.95,-14.11503704,-0.0796296633333319,-0.0060000000000002,5.394666666666667,4.873333333333333,19.57283952111111,5.47111111111111,6.208313,6.237433,6.308634,6.3320465,6.2127595,0,0.0,0,1.0,-0.77,17.4,82.6
2022-10-19 01:15:00,100.830688994438,55.853321327778,55.867209688888,19.53888892,4.873333333333333,36.95,1,5.1764362714980825,70.66250196097344,1,2,10,0.2588190451025207,0.9659258262890684,0.9749279121818236,-0.2225209339563143,-0.8660254037844386,0.5000000000000001,0.0,0.0,0.0,11.45,20.525,1.25,83.75,0.375,4.9555087,0.0,2.925,19.5555556,37.0,37.0,37.31666666666667,37.5,36.53333333333333,-14.665555586666663,0.0351852133333316,-0.5153333333333334,5.3886666666666665,4.899333333333333,19.541975332222226,5.2188888888888885,6.2127595,6.208313,6.237433,6.308634,6.1487203,0,0.0,0,1.0,-0.76,17.1,82.9
2022-10-19 01:30:00,119.607993272222,56.131088016666,56.14414306111,19.5555556,4.899333333333333,36.53333333333333,1,5.1764362714980825,70.66250196097344,1,2,10,0.2588190451025207,0.9659258262890684,0.9749279121818236,-0.2225209339563143,-0.8660254037844386,0.5000000000000001,0.0,0.0,0.0,11.7,21.25,2.5,83.5,0.25,4.915857,0.0,2.85,19.59444445,36.95,37.0,37.0,37.31666666666667,36.45,-14.656222266666669,0.0166666800000037,0.0259999999999998,4.873333333333333,4.568,19.532716075555555,5.0537777777777775,6.1487203,6.2127595,6.208313,6.237433,6.148727,0,0.0,0,1.0,-0.76,17.1,82.9
2022-10-19 01:45:00,114.315982827774,56.3260802,56.338301944444,19.59444445,4.568,36.45,1,5.1764362714980825,70.66250196097344,1,2,10,0.2588190451025207,0.9659258262890684,0.9749279121818236,-0.2225209339563143,-0.8660254037844386,0.5000000000000001,0.0,0.0,0.0,11.95,21.975,3.75,83.25,0.125,4.8764644,0.0,2.7750000000000004,19.631481486666665,36.53333333333333,36.95,37.0,37.0,36.03333333333333,-15.02644445,0.0388888499999993,-0.3313333333333332,4.899333333333333,4.608666666666666,19.56296299,4.780222222222221,6.148727,6.1487203,6.2127595,6.208313,6.091678,0,0.0,0,1.0,-0.75,16.8,83.2
2022-10-19 02:00:00,101.308169744444,56.819393766668,56.832171055556,19.631481486666665,4.608666666666666,36.03333333333333,1,5.1764362714980825,70.66250196097344,2,2,10,0.4999999999999999,0.8660254037844387,0.9749279121818236,-0.2225209339563143,-0.8660254037844386,0.5000000000000001,0.0,0.0,0.0,12.2,22.7,5.0,83.0,0.0,4.837328,0.0,2.7,19.62777778,36.45,36.53333333333333,36.95,37.0,36.0,-15.02281482,0.0370370366666641,0.0406666666666666,4.568,4.376,19.59382717888889,4.691999999999999,6.091678,6.148727,6.1487203,6.2127595,6.084718,0,0.0,0,1.0,-0.74,16.6,83.4
2022-10-19 02:15:00,107.883740161106,56.309969744444,56.323302577776,19.62777778,4.376,36.0,1,5.1764362714980825,70.66250196097344,2,2,10,0.4999999999999999,0.8660254037844387,0.9749279121818236,-0.2225209339563143,-0.8660254037844386,0.5000000000000001,0.0,0.0,0.0,12.475,23.425,4.75,82.5,-0.125,4.792018,0.0,2.6500000000000004,19.6111111,36.03333333333333,36.45,36.53333333333333,36.95,36.0,-15.251777779999998,-0.0037037066666663,-0.2326666666666659,4.608666666666666,4.19,19.617901238888887,4.517555555555555,6.084718,6.091678,6.148727,6.1487203,6.0787654,0,0.0,0,1.0,-0.74,16.6,83.4
2022-10-19 02:30:00,92.238254855552,44.825151372222,44.834039883334,19.6111111,4.19,36.0,1,5.1764362714980825,70.66250196097344,2,2,10,0.4999999999999999,0.8660254037844387,0.9749279121818236,-0.2225209339563143,-0.8660254037844386,0.5000000000000001,0.0,0.0,0.0,12.75,24.15,4.5,82.0,-0.25,4.746951,0.0,2.6,19.6111111,36.0,36.03333333333333,36.45,36.53333333333333,35.65,-15.421111099999996,-0.0166666800000001,-0.1859999999999999,4.376,3.914,19.623456788888888,4.391555555555556,6.0787654,6.084718,6.091678,6.148727,6.0196667,0,0.0,0,1.0,-0.75,16.8,83.2
2022-10-19 02:45:00,109.957823811108,56.0702571,56.083034388888,19.6111111,3.914,35.65,1,5.1764362714980825,70.66250196097344,2,2,10,0.4999999999999999,0.8660254037844387,0.9749279121818236,-0.2225209339563143,-0.8660254037844386,0.5000000000000001,0.0,0.0,0.0,13.025,24.875,4.25,81.5,-0.375,4.702126,0.0,2.55,19.6111111,36.0,36.0,36.03333333333333,36.45,35.5,-15.6971111,0.0,-0.2760000000000002,4.19,3.719333333333333,19.61666666,4.159999999999999,6.0196667,6.0787654,6.084718,6.091678,5.994337,0,0.0,0,1.0,-0.75,16.8,83.2
2022-10-19 03:00:00,111.706920494442,56.193863272222,56.205529455556,19.6111111,3.719333333333333,35.5,1,5.1764362714980825,70.66250196097344,3,2,10,0.7071067811865476,0.7071067811865476,0.9749279121818236,-0.2225209339563143,-0.8660254037844386,0.5000000000000001,0.0,0.0,0.0,13.3,25.6,4.0,81.0,-0.5,4.657543,0.0,2.5,19.57222225,35.65,36.0,36.0,36.03333333333333,35.45,-15.891777766666666,0.0,-0.194666666666667,3.914,3.4233333333333333,19.6111111,3.941111111111111,5.994337,6.0196667,6.0787654,6.084718,5.972235,0,0.0,0,1.0,-0.75,16.8,83.2
2022-10-19 03:15:00,102.017863572222,57.453257327778005,57.466867916666,19.57222225,3.4233333333333333,35.45,1,5.1764362714980825,70.66250196097344,3,2,10,0.7071067811865476,0.7071067811865476,0.9749279121818236,-0.2225209339563143,-0.8660254037844386,0.5000000000000001,0.0,0.0,0.0,13.675,26.3,3.0,80.5,-0.65,4.6054225,0.0,2.425,19.5555556,35.5,35.65,36.0,36.0,35.03333333333333,-16.148888916666667,-0.0388888499999993,-0.2959999999999998,3.719333333333333,3.4346666666666668,19.59814815,3.685555555555555,5.972235,5.994337,6.0196667,6.0787654,5.896264,0,0.0,0,1.0,-0.76,17.1,82.9
2022-10-19 03:30:00,111.669699749998,56.369689572222,56.382189088888,19.5555556,3.4346666666666668,35.03333333333333,1,5.1764362714980825,70.66250196097344,3,2,10,0.7071067811865476,0.7071067811865476,0.9749279121818236,-0.2225209339563143,-0.8660254037844386,0.5000000000000001,0.0,0.0,0.0,14.05,27.0,2.0,80.0,-0.8,4.5536923,0.0,2.35,19.5555556,35.45,35.5,35.65,36.0,35.0,-16.120888933333333,-0.0166666499999976,0.0113333333333334,3.4233333333333333,3.539333333333333,19.57962965,3.525777777777777,5.896264,5.972235,5.994337,6.0196667,5.8906536,0,0.0,0,1.0,-0.77,17.3,82.7
2022-10-19 03:45:00,122.764811444444,56.751896483334,56.764951527778,19.5555556,3.539333333333333,35.0,1,5.1764362714980825,70.66250196097344,3,2,10,0.7071067811865476,0.7071067811865476,0.9749279121818236,-0.2225209339563143,-0.8660254037844386,0.5000000000000001,0.0,0.0,0.0,14.425,27.7,1.0,79.5,-0.95,4.502355,0.0,2.2750000000000004,19.5555556,35.03333333333333,35.45,35.5,35.65,35.0,-16.016222266666666,0.0,0.1046666666666666,3.4346666666666668,3.6666666666666665,19.56111115,3.4657777777777774,5.8906536,5.896264,5.972235,5.994337,5.8906536,0,0.0,0,1.0,-0.77,17.3,82.7
2022-10-19 04:00:00,101.049846794442,56.173030755556,56.186363572222,19.5555556,3.6666666666666665,35.0,1,5.1764362714980825,70.66250196097344,4,2,10,0.8660254037844386,0.5000000000000001,0.9749279121818236,-0.2225209339563143,-0.8660254037844386,0.5000000000000001,0.0,0.0,0.0,14.8,28.4,0.0,79.0,-1.1,4.4514055,0.0,2.2,19.55000004,35.0,35.03333333333333,35.45,35.5,34.65,-15.888888933333336,0.0,0.127333333333333,3.539333333333333,3.8366666666666656,19.5555556,3.5468888888888883,5.8906536,5.8906536,5.896264,5.972235,5.829844,0,0.0,0,1.0,-0.77,17.3,82.7
2022-10-19 04:15:00,108.412607838886,56.439131244444,56.45163076111,19.55000004,3.8366666666666656,34.65,1,5.1764362714980825,70.66250196097344,4,2,10,0.8660254037844386,0.5000000000000001,0.9749279121818236,-0.2225209339563143,-0.8660254037844386,0.5000000000000001,0.0,0.0,0.0,14.9,28.775,0.0,78.75,-1.175,4.4223347,0.0,2.1500000000000004,19.503703706666663,35.0,35.0,35.03333333333333,35.45,34.5,-15.713333373333334,-0.0055555600000012,0.1699999999999999,3.6666666666666665,3.886,19.553703746666667,3.6808888888888887,5.829844,5.8906536,5.8906536,5.896264,5.788832,0,0.0,0,1.0,-0.77,17.4,82.6
2022-10-19 04:30:00,107.330984472218,56.207751583334,56.220251083334,19.503703706666663,3.886,34.5,1,5.1764362714980825,70.66250196097344,4,2,10,0.8660254037844386,0.5000000000000001,0.9749279121818236,-0.2225209339563143,-0.8660254037844386,0.5000000000000001,0.0,0.0,0.0,15.0,29.15,0.0,78.5,-1.25,4.393402,0.0,2.1,19.5,34.65,35.0,35.0,35.03333333333333,34.5,-15.617703706666669,-0.0462963333333341,0.0493333333333336,3.8366666666666656,3.7966666666666655,19.53641978222222,3.796444444444444,5.788832,5.829844,5.8906536,5.8906536,5.787572,0,0.0,0,1.0,-0.78,17.8,82.2
2022-10-19 04:45:00,475.57208752222,57.512143872222,57.525754477776,19.5,3.7966666666666655,34.5,1,5.1764362714980825,70.66250196097344,4,2,10,0.8660254037844386,0.5000000000000001,0.9749279121818236,-0.2225209339563143,-0.8660254037844386,0.5000000000000001,0.0,0.0,0.0,15.1,29.525,0.0,78.25,-1.325,4.3646083,0.0,2.05,19.47817458571429,34.5,34.65,35.0,35.0,34.5,-15.703333333333331,-0.0037037066666663,-0.0893333333333337,3.886,3.670714285714286,19.51790124888889,3.8397777777777775,5.787572,5.788832,5.829844,5.8906536,5.78015,0,0.0,0,1.0,-0.78,17.9,82.1
2022-10-19 05:00:00,106.071867972226,52.169302044444,52.179301611112,19.47817458571429,3.670714285714286,34.5,1,5.1764362714980825,70.66250196097344,5,2,10,0.9659258262890684,0.2588190451025207,0.9749279121818236,-0.2225209339563143,-0.8660254037844386,0.5000000000000001,0.0,0.0,0.0,15.2,29.9,0.0,78.0,-1.4,4.3359528,0.0,2.0,19.4444444,34.5,34.5,34.65,35.0,34.5,-15.807460300000002,-0.0218254142857112,-0.1259523809523806,3.7966666666666655,3.4553333333333334,19.49395943079365,3.784460317460317,5.78015,5.787572,5.788832,5.829844,5.768696,0,0.0,0,1.0,-0.79,18.0,82.0
2022-10-19 05:15:00,100.67819487778,56.171364172222,56.183863672222,19.4444444,3.4553333333333334,34.5,1,5.1764362714980825,70.66250196097344,5,2,10,0.9659258262890684,0.2588190451025207,0.9749279121818236,-0.2225209339563143,-0.8660254037844386,0.5000000000000001,0.0,0.0,0.0,15.35,30.175,0.0,78.5,-1.4249999999999998,4.3416214,0.0,1.925,19.4444444,34.5,34.5,34.5,34.65,34.31666666666667,-15.989111066666664,-0.0337301857142904,-0.2153809523809524,3.670714285714286,3.4166666666666665,19.47420632857143,3.640904761904761,5.768696,5.78015,5.787572,5.788832,5.738041,0,0.0,0,1.0,-0.79,18.3,81.7
2022-10-19 05:30:00,105.307731888892,56.466630127778,56.4785741,19.4444444,3.4166666666666665,34.31666666666667,1,5.1764362714980825,70.66250196097344,5,2,10,0.9659258262890684,0.2588190451025207,0.9749279121818236,-0.2225209339563143,-0.8660254037844386,0.5000000000000001,0.0,0.0,0.0,15.5,30.45,0.0,79.0,-1.45,4.347108,0.0,1.85,19.43888885,34.5,34.5,34.5,34.5,34.0,-16.02777773333333,0.0,-0.0386666666666668,3.4553333333333334,3.303333333333333,19.45568779523809,3.514238095238094,5.738041,5.768696,5.78015,5.787572,5.683234,0,0.0,0,1.0,-0.79,18.3,81.7
2022-10-19 05:45:00,121.319591505554,56.454963927778,56.467741216666,19.43888885,3.303333333333333,34.0,1,5.1764362714980825,70.66250196097344,5,2,10,0.9659258262890684,0.2588190451025207,0.9749279121818236,-0.2225209339563143,-0.8660254037844386,0.5000000000000001,0.0,0.0,0.0,15.65,30.725,0.0,79.5,-1.475,4.352412,0.0,1.775,19.3925926,34.31666666666667,34.5,34.5,34.5,34.0,-16.135555516666667,-0.0055555499999968,-0.1133333333333332,3.4166666666666665,3.3873333333333333,19.44259255,3.391777777777777,5.683234,5.738041,5.768696,5.78015,5.6677775,0,0.0,0,1.0,-0.8,18.4,81.6
2022-10-19 06:00:00,107.748467572226,56.384411216666,56.396632944444,19.3925926,3.3873333333333333,34.0,1,5.1764362714980825,70.66250196097344,6,2,10,1.0,6.123233995736766e-17,0.9749279121818236,-0.2225209339563143,-0.8660254037844386,0.5000000000000001,0.0,0.0,0.0,15.8,31.0,0.0,80.0,-1.5,4.3575377,0.0,1.7,19.3888889,34.0,34.31666666666667,34.5,34.5,34.0,-16.005259266666666,-0.046296250000001,0.084,3.303333333333333,3.2786666666666666,19.425308616666666,3.3691111111111103,5.6677775,5.683234,5.738041,5.768696,5.6665435,0,0.0,0,1.0,-0.81,18.8,81.2
2022-10-19 06:15:00,108.755927305558,56.302470011112,56.314136194446,19.3888889,3.2786666666666666,34.0,1,5.1764362714980825,70.66250196097344,6,2,10,1.0,6.123233995736766e-17,0.9749279121818236,-0.2225209339563143,-0.8660254037844386,0.5000000000000001,0.0,0.0,0.0,15.8,31.075,0.0,80.0,-1.525,4.3353877,0.0,1.625,19.3888889,34.0,34.0,34.31666666666667,34.5,34.0,-16.110222233333335,-0.003703699999999,-0.1086666666666666,3.3873333333333333,3.2033333333333336,19.406790116666667,3.3231111111111105,5.6665435,5.6677775,5.683234,5.738041,5.6665435,0,0.0,0,1.0,-0.81,18.8,81.2
2022-10-19 06:30:00,106.491295694446,59.227353027778,59.2401303,19.3888889,3.2033333333333336,34.0,1,5.1764362714980825,70.66250196097344,6,2,10,1.0,6.123233995736766e-17,0.9749279121818236,-0.2225209339563143,-0.8660254037844386,0.5000000000000001,0.0,0.0,0.0,15.8,31.15,0.0,80.0,-1.55,4.3133373,0.0,1.5499999999999998,19.39444445,34.0,34.0,34.0,34.31666666666667,34.0,-16.185555566666668,0.0,-0.075333333333333,3.2786666666666666,3.082666666666667,19.39012346666667,3.289777777777777,5.6665435,5.6665435,5.6677775,5.683234,5.668395,0,0.0,0,1.0,-0.81,18.8,81.2
2022-10-19 06:45:00,118.843579383334,66.920100872222,66.93371146111,19.39444445,3.082666666666667,34.0,1,5.1764362714980825,70.66250196097344,6,2,10,1.0,6.123233995736766e-17,0.9749279121818236,-0.2225209339563143,-0.8660254037844386,0.5000000000000001,0.0,0.0,0.0,15.8,31.225,0.0,80.0,-1.5750000000000002,4.2913847,0.0,1.475,19.42037035,34.0,34.0,34.0,34.0,34.0,-16.31177778333333,0.0055555499999968,-0.1206666666666667,3.2033333333333336,2.9233333333333333,19.390740750000003,3.188222222222221,5.668395,5.6665435,5.6665435,5.6677775,5.677047,0,0.0,0,1.0,-0.81,18.8,81.2
2022-10-19 07:00:00,125.336375227778,57.206878316666,57.220211133332,19.42037035,2.9233333333333333,34.0,1,5.1764362714980825,70.66250196097344,7,2,10,0.9659258262890684,-0.2588190451025206,0.9749279121818236,-0.2225209339563143,-0.8660254037844386,0.5000000000000001,0.0,0.0,0.0,15.8,31.3,0.0,80.0,-1.6,4.26953,0.0,1.4,19.3888889,34.0,34.0,34.0,34.0,33.95,-16.497037016666667,0.0259259000000007,-0.1593333333333335,3.082666666666667,2.984,19.40123456666667,3.069777777777777,5.677047,5.668395,5.6665435,5.6665435,5.6582108,0,0.0,0,1.0,-0.8,18.6,81.4
2022-10-19 07:15:00,100.020998983334,55.8685985,55.882764633332,19.3888889,2.984,33.95,1,5.1764362714980825,70.66250196097344,7,2,10,0.9659258262890684,-0.2588190451025206,0.9749279121818236,-0.2225209339563143,-0.8660254037844386,0.5000000000000001,3.75,0.9375,0.3125,15.825,31.75,11.75,79.75,-1.475,4.314502,0.0,1.6,19.36851851333333,34.0,34.0,34.0,34.0,33.53333333333333,-16.404888900000003,-0.0314814499999975,0.0606666666666666,2.9233333333333333,3.4113333333333333,19.401234566666663,2.996666666666666,5.6582108,5.677047,5.668395,5.6665435,5.582071,0,0.0,0,1.0,-0.81,18.8,81.2
2022-10-19 07:30:00,105.121072805554,56.706342772222,56.720508905554,19.36851851333333,3.4113333333333333,33.53333333333333,1,5.1764362714980825,70.66250196097344,7,2,10,0.9659258262890684,-0.2588190451025206,0.9749279121818236,-0.2225209339563143,-0.8660254037844386,0.5000000000000001,7.5,2.8125,0.9375,15.85,32.2,23.5,79.5,-1.35,4.3598046,0.0,1.8,19.32777775,33.95,34.0,34.0,34.0,33.5,-15.957185180000002,-0.0203703866666664,0.4273333333333333,2.984,4.036666666666666,19.392592587777777,3.1062222222222218,5.582071,5.6582108,5.677047,5.668395,5.563166,0,0.0,0,1.0,-0.82,19.1,80.9
2022-10-19 07:45:00,109.8164405,57.288819455556,57.302430044444,19.32777775,4.036666666666666,33.5,1,5.1764362714980825,70.66250196097344,7,2,10,0.9659258262890684,-0.2588190451025206,0.9749279121818236,-0.2225209339563143,-0.8660254037844386,0.5000000000000001,11.25,5.625,1.875,15.875,32.65,35.25,79.25,-1.225,4.4054394,0.0,2.0,19.2814815,33.53333333333333,33.95,34.0,34.0,33.5,-15.291111083333334,-0.0407407633333356,0.6253333333333329,3.4113333333333333,4.455333333333333,19.361728387777777,3.4773333333333323,5.563166,5.582071,5.6582108,5.677047,5.5480227,0,0.0,0,1.0,-0.83,19.4,80.6
2022-10-19 08:00:00,117.92917147778,57.507421827778,57.521032433332,19.2814815,4.455333333333333,33.5,1,5.1764362714980825,70.66250196097344,8,2,10,0.8660254037844387,-0.4999999999999998,0.9749279121818236,-0.2225209339563143,-0.8660254037844386,0.5000000000000001,15.0,9.375,3.125,15.9,33.1,47.0,79.0,-1.1,4.4514055,0.0,2.2,19.3111111,33.5,33.53333333333333,33.95,34.0,33.55,-14.826148166666666,-0.046296250000001,0.4186666666666667,4.036666666666666,4.572666666666667,19.32592592111111,3.967777777777776,5.5480227,5.563166,5.582071,5.6582108,5.5660076,0,0.0,0,1.0,-0.84,19.8,80.2
2022-10-19 08:15:00,115.06484172222,57.592696216666,57.606029033332,19.3111111,4.572666666666667,33.55,1,5.1764362714980825,70.66250196097344,8,2,10,0.8660254037844387,-0.4999999999999998,0.9749279121818236,-0.2225209339563143,-0.8660254037844386,0.5000000000000001,46.0,19.9375,6.958333333333333,15.525,33.725,57.25,77.0,-0.9000000000000001,4.502779,0.0,2.75,19.2814815,33.5,33.5,33.53333333333333,33.95,33.96666666666667,-14.738444433333337,0.0296296000000033,0.1173333333333337,4.455333333333333,4.682666666666666,19.306790116666665,4.354888888888888,5.5660076,5.5480227,5.563166,5.582071,5.6253085,0,0.0,0,1.0,-0.83,19.5,80.5
2022-10-19 08:30:00,176.42349827778,59.326237955556,59.340404088888,19.2814815,4.682666666666666,33.96666666666667,1,5.1764362714980825,70.66250196097344,8,2,10,0.8660254037844387,-0.4999999999999998,0.9749279121818236,-0.2225209339563143,-0.8660254037844386,0.5000000000000001,77.0,37.3125,13.375,15.15,34.35,67.5,75.0,-0.7000000000000001,4.550896,0.0,3.3000000000000003,19.31666665,33.55,33.5,33.5,33.53333333333333,34.4,-14.598814833333332,-0.0296296000000033,0.1099999999999994,4.572666666666667,4.850666666666667,19.29135803333333,4.570222222222221,5.6253085,5.5660076,5.5480227,5.563166,5.708891,0,0.0,0,1.0,-0.83,19.7,80.3
2022-10-19 08:45:00,471.880568488888,58.158506916666,58.173506349998,19.31666665,4.850666666666667,34.4,1,5.1764362714980825,70.66250196097344,8,2,10,0.8660254037844387,-0.4999999999999998,0.9749279121818236,-0.2225209339563143,-0.8660254037844386,0.5000000000000001,108.0,61.5,22.375,14.775,34.975,77.75,73.0,-0.5,4.5954795,0.0,3.850000000000001,19.3333333,33.96666666666667,33.55,33.5,33.5,34.78333333333333,-14.465999983333331,0.0351851500000002,0.168000000000001,4.682666666666666,5.1273333333333335,19.30308641666667,4.701999999999999,5.708891,5.6253085,5.5660076,5.5480227,5.7781725,0,0.0,0,1.0,-0.82,19.3,80.7
2022-10-19 09:00:00,128.684574711108,58.139896544444,58.152951588888,19.3333333,5.1273333333333335,34.78333333333333,1,5.1764362714980825,70.66250196097344,9,2,10,0.7071067811865476,-0.7071067811865475,0.9749279121818236,-0.2225209339563143,-0.8660254037844386,0.5000000000000001,139.0,92.5,33.958333333333336,14.4,35.6,88.0,71.0,-0.3,4.6362367,0.0,4.4,19.37222222,34.4,33.96666666666667,33.55,33.5,34.5,-14.205999966666669,0.0166666500000012,0.2766666666666664,4.850666666666667,5.3373333333333335,19.310493816666664,4.886888888888889,5.7781725,5.708891,5.6253085,5.5660076,5.7442384,0,0.0,0,1.0,-0.82,19.1,80.9
2022-10-19 09:15:00,102.259798377776,58.402941572222,58.41794102222,19.37222222,5.3373333333333335,34.5,1,5.1764362714980825,70.66250196097344,9,2,10,0.7071067811865476,-0.7071067811865475,0.9749279121818236,-0.2225209339563143,-0.8660254037844386,0.5000000000000001,162.25,121.5625,47.47916666666666,15.3,36.425,84.0,69.0,-0.325,4.642062,0.0,4.8500000000000005,19.3888889,34.78333333333333,34.4,33.96666666666667,33.55,34.5,-14.034888886666668,0.0388889200000015,0.2099999999999999,5.1273333333333335,5.606666666666667,19.340740723333333,5.105111111111111,5.7442384,5.7781725,5.708891,5.6253085,5.749875,0,0.0,0,1.0,-0.81,18.9,81.1
2022-10-19 09:30:00,121.13793212222,58.497937755556,58.512103872222,19.3888889,5.606666666666667,34.5,1,5.1764362714980825,70.66250196097344,9,2,10,0.7071067811865476,-0.7071067811865475,0.9749279121818236,-0.2225209339563143,-0.8660254037844386,0.5000000000000001,185.5,148.6875,62.9375,16.2,37.25,80.0,67.0,-0.35,4.643473,0.0,5.300000000000001,19.3888889,34.5,34.78333333333333,34.4,33.96666666666667,34.5,-13.782222233333334,0.0166666800000001,0.2693333333333338,5.3373333333333335,5.794666666666667,19.36481480666667,5.357111111111112,5.749875,5.7442384,5.7781725,5.708891,5.749875,0,0.0,0,1.0,-0.81,18.7,81.3
2022-10-19 09:45:00,135.148760433336,58.507937372222,58.532103088888,19.3888889,5.794666666666667,34.5,1,5.1764362714980825,70.66250196097344,9,2,10,0.7071067811865476,-0.7071067811865475,0.9749279121818236,-0.2225209339563143,-0.8660254037844386,0.5000000000000001,208.75,173.875,80.33333333333333,17.1,38.075,76.0,65.0,-0.375,4.640233,0.0,5.75,19.3888889,34.5,34.5,34.78333333333333,34.4,34.5,-13.594222233333332,0.0,0.1879999999999997,5.606666666666667,6.163333333333333,19.38333334,5.579555555555555,5.749875,5.749875,5.7442384,5.7781725,5.749875,0,0.0,0,1.0,-0.81,18.7,81.3
2022-10-19 10:00:00,141.8684917,58.348221544444,58.370998383334,19.3888889,6.163333333333333,34.5,1,5.1764362714980825,70.66250196097344,10,2,10,0.4999999999999999,-0.8660254037844387,0.9749279121818236,-0.2225209339563143,-0.8660254037844386,0.5000000000000001,232.0,197.125,99.66666666666669,18.0,38.9,72.0,63.0,-0.4,4.6320963,0.0,6.2,19.3888889,34.5,34.5,34.5,34.78333333333333,34.5,-13.225555566666667,0.0,0.368666666666666,5.794666666666667,6.341333333333334,19.3888889,5.8548888888888895,5.749875,5.749875,5.749875,5.7442384,5.749875,0,0.0,0,1.0,-0.81,18.7,81.3
2022-10-19 10:15:00,135.779013055556,58.4151633,58.438773488888,19.3888889,6.341333333333334,34.5,1,5.1764362714980825,70.66250196097344,10,2,10,0.4999999999999999,-0.8660254037844387,0.9749279121818236,-0.2225209339563143,-0.8660254037844386,0.5000000000000001,272.25,224.625,122.04166666666669,18.15,39.875,77.0,61.0,-0.525,4.588786,0.0,6.55,19.3888889,34.5,34.5,34.5,34.5,34.5,-13.047555566666666,0.0,0.1780000000000008,6.163333333333333,6.374666666666667,19.3888889,6.099777777777778,5.749875,5.749875,5.749875,5.749875,5.749875,0,0.0,0,1.0,-0.81,18.7,81.3
2022-10-19 10:30:00,114.923736183334,46.439809,46.462030394442,19.3888889,6.374666666666667,34.5,1,5.1764362714980825,70.66250196097344,10,2,10,0.4999999999999999,-0.8660254037844387,0.9749279121818236,-0.2225209339563143,-0.8660254037844386,0.5000000000000001,312.5,256.375,147.45833333333334,18.3,40.85,82.0,59.0,-0.65,4.540695,0.0,6.9,19.34444443,34.5,34.5,34.5,34.5,34.55,-13.014222233333337,0.0,0.0333333333333332,6.341333333333334,6.795333333333334,19.3888889,6.29311111111111,5.749875,5.749875,5.749875,5.749875,5.7431664,0,0.0,0,1.0,-0.81,18.7,81.3
2022-10-19 10:45:00,1130.426170077776,26.6214351,26.628101566664,19.34444443,6.795333333333334,34.55,1,5.1764362714980825,70.66250196097344,10,2,10,0.4999999999999999,-0.8660254037844387,0.9749279121818236,-0.2225209339563143,-0.8660254037844386,0.5000000000000001,352.75,292.375,175.91666666666666,18.45,41.825,87.0,57.0,-0.775,4.4876494,0.0,7.25,19.26111111333333,34.5,34.5,34.5,34.5,35.15,-12.549111096666666,-0.0444444700000019,0.4206666666666665,6.374666666666667,6.938666666666666,19.37407407666667,6.503777777777778,5.7431664,5.749875,5.749875,5.749875,5.814305,0,0.0,0,1.0,-0.82,19.1,80.9
2022-10-19 11:00:00,306.007481511108,54.062559611112,54.070059377776,19.26111111333333,6.938666666666666,35.15,1,5.1764362714980825,70.66250196097344,11,2,10,0.258819045102521,-0.9659258262890682,0.9749279121818236,-0.2225209339563143,-0.8660254037844386,0.5000000000000001,393.0,332.625,207.41666666666663,18.6,42.8,92.0,55.0,-0.9,4.429475,0.0,7.6,19.23333331,34.55,34.5,34.5,34.5,35.85,-12.322444446666667,-0.0833333166666641,0.1433333333333326,6.795333333333334,7.519333333333333,19.331481481111112,6.7028888888888885,5.814305,5.7431664,5.749875,5.749875,5.9203997,0,0.0,0,1.0,-0.83,19.6,80.4
2022-10-19 11:15:00,94.645380833328,55.011410588888,55.020021377776,19.23333331,7.519333333333333,35.85,1,5.1764362714980825,70.66250196097344,11,2,10,0.258819045102521,-0.9659258262890682,0.9749279121818236,-0.2225209339563143,-0.8660254037844386,0.5000000000000001,387.75,361.5,235.89583333333331,18.5,42.625,93.75,55.5,-0.7250000000000001,4.476976,0.05,7.625,19.32592589333333,35.15,34.55,34.5,34.5,36.0,-11.713999976666669,-0.0277778033333362,0.5806666666666667,6.938666666666666,8.107333333333333,19.27962961777778,7.084444444444443,5.9203997,5.814305,5.7431664,5.749875,5.9776783,0,0.0,0,1.0,-0.84,19.7,80.3
2022-10-19 11:30:00,95.89588626111,56.095811677776,56.103589166664,19.32592589333333,8.107333333333333,36.0,1,5.1764362714980825,70.66250196097344,11,2,10,0.258819045102521,-0.9659258262890682,0.9749279121818236,-0.2225209339563143,-0.8660254037844386,0.5000000000000001,382.5,379.0,261.3541666666667,18.4,42.45,95.5,56.0,-0.55,4.5246167,0.1,7.65,19.3333333,35.85,35.15,34.55,34.5,36.35,-11.218592559999998,0.0925925833333316,0.5880000000000001,7.519333333333333,8.011333333333333,19.27345677222222,7.521777777777776,5.9776783,5.9203997,5.814305,5.7431664,6.0384254,0,0.0,0,1.0,-0.81,18.9,81.1
2022-10-19 11:45:00,101.850925666672,57.585752011112,57.594640522224,19.3333333,8.011333333333333,36.35,1,5.1764362714980825,70.66250196097344,11,2,10,0.258819045102521,-0.9659258262890682,0.9749279121818236,-0.2225209339563143,-0.8660254037844386,0.5000000000000001,377.25,385.125,283.7916666666667,18.3,42.275,97.25,56.5,-0.3750000000000001,4.572399,0.15,7.675,19.3333333,36.0,35.85,35.15,34.55,36.31666666666667,-11.321999966666668,0.0074074066666689,-0.096,8.107333333333333,7.718666666666667,19.297530834444444,7.879333333333332,6.0384254,5.9776783,5.9203997,5.814305,6.032888,0,0.0,0,1.0,-0.81,18.8,81.2
2022-10-19 12:00:00,110.87862034444,57.635472272222,57.644916394442,19.3333333,7.718666666666667,36.31666666666667,1,5.1764362714980825,70.66250196097344,12,2,10,1.2246467991473532e-16,-1.0,0.9749279121818236,-0.2225209339563143,-0.8660254037844386,0.5000000000000001,372.0,379.875,303.2083333333333,18.2,42.1,99.0,57.0,-0.2,4.620322,0.2,7.7,19.28888889,36.35,36.0,35.85,35.15,36.0,-11.614666633333332,0.0,-0.2926666666666664,8.011333333333333,7.847333333333333,19.33086416444445,7.945777777777777,6.032888,6.0384254,5.9776783,5.9203997,5.9646564,0,0.0,0,1.0,-0.81,18.8,81.2
2022-10-19 12:15:00,107.040162622224,57.75630073889,57.763800455556,19.28888889,7.847333333333333,36.0,1,5.1764362714980825,70.66250196097344,12,2,10,1.2246467991473532e-16,-1.0,0.9749279121818236,-0.2225209339563143,-0.8660254037844386,0.5000000000000001,322.5,363.5625,316.5625,18.125,41.75,99.25,57.75,-0.175,4.643434,0.225,7.575,19.225925906666667,36.31666666666667,36.35,36.0,35.85,35.81666666666667,-11.441555556666666,-0.0444444100000005,0.1286666666666667,7.718666666666667,7.762666666666666,19.318518496666663,7.859111111111111,5.9646564,6.032888,6.0384254,5.9776783,5.9123144,0,0.0,0,1.0,-0.82,19.2,80.8
2022-10-19 12:30:00,98.0744102,57.717691216666,57.72796862222,19.225925906666667,7.762666666666666,35.81666666666667,1,5.1764362714980825,70.66250196097344,12,2,10,1.2246467991473532e-16,-1.0,0.9749279121818236,-0.2225209339563143,-0.8660254037844386,0.5000000000000001,273.0,336.1875,323.8541666666667,18.05,41.400000000000006,99.5,58.5,-0.15,4.665836,0.25,7.45,19.2222222,36.0,36.31666666666667,36.35,36.0,35.45,-11.46325924,-0.0629629833333318,-0.0846666666666671,7.847333333333333,7.656000000000001,19.282716032222226,7.776222222222221,5.9123144,5.9646564,6.032888,6.0384254,5.85051,0,0.0,0,1.0,-0.84,19.8,80.2
2022-10-19 12:45:00,94.35067032222,57.813520666668,57.8218537,19.2222222,7.656000000000001,35.45,1,5.1764362714980825,70.66250196097344,12,2,10,1.2246467991473532e-16,-1.0,0.9749279121818236,-0.2225209339563143,-0.8660254037844386,0.5000000000000001,223.5,297.75,325.0833333333333,17.974999999999998,41.05,99.75,59.25,-0.125,4.6875362,0.275,7.325,19.242592586666667,35.81666666666667,36.0,36.31666666666667,36.35,35.03333333333333,-11.5662222,-0.0037037066666663,-0.1066666666666655,7.762666666666666,7.818666666666667,19.24567899888889,7.755333333333333,5.85051,5.9123144,5.9646564,6.032888,5.788688,0,0.0,0,1.0,-0.84,19.9,80.1
2022-10-19 13:00:00,132.6388609,72.819864855556,72.828753366668,19.242592586666667,7.818666666666667,35.03333333333333,2,5.1764362714980825,70.66250196097344,13,2,10,-0.2588190451025208,-0.9659258262890684,0.9749279121818236,-0.2225209339563143,-0.8660254037844386,0.5000000000000001,174.0,248.25,320.25,17.9,40.7,100.0,60.0,-0.1,4.7085433,0.3,7.2,19.28333335,35.45,35.81666666666667,36.0,36.31666666666667,35.0,-11.42392592,0.0203703866666664,0.1626666666666665,7.656000000000001,7.690666666666667,19.23024689777778,7.745777777777778,5.788688,5.85051,5.9123144,5.9646564,5.7970743,0,0.0,1,1.0,-0.84,19.8,80.2
2022-10-19 13:15:00,108.751483333324,58.78570406111,58.793203794442,19.28333335,7.690666666666667,35.0,1,5.1764362714980825,70.66250196097344,13,2,10,-0.2588190451025208,-0.9659258262890684,0.9749279121818236,-0.2225209339563143,-0.8660254037844386,0.5000000000000001,168.25,209.6875,311.5833333333333,17.799999999999997,40.525000000000006,100.0,62.75,0.35,4.868707,0.275,7.025,19.3296296,35.03333333333333,35.45,35.81666666666667,36.0,35.18333333333333,-11.592666683333333,0.0407407633333321,-0.1280000000000001,7.818666666666667,7.556,19.249382712222225,7.721777777777778,5.7970743,5.788688,5.85051,5.9123144,5.843347,0,0.0,1,1.0,-0.83,19.5,80.5
2022-10-19 13:30:00,123.146740749994,58.158506883334,58.16628442222,19.3296296,7.556,35.18333333333333,1,5.1764362714980825,70.66250196097344,13,2,10,-0.2588190451025208,-0.9659258262890684,0.9749279121818236,-0.2225209339563143,-0.8660254037844386,0.5000000000000001,162.5,182.0625,299.0833333333333,17.7,40.35,100.0,65.5,0.8,5.024567,0.25,6.85,19.33888886,35.0,35.03333333333333,35.45,35.81666666666667,35.5,-11.773629599999996,0.0462962499999974,-0.1346666666666669,7.690666666666667,7.558000000000001,19.285185178888884,7.688444444444445,5.843347,5.7970743,5.788688,5.85051,5.8991528,0,0.0,0,1.0,-0.82,19.1,80.9
2022-10-19 13:45:00,126.078567805554,58.504881927778,58.512659433332,19.33888886,7.558000000000001,35.5,1,5.1764362714980825,70.66250196097344,13,2,10,-0.2588190451025208,-0.9659258262890684,0.9749279121818236,-0.2225209339563143,-0.8660254037844386,0.5000000000000001,156.75,165.375,282.75,17.6,40.175,100.0,68.25,1.2499999999999998,5.1761928,0.225,6.675,19.38518519333333,35.18333333333333,35.0,35.03333333333333,35.45,35.5,-11.78088886,0.0092592600000038,0.0020000000000006,7.556,7.756,19.317283936666666,7.601555555555556,5.8991528,5.843347,5.7970743,5.788688,5.915248,0,0.0,0,1.0,-0.81,18.9,81.1
2022-10-19 14:00:00,132.402203733332,58.525992200000005,58.533769738886,19.38518519333333,7.756,35.5,1,5.1764362714980825,70.66250196097344,14,2,10,-0.4999999999999997,-0.8660254037844388,0.9749279121818236,-0.2225209339563143,-0.8660254037844386,0.5000000000000001,151.0,159.625,262.5833333333333,17.5,40.0,100.0,71.0,1.7,5.323648,0.2,6.5,19.42777775,35.5,35.18333333333333,35.0,35.03333333333333,35.55,-11.629185193333331,0.0462963333333306,0.1979999999999995,7.558000000000001,7.919333333333333,19.35123455111111,7.623333333333334,5.915248,5.8991528,5.843347,5.7970743,5.938442,0,0.0,0,1.0,-0.8,18.6,81.4
2022-10-19 14:15:00,808.3807190444439,42.480800683334,42.488578188888,19.42777775,7.919333333333333,35.55,1,5.1764362714980825,70.66250196097344,14,2,10,-0.4999999999999997,-0.8660254037844388,0.9749279121818236,-0.2225209339563143,-0.8660254037844386,0.5000000000000001,179.0,162.3125,245.1875,17.35,40.25,99.25,71.0,1.9,5.4023285,0.25,6.725,19.4444444,35.5,35.5,35.18333333333333,35.0,36.333333333333336,-11.508444416666666,0.0425925566666691,0.1633333333333331,7.756,8.108666666666666,19.38395060111111,7.7444444444444445,5.938442,5.915248,5.8991528,5.843347,6.075245,0,0.0,0,1.0,-0.79,18.2,81.8
2022-10-19 14:30:00,115.182614711112,0.0,0.0,19.4444444,8.108666666666666,36.333333333333336,0,5.1764362714980825,70.66250196097344,14,2,10,-0.4999999999999997,-0.8660254037844388,0.9749279121818236,-0.2225209339563143,-0.8660254037844386,0.5000000000000001,207.0,173.4375,230.5625,17.2,40.5,98.5,71.0,2.1,5.4820237,0.3,6.95,19.36666663,35.55,35.5,35.5,35.18333333333333,37.0,-11.335777733333332,0.0166666499999976,0.1893333333333329,7.919333333333333,7.974,19.41913578111111,7.928,6.075245,5.938442,5.915248,5.8991528,6.1584735,1,1.0,1,0.75,-0.78,18.0,82.0
2022-10-19 14:45:00,118.067499311112,36.350212583334,36.3660453,19.36666663,7.974,37.0,1,5.1764362714980825,70.66250196097344,14,2,10,-0.4999999999999997,-0.8660254037844388,0.9749279121818236,-0.2225209339563143,-0.8660254037844386,0.5000000000000001,235.0,193.0,218.70833333333331,17.05,40.75,97.75,71.0,2.3,5.5627446,0.35,7.175000000000001,19.353703686666663,36.333333333333336,35.55,35.5,35.5,37.0,-11.39266663,-0.0777777699999973,-0.134666666666666,8.108666666666666,8.375333333333334,19.41296292666667,8.000666666666666,6.1584735,6.075245,5.938442,5.915248,6.1537766,0,1.0,1,0.75,-0.8,18.4,81.6
2022-10-19 15:00:00,145.817778238886,54.981967283334,54.999188894442,19.353703686666663,8.375333333333334,37.0,1,5.1764362714980825,70.66250196097344,15,2,10,-0.7071067811865471,-0.7071067811865479,0.9749279121818236,-0.2225209339563143,-0.8660254037844386,0.5000000000000001,263.0,221.0,209.625,16.9,41.0,97.0,71.0,2.5,5.6444993,0.4,7.4,19.52777781,37.0,36.333333333333336,35.55,35.5,36.95,-10.978370353333332,-0.0129629433333349,0.4013333333333335,7.974,8.889333333333333,19.388271572222223,8.152666666666667,6.1537766,6.1584735,6.075245,5.938442,6.2087035,0,1.0,0,0.75,-0.8,18.5,81.5
2022-10-19 15:15:00,117.308085205558,30.159904672222,30.169904305554,19.52777781,8.889333333333333,36.95,1,5.1764362714980825,70.66250196097344,15,2,10,-0.7071067811865471,-0.7071067811865479,0.9749279121818236,-0.2225209339563143,-0.8660254037844386,0.5000000000000001,269.25,243.5625,205.1875,16.825,40.925,83.5,69.75,2.525,5.6538153,0.3,7.7,19.7425926,37.0,37.0,36.333333333333336,35.55,36.35,-10.638444476666669,0.1740741233333338,0.5139999999999993,8.375333333333334,9.120666666666668,19.41604937555556,8.412888888888888,6.2087035,6.1537766,6.1584735,6.075245,6.185425,0,1.0,0,0.75,-0.76,17.2,82.8
2022-10-19 15:30:00,98.380231349998,32.292319355556,32.302041233332,19.7425926,9.120666666666668,36.35,1,5.1764362714980825,70.66250196097344,15,2,10,-0.7071067811865471,-0.7071067811865479,0.9749279121818236,-0.2225209339563143,-0.8660254037844386,0.5000000000000001,275.5,260.6875,205.39583333333331,16.75,40.85,70.0,68.5,2.55,5.661057,0.2,8.0,19.59444446,36.95,37.0,37.0,36.333333333333336,36.0,-10.621925933333335,0.2148147900000019,0.2313333333333336,8.889333333333333,8.636666666666667,19.541358032222224,8.79511111111111,6.185425,6.2087035,6.1537766,6.1584735,6.0728164,0,0.0,0,1.0,-0.71,15.7,84.3
2022-10-19 15:45:00,108.669541894446,54.010895011112,54.022838966668,19.59444446,8.636666666666667,36.0,1,5.1764362714980825,70.66250196097344,15,2,10,-0.7071067811865471,-0.7071067811865479,0.9749279121818236,-0.2225209339563143,-0.8660254037844386,0.5000000000000001,281.75,272.375,210.25,16.675,40.775000000000006,56.5,67.25,2.575,5.6661534,0.0999999999999999,8.3,19.43148146333333,36.35,36.95,37.0,37.0,36.0,-10.957777793333332,-0.1481481400000035,-0.484,9.120666666666668,8.413333333333334,19.621604956666665,8.882222222222223,6.0728164,6.185425,6.2087035,6.1537766,6.014922,0,0.0,0,1.0,-0.75,16.9,83.1
2022-10-19 16:00:00,89.818907116666,54.930024927778,54.943357744444,19.43148146333333,8.413333333333334,36.0,1,5.1764362714980825,70.66250196097344,16,2,10,-0.8660254037844385,-0.5000000000000004,0.9749279121818236,-0.2225209339563143,-0.8660254037844386,0.5000000000000001,288.0,278.625,219.75,16.6,40.7,43.0,66.0,2.6,5.6690235,0.0,8.6,19.38333334,36.0,36.35,36.95,37.0,36.0,-11.01814813,-0.1629629966666641,-0.2233333333333327,8.636666666666667,8.411999999999999,19.589506174444445,8.723555555555556,6.014922,6.0728164,6.185425,6.2087035,5.9979086,0,0.0,0,1.0,-0.79,18.1,81.9
2022-10-19 16:15:00,114.11571302222,55.799712355556,55.811656327778,19.38333334,8.411999999999999,36.0,1,5.1764362714980825,70.66250196097344,16,2,10,-0.8660254037844385,-0.5000000000000004,0.9749279121818236,-0.2225209339563143,-0.8660254037844386,0.5000000000000001,270.75,279.0,228.29166666666663,16.975,41.5,57.25,70.25,2.9,5.824423,0.475,8.05,19.35740739333333,36.0,36.0,36.35,36.95,36.0,-10.97133334,-0.048148123333334,-0.0013333333333349,8.413333333333334,8.516,19.46975308777778,8.487333333333332,5.9979086,6.014922,6.0728164,6.185425,5.9887643,0,0.0,0,1.0,-0.8,18.5,81.5
2022-10-19 16:30:00,96.043658166664,57.3535391,57.364927511112,19.35740739333333,8.516,36.0,1,5.1764362714980825,70.66250196097344,16,2,10,-0.8660254037844385,-0.5000000000000004,0.9749279121818236,-0.2225209339563143,-0.8660254037844386,0.5000000000000001,253.5,273.5,235.875,17.35,42.3,71.5,74.5,3.2,5.9612284,0.95,7.5,19.34999998,36.0,36.0,36.0,36.35,36.0,-10.841407393333332,-0.0259259466666677,0.1040000000000009,8.411999999999999,8.583333333333334,19.390740732222223,8.447111111111111,5.9887643,5.9979086,6.014922,6.0728164,5.9861546,0,0.0,0,1.0,-0.81,18.7,81.3
2022-10-19 16:45:00,90.387495555552,57.577696783334,57.590474072222,19.34999998,8.583333333333334,36.0,1,5.1764362714980825,70.66250196097344,16,2,10,-0.8660254037844385,-0.5000000000000004,0.9749279121818236,-0.2225209339563143,-0.8660254037844386,0.5000000000000001,236.25,262.125,242.5,17.725,43.1,85.75,78.75,3.5,6.080414,1.4249999999999998,6.95,19.3333333,36.0,36.0,36.0,36.0,36.0,-10.766666646666666,-0.0074074133333326,0.0673333333333339,8.516,8.586,19.36358023777778,8.503777777777778,5.9861546,5.9887643,5.9979086,6.014922,5.980284,0,0.0,0,1.0,-0.81,18.8,81.2
2022-10-19 17:00:00,101.514828111112,57.443813288888,57.455479472222,19.3333333,8.586,36.0,1,5.1764362714980825,70.66250196097344,17,2,10,-0.9659258262890684,-0.2588190451025206,0.9749279121818236,-0.2225209339563143,-0.8660254037844386,0.5000000000000001,219.0,244.875,248.16666666666663,18.1,43.9,100.0,83.0,3.8,6.1829166,1.9,6.4,19.32777775,36.0,36.0,36.0,36.0,36.0,-10.7473333,-0.0166666800000001,0.0026666666666663,8.583333333333334,8.188666666666666,19.34691355777778,8.561777777777777,5.980284,5.9861546,5.9887643,5.9979086,5.978328,0,0.0,0,1.0,-0.81,18.9,81.1
2022-10-19 17:15:00,103.770015583338,57.367149655556,57.379649155556,19.32777775,8.188666666666666,36.0,1,5.1764362714980825,70.66250196097344,17,2,10,-0.9659258262890684,-0.2588190451025206,0.9749279121818236,-0.2225209339563143,-0.8660254037844386,0.5000000000000001,168.75,219.375,247.3125,16.75,42.55,85.25,83.75,3.8,6.188029,1.45,6.275,19.2814815,36.0,36.0,36.0,36.0,36.18333333333333,-11.139111083333333,-0.0055555500000004,-0.397333333333334,8.586,7.876,19.33703701,8.452666666666667,5.978328,5.980284,5.9861546,5.9887643,5.9924164,0,0.0,0,1.0,-0.81,18.9,81.1
2022-10-19 17:30:00,101.58315867778,57.55047563889,57.560752961114,19.2814815,7.876,36.18333333333333,1,5.1764362714980825,70.66250196097344,17,2,10,-0.9659258262890684,-0.2588190451025206,0.9749279121818236,-0.2225209339563143,-0.8660254037844386,0.5000000000000001,118.5,185.625,239.9375,15.4,41.2,70.5,84.5,3.8,6.1925955,1.0,6.15,19.2777778,36.0,36.0,36.0,36.0,36.85,-11.405481499999995,-0.046296250000001,-0.312666666666666,8.188666666666666,7.152,19.314197516666667,8.216888888888889,5.9924164,5.978328,5.980284,5.9861546,6.101495,0,0.0,0,1.0,-0.82,19.3,80.7
2022-10-19 17:45:00,440.22933462222,57.4993666,57.511588344444,19.2777778,7.152,36.85,1,5.1764362714980825,70.66250196097344,17,2,10,-0.9659258262890684,-0.2588190451025206,0.9749279121818236,-0.2225209339563143,-0.8660254037844386,0.5000000000000001,68.25,143.625,226.04166666666663,14.05,39.85,55.75,85.25,3.8,6.196625,0.55,6.025,19.257407413333333,36.18333333333333,36.0,36.0,36.0,37.18333333333333,-12.125777799999998,-0.003703699999999,-0.7240000000000002,7.876,6.798,19.295679016666664,7.73888888888889,6.101495,5.9924164,5.978328,5.980284,6.1493053,0,0.0,0,1.0,-0.82,19.2,80.8
2022-10-19 18:00:00,96.91279008333,57.554919927778,57.566308355556,19.257407413333333,6.798,37.18333333333333,1,5.1764362714980825,70.66250196097344,18,2,10,-1.0,-1.8369701987210294e-16,0.9749279121818236,-0.2225209339563143,-0.8660254037844386,0.5000000000000001,18.0,93.375,205.625,12.7,38.5,41.0,86.0,3.8,6.2001243,0.1,5.9,19.2222222,36.85,36.18333333333333,36.0,36.0,37.5,-12.459407413333333,-0.0203703866666664,-0.3540000000000001,7.152,6.613333333333333,19.272222237777772,7.275333333333333,6.1493053,6.101495,5.9924164,5.978328,6.188833,0,0.0,0,1.0,-0.82,19.3,80.7
2022-10-19 18:15:00,109.22007543889,57.319651555556,57.330206666668,19.2222222,6.613333333333333,37.5,1,5.1764362714980825,70.66250196097344,18,2,10,-1.0,-1.8369701987210294e-16,0.9749279121818236,-0.2225209339563143,-0.8660254037844386,0.5000000000000001,13.75,54.625,184.33333333333331,14.475,38.775,55.25,85.0,3.55,6.0979486,0.075,5.825,19.2222222,37.18333333333333,36.85,36.18333333333333,36.0,37.5,-12.608888866666668,-0.0351852133333316,-0.1846666666666667,6.798,6.562666666666667,19.25246913777778,6.854444444444444,6.188833,6.1493053,6.101495,5.9924164,6.188833,0,0.0,0,1.0,-0.83,19.5,80.5
2022-10-19 18:30:00,102.439513305558,57.574085827778,57.585196483334,19.2222222,6.562666666666667,37.5,1,5.1764362714980825,70.66250196097344,18,2,10,-1.0,-1.8369701987210294e-16,0.9749279121818236,-0.2225209339563143,-0.8660254037844386,0.5000000000000001,9.5,27.375,162.16666666666666,16.25,39.05,69.5,84.0,3.3,5.996609,0.05,5.75,19.1888889,37.5,37.18333333333333,36.85,36.18333333333333,37.6,-12.659555533333334,0.0,-0.0506666666666664,6.613333333333333,6.531999999999999,19.233950604444445,6.657999999999999,6.188833,6.188833,6.1493053,6.101495,6.19316,0,0.0,0,1.0,-0.83,19.5,80.5
2022-10-19 18:45:00,221.307258505554,57.714080244444,57.731301772222,19.1888889,6.531999999999999,37.6,1,5.1764362714980825,70.66250196097344,18,2,10,-1.0,-1.8369701987210294e-16,0.9749279121818236,-0.2225209339563143,-0.8660254037844386,0.5000000000000001,5.249999999999998,11.625,139.125,18.025,39.325,83.75,83.0,3.05,5.896099,0.0249999999999999,5.675,19.238888886666665,37.5,37.5,37.18333333333333,36.85,38.61666666666667,-12.656888899999998,-0.0333333000000024,-0.0306666666666677,6.562666666666667,6.512,19.2111111,6.569333333333333,6.19316,6.188833,6.188833,6.1493053,6.3793845,0,0.0,0,1.0,-0.84,19.8,80.2
2022-10-19 19:00:00,131.879724550002,58.256280755556,58.26544703889,19.238888886666665,6.512,38.61666666666667,1,5.1764362714980825,70.66250196097344,19,2,10,-0.9659258262890684,0.2588190451025203,0.9749279121818236,-0.2225209339563143,-0.8660254037844386,0.5000000000000001,1.0,7.375,115.20833333333331,19.8,39.6,98.0,82.0,2.8,5.7964153,0.0,5.6,19.28333335,37.6,37.5,37.5,37.18333333333333,39.35,-12.726888886666664,0.0499999866666662,-0.0199999999999995,6.531999999999999,6.5280000000000005,19.21666666222222,6.535555555555554,6.3793845,6.19316,6.188833,6.188833,6.517567,0,0.0,0,1.0,-0.82,19.2,80.8
2022-10-19 19:15:00,131.133365422228,58.271002383334,58.279613122224,19.28333335,6.5280000000000005,39.35,1,5.1764362714980825,70.66250196097344,19,2,10,-0.9659258262890684,0.2588190451025203,0.9749279121818236,-0.2225209339563143,-0.8660254037844386,0.5000000000000001,0.75,4.125,92.70833333333331,19.525,39.95,91.75,77.75,2.2,5.5778294,0.0,5.824999999999999,19.349999986666667,38.61666666666667,37.6,37.5,37.5,39.31666666666667,-12.75533335,0.0444444633333347,0.0160000000000009,6.512,6.573333333333333,19.237037045555557,6.523999999999998,6.517567,6.3793845,6.19316,6.188833,6.5376563,0,0.0,0,1.0,-0.81,18.7,81.3
2022-10-19 19:30:00,142.121259372222,61.1233883,61.138109944444,19.349999986666667,6.573333333333333,39.31666666666667,1,5.1764362714980825,70.66250196097344,19,2,10,-0.9659258262890684,0.2588190451025203,0.9749279121818236,-0.2225209339563143,-0.8660254037844386,0.5000000000000001,0.5,1.875,71.625,19.25,40.3,85.5,73.5,1.6,5.351302,0.0,6.05,19.3888889,39.35,38.61666666666667,37.6,37.5,38.6,-12.776666653333333,0.0666666366666675,0.0453333333333327,6.5280000000000005,6.634,19.29074074111111,6.537777777777777,6.5376563,6.517567,6.3793845,6.19316,6.4331937,0,0.0,0,1.0,-0.79,18.1,81.9
2022-10-19 19:45:00,162.555164266664,69.021683455556,69.049182405554,19.3888889,6.634,38.6,1,5.1764362714980825,70.66250196097344,19,2,10,-0.9659258262890684,0.2588190451025203,0.9749279121818236,-0.2225209339563143,-0.8660254037844386,0.5000000000000001,0.25,0.625,51.958333333333336,18.975,40.65,79.25,69.25,0.9999999999999998,5.116668,0.0,6.275,19.3888889,39.31666666666667,39.35,38.61666666666667,37.6,37.85,-12.7548889,0.0388889133333343,0.060666666666667,6.573333333333333,6.744666666666666,19.340740745555557,6.578444444444444,6.4331937,6.5376563,6.517567,6.3793845,6.308196,0,0.0,0,1.0,-0.78,18.0,82.0
2022-10-19 20:00:00,149.741232411108,58.092398411112,58.119341816666,19.3888889,6.744666666666666,37.85,1,5.1764362714980825,70.66250196097344,20,2,10,-0.8660254037844386,0.5000000000000001,0.9749279121818236,-0.2225209339563143,-0.8660254037844386,0.5000000000000001,0.0,0.375,33.708333333333336,18.7,41.0,73.0,65.0,0.4,4.873763,0.0,6.5,19.34999998,38.6,39.31666666666667,39.35,38.61666666666667,37.5,-12.644222233333334,0.0,0.110666666666666,6.634,6.804,19.37592592888889,6.650666666666666,6.308196,6.4331937,6.5376563,6.517567,6.235577,0,0.0,0,1.0,-0.79,18.1,81.9
2022-10-19 20:15:00,147.51826578333,57.873240544444,57.899906177776,19.34999998,6.804,37.5,1,5.1764362714980825,70.66250196097344,20,2,10,-0.8660254037844386,0.5000000000000001,0.9749279121818236,-0.2225209339563143,-0.8660254037844386,0.5000000000000001,0.0,0.1875,19.64583333333333,18.725,40.55,79.75,65.75,0.55,4.92196,0.0,6.475,19.31296295,37.85,38.6,39.31666666666667,39.35,37.5,-12.54599998,-0.0388889200000015,0.0593333333333339,6.744666666666666,7.048,19.375925926666667,6.727555555555554,6.235577,6.308196,6.4331937,6.5376563,6.2219973,0,0.0,0,1.0,-0.8,18.5,81.5
2022-10-19 20:30:00,137.847819150002,58.044344766668,58.074065844444,19.31296295,7.048,37.5,1,5.1764362714980825,70.66250196097344,20,2,10,-0.8660254037844386,0.5000000000000001,0.9749279121818236,-0.2225209339563143,-0.8660254037844386,0.5000000000000001,0.0,0.0625,9.770833333333334,18.75,40.1,86.5,66.5,0.7,4.969985,0.0,6.45,19.2777778,37.5,37.85,38.6,39.31666666666667,37.5,-12.26496295,-0.0370370300000004,0.2439999999999997,6.804,7.410666666666667,19.350617276666668,6.865555555555555,6.2219973,6.235577,6.308196,6.4331937,6.2091203,0,0.0,0,1.0,-0.81,18.8,81.2
2022-10-19 20:45:00,161.511317055556,57.785744044444,57.835186549998,19.2777778,7.410666666666667,37.5,1,5.1764362714980825,70.66250196097344,20,2,10,-0.8660254037844386,0.5000000000000001,0.9749279121818236,-0.2225209339563143,-0.8660254037844386,0.5000000000000001,0.0,0.0,4.083333333333333,18.775,39.650000000000006,93.25,67.25,0.8500000000000001,5.0178394,0.0,6.425000000000001,19.2777778,37.5,37.5,37.85,38.6,37.31666666666667,-11.867111133333331,-0.0351851500000002,0.3626666666666667,7.048,7.609333333333334,19.31358024333333,7.0875555555555545,6.2091203,6.2219973,6.235577,6.308196,6.178764,0,0.0,0,1.0,-0.82,19.1,80.9
2022-10-19 21:00:00,168.038278299996,57.835464288888,57.890739927774,19.2777778,7.609333333333334,37.31666666666667,1,5.1764362714980825,70.66250196097344,21,2,10,-0.7071067811865477,0.7071067811865474,0.9749279121818236,-0.2225209339563143,-0.8660254037844386,0.5000000000000001,0.0,0.0,2.583333333333333,18.8,39.2,100.0,68.0,1.0,5.0655227,0.0,6.4,19.2777778,37.5,37.5,37.5,37.85,37.0,-11.668444466666664,0.0,0.198666666666667,7.410666666666667,7.618,19.28950618333333,7.355999999999999,6.178764,6.2091203,6.2219973,6.235577,6.126332,0,0.0,0,1.0,-0.82,19.1,80.9
2022-10-19 21:15:00,233.173728211112,57.694358816666,57.746578977776,19.2777778,7.618,37.0,1,5.1764362714980825,70.66250196097344,21,2,10,-0.7071067811865477,0.7071067811865474,0.9749279121818236,-0.2225209339563143,-0.8660254037844386,0.5000000000000001,0.0,0.0,1.4375,18.0,39.475,95.0,70.0,1.175,5.138361,0.0,6.175000000000001,19.2777778,37.31666666666667,37.5,37.5,37.5,37.19642857142857,-11.6597778,0.0,0.0086666666666666,7.609333333333334,7.458571428571429,19.2777778,7.545999999999999,6.126332,6.178764,6.2091203,6.2219973,6.158856,0,0.0,0,1.0,-0.82,19.1,80.9
2022-10-19 21:30:00,172.63753872222,54.124223844444,54.173666349998,19.2777778,7.458571428571429,37.19642857142857,1,5.1764362714980825,70.66250196097344,21,2,10,-0.7071067811865477,0.7071067811865474,0.9749279121818236,-0.2225209339563143,-0.8660254037844386,0.5000000000000001,0.0,0.0,0.6458333333333331,17.2,39.75,90.0,72.0,1.35,5.2078495,0.0,5.95,19.28333335,37.0,37.31666666666667,37.5,37.5,37.5,-11.819206371428573,0.0,-0.1594285714285712,7.618,7.391333333333334,19.2777778,7.561968253968253,6.158856,6.126332,6.178764,6.2091203,6.211151,0,0.0,0,1.0,-0.82,19.1,80.9
2022-10-19 21:45:00,179.639480899996,59.596782716666,59.651225038886,19.28333335,7.391333333333334,37.5,1,5.1764362714980825,70.66250196097344,21,2,10,-0.7071067811865477,0.7071067811865474,0.9749279121818236,-0.2225209339563143,-0.8660254037844386,0.5000000000000001,0.0,0.0,0.2083333333333333,16.4,40.025,85.0,74.0,1.525,5.2740602,0.0,5.725,19.30925925,37.19642857142857,37.0,37.31666666666667,37.5,37.68333333333333,-11.892000016666666,0.0055555500000004,-0.0672380952380953,7.458571428571429,7.488,19.27962965,7.489301587301587,6.211151,6.158856,6.126332,6.178764,6.2510524,0,0.0,0,1.0,-0.82,19.0,81.0
2022-10-19 22:00:00,163.20819366111,57.877684783334,57.932682633332,19.30925925,7.488,37.68333333333333,1,5.1764362714980825,70.66250196097344,22,2,10,-0.5000000000000004,0.8660254037844384,0.9749279121818236,-0.2225209339563143,-0.8660254037844386,0.5000000000000001,0.0,0.0,0.125,15.6,40.3,80.0,76.0,1.7,5.337064,0.0,5.5,19.2777778,37.5,37.19642857142857,37.0,37.31666666666667,38.0,-11.82125925,0.0259259000000007,0.0966666666666666,7.391333333333334,7.372666666666666,19.290123466666667,7.445968253968253,6.2510524,6.211151,6.158856,6.126332,6.291908,0,0.0,0,1.0,-0.81,18.8,81.2
2022-10-19 22:15:00,172.7797552,57.802965572222,57.85907446111,19.2777778,7.372666666666666,38.0,1,5.1764362714980825,70.66250196097344,22,2,10,-0.5000000000000004,0.8660254037844384,0.9749279121818236,-0.2225209339563143,-0.8660254037844386,0.5000000000000001,0.0,0.0,0.0625,15.725,38.325,83.75,77.25,1.8,5.3892484,0.0,5.4,19.2777778,37.68333333333333,37.5,37.19642857142857,37.0,38.0,-11.905111133333332,-0.0314814500000011,-0.1153333333333339,7.488,7.109333333333334,19.290123466666667,7.417333333333333,6.291908,6.2510524,6.211151,6.158856,6.291908,0,0.0,0,1.0,-0.81,19.0,81.0
2022-10-19 22:30:00,164.734243799996,57.969625572222,58.02434568333,19.2777778,7.109333333333334,38.0,1,5.1764362714980825,70.66250196097344,22,2,10,-0.5000000000000004,0.8660254037844384,0.9749279121818236,-0.2225209339563143,-0.8660254037844386,0.5000000000000001,0.0,0.0,0.0208333333333333,15.85,36.35,87.5,78.5,1.9,5.440488,0.0,5.3,19.2777778,38.0,37.68333333333333,37.5,37.19642857142857,38.05,-12.168444466666664,0.0,-0.2633333333333327,7.372666666666666,6.919333333333333,19.288271616666663,7.323333333333333,6.291908,6.291908,6.2510524,6.211151,6.3001866,0,0.0,0,1.0,-0.81,19.0,81.0
2022-10-19 22:45:00,186.755585094442,57.875462655556,57.93046052222,19.2777778,6.919333333333333,38.05,1,5.1764362714980825,70.66250196097344,22,2,10,-0.5000000000000004,0.8660254037844384,0.9749279121818236,-0.2225209339563143,-0.8660254037844386,0.5000000000000001,0.0,0.0,0.0,15.975,34.375,91.25,79.75,2.0,5.490791,0.0,5.199999999999999,19.2777778,38.0,38.0,37.68333333333333,37.5,38.46666666666667,-12.358444466666665,0.0,-0.1900000000000004,7.109333333333334,6.772666666666667,19.2777778,7.1337777777777776,6.3001866,6.291908,6.291908,6.2510524,6.3691773,0,0.0,0,1.0,-0.81,19.0,81.0
2022-10-19 23:00:00,143.514259150002,57.852963555556,57.87657376111,19.2777778,6.772666666666667,38.46666666666667,1,5.1764362714980825,70.66250196097344,23,2,10,-0.2588190451025215,0.965925826289068,0.9749279121818236,-0.2225209339563143,-0.8660254037844386,0.5000000000000001,0.0,0.0,0.0,16.1,32.4,95.0,81.0,2.1,5.540168,0.0,5.1,19.283730175,38.05,38.0,38.0,37.68333333333333,38.5,-12.505111133333331,0.0,-0.1466666666666665,6.919333333333333,6.409285714285715,19.2777778,6.933777777777777,6.3691773,6.3001866,6.291908,6.291908,6.3769307,0,0.0,0,1.0,-0.81,18.9,81.1
2022-10-19 23:15:00,107.940126772218,54.398657316666,54.40476822222,19.283730175,6.409285714285715,38.5,1,5.1764362714980825,70.66250196097344,23,2,10,-0.2588190451025215,0.965925826289068,0.9749279121818236,-0.2225209339563143,-0.8660254037844386,0.5000000000000001,0.0,0.0,0.0,16.5,33.575,87.75,81.25,2.075,5.5389476,0.0,5.05,19.349999986666667,38.46666666666667,38.05,38.0,38.0,38.5,-12.874444460714283,0.0059523749999996,-0.3633809523809521,6.772666666666667,6.107333333333333,19.279761925,6.700428571428571,6.3769307,6.3691773,6.3001866,6.291908,6.4018598,0,0.0,0,1.0,-0.81,18.8,81.2
2022-10-19 23:30:00,110.681405933332,58.2668359,58.274335666664,19.349999986666667,6.107333333333333,38.5,1,5.1764362714980825,70.66250196097344,23,2,10,-0.2588190451025215,0.965925826289068,0.9749279121818236,-0.2225209339563143,-0.8660254037844386,0.5000000000000001,0.0,0.0,0.0,16.9,34.75,80.5,81.5,2.05,5.5376673,0.0,5.0,19.42777775,38.5,38.46666666666667,38.05,38.0,38.5,-13.242666653333334,0.0662698116666682,-0.3019523809523816,6.409285714285715,6.1866666666666665,19.303835987222225,6.429761904761904,6.4018598,6.3769307,6.3691773,6.3001866,6.431224,0,0.0,0,1.0,-0.79,18.3,81.7
2022-10-19 23:45:00,98.73466162222,58.202116305554,58.209060494442,19.42777775,6.1866666666666665,38.5,1,5.1764362714980825,70.66250196097344,23,2,10,-0.2588190451025215,0.965925826289068,0.9749279121818236,-0.2225209339563143,-0.8660254037844386,0.5000000000000001,0.0,0.0,0.0,17.3,35.925000000000004,73.25,81.75,2.025,5.5363274,0.0,4.95,19.4444444,38.5,38.5,38.46666666666667,38.05,38.5,-13.241111083333331,0.0777777633333336,0.0793333333333334,6.107333333333333,6.2170000000000005,19.353835970555554,6.2344285714285705,6.431224,6.4018598,6.3769307,6.3691773,6.43753,0,0.0,0,1.0,-0.78,17.7,82.3
2022-10-20 00:00:00,66.465396844444,38.848446,38.854001377776,19.4444444,6.2170000000000005,38.5,1,5.1764362714980825,70.66250196097344,0,3,10,0.0,1.0,0.4338837391175582,-0.900968867902419,-0.8660254037844386,0.5000000000000001,0.0,0.0,0.0,17.7,37.1,66.0,82.0,2.0,5.5349293,0.0,4.9,19.4444444,38.5,38.5,38.5,38.46666666666667,38.15,-13.227444399999998,0.0166666499999976,0.0303333333333339,6.1866666666666665,6.192666666666667,19.407407378888887,6.170333333333332,6.43753,6.431224,6.4018598,6.3769307,6.379008,0,0.0,0,1.0,-0.77,17.6,82.4
2022-10-20 00:15:00,111.574148005554,58.4609948,58.469327866664,19.4444444,6.192666666666667,38.15,1,5.1764362714980825,70.66250196097344,0,3,10,0.0,1.0,0.4338837391175582,-0.900968867902419,-0.8660254037844386,0.5000000000000001,0.0,0.0,0.0,17.175,37.1,74.25,81.75,1.95,5.4998345,0.0,4.8500000000000005,19.46481478666667,38.5,38.5,38.5,38.5,38.0,-13.25177773333333,0.0,-0.0243333333333337,6.2170000000000005,6.09,19.43888885,6.198777777777777,6.379008,6.43753,6.431224,6.4018598,6.361543,0,0.0,0,1.0,-0.77,17.6,82.4
2022-10-20 00:30:00,111.848581361114,58.489049244444,58.497660049998,19.46481478666667,6.09,38.0,1,5.1764362714980825,70.66250196097344,0,3,10,0.0,1.0,0.4338837391175582,-0.900968867902419,-0.8660254037844386,0.5000000000000001,0.0,0.0,0.0,16.65,37.1,82.5,81.5,1.9,5.4649034,0.0,4.800000000000001,19.5,38.15,38.5,38.5,38.5,38.0,-13.374814786666668,0.02037038666667,-0.1026666666666669,6.192666666666667,6.086666666666667,19.45123452888889,6.166555555555555,6.361543,6.379008,6.43753,6.431224,6.3747168,0,0.0,0,1.0,-0.77,17.5,82.5
2022-10-20 00:45:00,117.69445861667,58.54043603889,58.54821356111,19.5,6.086666666666667,38.0,1,5.1764362714980825,70.66250196097344,0,3,10,0.0,1.0,0.4338837391175582,-0.900968867902419,-0.8660254037844386,0.5000000000000001,0.0,0.0,0.0,16.125,37.1,90.75,81.25,1.85,5.4301343,0.0,4.75,19.5,38.0,38.15,38.5,38.5,38.0,-13.413333333333334,0.0351852133333316,-0.0033333333333329,6.09,6.118,19.469753062222225,6.12311111111111,6.3747168,6.361543,6.379008,6.43753,6.3747168,0,0.0,0,1.0,-0.76,17.2,82.8
2022-10-20 01:00:00,267.637627350002,58.646820733332,58.654042711108005,19.5,6.118,38.0,1,5.1764362714980825,70.66250196097344,1,3,10,0.2588190451025207,0.9659258262890684,0.4338837391175582,-0.900968867902419,-0.8660254037844386,0.5000000000000001,0.0,0.0,0.0,15.6,37.1,99.0,81.0,1.8,5.3955293,0.0,4.7,19.53888892,38.0,38.0,38.15,38.5,38.0,-13.382,0.0,0.0313333333333334,6.086666666666667,6.162000000000001,19.48827159555556,6.098222222222222,6.3747168,6.3747168,6.361543,6.379008,6.3893056,0,0.0,0,1.0,-0.76,17.2,82.8
2022-10-20 01:15:00,301.588769166672,58.513492716666,58.520992416666,19.53888892,6.162000000000001,38.0,1,5.1764362714980825,70.66250196097344,1,3,10,0.2588190451025207,0.9659258262890684,0.4338837391175582,-0.900968867902419,-0.8660254037844386,0.5000000000000001,0.0,0.0,0.0,16.05,37.0,98.25,80.5,1.725,5.3800106,0.0,4.75,19.5555556,38.0,38.0,38.0,38.15,38.0,-13.376888919999995,0.0388889199999979,0.0440000000000004,6.118,6.1193333333333335,19.51296297333333,6.122222222222223,6.3893056,6.3747168,6.3747168,6.361543,6.3955674,0,0.0,0,1.0,-0.75,16.9,83.1
2022-10-20 01:30:00,96.074212411112,58.505437472222,58.513770472222,19.5555556,6.1193333333333335,38.0,1,5.1764362714980825,70.66250196097344,1,3,10,0.2588190451025207,0.9659258262890684,0.4338837391175582,-0.900968867902419,-0.8660254037844386,0.5000000000000001,0.0,0.0,0.0,16.5,36.900000000000006,97.5,80.0,1.65,5.364322,0.0,4.800000000000001,19.55000004,38.0,38.0,38.0,38.0,38.0,-13.436222266666668,0.0166666800000037,-0.0426666666666673,6.162000000000001,5.854666666666668,19.53148150666667,6.13311111111111,6.3955674,6.3893056,6.3747168,6.3747168,6.39348,0,0.0,0,1.0,-0.75,16.8,83.2
2022-10-20 01:45:00,86.09655583334,29.8629721,29.868527444444,19.55000004,5.854666666666668,38.0,1,5.1764362714980825,70.66250196097344,1,3,10,0.2588190451025207,0.9659258262890684,0.4338837391175582,-0.900968867902419,-0.8660254037844386,0.5000000000000001,0.0,0.0,0.0,16.95,36.8,96.75,79.5,1.575,5.348463,0.0,4.8500000000000005,19.442592583333333,38.0,38.0,38.0,38.0,38.0,-13.695333373333334,-0.0055555600000012,-0.2646666666666659,6.1193333333333335,5.703333333333333,19.548148186666666,6.045333333333333,6.39348,6.3955674,6.3893056,6.3747168,6.353234,0,0.0,0,1.0,-0.75,16.9,83.1
2022-10-20 02:00:00,95.3145206,40.531989772222,40.537267394442,19.442592583333333,5.703333333333333,38.0,1,5.1764362714980825,70.66250196097344,2,3,10,0.4999999999999999,0.8660254037844387,0.4338837391175582,-0.900968867902419,-0.8660254037844386,0.5000000000000001,0.0,0.0,0.0,17.4,36.7,96.0,79.0,1.5,5.332432,0.0,4.9,19.3333333,38.0,38.0,38.0,38.0,37.95,-13.73925925,-0.1074074566666674,-0.1513333333333344,5.854666666666668,5.696666666666667,19.516049407777786,5.892444444444444,6.353234,6.39348,6.3955674,6.3893056,6.304216,0,0.0,0,1.0,-0.78,17.7,82.3
2022-10-20 02:15:00,104.611370944444,54.8994706,54.906692594442,19.3333333,5.696666666666667,37.95,1,5.1764362714980825,70.66250196097344,2,3,10,0.4999999999999999,0.8660254037844387,0.4338837391175582,-0.900968867902419,-0.8660254037844386,0.5000000000000001,0.0,0.0,0.0,17.2,36.625,91.75,78.5,1.475,5.31623,0.0,4.95,19.35238093428572,38.0,38.0,38.0,38.0,37.535714285714285,-13.636666633333332,-0.1092592833333334,-0.0066666666666659,5.703333333333333,5.627857142857144,19.441975307777778,5.751555555555555,6.304216,6.353234,6.39348,6.3955674,6.242389,0,0.0,0,1.0,-0.8,18.5,81.5
2022-10-20 02:30:00,97.991080349994,52.398181805554,52.404570499996,19.35238093428572,5.627857142857144,37.535714285714285,1,5.1764362714980825,70.66250196097344,2,3,10,0.4999999999999999,0.8660254037844387,0.4338837391175582,-0.900968867902419,-0.8660254037844386,0.5000000000000001,0.0,0.0,0.0,17.0,36.55,87.5,78.0,1.45,5.2998533,0.0,5.0,19.3888889,37.95,38.0,38.0,38.0,37.5,-13.724523791428572,0.0190476342857159,-0.0688095238095236,5.696666666666667,5.482,19.376102272539683,5.675952380952381,6.242389,6.304216,6.353234,6.39348,6.2498646,0,0.0,0,1.0,-0.8,18.5,81.5
2022-10-20 02:45:00,95.540066977784,57.520199066668,57.528532066668,19.3888889,5.482,37.5,1,5.1764362714980825,70.66250196097344,2,3,10,0.4999999999999999,0.8660254037844387,0.4338837391175582,-0.900968867902419,-0.8660254037844386,0.5000000000000001,0.0,0.0,0.0,16.8,36.475,83.25,77.5,1.4249999999999998,5.2833037,0.0,5.05,19.3888889,37.535714285714285,37.95,38.0,38.0,37.5,-13.906888900000002,0.0365079657142857,-0.1458571428571433,5.627857142857144,5.457333333333334,19.358201044761906,5.602174603174603,6.2498646,6.242389,6.304216,6.353234,6.2498646,0,0.0,0,1.0,-0.79,18.2,81.8
2022-10-20 03:00:00,101.870647144448,57.88379563889,57.89157316111,19.3888889,5.457333333333334,37.5,1,5.1764362714980825,70.66250196097344,3,3,10,0.7071067811865476,0.7071067811865476,0.4338837391175582,-0.900968867902419,-0.8660254037844386,0.5000000000000001,0.0,0.0,0.0,16.6,36.4,79.0,77.0,1.4,5.266579,0.0,5.1,19.39444445,37.5,37.535714285714285,37.95,38.0,37.45,-13.931555566666669,0.0,-0.0246666666666666,5.482,5.574,19.37671957809524,5.522396825396825,6.2498646,6.2498646,6.242389,6.304216,6.243571,0,0.0,0,1.0,-0.79,18.2,81.8
2022-10-20 03:15:00,114.023216655556,58.096842716666,58.104342449998,19.39444445,5.574,37.45,1,5.1764362714980825,70.66250196097344,3,3,10,0.7071067811865476,0.7071067811865476,0.4338837391175582,-0.900968867902419,-0.8660254037844386,0.5000000000000001,0.0,0.0,0.0,15.95,36.025,82.75,79.0,1.5,5.323622,0.125,4.875,19.42037035,37.5,37.5,37.535714285714285,37.95,37.03333333333333,-13.820444449999998,0.0055555499999968,0.1166666666666662,5.457333333333334,5.719333333333334,19.390740750000003,5.504444444444444,6.243571,6.2498646,6.2498646,6.242389,6.183528,0,0.0,0,1.0,-0.79,18.1,81.9
2022-10-20 03:30:00,111.919134172222,58.24905886111,58.258780738886,19.42037035,5.719333333333334,37.03333333333333,1,5.1764362714980825,70.66250196097344,3,3,10,0.7071067811865476,0.7071067811865476,0.4338837391175582,-0.900968867902419,-0.8660254037844386,0.5000000000000001,0.0,0.0,0.0,15.3,35.65,86.5,81.0,1.6,5.3776846,0.25,4.65,19.42777775,37.45,37.5,37.5,37.535714285714285,37.0,-13.701037016666664,0.0259259000000007,0.1453333333333342,5.574,5.8806666666666665,19.40123456666667,5.583555555555556,6.183528,6.243571,6.2498646,6.2498646,6.1806574,0,0.0,0,1.0,-0.79,18.0,82.0
2022-10-20 03:45:00,113.033533994446,58.401275005554,58.40933028333,19.42777775,5.8806666666666665,37.0,1,5.1764362714980825,70.66250196097344,3,3,10,0.7071067811865476,0.7071067811865476,0.4338837391175582,-0.900968867902419,-0.8660254037844386,0.5000000000000001,0.0,0.0,0.0,14.65,35.275,90.25,83.0,1.7,5.428831,0.375,4.425,19.4444444,37.03333333333333,37.45,37.5,37.5,37.0,-13.547111083333334,0.0074074000000017,0.1613333333333324,5.719333333333334,5.592666666666667,19.414197516666665,5.724666666666667,6.1806574,6.183528,6.243571,6.2498646,6.1867175,0,0.0,0,1.0,-0.78,18.0,82.0
2022-10-20 04:00:00,97.88886212222,58.339888544444,58.34738826111,19.4444444,5.592666666666667,37.0,1,5.1764362714980825,70.66250196097344,4,3,10,0.8660254037844386,0.5000000000000001,0.4338837391175582,-0.900968867902419,-0.8660254037844386,0.5000000000000001,0.0,0.0,0.0,14.0,34.9,94.0,85.0,1.8,5.47713,0.5,4.2,19.4444444,37.0,37.03333333333333,37.45,37.5,37.35,-13.851777733333332,0.0166666499999976,-0.2879999999999993,5.8806666666666665,4.926,19.430864166666662,5.730888888888889,6.1867175,6.1806574,6.183528,6.243571,6.2452407,0,0.0,0,1.0,-0.78,17.8,82.2
2022-10-20 04:15:00,97.65748246111,58.2460034,58.2535031,19.4444444,4.926,37.35,1,5.1764362714980825,70.66250196097344,4,3,10,0.8660254037844386,0.5000000000000001,0.4338837391175582,-0.900968867902419,-0.8660254037844386,0.5000000000000001,0.0,0.0,0.0,14.85,35.275,92.75,85.25,2.025,5.5575137,0.4,4.375,19.4444444,37.0,37.0,37.03333333333333,37.45,37.5,-14.518444399999998,0.0,-0.666666666666667,5.592666666666667,4.645333333333332,19.43888885,5.466444444444444,6.2452407,6.1867175,6.1806574,6.183528,6.2703223,0,0.0,0,1.0,-0.78,17.8,82.2
2022-10-20 04:30:00,106.281859572226,58.269613572222,58.276002233332,19.4444444,4.645333333333332,37.5,1,5.1764362714980825,70.66250196097344,4,3,10,0.8660254037844386,0.5000000000000001,0.4338837391175582,-0.900968867902419,-0.8660254037844386,0.5000000000000001,0.0,0.0,0.0,15.7,35.65,91.5,85.5,2.25,5.6389337,0.3,4.550000000000001,19.4444444,37.35,37.0,37.0,37.03333333333333,37.5,-14.799111066666663,0.0,-0.2806666666666677,4.926,4.638000000000001,19.4444444,5.054666666666666,6.2703223,6.2452407,6.1867175,6.1806574,6.2703223,0,0.0,0,1.0,-0.78,17.7,82.3
2022-10-20 04:45:00,110.460025822224,58.317944955556,58.325444672222,19.4444444,4.638000000000001,37.5,1,5.1764362714980825,70.66250196097344,4,3,10,0.8660254037844386,0.5000000000000001,0.4338837391175582,-0.900968867902419,-0.8660254037844386,0.5000000000000001,0.0,0.0,0.0,16.549999999999997,36.025,90.25,85.75,2.475,5.7214,0.1999999999999999,4.7250000000000005,19.4444444,37.5,37.35,37.0,37.0,37.5,-14.806444399999997,0.0,-0.0073333333333316,4.645333333333332,4.592,19.4444444,4.7364444444444445,6.2703223,6.2703223,6.2452407,6.1867175,6.2703223,0,0.0,0,1.0,-0.78,17.7,82.3
2022-10-20 05:00:00,116.865047444444,58.3334999,58.341277405554,19.4444444,4.592,37.5,1,5.1764362714980825,70.66250196097344,5,3,10,0.9659258262890684,0.2588190451025207,0.4338837391175582,-0.900968867902419,-0.8660254037844386,0.5000000000000001,0.0,0.0,0.0,17.4,36.4,89.0,86.0,2.7,5.8049264,0.1,4.9,19.48333332,37.5,37.5,37.35,37.0,37.5,-14.8524444,0.0,-0.0460000000000011,4.638000000000001,4.884666666666666,19.4444444,4.62511111111111,6.2703223,6.2703223,6.2703223,6.2452407,6.284678,0,0.0,0,1.0,-0.78,17.7,82.3
2022-10-20 05:15:00,107.040440427778,58.45293953889,58.460439272222,19.48333332,4.884666666666666,37.5,1,5.1764362714980825,70.66250196097344,5,3,10,0.9659258262890684,0.2588190451025207,0.4338837391175582,-0.900968867902419,-0.8660254037844386,0.5000000000000001,0.0,0.0,0.0,17.45,36.2,76.0,84.75,2.45,5.701663,0.075,4.8500000000000005,19.479629613333334,37.5,37.5,37.5,37.35,37.5,-14.598666653333334,0.0388889200000015,0.2926666666666664,4.592,5.288666666666667,19.457407373333336,4.704888888888888,6.284678,6.2703223,6.2703223,6.2703223,6.2833095,0,0.0,0,1.0,-0.77,17.4,82.6
2022-10-20 05:30:00,99.139089844444,58.288223911112,58.295445855556,19.479629613333334,5.288666666666667,37.5,1,5.1764362714980825,70.66250196097344,5,3,10,0.9659258262890684,0.2588190451025207,0.4338837391175582,-0.900968867902419,-0.8660254037844386,0.5000000000000001,0.0,0.0,0.0,17.5,36.0,63.0,83.5,2.2,5.5990114,0.05,4.800000000000001,19.4444444,37.5,37.5,37.5,37.5,37.55,-14.190962946666666,-0.0037037066666663,0.4040000000000008,4.884666666666666,5.5280000000000005,19.469135777777776,4.921777777777777,6.2833095,6.284678,6.2703223,6.2703223,6.278682,0,0.0,0,1.0,-0.77,17.5,82.5
2022-10-20 05:45:00,154.92713598333398,58.079898944444,58.087398677776,19.4444444,5.5280000000000005,37.55,1,5.1764362714980825,70.66250196097344,5,3,10,0.9659258262890684,0.2588190451025207,0.4338837391175582,-0.900968867902419,-0.8660254037844386,0.5000000000000001,0.0,0.0,0.0,17.55,35.8,50.0,82.25,1.95,5.496967,0.0249999999999999,4.75,19.4444444,37.5,37.5,37.5,37.5,37.96666666666667,-13.916444399999998,-0.0351852133333352,0.2393333333333336,5.288666666666667,5.4446666666666665,19.469135777777776,5.233777777777777,6.278682,6.2833095,6.284678,6.2703223,6.348353,0,0.0,0,1.0,-0.78,17.7,82.3
2022-10-20 06:00:00,251.112177377776,59.070414888888,59.076248038886,19.4444444,5.4446666666666665,37.96666666666667,1,5.1764362714980825,70.66250196097344,6,3,10,1.0,6.123233995736766e-17,0.4338837391175582,-0.900968867902419,-0.8660254037844386,0.5000000000000001,0.0,0.0,0.0,17.6,35.6,37.0,81.0,1.7,5.3955293,0.0,4.7,19.36111108,37.55,37.5,37.5,37.5,37.95,-13.999777733333332,0.0,-0.0833333333333339,5.5280000000000005,5.34,19.45617280444444,5.420444444444445,6.348353,6.278682,6.2833095,6.284678,6.314532,0,0.0,0,1.0,-0.78,17.7,82.3
2022-10-20 06:15:00,476.903423233328,56.941055633332,56.94466662222,19.36111108,5.34,37.95,1,5.1764362714980825,70.66250196097344,6,3,10,1.0,6.123233995736766e-17,0.4338837391175582,-0.900968867902419,-0.8660254037844386,0.5000000000000001,0.0,0.0,0.0,17.625,35.8,48.0,80.0,1.375,5.2761955,0.0,4.55,19.26111111333333,37.96666666666667,37.55,37.5,37.5,37.53333333333333,-14.02111108,-0.0833333199999977,-0.1046666666666666,5.4446666666666665,5.070666666666667,19.416666626666665,5.437555555555555,6.314532,6.348353,6.278682,6.2833095,6.208542,0,0.0,0,1.0,-0.79,18.3,81.7
2022-10-20 06:30:00,136.540927044444,56.662177872222,56.668288794442,19.26111111333333,5.070666666666667,37.53333333333333,1,5.1764362714980825,70.66250196097344,6,3,10,1.0,6.123233995736766e-17,0.4338837391175582,-0.900968867902419,-0.8660254037844386,0.5000000000000001,0.0,0.0,0.0,17.65,36.0,59.0,79.0,1.05,5.15863,0.0,4.4,19.17777779,37.95,37.96666666666667,37.55,37.5,37.15,-14.190444446666667,-0.0999999666666653,-0.269333333333333,5.34,4.931333333333333,19.35555553111111,5.285111111111111,6.208542,6.314532,6.348353,6.278682,6.115036,0,0.0,0,1.0,-0.82,19.2,80.8
2022-10-20 06:45:00,118.772471227774,58.516825883334,58.524325649998,19.17777779,4.931333333333333,37.15,1,5.1764362714980825,70.66250196097344,6,3,10,1.0,6.123233995736766e-17,0.4338837391175582,-0.900968867902419,-0.8660254037844386,0.5000000000000001,0.0,0.0,0.0,17.675,36.2,70.0,78.0,0.7250000000000001,5.0428133,0.0,4.25,19.11481480666667,37.53333333333333,37.95,37.96666666666667,37.55,37.0,-14.246444456666667,-0.0833333233333348,-0.1393333333333339,5.070666666666667,4.903333333333333,19.266666661111117,5.113999999999999,6.115036,6.208542,6.314532,6.348353,6.0677824,0,0.0,0,1.0,-0.84,19.9,80.1
2022-10-20 07:00:00,120.313242894442,57.631583527778,57.637694466664,19.11481480666667,4.903333333333333,37.0,1,5.1764362714980825,70.66250196097344,7,3,10,0.9659258262890684,-0.2588190451025206,0.4338837391175582,-0.900968867902419,-0.8660254037844386,0.5000000000000001,0.0,0.0,0.0,17.7,36.4,81.0,77.0,0.4,4.9287252,0.0,4.1,19.06666669,37.15,37.53333333333333,37.95,37.96666666666667,37.0,-14.211481473333336,-0.0629629833333318,-0.0279999999999995,4.931333333333333,5.003333333333333,19.18456790333333,4.968444444444444,6.0677824,6.115036,6.208542,6.314532,6.0505753,0,0.0,0,1.0,-0.86,20.5,79.5
2022-10-20 07:15:00,122.10428221667,56.376355972222,56.383577916666,19.06666669,5.003333333333333,37.0,1,5.1764362714980825,70.66250196097344,7,3,10,0.9659258262890684,-0.2588190451025206,0.4338837391175582,-0.900968867902419,-0.8660254037844386,0.5000000000000001,3.25,0.8125,0.2708333333333333,17.675,36.85,85.75,76.25,0.35,4.913307,0.0,4.199999999999999,19.003703706666663,37.0,37.15,37.53333333333333,37.95,36.81666666666667,-14.063333356666664,-0.0481481166666704,0.0999999999999996,4.903333333333333,5.1113333333333335,19.11975309555556,4.945999999999999,6.0505753,6.0677824,6.115036,6.208542,5.9982696,0,0.0,0,1.0,-0.87,20.9,79.1
2022-10-20 07:30:00,114.14793381667,56.382189055556,56.389411016666,19.003703706666663,5.1113333333333335,36.81666666666667,1,5.1764362714980825,70.66250196097344,7,3,10,0.9659258262890684,-0.2588190451025206,0.4338837391175582,-0.900968867902419,-0.8660254037844386,0.5000000000000001,6.5,2.4375,0.8125,17.65,37.3,90.5,75.5,0.3,4.8974366,0.0,4.3,18.96111108,37.0,37.0,37.15,37.53333333333333,36.5,-13.892370373333332,-0.0629629833333318,0.1080000000000005,5.003333333333333,5.1693333333333324,19.06172840111111,5.005999999999999,5.9982696,6.0505753,6.0677824,6.115036,5.9317455,0,0.0,0,1.0,-0.88,21.5,78.5
2022-10-20 07:45:00,121.251816466664,56.499962144444,56.507184138886,18.96111108,5.1693333333333324,36.5,1,5.1764362714980825,70.66250196097344,7,3,10,0.9659258262890684,-0.2588190451025206,0.4338837391175582,-0.900968867902419,-0.8660254037844386,0.5000000000000001,9.75,4.875,1.625,17.625,37.75,95.25,74.75,0.25,4.8811083,0.0,4.4,18.9444444,36.81666666666667,37.0,37.0,37.15,36.31666666666667,-13.79177774666667,-0.0425926266666643,0.0579999999999989,5.1113333333333335,5.258,19.010493825555557,5.094666666666666,5.9317455,5.9982696,6.0505753,6.0677824,5.8961463,0,0.0,0,1.0,-0.9,21.9,78.1
2022-10-20 08:00:00,130.143960683334,68.737805944444,68.746972277776,18.9444444,5.258,36.31666666666667,1,5.1764362714980825,70.66250196097344,8,3,10,0.8660254037844387,-0.4999999999999998,0.4338837391175582,-0.900968867902419,-0.8660254037844386,0.5000000000000001,13.0,8.125,2.708333333333333,17.6,38.2,100.0,74.0,0.2,4.8643184,0.0,4.5,18.97222221,36.5,36.81666666666667,37.0,37.0,36.0,-13.6864444,-0.0166666800000037,0.0886666666666675,5.1693333333333324,5.5,18.96975306222222,5.179555555555555,5.8961463,5.9317455,5.9982696,6.0505753,5.8543277,0,0.0,0,1.0,-0.9,22.1,77.9
2022-10-20 08:15:00,114.379035755556,57.070772627778,57.077994588888,18.97222221,5.5,36.0,1,5.1764362714980825,70.66250196097344,8,3,10,0.8660254037844387,-0.4999999999999998,0.4338837391175582,-0.900968867902419,-0.8660254037844386,0.5000000000000001,34.5,15.9375,5.583333333333333,17.400000000000002,38.1,100.0,71.25,0.0,4.7855105,0.0,4.825,18.916666656666667,36.31666666666667,36.5,36.81666666666667,37.0,36.0,-13.472222209999998,0.0277778099999999,0.242,5.258,5.692666666666667,18.95925923,5.30911111111111,5.8543277,5.8961463,5.9317455,5.9982696,5.835156,0,0.0,0,1.0,-0.9,21.9,78.1
2022-10-20 08:30:00,126.783539555556,58.820147116666,58.827646833332,18.916666656666667,5.692666666666667,36.0,1,5.1764362714980825,70.66250196097344,8,3,10,0.8660254037844387,-0.4999999999999998,0.4338837391175582,-0.900968867902419,-0.8660254037844386,0.5000000000000001,56.0,28.3125,10.25,17.200000000000003,38.0,100.0,68.5,-0.2,4.7006936,0.0,5.15,18.9444444,36.0,36.31666666666667,36.5,36.81666666666667,35.65,-13.22399999,-0.0555555533333311,0.1926666666666667,5.5,5.78,18.944444422222222,5.483555555555555,5.835156,5.8543277,5.8961463,5.9317455,5.7879114,0,0.0,0,1.0,-0.91,22.4,77.6
2022-10-20 08:45:00,112.456057261106,57.534365183334,57.5426982,18.9444444,5.78,35.65,1,5.1764362714980825,70.66250196097344,8,3,10,0.8660254037844387,-0.4999999999999998,0.4338837391175582,-0.900968867902419,-0.8660254037844386,0.5000000000000001,77.5,45.25,16.708333333333332,17.0,37.9,100.0,65.75,-0.4000000000000001,4.6096725,0.0,5.475,18.96481478666667,36.0,36.0,36.31666666666667,36.5,35.5,-13.164444399999995,0.0277777433333312,0.0873333333333334,5.692666666666667,5.890000000000001,18.94444442222222,5.657555555555555,5.7879114,5.835156,5.8543277,5.8961463,5.7704926,0,0.0,0,1.0,-0.9,22.2,77.8
2022-10-20 09:00:00,97.601929066668,58.0093462,58.01712363889,18.96481478666667,5.890000000000001,35.5,1,5.1764362714980825,70.66250196097344,9,3,10,0.7071067811865476,-0.7071067811865475,0.4338837391175582,-0.900968867902419,-0.8660254037844386,0.5000000000000001,99.0,66.75,24.95833333333333,16.8,37.8,100.0,63.0,-0.6,4.5122457,0.0,5.8,19.03888892,35.65,36.0,36.0,36.31666666666667,35.5,-13.074814786666668,0.02037038666667,0.1100000000000003,5.78,6.052666666666667,18.94197528111111,5.787555555555556,5.7704926,5.7879114,5.835156,5.8543277,5.795777,0,0.0,0,1.0,-0.9,22.1,77.9
2022-10-20 09:15:00,104.716922255556,58.25378083889,58.263224944444,19.03888892,6.052666666666667,35.5,1,5.1764362714980825,70.66250196097344,9,3,10,0.7071067811865476,-0.7071067811865475,0.4338837391175582,-0.900968867902419,-0.8660254037844386,0.5000000000000001,103.5,84.0,33.583333333333336,17.475,38.7,99.75,61.75,-0.775,4.4591384,0.0,5.925,19.07592595,35.5,35.65,36.0,36.0,35.5,-12.986222253333333,0.0740741333333296,0.1626666666666665,5.890000000000001,6.280666666666666,18.982716035555555,5.907555555555555,5.795777,5.7704926,5.7879114,5.835156,5.808453,0,0.0,0,1.0,-0.88,21.4,78.6
2022-10-20 09:30:00,95.608953272222,58.443217744444,58.451828466668,19.07592595,6.280666666666666,35.5,1,5.1764362714980825,70.66250196097344,9,3,10,0.7071067811865476,-0.7071067811865475,0.4338837391175582,-0.900968867902419,-0.8660254037844386,0.5000000000000001,108.0,97.0,42.583333333333336,18.15,39.6,99.5,60.5,-0.95,4.4048133,0.0,6.05,19.11666666,35.5,35.5,35.65,36.0,35.45,-12.795259283333335,0.037037030000004,0.2279999999999988,6.052666666666667,6.439333333333334,19.02654321888889,6.0744444444444445,5.808453,5.795777,5.7704926,5.7879114,5.8142247,0,0.0,0,1.0,-0.87,21.1,78.9
2022-10-20 09:45:00,115.134283377776,58.408219111112,58.418218777776,19.11666666,6.439333333333334,35.45,1,5.1764362714980825,70.66250196097344,9,3,10,0.7071067811865476,-0.7071067811865475,0.4338837391175582,-0.900968867902419,-0.8660254037844386,0.5000000000000001,112.5,105.75,51.958333333333336,18.825,40.5,99.25,59.25,-1.125,4.3492556,0.0,6.175,19.18333334333333,35.5,35.5,35.5,35.65,35.03333333333333,-12.677333326666666,0.0407407099999979,0.1586666666666678,6.280666666666666,6.5,19.07716051,6.257555555555555,5.8142247,5.808453,5.795777,5.7704926,5.7685127,0,0.0,0,1.0,-0.86,20.8,79.2
2022-10-20 10:00:00,117.122259405554,58.4501619,58.459328233332,19.18333334333333,6.5,35.03333333333333,1,5.1764362714980825,70.66250196097344,10,3,10,0.4999999999999999,-0.8660254037844387,0.4338837391175582,-0.900968867902419,-0.8660254037844386,0.5000000000000001,117.0,110.25,61.708333333333336,19.5,41.4,99.0,58.0,-1.3,4.292451,0.0,6.3,19.22777776,35.45,35.5,35.5,35.5,34.95,-12.683333343333334,0.0666666833333344,0.0606666666666662,6.439333333333334,6.575333333333333,19.125308651111112,6.406666666666666,5.7685127,5.8142247,5.808453,5.795777,5.769881,0,0.0,0,1.0,-0.85,20.3,79.7
2022-10-20 10:15:00,110.67085082222,58.467661233332,58.476827549998,19.22777776,6.575333333333333,34.95,1,5.1764362714980825,70.66250196097344,10,3,10,0.4999999999999999,-0.8660254037844387,0.4338837391175582,-0.900968867902419,-0.8660254037844386,0.5000000000000001,150.75,122.0625,74.0,19.625,42.475,99.0,56.25,-1.5,4.2383685,0.0,6.575,19.274074093333333,35.03333333333333,35.45,35.5,35.5,34.53333333333333,-12.652444426666666,0.0444444166666642,0.075333333333333,6.5,6.656666666666666,19.175925921111112,6.504888888888889,5.769881,5.7685127,5.8142247,5.808453,5.716663,0,0.0,0,1.0,-0.84,19.9,80.1
2022-10-20 10:30:00,104.979689577776,58.429329416666,58.43821796111,19.274074093333333,6.656666666666666,34.53333333333333,1,5.1764362714980825,70.66250196097344,10,3,10,0.4999999999999999,-0.8660254037844387,0.4338837391175582,-0.900968867902419,-0.8660254037844386,0.5000000000000001,184.5,141.1875,88.83333333333333,19.75,43.55,99.0,54.5,-1.7000000000000002,4.1807475,0.0,6.85,19.28333335,34.95,35.03333333333333,35.45,35.5,34.45,-12.617407426666666,0.0462963333333341,0.0813333333333332,6.575333333333333,6.794,19.22839506555556,6.577333333333333,5.716663,5.769881,5.7685127,5.8142247,5.7059774,0,0.0,0,1.0,-0.83,19.6,80.4
2022-10-20 10:45:00,97.667204138894,58.304612155556,58.31294513889,19.28333335,6.794,34.45,1,5.1764362714980825,70.66250196097344,10,3,10,0.4999999999999999,-0.8660254037844387,0.4338837391175582,-0.900968867902419,-0.8660254037844386,0.5000000000000001,218.25,167.625,106.20833333333331,19.875,44.625,99.0,52.75,-1.9,4.11949,0.0,7.125,19.3296296,34.53333333333333,34.95,35.03333333333333,35.45,34.03333333333333,-12.48933335,0.0092592566666667,0.1373333333333333,6.656666666666666,6.864000000000001,19.26172840111111,6.675333333333332,5.7059774,5.716663,5.769881,5.7685127,5.652352,0,0.0,0,1.0,-0.83,19.6,80.4
2022-10-20 11:00:00,95.101751344444,58.335722027778,58.345166116666,19.3296296,6.864000000000001,34.03333333333333,1,5.1764362714980825,70.66250196097344,11,3,10,0.258819045102521,-0.9659258262890682,0.4338837391175582,-0.900968867902419,-0.8660254037844386,0.5000000000000001,252.0,201.375,126.125,20.0,45.7,99.0,51.0,-2.1,4.0544996,0.0,7.4,19.30555556,34.45,34.53333333333333,34.95,35.03333333333333,34.0,-12.465629599999996,0.0462962499999974,0.0700000000000011,6.794,7.0906666666666665,19.295679014444445,6.771555555555556,5.652352,5.7059774,5.716663,5.769881,5.6388173,0,0.0,0,1.0,-0.82,19.3,80.7
2022-10-20 11:15:00,115.448715299996,58.475438672222,58.482938405554,19.30555556,7.0906666666666665,34.0,1,5.1764362714980825,70.66250196097344,11,3,10,0.258819045102521,-0.9659258262890682,0.4338837391175582,-0.900968867902419,-0.8660254037844386,0.5000000000000001,302.5,239.3125,148.45833333333334,20.0,45.625,99.25,50.0,-2.075,4.0660286,0.0,7.75,19.361111106666662,34.03333333333333,34.45,34.53333333333333,34.95,33.81666666666667,-12.214888893333336,-0.024074039999995,0.2266666666666656,6.864000000000001,7.593333333333334,19.306172836666665,6.916222222222221,5.6388173,5.652352,5.7059774,5.716663,5.626783,0,0.0,0,1.0,-0.83,19.5,80.5
2022-10-20 11:30:00,624.92083558333,58.140452072222,58.14906286111,19.361111106666662,7.593333333333334,33.81666666666667,1,5.1764362714980825,70.66250196097344,11,3,10,0.258819045102521,-0.9659258262890682,0.4338837391175582,-0.900968867902419,-0.8660254037844386,0.5000000000000001,353.0,281.4375,173.20833333333334,20.0,45.55,99.5,49.0,-2.05,4.0756955,0.0,8.100000000000001,19.32777775,34.0,34.03333333333333,34.45,34.53333333333333,33.85,-11.767777773333332,0.0555555466666639,0.5026666666666673,7.0906666666666665,7.812,19.33209875555556,7.182666666666666,5.626783,5.6388173,5.652352,5.7059774,5.621289,0,0.0,0,1.0,-0.82,19.1,80.9
2022-10-20 11:45:00,324.23869655000203,59.286795083334,59.295683611112,19.32777775,7.812,33.85,1,5.1764362714980825,70.66250196097344,11,3,10,0.258819045102521,-0.9659258262890682,0.4338837391175582,-0.900968867902419,-0.8660254037844386,0.5000000000000001,403.5,327.75,200.375,20.0,45.475,99.75,48.0,-2.025,4.0834193,0.0,8.450000000000001,19.2814815,33.81666666666667,34.0,34.03333333333333,34.45,34.18333333333333,-11.515777749999998,-0.0333333566666667,0.2186666666666665,7.593333333333334,8.06,19.331481472222222,7.498666666666666,5.621289,5.626783,5.6388173,5.652352,5.6611915,0,0.0,0,1.0,-0.82,19.3,80.7
2022-10-20 12:00:00,120.284355050002,57.795188066668,57.802687816666,19.2814815,8.06,34.18333333333333,1,5.1764362714980825,70.66250196097344,12,3,10,1.2246467991473532e-16,-1.0,0.4338837391175582,-0.900968867902419,-0.8660254037844386,0.5000000000000001,454.0,378.25,229.95833333333331,20.0,45.4,100.0,47.0,-2.0,4.089119,0.0,8.8,19.2777778,33.85,33.81666666666667,34.0,34.03333333333333,34.45,-11.221481499999998,-0.046296250000001,0.2480000000000002,7.812,8.267333333333333,19.323456785555557,7.821777777777778,5.6611915,5.621289,5.626783,5.6388173,5.704111,0,0.0,0,1.0,-0.83,19.7,80.3
2022-10-20 12:15:00,99.802119022216,58.125452688888,58.134063494442,19.2777778,8.267333333333333,34.45,1,5.1764362714980825,70.66250196097344,12,3,10,1.2246467991473532e-16,-1.0,0.4338837391175582,-0.900968867902419,-0.8660254037844386,0.5000000000000001,381.75,398.0625,253.14583333333331,19.225,45.4,100.0,47.0,-2.2,4.037032,0.0,8.600000000000001,19.29814815,34.18333333333333,33.85,33.81666666666667,34.0,34.03333333333333,-11.010444466666666,-0.003703699999999,0.2073333333333327,8.06,8.719333333333333,19.295679016666664,8.046444444444445,5.704111,5.6611915,5.621289,5.626783,5.6418824,0,0.0,0,1.0,-0.83,19.6,80.4
2022-10-20 12:30:00,107.765133688888,57.828520083334,57.835742077776,19.29814815,8.719333333333333,34.03333333333333,1,5.1764362714980825,70.66250196097344,12,3,10,1.2246467991473532e-16,-1.0,0.4338837391175582,-0.900968867902419,-0.8660254037844386,0.5000000000000001,309.5,387.1875,269.9375,18.45,45.4,100.0,47.0,-2.4,3.9855258,0.0,8.4,19.33888886,34.45,34.18333333333333,33.85,33.81666666666667,33.65,-10.578814816666666,0.0203703500000003,0.4519999999999999,8.267333333333333,8.814,19.28580248333333,8.348888888888888,5.6418824,5.704111,5.6611915,5.621289,5.5917325,0,0.0,0,1.0,-0.83,19.5,80.5
2022-10-20 12:45:00,103.62196612222,58.133785672222,58.14128542222,19.33888886,8.814,33.65,1,5.1764362714980825,70.66250196097344,12,3,10,1.2246467991473532e-16,-1.0,0.4338837391175582,-0.900968867902419,-0.8660254037844386,0.5000000000000001,237.25,345.625,280.3333333333333,17.674999999999997,45.4,100.0,47.0,-2.6,3.9345922,0.0,8.2,19.36481480666667,34.03333333333333,34.45,34.18333333333333,33.85,33.5,-10.52488886,0.0407407100000014,0.0946666666666669,8.719333333333333,8.613333333333333,19.30493827,8.600222222222222,5.5917325,5.6418824,5.704111,5.6611915,5.575308,0,0.0,0,1.0,-0.82,19.3,80.7
2022-10-20 13:00:00,115.347608227774,57.67408186111,57.68435928333,19.36481480666667,8.613333333333333,33.5,1,5.1764362714980825,70.66250196097344,13,3,10,-0.2588190451025208,-0.9659258262890684,0.4338837391175582,-0.900968867902419,-0.8660254037844386,0.5000000000000001,165.0,273.375,284.3333333333333,16.9,45.4,100.0,47.0,-2.8,3.8842292,0.0,8.0,19.3333333,33.65,34.03333333333333,34.45,34.18333333333333,33.5,-10.751481473333335,0.0259259466666677,-0.2006666666666667,8.814,8.937333333333333,19.33395060555556,8.715555555555556,5.575308,5.5917325,5.6418824,5.704111,5.564986,0,0.0,0,1.0,-0.82,19.1,80.9
2022-10-20 13:15:00,126.409110050002,58.007679583334,58.01573486111,19.3333333,8.937333333333333,33.5,1,5.1764362714980825,70.66250196097344,13,3,10,-0.2588190451025208,-0.9659258262890684,0.4338837391175582,-0.900968867902419,-0.8660254037844386,0.5000000000000001,167.25,219.75,285.7083333333333,16.625,43.225,100.0,46.5,-2.875,3.8553119,0.0,8.05,19.31296295,33.5,33.65,34.03333333333333,34.45,33.31666666666667,-10.395999966666666,-0.0314815066666689,0.3239999999999998,8.613333333333333,9.056666666666668,19.34567898888889,8.788222222222222,5.564986,5.575308,5.5917325,5.6418824,5.5278993,0,0.0,0,1.0,-0.83,19.4,80.6
2022-10-20 13:30:00,101.619546088892,57.680470472222,57.68824796111,19.31296295,9.056666666666668,33.31666666666667,1,5.1764362714980825,70.66250196097344,13,3,10,-0.2588190451025208,-0.9659258262890684,0.4338837391175582,-0.900968867902419,-0.8660254037844386,0.5000000000000001,169.5,184.75,284.4583333333333,16.35,41.05,100.0,46.0,-2.95,3.8261628,0.0,8.1,19.31666665,33.5,33.5,33.65,34.03333333333333,32.95,-10.256296283333333,-0.0203703500000003,0.1193333333333335,8.937333333333333,8.876,19.33703701888889,8.86911111111111,5.5278993,5.564986,5.575308,5.5917325,5.4682546,0,0.0,0,1.0,-0.83,19.6,80.4
2022-10-20 13:45:00,102.614506388888,57.982125072222,57.989902544444,19.31666665,8.876,32.95,1,5.1764362714980825,70.66250196097344,13,3,10,-0.2588190451025208,-0.9659258262890684,0.4338837391175582,-0.900968867902419,-0.8660254037844386,0.5000000000000001,171.75,168.375,280.5833333333333,16.075,38.875,100.0,45.5,-3.025,3.7967806,0.0,8.149999999999999,19.31296295,33.31666666666667,33.5,33.5,33.65,32.53333333333333,-10.44066665,0.003703699999999,-0.1806666666666672,9.056666666666668,9.093333333333334,19.32098763333333,8.956666666666665,5.4682546,5.5278993,5.564986,5.575308,5.3979287,0,0.0,0,1.0,-0.83,19.6,80.4
2022-10-20 14:00:00,122.406492344448,71.759351744444,71.769073588888,19.31296295,9.093333333333334,32.53333333333333,2,5.1764362714980825,70.66250196097344,14,3,10,-0.4999999999999997,-0.8660254037844388,0.4338837391175582,-0.900968867902419,-0.8660254037844386,0.5000000000000001,174.0,170.625,274.0833333333333,15.8,36.7,100.0,45.0,-3.1,3.767163,0.0,8.2,19.35000001,32.95,33.31666666666667,33.5,33.5,32.15,-10.219629616666666,-0.003703699999999,0.2173333333333342,8.876,9.019333333333332,19.314197516666667,9.008666666666665,5.3979287,5.4682546,5.5278993,5.564986,5.3459682,0,0.0,1,1.0,-0.83,19.7,80.3
2022-10-20 14:15:00,114.354592333332,58.874033827778,58.883755738886,19.35000001,9.019333333333332,32.15,1,5.1764362714980825,70.66250196097344,14,3,10,-0.4999999999999997,-0.8660254037844388,0.4338837391175582,-0.900968867902419,-0.8660254037844386,0.5000000000000001,182.25,174.375,264.0625,15.8,36.35,100.0,44.75,-3.15,3.7583067,0.0,8.25,19.337037006666662,32.53333333333333,32.95,33.31666666666667,33.5,31.816666666666663,-10.330666676666668,0.0370370599999994,-0.0740000000000016,9.093333333333334,8.811333333333332,19.326543203333333,8.996222222222222,5.3459682,5.3979287,5.4682546,5.5278993,5.286505,0,0.0,1,1.0,-0.83,19.5,80.5
2022-10-20 14:30:00,121.558470766668,58.205449455556,58.213782472222,19.337037006666662,8.811333333333332,31.816666666666663,1,5.1764362714980825,70.66250196097344,14,3,10,-0.4999999999999997,-0.8660254037844388,0.4338837391175582,-0.900968867902419,-0.8660254037844386,0.5000000000000001,190.5,179.625,250.52083333333331,15.8,36.0,100.0,44.5,-3.2,3.74935,0.0,8.3,19.3333333,32.15,32.53333333333333,32.95,33.31666666666667,31.45,-10.525703673333334,-0.0129630033333327,-0.2080000000000001,9.019333333333332,8.696666666666667,19.33333332222222,8.974666666666666,5.286505,5.3459682,5.3979287,5.4682546,5.2244425,0,0.0,0,1.0,-0.83,19.6,80.4
2022-10-20 14:45:00,105.75938053889,57.730468472222,57.73824596111,19.3333333,8.696666666666667,31.45,1,5.1764362714980825,70.66250196097344,14,3,10,-0.4999999999999997,-0.8660254037844388,0.4338837391175582,-0.900968867902419,-0.8660254037844386,0.5000000000000001,198.75,186.375,233.45833333333331,15.8,35.65,100.0,44.25,-3.25,3.740291,0.0,8.35,19.3333333,31.816666666666663,32.15,32.53333333333333,32.95,31.03333333333333,-10.636666633333332,-0.0037037066666663,-0.1146666666666647,8.811333333333332,8.782,19.340123438888888,8.842444444444444,5.2244425,5.286505,5.3459682,5.3979287,5.155226,0,0.0,0,1.0,-0.84,19.7,80.3
2022-10-20 15:00:00,99.502964088892,57.771022433332,57.778522133332,19.3333333,8.782,31.03333333333333,1,5.1764362714980825,70.66250196097344,15,3,10,-0.7071067811865471,-0.7071067811865479,0.4338837391175582,-0.900968867902419,-0.8660254037844386,0.5000000000000001,207.0,194.625,212.875,15.8,35.3,100.0,44.0,-3.3,3.7311306,0.0,8.4,19.3333333,31.45,31.816666666666663,32.15,32.53333333333333,30.95,-10.5513333,0.0,0.0853333333333328,8.696666666666667,8.780666666666667,19.33456786888889,8.763333333333334,5.155226,5.2244425,5.286505,5.3459682,5.1413827,0,0.0,0,1.0,-0.84,19.8,80.2
2022-10-20 15:15:00,109.433400305554,57.8593522,57.866296405554,19.3333333,8.780666666666667,30.95,1,5.1764362714980825,70.66250196097344,15,3,10,-0.7071067811865471,-0.7071067811865479,0.4338837391175582,-0.900968867902419,-0.8660254037844386,0.5000000000000001,194.25,197.625,197.25,15.525,35.125,100.0,44.5,-3.1,3.7735298,0.0,8.4,19.3333333,31.03333333333333,31.45,31.816666666666663,32.15,30.53333333333333,-10.552666633333333,0.0,-0.0013333333333331,8.782,8.732,19.3333333,8.753111111111112,5.1413827,5.155226,5.2244425,5.286505,5.072166,0,0.0,0,1.0,-0.84,19.8,80.2
2022-10-20 15:30:00,122.62620583889,59.591782916666,59.599560405554,19.3333333,8.732,30.53333333333333,1,5.1764362714980825,70.66250196097344,15,3,10,-0.7071067811865471,-0.7071067811865479,0.4338837391175582,-0.900968867902419,-0.8660254037844386,0.5000000000000001,181.5,195.375,186.58333333333331,15.25,34.95,100.0,45.0,-2.9,3.815929,0.0,8.4,19.3333333,30.95,31.03333333333333,31.45,31.816666666666663,30.8,-10.6013333,0.0,-0.0486666666666675,8.780666666666667,8.696666666666667,19.3333333,8.764888888888889,5.072166,5.1413827,5.155226,5.2244425,5.1164646,0,0.0,0,1.0,-0.84,19.9,80.1
2022-10-20 15:45:00,115.470936411116,57.648527266668,57.656026966668,19.3333333,8.696666666666667,30.8,1,5.1764362714980825,70.66250196097344,15,3,10,-0.7071067811865471,-0.7071067811865479,0.4338837391175582,-0.900968867902419,-0.8660254037844386,0.5000000000000001,168.75,187.875,180.875,14.975,34.775,100.0,45.5,-2.7,3.858328,0.0,8.4,19.3333333,30.53333333333333,30.95,31.03333333333333,31.45,30.53333333333333,-10.636666633333332,0.0,-0.0353333333333321,8.732,8.71,19.3333333,8.736444444444444,5.1164646,5.072166,5.1413827,5.155226,5.072166,0,0.0,0,1.0,-0.84,19.9,80.1
2022-10-20 16:00:00,110.38586222222,57.766855916666,57.774355666664,19.3333333,8.71,30.53333333333333,1,5.1764362714980825,70.66250196097344,16,3,10,-0.8660254037844385,-0.5000000000000004,0.4338837391175582,-0.900968867902419,-0.8660254037844386,0.5000000000000001,156.0,175.125,180.125,14.7,34.6,100.0,46.0,-2.5,3.9007275,0.0,8.4,19.3333333,30.8,30.53333333333333,30.95,31.03333333333333,30.45,-10.6233333,0.0,0.0133333333333336,8.696666666666667,8.657333333333332,19.3333333,8.71288888888889,5.072166,5.1164646,5.072166,5.1413827,5.0583234,0,0.0,0,1.0,-0.84,19.9,80.1
2022-10-20 16:15:00,100.799578988888,59.336237572222,59.345959449998,19.3333333,8.657333333333332,30.45,1,5.1764362714980825,70.66250196097344,16,3,10,-0.8660254037844385,-0.5000000000000004,0.4338837391175582,-0.900968867902419,-0.8660254037844386,0.5000000000000001,143.25,162.375,178.125,14.65,34.05,100.0,46.0,-2.525,3.9007275,0.0,8.4,19.3333333,30.53333333333333,30.8,30.53333333333333,30.95,30.03333333333333,-10.675999966666668,0.0,-0.0526666666666688,8.71,8.7,19.3333333,8.687999999999999,5.0583234,5.072166,5.1164646,5.072166,4.9891067,0,0.0,0,1.0,-0.84,19.9,80.1
2022-10-20 16:30:00,104.150278272222,57.862407644444,57.869907394442,19.3333333,8.7,30.03333333333333,1,5.1764362714980825,70.66250196097344,16,3,10,-0.8660254037844385,-0.5000000000000004,0.4338837391175582,-0.900968867902419,-0.8660254037844386,0.5000000000000001,130.5,149.625,174.875,14.6,33.5,100.0,46.0,-2.55,3.9007275,0.0,8.4,19.3333333,30.45,30.53333333333333,30.8,30.53333333333333,30.0,-10.6333333,0.0,0.0426666666666673,8.657333333333332,8.783333333333333,19.3333333,8.68911111111111,4.9891067,5.0583234,5.072166,5.1164646,4.98357,0,0.0,0,1.0,-0.84,20.0,80.0
2022-10-20 16:45:00,119.834928611112,57.604084644444,57.612139905554,19.3333333,8.783333333333333,30.0,1,5.1764362714980825,70.66250196097344,16,3,10,-0.8660254037844385,-0.5000000000000004,0.4338837391175582,-0.900968867902419,-0.8660254037844386,0.5000000000000001,117.75,136.875,170.375,14.55,32.95,100.0,46.0,-2.575,3.9007275,0.0,8.4,19.3333333,30.03333333333333,30.45,30.53333333333333,30.8,30.0,-10.549999966666666,0.0,0.0833333333333339,8.7,8.735999999999999,19.3333333,8.713555555555553,4.98357,4.9891067,5.0583234,5.072166,4.98357,0,0.0,0,1.0,-0.84,20.0,80.0
2022-10-20 17:00:00,114.262929250002,57.649082811112,57.6576936,19.3333333,8.735999999999999,30.0,1,5.1764362714980825,70.66250196097344,17,3,10,-0.9659258262890684,-0.2588190451025206,0.4338837391175582,-0.900968867902419,-0.8660254037844386,0.5000000000000001,105.0,124.125,164.625,14.5,32.4,100.0,46.0,-2.6,3.9007275,0.0,8.4,19.3333333,30.0,30.03333333333333,30.45,30.53333333333333,30.0,-10.5973333,0.0,-0.0473333333333343,8.783333333333333,8.664666666666667,19.3333333,8.739777777777777,4.98357,4.98357,4.9891067,5.0583234,4.98357,0,0.0,0,1.0,-0.84,20.0,80.0
2022-10-20 17:15:00,107.355427844444,57.582141105554,57.590474172218,19.3333333,8.664666666666667,30.0,1,5.1764362714980825,70.66250196097344,17,3,10,-0.9659258262890684,-0.2588190451025206,0.4338837391175582,-0.900968867902419,-0.8660254037844386,0.5000000000000001,85.25,109.625,156.54166666666666,14.175,32.05,100.0,46.25,-2.65,3.884284,0.0,8.25,19.3333333,30.0,30.0,30.03333333333333,30.45,29.816666666666663,-10.668666633333332,0.0,-0.0713333333333317,8.735999999999999,8.616000000000001,19.3333333,8.728,4.98357,4.98357,4.98357,4.9891067,4.953114,0,0.0,0,1.0,-0.84,20.0,80.0
2022-10-20 17:30:00,102.813387416662,57.78879943889,57.796854683334,19.3333333,8.616000000000001,29.816666666666663,1,5.1764362714980825,70.66250196097344,17,3,10,-0.9659258262890684,-0.2588190451025206,0.4338837391175582,-0.900968867902419,-0.8660254037844386,0.5000000000000001,65.5,93.375,146.125,13.85,31.7,100.0,46.5,-2.7,3.8677518,0.0,8.1,19.3333333,30.0,30.0,30.0,30.03333333333333,29.55,-10.717333299999998,0.0,-0.0486666666666657,8.664666666666667,8.673333333333334,19.3333333,8.672222222222222,4.953114,4.98357,4.98357,4.98357,4.908816,0,0.0,0,1.0,-0.84,20.1,79.9
2022-10-20 17:45:00,99.145200849994,57.535754027778,57.542975972222,19.3333333,8.673333333333334,29.55,1,5.1764362714980825,70.66250196097344,17,3,10,-0.9659258262890684,-0.2588190451025206,0.4338837391175582,-0.900968867902419,-0.8660254037844386,0.5000000000000001,45.75,75.375,133.375,13.525,31.35,100.0,46.75,-2.75,3.8511324,0.0,7.95,19.31296295,29.816666666666663,30.0,30.0,30.0,29.78333333333333,-10.659999966666666,0.0,0.0573333333333323,8.616000000000001,8.645999999999999,19.3333333,8.651333333333334,4.908816,4.953114,4.98357,4.98357,4.9416485,0,0.0,0,1.0,-0.85,20.1,79.9
2022-10-20 18:00:00,395.21169098333,58.224615372222,58.233503966664,19.31296295,8.645999999999999,29.78333333333333,1,5.1764362714980825,70.66250196097344,18,3,10,-1.0,-1.8369701987210294e-16,0.4338837391175582,-0.900968867902419,-0.8660254037844386,0.5000000000000001,26.0,55.625,118.29166666666669,13.2,31.0,100.0,47.0,-2.8,3.8344297,0.0,7.8,19.2777778,29.55,29.816666666666663,30.0,30.0,29.85,-10.66696295,-0.0203703500000003,-0.0273333333333347,8.673333333333334,8.672666666666666,19.32654318333333,8.645111111111111,4.9416485,4.908816,4.953114,4.98357,4.9424596,0,0.0,0,1.0,-0.85,20.2,79.8
2022-10-20 18:15:00,216.817993566668,57.904905944444,57.91240566111,19.2777778,8.672666666666666,29.85,1,5.1764362714980825,70.66250196097344,18,3,10,-1.0,-1.8369701987210294e-16,0.4338837391175582,-0.900968867902419,-0.8660254037844386,0.5000000000000001,19.5,39.1875,103.72916666666669,12.4,30.175,100.0,47.75,-2.725,3.8642845,0.0,7.675,19.2777778,29.78333333333333,29.55,29.816666666666663,30.0,30.0,-10.605111133333333,-0.0351851500000002,0.0266666666666672,8.645999999999999,8.825999999999999,19.308024683333333,8.664,4.9424596,4.9416485,4.908816,4.953114,4.967296,0,0.0,0,1.0,-0.86,20.5,79.5
2022-10-20 18:30:00,101.64565642777,57.700747444444,57.708247194442,19.2777778,8.825999999999999,30.0,1,5.1764362714980825,70.66250196097344,18,3,10,-1.0,-1.8369701987210294e-16,0.4338837391175582,-0.900968867902419,-0.8660254037844386,0.5000000000000001,13.0,26.0625,89.6875,11.6,29.35,100.0,48.5,-2.65,3.8933783,0.0,7.55,19.2777778,29.85,29.78333333333333,29.55,29.816666666666663,30.2,-10.4517778,0.0,0.1533333333333324,8.672666666666666,8.693333333333333,19.289506183333334,8.714888888888888,4.967296,4.9424596,4.9416485,4.908816,5.0004115,0,0.0,0,1.0,-0.86,20.5,79.5
2022-10-20 18:45:00,110.695849872218,58.015734827778,58.021845733332,19.2777778,8.693333333333333,30.2,1,5.1764362714980825,70.66250196097344,18,3,10,-1.0,-1.8369701987210294e-16,0.4338837391175582,-0.900968867902419,-0.8660254037844386,0.5000000000000001,6.5,16.25,76.16666666666667,10.8,28.525,100.0,49.25,-2.575,3.921721,0.0,7.425,19.2777778,30.0,29.85,29.78333333333333,29.55,30.48333333333333,-10.584444466666666,0.0,-0.1326666666666653,8.825999999999999,8.609999999999998,19.2777778,8.730666666666666,5.0004115,4.967296,4.9424596,4.9416485,5.047324,0,0.0,0,1.0,-0.86,20.5,79.5
2022-10-20 19:00:00,212.838152783334,57.660749027778,57.667970972222,19.2777778,8.609999999999998,30.48333333333333,1,5.1764362714980825,70.66250196097344,19,3,10,-0.9659258262890684,0.2588190451025203,0.4338837391175582,-0.900968867902419,-0.8660254037844386,0.5000000000000001,0.0,9.75,63.16666666666666,10.0,27.7,100.0,50.0,-2.5,3.9493208,0.0,7.3,19.31666665,30.2,30.0,29.85,29.78333333333333,30.55,-10.6677778,0.0,-0.0833333333333357,8.693333333333333,8.463333333333333,19.2777778,8.709777777777775,5.047324,5.0004115,4.967296,4.9424596,5.0699596,0,0.0,0,1.0,-0.85,20.4,79.6
2022-10-20 19:15:00,145.495291055556,57.972680983334,57.978791955552,19.31666665,8.463333333333333,30.55,1,5.1764362714980825,70.66250196097344,19,3,10,-0.9659258262890684,0.2588190451025203,0.4338837391175582,-0.900968867902419,-0.8660254037844386,0.5000000000000001,0.0,4.875,51.22916666666666,8.675,25.725,100.0,54.75,-1.725,4.213611,0.0,6.9,19.374074036666663,30.48333333333333,30.2,30.0,29.85,30.966666666666665,-10.853333316666664,0.0388888499999993,-0.1466666666666647,8.609999999999998,8.286,19.29074075,8.588888888888887,5.0699596,5.047324,5.0004115,4.967296,5.156501,0,0.0,0,1.0,-0.84,20.1,79.9
2022-10-20 19:30:00,186.327268911108,58.313778455556,58.352943588888,19.374074036666663,8.286,30.966666666666665,1,5.1764362714980825,70.66250196097344,19,3,10,-0.9659258262890684,0.2588190451025203,0.4338837391175582,-0.900968867902419,-0.8660254037844386,0.5000000000000001,0.0,1.625,40.35416666666666,7.35,23.75,100.0,59.5,-0.95,4.4613676,0.0,6.5,19.44999996,30.55,30.48333333333333,30.2,30.0,31.0,-11.088074036666669,0.057407386666668,-0.1773333333333333,8.463333333333333,8.252,19.32283949555556,8.45311111111111,5.156501,5.0699596,5.047324,5.0004115,5.1851597,0,0.0,0,1.0,-0.83,19.5,80.5
2022-10-20 19:45:00,191.248738677776,58.529880944444,58.574879161110005,19.44999996,8.252,31.0,1,5.1764362714980825,70.66250196097344,19,3,10,-0.9659258262890684,0.2588190451025203,0.4338837391175582,-0.900968867902419,-0.8660254037844386,0.5000000000000001,0.0,0.0,30.541666666666668,6.025,21.775,100.0,64.25,-0.1749999999999998,4.693182,0.0,6.1,19.51666668,30.966666666666665,30.55,30.48333333333333,30.2,31.0,-11.19799996,0.0759259233333331,-0.0339999999999989,8.286,8.152666666666667,19.38024688222222,8.333777777777778,5.1851597,5.156501,5.0699596,5.047324,5.2055244,0,0.0,0,1.0,-0.81,18.9,81.1
2022-10-20 20:00:00,724.694066711108,39.37148066111,39.41897876111,19.51666668,8.152666666666667,31.0,1,5.1764362714980825,70.66250196097344,20,3,10,-0.8660254037844386,0.5000000000000001,0.4338837391175582,-0.900968867902419,-0.8660254037844386,0.5000000000000001,0.0,0.0,21.791666666666668,4.7,19.8,100.0,69.0,0.6,4.9096346,0.0,5.7,19.50555557,31.0,30.966666666666665,30.55,30.48333333333333,32.8,-11.364000013333332,0.0666667200000006,-0.0993333333333339,8.252,7.96,19.44691355888889,8.230222222222222,5.2055244,5.1851597,5.156501,5.0699596,5.5041833,0,0.0,0,1.0,-0.8,18.4,81.6
2022-10-20 20:15:00,1067.02315078333,0.0,0.0,19.50555557,7.96,32.8,0,5.1764362714980825,70.66250196097344,20,3,10,-0.8660254037844386,0.5000000000000001,0.4338837391175582,-0.900968867902419,-0.8660254037844386,0.5000000000000001,0.0,0.0,14.6875,4.9,17.275,100.0,67.25,0.3,4.824554,0.0,5.825,19.396296306666667,31.0,31.0,30.966666666666665,30.55,33.96666666666667,-11.54555557,-0.011111109999998,-0.1926666666666667,8.152666666666667,8.02,19.490740736666663,8.121555555555554,5.5041833,5.2055244,5.1851597,5.156501,5.6634545,1,1.0,1,0.75,-0.79,18.1,81.9
2022-10-20 20:30:00,202.85966312222,64.9015705,64.947957544444,19.396296306666667,8.02,33.96666666666667,1,5.1764362714980825,70.66250196097344,20,3,10,-0.8660254037844386,0.5000000000000001,0.4338837391175582,-0.900968867902419,-0.8660254037844386,0.5000000000000001,0.0,0.0,9.229166666666666,5.1,14.75,100.0,65.5,0.0,4.737696,0.0,5.95,19.47222223,32.8,31.0,31.0,30.966666666666665,33.7,-11.376296306666667,-0.1092592633333353,0.0599999999999996,7.96,7.901333333333333,19.47283951888889,8.044222222222222,5.6634545,5.5041833,5.2055244,5.1851597,5.6441417,0,1.0,1,0.75,-0.81,18.8,81.2
2022-10-20 20:45:00,183.855423372218,55.468892272222,55.509724005554,19.47222223,7.901333333333333,33.7,1,5.1764362714980825,70.66250196097344,20,3,10,-0.8660254037844386,0.5000000000000001,0.4338837391175582,-0.900968867902419,-0.8660254037844386,0.5000000000000001,0.0,0.0,5.416666666666667,5.3,12.225,100.0,63.75,-0.3,4.649042,0.0,6.075,19.551851893333332,33.96666666666667,32.8,31.0,31.0,33.78333333333333,-11.570888896666666,0.0759259233333331,-0.1186666666666669,8.02,7.951333333333333,19.45802470222222,7.960444444444444,5.6441417,5.6634545,5.5041833,5.2055244,5.6846447,0,1.0,0,0.75,-0.79,18.2,81.8
2022-10-20 21:00:00,110.762513772222,56.561626311112,56.568292744444,19.551851893333332,7.951333333333333,33.78333333333333,1,5.1764362714980825,70.66250196097344,21,3,10,-0.7071067811865477,0.7071067811865474,0.4338837391175582,-0.900968867902419,-0.8660254037844386,0.5000000000000001,0.0,0.0,3.25,5.5,9.7,100.0,62.0,-0.6,4.558571,0.0,6.2,19.56111115,33.7,33.96666666666667,32.8,31.0,33.5,-11.60051856,0.0796296633333355,0.0500000000000007,7.901333333333333,8.11,19.47345681,7.957555555555555,5.6846447,5.6441417,5.6634545,5.5041833,5.6400375,0,1.0,0,0.75,-0.77,17.6,82.4
2022-10-20 21:15:00,113.393519611112,55.361952066668,55.3694518,19.56111115,8.11,33.5,1,5.1764362714980825,70.66250196097344,21,3,10,-0.7071067811865477,0.7071067811865474,0.4338837391175582,-0.900968867902419,-0.8660254037844386,0.5000000000000001,0.0,0.0,1.625,6.35,11.225,100.0,61.5,-0.675,4.536622,0.0,6.25,19.586904775,33.78333333333333,33.7,33.96666666666667,32.8,33.69642857142857,-11.45111115,0.0092592566666631,0.158666666666666,7.951333333333333,7.999285714285714,19.52839509111111,7.987555555555555,5.6400375,5.6846447,5.6441417,5.6634545,5.6817126,0,0.0,0,1.0,-0.77,17.6,82.4
2022-10-20 21:30:00,73.631499138886,0.0,0.0,19.586904775,7.999285714285714,33.69642857142857,0,5.1764362714980825,70.66250196097344,21,3,10,-0.7071067811865477,0.7071067811865474,0.4338837391175582,-0.900968867902419,-0.8660254037844386,0.5000000000000001,0.0,0.0,0.5416666666666666,7.2,12.75,100.0,61.0,-0.75,4.514474,0.0,6.300000000000001,19.47777776,33.5,33.78333333333333,33.7,33.96666666666667,33.95,-11.587619060714283,0.0257936250000021,-0.1107142857142848,8.11,7.920666666666666,19.56662260611111,8.02020634920635,5.6817126,5.6400375,5.6846447,5.6441417,5.6878695,1,1.0,1,0.75,-0.77,17.3,82.7
2022-10-20 21:45:00,89.166433233332,43.766304844444,43.774360088888,19.47777776,7.920666666666666,33.95,1,5.1764362714980825,70.66250196097344,21,3,10,-0.7071067811865477,0.7071067811865474,0.4338837391175582,-0.900968867902419,-0.8660254037844386,0.5000000000000001,0.0,0.0,0.0,8.05,14.275,100.0,60.5,-0.825,4.492127,0.0,6.3500000000000005,19.4444444,33.69642857142857,33.5,33.78333333333333,33.7,33.53333333333333,-11.557111093333331,-0.1091270150000021,-0.078619047619048,7.999285714285714,7.85,19.541931228333333,8.009984126984126,5.6878695,5.6817126,5.6400375,5.6846447,5.607061,0,1.0,1,0.75,-0.79,18.1,81.9
2022-10-20 22:00:00,321.634634083334,55.164182227778,55.173070772222,19.4444444,7.85,33.53333333333333,1,5.1764362714980825,70.66250196097344,22,3,10,-0.5000000000000004,0.8660254037844384,0.4338837391175582,-0.900968867902419,-0.8660254037844386,0.5000000000000001,0.0,0.0,0.0,8.9,15.8,100.0,60.0,-0.9,4.4695787,0.0,6.4,19.48333332,33.95,33.69642857142857,33.5,33.78333333333333,33.5,-11.5944444,-0.0333333600000003,-0.0706666666666668,7.920666666666666,7.837999999999999,19.503042311666665,7.92331746031746,5.607061,5.6878695,5.6817126,5.6400375,5.614312,0,1.0,0,0.75,-0.8,18.5,81.5
2022-10-20 22:15:00,243.36637612222,56.1594202,56.169142027778,19.48333332,7.837999999999999,33.5,1,5.1764362714980825,70.66250196097344,22,3,10,-0.5000000000000004,0.8660254037844384,0.4338837391175582,-0.900968867902419,-0.8660254037844386,0.5000000000000001,0.0,0.0,0.0,8.725,16.45,98.75,59.5,-1.025,4.432333,0.0,6.4,19.520370386666663,33.53333333333333,33.95,33.69642857142857,33.5,33.68333333333333,-11.64533332,0.0388889200000015,-0.0120000000000004,7.85,7.980666666666667,19.46851849333333,7.869555555555554,5.614312,5.607061,5.6878695,5.6817126,5.657342,0,1.0,0,0.75,-0.79,18.2,81.8
2022-10-20 22:30:00,91.171908594442,57.956570511112,57.964903511112,19.520370386666663,7.980666666666667,33.68333333333333,1,5.1764362714980825,70.66250196097344,22,3,10,-0.5000000000000004,0.8660254037844384,0.4338837391175582,-0.900968867902419,-0.8660254037844386,0.5000000000000001,0.0,0.0,0.0,8.55,17.1,97.5,59.0,-1.15,4.3950853,0.0,6.4,19.56111115,33.5,33.53333333333333,33.95,33.69642857142857,34.0,-11.53970372,0.0370370666666666,0.1426666666666678,7.837999999999999,8.012,19.482716035555555,7.889555555555554,5.657342,5.614312,5.607061,5.6878695,5.724217,0,0.0,0,1.0,-0.78,17.8,82.2
2022-10-20 22:45:00,121.217651149998,58.443217744444,58.450995266664,19.56111115,8.012,34.0,1,5.1764362714980825,70.66250196097344,22,3,10,-0.5000000000000004,0.8660254037844384,0.4338837391175582,-0.900968867902419,-0.8660254037844386,0.5000000000000001,0.0,0.0,0.0,8.375,17.75,96.25,58.5,-1.275,4.357839,0.0,6.4,19.58703705,33.68333333333333,33.5,33.53333333333333,33.95,34.18333333333333,-11.549111149999998,0.0407407633333321,0.0313333333333334,7.980666666666667,7.941999999999999,19.521604952222223,7.943555555555555,5.724217,5.657342,5.614312,5.607061,5.7638564,0,0.0,0,1.0,-0.77,17.5,82.5
2022-10-20 23:00:00,67.670904272218,22.6040958,22.608817877776,19.58703705,7.941999999999999,34.18333333333333,1,5.1764362714980825,70.66250196097344,23,3,10,-0.2588190451025215,0.965925826289068,0.4338837391175582,-0.900968867902419,-0.8660254037844386,0.5000000000000001,0.0,0.0,0.0,8.2,18.4,95.0,58.0,-1.4,4.3205924,0.0,6.4,19.502380965,34.0,33.68333333333333,33.5,33.53333333333333,34.44642857142857,-11.64503705,0.0259259000000007,-0.0700000000000011,8.012,7.737857142857143,19.556172862222223,7.978222222222222,5.7638564,5.724217,5.657342,5.614312,5.7793946,0,0.0,0,1.0,-0.76,17.3,82.7
2022-10-20 23:15:00,59.80038580555,24.845950572222,24.85039486111,19.502380965,7.737857142857143,34.44642857142857,1,5.1764362714980825,70.66250196097344,23,3,10,-0.2588190451025215,0.965925826289068,0.4338837391175582,-0.900968867902419,-0.8660254037844386,0.5000000000000001,0.0,0.0,0.0,8.25,17.849999999999998,74.5,59.75,-1.375,4.328881,0.0,5.9750000000000005,19.396296306666667,34.18333333333333,34.0,33.68333333333333,33.5,34.03333333333333,-11.764523822142854,-0.0846560850000024,-0.2041428571428563,7.941999999999999,7.507333333333333,19.55017638833333,7.897285714285712,5.7793946,5.7638564,5.724217,5.657342,5.6745706,0,0.0,0,1.0,-0.78,17.8,82.2
2022-10-20 23:30:00,98.714940227774,54.387546644444,54.393935288888,19.396296306666667,7.507333333333333,34.03333333333333,1,5.1764362714980825,70.66250196097344,23,3,10,-0.2588190451025215,0.965925826289068,0.4338837391175582,-0.900968867902419,-0.8660254037844386,0.5000000000000001,0.0,0.0,0.0,8.3,17.299999999999997,54.0,61.5,-1.35,4.3330398,0.0,5.550000000000001,19.3888889,34.44642857142857,34.18333333333333,34.0,33.68333333333333,33.6,-11.888962973333332,-0.1060846583333301,-0.2305238095238095,7.737857142857143,7.1146666666666665,19.49523810722222,7.729063492063491,5.6745706,5.7793946,5.7638564,5.724217,5.5998783,0,0.0,0,1.0,-0.81,18.8,81.2
2022-10-20 23:45:00,89.49364236111,55.3994506,55.408061372222,19.3888889,7.1146666666666665,33.6,1,5.1764362714980825,70.66250196097344,23,3,10,-0.2588190451025215,0.965925826289068,0.4338837391175582,-0.900968867902419,-0.8660254037844386,0.5000000000000001,0.0,0.0,0.0,8.35,16.75,33.5,63.25,-1.325,4.3332653,0.0,5.125,19.3888889,34.03333333333333,34.44642857142857,34.18333333333333,34.0,33.04090909090909,-12.274222233333337,-0.0074074066666653,-0.3926666666666669,7.507333333333333,6.86090909090909,19.42918872388889,7.453285714285712,5.5998783,5.6745706,5.7793946,5.7638564,5.506698,0,0.0,0,1.0,-0.81,18.9,81.1
2022-10-21 00:00:00,81.10147807777601,41.890824333332,41.89610192222,19.3888889,6.86090909090909,33.04090909090909,1,5.1764362714980825,70.66250196097344,0,4,10,0.0,1.0,-0.433883739117558,-0.9009688679024191,-0.8660254037844386,0.5000000000000001,0.0,0.0,0.0,8.4,16.2,13.0,65.0,-1.3,4.3297453,0.0,4.7,19.42777775,33.6,34.03333333333333,34.44642857142857,34.18333333333333,33.0,-12.527979809090912,0.0,-0.253757575757576,7.1146666666666665,6.796666666666667,19.391358035555555,7.160969696969697,5.506698,5.5998783,5.6745706,5.7793946,5.512478,0,0.0,0,1.0,-0.81,19.0,81.0
2022-10-21 00:15:00,111.33304658333,57.937404611112,57.944348766668,19.42777775,6.796666666666667,33.0,1,5.1764362714980825,70.66250196097344,0,4,10,0.0,1.0,-0.433883739117558,-0.9009688679024191,-0.8660254037844386,0.5000000000000001,0.0,0.0,0.0,9.025,16.75,11.5,66.0,-1.325,4.331254,0.0,4.475,19.46481478666667,33.04090909090909,33.6,34.03333333333333,34.44642857142857,32.81666666666667,-12.631111083333334,0.0388888499999993,-0.0642424242424235,6.86090909090909,6.876666666666667,19.40185185,6.924080808080807,5.512478,5.506698,5.5998783,5.6745706,5.4938064,0,0.0,0,1.0,-0.81,18.7,81.3
2022-10-21 00:30:00,89.969178822224,58.445439872222,58.454606155556,19.46481478666667,6.876666666666667,32.81666666666667,1,5.1764362714980825,70.66250196097344,0,4,10,0.0,1.0,-0.433883739117558,-0.9009688679024191,-0.8660254037844386,0.5000000000000001,0.0,0.0,0.0,9.65,17.299999999999997,10.0,67.0,-1.35,4.3316474,0.0,4.25,19.5,33.0,33.04090909090909,33.6,34.03333333333333,32.5,-12.58814812,0.0370370366666676,0.08,6.796666666666667,6.936666666666667,19.42716047888889,6.844747474747474,5.4938064,5.512478,5.506698,5.5998783,5.45206,0,0.0,0,1.0,-0.8,18.4,81.6
2022-10-21 00:45:00,98.386342105558,58.455717227778,58.464050194446,19.5,6.936666666666667,32.5,1,5.1764362714980825,70.66250196097344,0,4,10,0.0,1.0,-0.433883739117558,-0.9009688679024191,-0.8660254037844386,0.5000000000000001,0.0,0.0,0.0,10.275,17.849999999999998,8.5,68.0,-1.375,4.330955,0.0,4.025,19.479629613333334,32.81666666666667,33.0,33.04090909090909,33.6,32.5,-12.563333333333333,0.0351852133333316,0.0600000000000005,6.876666666666667,7.036,19.464197512222224,6.87,5.45206,5.4938064,5.512478,5.506698,5.445535,0,0.0,0,1.0,-0.79,18.2,81.8
2022-10-21 01:00:00,118.284435199996,59.996211172222,60.003988711108,19.479629613333334,7.036,32.5,1,5.1764362714980825,70.66250196097344,1,4,10,0.2588190451025207,0.9659258262890684,-0.433883739117558,-0.9009688679024191,-0.8660254037844386,0.5000000000000001,0.0,0.0,0.0,10.9,18.4,7.0,69.0,-1.4,4.329204,0.0,3.8,19.48333332,32.5,32.81666666666667,33.0,33.04090909090909,32.5,-12.443629613333334,-0.0203703866666664,0.0993333333333321,6.936666666666667,7.116666666666666,19.48148146666667,6.9497777777777765,5.445535,5.45206,5.4938064,5.512478,5.446721,0,0.0,0,1.0,-0.8,18.4,81.6
2022-10-21 01:15:00,115.916474288888,58.402941555556,58.40960802222,19.48333332,7.116666666666666,32.5,1,5.1764362714980825,70.66250196097344,1,4,10,0.2588190451025207,0.9659258262890684,-0.433883739117558,-0.9009688679024191,-0.8660254037844386,0.5000000000000001,0.0,0.0,0.0,11.175,19.3,5.25,68.5,-1.525,4.283511,0.0,3.75,19.5,32.5,32.5,32.81666666666667,33.0,32.5,-12.366666653333333,0.0037037066666663,0.0806666666666666,7.036,7.361333333333333,19.48765431111111,7.029777777777777,5.446721,5.445535,5.45206,5.4938064,5.45206,0,0.0,0,1.0,-0.8,18.4,81.6
2022-10-21 01:30:00,123.905599177776,58.637932155556,58.645987449998,19.5,7.361333333333333,32.5,1,5.1764362714980825,70.66250196097344,1,4,10,0.2588190451025207,0.9659258262890684,-0.433883739117558,-0.9009688679024191,-0.8660254037844386,0.5000000000000001,0.0,0.0,0.0,11.45,20.2,3.5,68.0,-1.65,4.238069,0.0,3.7,19.53333336,32.5,32.5,32.5,32.81666666666667,32.5,-12.138666666666666,0.0166666800000001,0.2446666666666672,7.116666666666666,7.522666666666667,19.48765431111111,7.171333333333332,5.45206,5.446721,5.445535,5.45206,5.4627533,0,0.0,0,1.0,-0.79,18.2,81.8
2022-10-21 01:45:00,456.873668722224,58.827924572222,58.83653536111,19.53333336,7.522666666666667,32.5,1,5.1764362714980825,70.66250196097344,1,4,10,0.2588190451025207,0.9659258262890684,-0.433883739117558,-0.9009688679024191,-0.8660254037844386,0.5000000000000001,0.0,0.0,0.0,11.725,21.1,1.75,67.5,-1.775,4.1928773,0.0,3.65,19.524074093333336,32.5,32.5,32.5,32.5,32.5,-12.01066669333333,0.0333333599999967,0.1613333333333333,7.361333333333333,7.640000000000001,19.50555556,7.333555555555555,5.4627533,5.45206,5.446721,5.445535,5.4597816,0,0.0,0,1.0,-0.78,18.0,82.0
2022-10-21 02:00:00,101.08790073889,58.461550344444,58.469327833332,19.524074093333336,7.640000000000001,32.5,1,5.1764362714980825,70.66250196097344,2,4,10,0.4999999999999999,0.8660254037844387,-0.433883739117558,-0.9009688679024191,-0.8660254037844386,0.5000000000000001,0.0,0.0,0.0,12.0,22.0,0.0,67.0,-1.9,4.1479325,0.0,3.6,19.5555556,32.5,32.5,32.5,32.5,32.5,-11.884074093333336,-0.0092592666666604,0.1173333333333337,7.522666666666667,7.680000000000001,19.519135817777777,7.507999999999999,5.4597816,5.4627533,5.45206,5.446721,5.4698925,0,0.0,0,1.0,-0.79,18.0,82.0
2022-10-21 02:15:00,117.647238272226,58.6709864,58.679041677776,19.5555556,7.680000000000001,32.5,1,5.1764362714980825,70.66250196097344,2,4,10,0.4999999999999999,0.8660254037844387,-0.433883739117558,-0.9009688679024191,-0.8660254037844386,0.5000000000000001,0.0,0.0,0.0,12.1,22.35,0.0,66.5,-2.05,4.110102,0.0,3.575,19.5555556,32.5,32.5,32.5,32.5,32.5,-11.875555600000002,0.0314815066666653,0.04,7.640000000000001,7.559090909090909,19.53765435111111,7.614222222222222,5.4698925,5.4597816,5.4627533,5.45206,5.4698925,0,0.0,0,1.0,-0.78,17.8,82.2
2022-10-21 02:30:00,76.595824911112,36.7660293,36.771306872222,19.5555556,7.559090909090909,32.5,1,5.1764362714980825,70.66250196097344,2,4,10,0.4999999999999999,0.8660254037844387,-0.433883739117558,-0.9009688679024191,-0.8660254037844386,0.5000000000000001,0.0,0.0,0.0,12.2,22.7,0.0,66.0,-2.2,4.0723853,0.0,3.55,19.502777790714283,32.5,32.5,32.5,32.5,32.13214285714286,-11.996464690909091,0.0,-0.120909090909091,7.680000000000001,7.452857142857143,19.545061764444444,7.626363636363636,5.4698925,5.4698925,5.4597816,5.4627533,5.3912296,0,0.0,0,1.0,-0.78,17.8,82.2
2022-10-21 02:45:00,55.798323611108,0.0,0.0,19.502777790714283,7.452857142857143,32.13214285714286,0,5.1764362714980825,70.66250196097344,2,4,10,0.4999999999999999,0.8660254037844387,-0.433883739117558,-0.9009688679024191,-0.8660254037844386,0.5000000000000001,0.0,0.0,0.0,12.3,23.05,0.0,65.5,-2.35,4.034781,0.0,3.525,19.35555557,32.5,32.5,32.5,32.5,32.18333333333333,-12.04992064785714,-0.0527778092857182,-0.1062337662337666,7.559090909090909,7.5,19.537962996904763,7.563982683982683,5.3912296,5.4698925,5.4698925,5.4597816,5.353261,1,1.0,1,0.75,-0.79,18.3,81.7
2022-10-21 03:00:00,107.342372933328,55.975816411112,55.982760633332,19.35555557,7.5,32.18333333333333,1,5.1764362714980825,70.66250196097344,3,4,10,0.7071067811865476,0.7071067811865476,-0.433883739117558,-0.9009688679024191,-0.8660254037844386,0.5000000000000001,0.0,0.0,0.0,12.4,23.4,0.0,65.0,-2.5,3.9972894,0.0,3.5,19.3111111,32.13214285714286,32.5,32.5,32.5,32.5,-11.85555557,-0.1472222207142834,0.0471428571428571,7.452857142857143,7.566666666666666,19.471296320238093,7.5039826839826835,5.353261,5.3912296,5.4698925,5.4698925,5.3918104,0,1.0,1,0.75,-0.83,19.4,80.6
2022-10-21 03:15:00,98.438562333332,55.152516027778,55.159460266664,19.3111111,7.566666666666666,32.5,1,5.1764362714980825,70.66250196097344,3,4,10,0.7071067811865476,0.7071067811865476,-0.433883739117558,-0.9009688679024191,-0.8660254037844386,0.5000000000000001,0.0,0.0,0.0,12.575,23.75,0.5,64.5,-2.6,3.9599106,0.0,3.475,19.32222223666667,32.18333333333333,32.13214285714286,32.5,32.5,32.5,-11.744444433333337,-0.0444444699999984,0.0666666666666664,7.5,7.602666666666666,19.389814820238097,7.506507936507936,5.3918104,5.353261,5.3912296,5.4698925,5.3953366,0,1.0,0,0.75,-0.84,19.7,80.3
2022-10-21 03:30:00,103.908621372218,38.477349744444,38.482905105554,19.32222223666667,7.602666666666666,32.5,1,5.1764362714980825,70.66250196097344,3,4,10,0.7071067811865476,0.7071067811865476,-0.433883739117558,-0.9009688679024191,-0.8660254037844386,0.5000000000000001,0.0,0.0,0.0,12.75,24.1,1.0,64.0,-2.7,3.9226441,0.0,3.45,19.305555570000003,32.5,32.18333333333333,32.13214285714286,32.5,32.5,-11.719555570000002,0.0111111366666669,0.0359999999999995,7.566666666666666,7.622,19.32962963555556,7.556444444444442,5.3953366,5.3918104,5.353261,5.3912296,5.3900456,0,1.0,0,0.75,-0.83,19.6,80.4
2022-10-21 03:45:00,100.92540732222,48.809714183334,48.816380633332,19.305555570000003,7.622,32.5,1,5.1764362714980825,70.66250196097344,3,4,10,0.7071067811865476,0.7071067811865476,-0.433883739117558,-0.9009688679024191,-0.8660254037844386,0.5000000000000001,0.0,0.0,0.0,12.925,24.45,1.5,63.5,-2.8,3.8854907,0.0,3.425,19.246296293333334,32.5,32.5,32.18333333333333,32.13214285714286,32.5,-11.683555570000005,-0.0166666666666657,0.0193333333333338,7.602666666666666,7.480666666666667,19.312962968888893,7.597111111111109,5.3900456,5.3953366,5.3918104,5.353261,5.371268,0,0.0,0,1.0,-0.84,19.8,80.2
2022-10-21 04:00:00,95.857554361114,54.880860211112,54.888082155556,19.246296293333334,7.480666666666667,32.5,1,5.1764362714980825,70.66250196097344,4,4,10,0.8660254037844386,0.5000000000000001,-0.433883739117558,-0.9009688679024191,-0.8660254037844386,0.5000000000000001,0.0,0.0,0.0,13.1,24.8,2.0,63.0,-2.9,3.8484492,0.0,3.4,19.2777778,32.5,32.5,32.5,32.18333333333333,32.5,-11.765629626666666,-0.059259276666669,-0.1413333333333328,7.622,7.1146666666666665,19.29135803333333,7.568444444444442,5.371268,5.3900456,5.3953366,5.3918104,5.381237,0,0.0,0,1.0,-0.85,20.3,79.7
2022-10-21 04:15:00,104.580816483338,55.803878855556,55.810823044444,19.2777778,7.1146666666666665,32.5,1,5.1764362714980825,70.66250196097344,4,4,10,0.8660254037844386,0.5000000000000001,-0.433883739117558,-0.9009688679024191,-0.8660254037844386,0.5000000000000001,0.0,0.0,0.0,13.1,24.9,1.5,62.75,-2.95,3.833177,0.0,3.4,19.29814815,32.5,32.5,32.5,32.5,32.31666666666667,-12.163111133333333,0.0314815066666653,-0.3660000000000005,7.480666666666667,6.666666666666667,19.276543221111112,7.405777777777776,5.381237,5.371268,5.3900456,5.3953366,5.3573017,0,0.0,0,1.0,-0.84,20.0,80.0
2022-10-21 04:30:00,106.719619944444,57.461868116666,57.469645638886,19.29814815,6.666666666666667,32.31666666666667,1,5.1764362714980825,70.66250196097344,4,4,10,0.8660254037844386,0.5000000000000001,-0.433883739117558,-0.9009688679024191,-0.8660254037844386,0.5000000000000001,0.0,0.0,0.0,13.1,25.0,1.0,62.5,-3.0,3.8179057,0.0,3.4,19.36666666,32.5,32.5,32.5,32.5,32.0,-12.631481483333332,0.0203703500000003,-0.4479999999999995,7.1146666666666665,6.46,19.27407408111111,7.087333333333333,5.3573017,5.381237,5.371268,5.3900456,5.326247,0,0.0,0,1.0,-0.84,19.9,80.1
2022-10-21 04:45:00,117.613906355556,58.159617955556,58.167673216666,19.36666666,6.46,32.0,1,5.1764362714980825,70.66250196097344,4,4,10,0.8660254037844386,0.5000000000000001,-0.433883739117558,-0.9009688679024191,-0.8660254037844386,0.5000000000000001,0.0,0.0,0.0,13.1,25.1,0.5,62.25,-3.05,3.802634,0.0,3.4,19.35740739333333,32.31666666666667,32.5,32.5,32.5,32.0,-12.90666666,0.0685185100000005,-0.206666666666667,6.666666666666667,6.457333333333334,19.314197536666665,6.74711111111111,5.326247,5.3573017,5.381237,5.371268,5.323346,0,0.0,0,1.0,-0.83,19.4,80.6
2022-10-21 05:00:00,108.107620005554,57.872962772222,57.880462505554,19.35740739333333,6.457333333333334,32.0,1,5.1764362714980825,70.66250196097344,5,4,10,0.9659258262890684,0.2588190451025207,-0.433883739117558,-0.9009688679024191,-0.8660254037844386,0.5000000000000001,0.0,0.0,0.0,13.1,25.2,0.0,62.0,-3.1,3.7873623,0.0,3.4,19.3888889,32.0,32.31666666666667,32.5,32.5,32.0,-12.900074059999998,-0.0092592666666675,-0.0026666666666663,6.46,6.197333333333333,19.34074073444444,6.527999999999999,5.323346,5.326247,5.3573017,5.381237,5.333217,0,0.0,0,1.0,-0.83,19.4,80.6
2022-10-21 05:15:00,95.896164066664,57.559086427778,57.567974988888,19.3888889,6.197333333333333,32.0,1,5.1764362714980825,70.66250196097344,5,4,10,0.9659258262890684,0.2588190451025207,-0.433883739117558,-0.9009688679024191,-0.8660254037844386,0.5000000000000001,0.0,0.0,0.0,13.175,25.375,0.0,61.75,-3.175,3.7657804,0.0,3.375,19.3888889,32.0,32.0,32.31666666666667,32.5,32.0,-13.191555566666668,0.0314815066666689,-0.2600000000000007,6.457333333333334,5.968000000000001,19.37098765111111,6.371555555555553,5.333217,5.323346,5.326247,5.3573017,5.333217,0,0.0,0,1.0,-0.82,19.2,80.8
2022-10-21 05:30:00,104.65942470555,57.341872916666,57.34909486111,19.3888889,5.968000000000001,32.0,1,5.1764362714980825,70.66250196097344,5,4,10,0.9659258262890684,0.2588190451025207,-0.433883739117558,-0.9009688679024191,-0.8660254037844386,0.5000000000000001,0.0,0.0,0.0,13.25,25.55,0.0,61.5,-3.25,3.7442582,0.0,3.35,19.3888889,32.0,32.0,32.0,32.31666666666667,31.65,-13.4208889,0.0,-0.229333333333332,6.197333333333333,5.936666666666667,19.378395064444444,6.207555555555555,5.333217,5.333217,5.323346,5.326247,5.274885,0,0.0,0,1.0,-0.82,19.2,80.8
2022-10-21 05:45:00,111.87246942222,57.284097444444,57.292986038886,19.3888889,5.936666666666667,31.65,1,5.1764362714980825,70.66250196097344,5,4,10,0.9659258262890684,0.2588190451025207,-0.433883739117558,-0.9009688679024191,-0.8660254037844386,0.5000000000000001,0.0,0.0,0.0,13.325,25.725,0.0,61.25,-3.325,3.7227967,0.0,3.325,19.40925925,32.0,32.0,32.0,32.0,31.5,-13.452222233333334,0.0,-0.0313333333333334,5.968000000000001,5.901333333333333,19.3888889,6.033999999999999,5.274885,5.333217,5.333217,5.323346,5.2561803,0,0.0,0,1.0,-0.82,19.3,80.7
2022-10-21 06:00:00,111.196940844444,57.656027,57.664915577776,19.40925925,5.901333333333333,31.5,1,5.1764362714980825,70.66250196097344,6,4,10,1.0,6.123233995736766e-17,-0.433883739117558,-0.9009688679024191,-0.8660254037844386,0.5000000000000001,0.0,0.0,0.0,13.4,25.9,0.0,61.0,-3.4,3.7013958,0.0,3.3,19.43888885,31.65,32.0,32.0,32.0,31.5,-13.507925916666665,0.0203703499999967,-0.0353333333333347,5.936666666666667,5.781333333333333,19.395679016666666,5.9353333333333325,5.2561803,5.274885,5.333217,5.333217,5.265349,0,0.0,0,1.0,-0.82,19.1,80.9
2022-10-21 06:15:00,110.158093566664,57.802410044444,57.810187533332,19.43888885,5.781333333333333,31.5,1,5.1764362714980825,70.66250196097344,6,4,10,1.0,6.123233995736766e-17,-0.433883739117558,-0.9009688679024191,-0.8660254037844386,0.5000000000000001,0.0,0.0,0.0,13.475,25.9,0.0,61.25,-3.5,3.685543,0.0,3.175,19.41296295,31.5,31.65,32.0,32.0,31.316666666666663,-13.657555516666667,0.0296296000000033,-0.1199999999999992,5.901333333333333,6.429333333333333,19.412345666666667,5.87311111111111,5.265349,5.2561803,5.274885,5.333217,5.226728,0,0.0,0,1.0,-0.81,18.9,81.1
2022-10-21 06:30:00,96.321980316666,57.897684,57.90490596111,19.41296295,6.429333333333333,31.316666666666663,1,5.1764362714980825,70.66250196097344,6,4,10,1.0,6.123233995736766e-17,-0.433883739117558,-0.9009688679024191,-0.8660254037844386,0.5000000000000001,0.0,0.0,0.0,13.55,25.9,0.0,61.5,-3.6,3.6696646,0.0,3.05,19.40555555,31.5,31.5,31.65,32.0,31.0,-12.983629616666668,-0.0259259000000007,0.6479999999999997,5.781333333333333,7.098666666666667,19.42037035,6.037333333333332,5.226728,5.265349,5.2561803,5.274885,5.1716237,0,0.0,0,1.0,-0.82,19.1,80.9
2022-10-21 06:45:00,100.952628466664,58.1701731,58.177117288888,19.40555555,7.098666666666667,31.0,1,5.1764362714980825,70.66250196097344,6,4,10,1.0,6.123233995736766e-17,-0.433883739117558,-0.9009688679024191,-0.8660254037844386,0.5000000000000001,0.0,0.0,0.0,13.625,25.9,0.0,61.75,-3.7,3.653763,0.0,2.925,19.3888889,31.316666666666663,31.5,31.5,31.65,31.0,-12.306888883333333,-0.0074074000000017,0.6693333333333342,6.429333333333333,6.333333333333333,19.41913578333333,6.436444444444443,5.1716237,5.226728,5.265349,5.2561803,5.1665545,0,0.0,0,1.0,-0.82,19.2,80.8
2022-10-21 07:00:00,119.8543723,58.328222311112,58.334610972222,19.3888889,6.333333333333333,31.0,1,5.1764362714980825,70.66250196097344,7,4,10,0.9659258262890684,-0.2588190451025206,-0.433883739117558,-0.9009688679024191,-0.8660254037844386,0.5000000000000001,0.0,0.0,0.0,13.7,25.9,0.0,62.0,-3.8,3.6378376,0.0,2.8,19.39444445,31.0,31.316666666666663,31.5,31.5,30.65,-13.05555556666667,-0.0166666499999976,-0.7653333333333343,7.098666666666667,5.724666666666667,19.402469133333334,6.620444444444444,5.1665545,5.1716237,5.226728,5.265349,5.109892,0,0.0,0,1.0,-0.83,19.4,80.6
2022-10-21 07:15:00,111.969410011108,58.090454072222,58.100175933332,19.39444445,5.724666666666667,30.65,1,5.1764362714980825,70.66250196097344,7,4,10,0.9659258262890684,-0.2588190451025206,-0.433883739117558,-0.9009688679024191,-0.8660254037844386,0.5000000000000001,3.25,0.8125,0.2708333333333333,14.1,26.525,0.0,61.25,-3.7,3.660888,0.0,3.075,19.4407407,31.0,31.0,31.316666666666663,31.5,30.5,-13.66977778333333,0.0055555499999968,-0.6086666666666662,6.333333333333333,5.740666666666667,19.3962963,6.385555555555555,5.109892,5.1665545,5.1716237,5.226728,5.0987515,0,0.0,0,1.0,-0.83,19.4,80.6
2022-10-21 07:30:00,105.136627733332,58.2268375,58.235448305554,19.4407407,5.740666666666667,30.5,1,5.1764362714980825,70.66250196097344,7,4,10,0.9659258262890684,-0.2588190451025206,-0.433883739117558,-0.9009688679024191,-0.8660254037844386,0.5000000000000001,6.5,2.4375,0.8125,14.5,27.15,0.0,60.5,-3.6,3.683376,0.0,3.35,19.43888885,30.65,31.0,31.0,31.316666666666663,30.5,-13.700074033333332,0.046296250000001,0.016,5.724666666666667,5.803333333333333,19.40802468333333,5.932888888888887,5.0987515,5.109892,5.1665545,5.1716237,5.098195,0,0.0,0,1.0,-0.82,19.1,80.9
2022-10-21 07:45:00,102.088694055556,58.375720444444,58.383775688888,19.43888885,5.803333333333333,30.5,1,5.1764362714980825,70.66250196097344,7,4,10,0.9659258262890684,-0.2588190451025206,-0.433883739117558,-0.9009688679024191,-0.8660254037844386,0.5000000000000001,9.75,4.875,1.625,14.9,27.775,0.0,59.75,-3.5,3.7052767,0.0,3.625,19.41296295,30.5,30.65,31.0,31.0,30.5,-13.635555516666669,-0.0018518499999977,0.0626666666666659,5.740666666666667,6.088666666666667,19.42469133333333,5.756222222222221,5.098195,5.0987515,5.109892,5.1665545,5.0904264,0,0.0,0,1.0,-0.82,19.1,80.9
2022-10-21 08:00:00,97.114726288892,58.571268155556,58.580434472222,19.41296295,6.088666666666667,30.5,1,5.1764362714980825,70.66250196097344,8,4,10,0.8660254037844387,-0.4999999999999998,-0.433883739117558,-0.9009688679024191,-0.8660254037844386,0.5000000000000001,13.0,8.125,2.708333333333333,15.3,28.4,0.0,59.0,-3.4,3.726562,0.0,3.9,19.4444444,30.5,30.5,30.65,31.0,30.45,-13.324296283333334,-0.0259259000000007,0.2853333333333339,5.803333333333333,6.496,19.43086416666667,5.877555555555554,5.0904264,5.098195,5.0987515,5.109892,5.0915017,0,0.0,0,1.0,-0.82,19.3,80.7
2022-10-21 08:15:00,120.8776647,58.535991783334,58.543213744444,19.4444444,6.496,30.45,1,5.1764362714980825,70.66250196097344,8,4,10,0.8660254037844387,-0.4999999999999998,-0.433883739117558,-0.9009688679024191,-0.8660254037844386,0.5000000000000001,45.0,18.5625,6.458333333333333,15.175,28.675,24.25,58.5,-3.1,3.8136601,0.0,4.375,19.4444444,30.5,30.5,30.5,30.65,30.03333333333333,-12.9484444,0.0314814499999975,0.4073333333333329,6.088666666666667,7.022,19.432098733333333,6.129333333333332,5.0915017,5.0904264,5.098195,5.0987515,5.021831,0,0.0,0,1.0,-0.82,19.0,81.0
2022-10-21 08:30:00,119.203565,58.661542344444,58.670986416666,19.4444444,7.022,30.03333333333333,1,5.1764362714980825,70.66250196097344,8,4,10,0.8660254037844387,-0.4999999999999998,-0.433883739117558,-0.9009688679024191,-0.8660254037844386,0.5000000000000001,77.0,36.1875,12.875,15.05,28.95,48.5,58.0,-2.8,3.9020233,0.0,4.85,19.4444444,30.45,30.5,30.5,30.5,30.05,-12.422444399999998,0.0,0.5260000000000007,6.496,7.754666666666667,19.43395058333333,6.535555555555554,5.021831,5.0915017,5.0904264,5.098195,5.0246177,0,0.0,0,1.0,-0.82,19.1,80.9
2022-10-21 08:45:00,299.343303572222,58.374609372222,58.3843312,19.4444444,7.754666666666667,30.05,1,5.1764362714980825,70.66250196097344,8,4,10,0.8660254037844387,-0.4999999999999998,-0.433883739117558,-0.9009688679024191,-0.8660254037844386,0.5000000000000001,109.0,61.0,21.95833333333333,14.925,29.225,72.75,57.5,-2.5,3.991642,0.0,5.324999999999999,19.46481478666667,30.03333333333333,30.45,30.5,30.5,30.466666666666665,-11.689777733333331,0.0,0.7326666666666668,7.022,8.312666666666667,19.4444444,7.090888888888888,5.0246177,5.021831,5.0915017,5.0904264,5.100395,0,0.0,0,1.0,-0.82,19.1,80.9
2022-10-21 09:00:00,306.290247750006,45.730115122224,45.737059294446,19.46481478666667,8.312666666666667,30.466666666666665,1,5.1764362714980825,70.66250196097344,9,4,10,0.7071067811865476,-0.7071067811865475,-0.433883739117558,-0.9009688679024191,-0.8660254037844386,0.5000000000000001,141.0,93.0,33.708333333333336,14.8,29.5,97.0,57.0,-2.2,4.082508,0.0,5.8,19.41666667,30.05,30.03333333333333,30.45,30.5,30.45,-11.15214812,0.02037038666667,0.5579999999999998,7.754666666666667,8.758666666666667,19.45123452888889,7.696444444444443,5.100395,5.0246177,5.021831,5.0915017,5.08319,0,0.0,0,1.0,-0.81,18.9,81.1
2022-10-21 09:15:00,57.33076217778,0.0,0.0,19.41666667,8.758666666666667,30.45,0,5.1764362714980825,70.66250196097344,9,4,10,0.7071067811865476,-0.7071067811865475,-0.433883739117558,-0.9009688679024191,-0.8660254037844386,0.5000000000000001,179.0,126.5,48.625,14.075,28.775,88.5,56.0,-1.75,4.20579,0.0,6.525,19.296296270000003,30.466666666666665,30.05,30.03333333333333,30.45,30.03333333333333,-10.658000003333331,-0.0481481166666704,0.4459999999999997,8.312666666666667,9.342,19.441975285555557,8.275333333333334,5.08319,5.100395,5.0246177,5.021831,4.9782405,1,1.0,1,0.75,-0.82,19.3,80.7
2022-10-21 09:30:00,114.997899933332,55.876098216666,55.883875688888,19.296296270000003,9.342,30.03333333333333,1,5.1764362714980825,70.66250196097344,9,4,10,0.7071067811865476,-0.7071067811865475,-0.433883739117558,-0.9009688679024191,-0.8660254037844386,0.5000000000000001,217.0,161.5,66.70833333333333,13.35,28.05,80.0,55.0,-1.3,4.3301883,0.0,7.25,19.36666667,30.45,30.466666666666665,30.05,30.03333333333333,30.3,-9.954296270000002,-0.1203703999999952,0.5833333333333339,8.758666666666667,10.104,19.392592575555557,8.804444444444444,4.9782405,5.08319,5.100395,5.0246177,5.04329,0,1.0,1,0.75,-0.85,20.3,79.7
2022-10-21 09:45:00,111.234717299992,55.23251286111,55.240568155552,19.36666667,10.104,30.3,1,5.1764362714980825,70.66250196097344,9,4,10,0.7071067811865476,-0.7071067811865475,-0.433883739117558,-0.9009688679024191,-0.8660254037844386,0.5000000000000001,255.0,198.0,87.95833333333333,12.625,27.325000000000003,71.5,54.0,-0.8499999999999999,4.455544,0.0,7.975,19.77037039,30.03333333333333,30.45,30.466666666666665,30.05,30.03333333333333,-9.262666669999996,0.0703703999999945,0.7620000000000005,9.342,10.715333333333332,19.359876536666665,9.401555555555554,5.04329,4.9782405,5.08319,5.100395,5.118897,0,1.0,0,0.75,-0.83,19.7,80.3
2022-10-21 10:00:00,67.19425653889,27.776666688888,27.782222066664,19.77037039,10.715333333333332,30.03333333333333,1,5.1764362714980825,70.66250196097344,10,4,10,0.4999999999999999,-0.8660254037844387,-0.433883739117558,-0.9009688679024191,-0.8660254037844386,0.5000000000000001,293.0,236.0,112.375,11.9,26.6,63.0,53.0,-0.4,4.5816836,0.0,8.7,20.31666667,30.3,30.03333333333333,30.45,30.466666666666665,29.6,-9.055037056666668,0.4037037200000029,0.6113333333333308,10.104,11.915333333333333,19.477777776666667,10.053777777777777,5.118897,5.04329,4.9782405,5.08319,5.2089825,0,1.0,0,0.75,-0.74,16.6,83.4
2022-10-21 10:15:00,84.833273266664,38.308745372222,38.315689594442,20.31666667,11.915333333333333,29.6,1,5.1764362714980825,70.66250196097344,10,4,10,0.4999999999999999,-0.8660254037844387,-0.433883739117558,-0.9009688679024191,-0.8660254037844386,0.5000000000000001,331.25,274.0625,139.70833333333334,12.2,27.5,49.25,50.75,-0.45,4.5806174,0.0,9.375,21.04814813,30.03333333333333,30.3,30.03333333333333,30.45,28.666666666666668,-8.401333336666667,0.54629628,1.200000000000001,10.715333333333332,12.889333333333331,19.81790124333333,10.911555555555552,5.2089825,5.118897,5.04329,4.9782405,5.2643147,0,0.0,0,1.0,-0.62,13.1,86.9
2022-10-21 10:30:00,62.425280705554,0.0,0.0,21.04814813,12.889333333333331,28.666666666666668,0,5.1764362714980825,70.66250196097344,10,4,10,0.4999999999999999,-0.8660254037844387,-0.433883739117558,-0.9009688679024191,-0.8660254037844386,0.5000000000000001,369.5,312.1875,169.95833333333334,12.5,28.4,35.5,48.5,-0.5,4.5694675,0.0,10.05,21.92222222,29.6,30.03333333333333,30.3,30.03333333333333,27.6,-8.158814796666668,0.7314814600000012,0.9740000000000002,11.915333333333333,12.997333333333334,20.378395063333333,11.839999999999998,5.2643147,5.2089825,5.118897,5.04329,5.3314614,1,1.0,1,0.75,-0.46,9.4,90.6
2022-10-21 10:45:00,83.812758472222,29.223831016666,29.229386394442,21.92222222,12.997333333333334,27.6,1,5.1764362714980825,70.66250196097344,10,4,10,0.4999999999999999,-0.8660254037844387,-0.433883739117558,-0.9009688679024191,-0.8660254037844386,0.5000000000000001,407.75,350.375,203.125,12.8,29.3,21.75,46.25,-0.55,4.5474663,0.0,10.725,21.998148176666668,28.666666666666668,29.6,30.03333333333333,30.3,27.03333333333333,-8.924888886666665,0.874074089999997,0.1080000000000005,12.889333333333331,13.396,21.095679006666668,12.600666666666664,5.3314614,5.2643147,5.2089825,5.118897,5.244914,0,1.0,1,0.75,-0.26,6.4,93.6
2022-10-21 11:00:00,69.137790061106,16.650445072222002,16.65377832222,21.998148176666668,13.396,27.03333333333333,1,5.1764362714980825,70.66250196097344,11,4,10,0.258819045102521,-0.9659258262890682,-0.433883739117558,-0.9009688679024191,-0.8660254037844386,0.5000000000000001,446.0,388.625,239.20833333333331,13.1,30.2,8.0,44.0,-0.6,4.513809,0.0,11.4,21.646825425,27.6,28.666666666666668,29.6,30.03333333333333,27.0,-8.602148176666669,0.0759259566666692,0.3986666666666654,12.997333333333334,14.154285714285717,21.656172842222222,13.09422222222222,5.244914,5.3314614,5.2643147,5.2089825,5.133271,0,1.0,0,0.75,-0.25,6.3,93.7
2022-10-21 11:15:00,95.763669416662,51.057679844444,51.06406852222,21.646825425,14.154285714285717,27.0,1,5.1764362714980825,70.66250196097344,11,4,10,0.258819045102521,-0.9659258262890682,-0.433883739117558,-0.9009688679024191,-0.8660254037844386,0.5000000000000001,472.0,423.8125,274.7916666666667,13.325,30.85,6.0,42.25,-0.7,4.472047,0.0,11.9,21.28703703333333,27.03333333333333,27.6,28.666666666666668,29.6,27.0,-7.492539710714285,-0.3513227516666681,0.7582857142857158,13.396,14.824666666666667,21.85573194055556,13.515873015873014,5.133271,5.244914,5.3314614,5.2643147,5.0274587,0,1.0,0,0.75,-0.33,7.3,92.7
2022-10-21 11:30:00,98.459672572222,54.697812016666,54.704478449998,21.28703703333333,14.824666666666667,27.0,1,5.1764362714980825,70.66250196097344,11,4,10,0.258819045102521,-0.9659258262890682,-0.433883739117558,-0.9009688679024191,-0.8660254037844386,0.5000000000000001,498.0,455.9375,309.875,13.55,31.5,4.0,40.5,-0.8,4.422512,0.0,12.4,20.98888887,27.0,27.03333333333333,27.6,28.666666666666668,27.35,-6.462370366666667,-0.3597883916666653,0.6703809523809525,14.154285714285717,15.321333333333332,21.644003545000004,14.124984126984126,5.0274587,5.133271,5.244914,5.3314614,5.0052643,0,0.0,0,1.0,-0.41,8.5,91.5
2022-10-21 11:45:00,116.14063210555,55.28584406111,55.29389932222,20.98888887,15.321333333333332,27.35,1,5.1764362714980825,70.66250196097344,11,4,10,0.258819045102521,-0.9659258262890682,-0.433883739117558,-0.9009688679024191,-0.8660254037844386,0.5000000000000001,524.0,485.0,344.4583333333333,13.775,32.15,2.0,38.75,-0.9,4.364812,0.0,12.9,20.675925926666665,27.0,27.0,27.03333333333333,27.6,27.683333333333334,-5.667555536666663,-0.2981481633333374,0.4966666666666661,14.824666666666667,15.4,21.30758377611111,14.766761904761902,5.0052643,5.0274587,5.133271,5.244914,4.974857,0,0.0,0,1.0,-0.48,9.8,90.2
2022-10-21 12:00:00,109.527563288884,55.87887583889,55.886653327778,20.675925926666665,15.4,27.683333333333334,1,5.1764362714980825,70.66250196097344,12,4,10,1.2246467991473532e-16,-1.0,-0.433883739117558,-0.9009688679024191,-0.8660254037844386,0.5000000000000001,550.0,511.0,378.5416666666667,14.0,32.8,0.0,37.0,-1.0,4.298545,0.0,13.4,20.47777776,27.35,27.0,27.0,27.03333333333333,28.0,-5.275925926666664,-0.3129629433333321,0.0786666666666668,15.321333333333332,15.541333333333334,20.98395061,15.182,4.974857,5.0052643,5.0274587,5.133271,4.973976,0,0.0,0,1.0,-0.55,11.3,88.7
2022-10-21 12:15:00,100.131550211108,56.76828476111,56.777728849998,20.47777776,15.541333333333334,28.0,1,5.1764362714980825,70.66250196097344,12,4,10,1.2246467991473532e-16,-1.0,-0.433883739117558,-0.9009688679024191,-0.8660254037844386,0.5000000000000001,561.75,533.4375,410.4375,14.375,33.599999999999994,0.0,36.0,-1.125,4.2669754,0.0,13.725,20.50555552333333,27.683333333333334,27.35,27.0,27.0,28.0,-4.9364444266666645,-0.198148166666666,0.1413333333333337,15.4,15.348,20.714197518888884,15.42088888888889,4.973976,4.974857,5.0052643,5.0274587,4.9820433,0,0.0,0,1.0,-0.59,12.4,87.6
2022-10-21 12:30:00,62.320840449998,18.324822527778,18.329822377776,20.50555552333333,15.348,28.0,1,5.1764362714980825,70.66250196097344,12,4,10,1.2246467991473532e-16,-1.0,-0.433883739117558,-0.9009688679024191,-0.8660254037844386,0.5000000000000001,573.5,552.3125,440.1458333333333,14.75,34.4,0.0,35.0,-1.25,4.2321496,0.0,14.05,20.69444443,28.0,27.683333333333334,27.35,27.0,28.0,-5.157555523333331,0.0277777633333329,-0.1933333333333333,15.541333333333334,15.784,20.55308640333333,15.429777777777778,4.9820433,4.973976,4.974857,5.0052643,5.0371933,0,0.0,0,1.0,-0.59,12.2,87.8
2022-10-21 12:45:00,68.772249,30.0946295,30.099907072222,20.69444443,15.784,28.0,1,5.1764362714980825,70.66250196097344,12,4,10,1.2246467991473532e-16,-1.0,-0.433883739117558,-0.9009688679024191,-0.8660254037844386,0.5000000000000001,585.25,567.625,467.6666666666667,15.125,35.2,0.0,34.0,-1.375,4.193963,0.0,14.375,20.733333356666662,28.0,28.0,27.683333333333334,27.35,28.0,-4.910444429999998,0.1888889066666657,0.4359999999999981,15.348,16.613333333333333,20.559259237777777,15.557777777777778,5.0371933,4.9820433,4.973976,4.974857,5.0486135,0,0.0,0,1.0,-0.54,11.2,88.8
2022-10-21 13:00:00,117.301418888888,50.076885744444,50.084107705554,20.733333356666662,16.613333333333333,28.0,1,5.1764362714980825,70.66250196097344,13,4,10,-0.2588190451025208,-0.9659258262890684,-0.433883739117558,-0.9009688679024191,-0.8660254037844386,0.5000000000000001,597.0,579.375,493.0,15.5,36.0,0.0,33.0,-1.5,4.1523113,0.0,14.7,20.67777781,28.0,28.0,28.0,27.683333333333334,28.0,-4.120000023333333,0.0388889266666687,0.8293333333333344,15.784,16.652666666666665,20.644444436666664,15.915111111111113,5.0486135,5.0371933,4.9820433,4.973976,5.032307,0,0.0,0,1.0,-0.53,11.0,89.0
2022-10-21 13:15:00,983.539545811108,0.0,0.0,20.67777781,16.652666666666665,28.0,0,5.1764362714980825,70.66250196097344,13,4,10,-0.2588190451025208,-0.9659258262890684,-0.433883739117558,-0.9009688679024191,-0.8660254037844386,0.5000000000000001,594.25,587.5,514.9166666666666,15.55,36.1,0.0,32.75,-1.375,4.1714497,0.0,14.9,20.91296299,28.0,28.0,28.0,28.0,28.0,-4.025111143333337,-0.0555555466666639,0.0393333333333316,16.613333333333333,16.71333333333333,20.701851865555557,16.349999999999998,5.032307,5.0486135,5.0371933,4.9820433,5.1016545,1,1.0,1,0.75,-0.55,11.3,88.7
2022-10-21 13:30:00,136.18733003889,28.742183616666,28.783848616666,20.91296299,16.71333333333333,28.0,1,5.1764362714980825,70.66250196097344,13,4,10,-0.2588190451025208,-0.9659258262890684,-0.433883739117558,-0.9009688679024191,-0.8660254037844386,0.5000000000000001,591.5,592.0,533.4166666666666,15.6,36.2,0.0,32.5,-1.25,4.190352,0.0,15.1,21.52777781,28.0,28.0,28.0,28.0,28.0,-4.199629656666669,0.2351851799999984,0.0606666666666662,16.652666666666665,16.536666666666665,20.77469138555556,16.659777777777773,5.1016545,5.032307,5.0486135,5.0371933,5.286865,0,1.0,1,0.75,-0.49,10.1,89.9
2022-10-21 13:45:00,152.43751333889,33.463939188888,33.519492566664,21.52777781,16.536666666666665,28.0,1,5.1764362714980825,70.66250196097344,13,4,10,-0.2588190451025208,-0.9659258262890684,-0.433883739117558,-0.9009688679024191,-0.8660254037844386,0.5000000000000001,588.75,592.875,548.5,15.65,36.3,0.0,32.25,-1.125,4.209008,0.0,15.3,21.750000006666667,28.0,28.0,28.0,28.0,28.0,-4.991111143333335,0.6148148199999994,-0.1766666666666658,16.71333333333333,16.374,21.03950620333333,16.63422222222222,5.286865,5.1016545,5.032307,5.0486135,5.3552256,0,1.0,0,0.75,-0.35,7.6,92.4
2022-10-21 14:00:00,130.16173790554998,11.263160555556,11.318158405554,21.750000006666667,16.374,28.0,1,5.1764362714980825,70.66250196097344,14,4,10,-0.4999999999999997,-0.8660254037844388,-0.433883739117558,-0.9009688679024191,-0.8660254037844386,0.5000000000000001,586.0,590.125,560.1666666666666,15.7,36.4,0.0,32.0,-1.0,4.2274113,0.0,15.5,21.50555552,28.0,28.0,28.0,28.0,28.05,-5.376000006666668,0.2222221966666673,-0.1626666666666665,16.536666666666665,16.812,21.396913602222224,16.54133333333333,5.3552256,5.286865,5.1016545,5.032307,5.2894998,0,1.0,0,0.75,-0.3,6.9,93.1
2022-10-21 14:15:00,153.986618188884,55.427505044444,55.467225755552,21.50555552,16.812,28.05,1,5.1764362714980825,70.66250196097344,14,4,10,-0.4999999999999997,-0.8660254037844388,-0.433883739117558,-0.9009688679024191,-0.8660254037844386,0.5000000000000001,568.75,583.75,568.2291666666666,15.475,36.2,1.0,32.5,-0.7,4.313041,0.0,15.575,21.175925926666665,28.0,28.0,28.0,28.0,28.83333333333333,-4.693555519999997,-0.2444444866666693,0.4380000000000024,16.374,17.072666666666667,21.594444445555556,16.574222222222218,5.2894998,5.3552256,5.286865,5.1016545,5.3343434,0,0.0,0,1.0,-0.36,7.6,92.4
2022-10-21 14:30:00,167.814676011112,55.038353944444,55.06640842222,21.175925926666665,17.072666666666667,28.83333333333333,1,5.1764362714980825,70.66250196097344,14,4,10,-0.4999999999999997,-0.8660254037844388,-0.433883739117558,-0.9009688679024191,-0.8660254037844386,0.5000000000000001,551.5,573.75,572.6875,15.25,36.0,2.0,33.0,-0.4,4.3993535,0.0,15.65,20.99999999,28.05,28.0,28.0,28.0,29.5,-4.103259259999998,-0.3296295933333333,0.2606666666666655,16.812,16.804,21.477160484444443,16.752888888888886,5.3343434,5.2894998,5.3552256,5.286865,5.402217,0,0.0,0,1.0,-0.43,8.8,91.2
2022-10-21 14:45:00,430.276955033328,0.0,0.0,20.99999999,16.804,29.5,0,5.1764362714980825,70.66250196097344,14,4,10,-0.4999999999999997,-0.8660254037844388,-0.433883739117558,-0.9009688679024191,-0.8660254037844386,0.5000000000000001,534.25,560.125,573.5416666666666,15.025,35.8,3.0,33.5,-0.0999999999999999,4.4863496,0.0,15.725,21.31481482666667,28.83333333333333,28.05,28.0,28.0,29.316666666666663,-4.195999990000001,-0.1759259366666654,-0.2686666666666681,17.072666666666667,17.119333333333334,21.227160478888887,16.89622222222222,5.402217,5.3343434,5.2894998,5.3552256,5.467624,1,1.0,1,0.75,-0.46,9.5,90.5
2022-10-21 15:00:00,80.530945250002,25.05594213889,25.069552744444,21.31481482666667,17.119333333333334,29.316666666666663,1,5.1764362714980825,70.66250196097344,15,4,10,-0.7071067811865471,-0.7071067811865479,-0.433883739117558,-0.9009688679024191,-0.8660254037844386,0.5000000000000001,517.0,542.875,570.7916666666666,14.8,35.6,4.0,34.0,0.2,4.5740356,0.0,15.8,21.98888888,29.5,28.83333333333333,28.05,28.0,28.6,-4.195481493333336,0.3148148366666703,0.315333333333335,16.804,17.258666666666667,21.163580247777777,16.998666666666665,5.467624,5.402217,5.3343434,5.2894998,5.545911,0,1.0,1,0.75,-0.39,8.2,91.8
2022-10-21 15:15:00,76.491940150002,24.892337633332,24.90455936111,21.98888888,17.258666666666667,28.6,1,5.1764362714980825,70.66250196097344,15,4,10,-0.7071067811865471,-0.7071067811865479,-0.433883739117558,-0.9009688679024191,-0.8660254037844386,0.5000000000000001,487.0,522.4375,564.5625,14.525,35.075,3.0,35.0,0.45,4.701444,0.0,15.775,22.411111116666667,29.316666666666663,29.5,28.83333333333333,28.05,28.03333333333333,-4.730222213333335,0.6740740533333316,0.1393333333333331,17.119333333333334,17.128666666666668,21.43456789888889,17.060666666666666,5.545911,5.467624,5.402217,5.3343434,5.5697618,0,1.0,0,0.75,-0.24,6.2,93.8
2022-10-21 15:30:00,76.682488094446,15.879087027778,15.890753211112,22.411111116666667,17.128666666666668,28.03333333333333,1,5.1764362714980825,70.66250196097344,15,4,10,-0.7071067811865471,-0.7071067811865479,-0.433883739117558,-0.9009688679024191,-0.8660254037844386,0.5000000000000001,457.0,498.8125,554.8541666666666,14.25,34.55,2.0,36.0,0.7,4.828457,0.0,15.75,22.40555556,28.6,29.316666666666663,29.5,28.83333333333333,28.0,-5.28244445,0.4222222366666663,-0.129999999999999,17.258666666666667,17.16466666666667,21.904938274444447,17.168888888888887,5.5697618,5.545911,5.467624,5.402217,5.5613627,0,1.0,0,0.75,-0.14,5.4,94.6
2022-10-21 15:45:00,106.93044469445,32.844797272222,32.857296788888,22.40555556,17.16466666666667,28.0,1,5.1764362714980825,70.66250196097344,15,4,10,-0.7071067811865471,-0.7071067811865479,-0.433883739117558,-0.9009688679024191,-0.8660254037844386,0.5000000000000001,427.0,472.0,541.6666666666666,13.975,34.025,1.0,37.0,0.95,4.9550724,0.0,15.725,22.11111110333333,28.03333333333333,28.6,29.316666666666663,29.5,28.0,-5.240888893333331,-0.0055555566666676,0.0360000000000013,17.128666666666668,17.020666666666667,22.26851851888889,17.184,5.5613627,5.5697618,5.545911,5.467624,5.4679413,0,0.0,0,1.0,-0.15,5.4,94.6
2022-10-21 16:00:00,76.62637932222,27.810276444444,27.823053749998,22.11111110333333,17.020666666666667,28.0,1,5.1764362714980825,70.66250196097344,16,4,10,-0.8660254037844385,-0.5000000000000004,-0.433883739117558,-0.9009688679024191,-0.8660254037844386,0.5000000000000001,397.0,442.0,525.0,13.7,33.5,0.0,38.0,1.2,5.0812926,0.0,15.7,21.67777777,28.0,28.03333333333333,28.6,29.316666666666663,28.35,-5.090444436666665,-0.2944444566666675,-0.1440000000000019,17.16466666666667,16.999333333333333,22.30925926,17.104666666666667,5.4679413,5.5613627,5.5697618,5.545911,5.399587,0,0.0,0,1.0,-0.21,6.0,94.0
2022-10-21 16:15:00,103.968618988884,54.391157616666,54.406990366664,21.67777777,16.999333333333333,28.35,1,5.1764362714980825,70.66250196097344,16,4,10,-0.8660254037844385,-0.5000000000000004,-0.433883739117558,-0.9009688679024191,-0.8660254037844386,0.5000000000000001,358.0,409.75,505.3125,13.075,32.6,1.75,39.25,1.425,5.145986,0.0,15.375,21.394444426666663,28.0,28.0,28.03333333333333,28.6,28.5,-4.678444436666666,-0.4333333333333335,-0.0213333333333345,17.020666666666667,16.936,22.06481481111111,17.061555555555554,5.399587,5.4679413,5.5613627,5.5697618,5.339894,0,0.0,0,1.0,-0.31,7.0,93.0
2022-10-21 16:30:00,112.204678349998,55.143071922224,55.157515827778,21.394444426666663,16.936,28.5,1,5.1764362714980825,70.66250196097344,16,4,10,-0.8660254037844385,-0.5000000000000004,-0.433883739117558,-0.9009688679024191,-0.8660254037844386,0.5000000000000001,319.0,375.25,482.6041666666667,12.45,31.7,3.5,40.5,1.65,5.205951,0.0,15.05,21.18888892,28.35,28.0,28.0,28.03333333333333,28.85,-4.4584444266666665,-0.2833333433333322,-0.0633333333333325,16.999333333333333,16.846,21.727777766666662,16.985333333333333,5.339894,5.399587,5.4679413,5.5613627,5.3414426,0,0.0,0,1.0,-0.38,8.0,92.0
2022-10-21 16:45:00,105.681605883334,46.675355094446,46.691187827778,21.18888892,16.846,28.85,1,5.1764362714980825,70.66250196097344,16,4,10,-0.8660254037844385,-0.5000000000000004,-0.433883739117558,-0.9009688679024191,-0.8660254037844386,0.5000000000000001,280.0,338.5,456.875,11.825,30.8,5.25,41.75,1.875,5.261328,0.0,14.725,21.02222223333333,28.5,28.35,28.0,28.0,28.816666666666663,-4.34288892,-0.2055555066666663,-0.0899999999999998,16.936,16.8,21.420370372222223,16.927111111111113,5.3414426,5.339894,5.399587,5.4679413,5.2838984,0,0.0,0,1.0,-0.42,8.7,91.3
2022-10-21 17:00:00,82.283375166668,12.8928176,12.903650483334,21.02222223333333,16.8,28.816666666666663,1,5.1764362714980825,70.66250196097344,17,4,10,-0.9659258262890684,-0.2588190451025206,-0.433883739117558,-0.9009688679024191,-0.8660254037844386,0.5000000000000001,241.0,299.5,428.125,11.2,29.9,7.0,43.0,2.1,5.3122535,0.0,14.4,20.82222222,28.85,28.5,28.35,28.0,28.9,-4.22222223333333,-0.1666666866666695,-0.0459999999999993,16.846,16.69,21.20185186,16.860666666666663,5.2838984,5.3414426,5.339894,5.399587,5.2379184,0,0.0,0,1.0,-0.46,9.5,90.5
2022-10-21 17:15:00,110.766958177772,55.065852827778,55.081685594442,20.82222222,16.69,28.9,1,5.1764362714980825,70.66250196097344,17,4,10,-0.9659258262890684,-0.2588190451025206,-0.433883739117558,-0.9009688679024191,-0.8660254037844386,0.5000000000000001,200.25,260.0625,397.4166666666667,11.65,28.55,9.75,44.0,1.825,5.2473736,0.0,13.825,20.725925906666667,28.816666666666663,28.85,28.5,28.35,29.466666666666665,-4.132222219999999,-0.2000000133333301,-0.1099999999999994,16.8,16.521333333333335,21.011111124444444,16.778666666666666,5.2379184,5.2838984,5.3414426,5.339894,5.310775,0,0.0,0,1.0,-0.51,10.4,89.6
2022-10-21 17:30:00,102.880884649998,55.092796216666,55.108628966664,20.725925906666667,16.521333333333335,29.466666666666665,1,5.1764362714980825,70.66250196097344,17,4,10,-0.9659258262890684,-0.2588190451025206,-0.433883739117558,-0.9009688679024191,-0.8660254037844386,0.5000000000000001,159.5,220.1875,364.75,12.1,27.2,12.5,45.0,1.55,5.179765,0.0,13.25,20.71666665,28.9,28.816666666666663,28.85,28.5,29.5,-4.204592573333333,-0.0962963133333332,-0.1686666666666667,16.69,16.296,20.85679012,16.670444444444446,5.310775,5.2379184,5.2838984,5.3414426,5.3139153,0,0.0,0,1.0,-0.53,10.8,89.2
2022-10-21 17:45:00,113.097975999996,55.633052405554,55.648051855552,20.71666665,16.296,29.5,1,5.1764362714980825,70.66250196097344,17,4,10,-0.9659258262890684,-0.2588190451025206,-0.433883739117558,-0.9009688679024191,-0.8660254037844386,0.5000000000000001,118.75,179.875,330.125,12.55,25.85,15.25,46.0,1.275,5.1096663,0.0,12.675,20.670370400000003,29.466666666666665,28.9,28.816666666666663,28.85,29.5,-4.420666650000001,-0.0092592566666667,-0.2253333333333351,16.521333333333335,15.918,20.754938258888888,16.502444444444443,5.3139153,5.310775,5.2379184,5.2838984,5.2996063,0,0.0,0,1.0,-0.53,10.9,89.1
2022-10-21 18:00:00,111.061390766664,56.107477811112,56.12386612222,20.670370400000003,15.918,29.5,1,5.1764362714980825,70.66250196097344,18,4,10,-1.0,-1.8369701987210294e-16,-0.433883739117558,-0.9009688679024191,-0.8660254037844386,0.5000000000000001,78.0,139.125,293.5416666666667,13.0,24.5,18.0,47.0,1.0,5.0372987,0.0,12.1,20.62777778,29.5,29.466666666666665,28.9,28.816666666666663,29.5,-4.752370400000002,-0.0462962499999974,-0.3779999999999983,16.296,15.551333333333334,20.70432098555556,16.24511111111111,5.2996063,5.3139153,5.310775,5.2379184,5.2864723,0,0.0,0,1.0,-0.54,11.1,88.9
2022-10-21 18:15:00,120.431015833336,56.76800693889,56.783561916666,20.62777778,15.551333333333334,29.5,1,5.1764362714980825,70.66250196097344,18,4,10,-1.0,-1.8369701987210294e-16,-0.433883739117558,-0.9009688679024191,-0.8660254037844386,0.5000000000000001,58.75,103.75,257.8541666666667,14.075,26.825,23.0,46.25,0.6,4.887797,0.0,11.875,20.59074075,29.5,29.5,29.466666666666665,28.9,29.5,-5.076444446666665,-0.0425926200000041,-0.3666666666666671,15.918,15.158,20.67160494333333,15.921777777777775,5.2864723,5.2996063,5.3139153,5.310775,5.275074,0,0.0,0,1.0,-0.55,11.3,88.7
2022-10-21 18:30:00,79.71708898888801,10.026821177776,10.03682076111,20.59074075,15.158,29.5,1,5.1764362714980825,70.66250196097344,18,4,10,-1.0,-1.8369701987210294e-16,-0.433883739117558,-0.9009688679024191,-0.8660254037844386,0.5000000000000001,39.5,73.75,223.0625,15.15,29.15,28.0,45.5,0.1999999999999999,4.741364,0.0,11.65,20.47222221,29.5,29.5,29.5,29.466666666666665,29.6,-5.432740750000002,-0.0370370299999969,-0.3933333333333344,15.551333333333334,14.763333333333332,20.62962964333333,15.542444444444444,5.275074,5.2864723,5.2996063,5.3139153,5.256499,0,0.0,0,1.0,-0.56,11.5,88.5
2022-10-21 18:45:00,221.573358944444,51.986253783334,52.0079196,20.47222221,14.763333333333332,29.6,1,5.1764362714980825,70.66250196097344,18,4,10,-1.0,-1.8369701987210294e-16,-0.433883739117558,-0.9009688679024191,-0.8660254037844386,0.5000000000000001,20.25,49.125,189.16666666666663,16.225,31.475,33.0,44.75,-0.2000000000000001,4.59795,0.0,11.425,20.41296295,29.5,29.5,29.5,29.5,31.166666666666668,-5.708888876666666,-0.1185185400000037,-0.3946666666666676,15.158,14.451333333333334,20.563580246666664,15.157555555555554,5.256499,5.275074,5.2864723,5.2996063,5.5156097,0,0.0,0,1.0,-0.59,12.2,87.8
2022-10-21 19:00:00,111.220273277776,23.081576716666,23.094909549998,20.41296295,14.451333333333334,31.166666666666668,1,5.1764362714980825,70.66250196097344,19,4,10,-0.9659258262890684,0.2588190451025203,-0.433883739117558,-0.9009688679024191,-0.8660254037844386,0.5000000000000001,1.0,29.875,156.16666666666666,17.3,33.8,38.0,44.0,-0.6,4.4575067,0.0,11.2,20.43888885,29.6,29.5,29.5,29.5,32.15,-5.9616296166666665,-0.0592592599999974,-0.3119999999999976,14.763333333333332,14.280666666666669,20.491975303333334,14.790888888888889,5.5156097,5.256499,5.275074,5.2864723,5.698246,0,0.0,0,1.0,-0.59,12.3,87.7
2022-10-21 19:15:00,83.195005383334,0.0,0.0,20.43888885,14.280666666666669,32.15,0,5.1764362714980825,70.66250196097344,19,4,10,-0.9659258262890684,0.2588190451025203,-0.433883739117558,-0.9009688679024191,-0.8660254037844386,0.5000000000000001,0.75,15.375,126.39583333333331,18.025,35.525,28.5,43.5,-0.575,4.4555244,0.0,11.375,20.37222221333333,31.166666666666668,29.6,29.5,29.5,31.633333333333333,-6.158222183333335,0.0259259000000007,-0.1706666666666674,14.451333333333334,14.116,20.44135800333333,14.498444444444443,5.698246,5.5156097,5.256499,5.275074,5.584896,1,1.0,1,0.75,-0.58,12.0,88.0
2022-10-21 19:30:00,117.992502311112,41.478618572222,41.490840333332,20.37222221333333,14.116,31.633333333333333,1,5.1764362714980825,70.66250196097344,19,4,10,-0.9659258262890684,0.2588190451025203,-0.433883739117558,-0.9009688679024191,-0.8660254037844386,0.5000000000000001,0.5,5.625,99.85416666666669,18.75,37.25,19.0,43.0,-0.55,4.452885,0.0,11.55,20.3333333,32.15,31.166666666666668,29.6,29.5,30.6,-6.256222213333329,-0.066666636666671,-0.1646666666666654,14.280666666666669,13.938666666666666,20.40802467111111,14.282666666666666,5.584896,5.698246,5.5156097,5.256499,5.390206,0,1.0,1,0.75,-0.6,12.5,87.5
2022-10-21 19:45:00,458.723039277776,42.101371444444,42.115537577776,20.3333333,13.938666666666666,30.6,1,5.1764362714980825,70.66250196097344,19,4,10,-0.9659258262890684,0.2588190451025203,-0.433883739117558,-0.9009688679024191,-0.8660254037844386,0.5000000000000001,0.25,0.625,76.54166666666667,19.475,38.975,9.5,42.5,-0.525,4.4495754,0.0,11.725,20.31296295,31.633333333333333,32.15,31.166666666666668,29.6,30.03333333333333,-6.394666633333333,-0.0388889133333307,-0.1773333333333351,14.116,13.936666666666666,20.381481454444444,14.111777777777776,5.390206,5.584896,5.698246,5.5156097,5.2840967,0,1.0,0,0.75,-0.61,12.8,87.2
2022-10-21 20:00:00,91.61744632222,37.367116388888,37.379893694442,20.31296295,13.936666666666666,30.03333333333333,1,5.1764362714980825,70.66250196097344,20,4,10,-0.8660254037844386,0.5000000000000001,-0.433883739117558,-0.9009688679024191,-0.8660254037844386,0.5000000000000001,0.0,0.375,56.458333333333336,20.2,40.7,0.0,42.0,-0.5,4.445585,0.0,11.9,20.2777778,30.6,31.633333333333333,32.15,31.166666666666668,30.0,-6.376296283333334,-0.0203703500000003,-0.0020000000000006,13.938666666666666,13.858,20.339506154444443,13.99711111111111,5.2840967,5.390206,5.584896,5.698246,5.267394,0,1.0,0,0.75,-0.62,13.1,86.9
2022-10-21 20:15:00,102.433680188892,54.657258055556,54.673924138886,20.2777778,13.858,30.0,1,5.1764362714980825,70.66250196097344,20,4,10,-0.8660254037844386,0.5000000000000001,-0.433883739117558,-0.9009688679024191,-0.8660254037844386,0.5000000000000001,0.0,0.1875,39.770833333333336,20.375,41.225,0.0,42.0,-0.625,4.417896,0.0,11.8,20.2777778,30.03333333333333,30.6,31.633333333333333,32.15,29.816666666666663,-6.419777799999999,-0.0351851500000002,-0.0786666666666651,13.936666666666666,13.81,20.308024683333333,13.911111111111111,5.267394,5.2840967,5.390206,5.584896,5.2352037,0,0.0,0,1.0,-0.63,13.3,86.7
2022-10-21 20:30:00,114.032938466668,55.245290116666,55.260567338886,20.2777778,13.81,29.816666666666663,1,5.1764362714980825,70.66250196097344,20,4,10,-0.8660254037844386,0.5000000000000001,-0.433883739117558,-0.9009688679024191,-0.8660254037844386,0.5000000000000001,0.0,0.0625,26.479166666666668,20.55,41.75,0.0,42.0,-0.75,4.390356,0.0,11.7,20.31666665,30.0,30.03333333333333,30.6,31.633333333333333,29.5,-6.467777799999999,0.0,-0.048,13.858,13.796666666666663,20.289506183333334,13.86822222222222,5.2352037,5.267394,5.2840967,5.390206,5.1913843,0,0.0,0,1.0,-0.63,13.3,86.7
2022-10-21 20:45:00,116.514228044448,55.828044572222,55.84304402222,20.31666665,13.796666666666663,29.5,1,5.1764362714980825,70.66250196097344,20,4,10,-0.8660254037844386,0.5000000000000001,-0.433883739117558,-0.9009688679024191,-0.8660254037844386,0.5000000000000001,0.0,0.0,16.583333333333332,20.725,42.275,0.0,42.0,-0.875,4.362967,0.0,11.6,20.3333333,29.816666666666663,30.0,30.03333333333333,30.6,29.5,-6.519999983333333,0.0388888499999993,-0.0133333333333354,13.81,13.782666666666666,20.29074075,13.821555555555554,5.1913843,5.2352037,5.267394,5.2840967,5.19644,0,0.0,0,1.0,-0.62,13.1,86.9
2022-10-21 21:00:00,122.916472077776,56.492184672222,56.506350805554,20.3333333,13.782666666666666,29.5,1,5.1764362714980825,70.66250196097344,21,4,10,-0.7071067811865477,0.7071067811865474,-0.433883739117558,-0.9009688679024191,-0.8660254037844386,0.5000000000000001,0.0,0.0,10.083333333333334,20.9,42.8,0.0,42.0,-1.0,4.335727,0.0,11.5,20.3333333,29.5,29.816666666666663,30.0,30.03333333333333,29.15,-6.550666633333334,0.0166666500000012,-0.0139999999999993,13.796666666666663,13.696666666666667,20.30925925,13.79644444444444,5.19644,5.1913843,5.2352037,5.267394,5.1347876,0,0.0,0,1.0,-0.62,13.0,87.0
2022-10-21 21:15:00,115.521490138886,57.144103027778,57.159380249998,20.3333333,13.696666666666667,29.15,1,5.1764362714980825,70.66250196097344,21,4,10,-0.7071067811865477,0.7071067811865474,-0.433883739117558,-0.9009688679024191,-0.8660254037844386,0.5000000000000001,0.0,0.0,5.1875,20.925,43.0,0.0,42.25,-1.0,4.3410816,0.0,11.425,20.3333333,29.5,29.5,29.816666666666663,30.0,29.0,-6.636666633333332,0.0,-0.0859999999999985,13.782666666666666,13.68,20.32777775,13.758666666666665,5.1347876,5.19644,5.1913843,5.2352037,5.108365,0,0.0,0,1.0,-0.62,13.1,86.9
2022-10-21 21:30:00,105.432449249998,57.324373616666,57.339928594442,20.3333333,13.68,29.0,1,5.1764362714980825,70.66250196097344,21,4,10,-0.7071067811865477,0.7071067811865474,-0.433883739117558,-0.9009688679024191,-0.8660254037844386,0.5000000000000001,0.0,0.0,1.8958333333333333,20.95,43.2,0.0,42.5,-1.0,4.346277,0.0,11.35,20.3333333,29.15,29.5,29.5,29.816666666666663,29.0,-6.6533333,0.0,-0.0166666666666674,13.696666666666667,13.538,20.3333333,13.719777777777775,5.108365,5.1347876,5.19644,5.1913843,5.108365,0,0.0,0,1.0,-0.62,13.1,86.9
2022-10-21 21:45:00,132.947459755552,36.171608611112,36.206607244444,20.3333333,13.538,29.0,1,5.1764362714980825,70.66250196097344,21,4,10,-0.7071067811865477,0.7071067811865474,-0.433883739117558,-0.9009688679024191,-0.8660254037844386,0.5000000000000001,0.0,0.0,0.2083333333333333,20.975,43.4,0.0,42.75,-1.0,4.3513174,0.0,11.275,20.292592563333333,29.0,29.15,29.5,29.5,29.0,-6.795333299999999,0.0,-0.1419999999999994,13.68,13.396,20.3333333,13.63822222222222,5.108365,5.108365,5.1347876,5.19644,5.096223,0,0.0,0,1.0,-0.62,13.1,86.9
2022-10-21 22:00:00,147.098560188892,30.763213855556,30.806823227778,20.292592563333333,13.396,29.0,1,5.1764362714980825,70.66250196097344,22,4,10,-0.5000000000000004,0.8660254037844384,-0.433883739117558,-0.9009688679024191,-0.8660254037844386,0.5000000000000001,0.0,0.0,0.125,21.0,43.6,0.0,43.0,-1.0,4.3562,0.0,11.2,20.2222222,29.0,29.0,29.15,29.5,29.0,-6.896592563333334,-0.0407407366666667,-0.1420000000000012,13.538,13.294666666666666,20.319753054444444,13.537999999999998,5.096223,5.108365,5.108365,5.1347876,5.0753064,0,0.0,0,1.0,-0.63,13.3,86.7
2022-10-21 22:15:00,177.798998805558,54.739199227778,54.790586088888,20.2222222,13.294666666666666,29.0,1,5.1764362714980825,70.66250196097344,22,4,10,-0.5000000000000004,0.8660254037844384,-0.433883739117558,-0.9009688679024191,-0.8660254037844386,0.5000000000000001,0.0,0.0,0.0625,21.075,43.6,0.0,43.25,-1.0,4.36093,0.0,11.125,20.242592586666667,29.0,29.0,29.0,29.15,29.0,-6.927555533333335,-0.0703703633333319,-0.1013333333333328,13.396,13.216666666666669,20.282716021111117,13.409555555555556,5.0753064,5.096223,5.108365,5.108365,5.0813546,0,0.0,0,1.0,-0.65,13.8,86.2
2022-10-21 22:30:00,172.767533455556,55.544167044444,55.590276316666,20.242592586666667,13.216666666666669,29.0,1,5.1764362714980825,70.66250196097344,22,4,10,-0.5000000000000004,0.8660254037844384,-0.433883739117558,-0.9009688679024191,-0.8660254037844386,0.5000000000000001,0.0,0.0,0.0208333333333333,21.15,43.6,0.0,43.5,-1.0,4.365506,0.0,11.05,20.28333335,29.0,29.0,29.0,29.0,29.0,-7.025925920000001,0.0203703866666664,-0.0779999999999994,13.294666666666666,13.268,20.252469116666663,13.302444444444442,5.0813546,5.0753064,5.096223,5.108365,5.0934663,0,0.0,0,1.0,-0.64,13.7,86.3
2022-10-21 22:45:00,164.277873022224,56.056646544444,56.106922333332,20.28333335,13.268,29.0,1,5.1764362714980825,70.66250196097344,22,4,10,-0.5000000000000004,0.8660254037844384,-0.433883739117558,-0.9009688679024191,-0.8660254037844386,0.5000000000000001,0.0,0.0,0.0,21.225,43.6,0.0,43.75,-1.0,4.36993,0.0,10.975,20.349999986666667,29.0,29.0,29.0,29.0,29.0,-7.015333350000001,0.0407407633333321,0.0513333333333321,13.216666666666669,13.313333333333333,20.249382712222225,13.259777777777776,5.0934663,5.0813546,5.0753064,5.096223,5.11334,0,0.0,0,1.0,-0.63,13.4,86.6
2022-10-21 23:00:00,145.326408994442,41.271682383334,41.318624972222,20.349999986666667,13.313333333333333,29.0,1,5.1764362714980825,70.66250196097344,23,4,10,-0.2588190451025215,0.965925826289068,-0.433883739117558,-0.9009688679024191,-0.8660254037844386,0.5000000000000001,0.0,0.0,0.0,21.3,43.6,0.0,44.0,-1.0,4.3742037,0.0,10.9,20.335714265,29.0,29.0,29.0,29.0,29.0,-7.036666653333334,0.0666666366666675,0.0453333333333336,13.268,13.242857142857144,20.291975307777776,13.265999999999998,5.11334,5.0934663,5.0813546,5.0753064,5.109075,0,0.0,0,1.0,-0.62,13.0,87.0
2022-10-21 23:15:00,123.84310166111,15.883531316666,15.921307588888,20.335714265,13.242857142857144,29.0,1,5.1764362714980825,70.66250196097344,23,4,10,-0.2588190451025215,0.965925826289068,-0.433883739117558,-0.9009688679024191,-0.8660254037844386,0.5000000000000001,0.0,0.0,0.0,21.4,44.05,0.0,44.25,-0.95,4.385227,0.0,10.85,20.209259256666662,29.0,29.0,29.0,29.0,29.0,-7.092857122142856,-0.0142857216666669,-0.0704761904761888,13.313333333333333,13.158,20.323015867222225,13.274730158730156,5.109075,5.11334,5.0934663,5.0813546,5.0714626,0,0.0,0,1.0,-0.62,13.1,86.9
2022-10-21 23:30:00,170.010977022224,49.985500466668,50.034387394446,20.209259256666662,13.158,29.0,1,5.1764362714980825,70.66250196097344,23,4,10,-0.2588190451025215,0.965925826289068,-0.433883739117558,-0.9009688679024191,-0.8660254037844386,0.5000000000000001,0.0,0.0,0.0,21.5,44.5,0.0,44.5,-0.9,4.3961334,0.0,10.8,20.19444444,29.0,29.0,29.0,29.0,29.0,-7.0512592566666665,-0.126455008333334,-0.0848571428571443,13.242857142857144,13.104,20.298324502777778,13.23806349206349,5.0714626,5.109075,5.11334,5.0934663,5.067072,0,0.0,0,1.0,-0.65,13.9,86.1
2022-10-21 23:45:00,127.078527755556,0.0,0.0,20.19444444,13.104,29.0,0,5.1764362714980825,70.66250196097344,23,4,10,-0.2588190451025215,0.965925826289068,-0.433883739117558,-0.9009688679024191,-0.8660254037844386,0.5000000000000001,0.0,0.0,0.0,21.6,44.95,0.0,44.75,-0.8500000000000001,4.406921,0.0,10.75,20.118888877,29.0,29.0,29.0,29.0,29.18,-7.090444439999997,-0.0148148166666679,-0.0539999999999984,13.158,13.117,20.246472653888887,13.168285714285714,5.067072,5.0714626,5.109075,5.11334,5.076042,1,1.0,1,0.75,-0.65,14.0,86.0
2022-10-22 00:00:00,105.632996661114,32.656749227778,32.690359016666,20.118888877,13.117,29.18,1,5.1764362714980825,70.66250196097344,0,5,10,0.0,1.0,-0.9749279121818236,-0.2225209339563146,-0.8660254037844386,0.5000000000000001,0.0,0.0,0.0,21.7,45.4,0.0,45.0,-0.8,4.417592,0.0,10.7,20.10555555,29.0,29.0,29.0,29.0,29.15,-7.001888877000001,-0.0755555629999982,0.0129999999999981,13.104,13.064666666666666,20.17419752455556,13.126333333333331,5.076042,5.067072,5.0714626,5.109075,5.0668707,0,1.0,1,0.75,-0.67,14.4,85.6
2022-10-22 00:15:00,81.08592318333,21.008604072222,21.02554786111,20.10555555,13.064666666666666,29.15,1,5.1764362714980825,70.66250196097344,0,5,10,0.0,1.0,-0.9749279121818236,-0.2225209339563146,-0.8660254037844386,0.5000000000000001,0.0,0.0,0.0,21.6,45.4,0.0,45.25,-0.775,4.4351363,0.0,10.675,20.07962965,29.18,29.0,29.0,29.0,29.183333333333334,-7.040888883333336,-0.013333326999998,-0.0523333333333333,13.117,12.94,20.13962962233333,13.09522222222222,5.0668707,5.076042,5.067072,5.0714626,5.064975,0,1.0,0,0.75,-0.67,14.5,85.5
2022-10-22 00:30:00,90.955528283334,41.649167283334,41.655278188888,20.07962965,12.94,29.183333333333334,1,5.1764362714980825,70.66250196097344,0,5,10,0.0,1.0,-0.9749279121818236,-0.2225209339563146,-0.8660254037844386,0.5000000000000001,0.0,0.0,0.0,21.5,45.4,0.0,45.5,-0.75,4.4526124,0.0,10.65,20.10555555,29.15,29.18,29.0,29.0,29.2,-7.139629650000002,-0.0259259000000007,-0.1246666666666662,13.064666666666666,12.836666666666668,20.101358025666663,13.040555555555557,5.064975,5.0668707,5.076042,5.067072,5.0755615,0,1.0,0,0.75,-0.68,14.6,85.4
2022-10-22 00:45:00,77.363849838886,22.217722405554,22.221333411108,20.10555555,12.836666666666668,29.2,1,5.1764362714980825,70.66250196097344,0,5,10,0.0,1.0,-0.9749279121818236,-0.2225209339563146,-0.8660254037844386,0.5000000000000001,0.0,0.0,0.0,21.4,45.4,0.0,45.75,-0.725,4.4700203,0.0,10.625,20.0592593,29.183333333333334,29.15,29.18,29.0,29.466666666666665,-7.268888883333334,0.0259259000000007,-0.1033333333333317,12.94,12.768,20.096913583333336,12.947111111111113,5.0755615,5.064975,5.0668707,5.076042,5.1080556,0,0.0,0,1.0,-0.67,14.4,85.6
2022-10-22 01:00:00,93.76708241667,36.715753527778,36.721864449998,20.0592593,12.768,29.466666666666665,1,5.1764362714980825,70.66250196097344,1,5,10,0.2588190451025207,0.9659258262890684,-0.9749279121818236,-0.2225209339563146,-0.8660254037844386,0.5000000000000001,0.0,0.0,0.0,21.3,45.4,0.0,46.0,-0.7,4.4873614,0.0,10.6,20.05000004,29.2,29.183333333333334,29.15,29.18,29.5,-7.291259300000002,-0.046296250000001,-0.0686666666666688,12.836666666666668,12.713333333333336,20.0814815,12.84822222222222,5.1080556,5.0755615,5.064975,5.0668707,5.111063,0,0.0,0,1.0,-0.68,14.7,85.3
2022-10-22 01:15:00,82.954737377772,26.867536372222,26.87170292222,20.05000004,12.713333333333336,29.5,1,5.1764362714980825,70.66250196097344,1,5,10,0.2588190451025207,0.9659258262890684,-0.9749279121818236,-0.2225209339563146,-0.8660254037844386,0.5000000000000001,0.0,0.0,0.0,21.075,44.95,0.0,46.25,-0.6499999999999999,4.4975314,0.0,10.55,20.024074093333336,29.466666666666665,29.2,29.183333333333334,29.15,29.5,-7.336666706666666,-0.0092592600000003,-0.0546666666666642,12.768,12.732,20.07160496333333,12.772666666666666,5.111063,5.1080556,5.0755615,5.064975,5.1033115,0,0.0,0,1.0,-0.68,14.8,85.2
2022-10-22 01:30:00,70.982160649998,31.968165688888,31.972332238886,20.024074093333336,12.732,29.5,1,5.1764362714980825,70.66250196097344,1,5,10,0.2588190451025207,0.9659258262890684,-0.9749279121818236,-0.2225209339563146,-0.8660254037844386,0.5000000000000001,0.0,0.0,0.0,20.85,44.5,0.0,46.5,-0.6,4.5075855,0.0,10.5,20.01666668,29.5,29.466666666666665,29.2,29.183333333333334,29.5,-7.292074093333335,-0.0259259466666641,0.0186666666666663,12.713333333333336,12.696666666666667,20.044444477777777,12.737777777777778,5.1033115,5.111063,5.1080556,5.0755615,5.1010985,0,0.0,0,1.0,-0.69,14.9,85.1
2022-10-22 01:45:00,79.801252355552,38.6859525,38.691230105554,20.01666668,12.696666666666667,29.5,1,5.1764362714980825,70.66250196097344,1,5,10,0.2588190451025207,0.9659258262890684,-0.9749279121818236,-0.2225209339563146,-0.8660254037844386,0.5000000000000001,0.0,0.0,0.0,20.625,44.05,0.0,46.75,-0.55,4.517527,0.0,10.45,20.0,29.5,29.5,29.466666666666665,29.2,29.5,-7.320000013333333,-0.0074074133333361,-0.0353333333333338,12.732,12.675999999999998,20.03024693777778,12.714,5.1010985,5.1033115,5.111063,5.1080556,5.0961223,0,0.0,0,1.0,-0.69,15.0,85.0
2022-10-22 02:00:00,65.126283894438,17.846230588888,17.850674927774,20.0,12.675999999999998,29.5,1,5.1764362714980825,70.66250196097344,2,5,10,0.4999999999999999,0.8660254037844387,-0.9749279121818236,-0.2225209339563146,-0.8660254037844386,0.5000000000000001,0.0,0.0,0.0,20.4,43.6,0.0,47.0,-0.5,4.5273547,0.0,10.4,20.0,29.5,29.5,29.5,29.466666666666665,29.5,-7.324000000000002,-0.0166666800000001,-0.0206666666666688,12.696666666666667,12.608666666666666,20.01358025777778,12.701555555555556,5.0961223,5.1010985,5.1033115,5.111063,5.0961223,0,0.0,0,1.0,-0.69,15.1,84.9
2022-10-22 02:15:00,105.767158077776,53.218982272222,53.225370949998,20.0,12.608666666666666,29.5,1,5.1764362714980825,70.66250196097344,2,5,10,0.4999999999999999,0.8660254037844387,-0.9749279121818236,-0.2225209339563146,-0.8660254037844386,0.5000000000000001,0.0,0.0,0.0,20.35,43.15,0.0,47.25,-0.475,4.5370708,0.0,10.35,20.0,29.5,29.5,29.5,29.5,29.5,-7.391333333333334,0.0,-0.0673333333333321,12.675999999999998,12.51,20.00555556,12.660444444444442,5.0961223,5.0961223,5.1010985,5.1033115,5.0961223,0,0.0,0,1.0,-0.69,15.1,84.9
2022-10-22 02:30:00,67.97811421666201,0.0,0.0,20.0,12.51,29.5,0,5.1764362714980825,70.66250196097344,2,5,10,0.4999999999999999,0.8660254037844387,-0.9749279121818236,-0.2225209339563146,-0.8660254037844386,0.5000000000000001,0.0,0.0,0.0,20.3,42.7,0.0,47.5,-0.45,4.546673,0.0,10.3,19.966666640000003,29.5,29.5,29.5,29.5,29.85,-7.49,0.0,-0.0986666666666664,12.608666666666666,12.401333333333334,20.0,12.59822222222222,5.0961223,5.0961223,5.0961223,5.1010985,5.1465282,1,1.0,1,0.75,-0.69,15.1,84.9
2022-10-22 02:45:00,99.831006649998,54.136723294446,54.143111955556,19.966666640000003,12.401333333333334,29.85,1,5.1764362714980825,70.66250196097344,2,5,10,0.4999999999999999,0.8660254037844387,-0.9749279121818236,-0.2225209339563146,-0.8660254037844386,0.5000000000000001,0.0,0.0,0.0,20.25,42.25,0.0,47.75,-0.425,4.5561643,0.0,10.25,19.996296293333334,29.5,29.5,29.5,29.5,29.816666666666663,-7.56533330666667,-0.0333333599999967,-0.1086666666666662,12.51,12.299333333333331,19.98888888,12.506666666666666,5.1465282,5.0961223,5.0961223,5.0961223,5.1497097,0,1.0,1,0.75,-0.7,15.3,84.7
2022-10-22 03:00:00,52.322907133328,13.611399955556,13.61417766111,19.996296293333334,12.299333333333331,29.816666666666663,1,5.1764362714980825,70.66250196097344,3,5,10,0.7071067811865476,0.7071067811865476,-0.9749279121818236,-0.2225209339563146,-0.8660254037844386,0.5000000000000001,0.0,0.0,0.0,20.2,41.8,0.0,48.0,-0.4,4.565543,0.0,10.2,19.96111108,29.85,29.5,29.5,29.5,29.85,-7.69696296,0.0296296533333304,-0.1020000000000003,12.401333333333334,12.279333333333334,19.98765431111111,12.403555555555554,5.1497097,5.1465282,5.0961223,5.0961223,5.1448536,0,1.0,0,0.75,-0.69,15.1,84.9
2022-10-22 03:15:00,468.386819344444,52.900383883334,52.908161355556,19.96111108,12.279333333333334,29.85,1,5.1764362714980825,70.66250196097344,3,5,10,0.7071067811865476,0.7071067811865476,-0.9749279121818236,-0.2225209339563146,-0.8660254037844386,0.5000000000000001,0.0,0.0,0.0,20.1,41.7,0.0,48.25,-0.35,4.582063,0.0,10.175,19.9444444,29.816666666666663,29.85,29.5,29.5,30.0,-7.681777746666668,-0.0351852133333316,-0.0199999999999995,12.299333333333331,12.344285714285714,19.97469133777778,12.326666666666666,5.1448536,5.1497097,5.1465282,5.0961223,5.1656613,0,1.0,0,0.75,-0.7,15.3,84.7
2022-10-22 03:30:00,62.103071494438005,17.678181694446,17.68234826111,19.9444444,12.344285714285714,30.0,1,5.1764362714980825,70.66250196097344,3,5,10,0.7071067811865476,0.7071067811865476,-0.9749279121818236,-0.2225209339563146,-0.8660254037844386,0.5000000000000001,0.0,0.0,0.0,20.0,41.6,0.0,48.5,-0.3,4.5985174,0.0,10.15,19.94999996,29.85,29.816666666666663,29.85,29.5,30.0,-7.600158685714284,-0.0166666800000037,0.0649523809523806,12.279333333333334,12.484666666666667,19.967283924444445,12.307650793650794,5.1656613,5.1448536,5.1497097,5.1465282,5.1673436,0,0.0,0,1.0,-0.7,15.4,84.6
2022-10-22 03:45:00,106.611290827782,50.347152683334,50.35409692222,19.94999996,12.484666666666667,30.0,1,5.1764362714980825,70.66250196097344,3,5,10,0.7071067811865476,0.7071067811865476,-0.9749279121818236,-0.2225209339563146,-0.8660254037844386,0.5000000000000001,0.0,0.0,0.0,19.9,41.5,0.0,48.75,-0.25,4.614906,0.0,10.125,19.975925906666664,30.0,29.85,29.816666666666663,29.85,30.0,-7.465333293333332,0.0055555600000012,0.1403809523809531,12.344285714285714,12.751333333333331,19.95185181333333,12.369428571428571,5.1673436,5.1656613,5.1448536,5.1497097,5.1751966,0,0.0,0,1.0,-0.7,15.4,84.6
2022-10-22 04:00:00,67.29091942222,12.242288072222,12.245343549998,19.975925906666664,12.751333333333331,30.0,1,5.1764362714980825,70.66250196097344,4,5,10,0.8660254037844386,0.5000000000000001,-0.9749279121818236,-0.2225209339563146,-0.8660254037844386,0.5000000000000001,0.0,0.0,0.0,19.8,41.4,0.0,49.0,-0.2,4.6312294,0.0,10.1,19.911111100000003,30.0,30.0,29.85,29.816666666666663,30.0,-7.224592573333332,0.0259259466666641,0.2666666666666639,12.484666666666667,12.848666666666666,19.956790088888887,12.526761904761903,5.1751966,5.1673436,5.1656613,5.1448536,5.155584,0,0.0,0,1.0,-0.7,15.2,84.8
2022-10-22 04:15:00,93.933464911104,54.951968533332,54.959468266664,19.911111100000003,12.848666666666666,30.0,1,5.1764362714980825,70.66250196097344,4,5,10,0.8660254037844386,0.5000000000000001,-0.9749279121818236,-0.2225209339563146,-0.8660254037844386,0.5000000000000001,0.0,0.0,0.0,19.65,41.125,0.0,49.25,-0.175,4.640129,0.0,10.05,19.961111086666666,30.0,30.0,30.0,29.85,30.0,-7.0624444333333365,-0.0648148066666607,0.097333333333335,12.751333333333331,12.839333333333334,19.945678988888886,12.694888888888888,5.155584,5.1751966,5.1673436,5.1656613,5.170707,0,0.0,0,1.0,-0.71,15.6,84.4
2022-10-22 04:30:00,59.596505011108,14.710244883334,14.714411449998,19.961111086666666,12.839333333333334,30.0,1,5.1764362714980825,70.66250196097344,4,5,10,0.8660254037844386,0.5000000000000001,-0.9749279121818236,-0.2225209339563146,-0.8660254037844386,0.5000000000000001,0.0,0.0,0.0,19.5,40.85,0.0,49.5,-0.15,4.64892,0.0,10.0,19.96111108,30.0,30.0,30.0,30.0,30.0,-7.121777753333332,0.0499999866666627,-0.0093333333333323,12.848666666666666,12.916666666666666,19.94938269777777,12.81311111111111,5.170707,5.155584,5.1751966,5.1673436,5.170707,0,0.0,0,1.0,-0.7,15.3,84.7
2022-10-22 04:45:00,96.615301850002,50.644085288888,50.650473949998,19.96111108,12.916666666666666,30.0,1,5.1764362714980825,70.66250196097344,4,5,10,0.8660254037844386,0.5000000000000001,-0.9749279121818236,-0.2225209339563146,-0.8660254037844386,0.5000000000000001,0.0,0.0,0.0,19.35,40.575,0.0,49.75,-0.125,4.6576033,0.0,9.95,19.9444444,30.0,30.0,30.0,30.0,30.0,-7.044444413333336,-6.666663665555461e-09,0.0773333333333319,12.839333333333334,12.972666666666669,19.944444422222222,12.86822222222222,5.170707,5.170707,5.155584,5.1751966,5.1656613,0,0.0,0,1.0,-0.7,15.3,84.7
2022-10-22 05:00:00,76.249449949998,25.100384844444,25.104273605554,19.9444444,12.972666666666669,30.0,1,5.1764362714980825,70.66250196097344,5,5,10,0.9659258262890684,0.2588190451025207,-0.9749279121818236,-0.2225209339563146,-0.8660254037844386,0.5000000000000001,0.0,0.0,0.0,19.2,40.3,0.0,50.0,-0.1,4.6661787,0.0,9.9,19.9444444,30.0,30.0,30.0,30.0,30.0,-6.971777733333331,-0.0166666800000037,0.0560000000000009,12.916666666666666,13.016,19.955555522222223,12.909555555555556,5.1656613,5.170707,5.170707,5.155584,5.1656613,0,0.0,0,1.0,-0.7,15.4,84.6
2022-10-22 05:15:00,94.179288277776,31.245416783334,31.249305544444,19.9444444,13.016,30.0,1,5.1764362714980825,70.66250196097344,5,5,10,0.9659258262890684,0.2588190451025207,-0.9749279121818236,-0.2225209339563146,-0.8660254037844386,0.5000000000000001,0.0,0.0,0.0,18.95,40.025,0.0,50.25,-0.075,4.667231,0.0,9.825,19.92407405,30.0,30.0,30.0,30.0,30.0,-6.928444399999998,0.0,0.043333333333333,12.972666666666669,12.930666666666667,19.94999996,12.968444444444444,5.1656613,5.1656613,5.170707,5.170707,5.1595,0,0.0,0,1.0,-0.7,15.4,84.6
2022-10-22 05:30:00,74.923669666664,28.779682116666,28.784404194442,19.92407405,12.930666666666667,30.0,1,5.1764362714980825,70.66250196097344,5,5,10,0.9659258262890684,0.2588190451025207,-0.9749279121818236,-0.2225209339563146,-0.8660254037844386,0.5000000000000001,0.0,0.0,0.0,18.7,39.75,0.0,50.5,-0.05,4.6681547,0.0,9.75,19.89444445,30.0,30.0,30.0,30.0,30.0,-6.993407383333331,-0.0203703500000003,-0.0853333333333328,13.016,12.807333333333334,19.93765428333333,12.973111111111107,5.1595,5.1656613,5.1656613,5.170707,5.1505504,0,0.0,0,1.0,-0.71,15.5,84.5
2022-10-22 05:45:00,80.10790662222401,41.722775472222,41.728886394442,19.89444445,12.807333333333334,30.0,1,5.1764362714980825,70.66250196097344,5,5,10,0.9659258262890684,0.2588190451025207,-0.9749279121818236,-0.2225209339563146,-0.8660254037844386,0.5000000000000001,0.0,0.0,0.0,18.45,39.475,0.0,50.75,-0.0249999999999999,4.6689506,0.0,9.675,19.92037035,30.0,30.0,30.0,30.0,30.0,-7.087111116666664,-0.0296295999999998,-0.123333333333333,12.930666666666667,12.634,19.920987633333333,12.918,5.1505504,5.1595,5.1656613,5.1656613,5.158381,0,0.0,0,1.0,-0.71,15.7,84.3
2022-10-22 06:00:00,78.01799040555,28.366365316666,28.371087411108,19.92037035,12.634,30.0,1,5.1764362714980825,70.66250196097344,6,5,10,1.0,6.123233995736766e-17,-0.9749279121818236,-0.2225209339563146,-0.8660254037844386,0.5000000000000001,0.0,0.0,0.0,18.2,39.2,0.0,51.0,0.0,4.669619,0.0,9.6,19.8888889,30.0,30.0,30.0,30.0,30.0,-7.28637035,0.0259259000000007,-0.1733333333333355,12.807333333333334,12.53,19.91296295,12.790666666666668,5.158381,5.1505504,5.1595,5.1656613,5.148874,0,0.0,0,1.0,-0.71,15.6,84.4
2022-10-22 06:15:00,72.375993877772,29.827140216666,29.832417855552,19.8888889,12.53,30.0,1,5.1764362714980825,70.66250196097344,6,5,10,1.0,6.123233995736766e-17,-0.9749279121818236,-0.2225209339563146,-0.8660254037844386,0.5000000000000001,0.0,0.0,0.0,17.625,38.575,0.0,51.5,0.05,4.685479,0.0,9.5,19.86851851333333,30.0,30.0,30.0,30.0,30.0,-7.358888900000002,-0.0314814499999975,-0.1039999999999992,12.634,12.234,19.901234566666663,12.657111111111108,5.148874,5.158381,5.1505504,5.1595,5.142729,0,0.0,0,1.0,-0.72,15.8,84.2
2022-10-22 06:30:00,98.068854955552,41.013081611112,41.018914777776,19.86851851333333,12.234,30.0,1,5.1764362714980825,70.66250196097344,6,5,10,1.0,6.123233995736766e-17,-0.9749279121818236,-0.2225209339563146,-0.8660254037844386,0.5000000000000001,0.0,0.0,0.0,17.05,37.95,0.0,52.0,0.1,4.7009254,0.0,9.4,19.87777777,30.0,30.0,30.0,30.0,30.3,-7.634518513333335,-0.0203703866666664,-0.2959999999999994,12.53,12.108,19.89259258777778,12.466,5.142729,5.148874,5.158381,5.1505504,5.196977,0,0.0,0,1.0,-0.72,15.9,84.1
2022-10-22 06:45:00,94.462888116662,36.797416927778,36.80436118333,19.87777777,12.108,30.3,1,5.1764362714980825,70.66250196097344,6,5,10,1.0,6.123233995736766e-17,-0.9749279121818236,-0.2225209339563146,-0.8660254037844386,0.5000000000000001,0.0,0.0,0.0,16.475,37.325,0.0,52.5,0.15,4.7159624,0.0,9.3,19.92037035,30.0,30.0,30.0,30.0,30.216666666666665,-7.769777770000001,0.0092592566666667,-0.1259999999999994,12.234,12.066666666666666,19.87839506111111,12.290666666666668,5.196977,5.142729,5.148874,5.158381,5.1956363,0,0.0,0,1.0,-0.72,15.8,84.2
2022-10-22 07:00:00,67.26092070555,28.82606916111,28.831624538886,19.92037035,12.066666666666666,30.216666666666665,1,5.1764362714980825,70.66250196097344,7,5,10,0.9659258262890684,-0.2588190451025206,-0.9749279121818236,-0.2225209339563146,-0.8660254037844386,0.5000000000000001,0.0,0.0,0.0,15.9,36.7,0.0,53.0,0.2,4.7305923,0.0,9.2,19.89444445,30.3,30.0,30.0,30.0,30.45,-7.853703683333332,0.0425925799999973,-0.0413333333333341,12.108,12.110666666666669,19.888888877777777,12.13622222222222,5.1956363,5.196977,5.142729,5.148874,5.2278085,0,0.0,0,1.0,-0.71,15.5,84.5
2022-10-22 07:15:00,88.970329994442,43.984629427778,43.990184805554,19.89444445,12.110666666666669,30.45,1,5.1764362714980825,70.66250196097344,7,5,10,0.9659258262890684,-0.2588190451025206,-0.9749279121818236,-0.2225209339563146,-0.8660254037844386,0.5000000000000001,3.0,0.75,0.25,16.775,35.525000000000006,0.0,52.75,0.3,4.7611346,0.0,9.375,19.92037035,30.216666666666665,30.3,30.0,30.0,30.216666666666665,-7.783777783333331,-0.0259259000000007,0.0440000000000004,12.066666666666666,12.1,19.897530856666663,12.095111111111107,5.2278085,5.1956363,5.196977,5.142729,5.1956363,0,0.0,0,1.0,-0.71,15.7,84.3
2022-10-22 07:30:00,113.69489652222,27.057806527778,27.061973077776,19.92037035,12.1,30.216666666666665,1,5.1764362714980825,70.66250196097344,7,5,10,0.9659258262890684,-0.2588190451025206,-0.9749279121818236,-0.2225209339563146,-0.8660254037844386,0.5000000000000001,6.0,2.25,0.75,17.65,34.35,0.0,52.5,0.4,4.791689,0.0,9.55,19.89444445,30.45,30.216666666666665,30.3,30.0,30.85,-7.820370349999999,0.0259259000000007,-0.0106666666666672,12.110666666666669,12.121999999999998,19.91172838333333,12.092444444444444,5.1956363,5.2278085,5.1956363,5.196977,5.296482,0,0.0,0,1.0,-0.71,15.5,84.5
2022-10-22 07:45:00,183.721539811108,54.260051727778,54.268106972222,19.89444445,12.121999999999998,30.85,1,5.1764362714980825,70.66250196097344,7,5,10,0.9659258262890684,-0.2588190451025206,-0.9749279121818236,-0.2225209339563146,-0.8660254037844386,0.5000000000000001,9.0,4.5,1.5,18.525,33.175,0.0,52.25,0.5,4.822254,0.0,9.725,19.9407407,30.216666666666665,30.45,30.216666666666665,30.3,31.0,-7.77244445,-0.0259259000000007,0.0219999999999984,12.1,12.384666666666668,19.903086416666664,12.110888888888889,5.296482,5.1956363,5.2278085,5.1956363,5.336693,0,0.0,0,1.0,-0.71,15.6,84.4
2022-10-22 08:00:00,123.96698562222,55.23334616111,55.240845927774,19.9407407,12.384666666666668,31.0,1,5.1764362714980825,70.66250196097344,8,5,10,0.8660254037844387,-0.4999999999999998,-0.9749279121818236,-0.2225209339563146,-0.8660254037844386,0.5000000000000001,12.0,7.5,2.5,19.4,32.0,0.0,52.0,0.6,4.8528256,0.0,9.9,19.98333332,30.85,30.216666666666665,30.45,30.216666666666665,31.0,-7.556074033333331,0.046296250000001,0.2626666666666697,12.121999999999998,12.667333333333334,19.9185185,12.20222222222222,5.336693,5.296482,5.1956363,5.2278085,5.3500233,0,0.0,0,1.0,-0.7,15.3,84.7
2022-10-22 08:15:00,105.938817794446,55.812489611112,55.821100433332,19.98333332,12.667333333333334,31.0,1,5.1764362714980825,70.66250196097344,8,5,10,0.8660254037844387,-0.4999999999999998,-0.9749279121818236,-0.2225209339563146,-0.8660254037844386,0.5000000000000001,42.25,17.3125,6.020833333333333,18.55,33.45,0.0,52.75,0.975,5.00148,0.0,10.15,20.0,31.0,30.85,30.216666666666665,30.45,31.0,-7.315999986666666,0.0425926200000006,0.2826666666666657,12.384666666666668,12.968666666666667,19.939506156666667,12.39133333333333,5.3500233,5.336693,5.296482,5.1956363,5.355248,0,0.0,0,1.0,-0.69,15.0,85.0
2022-10-22 08:30:00,100.210435938886,56.558848688888,56.566070666664,20.0,12.968666666666667,31.0,1,5.1764362714980825,70.66250196097344,8,5,10,0.8660254037844387,-0.4999999999999998,-0.9749279121818236,-0.2225209339563146,-0.8660254037844386,0.5000000000000001,72.5,33.9375,12.0625,17.7,34.9,0.0,53.5,1.35,5.1534786,0.0,10.4,20.04444447,31.0,31.0,30.85,30.216666666666665,31.0,-7.0313333333333325,0.0166666800000001,0.3013333333333339,12.667333333333334,13.344,19.974691340000003,12.673555555555554,5.355248,5.3500233,5.336693,5.296482,5.369202,0,0.0,0,1.0,-0.68,14.9,85.1
2022-10-22 08:45:00,110.596131544444,57.474923111112,57.481034,20.04444447,13.344,31.0,1,5.1764362714980825,70.66250196097344,8,5,10,0.8660254037844387,-0.4999999999999998,-0.9749279121818236,-0.2225209339563146,-0.8660254037844386,0.5000000000000001,102.75,57.375,20.625,16.85,36.35,0.0,54.25,1.725,5.308884,0.0,10.65,20.1074074,31.0,31.0,31.0,30.85,31.0,-6.700444469999999,0.0444444699999984,0.3753333333333319,12.968666666666667,13.835333333333333,20.00925926333333,12.993333333333332,5.369202,5.355248,5.3500233,5.336693,5.3890214,0,0.0,0,1.0,-0.67,14.6,85.4
2022-10-22 09:00:00,74.491464622224,26.516161511112,26.521716872222,20.1074074,13.835333333333333,31.0,1,5.1764362714980825,70.66250196097344,9,5,10,0.7071067811865476,-0.7071067811865475,-0.9749279121818236,-0.2225209339563146,-0.8660254037844386,0.5000000000000001,133.0,87.625,31.70833333333333,16.0,37.8,0.0,55.0,2.1,5.467755,0.0,10.9,20.07222225,31.0,31.0,31.0,31.0,31.0,-6.272074066666667,0.0629629300000012,0.4913333333333334,13.344,14.418,20.05061729,13.382666666666664,5.3890214,5.369202,5.355248,5.3500233,5.377937,0,0.0,0,1.0,-0.66,14.1,85.9
2022-10-22 09:15:00,92.77267786111,28.797736944444,28.80301458333,20.07222225,14.418,31.0,1,5.1764362714980825,70.66250196097344,9,5,10,0.7071067811865476,-0.7071067811865475,-0.9749279121818236,-0.2225209339563146,-0.8660254037844386,0.5000000000000001,174.25,120.625,46.22916666666666,14.7,36.45,0.0,55.25,2.7,5.6946187,0.0,11.475,20.075793675,31.0,31.0,31.0,31.0,31.182142857142857,-5.654222249999998,-0.0351851500000002,0.5826666666666682,13.835333333333333,14.887142857142855,20.074691373333334,13.865777777777774,5.377937,5.3890214,5.369202,5.355248,5.410667,0,0.0,0,1.0,-0.67,14.4,85.6
2022-10-22 09:30:00,96.900290516666,42.358583372222,42.36524982222,20.075793675,14.887142857142855,31.182142857142857,1,5.1764362714980825,70.66250196097344,9,5,10,0.7071067811865476,-0.7071067811865475,-0.9749279121818236,-0.2225209339563146,-0.8660254037844386,0.5000000000000001,215.5,156.375,64.1875,13.4,35.099999999999994,0.0,55.5,3.3,5.9297805,0.0,12.05,20.24444445,31.0,31.0,31.0,31.0,31.45,-5.188650817857143,0.0035714250000005,0.469142857142856,14.418,15.266,20.08514110833333,14.380158730158728,5.410667,5.377937,5.3890214,5.369202,5.511238,0,0.0,0,1.0,-0.67,14.3,85.7
2022-10-22 09:45:00,46.76174045556,0.0,0.0,20.24444445,15.266,31.45,0,5.1764362714980825,70.66250196097344,9,5,10,0.7071067811865476,-0.7071067811865475,-0.9749279121818236,-0.2225209339563146,-0.8660254037844386,0.5000000000000001,256.75,194.875,85.58333333333333,12.1,33.75,0.0,55.75,3.9,6.1735015,0.0,12.625,20.514814803333334,31.182142857142857,31.0,31.0,31.0,31.03333333333333,-4.97844445,0.1686507749999997,0.378857142857143,14.887142857142855,15.678666666666668,20.130820125,14.85704761904762,5.511238,5.410667,5.377937,5.3890214,5.524748,1,1.0,1,0.75,-0.63,13.3,86.7
2022-10-22 10:00:00,85.287143977776,33.840590788888,33.846701711108,20.514814803333334,15.678666666666668,31.03333333333333,1,5.1764362714980825,70.66250196097344,10,5,10,0.4999999999999999,-0.8660254037844387,-0.9749279121818236,-0.2225209339563146,-0.8660254037844386,0.5000000000000001,298.0,236.125,110.41666666666669,10.8,32.4,0.0,56.0,4.5,6.426047,0.0,13.2,21.00555559,31.45,31.182142857142857,31.0,31.0,30.6,-4.836148136666667,0.2703703533333339,0.4126666666666665,15.266,16.189333333333334,20.278350976111117,15.27726984126984,5.524748,5.511238,5.410667,5.377937,5.6054645,0,1.0,1,0.75,-0.57,11.7,88.3
2022-10-22 10:15:00,50.585754255556,0.0,0.0,21.00555559,16.189333333333334,30.6,0,5.1764362714980825,70.66250196097344,10,5,10,0.4999999999999999,-0.8660254037844387,-0.9749279121818236,-0.2225209339563146,-0.8660254037844386,0.5000000000000001,333.75,276.0,137.97916666666666,10.975,31.325,0.0,54.5,4.7,6.4995875,0.0,13.825,21.88148148,31.03333333333333,31.45,31.182142857142857,31.0,29.85,-4.816222256666663,0.4907407866666631,0.5106666666666673,15.678666666666668,16.604,20.588271614444444,15.711333333333334,5.6054645,5.524748,5.511238,5.410667,5.7525544,1,2.0,1,0.5,-0.46,9.3,90.7
2022-10-22 10:30:00,80.49594678333,21.579692294446,21.58469216111,21.88148148,16.604,29.85,1,5.1764362714980825,70.66250196097344,10,5,10,0.4999999999999999,-0.8660254037844387,-0.9749279121818236,-0.2225209339563146,-0.8660254037844386,0.5000000000000001,369.5,314.5,168.27083333333334,11.15,30.25,0.0,53.0,4.9,6.567727,0.0,14.45,22.68888888,30.6,31.03333333333333,31.45,31.182142857142857,29.1,-5.277481479999999,0.8759258900000013,0.4146666666666654,16.189333333333334,17.086000000000002,21.13395062444444,16.15733333333333,5.7525544,5.6054645,5.524748,5.511238,5.874623,0,2.0,1,0.5,-0.26,6.4,93.6
2022-10-22 10:45:00,70.551900111108,0.0,0.0,22.68888888,17.086000000000002,29.1,0,5.1764362714980825,70.66250196097344,10,5,10,0.4999999999999999,-0.8660254037844387,-0.9749279121818236,-0.2225209339563146,-0.8660254037844386,0.5000000000000001,405.25,351.625,201.29166666666663,11.325,29.175,0.0,51.5,5.1,6.6299973,0.0,15.075,22.93888892,29.85,30.6,31.03333333333333,31.45,28.53333333333333,-5.602888879999995,0.8074073999999989,0.4820000000000028,16.604,17.458666666666666,21.858641983333328,16.626444444444445,5.874623,5.7525544,5.6054645,5.524748,5.8433166,1,2.0,1,0.5,-0.07,5.1,94.9
2022-10-22 11:00:00,71.579914388892,28.60941116111,28.613577694442,22.93888892,17.458666666666666,28.53333333333333,1,5.1764362714980825,70.66250196097344,11,5,10,0.258819045102521,-0.9659258262890682,-0.9749279121818236,-0.2225209339563146,-0.8660254037844386,0.5000000000000001,441.0,387.375,237.04166666666663,11.5,28.1,0.0,50.0,5.3,6.6859117,0.0,15.7,22.51111109,29.1,29.85,30.6,31.03333333333333,28.9,-5.480222253333334,0.2500000400000033,0.3726666666666638,17.086000000000002,18.018,22.503086426666663,17.049555555555553,5.8433166,5.874623,5.7525544,5.6054645,5.7750335,0,2.0,1,0.5,-0.02,5.0,95.0
2022-10-22 11:15:00,248.129518888888,25.4798141,25.484813933332,22.51111109,18.018,28.9,1,5.1764362714980825,70.66250196097344,11,5,10,0.258819045102521,-0.9659258262890682,-0.9749279121818236,-0.2225209339563146,-0.8660254037844386,0.5000000000000001,466.0,420.4375,272.3541666666667,11.7,28.375,0.0,48.5,5.35,6.7045727,0.0,16.25,22.09259258333333,28.53333333333333,29.1,29.85,30.6,29.466666666666665,-4.493111090000003,-0.4277778300000001,0.5593333333333312,17.458666666666666,18.622,22.712962963333336,17.520888888888887,5.7750335,5.8433166,5.874623,5.7525544,5.748222,0,1.0,0,0.75,-0.12,5.3,94.7
2022-10-22 11:30:00,322.299052005554,23.917376616666,23.932376016666,22.09259258333333,18.622,29.466666666666665,1,5.1764362714980825,70.66250196097344,11,5,10,0.258819045102521,-0.9659258262890682,-0.9749279121818236,-0.2225209339563146,-0.8660254037844386,0.5000000000000001,491.0,450.8125,307.2291666666667,11.9,28.65,0.0,47.0,5.4,6.715881,0.0,16.799999999999997,21.866666650714286,28.9,28.53333333333333,29.1,29.85,29.9,-3.470592583333332,-0.4185185066666683,0.6040000000000028,18.018,18.812857142857144,22.51419753111111,18.032888888888888,5.748222,5.7750335,5.8433166,5.874623,5.757266,0,1.0,0,0.75,-0.21,5.9,94.1
2022-10-22 11:45:00,158.227837266668,32.360649955556,32.403981572222,21.866666650714286,18.812857142857144,29.9,1,5.1764362714980825,70.66250196097344,11,5,10,0.258819045102521,-0.9659258262890682,-0.9749279121818236,-0.2225209339563146,-0.8660254037844386,0.5000000000000001,516.0,478.5,341.6666666666667,12.1,28.925,0.0,45.5,5.45,6.719387,0.0,17.349999999999998,21.61666668333333,29.466666666666665,28.9,28.53333333333333,29.1,30.466666666666665,-3.0538095078571423,-0.2259259326190452,0.1908571428571441,18.622,19.3,22.156790108015876,18.48428571428571,5.757266,5.748222,5.7750335,5.8433166,5.782265,0,0.0,0,1.0,-0.26,6.4,93.6
2022-10-22 12:00:00,157.343428244444,0.0,0.0,21.61666668333333,19.3,30.466666666666665,0,5.1764362714980825,70.66250196097344,12,5,10,1.2246467991473532e-16,-1.0,-0.9749279121818236,-0.2225209339563146,-0.8660254037844386,0.5000000000000001,541.0,503.5,375.6666666666667,12.3,29.2,0.0,44.0,5.5,6.714629,0.0,17.9,21.37777776,29.9,29.466666666666665,28.9,28.53333333333333,30.9,-2.3166666833333345,-0.2499999673809512,0.4871428571428566,18.812857142857144,19.60533333333333,21.85864197246032,18.911619047619045,5.782265,5.757266,5.748222,5.7750335,5.783982,1,1.0,1,0.75,-0.31,7.1,92.9
2022-10-22 12:15:00,167.186645583334,35.092207355556,35.140816511112,21.37777776,19.60533333333333,30.9,1,5.1764362714980825,70.66250196097344,12,5,10,1.2246467991473532e-16,-1.0,-0.9749279121818236,-0.2225209339563146,-0.8660254037844386,0.5000000000000001,552.75,525.1875,407.2083333333333,12.275,29.2,0.0,43.25,5.6,6.748957,0.0,18.275,21.26111111333333,30.466666666666665,29.9,29.466666666666665,28.9,31.466666666666665,-1.77244442666667,-0.2388889233333344,0.3053333333333299,19.3,20.61466666666667,21.620370364682543,19.239396825396824,5.783982,5.782265,5.757266,5.748222,5.850361,0,1.0,1,0.75,-0.37,7.8,92.2
2022-10-22 12:30:00,130.878098066664,12.512277272222,12.56255306111,21.26111111333333,20.61466666666667,31.466666666666665,1,5.1764362714980825,70.66250196097344,12,5,10,1.2246467991473532e-16,-1.0,-0.9749279121818236,-0.2225209339563146,-0.8660254037844386,0.5000000000000001,564.5,543.5625,436.2916666666667,12.25,29.2,0.0,42.5,5.7,6.780976,0.0,18.65,21.14444443,30.9,30.466666666666665,29.9,29.466666666666665,31.85,-0.646444446666667,-0.1166666466666654,1.0093333333333376,19.60533333333333,21.06066666666667,21.418518518888888,19.84,5.850361,5.783982,5.782265,5.757266,5.881691,0,1.0,0,0.75,-0.39,8.2,91.8
2022-10-22 12:45:00,78.990173649998,21.291092755556,21.295537077776,21.14444443,21.06066666666667,31.85,1,5.1764362714980825,70.66250196097344,12,5,10,1.2246467991473532e-16,-1.0,-0.9749279121818236,-0.2225209339563146,-0.8660254037844386,0.5000000000000001,576.25,558.625,462.9166666666667,12.225,29.2,0.0,41.75,5.800000000000001,6.810576,0.0,19.025,21.09074075,31.466666666666665,30.9,30.466666666666665,29.9,32.18333333333333,-0.0837777633333303,-0.1166666833333351,0.4460000000000015,20.61466666666667,21.628,21.261111101111112,20.42688888888889,5.881691,5.850361,5.783982,5.782265,5.924748,0,1.0,0,0.75,-0.42,8.6,91.4
2022-10-22 13:00:00,86.516261494442,30.74988103889,30.757380772222,21.09074075,21.628,32.18333333333333,1,5.1764362714980825,70.66250196097344,13,5,10,-0.2588190451025208,-0.9659258262890684,-0.9749279121818236,-0.2225209339563146,-0.8660254037844386,0.5000000000000001,588.0,570.375,487.0833333333333,12.2,29.2,0.0,41.0,5.9,6.8376527,0.0,19.4,21.033333350000003,31.85,31.466666666666665,30.9,30.466666666666665,32.5,0.5372592499999982,-0.0537036799999981,0.5673333333333304,21.06066666666667,21.952,21.165432097777774,21.10111111111111,5.924748,5.881691,5.850361,5.783982,5.9631305,0,0.0,0,1.0,-0.43,8.8,91.2
2022-10-22 13:15:00,69.602771344444,0.0,0.0,21.033333350000003,21.952,32.5,0,5.1764362714980825,70.66250196097344,13,5,10,-0.2588190451025208,-0.9659258262890684,-0.9749279121818236,-0.2225209339563146,-0.8660254037844386,0.5000000000000001,585.25,578.5,508.0416666666667,12.15,29.2,0.0,40.5,5.875,6.8441916,0.0,19.625,21.35925927,32.18333333333333,31.85,31.466666666666665,30.9,32.31666666666667,0.9186666499999953,-0.0574073999999988,0.323999999999998,21.628,22.162666666666667,21.08950617666667,21.546888888888887,5.9631305,5.924748,5.881691,5.850361,6.042673,1,1.0,1,0.75,-0.44,9.0,91.0
2022-10-22 13:30:00,83.96636354444,17.848452716666,17.855674677776,21.35925927,22.162666666666667,32.31666666666667,1,5.1764362714980825,70.66250196097344,13,5,10,-0.2588190451025208,-0.9659258262890684,-0.9749279121818236,-0.2225209339563146,-0.8660254037844386,0.5000000000000001,582.5,583.0,525.7916666666666,12.1,29.2,0.0,40.0,5.85,6.849533,0.0,19.85,22.02777776,32.5,32.18333333333333,31.85,31.466666666666665,31.6,0.8034073966666675,0.325925919999996,0.2106666666666683,21.952,22.63266666666667,21.16111112333333,21.91422222222222,6.042673,5.9631305,5.924748,5.881691,6.1414046,0,1.0,1,0.75,-0.36,7.7,92.3
2022-10-22 13:45:00,46.697854377772,0.0,0.0,22.02777776,22.63266666666667,31.6,0,5.1764362714980825,70.66250196097344,13,5,10,-0.2588190451025208,-0.9659258262890684,-0.9749279121818236,-0.2225209339563146,-0.8660254037844386,0.5000000000000001,579.75,583.875,540.3333333333334,12.05,29.2,0.0,39.5,5.825,6.8536477,0.0,20.075,22.38148144333333,32.31666666666667,32.5,32.18333333333333,31.85,31.03333333333333,0.6048889066666696,0.6685184900000003,0.4700000000000024,22.162666666666667,22.497333333333337,21.473456793333337,22.24911111111111,6.1414046,6.042673,5.9631305,5.924748,6.1553216,1,2.0,1,0.5,-0.21,5.9,94.1
2022-10-22 14:00:00,70.42996060555,25.4398157,25.44620436111,22.38148144333333,22.497333333333337,31.03333333333333,1,5.1764362714980825,70.66250196097344,14,5,10,-0.4999999999999997,-0.8660254037844388,-0.9749279121818236,-0.2225209339563146,-0.8660254037844386,0.5000000000000001,577.0,581.125,551.6666666666666,12.0,29.2,0.0,39.0,5.8,6.8565083,0.0,20.3,22.1888889,31.6,32.31666666666667,32.5,32.18333333333333,31.35,0.1158518900000054,0.3537036833333324,-0.1353333333333317,22.63266666666667,22.78933333333333,21.92283949111111,22.430888888888887,6.1553216,6.1414046,6.042673,5.9631305,6.1496234,0,2.0,1,0.5,-0.13,5.4,94.6
2022-10-22 14:15:00,69.916925611104,11.4478754,11.453153055552,22.1888889,22.78933333333333,31.35,1,5.1764362714980825,70.66250196097344,14,5,10,-0.4999999999999997,-0.8660254037844388,-0.9749279121818236,-0.2225209339563146,-0.8660254037844386,0.5000000000000001,559.75,574.75,559.4791666666666,12.05,28.925,0.0,38.5,5.75,6.808246,0.0,20.4,21.86666668333333,31.03333333333333,31.6,32.31666666666667,32.5,31.683333333333334,0.6004444333333367,-0.1925925433333333,0.291999999999998,22.497333333333337,22.814,22.19938270111111,22.63977777777778,6.1496234,6.1553216,6.1414046,6.042673,6.100648,0,1.0,0,0.75,-0.18,5.6,94.4
2022-10-22 14:30:00,76.533049605558,20.982494,20.988327116666,21.86666668333333,22.814,31.683333333333334,1,5.1764362714980825,70.66250196097344,14,5,10,-0.4999999999999997,-0.8660254037844388,-0.9749279121818236,-0.2225209339563146,-0.8660254037844386,0.5000000000000001,542.5,564.75,563.7708333333334,12.1,28.65,0.0,38.0,5.699999999999999,6.7591543,0.0,20.5,21.67222222,31.35,31.03333333333333,31.6,32.31666666666667,32.0,0.9473333166666684,-0.3222222166666668,0.0246666666666648,22.78933333333333,22.834,22.145679008888887,22.700222222222223,6.100648,6.1496234,6.1553216,6.1414046,6.092814,0,1.0,0,0.75,-0.25,6.3,93.7
2022-10-22 14:45:00,75.96557242222,22.196612116666,22.20133416111,21.67222222,22.834,32.0,1,5.1764362714980825,70.66250196097344,14,5,10,-0.4999999999999997,-0.8660254037844388,-0.9749279121818236,-0.2225209339563146,-0.8660254037844386,0.5000000000000001,525.25,551.125,564.5416666666666,12.15,28.375,0.0,37.5,5.65,6.709222,0.0,20.6,21.89814812666667,31.683333333333334,31.35,31.03333333333333,31.6,31.816666666666663,1.161777780000001,-0.1944444633333333,0.0199999999999995,22.814,23.026666666666667,21.909259267777774,22.81244444444444,6.092814,6.100648,6.1496234,6.1553216,6.1374607,0,0.0,0,1.0,-0.29,6.8,93.2
2022-10-22 15:00:00,47.615039955548,0.0,0.0,21.89814812666667,23.026666666666667,31.816666666666663,0,5.1764362714980825,70.66250196097344,15,5,10,-0.7071067811865471,-0.7071067811865479,-0.9749279121818236,-0.2225209339563146,-0.8660254037844386,0.5000000000000001,508.0,533.875,561.7916666666666,12.2,28.1,0.0,37.0,5.6,6.658446,0.0,20.7,22.561111120000003,32.0,31.683333333333334,31.35,31.03333333333333,31.1,1.1285185399999982,0.2259259066666707,0.1926666666666676,22.834,22.91466666666667,21.812345676666663,22.89155555555556,6.1374607,6.092814,6.100648,6.1496234,6.2325206,1,1.0,1,0.75,-0.24,6.2,93.8
2022-10-22 15:15:00,55.771658011108,16.190463455556,16.196296605554,22.561111120000003,22.91466666666667,31.1,1,5.1764362714980825,70.66250196097344,15,5,10,-0.7071067811865471,-0.7071067811865479,-0.9749279121818236,-0.2225209339563146,-0.8660254037844386,0.5000000000000001,478.5,513.5625,555.6041666666666,11.675,27.925,0.0,38.0,5.824999999999999,6.788779,0.0,20.575,22.98703701,31.816666666666663,32.0,31.683333333333334,31.35,30.53333333333333,0.3535555466666658,0.6629629933333341,-0.1119999999999983,23.026666666666667,23.232666666666667,22.04382715555556,22.92511111111111,6.2325206,6.1374607,6.092814,6.100648,6.2701473,0,1.0,1,0.75,-0.09,5.2,94.8
2022-10-22 15:30:00,60.783401933332,0.0,0.0,22.98703701,23.232666666666667,30.53333333333333,0,5.1764362714980825,70.66250196097344,15,5,10,-0.7071067811865471,-0.7071067811865479,-0.9749279121818236,-0.2225209339563146,-0.8660254037844386,0.5000000000000001,449.0,490.1875,545.9791666666666,11.15,27.75,0.0,39.0,6.05,6.916818,0.0,20.45,23.01111111,31.1,31.816666666666663,32.0,31.683333333333334,30.55,0.2456296566666651,0.4259258899999985,0.3179999999999978,22.91466666666667,22.89933333333333,22.482098752222225,23.058,6.2701473,6.2325206,6.1374607,6.092814,6.2822156,1,2.0,1,0.5,0.01,5.0,95.0
2022-10-22 15:45:00,77.924382783338,22.038285083334,22.043840444444,23.01111111,22.89933333333333,30.55,1,5.1764362714980825,70.66250196097344,15,5,10,-0.7071067811865471,-0.7071067811865479,-0.9749279121818236,-0.2225209339563146,-0.8660254037844386,0.5000000000000001,419.5,463.75,532.9166666666666,10.625,27.575,0.0,40.0,6.275,7.042592,0.0,20.325,22.71111114,30.53333333333333,31.1,31.816666666666663,32.0,31.15,-0.111777776666667,0.0240740999999999,-0.3333333333333321,23.232666666666667,22.952,22.85308641333334,23.015555555555554,6.2822156,6.2701473,6.2325206,6.1374607,6.2964873,0,2.0,1,0.5,0.01,5.0,95.0
2022-10-22 16:00:00,57.540198416662,0.0,0.0,22.71111114,22.952,31.15,0,5.1764362714980825,70.66250196097344,16,5,10,-0.8660254037844385,-0.5000000000000004,-0.9749279121818236,-0.2225209339563146,-0.8660254037844386,0.5000000000000001,390.0,434.25,516.4166666666666,10.1,27.4,0.0,41.0,6.5,7.1661196,0.0,20.2,22.37777777,30.55,30.53333333333333,31.1,31.816666666666663,31.55,0.2408888599999983,-0.2999999700000018,0.0526666666666635,22.89933333333333,23.060666666666663,22.903086420000005,23.028,6.2964873,6.2822156,6.2701473,6.2325206,6.256466,1,2.0,1,0.5,-0.05,5.1,94.9
2022-10-22 16:15:00,78.371587294442,29.424934055556,29.430211644444,22.37777777,23.060666666666663,31.55,1,5.1764362714980825,70.66250196097344,16,5,10,-0.8660254037844385,-0.5000000000000004,-0.9749279121818236,-0.2225209339563146,-0.8660254037844386,0.5000000000000001,351.5,402.5,496.9375,9.85,25.85,0.0,43.25,6.825,7.3735566,0.0,19.775,22.06481479,31.15,30.55,30.53333333333333,31.1,31.966666666666665,0.6828888966666646,-0.3333333699999983,0.108666666666668,22.952,22.764000000000003,22.70000000666667,22.970666666666663,6.256466,6.2964873,6.2822156,6.2701473,6.22594,0,2.0,1,0.5,-0.13,5.3,94.7
2022-10-22 16:30:00,63.536347511104,0.0,0.0,22.06481479,22.764000000000003,31.966666666666665,0,5.1764362714980825,70.66250196097344,16,5,10,-0.8660254037844385,-0.5000000000000004,-0.9749279121818236,-0.2225209339563146,-0.8660254037844386,0.5000000000000001,313.0,368.5,474.4791666666667,9.6,24.3,0.0,45.5,7.15,7.5658345,0.0,19.35,21.81666667,31.55,31.15,30.55,30.53333333333333,32.75,0.6991852100000031,-0.3129629800000018,-0.2966666666666633,23.060666666666663,22.57333333333333,22.3845679,22.92555555555556,6.22594,6.256466,6.2964873,6.2822156,6.287861,1,2.0,1,0.5,-0.2,5.8,94.2
2022-10-22 16:45:00,550.842965449998,23.642665372222,23.649054033332,21.81666667,22.57333333333333,32.75,1,5.1764362714980825,70.66250196097344,16,5,10,-0.8660254037844385,-0.5000000000000004,-0.9749279121818236,-0.2225209339563146,-0.8660254037844386,0.5000000000000001,274.5,332.25,449.0416666666667,9.35,22.75,0.0,47.75,7.475,7.743495,0.0,18.925,21.65370372,31.966666666666665,31.55,31.15,30.55,33.833333333333336,0.7566666633333305,-0.2481481199999997,-0.1906666666666723,22.764000000000003,22.446666666666665,22.08641974333333,22.799333333333333,6.287861,6.22594,6.256466,6.2964873,6.4349875,0,2.0,1,0.5,-0.25,6.3,93.7
2022-10-22 17:00:00,64.645747416666,0.0,0.0,21.65370372,22.446666666666665,33.833333333333336,0,5.1764362714980825,70.66250196097344,17,5,10,-0.9659258262890684,-0.2588190451025206,-0.9749279121818236,-0.2225209339563146,-0.8660254037844386,0.5000000000000001,236.0,293.75,420.625,9.1,21.2,0.0,50.0,7.8,7.9070683,0.0,18.5,21.56111113,32.75,31.966666666666665,31.55,31.15,34.9,0.7929629466666661,-0.1629629500000007,-0.1266666666666651,22.57333333333333,22.078666666666667,21.845061726666668,22.594666666666665,6.4349875,6.287861,6.22594,6.256466,6.602419,1,2.0,1,0.5,-0.28,6.7,93.3
2022-10-22 17:15:00,70.485791488892,0.0,0.0,21.56111113,22.078666666666667,34.9,0,5.1764362714980825,70.66250196097344,17,5,10,-0.9659258262890684,-0.2588190451025206,-0.9749279121818236,-0.2225209339563146,-0.8660254037844386,0.5000000000000001,195.5,254.75,390.2708333333333,10.0,21.3,0.0,51.25,7.525,7.7745757,0.0,17.8,21.43148146333333,33.833333333333336,32.75,31.966666666666665,31.55,35.46666666666667,0.51755553666667,-0.0925925900000024,-0.3679999999999985,22.446666666666665,21.715333333333334,21.677160506666667,22.36622222222222,6.602419,6.4349875,6.287861,6.22594,6.659471,0,3.0,0,0.25,-0.3,6.9,93.1
2022-10-22 17:30:00,75.831688844444,0.0,0.0,21.43148146333333,21.715333333333334,35.46666666666667,0,5.1764362714980825,70.66250196097344,17,5,10,-0.9659258262890684,-0.2588190451025206,-0.9749279121818236,-0.2225209339563146,-0.8660254037844386,0.5000000000000001,155.0,215.25,357.9791666666667,10.9,21.4,0.0,52.5,7.25,7.637993,0.0,17.1,21.34444443,34.9,33.833333333333336,32.75,31.966666666666665,35.85,0.2838518699999994,-0.1296296666666627,-0.3633333333333333,22.078666666666667,21.376666666666665,21.54876543777777,22.080222222222226,6.659471,6.602419,6.4349875,6.287861,6.697594,0,3.0,0,0.25,-0.33,7.2,92.8
2022-10-22 17:45:00,65.18628127778,0.0,0.0,21.34444443,21.376666666666665,35.85,0,5.1764362714980825,70.66250196097344,17,5,10,-0.9659258262890684,-0.2588190451025206,-0.9749279121818236,-0.2225209339563146,-0.8660254037844386,0.5000000000000001,114.5,175.25,323.75,11.8,21.5,0.0,53.75,6.975,7.4978147,0.0,16.4,21.26111111333333,35.46666666666667,34.9,33.833333333333336,32.75,36.0,0.0322222366666657,-0.0870370333333347,-0.3386666666666684,21.715333333333334,20.959333333333333,21.445679007777773,21.723555555555556,6.697594,6.659471,6.602419,6.4349875,6.6932096,0,4.0,0,0.0,-0.34,7.5,92.5
2022-10-22 18:00:00,108.190672299996,30.532945316666,30.538778466664,21.26111111333333,20.959333333333333,36.0,1,5.1764362714980825,70.66250196097344,18,5,10,-1.0,-1.8369701987210294e-16,-0.9749279121818236,-0.2225209339563146,-0.8660254037844386,0.5000000000000001,74.0,134.75,287.5833333333333,12.7,21.6,0.0,55.0,6.7,7.3545027,0.0,15.7,21.184523825000003,35.85,35.46666666666667,34.9,33.833333333333336,36.035714285714285,-0.3017777800000019,-0.0833333166666641,-0.4173333333333318,21.376666666666665,20.535714285714285,21.345679002222223,21.350444444444445,6.6932096,6.697594,6.659471,6.602419,6.6701546,0,3.0,1,0.25,-0.36,7.8,92.2
2022-10-22 18:15:00,83.18639474444001,0.0,0.0,21.184523825000003,20.535714285714285,36.035714285714285,0,5.1764362714980825,70.66250196097344,18,5,10,-1.0,-1.8369701987210294e-16,-0.9749279121818236,-0.2225209339563146,-0.8660254037844386,0.5000000000000001,55.5,99.75,252.33333333333331,12.85,22.6,0.0,55.25,6.4,7.2217426,0.0,15.325,21.14629631333333,36.0,35.85,35.46666666666667,34.9,36.46666666666667,-0.6488095392857183,-0.0765872883333322,-0.4236190476190486,20.959333333333333,20.04866666666667,21.263359789444447,20.957238095238093,6.6701546,6.6932096,6.697594,6.659471,6.7349668,1,3.0,1,0.25,-0.38,8.0,92.0
2022-10-22 18:30:00,82.102549083334,0.0,0.0,21.14629631333333,20.04866666666667,36.46666666666667,0,5.1764362714980825,70.66250196097344,18,5,10,-1.0,-1.8369701987210294e-16,-0.9749279121818236,-0.2225209339563146,-0.8660254037844386,0.5000000000000001,37.0,70.25,218.0,13.0,23.6,0.0,55.5,6.1,7.090753,0.0,14.95,21.06666669,36.035714285714285,36.0,35.85,35.46666666666667,36.5,-1.0976296466666646,-0.038227511666669,-0.4870476190476154,20.535714285714285,19.83933333333333,21.197310417222223,20.514571428571426,6.7349668,6.6701546,6.6932096,6.697594,6.710033,0,3.0,0,0.25,-0.39,8.1,91.9
2022-10-22 18:45:00,78.560468505558,0.0,0.0,21.06666669,19.83933333333333,36.5,0,5.1764362714980825,70.66250196097344,18,5,10,-1.0,-1.8369701987210294e-16,-0.9749279121818236,-0.2225209339563146,-0.8660254037844386,0.5000000000000001,18.5,46.25,184.58333333333331,13.15,24.6,0.0,55.75,5.8,6.9615207,0.0,14.575,21.003703706666663,36.46666666666667,36.035714285714285,36.0,35.85,36.5,-1.2273333566666658,-0.0796296233333357,-0.2093333333333369,20.04866666666667,19.704,21.132495609444444,20.14123809523809,6.710033,6.7349668,6.6701546,6.6932096,6.6855392,0,3.0,0,0.25,-0.41,8.4,91.6
2022-10-22 19:00:00,84.813551888884,33.6678199,33.673930788888,21.003703706666663,19.704,36.5,1,5.1764362714980825,70.66250196097344,19,5,10,-0.9659258262890684,0.2588190451025203,-0.9749279121818236,-0.2225209339563146,-0.8660254037844386,0.5000000000000001,0.0,27.75,152.08333333333334,13.3,25.6,0.0,56.0,5.5,6.834037,0.0,14.2,21.0,36.5,36.46666666666667,36.035714285714285,36.0,36.45,-1.2997037066666657,-0.0629629833333318,-0.1353333333333317,19.83933333333333,19.24333333333333,21.072222236666665,19.864,6.6855392,6.710033,6.7349668,6.6701546,6.6749434,0,3.0,1,0.25,-0.42,8.7,91.3
2022-10-22 19:15:00,68.317267383326,0.0,0.0,21.0,19.24333333333333,36.45,0,5.1764362714980825,70.66250196097344,19,5,10,-0.9659258262890684,0.2588190451025203,-0.9749279121818236,-0.2225209339563146,-0.8660254037844386,0.5000000000000001,0.0,13.875,122.79166666666669,14.125000000000002,26.05,0.0,55.5,5.425,6.793809,0.0,14.25,20.959259263333333,36.5,36.5,36.46666666666667,36.035714285714285,36.03333333333333,-1.7566666666666677,-0.0037037066666663,-0.4606666666666683,19.704,18.918,21.023456798888887,19.595555555555556,6.6749434,6.6855392,6.710033,6.7349668,6.5830355,1,3.0,1,0.25,-0.42,8.7,91.3
2022-10-22 19:30:00,104.274162399992,35.86912076111,35.875509455552,20.959259263333333,18.918,36.03333333333333,1,5.1764362714980825,70.66250196097344,19,5,10,-0.9659258262890684,0.2588190451025203,-0.9749279121818236,-0.2225209339563146,-0.8660254037844386,0.5000000000000001,0.0,4.625,96.70833333333331,14.95,26.5,0.0,55.0,5.35,6.7532625,0.0,14.3,20.88333334,36.45,36.5,36.5,36.46666666666667,35.65,-2.041259263333334,-0.0407407366666667,-0.325333333333333,19.24333333333333,18.48933333333333,20.98765432333333,19.28844444444444,6.5830355,6.6749434,6.6855392,6.710033,6.4843187,0,2.0,1,0.5,-0.43,8.9,91.1
2022-10-22 19:45:00,78.872122772222,17.4726344,17.476800949998,20.88333334,18.48933333333333,35.65,1,5.1764362714980825,70.66250196097344,19,5,10,-0.9659258262890684,0.2588190451025203,-0.9749279121818236,-0.2225209339563146,-0.8660254037844386,0.5000000000000001,0.0,0.0,73.83333333333333,15.775000000000002,26.95,0.0,54.5,5.275,6.712393,0.0,14.35,20.816666656666666,36.03333333333333,36.45,36.5,36.5,35.5,-2.394000006666669,-0.0759259233333331,-0.4286666666666683,18.918,18.171333333333333,20.94753086777778,18.883555555555557,6.4843187,6.5830355,6.6749434,6.6855392,6.4320416,0,1.0,0,0.75,-0.45,9.3,90.7
2022-10-22 20:00:00,86.686810155556,27.408348055556,27.41279236111,20.816666656666666,18.171333333333333,35.5,1,5.1764362714980825,70.66250196097344,20,5,10,-0.8660254037844386,0.5000000000000001,-0.9749279121818236,-0.2225209339563146,-0.8660254037844386,0.5000000000000001,0.0,0.0,54.16666666666666,16.6,27.4,0.0,54.0,5.2,6.671203,0.0,14.4,20.7777778,35.65,36.03333333333333,36.45,36.5,35.5,-2.6453333233333325,-0.0666666833333344,-0.3179999999999978,18.48933333333333,17.796666666666667,20.88641975333333,18.52622222222222,6.4320416,6.4843187,6.5830355,6.6749434,6.4175034,0,1.0,0,0.75,-0.47,9.6,90.4
2022-10-22 20:15:00,84.734943750002,31.467630094446,31.476518655556,20.7777778,17.796666666666667,35.5,1,5.1764362714980825,70.66250196097344,20,5,10,-0.8660254037844386,0.5000000000000001,-0.9749279121818236,-0.2225209339563146,-0.8660254037844386,0.5000000000000001,0.0,0.0,37.875,16.950000000000003,29.45,0.0,54.5,5.1,6.6407957,0.0,14.175,20.757407413333333,35.5,35.65,36.03333333333333,36.45,35.31666666666667,-2.981111133333332,-0.0388888566666665,-0.3746666666666662,18.171333333333333,17.562,20.825925932222223,18.15244444444444,6.4175034,6.4320416,6.4843187,6.5830355,6.376796,0,0.0,0,1.0,-0.48,9.8,90.2
2022-10-22 20:30:00,94.585938561114,29.5038198,29.51770816111,20.757407413333333,17.562,35.31666666666667,1,5.1764362714980825,70.66250196097344,20,5,10,-0.8660254037844386,0.5000000000000001,-0.9749279121818236,-0.2225209339563146,-0.8660254037844386,0.5000000000000001,0.0,0.0,24.95833333333333,17.3,31.5,0.0,55.0,5.0,6.6098056,0.0,13.95,20.7222222,35.5,35.5,35.65,36.03333333333333,35.0,-3.1954074133333314,-0.0203703866666664,-0.2346666666666657,17.796666666666667,17.845333333333333,20.78395062333333,17.84333333333333,6.376796,6.4175034,6.4320416,6.4843187,6.3066845,0,0.0,0,1.0,-0.49,9.9,90.1
2022-10-22 20:45:00,80.382340261106,15.896030833332,15.909363666664,20.7222222,17.845333333333333,35.0,1,5.1764362714980825,70.66250196097344,20,5,10,-0.8660254037844386,0.5000000000000001,-0.9749279121818236,-0.2225209339563146,-0.8660254037844386,0.5000000000000001,0.0,0.0,15.416666666666666,17.65,33.55,0.0,55.5,4.9,6.5782533,0.0,13.725,20.70185185,35.31666666666667,35.5,35.5,35.65,35.0,-2.8768888666666683,-0.0351852133333316,0.2833333333333314,17.562,18.016666666666666,20.75246913777778,17.734666666666666,6.3066845,6.376796,6.4175034,6.4320416,6.29921,0,0.0,0,1.0,-0.5,10.1,89.9
2022-10-22 21:00:00,83.625266038886,15.515490472222,15.5277122,20.70185185,18.016666666666666,35.0,1,5.1764362714980825,70.66250196097344,21,5,10,-0.7071067811865477,0.7071067811865474,-0.9749279121818236,-0.2225209339563146,-0.8660254037844386,0.5000000000000001,0.0,0.0,9.25,18.0,35.6,0.0,56.0,4.8,6.546157,0.0,13.5,20.66111114,35.0,35.31666666666667,35.5,35.5,35.0,-2.685185183333335,-0.0203703500000003,0.1713333333333331,17.845333333333333,17.726,20.727160487777777,17.807999999999996,6.29921,6.3066845,6.376796,6.4175034,6.284279,0,0.0,0,1.0,-0.5,10.2,89.8
2022-10-22 21:15:00,101.722597616666,25.581198927778,25.59536506111,20.66111114,17.726,35.0,1,5.1764362714980825,70.66250196097344,21,5,10,-0.7071067811865477,0.7071067811865474,-0.9749279121818236,-0.2225209339563146,-0.8660254037844386,0.5000000000000001,0.0,0.0,4.625,17.575,35.6,0.0,56.25,4.75,6.5148144,0.0,13.35,20.63518519333333,35.0,35.0,35.31666666666667,35.5,34.81666666666667,-2.93511114,-0.0407407100000014,-0.2906666666666666,18.016666666666666,17.307333333333336,20.695061730000003,17.862666666666666,6.284279,6.29921,6.3066845,6.376796,6.241925,0,0.0,0,1.0,-0.51,10.4,89.6
2022-10-22 21:30:00,63.377742688884,0.0,0.0,20.63518519333333,17.307333333333336,34.81666666666667,0,5.1764362714980825,70.66250196097344,21,5,10,-0.7071067811865477,0.7071067811865474,-0.9749279121818236,-0.2225209339563146,-0.8660254037844386,0.5000000000000001,0.0,0.0,1.5416666666666667,17.15,35.6,0.0,56.5,4.699999999999999,6.483422,0.0,13.2,20.62777778,35.0,35.0,35.0,35.31666666666667,34.5,-3.327851859999996,-0.0259259466666677,-0.4186666666666632,17.726,17.0,20.666049394444443,17.683333333333334,6.241925,6.284279,6.29921,6.3066845,6.1824846,1,1.0,1,0.75,-0.52,10.6,89.4
2022-10-22 21:45:00,90.165837738886,32.357872266668004,32.371760627778,20.62777778,17.0,34.5,1,5.1764362714980825,70.66250196097344,21,5,10,-0.7071067811865477,0.7071067811865474,-0.9749279121818236,-0.2225209339563146,-0.8660254037844386,0.5000000000000001,0.0,0.0,0.0,16.725,35.6,0.0,56.75,4.65,6.4519825,0.0,13.05,20.59074075,34.81666666666667,35.0,35.0,35.0,34.5,-3.627777779999999,-0.0074074133333326,-0.3073333333333359,17.307333333333336,16.791333333333334,20.641358037777778,17.344444444444445,6.1824846,6.241925,6.284279,6.29921,6.169154,0,1.0,1,0.75,-0.52,10.7,89.3
2022-10-22 22:00:00,79.934302566664,19.190343455556,19.202287411112,20.59074075,16.791333333333334,34.5,1,5.1764362714980825,70.66250196097344,22,5,10,-0.5000000000000004,0.8660254037844384,-0.9749279121818236,-0.2225209339563146,-0.8660254037844386,0.5000000000000001,0.0,0.0,0.0,16.3,35.6,0.0,57.0,4.6,6.420497,0.0,12.9,20.5888889,34.5,34.81666666666667,35.0,35.0,34.5,-3.799407416666668,-0.0370370299999969,-0.2086666666666659,17.0,16.562666666666665,20.61790124111111,17.032888888888888,6.169154,6.1824846,6.241925,6.284279,6.168488,0,1.0,0,0.75,-0.53,10.9,89.1
2022-10-22 22:15:00,84.709389255556,18.658975811112,18.670364255556,20.5888889,16.562666666666665,34.5,1,5.1764362714980825,70.66250196097344,22,5,10,-0.5000000000000004,0.8660254037844384,-0.9749279121818236,-0.2225209339563146,-0.8660254037844386,0.5000000000000001,0.0,0.0,0.0,16.375,34.975,0.0,57.25,4.625,6.4187546,0.0,12.825,20.53888891333333,34.5,34.5,34.81666666666667,35.0,34.5,-4.026222233333332,-0.0018518500000048,-0.228666666666669,16.791333333333334,16.237333333333332,20.60246914333333,16.784666666666663,6.168488,6.169154,6.1824846,6.241925,6.150534,0,1.0,0,0.75,-0.53,10.9,89.1
2022-10-22 22:30:00,376.29633637778,32.425091844444,32.440924544444,20.53888891333333,16.237333333333332,34.5,1,5.1764362714980825,70.66250196097344,22,5,10,-0.5000000000000004,0.8660254037844384,-0.9749279121818236,-0.2225209339563146,-0.8660254037844386,0.5000000000000001,0.0,0.0,0.0,16.450000000000003,34.35,0.0,57.5,4.65,6.416872,0.0,12.75,20.53333336,34.5,34.5,34.5,34.81666666666667,34.5,-4.301555580000002,-0.0499999866666627,-0.325333333333333,16.562666666666665,15.967333333333332,20.57283952111111,16.530444444444445,6.150534,6.168488,6.169154,6.1824846,6.1485424,0,0.0,0,1.0,-0.54,11.1,88.9
2022-10-22 22:45:00,244.265229266656,10.23014636111,10.275977927774,20.53333336,15.967333333333332,34.5,1,5.1764362714980825,70.66250196097344,22,5,10,-0.5000000000000004,0.8660254037844384,-0.9749279121818236,-0.2225209339563146,-0.8660254037844386,0.5000000000000001,0.0,0.0,0.0,16.525000000000002,33.725,0.0,57.75,4.675,6.414852,0.0,12.675,20.503703706666663,34.5,34.5,34.5,34.5,34.68333333333333,-4.566000026666664,-0.0055555533333375,-0.2699999999999996,16.237333333333332,15.894666666666668,20.553703724444443,16.255777777777777,6.1485424,6.150534,6.168488,6.169154,6.1705437,0,0.0,0,1.0,-0.54,11.2,88.8
2022-10-22 23:00:00,135.74568095556,33.243114622224,33.28977943889,20.503703706666663,15.894666666666668,34.68333333333333,1,5.1764362714980825,70.66250196097344,23,5,10,-0.2588190451025215,0.965925826289068,-0.9749279121818236,-0.2225209339563146,-0.8660254037844386,0.5000000000000001,0.0,0.0,0.0,16.6,33.1,0.0,58.0,4.7,6.412692,0.0,12.6,20.494047614285712,34.5,34.5,34.5,34.5,34.68214285714286,-4.609037039999999,-0.0296296533333304,-0.0726666666666648,15.967333333333332,15.741428571428573,20.52530866,16.033111111111108,6.1705437,6.1485424,6.150534,6.168488,6.166856,0,0.0,0,1.0,-0.55,11.3,88.7
2022-10-22 23:15:00,127.437124677772,20.720560027778,20.766113772222,20.494047614285712,15.741428571428573,34.68214285714286,1,5.1764362714980825,70.66250196097344,23,5,10,-0.2588190451025215,0.965925826289068,-0.9749279121818236,-0.2225209339563146,-0.8660254037844386,0.5000000000000001,0.0,0.0,0.0,15.95,33.025,0.0,58.5,4.675,6.427914,0.0,12.5,20.46851849333333,34.68333333333333,34.5,34.5,34.5,34.96666666666667,-4.752619042857141,-0.0096560923809541,-0.1532380952380965,15.894666666666668,15.85,20.51036156031746,15.86780952380952,6.166856,6.1705437,6.1485424,6.150534,6.208196,0,0.0,0,1.0,-0.55,11.4,88.6
2022-10-22 23:30:00,133.304111988892,22.541598316666,22.588540888888,20.46851849333333,15.85,34.96666666666667,1,5.1764362714980825,70.66250196097344,23,5,10,-0.2588190451025215,0.965925826289068,-0.9749279121818236,-0.2225209339563146,-0.8660254037844386,0.5000000000000001,0.0,0.0,0.0,15.3,32.95,0.0,59.0,4.65,6.442672,0.0,12.4,20.457692284615383,34.68214285714286,34.68333333333333,34.5,34.5,35.0,-4.618518493333331,-0.0255291209523811,0.1085714285714285,15.741428571428573,15.90846153846154,20.488756604761903,15.82869841269841,6.208196,6.166856,6.1705437,6.1485424,6.2101893,0,0.0,0,1.0,-0.56,11.5,88.5
2022-10-22 23:45:00,134.731277183334,22.234666127778,22.27799776111,20.457692284615383,15.90846153846154,35.0,1,5.1764362714980825,70.66250196097344,23,5,10,-0.2588190451025215,0.965925826289068,-0.9749279121818236,-0.2225209339563146,-0.8660254037844386,0.5000000000000001,0.0,0.0,0.0,14.65,32.875,0.0,59.5,4.625,6.456965,0.0,12.3,20.40757575,34.96666666666667,34.68214285714286,34.68333333333333,34.5,35.0,-4.549230746153844,-0.0108262087179475,0.0584615384615396,15.85,15.807272727272728,20.47341946407814,15.833296703296703,6.2101893,6.208196,6.166856,6.1705437,6.192054,0,0.0,0,1.0,-0.56,11.5,88.5
2022-10-23 00:00:00,53.292034933332,14.353314727778,14.356370188888,20.40757575,15.807272727272728,35.0,1,5.1764362714980825,70.66250196097344,0,6,10,0.0,1.0,-0.7818314824680299,0.6234898018587334,-0.8660254037844386,0.5000000000000001,0.0,0.0,0.0,14.0,32.8,0.0,60.0,4.6,6.4708004,0.0,12.2,20.406481475,35.0,34.96666666666667,34.68214285714286,34.68333333333333,35.0,-4.600303022727273,-0.050116534615384,-0.1011888111888126,15.90846153846154,15.466666666666669,20.44459550931624,15.855244755244756,6.192054,6.2101893,6.208196,6.166856,6.1916556,0,0.0,0,1.0,-0.57,11.8,88.2
2022-10-23 00:15:00,69.863872099996,37.07962783889,37.084905444444,20.406481475,15.466666666666669,35.0,1,5.1764362714980825,70.66250196097344,0,6,10,0.0,1.0,-0.7818314824680299,0.6234898018587334,-0.8660254037844386,0.5000000000000001,0.0,0.0,0.0,13.4,31.525,0.0,60.5,4.574999999999999,6.4438615,0.0,12.0,20.3888889,35.0,35.0,34.96666666666667,34.68214285714286,35.0,-4.939814808333333,-0.0010942749999998,-0.3406060606060599,15.807272727272728,15.094615384615384,20.423916503205128,15.727466977466976,6.1916556,6.192054,6.2101893,6.208196,6.185301,0,0.0,0,1.0,-0.57,11.8,88.2
2022-10-23 00:30:00,53.940342266668,0.0,0.0,20.3888889,15.094615384615384,35.0,0,5.1764362714980825,70.66250196097344,0,6,10,0.0,1.0,-0.7818314824680299,0.6234898018587334,-0.8660254037844386,0.5000000000000001,0.0,0.0,0.0,12.8,30.25,0.0,61.0,4.55,6.4164677,0.0,11.8,20.34999998,35.0,35.0,35.0,34.96666666666667,35.0,-5.294273515384617,-0.0175925749999983,-0.3720512820512827,15.466666666666669,14.903333333333334,20.400982041666666,15.456184926184925,6.185301,6.1916556,6.192054,6.2101893,6.1712723,1,1.0,1,0.75,-0.57,11.9,88.1
2022-10-23 00:45:00,91.538005216658,45.453737344444,45.460959355552,20.34999998,14.903333333333334,35.0,1,5.1764362714980825,70.66250196097344,0,6,10,0.0,1.0,-0.7818314824680299,0.6234898018587334,-0.8660254037844386,0.5000000000000001,0.0,0.0,0.0,12.2,28.975,0.0,61.5,4.525,6.3886313,0.0,11.6,20.355158714285714,35.0,35.0,35.0,35.0,35.0,-5.446666646666666,-0.0388889200000015,-0.1912820512820499,15.094615384615384,14.992857142857144,20.38179011833333,15.154871794871797,6.1712723,6.185301,6.1916556,6.192054,6.1731305,0,1.0,1,0.75,-0.58,12.1,87.9
2022-10-23 01:00:00,64.28381756110599,0.0,0.0,20.355158714285714,14.992857142857144,35.0,0,5.1764362714980825,70.66250196097344,1,6,10,0.2588190451025207,0.9659258262890684,-0.7818314824680299,0.6234898018587334,-0.8660254037844386,0.5000000000000001,0.0,0.0,0.0,11.6,27.7,0.0,62.0,4.5,6.360367,0.0,11.4,20.34444443,35.0,35.0,35.0,35.0,35.0,-5.362301571428571,0.0051587342857146,0.0895238095238095,14.903333333333334,14.771333333333333,20.36468253142857,14.996935286935283,6.1731305,6.1712723,6.185301,6.1916556,6.1692696,1,2.0,1,0.5,-0.58,12.1,87.9
2022-10-23 01:15:00,101.003459716666,39.781186455556,39.785075233332,20.34444443,14.771333333333333,35.0,1,5.1764362714980825,70.66250196097344,1,6,10,0.2588190451025207,0.9659258262890684,-0.7818314824680299,0.6234898018587334,-0.8660254037844386,0.5000000000000001,0.0,0.0,0.0,11.325,26.275,0.0,62.75,4.45,6.357013,0.0,11.2,20.30185185,35.0,35.0,35.0,35.0,35.0,-5.573111096666667,-0.010714284285715,-0.221523809523811,14.992857142857144,14.603333333333332,20.34986770809524,14.889174603174602,6.1692696,6.1731305,6.1712723,6.185301,6.153941,0,2.0,1,0.5,-0.58,12.1,87.9
2022-10-23 01:30:00,59.846494911112,16.591003,16.595169566664,20.30185185,14.603333333333332,35.0,1,5.1764362714980825,70.66250196097344,1,6,10,0.2588190451025207,0.9659258262890684,-0.7818314824680299,0.6234898018587334,-0.8660254037844386,0.5000000000000001,0.0,0.0,0.0,11.05,24.85,0.0,63.5,4.4,6.3526254,0.0,11.0,20.29444445,35.0,35.0,35.0,35.0,35.05,-5.698518516666665,-0.0425925800000008,-0.1679999999999992,14.771333333333333,14.314,20.33381833142857,14.7891746031746,6.153941,6.1692696,6.1731305,6.1712723,6.1600676,0,1.0,0,0.75,-0.59,12.4,87.6
2022-10-23 01:45:00,102.425347355552,48.467505655556,48.471949994442,20.29444445,14.314,35.05,1,5.1764362714980825,70.66250196097344,1,6,10,0.2588190451025207,0.9659258262890684,-0.7818314824680299,0.6234898018587334,-0.8660254037844386,0.5000000000000001,0.0,0.0,0.0,10.775,23.425,0.0,64.25,4.35,6.347226,0.0,10.8,20.299603175,35.0,35.0,35.0,35.0,35.275,-5.98044445,-0.0074073999999981,-0.2893333333333334,14.603333333333332,12.992142857142856,20.31358024333333,14.562888888888889,6.1600676,6.153941,6.1692696,6.1731305,6.2014794,0,1.0,0,0.75,-0.6,12.4,87.6
2022-10-23 02:00:00,55.273344527778,13.403074955556,13.406963766664,20.299603175,12.992142857142856,35.275,1,5.1764362714980825,70.66250196097344,2,6,10,0.4999999999999999,0.8660254037844387,-0.7818314824680299,0.6234898018587334,-0.8660254037844386,0.5000000000000001,0.0,0.0,0.0,10.5,22.0,0.0,65.0,4.3,6.3408365,0.0,10.6,20.29444445,35.05,35.0,35.0,35.0,35.35,-7.30746031785714,0.0051587249999975,-1.3218571428571426,14.314,12.31,20.29863315833333,13.969825396825398,6.2014794,6.1600676,6.153941,6.1692696,6.2127924,0,0.0,0,1.0,-0.59,12.4,87.6
2022-10-23 02:15:00,101.772595666664,45.557899811112,45.56373296111,20.29444445,12.31,35.35,1,5.1764362714980825,70.66250196097344,2,6,10,0.4999999999999999,0.8660254037844387,-0.7818314824680299,0.6234898018587334,-0.8660254037844386,0.5000000000000001,0.0,0.0,0.0,9.925,20.65,0.0,65.75,4.3,6.3334804,0.0,10.4,20.2777778,35.275,35.05,35.0,35.0,35.5,-7.98444445,-0.0051587249999975,-0.6821428571428569,12.992142857142856,11.908333333333331,20.296164025,13.20538095238095,6.2127924,6.2014794,6.1600676,6.153941,6.2330823,0,0.0,0,1.0,-0.59,12.4,87.6
2022-10-23 02:30:00,70.85716558333401,15.902419411112,15.904641572222,20.2777778,11.908333333333331,35.5,1,5.1764362714980825,70.66250196097344,2,6,10,0.4999999999999999,0.8660254037844387,-0.7818314824680299,0.6234898018587334,-0.8660254037844386,0.5000000000000001,0.0,0.0,0.0,9.35,19.3,0.0,66.5,4.3,6.32518,0.0,10.2,20.23888888,35.35,35.275,35.05,35.0,35.5,-8.369444466666666,-0.0166666500000012,-0.4016666666666673,12.31,11.52,20.290608475,12.40349206349206,6.2330823,6.2127924,6.2014794,6.1600676,6.218933,0,0.0,0,1.0,-0.6,12.5,87.5
2022-10-23 02:45:00,81.866447594438,31.664566683334,31.670399849998,20.23888888,11.52,35.5,1,5.1764362714980825,70.66250196097344,2,6,10,0.4999999999999999,0.8660254037844387,-0.7818314824680299,0.6234898018587334,-0.8660254037844386,0.5000000000000001,0.0,0.0,0.0,8.775,17.950000000000003,0.0,67.25,4.3,6.315957,0.0,10.0,20.2222222,35.5,35.35,35.275,35.05,35.5,-8.71888888,-0.0388889199999979,-0.3883333333333318,11.908333333333331,11.569333333333333,20.270370376666666,11.912777777777777,6.218933,6.2330823,6.2127924,6.2014794,6.212876,0,0.0,0,1.0,-0.61,12.7,87.3
2022-10-23 03:00:00,101.38594448333,49.866060811112,49.872171766664,20.2222222,11.569333333333333,35.5,1,5.1764362714980825,70.66250196097344,3,6,10,0.7071067811865476,0.7071067811865476,-0.7818314824680299,0.6234898018587334,-0.8660254037844386,0.5000000000000001,0.0,0.0,0.0,8.2,16.6,0.0,68.0,4.3,6.3058343,0.0,9.8,20.25436508285714,35.5,35.5,35.35,35.275,35.5,-8.652888866666668,-0.0166666800000001,0.0493333333333314,11.52,11.282142857142857,20.246296293333334,11.665888888888889,6.212876,6.218933,6.2330823,6.2127924,6.22456,0,0.0,0,1.0,-0.61,12.8,87.2
2022-10-23 03:15:00,50.447982033332,0.0,0.0,20.25436508285714,11.282142857142857,35.5,0,5.1764362714980825,70.66250196097344,3,6,10,0.7071067811865476,0.7071067811865476,-0.7818314824680299,0.6234898018587334,-0.8660254037844386,0.5000000000000001,0.0,0.0,0.0,8.2,15.875,0.0,68.5,4.25,6.3019333,0.0,9.675,20.205555556666663,35.5,35.5,35.5,35.35,35.5,-8.972222225714285,0.0321428828571406,-0.2871904761904762,11.569333333333333,10.974666666666668,20.238492054285715,11.45715873015873,6.22456,6.212876,6.218933,6.2330823,6.2068257,1,1.0,1,0.75,-0.6,12.6,87.4
2022-10-23 03:30:00,96.777517611112,55.667217672222,55.674439649998,20.205555556666663,10.974666666666668,35.5,1,5.1764362714980825,70.66250196097344,3,6,10,0.7071067811865476,0.7071067811865476,-0.7818314824680299,0.6234898018587334,-0.8660254037844386,0.5000000000000001,0.0,0.0,0.0,8.2,15.15,0.0,69.0,4.199999999999999,6.2976484,0.0,9.55,20.19957265,35.5,35.5,35.5,35.5,35.5,-9.230888889999996,-0.0488095261904781,-0.3074761904761889,11.282142857142857,10.853076923076925,20.22738094650793,11.275380952380951,6.2068257,6.22456,6.212876,6.218933,6.204654,0,1.0,1,0.75,-0.61,12.9,87.1
2022-10-23 03:45:00,76.996364338894,18.460094866668,18.463983627778,20.19957265,10.853076923076925,35.5,1,5.1764362714980825,70.66250196097344,3,6,10,0.7071067811865476,0.7071067811865476,-0.7818314824680299,0.6234898018587334,-0.8660254037844386,0.5000000000000001,0.0,0.0,0.0,8.2,14.425,0.0,69.5,4.15,6.2929854,0.0,9.425,20.150000013333333,35.5,35.5,35.5,35.5,35.5,-9.346495726923076,-0.005982906666663,-0.1215897435897446,10.974666666666668,10.762,20.21983109650793,11.036628815628816,6.204654,6.2068257,6.22456,6.212876,6.186696,0,1.0,0,0.75,-0.61,12.9,87.1
2022-10-23 04:00:00,75.61253104444,23.364343188888,23.369620811108,20.150000013333333,10.762,35.5,1,5.1764362714980825,70.66250196097344,4,6,10,0.8660254037844386,0.5000000000000001,-0.7818314824680299,0.6234898018587334,-0.8660254037844386,0.5000000000000001,0.0,0.0,0.0,8.2,13.7,0.0,70.0,4.1,6.2879496,0.0,9.3,20.1111111,35.5,35.5,35.5,35.5,35.5,-9.388000013333333,-0.0495726366666673,-0.0910769230769226,10.853076923076925,10.729333333333331,20.18504274,10.863247863247862,6.186696,6.204654,6.2068257,6.22456,6.1726365,0,1.0,0,0.75,-0.63,13.2,86.8
2022-10-23 04:15:00,98.548280144444,54.562261872222,54.570039377776,20.1111111,10.729333333333331,35.5,1,5.1764362714980825,70.66250196097344,4,6,10,0.8660254037844386,0.5000000000000001,-0.7818314824680299,0.6234898018587334,-0.8660254037844386,0.5000000000000001,0.0,0.0,0.0,7.875,13.525,0.0,70.5,4.074999999999999,6.29258,0.0,9.2,20.131481486666665,35.5,35.5,35.5,35.5,35.5,-9.381777766666666,-0.0388889133333343,-0.0326666666666675,10.762,10.090666666666667,20.153561254444444,10.781470085470083,6.1726365,6.186696,6.204654,6.2068257,6.179998,0,0.0,0,1.0,-0.63,13.4,86.6
2022-10-23 04:30:00,59.96649032777,15.645207483334,15.64965182222,20.131481486666665,10.090666666666667,35.5,1,5.1764362714980825,70.66250196097344,4,6,10,0.8660254037844386,0.5000000000000001,-0.7818314824680299,0.6234898018587334,-0.8660254037844386,0.5000000000000001,0.0,0.0,0.0,7.55,13.35,0.0,71.0,4.05,6.296867,0.0,9.1,20.12777778,35.5,35.5,35.5,35.5,35.55,-10.040814819999998,0.0203703866666664,-0.6386666666666656,10.729333333333331,10.042,20.1308642,10.527333333333331,6.179998,6.1726365,6.186696,6.204654,6.187361,0,0.0,0,1.0,-0.63,13.3,86.7
2022-10-23 04:45:00,79.215720261106,41.099467055556005,41.105855716666,20.12777778,10.042,35.55,1,5.1764362714980825,70.66250196097344,4,6,10,0.8660254037844386,0.5000000000000001,-0.7818314824680299,0.6234898018587334,-0.8660254037844386,0.5000000000000001,0.0,0.0,0.0,7.225,13.175,0.0,71.5,4.025,6.300809,0.0,9.0,20.1111111,35.5,35.5,35.5,35.5,35.96666666666667,-10.08577778,-0.0037037066666663,-0.0486666666666675,10.090666666666667,9.896666666666668,20.123456788888888,10.287333333333333,6.187361,6.179998,6.1726365,6.186696,6.2537794,0,0.0,0,1.0,-0.63,13.3,86.7
2022-10-23 05:00:00,104.745810033332,44.0699038,44.076014738886,20.1111111,9.896666666666668,35.96666666666667,1,5.1764362714980825,70.66250196097344,5,6,10,0.9659258262890684,0.2588190451025207,-0.7818314824680299,0.6234898018587334,-0.8660254037844386,0.5000000000000001,0.0,0.0,0.0,6.9,13.0,0.0,72.0,4.0,6.3044143,0.0,8.9,20.10555555,35.55,35.5,35.5,35.5,36.0,-10.214444433333332,-0.0166666800000001,-0.1453333333333333,10.042,9.479333333333331,20.123456788888888,10.009777777777778,6.2537794,6.187361,6.179998,6.1726365,6.2575426,0,0.0,0,1.0,-0.63,13.4,86.6
2022-10-23 05:15:00,63.202749805546,0.0,0.0,20.10555555,9.479333333333331,36.0,0,5.1764362714980825,70.66250196097344,5,6,10,0.9659258262890684,0.2588190451025207,-0.7818314824680299,0.6234898018587334,-0.8660254037844386,0.5000000000000001,0.0,0.0,0.0,6.95,12.55,0.0,71.75,3.95,6.272479,0.0,8.875,20.03888891333333,35.96666666666667,35.55,35.5,35.5,36.0,-10.626222216666669,-0.0055555499999968,-0.4173333333333335,9.896666666666668,9.395333333333332,20.11481481,9.805999999999996,6.2575426,6.2537794,6.187361,6.179998,6.233175,1,1.0,1,0.75,-0.63,13.4,86.6
2022-10-23 05:30:00,99.964612538882,55.731937316666,55.740548138886,20.03888891333333,9.395333333333332,36.0,1,5.1764362714980825,70.66250196097344,5,6,10,0.9659258262890684,0.2588190451025207,-0.7818314824680299,0.6234898018587334,-0.8660254037844386,0.5000000000000001,0.0,0.0,0.0,7.0,12.1,0.0,71.5,3.9,6.2406287,0.0,8.850000000000001,20.041666692857145,36.0,35.96666666666667,35.55,35.5,36.0,-10.64355558,-0.0666666366666675,-0.0839999999999996,9.479333333333331,9.355714285714289,20.08518518777778,9.590444444444444,6.233175,6.2575426,6.2537794,6.187361,6.234188,0,1.0,1,0.75,-0.65,13.8,86.2
2022-10-23 05:45:00,84.170244255552,39.055937716666,39.062048638886,20.041666692857145,9.355714285714289,36.0,1,5.1764362714980825,70.66250196097344,5,6,10,0.9659258262890684,0.2588190451025207,-0.7818314824680299,0.6234898018587334,-0.8660254037844386,0.5000000000000001,0.0,0.0,0.0,7.05,11.65,0.0,71.25,3.85,6.2088623,0.0,8.825000000000001,20.066666663333333,36.0,36.0,35.96666666666667,35.55,36.0,-10.685952407142858,0.0027777795238108,-0.0396190476190465,9.395333333333332,9.649333333333336,20.06203705206349,9.410126984126984,6.234188,6.233175,6.2575426,6.2537794,6.2433167,0,1.0,0,0.75,-0.65,13.8,86.2
2022-10-23 06:00:00,59.669279949994,21.599691527778,21.604413605554,20.066666663333333,9.649333333333336,36.0,1,5.1764362714980825,70.66250196097344,6,6,10,1.0,6.123233995736766e-17,-0.7818314824680299,0.6234898018587334,-0.8660254037844386,0.5000000000000001,0.0,0.0,0.0,7.1,11.2,0.0,71.0,3.8,6.1771793,0.0,8.8,20.0,36.0,36.0,36.0,35.96666666666667,36.0,-10.417333329999998,0.0249999704761876,0.2936190476190479,9.355714285714289,9.866,20.04907408984127,9.466793650793653,6.2433167,6.234188,6.233175,6.2575426,6.218997,0,1.0,0,0.75,-0.64,13.6,86.4
2022-10-23 06:15:00,104.43304476111,54.242830166668,54.249496616666,20.0,9.866,36.0,1,5.1764362714980825,70.66250196097344,6,6,10,1.0,6.123233995736766e-17,-0.7818314824680299,0.6234898018587334,-0.8660254037844386,0.5000000000000001,0.0,0.0,0.0,6.9,11.2,0.0,73.25,3.825,6.1915555,0.0,8.350000000000001,20.020370386666663,36.0,36.0,36.0,36.0,36.0,-10.134,-0.0666666633333328,0.2166666666666667,9.649333333333336,9.782,20.03611111873016,9.62368253968254,6.218997,6.2433167,6.234188,6.233175,6.22642,0,0.0,0,1.0,-0.66,14.1,85.9
2022-10-23 06:30:00,93.875133661114,34.97137883889,34.978323077776,20.020370386666663,9.782,36.0,1,5.1764362714980825,70.66250196097344,6,6,10,1.0,6.123233995736766e-17,-0.7818314824680299,0.6234898018587334,-0.8660254037844386,0.5000000000000001,0.0,0.0,0.0,6.699999999999999,11.2,0.0,75.5,3.85,6.1994486,0.0,7.9,20.00555557,36.0,36.0,36.0,36.0,36.0,-10.238370386666666,0.0203703866666664,-0.0840000000000014,9.866,9.907333333333332,20.02901235,9.765777777777778,6.22642,6.218997,6.2433167,6.234188,6.221022,0,0.0,0,1.0,-0.65,13.9,86.1
2022-10-23 06:45:00,65.142949944436,16.189352383334,16.193796705554,20.00555557,9.907333333333332,36.0,1,5.1764362714980825,70.66250196097344,6,6,10,1.0,6.123233995736766e-17,-0.7818314824680299,0.6234898018587334,-0.8660254037844386,0.5000000000000001,0.0,0.0,0.0,6.5,11.2,0.0,77.75,3.875,6.2011747,0.0,7.45,19.916666656666667,36.0,36.0,36.0,36.0,36.0,-10.09822223666667,-0.0148148166666643,0.1253333333333319,9.782,9.785333333333334,20.00864198555556,9.851777777777777,6.221022,6.22642,6.218997,6.2433167,6.1887155,0,0.0,0,1.0,-0.66,14.0,86.0
2022-10-23 07:00:00,486.466929577772,54.6586469,54.666979933332,19.916666656666667,9.785333333333334,36.0,1,5.1764362714980825,70.66250196097344,7,6,10,0.9659258262890684,-0.2588190451025206,-0.7818314824680299,0.6234898018587334,-0.8660254037844386,0.5000000000000001,0.0,0.0,0.0,6.3,11.2,0.0,80.0,3.9,6.1970396,0.0,7.0,19.94999996,36.0,36.0,36.0,36.0,36.0,-10.131333323333331,-0.088888913333335,-0.1219999999999981,9.907333333333332,9.034,19.980864204444444,9.824888888888887,6.1887155,6.221022,6.22642,6.218997,6.2008123,0,0.0,0,1.0,-0.68,14.6,85.4
2022-10-23 07:15:00,93.917632161106,55.4852805,55.492780216666,19.94999996,9.034,36.0,1,5.1764362714980825,70.66250196097344,7,6,10,0.9659258262890684,-0.2588190451025206,-0.7818314824680299,0.6234898018587334,-0.8660254037844386,0.5000000000000001,2.75,0.6875,0.2291666666666666,6.525,10.75,5.75,80.5,3.825,6.1852856,0.0,6.875,20.01666668,36.0,36.0,36.0,36.0,36.0,-10.91599996,0.0333333033333325,-0.751333333333335,9.785333333333334,8.663333333333332,19.957407395555556,9.575555555555551,6.2008123,6.1887155,6.221022,6.22642,6.2250705,0,0.0,0,1.0,-0.67,14.4,85.6
2022-10-23 07:30:00,75.753080955552,33.873367211112,33.881144733332,20.01666668,8.663333333333332,36.0,1,5.1764362714980825,70.66250196097344,7,6,10,0.9659258262890684,-0.2588190451025206,-0.7818314824680299,0.6234898018587334,-0.8660254037844386,0.5000000000000001,5.5,2.0625,0.6875,6.75,10.3,11.5,81.0,3.75,6.1732655,0.0,6.75,20.00000001,36.0,36.0,36.0,36.0,36.0,-11.353333346666668,0.0666667200000006,-0.3706666666666667,9.034,8.537333333333333,19.96111109888889,9.160888888888886,6.2250705,6.2008123,6.1887155,6.221022,6.218997,0,0.0,0,1.0,-0.65,13.9,86.1
2022-10-23 07:45:00,77.106082283334,19.833373266668,19.837817555556,20.00000001,8.537333333333333,36.0,1,5.1764362714980825,70.66250196097344,7,6,10,0.9659258262890684,-0.2588190451025206,-0.7818314824680299,0.6234898018587334,-0.8660254037844386,0.5000000000000001,8.25,4.125,1.375,6.975,9.85,17.25,81.5,3.675,6.160981,0.0,6.625,19.8648148,36.0,36.0,36.0,36.0,36.0,-11.462666676666668,-0.0166666699999993,-0.1259999999999994,8.663333333333332,8.508000000000001,19.98888888333333,8.744888888888887,6.218997,6.2250705,6.2008123,6.1887155,6.169937,0,0.0,0,1.0,-0.66,14.1,85.9
2022-10-23 08:00:00,107.920405211112,54.349214827778,54.35754786111,19.8648148,8.508000000000001,36.0,1,5.1764362714980825,70.66250196097344,8,6,10,0.8660254037844387,-0.4999999999999998,-0.7818314824680299,0.6234898018587334,-0.8660254037844386,0.5000000000000001,11.0,6.875,2.2916666666666665,7.2,9.4,23.0,82.0,3.6,6.148439,0.0,6.5,19.924999975,36.0,36.0,36.0,36.0,36.025,-11.356814799999997,-0.135185210000003,-0.0293333333333318,8.537333333333333,8.434666666666667,19.96049383,8.569555555555555,6.169937,6.218997,6.2250705,6.2008123,6.196038,0,0.0,0,1.0,-0.69,15.0,85.0
2022-10-23 08:15:00,85.430471494446,34.026972183334,34.033638633332,19.924999975,8.434666666666667,36.025,1,5.1764362714980825,70.66250196097344,8,6,10,0.8660254037844387,-0.4999999999999998,-0.7818314824680299,0.6234898018587334,-0.8660254037844386,0.5000000000000001,41.25,16.5,5.729166666666667,6.625,9.4,42.25,80.25,3.95,6.2976766,0.0,7.2,19.908333325,36.0,36.0,36.0,36.0,36.325,-11.490333308333332,0.0601851750000008,-0.0733333333333341,8.508000000000001,8.469333333333333,19.929938261666667,8.493333333333332,6.196038,6.169937,6.218997,6.2250705,6.2415366,0,0.0,0,1.0,-0.67,14.5,85.5
2022-10-23 08:30:00,76.660822377776,35.4710811,35.47746976111,19.908333325,8.469333333333333,36.325,1,5.1764362714980825,70.66250196097344,8,6,10,0.8660254037844387,-0.4999999999999998,-0.7818314824680299,0.6234898018587334,-0.8660254037844386,0.5000000000000001,71.5,33.0,11.6875,6.050000000000001,9.4,61.5,78.5,4.3,6.445785,0.0,7.9,19.89444445,36.025,36.0,36.0,36.0,36.5,-11.438999991666668,-0.0166666499999976,0.0346666666666664,8.434666666666667,9.104,19.8993827,8.470666666666665,6.2415366,6.196038,6.169937,6.218997,6.266503,0,0.0,0,1.0,-0.68,14.6,85.4
2022-10-23 08:45:00,92.797121316666,54.853916872222,54.8628054,19.89444445,9.104,36.5,1,5.1764362714980825,70.66250196097344,8,6,10,0.8660254037844387,-0.4999999999999998,-0.7818314824680299,0.6234898018587334,-0.8660254037844386,0.5000000000000001,101.75,56.375,20.166666666666668,5.4750000000000005,9.4,80.75,76.75,4.65,6.592387,0.0,8.600000000000001,19.9407407,36.325,36.025,36.0,36.0,36.5,-10.790444449999995,-0.0138888750000027,0.6346666666666678,8.469333333333333,10.123333333333331,19.90925925,8.669333333333332,6.266503,6.2415366,6.196038,6.169937,6.2835255,0,0.0,0,1.0,-0.68,14.7,85.3
2022-10-23 09:00:00,76.24889442222,26.456163927778,26.460885988888,19.9407407,10.123333333333331,36.5,1,5.1764362714980825,70.66250196097344,9,6,10,0.7071067811865476,-0.7071067811865475,-0.7818314824680299,0.6234898018587334,-0.8660254037844386,0.5000000000000001,132.0,86.625,31.166666666666668,4.9,9.4,100.0,75.0,5.0,6.7370887,0.0,9.3,19.93888885,36.5,36.325,36.025,36.0,36.85,-9.817407366666666,0.046296250000001,1.019333333333332,9.104,11.214,19.91450615833333,9.23222222222222,6.2835255,6.266503,6.2415366,6.196038,6.3430896,0,0.0,0,1.0,-0.67,14.4,85.6
2022-10-23 09:15:00,80.957594850002,28.941342283334,28.948008716666,19.93888885,11.214,36.85,1,5.1764362714980825,70.66250196097344,9,6,10,0.7071067811865476,-0.7071067811865475,-0.7818314824680299,0.6234898018587334,-0.8660254037844386,0.5000000000000001,172.25,119.375,45.520833333333336,4.675000000000001,10.1,100.0,73.25,5.35,6.8903785,0.0,10.025,19.8925926,36.5,36.5,36.325,36.025,37.0,-8.724888850000001,-0.0018518499999977,1.0906666666666671,10.123333333333331,12.022,19.92469133333333,10.14711111111111,6.3430896,6.2835255,6.266503,6.2415366,6.3516564,0,0.0,0,1.0,-0.67,14.3,85.7
2022-10-23 09:30:00,107.397926027782,48.869434011112,48.876933711112,19.8925926,12.022,37.0,1,5.1764362714980825,70.66250196097344,9,6,10,0.7071067811865476,-0.7071067811865475,-0.7818314824680299,0.6234898018587334,-0.8660254037844386,0.5000000000000001,212.5,154.625,63.22916666666666,4.45,10.8,100.0,71.5,5.7,7.041226,0.0,10.75,19.97777778,36.85,36.5,36.5,36.325,37.05,-7.8705926,-0.046296250000001,0.8079999999999998,11.214,12.747333333333334,19.92407405,11.119777777777776,6.3516564,6.3430896,6.2835255,6.266503,6.3920593,0,0.0,0,1.0,-0.68,14.6,85.4
2022-10-23 09:45:00,51.96403252222,0.0,0.0,19.97777778,12.747333333333334,37.05,0,5.1764362714980825,70.66250196097344,9,6,10,0.7071067811865476,-0.7071067811865475,-0.7818314824680299,0.6234898018587334,-0.8660254037844386,0.5000000000000001,252.75,192.375,84.29166666666667,4.225,11.5,100.0,69.75,6.050000000000001,7.1891336,0.0,11.475,20.164814816666667,37.0,36.85,36.5,36.5,37.46666666666667,-7.230444446666667,0.0851851799999998,0.7253333333333334,12.022,13.359333333333332,19.93641974333333,11.994444444444444,6.3920593,6.3516564,6.3430896,6.2835255,6.535091,1,1.0,1,0.75,-0.66,14.0,86.0
2022-10-23 10:00:00,78.377420394442,40.5192125,40.526434444444,20.164814816666667,13.359333333333332,37.46666666666667,1,5.1764362714980825,70.66250196097344,10,6,10,0.4999999999999999,-0.8660254037844387,-0.7818314824680299,0.6234898018587334,-0.8660254037844386,0.5000000000000001,293.0,232.625,108.70833333333331,4.0,12.2,100.0,68.0,6.4,7.3335743,0.0,12.2,20.56666667,37.05,37.0,36.85,36.5,36.75,-6.805481483333335,0.1870370366666662,0.6119999999999983,12.747333333333334,14.594666666666663,20.011728398888888,12.709555555555552,6.535091,6.3920593,6.3516564,6.3430896,6.5622745,0,1.0,1,0.75,-0.61,12.8,87.2
2022-10-23 10:15:00,51.352112599996,0.0,0.0,20.56666667,14.594666666666663,36.75,0,5.1764362714980825,70.66250196097344,10,6,10,0.4999999999999999,-0.8660254037844387,-0.7818314824680299,0.6234898018587334,-0.8660254037844386,0.5000000000000001,327.5,271.4375,135.77083333333334,3.825,12.3,100.0,66.75,6.85,7.553747,0.0,12.975,21.333333343333333,37.46666666666667,37.05,37.0,36.85,35.666666666666664,-5.972000003333335,0.4018518533333335,1.2353333333333332,13.359333333333332,15.260666666666667,20.23641975555556,13.567111111111108,6.5622745,6.535091,6.3920593,6.3516564,6.659056,1,2.0,1,0.5,-0.52,10.7,89.3
2022-10-23 10:30:00,54.51893023889,11.287881816666,11.292326155552,21.333333343333333,15.260666666666667,35.666666666666664,1,5.1764362714980825,70.66250196097344,10,6,10,0.4999999999999999,-0.8660254037844387,-0.7818314824680299,0.6234898018587334,-0.8660254037844386,0.5000000000000001,362.0,308.8125,165.47916666666666,3.65,12.4,100.0,65.5,7.3,7.7754765,0.0,13.75,21.96666669,36.75,37.46666666666667,37.05,37.0,34.95,-6.072666676666666,0.7666666733333329,0.6660000000000021,14.594666666666663,16.122,20.68827161,14.404888888888886,6.659056,6.5622745,6.535091,6.3920593,6.768581,0,2.0,1,0.5,-0.35,7.5,92.5
2022-10-23 10:45:00,74.461465905554,19.933924844444,19.939757994442,21.96666669,16.122,34.95,1,5.1764362714980825,70.66250196097344,10,6,10,0.4999999999999999,-0.8660254037844387,-0.7818314824680299,0.6234898018587334,-0.8660254037844386,0.5000000000000001,396.5,344.75,197.83333333333331,3.475,12.5,100.0,64.25,7.75,7.9984317,0.0,14.525,22.118518556666668,35.666666666666664,36.75,37.46666666666667,37.05,34.71666666666667,-5.84466669,0.6333333466666673,0.8613333333333326,15.260666666666667,16.762,21.28888890111111,15.325777777777777,6.768581,6.659056,6.5622745,6.535091,6.7824883,0,1.0,0,0.75,-0.2,5.9,94.1
2022-10-23 11:00:00,83.468605672218,20.532789755556,20.537511849998,22.118518556666668,16.762,34.71666666666667,1,5.1764362714980825,70.66250196097344,11,6,10,0.258819045102521,-0.9659258262890682,-0.7818314824680299,0.6234898018587334,-0.8660254037844386,0.5000000000000001,431.0,379.25,232.83333333333331,3.3,12.6,100.0,63.0,8.2,8.222249,0.0,15.3,21.89444444,34.95,35.666666666666664,36.75,37.46666666666667,35.05,-5.356518556666668,0.1518518666666679,0.6400000000000006,16.122,17.16,21.80617286333333,16.048222222222222,6.7824883,6.768581,6.659056,6.5622745,6.759728,0,1.0,0,0.75,-0.17,5.6,94.4
2022-10-23 11:15:00,55.739159377772,17.966503544444,17.971503394442,21.89444444,17.16,35.05,1,5.1764362714980825,70.66250196097344,11,6,10,0.258819045102521,-0.9659258262890682,-0.7818314824680299,0.6234898018587334,-0.8660254037844386,0.5000000000000001,451.25,410.1875,267.0,3.5,12.95,100.0,61.75,8.424999999999999,8.345044,0.0,15.875,21.74074076333333,34.71666666666667,34.95,35.666666666666664,36.75,35.65,-4.734444439999997,-0.2240741166666708,0.3979999999999997,16.762,17.578,21.993209895555555,16.68133333333333,6.759728,6.7824883,6.768581,6.659056,6.8147025,0,0.0,0,1.0,-0.22,6.0,94.0
2022-10-23 11:30:00,74.805341066664,31.147087383334,31.151253933332,21.74074076333333,17.578,35.65,1,5.1764362714980825,70.66250196097344,11,6,10,0.258819045102521,-0.9659258262890682,-0.7818314824680299,0.6234898018587334,-0.8660254037844386,0.5000000000000001,471.5,437.5625,300.3333333333333,3.7,13.3,100.0,60.5,8.649999999999999,8.464854,0.0,16.450000000000003,21.58333337,35.05,34.71666666666667,34.95,35.666666666666664,36.05,-4.162740763333336,-0.1537036766666624,0.4179999999999992,17.16,18.228666666666665,21.917901253333337,17.166666666666668,6.8147025,6.759728,6.7824883,6.768581,6.828749,0,0.0,0,1.0,-0.25,6.3,93.7
2022-10-23 11:45:00,49.6821793,0.0,0.0,21.58333337,18.228666666666665,36.05,0,5.1764362714980825,70.66250196097344,11,6,10,0.258819045102521,-0.9659258262890682,-0.7818314824680299,0.6234898018587334,-0.8660254037844386,0.5000000000000001,491.75,461.375,332.8333333333333,3.9,13.65,100.0,59.25,8.875,8.581364,0.0,17.025000000000002,21.46296297,35.65,35.05,34.71666666666667,34.95,36.65,-3.354666703333333,-0.1574073933333366,0.6506666666666661,17.578,18.788666666666664,21.739506191111108,17.655555555555555,6.828749,6.8147025,6.759728,6.7824883,6.894217,1,1.0,1,0.75,-0.29,6.7,93.3
2022-10-23 12:00:00,77.154969194446,32.458979355556004,32.466201349998,21.46296297,18.788666666666664,36.65,1,5.1764362714980825,70.66250196097344,12,6,10,1.2246467991473532e-16,-1.0,-0.7818314824680299,0.6234898018587334,-0.8660254037844386,0.5000000000000001,512.0,481.625,364.5,4.1,14.0,100.0,58.0,9.1,8.694241,0.0,17.6,21.34444443,36.05,35.65,35.05,34.71666666666667,37.0,-2.674296303333336,-0.1203703999999987,0.5599999999999987,18.228666666666665,18.13533333333333,21.595679034444444,18.19844444444444,6.894217,6.828749,6.8147025,6.759728,6.912441,0,1.0,1,0.75,-0.31,7.0,93.0
2022-10-23 12:15:00,73.65788706666,11.2312174,11.236495038886,21.34444443,18.13533333333333,37.0,1,5.1764362714980825,70.66250196097344,12,6,10,1.2246467991473532e-16,-1.0,-0.7818314824680299,0.6234898018587334,-0.8660254037844386,0.5000000000000001,522.5,499.4375,393.6875,4.35,14.55,100.0,56.5,9.05,8.622193,0.0,17.900000000000002,21.26111111333333,36.65,36.05,35.65,35.05,37.18333333333333,-3.209111096666668,-0.1185185400000001,-0.6533333333333324,18.788666666666664,18.51533333333333,21.463580256666663,18.38422222222222,6.912441,6.894217,6.828749,6.8147025,6.9132175,0,1.0,0,0.75,-0.34,7.4,92.6
2022-10-23 12:30:00,73.879266977776,21.813849644444,21.818016144444,21.26111111333333,18.51533333333333,37.18333333333333,1,5.1764362714980825,70.66250196097344,12,6,10,1.2246467991473532e-16,-1.0,-0.7818314824680299,0.6234898018587334,-0.8660254037844386,0.5000000000000001,533.0,514.8125,420.3958333333333,4.6,15.1,100.0,55.0,9.0,8.544354,0.0,18.200000000000003,21.25555556,37.0,36.65,36.05,35.65,37.5,-2.745777780000001,-0.0833333166666641,0.3800000000000025,18.13533333333333,18.83333333333333,21.356172837777777,18.479777777777773,6.9132175,6.912441,6.894217,6.828749,6.969848,0,1.0,0,0.75,-0.36,7.6,92.4
2022-10-23 12:45:00,67.895895105558,27.0597509,27.064472977776,21.25555556,18.83333333333333,37.5,1,5.1764362714980825,70.66250196097344,12,6,10,1.2246467991473532e-16,-1.0,-0.7818314824680299,0.6234898018587334,-0.8660254037844386,0.5000000000000001,543.5,527.75,444.625,4.85,15.65,100.0,53.5,8.95,8.460563,0.0,18.5,21.205555556666663,37.18333333333333,37.0,36.65,36.05,37.5,-2.422222226666669,-0.005555553333334,0.3179999999999978,18.51533333333333,19.482666666666667,21.287037034444445,18.494666666666664,6.969848,6.9132175,6.912441,6.894217,6.949665,0,0.0,0,1.0,-0.36,7.6,92.4
2022-10-23 13:00:00,56.01498164444,0.0,0.0,21.205555556666663,19.482666666666667,37.5,0,5.1764362714980825,70.66250196097344,13,6,10,-0.2588190451025208,-0.9659258262890684,-0.7818314824680299,0.6234898018587334,-0.8660254037844386,0.5000000000000001,554.0,538.25,466.375,5.1,16.2,100.0,52.0,8.9,8.370658,0.0,18.8,21.17222225,37.5,37.18333333333333,37.0,36.65,37.5,-1.7228888899999966,-0.0500000033333378,0.6493333333333347,18.83333333333333,20.170666666666666,21.240740743333333,18.94377777777778,6.949665,6.969848,6.9132175,6.912441,6.9362392,1,1.0,1,0.75,-0.37,7.8,92.2
2022-10-23 13:15:00,392.519298783326,28.288312872222,28.293590511108,21.17222225,20.170666666666666,37.5,1,5.1764362714980825,70.66250196097344,13,6,10,-0.2588190451025208,-0.9659258262890684,-0.7818314824680299,0.6234898018587334,-0.8660254037844386,0.5000000000000001,542.25,543.1875,484.2708333333333,5.125,16.2,100.0,49.75,8.425,8.127577,0.0,19.05,21.340740746666665,37.5,37.5,37.18333333333333,37.0,37.31666666666667,-1.0015555833333352,-0.0333333066666625,0.6879999999999988,19.482666666666667,20.31533333333333,21.211111122222224,19.495555555555555,6.9362392,6.949665,6.969848,6.9132175,6.970105,0,1.0,1,0.75,-0.38,7.9,92.1
2022-10-23 13:30:00,685.24397806111,0.0,0.0,21.340740746666665,20.31533333333333,37.31666666666667,0,5.1764362714980825,70.66250196097344,13,6,10,-0.2588190451025208,-0.9659258262890684,-0.7818314824680299,0.6234898018587334,-0.8660254037844386,0.5000000000000001,530.5,542.5625,498.3125,5.15,16.2,100.0,47.5,7.95,7.875184,0.0,19.3,21.76666666,37.5,37.5,37.5,37.18333333333333,37.0,-1.0254074133333295,0.1685184966666639,0.1446666666666693,20.170666666666666,20.671333333333333,21.23950618444444,19.989555555555555,6.970105,6.9362392,6.949665,6.969848,7.083363,1,2.0,1,0.5,-0.34,7.4,92.6
2022-10-23 13:45:00,168.343266033332,0.0,0.0,21.76666666,20.671333333333333,37.0,0,5.1764362714980825,70.66250196097344,13,6,10,-0.2588190451025208,-0.9659258262890684,-0.7818314824680299,0.6234898018587334,-0.8660254037844386,0.5000000000000001,518.75,536.375,508.5,5.175,16.2,100.0,45.25,7.475,7.6132884,0.0,19.55,21.988888886666665,37.31666666666667,37.5,37.5,37.5,36.81666666666667,-1.0953333266666654,0.4259259133333337,0.3559999999999981,20.31533333333333,22.18,21.426543218888884,20.385777777777776,7.083363,6.970105,6.9362392,6.949665,7.1392283,0,3.0,0,0.25,-0.24,6.2,93.8
2022-10-23 14:00:00,284.74194328333,0.0,0.0,21.988888886666665,22.18,36.81666666666667,0,5.1764362714980825,70.66250196097344,14,6,10,-0.4999999999999997,-0.8660254037844388,-0.7818314824680299,0.6234898018587334,-0.8660254037844386,0.5000000000000001,507.0,524.625,514.8333333333334,5.2,16.2,100.0,43.0,7.0,7.341692,0.0,19.8,21.91111112,37.0,37.31666666666667,37.5,37.5,36.95,0.1911111133333349,0.2222222266666662,1.5086666666666666,20.671333333333333,22.47133333333333,21.69876543111111,21.05555555555556,7.1392283,7.083363,6.970105,6.9362392,7.1330175,0,3.0,0,0.25,-0.19,5.7,94.3
2022-10-23 14:15:00,1103.324476355556,23.156018172222,23.164073449998,21.91111112,22.47133333333333,36.95,1,5.1764362714980825,70.66250196097344,14,6,10,-0.4999999999999997,-0.8660254037844388,-0.7818314824680299,0.6234898018587334,-0.8660254037844386,0.5000000000000001,475.75,508.0,516.875,5.125,15.925,100.0,42.5,6.775,7.2456913,0.0,19.775,21.76481482,36.81666666666667,37.0,37.31666666666667,37.5,37.93333333333333,0.5602222133333363,-0.0777777666666672,0.2913333333333341,22.18,22.13,21.88888888888889,21.77422222222222,7.1330175,7.1392283,7.083363,6.970105,7.2612653,0,3.0,1,0.25,-0.2,5.9,94.1
2022-10-23 14:30:00,70.554122122224,0.0,0.0,21.76481482,22.13,37.93333333333333,0,5.1764362714980825,70.66250196097344,14,6,10,-0.4999999999999997,-0.8660254037844388,-0.7818314824680299,0.6234898018587334,-0.8660254037844386,0.5000000000000001,444.5,486.5,514.625,5.050000000000001,15.65,100.0,42.0,6.55,7.149953,0.0,19.75,21.73888887,36.95,36.81666666666667,37.0,37.31666666666667,38.0,0.3651851799999974,-0.1462962999999959,-0.3413333333333348,22.47133333333333,21.87,21.88827160888889,22.26044444444444,7.2612653,7.1330175,7.1392283,7.083363,7.2631426,1,3.0,1,0.25,-0.23,6.1,93.9
2022-10-23 14:45:00,65.964028,0.0,0.0,21.73888887,21.87,38.0,0,5.1764362714980825,70.66250196097344,14,6,10,-0.4999999999999997,-0.8660254037844388,-0.7818314824680299,0.6234898018587334,-0.8660254037844386,0.5000000000000001,413.25,460.125,508.0833333333333,4.9750000000000005,15.375,100.0,41.5,6.324999999999999,7.054477,0.0,19.725,22.06111112,37.93333333333333,36.95,36.81666666666667,37.0,37.81666666666667,0.1311111300000007,-0.0259259500000013,-0.259999999999998,22.13,22.09333333333333,21.80493827,22.15711111111111,7.2631426,7.2612653,7.1330175,7.1392283,7.3637347,0,3.0,0,0.25,-0.24,6.2,93.8
2022-10-23 15:00:00,91.76632936666,0.0,0.0,22.06111112,22.09333333333333,37.81666666666667,0,5.1764362714980825,70.66250196097344,15,6,10,-0.7071067811865471,-0.7071067811865479,-0.7818314824680299,0.6234898018587334,-0.8660254037844386,0.5000000000000001,382.0,428.875,497.25,4.9,15.1,100.0,41.0,6.1,6.959265,0.0,19.7,22.70000002,38.0,37.93333333333333,36.95,36.81666666666667,36.75,0.0322222133333305,0.3222222499999994,0.2233333333333291,21.87,22.148666666666667,21.85493827,22.031111111111112,7.3637347,7.2631426,7.2612653,7.1330175,7.423711,0,3.0,0,0.25,-0.16,5.6,94.4
2022-10-23 15:15:00,81.81756061666199,0.0,0.0,22.70000002,22.148666666666667,36.75,0,5.1764362714980825,70.66250196097344,15,6,10,-0.7071067811865471,-0.7071067811865479,-0.7818314824680299,0.6234898018587334,-0.8660254037844386,0.5000000000000001,357.0,399.1875,483.4583333333333,4.675000000000001,14.2,99.75,43.75,6.875,7.3609147,0.0,19.55,23.222222246666668,37.81666666666667,38.0,37.93333333333333,36.95,35.85,-0.5513333533333338,0.6388889000000013,0.055333333333337,22.09333333333333,22.077333333333332,22.16666667,22.037333333333333,7.423711,7.3637347,7.2631426,7.2612653,7.4615784,0,4.0,0,0.0,-0.02,5.0,95.0
2022-10-23 15:30:00,74.976167616662,0.0,0.0,23.222222246666668,22.077333333333332,35.85,0,5.1764362714980825,70.66250196097344,15,6,10,-0.7071067811865471,-0.7071067811865479,-0.7818314824680299,0.6234898018587334,-0.8660254037844386,0.5000000000000001,332.0,371.0625,466.7083333333333,4.45,13.3,99.5,46.5,7.649999999999999,7.754899,0.0,19.4,23.32777776,36.75,37.81666666666667,38.0,37.93333333333333,35.15,-1.1448889133333324,0.522222226666667,-0.0713333333333317,22.148666666666667,22.208,22.66111112888889,22.106444444444445,7.4615784,7.423711,7.3637347,7.2631426,7.3601003,0,4.0,0,0.0,0.1,5.2,94.8
2022-10-23 15:45:00,87.060684299992,0.0,0.0,23.32777776,22.208,35.15,0,5.1764362714980825,70.66250196097344,15,6,10,-0.7071067811865471,-0.7071067811865479,-0.7818314824680299,0.6234898018587334,-0.8660254037844386,0.5000000000000001,307.0,344.5,447.0,4.225,12.4,99.25,49.25,8.424999999999999,8.141313,0.0,19.25,23.024074053333333,35.85,36.75,37.81666666666667,38.0,35.18333333333333,-1.119777759999998,0.1055555133333321,0.1306666666666665,22.077333333333332,22.14933333333333,23.08333334222222,22.144666666666662,7.3601003,7.4615784,7.423711,7.3637347,7.240367,0,4.0,0,0.0,0.12,5.3,94.7
2022-10-23 16:00:00,83.544436072214,0.0,0.0,23.024074053333333,22.14933333333333,35.18333333333333,0,5.1764362714980825,70.66250196097344,16,6,10,-0.8660254037844385,-0.5000000000000004,-0.7818314824680299,0.6234898018587334,-0.8660254037844386,0.5000000000000001,282.0,319.5,424.3333333333333,4.0,11.5,99.0,52.0,9.2,8.520245,0.0,19.1,22.69444445,35.15,35.85,36.75,37.81666666666667,35.5,-0.8747407199999984,-0.303703706666667,-0.0586666666666673,22.208,21.996,23.19135802,22.14488888888889,7.240367,7.3601003,7.4615784,7.423711,7.1689196,0,4.0,0,0.0,0.05,5.0,95.0
2022-10-23 16:15:00,90.429438327774,0.0,0.0,22.69444445,21.996,35.5,0,5.1764362714980825,70.66250196097344,16,6,10,-0.8660254037844385,-0.5000000000000004,-0.7818314824680299,0.6234898018587334,-0.8660254037844386,0.5000000000000001,255.5,294.125,400.4375,4.0,10.525,97.5,56.75,9.85,9.027837,0.0,18.6,22.398148133333333,35.18333333333333,35.15,35.85,36.75,35.5,-0.6984444500000002,-0.3296296033333341,-0.1533333333333359,22.14933333333333,22.056,23.01543208777778,22.11777777777777,7.1689196,7.240367,7.3601003,7.4615784,7.0480123,0,4.0,0,0.0,-0.03,5.0,95.0
2022-10-23 16:30:00,142.54235366110998,20.691116755556,20.694172249998,22.398148133333333,22.056,35.5,1,5.1764362714980825,70.66250196097344,16,6,10,-0.8660254037844385,-0.5000000000000004,-0.7818314824680299,0.6234898018587334,-0.8660254037844386,0.5000000000000001,229.0,268.375,375.3125,4.0,9.55,96.0,61.5,10.5,9.497542,0.0,18.1,22.14444444,35.5,35.18333333333333,35.15,35.85,35.55,-0.3421481333333318,-0.2962963166666661,0.0600000000000022,21.996,21.81533333333333,22.705555545555555,22.067111111111117,7.0480123,7.1689196,7.240367,7.3601003,6.9556737,0,3.0,1,0.25,-0.1,5.2,94.8
2022-10-23 16:45:00,159.576116666668,0.0,0.0,22.14444444,21.81533333333333,35.55,0,5.1764362714980825,70.66250196097344,16,6,10,-0.8660254037844385,-0.5000000000000004,-0.7818314824680299,0.6234898018587334,-0.8660254037844386,0.5000000000000001,202.5,242.25,348.9583333333333,4.0,8.575,94.5,66.25,11.15,9.930922,0.0,17.6,21.914814776666667,35.5,35.5,35.18333333333333,35.15,35.96666666666667,-0.3291111066666623,-0.2537036933333354,-0.2406666666666659,22.056,21.54,22.41234567444444,21.95577777777778,6.9556737,7.0480123,7.1689196,7.240367,6.944671,1,3.0,1,0.25,-0.16,5.5,94.5
2022-10-23 17:00:00,126.014959349994,0.0,0.0,21.914814776666667,21.54,35.96666666666667,0,5.1764362714980825,70.66250196097344,17,6,10,-0.9659258262890684,-0.2588190451025206,-0.7818314824680299,0.6234898018587334,-0.8660254037844386,0.5000000000000001,176.0,215.75,321.375,4.0,7.6,93.0,71.0,11.8,10.329475,0.0,17.1,21.70555557,35.55,35.5,35.5,35.18333333333333,36.45,-0.3748147766666676,-0.2296296633333305,-0.2753333333333359,21.81533333333333,21.384666666666664,22.152469116666666,21.80377777777778,6.944671,6.9556737,7.0480123,7.1689196,6.9534764,0,3.0,0,0.25,-0.21,5.9,94.1
2022-10-23 17:15:00,514.8710710666641,0.0,0.0,21.70555557,21.384666666666664,36.45,0,5.1764362714980825,70.66250196097344,17,6,10,-0.9659258262890684,-0.2588190451025206,-0.7818314824680299,0.6234898018587334,-0.8660254037844386,0.5000000000000001,146.0,188.375,293.8958333333333,4.825,7.949999999999999,94.0,73.0,11.425,10.121891,0.0,16.3,21.54259262,35.96666666666667,35.55,35.5,35.5,37.61666666666667,-0.3208889033333371,-0.2092592066666654,-0.1553333333333348,21.54,20.818666666666665,21.92160492888889,21.58,6.9534764,6.944671,6.9556737,7.0480123,7.108741,0,3.0,0,0.25,-0.26,6.4,93.6
2022-10-23 17:30:00,103.439195583334,18.918965394446,18.923409733332,21.54259262,20.818666666666665,37.61666666666667,1,5.1764362714980825,70.66250196097344,17,6,10,-0.9659258262890684,-0.2588190451025206,-0.7818314824680299,0.6234898018587334,-0.8660254037844386,0.5000000000000001,116.0,160.125,266.5208333333333,5.65,8.3,95.0,75.0,11.05,9.907995,0.0,15.5,21.45555553,36.45,35.96666666666667,35.55,35.5,38.35,-0.7239259533333353,-0.1629629500000007,-0.565999999999999,21.384666666666664,19.944666666666667,21.72098765555556,21.24777777777777,7.108741,6.9534764,6.944671,6.9556737,7.2109084,0,3.0,1,0.25,-0.29,6.7,93.3
2022-10-23 17:45:00,97.516654711112,0.0,0.0,21.45555553,19.944666666666667,38.35,0,5.1764362714980825,70.66250196097344,17,6,10,-0.9659258262890684,-0.2588190451025206,-0.7818314824680299,0.6234898018587334,-0.8660254037844386,0.5000000000000001,86.0,131.0,239.25,6.475,8.65,96.0,77.0,10.675,9.6887245,0.0,14.7,21.37222221333333,37.61666666666667,36.45,35.96666666666667,35.55,38.68333333333333,-1.510888863333335,-0.087037089999999,-0.8739999999999988,20.818666666666665,19.382,21.56790124,20.716,7.2109084,7.108741,6.9534764,6.944671,7.2385674,1,3.0,1,0.25,-0.3,6.9,93.1
2022-10-23 18:00:00,86.723753227774,0.0,0.0,21.37222221333333,19.382,38.68333333333333,0,5.1764362714980825,70.66250196097344,18,6,10,-1.0,-1.8369701987210294e-16,-0.7818314824680299,0.6234898018587334,-0.8660254037844386,0.5000000000000001,56.0,101.0,212.08333333333331,7.3,9.0,97.0,79.0,10.3,9.464962,0.0,13.9,21.28888889,38.35,37.61666666666667,36.45,35.96666666666667,39.8,-1.990222213333329,-0.0833333166666712,-0.5626666666666651,19.944666666666667,19.02133333333333,21.456790121111112,20.04844444444445,7.2385674,7.2109084,7.108741,6.9534764,7.4116426,0,3.0,0,0.25,-0.32,7.1,92.9
2022-10-23 18:15:00,94.145122977776,0.0,0.0,21.28888889,19.02133333333333,39.8,0,5.1764362714980825,70.66250196097344,18,6,10,-1.0,-1.8369701987210294e-16,-0.7818314824680299,0.6234898018587334,-0.8660254037844386,0.5000000000000001,42.0,75.0,185.83333333333331,6.6,9.1,97.5,79.25,10.15,9.378829,0.0,13.7,21.225925906666667,38.68333333333333,38.35,37.61666666666667,36.45,41.11666666666667,-2.2675555566666645,-0.0833333233333313,-0.3606666666666669,19.382,18.807333333333336,21.372222211111108,19.44933333333333,7.4116426,7.2385674,7.2109084,7.108741,7.6289315,0,3.0,0,0.25,-0.33,7.3,92.7
2022-10-23 18:30:00,97.140280933332,0.0,0.0,21.225925906666667,18.807333333333336,41.11666666666667,0,5.1764362714980825,70.66250196097344,18,6,10,-1.0,-1.8369701987210294e-16,-0.7818314824680299,0.6234898018587334,-0.8660254037844386,0.5000000000000001,28.0,53.0,160.5,5.9,9.2,98.0,79.5,10.0,9.293204,0.0,13.5,21.18333335,39.8,38.68333333333333,38.35,37.61666666666667,41.9,-2.4185925733333318,-0.0629629833333318,-0.2139999999999986,19.02133333333333,18.496,21.295679003333333,19.070222222222224,7.6289315,7.4116426,7.2385674,7.2109084,7.7550907,0,4.0,0,0.0,-0.34,7.4,92.6
2022-10-23 18:45:00,90.65526264444,0.0,0.0,21.18333335,18.496,41.9,0,5.1764362714980825,70.66250196097344,18,6,10,-1.0,-1.8369701987210294e-16,-0.7818314824680299,0.6234898018587334,-0.8660254037844386,0.5000000000000001,14.0,35.0,136.08333333333334,5.2,9.3,98.5,79.75,9.85,9.208089,0.0,13.3,21.14629631333333,41.11666666666667,39.8,38.68333333333333,38.35,42.65,-2.687333350000003,-0.0425925566666656,-0.3113333333333372,18.807333333333336,18.325333333333333,21.23271604888889,18.774888888888885,7.7550907,7.6289315,7.4116426,7.2385674,7.876957,0,4.0,0,0.0,-0.35,7.5,92.5
2022-10-23 19:00:00,102.63145024444,0.0,0.0,21.14629631333333,18.325333333333333,42.65,0,5.1764362714980825,70.66250196097344,19,6,10,-0.9659258262890684,0.2588190451025203,-0.7818314824680299,0.6234898018587334,-0.8660254037844386,0.5000000000000001,0.0,21.0,112.58333333333331,4.5,9.4,99.0,80.0,9.7,9.123483,0.0,13.1,21.06666669,41.9,41.11666666666667,39.8,38.68333333333333,43.05,-2.820962980000001,-0.0370370366666676,-0.1706666666666656,18.496,17.96933333333333,21.18518519,18.54288888888889,7.876957,7.7550907,7.6289315,7.4116426,7.914162,0,4.0,0,0.0,-0.35,7.6,92.4
2022-10-23 19:15:00,105.251900805558,0.0,0.0,21.06666669,17.96933333333333,43.05,0,5.1764362714980825,70.66250196097344,19,6,10,-0.9659258262890684,0.2588190451025203,-0.7818314824680299,0.6234898018587334,-0.8660254037844386,0.5000000000000001,0.0,10.5,91.29166666666669,5.1,9.025,98.75,80.0,9.45,8.9694395,0.0,12.825,21.003703706666663,42.65,41.9,41.11666666666667,39.8,43.28333333333333,-3.0973333566666668,-0.0796296233333357,-0.3560000000000016,18.325333333333333,17.674666666666667,21.13209878444444,18.26355555555556,7.914162,7.876957,7.7550907,7.6289315,7.928011,0,4.0,0,0.0,-0.37,7.8,92.2
2022-10-23 19:30:00,132.34748363889,44.535440711112,44.562384116666,21.003703706666663,17.674666666666667,43.28333333333333,1,5.1764362714980825,70.66250196097344,19,6,10,-0.9659258262890684,0.2588190451025203,-0.7818314824680299,0.6234898018587334,-0.8660254037844386,0.5000000000000001,0.0,3.5,72.20833333333333,5.7,8.65,98.5,80.0,9.2,8.817666,0.0,12.55,20.98888889,43.05,42.65,41.9,41.11666666666667,43.05,-3.32903704,-0.0629629833333318,-0.2946666666666644,17.96933333333333,17.492666666666665,21.072222236666665,17.989777777777775,7.928011,7.914162,7.876957,7.7550907,7.878487,0,3.0,1,0.25,-0.38,8.0,92.0
2022-10-23 19:45:00,75.53920056111001,0.0,0.0,20.98888889,17.492666666666665,43.05,0,5.1764362714980825,70.66250196097344,19,6,10,-0.9659258262890684,0.2588190451025203,-0.7818314824680299,0.6234898018587334,-0.8660254037844386,0.5000000000000001,0.0,0.0,55.333333333333336,6.300000000000001,8.275,98.25,80.0,8.95,8.668132,0.0,12.275,20.87592592,43.28333333333333,43.05,42.65,41.9,43.46666666666667,-3.496222223333333,-0.0148148166666679,-0.1820000000000021,17.674666666666667,17.164666666666665,21.019753095555554,17.71222222222222,7.878487,7.928011,7.914162,7.876957,7.902673,1,3.0,1,0.25,-0.39,8.1,91.9
2022-10-23 20:00:00,104.943580055548,33.681708227778,33.694763288888,20.87592592,17.164666666666665,43.46666666666667,1,5.1764362714980825,70.66250196097344,20,6,10,-0.8660254037844386,0.5000000000000001,-0.7818314824680299,0.6234898018587334,-0.8660254037844386,0.5000000000000001,0.0,0.0,40.66666666666666,6.9,7.9,98.0,80.0,8.7,8.520808,0.0,12.0,20.82777775,43.05,43.28333333333333,43.05,42.65,43.5,-3.711259253333335,-0.1129629699999981,-0.3279999999999994,17.492666666666665,16.869333333333334,20.95617283888889,17.444,7.902673,7.878487,7.928011,7.914162,7.886613,0,2.0,1,0.5,-0.41,8.5,91.5
2022-10-23 20:15:00,107.486255911112,0.0,0.0,20.82777775,16.869333333333334,43.5,0,5.1764362714980825,70.66250196097344,20,6,10,-0.8660254037844386,0.5000000000000001,-0.7818314824680299,0.6234898018587334,-0.8660254037844386,0.5000000000000001,0.0,0.0,28.5,7.1000000000000005,8.975,94.25,80.5,8.825,8.600852,0.0,12.05,20.76111111333333,43.46666666666667,43.05,43.28333333333333,43.05,43.68333333333333,-3.9584444166666657,-0.048148170000001,-0.2953333333333319,17.164666666666665,16.55,20.897530853333333,17.17555555555555,7.886613,7.902673,7.878487,7.928011,7.8891854,1,2.0,1,0.5,-0.42,8.7,91.3
2022-10-23 20:30:00,143.757305127774,14.5177526,14.576083616666,20.76111111333333,16.55,43.68333333333333,1,5.1764362714980825,70.66250196097344,20,6,10,-0.8660254037844386,0.5000000000000001,-0.7818314824680299,0.6234898018587334,-0.8660254037844386,0.5000000000000001,0.0,0.0,18.83333333333333,7.300000000000001,10.05,90.5,81.0,8.95,8.681303,0.0,12.1,20.7222222,43.5,43.46666666666667,43.05,43.28333333333333,44.05,-4.211111113333335,-0.0666666366666639,-0.3193333333333328,16.869333333333334,16.237333333333332,20.82160492777778,16.86133333333333,7.8891854,7.886613,7.902673,7.878487,7.937413,0,2.0,1,0.5,-0.44,9.0,91.0
2022-10-23 20:45:00,220.29146582222,26.387555588888,26.446997694442,20.7222222,16.237333333333332,44.05,1,5.1764362714980825,70.66250196097344,20,6,10,-0.8660254037844386,0.5000000000000001,-0.7818314824680299,0.6234898018587334,-0.8660254037844386,0.5000000000000001,0.0,0.0,11.666666666666666,7.5,11.125,86.75,81.5,9.075,8.762159,0.0,12.15,20.70185185,43.68333333333333,43.5,43.46666666666667,43.05,44.65,-4.484888866666669,-0.0388889133333343,-0.3126666666666686,16.55,15.895333333333332,20.770370354444445,16.55222222222222,7.937413,7.8891854,7.886613,7.902673,8.035993,0,1.0,0,0.75,-0.44,9.1,90.9
2022-10-23 21:00:00,520.783056727778,0.0,0.0,20.70185185,15.895333333333332,44.65,0,5.1764362714980825,70.66250196097344,21,6,10,-0.7071067811865477,0.7071067811865474,-0.7818314824680299,0.6234898018587334,-0.8660254037844386,0.5000000000000001,0.0,0.0,7.0,7.7,12.2,83.0,82.0,9.2,8.843427,0.0,12.2,20.6666667,44.05,43.68333333333333,43.5,43.46666666666667,45.75,-4.806518516666667,-0.0203703500000003,-0.3419999999999987,16.237333333333332,15.852,20.728395054444444,16.227555555555554,8.035993,7.937413,7.8891854,7.886613,8.21711,1,2.0,1,0.5,-0.44,9.1,90.9
2022-10-23 21:15:00,1067.408413055556,0.0,0.0,20.6666667,15.852,45.75,0,5.1764362714980825,70.66250196097344,21,6,10,-0.7071067811865477,0.7071067811865474,-0.7818314824680299,0.6234898018587334,-0.8660254037844386,0.5000000000000001,0.0,0.0,3.5,7.375,12.3,85.75,82.75,9.275,8.896549,0.0,12.15,20.64629631333333,44.65,44.05,43.68333333333333,43.5,46.46666666666667,-4.8146667,-0.0351851500000002,-0.043333333333333,15.895333333333332,15.687333333333331,20.696913583333338,15.99488888888889,8.21711,8.035993,7.937413,7.8891854,8.335929,0,2.0,0,0.5,-0.45,9.1,90.9
2022-10-23 21:30:00,166.90915678333,17.300974583334,17.360416672221998,20.64629631333333,15.687333333333331,46.46666666666667,1,5.1764362714980825,70.66250196097344,21,6,10,-0.7071067811865477,0.7071067811865474,-0.7818314824680299,0.6234898018587334,-0.8660254037844386,0.5000000000000001,0.0,0.0,1.1666666666666667,7.050000000000001,12.4,88.5,83.5,9.35,8.949243,0.0,12.1,20.6111111,45.75,44.65,44.05,43.68333333333333,46.45,-4.958962980000001,-0.0203703866666664,-0.1646666666666671,15.852,15.557333333333334,20.671604954444444,15.811555555555556,8.335929,8.21711,8.035993,7.937413,8.315872,0,2.0,1,0.5,-0.45,9.2,90.8
2022-10-23 21:45:00,174.408301105558,29.398268472222,29.459654933332,20.6111111,15.557333333333334,46.45,1,5.1764362714980825,70.66250196097344,21,6,10,-0.7071067811865477,0.7071067811865474,-0.7818314824680299,0.6234898018587334,-0.8660254037844386,0.5000000000000001,0.0,0.0,0.0,6.7250000000000005,12.5,91.25,84.25,9.425,9.001513,0.0,12.05,20.6111111,46.46666666666667,45.75,44.65,44.05,46.03333333333333,-5.053777766666665,-0.0351852133333352,-0.129999999999999,15.687333333333331,15.222666666666669,20.641358037777778,15.698888888888888,8.315872,8.335929,8.21711,8.035993,8.241278,0,2.0,0,0.5,-0.45,9.3,90.7
2022-10-23 22:00:00,122.656204755552,0.0,0.0,20.6111111,15.222666666666669,46.03333333333333,0,5.1764362714980825,70.66250196097344,22,6,10,-0.5000000000000004,0.8660254037844384,-0.7818314824680299,0.6234898018587334,-0.8660254037844386,0.5000000000000001,0.0,0.0,0.0,6.4,12.6,94.0,85.0,9.5,9.05336,0.0,12.0,20.56666669,46.45,46.46666666666667,45.75,44.65,46.35,-5.388444433333332,0.0,-0.3346666666666671,15.557333333333334,15.107333333333331,20.62283950444445,15.489111111111107,8.241278,8.315872,8.335929,8.21711,8.276502,1,2.0,1,0.5,-0.46,9.4,90.6
2022-10-23 22:15:00,66.132076877776,17.695958766668,17.7001253,20.56666669,15.107333333333331,46.35,1,5.1764362714980825,70.66250196097344,22,6,10,-0.5000000000000004,0.8660254037844384,-0.7818314824680299,0.6234898018587334,-0.8660254037844386,0.5000000000000001,0.0,0.0,0.0,6.775,12.425,95.0,85.5,9.5,9.049941,0.0,11.9,20.524074093333336,46.03333333333333,46.45,46.46666666666667,45.75,46.5,-5.459333356666665,-0.0444444100000005,-0.1153333333333339,15.222666666666669,15.094,20.596296296666665,15.295777777777776,8.276502,8.241278,8.315872,8.335929,8.28269,0,1.0,1,0.75,-0.47,9.5,90.5
2022-10-23 22:30:00,75.918074288888,30.975983127778,30.981538488888,20.524074093333336,15.094,46.5,1,5.1764362714980825,70.66250196097344,22,6,10,-0.5000000000000004,0.8660254037844384,-0.7818314824680299,0.6234898018587334,-0.8660254037844386,0.5000000000000001,0.0,0.0,0.0,7.15,12.25,96.0,86.0,9.5,9.046167,0.0,11.8,20.583333340000003,46.35,46.03333333333333,46.45,46.46666666666667,46.5,-5.430074093333337,-0.0425925966666618,-0.0133333333333336,15.107333333333331,14.94,20.567283961111112,15.14133333333333,8.28269,8.276502,8.241278,8.315872,8.311357,0,1.0,0,0.75,-0.48,9.7,90.3
2022-10-23 22:45:00,114.045160311108,0.0,0.0,20.583333340000003,14.94,46.5,0,5.1764362714980825,70.66250196097344,22,6,10,-0.5000000000000004,0.8660254037844384,-0.7818314824680299,0.6234898018587334,-0.8660254037844386,0.5000000000000001,0.0,0.0,0.0,7.525,12.075,97.0,86.5,9.5,9.042044,0.0,11.7,20.48703702,46.5,46.35,46.03333333333333,46.45,46.68333333333333,-5.643333340000003,0.0592592466666666,-0.1539999999999999,15.094,14.972666666666669,20.55802470777778,15.047111111111109,8.311357,8.28269,8.276502,8.241278,8.297403,1,2.0,1,0.5,-0.46,9.4,90.6
2022-10-23 23:00:00,428.280368133332,24.474576527778,24.480131905554003,20.48703702,14.972666666666669,46.68333333333333,1,5.1764362714980825,70.66250196097344,23,6,10,-0.2588190451025215,0.965925826289068,-0.7818314824680299,0.6234898018587334,-0.8660254037844386,0.5000000000000001,0.0,0.0,0.0,7.9,11.9,98.0,87.0,9.5,9.037575,0.0,11.6,20.48571427428572,46.5,46.5,46.35,46.03333333333333,46.62857142857143,-5.514370353333332,-0.0962963200000039,0.0326666666666675,14.94,15.239285714285714,20.531481484444445,15.00222222222222,8.297403,8.311357,8.28269,8.276502,8.287031,0,1.0,1,0.75,-0.48,9.9,90.1
2022-10-23 23:15:00,77.997435511112,30.408228072222,30.412672377776,20.48571427428572,15.239285714285714,46.62857142857143,1,5.1764362714980825,70.66250196097344,23,6,10,-0.2588190451025215,0.965925826289068,-0.7818314824680299,0.6234898018587334,-0.8660254037844386,0.5000000000000001,0.0,0.0,0.0,7.325,12.075,97.75,87.5,9.475,9.018626,0.0,11.475,20.5,46.68333333333333,46.5,46.5,46.35,46.5,-5.246428560000002,-0.0013227457142832,0.2666190476190468,14.972666666666669,15.394666666666666,20.51869487809524,15.050650793650794,8.287031,8.297403,8.311357,8.28269,8.27107,0,1.0,0,0.75,-0.48,9.9,90.1
2022-10-23 23:30:00,52.117359705554,0.0,0.0,20.5,15.394666666666666,46.5,0,5.1764362714980825,70.66250196097344,23,6,10,-0.2588190451025215,0.965925826289068,-0.7818314824680299,0.6234898018587334,-0.8660254037844386,0.5000000000000001,0.0,0.0,0.0,6.75,12.25,97.5,88.0,9.45,8.999351,0.0,11.35,20.42222223,46.62857142857143,46.68333333333333,46.5,46.5,46.55,-5.105333333333334,0.0142857257142843,0.1553809523809519,15.239285714285714,15.49,20.49091709809524,15.20220634920635,8.27107,8.287031,8.297403,8.311357,8.242474,1,2.0,1,0.5,-0.48,9.8,90.2
2022-10-23 23:45:00,93.633476827774,27.225299844444,27.229466411108,20.42222223,15.49,46.55,1,5.1764362714980825,70.66250196097344,23,6,10,-0.2588190451025215,0.965925826289068,-0.7818314824680299,0.6234898018587334,-0.8660254037844386,0.5000000000000001,0.0,0.0,0.0,6.175,12.425,97.25,88.5,9.425,8.979756,0.0,11.225,20.40888888,46.5,46.62857142857143,46.68333333333333,46.5,47.145,-4.932222229999999,-0.0777777700000008,0.0953333333333343,15.394666666666666,14.912,20.46931216809524,15.374650793650792,8.242474,8.27107,8.287031,8.297403,8.341335,0,1.0,1,0.75,-0.5,10.2,89.8
2022-10-24 00:00:00,69.190010172218,11.113722116666,11.117333155552,20.40888888,14.912,47.145,1,5.1764362714980825,70.66250196097344,0,0,10,0.0,1.0,0.0,1.0,-0.8660254037844386,0.5000000000000001,0.0,0.0,0.0,5.6,12.6,97.0,89.0,9.4,8.9598465,0.0,11.1,20.438492025,46.55,46.5,46.62857142857143,46.68333333333333,47.5,-5.496888879999998,-0.0133333499999999,-0.5779999999999994,15.49,14.240714285714288,20.44370370333333,15.265555555555556,8.341335,8.242474,8.27107,8.287031,8.418678,0,1.0,0,0.75,-0.5,10.2,89.8
2022-10-24 00:15:00,52.320684905554,0.0,0.0,20.438492025,14.240714285714288,47.5,0,5.1764362714980825,70.66250196097344,0,0,10,0.0,1.0,0.0,1.0,-0.8660254037844386,0.5000000000000001,0.0,0.0,0.0,5.75,11.7,97.75,89.25,9.25,8.900642,0.0,10.95,20.37222221333333,47.145,46.55,46.5,46.62857142857143,47.5,-6.197777739285712,0.0296031449999993,-0.6712857142857143,14.912,14.208666666666666,20.423201045,14.88090476190476,8.418678,8.341335,8.242474,8.27107,8.386173,1,2.0,1,0.5,-0.49,10.0,90.0
2022-10-24 00:30:00,73.32817785555599,35.248867772222,35.25442318333,20.37222221333333,14.208666666666666,47.5,1,5.1764362714980825,70.66250196097344,0,0,10,0.0,1.0,0.0,1.0,-0.8660254037844386,0.5000000000000001,0.0,0.0,0.0,5.9,10.8,98.5,89.5,9.1,8.841662,0.0,10.8,20.37222222,47.5,47.145,46.55,46.5,47.5,-6.1635555466666645,-0.0662698116666682,-0.0320476190476206,14.240714285714288,14.106666666666666,20.406534372777774,14.45379365079365,8.386173,8.418678,8.341335,8.242474,8.386173,0,1.0,1,0.75,-0.51,10.3,89.7
2022-10-24 00:45:00,34.776664427778,0.0,0.0,20.37222222,14.106666666666666,47.5,0,5.1764362714980825,70.66250196097344,0,0,10,0.0,1.0,0.0,1.0,-0.8660254037844386,0.5000000000000001,0.0,0.0,0.0,6.05,9.9,99.25,89.75,8.950000000000001,8.7829,0.0,10.65,20.367063485714286,47.5,47.5,47.145,46.55,47.5,-6.265555553333336,6.666670770982819e-09,-0.1020000000000003,14.208666666666666,14.135714285714286,20.394312152777776,14.185349206349208,8.386173,8.386173,8.418678,8.341335,8.383647,1,2.0,1,0.5,-0.51,10.3,89.7
2022-10-24 01:00:00,62.592774005554,33.357554544444,33.361998849998,20.367063485714286,14.135714285714286,47.5,1,5.1764362714980825,70.66250196097344,1,0,10,0.2588190451025207,0.9659258262890684,0.0,1.0,-0.8660254037844386,0.5000000000000001,0.0,0.0,0.0,6.2,9.0,100.0,90.0,8.8,8.7243595,0.0,10.5,20.3333333,47.5,47.5,47.5,47.145,47.85,-6.2313492,-0.0051587342857146,0.0290476190476205,14.106666666666666,14.114666666666666,20.370502639682535,14.150349206349205,8.383647,8.386173,8.386173,8.418678,8.428802,0,2.0,1,0.5,-0.51,10.4,89.6
2022-10-24 01:15:00,46.036769688884,0.0,0.0,20.3333333,14.114666666666666,47.85,0,5.1764362714980825,70.66250196097344,1,0,10,0.2588190451025207,0.9659258262890684,0.0,1.0,-0.8660254037844386,0.5000000000000001,0.0,0.0,0.0,5.5,8.725,100.0,90.0,8.925,8.779619,0.0,10.6,20.31296295,47.5,47.5,47.5,47.5,48.18333333333333,-6.218666633333333,-0.0337301857142868,-0.0210476190476196,14.135714285714286,14.086666666666668,20.35753966857143,14.11901587301587,8.428802,8.383647,8.386173,8.386173,8.477428,1,2.0,1,0.5,-0.51,10.5,89.5
2022-10-24 01:30:00,71.894068738882,26.030347627778,26.034791966664,20.31296295,14.086666666666668,48.18333333333333,1,5.1764362714980825,70.66250196097344,1,0,10,0.2588190451025207,0.9659258262890684,0.0,1.0,-0.8660254037844386,0.5000000000000001,0.0,0.0,0.0,4.8,8.45,100.0,90.0,9.05,8.835184,0.0,10.7,20.31666665,47.85,47.5,47.5,47.5,48.5,-6.226296283333332,-0.0203703500000003,-0.0279999999999986,14.114666666666666,13.622666666666667,20.33778657857143,14.112349206349206,8.477428,8.428802,8.383647,8.386173,8.534988,0,2.0,1,0.5,-0.52,10.6,89.4
2022-10-24 01:45:00,71.727130949994,11.885913427778,11.88980222222,20.31666665,13.622666666666667,48.5,1,5.1764362714980825,70.66250196097344,1,0,10,0.2588190451025207,0.9659258262890684,0.0,1.0,-0.8660254037844386,0.5000000000000001,0.0,0.0,0.0,4.1,8.175,100.0,90.0,9.175,8.891057,0.0,10.8,20.314682525,48.18333333333333,47.85,47.5,47.5,48.5,-6.693999983333331,0.003703699999999,-0.4640000000000004,14.086666666666668,13.159285714285714,20.32098763333333,13.941333333333333,8.534988,8.477428,8.428802,8.383647,8.5339985,0,1.0,0,0.75,-0.51,10.5,89.5
2022-10-24 02:00:00,53.485360566664,15.901030616666,15.903530549998,20.314682525,13.159285714285714,48.5,1,5.1764362714980825,70.66250196097344,2,0,10,0.4999999999999999,0.8660254037844387,0.0,1.0,-0.8660254037844386,0.5000000000000001,0.0,0.0,0.0,3.4,7.9,100.0,90.0,9.3,8.947235,0.0,10.9,20.2777778,48.5,48.18333333333333,47.85,47.5,48.5,-7.155396810714285,-0.0019841249999998,-0.4633809523809535,13.622666666666667,12.951333333333334,20.31477070833333,13.622873015873015,8.5339985,8.534988,8.477428,8.428802,8.515619,0,1.0,0,0.75,-0.51,10.5,89.5
2022-10-24 02:15:00,57.772966922216,24.53624076111,24.539851799996,20.2777778,12.951333333333334,48.5,1,5.1764362714980825,70.66250196097344,2,0,10,0.4999999999999999,0.8660254037844387,0.0,1.0,-0.8660254037844386,0.5000000000000001,0.0,0.0,0.0,3.375,7.375,100.0,89.25,9.15,8.858718,0.025,10.875,20.2777778,48.5,48.5,48.18333333333333,47.85,48.5,-7.326444466666665,-0.0369047249999994,-0.2079523809523795,13.159285714285714,12.757272727272728,20.303042325,13.244428571428571,8.515619,8.5339985,8.534988,8.477428,8.515619,0,0.0,0,1.0,-0.52,10.7,89.3
2022-10-24 02:30:00,44.41766755556,12.520054711112,12.522832416666,20.2777778,12.757272727272728,48.5,1,5.1764362714980825,70.66250196097344,2,0,10,0.4999999999999999,0.8660254037844387,0.0,1.0,-0.8660254037844386,0.5000000000000001,0.0,0.0,0.0,3.35,6.85,100.0,88.5,9.0,8.770454,0.05,10.85,20.24074073333333,48.5,48.5,48.5,48.18333333333333,48.4375,-7.520505072727271,0.0,-0.1940606060606065,12.951333333333334,12.606666666666667,20.290079375,12.955963924963925,8.515619,8.515619,8.5339985,8.534988,8.486256,0,0.0,0,1.0,-0.52,10.7,89.3
2022-10-24 02:45:00,48.360010005554,16.988487116666,16.990987066664,20.24074073333333,12.606666666666667,48.4375,1,5.1764362714980825,70.66250196097344,2,0,10,0.4999999999999999,0.8660254037844387,0.0,1.0,-0.8660254037844386,0.5000000000000001,0.0,0.0,0.0,3.325,6.325,100.0,87.75,8.85,8.682445,0.075,10.825,20.253703706666663,48.5,48.5,48.5,48.5,47.85,-7.634074066666665,-0.0370370666666666,-0.1506060606060604,12.757272727272728,12.46,20.26543211111111,12.771757575757576,8.486256,8.515619,8.515619,8.5339985,8.389683,0,0.0,0,1.0,-0.53,10.9,89.1
2022-10-24 03:00:00,59.868438599996,0.0,0.0,20.253703706666663,12.46,47.85,0,5.1764362714980825,70.66250196097344,3,0,10,0.7071067811865476,0.7071067811865476,0.0,1.0,-0.8660254037844386,0.5000000000000001,0.0,0.0,0.0,3.3,5.8,100.0,87.0,8.7,8.594687,0.1,10.8,20.18809525,48.4375,48.5,48.5,48.5,47.5,-7.7937037066666655,0.0129629733333338,-0.1466666666666665,12.606666666666667,12.572142857142856,20.257407413333333,12.6079797979798,8.389683,8.486256,8.515619,8.515619,8.296434,1,1.0,1,0.75,-0.53,10.9,89.1
2022-10-24 03:15:00,86.182108377768,34.9002706,34.904714955552,20.18809525,12.572142857142856,47.5,1,5.1764362714980825,70.66250196097344,3,0,10,0.7071067811865476,0.7071067811865476,0.0,1.0,-0.8660254037844386,0.5000000000000001,0.0,0.0,0.0,4.3,7.05,100.0,86.0,8.549999999999999,8.522702,0.075,10.85,20.2185185,47.85,48.4375,48.5,48.5,47.31666666666667,-7.615952392857144,-0.0656084566666663,0.1121428571428548,12.46,12.428666666666668,20.22751323,12.54626984126984,8.296434,8.389683,8.486256,8.515619,8.279127,0,1.0,1,0.75,-0.55,11.3,88.7
2022-10-24 03:30:00,43.21521590555,0.0,0.0,20.2185185,12.428666666666668,47.31666666666667,0,5.1764362714980825,70.66250196097344,3,0,10,0.7071067811865476,0.7071067811865476,0.0,1.0,-0.8660254037844386,0.5000000000000001,0.0,0.0,0.0,5.3,8.3,100.0,85.0,8.399999999999999,8.450166,0.05,10.9,20.1888889,47.5,47.85,48.4375,48.5,47.0,-7.789851833333335,0.0304232500000019,-0.1434761904761892,12.572142857142856,12.101333333333336,20.220105818888893,12.486936507936504,8.279127,8.296434,8.389683,8.486256,8.209485,1,2.0,1,0.5,-0.54,11.2,88.8
2022-10-24 03:45:00,89.75529856111,51.330724472222,51.336002077776,20.1888889,12.101333333333336,47.0,1,5.1764362714980825,70.66250196097344,3,0,10,0.7071067811865476,0.7071067811865476,0.0,1.0,-0.8660254037844386,0.5000000000000001,0.0,0.0,0.0,6.3,9.55,100.0,84.0,8.25,8.377075,0.0249999999999999,10.95,20.2185185,47.31666666666667,47.5,47.85,48.4375,46.81666666666667,-8.087555566666664,-0.0296296000000033,-0.3273333333333319,12.428666666666668,11.976666666666668,20.19850088333333,12.36738095238095,8.209485,8.279127,8.296434,8.389683,8.191641,0,2.0,1,0.5,-0.55,11.4,88.6
2022-10-24 04:00:00,39.598971594442,0.0,0.0,20.2185185,11.976666666666668,46.81666666666667,0,5.1764362714980825,70.66250196097344,4,0,10,0.8660254037844386,0.5000000000000001,0.0,1.0,-0.8660254037844386,0.5000000000000001,0.0,0.0,0.0,7.3,10.8,100.0,83.0,8.1,8.303432,0.0,11.0,20.14999999,47.0,47.31666666666667,47.5,47.85,46.45,-8.241851833333335,0.0296296000000033,-0.124666666666668,12.101333333333336,11.942666666666666,20.208641966666665,12.168888888888889,8.191641,8.209485,8.279127,8.296434,8.094987,1,2.0,1,0.5,-0.55,11.2,88.8
2022-10-24 04:15:00,447.745145027778,45.179581627778,45.186248094442,20.14999999,11.942666666666666,46.45,1,5.1764362714980825,70.66250196097344,4,0,10,0.8660254037844386,0.5000000000000001,0.0,1.0,-0.8660254037844386,0.5000000000000001,0.0,0.0,0.0,7.0,11.15,100.0,82.5,8.0,8.240438,0.0,10.975,20.16296299333333,46.81666666666667,47.0,47.31666666666667,47.5,46.03333333333333,-8.207333323333335,-0.0685185100000005,-0.0340000000000006,11.976666666666668,12.052,20.18580246333333,12.006888888888888,8.094987,8.191641,8.209485,8.279127,8.028456,0,2.0,1,0.5,-0.56,11.7,88.3
2022-10-24 04:30:00,70.49717998333401,12.961425955556,12.965036977776,20.16296299333333,12.052,46.03333333333333,1,5.1764362714980825,70.66250196097344,4,0,10,0.8660254037844386,0.5000000000000001,0.0,1.0,-0.8660254037844386,0.5000000000000001,0.0,0.0,0.0,6.699999999999999,11.5,100.0,82.0,7.9,8.177621,0.0,10.95,20.16111114,46.45,46.81666666666667,47.0,47.31666666666667,46.0,-8.110962993333334,0.0129630033333327,0.1093333333333337,11.942666666666666,12.08,20.177160494444447,11.990444444444442,8.028456,8.094987,8.191641,8.209485,8.021775,0,1.0,0,0.75,-0.56,11.6,88.4
2022-10-24 04:45:00,64.090491761114,16.213518116666002,16.216018049998,20.16111114,12.08,46.0,1,5.1764362714980825,70.66250196097344,4,0,10,0.8660254037844386,0.5000000000000001,0.0,1.0,-0.8660254037844386,0.5000000000000001,0.0,0.0,0.0,6.4,11.85,100.0,81.5,7.8,8.11498,0.0,10.925,20.13518519333333,46.03333333333333,46.45,46.81666666666667,47.0,46.0,-8.081111139999999,-0.0018518533333349,0.0280000000000004,12.052,12.150666666666666,20.15802470777778,12.024888888888889,8.021775,8.028456,8.094987,8.191641,8.009618,0,1.0,0,0.75,-0.56,11.7,88.3
2022-10-24 05:00:00,72.739312494446,40.623930527778,40.628652638886,20.13518519333333,12.150666666666666,46.0,1,5.1764362714980825,70.66250196097344,5,0,10,0.9659258262890684,0.2588190451025207,0.0,1.0,-0.8660254037844386,0.5000000000000001,0.0,0.0,0.0,6.1,12.2,100.0,81.0,7.7,8.052512,0.0,10.9,20.16111114,46.0,46.03333333333333,46.45,46.81666666666667,46.0,-7.984518526666665,-0.0259259466666677,0.0706666666666659,12.08,12.295333333333334,20.15308644222222,12.09422222222222,8.009618,8.021775,8.028456,8.094987,8.021775,0,0.0,0,1.0,-0.57,11.8,88.2
2022-10-24 05:15:00,47.437824594446,0.0,0.0,20.16111114,12.295333333333334,46.0,0,5.1764362714980825,70.66250196097344,5,0,10,0.9659258262890684,0.2588190451025207,0.0,1.0,-0.8660254037844386,0.5000000000000001,0.0,0.0,0.0,5.925,11.75,100.0,81.5,7.775,8.089474,0.0,10.875,20.11481480666667,46.0,46.0,46.03333333333333,46.45,46.0,-7.8657778066666655,0.0259259466666677,0.1446666666666676,12.150666666666666,12.362,20.152469157777777,12.175333333333333,8.021775,8.009618,8.021775,8.028456,8.000081,1,1.0,1,0.75,-0.56,11.7,88.3
2022-10-24 05:30:00,77.516899133336,46.131765772222,46.137598938886,20.11481480666667,12.362,46.0,1,5.1764362714980825,70.66250196097344,5,0,10,0.9659258262890684,0.2588190451025207,0.0,1.0,-0.8660254037844386,0.5000000000000001,0.0,0.0,0.0,5.75,11.3,100.0,82.0,7.85,8.126297,0.0,10.85,20.14444446,46.0,46.0,46.0,46.03333333333333,46.35,-7.7528148066666684,-0.0462963333333306,0.0666666666666664,12.295333333333334,12.342,20.137037046666663,12.269333333333334,8.000081,8.021775,8.009618,8.021775,8.074934,0,1.0,1,0.75,-0.57,11.9,88.1
2022-10-24 05:45:00,52.043751516666,0.0,0.0,20.14444446,12.342,46.35,0,5.1764362714980825,70.66250196097344,5,0,10,0.9659258262890684,0.2588190451025207,0.0,1.0,-0.8660254037844386,0.5000000000000001,0.0,0.0,0.0,5.575,10.85,100.0,82.5,7.925,8.162982,0.0,10.825,20.11481480666667,46.0,46.0,46.0,46.0,46.5,-7.8024444599999985,0.0296296533333304,-0.0199999999999995,12.362,12.358666666666666,20.140123468888888,12.33311111111111,8.074934,8.000081,8.021775,8.009618,8.087037,1,2.0,1,0.5,-0.57,11.7,88.3
2022-10-24 06:00:00,98.376898166664,44.470165555556,44.474609894442,20.11481480666667,12.358666666666666,46.5,1,5.1764362714980825,70.66250196097344,6,0,10,1.0,6.123233995736766e-17,0.0,1.0,-0.8660254037844386,0.5000000000000001,0.0,0.0,0.0,5.4,10.4,100.0,83.0,8.0,8.199531,0.0,10.8,20.10555555,46.35,46.0,46.0,46.0,46.5,-7.756148140000002,-0.0296296533333304,0.0166666666666657,12.342,12.283333333333331,20.124691357777778,12.35422222222222,8.087037,8.074934,8.000081,8.021775,8.082658,0,2.0,1,0.5,-0.57,11.8,88.2
2022-10-24 06:15:00,45.440126788888,0.0,0.0,20.10555555,12.283333333333331,46.5,0,5.1764362714980825,70.66250196097344,6,0,10,1.0,6.123233995736766e-17,0.0,1.0,-0.8660254037844386,0.5000000000000001,0.0,0.0,0.0,5.875,11.05,100.0,83.0,7.95,8.186621,0.0,10.775,20.0592593,46.5,46.35,46.0,46.0,46.5,-7.822222216666669,-0.0092592566666667,-0.075333333333333,12.358666666666666,12.328,20.12160493888889,12.327999999999998,8.082658,8.087037,8.074934,8.000081,8.060788,1,2.0,1,0.5,-0.57,11.9,88.1
2022-10-24 06:30:00,87.243732311112,47.247554472222,47.25172102222,20.0592593,12.328,46.5,1,5.1764362714980825,70.66250196097344,6,0,10,1.0,6.123233995736766e-17,0.0,1.0,-0.8660254037844386,0.5000000000000001,0.0,0.0,0.0,6.35,11.7,100.0,83.0,7.9,8.173731,0.0,10.75,20.0888889,46.5,46.5,46.35,46.0,46.5,-7.731259300000001,-0.046296250000001,0.0446666666666661,12.283333333333331,12.189333333333334,20.09320988555556,12.323333333333332,8.060788,8.082658,8.087037,8.074934,8.074777,0,2.0,1,0.5,-0.58,12.1,87.9
2022-10-24 06:45:00,39.73896612777,0.0,0.0,20.0888889,12.189333333333334,46.5,0,5.1764362714980825,70.66250196097344,6,0,10,1.0,6.123233995736766e-17,0.0,1.0,-0.8660254037844386,0.5000000000000001,0.0,0.0,0.0,6.825,12.35,100.0,83.0,7.85,8.160858,0.0,10.725,20.03888891333333,46.5,46.5,46.5,46.35,46.68333333333333,-7.899555566666663,0.0296295999999962,-0.1386666666666656,12.328,12.100666666666664,20.084567916666668,12.266888888888888,8.074777,8.060788,8.082658,8.087037,8.082928,1,2.0,1,0.5,-0.58,12.0,88.0
2022-10-24 07:00:00,65.211002755548,34.019750272222,34.025861211108,20.03888891333333,12.100666666666664,46.68333333333333,1,5.1764362714980825,70.66250196097344,7,0,10,0.9659258262890684,-0.2588190451025206,0.0,1.0,-0.8660254037844386,0.5000000000000001,0.0,0.0,0.0,7.3,13.0,100.0,83.0,7.8,8.148004,0.0,10.7,20.03888892,46.5,46.5,46.5,46.5,47.0,-7.938222246666669,-0.0499999866666627,-0.0886666666666684,12.189333333333334,12.093333333333334,20.062345704444443,12.205999999999998,8.082928,8.074777,8.060788,8.082658,8.137755,0,2.0,1,0.5,-0.59,12.2,87.8
2022-10-24 07:15:00,93.6887523,34.4094569,34.414179011108004,20.03888892,12.093333333333334,47.0,1,5.1764362714980825,70.66250196097344,7,0,10,0.9659258262890684,-0.2588190451025206,0.0,1.0,-0.8660254037844386,0.5000000000000001,1.75,0.4375,0.1458333333333333,6.8,13.0,100.0,84.5,7.8,8.152481,0.0,10.425,20.0555556,46.68333333333333,46.5,46.5,46.5,47.0,-7.945555586666664,6.666663665555461e-09,-0.0073333333333316,12.100666666666664,12.084,20.055555577777778,12.127777777777776,8.137755,8.082928,8.074777,8.060788,8.145699,0,1.0,0,0.75,-0.59,12.2,87.8
2022-10-24 07:30:00,57.912683350002,10.870954044444,10.874287294442,20.0555556,12.084,47.0,1,5.1764362714980825,70.66250196097344,7,0,10,0.9659258262890684,-0.2588190451025206,0.0,1.0,-0.8660254037844386,0.5000000000000001,3.5,1.3125,0.4375,6.3,13.0,100.0,86.0,7.8,8.154072,0.0,10.15,20.01666668,47.0,46.68333333333333,46.5,46.5,47.05,-7.971555600000002,0.0166666800000037,-0.009333333333334,12.093333333333334,12.207333333333333,20.044444477777777,12.092666666666664,8.145699,8.137755,8.082928,8.074777,8.13582,0,1.0,0,0.75,-0.58,12.1,87.9
2022-10-24 07:45:00,65.271833538886,30.445171044444,30.449337594442,20.01666668,12.207333333333333,47.05,1,5.1764362714980825,70.66250196097344,7,0,10,0.9659258262890684,-0.2588190451025206,0.0,1.0,-0.8660254037844386,0.5000000000000001,5.25,2.625,0.875,5.8,13.0,100.0,87.5,7.8,8.152864,0.0,9.875,20.020370386666663,47.0,47.0,46.68333333333333,46.5,47.46666666666667,-7.8093333466666675,-0.0388889200000015,0.123333333333333,12.084,12.133333333333333,20.037037066666667,12.12822222222222,8.13582,8.145699,8.137755,8.082928,8.209651,0,0.0,0,1.0,-0.59,12.3,87.7
2022-10-24 08:00:00,61.214773611108,20.853888044444,20.856665766664,20.020370386666663,12.133333333333333,47.46666666666667,1,5.1764362714980825,70.66250196097344,8,0,10,0.8660254037844387,-0.4999999999999998,0.0,1.0,-0.8660254037844386,0.5000000000000001,7.0,4.375,1.4583333333333333,5.3,13.0,100.0,89.0,7.8,8.148944,0.0,9.6,19.98333332,47.05,47.0,47.0,46.68333333333333,47.2,-7.887037053333334,0.0037037066666663,-0.0739999999999998,12.207333333333333,12.266,20.030864222222224,12.141555555555554,8.209651,8.13582,8.145699,8.137755,8.145843,0,0.0,0,1.0,-0.59,12.2,87.8
2022-10-24 08:15:00,62.959703794442,31.758174055556,31.763451694442,19.98333332,12.266,47.2,1,5.1764362714980825,70.66250196097344,8,0,10,0.8660254037844387,-0.4999999999999998,0.0,1.0,-0.8660254037844386,0.5000000000000001,32.75,12.125,4.1875,4.3,11.55,80.0,87.75,8.1,8.280551,0.0,10.075,19.996296293333334,47.46666666666667,47.05,47.0,47.0,47.28333333333333,-7.71733332,-0.0370370666666666,0.1326666666666671,12.133333333333333,12.157333333333332,20.00679012888889,12.20222222222222,8.145843,8.209651,8.13582,8.145699,8.166421,0,0.0,0,1.0,-0.6,12.5,87.5
2022-10-24 08:30:00,65.950695249998,21.232206244444,21.237761638886,19.996296293333334,12.157333333333332,47.28333333333333,1,5.1764362714980825,70.66250196097344,8,0,10,0.8660254037844387,-0.4999999999999998,0.0,1.0,-0.8660254037844386,0.5000000000000001,58.5,25.875,9.0625,3.3,10.1,60.0,86.5,8.4,8.411599,0.0,10.55,19.96111108,47.2,47.46666666666667,47.05,47.0,47.05,-7.838962960000002,0.0129629733333338,-0.108666666666668,12.266,12.208666666666666,20.0,12.185555555555554,8.166421,8.145843,8.209651,8.13582,8.109392,0,0.0,0,1.0,-0.59,12.4,87.6
2022-10-24 08:45:00,66.73288616111,13.714729172222,13.718895755552,19.96111108,12.208666666666666,47.05,1,5.1764362714980825,70.66250196097344,8,0,10,0.8660254037844387,-0.4999999999999998,0.0,1.0,-0.8660254037844386,0.5000000000000001,84.25,45.625,16.083333333333332,2.3,8.65,40.0,85.25,8.7,8.541947,0.0,11.025,19.96481478666667,47.28333333333333,47.2,47.46666666666667,47.05,47.46666666666667,-7.752444413333336,-0.0351852133333316,0.0513333333333339,12.157333333333332,12.193333333333332,19.98024689777778,12.210666666666668,8.109392,8.166421,8.145843,8.209651,8.182984,0,0.0,0,1.0,-0.6,12.6,87.4
2022-10-24 09:00:00,74.419800988884,33.8411463,33.846701694442004,19.96481478666667,12.193333333333332,47.46666666666667,1,5.1764362714980825,70.66250196097344,9,0,10,0.7071067811865476,-0.7071067811865475,0.0,1.0,-0.8660254037844386,0.5000000000000001,110.0,71.375,25.25,1.3,7.2,20.0,84.0,9.0,8.671454,0.0,11.5,19.99444444,47.05,47.28333333333333,47.2,47.46666666666667,47.5,-7.771481453333335,0.0037037066666663,-0.0153333333333325,12.208666666666666,12.7,19.974074053333336,12.186444444444442,8.182984,8.109392,8.166421,8.145843,8.202952,0,0.0,0,1.0,-0.6,12.6,87.4
2022-10-24 09:15:00,62.902761588888,23.008801844444,23.011301777776,19.99444444,12.7,47.5,1,5.1764362714980825,70.66250196097344,9,0,10,0.7071067811865476,-0.7071067811865475,0.0,1.0,-0.8660254037844386,0.5000000000000001,145.25,99.5,37.35416666666666,1.5,7.825,40.0,81.75,9.05,8.720795,0.0,12.025,19.96851849333333,47.46666666666667,47.05,47.28333333333333,47.2,47.5,-7.294444439999999,0.0296296533333304,0.5066666666666659,12.193333333333332,13.412,19.97345676888889,12.36733333333333,8.202952,8.182984,8.109392,8.166421,8.190509,0,0.0,0,1.0,-0.59,12.4,87.6
2022-10-24 09:30:00,51.890702172218,18.026501144444,18.031501011108,19.96851849333333,13.412,47.5,1,5.1764362714980825,70.66250196097344,9,0,10,0.7071067811865476,-0.7071067811865475,0.0,1.0,-0.8660254037844386,0.5000000000000001,180.5,130.0,52.395833333333336,1.7000000000000002,8.45,60.0,79.5,9.1,8.762555,0.0,12.55,20.092063487857143,47.5,47.46666666666667,47.05,47.28333333333333,47.5,-6.55651849333333,-0.0259259466666677,0.7120000000000015,12.7,14.067142857142857,19.975925906666664,12.768444444444444,8.190509,8.202952,8.182984,8.109392,8.249961,0,0.0,0,1.0,-0.6,12.5,87.5
2022-10-24 09:45:00,771.50886074444,17.846508377776,17.850397172218,20.092063487857143,14.067142857142857,47.5,1,5.1764362714980825,70.66250196097344,9,0,10,0.7071067811865476,-0.7071067811865475,0.0,1.0,-0.8660254037844386,0.5000000000000001,215.75,162.875,70.375,1.9,9.075,80.0,77.25,9.15,8.7962475,0.0,13.075,20.30740742333333,47.5,47.5,47.46666666666667,47.05,47.86666666666667,-6.024920630714286,0.1235449945238116,0.6551428571428559,13.412,15.238666666666663,20.018342140396825,13.393047619047616,8.249961,8.190509,8.202952,8.182984,8.41898,0,0.0,0,1.0,-0.57,11.8,88.2
2022-10-24 10:00:00,862.3582822055499,30.161293483334,30.166571105554,20.30740742333333,15.238666666666663,47.86666666666667,1,5.1764362714980825,70.66250196097344,10,0,10,0.4999999999999999,-0.8660254037844387,0.0,1.0,-0.8660254037844386,0.5000000000000001,251.0,198.125,91.29166666666669,2.1,9.7,100.0,75.0,9.2,8.821373,0.0,13.6,20.46111111,47.5,47.5,47.5,47.46666666666667,48.85,-5.068740756666669,0.2153439354761914,1.1715238095238083,14.067142857142857,15.462666666666667,20.12266313484127,14.23926984126984,8.41898,8.249961,8.190509,8.202952,8.669377,0,0.0,0,1.0,-0.52,10.6,89.4
2022-10-24 10:15:00,50.521867994442,0.0,0.0,20.46111111,15.462666666666667,48.85,0,5.1764362714980825,70.66250196097344,10,0,10,0.4999999999999999,-0.8660254037844387,0.0,1.0,-0.8660254037844386,0.5000000000000001,235.75,220.75,110.79166666666669,2.875,10.975,100.0,74.0,9.225,8.825129,0.0,13.825,20.448148106666665,47.86666666666667,47.5,47.5,47.5,49.18333333333333,-4.998444443333334,0.1537036866666667,0.2240000000000019,15.238666666666663,15.392,20.28686067373016,14.922825396825395,8.669377,8.41898,8.249961,8.190509,8.721936,1,1.0,1,0.75,-0.48,9.7,90.3
2022-10-24 10:30:00,64.41881214444,30.242679144444,30.248234538886,20.448148106666665,15.392,49.18333333333333,1,5.1764362714980825,70.66250196097344,10,0,10,0.4999999999999999,-0.8660254037844387,0.0,1.0,-0.8660254037844386,0.5000000000000001,220.5,230.75,128.875,3.65,12.25,100.0,73.0,9.25,8.827055,0.0,14.05,20.49999999,48.85,47.86666666666667,47.5,47.5,49.9,-5.056148106666665,-0.0129630033333363,-0.0706666666666677,15.462666666666667,15.356,20.405555546666665,15.364444444444445,8.721936,8.669377,8.41898,8.249961,8.875836,0,1.0,1,0.75,-0.48,9.8,90.2
2022-10-24 10:45:00,50.681861611108,0.0,0.0,20.49999999,15.356,49.9,0,5.1764362714980825,70.66250196097344,10,0,10,0.4999999999999999,-0.8660254037844387,0.0,1.0,-0.8660254037844386,0.5000000000000001,205.25,228.125,145.54166666666666,4.425000000000001,13.525,100.0,72.0,9.275,8.827104,0.0,14.275,20.675925936666665,49.18333333333333,48.85,47.86666666666667,47.5,50.46666666666667,-5.143999989999999,0.0518518833333345,-0.0359999999999995,15.392,15.764666666666669,20.46975306888889,15.403555555555554,8.875836,8.721936,8.669377,8.41898,9.069156,1,2.0,1,0.5,-0.46,9.4,90.6
2022-10-24 11:00:00,40.298665838886,0.0,0.0,20.675925936666665,15.764666666666669,50.46666666666667,0,5.1764362714980825,70.66250196097344,11,0,10,0.258819045102521,-0.9659258262890682,0.0,1.0,-0.8660254037844386,0.5000000000000001,190.0,212.875,160.79166666666666,5.2,14.8,100.0,71.0,9.3,8.82523,0.0,14.5,20.84444444,49.9,49.18333333333333,48.85,47.86666666666667,50.15,-4.911259269999999,0.1759259466666662,0.4086666666666669,15.356,15.430666666666667,20.54135801111111,15.50422222222222,9.069156,8.875836,8.721936,8.669377,9.101088,0,3.0,0,0.25,-0.42,8.6,91.4
2022-10-24 11:15:00,73.937042466664,20.9458288,20.949162049998,20.84444444,15.430666666666667,50.15,1,5.1764362714980825,70.66250196097344,11,0,10,0.258819045102521,-0.9659258262890682,0.0,1.0,-0.8660254037844386,0.5000000000000001,187.75,200.875,173.70833333333334,5.55,15.5,100.0,70.5,9.325,8.830298,0.0,14.625,20.981481473333336,50.46666666666667,49.9,49.18333333333333,48.85,50.0,-5.413777773333333,0.1685185033333347,-0.3339999999999996,15.764666666666669,15.626666666666669,20.67345678888889,15.517111111111111,9.101088,9.069156,8.875836,8.721936,9.146452,0,2.0,1,0.5,-0.38,8.0,92.0
2022-10-24 11:30:00,58.27072474444,13.341966283334,13.345855094442,20.981481473333336,15.626666666666669,50.0,1,5.1764362714980825,70.66250196097344,11,0,10,0.258819045102521,-0.9659258262890682,0.0,1.0,-0.8660254037844386,0.5000000000000001,185.5,192.125,184.29166666666663,5.9,16.200000000000003,100.0,70.0,9.35,8.834862,0.0,14.75,21.12777781,50.15,50.46666666666667,49.9,49.18333333333333,50.0,-5.354814806666669,0.1370370333333355,0.1959999999999997,15.430666666666667,16.488666666666667,20.833950616666662,15.607333333333331,9.146452,9.101088,9.069156,8.875836,9.224494,0,2.0,0,0.5,-0.35,7.5,92.5
2022-10-24 11:45:00,39.514530588884,0.0,0.0,21.12777781,16.488666666666667,50.0,0,5.1764362714980825,70.66250196097344,11,0,10,0.258819045102521,-0.9659258262890682,0.0,1.0,-0.8660254037844386,0.5000000000000001,183.25,186.625,192.54166666666663,6.25,16.900000000000002,100.0,69.5,9.375,8.838906,0.0,14.875,21.07407407,50.0,50.15,50.46666666666667,49.9,50.0,-4.639111143333334,0.1462963366666656,0.8620000000000001,15.626666666666669,17.116,20.984567907777777,15.848666666666665,9.224494,9.146452,9.101088,9.069156,9.195781,1,2.0,1,0.5,-0.31,7.0,93.0
2022-10-24 12:00:00,68.2239376,26.49755113889,26.50199546111,21.07407407,17.116,50.0,1,5.1764362714980825,70.66250196097344,12,0,10,1.2246467991473532e-16,-1.0,0.0,1.0,-0.8660254037844386,0.5000000000000001,181.0,184.375,198.45833333333331,6.6,17.6,100.0,69.0,9.4,8.842428,0.0,15.0,20.96111108,50.0,50.0,50.15,50.46666666666667,50.35,-3.958074069999999,-0.0537037400000031,0.6273333333333326,16.488666666666667,17.433333333333334,21.061111117777777,16.41044444444444,9.195781,9.224494,9.146452,9.101088,9.19958,0,1.0,1,0.75,-0.32,7.2,92.8
2022-10-24 12:15:00,39.645636394442,0.0,0.0,20.96111108,17.433333333333334,50.35,0,5.1764362714980825,70.66250196097344,12,0,10,1.2246467991473532e-16,-1.0,0.0,1.0,-0.8660254037844386,0.5000000000000001,234.5,196.0625,205.89583333333331,6.699999999999999,18.05,94.0,68.25,9.65,9.002608,0.0,15.475,20.92407405,50.0,50.0,50.0,50.15,50.68333333333333,-3.5277777466666684,-0.1129629899999962,0.3173333333333339,17.116,18.356,21.054320986666667,17.012666666666664,9.19958,9.195781,9.224494,9.146452,9.240569,1,2.0,1,0.5,-0.35,7.5,92.5
2022-10-24 12:30:00,384.953490277772,25.498424488888,25.504257672218,20.92407405,18.356,50.68333333333333,1,5.1764362714980825,70.66250196097344,12,0,10,1.2246467991473532e-16,-1.0,0.0,1.0,-0.8660254037844386,0.5000000000000001,288.0,221.6875,214.85416666666663,6.8,18.5,88.0,67.5,9.9,9.163581,0.0,15.95,20.87777779,50.35,50.0,50.0,50.0,51.0,-2.56807405,-0.037037030000004,0.9226666666666644,17.433333333333334,18.78533333333333,20.98641973333333,17.63511111111111,9.240569,9.19958,9.195781,9.224494,9.273305,0,2.0,1,0.5,-0.35,7.6,92.4
2022-10-24 12:45:00,171.667577555552,0.0,0.0,20.87777779,18.78533333333333,51.0,0,5.1764362714980825,70.66250196097344,12,0,10,1.2246467991473532e-16,-1.0,0.0,1.0,-0.8660254037844386,0.5000000000000001,341.5,261.25,225.33333333333331,6.9,18.95,82.0,66.75,10.15,9.3252735,0.0,16.424999999999997,20.76481482,50.68333333333333,50.35,50.0,50.0,51.18333333333333,-2.092444456666666,-0.0462962599999983,0.4293333333333358,18.356,19.42,20.92098764,18.191555555555556,9.273305,9.240569,9.19958,9.195781,9.245677,1,2.0,1,0.5,-0.36,7.8,92.2
2022-10-24 13:00:00,59.609282349994,28.795792572222,28.801070194442,20.76481482,19.42,51.18333333333333,1,5.1764362714980825,70.66250196097344,13,0,10,-0.2588190451025208,-0.9659258262890684,0.0,1.0,-0.8660254037844386,0.5000000000000001,395.0,314.75,237.33333333333331,7.0,19.4,76.0,66.0,10.4,9.487595,0.0,16.9,20.7222222,51.0,50.68333333333333,50.35,50.0,51.5,-1.34481482,-0.1129629699999981,0.6346666666666678,18.78533333333333,20.21066666666667,20.85555555333333,18.853777777777776,9.245677,9.273305,9.240569,9.19958,9.279836,0,2.0,1,0.5,-0.39,8.2,91.8
2022-10-24 13:15:00,37.570441838878,0.0,0.0,20.7222222,20.21066666666667,51.5,0,5.1764362714980825,70.66250196097344,13,0,10,-0.2588190451025208,-0.9659258262890684,0.0,1.0,-0.8660254037844386,0.5000000000000001,407.25,357.9375,251.625,7.025,19.85,66.25,65.5,10.65,9.629669,0.0,17.275,20.844444446666667,51.18333333333333,51.0,50.68333333333333,50.35,51.31666666666667,-0.5115555333333326,-0.0425926200000006,0.7906666666666666,19.42,20.546,20.78827160333333,19.472,9.279836,9.245677,9.273305,9.240569,9.312811,1,2.0,1,0.5,-0.4,8.3,91.7
2022-10-24 13:30:00,65.17100430555,23.32795576111,23.332122294442,20.844444446666667,20.546,51.31666666666667,1,5.1764362714980825,70.66250196097344,13,0,10,-0.2588190451025208,-0.9659258262890684,0.0,1.0,-0.8660254037844386,0.5000000000000001,419.5,390.8125,268.2083333333333,7.05,20.3,56.5,65.0,10.9,9.772655,0.0,17.65,21.31111113,51.5,51.18333333333333,51.0,50.68333333333333,50.75,-0.298444446666668,0.1222222466666664,0.335333333333331,20.21066666666667,20.18533333333333,20.77716048888889,20.058888888888887,9.312811,9.279836,9.245677,9.273305,9.462957,0,2.0,1,0.5,-0.37,7.9,92.1
2022-10-24 13:45:00,382.981346783334,0.0,0.0,21.31111113,20.18533333333333,50.75,0,5.1764362714980825,70.66250196097344,13,0,10,-0.2588190451025208,-0.9659258262890684,0.0,1.0,-0.8660254037844386,0.5000000000000001,431.75,413.375,287.0833333333333,7.074999999999999,20.75,46.75,64.5,11.15,9.916519,0.0,18.025,21.65740741,51.31666666666667,51.5,51.18333333333333,51.0,51.43333333333333,-1.1257777966666644,0.4666666833333295,-0.3606666666666669,20.546,21.15266666666667,20.95925925888889,20.314,9.462957,9.312811,9.279836,9.245677,9.784547,1,2.0,1,0.5,-0.26,6.4,93.6
2022-10-24 14:00:00,650.845076188892,0.0,0.0,21.65740741,21.15266666666667,51.43333333333333,0,5.1764362714980825,70.66250196097344,14,0,10,-0.4999999999999997,-0.8660254037844388,0.0,1.0,-0.8660254037844386,0.5000000000000001,444.0,425.625,308.25,7.1,21.2,37.0,64.0,11.4,10.061232,0.0,18.4,21.73333333,50.75,51.31666666666667,51.5,51.18333333333333,52.55,-0.5047407433333326,0.3462962800000042,0.967333333333336,20.18533333333333,20.562666666666665,21.270987662222225,20.628,9.784547,9.462957,9.312811,9.279836,10.040938,0,3.0,0,0.25,-0.17,5.6,94.4
2022-10-24 14:15:00,572.678758616666,0.0,0.0,21.73333333,20.562666666666665,52.55,0,5.1764362714980825,70.66250196097344,14,0,10,-0.4999999999999997,-0.8660254037844388,0.0,1.0,-0.8660254037844386,0.5000000000000001,444.0,434.8125,329.6041666666667,7.175,20.95,28.25,64.0,11.625,10.211351,0.0,18.65,21.650000013333333,51.43333333333333,50.75,51.31666666666667,51.5,53.0,-1.1706666633333356,0.0759259199999995,-0.5900000000000034,21.15266666666667,20.04733333333333,21.567283956666667,20.63355555555556,10.040938,9.784547,9.462957,9.312811,10.078268,0,3.0,0,0.25,-0.15,5.5,94.5
2022-10-24 14:30:00,49.290528366664,0.0,0.0,21.650000013333333,20.04733333333333,53.0,0,5.1764362714980825,70.66250196097344,14,0,10,-0.4999999999999997,-0.8660254037844388,0.0,1.0,-0.8660254037844386,0.5000000000000001,444.0,440.9375,351.1458333333333,7.25,20.7,19.5,64.0,11.85,10.363402,0.0,18.9,21.60555555,52.55,51.43333333333333,50.75,51.31666666666667,53.0,-1.6026666800000022,-0.0833333166666676,-0.5153333333333343,20.562666666666665,19.962,21.68024691777778,20.587555555555557,10.078268,10.040938,9.784547,9.462957,10.052402,0,4.0,0,0.0,-0.17,5.6,94.4
2022-10-24 14:45:00,51.041291699996,0.0,0.0,21.60555555,19.962,53.0,0,5.1764362714980825,70.66250196097344,14,0,10,-0.4999999999999997,-0.8660254037844388,0.0,1.0,-0.8660254037844386,0.5000000000000001,444.0,444.0,372.875,7.325,20.45,10.750000000000004,64.0,12.075,10.517416,0.0,19.15,21.5592593,53.0,52.55,51.43333333333333,50.75,53.0,-1.643555550000002,-0.0444444633333311,-0.085333333333331,20.04733333333333,19.686,21.662962964444443,20.19066666666666,10.052402,10.078268,10.040938,9.784547,10.025522,0,4.0,0,0.0,-0.18,5.6,94.4
2022-10-24 15:00:00,56.914390049998005,16.200463055556,16.20657396111,21.5592593,19.686,53.0,1,5.1764362714980825,70.66250196097344,15,0,10,-0.7071067811865471,-0.7071067811865479,0.0,1.0,-0.8660254037844386,0.5000000000000001,444.0,444.0,394.7916666666667,7.4,20.2,2.0,64.0,12.3,10.6734085,0.0,19.4,21.51666668,53.0,53.0,52.55,51.43333333333333,52.95,-1.8732593000000008,-0.046296250000001,-0.2759999999999998,19.962,19.566666666666663,21.60493828777778,19.89844444444444,10.025522,10.052402,10.078268,10.040938,9.991413,0,3.0,1,0.25,-0.19,5.7,94.3
2022-10-24 15:15:00,65.209058266664,13.377520444444,13.381409238886,21.51666668,19.566666666666663,52.95,1,5.1764362714980825,70.66250196097344,15,0,10,-0.7071067811865471,-0.7071067811865479,0.0,1.0,-0.8660254037844386,0.5000000000000001,421.0,438.25,410.3333333333333,7.625,20.375,4.25,64.5,12.4,10.740984,0.0,19.375,21.5,53.0,53.0,53.0,52.55,52.71666666666667,-1.9500000133333335,-0.0425926200000006,-0.1193333333333335,19.686,19.582666666666668,21.560493843333333,19.738222222222223,9.991413,10.025522,10.052402,10.078268,9.937794,0,2.0,0,0.5,-0.2,5.8,94.2
2022-10-24 15:30:00,70.227468572222,0.0,0.0,21.5,19.582666666666668,52.71666666666667,0,5.1764362714980825,70.66250196097344,15,0,10,-0.7071067811865471,-0.7071067811865479,0.0,1.0,-0.8660254037844386,0.5000000000000001,398.0,426.75,419.5,7.85,20.55,6.5,65.0,12.5,10.808334,0.0,19.35,21.45555553,52.95,53.0,53.0,53.0,53.0,-1.917333333333332,-0.0166666800000001,0.0160000000000017,19.566666666666663,19.857333333333333,21.52530866,19.611777777777775,9.937794,9.991413,10.025522,10.052402,9.965532,1,2.0,1,0.5,-0.2,5.9,94.1
2022-10-24 15:45:00,68.786415133332,15.489380416666,15.494380299996,21.45555553,19.857333333333333,53.0,1,5.1764362714980825,70.66250196097344,15,0,10,-0.7071067811865471,-0.7071067811865479,0.0,1.0,-0.8660254037844386,0.5000000000000001,375.0,409.5,422.2916666666667,8.075000000000001,20.725,8.75,65.5,12.6,10.875458,0.0,19.325,21.37222221333333,52.71666666666667,52.95,53.0,53.0,53.18333333333333,-1.5982221966666683,-0.0444444699999984,0.2746666666666648,19.582666666666668,19.933333333333334,21.490740736666663,19.668888888888887,9.965532,9.937794,9.991413,10.025522,9.951861,0,1.0,1,0.75,-0.21,5.9,94.1
2022-10-24 16:00:00,54.112557761106,13.296690344444,13.300856911108,21.37222221333333,19.933333333333334,53.18333333333333,1,5.1764362714980825,70.66250196097344,16,0,10,-0.8660254037844385,-0.5000000000000004,0.0,1.0,-0.8660254037844386,0.5000000000000001,352.0,386.5,418.7083333333333,8.3,20.9,11.0,66.0,12.7,10.942362,0.0,19.3,21.28888889,53.0,52.71666666666667,52.95,53.0,53.5,-1.4388888799999968,-0.0833333166666712,0.0760000000000005,19.857333333333333,19.828666666666667,21.44259258111111,19.79111111111111,9.951861,9.965532,9.937794,9.991413,9.962888,0,1.0,0,0.75,-0.23,6.1,93.9
2022-10-24 16:15:00,51.06434634444,0.0,0.0,21.28888889,19.828666666666667,53.5,0,5.1764362714980825,70.66250196097344,16,0,10,-0.8660254037844385,-0.5000000000000004,0.0,1.0,-0.8660254037844386,0.5000000000000001,315.5,360.125,411.0625,8.725000000000001,21.075,24.75,67.75,12.75,11.003075,0.0,18.95,21.18518517,53.18333333333333,53.0,52.71666666666667,52.95,53.68333333333333,-1.4602222233333322,-0.0833333233333313,-0.1046666666666666,19.933333333333334,20.214,21.372222211111108,19.87311111111111,9.962888,9.951861,9.965532,9.937794,9.937082,1,2.0,1,0.5,-0.25,6.3,93.7
2022-10-24 16:30:00,65.89319754999799,27.951104127778,27.95693726111,21.18518517,20.214,53.68333333333333,1,5.1764362714980825,70.66250196097344,16,0,10,-0.8660254037844385,-0.5000000000000004,0.0,1.0,-0.8660254037844386,0.5000000000000001,279.0,330.375,399.3541666666667,9.15,21.25,38.5,69.5,12.8,11.056117,0.0,18.6,21.06666669,53.5,53.18333333333333,53.0,52.71666666666667,54.0,-0.9711851700000018,-0.1037037199999986,0.3853333333333317,19.828666666666667,20.232666666666667,21.282098757777774,19.992,9.937082,9.962888,9.951861,9.965532,9.927172,0,1.0,1,0.75,-0.27,6.6,93.4
2022-10-24 16:45:00,61.399210633332,0.0,0.0,21.06666669,20.232666666666667,54.0,0,5.1764362714980825,70.66250196097344,16,0,10,-0.8660254037844385,-0.5000000000000004,0.0,1.0,-0.8660254037844386,0.5000000000000001,242.5,297.25,383.5833333333333,9.575,21.425,52.25,71.25,12.85,11.101734,0.0,18.25,20.96296297,53.68333333333333,53.5,53.18333333333333,53.0,54.18333333333333,-0.8340000233333313,-0.1185184800000023,0.0186666666666681,20.214,19.832666666666668,21.180246916666665,20.09177777777777,9.927172,9.937082,9.962888,9.951861,9.901046,1,2.0,1,0.5,-0.3,6.9,93.1
2022-10-24 17:00:00,63.378020394442,0.0,0.0,20.96296297,19.832666666666668,54.18333333333333,0,5.1764362714980825,70.66250196097344,17,0,10,-0.9659258262890684,-0.2588190451025206,0.0,1.0,-0.8660254037844386,0.5000000000000001,206.0,260.75,363.75,10.0,21.6,66.0,73.0,12.9,11.14018,0.0,17.9,20.84999998,54.0,53.68333333333333,53.5,53.18333333333333,54.55,-1.1302963033333313,-0.1037037199999986,-0.3999999999999986,20.232666666666667,19.766666666666666,21.07160494333333,20.09311111111111,9.901046,9.927172,9.937082,9.962888,9.902789,0,3.0,0,0.25,-0.32,7.2,92.8
2022-10-24 17:15:00,69.734988288888,30.967927916666,30.974872105554,20.84999998,19.766666666666666,54.55,1,5.1764362714980825,70.66250196097344,17,0,10,-0.9659258262890684,-0.2588190451025206,0.0,1.0,-0.8660254037844386,0.5000000000000001,167.5,223.75,340.7083333333333,10.15,21.425,59.5,75.25,12.85,11.129456,0.0,17.375,20.81296295,54.18333333333333,54.0,53.68333333333333,53.5,54.96666666666667,-1.083333313333334,-0.1129629899999997,-0.0660000000000025,19.832666666666668,19.602,20.959876546666667,19.944,9.902789,9.901046,9.927172,9.937082,9.956952,0,2.0,1,0.5,-0.35,7.5,92.5
2022-10-24 17:30:00,51.362389955552,0.0,0.0,20.81296295,19.602,54.96666666666667,0,5.1764362714980825,70.66250196097344,17,0,10,-0.9659258262890684,-0.2588190451025206,0.0,1.0,-0.8660254037844386,0.5000000000000001,129.0,186.25,314.4583333333333,10.3,21.25,53.0,77.5,12.8,11.10735,0.0,16.85,20.76666669,54.55,54.18333333333333,54.0,53.68333333333333,55.0,-1.2109629500000023,-0.0370370300000004,-0.1646666666666689,19.766666666666666,19.336666666666662,20.875308633333333,19.73377777777777,9.956952,9.902789,9.901046,9.927172,9.936181,1,3.0,1,0.25,-0.36,7.6,92.4
2022-10-24 17:45:00,48.47556098333,0.0,0.0,20.76666669,19.336666666666662,55.0,0,5.1764362714980825,70.66250196097344,17,0,10,-0.9659258262890684,-0.2588190451025206,0.0,1.0,-0.8660254037844386,0.5000000000000001,90.5,148.25,285.0,10.45,21.075,46.5,79.75,12.75,11.074497,0.0,16.325,20.67407410666667,54.96666666666667,54.55,54.18333333333333,54.0,55.18333333333333,-1.430000023333335,-0.0462962599999983,-0.2653333333333307,19.602,18.992,20.80987654,19.56844444444444,9.936181,9.956952,9.902789,9.901046,9.915698,0,3.0,0,0.25,-0.37,7.8,92.2
2022-10-24 18:00:00,74.894504149998,25.946184344444,25.951739738886,20.67407410666667,18.992,55.18333333333333,1,5.1764362714980825,70.66250196097344,18,0,10,-1.0,-1.8369701987210294e-16,0.0,1.0,-0.8660254037844386,0.5000000000000001,52.0,109.75,252.33333333333331,10.6,20.9,40.0,82.0,12.7,11.031498,0.0,15.8,20.6666667,55.0,54.96666666666667,54.55,54.18333333333333,55.15,-1.6820741066666685,-0.0925925833333316,-0.3446666666666651,19.336666666666662,18.59733333333333,20.75123458222222,19.31022222222222,9.915698,9.936181,9.956952,9.902789,9.905434,0,2.0,1,0.5,-0.39,8.1,91.9
2022-10-24 18:15:00,69.904425894446,0.0,0.0,20.6666667,18.59733333333333,55.15,0,5.1764362714980825,70.66250196097344,18,0,10,-1.0,-1.8369701987210294e-16,0.0,1.0,-0.8660254037844386,0.5000000000000001,39.0,77.625,220.5,10.025,20.625,30.75,83.25,12.8,11.115195,0.0,15.675,20.64629631333333,55.18333333333333,55.0,54.96666666666667,54.55,55.18333333333333,-2.069333366666669,-0.0074074066666689,-0.3946666666666694,18.992,18.31533333333333,20.70246916555556,18.97533333333333,9.905434,9.915698,9.936181,9.956952,9.899663,1,3.0,1,0.25,-0.39,8.2,91.8
2022-10-24 18:30:00,58.231004049998,17.3534725,17.357916805554,20.64629631333333,18.31533333333333,55.18333333333333,1,5.1764362714980825,70.66250196097344,18,0,10,-1.0,-1.8369701987210294e-16,0.0,1.0,-0.8660254037844386,0.5000000000000001,26.0,51.875,189.5,9.45,20.35,21.5,84.5,12.9,11.19692,0.0,15.55,20.61666666,55.15,55.18333333333333,55.0,54.96666666666667,55.5,-2.330962979999999,-0.0203703866666664,-0.2819999999999965,18.59733333333333,18.082,20.66234570666667,18.634888888888888,9.899663,9.905434,9.915698,9.936181,9.939299,0,2.0,1,0.5,-0.4,8.3,91.7
2022-10-24 18:45:00,444.205564366668,21.953010711112,21.959121616666,20.61666666,18.082,55.5,1,5.1764362714980825,70.66250196097344,18,0,10,-1.0,-1.8369701987210294e-16,0.0,1.0,-0.8660254037844386,0.5000000000000001,13.0,32.5,159.33333333333334,8.875,20.075,12.25,85.75,13.0,11.276692,0.0,15.425,20.622222256666667,55.18333333333333,55.15,55.18333333333333,55.0,55.5,-2.534666659999999,-0.029629653333334,-0.2333333333333342,18.31533333333333,17.714,20.643209891111116,18.33155555555556,9.939299,9.899663,9.905434,9.915698,9.942517,0,1.0,0,0.75,-0.4,8.3,91.7
2022-10-24 19:00:00,50.878520311112,0.0,0.0,20.622222256666667,17.714,55.5,0,5.1764362714980825,70.66250196097344,19,0,10,-0.9659258262890684,0.2588190451025203,0.0,1.0,-0.8660254037844386,0.5000000000000001,0.0,19.5,130.0,8.3,19.8,3.0,87.0,13.1,11.354534,0.0,15.3,20.5555556,55.5,55.18333333333333,55.15,55.18333333333333,55.85,-2.9082222566666687,0.0055555966666673,-0.3680000000000021,18.082,17.522666666666666,20.628395076666667,18.037111111111116,9.942517,9.939299,9.899663,9.905434,9.966414,1,2.0,1,0.5,-0.4,8.3,91.7
2022-10-24 19:15:00,82.935293672218,36.254938644444,36.260771794442,20.5555556,17.522666666666666,55.85,1,5.1764362714980825,70.66250196097344,19,0,10,-0.9659258262890684,0.2588190451025203,0.0,1.0,-0.8660254037844386,0.5000000000000001,0.0,9.75,103.70833333333331,7.75,18.175,27.25,87.75,13.3,11.469826,0.0,15.325,20.57592595,55.5,55.5,55.18333333333333,55.15,56.0,-3.032888933333336,-0.0666666566666656,-0.1913333333333327,17.714,17.299333333333333,20.59814817222222,17.772888888888886,9.966414,9.942517,9.939299,9.899663,10.005055,0,1.0,1,0.75,-0.41,8.6,91.4
2022-10-24 19:30:00,64.598249349998,0.0,0.0,20.57592595,17.299333333333333,56.0,0,5.1764362714980825,70.66250196097344,19,0,10,-0.9659258262890684,0.2588190451025203,0.0,1.0,-0.8660254037844386,0.5000000000000001,0.0,3.25,80.45833333333333,7.2,16.55,51.5,88.5,13.5,11.585444,0.0,15.35,20.56666669,55.85,55.5,55.5,55.18333333333333,56.05,-3.276592616666669,0.0203703500000003,-0.2233333333333327,17.522666666666666,17.087333333333333,20.584567935555555,17.512,10.005055,9.966414,9.942517,9.939299,10.008584,1,2.0,1,0.5,-0.41,8.5,91.5
2022-10-24 19:45:00,58.251281005554,0.0,0.0,20.56666669,17.087333333333333,56.05,0,5.1764362714980825,70.66250196097344,19,0,10,-0.9659258262890684,0.2588190451025203,0.0,1.0,-0.8660254037844386,0.5000000000000001,0.0,0.0,60.25,6.65,14.925,75.75,89.25,13.7,11.701381,0.0,15.375,20.503703706666663,56.0,55.85,55.5,55.5,56.46666666666667,-3.4793333566666647,-0.0092592600000038,-0.2119999999999997,17.299333333333333,16.909333333333333,20.56604941333333,17.30311111111111,10.008584,10.005055,9.966414,9.942517,10.046037,0,3.0,0,0.25,-0.41,8.5,91.5
2022-10-24 20:00:00,78.969618972218,36.319380533332,36.324102594442,20.503703706666663,16.909333333333333,56.46666666666667,1,5.1764362714980825,70.66250196097344,20,0,10,-0.8660254037844386,0.5000000000000001,0.0,1.0,-0.8660254037844386,0.5000000000000001,0.0,0.0,43.083333333333336,6.1,13.3,100.0,90.0,13.9,11.817641,0.0,15.4,20.53333336,56.05,56.0,55.85,55.5,56.5,-3.5943703733333336,-0.0629629833333318,-0.1780000000000008,17.087333333333333,16.887999999999998,20.54876544888889,17.098666666666666,10.046037,10.008584,10.005055,9.966414,10.069352,0,2.0,1,0.5,-0.42,8.7,91.3
2022-10-24 20:15:00,56.304692338882,0.0,0.0,20.53333336,16.887999999999998,56.5,0,5.1764362714980825,70.66250196097344,20,0,10,-0.8660254037844386,0.5000000000000001,0.0,1.0,-0.8660254037844386,0.5000000000000001,0.0,0.0,29.125,5.65,12.05,100.0,90.25,13.975,11.904548,0.0,15.475,20.503703706666663,56.46666666666667,56.05,56.0,55.85,56.68333333333333,-3.645333359999999,0.0296296533333304,-0.0213333333333345,16.909333333333333,16.887333333333334,20.53456791888889,16.961555555555552,10.069352,10.046037,10.008584,10.005055,10.084583,1,3.0,1,0.25,-0.41,8.6,91.4
2022-10-24 20:30:00,75.732248272226,24.032927511112,24.037649588888,20.503703706666663,16.887333333333334,56.68333333333333,1,5.1764362714980825,70.66250196097344,20,0,10,-0.8660254037844386,0.5000000000000001,0.0,1.0,-0.8660254037844386,0.5000000000000001,0.0,0.0,18.375,5.199999999999999,10.8,100.0,90.5,14.05,11.991967,0.0,15.55,20.5,56.5,56.46666666666667,56.05,56.0,57.0,-3.616370373333332,-0.0296296533333304,-0.0006666666666639,16.887999999999998,16.776666666666664,20.51358025777778,16.894888888888886,10.084583,10.069352,10.046037,10.008584,10.138731,0,2.0,1,0.5,-0.42,8.7,91.3
2022-10-24 20:45:00,70.010810638886,11.442320072222,11.446486655552,20.5,16.776666666666664,57.0,1,5.1764362714980825,70.66250196097344,20,0,10,-0.8660254037844386,0.5000000000000001,0.0,1.0,-0.8660254037844386,0.5000000000000001,0.0,0.0,10.833333333333334,4.75,9.55,100.0,90.75,14.125,12.079902,0.0,15.625,20.479629613333334,56.68333333333333,56.5,56.46666666666667,56.05,57.0,-3.723333333333336,-0.0037037066666663,-0.1106666666666704,16.887333333333334,16.686666666666667,20.51234568888889,16.850666666666665,10.138731,10.084583,10.069352,10.046037,10.12669,0,1.0,0,0.75,-0.42,8.7,91.3
2022-10-24 21:00:00,65.6432075,0.0,0.0,20.479629613333334,16.686666666666667,57.0,0,5.1764362714980825,70.66250196097344,21,0,10,-0.7071067811865477,0.7071067811865474,0.0,1.0,-0.8660254037844386,0.5000000000000001,0.0,0.0,6.5,4.3,8.3,100.0,91.0,14.2,12.16836,0.0,15.7,20.44999996,57.0,56.68333333333333,56.5,56.46666666666667,57.05,-3.792962946666666,-0.0203703866666664,-0.0899999999999963,16.776666666666664,16.628666666666668,20.49444444,16.783555555555555,10.12669,10.138731,10.084583,10.069352,10.118065,1,2.0,1,0.5,-0.42,8.8,91.2
2022-10-24 21:15:00,80.189292366664,37.387393344444,37.392670966664,20.44999996,16.628666666666668,57.05,1,5.1764362714980825,70.66250196097344,21,0,10,-0.7071067811865477,0.7071067811865474,0.0,1.0,-0.8660254037844386,0.5000000000000001,0.0,0.0,3.25,4.875,8.825000000000001,98.75,90.75,14.1,12.09822,0.0,15.65,20.496296293333334,57.0,57.0,56.68333333333333,56.5,57.46666666666667,-3.821333293333332,-0.029629653333334,-0.0579999999999998,16.686666666666667,16.576666666666664,20.47654319111111,16.697333333333333,10.118065,10.12669,10.138731,10.084583,10.219528,0,1.0,1,0.75,-0.43,8.9,91.1
2022-10-24 21:30:00,50.499091088888,0.0,0.0,20.496296293333334,16.576666666666664,57.46666666666667,0,5.1764362714980825,70.66250196097344,21,0,10,-0.7071067811865477,0.7071067811865474,0.0,1.0,-0.8660254037844386,0.5000000000000001,0.0,0.0,1.0833333333333333,5.449999999999999,9.35,97.5,90.5,14.0,12.028382,0.0,15.6,20.46111108,57.05,57.0,57.0,56.68333333333333,57.5,-3.919629626666669,0.0462963333333341,-0.0520000000000031,16.628666666666668,16.454666666666665,20.475308622222222,16.630666666666666,10.219528,10.118065,10.12669,10.138731,10.204487,1,2.0,1,0.5,-0.42,8.6,91.4
2022-10-24 21:45:00,102.218411216662,27.469178972222,27.473623327774,20.46111108,16.454666666666665,57.5,1,5.1764362714980825,70.66250196097344,21,0,10,-0.7071067811865477,0.7071067811865474,0.0,1.0,-0.8660254037844386,0.5000000000000001,0.0,0.0,0.0,6.025,9.875,96.25,90.25,13.9,11.95884,0.0,15.55,20.46481478666667,57.46666666666667,57.05,57.0,57.0,57.5,-4.0064444133333375,-0.0351852133333316,-0.1219999999999998,16.576666666666664,16.256,20.469135777777776,16.55333333333333,10.204487,10.219528,10.118065,10.12669,10.206695,0,2.0,1,0.5,-0.43,8.8,91.2
2022-10-24 22:00:00,88.621177277776,17.001264355556,17.004319849997998,20.46481478666667,16.256,57.5,1,5.1764362714980825,70.66250196097344,22,0,10,-0.5000000000000004,0.8660254037844384,0.0,1.0,-0.8660254037844386,0.5000000000000001,0.0,0.0,0.0,6.6,10.4,95.0,90.0,13.8,11.889595,0.0,15.5,20.45555553,57.5,57.46666666666667,57.05,57.0,57.55,-4.208814786666668,0.0037037066666663,-0.1986666666666643,16.454666666666665,16.186666666666667,20.474074053333336,16.42911111111111,10.206695,10.204487,10.219528,10.118065,10.210052,0,1.0,0,0.75,-0.43,8.8,91.2
2022-10-24 22:15:00,83.991362427778,0.0,0.0,20.45555553,16.186666666666667,57.55,0,5.1764362714980825,70.66250196097344,22,0,10,-0.5000000000000004,0.8660254037844384,0.0,1.0,-0.8660254037844386,0.5000000000000001,0.0,0.0,0.0,7.15,11.5,80.25,90.75,13.75,11.843954,0.0,15.3,20.3925926,57.5,57.5,57.46666666666667,57.05,57.96666666666667,-4.268888863333334,-0.0092592566666667,-0.0693333333333328,16.256,16.088666666666665,20.46049379888889,16.299111111111106,10.210052,10.206695,10.204487,10.219528,10.246253,1,2.0,1,0.5,-0.43,8.8,91.2
2022-10-24 22:30:00,78.212427011108,0.0,0.0,20.3925926,16.088666666666665,57.96666666666667,0,5.1764362714980825,70.66250196097344,22,0,10,-0.5000000000000004,0.8660254037844384,0.0,1.0,-0.8660254037844386,0.5000000000000001,0.0,0.0,0.0,7.7,12.6,65.5,91.5,13.7,11.797452,0.0,15.1,20.3888889,57.55,57.5,57.5,57.46666666666667,58.0,-4.303925933333336,-0.0629629300000012,-0.0980000000000025,16.186666666666667,15.955333333333332,20.43765430555556,16.17711111111111,10.246253,10.210052,10.206695,10.204487,10.249927,0,2.0,0,0.5,-0.44,9.0,91.0
2022-10-24 22:45:00,91.525505599996,25.150938372222,25.155382694442,20.3888889,15.955333333333332,58.0,1,5.1764362714980825,70.66250196097344,22,0,10,-0.5000000000000004,0.8660254037844384,0.0,1.0,-0.8660254037844386,0.5000000000000001,0.0,0.0,0.0,8.25,13.7,50.75,92.25,13.65,11.7501135,0.0,14.9,20.3888889,57.96666666666667,57.55,57.5,57.5,58.0,-4.433555566666669,-0.003703699999999,-0.1333333333333328,16.088666666666665,15.868571428571428,20.412345676666664,16.076888888888888,10.249927,10.246253,10.210052,10.206695,10.249927,0,2.0,1,0.5,-0.44,9.1,90.9
2022-10-24 23:00:00,55.250567688888,0.0,0.0,20.3888889,15.868571428571428,58.0,0,5.1764362714980825,70.66250196097344,23,0,10,-0.2588190451025215,0.965925826289068,0.0,1.0,-0.8660254037844386,0.5000000000000001,0.0,0.0,0.0,8.8,14.8,36.0,93.0,13.6,11.701966,0.0,14.7,20.3888889,58.0,57.96666666666667,57.55,57.5,58.0,-4.520317471428573,0.0,-0.0867619047619037,15.955333333333332,15.82642857142857,20.39012346666667,15.970857142857142,10.249927,10.249927,10.246253,10.210052,10.249927,1,3.0,1,0.25,-0.44,9.1,90.9
2022-10-24 23:15:00,75.05422004444,25.608420072222,25.611197794442,20.3888889,15.82642857142857,58.0,1,5.1764362714980825,70.66250196097344,23,0,10,-0.2588190451025215,0.965925826289068,0.0,1.0,-0.8660254037844386,0.5000000000000001,0.0,0.0,0.0,8.075000000000001,14.8,32.75,93.5,13.525,11.657547,0.0,14.55,20.3888889,58.0,58.0,57.96666666666667,57.55,58.0,-4.562460328571431,0.0,-0.0421428571428581,15.868571428571428,15.82,20.3888889,15.883444444444445,10.249927,10.249927,10.249927,10.246253,10.249927,0,2.0,1,0.5,-0.44,9.1,90.9
2022-10-24 23:30:00,63.383020111112,0.0,0.0,20.3888889,15.82,58.0,0,5.1764362714980825,70.66250196097344,23,0,10,-0.2588190451025215,0.965925826289068,0.0,1.0,-0.8660254037844386,0.5000000000000001,0.0,0.0,0.0,7.35,14.8,29.5,94.0,13.45,11.612833,0.0,14.4,20.38333334,58.0,58.0,58.0,57.96666666666667,58.0,-4.568888900000001,0.0,-0.0064285714285698,15.82642857142857,15.729333333333331,20.3888889,15.838333333333331,10.249927,10.249927,10.249927,10.249927,10.246603,1,2.0,1,0.5,-0.44,9.1,90.9
2022-10-24 23:45:00,69.186399066668,0.0,0.0,20.38333334,15.729333333333331,58.0,0,5.1764362714980825,70.66250196097344,23,0,10,-0.2588190451025215,0.965925826289068,0.0,1.0,-0.8660254037844386,0.5000000000000001,0.0,0.0,0.0,6.625,14.8,26.25,94.5,13.375,11.567836,0.0,14.25,20.33827157555556,58.0,58.0,58.0,58.0,58.0,-4.654000006666667,-0.0055555600000012,-0.0906666666666673,15.82,15.697777777777778,20.387037046666663,15.791920634920634,10.246603,10.249927,10.249927,10.249927,10.219678,0,3.0,0,0.25,-0.44,9.1,90.9
2022-10-25 00:00:00,54.99391123889,13.885833427778,13.88750006111,20.33827157555556,15.697777777777778,58.0,1,5.1764362714980825,70.66250196097344,0,1,10,0.0,1.0,0.7818314824680298,0.6234898018587336,-0.8660254037844386,0.5000000000000001,0.0,0.0,0.0,5.9,14.8,23.0,95.0,13.3,11.522565,0.0,14.1,20.367460311428573,58.0,58.0,58.0,58.0,58.36071428571428,-4.640493797777777,-0.0450617644444442,-0.0315555555555544,15.729333333333331,15.769285714285717,20.370164605185185,15.749037037037036,10.219678,10.246603,10.249927,10.249927,10.30078,0,2.0,1,0.5,-0.45,9.3,90.7
2022-10-25 00:15:00,184.635392105554,0.0,0.0,20.367460311428573,15.769285714285717,58.36071428571428,0,5.1764362714980825,70.66250196097344,0,1,10,0.0,1.0,0.7818314824680298,0.6234898018587336,-0.8660254037844386,0.5000000000000001,0.0,0.0,0.0,5.775,13.45,27.25,95.25,13.15,11.411867,0.0,13.9,20.337037006666662,58.0,58.0,58.0,58.0,58.5,-4.598174597142858,0.0291887358730171,0.0715079365079365,15.697777777777778,16.000666666666667,20.363021742328044,15.732132275132273,10.30078,10.219678,10.246603,10.249927,10.307035,1,3.0,1,0.25,-0.44,9.1,90.9
2022-10-25 00:30:00,281.674010438886,28.171095311112,28.176372933332,20.337037006666662,16.000666666666667,58.5,1,5.1764362714980825,70.66250196097344,0,1,10,0.0,1.0,0.7818314824680298,0.6234898018587336,-0.8660254037844386,0.5000000000000001,0.0,0.0,0.0,5.65,12.1,31.5,95.5,13.0,11.301932,0.0,13.7,20.37222222,58.36071428571428,58.0,58.0,58.0,58.55,-4.336370339999998,-0.0304233047619071,0.2313809523809524,15.769285714285717,16.151333333333334,20.34758963121693,15.822576719576722,10.307035,10.30078,10.219678,10.246603,10.337061,0,2.0,1,0.5,-0.45,9.2,90.8
2022-10-25 00:45:00,52.114859938882,0.0,0.0,20.37222222,16.151333333333334,58.55,0,5.1764362714980825,70.66250196097344,0,1,10,0.0,1.0,0.7818314824680298,0.6234898018587336,-0.8660254037844386,0.5000000000000001,0.0,0.0,0.0,5.525,10.75,35.75,95.75,12.85,11.192759,0.0,13.5,20.36851851333333,58.5,58.36071428571428,58.0,58.0,58.96666666666667,-4.220888886666668,0.0351852133333352,0.150666666666666,16.000666666666667,16.384,20.35890651269841,15.973761904761906,10.337061,10.307035,10.30078,10.219678,10.408373,1,2.0,1,0.5,-0.44,9.1,90.9
2022-10-25 01:00:00,67.173979616666,12.252009883334,12.25506536111,20.36851851333333,16.384,58.96666666666667,1,5.1764362714980825,70.66250196097344,1,1,10,0.2588190451025207,0.9659258262890684,0.7818314824680298,0.6234898018587336,-0.8660254037844386,0.5000000000000001,0.0,0.0,0.0,5.4,9.4,40.0,96.0,12.7,11.084346,0.0,13.3,20.3333333,58.55,58.5,58.36071428571428,58.0,59.0,-3.9845185133333354,-0.0037037066666663,0.2326666666666668,16.151333333333334,16.296666666666667,20.359259246666667,16.17866666666667,10.408373,10.337061,10.307035,10.30078,10.39288,0,2.0,1,0.5,-0.44,9.0,91.0
2022-10-25 01:15:00,82.703913977776,18.793970444444,18.797303677776,20.3333333,16.296666666666667,59.0,1,5.1764362714980825,70.66250196097344,1,1,10,0.2588190451025207,0.9659258262890684,0.7818314824680298,0.6234898018587336,-0.8660254037844386,0.5000000000000001,0.0,0.0,0.0,5.075,8.85,47.25,95.5,12.75,11.129166,0.0,13.45,20.3333333,58.96666666666667,58.55,58.5,58.36071428571428,59.0,-4.036666633333333,-0.0351852133333352,-0.0873333333333334,16.384,16.088,20.358024677777777,16.27733333333333,10.39288,10.408373,10.337061,10.307035,10.39288,0,1.0,0,0.75,-0.45,9.2,90.8
2022-10-25 01:30:00,51.480996461102,0.0,0.0,20.3333333,16.088,59.0,0,5.1764362714980825,70.66250196097344,1,1,10,0.2588190451025207,0.9659258262890684,0.7818314824680298,0.6234898018587336,-0.8660254037844386,0.5000000000000001,0.0,0.0,0.0,4.75,8.3,54.5,95.0,12.8,11.173739,0.0,13.6,20.3333333,59.0,58.96666666666667,58.55,58.5,59.05,-4.245333299999999,0.0,-0.2086666666666659,16.296666666666667,16.156,20.345061704444447,16.25622222222222,10.39288,10.39288,10.408373,10.337061,10.401689,1,2.0,1,0.5,-0.45,9.2,90.8
2022-10-25 01:45:00,65.685428211104,26.721986611112,26.72754202222,20.3333333,16.156,59.05,1,5.1764362714980825,70.66250196097344,1,1,10,0.2588190451025207,0.9659258262890684,0.7818314824680298,0.6234898018587336,-0.8660254037844386,0.5000000000000001,0.0,0.0,0.0,4.425,7.75,61.75,94.5,12.85,11.218055,0.0,13.75,20.3333333,59.0,59.0,58.96666666666667,58.55,59.28333333333333,-4.177333300000001,0.0,0.0679999999999978,16.088,16.18,20.3333333,16.180222222222223,10.401689,10.39288,10.39288,10.408373,10.44279,0,1.0,1,0.75,-0.45,9.2,90.8
2022-10-25 02:00:00,55.654440633324,0.0,0.0,20.3333333,16.18,59.28333333333333,0,5.1764362714980825,70.66250196097344,2,1,10,0.4999999999999999,0.8660254037844387,0.7818314824680298,0.6234898018587336,-0.8660254037844386,0.5000000000000001,0.0,0.0,0.0,4.1,7.2,69.0,94.0,12.9,11.262106,0.0,13.9,20.3,59.05,59.0,59.0,58.96666666666667,59.05,-4.1533333,0.0,0.0240000000000009,16.156,16.06533333333333,20.3333333,16.141333333333332,10.44279,10.401689,10.39288,10.39288,10.381456,1,2.0,1,0.5,-0.45,9.2,90.8
2022-10-25 02:15:00,81.76645162777,26.46671903889,26.471718888888,20.3,16.06533333333333,59.05,1,5.1764362714980825,70.66250196097344,2,1,10,0.4999999999999999,0.8660254037844387,0.7818314824680298,0.6234898018587336,-0.8660254037844386,0.5000000000000001,0.0,0.0,0.0,4.449999999999999,7.3,76.75,94.5,12.75,11.166391,0.0,13.675,20.32979795,59.28333333333333,59.05,59.0,59.0,59.26818181818182,-4.234666666666669,-0.0333332999999989,-0.1146666666666682,16.18,15.847272727272726,20.3222222,16.133777777777777,10.381456,10.44279,10.401689,10.39288,10.437964,0,2.0,1,0.5,-0.46,9.3,90.7
2022-10-25 02:30:00,45.137361299992,0.0,0.0,20.32979795,15.847272727272726,59.26818181818182,0,5.1764362714980825,70.66250196097344,2,1,10,0.4999999999999999,0.8660254037844387,0.7818314824680298,0.6234898018587336,-0.8660254037844386,0.5000000000000001,0.0,0.0,0.0,4.8,7.4,84.5,95.0,12.6,11.070898,0.0,13.45,20.2902777875,59.05,59.28333333333333,59.05,59.0,59.325,-4.482525222727274,0.0297979499999989,-0.2180606060606056,16.06533333333333,15.415833333333332,20.32104375,16.030868686868683,10.437964,10.381456,10.44279,10.401689,10.423881,1,2.0,1,0.5,-0.45,9.2,90.8
2022-10-25 02:45:00,65.403494938886,24.92039206111,24.925114155552,20.2902777875,15.415833333333332,59.325,1,5.1764362714980825,70.66250196097344,2,1,10,0.4999999999999999,0.8660254037844387,0.7818314824680298,0.6234898018587336,-0.8660254037844386,0.5000000000000001,0.0,0.0,0.0,5.15,7.5,92.25,95.5,12.45,10.975648,0.0,13.225,20.29814815,59.26818181818182,59.05,59.28333333333333,59.05,59.21666666666667,-4.874444454166666,-0.0395201625000005,-0.4314393939393923,15.847272727272726,15.083333333333334,20.3066919125,15.776146464646464,10.423881,10.437964,10.381456,10.44279,10.409629,0,2.0,1,0.5,-0.46,9.4,90.6
2022-10-25 03:00:00,43.795748233328,0.0,0.0,20.29814815,15.083333333333334,59.21666666666667,0,5.1764362714980825,70.66250196097344,3,1,10,0.7071067811865476,0.7071067811865476,0.7818314824680298,0.6234898018587336,-0.8660254037844386,0.5000000000000001,0.0,0.0,0.0,5.5,7.6,100.0,96.0,12.3,10.880644,0.0,13.0,20.29444445,59.325,59.26818181818182,59.05,59.28333333333333,59.15,-5.2148148166666655,0.0078703625000002,-0.3324999999999996,15.415833333333332,14.935333333333334,20.306074629166663,15.44881313131313,10.409629,10.423881,10.437964,10.381456,10.395663,1,2.0,1,0.5,-0.46,9.3,90.7
2022-10-25 03:15:00,75.93251832777,29.8413063,29.848250555552,20.29444445,14.935333333333334,59.15,1,5.1764362714980825,70.66250196097344,3,1,10,0.7071067811865476,0.7071067811865476,0.7818314824680298,0.6234898018587336,-0.8660254037844386,0.5000000000000001,0.0,0.0,0.0,5.75,8.575,78.25,95.25,12.575,11.048789,0.0,13.375,20.2777778,59.21666666666667,59.325,59.26818181818182,59.05,59.0,-5.359111116666666,-0.003703699999999,-0.1479999999999997,15.083333333333334,14.758666666666668,20.294290129166665,15.144833333333333,10.395663,10.409629,10.423881,10.437964,10.359207,0,2.0,1,0.5,-0.46,9.4,90.6
2022-10-25 03:30:00,65.68848343889,0.0,0.0,20.2777778,14.758666666666668,59.0,0,5.1764362714980825,70.66250196097344,3,1,10,0.7071067811865476,0.7071067811865476,0.7818314824680298,0.6234898018587336,-0.8660254037844386,0.5000000000000001,0.0,0.0,0.0,6.0,9.55,56.5,94.5,12.85,11.218055,0.0,13.75,20.27222224,59.15,59.21666666666667,59.325,59.26818181818182,59.0,-5.5191111333333325,-0.0166666500000012,-0.1766666666666676,14.935333333333334,14.590666666666667,20.290123466666667,14.925777777777776,10.359207,10.395663,10.409629,10.423881,10.3558445,1,2.0,1,0.5,-0.46,9.5,90.5
2022-10-25 03:45:00,60.16703772222,0.0,0.0,20.27222224,14.590666666666667,59.0,0,5.1764362714980825,70.66250196097344,3,1,10,0.7071067811865476,0.7071067811865476,0.7818314824680298,0.6234898018587336,-0.8660254037844386,0.5000000000000001,0.0,0.0,0.0,6.25,10.525,34.75,93.75,13.125,11.388407,0.0,14.125,20.246296293333334,59.0,59.15,59.21666666666667,59.325,59.0,-5.681555573333334,-0.0055555599999976,-0.1679999999999992,14.758666666666668,14.658,20.281481496666668,14.761555555555557,10.3558445,10.359207,10.395663,10.409629,10.340163,0,3.0,0,0.25,-0.46,9.5,90.5
2022-10-25 04:00:00,73.196238799996,27.113915383334,27.119192988888,20.246296293333334,14.658,59.0,1,5.1764362714980825,70.66250196097344,4,1,10,0.8660254037844386,0.5000000000000001,0.7818314824680298,0.6234898018587336,-0.8660254037844386,0.5000000000000001,0.0,0.0,0.0,6.5,11.5,13.0,93.0,13.4,11.559809,0.0,14.5,20.2777778,59.0,59.0,59.15,59.21666666666667,58.95,-5.588296293333334,-0.0259259466666677,0.0673333333333321,14.590666666666667,14.588,20.26543211111111,14.669111111111109,10.340163,10.3558445,10.359207,10.395663,10.35043,0,2.0,1,0.5,-0.47,9.6,90.4
2022-10-25 04:15:00,47.676704172214,0.0,0.0,20.2777778,14.588,58.95,0,5.1764362714980825,70.66250196097344,4,1,10,0.8660254037844386,0.5000000000000001,0.7818314824680298,0.6234898018587336,-0.8660254037844386,0.5000000000000001,0.0,0.0,0.0,6.65,11.425,11.25,93.75,13.3,11.493624,0.0,14.275,20.2777778,59.0,59.0,59.0,59.15,58.53333333333333,-5.6897778,0.0314815066666653,-0.0700000000000002,14.658,14.531333333333333,20.265432111111117,14.61222222222222,10.35043,10.340163,10.3558445,10.359207,10.27727,1,3.0,1,0.25,-0.46,9.5,90.5
2022-10-25 04:30:00,76.54443818333,32.234266144444,32.239265994442,20.2777778,14.531333333333333,58.53333333333333,1,5.1764362714980825,70.66250196097344,4,1,10,0.8660254037844386,0.5000000000000001,0.7818314824680298,0.6234898018587336,-0.8660254037844386,0.5000000000000001,0.0,0.0,0.0,6.8,11.35,9.5,94.5,13.2,11.426805,0.0,14.05,20.27222224,58.95,59.0,59.0,59.0,58.5,-5.7464444666666665,0.0,-0.0566666666666666,14.588,14.332666666666666,20.267283964444445,14.592444444444444,10.27727,10.35043,10.340163,10.3558445,10.268083,0,2.0,1,0.5,-0.46,9.5,90.5
2022-10-25 04:45:00,67.75062336666,0.0,0.0,20.27222224,14.332666666666666,58.5,0,5.1764362714980825,70.66250196097344,4,1,10,0.8660254037844386,0.5000000000000001,0.7818314824680298,0.6234898018587336,-0.8660254037844386,0.5000000000000001,0.0,0.0,0.0,6.949999999999999,11.275,7.75,95.25,13.1,11.35937,0.0,13.825,20.225925906666667,58.53333333333333,58.95,59.0,59.0,58.5,-5.939555573333335,-0.0055555599999976,-0.1986666666666661,14.531333333333333,14.206666666666669,20.275925946666668,14.483999999999996,10.268083,10.27727,10.35043,10.340163,10.240336,1,2.0,1,0.5,-0.47,9.5,90.5
2022-10-25 05:00:00,73.569557233328,23.716829088888,23.720717849998,20.225925906666667,14.206666666666669,58.5,1,5.1764362714980825,70.66250196097344,5,1,10,0.9659258262890684,0.2588190451025207,0.7818314824680298,0.6234898018587336,-0.8660254037844386,0.5000000000000001,0.0,0.0,0.0,7.1,11.2,6.0,96.0,13.0,11.291358,0.0,13.6,20.2222222,58.5,58.53333333333333,58.95,59.0,58.5,-6.01925924,-0.0462963333333341,-0.1259999999999994,14.332666666666666,14.298666666666666,20.258641982222223,14.356888888888887,10.240336,10.268083,10.27727,10.35043,10.238118,0,2.0,1,0.5,-0.48,9.8,90.2
2022-10-25 05:15:00,51.156564972214,12.911705727778,12.916150066664,20.2222222,14.298666666666666,58.5,1,5.1764362714980825,70.66250196097344,5,1,10,0.9659258262890684,0.2588190451025207,0.7818314824680298,0.6234898018587336,-0.8660254037844386,0.5000000000000001,0.0,0.0,0.0,6.324999999999999,10.825,11.0,96.25,13.15,11.390691,0.0,13.7,20.2222222,58.5,58.5,58.53333333333333,58.95,58.5,-5.923555533333335,-0.0037037066666663,0.0919999999999987,14.206666666666669,14.373333333333331,20.24012344888889,14.279333333333332,10.238118,10.240336,10.268083,10.27727,10.238118,0,1.0,0,0.75,-0.48,9.8,90.2
2022-10-25 05:30:00,81.235361588888,30.5229457,30.527112249998,20.2222222,14.373333333333331,58.5,1,5.1764362714980825,70.66250196097344,5,1,10,0.9659258262890684,0.2588190451025207,0.7818314824680298,0.6234898018587336,-0.8660254037844386,0.5000000000000001,0.0,0.0,0.0,5.55,10.45,16.0,96.5,13.3,11.4907675,0.0,13.8,20.2222222,58.5,58.5,58.5,58.53333333333333,58.5,-5.848888866666668,0.0,0.0746666666666673,14.298666666666666,14.439333333333334,20.22345676888889,14.292888888888887,10.238118,10.238118,10.240336,10.268083,10.238118,0,1.0,0,0.75,-0.48,9.8,90.2
2022-10-25 05:45:00,61.76752936666,0.0,0.0,20.2222222,14.439333333333334,58.5,0,5.1764362714980825,70.66250196097344,5,1,10,0.9659258262890684,0.2588190451025207,0.7818314824680298,0.6234898018587336,-0.8660254037844386,0.5000000000000001,0.0,0.0,0.0,4.775,10.075,21.0,96.75,13.45,11.591582,0.0,13.9,20.20185185,58.5,58.5,58.5,58.5,58.86666666666667,-5.782888866666667,0.0,0.0660000000000007,14.373333333333331,14.476,20.2222222,14.370444444444445,10.238118,10.238118,10.238118,10.240336,10.290031,1,1.0,1,0.75,-0.48,9.8,90.2
2022-10-25 06:00:00,485.363640294442,0.0,0.0,20.20185185,14.476,58.86666666666667,0,5.1764362714980825,70.66250196097344,6,1,10,1.0,6.123233995736766e-17,0.7818314824680298,0.6234898018587336,-0.8660254037844386,0.5000000000000001,0.0,0.0,0.0,4.0,9.7,26.0,97.0,13.6,11.69315,0.0,14.0,20.17222225,58.5,58.5,58.5,58.5,59.85,-5.7258518500000015,-0.0203703500000003,0.0366666666666652,14.439333333333334,14.571333333333332,20.215432083333333,14.429555555555552,10.290031,10.238118,10.238118,10.238118,10.443812,0,2.0,0,0.5,-0.48,9.8,90.2
2022-10-25 06:15:00,103.601133638886,36.256883016666,36.26132732222,20.17222225,14.571333333333332,59.85,1,5.1764362714980825,70.66250196097344,6,1,10,1.0,6.123233995736766e-17,0.7818314824680298,0.6234898018587336,-0.8660254037844386,0.5000000000000001,0.0,0.0,0.0,4.7,9.625,35.0,97.75,13.15,11.391372,0.025,13.45,20.238888886666665,58.86666666666667,58.5,58.5,58.5,60.18333333333333,-5.600888916666667,-0.0296295999999998,0.0953333333333343,14.476,14.667333333333334,20.19876543333333,14.495555555555557,10.443812,10.290031,10.238118,10.238118,10.542989,0,2.0,1,0.5,-0.48,9.9,90.1
2022-10-25 06:30:00,64.67380194444,0.0,0.0,20.238888886666665,14.667333333333334,60.18333333333333,0,5.1764362714980825,70.66250196097344,6,1,10,1.0,6.123233995736766e-17,0.7818314824680298,0.6234898018587336,-0.8660254037844386,0.5000000000000001,0.0,0.0,0.0,5.4,9.55,44.0,98.5,12.7,11.095071,0.05,12.9,20.23333333,59.85,58.86666666666667,58.5,58.5,60.5,-5.571555553333331,0.0666666366666639,0.096,14.571333333333332,14.764,20.204320995555552,14.571555555555554,10.542989,10.443812,10.290031,10.238118,10.595021,1,3.0,1,0.25,-0.46,9.5,90.5
2022-10-25 06:45:00,59.055137816662,0.0,0.0,20.23333333,14.764,60.5,0,5.1764362714980825,70.66250196097344,6,1,10,1.0,6.123233995736766e-17,0.7818314824680298,0.6234898018587336,-0.8660254037844386,0.5000000000000001,0.0,0.0,0.0,6.1,9.475,53.0,99.25,12.25,10.80422,0.075,12.35,20.19074075,60.18333333333333,59.85,58.86666666666667,58.5,60.5,-5.46933333,-0.005555556666664,0.0966666666666675,14.667333333333334,14.791333333333334,20.214814822222223,14.667555555555554,10.595021,10.542989,10.443812,10.290031,10.568674,0,3.0,0,0.25,-0.46,9.5,90.5
2022-10-25 07:00:00,89.071714788888,41.5608375,41.566670633332,20.19074075,14.791333333333334,60.5,1,5.1764362714980825,70.66250196097344,7,1,10,0.9659258262890684,-0.2588190451025206,0.7818314824680298,0.6234898018587336,-0.8660254037844386,0.5000000000000001,0.0,0.0,0.0,6.8,9.4,62.0,100.0,11.8,10.5188,0.1,11.8,20.25555556,60.5,60.18333333333333,59.85,58.86666666666667,60.5,-5.399407416666666,-0.0425925800000008,0.0273333333333329,14.764,14.782666666666666,20.220987655555557,14.740888888888888,10.568674,10.595021,10.542989,10.443812,10.608792,0,2.0,1,0.5,-0.47,9.7,90.3
2022-10-25 07:15:00,42.539131799996,0.0,0.0,20.25555556,14.782666666666666,60.5,0,5.1764362714980825,70.66250196097344,7,1,10,0.9659258262890684,-0.2588190451025206,0.7818314824680298,0.6234898018587336,-0.8660254037844386,0.5000000000000001,1.5,0.375,0.125,7.45,10.2,50.75,99.5,12.325,10.865184,0.075,12.4,20.205555556666663,60.5,60.5,60.18333333333333,59.85,60.5,-5.472888893333336,0.0648148100000014,-0.0086666666666683,14.791333333333334,14.803333333333333,20.226543213333333,14.779333333333332,10.608792,10.568674,10.595021,10.542989,10.57783,1,3.0,1,0.25,-0.46,9.4,90.6
2022-10-25 07:30:00,94.775375466668,40.164226683334,40.170059816666,20.205555556666663,14.803333333333333,60.5,1,5.1764362714980825,70.66250196097344,7,1,10,0.9659258262890684,-0.2588190451025206,0.7818314824680298,0.6234898018587336,-0.8660254037844386,0.5000000000000001,3.0,1.125,0.375,8.1,11.0,39.5,99.0,12.85,11.220665,0.05,13.0,20.20555555,60.5,60.5,60.5,60.18333333333333,60.5,-5.402222223333331,-0.0500000033333378,0.020666666666667,14.782666666666666,15.018,20.217283955555555,14.792444444444442,10.57783,10.608792,10.568674,10.595021,10.57783,0,2.0,1,0.5,-0.47,9.6,90.4
2022-10-25 07:45:00,63.183028261106,0.0,0.0,20.20555555,15.018,60.5,0,5.1764362714980825,70.66250196097344,7,1,10,0.9659258262890684,-0.2588190451025206,0.7818314824680298,0.6234898018587336,-0.8660254037844386,0.5000000000000001,4.5,2.25,0.75,8.75,11.8,28.25,98.5,13.375,11.585404,0.0249999999999999,13.6,20.20185185,60.5,60.5,60.5,60.5,60.5,-5.187555549999999,-6.666663665555461e-09,0.2146666666666679,14.803333333333333,15.885333333333334,20.22222222222222,14.867999999999997,10.57783,10.57783,10.608792,10.568674,10.575542,1,2.0,1,0.5,-0.47,9.6,90.4
2022-10-25 08:00:00,55.68249486111,0.0,0.0,20.20185185,15.885333333333334,60.5,0,5.1764362714980825,70.66250196097344,8,1,10,0.8660254037844387,-0.4999999999999998,0.7818314824680298,0.6234898018587336,-0.8660254037844386,0.5000000000000001,6.0,3.75,1.25,9.4,12.6,17.0,98.0,13.9,11.959565,0.0,14.2,20.17777781,60.5,60.5,60.5,60.5,60.9,-4.316518516666667,-0.003703699999999,0.8673333333333328,15.018,16.693333333333335,20.204320985555555,15.235555555555557,10.575542,10.57783,10.57783,10.608792,10.630489,0,3.0,0,0.25,-0.47,9.6,90.4
2022-10-25 08:15:00,83.36333201666599,35.944951027778,35.951617477776004,20.17777781,16.693333333333335,60.9,1,5.1764362714980825,70.66250196097344,8,1,10,0.8660254037844387,-0.4999999999999998,0.7818314824680298,0.6234898018587336,-0.8660254037844386,0.5000000000000001,32.0,11.375,3.9166666666666665,9.55,14.5,15.5,96.25,14.175,12.166485,0.0,14.775,20.270370393333334,60.5,60.5,60.5,60.5,61.46666666666667,-3.484444476666667,-0.0240740399999985,0.8080000000000016,15.885333333333334,17.574666666666666,20.19506173666667,15.865555555555554,10.630489,10.575542,10.57783,10.57783,10.787633,0,2.0,1,0.5,-0.48,9.7,90.3
2022-10-25 08:30:00,45.255412027774,0.0,0.0,20.270370393333334,17.574666666666666,61.46666666666667,0,5.1764362714980825,70.66250196097344,8,1,10,0.8660254037844387,-0.4999999999999998,0.7818314824680298,0.6234898018587336,-0.8660254037844386,0.5000000000000001,58.0,25.125,8.75,9.7,16.4,14.0,94.5,14.45,12.370898,0.0,15.35,20.2777778,60.9,60.5,60.5,60.5,61.5,-2.695703726666668,0.0925925833333316,0.8813333333333304,16.693333333333335,18.615333333333336,20.216666684444444,16.717777777777776,10.787633,10.630489,10.575542,10.57783,10.798158,1,3.0,1,0.25,-0.45,9.2,90.8
2022-10-25 08:45:00,74.455355133328,30.278788783334,30.284066388888,20.2777778,18.615333333333336,61.5,1,5.1764362714980825,70.66250196097344,8,1,10,0.8660254037844387,-0.4999999999999998,0.7818314824680298,0.6234898018587336,-0.8660254037844386,0.5000000000000001,84.0,45.0,15.75,9.85,18.3,12.5,92.75,14.725,12.572422,0.0,15.925,20.2777778,61.46666666666667,60.9,60.5,60.5,61.68333333333333,-1.6624444666666631,0.0074074066666653,1.0406666666666702,17.574666666666666,18.744666666666667,20.241975334444444,17.62777777777778,10.798158,10.787633,10.630489,10.575542,10.830347,0,2.0,1,0.5,-0.45,9.2,90.8
2022-10-25 09:00:00,69.494997805558,0.0,0.0,20.2777778,18.744666666666667,61.68333333333333,0,5.1764362714980825,70.66250196097344,9,1,10,0.7071067811865476,-0.7071067811865475,0.7818314824680298,0.6234898018587336,-0.8660254037844386,0.5000000000000001,110.0,71.0,24.916666666666668,10.0,20.2,11.0,91.0,15.0,12.770648,0.0,16.5,20.32777776,61.5,61.46666666666667,60.9,60.5,62.0,-1.5331111333333318,0.0,0.1293333333333315,18.615333333333336,19.122,20.275308664444445,18.311555555555557,10.830347,10.798158,10.787633,10.630489,10.917788,1,2.0,1,0.5,-0.45,9.2,90.8
2022-10-25 09:15:00,56.382189072222,0.0,0.0,20.32777776,19.122,62.0,0,5.1764362714980825,70.66250196097344,9,1,10,0.7071067811865476,-0.7071067811865475,0.7818314824680298,0.6234898018587336,-0.8660254037844386,0.5000000000000001,145.5,99.375,37.04166666666666,10.375,21.275,19.75,88.5,15.1,12.856202,0.0,17.075,20.45740738,61.68333333333333,61.5,61.46666666666667,60.9,62.0,-1.20577776,0.0499999600000009,0.3773333333333326,18.744666666666667,19.104,20.29444445333333,18.82733333333333,10.917788,10.830347,10.798158,10.787633,11.000726,0,3.0,0,0.25,-0.43,8.9,91.1
2022-10-25 09:30:00,66.853436938886,27.274186772222,27.279742116666,20.45740738,19.104,62.0,1,5.1764362714980825,70.66250196097344,9,1,10,0.7071067811865476,-0.7071067811865475,0.7818314824680298,0.6234898018587336,-0.8660254037844386,0.5000000000000001,181.0,130.125,52.125,10.75,22.35,28.5,86.0,15.2,12.929975,0.0,17.65,20.60555555,62.0,61.68333333333333,61.5,61.46666666666667,61.95,-1.3534073800000002,0.1296296199999993,-0.0180000000000006,19.122,19.639333333333337,20.35432098,18.99022222222222,11.000726,10.917788,10.830347,10.798158,11.087224,0,2.0,1,0.5,-0.4,8.3,91.7
2022-10-25 09:45:00,53.314534133328,0.0,0.0,20.60555555,19.639333333333337,61.95,0,5.1764362714980825,70.66250196097344,9,1,10,0.7071067811865476,-0.7071067811865475,0.7818314824680298,0.6234898018587336,-0.8660254037844386,0.5000000000000001,216.5,163.25,70.16666666666667,11.125,23.425,37.25,83.5,15.3,12.991157,0.0,18.225,20.93148150333333,62.0,62.0,61.68333333333333,61.5,61.35,-0.9662222166666652,0.1481481700000024,0.5353333333333374,19.104,20.346666666666668,20.46358023,19.288444444444444,11.087224,11.000726,10.917788,10.830347,11.19013,1,3.0,1,0.25,-0.37,7.8,92.2
2022-10-25 10:00:00,45.36790746111,0.0,0.0,20.93148150333333,20.346666666666668,61.35,0,5.1764362714980825,70.66250196097344,10,1,10,0.4999999999999999,-0.8660254037844387,0.7818314824680298,0.6234898018587336,-0.8660254037844386,0.5000000000000001,252.0,198.75,91.16666666666669,11.5,24.5,46.0,81.0,15.4,13.038911,0.0,18.8,21.13888892,61.95,62.0,62.0,61.68333333333333,60.7,-0.5848148366666663,0.3259259533333321,0.7073333333333309,19.639333333333337,20.366666666666667,20.66481481111111,19.69666666666667,11.19013,11.087224,11.000726,10.917788,11.205763,0,3.0,0,0.25,-0.29,6.7,93.3
2022-10-25 10:15:00,62.565830583334,0.0,0.0,21.13888892,20.366666666666667,60.7,0,5.1764362714980825,70.66250196097344,10,1,10,0.4999999999999999,-0.8660254037844387,0.7818314824680298,0.6234898018587336,-0.8660254037844386,0.5000000000000001,274.5,231.0,113.91666666666669,11.675,25.85,41.5,79.75,15.4,13.028627,0.0,19.05,21.238888886666665,61.35,61.95,62.0,62.0,60.96666666666667,-0.7722222533333323,0.2074074166666655,0.0199999999999995,20.346666666666668,19.863333333333333,20.891975324444445,20.117555555555555,11.205763,11.19013,11.087224,11.000726,11.320477,0,3.0,0,0.25,-0.24,6.2,93.8
2022-10-25 10:30:00,65.420994288884,0.0,0.0,21.238888886666665,19.863333333333333,60.96666666666667,0,5.1764362714980825,70.66250196097344,10,1,10,0.4999999999999999,-0.8660254037844387,0.7818314824680298,0.6234898018587336,-0.8660254037844386,0.5000000000000001,297.0,260.0,138.41666666666666,11.85,27.2,37.0,78.5,15.4,13.014777,0.0,19.3,21.33333332,60.7,61.35,61.95,62.0,60.95,-1.3755555533333317,0.0999999666666653,-0.5033333333333339,20.366666666666667,20.118666666666662,21.10308643666667,20.19222222222222,11.320477,11.205763,11.19013,11.087224,11.379518,0,4.0,0,0.0,-0.22,6.0,94.0
2022-10-25 10:45:00,42.863841094438,0.0,0.0,21.33333332,20.118666666666662,60.95,0,5.1764362714980825,70.66250196097344,10,1,10,0.4999999999999999,-0.8660254037844387,0.7818314824680298,0.6234898018587336,-0.8660254037844386,0.5000000000000001,319.5,285.75,164.66666666666666,12.025,28.55,32.5,77.25,15.4,12.997272,0.0,19.55,21.488888886666665,60.96666666666667,60.7,61.35,61.95,60.53333333333333,-1.2146666533333352,0.0944444333333365,0.2553333333333327,19.863333333333333,20.433333333333334,21.237037042222223,20.11622222222222,11.379518,11.320477,11.205763,11.19013,11.404003,0,4.0,0,0.0,-0.19,5.8,94.2
2022-10-25 11:00:00,68.952797411108,24.266807055556,24.272640205554,21.488888886666665,20.433333333333334,60.53333333333333,1,5.1764362714980825,70.66250196097344,11,1,10,0.258819045102521,-0.9659258262890682,0.7818314824680298,0.6234898018587336,-0.8660254037844386,0.5000000000000001,342.0,308.25,192.66666666666663,12.2,29.9,28.0,76.0,15.4,12.976013,0.0,19.8,21.49444444,60.95,60.96666666666667,60.7,61.35,60.5,-1.0555555533333312,0.1555555666666634,0.3146666666666675,20.118666666666662,20.284666666666663,21.353703697777775,20.13844444444444,11.404003,11.379518,11.320477,11.205763,11.401387,0,3.0,1,0.25,-0.16,5.5,94.5
2022-10-25 11:15:00,393.52036972222,0.0,0.0,21.49444444,20.284666666666663,60.5,0,5.1764362714980825,70.66250196097344,11,1,10,0.258819045102521,-0.9659258262890682,0.7818314824680298,0.6234898018587336,-0.8660254037844386,0.5000000000000001,373.25,332.9375,221.10416666666663,12.75,30.8,40.0,74.75,15.375,12.950915,0.0,20.05,21.448148106666665,60.53333333333333,60.95,60.96666666666667,60.7,60.68333333333333,-1.2097777733333324,0.005555553333334,-0.1486666666666671,20.433333333333334,20.40266666666667,21.43888888222222,20.278888888888886,11.401387,11.404003,11.379518,11.320477,11.405333,1,3.0,1,0.25,-0.16,5.5,94.5
2022-10-25 11:30:00,357.313484688888,0.0,0.0,21.448148106666665,20.40266666666667,60.68333333333333,0,5.1764362714980825,70.66250196097344,11,1,10,0.258819045102521,-0.9659258262890682,0.7818314824680298,0.6234898018587336,-0.8660254037844386,0.5000000000000001,404.5,359.8125,249.97916666666663,13.3,31.7,52.0,73.5,15.35,12.921881,0.0,20.3,21.43888885,60.5,60.53333333333333,60.95,60.96666666666667,61.4,-1.045481439999996,-0.0462963333333341,0.1180000000000021,20.284666666666663,20.497333333333334,21.477160477777776,20.373555555555555,11.405333,11.401387,11.404003,11.379518,11.533842,0,3.0,0,0.25,-0.17,5.6,94.4
2022-10-25 11:45:00,79.81652954444,18.194827727778,18.197605433332,21.43888885,20.497333333333334,61.4,1,5.1764362714980825,70.66250196097344,11,1,10,0.258819045102521,-0.9659258262890682,0.7818314824680298,0.6234898018587336,-0.8660254037844386,0.5000000000000001,435.75,388.875,279.2916666666667,13.85,32.6,64.0,72.25,15.325,12.888815,0.0,20.55,21.41296295,60.68333333333333,60.5,60.53333333333333,60.95,61.96666666666667,-0.9415555166666678,-0.0092592566666631,0.0946666666666651,20.40266666666667,20.646,21.460493798888887,20.39488888888889,11.533842,11.405333,11.401387,11.404003,11.622828,0,2.0,1,0.5,-0.17,5.6,94.4
2022-10-25 12:00:00,51.665155711104,0.0,0.0,21.41296295,20.646,61.96666666666667,0,5.1764362714980825,70.66250196097344,12,1,10,1.2246467991473532e-16,-1.0,0.7818314824680298,0.6234898018587336,-0.8660254037844386,0.5000000000000001,467.0,420.125,309.0416666666667,14.4,33.5,76.0,71.0,15.3,12.851617,0.0,20.8,21.4444444,61.4,60.68333333333333,60.5,60.53333333333333,61.65,-0.7669629499999999,-0.0259259000000007,0.1486666666666671,20.497333333333334,21.000666666666667,21.433333302222223,20.51533333333333,11.622828,11.533842,11.405333,11.401387,11.584529,1,3.0,1,0.25,-0.17,5.6,94.4
2022-10-25 12:15:00,42.004708727774,0.0,0.0,21.4444444,21.000666666666667,61.65,0,5.1764362714980825,70.66250196097344,12,1,10,1.2246467991473532e-16,-1.0,0.7818314824680298,0.6234898018587336,-0.8660254037844386,0.5000000000000001,431.5,434.6875,332.875,14.75,33.675,70.5,69.5,15.125,12.708782,0.0,20.975,21.4444444,61.96666666666667,61.4,60.68333333333333,60.5,61.5,-0.4437777333333308,0.0314814499999975,0.3546666666666667,20.646,21.127333333333336,21.432098733333333,20.71466666666667,11.584529,11.622828,11.533842,11.405333,11.556343,0,3.0,0,0.25,-0.16,5.5,94.5
2022-10-25 12:30:00,71.656022677772,23.411285727778,23.415730033332,21.4444444,21.127333333333336,61.5,1,5.1764362714980825,70.66250196097344,12,1,10,1.2246467991473532e-16,-1.0,0.7818314824680298,0.6234898018587336,-0.8660254037844386,0.5000000000000001,396.0,432.5625,350.7916666666667,15.1,33.85,65.0,68.0,14.95,12.561504,0.0,21.15,21.37222219,61.65,61.96666666666667,61.4,60.68333333333333,61.85,-0.3171110666666621,0.0,0.1266666666666687,21.000666666666667,21.03,21.43395058333333,20.924666666666667,11.556343,11.584529,11.622828,11.533842,11.573599,0,2.0,1,0.5,-0.16,5.6,94.4
2022-10-25 12:45:00,59.295683611112,0.0,0.0,21.37222219,21.03,61.85,0,5.1764362714980825,70.66250196097344,12,1,10,1.2246467991473532e-16,-1.0,0.7818314824680298,0.6234898018587336,-0.8660254037844386,0.5000000000000001,360.5,413.75,362.7916666666667,15.45,34.025000000000006,59.5,66.5,14.775,12.409721,0.0,21.325,21.36481480666667,61.5,61.65,61.96666666666667,61.4,62.0,-0.3422221900000011,-0.0722222099999996,-0.0973333333333386,21.127333333333336,21.176,21.42037033,21.052666666666667,11.573599,11.556343,11.584529,11.622828,11.596689,1,3.0,1,0.25,-0.18,5.7,94.3
2022-10-25 13:00:00,57.627139372218,0.0,0.0,21.36481480666667,21.176,62.0,0,5.1764362714980825,70.66250196097344,13,1,10,-0.2588190451025208,-0.9659258262890684,0.7818314824680298,0.6234898018587336,-0.8660254037844386,0.5000000000000001,325.0,378.25,368.875,15.8,34.2,54.0,65.0,14.6,12.2533655,0.0,21.5,21.28888889,61.85,61.5,61.65,61.96666666666667,62.35,-0.1888148066666701,-0.0074073833333301,0.1460000000000008,21.03,21.211333333333336,21.393827132222224,21.11111111111111,11.596689,11.573599,11.556343,11.584529,11.610952,0,3.0,0,0.25,-0.18,5.7,94.3
2022-10-25 13:15:00,59.836495461106,0.0,0.0,21.28888889,21.211333333333336,62.35,0,5.1764362714980825,70.66250196097344,13,1,10,-0.2588190451025208,-0.9659258262890684,0.7818314824680298,0.6234898018587336,-0.8660254037844386,0.5000000000000001,348.75,357.5625,375.0625,15.275,34.475,65.5,64.0,14.6,12.258202,0.0,21.775,21.246296293333334,62.0,61.85,61.5,61.65,62.5,-0.0775555566666632,-0.0759259166666694,0.0353333333333374,21.176,21.28533333333333,21.34197529555556,21.13911111111111,11.610952,11.596689,11.573599,11.556343,11.610177,0,3.0,0,0.25,-0.2,5.8,94.2
2022-10-25 13:30:00,60.757847438886,22.467156827778,22.472156694442,21.246296293333334,21.28533333333333,62.5,1,5.1764362714980825,70.66250196097344,13,1,10,-0.2588190451025208,-0.9659258262890684,0.7818314824680298,0.6234898018587336,-0.8660254037844386,0.5000000000000001,372.5,351.6875,381.3541666666667,14.75,34.75,77.0,63.0,14.6,12.259627,0.0,22.05,21.36111112,62.35,62.0,61.85,61.5,62.15,0.0390370399999966,-0.0425925966666653,0.0739999999999945,21.211333333333336,21.49333333333333,21.299999996666667,21.22422222222222,11.610177,11.610952,11.596689,11.573599,11.622252,0,3.0,1,0.25,-0.21,5.9,94.1
2022-10-25 13:45:00,43.198827494446,0.0,0.0,21.36111112,21.49333333333333,62.15,0,5.1764362714980825,70.66250196097344,13,1,10,-0.2588190451025208,-0.9659258262890684,0.7818314824680298,0.6234898018587336,-0.8660254037844386,0.5000000000000001,396.25,360.625,387.75,14.225,35.025,88.5,62.0,14.6,12.257549,0.0,22.325000000000003,21.4407407,62.5,62.35,62.0,61.85,61.81666666666667,0.1322222133333355,0.1148148266666631,0.2080000000000019,21.28533333333333,21.80666666666667,21.298765434444444,21.33,11.622252,11.610177,11.610952,11.596689,11.613358,1,3.0,1,0.25,-0.18,5.7,94.3
2022-10-25 14:00:00,60.524801194442,0.0,0.0,21.4407407,21.80666666666667,61.81666666666667,0,5.1764362714980825,70.66250196097344,14,1,10,-0.4999999999999997,-0.8660254037844388,0.7818314824680298,0.6234898018587336,-0.8660254037844386,0.5000000000000001,420.0,384.375,394.25,13.7,35.3,100.0,61.0,14.6,12.25187,0.0,22.6,21.48333332,62.15,62.5,62.35,62.0,61.5,0.3659259666666692,0.0796295800000024,0.3133333333333361,21.49333333333333,21.824,21.34938270444444,21.52844444444444,11.613358,11.622252,11.610177,11.610952,11.58239,0,3.0,0,0.25,-0.16,5.5,94.5
2022-10-25 14:15:00,57.614639838886,0.0,0.0,21.48333332,21.824,61.5,0,5.1764362714980825,70.66250196097344,14,1,10,-0.4999999999999997,-0.8660254037844388,0.7818314824680298,0.6234898018587336,-0.8660254037844386,0.5000000000000001,358.0,386.6875,392.9791666666667,12.9,34.224999999999994,100.0,62.25,14.75,12.377924,0.0,22.425,21.520370386666663,61.81666666666667,62.15,62.5,62.35,61.5,0.3406666800000018,0.0425926200000006,0.0173333333333332,21.80666666666667,21.924666666666667,21.428395046666665,21.708,11.58239,11.613358,11.622252,11.610177,11.607245,0,3.0,0,0.25,-0.15,5.5,94.5
2022-10-25 14:30:00,60.052597849998,0.0,0.0,21.520370386666663,21.924666666666667,61.5,0,5.1764362714980825,70.66250196097344,14,1,10,-0.4999999999999997,-0.8660254037844388,0.7818314824680298,0.6234898018587336,-0.8660254037844386,0.5000000000000001,296.0,367.5625,383.9375,12.1,33.15,100.0,63.5,14.9,12.500061,0.0,22.25,21.61111112,61.5,61.81666666666667,62.15,62.5,61.45,0.4042962800000005,0.0370370666666666,0.1006666666666653,21.824,22.444,21.481481468888887,21.85177777777778,11.607245,11.58239,11.613358,11.622252,11.658843,0,4.0,0,0.0,-0.14,5.4,94.6
2022-10-25 14:45:00,60.177037422216,14.4485887,14.453310811108,21.61111112,22.444,61.45,1,5.1764362714980825,70.66250196097344,14,1,10,-0.4999999999999997,-0.8660254037844388,0.7818314824680298,0.6234898018587336,-0.8660254037844386,0.5000000000000001,234.0,327.0,367.125,11.3,32.075,100.0,64.75,15.05,12.618338,0.0,22.075,21.97037037,61.5,61.5,61.81666666666667,62.15,60.48333333333333,0.8328888800000023,0.0907407333333303,0.5193333333333321,21.924666666666667,22.734,21.53827160888889,22.064222222222224,11.658843,11.607245,11.58239,11.613358,11.715989,0,3.0,1,0.25,-0.12,5.3,94.7
2022-10-25 15:00:00,41.794161599996,0.0,0.0,21.97037037,22.734,60.48333333333333,0,5.1764362714980825,70.66250196097344,15,1,10,-0.7071067811865471,-0.7071067811865479,0.7818314824680298,0.6234898018587336,-0.8660254037844386,0.5000000000000001,172.0,265.0,342.5416666666667,10.5,31.0,100.0,66.0,15.2,12.732814,0.0,21.9,22.67222223,61.45,61.5,61.5,61.81666666666667,58.7,0.763629629999997,0.3592592500000044,0.2899999999999991,22.444,22.60533333333333,21.700617292222223,22.367555555555555,11.715989,11.658843,11.607245,11.58239,11.838865,1,3.0,1,0.25,-0.04,5.0,95.0
2022-10-25 15:15:00,51.65987802222,0.0,0.0,22.67222223,22.60533333333333,58.7,0,5.1764362714980825,70.66250196097344,15,1,10,-0.7071067811865471,-0.7071067811865479,0.7818314824680298,0.6234898018587336,-0.8660254037844386,0.5000000000000001,159.0,215.25,319.8333333333333,10.1,29.0,75.0,66.75,15.25,12.784923,0.0,21.775,23.077777816666664,60.48333333333333,61.45,61.5,61.5,57.38333333333333,-0.0668888966666685,0.7018518599999979,-0.1286666666666676,22.734,22.796,22.084567906666667,22.594444444444445,11.838865,11.715989,11.658843,11.607245,11.845217,0,3.0,0,0.25,0.12,5.3,94.7
2022-10-25 15:30:00,82.512254844448,0.0,0.0,23.077777816666664,22.796,57.38333333333333,0,5.1764362714980825,70.66250196097344,15,1,10,-0.7071067811865471,-0.7071067811865479,0.7818314824680298,0.6234898018587336,-0.8660254037844386,0.5000000000000001,146.0,177.75,299.0,9.7,27.0,50.0,67.5,15.3,12.835531,0.0,21.65,23.111111110000003,58.7,60.48333333333333,61.45,61.5,57.05,-0.2817778166666649,0.4055555866666651,0.1906666666666687,22.60533333333333,23.008,22.573456805555555,22.711777777777773,11.845217,11.838865,11.715989,11.658843,11.79887,0,3.0,0,0.25,0.21,5.9,94.1
2022-10-25 15:45:00,72.356827827778,0.0,0.0,23.111111110000003,23.008,57.05,0,5.1764362714980825,70.66250196097344,15,1,10,-0.7071067811865471,-0.7071067811865479,0.7818314824680298,0.6234898018587336,-0.8660254037844386,0.5000000000000001,133.0,152.5,280.0416666666667,9.3,25.0,25.0,68.25,15.35,12.884663,0.0,21.525,22.85370369,57.38333333333333,58.7,60.48333333333333,61.45,57.46666666666667,-0.1031111100000039,0.0333332933333387,0.2119999999999997,22.796,23.16,22.95370371888889,22.803111111111107,11.79887,11.845217,11.838865,11.715989,11.711295,0,4.0,0,0.0,0.22,6.0,94.0
2022-10-25 16:00:00,69.132234633332,0.0,0.0,22.85370369,23.16,57.46666666666667,0,5.1764362714980825,70.66250196097344,16,1,10,-0.8660254037844385,-0.5000000000000004,0.7818314824680298,0.6234898018587336,-0.8660254037844386,0.5000000000000001,120.0,139.5,262.9583333333333,8.9,23.0,0.0,69.0,15.4,12.932325,0.0,21.4,22.53333334,57.05,57.38333333333333,58.7,60.48333333333333,57.85,0.3062963100000004,-0.2574074200000034,0.152000000000001,23.008,22.922666666666668,23.01419753888889,22.988,11.711295,11.79887,11.845217,11.838865,11.574817,0,4.0,0,0.0,0.16,5.5,94.5
2022-10-25 16:15:00,63.748838961106,0.0,0.0,22.53333334,22.922666666666668,57.85,0,5.1764362714980825,70.66250196097344,16,1,10,-0.8660254037844385,-0.5000000000000004,0.7818314824680298,0.6234898018587336,-0.8660254037844386,0.5000000000000001,141.5,135.125,245.6875,8.775,22.825,0.25,69.25,15.425,12.941643,0.0,21.35,22.283333326666664,57.46666666666667,57.05,57.38333333333333,58.7,58.18333333333333,0.3893333266666658,-0.3203703499999975,-0.237333333333332,23.16,22.91866666666667,22.832716046666665,23.03022222222222,11.574817,11.711295,11.79887,11.845217,11.475454,0,4.0,0,0.0,0.08,5.1,94.9
2022-10-25 16:30:00,59.911492511104,0.0,0.0,22.283333326666664,22.91866666666667,58.18333333333333,0,5.1764362714980825,70.66250196097344,16,1,10,-0.8660254037844385,-0.5000000000000004,0.7818314824680298,0.6234898018587336,-0.8660254037844386,0.5000000000000001,163.0,139.375,228.22916666666663,8.65,22.65,0.5,69.5,15.45,12.950781,0.0,21.3,22.04444445,57.85,57.46666666666667,57.05,57.38333333333333,58.85,0.6353333400000061,-0.250000013333338,-0.0039999999999977,22.922666666666668,23.026666666666664,22.556790118888888,23.000444444444444,11.475454,11.574817,11.711295,11.79887,11.448383,0,4.0,0,0.0,0.02,5.0,95.0
2022-10-25 16:45:00,71.236317166664,19.238397083334,19.243674705554,22.04444445,23.026666666666664,58.85,1,5.1764362714980825,70.66250196097344,16,1,10,-0.8660254037844385,-0.5000000000000004,0.7818314824680298,0.6234898018587336,-0.8660254037844386,0.5000000000000001,184.5,152.25,210.58333333333331,8.525,22.475,0.75,69.75,15.475,12.959741,0.0,21.25,21.90740737,58.18333333333333,57.85,57.46666666666667,57.05,59.0,0.9822222166666634,-0.2388888766666639,0.1079999999999934,22.91866666666667,22.948,22.287037038888887,22.956,11.448383,11.475454,11.574817,11.711295,11.387226,0,3.0,1,0.25,-0.03,5.0,95.0
2022-10-25 17:00:00,46.55119354444,0.0,0.0,21.90740737,22.948,59.0,0,5.1764362714980825,70.66250196097344,17,1,10,-0.9659258262890684,-0.2588190451025206,0.7818314824680298,0.6234898018587336,-0.8660254037844386,0.5000000000000001,206.0,173.75,192.75,8.4,22.3,1.0,70.0,15.5,12.968528,0.0,21.2,21.74444442,58.85,58.18333333333333,57.85,57.46666666666667,59.35,1.0405926300000026,-0.1370370800000024,-0.0786666666666633,23.026666666666664,22.816666666666663,22.07839504888889,22.96444444444444,11.387226,11.448383,11.475454,11.574817,11.347521,1,3.0,1,0.25,-0.07,5.1,94.9
2022-10-25 17:15:00,408.815035611112,0.0,10.001544405554,21.74444442,22.816666666666663,59.35,0,5.1764362714980825,70.66250196097344,17,1,10,-0.9659258262890684,-0.2588190451025206,0.7818314824680298,0.6234898018587336,-0.8660254037844386,0.5000000000000001,169.0,180.625,177.0,8.375,20.95,1.25,71.5,15.35,12.848273,0.0,20.675,21.598148156666664,59.0,58.85,58.18333333333333,57.85,59.68333333333333,1.072222246666669,-0.1629629500000007,-0.1313333333333339,22.948,22.638,21.898765413333333,22.930444444444444,11.347521,11.387226,11.448383,11.475454,11.315171,0,3.0,0,0.25,-0.1,5.2,94.8
2022-10-25 17:30:00,83.7316506,16.428787255556,16.432120505554,21.598148156666664,22.638,59.68333333333333,1,5.1764362714980825,70.66250196097344,17,1,10,-0.9659258262890684,-0.2588190451025206,0.7818314824680298,0.6234898018587336,-0.8660254037844386,0.5000000000000001,132.0,172.875,163.33333333333334,8.350000000000001,19.6,1.5,73.0,15.2,12.721939,0.0,20.15,21.47777776,59.35,59.0,58.85,58.18333333333333,60.0,1.0398518433333344,-0.1462962633333333,-0.1786666666666683,22.816666666666663,22.270666666666667,21.74999998222222,22.80088888888889,11.315171,11.347521,11.387226,11.448383,11.296259,0,2.0,1,0.5,-0.14,5.4,94.6
2022-10-25 17:45:00,49.818007249998,0.0,0.0,21.47777776,22.270666666666667,60.0,0,5.1764362714980825,70.66250196097344,17,1,10,-0.9659258262890684,-0.2588190451025206,0.7818314824680298,0.6234898018587336,-0.8660254037844386,0.5000000000000001,95.0,150.5,151.75,8.325000000000001,18.25,1.75,74.5,15.05,12.589932,0.0,19.625,21.40370366333333,59.68333333333333,59.35,59.0,58.85,60.18333333333333,0.7928889066666684,-0.1203703966666651,-0.367333333333331,22.638,21.915333333333333,21.606790112222217,22.575111111111116,11.296259,11.315171,11.347521,11.387226,11.282281,1,3.0,1,0.25,-0.16,5.6,94.4
2022-10-25 18:00:00,59.52650792777,18.535647411112,18.541758366664,21.40370366333333,21.915333333333333,60.18333333333333,1,5.1764362714980825,70.66250196097344,18,1,10,-1.0,-1.8369701987210294e-16,0.7818314824680298,0.6234898018587336,-0.8660254037844386,0.5000000000000001,58.0,113.5,142.25,8.3,16.9,2.0,76.0,14.9,12.452664,0.0,19.1,21.29444445,60.0,59.68333333333333,59.35,59.0,60.5,0.5116296700000014,-0.074074096666667,-0.3553333333333341,22.270666666666667,21.608,21.49320986,22.274666666666665,11.282281,11.296259,11.315171,11.347521,11.270071,0,2.0,1,0.5,-0.18,5.7,94.3
2022-10-25 18:15:00,62.823598138886,11.243439144444,11.246216866664,21.29444445,21.608,60.5,1,5.1764362714980825,70.66250196097344,18,1,10,-1.0,-1.8369701987210294e-16,0.7818314824680298,0.6234898018587336,-0.8660254037844386,0.5000000000000001,43.5,82.125,132.625,8.975000000000001,17.174999999999997,1.5,78.0,14.75,12.389949,0.0,18.575000000000003,21.257407413333333,60.18333333333333,60.0,59.68333333333333,59.35,60.5,0.3135555500000002,-0.1092592133333312,-0.3073333333333323,21.915333333333333,21.23,21.39197529111111,21.93133333333333,11.270071,11.282281,11.296259,11.315171,11.245896,0,1.0,0,0.75,-0.21,5.9,94.1
2022-10-25 18:30:00,212.721768605554,0.0,0.0,21.257407413333333,21.23,60.5,0,5.1764362714980825,70.66250196097344,18,1,10,-1.0,-1.8369701987210294e-16,0.7818314824680298,0.6234898018587336,-0.8660254037844386,0.5000000000000001,29.0,56.375,122.875,9.65,17.45,1.0,80.0,14.6,12.31786,0.0,18.05,21.18333335,60.5,60.18333333333333,60.0,59.68333333333333,60.95,-0.0274074133333321,-0.0370370366666676,-0.3780000000000001,21.608,20.932,21.31851850888889,21.584444444444443,11.245896,11.270071,11.282281,11.296259,11.2809725,1,2.0,1,0.5,-0.22,6.0,94.0
2022-10-25 18:45:00,238.686563205558,0.0,0.0,21.18333335,20.932,60.95,0,5.1764362714980825,70.66250196097344,18,1,10,-1.0,-1.8369701987210294e-16,0.7818314824680298,0.6234898018587336,-0.8660254037844386,0.5000000000000001,14.5,36.25,113.0,10.325,17.725,0.5,82.0,14.45,12.236953,0.0,17.525,21.14629631333333,60.5,60.5,60.18333333333333,60.0,62.48333333333333,-0.2513333499999994,-0.074074063333331,-0.2979999999999982,21.23,20.896,21.245061737777775,21.256666666666664,11.2809725,11.245896,11.270071,11.282281,11.539941,0,2.0,0,0.5,-0.23,6.1,93.9
2022-10-25 19:00:00,1071.427974616662,0.0,0.0,21.14629631333333,20.896,62.48333333333333,0,5.1764362714980825,70.66250196097344,19,1,10,-0.9659258262890684,0.2588190451025203,0.7818314824680298,0.6234898018587336,-0.8660254037844386,0.5000000000000001,0.0,21.75,103.0,11.0,18.0,0.0,84.0,14.3,12.147764,0.0,17.0,21.15555557,60.95,60.5,60.5,60.18333333333333,64.2,-0.2502963133333331,-0.0370370366666676,-0.0360000000000013,20.932,20.82933333333333,21.19567902555556,21.01933333333333,11.539941,11.2809725,11.245896,11.270071,11.863363,0,3.0,0,0.25,-0.23,6.1,93.9
2022-10-25 19:15:00,364.88262644444,0.0,0.0,21.15555557,20.82933333333333,64.2,0,5.1764362714980825,70.66250196097344,19,1,10,-0.9659258262890684,0.2588190451025203,0.7818314824680298,0.6234898018587336,-0.8660254037844386,0.5000000000000001,0.0,10.875,91.20833333333331,11.35,17.9,0.0,85.25,14.425,12.254809,0.0,16.9,21.238888886666665,62.48333333333333,60.95,60.5,60.5,64.5,-0.3262222366666663,0.0092592566666667,-0.0666666666666664,20.896,20.594,21.16172841111111,20.88577777777778,11.863363,11.539941,11.2809725,11.245896,11.976558,0,4.0,0,0.0,-0.22,6.0,94.0
2022-10-25 19:30:00,79.901248288888,0.0,0.0,21.238888886666665,20.594,64.5,0,5.1764362714980825,70.66250196097344,19,1,10,-0.9659258262890684,0.2588190451025203,0.7818314824680298,0.6234898018587336,-0.8660254037844386,0.5000000000000001,0.0,3.625,77.625,11.7,17.8,0.0,86.5,14.55,12.360078,0.0,16.8,21.32222221,64.2,62.48333333333333,60.95,60.5,64.9,-0.6448888866666671,0.0833333166666641,-0.2353333333333367,20.82933333333333,20.332,21.18024692333333,20.77311111111111,11.976558,11.863363,11.539941,11.2809725,12.109191,0,4.0,0,0.0,-0.2,5.8,94.2
2022-10-25 19:45:00,272.54326466666,0.0,0.0,21.32222221,20.332,64.9,0,5.1764362714980825,70.66250196097344,19,1,10,-0.9659258262890684,0.2588190451025203,0.7818314824680298,0.6234898018587336,-0.8660254037844386,0.5000000000000001,0.0,0.0,62.25,12.05,17.700000000000003,0.0,87.75,14.675,12.463587,0.0,16.700000000000003,21.40555554333333,64.5,64.2,62.48333333333333,60.95,65.28333333333333,-0.9902222099999988,0.0833333233333348,-0.2619999999999969,20.594,20.066666666666663,21.238888888888887,20.585111111111107,12.109191,11.976558,11.863363,11.539941,12.239668,0,4.0,0,0.0,-0.17,5.6,94.4
2022-10-25 20:00:00,508.1721723,0.0,0.0,21.40555554333333,20.066666666666663,65.28333333333333,0,5.1764362714980825,70.66250196097344,20,1,10,-0.8660254037844386,0.5000000000000001,0.7818314824680298,0.6234898018587336,-0.8660254037844386,0.5000000000000001,0.0,0.0,45.083333333333336,12.4,17.6,0.0,89.0,14.8,12.565356,0.0,16.6,21.44999996,64.9,64.5,64.2,62.48333333333333,65.05,-1.3388888766666651,0.0833333333333321,-0.2653333333333343,20.332,19.580666666666666,21.322222213333333,20.33088888888889,12.239668,12.109191,11.976558,11.863363,12.22735,0,4.0,0,0.0,-0.15,5.5,94.5
2022-10-25 20:15:00,91.07052386666,0.0,0.0,21.44999996,19.580666666666666,65.05,0,5.1764362714980825,70.66250196097344,20,1,10,-0.8660254037844386,0.5000000000000001,0.7818314824680298,0.6234898018587336,-0.8660254037844386,0.5000000000000001,0.0,0.0,31.0,11.925,18.700000000000003,11.0,89.75,14.975,12.69031,0.0,16.625,21.51666668,65.28333333333333,64.9,64.5,64.2,65.46666666666667,-1.8693332933333335,0.0444444166666677,-0.4860000000000006,20.066666666666663,19.390666666666668,21.39259257111111,19.99311111111111,12.22735,12.239668,12.109191,11.976558,12.353249,0,4.0,0,0.0,-0.14,5.4,94.6
2022-10-25 20:30:00,167.75995608333,0.0,0.0,21.51666668,19.390666666666668,65.46666666666667,0,5.1764362714980825,70.66250196097344,20,1,10,-0.8660254037844386,0.5000000000000001,0.7818314824680298,0.6234898018587336,-0.8660254037844386,0.5000000000000001,0.0,0.0,20.0,11.45,19.8,22.0,90.5,15.15,12.815607,0.0,16.65,21.62222226,65.05,65.28333333333333,64.9,64.5,65.0,-2.126000013333332,0.0666667200000006,-0.1899999999999977,19.580666666666666,19.334,21.457407394444445,19.67933333333333,12.353249,12.22735,12.239668,12.109191,12.340307,0,4.0,0,0.0,-0.12,5.3,94.7
2022-10-25 20:45:00,1230.830764750002,0.0,0.0,21.62222226,19.334,65.0,0,5.1764362714980825,70.66250196097344,20,1,10,-0.8660254037844386,0.5000000000000001,0.7818314824680298,0.6234898018587336,-0.8660254037844386,0.5000000000000001,0.0,0.0,12.083333333333334,10.975,20.9,33.0,91.25,15.325,12.941251,0.0,16.675,21.379629673333334,65.46666666666667,65.05,65.28333333333333,64.9,63.41666666666666,-2.2882222600000013,0.1055555800000007,-0.0566666666666684,19.390666666666668,18.910666666666668,21.52962963333333,19.435111111111112,12.340307,12.353249,12.22735,12.239668,11.87185,0,4.0,0,0.0,-0.1,5.2,94.8
2022-10-25 21:00:00,182.40187038333,0.0,0.0,21.379629673333334,18.910666666666668,63.41666666666666,0,5.1764362714980825,70.66250196097344,21,1,10,-0.7071067811865477,0.7071067811865474,0.7818314824680298,0.6234898018587336,-0.8660254037844386,0.5000000000000001,0.0,0.0,7.25,10.5,22.0,44.0,92.0,15.5,13.067237,0.0,16.7,20.75555559,65.0,65.46666666666667,65.05,65.28333333333333,63.4,-2.468963006666666,-0.2425925866666674,-0.423333333333332,19.334,18.646,21.506172871111108,19.211777777777776,11.87185,12.340307,12.353249,12.22735,11.446302,0,4.0,0,0.0,-0.17,5.6,94.4
2022-10-25 21:15:00,114.304316427782,0.0,0.0,20.75555559,18.646,63.4,0,5.1764362714980825,70.66250196097344,21,1,10,-0.7071067811865477,0.7071067811865474,0.7818314824680298,0.6234898018587336,-0.8660254037844386,0.5000000000000001,0.0,0.0,3.625,9.8,21.1,57.5,91.25,15.425,13.019245,0.0,16.775,20.346296296666665,63.41666666666666,65.0,65.46666666666667,65.05,64.33333333333333,-2.109555589999996,-0.6240740833333369,-0.2646666666666668,18.910666666666668,18.756000000000004,21.252469174444443,18.963555555555555,11.446302,11.87185,12.340307,12.353249,11.340935,0,4.0,0,0.0,-0.32,7.1,92.9
2022-10-25 21:30:00,110.15420482222,0.0,0.0,20.346296296666665,18.756000000000004,64.33333333333333,0,5.1764362714980825,70.66250196097344,21,1,10,-0.7071067811865477,0.7071067811865474,0.7818314824680298,0.6234898018587336,-0.8660254037844386,0.5000000000000001,0.0,0.0,1.2083333333333333,9.1,20.2,71.0,90.5,15.35,12.970519,0.0,16.85,20.31111108,63.4,63.41666666666666,65.0,65.46666666666667,65.8,-1.5902962966666614,-0.4092592933333314,0.1100000000000029,18.646,18.767333333333333,20.82716052,18.77088888888889,11.340935,11.446302,11.87185,12.340307,11.575672,0,4.0,0,0.0,-0.41,8.6,91.4
2022-10-25 21:45:00,136.979242794446,0.0,0.0,20.31111108,18.767333333333333,65.8,0,5.1764362714980825,70.66250196097344,21,1,10,-0.7071067811865477,0.7071067811865474,0.7818314824680298,0.6234898018587336,-0.8660254037844386,0.5000000000000001,0.0,0.0,0.0,8.4,19.3,84.5,89.75,15.275,12.921054,0.0,16.925,20.437036993333333,64.33333333333333,63.4,63.41666666666666,65.0,67.11666666666666,-1.543777746666667,-0.0351852166666653,0.0113333333333294,18.756000000000004,18.68533333333333,20.47098765555556,18.72311111111111,11.575672,11.340935,11.446302,11.87185,11.89443,0,4.0,0,0.0,-0.41,8.6,91.4
2022-10-25 22:00:00,145.979438388888,0.0,0.0,20.437036993333333,18.68533333333333,67.11666666666666,0,5.1764362714980825,70.66250196097344,22,1,10,-0.5000000000000004,0.8660254037844384,0.7818314824680298,0.6234898018587336,-0.8660254037844386,0.5000000000000001,0.0,0.0,0.0,7.7,18.4,98.0,89.0,15.2,12.870846,0.0,17.0,20.39999999,65.8,64.33333333333333,63.4,63.41666666666666,67.9,-1.7517036600000004,0.125925913333333,-0.0820000000000007,18.767333333333333,18.648,20.36481479,18.73622222222222,11.89443,11.575672,11.340935,11.446302,12.007271,0,4.0,0,0.0,-0.38,7.9,92.1
2022-10-25 22:15:00,148.774048849998,0.0,0.0,20.39999999,18.648,67.9,0,5.1764362714980825,70.66250196097344,22,1,10,-0.5000000000000004,0.8660254037844384,0.7818314824680298,0.6234898018587336,-0.8660254037844386,0.5000000000000001,0.0,0.0,0.0,7.275,17.4,98.5,89.5,15.025,12.731264,0.0,16.725,20.296296270000003,67.11666666666666,65.8,64.33333333333333,63.4,68.46666666666667,-1.7519999900000016,-0.0370370033333316,-0.0373333333333327,18.68533333333333,18.75733333333333,20.38271602111111,18.70022222222222,12.007271,11.89443,11.575672,11.340935,12.034376,0,4.0,0,0.0,-0.38,8.0,92.0
2022-10-25 22:30:00,159.64583619444198,0.0,0.0,20.296296270000003,18.75733333333333,68.46666666666667,0,5.1764362714980825,70.66250196097344,22,1,10,-0.5000000000000004,0.8660254037844384,0.7818314824680298,0.6234898018587336,-0.8660254037844386,0.5000000000000001,0.0,0.0,0.0,6.85,16.4,99.0,90.0,14.85,12.592345,0.0,16.45,20.08888891,67.9,67.11666666666666,65.8,64.33333333333333,68.55,-1.5389629366666675,-0.1037037199999986,0.1093333333333355,18.648,18.758,20.37777775111111,18.69688888888889,12.034376,12.007271,11.89443,11.575672,11.903785,0,4.0,0,0.0,-0.4,8.4,91.6
2022-10-25 22:45:00,145.68833888333398,0.0,0.0,20.08888891,18.758,68.55,0,5.1764362714980825,70.66250196097344,22,1,10,-0.5000000000000004,0.8660254037844384,0.7818314824680298,0.6234898018587336,-0.8660254037844386,0.5000000000000001,0.0,0.0,0.0,6.425,15.4,99.5,90.5,14.675,12.45411,0.0,16.175,19.879629626666667,68.46666666666667,67.9,67.11666666666666,65.8,68.96666666666667,-1.3308889099999988,-0.2074073600000048,0.0006666666666639,18.75733333333333,18.898666666666667,20.26172839,18.72111111111111,11.903785,12.034376,12.007271,11.89443,11.830267,0,4.0,0,0.0,-0.45,9.3,90.7
2022-10-25 23:00:00,150.770635566668,20.880553611112,20.929162783334,19.879629626666667,18.898666666666667,68.96666666666667,1,5.1764362714980825,70.66250196097344,23,1,10,-0.2588190451025215,0.965925826289068,0.7818314824680298,0.6234898018587336,-0.8660254037844386,0.5000000000000001,0.0,0.0,0.0,6.0,14.4,100.0,91.0,14.5,12.31657,0.0,15.9,19.844841267142854,68.55,68.46666666666667,67.9,67.11666666666666,68.68214285714285,-0.9809629599999994,-0.2092592833333313,0.140666666666668,18.758,19.125714285714285,20.088271602222225,18.804666666666662,11.830267,11.903785,12.034376,12.007271,11.757457,0,3.0,1,0.25,-0.5,10.2,89.8
2022-10-25 23:15:00,136.43315353889,0.0,0.0,19.844841267142854,19.125714285714285,68.68214285714285,0,5.1764362714980825,70.66250196097344,23,1,10,-0.2588190451025215,0.965925826289068,0.7818314824680298,0.6234898018587336,-0.8660254037844386,0.5000000000000001,0.0,0.0,0.0,5.65,13.225,100.0,91.0,14.825,12.579713,0.025,16.25,19.52777776,68.96666666666667,68.55,68.46666666666667,67.9,69.15,-0.7191269814285732,-0.0347883595238087,0.2270476190476174,18.898666666666667,19.17933333333333,19.93778660126984,18.92746031746032,11.757457,11.830267,11.903785,12.034376,11.619265,1,3.0,1,0.25,-0.51,10.4,89.6
2022-10-25 23:30:00,162.56294172222,47.814754,47.860307794442,19.52777776,19.17933333333333,69.15,1,5.1764362714980825,70.66250196097344,23,1,10,-0.2588190451025215,0.965925826289068,0.7818314824680298,0.6234898018587336,-0.8660254037844386,0.5000000000000001,0.0,0.0,0.0,5.3,12.05,100.0,91.0,15.15,12.847724,0.05,16.6,19.37222222,68.68214285714285,68.96666666666667,68.55,68.46666666666667,69.45,-0.3484444266666671,-0.3170635071428584,0.0536190476190476,19.125714285714285,19.197333333333336,19.750749551269845,19.06790476190476,11.619265,11.757457,11.830267,11.903785,11.563402,0,2.0,1,0.5,-0.58,12.2,87.8
2022-10-25 23:45:00,420.204302455548,0.0,0.0,19.37222222,19.197333333333336,69.45,0,5.1764362714980825,70.66250196097344,23,1,10,-0.2588190451025215,0.965925826289068,0.7818314824680298,0.6234898018587336,-0.8660254037844386,0.5000000000000001,0.0,0.0,0.0,4.949999999999999,10.875,100.0,91.0,15.475,13.120677,0.075,16.95,19.462222226,69.15,68.68214285714285,68.96666666666667,68.55,68.875,-0.1748888866666647,-0.1555555399999981,0.0180000000000042,19.17933333333333,19.239,19.58161374904762,19.167460317460318,11.563402,11.619265,11.757457,11.830267,11.528541,1,2.0,1,0.5,-0.62,13.1,86.9
2022-10-26 00:00:00,54.797252388892,11.05316893889,11.055391116666,19.462222226,19.239,68.875,1,5.1764362714980825,70.66250196097344,0,2,10,0.0,1.0,0.9749279121818236,-0.2225209339563143,-0.8660254037844386,0.5000000000000001,0.0,0.0,0.0,4.6,9.7,100.0,91.0,15.8,13.398652,0.1,17.3,19.78974356076923,69.45,69.15,68.68214285714285,68.96666666666667,68.06923076923077,-0.2232222260000043,0.0900000060000003,0.0416666666666607,19.197333333333336,19.34923076923077,19.454074068666667,19.205222222222226,11.528541,11.563402,11.619265,11.757457,11.614948,0,2.0,1,0.5,-0.6,12.6,87.4
2022-10-26 00:15:00,54.713089105558,0.0,0.0,19.78974356076923,19.34923076923077,68.06923076923077,0,5.1764362714980825,70.66250196097344,0,2,10,0.0,1.0,0.9749279121818236,-0.2225209339563143,-0.8660254037844386,0.5000000000000001,0.0,0.0,0.0,4.925,9.7,100.0,90.5,15.825,13.4049425,0.1,17.4,19.95740738,68.875,69.45,69.15,68.68214285714285,67.35,-0.4405127915384632,0.32752133476923,0.1102307692307711,19.239,19.346666666666668,19.541396002256413,19.2618547008547,11.614948,11.528541,11.563402,11.619265,11.605722,1,2.0,1,0.5,-0.53,10.8,89.2
2022-10-26 00:30:00,87.920649666668,22.313551872222,22.316329594442,19.95740738,19.346666666666668,67.35,1,5.1764362714980825,70.66250196097344,0,2,10,0.0,1.0,0.9749279121818236,-0.2225209339563143,-0.8660254037844386,0.5000000000000001,0.0,0.0,0.0,5.25,9.7,100.0,90.0,15.85,13.410765,0.1,17.5,20.07777777,68.06923076923077,68.875,69.45,69.15,66.95,-0.6107407133333318,0.1676638192307677,-0.0025641025641007,19.34923076923077,19.168,19.73645772225641,19.31163247863248,11.605722,11.614948,11.528541,11.563402,11.618385,0,2.0,1,0.5,-0.49,10.0,90.0
2022-10-26 00:45:00,53.348977088888,0.0,0.0,20.07777777,19.168,66.95,0,5.1764362714980825,70.66250196097344,0,2,10,0.0,1.0,0.9749279121818236,-0.2225209339563143,-0.8660254037844386,0.5000000000000001,0.0,0.0,0.0,5.575,9.7,100.0,89.5,15.875,13.416112,0.1,17.6,20.131481486666665,67.35,68.06923076923077,68.875,69.45,66.53333333333333,-0.9097777700000016,0.1203703900000014,-0.1786666666666683,19.346666666666668,18.91133333333333,19.94164290358974,19.28796581196581,11.618385,11.605722,11.614948,11.528541,11.582418,1,2.0,1,0.5,-0.46,9.5,90.5
2022-10-26 01:00:00,67.138147733332,24.4673546,24.472076711108,20.131481486666665,18.91133333333333,66.53333333333333,1,5.1764362714980825,70.66250196097344,1,2,10,0.2588190451025207,0.9659258262890684,0.9749279121818236,-0.2225209339563143,-0.8660254037844386,0.5000000000000001,0.0,0.0,0.0,5.9,9.7,100.0,89.0,15.9,13.4209795,0.1,17.7,20.1666667,66.95,67.35,68.06923076923077,68.875,66.85,-1.22014815333333,0.0537037166666642,-0.2566666666666641,19.168,18.852,20.055555545555556,19.142,11.582418,11.618385,11.605722,11.614948,11.661519,0,2.0,1,0.5,-0.45,9.3,90.7
2022-10-26 01:15:00,82.724746511108,21.809127616666,21.813571955552,20.1666667,18.852,66.85,1,5.1764362714980825,70.66250196097344,1,2,10,0.2588190451025207,0.9659258262890684,0.9749279121818236,-0.2225209339563143,-0.8660254037844386,0.5000000000000001,0.0,0.0,0.0,6.550000000000001,10.775,87.75,87.5,15.875,13.392752,0.1,17.95,20.18703705,66.53333333333333,66.95,67.35,68.06923076923077,67.0,-1.3146667000000036,0.0351852133333352,-0.0593333333333383,18.91133333333333,18.896,20.12530865222222,18.97711111111111,11.661519,11.582418,11.618385,11.605722,11.701613,0,1.0,0,0.75,-0.44,9.1,90.9
2022-10-26 01:30:00,66.199018583334,0.0,0.0,20.18703705,18.896,67.0,0,5.1764362714980825,70.66250196097344,1,2,10,0.2588190451025207,0.9659258262890684,0.9749279121818236,-0.2225209339563143,-0.8660254037844386,0.5000000000000001,0.0,0.0,0.0,7.2,11.85,75.5,86.0,15.85,13.360264,0.1,18.2,20.22777776,66.85,66.53333333333333,66.95,67.35,67.35,-1.29103705,0.0203703500000003,0.044000000000004,18.852,19.112666666666662,20.16172841222222,18.88644444444444,11.701613,11.661519,11.582418,11.618385,11.790792,1,2.0,1,0.5,-0.44,9.0,91.0
2022-10-26 01:45:00,79.573761522216,21.241650333332,21.24498358333,20.22777776,19.112666666666662,67.35,1,5.1764362714980825,70.66250196097344,1,2,10,0.2588190451025207,0.9659258262890684,0.9749279121818236,-0.2225209339563143,-0.8660254037844386,0.5000000000000001,0.0,0.0,0.0,7.85,12.925,63.25,84.5,15.825,13.323409,0.1,18.45,20.294444443333337,67.0,66.85,66.53333333333333,66.95,67.68333333333334,-1.1151110933333328,0.0407407099999979,0.216666666666665,18.896,19.34,20.19382717,18.953555555555557,11.790792,11.701613,11.661519,11.582418,11.895404,0,1.0,1,0.75,-0.43,8.8,91.2
2022-10-26 02:00:00,58.17461742222,0.0,0.0,20.294444443333337,19.34,67.68333333333334,0,5.1764362714980825,70.66250196097344,2,2,10,0.4999999999999999,0.8660254037844387,0.9749279121818236,-0.2225209339563143,-0.8660254037844386,0.5000000000000001,0.0,0.0,0.0,8.5,14.0,51.0,83.0,15.8,13.28208,0.1,18.7,20.3,67.35,67.0,66.85,66.53333333333333,68.65,-0.9544444433333368,0.066666683333338,0.227333333333334,19.112666666666662,19.832,20.23641975111111,19.11622222222222,11.895404,11.790792,11.701613,11.661519,12.069214,1,2.0,1,0.5,-0.41,8.5,91.5
2022-10-26 02:15:00,63.849112616666,18.587867555556,18.59203412222,20.3,19.832,68.65,1,5.1764362714980825,70.66250196097344,2,2,10,0.4999999999999999,0.8660254037844387,0.9749279121818236,-0.2225209339563143,-0.8660254037844386,0.5000000000000001,0.0,0.0,0.0,8.475,13.925,63.25,84.0,15.725,13.24457,0.075,18.45,20.3282828,67.68333333333334,67.35,67.0,66.85,68.54545454545455,-0.4679999999999999,0.005555556666664,0.4920000000000009,19.34,20.0,20.27407406777778,19.42822222222222,12.069214,11.895404,11.790792,11.701613,12.070757,0,2.0,1,0.5,-0.4,8.3,91.7
2022-10-26 02:30:00,39.957290461114,0.0,0.0,20.3282828,20.0,68.54545454545455,0,5.1764362714980825,70.66250196097344,2,2,10,0.4999999999999999,0.8660254037844387,0.9749279121818236,-0.2225209339563143,-0.8660254037844386,0.5000000000000001,0.0,0.0,0.0,8.45,13.85,75.5,85.0,15.65,13.204912,0.05,18.2,20.2888889,68.65,67.68333333333334,67.35,67.0,68.89999999999999,-0.3282828000000002,0.0282827999999994,0.1679999999999992,19.832,19.950909090909093,20.30757574777778,19.724,12.070757,12.069214,11.895404,11.790792,12.105305,1,2.0,1,0.5,-0.39,8.2,91.8
2022-10-26 02:45:00,57.600751411112,0.0,0.0,20.2888889,19.950909090909093,68.89999999999999,0,5.1764362714980825,70.66250196097344,2,2,10,0.4999999999999999,0.8660254037844387,0.9749279121818236,-0.2225209339563143,-0.8660254037844386,0.5000000000000001,0.0,0.0,0.0,8.425,13.775,87.75,86.0,15.575,13.16316,0.0249999999999999,17.95,20.318518536666662,68.54545454545455,68.65,67.68333333333334,67.35,69.18333333333334,-0.3379798090909069,-0.0393939000000003,-0.049090909090907,20.0,19.982000000000003,20.3057239,19.927636363636363,12.105305,12.070757,12.069214,11.895404,12.17614,0,3.0,0,0.25,-0.4,8.4,91.6
2022-10-26 03:00:00,65.580154455556,16.368234127778,16.37073406111,20.318518536666662,19.982000000000003,69.18333333333334,1,5.1764362714980825,70.66250196097344,3,2,10,0.7071067811865476,0.7071067811865476,0.9749279121818236,-0.2225209339563143,-0.8660254037844386,0.5000000000000001,0.0,0.0,0.0,8.4,13.7,100.0,87.0,15.5,13.119384,0.0,17.7,20.38333334,68.89999999999999,68.54545454545455,68.65,67.68333333333334,69.55,-0.336518536666663,0.0296296366666659,0.0310909090909099,19.950909090909093,20.076666666666664,20.311896745555558,19.977636363636364,12.17614,12.105305,12.070757,12.069214,12.287091,0,2.0,1,0.5,-0.39,8.2,91.8
2022-10-26 03:15:00,57.472701016666,16.156020383334,16.160464705554,20.38333334,20.076666666666664,69.55,1,5.1764362714980825,70.66250196097344,3,2,10,0.7071067811865476,0.7071067811865476,0.9749279121818236,-0.2225209339563143,-0.8660254037844386,0.5000000000000001,0.0,0.0,0.0,8.85,15.05,100.0,87.25,15.55,13.176709,0.0,17.725,20.35740739333333,69.18333333333334,68.89999999999999,68.54545454545455,68.65,70.15,-0.3066666733333356,0.0648148033333342,0.0946666666666615,19.982000000000003,19.97,20.330246925555556,20.00319191919192,12.287091,12.17614,12.105305,12.070757,12.374343,0,2.0,0,0.5,-0.38,7.9,92.1
2022-10-26 03:30:00,56.90772368333,0.0,0.0,20.35740739333333,19.97,70.15,0,5.1764362714980825,70.66250196097344,3,2,10,0.7071067811865476,0.7071067811865476,0.9749279121818236,-0.2225209339563143,-0.8660254037844386,0.5000000000000001,0.0,0.0,0.0,9.3,16.4,100.0,87.5,15.6,13.234175,0.0,17.75,20.38333334,69.55,69.18333333333334,68.89999999999999,68.54545454545455,70.45,-0.3874073933333299,-0.0259259466666677,-0.106666666666662,20.076666666666664,19.93866666666667,20.35308642333333,20.009555555555558,12.374343,12.287091,12.17614,12.105305,12.446091,1,2.0,1,0.5,-0.38,8.0,92.0
2022-10-26 03:45:00,55.123072772222,0.0,0.0,20.38333334,19.93866666666667,70.45,0,5.1764362714980825,70.66250196097344,3,2,10,0.7071067811865476,0.7071067811865476,0.9749279121818236,-0.2225209339563143,-0.8660254037844386,0.5000000000000001,0.0,0.0,0.0,9.75,17.75,100.0,87.75,15.65,13.291776,0.0,17.775,20.35740739333333,70.15,69.55,69.18333333333334,68.89999999999999,69.85,-0.4446666733333302,0.0259259466666677,-0.0313333333333325,19.97,20.139333333333337,20.374691357777778,19.99511111111111,12.446091,12.374343,12.287091,12.17614,12.321423,0,2.0,0,0.5,-0.37,7.9,92.1
2022-10-26 04:00:00,76.844981711108,19.588105327778,19.591438577776,20.35740739333333,20.139333333333337,69.85,1,5.1764362714980825,70.66250196097344,4,2,10,0.8660254037844386,0.5000000000000001,0.9749279121818236,-0.2225209339563143,-0.8660254037844386,0.5000000000000001,0.0,0.0,0.0,10.2,19.1,100.0,88.0,15.7,13.349516,0.0,17.8,20.38333334,70.45,70.15,69.55,69.18333333333334,69.15,-0.2180740599999957,-0.0259259466666677,0.2006666666666667,19.93866666666667,20.098666666666663,20.366049375555555,20.016,12.321423,12.446091,12.374343,12.287091,12.216426,0,2.0,1,0.5,-0.38,8.0,92.0
2022-10-26 04:15:00,54.580039027774,0.0,0.0,20.38333334,20.098666666666663,69.15,0,5.1764362714980825,70.66250196097344,4,2,10,0.8660254037844386,0.5000000000000001,0.9749279121818236,-0.2225209339563143,-0.8660254037844386,0.5000000000000001,0.0,0.0,0.0,10.15,19.0,100.0,87.75,15.65,13.291776,0.0,17.775,20.337606807692307,69.85,70.45,70.15,69.55,69.0,-0.2846666733333336,0.0259259466666677,-0.0406666666666701,20.139333333333337,19.95384615384616,20.374691357777778,20.05888888888889,12.216426,12.321423,12.446091,12.374343,12.157418,1,3.0,1,0.25,-0.38,8.0,92.0
2022-10-26 04:30:00,50.756580838886,17.532632,17.53624302222,20.337606807692307,19.95384615384616,69.0,1,5.1764362714980825,70.66250196097344,4,2,10,0.8660254037844386,0.5000000000000001,0.9749279121818236,-0.2225209339563143,-0.8660254037844386,0.5000000000000001,0.0,0.0,0.0,10.1,18.9,100.0,87.5,15.6,13.234175,0.0,17.75,20.36666666,69.15,69.85,70.45,70.15,69.0,-0.3837606538461493,-0.0457265323076931,-0.1448205128205089,20.098666666666663,19.972,20.35944918034188,20.06394871794872,12.157418,12.216426,12.321423,12.446091,12.178068,0,2.0,1,0.5,-0.39,8.2,91.8
2022-10-26 04:45:00,49.953835166664,0.0,0.0,20.36666666,19.972,69.0,0,5.1764362714980825,70.66250196097344,4,2,10,0.8660254037844386,0.5000000000000001,0.9749279121818236,-0.2225209339563143,-0.8660254037844386,0.5000000000000001,0.0,0.0,0.0,10.05,18.8,100.0,87.25,15.55,13.176709,0.0,17.725,20.337037006666662,69.0,69.15,69.85,70.45,69.0,-0.3946666600000021,0.029059852307693,0.0181538461538401,19.95384615384616,19.90666666666667,20.362535602564105,20.008170940170935,12.178068,12.157418,12.216426,12.321423,12.157016,1,2.0,1,0.5,-0.38,8.0,92.0
2022-10-26 05:00:00,73.72232890555,17.639572172222,17.644572055552,20.337037006666662,19.90666666666667,69.0,1,5.1764362714980825,70.66250196097344,5,2,10,0.9659258262890684,0.2588190451025207,0.9749279121818236,-0.2225209339563143,-0.8660254037844386,0.5000000000000001,0.0,0.0,0.0,10.0,18.7,100.0,87.0,15.5,13.119384,0.0,17.7,20.3333333,69.0,69.0,69.15,69.85,68.6,-0.4303703399999961,-0.029629653333334,-0.0653333333333279,19.972,19.884,20.34710349145299,19.944170940170935,12.157016,12.178068,12.157418,12.216426,12.083926,0,2.0,1,0.5,-0.39,8.2,91.8
2022-10-26 05:15:00,58.190172433328,0.0,0.0,20.3333333,19.884,68.6,0,5.1764362714980825,70.66250196097344,5,2,10,0.9659258262890684,0.2588190451025207,0.9749279121818236,-0.2225209339563143,-0.8660254037844386,0.5000000000000001,0.0,0.0,0.0,10.325,19.525,100.0,87.0,15.525,13.138955,0.0,17.725,20.3333333,69.0,69.0,69.0,69.15,68.03333333333333,-0.4493332999999992,-0.0037037066666663,-0.0226666666666695,19.90666666666667,19.738,20.34567898888889,19.92088888888889,12.083926,12.157016,12.178068,12.157418,11.984106,1,2.0,1,0.5,-0.39,8.2,91.8
2022-10-26 05:30:00,73.223459877776,22.750478827778,22.753534272222,20.3333333,19.738,68.03333333333333,1,5.1764362714980825,70.66250196097344,5,2,10,0.9659258262890684,0.2588190451025207,0.9749279121818236,-0.2225209339563143,-0.8660254037844386,0.5000000000000001,0.0,0.0,0.0,10.65,20.35,100.0,87.0,15.55,13.158549,0.0,17.75,20.3333333,68.6,69.0,69.0,69.0,68.0,-0.5953333000000001,0.0,-0.1460000000000008,19.884,19.502666666666663,20.33456786888889,19.84288888888889,11.984106,12.083926,12.157016,12.178068,11.978235,0,2.0,1,0.5,-0.4,8.3,91.7
2022-10-26 05:45:00,48.938597977776,0.0,0.0,20.3333333,19.502666666666663,68.0,0,5.1764362714980825,70.66250196097344,5,2,10,0.9659258262890684,0.2588190451025207,0.9749279121818236,-0.2225209339563143,-0.8660254037844386,0.5000000000000001,0.0,0.0,0.0,10.975,21.175,100.0,87.0,15.575,13.17817,0.0,17.775,20.3333333,68.03333333333333,68.6,69.0,69.0,68.0,-0.8306666333333332,0.0,-0.2353333333333331,19.738,19.58933333333333,20.3333333,19.708222222222226,11.978235,11.984106,12.083926,12.157016,11.978235,1,2.0,1,0.5,-0.4,8.3,91.7
2022-10-26 06:00:00,57.833519999996,19.854483572222,19.858094577776,20.3333333,19.58933333333333,68.0,1,5.1764362714980825,70.66250196097344,6,2,10,1.0,6.123233995736766e-17,0.9749279121818236,-0.2225209339563143,-0.8660254037844386,0.5000000000000001,0.0,0.0,0.0,11.3,22.0,100.0,87.0,15.6,13.197818,0.0,17.8,20.3333333,68.0,68.03333333333333,68.6,69.0,68.0,-0.7439999666666672,0.0,0.086666666666666,19.502666666666663,19.586666666666662,20.3333333,19.61,11.978235,11.978235,11.984106,12.083926,11.978235,0,2.0,1,0.5,-0.4,8.3,91.7
2022-10-26 06:15:00,76.445275499996,20.720004549998,20.724448872218,20.3333333,19.586666666666662,68.0,1,5.1764362714980825,70.66250196097344,6,2,10,1.0,6.123233995736766e-17,0.9749279121818236,-0.2225209339563143,-0.8660254037844386,0.5000000000000001,0.0,0.0,0.0,10.575,21.9,100.0,87.25,15.625,13.21604,0.0,17.775,20.3333333,68.0,68.0,68.03333333333333,68.6,68.0,-0.7466666333333336,0.0,-0.0026666666666663,19.58933333333333,19.568666666666665,20.3333333,19.55955555555555,11.978235,11.978235,11.978235,11.984106,11.978235,0,1.0,0,0.75,-0.4,8.3,91.7
2022-10-26 06:30:00,65.335164138894,0.0,0.0,20.3333333,19.568666666666665,68.0,0,5.1764362714980825,70.66250196097344,6,2,10,1.0,6.123233995736766e-17,0.9749279121818236,-0.2225209339563143,-0.8660254037844386,0.5000000000000001,0.0,0.0,0.0,9.85,21.8,100.0,87.5,15.65,13.234175,0.0,17.75,20.32777775,68.0,68.0,68.0,68.03333333333333,68.0,-0.7646666333333343,0.0,-0.0180000000000006,19.586666666666662,19.544,20.3333333,19.581555555555557,11.978235,11.978235,11.978235,11.978235,11.974348,1,2.0,1,0.5,-0.4,8.3,91.7
2022-10-26 06:45:00,407.86424044444,10.8970641,10.900952911108,20.32777775,19.544,68.0,1,5.1764362714980825,70.66250196097344,6,2,10,1.0,6.123233995736766e-17,0.9749279121818236,-0.2225209339563143,-0.8660254037844386,0.5000000000000001,0.0,0.0,0.0,9.125,21.700000000000003,100.0,87.75,15.675,13.252221,0.0,17.725,20.32222223666667,68.0,68.0,68.0,68.0,68.0,-0.7837777500000023,-0.0055555500000004,-0.0246666666666683,19.568666666666665,19.472,20.33148145,19.566444444444443,11.974348,11.978235,11.978235,11.978235,11.970465,0,1.0,1,0.75,-0.4,8.3,91.7
2022-10-26 07:00:00,62.81387617778,14.284428566668002,14.289428433332,20.32222223666667,19.472,68.0,1,5.1764362714980825,70.66250196097344,7,2,10,0.9659258262890684,-0.2588190451025206,0.9749279121818236,-0.2225209339563143,-0.8660254037844386,0.5000000000000001,0.0,0.0,0.0,8.4,21.6,100.0,88.0,15.7,13.270182,0.0,17.7,20.34444443,68.0,68.0,68.0,68.0,68.0,-0.8502222366666707,-0.0055555133333307,-0.0719999999999991,19.544,19.543333333333333,20.327777762222222,19.52822222222222,11.970465,11.974348,11.978235,11.978235,11.986011,0,1.0,0,0.75,-0.4,8.3,91.7
2022-10-26 07:15:00,69.092791894438,19.2108982,19.215342538886,20.34444443,19.543333333333333,68.0,1,5.1764362714980825,70.66250196097344,7,2,10,0.9659258262890684,-0.2588190451025206,0.9749279121818236,-0.2225209339563143,-0.8660254037844386,0.5000000000000001,0.75,0.1875,0.0625,8.775,20.075000000000003,100.0,88.0,15.875,13.429258,0.025,17.9,20.30185185,68.0,68.0,68.0,68.0,68.0,-0.8011110966666664,0.0222221933333308,0.0713333333333352,19.472,19.696666666666665,20.331481472222222,19.519777777777776,11.986011,11.970465,11.974348,11.978235,11.956228,0,1.0,0,0.75,-0.39,8.2,91.8
2022-10-26 07:30:00,52.285130744444,0.0,0.0,20.30185185,19.696666666666665,68.0,0,5.1764362714980825,70.66250196097344,7,2,10,0.9659258262890684,-0.2588190451025206,0.9749279121818236,-0.2225209339563143,-0.8660254037844386,0.5000000000000001,1.5,0.5625,0.1875,9.15,18.55,100.0,88.0,16.049999999999997,13.589979,0.05,18.1,20.32777775,68.0,68.0,68.0,68.0,68.05,-0.605185183333333,-0.0425925800000008,0.1533333333333324,19.543333333333333,19.778,20.32283950555556,19.570666666666664,11.956228,11.986011,11.970465,11.974348,11.983152,1,1.0,1,0.75,-0.4,8.4,91.6
2022-10-26 07:45:00,73.005413033332,18.907299211112,18.912021305554,20.32777775,19.778,68.05,1,5.1764362714980825,70.66250196097344,7,2,10,0.9659258262890684,-0.2588190451025206,0.9749279121818236,-0.2225209339563143,-0.8660254037844386,0.5000000000000001,2.25,1.125,0.375,9.525,17.025,100.0,88.0,16.224999999999998,13.752373,0.075,18.3,20.30185185,68.0,68.0,68.0,68.0,68.46666666666667,-0.549777749999997,0.0259259000000007,0.0813333333333368,19.696666666666665,19.96466666666667,20.32469134333333,19.672666666666668,11.983152,11.956228,11.986011,11.970465,12.038281,0,1.0,1,0.75,-0.4,8.3,91.7
2022-10-26 08:00:00,60.827011288888,0.0,0.0,20.30185185,19.96466666666667,68.46666666666667,0,5.1764362714980825,70.66250196097344,8,2,10,0.8660254037844387,-0.4999999999999998,0.9749279121818236,-0.2225209339563143,-0.8660254037844386,0.5000000000000001,3.0,1.875,0.625,9.9,15.5,100.0,88.0,16.4,13.91644,0.1,18.5,20.3,68.05,68.0,68.0,68.0,68.85,-0.3371851833333288,-0.0259259000000007,0.1866666666666674,19.778,20.27466666666667,20.310493816666664,19.813111111111112,12.038281,11.983152,11.956228,11.986011,12.104375,1,2.0,1,0.5,-0.4,8.4,91.6
2022-10-26 08:15:00,58.17267308333,19.717266827778,19.722822205554,20.3,20.27466666666667,68.85,1,5.1764362714980825,70.66250196097344,8,2,10,0.8660254037844387,-0.4999999999999998,0.9749279121818236,-0.2225209339563143,-0.8660254037844386,0.5000000000000001,12.0,4.6875,1.625,10.35,17.125,100.0,87.75,16.424999999999997,13.918071,0.1,18.55,20.349999986666667,68.46666666666667,68.05,68.0,68.0,69.18333333333334,-0.0253333333333323,-0.0018518499999977,0.3099999999999987,19.96466666666667,20.488,20.30987653333333,20.00577777777778,12.104375,12.038281,11.983152,11.956228,12.198548,0,2.0,1,0.5,-0.4,8.3,91.7
2022-10-26 08:30:00,42.759400838882,0.0,0.0,20.349999986666667,20.488,69.18333333333334,0,5.1764362714980825,70.66250196097344,8,2,10,0.8660254037844387,-0.4999999999999998,0.9749279121818236,-0.2225209339563143,-0.8660254037844386,0.5000000000000001,21.0,9.5625,3.375,10.8,18.75,100.0,87.5,16.45,13.919572,0.1,18.6,20.3888889,68.85,68.46666666666667,68.05,68.0,69.55,0.1380000133333325,0.0499999866666662,0.2133333333333311,20.27466666666667,20.466,20.317283945555555,20.242444444444445,12.198548,12.104375,12.038281,11.983152,12.291077,1,2.0,1,0.5,-0.39,8.1,91.9
2022-10-26 08:45:00,63.42774062222,0.0,0.0,20.3888889,20.466,69.55,0,5.1764362714980825,70.66250196097344,8,2,10,0.8660254037844387,-0.4999999999999998,0.9749279121818236,-0.2225209339563143,-0.8660254037844386,0.5000000000000001,30.0,16.5,5.875,11.25,20.375,100.0,87.25,16.475,13.920942,0.1,18.65,20.40925925,69.18333333333334,68.85,68.46666666666667,68.05,69.96666666666667,0.0771110999999997,0.0388889133333343,-0.0219999999999984,20.488,20.724666666666668,20.34629629555556,20.40955555555556,12.291077,12.198548,12.104375,12.038281,12.379423,0,3.0,0,0.25,-0.37,7.9,92.1
2022-10-26 09:00:00,70.6646733,16.9518219,16.956266222220002,20.40925925,20.724666666666668,69.96666666666667,1,5.1764362714980825,70.66250196097344,9,2,10,0.7071067811865476,-0.7071067811865475,0.9749279121818236,-0.2225209339563143,-0.8660254037844386,0.5000000000000001,39.0,25.5,9.125,11.7,22.0,100.0,87.0,16.5,13.92218,0.1,18.7,20.48888888,69.55,69.18333333333334,68.85,68.46666666666667,70.05,0.3154074166666696,0.0203703499999967,0.2586666666666666,20.466,20.964,20.382716045555554,20.559555555555555,12.379423,12.291077,12.198548,12.104375,12.451894,0,2.0,1,0.5,-0.37,7.8,92.2
2022-10-26 09:15:00,50.251323166668,0.0,0.0,20.48888888,20.964,70.05,0,5.1764362714980825,70.66250196097344,9,2,10,0.7071067811865476,-0.7071067811865475,0.9749279121818236,-0.2225209339563143,-0.8660254037844386,0.5000000000000001,64.75,38.6875,14.520833333333334,12.05,23.6,87.25,85.5,16.45,13.885798,0.075,18.95,20.551851893333332,69.96666666666667,69.55,69.18333333333334,68.85,70.46666666666667,0.4751111200000011,0.0796296299999994,0.2393333333333309,20.724666666666668,21.174666666666667,20.42901234333333,20.71822222222222,12.451894,12.379423,12.291077,12.198548,12.572037,1,3.0,1,0.25,-0.35,7.5,92.5
2022-10-26 09:30:00,53.156207099996,0.0,0.0,20.551851893333332,21.174666666666667,70.46666666666667,0,5.1764362714980825,70.66250196097344,9,2,10,0.7071067811865476,-0.7071067811865475,0.9749279121818236,-0.2225209339563143,-0.8660254037844386,0.5000000000000001,90.5,56.0625,22.0625,12.4,25.2,74.5,84.0,16.4,13.844845,0.05,19.2,20.56666671,70.05,69.96666666666667,69.55,69.18333333333334,70.4,0.6228147733333316,0.0629630133333378,0.2106666666666683,20.964,21.67533333333333,20.48333334111111,20.954444444444444,12.572037,12.451894,12.379423,12.291077,12.570997,0,3.0,0,0.25,-0.33,7.2,92.8
2022-10-26 09:45:00,55.63971882222,17.635683444444002,17.640683311108,20.56666671,21.67533333333333,70.4,1,5.1764362714980825,70.66250196097344,9,2,10,0.7071067811865476,-0.7071067811865475,0.9749279121818236,-0.2225209339563143,-0.8660254037844386,0.5000000000000001,116.25,77.625,31.75,12.75,26.8,61.75,82.5,16.35,13.799214,0.0249999999999999,19.45,20.70000003,70.46666666666667,70.05,69.96666666666667,69.55,69.75,1.1086666233333349,0.0148148166666643,0.5006666666666675,21.174666666666667,21.968,20.535802494444443,21.27133333333333,12.570997,12.572037,12.451894,12.379423,12.55207,0,2.0,1,0.5,-0.33,7.2,92.8
2022-10-26 10:00:00,54.483098472218,0.0,0.0,20.70000003,21.968,69.75,0,5.1764362714980825,70.66250196097344,10,2,10,0.4999999999999999,-0.8660254037844387,0.9749279121818236,-0.2225209339563143,-0.8660254037844386,0.5000000000000001,142.0,103.375,43.583333333333336,13.1,28.4,49.0,81.0,16.3,13.748793,0.0,19.7,20.96111112,70.4,70.46666666666667,70.05,69.96666666666667,69.25,1.2679999699999982,0.1333333200000019,0.2926666666666655,21.67533333333333,22.127333333333336,20.60617287777778,21.606,12.55207,12.570997,12.572037,12.451894,12.652848,1,3.0,1,0.25,-0.3,6.8,93.2
2022-10-26 10:15:00,66.417621038886,0.0,0.0,20.96111112,22.127333333333336,69.25,0,5.1764362714980825,70.66250196097344,10,2,10,0.4999999999999999,-0.8660254037844387,0.9749279121818236,-0.2225209339563143,-0.8660254037844386,0.5000000000000001,199.25,137.0,60.125,13.875,30.4,57.75,78.75,16.1,13.584153,0.0,19.975,21.40185187666667,69.75,70.4,70.46666666666667,70.05,68.16666666666667,1.1662222133333344,0.26111109,0.1593333333333362,21.968,22.16933333333333,20.74259262,21.92355555555556,12.652848,12.55207,12.570997,12.572037,12.777507,0,3.0,0,0.25,-0.24,6.1,93.9
2022-10-26 10:30:00,60.984782794442,0.0,0.0,21.40185187666667,22.16933333333333,68.16666666666667,0,5.1764362714980825,70.66250196097344,10,2,10,0.4999999999999999,-0.8660254037844387,0.9749279121818236,-0.2225209339563143,-0.8660254037844386,0.5000000000000001,256.5,178.5,81.375,14.65,32.4,66.5,76.5,15.9,13.410065,0.0,20.25,21.97936508142857,69.25,69.75,70.4,70.46666666666667,66.04285714285714,0.7674814566666655,0.440740756666667,0.041999999999998,22.127333333333336,22.325,21.02098767555556,22.088222222222225,12.777507,12.652848,12.55207,12.570997,12.799536,0,3.0,0,0.25,-0.13,5.4,94.6
2022-10-26 10:45:00,738.551012311112,0.0,0.0,21.97936508142857,22.325,66.04285714285714,0,5.1764362714980825,70.66250196097344,10,2,10,0.4999999999999999,-0.8660254037844387,0.9749279121818236,-0.2225209339563143,-0.8660254037844386,0.5000000000000001,313.75,227.875,107.33333333333331,15.425,34.4,75.25,74.25,15.7,13.226302,0.0,20.525,22.13333332,68.16666666666667,69.25,69.75,70.4,64.38333333333334,0.3456349185714273,0.5775132047619032,0.155666666666665,22.16933333333333,22.502,21.447442692698417,22.207222222222224,12.799536,12.777507,12.652848,12.55207,12.589116,0,4.0,0,0.0,-0.0,5.0,95.0
2022-10-26 11:00:00,51.90514604444,0.0,0.0,22.13333332,22.502,64.38333333333334,0,5.1764362714980825,70.66250196097344,11,2,10,0.258819045102521,-0.9659258262890682,0.9749279121818236,-0.2225209339563143,-0.8660254037844386,0.5000000000000001,371.0,285.125,138.0,16.2,36.4,84.0,72.0,15.5,13.032626,0.0,20.8,21.86666665,66.04285714285714,68.16666666666667,69.25,69.75,64.0,0.3686666800000004,0.15396823857143,0.1770000000000031,22.325,22.818,21.838183426031748,22.332111111111107,12.589116,12.799536,12.777507,12.652848,12.323244,0,4.0,0,0.0,0.02,5.0,95.0
2022-10-26 11:15:00,50.735470633328,0.0,0.0,21.86666665,22.818,64.0,0,5.1764362714980825,70.66250196097344,11,2,10,0.258819045102521,-0.9659258262890682,0.9749279121818236,-0.2225209339563143,-0.8660254037844386,0.5000000000000001,387.75,332.25,169.3125,16.2,37.025,65.0,69.75,15.25,12.810192,0.0,21.05,21.677777806666665,64.38333333333334,66.04285714285714,68.16666666666667,69.25,64.18333333333334,0.9513333499999987,-0.2666666700000029,0.3159999999999954,22.502,23.122,21.993121683809523,22.54833333333333,12.323244,12.589116,12.799536,12.777507,12.224462,0,4.0,0,0.0,-0.04,5.0,95.0
2022-10-26 11:30:00,70.69217236666,0.0,0.0,21.677777806666665,23.122,64.18333333333334,0,5.1764362714980825,70.66250196097344,11,2,10,0.258819045102521,-0.9659258262890682,0.9749279121818236,-0.2225209339563143,-0.8660254037844386,0.5000000000000001,404.5,369.25,201.27083333333331,16.2,37.65,46.0,67.5,15.0,12.578096,0.0,21.3,21.62777778,64.0,64.38333333333334,66.04285714285714,68.16666666666667,64.45,1.444222193333335,-0.1888888433333342,0.304000000000002,22.818,23.574,21.89259259222222,22.814,12.224462,12.323244,12.589116,12.799536,12.23982,0,4.0,0,0.0,-0.09,5.2,94.8
2022-10-26 11:45:00,54.618926388884,0.0,0.0,21.62777778,23.574,64.45,0,5.1764362714980825,70.66250196097344,11,2,10,0.258819045102521,-0.9659258262890682,0.9749279121818236,-0.2225209339563143,-0.8660254037844386,0.5000000000000001,421.25,396.125,233.875,16.2,38.275,27.0,65.25,14.75,12.336132,0.0,21.55,21.59074075,64.18333333333334,64.0,64.38333333333334,66.04285714285714,64.03333333333333,1.9462222200000028,-0.050000026666666,0.4520000000000017,23.122,23.974,21.724074078888886,23.171333333333333,12.23982,12.224462,12.323244,12.589116,12.134676,0,4.0,0,0.0,-0.1,5.2,94.8
2022-10-26 12:00:00,39.230097533328,0.0,0.0,21.59074075,23.974,64.03333333333333,0,5.1764362714980825,70.66250196097344,12,2,10,1.2246467991473532e-16,-1.0,0.9749279121818236,-0.2225209339563143,-0.8660254037844386,0.5000000000000001,438.0,412.875,267.125,16.2,38.9,8.0,63.0,14.5,12.0841,0.0,21.8,21.5555556,64.45,64.18333333333334,64.0,64.38333333333334,63.65,2.3832592499999983,-0.0370370299999969,0.3999999999999986,23.574,23.819333333333336,21.63209877888889,23.55666666666667,12.134676,12.23982,12.224462,12.323244,12.037507,0,4.0,0,0.0,-0.11,5.3,94.7
2022-10-26 12:15:00,54.007284188884,0.0,0.0,21.5555556,23.819333333333336,63.65,0,5.1764362714980825,70.66250196097344,12,2,10,1.2246467991473532e-16,-1.0,0.9749279121818236,-0.2225209339563143,-0.8660254037844386,0.5000000000000001,464.0,431.9375,300.3958333333333,15.975,38.35,31.0,61.25,14.175,11.867662,0.0,21.975,21.5555556,64.03333333333333,64.45,64.18333333333334,64.0,63.31666666666667,2.2637777333333347,-0.0351851500000002,-0.1546666666666638,23.974,23.932,21.591358043333333,23.78911111111111,12.037507,12.134676,12.23982,12.224462,11.974468,0,4.0,0,0.0,-0.12,5.3,94.7
2022-10-26 12:30:00,57.60797350555,0.0,0.0,21.5555556,23.932,63.31666666666667,0,5.1764362714980825,70.66250196097344,12,2,10,1.2246467991473532e-16,-1.0,0.9749279121818236,-0.2225209339563143,-0.8660254037844386,0.5000000000000001,490.0,453.3125,333.6875,15.75,37.8,54.0,59.5,13.85,11.64543,0.0,22.15,21.51666668,63.65,64.03333333333333,64.45,64.18333333333334,62.95,2.3764444000000005,0.0,0.1126666666666658,23.819333333333336,23.512,21.567283983333336,23.908444444444445,11.974468,12.037507,12.134676,12.23982,11.8783655,0,4.0,0,0.0,-0.12,5.3,94.7
2022-10-26 12:45:00,46.499528877776,0.0,0.0,21.51666668,23.512,62.95,0,5.1764362714980825,70.66250196097344,12,2,10,1.2246467991473532e-16,-1.0,0.9749279121818236,-0.2225209339563143,-0.8660254037844386,0.5000000000000001,516.0,477.0,367.0,15.525,37.25,77.0,57.75,13.525,11.417315,0.0,22.325,21.479629613333334,63.31666666666667,63.65,64.03333333333333,64.45,62.53333333333333,1.9953333200000003,-0.0388889200000015,-0.4200000000000017,23.932,23.476666666666667,21.54259262666667,23.754444444444445,11.8783655,11.974468,12.037507,12.134676,11.774476,0,4.0,0,0.0,-0.14,5.4,94.6
2022-10-26 13:00:00,48.764160455556,0.0,0.0,21.479629613333334,23.476666666666667,62.53333333333333,0,5.1764362714980825,70.66250196097344,13,2,10,-0.2588190451025208,-0.9659258262890684,0.9749279121818236,-0.2225209339563143,-0.8660254037844386,0.5000000000000001,542.0,503.0,400.3333333333333,15.3,36.7,100.0,56.0,13.2,11.183237,0.0,22.5,21.48333332,62.95,63.31666666666667,63.65,64.03333333333333,62.15,1.997037053333333,-0.0370370666666666,-0.0353333333333338,23.512,23.997333333333334,21.517283964444445,23.640222222222224,11.774476,11.8783655,11.974468,12.037507,11.704806,0,4.0,0,0.0,-0.15,5.5,94.5
2022-10-26 13:15:00,40.991138005558,0.0,0.0,21.48333332,23.997333333333334,62.15,0,5.1764362714980825,70.66250196097344,13,2,10,-0.2588190451025208,-0.9659258262890684,0.9749279121818236,-0.2225209339563143,-0.8660254037844386,0.5000000000000001,512.5,515.125,426.4375,14.925,36.35,98.5,55.75,13.125,11.101384,0.0,22.45,21.520370386666663,62.53333333333333,62.95,63.31666666666667,63.65,61.63333333333333,2.514000013333334,0.0037037066666663,0.520666666666667,23.476666666666667,24.296,21.49320987111111,23.662000000000003,11.704806,11.774476,11.8783655,11.974468,11.63241,0,4.0,0,0.0,-0.15,5.5,94.5
2022-10-26 13:30:00,43.089943033332,0.0,0.0,21.520370386666663,24.296,61.63333333333333,0,5.1764362714980825,70.66250196097344,13,2,10,-0.2588190451025208,-0.9659258262890684,0.9749279121818236,-0.2225209339563143,-0.8660254037844386,0.5000000000000001,483.0,513.375,445.3125,14.55,36.0,97.0,55.5,13.05,11.0198965,0.0,22.4,21.605555560000003,62.15,62.53333333333333,62.95,63.31666666666667,59.5,2.775629613333333,0.0370370666666666,0.2986666666666657,23.997333333333334,24.776,21.49444444,23.92333333333333,11.63241,11.704806,11.774476,11.8783655,11.285245,0,4.0,0,0.0,-0.14,5.4,94.6
2022-10-26 13:45:00,73.856212416662,11.8028612,11.809527649998,21.605555560000003,24.776,59.5,1,5.1764362714980825,70.66250196097344,13,2,10,-0.2588190451025208,-0.9659258262890684,0.9749279121818236,-0.2225209339563143,-0.8660254037844386,0.5000000000000001,453.5,497.75,456.9583333333333,14.175,35.65,95.5,55.25,12.975,10.938771,0.0,22.35,21.714814793333336,61.63333333333333,62.15,62.53333333333333,62.95,57.7,3.170444439999997,0.0851851733333362,0.4800000000000004,24.296,24.770666666666667,21.53641975555556,24.356444444444445,11.285245,11.63241,11.704806,11.774476,11.013179,0,3.0,1,0.25,-0.14,5.4,94.6
2022-10-26 14:00:00,49.837728711108,0.0,0.0,21.714814793333336,24.770666666666667,57.7,0,5.1764362714980825,70.66250196097344,14,2,10,-0.4999999999999997,-0.8660254037844388,0.9749279121818236,-0.2225209339563143,-0.8660254037844386,0.5000000000000001,424.0,468.25,461.375,13.8,35.3,94.0,55.0,12.9,10.858013,0.0,22.3,21.7222222,59.5,61.63333333333333,62.15,62.53333333333333,56.2,3.0558518733333315,0.1092592333333328,-0.0053333333333327,24.776,24.94,21.613580246666668,24.61422222222222,11.013179,11.285245,11.63241,11.704806,10.731466,1,3.0,1,0.25,-0.12,5.3,94.7
2022-10-26 14:15:00,42.87689593889,0.0,0.0,21.7222222,24.94,56.2,0,5.1764362714980825,70.66250196097344,14,2,10,-0.4999999999999997,-0.8660254037844388,0.9749279121818236,-0.2225209339563143,-0.8660254037844386,0.5000000000000001,387.75,437.0625,461.375,13.4,34.4,95.5,55.75,12.95,10.927193,0.025,22.175,21.7222222,57.7,59.5,61.63333333333333,62.15,54.7,3.2177778000000004,0.0074074066666653,0.1693333333333342,24.770666666666667,24.43733333333333,21.680864184444445,24.828888888888887,10.731466,11.013179,11.285245,11.63241,10.445038,0,3.0,0,0.25,-0.13,5.3,94.7
2022-10-26 14:30:00,49.085258777776,0.0,0.0,21.7222222,24.43733333333333,54.7,0,5.1764362714980825,70.66250196097344,14,2,10,-0.4999999999999997,-0.8660254037844388,0.9749279121818236,-0.2225209339563143,-0.8660254037844386,0.5000000000000001,351.5,404.1875,456.9583333333333,13.0,33.5,97.0,56.5,13.0,10.994745,0.05,22.05,21.71666665,56.2,57.7,59.5,61.63333333333333,54.0,2.715111133333334,0.0,-0.5026666666666664,24.94,23.837333333333333,21.719753064444447,24.716,10.445038,10.731466,11.013179,11.285245,10.308067,0,3.0,0,0.25,-0.14,5.4,94.6
2022-10-26 14:45:00,46.327869011112,0.0,0.0,21.71666665,23.837333333333333,54.0,0,5.1764362714980825,70.66250196097344,14,2,10,-0.4999999999999997,-0.8660254037844388,0.9749279121818236,-0.2225209339563143,-0.8660254037844386,0.5000000000000001,315.25,369.625,448.125,12.6,32.6,98.5,57.25,13.05,11.060692,0.075,21.925,21.670370400000003,54.7,56.2,57.7,59.5,53.81666666666667,2.120666683333333,-0.0055555500000004,-0.6000000000000014,24.43733333333333,23.447333333333333,21.72037035,24.404888888888888,10.308067,10.445038,10.731466,11.013179,10.245621,0,4.0,0,0.0,-0.14,5.4,94.6
2022-10-26 15:00:00,366.855602955556,0.0,0.0,21.670370400000003,23.447333333333333,53.81666666666667,0,5.1764362714980825,70.66250196097344,15,2,10,-0.7071067811865471,-0.7071067811865479,0.9749279121818236,-0.2225209339563143,-0.8660254037844386,0.5000000000000001,279.0,333.375,434.875,12.2,31.7,100.0,58.0,13.1,11.125044,0.1,21.8,21.61666667,54.0,54.7,56.2,57.7,51.6,1.77696293333333,-0.0462962499999974,-0.3900000000000005,23.837333333333333,23.231333333333332,21.703086416666668,23.907333333333337,10.245621,10.308067,10.445038,10.731466,9.793159,0,4.0,0,0.0,-0.16,5.5,94.5
2022-10-26 15:15:00,226.955365805558,0.0,0.0,21.61666667,23.231333333333332,51.6,0,5.1764362714980825,70.66250196097344,15,2,10,-0.7071067811865471,-0.7071067811865479,0.9749279121818236,-0.2225209339563143,-0.8660254037844386,0.5000000000000001,249.5,298.8125,417.0,12.125,30.25,96.5,57.0,12.675,10.838892,0.075,21.65,21.48703702,53.81666666666667,54.0,54.7,56.2,49.41666666666666,1.6146666633333382,-0.0537037300000058,-0.2159999999999975,23.447333333333333,22.966666666666665,21.667901240000003,23.50533333333333,9.793159,10.245621,10.308067,10.445038,9.308714,0,4.0,0,0.0,-0.18,5.7,94.3
2022-10-26 15:30:00,64.19520977222601,0.0,0.0,21.48703702,22.966666666666665,49.41666666666666,0,5.1764362714980825,70.66250196097344,15,2,10,-0.7071067811865471,-0.7071067811865479,0.9749279121818236,-0.2225209339563143,-0.8660254037844386,0.5000000000000001,220.0,265.9375,394.5,12.05,28.8,93.0,56.0,12.25,10.5567465,0.05,21.5,21.39444444,51.6,53.81666666666667,54.0,54.7,48.3,1.479629646666666,-0.1296296499999982,-0.2646666666666704,23.231333333333332,22.715333333333334,21.59135803,23.21511111111111,9.308714,9.793159,10.245621,10.308067,9.049715,0,4.0,0,0.0,-0.23,6.1,93.9
2022-10-26 15:45:00,66.792328166668,0.0,0.0,21.39444444,22.715333333333334,48.3,0,5.1764362714980825,70.66250196097344,15,2,10,-0.7071067811865471,-0.7071067811865479,0.9749279121818236,-0.2225209339563143,-0.8660254037844386,0.5000000000000001,190.5,234.75,367.375,11.975,27.35,89.5,55.0,11.825,10.278561,0.0249999999999999,21.35,21.26481482,49.41666666666666,51.6,53.81666666666667,54.0,48.0,1.3208888933333365,-0.0925925800000015,-0.2513333333333314,22.966666666666665,22.340666666666667,21.499382709999995,22.97111111111111,9.049715,9.308714,9.793159,10.245621,8.926197,0,4.0,0,0.0,-0.26,6.4,93.6
2022-10-26 16:00:00,81.933667088884,18.911743516666,18.925631877776,21.26481482,22.340666666666667,48.0,1,5.1764362714980825,70.66250196097344,16,2,10,-0.8660254037844385,-0.5000000000000004,0.9749279121818236,-0.2225209339563143,-0.8660254037844386,0.5000000000000001,161.0,205.25,335.625,11.9,25.9,86.0,54.0,11.4,10.0042925,0.0,21.2,21.17777779,48.3,49.41666666666666,51.6,53.81666666666667,47.65,1.0758518466666658,-0.1296296199999957,-0.3746666666666662,22.715333333333334,22.107333333333333,21.38209876,22.674222222222223,8.926197,9.049715,9.308714,9.793159,8.81649,0,3.0,1,0.25,-0.29,6.7,93.3
2022-10-26 16:15:00,59.429289466664,0.0,0.0,21.17777779,22.107333333333333,47.65,0,5.1764362714980825,70.66250196097344,16,2,10,-0.8660254037844385,-0.5000000000000004,0.9749279121818236,-0.2225209339563143,-0.8660254037844386,0.5000000000000001,147.0,179.625,305.1666666666667,12.2,26.725,89.25,54.0,11.0,9.731888,0.0,20.725,21.09444445666667,48.0,48.3,49.41666666666666,51.6,48.05,0.9295555433333328,-0.0870370300000011,-0.2333333333333342,22.340666666666667,21.634666666666664,21.27901235,22.38777777777777,8.81649,8.926197,9.049715,9.308714,8.847603,1,3.0,1,0.25,-0.31,7.0,93.0
2022-10-26 16:30:00,74.888948755556,19.417556583334,19.430333855556,21.09444445666667,21.634666666666664,48.05,1,5.1764362714980825,70.66250196097344,16,2,10,-0.8660254037844385,-0.5000000000000004,0.9749279121818236,-0.2225209339563143,-0.8660254037844386,0.5000000000000001,133.0,157.875,276.0,12.5,27.55,92.5,54.0,10.6,9.46593,0.0,20.25,21.01666668,47.65,48.0,48.3,49.41666666666666,49.4,0.540222209999996,-0.0833333333333321,-0.4726666666666688,22.107333333333333,21.41333333333333,21.17901235555556,22.02755555555555,8.847603,8.81649,8.926197,9.049715,9.055188,0,2.0,1,0.5,-0.33,7.3,92.7
2022-10-26 16:45:00,48.030023205554,0.0,0.0,21.01666668,21.41333333333333,49.4,0,5.1764362714980825,70.66250196097344,16,2,10,-0.8660254037844385,-0.5000000000000004,0.9749279121818236,-0.2225209339563143,-0.8660254037844386,0.5000000000000001,119.0,140.0,248.125,12.8,28.375,95.75,54.0,10.2,9.20629,0.0,19.775,20.938888876666667,48.05,47.65,48.0,48.3,49.96666666666667,0.3966666533333338,-0.077777776666668,-0.2213333333333302,21.634666666666664,21.134666666666664,21.09629630888889,21.718444444444444,9.055188,8.847603,8.81649,8.926197,9.117755,1,2.0,1,0.5,-0.34,7.4,92.6
2022-10-26 17:00:00,73.189294577776,25.13621676111,25.149827349998,20.938888876666667,21.134666666666664,49.96666666666667,1,5.1764362714980825,70.66250196097344,17,2,10,-0.9659258262890684,-0.2588190451025206,0.9749279121818236,-0.2225209339563143,-0.8660254037844386,0.5000000000000001,105.0,126.0,221.54166666666663,13.1,29.2,99.0,54.0,9.8,8.952842,0.0,19.3,20.78333334,49.4,48.05,47.65,48.0,50.0,0.1957777899999975,-0.0777778033333334,-0.2786666666666697,21.41333333333333,20.80666666666667,21.01666667111111,21.394222222222226,9.117755,9.055188,8.847603,8.81649,9.041659,0,2.0,1,0.5,-0.36,7.6,92.4
2022-10-26 17:15:00,75.689194611108,0.0,0.0,20.78333334,20.80666666666667,50.0,0,5.1764362714980825,70.66250196097344,17,2,10,-0.9659258262890684,-0.2588190451025206,0.9749279121818236,-0.2225209339563143,-0.8660254037844386,0.5000000000000001,82.5,109.875,196.10416666666663,13.325,30.175,87.0,55.75,9.625,8.88189,0.0,18.625,20.63333337,49.96666666666667,49.4,48.05,47.65,50.0,0.0233333266666662,-0.1555555366666645,-0.3279999999999958,21.134666666666664,20.447333333333333,20.912962965555558,21.11822222222222,9.041659,9.117755,9.055188,8.847603,8.963023,1,2.0,1,0.5,-0.39,8.2,91.8
2022-10-26 17:30:00,63.774671177776,0.0,0.0,20.63333337,20.447333333333333,50.0,0,5.1764362714980825,70.66250196097344,17,2,10,-0.9659258262890684,-0.2588190451025206,0.9749279121818236,-0.2225209339563143,-0.8660254037844386,0.5000000000000001,60.0,91.625,171.8125,13.55,31.15,75.0,57.5,9.45,8.800951,0.0,17.950000000000003,20.38888888,50.0,49.96666666666667,49.4,48.05,50.65,-0.1860000366666661,-0.1499999700000032,-0.3593333333333355,20.80666666666667,20.04133333333333,20.78518519555556,20.796222222222223,8.963023,9.041659,9.117755,9.055188,8.9510145,0,3.0,0,0.25,-0.43,8.8,91.2
2022-10-26 17:45:00,84.449955249998,35.8843979,35.899397316666,20.38888888,20.04133333333333,50.65,1,5.1764362714980825,70.66250196097344,17,2,10,-0.9659258262890684,-0.2588190451025206,0.9749279121818236,-0.2225209339563143,-0.8660254037844386,0.5000000000000001,37.5,71.25,148.66666666666666,13.775,32.125,63.0,59.25,9.275,8.710808,0.0,17.275000000000002,20.148148133333333,50.0,50.0,49.96666666666667,49.4,54.583333333333336,-0.3475555466666655,-0.2444444899999993,-0.4059999999999988,20.447333333333333,19.304,20.601851863333334,20.43177777777778,8.9510145,8.963023,9.041659,9.117755,9.511377,0,2.0,1,0.5,-0.48,9.9,90.1
2022-10-26 18:00:00,69.90414813889001,19.017017022224,19.030627611112,20.148148133333333,19.304,54.583333333333336,1,5.1764362714980825,70.66250196097344,18,2,10,-1.0,-1.8369701987210294e-16,0.9749279121818236,-0.2225209339563143,-0.8660254037844386,0.5000000000000001,15.0,48.75,126.66666666666669,14.0,33.1,51.0,61.0,9.1,8.61221,0.0,16.6,19.69999999,50.65,50.0,50.0,49.96666666666667,58.4,-0.8441481333333343,-0.2407407466666669,-0.7373333333333356,20.04133333333333,18.50733333333333,20.390123461111116,19.930888888888887,9.511377,8.9510145,8.963023,9.041659,9.912709,0,2.0,0,0.5,-0.52,10.6,89.4
2022-10-26 18:15:00,97.698869688888,53.831735511112,53.84840156111,19.69999999,18.50733333333333,58.4,1,5.1764362714980825,70.66250196097344,18,2,10,-1.0,-1.8369701987210294e-16,0.9749279121818236,-0.2225209339563143,-0.8660254037844386,0.5000000000000001,11.25,30.9375,106.8125,14.275,32.475,62.75,63.0,9.325,8.7881365,0.0,16.400000000000002,19.290740733333333,54.583333333333336,50.65,50.0,50.0,59.18333333333333,-1.1926666566666633,-0.4481481433333343,-0.7966666666666633,19.304,18.25933333333333,20.07901233444444,19.284222222222223,9.912709,9.511377,8.9510145,8.963023,9.806854,0,1.0,0,0.75,-0.6,12.6,87.4
2022-10-26 18:30:00,121.267649166664,54.9928002,55.00946628333,19.290740733333333,18.25933333333333,59.18333333333333,1,5.1764362714980825,70.66250196097344,18,2,10,-1.0,-1.8369701987210294e-16,0.9749279121818236,-0.2225209339563143,-0.8660254037844386,0.5000000000000001,7.5,17.8125,89.10416666666667,14.55,31.85,74.5,65.0,9.55,8.958446,0.0,16.200000000000003,19.07222226,58.4,54.583333333333336,50.65,50.0,59.55,-1.031407399999999,-0.4092592566666653,-0.2480000000000011,18.50733333333333,18.216666666666665,19.712962952222224,18.69022222222222,9.806854,9.912709,9.511377,8.9510145,9.741346,0,0.0,0,1.0,-0.7,15.2,84.8
2022-10-26 18:45:00,83.565546144444,20.914996733332,20.928607305554,19.07222226,18.216666666666665,59.55,1,5.1764362714980825,70.66250196097344,18,2,10,-1.0,-1.8369701987210294e-16,0.9749279121818236,-0.2225209339563143,-0.8660254037844386,0.5000000000000001,3.75,9.375,73.54166666666667,14.825,31.225,86.25,67.0,9.775,9.123236,0.0,16.0,18.859259276666663,59.18333333333333,58.4,54.583333333333336,50.65,60.15,-0.8555555933333352,-0.2185184733333329,-0.042666666666669,18.25933333333333,18.186666666666667,19.354320994444446,18.327777777777776,9.741346,9.806854,9.912709,9.511377,9.716567,0,0.0,0,1.0,-0.75,16.7,83.3
2022-10-26 19:00:00,97.567208272222,54.033949655556,54.050060177776,18.859259276666663,18.186666666666667,60.15,1,5.1764362714980825,70.66250196097344,19,2,10,-0.9659258262890684,0.2588190451025203,0.9749279121818236,-0.2225209339563143,-0.8660254037844386,0.5000000000000001,0.0,5.625,60.125,15.1,30.6,98.0,69.0,10.0,9.282601,0.0,15.8,18.75555555,59.55,59.18333333333333,58.4,54.583333333333336,60.85,-0.6725926099999988,-0.2129629833333339,-0.0299999999999975,18.216666666666665,18.049333333333333,19.07407409,18.22088888888889,9.716567,9.741346,9.806854,9.912709,9.769575,0,0.0,0,1.0,-0.79,18.3,81.7
2022-10-26 19:15:00,91.106077977772,38.9676079,38.98232956111,18.75555555,18.049333333333333,60.85,1,5.1764362714980825,70.66250196097344,19,2,10,-0.9659258262890684,0.2588190451025203,0.9749279121818236,-0.2225209339563143,-0.8660254037844386,0.5000000000000001,0.0,2.8125,47.875,14.225,31.325000000000003,92.0,75.25,10.85,9.910901,0.025,15.45,18.918518523333333,60.15,59.55,59.18333333333333,58.4,61.0,-0.7062222166666672,-0.1037037266666658,-0.1373333333333342,18.186666666666667,17.768666666666668,18.89567902888889,18.15088888888889,9.769575,9.716567,9.741346,9.806854,9.888428,0,0.0,0,1.0,-0.82,19.0,81.0
2022-10-26 19:30:00,55.684717055552,0.0,0.0,18.918518523333333,17.768666666666668,61.0,0,5.1764362714980825,70.66250196097344,19,2,10,-0.9659258262890684,0.2588190451025203,0.9749279121818236,-0.2225209339563143,-0.8660254037844386,0.5000000000000001,0.0,0.9375,36.79166666666666,13.35,32.05,86.0,81.5,11.7,10.508113,0.05,15.1,19.26111109,60.85,60.15,59.55,59.18333333333333,61.0,-1.149851856666665,0.1629629733333324,-0.280666666666665,18.049333333333333,16.884666666666668,18.84444445,18.001555555555555,9.888428,9.769575,9.716567,9.741346,10.090258,1,1.0,1,0.75,-0.78,17.7,82.3
2022-10-26 19:45:00,108.3923308,30.859876655556,30.879320344444,19.26111109,16.884666666666668,61.0,1,5.1764362714980825,70.66250196097344,19,2,10,-0.9659258262890684,0.2588190451025203,0.9749279121818236,-0.2225209339563143,-0.8660254037844386,0.5000000000000001,0.0,0.0,26.875,12.475,32.775,80.0,87.75,12.55,11.0751295,0.075,14.75,19.59259258,61.0,60.85,60.15,59.55,61.73333333333333,-2.376444423333332,0.3425925666666671,-0.8840000000000003,17.768666666666668,15.83,18.978395054444444,17.567555555555554,10.090258,9.888428,9.769575,9.716567,10.412624,0,1.0,1,0.75,-0.69,15.1,84.9
2022-10-26 20:00:00,103.670297405558,13.844168411112,13.86805633889,19.59259258,15.83,61.73333333333333,1,5.1764362714980825,70.66250196097344,20,2,10,-0.8660254037844386,0.5000000000000001,0.9749279121818236,-0.2225209339563143,-0.8660254037844386,0.5000000000000001,0.0,0.0,18.125,11.6,33.5,74.0,94.0,13.4,11.612833,0.1,14.4,19.20000002,61.0,61.0,60.85,60.15,65.15,-3.762592579999998,0.331481489999998,-1.0546666666666678,16.884666666666668,15.514666666666669,19.25740739777778,16.82777777777778,10.412624,10.090258,9.888428,9.769575,10.737997,0,1.0,0,0.75,-0.61,12.8,87.2
2022-10-26 20:15:00,115.966194466668,44.162122327778,44.1873991,19.20000002,15.514666666666669,65.15,1,5.1764362714980825,70.66250196097344,20,2,10,-0.8660254037844386,0.5000000000000001,0.9749279121818236,-0.2225209339563143,-0.8660254037844386,0.5000000000000001,0.0,0.0,11.25,11.25,31.325,68.5,94.0,13.425,11.612833,0.1,14.4,18.90925924333333,61.73333333333333,61.0,61.0,60.85,66.1,-3.685333353333334,-0.3925925599999971,-0.3153333333333332,15.83,15.383333333333333,19.351234563333332,16.076444444444444,10.737997,10.412624,10.090258,9.888428,10.709308,0,1.0,0,0.75,-0.69,14.9,85.1
2022-10-26 20:30:00,126.871591633332,54.954746155556,54.981411788888,18.90925924333333,15.383333333333333,66.1,1,5.1764362714980825,70.66250196097344,20,2,10,-0.8660254037844386,0.5000000000000001,0.9749279121818236,-0.2225209339563143,-0.8660254037844386,0.5000000000000001,0.0,0.0,6.25,10.9,29.15,63.0,94.0,13.45,11.612833,0.1,14.4,19.03888892,65.15,61.73333333333333,61.0,61.0,65.5,-3.5259259100000016,-0.2907407766666665,-0.1313333333333339,15.514666666666669,15.274666666666668,19.23395061444445,15.576,10.709308,10.737997,10.412624,10.090258,10.693616,0,0.0,0,1.0,-0.75,16.9,83.1
2022-10-26 20:45:00,133.08328745556,49.438577927778,49.463299172222,19.03888892,15.274666666666668,65.5,1,5.1764362714980825,70.66250196097344,20,2,10,-0.8660254037844386,0.5000000000000001,0.9749279121818236,-0.2225209339563143,-0.8660254037844386,0.5000000000000001,0.0,0.0,3.125,10.55,26.975,57.5,94.0,13.475,11.612833,0.1,14.4,18.97407409,66.1,65.15,61.73333333333333,61.0,65.86666666666666,-3.7642222533333314,0.1296296766666635,-0.1086666666666662,15.383333333333333,15.145333333333332,19.04938272777778,15.390888888888888,10.693616,10.709308,10.737997,10.412624,10.712424,0,0.0,0,1.0,-0.72,16.0,84.0
2022-10-26 21:00:00,146.968009911112,28.172761944444,28.219149005554,18.97407409,15.145333333333332,65.86666666666666,1,5.1764362714980825,70.66250196097344,21,2,10,-0.7071067811865477,0.7071067811865474,0.9749279121818236,-0.2225209339563143,-0.8660254037844386,0.5000000000000001,0.0,0.0,1.875,10.2,24.8,52.0,94.0,13.5,11.612833,0.1,14.4,18.51666666,65.5,66.1,65.15,61.73333333333333,67.55,-3.828740756666665,-0.0648148299999995,-0.1293333333333333,15.274666666666668,15.02,18.97407408444444,15.267777777777775,10.712424,10.693616,10.709308,10.737997,10.693004,0,0.0,0,1.0,-0.74,16.4,83.6
2022-10-26 21:15:00,192.362860794442,54.158111355556,54.214775755556,18.51666666,15.02,67.55,1,5.1764362714980825,70.66250196097344,21,2,10,-0.7071067811865477,0.7071067811865474,0.9749279121818236,-0.2225209339563143,-0.8660254037844386,0.5000000000000001,0.0,0.0,0.9375,10.4,23.725,45.75,94.25,13.375,11.554923,0.075,14.275,18.410317455714285,65.86666666666666,65.5,66.1,65.15,67.67142857142856,-3.496666659999997,-0.4574074299999999,-0.1253333333333319,15.145333333333332,14.95,18.84320989,15.146666666666668,10.693004,10.712424,10.693616,10.709308,10.644917,0,0.0,0,1.0,-0.84,19.8,80.2
2022-10-26 21:30:00,185.631185588888,51.632379055556,51.680432716666,18.410317455714285,14.95,67.67142857142856,1,5.1764362714980825,70.66250196097344,21,2,10,-0.7071067811865477,0.7071067811865474,0.9749279121818236,-0.2225209339563143,-0.8660254037844386,0.5000000000000001,0.0,0.0,0.3125,10.6,22.65,39.5,94.5,13.25,11.497131,0.05,14.15,18.62777781,67.55,65.86666666666666,65.5,66.1,65.9,-3.460317455714284,-0.1063492042857134,-0.0700000000000002,15.02,14.858,18.633686068571425,15.038444444444444,10.644917,10.693004,10.712424,10.693616,10.500678,0,0.0,0,1.0,-0.86,20.7,79.3
2022-10-26 21:45:00,169.728488322224,45.969272255556,46.0214924,18.62777781,14.858,65.9,1,5.1764362714980825,70.66250196097344,21,2,10,-0.7071067811865477,0.7071067811865474,0.9749279121818236,-0.2225209339563143,-0.8660254037844386,0.5000000000000001,0.0,0.0,0.0,10.8,21.575,33.25,94.75,13.125,11.439463,0.0249999999999999,14.025,18.37037035,67.67142857142856,67.55,65.86666666666666,65.5,65.76666666666667,-3.769777810000001,0.2174603542857163,-0.0920000000000005,14.95,14.834,18.518253975238093,14.942666666666668,10.500678,10.644917,10.693004,10.712424,10.320814,0,0.0,0,1.0,-0.82,19.2,80.8
2022-10-26 22:00:00,191.409287855552,62.582496583334,62.638327766664,18.37037035,14.834,65.76666666666667,1,5.1764362714980825,70.66250196097344,22,2,10,-0.5000000000000004,0.8660254037844384,0.9749279121818236,-0.2225209339563143,-0.8660254037844386,0.5000000000000001,0.0,0.0,0.0,11.0,20.5,27.0,95.0,13.0,11.381915,0.0,13.9,17.86111108,65.9,67.67142857142856,67.55,65.86666666666666,66.85,-3.5363703499999986,-0.2574074600000031,-0.0240000000000009,14.858,14.842,18.46948853857143,14.880666666666665,10.320814,10.500678,10.644917,10.693004,10.178063,0,0.0,0,1.0,-0.88,21.5,78.5
2022-10-26 22:15:00,120.17491522777,42.737179344444,42.753845394442,17.86111108,14.842,66.85,1,5.1764362714980825,70.66250196097344,22,2,10,-0.5000000000000004,0.8660254037844384,0.9749279121818236,-0.2225209339563143,-0.8660254037844386,0.5000000000000001,0.0,0.0,0.0,12.375,23.475,30.0,94.5,12.825,11.235324,0.0,13.775,18.559259236666666,65.76666666666667,65.9,67.67142857142856,67.55,65.23333333333333,-3.01911108,-0.5092592699999976,0.0080000000000008,14.834,14.9,18.286419746666667,14.844666666666669,10.178063,10.320814,10.500678,10.644917,10.352366,0,0.0,0,1.0,-1.0,26.1,73.9
2022-10-26 22:30:00,170.64289617778,27.838608627778,27.845830605554,18.559259236666666,14.9,65.23333333333333,1,5.1764362714980825,70.66250196097344,22,2,10,-0.5000000000000004,0.8660254037844384,0.9749279121818236,-0.2225209339563143,-0.8660254037844386,0.5000000000000001,0.0,0.0,0.0,13.75,26.45,33.0,94.0,12.65,11.090223,0.0,13.65,19.17777779,66.85,65.76666666666667,65.9,67.67142857142856,64.1,-3.6592592366666654,0.6981481566666652,0.0579999999999998,14.842,14.916666666666666,18.26358022222222,14.858666666666664,10.352366,10.178063,10.320814,10.500678,10.551111,0,0.0,0,1.0,-0.84,19.9,80.1
2022-10-26 22:45:00,371.954287833336,14.919958694446,14.925514072222,19.17777779,14.916666666666666,64.1,1,5.1764362714980825,70.66250196097344,22,2,10,-0.5000000000000004,0.8660254037844384,0.9749279121818236,-0.2225209339563143,-0.8660254037844386,0.5000000000000001,0.0,0.0,0.0,15.125,29.425,36.0,93.5,12.475,10.946604,0.0,13.525,19.494444416666667,65.23333333333333,66.85,65.76666666666667,65.9,63.35,-4.261111123333334,0.6185185533333346,0.0166666666666657,14.9,15.020666666666669,18.53271603555556,14.88622222222222,10.551111,10.352366,10.178063,10.320814,10.623853,0,0.0,0,1.0,-0.7,15.2,84.8
2022-10-26 23:00:00,72.821809377772,21.776906672222,21.781350994442,19.494444416666667,15.020666666666669,63.35,1,5.1764362714980825,70.66250196097344,23,2,10,-0.2588190451025215,0.965925826289068,0.9749279121818236,-0.2225209339563143,-0.8660254037844386,0.5000000000000001,0.0,0.0,0.0,16.5,32.4,39.0,93.0,12.3,10.80445,0.0,13.4,19.625925913333333,64.1,65.23333333333333,66.85,65.76666666666667,62.61666666666667,-4.47377775,0.3166666266666667,0.1040000000000009,14.916666666666666,15.0,19.07716048111111,14.945777777777778,10.623853,10.551111,10.352366,10.178063,10.582315,0,0.0,0,1.0,-0.62,13.2,86.8
2022-10-26 23:15:00,67.34286174444401,29.6613135,29.667146633332,19.625925913333333,15.0,62.61666666666667,1,5.1764362714980825,70.66250196097344,23,2,10,-0.2588190451025215,0.965925826289068,0.9749279121818236,-0.2225209339563143,-0.8660254037844386,0.5000000000000001,0.0,0.0,0.0,16.974999999999998,33.65,54.25,93.0,12.15,10.704848,0.0,13.25,19.83888887333333,63.35,64.1,65.23333333333333,66.85,61.85,-4.625925913333333,0.1314814966666659,-0.020666666666667,15.020666666666669,14.806,19.43271604,14.97911111111111,10.582315,10.623853,10.551111,10.352366,10.58419,0,0.0,0,1.0,-0.6,12.5,87.5
2022-10-26 23:30:00,73.14735182222,15.167726583334,15.173004205554,19.83888887333333,14.806,61.85,1,5.1764362714980825,70.66250196097344,23,2,10,-0.2588190451025215,0.965925826289068,0.9749279121818236,-0.2225209339563143,-0.8660254037844386,0.5000000000000001,0.0,0.0,0.0,17.45,34.9,69.5,93.0,12.0,10.606049,0.0,13.1,19.89444445,62.61666666666667,63.35,64.1,65.23333333333333,60.75,-5.032888873333334,0.2129629600000022,-0.193999999999999,15.0,14.576,19.65308640111111,14.942222222222222,10.58419,10.582315,10.623853,10.551111,10.429864,0,0.0,0,1.0,-0.55,11.3,88.7
2022-10-26 23:45:00,90.673039583334,23.164073366668,23.169906516666,19.89444445,14.576,60.75,1,5.1764362714980825,70.66250196097344,23,2,10,-0.2588190451025215,0.965925826289068,0.9749279121818236,-0.2225209339563143,-0.8660254037844386,0.5000000000000001,0.0,0.0,0.0,17.924999999999997,36.15,84.75,93.0,11.85,10.508041,0.0,12.95,19.913888875,61.85,62.61666666666667,63.35,64.1,60.025,-5.318444449999999,0.0555555766666628,-0.2300000000000022,14.806,14.40125,19.786419745555555,14.793999999999995,10.429864,10.58419,10.582315,10.623853,10.317143,0,0.0,0,1.0,-0.54,11.2,88.8
2022-10-27 00:00:00,45.285688533332,18.7650827,18.768693688888,19.913888875,14.40125,60.025,1,5.1764362714980825,70.66250196097344,0,3,10,0.0,1.0,0.4338837391175582,-0.900968867902419,-0.8660254037844386,0.5000000000000001,0.0,0.0,0.0,18.4,37.4,100.0,93.0,11.7,10.410827,0.0,12.8,20.01527781416667,60.75,61.85,62.61666666666667,63.35,59.24166666666667,-5.512638875,0.0194444250000032,-0.1747499999999977,14.576,14.208333333333334,19.88240739944445,14.594416666666666,10.317143,10.429864,10.58419,10.582315,10.243151,0,0.0,0,1.0,-0.54,11.1,88.9
2022-10-27 00:15:00,44.279062166664,0.0,0.0,20.01527781416667,14.208333333333334,59.24166666666667,0,5.1764362714980825,70.66250196097344,0,3,10,0.0,1.0,0.4338837391175582,-0.900968867902419,-0.8660254037844386,0.5000000000000001,0.0,0.0,0.0,19.5,40.1,100.0,92.5,11.45,10.243029,0.05,12.625,20.0555556,60.025,60.75,61.85,62.61666666666667,58.81666666666667,-5.806944480833336,0.101388939166668,-0.192916666666667,14.40125,13.455333333333332,19.94120371305556,14.395194444444444,10.243151,10.317143,10.429864,10.58419,10.193677,1,1.0,1,0.75,-0.52,10.7,89.3
2022-10-27 00:30:00,84.40717907778,39.8692385,39.877015988888,20.0555556,13.455333333333332,58.81666666666667,1,5.1764362714980825,70.66250196097344,0,3,10,0.0,1.0,0.4338837391175582,-0.900968867902419,-0.8660254037844386,0.5000000000000001,0.0,0.0,0.0,20.6,42.8,100.0,92.0,11.2,10.077486,0.1,12.45,20.12222226,59.24166666666667,60.025,60.75,61.85,58.1,-6.60022226666667,0.0402777858333323,-0.7530000000000019,14.208333333333334,12.537333333333333,19.994907429722225,14.021638888888887,10.193677,10.243151,10.317143,10.429864,10.108829,0,1.0,1,0.75,-0.51,10.5,89.5
2022-10-27 00:45:00,48.318345088884,0.0,0.0,20.12222226,12.537333333333333,58.1,0,5.1764362714980825,70.66250196097344,0,3,10,0.0,1.0,0.4338837391175582,-0.900968867902419,-0.8660254037844386,0.5000000000000001,0.0,0.0,0.0,21.7,45.5,100.0,91.5,10.95,9.914175,0.15,12.275,20.02222223333333,58.81666666666667,59.24166666666667,60.025,60.75,57.53333333333333,-7.584888926666668,0.0666666599999992,-0.9179999999999992,13.455333333333332,11.736666666666668,20.06435189138889,13.40033333333333,10.108829,10.193677,10.243151,10.317143,9.951822,1,2.0,1,0.5,-0.5,10.3,89.7
2022-10-27 01:00:00,109.946990761114,48.0939095,48.102520272222,20.02222223333333,11.736666666666668,57.53333333333333,1,5.1764362714980825,70.66250196097344,1,3,10,0.2588190451025207,0.9659258262890684,0.4338837391175582,-0.900968867902419,-0.8660254037844386,0.5000000000000001,0.0,0.0,0.0,22.8,48.2,100.0,91.0,10.7,9.753067,0.2,12.1,20.05555554,58.1,58.81666666666667,59.24166666666667,60.025,56.75,-8.285555566666662,-0.1000000266666703,-0.8006666666666646,12.537333333333333,11.667333333333334,20.066666697777777,12.576444444444444,9.951822,10.108829,10.193677,10.243151,9.835497,0,2.0,1,0.5,-0.53,10.9,89.1
2022-10-27 01:15:00,59.345681727774,0.0,0.0,20.05555554,11.667333333333334,56.75,0,5.1764362714980825,70.66250196097344,1,3,10,0.2588190451025207,0.9659258262890684,0.4338837391175582,-0.900968867902419,-0.8660254037844386,0.5000000000000001,0.0,0.0,0.0,22.325,48.400000000000006,100.0,90.0,10.225,9.481721,0.15,11.825,20.0592593,57.53333333333333,58.1,58.81666666666667,59.24166666666667,55.85,-8.388222206666667,0.0333333066666696,-0.0693333333333345,11.736666666666668,11.724,20.06666667777777,11.980444444444444,9.835497,9.951822,10.108829,10.193677,9.681613,1,2.0,1,0.5,-0.53,10.8,89.2
2022-10-27 01:30:00,84.646058488888,48.745827872222,48.754716416666,20.0592593,11.724,55.85,1,5.1764362714980825,70.66250196097344,1,3,10,0.2588190451025207,0.9659258262890684,0.4338837391175582,-0.900968867902419,-0.8660254037844386,0.5000000000000001,0.0,0.0,0.0,21.85,48.6,100.0,89.0,9.75,9.216436,0.1,11.55,20.13333337,56.75,57.53333333333333,58.1,58.81666666666667,54.8,-8.3352593,0.0037037600000005,0.0566666666666666,11.667333333333334,11.72,20.045679024444443,11.709333333333332,9.681613,9.835497,9.951822,10.108829,9.540859,0,2.0,1,0.5,-0.53,10.9,89.1
2022-10-27 01:45:00,62.903594888888,19.425611827778003,19.430889416666,20.13333337,11.72,54.8,1,5.1764362714980825,70.66250196097344,1,3,10,0.2588190451025207,0.9659258262890684,0.4338837391175582,-0.900968867902419,-0.8660254037844386,0.5000000000000001,0.0,0.0,0.0,21.375,48.8,100.0,88.0,9.275,8.957097,0.0499999999999999,11.275,20.125925963333334,55.85,56.75,57.53333333333333,58.1,54.13333333333333,-8.413333369999998,0.0740740699999982,-0.0039999999999995,11.724,11.724,20.08271607,11.70377777777778,9.540859,9.681613,9.835497,9.951822,9.42071,0,1.0,0,0.75,-0.52,10.6,89.4
2022-10-27 02:00:00,86.20932932222,41.88193573889,41.8908243,20.125925963333334,11.724,54.13333333333333,1,5.1764362714980825,70.66250196097344,2,3,10,0.4999999999999999,0.8660254037844387,0.4338837391175582,-0.900968867902419,-0.8660254037844386,0.5000000000000001,0.0,0.0,0.0,20.9,49.0,100.0,87.0,8.8,8.703598,0.0,11.0,20.13333337,54.8,55.85,56.75,57.53333333333333,53.45,-8.401925963333333,-0.0074074066666653,0.0039999999999995,11.72,11.662,20.106172877777777,11.722666666666669,9.42071,9.540859,9.681613,9.835497,9.305821,0,1.0,0,0.75,-0.52,10.7,89.3
2022-10-27 02:15:00,78.748516783326,27.48528946111,27.49167812222,20.13333337,11.662,53.45,1,5.1764362714980825,70.66250196097344,2,3,10,0.4999999999999999,0.8660254037844387,0.4338837391175582,-0.900968867902419,-0.8660254037844386,0.5000000000000001,0.0,0.0,0.0,20.7,47.9,100.0,86.0,8.525,8.522702,0.0,10.85,20.14595961272727,54.13333333333333,54.8,55.85,56.75,52.85909090909092,-8.471333369999998,0.0074074066666653,-0.0619999999999993,11.724,11.53,20.130864234444445,11.701999999999998,9.305821,9.42071,9.540859,9.681613,9.209742,0,0.0,0,1.0,-0.53,10.8,89.2
2022-10-27 02:30:00,61.194774394442,22.898528472222,22.904083816666,20.14595961272727,11.53,52.85909090909092,1,5.1764362714980825,70.66250196097344,2,3,10,0.4999999999999999,0.8660254037844387,0.4338837391175582,-0.900968867902419,-0.8660254037844386,0.5000000000000001,0.0,0.0,0.0,20.5,46.8,100.0,85.0,8.25,8.344341,0.0,10.7,20.170000021,53.45,54.13333333333333,54.8,55.85,51.970000000000006,-8.615959612727272,0.012626242727272,-0.1320000000000014,11.662,11.222,20.1350729820202,11.638666666666666,9.209742,9.305821,9.42071,9.540859,9.067572,0,0.0,0,1.0,-0.53,10.8,89.2
2022-10-27 02:45:00,61.85058146111,36.648534016666,36.655478188888,20.170000021,11.222,51.970000000000006,1,5.1764362714980825,70.66250196097344,2,3,10,0.4999999999999999,0.8660254037844387,0.4338837391175582,-0.900968867902419,-0.8660254037844386,0.5000000000000001,0.0,0.0,0.0,20.3,45.7,100.0,84.0,7.975,8.168489,0.0,10.55,20.270370393333334,52.85909090909092,53.45,54.13333333333333,54.8,50.88333333333333,-8.948000021,0.0240404082727287,-0.3079999999999998,11.53,10.966666666666669,20.14976433457576,11.471333333333332,9.067572,9.209742,9.305821,9.42071,8.930218,0,0.0,0,1.0,-0.53,10.8,89.2
2022-10-27 03:00:00,79.069059311112,43.253269783334,43.262713905554,20.270370393333334,10.966666666666669,50.88333333333333,1,5.1764362714980825,70.66250196097344,3,3,10,0.7071067811865476,0.7071067811865476,0.4338837391175582,-0.900968867902419,-0.8660254037844386,0.5000000000000001,0.0,0.0,0.0,20.1,44.6,100.0,83.0,7.7,7.9951153,0.0,10.4,20.26666669,51.970000000000006,52.85909090909092,53.45,54.13333333333333,50.45,-9.303703726666669,0.1003703723333337,-0.2553333333333327,11.222,10.691333333333334,20.19544334235353,11.239555555555556,8.930218,9.067572,9.209742,9.305821,8.85225,0,0.0,0,1.0,-0.51,10.4,89.6
2022-10-27 03:15:00,72.039062788888,22.258276333332,22.265498294442,20.26666669,10.691333333333334,50.45,1,5.1764362714980825,70.66250196097344,3,3,10,0.7071067811865476,0.7071067811865476,0.4338837391175582,-0.900968867902419,-0.8660254037844386,0.5000000000000001,0.0,0.0,0.0,19.625,44.25,100.0,82.75,7.5,7.908264,0.025,10.275,20.194444456666663,50.88333333333333,51.970000000000006,52.85909090909092,53.45,49.85,-9.575333356666668,-0.0037037033333326,-0.2753333333333323,10.966666666666669,10.532666666666668,20.235679034777775,10.96,8.85225,8.930218,9.067572,9.209742,8.710122,0,0.0,0,1.0,-0.51,10.5,89.5
2022-10-27 03:30:00,108.358443188892,54.730032927778,54.740032511112,20.194444456666663,10.532666666666668,49.85,1,5.1764362714980825,70.66250196097344,3,3,10,0.7071067811865476,0.7071067811865476,0.4338837391175582,-0.900968867902419,-0.8660254037844386,0.5000000000000001,0.0,0.0,0.0,19.15,43.900000000000006,100.0,82.5,7.300000000000001,7.8222194,0.05,10.15,20.26666667,50.45,50.88333333333333,51.970000000000006,52.85909090909092,49.15,-9.66177779,-0.0722222333333348,-0.1586666666666669,10.691333333333334,10.42,20.24382718,10.730222222222222,8.710122,8.85225,8.930218,9.067572,8.624145,0,0.0,0,1.0,-0.53,11.0,89.0
2022-10-27 03:45:00,82.842797288888,36.346323872222,36.354101344444,20.26666667,10.42,49.15,1,5.1764362714980825,70.66250196097344,3,3,10,0.7071067811865476,0.7071067811865476,0.4338837391175582,-0.900968867902419,-0.8660254037844386,0.5000000000000001,0.0,0.0,0.0,18.675,43.55,100.0,82.25,7.1000000000000005,7.736977,0.075,10.025,20.268518513333333,49.85,50.45,50.88333333333333,51.970000000000006,49.0,-9.84666667,0.0722222133333332,-0.1126666666666675,10.532666666666668,10.423333333333334,20.242592605555554,10.548,8.624145,8.710122,8.85225,8.930218,8.598755,0,0.0,0,1.0,-0.52,10.7,89.3
2022-10-27 04:00:00,77.032196522216,30.389339944444,30.39600636111,20.268518513333333,10.423333333333334,49.0,1,5.1764362714980825,70.66250196097344,4,3,10,0.8660254037844386,0.5000000000000001,0.4338837391175582,-0.900968867902419,-0.8660254037844386,0.5000000000000001,0.0,0.0,0.0,18.2,43.2,100.0,82.0,6.9,7.6525326,0.1,9.9,20.13888889,49.15,49.85,50.45,50.88333333333333,48.65,-9.84518518,0.0018518433333341,0.0033333333333338,10.42,10.355333333333334,20.24320988,10.458666666666666,8.598755,8.624145,8.710122,8.85225,8.47288,0,0.0,0,1.0,-0.52,10.7,89.3
2022-10-27 04:15:00,90.524156738886,54.767253672222,54.7786421,20.13888889,10.355333333333334,48.65,1,5.1764362714980825,70.66250196097344,4,3,10,0.8660254037844386,0.5000000000000001,0.4338837391175582,-0.900968867902419,-0.8660254037844386,0.5000000000000001,0.0,0.0,0.0,18.275,42.3,100.0,81.75,6.775,7.568879,0.1,9.775,20.23518518,49.0,49.15,49.85,50.45,48.31666666666667,-9.783555556666665,-0.1296296233333365,-0.0679999999999996,10.423333333333334,10.24,20.224691357777772,10.399555555555557,8.47288,8.598755,8.624145,8.710122,8.4623375,0,0.0,0,1.0,-0.55,11.4,88.6
2022-10-27 04:30:00,93.999295527774,55.700827444444,55.7111048,20.23518518,10.24,48.31666666666667,1,5.1764362714980825,70.66250196097344,4,3,10,0.8660254037844386,0.5000000000000001,0.4338837391175582,-0.900968867902419,-0.8660254037844386,0.5000000000000001,0.0,0.0,0.0,18.35,41.400000000000006,100.0,81.5,6.65,7.4860096,0.1,9.65,20.2777778,48.65,49.0,49.15,49.85,47.65,-9.995185179999998,0.0962962900000015,-0.1153333333333339,10.355333333333334,10.21,20.21419752777777,10.339555555555556,8.4623375,8.47288,8.598755,8.624145,8.366378,0,0.0,0,1.0,-0.53,10.9,89.1
2022-10-27 04:45:00,98.7277174,35.7177379,35.724404316666,20.2777778,10.21,47.65,1,5.1764362714980825,70.66250196097344,4,3,10,0.8660254037844386,0.5000000000000001,0.4338837391175582,-0.900968867902419,-0.8660254037844386,0.5000000000000001,0.0,0.0,0.0,18.425,40.5,100.0,81.25,6.525,7.403917,0.1,9.525,20.216666676666662,48.31666666666667,48.65,49.0,49.15,47.5,-10.067777799999998,0.0425926200000006,-0.0299999999999993,10.24,10.138666666666666,20.217283956666662,10.268444444444444,8.366378,8.4623375,8.47288,8.598755,8.310306,0,0.0,0,1.0,-0.53,10.8,89.2
2022-10-27 05:00:00,75.52031256666,28.514137205554,28.52052588333,20.216666676666662,10.138666666666666,47.5,1,5.1764362714980825,70.66250196097344,5,3,10,0.9659258262890684,0.2588190451025207,0.4338837391175582,-0.900968867902419,-0.8660254037844386,0.5000000000000001,0.0,0.0,0.0,18.5,39.6,100.0,81.0,6.4,7.3225956,0.1,9.4,20.1111111,47.65,48.31666666666667,48.65,49.0,47.45,-10.07800001,-0.0611111233333332,-0.0713333333333352,10.21,9.984666666666667,20.243209885555554,10.19622222222222,8.310306,8.366378,8.4623375,8.47288,8.250468,0,0.0,0,1.0,-0.54,11.2,88.8
2022-10-27 05:15:00,91.644112038882,54.710589272222,54.719200027778,20.1111111,9.984666666666667,47.45,1,5.1764362714980825,70.66250196097344,5,3,10,0.9659258262890684,0.2588190451025207,0.4338837391175582,-0.900968867902419,-0.8660254037844386,0.5000000000000001,0.0,0.0,0.0,18.225,39.7,100.0,79.75,6.075,7.1752024,0.1,9.325,20.131481486666665,47.5,47.65,48.31666666666667,48.65,46.85,-10.126444433333331,-0.1055555766666671,-0.1539999999999981,10.138666666666666,9.830666666666668,20.201851858888887,10.111111111111107,8.250468,8.310306,8.366378,8.4623375,8.155856,0,0.0,0,1.0,-0.57,11.7,88.3
2022-10-27 05:30:00,101.522883455552,55.569999327778,55.57888783889,20.131481486666665,9.830666666666668,46.85,1,5.1764362714980825,70.66250196097344,5,3,10,0.9659258262890684,0.2588190451025207,0.4338837391175582,-0.900968867902419,-0.8660254037844386,0.5000000000000001,0.0,0.0,0.0,17.95,39.8,100.0,78.5,5.75,7.0290284,0.1,9.25,20.0666667,47.45,47.5,47.65,48.31666666666667,46.05,-10.300814819999998,0.0203703866666664,-0.1539999999999999,9.984666666666667,9.83,20.15308642111111,9.984666666666664,8.155856,8.250468,8.310306,8.366378,7.9862432,0,0.0,0,1.0,-0.56,11.7,88.3
2022-10-27 05:45:00,113.560735155556,57.523810072222,57.531865366664,20.0666667,9.83,46.05,1,5.1764362714980825,70.66250196097344,5,3,10,0.9659258262890684,0.2588190451025207,0.4338837391175582,-0.900968867902419,-0.8660254037844386,0.5000000000000001,0.0,0.0,0.0,17.674999999999997,39.9,100.0,77.25,5.425,6.884065,0.1,9.175,19.664814786666668,46.85,47.45,47.5,47.65,45.43333333333333,-10.2366667,-0.0648147866666661,-0.0006666666666674,9.830666666666668,9.796666666666663,20.103086428888886,9.881777777777776,7.9862432,8.155856,8.250468,8.310306,7.695857,0,0.0,0,1.0,-0.58,12.2,87.8
2022-10-27 06:00:00,176.510161527778,58.369054027778,58.3793314,19.664814786666668,9.796666666666663,45.43333333333333,1,5.1764362714980825,70.66250196097344,6,3,10,1.0,6.123233995736766e-17,0.4338837391175582,-0.900968867902419,-0.8660254037844386,0.5000000000000001,0.0,0.0,0.0,17.4,40.0,100.0,76.0,5.1,6.740308,0.1,9.1,19.14999998,46.05,46.85,47.45,47.5,45.7,-9.868148120000004,-0.4018519133333313,-0.0333333333333349,9.83,9.785333333333334,19.95432099111111,9.819111111111113,7.695857,7.9862432,8.155856,8.250468,7.5100927,0,0.0,0,1.0,-0.68,14.8,85.2
2022-10-27 06:15:00,489.301260616662,57.389926544444,57.4010372,19.14999998,9.785333333333334,45.7,1,5.1764362714980825,70.66250196097344,6,3,10,1.0,6.123233995736766e-17,0.4338837391175582,-0.900968867902419,-0.8660254037844386,0.5000000000000001,0.0,0.0,0.0,17.474999999999998,39.45,100.0,75.75,4.925,6.6753325,0.1,9.0,18.790740733333333,45.43333333333333,46.05,46.85,47.45,45.96666666666667,-9.364666646666668,-0.5148148066666671,-0.0113333333333311,9.796666666666663,9.646666666666668,19.62716048888889,9.804,7.5100927,7.695857,7.9862432,8.155856,7.3953967,0,0.0,0,1.0,-0.8,18.6,81.4
2022-10-27 06:30:00,109.795885855552,59.1701331,59.180132650002,18.790740733333333,9.646666666666668,45.96666666666667,1,5.1764362714980825,70.66250196097344,6,3,10,1.0,6.123233995736766e-17,0.4338837391175582,-0.900968867902419,-0.8660254037844386,0.5000000000000001,0.0,0.0,0.0,17.549999999999997,38.9,100.0,75.5,4.75,6.610879,0.1,8.899999999999999,18.63333334,45.7,45.43333333333333,46.05,46.85,46.0,-9.144074066666668,-0.3592592466666673,-0.1386666666666673,9.785333333333334,9.573333333333332,19.201851833333333,9.742888888888888,7.3953967,7.5100927,7.695857,7.9862432,7.332172,0,0.0,0,1.0,-0.89,21.5,78.5
2022-10-27 06:45:00,102.19452322222,58.9126434,58.92208743889,18.63333334,9.573333333333332,46.0,1,5.1764362714980825,70.66250196097344,6,3,10,1.0,6.123233995736766e-17,0.4338837391175582,-0.900968867902419,-0.8660254037844386,0.5000000000000001,0.0,0.0,0.0,17.625,38.35,100.0,75.25,4.575,6.546941,0.1,8.799999999999999,18.68333334333333,45.96666666666667,45.7,45.43333333333333,46.05,46.0,-9.060000006666668,-0.1574073933333331,-0.0733333333333341,9.646666666666668,9.437333333333331,18.858024684444445,9.66844444444444,7.332172,7.3953967,7.5100927,7.695857,7.3538995,0,0.0,0,1.0,-0.92,22.9,77.1
2022-10-27 07:00:00,114.772075566668,72.192112216666,72.203222888888,18.68333334333333,9.437333333333331,46.0,2,5.1764362714980825,70.66250196097344,7,3,10,0.9659258262890684,-0.2588190451025206,0.4338837391175582,-0.900968867902419,-0.8660254037844386,0.5000000000000001,0.0,0.0,0.0,17.7,37.8,100.0,75.0,4.4,6.483515,0.1,8.7,18.83333333,46.0,45.96666666666667,45.7,45.43333333333333,45.95,-9.24600001,0.0500000033333343,-0.1359999999999992,9.573333333333332,9.006666666666666,18.702469138888887,9.552444444444442,7.3538995,7.332172,7.3953967,7.5100927,7.4113503,0,0.0,1,1.0,-0.91,22.5,77.5
2022-10-27 07:15:00,95.003699583338,60.16120453889,60.170648561114,18.83333333,9.006666666666666,45.95,1,5.1764362714980825,70.66250196097344,7,3,10,0.9659258262890684,-0.2588190451025206,0.4338837391175582,-0.900968867902419,-0.8660254037844386,0.5000000000000001,0.5,0.125,0.0416666666666666,17.275,37.7,100.0,74.5,4.275,6.4093947,0.1,8.625,18.816666656666666,46.0,46.0,45.96666666666667,45.7,45.53333333333333,-9.826666663333336,0.1499999866666677,-0.4306666666666672,9.437333333333331,8.762666666666666,18.716666671111117,9.339111111111109,7.4113503,7.3538995,7.332172,7.3953967,7.3369145,0,0.0,1,1.0,-0.88,21.2,78.8
2022-10-27 07:30:00,106.437686688892,57.472145472222,57.482700583334,18.816666656666666,8.762666666666666,45.53333333333333,1,5.1764362714980825,70.66250196097344,7,3,10,0.9659258262890684,-0.2588190451025206,0.4338837391175582,-0.900968867902419,-0.8660254037844386,0.5000000000000001,1.0,0.375,0.125,16.85,37.6,100.0,74.0,4.15,6.3358197,0.1,8.55,18.69444447,45.95,46.0,46.0,45.96666666666667,45.85,-10.05399999,-0.0166666733333364,-0.2439999999999997,9.006666666666666,8.469333333333333,18.777777776666667,9.068888888888887,7.3369145,7.4113503,7.3538995,7.332172,7.3347387,0,0.0,0,1.0,-0.88,21.4,78.6
2022-10-27 07:45:00,117.60723985556,59.9351025,59.945379855556,18.69444447,8.469333333333333,45.85,1,5.1764362714980825,70.66250196097344,7,3,10,0.9659258262890684,-0.2588190451025206,0.4338837391175582,-0.900968867902419,-0.8660254037844386,0.5000000000000001,1.5,0.75,0.25,16.425,37.5,100.0,73.5,4.025,6.262783,0.1,8.475,18.61481480666667,45.53333333333333,45.95,46.0,46.0,46.0,-10.225111136666667,-0.122222186666665,-0.293333333333333,8.762666666666666,8.252,18.78148148555556,8.74622222222222,7.3347387,7.3369145,7.4113503,7.3538995,7.324138,0,0.0,0,1.0,-0.91,22.4,77.6
2022-10-27 08:00:00,104.22555297778,60.425360688888006,60.43813796111,18.61481480666667,8.252,46.0,1,5.1764362714980825,70.66250196097344,8,3,10,0.8660254037844387,-0.4999999999999998,0.4338837391175582,-0.900968867902419,-0.8660254037844386,0.5000000000000001,2.0,1.25,0.4166666666666667,16.0,37.4,100.0,73.0,3.9,6.190285,0.1,8.4,18.61666666,45.85,45.53333333333333,45.95,46.0,45.65,-10.362814806666668,-0.0796296633333319,-0.2173333333333325,8.469333333333333,8.017999999999999,18.708641977777777,8.494666666666665,7.324138,7.3347387,7.3369145,7.4113503,7.269208,0,0.0,0,1.0,-0.93,23.1,76.9
2022-10-27 08:15:00,107.263764794446,68.162273416666,68.174217372222,18.61666666,8.017999999999999,45.65,1,5.1764362714980825,70.66250196097344,8,3,10,0.8660254037844387,-0.4999999999999998,0.4338837391175582,-0.900968867902419,-0.8660254037844386,0.5000000000000001,7.75,3.0625,1.0625,16.075,37.5,100.0,73.0,3.85,6.180347,0.1,8.375,18.622222256666667,46.0,45.85,45.53333333333333,45.95,45.31666666666667,-10.59866666,0.0018518533333313,-0.2340000000000017,8.252,7.818,18.641975312222225,8.246444444444442,7.269208,7.324138,7.3347387,7.3369145,7.2185025,0,0.0,0,1.0,-0.93,23.2,76.8
2022-10-27 08:30:00,108.079287788888,66.064301772222,66.074301322224,18.622222256666667,7.818,45.31666666666667,1,5.1764362714980825,70.66250196097344,8,3,10,0.8660254037844387,-0.4999999999999998,0.4338837391175582,-0.900968867902419,-0.8660254037844386,0.5000000000000001,13.5,6.1875,2.1875,16.15,37.6,100.0,73.0,3.8,6.170424,0.1,8.350000000000001,18.4611111,45.65,46.0,45.85,45.53333333333333,45.0,-10.804222256666668,0.0055555966666673,-0.1999999999999993,8.017999999999999,7.682666666666666,18.617901241111117,8.029333333333332,7.2185025,7.269208,7.324138,7.3347387,7.0999794,0,0.0,0,1.0,-0.93,23.2,76.8
2022-10-27 08:45:00,107.67013752222,69.60443792777801,69.617492972222,18.4611111,7.682666666666666,45.0,1,5.1764362714980825,70.66250196097344,8,3,10,0.8660254037844387,-0.4999999999999998,0.4338837391175582,-0.900968867902419,-0.8660254037844386,0.5000000000000001,19.25,10.625,3.7916666666666665,16.225,37.7,100.0,73.0,3.75,6.160515,0.1,8.325000000000001,18.26851852,45.31666666666667,45.65,46.0,45.85,45.0,-10.778444433333334,-0.1611111566666672,-0.1353333333333335,7.818,7.77,18.566666672222222,7.839555555555553,7.0999794,7.2185025,7.269208,7.324138,7.0193343,0,0.0,0,1.0,-0.97,24.8,75.2
2022-10-27 09:00:00,124.430022533336,69.630270227778,69.642491955556,18.26851852,7.77,45.0,1,5.1764362714980825,70.66250196097344,9,3,10,0.7071067811865476,-0.7071067811865475,0.4338837391175582,-0.900968867902419,-0.8660254037844386,0.5000000000000001,25.0,16.375,5.875,16.3,37.8,100.0,73.0,3.7,6.1506195,0.1,8.3,18.26111112,45.0,45.31666666666667,45.65,46.0,44.95,-10.49851852,-0.1925925799999994,0.0873333333333334,7.682666666666666,7.958666666666667,18.450617292222223,7.756888888888888,7.0193343,7.0999794,7.2185025,7.269208,7.008453,0,0.0,0,1.0,-1.01,26.6,73.4
2022-10-27 09:15:00,124.518630088892,69.271395716666,69.282784127778,18.26111112,7.958666666666667,44.95,1,5.1764362714980825,70.66250196097344,9,3,10,0.7071067811865476,-0.7071067811865475,0.4338837391175582,-0.900968867902419,-0.8660254037844386,0.5000000000000001,35.0,23.1875,8.791666666666666,16.05,37.35,100.0,72.5,3.625,6.098678,0.075,8.275,18.23703706333333,45.0,45.0,45.31666666666667,45.65,44.35,-10.302444453333331,-0.0074074000000017,0.1886666666666672,7.77,8.16,18.33024691333333,7.803777777777776,7.008453,7.0193343,7.0999794,7.2185025,6.9050264,0,0.0,0,1.0,-1.01,26.7,73.3
2022-10-27 09:30:00,104.115001916666,69.0830699,69.0955694,18.23703706333333,8.16,44.35,1,5.1764362714980825,70.66250196097344,9,3,10,0.7071067811865476,-0.7071067811865475,0.4338837391175582,-0.900968867902419,-0.8660254037844386,0.5000000000000001,45.0,31.0625,12.541666666666666,15.8,36.9,100.0,72.0,3.55,6.0468855,0.05,8.25,18.07222226,44.95,45.0,45.0,45.31666666666667,44.0,-10.077037063333332,-0.0240740566666666,0.2013333333333333,7.958666666666667,8.347333333333333,18.255555567777776,7.962888888888887,6.9050264,7.008453,7.0193343,7.0999794,6.783778,0,0.0,0,1.0,-1.02,27.1,72.9
2022-10-27 09:45:00,107.349594827774,69.34722603333199,69.3580589,18.07222226,8.347333333333333,44.0,1,5.1764362714980825,70.66250196097344,9,3,10,0.7071067811865476,-0.7071067811865475,0.4338837391175582,-0.900968867902419,-0.8660254037844386,0.5000000000000001,55.0,40.0,17.125,15.55,36.45,100.0,71.5,3.475,5.9952416,0.0249999999999999,8.225,17.94074075,44.35,44.95,45.0,45.0,44.0,-9.724888926666669,-0.1648148033333321,0.1873333333333331,8.16,8.432666666666668,18.19012348111111,8.155333333333331,6.783778,6.9050264,7.008453,7.0193343,6.7309313,0,0.0,0,1.0,-1.06,28.9,71.1
2022-10-27 10:00:00,112.848263705554,69.325282411112,69.336393066668,17.94074075,8.432666666666668,44.0,1,5.1764362714980825,70.66250196097344,10,3,10,0.4999999999999999,-0.8660254037844387,0.4338837391175582,-0.900968867902419,-0.8660254037844386,0.5000000000000001,65.0,50.0,22.541666666666668,15.3,36.0,100.0,71.0,3.4,5.943746,0.0,8.2,18.04444447,44.0,44.35,44.95,45.0,43.65,-9.508074083333332,-0.1314815100000004,0.0853333333333346,8.347333333333333,8.508000000000001,18.08333335777778,8.313333333333333,6.7309313,6.783778,6.9050264,7.008453,6.718712,0,0.0,0,1.0,-1.09,30.2,69.8
2022-10-27 10:15:00,118.303323227778,69.519719116666,69.53277416111,18.04444447,8.508000000000001,43.65,1,5.1764362714980825,70.66250196097344,10,3,10,0.4999999999999999,-0.8660254037844387,0.4338837391175582,-0.900968867902419,-0.8660254037844386,0.5000000000000001,78.5,60.875,29.041666666666668,15.1,35.45,100.0,70.25,3.275,5.899912,0.0,8.25,18.1074074,44.0,44.0,44.35,44.95,43.31666666666667,-9.536444469999998,0.1037037199999986,0.075333333333333,8.432666666666668,8.552,18.019135826666663,8.429333333333332,6.718712,6.7309313,6.783778,6.9050264,6.6924086,0,0.0,0,1.0,-1.07,29.2,70.8
2022-10-27 10:30:00,119.005517355556,66.719831116666,66.73177507222199,18.1074074,8.552,43.31666666666667,1,5.1764362714980825,70.66250196097344,10,3,10,0.4999999999999999,-0.8660254037844387,0.4338837391175582,-0.900968867902419,-0.8660254037844386,0.5000000000000001,92.0,72.625,36.625,14.9,34.9,100.0,69.5,3.15,5.8557267,0.0,8.3,18.11666666,43.65,44.0,44.0,44.35,42.95,-9.5554074,0.0629629300000012,0.0439999999999987,8.508000000000001,8.681999999999999,18.030864206666667,8.497555555555556,6.6924086,6.718712,6.7309313,6.783778,6.6394105,0,0.0,0,1.0,-1.06,28.6,71.4
2022-10-27 10:45:00,112.046073511112,65.653762611112,65.66515102222401,18.11666666,8.681999999999999,42.95,1,5.1764362714980825,70.66250196097344,10,3,10,0.4999999999999999,-0.8660254037844387,0.4338837391175582,-0.900968867902419,-0.8660254037844386,0.5000000000000001,105.5,85.25,45.29166666666666,14.7,34.349999999999994,100.0,68.75,3.025,5.811187,0.0,8.35,18.142592606666668,43.31666666666667,43.65,44.0,44.0,42.53333333333333,-9.43466666,0.0092592600000003,0.129999999999999,8.552,8.93,18.089506176666667,8.580666666666666,6.6394105,6.6924086,6.718712,6.7309313,6.5851393,0,0.0,0,1.0,-1.06,28.6,71.4
2022-10-27 11:00:00,104.27138464444,68.906132544444,68.919187605554,18.142592606666668,8.93,42.53333333333333,1,5.1764362714980825,70.66250196097344,11,3,10,0.258819045102521,-0.9659258262890682,0.4338837391175582,-0.900968867902419,-0.8660254037844386,0.5000000000000001,119.0,98.75,55.04166666666666,14.5,33.8,100.0,68.0,2.9,5.7662926,0.0,8.4,18.166666650000003,42.95,43.31666666666667,43.65,44.0,42.15,-9.212592606666668,0.0259259466666677,0.2480000000000011,8.681999999999999,9.097333333333331,18.122222222222224,8.721333333333332,6.5851393,6.6394105,6.6924086,6.718712,6.535132,0,0.0,0,1.0,-1.05,28.5,71.5
2022-10-27 11:15:00,114.033216272222,62.97553646111,62.983869444444,18.166666650000003,9.097333333333331,42.15,1,5.1764362714980825,70.66250196097344,11,3,10,0.258819045102521,-0.9659258262890682,0.4338837391175582,-0.900968867902419,-0.8660254037844386,0.5000000000000001,142.5,114.75,66.27083333333333,14.375,33.9,100.0,67.0,2.8,5.727288,0.0,8.525,17.974074076666668,42.53333333333333,42.95,43.31666666666667,43.65,42.0,-9.06933331666667,0.0240740433333357,0.1673333333333335,8.93,9.12,18.14197530555556,8.903111111111109,6.535132,6.5851393,6.6394105,6.6924086,6.437736,0,0.0,0,1.0,-1.05,28.3,71.7
2022-10-27 11:30:00,616.398676366668,70.048586811112,70.05747533889,17.974074076666668,9.12,42.0,1,5.1764362714980825,70.66250196097344,11,3,10,0.258819045102521,-0.9659258262890682,0.4338837391175582,-0.900968867902419,-0.8660254037844386,0.5000000000000001,166.0,133.25,78.97916666666667,14.25,34.0,100.0,66.0,2.7,5.687233,0.0,8.65,17.90555557,42.15,42.53333333333333,42.95,43.31666666666667,41.95,-8.854074076666667,-0.1925925733333358,0.0226666666666677,9.097333333333331,9.166666666666666,18.094444444444445,9.049111111111111,6.437736,6.535132,6.5851393,6.6394105,6.4039063,0,0.0,0,1.0,-1.1,30.3,69.7
2022-10-27 11:45:00,109.845050388892,58.538491716666,58.549602355556,17.90555557,9.166666666666666,41.95,1,5.1764362714980825,70.66250196097344,11,3,10,0.258819045102521,-0.9659258262890682,0.4338837391175582,-0.900968867902419,-0.8660254037844386,0.5000000000000001,189.5,154.25,93.16666666666669,14.125,34.1,100.0,65.0,2.6,5.646116,0.0,8.775,18.064814836666663,42.0,42.15,42.53333333333333,42.95,41.35,-8.738888903333335,-0.0685185066666669,0.046666666666665,9.12,9.066,18.01543209888889,9.127999999999998,6.4039063,6.437736,6.535132,6.5851393,6.372404,0,0.0,0,1.0,-1.11,31.1,68.9
2022-10-27 12:00:00,106.83433762222,65.221557666668,65.233223850002,18.064814836666663,9.066,41.35,1,5.1764362714980825,70.66250196097344,12,3,10,1.2246467991473532e-16,-1.0,0.4338837391175582,-0.900968867902419,-0.8660254037844386,0.5000000000000001,213.0,177.75,108.83333333333331,14.0,34.2,100.0,64.0,2.5,5.603924,0.0,8.9,18.10555555,41.95,42.0,42.15,42.53333333333333,41.0,-8.998814836666662,0.1592592666666625,-0.1006666666666653,9.166666666666666,9.008,17.98148149444444,9.117555555555557,6.372404,6.4039063,6.437736,6.535132,6.333788,0,0.0,0,1.0,-1.08,29.5,70.5
2022-10-27 12:15:00,110.342252833332,64.382702405554,64.393535272222,18.10555555,9.008,41.0,1,5.1764362714980825,70.66250196097344,12,3,10,1.2246467991473532e-16,-1.0,0.4338837391175582,-0.900968867902419,-0.8660254037844386,0.5000000000000001,226.75,198.8125,124.8125,13.95,34.025000000000006,99.5,63.0,2.375,5.5517616,0.0,9.0,18.0592593,41.35,41.95,42.0,42.15,40.81666666666667,-9.09755555,0.0407407133333386,-0.0579999999999998,9.066,8.944666666666668,18.025308652222225,9.08022222222222,6.333788,6.372404,6.4039063,6.437736,6.288135,0,0.0,0,1.0,-1.07,29.2,70.8
2022-10-27 12:30:00,104.946079688892,69.677490572222,69.689434544444,18.0592593,8.944666666666668,40.81666666666667,1,5.1764362714980825,70.66250196097344,12,3,10,1.2246467991473532e-16,-1.0,0.4338837391175582,-0.900968867902419,-0.8660254037844386,0.5000000000000001,240.5,217.4375,141.10416666666666,13.9,33.85,99.0,62.0,2.25,5.4986725,0.0,9.1,18.0888889,41.0,41.35,41.95,42.0,40.45,-9.114592633333332,-0.046296250000001,-0.0633333333333325,9.008,8.998,18.076543228888887,9.006222222222222,6.288135,6.333788,6.372404,6.4039063,6.242633,0,0.0,0,1.0,-1.08,29.7,70.3
2022-10-27 12:45:00,100.983182777776,62.528054311112,62.538887211112,18.0888889,8.998,40.45,1,5.1764362714980825,70.66250196097344,12,3,10,1.2246467991473532e-16,-1.0,0.4338837391175582,-0.900968867902419,-0.8660254037844386,0.5000000000000001,254.25,233.625,157.70833333333334,13.85,33.675,98.5,61.0,2.125,5.4446445,0.0,9.2,18.0592593,40.81666666666667,41.0,41.35,41.95,39.85,-9.090888899999998,0.0296295999999962,0.053333333333331,8.944666666666668,9.19,18.084567916666668,8.983555555555554,6.242633,6.288135,6.333788,6.372404,6.139212,0,0.0,0,1.0,-1.08,29.5,70.5
2022-10-27 13:00:00,134.83905063889,72.4112701,72.422380772222,18.0592593,9.19,39.85,2,5.1764362714980825,70.66250196097344,13,3,10,-0.2588190451025208,-0.9659258262890684,0.4338837391175582,-0.900968867902419,-0.8660254037844386,0.5000000000000001,268.0,247.375,174.625,13.8,33.5,98.0,60.0,2.0,5.3896713,0.0,9.3,18.011111120000002,40.45,40.81666666666667,41.0,41.35,39.5,-8.869259300000001,-0.0296295999999962,0.1920000000000001,8.998,8.870666666666667,18.06913583333333,9.04422222222222,6.139212,6.242633,6.288135,6.333788,6.067892,0,0.0,1,1.0,-1.09,29.9,70.1
2022-10-27 13:15:00,105.439115583334,61.076445711112,61.088945227778,18.011111120000002,8.870666666666667,39.5,1,5.1764362714980825,70.66250196097344,13,3,10,-0.2588190451025208,-0.9659258262890684,0.4338837391175582,-0.900968867902419,-0.8660254037844386,0.5000000000000001,288.75,262.875,192.14583333333331,13.875,33.575,98.0,59.25,1.9,5.3478146,0.0,9.375,17.927777756666668,39.85,40.45,40.81666666666667,41.0,39.5,-9.140444453333336,-0.0481481799999983,-0.3193333333333328,9.19,8.707333333333334,18.05308644,9.019555555555554,6.067892,6.139212,6.242633,6.288135,6.037882,0,0.0,1,1.0,-1.1,30.5,69.5
2022-10-27 13:30:00,104.812473900004,69.641103111112,69.653047066668,17.927777756666668,8.707333333333334,39.5,1,5.1764362714980825,70.66250196097344,13,3,10,-0.2588190451025208,-0.9659258262890684,0.4338837391175582,-0.900968867902419,-0.8660254037844386,0.5000000000000001,309.5,280.125,210.27083333333331,13.95,33.65,98.0,58.5,1.8,5.3054166,0.0,9.45,17.827777790000003,39.5,39.85,40.45,40.81666666666667,39.15,-9.220444423333332,-0.0833333633333346,-0.1633333333333322,8.870666666666667,8.828666666666667,17.999382725555556,8.922666666666666,6.037882,6.067892,6.139212,6.242633,5.948853,0,0.0,0,1.0,-1.12,31.4,68.6
2022-10-27 13:45:00,111.684699066668,65.18711461111201,65.198780794446,17.827777790000003,8.828666666666667,39.15,1,5.1764362714980825,70.66250196097344,13,3,10,-0.2588190451025208,-0.9659258262890684,0.4338837391175582,-0.900968867902419,-0.8660254037844386,0.5000000000000001,330.25,299.125,229.0,14.025,33.724999999999994,98.0,57.75,1.7000000000000002,5.2624764,0.0,9.525,17.892592556666667,39.5,39.5,39.85,40.45,38.81666666666667,-8.999111123333336,-0.0999999666666653,0.1213333333333324,8.707333333333334,8.58,17.92222222222222,8.802222222222222,5.948853,6.037882,6.067892,6.139212,5.921014,0,0.0,0,1.0,-1.15,32.6,67.4
2022-10-27 14:00:00,98.295790277776,63.203860677776,63.216360194442,17.892592556666667,8.58,38.81666666666667,1,5.1764362714980825,70.66250196097344,14,3,10,-0.4999999999999997,-0.8660254037844388,0.4338837391175582,-0.900968867902419,-0.8660254037844386,0.5000000000000001,351.0,319.875,248.33333333333331,14.1,33.8,98.0,57.0,1.6,5.218986,0.0,9.6,18.06111109,39.15,39.5,39.5,39.85,38.45,-9.312592556666669,0.0648147666666645,-0.2486666666666668,8.828666666666667,8.784666666666668,17.882716034444446,8.705333333333334,5.921014,5.948853,6.037882,6.067892,5.924184,0,0.0,0,1.0,-1.13,32.0,68.0
2022-10-27 14:15:00,106.632679038886,56.976609744444,56.987998155556,18.06111109,8.784666666666668,38.45,1,5.1764362714980825,70.66250196097344,14,3,10,-0.4999999999999997,-0.8660254037844388,0.4338837391175582,-0.900968867902419,-0.8660254037844386,0.5000000000000001,354.5,336.3125,266.0,13.8,33.9,85.75,57.0,1.5,5.194133,0.0,9.525,18.50370369,38.81666666666667,39.15,39.5,39.5,38.03333333333333,-9.276444423333333,0.1685185333333336,0.2046666666666681,8.58,9.210666666666668,17.92716047888889,8.73111111111111,5.924184,5.921014,5.948853,6.037882,6.015964,0,0.0,0,1.0,-1.09,30.2,69.8
2022-10-27 14:30:00,118.654697972226,57.752412044444,57.761856066668,18.50370369,9.210666666666668,38.03333333333333,1,5.1764362714980825,70.66250196097344,14,3,10,-0.4999999999999997,-0.8660254037844388,0.4338837391175582,-0.900968867902419,-0.8660254037844386,0.5000000000000001,358.0,348.4375,282.0,13.5,34.0,73.5,57.0,1.4,5.1693807,0.0,9.45,18.83333335,38.45,38.81666666666667,39.15,39.5,37.95,-9.293037023333335,0.4425926000000011,0.4259999999999984,8.784666666666668,8.956,18.152469112222224,8.858444444444444,6.015964,5.924184,5.921014,5.948853,6.121017,0,0.0,0,1.0,-0.99,25.8,74.2
2022-10-27 14:45:00,92.424080672222,56.980498455556,56.991609127778,18.83333335,8.956,37.95,1,5.1764362714980825,70.66250196097344,14,3,10,-0.4999999999999997,-0.8660254037844388,0.4338837391175582,-0.900968867902419,-0.8660254037844386,0.5000000000000001,361.5,356.25,296.3333333333333,13.2,34.1,61.25,57.0,1.3,5.144733,0.0,9.375,19.01296298,38.03333333333333,38.45,38.81666666666667,39.15,37.35,-9.877333349999995,0.3296296599999948,-0.254666666666667,9.210666666666668,8.758000000000001,18.466049376666664,8.983777777777776,6.121017,6.015964,5.924184,5.921014,6.088487,0,0.0,0,1.0,-0.92,22.8,77.2
2022-10-27 15:00:00,92.401026077776,57.022441227778,57.033274094446,19.01296298,8.758000000000001,37.35,1,5.1764362714980825,70.66250196097344,15,3,10,-0.7071067811865471,-0.7071067811865479,0.4338837391175582,-0.900968867902419,-0.8660254037844386,0.5000000000000001,365.0,359.75,309.0,12.9,34.2,49.0,57.0,1.2,5.1201878,0.0,9.3,19.105555560000003,37.95,38.03333333333333,38.45,38.81666666666667,36.95,-10.25496298,0.1796296300000044,-0.1979999999999986,8.956,8.842,18.78333334,8.97488888888889,6.088487,6.121017,6.015964,5.924184,6.0562735,0,0.0,0,1.0,-0.88,21.3,78.7
2022-10-27 15:15:00,103.66863092222,57.390482072222,57.402148305554,19.105555560000003,8.842,36.95,1,5.1764362714980825,70.66250196097344,15,3,10,-0.7071067811865471,-0.7071067811865479,0.4338837391175582,-0.900968867902419,-0.8660254037844386,0.5000000000000001,353.75,359.5625,319.5833333333333,12.6,33.475,39.25,57.0,1.125,5.095743,0.0,9.225,19.23518518,37.35,37.95,38.03333333333333,38.45,36.53333333333333,-10.263555560000002,0.0925925800000015,0.0839999999999996,8.758000000000001,9.102666666666666,18.98395063,8.851999999999999,6.0562735,6.088487,6.121017,6.015964,6.033905,0,0.0,0,1.0,-0.86,20.6,79.4
2022-10-27 15:30:00,102.596173805554,57.289375016666,57.301596744444,19.23518518,9.102666666666666,36.53333333333333,1,5.1764362714980825,70.66250196097344,15,3,10,-0.7071067811865471,-0.7071067811865479,0.4338837391175582,-0.900968867902419,-0.8660254037844386,0.5000000000000001,342.5,355.6875,328.0833333333333,12.3,32.75,29.5,57.0,1.05,5.0714016,0.0,9.15,19.35555557,36.95,37.35,37.95,38.03333333333333,36.5,-10.132518513333332,0.1296296199999957,0.2606666666666655,8.842,9.064,19.11790124,8.900888888888888,6.033905,6.0562735,6.088487,6.121017,6.07128,0,0.0,0,1.0,-0.83,19.6,80.4
2022-10-27 15:45:00,108.497604288892,57.037440611112,57.048551266668,19.35555557,9.064,36.5,1,5.1764362714980825,70.66250196097344,15,3,10,-0.7071067811865471,-0.7071067811865479,0.4338837391175582,-0.900968867902419,-0.8660254037844386,0.5000000000000001,331.25,348.125,334.5,12.0,32.025,19.75,57.0,0.975,5.047162,0.0,9.075,19.307407426666668,36.53333333333333,36.95,37.35,37.95,36.31666666666667,-10.29155557,0.1203703900000014,-0.0386666666666659,9.102666666666666,9.138666666666666,19.23209877,9.002888888888888,6.07128,6.033905,6.0562735,6.088487,6.023687,0,0.0,0,1.0,-0.8,18.6,81.4
2022-10-27 16:00:00,112.37328263889,58.480994,58.491271372222,19.307407426666668,9.138666666666666,36.31666666666667,1,5.1764362714980825,70.66250196097344,16,3,10,-0.8660254037844385,-0.5000000000000004,0.4338837391175582,-0.900968867902419,-0.8660254037844386,0.5000000000000001,320.0,336.875,338.8333333333333,11.7,31.3,10.0,57.0,0.9,5.023022,0.0,9.0,18.8777778,36.5,36.53333333333333,36.95,37.35,36.0,-10.168740760000002,-0.0481481433333321,0.0746666666666655,9.064,9.2,19.29938272555556,9.101777777777777,6.023687,6.07128,6.033905,6.0562735,5.821767,0,0.0,0,1.0,-0.82,19.0,81.0
2022-10-27 16:15:00,188.112475299996,65.62293056111,65.634874516666,18.8777778,9.2,36.0,1,5.1764362714980825,70.66250196097344,16,3,10,-0.8660254037844385,-0.5000000000000004,0.4338837391175582,-0.900968867902419,-0.8660254037844386,0.5000000000000001,292.0,321.4375,339.1041666666667,11.6,30.575,7.5,57.5,0.875,5.0106606,0.0,8.825,18.60185186333333,36.31666666666667,36.5,36.53333333333333,36.95,36.0,-9.6777778,-0.4296296266666672,0.0613333333333336,9.138666666666666,9.062666666666669,19.18024693222222,9.13422222222222,5.821767,6.023687,6.07128,6.033905,5.727537,0,0.0,0,1.0,-0.92,22.8,77.2
2022-10-27 16:30:00,430.503334727778,69.348614827778,69.36278096110999,18.60185186333333,9.062666666666669,36.0,1,5.1764362714980825,70.66250196097344,16,3,10,-0.8660254037844385,-0.5000000000000004,0.4338837391175582,-0.900968867902419,-0.8660254037844386,0.5000000000000001,264.0,301.8125,335.3125,11.5,29.85,5.0,58.0,0.8500000000000001,4.997871,0.0,8.65,18.55000004,36.0,36.31666666666667,36.5,36.53333333333333,36.0,-9.539185196666663,-0.2759259366666704,-0.1373333333333324,9.2,9.238666666666663,18.92901236333333,9.133777777777777,5.727537,5.821767,6.023687,6.07128,5.709978,0,0.0,0,1.0,-0.98,25.3,74.7
2022-10-27 16:45:00,123.34367722222,68.85530126111,68.867522988888,18.55000004,9.238666666666663,36.0,1,5.1764362714980825,70.66250196097344,16,3,10,-0.8660254037844385,-0.5000000000000004,0.4338837391175582,-0.900968867902419,-0.8660254037844386,0.5000000000000001,236.0,278.0,327.4583333333333,11.4,29.125,2.5,58.5,0.8250000000000001,4.9846635,0.0,8.475000000000001,18.48333332,36.0,36.0,36.31666666666667,36.5,36.0,-9.311333373333335,-0.0518518233333296,0.1759999999999983,9.062666666666669,9.059333333333337,18.67654323444444,9.16711111111111,5.709978,5.727537,5.821767,6.023687,5.68747,0,0.0,0,1.0,-0.99,25.8,74.2
2022-10-27 17:00:00,120.005755211108,68.840024088888,68.852245816666,18.48333332,9.059333333333337,36.0,1,5.1764362714980825,70.66250196097344,17,3,10,-0.9659258262890684,-0.2588190451025206,0.4338837391175582,-0.900968867902419,-0.8660254037844386,0.5000000000000001,208.0,250.0,315.5416666666667,11.3,28.4,0.0,59.0,0.8,4.971049,0.0,8.3,18.43333329,36.0,36.0,36.0,36.31666666666667,35.95,-9.423999986666663,-0.0666667200000006,-0.1793333333333304,9.238666666666663,8.862,18.54506174111111,9.120222222222225,5.68747,5.709978,5.727537,5.821767,5.6627645,0,0.0,0,1.0,-1.01,26.5,73.5
2022-10-27 17:15:00,108.83675743889,68.293657027778,68.306712055556,18.43333329,8.862,35.95,1,5.1764362714980825,70.66250196097344,17,3,10,-0.9659258262890684,-0.2588190451025206,0.4338837391175582,-0.900968867902419,-0.8660254037844386,0.5000000000000001,170.25,219.5625,300.1875,10.8,27.6,0.0,61.0,0.8500000000000001,5.0169115,0.0,7.925000000000001,18.25925923333333,36.0,36.0,36.0,36.0,35.53333333333333,-9.57133329,-0.0500000299999996,-0.1973333333333347,9.059333333333337,8.590666666666667,18.48888888333333,9.053333333333333,5.6627645,5.68747,5.709978,5.727537,5.53963,0,0.0,0,1.0,-1.02,27.0,73.0
2022-10-27 17:30:00,113.063532811112,68.015057055556,68.0272788,18.25925923333333,8.590666666666667,35.53333333333333,1,5.1764362714980825,70.66250196097344,17,3,10,-0.9659258262890684,-0.2588190451025206,0.4338837391175582,-0.900968867902419,-0.8660254037844386,0.5000000000000001,132.5,186.6875,281.3958333333333,10.3,26.8,0.0,63.0,0.9,5.057378,0.0,7.550000000000001,17.98888886,35.95,36.0,36.0,36.0,35.85,-9.668592566666668,-0.1740740566666652,-0.2713333333333327,8.862,8.318,18.39197528111111,8.837333333333332,5.53963,5.6627645,5.68747,5.709978,5.499913,0,0.0,0,1.0,-1.06,28.8,71.2
2022-10-27 17:45:00,128.16126226111,91.8938241,91.9071569,17.98888886,8.318,35.85,2,5.1764362714980825,70.66250196097344,17,3,10,-0.9659258262890684,-0.2588190451025206,0.4338837391175582,-0.900968867902419,-0.8660254037844386,0.5000000000000001,94.75,151.375,259.1666666666667,9.8,26.0,0.0,65.0,0.95,5.0926533,0.0,7.175,17.953703723333334,35.53333333333333,35.95,36.0,36.0,35.81666666666667,-9.67088886,-0.2703703733333356,-0.2726666666666677,8.590666666666667,8.007333333333333,18.22716046111111,8.590222222222222,5.499913,5.53963,5.6627645,5.68747,5.483309,0,0.0,1,1.0,-1.12,31.6,68.4
2022-10-27 18:00:00,162.794876811112,127.740167955556,127.758778377776,17.953703723333334,8.007333333333333,35.81666666666667,2,5.1764362714980825,70.66250196097344,18,3,10,-1.0,-1.8369701987210294e-16,0.4338837391175582,-0.900968867902419,-0.8660254037844386,0.5000000000000001,57.0,113.625,233.5,9.3,25.2,0.0,67.0,1.0,5.122934,0.0,6.8,18.13888892,35.85,35.53333333333333,35.95,36.0,35.45,-9.94637039,-0.0351851366666657,-0.3106666666666662,8.318,7.759333333333333,18.067283938888888,8.305333333333332,5.483309,5.499913,5.53963,5.6627645,5.4872684,0,0.0,0,1.0,-1.13,32.0,68.0
2022-10-27 18:15:00,186.263104827774,127.0557509,127.07241698333,18.13888892,7.759333333333333,35.45,2,5.1764362714980825,70.66250196097344,18,3,10,-1.0,-1.8369701987210294e-16,0.4338837391175582,-0.900968867902419,-0.8660254037844386,0.5000000000000001,42.75,81.75,207.58333333333331,8.700000000000001,23.4,0.0,68.5,1.075,5.144582,0.0,6.525,18.238888886666665,35.81666666666667,35.85,35.53333333333333,35.95,35.03333333333333,-10.379555586666664,0.1851851966666657,-0.2480000000000002,8.007333333333333,7.487333333333334,18.027160501111112,8.02822222222222,5.4872684,5.483309,5.499913,5.53963,5.455078,0,0.0,0,1.0,-1.09,30.1,69.9
2022-10-27 18:30:00,184.818718088888,135.920674105554,135.93761794444,18.238888886666665,7.487333333333334,35.03333333333333,2,5.1764362714980825,70.66250196097344,18,3,10,-1.0,-1.8369701987210294e-16,0.4338837391175582,-0.900968867902419,-0.8660254037844386,0.5000000000000001,28.5,55.75,181.41666666666663,8.100000000000001,21.6,0.0,70.0,1.15,5.1636353,0.0,6.25,18.18333336,35.45,35.81666666666667,35.85,35.53333333333333,35.0,-10.751555553333333,0.0999999666666653,-0.2719999999999993,7.759333333333333,7.310666666666666,18.11049384333333,7.751333333333332,5.455078,5.4872684,5.483309,5.499913,5.4319367,0,0.0,0,1.0,-1.07,29.1,70.9
2022-10-27 18:45:00,170.059308538886,135.059041855556,135.076541238886,18.18333336,7.310666666666666,35.0,2,5.1764362714980825,70.66250196097344,18,3,10,-1.0,-1.8369701987210294e-16,0.4338837391175582,-0.900968867902419,-0.8660254037844386,0.5000000000000001,14.25,35.625,155.0,7.5,19.8,0.0,71.5,1.225,5.1801662,0.0,5.975,17.991025626153846,35.03333333333333,35.45,35.81666666666667,35.85,35.0,-10.872666693333333,-0.0555555266666658,-0.1766666666666676,7.487333333333334,7.225384615384614,18.187037055555557,7.519111111111109,5.4319367,5.455078,5.4872684,5.483309,5.3701935,0,0.0,0,1.0,-1.08,29.7,70.3
2022-10-27 19:00:00,162.073239027778,115.321498072222,115.333164288888,17.991025626153846,7.225384615384614,35.0,2,5.1764362714980825,70.66250196097344,19,3,10,-0.9659258262890684,0.2588190451025203,0.4338837391175582,-0.900968867902419,-0.8660254037844386,0.5000000000000001,0.0,21.375,128.33333333333334,6.9,18.0,0.0,73.0,1.3,5.1942515,0.0,5.7,18.28888888,35.0,35.03333333333333,35.45,35.81666666666667,35.3,-10.765641010769231,-0.1923077338461531,-0.0852820512820518,7.310666666666666,7.146,18.137749290940167,7.341128205128204,5.3701935,5.4319367,5.455078,5.4872684,5.51294,0,0.0,0,1.0,-1.13,31.8,68.2
2022-10-27 19:15:00,184.935102283334,123.471449827778,123.4833938,18.28888888,7.146,35.3,2,5.1764362714980825,70.66250196097344,19,3,10,-0.9659258262890684,0.2588190451025203,0.4338837391175582,-0.900968867902419,-0.8660254037844386,0.5000000000000001,0.0,10.6875,104.0,7.175000000000001,16.3,0.0,74.0,1.225,5.171023,0.0,5.425,18.78148145333333,35.0,35.0,35.03333333333333,35.45,35.21666666666667,-11.142888879999996,0.2978632538461525,-0.0793846153846145,7.225384615384614,6.917333333333334,18.15441595538461,7.227350427350426,5.51294,5.3701935,5.4319367,5.455078,5.662771,0,0.0,0,1.0,-1.06,28.6,71.4
2022-10-27 19:30:00,185.994226666664,121.753740788888,121.765684744444,18.78148145333333,6.917333333333334,35.21666666666667,2,5.1764362714980825,70.66250196097344,19,3,10,-0.9659258262890684,0.2588190451025203,0.4338837391175582,-0.900968867902419,-0.8660254037844386,0.5000000000000001,0.0,3.5625,82.0,7.45,14.6,0.0,75.0,1.15,5.146745,0.0,5.15,19.07777776,35.3,35.0,35.0,35.03333333333333,35.55,-11.86414812,0.4925925733333365,-0.2286666666666663,7.146,6.696,18.353798653162396,7.096239316239315,5.662771,5.51294,5.3701935,5.4319367,5.8172693,0,0.0,0,1.0,-0.94,23.8,76.2
2022-10-27 19:45:00,191.956765938886,124.481687233332,124.495297855552,19.07777776,6.696,35.55,2,5.1764362714980825,70.66250196097344,19,3,10,-0.9659258262890684,0.2588190451025203,0.4338837391175582,-0.900968867902419,-0.8660254037844386,0.5000000000000001,0.0,0.0,62.333333333333336,7.725,12.9,0.0,76.0,1.075,5.121459,0.0,4.875,19.32777777333333,35.21666666666667,35.3,35.0,35.0,36.333333333333336,-12.38177776,0.2962963066666653,-0.2213333333333338,6.917333333333334,6.547333333333333,18.716049364444444,6.919777777777777,5.8172693,5.662771,5.51294,5.3701935,6.0336823,0,0.0,0,1.0,-0.87,21.1,78.9
2022-10-27 20:00:00,148.744883433328,75.021443472222,75.029776488888,19.32777777333333,6.547333333333333,36.333333333333336,2,5.1764362714980825,70.66250196097344,20,3,10,-0.8660254037844386,0.5000000000000001,0.4338837391175582,-0.900968867902419,-0.8660254037844386,0.5000000000000001,0.0,0.0,45.0,8.0,11.2,0.0,77.0,1.0,5.095204,0.0,4.6,19.39444444,35.55,35.21666666666667,35.3,35.0,38.0,-12.780444439999998,0.2500000133333309,-0.1486666666666671,6.696,6.472,19.062345662222224,6.720222222222222,6.0336823,5.8172693,5.662771,5.51294,6.335265,0,0.0,0,1.0,-0.81,18.9,81.1
2022-10-27 20:15:00,100.23293502222,44.5007199,44.516830405554,19.39444444,6.472,38.0,1,5.1764362714980825,70.66250196097344,20,3,10,-0.8660254037844386,0.5000000000000001,0.4338837391175582,-0.900968867902419,-0.8660254037844386,0.5000000000000001,0.0,0.0,30.8125,7.725,11.65,5.75,77.75,1.1,5.13631,0.0,4.574999999999999,19.24444447,36.333333333333336,35.55,35.21666666666667,35.3,37.85,-12.922444439999998,0.0666666666666664,-0.075333333333333,6.547333333333333,6.399333333333333,19.266666657777776,6.571777777777776,6.335265,6.0336823,5.8172693,5.662771,6.254779,0,0.0,1,1.0,-0.79,18.0,82.0
2022-10-27 20:30:00,130.510335061106,55.2861218,55.307232105554,19.24444447,6.399333333333333,37.85,1,5.1764362714980825,70.66250196097344,20,3,10,-0.8660254037844386,0.5000000000000001,0.4338837391175582,-0.900968867902419,-0.8660254037844386,0.5000000000000001,0.0,0.0,19.77083333333333,7.45,12.1,11.5,78.5,1.2,5.1772666,0.0,4.55,19.12777778,38.0,36.333333333333336,35.55,35.21666666666667,37.5,-12.845111136666668,-0.1499999699999961,-0.0726666666666666,6.472,6.320666666666667,19.32222222777777,6.472888888888886,6.254779,6.335265,6.0336823,5.8172693,6.15448,0,0.0,0,1.0,-0.82,19.3,80.7
2022-10-27 20:45:00,156.810394216658,56.163308944444,56.192474511108,19.12777778,6.320666666666667,37.5,1,5.1764362714980825,70.66250196097344,20,3,10,-0.8660254037844386,0.5000000000000001,0.4338837391175582,-0.900968867902419,-0.8660254037844386,0.5000000000000001,0.0,0.0,11.875,7.175000000000001,12.55,17.25,79.25,1.2999999999999998,5.21807,0.0,4.525,19.1111111,37.85,38.0,36.333333333333336,35.55,37.5,-12.807111113333333,-0.1166666900000024,-0.078666666666666,6.399333333333333,6.175333333333333,19.25555556333333,6.397333333333332,6.15448,6.254779,6.335265,6.0336823,6.148434,0,0.0,0,1.0,-0.85,20.3,79.7
2022-10-27 21:00:00,143.093720555552,59.219575555556,59.24874112222,19.1111111,6.175333333333333,37.5,1,5.1764362714980825,70.66250196097344,21,3,10,-0.7071067811865477,0.7071067811865474,0.4338837391175582,-0.900968867902419,-0.8660254037844386,0.5000000000000001,0.0,0.0,7.125,6.9,13.0,23.0,80.0,1.4,5.258723,0.0,4.5,19.11666666,37.5,37.85,38.0,36.333333333333336,37.55,-12.935777766666666,-0.0166666800000001,-0.1453333333333342,6.320666666666667,5.776,19.161111116666664,6.298444444444443,6.148434,6.15448,6.254779,6.335265,6.15865,0,0.0,0,1.0,-0.86,20.4,79.6
2022-10-27 21:15:00,127.10686002222,56.688287927778,56.71217592222,19.11666666,5.776,37.55,1,5.1764362714980825,70.66250196097344,21,3,10,-0.7071067811865477,0.7071067811865474,0.4338837391175582,-0.900968867902419,-0.8660254037844386,0.5000000000000001,0.0,0.0,3.5625,6.575,12.45,20.75,80.75,1.475,5.2904377,0.0,4.45,19.16296299333333,37.5,37.5,37.85,38.0,37.96666666666667,-13.34066666,0.0055555600000012,-0.3993333333333329,6.175333333333333,5.536,19.11851851333333,6.090666666666665,6.15865,6.148434,6.15448,6.254779,6.244007,0,0.0,0,1.0,-0.85,20.4,79.6
2022-10-27 21:30:00,128.069043633336,56.681621511112,56.695509872222,19.16296299333333,5.536,37.96666666666667,1,5.1764362714980825,70.66250196097344,21,3,10,-0.7071067811865477,0.7071067811865474,0.4338837391175582,-0.900968867902419,-0.8660254037844386,0.5000000000000001,0.0,0.0,1.1875,6.25,11.9,18.5,81.5,1.5499999999999998,5.3218775,0.0,4.4,19.13333334,37.55,37.5,37.5,37.85,37.65,-13.626962993333334,0.0462963333333341,-0.2400000000000002,5.776,5.424,19.13024691777778,5.82911111111111,6.244007,6.15865,6.148434,6.15448,6.1811237,0,0.0,0,1.0,-0.84,19.9,80.1
2022-10-27 21:45:00,116.133410077776,56.877447044444,56.89439088333,19.13333334,5.424,37.65,1,5.1764362714980825,70.66250196097344,21,3,10,-0.7071067811865477,0.7071067811865474,0.4338837391175582,-0.900968867902419,-0.8660254037844386,0.5000000000000001,0.0,0.0,0.0,5.925,11.35,16.25,82.25,1.625,5.353043,0.0,4.35,19.16296299333333,37.96666666666667,37.55,37.5,37.5,37.5,-13.70933334,-0.029629653333334,-0.1119999999999992,5.536,5.393333333333333,19.13765433111111,5.578666666666666,6.1811237,6.244007,6.15865,6.148434,6.1672587,0,0.0,0,1.0,-0.85,20.2,79.8
2022-10-27 22:00:00,130.961150277776,57.022163472222,57.038829555552,19.16296299333333,5.393333333333333,37.5,1,5.1764362714980825,70.66250196097344,22,3,10,-0.5000000000000004,0.8660254037844384,0.4338837391175582,-0.900968867902419,-0.8660254037844386,0.5000000000000001,0.0,0.0,0.0,5.6,10.8,14.0,83.0,1.7,5.383937,0.0,4.3,19.2,37.65,37.96666666666667,37.55,37.5,37.85,-13.76962966,0.029629653333334,-0.0306666666666677,5.424,5.208666666666667,19.15308644222222,5.451111111111111,6.1672587,6.1811237,6.244007,6.15865,6.2384214,0,0.0,0,1.0,-0.84,20.0,80.0
2022-10-27 22:15:00,140.751036350002,56.947999788888,56.962721449998,19.2,5.208666666666667,37.85,1,5.1764362714980825,70.66250196097344,22,3,10,-0.5000000000000004,0.8660254037844384,0.4338837391175582,-0.900968867902419,-0.8660254037844386,0.5000000000000001,0.0,0.0,0.0,5.775,10.625,10.5,84.0,1.75,5.4126925,0.0,4.2,19.19074075,37.5,37.65,37.96666666666667,37.55,38.18333333333333,-13.991333333333332,0.0370370066666652,-0.1846666666666658,5.393333333333333,4.791333333333333,19.165432111111112,5.341999999999999,6.2384214,6.1672587,6.1811237,6.244007,6.28993,0,0.0,0,1.0,-0.83,19.6,80.4
2022-10-27 22:30:00,105.911596833328,57.021607944444,57.03132982222,19.19074075,4.791333333333333,38.18333333333333,1,5.1764362714980825,70.66250196097344,22,3,10,-0.5000000000000004,0.8660254037844384,0.4338837391175582,-0.900968867902419,-0.8660254037844386,0.5000000000000001,0.0,0.0,0.0,5.949999999999999,10.45,7.0,85.0,1.7999999999999998,5.440801,0.0,4.1,19.26666667,37.85,37.5,37.65,37.96666666666667,38.5,-14.399407416666666,-0.0092592499999994,-0.4173333333333335,5.208666666666667,4.512,19.184567914444443,5.131111111111109,6.28993,6.2384214,6.1672587,6.1811237,6.370525,0,0.0,0,1.0,-0.83,19.6,80.4
2022-10-27 22:45:00,93.891799894438,56.949944127778,56.954944011108,19.26666667,4.512,38.5,1,5.1764362714980825,70.66250196097344,22,3,10,-0.5000000000000004,0.8660254037844384,0.4338837391175582,-0.900968867902419,-0.8660254037844386,0.5000000000000001,0.0,0.0,0.0,6.125,10.275,3.5,86.0,1.85,5.468268,0.0,4.0,19.3296296,38.18333333333333,37.85,37.5,37.65,38.5,-14.75466667,0.0759259199999995,-0.2793333333333336,4.791333333333333,4.342666666666667,19.219135806666667,4.837333333333333,6.370525,6.28993,6.2384214,6.1672587,6.3941884,0,0.0,0,1.0,-0.81,19.0,81.0
2022-10-27 23:00:00,102.89310644444,57.108826655556,57.112993238886,19.3296296,4.342666666666667,38.5,1,5.1764362714980825,70.66250196097344,23,3,10,-0.2588190451025215,0.965925826289068,0.4338837391175582,-0.900968867902419,-0.8660254037844386,0.5000000000000001,0.0,0.0,0.0,6.3,10.1,0.0,87.0,1.9,5.4951005,0.0,3.9,19.374603174285717,38.5,38.18333333333333,37.85,37.5,38.5,-14.98696293333333,0.0629629299999976,-0.1693333333333324,4.512,4.012857142857143,19.26234567333333,4.548666666666666,6.3941884,6.370525,6.28993,6.2384214,6.411135,0,0.0,0,1.0,-0.8,18.5,81.5
2022-10-27 23:15:00,89.6389143,52.960103727778,52.965103594442,19.374603174285717,4.012857142857143,38.5,1,5.1764362714980825,70.66250196097344,23,3,10,-0.2588190451025215,0.965925826289068,0.4338837391175582,-0.900968867902419,-0.8660254037844386,0.5000000000000001,0.0,0.0,0.0,5.775,10.0,24.75,88.0,1.9,5.502905,0.0,3.75,19.3888889,38.5,38.5,38.18333333333333,37.85,38.5,-15.36174603142857,0.0449735742857164,-0.3298095238095246,4.342666666666667,3.5906666666666665,19.32363314809524,4.289174603174602,6.411135,6.3941884,6.370525,6.28993,6.416527,0,0.0,0,1.0,-0.79,18.1,81.9
2022-10-27 23:30:00,102.310907416666,56.16886423889,56.174975177776,19.3888889,3.5906666666666665,38.5,1,5.1764362714980825,70.66250196097344,23,3,10,-0.2588190451025215,0.965925826289068,0.4338837391175582,-0.900968867902419,-0.8660254037844386,0.5000000000000001,0.0,0.0,0.0,5.25,9.9,49.5,89.0,1.9,5.5099397,0.0,3.6,19.42777775,38.5,38.5,38.5,38.18333333333333,38.5,-15.798222233333334,0.0142857257142878,-0.422190476190476,4.012857142857143,3.3353333333333333,19.36437389142857,3.9820634920634905,6.416527,6.411135,6.3941884,6.370525,6.431224,0,0.0,0,1.0,-0.79,18.0,82.0
2022-10-27 23:45:00,723.389952211108,56.191918916666,56.199140877776,19.42777775,3.3353333333333333,38.5,1,5.1764362714980825,70.66250196097344,23,3,10,-0.2588190451025215,0.965925826289068,0.4338837391175582,-0.900968867902419,-0.8660254037844386,0.5000000000000001,0.0,0.0,0.0,4.725,9.8,74.25,90.0,1.9,5.5162187,0.0,3.45,19.4444444,38.5,38.5,38.5,38.5,38.5,-16.092444416666666,0.0388888499999993,-0.2553333333333332,3.5906666666666665,3.1825,19.39708994142857,3.646285714285713,6.431224,6.416527,6.411135,6.3941884,6.43753,0,0.0,0,1.0,-0.78,17.7,82.3
2022-10-28 00:00:00,193.469205372222,44.8623721,44.86876076111,19.4444444,3.1825,38.5,1,5.1764362714980825,70.66250196097344,0,4,10,0.0,1.0,-0.433883739117558,-0.9009688679024191,-0.8660254037844386,0.5000000000000001,0.0,0.0,0.0,4.2,9.7,99.0,91.0,1.9,5.5217547,0.0,3.3,19.4444444,38.5,38.5,38.5,38.5,38.44230769230769,-16.261944399999997,0.0166666499999976,-0.1528333333333336,3.3353333333333333,3.2453846153846158,19.42037035,3.3694999999999986,6.43753,6.431224,6.416527,6.411135,6.427884,0,0.0,0,1.0,-0.77,17.6,82.4
2022-10-28 00:15:00,72.625150411112,48.71749563889,48.723328755556,19.4444444,3.2453846153846158,38.44230769230769,1,5.1764362714980825,70.66250196097344,0,4,10,0.0,1.0,-0.433883739117558,-0.9009688679024191,-0.8660254037844386,0.5000000000000001,0.0,0.0,0.0,4.6,9.075,99.0,91.5,1.9,5.5057497,0.0,3.175,19.4444444,38.5,38.5,38.5,38.5,38.03333333333333,-16.199059784615383,0.0,0.0628846153846156,3.1825,3.240666666666667,19.43888885,3.2544059829059813,6.427884,6.43753,6.431224,6.416527,6.3594995,0,0.0,0,1.0,-0.77,17.6,82.4
2022-10-28 00:30:00,96.374478249998,56.254694205554,56.26108288333,19.4444444,3.240666666666667,38.03333333333333,1,5.1764362714980825,70.66250196097344,0,4,10,0.0,1.0,-0.433883739117558,-0.9009688679024191,-0.8660254037844386,0.5000000000000001,0.0,0.0,0.0,5.0,8.45,99.0,92.0,1.9,5.489579,0.0,3.05,19.47777776,38.44230769230769,38.5,38.5,38.5,38.0,-16.203777733333332,0.0,-0.0047179487179485,3.2453846153846158,3.1786666666666665,19.4444444,3.2228504273504264,6.3594995,6.427884,6.43753,6.431224,6.3663926,0,0.0,0,1.0,-0.77,17.6,82.4
2022-10-28 00:45:00,98.192738833332,56.088589683334,56.095256116666,19.47777776,3.1786666666666665,38.0,1,5.1764362714980825,70.66250196097344,0,4,10,0.0,1.0,-0.433883739117558,-0.9009688679024191,-0.8660254037844386,0.5000000000000001,0.0,0.0,0.0,5.4,7.825,99.0,92.5,1.9,5.473248,0.0,2.925,19.46851849333333,38.03333333333333,38.44230769230769,38.5,38.5,38.0,-16.29911109333333,0.0333333600000003,-0.0620000000000002,3.240666666666667,3.033333333333333,19.45555552,3.221572649572648,6.3663926,6.3594995,6.427884,6.43753,6.362929,0,0.0,0,1.0,-0.77,17.4,82.6
2022-10-28 01:00:00,91.782439705554,55.956372755556,55.962205888888,19.46851849333333,3.033333333333333,38.0,1,5.1764362714980825,70.66250196097344,1,4,10,0.2588190451025207,0.9659258262890684,-0.433883739117558,-0.9009688679024191,-0.8660254037844386,0.5000000000000001,0.0,0.0,0.0,5.8,7.2,99.0,93.0,1.9,5.456757,0.0,2.8,19.46111108,38.0,38.03333333333333,38.44230769230769,38.5,37.95,-16.435185159999996,-0.0092592666666675,-0.1453333333333333,3.1786666666666665,2.922,19.46358021777777,3.1508888888888875,6.362929,6.3663926,6.3594995,6.427884,6.351788,0,0.0,0,1.0,-0.77,17.5,82.5
2022-10-28 01:15:00,89.644747516662,55.6136087,55.620830694442,19.46111108,2.922,37.95,1,5.1764362714980825,70.66250196097344,1,4,10,0.2588190451025207,0.9659258262890684,-0.433883739117558,-0.9009688679024191,-0.8660254037844386,0.5000000000000001,0.0,0.0,0.0,5.725,7.3,84.5,92.0,1.9,5.471172,0.0,3.0,19.4444444,38.0,38.0,38.03333333333333,38.44230769230769,37.53333333333333,-16.53911108,-0.007407413333329,-0.1113333333333335,3.033333333333333,2.6973333333333334,19.46913577777778,3.0446666666666657,6.351788,6.362929,6.3663926,6.3594995,6.2758956,0,0.0,0,1.0,-0.77,17.5,82.5
2022-10-28 01:30:00,79.37265821667,55.568054972222,55.576110216666,19.4444444,2.6973333333333334,37.53333333333333,1,5.1764362714980825,70.66250196097344,1,4,10,0.2588190451025207,0.9659258262890684,-0.433883739117558,-0.9009688679024191,-0.8660254037844386,0.5000000000000001,0.0,0.0,0.0,5.65,7.4,70.0,91.0,1.9,5.484854,0.0,3.2,19.4444444,37.95,38.0,38.0,38.03333333333333,37.5,-16.747111066666665,-0.0166666800000037,-0.2246666666666663,2.922,2.531333333333333,19.458024657777777,2.884222222222221,6.2758956,6.351788,6.362929,6.3663926,6.2703223,0,0.0,0,1.0,-0.78,17.7,82.3
2022-10-28 01:45:00,428.807013716666,55.5402783,55.548889105554,19.4444444,2.531333333333333,37.5,1,5.1764362714980825,70.66250196097344,1,4,10,0.2588190451025207,0.9659258262890684,-0.433883739117558,-0.9009688679024191,-0.8660254037844386,0.5000000000000001,0.0,0.0,0.0,5.575,7.5,55.5,90.0,1.9,5.4977846,0.0,3.4,19.42407405,37.53333333333333,37.95,38.0,38.0,37.5,-16.913111066666666,0.0,-0.1659999999999999,2.6973333333333334,2.4386666666666668,19.44999996,2.716888888888888,6.2703223,6.2758956,6.351788,6.362929,6.262813,0,0.0,0,1.0,-0.78,17.7,82.3
2022-10-28 02:00:00,103.464472472218,55.601664744444,55.607497927774,19.42407405,2.4386666666666668,37.5,1,5.1764362714980825,70.66250196097344,2,4,10,0.4999999999999999,0.8660254037844387,-0.433883739117558,-0.9009688679024191,-0.8660254037844386,0.5000000000000001,0.0,0.0,0.0,5.5,7.6,41.0,89.0,1.9,5.5099397,0.0,3.6,19.39444445,37.5,37.53333333333333,37.95,38.0,37.45,-16.98540738333333,-0.0203703500000003,-0.0926666666666666,2.531333333333333,2.284666666666667,19.43765428333333,2.555777777777777,6.262813,6.2703223,6.2758956,6.351788,6.243571,0,0.0,0,1.0,-0.78,17.9,82.1
2022-10-28 02:15:00,108.398997266664,67.986169327778,67.993669044444,19.39444445,2.284666666666667,37.45,1,5.1764362714980825,70.66250196097344,2,4,10,0.4999999999999999,0.8660254037844387,-0.433883739117558,-0.9009688679024191,-0.8660254037844386,0.5000000000000001,0.0,0.0,0.0,5.85,8.125,55.75,88.5,1.9,5.4973273,0.0,3.65,19.438271566666668,37.5,37.5,37.53333333333333,37.95,37.05555555555556,-17.10977778333333,-0.0296295999999998,-0.1539999999999999,2.4386666666666668,2.161111111111111,19.42098763333333,2.418222222222221,6.243571,6.262813,6.2703223,6.2758956,6.193759,0,0.0,0,1.0,-0.79,18.1,81.9
2022-10-28 02:30:00,48.861378766668,33.733095072222,33.737817133332,19.438271566666668,2.161111111111111,37.05555555555556,1,5.1764362714980825,70.66250196097344,2,4,10,0.4999999999999999,0.8660254037844387,-0.433883739117558,-0.9009688679024191,-0.8660254037844386,0.5000000000000001,0.0,0.0,0.0,6.2,8.649999999999999,70.5,88.0,1.9,5.4845595,0.0,3.7,19.43803415,37.45,37.5,37.5,37.53333333333333,37.0,-17.277160455555556,0.0438271166666695,-0.1235555555555558,2.284666666666667,2.016923076923077,19.418930022222224,2.294814814814813,6.193759,6.243571,6.262813,6.2703223,6.1843853,0,0.0,0,1.0,-0.78,17.9,82.1
2022-10-28 02:45:00,76.571103683334,48.094187255556,48.101409249998,19.43803415,2.016923076923077,37.0,1,5.1764362714980825,70.66250196097344,2,4,10,0.4999999999999999,0.8660254037844387,-0.433883739117558,-0.9009688679024191,-0.8660254037844386,0.5000000000000001,0.0,0.0,0.0,6.550000000000001,9.175,85.25,87.5,1.9,5.471639,0.0,3.75,19.3925926,37.05555555555556,37.45,37.5,37.5,37.0,-17.421111073076922,-0.0002374166666676,-0.1441880341880339,2.161111111111111,1.88,19.42358338888889,2.1542336182336173,6.1843853,6.193759,6.243571,6.262813,6.1678753,0,0.0,0,1.0,-0.78,17.9,82.1
2022-10-28 03:00:00,81.047035622228,56.90716803889,56.914945527778,19.3925926,1.88,37.0,1,5.1764362714980825,70.66250196097344,3,4,10,0.7071067811865476,0.7071067811865476,-0.433883739117558,-0.9009688679024191,-0.8660254037844386,0.5000000000000001,0.0,0.0,0.0,6.9,9.7,100.0,87.0,1.9,5.458562,0.0,3.8,19.38333334,37.0,37.05555555555556,37.45,37.5,37.0,-17.5125926,-0.0454415499999996,-0.1369230769230771,2.016923076923077,1.7093333333333334,19.42296610555556,2.0193447293447284,6.1678753,6.1843853,6.193759,6.243571,6.164517,0,0.0,0,1.0,-0.79,18.2,81.8
2022-10-28 03:15:00,90.645818488888,55.629163627778,55.636385638886,19.38333334,1.7093333333333334,37.0,1,5.1764362714980825,70.66250196097344,3,4,10,0.7071067811865476,0.7071067811865476,-0.433883739117558,-0.9009688679024191,-0.8660254037844386,0.5000000000000001,0.0,0.0,0.0,7.075,10.325,100.0,86.5,1.6749999999999998,5.3730946,0.0,3.65,19.337037006666662,37.0,37.0,37.05555555555556,37.45,37.0,-17.674000006666667,-0.0092592600000003,-0.1706666666666665,1.88,1.646,19.40465336333333,1.868752136752136,6.164517,6.1678753,6.1843853,6.193759,6.147743,0,0.0,0,1.0,-0.79,18.3,81.7
2022-10-28 03:30:00,104.244441155556,55.477503077776,55.48361398333,19.337037006666662,1.646,37.0,1,5.1764362714980825,70.66250196097344,3,4,10,0.7071067811865476,0.7071067811865476,-0.433883739117558,-0.9009688679024191,-0.8660254037844386,0.5000000000000001,0.0,0.0,0.0,7.25,10.95,100.0,86.0,1.45,5.288722,0.0,3.5,19.32777775,37.0,37.0,37.0,37.05555555555556,36.95,-17.691037006666665,-0.0462963333333341,-0.0633333333333332,1.7093333333333334,1.614,19.37098764888889,1.74511111111111,6.147743,6.164517,6.1678753,6.1843853,6.1360893,0,0.0,0,1.0,-0.81,18.7,81.3
2022-10-28 03:45:00,98.389953177776,69.216120094446,69.22417533889,19.32777775,1.614,36.95,1,5.1764362714980825,70.66250196097344,3,4,10,0.7071067811865476,0.7071067811865476,-0.433883739117558,-0.9009688679024191,-0.8660254037844386,0.5000000000000001,0.0,0.0,0.0,7.425,11.575,100.0,85.5,1.225,5.2054324,0.0,3.35,19.26111111333333,37.0,37.0,37.0,37.0,36.71666666666667,-17.71377775,-0.0092592566666667,-0.032,1.646,1.508,19.34938269888889,1.6564444444444433,6.1360893,6.147743,6.164517,6.1678753,6.073453,0,0.0,0,1.0,-0.81,18.8,81.2
2022-10-28 04:00:00,129.682034894438,102.874218233332,102.886440011108,19.26111111333333,1.508,36.71666666666667,2,5.1764362714980825,70.66250196097344,4,4,10,0.8660254037844386,0.5000000000000001,-0.433883739117558,-0.9009688679024191,-0.8660254037844386,0.5000000000000001,0.0,0.0,0.0,7.6,12.2,100.0,85.0,1.0,5.123215,0.0,3.2,19.299206319285712,36.95,37.0,37.0,37.0,36.65357142857143,-17.753111113333336,-0.0666666366666639,-0.1060000000000001,1.614,1.457142857142857,19.308641956666666,1.5893333333333324,6.073453,6.1360893,6.147743,6.164517,6.076634,0,0.0,1,1.0,-0.82,19.3,80.7
2022-10-28 04:15:00,105.324120266664,75.946684244444,75.9544617,19.299206319285712,1.457142857142857,36.65357142857143,2,5.1764362714980825,70.66250196097344,4,4,10,0.8660254037844386,0.5000000000000001,-0.433883739117558,-0.9009688679024191,-0.8660254037844386,0.5000000000000001,0.0,0.0,0.0,7.35,12.125,100.0,84.25,0.7,5.018708,0.0,3.0250000000000004,19.353703686666663,36.71666666666667,36.95,37.0,37.0,36.31666666666667,-17.842063462142857,0.0380952059523771,-0.0508571428571429,1.508,1.4126666666666667,19.296031727539685,1.5263809523809513,6.076634,6.073453,6.1360893,6.147743,6.040126,0,0.0,0,1.0,-0.82,19.0,81.0
2022-10-28 04:30:00,82.52947652222,56.479962927778,56.487740416666,19.353703686666663,1.4126666666666667,36.31666666666667,1,5.1764362714980825,70.66250196097344,4,4,10,0.8660254037844386,0.5000000000000001,-0.433883739117558,-0.9009688679024191,-0.8660254037844386,0.5000000000000001,0.0,0.0,0.0,7.1,12.05,100.0,83.5,0.4,4.915857,0.0,2.85,19.31666668,36.65357142857143,36.71666666666667,36.95,37.0,36.0,-17.94103702,0.0544973673809536,-0.0444761904761903,1.457142857142857,1.31,19.30467370642857,1.4592698412698402,6.040126,6.076634,6.073453,6.1360893,5.97442,0,0.0,1,1.0,-0.81,18.7,81.3
2022-10-28 04:45:00,131.009203822224,87.887039911112,87.8981506,19.31666668,1.31,36.0,2,5.1764362714980825,70.66250196097344,4,4,10,0.8660254037844386,0.5000000000000001,-0.433883739117558,-0.9009688679024191,-0.8660254037844386,0.5000000000000001,0.0,0.0,0.0,6.85,11.975,100.0,82.75,0.0999999999999999,4.8146434,0.0,2.675,19.30925925,36.31666666666667,36.65357142857143,36.71666666666667,36.95,36.0,-18.006666680000002,-0.0370370066666652,-0.1026666666666666,1.4126666666666667,1.3906666666666667,19.323192228650797,1.3932698412698403,5.97442,6.040126,6.076634,6.073453,5.971815,0,0.0,1,1.0,-0.82,19.0,81.0
2022-10-28 05:00:00,86.60848005555201,44.610159955556,44.616548649998,19.30925925,1.3906666666666667,36.0,1,5.1764362714980825,70.66250196097344,5,4,10,0.9659258262890684,0.2588190451025207,-0.433883739117558,-0.9009688679024191,-0.8660254037844386,0.5000000000000001,0.0,0.0,0.0,6.6,11.9,100.0,82.0,-0.2,4.7150435,0.0,2.5,19.22777777,36.0,36.31666666666667,36.65357142857143,36.71666666666667,36.05,-17.918592583333332,-0.0074074300000006,0.0806666666666666,1.31,1.5853333333333337,19.32654320555556,1.3711111111111098,5.971815,5.97442,6.040126,6.076634,5.9514785,0,0.0,1,1.0,-0.82,19.1,80.9
2022-10-28 05:15:00,77.36134977222599,54.264218211112,54.273106788888,19.22777777,1.5853333333333337,36.05,1,5.1764362714980825,70.66250196097344,5,4,10,0.9659258262890684,0.2588190451025207,-0.433883739117558,-0.9009688679024191,-0.8660254037844386,0.5000000000000001,0.0,0.0,0.0,6.5,11.525,100.0,81.75,-0.325,4.6769347,0.0,2.425,19.118518506666664,36.0,36.0,36.31666666666667,36.65357142857143,36.28333333333333,-17.642444436666665,-0.0814814800000007,0.1946666666666667,1.3906666666666667,1.407333333333333,19.2845679,1.4286666666666656,5.9514785,5.971815,5.97442,6.040126,5.9515505,0,0.0,0,1.0,-0.84,19.7,80.3
2022-10-28 05:30:00,82.32726231111201,54.858638866668,54.866138616666,19.118518506666664,1.407333333333333,36.28333333333333,1,5.1764362714980825,70.66250196097344,5,4,10,0.9659258262890684,0.2588190451025207,-0.433883739117558,-0.9009688679024191,-0.8660254037844386,0.5000000000000001,0.0,0.0,0.0,6.4,11.15,100.0,81.5,-0.4499999999999999,4.6390743,0.0,2.35,19.07222225,36.05,36.0,36.0,36.31666666666667,36.0,-17.71118517333333,-0.1092592633333353,-0.1780000000000001,1.5853333333333337,0.9593333333333334,19.218518508888888,1.46111111111111,5.9515505,5.9514785,5.971815,5.97442,5.8889756,0,0.0,0,1.0,-0.86,20.6,79.4
2022-10-28 05:45:00,85.537689422224,54.942524411112,54.95002416111,19.07222225,0.9593333333333334,36.0,1,5.1764362714980825,70.66250196097344,5,4,10,0.9659258262890684,0.2588190451025207,-0.433883739117558,-0.9009688679024191,-0.8660254037844386,0.5000000000000001,0.0,0.0,0.0,6.3,10.775,100.0,81.25,-0.575,4.601464,0.0,2.2750000000000004,19.03518521333333,36.28333333333333,36.05,36.0,36.0,36.0,-18.112888916666662,-0.0462962566666647,-0.4479999999999999,1.407333333333333,0.748,19.139506175555557,1.317333333333332,5.8889756,5.9515505,5.9514785,5.971815,5.8761225,0,0.0,0,1.0,-0.87,21.1,78.9
2022-10-28 06:00:00,90.299721133336,55.000577672222,55.007521877776,19.03518521333333,0.748,36.0,1,5.1764362714980825,70.66250196097344,6,4,10,1.0,6.123233995736766e-17,-0.433883739117558,-0.9009688679024191,-0.8660254037844386,0.5000000000000001,0.0,0.0,0.0,6.2,10.4,100.0,81.0,-0.7,4.5641,0.0,2.2,18.99444444,36.0,36.28333333333333,36.05,36.0,36.0,-18.28718521333333,-0.0370370366666676,-0.2113333333333333,0.9593333333333334,0.764,19.075308656666664,1.038222222222221,5.8761225,5.8889756,5.9515505,5.9514785,5.862012,0,0.0,0,1.0,-0.88,21.4,78.6
2022-10-28 06:15:00,98.143018505558,54.808085372222,54.81419626111,18.99444444,0.764,36.0,1,5.1764362714980825,70.66250196097344,6,4,10,1.0,6.123233995736766e-17,-0.433883739117558,-0.9009688679024191,-0.8660254037844386,0.5000000000000001,0.0,0.0,0.0,6.55,10.775,100.0,81.5,-0.75,4.5535884,0.0,2.075,18.948148106666665,36.0,36.0,36.28333333333333,36.05,36.0,-18.23044444,-0.0407407733333329,0.016,0.748,1.2473333333333334,19.03395063444444,0.8237777777777766,5.862012,5.8761225,5.8889756,5.9515505,5.846013,0,0.0,0,1.0,-0.89,21.7,78.3
2022-10-28 06:30:00,86.653755977776,54.833639883334,54.841417388888,18.948148106666665,1.2473333333333334,36.0,1,5.1764362714980825,70.66250196097344,6,4,10,1.0,6.123233995736766e-17,-0.433883739117558,-0.9009688679024191,-0.8660254037844386,0.5000000000000001,0.0,0.0,0.0,6.9,11.15,100.0,82.0,-0.8,4.542889,0.0,1.95,18.90555555,36.0,36.0,36.0,36.28333333333333,36.0,-17.70081477333333,-0.0462963333333341,0.4833333333333334,0.764,2.0113333333333334,18.992592586666664,0.9197777777777766,5.846013,5.862012,5.8761225,5.8889756,5.8313284,0,0.0,0,1.0,-0.9,22.1,77.9
2022-10-28 06:45:00,77.60995097778,54.625037111112,54.632536827778,18.90555555,2.0113333333333334,36.0,1,5.1764362714980825,70.66250196097344,6,4,10,1.0,6.123233995736766e-17,-0.433883739117558,-0.9009688679024191,-0.8660254037844386,0.5000000000000001,0.0,0.0,0.0,7.25,11.525,100.0,82.5,-0.85,4.5320077,0.0,1.825,18.86851851333333,36.0,36.0,36.0,36.0,36.0,-16.894222216666666,-0.0425925566666656,0.764,1.2473333333333334,2.091333333333333,18.949382698888886,1.3408888888888877,5.8313284,5.846013,5.862012,5.8761225,5.818583,0,0.0,0,1.0,-0.91,22.5,77.5
2022-10-28 07:00:00,82.633916711112,54.561706327778,54.56920606111,18.86851851333333,2.091333333333333,36.0,1,5.1764362714980825,70.66250196097344,7,4,10,0.9659258262890684,-0.2588190451025206,-0.433883739117558,-0.9009688679024191,-0.8660254037844386,0.5000000000000001,0.0,0.0,0.0,7.6,11.9,100.0,83.0,-0.9,4.520945,0.0,1.7,18.8333333,36.0,36.0,36.0,36.0,36.0,-16.77718518,-0.0370370366666641,0.08,2.0113333333333334,1.8173333333333332,18.90740739,1.7833333333333323,5.818583,5.8313284,5.846013,5.862012,5.8064985,0,0.0,0,1.0,-0.92,22.8,77.2
2022-10-28 07:15:00,89.153933799996,54.555595488888,54.56448408333,18.8333333,1.8173333333333332,36.0,1,5.1764362714980825,70.66250196097344,7,4,10,0.9659258262890684,-0.2588190451025206,-0.433883739117558,-0.9009688679024191,-0.8660254037844386,0.5000000000000001,1.25,0.3125,0.1041666666666666,7.025,11.9,100.0,83.75,-0.95,4.5078526,0.0,1.525,18.81296295,36.0,36.0,36.0,36.0,36.0,-17.015999966666666,-0.0351852133333352,-0.274,2.091333333333333,1.838666666666667,18.869135787777772,1.973333333333332,5.8064985,5.818583,5.8313284,5.846013,5.799515,0,0.0,0,1.0,-0.93,23.2,76.8
2022-10-28 07:30:00,93.292379255556,54.505597472222,54.513652749998,18.81296295,1.838666666666667,36.0,1,5.1764362714980825,70.66250196097344,7,4,10,0.9659258262890684,-0.2588190451025206,-0.433883739117558,-0.9009688679024191,-0.8660254037844386,0.5000000000000001,2.5,0.9375,0.3125,6.449999999999999,11.9,100.0,84.5,-1.0,4.4943585,0.0,1.35,18.7777778,36.0,36.0,36.0,36.0,35.7,-16.97429628333333,-0.0203703500000003,0.0213333333333334,1.8173333333333332,1.608,18.83827158777778,1.915777777777777,5.799515,5.8064985,5.818583,5.8313284,5.739234,0,0.0,0,1.0,-0.93,23.3,76.7
2022-10-28 07:45:00,90.964694500004,54.525041127778,54.533651916666,18.7777778,1.608,35.7,1,5.1764362714980825,70.66250196097344,7,4,10,0.9659258262890684,-0.2588190451025206,-0.433883739117558,-0.9009688679024191,-0.8660254037844386,0.5000000000000001,3.75,1.875,0.625,5.875,11.9,100.0,85.25,-1.05,4.4804745,0.0,1.175,18.757407413333333,36.0,36.0,36.0,36.0,35.78333333333333,-17.1697778,-0.0351851500000002,-0.2306666666666668,1.838666666666667,1.182,18.808024683333333,1.754666666666666,5.739234,5.799515,5.8064985,5.818583,5.7457056,0,0.0,0,1.0,-0.94,23.7,76.3
2022-10-28 08:00:00,657.701746344448,63.138029927778,63.148862894442,18.757407413333333,1.182,35.78333333333333,1,5.1764362714980825,70.66250196097344,8,4,10,0.8660254037844387,-0.4999999999999998,-0.433883739117558,-0.9009688679024191,-0.8660254037844386,0.5000000000000001,5.0,3.125,1.0416666666666667,5.3,11.9,100.0,86.0,-1.1,4.466207,0.0,1.0,18.63333332,35.7,36.0,36.0,36.0,36.2,-17.575407413333334,-0.0203703866666664,-0.4260000000000001,1.608,1.2853333333333334,18.78271605444445,1.542888888888888,5.7457056,5.739234,5.799515,5.8064985,5.7701006,0,0.0,0,1.0,-0.95,23.9,76.1
2022-10-28 08:15:00,174.044982438886,97.961359155556,98.000802077776,18.63333332,1.2853333333333334,36.2,2,5.1764362714980825,70.66250196097344,8,4,10,0.8660254037844387,-0.4999999999999998,-0.433883739117558,-0.9009688679024191,-0.8660254037844386,0.5000000000000001,24.75,9.0,3.1041666666666665,5.25,11.625,100.0,84.75,-0.95,4.515339,0.0,1.375,18.50740740666667,35.78333333333333,35.7,36.0,36.0,36.68333333333333,-17.347999986666668,-0.1240740933333306,0.1033333333333335,1.182,1.748,18.72283951111111,1.3584444444444437,5.7701006,5.7457056,5.739234,5.799515,5.8036985,0,0.0,1,1.0,-0.97,25.0,75.0
2022-10-28 08:30:00,213.533958250002,141.25907162777798,141.296570127778,18.50740740666667,1.748,36.68333333333333,2,5.1764362714980825,70.66250196097344,8,4,10,0.8660254037844387,-0.4999999999999998,-0.433883739117558,-0.9009688679024191,-0.8660254037844386,0.5000000000000001,44.5,19.5,6.8125,5.199999999999999,11.35,100.0,83.5,-0.8,4.563649,0.0,1.75,18.67222221,36.2,35.78333333333333,35.7,36.0,36.85,-16.759407406666668,-0.125925913333333,0.4626666666666665,1.2853333333333334,2.444666666666667,18.63271604666667,1.40511111111111,5.8036985,5.7701006,5.7457056,5.739234,5.887241,0,0.0,0,1.0,-1.0,26.1,73.9
2022-10-28 08:45:00,246.378755555556,157.688969955556,157.714524466668,18.67222221,2.444666666666667,36.85,2,5.1764362714980825,70.66250196097344,8,4,10,0.8660254037844387,-0.4999999999999998,-0.433883739117558,-0.9009688679024191,-0.8660254037844386,0.5000000000000001,64.25,34.625,12.166666666666666,5.15,11.075,100.0,82.25,-0.65,4.611074,0.0,2.125,18.89814813666667,36.68333333333333,36.2,35.78333333333333,35.7,35.6,-16.22755554333333,0.1648148033333285,0.696666666666667,1.748,3.4113333333333333,18.60432097888889,1.8259999999999996,5.887241,5.8036985,5.7701006,5.7457056,5.764012,0,0.0,0,1.0,-0.96,24.5,75.5
2022-10-28 09:00:00,227.433680138886,138.858056572222,138.884166627778,18.89814813666667,3.4113333333333333,35.6,2,5.1764362714980825,70.66250196097344,9,4,10,0.7071067811865476,-0.7071067811865475,-0.433883739117558,-0.9009688679024191,-0.8660254037844386,0.5000000000000001,84.0,54.375,19.166666666666668,5.1,10.8,100.0,81.0,-0.5,4.657543,0.0,2.5,19.06666665,36.85,36.68333333333333,36.2,35.78333333333333,35.15,-15.486814803333337,0.2259259266666724,0.9666666666666665,2.444666666666667,3.969333333333333,18.692592584444444,2.534666666666666,5.764012,5.887241,5.8036985,5.7701006,5.748046,0,0.0,0,1.0,-0.91,22.7,77.3
2022-10-28 09:15:00,197.747645377776,137.208955872222,137.2336771,19.06666665,3.969333333333333,35.15,2,5.1764362714980825,70.66250196097344,9,4,10,0.7071067811865476,-0.7071067811865475,-0.433883739117558,-0.9009688679024191,-0.8660254037844386,0.5000000000000001,116.5,77.3125,28.875,5.0,11.6,100.0,78.25,-0.4,4.6848288,0.0,3.1,19.18333334333333,35.6,36.85,36.68333333333333,36.2,35.0,-15.097333316666669,0.168518513333332,0.5579999999999998,3.4113333333333333,4.873333333333333,18.87901233222222,3.2751111111111104,5.748046,5.764012,5.887241,5.8036985,5.763024,0,0.0,0,1.0,-0.88,21.3,78.7
2022-10-28 09:30:00,176.720430833336,120.380740111112,120.40296143889,19.18333334333333,4.873333333333333,35.0,2,5.1764362714980825,70.66250196097344,9,4,10,0.7071067811865476,-0.7071067811865475,-0.433883739117558,-0.9009688679024191,-0.8660254037844386,0.5000000000000001,149.0,103.4375,41.29166666666666,4.9,12.4,100.0,75.5,-0.3,4.705503,0.0,3.7,19.17222224,35.15,35.6,36.85,36.68333333333333,35.0,-14.31000001,0.1166666933333324,0.904,3.969333333333333,5.688,19.049382710000003,4.084666666666666,5.763024,5.748046,5.764012,5.887241,5.759251,0,0.0,0,1.0,-0.85,20.3,79.7
2022-10-28 09:45:00,123.390897599996,73.590945127778,73.609833305554,19.17222224,5.688,35.0,2,5.1764362714980825,70.66250196097344,9,4,10,0.7071067811865476,-0.7071067811865475,-0.433883739117558,-0.9009688679024191,-0.8660254037844386,0.5000000000000001,181.5,132.75,56.41666666666666,4.8,13.2,100.0,72.75,-0.1999999999999999,4.7190537,0.0,4.300000000000001,19.04259262,35.0,35.15,35.6,36.85,35.18333333333333,-13.48422224,-0.0111111033333344,0.8146666666666667,4.873333333333333,5.802666666666667,19.140740744444447,4.843555555555555,5.759251,5.763024,5.748046,5.764012,5.745332,0,0.0,0,1.0,-0.85,20.4,79.6
2022-10-28 10:00:00,130.61227538333,59.166799916666,59.182354894442,19.04259262,5.802666666666667,35.18333333333333,1,5.1764362714980825,70.66250196097344,10,4,10,0.4999999999999999,-0.8660254037844387,-0.433883739117558,-0.9009688679024191,-0.8660254037844386,0.5000000000000001,214.0,165.25,74.25,4.7,14.0,100.0,70.0,-0.1,4.72494,0.0,4.9,19.16666665,35.0,35.0,35.15,35.6,35.5,-13.239925953333334,-0.1296296199999993,0.1146666666666673,5.688,6.696,19.13271606777778,5.454666666666665,5.745332,5.759251,5.763024,5.748046,5.8396134,0,0.0,1,1.0,-0.88,21.5,78.5
2022-10-28 10:15:00,146.104433355556,57.835742044444,57.849630405554,19.16666665,6.696,35.5,1,5.1764362714980825,70.66250196097344,10,4,10,0.4999999999999999,-0.8660254037844387,-0.433883739117558,-0.9009688679024191,-0.8660254037844386,0.5000000000000001,243.5,197.0,94.4375,4.925,14.825,100.0,68.25,0.0,4.761375,0.0,5.4,19.34629628,35.18333333333333,35.0,35.0,35.15,35.5,-12.47066665,0.1240740299999991,0.8933333333333326,5.802666666666667,6.315333333333333,19.12716050333333,6.062222222222221,5.8396134,5.745332,5.759251,5.763024,5.9017267,0,0.0,0,1.0,-0.85,20.3,79.7
2022-10-28 10:30:00,132.213044699996,57.864907527778,57.879351433332,19.34629628,6.315333333333333,35.5,1,5.1764362714980825,70.66250196097344,10,4,10,0.4999999999999999,-0.8660254037844387,-0.433883739117558,-0.9009688679024191,-0.8660254037844386,0.5000000000000001,273.0,228.0,116.97916666666669,5.15,15.65,100.0,66.5,0.1,4.7942824,0.0,5.9,19.47222223,35.5,35.18333333333333,35.0,35.0,35.5,-13.030962946666667,0.1796296300000008,-0.3806666666666665,6.696,6.468666666666667,19.18518518333333,6.271333333333334,5.9017267,5.8396134,5.745332,5.759251,5.945609,0,0.0,0,1.0,-0.81,18.9,81.1
2022-10-28 10:45:00,128.540691516666,57.849074811112,57.863518716666,19.47222223,6.468666666666667,35.5,1,5.1764362714980825,70.66250196097344,10,4,10,0.4999999999999999,-0.8660254037844387,-0.433883739117558,-0.9009688679024191,-0.8660254037844386,0.5000000000000001,302.5,258.25,141.875,5.375,16.475,100.0,64.75,0.2,4.8234205,0.0,6.4,19.53148150666667,35.5,35.5,35.18333333333333,35.0,35.5,-13.003555563333332,0.1259259499999991,0.1533333333333333,6.315333333333333,6.384,19.32839505333333,6.493333333333332,5.945609,5.9017267,5.8396134,5.745332,5.9663577,0,0.0,0,1.0,-0.78,17.9,82.1
2022-10-28 11:00:00,113.277691027774,58.120730644444,58.138230011108,19.53148150666667,6.384,35.5,1,5.1764362714980825,70.66250196097344,11,4,10,0.258819045102521,-0.9659258262890682,-0.433883739117558,-0.9009688679024191,-0.8660254037844386,0.5000000000000001,332.0,287.75,169.125,5.6,17.3,100.0,63.0,0.3,4.8485384,0.0,6.9,19.49444444,35.5,35.5,35.5,35.18333333333333,35.85,-13.147481506666669,0.059259276666669,-0.0846666666666662,6.468666666666667,6.766,19.450000005555555,6.389333333333332,5.9663577,5.945609,5.9017267,5.8396134,6.0120773,0,0.0,0,1.0,-0.77,17.4,82.6
2022-10-28 11:15:00,110.28225528333,57.981014,57.999624455552,19.49444444,6.766,35.85,1,5.1764362714980825,70.66250196097344,11,4,10,0.258819045102521,-0.9659258262890682,-0.433883739117558,-0.9009688679024191,-0.8660254037844386,0.5000000000000001,337.0,311.125,195.14583333333331,5.8,17.65,100.0,62.25,0.425,4.877195,0.0,7.175000000000001,19.448148106666665,35.5,35.5,35.5,35.5,36.18333333333333,-12.72844444,-0.0370370666666701,0.3819999999999997,6.384,7.0553333333333335,19.49938272555556,6.539555555555555,6.0120773,5.9663577,5.945609,5.9017267,6.051482,0,0.0,0,1.0,-0.77,17.7,82.3
2022-10-28 11:30:00,131.258916133332,58.157118055556,58.174617438886,19.448148106666665,7.0553333333333335,36.18333333333333,1,5.1764362714980825,70.66250196097344,11,4,10,0.258819045102521,-0.9659258262890682,-0.433883739117558,-0.9009688679024191,-0.8660254037844386,0.5000000000000001,342.0,328.375,219.9375,6.0,18.0,100.0,61.5,0.55,4.9051094,0.0,7.45,19.406746025,35.85,35.5,35.5,35.5,36.53928571428572,-12.392814773333331,-0.0462963333333341,0.2893333333333334,6.766,7.302142857142857,19.491358017777777,6.73511111111111,6.051482,6.0120773,5.9663577,5.945609,6.0961504,0,0.0,0,1.0,-0.78,18.0,82.0
2022-10-28 11:45:00,114.58513874444,54.2044984,54.22116448333,19.406746025,7.302142857142857,36.53928571428572,1,5.1764362714980825,70.66250196097344,11,4,10,0.258819045102521,-0.9659258262890682,-0.433883739117558,-0.9009688679024191,-0.8660254037844386,0.5000000000000001,347.0,339.5,243.5,6.2,18.35,100.0,60.75,0.675,4.932252,0.0,7.725,19.3888889,36.18333333333333,35.85,35.5,35.5,36.96666666666667,-12.104603167857142,-0.0414020816666642,0.2468095238095236,7.0553333333333335,7.660666666666667,19.44977952388889,7.04115873015873,6.0961504,6.051482,6.0120773,5.9663577,6.160977,0,0.0,0,1.0,-0.79,18.2,81.8
2022-10-28 12:00:00,108.488160399996,58.27572446111,58.293779355552,19.3888889,7.660666666666667,36.96666666666667,1,5.1764362714980825,70.66250196097344,12,4,10,1.2246467991473532e-16,-1.0,-0.433883739117558,-0.9009688679024191,-0.8660254037844386,0.5000000000000001,352.0,344.5,265.8333333333333,6.4,18.7,100.0,60.0,0.8,4.958591,0.0,8.0,19.38333334,36.53928571428572,36.18333333333333,35.85,35.5,37.0,-11.728222233333334,-0.017857124999999,0.3585238095238097,7.302142857142857,8.648666666666665,19.41459434388889,7.339380952380952,6.160977,6.0961504,6.051482,6.0120773,6.164517,0,0.0,0,1.0,-0.79,18.3,81.7
2022-10-28 12:15:00,118.169161944444,59.619837327778,59.636781149998,19.38333334,8.648666666666665,37.0,1,5.1764362714980825,70.66250196097344,12,4,10,1.2246467991473532e-16,-1.0,-0.433883739117558,-0.9009688679024191,-0.8660254037844386,0.5000000000000001,375.25,354.0625,287.3958333333333,6.275,18.875,97.75,59.25,0.975,5.0243063,0.0,8.4,19.316666656666666,36.96666666666667,36.53928571428572,36.18333333333333,35.85,37.0,-10.734666673333336,-0.0055555600000012,0.9879999999999988,7.660666666666667,9.671333333333331,19.392989421666663,7.870492063492062,6.164517,6.160977,6.0961504,6.051482,6.1403766,0,0.0,0,1.0,-0.79,18.3,81.7
2022-10-28 12:30:00,111.441375533332,57.44242446111,57.460757094442,19.316666656666666,9.671333333333331,37.0,1,5.1764362714980825,70.66250196097344,12,4,10,1.2246467991473532e-16,-1.0,-0.433883739117558,-0.9009688679024191,-0.8660254037844386,0.5000000000000001,398.5,368.1875,308.1875,6.15,19.05,95.5,58.5,1.15,5.089648,0.0,8.8,19.23333333,37.0,36.96666666666667,36.53928571428572,36.18333333333333,37.0,-9.645333323333332,-0.0666666833333344,1.0226666666666675,8.648666666666665,10.000666666666666,19.36296296555556,8.66022222222222,6.1403766,6.164517,6.160977,6.0961504,6.110315,0,0.0,0,1.0,-0.81,18.8,81.2
2022-10-28 12:45:00,123.923931827774,57.896017416666,57.914627855552,19.23333333,10.000666666666666,37.0,1,5.1764362714980825,70.66250196097344,12,4,10,1.2246467991473532e-16,-1.0,-0.433883739117558,-0.9009688679024191,-0.8660254037844386,0.5000000000000001,421.75,386.875,328.2083333333333,6.025,19.225,93.25,57.75,1.325,5.1545606,0.0,9.2,19.19074075,37.0,37.0,36.96666666666667,36.53928571428572,37.0,-9.232666663333337,-0.0833333266666649,0.3293333333333326,9.671333333333331,10.384666666666668,19.31111110888889,9.44022222222222,6.110315,6.1403766,6.164517,6.160977,6.0950003,0,0.0,0,1.0,-0.83,19.5,80.5
2022-10-28 13:00:00,128.479582961106,57.448257527778,57.464368066664,19.19074075,10.384666666666668,37.0,1,5.1764362714980825,70.66250196097344,13,4,10,-0.2588190451025208,-0.9659258262890684,-0.433883739117558,-0.9009688679024191,-0.8660254037844386,0.5000000000000001,445.0,410.125,347.4583333333333,5.9,19.4,91.0,57.0,1.5,5.218986,0.0,9.6,19.22817458571429,37.0,37.0,37.0,36.96666666666667,36.94642857142857,-8.806074083333332,-0.0425925800000008,0.3840000000000021,10.000666666666666,10.967857142857143,19.24691357888889,10.018888888888888,6.0950003,6.110315,6.1403766,6.164517,6.0996137,0,0.0,0,1.0,-0.84,19.9,80.1
2022-10-28 13:15:00,119.76659822777,53.749516583334,53.763682733332,19.22817458571429,10.967857142857143,36.94642857142857,1,5.1764362714980825,70.66250196097344,13,4,10,-0.2588190451025208,-0.9659258262890684,-0.433883739117558,-0.9009688679024191,-0.8660254037844386,0.5000000000000001,464.25,432.375,365.8541666666667,5.800000000000001,19.225,90.5,56.25,1.65,5.2661343,0.0,9.95,19.294444443333337,37.0,37.0,37.0,37.0,36.35,-8.260317442857145,0.0374338357142889,0.5831904761904756,10.384666666666668,11.09,19.21741622190476,10.451063492063492,6.0996137,6.0950003,6.110315,6.1403766,6.0246167,0,0.0,0,1.0,-0.83,19.6,80.4
2022-10-28 13:30:00,125.098051494442,57.094660572222,57.108548933332,19.294444443333337,11.09,36.35,1,5.1764362714980825,70.66250196097344,13,4,10,-0.2588190451025208,-0.9659258262890684,-0.433883739117558,-0.9009688679024191,-0.8660254037844386,0.5000000000000001,483.5,453.625,383.3958333333333,5.7,19.05,90.0,55.5,1.8,5.3124285,0.0,10.3,19.36666666,36.94642857142857,37.0,37.0,37.0,35.65,-8.204444443333337,0.0662698576190479,0.1221428571428564,10.967857142857143,11.352,19.23778659301588,10.8141746031746,6.0246167,6.0996137,6.0950003,6.110315,5.933773,0,0.0,0,1.0,-0.82,19.1,80.9
2022-10-28 13:45:00,134.58739412222,57.513254944444,57.526309972222,19.36666666,11.352,35.65,1,5.1764362714980825,70.66250196097344,13,4,10,-0.2588190451025208,-0.9659258262890684,-0.433883739117558,-0.9009688679024191,-0.8660254037844386,0.5000000000000001,502.75,473.875,400.0833333333333,5.6,18.875,89.5,54.75,1.95,5.3578143,0.0,10.65,19.337037006666662,36.35,36.94642857142857,37.0,37.0,35.68333333333333,-8.01466666,0.0722222166666632,0.2620000000000004,11.09,12.61,19.29642856301588,11.136619047619048,5.933773,6.0246167,6.0996137,6.0950003,5.9289722,0,0.0,0,1.0,-0.81,18.7,81.3
2022-10-28 14:00:00,125.135549927778,57.650749444444,57.667693266664,19.337037006666662,12.61,35.68333333333333,1,5.1764362714980825,70.66250196097344,14,4,10,-0.4999999999999997,-0.8660254037844388,-0.433883739117558,-0.9009688679024191,-0.8660254037844386,0.5000000000000001,522.0,493.125,415.9166666666667,5.5,18.7,89.0,54.0,2.1,5.402233,0.0,11.0,19.3333333,35.65,36.35,36.94642857142857,37.0,36.0,-6.727037006666665,-0.029629653333334,1.258000000000001,11.352,13.106666666666666,19.332716036666667,11.684,5.9289722,5.933773,6.0246167,6.0996137,5.980284,0,0.0,0,1.0,-0.81,18.9,81.1
2022-10-28 14:15:00,123.456450527774,57.719913344444,57.737968238886,19.3333333,13.106666666666666,36.0,1,5.1764362714980825,70.66250196097344,14,4,10,-0.4999999999999997,-0.8660254037844388,-0.433883739117558,-0.9009688679024191,-0.8660254037844386,0.5000000000000001,507.75,504.0,430.1458333333333,5.7,18.625,91.0,53.75,2.175,5.4281745,0.0,11.15,19.31296295,35.68333333333333,35.65,36.35,36.94642857142857,36.0,-6.226666633333334,-0.0037037066666663,0.4966666666666643,12.61,12.537333333333333,19.34567898888889,12.356222222222222,5.980284,5.9289722,5.933773,6.0246167,5.9731183,0,0.0,0,1.0,-0.81,18.9,81.1
2022-10-28 14:30:00,123.85921218333,57.739357016666,57.757689699996,19.31296295,12.537333333333333,36.0,1,5.1764362714980825,70.66250196097344,14,4,10,-0.4999999999999997,-0.8660254037844388,-0.433883739117558,-0.9009688679024191,-0.8660254037844386,0.5000000000000001,493.5,506.5,442.7708333333333,5.9,18.55,93.0,53.5,2.25,5.4540596,0.0,11.3,19.31666665,36.0,35.68333333333333,35.65,36.35,36.0,-6.7756296166666665,-0.0203703500000003,-0.5693333333333328,13.106666666666666,12.582,19.32777775222222,12.751333333333331,5.9731183,5.980284,5.9289722,5.933773,5.97442,0,0.0,0,1.0,-0.82,19.1,80.9
2022-10-28 14:45:00,109.0414715,57.4135367,57.431313838886,19.31666665,12.582,36.0,1,5.1764362714980825,70.66250196097344,14,4,10,-0.4999999999999997,-0.8660254037844388,-0.433883739117558,-0.9009688679024191,-0.8660254037844386,0.5000000000000001,479.25,500.625,453.7916666666667,6.1,18.475,95.0,53.25,2.325,5.479886,0.0,11.45,19.374074036666663,36.0,36.0,35.68333333333333,35.65,36.0,-6.734666649999999,0.003703699999999,0.0446666666666661,12.537333333333333,12.590666666666667,19.32098763333333,12.742,5.97442,5.9731183,5.980284,5.9289722,5.9946404,0,0.0,0,1.0,-0.82,19.0,81.0
2022-10-28 15:00:00,428.608966138886,57.69908086111,57.715746911108,19.374074036666663,12.590666666666667,36.0,1,5.1764362714980825,70.66250196097344,15,4,10,-0.7071067811865471,-0.7071067811865479,-0.433883739117558,-0.9009688679024191,-0.8660254037844386,0.5000000000000001,465.0,486.375,463.2083333333333,6.3,18.4,97.0,53.0,2.4,5.505649,0.0,11.6,19.74999997,36.0,36.0,36.0,35.68333333333333,35.95,-6.783407369999999,0.057407386666668,0.0086666666666683,12.582,12.915333333333333,19.33456787888889,12.57,5.9946404,5.97442,5.9731183,5.980284,6.12002,0,0.0,0,1.0,-0.8,18.6,81.4
2022-10-28 15:15:00,124.881393527774,57.931849283334,57.949070894442,19.74999997,12.915333333333333,35.95,1,5.1764362714980825,70.66250196097344,15,4,10,-0.7071067811865471,-0.7071067811865479,-0.433883739117558,-0.9009688679024191,-0.8660254037844386,0.5000000000000001,435.25,468.25,468.2083333333333,6.625,18.65,97.75,53.25,2.35,5.488479,0.0,11.475,20.164814823333334,36.0,36.0,36.0,36.0,35.53333333333333,-6.834666636666665,0.3759259333333311,0.3246666666666655,12.590666666666667,13.097333333333331,19.480246885555555,12.695999999999998,6.12002,5.9946404,5.97442,5.9731183,6.197871,0,0.0,0,1.0,-0.72,15.8,84.2
2022-10-28 15:30:00,122.591485027778,57.559086427778,57.576585777776,20.164814823333334,13.097333333333331,35.53333333333333,1,5.1764362714980825,70.66250196097344,15,4,10,-0.7071067811865471,-0.7071067811865479,-0.433883739117558,-0.9009688679024191,-0.8660254037844386,0.5000000000000001,405.5,446.25,468.7916666666667,6.949999999999999,18.9,98.5,53.5,2.3,5.471196,0.0,11.35,20.08888891,35.95,36.0,36.0,36.0,35.15,-7.0674814900000005,0.4148148533333362,0.1820000000000003,12.915333333333333,13.021999999999998,19.76296294333333,12.867777777777777,6.197871,6.12002,5.9946404,5.97442,6.103837,0,0.0,0,1.0,-0.62,13.1,86.9
2022-10-28 15:45:00,125.00111083889,70.016921411112,70.036087311112,20.08888891,13.021999999999998,35.15,1,5.1764362714980825,70.66250196097344,15,4,10,-0.7071067811865471,-0.7071067811865479,-0.433883739117558,-0.9009688679024191,-0.8660254037844386,0.5000000000000001,375.75,420.375,464.9583333333333,7.274999999999999,19.15,99.25,53.75,2.25,5.453807,0.0,11.225,19.859259276666663,35.53333333333333,35.95,36.0,36.0,35.0,-7.066888909999999,-0.0759259133333358,-0.0753333333333348,13.097333333333331,12.722,20.00123456777777,13.011555555555551,6.103837,6.197871,6.12002,5.9946404,5.996596,0,0.0,0,1.0,-0.64,13.6,86.4
2022-10-28 16:00:00,115.432049349994,58.5693238,58.587100938886,19.859259276666663,12.722,35.0,1,5.1764362714980825,70.66250196097344,16,4,10,-0.8660254037844385,-0.5000000000000004,-0.433883739117558,-0.9009688679024191,-0.8660254037844386,0.5000000000000001,346.0,390.625,456.7083333333333,7.6,19.4,100.0,54.0,2.2,5.4363117,0.0,11.1,19.69444447,35.15,35.53333333333333,35.95,36.0,35.0,-7.137259276666667,-0.2296296333333316,-0.2999999999999989,13.021999999999998,12.448,20.037654336666662,12.947111111111107,5.996596,6.103837,6.197871,6.12002,5.9388986,0,0.0,0,1.0,-0.69,15.2,84.8
2022-10-28 16:15:00,101.84703712222,56.601346988888,56.620235199996,19.69444447,12.448,35.0,1,5.1764362714980825,70.66250196097344,16,4,10,-0.8660254037844385,-0.5000000000000004,-0.433883739117558,-0.9009688679024191,-0.8660254037844386,0.5000000000000001,299.5,356.6875,442.9791666666667,7.025,19.225,100.0,55.75,2.325,5.507516,0.0,10.8,19.59444445666667,35.0,35.15,35.53333333333333,35.95,35.0,-7.24644447,-0.1648148066666657,-0.2739999999999991,12.722,12.135333333333334,19.880864218888888,12.730666666666664,5.9388986,5.996596,6.103837,6.197871,5.904127,0,0.0,0,1.0,-0.73,16.3,83.7
2022-10-28 16:30:00,101.785095083334,56.455519455556,56.474129877776,19.59444445666667,12.135333333333334,35.0,1,5.1764362714980825,70.66250196097344,16,4,10,-0.8660254037844385,-0.5000000000000004,-0.433883739117558,-0.9009688679024191,-0.8660254037844386,0.5000000000000001,253.0,318.5625,423.7708333333333,6.449999999999999,19.05,100.0,57.5,2.45,5.573897,0.0,10.5,19.51111112,35.0,35.0,35.15,35.53333333333333,35.0,-7.459111123333335,-0.1000000133333323,-0.3126666666666668,12.448,11.98,19.71604940111111,12.43511111111111,5.904127,5.9388986,5.996596,6.103837,5.8752856,0,0.0,0,1.0,-0.76,17.1,82.9
2022-10-28 16:45:00,128.740128072218,56.378300327778,56.397188488888,19.51111112,11.98,35.0,1,5.1764362714980825,70.66250196097344,16,4,10,-0.8660254037844385,-0.5000000000000004,-0.433883739117558,-0.9009688679024191,-0.8660254037844386,0.5000000000000001,206.5,276.25,399.0833333333333,5.875,18.875,100.0,59.25,2.575,5.6355925,0.0,10.2,19.448148106666665,35.0,35.0,35.0,35.15,35.0,-7.531111120000004,-0.0833333366666657,-0.1553333333333348,12.135333333333334,11.984,19.600000015555555,12.187777777777775,5.8752856,5.904127,5.9388986,5.996596,5.8535757,0,0.0,0,1.0,-0.78,17.7,82.3
2022-10-28 17:00:00,117.78528848333,58.166284372222,58.185172533332,19.448148106666665,11.984,35.0,1,5.1764362714980825,70.66250196097344,17,4,10,-0.9659258262890684,-0.2588190451025206,-0.433883739117558,-0.9009688679024191,-0.8660254037844386,0.5000000000000001,160.0,229.75,368.9166666666667,5.3,18.7,100.0,61.0,2.7,5.692738,0.0,9.9,19.43888885,35.0,35.0,35.0,35.0,35.0,-7.464148106666665,-0.0629630133333378,0.0040000000000013,11.98,12.098,19.51790122777778,12.03311111111111,5.8535757,5.8752856,5.904127,5.9388986,5.850388,0,0.0,0,1.0,-0.79,18.2,81.8
2022-10-28 17:15:00,101.63954533889,56.313302927778,56.331080066664,19.43888885,12.098,35.0,1,5.1764362714980825,70.66250196097344,17,4,10,-0.9659258262890684,-0.2588190451025206,-0.433883739117558,-0.9009688679024191,-0.8660254037844386,0.5000000000000001,129.25,187.1875,337.375,5.4,16.45,100.0,61.25,2.475,5.6081214,0.0,9.6,19.3925926,35.0,35.0,35.0,35.0,34.81666666666667,-7.340888850000001,-0.0092592566666631,0.1140000000000007,11.984,11.992,19.46604935888889,12.020666666666664,5.850388,5.8535757,5.8752856,5.904127,5.803915,0,0.0,0,1.0,-0.79,18.2,81.8
2022-10-28 17:30:00,113.439073488884,56.329968911112,56.347746049998,19.3925926,11.992,34.81666666666667,1,5.1764362714980825,70.66250196097344,17,4,10,-0.9659258262890684,-0.2588190451025206,-0.433883739117558,-0.9009688679024191,-0.8660254037844386,0.5000000000000001,98.5,148.5625,304.4583333333333,5.5,14.2,100.0,61.5,2.25,5.5244136,0.0,9.3,19.34999998,35.0,35.0,35.0,35.0,34.5,-7.400592600000001,-0.046296250000001,-0.1060000000000016,12.098,11.884,19.426543185555555,12.024666666666668,5.803915,5.850388,5.8535757,5.8752856,5.736731,0,0.0,0,1.0,-0.8,18.6,81.4
2022-10-28 17:45:00,101.3159472,56.389966527778,56.409132494442,19.34999998,11.884,34.5,1,5.1764362714980825,70.66250196097344,17,4,10,-0.9659258262890684,-0.2588190451025206,-0.433883739117558,-0.9009688679024191,-0.8660254037844386,0.5000000000000001,67.75,113.875,270.1666666666667,5.6,11.95,100.0,61.75,2.025,5.441608,0.0,9.0,19.31296295,34.81666666666667,35.0,35.0,35.0,34.5,-7.465999980000001,-0.0425926200000006,-0.1080000000000005,11.992,11.892,19.393827143333333,11.99133333333333,5.736731,5.803915,5.850388,5.8535757,5.724238,0,0.0,0,1.0,-0.82,19.0,81.0
2022-10-28 18:00:00,113.288801716662,56.933555883334,56.952444077776,19.31296295,11.892,34.5,1,5.1764362714980825,70.66250196097344,18,4,10,-1.0,-1.8369701987210294e-16,-0.433883739117558,-0.9009688679024191,-0.8660254037844386,0.5000000000000001,37.0,83.125,234.5,5.7,9.7,100.0,62.0,1.8,5.3597054,0.0,8.7,19.23333333,34.5,34.81666666666667,35.0,35.0,34.5,-7.42096295,-0.0370370300000004,0.0080000000000008,11.884,11.840666666666667,19.35185184333333,11.922666666666665,5.724238,5.736731,5.803915,5.850388,5.697456,0,0.0,0,1.0,-0.82,19.3,80.7
2022-10-28 18:15:00,128.371253977772,56.749396616666,56.76606268333,19.23333333,11.840666666666667,34.5,1,5.1764362714980825,70.66250196097344,18,4,10,-1.0,-1.8369701987210294e-16,-0.433883739117558,-0.9009688679024191,-0.8660254037844386,0.5000000000000001,27.75,57.75,200.54166666666663,5.425,9.25,100.0,64.75,2.025,5.4642916,0.0,8.325,19.170370400000003,34.5,34.5,34.81666666666667,35.0,34.5,-7.392666663333333,-0.0796296199999986,-0.0513333333333321,11.892,11.366,19.29876542,11.87222222222222,5.697456,5.724238,5.736731,5.803915,5.676356,0,0.0,0,1.0,-0.84,20.0,80.0
2022-10-28 18:30:00,106.014092616666,57.47797853889,57.496033449998,19.170370400000003,11.366,34.5,1,5.1764362714980825,70.66250196097344,18,4,10,-1.0,-1.8369701987210294e-16,-0.433883739117558,-0.9009688679024191,-0.8660254037844386,0.5000000000000001,18.5,37.75,168.29166666666666,5.15,8.8,100.0,67.5,2.25,5.560459,0.0,7.949999999999999,19.1666667,34.5,34.5,34.5,34.81666666666667,34.3,-7.804370400000002,-0.0629629299999976,-0.4746666666666659,11.840666666666667,10.944,19.238888893333336,11.699555555555555,5.676356,5.697456,5.724238,5.736731,5.642218,0,0.0,0,1.0,-0.86,20.5,79.5
2022-10-28 18:45:00,108.598155999996,61.99890886111,62.018352599996,19.1666667,10.944,34.3,1,5.1764362714980825,70.66250196097344,18,4,10,-1.0,-1.8369701987210294e-16,-0.433883739117558,-0.9009688679024191,-0.8660254037844386,0.5000000000000001,9.25,23.125,137.75,4.875,8.35,100.0,70.25,2.475,5.648506,0.0,7.575,19.1666667,34.5,34.5,34.5,34.5,34.017857142857146,-8.222666700000001,-0.0037037000000026,-0.4220000000000024,11.366,10.63642857142857,19.190123476666667,11.383555555555557,5.642218,5.676356,5.697456,5.724238,5.595807,0,0.0,0,1.0,-0.86,20.6,79.4
2022-10-28 19:00:00,106.755451977772,53.871178383334,53.887011133332,19.1666667,10.63642857142857,34.017857142857146,1,5.1764362714980825,70.66250196097344,19,4,10,-0.9659258262890684,0.2588190451025203,-0.433883739117558,-0.9009688679024191,-0.8660254037844386,0.5000000000000001,0.0,13.875,108.91666666666669,4.6,7.9,100.0,73.0,2.7,5.728728,0.0,7.2,19.1666667,34.3,34.5,34.5,34.5,34.0,-8.53023812857143,0.0,-0.3075714285714284,10.944,10.340666666666666,19.167901266666668,10.982142857142856,5.595807,5.642218,5.676356,5.697456,5.5928698,0,0.0,0,1.0,-0.86,20.6,79.4
2022-10-28 19:15:00,106.880724716662,57.217433444444,57.234932811108,19.1666667,10.340666666666666,34.0,1,5.1764362714980825,70.66250196097344,19,4,10,-0.9659258262890684,0.2588190451025203,-0.433883739117558,-0.9009688679024191,-0.8660254037844386,0.5000000000000001,0.0,6.9375,83.95833333333333,4.525,7.825,100.0,74.0,2.6500000000000004,5.7229533,0.0,6.975,19.1666667,34.017857142857146,34.3,34.5,34.5,34.0,-8.826000033333335,0.0,-0.2957619047619051,10.63642857142857,10.229333333333331,19.1666667,10.640365079365075,5.5928698,5.595807,5.642218,5.676356,5.5928698,0,0.0,0,1.0,-0.86,20.6,79.4
2022-10-28 19:30:00,120.416572161106,57.9001839,57.91768328333,19.1666667,10.229333333333331,34.0,1,5.1764362714980825,70.66250196097344,19,4,10,-0.9659258262890684,0.2588190451025203,-0.433883739117558,-0.9009688679024191,-0.8660254037844386,0.5000000000000001,0.0,2.3125,62.875,4.449999999999999,7.75,100.0,75.0,2.6,5.7159867,0.0,6.75,19.1666667,34.0,34.017857142857146,34.3,34.5,34.0,-8.937333366666667,0.0,-0.1113333333333326,10.340666666666666,10.126,19.1666667,10.402142857142854,5.5928698,5.5928698,5.595807,5.642218,5.5928698,0,0.0,0,1.0,-0.86,20.6,79.4
2022-10-28 19:45:00,120.803778805554,57.7276908,57.745190166664,19.1666667,10.126,34.0,1,5.1764362714980825,70.66250196097344,19,4,10,-0.9659258262890684,0.2588190451025203,-0.433883739117558,-0.9009688679024191,-0.8660254037844386,0.5000000000000001,0.0,0.0,45.66666666666666,4.375,7.675,100.0,76.0,2.55,5.7078576,0.0,6.525,19.18703705,34.0,34.0,34.017857142857146,34.3,34.0,-9.0406667,0.0,-0.1033333333333335,10.229333333333331,10.097333333333331,19.1666667,10.231999999999998,5.5928698,5.5928698,5.5928698,5.595807,5.5995874,0,0.0,0,1.0,-0.86,20.6,79.4
2022-10-28 20:00:00,102.262853755556,57.269375816666,57.287986238886,19.18703705,10.097333333333331,34.0,1,5.1764362714980825,70.66250196097344,20,4,10,-0.8660254037844386,0.5000000000000001,-0.433883739117558,-0.9009688679024191,-0.8660254037844386,0.5000000000000001,0.0,0.0,32.333333333333336,4.3,7.6,100.0,77.0,2.5,5.698598,0.0,6.3,19.18333335,34.0,34.0,34.0,34.017857142857146,34.0,-9.089703716666667,0.0203703500000003,-0.0286666666666661,10.126,9.714,19.17345681666667,10.150888888888888,5.5995874,5.5928698,5.5928698,5.5928698,5.5983663,0,0.0,0,1.0,-0.86,20.5,79.5
2022-10-28 20:15:00,106.8698917,59.140689827778,59.159300266664,19.18333335,9.714,34.0,1,5.1764362714980825,70.66250196097344,20,4,10,-0.8660254037844386,0.5000000000000001,-0.433883739117558,-0.9009688679024191,-0.8660254037844386,0.5000000000000001,0.0,0.0,21.5625,4.8,8.125,100.0,77.25,2.525,5.707763,0.0,6.275,19.1666667,34.0,34.0,34.0,34.0,34.0,-9.46933335,-0.003703699999999,-0.3833333333333328,10.097333333333331,9.361333333333334,19.17901236666667,9.97911111111111,5.5983663,5.5995874,5.5928698,5.5928698,5.5928698,0,0.0,0,1.0,-0.86,20.5,79.5
2022-10-28 20:30:00,112.694103238886,57.256598527778,57.273820138886,19.1666667,9.361333333333334,34.0,1,5.1764362714980825,70.66250196097344,20,4,10,-0.8660254037844386,0.5000000000000001,-0.433883739117558,-0.9009688679024191,-0.8660254037844386,0.5000000000000001,0.0,0.0,13.354166666666666,5.3,8.649999999999999,100.0,77.5,2.55,5.7168813,0.0,6.25,19.1666667,34.0,34.0,34.0,34.0,34.3,-9.805333366666666,-0.0166666500000012,-0.352666666666666,9.714,9.258,19.17901236666667,9.724222222222222,5.5928698,5.5983663,5.5995874,5.5928698,5.642218,0,0.0,0,1.0,-0.86,20.6,79.4
2022-10-28 20:45:00,118.44470660555,57.618806255556,57.637694466664,19.1666667,9.258,34.3,1,5.1764362714980825,70.66250196097344,20,4,10,-0.8660254037844386,0.5000000000000001,-0.433883739117558,-0.9009688679024191,-0.8660254037844386,0.5000000000000001,0.0,0.0,7.708333333333333,5.8,9.175,100.0,77.75,2.575,5.725952,0.0,6.225,19.1666667,34.0,34.0,34.0,34.0,34.21666666666667,-9.9086667,0.0,-0.1033333333333335,9.361333333333334,9.192,19.17222225,9.444444444444445,5.642218,5.5928698,5.5983663,5.5995874,5.62851,0,0.0,0,1.0,-0.86,20.6,79.4
2022-10-28 21:00:00,132.794410311108,57.145769644444,57.169379849998,19.1666667,9.192,34.21666666666667,1,5.1764362714980825,70.66250196097344,21,4,10,-0.7071067811865477,0.7071067811865474,-0.433883739117558,-0.9009688679024191,-0.8660254037844386,0.5000000000000001,0.0,0.0,4.625,6.3,9.7,100.0,78.0,2.6,5.7349753,0.0,6.2,19.17222225,34.3,34.0,34.0,34.0,34.5,-9.9746667,0.0,-0.0660000000000007,9.258,9.137333333333334,19.1666667,9.270444444444443,5.62851,5.642218,5.5928698,5.5983663,5.6769757,0,0.0,0,1.0,-0.86,20.6,79.4
2022-10-28 21:15:00,185.540633644444,57.504366383334,57.571585994442,19.17222225,9.137333333333334,34.5,1,5.1764362714980825,70.66250196097344,21,4,10,-0.7071067811865477,0.7071067811865474,-0.433883739117558,-0.9009688679024191,-0.8660254037844386,0.5000000000000001,0.0,0.0,2.3125,6.3,10.15,100.0,77.75,2.525,5.6979203,0.0,6.15,19.238888886666665,34.21666666666667,34.3,34.0,34.0,34.5,-10.034888916666668,0.0055555500000004,-0.0546666666666659,9.192,9.167333333333334,19.16851855,9.195777777777776,5.6769757,5.62851,5.642218,5.5928698,5.6993203,0,0.0,0,1.0,-0.86,20.5,79.5
2022-10-28 21:30:00,180.057241822224,57.911294555556,57.981014049998,19.238888886666665,9.167333333333334,34.5,1,5.1764362714980825,70.66250196097344,21,4,10,-0.7071067811865477,0.7071067811865474,-0.433883739117558,-0.9009688679024191,-0.8660254037844386,0.5000000000000001,0.0,0.0,0.7708333333333334,6.3,10.6,100.0,77.5,2.45,5.6610365,0.0,6.1,19.28333335,34.5,34.21666666666667,34.3,34.0,34.85,-10.071555553333331,0.0666666366666639,0.0299999999999993,9.137333333333334,8.991999999999999,19.19259261222222,9.165555555555557,5.6993203,5.6769757,5.62851,5.642218,5.772229,0,0.0,0,1.0,-0.84,19.9,80.1
2022-10-28 21:45:00,195.867165016666,70.181081544444,70.251634288888,19.28333335,8.991999999999999,34.85,1,5.1764362714980825,70.66250196097344,21,4,10,-0.7071067811865477,0.7071067811865474,-0.433883739117558,-0.9009688679024191,-0.8660254037844386,0.5000000000000001,0.0,0.0,0.0,6.3,11.05,100.0,77.25,2.375,5.6243277,0.0,6.05,19.370370336666667,34.5,34.5,34.21666666666667,34.3,35.0,-10.29133335,0.0444444633333347,-0.1753333333333344,9.167333333333334,8.714666666666666,19.231481495555556,9.098888888888888,5.772229,5.6993203,5.6769757,5.62851,5.8268538,0,0.0,0,1.0,-0.83,19.5,80.5
2022-10-28 22:00:00,199.745065577772,59.8167739,59.885382305554,19.370370336666667,8.714666666666666,35.0,1,5.1764362714980825,70.66250196097344,22,4,10,-0.5000000000000004,0.8660254037844384,-0.433883739117558,-0.9009688679024191,-0.8660254037844386,0.5000000000000001,0.0,0.0,0.0,6.3,11.5,100.0,77.0,2.3,5.58779,0.0,6.0,19.4444444,34.85,34.5,34.5,34.21666666666667,34.7,-10.65570367,0.0870369866666678,-0.277333333333333,8.991999999999999,8.384666666666666,19.297530857777776,8.957999999999998,5.8268538,5.772229,5.6993203,5.6769757,5.802138,0,0.0,0,1.0,-0.81,18.8,81.2
2022-10-28 22:15:00,139.55136222222,60.217313444444,60.234534988888,19.4444444,8.384666666666666,34.7,1,5.1764362714980825,70.66250196097344,22,4,10,-0.5000000000000004,0.8660254037844384,-0.433883739117558,-0.9009688679024191,-0.8660254037844386,0.5000000000000001,0.0,0.0,0.0,6.225,11.05,98.0,75.5,2.025,5.4789367,0.0,6.0,19.42407405,35.0,34.85,34.5,34.5,34.96666666666667,-11.059777733333332,0.074074063333331,-0.33,8.714666666666666,7.463333333333334,19.366049362222224,8.697111111111111,5.802138,5.8268538,5.772229,5.6993203,5.839726,0,0.0,0,1.0,-0.79,18.3,81.7
2022-10-28 22:30:00,471.664188311108,57.890739844444,57.89712852222,19.42407405,7.463333333333334,34.96666666666667,1,5.1764362714980825,70.66250196097344,22,4,10,-0.5000000000000004,0.8660254037844384,-0.433883739117558,-0.9009688679024191,-0.8660254037844386,0.5000000000000001,0.0,0.0,0.0,6.15,10.6,96.0,74.0,1.75,5.3700843,0.0,6.0,19.39444445,34.7,35.0,34.85,34.5,35.0,-11.960740716666663,-0.0203703500000003,-0.9213333333333322,8.384666666666666,6.914,19.412962928888888,8.187555555555553,5.839726,5.802138,5.8268538,5.772229,5.835113,0,0.0,0,1.0,-0.8,18.4,81.6
2022-10-28 22:45:00,121.689854511108,58.2935015,58.304334416666,19.39444445,6.914,35.0,1,5.1764362714980825,70.66250196097344,22,4,10,-0.5000000000000004,0.8660254037844384,-0.433883739117558,-0.9009688679024191,-0.8660254037844386,0.5000000000000001,0.0,0.0,0.0,6.075,10.15,94.0,72.5,1.475,5.261231,0.0,6.0,19.42037035,34.96666666666667,34.7,35.0,34.85,35.0,-12.480444449999998,-0.0296295999999998,-0.5493333333333341,7.463333333333334,7.112,19.42098763333333,7.587333333333333,5.835113,5.839726,5.802138,5.8268538,5.844019,0,0.0,0,1.0,-0.8,18.6,81.4
2022-10-28 23:00:00,102.60534020555,57.959070444444,57.972125488888,19.42037035,7.112,35.0,1,5.1764362714980825,70.66250196097344,23,4,10,-0.2588190451025215,0.965925826289068,-0.433883739117558,-0.9009688679024191,-0.8660254037844386,0.5000000000000001,0.0,0.0,0.0,6.0,9.7,92.0,71.0,1.2,5.152378,0.0,6.0,19.4301587,35.0,34.96666666666667,34.7,35.0,35.0,-12.30837035,0.0259259000000007,0.1980000000000004,6.914,7.186428571428571,19.41296295,7.16311111111111,5.844019,5.835113,5.839726,5.802138,5.847387,0,0.0,0,1.0,-0.8,18.4,81.6
2022-10-28 23:15:00,104.76997578333,54.365047544444,54.3744916,19.4301587,7.186428571428571,35.0,1,5.1764362714980825,70.66250196097344,23,4,10,-0.2588190451025215,0.965925826289068,-0.433883739117558,-0.9009688679024191,-0.8660254037844386,0.5000000000000001,0.0,0.0,0.0,6.25,10.15,80.0,70.25,0.8999999999999999,5.0563374,0.0,5.875,19.4444444,35.0,35.0,34.96666666666667,34.7,35.0,-12.243730128571428,0.0097883500000008,0.0744285714285712,7.112,6.767333333333334,19.414991166666667,7.0708095238095225,5.847387,5.844019,5.835113,5.839726,5.8523006,0,0.0,0,1.0,-0.79,18.3,81.7
2022-10-28 23:30:00,122.537598433328,58.241281355556,58.252669783334,19.4444444,6.767333333333334,35.0,1,5.1764362714980825,70.66250196097344,23,4,10,-0.2588190451025215,0.965925826289068,-0.433883739117558,-0.9009688679024191,-0.8660254037844386,0.5000000000000001,0.0,0.0,0.0,6.5,10.6,68.0,69.5,0.6,4.96148,0.0,5.75,19.4444444,35.0,35.0,35.0,34.96666666666667,35.0,-12.677111066666663,0.0142856999999985,-0.4190952380952373,7.186428571428571,6.014,19.431657816666668,7.021920634920634,5.8523006,5.847387,5.844019,5.835113,5.8523006,0,0.0,0,1.0,-0.79,18.2,81.8
2022-10-28 23:45:00,107.936237911112,58.4051637,58.415718794446,19.4444444,6.014,35.0,1,5.1764362714980825,70.66250196097344,23,4,10,-0.2588190451025215,0.965925826289068,-0.433883739117558,-0.9009688679024191,-0.8660254037844386,0.5000000000000001,0.0,0.0,0.0,6.75,11.05,56.0,68.75,0.2999999999999999,4.867794,0.0,5.625,19.467222196,35.0,35.0,35.0,35.0,35.0,-13.4304444,0.0,-0.7533333333333339,6.767333333333334,5.612,19.4396825,6.6559206349206335,5.8523006,5.8523006,5.847387,5.844019,5.860145,0,0.0,0,1.0,-0.79,18.2,81.8
2022-10-29 00:00:00,75.81891153889,38.904554888888,38.910665744444,19.467222196,5.612,35.0,1,5.1764362714980825,70.66250196097344,0,5,10,0.0,1.0,-0.9749279121818236,-0.2225209339563146,-0.8660254037844386,0.5000000000000001,0.0,0.0,0.0,7.0,11.5,44.0,68.0,0.0,4.775268,0.0,5.5,19.49444444,35.0,35.0,35.0,35.0,34.95,-13.855222196,0.0227777960000032,-0.4020000000000001,6.014,5.382666666666666,19.452036998666667,6.13111111111111,5.860145,5.8523006,5.8523006,5.847387,5.8611474,0,0.0,0,1.0,-0.79,18.0,82.0
2022-10-29 00:15:00,115.996471022224,58.0010132,58.0101795,19.49444444,5.382666666666666,34.95,1,5.1764362714980825,70.66250196097344,0,5,10,0.0,1.0,-0.9749279121818236,-0.2225209339563146,-0.8660254037844386,0.5000000000000001,0.0,0.0,0.0,7.15,11.675,36.5,68.0,-0.025,4.7595778,0.0,5.45,19.46851849333333,35.0,35.0,35.0,35.0,34.53333333333333,-14.111777773333332,0.0272222439999971,-0.2293333333333338,5.612,5.416,19.468703678666667,5.669555555555554,5.8611474,5.860145,5.8523006,5.8523006,5.782451,0,0.0,0,1.0,-0.78,17.8,82.2
2022-10-29 00:30:00,108.71454016111,58.142118655556,58.1510072,19.46851849333333,5.416,34.53333333333333,1,5.1764362714980825,70.66250196097344,0,5,10,0.0,1.0,-0.9749279121818236,-0.2225209339563146,-0.8660254037844386,0.5000000000000001,0.0,0.0,0.0,7.3,11.85,29.0,68.0,-0.05,4.7439337,0.0,5.4,19.45555553,34.95,35.0,35.0,35.0,34.1,-14.05251849333333,-0.0259259466666677,0.0333333333333341,5.382666666666666,5.514,19.476728376444445,5.470222222222222,5.782451,5.8611474,5.860145,5.8523006,5.705539,0,0.0,0,1.0,-0.79,18.1,81.9
2022-10-29 00:45:00,467.738512011108,60.7017385,60.71007158333,19.45555553,5.514,34.1,1,5.1764362714980825,70.66250196097344,0,5,10,0.0,1.0,-0.9749279121818236,-0.2225209339563146,-0.8660254037844386,0.5000000000000001,0.0,0.0,0.0,7.449999999999999,12.025,21.5,68.0,-0.075,4.728334,0.0,5.35,19.3925926,34.53333333333333,34.95,35.0,35.0,33.53333333333333,-13.941555530000002,-0.0129629633333294,0.0979999999999998,5.416,6.422666666666667,19.472839487777776,5.437555555555554,5.705539,5.782451,5.8611474,5.860145,5.589984,0,0.0,0,1.0,-0.79,18.3,81.7
2022-10-29 01:00:00,204.09072487778,58.307112072222,58.31822276111,19.3925926,6.422666666666667,33.53333333333333,1,5.1764362714980825,70.66250196097344,1,5,10,0.2588190451025207,0.9659258262890684,-0.9749279121818236,-0.2225209339563146,-0.8660254037844386,0.5000000000000001,0.0,0.0,0.0,7.6,12.2,14.0,68.0,-0.1,4.7127786,0.0,5.3,19.39444445,34.1,34.53333333333333,34.95,35.0,33.5,-12.969925933333332,-0.0629629300000012,0.908666666666667,5.514,5.508,19.438888874444444,5.784222222222222,5.589984,5.705539,5.782451,5.8611474,5.5850363,0,0.0,0,1.0,-0.81,18.9,81.1
2022-10-29 01:15:00,100.99679313334,58.035456255556,58.047122472222,19.39444445,5.508,33.5,1,5.1764362714980825,70.66250196097344,1,5,10,0.2588190451025207,0.9659258262890684,-0.9749279121818236,-0.2225209339563146,-0.8660254037844386,0.5000000000000001,0.0,0.0,0.0,7.449999999999999,12.125,10.5,68.5,-0.1,4.724012,0.0,5.225,19.4407407,33.53333333333333,34.1,34.53333333333333,34.95,33.5,-13.88644445,0.0018518499999977,-0.9146666666666672,6.422666666666667,6.604666666666666,19.414197526666666,5.814888888888888,5.5850363,5.589984,5.705539,5.782451,5.600268,0,0.0,0,1.0,-0.81,18.9,81.1
2022-10-29 01:30:00,109.527285416666,58.115175333332,58.125452705554,19.4407407,6.604666666666666,33.5,1,5.1764362714980825,70.66250196097344,1,5,10,0.2588190451025207,0.9659258262890684,-0.9749279121818236,-0.2225209339563146,-0.8660254037844386,0.5000000000000001,0.0,0.0,0.0,7.3,12.05,7.0,69.0,-0.1,4.735006,0.0,5.15,19.4444444,33.5,33.53333333333333,34.1,34.53333333333333,33.5,-12.836074033333333,0.046296250000001,1.0966666666666658,5.508,6.712666666666666,19.40925925,6.178444444444444,5.600268,5.5850363,5.589984,5.705539,5.6014876,0,0.0,0,1.0,-0.8,18.5,81.5
2022-10-29 01:45:00,103.100320388884,58.198227527778,58.209060444444,19.4444444,6.712666666666666,33.5,1,5.1764362714980825,70.66250196097344,1,5,10,0.2588190451025207,0.9659258262890684,-0.9749279121818236,-0.2225209339563146,-0.8660254037844386,0.5000000000000001,0.0,0.0,0.0,7.15,11.975,3.5,69.5,-0.1,4.74576,0.0,5.075,19.46481478666667,33.5,33.5,33.53333333333333,34.1,33.5,-12.731777733333333,0.003703699999999,0.1080000000000005,6.604666666666666,6.352,19.426543183333333,6.2751111111111095,5.6014876,5.600268,5.5850363,5.589984,5.6082025,0,0.0,0,1.0,-0.8,18.5,81.5
2022-10-29 02:00:00,111.028336455556,58.230170733332,58.240448072222,19.46481478666667,6.352,33.5,1,5.1764362714980825,70.66250196097344,2,5,10,0.4999999999999999,0.8660254037844387,-0.9749279121818236,-0.2225209339563146,-0.8660254037844386,0.5000000000000001,0.0,0.0,0.0,7.0,11.9,0.0,70.0,-0.1,4.7562785,0.0,5.0,19.5,33.5,33.5,33.5,33.53333333333333,33.5,-13.112814786666668,0.02037038666667,-0.360666666666666,6.712666666666666,5.704,19.449999962222225,6.556444444444444,5.6082025,5.6014876,5.600268,5.5850363,5.619817,0,0.0,0,1.0,-0.79,18.3,81.7
2022-10-29 02:15:00,122.317051405562,58.266558144444,58.277946555556,19.5,5.704,33.5,1,5.1764362714980825,70.66250196097344,2,5,10,0.4999999999999999,0.8660254037844387,-0.9749279121818236,-0.2225209339563146,-0.8660254037844386,0.5000000000000001,0.0,0.0,0.0,7.325,12.175,0.0,69.75,-0.15,4.7392917,0.0,5.0,19.518376083076923,33.5,33.5,33.5,33.5,33.5,-13.796,0.0351852133333316,-0.6480000000000006,6.352,5.922307692307692,19.46975306222222,6.25622222222222,5.619817,5.6082025,5.6014876,5.600268,5.62589,0,0.0,0,1.0,-0.79,18.0,82.0
2022-10-29 02:30:00,86.251272044444,50.443537727778,50.452703994446,19.518376083076923,5.922307692307692,33.5,1,5.1764362714980825,70.66250196097344,2,5,10,0.4999999999999999,0.8660254037844387,-0.9749279121818236,-0.2225209339563146,-0.8660254037844386,0.5000000000000001,0.0,0.0,0.0,7.65,12.45,0.0,69.5,-0.2,4.7223053,0.0,5.0,19.5555556,33.5,33.5,33.5,33.5,33.45,-13.596068390769233,0.018376083076923,0.2183076923076923,5.704,5.408,19.4943969565812,5.9927692307692295,5.62589,5.619817,5.6082025,5.6014876,5.629782,0,0.0,0,1.0,-0.78,17.9,82.1
2022-10-29 02:45:00,95.45923714444,57.977125272222,57.987680383334,19.5555556,5.408,33.45,1,5.1764362714980825,70.66250196097344,2,5,10,0.4999999999999999,0.8660254037844387,-0.9749279121818236,-0.2225209339563146,-0.8660254037844386,0.5000000000000001,0.0,0.0,0.0,7.975,12.725,0.0,69.25,-0.25,4.7053185,0.0,5.0,19.5555556,33.5,33.5,33.5,33.5,33.03333333333333,-14.1475556,0.0371795169230786,-0.5143076923076917,5.922307692307692,5.506666666666666,19.524643894358977,5.678102564102563,5.629782,5.62589,5.619817,5.6082025,5.559655,0,0.0,0,1.0,-0.77,17.6,82.4
2022-10-29 03:00:00,106.831837572226,58.0868431,58.097398194446,19.5555556,5.506666666666666,33.03333333333333,1,5.1764362714980825,70.66250196097344,3,5,10,0.7071067811865476,0.7071067811865476,-0.9749279121818236,-0.2225209339563146,-0.8660254037844386,0.5000000000000001,0.0,0.0,0.0,8.3,13.0,0.0,69.0,-0.3,4.6883316,0.0,5.0,19.5555556,33.45,33.5,33.5,33.5,33.0,-14.048888933333336,0.0,0.0986666666666655,5.408,6.668,19.54316242769231,5.612324786324785,5.559655,5.629782,5.62589,5.619817,5.554045,0,0.0,0,1.0,-0.78,17.7,82.3
2022-10-29 03:15:00,104.381657949998,58.319611572222,58.332944405554,19.5555556,6.668,33.0,1,5.1764362714980825,70.66250196097344,3,5,10,0.7071067811865476,0.7071067811865476,-0.9749279121818236,-0.2225209339563146,-0.8660254037844386,0.5000000000000001,0.0,0.0,0.0,8.200000000000001,13.175,0.0,68.75,-0.35,4.663634,0.0,4.975,19.5555556,33.03333333333333,33.45,33.5,33.5,33.0,-12.887555600000002,0.0,1.1613333333333342,5.506666666666666,6.927333333333333,19.5555556,5.860888888888887,5.554045,5.559655,5.629782,5.62589,5.554045,0,0.0,0,1.0,-0.78,17.7,82.3
2022-10-29 03:30:00,112.210511449998,58.567934972222,58.578490083334,19.5555556,6.927333333333333,33.0,1,5.1764362714980825,70.66250196097344,3,5,10,0.7071067811865476,0.7071067811865476,-0.9749279121818236,-0.2225209339563146,-0.8660254037844386,0.5000000000000001,0.0,0.0,0.0,8.100000000000001,13.35,0.0,68.5,-0.4,4.639003,0.0,4.95,19.56111115,33.0,33.03333333333333,33.45,33.5,33.0,-12.628222266666668,0.0,0.2593333333333332,6.668,6.806,19.5555556,6.367333333333332,5.554045,5.554045,5.559655,5.629782,5.5558577,0,0.0,0,1.0,-0.78,17.7,82.3
2022-10-29 03:45:00,116.30868063334,61.637256611112,61.647811722224,19.56111115,6.806,33.0,1,5.1764362714980825,70.66250196097344,3,5,10,0.7071067811865476,0.7071067811865476,-0.9749279121818236,-0.2225209339563146,-0.8660254037844386,0.5000000000000001,0.0,0.0,0.0,8.0,13.525,0.0,68.25,-0.45,4.6144385,0.0,4.925000000000001,19.6074074,33.0,33.0,33.03333333333333,33.45,32.81666666666667,-12.755111149999998,0.0055555499999968,-0.1213333333333333,6.927333333333333,6.585999999999999,19.55740745,6.800444444444444,5.5558577,5.554045,5.554045,5.559655,5.5400395,0,0.0,0,1.0,-0.78,17.7,82.3
2022-10-29 04:00:00,63.902166094442,26.455052872222,26.464219205554,19.6074074,6.585999999999999,32.81666666666667,1,5.1764362714980825,70.66250196097344,4,5,10,0.8660254037844386,0.5000000000000001,-0.9749279121818236,-0.2225209339563146,-0.8660254037844386,0.5000000000000001,0.0,0.0,0.0,7.9,13.7,0.0,68.0,-0.5,4.5899415,0.0,4.9,19.481349176428573,33.0,33.0,33.0,33.03333333333333,32.5,-13.0214074,0.046296250000001,-0.2200000000000006,6.806,6.378571428571428,19.57469138333333,6.77311111111111,5.5400395,5.5558577,5.554045,5.554045,5.4460855,0,0.0,0,1.0,-0.77,17.3,82.7
2022-10-29 04:15:00,86.315991772218,51.746818944444,51.757651844444,19.481349176428573,6.378571428571428,32.5,1,5.1764362714980825,70.66250196097344,4,5,10,0.8660254037844386,0.5000000000000001,-0.9749279121818236,-0.2225209339563146,-0.8660254037844386,0.5000000000000001,0.0,0.0,0.0,7.675000000000001,13.875,0.0,68.0,-0.55,4.574786,0.0,4.8500000000000005,19.3925926,32.81666666666667,33.0,33.0,33.0,32.5,-13.102777747857145,-0.1260582235714267,-0.2074285714285713,6.585999999999999,5.9,19.54995590880953,6.590190476190474,5.4460855,5.5400395,5.5558577,5.554045,5.417728,0,0.0,0,1.0,-0.8,18.4,81.6
2022-10-29 04:30:00,105.276344211116,54.9703011,54.980578472222,19.3925926,5.9,32.5,1,5.1764362714980825,70.66250196097344,4,5,10,0.8660254037844386,0.5000000000000001,-0.9749279121818236,-0.2225209339563146,-0.8660254037844386,0.5000000000000001,0.0,0.0,0.0,7.45,14.05,0.0,68.0,-0.6,4.5596743,0.0,4.800000000000001,19.39444445,32.5,32.81666666666667,33.0,33.0,32.5,-13.4925926,-0.0887565764285724,-0.4785714285714277,6.378571428571428,5.171333333333333,19.493783058809523,6.288190476190475,5.417728,5.4460855,5.5400395,5.5558577,5.4183187,0,0.0,0,1.0,-0.82,19.1,80.9
2022-10-29 04:45:00,109.988378138886,56.601902483334,56.614402,19.39444445,5.171333333333333,32.5,1,5.1764362714980825,70.66250196097344,4,5,10,0.8660254037844386,0.5000000000000001,-0.9749279121818236,-0.2225209339563146,-0.8660254037844386,0.5000000000000001,0.0,0.0,0.0,7.225,14.225,0.0,68.0,-0.6499999999999999,4.544605,0.0,4.75,19.4407407,32.5,32.5,32.81666666666667,33.0,32.5,-14.223111116666663,0.0018518499999977,-0.7286666666666672,5.9,3.948,19.422795408809524,5.816634920634919,5.4183187,5.417728,5.4460855,5.5400395,5.4330955,0,0.0,0,1.0,-0.82,19.1,80.9
2022-10-29 05:00:00,108.269557944444,57.2735423,57.284930727778,19.4407407,3.948,32.5,1,5.1764362714980825,70.66250196097344,5,5,10,0.9659258262890684,0.2588190451025207,-0.9749279121818236,-0.2225209339563146,-0.8660254037844386,0.5000000000000001,0.0,0.0,0.0,7.0,14.4,0.0,68.0,-0.7,4.5295806,0.0,4.7,19.48333332,32.5,32.5,32.5,32.81666666666667,32.5,-15.4927407,0.046296250000001,-1.2233333333333332,5.171333333333333,3.503333333333333,19.40925925,5.006444444444443,5.4330955,5.4183187,5.417728,5.4460855,5.446721,0,0.0,0,1.0,-0.81,18.7,81.3
2022-10-29 05:15:00,105.802989844448,57.28659736111,57.297152472222,19.48333332,3.503333333333333,32.5,1,5.1764362714980825,70.66250196097344,5,5,10,0.9659258262890684,0.2588190451025207,-0.9749279121818236,-0.2225209339563146,-0.8660254037844386,0.5000000000000001,0.0,0.0,0.0,7.125,13.775,0.0,68.5,-0.7749999999999999,4.5102553,0.0,4.525,19.520370386666663,32.5,32.5,32.5,32.5,32.5,-15.979999986666666,0.0425926200000006,-0.444666666666667,3.948,3.051333333333333,19.439506156666667,4.207555555555554,5.446721,5.4330955,5.4183187,5.417728,5.458593,0,0.0,0,1.0,-0.8,18.4,81.6
2022-10-29 05:30:00,94.681768227774,57.211322555556,57.222710966668,19.520370386666663,3.051333333333333,32.5,1,5.1764362714980825,70.66250196097344,5,5,10,0.9659258262890684,0.2588190451025207,-0.9749279121818236,-0.2225209339563146,-0.8660254037844386,0.5000000000000001,0.0,0.0,0.0,7.25,13.15,0.0,69.0,-0.85,4.490699,0.0,4.35,19.51666668,32.5,32.5,32.5,32.5,32.5,-16.469037053333334,0.0370370666666666,-0.4519999999999995,3.503333333333333,3.030666666666667,19.48148146888889,3.500888888888888,5.458593,5.446721,5.4330955,5.4183187,5.4574046,0,0.0,0,1.0,-0.79,18.1,81.9
2022-10-29 05:45:00,96.660022511104,57.231044,57.241599111112,19.51666668,3.030666666666667,32.5,1,5.1764362714980825,70.66250196097344,5,5,10,0.9659258262890684,0.2588190451025207,-0.9749279121818236,-0.2225209339563146,-0.8660254037844386,0.5000000000000001,0.0,0.0,0.0,7.375,12.525,0.0,69.5,-0.925,4.470917,0.0,4.175,19.5,32.5,32.5,32.5,32.5,32.5,-16.48600001333333,-0.0037037066666663,-0.0206666666666666,3.051333333333333,2.972,19.50679012888889,3.19511111111111,5.4574046,5.458593,5.446721,5.4330955,5.45206,0,0.0,0,1.0,-0.79,18.1,81.9
2022-10-29 06:00:00,115.047897833336,57.196878716666,57.206045016666,19.5,2.972,32.5,1,5.1764362714980825,70.66250196097344,6,5,10,1.0,6.123233995736766e-17,-0.9749279121818236,-0.2225209339563146,-0.8660254037844386,0.5000000000000001,0.0,0.0,0.0,7.5,11.9,0.0,70.0,-1.0,4.450916,0.0,4.0,19.53333336,32.5,32.5,32.5,32.5,32.5,-16.528,-0.0166666800000001,-0.0586666666666668,3.030666666666667,3.4473333333333334,19.51234568888889,3.017999999999999,5.45206,5.4574046,5.458593,5.446721,5.4627533,0,0.0,0,1.0,-0.79,18.2,81.8
2022-10-29 06:15:00,108.97036309445,56.481629527778,56.494129044444,19.53333336,3.4473333333333334,32.5,1,5.1764362714980825,70.66250196097344,6,5,10,1.0,6.123233995736766e-17,-0.9749279121818236,-0.2225209339563146,-0.8660254037844386,0.5000000000000001,0.0,0.0,0.0,7.175,11.35,0.0,72.25,-0.975,4.4729567,0.0,3.6,19.503703706666663,32.5,32.5,32.5,32.5,32.5,-16.086000026666664,0.0333333599999967,0.4753333333333334,2.972,5.006666666666666,19.51666668,3.1499999999999986,5.4627533,5.45206,5.4574046,5.458593,5.4532475,0,0.0,0,1.0,-0.78,18.0,82.0
2022-10-29 06:30:00,99.45185501667,56.069146011112,56.07914557778,19.503703706666663,5.006666666666666,32.5,1,5.1764362714980825,70.66250196097344,6,5,10,1.0,6.123233995736766e-17,-0.9749279121818236,-0.2225209339563146,-0.8660254037844386,0.5000000000000001,0.0,0.0,0.0,6.85,10.8,0.0,74.5,-0.95,4.4903474,0.0,3.2,19.50555556,32.5,32.5,32.5,32.5,32.45,-14.49703704,-0.0296296533333304,1.5593333333333326,3.4473333333333334,5.454666666666667,19.51234568888889,3.808666666666665,5.4532475,5.4627533,5.45206,5.4574046,5.4454503,0,0.0,0,1.0,-0.79,18.2,81.8
2022-10-29 06:45:00,101.760929366668,56.498295511112,56.509406166668,19.50555556,5.454666666666667,32.45,1,5.1764362714980825,70.66250196097344,6,5,10,1.0,6.123233995736766e-17,-0.9749279121818236,-0.2225209339563146,-0.8660254037844386,0.5000000000000001,0.0,0.0,0.0,6.525,10.25,0.0,76.75,-0.925,4.503291,0.0,2.8,19.53148150666667,32.5,32.5,32.5,32.5,32.03333333333333,-14.050888893333331,0.0018518533333349,0.4480000000000013,5.006666666666666,5.341333333333334,19.51419754222222,4.636222222222221,5.4454503,5.4532475,5.4627533,5.45206,5.3837276,0,0.0,0,1.0,-0.79,18.2,81.8
2022-10-29 07:00:00,93.82041378333,56.904668188888,56.915501072222,19.53148150666667,5.341333333333334,32.03333333333333,1,5.1764362714980825,70.66250196097344,7,5,10,0.9659258262890684,-0.2588190451025206,-0.9749279121818236,-0.2225209339563146,-0.8660254037844386,0.5000000000000001,0.0,0.0,0.0,6.2,9.7,0.0,79.0,-0.9,4.511984,0.0,2.4,19.5,32.45,32.5,32.5,32.5,32.0,-14.190148173333334,0.0259259466666677,-0.1133333333333332,5.454666666666667,4.621333333333333,19.51358025777778,5.267555555555554,5.3837276,5.4454503,5.4532475,5.4627533,5.3681827,0,0.0,0,1.0,-0.79,18.1,81.9
2022-10-29 07:15:00,441.27207074444,56.783839655556,56.796339155556,19.5,4.621333333333333,32.0,1,5.1764362714980825,70.66250196097344,7,5,10,0.9659258262890684,-0.2588190451025206,-0.9749279121818236,-0.2225209339563146,-0.8660254037844386,0.5000000000000001,1.25,0.3125,0.1041666666666666,6.925,10.15,0.0,78.25,-1.1,4.439059,0.0,2.3,19.5,32.03333333333333,32.45,32.5,32.5,32.0,-14.878666666666668,-0.0314815066666689,-0.7200000000000006,5.341333333333334,4.042,19.51234568888889,5.13911111111111,5.3681827,5.3837276,5.4454503,5.4532475,5.3681827,0,0.0,0,1.0,-0.79,18.3,81.7
2022-10-29 07:30:00,116.69033203334,56.739396983334,56.751063166668,19.5,4.042,32.0,1,5.1764362714980825,70.66250196097344,7,5,10,0.9659258262890684,-0.2588190451025206,-0.9749279121818236,-0.2225209339563146,-0.8660254037844386,0.5000000000000001,2.5,0.9375,0.3125,7.65,10.6,0.0,77.5,-1.3,4.366885,0.0,2.2,19.5,32.0,32.03333333333333,32.45,32.5,32.0,-15.458,0.0,-0.5793333333333335,4.621333333333333,3.7006666666666654,19.510493835555557,4.668222222222221,5.3681827,5.3681827,5.3837276,5.4454503,5.3681827,0,0.0,0,1.0,-0.79,18.3,81.7
2022-10-29 07:45:00,104.77608653889,56.33108,56.343301744444,19.5,3.7006666666666654,32.0,1,5.1764362714980825,70.66250196097344,7,5,10,0.9659258262890684,-0.2588190451025206,-0.9749279121818236,-0.2225209339563146,-0.8660254037844386,0.5000000000000001,3.75,1.875,0.625,8.375,11.05,0.0,76.75,-1.5,4.2954597,0.0,2.1,19.479629613333334,32.0,32.0,32.03333333333333,32.45,32.18333333333333,-15.799333333333331,0.0,-0.3413333333333335,4.042,4.037333333333334,19.5,4.121333333333332,5.3681827,5.3681827,5.3681827,5.3837276,5.3924766,0,0.0,0,1.0,-0.79,18.3,81.7
2022-10-29 08:00:00,217.66073780555,55.768880272222,55.784157477776,19.479629613333334,4.037333333333334,32.18333333333333,1,5.1764362714980825,70.66250196097344,8,5,10,0.8660254037844387,-0.4999999999999998,-0.9749279121818236,-0.2225209339563146,-0.8660254037844386,0.5000000000000001,5.0,3.125,1.0416666666666667,9.1,11.5,0.0,76.0,-1.7,4.224775,0.0,2.0,19.40555555,32.0,32.0,32.0,32.03333333333333,32.85,-15.44229628,-0.0203703866666664,0.3366666666666673,3.7006666666666654,3.970666666666667,19.49320987111111,3.9266666666666654,5.3924766,5.3681827,5.3681827,5.3681827,5.4802523,0,0.0,0,1.0,-0.8,18.4,81.6
2022-10-29 08:15:00,106.01464816111,57.396592977776,57.409092494442,19.40555555,3.970666666666667,32.85,1,5.1764362714980825,70.66250196097344,8,5,10,0.8660254037844387,-0.4999999999999998,-0.9749279121818236,-0.2225209339563146,-0.8660254037844386,0.5000000000000001,31.250000000000004,10.625,3.6458333333333335,7.899999999999999,11.425,0.0,73.75,-1.45,4.3127265,0.0,2.75,19.36851851333333,32.18333333333333,32.0,32.0,32.0,33.0,-15.434888883333333,-0.0740740633333345,-0.0666666666666668,4.037333333333334,4.726,19.46172838777778,3.9028888888888873,5.4802523,5.3924766,5.3681827,5.3681827,5.493291,0,0.0,0,1.0,-0.81,18.9,81.1
2022-10-29 08:30:00,108.906754672222,56.098867088888,56.11164436111,19.36851851333333,4.726,33.0,1,5.1764362714980825,70.66250196097344,8,5,10,0.8660254037844387,-0.4999999999999998,-0.9749279121818236,-0.2225209339563146,-0.8660254037844386,0.5000000000000001,57.50000000000001,24.375000000000004,8.437500000000002,6.699999999999999,11.35,0.0,71.5,-1.2,4.3970184,0.0,3.5,19.29444445,32.85,32.18333333333333,32.0,32.0,33.0,-14.642518513333336,-0.0370370366666641,0.7553333333333332,3.970666666666667,5.236666666666666,19.41790122555556,4.2446666666666655,5.493291,5.4802523,5.3924766,5.3681827,5.469391,0,0.0,0,1.0,-0.82,19.2,80.8
2022-10-29 08:45:00,112.912983200004,56.258305111112,56.270249066668,19.29444445,5.236666666666666,33.0,1,5.1764362714980825,70.66250196097344,8,5,10,0.8660254037844387,-0.4999999999999998,-0.9749279121818236,-0.2225209339563146,-0.8660254037844386,0.5000000000000001,83.75000000000001,44.37500000000001,15.41666666666667,5.5,11.275,0.0,69.25,-0.95,4.4771132,0.0,4.25,19.2777778,33.0,32.85,32.18333333333333,32.0,33.0,-14.057777783333334,-0.0740740633333345,0.5106666666666664,4.726,5.77,19.356172837777777,4.644444444444443,5.469391,5.493291,5.4802523,5.3924766,5.464026,0,0.0,0,1.0,-0.84,19.8,80.2
2022-10-29 09:00:00,98.43300693889,57.005775227778,57.017441411112,19.2777778,5.77,33.0,1,5.1764362714980825,70.66250196097344,9,5,10,0.7071067811865476,-0.7071067811865475,-0.9749279121818236,-0.2225209339563146,-0.8660254037844386,0.5000000000000001,110.0,70.625,24.58333333333333,4.3,11.2,0.0,67.0,-0.7,4.5524383,0.0,5.0,19.2777778,33.0,33.0,32.85,32.18333333333333,33.0,-13.5077778,-0.0166666500000012,0.5333333333333332,5.236666666666666,7.087999999999999,19.31358025444445,5.244222222222221,5.464026,5.469391,5.493291,5.4802523,5.464026,0,0.0,0,1.0,-0.84,19.9,80.1
2022-10-29 09:15:00,93.758749433336,57.270764611112,57.282430794446,19.2777778,7.087999999999999,33.0,1,5.1764362714980825,70.66250196097344,9,5,10,0.7071067811865476,-0.7071067811865475,-0.9749279121818236,-0.2225209339563146,-0.8660254037844386,0.5000000000000001,150.5,100.4375,37.125,3.675,10.55,20.75,65.75,-0.2749999999999999,4.6783843,0.0,5.7,19.257407413333333,33.0,33.0,33.0,32.85,33.18333333333333,-12.1897778,0.0,1.3179999999999996,5.77,7.736000000000001,19.28333335,6.031555555555554,5.464026,5.464026,5.469391,5.493291,5.487793,0,0.0,0,1.0,-0.84,19.9,80.1
2022-10-29 09:30:00,102.46701232222,57.751300955556,57.763800455556,19.257407413333333,7.736000000000001,33.18333333333333,1,5.1764362714980825,70.66250196097344,9,5,10,0.7071067811865476,-0.7071067811865475,-0.9749279121818236,-0.2225209339563146,-0.8660254037844386,0.5000000000000001,191.0,133.8125,53.04166666666666,3.05,9.9,41.5,64.5,0.1500000000000001,4.8047967,0.0,6.4,19.22777776,33.0,33.0,33.0,33.0,33.5,-11.521407413333332,-0.0203703866666664,0.6480000000000015,7.087999999999999,8.903333333333334,19.27098767111111,6.864666666666665,5.487793,5.464026,5.464026,5.469391,5.5305004,0,0.0,0,1.0,-0.84,20.0,80.0
2022-10-29 09:45:00,110.59168715556,57.9343492,57.947126472222,19.22777776,8.903333333333334,33.5,1,5.1764362714980825,70.66250196097344,9,5,10,0.7071067811865476,-0.7071067811865475,-0.9749279121818236,-0.2225209339563146,-0.8660254037844386,0.5000000000000001,231.5,170.75,72.33333333333333,2.425,9.25,62.25,63.25,0.5750000000000002,4.9314713,0.0,7.1,19.31481483,33.18333333333333,33.0,33.0,33.0,33.5,-10.324444426666664,-0.029629653333334,1.1673333333333336,7.736000000000001,10.828666666666669,19.25432099111111,7.90911111111111,5.5305004,5.487793,5.464026,5.464026,5.558923,0,0.0,0,1.0,-0.85,20.2,79.8
2022-10-29 10:00:00,115.440382150002,63.261080555556,63.2749689,19.31481483,10.828666666666669,33.5,1,5.1764362714980825,70.66250196097344,10,5,10,0.4999999999999999,-0.8660254037844387,-0.9749279121818236,-0.2225209339563146,-0.8660254037844386,0.5000000000000001,272.0,211.25,95.0,1.8,8.6,83.0,62.0,1.0,5.058184,0.0,7.8,19.78333332,33.5,33.18333333333333,33.0,33.0,33.4,-8.486148163333333,0.0870370700000009,1.925333333333333,8.903333333333334,11.568,19.266666667777777,9.156,5.558923,5.5305004,5.487793,5.464026,5.697045,0,0.0,0,1.0,-0.83,19.5,80.5
2022-10-29 10:15:00,70.397461805554,22.882695755556,22.891028805554,19.78333332,11.568,33.4,1,5.1764362714980825,70.66250196097344,10,5,10,0.4999999999999999,-0.8660254037844387,-0.9749279121818236,-0.2225209339563146,-0.8660254037844386,0.5000000000000001,307.25,250.4375,120.5,1.925,9.15,64.0,60.5,1.325,5.163362,0.0,8.5,20.93703707,33.5,33.5,33.18333333333333,33.0,32.2,-8.21533332,0.468518490000001,0.7393333333333345,10.828666666666669,12.230666666666668,19.441975303333333,10.433333333333334,5.697045,5.558923,5.5305004,5.487793,5.8751187,0,0.0,0,1.0,-0.72,16.0,84.0
2022-10-29 10:30:00,409.645280216666,32.027885483334,32.038996172222,20.93703707,12.230666666666668,32.2,1,5.1764362714980825,70.66250196097344,10,5,10,0.4999999999999999,-0.8660254037844387,-0.9749279121818236,-0.2225209339563146,-0.8660254037844386,0.5000000000000001,342.5,288.3125,148.83333333333334,2.05,9.7,45.0,59.0,1.65,5.266131,0.0,9.2,22.1111111,33.4,33.5,33.5,33.18333333333333,30.75,-8.706370403333331,1.1537037499999985,0.6626666666666665,11.568,12.002666666666666,20.011728406666663,11.542444444444444,5.8751187,5.697045,5.558923,5.5305004,6.004971,0,0.0,0,1.0,-0.46,9.5,90.5
2022-10-29 10:45:00,47.83336433889,11.247050116666,11.254549816666,22.1111111,12.002666666666666,30.75,1,5.1764362714980825,70.66250196097344,10,5,10,0.4999999999999999,-0.8660254037844387,-0.9749279121818236,-0.2225209339563146,-0.8660254037844386,0.5000000000000001,377.75,324.875,180.0,2.175,10.25,26.0,57.5,1.975,5.3661056,0.0,9.9,22.33518517,32.2,33.4,33.5,33.5,30.216666666666665,-10.108444433333336,1.1740740300000034,-0.2280000000000015,12.230666666666668,12.142,20.94382716333333,11.933777777777776,6.004971,5.8751187,5.697045,5.558923,5.977409,0,0.0,0,1.0,-0.2,5.8,94.2
2022-10-29 11:00:00,109.184521411108,55.62249726111,55.634718988888,22.33518517,12.142,30.216666666666665,1,5.1764362714980825,70.66250196097344,11,5,10,0.258819045102521,-0.9659258262890682,-0.9749279121818236,-0.2225209339563146,-0.8660254037844386,0.5000000000000001,413.0,360.125,214.0,2.3,10.8,7.0,56.0,2.3,5.462875,0.0,10.6,21.95000002,30.75,32.2,33.4,33.5,30.55,-10.19318517,0.2240740699999968,0.1393333333333331,12.002666666666666,12.394666666666666,21.79444444666667,12.12511111111111,5.977409,6.004971,5.8751187,5.697045,5.9107714,0,0.0,0,1.0,-0.15,5.5,94.5
2022-10-29 11:15:00,109.395624116662,54.851694727778,54.865027544444,21.95000002,12.394666666666666,30.55,1,5.1764362714980825,70.66250196097344,11,5,10,0.258819045102521,-0.9659258262890682,-0.9749279121818236,-0.2225209339563146,-0.8660254037844386,0.5000000000000001,438.0,392.8125,247.89583333333331,2.35,11.075,5.5,54.5,2.425,5.5299067,0.0,11.225,21.57962965333333,30.216666666666665,30.75,32.2,33.4,30.966666666666665,-9.555333353333337,-0.3851851499999981,0.2526666666666664,12.142,12.568,22.13209876333333,12.179777777777778,5.9107714,5.977409,6.004971,5.8751187,5.864588,0,0.0,0,1.0,-0.24,6.2,93.8
2022-10-29 11:30:00,98.691052249998,55.419172044444,55.432227088888,21.57962965333333,12.568,30.966666666666665,1,5.1764362714980825,70.66250196097344,11,5,10,0.258819045102521,-0.9659258262890682,-0.9749279121818236,-0.2225209339563146,-0.8660254037844386,0.5000000000000001,463.0,422.9375,281.6875,2.4,11.35,4.0,53.0,2.55,5.5924096,0.0,11.85,21.17222222,30.55,30.216666666666665,30.75,32.2,31.4,-9.01162965333333,-0.3703703666666698,0.1733333333333355,12.394666666666666,13.278,21.95493828111111,12.36822222222222,5.864588,5.9107714,5.977409,6.004971,5.8079443,0,0.0,0,1.0,-0.32,7.1,92.9
2022-10-29 11:45:00,103.329199933336,55.844710555556,55.856098966668,21.17222222,13.278,31.4,1,5.1764362714980825,70.66250196097344,11,5,10,0.258819045102521,-0.9659258262890682,-0.9749279121818236,-0.2225209339563146,-0.8660254037844386,0.5000000000000001,488.0,450.5,315.375,2.45,11.625,2.5,51.5,2.675,5.6499767,0.0,12.475,20.84259259,30.966666666666665,30.55,30.216666666666665,30.75,32.15,-7.894222219999998,-0.4074074333333328,0.7099999999999991,12.568,13.638,21.56728396444444,12.746888888888888,5.8079443,5.864588,5.9107714,5.977409,5.8338685,0,0.0,0,1.0,-0.41,8.5,91.5
2022-10-29 12:00:00,94.597049349998,56.904112644444,56.916334372222,20.84259259,13.638,32.15,1,5.1764362714980825,70.66250196097344,12,5,10,1.2246467991473532e-16,-1.0,-0.9749279121818236,-0.2225209339563146,-0.8660254037844386,0.5000000000000001,513.0,475.5,348.9583333333333,2.5,11.9,1.0,50.0,2.8,5.7021766,0.0,13.1,20.59444446,31.4,30.966666666666665,30.55,30.216666666666665,32.55,-7.204592589999999,-0.3296296299999994,0.3599999999999994,13.278,14.678,21.198148154444443,13.161333333333332,5.8338685,5.8079443,5.864588,5.9107714,5.8217187,0,0.0,0,1.0,-0.48,9.9,90.1
2022-10-29 12:15:00,96.538082888884,57.445479872222,57.4577016,20.59444446,14.678,32.55,1,5.1764362714980825,70.66250196097344,12,5,10,1.2246467991473532e-16,-1.0,-0.9749279121818236,-0.2225209339563146,-0.8660254037844386,0.5000000000000001,524.75,497.1875,380.1458333333333,2.25,11.8,10.75,48.75,2.85,5.6986637,0.0,13.5,20.43148146333333,32.15,31.4,30.966666666666665,30.55,32.96666666666667,-5.916444459999999,-0.2481481300000005,1.0399999999999991,13.638,16.15533333333333,20.86975309,13.864666666666665,5.8217187,5.8338685,5.8079443,5.864588,5.8404675,0,0.0,0,1.0,-0.54,11.1,88.9
2022-10-29 12:30:00,122.774255450002,57.827964588888,57.839353,20.43148146333333,16.15533333333333,32.96666666666667,1,5.1764362714980825,70.66250196097344,12,5,10,1.2246467991473532e-16,-1.0,-0.9749279121818236,-0.2225209339563146,-0.8660254037844386,0.5000000000000001,536.5,515.5625,408.9375,2.0,11.7,20.5,47.5,2.9,5.6909575,0.0,13.9,20.34444443,32.55,32.15,31.4,30.966666666666665,33.05,-4.276148130000003,-0.1629629966666641,1.4773333333333325,14.678,16.482000000000003,20.622839504444443,14.823777777777776,5.8404675,5.8217187,5.8338685,5.8079443,5.8255534,0,0.0,0,1.0,-0.58,11.9,88.1
2022-10-29 12:45:00,88.939775633332,40.467825688888,40.479491905554,20.34444443,16.482000000000003,33.05,1,5.1764362714980825,70.66250196097344,12,5,10,1.2246467991473532e-16,-1.0,-0.9749279121818236,-0.2225209339563146,-0.8660254037844386,0.5000000000000001,548.25,530.625,435.3333333333333,1.75,11.6,30.25,46.25,2.95,5.6788797,0.0,14.3,20.26111111333333,32.96666666666667,32.55,32.15,31.4,33.65,-3.862444429999997,-0.0870370333333347,0.3266666666666715,16.15533333333333,17.326,20.45679011777778,15.771777777777777,5.8255534,5.8404675,5.8217187,5.8338685,5.9025073,0,0.0,0,1.0,-0.6,12.4,87.6
2022-10-29 13:00:00,40.808923194442,0.0,0.0,20.26111111333333,17.326,33.65,0,5.1764362714980825,70.66250196097344,13,5,10,-0.2588190451025208,-0.9659258262890684,-0.9749279121818236,-0.2225209339563146,-0.8660254037844386,0.5000000000000001,560.0,542.375,459.3333333333333,1.5,11.5,40.0,45.0,3.0,5.662242,0.0,14.7,20.22777776,33.05,32.96666666666667,32.55,32.15,33.95,-2.9351111133333347,-0.0833333166666641,0.8439999999999976,16.482000000000003,17.956666666666667,20.345679002222223,16.654444444444444,5.9025073,5.8255534,5.8404675,5.8217187,5.94354,1,1.0,1,0.75,-0.61,12.8,87.2
2022-10-29 13:15:00,98.453283944444,49.7855085,49.795508083334,20.22777776,17.956666666666667,33.95,1,5.1764362714980825,70.66250196097344,13,5,10,-0.2588190451025208,-0.9659258262890684,-0.9749279121818236,-0.2225209339563146,-0.8660254037844386,0.5000000000000001,557.0,550.4375,480.1458333333333,1.375,11.225,33.5,44.0,2.9,5.6214976,0.0,14.95,20.253703706666663,33.65,33.05,32.96666666666667,32.55,33.53333333333333,-2.271111093333332,-0.0333333533333366,0.6306666666666665,17.326,17.908,20.277777767777778,17.25488888888889,5.94354,5.9025073,5.8255534,5.8404675,5.8794994,0,1.0,1,0.75,-0.62,13.0,87.0
2022-10-29 13:30:00,99.847672666664,54.928636083334,54.940302283334,20.253703706666663,17.908,33.53333333333333,1,5.1764362714980825,70.66250196097344,13,5,10,-0.2588190451025208,-0.9659258262890684,-0.9749279121818236,-0.2225209339563146,-0.8660254037844386,0.5000000000000001,554.0,554.8125,497.7708333333333,1.25,10.95,27.0,43.0,2.8,5.5779943,0.0,15.2,20.29999997,33.95,33.65,33.05,32.96666666666667,33.5,-2.345703706666665,0.0259259466666677,-0.0486666666666657,17.956666666666667,17.052,20.24753086,17.730222222222224,5.8794994,5.94354,5.9025073,5.8255534,5.8895655,0,1.0,0,0.75,-0.61,12.9,87.1
2022-10-29 13:45:00,85.074652411112,22.538265066668,22.546875855556,20.29999997,17.052,33.5,1,5.1764362714980825,70.66250196097344,13,5,10,-0.2588190451025208,-0.9659258262890684,-0.9749279121818236,-0.2225209339563146,-0.8660254037844386,0.5000000000000001,551.0,555.5,512.2083333333334,1.125,10.675,20.5,42.0,2.7,5.531666,0.0,15.45,20.3333333,33.53333333333333,33.95,33.65,33.05,33.5,-3.247999969999998,0.0462962633333319,-0.8560000000000016,17.908,17.314,20.260493812222222,17.638888888888886,5.8895655,5.8794994,5.94354,5.9025073,5.9010425,0,1.0,0,0.75,-0.6,12.6,87.4
2022-10-29 14:00:00,96.432809233332,28.87023406111,28.87995592222,20.3333333,17.314,33.5,1,5.1764362714980825,70.66250196097344,14,5,10,-0.4999999999999997,-0.8660254037844388,-0.9749279121818236,-0.2225209339563146,-0.8660254037844386,0.5000000000000001,548.0,552.5,523.4583333333334,1.0,10.4,14.0,41.0,2.6,5.4824476,0.0,15.7,20.25555553,33.5,33.53333333333333,33.95,33.65,33.5,-3.0193333,0.0333333300000013,0.2620000000000004,17.052,17.356,20.29567899222222,17.424666666666667,5.9010425,5.8895655,5.8794994,5.94354,5.8742895,0,0.0,0,1.0,-0.6,12.4,87.6
2022-10-29 14:15:00,113.828224505554,51.142954183334,51.15350936111,20.25555553,17.356,33.5,1,5.1764362714980825,70.66250196097344,14,5,10,-0.4999999999999997,-0.8660254037844388,-0.9749279121818236,-0.2225209339563146,-0.8660254037844386,0.5000000000000001,530.5,545.875,531.1666666666666,1.225,10.05,26.25,40.25,2.425,5.423049,0.0,15.825,20.20185185,33.5,33.5,33.53333333333333,33.95,33.5,-2.899555529999997,-0.0777777700000008,0.0420000000000015,17.314,17.70133333333333,20.296296266666666,17.240666666666666,5.8742895,5.9010425,5.8895655,5.8794994,5.855879,0,0.0,0,1.0,-0.61,12.9,87.1
2022-10-29 14:30:00,60.510912949994,13.977774216666,13.985551705554,20.20185185,17.70133333333333,33.5,1,5.1764362714980825,70.66250196097344,14,5,10,-0.4999999999999997,-0.8660254037844388,-0.9749279121818236,-0.2225209339563146,-0.8660254037844386,0.5000000000000001,513.0,535.625,535.3333333333334,1.45,9.7,38.5,39.5,2.25,5.362392,0.0,15.95,20.12777778,33.5,33.5,33.5,33.53333333333333,33.5,-2.50051851666667,-0.0537036799999981,0.345333333333329,17.356,17.731333333333335,20.263580226666665,17.457111111111107,5.855879,5.8742895,5.9010425,5.8895655,5.830565,0,0.0,0,1.0,-0.63,13.2,86.8
2022-10-29 14:45:00,85.73601483889,33.450884127778,33.460605972222,20.12777778,17.731333333333335,33.5,1,5.1764362714980825,70.66250196097344,14,5,10,-0.4999999999999997,-0.8660254037844388,-0.9749279121818236,-0.2225209339563146,-0.8660254037844386,0.5000000000000001,495.5,521.75,535.9583333333334,1.6749999999999998,9.35,50.75,38.75,2.075,5.300462,0.0,16.075,20.21296296,33.5,33.5,33.5,33.5,33.31666666666667,-2.3964444466666635,-0.0740740700000017,0.0300000000000046,17.70133333333333,17.697333333333336,20.19506172,17.59622222222222,5.830565,5.855879,5.8742895,5.9010425,5.8276153,0,0.0,0,1.0,-0.64,13.6,86.4
2022-10-29 15:00:00,83.156396011104,37.020463572222,37.030185433332,20.21296296,17.697333333333336,33.31666666666667,1,5.1764362714980825,70.66250196097344,15,5,10,-0.7071067811865471,-0.7071067811865479,-0.9749279121818236,-0.2225209339563146,-0.8660254037844386,0.5000000000000001,478.0,504.25,533.0416666666666,1.9,9.0,63.0,38.0,1.9,5.2372456,0.0,16.2,20.86666667,33.5,33.5,33.5,33.5,32.55,-2.515629626666666,0.0851851800000034,-0.0339999999999989,17.731333333333335,17.922666666666668,20.180864196666665,17.709999999999997,5.8276153,5.830565,5.855879,5.8742895,5.9147277,0,0.0,0,1.0,-0.62,13.2,86.8
2022-10-29 15:15:00,80.506779699996,15.514934927778,15.522712449998,20.86666667,17.922666666666668,32.55,1,5.1764362714980825,70.66250196097344,15,5,10,-0.7071067811865471,-0.7071067811865479,-0.9749279121818236,-0.2225209339563146,-0.8660254037844386,0.5000000000000001,447.75,483.5625,526.625,2.675,9.9,48.5,40.25,2.425,5.48075,0.0,16.0,21.609259263333332,33.31666666666667,33.5,33.5,33.5,31.2,-2.944000003333329,0.6537037099999949,0.2253333333333316,17.697333333333336,17.814,20.402469136666667,17.78377777777778,5.9147277,5.8276153,5.830565,5.855879,5.9189086,0,0.0,0,1.0,-0.48,9.7,90.3
2022-10-29 15:30:00,100.06599736666,28.854401327778,28.863567677776,21.609259263333332,17.814,31.2,1,5.1764362714980825,70.66250196097344,15,5,10,-0.7071067811865471,-0.7071067811865479,-0.9749279121818236,-0.2225209339563146,-0.8660254037844386,0.5000000000000001,417.5,459.6875,516.7083333333334,3.45,10.8,34.0,42.5,2.95,5.717545,0.0,15.8,21.87777779,32.55,33.31666666666667,33.5,33.5,30.2,-3.7952592633333353,0.7425925933333382,-0.108666666666668,17.922666666666668,17.362666666666666,20.896296297777777,17.811333333333334,5.9189086,5.9147277,5.8276153,5.830565,5.8187604,0,0.0,0,1.0,-0.31,7.0,93.0
2022-10-29 15:45:00,95.894775255552,40.358385616666,40.367551916666,21.87777779,17.362666666666666,30.2,1,5.1764362714980825,70.66250196097344,15,5,10,-0.7071067811865471,-0.7071067811865479,-0.9749279121818236,-0.2225209339563146,-0.8660254037844386,0.5000000000000001,387.25,432.625,503.2916666666667,4.225,11.7,19.5,44.75,3.475,5.947736,0.0,15.6,21.72407408333333,31.2,32.55,33.31666666666667,33.5,30.466666666666665,-4.515111123333334,0.2685185266666643,-0.4513333333333342,17.814,17.139333333333333,21.45123457444444,17.69977777777778,5.8187604,5.9189086,5.9147277,5.8276153,5.8182735,0,0.0,0,1.0,-0.26,6.4,93.6
2022-10-29 16:00:00,95.51062383889,46.227317483334,46.238705927778,21.72407408333333,17.139333333333333,30.466666666666665,1,5.1764362714980825,70.66250196097344,16,5,10,-0.8660254037844385,-0.5000000000000004,-0.9749279121818236,-0.2225209339563146,-0.8660254037844386,0.5000000000000001,357.0,402.375,486.375,5.0,12.6,5.0,47.0,4.0,6.171435,0.0,15.4,21.42222223,30.2,31.2,32.55,33.31666666666667,30.65,-4.584740750000002,-0.1537037066666648,-0.2233333333333327,17.362666666666666,16.982666666666667,21.73703704555556,17.438666666666663,5.8182735,5.8187604,5.9189086,5.9147277,5.751975,0,0.0,0,1.0,-0.29,6.7,93.3
2022-10-29 16:15:00,741.629778005558,23.107131227778,23.117130844444,21.42222223,16.982666666666667,30.65,1,5.1764362714980825,70.66250196097344,16,5,10,-0.8660254037844385,-0.5000000000000004,-0.9749279121818236,-0.2225209339563146,-0.8660254037844386,0.5000000000000001,319.0,370.1875,466.5416666666667,5.925,13.5,3.75,50.75,4.45,6.42485,0.0,14.8,21.016666696666668,30.466666666666665,30.2,31.2,32.55,32.45,-4.439555563333332,-0.3018518533333356,-0.1566666666666663,17.139333333333333,16.784666666666666,21.67469136777778,17.161555555555555,5.751975,5.8182735,5.8187604,5.9189086,5.948195,0,0.0,0,1.0,-0.36,7.7,92.3
2022-10-29 16:30:00,829.787640516666,25.653418272222,25.659806933332,21.016666696666668,16.784666666666666,32.45,1,5.1764362714980825,70.66250196097344,16,5,10,-0.8660254037844385,-0.5000000000000004,-0.9749279121818236,-0.2225209339563146,-0.8660254037844386,0.5000000000000001,281.0,336.0625,443.7916666666667,6.85,14.4,2.5,54.5,4.9,6.6509824,0.0,14.2,20.79444446,30.65,30.466666666666665,30.2,31.2,33.85,-4.232000030000002,-0.4055555333333309,-0.1980000000000004,16.982666666666667,16.91,21.387654336666667,16.968888888888888,5.948195,5.751975,5.8182735,5.8187604,6.1251636,0,0.0,0,1.0,-0.44,9.1,90.9
2022-10-29 16:45:00,116.680332716662,18.398430716666,18.405930466664,20.79444446,16.91,33.85,1,5.1764362714980825,70.66250196097344,16,5,10,-0.8660254037844385,-0.5000000000000004,-0.9749279121818236,-0.2225209339563146,-0.8660254037844386,0.5000000000000001,243.0,300.0,418.125,7.774999999999999,15.3,1.25,58.25,5.35,6.851267,0.0,13.6,20.60185186333333,32.45,30.65,30.466666666666665,30.2,33.81666666666667,-3.884444460000001,-0.222222236666667,0.1253333333333337,16.784666666666666,16.707333333333334,21.07777779555556,16.892444444444443,6.1251636,5.948195,5.751975,5.8182735,6.050881,0,0.0,0,1.0,-0.49,9.9,90.1
2022-10-29 17:00:00,125.308320816666,40.832255527778,40.841421844444,20.60185186333333,16.707333333333334,33.81666666666667,1,5.1764362714980825,70.66250196097344,17,5,10,-0.9659258262890684,-0.2588190451025206,-0.9749279121818236,-0.2225209339563146,-0.8660254037844386,0.5000000000000001,205.0,262.0,389.5416666666667,8.7,16.2,0.0,62.0,5.8,7.027083,0.0,13.0,20.47222221,33.85,32.45,30.65,30.466666666666665,33.15,-3.894518529999996,-0.192592596666671,-0.2026666666666656,16.91,16.518666666666668,20.804321006666665,16.800666666666668,6.050881,6.1251636,5.948195,5.751975,5.886924,0,0.0,0,1.0,-0.53,10.9,89.1
2022-10-29 17:15:00,80.96870563888601,0.0,0.0,20.47222221,16.518666666666668,33.15,0,5.1764362714980825,70.66250196097344,17,5,10,-0.9659258262890684,-0.2588190451025206,-0.9749279121818236,-0.2225209339563146,-0.8660254037844386,0.5000000000000001,166.25,223.8125,359.1875,8.174999999999999,16.3,0.0,63.75,5.35,6.8431635,0.0,12.125,20.35185186333333,33.81666666666667,33.85,32.45,30.65,33.0,-3.95355554333333,-0.1296296533333318,-0.1886666666666663,16.707333333333334,16.332,20.62283951111111,16.712,5.886924,6.050881,6.1251636,5.948195,5.819258,1,1.0,1,0.75,-0.56,11.7,88.3
2022-10-29 17:30:00,117.605573272226,46.5956361,46.60424683889,20.35185186333333,16.332,33.0,1,5.1764362714980825,70.66250196097344,17,5,10,-0.9659258262890684,-0.2588190451025206,-0.9749279121818236,-0.2225209339563146,-0.8660254037844386,0.5000000000000001,127.5,185.4375,327.0625,7.649999999999999,16.4,0.0,65.5,4.9,6.6564755,0.0,11.25,20.31666665,33.15,33.81666666666667,33.85,32.45,33.0,-4.019851863333329,-0.1203703466666681,-0.1866666666666674,16.518666666666668,16.026666666666667,20.475308645555558,16.519333333333336,5.819258,5.886924,6.050881,6.1251636,5.8073115,0,1.0,1,0.75,-0.59,12.4,87.6
2022-10-29 17:45:00,127.992102327778,54.605593472222,54.616704127778,20.31666665,16.026666666666667,33.0,1,5.1764362714980825,70.66250196097344,17,5,10,-0.9659258262890684,-0.2588190451025206,-0.9749279121818236,-0.2225209339563146,-0.8660254037844386,0.5000000000000001,88.75,146.875,293.1666666666667,7.125,16.5,0.0,67.25,4.45,6.46774,0.0,10.375,20.3333333,33.0,33.15,33.81666666666667,33.85,32.81666666666667,-4.289999983333331,-0.0351852133333316,-0.3053333333333334,16.332,15.619333333333334,20.38024690777777,16.292444444444445,5.8073115,5.819258,5.886924,6.050881,5.7806726,0,1.0,0,0.75,-0.6,12.6,87.4
2022-10-29 18:00:00,111.438320022224,55.4411156,55.451948466668,20.3333333,15.619333333333334,32.81666666666667,1,5.1764362714980825,70.66250196097344,18,5,10,-1.0,-1.8369701987210294e-16,-0.9749279121818236,-0.2225209339563146,-0.8660254037844386,0.5000000000000001,50.0,108.125,257.5,6.6,16.6,0.0,69.0,4.0,6.2776327,0.0,9.5,20.36666666,33.0,33.0,33.15,33.81666666666667,32.45,-4.713999966666666,0.0166666500000012,-0.4073333333333337,16.026666666666667,15.295333333333334,20.333950604444443,15.992666666666665,5.7806726,5.8073115,5.819258,5.886924,5.727222,0,1.0,0,0.75,-0.6,12.5,87.5
2022-10-29 18:15:00,133.947697494442,56.08109,56.090256316666,20.36666666,15.295333333333334,32.45,1,5.1764362714980825,70.66250196097344,18,5,10,-1.0,-1.8369701987210294e-16,-0.9749279121818236,-0.2225209339563146,-0.8660254037844386,0.5000000000000001,37.5,75.9375,223.3125,6.35,15.325,0.0,69.25,3.825,6.1908813,0.0,9.225,20.337037006666662,32.81666666666667,33.0,33.0,33.15,31.85,-5.071333326666666,0.0333333600000003,-0.3239999999999998,15.619333333333334,14.814666666666666,20.33888887,15.64711111111111,5.727222,5.7806726,5.8073115,5.819258,5.6116085,0,0.0,0,1.0,-0.59,12.4,87.6
2022-10-29 18:30:00,109.717000127774,26.564770683334,26.570603866664,20.337037006666662,14.814666666666666,31.85,1,5.1764362714980825,70.66250196097344,18,5,10,-1.0,-1.8369701987210294e-16,-0.9749279121818236,-0.2225209339563146,-0.8660254037844386,0.5000000000000001,25.0,50.3125,190.60416666666663,6.1,14.05,0.0,69.5,3.65,6.1050096,0.0,8.95,20.24999998,32.45,32.81666666666667,33.0,33.0,31.5,-5.52237034,-0.029629653333334,-0.4806666666666679,15.295333333333334,14.299333333333331,20.34567898888889,15.24311111111111,5.6116085,5.727222,5.7806726,5.8073115,5.5217915,0,0.0,0,1.0,-0.6,12.6,87.4
2022-10-29 18:45:00,104.161111255552,39.7875751,39.79563036111,20.24999998,14.299333333333331,31.5,1,5.1764362714980825,70.66250196097344,18,5,10,-1.0,-1.8369701987210294e-16,-0.9749279121818236,-0.2225209339563146,-0.8660254037844386,0.5000000000000001,12.5,31.25,159.375,5.85,12.775,0.0,69.75,3.475,6.0200133,0.0,8.675,20.19074075,31.85,32.45,32.81666666666667,33.0,31.683333333333334,-5.950666646666665,-0.0870370266666675,-0.5153333333333325,14.814666666666666,14.040666666666668,20.317901215555555,14.803111111111107,5.5217915,5.6116085,5.727222,5.7806726,5.534724,0,0.0,0,1.0,-0.63,13.2,86.8
2022-10-29 19:00:00,85.87517585556,30.617664111112,30.62488603889,20.19074075,14.040666666666668,31.683333333333334,1,5.1764362714980825,70.66250196097344,19,5,10,-0.9659258262890684,0.2588190451025203,-0.9749279121818236,-0.2225209339563146,-0.8660254037844386,0.5000000000000001,0.0,18.75,129.625,5.6,11.5,0.0,70.0,3.3,5.9358892,0.0,8.4,20.17777779,31.5,31.85,32.45,32.81666666666667,31.65,-6.150074083333331,-0.0592592299999985,-0.2586666666666648,14.299333333333331,12.934,20.259259245555555,14.384888888888888,5.534724,5.5217915,5.6116085,5.727222,5.524712,0,0.0,0,1.0,-0.64,13.6,86.4
2022-10-29 19:15:00,899.535961505558,41.373344983334,41.381122455556,20.17777779,12.934,31.65,1,5.1764362714980825,70.66250196097344,19,5,10,-0.9659258262890684,0.2588190451025203,-0.9749279121818236,-0.2225209339563146,-0.8660254037844386,0.5000000000000001,0.0,9.375,103.04166666666669,6.225,12.05,0.0,71.25,3.15,5.897823,0.0,8.025,20.11481480666667,31.683333333333334,31.5,31.85,32.45,31.5,-7.243777790000001,-0.0129629599999994,-1.1066666666666691,14.040666666666668,12.44,20.20617284,13.758,5.524712,5.534724,5.5217915,5.6116085,5.478316,0,0.0,0,1.0,-0.64,13.6,86.4
2022-10-29 19:30:00,1292.194976833332,67.575908005554,67.587018644444,20.11481480666667,12.44,31.5,1,5.1764362714980825,70.66250196097344,19,5,10,-0.9659258262890684,0.2588190451025203,-0.9749279121818236,-0.2225209339563146,-0.8660254037844386,0.5000000000000001,0.0,3.125,79.625,6.85,12.6,0.0,72.5,3.0,5.8577633,0.0,7.65,20.15000002,31.65,31.683333333333334,31.5,31.85,32.25,-7.674814806666669,-0.0629629833333318,-0.4939999999999998,12.934,12.176666666666668,20.16111111555556,13.13822222222222,5.478316,5.524712,5.534724,5.5217915,5.620308,0,0.0,0,1.0,-0.66,14.0,86.0
2022-10-29 19:45:00,1294.498495855552,55.843043955556,55.853043588888,20.15000002,12.176666666666668,32.25,1,5.1764362714980825,70.66250196097344,19,5,10,-0.9659258262890684,0.2588190451025203,-0.9749279121818236,-0.2225209339563146,-0.8660254037844386,0.5000000000000001,0.0,0.0,59.375,7.475,13.15,0.0,73.75,2.85,5.815812,0.0,7.275,20.1666667,31.5,31.65,31.683333333333334,31.5,32.96666666666667,-7.973333353333333,0.0351852133333316,-0.2633333333333318,12.44,11.444,20.147530872222223,12.516888888888888,5.620308,5.478316,5.524712,5.534724,5.750807,0,0.0,0,1.0,-0.64,13.7,86.3
2022-10-29 20:00:00,827.839662888888,0.0,0.0,20.1666667,11.444,32.96666666666667,0,5.1764362714980825,70.66250196097344,20,5,10,-0.8660254037844386,0.5000000000000001,-0.9749279121818236,-0.2225209339563146,-0.8660254037844386,0.5000000000000001,0.0,0.0,42.29166666666666,8.1,13.7,0.0,75.0,2.7,5.77207,0.0,6.9,20.08333337,32.25,31.5,31.65,31.683333333333334,33.05,-8.722666700000001,0.0166666800000001,-0.7326666666666686,12.176666666666668,11.026666666666667,20.143827175555558,12.02022222222222,5.750807,5.620308,5.478316,5.524712,5.737305,1,1.0,1,0.75,-0.64,13.5,86.5
2022-10-29 20:15:00,107.927627038894,51.278226555556,51.286559555556,20.08333337,11.026666666666667,33.05,1,5.1764362714980825,70.66250196097344,20,5,10,-0.8660254037844386,0.5000000000000001,-0.9749279121818236,-0.2225209339563146,-0.8660254037844386,0.5000000000000001,0.0,0.0,28.4375,8.775,14.775,0.0,75.0,2.4000000000000004,5.651158,0.0,6.575,20.024074093333336,32.96666666666667,32.25,31.5,31.65,33.65,-9.056666703333333,-0.083333330000002,-0.4173333333333318,11.444,10.672,20.13333336333333,11.549111111111111,5.737305,5.750807,5.620308,5.478316,5.8212357,0,1.0,1,0.75,-0.65,14.0,86.0
2022-10-29 20:30:00,106.488795744448,54.554206644444,54.563928488888,20.024074093333336,10.672,33.65,1,5.1764362714980825,70.66250196097344,20,5,10,-0.8660254037844386,0.5000000000000001,-0.9749279121818236,-0.2225209339563146,-0.8660254037844386,0.5000000000000001,0.0,0.0,17.8125,9.45,15.85,0.0,75.0,2.1,5.532466,0.0,6.25,20.0555556,33.05,32.96666666666667,32.25,31.5,33.9,-9.352074093333336,-0.0592592766666619,-0.3546666666666667,11.026666666666667,10.296,20.091358054444445,11.047555555555554,5.8212357,5.737305,5.750807,5.620308,5.875302,0,1.0,0,0.75,-0.66,14.3,85.7
2022-10-29 20:45:00,103.770848850006,55.293065955556,55.303065555556,20.0555556,10.296,33.9,1,5.1764362714980825,70.66250196097344,20,5,10,-0.8660254037844386,0.5000000000000001,-0.9749279121818236,-0.2225209339563146,-0.8660254037844386,0.5000000000000001,0.0,0.0,10.416666666666666,10.125,16.925,0.0,75.0,1.8,5.415958,0.0,5.925,20.03518521333333,33.65,33.05,32.96666666666667,32.25,32.333333333333336,-9.759555600000002,0.0314815066666653,-0.3760000000000012,10.672,9.669333333333332,20.05432102111111,10.664888888888887,5.875302,5.8212357,5.737305,5.750807,5.5971,0,1.0,0,0.75,-0.66,14.0,86.0
2022-10-29 21:00:00,121.142931738894,56.147476227778,56.157753566668,20.03518521333333,9.669333333333332,32.333333333333336,1,5.1764362714980825,70.66250196097344,21,5,10,-0.7071067811865477,0.7071067811865474,-0.9749279121818236,-0.2225209339563146,-0.8660254037844386,0.5000000000000001,0.0,0.0,6.25,10.8,18.0,0.0,75.0,1.5,5.3015995,0.0,5.6,19.92222223,33.9,33.65,33.05,32.96666666666667,30.25,-10.36585188,-0.02037038666667,-0.6266666666666669,10.296,9.528,20.03827163555556,10.212444444444444,5.5971,5.875302,5.8212357,5.737305,5.2019334,0,0.0,0,1.0,-0.67,14.4,85.6
2022-10-29 21:15:00,131.69445429444198,56.968276727778,56.977720816666,19.92222223,9.528,30.25,1,5.1764362714980825,70.66250196097344,21,5,10,-0.7071067811865477,0.7071067811865474,-0.9749279121818236,-0.2225209339563146,-0.8660254037844386,0.5000000000000001,0.0,0.0,3.125,10.9,18.55,0.0,71.75,0.8,5.063532,0.0,5.574999999999999,19.86851851333333,32.333333333333336,33.9,33.65,33.05,29.35,-10.39422223,-0.1129629833333325,-0.1413333333333319,9.669333333333332,9.354,20.004321014444443,9.83111111111111,5.2019334,5.5971,5.875302,5.8212357,5.031303,0,0.0,0,1.0,-0.71,15.5,84.5
2022-10-29 21:30:00,104.405545811112,57.606306755556,57.6168619,19.86851851333333,9.354,29.35,1,5.1764362714980825,70.66250196097344,21,5,10,-0.7071067811865477,0.7071067811865474,-0.9749279121818236,-0.2225209339563146,-0.8660254037844386,0.5000000000000001,0.0,0.0,1.0416666666666667,11.0,19.1,0.0,68.5,0.1,4.826231,0.0,5.55,19.8333333,30.25,32.333333333333336,33.9,33.65,29.35,-10.514518513333334,-0.0537037166666642,-0.1739999999999995,9.528,9.2,19.94197531888889,9.517111111111111,5.031303,5.2019334,5.5971,5.875302,5.020936,0,0.0,0,1.0,-0.72,16.0,84.0
2022-10-29 21:45:00,448.575111844444,57.807965388888,57.820464888888,19.8333333,9.2,29.35,1,5.1764362714980825,70.66250196097344,21,5,10,-0.7071067811865477,0.7071067811865474,-0.9749279121818236,-0.2225209339563146,-0.8660254037844386,0.5000000000000001,0.0,0.0,0.0,11.1,19.65,0.0,65.25,-0.5999999999999996,4.589695,0.0,5.525,19.8333333,29.35,30.25,32.333333333333336,33.9,29.5,-10.6333333,-0.0351852133333352,-0.1540000000000017,9.354,9.536,19.874691347777777,9.360666666666663,5.020936,5.031303,5.2019334,5.5971,5.0465965,0,0.0,0,1.0,-0.73,16.3,83.7
2022-10-29 22:00:00,109.72755513889,59.510675011112,59.52123013889,19.8333333,9.536,29.5,1,5.1764362714980825,70.66250196097344,22,5,10,-0.5000000000000004,0.8660254037844384,-0.9749279121818236,-0.2225209339563146,-0.8660254037844386,0.5000000000000001,0.0,0.0,0.0,11.2,20.2,0.0,62.0,-1.3,4.3539205,0.0,5.5,19.79444445,29.35,29.35,30.25,32.333333333333336,29.15,-10.2973333,0.0,0.3360000000000003,9.2,9.477333333333332,19.845061704444444,9.363333333333332,5.0465965,5.020936,5.031303,5.2019334,4.9753633,0,0.0,0,1.0,-0.73,16.3,83.7
2022-10-29 22:15:00,113.941553205558,57.909905727778,57.9218497,19.79444445,9.477333333333332,29.15,1,5.1764362714980825,70.66250196097344,22,5,10,-0.5000000000000004,0.8660254037844384,-0.9749279121818236,-0.2225209339563146,-0.8660254037844386,0.5000000000000001,0.0,0.0,0.0,11.1,20.275,0.0,59.5,-1.75,4.2197833,0.0,5.65,19.757407413333333,29.5,29.35,29.35,30.25,29.0,-10.317111116666668,-0.0388888499999993,-0.0586666666666673,9.536,9.103333333333332,19.82037035,9.404444444444444,4.9753633,5.0465965,5.020936,5.031303,4.939018,0,0.0,0,1.0,-0.74,16.6,83.4
2022-10-29 22:30:00,122.593151611112,58.5943228,58.604877911112,19.757407413333333,9.103333333333332,29.0,1,5.1764362714980825,70.66250196097344,22,5,10,-0.5000000000000004,0.8660254037844384,-0.9749279121818236,-0.2225209339563146,-0.8660254037844386,0.5000000000000001,0.0,0.0,0.0,11.0,20.35,0.0,57.0,-2.2,4.082508,0.0,5.8,19.68333335,29.15,29.5,29.35,29.35,28.65,-10.65407408,-0.0370370366666676,-0.3739999999999988,9.477333333333332,8.426666666666668,19.79506172111111,9.37222222222222,4.939018,4.9753633,5.0465965,5.020936,4.858243,0,0.0,0,1.0,-0.75,16.9,83.1
2022-10-29 22:45:00,114.790130444444,57.743801272222,57.754078611112,19.68333335,8.426666666666668,28.65,1,5.1764362714980825,70.66250196097344,22,5,10,-0.5000000000000004,0.8660254037844384,-0.9749279121818236,-0.2225209339563146,-0.8660254037844386,0.5000000000000001,0.0,0.0,0.0,10.9,20.425,0.0,54.5,-2.65,3.9420526,0.0,5.949999999999999,19.64629631333333,29.0,29.15,29.5,29.35,28.316666666666663,-11.256666683333334,-0.074074063333331,-0.6766666666666659,9.103333333333332,8.248666666666667,19.745061737777775,9.002444444444443,4.858243,4.939018,4.9753633,5.0465965,4.7912893,0,0.0,0,1.0,-0.77,17.5,82.5
2022-10-29 23:00:00,101.064290583334,57.506588544444,57.517421427778,19.64629631333333,8.248666666666667,28.316666666666663,1,5.1764362714980825,70.66250196097344,23,5,10,-0.2588190451025215,0.965925826289068,-0.9749279121818236,-0.2225209339563146,-0.8660254037844386,0.5000000000000001,0.0,0.0,0.0,10.8,20.5,0.0,52.0,-3.1,3.798373,0.0,6.1,19.605158725,28.65,29.0,29.15,29.5,27.946428571428573,-11.397629646666667,-0.0370370366666676,-0.1780000000000008,8.426666666666668,8.976428571428572,19.69567902555556,8.592888888888888,4.7912893,4.858243,4.939018,4.9753633,4.717232,0,0.0,0,1.0,-0.78,17.9,82.1
2022-10-29 23:15:00,96.261427255552,53.465361316666,53.475360916666,19.605158725,8.976428571428572,27.946428571428573,1,5.1764362714980825,70.66250196097344,23,5,10,-0.2588190451025215,0.965925826289068,-0.9749279121818236,-0.2225209339563146,-0.8660254037844386,0.5000000000000001,0.0,0.0,0.0,11.075,20.225,0.0,51.75,-3.075,3.798717,0.0,6.175,19.5592593,28.316666666666663,28.65,29.0,29.15,27.53333333333333,-10.628730153571428,-0.0411375883333349,0.7277619047619055,8.248666666666667,9.083333333333334,19.644929462777775,8.550587301587301,4.717232,4.7912893,4.858243,4.939018,4.6349883,0,0.0,0,1.0,-0.79,18.2,81.8
2022-10-29 23:30:00,116.813660666664,58.917087688888,58.928476116666,19.5592593,9.083333333333334,27.53333333333333,1,5.1764362714980825,70.66250196097344,23,5,10,-0.2588190451025215,0.965925826289068,-0.9749279121818236,-0.2225209339563146,-0.8660254037844386,0.5000000000000001,0.0,0.0,0.0,11.35,19.95,0.0,51.5,-3.05,3.7989602,0.0,6.25,19.51666668,27.946428571428573,28.316666666666663,28.65,29.0,27.5,-10.475925966666669,-0.0458994249999982,0.1069047619047616,8.976428571428572,9.314,19.603571446111115,8.769476190476189,4.6349883,4.717232,4.7912893,4.858243,4.6178036,0,0.0,0,1.0,-0.81,18.7,81.3
2022-10-29 23:45:00,116.729774988892,57.554364383334,57.565197266668,19.51666668,9.314,27.5,1,5.1764362714980825,70.66250196097344,23,5,10,-0.2588190451025215,0.965925826289068,-0.9749279121818236,-0.2225209339563146,-0.8660254037844386,0.5000000000000001,0.0,0.0,0.0,11.625,19.675,0.0,51.25,-3.025,3.7991014,0.0,6.325,19.48055554,27.53333333333333,27.946428571428573,28.316666666666663,28.65,27.675,-10.20266668,-0.0425926200000006,0.2306666666666661,9.083333333333334,8.897499999999999,19.56036156833333,9.1245873015873,4.6178036,4.6349883,4.717232,4.7912893,4.6373353,0,0.0,0,1.0,-0.82,19.0,81.0
2022-10-30 00:00:00,94.791208166668,46.496195611112,46.505084122224,19.48055554,8.897499999999999,27.675,1,5.1764362714980825,70.66250196097344,0,6,10,0.0,1.0,-0.7818314824680299,0.6234898018587334,-0.8660254037844386,0.5000000000000001,0.0,0.0,0.0,11.9,19.4,0.0,51.0,-3.0,3.799142,0.0,6.4,19.449603134285717,27.5,27.53333333333333,27.946428571428573,28.316666666666663,28.77142857142857,-10.583055540000002,-0.0361111399999991,-0.416500000000001,9.314,8.605,19.51882717333333,9.098277777777776,4.6373353,4.6178036,4.6349883,4.717232,4.8122907,0,0.0,0,1.0,-0.82,19.3,80.7
2022-10-30 00:15:00,104.53831821667,54.452821783334,54.463376894446,19.449603134285717,8.605,28.77142857142857,1,5.1764362714980825,70.66250196097344,0,6,10,0.0,1.0,-0.7818314824680299,0.6234898018587334,-0.8660254037844386,0.5000000000000001,0.0,0.0,0.0,11.95,19.5,0.0,51.0,-2.975,3.8053508,0.0,6.425000000000001,19.496296293333334,27.675,27.5,27.53333333333333,27.946428571428573,29.933333333333334,-10.844603134285713,-0.030952405714288,-0.2924999999999986,8.897499999999999,8.444666666666667,19.482275118095234,8.938833333333333,4.8122907,4.6373353,4.6178036,4.6349883,5.020393,0,0.0,0,1.0,-0.82,19.3,80.7
2022-10-30 00:30:00,105.296621333332,58.6584869,58.6693198,19.496296293333334,8.444666666666667,29.933333333333334,1,5.1764362714980825,70.66250196097344,0,6,10,0.0,1.0,-0.7818314824680299,0.6234898018587334,-0.8660254037844386,0.5000000000000001,0.0,0.0,0.0,12.0,19.6,0.0,51.0,-2.95,3.8115673,0.0,6.45,19.5,28.77142857142857,27.675,27.5,27.53333333333333,29.7,-11.051629626666667,0.0466931590476207,-0.1603333333333338,8.605,8.062000000000001,19.475484989206347,8.649055555555554,5.020393,4.8122907,4.6373353,4.6178036,4.982345,0,0.0,0,1.0,-0.81,18.7,81.3
2022-10-30 00:45:00,100.607364344448,58.260725027778,58.269891311112,19.5,8.062000000000001,29.7,1,5.1764362714980825,70.66250196097344,0,6,10,0.0,1.0,-0.7818314824680299,0.6234898018587334,-0.8660254037844386,0.5000000000000001,0.0,0.0,0.0,12.05,19.7,0.0,51.0,-2.925,3.8177936,0.0,6.475,19.5,29.933333333333334,28.77142857142857,27.675,27.5,29.966666666666665,-11.438,0.0037037066666663,-0.3826666666666654,8.444666666666667,8.332,19.481966475873016,8.370555555555555,4.982345,5.020393,4.8122907,4.6373353,5.0270796,0,0.0,0,1.0,-0.81,18.7,81.3
2022-10-30 01:00:00,113.779059772222,58.288779505554,58.297390294442,19.5,8.332,29.966666666666665,1,5.1764362714980825,70.66250196097344,1,6,10,0.2588190451025207,0.9659258262890684,-0.7818314824680299,0.6234898018587334,-0.8660254037844386,0.5000000000000001,0.0,0.0,0.0,12.1,19.8,0.0,51.0,-2.9,3.824029,0.0,6.5,19.494841265714285,29.7,29.933333333333334,28.77142857142857,27.675,29.660714285714285,-11.168,0.0,0.2699999999999996,8.062000000000001,9.195714285714288,19.49876543111111,8.279555555555556,5.0270796,4.982345,5.020393,4.8122907,4.9742455,0,0.0,0,1.0,-0.81,18.7,81.3
2022-10-30 01:15:00,96.62141265556,53.697296455556,53.706740511112,19.494841265714285,9.195714285714288,29.660714285714285,1,5.1764362714980825,70.66250196097344,1,6,10,0.2588190451025207,0.9659258262890684,-0.7818314824680299,0.6234898018587334,-0.8660254037844386,0.5000000000000001,0.0,0.0,0.0,11.325,19.7,0.0,51.75,-2.75,3.8676198,0.0,6.45,19.448148106666665,29.966666666666665,29.7,29.933333333333334,28.77142857142857,29.5,-10.29912698,-0.0051587342857146,0.8637142857142859,8.332,9.269333333333332,19.498280421904763,8.529904761904762,4.9742455,5.0270796,4.982345,5.020393,4.9337277,0,0.0,0,1.0,-0.81,18.8,81.2
2022-10-30 01:30:00,95.289243761114,57.654360383334,57.663248911112,19.448148106666665,9.269333333333332,29.5,1,5.1764362714980825,70.66250196097344,1,6,10,0.2588190451025207,0.9659258262890684,-0.7818314824680299,0.6234898018587334,-0.8660254037844386,0.5000000000000001,0.0,0.0,0.0,10.55,19.6,0.0,52.5,-2.6,3.9108815,0.0,6.4,19.43888885,29.660714285714285,29.966666666666665,29.7,29.933333333333334,29.5,-10.178814773333333,-0.0466931590476207,0.0736190476190454,9.195714285714288,9.830666666666668,19.48099645746032,8.932349206349205,4.9337277,4.9742455,5.0270796,4.982345,4.931041,0,0.0,0,1.0,-0.82,19.2,80.8
2022-10-30 01:45:00,105.306343027782,69.554717683334,69.564995022224,19.43888885,9.830666666666668,29.5,1,5.1764362714980825,70.66250196097344,1,6,10,0.2588190451025207,0.9659258262890684,-0.7818314824680299,0.6234898018587334,-0.8660254037844386,0.5000000000000001,0.0,0.0,0.0,9.775,19.5,0.0,53.25,-2.45,3.9538143,0.0,6.35,19.3925926,29.5,29.660714285714285,29.966666666666665,29.7,29.5,-9.608222183333334,-0.0092592566666631,0.5613333333333355,9.269333333333332,8.808666666666666,19.46062607412698,9.43190476190476,4.931041,4.9337277,4.9742455,5.0270796,4.9176307,0,0.0,0,1.0,-0.82,19.3,80.7
2022-10-30 02:00:00,84.90243718333,57.802965555556,57.813520683334,19.3925926,8.808666666666666,29.5,1,5.1764362714980825,70.66250196097344,2,6,10,0.4999999999999999,0.8660254037844387,-0.7818314824680299,0.6234898018587334,-0.8660254037844386,0.5000000000000001,0.0,0.0,0.0,9.0,19.4,0.0,54.0,-2.3,3.9964201,0.0,6.3,19.3888889,29.5,29.5,29.660714285714285,29.966666666666665,29.5,-10.583925933333337,-0.046296250000001,-1.022000000000002,9.830666666666668,8.151333333333334,19.426543185555555,9.302888888888887,4.9176307,4.931041,4.9337277,4.9742455,4.916559,0,0.0,0,1.0,-0.83,19.6,80.4
2022-10-30 02:15:00,93.41293,59.432900405554,59.443733288888,19.3888889,8.151333333333334,29.5,1,5.1764362714980825,70.66250196097344,2,6,10,0.4999999999999999,0.8660254037844387,-0.7818314824680299,0.6234898018587334,-0.8660254037844386,0.5000000000000001,0.0,0.0,0.0,8.95,18.15,0.0,57.0,-2.0,4.1093845,0.0,5.9,19.37136751846154,29.5,29.5,29.5,29.660714285714285,29.5,-11.237555566666668,-0.003703699999999,-0.657333333333332,8.808666666666666,6.226153846153846,19.406790116666667,8.930222222222222,4.916559,4.9176307,4.931041,4.9337277,4.9114933,0,0.0,0,1.0,-0.83,19.7,80.3
2022-10-30 02:30:00,95.92116291667,49.712733644444,49.721066644444,19.37136751846154,6.226153846153846,29.5,1,5.1764362714980825,70.66250196097344,2,6,10,0.4999999999999999,0.8660254037844387,-0.7818314824680299,0.6234898018587334,-0.8660254037844386,0.5000000000000001,0.0,0.0,0.0,8.9,16.9,0.0,60.0,-1.7,4.2134724,0.0,5.5,19.327380925,29.5,29.5,29.5,29.5,29.5,-13.145213672307694,-0.0175213815384616,-1.925179487179488,8.151333333333334,5.796428571428572,19.384283006153847,7.728717948717946,4.9114933,4.916559,4.9176307,4.931041,4.898793,0,0.0,0,1.0,-0.84,19.8,80.2
2022-10-30 02:45:00,177.47095629445,53.753127555556,53.76229383889,19.327380925,5.796428571428572,29.5,1,5.1764362714980825,70.66250196097344,2,6,10,0.4999999999999999,0.8660254037844387,-0.7818314824680299,0.6234898018587334,-0.8660254037844386,0.5000000000000001,0.0,0.0,0.0,8.850000000000001,15.65,0.0,63.0,-1.4,4.309019,0.0,5.1,19.2814815,29.5,29.5,29.5,29.5,29.5,-13.53095235357143,-0.0439865934615397,-0.429725274725274,6.226153846153846,5.766,19.362545781153845,6.724638583638583,4.898793,4.9114933,4.916559,4.9176307,4.8855715,0,0.0,0,1.0,-0.85,20.2,79.8
2022-10-30 03:00:00,274.790952372222,57.852408044444,57.861852116666,19.2814815,5.766,29.5,1,5.1764362714980825,70.66250196097344,3,6,10,0.7071067811865476,0.7071067811865476,-0.7818314824680299,0.6234898018587334,-0.8660254037844386,0.5000000000000001,0.0,0.0,0.0,8.8,14.4,0.0,66.0,-1.1,4.3963575,0.0,4.7,19.23888888,29.5,29.5,29.5,29.5,29.5,-13.515481499999998,-0.0458994250000017,-0.0304285714285716,5.796428571428572,5.938000000000001,19.326743314487175,5.929527472527472,4.8855715,4.898793,4.9114933,4.916559,4.8733325,0,0.0,0,1.0,-0.86,20.6,79.4
2022-10-30 03:15:00,93.968185422228,57.744078994446,57.753523033336,19.23888888,5.938000000000001,29.5,1,5.1764362714980825,70.66250196097344,3,6,10,0.7071067811865476,0.7071067811865476,-0.7818314824680299,0.6234898018587334,-0.8660254037844386,0.5000000000000001,0.0,0.0,0.0,9.05,13.95,0.0,67.0,-1.15,4.3968787,0.0,4.475,19.2222222,29.5,29.5,29.5,29.5,29.5,-13.30088888,-0.042592619999997,0.1720000000000006,5.766,5.888,19.282583768333332,5.83347619047619,4.8733325,4.8855715,4.898793,4.9114933,4.8685484,0,0.0,0,1.0,-0.87,20.9,79.1
2022-10-30 03:30:00,82.316984955556,57.681581544444,57.6935255,19.2222222,5.888,29.5,1,5.1764362714980825,70.66250196097344,3,6,10,0.7071067811865476,0.7071067811865476,-0.7818314824680299,0.6234898018587334,-0.8660254037844386,0.5000000000000001,0.0,0.0,0.0,9.3,13.5,0.0,68.0,-1.2000000000000002,4.396299,0.0,4.25,19.18333335,29.5,29.5,29.5,29.5,29.5,-13.3342222,-0.0166666800000001,-0.0500000000000007,5.938000000000001,5.747333333333334,19.24753086,5.864,4.8685484,4.8733325,4.8855715,4.898793,4.857406,0,0.0,0,1.0,-0.87,21.1,78.9
2022-10-30 03:45:00,93.837912966668,57.441591127778,57.452424044444,19.18333335,5.747333333333334,29.5,1,5.1764362714980825,70.66250196097344,3,6,10,0.7071067811865476,0.7071067811865476,-0.7818314824680299,0.6234898018587334,-0.8660254037844386,0.5000000000000001,0.0,0.0,0.0,9.55,13.05,0.0,69.0,-1.25,4.394645,0.0,4.025,19.14629631333333,29.5,29.5,29.5,29.5,29.5,-13.436000016666668,-0.0388888499999993,-0.1406666666666662,5.888,5.144,19.214814810000004,5.857777777777777,4.857406,4.8685484,4.8733325,4.8855715,4.8468122,0,0.0,0,1.0,-0.88,21.4,78.6
2022-10-30 04:00:00,109.614504061114,57.279375416666,57.287708433332,19.14629631333333,5.144,29.5,1,5.1764362714980825,70.66250196097344,4,6,10,0.8660254037844386,0.5000000000000001,-0.7818314824680299,0.6234898018587334,-0.8660254037844386,0.5000000000000001,0.0,0.0,0.0,9.8,12.6,0.0,70.0,-1.3,4.3919463,0.0,3.8,19.10555555,29.5,29.5,29.5,29.5,29.5,-14.002296313333334,-0.0370370366666676,-0.6033333333333335,5.747333333333334,4.652,19.183950621111112,5.59311111111111,4.8468122,4.857406,4.8685484,4.8733325,4.8351846,0,0.0,0,1.0,-0.89,21.7,78.3
2022-10-30 04:15:00,97.055006427782,57.212989172222,57.22215543889,19.10555555,4.652,29.5,1,5.1764362714980825,70.66250196097344,4,6,10,0.8660254037844386,0.5000000000000001,-0.7818314824680299,0.6234898018587334,-0.8660254037844386,0.5000000000000001,0.0,0.0,0.0,9.85,12.6,0.0,70.25,-1.35,4.3782988,0.0,3.7,19.0592593,29.5,29.5,29.5,29.5,29.5,-14.45355555,-0.0407407633333321,-0.492,5.144,4.383333333333334,19.14506173777778,5.18111111111111,4.8351846,4.8468122,4.857406,4.8685484,4.821999,0,0.0,0,1.0,-0.9,22.1,77.9
2022-10-30 04:30:00,149.769286888884,57.2785421,57.285764094442,19.0592593,4.383333333333334,29.5,1,5.1764362714980825,70.66250196097344,4,6,10,0.8660254037844386,0.5000000000000001,-0.7818314824680299,0.6234898018587334,-0.8660254037844386,0.5000000000000001,0.0,0.0,0.0,9.9,12.6,0.0,70.5,-1.4,4.364615,0.0,3.6,19.01666668,29.5,29.5,29.5,29.5,29.5,-14.675925966666668,-0.046296250000001,-0.2686666666666664,4.652,4.364000000000001,19.103703721111117,4.726444444444443,4.821999,4.8351846,4.8468122,4.857406,4.809897,0,0.0,0,1.0,-0.91,22.5,77.5
2022-10-30 04:45:00,189.505752916662,57.263264927778,57.26909806111,19.01666668,4.364000000000001,29.5,1,5.1764362714980825,70.66250196097344,4,6,10,0.8660254037844386,0.5000000000000001,-0.7818314824680299,0.6234898018587334,-0.8660254037844386,0.5000000000000001,0.0,0.0,0.0,9.95,12.6,0.0,70.75,-1.45,4.350896,0.0,3.5,18.979629613333334,29.5,29.5,29.5,29.5,29.5,-14.65266668,-0.0425926200000006,-0.0193333333333329,4.383333333333334,4.689333333333334,19.060493843333333,4.466444444444444,4.809897,4.821999,4.8351846,4.8468122,4.7993946,0,0.0,0,1.0,-0.92,22.9,77.1
2022-10-30 05:00:00,107.665415477776,61.534205216666,61.543927027778,18.979629613333334,4.689333333333334,29.5,1,5.1764362714980825,70.66250196097344,5,6,10,0.9659258262890684,0.2588190451025207,-0.7818314824680299,0.6234898018587334,-0.8660254037844386,0.5000000000000001,0.0,0.0,0.0,10.0,12.6,0.0,71.0,-1.5,4.3371406,0.0,3.4,18.9444444,29.5,29.5,29.5,29.5,29.55,-14.29029628,-0.0370370666666666,0.325333333333333,4.364000000000001,4.701333333333333,19.01851853111111,4.478888888888888,4.7993946,4.809897,4.821999,4.8351846,4.797553,0,0.0,0,1.0,-0.93,23.2,76.8
2022-10-30 05:15:00,101.010125983338,57.123270527778,57.13215903889,18.9444444,4.701333333333333,29.55,1,5.1764362714980825,70.66250196097344,5,6,10,0.9659258262890684,0.2588190451025207,-0.7818314824680299,0.6234898018587334,-0.8660254037844386,0.5000000000000001,0.0,0.0,0.0,9.6,12.6,0.0,68.25,-1.75,4.2465525,0.0,3.675,18.9444444,29.5,29.5,29.5,29.5,29.966666666666665,-14.243111066666664,-0.0351852133333352,0.0119999999999995,4.689333333333334,4.266,18.98024689777777,4.584888888888888,4.797553,4.7993946,4.809897,4.821999,4.8652005,0,0.0,0,1.0,-0.94,23.5,76.5
2022-10-30 05:30:00,109.105080005558,57.0385517,57.047718016666,18.9444444,4.266,29.966666666666665,1,5.1764362714980825,70.66250196097344,5,6,10,0.9659258262890684,0.2588190451025207,-0.7818314824680299,0.6234898018587334,-0.8660254037844386,0.5000000000000001,0.0,0.0,0.0,9.2,12.6,0.0,65.5,-2.0,4.1509304,0.0,3.95,18.90555555,29.55,29.5,29.5,29.5,30.0,-14.678444399999998,0.0,-0.4353333333333333,4.701333333333333,3.7766666666666655,18.95617280444444,4.5522222222222215,4.8652005,4.797553,4.7993946,4.809897,4.859441,0,0.0,0,1.0,-0.93,23.4,76.6
2022-10-30 05:45:00,101.056790850002,57.105215666668,57.11465973889,18.90555555,3.7766666666666655,30.0,1,5.1764362714980825,70.66250196097344,5,6,10,0.9659258262890684,0.2588190451025207,-0.7818314824680299,0.6234898018587334,-0.8660254037844386,0.5000000000000001,0.0,0.0,0.0,8.8,12.6,0.0,62.75,-2.25,4.0501394,0.0,4.225,18.86851851333333,29.966666666666665,29.55,29.5,29.5,30.0,-15.128888883333332,-0.0388888499999993,-0.4893333333333336,4.266,3.8373333333333335,18.93148145,4.247999999999998,4.859441,4.8652005,4.797553,4.7993946,4.8488193,0,0.0,0,1.0,-0.94,23.8,76.2
2022-10-30 06:00:00,97.385271083334,56.713564666668,56.722730933336,18.86851851333333,3.8373333333333335,30.0,1,5.1764362714980825,70.66250196097344,6,6,10,1.0,6.123233995736766e-17,-0.7818314824680299,0.6234898018587334,-0.8660254037844386,0.5000000000000001,0.0,0.0,0.0,8.4,12.6,0.0,60.0,-2.5,3.9440424,0.0,4.5,18.8333333,30.0,29.966666666666665,29.55,29.5,30.0,-15.03118518,-0.0370370366666641,0.060666666666667,3.7766666666666655,5.189333333333334,18.906172821111117,3.959999999999999,4.8488193,4.859441,4.8652005,4.797553,4.838749,0,0.0,0,1.0,-0.95,24.1,75.9
2022-10-30 06:15:00,105.208846927782,56.946888683334,56.955777211112,18.8333333,5.189333333333334,30.0,1,5.1764362714980825,70.66250196097344,6,6,10,1.0,6.123233995736766e-17,-0.7818314824680299,0.6234898018587334,-0.8660254037844386,0.5000000000000001,0.0,0.0,0.0,8.15,12.15,0.0,60.75,-2.5,3.9603398,0.0,4.375,18.8333333,30.0,30.0,29.966666666666665,29.55,30.0,-13.643999966666666,-0.0351852133333352,1.3520000000000003,3.8373333333333335,5.6386666666666665,18.86913578777778,4.267777777777777,4.838749,4.8488193,4.859441,4.8652005,4.838749,0,0.0,0,1.0,-0.96,24.4,75.6
2022-10-30 06:30:00,98.806325372222,56.8418929,56.849948127778,18.8333333,5.6386666666666665,30.0,1,5.1764362714980825,70.66250196097344,6,6,10,1.0,6.123233995736766e-17,-0.7818314824680299,0.6234898018587334,-0.8660254037844386,0.5000000000000001,0.0,0.0,0.0,7.9,11.7,0.0,61.5,-2.5,3.9760642,0.0,4.25,18.78888889,30.0,30.0,30.0,29.966666666666665,29.95,-13.194666633333334,0.0,0.4493333333333327,5.189333333333334,6.4046666666666665,18.845061704444444,4.888444444444443,4.838749,4.838749,4.8488193,4.859441,4.8180118,0,0.0,0,1.0,-0.96,24.4,75.6
2022-10-30 06:45:00,84.08746974999801,59.732055055556,59.742610183334,18.78888889,6.4046666666666665,29.95,1,5.1764362714980825,70.66250196097344,6,6,10,1.0,6.123233995736766e-17,-0.7818314824680299,0.6234898018587334,-0.8660254037844386,0.5000000000000001,0.0,0.0,0.0,7.65,11.25,0.0,62.25,-2.5,3.9912236,0.0,4.125,18.746296293333334,30.0,30.0,30.0,30.0,29.53333333333333,-12.384222223333332,-0.0444444100000005,0.766,5.6386666666666665,6.326,18.818518496666663,5.744222222222221,4.8180118,4.838749,4.838749,4.8488193,4.739032,0,0.0,0,1.0,-0.97,24.8,75.2
2022-10-30 07:00:00,83.146118372226,58.69709643889,58.707096005558,18.746296293333334,6.326,29.53333333333333,1,5.1764362714980825,70.66250196097344,7,6,10,0.9659258262890684,-0.2588190451025206,-0.7818314824680299,0.6234898018587334,-0.8660254037844386,0.5000000000000001,0.0,0.0,0.0,7.4,10.8,0.0,63.0,-2.5,4.005824,0.0,4.0,18.73333333,29.95,30.0,30.0,30.0,29.5,-12.420296293333331,-0.0425925966666653,-0.0786666666666668,6.4046666666666665,4.988666666666666,18.78950616111111,6.12311111111111,4.739032,4.8180118,4.838749,4.838749,4.730056,0,0.0,0,1.0,-0.98,25.3,74.7
2022-10-30 07:15:00,98.756049500004,64.254929716666,64.266318127778,18.73333333,4.988666666666666,29.5,1,5.1764362714980825,70.66250196097344,7,6,10,0.9659258262890684,-0.2588190451025206,-0.7818314824680299,0.6234898018587334,-0.8660254037844386,0.5000000000000001,1.25,0.3125,0.1041666666666666,7.6,11.15,22.5,62.75,-2.5,3.9965794,0.0,4.025,18.69074075,29.53333333333333,29.95,30.0,30.0,29.5,-13.744666663333334,-0.012962963333333,-1.3373333333333337,6.326,3.4506666666666663,18.75617283777778,5.906444444444443,4.730056,4.739032,4.8180118,4.838749,4.7181535,0,0.0,0,1.0,-0.98,25.5,74.5
2022-10-30 07:30:00,105.525500944448,69.09168063889,69.103624594446,18.69074075,3.4506666666666663,29.5,1,5.1764362714980825,70.66250196097344,7,6,10,0.9659258262890684,-0.2588190451025206,-0.7818314824680299,0.6234898018587334,-0.8660254037844386,0.5000000000000001,2.5,0.9375,0.3125,7.8,11.5,45.0,62.5,-2.5,3.9872909,0.0,4.05,18.68333335,29.5,29.53333333333333,29.95,30.0,29.5,-15.240074083333331,-0.0425925800000008,-1.5379999999999998,4.988666666666666,3.4406666666666665,18.72345679111111,4.921777777777776,4.7181535,4.730056,4.739032,4.8180118,4.716087,0,0.0,0,1.0,-0.99,25.9,74.1
2022-10-30 07:45:00,113.57184594444,73.287068416666,73.298734616666,18.68333335,3.4406666666666665,29.5,2,5.1764362714980825,70.66250196097344,7,6,10,0.9659258262890684,-0.2588190451025206,-0.7818314824680299,0.6234898018587334,-0.8660254037844386,0.5000000000000001,3.75,1.875,0.625,8.0,11.85,67.5,62.25,-2.5,3.97796,0.0,4.074999999999999,18.6666667,29.5,29.5,29.53333333333333,29.95,29.5,-15.242666683333336,-0.0074073999999981,-0.0099999999999997,3.4506666666666663,4.327333333333333,18.70246914333333,3.959999999999999,4.716087,4.7181535,4.730056,4.739032,4.711439,0,0.0,1,1.0,-1.0,25.9,74.1
2022-10-30 08:00:00,110.24503443889,63.787726172222,63.798281283334,18.6666667,4.327333333333333,29.5,1,5.1764362714980825,70.66250196097344,8,6,10,0.8660254037844387,-0.4999999999999998,-0.7818314824680299,0.6234898018587334,-0.8660254037844386,0.5000000000000001,5.0,3.125,1.0416666666666667,8.2,12.2,90.0,62.0,-2.5,3.968584,0.0,4.1,18.66111114,29.5,29.5,29.5,29.53333333333333,29.5,-14.339333366666668,-0.0166666500000012,0.8866666666666663,3.4406666666666665,4.642,18.680246933333336,3.739555555555554,4.711439,4.716087,4.7181535,4.730056,4.7098904,0,0.0,1,1.0,-1.0,26.1,73.9
2022-10-30 08:15:00,93.684030355552,65.732926111112,65.744870066668,18.66111114,4.642,29.5,1,5.1764362714980825,70.66250196097344,8,6,10,0.8660254037844387,-0.4999999999999998,-0.7818314824680299,0.6234898018587334,-0.8660254037844386,0.5000000000000001,30.75,10.5,3.6041666666666665,8.6,13.925,75.5,61.5,-2.15,4.076296,0.0,4.625,18.63518519333333,29.5,29.5,29.5,29.5,29.5,-14.01911114,-0.0055555600000012,0.3146666666666666,4.327333333333333,4.905333333333333,18.670370396666662,4.136666666666665,4.7098904,4.711439,4.716087,4.7181535,4.7026677,0,0.0,0,1.0,-1.0,26.2,73.8
2022-10-30 08:30:00,93.558479827774,69.148622844444,69.160011255556,18.63518519333333,4.905333333333333,29.5,1,5.1764362714980825,70.66250196097344,8,6,10,0.8660254037844387,-0.4999999999999998,-0.7818314824680299,0.6234898018587334,-0.8660254037844386,0.5000000000000001,56.5,24.0,8.3125,9.0,15.65,61.0,61.0,-1.8,4.1860194,0.0,5.15,18.6666667,29.5,29.5,29.5,29.5,29.5,-13.729851859999998,-0.0259259466666677,0.2633333333333336,4.642,6.3580000000000005,18.654321011111108,4.624888888888887,4.7026677,4.7098904,4.711439,4.716087,4.711439,0,0.0,0,1.0,-1.01,26.4,73.6
2022-10-30 08:45:00,96.188930138886,62.6349945,62.645549627778,18.6666667,6.3580000000000005,29.5,1,5.1764362714980825,70.66250196097344,8,6,10,0.8660254037844387,-0.4999999999999998,-0.7818314824680299,0.6234898018587334,-0.8660254037844386,0.5000000000000001,82.25,43.625,15.166666666666666,9.4,17.375,46.5,60.5,-1.4500000000000002,4.2977595,0.0,5.675,18.6666667,29.5,29.5,29.5,29.5,29.683333333333334,-12.3086667,0.0314815066666689,1.4526666666666674,4.905333333333333,7.848666666666667,18.65432101111111,5.301777777777777,4.711439,4.7026677,4.7098904,4.711439,4.7407193,0,0.0,0,1.0,-1.0,26.1,73.9
2022-10-30 09:00:00,98.624388349994,68.4489286,68.461705872222,18.6666667,7.848666666666667,29.683333333333334,1,5.1764362714980825,70.66250196097344,9,6,10,0.7071067811865476,-0.7071067811865475,-0.7818314824680299,0.6234898018587334,-0.8660254037844386,0.5000000000000001,108.0,69.375,24.166666666666668,9.8,19.1,32.0,60.0,-1.1,4.41152,0.0,6.2,18.66111114,29.5,29.5,29.5,29.5,30.05,-10.818000033333334,0.0,1.4906666666666668,6.3580000000000005,9.223333333333333,18.656172864444443,6.370666666666666,4.7407193,4.711439,4.7026677,4.7098904,4.7977023,0,0.0,0,1.0,-1.0,26.1,73.9
2022-10-30 09:15:00,95.020087894446,57.428536083334,57.439646722224,18.66111114,9.223333333333333,30.05,1,5.1764362714980825,70.66250196097344,9,6,10,0.7071067811865476,-0.7071067811865475,-0.7818314824680299,0.6234898018587334,-0.8660254037844386,0.5000000000000001,150.0,99.1875,36.66666666666666,8.325000000000001,18.55,24.75,59.5,-0.45,4.6090484,0.0,7.0,18.63518519333333,29.683333333333334,29.5,29.5,29.5,30.466666666666665,-9.437777806666666,-0.0055555600000012,1.3746666666666654,7.848666666666667,10.676666666666668,18.66481484666667,7.81,4.7977023,4.7407193,4.711439,4.7026677,4.8567667,0,0.0,0,1.0,-1.0,26.0,74.0
2022-10-30 09:30:00,102.004530772222,57.389093227778,57.399926111112,18.63518519333333,10.676666666666668,30.466666666666665,1,5.1764362714980825,70.66250196097344,9,6,10,0.7071067811865476,-0.7071067811865475,-0.7818314824680299,0.6234898018587334,-0.8660254037844386,0.5000000000000001,192.0,133.0625,52.66666666666666,6.8500000000000005,18.0,17.5,59.0,0.1999999999999999,4.813433,0.0,7.800000000000001,18.67222225,30.05,29.683333333333334,29.5,29.5,30.85,-7.958518526666664,-0.0259259466666677,1.453333333333335,9.223333333333333,11.374666666666666,18.654321011111108,9.249555555555554,4.8567667,4.7977023,4.7407193,4.711439,4.928667,0,0.0,0,1.0,-1.0,26.2,73.8
2022-10-30 09:45:00,96.038102855552,57.401314988888,57.411314572222,18.67222225,11.374666666666666,30.85,1,5.1764362714980825,70.66250196097344,9,6,10,0.7071067811865476,-0.7071067811865475,-0.7818314824680299,0.6234898018587334,-0.8660254037844386,0.5000000000000001,234.0,171.0,72.16666666666667,5.375,17.45,10.25,58.5,0.8500000000000001,5.024816,0.0,8.600000000000001,18.77962962333333,30.466666666666665,30.05,29.683333333333334,29.5,31.0,-7.2975555833333345,0.0370370566666693,0.6979999999999986,10.676666666666668,12.02,18.656172861111116,10.424888888888889,4.928667,4.8567667,4.7977023,4.7407193,4.9841933,0,0.0,0,1.0,-0.99,25.8,74.2
2022-10-30 10:00:00,81.644511905554,57.414369983334,57.426591711112,18.77962962333333,12.02,31.0,1,5.1764362714980825,70.66250196097344,10,6,10,0.4999999999999999,-0.8660254037844387,-0.7818314824680299,0.6234898018587334,-0.8660254037844386,0.5000000000000001,276.0,213.0,95.16666666666669,3.9,16.9,3.0,58.0,1.5,5.24334,0.0,9.4,19.37777775,30.85,30.466666666666665,30.05,29.683333333333334,30.9,-6.759629623333334,0.1074073733333342,0.6453333333333351,11.374666666666666,12.580666666666668,18.695679022222222,11.357111111111111,4.9841933,4.928667,4.8567667,4.7977023,5.1465216,0,0.0,0,1.0,-0.97,24.7,75.3
2022-10-30 10:15:00,84.441622266664,57.675748444444,57.687414644444,19.37777775,12.580666666666668,30.9,1,5.1764362714980825,70.66250196097344,10,6,10,0.4999999999999999,-0.8660254037844387,-0.7818314824680299,0.6234898018587334,-0.8660254037844386,0.5000000000000001,312.75,253.6875,121.125,3.725,15.724999999999998,8.5,57.5,2.025,5.4346056,0.0,10.1,20.764814786666665,31.0,30.85,30.466666666666665,30.05,29.516666666666666,-6.797111083333332,0.5981481266666648,0.5606666666666662,12.02,14.085333333333333,18.943209874444445,11.991777777777775,5.1465216,4.9841933,4.928667,4.8567667,5.331844,0,0.0,0,1.0,-0.83,19.5,80.5
2022-10-30 10:30:00,57.429647172222,23.471283344444,23.477672005554,20.764814786666665,14.085333333333333,29.516666666666666,1,5.1764362714980825,70.66250196097344,10,6,10,0.4999999999999999,-0.8660254037844387,-0.7818314824680299,0.6234898018587334,-0.8660254037844386,0.5000000000000001,349.5,293.0625,150.04166666666666,3.55,14.55,14.0,57.0,2.55,5.6310024,0.0,10.8,21.90555558,30.9,31.0,30.85,30.466666666666665,27.8,-6.679481453333333,1.3870370366666656,1.5046666666666653,12.580666666666668,14.096666666666666,19.64074072,12.895333333333332,5.331844,5.1465216,4.9841933,4.928667,5.3649344,0,0.0,0,1.0,-0.52,10.6,89.4
2022-10-30 10:45:00,89.885571149998,47.3056077,47.313107466664,21.90555558,14.096666666666666,27.8,1,5.1764362714980825,70.66250196097344,10,6,10,0.4999999999999999,-0.8660254037844387,-0.7818314824680299,0.6234898018587334,-0.8660254037844386,0.5000000000000001,386.25,331.125,181.91666666666663,3.375,13.375,19.5,56.5,3.075,5.8325853,0.0,11.5,22.12962962,29.516666666666666,30.9,31.0,30.85,27.683333333333334,-7.808888913333336,1.140740793333336,0.0113333333333329,14.085333333333333,13.314666666666666,20.682716038888888,13.587555555555554,5.3649344,5.331844,5.1465216,4.9841933,5.4118705,0,0.0,0,1.0,-0.26,6.4,93.6
2022-10-30 11:00:00,379.783974633336,55.877209255556,55.888875455556,22.12962962,13.314666666666666,27.683333333333334,1,5.1764362714980825,70.66250196097344,11,6,10,0.258819045102521,-0.9659258262890682,-0.7818314824680299,0.6234898018587334,-0.8660254037844386,0.5000000000000001,423.0,367.875,216.75,3.2,12.2,25.0,56.0,3.6,6.0394135,0.0,12.2,21.77777776,27.8,29.516666666666666,30.9,31.0,28.4,-8.814962953333334,0.2240740399999978,-0.782,14.096666666666666,13.866666666666667,21.599999995555557,13.83222222222222,5.4118705,5.3649344,5.331844,5.1465216,5.440451,0,0.0,0,1.0,-0.21,5.9,94.1
2022-10-30 11:15:00,115.639540916666,54.606704544444,54.6178152,21.77777776,13.866666666666667,28.4,1,5.1764362714980825,70.66250196097344,11,6,10,0.258819045102521,-0.9659258262890682,-0.7818314824680299,0.6234898018587334,-0.8660254037844386,0.5000000000000001,448.0,401.6875,251.52083333333331,2.975,12.3,42.75,55.25,3.925,6.1657777,0.0,12.75,21.361111096666665,27.683333333333334,27.8,29.516666666666666,30.9,29.15,-7.911111093333332,-0.35185186,0.5520000000000014,13.314666666666666,15.048,21.937654320000004,13.759333333333332,5.440451,5.4118705,5.3649344,5.331844,5.4511447,0,0.0,0,1.0,-0.29,6.7,93.3
2022-10-30 11:30:00,94.458166038886,55.179737155556,55.1927922,21.361111096666665,15.048,29.15,1,5.1764362714980825,70.66250196097344,11,6,10,0.258819045102521,-0.9659258262890682,-0.7818314824680299,0.6234898018587334,-0.8660254037844386,0.5000000000000001,473.0,432.5625,286.2291666666667,2.75,12.4,60.5,54.5,4.25,6.2926755,0.0,13.3,20.95000002,28.4,27.683333333333334,27.8,29.516666666666666,29.9,-6.313111096666665,-0.4166666633333342,1.181333333333333,13.866666666666667,15.156666666666666,21.756172825555552,14.076444444444444,5.4511447,5.440451,5.4118705,5.3649344,5.459581,0,0.0,0,1.0,-0.38,8.0,92.0
2022-10-30 11:45:00,88.397019494446,56.204696155556,56.216084583334,20.95000002,15.156666666666666,29.9,1,5.1764362714980825,70.66250196097344,11,6,10,0.258819045102521,-0.9659258262890682,-0.7818314824680299,0.6234898018587334,-0.8660254037844386,0.5000000000000001,498.0,460.5,320.875,2.525,12.5,78.25,53.75,4.575,6.4200068,0.0,13.85,20.62037039,29.15,28.4,27.683333333333334,27.8,30.65,-5.793333353333335,-0.4111110766666641,0.1086666666666662,15.048,15.892666666666669,21.36296295888889,14.690444444444443,5.459581,5.4511447,5.440451,5.4118705,5.4901857,0,0.0,0,1.0,-0.47,9.7,90.3
2022-10-30 12:00:00,103.910843516662,56.914667805554,56.925500688888,20.62037039,15.892666666666669,30.65,1,5.1764362714980825,70.66250196097344,12,6,10,1.2246467991473532e-16,-1.0,-0.7818314824680299,0.6234898018587334,-0.8660254037844386,0.5000000000000001,523.0,485.5,355.4583333333333,2.3,12.6,96.0,53.0,4.9,6.547661,0.0,14.4,20.3722222,29.9,29.15,28.4,27.683333333333334,31.05,-4.727703723333335,-0.3296296299999994,0.7360000000000007,15.156666666666666,16.65266666666667,20.977160502222223,15.365777777777778,5.4901857,5.459581,5.4511447,5.440451,5.4819083,0,0.0,0,1.0,-0.54,11.2,88.8
2022-10-30 12:15:00,96.929733788888,57.265764844444,57.279375433332,20.3722222,16.65266666666667,31.05,1,5.1764362714980825,70.66250196097344,12,6,10,1.2246467991473532e-16,-1.0,-0.7818314824680299,0.6234898018587334,-0.8660254037844386,0.5000000000000001,532.25,506.5625,387.3125,1.975,12.15,85.0,51.75,4.925000000000001,6.541461,0.0,14.775,20.209259256666662,30.65,29.9,29.15,28.4,31.466666666666665,-3.719555533333331,-0.248148190000002,0.7600000000000016,15.892666666666669,16.978,20.64753087,15.900666666666666,5.4819083,5.4901857,5.459581,5.4511447,5.5028286,0,0.0,0,1.0,-0.6,12.6,87.4
2022-10-30 12:30:00,69.464721399996,19.741988055556,19.752543266664,20.209259256666662,16.978,31.466666666666665,1,5.1764362714980825,70.66250196097344,12,6,10,1.2246467991473532e-16,-1.0,-0.7818314824680299,0.6234898018587334,-0.8660254037844386,0.5000000000000001,541.5,523.6875,416.4375,1.65,11.7,74.0,50.5,4.95,6.531006,0.0,15.15,20.05000001,31.05,30.65,29.9,29.15,31.5,-3.2312592566666645,-0.1629629433333335,0.325333333333333,16.65266666666667,17.784666666666666,20.40061728222222,16.50777777777778,5.5028286,5.4819083,5.4901857,5.459581,5.4575763,0,0.0,0,1.0,-0.64,13.5,86.5
2022-10-30 12:45:00,140.284944011108,55.3902843,55.3994506,20.05000001,17.784666666666666,31.5,1,5.1764362714980825,70.66250196097344,12,6,10,1.2246467991473532e-16,-1.0,-0.7818314824680299,0.6234898018587334,-0.8660254037844386,0.5000000000000001,550.75,536.875,442.8333333333333,1.325,11.25,63.0,49.25,4.975,6.516126,0.0,15.525,20.0,31.466666666666665,31.05,30.65,29.9,31.5,-2.265333343333335,-0.1592592466666644,0.8066666666666649,16.978,18.146,20.210493822222222,17.138444444444445,5.4575763,5.5028286,5.4819083,5.4901857,5.4416223,0,0.0,0,1.0,-0.67,14.4,85.6
2022-10-30 13:00:00,90.799701249998,54.7086449,54.720311083334,20.0,18.146,31.5,1,5.1764362714980825,70.66250196097344,13,6,10,-0.2588190451025208,-0.9659258262890684,-0.7818314824680299,0.6234898018587334,-0.8660254037844386,0.5000000000000001,560.0,546.125,466.5,1.0,10.8,52.0,48.0,5.0,6.4966526,0.0,15.9,20.04444447,31.5,31.466666666666665,31.05,30.65,31.15,-1.8539999999999992,-0.0500000100000015,0.3613333333333344,17.784666666666666,18.500666666666667,20.08641975555556,17.636222222222223,5.4416223,5.4575763,5.5028286,5.4819083,5.3951817,0,0.0,0,1.0,-0.68,14.8,85.2
2022-10-30 13:15:00,51.93264486111,18.61397766111,18.623143994442,20.04444447,18.500666666666667,31.15,1,5.1764362714980825,70.66250196097344,13,6,10,-0.2588190451025208,-0.9659258262890684,-0.7818314824680299,0.6234898018587334,-0.8660254037844386,0.5000000000000001,557.5,552.4375,486.8958333333333,1.375,10.8,64.0,46.75,4.825,6.4140887,0.0,16.125,20.08703705,31.5,31.5,31.466666666666665,31.05,31.0,-1.543777803333331,0.0444444699999984,0.3546666666666667,18.146,19.552,20.03148149333333,18.14377777777778,5.3951817,5.4416223,5.4575763,5.5028286,5.3826027,0,0.0,0,1.0,-0.67,14.5,85.5
2022-10-30 13:30:00,96.29559260555,53.766182633332,53.777848833332,20.08703705,19.552,31.0,1,5.1764362714980825,70.66250196097344,13,6,10,-0.2588190451025208,-0.9659258262890684,-0.7818314824680299,0.6234898018587334,-0.8660254037844386,0.5000000000000001,555.0,555.8125,504.0208333333333,1.75,10.8,76.0,45.5,4.65,6.327894,0.0,16.35,20.09444445,31.15,31.5,31.5,31.466666666666665,31.0,-0.5350370499999997,0.0425925800000008,1.051333333333332,18.500666666666667,19.781333333333336,20.043827173333334,18.73288888888889,5.3826027,5.3951817,5.4416223,5.4575763,5.3849354,0,0.0,0,1.0,-0.66,14.3,85.7
2022-10-30 13:45:00,83.781370827778,30.504057572222,30.513223872222,20.09444445,19.781333333333336,31.0,1,5.1764362714980825,70.66250196097344,13,6,10,-0.2588190451025208,-0.9659258262890684,-0.7818314824680299,0.6234898018587334,-0.8660254037844386,0.5000000000000001,552.5,556.25,517.875,2.125,10.8,88.0,44.25,4.475,6.2379932,0.0,16.575,20.1111111,31.0,31.15,31.5,31.5,30.816666666666663,-0.3131111166666649,0.0074074000000017,0.2293333333333365,19.552,20.54133333333333,20.075308656666664,19.278,5.3849354,5.3826027,5.3951817,5.4416223,5.3583126,0,0.0,0,1.0,-0.66,14.2,85.8
2022-10-30 14:00:00,80.859821111108,33.324778088888,33.334499933332,20.1111111,20.54133333333333,30.816666666666663,1,5.1764362714980825,70.66250196097344,14,6,10,-0.4999999999999997,-0.8660254037844388,-0.7818314824680299,0.6234898018587334,-0.8660254037844386,0.5000000000000001,550.0,553.75,528.4583333333334,2.5,10.8,100.0,43.0,4.3,6.144316,0.0,16.8,20.07222225,31.0,31.0,31.15,31.5,30.5,0.4302222333333354,0.0166666499999976,0.759999999999998,19.781333333333336,20.32,20.097530866666663,19.958222222222226,5.3583126,5.3849354,5.3826027,5.3951817,5.2911963,0,0.0,0,1.0,-0.66,14.2,85.8
2022-10-30 14:15:00,78.79268154999801,37.6576603,37.6668266,20.07222225,20.32,30.5,1,5.1764362714980825,70.66250196097344,14,6,10,-0.4999999999999997,-0.8660254037844388,-0.7818314824680299,0.6234898018587334,-0.8660254037844386,0.5000000000000001,530.5,547.0,535.3333333333334,3.075,11.425,99.75,42.0,4.0,6.0466213,0.0,16.925,20.0555556,30.816666666666663,31.0,31.0,31.15,30.5,0.2477777500000009,-0.0388888499999993,-0.2213333333333338,20.54133333333333,19.916,20.0925926,20.214222222222222,5.2911963,5.3583126,5.3849354,5.3826027,5.2860384,0,0.0,0,1.0,-0.67,14.5,85.5
2022-10-30 14:30:00,707.4264239944459,31.675677388888,31.683454877776,20.0555556,19.916,30.5,1,5.1764362714980825,70.66250196097344,14,6,10,-0.4999999999999997,-0.8660254037844388,-0.7818314824680299,0.6234898018587334,-0.8660254037844386,0.5000000000000001,511.0,536.0,538.5,3.65,12.05,99.5,41.0,3.7,5.947065,0.0,17.05,20.0555556,30.5,30.816666666666663,31.0,31.0,29.85,-0.1395556000000013,-0.0166666499999976,-0.4039999999999999,20.32,20.316666666666663,20.07962965,20.25911111111111,5.2860384,5.2911963,5.3583126,5.3849354,5.173385,0,0.0,0,1.0,-0.67,14.6,85.4
2022-10-30 14:45:00,1240.313996572222,36.715198,36.72880862222,20.0555556,20.316666666666663,29.85,1,5.1764362714980825,70.66250196097344,14,6,10,-0.4999999999999997,-0.8660254037844388,-0.7818314824680299,0.6234898018587334,-0.8660254037844386,0.5000000000000001,491.5,520.75,537.9583333333334,4.225,12.675,99.25,40.0,3.4,5.845624,0.0,17.175,20.15740742333333,30.5,30.5,30.816666666666663,31.0,30.15,0.2611110666666647,0.0,0.400666666666666,19.916,21.061333333333334,20.06111115,20.18422222222222,5.173385,5.2860384,5.2911963,5.3583126,5.256612,0,0.0,0,1.0,-0.68,14.7,85.3
2022-10-30 15:00:00,387.296174166668,22.585763216666,22.59354072222,20.15740742333333,21.061333333333334,30.15,1,5.1764362714980825,70.66250196097344,15,6,10,-0.7071067811865471,-0.7071067811865479,-0.7818314824680299,0.6234898018587334,-0.8660254037844386,0.5000000000000001,472.0,501.25,533.7083333333334,4.8,13.3,99.0,39.0,3.1,5.742279,0.0,17.3,20.47222221,29.85,30.5,30.5,30.816666666666663,31.65,0.9039259100000016,0.1018518233333303,0.7446666666666673,20.316666666666663,21.087333333333333,20.089506207777777,20.43133333333333,5.256612,5.173385,5.2860384,5.2911963,5.620547,0,0.0,0,1.0,-0.66,14.0,86.0
2022-10-30 15:15:00,94.103735749998,13.982774016666,13.990273766664,20.47222221,21.087333333333333,31.65,1,5.1764362714980825,70.66250196097344,15,6,10,-0.7071067811865471,-0.7071067811865479,-0.7818314824680299,0.6234898018587334,-0.8660254037844386,0.5000000000000001,440.5,478.75,526.0625,4.8,13.3,98.5,40.75,3.6,5.9463205,0.0,17.15,20.707407386666667,30.15,29.85,30.5,30.5,32.75,0.6151111233333353,0.3148147866666662,0.0259999999999998,21.061333333333334,20.484,20.228395077777776,20.82177777777778,5.620547,5.256612,5.173385,5.2860384,5.8961673,0,0.0,0,1.0,-0.57,11.9,88.1
2022-10-30 15:30:00,108.284279572222,43.3307667,43.341044072222005,20.707407386666667,20.484,32.75,1,5.1764362714980825,70.66250196097344,15,6,10,-0.7071067811865471,-0.7071067811865479,-0.7818314824680299,0.6234898018587334,-0.8660254037844386,0.5000000000000001,409.0,453.25,515.0208333333334,4.8,13.3,98.0,42.5,4.1,6.146191,0.0,17.0,20.87222219,31.65,30.15,29.85,30.5,32.1,-0.2234073866666683,0.2351851766666683,-0.6033333333333353,21.087333333333333,20.232666666666667,20.445679006666666,20.87755555555556,5.8961673,5.620547,5.256612,5.173385,5.834843,0,0.0,0,1.0,-0.51,10.5,89.5
2022-10-30 15:45:00,1109.398122366664,18.201771866668,18.210104883334,20.87222219,20.232666666666667,32.1,1,5.1764362714980825,70.66250196097344,15,6,10,-0.7071067811865471,-0.7071067811865479,-0.7818314824680299,0.6234898018587334,-0.8660254037844386,0.5000000000000001,377.5,424.75,500.5833333333333,4.8,13.3,97.5,44.25,4.6,6.341939,0.0,16.85,20.831481476666667,32.75,31.65,30.15,29.85,31.716666666666665,-0.6395555233333319,0.1648148033333321,-0.2513333333333314,20.484,19.77,20.683950595555554,20.601333333333333,5.834843,5.8961673,5.620547,5.256612,5.7515173,0,0.0,0,1.0,-0.48,9.8,90.2
2022-10-30 16:00:00,825.5644761,47.227555272222,47.241165877776,20.831481476666667,19.77,31.716666666666665,1,5.1764362714980825,70.66250196097344,16,6,10,-0.8660254037844385,-0.5000000000000004,-0.7818314824680299,0.6234898018587334,-0.8660254037844386,0.5000000000000001,346.0,393.25,482.75,4.8,13.3,97.0,46.0,5.1,6.5336185,0.0,16.7,20.63333332,32.1,32.75,31.65,30.15,32.75,-1.0614814766666676,-0.0407407133333315,-0.4626666666666672,20.232666666666667,20.152,20.803703684444443,20.162222222222223,5.7515173,5.834843,5.8961673,5.620547,5.8707795,0,0.0,0,1.0,-0.49,10.0,90.0
2022-10-30 16:15:00,92.69490313889,54.654480366668,54.667813183334,20.63333332,20.152,32.75,1,5.1764362714980825,70.66250196097344,16,6,10,-0.8660254037844385,-0.5000000000000004,-0.7818314824680299,0.6234898018587334,-0.8660254037844386,0.5000000000000001,307.5,360.0,461.9166666666667,5.425,13.3,94.75,48.5,5.275,6.6541877,0.0,16.125,20.48703702,31.716666666666665,32.1,32.75,31.65,33.1,-0.4813333200000045,-0.1981481566666652,0.3819999999999979,19.77,19.926666666666662,20.779012328888893,20.05155555555556,5.8707795,5.7515173,5.834843,5.8961673,5.8831277,0,0.0,0,1.0,-0.53,10.9,89.1
2022-10-30 16:30:00,62.512499433332,13.515848227778,13.524459,20.48703702,19.926666666666662,33.1,1,5.1764362714980825,70.66250196097344,16,6,10,-0.8660254037844385,-0.5000000000000004,-0.7818314824680299,0.6234898018587334,-0.8660254037844386,0.5000000000000001,269.0,325.0,438.0833333333333,6.05,13.3,92.5,51.0,5.449999999999999,6.7579045,0.0,15.55,20.32777778,32.75,31.716666666666665,32.1,32.75,33.2,-0.5603703533333331,-0.146296300000003,-0.2253333333333316,20.152,19.69,20.650617272222224,19.949555555555552,5.8831277,5.8707795,5.7515173,5.834843,5.8462996,0,0.0,0,1.0,-0.56,11.6,88.4
2022-10-30 16:45:00,109.486175861114,46.897568472222,46.908679127778,20.32777778,19.69,33.2,1,5.1764362714980825,70.66250196097344,16,6,10,-0.8660254037844385,-0.5000000000000004,-0.7818314824680299,0.6234898018587334,-0.8660254037844386,0.5000000000000001,230.5,288.25,411.25,6.675,13.3,90.25,53.5,5.625,6.845651,0.0,14.975,20.23703706333333,33.1,32.75,31.716666666666665,32.1,33.5,-0.6377777800000004,-0.1592592399999972,-0.2366666666666645,19.926666666666662,19.358,20.48271604,19.922888888888888,5.8462996,5.8831277,5.8707795,5.7515173,5.8679357,0,0.0,0,1.0,-0.6,12.5,87.5
2022-10-30 17:00:00,71.077434572222,25.715360244444,25.72619316111,20.23703706333333,19.358,33.5,1,5.1764362714980825,70.66250196097344,17,6,10,-0.9659258262890684,-0.2588190451025206,-0.7818314824680299,0.6234898018587334,-0.8660254037844386,0.5000000000000001,192.0,249.75,381.4166666666667,7.3,13.3,88.0,56.0,5.8,6.9182844,0.0,14.4,20.13333334,33.2,33.1,32.75,31.716666666666665,33.85,-0.8790370633333318,-0.0907407166666693,-0.3320000000000007,19.69,19.037333333333333,20.350617287777776,19.65822222222222,5.8679357,5.8462996,5.8831277,5.8707795,5.8933964,0,0.0,0,1.0,-0.62,13.0,87.0
2022-10-30 17:15:00,95.73811457223,54.153667083334,54.16561103889,20.13333334,19.037333333333333,33.85,1,5.1764362714980825,70.66250196097344,17,6,10,-0.9659258262890684,-0.2588190451025206,-0.7818314824680299,0.6234898018587334,-0.8660254037844386,0.5000000000000001,155.75,211.8125,350.1875,7.55,13.225,91.0,56.25,5.15,6.6364365,0.0,13.65,20.16296299333333,33.5,33.2,33.1,32.75,34.0,-1.0960000066666673,-0.1037037233333322,-0.3206666666666677,19.358,18.712,20.23271606111111,19.361777777777775,5.8933964,5.8679357,5.8462996,5.8831277,5.9297795,0,0.0,0,1.0,-0.64,13.5,86.5
2022-10-30 17:30:00,103.204482722224,54.977245272222,54.989189227778,20.16296299333333,18.712,34.0,1,5.1764362714980825,70.66250196097344,17,6,10,-0.9659258262890684,-0.2588190451025206,-0.7818314824680299,0.6234898018587334,-0.8660254037844386,0.5000000000000001,119.5,174.4375,317.5625,7.800000000000001,13.15,94.0,56.5,4.5,6.3641777,0.0,12.9,20.1666667,33.85,33.5,33.2,33.1,33.65,-1.4509629933333343,0.029629653333334,-0.325333333333333,19.037333333333333,18.226666666666667,20.177777798888886,19.035777777777778,5.9297795,5.8933964,5.8679357,5.8462996,5.87001,0,0.0,0,1.0,-0.63,13.4,86.6
2022-10-30 17:45:00,102.284519505558,55.644440783334,55.6602735,20.1666667,18.226666666666667,33.65,1,5.1764362714980825,70.66250196097344,17,6,10,-0.9659258262890684,-0.2588190451025206,-0.7818314824680299,0.6234898018587334,-0.8660254037844386,0.5000000000000001,83.25,137.625,283.5416666666667,8.05,13.075,97.0,56.75,3.85,6.101258,0.0,12.15,20.1666667,34.0,33.85,33.5,33.2,33.31666666666667,-1.9400000333333336,0.0037037066666663,-0.4853333333333332,18.712,17.817999999999998,20.15432101111111,18.658666666666665,5.87001,5.9297795,5.8933964,5.8679357,5.8118615,0,0.0,0,1.0,-0.63,13.4,86.6
2022-10-30 18:00:00,137.851430172222,56.404410416666,56.435520305554,20.1666667,17.817999999999998,33.31666666666667,1,5.1764362714980825,70.66250196097344,18,6,10,-1.0,-1.8369701987210294e-16,-0.7818314824680299,0.6234898018587334,-0.8660254037844386,0.5000000000000001,47.0,101.375,248.125,8.3,13.0,100.0,57.0,3.2,5.8474336,0.0,11.4,20.20555555,33.65,34.0,33.85,33.5,32.95,-2.3486667000000025,0.0,-0.4086666666666687,18.226666666666667,17.60533333333333,20.16543213111111,18.25222222222222,5.8118615,5.87001,5.9297795,5.8933964,5.760984,0,0.0,0,1.0,-0.63,13.5,86.5
2022-10-30 18:15:00,142.815953933328,57.496311188888,57.526587827774,20.20555555,17.60533333333333,32.95,1,5.1764362714980825,70.66250196097344,18,6,10,-1.0,-1.8369701987210294e-16,-0.7818314824680299,0.6234898018587334,-0.8660254037844386,0.5000000000000001,35.25,71.25,214.35416666666663,8.825000000000001,13.975,100.0,56.0,2.5500000000000003,5.584717,0.0,10.95,20.2222222,33.31666666666667,33.65,34.0,33.85,32.166666666666664,-2.600222216666669,0.0388888499999993,-0.2126666666666672,17.817999999999998,17.352666666666668,20.17962965,17.88333333333333,5.760984,5.8118615,5.87001,5.9297795,5.6295075,0,0.0,0,1.0,-0.63,13.3,86.7
2022-10-30 18:30:00,75.814467316666,14.7219111,14.748021205554,20.2222222,17.352666666666668,32.166666666666664,1,5.1764362714980825,70.66250196097344,18,6,10,-1.0,-1.8369701987210294e-16,-0.7818314824680299,0.6234898018587334,-0.8660254037844386,0.5000000000000001,23.5,47.25,182.22916666666663,9.35,14.95,100.0,55.0,1.9,5.3315535,0.0,10.5,20.10000002,32.95,33.31666666666667,33.65,34.0,31.55,-2.869555533333333,0.0166666500000012,-0.2526666666666628,17.60533333333333,16.982,20.19814815,17.592,5.6295075,5.760984,5.8118615,5.87001,5.482257,0,0.0,0,1.0,-0.63,13.3,86.7
2022-10-30 18:45:00,105.882153494442,53.650353916666,53.673686366664,20.10000002,16.982,31.55,1,5.1764362714980825,70.66250196097344,18,6,10,-1.0,-1.8369701987210294e-16,-0.7818314824680299,0.6234898018587334,-0.8660254037844386,0.5000000000000001,11.75,29.375,151.75,9.875,15.925,100.0,54.0,1.25,5.087654,0.0,10.05,20.024074093333336,32.166666666666664,32.95,33.31666666666667,33.65,31.78333333333333,-3.11800002,-0.1222221800000014,-0.3706666666666685,17.352666666666668,16.43,20.17592592333333,17.313333333333333,5.482257,5.6295075,5.760984,5.8118615,5.498314,0,0.0,0,1.0,-0.66,14.1,85.9
2022-10-30 19:00:00,119.521052183338,54.692256655556,54.710589305554,20.024074093333336,16.43,31.78333333333333,1,5.1764362714980825,70.66250196097344,19,6,10,-0.9659258262890684,0.2588190451025203,-0.7818314824680299,0.6234898018587334,-0.8660254037844386,0.5000000000000001,0.0,17.625,122.91666666666669,10.4,16.9,100.0,53.0,0.6,4.8527417,0.0,9.6,20.0555556,31.55,32.166666666666664,32.95,33.31666666666667,31.15,-3.5940740933333366,-0.0759259266666632,-0.5519999999999996,16.982,16.130666666666666,20.115432104444448,16.921555555555557,5.498314,5.482257,5.6295075,5.760984,5.3986907,0,0.0,0,1.0,-0.67,14.6,85.4
2022-10-30 19:15:00,508.441606072218,55.69166116111,55.711660394442,20.0555556,16.130666666666666,31.15,1,5.1764362714980825,70.66250196097344,19,6,10,-0.9659258262890684,0.2588190451025203,-0.7818314824680299,0.6234898018587334,-0.8660254037844386,0.5000000000000001,0.0,8.8125,97.29166666666669,10.675,16.825,97.0,50.0,-0.05,4.6587796,0.0,9.875,20.07592595,31.78333333333333,31.55,32.166666666666664,32.95,30.816666666666663,-3.924888933333335,0.0314815066666653,-0.2993333333333332,16.43,15.677333333333332,20.05987657111111,16.514222222222223,5.3986907,5.498314,5.482257,5.6295075,5.347292,0,0.0,0,1.0,-0.67,14.5,85.5
2022-10-30 19:30:00,111.91496772222,56.476629727778,56.494684605554,20.07592595,15.677333333333332,30.816666666666663,1,5.1764362714980825,70.66250196097344,19,6,10,-0.9659258262890684,0.2588190451025203,-0.7818314824680299,0.6234898018587334,-0.8660254037844386,0.5000000000000001,0.0,2.9375,74.875,10.95,16.75,94.0,47.0,-0.7000000000000001,4.456295,0.0,10.15,20.1111111,31.15,31.78333333333333,31.55,32.166666666666664,30.45,-4.398592616666669,0.0203703500000003,-0.4533333333333331,16.130666666666666,14.734,20.05185188111112,16.079333333333334,5.347292,5.3986907,5.498314,5.482257,5.2945576,0,0.0,0,1.0,-0.67,14.4,85.6
2022-10-30 19:45:00,116.91837849445,58.033511866668,58.052677849998,20.1111111,14.734,30.45,1,5.1764362714980825,70.66250196097344,19,6,10,-0.9659258262890684,0.2588190451025203,-0.7818314824680299,0.6234898018587334,-0.8660254037844386,0.5000000000000001,0.0,0.0,55.66666666666666,11.225,16.675,91.0,44.0,-1.35,4.245078,0.0,10.425,20.1111111,30.816666666666663,31.15,31.78333333333333,31.55,30.03333333333333,-5.377111099999999,0.0351851499999966,-0.9433333333333334,15.677333333333332,14.281333333333333,20.080864216666665,15.514,5.2945576,5.347292,5.3986907,5.498314,5.2221084,0,0.0,0,1.0,-0.66,14.2,85.8
2022-10-30 20:00:00,106.377966944444,58.357387844444,58.37627602222,20.1111111,14.281333333333333,30.03333333333333,1,5.1764362714980825,70.66250196097344,20,6,10,-0.8660254037844386,0.5000000000000001,-0.7818314824680299,0.6234898018587334,-0.8660254037844386,0.5000000000000001,0.0,0.0,39.66666666666666,11.5,16.6,88.0,41.0,-2.0,4.024917,0.0,10.7,20.15000002,30.45,30.816666666666663,31.15,31.78333333333333,30.0,-5.829777766666666,0.0,-0.4526666666666674,14.734,13.98,20.099382716666668,14.897555555555556,5.2221084,5.2945576,5.347292,5.3986907,5.2281938,0,0.0,0,1.0,-0.66,14.3,85.7
2022-10-30 20:15:00,109.32034934444,58.337666366668,58.356276772222,20.15000002,13.98,30.0,1,5.1764362714980825,70.66250196097344,20,6,10,-0.8660254037844386,0.5000000000000001,-0.7818314824680299,0.6234898018587334,-0.8660254037844386,0.5000000000000001,0.0,0.0,26.6875,11.9,18.025,86.75,41.5,-1.725,4.1062274,0.0,10.825,20.14629631333333,30.03333333333333,30.45,30.816666666666663,31.15,29.633333333333333,-6.170000020000002,0.0388889200000015,-0.3013333333333339,14.281333333333333,14.207333333333334,20.124074073333333,14.33177777777778,5.2281938,5.2221084,5.2945576,5.347292,5.163174,0,0.0,0,1.0,-0.66,14.1,85.9
2022-10-30 20:30:00,150.211769105554,57.616306372222,57.633527949998,20.14629631333333,14.207333333333334,29.633333333333333,1,5.1764362714980825,70.66250196097344,20,6,10,-0.8660254037844386,0.5000000000000001,-0.7818314824680299,0.6234898018587334,-0.8660254037844386,0.5000000000000001,0.0,0.0,16.729166666666668,12.3,19.450000000000003,85.5,42.0,-1.45,4.1885376,0.0,10.95,20.1111111,30.0,30.03333333333333,30.45,30.816666666666663,29.35,-5.93896298,-0.0037037066666663,0.2273333333333358,13.98,14.098,20.135802477777776,14.15622222222222,5.163174,5.2281938,5.2221084,5.2945576,5.103293,0,0.0,0,1.0,-0.66,14.2,85.8
2022-10-30 20:45:00,81.489518072222,0.0,0.0,20.1111111,14.098,29.35,0,5.1764362714980825,70.66250196097344,20,6,10,-0.8660254037844386,0.5000000000000001,-0.7818314824680299,0.6234898018587334,-0.8660254037844386,0.5000000000000001,0.0,0.0,9.791666666666666,12.7,20.875,84.25,42.5,-1.1749999999999998,4.27186,0.0,11.075,20.049999976666665,29.633333333333333,30.0,30.03333333333333,30.45,29.5,-6.013111099999998,-0.0351852133333352,-0.1093333333333337,14.207333333333334,14.082,20.135802477777776,14.09511111111111,5.103293,5.163174,5.2281938,5.2221084,5.111063,1,1.0,1,0.75,-0.67,14.4,85.6
2022-10-30 21:00:00,107.401537050002,26.476996427778,26.506439733332,20.049999976666665,14.082,29.5,1,5.1764362714980825,70.66250196097344,21,6,10,-0.7071067811865477,0.7071067811865474,-0.7818314824680299,0.6234898018587334,-0.8660254037844386,0.5000000000000001,0.0,0.0,5.875,13.1,22.3,83.0,43.0,-0.9,4.3562,0.0,11.2,19.94999996,29.35,29.633333333333333,30.0,30.03333333333333,29.85,-5.9679999766666665,-0.0611111233333332,-0.0160000000000017,14.098,14.177333333333332,20.10246913,14.12911111111111,5.111063,5.103293,5.163174,5.2281938,5.141507,0,1.0,1,0.75,-0.68,14.8,85.2
2022-10-30 21:15:00,134.665724338886,54.32171596111,54.351714827774,19.94999996,14.177333333333332,29.85,1,5.1764362714980825,70.66250196097344,21,6,10,-0.7071067811865477,0.7071067811865474,-0.7818314824680299,0.6234898018587334,-0.8660254037844386,0.5000000000000001,0.0,0.0,2.9375,13.2,22.3,87.25,44.75,-0.45,4.5192704,0.0,11.15,20.01666668,29.5,29.35,29.633333333333333,30.0,30.0,-5.772666626666666,-0.1000000166666659,0.0953333333333343,14.082,14.04,20.03703701222222,14.11911111111111,5.141507,5.111063,5.103293,5.163174,5.1875587,0,1.0,0,0.75,-0.7,15.4,84.6
2022-10-30 21:30:00,126.06579058333,55.363063155556,55.392784216666,20.01666668,14.04,30.0,1,5.1764362714980825,70.66250196097344,21,6,10,-0.7071067811865477,0.7071067811865474,-0.7818314824680299,0.6234898018587334,-0.8660254037844386,0.5000000000000001,0.0,0.0,0.9791666666666666,13.3,22.3,91.5,46.5,0.0,4.681268,0.0,11.1,20.06111115,29.85,29.5,29.35,29.633333333333333,30.05,-5.976666680000001,0.0666667200000006,-0.1373333333333342,14.177333333333332,14.193333333333332,20.00555553888889,14.09977777777778,5.1875587,5.141507,5.111063,5.103293,5.2097406,0,1.0,0,0.75,-0.69,14.9,85.1
2022-10-30 21:45:00,123.622832822216,55.974983144444,56.004704238886,20.06111115,14.193333333333332,30.05,1,5.1764362714980825,70.66250196097344,21,6,10,-0.7071067811865477,0.7071067811865474,-0.7818314824680299,0.6234898018587334,-0.8660254037844386,0.5000000000000001,0.0,0.0,0.0,13.4,22.3,95.75,48.25,0.4499999999999998,4.8421993,0.0,11.05,20.08703705,30.0,29.85,29.5,29.35,30.28333333333333,-5.867777816666665,0.0444444699999984,0.1533333333333342,14.04,14.250666666666666,20.00925926333333,14.136888888888889,5.2097406,5.1875587,5.141507,5.111063,5.258166,0,0.0,0,1.0,-0.68,14.6,85.4
2022-10-30 22:00:00,91.397455155552,0.0,0.0,20.08703705,14.250666666666666,30.28333333333333,0,5.1764362714980825,70.66250196097344,22,6,10,-0.5000000000000004,0.8660254037844384,-0.7818314824680299,0.6234898018587334,-0.8660254037844386,0.5000000000000001,0.0,0.0,0.0,13.5,22.3,100.0,50.0,0.9,5.0020676,0.0,11.0,20.01666668,30.05,30.0,29.85,29.5,30.4,-5.836370383333334,0.0259259000000007,0.0573333333333323,14.193333333333332,14.489333333333333,20.054938293333333,14.161333333333332,5.258166,5.2097406,5.1875587,5.141507,5.256726,1,1.0,1,0.75,-0.67,14.4,85.6
2022-10-30 22:15:00,142.214311299996,53.221759944444,53.25286988333,20.01666668,14.489333333333333,30.4,1,5.1764362714980825,70.66250196097344,22,6,10,-0.5000000000000004,0.8660254037844384,-0.7818314824680299,0.6234898018587334,-0.8660254037844386,0.5000000000000001,0.0,0.0,0.0,13.475,23.2,100.0,51.25,1.175,5.1029778,0.0,10.925,20.0,30.28333333333333,30.05,30.0,29.85,30.966666666666665,-5.527333346666667,-0.0703703699999991,0.238666666666667,14.250666666666666,14.566666666666666,20.054938293333333,14.31111111111111,5.256726,5.258166,5.2097406,5.1875587,5.3494887,0,1.0,1,0.75,-0.68,14.8,85.2
2022-10-30 22:30:00,88.287857211112,0.0,0.0,20.0,14.566666666666666,30.966666666666665,0,5.1764362714980825,70.66250196097344,22,6,10,-0.5000000000000004,0.8660254037844384,-0.7818314824680299,0.6234898018587334,-0.8660254037844386,0.5000000000000001,0.0,0.0,0.0,13.45,24.1,100.0,52.5,1.4500000000000002,5.202812,0.0,10.85,19.966666640000003,30.4,30.28333333333333,30.05,30.0,31.35,-5.433333333333334,-0.0166666800000001,0.0773333333333337,14.489333333333333,14.472,20.03456791,14.435555555555554,5.3494887,5.256726,5.258166,5.2097406,5.405148,1,2.0,1,0.5,-0.68,14.9,85.1
2022-10-30 22:45:00,131.321969211108,55.638052155556,55.668606566664,19.966666640000003,14.472,31.35,1,5.1764362714980825,70.66250196097344,22,6,10,-0.5000000000000004,0.8660254037844384,-0.7818314824680299,0.6234898018587334,-0.8660254037844386,0.5000000000000001,0.0,0.0,0.0,13.425,25.0,100.0,53.75,1.725,5.3015766,0.0,10.775,19.997619045714284,30.966666666666665,30.4,30.28333333333333,30.05,31.5,-5.494666640000004,-0.0333333599999967,-0.0946666666666669,14.566666666666666,14.33,19.99444444,14.509333333333332,5.405148,5.3494887,5.256726,5.258166,5.440865,0,2.0,1,0.5,-0.69,15.0,85.0
2022-10-30 23:00:00,78.050489038886,0.0,0.0,19.997619045714284,14.33,31.5,0,5.1764362714980825,70.66250196097344,23,6,10,-0.2588190451025215,0.965925826289068,-0.7818314824680299,0.6234898018587334,-0.8660254037844386,0.5000000000000001,0.0,0.0,0.0,13.4,25.9,100.0,55.0,2.0,5.3992796,0.0,10.7,19.92936508642857,31.35,30.966666666666665,30.4,30.28333333333333,31.87142857142857,-5.667619045714284,0.0309524057142809,-0.1419999999999994,14.472,14.292142857142858,19.988095228571428,14.45622222222222,5.440865,5.405148,5.3494887,5.256726,5.483055,1,2.0,1,0.5,-0.68,14.8,85.2
2022-10-30 23:15:00,138.413352277772,49.053871116666,49.098869316666,19.92936508642857,14.292142857142858,31.87142857142857,1,5.1764362714980825,70.66250196097344,23,6,10,-0.2588190451025215,0.965925826289068,-0.7818314824680299,0.6234898018587334,-0.8660254037844386,0.5000000000000001,0.0,0.0,0.0,13.4,25.9,100.0,56.0,2.175,5.462875,0.0,10.6,19.972222206666668,31.5,31.35,30.966666666666665,30.4,32.18333333333333,-5.6372222292857135,-0.0682539592857125,-0.0378571428571419,14.33,14.077333333333334,19.964550257380957,14.364714285714284,5.483055,5.440865,5.405148,5.3494887,5.5506306,0,2.0,1,0.5,-0.7,15.2,84.8
2022-10-30 23:30:00,158.600044561114,29.306883244444,29.362992133332,19.972222206666668,14.077333333333334,32.18333333333333,1,5.1764362714980825,70.66250196097344,23,6,10,-0.2588190451025215,0.965925826289068,-0.7818314824680299,0.6234898018587334,-0.8660254037844386,0.5000000000000001,0.0,0.0,0.0,13.4,25.9,100.0,57.0,2.35,5.525428,0.0,10.5,19.9444444,31.87142857142857,31.5,31.35,30.966666666666665,32.55,-5.8948888733333344,0.0428571202380965,-0.2148095238095244,14.292142857142858,13.792666666666666,19.966402112936507,14.23315873015873,5.5506306,5.483055,5.440865,5.405148,5.6047425,0,1.0,0,0.75,-0.68,14.8,85.2
2022-10-30 23:45:00,161.55798183889,32.123437211112,32.178157305554,19.9444444,13.792666666666666,32.55,1,5.1764362714980825,70.66250196097344,23,6,10,-0.2588190451025215,0.965925826289068,-0.7818314824680299,0.6234898018587334,-0.8660254037844386,0.5000000000000001,0.0,0.0,0.0,13.4,25.9,100.0,58.0,2.5250000000000004,5.5869484,0.0,10.4,19.92407405,32.18333333333333,31.87142857142857,31.5,31.35,33.15,-6.151777733333333,-0.0277778066666698,-0.2846666666666682,14.077333333333334,13.615333333333332,19.948677231031745,14.05404761904762,5.6047425,5.5506306,5.483055,5.440865,5.7012486,0,1.0,0,0.75,-0.69,15.0,85.0
2022-10-31 00:00:00,154.793530294442,34.185299233332,34.24807452222,19.92407405,13.615333333333332,33.15,1,5.1764362714980825,70.66250196097344,0,0,10,0.0,1.0,0.0,1.0,-0.8660254037844386,0.5000000000000001,0.0,0.0,0.0,13.4,25.9,100.0,59.0,2.7,5.647446,0.0,10.3,19.89444445,32.55,32.18333333333333,31.87142857142857,31.5,33.55,-6.308740716666666,-0.0203703500000003,-0.1773333333333333,13.792666666666666,13.59,19.946913552222224,13.828444444444443,5.7012486,5.6047425,5.5506306,5.483055,5.760032,0,0.0,0,1.0,-0.69,15.0,85.0
2022-10-31 00:15:00,175.354652316662,47.849474844444,47.917527705554,19.89444445,13.59,33.55,1,5.1764362714980825,70.66250196097344,0,0,10,0.0,1.0,0.0,1.0,-0.8660254037844386,0.5000000000000001,0.0,0.0,0.0,13.7,26.625,100.0,59.25,2.8000000000000003,5.680353,0.0,10.325,19.9407407,33.15,32.55,32.18333333333333,31.87142857142857,33.96666666666667,-6.304444449999998,-0.0296295999999998,-0.0253333333333323,13.615333333333332,13.583333333333334,19.92098763333333,13.666,5.760032,5.7012486,5.6047425,5.5506306,5.847409,0,0.0,0,1.0,-0.69,15.2,84.8
2022-10-31 00:30:00,148.866267377776,19.05034903889,19.117013072222,19.9407407,13.583333333333334,33.96666666666667,1,5.1764362714980825,70.66250196097344,0,0,10,0.0,1.0,0.0,1.0,-0.8660254037844386,0.5000000000000001,0.0,0.0,0.0,14.0,27.35,100.0,59.5,2.9000000000000004,5.7133484,0.0,10.35,19.911111100000003,33.55,33.15,32.55,32.18333333333333,34.35,-6.357407366666665,0.046296250000001,-0.0066666666666659,13.59,13.59,19.919753066666665,13.596222222222224,5.847409,5.760032,5.7012486,5.6047425,5.903143,0,0.0,0,1.0,-0.68,14.8,85.2
2022-10-31 00:45:00,178.555635388884,54.283106388888,54.351437005554,19.911111100000003,13.59,34.35,1,5.1764362714980825,70.66250196097344,0,0,10,0.0,1.0,0.0,1.0,-0.8660254037844386,0.5000000000000001,0.0,0.0,0.0,14.3,28.075,100.0,59.75,3.0,5.746431,0.0,10.375,19.963888864285718,33.96666666666667,33.55,33.15,32.55,34.69642857142857,-6.321111100000003,-0.0296295999999962,0.0066666666666659,13.583333333333334,13.487857142857145,19.91543208333333,13.58777777777778,5.903143,5.847409,5.760032,5.7012486,5.981142,0,0.0,0,1.0,-0.69,14.9,85.1
2022-10-31 01:00:00,435.806455927778,21.175264088888,21.217762405554,19.963888864285718,13.487857142857145,34.69642857142857,1,5.1764362714980825,70.66250196097344,1,0,10,0.2588190451025207,0.9659258262890684,0.0,1.0,-0.8660254037844386,0.5000000000000001,0.0,0.0,0.0,14.6,28.8,100.0,60.0,3.1,5.779602,0.0,10.4,19.955128180769236,34.35,33.96666666666667,33.55,33.15,35.34615384615385,-6.476031721428571,0.052777764285711,-0.1021428571428568,13.59,13.26846153846154,19.93858022142857,13.55373015873016,5.981142,5.903143,5.847409,5.760032,6.090019,0,0.0,0,1.0,-0.67,14.5,85.5
2022-10-31 01:15:00,84.641336444444,28.100820355556,28.106931244444,19.955128180769236,13.26846153846154,35.34615384615385,1,5.1764362714980825,70.66250196097344,1,0,10,0.2588190451025207,0.9659258262890684,0.0,1.0,-0.8660254037844386,0.5000000000000001,0.0,0.0,0.0,14.7,29.15,83.5,60.25,3.125,5.7945185,0.0,10.375,19.91296295,34.69642857142857,34.35,33.96666666666667,33.55,35.68333333333333,-6.686666642307694,-0.0087606835164812,-0.2193956043956042,13.487857142857145,13.110666666666669,19.94337604835165,13.448772893772892,6.090019,5.981142,5.903143,5.847409,6.132946,0,0.0,0,1.0,-0.67,14.5,85.5
2022-10-31 01:30:00,90.247501155552,48.007246316666,48.016134811112,19.91296295,13.110666666666669,35.68333333333333,1,5.1764362714980825,70.66250196097344,1,0,10,0.2588190451025207,0.9659258262890684,0.0,1.0,-0.8660254037844386,0.5000000000000001,0.0,0.0,0.0,14.8,29.5,67.0,60.5,3.1500000000000004,5.8093715,0.0,10.35,19.97777776,35.34615384615385,34.69642857142857,34.35,33.96666666666667,36.0,-6.802296283333334,-0.0421652307692319,-0.1577948717948718,13.26846153846154,12.898666666666664,19.943993331684982,13.288995115995116,6.132946,6.090019,5.981142,5.903143,6.2109084,0,0.0,0,1.0,-0.68,14.7,85.3
2022-10-31 01:45:00,62.128625938886,20.596676116666,20.603064794442,19.97777776,12.898666666666664,36.0,1,5.1764362714980825,70.66250196097344,1,0,10,0.2588190451025207,0.9659258262890684,0.0,1.0,-0.8660254037844386,0.5000000000000001,0.0,0.0,0.0,14.9,29.85,50.5,60.75,3.1750000000000003,5.8241596,0.0,10.325,19.948148106666665,35.68333333333333,35.34615384615385,34.69642857142857,34.35,36.18333333333333,-7.079111093333333,0.0648148099999978,-0.2120000000000015,13.110666666666669,12.686,19.94862296358974,13.09259829059829,6.2109084,6.132946,6.090019,5.981142,6.2317142,0,0.0,0,1.0,-0.66,14.2,85.8
2022-10-31 02:00:00,101.9167565,54.321160383334,54.33116,19.948148106666665,12.686,36.18333333333333,1,5.1764362714980825,70.66250196097344,2,0,10,0.4999999999999999,0.8660254037844387,0.0,1.0,-0.8660254037844386,0.5000000000000001,0.0,0.0,0.0,15.0,30.2,34.0,61.0,3.2,5.8388853,0.0,10.3,19.98888888,36.0,35.68333333333333,35.34615384615385,34.69642857142857,36.5,-7.262148106666665,-0.029629653333334,-0.2126666666666654,12.898666666666664,12.586666666666668,19.946296272222224,12.898444444444443,6.2317142,6.2109084,6.132946,6.090019,6.3012714,0,0.0,0,1.0,-0.67,14.4,85.6
2022-10-31 02:15:00,81.623123811112,35.631352488888,35.639963277776,19.98888888,12.586666666666668,36.5,1,5.1764362714980825,70.66250196097344,2,0,10,0.4999999999999999,0.8660254037844387,0.0,1.0,-0.8660254037844386,0.5000000000000001,0.0,0.0,0.0,14.825,30.2,48.5,62.5,3.225,5.879163,0.0,10.025,20.015555568000003,36.18333333333333,36.0,35.68333333333333,35.34615384615385,36.5,-7.40222221333333,0.0407407733333329,-0.0993333333333321,12.686,12.518,19.97160491555556,12.723777777777778,6.3012714,6.2317142,6.2109084,6.132946,6.3111186,0,0.0,0,1.0,-0.66,14.0,86.0
2022-10-31 02:30:00,52.966214716662,14.366647544444,14.37164736111,20.015555568000003,12.518,36.5,1,5.1764362714980825,70.66250196097344,2,0,10,0.4999999999999999,0.8660254037844387,0.0,1.0,-0.8660254037844386,0.5000000000000001,0.0,0.0,0.0,14.65,30.2,63.0,64.0,3.25,5.9160776,0.0,9.75,19.908547,36.5,36.18333333333333,36.0,35.68333333333333,36.88076923076923,-7.497555568000003,0.0266666880000059,-0.0686666666666671,12.586666666666668,12.43,19.98419751822222,12.59688888888889,6.3111186,6.3012714,6.2317142,6.2109084,6.3371105,0,0.0,0,1.0,-0.65,13.9,86.1
2022-10-31 02:45:00,103.005601794446,47.307274283334,47.314496211112,19.908547,12.43,36.88076923076923,1,5.1764362714980825,70.66250196097344,2,0,10,0.4999999999999999,0.8660254037844387,0.0,1.0,-0.8660254037844386,0.5000000000000001,0.0,0.0,0.0,14.475,30.2,77.5,65.5,3.275,5.9497213,0.0,9.475,19.981481473333336,36.5,36.5,36.18333333333333,36.0,37.0,-7.478546999999999,-0.1070085680000048,-0.0880000000000009,12.518,12.288666666666666,19.97099714933333,12.511555555555557,6.3371105,6.3111186,6.3012714,6.2317142,6.3848195,0,0.0,0,1.0,-0.67,14.5,85.5
2022-10-31 03:00:00,93.242936866664,52.632894566668,52.642060850002,19.981481473333336,12.288666666666666,37.0,1,5.1764362714980825,70.66250196097344,3,0,10,0.7071067811865476,0.7071067811865476,0.0,1.0,-0.8660254037844386,0.5000000000000001,0.0,0.0,0.0,14.3,30.2,92.0,67.0,3.3,5.980183,0.0,9.2,20.04444448,36.88076923076923,36.5,36.5,36.18333333333333,37.0,-7.69281480666667,0.072934473333337,-0.1413333333333337,12.43,12.127333333333333,19.968528013777775,12.41222222222222,6.3848195,6.3371105,6.3111186,6.3012714,6.4084024,0,0.0,0,1.0,-0.66,14.0,86.0
2022-10-31 03:15:00,48.286401750002,0.0,0.0,20.04444448,12.127333333333333,37.0,0,5.1764362714980825,70.66250196097344,3,0,10,0.7071067811865476,0.7071067811865476,0.0,1.0,-0.8660254037844386,0.5000000000000001,0.0,0.0,0.0,14.0,29.675,93.5,67.75,3.4,6.0182333,0.0,9.125,19.93148146333333,37.0,36.88076923076923,36.5,36.5,37.0,-7.917111146666667,0.0629630066666635,-0.1613333333333333,12.288666666666666,11.988,19.978157651111108,12.281999999999998,6.4084024,6.3848195,6.3371105,6.3111186,6.3661475,1,1.0,1,0.75,-0.64,13.6,86.4
2022-10-31 03:30:00,105.007744122216,55.673328527778,55.684161427778,19.93148146333333,11.988,37.0,1,5.1764362714980825,70.66250196097344,3,0,10,0.7071067811865476,0.7071067811865476,0.0,1.0,-0.8660254037844386,0.5000000000000001,0.0,0.0,0.0,13.7,29.15,95.0,68.5,3.5,6.055766,0.0,9.05,19.93333331,37.0,37.0,36.88076923076923,36.5,37.0,-7.943481463333335,-0.112963016666665,-0.1393333333333331,12.127333333333333,11.93,19.985802472222225,12.134666666666666,6.3661475,6.4084024,6.3848195,6.3371105,6.3668375,0,1.0,1,0.75,-0.67,14.3,85.7
2022-10-31 03:45:00,103.543080211116,55.315842844444,55.326953516666,19.93333331,11.93,37.0,1,5.1764362714980825,70.66250196097344,3,0,10,0.7071067811865476,0.7071067811865476,0.0,1.0,-0.8660254037844386,0.5000000000000001,0.0,0.0,0.0,13.4,28.625,96.5,69.25,3.6,6.092785,0.0,8.975,20.01666668,37.0,37.0,37.0,36.88076923076923,37.0,-8.003333310000002,0.0018518466666677,-0.0579999999999998,11.988,11.826,19.969753084444445,12.01511111111111,6.3668375,6.3661475,6.4084024,6.3848195,6.3979893,0,1.0,0,0.75,-0.67,14.3,85.7
2022-10-31 04:00:00,80.309843094442,29.066892811112,29.075781372222,20.01666668,11.826,37.0,1,5.1764362714980825,70.66250196097344,4,0,10,0.8660254037844386,0.5000000000000001,0.0,1.0,-0.8660254037844386,0.5000000000000001,0.0,0.0,0.0,13.1,28.1,98.0,70.0,3.7,6.129292,0.0,8.9,20.00555557,37.0,37.0,37.0,37.0,37.35,-8.190666680000001,0.0833333699999983,-0.1040000000000009,11.93,11.693333333333332,19.960493817777778,11.914666666666667,6.3979893,6.3668375,6.3661475,6.4084024,6.45431,0,1.0,0,0.75,-0.65,13.8,86.2
2022-10-31 04:15:00,80.589276150006,27.487511522224,27.496122327778,20.00555557,11.693333333333332,37.35,1,5.1764362714980825,70.66250196097344,4,0,10,0.8660254037844386,0.5000000000000001,0.0,1.0,-0.8660254037844386,0.5000000000000001,0.0,0.0,0.0,12.525,27.55,75.25,70.5,3.775,6.1533465,0.0,8.85,19.916666656666667,37.0,37.0,37.0,37.0,37.5,-8.312222236666669,-0.011111109999998,-0.1326666666666653,11.826,11.673333333333334,19.985185186666666,11.816444444444445,6.45431,6.3979893,6.3668375,6.3661475,6.4465785,0,0.0,0,1.0,-0.65,13.8,86.2
2022-10-31 04:30:00,89.80835193889,54.5961494,54.608648916666,19.916666656666667,11.673333333333334,37.5,1,5.1764362714980825,70.66250196097344,4,0,10,0.8660254037844386,0.5000000000000001,0.0,1.0,-0.8660254037844386,0.5000000000000001,0.0,0.0,0.0,11.95,27.0,52.5,71.0,3.85,6.1771793,0.0,8.8,19.98888888,37.35,37.0,37.0,37.0,37.5,-8.243333323333333,-0.088888913333335,-0.0199999999999995,11.693333333333332,11.612,19.979629635555558,11.73088888888889,6.4465785,6.45431,6.3979893,6.3668375,6.4739094,0,0.0,0,1.0,-0.67,14.4,85.6
2022-10-31 04:45:00,87.53427623889,52.343461727778,52.354294627778,19.98888888,11.612,37.5,1,5.1764362714980825,70.66250196097344,4,0,10,0.8660254037844386,0.5000000000000001,0.0,1.0,-0.8660254037844386,0.5000000000000001,0.0,0.0,0.0,11.375,26.45,29.75,71.5,3.925,6.2007885,0.0,8.75,20.03148150666667,37.5,37.35,37.0,37.0,37.5,-8.376888879999997,0.0722222233333305,-0.0613333333333336,11.673333333333334,11.532000000000002,19.97037036888889,11.659555555555556,6.4739094,6.4465785,6.45431,6.3979893,6.490073,0,0.0,0,1.0,-0.65,13.9,86.1
2022-10-31 05:00:00,60.42230526111,0.0,0.0,20.03148150666667,11.532000000000002,37.5,0,5.1764362714980825,70.66250196097344,5,0,10,0.9659258262890684,0.2588190451025207,0.0,1.0,-0.8660254037844386,0.5000000000000001,0.0,0.0,0.0,10.8,25.9,7.0,72.0,4.0,6.224175,0.0,8.7,19.92222223,37.5,37.5,37.35,37.0,37.55,-8.499481506666667,0.0425926266666714,-0.0799999999999983,11.612,11.371333333333332,19.97901234777778,11.60577777777778,6.490073,6.4739094,6.4465785,6.45431,6.4572754,1,1.0,1,0.75,-0.64,13.6,86.4
2022-10-31 05:15:00,107.714302288892,55.682494811112,55.694438783334,19.92222223,11.371333333333332,37.55,1,5.1764362714980825,70.66250196097344,5,0,10,0.9659258262890684,0.2588190451025207,0.0,1.0,-0.8660254037844386,0.5000000000000001,0.0,0.0,0.0,10.8,24.55,30.0,73.5,4.075,6.2728443,0.0,8.5,19.929629636666668,37.5,37.5,37.5,37.35,37.96666666666667,-8.550888896666667,-0.1092592766666697,-0.1606666666666694,11.532000000000002,11.316666666666666,19.98086420555556,11.50511111111111,6.4572754,6.490073,6.4739094,6.4465785,6.531761,0,1.0,1,0.75,-0.67,14.3,85.7
2022-10-31 05:30:00,102.737557049998,55.4344492,55.445282083334,19.929629636666668,11.316666666666666,37.96666666666667,1,5.1764362714980825,70.66250196097344,5,0,10,0.9659258262890684,0.2588190451025207,0.0,1.0,-0.8660254037844386,0.5000000000000001,0.0,0.0,0.0,10.8,23.2,53.0,75.0,4.15,6.31913,0.0,8.3,20.03333336,37.55,37.5,37.5,37.5,38.0,-8.612962970000002,0.0074074066666689,-0.0546666666666659,11.371333333333332,11.119333333333334,19.961111124444443,11.406666666666666,6.531761,6.4572754,6.490073,6.4739094,6.5773225,0,1.0,0,0.75,-0.66,14.2,85.8
2022-10-31 05:45:00,76.847759233336,30.022410172222,30.030743205554,20.03333336,11.119333333333334,38.0,1,5.1764362714980825,70.66250196097344,5,0,10,0.9659258262890684,0.2588190451025207,0.0,1.0,-0.8660254037844386,0.5000000000000001,0.0,0.0,0.0,10.8,21.85,76.0,76.5,4.225,6.3630753,0.0,8.1,19.96296297,37.96666666666667,37.55,37.5,37.5,38.0,-8.914000026666663,0.1037037233333286,-0.1973333333333329,11.316666666666666,10.992,19.961728408888888,11.26911111111111,6.5773225,6.531761,6.4572754,6.490073,6.5502734,0,1.0,0,0.75,-0.64,13.5,86.5
2022-10-31 06:00:00,70.0513645,33.676430672222,33.686152516666,19.96296297,10.992,38.0,1,5.1764362714980825,70.66250196097344,6,0,10,1.0,6.123233995736766e-17,0.0,1.0,-0.8660254037844386,0.5000000000000001,0.0,0.0,0.0,10.8,20.5,99.0,78.0,4.3,6.4047284,0.0,7.9,19.89444445,38.0,37.96666666666667,37.55,37.5,38.0,-8.97096297,-0.0703703899999972,-0.1273333333333344,11.119333333333334,10.930666666666667,19.975308655555555,11.142666666666663,6.5502734,6.5773225,6.531761,6.4572754,6.5240307,0,0.0,0,1.0,-0.65,14.0,86.0
2022-10-31 06:15:00,90.614708383342,54.7036451,54.715033511112,19.89444445,10.930666666666667,38.0,1,5.1764362714980825,70.66250196097344,6,0,10,1.0,6.123233995736766e-17,0.0,1.0,-0.8660254037844386,0.5000000000000001,0.0,0.0,0.0,10.975,20.225,96.0,79.0,4.4,6.445106,0.0,7.800000000000001,19.961111086666666,38.0,38.0,37.96666666666667,37.55,38.0,-8.963777783333331,-0.0685185200000013,-0.0613333333333319,10.992,10.766,19.96358026,11.014,6.5240307,6.5502734,6.5773225,6.531761,6.5495625,0,0.0,0,1.0,-0.67,14.4,85.6
2022-10-31 06:30:00,113.12186377778,55.014188211112,55.02418777778,19.961111086666666,10.766,38.0,1,5.1764362714980825,70.66250196097344,6,0,10,1.0,6.123233995736766e-17,0.0,1.0,-0.8660254037844386,0.5000000000000001,0.0,0.0,0.0,11.15,19.95,93.0,80.0,4.5,6.4846625,0.0,7.7,19.98888889,38.0,38.0,38.0,37.96666666666667,38.05,-9.195111086666666,0.0666666366666675,-0.1646666666666671,10.930666666666667,10.530666666666669,19.939506168888887,10.89622222222222,6.5495625,6.5240307,6.5502734,6.5773225,6.56886,0,0.0,0,1.0,-0.65,14.0,86.0
2022-10-31 06:45:00,57.306318838886,0.0,0.0,19.98888889,10.530666666666669,38.05,0,5.1764362714980825,70.66250196097344,6,0,10,1.0,6.123233995736766e-17,0.0,1.0,-0.8660254037844386,0.5000000000000001,0.0,0.0,0.0,11.325,19.675,90.0,81.0,4.6,6.523409,0.0,7.6,19.87592592,38.0,38.0,38.0,38.0,38.46666666666667,-9.458222223333332,0.0277778033333326,-0.2353333333333331,10.766,10.404666666666666,19.94814814222222,10.742444444444445,6.56886,6.5495625,6.5240307,6.5502734,6.596987,1,1.0,1,0.75,-0.65,13.8,86.2
2022-10-31 07:00:00,88.905610233336,50.621030594446,50.631585722224,19.87592592,10.404666666666666,38.46666666666667,1,5.1764362714980825,70.66250196097344,7,0,10,0.9659258262890684,-0.2588190451025206,0.0,1.0,-0.8660254037844386,0.5000000000000001,0.0,0.0,0.0,11.5,19.4,87.0,82.0,4.7,6.5613523,0.0,7.5,19.87222222,38.05,38.0,38.0,38.0,38.5,-9.471259253333336,-0.1129629699999981,-0.1260000000000012,10.530666666666669,10.33,19.941975298888888,10.567111111111112,6.596987,6.56886,6.5495625,6.5240307,6.6012692,0,1.0,1,0.75,-0.67,14.5,85.5
2022-10-31 07:15:00,99.308805288888,55.168348727778,55.180014927778,19.87222222,10.33,38.5,1,5.1764362714980825,70.66250196097344,7,0,10,0.9659258262890684,-0.2588190451025206,0.0,1.0,-0.8660254037844386,0.5000000000000001,0.75,0.1875,0.0625,12.15,20.225,90.25,82.0,4.725,6.582618,0.0,7.55,19.929629636666668,38.46666666666667,38.05,38.0,38.0,38.5,-9.54222222,-0.003703699999999,-0.0746666666666655,10.404666666666666,10.231333333333334,19.912345676666664,10.421777777777775,6.6012692,6.596987,6.56886,6.5495625,6.6235147,0,1.0,0,0.75,-0.67,14.5,85.5
2022-10-31 07:30:00,90.6447074,52.782610827778,52.794832572222,19.929629636666668,10.231333333333334,38.5,1,5.1764362714980825,70.66250196097344,7,0,10,0.9659258262890684,-0.2588190451025206,0.0,1.0,-0.8660254037844386,0.5000000000000001,1.5,0.5625,0.1875,12.8,21.05,93.5,82.0,4.75,6.6039443,0.0,7.6,19.98888889,38.5,38.46666666666667,38.05,38.0,38.5,-9.698296303333334,0.0574074166666669,-0.0986666666666664,10.33,10.052666666666664,19.892592592222226,10.322,6.6235147,6.6012692,6.596987,6.56886,6.646547,0,1.0,0,0.75,-0.66,14.1,85.9
2022-10-31 07:45:00,52.176801744444,13.593345144444,13.601955949998,19.98888889,10.052666666666664,38.5,1,5.1764362714980825,70.66250196097344,7,0,10,0.9659258262890684,-0.2588190451025206,0.0,1.0,-0.8660254037844386,0.5000000000000001,2.25,1.125,0.375,13.45,21.875,96.75,82.0,4.775,6.6253324,0.0,7.65,19.87592592,38.5,38.5,38.46666666666667,38.05,38.68333333333333,-9.936222223333331,0.0592592533333302,-0.1786666666666683,10.231333333333334,10.244666666666664,19.93024691555556,10.204666666666666,6.646547,6.6235147,6.6012692,6.596987,6.634145,0,0.0,0,1.0,-0.65,13.7,86.3
2022-10-31 08:00:00,114.996233233336,55.676661694446,55.688883422224,19.87592592,10.244666666666664,38.68333333333333,1,5.1764362714980825,70.66250196097344,8,0,10,0.8660254037844387,-0.4999999999999998,0.0,1.0,-0.8660254037844386,0.5000000000000001,3.0,1.875,0.625,14.1,22.7,100.0,82.0,4.8,6.6467795,0.0,7.7,19.87222222,38.5,38.5,38.5,38.46666666666667,39.0,-9.631259253333337,-0.1129629699999981,0.1920000000000001,10.052666666666664,10.634666666666668,19.931481482222225,10.176222222222222,6.634145,6.646547,6.6235147,6.6012692,6.6870003,0,0.0,0,1.0,-0.67,14.4,85.6
2022-10-31 08:15:00,433.885421622224,19.973367666668,19.982811788888,19.87222222,10.634666666666668,39.0,1,5.1764362714980825,70.66250196097344,8,0,10,0.8660254037844387,-0.4999999999999998,0.0,1.0,-0.8660254037844386,0.5000000000000001,20.0,6.6875,2.2916666666666665,13.5,23.675,99.75,80.75,5.0,6.727403,0.0,8.125,19.86851851333333,38.68333333333333,38.5,38.5,38.5,39.0,-9.237555553333332,-0.003703699999999,0.3900000000000023,10.244666666666664,11.074666666666667,19.912345676666664,10.310666666666666,6.6870003,6.634145,6.646547,6.6235147,6.6855474,0,0.0,0,1.0,-0.67,14.4,85.6
2022-10-31 08:30:00,90.543044650006,55.731937316666,55.743881272222,19.86851851333333,11.074666666666667,39.0,1,5.1764362714980825,70.66250196097344,8,0,10,0.8660254037844387,-0.4999999999999998,0.0,1.0,-0.8660254037844386,0.5000000000000001,37.0,15.5625,5.375,12.9,24.65,99.5,79.5,5.199999999999999,6.8067255,0.0,8.55,19.87777777,39.0,38.68333333333333,38.5,38.5,39.35,-8.793851846666668,-0.0037037066666663,0.4399999999999995,10.634666666666668,11.325333333333331,19.87222221777778,10.651333333333334,6.6855474,6.6870003,6.634145,6.646547,6.749209,0,0.0,0,1.0,-0.67,14.4,85.6
2022-10-31 08:45:00,82.96557009444601,39.331760016666,39.342592949998,19.87777777,11.325333333333331,39.35,1,5.1764362714980825,70.66250196097344,8,0,10,0.8660254037844387,-0.4999999999999998,0.0,1.0,-0.8660254037844386,0.5000000000000001,54.00000000000001,28.5,9.875,12.3,25.625,99.25,78.25,5.4,6.884627,0.0,8.975,19.92037035,39.0,39.0,38.68333333333333,38.5,39.5,-8.552444436666669,0.0092592566666667,0.2506666666666657,11.074666666666667,11.955333333333334,19.872839501111116,11.011555555555557,6.749209,6.6855474,6.6870003,6.634145,6.791868,0,0.0,0,1.0,-0.67,14.3,85.7
2022-10-31 09:00:00,63.994939983338,24.442633355556,24.4506886,19.92037035,11.955333333333334,39.5,1,5.1764362714980825,70.66250196097344,9,0,10,0.7071067811865476,-0.7071067811865475,0.0,1.0,-0.8660254037844386,0.5000000000000001,71.0,45.5,15.791666666666666,11.7,26.6,99.0,77.0,5.6,6.9609857,0.0,9.4,19.85555554,39.35,39.0,39.0,38.68333333333333,39.5,-7.965037016666665,0.0425925799999973,0.6300000000000008,11.325333333333331,12.676666666666668,19.888888877777777,11.451777777777778,6.791868,6.749209,6.6855474,6.6870003,6.7661176,0,0.0,0,1.0,-0.66,14.0,86.0
2022-10-31 09:15:00,91.083578711112,44.089069716666,44.100735933332,19.85555554,12.676666666666668,39.5,1,5.1764362714980825,70.66250196097344,9,0,10,0.7071067811865476,-0.7071067811865475,0.0,1.0,-0.8660254037844386,0.5000000000000001,87.25,62.3125,23.0625,10.6,25.525,99.0,76.25,5.824999999999999,7.059658,0.025,9.775,19.90555554333333,39.5,39.35,39.0,39.0,39.68333333333333,-7.178888873333333,-0.0648148099999978,0.7213333333333338,11.955333333333334,12.933333333333334,19.88456788666667,11.98577777777778,6.7661176,6.791868,6.749209,6.6855474,6.8174715,0,0.0,0,1.0,-0.67,14.5,85.5
2022-10-31 09:30:00,73.964263427782,14.71468913889,14.722466644444,19.90555554333333,12.933333333333334,39.68333333333333,1,5.1764362714980825,70.66250196097344,9,0,10,0.7071067811865476,-0.7071067811865475,0.0,1.0,-0.8660254037844386,0.5000000000000001,103.5,78.9375,31.6875,9.5,24.450000000000003,99.0,75.5,6.05,7.158517,0.05,10.15,19.95555552,39.5,39.5,39.35,39.0,40.0,-6.972222209999998,0.0500000033333307,0.2566666666666659,12.676666666666668,12.789333333333332,19.893827144444444,12.521777777777778,6.8174715,6.7661176,6.791868,6.749209,6.8920336,0,0.0,0,1.0,-0.66,14.1,85.9
2022-10-31 09:45:00,88.33285551110801,45.29791026111,45.309298705554,19.95555552,12.789333333333332,40.0,1,5.1764362714980825,70.66250196097344,9,0,10,0.7071067811865476,-0.7071067811865475,0.0,1.0,-0.8660254037844386,0.5000000000000001,119.75,95.375,41.66666666666666,8.4,23.375,99.0,74.75,6.275,7.2575164,0.075,10.525,20.12962966,39.68333333333333,39.5,39.5,39.35,39.81666666666667,-7.166222186666667,0.049999976666669,-0.1440000000000001,12.933333333333334,13.388,19.90555553444445,12.799777777777775,6.8920336,6.8174715,6.7661176,6.791868,6.9307103,0,0.0,0,1.0,-0.64,13.7,86.3
2022-10-31 10:00:00,44.787097427774,0.0,0.0,20.12962966,13.388,39.81666666666667,0,5.1764362714980825,70.66250196097344,10,0,10,0.4999999999999999,-0.8660254037844387,0.0,1.0,-0.8660254037844386,0.5000000000000001,136.0,111.625,53.0,7.3,22.3,99.0,74.0,6.5,7.356615,0.1,10.9,20.62222225,40.0,39.68333333333333,39.5,39.5,39.05,-6.741629659999999,0.1740741399999983,0.5986666666666665,12.789333333333332,13.766666666666667,19.996913574444445,13.036888888888887,6.9307103,6.8920336,6.8174715,6.7661176,6.995591,1,1.0,1,0.75,-0.6,12.7,87.3
2022-10-31 10:15:00,71.20354066111,28.806347666668,28.815791772222,20.62222225,13.766666666666667,39.05,1,5.1764362714980825,70.66250196097344,10,0,10,0.4999999999999999,-0.8660254037844387,0.0,1.0,-0.8660254037844386,0.5000000000000001,131.0,122.5625,63.85416666666666,6.85,20.875,99.25,74.25,6.775,7.4866834,0.075,11.125,21.524074086666666,39.81666666666667,40.0,39.68333333333333,39.5,37.7,-6.855555583333333,0.492592590000001,0.3786666666666676,13.388,14.248,20.235802476666667,13.314666666666668,6.995591,6.9307103,6.8920336,6.8174715,7.1168613,0,1.0,1,0.75,-0.5,10.1,89.9
2022-10-31 10:30:00,58.17656167778,0.0,0.0,21.524074086666666,14.248,37.7,0,5.1764362714980825,70.66250196097344,10,0,10,0.4999999999999999,-0.8660254037844387,0.0,1.0,-0.8660254037844386,0.5000000000000001,126.0,128.1875,74.22916666666667,6.4,19.450000000000003,99.5,74.5,7.05,7.618768,0.05,11.35,22.14444443,39.05,39.81666666666667,40.0,39.68333333333333,36.65,-7.276074086666666,0.9018518366666656,0.4813333333333318,13.766666666666667,14.851333333333336,20.758641998888887,13.80088888888889,7.1168613,6.995591,6.9307103,6.8920336,7.1708994,1,2.0,1,0.5,-0.29,6.8,93.2
2022-10-31 10:45:00,736.3397119,29.646036327778,29.654647116666,22.14444443,14.851333333333336,36.65,1,5.1764362714980825,70.66250196097344,10,0,10,0.4999999999999999,-0.8660254037844387,0.0,1.0,-0.8660254037844386,0.5000000000000001,121.0,128.5,84.125,5.95,18.025,99.75,74.75,7.324999999999999,7.7528987,0.0249999999999999,11.575,22.3685185,37.7,39.05,39.81666666666667,40.0,36.68333333333333,-7.2931110966666655,0.6203703433333345,0.6033333333333353,14.248,14.994666666666664,21.430246922222224,14.288666666666666,7.1708994,7.1168613,6.995591,6.9307103,7.2705526,0,2.0,1,0.5,-0.15,5.5,94.5
2022-10-31 11:00:00,91.293848116666,22.50687743889,22.512432816666003,22.3685185,14.994666666666664,36.68333333333333,1,5.1764362714980825,70.66250196097344,11,0,10,0.258819045102521,-0.9659258262890682,0.0,1.0,-0.8660254037844386,0.5000000000000001,116.0,123.5,93.54166666666669,5.5,16.6,100.0,75.0,7.6,7.8890996,0.0,11.8,22.06666667,36.65,37.7,39.05,39.81666666666667,37.8,-7.373851833333335,0.2240740700000003,0.1433333333333308,14.851333333333336,14.999333333333334,22.01234567222222,14.698,7.2705526,7.1708994,7.1168613,6.995591,7.3628445,0,1.0,0,0.75,-0.1,5.2,94.8
2022-10-31 11:15:00,95.197858533336,54.453932872222,54.4653213,22.06666667,14.999333333333334,37.8,1,5.1764362714980825,70.66250196097344,11,0,10,0.258819045102521,-0.9659258262890682,0.0,1.0,-0.8660254037844386,0.5000000000000001,125.0,122.0,102.29166666666669,5.1,15.5,100.0,74.25,7.8,7.995151,0.025,12.175,21.76296294,36.68333333333333,36.65,37.7,39.05,39.3,-7.067333336666666,-0.3018518300000004,0.0046666666666688,14.994666666666664,15.363333333333332,22.193209866666667,14.948444444444446,7.3628445,7.2705526,7.1708994,7.1168613,7.522069,0,1.0,0,0.75,-0.16,5.5,94.5
2022-10-31 11:30:00,49.801896727778,15.334108827778,15.342164072222,21.76296294,15.363333333333332,39.3,1,5.1764362714980825,70.66250196097344,11,0,10,0.258819045102521,-0.9659258262890682,0.0,1.0,-0.8660254037844386,0.5000000000000001,134.0,124.0,110.375,4.7,14.4,100.0,73.5,8.0,8.101231,0.05,12.55,21.4833333,37.8,36.68333333333333,36.65,37.7,40.4,-6.399629606666668,-0.3037037299999987,0.363999999999999,14.999333333333334,15.562666666666669,22.06604937,15.11911111111111,7.522069,7.3628445,7.2705526,7.1708994,7.608595,0,0.0,0,1.0,-0.22,6.0,94.0
2022-10-31 11:45:00,71.798239022224,31.547071416666,31.555404416666,21.4833333,15.562666666666669,40.4,1,5.1764362714980825,70.66250196097344,11,0,10,0.258819045102521,-0.9659258262890682,0.0,1.0,-0.8660254037844386,0.5000000000000001,143.0,129.5,117.79166666666669,4.3,13.3,100.0,72.75,8.2,8.207284,0.075,12.925,21.34074070666667,39.3,37.8,36.68333333333333,36.65,40.96666666666667,-5.920666633333335,-0.2796296399999995,0.1993333333333335,15.363333333333332,15.811333333333332,21.77098763666667,15.308444444444444,7.608595,7.522069,7.3628445,7.2705526,7.6518626,0,0.0,0,1.0,-0.28,6.7,93.3
2022-10-31 12:00:00,85.13853873888999,32.038718433332,32.048718066664,21.34074070666667,15.811333333333332,40.96666666666667,1,5.1764362714980825,70.66250196097344,12,0,10,1.2246467991473532e-16,-1.0,0.0,1.0,-0.8660254037844386,0.5000000000000001,152.0,138.5,124.54166666666669,3.9,12.2,100.0,72.0,8.4,8.313259,0.1,13.3,21.32222219,40.4,39.3,37.8,36.68333333333333,41.0,-5.529407373333337,-0.1425925933333331,0.248666666666665,15.562666666666669,15.996666666666666,21.52901231555556,15.57911111111111,7.6518626,7.608595,7.522069,7.3628445,7.649874,0,0.0,0,1.0,-0.31,7.1,92.9
2022-10-31 12:15:00,68.984462744444,14.567195055556,14.574417016666,21.32222219,15.996666666666666,41.0,1,5.1764362714980825,70.66250196097344,12,0,10,1.2246467991473532e-16,-1.0,0.0,1.0,-0.8660254037844386,0.5000000000000001,175.25,151.0625,131.875,3.825,11.95,100.0,70.75,8.55,8.38579,0.075,13.725,21.209259256666662,40.96666666666667,40.4,39.3,37.8,41.0,-5.325555523333332,-0.0185185166666705,0.1853333333333342,15.811333333333332,15.805333333333332,21.38209873222222,15.79022222222222,7.649874,7.6518626,7.608595,7.522069,7.5999336,0,0.0,0,1.0,-0.32,7.1,92.9
2022-10-31 12:30:00,91.966876661114,49.641347616666,49.653013816666,21.209259256666662,15.805333333333332,41.0,1,5.1764362714980825,70.66250196097344,12,0,10,1.2246467991473532e-16,-1.0,0.0,1.0,-0.8660254037844386,0.5000000000000001,198.5,167.1875,139.79166666666666,3.75,11.7,100.0,69.5,8.7,8.455563,0.05,14.15,21.12222223,41.0,40.96666666666667,40.4,39.3,41.35,-5.4039259233333325,-0.1129629333333319,-0.1913333333333327,15.996666666666666,15.948,21.29074071777778,15.87111111111111,7.5999336,7.649874,7.6518626,7.608595,7.6261983,0,0.0,0,1.0,-0.35,7.5,92.5
2022-10-31 12:45:00,46.186208194438,0.0,0.0,21.12222223,15.948,41.35,0,5.1764362714980825,70.66250196097344,12,0,10,1.2246467991473532e-16,-1.0,0.0,1.0,-0.8660254037844386,0.5000000000000001,221.75,186.875,148.29166666666666,3.675,11.45,100.0,68.25,8.85,8.522399,0.0249999999999999,14.575,21.018518526666664,41.0,41.0,40.96666666666667,40.4,41.5,-5.174222229999998,-0.0870370266666675,0.1426666666666669,15.805333333333332,16.056666666666665,21.217901225555558,15.916666666666666,7.6261983,7.5999336,7.649874,7.6518626,7.607909,1,1.0,1,0.75,-0.36,7.8,92.2
2022-10-31 13:00:00,75.783357477776,41.3291801,41.34056856111,21.018518526666664,16.056666666666665,41.5,1,5.1764362714980825,70.66250196097344,13,0,10,-0.2588190451025208,-0.9659258262890684,0.0,1.0,-0.8660254037844386,0.5000000000000001,245.0,210.125,157.375,3.6,11.2,100.0,67.0,9.0,8.586125,0.0,15.0,21.0388889,41.35,41.0,41.0,40.96666666666667,41.5,-4.96185186,-0.1037037033333341,0.1086666666666644,15.948,16.771333333333335,21.11666667111111,15.936666666666667,7.607909,7.6261983,7.5999336,7.649874,7.616917,0,1.0,1,0.75,-0.39,8.1,91.9
2022-10-31 13:15:00,52.93704918333,10.998448944444,11.005393149998,21.0388889,16.771333333333335,41.5,1,5.1764362714980825,70.66250196097344,13,0,10,-0.2588190451025208,-0.9659258262890684,0.0,1.0,-0.8660254037844386,0.5000000000000001,240.0,226.3125,166.45833333333334,3.65,11.55,100.0,68.25,9.325,8.786356,0.075,15.075,21.272222216666663,41.5,41.35,41.0,41.0,41.31666666666667,-4.267555566666665,0.0203703733333355,0.7146666666666697,16.056666666666665,17.562666666666665,21.05987655222222,16.258666666666667,7.616917,7.607909,7.6261983,7.5999336,7.686648,0,1.0,0,0.75,-0.38,8.0,92.0
2022-10-31 13:30:00,88.58701187778,29.931858244444,29.941302333332,21.272222216666663,17.562666666666665,41.31666666666667,1,5.1764362714980825,70.66250196097344,13,0,10,-0.2588190451025208,-0.9659258262890684,0.0,1.0,-0.8660254037844386,0.5000000000000001,235.0,235.4375,175.54166666666666,3.7,11.9,100.0,69.5,9.65,8.988215,0.15,15.15,21.42777775,41.5,41.5,41.35,41.0,41.0,-3.709555550000001,0.2333333166666662,0.7913333333333306,16.771333333333335,17.956,21.109876547777777,16.79688888888889,7.686648,7.616917,7.607909,7.6261983,7.6967983,0,1.0,0,0.75,-0.33,7.2,92.8
2022-10-31 13:45:00,57.712135905554,11.701198583334,11.708976088888,21.42777775,17.956,41.0,1,5.1764362714980825,70.66250196097344,13,0,10,-0.2588190451025208,-0.9659258262890684,0.0,1.0,-0.8660254037844386,0.5000000000000001,230.0,237.5,184.625,3.75,12.25,100.0,70.75,9.975,9.191711,0.225,15.225,21.38333331333333,41.31666666666667,41.5,41.5,41.35,41.0,-3.471777750000001,0.1555555333333345,0.3933333333333344,17.562666666666665,18.336,21.24629628888889,17.430000000000003,7.6967983,7.686648,7.616917,7.607909,7.67701,0,0.0,0,1.0,-0.29,6.8,93.2
2022-10-31 14:00:00,117.31391842222,32.590918527778,32.634805688888,21.38333331333333,18.336,41.0,1,5.1764362714980825,70.66250196097344,14,0,10,-0.4999999999999997,-0.8660254037844388,0.0,1.0,-0.8660254037844386,0.5000000000000001,225.0,232.5,193.70833333333331,3.8,12.6,100.0,72.0,10.3,9.396857,0.3,15.3,21.15555556,41.0,41.31666666666667,41.5,41.5,41.4,-3.047333313333329,-0.0444444366666694,0.3800000000000025,17.956,18.77466666666667,21.36111109333333,17.951555555555554,7.67701,7.6967983,7.686648,7.616917,7.650207,0,0.0,0,1.0,-0.3,6.9,93.1
2022-10-31 14:15:00,141.591280588888,18.175384055556,18.244270233332,21.15555556,18.77466666666667,41.4,1,5.1764362714980825,70.66250196097344,14,0,10,-0.4999999999999997,-0.8660254037844388,0.0,1.0,-0.8660254037844386,0.5000000000000001,215.75,226.4375,201.27083333333331,3.525,12.25,100.0,73.5,10.625,9.62181,0.2249999999999999,15.35,21.018518526666664,41.0,41.0,41.31666666666667,41.5,41.96666666666667,-2.3808888933333314,-0.2277777533333314,0.4386666666666663,18.336,19.014666666666667,21.322222207777777,18.35555555555556,7.650207,7.67701,7.6967983,7.686648,7.6934595,0,0.0,0,1.0,-0.36,7.6,92.4
2022-10-31 14:30:00,139.722188788884,25.539811733332,25.610364494442,21.018518526666664,19.014666666666667,41.96666666666667,1,5.1764362714980825,70.66250196097344,14,0,10,-0.4999999999999997,-0.8660254037844388,0.0,1.0,-0.8660254037844386,0.5000000000000001,206.5,219.3125,207.3125,3.25,11.9,100.0,75.0,10.95,9.848034,0.15,15.4,20.93888885,41.4,41.0,41.0,41.31666666666667,42.35,-2.003851859999997,-0.1370370333333355,0.2399999999999984,18.77466666666667,18.954,21.18580246666667,18.70844444444445,7.6934595,7.650207,7.67701,7.6967983,7.7278895,0,0.0,0,1.0,-0.38,8.1,91.9
2022-10-31 14:45:00,141.8934907,13.558068772222,13.62584386111,20.93888885,18.954,42.35,1,5.1764362714980825,70.66250196097344,14,0,10,-0.4999999999999997,-0.8660254037844388,0.0,1.0,-0.8660254037844386,0.5000000000000001,197.25,211.125,211.83333333333331,2.975,11.55,100.0,76.5,11.275,10.075534,0.0749999999999999,15.45,20.8925926,41.96666666666667,41.4,41.0,41.0,42.5,-1.9848888500000008,-0.0796296766666628,-0.0606666666666662,19.014666666666667,19.0,21.03765431222222,18.914444444444445,7.7278895,7.6934595,7.650207,7.67701,7.734417,0,0.0,0,1.0,-0.4,8.4,91.6
2022-10-31 15:00:00,171.757018294446,32.386204483334,32.455368416666,20.8925926,19.0,42.5,1,5.1764362714980825,70.66250196097344,15,0,10,-0.7071067811865471,-0.7071067811865479,0.0,1.0,-0.8660254037844386,0.5000000000000001,188.0,201.875,214.83333333333331,2.7,11.2,100.0,78.0,11.6,10.304315,0.0,15.5,20.81111113,42.35,41.96666666666667,41.4,41.0,42.85,-1.8925926000000004,-0.046296250000001,0.0459999999999993,18.954,19.288666666666664,20.94999999222222,18.989555555555555,7.734417,7.7278895,7.6934595,7.650207,7.761238,0,0.0,0,1.0,-0.41,8.5,91.5
2022-10-31 15:15:00,103.158651272222,0.0,0.0,20.81111113,19.288666666666664,42.85,0,5.1764362714980825,70.66250196097344,15,0,10,-0.7071067811865471,-0.7071067811865479,0.0,1.0,-0.8660254037844386,0.5000000000000001,182.75,193.625,215.45833333333331,2.875,10.825,100.0,77.75,11.675,10.3337755,0.0,15.6,20.757407413333333,42.5,42.35,41.96666666666667,41.4,43.0,-1.5224444633333327,-0.0814814700000035,0.2886666666666642,19.0,18.99866666666667,20.88086419333333,19.08088888888889,7.761238,7.734417,7.7278895,7.6934595,7.7641025,1,1.0,1,0.75,-0.43,8.8,91.2
2022-10-31 15:30:00,100.208491633328,37.720713344444,37.751545494442,20.757407413333333,18.99866666666667,43.0,1,5.1764362714980825,70.66250196097344,15,0,10,-0.7071067811865471,-0.7071067811865479,0.0,1.0,-0.8660254037844386,0.5000000000000001,177.5,186.375,213.70833333333331,3.05,10.45,100.0,77.5,11.75,10.363163,0.0,15.7,20.67777779,42.85,42.5,42.35,41.96666666666667,43.05,-1.758740746666664,-0.0537037166666642,-0.2899999999999956,19.288666666666664,18.784666666666663,20.820370381111108,19.09577777777778,7.7641025,7.761238,7.734417,7.7278895,7.737172,0,1.0,1,0.75,-0.44,9.0,91.0
2022-10-31 15:45:00,428.204260127774,10.330420133332,10.356252516662,20.67777779,18.784666666666663,43.05,1,5.1764362714980825,70.66250196097344,15,0,10,-0.7071067811865471,-0.7071067811865479,0.0,1.0,-0.8660254037844386,0.5000000000000001,172.25,180.125,209.58333333333331,3.225,10.075,100.0,77.25,11.825,10.392479,0.0,15.8,20.61481480666667,43.0,42.85,42.5,42.35,43.46666666666667,-1.893111123333334,-0.0796296233333322,-0.2140000000000022,18.99866666666667,18.779333333333334,20.748765444444444,19.024,7.737172,7.7641025,7.761238,7.734417,7.7834516,0,1.0,0,0.75,-0.46,9.4,90.6
2022-10-31 16:00:00,79.51626372222,31.757340755556,31.776506672222,20.61481480666667,18.779333333333334,43.46666666666667,1,5.1764362714980825,70.66250196097344,16,0,10,-0.8660254037844385,-0.5000000000000004,0.0,1.0,-0.8660254037844386,0.5000000000000001,167.0,174.875,203.08333333333331,3.4,9.7,100.0,77.0,11.9,10.421713,0.0,15.9,20.57222225,43.05,43.0,42.85,42.5,43.5,-1.835481473333335,-0.0629629833333318,-0.0053333333333327,18.784666666666663,18.696666666666665,20.683333336666667,18.854222222222223,7.7834516,7.737172,7.7641025,7.761238,7.7701063,0,1.0,0,0.75,-0.47,9.6,90.4
2022-10-31 16:15:00,87.157346883334,24.099591527778,24.116257577776,20.57222225,18.696666666666665,43.5,1,5.1764362714980825,70.66250196097344,16,0,10,-0.8660254037844385,-0.5000000000000004,0.0,1.0,-0.8660254037844386,0.5000000000000001,159.5,169.0625,196.375,3.925,9.875,100.0,77.5,11.9,10.426111,0.0,15.8,20.5555556,43.46666666666667,43.05,43.0,42.85,43.5,-1.875555583333334,-0.0425925566666691,-0.0826666666666682,18.779333333333334,18.722,20.621604948888887,18.753555555555558,7.7701063,7.7834516,7.737172,7.7641025,7.7625604,0,0.0,0,1.0,-0.48,9.8,90.2
2022-10-31 16:30:00,93.137107799996,17.307918755556,17.32458482222,20.5555556,18.722,43.5,1,5.1764362714980825,70.66250196097344,16,0,10,-0.8660254037844385,-0.5000000000000004,0.0,1.0,-0.8660254037844386,0.5000000000000001,152.0,162.6875,189.45833333333331,4.45,10.05,100.0,78.0,11.9,10.430022,0.0,15.7,20.51111112,43.5,43.46666666666667,43.05,43.0,43.9,-1.833555600000004,-0.0166666499999976,0.0253333333333323,18.696666666666665,18.602,20.58086421888889,18.732666666666663,7.7625604,7.7701063,7.7834516,7.737172,7.8136635,0,0.0,0,1.0,-0.49,9.9,90.1
2022-10-31 16:45:00,111.100555750002,24.120701816666,24.137090094442,20.51111112,18.602,43.9,1,5.1764362714980825,70.66250196097344,16,0,10,-0.8660254037844385,-0.5000000000000004,0.0,1.0,-0.8660254037844386,0.5000000000000001,144.5,155.75,182.33333333333331,4.975,10.225,100.0,78.5,11.9,10.433458,0.0,15.6,20.46851849333333,43.5,43.5,43.46666666666667,43.05,44.46666666666667,-1.9091111200000055,-0.0444444799999992,-0.120000000000001,18.722,18.41466666666667,20.546296323333333,18.673555555555552,7.8136635,7.7625604,7.7701063,7.7834516,7.8948846,0,0.0,0,1.0,-0.49,10.1,89.9
2022-10-31 17:00:00,98.11218652222,21.815238455556,21.834126649998,20.46851849333333,18.41466666666667,44.46666666666667,1,5.1764362714980825,70.66250196097344,17,0,10,-0.9659258262890684,-0.2588190451025206,0.0,1.0,-0.8660254037844386,0.5000000000000001,137.0,148.25,175.0,5.5,10.4,100.0,79.0,11.9,10.436422,0.0,15.5,20.466666640000003,43.9,43.5,43.5,43.46666666666667,44.85,-2.053851826666662,-0.0425926266666714,-0.1873333333333278,18.602,18.224,20.511728404444444,18.579555555555554,7.8948846,7.8136635,7.7625604,7.7701063,7.9620805,0,0.0,0,1.0,-0.5,10.2,89.8
2022-10-31 17:15:00,130.028131983334,42.303030027778,42.322473733332,20.466666640000003,18.224,44.85,1,5.1764362714980825,70.66250196097344,17,0,10,-0.9659258262890684,-0.2588190451025206,0.0,1.0,-0.8660254037844386,0.5000000000000001,107.75,135.3125,166.0,6.725,12.125,100.0,79.5,11.6,10.265856,0.025,15.125,20.496296293333334,44.46666666666667,43.9,43.5,43.5,45.0,-2.242666640000003,-0.0018518533333278,-0.1906666666666687,18.41466666666667,18.02733333333333,20.482098751111117,18.41355555555556,7.9620805,7.8948846,7.8136635,7.7625604,8.002531,0,0.0,0,1.0,-0.5,10.2,89.8
2022-10-31 17:30:00,90.876920344444,15.04495376111,15.061619777776,20.496296293333334,18.02733333333333,45.0,1,5.1764362714980825,70.66250196097344,17,0,10,-0.9659258262890684,-0.2588190451025206,0.0,1.0,-0.8660254037844386,0.5000000000000001,78.5,116.9375,155.33333333333334,7.95,13.85,100.0,80.0,11.3,10.096985,0.05,14.75,20.46111108,44.85,44.46666666666667,43.9,43.5,45.4,-2.468962959999999,0.0296296533333304,-0.1966666666666654,18.224,17.099333333333334,20.477160475555557,18.222,8.002531,7.9620805,7.8948846,7.8136635,8.057109,0,0.0,0,1.0,-0.49,10.0,90.0
2022-10-31 17:45:00,113.065755005554,36.615757527778,36.63492346111,20.46111108,17.099333333333334,45.4,1,5.1764362714980825,70.66250196097344,17,0,10,-0.9659258262890684,-0.2588190451025206,0.0,1.0,-0.8660254037844386,0.5000000000000001,49.25,93.125,143.0,9.175,15.575,100.0,80.5,11.0,9.929824,0.075,14.375,20.46481478666667,45.0,44.85,44.46666666666667,43.9,46.15,-3.361777746666668,-0.0351852133333316,-0.9280000000000008,18.02733333333333,16.366666666666667,20.47469133777778,17.783555555555555,8.057109,8.002531,7.9620805,7.8948846,8.191982,0,0.0,0,1.0,-0.5,10.1,89.9
2022-10-31 18:00:00,116.239239211108,28.705796155556,28.723573277776,20.46481478666667,16.366666666666667,46.15,1,5.1764362714980825,70.66250196097344,18,0,10,-1.0,-1.8369701987210294e-16,0.0,1.0,-0.8660254037844386,0.5000000000000001,20.0,63.875,129.0,10.4,17.3,100.0,81.0,10.7,9.764382,0.1,14.0,20.49444444,45.4,45.0,44.85,44.46666666666667,46.9,-4.098148120000001,0.0037037066666663,-0.7326666666666668,17.099333333333334,15.538,20.474074053333336,17.164444444444445,8.191982,8.057109,8.002531,7.9620805,8.339515,0,0.0,0,1.0,-0.49,10.0,90.0
2022-10-31 18:15:00,87.043462605554,24.0115395,24.029038849998003,20.49444444,15.538,46.9,1,5.1764362714980825,70.66250196097344,18,0,10,-1.0,-1.8369701987210294e-16,0.0,1.0,-0.8660254037844386,0.5000000000000001,15.0,40.6875,115.02083333333331,11.3,19.45,100.0,82.0,10.7,9.749169,0.075,13.775,20.46851849333333,46.15,45.4,45.0,44.85,47.65,-4.956444439999999,0.0296296533333304,-0.8286666666666669,16.366666666666667,14.529333333333334,20.47345676888889,16.334666666666667,8.339515,8.191982,8.057109,8.002531,8.4600725,0,0.0,0,1.0,-0.48,9.8,90.2
2022-10-31 18:30:00,115.305665388888,54.514485983334,54.534762955556005,20.46851849333333,14.529333333333334,47.65,1,5.1764362714980825,70.66250196097344,18,0,10,-1.0,-1.8369701987210294e-16,0.0,1.0,-0.8660254037844386,0.5000000000000001,10.0,23.5625,101.0625,12.2,21.6,100.0,83.0,10.7,9.73229,0.05,13.55,20.53333336,46.9,46.15,45.4,45.0,48.35,-5.939185159999997,-0.0259259466666677,-1.0086666666666666,15.538,14.403333333333334,20.475925906666664,15.478,8.4600725,8.339515,8.191982,8.057109,8.61687,0,0.0,0,1.0,-0.48,9.8,90.2
2022-10-31 18:45:00,85.826011338886,13.441129016666,13.456683994442,20.53333336,14.403333333333334,48.35,1,5.1764362714980825,70.66250196097344,18,0,10,-1.0,-1.8369701987210294e-16,0.0,1.0,-0.8660254037844386,0.5000000000000001,5.0,12.5,87.125,13.1,23.75,100.0,84.0,10.7,9.713784,0.0249999999999999,13.325,20.48333332,47.65,46.9,46.15,45.4,48.68333333333333,-6.130000026666663,0.0648148666666657,-0.1259999999999994,14.529333333333334,14.51,20.49876543111111,14.823555555555556,8.61687,8.4600725,8.339515,8.191982,8.65101,0,0.0,0,1.0,-0.46,9.5,90.5
2022-10-31 19:00:00,110.893064116666,42.184701427778,42.204422905554,20.48333332,14.51,48.68333333333333,1,5.1764362714980825,70.66250196097344,19,0,10,-0.9659258262890684,0.2588190451025203,0.0,1.0,-0.8660254037844386,0.5000000000000001,0.0,7.5,73.20833333333333,14.0,25.9,100.0,85.0,10.7,9.693701,0.0,13.1,20.45555552,48.35,47.65,46.9,46.15,49.0,-5.97333332,-0.0500000399999969,0.1066666666666655,14.403333333333334,14.666,20.495061724444444,14.48088888888889,8.65101,8.61687,8.4600725,8.339515,8.693181,0,0.0,0,1.0,-0.47,9.7,90.3
2022-10-31 19:15:00,138.366687327778,55.053908888888,55.079185694442,20.45555552,14.666,49.0,1,5.1764362714980825,70.66250196097344,19,0,10,-0.9659258262890684,0.2588190451025203,0.0,1.0,-0.8660254037844386,0.5000000000000001,0.0,3.75,59.91666666666666,14.15,28.325,100.0,86.5,10.95,9.864765,0.0,13.1,20.548148186666666,48.68333333333333,48.35,47.65,46.9,49.0,-5.78955552,-0.027777799999999,0.1560000000000005,14.51,14.726,20.49074073333333,14.526444444444444,8.693181,8.65101,8.61687,8.4600725,8.740258,0,0.0,0,1.0,-0.48,9.7,90.3
2022-10-31 19:30:00,168.303267716662,0.0,0.0,20.548148186666666,14.726,49.0,0,5.1764362714980825,70.66250196097344,19,0,10,-0.9659258262890684,0.2588190451025203,0.0,1.0,-0.8660254037844386,0.5000000000000001,0.0,1.25,47.25,14.3,30.75,100.0,88.0,11.2,10.0358305,0.0,13.1,20.5138889,49.0,48.68333333333333,48.35,47.65,49.075,-5.822148186666665,0.0925926666666647,0.0600000000000005,14.666,14.888,20.49567900888889,14.634,8.740258,8.693181,8.65101,8.61687,8.736166,1,1.0,1,0.75,-0.45,9.3,90.7
2022-10-31 19:45:00,328.833235011112,32.574530266668,32.647860716666,20.5138889,14.888,49.075,1,5.1764362714980825,70.66250196097344,19,0,10,-0.9659258262890684,0.2588190451025203,0.0,1.0,-0.8660254037844386,0.5000000000000001,0.0,0.0,35.208333333333336,14.45,33.175,100.0,89.5,11.45,10.206896,0.0,13.1,20.46388886,49.0,49.0,48.68333333333333,48.35,49.975,-5.625888899999998,-0.0342592866666677,0.161999999999999,14.726,15.123333333333331,20.505864202222224,14.76,8.736166,8.740258,8.693181,8.65101,8.870468,0,1.0,1,0.75,-0.46,9.5,90.5
2022-10-31 20:00:00,152.500844322216,0.0,0.0,20.46388886,15.123333333333331,49.975,0,5.1764362714980825,70.66250196097344,20,0,10,-0.8660254037844386,0.5000000000000001,0.0,1.0,-0.8660254037844386,0.5000000000000001,0.0,0.0,23.791666666666668,14.6,35.6,100.0,91.0,11.7,10.377962,0.0,13.1,20.43888885,49.075,49.0,49.0,48.68333333333333,50.45,-5.340555526666668,-0.0500000399999969,0.2353333333333331,14.888,15.24,20.50864198222222,14.912444444444445,8.870468,8.736166,8.740258,8.693181,8.941727,1,2.0,1,0.5,-0.47,9.6,90.4
2022-10-31 20:15:00,179.77891955556,19.755876383334,19.82392926111,20.43888885,15.24,50.45,1,5.1764362714980825,70.66250196097344,20,0,10,-0.8660254037844386,0.5000000000000001,0.0,1.0,-0.8660254037844386,0.5000000000000001,0.0,0.0,14.8125,14.85,34.35,100.0,90.75,11.675,10.365465,0.0,13.125,20.41296295,49.975,49.075,49.0,49.0,50.03333333333333,-5.198888850000001,-0.0250000099999994,0.1166666666666671,15.123333333333331,15.371999999999998,20.47222220333333,15.083777777777778,8.941727,8.870468,8.736166,8.740258,8.85447,0,2.0,1,0.5,-0.47,9.7,90.3
2022-10-31 20:30:00,185.663128577784,42.179423855556,42.24858773889,20.41296295,15.371999999999998,50.03333333333333,1,5.1764362714980825,70.66250196097344,20,0,10,-0.8660254037844386,0.5000000000000001,0.0,1.0,-0.8660254037844386,0.5000000000000001,0.0,0.0,8.270833333333334,15.1,33.1,100.0,90.5,11.65,10.352901,0.0,13.15,20.4444444,50.45,49.975,49.075,49.0,50.35,-5.040962950000003,-0.0259259000000007,0.1319999999999979,15.24,15.544,20.43858022,15.24511111111111,8.85447,8.941727,8.870468,8.736166,8.926896,0,1.0,0,0.75,-0.48,9.8,90.2
2022-10-31 20:45:00,141.588225177776,0.0,0.0,20.4444444,15.544,50.35,0,5.1764362714980825,70.66250196097344,20,0,10,-0.8660254037844386,0.5000000000000001,0.0,1.0,-0.8660254037844386,0.5000000000000001,0.0,0.0,4.166666666666667,15.35,31.85,100.0,90.25,11.625,10.340271,0.0,13.175,20.4444444,50.03333333333333,50.45,49.975,49.075,50.5,-4.900444399999998,0.0314814499999975,0.1720000000000023,15.371999999999998,15.596666666666666,20.432098733333333,15.385333333333334,8.926896,8.85447,8.941727,8.870468,8.953491,1,2.0,1,0.5,-0.47,9.6,90.4
2022-10-31 21:00:00,136.892024199996,38.545124816666,38.56623512222,20.4444444,15.596666666666666,50.5,1,5.1764362714980825,70.66250196097344,21,0,10,-0.7071067811865477,0.7071067811865474,0.0,1.0,-0.8660254037844386,0.5000000000000001,0.0,0.0,2.5,15.6,30.6,100.0,90.0,11.6,10.327575,0.0,13.2,20.43888885,50.35,50.03333333333333,50.45,49.975,50.5,-4.8477777333333325,0.0,0.0526666666666653,15.544,15.662,20.43395058333333,15.50422222222222,8.953491,8.926896,8.85447,8.941727,8.950589,0,1.0,1,0.75,-0.47,9.6,90.4
2022-10-31 21:15:00,103.346421511112,17.616239772222,17.63568346111,20.43888885,15.662,50.5,1,5.1764362714980825,70.66250196097344,21,0,10,-0.7071067811865477,0.7071067811865474,0.0,1.0,-0.8660254037844386,0.5000000000000001,0.0,0.0,1.25,15.275,30.6,100.0,90.0,11.55,10.295704,0.0,13.15,20.41296295,50.5,50.35,50.03333333333333,50.45,50.5,-4.776888850000001,-0.0055555499999968,0.065333333333335,15.596666666666666,15.728666666666667,20.44259255,15.600888888888887,8.950589,8.953491,8.926896,8.85447,8.9370575,0,1.0,0,0.75,-0.47,9.7,90.3
2022-10-31 21:30:00,127.746834405554,29.719644466668,29.739088172222,20.41296295,15.728666666666667,50.5,1,5.1764362714980825,70.66250196097344,21,0,10,-0.7071067811865477,0.7071067811865474,0.0,1.0,-0.8660254037844386,0.5000000000000001,0.0,0.0,0.4166666666666667,14.95,30.6,100.0,90.0,11.5,10.263918,0.0,13.1,20.43888885,50.5,50.5,50.35,50.03333333333333,50.55,-4.6842962833333335,-0.0259259000000007,0.0666666666666664,15.662,15.71,20.432098733333333,15.662444444444446,8.9370575,8.950589,8.953491,8.926896,8.959451,0,1.0,0,0.75,-0.48,9.8,90.2
2022-10-31 21:45:00,244.80520756666,0.0,0.0,20.43888885,15.71,50.55,0,5.1764362714980825,70.66250196097344,21,0,10,-0.7071067811865477,0.7071067811865474,0.0,1.0,-0.8660254037844386,0.5000000000000001,0.0,0.0,0.0,14.625,30.6,100.0,90.0,11.45,10.232219,0.0,13.05,20.37222221333333,50.5,50.5,50.5,50.35,51.333333333333336,-4.728888850000001,0.0259259000000007,-0.0186666666666663,15.728666666666667,15.642,20.430246883333336,15.700222222222225,8.959451,8.9370575,8.950589,8.953491,9.062951,1,1.0,1,0.75,-0.47,9.6,90.4
2022-10-31 22:00:00,1057.364648322216,26.838648644444,26.859758966664,20.37222221333333,15.642,51.333333333333336,1,5.1764362714980825,70.66250196097344,22,0,10,-0.5000000000000004,0.8660254037844384,0.0,1.0,-0.8660254037844386,0.5000000000000001,0.0,0.0,0.0,14.3,30.6,100.0,90.0,11.4,10.200604,0.0,13.0,20.37222222,50.55,50.5,50.5,50.5,51.95,-4.730222213333331,-0.066666636666671,-0.0680000000000013,15.71,15.59,20.40802467111111,15.693555555555555,9.062951,8.959451,8.9370575,8.950589,9.171825,0,1.0,1,0.75,-0.48,9.9,90.1
2022-10-31 22:15:00,101.712875805554,12.505610888888,12.518388211108,20.37222222,15.59,51.95,1,5.1764362714980825,70.66250196097344,22,0,10,-0.5000000000000004,0.8660254037844384,0.0,1.0,-0.8660254037844386,0.5000000000000001,0.0,0.0,0.0,13.775,29.875,100.0,90.75,11.475,10.253816,0.1,12.95,20.3888889,51.333333333333336,50.55,50.5,50.5,51.53333333333333,-4.782222220000001,6.666670770982819e-09,-0.0519999999999996,15.642,15.548,20.39444442777777,15.647333333333334,9.171825,9.062951,8.959451,8.9370575,9.10712,0,1.0,0,0.75,-0.48,9.8,90.2
2022-10-31 22:30:00,106.392688688884,30.589887488888,30.606275799996,20.3888889,15.548,51.53333333333333,1,5.1764362714980825,70.66250196097344,22,0,10,-0.5000000000000004,0.8660254037844384,0.0,1.0,-0.8660254037844386,0.5000000000000001,0.0,0.0,0.0,13.25,29.15,100.0,91.5,11.55,10.306589,0.2,12.9,20.38333334,51.95,51.333333333333336,50.55,50.5,51.5,-4.840888900000001,0.0166666800000001,-0.0419999999999998,15.59,15.46,20.377777777777776,15.593333333333334,9.10712,9.171825,9.062951,8.959451,9.098278,0,1.0,0,0.75,-0.48,9.8,90.2
2022-10-31 22:45:00,82.29587481666199,13.914721155556,13.928053955556,20.38333334,15.46,51.5,1,5.1764362714980825,70.66250196097344,22,0,10,-0.5000000000000004,0.8660254037844384,0.0,1.0,-0.8660254037844386,0.5000000000000001,0.0,0.0,0.0,12.725,28.425,100.0,92.25,11.625,10.358925,0.3,12.85,20.35740739333333,51.53333333333333,51.95,51.333333333333336,50.55,51.31666666666667,-4.923333339999999,-0.0055555600000012,-0.0879999999999991,15.548,15.436666666666666,20.38148148666667,15.532666666666666,9.098278,9.10712,9.171825,9.062951,9.052175,0,0.0,0,1.0,-0.48,9.8,90.2
2022-10-31 23:00:00,103.283646272222,22.3891044,22.403270516666,20.35740739333333,15.436666666666666,51.31666666666667,1,5.1764362714980825,70.66250196097344,23,0,10,-0.2588190451025215,0.965925826289068,0.0,1.0,-0.8660254037844386,0.5000000000000001,0.0,0.0,0.0,12.2,27.7,100.0,93.0,11.7,10.410827,0.4,12.8,20.347619025714287,51.5,51.53333333333333,51.95,51.333333333333336,51.0,-4.920740726666667,-0.0259259466666677,-0.0233333333333352,15.46,15.348571428571429,20.376543211111112,15.481555555555554,9.052175,9.098278,9.10712,9.171825,8.991175,0,0.0,0,1.0,-0.49,10.0,90.0
2022-10-31 23:15:00,118.843023955552,31.132643511112,31.149865138886,20.347619025714287,15.348571428571429,51.0,1,5.1764362714980825,70.66250196097344,23,0,10,-0.2588190451025215,0.965925826289068,0.0,1.0,-0.8660254037844386,0.5000000000000001,0.0,0.0,0.0,11.95,26.525,100.0,93.0,11.675,10.394699,0.3,12.775,20.3333333,51.31666666666667,51.5,51.53333333333333,51.95,51.18333333333333,-4.999047597142859,-0.0097883676190448,-0.0880952380952369,15.436666666666666,15.212666666666667,20.362786586349205,15.415079365079364,8.991175,9.052175,9.098278,9.10712,9.015971,0,0.0,0,1.0,-0.49,10.0,90.0
2022-10-31 23:30:00,82.75835611667,0.0,0.0,20.3333333,15.212666666666667,51.18333333333333,0,5.1764362714980825,70.66250196097344,23,0,10,-0.2588190451025215,0.965925826289068,0.0,1.0,-0.8660254037844386,0.5000000000000001,0.0,0.0,0.0,11.7,25.35,100.0,93.0,11.65,10.378594,0.2,12.75,20.29444445,51.0,51.31666666666667,51.5,51.53333333333333,51.5,-5.120666633333332,-0.0142857257142878,-0.1359047619047615,15.348571428571429,15.126,20.346119906349205,15.332634920634922,9.015971,8.991175,9.052175,9.098278,9.051168,1,1.0,1,0.75,-0.49,10.1,89.9
2022-10-31 23:45:00,102.879773511112,31.990109244444,32.007330805554,20.29444445,15.126,51.5,1,5.1764362714980825,70.66250196097344,23,0,10,-0.2588190451025215,0.965925826289068,0.0,1.0,-0.8660254037844386,0.5000000000000001,0.0,0.0,0.0,11.45,24.175,100.0,93.0,11.625,10.362511,0.0999999999999999,12.725,20.299603175,51.18333333333333,51.0,51.31666666666667,51.5,51.5,-5.168444450000001,-0.0388888499999993,-0.0866666666666677,15.212666666666667,15.14,20.32513225857143,15.229079365079365,9.051168,9.015971,8.991175,9.052175,9.053896,0,1.0,1,0.75,-0.5,10.2,89.8
2022-11-01 00:00:00,77.053306694442,0.0,0.0,20.299603175,15.14,51.5,0,5.1764362714980825,70.66250196097344,0,1,11,0.0,1.0,0.7818314824680298,0.6234898018587336,-0.5000000000000004,0.8660254037844384,0.0,0.0,0.0,11.2,23.0,100.0,93.0,11.6,10.34645,0.0,12.7,20.3,51.5,51.18333333333333,51.0,51.31666666666667,51.5,-5.159603174999997,0.0051587249999975,0.0140000000000011,15.126,15.303333333333336,20.309126975,15.159555555555556,9.053896,9.051168,9.015971,8.991175,9.054107,1,2.0,1,0.5,-0.5,10.2,89.8
2022-11-01 00:15:00,88.06092175556,24.145145272222,24.161533516666,20.3,15.303333333333336,51.5,1,5.1764362714980825,70.66250196097344,0,1,11,0.0,1.0,0.7818314824680298,0.6234898018587336,-0.5000000000000004,0.8660254037844384,0.0,0.0,0.0,11.5,23.0,100.0,93.0,11.675,10.394699,0.0,12.775,20.30925925,51.5,51.5,51.18333333333333,51.0,51.5,-4.996666666666666,0.0003968250000028,0.163333333333334,15.14,15.321333333333332,20.298015875,15.189777777777778,9.054107,9.053896,9.051168,9.015971,9.059005,0,2.0,1,0.5,-0.5,10.2,89.8
2022-11-01 00:30:00,113.074088005554,32.271764594446,32.287597344444,20.30925925,15.321333333333332,51.5,1,5.1764362714980825,70.66250196097344,0,1,11,0.0,1.0,0.7818314824680298,0.6234898018587336,-0.5000000000000004,0.8660254037844384,0.0,0.0,0.0,11.8,23.0,100.0,93.0,11.75,10.443144,0.0,12.85,20.3111111,51.5,51.5,51.5,51.18333333333333,51.5,-4.987925916666667,0.0092592499999994,0.0179999999999989,15.303333333333336,15.166,20.302954141666664,15.25488888888889,9.059005,9.054107,9.053896,9.051168,9.059985,0,1.0,0,0.75,-0.5,10.2,89.8
2022-11-01 00:45:00,105.571887905562,0.0,0.0,20.3111111,15.166,51.5,0,5.1764362714980825,70.66250196097344,0,1,11,0.0,1.0,0.7818314824680298,0.6234898018587336,-0.5000000000000004,0.8660254037844384,0.0,0.0,0.0,12.1,23.0,100.0,93.0,11.825,10.491787,0.0,12.925,20.2814815,51.5,51.5,51.5,51.5,51.5,-5.145111100000001,0.0018518500000013,-0.1553333333333331,15.321333333333332,15.068,20.306790116666665,15.263555555555556,9.059985,9.059005,9.054107,9.053896,9.044313,1,2.0,1,0.5,-0.5,10.2,89.8
2022-11-01 01:00:00,123.638387583334,34.081414455556,34.098636016666,20.2814815,15.068,51.5,1,5.1764362714980825,70.66250196097344,1,1,11,0.2588190451025207,0.9659258262890684,0.7818314824680298,0.6234898018587336,-0.5000000000000004,0.8660254037844384,0.0,0.0,0.0,12.4,23.0,100.0,93.0,11.9,10.540624,0.0,13.0,20.3111111,51.5,51.5,51.5,51.5,51.5,-5.213481499999997,-0.0296296000000033,-0.0979999999999989,15.166,14.758,20.30061728333333,15.185111111111112,9.044313,9.059985,9.059005,9.054107,9.059985,0,1.0,1,0.75,-0.5,10.3,89.7
2022-11-01 01:15:00,458.02695602222,15.338830888888,15.35466362222,20.3111111,14.758,51.5,1,5.1764362714980825,70.66250196097344,1,1,11,0.2588190451025207,0.9659258262890684,0.7818314824680298,0.6234898018587336,-0.5000000000000004,0.8660254037844384,0.0,0.0,0.0,12.975,24.175,100.0,93.25,11.9,10.536289,0.475,12.95,20.30185185,51.5,51.5,51.5,51.5,51.68333333333333,-5.553111100000001,0.0296296000000033,-0.3100000000000005,15.068,14.810666666666666,20.30123456666667,14.997333333333335,9.059985,9.044313,9.059985,9.059005,9.087319,0,1.0,0,0.75,-0.5,10.2,89.8
2022-11-01 01:30:00,98.173572966664,23.197683155556,23.21379366111,20.30185185,14.810666666666666,51.68333333333333,1,5.1764362714980825,70.66250196097344,1,1,11,0.2588190451025207,0.9659258262890684,0.7818314824680298,0.6234898018587336,-0.5000000000000004,0.8660254037844384,0.0,0.0,0.0,13.55,25.35,100.0,93.5,11.9,10.531869,0.95,12.9,20.29444445,51.5,51.5,51.5,51.5,52.0,-5.491185183333332,-0.009259250000003,0.0526666666666653,14.758,15.039333333333332,20.29814815,14.87888888888889,9.087319,9.059985,9.044313,9.059985,9.139044,0,1.0,0,0.75,-0.5,10.2,89.8
2022-11-01 01:45:00,93.280435433328,30.803212255556,30.82182266111,20.29444445,15.039333333333332,52.0,1,5.1764362714980825,70.66250196097344,1,1,11,0.2588190451025207,0.9659258262890684,0.7818314824680298,0.6234898018587336,-0.5000000000000004,0.8660254037844384,0.0,0.0,0.0,14.125,26.525,100.0,93.75,11.9,10.527364,1.4249999999999998,12.85,20.2777778,51.68333333333333,51.5,51.5,51.5,52.0,-5.255111116666667,-0.0074073999999981,0.2286666666666672,14.810666666666666,14.902142857142858,20.30246913333333,14.869333333333335,9.139044,9.087319,9.059985,9.044313,9.130149,0,0.0,0,1.0,-0.5,10.2,89.8
2022-11-01 02:00:00,66.40484361667001,0.0,0.0,20.2777778,14.902142857142858,52.0,0,5.1764362714980825,70.66250196097344,2,1,11,0.4999999999999999,0.8660254037844387,0.7818314824680298,0.6234898018587336,-0.5000000000000004,0.8660254037844384,0.0,0.0,0.0,14.7,27.7,100.0,94.0,11.9,10.522772,1.9,12.8,20.2777778,52.0,51.68333333333333,51.5,51.5,52.0,-5.3756349428571415,-0.0166666500000012,-0.1371904761904758,15.039333333333332,14.73,20.29135803333333,14.917380952380952,9.130149,9.139044,9.087319,9.059985,9.130149,1,1.0,1,0.75,-0.5,10.3,89.7
2022-11-01 02:15:00,117.230310550002,33.01812363889,33.037289572222,20.2777778,14.73,52.0,1,5.1764362714980825,70.66250196097344,2,1,11,0.4999999999999999,0.8660254037844387,0.7818314824680298,0.6234898018587336,-0.5000000000000004,0.8660254037844384,0.0,0.0,0.0,14.975,28.325,100.0,94.5,11.975,10.59515,1.4249999999999998,12.825,20.2777778,52.0,52.0,51.68333333333333,51.5,52.0,-5.5477778,0.0,-0.1721428571428589,14.902142857142858,14.695,20.28333335,14.890492063492063,9.130149,9.130149,9.139044,9.087319,9.130149,0,1.0,1,0.75,-0.5,10.3,89.7
2022-11-01 02:30:00,40.860310005554,0.0,0.0,20.2777778,14.695,52.0,0,5.1764362714980825,70.66250196097344,2,1,11,0.4999999999999999,0.8660254037844387,0.7818314824680298,0.6234898018587336,-0.5000000000000004,0.8660254037844384,0.0,0.0,0.0,15.25,28.95,100.0,95.0,12.05,10.667728,0.95,12.85,20.24444444,52.0,52.0,52.0,51.68333333333333,52.0,-5.582777799999999,0.0,-0.0349999999999983,14.73,14.748,20.2777778,14.775714285714288,9.130149,9.130149,9.130149,9.139044,9.11238,1,2.0,1,0.5,-0.5,10.3,89.7
2022-11-01 02:45:00,90.45249292222,33.506437455556,33.5244923,20.24444444,14.748,52.0,1,5.1764362714980825,70.66250196097344,2,1,11,0.4999999999999999,0.8660254037844387,0.7818314824680298,0.6234898018587336,-0.5000000000000004,0.8660254037844384,0.0,0.0,0.0,15.525,29.575,100.0,95.5,12.125,10.740501,0.4750000000000001,12.875,20.274074093333333,52.0,52.0,52.0,52.0,52.18333333333333,-5.496444439999999,-0.0333333600000003,0.052999999999999,14.695,14.814,20.26666668,14.724333333333334,9.11238,9.130149,9.130149,9.130149,9.160354,0,2.0,1,0.5,-0.51,10.4,89.6
2022-11-01 03:00:00,86.253494322216,18.313156344444,18.33010018333,20.274074093333333,14.814,52.18333333333333,1,5.1764362714980825,70.66250196097344,3,1,11,0.7071067811865476,0.7071067811865476,0.7818314824680298,0.6234898018587336,-0.5000000000000004,0.8660254037844384,0.0,0.0,0.0,15.8,30.2,100.0,96.0,12.2,10.81347,0.0,12.9,20.2777778,52.0,52.0,52.0,52.0,52.5,-5.460074093333333,0.029629653333334,0.0660000000000007,14.748,14.942,20.26543211111111,14.752333333333333,9.160354,9.11238,9.130149,9.130149,9.217938,0,1.0,0,0.75,-0.5,10.3,89.7
2022-11-01 03:15:00,73.132074666664,14.781908683334,14.79968582222,20.2777778,14.942,52.5,1,5.1764362714980825,70.66250196097344,3,1,11,0.7071067811865476,0.7071067811865476,0.7818314824680298,0.6234898018587336,-0.5000000000000004,0.8660254037844384,0.0,0.0,0.0,15.325,30.2,100.0,96.0,12.125,10.763327,0.0,12.825,20.2777778,52.18333333333333,52.0,52.0,52.0,52.5,-5.335777799999999,0.0037037066666663,0.1280000000000001,14.814,15.122307692307691,20.26543211111111,14.834666666666664,9.217938,9.160354,9.11238,9.130149,9.217938,0,1.0,0,0.75,-0.5,10.2,89.8
2022-11-01 03:30:00,77.17996832777399,22.119948483334003,22.135225688888,20.2777778,15.122307692307691,52.5,1,5.1764362714980825,70.66250196097344,3,1,11,0.7071067811865476,0.7071067811865476,0.7818314824680298,0.6234898018587336,-0.5000000000000004,0.8660254037844384,0.0,0.0,0.0,14.85,30.2,100.0,96.0,12.05,10.713387,0.0,12.75,20.2777778,52.5,52.18333333333333,52.0,52.0,52.5,-5.155470107692306,0.0,0.1803076923076929,14.942,15.264,20.27654323111111,14.959435897435895,9.217938,9.217938,9.160354,9.11238,9.217938,0,0.0,0,1.0,-0.5,10.2,89.8
2022-11-01 03:45:00,90.613042099996,0.0,0.0,20.2777778,15.264,52.5,0,5.1764362714980825,70.66250196097344,3,1,11,0.7071067811865476,0.7071067811865476,0.7818314824680298,0.6234898018587336,-0.5000000000000004,0.8660254037844384,0.0,0.0,0.0,14.375,30.2,100.0,96.0,11.975,10.6636505,0.0,12.675,20.2777778,52.5,52.5,52.18333333333333,52.0,52.5,-5.013777799999998,0.0,0.141692307692308,15.122307692307691,15.236,20.2777778,15.1094358974359,9.217938,9.217938,9.217938,9.160354,9.217938,1,1.0,1,0.75,-0.5,10.2,89.8
2022-11-01 04:00:00,102.29451922222,29.189665683334,29.208831633332,20.2777778,15.236,52.5,1,5.1764362714980825,70.66250196097344,4,1,11,0.8660254037844386,0.5000000000000001,0.7818314824680298,0.6234898018587336,-0.5000000000000004,0.8660254037844384,0.0,0.0,0.0,13.9,30.2,100.0,96.0,11.9,10.614111,0.0,12.6,20.2777778,52.5,52.5,52.5,52.18333333333333,52.5,-5.0417778,0.0,-0.0280000000000022,15.264,15.199333333333334,20.2777778,15.207435897435898,9.217938,9.217938,9.217938,9.217938,9.217938,0,1.0,1,0.75,-0.5,10.2,89.8
2022-11-01 04:15:00,81.281470827778,24.520408027778,24.540129488888,20.2777778,15.199333333333334,52.5,1,5.1764362714980825,70.66250196097344,4,1,11,0.8660254037844386,0.5000000000000001,0.7818314824680298,0.6234898018587336,-0.5000000000000004,0.8660254037844384,0.0,0.0,0.0,13.65,29.225,97.75,96.0,11.9,10.597642,0.0,12.575,20.2777778,52.5,52.5,52.5,52.5,52.5,-5.0784444666666655,0.0,-0.0366666666666652,15.236,15.056,20.2777778,15.233111111111112,9.217938,9.217938,9.217938,9.217938,9.217938,0,1.0,0,0.75,-0.5,10.2,89.8
2022-11-01 04:30:00,77.626617077776,10.712627044444,10.728737566664,20.2777778,15.056,52.5,1,5.1764362714980825,70.66250196097344,4,1,11,0.8660254037844386,0.5000000000000001,0.7818314824680298,0.6234898018587336,-0.5000000000000004,0.8660254037844384,0.0,0.0,0.0,13.4,28.25,95.5,96.0,11.9,10.581199,0.0,12.55,20.24444444,52.5,52.5,52.5,52.5,52.5,-5.221777799999998,0.0,-0.1433333333333326,15.199333333333334,14.923333333333334,20.2777778,15.163777777777776,9.217938,9.217938,9.217938,9.217938,9.2,0,1.0,0,0.75,-0.5,10.2,89.8
2022-11-01 04:45:00,97.584152111108,33.145063077776,33.16200688333,20.24444444,14.923333333333334,52.5,1,5.1764362714980825,70.66250196097344,4,1,11,0.8660254037844386,0.5000000000000001,0.7818314824680298,0.6234898018587336,-0.5000000000000004,0.8660254037844384,0.0,0.0,0.0,13.15,27.275,93.25,96.0,11.9,10.564774,0.0,12.525,20.274074093333333,52.5,52.5,52.5,52.5,52.5,-5.321111106666665,-0.0333333600000003,-0.1326666666666671,15.056,14.842666666666668,20.26666668,15.059555555555557,9.2,9.217938,9.217938,9.217938,9.215941,0,0.0,0,1.0,-0.51,10.4,89.6
2022-11-01 05:00:00,79.941802299996,15.767147088888,15.78381312222,20.274074093333333,14.842666666666668,52.5,1,5.1764362714980825,70.66250196097344,5,1,11,0.9659258262890684,0.2588190451025207,0.7818314824680298,0.6234898018587336,-0.5000000000000004,0.8660254037844384,0.0,0.0,0.0,12.9,26.3,91.0,96.0,11.9,10.548372,0.0,12.5,20.24444444,52.5,52.5,52.5,52.5,52.5,-5.431407426666665,0.029629653333334,-0.0806666666666657,14.923333333333334,14.725333333333332,20.26543211111111,14.940666666666669,9.215941,9.2,9.217938,9.217938,9.2,0,0.0,0,1.0,-0.5,10.2,89.8
2022-11-01 05:15:00,107.651804872222,22.0341186,22.050784633332,20.24444444,14.725333333333332,52.5,1,5.1764362714980825,70.66250196097344,5,1,11,0.9659258262890684,0.2588190451025207,0.7818314824680298,0.6234898018587336,-0.5000000000000004,0.8660254037844384,0.0,0.0,0.0,12.4,25.85,85.25,95.75,11.825,10.488253,0.0,12.45,20.25357143142857,52.5,52.5,52.5,52.5,52.68214285714286,-5.519111106666665,-0.029629653333334,-0.1173333333333346,14.842666666666668,14.800714285714289,20.25432099111111,14.830444444444446,9.2,9.215941,9.2,9.217938,9.236842,0,0.0,0,1.0,-0.51,10.4,89.6
2022-11-01 05:30:00,89.606415816658,15.977694216666,15.99352698333,20.25357143142857,14.800714285714289,52.68214285714286,1,5.1764362714980825,70.66250196097344,5,1,11,0.9659258262890684,0.2588190451025207,0.7818314824680298,0.6234898018587336,-0.5000000000000004,0.8660254037844384,0.0,0.0,0.0,11.9,25.4,79.5,95.5,11.75,10.428391,0.0,12.4,20.22777776,52.5,52.5,52.5,52.5,53.05,-5.452857145714285,0.0091269914285732,0.0753809523809536,14.725333333333332,14.888666666666667,20.257363321587302,14.78957142857143,9.236842,9.2,9.215941,9.2,9.287328,0,0.0,0,1.0,-0.5,10.3,89.7
2022-11-01 05:45:00,289.005383855552,25.763413872222,25.785357494442,20.22777776,14.888666666666667,53.05,1,5.1764362714980825,70.66250196097344,5,1,11,0.9659258262890684,0.2588190451025207,0.7818314824680298,0.6234898018587336,-0.5000000000000004,0.8660254037844384,0.0,0.0,0.0,11.4,24.95,73.75,95.25,11.675,10.368786,0.0,12.35,20.274074093333333,52.68214285714286,52.5,52.5,52.5,53.65,-5.339111093333331,-0.0257936714285733,0.0879523809523803,14.800714285714289,14.906666666666666,20.241931210476192,14.804904761904764,9.287328,9.236842,9.2,9.215941,9.417815,0,0.0,0,1.0,-0.51,10.4,89.6
2022-11-01 06:00:00,337.753989283334,0.0,0.0,20.274074093333333,14.906666666666666,53.65,0,5.1764362714980825,70.66250196097344,6,1,11,1.0,6.123233995736766e-17,0.7818314824680298,0.6234898018587336,-0.5000000000000004,0.8660254037844384,0.0,0.0,0.0,10.9,24.5,68.0,95.0,11.6,10.309439,0.0,12.3,20.27222224,53.05,52.68214285714286,52.5,52.5,54.3,-5.3674074266666665,0.0462963333333341,0.0179999999999989,14.888666666666667,14.992,20.2518077615873,14.865349206349208,9.417815,9.287328,9.236842,9.2,9.530888,1,1.0,1,0.75,-0.49,10.1,89.9
2022-11-01 06:15:00,84.695223155556,12.03729623889,12.052295655556,20.27222224,14.992,54.3,1,5.1764362714980825,70.66250196097344,6,1,11,1.0,6.123233995736766e-17,0.7818314824680298,0.6234898018587336,-0.5000000000000004,0.8660254037844384,0.0,0.0,0.0,10.35,23.425,55.5,95.0,11.525,10.261402,0.0,12.225,20.246296293333334,53.65,53.05,52.68214285714286,52.5,54.03333333333333,-5.280222240000002,-0.0018518533333313,0.0853333333333328,14.906666666666666,14.842666666666666,20.258024697777778,14.929111111111112,9.530888,9.417815,9.287328,9.236842,9.46972,0,1.0,1,0.75,-0.49,10.0,90.0
2022-11-01 06:30:00,107.37653818333,38.51984806111,38.538736255552,20.246296293333334,14.842666666666666,54.03333333333333,1,5.1764362714980825,70.66250196097344,6,1,11,1.0,6.123233995736766e-17,0.7818314824680298,0.6234898018587336,-0.5000000000000004,0.8660254037844384,0.0,0.0,0.0,9.8,22.35,43.0,95.0,11.45,10.213561,0.0,12.15,20.3111111,54.3,53.65,53.05,52.68214285714286,54.0,-5.403629626666668,-0.0259259466666677,-0.1493333333333328,14.992,14.786666666666664,20.26419754222222,14.913777777777776,9.46972,9.530888,9.417815,9.287328,9.499791,0,1.0,0,0.75,-0.5,10.2,89.8
2022-11-01 06:45:00,67.823398105554,0.0,0.0,20.3111111,14.786666666666664,54.0,0,5.1764362714980825,70.66250196097344,6,1,11,1.0,6.123233995736766e-17,0.7818314824680298,0.6234898018587336,-0.5000000000000004,0.8660254037844384,0.0,0.0,0.0,9.25,21.275,30.5,95.0,11.375,10.165914,0.0,12.075,20.2814815,54.03333333333333,54.3,53.65,53.05,54.0,-5.524444433333336,0.0648148066666678,-0.0560000000000009,14.842666666666666,14.959333333333335,20.276543211111115,14.873777777777777,9.499791,9.46972,9.530888,9.417815,9.483359,1,2.0,1,0.5,-0.48,9.9,90.1
2022-11-01 07:00:00,99.68434588333,43.126885972222,43.146051905554,20.2814815,14.959333333333335,54.0,1,5.1764362714980825,70.66250196097344,7,1,11,0.9659258262890684,-0.2588190451025206,0.7818314824680298,0.6234898018587336,-0.5000000000000004,0.8660254037844384,0.0,0.0,0.0,8.7,20.2,18.0,95.0,11.3,10.118461,0.0,12.0,20.310714275,54.0,54.03333333333333,54.3,53.65,54.0,-5.322148166666663,-0.0296296000000033,0.1726666666666698,14.786666666666664,14.930714285714286,20.27962963111111,14.86288888888889,9.483359,9.499791,9.46972,9.530888,9.49957,0,1.0,1,0.75,-0.49,10.0,90.0
2022-11-01 07:15:00,54.711700344444,0.0,0.0,20.310714275,14.930714285714286,54.0,0,5.1764362714980825,70.66250196097344,7,1,11,0.9659258262890684,-0.2588190451025206,0.7818314824680298,0.6234898018587336,-0.5000000000000004,0.8660254037844384,0.75,0.1875,0.0625,9.525,18.85,24.75,95.0,11.3,10.118461,0.0,12.0,20.2814815,54.0,54.0,54.03333333333333,54.3,54.0,-5.379999989285716,0.029232775000004,-0.0286190476190491,14.959333333333335,14.87,20.30110229166667,14.892238095238094,9.49957,9.483359,9.499791,9.46972,9.483359,1,2.0,1,0.5,-0.48,9.9,90.1
2022-11-01 07:30:00,105.31939822222,39.255096416666,39.27287352222,20.2814815,14.87,54.0,1,5.1764362714980825,70.66250196097344,7,1,11,0.9659258262890684,-0.2588190451025206,0.7818314824680298,0.6234898018587336,-0.5000000000000004,0.8660254037844384,1.5,0.5625,0.1875,10.35,17.5,31.5,95.0,11.3,10.118461,0.0,12.0,20.3111111,54.0,54.0,54.0,54.03333333333333,53.65,-5.411481499999997,-0.029232775000004,-0.060714285714285,14.930714285714286,14.776,20.291225758333333,14.920015873015876,9.483359,9.49957,9.483359,9.499791,9.438219,0,2.0,1,0.5,-0.49,10.0,90.0
2022-11-01 07:45:00,82.51225487778,0.0,0.0,20.3111111,14.776,53.65,0,5.1764362714980825,70.66250196097344,7,1,11,0.9659258262890684,-0.2588190451025206,0.7818314824680298,0.6234898018587336,-0.5000000000000004,0.8660254037844384,2.25,1.125,0.375,11.175,16.15,38.25,95.0,11.3,10.118461,0.0,12.0,20.26111111333333,54.0,54.0,54.0,54.0,53.5,-5.535111100000002,0.0296296000000033,-0.0940000000000012,14.87,14.803333333333333,20.301102291666663,14.858904761904762,9.438219,9.483359,9.49957,9.483359,9.384373,1,2.0,1,0.5,-0.48,9.9,90.1
2022-11-01 08:00:00,86.805694366664,16.994320216666,17.012652849998,20.26111111333333,14.803333333333333,53.5,1,5.1764362714980825,70.66250196097344,8,1,11,0.8660254037844387,-0.4999999999999998,0.7818314824680298,0.6234898018587336,-0.5000000000000004,0.8660254037844384,3.0,1.875,0.625,12.0,14.8,45.0,95.0,11.3,10.118461,0.0,12.0,20.23333331,53.65,54.0,54.0,54.0,53.5,-5.4577777800000025,-0.0499999866666662,0.0273333333333329,14.776,14.817333333333332,20.284567904444444,14.816444444444445,9.384373,9.438219,9.483359,9.49957,9.369151,0,2.0,1,0.5,-0.5,10.2,89.8
2022-11-01 08:15:00,99.784619522224,35.890230983334,35.909674705554,20.23333331,14.817333333333332,53.5,1,5.1764362714980825,70.66250196097344,8,1,11,0.8660254037844387,-0.4999999999999998,0.7818314824680298,0.6234898018587336,-0.5000000000000004,0.8660254037844384,23.75,7.625,2.6041666666666665,11.1,16.5,58.75,94.0,11.45,10.232713,0.0,12.35,20.32592589333333,53.5,53.65,54.0,54.0,53.68333333333333,-5.415999976666667,-0.0277778033333362,0.0139999999999993,14.803333333333333,15.033333333333331,20.26851850777778,14.798888888888888,9.369151,9.384373,9.438219,9.483359,9.452257,0,1.0,0,0.75,-0.5,10.3,89.7
2022-11-01 08:30:00,60.450359772218,0.0,0.0,20.32592589333333,15.033333333333331,53.68333333333333,0,5.1764362714980825,70.66250196097344,8,1,11,0.8660254037844387,-0.4999999999999998,0.7818314824680298,0.6234898018587336,-0.5000000000000004,0.8660254037844384,44.5,18.375,6.3125,10.2,18.200000000000003,72.5,93.0,11.6,10.34645,0.0,12.7,20.3,53.5,53.5,53.65,54.0,54.0,-5.292592559999997,0.0925925833333316,0.216000000000001,14.817333333333332,15.61,20.27345677222222,14.884666666666666,9.452257,9.369151,9.384373,9.438219,9.493628,1,2.0,1,0.5,-0.48,9.8,90.2
2022-11-01 08:45:00,124.63057016111,35.722459944444,35.73968152222,20.3,15.61,54.0,1,5.1764362714980825,70.66250196097344,8,1,11,0.8660254037844387,-0.4999999999999998,0.7818314824680298,0.6234898018587336,-0.5000000000000004,0.8660254037844384,65.25,34.125,11.75,9.3,19.9,86.25,92.0,11.75,10.459601,0.0,13.05,20.3296296,53.68333333333333,53.5,53.5,53.65,54.0,-4.69,-0.0259258933333299,0.576666666666668,15.033333333333331,15.903333333333334,20.28641973444444,15.153555555555556,9.493628,9.452257,9.369151,9.384373,9.510071,0,1.0,1,0.75,-0.49,9.9,90.1
2022-11-01 09:00:00,589.828072716662,0.0,0.0,20.3296296,15.903333333333334,54.0,0,5.1764362714980825,70.66250196097344,9,1,11,0.7071067811865476,-0.7071067811865475,0.7818314824680298,0.6234898018587336,-0.5000000000000004,0.8660254037844384,86.0,54.875,18.916666666666668,8.4,21.6,100.0,91.0,11.9,10.572097,0.0,13.4,20.33888886,54.0,53.68333333333333,53.5,53.5,54.35,-4.426296266666663,0.0296295999999962,0.293333333333333,15.61,16.066,20.318518497777777,15.515555555555556,9.510071,9.493628,9.452257,9.369151,9.576887,1,2.0,1,0.5,-0.48,9.8,90.2
2022-11-01 09:15:00,106.2199177,32.523421244444,32.540365049998,20.33888886,16.066,54.35,1,5.1764362714980825,70.66250196097344,9,1,11,0.7071067811865476,-0.7071067811865475,0.7818314824680298,0.6234898018587336,-0.5000000000000004,0.8660254037844384,107.75,75.875,27.89583333333333,7.300000000000001,20.075000000000003,100.0,89.5,12.15,10.706499,0.0,13.875,20.40555554333333,54.0,54.0,53.68333333333333,53.5,54.5,-4.272888860000002,0.0092592600000038,0.1626666666666647,15.903333333333334,16.302666666666667,20.322839486666663,15.85977777777778,9.576887,9.510071,9.493628,9.452257,9.640774,0,2.0,1,0.5,-0.47,9.7,90.3
2022-11-01 09:30:00,73.42956269999999,0.0,0.0,20.40555554333333,16.302666666666667,54.5,0,5.1764362714980825,70.66250196097344,9,1,11,0.7071067811865476,-0.7071067811865475,0.7818314824680298,0.6234898018587336,-0.5000000000000004,0.8660254037844384,129.5,97.125,38.6875,6.2,18.55,100.0,88.0,12.4,10.838359,0.0,14.35,20.40555555,54.35,54.0,54.0,53.68333333333333,54.5,-4.102888876666665,0.0666666833333309,0.2366666666666681,16.066,16.59,20.35802466777778,16.090666666666667,9.640774,9.576887,9.510071,9.493628,9.640774,1,2.0,1,0.5,-0.46,9.4,90.6
2022-11-01 09:45:00,98.906876966664,33.801425688888,33.817258438886,20.40555555,16.59,54.5,1,5.1764362714980825,70.66250196097344,9,1,11,0.7071067811865476,-0.7071067811865475,0.7818314824680298,0.6234898018587336,-0.5000000000000004,0.8660254037844384,151.25,118.625,51.29166666666666,5.1,17.025,100.0,86.5,12.65,10.967442,0.0,14.825,20.3888889,54.5,54.35,54.0,54.0,54.68333333333333,-3.815555549999999,6.666667218269141e-09,0.2873333333333328,16.302666666666667,16.55333333333333,20.383333317777776,16.319555555555556,9.640774,9.640774,9.576887,9.510071,9.663796,0,2.0,1,0.5,-0.46,9.4,90.6
2022-11-01 10:00:00,63.405519194446,0.0,0.0,20.3888889,16.55333333333333,54.68333333333333,0,5.1764362714980825,70.66250196097344,10,1,11,0.4999999999999999,-0.8660254037844387,0.7818314824680298,0.6234898018587336,-0.5000000000000004,0.8660254037844384,173.0,140.375,65.70833333333333,4.0,15.5,100.0,85.0,12.9,11.093511,0.0,15.3,20.38333334,54.5,54.5,54.35,54.0,55.0,-3.8355555666666703,-0.0166666499999976,-0.0366666666666688,16.59,16.665333333333333,20.39999999777778,16.482,9.663796,9.640774,9.640774,9.576887,9.716607,1,2.0,1,0.5,-0.46,9.4,90.6
2022-11-01 10:15:00,80.511501627778,26.612546555556,26.628379305554,20.38333334,16.665333333333333,55.0,1,5.1764362714980825,70.66250196097344,10,1,11,0.4999999999999999,-0.8660254037844387,0.7818314824680298,0.6234898018587336,-0.5000000000000004,0.8660254037844384,188.75,160.625,81.375,4.2,14.775,99.75,83.75,13.0,11.181953,0.0,15.675,20.35740739333333,54.68333333333333,54.5,54.5,54.35,55.0,-3.718000006666667,-0.0055555600000012,0.1120000000000018,16.55333333333333,16.766000000000002,20.392592596666663,16.602888888888888,9.716607,9.663796,9.640774,9.640774,9.701908,0,2.0,1,0.5,-0.46,9.4,90.6
2022-11-01 10:30:00,76.099733655556,13.4086303,13.423074188888,20.35740739333333,16.766000000000002,55.0,1,5.1764362714980825,70.66250196097344,10,1,11,0.4999999999999999,-0.8660254037844387,0.7818314824680298,0.6234898018587336,-0.5000000000000004,0.8660254037844384,204.5,179.375,98.29166666666669,4.4,14.05,99.5,82.5,13.1,11.267828,0.0,16.05,20.3888889,55.0,54.68333333333333,54.5,54.5,55.0,-3.5914073933333306,-0.0259259466666677,0.1006666666666689,16.665333333333333,16.87066666666667,20.376543211111112,16.661555555555555,9.701908,9.716607,9.663796,9.640774,9.719759,0,1.0,0,0.75,-0.47,9.5,90.5
2022-11-01 10:45:00,93.836246416666,19.573105927778,19.59004978333,20.3888889,16.87066666666667,55.0,1,5.1764362714980825,70.66250196097344,10,1,11,0.4999999999999999,-0.8660254037844387,0.7818314824680298,0.6234898018587336,-0.5000000000000004,0.8660254037844384,220.25,196.625,116.45833333333331,4.6,13.325,99.25,81.25,13.2,11.350987,0.0,16.425,20.40925925,55.0,55.0,54.68333333333333,54.5,55.0,-3.518222233333333,0.0314815066666689,0.1046666666666666,16.766000000000002,17.128,20.376543211111112,16.767333333333337,9.719759,9.701908,9.716607,9.663796,9.731323,0,1.0,0,0.75,-0.46,9.4,90.6
2022-11-01 11:00:00,84.736332711108,15.096340555556,15.11161776111,20.40925925,17.128,55.0,1,5.1764362714980825,70.66250196097344,11,1,11,0.258819045102521,-0.9659258262890682,0.7818314824680298,0.6234898018587336,-0.5000000000000004,0.8660254037844384,236.0,212.375,135.875,4.8,12.6,99.0,80.0,13.3,11.431285,0.0,16.8,20.49444443,55.0,55.0,55.0,54.68333333333333,55.0,-3.281259249999998,0.0203703499999967,0.2573333333333316,16.87066666666667,17.163333333333334,20.385185181111108,16.921555555555557,9.731323,9.719759,9.701908,9.716607,9.779814,0,0.0,0,1.0,-0.45,9.3,90.7
2022-11-01 11:15:00,70.03053208333,0.0,0.0,20.49444443,17.163333333333334,55.0,0,5.1764362714980825,70.66250196097344,11,1,11,0.258819045102521,-0.9659258262890682,0.7818314824680298,0.6234898018587336,-0.5000000000000004,0.8660254037844384,252.5,228.3125,154.9375,6.725,16.65,98.0,79.0,13.275,11.390477,0.05,16.95,20.62407408,55.0,55.0,55.0,55.0,55.0,-3.331111096666664,0.0851851799999998,0.0353333333333338,17.128,17.458666666666666,20.43086419333333,17.054000000000002,9.779814,9.731323,9.719759,9.701908,9.854008,1,1.0,1,0.75,-0.43,8.9,91.1
2022-11-01 11:30:00,81.550071266664,23.78377086111,23.800436911108,20.62407408,17.458666666666666,55.0,1,5.1764362714980825,70.66250196097344,11,1,11,0.258819045102521,-0.9659258262890682,0.7818314824680298,0.6234898018587336,-0.5000000000000004,0.8660254037844384,269.0,244.4375,173.64583333333334,8.65,20.700000000000003,97.0,78.0,13.25,11.347875,0.1,17.1,20.74444447,55.0,55.0,55.0,55.0,55.0,-3.165407413333334,0.1296296500000018,0.2953333333333319,17.163333333333334,17.692666666666664,20.50925925333333,17.250000000000004,9.854008,9.779814,9.731323,9.719759,9.923336,0,1.0,1,0.75,-0.4,8.4,91.6
2022-11-01 11:45:00,58.19989424444,0.0,0.0,20.74444447,17.692666666666664,55.0,0,5.1764362714980825,70.66250196097344,11,1,11,0.258819045102521,-0.9659258262890682,0.7818314824680298,0.6234898018587336,-0.5000000000000004,0.8660254037844384,285.5,260.75,192.0,10.575,24.75,96.0,77.0,13.225,11.303454,0.15,17.25,20.7777778,55.0,55.0,55.0,55.0,55.0,-3.051777803333337,0.1203703900000014,0.2339999999999982,17.458666666666666,17.70133333333333,20.62098766,17.438222222222223,9.923336,9.854008,9.779814,9.731323,9.942612,1,2.0,1,0.5,-0.37,7.9,92.1
2022-11-01 12:00:00,94.220675488888,31.31513626111,31.331246716666,20.7777778,17.70133333333333,55.0,1,5.1764362714980825,70.66250196097344,12,1,11,1.2246467991473532e-16,-1.0,0.7818314824680298,0.6234898018587336,-0.5000000000000004,0.8660254037844384,302.0,277.25,210.0,12.5,28.8,95.0,76.0,13.2,11.25719,0.2,17.4,20.73333333,55.0,55.0,55.0,55.0,55.05,-3.0764444666666684,0.0333333299999978,0.0086666666666666,17.692666666666664,17.444000000000003,20.715432116666666,17.617555555555555,9.942612,9.923336,9.854008,9.779814,9.925935,0,2.0,1,0.5,-0.36,7.8,92.2
2022-11-01 12:15:00,78.199927344448,0.0,0.0,20.73333333,17.444000000000003,55.05,0,5.1764362714980825,70.66250196097344,12,1,11,1.2246467991473532e-16,-1.0,0.7818314824680298,0.6234898018587336,-0.5000000000000004,0.8660254037844384,296.5,288.25,225.72916666666663,12.55,28.975,85.25,75.75,13.15,11.236935,0.15,17.424999999999997,20.670370400000003,55.0,55.0,55.0,55.0,55.46666666666667,-3.289333329999998,-0.0444444699999984,-0.2573333333333281,17.70133333333333,17.413333333333334,20.75185186666667,17.612666666666666,9.925935,9.942612,9.923336,9.854008,9.9644575,1,2.0,1,0.5,-0.37,7.9,92.1
2022-11-01 12:30:00,98.499115444444,28.82273596111,28.839679766664,20.670370400000003,17.413333333333334,55.46666666666667,1,5.1764362714980825,70.66250196097344,12,1,11,1.2246467991473532e-16,-1.0,0.7818314824680298,0.6234898018587336,-0.5000000000000004,0.8660254037844384,291.0,293.75,239.1875,12.6,29.15,75.5,75.5,13.1,11.216591,0.1,17.45,20.660714314285716,55.05,55.0,55.0,55.0,55.5,-3.257037066666669,-0.0629629299999976,-0.0306666666666686,17.444000000000003,17.387857142857143,20.72716051,17.519555555555556,9.9644575,9.925935,9.942612,9.923336,9.964842,0,2.0,1,0.5,-0.39,8.1,91.9
2022-11-01 12:45:00,65.700705166668,0.0,0.0,20.660714314285716,17.387857142857143,55.5,0,5.1764362714980825,70.66250196097344,12,1,11,1.2246467991473532e-16,-1.0,0.7818314824680298,0.6234898018587336,-0.5000000000000004,0.8660254037844384,285.5,293.75,250.375,12.65,29.325,65.75,75.25,13.05,11.196158,0.0499999999999999,17.475,20.61481480666667,55.46666666666667,55.05,55.0,55.0,55.5,-3.272857171428569,-0.0096560857142904,-0.0254761904761906,17.413333333333334,17.483999999999998,20.68813934809524,17.415063492063496,9.964842,9.9644575,9.925935,9.942612,9.938226,1,2.0,1,0.5,-0.39,8.2,91.8
2022-11-01 13:00:00,90.057508672222,31.396521888888,31.41291018333,20.61481480666667,17.483999999999998,55.5,1,5.1764362714980825,70.66250196097344,13,1,11,-0.2588190451025208,-0.9659258262890684,0.7818314824680298,0.6234898018587336,-0.5000000000000004,0.8660254037844384,280.0,288.25,259.2916666666667,12.7,29.5,56.0,75.0,13.0,11.175637,0.0,17.5,20.6111111,55.5,55.46666666666667,55.05,55.0,55.5,-3.1308148066666703,-0.045899507619044,0.0961428571428548,17.387857142857143,17.694000000000003,20.648633173650797,17.428396825396828,9.938226,9.964842,9.9644575,9.925935,9.93608,0,2.0,1,0.5,-0.4,8.3,91.7
2022-11-01 13:15:00,58.31377852222,0.0,0.0,20.6111111,17.694000000000003,55.5,0,5.1764362714980825,70.66250196097344,13,1,11,-0.2588190451025208,-0.9659258262890684,0.7818314824680298,0.6234898018587336,-0.5000000000000004,0.8660254037844384,309.5,291.5,269.3541666666667,12.975,31.225,67.0,75.25,13.025,11.17945,0.025,17.45,20.631481486666665,55.5,55.5,55.46666666666667,55.05,55.5,-2.917111099999996,-0.0037037066666698,0.2100000000000044,17.483999999999998,17.89333333333333,20.628880073650794,17.52195238095238,9.93608,9.938226,9.964842,9.9644575,9.947884,1,2.0,1,0.5,-0.4,8.4,91.6
2022-11-01 13:30:00,92.533243122216,31.098756,31.114588733332,20.631481486666665,17.89333333333333,55.5,1,5.1764362714980825,70.66250196097344,13,1,11,-0.2588190451025208,-0.9659258262890684,0.7818314824680298,0.6234898018587336,-0.5000000000000004,0.8660254037844384,339.0,303.5,280.5625,13.25,32.95,78.0,75.5,13.05,11.183128,0.05,17.4,20.71111111,55.5,55.5,55.5,55.46666666666667,55.5,-2.7381481533333343,0.0203703866666664,0.1993333333333282,17.694000000000003,18.03666666666667,20.619135797777776,17.690444444444445,9.947884,9.93608,9.938226,9.964842,9.994133,0,2.0,1,0.5,-0.4,8.3,91.7
2022-11-01 13:45:00,76.257227372222,0.0,0.0,20.71111111,18.03666666666667,55.5,0,5.1764362714980825,70.66250196097344,13,1,11,-0.2588190451025208,-0.9659258262890684,0.7818314824680298,0.6234898018587336,-0.5000000000000004,0.8660254037844384,368.5,324.25,292.9166666666667,13.525,34.675,89.0,75.75,13.075,11.18667,0.075,17.35,20.753703706666663,55.5,55.5,55.5,55.5,55.5,-2.674444443333332,0.0796296233333357,0.1433333333333379,17.89333333333333,18.2,20.651234565555555,17.874666666666666,9.994133,9.947884,9.93608,9.938226,10.0189495,1,2.0,1,0.5,-0.38,8.0,92.0
2022-11-01 14:00:00,89.878349172222,20.093362916666,20.109473438886,20.753703706666663,18.2,55.5,1,5.1764362714980825,70.66250196097344,14,1,11,-0.4999999999999997,-0.8660254037844388,0.7818314824680298,0.6234898018587336,-0.5000000000000004,0.8660254037844384,398.0,353.75,306.4166666666667,13.8,36.4,100.0,76.0,13.1,11.190083,0.1,17.3,20.7222222,55.5,55.5,55.5,55.5,55.5,-2.553703706666667,0.0425925966666653,0.1633333333333304,18.03666666666667,18.160666666666668,20.698765434444443,18.043333333333337,10.0189495,9.994133,9.947884,9.93608,10.000601,0,2.0,1,0.5,-0.37,7.8,92.2
2022-11-01 14:15:00,79.891804233332,10.505968644444,10.520690305554,20.7222222,18.160666666666668,55.5,1,5.1764362714980825,70.66250196097344,14,1,11,-0.4999999999999997,-0.8660254037844388,0.7818314824680298,0.6234898018587336,-0.5000000000000004,0.8660254037844384,332.75,359.5625,313.1041666666667,13.825,35.3,94.25,77.0,13.125,11.219178,0.1,17.125,20.70185185,55.5,55.5,55.5,55.5,55.5,-2.5615555333333333,-0.0314815066666653,-0.0393333333333316,18.2,18.203333333333333,20.72901233888889,18.13244444444445,10.000601,10.0189495,9.994133,9.947884,9.988748,0,1.0,0,0.75,-0.37,7.9,92.1
2022-11-01 14:30:00,84.319960499996,25.293154883334,25.310098705554,20.70185185,18.203333333333333,55.5,1,5.1764362714980825,70.66250196097344,14,1,11,-0.4999999999999997,-0.8660254037844388,0.7818314824680298,0.6234898018587336,-0.5000000000000004,0.8660254037844384,267.5,341.6875,312.9791666666667,13.85,34.2,88.5,78.0,13.15,11.246293,0.1,16.950000000000003,20.6666667,55.5,55.5,55.5,55.5,55.5,-2.4985185166666675,-0.0203703500000003,0.0426666666666655,18.160666666666668,18.182666666666663,20.72592591888889,18.188,9.988748,10.000601,10.0189495,9.994133,9.968297,0,1.0,0,0.75,-0.38,8.0,92.0
2022-11-01 14:45:00,58.56154652777,0.0,0.0,20.6666667,18.182666666666663,55.5,0,5.1764362714980825,70.66250196097344,14,1,11,-0.4999999999999997,-0.8660254037844388,0.7818314824680298,0.6234898018587336,-0.5000000000000004,0.8660254037844384,202.25,300.125,306.0416666666667,13.875,33.1,82.75,79.0,13.175,11.271456,0.1,16.775000000000002,20.6666667,55.5,55.5,55.5,55.5,55.5,-2.4840000333333343,-0.0351851500000002,-0.020666666666667,18.203333333333333,18.206666666666667,20.69691358333333,18.182222222222222,9.968297,9.988748,10.000601,10.0189495,9.968297,1,1.0,1,0.75,-0.39,8.1,91.9
2022-11-01 15:00:00,89.524196772218,27.896106327778,27.911661288888,20.6666667,18.206666666666667,55.5,1,5.1764362714980825,70.66250196097344,15,1,11,-0.7071067811865471,-0.7071067811865479,0.7818314824680298,0.6234898018587336,-0.5000000000000004,0.8660254037844384,137.0,234.875,292.2916666666667,13.9,32.0,77.0,80.0,13.2,11.294702,0.1,16.6,20.66111114,55.5,55.5,55.5,55.5,55.85,-2.4600000333333334,0.0,0.0240000000000009,18.182666666666663,18.159333333333333,20.67839508333333,18.19755555555556,9.968297,9.968297,9.988748,10.000601,10.027914,0,1.0,1,0.75,-0.39,8.1,91.9
2022-11-01 15:15:00,73.08318772222,0.0,0.0,20.66111114,18.159333333333333,55.85,0,5.1764362714980825,70.66250196097344,15,1,11,-0.7071067811865471,-0.7071067811865479,0.7818314824680298,0.6234898018587336,-0.5000000000000004,0.8660254037844384,145.0,187.9375,279.6666666666667,13.55,31.925,79.25,80.5,13.25,11.331157,0.1,16.55,20.61481480666667,55.5,55.5,55.5,55.5,56.0,-2.5017778066666665,-0.0055555600000012,-0.0473333333333343,18.206666666666667,18.094,20.66481484666667,18.182888888888893,10.027914,9.968297,9.968297,9.988748,10.02776,1,2.0,1,0.5,-0.39,8.1,91.9
2022-11-01 15:30:00,94.126234816666,24.714844733332,24.730955238886,20.61481480666667,18.094,56.0,1,5.1764362714980825,70.66250196097344,15,1,11,-0.7071067811865471,-0.7071067811865479,0.7818314824680298,0.6234898018587336,-0.5000000000000004,0.8660254037844384,153.0,159.3125,268.1666666666667,13.2,31.85,81.5,81.0,13.3,11.36728,0.1,16.5,20.6111111,55.85,55.5,55.5,55.5,56.0,-2.520814806666671,-0.0462963333333306,-0.065333333333335,18.159333333333333,18.024,20.647530882222224,18.15333333333333,10.02776,10.027914,9.968297,9.968297,10.025594,0,2.0,1,0.5,-0.4,8.3,91.7
2022-11-01 15:45:00,94.390113144444,0.0,0.0,20.6111111,18.024,56.0,0,5.1764362714980825,70.66250196097344,15,1,11,-0.7071067811865471,-0.7071067811865479,0.7818314824680298,0.6234898018587336,-0.5000000000000004,0.8660254037844384,161.0,149.0,257.7916666666667,12.85,31.775,83.75,81.5,13.35,11.403068,0.1,16.45,20.59074075,56.0,55.85,55.5,55.5,56.0,-2.5871110999999978,-0.0037037066666698,-0.0699999999999967,18.094,17.729333333333333,20.62901234888889,18.092444444444443,10.025594,10.02776,10.027914,9.968297,10.0137,1,2.0,1,0.5,-0.4,8.3,91.7
2022-11-01 16:00:00,287.231010250002,24.135701183334,24.149867250002,20.59074075,17.729333333333333,56.0,1,5.1764362714980825,70.66250196097344,16,1,11,-0.8660254037844385,-0.5000000000000004,0.7818314824680298,0.6234898018587336,-0.5000000000000004,0.8660254037844384,169.0,157.0,248.54166666666663,12.5,31.7,86.0,82.0,13.4,11.438526,0.1,16.4,20.59444445,56.0,56.0,55.85,55.5,56.35,-2.861407416666669,-0.0203703499999967,-0.2946666666666679,18.024,17.258666666666667,20.605555552222224,17.94911111111111,10.0137,10.025594,10.02776,10.027914,10.07846,0,2.0,1,0.5,-0.4,8.4,91.6
2022-11-01 16:15:00,218.842357155552,0.0,0.0,20.59444445,17.258666666666667,56.35,0,5.1764362714980825,70.66250196097344,16,1,11,-0.8660254037844385,-0.5000000000000004,0.7818314824680298,0.6234898018587336,-0.5000000000000004,0.8660254037844384,147.0,157.5,235.0,12.25,30.7,89.5,82.75,13.325,11.422006,0.075,16.224999999999998,20.59074075,56.0,56.0,56.0,55.85,56.5,-3.3357777833333344,0.003703699999999,-0.4706666666666663,17.729333333333333,17.084,20.59876543333333,17.67066666666667,10.07846,10.0137,10.025594,10.02776,10.103107,1,2.0,1,0.5,-0.4,8.3,91.7
2022-11-01 16:30:00,78.108264644436,21.791350544444,21.808016594442,20.59074075,17.084,56.5,1,5.1764362714980825,70.66250196097344,16,1,11,-0.8660254037844385,-0.5000000000000004,0.7818314824680298,0.6234898018587336,-0.5000000000000004,0.8660254037844384,125.0,150.5,217.16666666666663,12.0,29.7,93.0,83.5,13.25,11.404407,0.05,16.049999999999997,20.5888889,56.35,56.0,56.0,56.0,56.85,-3.5067407500000023,-0.003703699999999,-0.1746666666666669,17.258666666666667,16.904,20.591975316666662,17.357333333333333,10.103107,10.07846,10.0137,10.025594,10.164596,0,2.0,1,0.5,-0.4,8.3,91.7
2022-11-01 16:45:00,79.00906176111,12.153124955556,12.168124405554,20.5888889,16.904,56.85,1,5.1764362714980825,70.66250196097344,16,1,11,-0.8660254037844385,-0.5000000000000004,0.7818314824680298,0.6234898018587336,-0.5000000000000004,0.8660254037844384,103.0,136.0,195.04166666666663,11.75,28.7,96.5,84.25,13.175,11.385748,0.0249999999999999,15.875,20.5592593,56.5,56.35,56.0,56.0,57.0,-3.684888899999997,-0.0018518500000048,-0.1799999999999997,17.084,16.31533333333333,20.59135803333333,17.082222222222224,10.164596,10.103107,10.07846,10.0137,10.173826,0,1.0,0,0.75,-0.4,8.3,91.7
2022-11-01 17:00:00,73.309011988888,0.0,0.0,20.5592593,16.31533333333333,57.0,0,5.1764362714980825,70.66250196097344,17,1,11,-0.9659258262890684,-0.2588190451025206,0.7818314824680298,0.6234898018587336,-0.5000000000000004,0.8660254037844384,81.0,114.0,168.625,11.5,27.7,100.0,85.0,13.1,11.36605,0.0,15.7,20.5555556,56.85,56.5,56.35,56.0,57.0,-4.243925966666669,-0.0296295999999962,-0.5886666666666684,16.904,15.97,20.57962965,16.767777777777777,10.173826,10.164596,10.103107,10.07846,10.171631,1,2.0,1,0.5,-0.41,8.4,91.6
2022-11-01 17:15:00,89.354203588884,25.648974,25.66675112222,20.5555556,15.97,57.0,1,5.1764362714980825,70.66250196097344,17,1,11,-0.9659258262890684,-0.2588190451025206,0.7818314824680298,0.6234898018587336,-0.5000000000000004,0.8660254037844384,63.75,93.1875,146.20833333333334,11.05,27.175,100.0,86.5,13.125,11.375322,0.0,15.425,20.5555556,57.0,56.85,56.5,56.35,57.0,-4.585555600000001,-0.003703699999999,-0.3453333333333308,16.31533333333333,15.886,20.567901266666667,16.396444444444445,10.171631,10.173826,10.164596,10.103107,10.171631,0,1.0,1,0.75,-0.41,8.4,91.6
2022-11-01 17:30:00,59.963990277776006,0.0,0.0,20.5555556,15.886,57.0,0,5.1764362714980825,70.66250196097344,17,1,11,-0.9659258262890684,-0.2588190451025206,0.7818314824680298,0.6234898018587336,-0.5000000000000004,0.8660254037844384,46.5,73.5625,127.79166666666669,10.6,26.65,100.0,88.0,13.15,11.380763,0.0,15.15,20.5555556,57.0,57.0,56.85,56.5,57.0,-4.669555600000001,0.0,-0.0839999999999996,15.97,15.778,20.55679016666667,16.057111111111112,10.171631,10.171631,10.173826,10.164596,10.171631,1,2.0,1,0.5,-0.41,8.4,91.6
2022-11-01 17:45:00,80.744547972218,31.240694788888,31.25874968333,20.5555556,15.778,57.0,1,5.1764362714980825,70.66250196097344,17,1,11,-0.9659258262890684,-0.2588190451025206,0.7818314824680298,0.6234898018587336,-0.5000000000000004,0.8660254037844384,29.250000000000007,55.125,113.375,10.15,26.125,100.0,89.5,13.175,11.382477,0.0,14.875,20.5555556,57.0,57.0,57.0,56.85,57.0,-4.777555600000003,0.0,-0.1080000000000023,15.886,15.548,20.5555556,15.878,10.171631,10.171631,10.171631,10.173826,10.171631,0,2.0,1,0.5,-0.41,8.4,91.6
2022-11-01 18:00:00,60.261756133332,0.0,0.0,20.5555556,15.548,57.0,0,5.1764362714980825,70.66250196097344,18,1,11,-1.0,-1.8369701987210294e-16,0.7818314824680298,0.6234898018587336,-0.5000000000000004,0.8660254037844384,12.0,37.875,102.95833333333331,9.7,25.6,100.0,91.0,13.2,11.380576,0.0,14.6,20.521031762857145,57.0,57.0,57.0,57.0,57.05357142857143,-5.007555600000002,0.0,-0.2299999999999986,15.778,15.354285714285714,20.5555556,15.737333333333334,10.171631,10.171631,10.171631,10.171631,10.160716,1,2.0,1,0.5,-0.41,8.4,91.6
2022-11-01 18:15:00,130.52422323889,26.873369455556,26.886702305554,20.521031762857145,15.354285714285714,57.05357142857143,1,5.1764362714980825,70.66250196097344,18,1,11,-1.0,-1.8369701987210294e-16,0.7818314824680298,0.6234898018587336,-0.5000000000000004,0.8660254037844384,9.0,24.1875,91.625,9.475,24.25,100.0,91.5,13.175,11.390762,0.0,14.525,20.551851893333332,57.0,57.0,57.0,57.0,57.65,-5.166746048571431,-0.0345238371428564,-0.1937142857142859,15.548,15.286666666666664,20.54404765428572,15.560095238095238,10.160716,10.171631,10.171631,10.171631,10.285401,0,2.0,1,0.5,-0.41,8.6,91.4
2022-11-01 18:30:00,93.373487211108,0.0,0.0,20.551851893333332,15.286666666666664,57.65,0,5.1764362714980825,70.66250196097344,18,1,11,-1.0,-1.8369701987210294e-16,0.7818314824680298,0.6234898018587336,-0.5000000000000004,0.8660254037844384,6.0,14.062500000000002,79.375,9.25,22.9,100.0,92.0,13.15,11.400583,0.0,14.45,20.5555556,57.05357142857143,57.0,57.0,57.0,58.0,-5.26518522666667,0.0308201304761901,-0.0676190476190488,15.354285714285714,15.244666666666664,20.542813085396823,15.396317460317462,10.285401,10.160716,10.171631,10.171631,10.3500805,1,2.0,1,0.5,-0.4,8.4,91.6
2022-11-01 18:45:00,99.756287472218,0.0,0.0,20.5555556,15.244666666666664,58.0,0,5.1764362714980825,70.66250196097344,18,1,11,-1.0,-1.8369701987210294e-16,0.7818314824680298,0.6234898018587336,-0.5000000000000004,0.8660254037844384,3.0,7.5,66.20833333333333,9.025,21.55,100.0,92.5,13.125,11.410047,0.0,14.375,20.5555556,57.65,57.05357142857143,57.0,57.0,58.0,-5.310888933333336,0.0037037066666663,-0.0419999999999998,15.286666666666664,15.186666666666667,20.542813085396823,15.295206349206348,10.3500805,10.285401,10.160716,10.171631,10.3500805,0,3.0,0,0.25,-0.4,8.3,91.7
2022-11-01 19:00:00,84.229686144448,0.0,0.0,20.5555556,15.186666666666667,58.0,0,5.1764362714980825,70.66250196097344,19,1,11,-0.9659258262890684,0.2588190451025203,0.7818314824680298,0.6234898018587336,-0.5000000000000004,0.8660254037844384,0.0,4.5,52.125,8.8,20.2,100.0,93.0,13.1,11.419154,0.0,14.3,20.5555556,58.0,57.65,57.05357142857143,57.0,58.0,-5.368888933333334,0.0,-0.057999999999998,15.244666666666664,15.182666666666668,20.554321031111115,15.239333333333336,10.3500805,10.3500805,10.285401,10.160716,10.3500805,0,3.0,0,0.25,-0.4,8.3,91.7
2022-11-01 19:15:00,104.433044827774,30.2996213,30.315731805554,20.5555556,15.182666666666668,58.0,1,5.1764362714980825,70.66250196097344,19,1,11,-0.9659258262890684,0.2588190451025203,0.7818314824680298,0.6234898018587336,-0.5000000000000004,0.8660254037844384,0.0,2.25,39.875,9.125,20.0,100.0,93.25,12.975,11.327669,0.0,14.125,20.57592595,58.0,58.0,57.65,57.05357142857143,58.0,-5.372888933333334,0.0,-0.0039999999999995,15.186666666666667,15.127999999999998,20.5555556,15.204666666666668,10.3500805,10.3500805,10.3500805,10.285401,10.362378,0,3.0,1,0.25,-0.4,8.3,91.7
2022-11-01 19:30:00,83.272502316666,0.0,0.0,20.57592595,15.127999999999998,58.0,0,5.1764362714980825,70.66250196097344,19,1,11,-0.9659258262890684,0.2588190451025203,0.7818314824680298,0.6234898018587336,-0.5000000000000004,0.8660254037844384,0.0,0.75,29.45833333333333,9.45,19.8,100.0,93.5,12.85,11.236669,0.0,13.95,20.6111111,58.0,58.0,58.0,57.65,58.35,-5.447925950000004,0.0203703500000003,-0.0546666666666695,15.182666666666668,15.055333333333332,20.56234571666667,15.165777777777778,10.362378,10.3500805,10.3500805,10.3500805,10.446311,1,3.0,1,0.25,-0.4,8.3,91.7
2022-11-01 19:45:00,104.123890427778,0.0,0.0,20.6111111,15.055333333333332,58.35,0,5.1764362714980825,70.66250196097344,19,1,11,-0.9659258262890684,0.2588190451025203,0.7818314824680298,0.6234898018587336,-0.5000000000000004,0.8660254037844384,0.0,0.0,20.875,9.775,19.6,100.0,93.75,12.725,11.146154,0.0,13.775,20.591666675,58.0,58.0,58.0,58.0,58.5,-5.555777766666665,0.0351851499999966,-0.0726666666666648,15.127999999999998,15.025714285714288,20.580864216666665,15.122,10.446311,10.362378,10.3500805,10.3500805,10.461304,0,3.0,0,0.25,-0.38,8.1,91.9
2022-11-01 20:00:00,107.676248227782,0.0,0.0,20.591666675,15.025714285714288,58.5,0,5.1764362714980825,70.66250196097344,20,1,11,-0.8660254037844386,0.5000000000000001,0.7818314824680298,0.6234898018587336,-0.5000000000000004,0.8660254037844384,0.0,0.0,14.125,10.1,19.4,100.0,94.0,12.6,11.056121,0.0,13.6,20.5555556,58.35,58.0,58.0,58.0,58.45,-5.565952389285712,-0.0194444249999996,-0.0296190476190467,15.055333333333332,15.0,20.592901241666667,15.06968253968254,10.461304,10.446311,10.362378,10.3500805,10.430384,0,3.0,0,0.25,-0.39,8.1,91.9
2022-11-01 20:15:00,122.976747499996,25.088718627778,25.103162533332,20.5555556,15.0,58.45,1,5.1764362714980825,70.66250196097344,20,1,11,-0.8660254037844386,0.5000000000000001,0.7818314824680298,0.6234898018587336,-0.5000000000000004,0.8660254037844384,0.0,0.0,8.8125,9.925,19.6,82.75,94.75,12.475,10.956918,0.0,13.325,20.59629633666667,58.5,58.35,58.0,58.0,58.03333333333333,-5.555555600000002,-0.0361110749999973,-0.0257142857142866,15.025714285714288,14.976,20.586111125,15.027015873015875,10.430384,10.461304,10.446311,10.362378,10.380654,0,3.0,1,0.25,-0.4,8.3,91.7
2022-11-01 20:30:00,611.24054956666,0.0,0.0,20.59629633666667,14.976,58.03333333333333,0,5.1764362714980825,70.66250196097344,20,1,11,-0.8660254037844386,0.5000000000000001,0.7818314824680298,0.6234898018587336,-0.5000000000000004,0.8660254037844384,0.0,0.0,4.937500000000001,9.75,19.8,65.5,95.5,12.35,10.85752,0.0,13.05,20.62777778,58.45,58.5,58.35,58.0,58.35,-5.620296336666669,0.0407407366666667,-0.0240000000000009,15.0,14.880666666666666,20.58117287055556,15.000571428571432,10.380654,10.430384,10.461304,10.446311,10.456463,1,3.0,1,0.25,-0.39,8.2,91.8
2022-11-01 20:45:00,97.633872272222,0.0,0.0,20.62777778,14.880666666666666,58.35,0,5.1764362714980825,70.66250196097344,20,1,11,-0.8660254037844386,0.5000000000000001,0.7818314824680298,0.6234898018587336,-0.5000000000000004,0.8660254037844384,0.0,0.0,2.5,9.575,20.0,48.25000000000001,96.25,12.225,10.757954,0.0,12.775,20.6111111,58.03333333333333,58.45,58.5,58.35,58.5,-5.747111113333332,0.0314814433333303,-0.0953333333333326,14.976,14.885333333333334,20.59320990555556,14.952222222222224,10.456463,10.380654,10.430384,10.461304,10.4731655,0,3.0,0,0.25,-0.38,8.0,92.0
2022-11-01 21:00:00,102.841164122216,0.0,0.0,20.6111111,14.885333333333334,58.5,0,5.1764362714980825,70.66250196097344,21,1,11,-0.7071067811865477,0.7071067811865474,0.7818314824680298,0.6234898018587336,-0.5000000000000004,0.8660254037844384,0.0,0.0,1.5,9.4,20.2,31.0,97.0,12.1,10.658252,0.0,12.5,20.5777778,58.35,58.03333333333333,58.45,58.5,58.15,-5.725777766666665,-0.0166666800000001,0.004666666666667,14.880666666666666,14.737333333333334,20.61172840555556,14.914,10.4731655,10.456463,10.380654,10.430384,10.3903,0,3.0,0,0.25,-0.38,8.1,91.9
2022-11-01 21:15:00,153.11776399444202,27.217800144444,27.24946556111,20.5777778,14.737333333333334,58.15,1,5.1764362714980825,70.66250196097344,21,1,11,-0.7071067811865477,0.7071067811865474,0.7818314824680298,0.6234898018587336,-0.5000000000000004,0.8660254037844384,0.0,0.0,0.75,9.4,19.75,29.0,97.0,11.95,10.559289,0.0,12.35,20.6074074,58.5,58.35,58.03333333333333,58.45,57.81666666666667,-5.840444466666666,-0.0333332999999989,-0.1479999999999997,14.885333333333334,14.523333333333332,20.60555556,14.834444444444443,10.3903,10.4731655,10.456463,10.380654,10.348597,0,3.0,1,0.25,-0.39,8.2,91.8
2022-11-01 21:30:00,112.12579262222,0.0,0.0,20.6074074,14.523333333333332,57.81666666666667,0,5.1764362714980825,70.66250196097344,21,1,11,-0.7071067811865477,0.7071067811865474,0.7818314824680298,0.6234898018587336,-0.5000000000000004,0.8660254037844384,0.0,0.0,0.25,9.4,19.3,27.0,97.0,11.8,10.461127,0.0,12.2,20.59999999,58.15,58.5,58.35,58.03333333333333,57.45,-6.084074066666666,0.0296295999999998,-0.2140000000000004,14.737333333333334,14.358,20.59876543333333,14.715333333333334,10.348597,10.3903,10.4731655,10.456463,10.278529,1,3.0,1,0.25,-0.39,8.2,91.8
2022-11-01 21:45:00,112.525498766668,15.958250511112,15.994915727778,20.59999999,14.358,57.45,1,5.1764362714980825,70.66250196097344,21,1,11,-0.7071067811865477,0.7071067811865474,0.7818314824680298,0.6234898018587336,-0.5000000000000004,0.8660254037844384,0.0,0.0,0.0,9.4,18.85,25.0,97.0,11.65,10.36376,0.0,12.05,20.52777779333333,57.81666666666667,58.15,58.5,58.35,57.03333333333333,-6.24199999,-0.007407409999999,-0.1653333333333329,14.523333333333332,14.170666666666667,20.59506173,14.539555555555555,10.278529,10.348597,10.3903,10.4731655,10.16111,0,2.0,1,0.5,-0.39,8.2,91.8
2022-11-01 22:00:00,133.788537127778,14.518585850002,14.575250266668,20.52777779333333,14.170666666666667,57.03333333333333,1,5.1764362714980825,70.66250196097344,22,1,11,-0.5000000000000004,0.8660254037844384,0.7818314824680298,0.6234898018587336,-0.5000000000000004,0.8660254037844384,0.0,0.0,0.0,9.4,18.4,23.0,97.0,11.5,10.267185,0.0,11.9,20.55000004,57.45,57.81666666666667,58.15,58.5,56.95,-6.357111126666664,-0.0722221966666687,-0.1873333333333331,14.358,14.072666666666668,20.578395061111117,14.350666666666667,10.16111,10.278529,10.348597,10.3903,10.159418,0,1.0,0,0.75,-0.41,8.6,91.4
2022-11-01 22:15:00,120.789890561106,29.647425172222,29.689923505554,20.55000004,14.072666666666668,56.95,1,5.1764362714980825,70.66250196097344,22,1,11,-0.5000000000000004,0.8660254037844384,0.7818314824680298,0.6234898018587336,-0.5000000000000004,0.8660254037844384,0.0,0.0,0.0,8.975,18.125,17.25,97.0,11.3,10.139632,0.0,11.7,20.503703706666663,57.03333333333333,57.45,57.81666666666667,58.15,56.53333333333333,-6.477333373333334,0.0222222466666686,-0.0980000000000007,14.170666666666667,13.964,20.559259274444443,14.200444444444448,10.159418,10.16111,10.278529,10.348597,10.057898,0,1.0,0,0.75,-0.41,8.5,91.5
2022-11-01 22:30:00,107.380426911108,15.418827655556,15.444104427778,20.503703706666663,13.964,56.53333333333333,1,5.1764362714980825,70.66250196097344,22,1,11,-0.5000000000000004,0.8660254037844384,0.7818314824680298,0.6234898018587336,-0.5000000000000004,0.8660254037844384,0.0,0.0,0.0,8.55,17.85,11.5,97.0,11.1,10.013466,0.0,11.5,20.49444444,56.95,57.03333333333333,57.45,57.81666666666667,56.15,-6.539703706666666,-0.0462963333333341,-0.1086666666666662,14.072666666666668,13.91,20.52716051333333,14.069111111111113,10.057898,10.159418,10.16111,10.278529,9.984301,0,0.0,0,1.0,-0.42,8.7,91.3
2022-11-01 22:45:00,86.40293266111,0.0,0.0,20.49444444,13.91,56.15,0,5.1764362714980825,70.66250196097344,22,1,11,-0.5000000000000004,0.8660254037844384,0.7818314824680298,0.6234898018587336,-0.5000000000000004,0.8660254037844384,0.0,0.0,0.0,8.125,17.575,5.75,97.0,10.9,9.888668,0.0,11.3,20.448148106666665,56.53333333333333,56.95,57.03333333333333,57.45,56.0,-6.584444439999999,-0.0092592666666675,-0.0540000000000002,13.964,13.711333333333332,20.516049395555555,13.982222222222225,9.984301,10.057898,10.159418,10.16111,9.930771,1,1.0,1,0.75,-0.43,8.8,91.2
2022-11-01 23:00:00,101.056513111112,31.944277744444,31.965665772222,20.448148106666665,13.711333333333332,56.0,1,5.1764362714980825,70.66250196097344,23,1,11,-0.2588190451025215,0.965925826289068,0.7818314824680298,0.6234898018587336,-0.5000000000000004,0.8660254037844384,0.0,0.0,0.0,7.7,17.3,0.0,97.0,10.7,9.765226,0.0,11.1,20.438492025,56.15,56.53333333333333,56.95,57.03333333333333,55.68214285714286,-6.736814773333332,-0.0462963333333341,-0.1986666666666678,13.91,13.38714285714286,20.48209875111111,13.86177777777778,9.930771,9.984301,10.057898,10.159418,9.868843,0,1.0,1,0.75,-0.44,9.0,91.0
2022-11-01 23:15:00,82.001719899996,0.0,0.0,20.438492025,13.38714285714286,55.68214285714286,0,5.1764362714980825,70.66250196097344,23,1,11,-0.2588190451025215,0.965925826289068,0.7818314824680298,0.6234898018587336,-0.5000000000000004,0.8660254037844384,0.0,0.0,0.0,8.15,16.575,0.0,97.25,10.575,9.713731,0.0,10.975,20.3925926,56.0,56.15,56.53333333333333,56.95,55.96666666666667,-7.05134916785714,-0.0096560816666659,-0.3241904761904735,13.711333333333332,13.216,20.46036152388889,13.669492063492063,9.868843,9.930771,9.984301,10.057898,9.892732,1,2.0,1,0.5,-0.44,9.1,90.9
2022-11-01 23:30:00,96.758907372218,12.123959488888,12.13895892222,20.3925926,13.216,55.96666666666667,1,5.1764362714980825,70.66250196097344,23,1,11,-0.2588190451025215,0.965925826289068,0.7818314824680298,0.6234898018587336,-0.5000000000000004,0.8660254037844384,0.0,0.0,0.0,8.6,15.85,0.0,97.5,10.45,9.662367,0.0,10.85,20.39444445,55.68214285714286,56.0,56.15,56.53333333333333,55.95,-7.176592599999999,-0.0458994249999982,-0.1711428571428577,13.38714285714286,12.970666666666666,20.42641091055556,13.438158730158731,9.892732,9.868843,9.930771,9.984301,9.890853,0,2.0,1,0.5,-0.45,9.3,90.7
2022-11-01 23:45:00,100.858187711112,23.734328355556,23.7507166,20.39444445,12.970666666666666,55.95,1,5.1764362714980825,70.66250196097344,23,1,11,-0.2588190451025215,0.965925826289068,0.7818314824680298,0.6234898018587336,-0.5000000000000004,0.8660254037844384,0.0,0.0,0.0,9.05,15.125,0.0,97.75,10.325,9.611132,0.0,10.725,20.41888887,55.96666666666667,55.68214285714286,56.0,56.15,55.53,-7.423777783333332,0.0018518499999977,-0.2453333333333347,13.216,12.932,20.408509691666666,13.191269841269843,9.890853,9.892732,9.868843,9.930771,9.830622,0,1.0,0,0.75,-0.45,9.2,90.8
2022-11-02 00:00:00,330.947039372222,0.0,0.0,20.41888887,12.932,55.53,0,5.1764362714980825,70.66250196097344,0,2,11,0.0,1.0,0.9749279121818236,-0.2225209339563143,-0.5000000000000004,0.8660254037844384,0.0,0.0,0.0,9.5,14.4,0.0,98.0,10.2,9.560031,0.0,10.6,20.39444445,55.95,55.96666666666667,55.68214285714286,56.0,55.15,-7.486888870000001,0.0244444200000018,-0.0386666666666677,12.970666666666666,13.008,20.401975306666667,13.039555555555555,9.830622,9.890853,9.892732,9.868843,9.749429,1,2.0,1,0.5,-0.45,9.2,90.8
2022-11-02 00:15:00,106.544071449998,25.144549711112,25.1598269,20.39444445,13.008,55.15,1,5.1764362714980825,70.66250196097344,0,2,11,0.0,1.0,0.9749279121818236,-0.2225209339563143,-0.5000000000000004,0.8660254037844384,0.0,0.0,0.0,8.925,14.5,7.5,98.25,10.1,9.494055,0.0,10.45,20.42037035,55.53,55.95,55.96666666666667,55.68214285714286,55.0,-7.386444449999997,-0.0244444200000018,0.0760000000000022,12.932,13.04,20.40259259,12.970222222222224,9.749429,9.830622,9.890853,9.892732,9.7376375,0,1.0,1,0.75,-0.46,9.3,90.7
2022-11-02 00:30:00,75.459203794442,13.657231455556,13.672786433332,20.42037035,13.04,55.0,1,5.1764362714980825,70.66250196097344,0,2,11,0.0,1.0,0.9749279121818236,-0.2225209339563143,-0.5000000000000004,0.8660254037844384,0.0,0.0,0.0,8.35,14.6,15.0,98.5,10.0,9.428365,0.0,10.3,20.3888889,55.15,55.53,55.95,55.96666666666667,55.05,-7.38037035,0.0259259000000007,0.0319999999999982,13.008,12.976,20.411234556666667,12.993333333333334,9.7376375,9.749429,9.830622,9.890853,9.728595,0,1.0,0,0.75,-0.45,9.2,90.8
2022-11-02 00:45:00,87.86426305555601,21.798294716666,21.81412748333,20.3888889,12.976,55.05,1,5.1764362714980825,70.66250196097344,0,2,11,0.0,1.0,0.9749279121818236,-0.2225209339563143,-0.5000000000000004,0.8660254037844384,0.0,0.0,0.0,7.775,14.7,22.5,98.75,9.9,9.362961,0.0,10.15,20.3888889,55.0,55.15,55.53,55.95,55.47857142857144,-7.412888900000002,-0.0314814499999975,-0.064,13.04,12.868571428571428,20.401234566666663,13.008,9.728595,9.7376375,9.749429,9.830622,9.804334,0,1.0,0,0.75,-0.46,9.4,90.6
2022-11-02 01:00:00,73.781215333332,19.403668255556,19.420056533332,20.3888889,12.868571428571428,55.47857142857144,1,5.1764362714980825,70.66250196097344,1,2,11,0.2588190451025207,0.9659258262890684,0.9749279121818236,-0.2225209339563143,-0.5000000000000004,0.8660254037844384,0.0,0.0,0.0,7.2,14.8,30.0,99.0,9.8,9.29784,0.0,10.0,20.35555554,55.05,55.0,55.15,55.53,55.85,-7.520317471428573,0.0,-0.1074285714285707,12.976,12.83,20.39938271666667,12.961523809523811,9.804334,9.728595,9.7376375,9.749429,9.850781,0,0.0,0,1.0,-0.46,9.3,90.7
2022-11-02 01:15:00,74.171755244444,16.612391027778,16.628501516666,20.35555554,12.83,55.85,1,5.1764362714980825,70.66250196097344,1,2,11,0.2588190451025207,0.9659258262890684,0.9749279121818236,-0.2225209339563143,-0.5000000000000004,0.8660254037844384,0.0,0.0,0.0,7.125,14.425,47.5,99.25,9.775,9.277075,0.0,9.925,20.36481480666667,55.47857142857144,55.05,55.0,55.15,56.0,-7.525555540000001,-0.0333333600000003,-0.0385714285714282,12.868571428571428,12.782666666666666,20.37777778,12.891523809523813,9.850781,9.804334,9.728595,9.7376375,9.882583,0,0.0,0,1.0,-0.46,9.4,90.6
2022-11-02 01:30:00,96.793072672218,22.719368955556,22.735479477776,20.36481480666667,12.782666666666666,56.0,1,5.1764362714980825,70.66250196097344,1,2,11,0.2588190451025207,0.9659258262890684,0.9749279121818236,-0.2225209339563143,-0.5000000000000004,0.8660254037844384,0.0,0.0,0.0,7.050000000000001,14.05,65.0,99.5,9.75,9.256268,0.0,9.85,20.3333333,55.85,55.47857142857144,55.05,55.0,55.95,-7.582148140000003,0.0092592666666675,-0.0473333333333343,12.83,12.732,20.369753082222225,12.827079365079364,9.882583,9.850781,9.804334,9.728595,9.855621,0,0.0,0,1.0,-0.46,9.4,90.6
2022-11-02 01:45:00,81.181474911108,10.0620975,10.077930249998,20.3333333,12.732,55.95,1,5.1764362714980825,70.66250196097344,1,2,11,0.2588190451025207,0.9659258262890684,0.9749279121818236,-0.2225209339563143,-0.5000000000000004,0.8660254037844384,0.0,0.0,0.0,6.9750000000000005,13.675,82.5,99.75,9.725,9.235421,0.0,9.775,20.31296295,56.0,55.85,55.47857142857144,55.05,55.53333333333333,-7.6013332999999985,-0.0314815066666689,-0.0506666666666646,12.782666666666666,12.679333333333334,20.35123454888889,12.781555555555556,9.855621,9.882583,9.850781,9.804334,9.770594,0,0.0,0,1.0,-0.47,9.5,90.5
2022-11-02 02:00:00,84.323849177776,32.527309972222,32.545642605554,20.31296295,12.679333333333334,55.53333333333333,1,5.1764362714980825,70.66250196097344,2,2,11,0.4999999999999999,0.8660254037844387,0.9749279121818236,-0.2225209339563143,-0.5000000000000004,0.8660254037844384,0.0,0.0,0.0,6.9,13.3,100.0,100.0,9.7,9.214539,0.0,9.7,20.31666665,55.95,56.0,55.85,55.47857142857144,55.5,-7.633629616666665,-0.0203703500000003,-0.052666666666667,12.732,12.642,20.33703701888889,12.731333333333334,9.770594,9.855621,9.882583,9.850781,9.766841,0,0.0,0,1.0,-0.47,9.7,90.3
2022-11-02 02:15:00,64.082992094446,0.0,0.0,20.31666665,12.642,55.5,0,5.1764362714980825,70.66250196097344,2,2,11,0.4999999999999999,0.8660254037844387,0.9749279121818236,-0.2225209339563143,-0.5000000000000004,0.8660254037844384,0.0,0.0,0.0,6.825,13.3,100.0,99.75,9.9,9.338612,0.0,9.95,20.32444442,55.53333333333333,55.95,56.0,55.85,55.5,-7.674666649999999,0.003703699999999,-0.0373333333333345,12.679333333333334,12.605,20.32098763333333,12.684444444444448,9.766841,9.770594,9.855621,9.882583,9.771281,1,1.0,1,0.75,-0.47,9.7,90.3
2022-11-02 02:30:00,63.6899523,22.829642344444,22.840475227778,20.32444442,12.605,55.5,1,5.1764362714980825,70.66250196097344,2,2,11,0.4999999999999999,0.8660254037844387,0.9749279121818236,-0.2225209339563143,-0.5000000000000004,0.8660254037844384,0.0,0.0,0.0,6.75,13.3,100.0,99.5,10.1,9.463991,0.0,10.2,20.3134259125,55.5,55.53333333333333,55.95,56.0,55.4375,-7.7194444199999985,0.0077777700000005,-0.036999999999999,12.642,12.615,20.31802467333333,12.642111111111111,9.771281,9.766841,9.770594,9.855621,9.753997,0,1.0,1,0.75,-0.47,9.6,90.4
2022-11-02 02:45:00,51.770707038882,0.0,0.0,20.3134259125,12.615,55.4375,0,5.1764362714980825,70.66250196097344,2,2,11,0.4999999999999999,0.8660254037844387,0.9749279121818236,-0.2225209339563143,-0.5000000000000004,0.8660254037844384,0.0,0.0,0.0,6.675,13.3,100.0,99.25,10.3,9.590687,0.0,10.45,20.2814815,55.5,55.5,55.53333333333333,55.95,55.03333333333333,-7.698425912499998,-0.0110185075000011,0.0099999999999997,12.605,12.609999999999998,20.318178994166665,12.620666666666668,9.753997,9.771281,9.766841,9.770594,9.66483,1,2.0,1,0.5,-0.47,9.7,90.3
2022-11-02 03:00:00,108.41149661667,33.050344583334,33.067843883334,20.2814815,12.609999999999998,55.03333333333333,1,5.1764362714980825,70.66250196097344,3,2,11,0.7071067811865476,0.7071067811865476,0.9749279121818236,-0.2225209339563143,-0.5000000000000004,0.8660254037844384,0.0,0.0,0.0,6.6,13.3,100.0,99.0,10.5,9.718702,0.0,10.7,20.2777778,55.4375,55.5,55.5,55.53333333333333,54.95,-7.6714815,-0.0319444124999996,-0.0050000000000025,12.615,12.606666666666666,20.30645061083333,12.61,9.66483,9.753997,9.771281,9.766841,9.648109,0,2.0,1,0.5,-0.48,9.9,90.1
2022-11-02 03:15:00,75.200602972222,0.0,0.0,20.2777778,12.606666666666666,54.95,0,5.1764362714980825,70.66250196097344,3,2,11,0.7071067811865476,0.7071067811865476,0.9749279121818236,-0.2225209339563143,-0.5000000000000004,0.8660254037844384,0.0,0.0,0.0,7.1,14.475,100.0,99.0,10.525,9.718702,0.0,10.7,20.2777778,55.03333333333333,55.4375,55.5,55.5,54.53333333333333,-7.671111133333333,-0.003703699999999,-0.003333333333332,12.609999999999998,12.6,20.29089507083333,12.610555555555557,9.648109,9.66483,9.753997,9.771281,9.574951,1,2.0,1,0.5,-0.48,9.9,90.1
2022-11-02 03:30:00,87.339284105554,35.428305044444,35.446082116666,20.2777778,12.6,54.53333333333333,1,5.1764362714980825,70.66250196097344,3,2,11,0.7071067811865476,0.7071067811865476,0.9749279121818236,-0.2225209339563143,-0.5000000000000004,0.8660254037844384,0.0,0.0,0.0,7.6,15.65,100.0,99.0,10.55,9.718702,0.0,10.7,20.27222224,54.95,55.03333333333333,55.4375,55.5,54.5,-7.677777799999999,0.0,-0.0066666666666659,12.606666666666666,12.57,20.279012366666667,12.605555555555554,9.574951,9.648109,9.66483,9.753997,9.565992,0,2.0,1,0.5,-0.49,10.0,90.0
2022-11-02 03:45:00,68.198660844444,0.0,0.0,20.27222224,12.57,54.5,0,5.1764362714980825,70.66250196097344,3,2,11,0.7071067811865476,0.7071067811865476,0.9749279121818236,-0.2225209339563143,-0.5000000000000004,0.8660254037844384,0.0,0.0,0.0,8.1,16.825,100.0,99.0,10.575,9.718702,0.0,10.7,20.246296293333334,54.53333333333333,54.95,55.03333333333333,55.4375,54.68333333333333,-7.702222240000001,-0.0055555599999976,-0.0299999999999993,12.6,12.544,20.275925946666664,12.592222222222224,9.565992,9.574951,9.648109,9.66483,9.583638,1,2.0,1,0.5,-0.49,10.0,90.0
2022-11-02 04:00:00,86.375155955556,27.992491372222,28.009712933332,20.246296293333334,12.544,54.68333333333333,1,5.1764362714980825,70.66250196097344,4,2,11,0.8660254037844386,0.5000000000000001,0.9749279121818236,-0.2225209339563143,-0.5000000000000004,0.8660254037844384,0.0,0.0,0.0,8.6,18.0,100.0,99.0,10.6,9.718702,0.0,10.7,20.27222224,54.5,54.53333333333333,54.95,55.03333333333333,55.0,-7.702296293333333,-0.0259259466666677,-0.0259999999999998,12.57,12.452,20.265432111111117,12.571333333333335,9.583638,9.565992,9.574951,9.648109,9.653753,0,2.0,1,0.5,-0.49,10.1,89.9
2022-11-02 04:15:00,81.55173796666,23.351843655556,23.369898549998,20.27222224,12.452,55.0,1,5.1764362714980825,70.66250196097344,4,2,11,0.8660254037844386,0.5000000000000001,0.9749279121818236,-0.2225209339563143,-0.5000000000000004,0.8660254037844384,0.0,0.0,0.0,8.6,18.1,100.0,99.0,10.5,9.672831,0.0,10.625,20.246296293333334,54.68333333333333,54.5,54.53333333333333,54.95,55.0,-7.820222240000001,0.0259259466666677,-0.0920000000000005,12.544,12.35,20.26358025777778,12.522,9.653753,9.583638,9.565992,9.574951,9.639135,0,1.0,0,0.75,-0.49,9.9,90.1
2022-11-02 04:30:00,88.745338944444,13.872500611112,13.888611116666,20.246296293333334,12.35,55.0,1,5.1764362714980825,70.66250196097344,4,2,11,0.8660254037844386,0.5000000000000001,0.9749279121818236,-0.2225209339563143,-0.5000000000000004,0.8660254037844384,0.0,0.0,0.0,8.6,18.2,100.0,99.0,10.4,9.627149,0.0,10.55,20.23888888,55.0,54.68333333333333,54.5,54.53333333333333,55.0,-7.896296293333334,-0.0259259466666677,-0.1020000000000003,12.452,12.248,20.25493827555556,12.448666666666668,9.639135,9.653753,9.583638,9.565992,9.634967,0,1.0,0,0.75,-0.49,10.1,89.9
2022-11-02 04:45:00,83.57054607777201,11.798416944444,11.814249694442,20.23888888,12.248,55.0,1,5.1764362714980825,70.66250196097344,4,2,11,0.8660254037844386,0.5000000000000001,0.9749279121818236,-0.2225209339563143,-0.5000000000000004,0.8660254037844384,0.0,0.0,0.0,8.6,18.3,100.0,99.0,10.3,9.581653,0.0,10.475,20.242592586666667,55.0,55.0,54.68333333333333,54.5,55.0,-7.990888880000002,-0.0074074133333326,-0.1020000000000003,12.35,12.166666666666666,20.25246913777778,12.35,9.634967,9.639135,9.653753,9.583638,9.637052,0,0.0,0,1.0,-0.49,10.1,89.9
2022-11-02 05:00:00,77.856330172218,25.033720827778,25.051775705554,20.242592586666667,12.166666666666666,55.0,1,5.1764362714980825,70.66250196097344,5,2,11,0.9659258262890684,0.2588190451025207,0.9749279121818236,-0.2225209339563143,-0.5000000000000004,0.8660254037844384,0.0,0.0,0.0,8.6,18.4,100.0,99.0,10.2,9.536344,0.0,10.4,20.23888888,55.0,55.0,55.0,54.68333333333333,55.0,-8.075925920000001,0.0037037066666663,-0.0813333333333332,12.248,12.072666666666668,20.242592586666664,12.25488888888889,9.637052,9.634967,9.639135,9.653753,9.634967,0,0.0,0,1.0,-0.49,10.1,89.9
2022-11-02 05:15:00,89.441422266664,31.052091216666,31.069312777776,20.23888888,12.072666666666668,55.0,1,5.1764362714980825,70.66250196097344,5,2,11,0.9659258262890684,0.2588190451025207,0.9749279121818236,-0.2225209339563143,-0.5000000000000004,0.8660254037844384,0.0,0.0,0.0,8.55,18.025,100.0,98.75,10.1,9.467256,0.0,10.325,20.242592586666667,55.0,55.0,55.0,55.0,54.81666666666667,-8.166222213333334,-0.0037037066666663,-0.0939999999999994,12.166666666666666,11.944666666666668,20.24012344888889,12.162444444444445,9.634967,9.637052,9.634967,9.639135,9.604926,0,0.0,0,1.0,-0.49,10.1,89.9
2022-11-02 05:30:00,63.05886637778,0.0,0.0,20.242592586666667,11.944666666666668,54.81666666666667,0,5.1764362714980825,70.66250196097344,5,2,11,0.9659258262890684,0.2588190451025207,0.9749279121818236,-0.2225209339563143,-0.5000000000000004,0.8660254037844384,0.0,0.0,0.0,8.5,17.65,100.0,98.5,10.0,9.39858,0.0,10.25,20.23888888,55.0,55.0,55.0,55.0,54.5,-8.29792592,0.0037037066666663,-0.1280000000000001,12.072666666666668,11.944666666666668,20.241358017777777,12.061333333333335,9.604926,9.634967,9.637052,9.634967,9.547376,1,1.0,1,0.75,-0.49,10.1,89.9
2022-11-02 05:45:00,89.383369005554,32.2445435,32.264264994442,20.23888888,11.944666666666668,54.5,1,5.1764362714980825,70.66250196097344,5,2,11,0.9659258262890684,0.2588190451025207,0.9749279121818236,-0.2225209339563143,-0.5000000000000004,0.8660254037844384,0.0,0.0,0.0,8.45,17.275,100.0,98.25,9.9,9.330316,0.0,10.175,20.2222222,54.81666666666667,55.0,55.0,55.0,54.5,-8.294222213333335,-0.0037037066666663,0.0,11.944666666666668,11.992,20.24012344888889,11.987333333333334,9.547376,9.604926,9.634967,9.637052,9.538077,0,1.0,1,0.75,-0.5,10.2,89.8
2022-11-02 06:00:00,77.706613961106,0.0,0.0,20.2222222,11.992,54.5,0,5.1764362714980825,70.66250196097344,6,2,11,1.0,6.123233995736766e-17,0.9749279121818236,-0.2225209339563143,-0.5000000000000004,0.8660254037844384,0.0,0.0,0.0,8.4,16.9,100.0,98.0,9.8,9.262459,0.0,10.1,20.2222222,54.5,54.81666666666667,55.0,55.0,54.5,-8.230222200000002,-0.0166666800000001,0.0473333333333325,11.944666666666668,11.906,20.23456788888889,11.960444444444445,9.538077,9.547376,9.604926,9.634967,9.538077,1,2.0,1,0.5,-0.5,10.2,89.8
2022-11-02 06:15:00,107.336262027774,34.890826527778,34.909436933332,20.2222222,11.906,54.5,1,5.1764362714980825,70.66250196097344,6,2,11,1.0,6.123233995736766e-17,0.9749279121818236,-0.2225209339563143,-0.5000000000000004,0.8660254037844384,0.0,0.0,0.0,8.0,17.0,100.0,98.0,9.725,9.218527,0.0,10.025,20.2222222,54.5,54.5,54.81666666666667,55.0,54.31666666666667,-8.3162222,0.0,-0.0859999999999985,11.992,11.825333333333331,20.22777776,11.947555555555558,9.538077,9.538077,9.547376,9.604926,9.505991,0,2.0,1,0.5,-0.5,10.2,89.8
2022-11-02 06:30:00,66.832882127778,15.462714783334,15.478269744444,20.2222222,11.825333333333331,54.31666666666667,1,5.1764362714980825,70.66250196097344,6,2,11,1.0,6.123233995736766e-17,0.9749279121818236,-0.2225209339563143,-0.5000000000000004,0.8660254037844384,0.0,0.0,0.0,7.6,17.1,100.0,98.0,9.65,9.174776,0.0,9.95,20.22777776,54.5,54.5,54.5,54.81666666666667,54.0,-8.396888866666668,0.0,-0.0806666666666675,11.906,11.716,20.2222222,11.90777777777778,9.505991,9.538077,9.538077,9.547376,9.453643,0,1.0,0,0.75,-0.5,10.3,89.7
2022-11-02 06:45:00,83.974140916666,26.80837203889,26.825593583334,20.22777776,11.716,54.0,1,5.1764362714980825,70.66250196097344,6,2,11,1.0,6.123233995736766e-17,0.9749279121818236,-0.2225209339563143,-0.5000000000000004,0.8660254037844384,0.0,0.0,0.0,7.2,17.2,100.0,98.0,9.575,9.131208,0.0,9.875,20.25238095428572,54.31666666666667,54.5,54.5,54.5,54.0,-8.511777759999998,0.0055555599999976,-0.1093333333333319,11.825333333333331,11.565714285714288,20.224074053333336,11.81577777777778,9.453643,9.505991,9.538077,9.538077,9.467248,0,1.0,0,0.75,-0.5,10.3,89.7
2022-11-02 07:00:00,76.07584584444,21.791072755556,21.807183244444,20.25238095428572,11.565714285714288,54.0,1,5.1764362714980825,70.66250196097344,7,2,11,0.9659258262890684,-0.2588190451025206,0.9749279121818236,-0.2225209339563143,-0.5000000000000004,0.8660254037844384,0.0,0.0,0.0,6.8,17.3,100.0,98.0,9.5,9.087821,0.0,9.8,20.2222222,54.0,54.31666666666667,54.5,54.5,53.95,-8.686666668571428,0.0246031942857172,-0.1502857142857134,11.716,11.448,20.23412697142857,11.70234920634921,9.467248,9.453643,9.505991,9.538077,9.441821,0,0.0,0,1.0,-0.5,10.2,89.8
2022-11-02 07:15:00,67.296474749998,13.17419526111,13.19113908333,20.2222222,11.448,53.95,1,5.1764362714980825,70.66250196097344,7,2,11,0.9659258262890684,-0.2588190451025206,0.9749279121818236,-0.2225209339563143,-0.5000000000000004,0.8660254037844384,0.25,0.0625,0.0208333333333333,6.475,16.4,100.0,98.0,9.6,9.14571,0.0,9.9,20.2222222,54.0,54.0,54.31666666666667,54.5,53.53333333333333,-8.7742222,-0.0301587542857149,-0.1177142857142872,11.565714285714288,11.338,20.23412697142857,11.576571428571432,9.441821,9.467248,9.453643,9.505991,9.368899,0,0.0,0,1.0,-0.5,10.3,89.7
2022-11-02 07:30:00,109.457288349994,37.051851216666,37.071572711108,20.2222222,11.338,53.53333333333333,1,5.1764362714980825,70.66250196097344,7,2,11,0.9659258262890684,-0.2588190451025206,0.9749279121818236,-0.2225209339563143,-0.5000000000000004,0.8660254037844384,0.5,0.1875,0.0625,6.15,15.5,100.0,98.0,9.7,9.203922,0.0,10.0,20.21666665,53.95,54.0,54.0,54.31666666666667,53.5,-8.884222200000002,0.0,-0.1100000000000012,11.448,11.307333333333332,20.23227511809524,11.45057142857143,9.368899,9.441821,9.467248,9.453643,9.360028,0,0.0,0,1.0,-0.51,10.4,89.6
2022-11-02 07:45:00,78.681019416662,0.0,0.0,20.21666665,11.307333333333332,53.5,0,5.1764362714980825,70.66250196097344,7,2,11,0.9659258262890684,-0.2588190451025206,0.9749279121818236,-0.2225209339563143,-0.5000000000000004,0.8660254037844384,0.75,0.375,0.125,5.825,14.6,100.0,98.0,9.8,9.262459,0.0,10.1,20.170370400000003,53.53333333333333,53.95,54.0,54.0,53.5,-8.909333316666668,-0.0055555500000004,-0.0306666666666668,11.338,11.43,20.22037035,11.364444444444445,9.360028,9.368899,9.441821,9.467248,9.334724,1,1.0,1,0.75,-0.51,10.4,89.6
2022-11-02 08:00:00,90.851921394442,38.043200427778,38.06292192222,20.170370400000003,11.43,53.5,1,5.1764362714980825,70.66250196097344,8,2,11,0.8660254037844387,-0.4999999999999998,0.9749279121818236,-0.2225209339563143,-0.5000000000000004,0.8660254037844384,1.0,0.625,0.2083333333333333,5.5,13.7,100.0,98.0,9.9,9.321319,0.0,10.2,20.2,53.5,53.53333333333333,53.95,54.0,53.15,-8.740370400000003,-0.0462962499999974,0.1226666666666673,11.307333333333332,11.372000000000002,20.203086416666668,11.358444444444444,9.334724,9.360028,9.368899,9.441821,9.289739,0,1.0,1,0.75,-0.52,10.6,89.4
2022-11-02 08:15:00,405.007965749998,0.0,0.0,20.2,11.372000000000002,53.15,0,5.1764362714980825,70.66250196097344,8,2,11,0.8660254037844387,-0.4999999999999998,0.9749279121818236,-0.2225209339563143,-0.5000000000000004,0.8660254037844384,11.0,3.3125,1.125,5.125,12.975,100.0,97.0,9.825,9.27011,0.0,10.275,20.19074075,53.5,53.5,53.53333333333333,53.95,53.0,-8.827999999999998,0.0296295999999962,-0.057999999999998,11.43,11.399333333333336,20.19567901666667,11.36977777777778,9.289739,9.334724,9.360028,9.368899,9.258508,1,2.0,1,0.5,-0.51,10.5,89.5
2022-11-02 08:30:00,94.95120171667,35.92217413889,35.941340072222,20.19074075,11.399333333333336,53.0,1,5.1764362714980825,70.66250196097344,8,2,11,0.8660254037844387,-0.4999999999999998,0.9749279121818236,-0.2225209339563143,-0.5000000000000004,0.8660254037844384,21.0,8.4375,2.875,4.75,12.25,100.0,96.0,9.75,9.218176,0.0,10.35,20.21666665,53.15,53.5,53.5,53.53333333333333,53.0,-8.791407416666665,-0.0092592499999994,0.0273333333333329,11.372000000000002,11.518,20.18703705,11.400444444444446,9.258508,9.289739,9.334724,9.360028,9.272551,0,2.0,1,0.5,-0.52,10.6,89.4
2022-11-02 08:45:00,74.3345265,18.914243383334,18.931464977776,20.21666665,11.518,53.0,1,5.1764362714980825,70.66250196097344,8,2,11,0.8660254037844387,-0.4999999999999998,0.9749279121818236,-0.2225209339563143,-0.5000000000000004,0.8660254037844384,31.0,16.0,5.458333333333333,4.375,11.525,100.0,95.0,9.675,9.16551,0.0,10.425,20.19074075,53.0,53.15,53.5,53.5,53.0,-8.69866665,0.0259259000000007,0.118666666666666,11.399333333333336,11.368,20.20246913333333,11.42977777777778,9.272551,9.258508,9.289739,9.334724,9.258508,0,1.0,0,0.75,-0.51,10.5,89.5
2022-11-02 09:00:00,141.72183098333,31.487351572222,31.507628594442,20.19074075,11.368,53.0,1,5.1764362714980825,70.66250196097344,9,2,11,0.7071067811865476,-0.7071067811865475,0.9749279121818236,-0.2225209339563143,-0.5000000000000004,0.8660254037844384,41.0,26.0,8.875,4.0,10.8,100.0,94.0,9.6,9.112109,0.0,10.5,20.21666665,53.0,53.0,53.15,53.5,53.0,-8.82274075,-0.0259259000000007,-0.1500000000000003,11.518,11.494,20.199382716666666,11.428444444444446,9.258508,9.272551,9.258508,9.289739,9.272551,0,1.0,0,0.75,-0.52,10.6,89.4
2022-11-02 09:15:00,78.943231127774,0.0,0.0,20.21666665,11.494,53.0,0,5.1764362714980825,70.66250196097344,9,2,11,0.7071067811865476,-0.7071067811865475,0.9749279121818236,-0.2225209339563143,-0.5000000000000004,0.8660254037844384,60.25,38.3125,13.895833333333334,3.825,11.075,100.0,93.0,9.6,9.1009445,0.0,10.65,20.170370400000003,53.0,53.0,53.0,53.15,53.0,-8.72266665,0.0259259000000007,0.1259999999999994,11.368,11.489333333333333,20.20802468333333,11.46,9.272551,9.258508,9.272551,9.258508,9.247483,1,1.0,1,0.75,-0.51,10.5,89.5
2022-11-02 09:30:00,102.147302827778,36.565203983334,36.5852032,20.170370400000003,11.489333333333333,53.0,1,5.1764362714980825,70.66250196097344,9,2,11,0.7071067811865476,-0.7071067811865475,0.9749279121818236,-0.2225209339563143,-0.5000000000000004,0.8660254037844384,79.5,52.9375,20.52083333333333,3.65,11.35,100.0,92.0,9.6,9.088636,0.0,10.8,20.2,53.0,53.0,53.0,53.0,52.95,-8.68103706666667,-0.0462962499999974,-0.004666666666667,11.494,11.728666666666667,20.1925926,11.450444444444445,9.247483,9.272551,9.258508,9.272551,9.254782,0,1.0,1,0.75,-0.52,10.7,89.3
2022-11-02 09:45:00,79.470709944444,0.0,0.0,20.2,11.728666666666667,52.95,0,5.1764362714980825,70.66250196097344,9,2,11,0.7071067811865476,-0.7071067811865475,0.9749279121818236,-0.2225209339563143,-0.5000000000000004,0.8660254037844384,98.75,69.875,28.75,3.475,11.625,100.0,91.0,9.6,9.075166,0.0,10.95,20.19074075,53.0,53.0,53.0,53.0,52.71666666666667,-8.471333333333332,0.0296295999999962,0.2393333333333345,11.489333333333333,11.570666666666666,20.195679016666663,11.570666666666668,9.254782,9.247483,9.272551,9.258508,9.209013,1,2.0,1,0.5,-0.52,10.5,89.5
2022-11-02 10:00:00,107.724857450002,33.450328583334,33.47754976111,20.19074075,11.570666666666666,52.71666666666667,1,5.1764362714980825,70.66250196097344,10,2,11,0.4999999999999999,-0.8660254037844387,0.9749279121818236,-0.2225209339563143,-0.5000000000000004,0.8660254037844384,118.0,89.125,38.583333333333336,3.3,11.9,100.0,90.0,9.6,9.060518,0.0,11.1,20.2222222,52.95,53.0,53.0,53.0,52.65,-8.620074083333334,-0.0092592499999994,-0.1580000000000012,11.728666666666667,11.714,20.18703705,11.596222222222224,9.209013,9.254782,9.247483,9.272551,9.214307,0,2.0,1,0.5,-0.52,10.6,89.4
2022-11-02 10:15:00,84.088580805554,17.634850144444002,17.661793533332002,20.2222222,11.714,52.65,1,5.1764362714980825,70.66250196097344,10,2,11,0.4999999999999999,-0.8660254037844387,0.9749279121818236,-0.2225209339563143,-0.5000000000000004,0.8660254037844384,138.75,108.75,50.125,3.05,11.9,100.0,89.0,9.6,9.058883,0.0,11.275,20.242592586666667,52.71666666666667,52.95,53.0,53.0,52.5,-8.5082222,0.0314814500000011,0.1433333333333344,11.570666666666666,11.784666666666668,20.204320983333336,11.671111111111111,9.214307,9.209013,9.254782,9.247483,9.199003,0,1.0,0,0.75,-0.51,10.5,89.5
2022-11-02 10:30:00,91.848270455552,21.344701727778,21.371922888888,20.242592586666667,11.784666666666668,52.5,1,5.1764362714980825,70.66250196097344,10,2,11,0.4999999999999999,-0.8660254037844387,0.9749279121818236,-0.2225209339563143,-0.5000000000000004,0.8660254037844384,159.5,128.75,63.375,2.8,11.9,100.0,88.0,9.6,9.055961,0.0,11.45,20.27222224,52.65,52.71666666666667,52.95,53.0,52.5,-8.45792592,0.0203703866666664,0.0706666666666677,11.714,11.726666666666668,20.21851851222222,11.689777777777778,9.199003,9.214307,9.209013,9.254782,9.214946,0,1.0,0,0.75,-0.51,10.4,89.6
2022-11-02 10:45:00,113.512681627774,21.256927455556,21.285259705554,20.27222224,11.726666666666668,52.5,1,5.1764362714980825,70.66250196097344,10,2,11,0.4999999999999999,-0.8660254037844387,0.9749279121818236,-0.2225209339563143,-0.5000000000000004,0.8660254037844384,180.25,149.125,78.33333333333333,2.55,11.9,100.0,87.0,9.6,9.051731,0.0,11.625,20.247619045714284,52.5,52.65,52.71666666666667,52.95,52.5,-8.545555573333335,0.029629653333334,-0.0580000000000016,11.784666666666668,12.101428571428572,20.24567900888889,11.74177777777778,9.214946,9.199003,9.214307,9.209013,9.201708,0,0.0,0,1.0,-0.5,10.2,89.8
2022-11-02 11:00:00,89.304483277776,14.066381788888,14.090269749998,20.247619045714284,12.101428571428572,52.5,1,5.1764362714980825,70.66250196097344,11,2,11,0.258819045102521,-0.9659258262890682,0.9749279121818236,-0.2225209339563143,-0.5000000000000004,0.8660254037844384,201.0,169.875,95.0,2.3,11.9,100.0,86.0,9.6,9.046167,0.0,11.8,20.3888889,52.5,52.5,52.65,52.71666666666667,52.1,-8.146190474285712,-0.0246031942857172,0.3747619047619057,11.726666666666668,12.586,20.254144624126983,11.870920634920637,9.201708,9.214946,9.199003,9.214307,9.207261,0,0.0,0,1.0,-0.51,10.4,89.6
2022-11-02 11:15:00,73.612888666668,11.467596827778,11.484262877776,20.3888889,12.586,52.1,1,5.1764362714980825,70.66250196097344,11,2,11,0.258819045102521,-0.9659258262890682,0.9749279121818236,-0.2225209339563143,-0.5000000000000004,0.8660254037844384,226.75,191.875,112.97916666666669,2.1,11.9,99.5,84.25,9.575,9.029626,0.0,12.1,20.80185184,52.5,52.5,52.5,52.65,51.35,-7.802888899999997,0.1412698542857136,0.484571428571428,12.101428571428572,13.889333333333331,20.30291006190476,12.138031746031748,9.207261,9.201708,9.214946,9.199003,9.295798,0,0.0,0,1.0,-0.47,9.7,90.3
2022-11-02 11:30:00,96.21642902222,22.74603453889,22.762978344444,20.80185184,13.889333333333331,51.35,1,5.1764362714980825,70.66250196097344,11,2,11,0.258819045102521,-0.9659258262890682,0.9749279121818236,-0.2225209339563143,-0.5000000000000004,0.8660254037844384,252.5,215.125,132.27083333333334,1.9,11.9,99.0,82.5,9.55,9.0088215,0.0,12.4,21.25555554,52.1,52.5,52.5,52.5,50.25,-6.912518506666665,0.4129629399999999,1.3033333333333328,12.586,13.965333333333332,20.47945326190476,12.858920634920636,9.295798,9.207261,9.201708,9.214946,9.339596,0,0.0,0,1.0,-0.38,8.0,92.0
2022-11-02 11:45:00,913.458182394446,0.0,0.0,21.25555554,13.965333333333332,50.25,0,5.1764362714980825,70.66250196097344,11,2,11,0.258819045102521,-0.9659258262890682,0.9749279121818236,-0.2225209339563143,-0.5000000000000004,0.8660254037844384,278.25,239.625,152.875,1.7,11.9,98.5,80.75,9.525,8.98361,0.0,12.7,21.56111113,51.35,52.1,52.5,52.5,49.53333333333333,-7.290222206666668,0.4537037000000019,0.0759999999999987,13.889333333333331,13.887333333333334,20.81543209333333,13.480222222222224,9.339596,9.295798,9.207261,9.201708,9.370769,1,1.0,1,0.75,-0.28,6.6,93.4
2022-11-02 12:00:00,77.91382783888601,21.808016544444,21.825515877776,21.56111113,13.887333333333334,49.53333333333333,1,5.1764362714980825,70.66250196097344,12,2,11,1.2246467991473532e-16,-1.0,0.9749279121818236,-0.2225209339563143,-0.5000000000000004,0.8660254037844384,304.0,265.375,174.79166666666666,1.5,11.9,98.0,79.0,9.5,8.953863,0.0,13.0,21.56111113,50.25,51.35,52.1,52.5,49.9,-7.673777796666663,0.3055555899999973,-0.0779999999999976,13.965333333333332,14.177333333333332,21.206172836666664,13.914,9.370769,9.339596,9.295798,9.207261,9.440135,0,1.0,1,0.75,-0.21,5.9,94.1
2022-11-02 12:15:00,81.196752049998,11.527594411112,11.545927077776,21.56111113,14.177333333333332,49.9,1,5.1764362714980825,70.66250196097344,12,2,11,1.2246467991473532e-16,-1.0,0.9749279121818236,-0.2225209339563143,-0.5000000000000004,0.8660254037844384,311.5,286.5625,195.72916666666663,1.5,11.625,84.5,77.25,9.425,8.919434,0.0,13.3,21.411111076666664,49.53333333333333,50.25,51.35,52.1,50.65,-7.383777796666664,0.0,0.2899999999999991,13.887333333333334,14.431333333333331,21.459259266666663,14.01,9.440135,9.370769,9.339596,9.295798,9.499189,0,1.0,0,0.75,-0.21,5.9,94.1
2022-11-02 12:30:00,81.59395852777,13.946664344444,13.964441466664,21.411111076666664,14.431333333333331,50.65,1,5.1764362714980825,70.66250196097344,12,2,11,1.2246467991473532e-16,-1.0,0.9749279121818236,-0.2225209339563143,-0.5000000000000004,0.8660254037844384,319.0,303.1875,215.6875,1.5,11.35,71.0,75.5,9.35,8.880182,0.0,13.6,21.28888887,49.9,49.53333333333333,50.25,51.35,51.4,-6.979777743333331,-0.1500000533333327,0.2539999999999995,14.177333333333332,14.482,21.51111111222222,14.165333333333336,9.499189,9.440135,9.370769,9.339596,9.57182,0,1.0,0,0.75,-0.24,6.2,93.8
2022-11-02 12:45:00,84.584394288888,18.4917603,18.508704105554,21.28888887,14.482,51.4,1,5.1764362714980825,70.66250196097344,12,2,11,1.2246467991473532e-16,-1.0,0.9749279121818236,-0.2225209339563143,-0.5000000000000004,0.8660254037844384,326.5,315.25,234.66666666666663,1.5,11.075,57.5,73.75,9.275,8.835961,0.0,13.9,21.614814846666665,50.65,49.9,49.53333333333333,50.25,51.78333333333333,-6.806888870000002,-0.1222222066666631,0.0506666666666664,14.431333333333331,13.908666666666669,21.42037035888889,14.363555555555555,9.57182,9.499189,9.440135,9.370769,9.826904,0,0.0,0,1.0,-0.26,6.4,93.6
2022-11-02 13:00:00,63.666342294438,0.0,0.0,21.614814846666665,13.908666666666669,51.78333333333333,0,5.1764362714980825,70.66250196097344,13,2,11,-0.2588190451025208,-0.9659258262890684,0.9749279121818236,-0.2225209339563143,-0.5000000000000004,0.8660254037844384,334.0,322.75,252.66666666666663,1.5,10.8,44.0,72.0,9.2,8.786619,0.0,14.2,22.03333333,51.4,50.65,49.9,49.53333333333333,50.75,-7.706148179999998,0.3259259766666638,-0.5733333333333324,14.482,13.820666666666666,21.43827159777777,14.274,9.826904,9.57182,9.499189,9.440135,9.866329,1,1.0,1,0.75,-0.18,5.7,94.3
2022-11-02 13:15:00,57.9901803,0.0,0.0,22.03333333,13.820666666666666,50.75,0,5.1764362714980825,70.66250196097344,13,2,11,-0.2588190451025208,-0.9659258262890684,0.9749279121818236,-0.2225209339563143,-0.5000000000000004,0.8660254037844384,365.0,336.125,271.5208333333333,2.025,11.7,37.5,70.5,9.175,8.776488,0.0,14.525,22.35952377357143,51.78333333333333,51.4,50.65,49.9,49.846428571428575,-8.212666663333335,0.4185184833333366,-0.0880000000000009,13.908666666666669,14.09142857142857,21.64567901555556,14.070444444444446,9.866329,9.826904,9.57182,9.499189,9.874341,0,2.0,0,0.5,-0.09,5.2,94.8
2022-11-02 13:30:00,73.504837538886,21.753574255556,21.769407005554,22.35952377357143,14.09142857142857,49.846428571428575,1,5.1764362714980825,70.66250196097344,13,2,11,-0.2588190451025208,-0.9659258262890684,0.9749279121818236,-0.2225209339563143,-0.5000000000000004,0.8660254037844384,396.0,355.375,291.2291666666667,2.55,12.6,31.0,69.0,9.15,8.761948,0.0,14.85,22.34444441,50.75,51.78333333333333,51.4,50.65,49.55,-8.268095202142858,0.3261904435714271,0.2707619047619047,13.820666666666666,14.382,22.00255731674603,13.94025396825397,9.874341,9.866329,9.826904,9.57182,9.807115,0,2.0,1,0.5,-0.01,5.0,95.0
2022-11-02 13:45:00,66.16429785555201,0.0,0.0,22.34444441,14.382,49.55,0,5.1764362714980825,70.66250196097344,13,2,11,-0.2588190451025208,-0.9659258262890684,0.9749279121818236,-0.2225209339563143,-0.5000000000000004,0.8660254037844384,427.0,380.5,311.7916666666667,3.075,13.5,24.5,67.5,9.125,8.742849,0.0,15.175,22.04444444,49.846428571428575,50.75,51.78333333333333,51.4,49.96666666666667,-7.962444410000002,-0.0150793635714272,0.2905714285714289,14.09142857142857,14.894666666666666,22.24576717119048,14.098031746031744,9.807115,9.874341,9.866329,9.826904,9.720265,1,3.0,1,0.25,-0.02,5.0,95.0
2022-11-02 14:00:00,98.5002265,30.841544088888,30.859876705554,22.04444444,14.894666666666666,49.96666666666667,1,5.1764362714980825,70.66250196097344,14,2,11,-0.4999999999999997,-0.8660254037844388,0.9749279121818236,-0.2225209339563143,-0.5000000000000004,0.8660254037844384,458.0,411.5,333.2083333333333,3.6,14.4,18.0,66.0,9.1,8.719036,0.0,15.5,21.75555555,49.55,49.846428571428575,50.75,51.78333333333333,50.05,-7.149777773333334,-0.2999999700000018,0.5126666666666662,14.382,15.317333333333332,22.24947087452381,14.456031746031746,9.720265,9.807115,9.874341,9.866329,9.575537,0,2.0,1,0.5,-0.09,5.2,94.8
2022-11-02 14:15:00,77.704669488888,0.0,0.0,21.75555555,15.317333333333332,50.05,0,5.1764362714980825,70.66250196097344,14,2,11,-0.4999999999999997,-0.8660254037844388,0.9749279121818236,-0.2225209339563143,-0.5000000000000004,0.8660254037844384,450.0,432.75,351.8125,4.525,15.85,16.25,66.0,9.125,8.719036,0.0,15.5,21.54629632,49.96666666666667,49.55,49.846428571428575,50.75,50.46666666666667,-6.438222216666668,-0.288888889999999,0.4226666666666663,14.894666666666666,15.811333333333332,22.04814813333333,14.864666666666666,9.575537,9.720265,9.807115,9.874341,9.53916,1,2.0,1,0.5,-0.16,5.5,94.5
2022-11-02 14:30:00,114.177099433332,27.168635427778,27.184468177776,21.54629632,15.811333333333332,50.46666666666667,1,5.1764362714980825,70.66250196097344,14,2,11,-0.4999999999999997,-0.8660254037844388,0.9749279121818236,-0.2225209339563143,-0.5000000000000004,0.8660254037844384,442.0,444.25,367.6041666666667,5.45,17.3,14.5,66.0,9.15,8.719036,0.0,15.5,21.44999997,50.05,49.96666666666667,49.55,49.846428571428575,50.5,-5.734962986666668,-0.2092592300000006,0.4939999999999998,15.317333333333332,16.094,21.78209877,15.341111111111111,9.53916,9.575537,9.720265,9.807115,9.492408,0,2.0,1,0.5,-0.21,5.9,94.1
2022-11-02 14:45:00,493.023056022224,0.0,0.0,21.44999997,16.094,50.5,0,5.1764362714980825,70.66250196097344,14,2,11,-0.4999999999999997,-0.8660254037844388,0.9749279121818236,-0.2225209339563143,-0.5000000000000004,0.8660254037844384,434.0,446.0,380.5833333333333,6.375,18.75,12.75,66.0,9.175,8.719036,0.0,15.5,21.29999997,50.46666666666667,50.05,49.96666666666667,49.55,50.5,-5.355999969999999,-0.0962963499999993,0.2826666666666693,15.811333333333332,16.394,21.58395061333333,15.74088888888889,9.492408,9.53916,9.575537,9.720265,9.410279,1,2.0,1,0.5,-0.23,6.1,93.9
2022-11-02 15:00:00,137.042018050002,0.0,0.0,21.29999997,16.394,50.5,0,5.1764362714980825,70.66250196097344,15,2,11,-0.7071067811865471,-0.7071067811865479,0.9749279121818236,-0.2225209339563143,-0.5000000000000004,0.8660254037844384,426.0,438.0,390.75,7.3,20.2,11.0,66.0,9.2,8.719036,0.0,15.5,21.24444442,50.5,50.46666666666667,50.05,49.96666666666667,50.5,-4.90599997,-0.1500000000000021,0.2999999999999971,16.094,16.912,21.43209875333333,16.099777777777778,9.410279,9.492408,9.53916,9.575537,9.380016,0,3.0,0,0.25,-0.27,6.5,93.5
2022-11-02 15:15:00,246.779017227782,25.986182694446,25.995349011112,21.24444442,16.912,50.5,1,5.1764362714980825,70.66250196097344,15,2,11,-0.7071067811865471,-0.7071067811865479,0.9749279121818236,-0.2225209339563143,-0.5000000000000004,0.8660254037844384,399.75,425.4375,398.1041666666667,7.325,20.45,8.25,66.5,9.175,8.705447,0.0,15.35,21.55185183333333,50.5,50.5,50.46666666666667,50.05,50.31666666666667,-4.332444420000002,-0.0555555499999975,0.5180000000000007,16.394,17.423333333333336,21.331481453333332,16.466666666666665,9.380016,9.410279,9.492408,9.53916,9.513863,0,2.0,1,0.5,-0.28,6.6,93.4
2022-11-02 15:30:00,186.221162038886,0.0,0.0,21.55185183333333,17.423333333333336,50.31666666666667,0,5.1764362714980825,70.66250196097344,15,2,11,-0.7071067811865471,-0.7071067811865479,0.9749279121818236,-0.2225209339563143,-0.5000000000000004,0.8660254037844384,373.5,408.3125,402.6458333333333,7.35,20.7,5.5,67.0,9.15,8.691294,0.0,15.2,21.97222226,50.5,50.5,50.5,50.46666666666667,49.3,-4.128518499999998,0.3074074133333333,0.5113333333333365,16.912,17.483999999999998,21.36543207444444,16.909777777777776,9.513863,9.380016,9.410279,9.492408,9.550727,1,3.0,1,0.25,-0.21,5.9,94.1
2022-11-02 15:45:00,172.812809527774,19.551162355556,19.596716133332,21.97222226,17.483999999999998,49.3,1,5.1764362714980825,70.66250196097344,15,2,11,-0.7071067811865471,-0.7071067811865479,0.9749279121818236,-0.2225209339563143,-0.5000000000000004,0.8660254037844384,347.25,386.625,404.375,7.375,20.95,2.75,67.5,9.125,8.676585,0.0,15.05,22.01481482666667,50.31666666666667,50.5,50.5,50.5,49.0,-4.488222260000004,0.4203704266666683,0.0606666666666626,17.423333333333336,17.417333333333332,21.58950617111111,17.273111111111113,9.550727,9.513863,9.380016,9.410279,9.51595,0,2.0,1,0.5,-0.11,5.3,94.7
2022-11-02 16:00:00,163.144862844444,0.0,0.0,22.01481482666667,17.417333333333332,49.0,0,5.1764362714980825,70.66250196097344,16,2,11,-0.8660254037844385,-0.5000000000000004,0.9749279121818236,-0.2225209339563143,-0.5000000000000004,0.8660254037844384,321.0,360.375,403.2916666666667,7.4,21.2,0.0,68.0,9.1,8.66133,0.0,14.9,21.76666664,49.3,50.31666666666667,50.5,50.5,49.05,-4.597481493333337,0.0425925666666664,-0.0666666666666664,17.483999999999998,17.252,21.84629630666667,17.441555555555556,9.51595,9.550727,9.513863,9.380016,9.390243,1,2.0,1,0.5,-0.1,5.2,94.8
2022-11-02 16:15:00,173.475838372226,26.478663011112,26.520050255556,21.76666664,17.252,49.05,1,5.1764362714980825,70.66250196097344,16,2,11,-0.8660254037844385,-0.5000000000000004,0.9749279121818236,-0.2225209339563143,-0.5000000000000004,0.8660254037844384,285.25,331.75,396.6458333333333,6.525,20.575,0.0,69.75,9.175,8.723023,0.0,14.6,21.474074076666668,49.0,49.3,50.31666666666667,50.5,49.46666666666667,-4.5146666400000015,-0.2481481866666683,-0.1653333333333329,17.417333333333332,17.451999999999998,21.917901242222225,17.384444444444444,9.390243,9.51595,9.550727,9.513863,9.311144,0,2.0,1,0.5,-0.16,5.5,94.5
2022-11-02 16:30:00,169.479331605558,0.0,0.0,21.474074076666668,17.451999999999998,49.46666666666667,0,5.1764362714980825,70.66250196097344,16,2,11,-0.8660254037844385,-0.5000000000000004,0.9749279121818236,-0.2225209339563143,-0.5000000000000004,0.8660254037844384,249.5,300.75,384.4375,5.65,19.95,0.0,71.5,9.25,8.779242,0.0,14.3,21.25555555,49.05,49.0,49.3,50.31666666666667,49.5,-4.022074076666669,-0.2925925633333328,0.1999999999999993,17.252,17.817999999999998,21.751851847777782,17.37377777777778,9.311144,9.390243,9.51595,9.550727,9.200199,1,2.0,1,0.5,-0.23,6.1,93.9
2022-11-02 16:45:00,134.061304,0.0,0.0,21.25555555,17.817999999999998,49.5,0,5.1764362714980825,70.66250196097344,16,2,11,-0.8660254037844385,-0.5000000000000004,0.9749279121818236,-0.2225209339563143,-0.5000000000000004,0.8660254037844384,213.75,267.375,366.6666666666667,4.775,19.325,0.0,73.25,9.325,8.830136,0.0,14.0,21.12222224,49.46666666666667,49.05,49.0,49.3,49.5,-3.4375555500000026,-0.2185185266666671,0.3659999999999996,17.451999999999998,17.89,21.498765422222224,17.507333333333335,9.200199,9.311144,9.390243,9.51595,9.129307,0,3.0,0,0.25,-0.28,6.7,93.3
2022-11-02 17:00:00,10.870676255556,0.0,0.0,21.12222224,17.89,49.5,0,5.1764362714980825,70.66250196097344,17,2,11,-0.9659258262890684,-0.2588190451025206,0.9749279121818236,-0.2225209339563143,-0.5000000000000004,0.8660254037844384,178.0,231.625,343.3333333333333,3.9,18.7,0.0,75.0,9.4,8.875863,0.0,13.7,21.084464302285717,49.5,49.46666666666667,49.05,49.0,49.55,-3.2322222399999987,-0.1333333100000011,0.0720000000000027,17.817999999999998,17.559714285714286,21.28395062222222,17.72,9.129307,9.200199,9.311144,9.390243,9.118516,0,3.0,0,0.25,-0.31,7.1,92.9
2022-11-02 17:15:00,16.0778151791673,0.0,0.0,21.084464302285717,17.559714285714286,49.55,0,5.1764362714980825,70.66250196097344,17,2,11,-0.9659258262890684,-0.2588190451025206,0.9749279121818236,-0.2225209339563143,-0.5000000000000004,0.8660254037844384,142.75,196.0,317.7291666666667,3.975,15.65,0.0,76.25,9.225,8.790389,0.0,13.275,21.046706364571428,49.5,49.5,49.46666666666667,49.05,49.6,-3.524750016571428,-0.0377579377142858,-0.3302857142857149,17.89,17.22942857142857,21.15408069742857,17.755904761904763,9.118516,9.129307,9.200199,9.311144,9.107726,0,4.0,0,0.0,-0.32,7.2,92.8
2022-11-02 17:30:00,21.2849541027786,0.0,0.0,21.046706364571428,17.22942857142857,49.6,0,5.1764362714980825,70.66250196097344,17,2,11,-0.9659258262890684,-0.2588190451025206,0.9749279121818236,-0.2225209339563143,-0.5000000000000004,0.8660254037844384,107.5,160.5,289.8541666666667,4.05,12.6,0.0,77.5,9.05,8.7026205,0.0,12.85,21.008948426857145,49.55,49.5,49.5,49.46666666666667,49.65,-3.817277793142857,-0.0377579377142858,-0.3302857142857149,17.559714285714286,16.899142857142856,21.084464302285717,17.55971428571429,9.107726,9.118516,9.129307,9.200199,9.096934,0,4.0,0,0.0,-0.33,7.3,92.7
2022-11-02 17:45:00,26.492093026389902,0.0,0.0,21.008948426857145,16.899142857142856,49.65,0,5.1764362714980825,70.66250196097344,17,2,11,-0.9659258262890684,-0.2588190451025206,0.9749279121818236,-0.2225209339563143,-0.5000000000000004,0.8660254037844384,72.25,125.125,259.7083333333333,4.125,9.55,0.0,78.75,8.875,8.61271,0.0,12.425,20.971190489142856,49.6,49.55,49.5,49.5,49.7,-4.109805569714286,-0.0377579377142858,-0.3302857142857149,17.22942857142857,16.568857142857144,21.04670636457143,17.22942857142857,9.096934,9.107726,9.118516,9.129307,9.086139,0,4.0,0,0.0,-0.34,7.4,92.6
2022-11-02 18:00:00,31.6992319500012,0.0,0.0,20.971190489142856,16.568857142857144,49.7,0,5.1764362714980825,70.66250196097344,18,2,11,-1.0,-1.8369701987210294e-16,0.9749279121818236,-0.2225209339563143,-0.5000000000000004,0.8660254037844384,37.0,89.875,227.29166666666663,4.2,6.5,0.0,80.0,8.7,8.520808,0.0,12.0,20.93343255142857,49.65,49.6,49.55,49.5,49.75,-4.402333346285712,-0.0377579377142858,-0.3302857142857114,16.899142857142856,16.23857142857143,21.008948426857145,16.89914285714286,9.086139,9.096934,9.107726,9.118516,9.07534,0,4.0,0,0.0,-0.35,7.5,92.5
2022-11-02 18:15:00,36.9063708736125,0.0,0.0,20.93343255142857,16.23857142857143,49.75,0,5.1764362714980825,70.66250196097344,18,2,11,-1.0,-1.8369701987210294e-16,0.9749279121818236,-0.2225209339563143,-0.5000000000000004,0.8660254037844384,27.75,61.125,196.29166666666663,3.925,6.125,3.0,82.5,8.5,8.450131,0.0,11.375,20.895674613714284,49.7,49.65,49.6,49.55,49.8,-4.694861122857141,-0.0377579377142858,-0.3302857142857149,16.568857142857144,15.908285714285714,20.971190489142856,16.568857142857144,9.07534,9.086139,9.096934,9.107726,9.064541,0,4.0,0,0.0,-0.36,7.7,92.3
2022-11-02 18:30:00,42.113509797223806,0.0,0.0,20.895674613714284,15.908285714285714,49.8,0,5.1764362714980825,70.66250196097344,18,2,11,-1.0,-1.8369701987210294e-16,0.9749279121818236,-0.2225209339563143,-0.5000000000000004,0.8660254037844384,18.5,38.875,166.70833333333334,3.65,5.75,6.0,85.0,8.3,8.370688,0.0,10.75,20.857916676,49.75,49.7,49.65,49.6,49.85,-4.98738889942857,-0.0377579377142858,-0.3302857142857149,16.23857142857143,15.578,20.93343255142857,16.23857142857143,9.064541,9.07534,9.086139,9.096934,9.053739,0,4.0,0,0.0,-0.37,7.8,92.2
2022-11-02 18:45:00,47.3206487208351,0.0,0.0,20.857916676,15.578,49.85,0,5.1764362714980825,70.66250196097344,18,2,11,-1.0,-1.8369701987210294e-16,0.9749279121818236,-0.2225209339563143,-0.5000000000000004,0.8660254037844384,9.25,23.125,138.54166666666666,3.375,5.375,9.0,87.5,8.1,8.283164,0.0,10.125,20.820158738285716,49.8,49.75,49.7,49.65,49.9,-5.279916675999999,-0.0377579377142858,-0.3302857142857149,15.908285714285714,15.247714285714286,20.895674613714288,15.908285714285716,9.053739,9.064541,9.07534,9.086139,9.042934,0,4.0,0,0.0,-0.38,7.9,92.1
2022-11-02 19:00:00,52.527787644446406,0.0,0.0,20.820158738285716,15.247714285714286,49.9,0,5.1764362714980825,70.66250196097344,19,2,11,-0.9659258262890684,0.2588190451025203,0.9749279121818236,-0.2225209339563143,-0.5000000000000004,0.8660254037844384,0.0,13.875,111.79166666666669,3.1,5.0,12.0,90.0,7.9,8.188216,0.0,9.5,20.782400800571427,49.85,49.8,49.75,49.7,49.95,-5.5724444525714265,-0.0377579377142858,-0.3302857142857132,15.578,14.917428571428571,20.857916676,15.578,9.042934,9.053739,9.064541,9.07534,9.032125,0,4.0,0,0.0,-0.38,8.1,91.9
2022-11-02 19:15:00,57.73492656805771,0.0,0.0,20.782400800571427,14.917428571428571,49.95,0,5.1764362714980825,70.66250196097344,19,2,11,-0.9659258262890684,0.2588190451025203,0.9749279121818236,-0.2225209339563143,-0.5000000000000004,0.8660254037844384,0.0,6.9375,88.02083333333333,2.9,4.925,9.0,89.0,7.725,8.084354,0.0,9.475,20.74464286285714,49.9,49.85,49.8,49.75,50.0,-5.864972229142856,-0.0377579377142858,-0.3302857142857149,15.247714285714286,14.587142857142858,20.820158738285716,15.247714285714286,9.032125,9.042934,9.053739,9.064541,9.02132,0,4.0,0,0.0,-0.39,8.2,91.8
2022-11-02 19:30:00,62.942065491669005,0.0,0.0,20.74464286285714,14.587142857142858,50.0,0,5.1764362714980825,70.66250196097344,19,2,11,-0.9659258262890684,0.2588190451025203,0.9749279121818236,-0.2225209339563143,-0.5000000000000004,0.8660254037844384,0.0,2.3125,67.22916666666667,2.7,4.85,6.0,88.0,7.550000000000001,7.980798,0.0,9.45,20.70688492514286,49.95,49.9,49.85,49.8,50.05,-6.157500005714283,-0.0377579377142858,-0.3302857142857132,14.917428571428571,14.256857142857143,20.782400800571427,14.917428571428571,9.02132,9.032125,9.042934,9.053739,9.01051,0,4.0,0,0.0,-0.4,8.4,91.6
2022-11-02 19:45:00,68.14920441528031,0.0,0.0,20.70688492514286,14.256857142857143,50.05,0,5.1764362714980825,70.66250196097344,19,2,11,-0.9659258262890684,0.2588190451025203,0.9749279121818236,-0.2225209339563143,-0.5000000000000004,0.8660254037844384,0.0,0.0,49.41666666666666,2.5,4.775,3.0,87.0,7.375,7.87755,0.0,9.425,20.669126987428573,50.0,49.95,49.9,49.85,50.1,-6.450027782285716,-0.0377579377142822,-0.3302857142857149,14.587142857142858,13.926571428571428,20.744642862857145,14.587142857142858,9.01051,9.02132,9.032125,9.042934,8.999698,0,4.0,0,0.0,-0.41,8.5,91.5
2022-11-02 20:00:00,73.3563433388916,0.0,0.0,20.669126987428573,13.926571428571428,50.1,0,5.1764362714980825,70.66250196097344,20,2,11,-0.8660254037844386,0.5000000000000001,0.9749279121818236,-0.2225209339563143,-0.5000000000000004,0.8660254037844384,0.0,0.0,34.583333333333336,2.3,4.7,0.0,86.0,7.2,7.7746077,0.0,9.4,20.631369049714287,50.05,50.0,49.95,49.9,50.15,-6.742555558857145,-0.0377579377142858,-0.3302857142857149,14.256857142857143,13.596285714285711,20.70688492514286,14.256857142857143,8.999698,9.01051,9.02132,9.032125,8.988883,0,4.0,0,0.0,-0.42,8.7,91.3
2022-11-02 20:15:00,78.5634822625029,0.0,0.0,20.631369049714287,13.596285714285711,50.15,0,5.1764362714980825,70.66250196097344,20,2,11,-0.8660254037844386,0.5000000000000001,0.9749279121818236,-0.2225209339563143,-0.5000000000000004,0.8660254037844384,0.0,0.0,22.6875,2.375,4.6,0.0,86.25,7.125,7.747652,0.0,9.3,20.593611112,50.1,50.05,50.0,49.95,50.2,-7.035083335428574,-0.0377579377142858,-0.3302857142857149,13.926571428571428,13.266,20.669126987428573,13.92657142857143,8.988883,8.999698,9.01051,9.02132,8.978069,0,4.0,0,0.0,-0.43,8.8,91.2
2022-11-02 20:30:00,83.7706211861142,0.0,0.0,20.593611112,13.266,50.2,0,5.1764362714980825,70.66250196097344,20,2,11,-0.8660254037844386,0.5000000000000001,0.9749279121818236,-0.2225209339563143,-0.5000000000000004,0.8660254037844384,0.0,0.0,13.729166666666666,2.45,4.5,0.0,86.5,7.050000000000001,7.7206845,0.0,9.2,20.55585317428572,50.15,50.1,50.05,50.0,50.25,-7.327611112000001,-0.0377579377142858,-0.3302857142857132,13.596285714285711,12.935714285714283,20.631369049714287,13.596285714285717,8.978069,8.988883,8.999698,9.01051,8.967253,0,4.0,0,0.0,-0.44,9.0,91.0
2022-11-02 20:45:00,88.97776010972552,0.0,0.0,20.55585317428572,12.935714285714283,50.25,0,5.1764362714980825,70.66250196097344,20,2,11,-0.8660254037844386,0.5000000000000001,0.9749279121818236,-0.2225209339563143,-0.5000000000000004,0.8660254037844384,0.0,0.0,7.708333333333333,2.525,4.4,0.0,86.75,6.9750000000000005,7.693707,0.0,9.1,20.51809523657143,50.2,50.15,50.1,50.05,50.3,-7.6201388885714305,-0.0377579377142858,-0.3302857142857149,13.266,12.605428571428572,20.593611112,13.266,8.967253,8.978069,8.988883,8.999698,8.956432,0,4.0,0,0.0,-0.45,9.1,90.9
2022-11-02 21:00:00,94.18489903333682,0.0,0.0,20.51809523657143,12.605428571428572,50.3,0,5.1764362714980825,70.66250196097344,21,2,11,-0.7071067811865477,0.7071067811865474,0.9749279121818236,-0.2225209339563143,-0.5000000000000004,0.8660254037844384,0.0,0.0,4.625,2.6,4.3,0.0,87.0,6.9,7.6667185,0.0,9.0,20.480337298857144,50.25,50.2,50.15,50.1,50.35,-7.912666665142858,-0.0377579377142858,-0.3302857142857132,12.935714285714283,12.275142857142855,20.55585317428572,12.935714285714289,8.956432,8.967253,8.978069,8.988883,8.945611,0,4.0,0,0.0,-0.45,9.3,90.7
2022-11-02 21:15:00,99.39203795694812,0.0,0.0,20.480337298857144,12.275142857142855,50.35,0,5.1764362714980825,70.66250196097344,21,2,11,-0.7071067811865477,0.7071067811865474,0.9749279121818236,-0.2225209339563143,-0.5000000000000004,0.8660254037844384,0.0,0.0,2.3125,2.775,4.925,0.0,87.5,6.875,7.6371336,0.0,8.85,20.442579361142855,50.3,50.25,50.2,50.15,50.4,-8.205194441714287,-0.0377579377142858,-0.3302857142857149,12.605428571428572,11.944857142857142,20.51809523657143,12.605428571428574,8.945611,8.956432,8.967253,8.978069,8.934792,0,4.0,0,0.0,-0.46,9.5,90.5
2022-11-02 21:30:00,104.5991768805594,0.0,0.0,20.442579361142855,11.944857142857142,50.4,0,5.1764362714980825,70.66250196097344,21,2,11,-0.7071067811865477,0.7071067811865474,0.9749279121818236,-0.2225209339563143,-0.5000000000000004,0.8660254037844384,0.0,0.0,0.7708333333333334,2.95,5.55,0.0,88.0,6.85,7.6073246,0.0,8.7,20.40482142342857,50.35,50.3,50.25,50.2,50.45,-8.497722218285716,-0.0377579377142858,-0.3302857142857149,12.275142857142855,11.614571428571429,20.480337298857144,12.27514285714286,8.934792,8.945611,8.956432,8.967253,8.923966,0,4.0,0,0.0,-0.47,9.6,90.4
2022-11-02 21:45:00,109.80631580417072,0.0,0.0,20.40482142342857,11.614571428571429,50.45,0,5.1764362714980825,70.66250196097344,21,2,11,-0.7071067811865477,0.7071067811865474,0.9749279121818236,-0.2225209339563143,-0.5000000000000004,0.8660254037844384,0.0,0.0,0.0,3.125,6.175,0.0,88.5,6.825,7.5772977,0.0,8.55,20.367063485714286,50.4,50.35,50.3,50.25,50.5,-8.790249994857145,-0.0377579377142858,-0.3302857142857149,11.944857142857142,11.284285714285714,20.442579361142855,11.944857142857144,8.923966,8.934792,8.945611,8.956432,8.913141,0,4.0,0,0.0,-0.48,9.8,90.2
2022-11-02 22:00:00,115.013454727782,37.034629655556,37.05823986111,20.367063485714286,11.284285714285714,50.5,1,5.1764362714980825,70.66250196097344,22,2,11,-0.5000000000000004,0.8660254037844384,0.9749279121818236,-0.2225209339563143,-0.5000000000000004,0.8660254037844384,0.0,0.0,0.0,3.3,6.8,0.0,89.0,6.8,7.5470595,0.0,8.4,20.36666666,50.45,50.4,50.35,50.3,50.5,-9.082777771428573,-0.0377579377142858,-0.3302857142857132,11.614571428571429,10.752,20.40482142342857,11.614571428571429,8.913141,8.923966,8.934792,8.945611,8.912934,0,3.0,1,0.25,-0.49,10.0,90.0
2022-11-02 22:15:00,83.768315849998,0.0,0.0,20.36666666,10.752,50.5,0,5.1764362714980825,70.66250196097344,22,2,11,-0.5000000000000004,0.8660254037844384,0.9749279121818236,-0.2225209339563143,-0.5000000000000004,0.8660254037844384,0.0,0.0,0.0,4.225,7.8,0.0,90.25,6.6,7.470576,0.0,8.025,20.316666656666666,50.5,50.45,50.4,50.35,50.31666666666667,-9.61466666,-0.0003968257142865,-0.5322857142857131,11.284285714285714,10.722666666666669,20.37951718971429,11.216952380952383,8.912934,8.913141,8.923966,8.934792,8.854683,1,3.0,1,0.25,-0.49,10.0,90.0
2022-11-02 22:30:00,137.693936538886,41.139187716666,41.164464505554,20.316666656666666,10.722666666666669,50.31666666666667,1,5.1764362714980825,70.66250196097344,22,2,11,-0.5000000000000004,0.8660254037844384,0.9749279121818236,-0.2225209339563143,-0.5000000000000004,0.8660254037844384,0.0,0.0,0.0,5.15,8.8,0.0,91.5,6.4,7.392902,0.0,7.65,20.31666665,50.5,50.5,50.45,50.4,50.0,-9.59399999,-0.0500000033333343,-0.0293333333333336,10.752,10.723333333333333,20.35013226746032,10.919650793650796,8.854683,8.912934,8.913141,8.923966,8.798956,0,2.0,1,0.5,-0.5,10.3,89.7
2022-11-02 22:45:00,103.45641716111,0.0,0.0,20.31666665,10.723333333333333,50.0,0,5.1764362714980825,70.66250196097344,22,2,11,-0.5000000000000004,0.8660254037844384,0.9749279121818236,-0.2225209339563143,-0.5000000000000004,0.8660254037844384,0.0,0.0,0.0,6.074999999999999,9.8,0.0,92.75,6.2,7.3141227,0.0,7.275,20.311507925,50.31666666666667,50.5,50.5,50.45,50.0,-9.593333316666666,-6.666667218269141e-09,0.0006666666666657,10.722666666666669,10.727142857142857,20.33333332222222,10.732666666666669,8.798956,8.854683,8.912934,8.913141,8.796305,1,2.0,1,0.5,-0.5,10.3,89.7
2022-11-02 23:00:00,111.463319172218,39.267318144444,39.28981726111,20.311507925,10.727142857142857,50.0,1,5.1764362714980825,70.66250196097344,23,2,11,-0.2588190451025215,0.965925826289068,0.9749279121818236,-0.2225209339563143,-0.5000000000000004,0.8660254037844384,0.0,0.0,0.0,7.0,10.8,0.0,94.0,6.0,7.2343273,0.0,6.9,20.3190476,50.0,50.31666666666667,50.5,50.5,50.0,-9.584365067857144,-0.0051587249999975,0.0038095238095241,10.723333333333333,10.662857142857144,20.314947077222225,10.724380952380956,8.796305,8.798956,8.854683,8.912934,8.800179,0,2.0,1,0.5,-0.51,10.3,89.7
2022-11-02 23:15:00,45.825944655556,11.853414727778,11.857025733332,20.3190476,10.662857142857144,50.0,1,5.1764362714980825,70.66250196097344,23,2,11,-0.2588190451025215,0.965925826289068,0.9749279121818236,-0.2225209339563143,-0.5000000000000004,0.8660254037844384,0.0,0.0,0.0,7.5,11.8,0.0,93.5,5.95,7.1958466,0.0,6.9,20.31296295,50.0,50.0,50.31666666666667,50.5,50.0,-9.656190457142856,0.0075396750000003,-0.0642857142857131,10.727142857142857,10.65,20.315740725,10.704444444444446,8.800179,8.796305,8.798956,8.854683,8.797053,0,1.0,0,0.75,-0.5,10.3,89.7
2022-11-02 23:30:00,71.514639366664,38.180694894446,38.187083572222,20.31296295,10.65,50.0,1,5.1764362714980825,70.66250196097344,23,2,11,-0.2588190451025215,0.965925826289068,0.9749279121818236,-0.2225209339563143,-0.5000000000000004,0.8660254037844384,0.0,0.0,0.0,8.0,12.8,0.0,93.0,5.9,7.1573668,0.0,6.9,20.27222224,50.0,50.0,50.0,50.31666666666667,49.65,-9.66296295,-0.0060846500000018,-0.0128571428571433,10.662857142857144,10.541333333333334,20.314506158333334,10.68,8.797053,8.800179,8.796305,8.798956,8.714707,0,1.0,0,0.75,-0.5,10.3,89.7
2022-11-02 23:45:00,44.470721033336,0.0,0.0,20.27222224,10.541333333333334,49.65,0,5.1764362714980825,70.66250196097344,23,2,11,-0.2588190451025215,0.965925826289068,0.9749279121818236,-0.2225209339563143,-0.5000000000000004,0.8660254037844384,0.0,0.0,0.0,8.5,13.8,0.0,92.5,5.85,7.1188865,0.0,6.9,20.225462943333333,50.0,50.0,50.0,50.0,49.5,-9.730888906666667,-0.0407407099999979,-0.1086666666666662,10.65,10.650833333333331,20.301410930000003,10.618063492063492,8.714707,8.797053,8.800179,8.796305,8.664667,1,1.0,1,0.75,-0.52,10.6,89.4
2022-11-03 00:00:00,73.355676838886,32.7945215,32.80035468333,20.225462943333333,10.650833333333331,49.5,1,5.1764362714980825,70.66250196097344,0,3,11,0.0,1.0,0.4338837391175582,-0.900968867902419,-0.5000000000000004,0.8660254037844384,0.0,0.0,0.0,9.0,14.8,0.0,92.0,5.8,7.0804057,0.0,6.9,20.2222222,49.65,50.0,50.0,50.0,49.5,-9.57462961,-0.0467592966666678,0.1094999999999988,10.541333333333334,10.65,20.27021604444444,10.614055555555558,8.664667,8.714707,8.797053,8.800179,8.663024,0,1.0,1,0.75,-0.53,10.8,89.2
2022-11-03 00:15:00,50.14354984444,0.0,0.0,20.2222222,10.65,49.5,0,5.1764362714980825,70.66250196097344,0,3,11,0.0,1.0,0.4338837391175582,-0.900968867902419,-0.5000000000000004,0.8660254037844384,0.0,0.0,0.0,9.175,15.05,0.0,91.75,5.775,7.084165,0.0,6.95,20.2222222,49.5,49.65,50.0,50.0,49.5,-9.5722222,-0.0032407433333325,-0.0008333333333325,10.650833333333331,10.527333333333331,20.23996912777778,10.614055555555558,8.663024,8.664667,8.714707,8.797053,8.663024,1,2.0,1,0.5,-0.53,10.9,89.1
2022-11-03 00:30:00,72.154058272218,46.8864578,46.893679794442,20.2222222,10.527333333333331,49.5,1,5.1764362714980825,70.66250196097344,0,3,11,0.0,1.0,0.4338837391175582,-0.900968867902419,-0.5000000000000004,0.8660254037844384,0.0,0.0,0.0,9.35,15.3,0.0,91.5,5.75,7.087864,0.0,7.0,20.2222222,49.5,49.5,49.65,50.0,49.45,-9.694888866666668,0.0,-0.1226666666666673,10.65,10.582,20.22330244777778,10.609388888888889,8.663024,8.663024,8.664667,8.714707,8.654273,0,2.0,1,0.5,-0.53,10.9,89.1
2022-11-03 00:45:00,37.065739594442,0.0,0.0,20.2222222,10.582,49.45,0,5.1764362714980825,70.66250196097344,0,3,11,0.0,1.0,0.4338837391175582,-0.900968867902419,-0.5000000000000004,0.8660254037844384,0.0,0.0,0.0,9.525,15.55,0.0,91.25,5.725,7.0915036,0.0,7.05,20.200396825,49.5,49.5,49.5,49.65,49.021428571428565,-9.640222200000002,0.0,0.0546666666666659,10.527333333333331,10.525714285714288,20.2222222,10.586444444444446,8.654273,8.663024,8.663024,8.664667,8.568331,1,2.0,1,0.5,-0.53,10.9,89.1
2022-11-03 01:00:00,73.038467294442,43.506593016666,43.51270392222,20.200396825,10.525714285714288,49.021428571428565,1,5.1764362714980825,70.66250196097344,1,3,11,0.2588190451025207,0.9659258262890684,0.4338837391175582,-0.900968867902419,-0.5000000000000004,0.8660254037844384,0.0,0.0,0.0,9.7,15.8,0.0,91.0,5.7,7.0950813,0.0,7.1,20.20555555,49.45,49.5,49.5,49.5,49.0,-9.674682539285715,-0.0218253749999988,-0.0562857142857122,10.582,9.662666666666668,20.214947075,10.545015873015874,8.568331,8.654273,8.663024,8.663024,8.567168,0,2.0,1,0.5,-0.54,11.0,89.0
2022-11-03 01:15:00,49.915225544444,10.824289227778,10.827622494442,20.20555555,9.662666666666668,49.0,1,5.1764362714980825,70.66250196097344,1,3,11,0.2588190451025207,0.9659258262890684,0.4338837391175582,-0.900968867902419,-0.5000000000000004,0.8660254037844384,0.0,0.0,0.0,9.775,15.9,0.0,90.0,5.675,7.0857625,0.0,7.25,20.18148146333333,49.021428571428565,49.45,49.5,49.5,49.0,-10.542888883333331,0.0051587249999975,-0.8630476190476202,10.525714285714288,9.35,20.209391525,10.256793650793652,8.567168,8.568331,8.654273,8.663024,8.555119,0,1.0,0,0.75,-0.54,11.0,89.0
2022-11-03 01:30:00,74.947279888884,32.842297372222,32.848130538886,20.18148146333333,9.35,49.0,1,5.1764362714980825,70.66250196097344,1,3,11,0.2588190451025207,0.9659258262890684,0.4338837391175582,-0.900968867902419,-0.5000000000000004,0.8660254037844384,0.0,0.0,0.0,9.85,16.0,0.0,89.0,5.65,7.0754995,0.0,7.4,20.15555557,49.0,49.021428571428565,49.45,49.5,48.95,-10.831481463333336,-0.0240740866666655,-0.3126666666666668,9.662666666666668,9.082666666666666,20.195811279444445,9.846126984126984,8.555119,8.567168,8.568331,8.654273,8.5334425,0,1.0,0,0.75,-0.54,11.1,88.9
2022-11-03 01:45:00,86.076556816666,38.728173011112,38.73511728333,20.15555557,9.082666666666666,48.95,1,5.1764362714980825,70.66250196097344,1,3,11,0.2588190451025207,0.9659258262890684,0.4338837391175582,-0.900968867902419,-0.5000000000000004,0.8660254037844384,0.0,0.0,0.0,9.925,16.1,0.0,88.0,5.625,7.064274,0.0,7.55,20.19814815,49.0,49.0,49.021428571428565,49.45,48.35,-11.072888903333334,-0.0259258933333335,-0.2673333333333332,9.35,8.852,20.18086419444445,9.365111111111112,8.5334425,8.555119,8.567168,8.568331,8.449862,0,0.0,0,1.0,-0.55,11.3,88.7
2022-11-03 02:00:00,119.885759977776,0.0,0.0,20.19814815,8.852,48.35,0,5.1764362714980825,70.66250196097344,2,3,11,0.4999999999999999,0.8660254037844387,0.4338837391175582,-0.900968867902419,-0.5000000000000004,0.8660254037844384,0.0,0.0,0.0,10.0,16.2,0.0,87.0,5.6,7.052071,0.0,7.7,20.13333334,48.95,49.0,49.0,49.021428571428565,48.05,-11.34614815,0.0425925800000008,-0.2306666666666661,9.082666666666666,8.592,20.17839506111111,9.09488888888889,8.449862,8.5334425,8.555119,8.567168,8.365664,1,1.0,1,0.75,-0.54,11.1,88.9
2022-11-03 02:15:00,154.13605661110802,55.39917286111,55.40278388333,20.13333334,8.592,48.05,1,5.1764362714980825,70.66250196097344,2,3,11,0.4999999999999999,0.8660254037844387,0.4338837391175582,-0.900968867902419,-0.5000000000000004,0.8660254037844384,0.0,0.0,0.0,9.375,16.025,0.0,86.5,5.574999999999999,7.0342298,0.0,7.75,20.163492094285715,48.35,48.95,49.0,49.0,48.275,-11.54133334,-0.0648148100000014,-0.2599999999999998,8.852,8.586428571428572,20.162345686666665,8.842222222222224,8.365664,8.449862,8.5334425,8.555119,8.419677,0,1.0,1,0.75,-0.56,11.5,88.5
2022-11-03 02:30:00,57.04271828333,10.81678956111,10.81901172222,20.163492094285715,8.586428571428572,48.275,1,5.1764362714980825,70.66250196097344,2,3,11,0.4999999999999999,0.8660254037844387,0.4338837391175582,-0.900968867902419,-0.5000000000000004,0.8660254037844384,0.0,0.0,0.0,8.75,15.85,0.0,86.0,5.55,7.0161915,0.0,7.800000000000001,20.12777778,48.05,48.35,48.95,49.0,48.35,-11.577063522857143,0.0301587542857149,-0.0055714285714287,8.592,9.118,20.164991194761907,8.676809523809526,8.419677,8.365664,8.449862,8.5334425,8.415159,0,1.0,0,0.75,-0.55,11.3,88.7
2022-11-03 02:45:00,62.781933222216,20.190581244444,20.195858899996,20.12777778,9.118,48.35,1,5.1764362714980825,70.66250196097344,2,3,11,0.4999999999999999,0.8660254037844387,0.4338837391175582,-0.900968867902419,-0.5000000000000004,0.8660254037844384,0.0,0.0,0.0,8.125,15.675,0.0,85.5,5.525,6.9979515,0.0,7.85,20.1111111,48.275,48.05,48.35,48.95,48.5,-11.00977778,-0.0357143142857161,0.5315714285714286,8.586428571428572,8.616000000000001,20.141534404761902,8.765476190476193,8.415159,8.419677,8.365664,8.449862,8.433039,0,1.0,0,0.75,-0.56,11.5,88.5
2022-11-03 03:00:00,99.01298390555,54.45837716111,54.465043611108,20.1111111,8.616000000000001,48.5,1,5.1764362714980825,70.66250196097344,3,3,11,0.7071067811865476,0.7071067811865476,0.4338837391175582,-0.900968867902419,-0.5000000000000004,0.8660254037844384,0.0,0.0,0.0,7.5,15.5,0.0,85.0,5.5,6.9795127,0.0,7.9,20.14365080857143,48.35,48.275,48.05,48.35,48.44642857142857,-11.495111099999995,-0.0166666800000001,-0.5019999999999989,9.118,8.864285714285714,20.13412699142857,8.773476190476194,8.433039,8.415159,8.419677,8.365664,8.439774,0,0.0,0,1.0,-0.56,11.6,88.4
2022-11-03 03:15:00,51.758485211108,0.0,0.0,20.14365080857143,8.864285714285714,48.44642857142857,0,5.1764362714980825,70.66250196097344,3,3,11,0.7071067811865476,0.7071067811865476,0.4338837391175582,-0.900968867902419,-0.5000000000000004,0.8660254037844384,0.0,0.0,0.0,7.6,14.675,0.0,85.5,5.3,6.874695,0.0,7.575,20.09444445666667,48.5,48.35,48.275,48.05,48.03333333333333,-11.279365094285716,0.0325397085714307,0.2482857142857124,8.616000000000001,9.473333333333333,20.12751322952381,8.86609523809524,8.439774,8.433039,8.415159,8.419677,8.343755,1,1.0,1,0.75,-0.55,11.4,88.6
2022-11-03 03:30:00,71.94045576666,25.255656433332,25.26121184444,20.09444445666667,9.473333333333333,48.03333333333333,1,5.1764362714980825,70.66250196097344,3,3,11,0.7071067811865476,0.7071067811865476,0.4338837391175582,-0.900968867902419,-0.5000000000000004,0.8660254037844384,0.0,0.0,0.0,7.7,13.85,0.0,86.0,5.1,6.77084,0.0,7.25,20.06196585,48.44642857142857,48.5,48.35,48.275,48.37692307692308,-10.621111123333336,-0.0492063519047611,0.6090476190476188,8.864285714285714,9.167692307692308,20.11640212174603,8.984539682539685,8.343755,8.439774,8.433039,8.415159,8.387485,0,1.0,1,0.75,-0.57,11.7,88.3
2022-11-03 03:45:00,75.953350694442,34.943324411112,34.947213188888,20.06196585,9.167692307692308,48.37692307692308,1,5.1764362714980825,70.66250196097344,3,3,11,0.7071067811865476,0.7071067811865476,0.4338837391175582,-0.900968867902419,-0.5000000000000004,0.8660254037844384,0.0,0.0,0.0,7.800000000000001,13.025,0.0,86.5,4.9,6.6679544,0.0,6.925,20.108333325,48.03333333333333,48.44642857142857,48.5,48.35,48.30357142857143,-10.894273542307692,-0.0324786066666682,-0.3056410256410249,9.473333333333333,9.01142857142857,20.10002037174603,9.16843711843712,8.387485,8.343755,8.439774,8.433039,8.397519,0,1.0,0,0.75,-0.57,11.9,88.1
2022-11-03 04:00:00,43.507148611108,0.0,0.0,20.108333325,9.01142857142857,48.30357142857143,0,5.1764362714980825,70.66250196097344,4,3,11,0.8660254037844386,0.5000000000000001,0.4338837391175582,-0.900968867902419,-0.5000000000000004,0.8660254037844384,0.0,0.0,0.0,7.9,12.2,0.0,87.0,4.7,6.566041,0.0,6.6,20.03888889,48.37692307692308,48.03333333333333,48.44642857142857,48.5,48.0,-11.096904753571426,0.0463674749999967,-0.1562637362637371,9.167692307692308,9.76,20.08824787722222,9.21748473748474,8.397519,8.387485,8.343755,8.439774,8.3109,1,2.0,1,0.5,-0.56,11.6,88.4
2022-11-03 04:15:00,72.507099649998,48.876378183334,48.883322405554,20.03888889,9.76,48.0,1,5.1764362714980825,70.66250196097344,4,3,11,0.8660254037844386,0.5000000000000001,0.4338837391175582,-0.900968867902419,-0.5000000000000004,0.8660254037844384,0.0,0.0,0.0,8.45,12.575,0.0,87.0,4.55,6.5127068,0.0,6.475,20.09259263,48.30357142857143,48.37692307692308,48.03333333333333,48.44642857142857,48.0,-10.27888889,-0.0694444349999976,0.7485714285714291,9.01142857142857,10.224,20.069729355,9.313040293040292,8.3109,8.397519,8.387485,8.343755,8.337062,0,1.0,1,0.75,-0.58,12.0,88.0
2022-11-03 04:30:00,56.68578814444,30.651273916666,30.65655152222,20.09259263,10.224,48.0,1,5.1764362714980825,70.66250196097344,4,3,11,0.8660254037844386,0.5000000000000001,0.4338837391175582,-0.900968867902419,-0.5000000000000004,0.8660254037844384,0.0,0.0,0.0,9.0,12.95,0.0,87.0,4.4,6.459752,0.0,6.35,20.12222223,48.0,48.30357142857143,48.37692307692308,48.03333333333333,47.65,-9.868592630000002,0.0537037400000031,0.4640000000000004,9.76,10.313333333333333,20.079938281666667,9.665142857142856,8.337062,8.3109,8.397519,8.387485,8.290631,0,1.0,0,0.75,-0.57,11.7,88.3
2022-11-03 04:45:00,58.227948738882,18.908132527778,18.91285462222,20.12222223,10.313333333333333,47.65,1,5.1764362714980825,70.66250196097344,4,3,11,0.8660254037844386,0.5000000000000001,0.4338837391175582,-0.900968867902419,-0.5000000000000004,0.8660254037844384,0.0,0.0,0.0,9.55,13.325,0.0,87.0,4.25,6.4071746,0.0,6.225,20.0592593,48.0,48.0,48.30357142857143,48.37692307692308,47.5,-9.808888896666666,0.0296295999999962,0.0893333333333323,10.224,10.527333333333331,20.084567916666668,10.099111111111112,8.290631,8.337062,8.3109,8.397519,8.2341385,0,1.0,0,0.75,-0.56,11.6,88.4
2022-11-03 05:00:00,91.57467036666,52.345128294446,52.353183588888,20.0592593,10.527333333333331,47.5,1,5.1764362714980825,70.66250196097344,5,3,11,0.9659258262890684,0.2588190451025207,0.4338837391175582,-0.900968867902419,-0.5000000000000004,0.8660254037844384,0.0,0.0,0.0,10.1,13.7,0.0,87.0,4.1,6.3549705,0.0,6.1,20.0888889,47.65,48.0,48.0,48.30357142857143,47.5,-9.531925966666668,-0.0629629299999976,0.2140000000000004,10.313333333333333,10.254666666666669,20.09135805333333,10.354888888888889,8.2341385,8.290631,8.337062,8.3109,8.248428,0,0.0,0,1.0,-0.58,12.0,88.0
2022-11-03 05:15:00,43.686308077776,0.0,0.0,20.0888889,10.254666666666669,47.5,0,5.1764362714980825,70.66250196097344,5,3,11,0.9659258262890684,0.2588190451025207,0.4338837391175582,-0.900968867902419,-0.5000000000000004,0.8660254037844384,0.0,0.0,0.0,9.7,13.7,0.0,86.5,4.199999999999999,6.401672,0.0,6.3,20.03888891333333,47.5,47.65,48.0,48.0,47.5,-9.83422223333333,0.0296295999999962,-0.2726666666666659,10.527333333333331,9.943333333333332,20.090123476666665,10.365111111111112,8.248428,8.2341385,8.290631,8.337062,8.224328,1,1.0,1,0.75,-0.57,11.8,88.2
2022-11-03 05:30:00,75.584476649994,42.786066255556,42.793010511108,20.03888891333333,9.943333333333332,47.5,1,5.1764362714980825,70.66250196097344,5,3,11,0.9659258262890684,0.2588190451025207,0.4338837391175582,-0.900968867902419,-0.5000000000000004,0.8660254037844384,0.0,0.0,0.0,9.3,13.7,0.0,86.0,4.3,6.448363,0.0,6.5,20.041269874285717,47.5,47.5,47.65,48.0,47.5,-10.09555558,-0.0499999866666627,-0.3113333333333337,10.254666666666669,9.135,20.062345704444443,10.24177777777778,8.224328,8.248428,8.2341385,8.290631,8.225473,0,1.0,1,0.75,-0.58,12.1,87.9
2022-11-03 05:45:00,427.562063649994,17.252087672222,17.255976466664,20.041269874285717,9.135,47.5,1,5.1764362714980825,70.66250196097344,5,3,11,0.9659258262890684,0.2588190451025207,0.4338837391175582,-0.900968867902419,-0.5000000000000004,0.8660254037844384,0.0,0.0,0.0,8.9,13.7,0.0,85.5,4.4,6.4950337,0.0,6.7,20.03518521333333,47.5,47.5,47.5,47.65,47.86666666666667,-10.906269874285714,0.0023809609523794,-0.8083333333333336,9.943333333333332,8.693999999999999,20.05634922920635,9.777666666666669,8.225473,8.224328,8.248428,8.2341385,8.286016,0,1.0,0,0.75,-0.58,12.1,87.9
2022-11-03 06:00:00,221.60474662222,0.0,0.0,20.03518521333333,8.693999999999999,47.86666666666667,0,5.1764362714980825,70.66250196097344,6,3,11,1.0,6.123233995736766e-17,0.4338837391175582,-0.900968867902419,-0.5000000000000004,0.8660254037844384,0.0,0.0,0.0,8.5,13.7,0.0,85.0,4.5,6.5416794,0.0,6.9,19.966666640000003,47.5,47.5,47.5,47.5,48.8,-11.341185213333333,-0.0060846609523821,-0.4410000000000007,9.135,8.292666666666667,20.03844800031746,9.257444444444443,8.286016,8.225473,8.224328,8.248428,8.413754,1,2.0,1,0.5,-0.58,12.1,87.9
2022-11-03 06:15:00,122.6775927,45.9006639,45.908719144444,19.966666640000003,8.292666666666667,48.8,1,5.1764362714980825,70.66250196097344,6,3,11,1.0,6.123233995736766e-17,0.4338837391175582,-0.900968867902419,-0.5000000000000004,0.8660254037844384,0.0,0.0,0.0,8.4,13.6,0.0,85.0,4.5,6.5416794,0.0,6.9,20.03703703,47.86666666666667,47.5,47.5,47.5,48.53333333333333,-11.673999973333336,-0.0685185733333284,-0.4013333333333317,8.693999999999999,8.004,20.01437390920635,8.707222222222223,8.413754,8.286016,8.225473,8.224328,8.40233,0,1.0,1,0.75,-0.59,12.4,87.6
2022-11-03 06:30:00,121.758740405562,55.275011127778,55.285566255556,20.03703703,8.004,48.53333333333333,1,5.1764362714980825,70.66250196097344,6,3,11,1.0,6.123233995736766e-17,0.4338837391175582,-0.900968867902419,-0.5000000000000004,0.8660254037844384,0.0,0.0,0.0,8.3,13.5,0.0,85.0,4.5,6.5416794,0.0,6.9,20.14444446,48.8,47.86666666666667,47.5,47.5,48.5,-12.03303703,0.0703703899999972,-0.2886666666666677,8.292666666666667,8.567857142857143,20.01296296111111,8.330222222222224,8.40233,8.413754,8.286016,8.225473,8.449499,0,1.0,0,0.75,-0.58,12.0,88.0
2022-11-03 06:45:00,71.576303549998,14.410812394446,14.416367788888,20.14444446,8.567857142857143,48.5,1,5.1764362714980825,70.66250196097344,6,3,11,1.0,6.123233995736766e-17,0.4338837391175582,-0.900968867902419,-0.5000000000000004,0.8660254037844384,0.0,0.0,0.0,8.2,13.4,0.0,85.0,4.5,6.5416794,0.0,6.9,20.09444445666667,48.53333333333333,48.8,47.86666666666667,47.5,48.31666666666667,-11.576587317142856,0.1074074299999985,0.5638571428571435,8.004,8.528666666666668,20.049382710000003,8.288174603174605,8.449499,8.40233,8.413754,8.286016,8.392972,0,1.0,0,0.75,-0.55,11.4,88.6
2022-11-03 07:00:00,78.65379830555,17.945115516666,17.950393155552,20.09444445666667,8.528666666666668,48.31666666666667,1,5.1764362714980825,70.66250196097344,7,3,11,0.9659258262890684,-0.2588190451025206,0.4338837391175582,-0.900968867902419,-0.5000000000000004,0.8660254037844384,0.0,0.0,0.0,8.1,13.3,0.0,85.0,4.5,6.5416794,0.0,6.9,20.0555556,48.5,48.53333333333333,48.8,47.86666666666667,48.0,-11.56577779,-0.0500000033333307,-0.0391904761904751,8.567857142857143,8.091333333333333,20.091975315555555,8.366841269841272,8.392972,8.449499,8.40233,8.413754,8.319011,0,0.0,0,1.0,-0.56,11.7,88.3
2022-11-03 07:15:00,104.779141933336,54.598093755556,54.607260022224,20.0555556,8.091333333333333,48.0,1,5.1764362714980825,70.66250196097344,7,3,11,0.9659258262890684,-0.2588190451025206,0.4338837391175582,-0.900968867902419,-0.5000000000000004,0.8660254037844384,0.5,0.125,0.0416666666666666,8.175,13.225,0.0,84.75,4.525,6.543684,0.0,6.95,20.09629633666667,48.31666666666667,48.5,48.53333333333333,48.8,48.0,-11.964222266666669,-0.0388888566666665,-0.4373333333333349,8.528666666666668,8.168,20.098148172222224,8.395952380952382,8.319011,8.392972,8.449499,8.40233,8.33887,0,0.0,0,1.0,-0.58,11.9,88.1
2022-11-03 07:30:00,101.034569388896,50.335764255556,50.345763822224,20.09629633666667,8.168,48.0,1,5.1764362714980825,70.66250196097344,7,3,11,0.9659258262890684,-0.2588190451025206,0.4338837391175582,-0.900968867902419,-0.5000000000000004,0.8660254037844384,1.0,0.375,0.125,8.25,13.15,0.0,84.5,4.55,6.545623,0.0,7.0,20.15555559,48.0,48.31666666666667,48.5,48.53333333333333,47.65,-11.92829633666667,0.0407407366666667,0.0766666666666662,8.091333333333333,8.884666666666668,20.08209879777778,8.262666666666668,8.33887,8.319011,8.392972,8.449499,8.306814,0,0.0,0,1.0,-0.57,11.7,88.3
2022-11-03 07:45:00,67.629517111104,0.0,0.0,20.15555559,8.884666666666668,47.65,0,5.1764362714980825,70.66250196097344,7,3,11,0.9659258262890684,-0.2588190451025206,0.4338837391175582,-0.900968867902419,-0.5000000000000004,0.8660254037844384,1.5,0.75,0.25,8.325,13.075,0.0,84.25,4.574999999999999,6.547497,0.0,7.05,20.04259262,48.0,48.0,48.31666666666667,48.5,47.68333333333333,-11.270888923333334,0.0592592533333338,0.7166666666666686,8.168,9.740666666666668,20.10246917555556,8.381333333333336,8.306814,8.33887,8.319011,8.392972,8.257859,1,1.0,1,0.75,-0.56,11.5,88.5
2022-11-03 08:00:00,94.893148572222,32.265376,32.275653388888,20.04259262,9.740666666666668,47.68333333333333,1,5.1764362714980825,70.66250196097344,8,3,11,0.8660254037844387,-0.4999999999999998,0.4338837391175582,-0.900968867902419,-0.5000000000000004,0.8660254037844384,2.0,1.25,0.4166666666666667,8.4,13.0,0.0,84.0,4.6,6.5493054,0.0,7.1,20.04444447,47.65,48.0,48.0,48.31666666666667,48.0,-10.301925953333331,-0.1129629700000016,0.8559999999999999,8.884666666666668,10.267333333333331,20.098148182222225,8.931111111111113,8.257859,8.306814,8.33887,8.319011,8.313602,0,1.0,1,0.75,-0.58,12.1,87.9
2022-11-03 08:15:00,108.97091873889,46.4381424,46.449530844444,20.04444447,10.267333333333331,48.0,1,5.1764362714980825,70.66250196097344,8,3,11,0.8660254037844387,-0.4999999999999998,0.4338837391175582,-0.900968867902419,-0.5000000000000004,0.8660254037844384,23.5,7.0,2.375,8.675,13.7,0.0,81.75,4.925,6.691023,0.0,7.85,20.08703705,47.68333333333333,47.65,48.0,48.0,48.0,-9.777111136666663,0.0018518499999977,0.5266666666666655,9.740666666666668,11.0,20.080864226666662,9.63088888888889,8.313602,8.257859,8.306814,8.33887,8.3343525,0,1.0,0,0.75,-0.58,12.0,88.0
2022-11-03 08:30:00,61.868914094442005,0.0,0.0,20.08703705,11.0,48.0,0,5.1764362714980825,70.66250196097344,8,3,11,0.8660254037844387,-0.4999999999999998,0.4338837391175582,-0.900968867902419,-0.5000000000000004,0.8660254037844384,45.0,18.0,6.125,8.95,14.4,0.0,79.5,5.25,6.828597,0.0,8.6,20.02222224,48.0,47.68333333333333,47.65,48.0,48.0,-9.08703705,0.0425925800000008,0.7326666666666668,10.267333333333331,11.92,20.05802471333333,10.336,8.3343525,8.313602,8.257859,8.306814,8.3027935,1,2.0,1,0.5,-0.57,11.8,88.2
2022-11-03 08:45:00,95.691727611116,50.142716411112,50.154382594446,20.02222224,11.92,48.0,1,5.1764362714980825,70.66250196097344,8,3,11,0.8660254037844387,-0.4999999999999998,0.4338837391175582,-0.900968867902419,-0.5000000000000004,0.8660254037844384,66.5,34.25,11.666666666666666,9.225,15.1,0.0,77.25,5.575,6.9613633,0.0,9.35,20.07222224333333,48.0,48.0,47.68333333333333,47.65,48.0,-8.102222240000001,-0.0648148099999978,0.92,11.0,12.476666666666668,20.051234586666663,11.062444444444443,8.3027935,8.3343525,8.313602,8.257859,8.327127,0,1.0,1,0.75,-0.58,12.1,87.9
2022-11-03 09:00:00,58.305167716666,15.4735477,15.480491888888,20.07222224333333,12.476666666666668,48.0,1,5.1764362714980825,70.66250196097344,9,3,11,0.7071067811865476,-0.7071067811865475,0.4338837391175582,-0.900968867902419,-0.5000000000000004,0.8660254037844384,88.0,55.75,19.0,9.5,15.8,0.0,75.0,5.9,7.0886164,0.0,10.1,20.06666669,48.0,48.0,48.0,47.68333333333333,48.05,-7.595555576666666,0.0500000033333307,0.5566666666666666,11.92,13.895333333333332,20.06049384444444,11.79888888888889,8.327127,8.3027935,8.3343525,8.313602,8.333093,0,1.0,0,0.75,-0.57,11.8,88.2
2022-11-03 09:15:00,81.338413049998,21.193318883334,21.201374144444,20.06666669,13.895333333333332,48.05,1,5.1764362714980825,70.66250196097344,9,3,11,0.7071067811865476,-0.7071067811865475,0.4338837391175582,-0.900968867902419,-0.5000000000000004,0.8660254037844384,126.5,81.5,29.541666666666668,8.775,16.175,0.0,73.75,6.325,7.297211,0.0,10.825,20.024074093333336,48.0,48.0,48.0,48.0,48.46666666666667,-6.171333356666665,-0.005555553333334,1.4186666666666667,12.476666666666668,15.092,20.053703724444446,12.764,8.333093,8.327127,8.3027935,8.3343525,8.384424,0,1.0,0,0.75,-0.57,11.9,88.1
2022-11-03 09:30:00,75.633085738886,18.826191372222,18.83480216111,20.024074093333336,15.092,48.46666666666667,1,5.1764362714980825,70.66250196097344,9,3,11,0.7071067811865476,-0.7071067811865475,0.4338837391175582,-0.900968867902419,-0.5000000000000004,0.8660254037844384,165.0,111.5,43.29166666666666,8.05,16.55,0.0,72.5,6.75,7.5077715,0.0,11.55,20.05000004,48.05,48.0,48.0,48.0,48.55,-4.932074093333336,-0.0425925966666618,1.1966666666666672,13.895333333333332,15.418666666666669,20.054321008888888,13.821333333333335,8.384424,8.333093,8.327127,8.3027935,8.411597,0,0.0,0,1.0,-0.58,12.1,87.9
2022-11-03 09:45:00,79.096280588884,23.205460627778,23.214626994442,20.05000004,15.418666666666669,48.55,1,5.1764362714980825,70.66250196097344,9,3,11,0.7071067811865476,-0.7071067811865475,0.4338837391175582,-0.900968867902419,-0.5000000000000004,0.8660254037844384,203.5,145.75,60.25,7.324999999999999,16.925,0.0,71.25,7.175,7.720055,0.0,12.275,20.044444443333337,48.46666666666667,48.05,48.0,48.0,48.96666666666667,-4.631333373333334,0.0259259466666641,0.3266666666666662,15.092,15.294666666666668,20.04691360777778,14.802,8.411597,8.384424,8.333093,8.327127,8.4810295,0,0.0,0,1.0,-0.57,11.9,88.1
2022-11-03 10:00:00,68.669475394442,15.824644788888,15.83270008333,20.044444443333337,15.294666666666668,48.96666666666667,1,5.1764362714980825,70.66250196097344,10,3,11,0.4999999999999999,-0.8660254037844387,0.4338837391175582,-0.900968867902419,-0.5000000000000004,0.8660254037844384,242.0,184.25,80.41666666666667,6.6,17.3,0.0,70.0,7.6,7.9338026,0.0,13.0,20.490598311538463,48.55,48.46666666666667,48.05,48.0,48.18461538461538,-4.749777776666669,-0.0055555966666638,-0.1239999999999987,15.418666666666669,16.03076923076923,20.039506192222223,15.268444444444446,8.4810295,8.411597,8.384424,8.333093,8.566017,0,0.0,0,1.0,-0.57,11.9,88.1
2022-11-03 10:15:00,38.728450766668,0.0,0.0,20.490598311538463,16.03076923076923,48.18461538461538,0,5.1764362714980825,70.66250196097344,10,3,11,0.4999999999999999,-0.8660254037844387,0.4338837391175582,-0.900968867902419,-0.5000000000000004,0.8660254037844384,276.5,221.75,103.41666666666669,6.4,16.85,0.0,68.25,7.925,8.089474,0.0,13.725,21.71111107666667,48.96666666666667,48.55,48.46666666666667,48.05,46.05,-4.459829080769232,0.4461538682051262,0.7361025641025627,15.294666666666668,16.849333333333334,20.195014264957265,15.581367521367524,8.566017,8.4810295,8.411597,8.384424,8.787665,1,1.0,1,0.75,-0.47,9.7,90.3
2022-11-03 10:30:00,45.025143372222,0.0,0.0,21.71111107666667,16.849333333333334,46.05,0,5.1764362714980825,70.66250196097344,10,3,11,0.4999999999999999,-0.8660254037844387,0.4338837391175582,-0.900968867902419,-0.5000000000000004,0.8660254037844384,311.0,258.25,129.25,6.199999999999999,16.4,0.0,66.5,8.25,8.240639,0.0,14.45,22.73333333,48.18461538461538,48.96666666666667,48.55,48.46666666666667,44.25,-4.861777743333335,1.2205127651282055,0.8185641025641033,16.03076923076923,17.48933333333333,20.74871794384616,16.058256410256412,8.787665,8.566017,8.4810295,8.411597,8.955853,0,2.0,0,0.5,-0.19,5.8,94.2
2022-11-03 10:45:00,62.781099872218,0.0,0.0,22.73333333,17.48933333333333,44.25,0,5.1764362714980825,70.66250196097344,10,3,11,0.4999999999999999,-0.8660254037844387,0.4338837391175582,-0.900968867902419,-0.5000000000000004,0.8660254037844384,345.5,293.75,157.91666666666666,6.0,15.95,0.0,64.75,8.575,8.38666,0.0,15.175,22.951851856666668,46.05,48.18461538461538,48.96666666666667,48.55,43.53333333333333,-5.24399999666667,1.0222222533333325,0.639999999999997,16.849333333333334,18.374666666666663,21.645014239401718,16.789811965811964,8.955853,8.787665,8.566017,8.4810295,8.921771,0,3.0,0,0.25,0.04,5.0,95.0
2022-11-03 11:00:00,70.587176516662,13.718340127778,13.726950933332,22.951851856666668,18.374666666666663,43.53333333333333,1,5.1764362714980825,70.66250196097344,11,3,11,0.258819045102521,-0.9659258262890682,0.4338837391175582,-0.900968867902419,-0.5000000000000004,0.8660254037844384,380.0,328.25,189.41666666666663,5.8,15.5,0.0,63.0,8.9,8.526855,0.0,15.9,22.93333331,44.25,46.05,48.18461538461538,48.96666666666667,43.45,-4.577185190000002,0.2185185266666671,0.8853333333333353,17.48933333333333,19.30333333333333,22.46543208777778,17.57111111111111,8.921771,8.955853,8.787665,8.566017,8.89526,0,3.0,1,0.25,0.09,5.2,94.8
2022-11-03 11:15:00,581.46868473889,13.751949883334,13.759449633332,22.93333331,19.30333333333333,43.45,1,5.1764362714980825,70.66250196097344,11,3,11,0.258819045102521,-0.9659258262890682,0.4338837391175582,-0.900968867902419,-0.5000000000000004,0.8660254037844384,404.25,360.1875,221.14583333333331,6.425,16.925,0.0,60.0,8.65,8.3948965,0.0,16.45,22.996296293333334,43.53333333333333,44.25,46.05,48.18461538461538,43.03333333333333,-3.6299999766666673,-0.0185185466666659,0.9286666666666684,18.374666666666663,19.824666666666666,22.87283949888889,18.38911111111111,8.89526,8.921771,8.955853,8.787665,8.841754,0,2.0,0,0.5,0.08,5.1,94.9
2022-11-03 11:30:00,668.026055672222,0.0,0.0,22.996296293333334,19.824666666666666,43.03333333333333,0,5.1764362714980825,70.66250196097344,11,3,11,0.258819045102521,-0.9659258262890682,0.4338837391175582,-0.900968867902419,-0.5000000000000004,0.8660254037844384,428.5,389.5625,253.10416666666663,7.050000000000001,18.35,0.0,57.0,8.4,8.243126,0.0,17.0,23.05000003,43.45,43.53333333333333,44.25,46.05,43.35,-3.171629626666668,0.0629629833333318,0.521333333333331,19.30333333333333,20.351333333333333,22.96049382,19.167555555555555,8.841754,8.89526,8.921771,8.955853,8.934219,1,2.0,1,0.5,0.09,5.2,94.8
2022-11-03 11:45:00,42.322473650002,0.0,0.0,23.05000003,20.351333333333333,43.35,0,5.1764362714980825,70.66250196097344,11,3,11,0.258819045102521,-0.9659258262890682,0.4338837391175582,-0.900968867902419,-0.5000000000000004,0.8660254037844384,452.75,416.375,285.2916666666667,7.675000000000001,19.775,0.0,54.0,8.15,8.070517,0.0,17.55,23.09814817,43.03333333333333,43.45,43.53333333333333,44.25,43.5,-2.698666696666667,0.0537037366666659,0.5266666666666673,19.824666666666666,20.19333333333333,22.993209877777776,19.826444444444444,8.934219,8.841754,8.89526,8.921771,8.989846,0,2.0,0,0.5,0.11,5.2,94.8
2022-11-03 12:00:00,42.23942135556,0.0,0.0,23.09814817,20.19333333333333,43.5,0,5.1764362714980825,70.66250196097344,12,3,11,1.2246467991473532e-16,-1.0,0.4338837391175582,-0.900968867902419,-0.5000000000000004,0.8660254037844384,477.0,440.625,317.7083333333333,8.3,21.2,0.0,51.0,7.9,7.876011,0.0,18.1,22.77777776,43.35,43.03333333333333,43.45,43.53333333333333,43.85,-2.90481483666667,0.0481481400000021,-0.1580000000000012,20.351333333333333,20.046,23.048148164444445,20.12311111111111,8.989846,8.934219,8.841754,8.89526,8.8975315,0,3.0,0,0.25,0.12,5.3,94.7
2022-11-03 12:15:00,59.640669877776,0.0,0.0,22.77777776,20.046,43.85,0,5.1764362714980825,70.66250196097344,12,3,11,1.2246467991473532e-16,-1.0,0.4338837391175582,-0.900968867902419,-0.5000000000000004,0.8660254037844384,488.0,461.5625,347.8333333333333,8.700000000000001,22.025,0.0,48.5,7.35,7.613233,0.0,18.375,22.381481446666665,43.5,43.35,43.03333333333333,43.45,44.18333333333333,-2.73177776,-0.3203704100000024,-0.1473333333333322,20.19333333333333,19.96333333333333,22.97530865333333,20.19688888888889,8.8975315,8.989846,8.934219,8.841754,8.763564,0,4.0,0,0.0,0.05,5.0,95.0
2022-11-03 12:30:00,58.382386911108,0.0,0.0,22.381481446666665,19.96333333333333,44.18333333333333,0,5.1764362714980825,70.66250196097344,12,3,11,1.2246467991473532e-16,-1.0,0.4338837391175582,-0.900968867902419,-0.5000000000000004,0.8660254037844384,499.0,479.1875,375.6666666666667,9.1,22.85,0.0,46.0,6.800000000000001,7.339409,0.0,18.65,22.166666650000003,43.85,43.5,43.35,43.03333333333333,44.5,-2.4181481133333342,-0.3962963133333339,-0.0826666666666682,20.046,20.426,22.752469125555557,20.067555555555558,8.763564,8.8975315,8.989846,8.934219,8.717969,0,4.0,0,0.0,-0.05,5.0,95.0
2022-11-03 12:45:00,56.71523138333,0.0,0.0,22.166666650000003,20.426,44.5,0,5.1764362714980825,70.66250196097344,12,3,11,1.2246467991473532e-16,-1.0,0.4338837391175582,-0.900968867902419,-0.5000000000000004,0.8660254037844384,510.0,493.5,401.2083333333333,9.5,23.675,0.0,43.5,6.25,7.054283,0.0,18.925,22.37962961,44.18333333333333,43.85,43.5,43.35,44.5,-1.740666650000005,-0.214814796666662,0.4626666666666672,19.96333333333333,20.738,22.441975285555557,20.14511111111111,8.717969,8.763564,8.8975315,8.989846,8.825433,0,4.0,0,0.0,-0.1,5.2,94.8
2022-11-03 13:00:00,54.256996233336,0.0,0.0,22.37962961,20.738,44.5,0,5.1764362714980825,70.66250196097344,13,3,11,-0.2588190451025208,-0.9659258262890684,0.4338837391175582,-0.900968867902419,-0.5000000000000004,0.8660254037844384,521.0,504.5,424.4583333333333,9.9,24.5,0.0,41.0,5.7,6.757603,0.0,19.2,22.66666665,44.5,44.18333333333333,43.85,43.5,44.45,-1.641629609999999,0.2129629599999951,0.3120000000000011,20.426,20.682,22.30925923555556,20.37577777777777,8.825433,8.717969,8.763564,8.8975315,8.962008,0,4.0,0,0.0,-0.04,5.0,95.0
2022-11-03 13:15:00,42.524132449994,0.0,0.0,22.66666665,20.682,44.45,0,5.1764362714980825,70.66250196097344,13,3,11,-0.2588190451025208,-0.9659258262890684,0.4338837391175582,-0.900968867902419,-0.5000000000000004,0.8660254037844384,518.25,512.0625,444.6041666666667,9.925,24.575,0.0,40.0,5.45,6.651283,0.0,19.35,22.82592589333333,44.5,44.5,44.18333333333333,43.85,44.03333333333333,-1.9846666499999976,0.2870370400000013,-0.0559999999999973,20.738,20.76,22.40432097,20.615333333333336,8.962008,8.825433,8.717969,8.763564,8.959413,0,4.0,0,0.0,0.02,5.0,95.0
2022-11-03 13:30:00,42.180257088892,0.0,0.0,22.82592589333333,20.76,44.03333333333333,0,5.1764362714980825,70.66250196097344,13,3,11,-0.2588190451025208,-0.9659258262890684,0.4338837391175582,-0.900968867902419,-0.5000000000000004,0.8660254037844384,515.5,516.1875,461.6458333333333,9.95,24.65,0.0,39.0,5.2,6.542473,0.0,19.5,22.6888889,44.45,44.5,44.5,44.18333333333333,44.05,-2.0659258933333327,0.1592592433333308,0.0779999999999958,20.682,21.255333333333333,22.62407405111111,20.726666666666663,8.959413,8.962008,8.825433,8.717969,8.892686,0,4.0,0,0.0,0.06,5.1,94.9
2022-11-03 13:45:00,58.25544760555,0.0,0.0,22.6888889,21.255333333333333,44.05,0,5.1764362714980825,70.66250196097344,13,3,11,-0.2588190451025208,-0.9659258262890684,0.4338837391175582,-0.900968867902419,-0.5000000000000004,0.8660254037844384,512.75,516.875,475.5833333333333,9.975,24.725,0.0,38.0,4.95,6.431145,0.0,19.65,22.346296296666665,44.03333333333333,44.45,44.5,44.5,44.46666666666667,-1.4335555666666655,-0.1370369933333322,0.4953333333333347,20.76,21.13,22.72716048111111,20.89911111111111,8.892686,8.959413,8.962008,8.825433,8.801941,0,4.0,0,0.0,0.03,5.0,95.0
2022-11-03 14:00:00,58.79487044444,0.0,0.0,22.346296296666665,21.13,44.46666666666667,0,5.1764362714980825,70.66250196097344,14,3,11,-0.4999999999999997,-0.8660254037844388,0.4338837391175582,-0.900968867902419,-0.5000000000000004,0.8660254037844384,510.0,514.125,486.4166666666667,10.0,24.8,0.0,37.0,4.7,6.31727,0.0,19.8,22.05555555,44.05,44.03333333333333,44.45,44.5,44.5,-1.2162962966666662,-0.3425926033333333,-0.1253333333333337,21.255333333333333,21.218666666666664,22.620370363333333,21.04844444444444,8.801941,8.892686,8.959413,8.962008,8.6623535,0,4.0,0,0.0,-0.05,5.1,94.9
2022-11-03 14:15:00,55.765824827778005,0.0,0.0,22.05555555,21.218666666666664,44.5,0,5.1764362714980825,70.66250196097344,14,3,11,-0.4999999999999997,-0.8660254037844388,0.4338837391175582,-0.900968867902419,-0.5000000000000004,0.8660254037844384,493.25,507.875,493.8333333333333,9.925,24.725,0.0,37.0,4.7,6.31727,0.0,19.8,21.896296306666667,44.46666666666667,44.05,44.03333333333333,44.45,44.5,-0.8368888833333372,-0.290740746666664,0.0886666666666649,21.13,21.358,22.363580248888884,21.20133333333333,8.6623535,8.801941,8.892686,8.959413,8.583166,0,4.0,0,0.0,-0.12,5.3,94.7
2022-11-03 14:30:00,53.894233011112,0.0,0.0,21.896296306666667,21.358,44.5,0,5.1764362714980825,70.66250196097344,14,3,11,-0.4999999999999997,-0.8660254037844388,0.4338837391175582,-0.900968867902419,-0.5000000000000004,0.8660254037844384,476.5,498.125,497.8333333333333,9.85,24.65,0.0,37.0,4.7,6.31727,0.0,19.8,21.83333332,44.5,44.46666666666667,44.05,44.03333333333333,44.15,-0.5382963066666662,-0.1592592433333344,0.1393333333333366,21.218666666666664,21.590666666666667,22.09938271777777,21.235555555555557,8.583166,8.6623535,8.801941,8.892686,8.484773,0,4.0,0,0.0,-0.16,5.5,94.5
2022-11-03 14:45:00,43.081887722224,0.0,0.0,21.83333332,21.590666666666667,44.15,0,5.1764362714980825,70.66250196097344,14,3,11,-0.4999999999999997,-0.8660254037844388,0.4338837391175582,-0.900968867902419,-0.5000000000000004,0.8660254037844384,459.75,484.875,498.4166666666667,9.775,24.575,0.0,37.0,4.7,6.31727,0.0,19.8,21.65740742,44.5,44.5,44.46666666666667,44.05,44.0,-0.2426666533333339,-0.0629629866666654,0.2326666666666668,21.358,21.546666666666667,21.92839505888889,21.38911111111111,8.484773,8.583166,8.6623535,8.801941,8.370447,0,4.0,0,0.0,-0.18,5.7,94.3
2022-11-03 15:00:00,42.262198311112,0.0,0.0,21.65740742,21.546666666666667,44.0,0,5.1764362714980825,70.66250196097344,15,3,11,-0.7071067811865471,-0.7071067811865479,0.4338837391175582,-0.900968867902419,-0.5000000000000004,0.8660254037844384,443.0,468.125,495.5833333333333,9.7,24.5,0.0,37.0,4.7,6.31727,0.0,19.8,21.62777777,44.15,44.5,44.5,44.46666666666667,43.95,-0.1107407533333351,-0.1759258999999993,-0.0440000000000004,21.590666666666667,21.714,21.79567901555556,21.498444444444445,8.370447,8.484773,8.583166,8.6623535,8.346626,0,4.0,0,0.0,-0.22,6.0,94.0
2022-11-03 15:15:00,441.8623248,0.0,0.0,21.62777777,21.714,43.95,0,5.1764362714980825,70.66250196097344,15,3,11,-0.7071067811865471,-0.7071067811865479,0.4338837391175582,-0.900968867902419,-0.5000000000000004,0.8660254037844384,414.0,448.3125,489.4166666666667,9.125,24.05,0.0,38.5,5.1,6.5349197,0.0,19.7,21.84814816,44.0,44.15,44.5,44.5,43.35,0.086222229999997,-0.0296296500000003,0.1673333333333317,21.546666666666667,21.782666666666668,21.706172836666667,21.61711111111111,8.346626,8.370447,8.484773,8.583166,8.338156,0,4.0,0,0.0,-0.23,6.1,93.9
2022-11-03 15:30:00,70.189970155552,0.0,0.0,21.84814816,21.782666666666668,43.35,0,5.1764362714980825,70.66250196097344,15,3,11,-0.7071067811865471,-0.7071067811865479,0.4338837391175582,-0.900968867902419,-0.5000000000000004,0.8660254037844384,385.0,425.4375,479.9166666666667,8.55,23.6,0.0,40.0,5.5,6.7497764,0.0,19.6,22.20000001,43.95,44.0,44.15,44.5,42.25,-0.0654814933333334,0.2203703899999993,0.0686666666666688,21.714,21.642,21.71111111666667,21.68111111111111,8.338156,8.346626,8.370447,8.484773,8.293072,0,4.0,0,0.0,-0.18,5.7,94.3
2022-11-03 15:45:00,73.692330088884,0.0,0.0,22.20000001,21.642,42.25,0,5.1764362714980825,70.66250196097344,15,3,11,-0.7071067811865471,-0.7071067811865479,0.4338837391175582,-0.900968867902419,-0.5000000000000004,0.8660254037844384,356.0,399.5,467.0833333333333,7.975,23.15,0.0,41.5,5.9,6.961862,0.0,19.5,22.268518513333333,43.35,43.95,44.0,44.15,41.71666666666667,-0.5580000100000007,0.3518518499999992,-0.140666666666668,21.782666666666668,21.65666666666667,21.891975313333333,21.712888888888887,8.293072,8.338156,8.346626,8.370447,8.220736,0,4.0,0,0.0,-0.1,5.2,94.8
2022-11-03 16:00:00,60.150927249998,0.0,0.0,22.268518513333333,21.65666666666667,41.71666666666667,0,5.1764362714980825,70.66250196097344,16,3,11,-0.8660254037844385,-0.5000000000000004,0.4338837391175582,-0.900968867902419,-0.5000000000000004,0.8660254037844384,327.0,370.5,450.9166666666667,7.4,22.7,0.0,43.0,6.3,7.171197,0.0,19.4,21.99444443,42.25,43.35,43.95,44.0,42.05,-0.6118518466666636,0.0685185033333333,0.0146666666666703,21.642,21.88733333333333,22.105555561111117,21.69377777777778,8.220736,8.293072,8.338156,8.346626,8.156652,0,4.0,0,0.0,-0.09,5.2,94.8
2022-11-03 16:15:00,43.381042422224,0.0,0.0,21.99444443,21.88733333333333,42.05,0,5.1764362714980825,70.66250196097344,16,3,11,-0.8660254037844385,-0.5000000000000004,0.4338837391175582,-0.900968867902419,-0.5000000000000004,0.8660254037844384,289.5,339.375,431.8541666666667,6.775,21.075,0.0,46.75,6.975,7.55897,0.0,18.875,21.707407433333334,41.71666666666667,42.25,43.35,43.95,42.46666666666667,-0.1071110966666637,-0.2740740833333355,0.2306666666666643,21.65666666666667,21.534666666666663,22.154320984444443,21.72866666666667,8.156652,8.220736,8.293072,8.338156,8.102129,0,4.0,0,0.0,-0.15,5.5,94.5
2022-11-03 16:30:00,42.11609303889,0.0,0.0,21.707407433333334,21.534666666666663,42.46666666666667,0,5.1764362714980825,70.66250196097344,16,3,11,-0.8660254037844385,-0.5000000000000004,0.4338837391175582,-0.900968867902419,-0.5000000000000004,0.8660254037844384,252.0,306.125,409.8958333333333,6.15,19.45,0.0,50.5,7.65,7.915433,0.0,18.35,21.4277778,42.05,41.71666666666667,42.25,43.35,42.55,-0.1727407666666671,-0.2870369966666644,-0.3526666666666678,21.88733333333333,21.247333333333334,21.99012345888889,21.692888888888888,8.102129,8.156652,8.220736,8.293072,7.9877753,0,4.0,0,0.0,-0.22,6.0,94.0
2022-11-03 16:45:00,53.136207833332,0.0,0.0,21.4277778,21.247333333333334,42.55,0,5.1764362714980825,70.66250196097344,16,3,11,-0.8660254037844385,-0.5000000000000004,0.4338837391175582,-0.900968867902419,-0.5000000000000004,0.8660254037844384,214.5,270.75,385.0416666666667,5.525,17.825,0.0,54.25,8.325,8.241939,0.0,17.825,21.24444447,42.46666666666667,42.05,41.71666666666667,42.25,42.96666666666667,-0.1804444666666675,-0.2796296333333323,-0.2873333333333328,21.534666666666663,21.08333333333333,21.709876554444445,21.55644444444445,7.9877753,8.102129,8.156652,8.220736,7.980753,0,4.0,0,0.0,-0.28,6.7,93.3
2022-11-03 17:00:00,47.253109783334,0.0,0.0,21.24444447,21.08333333333333,42.96666666666667,0,5.1764362714980825,70.66250196097344,17,3,11,-0.9659258262890684,-0.2588190451025206,0.4338837391175582,-0.900968867902419,-0.5000000000000004,0.8660254037844384,177.0,233.25,357.2916666666667,4.9,16.2,0.0,58.0,9.0,8.539799,0.0,17.3,21.07777781,42.55,42.46666666666667,42.05,41.71666666666667,43.35,-0.1611111366666691,-0.1833333299999999,-0.1640000000000014,21.247333333333334,20.704,21.45987656777778,21.288444444444444,7.980753,7.9877753,8.102129,8.156652,7.974455,0,4.0,0,0.0,-0.33,7.2,92.8
2022-11-03 17:15:00,58.390441972226,0.0,0.0,21.07777781,20.704,43.35,0,5.1764362714980825,70.66250196097344,17,3,11,-0.9659258262890684,-0.2588190451025206,0.4338837391175582,-0.900968867902419,-0.5000000000000004,0.8660254037844384,141.5,196.25,327.9791666666667,5.725,15.025,0.0,59.25,8.625,8.377726,0.0,16.625,20.93148146333333,42.96666666666667,42.55,42.46666666666667,42.05,43.68333333333333,-0.37377781,-0.1666666600000006,-0.3793333333333315,21.08333333333333,20.40333333333333,21.25000002666667,21.01155555555556,7.974455,7.980753,7.9877753,8.102129,7.9677625,0,4.0,0,0.0,-0.36,7.7,92.3
2022-11-03 17:30:00,67.64118316110999,0.0,0.0,20.93148146333333,20.40333333333333,43.68333333333333,0,5.1764362714980825,70.66250196097344,17,3,11,-0.9659258262890684,-0.2588190451025206,0.4338837391175582,-0.900968867902419,-0.5000000000000004,0.8660254037844384,106.0,159.75,297.1041666666667,6.55,13.85,0.0,60.5,8.25,8.213284,0.0,15.95,20.84444443,43.35,42.96666666666667,42.55,42.46666666666667,44.0,-0.5281481300000017,-0.1462963466666664,-0.3006666666666682,20.704,20.011333333333333,21.084567914444445,20.730222222222224,7.9677625,7.974455,7.980753,7.9877753,7.9850016,0,4.0,0,0.0,-0.39,8.3,91.7
2022-11-03 17:45:00,44.714322405558,0.0,0.0,20.84444443,20.011333333333333,44.0,0,5.1764362714980825,70.66250196097344,17,3,11,-0.9659258262890684,-0.2588190451025206,0.4338837391175582,-0.900968867902419,-0.5000000000000004,0.8660254037844384,70.50000000000001,123.75,264.6666666666667,7.375,12.675,0.0,61.75,7.875,8.046872,0.0,15.275,20.74074076333333,43.68333333333333,43.35,42.96666666666667,42.55,44.0,-0.8331110966666664,-0.0870370333333347,-0.3919999999999994,20.40333333333333,19.62933333333333,20.951234567777774,20.37288888888889,7.9850016,7.9677625,7.974455,7.980753,7.936956,0,4.0,0,0.0,-0.41,8.6,91.4
2022-11-03 18:00:00,42.188034594446,0.0,0.0,20.74074076333333,19.62933333333333,44.0,0,5.1764362714980825,70.66250196097344,18,3,11,-1.0,-1.8369701987210294e-16,0.4338837391175582,-0.900968867902419,-0.5000000000000004,0.8660254037844384,35.0,88.25,230.66666666666663,8.2,11.5,0.0,63.0,7.5,7.8788605,0.0,14.6,20.62222223,44.0,43.68333333333333,43.35,42.96666666666667,44.0,-1.1114074300000034,-0.1037036666666644,-0.3820000000000014,20.011333333333333,19.278,20.83888888555556,20.014666666666667,7.936956,7.9850016,7.9677625,7.974455,7.882356,0,4.0,0,0.0,-0.44,9.0,91.0
2022-11-03 18:15:00,52.33707326666,0.0,0.0,20.62222223,19.278,44.0,0,5.1764362714980825,70.66250196097344,18,3,11,-1.0,-1.8369701987210294e-16,0.4338837391175582,-0.900968867902419,-0.5000000000000004,0.8660254037844384,26.25,59.4375,198.35416666666663,9.675,14.75,0.0,63.0,7.175,7.7000837,0.0,14.225,20.5592593,44.0,44.0,43.68333333333333,43.35,44.0,-1.3442222299999962,-0.1185185333333365,-0.3513333333333293,19.62933333333333,18.98333333333333,20.735802474444444,19.63955555555556,7.882356,7.936956,7.9850016,7.9677625,7.8534794,0,4.0,0,0.0,-0.47,9.5,90.5
2022-11-03 18:30:00,44.282950894442,0.0,0.0,20.5592593,18.98333333333333,44.0,0,5.1764362714980825,70.66250196097344,18,3,11,-1.0,-1.8369701987210294e-16,0.4338837391175582,-0.900968867902419,-0.5000000000000004,0.8660254037844384,17.5,37.3125,167.72916666666666,11.15,18.0,0.0,63.0,6.85,7.5248437,0.0,13.85,20.51111112,44.0,44.0,44.0,43.68333333333333,44.1,-1.5759259666666663,-0.0629629299999976,-0.2946666666666679,19.278,18.90266666666667,20.640740764444445,19.29688888888889,7.8534794,7.882356,7.936956,7.9850016,7.8492613,0,4.0,0,0.0,-0.48,9.8,90.2
2022-11-03 18:45:00,100.935684761106,0.0,0.0,20.51111112,18.90266666666667,44.1,0,5.1764362714980825,70.66250196097344,18,3,11,-1.0,-1.8369701987210294e-16,0.4338837391175582,-0.900968867902419,-0.5000000000000004,0.8660254037844384,8.750000000000004,21.875,138.79166666666666,12.625,21.25,0.0,63.0,6.525,7.353082,0.0,13.475,20.46851849333333,44.0,44.0,44.0,44.0,44.93333333333333,-1.608444453333334,-0.0481481799999983,-0.0806666666666657,18.98333333333333,18.574666666666666,20.564197550000003,19.054666666666662,7.8492613,7.8534794,7.882356,7.936956,7.9777384,0,4.0,0,0.0,-0.49,10.1,89.9
2022-11-03 19:00:00,68.165051105554,0.0,0.0,20.46851849333333,18.574666666666666,44.93333333333333,0,5.1764362714980825,70.66250196097344,19,3,11,-0.9659258262890684,0.2588190451025203,0.4338837391175582,-0.900968867902419,-0.5000000000000004,0.8660254037844384,0.0,13.125,111.54166666666669,14.1,24.5,0.0,63.0,6.2,7.1847425,0.0,13.1,20.46111108,44.1,44.0,44.0,44.0,45.0,-1.8938518266666653,-0.0425926266666714,-0.3280000000000029,18.90266666666667,18.174,20.51296297111111,18.820222222222224,7.9777384,7.8492613,7.8534794,7.882356,7.98612,0,4.0,0,0.0,-0.5,10.2,89.8
2022-11-03 19:15:00,79.182666083326,0.0,0.0,20.46111108,18.174,45.0,0,5.1764362714980825,70.66250196097344,19,3,11,-0.9659258262890684,0.2588190451025203,0.4338837391175582,-0.900968867902419,-0.5000000000000004,0.8660254037844384,0.0,6.562500000000001,87.41666666666667,14.65,25.75,0.0,59.75,5.55,6.898851,0.0,13.3,20.46481478666667,44.93333333333333,44.1,44.0,44.0,45.91666666666666,-2.2871110800000025,-0.007407413333329,-0.400666666666666,18.574666666666666,17.854,20.48024689777778,18.55044444444444,7.98612,7.9777384,7.8492613,7.8534794,8.150564,0,4.0,0,0.0,-0.5,10.2,89.8
2022-11-03 19:30:00,1212.961757372222,0.0,0.0,20.46481478666667,17.854,45.91666666666666,0,5.1764362714980825,70.66250196097344,19,3,11,-0.9659258262890684,0.2588190451025203,0.4338837391175582,-0.900968867902419,-0.5000000000000004,0.8660254037844384,0.0,2.187500000000001,66.41666666666667,15.2,27.0,0.0,56.5,4.9,6.6046047,0.0,13.5,20.50555556,45.0,44.93333333333333,44.1,44.0,47.8,-2.610814786666669,0.0037037066666663,-0.3200000000000003,18.174,17.698666666666668,20.464814786666665,18.200888888888887,8.150564,7.98612,7.9777384,7.8492613,8.505059,0,4.0,0,0.0,-0.49,10.1,89.9
2022-11-03 19:45:00,1044.071846588888,0.0,0.0,20.50555556,17.698666666666668,47.8,0,5.1764362714980825,70.66250196097344,19,3,11,-0.9659258262890684,0.2588190451025203,0.4338837391175582,-0.900968867902419,-0.5000000000000004,0.8660254037844384,0.0,0.0,48.54166666666666,15.75,28.25,0.0,53.25,4.25,6.301863,0.0,13.7,20.53148150666667,45.91666666666666,45.0,44.93333333333333,44.1,47.16666666666666,-2.8068888933333334,0.0407407733333329,-0.1553333333333313,17.854,17.474,20.47716047555556,17.908888888888885,8.505059,8.150564,7.98612,7.9777384,8.405067,0,4.0,0,0.0,-0.47,9.6,90.4
2022-11-03 20:00:00,73.33428876111,0.0,0.0,20.53148150666667,17.474,47.16666666666666,0,5.1764362714980825,70.66250196097344,20,3,11,-0.8660254037844386,0.5000000000000001,0.4338837391175582,-0.900968867902419,-0.5000000000000004,0.8660254037844384,0.0,0.0,33.791666666666664,16.3,29.5,0.0,50.0,3.6,5.990482,0.0,13.9,20.46111108,47.8,45.91666666666666,45.0,44.93333333333333,46.1,-3.0574815066666687,0.0259259466666677,-0.2246666666666676,17.698666666666668,17.276,20.500617284444445,17.675555555555558,8.405067,8.505059,8.150564,7.98612,8.181336,0,4.0,0,0.0,-0.47,9.6,90.4
2022-11-03 20:15:00,81.640900949998,0.0,0.0,20.46111108,17.276,46.1,0,5.1764362714980825,70.66250196097344,20,3,11,-0.8660254037844386,0.5000000000000001,0.4338837391175582,-0.900968867902419,-0.5000000000000004,0.8660254037844384,0.0,0.0,22.0,15.95,29.5,0.0,49.0,3.225,5.83469,0.0,13.8,20.42407405,47.16666666666666,47.8,45.91666666666666,45.0,45.35,-3.185111080000002,-0.0703704266666669,-0.1980000000000004,17.474,17.275333333333332,20.49938271555556,17.48288888888889,8.181336,8.405067,8.505059,8.150564,8.03086,0,4.0,0,0.0,-0.49,10.1,89.9
2022-11-03 20:30:00,94.155677972226,0.0,0.0,20.42407405,17.275333333333332,45.35,0,5.1764362714980825,70.66250196097344,20,3,11,-0.8660254037844386,0.5000000000000001,0.4338837391175582,-0.900968867902419,-0.5000000000000004,0.8660254037844384,0.0,0.0,13.16666666666667,15.6,29.5,0.0,48.0,2.85,5.680552,0.0,13.7,20.34999998,46.1,47.16666666666666,47.8,45.91666666666666,44.3,-3.1487407166666657,-0.037037030000004,-0.0006666666666674,17.276,17.2,20.472222212222224,17.34177777777778,8.03086,8.181336,8.405067,8.505059,7.8110676,0,4.0,0,0.0,-0.51,10.3,89.7
2022-11-03 20:45:00,92.696569805554,0.0,0.0,20.34999998,17.2,44.3,0,5.1764362714980825,70.66250196097344,20,3,11,-0.8660254037844386,0.5000000000000001,0.4338837391175582,-0.900968867902419,-0.5000000000000004,0.8660254037844384,0.0,0.0,7.291666666666667,15.25,29.5,0.0,47.0,2.475,5.5280604,0.0,13.6,20.3333333,45.35,46.1,47.16666666666666,47.8,43.81666666666667,-3.1499999800000005,-0.0740740699999982,-0.075333333333333,17.275333333333332,17.118,20.41172837,17.250444444444444,7.8110676,8.03086,8.181336,8.405067,7.718329,0,4.0,0,0.0,-0.53,10.9,89.1
2022-11-03 21:00:00,72.976247566664,0.0,0.0,20.3333333,17.118,43.81666666666667,0,5.1764362714980825,70.66250196097344,21,3,11,-0.7071067811865477,0.7071067811865474,0.4338837391175582,-0.900968867902419,-0.5000000000000004,0.8660254037844384,0.0,0.0,4.375,14.9,29.5,0.0,46.0,2.1,5.3772006,0.0,13.5,20.28888889,44.3,45.35,46.1,47.16666666666666,43.1,-3.215333300000001,-0.0166666800000001,-0.0820000000000007,17.2,17.037333333333333,20.369135776666663,17.197777777777777,7.718329,7.8110676,8.03086,8.181336,7.5724034,0,4.0,0,0.0,-0.54,11.0,89.0
2022-11-03 21:15:00,67.475356327782,0.0,0.0,20.28888889,17.037333333333333,43.1,0,5.1764362714980825,70.66250196097344,21,3,11,-0.7071067811865477,0.7071067811865474,0.4338837391175582,-0.900968867902419,-0.5000000000000004,0.8660254037844384,0.0,0.0,2.1875000000000004,15.05,29.875,3.25,46.75,2.3,5.4564543,0.0,13.475,20.225925906666667,43.81666666666667,44.3,45.35,46.1,42.53333333333333,-3.2515555566666663,-0.0444444100000005,-0.0806666666666657,17.118,16.793333333333333,20.324074056666664,17.118444444444446,7.5724034,7.718329,7.8110676,8.03086,7.445396,0,4.0,0,0.0,-0.55,11.3,88.7
2022-11-03 21:30:00,56.478851872222,0.0,0.0,20.225925906666667,16.793333333333333,42.53333333333333,0,5.1764362714980825,70.66250196097344,21,3,11,-0.7071067811865477,0.7071067811865474,0.4338837391175582,-0.900968867902419,-0.5000000000000004,0.8660254037844384,0.0,0.0,0.729166666666667,15.2,30.25,6.5,47.5,2.5,5.535449,0.0,13.45,20.17777779,43.1,43.81666666666667,44.3,45.35,42.15,-3.4325925733333342,-0.0629629833333318,-0.2439999999999997,17.037333333333333,16.594,20.282716032222226,16.982888888888887,7.445396,7.5724034,7.718329,7.8110676,7.3575554,0,4.0,0,0.0,-0.57,11.8,88.2
2022-11-03 21:45:00,52.825109144444,0.0,0.0,20.17777779,16.594,42.15,0,5.1764362714980825,70.66250196097344,21,3,11,-0.7071067811865477,0.7071067811865474,0.4338837391175582,-0.900968867902419,-0.5000000000000004,0.8660254037844384,0.0,0.0,0.0,15.35,30.625,9.75,48.25,2.7,5.614188,0.0,13.425,20.11481480666667,42.53333333333333,43.1,43.81666666666667,44.3,42.0,-3.583777789999999,-0.0481481166666668,-0.1993333333333318,16.793333333333333,16.47533333333333,20.230864195555554,16.808222222222224,7.3575554,7.445396,7.5724034,7.718329,7.3044214,0,4.0,0,0.0,-0.58,12.1,87.9
2022-11-03 22:00:00,79.348492649998,0.0,0.0,20.11481480666667,16.47533333333333,42.0,0,5.1764362714980825,70.66250196097344,22,3,11,-0.5000000000000004,0.8660254037844384,0.4338837391175582,-0.900968867902419,-0.5000000000000004,0.8660254037844384,0.0,0.0,0.0,15.5,31.0,13.0,49.0,2.9,5.6926675,0.0,13.4,20.15000002,42.15,42.53333333333333,43.1,43.81666666666667,41.95,-3.639481473333337,-0.0629629833333318,-0.1186666666666695,16.594,16.241333333333333,20.172839501111117,16.62088888888889,7.3044214,7.3575554,7.445396,7.5724034,7.3107576,0,4.0,0,0.0,-0.6,12.4,87.6
2022-11-03 22:15:00,486.122776677772,0.0,0.0,20.15000002,16.241333333333333,41.95,0,5.1764362714980825,70.66250196097344,22,3,11,-0.5000000000000004,0.8660254037844384,0.4338837391175582,-0.900968867902419,-0.5000000000000004,0.8660254037844384,0.0,0.0,0.0,15.8,31.625,9.75,48.75,2.825,5.654892,0.0,13.375,20.1666667,42.0,42.15,42.53333333333333,43.1,41.53333333333333,-3.908666686666667,0.0351852133333316,-0.2339999999999982,16.47533333333333,16.160666666666668,20.147530872222223,16.436888888888888,7.3107576,7.3044214,7.3575554,7.445396,7.245202,0,4.0,0,0.0,-0.59,12.3,87.7
2022-11-03 22:30:00,54.08561432222,0.0,0.0,20.1666667,16.160666666666668,41.53333333333333,0,5.1764362714980825,70.66250196097344,22,3,11,-0.5000000000000004,0.8660254037844384,0.4338837391175582,-0.900968867902419,-0.5000000000000004,0.8660254037844384,0.0,0.0,0.0,16.1,32.25,6.5,48.5,2.75,5.6172175,0.0,13.35,20.1666667,41.95,42.0,42.15,42.53333333333333,41.5,-4.006000033333333,0.0166666800000001,-0.0806666666666657,16.241333333333333,16.051333333333332,20.143827175555558,16.292444444444445,7.245202,7.3107576,7.3044214,7.3575554,7.2393875,0,4.0,0,0.0,-0.59,12.2,87.8
2022-11-03 22:45:00,61.147831772222,0.0,0.0,20.1666667,16.051333333333332,41.5,0,5.1764362714980825,70.66250196097344,22,3,11,-0.5000000000000004,0.8660254037844384,0.4338837391175582,-0.900968867902419,-0.5000000000000004,0.8660254037844384,0.0,0.0,0.0,16.4,32.875,3.25,48.25,2.675,5.579644,0.0,13.325,20.14484128571429,41.53333333333333,41.95,42.0,42.15,41.5,-4.115333366666668,0.0,-0.1093333333333355,16.160666666666668,15.904285714285717,20.16111114,16.15111111111111,7.2393875,7.245202,7.3107576,7.3044214,7.2301526,0,4.0,0,0.0,-0.59,12.3,87.7
2022-11-03 23:00:00,51.477663011112,0.0,0.0,20.14484128571429,15.904285714285717,41.5,0,5.1764362714980825,70.66250196097344,23,3,11,-0.2588190451025215,0.965925826289068,0.4338837391175582,-0.900968867902419,-0.5000000000000004,0.8660254037844384,0.0,0.0,0.0,16.7,33.5,0.0,48.0,2.6,5.542173,0.0,13.3,20.105158725,41.5,41.53333333333333,41.95,42.0,41.5,-4.240555571428571,-0.0218254142857148,-0.1470476190476173,16.051333333333332,15.647857142857143,20.15939156190476,16.038761904761905,7.2301526,7.2393875,7.245202,7.3107576,7.2133856,0,4.0,0,0.0,-0.59,12.4,87.6
2022-11-03 23:15:00,48.95498613889,0.0,0.0,20.105158725,15.647857142857143,41.5,0,5.1764362714980825,70.66250196097344,23,3,11,-0.2588190451025215,0.965925826289068,0.4338837391175582,-0.900968867902419,-0.5000000000000004,0.8660254037844384,0.0,0.0,0.0,16.9,33.95,0.0,48.0,2.55,5.533622,0.0,13.275,20.03888891333333,41.5,41.5,41.53333333333333,41.95,41.5,-4.457301582142856,-0.0396825607142865,-0.2564285714285716,15.904285714285717,15.546666666666663,20.138888903571427,15.867825396825396,7.2133856,7.2301526,7.2393875,7.245202,7.1854653,0,4.0,0,0.0,-0.6,12.6,87.4
2022-11-03 23:30:00,76.867480777776,0.0,0.0,20.03888891333333,15.546666666666663,41.5,0,5.1764362714980825,70.66250196097344,23,3,11,-0.2588190451025215,0.965925826289068,0.4338837391175582,-0.900968867902419,-0.5000000000000004,0.8660254037844384,0.0,0.0,0.0,17.1,34.4,0.0,48.0,2.5,5.5250826,0.0,13.25,20.0,41.5,41.5,41.5,41.53333333333333,41.5,-4.492222246666669,-0.0662698116666646,-0.101190476190478,15.647857142857143,15.619333333333334,20.096296308015877,15.699603174603174,7.1854653,7.2133856,7.2301526,7.2393875,7.1691217,0,4.0,0,0.0,-0.62,13.0,87.0
2022-11-03 23:45:00,71.91045686666399,0.0,0.0,20.0,15.619333333333334,41.5,0,5.1764362714980825,70.66250196097344,23,3,11,-0.2588190451025215,0.965925826289068,0.4338837391175582,-0.900968867902419,-0.5000000000000004,0.8660254037844384,0.0,0.0,0.0,17.3,34.849999999999994,0.0,48.0,2.45,5.5165553,0.0,13.225,19.97735040923077,41.5,41.5,41.5,41.5,41.29615384615385,-4.3806666666666665,-0.0388889133333343,0.0726666666666684,15.546666666666663,15.430769230769233,20.04801587944445,15.604619047619048,7.1691217,7.1854653,7.2133856,7.2301526,7.124452,0,4.0,0,0.0,-0.63,13.2,86.8
2022-11-04 00:00:00,46.943677744444,0.0,0.0,19.97735040923077,15.430769230769233,41.29615384615385,0,5.1764362714980825,70.66250196097344,0,4,11,0.0,1.0,-0.433883739117558,-0.9009688679024191,-0.5000000000000004,0.8660254037844384,0.0,0.0,0.0,17.5,35.3,0.0,48.0,2.4,5.5080395,0.0,13.2,19.93888885,41.5,41.5,41.5,41.5,41.0,-4.546581178461535,-0.0226495907692338,-0.1885641025641025,15.619333333333334,15.353333333333332,20.005413107521367,15.532256410256409,7.124452,7.1691217,7.1854653,7.2133856,7.0574408,0,4.0,0,0.0,-0.63,13.4,86.6
2022-11-04 00:15:00,71.064935105554,0.0,0.0,19.93888885,15.353333333333332,41.0,0,5.1764362714980825,70.66250196097344,0,4,11,0.0,1.0,-0.433883739117558,-0.9009688679024191,-0.5000000000000004,0.8660254037844384,0.0,0.0,0.0,17.5,35.375,2.25,48.75,2.55,5.5596223,0.0,13.1,19.8925926,41.29615384615385,41.5,41.5,41.5,41.0,-4.585555516666668,-0.0384615592307646,-0.0774358974358975,15.430769230769233,15.398,19.972079753076923,15.467811965811968,7.0574408,7.124452,7.1691217,7.1854653,7.0383215,0,4.0,0,0.0,-0.64,13.7,86.3
2022-11-04 00:30:00,61.87835818333,0.0,0.0,19.8925926,15.398,41.0,0,5.1764362714980825,70.66250196097344,0,4,11,0.0,1.0,-0.433883739117558,-0.9009688679024191,-0.5000000000000004,0.8660254037844384,0.0,0.0,0.0,17.5,35.45,4.5,49.5,2.7,5.6103325,0.0,13.0,19.88333334,41.0,41.29615384615385,41.5,41.5,41.0,-4.494592600000001,-0.046296250000001,0.0446666666666661,15.353333333333332,15.428,19.936277286410256,15.394034188034189,7.0383215,7.0574408,7.124452,7.1691217,7.0345035,0,4.0,0,0.0,-0.65,14.0,86.0
2022-11-04 00:45:00,58.940975699996,0.0,0.0,19.88333334,15.428,41.0,0,5.1764362714980825,70.66250196097344,0,4,11,0.0,1.0,-0.433883739117558,-0.9009688679024191,-0.5000000000000004,0.8660254037844384,0.0,0.0,0.0,17.5,35.525,6.75,50.25,2.85,5.6601753,0.0,12.9,19.837037006666662,41.0,41.0,41.29615384615385,41.5,41.0,-4.455333340000001,-0.0092592600000003,0.0299999999999993,15.398,15.538666666666668,19.90493826333333,15.39311111111111,7.0345035,7.0383215,7.0574408,7.124452,7.015437,0,4.0,0,0.0,-0.66,14.0,86.0
2022-11-04 01:00:00,80.342341811108,0.0,0.0,19.837037006666662,15.538666666666668,41.0,0,5.1764362714980825,70.66250196097344,1,4,11,0.2588190451025207,0.9659258262890684,-0.433883739117558,-0.9009688679024191,-0.5000000000000004,0.8660254037844384,0.0,0.0,0.0,17.5,35.6,9.0,51.0,3.0,5.7091627,0.0,12.8,19.8333333,41.0,41.0,41.0,41.29615384615385,41.0,-4.298370339999998,-0.0462963333333341,0.1106666666666686,15.428,15.395333333333332,19.87098764888889,15.454888888888888,7.015437,7.0345035,7.0383215,7.0574408,7.013914,0,4.0,0,0.0,-0.67,14.3,85.7
2022-11-04 01:15:00,70.181914844444,0.0,0.0,19.8333333,15.395333333333332,41.0,0,5.1764362714980825,70.66250196097344,1,4,11,0.2588190451025207,0.9659258262890684,-0.433883739117558,-0.9009688679024191,-0.5000000000000004,0.8660254037844384,0.0,0.0,0.0,17.6,35.7,14.0,52.25,3.175,5.8039136,0.0,12.675,19.81296295,41.0,41.0,41.0,41.0,41.0,-4.437999966666666,-0.0037037066666663,-0.1433333333333344,15.538666666666668,15.292666666666666,19.85123454888889,15.454,7.013914,7.015437,7.0345035,7.0383215,7.0055413,0,4.0,0,0.0,-0.67,14.4,85.6
2022-11-04 01:30:00,52.1162486,0.0,0.0,19.81296295,15.292666666666666,41.0,0,5.1764362714980825,70.66250196097344,1,4,11,0.2588190451025207,0.9659258262890684,-0.433883739117558,-0.9009688679024191,-0.5000000000000004,0.8660254037844384,0.0,0.0,0.0,17.7,35.8,19.0,53.5,3.35,5.896815,0.0,12.55,19.7777778,41.0,41.0,41.0,41.0,41.0,-4.520296283333334,-0.0203703500000003,-0.1026666666666678,15.395333333333332,15.203333333333337,19.82777775222222,15.408888888888889,7.0055413,7.013914,7.015437,7.0345035,6.9910994,0,4.0,0,0.0,-0.67,14.5,85.5
2022-11-04 01:45:00,60.055097700000005,0.0,0.0,19.7777778,15.203333333333337,41.0,0,5.1764362714980825,70.66250196097344,1,4,11,0.2588190451025207,0.9659258262890684,-0.433883739117558,-0.9009688679024191,-0.5000000000000004,0.8660254037844384,0.0,0.0,0.0,17.799999999999997,35.9,24.0,54.75,3.5250000000000004,5.9878836,0.0,12.425,19.7777778,41.0,41.0,41.0,41.0,41.0,-4.574444466666664,-0.0351851500000002,-0.0893333333333306,15.292666666666666,15.149166666666666,19.808024683333333,15.297111111111112,6.9910994,7.0055413,7.013914,7.015437,6.9910994,0,4.0,0,0.0,-0.68,14.7,85.3
2022-11-04 02:00:00,44.887370983338,0.0,0.0,19.7777778,15.149166666666666,41.0,0,5.1764362714980825,70.66250196097344,2,4,11,0.4999999999999999,0.8660254037844387,-0.433883739117558,-0.9009688679024191,-0.5000000000000004,0.8660254037844384,0.0,0.0,0.0,17.9,36.0,29.0,56.0,3.7,6.0771427,0.0,12.3,19.73888888,41.0,41.0,41.0,41.0,41.0,-4.628611133333333,0.0,-0.0541666666666689,15.203333333333337,15.362,19.789506183333334,15.215055555555557,6.9910994,6.9910994,7.0055413,7.013914,6.9751678,0,4.0,0,0.0,-0.68,14.7,85.3
2022-11-04 02:15:00,55.706104883338,0.0,0.0,19.73888888,15.362,41.0,0,5.1764362714980825,70.66250196097344,2,4,11,0.4999999999999999,0.8660254037844387,-0.433883739117558,-0.9009688679024191,-0.5000000000000004,0.8660254037844384,0.0,0.0,0.0,17.9,36.0,22.5,56.75,3.825,6.129838,0.0,12.225,19.7222222,41.0,41.0,41.0,41.0,41.0,-4.376888880000001,-0.0388889199999979,0.2128333333333341,15.149166666666666,15.567142857142857,19.764814826666665,15.238166666666666,6.9751678,6.9910994,6.9910994,7.0055413,6.9683466,0,4.0,0,0.0,-0.69,15.0,85.0
2022-11-04 02:30:00,69.924980688888,0.0,0.0,19.7222222,15.567142857142857,41.0,0,5.1764362714980825,70.66250196097344,2,4,11,0.4999999999999999,0.8660254037844387,-0.433883739117558,-0.9009688679024191,-0.5000000000000004,0.8660254037844384,0.0,0.0,0.0,17.9,36.0,16.0,57.5,3.95,6.1818914,0.0,12.15,19.7222222,41.0,41.0,41.0,41.0,41.0,-4.155079342857144,-0.0166666800000001,0.2051428571428566,15.362,15.574166666666663,19.746296293333334,15.359436507936508,6.9683466,6.9751678,6.9910994,6.9910994,6.9683466,0,4.0,0,0.0,-0.69,15.1,84.9
2022-11-04 02:45:00,55.161404588888,0.0,0.0,19.7222222,15.574166666666663,41.0,0,5.1764362714980825,70.66250196097344,2,4,11,0.4999999999999999,0.8660254037844387,-0.433883739117558,-0.9009688679024191,-0.5000000000000004,0.8660254037844384,0.0,0.0,0.0,17.9,36.0,9.5,58.25,4.075,6.23331,0.0,12.075,19.7222222,41.0,41.0,41.0,41.0,40.74375,-4.148055533333336,0.0,0.0070238095238082,15.567142857142857,15.42125,19.72777776,15.501103174603172,6.9683466,6.9683466,6.9751678,6.9910994,6.9247947,0,4.0,0,0.0,-0.69,15.1,84.9
2022-11-04 03:00:00,234.791719022224,0.0,0.0,19.7222222,15.42125,40.74375,0,5.1764362714980825,70.66250196097344,3,4,11,0.7071067811865476,0.7071067811865476,-0.433883739117558,-0.9009688679024191,-0.5000000000000004,0.8660254037844384,0.0,0.0,0.0,17.9,36.0,3.0,59.0,4.2,6.2840962,0.0,12.0,19.681349225,41.0,41.0,41.0,41.0,40.5,-4.3009722,0.0,-0.1529166666666643,15.574166666666663,15.461428571428572,19.7222222,15.520853174603175,6.9247947,6.9683466,6.9683466,6.9751678,6.866875,0,4.0,0,0.0,-0.69,15.2,84.8
2022-11-04 03:15:00,55.513334977776005,0.0,0.0,19.681349225,15.461428571428572,40.5,0,5.1764362714980825,70.66250196097344,3,4,11,0.7071067811865476,0.7071067811865476,-0.433883739117558,-0.9009688679024191,-0.5000000000000004,0.8660254037844384,0.0,0.0,0.0,17.7,36.0,2.25,59.25,4.2,6.281248,0.0,11.925,19.6666667,40.74375,41.0,41.0,41.0,40.5,-4.219920653571426,-0.0408729750000027,0.0401785714285711,15.42125,15.328666666666669,19.708597875,15.48561507936508,6.866875,6.9247947,6.9683466,6.9683466,6.8609576,0,4.0,0,0.0,-0.71,15.5,84.5
2022-11-04 03:30:00,60.535911849998,0.0,0.0,19.6666667,15.328666666666669,40.5,0,5.1764362714980825,70.66250196097344,3,4,11,0.7071067811865476,0.7071067811865476,-0.433883739117558,-0.9009688679024191,-0.5000000000000004,0.8660254037844384,0.0,0.0,0.0,17.5,36.0,1.5,59.5,4.2,6.2782717,0.0,11.85,19.6666667,40.5,40.74375,41.0,41.0,40.5,-4.3380000333333335,-0.0146825249999977,-0.1327619047619048,15.461428571428572,15.186428571428571,19.690079375,15.403781746031749,6.8609576,6.866875,6.9247947,6.9683466,6.8609576,0,4.0,0,0.0,-0.71,15.6,84.4
2022-11-04 03:45:00,53.314534016666,0.0,0.0,19.6666667,15.186428571428571,40.5,0,5.1764362714980825,70.66250196097344,3,4,11,0.7071067811865476,0.7071067811865476,-0.433883739117558,-0.9009688679024191,-0.5000000000000004,0.8660254037844384,0.0,0.0,0.0,17.3,36.0,0.75,59.75,4.2,6.2751684,0.0,11.775,19.6666667,40.5,40.5,40.74375,41.0,40.69642857142857,-4.480238128571427,0.0,-0.1422380952380937,15.328666666666669,15.088571428571427,19.671560875,15.325507936507938,6.8609576,6.8609576,6.866875,6.9247947,6.894234,0,4.0,0,0.0,-0.71,15.6,84.4
2022-11-04 04:00:00,70.605231311108,0.0,0.0,19.6666667,15.088571428571427,40.69642857142857,0,5.1764362714980825,70.66250196097344,4,4,11,0.8660254037844386,0.5000000000000001,-0.433883739117558,-0.9009688679024191,-0.5000000000000004,0.8660254037844384,0.0,0.0,0.0,17.1,36.0,0.0,60.0,4.2,6.2719383,0.0,11.7,19.6666667,40.5,40.5,40.5,40.74375,40.65,-4.578095271428571,0.0,-0.0978571428571442,15.186428571428571,15.016,19.6666667,15.201222222222222,6.894234,6.8609576,6.8609576,6.866875,6.886369,0,4.0,0,0.0,-0.71,15.6,84.4
2022-11-04 04:15:00,68.85946776111,0.0,0.0,19.6666667,15.016,40.65,0,5.1764362714980825,70.66250196097344,4,4,11,0.8660254037844386,0.5000000000000001,-0.433883739117558,-0.9009688679024191,-0.5000000000000004,0.8660254037844384,0.0,0.0,0.0,17.05,35.65,15.25,60.25,4.2,6.268584,0.0,11.625,19.64629631333333,40.69642857142857,40.5,40.5,40.5,40.5,-4.6506667,0.0,-0.0725714285714289,15.088571428571427,14.972,19.6666667,15.097,6.886369,6.894234,6.8609576,6.8609576,6.8527555,0,4.0,0,0.0,-0.71,15.6,84.4
2022-11-04 04:30:00,54.06644833889,0.0,0.0,19.64629631333333,14.972,40.5,0,5.1764362714980825,70.66250196097344,4,4,11,0.8660254037844386,0.5000000000000001,-0.433883739117558,-0.9009688679024191,-0.5000000000000004,0.8660254037844384,0.0,0.0,0.0,17.0,35.3,30.5,60.5,4.2,6.2651052,0.0,11.55,19.6111111,40.65,40.69642857142857,40.5,40.5,40.5,-4.674296313333334,-0.0203703866666664,-0.0440000000000004,15.016,14.926666666666668,19.659876571111116,15.02552380952381,6.8527555,6.886369,6.894234,6.8609576,6.83861,0,4.0,0,0.0,-0.71,15.7,84.3
2022-11-04 04:45:00,59.027638866664,0.0,0.0,19.6111111,14.926666666666668,40.5,0,5.1764362714980825,70.66250196097344,4,4,11,0.8660254037844386,0.5000000000000001,-0.433883739117558,-0.9009688679024191,-0.5000000000000004,0.8660254037844384,0.0,0.0,0.0,16.95,34.95,45.75,60.75,4.2,6.261503,0.0,11.475,19.6111111,40.5,40.65,40.69642857142857,40.5,40.5,-4.684444433333331,-0.0351852133333352,-0.0453333333333318,14.972,14.874,19.641358037777778,14.971555555555556,6.83861,6.8527555,6.886369,6.894234,6.83861,0,4.0,0,0.0,-0.72,16.0,84.0
2022-11-04 05:00:00,58.92375395556,0.0,0.0,19.6111111,14.874,40.5,0,5.1764362714980825,70.66250196097344,5,4,11,0.9659258262890684,0.2588190451025207,-0.433883739117558,-0.9009688679024191,-0.5000000000000004,0.8660254037844384,0.0,0.0,0.0,16.9,34.6,61.0,61.0,4.2,6.2577806,0.0,11.4,19.60555555,40.5,40.5,40.65,40.69642857142857,40.5,-4.737111099999998,0.0,-0.052666666666667,14.926666666666668,14.777333333333331,19.622839504444443,14.92422222222222,6.83861,6.83861,6.8527555,6.886369,6.8363795,0,4.0,0,0.0,-0.72,16.0,84.0
2022-11-04 05:15:00,59.122079422224,0.0,0.0,19.60555555,14.777333333333331,40.5,0,5.1764362714980825,70.66250196097344,5,4,11,0.9659258262890684,0.2588190451025207,-0.433883739117558,-0.9009688679024191,-0.5000000000000004,0.8660254037844384,0.0,0.0,0.0,16.9,34.6,65.0,61.5,4.325,6.3090734,0.0,11.4,19.5592593,40.5,40.5,40.5,40.65,40.68333333333333,-4.828222216666669,-0.0055555499999968,-0.0966666666666675,14.874,14.676666666666668,19.60925925,14.859333333333334,6.8363795,6.83861,6.83861,6.8527555,6.8486733,0,4.0,0,0.0,-0.72,16.0,84.0
2022-11-04 05:30:00,73.505670838886,0.0,0.0,19.5592593,14.676666666666668,40.68333333333333,0,5.1764362714980825,70.66250196097344,5,4,11,0.9659258262890684,0.2588190451025207,-0.433883739117558,-0.9009688679024191,-0.5000000000000004,0.8660254037844384,0.0,0.0,0.0,16.9,34.6,69.0,62.0,4.45,6.360367,0.0,11.4,19.5555556,40.5,40.5,40.5,40.5,41.0,-4.882592633333333,-0.046296250000001,-0.1006666666666653,14.777333333333331,14.686666666666667,19.591975316666662,14.776000000000002,6.8486733,6.8363795,6.83861,6.83861,6.9004803,0,4.0,0,0.0,-0.73,16.3,83.7
2022-11-04 05:45:00,67.221755555552,0.0,0.0,19.5555556,14.686666666666667,41.0,0,5.1764362714980825,70.66250196097344,5,4,11,0.9659258262890684,0.2588190451025207,-0.433883739117558,-0.9009688679024191,-0.5000000000000004,0.8660254037844384,0.0,0.0,0.0,16.9,34.6,73.0,62.5,4.575,6.41166,0.0,11.4,19.5555556,40.68333333333333,40.5,40.5,40.5,41.0,-4.868888933333334,-0.003703699999999,0.0099999999999997,14.676666666666668,14.676666666666668,19.573456816666667,14.713555555555557,6.9004803,6.8486733,6.8363795,6.83861,6.9004803,0,4.0,0,0.0,-0.73,16.3,83.7
2022-11-04 06:00:00,52.017085966664,0.0,0.0,19.5555556,14.676666666666668,41.0,0,5.1764362714980825,70.66250196097344,6,4,11,1.0,6.123233995736766e-17,-0.433883739117558,-0.9009688679024191,-0.5000000000000004,0.8660254037844384,0.0,0.0,0.0,16.9,34.6,77.0,63.0,4.7,6.4629536,0.0,11.4,19.5555556,41.0,40.68333333333333,40.5,40.5,41.0,-4.878888933333334,0.0,-0.0099999999999997,14.686666666666667,14.67,19.55679016666667,14.68,6.9004803,6.9004803,6.8486733,6.8363795,6.9004803,0,4.0,0,0.0,-0.73,16.3,83.7
2022-11-04 06:15:00,52.437902383334,0.0,0.0,19.5555556,14.67,41.0,0,5.1764362714980825,70.66250196097344,6,4,11,1.0,6.123233995736766e-17,-0.433883739117558,-0.9009688679024191,-0.5000000000000004,0.8660254037844384,0.0,0.0,0.0,17.075,34.675,82.75,63.75,4.875,6.550153,0.0,11.425,19.5555556,41.0,41.0,40.68333333333333,40.5,41.18333333333333,-4.885555600000002,0.0,-0.0066666666666677,14.676666666666668,15.118666666666666,19.5555556,14.677777777777775,6.9004803,6.9004803,6.9004803,6.8486733,6.9313364,0,4.0,0,0.0,-0.73,16.3,83.7
2022-11-04 06:30:00,58.560157566664,0.0,0.0,19.5555556,15.118666666666666,41.18333333333333,0,5.1764362714980825,70.66250196097344,6,4,11,1.0,6.123233995736766e-17,-0.433883739117558,-0.9009688679024191,-0.5000000000000004,0.8660254037844384,0.0,0.0,0.0,17.25,34.75,88.5,64.5,5.050000000000001,6.6376076,0.0,11.45,19.51666668,41.0,41.0,41.0,40.68333333333333,41.5,-4.436888933333336,0.0,0.4486666666666661,14.67,15.365333333333332,19.5555556,14.821777777777775,6.9313364,6.9004803,6.9004803,6.9004803,6.9686856,0,4.0,0,0.0,-0.73,16.3,83.7
2022-11-04 06:45:00,59.681223838886,0.0,0.0,19.51666668,15.365333333333332,41.5,0,5.1764362714980825,70.66250196097344,6,4,11,1.0,6.123233995736766e-17,-0.433883739117558,-0.9009688679024191,-0.5000000000000004,0.8660254037844384,0.0,0.0,0.0,17.425,34.825,94.25,65.25,5.2250000000000005,6.7253184,0.0,11.475,19.5,41.18333333333333,41.0,41.0,41.0,41.68333333333333,-4.151333346666668,-0.0388889200000015,0.2466666666666661,15.118666666666666,14.992666666666668,19.542592626666668,15.051333333333332,6.9686856,6.9313364,6.9004803,6.9004803,6.992617,0,4.0,0,0.0,-0.74,16.5,83.5
2022-11-04 07:00:00,72.431269416662,0.0,0.0,19.5,14.992666666666668,41.68333333333333,0,5.1764362714980825,70.66250196097344,7,4,11,0.9659258262890684,-0.2588190451025206,-0.433883739117558,-0.9009688679024191,-0.5000000000000004,0.8660254037844384,0.0,0.0,0.0,17.6,34.9,100.0,66.0,5.4,6.813286,0.0,11.5,19.5,41.5,41.18333333333333,41.0,41.0,42.0,-4.507333333333332,-0.0166666800000001,-0.3726666666666638,15.365333333333332,14.67,19.524074093333336,15.158888888888889,6.992617,6.9686856,6.9313364,6.9004803,7.04574,0,4.0,0,0.0,-0.74,16.6,83.4
2022-11-04 07:15:00,67.302585638886,0.0,0.0,19.5,14.67,42.0,0,5.1764362714980825,70.66250196097344,7,4,11,0.9659258262890684,-0.2588190451025206,-0.433883739117558,-0.9009688679024191,-0.5000000000000004,0.8660254037844384,0.5,0.125,0.0416666666666666,17.925,35.075,90.25,66.25,5.550000000000001,6.8928413,0.0,11.625,19.5,41.68333333333333,41.5,41.18333333333333,41.0,42.0,-4.83,0.0,-0.3226666666666684,14.992666666666668,14.676666666666668,19.50555556,15.009333333333336,7.04574,6.992617,6.9686856,6.9313364,7.04574,0,4.0,0,0.0,-0.74,16.5,83.5
2022-11-04 07:30:00,51.720153311112,0.0,0.0,19.5,14.676666666666668,42.0,0,5.1764362714980825,70.66250196097344,7,4,11,0.9659258262890684,-0.2588190451025206,-0.433883739117558,-0.9009688679024191,-0.5000000000000004,0.8660254037844384,1.0,0.375,0.125,18.25,35.25,80.5,66.5,5.7,6.9731708,0.0,11.75,19.5,42.0,41.68333333333333,41.5,41.18333333333333,42.35,-4.823333333333332,0.0,0.0066666666666677,14.67,14.703333333333337,19.5,14.77977777777778,7.04574,7.04574,6.992617,6.9686856,7.104454,0,4.0,0,0.0,-0.74,16.5,83.5
2022-11-04 07:45:00,55.61916406111,0.0,0.0,19.5,14.703333333333337,42.35,0,5.1764362714980825,70.66250196097344,7,4,11,0.9659258262890684,-0.2588190451025206,-0.433883739117558,-0.9009688679024191,-0.5000000000000004,0.8660254037844384,1.5,0.75,0.25,18.575,35.425,70.75,66.75,5.85,7.05428,0.0,11.875,19.5,42.0,42.0,41.68333333333333,41.5,42.5,-4.796666666666665,0.0,0.0266666666666672,14.676666666666668,14.762666666666666,19.5,14.683333333333332,7.104454,7.04574,7.04574,6.992617,7.129618,0,4.0,0,0.0,-0.74,16.5,83.5
2022-11-04 08:00:00,60.698127611108,0.0,0.0,19.5,14.762666666666666,42.5,0,5.1764362714980825,70.66250196097344,8,4,11,0.8660254037844387,-0.4999999999999998,-0.433883739117558,-0.9009688679024191,-0.5000000000000004,0.8660254037844384,2.0,1.25,0.4166666666666667,18.9,35.6,61.0,67.0,6.0,7.1361775,0.0,12.0,19.49444444,42.35,42.0,42.0,41.68333333333333,42.55,-4.737333333333334,0.0,0.0593333333333312,14.703333333333337,14.864,19.5,14.714222222222224,7.129618,7.104454,7.04574,7.04574,7.135674,0,4.0,0,0.0,-0.74,16.4,83.6
2022-11-04 08:15:00,59.520396872222,0.0,0.0,19.49444444,14.864,42.55,0,5.1764362714980825,70.66250196097344,8,4,11,0.8660254037844387,-0.4999999999999998,-0.433883739117558,-0.9009688679024191,-0.5000000000000004,0.8660254037844384,18.5,5.75,1.9583333333333333,18.675,35.875,69.5,67.25,6.25,7.2413993,0.0,12.175,19.46851849333333,42.5,42.35,42.0,42.0,42.96666666666667,-4.630444439999998,-0.0055555600000012,0.1013333333333346,14.762666666666666,15.118666666666666,19.498148146666665,14.776666666666666,7.135674,7.129618,7.104454,7.04574,7.194575,0,4.0,0,0.0,-0.74,16.5,83.5
2022-11-04 08:30:00,77.94938196666399,0.0,0.0,19.46851849333333,15.118666666666666,42.96666666666667,0,5.1764362714980825,70.66250196097344,8,4,11,0.8660254037844387,-0.4999999999999998,-0.433883739117558,-0.9009688679024191,-0.5000000000000004,0.8660254037844384,35.0,14.25,4.875,18.45,36.150000000000006,78.0,67.5,6.5,7.347959,0.0,12.35,19.466666640000003,42.55,42.5,42.35,42.0,43.05,-4.349851826666665,-0.0259259466666677,0.2546666666666652,14.864,15.332666666666666,19.48765431111111,14.915111111111113,7.194575,7.135674,7.129618,7.104454,7.207742,0,4.0,0,0.0,-0.74,16.6,83.4
2022-11-04 08:45:00,104.081947705554,0.0,0.0,19.466666640000003,15.332666666666666,43.05,0,5.1764362714980825,70.66250196097344,8,4,11,0.8660254037844387,-0.4999999999999998,-0.433883739117558,-0.9009688679024191,-0.5000000000000004,0.8660254037844384,51.5,26.75,9.166666666666666,18.225,36.425,86.5,67.75,6.75,7.45587,0.0,12.525,19.51666668,42.96666666666667,42.55,42.5,42.35,43.65,-4.133999973333337,-0.0018518533333278,0.2140000000000004,15.118666666666666,15.488666666666669,19.47654319111111,15.105111111111109,7.207742,7.194575,7.135674,7.129618,7.329714,0,4.0,0,0.0,-0.74,16.6,83.4
2022-11-04 09:00:00,51.850425949998,0.0,0.0,19.51666668,15.488666666666669,43.65,0,5.1764362714980825,70.66250196097344,9,4,11,0.7071067811865476,-0.7071067811865475,-0.433883739117558,-0.9009688679024191,-0.5000000000000004,0.8660254037844384,68.0,43.25,14.833333333333334,18.0,36.7,95.0,68.0,7.0,7.565146,0.0,12.7,19.5555556,43.05,42.96666666666667,42.55,42.5,44.0,-4.028000013333333,0.0500000399999969,0.1560000000000005,15.332666666666666,15.744666666666664,19.483950604444445,15.313333333333333,7.329714,7.207742,7.194575,7.135674,7.405393,0,4.0,0,0.0,-0.73,16.1,83.9
2022-11-04 09:15:00,54.381435805554,0.0,0.0,19.5555556,15.744666666666664,44.0,0,5.1764362714980825,70.66250196097344,9,4,11,0.7071067811865476,-0.7071067811865475,-0.433883739117558,-0.9009688679024191,-0.5000000000000004,0.8660254037844384,103.0,64.375,23.416666666666668,17.05,36.7,89.0,67.5,7.35,7.7456813,0.0,13.2,19.57592595,43.65,43.05,42.96666666666667,42.55,44.0,-3.810888933333336,0.0388889200000015,0.2559999999999984,15.488666666666669,16.098,19.51296297333333,15.521999999999998,7.405393,7.329714,7.207742,7.194575,7.4142613,0,4.0,0,0.0,-0.72,15.8,84.2
2022-11-04 09:30:00,73.276791111108,0.0,0.0,19.57592595,16.098,44.0,0,5.1764362714980825,70.66250196097344,9,4,11,0.7071067811865476,-0.7071067811865475,-0.433883739117558,-0.9009688679024191,-0.5000000000000004,0.8660254037844384,138.0,90.125,34.916666666666664,16.1,36.7,83.0,67.0,7.7,7.9291043,0.0,13.7,19.60555555,44.0,43.65,43.05,42.96666666666667,44.05,-3.477925950000003,0.0203703500000003,0.3533333333333335,15.744666666666664,16.569333333333333,19.549382743333336,15.777111111111113,7.4142613,7.405393,7.329714,7.207742,7.4356174,0,4.0,0,0.0,-0.71,15.6,84.4
2022-11-04 09:45:00,414.407034188888,0.0,0.0,19.60555555,16.569333333333333,44.05,0,5.1764362714980825,70.66250196097344,9,4,11,0.7071067811865476,-0.7071067811865475,-0.433883739117558,-0.9009688679024191,-0.5000000000000004,0.8660254037844384,173.0,120.5,49.333333333333336,15.15,36.7,77.0,66.5,8.05,8.115418,0.0,14.2,19.620370386666664,44.0,44.0,43.65,43.05,44.28333333333333,-3.036222216666669,0.0296295999999998,0.4713333333333338,16.098,17.076666666666664,19.57901236666667,16.13733333333333,7.4356174,7.4142613,7.405393,7.329714,7.481513,0,4.0,0,0.0,-0.7,15.4,84.6
2022-11-04 10:00:00,57.291875016662,0.0,0.0,19.620370386666664,17.076666666666664,44.28333333333333,0,5.1764362714980825,70.66250196097344,10,4,11,0.4999999999999999,-0.8660254037844387,-0.433883739117558,-0.9009688679024191,-0.5000000000000004,0.8660254037844384,208.0,155.5,66.66666666666667,14.2,36.7,71.0,66.0,8.4,8.304623,0.0,14.7,20.19444445,44.05,44.0,44.0,43.65,43.55,-2.54370372,0.0148148366666625,0.5073333333333316,16.569333333333333,17.766666666666666,19.600617295555555,16.58133333333333,7.481513,7.4356174,7.4142613,7.405393,7.6093445,0,4.0,0,0.0,-0.7,15.3,84.7
2022-11-04 10:15:00,64.003828677776,0.0,0.0,20.19444445,17.766666666666666,43.55,0,5.1764362714980825,70.66250196097344,10,4,11,0.4999999999999999,-0.8660254037844387,-0.433883739117558,-0.9009688679024191,-0.5000000000000004,0.8660254037844384,243.75,190.6875,86.9375,14.475,36.075,54.75,64.5,8.575,8.405235,0.0,15.275,21.36111109,44.28333333333333,44.05,44.0,44.0,42.016666666666666,-2.427777783333333,0.5740740633333345,0.6900000000000013,17.076666666666664,18.254666666666665,19.80679012888889,17.137555555555554,7.6093445,7.481513,7.4356174,7.4142613,7.857253,0,4.0,0,0.0,-0.57,11.8,88.2
2022-11-04 10:30:00,53.691185550002,0.0,0.0,21.36111109,18.254666666666665,42.016666666666666,0,5.1764362714980825,70.66250196097344,10,4,11,0.4999999999999999,-0.8660254037844387,-0.433883739117558,-0.9009688679024191,-0.5000000000000004,0.8660254037844384,279.5,226.0625,110.14583333333331,14.75,35.45,38.5,63.0,8.75,8.501102,0.0,15.85,22.34444443,43.55,44.28333333333333,44.05,44.0,40.3,-3.106444423333336,1.1666666400000023,0.4879999999999995,17.766666666666666,18.78533333333333,20.391975308888888,17.699333333333332,7.857253,7.6093445,7.481513,7.4356174,7.9763207,0,4.0,0,0.0,-0.3,6.9,93.1
2022-11-04 10:45:00,59.949824227774,0.0,0.0,22.34444443,18.78533333333333,40.3,0,5.1764362714980825,70.66250196097344,10,4,11,0.4999999999999999,-0.8660254037844387,-0.433883739117558,-0.9009688679024191,-0.5000000000000004,0.8660254037844384,315.25,261.625,136.29166666666666,15.025,34.825,22.25,61.5,8.925,8.591825,0.0,16.425,22.583333343333333,42.016666666666666,43.55,44.28333333333333,44.05,40.18333333333333,-3.559111096666669,0.983333339999998,0.5306666666666651,18.254666666666665,19.532666666666668,21.29999999,18.268888888888885,7.9763207,7.857253,7.6093445,7.481513,8.063121,0,4.0,0,0.0,-0.08,5.1,94.9
2022-11-04 11:00:00,78.773793355556,0.0,0.0,22.583333343333333,19.532666666666668,40.18333333333333,0,5.1764362714980825,70.66250196097344,11,4,11,0.258819045102521,-0.9659258262890682,-0.433883739117558,-0.9009688679024191,-0.5000000000000004,0.8660254037844384,351.0,297.375,165.375,15.3,34.2,6.0,60.0,9.1,8.676975,0.0,17.0,22.59444445,40.3,42.016666666666666,43.55,44.28333333333333,40.45,-3.050666676666665,0.2388889133333336,0.7473333333333372,18.78533333333333,19.600666666666665,22.09629628777778,18.857555555555557,8.063121,7.9763207,7.857253,7.6093445,8.121807,0,4.0,0,0.0,-0.02,5.0,95.0
2022-11-04 11:15:00,74.86394978888801,0.0,0.0,22.59444445,19.600666666666665,40.45,0,5.1764362714980825,70.66250196097344,11,4,11,0.258819045102521,-0.9659258262890682,-0.433883739117558,-0.9009688679024191,-0.5000000000000004,0.8660254037844384,376.0,330.4375,195.16666666666663,15.525,34.925000000000004,6.25,58.75,9.275,8.754249,0.0,17.5,22.631481486666665,40.18333333333333,40.3,42.016666666666666,43.55,40.03333333333333,-2.993777783333336,0.011111106666668,0.0679999999999978,19.532666666666668,20.048,22.507407407777777,19.30622222222222,8.121807,8.063121,7.9763207,7.857253,8.055246,0,4.0,0,0.0,-0.02,5.0,95.0
2022-11-04 11:30:00,809.628169094446,0.0,0.0,22.631481486666665,20.048,40.03333333333333,0,5.1764362714980825,70.66250196097344,11,4,11,0.258819045102521,-0.9659258262890682,-0.433883739117558,-0.9009688679024191,-0.5000000000000004,0.8660254037844384,401.0,360.8125,225.66666666666663,15.75,35.650000000000006,6.5,57.5,9.45,8.827171,0.0,18.0,22.755555580000003,40.45,40.18333333333333,40.3,42.016666666666666,40.05,-2.5834814866666638,0.0370370366666641,0.4473333333333364,19.600666666666665,20.858666666666668,22.603086426666668,19.72711111111111,8.055246,8.121807,8.063121,7.9763207,8.1161375,0,4.0,0,0.0,-0.01,5.0,95.0
2022-11-04 11:45:00,606.227972177776,0.0,0.0,22.755555580000003,20.858666666666668,40.05,0,5.1764362714980825,70.66250196097344,11,4,11,0.258819045102521,-0.9659258262890682,-0.433883739117558,-0.9009688679024191,-0.5000000000000004,0.8660254037844384,426.0,388.5,256.875,15.975,36.375,6.75,56.25,9.625,8.895452,0.0,18.5,22.861111106666662,40.03333333333333,40.45,40.18333333333333,40.3,40.833333333333336,-1.8968889133333349,0.1240740933333377,0.8106666666666662,20.048,21.366,22.66049383888889,20.16911111111111,8.1161375,8.055246,8.121807,8.063121,8.325071,0,4.0,0,0.0,0.02,5.0,95.0
2022-11-04 12:00:00,161.623812588888,0.0,0.0,22.861111106666662,21.366,40.833333333333336,0,5.1764362714980825,70.66250196097344,12,4,11,1.2246467991473532e-16,-1.0,-0.433883739117558,-0.9009688679024191,-0.5000000000000004,0.8660254037844384,451.0,413.5,288.7916666666667,16.2,37.1,7.0,55.0,9.8,8.95879,0.0,19.0,22.74444442,40.05,40.03333333333333,40.45,40.18333333333333,42.7,-1.4951111066666662,0.105555526666663,0.5073333333333316,20.858666666666668,21.442,22.749382724444445,20.757555555555555,8.325071,8.1161375,8.055246,8.121807,8.647651,0,4.0,0,0.0,0.05,5.0,95.0
2022-11-04 12:15:00,160.99994874444002,0.0,0.0,22.74444442,21.442,42.7,0,5.1764362714980825,70.66250196097344,12,4,11,1.2246467991473532e-16,-1.0,-0.433883739117558,-0.9009688679024191,-0.5000000000000004,0.8660254037844384,462.0,435.0,318.7083333333333,15.85,36.925,25.75,54.25,9.9,9.007536,0.0,19.325,22.53703703333333,40.833333333333336,40.05,40.03333333333333,40.45,44.766666666666666,-1.302444419999997,-0.1166666866666688,0.0760000000000005,21.366,21.280666666666665,22.78703703555556,21.22222222222222,8.647651,8.325071,8.1161375,8.055246,8.958964,0,4.0,0,0.0,0.03,5.0,95.0
2022-11-04 12:30:00,418.682141027774,0.0,0.0,22.53703703333333,21.280666666666665,44.766666666666666,0,5.1764362714980825,70.66250196097344,12,4,11,1.2246467991473532e-16,-1.0,-0.433883739117558,-0.9009688679024191,-0.5000000000000004,0.8660254037844384,473.0,453.0,346.625,15.5,36.75,44.5,53.5,10.0,9.054377,0.0,19.65,22.37777776,42.7,40.833333333333336,40.05,40.03333333333333,46.25,-1.256370366666669,-0.207407386666663,-0.1613333333333351,21.442,21.46333333333333,22.71419752,21.36288888888889,8.958964,8.647651,8.325071,8.1161375,9.171524,0,4.0,0,0.0,-0.01,5.0,95.0
2022-11-04 12:45:00,487.63160503889,0.0,0.0,22.37777776,21.46333333333333,46.25,0,5.1764362714980825,70.66250196097344,12,4,11,1.2246467991473532e-16,-1.0,-0.433883739117558,-0.9009688679024191,-0.5000000000000004,0.8660254037844384,484.0,467.5,372.5416666666667,15.15,36.575,63.25,52.75,10.1,9.099226,0.0,19.975,22.63333331666667,44.766666666666666,42.7,40.833333333333336,40.05,46.78333333333333,-0.9144444266666696,-0.1592592733333333,0.1826666666666661,21.280666666666665,21.802666666666667,22.553086404444443,21.39533333333333,9.171524,8.958964,8.647651,8.325071,9.414436,0,4.0,0,0.0,-0.03,5.0,95.0
2022-11-04 13:00:00,69.694989905554,0.0,0.0,22.63333331666667,21.802666666666667,46.78333333333333,0,5.1764362714980825,70.66250196097344,13,4,11,-0.2588190451025208,-0.9659258262890684,-0.433883739117558,-0.9009688679024191,-0.5000000000000004,0.8660254037844384,495.0,478.5,396.4583333333333,14.8,36.4,82.0,52.0,10.2,9.142012,0.0,20.3,22.855555560000003,46.25,44.766666666666666,42.7,40.833333333333336,46.15,-0.8306666500000013,0.2555555566666676,0.3393333333333359,21.46333333333333,22.098666666666663,22.51604937,21.515555555555554,9.414436,9.171524,8.958964,8.647651,9.406037,0,4.0,0,0.0,0.03,5.0,95.0
2022-11-04 13:15:00,69.10668003889,0.0,0.0,22.855555560000003,22.098666666666663,46.15,0,5.1764362714980825,70.66250196097344,13,4,11,-0.2588190451025208,-0.9659258262890684,-0.433883739117558,-0.9009688679024191,-0.5000000000000004,0.8660254037844384,489.5,485.375,416.9375,14.575,35.85,86.0,51.5,10.225,9.160433,0.0,20.5,23.04444448666667,46.78333333333333,46.25,44.766666666666666,42.7,45.81666666666667,-0.7568888933333362,0.2222222433333343,0.2959999999999994,21.802666666666667,22.421333333333333,22.622222212222223,21.78822222222222,9.406037,9.414436,9.171524,8.958964,9.439588,0,4.0,0,0.0,0.08,5.1,94.9
2022-11-04 13:30:00,43.831302294442,0.0,0.0,23.04444448666667,22.421333333333333,45.81666666666667,0,5.1764362714980825,70.66250196097344,13,4,11,-0.2588190451025208,-0.9659258262890684,-0.433883739117558,-0.9009688679024191,-0.5000000000000004,0.8660254037844384,484.0,488.125,433.9791666666667,14.35,35.3,90.0,51.0,10.25,9.177857,0.0,20.700000000000003,22.91666669,46.15,46.78333333333333,46.25,44.766666666666666,45.55,-0.6231111533333369,0.1888889266666673,0.3226666666666666,22.098666666666663,22.692666666666664,22.84444445444445,22.107555555555557,9.439588,9.406037,9.414436,9.171524,9.316289,0,4.0,0,0.0,0.12,5.3,94.7
2022-11-04 13:45:00,41.190019033332,0.0,0.0,22.91666669,22.692666666666664,45.55,0,5.1764362714980825,70.66250196097344,13,4,11,-0.2588190451025208,-0.9659258262890684,-0.433883739117558,-0.9009688679024191,-0.5000000000000004,0.8660254037844384,478.5,486.75,447.5833333333333,14.125,34.75,94.0,50.5,10.275,9.194266,0.0,20.9,22.62037039,45.81666666666667,46.15,46.78333333333333,46.25,45.96666666666667,-0.2240000233333354,-0.1277777966666704,0.271333333333331,22.421333333333333,23.038,22.938888912222225,22.40422222222222,9.316289,9.439588,9.406037,9.414436,9.243219,0,4.0,0,0.0,0.09,5.2,94.8
2022-11-04 14:00:00,52.902050383338,0.0,0.0,22.62037039,23.038,45.96666666666667,0,5.1764362714980825,70.66250196097344,14,4,11,-0.4999999999999997,-0.8660254037844388,-0.433883739117558,-0.9009688679024191,-0.5000000000000004,0.8660254037844384,473.0,481.25,457.75,13.9,34.2,98.0,50.0,10.3,9.209632,0.0,21.1,22.3388889,45.55,45.81666666666667,46.15,46.78333333333333,46.0,0.4176296099999987,-0.296296299999998,0.3453333333333361,22.692666666666664,22.682,22.86049385555556,22.71733333333333,9.243219,9.316289,9.439588,9.406037,9.101577,0,4.0,0,0.0,0.02,5.0,95.0
2022-11-04 14:15:00,55.989982411116,0.0,0.0,22.3388889,22.682,46.0,0,5.1764362714980825,70.66250196097344,14,4,11,-0.4999999999999997,-0.8660254037844388,-0.433883739117558,-0.9009688679024191,-0.5000000000000004,0.8660254037844384,453.75,472.3125,464.2291666666667,14.0,33.650000000000006,94.75,49.5,10.225,9.1573105,0.0,21.175,22.205555556666663,45.96666666666667,45.55,45.81666666666667,46.15,46.0,0.3431111000000051,-0.2814814900000044,-0.3559999999999981,23.038,22.869333333333334,22.62530866,22.804222222222226,9.101577,9.243219,9.316289,9.439588,9.032029,0,4.0,0,0.0,-0.04,5.0,95.0
2022-11-04 14:30:00,56.405521388892,0.0,0.0,22.205555556666663,22.869333333333334,46.0,0,5.1764362714980825,70.66250196097344,14,4,11,-0.4999999999999997,-0.8660254037844388,-0.433883739117558,-0.9009688679024191,-0.5000000000000004,0.8660254037844384,434.5,459.9375,467.0208333333333,14.1,33.1,91.5,49.0,10.15,9.104334,0.0,21.25,22.15000003,46.0,45.96666666666667,45.55,45.81666666666667,46.0,0.6637777766666701,-0.1333333433333337,0.1873333333333313,22.682,23.433333333333334,22.388271615555556,22.86311111111111,9.032029,9.101577,9.243219,9.316289,9.003189,0,4.0,0,0.0,-0.08,5.1,94.9
2022-11-04 14:45:00,58.587934088892,0.0,0.0,22.15000003,23.433333333333334,46.0,0,5.1764362714980825,70.66250196097344,14,4,11,-0.4999999999999997,-0.8660254037844388,-0.433883739117558,-0.9009688679024191,-0.5000000000000004,0.8660254037844384,415.25,444.125,466.125,14.2,32.55,88.25,48.5,10.075,9.050699,0.0,21.325,21.990740726666665,46.0,46.0,45.96666666666667,45.55,46.0,1.2833333033333325,-0.0555555266666623,0.5640000000000001,22.869333333333334,23.564,22.231481495555556,22.99488888888889,9.003189,9.032029,9.101577,9.243219,8.92095,0,4.0,0,0.0,-0.09,5.2,94.8
2022-11-04 15:00:00,41.357234661106,0.0,0.0,21.990740726666665,23.564,46.0,0,5.1764362714980825,70.66250196097344,15,4,11,-0.7071067811865471,-0.7071067811865479,-0.433883739117558,-0.9009688679024191,-0.5000000000000004,0.8660254037844384,396.0,424.875,461.5416666666667,14.3,32.0,85.0,48.0,10.0,8.996401,0.0,21.4,21.96111107,46.0,46.0,46.0,45.96666666666667,45.95,1.5732592733333348,-0.1592593033333358,0.1306666666666665,23.433333333333334,23.458,22.11543210444444,23.28888888888889,8.92095,9.003189,9.032029,9.101577,8.896041,0,4.0,0,0.0,-0.13,5.3,94.7
2022-11-04 15:15:00,40.956972805554,0.0,0.0,21.96111107,23.458,45.95,0,5.1764362714980825,70.66250196097344,15,4,11,-0.7071067811865471,-0.7071067811865479,-0.433883739117558,-0.9009688679024191,-0.5000000000000004,0.8660254037844384,368.0,403.4375,453.7083333333333,14.375,32.2,88.75,49.25,10.15,9.1375265,0.0,21.225,22.120370373333333,46.0,46.0,46.0,46.0,45.35,1.4968889300000008,-0.029629656666664,-0.1059999999999981,23.564,23.459333333333333,22.033950608888887,23.48511111111111,8.896041,8.92095,9.003189,9.032029,8.860838,0,4.0,0,0.0,-0.14,5.4,94.6
2022-11-04 15:30:00,53.084543066672,0.0,0.0,22.120370373333333,23.459333333333333,45.35,0,5.1764362714980825,70.66250196097344,15,4,11,-0.7071067811865471,-0.7071067811865479,-0.433883739117558,-0.9009688679024191,-0.5000000000000004,0.8660254037844384,340.0,379.8125,442.625,14.45,32.4,92.5,50.5,10.3,9.274763,0.0,21.05,22.36111109,45.95,46.0,46.0,46.0,44.65,1.33896296,0.1592593033333322,0.0013333333333314,23.458,23.43133333333333,22.024074056666667,23.493777777777776,8.860838,8.896041,8.92095,9.003189,8.84576,0,4.0,0,0.0,-0.1,5.2,94.8
2022-11-04 15:45:00,51.294059222224,0.0,0.0,22.36111109,23.43133333333333,44.65,0,5.1764362714980825,70.66250196097344,15,4,11,-0.7071067811865471,-0.7071067811865479,-0.433883739117558,-0.9009688679024191,-0.5000000000000004,0.8660254037844384,312.0,354.0,428.2916666666667,14.525,32.599999999999994,96.25,51.75,10.45,9.408157,0.0,20.875,22.40370366333333,45.35,45.95,46.0,46.0,44.5,1.0702222433333333,0.2407407166666679,-0.0279999999999986,23.459333333333333,23.044,22.147530844444447,23.44955555555556,8.84576,8.860838,8.896041,8.92095,8.837652,0,4.0,0,0.0,-0.05,5.0,95.0
2022-11-04 16:00:00,56.886613377776,0.0,0.0,22.40370366333333,23.044,44.5,0,5.1764362714980825,70.66250196097344,16,4,11,-0.8660254037844385,-0.5000000000000004,-0.433883739117558,-0.9009688679024191,-0.5000000000000004,0.8660254037844384,284.0,326.0,410.7083333333333,14.6,32.8,100.0,53.0,10.6,9.537773,0.0,20.7,22.16111109,44.65,45.35,45.95,46.0,44.5,0.6402963366666654,0.0425925733333301,-0.3873333333333377,23.43133333333333,22.986,22.29506170888889,23.311555555555557,8.837652,8.84576,8.860838,8.896041,8.715182,0,4.0,0,0.0,-0.04,5.0,95.0
2022-11-04 16:15:00,61.72780862222,0.0,0.0,22.16111109,22.986,44.5,0,5.1764362714980825,70.66250196097344,16,4,11,-0.8660254037844385,-0.5000000000000004,-0.433883739117558,-0.9009688679024191,-0.5000000000000004,0.8660254037844384,246.0,295.5,390.4166666666667,14.325,32.599999999999994,100.0,54.75,10.725,9.625484,0.0,20.3,21.914814776666667,44.5,44.65,45.35,45.95,44.31666666666667,0.8248889099999985,-0.2425925733333294,-0.0579999999999962,23.044,23.088,22.308641947777776,23.153777777777776,8.715182,8.837652,8.84576,8.860838,8.556942,0,4.0,0,0.0,-0.1,5.2,94.8
2022-11-04 16:30:00,42.019985949994,0.0,0.0,21.914814776666667,23.088,44.31666666666667,0,5.1764362714980825,70.66250196097344,16,4,11,-0.8660254037844385,-0.5000000000000004,-0.433883739117558,-0.9009688679024191,-0.5000000000000004,0.8660254037844384,208.0,262.5,367.4166666666667,14.05,32.4,100.0,56.5,10.85,9.7033615,0.0,19.9,21.70555557,44.5,44.5,44.65,45.35,44.35,1.1731852233333342,-0.2462963133333353,0.1020000000000003,22.986,23.031333333333333,22.15987651,23.03933333333333,8.556942,8.715182,8.837652,8.84576,8.46054,0,4.0,0,0.0,-0.16,5.5,94.5
2022-11-04 16:45:00,41.227795288888,0.0,0.0,21.70555557,23.031333333333333,44.35,0,5.1764362714980825,70.66250196097344,16,4,11,-0.8660254037844385,-0.5000000000000004,-0.433883739117558,-0.9009688679024191,-0.5000000000000004,0.8660254037844384,170.0,227.0,341.7083333333333,13.775,32.2,100.0,58.25,10.975,9.77177,0.0,19.5,21.52222223333333,44.31666666666667,44.5,44.5,44.65,44.5,1.3257777633333312,-0.2092592066666654,-0.0566666666666684,23.088,22.60333333333333,21.92716047888889,23.03511111111111,8.46054,8.556942,8.715182,8.837652,8.399638,0,4.0,0,0.0,-0.21,5.9,94.1
2022-11-04 17:00:00,51.905423683334,0.0,0.0,21.52222223333333,22.60333333333333,44.5,0,5.1764362714980825,70.66250196097344,17,4,11,-0.9659258262890684,-0.2588190451025206,-0.433883739117558,-0.9009688679024191,-0.5000000000000004,0.8660254037844384,132.0,189.0,313.2916666666667,13.5,32.0,100.0,60.0,11.1,9.831052,0.0,19.1,21.35555552,44.35,44.31666666666667,44.5,44.5,44.5,1.0811111000000049,-0.1833333366666707,-0.4279999999999972,23.031333333333333,22.182666666666663,21.714197526666663,22.90755555555556,8.399638,8.46054,8.556942,8.715182,8.318966,0,4.0,0,0.0,-0.25,6.3,93.7
2022-11-04 17:15:00,405.683772,0.0,0.0,21.35555552,22.182666666666663,44.5,0,5.1764362714980825,70.66250196097344,17,4,11,-0.9659258262890684,-0.2588190451025206,-0.433883739117558,-0.9009688679024191,-0.5000000000000004,0.8660254037844384,106.0,154.0,284.3125,13.775,31.3,100.0,61.0,11.025,9.790441,0.0,18.75,21.209259256666662,44.5,44.35,44.31666666666667,44.5,44.5,0.8271111466666667,-0.1666667133333312,-0.4206666666666692,22.60333333333333,21.896,21.527777774444445,22.605777777777774,8.318966,8.399638,8.46054,8.556942,8.248709,0,4.0,0,0.0,-0.29,6.7,93.3
2022-11-04 17:30:00,56.78522841667,0.0,0.0,21.209259256666662,21.896,44.5,0,5.1764362714980825,70.66250196097344,17,4,11,-0.9659258262890684,-0.2588190451025206,-0.433883739117558,-0.9009688679024191,-0.5000000000000004,0.8660254037844384,80.0,122.0,254.77083333333331,14.05,30.6,100.0,62.0,10.95,9.7468195,0.0,18.4,21.12222223,44.5,44.5,44.35,44.31666666666667,44.55,0.6867407433333348,-0.1462962633333333,-0.2866666666666653,22.182666666666663,21.50733333333333,21.36234567,22.22733333333333,8.248709,8.318966,8.399638,8.46054,8.216375,0,4.0,0,0.0,-0.32,7.2,92.8
2022-11-04 17:45:00,62.194734344444,0.0,0.0,21.12222223,21.50733333333333,44.55,0,5.1764362714980825,70.66250196097344,17,4,11,-0.9659258262890684,-0.2588190451025206,-0.433883739117558,-0.9009688679024191,-0.5000000000000004,0.8660254037844384,54.0,93.0,224.66666666666663,14.325,29.9,100.0,63.0,10.875,9.700314,0.0,18.05,21.03888891333333,44.5,44.5,44.5,44.35,44.96666666666667,0.3851111033333367,-0.0870370266666675,-0.3886666666666656,21.896,21.084,21.229012335555552,21.862,8.216375,8.248709,8.318966,8.399638,8.253191,0,4.0,0,0.0,-0.34,7.5,92.5
2022-11-04 18:00:00,42.088316383334,0.0,0.0,21.03888891333333,21.084,44.96666666666667,0,5.1764362714980825,70.66250196097344,18,4,11,-1.0,-1.8369701987210294e-16,-0.433883739117558,-0.9009688679024191,-0.5000000000000004,0.8660254037844384,28.0,67.0,194.0,14.6,29.2,100.0,64.0,10.8,9.651041,0.0,17.7,20.95555553,44.55,44.5,44.5,44.5,45.35,0.0451110866666653,-0.0833333166666641,-0.4233333333333355,21.50733333333333,20.666,21.1234568,21.49577777777778,8.253191,8.216375,8.248709,8.318966,8.28334,0,4.0,0,0.0,-0.36,7.7,92.3
2022-11-04 18:15:00,41.468618972222,0.0,0.0,20.95555553,20.666,45.35,0,5.1764362714980825,70.66250196097344,18,4,11,-1.0,-1.8369701987210294e-16,-0.433883739117558,-0.9009688679024191,-0.5000000000000004,0.8660254037844384,21.0,45.75,165.08333333333334,14.875,29.825,91.5,64.5,10.675,9.596707,0.0,17.475,20.8925926,44.96666666666667,44.55,44.5,44.5,45.68333333333333,-0.2895555300000012,-0.0833333833333327,-0.4179999999999992,21.084,20.204,21.03888889111111,21.08577777777778,8.28334,8.253191,8.216375,8.248709,8.313739,0,4.0,0,0.0,-0.38,8.0,92.0
2022-11-04 18:30:00,52.03847387778,0.0,0.0,20.8925926,20.204,45.68333333333333,0,5.1764362714980825,70.66250196097344,18,4,11,-1.0,-1.8369701987210294e-16,-0.433883739117558,-0.9009688679024191,-0.5000000000000004,0.8660254037844384,14.0,29.25,137.91666666666666,15.15,30.45,83.0,65.0,10.55,9.541877,0.0,17.25,20.84999998,45.35,44.96666666666667,44.55,44.5,46.35,-0.6885925999999998,-0.0629629300000012,-0.4619999999999997,20.666,19.90333333333333,20.962345681111117,20.65133333333333,8.313739,8.28334,8.253191,8.216375,8.414194,0,4.0,0,0.0,-0.39,8.2,91.8
2022-11-04 18:45:00,48.39945286111,0.0,0.0,20.84999998,19.90333333333333,46.35,0,5.1764362714980825,70.66250196097344,18,4,11,-1.0,-1.8369701987210294e-16,-0.433883739117558,-0.9009688679024191,-0.5000000000000004,0.8660254037844384,7.0,17.5,112.5,15.425,31.075,74.5,65.5,10.425,9.486572,0.0,17.025,20.81296295,45.68333333333333,45.35,44.96666666666667,44.55,46.68333333333333,-0.9466666466666672,-0.0425926200000006,-0.3006666666666682,20.204,19.67866666666667,20.89938270333333,20.257777777777772,8.414194,8.313739,8.28334,8.253191,8.456466,0,4.0,0,0.0,-0.4,8.3,91.7
2022-11-04 19:00:00,56.853559000004,0.0,0.0,20.81296295,19.67866666666667,46.68333333333333,0,5.1764362714980825,70.66250196097344,19,4,11,-0.9659258262890684,0.2588190451025203,-0.433883739117558,-0.9009688679024191,-0.5000000000000004,0.8660254037844384,0.0,10.5,88.83333333333333,15.7,31.7,66.0,66.0,10.3,9.430812,0.0,16.8,20.77222224,46.35,45.68333333333333,45.35,44.96666666666667,47.05,-1.134296283333331,-0.0370370300000004,-0.2246666666666641,19.90333333333333,19.456666666666667,20.851851843333336,19.92866666666667,8.456466,8.414194,8.313739,8.28334,8.502703,0,4.0,0,0.0,-0.41,8.4,91.6
2022-11-04 19:15:00,63.712173544448,0.0,0.0,20.77222224,19.456666666666667,47.05,0,5.1764362714980825,70.66250196097344,19,4,11,-0.9659258262890684,0.2588190451025203,-0.433883739117558,-0.9009688679024191,-0.5000000000000004,0.8660254037844384,0.0,5.25,68.33333333333333,16.2,32.05,57.0,65.0,10.25,9.371911,0.0,16.95,20.725925906666667,46.68333333333333,46.35,45.68333333333333,45.35,47.46666666666667,-1.3155555733333344,-0.0407407099999979,-0.2220000000000013,19.67866666666667,19.26533333333333,20.811728390000003,19.67955555555556,8.502703,8.456466,8.414194,8.313739,8.5549135,0,4.0,0,0.0,-0.41,8.6,91.4
2022-11-04 19:30:00,43.1941055,0.0,0.0,20.725925906666667,19.26533333333333,47.46666666666667,0,5.1764362714980825,70.66250196097344,19,4,11,-0.9659258262890684,0.2588190451025203,-0.433883739117558,-0.9009688679024191,-0.5000000000000004,0.8660254037844384,0.0,1.75,51.0,16.7,32.4,48.0,64.0,10.2,9.311078,0.0,17.1,20.68333335,47.05,46.68333333333333,46.35,45.68333333333333,47.55,-1.460592573333333,-0.0462963333333341,-0.1913333333333327,19.456666666666667,19.13133333333333,20.77037036555556,19.46688888888889,8.5549135,8.502703,8.456466,8.414194,8.5487,0,4.0,0,0.0,-0.42,8.7,91.3
2022-11-04 19:45:00,41.804161249994,0.0,0.0,20.68333335,19.13133333333333,47.55,0,5.1764362714980825,70.66250196097344,19,4,11,-0.9659258262890684,0.2588190451025203,-0.433883739117558,-0.9009688679024191,-0.5000000000000004,0.8660254037844384,0.0,0.0,36.833333333333336,17.2,32.75,39.0,63.0,10.15,9.2482815,0.0,17.25,20.6666667,47.46666666666667,47.05,46.68333333333333,46.35,47.96666666666667,-1.5520000166666676,-0.0425925566666656,-0.1340000000000003,19.26533333333333,18.906,20.72716049888889,19.284444444444443,8.5487,8.5549135,8.502703,8.456466,8.615243,0,4.0,0,0.0,-0.43,8.9,91.1
2022-11-04 20:00:00,52.764278277776,0.0,0.0,20.6666667,18.906,47.96666666666667,0,5.1764362714980825,70.66250196097344,20,4,11,-0.8660254037844386,0.5000000000000001,-0.433883739117558,-0.9009688679024191,-0.5000000000000004,0.8660254037844384,0.0,0.0,25.83333333333333,17.7,33.1,30.0,62.0,10.1,9.183496,0.0,17.4,20.62222223,47.55,47.46666666666667,47.05,46.68333333333333,48.35,-1.7606667000000016,-0.0166666500000012,-0.2253333333333351,19.13133333333333,18.67866666666667,20.69197531888889,19.100888888888885,8.615243,8.5487,8.5549135,8.502703,8.661634,0,4.0,0,0.0,-0.43,8.9,91.1
2022-11-04 20:15:00,151.1447873,0.0,0.0,20.62222223,18.67866666666667,48.35,0,5.1764362714980825,70.66250196097344,20,4,11,-0.8660254037844386,0.5000000000000001,-0.433883739117558,-0.9009688679024191,-0.5000000000000004,0.8660254037844384,0.0,0.0,17.0,17.975,34.55,34.25,62.75,10.125,9.211581,0.0,17.25,20.5592593,47.96666666666667,47.55,47.46666666666667,47.05,48.5,-1.94355556333333,-0.0444444700000019,-0.2273333333333305,18.906,18.496,20.657407426666666,18.90533333333333,8.661634,8.615243,8.5487,8.5549135,8.656677,0,4.0,0,0.0,-0.44,9.1,90.9
2022-11-04 20:30:00,178.639798655552,0.0,0.0,20.5592593,18.496,48.5,0,5.1764362714980825,70.66250196097344,20,4,11,-0.8660254037844386,0.5000000000000001,-0.433883739117558,-0.9009688679024191,-0.5000000000000004,0.8660254037844384,0.0,0.0,10.333333333333334,18.25,36.0,38.5,63.5,10.15,9.238335,0.0,17.1,20.5555556,48.35,47.96666666666667,47.55,47.46666666666667,48.85,-2.063259300000002,-0.0629629299999976,-0.1826666666666696,18.67866666666667,18.424,20.61604941,18.693555555555555,8.656677,8.661634,8.615243,8.5487,8.717267,0,4.0,0,0.0,-0.45,9.3,90.7
2022-11-04 20:45:00,215.233334755556,0.0,0.0,20.5555556,18.424,48.85,0,5.1764362714980825,70.66250196097344,20,4,11,-0.8660254037844386,0.5000000000000001,-0.433883739117558,-0.9009688679024191,-0.5000000000000004,0.8660254037844384,0.0,0.0,5.833333333333333,18.525,37.45,42.75,64.25,10.175,9.263773,0.0,16.95,20.53518521333333,48.5,48.35,47.96666666666667,47.55,49.0,-2.131555600000002,-0.003703699999999,-0.0719999999999991,18.496,18.430000000000003,20.579012376666665,18.532888888888888,8.717267,8.656677,8.661634,8.615243,8.733653,0,4.0,0,0.0,-0.45,9.3,90.7
2022-11-04 21:00:00,194.475831838886,0.0,0.0,20.53518521333333,18.430000000000003,49.0,0,5.1764362714980825,70.66250196097344,21,4,11,-0.7071067811865477,0.7071067811865474,-0.433883739117558,-0.9009688679024191,-0.5000000000000004,0.8660254037844384,0.0,0.0,3.5,18.8,38.9,47.0,65.0,10.2,9.28792,0.0,16.8,20.5,48.85,48.5,48.35,47.96666666666667,49.05,-2.1051852133333284,-0.02037038666667,0.0060000000000037,18.424,18.40666666666667,20.550000037777775,18.45,8.733653,8.717267,8.656677,8.661634,8.724645,0,4.0,0,0.0,-0.46,9.4,90.6
2022-11-04 21:15:00,191.144298322224,0.0,0.0,20.5,18.40666666666667,49.05,0,5.1764362714980825,70.66250196097344,21,4,11,-0.7071067811865477,0.7071067811865474,-0.433883739117558,-0.9009688679024191,-0.5000000000000004,0.8660254037844384,0.0,0.0,1.75,18.975,39.25,45.0,65.5,10.25,9.331297,0.0,16.75,20.5,49.0,48.85,48.5,48.35,49.46666666666667,-2.09333333333333,-0.0351852133333316,-0.0233333333333334,18.430000000000003,18.423333333333336,20.53024693777778,18.420222222222225,8.724645,8.733653,8.717267,8.656677,8.7987585,0,4.0,0,0.0,-0.47,9.5,90.5
2022-11-04 21:30:00,200.480869344444,0.0,0.0,20.5,18.423333333333336,49.46666666666667,0,5.1764362714980825,70.66250196097344,21,4,11,-0.7071067811865477,0.7071067811865474,-0.433883739117558,-0.9009688679024191,-0.5000000000000004,0.8660254037844384,0.0,0.0,0.5833333333333334,19.15,39.6,43.0,66.0,10.3,9.374323,0.0,16.700000000000003,20.46111108,49.05,49.0,48.85,48.5,49.55,-2.0766666666666644,0.0,0.0166666666666657,18.40666666666667,18.354,20.511728404444444,18.42,8.7987585,8.724645,8.733653,8.717267,8.793606,0,4.0,0,0.0,-0.46,9.5,90.5
2022-11-04 21:45:00,193.35059891667,0.0,0.0,20.46111108,18.354,49.55,0,5.1764362714980825,70.66250196097344,21,4,11,-0.7071067811865477,0.7071067811865474,-0.433883739117558,-0.9009688679024191,-0.5000000000000004,0.8660254037844384,0.0,0.0,0.0,19.325,39.95,41.0,66.5,10.35,9.416994,0.0,16.650000000000002,20.42407405,49.46666666666667,49.05,49.0,48.85,49.96666666666667,-2.107111080000003,-0.0388889199999979,-0.0693333333333363,18.423333333333336,18.38533333333333,20.487037026666663,18.394666666666662,8.793606,8.7987585,8.724645,8.733653,8.848409,0,4.0,0,0.0,-0.47,9.7,90.3
2022-11-04 22:00:00,198.484004805554,0.0,0.0,20.42407405,18.38533333333333,49.96666666666667,0,5.1764362714980825,70.66250196097344,22,4,11,-0.5000000000000004,0.8660254037844384,-0.433883739117558,-0.9009688679024191,-0.5000000000000004,0.8660254037844384,0.0,0.0,0.0,19.5,40.3,39.0,67.0,10.4,9.459313,0.0,16.6,20.3888889,49.55,49.46666666666667,49.05,49.0,50.05,-2.0387407166666627,-0.037037030000004,0.0313333333333361,18.354,18.376666666666665,20.461728376666667,18.387555555555554,8.848409,8.793606,8.7987585,8.724645,8.84498,0,4.0,0,0.0,-0.48,9.8,90.2
2022-11-04 22:15:00,207.898905911112,0.0,0.0,20.3888889,18.376666666666665,50.05,0,5.1764362714980825,70.66250196097344,22,4,11,-0.5000000000000004,0.8660254037844384,-0.433883739117558,-0.9009688679024191,-0.5000000000000004,0.8660254037844384,0.0,0.0,0.0,19.6,40.475,54.25,67.25,10.425,9.466091,0.0,16.55,20.3888889,49.96666666666667,49.55,49.46666666666667,49.05,50.46666666666667,-2.012222233333336,-0.0351851499999966,-0.0086666666666701,18.38533333333333,18.35933333333333,20.424691343333333,18.372,8.84498,8.848409,8.793606,8.7987585,8.918615,0,4.0,0,0.0,-0.49,9.9,90.1
2022-11-04 22:30:00,192.57285236111,0.0,0.0,20.3888889,18.35933333333333,50.46666666666667,0,5.1764362714980825,70.66250196097344,22,4,11,-0.5000000000000004,0.8660254037844384,-0.433883739117558,-0.9009688679024191,-0.5000000000000004,0.8660254037844384,0.0,0.0,0.0,19.7,40.65,69.5,67.5,10.45,9.472733,0.0,16.5,20.3888889,50.05,49.96666666666667,49.55,49.46666666666667,50.5,-2.0295555666666694,0.0,-0.0173333333333332,18.376666666666665,18.200666666666667,20.400617283333336,18.37377777777777,8.918615,8.84498,8.848409,8.793606,8.924505,0,4.0,0,0.0,-0.48,9.9,90.1
2022-11-04 22:45:00,179.05644860555398,0.0,0.0,20.3888889,18.200666666666667,50.5,0,5.1764362714980825,70.66250196097344,22,4,11,-0.5000000000000004,0.8660254037844384,-0.433883739117558,-0.9009688679024191,-0.5000000000000004,0.8660254037844384,0.0,0.0,0.0,19.8,40.825,84.75,67.75,10.475,9.479238,0.0,16.45,20.36851851333333,50.46666666666667,50.05,49.96666666666667,49.55,50.68333333333333,-2.1882222333333345,0.0,-0.1586666666666651,18.35933333333333,18.134666666666664,20.3888889,18.31222222222222,8.924505,8.918615,8.84498,8.848409,8.946259,0,4.0,0,0.0,-0.48,9.9,90.1
2022-11-04 23:00:00,186.992520016666,0.0,0.0,20.36851851333333,18.134666666666664,50.68333333333333,0,5.1764362714980825,70.66250196097344,23,4,11,-0.2588190451025215,0.965925826289068,-0.433883739117558,-0.9009688679024191,-0.5000000000000004,0.8660254037844384,0.0,0.0,0.0,19.9,41.0,100.0,68.0,10.5,9.485608,0.0,16.4,20.3333333,50.5,50.46666666666667,50.05,49.96666666666667,51.0,-2.2338518466666706,-0.0203703866666664,-0.0660000000000025,18.200666666666667,18.08142857142857,20.382098771111117,18.23155555555556,8.946259,8.924505,8.918615,8.84498,8.983676,0,4.0,0,0.0,-0.49,10.0,90.0
2022-11-04 23:15:00,169.630436694446,0.0,0.0,20.3333333,18.08142857142857,51.0,0,5.1764362714980825,70.66250196097344,23,4,11,-0.2588190451025215,0.965925826289068,-0.433883739117558,-0.9009688679024191,-0.5000000000000004,0.8660254037844384,0.0,0.0,0.0,20.025,41.375,98.25,68.0,10.5,9.47133,0.0,16.375,20.3333333,50.68333333333333,50.5,50.46666666666667,50.05,51.0,-2.2519047285714286,-0.0351852133333352,-0.0532380952380933,18.134666666666664,18.08,20.36358023777778,18.138920634920638,8.983676,8.946259,8.924505,8.918615,8.983676,0,4.0,0,0.0,-0.49,10.1,89.9
2022-11-04 23:30:00,183.478493966664,0.0,0.0,20.3333333,18.08,51.0,0,5.1764362714980825,70.66250196097344,23,4,11,-0.2588190451025215,0.965925826289068,-0.433883739117558,-0.9009688679024191,-0.5000000000000004,0.8660254037844384,0.0,0.0,0.0,20.15,41.75,96.5,68.0,10.5,9.457072,0.0,16.35,20.32777775,51.0,50.68333333333333,50.5,50.46666666666667,51.05,-2.2533333000000013,0.0,-0.0014285714285726,18.08142857142857,18.066,20.345061704444447,18.09869841269841,8.983676,8.983676,8.946259,8.924505,8.989566,0,4.0,0,0.0,-0.49,10.1,89.9
2022-11-04 23:45:00,102.802554350002,0.0,0.0,20.32777775,18.066,51.05,0,5.1764362714980825,70.66250196097344,23,4,11,-0.2588190451025215,0.965925826289068,-0.433883739117558,-0.9009688679024191,-0.5000000000000004,0.8660254037844384,0.0,0.0,0.0,20.275,42.125,94.75,68.0,10.5,9.442831,0.0,16.325,20.30185185,51.0,51.0,50.68333333333333,50.5,51.46666666666667,-2.2617777500000003,-0.0055555500000004,-0.0139999999999993,18.08,18.004,20.33148145,18.07580952380952,8.989566,8.983676,8.983676,8.946259,9.049223,0,4.0,0,0.0,-0.5,10.1,89.9
2022-11-05 00:00:00,52.185968027778,0.0,0.0,20.30185185,18.004,51.46666666666667,0,5.1764362714980825,70.66250196097344,0,5,11,0.0,1.0,-0.9749279121818236,-0.2225209339563146,-0.5000000000000004,0.8660254037844384,0.0,0.0,0.0,20.4,42.5,93.0,68.0,10.5,9.428611,0.0,16.3,20.32777775,51.05,51.0,51.0,50.68333333333333,51.5,-2.297851849999997,-0.0259259000000007,-0.0619999999999976,18.066,17.956666666666667,20.32098763333333,18.05,9.049223,8.989566,8.983676,8.983676,9.068808,0,4.0,0,0.0,-0.5,10.2,89.8
2022-11-05 00:15:00,400.711470999996,0.0,0.0,20.32777775,17.956666666666667,51.5,0,5.1764362714980825,70.66250196097344,0,5,11,0.0,1.0,-0.9749279121818236,-0.2225209339563146,-0.5000000000000004,0.8660254037844384,0.0,0.0,0.0,20.525,42.675,94.75,68.5,10.525,9.483632,0.0,16.275,20.2814815,51.46666666666667,51.05,51.0,51.0,51.5,-2.371111083333332,0.0259259000000007,-0.0473333333333343,18.004,17.934,20.319135783333333,18.008888888888887,9.068808,9.049223,8.989566,8.983676,9.044313,0,4.0,0,0.0,-0.49,10.1,89.9
2022-11-05 00:30:00,51.815149511112,0.0,0.0,20.2814815,17.934,51.5,0,5.1764362714980825,70.66250196097344,0,5,11,0.0,1.0,-0.9749279121818236,-0.2225209339563146,-0.5000000000000004,0.8660254037844384,0.0,0.0,0.0,20.65,42.85,96.5,69.0,10.55,9.538464,0.0,16.25,20.27222224,51.5,51.46666666666667,51.05,51.0,51.5,-2.347481499999997,-0.046296250000001,-0.0226666666666659,17.956666666666667,17.944666666666667,20.3037037,17.96488888888889,9.044313,9.068808,9.049223,8.989566,9.039424,0,4.0,0,0.0,-0.5,10.3,89.7
2022-11-05 00:45:00,56.770784644444,0.0,0.0,20.27222224,17.944666666666667,51.5,0,5.1764362714980825,70.66250196097344,0,5,11,0.0,1.0,-0.9749279121818236,-0.2225209339563146,-0.5000000000000004,0.8660254037844384,0.0,0.0,0.0,20.775,43.025000000000006,98.25,69.5,10.575,9.593104,0.0,16.225,20.22350425230769,51.5,51.5,51.46666666666667,51.05,51.5,-2.327555573333335,-0.0092592599999967,0.0106666666666654,17.934,17.88,20.293827163333333,17.945111111111107,9.039424,9.044313,9.068808,9.049223,9.013722,0,4.0,0,0.0,-0.51,10.4,89.6
2022-11-05 01:00:00,60.306476594442,0.0,0.0,20.22350425230769,17.88,51.5,0,5.1764362714980825,70.66250196097344,1,5,11,0.2588190451025207,0.9659258262890684,-0.9749279121818236,-0.2225209339563146,-0.5000000000000004,0.8660254037844384,0.0,0.0,0.0,20.9,43.2,100.0,70.0,10.6,9.647557,0.0,16.2,20.2222222,51.5,51.5,51.5,51.46666666666667,51.85,-2.3435042523076923,-0.04871798769231,-0.0646666666666675,17.944666666666667,17.83,20.259069330769236,17.919555555555554,9.013722,9.039424,9.044313,9.068808,9.074298,0,4.0,0,0.0,-0.52,10.6,89.4
2022-11-05 01:15:00,75.41976088888799,0.0,0.0,20.2222222,17.83,51.85,0,5.1764362714980825,70.66250196097344,1,5,11,0.2588190451025207,0.9659258262890684,-0.9749279121818236,-0.2225209339563146,-0.5000000000000004,0.8660254037844384,0.0,0.0,0.0,20.875,43.375,100.0,70.75,10.75,9.736224,0.0,16.175,20.2222222,51.5,51.5,51.5,51.5,52.0,-2.392222200000002,-0.0012820523076904,-0.0500000000000007,17.88,17.737142857142857,20.239316230769237,17.884888888888884,9.074298,9.013722,9.039424,9.044313,9.10055,0,4.0,0,0.0,-0.52,10.6,89.4
2022-11-05 01:30:00,49.344137472214,0.0,0.0,20.2222222,17.737142857142857,52.0,0,5.1764362714980825,70.66250196097344,1,5,11,0.2588190451025207,0.9659258262890684,-0.9749279121818236,-0.2225209339563146,-0.5000000000000004,0.8660254037844384,0.0,0.0,0.0,20.85,43.55,100.0,71.5,10.9,9.824597,0.0,16.15,20.2222222,51.85,51.5,51.5,51.5,52.0,-2.4850793428571443,0.0,-0.0928571428571416,17.83,17.727999999999998,20.22264955076923,17.815714285714282,9.10055,9.074298,9.013722,9.039424,9.10055,0,4.0,0,0.0,-0.52,10.5,89.5
2022-11-05 01:45:00,48.321956194434,0.0,0.0,20.2222222,17.727999999999998,52.0,0,5.1764362714980825,70.66250196097344,1,5,11,0.2588190451025207,0.9659258262890684,-0.9749279121818236,-0.2225209339563146,-0.5000000000000004,0.8660254037844384,0.0,0.0,0.0,20.825,43.725,100.0,72.25,11.05,9.912683,0.0,16.125,20.20185185,52.0,51.85,51.5,51.5,52.0,-2.494222200000003,0.0,-0.0091428571428586,17.737142857142857,17.770666666666667,20.2222222,17.765047619047618,9.10055,9.10055,9.074298,9.013722,9.089722,0,4.0,0,0.0,-0.52,10.5,89.5
2022-11-05 02:00:00,55.780824277776,0.0,0.0,20.20185185,17.770666666666667,52.0,0,5.1764362714980825,70.66250196097344,2,5,11,0.4999999999999999,0.8660254037844387,-0.9749279121818236,-0.2225209339563146,-0.5000000000000004,0.8660254037844384,0.0,0.0,0.0,20.8,43.9,100.0,73.0,11.2,10.000474,0.0,16.1,20.17222225,52.0,52.0,51.85,51.5,52.0,-2.4311851833333336,-0.0203703500000003,0.042666666666669,17.727999999999998,17.783333333333335,20.215432083333333,17.74526984126984,9.089722,9.10055,9.10055,9.074298,9.073989,0,4.0,0,0.0,-0.52,10.7,89.3
2022-11-05 02:15:00,52.615950961106,0.0,0.0,20.17222225,17.783333333333335,52.0,0,5.1764362714980825,70.66250196097344,2,5,11,0.4999999999999999,0.8660254037844387,-0.9749279121818236,-0.2225209339563146,-0.5000000000000004,0.8660254037844384,0.0,0.0,0.0,20.825,43.825,100.0,73.75,11.325,10.087977,0.0,16.075000000000003,20.20042735,52.0,52.0,52.0,51.85,52.1576923076923,-2.388888916666666,-0.0296295999999998,0.0126666666666679,17.770666666666667,17.773076923076925,20.19876543333333,17.760666666666665,9.073989,9.089722,9.10055,9.10055,9.116527,0,4.0,0,0.0,-0.53,10.8,89.2
2022-11-05 02:30:00,53.35092162777,0.0,0.0,20.20042735,17.773076923076925,52.1576923076923,0,5.1764362714980825,70.66250196097344,2,5,11,0.4999999999999999,0.8660254037844387,-0.9749279121818236,-0.2225209339563146,-0.5000000000000004,0.8660254037844384,0.0,0.0,0.0,20.85,43.75,100.0,74.5,11.45,10.175189,0.0,16.05,20.1666667,52.0,52.0,52.0,52.0,52.5,-2.427350426923077,0.0282051000000009,-0.0102564102564102,17.783333333333335,17.84,20.19150048333333,17.775692307692307,9.116527,9.073989,9.089722,9.10055,9.158261,0,4.0,0,0.0,-0.52,10.6,89.4
2022-11-05 02:45:00,59.135134566664,0.0,0.0,20.1666667,17.84,52.5,0,5.1764362714980825,70.66250196097344,2,5,11,0.4999999999999999,0.8660254037844387,-0.9749279121818236,-0.2225209339563146,-0.5000000000000004,0.8660254037844384,0.0,0.0,0.0,20.875,43.675,100.0,75.25,11.575,10.262112,0.0,16.025,20.1666667,52.1576923076923,52.0,52.0,52.0,52.5,-2.3266667000000005,-0.0337606500000013,0.066923076923075,17.773076923076925,17.910000000000004,20.1797721,17.79880341880342,9.158261,9.116527,9.073989,9.089722,9.158261,0,4.0,0,0.0,-0.53,10.8,89.2
2022-11-05 03:00:00,48.884988905558,0.0,0.0,20.1666667,17.910000000000004,52.5,0,5.1764362714980825,70.66250196097344,3,5,11,0.7071067811865476,0.7071067811865476,-0.9749279121818236,-0.2225209339563146,-0.5000000000000004,0.8660254037844384,0.0,0.0,0.0,20.9,43.6,100.0,76.0,11.7,10.348745,0.0,16.0,20.1666667,52.5,52.1576923076923,52.0,52.0,52.85,-2.2566666999999967,0.0,0.0700000000000038,17.84,17.912666666666667,20.177920250000003,17.84102564102564,9.158261,9.158261,9.116527,9.073989,9.219316,0,4.0,0,0.0,-0.53,10.8,89.2
2022-11-05 03:15:00,42.968281150002,0.0,0.0,20.1666667,17.912666666666667,52.85,0,5.1764362714980825,70.66250196097344,3,5,11,0.7071067811865476,0.7071067811865476,-0.9749279121818236,-0.2225209339563146,-0.5000000000000004,0.8660254037844384,0.0,0.0,0.0,20.725,43.6,100.0,76.5,11.775,10.385392,0.0,15.95,20.1666667,52.5,52.5,52.1576923076923,52.0,53.0,-2.254000033333334,0.0,0.0026666666666628,17.910000000000004,17.887333333333334,20.1666667,17.887555555555554,9.219316,9.158261,9.158261,9.116527,9.2454815,0,4.0,0,0.0,-0.52,10.7,89.3
2022-11-05 03:30:00,50.597420572218,0.0,0.0,20.1666667,17.887333333333334,53.0,0,5.1764362714980825,70.66250196097344,3,5,11,0.7071067811865476,0.7071067811865476,-0.9749279121818236,-0.2225209339563146,-0.5000000000000004,0.8660254037844384,0.0,0.0,0.0,20.55,43.6,100.0,77.0,11.85,10.421713,0.0,15.9,20.1666667,52.85,52.5,52.5,52.1576923076923,53.35,-2.279333366666666,0.0,-0.0253333333333323,17.912666666666667,17.813333333333333,20.1666667,17.903333333333332,9.2454815,9.219316,9.158261,9.158261,9.306537,0,4.0,0,0.0,-0.52,10.7,89.3
2022-11-05 03:45:00,48.546391283338,0.0,0.0,20.1666667,17.813333333333333,53.35,0,5.1764362714980825,70.66250196097344,3,5,11,0.7071067811865476,0.7071067811865476,-0.9749279121818236,-0.2225209339563146,-0.5000000000000004,0.8660254037844384,0.0,0.0,0.0,20.375,43.6,100.0,77.5,11.925,10.4577055,0.0,15.85,20.14629631333333,53.0,52.85,52.5,52.5,53.5,-2.353333366666668,0.0,-0.0740000000000016,17.887333333333334,17.8,20.1666667,17.87111111111111,9.306537,9.2454815,9.219316,9.158261,9.32159,0,4.0,0,0.0,-0.52,10.7,89.3
2022-11-05 04:00:00,57.85379692222,0.0,0.0,20.14629631333333,17.8,53.5,0,5.1764362714980825,70.66250196097344,4,5,11,0.8660254037844386,0.5000000000000001,-0.9749279121818236,-0.2225209339563146,-0.5000000000000004,0.8660254037844384,0.0,0.0,0.0,20.2,43.6,100.0,78.0,12.0,10.493376,0.0,15.8,20.1111111,53.35,53.0,52.85,52.5,53.55,-2.346296313333333,-0.0203703866666664,-0.0133333333333318,17.813333333333333,17.852666666666664,20.159876571111116,17.833555555555552,9.32159,9.306537,9.2454815,9.219316,9.311117,0,4.0,0,0.0,-0.52,10.8,89.2
2022-11-05 04:15:00,65.755703,0.0,0.0,20.1111111,17.852666666666664,53.55,0,5.1764362714980825,70.66250196097344,4,5,11,0.8660254037844386,0.5000000000000001,-0.9749279121818236,-0.2225209339563146,-0.5000000000000004,0.8660254037844384,0.0,0.0,0.0,20.3,43.225,99.5,79.0,12.175,10.611833,0.0,15.775,20.1111111,53.5,53.35,53.0,52.85,53.96666666666667,-2.2584444333333344,-0.0351852133333352,0.0526666666666635,17.8,18.046666666666667,20.141358037777778,17.822,9.311117,9.32159,9.306537,9.2454815,9.383567,0,4.0,0,0.0,-0.53,10.9,89.1
2022-11-05 04:30:00,52.31818493889,0.0,0.0,20.1111111,18.046666666666667,53.96666666666667,0,5.1764362714980825,70.66250196097344,4,5,11,0.8660254037844386,0.5000000000000001,-0.9749279121818236,-0.2225209339563146,-0.5000000000000004,0.8660254037844384,0.0,0.0,0.0,20.4,42.85,99.0,80.0,12.35,10.729904,0.0,15.75,20.1111111,53.55,53.5,53.35,53.0,54.0,-2.064444433333332,0.0,0.1940000000000026,17.852666666666664,18.16333333333333,20.122839504444443,17.899777777777775,9.383567,9.311117,9.32159,9.306537,9.389363,0,4.0,0,0.0,-0.53,10.8,89.2
2022-11-05 04:45:00,43.096053872222,0.0,0.0,20.1111111,18.16333333333333,54.0,0,5.1764362714980825,70.66250196097344,4,5,11,0.8660254037844386,0.5000000000000001,-0.9749279121818236,-0.2225209339563146,-0.5000000000000004,0.8660254037844384,0.0,0.0,0.0,20.5,42.475,98.5,81.0,12.525,10.847591,0.0,15.725,20.1111111,53.96666666666667,53.55,53.5,53.35,54.18333333333333,-1.9477777666666647,0.0,0.1166666666666671,18.046666666666667,18.226,20.1111111,18.020888888888887,9.389363,9.383567,9.311117,9.32159,9.42124,0,4.0,0,0.0,-0.53,10.8,89.2
2022-11-05 05:00:00,49.263585011108,0.0,0.0,20.1111111,18.226,54.18333333333333,0,5.1764362714980825,70.66250196097344,5,5,11,0.9659258262890684,0.2588190451025207,-0.9749279121818236,-0.2225209339563146,-0.5000000000000004,0.8660254037844384,0.0,0.0,0.0,20.6,42.1,98.0,82.0,12.7,10.964895,0.0,15.7,20.1111111,54.0,53.96666666666667,53.55,53.5,54.5,-1.8851111,0.0,0.0626666666666651,18.16333333333333,18.404666666666667,20.1111111,18.14533333333333,9.42124,9.389363,9.383567,9.311117,9.476302,0,4.0,0,0.0,-0.53,10.8,89.2
2022-11-05 05:15:00,50.882686811112,0.0,0.0,20.1111111,18.404666666666667,54.5,0,5.1764362714980825,70.66250196097344,5,5,11,0.9659258262890684,0.2588190451025207,-0.9749279121818236,-0.2225209339563146,-0.5000000000000004,0.8660254037844384,0.0,0.0,0.0,20.700000000000003,42.475,95.25,82.5,12.8,11.0317545,0.0,15.7,20.1111111,54.18333333333333,54.0,53.96666666666667,53.55,54.68333333333333,-1.7064444333333313,0.0,0.1786666666666683,18.226,18.502,20.1111111,18.264666666666667,9.476302,9.42124,9.389363,9.383567,9.508179,0,4.0,0,0.0,-0.53,10.8,89.2
2022-11-05 05:30:00,51.415165527778,0.0,0.0,20.1111111,18.502,54.68333333333333,0,5.1764362714980825,70.66250196097344,5,5,11,0.9659258262890684,0.2588190451025207,-0.9749279121818236,-0.2225209339563146,-0.5000000000000004,0.8660254037844384,0.0,0.0,0.0,20.8,42.85,92.5,83.0,12.9,11.098612,0.0,15.7,20.10555555,54.5,54.18333333333333,54.0,53.96666666666667,55.0,-1.6091110999999998,0.0,0.0973333333333315,18.404666666666667,18.624666666666663,20.1111111,18.37755555555556,9.508179,9.476302,9.42124,9.389363,9.560134,0,4.0,0,0.0,-0.52,10.8,89.2
2022-11-05 05:45:00,65.772369,0.0,0.0,20.10555555,18.624666666666663,55.0,0,5.1764362714980825,70.66250196097344,5,5,11,0.9659258262890684,0.2588190451025207,-0.9749279121818236,-0.2225209339563146,-0.5000000000000004,0.8660254037844384,0.0,0.0,0.0,20.9,43.225,89.75,83.5,13.0,11.165471,0.0,15.7,20.07962965,54.68333333333333,54.5,54.18333333333333,54.0,55.18333333333333,-1.4808888833333356,-0.0055555499999968,0.1226666666666673,18.502,18.749333333333333,20.10925925,18.51044444444444,9.560134,9.508179,9.476302,9.42124,9.577459,0,4.0,0,0.0,-0.52,10.7,89.3
2022-11-05 06:00:00,61.942244577772,0.0,0.0,20.07962965,18.749333333333333,55.18333333333333,0,5.1764362714980825,70.66250196097344,6,5,11,1.0,6.123233995736766e-17,-0.9749279121818236,-0.2225209339563146,-0.5000000000000004,0.8660254037844384,0.0,0.0,0.0,21.0,43.6,87.0,84.0,13.1,11.23233,0.0,15.7,20.1111111,55.0,54.68333333333333,54.5,54.18333333333333,55.5,-1.3302963166666686,-0.0259259000000007,0.1246666666666662,18.624666666666663,18.832,20.09876543333333,18.625333333333334,9.577459,9.560134,9.508179,9.476302,9.650178,0,4.0,0,0.0,-0.53,10.9,89.1
2022-11-05 06:15:00,43.14632966111,0.0,0.0,20.1111111,18.832,55.5,0,5.1764362714980825,70.66250196097344,6,5,11,1.0,6.123233995736766e-17,-0.9749279121818236,-0.2225209339563146,-0.5000000000000004,0.8660254037844384,0.0,0.0,0.0,20.975,43.675,88.0,84.5,13.225,11.350631,0.0,15.775,20.1111111,55.18333333333333,55.0,54.68333333333333,54.5,55.68333333333333,-1.279111099999998,0.0314814499999975,0.0826666666666682,18.749333333333333,18.862,20.098765433333337,18.735333333333333,9.650178,9.577459,9.560134,9.508179,9.682055,0,4.0,0,0.0,-0.52,10.7,89.3
2022-11-05 06:30:00,48.4488953,0.0,0.0,20.1111111,18.862,55.68333333333333,0,5.1764362714980825,70.66250196097344,6,5,11,1.0,6.123233995736766e-17,-0.9749279121818236,-0.2225209339563146,-0.5000000000000004,0.8660254037844384,0.0,0.0,0.0,20.95,43.75,89.0,85.0,13.35,11.469742,0.0,15.85,20.1111111,55.5,55.18333333333333,55.0,54.68333333333333,56.0,-1.2491110999999968,0.0,0.0300000000000011,18.832,18.924,20.10061728333333,18.814444444444444,9.682055,9.650178,9.577459,9.560134,9.737117,0,4.0,0,0.0,-0.52,10.6,89.4
2022-11-05 06:45:00,50.053553327778005,0.0,0.0,20.1111111,18.924,56.0,0,5.1764362714980825,70.66250196097344,6,5,11,1.0,6.123233995736766e-17,-0.9749279121818236,-0.2225209339563146,-0.5000000000000004,0.8660254037844384,0.0,0.0,0.0,20.925,43.825,90.0,85.5,13.475,11.589673,0.0,15.925,20.09074075,55.68333333333333,55.5,55.18333333333333,55.0,56.18333333333333,-1.1871110999999992,0.0,0.0619999999999976,18.862,18.883333333333333,20.1111111,18.872666666666667,9.737117,9.682055,9.650178,9.577459,9.757359,0,4.0,0,0.0,-0.52,10.6,89.4
2022-11-05 07:00:00,42.96967006111,0.0,0.0,20.09074075,18.883333333333333,56.18333333333333,0,5.1764362714980825,70.66250196097344,7,5,11,0.9659258262890684,-0.2588190451025206,-0.9749279121818236,-0.2225209339563146,-0.5000000000000004,0.8660254037844384,0.0,0.0,0.0,20.9,43.9,91.0,86.0,13.6,11.710422,0.0,16.0,20.0555556,56.0,55.68333333333333,55.5,55.18333333333333,56.5,-1.207407416666669,-0.0203703499999967,-0.0406666666666666,18.924,18.785,20.10432098333333,18.889777777777777,9.757359,9.737117,9.682055,9.650178,9.792169,0,4.0,0,0.0,-0.52,10.7,89.3
2022-11-05 07:15:00,58.694596688884,0.0,0.0,20.0555556,18.785,56.5,0,5.1764362714980825,70.66250196097344,7,5,11,0.9659258262890684,-0.2588190451025206,-0.9749279121818236,-0.2225209339563146,-0.5000000000000004,0.8660254037844384,0.25,0.0625,0.0208333333333333,20.875,43.9,93.0,85.5,13.825,11.855092,0.0,16.3,20.0555556,56.18333333333333,56.0,55.68333333333333,55.5,56.68333333333333,-1.2705556000000016,-0.0351851500000002,-0.0983333333333327,18.883333333333333,18.75333333333333,20.08580248333333,18.86411111111111,9.792169,9.757359,9.737117,9.682055,9.823942,0,4.0,0,0.0,-0.53,10.8,89.2
2022-11-05 07:30:00,78.124097261106,0.0,0.0,20.0555556,18.75333333333333,56.68333333333333,0,5.1764362714980825,70.66250196097344,7,5,11,0.9659258262890684,-0.2588190451025206,-0.9749279121818236,-0.2225209339563146,-0.5000000000000004,0.8660254037844384,0.5,0.1875,0.0625,20.85,43.9,95.0,85.0,14.05,12.000621,0.0,16.6,20.09444445,56.5,56.18333333333333,56.0,55.68333333333333,57.05,-1.3022222666666714,0.0,-0.0316666666666698,18.785,18.758,20.067283983333336,18.80722222222222,9.823942,9.792169,9.757359,9.737117,9.910018,0,4.0,0,0.0,-0.53,10.8,89.2
2022-11-05 07:45:00,436.266715516658,0.0,0.0,20.09444445,18.758,57.05,0,5.1764362714980825,70.66250196097344,7,5,11,0.9659258262890684,-0.2588190451025206,-0.9749279121818236,-0.2225209339563146,-0.5000000000000004,0.8660254037844384,0.75,0.375,0.125,20.825,43.9,97.0,84.5,14.275,12.1469965,0.0,16.9,20.09074075,56.68333333333333,56.5,56.18333333333333,56.0,57.833333333333336,-1.336444450000002,0.0388888499999993,0.0046666666666688,18.75333333333333,18.83,20.068518550000004,18.765444444444444,9.910018,9.823942,9.792169,9.757359,10.043914,0,4.0,0,0.0,-0.52,10.6,89.4
2022-11-05 08:00:00,415.58115392222,0.0,0.0,20.09074075,18.83,57.833333333333336,0,5.1764362714980825,70.66250196097344,8,5,11,0.8660254037844387,-0.4999999999999998,-0.9749279121818236,-0.2225209339563146,-0.5000000000000004,0.8660254037844384,1.0,0.625,0.2083333333333333,20.8,43.9,99.0,84.0,14.5,12.294193,0.0,17.2,20.13333337,57.05,56.68333333333333,56.5,56.18333333333333,59.2,-1.2607407500000036,-0.003703699999999,0.0719999999999991,18.758,19.134666666666664,20.08024693333333,18.78044444444444,10.043914,9.910018,9.823942,9.792169,10.306915,0,4.0,0,0.0,-0.51,10.5,89.5
2022-11-05 08:15:00,67.547575888884,0.0,0.0,20.13333337,19.134666666666664,59.2,0,5.1764362714980825,70.66250196097344,8,5,11,0.8660254037844387,-0.4999999999999998,-0.9749279121818236,-0.2225209339563146,-0.5000000000000004,0.8660254037844384,17.75,5.0,1.6875,20.625,43.55,99.25,83.25,14.575,12.367963,0.0,17.45,20.1666667,57.833333333333336,57.05,56.68333333333333,56.5,59.5,-0.9986667033333348,0.042592619999997,0.304666666666666,18.83,19.46333333333333,20.10617285666667,18.90755555555555,10.306915,10.043914,9.910018,9.823942,10.379364,0,4.0,0,0.0,-0.49,10.1,89.9
2022-11-05 08:30:00,58.045733627778,0.0,0.0,20.1666667,19.46333333333333,59.5,0,5.1764362714980825,70.66250196097344,8,5,11,0.8660254037844387,-0.4999999999999998,-0.9749279121818236,-0.2225209339563146,-0.5000000000000004,0.8660254037844384,34.5,13.5,4.5625,20.450000000000003,43.2,99.5,82.5,14.65,12.440795,0.0,17.7,20.21111111,59.2,57.833333333333336,57.05,56.68333333333333,59.5,-0.7033333666666692,0.0333333300000013,0.3286666666666669,19.134666666666664,19.91333333333333,20.130246940000003,19.142666666666667,10.379364,10.306915,10.043914,9.910018,10.40637,0,4.0,0,0.0,-0.49,9.9,90.1
2022-11-05 08:45:00,53.385364350006,0.0,0.0,20.21111111,19.91333333333333,59.5,0,5.1764362714980825,70.66250196097344,8,5,11,0.8660254037844387,-0.4999999999999998,-0.9749279121818236,-0.2225209339563146,-0.5000000000000004,0.8660254037844384,51.25000000000001,26.125,8.833333333333334,20.275,42.85,99.75,81.75,14.725,12.512655,0.0,17.95,20.31481483,59.5,59.2,57.833333333333336,57.05,59.31666666666667,-0.2977777766666669,0.0444444100000005,0.4500000000000028,19.46333333333333,20.266,20.17037039333333,19.50377777777777,10.40637,10.379364,10.306915,10.043914,10.4373665,0,4.0,0,0.0,-0.47,9.7,90.3
2022-11-05 09:00:00,51.940144544444,0.0,0.0,20.31481483,20.266,59.31666666666667,0,5.1764362714980825,70.66250196097344,9,5,11,0.7071067811865476,-0.7071067811865475,-0.9749279121818236,-0.2225209339563146,-0.5000000000000004,0.8660254037844384,68.0,42.875,14.5,20.1,42.5,100.0,81.0,14.8,12.583504,0.0,18.2,20.47222223,59.5,59.5,59.2,57.833333333333336,59.0,-0.0488148299999977,0.1037037199999986,0.3526666666666678,19.91333333333333,20.45,20.230864213333334,19.880888888888887,10.4373665,10.40637,10.379364,10.306915,10.47748,0,4.0,0,0.0,-0.45,9.2,90.8
2022-11-05 09:15:00,42.416081105554,0.0,0.0,20.47222223,20.45,59.0,0,5.1764362714980825,70.66250196097344,9,5,11,0.7071067811865476,-0.7071067811865475,-0.9749279121818236,-0.2225209339563146,-0.5000000000000004,0.8660254037844384,97.25,62.75,22.604166666666668,20.65,43.75,95.25,79.5,14.9,12.628218,0.0,18.575,20.59259263,59.31666666666667,59.5,59.5,59.2,58.81666666666667,-0.0222222300000005,0.1574074000000003,0.1839999999999975,20.266,20.54866666666667,20.33271605666667,20.209777777777777,10.47748,10.4373665,10.40637,10.379364,10.518499,0,4.0,0,0.0,-0.41,8.6,91.4
2022-11-05 09:30:00,44.73987691667,0.0,0.0,20.59259263,20.54866666666667,58.81666666666667,0,5.1764362714980825,70.66250196097344,9,5,11,0.7071067811865476,-0.7071067811865475,-0.9749279121818236,-0.2225209339563146,-0.5000000000000004,0.8660254037844384,126.5,85.75,33.145833333333336,21.200000000000003,45.0,90.5,78.0,15.0,12.667746,0.0,18.95,20.75000002,59.0,59.31666666666667,59.5,59.5,58.5,-0.0439259633333328,0.1203704000000023,0.09866666666667,20.45,20.97,20.45987656333333,20.42155555555556,10.518499,10.47748,10.4373665,10.40637,10.558235,0,4.0,0,0.0,-0.39,8.1,91.9
2022-11-05 09:45:00,58.330999900004,0.0,0.0,20.75000002,20.97,58.5,0,5.1764362714980825,70.66250196097344,9,5,11,0.7071067811865476,-0.7071067811865475,-0.9749279121818236,-0.2225209339563146,-0.5000000000000004,0.8660254037844384,155.75,111.875,46.125,21.75,46.25,85.75,76.5,15.1,12.701871,0.0,19.325,20.890740723333334,58.81666666666667,59.0,59.31666666666667,59.5,58.5,0.2199999800000007,0.1574073899999994,0.4213333333333331,20.54866666666667,21.16,20.604938293333333,20.656222222222222,10.558235,10.518499,10.47748,10.4373665,10.64505,0,4.0,0,0.0,-0.35,7.6,92.4
2022-11-05 10:00:00,58.532102972226,0.0,0.0,20.890740723333334,21.16,58.5,0,5.1764362714980825,70.66250196097344,10,5,11,0.4999999999999999,-0.8660254037844387,-0.9749279121818236,-0.2225209339563146,-0.5000000000000004,0.8660254037844384,185.0,141.125,61.54166666666666,22.3,47.5,81.0,75.0,15.2,12.730363,0.0,19.7,21.31666667,58.5,58.81666666666667,59.0,59.31666666666667,57.7,0.2692592766666664,0.1407407033333321,0.1899999999999977,20.97,21.548,20.744444457777774,20.89288888888889,10.64505,10.558235,10.518499,10.47748,10.762333,0,4.0,0,0.0,-0.32,7.1,92.9
2022-11-05 10:15:00,60.437026872222,0.0,0.0,21.31666667,21.548,57.7,0,5.1764362714980825,70.66250196097344,10,5,11,0.4999999999999999,-0.8660254037844387,-0.9749279121818236,-0.2225209339563146,-0.5000000000000004,0.8660254037844384,223.5,172.6875,80.14583333333333,23.275,50.475,85.5,73.25,15.175,12.709613,0.0,20.075,22.04814813,58.5,58.5,58.81666666666667,59.0,56.016666666666666,0.2313333299999982,0.4259259466666663,0.3879999999999981,21.16,21.959333333333333,20.98580247111111,21.226,10.762333,10.64505,10.558235,10.518499,10.899526,0,4.0,0,0.0,-0.22,6.0,94.0
2022-11-05 10:30:00,55.57388812222,0.0,0.0,22.04814813,21.959333333333333,56.016666666666666,0,5.1764362714980825,70.66250196097344,10,5,11,0.4999999999999999,-0.8660254037844387,-0.9749279121818236,-0.2225209339563146,-0.5000000000000004,0.8660254037844384,262.0,206.5625,101.9375,24.25,53.45,90.0,71.5,15.15,12.680834,0.0,20.45,22.73333331,57.7,58.5,58.5,58.81666666666667,54.3,-0.0888147966666679,0.7314814600000012,0.4113333333333351,21.548,22.37933333333333,21.418518507777776,21.555777777777777,10.899526,10.762333,10.64505,10.558235,10.989894,0,4.0,0,0.0,-0.05,5.1,94.9
2022-11-05 10:45:00,42.525243288892,0.0,0.0,22.73333331,22.37933333333333,54.3,0,5.1764362714980825,70.66250196097344,10,5,11,0.4999999999999999,-0.8660254037844387,-0.9749279121818236,-0.2225209339563146,-0.5000000000000004,0.8660254037844384,300.5,242.75,126.91666666666669,25.225,56.425,94.5,69.75,15.125,12.643733,0.0,20.825,22.792592563333333,56.016666666666666,57.7,58.5,58.5,54.0,-0.3539999766666675,0.6851851799999977,0.4199999999999981,21.959333333333333,22.31733333333333,22.032716036666667,21.96222222222222,10.989894,10.899526,10.762333,10.64505,10.966357,0,4.0,0,0.0,0.11,5.2,94.8
2022-11-05 11:00:00,44.798485705558,0.0,0.0,22.792592563333333,22.31733333333333,54.0,0,5.1764362714980825,70.66250196097344,11,5,11,0.258819045102521,-0.9659258262890682,-0.9749279121818236,-0.2225209339563146,-0.5000000000000004,0.8660254037844384,339.0,281.25,155.08333333333334,26.2,59.4,99.0,68.0,15.1,12.598,0.0,21.2,22.7222222,54.3,56.016666666666666,57.7,58.5,54.0,-0.4752592299999989,0.0592592533333338,-0.0619999999999976,22.37933333333333,22.59,22.524691334444444,22.218666666666664,10.966357,10.989894,10.899526,10.762333,10.922217,0,4.0,0,0.0,0.12,5.3,94.7
2022-11-05 11:15:00,52.529843122224,0.0,0.0,22.7222222,22.59,54.0,0,5.1764362714980825,70.66250196097344,11,5,11,0.258819045102521,-0.9659258262890682,-0.9749279121818236,-0.2225209339563146,-0.5000000000000004,0.8660254037844384,354.75,314.0625,183.16666666666663,26.225,58.675,98.75,67.0,15.05,12.557476,0.0,21.4,22.742592586666667,54.0,54.3,56.016666666666666,57.7,54.0,-0.132222200000001,-0.0703703633333319,0.2726666666666659,22.31733333333333,22.928,22.749382691111112,22.42888888888889,10.922217,10.966357,10.989894,10.899526,10.9349785,0,4.0,0,0.0,0.1,5.2,94.8
2022-11-05 11:30:00,54.134501150002,0.0,0.0,22.742592586666667,22.928,54.0,0,5.1764362714980825,70.66250196097344,11,5,11,0.258819045102521,-0.9659258262890682,-0.9749279121818236,-0.2225209339563146,-0.5000000000000004,0.8660254037844384,370.5,341.1875,211.16666666666663,26.25,57.95,98.5,66.0,15.0,12.514067,0.0,21.6,22.90555554,54.0,54.0,54.3,56.016666666666666,53.6,0.1854074133333334,0.0203703866666664,0.3380000000000009,22.59,23.42533333333333,22.752469116666663,22.61177777777777,10.9349785,10.922217,10.966357,10.989894,10.955777,0,4.0,0,0.0,0.11,5.2,94.8
2022-11-05 11:45:00,60.48063617778,0.0,0.0,22.90555554,23.42533333333333,53.6,0,5.1764362714980825,70.66250196097344,11,5,11,0.258819045102521,-0.9659258262890682,-0.9749279121818236,-0.2225209339563146,-0.5000000000000004,0.8660254037844384,386.25,362.625,239.08333333333331,26.275,57.225,98.25,65.0,14.95,12.467722,0.0,21.8,23.007407413333333,54.0,54.0,54.0,54.3,53.21666666666667,0.5197777933333327,0.1629629533333343,0.4973333333333336,22.928,23.21333333333333,22.790123442222225,22.981111111111108,10.955777,10.9349785,10.922217,10.966357,10.941006,0,4.0,0,0.0,0.14,5.4,94.6
2022-11-05 12:00:00,65.189614594442,0.0,0.0,23.007407413333333,23.21333333333333,53.21666666666667,0,5.1764362714980825,70.66250196097344,12,5,11,1.2246467991473532e-16,-1.0,-0.9749279121818236,-0.2225209339563146,-0.5000000000000004,0.8660254037844384,402.0,378.375,266.9166666666667,26.3,56.5,98.0,64.0,14.9,12.418383,0.0,22.0,22.89444444,53.6,54.0,54.0,54.0,53.5,0.2059259200000021,0.1018518733333309,-0.2119999999999997,23.42533333333333,23.28933333333333,22.88518518,23.188888888888886,10.941006,10.955777,10.9349785,10.922217,10.928382,0,4.0,0,0.0,0.17,5.6,94.4
2022-11-05 12:15:00,42.437469000004,0.0,0.0,22.89444444,23.28933333333333,53.5,0,5.1764362714980825,70.66250196097344,12,5,11,1.2246467991473532e-16,-1.0,-0.9749279121818236,-0.2225209339563146,-0.5000000000000004,0.8660254037844384,379.75,384.625,290.4583333333333,25.2,57.125,98.5,64.25,14.9,12.413091,0.0,21.925,22.74444447,53.21666666666667,53.6,54.0,54.0,53.68333333333333,0.3948888933333343,-0.1129629733333352,0.0759999999999969,23.21333333333333,23.656,22.935802464444446,23.30933333333333,10.928382,10.941006,10.955777,10.9349785,10.872007,0,4.0,0,0.0,0.14,5.4,94.6
2022-11-05 12:30:00,240.493713150002,0.0,0.0,22.74444447,23.656,53.68333333333333,0,5.1764362714980825,70.66250196097344,12,5,11,1.2246467991473532e-16,-1.0,-0.9749279121818236,-0.2225209339563146,-0.5000000000000004,0.8660254037844384,357.5,381.375,309.7083333333333,24.1,57.75,99.0,64.5,14.9,12.40758,0.0,21.85,22.63888889,53.5,53.21666666666667,53.6,54.0,54.0,0.9115555300000012,-0.1499999699999961,0.3666666666666707,23.28933333333333,23.52466666666667,22.882098774444444,23.38622222222222,10.872007,10.928382,10.941006,10.955777,10.870146,0,4.0,0,0.0,0.1,5.2,94.8
2022-11-05 12:45:00,242.426413605558,0.0,0.0,22.63888889,23.52466666666667,54.0,0,5.1764362714980825,70.66250196097344,12,5,11,1.2246467991473532e-16,-1.0,-0.9749279121818236,-0.2225209339563146,-0.5000000000000004,0.8660254037844384,335.25,368.625,324.6666666666667,23.0,58.375,99.5,64.75,14.9,12.401854,0.0,21.775,22.73518518,53.68333333333333,53.5,53.21666666666667,53.6,53.81666666666667,0.8857777766666715,-0.1055555800000043,-0.1313333333333339,23.656,24.066666666666663,22.759259266666664,23.49,10.870146,10.872007,10.928382,10.941006,10.893227,0,4.0,0,0.0,0.08,5.1,94.9
2022-11-05 13:00:00,42.95883716111,0.0,0.0,22.73518518,24.066666666666663,53.81666666666667,0,5.1764362714980825,70.66250196097344,13,5,11,-0.2588190451025208,-0.9659258262890684,-0.9749279121818236,-0.2225209339563146,-0.5000000000000004,0.8660254037844384,313.0,346.375,335.3333333333333,21.9,59.0,100.0,65.0,14.9,12.39591,0.0,21.7,22.86666668,54.0,53.68333333333333,53.5,53.21666666666667,53.15,1.331481486666668,0.0962962900000015,0.541999999999998,23.52466666666667,24.595333333333333,22.706172846666664,23.74911111111111,10.893227,10.870146,10.872007,10.928382,10.839636,0,4.0,0,0.0,0.1,5.2,94.8
2022-11-05 13:15:00,60.036209588888,0.0,0.0,22.86666668,24.595333333333333,53.15,0,5.1764362714980825,70.66250196097344,13,5,11,-0.2588190451025208,-0.9659258262890684,-0.9749279121818236,-0.2225209339563146,-0.5000000000000004,0.8660254037844384,343.0,337.1875,345.2916666666667,22.15,56.85,100.0,62.5,14.65,12.2325945,0.0,22.15,23.01296298,53.81666666666667,54.0,53.68333333333333,53.5,53.0,1.7286666533333346,0.1314814999999995,0.5286666666666662,24.066666666666663,24.40333333333333,22.746913583333328,24.06222222222222,10.839636,10.893227,10.870146,10.872007,10.89992,0,4.0,0,0.0,0.13,5.4,94.6
2022-11-05 13:30:00,69.234174988888,0.0,0.0,23.01296298,24.40333333333333,53.0,0,5.1764362714980825,70.66250196097344,13,5,11,-0.2588190451025208,-0.9659258262890684,-0.9749279121818236,-0.2225209339563146,-0.5000000000000004,0.8660254037844384,373.0,341.0625,354.5416666666667,22.4,54.7,100.0,60.0,14.4,12.051021,0.0,22.6,23.00555557,53.15,53.81666666666667,54.0,53.68333333333333,53.05,1.3903703533333314,0.146296300000003,-0.1920000000000001,24.595333333333333,24.156,22.871604946666665,24.35511111111111,10.89992,10.839636,10.893227,10.870146,10.905584,0,4.0,0,0.0,0.17,5.6,94.4
2022-11-05 13:45:00,49.384691166668,0.0,0.0,23.00555557,24.156,53.05,0,5.1764362714980825,70.66250196097344,13,5,11,-0.2588190451025208,-0.9659258262890684,-0.9749279121818236,-0.2225209339563146,-0.5000000000000004,0.8660254037844384,403.0,358.0,363.0833333333333,22.65,52.55,100.0,57.5,14.15,11.850465,0.0,23.05,22.87592592,53.0,53.15,53.81666666666667,54.0,53.46666666666667,1.1504444299999967,-0.007407409999999,-0.2473333333333336,24.40333333333333,24.127333333333336,22.96172841,24.384888888888884,10.905584,10.89992,10.839636,10.893227,10.909998,0,4.0,0,0.0,0.16,5.6,94.4
2022-11-05 14:00:00,43.847412566672,0.0,0.0,22.87592592,24.127333333333336,53.46666666666667,0,5.1764362714980825,70.66250196097344,14,5,11,-0.4999999999999997,-0.8660254037844388,-0.9749279121818236,-0.2225209339563146,-0.5000000000000004,0.8660254037844384,433.0,388.0,370.9166666666667,22.9,50.4,100.0,55.0,13.9,11.63017,0.0,23.5,22.78888889,53.05,53.0,53.15,53.81666666666667,53.55,1.251407413333336,-0.1296296500000018,-0.0286666666666626,24.156,24.17933333333333,22.96481482333333,24.22888888888889,10.909998,10.905584,10.89992,10.839636,10.872663,0,4.0,0,0.0,0.13,5.4,94.6
2022-11-05 14:15:00,53.415641138886,0.0,0.0,22.78888889,24.17933333333333,53.55,0,5.1764362714980825,70.66250196097344,14,5,11,-0.4999999999999997,-0.8660254037844388,-0.9749279121818236,-0.2225209339563146,-0.5000000000000004,0.8660254037844384,400.0,402.25,374.6875,22.85,50.5,100.0,55.0,13.875,11.58056,0.0,23.425,22.705555556666663,53.46666666666667,53.05,53.0,53.15,53.96666666666667,1.3904444433333332,-0.0870370300000011,0.051999999999996,24.127333333333336,23.65533333333333,22.89012346,24.15422222222222,10.872663,10.909998,10.905584,10.89992,10.905047,0,4.0,0,0.0,0.11,5.3,94.7
2022-11-05 14:30:00,42.382749172218,0.0,0.0,22.705555556666663,23.65533333333333,53.96666666666667,0,5.1764362714980825,70.66250196097344,14,5,11,-0.4999999999999997,-0.8660254037844388,-0.9749279121818236,-0.2225209339563146,-0.5000000000000004,0.8660254037844384,367.0,400.75,374.3958333333333,22.8,50.6,100.0,55.0,13.85,11.531128,0.0,23.35,22.61666667,53.55,53.46666666666667,53.05,53.0,54.05,0.949777776666668,-0.0833333333333357,-0.5240000000000009,24.17933333333333,23.534666666666663,22.790123455555555,23.98733333333333,10.905047,10.872663,10.909998,10.905584,10.866347,0,4.0,0,0.0,0.1,5.2,94.8
2022-11-05 14:45:00,49.428578227782,0.0,0.0,22.61666667,23.534666666666663,54.05,0,5.1764362714980825,70.66250196097344,14,5,11,-0.4999999999999997,-0.8660254037844388,-0.9749279121818236,-0.2225209339563146,-0.5000000000000004,0.8660254037844384,334.0,383.5,370.0416666666667,22.75,50.7,100.0,55.0,13.825,11.481881,0.0,23.275,22.46666667,53.96666666666667,53.55,53.46666666666667,53.05,54.46666666666667,0.9179999966666692,-0.0888888866666661,-0.1206666666666649,23.65533333333333,23.596666666666668,22.703703705555554,23.78977777777777,10.866347,10.905047,10.872663,10.909998,10.856226,0,4.0,0,0.0,0.08,5.1,94.9
2022-11-05 15:00:00,69.590271894442,0.0,0.0,22.46666667,23.596666666666668,54.46666666666667,0,5.1764362714980825,70.66250196097344,15,5,11,-0.7071067811865471,-0.7071067811865479,-0.9749279121818236,-0.2225209339563146,-0.5000000000000004,0.8660254037844384,301.0,350.5,361.625,22.7,50.8,100.0,55.0,13.8,11.432814,0.0,23.2,22.33888887,54.05,53.96666666666667,53.55,53.46666666666667,54.85,1.129999996666669,-0.1499999999999985,0.0620000000000011,23.534666666666663,23.49866666666667,22.596296298888888,23.595555555555556,10.856226,10.866347,10.905047,10.872663,10.85264,0,4.0,0,0.0,0.04,5.0,95.0
2022-11-05 15:15:00,57.96184801667,0.0,0.0,22.33888887,23.49866666666667,54.85,0,5.1764362714980825,70.66250196097344,15,5,11,-0.7071067811865471,-0.7071067811865479,-0.9749279121818236,-0.2225209339563146,-0.5000000000000004,0.8660254037844384,281.5,320.875,353.4375,22.6,50.875,100.0,56.25,14.0,11.609425,0.0,23.075,22.249999993333333,54.46666666666667,54.05,53.96666666666667,53.55,55.0,1.159777796666667,-0.1277777999999969,-0.0979999999999989,23.596666666666668,23.516,22.47407407,23.543333333333333,10.85264,10.856226,10.866347,10.905047,10.826824,0,4.0,0,0.0,0.01,5.0,95.0
2022-11-05 15:30:00,45.954828449998,0.0,0.0,22.249999993333333,23.516,55.0,0,5.1764362714980825,70.66250196097344,15,5,11,-0.7071067811865471,-0.7071067811865479,-0.9749279121818236,-0.2225209339563146,-0.5000000000000004,0.8660254037844384,262.0,294.625,345.4791666666667,22.5,50.95,100.0,57.5,14.2,11.7828665,0.0,22.95,22.2777778,54.85,54.46666666666667,54.05,53.96666666666667,55.05,1.266000006666669,-0.0888888766666688,0.0173333333333332,23.49866666666667,23.636666666666667,22.351851844444443,23.537111111111116,10.826824,10.85264,10.856226,10.866347,10.853999,0,4.0,0,0.0,-0.01,5.0,95.0
2022-11-05 15:45:00,53.739239211112,0.0,0.0,22.2777778,23.636666666666667,55.05,0,5.1764362714980825,70.66250196097344,15,5,11,-0.7071067811865471,-0.7071067811865479,-0.9749279121818236,-0.2225209339563146,-0.5000000000000004,0.8660254037844384,242.5,271.75,337.75,22.4,51.025,100.0,58.75,14.4,11.95316,0.0,22.825,22.257407413333333,55.0,54.85,54.46666666666667,54.05,55.46666666666667,1.3588888666666676,0.0277778066666662,0.1206666666666649,23.516,23.752,22.288888887777777,23.55044444444444,10.853999,10.826824,10.85264,10.856226,10.923342,0,4.0,0,0.0,-0.0,5.0,95.0
2022-11-05 16:00:00,42.420525244448,0.0,0.0,22.257407413333333,23.752,55.46666666666667,0,5.1764362714980825,70.66250196097344,16,5,11,-0.8660254037844385,-0.5000000000000004,-0.9749279121818236,-0.2225209339563146,-0.5000000000000004,0.8660254037844384,223.0,252.25,330.25,22.3,51.1,100.0,60.0,14.6,12.120344,0.0,22.7,22.13333332,55.05,55.0,54.85,54.46666666666667,55.55,1.4945925866666665,-0.0203703866666664,0.1153333333333321,23.636666666666667,23.56,22.261728402222214,23.63488888888889,10.923342,10.853999,10.826824,10.85264,10.861899,0,4.0,0,0.0,-0.0,5.0,95.0
2022-11-05 16:15:00,43.700474194442,0.0,0.0,22.13333332,23.56,55.55,0,5.1764362714980825,70.66250196097344,16,5,11,-0.8660254037844385,-0.5000000000000004,-0.9749279121818236,-0.2225209339563146,-0.5000000000000004,0.8660254037844384,193.75,230.3125,317.8125,21.7,50.3,100.0,61.25,14.675,12.1965885,0.0,22.45,21.98703702,55.46666666666667,55.05,55.0,54.85,55.96666666666667,1.4266666799999967,-0.1240740933333306,-0.1920000000000001,23.752,23.43133333333333,22.222839511111108,23.649555555555555,10.861899,10.923342,10.853999,10.826824,10.851507,0,4.0,0,0.0,-0.03,5.0,95.0
2022-11-05 16:30:00,64.09632497777599,0.0,0.0,21.98703702,23.43133333333333,55.96666666666667,0,5.1764362714980825,70.66250196097344,16,5,11,-0.8660254037844385,-0.5000000000000004,-0.9749279121818236,-0.2225209339563146,-0.5000000000000004,0.8660254037844384,164.5,205.9375,300.4375,21.1,49.5,100.0,62.5,14.75,12.267858,0.0,22.2,21.86111108,55.55,55.46666666666667,55.05,55.0,56.35,1.4442963133333355,-0.146296300000003,-0.128666666666664,23.56,23.398666666666667,22.125925917777774,23.58111111111111,10.851507,10.861899,10.923342,10.853999,10.846753,0,4.0,0,0.0,-0.07,5.1,94.9
2022-11-05 16:45:00,58.415163233336,0.0,0.0,21.86111108,23.398666666666667,56.35,0,5.1764362714980825,70.66250196097344,16,5,11,-0.8660254037844385,-0.5000000000000004,-0.9749279121818236,-0.2225209339563146,-0.5000000000000004,0.8660254037844384,135.25,179.125,278.125,20.5,48.7,100.0,63.75,14.825,12.33426,0.0,21.95,21.76111111333333,55.96666666666667,55.55,55.46666666666667,55.05,56.5,1.5375555866666666,-0.1259259399999983,-0.0326666666666675,23.43133333333333,23.238,21.99382714,23.46333333333333,10.846753,10.851507,10.861899,10.923342,10.813016,0,4.0,0,0.0,-0.09,5.2,94.8
2022-11-05 17:00:00,54.356159,0.0,0.0,21.76111111333333,23.238,56.5,0,5.1764362714980825,70.66250196097344,17,5,11,-0.9659258262890684,-0.2588190451025206,-0.9749279121818236,-0.2225209339563146,-0.5000000000000004,0.8660254037844384,106.0,149.875,250.875,19.9,47.9,100.0,65.0,14.9,12.39591,0.0,21.7,21.638888880000003,56.35,55.96666666666667,55.55,55.46666666666667,56.85,1.4768888866666643,-0.0999999666666653,-0.1606666666666676,23.398666666666667,23.014,21.86975307111111,23.356,10.813016,10.846753,10.851507,10.861899,10.803427,0,4.0,0,0.0,-0.12,5.3,94.7
2022-11-05 17:15:00,53.729795088892,0.0,0.0,21.638888880000003,23.014,56.85,0,5.1764362714980825,70.66250196097344,17,5,11,-0.9659258262890684,-0.2588190451025206,-0.9749279121818236,-0.2225209339563146,-0.5000000000000004,0.8660254037844384,85.25,122.75,224.64583333333331,20.2,46.9,100.0,65.75,14.85,12.376829,0.0,21.475,21.5592593,56.5,56.35,55.96666666666667,55.55,57.18333333333333,1.375111119999996,-0.122222233333332,-0.2240000000000002,23.238,22.774,21.753703691111117,23.21688888888889,10.803427,10.813016,10.846753,10.851507,10.816845,0,4.0,0,0.0,-0.14,5.4,94.6
2022-11-05 17:30:00,42.451079605558,0.0,0.0,21.5592593,22.774,57.18333333333333,0,5.1764362714980825,70.66250196097344,17,5,11,-0.9659258262890684,-0.2588190451025206,-0.9749279121818236,-0.2225209339563146,-0.5000000000000004,0.8660254037844384,64.5,97.75,199.4375,20.5,45.9,100.0,66.5,14.8,12.355882,0.0,21.25,21.47222221,56.85,56.5,56.35,55.96666666666667,57.55,1.2147407,-0.0796295800000024,-0.2399999999999984,23.014,22.421333333333333,21.65308643111111,23.008666666666667,10.816845,10.803427,10.813016,10.846753,10.8315115,0,4.0,0,0.0,-0.16,5.5,94.5
2022-11-05 17:45:00,43.699640911108,0.0,0.0,21.47222221,22.421333333333333,57.55,0,5.1764362714980825,70.66250196097344,17,5,11,-0.9659258262890684,-0.2588190451025206,-0.9749279121818236,-0.2225209339563146,-0.5000000000000004,0.8660254037844384,43.75,74.875,175.25,20.8,44.9,100.0,67.25,14.75,12.333123,0.0,21.025,21.37222221333333,57.18333333333333,56.85,56.5,56.35,58.15,0.9491111233333348,-0.0870370900000025,-0.3526666666666678,22.774,22.116,21.55679013,22.736444444444444,10.8315115,10.816845,10.803427,10.813016,10.881242,0,4.0,0,0.0,-0.18,5.7,94.3
2022-11-05 18:00:00,54.476154216666,0.0,0.0,21.37222221333333,22.116,58.15,0,5.1764362714980825,70.66250196097344,18,5,11,-1.0,-1.8369701987210294e-16,-0.9749279121818236,-0.2225209339563146,-0.5000000000000004,0.8660254037844384,23.0,54.125,152.08333333333334,21.1,43.9,100.0,68.0,14.7,12.308591,0.0,20.8,21.32777775,57.55,57.18333333333333,56.85,56.5,58.5,0.7437777866666693,-0.0999999966666678,-0.3053333333333334,22.421333333333333,21.968,21.46790124111111,22.43711111111111,10.881242,10.8315115,10.816845,10.803427,10.918578,0,4.0,0,0.0,-0.2,5.8,94.2
2022-11-05 18:15:00,58.810147566664,0.0,0.0,21.32777775,21.968,58.5,0,5.1764362714980825,70.66250196097344,18,5,11,-1.0,-1.8369701987210294e-16,-0.9749279121818236,-0.2225209339563146,-0.5000000000000004,0.8660254037844384,17.25,37.125,130.0625,21.525,44.975,100.0,68.25,14.675,12.317942,0.0,20.75,21.26111111333333,58.15,57.55,57.18333333333333,56.85,58.68333333333333,0.6402222500000008,-0.0444444633333311,-0.1479999999999997,22.116,21.886000000000003,21.39074072444444,22.168444444444447,10.918578,10.881242,10.8315115,10.816845,10.910551,0,4.0,0,0.0,-0.21,5.9,94.1
2022-11-05 18:30:00,57.995180133332,0.0,0.0,21.26111111333333,21.886000000000003,58.68333333333333,0,5.1764362714980825,70.66250196097344,18,5,11,-1.0,-1.8369701987210294e-16,-0.9749279121818236,-0.2225209339563146,-0.5000000000000004,0.8660254037844384,11.5,23.875,109.1875,21.950000000000003,46.05,100.0,68.5,14.65,12.327122,0.0,20.700000000000003,21.2222222,58.5,58.15,57.55,57.18333333333333,59.0,0.6248888866666675,-0.0666666366666639,-0.0819999999999971,21.968,21.93933333333333,21.32037035888889,21.99,10.910551,10.918578,10.881242,10.8315115,10.944715,0,4.0,0,0.0,-0.23,6.1,93.9
2022-11-05 18:45:00,59.1667999,0.0,0.0,21.2222222,21.93933333333333,59.0,0,5.1764362714980825,70.66250196097344,18,5,11,-1.0,-1.8369701987210294e-16,-0.9749279121818236,-0.2225209339563146,-0.5000000000000004,0.8660254037844384,5.75,14.375,89.45833333333333,22.375,47.125,100.0,68.75,14.625,12.33613,0.0,20.65,21.20185185,58.68333333333333,58.5,58.15,57.55,59.18333333333333,0.7171111333333329,-0.0388889133333343,0.053333333333331,21.886000000000003,22.208666666666662,21.270370354444445,21.93111111111111,10.944715,10.910551,10.918578,10.881242,10.965764,0,4.0,0,0.0,-0.23,6.1,93.9
2022-11-05 19:00:00,42.31330748333,0.0,0.0,21.20185185,22.208666666666662,59.18333333333333,0,5.1764362714980825,70.66250196097344,19,5,11,-0.9659258262890684,0.2588190451025203,-0.9749279121818236,-0.2225209339563146,-0.5000000000000004,0.8660254037844384,0.0,8.625,70.875,22.8,48.2,100.0,69.0,14.6,12.344969,0.0,20.6,21.16111114,59.0,58.68333333333333,58.5,58.15,59.5,1.0068148166666653,-0.0203703500000003,0.2693333333333321,21.93933333333333,22.346,21.228395054444444,22.01133333333333,10.965764,10.944715,10.910551,10.918578,10.998408,0,4.0,0,0.0,-0.24,6.2,93.8
2022-11-05 19:15:00,42.289974983334,0.0,0.0,21.16111114,22.346,59.5,0,5.1764362714980825,70.66250196097344,19,5,11,-0.9659258262890684,0.2588190451025203,-0.9749279121818236,-0.2225209339563146,-0.5000000000000004,0.8660254037844384,0.0,4.3125,54.72916666666666,23.5,49.025000000000006,100.0,68.0,14.525,12.25497,0.0,20.725,21.11481480666667,59.18333333333333,59.0,58.68333333333333,58.5,59.5,1.184888860000001,-0.0407407100000014,0.1373333333333342,22.208666666666662,22.633333333333333,21.195061730000003,22.164666666666665,10.998408,10.965764,10.944715,10.910551,10.968895,0,4.0,0,0.0,-0.24,6.2,93.8
2022-11-05 19:30:00,54.323104838886,0.0,0.0,21.11481480666667,22.633333333333333,59.5,0,5.1764362714980825,70.66250196097344,19,5,11,-0.9659258262890684,0.2588190451025203,-0.9749279121818236,-0.2225209339563146,-0.5000000000000004,0.8660254037844384,0.0,1.4375,41.020833333333336,24.200000000000003,49.85,100.0,67.0,14.45,12.162912,0.0,20.85,21.07222225,59.5,59.18333333333333,59.0,58.68333333333333,59.15,1.5185185266666643,-0.0462963333333306,0.2873333333333328,22.346,22.708,21.15925926555556,22.396,10.968895,10.998408,10.965764,10.944715,10.877437,0,4.0,0,0.0,-0.26,6.4,93.6
2022-11-05 19:45:00,51.054068905554,0.0,0.0,21.07222225,22.708,59.15,0,5.1764362714980825,70.66250196097344,19,5,11,-0.9659258262890684,0.2588190451025203,-0.9749279121818236,-0.2225209339563146,-0.5000000000000004,0.8660254037844384,0.0,0.0,29.75,24.9,50.675,100.0,66.0,14.375,12.068772,0.0,20.975,21.0555556,59.5,59.5,59.18333333333333,59.0,59.0,1.6357777500000026,-0.0425925566666691,0.0746666666666691,22.633333333333333,22.586666666666662,21.11604939888889,22.56244444444444,10.877437,10.968895,10.998408,10.965764,10.839358,0,4.0,0,0.0,-0.27,6.5,93.5
2022-11-05 20:00:00,58.309334316662,0.0,0.0,21.0555556,22.586666666666662,59.0,0,5.1764362714980825,70.66250196097344,20,5,11,-0.8660254037844386,0.5000000000000001,-0.9749279121818236,-0.2225209339563146,-0.5000000000000004,0.8660254037844384,0.0,0.0,20.916666666666668,25.6,51.5,100.0,65.0,14.3,11.972522,0.0,21.1,21.05000004,59.15,59.5,59.5,59.18333333333333,59.0,1.5311110666666643,-0.0166666499999976,-0.1213333333333359,22.708,22.54,21.08086421888889,22.642666666666667,10.839358,10.877437,10.968895,10.998408,10.835861,0,4.0,0,0.0,-0.27,6.6,93.4
2022-11-05 20:15:00,65.81708946111,0.0,0.0,21.05000004,22.54,59.0,0,5.1764362714980825,70.66250196097344,20,5,11,-0.8660254037844386,0.5000000000000001,-0.9749279121818236,-0.2225209339563146,-0.5000000000000004,0.8660254037844384,0.0,0.0,13.8125,25.75,52.575,100.0,64.25,14.075,11.81721,0.0,21.075000000000003,21.003703706666663,59.0,59.15,59.5,59.5,59.0,1.489999959999999,-0.0055555600000012,-0.0466666666666668,22.586666666666662,22.43066666666667,21.059259296666667,22.611555555555555,10.835861,10.839358,10.877437,10.968895,10.806761,0,4.0,0,0.0,-0.27,6.6,93.4
2022-11-05 20:30:00,42.759400738886,0.0,0.0,21.003703706666663,22.43066666666667,59.0,0,5.1764362714980825,70.66250196097344,20,5,11,-0.8660254037844386,0.5000000000000001,-0.9749279121818236,-0.2225209339563146,-0.5000000000000004,0.8660254037844384,0.0,0.0,8.4375,25.9,53.65,100.0,63.5,13.85,11.662325,0.0,21.05,21.0,59.0,59.0,59.15,59.5,59.0,1.4269629600000044,-0.0462963333333341,-0.1093333333333284,22.54,22.362,21.03641978222222,22.519111111111112,10.806761,10.835861,10.839358,10.877437,10.804434,0,4.0,0,0.0,-0.29,6.7,93.3
2022-11-05 20:45:00,417.654126466668,0.0,0.0,21.0,22.362,59.0,0,5.1764362714980825,70.66250196097344,20,5,11,-0.8660254037844386,0.5000000000000001,-0.9749279121818236,-0.2225209339563146,-0.5000000000000004,0.8660254037844384,0.0,0.0,4.791666666666667,26.05,54.725,100.0,62.75,13.625,11.507859,0.0,21.025,20.979629613333334,59.0,59.0,59.0,59.15,59.0,1.362000000000002,-0.0037037066666663,-0.0686666666666688,22.43066666666667,22.30333333333333,21.01790124888889,22.444222222222223,10.804434,10.806761,10.835861,10.839358,10.791653,0,4.0,0,0.0,-0.29,6.7,93.3
2022-11-05 21:00:00,54.283939738886,0.0,0.0,20.979629613333334,22.30333333333333,59.0,0,5.1764362714980825,70.66250196097344,21,5,11,-0.7071067811865477,0.7071067811865474,-0.9749279121818236,-0.2225209339563146,-0.5000000000000004,0.8660254037844384,0.0,0.0,2.875,26.2,55.8,100.0,62.0,13.4,11.353811,0.0,21.0,20.9444444,59.0,59.0,59.0,59.0,59.0,1.323703720000001,-0.0203703866666664,-0.0586666666666673,22.362,22.296666666666667,20.99444444,22.365333333333336,10.791653,10.804434,10.806761,10.835861,10.769606,0,4.0,0,0.0,-0.29,6.8,93.2
2022-11-05 21:15:00,42.89411766666,0.0,0.0,20.9444444,22.296666666666667,59.0,0,5.1764362714980825,70.66250196097344,21,5,11,-0.7071067811865477,0.7071067811865474,-0.9749279121818236,-0.2225209339563146,-0.5000000000000004,0.8660254037844384,0.0,0.0,1.4375,26.6,56.6,100.0,62.25,13.4,11.350013,0.0,20.925,20.9444444,59.0,59.0,59.0,59.0,58.81666666666667,1.3522222666666686,-0.0351852133333352,-0.0066666666666677,22.30333333333333,22.38133333333333,20.974691337777777,22.320666666666668,10.769606,10.791653,10.804434,10.806761,10.736141,0,4.0,0,0.0,-0.3,6.9,93.1
2022-11-05 21:30:00,58.23711500555,0.0,0.0,20.9444444,22.38133333333333,58.81666666666667,0,5.1764362714980825,70.66250196097344,21,5,11,-0.7071067811865477,0.7071067811865474,-0.9749279121818236,-0.2225209339563146,-0.5000000000000004,0.8660254037844384,0.0,0.0,0.4791666666666667,27.0,57.4,100.0,62.5,13.4,11.346001,0.0,20.85,20.9444444,59.0,59.0,59.0,59.0,58.5,1.4368889333333357,0.0,0.0846666666666671,22.296666666666667,22.38733333333333,20.95617280444445,22.32711111111111,10.736141,10.769606,10.791653,10.804434,10.678338,0,4.0,0,0.0,-0.3,6.9,93.1
2022-11-05 21:45:00,70.24413462222,0.0,0.0,20.9444444,22.38733333333333,58.5,0,5.1764362714980825,70.66250196097344,21,5,11,-0.7071067811865477,0.7071067811865474,-0.9749279121818236,-0.2225209339563146,-0.5000000000000004,0.8660254037844384,0.0,0.0,0.0,27.4,58.2,100.0,62.75,13.4,11.34178,0.0,20.775,20.9444444,58.81666666666667,59.0,59.0,59.0,58.5,1.442888933333336,0.0,0.0060000000000002,22.38133333333333,22.33133333333333,20.9444444,22.355111111111118,10.678338,10.736141,10.769606,10.791653,10.678338,0,4.0,0,0.0,-0.3,6.9,93.1
2022-11-05 22:00:00,46.90367944444,0.0,0.0,20.9444444,22.33133333333333,58.5,0,5.1764362714980825,70.66250196097344,22,5,11,-0.5000000000000004,0.8660254037844384,-0.9749279121818236,-0.2225209339563146,-0.5000000000000004,0.8660254037844384,0.0,0.0,0.0,27.8,59.0,100.0,63.0,13.4,11.337353,0.0,20.7,20.90555555,58.5,58.81666666666667,59.0,59.0,58.5,1.3868889333333314,0.0,-0.0560000000000044,22.38733333333333,22.30666666666667,20.9444444,22.366666666666664,10.678338,10.678338,10.736141,10.769606,10.654224,0,4.0,0,0.0,-0.3,6.9,93.1
2022-11-05 22:15:00,42.579407955552,0.0,0.0,20.90555555,22.30666666666667,58.5,0,5.1764362714980825,70.66250196097344,22,5,11,-0.5000000000000004,0.8660254037844384,-0.9749279121818236,-0.2225209339563146,-0.5000000000000004,0.8660254037844384,0.0,0.0,0.0,27.9,59.45,100.0,63.25,13.425,11.332721,0.0,20.625,20.86851851333333,58.5,58.5,58.81666666666667,59.0,58.5,1.4011111166666694,-0.0388888499999993,-0.0246666666666612,22.33133333333333,22.216666666666665,20.93148145,22.34177777777777,10.654224,10.678338,10.678338,10.736141,10.631301,0,4.0,0,0.0,-0.31,7.0,93.0
2022-11-05 22:30:00,54.128112588888,0.0,0.0,20.86851851333333,22.216666666666665,58.5,0,5.1764362714980825,70.66250196097344,22,5,11,-0.5000000000000004,0.8660254037844384,-0.9749279121818236,-0.2225209339563146,-0.5000000000000004,0.8660254037844384,0.0,0.0,0.0,28.0,59.9,100.0,63.5,13.45,11.327885,0.0,20.55,20.86666666,58.5,58.5,58.5,58.81666666666667,58.5,1.3481481533333302,-0.0370370366666641,-0.0900000000000034,22.30666666666667,22.168,20.90617282111111,22.284888888888887,10.631301,10.654224,10.678338,10.678338,10.630157,0,4.0,0,0.0,-0.32,7.2,92.8
2022-11-05 22:45:00,44.15184510555,0.0,0.0,20.86666666,22.168,58.5,0,5.1764362714980825,70.66250196097344,22,5,11,-0.5000000000000004,0.8660254037844384,-0.9749279121818236,-0.2225209339563146,-0.5000000000000004,0.8660254037844384,0.0,0.0,0.0,28.1,60.35,100.0,63.75,13.475,11.322843,0.0,20.475,20.835714254285712,58.5,58.5,58.5,58.5,58.5,1.3013333399999991,-0.0018518533333349,-0.0486666666666657,22.216666666666665,22.10928571428571,20.880246907777774,22.230444444444444,10.630157,10.631301,10.654224,10.678338,10.611033,0,4.0,0,0.0,-0.32,7.2,92.8
2022-11-05 23:00:00,47.516710455552,0.0,0.0,20.835714254285712,22.10928571428571,58.5,0,5.1764362714980825,70.66250196097344,23,5,11,-0.2588190451025215,0.965925826289068,-0.9749279121818236,-0.2225209339563146,-0.5000000000000004,0.8660254037844384,0.0,0.0,0.0,28.2,60.8,100.0,64.0,13.5,11.317603,0.0,20.4,20.8333333,58.5,58.5,58.5,58.5,58.55357142857143,1.2735714599999994,-0.030952405714288,-0.0587142857142879,22.168,22.025,20.856966475873016,22.16465079365079,10.611033,10.630157,10.631301,10.654224,10.619279,0,4.0,0,0.0,-0.33,7.3,92.7
2022-11-05 23:15:00,65.526267827774,0.0,0.0,20.8333333,22.025,58.55357142857143,0,5.1764362714980825,70.66250196097344,23,5,11,-0.2588190451025215,0.965925826289068,-0.9749279121818236,-0.2225209339563146,-0.5000000000000004,0.8660254037844384,0.0,0.0,0.0,28.175,60.8,99.75,64.75,13.575,11.416854,0.0,20.35,20.8333333,58.5,58.5,58.5,58.5,58.96666666666667,1.1916667000000023,-0.0023809542857122,-0.0842857142857091,22.10928571428571,21.90333333333333,20.84523807142857,22.100761904761907,10.619279,10.611033,10.630157,10.631301,10.694199,0,4.0,0,0.0,-0.33,7.3,92.7
2022-11-05 23:30:00,57.123548366664,0.0,0.0,20.8333333,21.90333333333333,58.96666666666667,0,5.1764362714980825,70.66250196097344,23,5,11,-0.2588190451025215,0.965925826289068,-0.9749279121818236,-0.2225209339563146,-0.5000000000000004,0.8660254037844384,0.0,0.0,0.0,28.15,60.8,99.5,65.5,13.65,11.515417,0.0,20.3,20.8333333,58.55357142857143,58.5,58.5,58.5,59.0,1.0700000333333328,0.0,-0.1216666666666697,22.025,21.910000000000004,20.83412695142857,22.01253968253968,10.694199,10.619279,10.611033,10.630157,10.700244,0,4.0,0,0.0,-0.33,7.2,92.8
2022-11-05 23:45:00,43.10966446111,0.0,0.0,20.8333333,21.910000000000004,59.0,0,5.1764362714980825,70.66250196097344,23,5,11,-0.2588190451025215,0.965925826289068,-0.9749279121818236,-0.2225209339563146,-0.5000000000000004,0.8660254037844384,0.0,0.0,0.0,28.125,60.8,99.25,66.25,13.725,11.613293,0.0,20.25,20.811507925,58.96666666666667,58.55357142857143,58.5,58.5,59.0,1.076666700000004,0.0,0.0066666666666712,21.90333333333333,21.875714285714285,20.8333333,21.94611111111111,10.700244,10.694199,10.619279,10.611033,10.6866665,0,4.0,0,0.0,-0.33,7.2,92.8
2022-11-06 00:00:00,50.500202211108,0.0,0.0,20.811507925,21.875714285714285,59.0,0,5.1764362714980825,70.66250196097344,0,6,11,0.0,1.0,-0.7818314824680299,0.6234898018587334,-0.5000000000000004,0.8660254037844384,0.0,0.0,0.0,28.1,60.8,99.0,67.0,13.8,11.710488,0.0,20.2,20.8111111,59.0,58.96666666666667,58.55357142857143,58.5,59.05,1.0642063607142838,-0.0218253749999988,-0.0342857142857191,21.910000000000004,21.88133333333333,20.826058175,21.896349206349203,10.6866665,10.700244,10.694199,10.619279,10.695476,0,4.0,0,0.0,-0.33,7.3,92.7
2022-11-06 00:15:00,44.619048483334,0.0,0.0,20.8111111,21.88133333333333,59.05,0,5.1764362714980825,70.66250196097344,0,6,11,0.0,1.0,-0.7818314824680299,0.6234898018587334,-0.5000000000000004,0.8660254037844384,0.0,0.0,0.0,28.55,61.525,99.25,67.25,13.875,11.754185,0.0,20.2,20.7814815,59.0,59.0,58.96666666666667,58.55357142857143,59.46666666666667,1.0702222333333324,-0.0003968249999992,0.0056190476190494,21.875714285714285,21.854666666666667,20.818650775,21.889015873015875,10.695476,10.6866665,10.700244,10.694199,10.752388,0,4.0,0,0.0,-0.33,7.3,92.7
2022-11-06 00:30:00,42.74967877778,0.0,0.0,20.7814815,21.854666666666667,59.46666666666667,0,5.1764362714980825,70.66250196097344,0,6,11,0.0,1.0,-0.7818314824680299,0.6234898018587334,-0.5000000000000004,0.8660254037844384,0.0,0.0,0.0,29.0,62.25,99.5,67.5,13.95,11.79788,0.0,20.2,20.7777778,59.05,59.0,59.0,58.96666666666667,59.55,1.0731851666666683,-0.0296296000000033,-0.0266666666666672,21.88133333333333,21.857333333333333,20.801366841666667,21.870571428571427,10.752388,10.695476,10.6866665,10.700244,10.765136,0,4.0,0,0.0,-0.34,7.4,92.6
2022-11-06 00:45:00,68.41948536111,0.0,0.0,20.7777778,21.857333333333333,59.55,0,5.1764362714980825,70.66250196097344,0,6,11,0.0,1.0,-0.7818314824680299,0.6234898018587334,-0.5000000000000004,0.8660254037844384,0.0,0.0,0.0,29.45,62.975,99.75,67.75,14.025,11.841576,0.0,20.2,20.7777778,59.46666666666667,59.05,59.0,59.0,59.96666666666667,1.079555533333334,-0.003703699999999,0.0026666666666663,21.854666666666667,22.211333333333336,20.790123466666667,21.864444444444445,10.765136,10.752388,10.695476,10.6866665,10.840459,0,4.0,0,0.0,-0.34,7.4,92.6
2022-11-06 01:00:00,42.64607183889,0.0,0.0,20.7777778,22.211333333333336,59.96666666666667,0,5.1764362714980825,70.66250196097344,1,6,11,0.2588190451025207,0.9659258262890684,-0.7818314824680299,0.6234898018587334,-0.5000000000000004,0.8660254037844384,0.0,0.0,0.0,29.9,63.7,100.0,68.0,14.1,11.88527,0.0,20.2,20.73888888,59.55,59.46666666666667,59.05,59.0,60.0,1.4335555333333367,0.0,0.3540000000000027,21.857333333333333,22.186,20.779012366666663,21.974444444444444,10.840459,10.765136,10.752388,10.695476,10.821958,0,4.0,0,0.0,-0.34,7.3,92.7
2022-11-06 01:15:00,59.733721788884,0.0,0.0,20.73888888,22.186,60.0,0,5.1764362714980825,70.66250196097344,1,6,11,0.2588190451025207,0.9659258262890684,-0.7818314824680299,0.6234898018587334,-0.5000000000000004,0.8660254037844384,0.0,0.0,0.0,29.9,64.325,100.0,68.5,14.2,11.972663,0.025,20.2,20.7222222,59.96666666666667,59.55,59.46666666666667,59.05,60.0,1.4471111199999989,-0.0388889199999979,-0.0253333333333358,22.211333333333336,22.32266666666667,20.764814826666665,22.084888888888887,10.821958,10.840459,10.765136,10.752388,10.81146,0,4.0,0,0.0,-0.34,7.5,92.5
2022-11-06 01:30:00,61.533094211108,0.0,0.0,20.7222222,22.32266666666667,60.0,0,5.1764362714980825,70.66250196097344,1,6,11,0.2588190451025207,0.9659258262890684,-0.7818314824680299,0.6234898018587334,-0.5000000000000004,0.8660254037844384,0.0,0.0,0.0,29.9,64.95,100.0,69.0,14.3,12.060054,0.05,20.2,20.72777776,60.0,59.96666666666667,59.55,59.46666666666667,60.0,1.6004444666666693,-0.0166666800000001,0.1366666666666702,22.186,22.401333333333337,20.746296293333334,22.24,10.81146,10.821958,10.840459,10.765136,10.814959,0,4.0,0,0.0,-0.35,7.5,92.5
2022-11-06 01:45:00,55.421394205554,0.0,0.0,20.72777776,22.401333333333337,60.0,0,5.1764362714980825,70.66250196097344,1,6,11,0.2588190451025207,0.9659258262890684,-0.7818314824680299,0.6234898018587334,-0.5000000000000004,0.8660254037844384,0.0,0.0,0.0,29.9,65.575,100.0,69.5,14.4,12.147446,0.075,20.2,20.7222222,60.0,60.0,59.96666666666667,59.55,60.46666666666667,1.6735555733333385,0.0055555599999976,0.0786666666666668,22.32266666666667,22.436666666666667,20.729629613333334,22.30333333333333,10.814959,10.81146,10.821958,10.840459,10.895548,0,4.0,0,0.0,-0.35,7.5,92.5
2022-11-06 02:00:00,52.110137694446,0.0,0.0,20.7222222,22.436666666666667,60.46666666666667,0,5.1764362714980825,70.66250196097344,2,6,11,0.4999999999999999,0.8660254037844387,-0.7818314824680299,0.6234898018587334,-0.5000000000000004,0.8660254037844384,0.0,0.0,0.0,29.9,66.2,100.0,70.0,14.5,12.234838,0.1,20.2,20.75555556,60.0,60.0,60.0,59.96666666666667,60.5,1.7144444666666665,-0.0055555599999976,0.0353333333333303,22.401333333333337,22.430000000000003,20.724074053333336,22.38688888888889,10.895548,10.814959,10.81146,10.821958,10.922733,0,4.0,0,0.0,-0.35,7.5,92.5
2022-11-06 02:15:00,45.875664800004,0.0,0.0,20.75555556,22.430000000000003,60.5,0,5.1764362714980825,70.66250196097344,2,6,11,0.4999999999999999,0.8660254037844387,-0.7818314824680299,0.6234898018587334,-0.5000000000000004,0.8660254037844384,0.0,0.0,0.0,29.3,65.575,100.0,70.0,14.6,12.288589,0.075,20.275,20.726495707692308,60.46666666666667,60.0,60.0,60.0,60.67307692307692,1.674444440000002,0.0333333600000003,-0.0066666666666641,22.436666666666667,22.454615384615387,20.73518517333333,22.422666666666668,10.922733,10.895548,10.814959,10.81146,10.935462,0,4.0,0,0.0,-0.34,7.4,92.6
2022-11-06 02:30:00,37.044629222224,0.0,0.0,20.726495707692308,22.454615384615387,60.67307692307692,0,5.1764362714980825,70.66250196097344,2,6,11,0.4999999999999999,0.8660254037844387,-0.7818314824680299,0.6234898018587334,-0.5000000000000004,0.8660254037844384,0.0,0.0,0.0,28.7,64.95,100.0,70.0,14.7,12.342545,0.05,20.35,20.7222222,60.5,60.46666666666667,60.0,60.0,61.0,1.7281196769230789,-0.029059852307693,0.0246153846153838,22.430000000000003,22.39642857142857,20.734757822564102,22.440427350427356,10.935462,10.922733,10.895548,10.814959,10.991651,0,4.0,0,0.0,-0.34,7.5,92.5
2022-11-06 02:45:00,49.879949288884,0.0,0.0,20.7222222,22.39642857142857,61.0,0,5.1764362714980825,70.66250196097344,2,6,11,0.4999999999999999,0.8660254037844387,-0.7818314824680299,0.6234898018587334,-0.5000000000000004,0.8660254037844384,0.0,0.0,0.0,28.1,64.325,100.0,70.0,14.8,12.396707,0.0249999999999999,20.425,20.7222222,60.67307692307692,60.5,60.46666666666667,60.0,61.0,1.674206371428571,-0.0042735076923072,-0.0581868131868148,22.454615384615387,22.36133333333333,20.734757822564102,22.42701465201465,10.991651,10.935462,10.922733,10.895548,10.991651,0,4.0,0,0.0,-0.34,7.4,92.6
2022-11-06 03:00:00,61.439209049998,0.0,0.0,20.7222222,22.36133333333333,61.0,0,5.1764362714980825,70.66250196097344,3,6,11,0.7071067811865476,0.7071067811865476,-0.7818314824680299,0.6234898018587334,-0.5000000000000004,0.8660254037844384,0.0,0.0,0.0,27.5,63.7,100.0,70.0,14.9,12.451073,0.0,20.5,20.7222222,61.0,60.67307692307692,60.5,60.46666666666667,61.05,1.6391111333333337,0.0,-0.0350952380952378,22.39642857142857,22.218,20.723646702564103,22.40412576312576,10.991651,10.991651,10.935462,10.922733,11.00066,0,4.0,0,0.0,-0.34,7.4,92.6
2022-11-06 03:15:00,58.560713111108,0.0,0.0,20.7222222,22.218,61.05,0,5.1764362714980825,70.66250196097344,3,6,11,0.7071067811865476,0.7071067811865476,-0.7818314824680299,0.6234898018587334,-0.5000000000000004,0.8660254037844384,0.0,0.0,0.0,27.125,62.625,98.25,71.0,15.0,12.537155,0.0,20.375,20.7222222,61.0,61.0,60.67307692307692,60.5,61.46666666666667,1.495777799999999,0.0,-0.1433333333333344,22.36133333333333,22.046,20.7222222,22.32525396825397,11.00066,10.991651,10.991651,10.935462,11.075741,0,4.0,0,0.0,-0.34,7.4,92.6
2022-11-06 03:30:00,56.018870255556,0.0,0.0,20.7222222,22.046,61.46666666666667,0,5.1764362714980825,70.66250196097344,3,6,11,0.7071067811865476,0.7071067811865476,-0.7818314824680299,0.6234898018587334,-0.5000000000000004,0.8660254037844384,0.0,0.0,0.0,26.75,61.55,96.5,72.0,15.1,12.62124,0.0,20.25,20.7222222,61.05,61.0,61.0,60.67307692307692,61.85,1.3237777999999985,0.0,-0.1720000000000006,22.218,21.934,20.7222222,22.20844444444444,11.075741,11.00066,10.991651,10.991651,11.144813,0,4.0,0,0.0,-0.34,7.4,92.6
2022-11-06 03:45:00,46.615635250002,0.0,0.0,20.7222222,21.934,61.85,0,5.1764362714980825,70.66250196097344,3,6,11,0.7071067811865476,0.7071067811865476,-0.7818314824680299,0.6234898018587334,-0.5000000000000004,0.8660254037844384,0.0,0.0,0.0,26.375,60.475,94.75,73.0,15.2,12.703347,0.0,20.125,20.7222222,61.46666666666667,61.05,61.0,61.0,62.0,1.2117778,0.0,-0.1119999999999983,22.046,21.972,20.7222222,22.066000000000003,11.144813,11.075741,11.00066,10.991651,11.171842,0,4.0,0,0.0,-0.34,7.4,92.6
2022-11-06 04:00:00,201.525549772222,0.0,0.0,20.7222222,21.972,62.0,0,5.1764362714980825,70.66250196097344,4,6,11,0.8660254037844386,0.5000000000000001,-0.7818314824680299,0.6234898018587334,-0.5000000000000004,0.8660254037844384,0.0,0.0,0.0,26.0,59.4,93.0,74.0,15.3,12.783495,0.0,20.0,20.6888889,61.85,61.46666666666667,61.05,61.0,62.0,1.2497777999999968,0.0,0.0379999999999967,21.934,21.98,20.7222222,21.984,11.171842,11.144813,11.075741,11.00066,11.150178,0,4.0,0,0.0,-0.34,7.4,92.6
2022-11-06 04:15:00,641.663499116666,0.0,0.0,20.6888889,21.98,62.0,0,5.1764362714980825,70.66250196097344,4,6,11,0.8660254037844386,0.5000000000000001,-0.7818314824680299,0.6234898018587334,-0.5000000000000004,0.8660254037844384,0.0,0.0,0.0,25.6,58.225,94.75,74.25,15.275,12.770459,0.0,19.925,20.7185185,62.0,61.85,61.46666666666667,61.05,62.18333333333333,1.291111100000002,-0.0333333000000024,0.0080000000000026,21.972,22.016,20.7111111,21.962,11.150178,11.171842,11.144813,11.075741,11.202461,0,4.0,0,0.0,-0.34,7.5,92.5
2022-11-06 04:30:00,54.010061711112,0.0,0.0,20.7185185,22.016,62.18333333333333,0,5.1764362714980825,70.66250196097344,4,6,11,0.8660254037844386,0.5000000000000001,-0.7818314824680299,0.6234898018587334,-0.5000000000000004,0.8660254037844384,0.0,0.0,0.0,25.2,57.05,96.5,74.5,15.25,12.757255,0.0,19.85,20.71666665,62.0,62.0,61.85,61.46666666666667,62.2,1.2974815,0.0296296000000033,0.0360000000000013,21.98,22.016,20.709876533333333,21.98933333333333,11.202461,11.150178,11.171842,11.144813,11.204255,0,4.0,0,0.0,-0.34,7.4,92.6
2022-11-06 04:45:00,58.960697011112,0.0,0.0,20.71666665,22.016,62.2,0,5.1764362714980825,70.66250196097344,4,6,11,0.8660254037844386,0.5000000000000001,-0.7818314824680299,0.6234898018587334,-0.5000000000000004,0.8660254037844384,0.0,0.0,0.0,24.8,55.875,98.25,74.75,15.225,12.743892,0.0,19.775,20.69074075,62.18333333333333,62.0,62.0,61.85,62.46666666666667,1.2993333500000013,-0.0018518500000013,0.0,22.016,21.988,20.70802468333333,22.004,11.204255,11.202461,11.150178,11.171842,11.235316,0,4.0,0,0.0,-0.34,7.4,92.6
2022-11-06 05:00:00,63.340522044436,0.0,0.0,20.69074075,21.988,62.46666666666667,0,5.1764362714980825,70.66250196097344,5,6,11,0.9659258262890684,0.2588190451025207,-0.7818314824680299,0.6234898018587334,-0.5000000000000004,0.8660254037844384,0.0,0.0,0.0,24.4,54.7,100.0,75.0,15.2,12.730363,0.0,19.7,20.68333335,62.2,62.18333333333333,62.0,62.0,62.5,1.2972592499999998,-0.0259259000000007,-0.0280000000000022,22.016,21.91333333333333,20.70864196666667,22.006666666666664,11.235316,11.204255,11.202461,11.150178,11.2364645,0,4.0,0,0.0,-0.34,7.4,92.6
2022-11-06 05:15:00,46.6672999,0.0,0.0,20.68333335,21.91333333333333,62.5,0,5.1764362714980825,70.66250196097344,5,6,11,0.9659258262890684,0.2588190451025207,-0.7818314824680299,0.6234898018587334,-0.5000000000000004,0.8660254037844384,0.0,0.0,0.0,24.5,54.35,100.0,74.5,15.175,12.701271,0.0,19.775,20.6666667,62.46666666666667,62.2,62.18333333333333,62.0,62.5,1.2299999833333324,-0.0074073999999981,-0.0746666666666655,21.988,21.95733333333333,20.69691358333333,21.972444444444445,11.2364645,11.235316,11.204255,11.202461,11.225559,0,4.0,0,0.0,-0.34,7.4,92.6
2022-11-06 05:30:00,376.247727188892,0.0,0.0,20.6666667,21.95733333333333,62.5,0,5.1764362714980825,70.66250196097344,5,6,11,0.9659258262890684,0.2588190451025207,-0.7818314824680299,0.6234898018587334,-0.5000000000000004,0.8660254037844384,0.0,0.0,0.0,24.6,54.0,100.0,74.0,15.15,12.671635,0.0,19.85,20.6666667,62.5,62.46666666666667,62.2,62.18333333333333,62.85,1.290666633333334,-0.0166666500000012,0.0440000000000004,21.91333333333333,22.070666666666668,20.680246933333336,21.95288888888889,11.225559,11.2364645,11.235316,11.204255,11.288422,0,4.0,0,0.0,-0.35,7.5,92.5
2022-11-06 05:45:00,51.075456916666,0.0,0.0,20.6666667,22.070666666666668,62.85,0,5.1764362714980825,70.66250196097344,5,6,11,0.9659258262890684,0.2588190451025207,-0.7818314824680299,0.6234898018587334,-0.5000000000000004,0.8660254037844384,0.0,0.0,0.0,24.7,53.65,100.0,73.5,15.125,12.641463,0.0,19.925,20.6666667,62.5,62.5,62.46666666666667,62.2,63.0,1.4039999666666674,0.0,0.1133333333333332,21.95733333333333,22.064,20.67222225,21.980444444444444,11.288422,11.225559,11.2364645,11.235316,11.315364,0,4.0,0,0.0,-0.35,7.5,92.5
2022-11-06 06:00:00,46.70813176666,0.0,0.0,20.6666667,22.064,63.0,0,5.1764362714980825,70.66250196097344,6,6,11,1.0,6.123233995736766e-17,-0.7818314824680299,0.6234898018587334,-0.5000000000000004,0.8660254037844384,0.0,0.0,0.0,24.8,53.3,100.0,73.0,15.1,12.610745,0.0,20.0,20.6666667,62.85,62.5,62.5,62.46666666666667,63.0,1.3973332999999997,0.0,-0.0066666666666677,22.070666666666668,21.996,20.6666667,22.030666666666665,11.315364,11.288422,11.225559,11.2364645,11.315364,0,4.0,0,0.0,-0.34,7.5,92.5
2022-11-06 06:15:00,58.215171416662,0.0,0.0,20.6666667,21.996,63.0,0,5.1764362714980825,70.66250196097344,6,6,11,1.0,6.123233995736766e-17,-0.7818314824680299,0.6234898018587334,-0.5000000000000004,0.8660254037844384,0.0,0.0,0.0,24.25,53.025,100.0,73.5,15.1,12.641463,0.025,19.925,20.6666667,63.0,62.85,62.5,62.5,63.0,1.3293332999999985,0.0,-0.0680000000000013,22.064,22.031333333333333,20.6666667,22.043555555555557,11.315364,11.315364,11.288422,11.225559,11.315364,0,4.0,0,0.0,-0.34,7.5,92.5
2022-11-06 06:30:00,66.595113988884,0.0,0.0,20.6666667,22.031333333333333,63.0,0,5.1764362714980825,70.66250196097344,6,6,11,1.0,6.123233995736766e-17,-0.7818314824680299,0.6234898018587334,-0.5000000000000004,0.8660254037844384,0.0,0.0,0.0,23.700000000000003,52.75,100.0,74.0,15.1,12.671635,0.05,19.85,20.6666667,63.0,63.0,62.85,62.5,63.0,1.3646666333333322,0.0,0.0353333333333338,21.996,21.99571428571429,20.6666667,22.03044444444444,11.315364,11.315364,11.315364,11.288422,11.315364,0,4.0,0,0.0,-0.34,7.5,92.5
2022-11-06 06:45:00,48.18529467778,0.0,0.0,20.6666667,21.99571428571429,63.0,0,5.1764362714980825,70.66250196097344,6,6,11,1.0,6.123233995736766e-17,-0.7818314824680299,0.6234898018587334,-0.5000000000000004,0.8660254037844384,0.0,0.0,0.0,23.15,52.475,100.0,74.5,15.1,12.701271,0.075,19.775,20.6666667,63.0,63.0,63.0,62.85,63.18333333333333,1.3290475857142852,0.0,-0.0356190476190469,22.031333333333333,21.86133333333333,20.6666667,22.007682539682538,11.315364,11.315364,11.315364,11.315364,11.348292,0,4.0,0,0.0,-0.34,7.5,92.5
2022-11-06 07:00:00,42.631627966668,0.0,0.0,20.6666667,21.86133333333333,63.18333333333333,0,5.1764362714980825,70.66250196097344,7,6,11,0.9659258262890684,-0.2588190451025206,-0.7818314824680299,0.6234898018587334,-0.5000000000000004,0.8660254037844384,0.0,0.0,0.0,22.6,52.2,100.0,75.0,15.1,12.730363,0.1,19.7,20.6666667,63.0,63.0,63.0,63.0,63.5,1.194666633333334,0.0,-0.1343809523809511,21.99571428571429,21.923333333333336,20.6666667,21.962793650793653,11.348292,11.315364,11.315364,11.315364,11.405169,0,4.0,0,0.0,-0.34,7.4,92.6
2022-11-06 07:15:00,50.81518956111,0.0,0.0,20.6666667,21.923333333333336,63.5,0,5.1764362714980825,70.66250196097344,7,6,11,0.9659258262890684,-0.2588190451025206,-0.7818314824680299,0.6234898018587334,-0.5000000000000004,0.8660254037844384,0.0,0.0,0.0,22.325000000000003,51.025000000000006,100.0,75.25,15.4,12.942451,0.075,19.925,20.6666667,63.18333333333333,63.0,63.0,63.0,63.5,1.2566666333333352,0.0,0.0620000000000011,21.86133333333333,22.024,20.6666667,21.92679365079365,11.405169,11.348292,11.315364,11.315364,11.405169,0,4.0,0,0.0,-0.34,7.4,92.6
2022-11-06 07:30:00,46.939789116662,0.0,0.0,20.6666667,22.024,63.5,0,5.1764362714980825,70.66250196097344,7,6,11,0.9659258262890684,-0.2588190451025206,-0.7818314824680299,0.6234898018587334,-0.5000000000000004,0.8660254037844384,0.0,0.0,0.0,22.05,49.85,100.0,75.5,15.7,13.157621,0.05,20.15,20.6666667,63.5,63.18333333333333,63.0,63.0,63.5,1.3573333000000003,0.0,0.1006666666666653,21.923333333333336,22.055333333333333,20.6666667,21.936222222222224,11.405169,11.405169,11.348292,11.315364,11.405169,0,4.0,0,0.0,-0.34,7.4,92.6
2022-11-06 07:45:00,50.514646066664,0.0,0.0,20.6666667,22.055333333333333,63.5,0,5.1764362714980825,70.66250196097344,7,6,11,0.9659258262890684,-0.2588190451025206,-0.7818314824680299,0.6234898018587334,-0.5000000000000004,0.8660254037844384,0.0,0.0,0.0,21.775,48.675,100.0,75.75,16.0,13.375909,0.0249999999999999,20.375,20.6666667,63.5,63.5,63.18333333333333,63.0,63.5,1.388666633333333,0.0,0.0313333333333325,22.024,22.076666666666664,20.6666667,22.00088888888889,11.405169,11.405169,11.405169,11.348292,11.405169,0,4.0,0,0.0,-0.34,7.4,92.6
2022-11-06 08:00:00,66.695943238886,0.0,0.0,20.6666667,22.076666666666664,63.5,0,5.1764362714980825,70.66250196097344,8,6,11,0.8660254037844387,-0.4999999999999998,-0.7818314824680299,0.6234898018587334,-0.5000000000000004,0.8660254037844384,0.0,0.0,0.0,21.5,47.5,100.0,76.0,16.3,13.597357,0.0,20.6,20.70555555,63.5,63.5,63.5,63.18333333333333,63.5,1.409999966666664,0.0,0.0213333333333309,22.055333333333333,22.18133333333333,20.6666667,22.052000000000003,11.405169,11.405169,11.405169,11.405169,11.43103,0,4.0,0,0.0,-0.34,7.4,92.6
2022-11-06 08:15:00,59.540118283334,0.0,0.0,20.70555555,22.18133333333333,63.5,0,5.1764362714980825,70.66250196097344,8,6,11,0.8660254037844387,-0.4999999999999998,-0.7818314824680299,0.6234898018587334,-0.5000000000000004,0.8660254037844384,9.25,2.3125,0.7708333333333334,20.15,46.875,100.0,76.75,16.375,13.671632,0.0,20.525,20.742592586666667,63.5,63.5,63.5,63.5,63.31666666666667,1.4757777833333314,0.0388888499999993,0.1046666666666666,22.076666666666664,22.229333333333333,20.67962965,22.104444444444443,11.43103,11.405169,11.405169,11.405169,11.422635,0,4.0,0,0.0,-0.33,7.3,92.7
2022-11-06 08:30:00,42.617184227774,0.0,0.0,20.742592586666667,22.229333333333333,63.31666666666667,0,5.1764362714980825,70.66250196097344,8,6,11,0.8660254037844387,-0.4999999999999998,-0.7818314824680299,0.6234898018587334,-0.5000000000000004,0.8660254037844384,18.5,6.9375,2.3125,18.8,46.25,100.0,77.5,16.450000000000003,13.744959,0.0,20.450000000000003,20.82777776,63.5,63.5,63.5,63.5,63.0,1.4867407466666656,0.0370370366666676,0.0480000000000018,22.18133333333333,22.51066666666667,20.70493827888889,22.162444444444443,11.422635,11.43103,11.405169,11.405169,11.421991,0,4.0,0,0.0,-0.32,7.2,92.8
2022-11-06 08:45:00,50.707971583334,0.0,0.0,20.82777776,22.51066666666667,63.0,0,5.1764362714980825,70.66250196097344,8,6,11,0.8660254037844387,-0.4999999999999998,-0.7818314824680299,0.6234898018587334,-0.5000000000000004,0.8660254037844384,27.75,13.875,4.625,17.450000000000003,45.625,100.0,78.25,16.525000000000002,13.817358,0.0,20.375,20.998148116666663,63.31666666666667,63.5,63.5,63.5,62.81666666666667,1.682888906666669,0.0851851733333326,0.2813333333333361,22.229333333333333,22.868,20.758641965555555,22.30711111111111,11.421991,11.422635,11.43103,11.405169,11.502126,0,4.0,0,0.0,-0.3,6.9,93.1
2022-11-06 09:00:00,47.443657744444,0.0,0.0,20.998148116666663,22.868,62.81666666666667,0,5.1764362714980825,70.66250196097344,9,6,11,0.7071067811865476,-0.7071067811865475,-0.7818314824680299,0.6234898018587334,-0.5000000000000004,0.8660254037844384,37.0,23.125,7.708333333333333,16.1,45.0,100.0,79.0,16.6,13.888825,0.0,20.3,21.188888870000003,63.0,63.31666666666667,63.5,63.5,62.15,1.8698518833333324,0.1703703566666661,0.3573333333333295,22.51066666666667,22.941333333333333,20.856172821111112,22.536,11.502126,11.421991,11.422635,11.43103,11.506782,0,4.0,0,0.0,-0.26,6.5,93.5
2022-11-06 09:15:00,42.513854894446,0.0,0.0,21.188888870000003,22.941333333333333,62.15,0,5.1764362714980825,70.66250196097344,9,6,11,0.7071067811865476,-0.7071067811865475,-0.7818314824680299,0.6234898018587334,-0.5000000000000004,0.8660254037844384,54.5,34.4375,12.25,14.725,44.1,100.0,81.0,16.825000000000003,14.136777,0.6,20.175,21.242592586666667,62.81666666666667,63.0,63.31666666666667,63.5,62.0,1.7524444633333296,0.1907407533333369,0.0733333333333341,22.868,23.034666666666663,21.00493824888889,22.77333333333333,11.506782,11.502126,11.421991,11.422635,11.514824,0,4.0,0,0.0,-0.22,6.0,94.0
2022-11-06 09:30:00,65.621264144436,0.0,0.0,21.242592586666667,23.034666666666663,62.0,0,5.1764362714980825,70.66250196097344,9,6,11,0.7071067811865476,-0.7071067811865475,-0.7818314824680299,0.6234898018587334,-0.5000000000000004,0.8660254037844384,72.0,47.8125,18.25,13.35,43.2,100.0,83.0,17.05,14.3802805,1.2,20.05,21.36111112,62.15,62.81666666666667,63.0,63.31666666666667,61.95,1.792074079999999,0.0537037166666642,0.0933333333333337,22.941333333333333,23.158666666666665,21.14320985777778,22.948,11.514824,11.506782,11.502126,11.421991,11.58485,0,4.0,0,0.0,-0.21,5.9,94.1
2022-11-06 09:45:00,62.933593572226,0.0,0.0,21.36111112,23.158666666666665,61.95,0,5.1764362714980825,70.66250196097344,9,6,11,0.7071067811865476,-0.7071067811865475,-0.7818314824680299,0.6234898018587334,-0.5000000000000004,0.8660254037844384,89.5,63.25,25.70833333333333,11.975,42.3,100.0,85.0,17.275,14.619381,1.8,19.925,21.461111086666666,62.0,62.15,62.81666666666667,63.0,61.53333333333333,1.7975555466666684,0.1185185333333294,0.1239999999999987,23.034666666666663,23.314,21.26419752555556,23.044888888888888,11.58485,11.514824,11.506782,11.502126,11.573769,0,4.0,0,0.0,-0.18,5.7,94.3
2022-11-06 10:00:00,47.157280166672,0.0,0.0,21.461111086666666,23.314,61.53333333333333,0,5.1764362714980825,70.66250196097344,10,6,11,0.4999999999999999,-0.8660254037844387,-0.7818314824680299,0.6234898018587334,-0.5000000000000004,0.8660254037844384,107.0,80.75,34.625,10.6,41.4,100.0,87.0,17.5,14.854121,2.4,19.8,21.588888880000003,61.95,62.0,62.15,62.81666666666667,61.15,1.8528889133333344,0.0999999666666688,0.1553333333333348,23.158666666666665,23.656,21.35493826444444,23.16911111111111,11.573769,11.58485,11.514824,11.506782,11.587025,0,4.0,0,0.0,-0.16,5.5,94.5
2022-11-06 10:15:00,50.096329350002,0.0,0.0,21.588888880000003,23.656,61.15,0,5.1764362714980825,70.66250196097344,10,6,11,0.4999999999999999,-0.8660254037844387,-0.7818314824680299,0.6234898018587334,-0.5000000000000004,0.8660254037844384,93.0,90.375,42.375,10.3,38.15,100.0,85.75,17.4,14.748376,1.7999999999999998,19.925,21.75555553,61.53333333333333,61.95,62.0,62.15,60.81666666666667,2.0671111199999963,0.1277777933333368,0.3419999999999987,23.314,23.944,21.470370362222223,23.37622222222222,11.587025,11.573769,11.58485,11.514824,11.635409,0,4.0,0,0.0,-0.13,5.4,94.6
2022-11-06 10:30:00,47.248387788888,0.0,0.0,21.75555553,23.944,60.81666666666667,0,5.1764362714980825,70.66250196097344,10,6,11,0.4999999999999999,-0.8660254037844387,-0.7818314824680299,0.6234898018587334,-0.5000000000000004,0.8660254037844384,79.0,92.125,48.958333333333336,10.0,34.9,100.0,84.5,17.3,14.640165,1.2,20.05,21.91111107,61.15,61.53333333333333,61.95,62.0,60.45,2.1884444700000003,0.1666666499999962,0.2880000000000002,23.656,24.008,21.601851832222223,23.637999999999995,11.635409,11.587025,11.573769,11.58485,11.669579,0,4.0,0,0.0,-0.09,5.2,94.8
2022-11-06 10:45:00,42.725790783338,0.0,0.0,21.91111107,24.008,60.45,0,5.1764362714980825,70.66250196097344,10,6,11,0.4999999999999999,-0.8660254037844387,-0.7818314824680299,0.6234898018587334,-0.5000000000000004,0.8660254037844384,65.0,86.0,54.375,9.7,31.65,100.0,83.25,17.200000000000003,14.529465,0.5999999999999999,20.175,22.00555552333333,60.81666666666667,61.15,61.53333333333333,61.95,60.03333333333333,2.0968889299999987,0.1555555400000017,0.064,23.944,24.258666666666667,21.751851826666663,23.86933333333333,11.669579,11.635409,11.587025,11.573769,11.652434,0,4.0,0,0.0,-0.06,5.1,94.9
2022-11-06 11:00:00,57.741579111112,0.0,0.0,22.00555552333333,24.258666666666667,60.03333333333333,0,5.1764362714980825,70.66250196097344,11,6,11,0.258819045102521,-0.9659258262890682,-0.7818314824680299,0.6234898018587334,-0.5000000000000004,0.8660254037844384,51.0,72.0,58.625,9.4,28.4,100.0,82.0,17.1,14.416248,0.0,20.3,22.19444443,60.45,60.81666666666667,61.15,61.53333333333333,59.6,2.253111143333335,0.094444453333331,0.2506666666666675,24.008,25.029333333333334,21.890740707777777,24.070222222222224,11.652434,11.669579,11.635409,11.587025,11.694887,0,4.0,0,0.0,-0.04,5.0,95.0
2022-11-06 11:15:00,63.29191272222,0.0,0.0,22.19444443,25.029333333333334,59.6,0,5.1764362714980825,70.66250196097344,11,6,11,0.258819045102521,-0.9659258262890682,-0.7818314824680299,0.6234898018587334,-0.5000000000000004,0.8660254037844384,125.75,80.1875,68.33333333333333,10.95,31.75,100.0,78.25,16.925,14.267286,0.0,20.925,22.274074093333333,60.03333333333333,60.45,60.81666666666667,61.15,59.03333333333333,2.8348889033333364,0.1888889066666657,0.770666666666667,24.258666666666667,24.999333333333333,22.03703700777778,24.432,11.694887,11.652434,11.669579,11.635409,11.636896,0,4.0,0,0.0,0.01,5.0,95.0
2022-11-06 11:30:00,55.013354994442,0.0,0.0,22.274074093333333,24.999333333333333,59.03333333333333,0,5.1764362714980825,70.66250196097344,11,6,11,0.258819045102521,-0.9659258262890682,-0.7818314824680299,0.6234898018587334,-0.5000000000000004,0.8660254037844384,200.5,110.5625,83.5,12.5,35.099999999999994,100.0,74.5,16.75,14.084933,0.0,21.55,22.2777778,59.6,60.03333333333333,60.45,60.81666666666667,59.0,2.72525924,0.0796296633333355,-0.0300000000000011,25.029333333333334,25.138666666666666,22.15802468222222,24.76244444444444,11.636896,11.694887,11.652434,11.669579,11.632807,0,4.0,0,0.0,0.02,5.0,95.0
2022-11-06 11:45:00,49.854394694442,0.0,0.0,22.2777778,25.138666666666666,59.0,0,5.1764362714980825,70.66250196097344,11,6,11,0.258819045102521,-0.9659258262890682,-0.7818314824680299,0.6234898018587334,-0.5000000000000004,0.8660254037844384,275.25,163.125,104.125,14.05,38.45,100.0,70.75,16.575,13.867244,0.0,22.175,22.338888886666663,59.03333333333333,59.6,60.03333333333333,60.45,58.81666666666667,2.8608888666666665,0.0037037066666663,0.1393333333333331,24.999333333333333,25.28666666666667,22.248765441111107,25.055777777777774,11.632807,11.636896,11.694887,11.652434,11.637486,0,4.0,0,0.0,0.02,5.0,95.0
2022-11-06 12:00:00,47.230055088892,0.0,0.0,22.338888886666663,25.28666666666667,58.81666666666667,0,5.1764362714980825,70.66250196097344,12,6,11,1.2246467991473532e-16,-1.0,-0.7818314824680299,0.6234898018587334,-0.5000000000000004,0.8660254037844384,350.0,237.875,130.20833333333334,15.6,41.8,100.0,67.0,16.4,13.612184,0.0,22.8,22.66111108,59.0,59.03333333333333,59.6,60.03333333333333,57.75,2.9477777800000027,0.061111086666667,0.1480000000000032,25.138666666666666,25.648000000000003,22.29691359333333,25.14155555555556,11.637486,11.632807,11.636896,11.694887,11.639846,0,4.0,0,0.0,0.04,5.0,95.0
2022-11-06 12:15:00,42.346083888888,0.0,0.0,22.66111108,25.648000000000003,57.75,0,5.1764362714980825,70.66250196097344,12,6,11,1.2246467991473532e-16,-1.0,-0.7818314824680299,0.6234898018587334,-0.5000000000000004,0.8660254037844384,354.75,295.125,155.22916666666666,17.425,44.225,83.75,66.5,16.275,13.529961,0.025,22.825,22.94999997333333,58.81666666666667,59.0,59.03333333333333,59.6,56.85,2.986888920000002,0.3222221933333351,0.3613333333333344,25.28666666666667,25.918,22.425925922222223,25.357777777777773,11.639846,11.637486,11.632807,11.636896,11.649668,0,4.0,0,0.0,0.11,5.3,94.7
2022-11-06 12:30:00,50.136605572222,0.0,0.0,22.94999997333333,25.918,56.85,0,5.1764362714980825,70.66250196097344,12,6,11,1.2246467991473532e-16,-1.0,-0.7818314824680299,0.6234898018587334,-0.5000000000000004,0.8660254037844384,359.5,334.875,179.1875,19.25,46.65,67.5,66.0,16.15,13.447476,0.05,22.85,23.027777800000003,57.75,58.81666666666667,59.0,59.03333333333333,56.5,2.968000026666669,0.2888888933333291,0.269999999999996,25.648000000000003,25.966666666666665,22.64999998,25.617555555555555,11.649668,11.639846,11.637486,11.632807,11.6295805,0,4.0,0,0.0,0.18,5.6,94.4
2022-11-06 12:45:00,62.50861072222,0.0,0.0,23.027777800000003,25.966666666666665,56.5,0,5.1764362714980825,70.66250196097344,12,6,11,1.2246467991473532e-16,-1.0,-0.7818314824680299,0.6234898018587334,-0.5000000000000004,0.8660254037844384,364.25,357.125,202.08333333333331,21.075,49.075,51.25,65.5,16.025,13.364719,0.075,22.875,22.95185181333333,56.85,57.75,58.81666666666667,59.0,56.5,2.9388888666666624,0.0777778266666722,0.0486666666666657,25.918,26.002666666666663,22.879629617777777,25.844222222222225,11.6295805,11.649668,11.639846,11.637486,11.579174,0,4.0,0,0.0,0.19,5.8,94.2
2022-11-06 13:00:00,58.228504116666,0.0,0.0,22.95185181333333,26.002666666666663,56.5,0,5.1764362714980825,70.66250196097344,13,6,11,-0.2588190451025208,-0.9659258262890684,-0.7818314824680299,0.6234898018587334,-0.5000000000000004,0.8660254037844384,369.0,361.875,223.91666666666663,22.9,51.5,35.0,65.0,15.9,13.281697,0.1,22.9,22.89999999,56.5,56.85,57.75,58.81666666666667,56.5,3.050814853333332,-0.0759259866666681,0.0360000000000013,25.966666666666665,25.828666666666667,22.976543195555557,25.96244444444444,11.579174,11.6295805,11.649668,11.639846,11.54486,0,4.0,0,0.0,0.17,5.6,94.4
2022-11-06 13:15:00,55.999704288892,0.0,0.0,22.89999999,25.828666666666667,56.5,0,5.1764362714980825,70.66250196097344,13,6,11,-0.2588190451025208,-0.9659258262890684,-0.7818314824680299,0.6234898018587334,-0.5000000000000004,0.8660254037844384,371.0,365.9375,247.08333333333331,21.7,51.95,32.75,65.0,15.925,13.281697,0.1,22.9,22.816666656666666,56.5,56.5,56.85,57.75,56.68333333333333,2.9286666766666656,-0.0518518233333331,-0.1739999999999995,26.002666666666663,26.288666666666664,22.959876534444447,25.932666666666663,11.54486,11.579174,11.6295805,11.649668,11.527175,0,4.0,0,0.0,0.16,5.5,94.5
2022-11-06 13:30:00,47.352272533332,0.0,0.0,22.816666656666666,26.288666666666664,56.68333333333333,0,5.1764362714980825,70.66250196097344,13,6,11,-0.2588190451025208,-0.9659258262890684,-0.7818314824680299,0.6234898018587334,-0.5000000000000004,0.8660254037844384,373.0,369.3125,271.5833333333333,20.5,52.4,30.5,65.0,15.95,13.281697,0.1,22.9,22.73333333,56.5,56.5,56.5,56.85,57.0,3.4720000099999986,-0.0833333333333357,0.4599999999999973,25.828666666666667,26.56066666666667,22.889506153333333,26.04,11.527175,11.54486,11.579174,11.6295805,11.536353,0,4.0,0,0.0,0.14,5.4,94.6
2022-11-06 13:45:00,42.339417538886,0.0,0.0,22.73333333,26.56066666666667,57.0,0,5.1764362714980825,70.66250196097344,13,6,11,-0.2588190451025208,-0.9659258262890684,-0.7818314824680299,0.6234898018587334,-0.5000000000000004,0.8660254037844384,375.0,372.0,297.4166666666667,19.3,52.85,28.25,65.0,15.975,13.281697,0.1,22.9,22.629629663333333,56.68333333333333,56.5,56.5,56.5,57.18333333333333,3.827333336666669,-0.0833333266666649,0.2720000000000055,26.288666666666664,26.089333333333336,22.81666665888889,26.226,11.536353,11.527175,11.54486,11.579174,11.504834,0,4.0,0,0.0,0.12,5.3,94.7
2022-11-06 14:00:00,49.862172216662,0.0,0.0,22.629629663333333,26.089333333333336,57.18333333333333,0,5.1764362714980825,70.66250196097344,14,6,11,-0.4999999999999997,-0.8660254037844388,-0.7818314824680299,0.6234898018587334,-0.5000000000000004,0.8660254037844384,377.0,374.0,324.5833333333333,18.1,53.3,26.0,65.0,16.0,13.281697,0.1,22.9,22.46666665,57.0,56.68333333333333,56.5,56.5,57.85,3.4597036700000032,-0.1037036666666679,-0.4713333333333338,26.56066666666667,26.058666666666667,22.72654321666667,26.31288888888889,11.504834,11.536353,11.527175,11.54486,11.530589,0,4.0,0,0.0,0.1,5.2,94.8
2022-11-06 14:15:00,53.607022366664,0.0,0.0,22.46666665,26.058666666666667,57.85,0,5.1764362714980825,70.66250196097344,14,6,11,-0.4999999999999997,-0.8660254037844388,-0.7818314824680299,0.6234898018587334,-0.5000000000000004,0.8660254037844384,373.25,374.5625,345.2083333333333,18.975,51.85,30.75,62.25,15.45,12.884538,0.075,23.125,22.32037035666667,57.18333333333333,57.0,56.68333333333333,56.5,58.18333333333333,3.5920000166666703,-0.1629630133333357,-0.0306666666666686,26.089333333333336,25.39733333333333,22.609876547777777,26.236222222222224,11.530589,11.504834,11.536353,11.527175,11.499924,0,4.0,0,0.0,0.06,5.1,94.9
2022-11-06 14:30:00,58.397386361106,0.0,0.0,22.32037035666667,25.39733333333333,58.18333333333333,0,5.1764362714980825,70.66250196097344,14,6,11,-0.4999999999999997,-0.8660254037844388,-0.7818314824680299,0.6234898018587334,-0.5000000000000004,0.8660254037844384,369.5,373.6875,359.2916666666667,19.85,50.4,35.5,59.5,14.9,12.474585,0.05,23.35,22.19444447,57.85,57.18333333333333,57.0,56.68333333333333,58.6,3.076962976666664,-0.1462962933333287,-0.6613333333333351,26.058666666666667,25.02733333333333,22.472222223333333,25.848444444444443,11.499924,11.530589,11.504834,11.536353,11.498664,0,4.0,0,0.0,0.03,5.0,95.0
2022-11-06 14:45:00,64.65824706666,0.0,0.0,22.19444447,25.02733333333333,58.6,0,5.1764362714980825,70.66250196097344,14,6,11,-0.4999999999999997,-0.8660254037844388,-0.7818314824680299,0.6234898018587334,-0.5000000000000004,0.8660254037844384,365.75,371.375,366.8333333333333,20.725,48.95,40.25,56.75,14.35,12.0516,0.0249999999999999,23.575,22.09444445666667,58.18333333333333,57.85,57.18333333333333,57.0,59.98333333333333,2.8328888633333342,-0.1259258866666677,-0.3699999999999974,25.39733333333333,23.586,22.32716049222222,25.494444444444444,11.498664,11.499924,11.530589,11.504834,11.702521,0,4.0,0,0.0,0.0,5.0,95.0
2022-11-06 15:00:00,47.425880655556,0.0,0.0,22.09444445666667,23.586,59.98333333333333,0,5.1764362714980825,70.66250196097344,15,6,11,-0.7071067811865471,-0.7071067811865479,-0.7818314824680299,0.6234898018587334,-0.5000000000000004,0.8660254037844384,362.0,367.625,367.8333333333333,21.6,47.5,45.0,54.0,13.8,11.615369,0.0,23.8,22.01111112,58.6,58.18333333333333,57.85,57.18333333333333,61.4,1.4915555433333303,-0.1000000133333323,-1.4413333333333362,25.02733333333333,22.208666666666662,22.20308642777778,24.670222222222225,11.702521,11.498664,11.499924,11.530589,11.92152,0,4.0,0,0.0,-0.01,5.0,95.0
2022-11-06 15:15:00,42.340250705558,0.0,0.0,22.01111112,22.208666666666662,61.4,0,5.1764362714980825,70.66250196097344,15,6,11,-0.7071067811865471,-0.7071067811865479,-0.7818314824680299,0.6234898018587334,-0.5000000000000004,0.8660254037844384,326.75,356.0,365.5,19.95,47.225,47.75,56.25,14.15,11.9114485,0.0,23.525,21.90740737,59.98333333333333,58.6,58.18333333333333,57.85,62.333333333333336,0.1975555466666634,-0.0833333366666657,-1.3773333333333326,23.586,21.91733333333333,22.100000015555555,23.60733333333333,11.92152,11.702521,11.498664,11.499924,12.030574,0,4.0,0,0.0,-0.03,5.0,95.0
2022-11-06 15:30:00,49.948001983334,0.0,0.0,21.90740737,21.91733333333333,62.333333333333336,0,5.1764362714980825,70.66250196097344,15,6,11,-0.7071067811865471,-0.7071067811865479,-0.7818314824680299,0.6234898018587334,-0.5000000000000004,0.8660254037844384,291.5,336.5,359.8333333333333,18.3,46.95,50.5,58.5,14.5,12.1951275,0.0,23.25,21.78888889,61.4,59.98333333333333,58.6,58.18333333333333,63.35,0.0099259633333339,-0.1037037500000046,-0.2913333333333341,22.208666666666662,21.87,22.004320982222225,22.570666666666664,12.030574,11.92152,11.702521,11.498664,12.143441,0,4.0,0,0.0,-0.04,5.0,95.0
2022-11-06 15:45:00,47.21700016111,0.0,0.0,21.78888889,21.87,63.35,0,5.1764362714980825,70.66250196097344,15,6,11,-0.7071067811865471,-0.7071067811865479,-0.7818314824680299,0.6234898018587334,-0.5000000000000004,0.8660254037844384,256.25,309.125,350.8333333333333,16.65,46.675,53.25,60.75,14.85,12.466676,0.0,22.975,21.705555556666663,62.333333333333336,61.4,59.98333333333333,58.6,63.68333333333333,0.0811111100000019,-0.1185184799999987,-0.0473333333333307,21.91733333333333,21.730666666666668,21.90246912666667,21.998666666666665,12.143441,12.030574,11.92152,11.702521,12.148713,0,4.0,0,0.0,-0.07,5.1,94.9
2022-11-06 16:00:00,56.724675522216,0.0,0.0,21.705555556666663,21.730666666666668,63.68333333333333,0,5.1764362714980825,70.66250196097344,16,6,11,-0.8660254037844385,-0.5000000000000004,-0.7818314824680299,0.6234898018587334,-0.5000000000000004,0.8660254037844384,221.0,273.875,338.5,15.0,46.4,56.0,63.0,15.2,12.726362,0.0,22.7,21.62222223,63.35,62.333333333333336,61.4,59.98333333333333,64.4,0.0251111100000045,-0.0833333333333357,-0.1393333333333331,21.87,21.590666666666667,21.800617272222222,21.83933333333333,12.148713,12.143441,12.030574,11.92152,12.2263975,0,4.0,0,0.0,-0.09,5.2,94.8
2022-11-06 16:15:00,65.552100127774,0.0,0.0,21.62222223,21.590666666666667,64.4,0,5.1764362714980825,70.66250196097344,16,6,11,-0.8660254037844385,-0.5000000000000004,-0.7818314824680299,0.6234898018587334,-0.5000000000000004,0.8660254037844384,192.25,240.25,323.6041666666667,15.0,43.075,49.0,63.75,15.3,12.785851,0.0,22.575,21.53888891333333,63.68333333333333,63.35,62.333333333333336,61.4,64.96666666666667,-0.031555563333331,-0.0833333266666649,-0.1400000000000005,21.730666666666668,21.348000000000003,21.70555555888889,21.730444444444444,12.2263975,12.148713,12.143441,12.030574,12.274674,0,4.0,0,0.0,-0.1,5.2,94.8
2022-11-06 16:30:00,53.311200816666,0.0,0.0,21.53888891333333,21.348000000000003,64.96666666666667,0,5.1764362714980825,70.66250196097344,16,6,11,-0.8660254037844385,-0.5000000000000004,-0.7818314824680299,0.6234898018587334,-0.5000000000000004,0.8660254037844384,163.5,208.25,306.1458333333333,15.0,39.75,42.0,64.5,15.4,12.843754,0.0,22.45,21.46111108,64.4,63.68333333333333,63.35,62.333333333333336,65.35,-0.1908889133333318,-0.0833333166666641,-0.2426666666666648,21.590666666666667,21.280000000000005,21.62222223333333,21.55644444444444,12.274674,12.2263975,12.148713,12.143441,12.291642,0,4.0,0,0.0,-0.12,5.3,94.7
2022-11-06 16:45:00,42.44080238333,0.0,0.0,21.46111108,21.280000000000005,65.35,0,5.1764362714980825,70.66250196097344,16,6,11,-0.8660254037844385,-0.5000000000000004,-0.7818314824680299,0.6234898018587334,-0.5000000000000004,0.8660254037844384,134.75,177.875,286.125,15.0,36.425,35.0,65.25,15.5,12.900082,0.0,22.325,21.42407405,64.96666666666667,64.4,63.68333333333333,63.35,65.68333333333334,-0.1811110799999973,-0.0777778333333323,-0.0679999999999978,21.348000000000003,21.284,21.54074074111111,21.406222222222222,12.291642,12.274674,12.2263975,12.148713,12.327875,0,4.0,0,0.0,-0.14,5.4,94.6
2022-11-06 17:00:00,50.478536327778,0.0,0.0,21.42407405,21.284,65.68333333333334,0,5.1764362714980825,70.66250196097344,17,6,11,-0.9659258262890684,-0.2588190451025206,-0.7818314824680299,0.6234898018587334,-0.5000000000000004,0.8660254037844384,106.0,149.125,263.5416666666667,15.0,33.1,28.0,66.0,15.6,12.954859,0.0,22.2,21.34999998,65.35,64.96666666666667,64.4,63.68333333333333,65.7,-0.140074049999999,-0.037037030000004,0.0039999999999942,21.280000000000005,21.216666666666665,21.474691347777775,21.304,12.327875,12.291642,12.274674,12.2263975,12.278207,0,4.0,0,0.0,-0.14,5.4,94.6
2022-11-06 17:15:00,47.197834361106,0.0,0.0,21.34999998,21.216666666666665,65.7,0,5.1764362714980825,70.66250196097344,17,6,11,-0.9659258262890684,-0.2588190451025206,-0.7818314824680299,0.6234898018587334,-0.5000000000000004,0.8660254037844384,85.5,122.4375,239.5625,13.875,32.575,43.75,67.75,15.6,12.995203,0.0,21.8,21.3333333,65.68333333333334,65.35,64.96666666666667,64.4,65.96666666666667,-0.1333333133333347,-0.0740740699999982,-0.0673333333333339,21.284,20.92666666666667,21.41172837,21.26022222222222,12.278207,12.327875,12.291642,12.274674,12.31614,0,4.0,0,0.0,-0.16,5.5,94.5
2022-11-06 17:30:00,49.598571527778,0.0,0.0,21.3333333,20.92666666666667,65.96666666666667,0,5.1764362714980825,70.66250196097344,17,6,11,-0.9659258262890684,-0.2588190451025206,-0.7818314824680299,0.6234898018587334,-0.5000000000000004,0.8660254037844384,65.0,97.8125,214.1875,12.75,32.05,59.5,69.5,15.6,13.026038,0.0,21.4,21.28888889,65.7,65.68333333333334,65.35,64.96666666666667,65.65,-0.4066666333333302,-0.0166666800000001,-0.2899999999999956,21.216666666666665,20.44066666666667,21.369135776666667,21.142444444444447,12.31614,12.278207,12.327875,12.291642,12.225488,0,4.0,0,0.0,-0.16,5.6,94.4
2022-11-06 17:45:00,66.360123272222,0.0,0.0,21.28888889,20.44066666666667,65.65,0,5.1764362714980825,70.66250196097344,17,6,11,-0.9659258262890684,-0.2588190451025206,-0.7818314824680299,0.6234898018587334,-0.5000000000000004,0.8660254037844384,44.5,75.25,187.41666666666663,11.625,31.525,75.25,71.25,15.6,13.047728,0.0,21.0,21.225925906666667,65.96666666666667,65.7,65.68333333333334,65.35,65.68333333333334,-0.8482222233333303,-0.0444444100000005,-0.4860000000000006,20.92666666666667,21.366,21.324074056666664,20.86133333333333,12.225488,12.31614,12.278207,12.327875,12.187119,0,4.0,0,0.0,-0.18,5.6,94.4
2022-11-06 18:00:00,60.598687138886,0.0,0.0,21.225925906666667,21.366,65.68333333333334,0,5.1764362714980825,70.66250196097344,18,6,11,-1.0,-1.8369701987210294e-16,-0.7818314824680299,0.6234898018587334,-0.5000000000000004,0.8660254037844384,24.0,54.75,159.25,10.5,31.0,91.0,73.0,15.6,13.060619,0.0,20.6,21.21666665,65.65,65.96666666666667,65.7,65.68333333333334,66.05,0.1400740933333324,-0.0629629833333318,0.9253333333333308,20.44066666666667,20.37133333333333,21.282716032222226,20.91111111111111,12.187119,12.225488,12.31614,12.278207,12.24857,0,4.0,0,0.0,-0.19,5.8,94.2
2022-11-06 18:15:00,42.536631899996,0.0,0.0,21.21666665,20.37133333333333,66.05,0,5.1764362714980825,70.66250196097344,18,6,11,-1.0,-1.8369701987210294e-16,-0.7818314824680299,0.6234898018587334,-0.5000000000000004,0.8660254037844384,18.0,37.875,133.52083333333334,11.325,32.25,93.25,78.5,15.975,13.521216,1.55,19.950000000000003,21.170370400000003,65.68333333333334,65.65,65.96666666666667,65.7,66.28333333333333,-0.8453333166666681,-0.0092592566666667,-0.9946666666666673,21.366,19.00733333333333,21.243827148888887,20.726,12.24857,12.187119,12.225488,12.31614,12.258871,0,4.0,0,0.0,-0.19,5.8,94.2
2022-11-06 18:30:00,50.290488449994,0.0,0.0,21.170370400000003,19.00733333333333,66.28333333333333,0,5.1764362714980825,70.66250196097344,18,6,11,-1.0,-1.8369701987210294e-16,-0.7818314824680299,0.6234898018587334,-0.5000000000000004,0.8660254037844384,12.0,24.625,110.22916666666669,12.15,33.5,95.5,84.0,16.35,13.926641,3.1,19.3,21.12777778,66.05,65.68333333333334,65.65,65.96666666666667,65.65,-2.163037066666668,-0.0462962499999974,-1.3639999999999972,20.37133333333333,18.42533333333333,21.20432098555556,20.24822222222222,12.258871,12.24857,12.187119,12.225488,12.111761,0,4.0,0,0.0,-0.2,5.8,94.2
2022-11-06 18:45:00,47.535043072218,0.0,0.0,21.12777778,18.42533333333333,65.65,0,5.1764362714980825,70.66250196097344,18,6,11,-1.0,-1.8369701987210294e-16,-0.7818314824680299,0.6234898018587334,-0.5000000000000004,0.8660254037844384,6.0,15.0,89.375,12.975,34.75,97.75,89.5,16.725,14.279935,4.65,18.65,21.09074075,66.28333333333333,66.05,65.68333333333334,65.65,65.31666666666666,-2.7024444466666644,-0.0425926200000041,-0.5820000000000007,19.00733333333333,17.366666666666667,21.17160494333333,19.268,12.111761,12.258871,12.24857,12.187119,12.0243845,0,4.0,0,0.0,-0.22,6.0,94.0
2022-11-06 19:00:00,42.802732338886,0.0,0.0,21.09074075,17.366666666666667,65.31666666666666,0,5.1764362714980825,70.66250196097344,19,6,11,-0.9659258262890684,0.2588190451025203,-0.7818314824680299,0.6234898018587334,-0.5000000000000004,0.8660254037844384,0.0,9.0,70.95833333333333,13.8,36.0,100.0,95.0,17.1,14.5840225,6.2,18.0,21.05000004,65.65,66.28333333333333,66.05,65.68333333333334,64.95,-3.724074083333335,-0.0370370299999969,-1.0586666666666673,18.42533333333333,16.71933333333333,21.12962964333333,18.26644444444444,12.0243845,12.111761,12.258871,12.24857,11.92863,0,4.0,0,0.0,-0.23,6.1,93.9
2022-11-06 19:15:00,72.361827594446,0.0,0.0,21.05000004,16.71933333333333,64.95,0,5.1764362714980825,70.66250196097344,19,6,11,-0.9659258262890684,0.2588190451025203,-0.7818314824680299,0.6234898018587334,-0.5000000000000004,0.8660254037844384,0.0,4.5,54.9375,13.875,36.175,100.0,94.75,17.025000000000002,14.502436,5.875,17.95,21.003703706666663,65.31666666666666,65.65,66.28333333333333,66.05,64.53333333333333,-4.330666706666669,-0.0407407100000014,-0.6473333333333358,17.366666666666667,16.168,21.08950619,17.503777777777778,11.92863,12.0243845,12.111761,12.258871,11.820277,0,4.0,0,0.0,-0.24,6.2,93.8
2022-11-06 19:30:00,430.901096749994,0.0,0.0,21.003703706666663,16.168,64.53333333333333,0,5.1764362714980825,70.66250196097344,19,6,11,-0.9659258262890684,0.2588190451025203,-0.7818314824680299,0.6234898018587334,-0.5000000000000004,0.8660254037844384,0.0,1.5,41.3125,13.95,36.35,100.0,94.5,16.950000000000003,14.421189,5.550000000000001,17.9,20.99444444,64.95,65.31666666666666,65.65,66.28333333333333,64.1,-4.835703706666667,-0.0462963333333341,-0.5513333333333321,16.71933333333333,15.962666666666667,21.04814816555556,16.75133333333333,11.820277,11.92863,12.0243845,12.111761,11.734588,0,4.0,0,0.0,-0.25,6.3,93.7
2022-11-06 19:45:00,215.437215383338,0.0,0.0,20.99444444,15.962666666666667,64.1,0,5.1764362714980825,70.66250196097344,19,6,11,-0.9659258262890684,0.2588190451025203,-0.7818314824680299,0.6234898018587334,-0.5000000000000004,0.8660254037844384,0.0,0.0,30.08333333333333,14.025,36.525000000000006,100.0,94.25,16.875,14.3402815,5.2250000000000005,17.85,20.948148106666665,64.53333333333333,64.95,65.31666666666666,65.65,63.35,-5.031777773333332,-0.0092592666666675,-0.205333333333332,16.168,15.630666666666666,21.016049395555555,16.28333333333333,11.734588,11.820277,11.92863,12.0243845,11.566127,0,4.0,0,0.0,-0.26,6.4,93.6
2022-11-06 20:00:00,55.366951933332,0.0,0.0,20.948148106666665,15.630666666666666,63.35,0,5.1764362714980825,70.66250196097344,20,6,11,-0.8660254037844386,0.5000000000000001,-0.7818314824680299,0.6234898018587334,-0.5000000000000004,0.8660254037844384,0.0,0.0,21.25,14.1,36.7,100.0,94.0,16.8,14.259709,4.9,17.8,20.89999999,64.1,64.53333333333333,64.95,65.31666666666666,62.6,-5.317481439999998,-0.0462963333333341,-0.3320000000000007,15.962666666666667,15.408666666666669,20.98209875111111,15.920444444444442,11.566127,11.734588,11.820277,11.92863,11.397249,0,4.0,0,0.0,-0.27,6.6,93.4
2022-11-06 20:15:00,376.56354793889,0.0,0.0,20.89999999,15.408666666666669,62.6,0,5.1764362714980825,70.66250196097344,20,6,11,-0.8660254037844386,0.5000000000000001,-0.7818314824680299,0.6234898018587334,-0.5000000000000004,0.8660254037844384,0.0,0.0,14.125,14.8,38.6,99.75,95.5,16.725,14.230311,5.6000000000000005,17.5,20.837037006666662,63.35,64.1,64.53333333333333,64.95,62.03333333333333,-5.491333323333334,-0.0481481166666633,-0.2219999999999995,15.630666666666666,15.247333333333334,20.94753084555555,15.667333333333332,11.397249,11.566127,11.734588,11.820277,11.252794,0,4.0,0,0.0,-0.29,6.7,93.3
2022-11-06 20:30:00,1242.29169526111,0.0,0.0,20.837037006666662,15.247333333333334,62.03333333333333,0,5.1764362714980825,70.66250196097344,20,6,11,-0.8660254037844386,0.5000000000000001,-0.7818314824680299,0.6234898018587334,-0.5000000000000004,0.8660254037844384,0.0,0.0,8.708333333333334,15.5,40.5,99.5,97.0,16.65,14.196867,6.300000000000001,17.200000000000003,20.8333333,62.6,63.35,64.1,64.53333333333333,62.0,-5.589703673333332,-0.0629629833333353,-0.1613333333333333,15.408666666666669,14.910666666666666,20.89506170111111,15.428888888888888,11.252794,11.397249,11.566127,11.734588,11.244325,0,4.0,0,0.0,-0.31,7.0,93.0
2022-11-06 20:45:00,1251.61882216111,0.0,0.0,20.8333333,14.910666666666666,62.0,0,5.1764362714980825,70.66250196097344,20,6,11,-0.8660254037844386,0.5000000000000001,-0.7818314824680299,0.6234898018587334,-0.5000000000000004,0.8660254037844384,0.0,0.0,5.0,16.2,42.4,99.25,98.5,16.575,14.159515,7.0,16.900000000000002,20.81296295,62.03333333333333,62.6,63.35,64.1,61.81666666666667,-5.922666633333334,-0.0037037066666663,-0.3366666666666678,15.247333333333334,14.829333333333333,20.85679009888889,15.188888888888888,11.244325,11.252794,11.397249,11.566127,11.197799,0,4.0,0,0.0,-0.31,7.0,93.0
2022-11-06 21:00:00,1245.480178899996,0.0,0.0,20.81296295,14.829333333333333,61.81666666666667,0,5.1764362714980825,70.66250196097344,21,6,11,-0.7071067811865477,0.7071067811865474,-0.7818314824680299,0.6234898018587334,-0.5000000000000004,0.8660254037844384,0.0,0.0,3.0,16.9,44.3,99.0,100.0,16.5,14.118378,7.7,16.6,20.7777778,62.0,62.03333333333333,62.6,63.35,61.5,-5.983629616666667,-0.0203703500000003,-0.0813333333333332,14.910666666666666,14.542,20.82777775222222,14.995777777777777,11.197799,11.244325,11.252794,11.397249,11.117647,0,4.0,0,0.0,-0.32,7.1,92.9
2022-11-06 21:15:00,1085.18797974444,0.0,0.0,20.7777778,14.542,61.5,0,5.1764362714980825,70.66250196097344,21,6,11,-0.7071067811865477,0.7071067811865474,-0.7818314824680299,0.6234898018587334,-0.5000000000000004,0.8660254037844384,0.0,0.0,1.5,15.825,43.4,98.5,98.75,16.45,14.047065,6.075,16.725,20.757407413333333,61.81666666666667,62.0,62.03333333333333,62.6,61.31666666666667,-6.235777799999999,-0.0351851500000002,-0.2873333333333328,14.829333333333333,14.384,20.808024683333333,14.760666666666664,11.117647,11.197799,11.244325,11.252794,11.071368,0,4.0,0,0.0,-0.33,7.2,92.8
2022-11-06 21:30:00,54.766420455552,0.0,0.0,20.757407413333333,14.384,61.31666666666667,0,5.1764362714980825,70.66250196097344,21,6,11,-0.7071067811865477,0.7071067811865474,-0.7818314824680299,0.6234898018587334,-0.5000000000000004,0.8660254037844384,0.0,0.0,0.5,14.75,42.5,98.0,97.5,16.4,13.973765,4.45,16.85,20.71666665,61.5,61.81666666666667,62.0,62.03333333333333,61.0,-6.373407413333334,-0.0203703866666664,-0.1580000000000012,14.542,14.313333333333333,20.78271605444445,14.58511111111111,11.071368,11.117647,11.197799,11.244325,10.988097,0,4.0,0,0.0,-0.33,7.3,92.7
2022-11-06 21:45:00,53.572857216658,0.0,0.0,20.71666665,14.313333333333333,61.0,0,5.1764362714980825,70.66250196097344,21,6,11,-0.7071067811865477,0.7071067811865474,-0.7818314824680299,0.6234898018587334,-0.5000000000000004,0.8660254037844384,0.0,0.0,0.0,13.675,41.6,97.5,96.25,16.35,13.898462,2.825,16.975,20.670370400000003,61.31666666666667,61.5,61.81666666666667,62.0,61.0,-6.403333316666668,-0.0407407633333321,-0.0706666666666659,14.384,14.367333333333333,20.75061728777777,14.413111111111109,10.988097,11.071368,11.117647,11.197799,10.9585085,0,4.0,0,0.0,-0.34,7.5,92.5
2022-11-06 22:00:00,58.456550527778,0.0,0.0,20.670370400000003,14.367333333333333,61.0,0,5.1764362714980825,70.66250196097344,22,6,11,-0.5000000000000004,0.8660254037844384,-0.7818314824680299,0.6234898018587334,-0.5000000000000004,0.8660254037844384,0.0,0.0,0.0,12.6,40.7,97.0,95.0,16.3,13.821131,1.2,17.1,20.6666667,61.0,61.31666666666667,61.5,61.81666666666667,61.35,-6.30303706666667,-0.0462962499999974,0.0540000000000002,14.313333333333333,14.528666666666668,20.71481482111112,14.354888888888889,10.9585085,10.988097,11.071368,11.117647,11.01901,0,4.0,0,0.0,-0.36,7.6,92.4
2022-11-06 22:15:00,67.417025644436,0.0,0.0,20.6666667,14.528666666666668,61.35,0,5.1764362714980825,70.66250196097344,22,6,11,-0.5000000000000004,0.8660254037844384,-0.7818314824680299,0.6234898018587334,-0.5000000000000004,0.8660254037844384,0.0,0.0,0.0,12.025,38.0,85.75,95.0,16.25,13.779785,0.925,17.05,20.6666667,61.0,61.0,61.31666666666667,61.5,61.31666666666667,-6.138000033333332,-0.0037037000000026,0.1613333333333351,14.367333333333333,14.553333333333336,20.684567916666666,14.403111111111109,11.01901,10.9585085,10.988097,11.071368,11.013021,0,4.0,0,0.0,-0.35,7.6,92.4
2022-11-06 22:30:00,64.31270522222,0.0,0.0,20.6666667,14.553333333333336,61.31666666666667,0,5.1764362714980825,70.66250196097344,22,6,11,-0.5000000000000004,0.8660254037844384,-0.7818314824680299,0.6234898018587334,-0.5000000000000004,0.8660254037844384,0.0,0.0,0.0,11.45,35.3,74.5,95.0,16.200000000000003,13.7385435,0.65,17.0,20.62777778,61.35,61.0,61.0,61.31666666666667,61.0,-6.113333366666666,0.0,0.0246666666666666,14.528666666666668,14.43,20.66790126666667,14.483111111111109,11.013021,11.01901,10.9585085,10.988097,10.931351,0,4.0,0,0.0,-0.35,7.6,92.4
2022-11-06 22:45:00,105.872431716662,0.0,0.0,20.62777778,14.43,61.0,0,5.1764362714980825,70.66250196097344,22,6,11,-0.5000000000000004,0.8660254037844384,-0.7818314824680299,0.6234898018587334,-0.5000000000000004,0.8660254037844384,0.0,0.0,0.0,10.875,32.6,63.25,95.0,16.150000000000002,13.697409,0.3750000000000001,16.95,20.59074075,61.31666666666667,61.35,61.0,61.0,61.0,-6.197777779999999,-0.0388889200000015,-0.1233333333333348,14.553333333333336,14.607333333333337,20.653703726666667,14.504,10.931351,11.013021,11.01901,10.9585085,10.907781,0,4.0,0,0.0,-0.37,7.8,92.2
2022-11-06 23:00:00,145.358629822224,0.0,0.0,20.59074075,14.607333333333337,61.0,0,5.1764362714980825,70.66250196097344,23,6,11,-0.2588190451025215,0.965925826289068,-0.7818314824680299,0.6234898018587334,-0.5000000000000004,0.8660254037844384,0.0,0.0,0.0,10.3,29.9,52.0,95.0,16.1,13.656384,0.1,16.9,20.590873025,61.0,61.31666666666667,61.35,61.0,61.0,-5.983407416666667,-0.0370370299999969,0.1773333333333351,14.43,14.623571428571427,20.628395076666667,14.53022222222222,10.907781,10.931351,11.013021,11.01901,10.907864,0,4.0,0,0.0,-0.37,7.9,92.1
2022-11-06 23:15:00,57.688525766664,0.0,0.0,20.590873025,14.623571428571427,61.0,0,5.1764362714980825,70.66250196097344,23,6,11,-0.2588190451025215,0.965925826289068,-0.7818314824680299,0.6234898018587334,-0.5000000000000004,0.8660254037844384,0.0,0.0,0.0,10.825,28.275,49.75,95.0,16.05,13.63591,0.075,16.875,20.5592593,61.0,61.0,61.31666666666667,61.35,61.0,-5.967301596428573,0.0001322749999985,0.0162380952380924,14.607333333333337,14.830666666666668,20.603130518333334,14.55363492063492,10.907864,10.907781,10.931351,11.013021,10.887779,0,4.0,0,0.0,-0.37,7.9,92.1
2022-11-06 23:30:00,62.082794355556,0.0,0.0,20.5592593,14.830666666666668,61.0,0,5.1764362714980825,70.66250196097344,23,6,11,-0.2588190451025215,0.965925826289068,-0.7818314824680299,0.6234898018587334,-0.5000000000000004,0.8660254037844384,0.0,0.0,0.0,11.35,26.65,47.5,95.0,16.0,13.615462,0.05,16.85,20.5555556,61.0,61.0,61.0,61.31666666666667,61.35,-5.728592633333333,-0.0316137249999997,0.2070952380952402,14.623571428571427,14.784666666666668,20.580291025,14.687190476190477,10.887779,10.907864,10.907781,10.931351,10.947887,0,4.0,0,0.0,-0.38,8.0,92.0
2022-11-06 23:45:00,70.84438836111,0.0,0.0,20.5555556,14.784666666666668,61.35,0,5.1764362714980825,70.66250196097344,23,6,11,-0.2588190451025215,0.965925826289068,-0.7818314824680299,0.6234898018587334,-0.5000000000000004,0.8660254037844384,0.0,0.0,0.0,11.875,25.025,45.25,95.0,15.95,13.595043,0.0249999999999999,16.825,20.533730185714287,61.0,61.0,61.0,61.0,61.30357142857143,-5.7708889333333335,-0.003703699999999,-0.0459999999999993,14.830666666666668,14.657857142857145,20.56856264166667,14.746301587301588,10.947887,10.887779,10.907864,10.907781,10.925688,0,4.0,0,0.0,-0.38,8.0,92.0
2022-11-07 00:00:00,82.884740111108,0.0,0.0,20.533730185714287,14.657857142857145,61.30357142857143,0,5.1764362714980825,70.66250196097344,0,0,11,0.0,1.0,0.0,1.0,-0.5000000000000004,0.8660254037844384,0.0,0.0,0.0,12.4,23.4,43.0,95.0,15.9,13.574652,0.0,16.8,20.5,61.35,61.0,61.0,61.0,61.05,-5.875873042857144,-0.0218254142857148,-0.1268095238095252,14.784666666666668,14.470666666666666,20.54951502857143,14.75773015873016,10.925688,10.947887,10.887779,10.907864,10.859114,0,4.0,0,0.0,-0.39,8.1,91.9
2022-11-07 00:15:00,75.061997433332,0.0,0.0,20.5,14.470666666666666,61.05,0,5.1764362714980825,70.66250196097344,0,0,11,0.0,1.0,0.0,1.0,-0.5000000000000004,0.8660254037844384,0.0,0.0,0.0,12.4,23.5,36.75,94.75,15.85,13.518612,0.0,16.775,20.5,61.30357142857143,61.35,61.0,61.0,61.46666666666667,-6.029333333333334,-0.0337301857142868,-0.1871904761904765,14.657857142857145,14.624,20.52976192857143,14.63773015873016,10.859114,10.925688,10.947887,10.887779,10.933229,0,4.0,0,0.0,-0.4,8.3,91.7
2022-11-07 00:30:00,71.079656716666,0.0,0.0,20.5,14.624,61.46666666666667,0,5.1764362714980825,70.66250196097344,0,0,11,0.0,1.0,0.0,1.0,-0.5000000000000004,0.8660254037844384,0.0,0.0,0.0,12.4,23.6,30.5,94.5,15.8,13.462711,0.0,16.75,20.5,61.05,61.30357142857143,61.35,61.0,61.5,-5.876,0.0,0.1533333333333342,14.470666666666666,14.858666666666666,20.511243395238097,14.584174603174604,10.933229,10.859114,10.925688,10.947887,10.9391575,0,4.0,0,0.0,-0.39,8.2,91.8
2022-11-07 00:45:00,72.052395688884,0.0,0.0,20.5,14.858666666666666,61.5,0,5.1764362714980825,70.66250196097344,0,0,11,0.0,1.0,0.0,1.0,-0.5000000000000004,0.8660254037844384,0.0,0.0,0.0,12.4,23.7,24.25,94.25,15.75,13.406945,0.0,16.725,20.5,61.46666666666667,61.05,61.30357142857143,61.35,61.72916666666666,-5.641333333333334,0.0,0.2346666666666657,14.624,15.035000000000002,20.5,14.651111111111112,10.9391575,10.933229,10.859114,10.925688,10.97992,0,4.0,0,0.0,-0.39,8.2,91.8
2022-11-07 01:00:00,53.936731394442,0.0,0.0,20.5,15.035000000000002,61.72916666666666,0,5.1764362714980825,70.66250196097344,1,0,11,0.2588190451025207,0.9659258262890684,0.0,1.0,-0.5000000000000004,0.8660254037844384,0.0,0.0,0.0,12.4,23.8,18.0,94.0,15.7,13.351307,0.0,16.7,20.49444444,61.5,61.46666666666667,61.05,61.30357142857143,62.0,-5.464999999999998,0.0,0.1763333333333356,14.858666666666666,15.103333333333332,20.5,14.83922222222222,10.97992,10.9391575,10.933229,10.859114,11.024518,0,4.0,0,0.0,-0.39,8.2,91.8
2022-11-07 01:15:00,72.634316877772,0.0,0.0,20.49444444,15.103333333333332,62.0,0,5.1764362714980825,70.66250196097344,1,0,11,0.2588190451025207,0.9659258262890684,0.0,1.0,-0.5000000000000004,0.8660254037844384,0.0,0.0,0.0,11.925,23.8,19.0,94.25,15.6,13.2666025,0.0,16.55,20.448148106666665,61.72916666666666,61.5,61.46666666666667,61.05,62.0,-5.391111106666667,-0.0055555600000012,0.0683333333333298,15.035000000000002,14.93,20.498148146666665,14.998999999999995,11.024518,10.97992,10.9391575,10.933229,10.994782,0,4.0,0,0.0,-0.39,8.2,91.8
2022-11-07 01:30:00,72.720146694442,0.0,0.0,20.448148106666665,14.93,62.0,0,5.1764362714980825,70.66250196097344,1,0,11,0.2588190451025207,0.9659258262890684,0.0,1.0,-0.5000000000000004,0.8660254037844384,0.0,0.0,0.0,11.45,23.8,20.0,94.5,15.5,13.182205,0.0,16.4,20.4444444,62.0,61.72916666666666,61.5,61.46666666666667,62.0,-5.518148106666663,-0.0462963333333341,-0.1733333333333302,15.103333333333332,14.854666666666668,20.48086418222222,15.022777777777776,10.994782,11.024518,10.97992,10.9391575,10.992404,0,4.0,0,0.0,-0.4,8.4,91.6
2022-11-07 01:45:00,63.143862944448,0.0,0.0,20.4444444,14.854666666666668,62.0,0,5.1764362714980825,70.66250196097344,1,0,11,0.2588190451025207,0.9659258262890684,0.0,1.0,-0.5000000000000004,0.8660254037844384,0.0,0.0,0.0,10.975,23.8,21.0,94.75,15.4,13.098108,0.0,16.25,20.4444444,62.0,62.0,61.72916666666666,61.5,61.81666666666667,-5.589777733333332,-0.0037037066666663,-0.0753333333333348,14.93,14.853333333333332,20.46234564888889,14.962666666666664,10.992404,10.994782,11.024518,10.97992,10.9599,0,4.0,0,0.0,-0.4,8.4,91.6
2022-11-07 02:00:00,58.593767305554,0.0,0.0,20.4444444,14.853333333333332,61.81666666666667,0,5.1764362714980825,70.66250196097344,2,0,11,0.4999999999999999,0.8660254037844387,0.0,1.0,-0.5000000000000004,0.8660254037844384,0.0,0.0,0.0,10.5,23.8,22.0,95.0,15.3,13.014316,0.0,16.1,20.43888885,62.0,62.0,62.0,61.72916666666666,61.45,-5.591111066666665,0.0,-0.0013333333333331,14.854666666666668,14.898666666666664,20.445678968888885,14.879333333333332,10.9599,10.992404,10.994782,11.024518,10.891358,0,4.0,0,0.0,-0.41,8.4,91.6
2022-11-07 02:15:00,366.019525366664,0.0,0.0,20.43888885,14.898666666666664,61.45,0,5.1764362714980825,70.66250196097344,2,0,11,0.4999999999999999,0.8660254037844387,0.0,1.0,-0.5000000000000004,0.8660254037844384,0.0,0.0,0.0,9.975,22.8,24.75,95.5,15.15,12.9061,0.025,15.875,20.3939394,61.81666666666667,62.0,62.0,62.0,61.04545454545455,-5.540222183333336,-0.0055555499999968,0.0453333333333318,14.853333333333332,15.147272727272728,20.44259255,14.868888888888888,10.891358,10.9599,10.992404,10.994782,10.79131,0,4.0,0,0.0,-0.41,8.5,91.5
2022-11-07 02:30:00,31.777062183334,0.0,0.0,20.3939394,15.147272727272728,61.04545454545455,0,5.1764362714980825,70.66250196097344,2,0,11,0.4999999999999999,0.8660254037844387,0.0,1.0,-0.5000000000000004,0.8660254037844384,0.0,0.0,0.0,9.45,21.8,27.5,96.0,15.0,12.798118,0.05,15.65,20.34871792769231,61.45,61.81666666666667,62.0,62.0,61.0,-5.246666672727272,-0.0449494500000007,0.2486060606060629,14.898666666666664,15.548461538461538,20.42575755,14.96642424242424,10.79131,10.891358,10.9599,10.992404,10.754842,0,4.0,0,0.0,-0.42,8.7,91.3
2022-11-07 02:45:00,48.349177138886,0.0,0.0,20.34871792769231,15.548461538461538,61.0,0,5.1764362714980825,70.66250196097344,2,0,11,0.4999999999999999,0.8660254037844387,0.0,1.0,-0.5000000000000004,0.8660254037844384,0.0,0.0,0.0,8.925,20.8,30.25,96.5,14.85,12.690389,0.075,15.425,20.3333333,61.04545454545455,61.45,61.81666666666667,62.0,60.81666666666667,-4.800256389230771,-0.0452214723076913,0.4011888111888098,15.147272727272728,15.888666666666666,20.39384872589744,15.198133644133645,10.754842,10.79131,10.891358,10.9599,10.712887,0,4.0,0,0.0,-0.43,8.9,91.1
2022-11-07 03:00:00,67.023985799992,0.0,0.0,20.3333333,15.888666666666666,60.81666666666667,0,5.1764362714980825,70.66250196097344,3,0,11,0.7071067811865476,0.7071067811865476,0.0,1.0,-0.5000000000000004,0.8660254037844384,0.0,0.0,0.0,8.4,19.8,33.0,97.0,14.7,12.582917,0.1,15.2,20.327380925,61.0,61.04545454545455,61.45,61.81666666666667,60.5,-4.444666633333334,-0.0153846276923097,0.3402051282051275,15.548461538461538,16.19142857142857,20.358663542564106,15.52813364413364,10.712887,10.754842,10.79131,10.891358,10.653401,0,4.0,0,0.0,-0.44,9.0,91.0
2022-11-07 03:15:00,54.664202377772,0.0,0.0,20.327380925,16.19142857142857,60.5,0,5.1764362714980825,70.66250196097344,3,0,11,0.7071067811865476,0.7071067811865476,0.0,1.0,-0.5000000000000004,0.8660254037844384,0.0,0.0,0.0,8.975,19.625,27.0,97.0,14.675,12.563799,0.075,15.175,20.2814815,60.81666666666667,61.0,61.04545454545455,61.45,60.5,-4.1359523535714295,-0.0059523749999996,0.3027619047619048,15.888666666666666,16.322,20.33647738423077,15.87618559218559,10.653401,10.712887,10.754842,10.79131,10.624875,0,4.0,0,0.0,-0.44,9.1,90.9
2022-11-07 03:30:00,54.84836156111,0.0,0.0,20.2814815,16.322,60.5,0,5.1764362714980825,70.66250196097344,3,0,11,0.7071067811865476,0.7071067811865476,0.0,1.0,-0.5000000000000004,0.8660254037844384,0.0,0.0,0.0,9.55,19.450000000000003,21.0,97.0,14.65,12.544705,0.05,15.15,20.2777778,60.5,60.81666666666667,61.0,61.04545454545455,60.1,-3.959481499999999,-0.0458994250000017,0.1305714285714287,16.19142857142857,16.48,20.31406524166667,16.13403174603174,10.624875,10.653401,10.712887,10.754842,10.552345,0,4.0,0,0.0,-0.45,9.3,90.7
2022-11-07 03:45:00,50.071330383334,0.0,0.0,20.2777778,16.48,60.1,0,5.1764362714980825,70.66250196097344,3,0,11,0.7071067811865476,0.7071067811865476,0.0,1.0,-0.5000000000000004,0.8660254037844384,0.0,0.0,0.0,10.125,19.275,15.0,97.0,14.625,12.525635,0.0249999999999999,15.125,20.257407413333333,60.5,60.5,60.81666666666667,61.0,59.35,-3.797777799999999,-0.003703699999999,0.1580000000000012,16.322,16.428,20.295546741666666,16.331142857142854,10.552345,10.624875,10.653401,10.712887,10.408261,0,4.0,0,0.0,-0.46,9.3,90.7
2022-11-07 04:00:00,42.943837777776,0.0,0.0,20.257407413333333,16.428,59.35,0,5.1764362714980825,70.66250196097344,4,0,11,0.8660254037844386,0.5000000000000001,0.0,1.0,-0.5000000000000004,0.8660254037844384,0.0,0.0,0.0,10.7,19.1,9.0,97.0,14.6,12.50659,0.0,15.1,20.21666665,60.1,60.5,60.5,60.81666666666667,59.0,-3.829407413333332,-0.0203703866666664,-0.0519999999999996,16.48,16.397333333333332,20.272222237777772,16.409999999999997,10.408261,10.552345,10.624875,10.653401,10.322273,0,4.0,0,0.0,-0.46,9.5,90.5
2022-11-07 04:15:00,52.64928302777,0.0,0.0,20.21666665,16.397333333333332,59.0,0,5.1764362714980825,70.66250196097344,4,0,11,0.8660254037844386,0.5000000000000001,0.0,1.0,-0.5000000000000004,0.8660254037844384,0.0,0.0,0.0,11.1,20.075000000000003,8.0,96.75,14.5,12.417518,0.0,15.025,20.170370400000003,59.35,60.1,60.5,60.5,59.0,-3.819333316666668,-0.0407407633333321,-0.0306666666666686,16.428,16.23,20.25061728777778,16.43511111111111,10.322273,10.408261,10.552345,10.624875,10.294368,0,4.0,0,0.0,-0.48,9.7,90.3
2022-11-07 04:30:00,66.408732511108,0.0,0.0,20.170370400000003,16.23,59.0,0,5.1764362714980825,70.66250196097344,4,0,11,0.8660254037844386,0.5000000000000001,0.0,1.0,-0.5000000000000004,0.8660254037844384,0.0,0.0,0.0,11.5,21.05,7.0,96.5,14.4,12.328966,0.0,14.95,20.1666667,59.0,59.35,60.1,60.5,58.65,-3.9403704000000026,-0.0462962499999974,-0.1673333333333317,16.397333333333332,16.157333333333334,20.214814821111112,16.35177777777778,10.294368,10.322273,10.408261,10.552345,10.231086,0,4.0,0,0.0,-0.49,10.0,90.0
2022-11-07 04:45:00,58.446273122224,0.0,0.0,20.1666667,16.157333333333334,58.65,0,5.1764362714980825,70.66250196097344,4,0,11,0.8660254037844386,0.5000000000000001,0.0,1.0,-0.5000000000000004,0.8660254037844384,0.0,0.0,0.0,11.9,22.025,6.0,96.25,14.3,12.2409315,0.0,14.875,20.1666667,59.0,59.0,59.35,60.1,58.31666666666667,-4.009333366666667,-0.0037037000000026,-0.0726666666666666,16.23,16.116666666666667,20.18456791666667,16.261555555555557,10.231086,10.294368,10.322273,10.408261,10.172938,0,4.0,0,0.0,-0.49,10.0,90.0
2022-11-07 05:00:00,47.374216105554,0.0,0.0,20.1666667,16.116666666666667,58.31666666666667,0,5.1764362714980825,70.66250196097344,5,0,11,0.9659258262890684,0.2588190451025207,0.0,1.0,-0.5000000000000004,0.8660254037844384,0.0,0.0,0.0,12.3,23.0,5.0,96.0,14.2,12.15341,0.0,14.8,20.16111114,58.65,59.0,59.0,59.35,57.95,-4.050000033333333,0.0,-0.0406666666666666,16.157333333333334,15.884,20.167901266666668,16.167999999999996,10.172938,10.231086,10.294368,10.322273,10.105694,0,4.0,0,0.0,-0.49,10.1,89.9
2022-11-07 05:15:00,50.81796711667,0.0,0.0,20.16111114,15.884,57.95,0,5.1764362714980825,70.66250196097344,5,0,11,0.9659258262890684,0.2588190451025207,0.0,1.0,-0.5000000000000004,0.8660254037844384,0.0,0.0,0.0,12.725,23.825,3.75,95.0,13.9,11.917176,0.0,14.65,20.11481480666667,58.31666666666667,58.65,59.0,59.0,57.53333333333333,-4.277111140000001,-0.0055555600000012,-0.2326666666666685,16.116666666666667,15.929333333333334,20.16481484666667,16.052666666666664,10.105694,10.172938,10.231086,10.294368,10.0058975,0,4.0,0,0.0,-0.5,10.1,89.9
2022-11-07 05:30:00,42.597740555552,0.0,0.0,20.11481480666667,15.929333333333334,57.53333333333333,0,5.1764362714980825,70.66250196097344,5,0,11,0.9659258262890684,0.2588190451025207,0.0,1.0,-0.5000000000000004,0.8660254037844384,0.0,0.0,0.0,13.15,24.65,2.5,94.0,13.6,11.684108,0.0,14.5,20.10555555,57.95,58.31666666666667,58.65,59.0,57.15,-4.185481473333335,-0.0462963333333306,0.0453333333333354,15.884,16.162,20.147530882222224,15.976666666666665,10.0058975,10.105694,10.172938,10.231086,9.933847,0,4.0,0,0.0,-0.51,10.4,89.6
2022-11-07 05:45:00,56.889946461114,0.0,0.0,20.10555555,16.162,57.15,0,5.1764362714980825,70.66250196097344,5,0,11,0.9659258262890684,0.2588190451025207,0.0,1.0,-0.5000000000000004,0.8660254037844384,0.0,0.0,0.0,13.575,25.475,1.25,93.0,13.3,11.454175,0.0,14.35,20.0592593,57.53333333333333,57.95,58.31666666666667,58.65,56.81666666666667,-3.943555550000003,-0.0092592566666667,0.232666666666665,15.929333333333334,16.244,20.127160498888887,15.991777777777775,9.933847,10.0058975,10.105694,10.172938,9.849186,0,4.0,0,0.0,-0.51,10.5,89.5
2022-11-07 06:00:00,66.798994666664,0.0,0.0,20.0592593,16.244,56.81666666666667,0,5.1764362714980825,70.66250196097344,6,0,11,1.0,6.123233995736766e-17,0.0,1.0,-0.5000000000000004,0.8660254037844384,0.0,0.0,0.0,14.0,26.3,0.0,92.0,13.0,11.227346,0.0,14.2,20.05000004,57.15,57.53333333333333,57.95,58.31666666666667,56.45,-3.815259300000001,-0.046296250000001,0.0820000000000007,16.162,16.131333333333334,20.09320988555556,16.111777777777775,9.849186,9.933847,10.0058975,10.105694,9.780324,0,4.0,0,0.0,-0.52,10.8,89.2
2022-11-07 06:15:00,50.72102682777,0.0,0.0,20.05000004,16.131333333333334,56.45,0,5.1764362714980825,70.66250196097344,6,0,11,1.0,6.123233995736766e-17,0.0,1.0,-0.5000000000000004,0.8660254037844384,0.0,0.0,0.0,14.4,27.2,0.0,90.5,12.55,10.909587,0.0,14.0,20.024074093333336,56.81666666666667,57.15,57.53333333333333,57.95,56.03333333333333,-3.9186667066666665,-0.0092592600000003,-0.1126666666666658,16.244,15.887333333333334,20.07160496333333,16.17911111111111,9.780324,9.849186,9.933847,10.0058975,9.693409,0,4.0,0,0.0,-0.53,10.9,89.1
2022-11-07 06:30:00,46.150931705554,0.0,0.0,20.024074093333336,15.887333333333334,56.03333333333333,0,5.1764362714980825,70.66250196097344,6,0,11,1.0,6.123233995736766e-17,0.0,1.0,-0.5000000000000004,0.8660254037844384,0.0,0.0,0.0,14.8,28.1,0.0,89.0,12.1,10.597701,0.0,13.8,20.01666668,56.45,56.81666666666667,57.15,57.53333333333333,55.65,-4.136740760000002,-0.0259259466666641,-0.2439999999999997,16.131333333333334,15.741333333333332,20.044444477777777,16.087555555555554,9.693409,9.780324,9.849186,9.933847,9.622921,0,4.0,0,0.0,-0.54,11.1,88.9
2022-11-07 06:45:00,51.378222505558,0.0,0.0,20.01666668,15.741333333333332,55.65,0,5.1764362714980825,70.66250196097344,6,0,11,1.0,6.123233995736766e-17,0.0,1.0,-0.5000000000000004,0.8660254037844384,0.0,0.0,0.0,15.2,29.0,0.0,87.5,11.65,10.291603,0.0,13.6,19.979629613333334,56.03333333333333,56.45,56.81666666666667,57.15,55.31666666666667,-4.275333346666667,-0.0074074133333361,-0.1460000000000008,15.887333333333334,15.586666666666668,20.03024693777778,15.92,9.622921,9.693409,9.780324,9.849186,9.544559,0,4.0,0,0.0,-0.54,11.1,88.9
2022-11-07 07:00:00,42.6749596,0.0,0.0,19.979629613333334,15.586666666666668,55.31666666666667,0,5.1764362714980825,70.66250196097344,7,0,11,0.9659258262890684,-0.2588190451025206,0.0,1.0,-0.5000000000000004,0.8660254037844384,0.0,0.0,0.0,15.6,29.9,0.0,86.0,11.2,9.991212,0.0,13.4,19.9444444,55.65,56.03333333333333,56.45,56.81666666666667,55.0,-4.392962946666666,-0.0370370666666666,-0.1546666666666656,15.741333333333332,15.614666666666666,20.00679012888889,15.738444444444443,9.544559,9.622921,9.693409,9.780324,9.470379,0,4.0,0,0.0,-0.55,11.4,88.6
2022-11-07 07:15:00,61.313103027774,0.0,0.0,19.9444444,15.614666666666666,55.0,0,5.1764362714980825,70.66250196097344,7,0,11,0.9659258262890684,-0.2588190451025206,0.0,1.0,-0.5000000000000004,0.8660254037844384,0.25,0.0625,0.0208333333333333,15.75,30.25,0.0,81.0,10.175,9.410328,0.0,13.4,19.9444444,55.31666666666667,55.65,56.03333333333333,56.45,54.81666666666667,-4.329777733333332,-0.0351852133333352,0.0279999999999986,15.586666666666668,15.696666666666667,19.98024689777778,15.647555555555556,9.470379,9.544559,9.622921,9.693409,9.43881,0,4.0,0,0.0,-0.56,11.6,88.4
2022-11-07 07:30:00,67.592851827774,0.0,0.0,19.9444444,15.696666666666667,54.81666666666667,0,5.1764362714980825,70.66250196097344,7,0,11,0.9659258262890684,-0.2588190451025206,0.0,1.0,-0.5000000000000004,0.8660254037844384,0.5,0.1875,0.0625,15.9,30.6,0.0,76.0,9.15,8.829443,0.0,13.4,19.911111100000003,55.0,55.31666666666667,55.65,56.03333333333333,54.15,-4.247777733333331,0.0,0.0820000000000007,15.614666666666666,15.826,19.95617280444445,15.632666666666664,9.43881,9.470379,9.544559,9.622921,9.305828,0,4.0,0,0.0,-0.56,11.7,88.3
2022-11-07 07:45:00,44.438500038894,0.0,0.0,19.911111100000003,15.826,54.15,0,5.1764362714980825,70.66250196097344,7,0,11,0.9659258262890684,-0.2588190451025206,0.0,1.0,-0.5000000000000004,0.8660254037844384,0.75,0.375,0.125,16.05,30.95,0.0,71.0,8.125,8.248558,0.0,13.4,19.9407407,54.81666666666667,55.0,55.31666666666667,55.65,53.81666666666667,-4.085111100000004,-0.0333332999999953,0.1293333333333315,15.696666666666667,15.983333333333333,19.9333333,15.712444444444444,9.305828,9.43881,9.470379,9.544559,9.264613,0,4.0,0,0.0,-0.58,11.9,88.1
2022-11-07 08:00:00,47.953915116666,0.0,0.0,19.9407407,15.983333333333333,53.81666666666667,0,5.1764362714980825,70.66250196097344,8,0,11,0.8660254037844387,-0.4999999999999998,0.0,1.0,-0.5000000000000004,0.8660254037844384,1.0,0.625,0.2083333333333333,16.2,31.3,0.0,66.0,7.1,7.667675,0.0,13.4,19.9444444,54.15,54.81666666666667,55.0,55.31666666666667,53.45,-3.9574073666666663,0.0296295999999962,0.1573333333333337,15.826,16.084,19.932098733333333,15.835333333333333,9.264613,9.305828,9.43881,9.470379,9.203487,0,4.0,0,0.0,-0.57,11.8,88.2
2022-11-07 08:15:00,54.962801433332,0.0,0.0,19.9444444,16.084,53.45,0,5.1764362714980825,70.66250196097344,8,0,11,0.8660254037844387,-0.4999999999999998,0.0,1.0,-0.5000000000000004,0.8660254037844384,19.0,5.3125,1.7916666666666667,15.85,31.4,0.0,65.5,7.05,7.644871,0.0,13.475,19.9444444,53.81666666666667,54.15,54.81666666666667,55.0,52.85,-3.860444399999999,0.003703699999999,0.1006666666666671,15.983333333333333,15.955333333333332,19.932098733333333,15.964444444444444,9.203487,9.264613,9.305828,9.43881,9.100172,0,4.0,0,0.0,-0.57,11.8,88.2
2022-11-07 08:30:00,49.84606166111,0.0,0.0,19.9444444,15.955333333333332,52.85,0,5.1764362714980825,70.66250196097344,8,0,11,0.8660254037844387,-0.4999999999999998,0.0,1.0,-0.5000000000000004,0.8660254037844384,37.0,14.4375,4.875,15.5,31.5,0.0,65.0,7.0,7.621673,0.0,13.55,19.9444444,53.45,53.81666666666667,54.15,54.81666666666667,52.45,-3.989111066666666,0.0,-0.1286666666666676,16.084,15.906666666666666,19.94320983333333,16.007555555555555,9.100172,9.203487,9.264613,9.305828,9.031299,0,4.0,0,0.0,-0.57,11.9,88.1
2022-11-07 08:45:00,77.698558583334,0.0,0.0,19.9444444,15.906666666666666,52.45,0,5.1764362714980825,70.66250196097344,8,0,11,0.8660254037844387,-0.4999999999999998,0.0,1.0,-0.5000000000000004,0.8660254037844384,55.0,28.0,9.458333333333334,15.15,31.6,0.0,64.5,6.95,7.5980725,0.0,13.625,20.00555552333333,52.85,53.45,53.81666666666667,54.15,51.85,-4.037777733333332,0.0,-0.0486666666666657,15.955333333333332,15.806666666666668,19.9444444,15.982,9.031299,9.100172,9.203487,9.264613,8.959999,0,4.0,0,0.0,-0.58,12.0,88.0
2022-11-07 09:00:00,77.71522474999401,0.0,0.0,20.00555552333333,15.806666666666668,51.85,0,5.1764362714980825,70.66250196097344,9,0,11,0.7071067811865476,-0.7071067811865475,0.0,1.0,-0.5000000000000004,0.8660254037844384,73.0,46.0,15.541666666666666,14.8,31.7,0.0,64.0,6.9,7.57407,0.0,13.7,20.58888891,52.45,52.85,53.45,53.81666666666667,50.65,-4.198888856666665,0.0611111233333332,-0.0999999999999996,15.906666666666666,15.719333333333331,19.964814774444445,15.889555555555557,8.959999,9.031299,9.100172,9.203487,9.056056,0,4.0,0,0.0,-0.57,11.7,88.3
2022-11-07 09:15:00,42.738845994442,0.0,0.0,20.58888891,15.719333333333331,50.65,0,5.1764362714980825,70.66250196097344,9,0,11,0.7071067811865476,-0.7071067811865475,0.0,1.0,-0.5000000000000004,0.8660254037844384,110.5,68.875,24.75,15.0,32.15,0.0,62.5,6.7250000000000005,7.4766054,0.0,13.875,21.80185188333333,51.85,52.45,52.85,53.45,48.55,-4.869555576666665,0.5833333866666663,-0.0873333333333334,15.806666666666668,15.854,20.17962961111111,15.810888888888888,9.056056,8.959999,9.031299,9.100172,9.313424,0,4.0,0,0.0,-0.44,9.0,91.0
2022-11-07 09:30:00,44.845706149998,0.0,0.0,21.80185188333333,15.854,48.55,0,5.1764362714980825,70.66250196097344,9,0,11,0.7071067811865476,-0.7071067811865475,0.0,1.0,-0.5000000000000004,0.8660254037844384,148.0,96.625,37.083333333333336,15.2,32.6,0.0,61.0,6.550000000000001,7.376033,0.0,14.05,22.75000001,50.65,51.85,52.45,52.85,46.7,-5.94785188333333,1.2129629733333331,0.1346666666666678,15.719333333333331,16.159333333333333,20.79876543888889,15.793333333333337,9.313424,9.056056,8.959999,9.031299,9.460748,0,4.0,0,0.0,-0.16,5.5,94.5
2022-11-07 09:45:00,53.68924134444,0.0,0.0,22.75000001,16.159333333333333,46.7,0,5.1764362714980825,70.66250196097344,9,0,11,0.7071067811865476,-0.7071067811865475,0.0,1.0,-0.5000000000000004,0.8660254037844384,185.5,129.25,52.54166666666666,15.4,33.05,0.0,59.5,6.375,7.2723017,0.0,14.225,22.951851856666668,48.55,50.65,51.85,52.45,45.38333333333333,-6.590666676666668,0.9481481266666698,0.3053333333333317,15.854,16.189333333333334,21.713580267777772,15.91088888888889,9.460748,9.313424,9.056056,8.959999,9.300913,0,4.0,0,0.0,0.06,5.1,94.9
2022-11-07 10:00:00,54.910303616662,0.0,0.0,22.951851856666668,16.189333333333334,45.38333333333333,0,5.1764362714980825,70.66250196097344,10,0,11,0.4999999999999999,-0.8660254037844387,0.0,1.0,-0.5000000000000004,0.8660254037844384,223.0,166.75,71.125,15.6,33.5,0.0,58.0,6.2,7.165365,0.0,14.4,22.92777775,46.7,48.55,50.65,51.85,44.95,-6.762518523333334,0.201851846666667,0.0300000000000011,16.159333333333333,16.118000000000002,22.50123458333333,16.067555555555558,9.300913,9.460748,9.313424,9.056056,9.199423,0,4.0,0,0.0,0.1,5.2,94.8
2022-11-07 10:15:00,67.342306150002,0.0,0.0,22.92777775,16.118000000000002,44.95,0,5.1764362714980825,70.66250196097344,10,0,11,0.4999999999999999,-0.8660254037844387,0.0,1.0,-0.5000000000000004,0.8660254037844384,258.0,203.625,92.60416666666669,16.4,35.575,0.0,55.25,5.575,6.8885503,0.0,14.55,22.96481478666667,45.38333333333333,46.7,48.55,50.65,44.35,-6.809777749999999,-0.0240741066666672,-0.0713333333333317,16.189333333333334,16.157333333333334,22.87654320555556,16.155555555555555,9.199423,9.300913,9.460748,9.313424,9.095883,0,4.0,0,0.0,0.09,5.2,94.8
2022-11-07 10:30:00,784.3052931999999,0.0,0.0,22.96481478666667,16.157333333333334,44.35,0,5.1764362714980825,70.66250196097344,10,0,11,0.4999999999999999,-0.8660254037844387,0.0,1.0,-0.5000000000000004,0.8660254037844384,293.0,239.875,116.97916666666669,17.2,37.65,0.0,52.5,4.95,6.6059484,0.0,14.7,23.11666669,44.95,45.38333333333333,46.7,48.55,43.6,-6.807481453333335,0.0370370366666676,0.0393333333333316,16.118000000000002,16.278000000000002,22.94814813111111,16.15488888888889,9.095883,9.199423,9.300913,9.460748,9.020054,0,4.0,0,0.0,0.09,5.2,94.8
2022-11-07 10:45:00,45.082363316666,0.0,0.0,23.11666669,16.278000000000002,43.6,0,5.1764362714980825,70.66250196097344,10,0,11,0.4999999999999999,-0.8660254037844387,0.0,1.0,-0.5000000000000004,0.8660254037844384,328.0,275.5,144.25,18.0,39.725,0.0,49.75,4.325,6.3174915,0.0,14.85,23.14629631333333,44.35,44.95,45.38333333333333,46.7,43.21666666666667,-6.838666689999997,0.1518519033333305,0.1206666666666684,16.157333333333334,16.529999999999998,23.00308640888889,16.184444444444445,9.020054,9.095883,9.199423,9.300913,8.955902,0,4.0,0,0.0,0.13,5.3,94.7
2022-11-07 11:00:00,286.041335655556,0.0,0.0,23.14629631333333,16.529999999999998,43.21666666666667,0,5.1764362714980825,70.66250196097344,11,0,11,0.258819045102521,-0.9659258262890682,0.0,1.0,-0.5000000000000004,0.8660254037844384,363.0,310.5,174.41666666666666,18.8,41.8,0.0,47.0,3.7,6.0231028,0.0,15.0,23.05555558,43.6,44.35,44.95,45.38333333333333,44.3,-6.616296313333336,0.029629623333335,0.2519999999999953,16.278000000000002,16.772666666666666,23.07592593,16.32177777777778,8.955902,9.020054,9.095883,9.199423,9.132909,0,4.0,0,0.0,0.13,5.4,94.6
2022-11-07 11:15:00,112.828820016666,0.0,0.0,23.05555558,16.772666666666666,44.3,0,5.1764362714980825,70.66250196097344,11,0,11,0.258819045102521,-0.9659258262890682,0.0,1.0,-0.5000000000000004,0.8660254037844384,389.0,343.25,205.25,18.775,41.975,0.0,45.25,3.225,5.834259,0.0,15.1,22.83888889,43.21666666666667,43.6,44.35,44.95,45.61666666666667,-6.282888913333334,-0.0907407333333338,0.2426666666666683,16.529999999999998,16.858666666666668,23.10617286111112,16.52688888888889,9.132909,8.955902,9.020054,9.095883,9.288465,0,4.0,0,0.0,0.12,5.3,94.7
2022-11-07 11:30:00,586.516260461118,0.0,0.0,22.83888889,16.858666666666668,45.61666666666667,0,5.1764362714980825,70.66250196097344,11,0,11,0.258819045102521,-0.9659258262890682,0.0,1.0,-0.5000000000000004,0.8660254037844384,415.0,373.75,236.75,18.75,42.15,0.0,43.5,2.75,5.6428547,0.0,15.2,22.666666650000003,44.3,43.21666666666667,43.6,44.35,47.05,-5.980222223333332,-0.2166666900000002,0.086000000000002,16.772666666666666,17.004666666666665,23.013580261111112,16.720444444444443,9.288465,9.132909,8.955902,9.020054,9.48622,0,4.0,0,0.0,0.07,5.1,94.9
2022-11-07 11:45:00,964.140321794442,0.0,0.0,22.666666650000003,17.004666666666665,47.05,0,5.1764362714980825,70.66250196097344,11,0,11,0.258819045102521,-0.9659258262890682,0.0,1.0,-0.5000000000000004,0.8660254037844384,441.0,402.0,268.9166666666667,18.725,42.325,0.0,41.75,2.275,5.448871,0.0,15.3,22.73703701333333,45.61666666666667,44.3,43.21666666666667,43.6,46.583333333333336,-5.661999983333338,-0.1722222399999964,0.1459999999999972,16.858666666666668,16.974,22.853703706666664,16.878666666666664,9.48622,9.288465,9.132909,8.955902,9.430104,0,4.0,0,0.0,0.04,5.0,95.0
2022-11-07 12:00:00,57.06771728333,0.0,0.0,22.73703701333333,16.974,46.583333333333336,0,5.1764362714980825,70.66250196097344,12,0,11,1.2246467991473532e-16,-1.0,0.0,1.0,-0.5000000000000004,0.8660254037844384,467.0,428.0,301.75,18.7,42.5,0.0,40.0,1.8,5.252285,0.0,15.4,22.26666668,47.05,45.61666666666667,44.3,43.21666666666667,42.8,-5.763037013333335,0.0703703633333319,-0.030666666666665,17.004666666666665,16.91133333333333,22.74753085111111,16.945777777777778,9.430104,9.48622,9.288465,9.132909,8.433321,0,4.0,0,0.0,0.05,5.1,94.9
2022-11-07 12:15:00,42.198589872218,0.0,0.0,22.26666668,16.91133333333333,42.8,0,5.1764362714980825,70.66250196097344,12,0,11,1.2246467991473532e-16,-1.0,0.0,1.0,-0.5000000000000004,0.8660254037844384,479.25,450.5625,332.4791666666667,18.775,42.775,0.0,39.0,1.475,5.128758,0.0,15.425,21.774074053333333,46.583333333333336,47.05,45.61666666666667,44.3,40.7,-5.355333346666669,-0.4703703333333351,-0.0626666666666686,16.974,17.004,22.556790114444443,16.963333333333335,8.433321,9.430104,9.48622,9.288465,7.795033,0,4.0,0,0.0,-0.08,5.1,94.9
2022-11-07 12:30:00,45.334853266664,0.0,0.0,21.774074053333333,17.004,40.7,0,5.1764362714980825,70.66250196097344,12,0,11,1.2246467991473532e-16,-1.0,0.0,1.0,-0.5000000000000004,0.8660254037844384,491.5,469.6875,361.1041666666667,18.85,43.05,0.0,38.0,1.15,5.0048404,0.0,15.45,21.47777775,42.8,46.583333333333336,47.05,45.61666666666667,39.2,-4.770074053333332,-0.4925926266666671,0.0926666666666697,16.91133333333333,17.124000000000002,22.25925924888889,16.96311111111111,7.795033,8.433321,9.430104,9.48622,7.380223,0,4.0,0,0.0,-0.21,5.9,94.1
2022-11-07 12:45:00,70.523290255548,0.0,0.0,21.47777775,17.124000000000002,39.2,0,5.1764362714980825,70.66250196097344,12,0,11,1.2246467991473532e-16,-1.0,0.0,1.0,-0.5000000000000004,0.8660254037844384,503.75,485.375,387.625,18.925,43.325,0.0,37.0,0.825,4.880535,0.0,15.475,21.24814817,40.7,42.8,46.583333333333336,47.05,37.88333333333333,-4.353777749999996,-0.2962963033333352,0.120000000000001,17.004,17.276,21.839506161111117,17.01311111111111,7.380223,7.795033,8.433321,9.430104,7.0380726,0,4.0,0,0.0,-0.29,6.8,93.2
2022-11-07 13:00:00,57.295763627778,0.0,0.0,21.24814817,17.276,37.88333333333333,0,5.1764362714980825,70.66250196097344,13,0,11,-0.2588190451025208,-0.9659258262890684,0.0,1.0,-0.5000000000000004,0.8660254037844384,516.0,497.625,412.0416666666667,19.0,43.6,0.0,36.0,0.5,4.755838,0.0,15.5,21.08333337,39.2,40.7,42.8,46.583333333333336,37.1,-3.972148170000001,-0.2296295799999974,0.1519999999999974,17.124000000000002,17.355999999999998,21.49999999111111,17.134666666666664,7.0380726,7.380223,7.795033,8.433321,6.826938,0,4.0,0,0.0,-0.36,7.6,92.4
2022-11-07 13:15:00,42.288863894446,0.0,0.0,21.08333337,17.355999999999998,37.1,0,5.1764362714980825,70.66250196097344,13,0,11,-0.2588190451025208,-0.9659258262890684,0.0,1.0,-0.5000000000000004,0.8660254037844384,513.25,506.125,433.3125,18.85,43.5,0.0,36.25,0.55,4.7816052,0.0,15.475,20.96296297,37.88333333333333,39.2,40.7,42.8,36.53333333333333,-3.72733337,-0.164814800000002,0.0799999999999983,17.276,16.611333333333334,21.269753096666665,17.252,6.826938,7.0380726,7.380223,7.795033,6.675821,0,4.0,0,0.0,-0.4,8.3,91.7
2022-11-07 13:30:00,54.414212277776,0.0,0.0,20.96296297,16.611333333333334,36.53333333333333,0,5.1764362714980825,70.66250196097344,13,0,11,-0.2588190451025208,-0.9659258262890684,0.0,1.0,-0.5000000000000004,0.8660254037844384,510.5,510.875,451.4375,18.7,43.400000000000006,0.0,36.5,0.6,4.807281,0.0,15.45,20.80000002,37.1,37.88333333333333,39.2,40.7,37.25,-4.351629636666665,-0.1203703999999987,-0.7446666666666637,17.355999999999998,15.110666666666669,21.09814817,17.08111111111111,6.675821,6.826938,7.0380726,7.380223,6.7425737,0,4.0,0,0.0,-0.43,8.9,91.1
2022-11-07 13:45:00,42.663571238886,0.0,0.0,20.80000002,15.110666666666669,37.25,0,5.1764362714980825,70.66250196097344,13,0,11,-0.2588190451025208,-0.9659258262890684,0.0,1.0,-0.5000000000000004,0.8660254037844384,507.75,511.875,466.4166666666667,18.55,43.3,0.0,36.75,0.6499999999999999,4.832868,0.0,15.425,20.63333337,36.53333333333333,37.1,37.88333333333333,39.2,37.96666666666667,-5.689333353333336,-0.1629629499999971,-1.5006666666666677,16.611333333333334,14.780666666666669,20.948765453333333,16.359333333333332,6.7425737,6.675821,6.826938,7.0380726,6.8059225,0,4.0,0,0.0,-0.46,9.5,90.5
2022-11-07 14:00:00,51.818760533332,0.0,0.0,20.63333337,14.780666666666669,37.96666666666667,0,5.1764362714980825,70.66250196097344,14,0,11,-0.4999999999999997,-0.8660254037844388,0.0,1.0,-0.5000000000000004,0.8660254037844384,505.0,509.125,478.25,18.4,43.2,0.0,37.0,0.7,4.858364,0.0,15.4,20.47777776,37.25,36.53333333333333,37.1,37.88333333333333,38.05,-5.852666703333332,-0.1666666500000033,-0.33,15.110666666666669,14.363333333333332,20.79876545333333,15.50088888888889,6.8059225,6.7425737,6.675821,6.826938,6.7592783,0,4.0,0,0.0,-0.5,10.2,89.8
2022-11-07 14:15:00,69.636103327778,0.0,0.0,20.47777776,14.363333333333332,38.05,0,5.1764362714980825,70.66250196097344,14,0,11,-0.4999999999999997,-0.8660254037844388,0.0,1.0,-0.5000000000000004,0.8660254037844384,487.5,502.6875,486.4583333333333,18.55,43.025000000000006,0.0,37.25,0.75,4.8541856,0.0,15.275,20.42407405,37.96666666666667,37.25,36.53333333333333,37.1,38.28333333333333,-6.114444426666665,-0.1555556100000004,-0.4173333333333335,14.780666666666669,14.038,20.63703705,14.751555555555557,6.7592783,6.8059225,6.7425737,6.675821,6.7794514,0,4.0,0,0.0,-0.54,11.0,89.0
2022-11-07 14:30:00,58.761538461106,0.0,0.0,20.42407405,14.038,38.28333333333333,0,5.1764362714980825,70.66250196097344,14,0,11,-0.4999999999999997,-0.8660254037844388,0.0,1.0,-0.5000000000000004,0.8660254037844384,470.0,492.5625,491.0416666666667,18.7,42.85,0.0,37.5,0.8,4.849757,0.0,15.15,20.35555554,38.05,37.96666666666667,37.25,36.53333333333333,37.95,-6.386074049999998,-0.0537037100000006,-0.325333333333333,14.363333333333332,14.002666666666666,20.51172839333333,14.394,6.7794514,6.7592783,6.8059225,6.7425737,6.693593,0,4.0,0,0.0,-0.55,11.2,88.8
2022-11-07 14:45:00,43.262991594446,0.0,0.0,20.35555554,14.002666666666666,37.95,0,5.1764362714980825,70.66250196097344,14,0,11,-0.4999999999999997,-0.8660254037844388,0.0,1.0,-0.5000000000000004,0.8660254037844384,452.5,478.75,492.0,18.85,42.675,0.0,37.75,0.85,4.845078,0.0,15.025,20.36481480666667,38.28333333333333,38.05,37.96666666666667,37.25,37.35,-6.352888873333335,-0.0685185099999969,-0.0353333333333338,14.038,13.883333333333333,20.41913578333333,14.134666666666666,6.693593,6.7794514,6.7592783,6.8059225,6.591329,0,4.0,0,0.0,-0.56,11.7,88.3
2022-11-07 15:00:00,53.20426057778,0.0,0.0,20.36481480666667,13.883333333333333,37.35,0,5.1764362714980825,70.66250196097344,15,0,11,-0.7071067811865471,-0.7071067811865479,0.0,1.0,-0.5000000000000004,0.8660254037844384,435.0,461.25,489.3333333333333,19.0,42.5,0.0,38.0,0.9,4.840155,0.0,14.9,20.24999998,37.95,38.28333333333333,38.05,37.96666666666667,36.3,-6.481481473333336,0.0092592666666675,-0.1193333333333335,14.002666666666666,13.742666666666668,20.38148146555556,13.974666666666666,6.591329,6.693593,6.7794514,6.7592783,6.363208,0,4.0,0,0.0,-0.57,11.7,88.3
2022-11-07 15:15:00,43.77297126111,0.0,0.0,20.24999998,13.742666666666668,36.3,0,5.1764362714980825,70.66250196097344,15,0,11,-0.7071067811865471,-0.7071067811865479,0.0,1.0,-0.5000000000000004,0.8660254037844384,405.25,440.6875,483.1666666666667,19.55,43.475,0.0,39.0,0.7250000000000001,4.803364,0.0,14.35,20.19074075,37.35,37.95,38.28333333333333,38.05,36.36666666666667,-6.507333313333332,-0.1148148266666702,-0.1406666666666662,13.883333333333333,13.409333333333333,20.32345677555556,13.87622222222222,6.363208,6.591329,6.693593,6.7794514,6.3528504,0,4.0,0,0.0,-0.6,12.5,87.5
2022-11-07 15:30:00,418.851300894442,0.0,0.0,20.19074075,13.409333333333333,36.36666666666667,0,5.1764362714980825,70.66250196097344,15,0,11,-0.7071067811865471,-0.7071067811865479,0.0,1.0,-0.5000000000000004,0.8660254037844384,375.5,417.0625,473.5,20.1,44.45,0.0,40.0,0.55,4.7630124,0.0,13.8,20.26111112,36.3,37.35,37.95,38.28333333333333,37.0,-6.781407416666667,-0.0592592299999985,-0.3333333333333339,13.742666666666668,13.126666666666669,20.268518512222222,13.678444444444445,6.3528504,6.363208,6.591329,6.693593,6.4901266,0,4.0,0,0.0,-0.61,12.9,87.1
2022-11-07 15:45:00,69.264729366664,0.0,0.0,20.26111112,13.126666666666669,37.0,0,5.1764362714980825,70.66250196097344,15,0,11,-0.7071067811865471,-0.7071067811865479,0.0,1.0,-0.5000000000000004,0.8660254037844384,345.75,390.375,460.3333333333333,20.65,45.425,0.0,41.0,0.3750000000000001,4.7193418,0.0,13.25,20.2777778,36.36666666666667,36.3,37.35,37.95,37.0,-7.134444453333332,0.0703703699999991,-0.2826666666666657,13.409333333333333,12.88,20.233950616666665,13.426222222222222,6.4901266,6.3528504,6.363208,6.591329,6.496452,0,4.0,0,0.0,-0.59,12.3,87.7
2022-11-07 16:00:00,59.355681227778,0.0,0.0,20.2777778,12.88,37.0,0,5.1764362714980825,70.66250196097344,16,0,11,-0.8660254037844385,-0.5000000000000004,0.0,1.0,-0.5000000000000004,0.8660254037844384,316.0,360.625,443.6666666666667,21.2,46.4,0.0,42.0,0.2,4.67259,0.0,12.7,20.23888888,37.0,36.36666666666667,36.3,37.35,37.0,-7.3977778,0.0166666800000001,-0.2466666666666679,13.126666666666669,12.524666666666668,20.24320989,13.138666666666666,6.496452,6.4901266,6.3528504,6.363208,6.4817047,0,4.0,0,0.0,-0.59,12.2,87.8
2022-11-07 16:15:00,42.360249988888,0.0,0.0,20.23888888,12.524666666666668,37.0,0,5.1764362714980825,70.66250196097344,16,0,11,-0.8660254037844385,-0.5000000000000004,0.0,1.0,-0.5000000000000004,0.8660254037844384,278.25,328.875,424.0833333333333,20.925,46.4,0.0,41.75,-0.25,4.523681,0.0,12.275,20.20185185,37.0,37.0,36.36666666666667,36.3,37.0,-7.7142222133333345,-0.0388889199999979,-0.3553333333333324,12.88,12.320666666666666,20.259259266666664,12.84377777777778,6.4817047,6.496452,6.4901266,6.3528504,6.4676867,0,4.0,0,0.0,-0.6,12.5,87.5
2022-11-07 16:30:00,51.9370891,0.0,0.0,20.20185185,12.320666666666666,37.0,0,5.1764362714980825,70.66250196097344,16,0,11,-0.8660254037844385,-0.5000000000000004,0.0,1.0,-0.5000000000000004,0.8660254037844384,240.5,295.125,401.5833333333333,20.65,46.4,0.0,41.5,-0.7,4.3789625,0.0,11.85,20.12777778,37.0,37.0,37.0,36.36666666666667,37.0,-7.881185183333335,-0.0370370300000004,-0.2040000000000006,12.524666666666668,12.094,20.239506176666666,12.575111111111111,6.4676867,6.4817047,6.496452,6.4901266,6.4397283,0,4.0,0,0.0,-0.61,12.7,87.3
2022-11-07 16:45:00,45.31929823889,0.0,0.0,20.12777778,12.094,37.0,0,5.1764362714980825,70.66250196097344,16,0,11,-0.8660254037844385,-0.5000000000000004,0.0,1.0,-0.5000000000000004,0.8660254037844384,202.75,259.375,376.1666666666667,20.375,46.4,0.0,41.25,-1.15,4.238334,0.0,11.425,20.09074075,37.0,37.0,37.0,37.0,37.0,-8.03377778,-0.0740740700000017,-0.2266666666666665,12.320666666666666,11.888,20.18950617,12.31311111111111,6.4397283,6.4676867,6.4817047,6.496452,6.4257903,0,4.0,0,0.0,-0.62,13.1,86.9
2022-11-07 17:00:00,76.19056335555601,0.0,0.0,20.09074075,11.888,37.0,0,5.1764362714980825,70.66250196097344,17,0,11,-0.9659258262890684,-0.2588190451025206,0.0,1.0,-0.5000000000000004,0.8660254037844384,165.0,221.625,347.8333333333333,20.1,46.4,0.0,41.0,-1.6,4.1016955,0.0,11.0,20.01666668,37.0,37.0,37.0,37.0,36.65,-8.202740750000002,-0.0370370299999969,-0.2059999999999995,12.094,11.678,20.14012346,12.100888888888887,6.4257903,6.4397283,6.4676867,6.4817047,6.3374677,0,4.0,0,0.0,-0.63,13.3,86.7
2022-11-07 17:15:00,88.294245805558,0.0,0.0,20.01666668,11.678,36.65,0,5.1764362714980825,70.66250196097344,17,0,11,-0.9659258262890684,-0.2588190451025206,0.0,1.0,-0.5000000000000004,0.8660254037844384,131.0,184.8125,318.125,19.725,45.7,0.0,41.75,-1.625,4.111485,0.0,10.75,20.0,37.0,37.0,37.0,37.0,36.5,-8.338666680000001,-0.0740740700000017,-0.2100000000000008,11.888,11.492,20.07839507,11.886666666666663,6.3374677,6.4257903,6.4397283,6.4676867,6.3053727,0,4.0,0,0.0,-0.65,13.8,86.2
2022-11-07 17:30:00,75.878353627778,0.0,0.0,20.0,11.492,36.5,0,5.1764362714980825,70.66250196097344,17,0,11,-0.9659258262890684,-0.2588190451025206,0.0,1.0,-0.5000000000000004,0.8660254037844384,97.0,148.9375,287.0416666666667,19.35,45.0,0.0,42.5,-1.65,4.1198363,0.0,10.5,20.0,36.65,37.0,37.0,37.0,36.95,-8.508000000000001,-0.0166666800000001,-0.1859999999999999,11.678,11.318666666666669,20.035802476666667,11.686,6.3053727,6.3374677,6.4257903,6.4397283,6.38311,0,4.0,0,0.0,-0.65,14.0,86.0
2022-11-07 17:45:00,211.314325055548,0.0,0.0,20.0,11.318666666666669,36.95,0,5.1764362714980825,70.66250196097344,17,0,11,-0.9659258262890684,-0.2588190451025206,0.0,1.0,-0.5000000000000004,0.8660254037844384,62.99999999999999,114.0,254.58333333333331,18.975,44.3,0.0,43.25,-1.675,4.1267877,0.0,10.25,20.020370386666663,36.5,36.65,37.0,37.0,39.03333333333333,-8.681333333333333,0.0,-0.173333333333332,11.492,11.236,20.00555556,11.496222222222222,6.38311,6.3053727,6.3374677,6.4257903,6.751054,0,4.0,0,0.0,-0.65,13.9,86.1
2022-11-07 18:00:00,335.149093633328,0.0,0.0,20.020370386666663,11.236,39.03333333333333,0,5.1764362714980825,70.66250196097344,18,0,11,-1.0,-1.8369701987210294e-16,0.0,1.0,-0.5000000000000004,0.8660254037844384,29.0,80.0,220.75,18.6,43.6,0.0,44.0,-1.7,4.1323733,0.0,10.0,20.18888889,36.95,36.5,36.65,37.0,43.6,-8.784370386666668,0.0203703866666664,-0.0826666666666682,11.318666666666669,11.160666666666666,20.00679012888889,11.348888888888888,6.751054,6.38311,6.3053727,6.3374677,7.6156073,0,4.0,0,0.0,-0.63,13.5,86.5
2022-11-07 18:15:00,1109.566448916666,0.0,0.0,20.18888889,11.160666666666666,43.6,0,5.1764362714980825,70.66250196097344,18,0,11,-1.0,-1.8369701987210294e-16,0.0,1.0,-0.5000000000000004,0.8660254037844384,21.75,52.6875,188.79166666666663,18.775,42.95,0.0,44.5,-1.7,4.146314,0.0,9.875,20.418518523333333,39.03333333333333,36.95,36.5,36.65,46.45,-9.028222223333332,0.1685185033333311,-0.075333333333333,11.236,11.042666666666667,20.06975309222222,11.238444444444443,7.6156073,6.751054,6.38311,6.3053727,8.222989,0,4.0,0,0.0,-0.57,11.8,88.2
2022-11-07 18:30:00,655.151848394446,0.0,0.0,20.418518523333333,11.042666666666667,46.45,0,5.1764362714980825,70.66250196097344,18,0,11,-1.0,-1.8369701987210294e-16,0.0,1.0,-0.5000000000000004,0.8660254037844384,14.5,32.0625,158.70833333333334,18.950000000000003,42.3,0.0,45.0,-1.7,4.159742,0.0,9.75,20.53888892,43.6,39.03333333333333,36.95,36.5,46.65,-9.375851856666666,0.2296296333333352,-0.1179999999999985,11.160666666666666,10.935333333333334,20.209259266666667,11.146444444444445,8.222989,7.6156073,6.751054,6.38311,8.316592,0,4.0,0,0.0,-0.5,10.2,89.8
2022-11-07 18:45:00,1110.99139181667,0.0,0.0,20.53888892,10.935333333333334,46.65,0,5.1764362714980825,70.66250196097344,18,0,11,-1.0,-1.8369701987210294e-16,0.0,1.0,-0.5000000000000004,0.8660254037844384,7.25,18.125,130.5,19.125,41.65,0.0,45.5,-1.7,4.1726646,0.0,9.625,20.5555556,46.45,43.6,39.03333333333333,36.95,45.833333333333336,-9.603555586666664,0.1203703966666651,-0.107333333333333,11.042666666666667,10.848,20.382098777777777,11.04622222222222,8.316592,8.222989,7.6156073,6.751054,8.178944,0,4.0,0,0.0,-0.47,9.6,90.4
2022-11-07 19:00:00,424.056925894446,0.0,0.0,20.5555556,10.848,45.833333333333336,0,5.1764362714980825,70.66250196097344,19,0,11,-0.9659258262890684,0.2588190451025203,0.0,1.0,-0.5000000000000004,0.8660254037844384,0.0,10.875,104.16666666666669,19.3,41.0,0.0,46.0,-1.7,4.185088,0.0,9.5,20.55000004,46.65,46.45,43.6,39.03333333333333,46.55,-9.7075556,0.0166666800000037,-0.0873333333333334,10.935333333333334,10.562666666666669,20.504321014444443,10.942,8.178944,8.316592,8.222989,7.6156073,8.304143,0,4.0,0,0.0,-0.47,9.6,90.4
2022-11-07 19:15:00,369.978255844444,0.0,0.0,20.55000004,10.562666666666669,46.55,0,5.1764362714980825,70.66250196097344,19,0,11,-0.9659258262890684,0.2588190451025203,0.0,1.0,-0.5000000000000004,0.8660254037844384,0.0,5.4375,80.97916666666667,18.625,41.1,0.0,49.75,-0.8999999999999999,4.4547024,0.0,9.25,20.503703706666663,45.833333333333336,46.65,46.45,43.6,46.11666666666667,-9.987333373333334,-0.0055555600000012,-0.2853333333333339,10.848,10.344,20.548148186666666,10.782000000000002,8.304143,8.178944,8.316592,8.222989,8.2046585,0,4.0,0,0.0,-0.47,9.6,90.4
2022-11-07 19:30:00,1477.911436777776,0.0,0.0,20.503703706666663,10.344,46.11666666666667,0,5.1764362714980825,70.66250196097344,19,0,11,-0.9659258262890684,0.2588190451025203,0.0,1.0,-0.5000000000000004,0.8660254037844384,0.0,1.8125,60.9375,17.950000000000003,41.2,0.0,53.5,-0.0999999999999998,4.7145915,0.0,9.0,20.588888880000003,46.55,45.833333333333336,46.65,46.45,47.25,-10.159703706666669,-0.0462963333333341,-0.2186666666666674,10.562666666666669,10.160666666666666,20.53641978222222,10.584888888888887,8.2046585,8.304143,8.178944,8.316592,8.448147,0,4.0,0,0.0,-0.48,9.9,90.1
2022-11-07 19:45:00,619.994088011116,0.0,0.0,20.588888880000003,10.160666666666666,47.25,0,5.1764362714980825,70.66250196097344,19,0,11,-0.9659258262890684,0.2588190451025203,0.0,1.0,-0.5000000000000004,0.8660254037844384,0.0,0.0,44.04166666666666,17.275000000000002,41.3,0.0,57.25,0.7000000000000004,4.964967,0.0,8.75,20.73518518,46.11666666666667,46.55,45.833333333333336,46.65,46.38333333333333,-10.428222213333337,0.0851851733333362,-0.1833333333333335,10.344,9.908666666666669,20.547530875555555,10.355777777777778,8.448147,8.2046585,8.304143,8.178944,8.364169,0,4.0,0,0.0,-0.46,9.3,90.7
2022-11-07 20:00:00,87.057628738886,0.0,0.0,20.73518518,9.908666666666669,46.38333333333333,0,5.1764362714980825,70.66250196097344,20,0,11,-0.8660254037844386,0.5000000000000001,0.0,1.0,-0.5000000000000004,0.8660254037844384,0.0,0.0,30.291666666666668,16.6,41.4,0.0,61.0,1.5,5.2060337,0.0,8.5,20.7777778,47.25,46.11666666666667,46.55,45.833333333333336,45.6,-10.826518513333331,0.1462962999999959,-0.2519999999999989,10.160666666666666,9.741333333333332,20.60925925555556,10.137777777777778,8.364169,8.448147,8.2046585,8.304143,8.243328,0,4.0,0,0.0,-0.43,8.8,91.2
2022-11-07 20:15:00,86.257382916666,0.0,0.0,20.7777778,9.741333333333332,45.6,0,5.1764362714980825,70.66250196097344,20,0,11,-0.8660254037844386,0.5000000000000001,0.0,1.0,-0.5000000000000004,0.8660254037844384,0.0,0.0,19.375,16.25,39.5,0.0,61.5,1.45,5.2067313,0.0,8.375,20.757407413333333,46.38333333333333,47.25,46.11666666666667,46.55,44.85,-11.036444466666666,0.0425926200000006,-0.1673333333333335,9.908666666666669,9.582666666666666,20.700617286666667,9.936888888888888,8.243328,8.364169,8.448147,8.2046585,8.098138,0,4.0,0,0.0,-0.42,8.7,91.3
2022-11-07 20:30:00,95.559788722216,0.0,0.0,20.757407413333333,9.582666666666666,44.85,0,5.1764362714980825,70.66250196097344,20,0,11,-0.8660254037844386,0.5000000000000001,0.0,1.0,-0.5000000000000004,0.8660254037844384,0.0,0.0,11.291666666666666,15.9,37.6,0.0,62.0,1.4,5.20704,0.0,8.25,20.68333335,45.6,46.38333333333333,47.25,46.11666666666667,44.15,-11.174740746666666,-0.0203703866666664,-0.1586666666666669,9.741333333333332,9.424,20.756790131111117,9.744222222222222,8.098138,8.243328,8.364169,8.448147,7.937438,0,4.0,0,0.0,-0.43,8.8,91.2
2022-11-07 20:45:00,82.12227061110801,0.0,0.0,20.68333335,9.424,44.15,0,5.1764362714980825,70.66250196097344,20,0,11,-0.8660254037844386,0.5000000000000001,0.0,1.0,-0.5000000000000004,0.8660254037844384,0.0,0.0,6.041666666666667,15.55,35.7,0.0,62.5,1.35,5.2069683,0.0,8.125,20.64629631333333,44.85,45.6,46.38333333333333,47.25,43.81666666666667,-11.25933335,-0.074074063333331,-0.1586666666666651,9.582666666666666,9.288,20.739506187777778,9.582666666666666,7.937438,8.098138,8.243328,8.364169,7.86053,0,4.0,0,0.0,-0.45,9.2,90.8
2022-11-07 21:00:00,76.54138263889,0.0,0.0,20.64629631333333,9.288,43.81666666666667,0,5.1764362714980825,70.66250196097344,21,0,11,-0.7071067811865477,0.7071067811865474,0.0,1.0,-0.5000000000000004,0.8660254037844384,0.0,0.0,3.625,15.2,33.8,0.0,63.0,1.3,5.20652,0.0,8.0,20.56666669,44.15,44.85,45.6,46.38333333333333,43.15,-11.358296313333334,-0.0370370366666676,-0.136000000000001,9.424,9.138,20.69567902555556,9.431555555555557,7.86053,7.937438,8.098138,8.243328,7.705093,0,4.0,0,0.0,-0.46,9.5,90.5
2022-11-07 21:15:00,71.071323816662,0.0,0.0,20.56666669,9.138,43.15,0,5.1764362714980825,70.66250196097344,21,0,11,-0.7071067811865477,0.7071067811865474,0.0,1.0,-0.5000000000000004,0.8660254037844384,0.0,0.0,1.8125,15.15,33.349999999999994,1.75,63.25,1.3,5.193578,0.0,7.9,20.48333332,43.81666666666667,44.15,44.85,45.6,42.81666666666667,-11.428666689999998,-0.0796296233333357,-0.1500000000000003,9.288,8.984666666666667,20.63209878444444,9.283333333333331,7.705093,7.86053,7.937438,8.098138,7.608505,0,4.0,0,0.0,-0.48,9.9,90.1
2022-11-07 21:30:00,65.172115277776,0.0,0.0,20.48333332,8.984666666666667,42.81666666666667,0,5.1764362714980825,70.66250196097344,21,0,11,-0.7071067811865477,0.7071067811865474,0.0,1.0,-0.5000000000000004,0.8660254037844384,0.0,0.0,0.6041666666666666,15.1,32.9,3.5,63.5,1.3,5.1805596,0.0,7.8,20.39999999,43.15,43.81666666666667,44.15,44.85,42.5,-11.498666653333332,-0.0833333699999983,-0.1533333333333324,9.138,8.794666666666668,20.565432107777777,9.13688888888889,7.608505,7.705093,7.86053,7.937438,7.515596,0,4.0,0,0.0,-0.51,10.4,89.6
2022-11-07 21:45:00,90.83192224444,0.0,0.0,20.39999999,8.794666666666668,42.5,0,5.1764362714980825,70.66250196097344,21,0,11,-0.7071067811865477,0.7071067811865474,0.0,1.0,-0.5000000000000004,0.8660254037844384,0.0,0.0,0.0,15.05,32.45,5.25,63.75,1.3,5.1674657,0.0,7.699999999999999,20.337037006666662,42.81666666666667,43.15,43.81666666666667,44.15,42.68333333333333,-11.605333323333332,-0.0833333299999985,-0.1899999999999995,8.984666666666667,8.653333333333334,20.48333333333333,8.972444444444443,7.515596,7.608505,7.705093,7.86053,7.5203176,0,4.0,0,0.0,-0.53,10.8,89.2
2022-11-07 22:00:00,90.94275114444,0.0,0.0,20.337037006666662,8.653333333333334,42.68333333333333,0,5.1764362714980825,70.66250196097344,22,0,11,-0.5000000000000004,0.8660254037844384,0.0,1.0,-0.5000000000000004,0.8660254037844384,0.0,0.0,0.0,15.0,32.0,7.0,64.0,1.3,5.1542983,0.0,7.6,20.36666666,42.5,42.81666666666667,43.15,43.81666666666667,42.9,-11.683703673333332,-0.0629629833333353,-0.1413333333333337,8.794666666666668,8.583333333333334,20.406790105555555,8.81088888888889,7.5203176,7.515596,7.608505,7.705093,7.571582,0,4.0,0,0.0,-0.54,11.1,88.9
2022-11-07 22:15:00,66.263460538886,0.0,0.0,20.36666666,8.583333333333334,42.9,0,5.1764362714980825,70.66250196097344,22,0,11,-0.5000000000000004,0.8660254037844384,0.0,1.0,-0.5000000000000004,0.8660254037844384,0.0,0.0,0.0,14.875,32.1,6.5,63.75,1.15,5.109312,0.0,7.524999999999999,20.316666656666666,42.68333333333333,42.5,42.81666666666667,43.15,41.88333333333333,-11.783333326666666,0.029629653333334,-0.0700000000000002,8.653333333333334,8.464,20.36790121888889,8.677111111111111,7.571582,7.5203176,7.515596,7.608505,7.370593,0,4.0,0,0.0,-0.53,10.9,89.1
2022-11-07 22:30:00,52.96538146666,0.0,0.0,20.316666656666666,8.464,41.88333333333333,0,5.1764362714980825,70.66250196097344,22,0,11,-0.5000000000000004,0.8660254037844384,0.0,1.0,-0.5000000000000004,0.8660254037844384,0.0,0.0,0.0,14.75,32.2,6.0,63.5,1.0,5.064625,0.0,7.449999999999999,20.19444447,42.9,42.68333333333333,42.5,42.81666666666667,41.45,-11.852666656666663,-0.0500000033333343,-0.1193333333333335,8.583333333333334,8.377333333333334,20.34012344111111,8.56688888888889,7.370593,7.571582,7.5203176,7.515596,7.2424192,0,4.0,0,0.0,-0.55,11.3,88.7
2022-11-07 22:45:00,412.56821886111,0.0,0.0,20.19444447,8.377333333333334,41.45,0,5.1764362714980825,70.66250196097344,22,0,11,-0.5000000000000004,0.8660254037844384,0.0,1.0,-0.5000000000000004,0.8660254037844384,0.0,0.0,0.0,14.625,32.3,5.5,63.25,0.85,5.0202365,0.0,7.375,20.069841265,41.88333333333333,42.9,42.68333333333333,42.5,41.021428571428565,-11.817111136666666,-0.122222186666665,-0.086666666666666,8.464,8.334285714285715,20.292592595555558,8.47488888888889,7.2424192,7.370593,7.571582,7.5203176,7.1154814,0,4.0,0,0.0,-0.58,12.1,87.9
2022-11-07 23:00:00,50.52853444444,0.0,0.0,20.069841265,8.334285714285715,41.021428571428565,0,5.1764362714980825,70.66250196097344,23,0,11,-0.2588190451025215,0.965925826289068,0.0,1.0,-0.5000000000000004,0.8660254037844384,0.0,0.0,0.0,14.5,32.4,5.0,63.0,0.7,4.9761443,0.0,7.3,19.952777750714286,41.45,41.88333333333333,42.9,42.68333333333333,40.94642857142857,-11.735555550714286,-0.1246032049999996,-0.0430476190476198,8.377333333333334,8.305,20.193650797222222,8.391873015873015,7.1154814,7.2424192,7.370593,7.571582,7.053956,0,4.0,0,0.0,-0.61,12.9,87.1
2022-11-07 23:15:00,56.331913399996,0.0,0.0,19.952777750714286,8.305,40.94642857142857,0,5.1764362714980825,70.66250196097344,23,0,11,-0.2588190451025215,0.965925826289068,0.0,1.0,-0.5000000000000004,0.8660254037844384,0.0,0.0,0.0,14.325,32.05,10.0,62.75,0.575,4.9323454,0.0,7.225,19.869841260714285,41.021428571428565,41.45,41.88333333333333,42.9,40.525,-11.647777750714289,-0.1170635142857143,-0.0292857142857148,8.334285714285715,8.241428571428571,20.0723544952381,8.338873015873016,7.053956,7.1154814,7.2424192,7.370593,6.947509,0,4.0,0,0.0,-0.64,13.6,86.4
2022-11-07 23:30:00,69.89609304444,0.0,0.0,19.869841260714285,8.241428571428571,40.525,0,5.1764362714980825,70.66250196097344,23,0,11,-0.2588190451025215,0.965925826289068,0.0,1.0,-0.5000000000000004,0.8660254037844384,0.0,0.0,0.0,14.15,31.7,15.0,62.5,0.4499999999999999,4.8888416,0.0,7.15,19.79444445,40.94642857142857,41.021428571428565,41.45,41.88333333333333,40.45,-11.628412689285714,-0.0829364900000015,-0.0635714285714286,8.305,8.174,19.96415342547619,8.293571428571427,6.947509,7.053956,7.1154814,7.2424192,6.9040637,0,4.0,0,0.0,-0.66,14.2,85.8
2022-11-07 23:45:00,51.28572632222,0.0,0.0,19.79444445,8.174,40.45,0,5.1764362714980825,70.66250196097344,23,0,11,-0.2588190451025215,0.965925826289068,0.0,1.0,-0.5000000000000004,0.8660254037844384,0.0,0.0,0.0,13.975,31.35,20.0,62.25,0.325,4.845628,0.0,7.075,19.757407413333333,40.525,40.94642857142857,41.021428571428565,41.45,40.03333333333333,-11.62044445,-0.0753968107142846,-0.0674285714285716,8.241428571428571,8.138,19.872354487142857,8.240142857142857,6.9040637,6.947509,7.053956,7.1154814,6.818115,0,4.0,0,0.0,-0.68,14.7,85.3
2022-11-08 00:00:00,44.583216649998,0.0,0.0,19.757407413333333,8.138,40.03333333333333,0,5.1764362714980825,70.66250196097344,0,1,11,0.0,1.0,0.7818314824680298,0.6234898018587336,-0.5000000000000004,0.8660254037844384,0.0,0.0,0.0,13.8,31.0,25.0,62.0,0.2,4.802706,0.0,7.0,19.67777779,40.45,40.525,40.94642857142857,41.021428571428565,39.95,-11.619407413333333,-0.0370370366666676,-0.0359999999999995,8.174,8.072666666666667,19.807231041349205,8.18447619047619,6.818115,6.9040637,6.947509,7.053956,6.7722006,0,4.0,0,0.0,-0.69,15.0,85.0
2022-11-08 00:15:00,61.328380216662,0.0,0.0,19.67777779,8.072666666666667,39.95,0,5.1764362714980825,70.66250196097344,0,1,11,0.0,1.0,0.7818314824680298,0.6234898018587336,-0.5000000000000004,0.8660254037844384,0.0,0.0,0.0,13.975,30.9,35.0,61.5,0.125,4.771721,0.0,7.025,19.59444445666667,40.03333333333333,40.45,40.525,40.94642857142857,39.53333333333333,-11.605111123333334,-0.0796296233333322,-0.0653333333333332,8.138,7.96,19.743209884444443,8.128222222222222,6.7722006,6.818115,6.9040637,6.947509,6.668852,0,4.0,0,0.0,-0.71,15.6,84.4
2022-11-08 00:30:00,54.056448955548,0.0,0.0,19.59444445666667,7.96,39.53333333333333,0,5.1764362714980825,70.66250196097344,0,1,11,0.0,1.0,0.7818314824680298,0.6234898018587336,-0.5000000000000004,0.8660254037844384,0.0,0.0,0.0,14.15,30.8,45.0,61.0,0.0499999999999999,4.7406216,0.0,7.05,19.55000004,39.95,40.03333333333333,40.45,40.525,39.5,-11.634444456666667,-0.0833333333333321,-0.1126666666666666,8.072666666666667,7.913333333333333,19.67654322,8.056888888888889,6.668852,6.7722006,6.818115,6.9040637,6.645854,0,4.0,0,0.0,-0.73,16.3,83.7
2022-11-08 00:45:00,47.97558106666,0.0,0.0,19.55000004,7.913333333333333,39.5,0,5.1764362714980825,70.66250196097344,0,1,11,0.0,1.0,0.7818314824680298,0.6234898018587336,-0.5000000000000004,0.8660254037844384,0.0,0.0,0.0,14.325,30.700000000000003,55.0,60.5,-0.025,4.709406,0.0,7.074999999999999,19.503703706666663,39.53333333333333,39.95,40.03333333333333,40.45,39.31666666666667,-11.636666706666666,-0.0444444166666677,-0.0466666666666668,7.96,7.828666666666667,19.60740742888889,7.981999999999999,6.645854,6.668852,6.7722006,6.818115,6.597031,0,4.0,0,0.0,-0.74,16.6,83.4
2022-11-08 01:00:00,46.88784682777,0.0,0.0,19.503703706666663,7.828666666666667,39.31666666666667,0,5.1764362714980825,70.66250196097344,1,1,11,0.2588190451025207,0.9659258262890684,0.7818314824680298,0.6234898018587336,-0.5000000000000004,0.8660254037844384,0.0,0.0,0.0,14.5,30.6,65.0,60.0,-0.1,4.6780753,0.0,7.1,19.45555553,39.5,39.53333333333333,39.95,40.03333333333333,39.0,-11.67503704,-0.0462963333333341,-0.0846666666666662,7.913333333333333,7.729333333333333,19.54938273444445,7.900666666666666,6.597031,6.645854,6.668852,6.7722006,6.525397,0,4.0,0,0.0,-0.75,17.0,83.0
2022-11-08 01:15:00,38.072921505554,0.0,0.0,19.45555553,7.729333333333333,39.0,0,5.1764362714980825,70.66250196097344,1,1,11,0.2588190451025207,0.9659258262890684,0.7818314824680298,0.6234898018587336,-0.5000000000000004,0.8660254037844384,0.0,0.0,0.0,14.375,30.875,61.75,60.0,-0.075,4.685677,0.0,7.125,19.3925926,39.31666666666667,39.5,39.53333333333333,39.95,39.0,-11.726222196666669,-0.0481481766666647,-0.0993333333333339,7.828666666666667,7.673333333333333,19.503086425555555,7.823777777777778,6.525397,6.597031,6.645854,6.668852,6.501274,0,4.0,0,0.0,-0.77,17.4,82.6
2022-11-08 01:30:00,43.201049672222,0.0,0.0,19.3925926,7.673333333333333,39.0,0,5.1764362714980825,70.66250196097344,1,1,11,0.2588190451025207,0.9659258262890684,0.7818314824680298,0.6234898018587336,-0.5000000000000004,0.8660254037844384,0.0,0.0,0.0,14.25,31.15,58.5,60.0,-0.05,4.6932883,0.0,7.15,19.34444443,39.0,39.31666666666667,39.5,39.53333333333333,38.95,-11.719259266666668,-0.0629629300000012,-0.056,7.729333333333333,7.673333333333333,19.45061727888889,7.743777777777777,6.501274,6.525397,6.597031,6.645854,6.4745684,0,4.0,0,0.0,-0.78,17.9,82.1
2022-11-08 01:45:00,63.116086455552,0.0,0.0,19.34444443,7.673333333333333,38.95,0,5.1764362714980825,70.66250196097344,1,1,11,0.2588190451025207,0.9659258262890684,0.7818314824680298,0.6234898018587336,-0.5000000000000004,0.8660254037844384,0.0,0.0,0.0,14.125,31.425,55.25,60.0,-0.0249999999999999,4.700911,0.0,7.175,19.281349225,39.0,39.0,39.31666666666667,39.5,38.53214285714286,-11.671111096666667,-0.048148170000001,0.0,7.673333333333333,7.6121428571428575,19.397530853333333,7.692,6.4745684,6.501274,6.525397,6.597031,6.3813605,0,4.0,0,0.0,-0.79,18.3,81.7
2022-11-08 02:00:00,48.072243816662,0.0,0.0,19.281349225,7.6121428571428575,38.53214285714286,0,5.1764362714980825,70.66250196097344,2,1,11,0.4999999999999999,0.8660254037844387,0.7818314824680298,0.6234898018587336,-0.5000000000000004,0.8660254037844384,0.0,0.0,0.0,14.0,31.7,52.0,60.0,-0.0,4.7085433,0.0,7.2,19.27222224,38.95,39.0,39.0,39.31666666666667,38.5,-11.66920636785714,-0.0630952050000033,-0.0611904761904753,7.673333333333333,7.492,19.339462085,7.652936507936508,6.3813605,6.4745684,6.501274,6.525397,6.3726106,0,4.0,0,0.0,-0.81,18.8,81.2
2022-11-08 02:15:00,40.268944727778,0.0,0.0,19.27222224,7.492,38.5,0,5.1764362714980825,70.66250196097344,2,1,11,0.4999999999999999,0.8660254037844387,0.7818314824680298,0.6234898018587336,-0.5000000000000004,0.8660254037844384,0.0,0.0,0.0,13.425,31.325,45.25,60.25,-0.075,4.689945,0.0,7.075,19.205555556666663,38.53214285714286,38.95,39.0,39.0,38.5,-11.78022224,-0.0091269849999946,-0.1201428571428575,7.6121428571428575,7.394,19.299338631666664,7.592492063492064,6.3726106,6.3813605,6.4745684,6.501274,6.347632,0,4.0,0,0.0,-0.81,18.9,81.1
2022-11-08 02:30:00,47.798921433328,0.0,0.0,19.205555556666663,7.394,38.5,0,5.1764362714980825,70.66250196097344,2,1,11,0.4999999999999999,0.8660254037844387,0.7818314824680298,0.6234898018587336,-0.5000000000000004,0.8660254037844384,0.0,0.0,0.0,12.85,30.95,38.5,60.5,-0.15,4.6713023,0.0,6.95,19.16111114,38.5,38.53214285714286,38.95,39.0,38.15,-11.811555556666663,-0.066666683333338,-0.0979999999999998,7.492,7.286,19.253042340555552,7.499380952380953,6.347632,6.3726106,6.3813605,6.4745684,6.2734737,0,4.0,0,0.0,-0.83,19.5,80.5
2022-11-08 02:45:00,38.959552822216,0.0,0.0,19.16111114,7.286,38.15,0,5.1764362714980825,70.66250196097344,2,1,11,0.4999999999999999,0.8660254037844387,0.7818314824680298,0.6234898018587336,-0.5000000000000004,0.8660254037844384,0.0,0.0,0.0,12.275,30.575,31.75,60.75,-0.225,4.652614,0.0,6.825,19.114102555384616,38.5,38.5,38.53214285714286,38.95,38.0,-11.875111139999998,-0.0444444166666642,-0.1079999999999996,7.394,7.28,19.21296297888889,7.390666666666667,6.2734737,6.347632,6.3726106,6.3813605,6.2315135,0,4.0,0,0.0,-0.84,19.9,80.1
2022-11-08 03:00:00,43.219660194438,0.0,0.0,19.114102555384616,7.28,38.0,0,5.1764362714980825,70.66250196097344,3,1,11,0.7071067811865476,0.7071067811865476,0.7818314824680298,0.6234898018587336,-0.5000000000000004,0.8660254037844384,0.0,0.0,0.0,11.7,30.2,25.0,61.0,-0.3,4.6338835,0.0,6.7,19.06587303928572,38.15,38.5,38.5,38.53214285714286,38.0,-11.834102555384614,-0.0470085846153836,-0.0060000000000002,7.286,7.187142857142858,19.160256417350425,7.32,6.2315135,6.2734737,6.347632,6.3726106,6.2138143,0,4.0,0,0.0,-0.85,20.3,79.7
2022-11-08 03:15:00,60.0159326,0.0,0.0,19.06587303928572,7.187142857142858,38.0,0,5.1764362714980825,70.66250196097344,3,1,11,0.7071067811865476,0.7071067811865476,0.7818314824680298,0.6234898018587336,-0.5000000000000004,0.8660254037844384,0.0,0.0,0.0,11.65,28.675,18.75,61.5,-0.3,4.6339498,0.0,6.575,19.003703706666663,38.0,38.15,38.5,38.5,38.0,-11.878730182142858,-0.0482295160988996,-0.0928571428571425,7.28,7.061333333333334,19.11369557822344,7.251047619047619,6.2138143,6.2315135,6.2734737,6.347632,6.191062,0,4.0,0,0.0,-0.86,20.7,79.3
2022-11-08 03:30:00,45.139305655548,0.0,0.0,19.003703706666663,7.061333333333334,38.0,0,5.1764362714980825,70.66250196097344,3,1,11,0.7071067811865476,0.7071067811865476,0.7818314824680298,0.6234898018587336,-0.5000000000000004,0.8660254037844384,0.0,0.0,0.0,11.6,27.15,12.5,62.0,-0.3,4.6336703,0.0,6.45,18.99444444,38.0,38.0,38.15,38.5,38.0,-11.942370373333333,-0.0621693326190495,-0.125809523809524,7.187142857142858,7.082666666666666,19.061226433779,7.17615873015873,6.191062,6.2138143,6.2315135,6.2734737,6.1876793,0,4.0,0,0.0,-0.88,21.2,78.8
2022-11-08 03:45:00,38.859278966664,0.0,0.0,18.99444444,7.082666666666666,38.0,0,5.1764362714980825,70.66250196097344,3,1,11,0.7071067811865476,0.7071067811865476,0.7818314824680298,0.6234898018587336,-0.5000000000000004,0.8660254037844384,0.0,0.0,0.0,11.55,25.625,6.25,62.5,-0.3,4.633051,0.0,6.325,18.948148106666665,38.0,38.0,38.0,38.15,37.81666666666667,-11.911777773333332,-0.0092592666666675,0.0213333333333327,7.061333333333334,7.189333333333334,19.02134039531746,7.110380952380953,6.1876793,6.191062,6.2138143,6.2315135,6.14102,0,4.0,0,0.0,-0.88,21.3,78.7
2022-11-08 04:00:00,49.79189732777,0.0,0.0,18.948148106666665,7.189333333333334,37.81666666666667,0,5.1764362714980825,70.66250196097344,4,1,11,0.8660254037844386,0.5000000000000001,0.7818314824680298,0.6234898018587336,-0.5000000000000004,0.8660254037844384,0.0,0.0,0.0,11.5,24.1,0.0,63.0,-0.3,4.6320963,0.0,6.2,18.89999999,38.0,38.0,38.0,38.0,37.5,-11.75881477333333,-0.0462963333333341,0.1066666666666673,7.082666666666666,7.272,18.98209875111111,7.111111111111112,6.14102,6.1876793,6.191062,6.2138143,6.072306,0,4.0,0,0.0,-0.89,21.8,78.2
2022-11-08 04:15:00,37.984313949998,0.0,0.0,18.89999999,7.272,37.5,0,5.1764362714980825,70.66250196097344,4,1,11,0.8660254037844386,0.5000000000000001,0.7818314824680298,0.6234898018587336,-0.5000000000000004,0.8660254037844384,0.0,0.0,0.0,11.5,24.025,1.5,64.5,-0.125,4.7114434,0.0,6.1,18.837037006666662,37.81666666666667,38.0,38.0,38.0,37.5,-11.62799999,-0.0481481166666633,0.0826666666666664,7.189333333333334,7.204,18.94753084555555,7.181333333333334,6.072306,6.14102,6.1876793,6.191062,6.04976,0,4.0,0,0.0,-0.9,22.3,77.7
2022-11-08 04:30:00,51.874591699996,0.0,0.0,18.837037006666662,7.204,37.5,0,5.1764362714980825,70.66250196097344,4,1,11,0.8660254037844386,0.5000000000000001,0.7818314824680298,0.6234898018587336,-0.5000000000000004,0.8660254037844384,0.0,0.0,0.0,11.5,23.950000000000003,3.0,66.0,0.0499999999999999,4.7895346,0.0,6.0,18.82777775,37.5,37.81666666666667,38.0,38.0,37.5,-11.633037006666664,-0.0629629833333353,-0.0680000000000005,7.272,6.932,18.89506170111111,7.221777777777778,6.04976,6.072306,6.14102,6.1876793,6.04645,0,4.0,0,0.0,-0.92,22.8,77.2
2022-11-08 04:45:00,393.231492344444,0.0,0.0,18.82777775,6.932,37.5,0,5.1764362714980825,70.66250196097344,4,1,11,0.8660254037844386,0.5000000000000001,0.7818314824680298,0.6234898018587336,-0.5000000000000004,0.8660254037844384,0.0,0.0,0.0,11.5,23.875,4.5,67.5,0.2249999999999999,4.866377,0.0,5.9,18.7814815,37.5,37.5,37.81666666666667,38.0,37.31666666666667,-11.89577775,-0.0092592566666667,-0.2719999999999993,7.204,6.846,18.85493824888889,7.136,6.04645,6.04976,6.072306,6.14102,6.0004463,0,4.0,0,0.0,-0.92,22.9,77.1
2022-11-08 05:00:00,39.881738016666,0.0,0.0,18.7814815,6.846,37.31666666666667,0,5.1764362714980825,70.66250196097344,5,1,11,0.9659258262890684,0.2588190451025207,0.7818314824680298,0.6234898018587336,-0.5000000000000004,0.8660254037844384,0.0,0.0,0.0,11.5,23.8,6.0,69.0,0.4,4.941983,0.0,5.8,18.77222224,37.5,37.5,37.5,37.81666666666667,37.0,-11.935481499999998,-0.046296250000001,-0.0860000000000003,6.932,6.892,18.81543208555556,6.994,6.0004463,6.04645,6.04976,6.072306,5.946272,0,4.0,0,0.0,-0.93,23.4,76.6
2022-11-08 05:15:00,37.7659893,0.0,0.0,18.77222224,6.892,37.0,0,5.1764362714980825,70.66250196097344,5,1,11,0.9659258262890684,0.2588190451025207,0.7818314824680298,0.6234898018587336,-0.5000000000000004,0.8660254037844384,0.0,0.0,0.0,11.5,23.6,8.25,69.75,0.55,4.979327,0.0,5.75,18.725925906666667,37.31666666666667,37.5,37.5,37.5,37.0,-11.880222240000002,-0.0092592599999967,0.0459999999999993,6.846,6.944000000000001,18.793827163333333,6.89,5.946272,6.0004463,6.04645,6.04976,5.9300146,0,4.0,0,0.0,-0.94,23.5,76.5
2022-11-08 05:30:00,49.311361016658,0.0,0.0,18.725925906666667,6.944000000000001,37.0,0,5.1764362714980825,70.66250196097344,5,1,11,0.9659258262890684,0.2588190451025207,0.7818314824680298,0.6234898018587336,-0.5000000000000004,0.8660254037844384,0.0,0.0,0.0,11.5,23.4,10.5,70.5,0.7,5.0163655,0.0,5.699999999999999,18.68333335,37.0,37.31666666666667,37.5,37.5,37.0,-11.781925906666666,-0.0462963333333341,0.0520000000000013,6.892,6.8453333333333335,18.75987654888889,6.894000000000001,5.9300146,5.946272,6.0004463,6.04645,5.9150925,0,4.0,0,0.0,-0.95,23.9,76.1
2022-11-08 05:45:00,39.190376888884,0.0,0.0,18.68333335,6.8453333333333335,37.0,0,5.1764362714980825,70.66250196097344,5,1,11,0.9659258262890684,0.2588190451025207,0.7818314824680298,0.6234898018587336,-0.5000000000000004,0.8660254037844384,0.0,0.0,0.0,11.5,23.2,12.75,71.25,0.8500000000000001,5.053102,0.0,5.65,18.6666667,37.0,37.0,37.31666666666667,37.5,37.0,-11.838000016666667,-0.0425925566666656,-0.0986666666666673,6.944000000000001,6.750666666666667,18.72716049888889,6.893777777777778,5.9150925,5.9300146,5.946272,6.0004463,5.9092627,0,4.0,0,0.0,-0.96,24.3,75.7
2022-11-08 06:00:00,53.82923566111,0.0,0.0,18.6666667,6.750666666666667,37.0,0,5.1764362714980825,70.66250196097344,6,1,11,1.0,6.123233995736766e-17,0.7818314824680298,0.6234898018587336,-0.5000000000000004,0.8660254037844384,0.0,0.0,0.0,11.5,23.0,15.0,72.0,1.0,5.089535,0.0,5.6,18.62777778,37.0,37.0,37.0,37.31666666666667,37.0,-11.916000033333331,-0.0166666500000012,-0.0946666666666669,6.8453333333333335,6.645333333333334,18.69197531888889,6.846666666666668,5.9092627,5.9150925,5.9300146,5.946272,5.895676,0,4.0,0,0.0,-0.96,24.5,75.5
2022-11-08 06:15:00,62.475000966664,0.0,0.0,18.62777778,6.645333333333334,37.0,0,5.1764362714980825,70.66250196097344,6,1,11,1.0,6.123233995736766e-17,0.7818314824680298,0.6234898018587336,-0.5000000000000004,0.8660254037844384,0.0,0.0,0.0,11.35,22.925,15.25,72.75,1.075,5.1256695,0.0,5.55,18.6111111,37.0,37.0,37.0,37.0,37.18333333333333,-11.982444446666666,-0.0388889200000015,-0.1053333333333323,6.750666666666667,6.534666666666666,18.659259276666667,6.747111111111111,5.895676,5.9092627,5.9150925,5.9300146,5.919048,0,4.0,0,0.0,-0.97,24.9,75.1
2022-11-08 06:30:00,39.491198138886,0.0,0.0,18.6111111,6.534666666666666,37.18333333333333,0,5.1764362714980825,70.66250196097344,6,1,11,1.0,6.123233995736766e-17,0.7818314824680298,0.6234898018587336,-0.5000000000000004,0.8660254037844384,0.0,0.0,0.0,11.2,22.85,15.5,73.5,1.15,5.1615033,0.0,5.5,18.57222225,37.0,37.0,37.0,37.0,37.5,-12.076444433333332,-0.0166666800000001,-0.1106666666666678,6.645333333333334,6.394666666666667,18.63518519333333,6.643555555555555,5.919048,5.895676,5.9092627,5.9150925,5.9557266,0,4.0,0,0.0,-0.97,25.0,75.0
2022-11-08 06:45:00,37.951815249998,0.0,0.0,18.57222225,6.394666666666667,37.5,0,5.1764362714980825,70.66250196097344,6,1,11,1.0,6.123233995736766e-17,0.7818314824680298,0.6234898018587336,-0.5000000000000004,0.8660254037844384,0.0,0.0,0.0,11.05,22.775,15.75,74.25,1.225,5.197039,0.0,5.45,18.53518521333333,37.18333333333333,37.0,37.0,37.0,37.5,-12.177555583333334,-0.0388888499999993,-0.1399999999999996,6.534666666666666,6.266,18.60370371,6.5248888888888885,5.9557266,5.919048,5.895676,5.9092627,5.9426756,0,4.0,0,0.0,-0.98,25.3,74.7
2022-11-08 07:00:00,46.988953833328,0.0,0.0,18.53518521333333,6.266,37.5,0,5.1764362714980825,70.66250196097344,7,1,11,0.9659258262890684,-0.2588190451025206,0.7818314824680298,0.6234898018587336,-0.5000000000000004,0.8660254037844384,0.0,0.0,0.0,10.9,22.7,16.0,75.0,1.3,5.2322803,0.0,5.4,18.5,37.5,37.18333333333333,37.0,37.0,37.5,-12.269185213333332,-0.0370370366666676,-0.1286666666666667,6.394666666666667,6.105333333333333,18.57283952111111,6.398444444444444,5.9426756,5.9557266,5.919048,5.895676,5.9303017,0,4.0,0,0.0,-0.99,25.6,74.4
2022-11-08 07:15:00,45.304576711108,0.0,0.0,18.5,6.105333333333333,37.5,0,5.1764362714980825,70.66250196097344,7,1,11,0.9659258262890684,-0.2588190451025206,0.7818314824680298,0.6234898018587336,-0.5000000000000004,0.8660254037844384,0.25,0.0625,0.0208333333333333,10.475,22.525,19.5,75.5,1.125,5.181057,0.0,5.15,18.5,37.5,37.5,37.18333333333333,37.0,37.5,-12.394666666666666,-0.0351852133333316,-0.1606666666666667,6.266,5.996,18.535802487777776,6.255333333333333,5.9303017,5.9426756,5.9557266,5.919048,5.9303017,0,4.0,0,0.0,-1.0,26.0,74.0
2022-11-08 07:30:00,53.445362283326,0.0,0.0,18.5,5.996,37.5,0,5.1764362714980825,70.66250196097344,7,1,11,0.9659258262890684,-0.2588190451025206,0.7818314824680298,0.6234898018587336,-0.5000000000000004,0.8660254037844384,0.5,0.1875,0.0625,10.05,22.35,23.0,76.0,0.95,5.1299343,0.0,4.9,18.5,37.5,37.5,37.5,37.18333333333333,37.5,-12.504,0.0,-0.1093333333333337,6.105333333333333,5.972,18.511728404444444,6.122444444444445,5.9303017,5.9303017,5.9426756,5.9557266,5.9303017,0,4.0,0,0.0,-1.0,26.0,74.0
2022-11-08 07:45:00,56.224973277772,0.0,0.0,18.5,5.972,37.5,0,5.1764362714980825,70.66250196097344,7,1,11,0.9659258262890684,-0.2588190451025206,0.7818314824680298,0.6234898018587336,-0.5000000000000004,0.8660254037844384,0.75,0.375,0.125,9.625,22.175,26.5,76.5,0.775,5.078924,0.0,4.65,18.479629613333334,37.5,37.5,37.5,37.5,37.31666666666667,-12.528,0.0,-0.024,5.996,6.037333333333334,18.5,6.024444444444444,5.9303017,5.9303017,5.9303017,5.9426756,5.894191,0,4.0,0,0.0,-1.0,26.0,74.0
2022-11-08 08:00:00,49.10414692222,0.0,0.0,18.479629613333334,6.037333333333334,37.31666666666667,0,5.1764362714980825,70.66250196097344,8,1,11,0.8660254037844387,-0.4999999999999998,0.7818314824680298,0.6234898018587336,-0.5000000000000004,0.8660254037844384,1.0,0.625,0.2083333333333333,9.2,22.0,30.0,77.0,0.6,5.028032,0.0,4.4,18.44999996,37.5,37.5,37.5,37.5,37.35,-12.44229628,-0.0203703866666664,0.0653333333333341,5.972,6.315333333333333,18.49320987111111,6.001777777777778,5.894191,5.9303017,5.9303017,5.9303017,5.889104,0,4.0,0,0.0,-1.0,26.2,73.8
2022-11-08 08:15:00,80.894264033336,0.0,0.0,18.44999996,6.315333333333333,37.35,0,5.1764362714980825,70.66250196097344,8,1,11,0.8660254037844387,-0.4999999999999998,0.7818314824680298,0.6234898018587336,-0.5000000000000004,0.8660254037844384,18.0,5.0625,1.7083333333333333,10.325,23.35,24.75,75.0,0.6,5.00414,0.0,4.7250000000000005,18.475925906666664,37.31666666666667,37.5,37.5,37.5,37.31666666666667,-12.134666626666666,-0.029629653333334,0.2779999999999996,6.037333333333334,6.293333333333334,18.47654319111111,6.1082222222222216,5.889104,5.894191,5.9303017,5.9303017,5.8928957,0,4.0,0,0.0,-1.01,26.5,73.5
2022-11-08 08:30:00,56.755507505554,0.0,0.0,18.475925906666664,6.293333333333334,37.31666666666667,0,5.1764362714980825,70.66250196097344,8,1,11,0.8660254037844387,-0.4999999999999998,0.7818314824680298,0.6234898018587336,-0.5000000000000004,0.8660254037844384,35.0,13.6875,4.625,11.45,24.7,19.5,73.0,0.6,4.976532,0.0,5.050000000000001,18.4444444,37.35,37.31666666666667,37.5,37.5,37.0,-12.18259257333333,0.0259259466666641,-0.0219999999999993,6.315333333333333,6.46,18.46851849333333,6.215333333333334,5.8928957,5.889104,5.894191,5.9303017,5.831997,0,4.0,0,0.0,-1.0,26.3,73.7
2022-11-08 08:45:00,63.915221238882,0.0,0.0,18.4444444,6.46,37.0,0,5.1764362714980825,70.66250196097344,8,1,11,0.8660254037844387,-0.4999999999999998,0.7818314824680298,0.6234898018587336,-0.5000000000000004,0.8660254037844384,52.00000000000001,26.5,8.958333333333334,12.575,26.05,14.25,71.0,0.6,4.9450746,0.0,5.375,18.46481478666667,37.31666666666667,37.35,37.31666666666667,37.5,36.81666666666667,-11.984444399999996,-0.0314815066666653,0.166666666666666,6.293333333333334,6.548666666666667,18.456790088888887,6.356222222222222,5.831997,5.8928957,5.889104,5.894191,5.810111,0,4.0,0,0.0,-1.01,26.6,73.4
2022-11-08 09:00:00,49.504964272218,0.0,0.0,18.46481478666667,6.548666666666667,36.81666666666667,0,5.1764362714980825,70.66250196097344,9,1,11,0.7071067811865476,-0.7071067811865475,0.7818314824680298,0.6234898018587336,-0.5000000000000004,0.8660254037844384,69.0,43.5,14.708333333333334,13.7,27.4,9.0,69.0,0.6,4.9096346,0.0,5.7,18.75555557,37.0,37.31666666666667,37.35,37.31666666666667,36.4,-11.916148120000004,0.02037038666667,0.0886666666666666,6.46,6.758666666666667,18.461728364444443,6.434,5.810111,5.831997,5.8928957,5.889104,5.8440847,0,4.0,0,0.0,-1.01,26.5,73.5
2022-11-08 09:15:00,47.028674427774,0.0,0.0,18.75555557,6.758666666666667,36.4,0,5.1764362714980825,70.66250196097344,9,1,11,0.7071067811865476,-0.7071067811865475,0.7818314824680298,0.6234898018587336,-0.5000000000000004,0.8660254037844384,106.75,65.6875,23.604166666666668,14.4,29.9,16.75,67.5,0.375,4.842489,0.0,5.825,19.55185184333333,36.81666666666667,37.0,37.31666666666667,37.35,35.2,-11.996888903333335,0.2907407833333337,0.2099999999999999,6.548666666666667,6.975333333333333,18.554938252222225,6.589111111111111,5.8440847,5.810111,5.831997,5.8928957,5.9230247,0,4.0,0,0.0,-0.94,23.8,76.2
2022-11-08 09:30:00,49.961890344444,0.0,0.0,19.55185184333333,6.975333333333333,35.2,0,5.1764362714980825,70.66250196097344,9,1,11,0.7071067811865476,-0.7071067811865475,0.7818314824680298,0.6234898018587336,-0.5000000000000004,0.8660254037844384,144.5,93.0625,35.645833333333336,15.1,32.4,24.5,66.0,0.1499999999999999,4.7738624,0.0,5.95,20.23452377642857,36.4,36.81666666666667,37.0,37.31666666666667,34.096428571428575,-12.57651851,0.7962962733333327,0.2166666666666667,6.758666666666667,6.962142857142857,18.924074066666662,6.760888888888889,5.9230247,5.8440847,5.810111,5.831997,5.9715285,0,4.0,0,0.0,-0.77,17.3,82.7
2022-11-08 09:45:00,39.746465644444,0.0,0.0,20.23452377642857,6.962142857142857,34.096428571428575,0,5.1764362714980825,70.66250196097344,9,1,11,0.7071067811865476,-0.7071067811865475,0.7818314824680298,0.6234898018587336,-0.5000000000000004,0.8660254037844384,182.25,125.625,50.833333333333336,15.8,34.9,32.25,64.5,-0.0749999999999999,4.703737,0.0,6.075,20.50925927333333,35.2,36.4,36.81666666666667,37.0,33.35,-13.272380919285713,0.6826719330952358,-0.0131904761904761,6.975333333333333,7.050666666666666,19.51397706325397,6.898714285714287,5.9715285,5.9230247,5.8440847,5.810111,5.935252,0,4.0,0,0.0,-0.61,12.9,87.1
2022-11-08 10:00:00,59.477898655552,0.0,0.0,20.50925927333333,7.050666666666666,33.35,0,5.1764362714980825,70.66250196097344,10,1,11,0.4999999999999999,-0.8660254037844387,0.7818314824680298,0.6234898018587336,-0.5000000000000004,0.8660254037844384,220.0,163.375,69.16666666666667,16.5,37.4,40.0,63.0,-0.3,4.6320963,0.0,6.2,20.60000001,34.096428571428575,35.2,36.4,36.81666666666667,32.95,-13.458592606666668,0.2747354969047642,0.0885238095238092,6.962142857142857,7.111999999999999,20.09854496436508,6.996047619047619,5.935252,5.9715285,5.9230247,5.8440847,5.8951697,0,4.0,0,0.0,-0.56,11.4,88.6
2022-11-08 10:15:00,66.841770655556,0.0,0.0,20.60000001,7.111999999999999,32.95,0,5.1764362714980825,70.66250196097344,10,1,11,0.4999999999999999,-0.8660254037844387,0.7818314824680298,0.6234898018587336,-0.5000000000000004,0.8660254037844384,247.75,198.625,89.79166666666667,15.975,37.5,31.0,61.0,-0.825,4.463084,0.0,6.125,20.68333334333333,33.35,34.096428571428575,35.2,36.4,32.35,-13.48800001,0.0907407366666639,0.0613333333333327,7.050666666666666,7.310666666666666,20.447927686587303,7.041603174603174,5.8951697,5.935252,5.9715285,5.9230247,5.8159933,0,4.0,0,0.0,-0.54,11.0,89.0
2022-11-08 10:30:00,43.151329444444,0.0,0.0,20.68333334333333,7.310666666666666,32.35,0,5.1764362714980825,70.66250196097344,10,1,11,0.4999999999999999,-0.8660254037844387,0.7818314824680298,0.6234898018587336,-0.5000000000000004,0.8660254037844384,275.5,231.375,112.70833333333331,15.45,37.6,22.0,59.0,-1.35,4.295603,0.0,6.050000000000001,20.84444444,32.95,33.35,34.096428571428575,35.2,31.6,-13.372666676666668,0.0833333333333357,0.198666666666667,7.111999999999999,7.558666666666666,20.59753087555556,7.157777777777778,5.8159933,5.8951697,5.935252,5.9715285,5.7346835,0,4.0,0,0.0,-0.52,10.7,89.3
2022-11-08 10:45:00,393.231770116666,0.0,0.0,20.84444444,7.558666666666666,31.6,0,5.1764362714980825,70.66250196097344,10,1,11,0.4999999999999999,-0.8660254037844387,0.7818314824680298,0.6234898018587336,-0.5000000000000004,0.8660254037844384,303.25,261.625,137.91666666666666,14.925,37.7,13.0,57.0,-1.875,4.129643,0.0,5.9750000000000005,20.961111086666666,32.35,32.95,33.35,34.096428571428575,31.216666666666665,-13.285777773333333,0.1611110966666658,0.2480000000000002,7.310666666666666,7.752666666666667,20.709259264444444,7.327111111111111,5.7346835,5.8159933,5.8951697,5.935252,5.7036786,0,4.0,0,0.0,-0.49,10.0,90.0
2022-11-08 11:00:00,1057.419646005554,0.0,0.0,20.961111086666666,7.752666666666667,31.216666666666665,0,5.1764362714980825,70.66250196097344,11,1,11,0.258819045102521,-0.9659258262890682,0.7818314824680298,0.6234898018587336,-0.5000000000000004,0.8660254037844384,331.0,289.375,165.41666666666666,14.4,37.8,4.0,55.0,-2.4,3.9651961,0.0,5.9,20.90555556,31.6,32.35,32.95,33.35,31.4,-13.20844442,0.1166666466666654,0.1940000000000008,7.558666666666666,8.233333333333333,20.82962962333333,7.540666666666667,5.7036786,5.7346835,5.8159933,5.8951697,5.7186785,0,4.0,0,0.0,-0.46,9.5,90.5
2022-11-08 11:15:00,1211.482927594446,0.0,0.0,20.90555556,8.233333333333333,31.4,0,5.1764362714980825,70.66250196097344,11,1,11,0.258819045102521,-0.9659258262890682,0.7818314824680298,0.6234898018587336,-0.5000000000000004,0.8660254037844384,363.5,318.3125,194.20833333333331,13.8,37.075,3.0,54.25,-2.525,3.9368522,0.0,6.0,20.631481453333333,31.216666666666665,31.6,32.35,32.95,30.566666666666663,-12.672222226666667,-0.0555555266666658,0.4806666666666652,7.752666666666667,8.290666666666665,20.903703695555556,7.848222222222223,5.7186785,5.7036786,5.7346835,5.8159933,5.478805,0,4.0,0,0.0,-0.47,9.7,90.3
2022-11-08 11:30:00,239.057381788888,0.0,0.0,20.631481453333333,8.290666666666665,30.566666666666663,0,5.1764362714980825,70.66250196097344,11,1,11,0.258819045102521,-0.9659258262890682,0.7818314824680298,0.6234898018587336,-0.5000000000000004,0.8660254037844384,396.0,348.4375,224.29166666666663,13.2,36.35,2.0,53.5,-2.65,3.9079418,0.0,6.1,20.34444444,31.4,31.216666666666665,31.6,32.35,30.45,-12.340814786666668,-0.2740741066666672,0.0573333333333323,8.233333333333333,8.196666666666667,20.83271603333333,8.09222222222222,5.478805,5.7186785,5.7036786,5.7346835,5.3672647,0,4.0,0,0.0,-0.54,11.2,88.8
2022-11-08 11:45:00,65.265722716662,0.0,0.0,20.34444444,8.196666666666667,30.45,0,5.1764362714980825,70.66250196097344,11,1,11,0.258819045102521,-0.9659258262890682,0.7818314824680298,0.6234898018587336,-0.5000000000000004,0.8660254037844384,428.5,379.75,255.66666666666663,12.6,35.625,1.0,52.75,-2.775,3.8784611,0.0,6.2,20.474074066666667,30.566666666666663,31.4,31.216666666666665,31.6,30.03333333333333,-12.147777773333331,-0.2870370133333324,-0.0939999999999976,8.290666666666665,8.248666666666667,20.627160484444445,8.240222222222222,5.3672647,5.478805,5.7186785,5.7036786,5.33403,0,4.0,0,0.0,-0.61,12.8,87.2
2022-11-08 12:00:00,42.584407622224,0.0,0.0,20.474074066666667,8.248666666666667,30.03333333333333,0,5.1764362714980825,70.66250196097344,12,1,11,1.2246467991473532e-16,-1.0,0.7818314824680298,0.6234898018587336,-0.5000000000000004,0.8660254037844384,461.0,412.25,288.3333333333333,12.0,34.9,0.0,52.0,-2.9,3.8484044,0.0,6.3,20.61666667,30.45,30.566666666666663,31.4,31.216666666666665,29.95,-12.2254074,0.1296296266666665,0.0519999999999996,8.196666666666667,8.375333333333334,20.48333332,8.245333333333333,5.33403,5.3672647,5.478805,5.7186785,5.3636394,0,4.0,0,0.0,-0.58,12.1,87.9
2022-11-08 12:15:00,42.43358025556,0.0,0.0,20.61666667,8.375333333333334,29.95,0,5.1764362714980825,70.66250196097344,12,1,11,1.2246467991473532e-16,-1.0,0.7818314824680298,0.6234898018587336,-0.5000000000000004,0.8660254037844384,473.5,439.75,318.8958333333333,11.825,33.925,0.0,51.5,-2.9,3.8489354,0.0,6.45,20.85925922333333,30.03333333333333,30.45,30.566666666666663,31.4,29.53333333333333,-12.241333336666663,0.1425926033333304,0.1266666666666669,8.248666666666667,8.472,20.47839505888889,8.273555555555555,5.3636394,5.33403,5.3672647,5.478805,5.364251,0,4.0,0,0.0,-0.55,11.3,88.7
2022-11-08 12:30:00,53.98311842222,0.0,0.0,20.85925922333333,8.472,29.53333333333333,0,5.1764362714980825,70.66250196097344,12,1,11,1.2246467991473532e-16,-1.0,0.7818314824680298,0.6234898018587336,-0.5000000000000004,0.8660254037844384,486.0,462.25,347.3541666666667,11.65,32.95,0.0,51.0,-2.9,3.8490582,0.0,6.6,20.89444444,29.95,30.03333333333333,30.45,30.566666666666663,29.15,-12.387259223333333,0.2425925533333348,0.0966666666666657,8.375333333333334,8.344,20.649999986666664,8.365333333333334,5.364251,5.3636394,5.33403,5.3672647,5.3054705,0,4.0,0,0.0,-0.5,10.1,89.9
2022-11-08 12:45:00,49.038038416666,0.0,0.0,20.89444444,8.344,29.15,0,5.1764362714980825,70.66250196097344,12,1,11,1.2246467991473532e-16,-1.0,0.7818314824680298,0.6234898018587336,-0.5000000000000004,0.8660254037844384,498.5,479.75,373.7083333333333,11.475,31.975,0.0,50.5,-2.9,3.8487642,0.0,6.75,20.74444447,29.53333333333333,29.95,30.03333333333333,30.45,29.0,-12.550444439999998,0.0351852166666653,-0.1280000000000001,8.472,8.477333333333332,20.790123444444443,8.39711111111111,5.3054705,5.364251,5.3636394,5.33403,5.232304,0,4.0,0,0.0,-0.49,10.0,90.0
2022-11-08 13:00:00,58.342666233332,0.0,0.0,20.74444447,8.477333333333332,29.0,0,5.1764362714980825,70.66250196097344,13,1,11,-0.2588190451025208,-0.9659258262890684,0.7818314824680298,0.6234898018587336,-0.5000000000000004,0.8660254037844384,511.0,492.25,397.9583333333333,11.3,31.0,0.0,50.0,-2.9,3.8480465,0.0,6.9,20.58333337,29.15,29.53333333333333,29.95,30.03333333333333,28.65,-12.267111136666667,-0.1499999699999961,0.1333333333333328,8.344,8.353333333333333,20.83271604444444,8.431111111111111,5.232304,5.3054705,5.364251,5.3636394,5.1208687,0,4.0,0,0.0,-0.53,10.8,89.2
2022-11-08 13:15:00,61.481151872218,0.0,0.0,20.58333337,8.353333333333333,28.65,0,5.1764362714980825,70.66250196097344,13,1,11,-0.2588190451025208,-0.9659258262890684,0.7818314824680298,0.6234898018587336,-0.5000000000000004,0.8660254037844384,508.0,500.875,419.6458333333333,11.55,31.0,0.0,49.75,-2.9,3.8475263,0.0,6.9750000000000005,20.48333332,29.0,29.15,29.53333333333333,29.95,28.5,-12.230000036666665,-0.1611111000000029,-0.1239999999999987,8.477333333333332,8.291333333333334,20.74074076,8.391555555555556,5.1208687,5.232304,5.3054705,5.364251,5.064439,0,4.0,0,0.0,-0.57,11.7,88.3
2022-11-08 13:30:00,44.005461844448,0.0,0.0,20.48333332,8.291333333333334,28.5,0,5.1764362714980825,70.66250196097344,13,1,11,-0.2588190451025208,-0.9659258262890684,0.7818314824680298,0.6234898018587336,-0.5000000000000004,0.8660254037844384,505.0,505.625,438.7708333333333,11.8,31.0,0.0,49.5,-2.9,3.846898,0.0,7.050000000000001,20.30555556,28.65,29.0,29.15,29.53333333333333,28.2,-12.191999986666666,-0.1000000499999984,-0.0619999999999993,8.353333333333333,8.472,20.60370372,8.374,5.064439,5.1208687,5.232304,5.3054705,4.959392,0,4.0,0,0.0,-0.59,12.3,87.7
2022-11-08 13:45:00,42.470801116666,0.0,0.0,20.30555556,8.472,28.2,0,5.1764362714980825,70.66250196097344,13,1,11,-0.2588190451025208,-0.9659258262890684,0.7818314824680298,0.6234898018587336,-0.5000000000000004,0.8660254037844384,502.0,506.5,455.3333333333333,12.05,31.0,0.0,49.25,-2.9,3.8461595,0.0,7.125,20.02962964,28.5,28.65,29.0,29.15,28.466666666666665,-11.833555560000002,-0.1777777599999979,0.1806666666666654,8.291333333333334,8.611333333333333,20.457407416666666,8.372222222222222,4.959392,5.064439,5.1208687,5.232304,4.926153,0,4.0,0,0.0,-0.63,13.4,86.6
2022-11-08 14:00:00,51.45710838333,0.0,0.0,20.02962964,8.611333333333333,28.466666666666665,0,5.1764362714980825,70.66250196097344,14,1,11,-0.4999999999999997,-0.8660254037844388,0.7818314824680298,0.6234898018587336,-0.5000000000000004,0.8660254037844384,499.0,503.5,469.3333333333333,12.3,31.0,0.0,49.0,-2.9,3.8453102,0.0,7.2,19.90396825,28.2,28.5,28.65,29.0,28.5,-11.418296306666669,-0.2759259200000024,0.1393333333333331,8.472,8.286428571428571,20.272839506666667,8.458222222222224,4.926153,4.959392,5.064439,5.1208687,4.8957543,0,4.0,0,0.0,-0.69,15.1,84.9
2022-11-08 14:15:00,447.677647794442,0.0,0.0,19.90396825,8.286428571428571,28.5,0,5.1764362714980825,70.66250196097344,14,1,11,-0.4999999999999997,-0.8660254037844388,0.7818314824680298,0.6234898018587336,-0.5000000000000004,0.8660254037844384,482.0,497.0,479.2083333333333,12.25,31.0,0.0,49.25,-2.85,3.8586645,0.0,7.175,19.84814816333333,28.466666666666665,28.2,28.5,28.65,28.5,-11.617539678571427,-0.1256613900000012,-0.3249047619047616,8.611333333333333,7.98,20.07971781666667,8.456587301587302,4.8957543,4.926153,4.959392,5.064439,4.879763,0,4.0,0,0.0,-0.72,15.9,84.1
2022-11-08 14:30:00,58.210727077776,0.0,0.0,19.84814816333333,7.98,28.5,0,5.1764362714980825,70.66250196097344,14,1,11,-0.4999999999999997,-0.8660254037844388,0.7818314824680298,0.6234898018587336,-0.5000000000000004,0.8660254037844384,465.0,487.0,484.9583333333333,12.2,31.0,0.0,49.5,-2.8,3.8719625,0.0,7.15,19.64444444,28.5,28.466666666666665,28.2,28.5,28.15,-11.868148163333334,-0.0558200866666638,-0.3064285714285706,8.286428571428571,8.115333333333332,19.927248684444447,8.292587301587302,4.879763,4.8957543,4.926153,4.959392,4.76257,0,4.0,0,0.0,-0.73,16.3,83.7
2022-11-08 14:45:00,53.96173044444,0.0,0.0,19.64444444,8.115333333333332,28.15,0,5.1764362714980825,70.66250196097344,14,1,11,-0.4999999999999997,-0.8660254037844388,0.7818314824680298,0.6234898018587336,-0.5000000000000004,0.8660254037844384,448.0,473.5,486.5833333333333,12.15,31.0,0.0,49.75,-2.75,3.8852067,0.0,7.125,19.394444426666663,28.5,28.5,28.466666666666665,28.2,28.183333333333334,-11.529111106666663,-0.2037037233333372,0.1353333333333317,7.98,8.062666666666667,19.798853617777777,8.127253968253967,4.76257,4.879763,4.8957543,4.926153,4.698655,0,4.0,0,0.0,-0.78,17.9,82.1
2022-11-08 15:00:00,47.678926149998,0.0,0.0,19.394444426666663,8.062666666666667,28.183333333333334,0,5.1764362714980825,70.66250196097344,15,1,11,-0.7071067811865471,-0.7071067811865479,0.7818314824680298,0.6234898018587336,-0.5000000000000004,0.8660254037844384,431.0,456.5,484.0833333333333,12.1,31.0,0.0,50.0,-2.7,3.898396,0.0,7.1,19.18888892,28.15,28.5,28.5,28.466666666666665,28.85,-11.33177776,-0.2500000133333309,-0.0526666666666653,8.115333333333332,7.819333333333334,19.629012343333333,8.052666666666667,4.698655,4.76257,4.879763,4.8957543,4.7519336,0,4.0,0,0.0,-0.84,19.9,80.1
2022-11-08 15:15:00,42.592462966664,0.0,0.0,19.18888892,7.819333333333334,28.85,0,5.1764362714980825,70.66250196097344,15,1,11,-0.7071067811865471,-0.7071067811865479,0.7818314824680298,0.6234898018587336,-0.5000000000000004,0.8660254037844384,401.5,436.375,478.0833333333333,11.925,30.8,0.0,50.75,-2.625,3.924863,0.0,6.975,19.02222223333333,28.183333333333334,28.15,28.5,28.5,29.183333333333334,-11.369555586666667,-0.2055555066666663,-0.2433333333333331,8.062666666666667,7.59,19.40925926222222,7.999111111111111,4.7519336,4.698655,4.76257,4.879763,4.759825,0,4.0,0,0.0,-0.88,21.5,78.5
2022-11-08 15:30:00,47.89891738333,0.0,0.0,19.02222223333333,7.59,29.183333333333334,0,5.1764362714980825,70.66250196097344,15,1,11,-0.7071067811865471,-0.7071067811865479,0.7818314824680298,0.6234898018587336,-0.5000000000000004,0.8660254037844384,372.0,413.125,468.5833333333333,11.75,30.6,0.0,51.5,-2.55,3.9506142,0.0,6.85,18.86111108,28.85,28.183333333333334,28.15,28.5,29.5,-11.43222223333333,-0.1666666866666695,-0.2293333333333338,7.819333333333334,7.448666666666667,19.20185186,7.824000000000001,4.759825,4.7519336,4.698655,4.76257,4.765919,0,4.0,0,0.0,-0.92,22.9,77.1
2022-11-08 15:45:00,59.675390822216,0.0,0.0,18.86111108,7.448666666666667,29.5,0,5.1764362714980825,70.66250196097344,15,1,11,-0.7071067811865471,-0.7071067811865479,0.7818314824680298,0.6234898018587336,-0.5000000000000004,0.8660254037844384,342.5,386.75,455.5833333333333,11.575,30.4,0.0,52.25,-2.475,3.975657,0.0,6.725,18.74074076333333,29.183333333333334,28.85,28.183333333333334,28.15,29.5,-11.412444413333333,-0.16111115333333,-0.1413333333333328,7.59,7.259333333333333,19.02407407777778,7.619333333333333,4.765919,4.759825,4.7519336,4.698655,4.7321286,0,4.0,0,0.0,-0.96,24.3,75.7
2022-11-08 16:00:00,58.283779705554,0.0,0.0,18.74074076333333,7.259333333333333,29.5,0,5.1764362714980825,70.66250196097344,16,1,11,-0.8660254037844385,-0.5000000000000004,0.7818314824680298,0.6234898018587336,-0.5000000000000004,0.8660254037844384,313.0,357.25,439.0833333333333,11.4,30.2,0.0,53.0,-2.4,4.000002,0.0,6.6,18.62222223,29.5,29.183333333333334,28.85,28.183333333333334,29.5,-11.48140743,-0.1203703166666656,-0.1893333333333338,7.448666666666667,7.011333333333334,18.87469135888889,7.432666666666667,4.7321286,4.765919,4.759825,4.7519336,4.6990623,0,4.0,0,0.0,-0.98,25.4,74.6
2022-11-08 16:15:00,50.991571388888,0.0,0.0,18.62222223,7.011333333333334,29.5,0,5.1764362714980825,70.66250196097344,16,1,11,-0.8660254037844385,-0.5000000000000004,0.7818314824680298,0.6234898018587336,-0.5000000000000004,0.8660254037844384,275.5,325.75,419.7083333333333,11.025,29.5,0.0,54.0,-2.35,4.009502,0.0,6.35,18.53888891333333,29.5,29.5,29.183333333333334,28.85,29.5,-11.610888896666664,-0.1185185333333365,-0.2479999999999993,7.259333333333333,6.66,18.74135802444444,7.239777777777778,4.6990623,4.7321286,4.765919,4.759825,4.675931,0,4.0,0,0.0,-1.01,26.5,73.5
2022-11-08 16:30:00,50.48103626111,0.0,0.0,18.53888891333333,6.66,29.5,0,5.1764362714980825,70.66250196097344,16,1,11,-0.8660254037844385,-0.5000000000000004,0.7818314824680298,0.6234898018587336,-0.5000000000000004,0.8660254037844384,238.0,292.25,397.4583333333333,10.65,28.8,0.0,55.0,-2.3,4.01751,0.0,6.1,18.45555553,29.5,29.5,29.5,29.183333333333334,29.5,-11.878888913333334,-0.0833333166666641,-0.3513333333333337,7.011333333333334,6.208666666666667,18.633950635555557,6.976888888888889,4.675931,4.6990623,4.7321286,4.765919,4.6528983,0,4.0,0,0.0,-1.03,27.4,72.6
2022-11-08 16:45:00,42.534687411112,0.0,0.0,18.45555553,6.208666666666667,29.5,0,5.1764362714980825,70.66250196097344,16,1,11,-0.8660254037844385,-0.5000000000000004,0.7818314824680298,0.6234898018587336,-0.5000000000000004,0.8660254037844384,200.5,256.75,372.3333333333333,10.275,28.1,0.0,56.0,-2.25,4.024068,0.0,5.85,18.35185186333333,29.5,29.5,29.5,29.5,29.5,-12.246888863333336,-0.0833333833333327,-0.4513333333333333,6.66,5.962666666666666,18.53888889111111,6.626666666666666,4.6528983,4.675931,4.6990623,4.7321286,4.624375,0,4.0,0,0.0,-1.05,28.2,71.8
2022-11-08 17:00:00,44.371558433332,0.0,0.0,18.35185186333333,5.962666666666666,29.5,0,5.1764362714980825,70.66250196097344,17,1,11,-0.9659258262890684,-0.2588190451025206,0.7818314824680298,0.6234898018587336,-0.5000000000000004,0.8660254037844384,163.0,219.25,344.3333333333333,9.9,27.4,0.0,57.0,-2.2,4.0292153,0.0,5.6,18.23333333,29.5,29.5,29.5,29.5,29.5,-12.389185196666665,-0.1037036666666715,-0.2460000000000004,6.208666666666667,5.774,18.44876543555556,6.277111111111111,4.624375,4.6528983,4.675931,4.6990623,4.5919623,0,4.0,0,0.0,-1.07,29.2,70.8
2022-11-08 17:15:00,61.751696516666,0.0,0.0,18.23333333,5.774,29.5,0,5.1764362714980825,70.66250196097344,17,1,11,-0.9659258262890684,-0.2588190451025206,0.7818314824680298,0.6234898018587336,-0.5000000000000004,0.8660254037844384,129.0,182.625,314.9166666666667,9.725,25.85,0.0,59.25,-2.125,4.072642,0.0,5.175,18.170370400000003,29.5,29.5,29.5,29.5,29.5,-12.45933333,-0.1185185333333294,-0.1886666666666663,5.962666666666666,5.586666666666667,18.346913574444443,5.981777777777778,4.5919623,4.624375,4.6528983,4.675931,4.5748215,0,4.0,0,0.0,-1.1,30.5,69.5
2022-11-08 17:30:00,57.945182216662,0.0,0.0,18.170370400000003,5.586666666666667,29.5,0,5.1764362714980825,70.66250196097344,17,1,11,-0.9659258262890684,-0.2588190451025206,0.7818314824680298,0.6234898018587336,-0.5000000000000004,0.8660254037844384,95.0,146.875,284.0833333333333,9.55,24.3,0.0,61.5,-2.05,4.1101947,0.0,4.75,18.12222223,29.5,29.5,29.5,29.5,29.5,-12.583703733333335,-0.0629629299999976,-0.1873333333333331,5.774,5.4126666666666665,18.251851864444447,5.774444444444445,4.5748215,4.5919623,4.624375,4.6528983,4.5617533,0,4.0,0,0.0,-1.11,31.1,68.9
2022-11-08 17:45:00,47.741145894442,0.0,0.0,18.12222223,5.4126666666666665,29.5,0,5.1764362714980825,70.66250196097344,17,1,11,-0.9659258262890684,-0.2588190451025206,0.7818314824680298,0.6234898018587336,-0.5000000000000004,0.8660254037844384,60.99999999999999,112.0,251.83333333333331,9.375,22.75,0.0,63.75,-1.975,4.1421285,0.0,4.325,18.03888891333333,29.5,29.5,29.5,29.5,29.5,-12.709555563333332,-0.0481481700000046,-0.1740000000000003,5.586666666666667,5.27,18.17530865333333,5.591111111111111,4.5617533,4.5748215,4.5919623,4.624375,4.5392103,0,4.0,0,0.0,-1.12,31.6,68.4
2022-11-08 18:00:00,54.260329616662,0.0,0.0,18.03888891333333,5.27,29.5,0,5.1764362714980825,70.66250196097344,18,1,11,-1.0,-1.8369701987210294e-16,0.7818314824680298,0.6234898018587336,-0.5000000000000004,0.8660254037844384,27.0,78.0,218.16666666666663,9.2,21.2,0.0,66.0,-1.9,4.168697,0.0,3.9,17.95555553,29.5,29.5,29.5,29.5,29.5,-12.768888913333337,-0.0833333166666641,-0.1426666666666669,5.4126666666666665,5.117333333333334,18.11049384777778,5.423111111111111,4.5392103,4.5617533,4.5748215,4.5919623,4.516763,0,4.0,0,0.0,-1.14,32.5,67.5
2022-11-08 18:15:00,42.552742222224,0.0,0.0,17.95555553,5.117333333333334,29.5,0,5.1764362714980825,70.66250196097344,18,1,11,-1.0,-1.8369701987210294e-16,0.7818314824680298,0.6234898018587336,-0.5000000000000004,0.8660254037844384,20.25,50.8125,186.39583333333331,9.0,20.225,0.0,67.25,-1.85,4.1913257,0.0,3.7,17.8925926,29.5,29.5,29.5,29.5,29.5,-12.838222196666669,-0.0833333833333327,-0.1526666666666658,5.27,4.9093333333333335,18.03888889111111,5.266666666666667,4.516763,4.5392103,4.5617533,4.5748215,4.4998684,0,4.0,0,0.0,-1.16,33.4,66.6
2022-11-08 18:30:00,42.523021327774,0.0,0.0,17.8925926,4.9093333333333335,29.5,0,5.1764362714980825,70.66250196097344,18,1,11,-1.0,-1.8369701987210294e-16,0.7818314824680298,0.6234898018587336,-0.5000000000000004,0.8660254037844384,13.5,30.4375,156.52083333333334,8.8,19.25,0.0,68.5,-1.7999999999999998,4.212528,0.0,3.5,17.84444443,29.5,29.5,29.5,29.5,29.5,-12.983259266666668,-0.0629629300000012,-0.2080000000000001,5.117333333333334,4.700666666666667,17.962345681111113,5.098888888888889,4.4998684,4.516763,4.5392103,4.5617533,4.486985,0,4.0,0,0.0,-1.18,34.1,65.9
2022-11-08 18:45:00,60.408139177776,0.0,0.0,17.84444443,4.700666666666667,29.5,0,5.1764362714980825,70.66250196097344,18,1,11,-1.0,-1.8369701987210294e-16,0.7818314824680298,0.6234898018587336,-0.5000000000000004,0.8660254037844384,6.75,16.875,128.54166666666666,8.6,18.275,0.0,69.75,-1.75,4.2323337,0.0,3.3,17.761111113333335,29.5,29.5,29.5,29.5,29.5,-13.143777763333333,-0.048148170000001,-0.2086666666666667,4.9093333333333335,4.459333333333333,17.897530853333333,4.909111111111112,4.486985,4.4998684,4.516763,4.5392103,4.464762,0,4.0,0,0.0,-1.19,34.7,65.3
2022-11-08 19:00:00,59.807885472218,0.0,0.0,17.761111113333335,4.459333333333333,29.5,0,5.1764362714980825,70.66250196097344,19,1,11,-0.9659258262890684,0.2588190451025203,0.7818314824680298,0.6234898018587336,-0.5000000000000004,0.8660254037844384,0.0,10.125,102.45833333333331,8.4,17.3,0.0,71.0,-1.7,4.2507706,0.0,3.1,17.68333335,29.5,29.5,29.5,29.5,29.15,-13.301777780000002,-0.0833333166666641,-0.2413333333333334,4.700666666666667,4.251333333333333,17.832716047777776,4.689777777777778,4.464762,4.486985,4.4998684,4.516763,4.3913817,0,4.0,0,0.0,-1.21,35.7,64.3
2022-11-08 19:15:00,50.167715594438,0.0,0.0,17.68333335,4.251333333333333,29.15,0,5.1764362714980825,70.66250196097344,19,1,11,-0.9659258262890684,0.2588190451025203,0.7818314824680298,0.6234898018587336,-0.5000000000000004,0.8660254037844384,0.0,5.0625,79.5,8.4,16.575,0.0,71.0,-1.725,4.236523,0.0,3.05,17.646296313333334,29.5,29.5,29.5,29.5,29.0,-13.432000016666668,-0.0777777633333336,-0.2080000000000001,4.459333333333333,4.091333333333333,17.762962964444444,4.470444444444444,4.3913817,4.464762,4.486985,4.4998684,4.359144,0,4.0,0,0.0,-1.23,36.7,63.3
2022-11-08 19:30:00,51.066846227774,0.0,0.0,17.646296313333334,4.091333333333333,29.0,0,5.1764362714980825,70.66250196097344,19,1,11,-0.9659258262890684,0.2588190451025203,0.7818314824680298,0.6234898018587336,-0.5000000000000004,0.8660254037844384,0.0,1.6875,59.66666666666666,8.4,15.85,0.0,71.0,-1.75,4.222317,0.0,3.0,17.566666689999998,29.15,29.5,29.5,29.5,29.0,-13.55496298,-0.0370370366666676,-0.1600000000000001,4.251333333333333,3.9566666666666666,17.696913592222224,4.267333333333333,4.359144,4.3913817,4.464762,4.486985,4.3384805,0,4.0,0,0.0,-1.24,37.1,62.9
2022-11-08 19:45:00,46.322869244444,0.0,0.0,17.566666689999998,3.9566666666666666,29.0,0,5.1764362714980825,70.66250196097344,19,1,11,-0.9659258262890684,0.2588190451025203,0.7818314824680298,0.6234898018587336,-0.5000000000000004,0.8660254037844384,0.0,0.0,42.958333333333336,8.4,15.125,0.0,71.0,-1.775,4.2081532,0.0,2.95,17.485185173333335,29.0,29.15,29.5,29.5,29.0,-13.610000023333331,-0.0796296233333357,-0.1346666666666665,4.091333333333333,3.881333333333333,17.632098784444445,4.099777777777778,4.3384805,4.359144,4.3913817,4.464762,4.317425,0,4.0,0,0.0,-1.26,38.1,61.9
2022-11-08 20:00:00,406.269026388888,0.0,0.0,17.485185173333335,3.881333333333333,29.0,0,5.1764362714980825,70.66250196097344,20,1,11,-0.8660254037844386,0.5000000000000001,0.7818314824680298,0.6234898018587336,-0.5000000000000004,0.8660254037844384,0.0,0.0,29.375,8.4,14.4,0.0,71.0,-1.8,4.194031,0.0,2.9,17.42676765,29.0,29.0,29.15,29.5,29.0,-13.60385184,-0.0814815166666633,-0.0753333333333334,3.9566666666666666,3.7666666666666666,17.566049392222222,3.976444444444444,4.317425,4.3384805,4.359144,4.3913817,4.302384,0,4.0,0,0.0,-1.28,39.1,60.9
2022-11-08 20:15:00,71.59074725556,0.0,0.0,17.42676765,3.7666666666666666,29.0,0,5.1764362714980825,70.66250196097344,20,1,11,-0.8660254037844386,0.5000000000000001,0.7818314824680298,0.6234898018587336,-0.5000000000000004,0.8660254037844384,0.0,0.0,18.625,8.65,14.575,0.0,71.0,-1.9,4.1659107,0.0,2.8,17.390361956666666,29.0,29.0,29.0,29.15,29.0,-13.660100983333331,-0.0584175233333361,-0.1146666666666664,3.881333333333333,3.645333333333333,17.49287317111111,3.8682222222222222,4.302384,4.317425,4.3384805,4.359144,4.2930326,0,4.0,0,0.0,-1.29,39.8,60.2
2022-11-08 20:30:00,94.837595277776,0.0,0.0,17.390361956666666,3.645333333333333,29.0,0,5.1764362714980825,70.66250196097344,20,1,11,-0.8660254037844386,0.5000000000000001,0.7818314824680298,0.6234898018587336,-0.5000000000000004,0.8660254037844384,0.0,0.0,10.708333333333334,8.9,14.75,0.0,71.0,-2.0,4.1379557,0.0,2.7,17.3628472125,29.0,29.0,29.0,29.0,29.0,-13.745028623333331,-0.0364056933333323,-0.1213333333333333,3.7666666666666666,3.603333333333333,17.434104926666667,3.764444444444445,4.2930326,4.302384,4.317425,4.3384805,4.2859764,0,4.0,0,0.0,-1.3,40.2,59.8
2022-11-08 20:45:00,81.332024488884,0.0,0.0,17.3628472125,3.603333333333333,29.0,0,5.1764362714980825,70.66250196097344,20,1,11,-0.8660254037844386,0.5000000000000001,0.7818314824680298,0.6234898018587336,-0.5000000000000004,0.8660254037844384,0.0,0.0,5.625,9.15,14.925,0.0,71.0,-2.1,4.1101646,0.0,2.6,17.3329860875,29.0,29.0,29.0,29.0,29.0,-13.759513879166668,-0.0275147441666661,-0.0420000000000002,3.645333333333333,3.558,17.39332560638889,3.671777777777778,4.2859764,4.2930326,4.302384,4.317425,4.2783318,0,4.0,0,0.0,-1.31,40.6,59.4
2022-11-08 21:00:00,81.585903033336,0.0,0.0,17.3329860875,3.558,29.0,0,5.1764362714980825,70.66250196097344,21,1,11,-0.7071067811865477,0.7071067811865474,0.7818314824680298,0.6234898018587336,-0.5000000000000004,0.8660254037844384,0.0,0.0,3.375,9.4,15.1,0.0,71.0,-2.2,4.082538,0.0,2.5,17.270164618518518,29.0,29.0,29.0,29.0,29.10185185185185,-13.7749860875,-0.029861125,-0.0453333333333332,3.603333333333333,3.5,17.362065085555553,3.6022222222222218,4.2783318,4.2859764,4.2930326,4.302384,4.277255,0,4.0,0,0.0,-1.31,40.9,59.1
2022-11-08 21:15:00,84.421900688892,0.0,0.0,17.270164618518518,3.5,29.10185185185185,0,5.1764362714980825,70.66250196097344,21,1,11,-0.7071067811865477,0.7071067811865474,0.7818314824680298,0.6234898018587336,-0.5000000000000004,0.8660254037844384,0.0,0.0,1.6875,8.8,15.1,0.0,71.25,-2.2,4.0831122,0.0,2.45,17.20576132148148,29.0,29.0,29.0,29.0,29.448148148148142,-13.770164618518518,-0.0628214689814825,-0.0579999999999998,3.558,3.504,17.32199930617284,3.553777777777777,4.277255,4.2783318,4.2859764,4.2930326,4.3115025,0,4.0,0,0.0,-1.33,41.7,58.3
2022-11-08 21:30:00,77.044140327778,0.0,0.0,17.20576132148148,3.504,29.448148148148142,0,5.1764362714980825,70.66250196097344,21,1,11,-0.7071067811865477,0.7071067811865474,0.7818314824680298,0.6234898018587336,-0.5000000000000004,0.8660254037844384,0.0,0.0,0.5625,8.2,15.1,0.0,71.5,-2.2,4.0836306,0.0,2.4,17.12777778,29.10185185185185,29.0,29.0,29.0,29.55,-13.70176132148148,-0.0644032970370389,0.004,3.5,3.5320000000000005,17.2696373425,3.5206666666666666,4.3115025,4.277255,4.2783318,4.2859764,4.306258,0,4.0,0,0.0,-1.34,42.4,57.6
2022-11-08 21:45:00,79.663757672226,0.0,0.0,17.12777778,3.5320000000000005,29.55,0,5.1764362714980825,70.66250196097344,21,1,11,-0.7071067811865477,0.7071067811865474,0.7818314824680298,0.6234898018587336,-0.5000000000000004,0.8660254037844384,0.0,0.0,0.0,7.6,15.1,0.0,71.75,-2.2,4.0840926,0.0,2.35,17.090740750000002,29.448148148148142,29.10185185185185,29.0,29.0,29.966666666666665,-13.59577778,-0.0779835414814797,0.0280000000000004,3.504,3.2513333333333336,17.201234573333334,3.5120000000000005,4.306258,4.3115025,4.277255,4.2783318,4.3573008,0,4.0,0,0.0,-1.36,43.4,56.6
2022-11-08 22:00:00,102.017585766668,0.0,0.0,17.090740750000002,3.2513333333333336,29.966666666666665,0,5.1764362714980825,70.66250196097344,22,1,11,-0.5000000000000004,0.8660254037844384,0.7818314824680298,0.6234898018587336,-0.5000000000000004,0.8660254037844384,0.0,0.0,0.0,7.0,15.1,0.0,72.0,-2.2,4.0845013,0.0,2.3,17.0555556,29.55,29.448148148148142,29.10185185185185,29.0,30.0,-13.839407416666669,-0.0370370299999969,-0.2806666666666668,3.5320000000000005,2.659333333333333,17.14142661716049,3.429111111111112,4.3573008,4.306258,4.3115025,4.277255,4.35296,0,4.0,0,0.0,-1.37,43.7,56.3
2022-11-08 22:15:00,88.126474833332,0.0,0.0,17.0555556,2.659333333333333,30.0,0,5.1764362714980825,70.66250196097344,22,1,11,-0.5000000000000004,0.8660254037844384,0.7818314824680298,0.6234898018587336,-0.5000000000000004,0.8660254037844384,0.0,0.0,0.0,6.5,14.125,3.75,72.75,-2.125,4.12008,0.0,2.275,17.03518521333333,29.966666666666665,29.55,29.448148148148142,29.10185185185185,30.0,-14.396222266666667,-0.0351851500000002,-0.5920000000000001,3.2513333333333336,2.47,17.091358043333333,3.147555555555556,4.35296,4.3573008,4.306258,4.3115025,4.347648,0,4.0,0,0.0,-1.37,44.2,55.8
2022-11-08 22:30:00,76.9294227,0.0,0.0,17.03518521333333,2.47,30.0,0,5.1764362714980825,70.66250196097344,22,1,11,-0.5000000000000004,0.8660254037844384,0.7818314824680298,0.6234898018587336,-0.5000000000000004,0.8660254037844384,0.0,0.0,0.0,6.0,13.15,7.5,73.5,-2.05,4.155525,0.0,2.25,16.99444444,30.0,29.966666666666665,29.55,29.448148148148142,30.0,-14.565185213333333,-0.02037038666667,-0.1893333333333338,2.659333333333333,2.1266666666666665,17.060493854444445,2.793555555555556,4.347648,4.35296,4.3573008,4.306258,4.3370423,0,4.0,0,0.0,-1.38,44.4,55.6
2022-11-08 22:45:00,95.808945288888,0.0,0.0,16.99444444,2.1266666666666665,30.0,0,5.1764362714980825,70.66250196097344,22,1,11,-0.5000000000000004,0.8660254037844384,0.7818314824680298,0.6234898018587336,-0.5000000000000004,0.8660254037844384,0.0,0.0,0.0,5.5,12.175,11.25,74.25,-1.975,4.190838,0.0,2.225,16.946825354285714,30.0,30.0,29.966666666666665,29.55,30.196428571428573,-14.867777773333332,-0.0407407733333329,-0.3433333333333332,2.47,1.6321428571428571,17.028395084444444,2.4186666666666667,4.3370423,4.347648,4.35296,4.3573008,4.3529897,0,4.0,0,0.0,-1.39,44.9,55.1
2022-11-08 23:00:00,85.637963194446,0.0,0.0,16.946825354285714,1.6321428571428571,30.196428571428573,0,5.1764362714980825,70.66250196097344,23,1,11,-0.2588190451025215,0.965925826289068,0.7818314824680298,0.6234898018587336,-0.5000000000000004,0.8660254037844384,0.0,0.0,0.0,5.0,11.2,15.0,75.0,-1.9,4.2260184,0.0,2.2,16.909126975,30.0,30.0,30.0,29.966666666666665,30.5,-15.314682497142856,-0.0476190857142846,-0.4945238095238091,2.1266666666666665,1.4114285714285713,16.992151669206347,2.076269841269841,4.3529897,4.3370423,4.347648,4.35296,4.38682,0,4.0,0,0.0,-1.4,45.5,54.5
2022-11-08 23:15:00,75.035054094442,0.0,0.0,16.909126975,1.4114285714285713,30.5,0,5.1764362714980825,70.66250196097344,23,1,11,-0.2588190451025215,0.965925826289068,0.7818314824680298,0.6234898018587336,-0.5000000000000004,0.8660254037844384,0.0,0.0,0.0,5.225,10.375,11.25,77.0,-1.725,4.273118,0.0,1.975,16.91984125,30.196428571428573,30.0,30.0,30.0,30.696428571428573,-15.497698403571428,-0.0376983792857146,-0.220714285714286,1.6321428571428571,1.23,16.95013225642857,1.7234126984126985,4.38682,4.3529897,4.3370423,4.347648,4.417911,0,4.0,0,0.0,-1.41,45.9,54.1
2022-11-08 23:30:00,204.218497533336,0.0,0.0,16.91984125,1.23,30.696428571428573,0,5.1764362714980825,70.66250196097344,23,1,11,-0.2588190451025215,0.965925826289068,0.7818314824680298,0.6234898018587336,-0.5000000000000004,0.8660254037844384,0.0,0.0,0.0,5.45,9.55,7.5,79.0,-1.5499999999999998,4.317704,0.0,1.75,16.89444445,30.5,30.196428571428573,30.0,30.0,32.65,-15.68984125,0.0107142750000015,-0.1814285714285712,1.4114285714285713,1.1773333333333331,16.925264526428574,1.4245238095238095,4.417911,4.38682,4.3529897,4.3370423,4.691919,0,4.0,0,0.0,-1.4,45.7,54.3
2022-11-08 23:45:00,888.0175334777759,0.0,0.0,16.89444445,1.1773333333333331,32.65,0,5.1764362714980825,70.66250196097344,23,1,11,-0.2588190451025215,0.965925826289068,0.7818314824680298,0.6234898018587336,-0.5000000000000004,0.8660254037844384,0.0,0.0,0.0,5.675000000000001,8.725,3.75,81.0,-1.375,4.359834,0.0,1.525,16.94090905,30.696428571428573,30.5,30.196428571428573,30.0,32.56363636363636,-15.717111116666668,-0.0253967999999993,-0.0526666666666666,1.23,0.9690909090909092,16.907804225000003,1.272920634920635,4.691919,4.417911,4.38682,4.3529897,4.6925707,0,4.0,0,0.0,-1.4,45.5,54.5
2022-11-09 00:00:00,45.365129788888,0.0,0.0,16.94090905,0.9690909090909092,32.56363636363636,0,5.1764362714980825,70.66250196097344,0,2,11,0.0,1.0,0.9749279121818236,-0.2225209339563143,-0.5000000000000004,0.8660254037844384,0.0,0.0,0.0,5.9,7.9,0.0,83.0,-1.2,4.3995624,0.0,1.3,16.89999999,32.65,30.696428571428573,30.5,30.196428571428573,32.15,-15.97181814090909,0.0464645999999966,-0.2082424242424242,1.1773333333333331,0.92,16.91839825,1.1254747474747475,4.6925707,4.691919,4.417911,4.38682,4.6216083,0,4.0,0,0.0,-1.39,45.0,55.0
2022-11-09 00:15:00,62.320562677776,0.0,0.0,16.89999999,0.92,32.15,0,5.1764362714980825,70.66250196097344,0,2,11,0.0,1.0,0.9749279121818236,-0.2225209339563143,-0.5000000000000004,0.8660254037844384,0.0,0.0,0.0,5.425000000000001,7.9,6.0,82.75,-1.275,4.3788424,0.0,1.275,16.837037006666666,32.56363636363636,32.65,30.696428571428573,30.5,31.816666666666663,-15.97999999,-0.040909059999997,-0.0490909090909091,0.9690909090909092,0.8833333333333333,16.911784496666666,1.0221414141414142,4.6216083,4.6925707,4.691919,4.417911,4.5564384,0,4.0,0,0.0,-1.4,45.6,54.4
2022-11-09 00:30:00,60.245645711108,0.0,0.0,16.837037006666666,0.8833333333333333,31.816666666666663,0,5.1764362714980825,70.66250196097344,0,2,11,0.0,1.0,0.9749279121818236,-0.2225209339563143,-0.5000000000000004,0.8660254037844384,0.0,0.0,0.0,4.95,7.9,12.0,82.5,-1.35,4.358179,0.0,1.25,16.79444445,32.15,32.56363636363636,32.65,30.696428571428573,31.5,-15.953703673333331,-0.0629629833333353,-0.0366666666666666,0.92,0.716,16.892648682222223,0.9241414141414142,4.5564384,4.6216083,4.6925707,4.691919,4.499568,0,4.0,0,0.0,-1.42,46.5,53.5
2022-11-09 00:45:00,57.400481672222,0.0,0.0,16.79444445,0.716,31.5,0,5.1764362714980825,70.66250196097344,0,2,11,0.0,1.0,0.9749279121818236,-0.2225209339563143,-0.5000000000000004,0.8660254037844384,0.0,0.0,0.0,4.475,7.9,18.0,82.25,-1.425,4.3375716,0.0,1.225,16.757407413333333,31.816666666666663,32.15,32.56363636363636,32.65,31.5,-16.07844445,-0.0425925566666656,-0.1673333333333333,0.8833333333333333,0.5833333333333334,16.843827148888888,0.8397777777777776,4.499568,4.5564384,4.6216083,4.6925707,4.4895678,0,4.0,0,0.0,-1.43,47.1,52.9
2022-11-09 01:00:00,67.71256913889,0.0,0.0,16.757407413333333,0.5833333333333334,31.5,0,5.1764362714980825,70.66250196097344,1,2,11,0.2588190451025207,0.9659258262890684,0.9749279121818236,-0.2225209339563143,-0.5000000000000004,0.8660254037844384,0.0,0.0,0.0,4.0,7.9,24.0,82.0,-1.5,4.31702,0.0,1.2,16.7222222,31.5,31.816666666666663,32.15,32.56363636363636,31.15,-16.17407408,-0.0370370366666676,-0.1326666666666666,0.716,0.52,16.796296289999997,0.7275555555555555,4.4895678,4.499568,4.5564384,4.6216083,4.4303083,0,4.0,0,0.0,-1.44,47.6,52.4
2022-11-09 01:15:00,77.985213816666,0.0,0.0,16.7222222,0.52,31.15,0,5.1764362714980825,70.66250196097344,1,2,11,0.2588190451025207,0.9659258262890684,0.9749279121818236,-0.2225209339563143,-0.5000000000000004,0.8660254037844384,0.0,0.0,0.0,4.5,8.175,40.0,81.0,-1.675,4.264374,0.0,1.2,16.7222222,31.5,31.5,31.816666666666663,32.15,31.0,-16.2022222,-0.0351852133333316,-0.0633333333333333,0.5833333333333334,0.3913333333333333,16.758024687777777,0.6064444444444445,4.4303083,4.4895678,4.499568,4.5564384,4.408974,0,4.0,0,0.0,-1.45,48.1,51.9
2022-11-09 01:30:00,59.81871832222,0.0,0.0,16.7222222,0.3913333333333333,31.0,0,5.1764362714980825,70.66250196097344,1,2,11,0.2588190451025207,0.9659258262890684,0.9749279121818236,-0.2225209339563143,-0.5000000000000004,0.8660254037844384,0.0,0.0,0.0,5.0,8.45,56.0,80.0,-1.85,4.211727,0.0,1.2,16.68333335,31.15,31.5,31.5,31.816666666666663,31.0,-16.33088886666667,0.0,-0.1286666666666666,0.52,0.2926666666666667,16.733950604444445,0.4982222222222223,4.408974,4.4303083,4.4895678,4.499568,4.3986826,0,4.0,0,0.0,-1.45,48.2,51.8
2022-11-09 01:45:00,52.492622577772,0.0,0.0,16.68333335,0.2926666666666667,31.0,0,5.1764362714980825,70.66250196097344,1,2,11,0.2588190451025207,0.9659258262890684,0.9749279121818236,-0.2225209339563143,-0.5000000000000004,0.8660254037844384,0.0,0.0,0.0,5.5,8.725,72.0,79.0,-2.0250000000000004,4.1590805,0.0,1.2,16.646296313333334,31.0,31.15,31.5,31.5,31.0,-16.390666683333336,-0.0388888499999993,-0.0986666666666666,0.3913333333333333,0.244,16.709259250000002,0.4013333333333334,4.3986826,4.408974,4.4303083,4.4895678,4.3888984,0,4.0,0,0.0,-1.46,48.7,51.3
2022-11-09 02:00:00,61.947244294442,0.0,0.0,16.646296313333334,0.244,31.0,0,5.1764362714980825,70.66250196097344,2,2,11,0.4999999999999999,0.8660254037844387,0.9749279121818236,-0.2225209339563143,-0.5000000000000004,0.8660254037844384,0.0,0.0,0.0,6.0,9.0,88.0,78.0,-2.2,4.1064334,0.0,1.2,16.6111111,31.0,31.0,31.15,31.5,30.65,-16.402296313333334,-0.0370370366666676,-0.0486666666666666,0.2926666666666667,0.2766666666666666,16.683950621111112,0.3093333333333333,4.3888984,4.3986826,4.408974,4.4303083,4.3301744,0,4.0,0,0.0,-1.47,49.1,50.9
2022-11-09 02:15:00,48.634999155548,0.0,0.0,16.6111111,0.2766666666666666,30.65,0,5.1764362714980825,70.66250196097344,2,2,11,0.4999999999999999,0.8660254037844387,0.9749279121818236,-0.2225209339563143,-0.5000000000000004,0.8660254037844384,0.0,0.0,0.0,6.15,9.35,82.75,77.25,-2.45,4.0324016,0.0,1.075,16.5929293,31.0,31.0,31.0,31.15,30.5,-16.33444443333333,-0.0351852133333352,0.0326666666666666,0.244,0.2745454545454546,16.646913587777778,0.2711111111111111,4.3301744,4.3888984,4.3986826,4.408974,4.3042746,0,4.0,0,0.0,-1.48,49.7,50.3
2022-11-09 02:30:00,35.882453577776,0.0,0.0,16.5929293,0.2745454545454546,30.5,0,5.1764362714980825,70.66250196097344,2,2,11,0.4999999999999999,0.8660254037844387,0.9749279121818236,-0.2225209339563143,-0.5000000000000004,0.8660254037844384,0.0,0.0,0.0,6.3,9.7,77.5,76.5,-2.7,3.959295,0.0,0.95,16.5555556,30.65,31.0,31.0,31.0,30.5,-16.318383845454548,-0.0181817999999971,-0.002121212121212,0.2766666666666666,0.2307142857142857,16.616778904444445,0.265070707070707,4.3042746,4.3301744,4.3888984,4.3986826,4.294607,0,4.0,0,0.0,-1.48,49.9,50.1
2022-11-09 02:45:00,68.398930666664,0.0,0.0,16.5555556,0.2307142857142857,30.5,0,5.1764362714980825,70.66250196097344,2,2,11,0.4999999999999999,0.8660254037844387,0.9749279121818236,-0.2225209339563143,-0.5000000000000004,0.8660254037844384,0.0,0.0,0.0,6.449999999999999,10.05,72.25,75.75,-2.95,3.8871055,0.0,0.825,16.5555556,30.5,30.65,31.0,31.0,30.5,-16.324841314285717,-0.0373736999999998,-0.0438311688311688,0.2745454545454546,0.1233333333333333,16.586532000000002,0.2606421356421357,4.294607,4.3042746,4.3301744,4.3888984,4.294607,0,4.0,0,0.0,-1.49,50.4,49.6
2022-11-09 03:00:00,61.8425262,0.0,0.0,16.5555556,0.1233333333333333,30.5,0,5.1764362714980825,70.66250196097344,3,2,11,0.7071067811865476,0.7071067811865476,0.9749279121818236,-0.2225209339563143,-0.5000000000000004,0.8660254037844384,0.0,0.0,0.0,6.6,10.4,67.0,75.0,-3.2,3.8158233,0.0,0.7,16.53333336,30.5,30.5,30.65,31.0,30.5,-16.432222266666667,0.0,-0.1073809523809524,0.2307142857142857,-0.156,16.568013500000003,0.2095310245310245,4.294607,4.294607,4.3042746,4.3301744,4.2888684,0,4.0,0,0.0,-1.49,50.4,49.6
2022-11-09 03:15:00,46.880624716666,0.0,0.0,16.53333336,-0.156,30.5,0,5.1764362714980825,70.66250196097344,3,2,11,0.7071067811865476,0.7071067811865476,0.9749279121818236,-0.2225209339563143,-0.5000000000000004,0.8660254037844384,0.0,0.0,0.0,7.175,10.95,50.25,74.75,-3.425,3.764203,0.0,0.5499999999999999,16.50185185333333,30.5,30.5,30.5,30.65,30.5,-16.68933336,-0.0222222400000013,-0.2793333333333333,0.1233333333333333,-0.2973333333333333,16.54814818666667,0.066015873015873,4.2888684,4.294607,4.294607,4.3042746,4.280749,0,4.0,0,0.0,-1.5,50.7,49.3
2022-11-09 03:30:00,54.575316933332,0.0,0.0,16.50185185333333,-0.2973333333333333,30.5,0,5.1764362714980825,70.66250196097344,3,2,11,0.7071067811865476,0.7071067811865476,0.9749279121818236,-0.2225209339563143,-0.5000000000000004,0.8660254037844384,0.0,0.0,0.0,7.75,11.5,33.5,74.5,-3.65,3.7131913,0.0,0.3999999999999999,16.46111108,30.5,30.5,30.5,30.5,30.5,-16.799185186666666,-0.0314815066666689,-0.1413333333333333,-0.156,-0.4266666666666667,16.53024693777778,-0.1099999999999999,4.280749,4.2888684,4.294607,4.294607,4.270262,0,4.0,0,0.0,-1.5,51.1,48.9
2022-11-09 03:45:00,50.04605366111,0.0,0.0,16.46111108,-0.4266666666666667,30.5,0,5.1764362714980825,70.66250196097344,3,2,11,0.7071067811865476,0.7071067811865476,0.9749279121818236,-0.2225209339563143,-0.5000000000000004,0.8660254037844384,0.0,0.0,0.0,8.325,12.05,16.749999999999993,74.25,-3.875,3.6627812,0.0,0.2499999999999999,16.4444444,30.5,30.5,30.5,30.5,30.5,-16.887777746666664,-0.0407407733333329,-0.1293333333333333,-0.2973333333333333,-0.3953333333333333,16.49876543111111,-0.2933333333333333,4.270262,4.280749,4.2888684,4.294607,4.265978,0,4.0,0,0.0,-1.51,51.6,48.4
2022-11-09 04:00:00,398.963762944448,0.0,0.0,16.4444444,-0.3953333333333333,30.5,0,5.1764362714980825,70.66250196097344,4,2,11,0.8660254037844386,0.5000000000000001,0.9749279121818236,-0.2225209339563143,-0.5000000000000004,0.8660254037844384,0.0,0.0,0.0,8.9,12.6,0.0,74.0,-4.1,3.6129673,0.0,0.1,16.39999999,30.5,30.5,30.5,30.5,30.5,-16.83977773333333,-0.0166666800000001,0.0313333333333333,-0.4266666666666667,-0.4846666666666667,16.469135777777776,-0.3731111111111111,4.265978,4.270262,4.280749,4.2888684,4.254574,0,4.0,0,0.0,-1.52,51.9,48.1
2022-11-09 04:15:00,56.986331655552,0.0,0.0,16.39999999,-0.4846666666666667,30.5,0,5.1764362714980825,70.66250196097344,4,2,11,0.8660254037844386,0.5000000000000001,0.9749279121818236,-0.2225209339563143,-0.5000000000000004,0.8660254037844384,0.0,0.0,0.0,8.85,12.875,5.5,74.5,-4.1,3.606194,0.0,-0.0249999999999999,16.337037006666666,30.5,30.5,30.5,30.5,30.5,-16.884666656666667,-0.0444444099999969,-0.0893333333333333,-0.3953333333333333,-0.7,16.435185156666666,-0.4355555555555555,4.254574,4.265978,4.270262,4.280749,4.2384615,0,4.0,0,0.0,-1.53,52.4,47.6
2022-11-09 04:30:00,66.272626888884,0.0,0.0,16.337037006666666,-0.7,30.5,0,5.1764362714980825,70.66250196097344,4,2,11,0.8660254037844386,0.5000000000000001,0.9749279121818236,-0.2225209339563143,-0.5000000000000004,0.8660254037844384,0.0,0.0,0.0,8.8,13.15,11.0,75.0,-4.1,3.5992386,0.0,-0.15,16.36666666,30.5,30.5,30.5,30.5,30.5,-17.037037006666665,-0.0629629833333353,-0.2153333333333332,-0.4846666666666667,-0.5533333333333333,16.393827132222224,-0.5266666666666666,4.2384615,4.254574,4.265978,4.270262,4.2460375,0,4.0,0,0.0,-1.54,53.3,46.7
2022-11-09 04:45:00,48.606111294442,0.0,0.0,16.36666666,-0.5533333333333333,30.5,0,5.1764362714980825,70.66250196097344,4,2,11,0.8660254037844386,0.5000000000000001,0.9749279121818236,-0.2225209339563143,-0.5000000000000004,0.8660254037844384,0.0,0.0,0.0,8.75,13.425,16.5,75.5,-4.1,3.5921044,0.0,-0.275,16.337037006666666,30.5,30.5,30.5,30.5,30.5,-16.919999993333334,0.029629653333334,0.1466666666666666,-0.7,-0.6126666666666666,16.36790121888889,-0.5793333333333334,4.2460375,4.2384615,4.254574,4.265978,4.2384615,0,4.0,0,0.0,-1.54,52.9,47.1
2022-11-09 05:00:00,43.428540688884,0.0,0.0,16.337037006666666,-0.6126666666666666,30.5,0,5.1764362714980825,70.66250196097344,5,2,11,0.9659258262890684,0.2588190451025207,0.9749279121818236,-0.2225209339563143,-0.5000000000000004,0.8660254037844384,0.0,0.0,0.0,8.7,13.7,22.0,76.0,-4.1,3.5847945,0.0,-0.4,16.29444445,30.5,30.5,30.5,30.5,30.45,-16.94970367333333,-0.029629653333334,-0.0593333333333332,-0.5533333333333333,-0.624,16.34691355777778,-0.622,4.2384615,4.2460375,4.2384615,4.254574,4.220663,0,4.0,0,0.0,-1.54,53.3,46.7
2022-11-09 05:15:00,53.534525233332,0.0,0.0,16.29444445,-0.624,30.45,0,5.1764362714980825,70.66250196097344,5,2,11,0.9659258262890684,0.2588190451025207,0.9749279121818236,-0.2225209339563143,-0.5000000000000004,0.8660254037844384,0.0,0.0,0.0,8.125,13.6,16.5,76.25,-4.074999999999999,3.5965865,0.0,-0.4,16.2777778,30.5,30.5,30.5,30.5,30.03333333333333,-16.91844445,-0.0425925566666656,-0.0113333333333334,-0.6126666666666666,-0.558,16.33271603888889,-0.5966666666666667,4.220663,4.2384615,4.2460375,4.2384615,4.158727,0,4.0,0,0.0,-1.55,53.8,46.2
2022-11-09 05:30:00,42.637183477772,0.0,0.0,16.2777778,-0.558,30.03333333333333,0,5.1764362714980825,70.66250196097344,5,2,11,0.9659258262890684,0.2588190451025207,0.9749279121818236,-0.2225209339563143,-0.5000000000000004,0.8660254037844384,0.0,0.0,0.0,7.55,13.5,11.0,76.5,-4.05,3.6083784,0.0,-0.4,16.23888888,30.45,30.5,30.5,30.5,30.0,-16.8357778,-0.0166666500000012,0.0659999999999999,-0.624,-0.6426666666666667,16.30308641888889,-0.5982222222222222,4.158727,4.220663,4.2384615,4.2460375,4.14438,0,4.0,0,0.0,-1.56,54.1,45.9
2022-11-09 05:45:00,43.051889005554,0.0,0.0,16.23888888,-0.6426666666666667,30.0,0,5.1764362714980825,70.66250196097344,5,2,11,0.9659258262890684,0.2588190451025207,0.9749279121818236,-0.2225209339563143,-0.5000000000000004,0.8660254037844384,0.0,0.0,0.0,6.975,13.4,5.5,76.75,-4.025,3.6201704,0.0,-0.4,16.20185185,30.03333333333333,30.45,30.5,30.5,30.0,-16.881555546666668,-0.0388889199999979,-0.0846666666666666,-0.558,-0.61,16.270370376666666,-0.6082222222222223,4.14438,4.158727,4.220663,4.2384615,4.13513,0,4.0,0,0.0,-1.57,54.6,45.4
2022-11-09 06:00:00,69.250007838882,0.0,0.0,16.20185185,-0.61,30.0,0,5.1764362714980825,70.66250196097344,6,2,11,1.0,6.123233995736766e-17,0.9749279121818236,-0.2225209339563143,-0.5000000000000004,0.8660254037844384,0.0,0.0,0.0,6.4,13.3,0.0,77.0,-4.0,3.6319623,0.0,-0.4,16.1666667,30.0,30.03333333333333,30.45,30.5,30.3,-16.81185185,-0.0370370300000004,0.0326666666666667,-0.6426666666666667,-0.7773333333333333,16.239506176666666,-0.6035555555555555,4.13513,4.14438,4.158727,4.220663,4.1676216,0,4.0,0,0.0,-1.58,55.1,44.9
2022-11-09 06:15:00,57.490478155552,0.0,0.0,16.1666667,-0.7773333333333333,30.3,0,5.1764362714980825,70.66250196097344,6,2,11,1.0,6.123233995736766e-17,0.9749279121818236,-0.2225209339563143,-0.5000000000000004,0.8660254037844384,0.0,0.0,0.0,6.300000000000001,12.4,0.0,76.75,-4.0,3.6264324,0.0,-0.375,16.1666667,30.0,30.0,30.03333333333333,30.45,30.03333333333333,-16.944000033333335,-0.0351851500000002,-0.1673333333333333,-0.61,-0.78,16.202469143333335,-0.6766666666666667,4.1676216,4.13513,4.14438,4.158727,4.130943,0,4.0,0,0.0,-1.58,55.5,44.5
2022-11-09 06:30:00,42.662460216662,0.0,0.0,16.1666667,-0.78,30.03333333333333,0,5.1764362714980825,70.66250196097344,6,2,11,1.0,6.123233995736766e-17,0.9749279121818236,-0.2225209339563143,-0.5000000000000004,0.8660254037844384,0.0,0.0,0.0,6.2,11.5,0.0,76.5,-4.0,3.6208715,0.0,-0.35,16.16111114,30.3,30.0,30.0,30.03333333333333,30.0,-16.9466667,0.0,-0.0026666666666667,-0.7773333333333333,-0.7533333333333334,16.178395083333335,-0.7224444444444443,4.130943,4.1676216,4.13513,4.14438,4.124975,0,4.0,0,0.0,-1.59,55.6,44.4
2022-11-09 06:45:00,50.12688376111,0.0,0.0,16.16111114,-0.7533333333333334,30.0,0,5.1764362714980825,70.66250196097344,6,2,11,1.0,6.123233995736766e-17,0.9749279121818236,-0.2225209339563143,-0.5000000000000004,0.8660254037844384,0.0,0.0,0.0,6.1,10.6,0.0,76.25,-4.0,3.615279,0.0,-0.325,16.113636354545452,30.03333333333333,30.3,30.0,30.0,30.0,-16.914444473333333,-0.0055555600000012,0.0266666666666666,-0.78,-0.1809090909090909,16.16481484666667,-0.7702222222222223,4.124975,4.130943,4.1676216,4.13513,4.1131687,0,4.0,0,0.0,-1.59,55.7,44.3
2022-11-09 07:00:00,32.820909394442,0.0,0.0,16.113636354545452,-0.1809090909090909,30.0,0,5.1764362714980825,70.66250196097344,7,2,11,0.9659258262890684,-0.2588190451025206,0.9749279121818236,-0.2225209339563143,-0.5000000000000004,0.8660254037844384,0.0,0.0,0.0,6.0,9.7,0.0,76.0,-4.0,3.6096547,0.0,-0.3,16.07222225,30.0,30.03333333333333,30.3,30.0,30.05,-16.294545445454542,-0.0474747854545469,0.5724242424242425,-0.7533333333333334,0.2193333333333333,16.147138064848484,-0.5714141414141415,4.1131687,4.124975,4.130943,4.1676216,4.109733,0,4.0,0,0.0,-1.6,56.3,43.7
2022-11-09 07:15:00,42.458301633332,0.0,0.0,16.07222225,0.2193333333333333,30.05,0,5.1764362714980825,70.66250196097344,7,2,11,0.9659258262890684,-0.2588190451025206,0.9749279121818236,-0.2225209339563143,-0.5000000000000004,0.8660254037844384,0.0,0.0,0.0,6.35,9.625,0.0,76.0,-4.25,3.5477853,0.0,-0.55,16.0555556,30.0,30.0,30.03333333333333,30.3,30.466666666666665,-15.852888916666666,-0.0414141045454528,0.4002424242424243,-0.1809090909090909,0.63,16.11565658151515,-0.2383030303030303,4.109733,4.1131687,4.124975,4.130943,4.1625257,0,4.0,0,0.0,-1.61,56.8,43.2
2022-11-09 07:30:00,55.434727072218,0.0,0.0,16.0555556,0.63,30.466666666666665,0,5.1764362714980825,70.66250196097344,7,2,11,0.9659258262890684,-0.2588190451025206,0.9749279121818236,-0.2225209339563143,-0.5000000000000004,0.8660254037844384,0.0,0.0,0.0,6.7,9.55,0.0,76.0,-4.5,3.4868486,0.0,-0.8,16.0555556,30.05,30.0,30.0,30.03333333333333,30.5,-15.4255556,-0.0166666499999976,0.4106666666666667,0.2193333333333333,1.534,16.08047140151515,0.2228080808080808,4.1625257,4.109733,4.1131687,4.124975,4.16708,0,4.0,0,0.0,-1.61,56.9,43.1
2022-11-09 07:45:00,65.694594494438,0.0,0.0,16.0555556,1.534,30.5,0,5.1764362714980825,70.66250196097344,7,2,11,0.9659258262890684,-0.2588190451025206,0.9749279121818236,-0.2225209339563143,-0.5000000000000004,0.8660254037844384,0.0,0.0,0.0,7.050000000000001,9.475,0.0,76.0,-4.75,3.4268322,0.0,-1.05,16.0555556,30.466666666666665,30.05,30.0,30.0,30.5,-14.5215556,0.0,0.904,0.63,2.3146666666666667,16.061111150000002,0.7944444444444444,4.16708,4.1625257,4.109733,4.1131687,4.16708,0,4.0,0,0.0,-1.61,56.9,43.1
2022-11-09 08:00:00,48.115853155552,0.0,0.0,16.0555556,2.3146666666666667,30.5,0,5.1764362714980825,70.66250196097344,8,2,11,0.8660254037844387,-0.4999999999999998,0.9749279121818236,-0.2225209339563143,-0.5000000000000004,0.8660254037844384,0.0,0.0,0.0,7.4,9.4,0.0,76.0,-5.0,3.3677256,0.0,-1.3,16.0555556,30.5,30.466666666666665,30.05,30.0,30.5,-13.740888933333334,0.0,0.7806666666666666,1.534,3.1526666666666667,16.0555556,1.4928888888888892,4.16708,4.16708,4.1625257,4.109733,4.16708,0,4.0,0,0.0,-1.61,56.9,43.1
2022-11-09 08:15:00,42.517465949998,0.0,0.0,16.0555556,3.1526666666666667,30.5,0,5.1764362714980825,70.66250196097344,8,2,11,0.8660254037844387,-0.4999999999999998,0.9749279121818236,-0.2225209339563143,-0.5000000000000004,0.8660254037844384,17.75,4.4375,1.4791666666666667,6.825,9.475,0.0,72.75,-5.075,3.3551464,0.0,-0.7250000000000001,16.0555556,30.5,30.5,30.466666666666665,30.05,30.5,-12.902888933333337,0.0,0.8380000000000001,2.3146666666666667,3.6315384615384616,16.0555556,2.3337777777777777,4.16708,4.16708,4.16708,4.1625257,4.16708,0,4.0,0,0.0,-1.61,56.9,43.1
2022-11-09 08:30:00,52.18902343889,0.0,0.0,16.0555556,3.6315384615384616,30.5,0,5.1764362714980825,70.66250196097344,8,2,11,0.8660254037844387,-0.4999999999999998,0.9749279121818236,-0.2225209339563143,-0.5000000000000004,0.8660254037844384,35.5,13.3125,4.4375,6.25,9.55,0.0,69.5,-5.15,3.3352945,0.0,-0.1500000000000001,16.01666668,30.5,30.5,30.5,30.466666666666665,30.6,-12.42401713846154,0.0,0.4788717948717949,3.1526666666666667,4.712,16.0555556,3.0329572649572647,4.16708,4.16708,4.16708,4.16708,4.1709304,0,4.0,0,0.0,-1.61,56.9,43.1
2022-11-09 08:45:00,482.897627838886,0.0,0.0,16.01666668,4.712,30.6,0,5.1764362714980825,70.66250196097344,8,2,11,0.8660254037844387,-0.4999999999999998,0.9749279121818236,-0.2225209339563143,-0.5000000000000004,0.8660254037844384,53.24999999999999,26.625,8.875,5.675,9.625,0.0,66.25,-5.225,3.307672,0.0,0.4249999999999998,16.040740736666667,30.5,30.5,30.5,30.5,31.433333333333334,-11.30466668,-0.0388889200000015,1.080461538461538,3.6315384615384616,4.650666666666667,16.042592626666668,3.832068376068376,4.1709304,4.16708,4.16708,4.16708,4.290754,0,4.0,0,0.0,-1.62,57.4,42.6
2022-11-09 09:00:00,56.17747514444,0.0,0.0,16.040740736666667,4.650666666666667,31.433333333333334,0,5.1764362714980825,70.66250196097344,9,2,11,0.7071067811865476,-0.7071067811865475,0.9749279121818236,-0.2225209339563143,-0.5000000000000004,0.8660254037844384,71.0,44.375,14.791666666666666,5.1,9.7,0.0,63.0,-5.3,3.2717566,0.0,1.0,16.39999997,30.6,30.5,30.5,30.5,31.1,-11.39007407,0.0240740566666666,-0.0613333333333327,4.712,5.291333333333333,16.03765433888889,4.331401709401709,4.290754,4.1709304,4.16708,4.16708,4.33827,0,4.0,0,0.0,-1.61,56.9,43.1
2022-11-09 09:15:00,67.401470649994,0.0,0.0,16.39999997,5.291333333333333,31.1,0,5.1764362714980825,70.66250196097344,9,2,11,0.7071067811865476,-0.7071067811865475,0.9749279121818236,-0.2225209339563143,-0.5000000000000004,0.8660254037844384,108.75,67.125,23.854166666666668,4.375,9.975,0.0,59.75,-5.375,3.2656057,0.0,1.75,17.18703703,31.433333333333334,30.6,30.5,30.5,30.35,-11.108666636666666,0.3592592333333329,0.6406666666666663,4.650666666666667,5.204666666666666,16.15246912888889,4.884666666666667,4.33827,4.290754,4.1709304,4.16708,4.4385643,0,4.0,0,0.0,-1.53,52.3,47.7
2022-11-09 09:30:00,46.593136299996,0.0,0.0,17.18703703,5.204666666666666,30.35,0,5.1764362714980825,70.66250196097344,9,2,11,0.7071067811865476,-0.7071067811865475,0.9749279121818236,-0.2225209339563143,-0.5000000000000004,0.8660254037844384,146.5,94.875,36.0625,3.65,10.25,0.0,56.5,-5.449999999999999,3.24878,0.0,2.5,17.93888891,31.1,31.433333333333334,30.6,30.5,29.6,-11.982370363333333,0.7870370599999994,-0.0866666666666668,5.291333333333333,6.049333333333333,16.54259257888889,5.0488888888888885,4.4385643,4.33827,4.290754,4.1709304,4.527582,0,4.0,0,0.0,-1.34,42.4,57.6
2022-11-09 09:45:00,42.479967499996,0.0,0.0,17.93888891,6.049333333333333,29.6,0,5.1764362714980825,70.66250196097344,9,2,11,0.7071067811865476,-0.7071067811865475,0.9749279121818236,-0.2225209339563143,-0.5000000000000004,0.8660254037844384,184.25,127.625,51.41666666666666,2.925,10.525,0.0,53.25,-5.525,3.2203248,0.0,3.25,18.23148148,30.35,31.1,31.433333333333334,30.6,29.03333333333333,-11.889555576666666,0.7518518800000002,0.8446666666666669,5.204666666666666,7.514666666666667,17.175308636666667,5.515111111111111,4.527582,4.4385643,4.33827,4.290754,4.5188236,0,4.0,0,0.0,-1.17,33.6,66.4
2022-11-09 10:00:00,48.48083843889,0.0,0.0,18.23148148,7.514666666666667,29.03333333333333,0,5.1764362714980825,70.66250196097344,10,2,11,0.4999999999999999,-0.8660254037844387,0.9749279121818236,-0.2225209339563143,-0.5000000000000004,0.8660254037844384,222.0,165.375,69.91666666666667,2.2,10.8,0.0,50.0,-5.6,3.1792254,0.0,4.0,18.36666668,29.6,30.35,31.1,31.433333333333334,29.0,-10.716814813333333,0.29259257,1.4653333333333336,6.049333333333333,8.004,17.785802473333334,6.256222222222223,4.5188236,4.527582,4.4385643,4.33827,4.5499926,0,4.0,0,0.0,-1.1,30.6,69.4
2022-11-09 10:15:00,60.83256656666801,0.0,0.0,18.36666668,8.004,29.0,0,5.1764362714980825,70.66250196097344,10,2,11,0.4999999999999999,-0.8660254037844387,0.9749279121818236,-0.2225209339563143,-0.5000000000000004,0.8660254037844384,256.25,202.25,91.27083333333331,2.475,11.15,12.25,50.25,-4.949999999999999,3.3251169,0.0,4.6,18.53333333,29.03333333333333,29.6,30.35,31.1,29.0,-10.362666679999998,0.1351851999999986,0.4893333333333327,7.514666666666667,8.777999999999999,18.179012356666664,7.189333333333333,4.5499926,4.5188236,4.527582,4.4385643,4.5951657,0,4.0,0,0.0,-1.07,29.2,70.8
2022-11-09 10:30:00,707.910571344444,0.0,0.0,18.53333333,8.777999999999999,29.0,0,5.1764362714980825,70.66250196097344,10,2,11,0.4999999999999999,-0.8660254037844387,0.9749279121818236,-0.2225209339563143,-0.5000000000000004,0.8660254037844384,290.5,238.25,115.47916666666669,2.75,11.5,24.5,50.5,-4.3,3.476927,0.0,5.2,18.69999998,29.0,29.03333333333333,29.6,30.35,29.35,-9.755333330000004,0.1666666500000033,0.7739999999999991,8.004,9.062666666666669,18.377160496666665,8.098888888888888,4.5951657,4.5499926,4.5188236,4.527582,4.6967354,0,4.0,0,0.0,-1.03,27.5,72.5
2022-11-09 10:45:00,60.63035243889,0.0,0.0,18.69999998,9.062666666666669,29.35,0,5.1764362714980825,70.66250196097344,10,2,11,0.4999999999999999,-0.8660254037844387,0.9749279121818236,-0.2225209339563143,-0.5000000000000004,0.8660254037844384,324.75,273.375,142.54166666666666,3.025,11.85,36.75,50.75,-3.65,3.6348646,0.0,5.800000000000001,18.84629628,29.0,29.0,29.03333333333333,29.6,29.5,-9.63733331333333,0.1666666499999962,0.2846666666666682,8.777999999999999,9.731333333333334,18.53333333,8.614888888888888,4.6967354,4.5951657,4.5499926,4.5188236,4.76175,0,4.0,0,0.0,-0.99,25.8,74.2
2022-11-09 11:00:00,58.434884877772,0.0,0.0,18.84629628,9.731333333333334,29.5,0,5.1764362714980825,70.66250196097344,11,2,11,0.258819045102521,-0.9659258262890682,0.9749279121818236,-0.2225209339563143,-0.5000000000000004,0.8660254037844384,359.0,307.625,172.45833333333334,3.3,12.2,49.0,51.0,-3.0,3.799142,0.0,6.4,18.83888887,29.35,29.0,29.0,29.03333333333333,29.5,-9.114962946666669,0.146296300000003,0.6686666666666667,9.062666666666669,10.021333333333333,18.693209863333333,9.190666666666663,4.76175,4.6967354,4.5951657,4.5499926,4.759665,0,4.0,0,0.0,-0.96,24.4,75.6
2022-11-09 11:15:00,42.232199577776,0.0,0.0,18.83888887,10.021333333333333,29.5,0,5.1764362714980825,70.66250196097344,11,2,11,0.258819045102521,-0.9659258262890682,0.9749279121818236,-0.2225209339563143,-0.5000000000000004,0.8660254037844384,383.0,339.3125,202.89583333333331,3.775,12.925,37.5,50.25,-2.575,3.9178877,0.0,7.1,18.668518520000003,29.5,29.35,29.0,29.0,29.683333333333334,-8.817555536666669,-0.007407409999999,0.2899999999999991,9.731333333333334,11.266,18.79506171,9.60511111111111,4.759665,4.76175,4.6967354,4.5951657,4.7412386,0,4.0,0,0.0,-0.96,24.5,75.5
2022-11-09 11:30:00,42.252198694446,0.0,0.0,18.668518520000003,11.266,29.683333333333334,0,5.1764362714980825,70.66250196097344,11,2,11,0.258819045102521,-0.9659258262890682,0.9749279121818236,-0.2225209339563143,-0.5000000000000004,0.8660254037844384,407.0,368.4375,233.85416666666663,4.25,13.65,26.0,49.5,-2.15,4.0383897,0.0,7.8,18.49999999,29.5,29.5,29.35,29.0,30.0,-7.402518520000003,-0.1703703499999989,1.2446666666666673,10.021333333333333,11.904666666666666,18.78456789,10.339555555555556,4.7412386,4.759665,4.76175,4.6967354,4.744241,0,4.0,0,0.0,-1.0,26.0,74.0
2022-11-09 11:45:00,54.010617222224,0.0,0.0,18.49999999,11.904666666666666,30.0,0,5.1764362714980825,70.66250196097344,11,2,11,0.258819045102521,-0.9659258262890682,0.9749279121818236,-0.2225209339563143,-0.5000000000000004,0.8660254037844384,431.0,395.0,265.3333333333333,4.725,14.375,14.5,48.75,-1.725,4.16056,0.0,8.5,18.67222223,29.683333333333334,29.5,29.5,29.35,30.0,-6.5953333233333336,-0.1685185300000036,0.6386666666666656,11.266,12.376666666666669,18.669135793333336,11.064,4.744241,4.7412386,4.759665,4.76175,4.792869,0,4.0,0,0.0,-1.04,27.6,72.4
2022-11-09 12:00:00,46.321758155556,0.0,0.0,18.67222223,12.376666666666669,30.0,0,5.1764362714980825,70.66250196097344,12,2,11,1.2246467991473532e-16,-1.0,0.9749279121818236,-0.2225209339563143,-0.5000000000000004,0.8660254037844384,455.0,419.0,297.3333333333333,5.2,15.1,3.0,48.0,-1.3,4.2843103,0.0,9.2,18.855555560000003,30.0,29.683333333333334,29.5,29.5,30.4,-6.295555563333332,0.1722222399999999,0.4720000000000013,11.904666666666666,13.144,18.613580246666668,11.849111111111112,4.792869,4.744241,4.7412386,4.759665,4.9097085,0,4.0,0,0.0,-1.0,25.9,74.1
2022-11-09 12:15:00,58.237948205554,0.0,0.0,18.855555560000003,13.144,30.4,0,5.1764362714980825,70.66250196097344,12,2,11,1.2246467991473532e-16,-1.0,0.9749279121818236,-0.2225209339563143,-0.5000000000000004,0.8660254037844384,466.25,439.8125,327.125,5.225,15.375,2.25,46.25,-1.25,4.2957096,0.0,9.825,19.085185223333333,30.0,30.0,29.683333333333334,29.5,30.78333333333333,-5.7115555600000025,0.1833333300000035,0.7673333333333332,12.376666666666669,14.194,18.675925926666665,12.475111111111111,4.9097085,4.792869,4.744241,4.7412386,5.039471,0,4.0,0,0.0,-0.95,24.1,75.9
2022-11-09 12:30:00,60.915896666664,0.0,0.0,19.085185223333333,14.194,30.78333333333333,0,5.1764362714980825,70.66250196097344,12,2,11,1.2246467991473532e-16,-1.0,0.9749279121818236,-0.2225209339563143,-0.5000000000000004,0.8660254037844384,477.5,457.4375,354.7083333333333,5.25,15.65,1.5,44.5,-1.2000000000000002,4.300106,0.0,10.45,19.19444444,30.4,30.0,30.0,29.683333333333334,30.1,-4.891185223333334,0.2296296633333305,1.049999999999999,13.144,14.766,18.870987671111116,13.23822222222222,5.039471,4.9097085,4.792869,4.744241,4.959446,0,4.0,0,0.0,-0.9,22.0,78.0
2022-11-09 12:45:00,45.012366050002,0.0,0.0,19.19444444,14.766,30.1,0,5.1764362714980825,70.66250196097344,12,2,11,1.2246467991473532e-16,-1.0,0.9749279121818236,-0.2225209339563143,-0.5000000000000004,0.8660254037844384,488.75,471.875,380.0833333333333,5.275,15.925,0.75,42.75,-1.15,4.2969885,0.0,11.075,19.07777777,30.78333333333333,30.4,30.0,30.0,29.53333333333333,-4.428444439999998,0.1092592166666648,0.572000000000001,14.194,15.0,19.045061741111112,14.034666666666666,4.959446,5.039471,4.9097085,4.792869,4.8327246,0,4.0,0,0.0,-0.88,21.2,78.8
2022-11-09 13:00:00,42.297196944444,0.0,0.0,19.07777777,15.0,29.53333333333333,0,5.1764362714980825,70.66250196097344,13,2,11,-0.2588190451025208,-0.9659258262890684,0.9749279121818236,-0.2225209339563143,-0.5000000000000004,0.8660254037844384,500.0,483.125,403.25,5.3,16.2,0.0,41.0,-1.1,4.2858243,0.0,11.7,18.95555553,30.1,30.78333333333333,30.4,30.0,29.15,-4.077777770000001,-0.1166666699999972,0.2339999999999999,14.766,15.387333333333334,19.11913581111111,14.653333333333334,4.8327246,4.959446,5.039471,4.9097085,4.735717,0,4.0,0,0.0,-0.91,22.3,77.7
2022-11-09 13:15:00,48.195572050002,0.0,0.0,18.95555553,15.387333333333334,29.15,0,5.1764362714980825,70.66250196097344,13,2,11,-0.2588190451025208,-0.9659258262890684,0.9749279121818236,-0.2225209339563143,-0.5000000000000004,0.8660254037844384,496.75,490.75,423.2916666666667,5.7,16.65,0.0,39.25,-1.375,4.2066803,0.0,12.1,18.87222221333333,29.53333333333333,30.1,30.78333333333333,30.4,29.0,-3.5682221966666674,-0.1222222399999992,0.3873333333333342,15.0,15.500666666666666,19.07592591333333,15.051111111111112,4.735717,4.8327246,4.959446,5.039471,4.6882176,0,4.0,0,0.0,-0.94,23.5,76.5
2022-11-09 13:30:00,47.973358672226,0.0,0.0,18.87222221333333,15.500666666666666,29.0,0,5.1764362714980825,70.66250196097344,13,2,11,-0.2588190451025208,-0.9659258262890684,0.9749279121818236,-0.2225209339563143,-0.5000000000000004,0.8660254037844384,493.5,494.75,440.2083333333333,6.1,17.1,0.0,37.5,-1.65,4.120458,0.0,12.5,18.77777778,29.15,29.53333333333333,30.1,30.78333333333333,29.0,-3.3715555466666647,-0.0833333166666712,0.1133333333333315,15.387333333333334,15.646,18.968518504444443,15.296,4.6882176,4.735717,4.8327246,4.959446,4.662123,0,4.0,0,0.0,-0.96,24.3,75.7
2022-11-09 13:45:00,58.218504466668,0.0,0.0,18.77777778,15.646,29.0,0,5.1764362714980825,70.66250196097344,13,2,11,-0.2588190451025208,-0.9659258262890684,0.9749279121818236,-0.2225209339563143,-0.5000000000000004,0.8660254037844384,490.25,495.125,454.0,6.5,17.55,0.0,35.75,-1.9250000000000005,4.0268908,0.0,12.9,18.60185186333333,29.0,29.15,29.53333333333333,30.1,29.0,-3.131777780000002,-0.0944444333333294,0.1453333333333333,15.500666666666666,16.112666666666666,18.86851850777778,15.511333333333331,4.662123,4.6882176,4.735717,4.8327246,4.613849,0,4.0,0,0.0,-0.98,25.2,74.8
2022-11-09 14:00:00,60.959783877772,0.0,0.0,18.60185186333333,16.112666666666666,29.0,0,5.1764362714980825,70.66250196097344,14,2,11,-0.4999999999999997,-0.8660254037844388,0.9749279121818236,-0.2225209339563143,-0.5000000000000004,0.8660254037844384,487.0,491.875,464.6666666666667,6.9,18.0,0.0,34.0,-2.2,3.9257057,0.0,13.3,18.53888893,29.0,29.0,29.15,29.53333333333333,28.55,-2.4891851966666643,-0.1759259166666709,0.4666666666666668,15.646,16.115333333333332,18.750617285555556,15.75311111111111,4.613849,4.662123,4.6882176,4.735717,4.5253506,0,4.0,0,0.0,-1.02,26.8,73.2
2022-11-09 14:15:00,54.651980616662,0.0,0.0,18.53888893,16.115333333333332,28.55,0,5.1764362714980825,70.66250196097344,14,2,11,-0.4999999999999997,-0.8660254037844388,0.9749279121818236,-0.2225209339563143,-0.5000000000000004,0.8660254037844384,470.0,485.1875,471.9166666666667,7.325,18.625,0.0,33.75,-2.1500000000000004,3.9330823,0.0,13.45,18.31851854,29.0,29.0,29.0,29.15,27.566666666666663,-2.423555596666666,-0.0629629333333312,0.0026666666666663,16.112666666666666,16.316666666666666,18.63950619111111,15.957999999999998,4.5253506,4.613849,4.662123,4.6882176,4.312771,0,4.0,0,0.0,-1.03,27.6,72.4
2022-11-09 14:30:00,43.812413966672,0.0,0.0,18.31851854,16.316666666666666,27.566666666666663,0,5.1764362714980825,70.66250196097344,14,2,11,-0.4999999999999997,-0.8660254037844388,0.9749279121818236,-0.2225209339563143,-0.5000000000000004,0.8660254037844384,453.0,475.0625,475.75,7.75,19.25,0.0,33.5,-2.1,3.940214,0.0,13.6,18.0388889,28.55,29.0,29.0,29.0,27.5,-2.001851873333333,-0.2203703899999993,0.2013333333333342,16.115333333333332,16.406666666666666,18.486419777777773,16.181555555555555,4.312771,4.5253506,4.613849,4.662123,4.2314677,0,4.0,0,0.0,-1.09,30.0,70.0
2022-11-09 14:45:00,49.506353016666,0.0,0.0,18.0388889,16.406666666666666,27.5,0,5.1764362714980825,70.66250196097344,14,2,11,-0.4999999999999997,-0.8660254037844388,0.9749279121818236,-0.2225209339563143,-0.5000000000000004,0.8660254037844384,436.0,461.5,476.1666666666667,8.175,19.875,0.0,33.25,-2.05,3.9470932,0.0,13.75,17.85555557,27.566666666666663,28.55,29.0,29.0,27.316666666666663,-1.6322222333333336,-0.2796296399999995,0.0899999999999998,16.316666666666666,16.332,18.29876545666667,16.279555555555557,4.2314677,4.312771,4.5253506,4.613849,4.157648,0,4.0,0,0.0,-1.15,33.0,67.0
2022-11-09 15:00:00,216.74466328333,0.0,0.0,17.85555557,16.332,27.316666666666663,0,5.1764362714980825,70.66250196097344,15,2,11,-0.7071067811865471,-0.7071067811865479,0.9749279121818236,-0.2225209339563143,-0.5000000000000004,0.8660254037844384,419.0,444.5,473.1666666666667,8.6,20.5,0.0,33.0,-2.0,3.9537184,0.0,13.9,17.68333336,27.5,27.566666666666663,28.55,29.0,26.6,-1.5235555699999992,-0.1833333299999999,-0.0746666666666655,16.406666666666666,16.137999999999998,18.07098767,16.35177777777778,4.157648,4.2314677,4.312771,4.5253506,4.0072303,0,4.0,0,0.0,-1.2,35.1,64.9
2022-11-09 15:15:00,264.61469282222,0.0,0.0,17.68333336,16.137999999999998,26.6,0,5.1764362714980825,70.66250196097344,15,2,11,-0.7071067811865471,-0.7071067811865479,0.9749279121818236,-0.2225209339563143,-0.5000000000000004,0.8660254037844384,390.5,424.625,466.8541666666667,8.5,20.325,0.0,34.5,-1.575,4.1017847,0.0,13.775,17.470370376666665,27.316666666666663,27.5,27.566666666666663,28.55,26.03333333333333,-1.5453333600000008,-0.172222210000001,-0.1940000000000026,16.332,16.094,17.859259276666666,16.292222222222225,4.0072303,4.157648,4.2314677,4.312771,3.872329,0,4.0,0,0.0,-1.24,37.3,62.7
2022-11-09 15:30:00,47.183390305558,0.0,0.0,17.470370376666665,16.094,26.03333333333333,0,5.1764362714980825,70.66250196097344,15,2,11,-0.7071067811865471,-0.7071067811865479,0.9749279121818236,-0.2225209339563143,-0.5000000000000004,0.8660254037844384,362.0,401.875,457.2291666666667,8.399999999999999,20.15,0.0,36.0,-1.15,4.2473197,0.0,13.65,17.300000020000002,26.6,27.316666666666663,27.5,27.566666666666663,25.95,-1.3763703766666635,-0.2129629833333339,-0.0439999999999969,16.137999999999998,15.84,17.66975310222222,16.188,3.872329,4.0072303,4.157648,4.2314677,3.8208241,0,4.0,0,0.0,-1.29,40.0,60.0
2022-11-09 15:45:00,51.49571783889,0.0,0.0,17.300000020000002,15.84,25.95,0,5.1764362714980825,70.66250196097344,15,2,11,-0.7071067811865471,-0.7071067811865479,0.9749279121818236,-0.2225209339563143,-0.5000000000000004,0.8660254037844384,333.5,376.25,444.2916666666667,8.299999999999999,19.975,0.0,37.5,-0.7249999999999999,4.390349,0.0,13.525,17.15370372,26.03333333333333,26.6,27.316666666666663,27.5,25.53333333333333,-1.4600000200000025,-0.1703703566666625,-0.2540000000000013,16.094,15.5,17.48456791888889,16.024,3.8208241,3.872329,4.0072303,4.157648,3.7267,0,4.0,0,0.0,-1.34,42.1,57.9
2022-11-09 16:00:00,45.446237694442,0.0,0.0,17.15370372,15.5,25.53333333333333,0,5.1764362714980825,70.66250196097344,16,2,11,-0.8660254037844385,-0.5000000000000004,0.9749279121818236,-0.2225209339563143,-0.5000000000000004,0.8660254037844384,305.0,347.75,428.0416666666667,8.2,19.8,0.0,39.0,-0.3,4.530898,0.0,13.4,17.06111113,25.95,26.03333333333333,26.6,27.316666666666663,25.5,-1.653703719999999,-0.146296300000003,-0.3399999999999998,15.84,15.175333333333333,17.308024705555557,15.811333333333335,3.7267,3.8208241,3.872329,4.0072303,3.701248,0,4.0,0,0.0,-1.37,44.0,56.0
2022-11-09 16:15:00,42.629406022216,0.0,0.0,17.06111113,15.175333333333333,25.5,0,5.1764362714980825,70.66250196097344,16,2,11,-0.8660254037844385,-0.5000000000000004,0.9749279121818236,-0.2225209339563143,-0.5000000000000004,0.8660254037844384,268.0,317.125,408.9791666666667,8.6,19.175,0.0,40.0,-0.325,4.519588,0.0,12.95,16.911111076666668,25.53333333333333,25.95,26.03333333333333,26.6,25.5,-1.885777796666668,-0.0925925899999988,-0.3246666666666673,15.5,14.907333333333334,17.171604956666666,15.505111111111113,3.701248,3.7267,3.8208241,3.872329,3.6681051,0,4.0,0,0.0,-1.39,45.2,54.8
2022-11-09 16:30:00,57.300485822216,0.0,0.0,16.911111076666668,14.907333333333334,25.5,0,5.1764362714980825,70.66250196097344,16,2,11,-0.8660254037844385,-0.5000000000000004,0.9749279121818236,-0.2225209339563143,-0.5000000000000004,0.8660254037844384,231.0,284.375,387.1041666666667,9.0,18.55,0.0,41.0,-0.35,4.5050344,0.0,12.5,16.78333334,25.5,25.53333333333333,25.95,26.03333333333333,25.15,-2.003777743333334,-0.1500000533333327,-0.2679999999999989,15.175333333333333,14.385333333333334,17.04197530888889,15.194222222222225,3.6681051,3.701248,3.7267,3.8208241,3.5901148,0,4.0,0,0.0,-1.43,47.1,52.9
2022-11-09 16:45:00,64.652691638886,0.0,0.0,16.78333334,14.385333333333334,25.15,0,5.1764362714980825,70.66250196097344,16,2,11,-0.8660254037844385,-0.5000000000000004,0.9749279121818236,-0.2225209339563143,-0.5000000000000004,0.8660254037844384,194.0,249.5,362.4166666666667,9.4,17.925,0.0,42.0,-0.375,4.4874015,0.0,12.05,16.65370372,25.5,25.5,25.53333333333333,25.95,25.0,-2.398000006666665,-0.127777736666669,-0.5220000000000002,14.907333333333334,13.856,16.918518515555558,14.822666666666668,3.5901148,3.6681051,3.701248,3.7267,3.5410109,0,4.0,0,0.0,-1.46,48.8,51.2
2022-11-09 17:00:00,45.054864433332,0.0,0.0,16.65370372,13.856,25.0,0,5.1764362714980825,70.66250196097344,17,2,11,-0.9659258262890684,-0.2588190451025206,0.9749279121818236,-0.2225209339563143,-0.5000000000000004,0.8660254037844384,157.0,212.5,334.9166666666667,9.8,17.3,0.0,43.0,-0.4,4.4668474,0.0,11.6,16.52777777,25.15,25.5,25.5,25.53333333333333,24.65,-2.7977037199999994,-0.1296296199999993,-0.5293333333333337,14.385333333333334,13.668,16.782716045555556,14.38288888888889,3.5410109,3.5901148,3.6681051,3.701248,3.4650908,0,4.0,0,0.0,-1.49,50.5,49.5
2022-11-09 17:15:00,42.146369761106,0.0,0.0,16.52777777,13.668,24.65,0,5.1764362714980825,70.66250196097344,17,2,11,-0.9659258262890684,-0.2588190451025206,0.9749279121818236,-0.2225209339563143,-0.5000000000000004,0.8660254037844384,124.0,176.5,306.0833333333333,10.775,18.925,0.0,42.5,-0.9,4.319087,0.0,11.25,16.427777756666668,25.0,25.15,25.5,25.5,24.5,-2.859777769999999,-0.1259259499999991,-0.1879999999999988,13.856,13.527333333333331,16.654938276666666,13.96977777777778,3.4650908,3.5410109,3.5901148,3.6681051,3.423332,0,4.0,0,0.0,-1.52,52.2,47.8
2022-11-09 17:30:00,53.404808172222,0.0,0.0,16.427777756666668,13.527333333333331,24.5,0,5.1764362714980825,70.66250196097344,17,2,11,-0.9659258262890684,-0.2588190451025206,0.9749279121818236,-0.2225209339563143,-0.5000000000000004,0.8660254037844384,91.0,141.5,275.9166666666667,11.75,20.55,0.0,42.0,-1.4,4.175376,0.0,10.9,16.311111129999997,24.65,25.0,25.15,25.5,24.45,-2.900444423333335,-0.1000000133333323,-0.140666666666668,13.668,13.214666666666666,16.53641974888889,13.68377777777778,3.423332,3.4650908,3.5410109,3.5901148,3.3924122,0,4.0,0,0.0,-1.55,53.5,46.5
2022-11-09 17:45:00,42.10109372222,0.0,0.0,16.311111129999997,13.214666666666666,24.45,0,5.1764362714980825,70.66250196097344,17,2,11,-0.9659258262890684,-0.2588190451025206,0.9749279121818236,-0.2225209339563143,-0.5000000000000004,0.8660254037844384,58.0,107.5,244.41666666666663,12.725,22.175,0.0,41.5,-1.9,4.0356226,0.0,10.55,16.2777778,24.5,24.65,25.0,25.15,24.03333333333333,-3.096444463333331,-0.1166666266666709,-0.3126666666666668,13.527333333333331,12.950666666666669,16.422222218888887,13.47,3.3924122,3.423332,3.4650908,3.5410109,3.3279054,0,4.0,0,0.0,-1.58,55.1,44.9
2022-11-09 18:00:00,50.484647316662,0.0,0.0,16.2777778,12.950666666666669,24.03333333333333,0,5.1764362714980825,70.66250196097344,18,2,11,-1.0,-1.8369701987210294e-16,0.9749279121818236,-0.2225209339563143,-0.5000000000000004,0.8660254037844384,25.0,74.5,211.58333333333331,13.7,23.8,0.0,41.0,-2.4,3.8997352,0.0,10.2,16.24444444,24.45,24.5,24.65,25.0,24.0,-3.3271111333333323,-0.0333333299999978,-0.2639999999999993,13.214666666666666,12.762,16.338888895555556,13.23088888888889,3.3279054,3.3924122,3.423332,3.4650908,3.3166146,0,4.0,0,0.0,-1.59,55.6,44.4
2022-11-09 18:15:00,65.599320455552,0.0,0.0,16.24444444,12.762,24.0,0,5.1764362714980825,70.66250196097344,18,2,11,-1.0,-1.8369701987210294e-16,0.9749279121818236,-0.2225209339563143,-0.5000000000000004,0.8660254037844384,18.75,48.1875,180.60416666666663,14.25,25.85,0.0,41.0,-2.475,3.8812542,0.0,10.125,16.233333356666666,24.03333333333333,24.45,24.5,24.65,23.816666666666663,-3.4824444399999983,-0.0333333600000003,-0.1886666666666663,12.950666666666669,12.792,16.27777779,12.97577777777778,3.3166146,3.3279054,3.3924122,3.423332,3.2890744,0,4.0,0,0.0,-1.59,56.0,44.0
2022-11-09 18:30:00,48.21973788333,0.0,0.0,16.233333356666666,12.792,23.816666666666663,0,5.1764362714980825,70.66250196097344,18,2,11,-1.0,-1.8369701987210294e-16,0.9749279121818236,-0.2225209339563143,-0.5000000000000004,0.8660254037844384,12.5,28.5625,151.47916666666666,14.8,27.9,0.0,41.0,-2.55,3.862849,0.0,10.05,16.16111114,24.0,24.03333333333333,24.45,24.5,23.5,-3.441333356666666,-0.0111110833333327,0.0299999999999993,12.762,12.77,16.251851865555555,12.83488888888889,3.2890744,3.3166146,3.3279054,3.3924122,3.2312305,0,4.0,0,0.0,-1.6,56.2,43.8
2022-11-09 18:45:00,42.240532594442,0.0,0.0,16.16111114,12.77,23.5,0,5.1764362714980825,70.66250196097344,18,2,11,-1.0,-1.8369701987210294e-16,0.9749279121818236,-0.2225209339563143,-0.5000000000000004,0.8660254037844384,6.25,15.625,124.20833333333331,15.35,29.95,0.0,41.0,-2.625,3.84452,0.0,9.975,16.09444445666667,23.816666666666663,24.0,24.03333333333333,24.45,23.5,-3.391111139999998,-0.0722222166666668,-0.0219999999999984,12.792,12.728666666666667,16.21296297888889,12.774666666666668,3.2312305,3.2890744,3.3166146,3.3279054,3.2182503,0,4.0,0,0.0,-1.62,57.2,42.8
2022-11-09 19:00:00,45.88733118333,0.0,0.0,16.09444445666667,12.728666666666667,23.5,0,5.1764362714980825,70.66250196097344,19,2,11,-0.9659258262890684,0.2588190451025203,0.9749279121818236,-0.2225209339563143,-0.5000000000000004,0.8660254037844384,0.0,9.375,98.79166666666669,15.9,32.0,0.0,41.0,-2.7,3.8262663,0.0,9.9,16.01111112,23.5,23.816666666666663,24.0,24.03333333333333,23.2,-3.365777790000001,-0.0666666833333309,-0.0413333333333341,12.77,12.666666666666666,16.162962984444444,12.763555555555556,3.2182503,3.2312305,3.2890744,3.3166146,3.161213,0,4.0,0,0.0,-1.63,58.1,41.9
2022-11-09 19:15:00,52.767889150002,0.0,0.0,16.01111112,12.666666666666666,23.2,0,5.1764362714980825,70.66250196097344,19,2,11,-0.9659258262890684,0.2588190451025203,0.9749279121818236,-0.2225209339563143,-0.5000000000000004,0.8660254037844384,0.0,4.6875,76.45833333333333,17.05,32.1,0.0,39.5,-3.0250000000000004,3.739257,0.0,10.125,15.948148106666668,23.5,23.5,23.816666666666663,24.0,23.466666666666665,-3.344444453333333,-0.0833333366666693,-0.0620000000000011,12.728666666666667,12.499333333333334,16.088888905555557,12.72177777777778,3.161213,3.2182503,3.2312305,3.2890744,3.1854022,0,4.0,0,0.0,-1.65,59.2,40.8
2022-11-09 19:30:00,57.467423327782,0.0,0.0,15.948148106666668,12.499333333333334,23.466666666666665,0,5.1764362714980825,70.66250196097344,19,2,11,-0.9659258262890684,0.2588190451025203,0.9749279121818236,-0.2225209339563143,-0.5000000000000004,0.8660254037844384,0.0,1.5625,57.208333333333336,18.2,32.2,0.0,38.0,-3.35,3.6488612,0.0,10.35,15.9444444,23.2,23.5,23.5,23.816666666666663,23.85,-3.448814773333334,-0.0629630133333307,-0.1673333333333317,12.666666666666666,12.36,16.01790122777778,12.631555555555556,3.1854022,3.161213,3.2182503,3.2312305,3.236711,0,4.0,0,0.0,-1.67,60.0,40.0
2022-11-09 19:45:00,62.517221444444,0.0,0.0,15.9444444,12.36,23.85,0,5.1764362714980825,70.66250196097344,19,2,11,-0.9659258262890684,0.2588190451025203,0.9749279121818236,-0.2225209339563143,-0.5000000000000004,0.8660254037844384,0.0,0.0,41.04166666666666,19.35,32.3,0.0,36.5,-3.675,3.5550091,0.0,10.575,15.964814786666668,23.466666666666665,23.2,23.5,23.5,24.183333333333334,-3.584444399999999,-0.003703706666668,-0.1393333333333331,12.499333333333334,12.226666666666668,15.96790120888889,12.508666666666668,3.236711,3.1854022,3.161213,3.2182503,3.2859933,0,4.0,0,0.0,-1.67,59.9,40.1
2022-11-09 20:00:00,59.312349594446005,0.0,0.0,15.964814786666668,12.226666666666668,24.183333333333334,0,5.1764362714980825,70.66250196097344,20,2,11,-0.8660254037844386,0.5000000000000001,0.9749279121818236,-0.2225209339563143,-0.5000000000000004,0.8660254037844384,0.0,0.0,27.95833333333333,20.5,32.4,0.0,35.0,-4.0,3.457633,0.0,10.8,16.00555556,23.85,23.466666666666665,23.2,23.5,24.8,-3.73814812,0.0203703866666664,-0.1333333333333346,12.36,12.162,15.95246909777778,12.362000000000002,3.2859933,3.236711,3.1854022,3.161213,3.3780932,0,4.0,0,0.0,-1.66,59.6,40.4
2022-11-09 20:15:00,47.278664561102,0.0,0.0,16.00555556,12.162,24.8,0,5.1764362714980825,70.66250196097344,20,2,11,-0.8660254037844386,0.5000000000000001,0.9749279121818236,-0.2225209339563143,-0.5000000000000004,0.8660254037844384,0.0,0.0,17.625,20.175,34.475,0.0,35.25,-4.125,3.427848,0.0,10.55,16.03148150666667,24.183333333333334,23.85,23.466666666666665,23.2,24.53333333333333,-3.84355556,0.0407407733333347,-0.0646666666666657,12.226666666666668,12.192666666666668,15.971604915555554,12.249555555555558,3.3780932,3.2859933,3.236711,3.1854022,3.3470085,0,4.0,0,0.0,-1.65,58.9,41.1
2022-11-09 20:30:00,47.283942099992,0.0,0.0,16.03148150666667,12.192666666666668,24.53333333333333,0,5.1764362714980825,70.66250196097344,20,2,11,-0.8660254037844386,0.5000000000000001,0.9749279121818236,-0.2225209339563143,-0.5000000000000004,0.8660254037844384,0.0,0.0,10.041666666666666,19.85,36.55,0.0,35.5,-4.25,3.3980396,0.0,10.3,16.0,24.8,24.183333333333334,23.85,23.466666666666665,24.5,-3.838814840000001,0.0259259466666677,0.0306666666666668,12.162,12.146,16.000617284444445,12.19377777777778,3.3470085,3.3780932,3.2859933,3.236711,3.3361087,0,4.0,0,0.0,-1.64,58.6,41.4
2022-11-09 20:45:00,53.750627822216,0.0,0.0,16.0,12.146,24.5,0,5.1764362714980825,70.66250196097344,20,2,11,-0.8660254037844386,0.5000000000000001,0.9749279121818236,-0.2225209339563143,-0.5000000000000004,0.8660254037844384,0.0,0.0,5.208333333333333,19.525,38.625,0.0,35.75,-4.375,3.3682153,0.0,10.05,16.0,24.53333333333333,24.8,24.183333333333334,23.85,24.316666666666663,-3.854000000000001,-0.0314815066666689,-0.0466666666666686,12.192666666666668,12.070666666666666,16.01234568888889,12.166888888888892,3.3361087,3.3470085,3.3780932,3.2859933,3.3111446,0,4.0,0,0.0,-1.65,59.0,41.0
2022-11-09 21:00:00,53.90562152222,0.0,0.0,16.0,12.070666666666666,24.316666666666663,0,5.1764362714980825,70.66250196097344,21,2,11,-0.7071067811865477,0.7071067811865474,0.9749279121818236,-0.2225209339563143,-0.5000000000000004,0.8660254037844384,0.0,0.0,3.125,19.2,40.7,0.0,36.0,-4.5,3.3383832,0.0,9.8,15.9722222,24.5,24.53333333333333,24.8,24.183333333333334,24.35,-3.929333333333334,0.0,-0.075333333333333,12.146,11.938666666666666,16.010493835555554,12.136444444444445,3.3111446,3.3361087,3.3470085,3.3780932,3.310121,0,4.0,0,0.0,-1.65,59.1,40.9
2022-11-09 21:15:00,62.885262338886,0.0,0.0,15.9722222,11.938666666666666,24.35,0,5.1764362714980825,70.66250196097344,21,2,11,-0.7071067811865477,0.7071067811865474,0.9749279121818236,-0.2225209339563143,-0.5000000000000004,0.8660254037844384,0.0,0.0,1.5625,19.4,40.875,0.0,36.25,-4.525,3.3296669,0.0,9.65,16.027777800000003,24.316666666666663,24.5,24.53333333333333,24.8,24.316666666666663,-4.033555533333335,-0.027777799999999,-0.1319999999999996,12.070666666666666,11.766666666666667,15.990740733333334,12.051777777777778,3.310121,3.3111446,3.3361087,3.3470085,3.3167078,0,4.0,0,0.0,-1.66,59.4,40.6
2022-11-09 21:30:00,59.654280416666,0.0,0.0,16.027777800000003,11.766666666666667,24.316666666666663,0,5.1764362714980825,70.66250196097344,21,2,11,-0.7071067811865477,0.7071067811865474,0.9749279121818236,-0.2225209339563143,-0.5000000000000004,0.8660254037844384,0.0,0.0,0.5208333333333334,19.6,41.05,0.0,36.5,-4.55,3.320777,0.0,9.5,15.77222221,24.35,24.316666666666663,24.5,24.53333333333333,23.6,-4.261111133333335,0.0555556000000017,-0.1719999999999988,11.938666666666666,11.583333333333334,16.0,11.925333333333334,3.3167078,3.310121,3.3111446,3.3361087,3.1695836,0,4.0,0,0.0,-1.64,58.7,41.3
2022-11-09 21:45:00,52.228744249994,0.0,0.0,15.77222221,11.583333333333334,23.6,0,5.1764362714980825,70.66250196097344,21,2,11,-0.7071067811865477,0.7071067811865474,0.9749279121818236,-0.2225209339563143,-0.5000000000000004,0.8660254037844384,0.0,0.0,0.0,19.8,41.225,0.0,36.75,-4.574999999999999,3.3117163,0.0,9.35,15.329629646666666,24.316666666666663,24.35,24.316666666666663,24.5,23.216666666666665,-4.188888876666665,-0.2555555900000037,-0.1833333333333335,11.766666666666667,11.423333333333334,15.92407407,11.76288888888889,3.1695836,3.3167078,3.310121,3.3111446,3.0355117,0,4.0,0,0.0,-1.71,62.2,37.8
2022-11-09 22:00:00,43.643531955556,0.0,0.0,15.329629646666666,11.423333333333334,23.216666666666665,0,5.1764362714980825,70.66250196097344,22,2,11,-0.5000000000000004,0.8660254037844384,0.9749279121818236,-0.2225209339563143,-0.5000000000000004,0.8660254037844384,0.0,0.0,0.0,20.0,41.4,0.0,37.0,-4.6,3.302489,0.0,9.2,15.14444447,23.6,24.316666666666663,24.35,24.316666666666663,23.5,-3.906296313333332,-0.4425925633333332,-0.1600000000000001,11.583333333333334,11.223333333333333,15.70987655222222,11.591111111111111,3.0355117,3.1695836,3.3167078,3.310121,3.0381532,0,4.0,0,0.0,-1.81,67.7,32.3
2022-11-09 22:15:00,43.219660094442,0.0,0.0,15.14444447,11.223333333333333,23.5,0,5.1764362714980825,70.66250196097344,22,2,11,-0.5000000000000004,0.8660254037844384,0.9749279121818236,-0.2225209339563143,-0.5000000000000004,0.8660254037844384,0.0,0.0,0.0,20.175,41.85,0.0,37.25,-4.6,3.303638,0.0,9.1,14.898148133333333,23.216666666666665,23.6,24.316666666666663,24.35,23.683333333333334,-3.921111136666667,-0.1851851766666659,-0.200000000000001,11.423333333333334,11.135333333333334,15.415432108888888,11.410000000000002,3.0381532,3.0355117,3.1695836,3.3167078,3.016265,0,4.0,0,0.0,-1.86,69.9,30.099999999999994
2022-11-09 22:30:00,54.950579772218,0.0,0.0,14.898148133333333,11.135333333333334,23.683333333333334,0,5.1764362714980825,70.66250196097344,22,2,11,-0.5000000000000004,0.8660254037844384,0.9749279121818236,-0.2225209339563143,-0.5000000000000004,0.8660254037844384,0.0,0.0,0.0,20.35,42.3,0.0,37.5,-4.6,3.3046203,0.0,9.0,14.70000003,23.5,23.216666666666665,23.6,24.316666666666663,24.0,-3.7628147999999992,-0.246296336666667,-0.0879999999999991,11.223333333333333,11.138666666666666,15.124074083333332,11.260666666666667,3.016265,3.0381532,3.0355117,3.1695836,3.0198624,0,4.0,0,0.0,-1.91,72.7,27.299999999999997
2022-11-09 22:45:00,59.511230605554005,0.0,0.0,14.70000003,11.138666666666666,24.0,0,5.1764362714980825,70.66250196097344,22,2,11,-0.5000000000000004,0.8660254037844384,0.9749279121818236,-0.2225209339563143,-0.5000000000000004,0.8660254037844384,0.0,0.0,0.0,20.525,42.75,0.0,37.75,-4.6,3.3054395,0.0,8.9,14.644841285714287,23.683333333333334,23.5,23.216666666666665,23.6,24.0,-3.5613333633333344,-0.1981481033333327,0.003333333333332,11.135333333333334,11.074285714285711,14.914197544444445,11.165777777777778,3.0198624,3.016265,3.0381532,3.0355117,3.0097058,0,4.0,0,0.0,-1.96,74.9,25.099999999999994
2022-11-09 23:00:00,55.97664976111,0.0,0.0,14.644841285714287,11.074285714285711,24.0,0,5.1764362714980825,70.66250196097344,23,2,11,-0.2588190451025215,0.965925826289068,0.9749279121818236,-0.2225209339563143,-0.5000000000000004,0.8660254037844384,0.0,0.0,0.0,20.7,43.2,0.0,38.0,-4.6,3.3060963,0.0,8.8,14.569841299999998,24.0,23.683333333333334,23.5,23.216666666666665,24.425,-3.5705555714285744,-0.0551587442857126,-0.0643809523809526,11.138666666666666,11.027857142857142,14.74766314968254,11.11609523809524,3.0097058,3.0198624,3.016265,3.0381532,3.048996,0,4.0,0,0.0,-1.97,75.5,24.5
2022-11-09 23:15:00,415.89697462222,0.0,0.0,14.569841299999998,11.027857142857142,24.425,0,5.1764362714980825,70.66250196097344,23,2,11,-0.2588190451025215,0.965925826289068,0.9749279121818236,-0.2225209339563143,-0.5000000000000004,0.8660254037844384,0.0,0.0,0.0,20.325,43.1,0.0,38.25,-4.6,3.3118947,0.0,8.725000000000001,14.5555556,24.0,24.0,23.683333333333334,23.5,24.975,-3.5419841571428563,-0.0749999857142889,-0.0464285714285708,11.074285714285711,10.82,14.638227538571428,11.08026984126984,3.048996,3.0097058,3.0198624,3.016265,3.114932,0,4.0,0,0.0,-1.99,76.2,23.799999999999997
2022-11-09 23:30:00,50.41492765556,0.0,0.0,14.5555556,10.82,24.975,0,5.1764362714980825,70.66250196097344,23,2,11,-0.2588190451025215,0.965925826289068,0.9749279121818236,-0.2225209339563143,-0.5000000000000004,0.8660254037844384,0.0,0.0,0.0,19.95,43.0,0.0,38.5,-4.6,3.317552,0.0,8.65,14.56111115,24.425,24.0,24.0,23.683333333333334,25.4,-3.7355556000000014,-0.0142856999999985,-0.2078571428571436,11.027857142857142,10.704666666666666,14.590079395238094,10.97404761904762,3.114932,3.048996,3.0097058,3.0198624,3.169015,0,4.0,0,0.0,-1.99,76.3,23.700000000000003
2022-11-09 23:45:00,49.781897361118,0.0,0.0,14.56111115,10.704666666666666,25.4,0,5.1764362714980825,70.66250196097344,23,2,11,-0.2588190451025215,0.965925826289068,0.9749279121818236,-0.2225209339563143,-0.5000000000000004,0.8660254037844384,0.0,0.0,0.0,19.575,42.9,0.0,38.75,-4.6,3.3230698,0.0,8.575000000000001,14.678395067777778,24.975,24.425,24.0,24.0,25.97222222222222,-3.856444483333332,0.0055555499999986,-0.1153333333333321,10.82,10.54,14.56216935,10.850841269841268,3.169015,3.114932,3.048996,3.0097058,3.2637131,0,4.0,0,0.0,-1.99,76.1,23.900000000000006
2022-11-10 00:00:00,33.035622955556,0.0,0.0,14.678395067777778,10.54,25.97222222222222,0,5.1764362714980825,70.66250196097344,0,3,11,0.0,1.0,0.4338837391175582,-0.900968867902419,-0.5000000000000004,0.8660254037844384,0.0,0.0,0.0,19.2,42.8,0.0,39.0,-4.6,3.3284478,0.0,8.5,14.964529923846154,25.4,24.975,24.425,24.0,26.057692307692307,-4.138395067777779,0.1172839177777795,-0.1646666666666671,10.704666666666666,10.46923076923077,14.59835393925926,10.688222222222224,3.2637131,3.169015,3.114932,3.048996,3.3321135,0,4.0,0,0.0,-1.96,74.7,25.299999999999997
2022-11-10 00:15:00,429.080613888888,0.0,0.0,14.964529923846154,10.46923076923077,26.057692307692307,0,5.1764362714980825,70.66250196097344,0,3,11,0.0,1.0,0.4338837391175582,-0.900968867902419,-0.5000000000000004,0.8660254037844384,0.0,0.0,0.0,18.85,42.175,0.0,39.5,-4.475,3.3603137,0.0,8.45,15.21190477,25.97222222222222,25.4,24.975,24.425,26.464285714285715,-4.495299154615385,0.2861348560683758,-0.0707692307692298,10.54,10.32,14.734678713874644,10.571299145299143,3.3321135,3.2637131,3.169015,3.114932,3.4354546,0,4.0,0,0.0,-1.89,71.5,28.5
2022-11-10 00:30:00,49.578850083334,0.0,0.0,15.21190477,10.32,26.464285714285715,0,5.1764362714980825,70.66250196097344,0,3,11,0.0,1.0,0.4338837391175582,-0.900968867902419,-0.5000000000000004,0.8660254037844384,0.0,0.0,0.0,18.5,41.55,0.0,40.0,-4.35,3.391937,0.0,8.4,15.412393125384616,26.057692307692307,25.97222222222222,25.4,24.975,26.834615384615383,-4.891904770000002,0.2473748461538463,-0.1492307692307708,10.46923076923077,10.27,14.95160992054131,10.443076923076925,3.4354546,3.3321135,3.2637131,3.169015,3.5262296,0,4.0,0,0.0,-1.83,68.4,31.599999999999994
2022-11-10 00:45:00,35.044153911104004,0.0,0.0,15.412393125384616,10.27,26.834615384615383,0,5.1764362714980825,70.66250196097344,0,3,11,0.0,1.0,0.4338837391175582,-0.900968867902419,-0.5000000000000004,0.8660254037844384,0.0,0.0,0.0,18.15,40.925,0.0,40.5,-4.225,3.4233174,0.0,8.350000000000001,15.54595959,26.464285714285715,26.057692307692307,25.97222222222222,25.4,27.213636363636365,-5.142393125384617,0.2004883553846159,-0.0499999999999989,10.32,10.251818181818182,15.196275939743591,10.353076923076925,3.5262296,3.4354546,3.3321135,3.2637131,3.6051385,0,4.0,0,0.0,-1.78,65.9,34.099999999999994
2022-11-10 01:00:00,32.714802455556004,0.0,0.0,15.54595959,10.251818181818182,27.213636363636365,0,5.1764362714980825,70.66250196097344,1,3,11,0.2588190451025207,0.9659258262890684,0.4338837391175582,-0.900968867902419,-0.5000000000000004,0.8660254037844384,0.0,0.0,0.0,17.8,40.3,0.0,41.0,-4.1,3.4544575,0.0,8.3,15.653846169230768,26.834615384615383,26.464285714285715,26.057692307692307,25.97222222222222,27.5,-5.294141408181819,0.1335664646153844,-0.0181818181818176,10.27,10.143076923076922,15.390085828461538,10.28060606060606,3.6051385,3.5262296,3.4354546,3.3321135,3.666982,0,4.0,0,0.0,-1.75,64.2,35.8
2022-11-10 01:15:00,29.841306266668,0.0,0.0,15.653846169230768,10.143076923076922,27.5,0,5.1764362714980825,70.66250196097344,1,3,11,0.2588190451025207,0.9659258262890684,0.4338837391175582,-0.900968867902419,-0.5000000000000004,0.8660254037844384,0.0,0.0,0.0,17.175,39.5,0.0,42.25,-3.825,3.5426428,0.0,8.225000000000001,15.737373733636362,27.213636363636365,26.834615384615383,26.464285714285715,26.057692307692307,27.66818181818182,-5.510769246153846,0.107886579230767,-0.1087412587412597,10.251818181818182,10.078181818181818,15.537399628205128,10.221631701631702,3.666982,3.6051385,3.5262296,3.4354546,3.708125,0,4.0,0,0.0,-1.72,62.8,37.2
2022-11-10 01:30:00,22.329384655552,0.0,0.0,15.737373733636362,10.078181818181818,27.66818181818182,0,5.1764362714980825,70.66250196097344,1,3,11,0.2588190451025207,0.9659258262890684,0.4338837391175582,-0.900968867902419,-0.5000000000000004,0.8660254037844384,0.0,0.0,0.0,16.55,38.7,0.0,43.5,-3.55,3.6298888,0.0,8.15,15.78174605,27.5,27.213636363636365,26.834615384615383,26.464285714285715,28.339285714285715,-5.659191915454544,0.0835275644055943,-0.064895104895104,10.143076923076922,9.962142857142856,15.645726497622377,10.157692307692308,3.708125,3.666982,3.6051385,3.5262296,3.8082862,0,4.0,0,0.0,-1.7,61.7,38.3
2022-11-10 01:45:00,31.658178222216,0.0,0.0,15.78174605,9.962142857142856,28.339285714285715,0,5.1764362714980825,70.66250196097344,1,3,11,0.2588190451025207,0.9659258262890684,0.4338837391175582,-0.900968867902419,-0.5000000000000004,0.8660254037844384,0.0,0.0,0.0,15.925,37.9,0.0,44.75,-3.275,3.7162008,0.0,8.075000000000001,15.829365049999998,27.66818181818182,27.5,27.213636363636365,26.834615384615383,28.5,-5.819603192857144,0.0443723163636384,-0.1160389610389618,10.078181818181818,9.785,15.724321984289045,10.061133866133869,3.8082862,3.708125,3.666982,3.6051385,3.840937,0,4.0,0,0.0,-1.68,60.9,39.1
2022-11-10 02:00:00,50.534367394446,0.0,0.0,15.829365049999998,9.785,28.5,0,5.1764362714980825,70.66250196097344,2,3,11,0.4999999999999999,0.8660254037844387,0.4338837391175582,-0.900968867902419,-0.5000000000000004,0.8660254037844384,0.0,0.0,0.0,15.3,37.1,0.0,46.0,-3.0,3.8015862,0.0,8.0,15.870833329999998,28.339285714285715,27.66818181818182,27.5,27.213636363636365,28.8375,-6.044365049999998,0.0476189999999974,-0.1771428571428561,9.962142857142856,9.32,15.782828277878789,9.941774891774893,3.840937,3.8082862,3.708125,3.666982,3.8961868,0,4.0,0,0.0,-1.67,60.3,39.7
2022-11-10 02:15:00,33.420329933328,0.0,0.0,15.870833329999998,9.32,28.8375,0,5.1764362714980825,70.66250196097344,2,3,11,0.4999999999999999,0.8660254037844387,0.4338837391175582,-0.900968867902419,-0.5000000000000004,0.8660254037844384,0.0,0.0,0.0,13.325,35.65,0.0,48.75,-2.45,3.9707856,0.0,7.775,15.909126975,28.5,28.339285714285715,27.66818181818182,27.5,29.0,-6.550833329999998,0.0414682800000001,-0.4649999999999998,9.785,9.179999999999998,15.82731481,9.68904761904762,3.8961868,3.840937,3.8082862,3.708125,3.9272285,0,4.0,0,0.0,-1.66,59.7,40.3
2022-11-10 02:30:00,27.874996022224,0.0,0.0,15.909126975,9.179999999999998,29.0,0,5.1764362714980825,70.66250196097344,2,3,11,0.4999999999999999,0.8660254037844387,0.4338837391175582,-0.900968867902419,-0.5000000000000004,0.8660254037844384,0.0,0.0,0.0,11.35,34.2,0.0,51.5,-1.9,4.1342053,0.0,7.55,15.9444444,28.8375,28.5,28.339285714285715,27.66818181818182,29.042857142857144,-6.729126975000003,0.038293645000003,-0.1400000000000023,9.32,9.152142857142858,15.869775118333331,9.428333333333333,3.9272285,3.8961868,3.840937,3.8082862,3.9414399,0,4.0,0,0.0,-1.65,59.2,40.8
2022-11-10 02:45:00,38.626510444444,0.0,0.0,15.9444444,9.152142857142858,29.042857142857144,0,5.1764362714980825,70.66250196097344,2,3,11,0.4999999999999999,0.8660254037844387,0.4338837391175582,-0.900968867902419,-0.5000000000000004,0.8660254037844384,0.0,0.0,0.0,9.375,32.75,0.0,54.25,-1.35,4.2919636,0.0,7.324999999999999,15.9444444,29.0,28.8375,28.5,28.339285714285715,29.46153846153846,-6.792301542857143,0.0353174249999987,-0.0278571428571403,9.179999999999998,9.287692307692309,15.908134901666664,9.217380952380951,3.9414399,3.9272285,3.8961868,3.840937,3.99826,0,4.0,0,0.0,-1.64,58.7,41.3
2022-11-10 03:00:00,26.025625633332,0.0,0.0,15.9444444,9.287692307692309,29.46153846153846,0,5.1764362714980825,70.66250196097344,3,3,11,0.7071067811865476,0.7071067811865476,0.4338837391175582,-0.900968867902419,-0.5000000000000004,0.8660254037844384,0.0,0.0,0.0,7.4,31.3,0.0,57.0,-0.8,4.444172,0.0,7.1,15.948290556923077,29.042857142857144,29.0,28.8375,28.5,29.534615384615385,-6.656752092307693,0.0,0.1355494505494494,9.152142857142858,9.173076923076923,15.932671925,9.206611721611722,3.99826,3.9414399,3.9272285,3.8961868,4.00911,0,4.0,0,0.0,-1.64,58.6,41.4
2022-11-10 03:15:00,25.660918138882,0.0,0.0,15.948290556923077,9.173076923076923,29.534615384615385,0,5.1764362714980825,70.66250196097344,3,3,11,0.7071067811865476,0.7071067811865476,0.4338837391175582,-0.900968867902419,-0.5000000000000004,0.8660254037844384,0.0,0.0,0.0,7.45,26.625,0.0,56.75,-0.875,4.4246793,0.0,7.1,15.97692305846154,29.46153846153846,29.042857142857144,29.0,28.8375,29.96153846153846,-6.775213633846153,0.0038461569230765,-0.1146153846153836,9.287692307692309,9.40153846153846,15.94572645230769,9.204304029304032,4.00911,3.99826,3.9414399,3.9272285,4.0741067,0,4.0,0,0.0,-1.64,58.5,41.5
2022-11-10 03:30:00,45.679006000004,0.0,0.0,15.97692305846154,9.40153846153846,29.96153846153846,0,5.1764362714980825,70.66250196097344,3,3,11,0.7071067811865476,0.7071067811865476,0.4338837391175582,-0.900968867902419,-0.5000000000000004,0.8660254037844384,0.0,0.0,0.0,7.5,21.95,0.0,56.5,-0.95,4.4051876,0.0,7.1,15.983888876,29.534615384615385,29.46153846153846,29.042857142857144,29.0,30.355,-6.575384596923078,0.0286325015384623,0.2284615384615378,9.173076923076923,9.635,15.956552671794872,9.287435897435898,4.0741067,4.00911,3.99826,3.9414399,4.129348,0,4.0,0,0.0,-1.63,58.0,42.0
2022-11-10 03:45:00,31.88566902222,0.0,0.0,15.983888876,9.635,30.355,0,5.1764362714980825,70.66250196097344,3,3,11,0.7071067811865476,0.7071067811865476,0.4338837391175582,-0.900968867902419,-0.5000000000000004,0.8660254037844384,0.0,0.0,0.0,7.55,17.275,0.0,56.25,-1.025,4.3856955,0.0,7.1,16.018253982857143,29.96153846153846,29.534615384615385,29.46153846153846,29.042857142857144,30.5,-6.348888876,0.006965817538461,0.2334615384615386,9.40153846153846,9.644285714285711,15.96970083046154,9.403205128205128,4.129348,4.0741067,4.00911,3.99826,4.157699,0,4.0,0,0.0,-1.63,57.9,42.1
2022-11-10 04:00:00,28.991062627774,0.0,0.0,16.018253982857143,9.644285714285711,30.5,0,5.1764362714980825,70.66250196097344,4,3,11,0.8660254037844386,0.5000000000000001,0.4338837391175582,-0.900968867902419,-0.5000000000000004,0.8660254037844384,0.0,0.0,0.0,7.6,12.6,0.0,56.0,-1.1,4.3662033,0.0,7.1,16.04949498909091,30.355,29.96153846153846,29.534615384615385,29.46153846153846,30.55454545454546,-6.37396826857143,0.0343651068571428,0.0092857142857134,9.635,9.817272727272726,15.99302197243956,9.560274725274724,4.157699,4.129348,4.0741067,4.00911,4.1730037,0,4.0,0,0.0,-1.62,57.4,42.6
2022-11-10 04:15:00,24.487353783334,0.0,0.0,16.04949498909091,9.817272727272726,30.55454545454546,0,5.1764362714980825,70.66250196097344,4,3,11,0.8660254037844386,0.5000000000000001,0.4338837391175582,-0.900968867902419,-0.5000000000000004,0.8660254037844384,0.0,0.0,0.0,8.975,15.2,0.0,55.5,-1.125,4.3554025,0.0,7.199999999999999,16.026767698181818,30.5,30.355,29.96153846153846,29.534615384615385,30.96818181818181,-6.232222261818183,0.0312410062337669,0.1729870129870132,9.644285714285711,9.989090909090908,16.017212615982686,9.698852813852817,4.1730037,4.157699,4.129348,4.0741067,4.223693,0,4.0,0,0.0,-1.61,57.0,43.0
2022-11-10 04:30:00,27.649171872218,0.0,0.0,16.026767698181818,9.989090909090908,30.96818181818181,0,5.1764362714980825,70.66250196097344,4,3,11,0.8660254037844386,0.5000000000000001,0.4338837391175582,-0.900968867902419,-0.5000000000000004,0.8660254037844384,0.0,0.0,0.0,10.35,17.8,0.0,55.0,-1.15,4.344253,0.0,7.3,16.020370386666666,30.55454545454546,30.5,30.355,29.96153846153846,31.0,-6.037676789090909,-0.022727290909092,0.1718181818181818,9.817272727272726,10.149166666666668,16.031505556709956,9.816883116883115,4.223693,4.1730037,4.157699,4.129348,4.2263985,0,4.0,0,0.0,-1.62,57.2,42.8
2022-11-10 04:45:00,23.889600111104,0.0,0.0,16.020370386666666,10.149166666666668,31.0,0,5.1764362714980825,70.66250196097344,4,3,11,0.8660254037844386,0.5000000000000001,0.4338837391175582,-0.900968867902419,-0.5000000000000004,0.8660254037844384,0.0,0.0,0.0,11.725,20.4,0.0,54.5,-1.175,4.33275,0.0,7.4,16.032906009230768,30.96818181818181,30.55454545454546,30.5,30.355,31.0,-5.871203719999999,-0.0063973115151512,0.1600757575757594,9.989090909090908,10.204615384615384,16.032211024646468,9.985176767676768,4.2263985,4.223693,4.1730037,4.157699,4.229601,0,4.0,0,0.0,-1.62,57.2,42.8
2022-11-10 05:00:00,37.294896961114,0.0,0.0,16.032906009230768,10.204615384615384,31.0,0,5.1764362714980825,70.66250196097344,5,3,11,0.9659258262890684,0.2588190451025207,0.4338837391175582,-0.900968867902419,-0.5000000000000004,0.8660254037844384,0.0,0.0,0.0,13.1,23.0,0.0,54.0,-1.2,4.3208904,0.0,7.5,16.040079397142858,31.0,30.96818181818181,30.55454545454546,30.5,31.360714285714288,-5.828290624615384,0.0125356225641013,0.0554487179487157,10.149166666666668,10.258571428571427,16.026681364693083,10.114290986790987,4.229601,4.2263985,4.223693,4.1730037,4.2806706,0,4.0,0,0.0,-1.61,57.1,42.9
2022-11-10 05:15:00,52.761500588888,0.0,0.0,16.040079397142858,10.258571428571427,31.360714285714288,0,5.1764362714980825,70.66250196097344,5,3,11,0.9659258262890684,0.2588190451025207,0.4338837391175582,-0.900968867902419,-0.5000000000000004,0.8660254037844384,0.0,0.0,0.0,12.3,23.275,0.5,54.75,-1.1,4.366744,0.0,7.45,16.0555556,31.0,31.0,30.96818181818181,30.55454545454546,31.5,-5.781507968571429,0.0071733879120898,0.0539560439560453,10.204615384615384,10.199166666666668,16.031118597680095,10.204117826617829,4.2806706,4.229601,4.2263985,4.223693,4.303705,0,4.0,0,0.0,-1.61,56.9,43.1
2022-11-10 05:30:00,23.478505372218,0.0,0.0,16.0555556,10.199166666666668,31.5,0,5.1764362714980825,70.66250196097344,5,3,11,0.9659258262890684,0.2588190451025207,0.4338837391175582,-0.900968867902419,-0.5000000000000004,0.8660254037844384,0.0,0.0,0.0,11.5,23.55,1.0,55.5,-1.0,4.4122496,0.0,7.4,16.0555556,31.360714285714288,31.0,31.0,30.96818181818181,31.5,-5.856388933333335,0.015476202857144,-0.0594047619047621,10.258571428571427,10.207272727272729,16.042847002124542,10.220784493284494,4.303705,4.2806706,4.229601,4.2263985,4.303705,0,4.0,0,0.0,-1.61,56.7,43.3
2022-11-10 05:45:00,28.144151955556,0.0,0.0,16.0555556,10.207272727272729,31.5,0,5.1764362714980825,70.66250196097344,5,3,11,0.9659258262890684,0.2588190451025207,0.4338837391175582,-0.900968867902419,-0.5000000000000004,0.8660254037844384,0.0,0.0,0.0,10.7,23.825000000000003,1.5,56.25,-0.9,4.4574094,0.0,7.35,16.0740741,31.5,31.360714285714288,31.0,31.0,32.0,-5.848282872727275,0.0,0.0081060606060603,10.199166666666668,10.22,16.050396865714287,10.221670274170275,4.303705,4.303705,4.2806706,4.229601,4.376911,0,4.0,0,0.0,-1.61,56.7,43.3
2022-11-10 06:00:00,427.050139527778,0.0,0.0,16.0740741,10.22,32.0,0,5.1764362714980825,70.66250196097344,6,3,11,1.0,6.123233995736766e-17,0.4338837391175582,-0.900968867902419,-0.5000000000000004,0.8660254037844384,0.0,0.0,0.0,9.9,24.1,2.0,57.0,-0.8,4.502226,0.0,7.3,16.117063485714286,31.5,31.5,31.360714285714288,31.0,33.292857142857144,-5.8540741,0.0185184999999989,0.0127272727272735,10.207272727272729,10.211428571428572,16.061728433333332,10.208813131313134,4.376911,4.303705,4.303705,4.2806706,4.5655837,0,4.0,0,0.0,-1.6,56.3,43.7
2022-11-10 06:15:00,58.426829649994,0.0,0.0,16.117063485714286,10.211428571428572,33.292857142857144,0,5.1764362714980825,70.66250196097344,6,3,11,1.0,6.123233995736766e-17,0.4338837391175582,-0.900968867902419,-0.5000000000000004,0.8660254037844384,0.0,0.0,0.0,10.3,22.4,1.5,56.75,-0.775,4.4970307,0.0,7.35,16.164102595384616,32.0,31.5,31.5,31.360714285714288,33.02307692307692,-5.905634914285715,0.0429893857142857,-0.0085714285714288,10.22,10.400769230769232,16.082231061904764,10.212900432900437,4.5655837,4.376911,4.303705,4.303705,4.5414653,0,4.0,0,0.0,-1.58,55.4,44.6
2022-11-10 06:30:00,49.737454872222,0.0,0.0,16.164102595384616,10.400769230769232,33.02307692307692,0,5.1764362714980825,70.66250196097344,6,3,11,1.0,6.123233995736766e-17,0.4338837391175582,-0.900968867902419,-0.5000000000000004,0.8660254037844384,0.0,0.0,0.0,10.7,20.700000000000003,1.0,56.5,-0.75,4.49175,0.0,7.4,16.1666667,33.292857142857144,32.0,31.5,31.5,33.0,-5.763333364615384,0.0470391096703295,0.1893406593406599,10.211428571428572,10.557,16.118413393699633,10.27739926739927,4.5414653,4.5655837,4.376911,4.303705,4.538994,0,4.0,0,0.0,-1.57,54.9,45.1
2022-11-10 06:45:00,30.628219338886,0.0,0.0,16.1666667,10.557,33.0,0,5.1764362714980825,70.66250196097344,6,3,11,1.0,6.123233995736766e-17,0.4338837391175582,-0.900968867902419,-0.5000000000000004,0.8660254037844384,0.0,0.0,0.0,11.1,19.0,0.5,56.25,-0.725,4.4863806,0.0,7.45,16.1666667,33.02307692307692,33.292857142857144,32.0,31.5,33.0,-5.609666700000002,0.0025641046153843,0.1562307692307669,10.400769230769232,10.596153846153848,16.149277593699633,10.389732600732602,4.538994,4.5414653,4.5655837,4.376911,4.538994,0,4.0,0,0.0,-1.57,54.9,45.1
2022-11-10 07:00:00,44.309894133336,0.0,0.0,16.1666667,10.596153846153848,33.0,0,5.1764362714980825,70.66250196097344,7,3,11,0.9659258262890684,-0.2588190451025206,0.4338837391175582,-0.900968867902419,-0.5000000000000004,0.8660254037844384,0.0,0.0,0.0,11.5,17.3,0.0,56.0,-0.7,4.4809237,0.0,7.5,16.1666667,33.0,33.02307692307692,33.292857142857144,32.0,33.0,-5.570512853846154,0.0,0.039153846153848,10.557,10.793571428571427,16.16581199846154,10.51797435897436,4.538994,4.538994,4.5414653,4.5655837,4.538994,0,4.0,0,0.0,-1.57,54.9,45.1
2022-11-10 07:15:00,39.355092366668,0.0,0.0,16.1666667,10.793571428571427,33.0,0,5.1764362714980825,70.66250196097344,7,3,11,0.9659258262890684,-0.2588190451025206,0.4338837391175582,-0.900968867902419,-0.5000000000000004,0.8660254037844384,0.0,0.0,0.0,12.5,17.925,0.0,55.5,-0.6499999999999999,4.4842186,0.0,7.65,16.1666667,33.0,33.0,33.02307692307692,33.292857142857144,33.0,-5.373095271428571,0.0,0.1974175824175823,10.596153846153848,11.005,16.1666667,10.648908424908424,4.538994,4.538994,4.538994,4.5414653,4.538994,0,4.0,0,0.0,-1.57,54.9,45.1
2022-11-10 07:30:00,37.366838616666,0.0,0.0,16.1666667,11.005,33.0,0,5.1764362714980825,70.66250196097344,7,3,11,0.9659258262890684,-0.2588190451025206,0.4338837391175582,-0.900968867902419,-0.5000000000000004,0.8660254037844384,0.0,0.0,0.0,13.5,18.55,0.0,55.0,-0.6,4.487099,0.0,7.8,16.1666667,33.0,33.0,33.0,33.02307692307692,33.0,-5.1616667,0.0,0.2114285714285717,10.793571428571427,11.312142857142858,16.1666667,10.79824175824176,4.538994,4.538994,4.538994,4.538994,4.538994,0,4.0,0,0.0,-1.57,54.9,45.1
2022-11-10 07:45:00,64.68046834444,0.0,0.0,16.1666667,11.312142857142858,33.0,0,5.1764362714980825,70.66250196097344,7,3,11,0.9659258262890684,-0.2588190451025206,0.4338837391175582,-0.900968867902419,-0.5000000000000004,0.8660254037844384,0.0,0.0,0.0,14.5,19.175,0.0,54.5,-0.55,4.489556,0.0,7.949999999999999,16.1666667,33.0,33.0,33.0,33.0,33.0,-4.854523842857143,0.0,0.3071428571428569,11.005,11.715333333333332,16.1666667,11.036904761904765,4.538994,4.538994,4.538994,4.538994,4.538994,0,4.0,0,0.0,-1.57,54.9,45.1
2022-11-10 08:00:00,54.020616872222,0.0,0.0,16.1666667,11.715333333333332,33.0,0,5.1764362714980825,70.66250196097344,8,3,11,0.8660254037844387,-0.4999999999999998,0.4338837391175582,-0.900968867902419,-0.5000000000000004,0.8660254037844384,0.0,0.0,0.0,15.5,19.8,0.0,54.0,-0.5,4.491583,0.0,8.1,16.17051285,33.0,33.0,33.0,33.0,33.0,-4.451333366666669,0.0,0.4031904761904741,11.312142857142858,12.003846153846156,16.1666667,11.344158730158732,4.538994,4.538994,4.538994,4.538994,4.5400486,0,4.0,0,0.0,-1.57,54.9,45.1
2022-11-10 08:15:00,36.634645655556,0.0,0.0,16.17051285,12.003846153846156,33.0,0,5.1764362714980825,70.66250196097344,8,3,11,0.8660254037844387,-0.4999999999999998,0.4338837391175582,-0.900968867902419,-0.5000000000000004,0.8660254037844384,16.0,4.0,1.3333333333333333,15.7,23.05,0.75,54.5,-0.25,4.5919013,0.0,8.3,16.2188034,33.0,33.0,33.0,33.0,33.0,-4.166666696153847,0.0038461500000011,0.2885128205128229,11.715333333333332,12.248461538461536,16.16794875,11.67710744810745,4.5400486,4.538994,4.538994,4.538994,4.553296,0,4.0,0,0.0,-1.57,54.8,45.2
2022-11-10 08:30:00,43.727139711112,0.0,0.0,16.2188034,12.248461538461536,33.0,0,5.1764362714980825,70.66250196097344,8,3,11,0.8660254037844387,-0.4999999999999998,0.4338837391175582,-0.900968867902419,-0.5000000000000004,0.8660254037844384,32.0,12.0,4.0,15.9,26.3,1.5,55.0,0.0,4.693965,0.0,8.5,16.226851833333335,33.0,33.0,33.0,33.0,33.0,-3.970341861538461,0.0482905499999972,0.2446153846153826,12.003846153846156,12.843333333333334,16.18532765,11.989213675213676,4.553296,4.5400486,4.538994,4.538994,4.5555086,0,4.0,0,0.0,-1.56,54.2,45.8
2022-11-10 08:45:00,36.594091711112,0.0,0.0,16.226851833333335,12.843333333333334,33.0,0,5.1764362714980825,70.66250196097344,8,3,11,0.8660254037844387,-0.4999999999999998,0.4338837391175582,-0.900968867902419,-0.5000000000000004,0.8660254037844384,48.0,24.0,8.0,16.1,29.55,2.25,55.5,0.25,4.7978015,0.0,8.7,16.33518518,33.0,33.0,33.0,33.0,33.0,-3.383518500000001,0.0080484333333359,0.5948717948717963,12.248461538461536,13.518,16.205389361111113,12.365213675213676,4.5555086,4.553296,4.5400486,4.538994,4.5853653,0,4.0,0,0.0,-1.56,54.1,45.9
2022-11-10 09:00:00,55.5169459,0.0,0.0,16.33518518,13.518,33.0,0,5.1764362714980825,70.66250196097344,9,3,11,0.7071067811865476,-0.7071067811865475,0.4338837391175582,-0.900968867902419,-0.5000000000000004,0.8660254037844384,64.0,40.0,13.333333333333334,16.3,32.8,3.0,56.0,0.5,4.903434,0.0,8.9,16.811111077142858,33.0,33.0,33.0,33.0,32.892857142857146,-2.817185179999999,0.1083333466666651,0.674666666666667,12.843333333333334,14.015,16.26028013777778,12.869931623931626,4.5853653,4.5555086,4.553296,4.5400486,4.7032323,0,4.0,0,0.0,-1.53,52.7,47.3
2022-11-10 09:15:00,59.32651576111,0.0,0.0,16.811111077142858,14.015,32.892857142857146,0,5.1764362714980825,70.66250196097344,9,3,11,0.7071067811865476,-0.7071067811865475,0.4338837391175582,-0.900968867902419,-0.5000000000000004,0.8660254037844384,100.0,61.0,21.666666666666668,15.25,32.974999999999994,2.25,56.25,1.075,5.0932436,0.0,9.425,17.67350426923077,33.0,33.0,33.0,33.0,31.86923076923077,-2.796111077142857,0.4759258971428579,0.4969999999999999,13.518,14.492307692307692,16.457716030158732,13.45877777777778,4.7032323,4.5853653,4.5555086,4.553296,4.798214,0,4.0,0,0.0,-1.42,46.5,53.5
2022-11-10 09:30:00,50.313820749998,0.0,0.0,17.67350426923077,14.492307692307692,31.86923076923077,0,5.1764362714980825,70.66250196097344,9,3,11,0.7071067811865476,-0.7071067811865475,0.4338837391175582,-0.900968867902419,-0.5000000000000004,0.8660254037844384,136.0,87.0,33.0,14.2,33.15,1.5,56.5,1.65,5.2895393,0.0,9.95,17.983838390000003,32.892857142857146,33.0,33.0,33.0,31.454545454545453,-3.1811965769230763,0.8623931920879109,0.4773076923076917,14.015,14.787272727272727,16.93993350879121,14.0084358974359,4.798214,4.7032323,4.5853653,4.5555086,4.824138,0,4.0,0,0.0,-1.22,36.1,63.9
2022-11-10 09:45:00,46.631745922216,0.0,0.0,17.983838390000003,14.787272727272727,31.454545454545453,0,5.1764362714980825,70.66250196097344,9,3,11,0.7071067811865476,-0.7071067811865475,0.4338837391175582,-0.900968867902419,-0.5000000000000004,0.8660254037844384,172.0,118.0,47.333333333333336,13.15,33.325,0.75,56.75,2.225,5.4925127,0.0,10.475,18.222619052857144,31.86923076923077,32.892857142857146,33.0,33.0,31.02857142857143,-3.1965656627272754,0.3103341207692338,0.2949650349650348,14.492307692307692,15.869285714285713,17.48948457879121,14.43152680652681,4.824138,4.798214,4.7032323,4.5853653,4.826826,0,4.0,0,0.0,-1.15,32.7,67.3
2022-11-10 10:00:00,56.941888966664,0.0,0.0,18.222619052857144,15.869285714285713,31.02857142857143,0,5.1764362714980825,70.66250196097344,10,3,11,0.4999999999999999,-0.8660254037844387,0.4338837391175582,-0.900968867902419,-0.5000000000000004,0.8660254037844384,208.0,154.0,64.66666666666667,12.1,33.5,0.0,57.0,2.8,5.702357,0.0,11.0,18.41111107,31.454545454545453,31.86923076923077,32.892857142857146,33.0,31.0,-2.3533333385714315,0.2387806628571418,1.0820129870129858,14.787272727272727,16.334,17.95998723736264,15.049622044622046,4.826826,4.824138,4.798214,4.7032323,4.876622,0,4.0,0,0.0,-1.09,30.2,69.8
2022-11-10 10:15:00,61.585036616662,0.0,0.0,18.41111107,16.334,31.0,0,5.1764362714980825,70.66250196097344,10,3,11,0.4999999999999999,-0.8660254037844387,0.4338837391175582,-0.900968867902419,-0.5000000000000004,0.8660254037844384,241.5,189.375,84.79166666666667,12.2,32.325,0.0,56.0,3.125,5.826401,0.0,11.625,18.4444444,31.02857142857143,31.454545454545453,31.86923076923077,32.892857142857146,31.20384615384615,-2.077111070000001,0.1884920171428561,0.4647142857142867,15.869285714285713,16.512307692307694,18.205856170952384,15.663519480519485,4.876622,4.826826,4.824138,4.798214,4.918398,0,4.0,0,0.0,-1.05,28.3,71.7
2022-11-10 10:30:00,54.512264105546,0.0,0.0,18.4444444,16.512307692307694,31.20384615384615,0,5.1764362714980825,70.66250196097344,10,3,11,0.4999999999999999,-0.8660254037844387,0.4338837391175582,-0.900968867902419,-0.5000000000000004,0.8660254037844384,275.0,224.125,107.70833333333331,12.3,31.15,0.0,55.0,3.45,5.9500694,0.0,12.25,18.416666657692307,31.0,31.02857142857143,31.454545454545453,31.86923076923077,31.5,-1.9321367076923048,0.0333333299999978,0.178307692307694,16.334,16.888461538461538,18.359391507619048,16.238531135531137,4.918398,4.876622,4.826826,4.824138,4.956909,0,4.0,0,0.0,-1.04,27.9,72.1
2022-11-10 10:45:00,70.82911112222399,0.0,0.0,18.416666657692307,16.888461538461538,31.5,0,5.1764362714980825,70.66250196097344,10,3,11,0.4999999999999999,-0.8660254037844387,0.4338837391175582,-0.900968867902419,-0.5000000000000004,0.8660254037844384,308.5,258.25,133.41666666666666,12.4,29.975,0.0,54.0,3.775,6.073163,0.0,12.875,18.532407404166666,31.20384615384615,31.0,31.02857142857143,31.454545454545453,31.5,-1.528205119230769,-0.0277777423076912,0.3761538461538443,16.512307692307694,17.346666666666668,18.424074042564104,16.57825641025641,4.956909,4.918398,4.876622,4.826826,4.9910274,0,4.0,0,0.0,-1.05,28.1,71.9
2022-11-10 11:00:00,102.240076966664,0.0,0.0,18.532407404166666,17.346666666666668,31.5,0,5.1764362714980825,70.66250196097344,11,3,11,0.258819045102521,-0.9659258262890682,0.4338837391175582,-0.900968867902419,-0.5000000000000004,0.8660254037844384,342.0,291.75,161.91666666666666,12.5,28.8,0.0,53.0,4.1,6.1954694,0.0,13.5,18.64563493714286,31.5,31.20384615384615,31.0,31.02857142857143,31.5,-1.185740737499998,0.1157407464743585,0.4582051282051296,16.888461538461538,17.830714285714286,18.464506153952996,16.91581196581197,4.9910274,4.956909,4.918398,4.876622,5.0246005,0,4.0,0,0.0,-1.02,27.0,73.0
2022-11-10 11:15:00,113.418796350002,0.0,0.0,18.64563493714286,17.830714285714286,31.5,0,5.1764362714980825,70.66250196097344,11,3,11,0.258819045102521,-0.9659258262890682,0.4338837391175582,-0.900968867902419,-0.5000000000000004,0.8660254037844384,365.75,322.8125,191.0625,12.8,29.525,0.0,51.5,4.199999999999999,6.227306,0.0,14.05,18.562962958333333,31.5,31.5,31.20384615384615,31.0,31.725,-0.8149206514285723,0.1132275329761931,0.4840476190476188,17.346666666666668,18.416666666666668,18.531569666333947,17.355280830280833,5.0246005,4.9910274,4.956909,4.918398,5.035783,0,4.0,0,0.0,-0.99,25.9,74.1
2022-11-10 11:30:00,77.0485846,0.0,0.0,18.562962958333333,18.416666666666668,31.725,0,5.1764362714980825,70.66250196097344,11,3,11,0.258819045102521,-0.9659258262890682,0.4338837391175582,-0.900968867902419,-0.5000000000000004,0.8660254037844384,389.5,351.4375,220.85416666666663,13.1,30.25,0.0,50.0,4.3,6.2530637,0.0,14.6,18.51282051538461,31.5,31.5,31.5,31.20384615384615,32.03846153846154,-0.1462962916666654,-0.0826719788095253,0.5859523809523814,17.830714285714286,18.70230769230769,18.58033509988095,17.86468253968254,5.035783,5.0246005,4.9910274,4.956909,5.070456,0,4.0,0,0.0,-1.01,26.6,73.4
2022-11-10 11:45:00,80.03985394444,0.0,0.0,18.51282051538461,18.70230769230769,32.03846153846154,0,5.1764362714980825,70.66250196097344,11,3,11,0.258819045102521,-0.9659258262890682,0.4338837391175582,-0.900968867902419,-0.5000000000000004,0.8660254037844384,413.25,377.625,251.29166666666663,13.4,30.975,0.0,48.5,4.4,6.2723527,0.0,15.15,18.61428574928572,31.725,31.5,31.5,31.5,32.64642857142857,0.1894871769230768,-0.0501424429487187,0.2856410256410235,18.416666666666668,19.050714285714285,18.573806136953603,18.316562881562884,5.070456,5.035783,5.0246005,4.9910274,5.197814,0,4.0,0,0.0,-1.02,27.1,72.9
2022-11-10 12:00:00,47.120059588888,0.0,0.0,18.61428574928572,19.050714285714285,32.64642857142857,0,5.1764362714980825,70.66250196097344,12,3,11,1.2246467991473532e-16,-1.0,0.4338837391175582,-0.900968867902419,-0.5000000000000004,0.8660254037844384,437.0,401.375,282.375,13.7,31.7,0.0,47.0,4.5,6.2847567,0.0,15.7,18.5138889,32.03846153846154,31.725,31.5,31.5,33.02916666666667,0.4364285364285685,0.1014652339011021,0.3484065934065938,18.70230769230769,19.703333333333333,18.56335640766789,18.72322954822955,5.197814,5.070456,5.035783,5.0246005,5.227578,0,4.0,0,0.0,-1.0,25.9,74.1
2022-11-10 12:15:00,24.992889061114003,0.0,0.0,18.5138889,19.703333333333333,33.02916666666667,0,5.1764362714980825,70.66250196097344,12,3,11,1.2246467991473532e-16,-1.0,0.4338837391175582,-0.900968867902419,-0.5000000000000004,0.8660254037844384,448.25,422.0,311.3958333333333,13.6,31.775,0.0,46.25,4.575,6.3263583,0.0,16.075,18.467592566666667,32.64642857142857,32.03846153846154,31.725,31.5,33.291666666666664,1.1894444333333318,-0.1003968492857154,0.6526190476190479,19.050714285714285,20.286666666666665,18.546998388223443,19.152118437118435,5.227578,5.197814,5.070456,5.035783,5.254689,0,4.0,0,0.0,-1.02,26.8,73.2
2022-11-10 12:30:00,24.965667900004,0.0,0.0,18.467592566666667,20.286666666666665,33.291666666666664,0,5.1764362714980825,70.66250196097344,12,3,11,1.2246467991473532e-16,-1.0,0.4338837391175582,-0.900968867902419,-0.5000000000000004,0.8660254037844384,459.5,439.5,338.3541666666667,13.5,31.85,0.0,45.5,4.65,6.3661294,0.0,16.45,18.495726492307693,33.02916666666667,32.64642857142857,32.03846153846154,31.725,33.34615384615385,1.819074099999998,-0.0462963333333341,0.5833333333333321,19.703333333333333,20.46538461538461,18.53192240531746,19.680238095238096,5.254689,5.227578,5.197814,5.070456,5.272071,0,4.0,0,0.0,-1.03,27.2,72.8
2022-11-10 12:45:00,37.684325883334,0.0,0.0,18.495726492307693,20.46538461538461,33.34615384615385,0,5.1764362714980825,70.66250196097344,12,3,11,1.2246467991473532e-16,-1.0,0.4338837391175582,-0.900968867902419,-0.5000000000000004,0.8660254037844384,470.75,453.875,363.25,13.4,31.925,0.0,44.75,4.725,6.4039803,0.0,16.825,18.425396805,33.291666666666664,33.02916666666667,32.64642857142857,32.03846153846154,33.5,1.969658123076922,0.0281339256410255,0.1787179487179493,20.286666666666665,20.85214285714286,18.49240265299145,20.151794871794877,5.272071,5.254689,5.227578,5.197814,5.2743635,0,4.0,0,0.0,-1.02,26.9,73.1
2022-11-10 13:00:00,40.028676572222,0.0,0.0,18.425396805,20.85214285714286,33.5,0,5.1764362714980825,70.66250196097344,13,3,11,-0.2588190451025208,-0.9659258262890684,0.4338837391175582,-0.900968867902419,-0.5000000000000004,0.8660254037844384,482.0,465.125,386.0833333333333,13.3,32.0,0.0,44.0,4.8,6.439816,0.0,17.2,18.342460302142857,33.34615384615385,33.291666666666664,33.02916666666667,32.64642857142857,33.44642857142857,2.4267460521428603,-0.0703296873076944,0.386758241758244,20.46538461538461,21.02428571428572,18.46290528799145,20.53473137973138,5.2743635,5.272071,5.254689,5.227578,5.240091,0,4.0,0,0.0,-1.03,27.6,72.4
2022-11-10 13:15:00,407.89062822222,0.0,0.0,18.342460302142857,21.02428571428572,33.44642857142857,0,5.1764362714980825,70.66250196097344,13,3,11,-0.2588190451025208,-0.9659258262890684,0.4338837391175582,-0.900968867902419,-0.5000000000000004,0.8660254037844384,479.25,472.875,405.8958333333333,13.1,31.825,0.0,43.25,4.875,6.4446177,0.0,17.5,18.260714287142857,33.5,33.34615384615385,33.291666666666664,33.02916666666667,33.035714285714285,2.68182541214286,-0.0829365028571409,0.1721428571428589,20.85214285714286,21.178571428571427,18.42119453315018,20.7806043956044,5.240091,5.2743635,5.272071,5.254689,5.1506963,0,4.0,0,0.0,-1.05,28.4,71.6
2022-11-10 13:30:00,38.140974266668,0.0,0.0,18.260714287142857,21.178571428571427,33.035714285714285,0,5.1764362714980825,70.66250196097344,13,3,11,-0.2588190451025208,-0.9659258262890684,0.4338837391175582,-0.900968867902419,-0.5000000000000004,0.8660254037844384,476.5,477.125,422.6875,12.9,31.65,0.0,42.5,4.949999999999999,6.44721,0.0,17.799999999999997,18.17905984230769,33.44642857142857,33.5,33.34615384615385,33.291666666666664,33.35,2.91785714142857,-0.0817460150000002,0.1542857142857094,21.02428571428572,21.08923076923077,18.34285713142857,21.01833333333333,5.1506963,5.240091,5.2743635,5.272071,5.1745462,0,4.0,0,0.0,-1.07,29.4,70.6
2022-11-10 13:45:00,29.03772736111,0.0,0.0,18.17905984230769,21.08923076923077,33.35,0,5.1764362714980825,70.66250196097344,13,3,11,-0.2588190451025208,-0.9659258262890684,0.4338837391175582,-0.900968867902419,-0.5000000000000004,0.8660254037844384,473.75,477.875,436.4583333333333,12.7,31.475,0.0,41.75,5.025,6.447519,0.0,18.1,18.097222232142855,33.035714285714285,33.44642857142857,33.5,33.34615384615385,33.660714285714285,2.910170926923076,-0.0816544448351628,-0.0893406593406567,21.178571428571427,21.138571428571428,18.260744810531136,21.09736263736264,5.1745462,5.1506963,5.240091,5.2743635,5.197419,0,4.0,0,0.0,-1.09,30.1,69.9
2022-11-10 14:00:00,29.159944622224,0.0,0.0,18.097222232142855,21.138571428571428,33.660714285714285,0,5.1764362714980825,70.66250196097344,14,3,11,-0.4999999999999997,-0.8660254037844388,0.4338837391175582,-0.900968867902419,-0.5000000000000004,0.8660254037844384,471.0,475.125,447.2083333333333,12.5,31.3,0.0,41.0,5.1,6.445477,0.0,18.4,18.0555556,33.35,33.035714285714285,33.44642857142857,33.5,34.03846153846154,3.0413491964285697,-0.0818376101648361,0.0493406593406575,21.08923076923077,21.049230769230768,18.1789987871978,21.13545787545788,5.197419,5.1745462,5.1506963,5.240091,5.242743,0,4.0,0,0.0,-1.11,30.9,69.1
2022-11-10 14:15:00,39.124546155552,0.0,0.0,18.0555556,21.049230769230768,34.03846153846154,0,5.1764362714980825,70.66250196097344,14,3,11,-0.4999999999999997,-0.8660254037844388,0.4338837391175582,-0.900968867902419,-0.5000000000000004,0.8660254037844384,455.0,469.0625,454.6458333333333,12.3,30.775,5.75,41.0,5.175,6.4934072,0.0,18.525,18.0555556,33.660714285714285,33.35,33.035714285714285,33.44642857142857,34.61923076923077,2.993675169230766,-0.0416666321428564,-0.0893406593406602,21.138571428571428,21.05538461538461,18.110612558150184,21.092344322344324,5.242743,5.197419,5.1745462,5.1506963,5.3321967,0,4.0,0,0.0,-1.12,31.3,68.7
2022-11-10 14:30:00,46.019825916662,0.0,0.0,18.0555556,21.05538461538461,34.61923076923077,0,5.1764362714980825,70.66250196097344,14,3,11,-0.4999999999999997,-0.8660254037844388,0.4338837391175582,-0.900968867902419,-0.5000000000000004,0.8660254037844384,439.0,459.6875,458.7708333333333,12.1,30.25,11.5,41.0,5.25,6.5416465,0.0,18.65,18.01196582153846,34.03846153846154,33.660714285714285,33.35,33.035714285714285,35.392307692307696,2.9998290153846128,0.0,0.0061538461538468,21.049230769230768,21.012307692307694,18.069444477380955,21.08106227106227,5.3321967,5.242743,5.197419,5.1745462,5.437156,0,4.0,0,0.0,-1.11,31.2,68.8
2022-11-10 14:45:00,29.958801566668,0.0,0.0,18.01196582153846,21.012307692307694,35.392307692307696,0,5.1764362714980825,70.66250196097344,14,3,11,-0.4999999999999997,-0.8660254037844388,0.4338837391175582,-0.900968867902419,-0.5000000000000004,0.8660254037844384,423.0,447.0,459.5833333333333,11.9,29.725,17.25,41.0,5.325,6.590194,0.0,18.775,17.927380932142857,34.61923076923077,34.03846153846154,33.660714285714285,33.35,35.964285714285715,3.0003418707692333,-0.0435897784615413,-0.0430769230769207,21.05538461538461,21.065,18.041025673846157,21.03897435897436,5.437156,5.3321967,5.242743,5.197419,5.4972906,0,4.0,0,0.0,-1.12,31.5,68.5
2022-11-10 15:00:00,31.701509655556,0.0,0.0,17.927380932142857,21.065,35.964285714285715,0,5.1764362714980825,70.66250196097344,15,3,11,-0.7071067811865471,-0.7071067811865479,0.4338837391175582,-0.900968867902419,-0.5000000000000004,0.8660254037844384,407.0,431.0,457.0833333333333,11.7,29.2,23.0,41.0,5.4,6.6390553,0.0,18.9,17.847222207142856,35.392307692307696,34.61923076923077,34.03846153846154,33.660714285714285,36.33928571428572,3.137619067857141,-0.0845848893956038,0.052692307692304,21.012307692307694,20.872857142857143,17.99830078456044,21.04423076923077,5.4972906,5.437156,5.3321967,5.242743,5.5281625,0,4.0,0,0.0,-1.14,32.2,67.8
2022-11-10 15:15:00,38.372353994442,0.0,0.0,17.847222207142856,20.872857142857143,36.33928571428572,0,5.1764362714980825,70.66250196097344,15,3,11,-0.7071067811865471,-0.7071067811865479,0.4338837391175582,-0.900968867902419,-0.5000000000000004,0.8660254037844384,379.0,412.0,451.3125,11.15,28.475,24.5,42.25,5.675000000000001,6.781084,0.0,18.75,17.7820513,35.964285714285715,35.392307692307696,34.61923076923077,34.03846153846154,36.5,3.02563493571429,-0.0801587250000004,-0.1921428571428514,21.065,20.762307692307694,17.928856320274726,20.98338827838828,5.5281625,5.4972906,5.437156,5.3321967,5.5310965,0,4.0,0,0.0,-1.15,33.0,67.0
2022-11-10 15:30:00,32.850630388888,0.0,0.0,17.7820513,20.762307692307694,36.5,0,5.1764362714980825,70.66250196097344,15,3,11,-0.7071067811865471,-0.7071067811865479,0.4338837391175582,-0.900968867902419,-0.5000000000000004,0.8660254037844384,351.0,390.0,442.2708333333333,10.6,27.75,26.0,43.5,5.95,6.920016,0.0,18.6,17.740079357142857,36.33928571428572,35.964285714285715,35.392307692307696,34.61923076923077,36.875,2.9802563923076946,-0.065170907142857,-0.1105494505494526,20.872857142857143,20.65285714285714,17.852218146428573,20.900054945054947,5.5310965,5.5281625,5.4972906,5.437156,5.573962,0,4.0,0,0.0,-1.17,33.8,66.2
2022-11-10 15:45:00,75.00922167778,0.0,0.0,17.740079357142857,20.65285714285714,36.875,0,5.1764362714980825,70.66250196097344,15,3,11,-0.7071067811865471,-0.7071067811865479,0.4338837391175582,-0.900968867902419,-0.5000000000000004,0.8660254037844384,323.0,365.0,429.9583333333333,10.05,27.025,27.5,44.75,6.225,7.055887,0.0,18.45,17.701984125,36.5,36.33928571428572,35.964285714285715,35.392307692307696,37.646428571428565,2.912777785714283,-0.0419719428571419,-0.1094505494505533,20.762307692307694,20.50357142857143,17.789784288095237,20.762673992674,5.573962,5.5310965,5.5281625,5.4972906,5.67766,0,4.0,0,0.0,-1.18,34.2,65.8
2022-11-10 16:00:00,77.755223016666,0.0,0.0,17.701984125,20.50357142857143,37.646428571428565,0,5.1764362714980825,70.66250196097344,16,3,11,-0.8660254037844385,-0.5000000000000004,0.4338837391175582,-0.900968867902419,-0.5000000000000004,0.8660254037844384,295.0,337.0,414.375,9.5,26.3,29.0,46.0,6.5,7.188741,0.0,18.3,17.6666667,36.875,36.5,36.33928571428572,35.964285714285715,38.35416666666666,2.8015873035714307,-0.038095232142858,-0.1492857142857104,20.65285714285714,20.273333333333333,17.741371594047617,20.63957875457876,5.67766,5.573962,5.5310965,5.5281625,5.7722287,0,4.0,0,0.0,-1.18,34.4,65.6
2022-11-10 16:15:00,47.959748083338,0.0,0.0,17.6666667,20.273333333333333,38.35416666666666,0,5.1764362714980825,70.66250196097344,16,3,11,-0.8660254037844385,-0.5000000000000004,0.4338837391175582,-0.900968867902419,-0.5000000000000004,0.8660254037844384,259.0,307.0,396.0208333333333,9.925,25.025,25.0,47.5,6.475,7.2164445,0.0,17.825,17.6666667,37.646428571428565,36.875,36.5,36.33928571428572,38.654545454545456,2.606666633333333,-0.0353174249999987,-0.2302380952380964,20.50357142857143,19.953636363636363,17.702910060714284,20.476587301587305,5.7722287,5.67766,5.573962,5.5310965,5.817435,0,4.0,0,0.0,-1.19,34.7,65.3
2022-11-10 16:30:00,46.152320433336,0.0,0.0,17.6666667,19.953636363636363,38.654545454545456,0,5.1764362714980825,70.66250196097344,16,3,11,-0.8660254037844385,-0.5000000000000004,0.4338837391175582,-0.900968867902419,-0.5000000000000004,0.8660254037844384,223.0,275.0,374.8958333333333,10.35,23.75,21.0,49.0,6.45,7.236263,0.0,17.35,17.628968257142855,38.35416666666666,37.646428571428565,36.875,36.5,39.33928571428572,2.286969663636363,0.0,-0.3196969696969702,20.273333333333333,19.592142857142857,17.678439175,20.24351370851371,5.817435,5.7722287,5.67766,5.573962,5.907188,0,4.0,0,0.0,-1.19,34.6,65.4
2022-11-10 16:45:00,59.523730155552,0.0,0.0,17.628968257142855,19.592142857142857,39.33928571428572,0,5.1764362714980825,70.66250196097344,16,3,11,-0.8660254037844385,-0.5000000000000004,0.4338837391175582,-0.900968867902419,-0.5000000000000004,0.8660254037844384,187.0,241.0,351.0,10.775,22.475,17.0,50.5,6.425000000000001,7.248563,0.0,16.875,17.590740750000002,38.654545454545456,38.35416666666666,37.646428571428565,36.875,39.68333333333333,1.963174600000002,-0.0376984428571454,-0.3614935064935061,19.953636363636363,19.247333333333334,17.654100552380953,19.939704184704187,5.907188,5.817435,5.7722287,5.67766,5.9452734,0,4.0,0,0.0,-1.19,34.9,65.1
2022-11-10 17:00:00,72.593207288888,0.0,0.0,17.590740750000002,19.247333333333334,39.68333333333333,0,5.1764362714980825,70.66250196097344,17,3,11,-0.9659258262890684,-0.2588190451025206,0.4338837391175582,-0.900968867902419,-0.5000000000000004,0.8660254037844384,151.0,205.0,324.3333333333333,11.2,21.2,13.0,52.0,6.4,7.2536993,0.0,16.4,17.550925966666668,39.33928571428572,38.654545454545456,38.35416666666666,37.646428571428565,40.0,1.6565925833333317,-0.038227507142853,-0.3448095238095234,19.592142857142857,18.836666666666662,17.628791902380954,19.597704184704185,5.9452734,5.907188,5.817435,5.7722287,5.978492,0,4.0,0,0.0,-1.2,35.2,64.8
2022-11-10 17:15:00,45.379573644444,0.0,0.0,17.550925966666668,18.836666666666662,40.0,0,5.1764362714980825,70.66250196097344,17,3,11,-0.9659258262890684,-0.2588190451025206,0.4338837391175582,-0.900968867902419,-0.5000000000000004,0.8660254037844384,119.0,170.0,296.3333333333333,11.925,22.375,12.0,53.25,6.25,7.174593,0.0,15.825,17.50277778,39.68333333333333,39.33928571428572,38.654545454545456,38.35416666666666,40.19642857142857,1.285740699999998,-0.0398147833333339,-0.4106666666666676,19.247333333333334,18.305,17.590211657936507,19.225380952380952,5.978492,5.9452734,5.907188,5.817435,5.9906034,0,4.0,0,0.0,-1.21,35.6,64.4
2022-11-10 17:30:00,42.316918305558,0.0,0.0,17.50277778,18.305,40.19642857142857,0,5.1764362714980825,70.66250196097344,17,3,11,-0.9659258262890684,-0.2588190451025206,0.4338837391175582,-0.900968867902419,-0.5000000000000004,0.8660254037844384,87.0,136.0,267.0,12.65,23.55,11.0,54.5,6.1,7.091312,0.0,15.25,17.496031742857145,40.0,39.68333333333333,39.33928571428572,38.654545454545456,40.83928571428572,0.8022222200000009,-0.048148186666669,-0.5316666666666663,18.836666666666662,18.00642857142857,17.548148165555556,18.796333333333333,5.9906034,5.978492,5.9452734,5.907188,6.083958,0,4.0,0,0.0,-1.22,36.2,63.8
2022-11-10 17:45:00,42.967170011116,0.0,0.0,17.496031742857145,18.00642857142857,40.83928571428572,0,5.1764362714980825,70.66250196097344,17,3,11,-0.9659258262890684,-0.2588190451025206,0.4338837391175582,-0.900968867902419,-0.5000000000000004,0.8660254037844384,55.0,103.0,236.33333333333331,13.375,24.725,10.0,55.75,5.95,7.0041876,0.0,14.675,17.447863206153844,40.19642857142857,40.0,39.68333333333333,39.33928571428572,41.18846153846154,0.5103968285714267,-0.0067460371428538,-0.298571428571428,18.305,17.62153846153846,17.516578496507936,18.382698412698414,6.083958,5.9906034,5.978492,5.9452734,6.118346,0,4.0,0,0.0,-1.22,36.1,63.9
2022-11-10 18:00:00,34.274740005558,0.0,0.0,17.447863206153844,17.62153846153846,41.18846153846154,0,5.1764362714980825,70.66250196097344,18,3,11,-1.0,-1.8369701987210294e-16,0.4338837391175582,-0.900968867902419,-0.5000000000000004,0.8660254037844384,23.0,71.0,204.33333333333331,14.1,25.9,9.0,57.0,5.8,6.913539,0.0,14.1,17.406746025,40.83928571428572,40.19642857142857,40.0,39.68333333333333,41.83928571428572,0.1736752553846159,-0.0481685367033009,-0.3848901098901116,18.00642857142857,17.427857142857142,17.482224243003664,17.97765567765568,6.118346,6.083958,5.9906034,5.978492,6.199773,0,4.0,0,0.0,-1.23,36.6,63.4
2022-11-10 18:15:00,42.65829368333,0.0,0.0,17.406746025,17.427857142857142,41.83928571428572,0,5.1764362714980825,70.66250196097344,18,3,11,-1.0,-1.8369701987210294e-16,0.4338837391175582,-0.900968867902419,-0.5000000000000004,0.8660254037844384,17.25,45.5625,174.1875,14.55,27.175,6.75,58.25,5.9,6.9789114,0.0,13.9,17.3888889,41.18846153846154,40.83928571428572,40.19642857142857,40.0,42.18571428571429,0.0211111178571421,-0.0411171811538437,-0.1936813186813175,17.62153846153846,17.215714285714288,17.450213658003662,17.685274725274724,6.199773,6.118346,6.083958,5.9906034,6.2444386,0,4.0,0,0.0,-1.23,36.9,63.1
2022-11-10 18:30:00,61.835026549998,0.0,0.0,17.3888889,17.215714285714288,42.18571428571429,0,5.1764362714980825,70.66250196097344,18,3,11,-1.0,-1.8369701987210294e-16,0.4338837391175582,-0.900968867902419,-0.5000000000000004,0.8660254037844384,11.5,26.6875,145.89583333333334,15.0,28.45,4.5,59.5,6.0,7.0415187,0.0,13.7,17.3888889,41.83928571428572,41.18846153846154,40.83928571428572,40.19642857142857,42.55357142857143,-0.1731746142857133,-0.017857124999999,-0.2121428571428545,17.427857142857142,17.12142857142857,17.414499377051282,17.421703296703296,6.2444386,6.199773,6.118346,6.083958,6.2988896,0,4.0,0,0.0,-1.24,37.1,62.9
2022-11-10 18:45:00,48.227793011112,0.0,0.0,17.3888889,17.12142857142857,42.55357142857143,0,5.1764362714980825,70.66250196097344,18,3,11,-1.0,-1.8369701987210294e-16,0.4338837391175582,-0.900968867902419,-0.5000000000000004,0.8660254037844384,5.75,14.375,119.45833333333331,15.45,29.725,2.25,60.75,6.1,7.101411,0.0,13.5,17.3888889,42.18571428571429,41.83928571428572,41.18846153846154,40.83928571428572,42.96428571428572,-0.2674603285714312,0.0,-0.0942857142857178,17.215714285714288,17.029999999999998,17.394841275,17.255,6.2988896,6.2444386,6.199773,6.118346,6.359685,0,4.0,0,0.0,-1.23,37.0,63.0
2022-11-10 19:00:00,37.177679533332,0.0,0.0,17.3888889,17.029999999999998,42.96428571428572,0,5.1764362714980825,70.66250196097344,19,3,11,-0.9659258262890684,0.2588190451025203,0.4338837391175582,-0.900968867902419,-0.5000000000000004,0.8660254037844384,0.0,8.625,94.875,15.9,31.0,0.0,62.0,6.2,7.15864,0.0,13.3,17.384615392307694,42.55357142857143,42.18571428571429,41.83928571428572,41.18846153846154,43.357692307692304,-0.3588889000000037,0.0,-0.0914285714285725,17.12142857142857,16.840769230769233,17.3888889,17.122380952380954,6.359685,6.2988896,6.2444386,6.199773,6.416278,0,4.0,0,0.0,-1.23,36.9,63.1
2022-11-10 19:15:00,43.871300711108,0.0,0.0,17.384615392307694,16.840769230769233,43.357692307692304,0,5.1764362714980825,70.66250196097344,19,3,11,-0.9659258262890684,0.2588190451025203,0.4338837391175582,-0.900968867902419,-0.5000000000000004,0.8660254037844384,0.0,4.3125,73.29166666666667,16.65,31.975,0.0,61.75,6.375,7.2405896,0.0,13.55,17.337037006666666,42.96428571428572,42.55357142857143,42.18571428571429,41.83928571428572,43.5,-0.5438461615384611,-0.0042735076923072,-0.1892307692307646,17.029999999999998,16.555333333333333,17.3874643974359,16.997399267399267,6.416278,6.359685,6.2988896,6.2444386,6.41905,0,4.0,0,0.0,-1.23,36.8,63.2
2022-11-10 19:30:00,195.092473888884,0.0,0.0,17.337037006666666,16.555333333333333,43.5,0,5.1764362714980825,70.66250196097344,19,3,11,-0.9659258262890684,0.2588190451025203,0.4338837391175582,-0.900968867902419,-0.5000000000000004,0.8660254037844384,0.0,1.4375,54.708333333333336,17.4,32.95,0.0,61.5,6.550000000000001,7.323131,0.0,13.8,17.3333333,43.357692307692304,42.96428571428572,42.55357142857143,42.18571428571429,43.83928571428572,-0.7817036733333325,-0.0475783856410281,-0.2854358974358995,16.840769230769233,16.34357142857143,17.37018043299145,16.808700854700856,6.41905,6.416278,6.359685,6.2988896,6.4676857,0,4.0,0,0.0,-1.24,37.4,62.6
2022-11-10 19:45:00,1151.195616933336,0.0,0.0,17.3333333,16.34357142857143,43.83928571428572,0,5.1764362714980825,70.66250196097344,19,3,11,-0.9659258262890684,0.2588190451025203,0.4338837391175582,-0.900968867902419,-0.5000000000000004,0.8660254037844384,0.0,0.0,39.125,18.15,33.925,0.0,61.25,6.7250000000000005,7.4062624,0.0,14.05,17.3333333,43.5,43.357692307692304,42.96428571428572,42.55357142857143,44.19642857142857,-0.98976187142857,-0.0037037066666663,-0.2117619047619037,16.555333333333333,16.217857142857145,17.351661899658122,16.579891330891332,6.4676857,6.41905,6.416278,6.359685,6.5203753,0,4.0,0,0.0,-1.24,37.3,62.7
2022-11-10 20:00:00,67.478967383334,0.0,0.0,17.3333333,16.217857142857145,44.19642857142857,0,5.1764362714980825,70.66250196097344,20,3,11,-0.8660254037844386,0.5000000000000001,0.4338837391175582,-0.900968867902419,-0.5000000000000004,0.8660254037844384,0.0,0.0,26.541666666666668,18.9,34.9,0.0,61.0,6.9,7.4899826,0.0,14.3,17.3333333,43.83928571428572,43.5,43.357692307692304,42.96428571428572,44.8875,-1.1154761571428544,0.0,-0.1257142857142845,16.34357142857143,16.19666666666667,17.334567868888886,16.372253968253972,6.5203753,6.4676857,6.41905,6.416278,6.62233,0,4.0,0,0.0,-1.24,37.2,62.8
2022-11-10 20:15:00,34.522508011108,0.0,0.0,17.3333333,16.19666666666667,44.8875,0,5.1764362714980825,70.66250196097344,20,3,11,-0.8660254037844386,0.5000000000000001,0.4338837391175582,-0.900968867902419,-0.5000000000000004,0.8660254037844384,0.0,0.0,16.625,18.725,35.35,12.75,62.25,7.075,7.5851297,0.0,14.175,17.3333333,44.19642857142857,43.83928571428572,43.5,43.357692307692304,45.67142857142857,-1.1366666333333306,0.0,-0.0211904761904762,16.217857142857145,16.204285714285714,17.3333333,16.252698412698418,6.62233,6.5203753,6.4676857,6.41905,6.737984,0,4.0,0,0.0,-1.24,37.1,62.9
2022-11-10 20:30:00,36.939355633336,0.0,0.0,17.3333333,16.204285714285714,45.67142857142857,0,5.1764362714980825,70.66250196097344,20,3,11,-0.8660254037844386,0.5000000000000001,0.4338837391175582,-0.900968867902419,-0.5000000000000004,0.8660254037844384,0.0,0.0,9.375,18.55,35.8,25.5,63.5,7.25,7.6783295,0.0,14.05,17.295634924999998,44.8875,44.19642857142857,43.83928571428572,43.5,46.375,-1.129047585714286,0.0,0.0076190476190447,16.19666666666667,16.119285714285713,17.3333333,16.206269841269844,6.737984,6.62233,6.5203753,6.4676857,6.8263755,0,4.0,0,0.0,-1.23,36.9,63.1
2022-11-10 20:45:00,40.484769444444,0.0,0.0,17.295634924999998,16.119285714285713,46.375,0,5.1764362714980825,70.66250196097344,20,3,11,-0.8660254037844386,0.5000000000000001,0.4338837391175582,-0.900968867902419,-0.5000000000000004,0.8660254037844384,0.0,0.0,4.791666666666667,18.375,36.25,38.25,64.75,7.425,7.769602,0.0,13.925,17.2777778,45.67142857142857,44.8875,44.19642857142857,43.83928571428572,47.190909090909095,-1.1763492107142852,-0.0376983750000015,-0.0850000000000008,16.204285714285714,16.05727272727273,17.320767175,16.1734126984127,6.8263755,6.737984,6.62233,6.5203753,6.93906,0,4.0,0,0.0,-1.24,37.2,62.8
2022-11-10 21:00:00,42.585796533332,0.0,0.0,17.2777778,16.05727272727273,47.190909090909095,0,5.1764362714980825,70.66250196097344,21,3,11,-0.7071067811865477,0.7071067811865474,0.4338837391175582,-0.900968867902419,-0.5000000000000004,0.8660254037844384,0.0,0.0,2.875,18.2,36.7,51.0,66.0,7.6,7.858971,0.0,13.8,17.2777778,46.375,45.67142857142857,44.8875,44.19642857142857,47.5,-1.2205050727272706,-0.017857124999999,-0.0620129870129844,16.119285714285713,16.041428571428572,17.302248674999998,16.12694805194805,6.93906,6.8263755,6.737984,6.62233,6.984509,0,4.0,0,0.0,-1.24,37.2,62.8
2022-11-10 21:15:00,51.842648494442,0.0,0.0,17.2777778,16.041428571428572,47.5,0,5.1764362714980825,70.66250196097344,21,3,11,-0.7071067811865477,0.7071067811865474,0.4338837391175582,-0.900968867902419,-0.5000000000000004,0.8660254037844384,0.0,0.0,1.4375,18.5,37.325,63.25,67.25,7.8,7.983219,0.0,13.75,17.30128205,47.190909090909095,46.375,45.67142857142857,44.8875,47.71153846153846,-1.2363492285714273,0.0,-0.0158441558441566,16.05727272727273,15.846153846153848,17.283730175,16.072662337662337,6.984509,6.93906,6.8263755,6.737984,7.025488,0,4.0,0,0.0,-1.24,37.1,62.9
2022-11-10 21:30:00,36.556037633336,0.0,0.0,17.30128205,15.846153846153848,47.71153846153846,0,5.1764362714980825,70.66250196097344,21,3,11,-0.7071067811865477,0.7071067811865474,0.4338837391175582,-0.900968867902419,-0.5000000000000004,0.8660254037844384,0.0,0.0,0.4791666666666667,18.8,37.95,75.5,68.5,8.0,8.106622,0.0,13.7,17.29444445,47.5,47.190909090909095,46.375,45.67142857142857,48.4,-1.4551282038461544,0.023504250000002,-0.1952747252747251,16.041428571428572,15.708,17.28561255,15.981618381618384,7.025488,6.984509,6.93906,6.8263755,7.1239476,0,4.0,0,0.0,-1.23,36.8,63.2
2022-11-10 21:45:00,65.69959432777,0.0,0.0,17.29444445,15.708,48.4,0,5.1764362714980825,70.66250196097344,21,3,11,-0.7071067811865477,0.7071067811865474,0.4338837391175582,-0.900968867902419,-0.5000000000000004,0.8660254037844384,0.0,0.0,0.0,19.1,38.575,87.75,69.75,8.2,8.22918,0.0,13.65,17.299572649999998,47.71153846153846,47.5,47.190909090909095,46.375,49.16153846153846,-1.58644445,-0.0068376000000007,-0.1381538461538465,15.846153846153848,15.738461538461538,17.291168100000004,15.86519413919414,7.1239476,7.025488,6.984509,6.93906,7.2382565,0,4.0,0,0.0,-1.23,36.7,63.3
2022-11-10 22:00:00,70.904108205554,0.0,0.0,17.299572649999998,15.738461538461538,49.16153846153846,0,5.1764362714980825,70.66250196097344,22,3,11,-0.5000000000000004,0.8660254037844384,0.4338837391175582,-0.900968867902419,-0.5000000000000004,0.8660254037844384,0.0,0.0,0.0,19.4,39.2,100.0,71.0,8.4,8.3509,0.0,13.6,17.375213667692307,48.4,47.71153846153846,47.5,47.190909090909095,49.16153846153846,-1.5611111115384606,0.0051281999999979,0.0304615384615374,15.708,15.766153846153848,17.29843305,15.764205128205129,7.2382565,7.1239476,7.025488,6.984509,7.271071,0,4.0,0,0.0,-1.23,36.5,63.5
2022-11-10 22:15:00,82.46531233889,0.0,0.0,17.375213667692307,15.766153846153848,49.16153846153846,0,5.1764362714980825,70.66250196097344,22,3,11,-0.5000000000000004,0.8660254037844384,0.4338837391175582,-0.900968867902419,-0.5000000000000004,0.8660254037844384,0.0,0.0,0.0,19.675,39.925,100.0,71.25,8.425,8.367406,0.0,13.575,17.464102541538463,49.16153846153846,48.4,47.71153846153846,47.5,49.0,-1.6090598215384606,0.075641017692309,0.027692307692309,15.738461538461538,15.795384615384616,17.323076922564102,15.737538461538463,7.271071,7.2382565,7.1239476,7.025488,7.2857757,0,4.0,0,0.0,-1.21,35.6,64.4
2022-11-10 22:30:00,92.809898505558,0.0,0.0,17.464102541538463,15.795384615384616,49.0,0,5.1764362714980825,70.66250196097344,22,3,11,-0.5000000000000004,0.8660254037844384,0.4338837391175582,-0.900968867902419,-0.5000000000000004,0.8660254037844384,0.0,0.0,0.0,19.95,40.650000000000006,100.0,71.5,8.45,8.383841,0.0,13.55,17.539682571428575,49.16153846153846,49.16153846153846,48.4,47.71153846153846,49.05357142857143,-1.668717926153846,0.0888888738461552,0.0292307692307698,15.766153846153848,15.78285714285714,17.379629619743593,15.766666666666667,7.2857757,7.271071,7.2382565,7.1239476,7.3267393,0,4.0,0,0.0,-1.19,34.5,65.5
2022-11-10 22:45:00,488.61128801667,0.0,0.0,17.539682571428575,15.78285714285714,49.05357142857143,0,5.1764362714980825,70.66250196097344,22,3,11,-0.5000000000000004,0.8660254037844384,0.4338837391175582,-0.900968867902419,-0.5000000000000004,0.8660254037844384,0.0,0.0,0.0,20.225,41.375,100.0,71.75,8.475,8.400201,0.0,13.525,17.5777778,49.0,49.16153846153846,49.16153846153846,48.4,49.68888888888889,-1.7568254285714335,0.0755800298901121,-0.0125274725274753,15.795384615384616,15.675555555555556,17.45966626021978,15.781465201465204,7.3267393,7.2857757,7.271071,7.2382565,7.4385266,0,4.0,0,0.0,-1.17,33.6,66.4
2022-11-10 23:00:00,50.133550094446,0.0,0.0,17.5777778,15.675555555555556,49.68888888888889,0,5.1764362714980825,70.66250196097344,23,3,11,-0.2588190451025215,0.965925826289068,0.4338837391175582,-0.900968867902419,-0.5000000000000004,0.8660254037844384,0.0,0.0,0.0,20.5,42.1,100.0,72.0,8.5,8.416487,0.0,13.5,17.617063485714286,49.05357142857143,49.0,49.16153846153846,49.16153846153846,50.0,-1.9022222444444437,0.0380952285714251,-0.1073015873015847,15.78285714285714,15.622857142857145,17.52718763765568,15.751265771265771,7.4385266,7.3267393,7.2857757,7.271071,7.50267,0,4.0,0,0.0,-1.15,33.1,66.9
2022-11-10 23:15:00,86.7106981,0.0,0.0,17.617063485714286,15.622857142857145,50.0,0,5.1764362714980825,70.66250196097344,23,3,11,-0.2588190451025215,0.965925826289068,0.4338837391175582,-0.900968867902419,-0.5000000000000004,0.8660254037844384,0.0,0.0,0.0,20.35,42.2,100.0,72.25,8.525,8.41971,0.0,13.45,17.683333342857143,49.68888888888889,49.05357142857143,49.0,49.16153846153846,50.18571428571429,-1.994206342857144,0.0392856857142867,-0.0526984126984135,15.675555555555556,15.570714285714288,17.57817461904762,15.693756613756614,7.50267,7.4385266,7.3267393,7.2857757,7.5603647,0,4.0,0,0.0,-1.14,32.5,67.5
2022-11-10 23:30:00,87.598718194442,0.0,0.0,17.683333342857143,15.570714285714288,50.18571428571429,0,5.1764362714980825,70.66250196097344,23,3,11,-0.2588190451025215,0.965925826289068,0.4338837391175582,-0.900968867902419,-0.5000000000000004,0.8660254037844384,0.0,0.0,0.0,20.2,42.3,100.0,72.5,8.55,8.422825,0.0,13.4,17.72777776,50.0,49.68888888888889,49.05357142857143,49.0,51.3,-2.112619057142856,0.0662698571428563,-0.0521428571428561,15.622857142857145,15.653333333333334,17.62605820952381,15.623042328042333,7.5603647,7.50267,7.4385266,7.3267393,7.748735,0,4.0,0,0.0,-1.13,31.7,68.3
2022-11-10 23:45:00,88.231192811112,0.0,0.0,17.72777776,15.653333333333334,51.3,0,5.1764362714980825,70.66250196097344,23,3,11,-0.2588190451025215,0.965925826289068,0.4338837391175582,-0.900968867902419,-0.5000000000000004,0.8660254037844384,0.0,0.0,0.0,20.05,42.4,100.0,72.75,8.575,8.425827,0.0,13.35,17.802525245454547,50.18571428571429,50.0,49.68888888888889,49.05357142857143,52.45454545454545,-2.0744444266666644,0.0444444171428557,0.0826190476190475,15.570714285714288,15.747272727272728,17.67605819619048,15.615634920634925,7.748735,7.5603647,7.50267,7.4385266,7.9585004,0,4.0,0,0.0,-1.11,31.0,69.0
2022-11-11 00:00:00,38.266247105554,0.0,0.0,17.802525245454547,15.747272727272728,52.45454545454545,0,5.1764362714980825,70.66250196097344,0,4,11,0.0,1.0,-0.433883739117558,-0.9009688679024191,-0.5000000000000004,0.8660254037844384,0.0,0.0,0.0,19.9,42.5,100.0,73.0,8.6,8.428721,0.0,13.3,17.8333333,51.3,50.18571428571429,50.0,49.68888888888889,52.55,-2.055252518181818,0.074747485454548,0.0939393939393937,15.653333333333334,15.873333333333331,17.737878782770565,15.657106782106784,7.9585004,7.748735,7.5603647,7.50267,7.9876304,0,4.0,0,0.0,-1.09,29.9,70.1
2022-11-11 00:15:00,37.24434358333,0.0,0.0,17.8333333,15.873333333333331,52.55,0,5.1764362714980825,70.66250196097344,0,4,11,0.0,1.0,-0.433883739117558,-0.9009688679024191,-0.5000000000000004,0.8660254037844384,0.0,0.0,0.0,19.35,42.05,100.0,73.5,8.65,8.473359,0.0,13.275,17.81296295,52.45454545454545,51.3,50.18571428571429,50.0,52.96666666666667,-1.9599999666666663,0.0308080545454529,0.1260606060606051,15.747272727272728,15.93,17.78787876848485,15.7579797979798,7.9876304,7.9585004,7.748735,7.5603647,8.0412,0,4.0,0,0.0,-1.08,29.5,70.5
2022-11-11 00:30:00,35.201369822216,0.0,0.0,17.81296295,15.93,52.96666666666667,0,5.1764362714980825,70.66250196097344,0,4,11,0.0,1.0,-0.433883739117558,-0.9009688679024191,-0.5000000000000004,0.8660254037844384,0.0,0.0,0.0,18.8,41.6,100.0,74.0,8.7,8.517837,0.0,13.25,17.740079357142857,52.55,52.45454545454545,51.3,50.18571428571429,53.05357142857143,-1.88296295,-0.0203703500000003,0.0566666666666666,15.873333333333331,15.852142857142857,17.816273831818183,15.85020202020202,8.0412,7.9876304,7.9585004,7.748735,8.019486,0,4.0,0,0.0,-1.08,29.6,70.4
2022-11-11 00:45:00,44.130734650002,0.0,0.0,17.740079357142857,15.852142857142857,53.05357142857143,0,5.1764362714980825,70.66250196097344,0,4,11,0.0,1.0,-0.433883739117558,-0.9009688679024191,-0.5000000000000004,0.8660254037844384,0.0,0.0,0.0,18.25,41.150000000000006,100.0,74.5,8.75,8.562155,0.0,13.225,17.697530866666668,52.96666666666667,52.55,52.45454545454545,51.3,53.49444444444444,-1.8879365000000004,-0.072883592857142,-0.0778571428571428,15.93,15.898888888888887,17.795458535714285,15.88515873015873,8.019486,8.0412,7.9876304,7.9585004,8.065642,0,4.0,0,0.0,-1.1,30.4,69.6
2022-11-11 01:00:00,30.998760016666,0.0,0.0,17.697530866666668,15.898888888888887,53.49444444444444,0,5.1764362714980825,70.66250196097344,1,4,11,0.2588190451025207,0.9659258262890684,-0.433883739117558,-0.9009688679024191,-0.5000000000000004,0.8660254037844384,0.0,0.0,0.0,17.7,40.7,100.0,75.0,8.8,8.606312,0.0,13.2,17.695061733333333,53.05357142857143,52.96666666666667,52.55,52.45454545454545,53.5,-1.798641977777779,-0.0425484904761894,0.0467460317460322,15.852142857142857,15.753333333333334,17.750191057936508,15.89367724867725,8.065642,8.019486,8.0412,7.9876304,8.065293,0,4.0,0,0.0,-1.11,30.8,69.2
2022-11-11 01:15:00,27.152802777776,0.0,0.0,17.695061733333333,15.753333333333334,53.5,0,5.1764362714980825,70.66250196097344,1,4,11,0.2588190451025207,0.9659258262890684,-0.433883739117558,-0.9009688679024191,-0.5000000000000004,0.8660254037844384,0.0,0.0,0.0,17.4,39.425,100.0,75.25,8.875,8.635,0.0,13.2,17.70851337913889,53.49444444444444,53.05357142857143,52.96666666666667,52.55,53.66458333333333,-1.9417283999999988,-0.002469133333335,-0.1455555555555552,15.898888888888887,15.828194444444446,17.710890652380954,15.83478835978836,8.065293,8.065642,8.019486,8.0412,8.096595,0,4.0,0,0.0,-1.11,30.8,69.2
2022-11-11 01:30:00,28.323154104628067,0.0,0.0,17.70851337913889,15.828194444444446,53.66458333333333,0,5.1764362714980825,70.66250196097344,1,4,11,0.2588190451025207,0.9659258262890684,-0.433883739117558,-0.9009688679024191,-0.5000000000000004,0.8660254037844384,0.0,0.0,0.0,17.1,38.150000000000006,100.0,75.5,8.95,8.663689,0.0,13.2,17.721965024944446,53.5,53.49444444444444,53.05357142857143,52.96666666666667,53.829166666666666,-1.880318934694444,0.0134516458055564,0.0748611111111117,15.753333333333334,15.903055555555556,17.700368659712964,15.826805555555556,8.096595,8.065293,8.065642,8.019486,8.127947,0,4.0,0,0.0,-1.1,30.7,69.3
2022-11-11 01:45:00,29.49350543148013,0.0,0.0,17.721965024944446,15.903055555555556,53.829166666666666,0,5.1764362714980825,70.66250196097344,1,4,11,0.2588190451025207,0.9659258262890684,-0.433883739117558,-0.9009688679024191,-0.5000000000000004,0.8660254037844384,0.0,0.0,0.0,16.8,36.875,100.0,75.75,9.025,8.692374,0.0,13.2,17.73541667075,53.66458333333333,53.5,53.49444444444444,53.05357142857143,53.99375,-1.81890946938889,0.0134516458055564,0.0748611111111099,15.828194444444446,15.977916666666667,17.70851337913889,15.828194444444444,8.127947,8.096595,8.065293,8.065642,8.159335,0,4.0,0,0.0,-1.1,30.5,69.5
2022-11-11 02:00:00,30.6638567583322,0.0,0.0,17.73541667075,15.977916666666667,53.99375,0,5.1764362714980825,70.66250196097344,2,4,11,0.4999999999999999,0.8660254037844387,-0.433883739117558,-0.9009688679024191,-0.5000000000000004,0.8660254037844384,0.0,0.0,0.0,16.5,35.6,100.0,76.0,9.1,8.721063,0.0,13.2,17.748868316555555,53.829166666666666,53.66458333333333,53.5,53.49444444444444,54.15833333333333,-1.7575000040833313,0.0134516458055529,0.0748611111111117,15.903055555555556,16.052777777777777,17.721965024944442,15.90305555555556,8.159335,8.127947,8.096595,8.065293,8.190771,0,4.0,0,0.0,-1.09,30.3,69.7
2022-11-11 02:15:00,31.834208085184265,0.0,0.0,17.748868316555555,16.052777777777777,54.15833333333333,0,5.1764362714980825,70.66250196097344,2,4,11,0.4999999999999999,0.8660254037844387,-0.433883739117558,-0.9009688679024191,-0.5000000000000004,0.8660254037844384,0.0,0.0,0.0,16.2,35.075,100.0,76.75,9.225,8.807126,0.0,13.2,17.76231996236111,53.99375,53.829166666666666,53.66458333333333,53.5,54.32291666666666,-1.6960905387777778,0.0134516458055564,0.0748611111111099,15.977916666666667,16.12763888888889,17.73541667075,15.977916666666667,8.190771,8.159335,8.127947,8.096595,8.222251,0,4.0,0,0.0,-1.09,30.1,69.9
2022-11-11 02:30:00,33.00455941203633,0.0,0.0,17.76231996236111,16.12763888888889,54.32291666666666,0,5.1764362714980825,70.66250196097344,2,4,11,0.4999999999999999,0.8660254037844387,-0.433883739117558,-0.9009688679024191,-0.5000000000000004,0.8660254037844384,0.0,0.0,0.0,15.9,34.55,100.0,77.5,9.35,8.893188,0.0,13.2,17.775771608166668,54.15833333333333,53.99375,53.829166666666666,53.66458333333333,54.4875,-1.6346810734722226,0.0134516458055564,0.0748611111111117,16.052777777777777,16.2025,17.748868316555555,16.05277777777778,8.222251,8.190771,8.159335,8.127947,8.2537775,0,4.0,0,0.0,-1.09,29.9,70.1
2022-11-11 02:45:00,34.1749107388884,0.0,0.0,17.775771608166668,16.2025,54.4875,0,5.1764362714980825,70.66250196097344,2,4,11,0.4999999999999999,0.8660254037844387,-0.433883739117558,-0.9009688679024191,-0.5000000000000004,0.8660254037844384,0.0,0.0,0.0,15.6,34.025,100.0,78.25,9.475,8.979253,0.0,13.2,17.78922325397222,54.32291666666666,54.15833333333333,53.99375,53.829166666666666,54.65208333333333,-1.5732716081666671,0.0134516458055564,0.0748611111111117,16.12763888888889,16.277361111111112,17.762319962361108,16.127638888888892,8.2537775,8.222251,8.190771,8.159335,8.285347,0,4.0,0,0.0,-1.08,29.7,70.3
2022-11-11 03:00:00,35.345262065740464,0.0,0.0,17.78922325397222,16.277361111111112,54.65208333333333,0,5.1764362714980825,70.66250196097344,3,4,11,0.7071067811865476,0.7071067811865476,-0.433883739117558,-0.9009688679024191,-0.5000000000000004,0.8660254037844384,0.0,0.0,0.0,15.3,33.5,100.0,79.0,9.6,9.065316,0.0,13.2,17.802674899777777,54.4875,54.32291666666666,54.15833333333333,53.99375,54.81666666666667,-1.5118621428611083,0.0134516458055529,0.0748611111111117,16.2025,16.352222222222224,17.775771608166668,16.202500000000004,8.285347,8.2537775,8.222251,8.190771,8.31696,0,4.0,0,0.0,-1.08,29.5,70.5
2022-11-11 03:15:00,36.515613392592535,0.0,0.0,17.802674899777777,16.352222222222224,54.81666666666667,0,5.1764362714980825,70.66250196097344,3,4,11,0.7071067811865476,0.7071067811865476,-0.433883739117558,-0.9009688679024191,-0.5000000000000004,0.8660254037844384,0.0,0.0,0.0,14.95,32.675,100.0,79.25,9.65,9.094004,0.0,13.2,17.816126545583334,54.65208333333333,54.4875,54.32291666666666,54.15833333333333,54.98125,-1.4504526775555533,0.0134516458055564,0.0748611111111117,16.277361111111112,16.427083333333336,17.78922325397222,16.277361111111116,8.31696,8.285347,8.2537775,8.222251,8.3486185,0,4.0,0,0.0,-1.07,29.4,70.6
2022-11-11 03:30:00,37.6859647194446,0.0,0.0,17.816126545583334,16.427083333333336,54.98125,0,5.1764362714980825,70.66250196097344,3,4,11,0.7071067811865476,0.7071067811865476,-0.433883739117558,-0.9009688679024191,-0.5000000000000004,0.8660254037844384,0.0,0.0,0.0,14.6,31.85,100.0,79.5,9.7,9.12269,0.0,13.2,17.82957819138889,54.81666666666667,54.65208333333333,54.4875,54.32291666666666,55.145833333333336,-1.389043212249998,0.0134516458055564,0.0748611111111117,16.352222222222224,16.501944444444444,17.802674899777774,16.352222222222228,8.3486185,8.31696,8.285347,8.2537775,8.380322,0,4.0,0,0.0,-1.07,29.2,70.8
2022-11-11 03:45:00,38.85631604629667,0.0,0.0,17.82957819138889,16.501944444444444,55.145833333333336,0,5.1764362714980825,70.66250196097344,3,4,11,0.7071067811865476,0.7071067811865476,-0.433883739117558,-0.9009688679024191,-0.5000000000000004,0.8660254037844384,0.0,0.0,0.0,14.25,31.025,100.0,79.75,9.75,9.151379,0.0,13.2,17.843029837194443,54.98125,54.81666666666667,54.65208333333333,54.4875,55.31041666666667,-1.3276337469444464,0.0134516458055564,0.0748611111111081,16.427083333333336,16.576805555555556,17.816126545583334,16.42708333333334,8.380322,8.3486185,8.31696,8.285347,8.412072,0,4.0,0,0.0,-1.07,29.0,71.0
2022-11-11 04:00:00,40.02666737314873,0.0,0.0,17.843029837194443,16.576805555555556,55.31041666666667,0,5.1764362714980825,70.66250196097344,4,4,11,0.8660254037844386,0.5000000000000001,-0.433883739117558,-0.9009688679024191,-0.5000000000000004,0.8660254037844384,0.0,0.0,0.0,13.9,30.2,100.0,80.0,9.8,9.180067,0.0,13.2,17.856481483,55.145833333333336,54.98125,54.81666666666667,54.65208333333333,55.475,-1.2662242816388876,0.0134516458055529,0.0748611111111117,16.501944444444444,16.651666666666667,17.82957819138889,16.501944444444447,8.412072,8.380322,8.3486185,8.31696,8.443863,0,4.0,0,0.0,-1.06,28.8,71.2
2022-11-11 04:15:00,41.1970187000008,0.0,0.0,17.856481483,16.651666666666667,55.475,0,5.1764362714980825,70.66250196097344,4,4,11,0.8660254037844386,0.5000000000000001,-0.433883739117558,-0.9009688679024191,-0.5000000000000004,0.8660254037844384,0.0,0.0,0.0,13.8,29.5,100.0,80.25,9.85,9.194535,0.0,13.175,17.869933128805556,55.31041666666667,55.145833333333336,54.98125,54.81666666666667,55.63958333333333,-1.2048148163333323,0.0134516458055564,0.0748611111111117,16.576805555555556,16.72652777777778,17.843029837194447,16.576805555555556,8.443863,8.412072,8.380322,8.3486185,8.475703,0,4.0,0,0.0,-1.06,28.6,71.4
2022-11-11 04:30:00,42.36737002685287,0.0,0.0,17.869933128805556,16.72652777777778,55.63958333333333,0,5.1764362714980825,70.66250196097344,4,4,11,0.8660254037844386,0.5000000000000001,-0.433883739117558,-0.9009688679024191,-0.5000000000000004,0.8660254037844384,0.0,0.0,0.0,13.7,28.8,100.0,80.5,9.9,9.208935,0.0,13.15,17.883384774611113,55.475,55.31041666666667,55.145833333333336,54.98125,55.80416666666667,-1.143405351027777,0.0134516458055564,0.0748611111111117,16.651666666666667,16.80138888888889,17.856481483,16.651666666666667,8.475703,8.443863,8.412072,8.380322,8.507586,0,4.0,0,0.0,-1.05,28.4,71.6
2022-11-11 04:45:00,43.53772135370493,0.0,0.0,17.883384774611113,16.80138888888889,55.80416666666667,0,5.1764362714980825,70.66250196097344,4,4,11,0.8660254037844386,0.5000000000000001,-0.433883739117558,-0.9009688679024191,-0.5000000000000004,0.8660254037844384,0.0,0.0,0.0,13.6,28.1,100.0,80.75,9.95,9.223265,0.0,13.125,17.89683642041667,55.63958333333333,55.475,55.31041666666667,55.145833333333336,55.96875,-1.0819958857222218,0.0134516458055564,0.0748611111111117,16.72652777777778,16.87625,17.869933128805556,16.72652777777778,8.507586,8.475703,8.443863,8.412072,8.539514,0,4.0,0,0.0,-1.05,28.3,71.7
2022-11-11 05:00:00,44.708072680557,0.0,0.0,17.89683642041667,16.87625,55.96875,0,5.1764362714980825,70.66250196097344,5,4,11,0.9659258262890684,0.2588190451025207,-0.433883739117558,-0.9009688679024191,-0.5000000000000004,0.8660254037844384,0.0,0.0,0.0,13.5,27.4,100.0,81.0,10.0,9.237527,0.0,13.1,17.910288066222222,55.80416666666667,55.63958333333333,55.475,55.31041666666667,56.13333333333333,-1.02058642041667,0.0134516458055564,0.0748611111111081,16.80138888888889,16.95111111111111,17.883384774611113,16.80138888888889,8.539514,8.507586,8.475703,8.443863,8.571487,0,4.0,0,0.0,-1.05,28.1,71.9
2022-11-11 05:15:00,45.878424007409066,0.0,0.0,17.910288066222222,16.95111111111111,56.13333333333333,0,5.1764362714980825,70.66250196097344,5,4,11,0.9659258262890684,0.2588190451025207,-0.433883739117558,-0.9009688679024191,-0.5000000000000004,0.8660254037844384,0.0,0.0,0.0,13.45,27.3,100.0,81.75,10.075,9.294266,0.0,13.05,17.92373971202778,55.96875,55.80416666666667,55.63958333333333,55.475,56.297916666666666,-0.9591769551111112,0.0134516458055529,0.0748611111111117,16.87625,17.025972222222222,17.896836420416665,16.876250000000002,8.571487,8.539514,8.507586,8.475703,8.603503,0,4.0,0,0.0,-1.04,27.9,72.1
2022-11-11 05:30:00,47.04877533426114,0.0,0.0,17.92373971202778,17.025972222222222,56.297916666666666,0,5.1764362714980825,70.66250196097344,5,4,11,0.9659258262890684,0.2588190451025207,-0.433883739117558,-0.9009688679024191,-0.5000000000000004,0.8660254037844384,0.0,0.0,0.0,13.4,27.2,100.0,82.5,10.15,9.3505535,0.0,13.0,17.937191357833335,56.13333333333333,55.96875,55.80416666666667,55.63958333333333,56.4625,-0.8977674898055561,0.0134516458055564,0.0748611111111117,16.95111111111111,17.100833333333334,17.910288066222222,16.951111111111114,8.603503,8.571487,8.539514,8.507586,8.635568,0,4.0,0,0.0,-1.04,27.7,72.3
2022-11-11 05:45:00,48.2191266611132,0.0,0.0,17.937191357833335,17.100833333333334,56.4625,0,5.1764362714980825,70.66250196097344,5,4,11,0.9659258262890684,0.2588190451025207,-0.433883739117558,-0.9009688679024191,-0.5000000000000004,0.8660254037844384,0.0,0.0,0.0,13.35,27.1,100.0,83.25,10.225,9.406392,0.0,12.95,17.95064300363889,56.297916666666666,56.13333333333333,55.96875,55.80416666666667,56.62708333333333,-0.8363580245000009,0.0134516458055564,0.0748611111111117,17.025972222222222,17.175694444444446,17.92373971202778,17.025972222222222,8.635568,8.603503,8.571487,8.539514,8.667675,0,4.0,0,0.0,-1.03,27.5,72.5
2022-11-11 06:00:00,49.38947798796527,0.0,0.0,17.95064300363889,17.175694444444446,56.62708333333333,0,5.1764362714980825,70.66250196097344,6,4,11,1.0,6.123233995736766e-17,-0.433883739117558,-0.9009688679024191,-0.5000000000000004,0.8660254037844384,0.0,0.0,0.0,13.3,27.0,100.0,84.0,10.3,9.461785,0.0,12.9,17.964094649444444,56.4625,56.297916666666666,56.13333333333333,55.96875,56.79166666666666,-0.7749485591944456,0.0134516458055564,0.0748611111111117,17.100833333333334,17.250555555555557,17.93719135783333,17.100833333333338,8.667675,8.635568,8.603503,8.571487,8.699828,0,4.0,0,0.0,-1.03,27.4,72.6
2022-11-11 06:15:00,50.559829314817335,0.0,0.0,17.964094649444444,17.250555555555557,56.79166666666666,0,5.1764362714980825,70.66250196097344,6,4,11,1.0,6.123233995736766e-17,-0.433883739117558,-0.9009688679024191,-0.5000000000000004,0.8660254037844384,0.0,0.0,0.0,13.3,27.0,100.0,84.5,10.35,9.503376,0.0,12.875,17.97754629525,56.62708333333333,56.4625,56.297916666666666,56.13333333333333,56.95625,-0.7135390938888868,0.0134516458055529,0.0748611111111117,17.175694444444446,17.32541666666667,17.95064300363889,17.17569444444445,8.699828,8.667675,8.635568,8.603503,8.732027,0,4.0,0,0.0,-1.03,27.2,72.8
2022-11-11 06:30:00,51.7301806416694,0.0,0.0,17.97754629525,17.32541666666667,56.95625,0,5.1764362714980825,70.66250196097344,6,4,11,1.0,6.123233995736766e-17,-0.433883739117558,-0.9009688679024191,-0.5000000000000004,0.8660254037844384,0.0,0.0,0.0,13.3,27.0,100.0,85.0,10.4,9.54481,0.0,12.85,17.990997941055557,56.79166666666666,56.62708333333333,56.4625,56.297916666666666,57.12083333333333,-0.6521296285833316,0.0134516458055564,0.0748611111111117,17.250555555555557,17.400277777777777,17.964094649444444,17.25055555555556,8.732027,8.699828,8.667675,8.635568,8.764269,0,4.0,0,0.0,-1.02,27.0,73.0
2022-11-11 06:45:00,52.90053196852146,0.0,0.0,17.990997941055557,17.400277777777777,57.12083333333333,0,5.1764362714980825,70.66250196097344,6,4,11,1.0,6.123233995736766e-17,-0.433883739117558,-0.9009688679024191,-0.5000000000000004,0.8660254037844384,0.0,0.0,0.0,13.3,27.0,100.0,85.5,10.45,9.586089,0.0,12.825,18.004449586861114,56.95625,56.79166666666666,56.62708333333333,56.4625,57.28541666666666,-0.5907201632777799,0.0134516458055564,0.0748611111111081,17.32541666666667,17.47513888888889,17.977546295249997,17.32541666666667,8.764269,8.732027,8.699828,8.667675,8.796558,0,4.0,0,0.0,-1.02,26.8,73.2
2022-11-11 07:00:00,54.070883295373534,0.0,0.0,18.004449586861114,17.47513888888889,57.28541666666666,0,5.1764362714980825,70.66250196097344,7,4,11,0.9659258262890684,-0.2588190451025206,-0.433883739117558,-0.9009688679024191,-0.5000000000000004,0.8660254037844384,0.0,0.0,0.0,13.3,27.0,100.0,86.0,10.5,9.627216,0.0,12.8,18.017901232666667,57.12083333333333,56.95625,56.79166666666666,56.62708333333333,57.45,-0.5293106979722246,0.0134516458055564,0.0748611111111117,17.400277777777777,17.55,17.990997941055557,17.400277777777784,8.796558,8.764269,8.732027,8.699828,8.828892,0,4.0,0,0.0,-1.01,26.7,73.3
2022-11-11 07:15:00,55.241234622225605,0.0,0.0,18.017901232666667,17.55,57.45,0,5.1764362714980825,70.66250196097344,7,4,11,0.9659258262890684,-0.2588190451025206,-0.433883739117558,-0.9009688679024191,-0.5000000000000004,0.8660254037844384,0.0,0.0,0.0,14.125000000000002,27.725,100.0,85.5,10.65,9.705581,0.0,13.025,18.031352878472223,57.28541666666666,57.12083333333333,56.95625,56.79166666666666,57.614583333333336,-0.4679012326666658,0.0134516458055529,0.0748611111111117,17.47513888888889,17.624861111111112,18.004449586861114,17.475138888888893,8.828892,8.796558,8.764269,8.732027,8.861274,0,4.0,0,0.0,-1.01,26.5,73.5
2022-11-11 07:30:00,56.41158594907766,0.0,0.0,18.031352878472223,17.624861111111112,57.614583333333336,0,5.1764362714980825,70.66250196097344,7,4,11,0.9659258262890684,-0.2588190451025206,-0.433883739117558,-0.9009688679024191,-0.5000000000000004,0.8660254037844384,0.0,0.0,0.0,14.95,28.45,100.0,85.0,10.8,9.784001,0.0,13.25,18.04480452427778,57.45,57.28541666666666,57.12083333333333,56.95625,57.77916666666667,-0.4064917673611106,0.0134516458055564,0.0748611111111117,17.55,17.699722222222224,18.01790123266667,17.55,8.861274,8.828892,8.796558,8.764269,8.893698,0,4.0,0,0.0,-1.01,26.3,73.7
2022-11-11 07:45:00,57.58193727592973,0.0,0.0,18.04480452427778,17.699722222222224,57.77916666666667,0,5.1764362714980825,70.66250196097344,7,4,11,0.9659258262890684,-0.2588190451025206,-0.433883739117558,-0.9009688679024191,-0.5000000000000004,0.8660254037844384,0.0,0.0,0.0,15.775000000000002,29.175,100.0,84.5,10.95,9.862469,0.0,13.475,18.058256170083336,57.614583333333336,57.45,57.28541666666666,57.12083333333333,57.94375,-0.3450823020555553,0.0134516458055564,0.0748611111111117,17.624861111111112,17.774583333333332,18.031352878472223,17.624861111111112,8.893698,8.861274,8.828892,8.796558,8.926168,0,4.0,0,0.0,-1.0,26.2,73.8
2022-11-11 08:00:00,58.7522886027818,0.0,0.0,18.058256170083336,17.774583333333332,57.94375,0,5.1764362714980825,70.66250196097344,8,4,11,0.8660254037844387,-0.4999999999999998,-0.433883739117558,-0.9009688679024191,-0.5000000000000004,0.8660254037844384,0.0,0.0,0.0,16.6,29.9,100.0,84.0,11.1,9.940967,0.0,13.7,18.07170781588889,57.77916666666667,57.614583333333336,57.45,57.28541666666666,58.10833333333333,-0.2836728367500036,0.0134516458055564,0.0748611111111081,17.699722222222224,17.849444444444444,18.04480452427778,17.699722222222224,8.926168,8.893698,8.861274,8.828892,8.958683,0,4.0,0,0.0,-1.0,26.0,74.0
2022-11-11 08:15:00,59.92263992963386,0.0,0.0,18.07170781588889,17.849444444444444,58.10833333333333,0,5.1764362714980825,70.66250196097344,8,4,11,0.8660254037844387,-0.4999999999999998,-0.433883739117558,-0.9009688679024191,-0.5000000000000004,0.8660254037844384,8.75,2.1875,0.7291666666666666,16.6,31.075,100.0,83.5,11.275,10.050309,0.0,13.975,18.085159461694445,57.94375,57.77916666666667,57.614583333333336,57.45,58.27291666666667,-0.2222633714444448,0.0134516458055529,0.0748611111111117,17.774583333333332,17.924305555555556,18.058256170083336,17.774583333333336,8.958683,8.926168,8.893698,8.861274,8.991243,0,4.0,0,0.0,-0.99,25.8,74.2
2022-11-11 08:30:00,61.09299125648593,0.0,0.0,18.085159461694445,17.924305555555556,58.27291666666667,0,5.1764362714980825,70.66250196097344,8,4,11,0.8660254037844387,-0.4999999999999998,-0.433883739117558,-0.9009688679024191,-0.5000000000000004,0.8660254037844384,17.5,6.5625,2.1875,16.6,32.25,100.0,83.0,11.45,10.16011,0.0,14.25,18.0986111075,58.10833333333333,57.94375,57.77916666666667,57.614583333333336,58.4375,-0.1608539061388896,0.0134516458055564,0.0748611111111117,17.849444444444444,17.999166666666667,18.07170781588889,17.849444444444448,8.991243,8.958683,8.926168,8.893698,9.023853,0,4.0,0,0.0,-0.99,25.7,74.3
2022-11-11 08:45:00,62.263342583338,0.0,0.0,18.0986111075,17.999166666666667,58.4375,0,5.1764362714980825,70.66250196097344,8,4,11,0.8660254037844387,-0.4999999999999998,-0.433883739117558,-0.9009688679024191,-0.5000000000000004,0.8660254037844384,26.25,13.125,4.375,16.6,33.425000000000004,100.0,82.5,11.625,10.27036,0.0,14.525,18.18333334333333,58.27291666666667,58.10833333333333,57.94375,57.77916666666667,58.21666666666667,-0.0994444408333343,0.0134516458055564,0.0748611111111117,17.924305555555556,18.15333333333333,18.085159461694445,17.92430555555556,9.023853,8.991243,8.958683,8.926168,9.035122,0,4.0,0,0.0,-0.98,25.5,74.5
2022-11-11 09:00:00,58.98430711667,0.0,0.0,18.18333334333333,18.15333333333333,58.21666666666667,0,5.1764362714980825,70.66250196097344,9,4,11,0.7071067811865476,-0.7071067811865475,-0.433883739117558,-0.9009688679024191,-0.5000000000000004,0.8660254037844384,35.0,21.875,7.291666666666667,16.6,34.6,100.0,82.0,11.8,10.381038,0.0,14.8,18.2222222,58.4375,58.27291666666667,58.10833333333333,57.94375,58.5,-0.0300000100000019,0.0847222358333326,0.154166666666665,17.999166666666667,18.29133333333333,18.122367970842596,18.025601851851857,9.035122,9.023853,8.991243,8.958683,9.100087,0,4.0,0,0.0,-0.97,24.7,75.3
2022-11-11 09:15:00,58.840423972226,0.0,0.0,18.2222222,18.29133333333333,58.5,0,5.1764362714980825,70.66250196097344,9,4,11,0.7071067811865476,-0.7071067811865475,-0.433883739117558,-0.9009688679024191,-0.5000000000000004,0.8660254037844384,54.5,33.3125,11.833333333333334,15.875,34.6,100.0,81.0,12.025,10.523373,0.0,15.225,18.2222222,58.21666666666667,58.4375,58.27291666666667,58.10833333333333,58.68333333333333,0.0691111333333331,0.0388888566666665,0.1380000000000016,18.15333333333333,18.485333333333333,18.16805555027778,18.147944444444448,9.100087,9.035122,9.023853,8.991243,9.128607,0,4.0,0,0.0,-0.96,24.3,75.7
2022-11-11 09:30:00,64.820740433332,0.0,0.0,18.2222222,18.485333333333333,58.68333333333333,0,5.1764362714980825,70.66250196097344,9,4,11,0.7071067811865476,-0.7071067811865475,-0.433883739117558,-0.9009688679024191,-0.5000000000000004,0.8660254037844384,74.0,47.4375,18.0,15.15,34.6,100.0,80.0,12.25,10.665098,0.0,15.65,18.2222222,58.5,58.21666666666667,58.4375,58.27291666666667,59.0,0.2631111333333322,0.0,0.193999999999999,18.29133333333333,18.59,18.209259247777776,18.31,9.128607,9.100087,9.035122,9.023853,9.177865,0,4.0,0,0.0,-0.95,24.2,75.8
2022-11-11 09:45:00,59.114301983334,0.0,0.0,18.2222222,18.59,59.0,0,5.1764362714980825,70.66250196097344,9,4,11,0.7071067811865476,-0.7071067811865475,-0.433883739117558,-0.9009688679024191,-0.5000000000000004,0.8660254037844384,93.5,64.25,25.791666666666668,14.425,34.6,100.0,79.0,12.475,10.806104,0.0,16.075,18.2222222,58.68333333333333,58.5,58.21666666666667,58.4375,59.18333333333333,0.3677777999999989,0.0,0.1046666666666666,18.485333333333333,18.796,18.2222222,18.45555555555556,9.177865,9.128607,9.100087,9.035122,9.206385,0,4.0,0,0.0,-0.95,24.2,75.8
2022-11-11 10:00:00,51.253505411108,0.0,0.0,18.2222222,18.796,59.18333333333333,0,5.1764362714980825,70.66250196097344,10,4,11,0.4999999999999999,-0.8660254037844387,-0.433883739117558,-0.9009688679024191,-0.5000000000000004,0.8660254037844384,113.0,83.75,35.208333333333336,13.7,34.6,100.0,78.0,12.7,10.946268,0.0,16.5,18.18333335,59.0,58.68333333333333,58.5,58.21666666666667,59.5,0.5737777999999985,0.0,0.2059999999999995,18.59,18.82333333333333,18.2222222,18.62377777777778,9.206385,9.177865,9.128607,9.100087,9.234293,0,4.0,0,0.0,-0.95,24.1,75.9
2022-11-11 10:15:00,44.493775611116,0.0,0.0,18.18333335,18.82333333333333,59.5,0,5.1764362714980825,70.66250196097344,10,4,11,0.4999999999999999,-0.8660254037844387,-0.433883739117558,-0.9009688679024191,-0.5000000000000004,0.8660254037844384,132.0,103.125,46.208333333333336,13.55,33.5,100.0,77.0,12.8,11.03569,0.0,16.85,18.14629631333333,59.18333333333333,59.0,58.68333333333333,58.5,59.68333333333333,0.639999983333329,-0.0388888499999993,0.0273333333333312,18.796,18.768,18.20925925,18.736444444444444,9.234293,9.206385,9.177865,9.128607,9.242386,0,4.0,0,0.0,-0.96,24.4,75.6
2022-11-11 10:30:00,53.648131755556,0.0,0.0,18.14629631333333,18.768,59.68333333333333,0,5.1764362714980825,70.66250196097344,10,4,11,0.4999999999999999,-0.8660254037844387,-0.433883739117558,-0.9009688679024191,-0.5000000000000004,0.8660254037844384,151.0,122.375,58.79166666666666,13.4,32.4,100.0,76.0,12.9,11.123319,0.0,17.2,18.1111111,59.5,59.18333333333333,59.0,58.68333333333333,60.45,0.6217036866666632,-0.0370370366666676,-0.0553333333333334,18.82333333333333,18.496666666666663,18.183950621111112,18.795777777777776,9.242386,9.234293,9.206385,9.177865,9.3415575,0,4.0,0,0.0,-0.97,24.8,75.2
2022-11-11 10:45:00,830.805655294446,0.0,0.0,18.1111111,18.496666666666663,60.45,0,5.1764362714980825,70.66250196097344,10,4,11,0.4999999999999999,-0.8660254037844387,-0.433883739117558,-0.9009688679024191,-0.5000000000000004,0.8660254037844384,170.0,141.5,72.95833333333333,13.25,31.3,100.0,75.0,13.0,11.209052,0.0,17.549999999999997,18.1111111,59.68333333333333,59.5,59.18333333333333,59.0,61.8,0.3855555666666674,-0.0351852133333352,-0.271333333333331,18.768,17.625999999999998,18.146913587777775,18.696,9.3415575,9.242386,9.234293,9.206385,9.550178,0,4.0,0,0.0,-0.97,24.9,75.1
2022-11-11 11:00:00,971.514749088884,0.0,0.0,18.1111111,17.625999999999998,61.8,0,5.1764362714980825,70.66250196097344,11,4,11,0.258819045102521,-0.9659258262890682,-0.433883739117558,-0.9009688679024191,-0.5000000000000004,0.8660254037844384,189.0,160.5,88.70833333333333,13.1,30.2,100.0,74.0,13.1,11.292785,0.0,17.9,18.1111111,60.45,59.68333333333333,59.5,59.18333333333333,62.95,-0.485111100000001,0.0,-0.8706666666666685,18.496666666666663,17.018,18.12283950444445,18.296888888888887,9.550178,9.3415575,9.242386,9.234293,9.727892,0,4.0,0,0.0,-0.97,24.7,75.3
2022-11-11 11:15:00,53.30425666111,0.0,0.0,18.1111111,17.018,62.95,0,5.1764362714980825,70.66250196097344,11,4,11,0.258819045102521,-0.9659258262890682,-0.433883739117558,-0.9009688679024191,-0.5000000000000004,0.8660254037844384,184.25,173.5625,103.33333333333331,13.175,30.025,100.0,74.5,13.175,11.335289,0.075,17.849999999999998,18.1111111,61.8,60.45,59.68333333333333,59.5,64.11666666666666,-1.093111099999998,0.0,-0.607999999999997,17.625999999999998,16.907333333333334,18.1111111,17.71355555555556,9.727892,9.550178,9.3415575,9.242386,9.90818,0,4.0,0,0.0,-0.96,24.4,75.6
2022-11-11 11:30:00,43.116608583334,0.0,0.0,18.1111111,16.907333333333334,64.11666666666666,0,5.1764362714980825,70.66250196097344,11,4,11,0.258819045102521,-0.9659258262890682,-0.433883739117558,-0.9009688679024191,-0.5000000000000004,0.8660254037844384,179.5,180.6875,116.83333333333331,13.25,29.85,100.0,75.0,13.25,11.377429,0.15,17.799999999999997,18.1111111,62.95,61.8,60.45,59.68333333333333,64.85,-1.203777766666665,0.0,-0.1106666666666669,17.018,17.048,18.1111111,17.183777777777777,9.90818,9.727892,9.550178,9.3415575,10.021504,0,4.0,0,0.0,-0.95,24.2,75.8
2022-11-11 11:45:00,36.07772358333,0.0,0.0,18.1111111,17.048,64.85,0,5.1764362714980825,70.66250196097344,11,4,11,0.258819045102521,-0.9659258262890682,-0.433883739117558,-0.9009688679024191,-0.5000000000000004,0.8660254037844384,174.75,181.875,129.20833333333334,13.325,29.675,100.0,75.5,13.325,11.419202,0.225,17.75,18.1111111,64.11666666666666,62.95,61.8,60.45,65.18333333333334,-1.0631111000000004,0.0,0.1406666666666645,16.907333333333334,17.161333333333335,18.1111111,16.991111111111113,10.021504,9.90818,9.727892,9.550178,10.073016,0,4.0,0,0.0,-0.95,24.1,75.9
2022-11-11 12:00:00,58.214338116662,0.0,0.0,18.1111111,17.161333333333335,65.18333333333334,0,5.1764362714980825,70.66250196097344,12,4,11,1.2246467991473532e-16,-1.0,-0.433883739117558,-0.9009688679024191,-0.5000000000000004,0.8660254037844384,170.0,177.125,140.45833333333334,13.4,29.5,100.0,76.0,13.4,11.460611,0.3,17.7,18.11666666,64.85,64.11666666666666,62.95,61.8,65.55,-0.9497777666666636,0.0,0.1133333333333368,17.048,17.29866666666667,18.1111111,17.03888888888889,10.073016,10.021504,9.90818,9.727892,10.133024,0,4.0,0,0.0,-0.95,24.0,76.0
2022-11-11 12:15:00,57.78491076111,0.0,0.0,18.11666666,17.29866666666667,65.55,0,5.1764362714980825,70.66250196097344,12,4,11,1.2246467991473532e-16,-1.0,-0.433883739117558,-0.9009688679024191,-0.5000000000000004,0.8660254037844384,150.0,168.5625,148.41666666666666,13.55,29.5,100.0,81.75,13.8,11.857867,0.475,17.05,18.142592606666668,65.18333333333334,64.85,64.11666666666666,62.95,65.96666666666667,-0.8179999933333306,0.0055555600000012,0.1373333333333342,17.161333333333335,17.37,18.112962953333334,17.169333333333338,10.133024,10.073016,10.021504,9.90818,10.213159,0,4.0,0,0.0,-0.94,23.9,76.1
2022-11-11 12:30:00,36.25799395556,0.0,0.0,18.142592606666668,17.37,65.96666666666667,0,5.1764362714980825,70.66250196097344,12,4,11,1.2246467991473532e-16,-1.0,-0.433883739117558,-0.9009688679024191,-0.5000000000000004,0.8660254037844384,130.0,156.1875,153.08333333333334,13.7,29.5,100.0,87.5,14.2,12.205744,0.6499999999999999,16.4,18.11666666,65.55,65.18333333333334,64.85,64.11666666666666,66.05,-0.7725926066666666,0.0259259466666677,0.0713333333333317,17.29866666666667,17.396666666666665,18.123456788888888,17.27666666666667,10.213159,10.133024,10.073016,10.021504,10.210317,0,4.0,0,0.0,-0.94,23.5,76.5
2022-11-11 12:45:00,39.201209738886,0.0,0.0,18.11666666,17.396666666666665,66.05,0,5.1764362714980825,70.66250196097344,12,4,11,1.2246467991473532e-16,-1.0,-0.433883739117558,-0.9009688679024191,-0.5000000000000004,0.8660254037844384,110.0,140.0,154.45833333333334,13.85,29.5,100.0,93.25,14.6,12.507045,0.825,15.75,18.16296299333333,65.96666666666667,65.55,65.18333333333334,64.85,66.46666666666667,-0.7199999933333352,-0.0259259466666677,0.0266666666666637,17.37,17.438,18.125308642222222,17.355111111111114,10.210317,10.213159,10.133024,10.073016,10.303032,0,4.0,0,0.0,-0.94,23.8,76.2
2022-11-11 13:00:00,474.97850018333,0.0,0.0,18.16296299333333,17.438,66.46666666666667,0,5.1764362714980825,70.66250196097344,13,4,11,-0.2588190451025208,-0.9659258262890684,-0.433883739117558,-0.9009688679024191,-0.5000000000000004,0.8660254037844384,90.0,120.0,152.54166666666666,14.0,29.5,100.0,99.0,15.0,12.764457,1.0,15.1,18.1666667,66.05,65.96666666666667,65.55,65.18333333333334,66.85,-0.7249629933333352,0.0462963333333341,0.0413333333333341,17.396666666666665,17.488,18.140740753333333,17.401555555555557,10.303032,10.210317,10.213159,10.133024,10.364734,0,4.0,0,0.0,-0.93,23.2,76.8
2022-11-11 13:15:00,44.69626766111,0.0,0.0,18.1666667,17.488,66.85,0,5.1764362714980825,70.66250196097344,13,4,11,-0.2588190451025208,-0.9659258262890684,-0.433883739117558,-0.9009688679024191,-0.5000000000000004,0.8660254037844384,86.0,104.0,148.70833333333334,14.875,30.775,100.0,97.0,14.9,12.698171,0.875,15.35,18.1666667,66.46666666666667,66.05,65.96666666666667,65.55,67.18333333333334,-0.6786667000000008,0.0037037066666663,0.0500000000000007,17.438,17.496,18.148765451111117,17.44088888888889,10.364734,10.303032,10.210317,10.213159,10.416415,0,4.0,0,0.0,-0.93,23.1,76.9
2022-11-11 13:30:00,53.714518,0.0,0.0,18.1666667,17.496,67.18333333333334,0,5.1764362714980825,70.66250196097344,13,4,11,-0.2588190451025208,-0.9659258262890684,-0.433883739117558,-0.9009688679024191,-0.5000000000000004,0.8660254037844384,82.0,92.0,142.95833333333334,15.75,32.05,100.0,95.0,14.8,12.626477,0.75,15.6,18.1666667,66.85,66.46666666666667,66.05,65.96666666666667,67.2,-0.6706667000000017,0.0,0.0079999999999991,17.488,17.354,18.165432131111118,17.474,10.416415,10.364734,10.303032,10.210317,10.419,0,4.0,0,0.0,-0.92,23.1,76.9
2022-11-11 13:45:00,50.254378644444,0.0,0.0,18.1666667,17.354,67.2,0,5.1764362714980825,70.66250196097344,13,4,11,-0.2588190451025208,-0.9659258262890684,-0.433883739117558,-0.9009688679024191,-0.5000000000000004,0.8660254037844384,78.0,84.0,135.29166666666666,16.625,33.325,100.0,93.0,14.7,12.549247,0.625,15.85,18.1666667,67.18333333333334,66.85,66.46666666666667,66.05,67.65,-0.8126667000000012,0.0,-0.1419999999999994,17.496,17.31,18.1666667,17.446,10.419,10.416415,10.364734,10.303032,10.48877,0,4.0,0,0.0,-0.92,23.1,76.9
2022-11-11 14:00:00,36.344379433336,0.0,0.0,18.1666667,17.31,67.65,0,5.1764362714980825,70.66250196097344,14,4,11,-0.4999999999999997,-0.8660254037844388,-0.433883739117558,-0.9009688679024191,-0.5000000000000004,0.8660254037844384,74.0,80.0,125.70833333333331,17.5,34.6,100.0,91.0,14.6,12.466345,0.5,16.1,18.1666667,67.2,67.18333333333334,66.85,66.46666666666667,68.05,-0.8566667000000017,0.0,-0.0440000000000004,17.354,17.296,18.1666667,17.386666666666667,10.48877,10.419,10.416415,10.364734,10.550788,0,4.0,0,0.0,-0.92,23.0,77.0
2022-11-11 14:15:00,36.334379866668,0.0,0.0,18.1666667,17.296,68.05,0,5.1764362714980825,70.66250196097344,14,4,11,-0.4999999999999997,-0.8660254037844388,-0.433883739117558,-0.9009688679024191,-0.5000000000000004,0.8660254037844384,64.5,74.625,115.72916666666669,17.55,35.575,100.0,93.0,14.8,12.625379,0.625,15.95,18.1666667,67.65,67.2,67.18333333333334,66.85,68.46666666666667,-0.870666700000001,0.0,-0.0139999999999993,17.31,17.227999999999998,18.1666667,17.32,10.550788,10.48877,10.419,10.416415,10.61539,0,4.0,0,0.0,-0.92,22.9,77.1
2022-11-11 14:30:00,49.205254011108,0.0,0.0,18.1666667,17.227999999999998,68.46666666666667,0,5.1764362714980825,70.66250196097344,14,4,11,-0.4999999999999997,-0.8660254037844388,-0.433883739117558,-0.9009688679024191,-0.5000000000000004,0.8660254037844384,55.0,67.875,105.35416666666669,17.6,36.55,100.0,95.0,15.0,12.780395,0.75,15.8,18.1666667,68.05,67.65,67.2,67.18333333333334,68.45,-0.9386667000000024,0.0,-0.0680000000000013,17.296,17.214,18.1666667,17.278000000000002,10.61539,10.550788,10.48877,10.419,10.612804,0,4.0,0,0.0,-0.92,22.8,77.2
2022-11-11 14:45:00,52.502066516666,0.0,0.0,18.1666667,17.214,68.45,0,5.1764362714980825,70.66250196097344,14,4,11,-0.4999999999999997,-0.8660254037844388,-0.433883739117558,-0.9009688679024191,-0.5000000000000004,0.8660254037844384,45.5,59.75,94.58333333333331,17.65,37.525,100.0,97.0,15.2,12.931431,0.875,15.65,18.1666667,68.46666666666667,68.05,67.65,67.2,68.03333333333333,-0.9526667000000018,0.0,-0.0139999999999993,17.227999999999998,17.180000000000003,18.1666667,17.246,10.612804,10.61539,10.550788,10.48877,10.548203,0,4.0,0,0.0,-0.92,22.8,77.2
2022-11-11 15:00:00,47.096449449998,0.0,0.0,18.1666667,17.180000000000003,68.03333333333333,0,5.1764362714980825,70.66250196097344,15,4,11,-0.7071067811865471,-0.7071067811865479,-0.433883739117558,-0.9009688679024191,-0.5000000000000004,0.8660254037844384,36.0,50.25,83.41666666666667,17.7,38.5,100.0,99.0,15.4,13.078553,1.0,15.5,18.1666667,68.45,68.46666666666667,68.05,67.65,68.05,-0.9866666999999972,0.0,-0.0339999999999953,17.214,17.196666666666665,18.1666667,17.207333333333334,10.548203,10.612804,10.61539,10.550788,10.550788,0,4.0,0,0.0,-0.92,22.9,77.1
2022-11-11 15:15:00,51.544882605554,0.0,0.0,18.1666667,17.196666666666665,68.05,0,5.1764362714980825,70.66250196097344,15,4,11,-0.7071067811865471,-0.7071067811865479,-0.433883739117558,-0.9009688679024191,-0.5000000000000004,0.8660254037844384,33.0,42.375,73.66666666666667,15.85,37.875,100.0,99.25,15.4,13.091704,1.35,15.475,18.1666667,68.03333333333333,68.45,68.46666666666667,68.05,68.46666666666667,-0.970000033333335,0.0,0.0166666666666621,17.180000000000003,17.180000000000003,18.1666667,17.19688888888889,10.550788,10.548203,10.612804,10.61539,10.61539,0,4.0,0,0.0,-0.92,22.9,77.1
2022-11-11 15:30:00,42.22220004444,0.0,0.0,18.1666667,17.180000000000003,68.46666666666667,0,5.1764362714980825,70.66250196097344,15,4,11,-0.7071067811865471,-0.7071067811865479,-0.433883739117558,-0.9009688679024191,-0.5000000000000004,0.8660254037844384,30.0,36.125,65.33333333333333,14.0,37.25,100.0,99.5,15.4,13.104779,1.7,15.45,18.1666667,68.05,68.03333333333333,68.45,68.46666666666667,68.5,-0.9866666999999972,0.0,-0.0166666666666621,17.196666666666665,17.15266666666667,18.1666667,17.185555555555563,10.61539,10.550788,10.548203,10.612804,10.620558,0,4.0,0,0.0,-0.92,22.8,77.2
2022-11-11 15:45:00,41.08474537778,0.0,0.0,18.1666667,17.15266666666667,68.5,0,5.1764362714980825,70.66250196097344,15,4,11,-0.7071067811865471,-0.7071067811865479,-0.433883739117558,-0.9009688679024191,-0.5000000000000004,0.8660254037844384,27.0,31.5,58.41666666666666,12.15,36.625,100.0,99.75,15.4,13.1177845,2.05,15.425,18.1666667,68.46666666666667,68.05,68.03333333333333,68.45,68.5,-1.014000033333332,0.0,-0.0273333333333347,17.180000000000003,17.19,18.1666667,17.176444444444446,10.620558,10.61539,10.550788,10.548203,10.620558,0,4.0,0,0.0,-0.92,22.8,77.2
2022-11-11 16:00:00,61.28588188333,0.0,0.0,18.1666667,17.19,68.5,0,5.1764362714980825,70.66250196097344,16,4,11,-0.8660254037844385,-0.5000000000000004,-0.433883739117558,-0.9009688679024191,-0.5000000000000004,0.8660254037844384,24.0,28.5,52.91666666666666,10.3,36.0,100.0,100.0,15.4,13.1307125,2.4,15.4,18.1666667,68.5,68.46666666666667,68.05,68.03333333333333,68.15,-0.9766666999999992,0.0,0.0373333333333327,17.15266666666667,17.210666666666665,18.1666667,17.174222222222227,10.620558,10.620558,10.61539,10.550788,10.566293,0,4.0,0,0.0,-0.92,22.8,77.2
2022-11-11 16:15:00,58.519881427774,0.0,0.0,18.1666667,17.210666666666665,68.15,0,5.1764362714980825,70.66250196097344,16,4,11,-0.8660254037844385,-0.5000000000000004,-0.433883739117558,-0.9009688679024191,-0.5000000000000004,0.8660254037844384,20.5,25.375,47.458333333333336,9.425,32.125,100.0,100.0,15.35,13.110791,2.5,15.375,18.1666667,68.5,68.5,68.46666666666667,68.05,68.18333333333334,-0.9560000333333356,0.0,0.0206666666666635,17.19,17.264000000000003,18.1666667,17.18444444444445,10.566293,10.620558,10.620558,10.61539,10.571459,0,4.0,0,0.0,-0.92,22.9,77.1
2022-11-11 16:30:00,43.81824744999,0.0,0.0,18.1666667,17.264000000000003,68.18333333333334,0,5.1764362714980825,70.66250196097344,16,4,11,-0.8660254037844385,-0.5000000000000004,-0.433883739117558,-0.9009688679024191,-0.5000000000000004,0.8660254037844384,17.0,22.125,42.04166666666666,8.55,28.25,100.0,100.0,15.3,13.090898,2.6,15.35,18.2,68.15,68.5,68.5,68.46666666666667,68.55,-0.9026666999999976,0.0,0.0533333333333381,17.210666666666665,17.264000000000003,18.1666667,17.221555555555558,10.571459,10.566293,10.620558,10.620558,10.649373,0,4.0,0,0.0,-0.92,22.9,77.1
2022-11-11 16:45:00,50.48242503889,0.0,0.0,18.2,17.264000000000003,68.55,0,5.1764362714980825,70.66250196097344,16,4,11,-0.8660254037844385,-0.5000000000000004,-0.433883739117558,-0.9009688679024191,-0.5000000000000004,0.8660254037844384,13.5,18.75,36.66666666666666,7.675000000000001,24.375,100.0,100.0,15.25,13.071027,2.7,15.325,18.170370400000003,68.18333333333334,68.15,68.5,68.5,68.96666666666667,-0.9359999999999964,0.0333332999999989,0.0,17.264000000000003,17.243999999999996,18.1777778,17.246222222222226,10.649373,10.571459,10.566293,10.620558,10.695261,0,4.0,0,0.0,-0.91,22.5,77.5
2022-11-11 17:00:00,43.679919599992,0.0,0.0,18.170370400000003,17.243999999999996,68.96666666666667,0,5.1764362714980825,70.66250196097344,17,4,11,-0.9659258262890684,-0.2588190451025206,-0.433883739117558,-0.9009688679024191,-0.5000000000000004,0.8660254037844384,10.0,15.25,31.33333333333333,6.8,20.5,100.0,100.0,15.2,13.051189,2.8,15.3,18.1666667,68.55,68.18333333333334,68.15,68.5,69.0,-0.9263704000000068,-0.0296295999999962,-0.0200000000000066,17.264000000000003,17.275333333333332,18.179012366666665,17.257333333333335,10.695261,10.649373,10.571459,10.566293,10.69808,0,4.0,0,0.0,-0.91,22.7,77.3
2022-11-11 17:15:00,42.663849027774,0.0,0.0,18.1666667,17.275333333333332,69.0,0,5.1764362714980825,70.66250196097344,17,4,11,-0.9659258262890684,-0.2588190451025206,-0.433883739117558,-0.9009688679024191,-0.5000000000000004,0.8660254037844384,8.0,12.125,26.625,7.85,23.025,100.0,100.0,15.275,13.110791,3.025,15.375,18.1666667,68.96666666666667,68.55,68.18333333333334,68.15,69.18333333333334,-0.8913333666666681,-0.0037037000000026,0.0313333333333361,17.243999999999996,17.350666666666665,18.179012366666665,17.261111111111116,10.69808,10.695261,10.649373,10.571459,10.726504,0,4.0,0,0.0,-0.92,22.7,77.3
2022-11-11 17:30:00,67.913116766664,0.0,0.0,18.1666667,17.350666666666665,69.18333333333334,0,5.1764362714980825,70.66250196097344,17,4,11,-0.9659258262890684,-0.2588190451025206,-0.433883739117558,-0.9009688679024191,-0.5000000000000004,0.8660254037844384,6.0,9.375,22.541666666666668,8.9,25.55,100.0,100.0,15.35,13.170632,3.25,15.45,18.20555555,69.0,68.96666666666667,68.55,68.18333333333334,69.15,-0.816000033333335,0.0,0.075333333333333,17.275333333333332,17.763333333333332,18.167901266666668,17.29,10.726504,10.69808,10.695261,10.649373,10.746128,0,4.0,0,0.0,-0.91,22.7,77.3
2022-11-11 17:45:00,56.689954627774,0.0,0.0,18.20555555,17.763333333333332,69.15,0,5.1764362714980825,70.66250196097344,17,4,11,-0.9659258262890684,-0.2588190451025206,-0.433883739117558,-0.9009688679024191,-0.5000000000000004,0.8660254037844384,4.0,7.0,19.08333333333333,9.95,28.075000000000003,100.0,100.0,15.425,13.230713,3.475,15.525,18.2222222,69.18333333333334,69.0,68.96666666666667,68.55,69.18333333333334,-0.4422222166666678,0.0388888499999993,0.4126666666666665,17.350666666666665,18.258666666666667,18.17962965,17.463111111111115,10.746128,10.726504,10.69808,10.695261,10.761955,0,4.0,0,0.0,-0.91,22.3,77.7
2022-11-11 18:00:00,41.007248677772,0.0,0.0,18.2222222,18.258666666666667,69.18333333333334,0,5.1764362714980825,70.66250196097344,18,4,11,-1.0,-1.8369701987210294e-16,-0.433883739117558,-0.9009688679024191,-0.5000000000000004,0.8660254037844384,2.0,5.0,16.25,11.0,30.6,100.0,100.0,15.5,13.29103,3.7,15.6,18.2222222,69.15,69.18333333333334,69.0,68.96666666666667,69.5,0.0364444666666656,0.0166666500000012,0.4953333333333347,17.763333333333332,18.50933333333333,18.19814815,17.79088888888889,10.761955,10.746128,10.726504,10.69808,10.811215,0,4.0,0,0.0,-0.9,22.2,77.8
2022-11-11 18:15:00,47.770589216662,0.0,0.0,18.2222222,18.50933333333333,69.5,0,5.1764362714980825,70.66250196097344,18,4,11,-1.0,-1.8369701987210294e-16,-0.433883739117558,-0.9009688679024191,-0.5000000000000004,0.8660254037844384,1.5,3.375,13.625,10.675,28.450000000000003,100.0,99.75,15.55,13.298044,2.825,15.65,18.2222222,69.18333333333334,69.15,69.18333333333334,69.0,69.68333333333334,0.2871111333333331,0.0,0.2506666666666675,18.258666666666667,18.654666666666667,18.21666665,18.177111111111117,10.811215,10.761955,10.746128,10.726504,10.839735,0,4.0,0,0.0,-0.9,22.1,77.9
2022-11-11 18:30:00,405.767657777768,0.0,0.0,18.2222222,18.654666666666667,69.68333333333334,0,5.1764362714980825,70.66250196097344,18,4,11,-1.0,-1.8369701987210294e-16,-0.433883739117558,-0.9009688679024191,-0.5000000000000004,0.8660254037844384,1.0,2.125,11.208333333333334,10.35,26.3,100.0,99.5,15.6,13.304964,1.95,15.7,18.2222222,69.5,69.18333333333334,69.15,69.18333333333334,70.0,0.4324444666666664,0.0,0.1453333333333333,18.50933333333333,18.810666666666663,18.2222222,18.474222222222224,10.839735,10.811215,10.761955,10.746128,10.888993,0,4.0,0,0.0,-0.9,22.1,77.9
2022-11-11 18:45:00,49.117479688888,0.0,0.0,18.2222222,18.810666666666663,70.0,0,5.1764362714980825,70.66250196097344,18,4,11,-1.0,-1.8369701987210294e-16,-0.433883739117558,-0.9009688679024191,-0.5000000000000004,0.8660254037844384,0.5,1.25,9.0,10.025,24.15,100.0,99.25,15.65,13.311787,1.0750000000000002,15.75,18.242592586666667,69.68333333333334,69.5,69.18333333333334,69.15,70.36666666666666,0.5884444666666653,0.0,0.1559999999999988,18.654666666666667,18.749333333333333,18.2222222,18.658222222222225,10.888993,10.839735,10.811215,10.761955,10.959278,0,4.0,0,0.0,-0.9,22.0,78.0
2022-11-11 19:00:00,62.047518,0.0,0.0,18.242592586666667,18.749333333333333,70.36666666666666,0,5.1764362714980825,70.66250196097344,19,4,11,-0.9659258262890684,0.2588190451025203,-0.433883739117558,-0.9009688679024191,-0.5000000000000004,0.8660254037844384,0.0,0.75,7.0,9.7,22.0,100.0,99.0,15.7,13.318516,0.2,15.8,18.31666665,70.0,69.68333333333334,69.5,69.18333333333334,71.0,0.5067407466666651,0.0203703866666664,-0.0613333333333336,18.810666666666663,18.616,18.22901232888889,18.738222222222223,10.959278,10.888993,10.839735,10.811215,11.106642,0,4.0,0,0.0,-0.89,21.7,78.3
2022-11-11 19:15:00,52.704002905554,0.0,0.0,18.31666665,18.616,71.0,0,5.1764362714980825,70.66250196097344,19,4,11,-0.9659258262890684,0.2588190451025203,-0.433883739117558,-0.9009688679024191,-0.5000000000000004,0.8660254037844384,0.0,0.375,5.291666666666667,12.15,24.15,100.0,97.75,15.825,13.43153,0.175,16.15,18.353703686666663,70.36666666666666,70.0,69.68333333333334,69.5,71.0,0.2993333500000013,0.074074063333331,-0.1333333333333328,18.749333333333333,18.920666666666666,18.260493812222222,18.72533333333333,11.106642,10.959278,10.888993,10.839735,11.131075,0,4.0,0,0.0,-0.87,20.9,79.1
2022-11-11 19:30:00,41.059468838882,0.0,0.0,18.353703686666663,18.920666666666666,71.0,0,5.1764362714980825,70.66250196097344,19,4,11,-0.9659258262890684,0.2588190451025203,-0.433883739117558,-0.9009688679024191,-0.5000000000000004,0.8660254037844384,0.0,0.125,3.875,14.6,26.3,100.0,96.5,15.95,13.542498,0.15,16.5,18.42777775,71.0,70.36666666666666,70.0,69.68333333333334,71.05,0.5669629799999996,0.0370370366666676,0.304666666666666,18.616,19.115333333333336,18.304320974444444,18.762000000000004,11.131075,11.106642,10.959278,10.888993,11.187954,0,4.0,0,0.0,-0.86,20.6,79.4
2022-11-11 19:45:00,45.274300272214,0.0,0.0,18.42777775,19.115333333333336,71.05,0,5.1764362714980825,70.66250196097344,19,4,11,-0.9659258262890684,0.2588190451025203,-0.433883739117558,-0.9009688679024191,-0.5000000000000004,0.8660254037844384,0.0,0.0,2.75,17.049999999999997,28.450000000000003,100.0,95.25,16.075,13.651292,0.125,16.85,18.46481478666667,71.0,71.0,70.36666666666666,70.0,71.46666666666667,0.6875555833333351,0.0740740633333345,0.1946666666666701,18.920666666666666,19.408666666666665,18.366049362222224,18.884000000000004,11.187954,11.131075,11.106642,10.959278,11.278296,0,4.0,0,0.0,-0.84,20.0,80.0
2022-11-11 20:00:00,58.970141116666,0.0,0.0,18.46481478666667,19.408666666666665,71.46666666666667,0,5.1764362714980825,70.66250196097344,20,4,11,-0.8660254037844386,0.5000000000000001,-0.433883739117558,-0.9009688679024191,-0.5000000000000004,0.8660254037844384,0.0,0.0,1.9166666666666667,19.5,30.6,100.0,94.0,16.2,13.75779,0.1,17.2,18.46111108,71.05,71.0,71.0,70.36666666666666,71.2,0.9438518799999968,0.0370370366666676,0.2933333333333294,19.115333333333336,19.556,18.415432074444443,19.148222222222227,11.278296,11.187954,11.131075,11.106642,11.233746,0,4.0,0,0.0,-0.83,19.6,80.4
2022-11-11 20:15:00,56.930500538886,0.0,0.0,18.46111108,19.556,71.2,0,5.1764362714980825,70.66250196097344,20,4,11,-0.8660254037844386,0.5000000000000001,-0.433883739117558,-0.9009688679024191,-0.5000000000000004,0.8660254037844384,0.0,0.0,1.25,20.025,34.1,100.0,93.25,16.325,13.832927,0.075,17.425,18.4444444,71.46666666666667,71.05,71.0,71.0,71.46666666666667,1.0948889199999954,-0.0037037066666663,0.1473333333333322,19.408666666666665,19.586,18.45123453888889,19.360000000000003,11.233746,11.278296,11.187954,11.131075,11.264686,0,4.0,0,0.0,-0.83,19.6,80.4
2022-11-11 20:30:00,49.80217458333,0.0,0.0,18.4444444,19.586,71.46666666666667,0,5.1764362714980825,70.66250196097344,20,4,11,-0.8660254037844386,0.5000000000000001,-0.433883739117558,-0.9009688679024191,-0.5000000000000004,0.8660254037844384,0.0,0.0,0.75,20.55,37.6,100.0,92.5,16.45,13.907239,0.05,17.65,18.4444444,71.2,71.46666666666667,71.05,71.0,71.55,1.1415556000000002,-0.0166666800000037,0.0300000000000011,19.556,19.526666666666664,18.45679008888889,19.51688888888889,11.264686,11.233746,11.278296,11.187954,11.277821,0,4.0,0,0.0,-0.84,19.7,80.3
2022-11-11 20:45:00,52.960937177772,0.0,0.0,18.4444444,19.526666666666664,71.55,0,5.1764362714980825,70.66250196097344,20,4,11,-0.8660254037844386,0.5000000000000001,-0.433883739117558,-0.9009688679024191,-0.5000000000000004,0.8660254037844384,0.0,0.0,0.4166666666666667,21.075000000000003,41.1,100.0,91.75,16.575,13.980701,0.0249999999999999,17.875,18.50555552333333,71.46666666666667,71.2,71.46666666666667,71.05,72.15,1.0822222666666654,0.0,-0.0593333333333347,19.586,19.744,18.44999996,19.55622222222222,11.277821,11.264686,11.233746,11.278296,11.413657,0,4.0,0,0.0,-0.84,19.7,80.3
2022-11-11 21:00:00,56.0160926,0.0,0.0,18.50555552333333,19.744,72.15,0,5.1764362714980825,70.66250196097344,21,4,11,-0.7071067811865477,0.7071067811865474,-0.433883739117558,-0.9009688679024191,-0.5000000000000004,0.8660254037844384,0.0,0.0,0.25,21.6,44.6,100.0,91.0,16.7,14.053274,0.0,18.1,18.77777775,71.55,71.46666666666667,71.2,71.46666666666667,72.45,1.238444476666665,0.0611111233333332,0.2173333333333325,19.526666666666664,19.80333333333333,18.464814774444445,19.61888888888889,11.413657,11.277821,11.264686,11.233746,11.647268,0,4.0,0,0.0,-0.82,19.1,80.9
2022-11-11 21:15:00,53.710073694446,0.0,0.0,18.77777775,19.80333333333333,72.45,0,5.1764362714980825,70.66250196097344,21,4,11,-0.7071067811865477,0.7071067811865474,-0.433883739117558,-0.9009688679024191,-0.5000000000000004,0.8660254037844384,0.0,0.0,0.125,20.6,44.6,100.0,90.75,16.725,14.098186,0.0,18.200000000000003,18.998148116666663,72.15,71.55,71.46666666666667,71.2,72.03333333333333,1.025555583333336,0.2722222266666669,0.0593333333333383,19.744,19.836666666666662,18.575925891111112,19.691333333333333,11.647268,11.413657,11.277821,11.264686,11.732016,0,4.0,0,0.0,-0.75,16.8,83.2
2022-11-11 21:30:00,75.614197611108,0.0,0.0,18.998148116666663,19.836666666666662,72.03333333333333,0,5.1764362714980825,70.66250196097344,21,4,11,-0.7071067811865477,0.7071067811865474,-0.433883739117558,-0.9009688679024191,-0.5000000000000004,0.8660254037844384,0.0,0.0,0.0416666666666666,19.6,44.6,100.0,90.5,16.75,14.143065,0.0,18.3,19.19999998,72.45,72.15,71.55,71.46666666666667,72.0,0.8385185499999999,0.2203703666666676,0.0333333333333314,19.80333333333333,20.171333333333333,18.760493796666665,19.794666666666668,11.732016,11.647268,11.413657,11.277821,11.867011,0,4.0,0,0.0,-0.7,15.3,84.7
2022-11-11 21:45:00,68.335322111108,0.0,0.0,19.19999998,20.171333333333333,72.0,0,5.1764362714980825,70.66250196097344,21,4,11,-0.7071067811865477,0.7071067811865474,-0.433883739117558,-0.9009688679024191,-0.5000000000000004,0.8660254037844384,0.0,0.0,0.0,18.6,44.6,100.0,90.25,16.775,14.187909,0.0,18.4,19.36666663,72.03333333333333,72.45,72.15,71.55,71.63333333333334,0.9713333533333356,0.2018518633333315,0.3346666666666671,19.836666666666662,20.366,18.991975282222224,19.93711111111111,11.867011,11.732016,11.647268,11.413657,11.923026,0,4.0,0,0.0,-0.65,13.9,86.1
2022-11-11 22:00:00,54.68253477778,0.0,0.0,19.36666663,20.366,71.63333333333334,0,5.1764362714980825,70.66250196097344,22,4,11,-0.5000000000000004,0.8660254037844384,-0.433883739117558,-0.9009688679024191,-0.5000000000000004,0.8660254037844384,0.0,0.0,0.0,17.6,44.6,100.0,90.0,16.8,14.232721,0.0,18.5,19.48888888,72.0,72.03333333333333,72.45,72.15,71.0,0.9993333699999988,0.1666666500000033,0.1946666666666665,20.171333333333333,20.436666666666667,19.18827157555556,20.12466666666667,11.923026,11.867011,11.732016,11.647268,11.902877,0,4.0,0,0.0,-0.61,12.8,87.2
2022-11-11 22:15:00,70.909941288888,0.0,0.0,19.48888888,20.436666666666667,71.0,0,5.1764362714980825,70.66250196097344,22,4,11,-0.5000000000000004,0.8660254037844384,-0.433883739117558,-0.9009688679024191,-0.5000000000000004,0.8660254037844384,0.0,0.0,0.0,17.075000000000003,44.15,100.0,92.25,17.0,14.437951,0.375,18.325,19.57222224333333,71.63333333333334,72.0,72.03333333333333,72.45,71.0,0.94777778666667,0.1222222499999965,0.0706666666666677,20.366,20.53933333333333,19.35185183,20.32466666666667,11.902877,11.923026,11.867011,11.732016,11.961317,0,4.0,0,0.0,-0.58,12.2,87.8
2022-11-11 22:30:00,47.113670894446,0.0,0.0,19.57222224333333,20.53933333333333,71.0,0,5.1764362714980825,70.66250196097344,22,4,11,-0.5000000000000004,0.8660254037844384,-0.433883739117558,-0.9009688679024191,-0.5000000000000004,0.8660254037844384,0.0,0.0,0.0,16.55,43.7,100.0,94.5,17.200000000000003,14.637214,0.75,18.15,19.66111113,71.0,71.63333333333334,72.0,72.03333333333333,71.05,0.9671110899999996,0.0833333633333346,0.1026666666666642,20.436666666666667,20.424666666666667,19.475925917777776,20.447333333333336,11.961317,11.902877,11.923026,11.867011,12.032398,0,4.0,0,0.0,-0.56,11.7,88.3
2022-11-11 22:45:00,53.371476238886,0.0,0.0,19.66111113,20.424666666666667,71.05,0,5.1764362714980825,70.66250196097344,22,4,11,-0.5000000000000004,0.8660254037844384,-0.433883739117558,-0.9009688679024191,-0.5000000000000004,0.8660254037844384,0.0,0.0,0.0,16.025,43.25,100.0,96.75,17.400000000000002,14.830603,1.125,17.975,19.794841270714283,71.0,71.0,71.63333333333334,72.0,71.28214285714286,0.7635555366666686,0.0888888866666661,-0.1146666666666647,20.53933333333333,18.93642857142857,19.574074084444444,20.46688888888889,12.032398,11.961317,11.902877,11.923026,12.16682,0,4.0,0,0.0,-0.54,11.1,88.9
2022-11-11 23:00:00,75.879742655548,0.0,0.0,19.794841270714283,18.93642857142857,71.28214285714286,0,5.1764362714980825,70.66250196097344,23,4,11,-0.2588190451025215,0.965925826289068,-0.433883739117558,-0.9009688679024191,-0.5000000000000004,0.8660254037844384,0.0,0.0,0.0,15.5,42.8,100.0,99.0,17.6,15.018207,1.5,17.8,19.839285685714287,71.05,71.0,71.0,71.63333333333334,70.94642857142857,-0.8584126992857115,0.1337301407142845,-1.4882380952380956,20.424666666666667,17.734285714285715,19.676058214682534,19.966809523809527,12.16682,12.032398,11.961317,11.902877,12.141118,0,4.0,0,0.0,-0.51,10.4,89.6
2022-11-11 23:15:00,66.54317158333,0.0,0.0,19.839285685714287,17.734285714285715,70.94642857142857,0,5.1764362714980825,70.66250196097344,23,4,11,-0.2588190451025215,0.965925826289068,-0.433883739117558,-0.9009688679024191,-0.5000000000000004,0.8660254037844384,0.0,0.0,0.0,14.075,41.725,100.0,99.25,17.650000000000002,15.056131,1.375,17.8,19.864285705714284,71.28214285714286,71.05,71.0,71.0,70.32857142857144,-2.1049999714285725,0.0444444150000045,-1.2021428571428563,18.93642857142857,17.260714285714283,19.765079362142856,19.031793650793656,12.141118,12.16682,12.032398,11.961317,12.053038,0,4.0,0,0.0,-0.5,10.2,89.8
2022-11-11 23:30:00,37.857652349998,0.0,0.0,19.864285705714284,17.260714285714283,70.32857142857144,0,5.1764362714980825,70.66250196097344,23,4,11,-0.2588190451025215,0.965925826289068,-0.433883739117558,-0.9009688679024191,-0.5000000000000004,0.8660254037844384,0.0,0.0,0.0,12.65,40.65,100.0,99.5,17.700000000000003,15.094056,1.25,17.8,19.75555553,70.94642857142857,71.28214285714286,71.05,71.0,69.65,-2.603571420000001,0.0250000199999966,-0.4735714285714323,17.734285714285715,17.186666666666667,19.832804220714284,17.97714285714286,12.053038,12.141118,12.16682,12.032398,11.86087,0,4.0,0,0.0,-0.5,10.1,89.9
2022-11-11 23:45:00,45.919829833332,0.0,0.0,19.75555553,17.186666666666667,69.65,0,5.1764362714980825,70.66250196097344,23,4,11,-0.2588190451025215,0.965925826289068,-0.433883739117558,-0.9009688679024191,-0.5000000000000004,0.8660254037844384,0.0,0.0,0.0,11.225,39.575,100.0,99.75,17.75,15.13198,1.125,17.8,19.700925925,70.32857142857144,70.94642857142857,71.28214285714286,71.05,69.5,-2.5688888633333318,-0.1087301757142853,-0.0740476190476151,17.260714285714283,17.113333333333333,19.81970897380952,17.393888888888892,11.86087,12.053038,12.141118,12.16682,11.797443,0,4.0,0,0.0,-0.53,10.8,89.2
2022-11-12 00:00:00,29.232997349998,0.0,0.0,19.700925925,17.113333333333333,69.5,0,5.1764362714980825,70.66250196097344,0,5,11,0.0,1.0,-0.9749279121818236,-0.2225209339563146,-0.5000000000000004,0.8660254037844384,0.0,0.0,0.0,9.8,38.5,100.0,100.0,17.8,15.169905,1.0,17.8,19.58333337,69.65,70.32857142857144,70.94642857142857,71.28214285714286,69.55,-2.5875925916666667,-0.0546296049999988,-0.0733333333333341,17.186666666666667,17.048,19.773589053571428,17.18690476190476,11.797443,11.86087,12.053038,12.141118,11.724689,0,4.0,0,0.0,-0.54,11.1,88.9
2022-11-12 00:15:00,143.32315584444,0.0,0.0,19.58333337,17.048,69.55,0,5.1764362714980825,70.66250196097344,0,5,11,0.0,1.0,-0.9749279121818236,-0.2225209339563146,-0.5000000000000004,0.8660254037844384,0.0,0.0,0.0,9.35,33.825,100.0,100.0,17.8,15.169905,0.9,17.8,19.46296297,69.5,69.65,70.32857142857144,70.94642857142857,69.96666666666667,-2.53533337,-0.1175925550000016,-0.065333333333335,17.113333333333333,17.154666666666667,19.679938275,17.116000000000003,11.724689,11.797443,11.86087,12.053038,11.711777,0,4.0,0,0.0,-0.57,11.8,88.2
2022-11-12 00:30:00,313.569123416666,0.0,0.0,19.46296297,17.154666666666667,69.96666666666667,0,5.1764362714980825,70.66250196097344,0,5,11,0.0,1.0,-0.9749279121818236,-0.2225209339563146,-0.5000000000000004,0.8660254037844384,0.0,0.0,0.0,8.9,29.15,100.0,100.0,17.8,15.169905,0.8,17.8,19.34444443,69.55,69.5,69.65,70.32857142857144,70.35,-2.308296303333332,-0.1203703999999987,0.1066666666666691,17.048,17.12066666666667,19.58240742166667,17.105333333333334,11.711777,11.724689,11.797443,11.86087,11.694117,0,4.0,0,0.0,-0.6,12.5,87.5
2022-11-12 00:45:00,39.993122527774,0.0,0.0,19.34444443,17.12066666666667,70.35,0,5.1764362714980825,70.66250196097344,0,5,11,0.0,1.0,-0.9749279121818236,-0.2225209339563146,-0.5000000000000004,0.8660254037844384,0.0,0.0,0.0,8.45,24.475,100.0,100.0,17.8,15.169905,0.7,17.8,19.255555557692308,69.96666666666667,69.55,69.5,69.65,70.5,-2.223777763333331,-0.1185185400000001,-0.0339999999999989,17.154666666666667,16.96,19.463580256666663,17.10777777777778,11.694117,11.711777,11.724689,11.797443,11.657877,0,4.0,0,0.0,-0.62,13.1,86.9
2022-11-12 01:00:00,27.133914733328,0.0,0.0,19.255555557692308,16.96,70.5,0,5.1764362714980825,70.66250196097344,1,5,11,0.2588190451025207,0.9659258262890684,-0.9749279121818236,-0.2225209339563146,-0.5000000000000004,0.8660254037844384,0.0,0.0,0.0,8.0,19.8,100.0,100.0,17.8,15.169905,0.6,17.8,19.21666665,70.35,69.96666666666667,69.55,69.5,70.85,-2.295555557692307,-0.0888888723076917,-0.1606666666666676,17.12066666666667,16.838,19.354320985897434,17.078444444444447,11.657877,11.694117,11.711777,11.724689,11.688942,0,4.0,0,0.0,-0.64,13.7,86.3
2022-11-12 01:15:00,40.002288794442,0.0,0.0,19.21666665,16.838,70.85,0,5.1764362714980825,70.66250196097344,1,5,11,0.2588190451025207,0.9659258262890684,-0.9749279121818236,-0.2225209339563146,-0.5000000000000004,0.8660254037844384,0.0,0.0,0.0,8.3,21.7,100.0,100.0,17.65,15.034854,1.2,17.65,19.150000013333333,70.5,70.35,69.96666666666667,69.55,71.0,-2.3786666499999995,-0.0388889076923071,-0.1219999999999998,16.96,16.776,19.272222212564103,16.972888888888892,11.688942,11.657877,11.694117,11.711777,11.667758,0,4.0,0,0.0,-0.65,13.9,86.1
2022-11-12 01:30:00,33.796425938886,0.0,0.0,19.150000013333333,16.776,71.0,0,5.1764362714980825,70.66250196097344,1,5,11,0.2588190451025207,0.9659258262890684,-0.9749279121818236,-0.2225209339563146,-0.5000000000000004,0.8660254037844384,0.0,0.0,0.0,8.6,23.6,100.0,100.0,17.5,14.900849,1.7999999999999998,17.5,19.07222225,70.85,70.5,70.35,69.96666666666667,70.95,-2.374000013333333,-0.0666666366666675,-0.0620000000000011,16.838,16.62066666666667,19.207407407008542,16.858000000000004,11.667758,11.688942,11.657877,11.694117,11.606188,0,4.0,0,0.0,-0.67,14.3,85.7
2022-11-12 01:45:00,44.76043176111,0.0,0.0,19.07222225,16.62066666666667,70.95,0,5.1764362714980825,70.66250196097344,1,5,11,0.2588190451025207,0.9659258262890684,-0.9749279121818236,-0.2225209339563146,-0.5000000000000004,0.8660254037844384,0.0,0.0,0.0,8.899999999999999,25.5,100.0,100.0,17.35,14.767882,2.4,17.35,19.033730185714287,71.0,70.85,70.5,70.35,70.53214285714286,-2.451555583333331,-0.0777777633333336,-0.1553333333333313,16.776,16.39642857142857,19.146296304444444,16.74488888888889,11.606188,11.667758,11.688942,11.657877,11.511664,0,4.0,0,0.0,-0.69,14.9,85.1
2022-11-12 02:00:00,51.092956266664,0.0,0.0,19.033730185714287,16.39642857142857,70.53214285714286,0,5.1764362714980825,70.66250196097344,2,5,11,0.4999999999999999,0.8660254037844387,-0.9749279121818236,-0.2225209339563146,-0.5000000000000004,0.8660254037844384,0.0,0.0,0.0,9.2,27.4,100.0,100.0,17.2,14.635945,3.0,17.2,19.0,70.95,71.0,70.85,70.5,70.5,-2.637301614285718,-0.0384920642857125,-0.2242380952380998,16.62066666666667,16.272666666666666,19.085317483015874,16.597698412698417,11.511664,11.606188,11.667758,11.688942,11.483539,0,4.0,0,0.0,-0.7,15.2,84.8
2022-11-12 02:15:00,36.327158038886,0.0,0.0,19.0,16.272666666666666,70.5,0,5.1764362714980825,70.66250196097344,2,5,11,0.4999999999999999,0.8660254037844387,-0.9749279121818236,-0.2225209339563146,-0.5000000000000004,0.8660254037844384,0.0,0.0,0.0,9.575,28.475,100.0,100.0,16.725,14.2248745,6.699999999999999,16.725,18.979629613333334,70.53214285714286,70.95,71.0,70.85,70.5,-2.727333333333334,-0.0337301857142868,-0.1237619047619027,16.39642857142857,16.192666666666664,19.03531747857143,16.429920634920638,11.483539,11.511664,11.606188,11.667758,11.46974,0,4.0,0,0.0,-0.71,15.5,84.5
2022-11-12 02:30:00,31.276526705554,0.0,0.0,18.979629613333334,16.192666666666664,70.5,0,5.1764362714980825,70.66250196097344,2,5,11,0.4999999999999999,0.8660254037844387,-0.9749279121818236,-0.2225209339563146,-0.5000000000000004,0.8660254037844384,0.0,0.0,0.0,9.95,29.55,100.0,100.0,16.25,13.823861,10.4,16.25,18.93888885,70.5,70.53214285714286,70.95,71.0,70.5,-2.786962946666669,-0.0203703866666664,-0.0800000000000018,16.272666666666666,15.966666666666669,19.00445326634921,16.287253968253967,11.46974,11.483539,11.511664,11.606188,11.4421835,0,4.0,0,0.0,-0.71,15.6,84.4
2022-11-12 02:45:00,38.11597538333,0.0,0.0,18.93888885,15.966666666666669,70.5,0,5.1764362714980825,70.66250196097344,2,5,11,0.4999999999999999,0.8660254037844387,-0.9749279121818236,-0.2225209339563146,-0.5000000000000004,0.8660254037844384,0.0,0.0,0.0,10.325,30.625,100.0,100.0,15.775,13.432698,14.1,15.775,18.89285715,70.5,70.5,70.53214285714286,70.95,70.33928571428571,-2.9722221833333347,-0.0407407633333321,-0.2259999999999973,16.192666666666664,15.677142857142856,18.972839487777776,16.144000000000002,11.4421835,11.46974,11.483539,11.511664,11.385108,0,4.0,0,0.0,-0.72,15.9,84.1
2022-11-12 03:00:00,37.736823816666,0.0,0.0,18.89285715,15.677142857142856,70.33928571428571,0,5.1764362714980825,70.66250196097344,3,5,11,0.7071067811865476,0.7071067811865476,-0.9749279121818236,-0.2225209339563146,-0.5000000000000004,0.8660254037844384,0.0,0.0,0.0,10.7,31.7,100.0,100.0,15.3,13.051189,17.8,15.3,18.8888889,70.5,70.5,70.5,70.53214285714286,69.95,-3.215714292857145,-0.0460317000000003,-0.2895238095238106,15.966666666666669,15.354,18.937125204444445,15.945492063492065,11.385108,11.4421835,11.46974,11.483539,11.319444,0,4.0,0,0.0,-0.73,16.3,83.7
2022-11-12 03:15:00,46.730353077772,0.0,0.0,18.8888889,15.354,69.95,0,5.1764362714980825,70.66250196097344,3,5,11,0.7071067811865476,0.7071067811865476,-0.9749279121818236,-0.2225209339563146,-0.5000000000000004,0.8660254037844384,0.0,0.0,0.0,12.55,33.85,100.0,100.0,15.05,12.873781,15.875,15.075,18.86851851333333,70.33928571428571,70.5,70.5,70.5,69.53333333333333,-3.5348889000000003,-0.0039682499999997,-0.3231428571428552,15.677142857142856,15.160666666666666,18.9068783,15.66593650793651,11.319444,11.385108,11.4421835,11.46974,11.238484,0,4.0,0,0.0,-0.74,16.4,83.6
2022-11-12 03:30:00,45.30929880555,0.0,0.0,18.86851851333333,15.160666666666666,69.53333333333333,0,5.1764362714980825,70.66250196097344,3,5,11,0.7071067811865476,0.7071067811865476,-0.9749279121818236,-0.2225209339563146,-0.5000000000000004,0.8660254037844384,0.0,0.0,0.0,14.4,36.0,100.0,100.0,14.8,12.698475,13.95,14.85,18.8333333,69.95,70.33928571428571,70.5,70.5,69.15,-3.707851846666669,-0.0203703866666664,-0.1933333333333351,15.354,14.939333333333334,18.883421521111117,15.39726984126984,11.238484,11.319444,11.385108,11.4421835,11.1533165,0,4.0,0,0.0,-0.74,16.6,83.4
2022-11-12 03:45:00,36.999631155552,0.0,0.0,18.8333333,14.939333333333334,69.15,0,5.1764362714980825,70.66250196097344,3,5,11,0.7071067811865476,0.7071067811865476,-0.9749279121818236,-0.2225209339563146,-0.5000000000000004,0.8660254037844384,0.0,0.0,0.0,16.25,38.15,100.0,100.0,14.55,12.525247,12.025,14.625,18.8333333,69.53333333333333,69.95,70.33928571428571,70.5,69.0,-3.893999966666666,-0.0351852133333352,-0.221333333333332,15.160666666666666,14.734615384615385,18.86358023777778,15.151333333333335,11.1533165,11.238484,11.319444,11.385108,11.129123,0,4.0,0,0.0,-0.75,17.0,83.0
2022-11-12 04:00:00,26.39449976111,0.0,0.0,18.8333333,14.734615384615385,69.0,0,5.1764362714980825,70.66250196097344,4,5,11,0.8660254037844386,0.5000000000000001,-0.9749279121818236,-0.2225209339563146,-0.5000000000000004,0.8660254037844384,0.0,0.0,0.0,18.1,40.3,100.0,100.0,14.3,12.354078,10.1,14.4,18.79444445,69.15,69.53333333333333,69.95,70.33928571428571,68.65,-4.098717915384615,0.0,-0.2047179487179491,14.939333333333334,14.486,18.845061704444447,14.944871794871796,11.129123,11.1533165,11.238484,11.319444,11.047252,0,4.0,0,0.0,-0.75,17.0,83.0
2022-11-12 04:15:00,35.588298711108,0.0,0.0,18.79444445,14.486,68.65,0,5.1764362714980825,70.66250196097344,4,5,11,0.8660254037844386,0.5000000000000001,-0.9749279121818236,-0.2225209339563146,-0.5000000000000004,0.8660254037844384,0.0,0.0,0.0,18.35,40.4,100.0,100.0,14.1,12.203637,8.5,14.2,18.7777778,69.0,69.15,69.53333333333333,69.95,68.31666666666666,-4.308444450000001,-0.0388888499999993,-0.2486153846153858,14.734615384615385,14.171333333333331,18.82037035,14.719982905982908,11.047252,11.129123,11.1533165,11.238484,10.982783,0,4.0,0,0.0,-0.77,17.3,82.7
2022-11-12 04:30:00,49.667180016662,0.0,0.0,18.7777778,14.171333333333331,68.31666666666666,0,5.1764362714980825,70.66250196097344,4,5,11,0.8660254037844386,0.5000000000000001,-0.9749279121818236,-0.2225209339563146,-0.5000000000000004,0.8660254037844384,0.0,0.0,0.0,18.6,40.5,100.0,100.0,13.9,12.054792,6.9,14.0,18.7777778,68.65,69.0,69.15,69.53333333333333,67.95,-4.606444466666666,-0.0166666500000012,-0.3146666666666657,14.486,13.856666666666666,18.80185185,14.463982905982908,10.982783,11.047252,11.129123,11.1533165,10.923837,0,4.0,0,0.0,-0.77,17.5,82.5
2022-11-12 04:45:00,46.208151816658,0.0,0.0,18.7777778,13.856666666666666,67.95,0,5.1764362714980825,70.66250196097344,4,5,11,0.8660254037844386,0.5000000000000001,-0.9749279121818236,-0.2225209339563146,-0.5000000000000004,0.8660254037844384,0.0,0.0,0.0,18.85,40.6,100.0,100.0,13.7,11.907531,5.3,13.8,18.7777778,68.31666666666666,68.65,69.0,69.15,67.53333333333333,-4.9211111333333335,0.0,-0.3146666666666675,14.171333333333331,13.594,18.78333335,14.171333333333337,10.923837,10.982783,11.047252,11.129123,10.856852,0,4.0,0,0.0,-0.77,17.6,82.4
2022-11-12 05:00:00,35.74245916111,0.0,0.0,18.7777778,13.594,67.53333333333333,0,5.1764362714980825,70.66250196097344,5,5,11,0.9659258262890684,0.2588190451025207,-0.9749279121818236,-0.2225209339563146,-0.5000000000000004,0.8660254037844384,0.0,0.0,0.0,19.1,40.7,100.0,100.0,13.5,11.761831,3.7,13.6,18.74444444,67.95,68.31666666666666,68.65,69.0,67.1,-5.1837778,0.0,-0.2626666666666661,13.856666666666666,13.310666666666666,18.7777778,13.874000000000002,10.856852,10.923837,10.982783,11.047252,10.765946,0,4.0,0,0.0,-0.78,17.7,82.3
2022-11-12 05:15:00,39.55480674444,0.0,0.0,18.74444444,13.310666666666666,67.1,0,5.1764362714980825,70.66250196097344,5,5,11,0.9659258262890684,0.2588190451025207,-0.9749279121818236,-0.2225209339563146,-0.5000000000000004,0.8660254037844384,0.0,0.0,0.0,19.05,40.6,100.0,99.5,13.35,11.649059,3.0250000000000004,13.525,18.753703706666663,67.53333333333333,67.95,68.31666666666666,68.65,66.53333333333333,-5.433777773333333,-0.0333333600000003,-0.2833333333333332,13.594,13.003333333333334,18.76666668,13.587111111111112,10.765946,10.856852,10.923837,10.982783,10.680875,0,4.0,0,0.0,-0.79,18.0,82.0
2022-11-12 05:30:00,30.314065188888,0.0,0.0,18.753703706666663,13.003333333333334,66.53333333333333,0,5.1764362714980825,70.66250196097344,5,5,11,0.9659258262890684,0.2588190451025207,-0.9749279121818236,-0.2225209339563146,-0.5000000000000004,0.8660254037844384,0.0,0.0,0.0,19.0,40.5,100.0,99.0,13.2,11.537042,2.35,13.45,18.7222222,67.1,67.53333333333333,67.95,68.31666666666666,66.15,-5.7503703733333325,0.0092592666666675,-0.3073333333333323,13.310666666666666,12.827333333333334,18.758641982222223,13.302666666666669,10.680875,10.765946,10.856852,10.923837,10.599583,0,4.0,0,0.0,-0.79,18.0,82.0
2022-11-12 05:45:00,34.765553872218,0.0,0.0,18.7222222,12.827333333333334,66.15,0,5.1764362714980825,70.66250196097344,5,5,11,0.9659258262890684,0.2588190451025207,-0.9749279121818236,-0.2225209339563146,-0.5000000000000004,0.8660254037844384,0.0,0.0,0.0,18.95,40.4,100.0,98.5,13.05,11.425781,1.6750000000000005,13.375,18.70185185,66.53333333333333,67.1,67.53333333333333,67.95,65.81666666666666,-5.894888866666667,-0.0314815066666653,-0.1760000000000001,13.003333333333334,12.706666666666669,18.74012344888889,13.047111111111114,10.599583,10.680875,10.765946,10.856852,10.53347,0,4.0,0,0.0,-0.8,18.4,81.6
2022-11-12 06:00:00,56.878835855556,0.0,0.0,18.70185185,12.706666666666669,65.81666666666666,0,5.1764362714980825,70.66250196097344,6,5,11,1.0,6.123233995736766e-17,-0.9749279121818236,-0.2225209339563146,-0.5000000000000004,0.8660254037844384,0.0,0.0,0.0,18.9,40.3,100.0,98.0,12.9,11.315269,1.0,13.3,18.6666667,66.15,66.53333333333333,67.1,67.53333333333333,65.45,-5.995185183333334,-0.0203703500000003,-0.1206666666666667,12.827333333333334,12.43,18.72592591888889,12.845777777777782,10.53347,10.599583,10.680875,10.765946,10.453005,0,4.0,0,0.0,-0.8,18.6,81.4
2022-11-12 06:15:00,40.566988355556,0.0,0.0,18.6666667,12.43,65.45,0,5.1764362714980825,70.66250196097344,6,5,11,1.0,6.123233995736766e-17,-0.9749279121818236,-0.2225209339563146,-0.5000000000000004,0.8660254037844384,0.0,0.0,0.0,19.5,41.3,100.0,97.75,12.75,11.182278,0.775,13.15,18.6666667,65.81666666666666,66.15,66.53333333333333,67.1,65.03333333333333,-6.236666700000001,-0.0351851500000002,-0.2766666666666673,12.706666666666669,11.914666666666667,18.69691358333333,12.65466666666667,10.453005,10.53347,10.599583,10.680875,10.38646,0,4.0,0,0.0,-0.81,18.9,81.1
2022-11-12 06:30:00,30.38072905556,0.0,0.0,18.6666667,11.914666666666667,65.03333333333333,0,5.1764362714980825,70.66250196097344,6,5,11,1.0,6.123233995736766e-17,-0.9749279121818236,-0.2225209339563146,-0.5000000000000004,0.8660254037844384,0.0,0.0,0.0,20.1,42.3,100.0,97.5,12.6,11.050653,0.55,13.0,18.66111114,65.45,65.81666666666666,66.15,66.53333333333333,64.65,-6.752000033333333,0.0,-0.5153333333333325,12.43,11.635333333333334,18.67839508333333,12.350444444444449,10.38646,10.453005,10.53347,10.599583,10.321845,0,4.0,0,0.0,-0.82,19.0,81.0
2022-11-12 06:45:00,42.61607320555,0.0,0.0,18.66111114,11.635333333333334,64.65,0,5.1764362714980825,70.66250196097344,6,5,11,1.0,6.123233995736766e-17,-0.9749279121818236,-0.2225209339563146,-0.5000000000000004,0.8660254037844384,0.0,0.0,0.0,20.7,43.3,100.0,97.25,12.45,10.920385,0.325,12.85,18.61481480666667,65.03333333333333,65.45,65.81666666666666,66.15,64.31666666666666,-7.025777806666666,-0.0055555600000012,-0.2793333333333336,11.914666666666667,11.448,18.66481484666667,11.993333333333338,10.321845,10.38646,10.453005,10.53347,10.240526,0,4.0,0,0.0,-0.82,19.1,80.9
2022-11-12 07:00:00,30.238790283338,0.0,0.0,18.61481480666667,11.448,64.31666666666666,0,5.1764362714980825,70.66250196097344,7,5,11,0.9659258262890684,-0.2588190451025206,-0.9749279121818236,-0.2225209339563146,-0.5000000000000004,0.8660254037844384,0.0,0.0,0.0,21.3,44.3,100.0,97.0,12.3,10.791459,0.1,12.7,18.60555555,64.65,65.03333333333333,65.45,65.81666666666666,63.95,-7.166814806666668,-0.0462963333333306,-0.1873333333333331,11.635333333333334,11.337333333333332,18.647530882222224,11.666000000000004,10.240526,10.321845,10.38646,10.453005,10.176566,0,4.0,0,0.0,-0.83,19.6,80.4
2022-11-12 07:15:00,40.786979638886,0.0,0.0,18.60555555,11.337333333333332,63.95,0,5.1764362714980825,70.66250196097344,7,5,11,0.9659258262890684,-0.2588190451025206,-0.9749279121818236,-0.2225209339563146,-0.5000000000000004,0.8660254037844384,0.0,0.0,0.0,21.125,45.1,100.0,96.25,11.7,10.396421,0.075,12.225,18.5592593,64.31666666666666,64.65,65.03333333333333,65.45,63.53333333333333,-7.268222216666668,-0.0092592566666667,-0.1106666666666669,11.448,11.316666666666666,18.627160498888887,11.473555555555558,10.176566,10.240526,10.321845,10.38646,10.08258,0,4.0,0,0.0,-0.84,19.7,80.3
2022-11-12 07:30:00,56.726897533332,0.0,0.0,18.5592593,11.316666666666666,63.53333333333333,0,5.1764362714980825,70.66250196097344,7,5,11,0.9659258262890684,-0.2588190451025206,-0.9749279121818236,-0.2225209339563146,-0.5000000000000004,0.8660254037844384,0.0,0.0,0.0,20.950000000000003,45.9,100.0,95.5,11.1,10.014102,0.05,11.75,18.5555556,63.95,64.31666666666666,64.65,65.03333333333333,63.15,-7.242592633333334,-0.046296250000001,-0.020666666666667,11.337333333333332,11.189333333333334,18.59320988555556,11.367333333333336,10.08258,10.176566,10.240526,10.321845,10.01955,0,4.0,0,0.0,-0.85,20.2,79.8
2022-11-12 07:45:00,42.39469306111,0.0,0.0,18.5555556,11.189333333333334,63.15,0,5.1764362714980825,70.66250196097344,7,5,11,0.9659258262890684,-0.2588190451025206,-0.9749279121818236,-0.2225209339563146,-0.5000000000000004,0.8660254037844384,0.0,0.0,0.0,20.775,46.7,100.0,94.75,10.5,9.644148,0.0249999999999999,11.275,18.5555556,63.53333333333333,63.95,64.31666666666666,64.65,63.0,-7.366222266666668,-0.003703699999999,-0.1273333333333326,11.316666666666666,10.981333333333334,18.573456816666667,11.281111111111114,10.01955,10.08258,10.176566,10.240526,9.99575,0,4.0,0,0.0,-0.85,20.3,79.7
2022-11-12 08:00:00,576.138620299996,0.0,0.0,18.5555556,10.981333333333334,63.0,0,5.1764362714980825,70.66250196097344,8,5,11,0.8660254037844387,-0.4999999999999998,-0.9749279121818236,-0.2225209339563146,-0.5000000000000004,0.8660254037844384,0.0,0.0,0.0,20.6,47.5,100.0,94.0,9.9,9.286215,0.0,10.8,18.59444445,63.15,63.53333333333333,63.95,64.31666666666666,63.6,-7.574222266666668,0.0,-0.2080000000000001,11.189333333333334,10.84,18.55679016666667,11.162444444444446,9.99575,10.01955,10.08258,10.176566,10.114212,0,4.0,0,0.0,-0.85,20.3,79.7
2022-11-12 08:15:00,63.123864011104,0.0,0.0,18.59444445,10.84,63.6,0,5.1764362714980825,70.66250196097344,8,5,11,0.8660254037844387,-0.4999999999999998,-0.9749279121818236,-0.2225209339563146,-0.5000000000000004,0.8660254037844384,2.0,0.5,0.1666666666666666,20.075000000000003,46.6,100.0,93.0,9.65,9.12969,0.0,10.7,18.6111111,63.0,63.15,63.53333333333333,63.95,62.86785714285714,-7.754444450000001,0.0388888499999993,-0.1413333333333337,10.981333333333334,10.537142857142856,18.568518550000004,11.00355555555556,10.114212,9.99575,10.01955,10.08258,10.007651,0,4.0,0,0.0,-0.84,19.9,80.1
2022-11-12 08:30:00,51.887924383334,0.0,0.0,18.6111111,10.537142857142856,62.86785714285714,0,5.1764362714980825,70.66250196097344,8,5,11,0.8660254037844387,-0.4999999999999998,-0.9749279121818236,-0.2225209339563146,-0.5000000000000004,0.8660254037844384,4.0,1.5,0.5,19.55,45.7,100.0,92.0,9.4,8.974723,0.0,10.6,18.60555555,63.6,63.0,63.15,63.53333333333333,62.1,-8.073968242857141,0.0166666499999976,-0.3028571428571425,10.84,10.379333333333332,18.587037050000003,10.786158730158732,10.007651,10.114212,9.99575,10.01955,9.882169,0,4.0,0,0.0,-0.84,19.9,80.1
2022-11-12 08:45:00,38.32402256111,0.0,0.0,18.60555555,10.379333333333332,62.1,0,5.1764362714980825,70.66250196097344,8,5,11,0.8660254037844387,-0.4999999999999998,-0.9749279121818236,-0.2225209339563146,-0.5000000000000004,0.8660254037844384,6.0,3.0,1.0,19.025,44.8,100.0,91.0,9.15,8.821298,0.0,10.5,18.5592593,62.86785714285714,63.6,63.0,63.15,61.35,-8.226222216666669,-0.0055555499999968,-0.157809523809524,10.537142857142856,10.303333333333333,18.6037037,10.585492063492069,9.882169,10.007651,10.114212,9.99575,9.736091,0,4.0,0,0.0,-0.85,20.1,79.9
2022-11-12 09:00:00,45.87010962222,0.0,0.0,18.5592593,10.303333333333333,61.35,0,5.1764362714980825,70.66250196097344,9,5,11,0.7071067811865476,-0.7071067811865475,-0.9749279121818236,-0.2225209339563146,-0.5000000000000004,0.8660254037844384,8.0,5.0,1.6666666666666667,18.5,43.9,100.0,90.0,8.9,8.669402,0.0,10.4,18.55000004,62.1,62.86785714285714,63.6,63.0,60.95,-8.255925966666668,-0.046296250000001,-0.0760000000000005,10.379333333333332,10.303333333333333,18.591975316666662,10.406603174603177,9.736091,9.882169,10.007651,10.114212,9.667309,0,4.0,0,0.0,-0.86,20.6,79.4
2022-11-12 09:15:00,42.117759738886,0.0,0.0,18.55000004,10.303333333333333,60.95,0,5.1764362714980825,70.66250196097344,9,5,11,0.7071067811865476,-0.7071067811865475,-0.9749279121818236,-0.2225209339563146,-0.5000000000000004,0.8660254037844384,26.5,11.125,3.875,19.225,44.525,100.0,88.25,8.6,8.5142765,0.025,10.425,18.503703706666663,61.35,62.1,62.86785714285714,63.6,60.53333333333333,-8.246666706666668,-0.0092592600000003,0.0,10.303333333333333,10.334,18.57160496333333,10.328666666666669,9.667309,9.736091,9.882169,10.007651,9.574926,0,4.0,0,0.0,-0.86,20.8,79.2
2022-11-12 09:30:00,52.973436611108,0.0,0.0,18.503703706666663,10.334,60.53333333333333,0,5.1764362714980825,70.66250196097344,9,5,11,0.7071067811865476,-0.7071067811865475,-0.9749279121818236,-0.2225209339563146,-0.5000000000000004,0.8660254037844384,45.0,21.375,7.625,19.95,45.15,100.0,86.5,8.3,8.358634,0.05,10.45,18.5,60.95,61.35,62.1,62.86785714285714,60.15,-8.169703706666667,-0.0462963333333341,0.0306666666666668,10.303333333333333,10.389333333333331,18.53765434888889,10.313555555555558,9.574926,9.667309,9.736091,9.882169,9.512203,0,4.0,0,0.0,-0.88,21.3,78.7
2022-11-12 09:45:00,57.12493716111,0.0,0.0,18.5,10.389333333333331,60.15,0,5.1764362714980825,70.66250196097344,9,5,11,0.7071067811865476,-0.7071067811865475,-0.9749279121818236,-0.2225209339563146,-0.5000000000000004,0.8660254037844384,63.5,35.75,12.916666666666666,20.675,45.775,100.0,84.75,8.0,8.202476,0.075,10.475,18.5,60.53333333333333,60.95,61.35,62.1,60.0,-8.110666666666667,-0.0037037066666663,0.0553333333333334,10.334,10.497333333333334,18.51790124888889,10.342222222222224,9.512203,9.574926,9.667309,9.736091,9.488482,0,4.0,0,0.0,-0.88,21.4,78.6
2022-11-12 10:00:00,41.481951838886005,0.0,0.0,18.5,10.497333333333334,60.0,0,5.1764362714980825,70.66250196097344,10,5,11,0.4999999999999999,-0.8660254037844387,-0.9749279121818236,-0.2225209339563146,-0.5000000000000004,0.8660254037844384,82.0,54.25,19.75,21.4,46.4,100.0,83.0,7.7,8.045798,0.1,10.5,18.46111108,60.15,60.53333333333333,60.95,61.35,59.65,-8.002666666666666,0.0,0.1080000000000005,10.389333333333331,10.639333333333331,18.50123456888889,10.406888888888892,9.488482,9.512203,9.574926,9.667309,9.411419,0,4.0,0,0.0,-0.88,21.4,78.6
2022-11-12 10:15:00,35.80912332777,0.0,0.0,18.46111108,10.639333333333331,59.65,0,5.1764362714980825,70.66250196097344,10,5,11,0.4999999999999999,-0.8660254037844387,-0.9749279121818236,-0.2225209339563146,-0.5000000000000004,0.8660254037844384,83.5,68.5,26.70833333333333,20.9,46.5,100.0,81.25,7.375,7.876158,0.075,10.5,18.4444444,60.0,60.15,60.53333333333333,60.95,59.31666666666667,-7.821777746666669,-0.0388889199999979,0.1419999999999994,10.497333333333334,10.593333333333334,18.487037026666663,10.50866666666667,9.411419,9.488482,9.512203,9.574926,9.349584,0,4.0,0,0.0,-0.89,21.8,78.2
2022-11-12 10:30:00,40.104506888888,0.0,0.0,18.4444444,10.593333333333334,59.31666666666667,0,5.1764362714980825,70.66250196097344,10,5,11,0.4999999999999999,-0.8660254037844387,-0.9749279121818236,-0.2225209339563146,-0.5000000000000004,0.8660254037844384,85.0,78.5,33.791666666666664,20.4,46.6,100.0,79.5,7.050000000000001,7.706517,0.05,10.5,18.40555555,59.65,60.0,60.15,60.53333333333333,59.0,-7.851111066666665,-0.0166666800000037,-0.0459999999999993,10.639333333333331,10.373333333333331,18.46851849333333,10.57666666666667,9.349584,9.411419,9.488482,9.512203,9.2782545,0,4.0,0,0.0,-0.9,22.0,78.0
2022-11-12 10:45:00,49.307472072222,0.0,0.0,18.40555555,10.373333333333331,59.0,0,5.1764362714980825,70.66250196097344,10,5,11,0.4999999999999999,-0.8660254037844387,-0.9749279121818236,-0.2225209339563146,-0.5000000000000004,0.8660254037844384,86.5,84.25,41.0,19.9,46.7,100.0,77.75,6.7250000000000005,7.536877,0.0249999999999999,10.5,18.3888889,59.31666666666667,59.65,60.0,60.15,59.0,-8.032222216666666,-0.0388888499999993,-0.2200000000000006,10.593333333333334,10.32,18.43703701,10.535333333333336,9.2782545,9.349584,9.411419,9.488482,9.269089,0,4.0,0,0.0,-0.91,22.4,77.6
2022-11-12 11:00:00,51.328780116666,0.0,0.0,18.3888889,10.32,59.0,0,5.1764362714980825,70.66250196097344,11,5,11,0.258819045102521,-0.9659258262890682,-0.9749279121818236,-0.2225209339563146,-0.5000000000000004,0.8660254037844384,88.0,85.75,48.333333333333336,19.4,46.8,100.0,76.0,6.4,7.367237,0.0,10.5,18.3888889,59.0,59.31666666666667,59.65,60.0,58.65,-8.068888900000001,-0.0166666499999976,-0.0533333333333327,10.373333333333331,9.998666666666669,18.41296295,10.428888888888892,9.269089,9.2782545,9.349584,9.411419,9.214103,0,4.0,0,0.0,-0.91,22.6,77.4
2022-11-12 11:15:00,45.066530716662,0.0,0.0,18.3888889,9.998666666666669,58.65,0,5.1764362714980825,70.66250196097344,11,5,11,0.258819045102521,-0.9659258262890682,-0.9749279121818236,-0.2225209339563146,-0.5000000000000004,0.8660254037844384,120.5,95.0,58.208333333333336,19.1,46.175,100.0,74.5,6.2250000000000005,7.279049,0.0,10.625,18.429629636666668,59.0,59.0,59.31666666666667,59.65,58.5,-8.390222233333335,0.0,-0.3213333333333334,10.32,10.492666666666668,18.39444445,10.23066666666667,9.214103,9.269089,9.2782545,9.349584,9.212768,0,4.0,0,0.0,-0.91,22.7,77.3
2022-11-12 11:30:00,45.275688883334,0.0,0.0,18.429629636666668,10.492666666666668,58.5,0,5.1764362714980825,70.66250196097344,11,5,11,0.258819045102521,-0.9659258262890682,-0.9749279121818236,-0.2225209339563146,-0.5000000000000004,0.8660254037844384,153.0,112.0,70.625,18.8,45.55,100.0,73.0,6.050000000000001,7.188945,0.0,10.75,18.60555555,58.65,59.0,59.0,59.31666666666667,58.1,-7.9369629700000015,0.0407407366666667,0.4939999999999998,9.998666666666669,10.85,18.40246914555556,10.270444444444449,9.212768,9.214103,9.269089,9.2782545,9.245636,0,4.0,0,0.0,-0.91,22.3,77.7
2022-11-12 11:45:00,35.94800652222,0.0,0.0,18.60555555,10.85,58.1,0,5.1764362714980825,70.66250196097344,11,5,11,0.258819045102521,-0.9659258262890682,-0.9749279121818236,-0.2225209339563146,-0.5000000000000004,0.8660254037844384,185.5,136.75,85.58333333333333,18.5,44.925,100.0,71.5,5.875,7.0968995,0.0,10.875,19.012962976666664,58.5,58.65,59.0,59.0,57.16666666666666,-7.755555550000002,0.1759259133333337,0.357333333333333,10.492666666666668,10.988,18.474691362222224,10.447111111111113,9.245636,9.212768,9.214103,9.269089,9.318836,0,4.0,0,0.0,-0.87,20.8,79.2
2022-11-12 12:00:00,35.837733133332,0.0,0.0,19.012962976666664,10.988,57.16666666666666,0,5.1764362714980825,70.66250196097344,12,5,11,1.2246467991473532e-16,-1.0,-0.9749279121818236,-0.2225209339563146,-0.5000000000000004,0.8660254037844384,218.0,169.25,103.08333333333331,18.2,44.3,100.0,70.0,5.7,7.0028944,0.0,11.0,19.36666668,58.1,58.5,58.65,59.0,56.05,-8.024962976666664,0.4074074266666621,0.1379999999999999,10.85,11.118,18.682716054444445,10.776888888888893,9.318836,9.245636,9.212768,9.214103,9.329254,0,4.0,0,0.0,-0.77,17.6,82.4
2022-11-12 12:15:00,60.069263916662,0.0,0.0,19.36666668,11.118,56.05,0,5.1764362714980825,70.66250196097344,12,5,11,1.2246467991473532e-16,-1.0,-0.9749279121818236,-0.2225209339563146,-0.5000000000000004,0.8660254037844384,222.25,194.6875,119.39583333333331,17.35,43.475,100.0,69.25,5.6,6.960618,0.0,11.075,19.451851856666668,57.16666666666666,58.1,58.5,58.65,54.88333333333333,-8.24866668,0.3537037033333341,0.129999999999999,10.988,11.145333333333332,18.995061735555552,10.985333333333337,9.329254,9.318836,9.245636,9.212768,9.180965,0,4.0,0,0.0,-0.7,15.2,84.8
2022-11-12 12:30:00,52.074305927774,0.0,0.0,19.451851856666668,11.145333333333332,54.88333333333333,0,5.1764362714980825,70.66250196097344,12,5,11,1.2246467991473532e-16,-1.0,-0.9749279121818236,-0.2225209339563146,-0.5000000000000004,0.8660254037844384,226.5,213.0625,134.52083333333334,16.5,42.65,100.0,68.5,5.5,6.917766,0.0,11.15,19.34444443,56.05,57.16666666666666,58.1,58.5,54.45,-8.306518523333335,0.0851851766666698,0.0273333333333347,11.118,11.13,19.27716050444444,11.083777777777778,9.180965,9.329254,9.318836,9.245636,9.051097,0,4.0,0,0.0,-0.68,14.8,85.2
2022-11-12 12:45:00,68.212549205554,0.0,0.0,19.34444443,11.13,54.45,0,5.1764362714980825,70.66250196097344,12,5,11,1.2246467991473532e-16,-1.0,-0.9749279121818236,-0.2225209339563146,-0.5000000000000004,0.8660254037844384,230.75,224.375,148.45833333333334,15.65,41.825,100.0,67.75,5.4,6.874334,0.0,11.225,19.220370376666665,54.88333333333333,56.05,57.16666666666666,58.1,53.85,-8.21444443,-0.1074074266666684,-0.0153333333333343,11.145333333333332,11.250666666666666,19.38765432222222,11.131111111111112,9.051097,9.180965,9.329254,9.318836,8.886197,0,4.0,0,0.0,-0.71,15.6,84.4
2022-11-12 13:00:00,97.248332261106,0.0,0.0,19.220370376666665,11.250666666666666,53.85,0,5.1764362714980825,70.66250196097344,13,5,11,-0.2588190451025208,-0.9659258262890684,-0.9749279121818236,-0.2225209339563146,-0.5000000000000004,0.8660254037844384,235.0,228.625,161.20833333333334,14.8,41.0,100.0,67.0,5.3,6.8303175,0.0,11.3,19.02222222,54.45,54.88333333333333,56.05,57.16666666666666,53.5,-7.969703709999999,-0.1240740533333344,0.1206666666666667,11.13,11.183333333333334,19.33888888777778,11.175333333333336,8.886197,9.051097,9.180965,9.329254,8.725894,0,4.0,0,0.0,-0.74,16.6,83.4
2022-11-12 13:15:00,135.648185055552,0.0,0.0,19.02222222,11.183333333333334,53.5,0,5.1764362714980825,70.66250196097344,13,5,11,-0.2588190451025208,-0.9659258262890684,-0.9749279121818236,-0.2225209339563146,-0.5000000000000004,0.8660254037844384,227.75,230.0,173.22916666666666,14.275,39.2,100.0,66.0,5.175,6.760106,0.0,11.375,18.85555557,53.85,54.45,54.88333333333333,56.05,53.5,-7.838888886666666,-0.1981481566666652,-0.0673333333333321,11.250666666666666,11.218666666666667,19.195679008888888,11.188000000000002,8.725894,8.886197,9.051097,9.180965,8.640442,0,4.0,0,0.0,-0.79,18.2,81.8
2022-11-12 13:30:00,150.15177152222,0.0,0.0,18.85555557,11.218666666666667,53.5,0,5.1764362714980825,70.66250196097344,13,5,11,-0.2588190451025208,-0.9659258262890684,-0.9749279121818236,-0.2225209339563146,-0.5000000000000004,0.8660254037844384,220.5,228.5,184.52083333333331,13.75,37.4,100.0,65.0,5.05,6.689061,0.0,11.45,18.73888888,53.5,53.85,54.45,54.88333333333333,54.4,-7.636888903333332,-0.1666666499999998,0.0353333333333338,11.183333333333334,11.106,19.03271605555556,11.217555555555558,8.640442,8.725894,8.886197,9.051097,8.725412,0,4.0,0,0.0,-0.83,19.5,80.5
2022-11-12 13:45:00,1245.19324577778,0.0,0.0,18.73888888,11.106,54.4,0,5.1764362714980825,70.66250196097344,13,5,11,-0.2588190451025208,-0.9659258262890684,-0.9749279121818236,-0.2225209339563146,-0.5000000000000004,0.8660254037844384,213.25,224.125,195.08333333333331,13.225,35.599999999999994,100.0,64.0,4.925,6.617179,0.0,11.525,18.70185185,53.5,53.5,53.85,54.45,56.36666666666667,-7.632888880000001,-0.1166666899999988,-0.1126666666666675,11.218666666666667,11.083333333333334,18.87222222333333,11.169333333333336,8.725412,8.640442,8.725894,8.886197,9.021069,0,4.0,0,0.0,-0.85,20.4,79.6
2022-11-12 14:00:00,581.82394836111,0.0,0.0,18.70185185,11.083333333333334,56.36666666666667,0,5.1764362714980825,70.66250196097344,14,5,11,-0.4999999999999997,-0.8660254037844388,-0.9749279121818236,-0.2225209339563146,-0.5000000000000004,0.8660254037844384,206.0,216.875,204.91666666666663,12.7,33.8,100.0,63.0,4.8,6.544451,0.0,11.6,18.66111114,54.4,53.5,53.5,53.85,56.05,-7.618518516666667,-0.0370370300000004,-0.0226666666666659,11.106,11.055333333333332,18.7654321,11.136000000000005,9.021069,8.725412,8.640442,8.725894,8.9487915,0,4.0,0,0.0,-0.85,20.3,79.7
2022-11-12 14:15:00,115.722315355556,0.0,0.0,18.66111114,11.055333333333332,56.05,0,5.1764362714980825,70.66250196097344,14,5,11,-0.4999999999999997,-0.8660254037844388,-0.9749279121818236,-0.2225209339563146,-0.5000000000000004,0.8660254037844384,205.25,211.25,211.97916666666663,12.5,32.825,100.0,62.25,4.7,6.5071354,0.0,11.7,18.57407407,56.36666666666667,54.4,53.5,53.5,54.15,-7.6057778066666675,-0.0407407100000014,-0.0280000000000022,11.083333333333334,10.984,18.70061729,11.08155555555556,8.9487915,9.021069,8.725412,8.640442,8.601012,0,4.0,0,0.0,-0.86,20.7,79.3
2022-11-12 14:30:00,219.975922794446,0.0,0.0,18.57407407,10.984,54.15,0,5.1764362714980825,70.66250196097344,14,5,11,-0.4999999999999997,-0.8660254037844388,-0.9749279121818236,-0.2225209339563146,-0.5000000000000004,0.8660254037844384,204.5,207.25,216.27083333333331,12.3,31.85,100.0,61.5,4.6,6.469062,0.0,11.8,18.42222223,56.05,56.36666666666667,54.4,53.5,52.75,-7.590074069999998,-0.0870370700000009,-0.0713333333333317,11.055333333333332,10.984,18.64567902,11.040888888888892,8.601012,8.9487915,9.021069,8.725412,8.303592,0,4.0,0,0.0,-0.89,21.9,78.1
2022-11-12 14:45:00,120.497679883334,0.0,0.0,18.42222223,10.984,52.75,0,5.1764362714980825,70.66250196097344,14,5,11,-0.4999999999999997,-0.8660254037844388,-0.9749279121818236,-0.2225209339563146,-0.5000000000000004,0.8660254037844384,203.75,204.875,217.79166666666663,12.1,30.875,100.0,60.75,4.5,6.4302206,0.0,11.9,18.367063485714286,54.15,56.05,56.36666666666667,54.4,51.85357142857144,-7.438222229999999,-0.151851839999999,0.0,10.984,10.851428571428572,18.552469146666667,11.00777777777778,8.303592,8.601012,8.9487915,9.021069,8.135825,0,4.0,0,0.0,-0.94,23.5,76.5
2022-11-12 15:00:00,111.119999455556,0.0,0.0,18.367063485714286,10.851428571428572,51.85357142857144,0,5.1764362714980825,70.66250196097344,15,5,11,-0.7071067811865471,-0.7071067811865479,-0.9749279121818236,-0.2225209339563146,-0.5000000000000004,0.8660254037844384,203.0,204.125,216.54166666666663,11.9,29.9,100.0,60.0,4.4,6.3906064,0.0,12.0,18.28888889,52.75,54.15,56.05,56.36666666666667,51.1,-7.515634914285714,-0.0551587442857126,-0.1325714285714276,10.984,10.816666666666666,18.45445326190476,10.939809523809528,8.135825,8.303592,8.601012,8.9487915,7.9804883,0,4.0,0,0.0,-0.95,24.2,75.8
2022-11-12 15:15:00,141.794327933336,0.0,0.0,18.28888889,10.816666666666666,51.1,0,5.1764362714980825,70.66250196097344,15,5,11,-0.7071067811865471,-0.7071067811865479,-0.9749279121818236,-0.2225209339563146,-0.5000000000000004,0.8660254037844384,178.0,197.3125,212.85416666666663,11.825,29.35,97.0,60.0,4.325,6.3508353,0.0,11.9,18.18518517,51.85357142857144,52.75,54.15,56.05,50.35,-7.472222223333333,-0.0781745957142874,-0.0347619047619058,10.851428571428572,10.696,18.359391535238093,10.884031746031749,7.9804883,8.135825,8.303592,8.601012,7.8150887,0,4.0,0,0.0,-0.98,25.2,74.8
2022-11-12 15:30:00,142.330973150002,0.0,0.0,18.18518517,10.696,50.35,0,5.1764362714980825,70.66250196097344,15,5,11,-0.7071067811865471,-0.7071067811865479,-0.9749279121818236,-0.2225209339563146,-0.5000000000000004,0.8660254037844384,153.0,184.4375,206.72916666666663,11.75,28.8,94.0,60.0,4.25,6.31128,0.0,11.8,18.06666669,51.1,51.85357142857144,52.75,54.15,49.65,-7.489185170000001,-0.1037037199999986,-0.1206666666666667,10.816666666666666,10.516,18.28037918190476,10.788031746031749,7.8150887,7.9804883,8.135825,8.303592,7.652351,0,4.0,0,0.0,-1.01,26.3,73.7
2022-11-12 15:45:00,125.010554811116,0.0,0.0,18.06666669,10.516,49.65,0,5.1764362714980825,70.66250196097344,15,5,11,-0.7071067811865471,-0.7071067811865479,-0.9749279121818236,-0.2225209339563146,-0.5000000000000004,0.8660254037844384,128.0,165.5,198.16666666666663,11.675,28.25,91.0,60.0,4.175,6.2719383,0.0,11.7,17.98333332,50.35,51.1,51.85357142857144,52.75,49.5,-7.550666689999998,-0.1185184800000023,-0.1799999999999997,10.696,10.400666666666666,18.180246916666665,10.676222222222224,7.652351,7.8150887,7.9804883,8.135825,7.591514,0,4.0,0,0.0,-1.04,27.7,72.3
2022-11-12 16:00:00,301.25933797778,0.0,0.0,17.98333332,10.400666666666666,49.5,0,5.1764362714980825,70.66250196097344,16,5,11,-0.8660254037844385,-0.5000000000000004,-0.9749279121818236,-0.2225209339563146,-0.5000000000000004,0.8660254037844384,103.0,140.5,187.16666666666663,11.6,27.7,88.0,60.0,4.1,6.232811,0.0,11.6,17.93333329,49.65,50.35,51.1,51.85357142857144,49.15,-7.582666653333334,-0.0833333699999983,-0.1153333333333339,10.516,10.212,18.07839506,10.537555555555558,7.591514,7.652351,7.8150887,7.9804883,7.5154433,0,4.0,0,0.0,-1.06,28.6,71.4
2022-11-12 16:15:00,701.205839461114,0.0,0.0,17.93333329,10.212,49.15,0,5.1764362714980825,70.66250196097344,16,5,11,-0.8660254037844385,-0.5000000000000004,-0.9749279121818236,-0.2225209339563146,-0.5000000000000004,0.8660254037844384,99.25,120.8125,176.45833333333334,11.375,27.625,91.0,60.5,4.05,6.2259736,0.0,11.45,17.84074070666667,49.5,49.65,50.35,51.1,48.81666666666667,-7.72133329,-0.0500000299999996,-0.1886666666666663,10.400666666666666,9.928,17.99444443333333,10.376222222222223,7.5154433,7.591514,7.652351,7.8150887,7.423436,0,4.0,0,0.0,-1.07,29.2,70.8
2022-11-12 16:30:00,500.401094188892,0.0,0.0,17.84074070666667,9.928,48.81666666666667,0,5.1764362714980825,70.66250196097344,16,5,11,-0.8660254037844385,-0.5000000000000004,-0.9749279121818236,-0.2225209339563146,-0.5000000000000004,0.8660254037844384,95.5,106.4375,166.04166666666666,11.15,27.55,94.0,61.0,4.0,6.218647,0.0,11.3,17.78888889,49.15,49.5,49.65,50.35,48.15,-7.912740706666669,-0.0925925833333316,-0.2840000000000007,10.212,9.719333333333331,17.919135772222223,10.180222222222223,7.423436,7.5154433,7.591514,7.652351,7.2994757,0,4.0,0,0.0,-1.09,30.3,69.7
2022-11-12 16:45:00,208.518881227774,0.0,0.0,17.78888889,9.719333333333331,48.15,0,5.1764362714980825,70.66250196097344,16,5,11,-0.8660254037844385,-0.5000000000000004,-0.9749279121818236,-0.2225209339563146,-0.5000000000000004,0.8660254037844384,91.75,97.375,155.91666666666666,10.925,27.475,97.0,61.5,3.95,6.2108417,0.0,11.15,17.705555556666663,48.81666666666667,49.15,49.5,49.65,47.81666666666667,-8.069555556666666,-0.0518518166666694,-0.2086666666666659,9.928,9.62,17.85432096222222,9.953111111111111,7.2994757,7.423436,7.5154433,7.591514,7.2130237,0,4.0,0,0.0,-1.11,31.0,69.0
2022-11-12 17:00:00,409.008083488888,0.0,0.0,17.705555556666663,9.62,47.81666666666667,0,5.1764362714980825,70.66250196097344,17,5,11,-0.9659258262890684,-0.2588190451025206,-0.9749279121818236,-0.2225209339563146,-0.5000000000000004,0.8660254037844384,88.0,93.625,146.08333333333334,10.7,27.4,100.0,62.0,3.9,6.2025633,0.0,11.0,17.63333334,48.15,48.81666666666667,49.15,49.5,47.6,-8.085555556666662,-0.0833333333333357,-0.0993333333333321,9.719333333333331,9.562666666666669,17.778395051111108,9.75577777777778,7.2130237,7.2994757,7.423436,7.5154433,7.149478,0,4.0,0,0.0,-1.13,32.0,68.0
2022-11-12 17:15:00,672.089226488888,0.0,0.0,17.63333334,9.562666666666669,47.6,0,5.1764362714980825,70.66250196097344,17,5,11,-0.9659258262890684,-0.2588190451025206,-0.9749279121818236,-0.2225209339563146,-0.5000000000000004,0.8660254037844384,67.5,85.6875,134.60416666666666,10.525,27.2,100.0,62.5,3.775,6.145225,0.15,10.725,17.683333343333334,47.81666666666667,48.15,48.81666666666667,49.15,48.61666666666667,-8.070666673333333,-0.0722222166666632,-0.0573333333333341,9.62,9.326,17.709259262222222,9.634000000000002,7.149478,7.2130237,7.2994757,7.423436,7.323991,0,4.0,0,0.0,-1.15,32.9,67.1
2022-11-12 17:30:00,454.795696344444,0.0,0.0,17.683333343333334,9.326,48.61666666666667,0,5.1764362714980825,70.66250196097344,17,5,11,-0.9659258262890684,-0.2588190451025206,-0.9749279121818236,-0.2225209339563146,-0.5000000000000004,0.8660254037844384,47.0,73.5625,121.47916666666669,10.35,27.0,100.0,63.0,3.65,6.087791,0.3,10.45,17.80555553,47.6,47.81666666666667,48.15,48.81666666666667,49.0,-8.357333343333336,0.0500000033333343,-0.2366666666666681,9.562666666666669,8.948666666666666,17.67407408,9.502888888888892,7.323991,7.149478,7.2130237,7.2994757,7.4357147,0,4.0,0,0.0,-1.13,32.1,67.9
2022-11-12 17:45:00,593.624309761106,0.0,0.0,17.80555553,8.948666666666666,49.0,0,5.1764362714980825,70.66250196097344,17,5,11,-0.9659258262890684,-0.2588190451025206,-0.9749279121818236,-0.2225209339563146,-0.5000000000000004,0.8660254037844384,26.5,57.25,106.70833333333331,10.175,26.8,100.0,63.5,3.525,6.03028,0.45,10.175,17.90555554333333,48.61666666666667,47.6,47.81666666666667,48.15,49.0,-8.856888863333333,0.122222186666665,-0.3773333333333326,9.326,8.591333333333333,17.707407404444446,9.279111111111114,7.4357147,7.323991,7.149478,7.2130237,7.4801292,0,4.0,0,0.0,-1.1,30.6,69.4
2022-11-12 18:00:00,565.520711566668,0.0,0.0,17.90555554333333,8.591333333333333,49.0,0,5.1764362714980825,70.66250196097344,18,5,11,-1.0,-1.8369701987210294e-16,-0.9749279121818236,-0.2225209339563146,-0.5000000000000004,0.8660254037844384,6.0,36.75,90.29166666666669,10.0,26.6,100.0,64.0,3.4,5.9727087,0.6,9.9,17.98333332,49.0,48.61666666666667,47.6,47.81666666666667,49.05,-9.31422221,0.1000000133333323,-0.357333333333333,8.948666666666666,8.548,17.79814813888889,8.955333333333336,7.4801292,7.4357147,7.323991,7.149478,7.5225,0,4.0,0,0.0,-1.08,29.5,70.5
2022-11-12 18:15:00,508.307722561106,0.0,0.0,17.98333332,8.548,49.05,0,5.1764362714980825,70.66250196097344,18,5,11,-1.0,-1.8369701987210294e-16,-0.9749279121818236,-0.2225209339563146,-0.5000000000000004,0.8660254037844384,4.5,21.0,75.83333333333333,9.625,24.55,100.0,68.0,3.875,6.206378,0.525,9.55,18.020370386666663,49.0,49.0,48.61666666666667,47.6,49.65,-9.43533332,0.077777776666668,-0.043333333333333,8.591333333333333,8.548,17.89814813111111,8.696000000000003,7.5225,7.4801292,7.4357147,7.323991,7.631313,0,4.0,0,0.0,-1.06,28.7,71.3
2022-11-12 18:30:00,558.607654750002,0.0,0.0,18.020370386666663,8.548,49.65,0,5.1764362714980825,70.66250196097344,18,5,11,-1.0,-1.8369701987210294e-16,-0.9749279121818236,-0.2225209339563146,-0.5000000000000004,0.8660254037844384,3.0,10.0,63.333333333333336,9.25,22.5,100.0,72.0,4.35,6.4264655,0.4499999999999999,9.2,18.0555556,49.05,49.0,49.0,48.61666666666667,49.65,-9.472370386666666,0.0370370666666666,0.0,8.548,8.609999999999998,17.969753083333334,8.562444444444447,7.631313,7.5225,7.4801292,7.4357147,7.6472974,0,4.0,0,0.0,-1.05,28.2,71.8
2022-11-12 18:45:00,461.542926411112,0.0,0.0,18.0555556,8.609999999999998,49.65,0,5.1764362714980825,70.66250196097344,18,5,11,-1.0,-1.8369701987210294e-16,-0.9749279121818236,-0.2225209339563146,-0.5000000000000004,0.8660254037844384,1.5,3.75,52.79166666666666,8.875,20.45,100.0,76.0,4.824999999999999,6.6333957,0.375,8.85,18.07592595,49.65,49.05,49.0,49.0,49.5,-9.445555600000004,0.0351852133333352,0.0619999999999976,8.548,8.535333333333334,18.019753102222225,8.568666666666667,7.6472974,7.631313,7.5225,7.4801292,7.633432,0,4.0,0,0.0,-1.04,27.8,72.2
2022-11-12 19:00:00,518.036499911112,0.0,0.0,18.07592595,8.535333333333334,49.5,0,5.1764362714980825,70.66250196097344,19,5,11,-0.9659258262890684,0.2588190451025203,-0.9749279121818236,-0.2225209339563146,-0.5000000000000004,0.8660254037844384,0.0,2.25,44.208333333333336,8.5,18.4,100.0,80.0,5.3,6.8275857,0.3,8.5,18.1111111,49.65,49.65,49.05,49.0,49.45,-9.540592616666668,0.0203703500000003,-0.0746666666666637,8.609999999999998,8.152,18.050617312222226,8.564444444444446,7.633432,7.6472974,7.631313,7.5225,7.6416874,0,4.0,0,0.0,-1.04,27.6,72.4
2022-11-12 19:15:00,444.48305338333,0.0,0.0,18.1111111,8.152,49.45,0,5.1764362714980825,70.66250196097344,19,5,11,-0.9659258262890684,0.2588190451025203,-0.9749279121818236,-0.2225209339563146,-0.5000000000000004,0.8660254037844384,0.0,1.125,35.9375,7.15,17.5,100.0,82.0,5.55,6.95347,0.3,8.4,18.1111111,49.5,49.65,49.65,49.05,49.03333333333333,-9.9591111,0.0351851499999966,-0.3833333333333346,8.535333333333334,7.603333333333333,18.08086421666667,8.432444444444446,7.6416874,7.633432,7.6472974,7.631313,7.5772977,0,4.0,0,0.0,-1.03,27.3,72.7
2022-11-12 19:30:00,534.5569502,0.0,0.0,18.1111111,7.603333333333333,49.03333333333333,0,5.1764362714980825,70.66250196097344,19,5,11,-0.9659258262890684,0.2588190451025203,-0.9749279121818236,-0.2225209339563146,-0.5000000000000004,0.8660254037844384,0.0,0.375,27.979166666666668,5.8,16.6,100.0,84.0,5.8,7.077425,0.3,8.3,18.1111111,49.45,49.5,49.65,49.65,48.65,-10.507777766666663,0.0,-0.5486666666666657,8.152,7.274,18.099382716666664,8.096888888888891,7.5772977,7.6416874,7.633432,7.6472974,7.5180607,0,4.0,0,0.0,-1.03,27.4,72.6
2022-11-12 19:45:00,462.747322733332,0.0,0.0,18.1111111,7.274,48.65,0,5.1764362714980825,70.66250196097344,19,5,11,-0.9659258262890684,0.2588190451025203,-0.9749279121818236,-0.2225209339563146,-0.5000000000000004,0.8660254037844384,0.0,0.0,20.33333333333333,4.45,15.7,100.0,86.0,6.05,7.1994667,0.3,8.2,18.131481486666665,49.03333333333333,49.45,49.5,49.65,48.5,-10.837111099999998,0.0,-0.3293333333333335,7.603333333333333,7.234666666666667,18.1111111,7.676444444444447,7.5180607,7.5772977,7.6416874,7.633432,7.5039606,0,4.0,0,0.0,-1.03,27.4,72.6
2022-11-12 20:00:00,503.84067898333,0.0,0.0,18.131481486666665,7.234666666666667,48.5,0,5.1764362714980825,70.66250196097344,20,5,11,-0.8660254037844386,0.5000000000000001,-0.9749279121818236,-0.2225209339563146,-0.5000000000000004,0.8660254037844384,0.0,0.0,13.0,3.1,14.8,100.0,88.0,6.3,7.3196163,0.3,8.1,18.13333334,48.65,49.03333333333333,49.45,49.5,48.15,-10.89681482,0.0203703866666664,-0.0393333333333334,7.274,7.034666666666666,18.117901228888886,7.370666666666669,7.5039606,7.5180607,7.5772977,7.6416874,7.450627,0,4.0,0,0.0,-1.03,27.3,72.7
2022-11-12 20:15:00,492.630294016666,0.0,0.0,18.13333334,7.034666666666666,48.15,0,5.1764362714980825,70.66250196097344,20,5,11,-0.8660254037844386,0.5000000000000001,-0.9749279121818236,-0.2225209339563146,-0.5000000000000004,0.8660254037844384,0.0,0.0,7.375,4.75,15.875,100.0,87.75,6.1,7.228596,0.25,7.949999999999999,18.16296299333333,48.5,48.65,49.03333333333333,49.45,48.0,-11.098666673333334,0.0018518533333349,-0.2000000000000001,7.234666666666667,6.759333333333333,18.125308642222222,7.181111111111114,7.450627,7.5039606,7.5180607,7.5772977,7.4405046,0,4.0,0,0.0,-1.03,27.3,72.7
2022-11-12 20:30:00,469.784819055552,0.0,0.0,18.16296299333333,6.759333333333333,48.0,0,5.1764362714980825,70.66250196097344,20,5,11,-0.8660254037844386,0.5000000000000001,-0.9749279121818236,-0.2225209339563146,-0.5000000000000004,0.8660254037844384,0.0,0.0,3.458333333333333,6.4,16.950000000000003,100.0,87.5,5.9,7.138567,0.2,7.8,18.1666667,48.15,48.5,48.65,49.03333333333333,47.95,-11.40362966,0.029629653333334,-0.2753333333333332,7.034666666666666,6.612666666666667,18.142592606666664,7.009555555555558,7.4405046,7.450627,7.5039606,7.5180607,7.4343905,0,4.0,0,0.0,-1.02,27.1,72.9
2022-11-12 20:45:00,494.713266244444,0.0,0.0,18.1666667,6.612666666666667,47.95,0,5.1764362714980825,70.66250196097344,20,5,11,-0.8660254037844386,0.5000000000000001,-0.9749279121818236,-0.2225209339563146,-0.5000000000000004,0.8660254037844384,0.0,0.0,1.25,8.049999999999999,18.025,100.0,87.25,5.7,7.049515,0.15,7.65,18.1666667,48.0,48.15,48.5,48.65,47.53333333333333,-11.554000033333336,0.0037037066666663,-0.1466666666666665,6.759333333333333,6.448666666666667,18.15432101111111,6.802222222222224,7.4343905,7.4405046,7.450627,7.5039606,7.3697886,0,4.0,0,0.0,-1.02,27.0,73.0
2022-11-12 21:00:00,470.951716627782,0.0,0.0,18.1666667,6.448666666666667,47.53333333333333,0,5.1764362714980825,70.66250196097344,21,5,11,-0.7071067811865477,0.7071067811865474,-0.9749279121818236,-0.2225209339563146,-0.5000000000000004,0.8660254037844384,0.0,0.0,0.75,9.7,19.1,100.0,87.0,5.5,6.9614344,0.1,7.5,18.1666667,47.95,48.0,48.15,48.5,47.45,-11.718000033333333,0.0,-0.1639999999999997,6.612666666666667,6.244666666666666,18.16543213111111,6.606888888888892,7.3697886,7.4343905,7.4405046,7.450627,7.3568683,0,4.0,0,0.0,-1.02,27.1,72.9
2022-11-12 21:15:00,536.859357983338,0.0,0.0,18.1666667,6.244666666666666,47.45,0,5.1764362714980825,70.66250196097344,21,5,11,-0.7071067811865477,0.7071067811865474,-0.9749279121818236,-0.2225209339563146,-0.5000000000000004,0.8660254037844384,0.0,0.0,0.375,10.65,21.425,100.0,86.75,5.175,6.8077683,0.15,7.2,18.1666667,47.53333333333333,47.95,48.0,48.15,47.03333333333333,-11.922000033333331,0.0,-0.2040000000000006,6.448666666666667,6.042666666666666,18.1666667,6.435333333333335,7.3568683,7.3697886,7.4343905,7.4405046,7.2922664,0,4.0,0,0.0,-1.02,27.1,72.9
2022-11-12 21:30:00,454.105168416666,0.0,0.0,18.1666667,6.042666666666666,47.03333333333333,0,5.1764362714980825,70.66250196097344,21,5,11,-0.7071067811865477,0.7071067811865474,-0.9749279121818236,-0.2225209339563146,-0.5000000000000004,0.8660254037844384,0.0,0.0,0.125,11.6,23.75,100.0,86.5,4.85,6.65712,0.2,6.9,18.16111114,47.45,47.53333333333333,47.95,48.0,46.65,-12.124000033333337,0.0,-0.2019999999999999,6.244666666666666,5.8453333333333335,18.1666667,6.245333333333336,7.2922664,7.3568683,7.3697886,7.4343905,7.230446,0,4.0,0,0.0,-1.03,27.2,72.8
2022-11-12 21:45:00,520.639729127778,0.0,0.0,18.16111114,5.8453333333333335,46.65,0,5.1764362714980825,70.66250196097344,21,5,11,-0.7071067811865477,0.7071067811865474,-0.9749279121818236,-0.2225209339563146,-0.5000000000000004,0.8660254037844384,0.0,0.0,0.0,12.55,26.075,100.0,86.25,4.525,6.509437,0.25,6.6,18.11481480666667,47.03333333333333,47.45,47.53333333333333,47.95,46.5,-12.315777806666668,-0.0055555600000012,-0.1973333333333329,6.042666666666666,5.828,18.16481484666667,6.044222222222224,7.230446,7.2922664,7.3568683,7.3697886,7.187396,0,4.0,0,0.0,-1.03,27.4,72.6
2022-11-12 22:00:00,476.640933699996,0.0,0.0,18.11481480666667,5.828,46.5,0,5.1764362714980825,70.66250196097344,22,5,11,-0.5000000000000004,0.8660254037844384,-0.9749279121818236,-0.2225209339563146,-0.5000000000000004,0.8660254037844384,0.0,0.0,0.0,13.5,28.4,100.0,86.0,4.2,6.3646684,0.3,6.3,18.07222225,46.65,47.03333333333333,47.45,47.53333333333333,46.15,-12.28681480666667,-0.0462963333333306,-0.0173333333333332,5.8453333333333335,5.874666666666667,18.147530882222224,5.905333333333336,7.187396,7.230446,7.2922664,7.3568683,7.115258,0,4.0,0,0.0,-1.04,27.9,72.1
2022-11-12 22:15:00,482.702913461106,0.0,0.0,18.07222225,5.874666666666667,46.15,0,5.1764362714980825,70.66250196097344,22,5,11,-0.5000000000000004,0.8660254037844384,-0.9749279121818236,-0.2225209339563146,-0.5000000000000004,0.8660254037844384,0.0,0.0,0.0,12.825,28.15,100.0,87.25,4.3,6.4150853,0.325,6.2,18.0555556,46.5,46.65,47.03333333333333,47.45,46.0,-12.197555583333331,-0.0425925566666691,0.0466666666666668,5.828,5.946,18.11604939888889,5.849333333333337,7.115258,7.187396,7.230446,7.2922664,7.0851088,0,4.0,0,0.0,-1.05,28.4,71.6
2022-11-12 22:30:00,505.756157744448,0.0,0.0,18.0555556,5.946,46.0,0,5.1764362714980825,70.66250196097344,22,5,11,-0.5000000000000004,0.8660254037844384,-0.9749279121818236,-0.2225209339563146,-0.5000000000000004,0.8660254037844384,0.0,0.0,0.0,12.15,27.9,100.0,88.5,4.4,6.464538,0.35,6.1,18.02222224,46.15,46.5,46.65,47.03333333333333,46.0,-12.109555600000002,-0.0166666499999976,0.0713333333333325,5.874666666666667,5.972,18.080864218888888,5.882888888888892,7.0851088,7.115258,7.187396,7.230446,7.071079,0,4.0,0,0.0,-1.06,28.6,71.4
2022-11-12 22:45:00,477.710057466668,0.0,0.0,18.02222224,5.972,46.0,0,5.1764362714980825,70.66250196097344,22,5,11,-0.5000000000000004,0.8660254037844384,-0.9749279121818236,-0.2225209339563146,-0.5000000000000004,0.8660254037844384,0.0,0.0,0.0,11.475,27.65,100.0,89.75,4.5,6.513041,0.375,6.0,18.07500002071429,46.0,46.15,46.5,46.65,46.392857142857146,-12.050222240000002,-0.0333333600000003,0.0259999999999998,5.946,5.9871428571428575,18.050000030000003,5.930888888888892,7.071079,7.0851088,7.115258,7.187396,7.153884,0,4.0,0,0.0,-1.07,28.9,71.1
2022-11-12 23:00:00,227.715613211112,0.0,0.0,18.07500002071429,5.9871428571428575,46.392857142857146,0,5.1764362714980825,70.66250196097344,23,5,11,-0.2588190451025215,0.965925826289068,-0.9749279121818236,-0.2225209339563146,-0.5000000000000004,0.8660254037844384,0.0,0.0,0.0,10.8,27.4,100.0,91.0,4.6,6.560597,0.4,5.9,18.117063485714286,46.0,46.0,46.15,46.5,47.425,-12.087857163571432,0.0527777807142868,0.015142857142858,5.972,5.961428571428572,18.050925953571436,5.968380952380954,7.153884,7.071079,7.0851088,7.115258,7.3313503,0,4.0,0,0.0,-1.05,28.3,71.7
2022-11-12 23:15:00,254.620648149998,0.0,0.0,18.117063485714286,5.961428571428572,47.425,0,5.1764362714980825,70.66250196097344,23,5,11,-0.2588190451025215,0.965925826289068,-0.9749279121818236,-0.2225209339563146,-0.5000000000000004,0.8660254037844384,0.0,0.0,0.0,11.025,26.4,100.0,91.0,4.525,6.5391107,0.3,5.8500000000000005,18.185714295,46.392857142857146,46.0,46.0,46.15,47.975,-12.155634914285717,0.0420634649999982,-0.0257142857142858,5.9871428571428575,5.903571428571429,18.071428582142858,5.973523809523812,7.3313503,7.153884,7.071079,7.0851088,7.446686,0,4.0,0,0.0,-1.04,27.6,72.4
2022-11-12 23:30:00,222.242498827778,0.0,0.0,18.185714295,5.903571428571429,47.975,0,5.1764362714980825,70.66250196097344,23,5,11,-0.2588190451025215,0.965925826289068,-0.9749279121818236,-0.2225209339563146,-0.5000000000000004,0.8660254037844384,0.0,0.0,0.0,11.25,25.4,100.0,91.0,4.449999999999999,6.5176888,0.2,5.800000000000001,18.1888889,47.425,46.392857142857146,46.0,46.0,48.05,-12.282142866428572,0.0686508092857138,-0.0578571428571423,5.961428571428572,5.796,18.125925933809523,5.950714285714288,7.446686,7.3313503,7.153884,7.071079,7.4597335,0,4.0,0,0.0,-1.02,26.8,73.2
2022-11-12 23:45:00,529.040782122216,0.0,0.0,18.1888889,5.796,48.05,0,5.1764362714980825,70.66250196097344,23,5,11,-0.2588190451025215,0.965925826289068,-0.9749279121818236,-0.2225209339563146,-0.5000000000000004,0.8660254037844384,0.0,0.0,0.0,11.475,24.4,100.0,91.0,4.375,6.496327,0.0999999999999999,5.75,18.217592575,47.975,47.425,46.392857142857146,46.0,48.65833333333333,-12.3928889,0.0031746049999981,-0.1075714285714291,5.903571428571429,5.735833333333333,18.16388889357143,5.887000000000003,7.4597335,7.446686,7.3313503,7.153884,7.5670657,0,4.0,0,0.0,-1.02,26.8,73.2
2022-11-13 00:00:00,184.167355244444,0.0,0.0,18.217592575,5.735833333333333,48.65833333333333,0,5.1764362714980825,70.66250196097344,0,6,11,0.0,1.0,-0.7818314824680299,0.6234898018587334,-0.5000000000000004,0.8660254037844384,0.0,0.0,0.0,11.7,23.4,100.0,91.0,4.3,6.475026,0.0,5.7,18.2222222,48.05,47.975,47.425,46.392857142857146,49.45,-12.48175924166667,0.0287036750000027,-0.0601666666666673,5.796,5.733333333333333,18.19739859,5.811801587301591,7.5670657,7.4597335,7.446686,7.3313503,7.6922965,0,4.0,0,0.0,-1.01,26.4,73.6
2022-11-13 00:15:00,233.206504766664,0.0,0.0,18.2222222,5.733333333333333,49.45,0,5.1764362714980825,70.66250196097344,0,6,11,0.0,1.0,-0.7818314824680299,0.6234898018587334,-0.5000000000000004,0.8660254037844384,0.0,0.0,0.0,11.75,24.025,100.0,90.75,4.2,6.4254894,0.0,5.625,18.242592586666667,48.65833333333333,48.05,47.975,47.425,50.61666666666667,-12.488888866666668,0.0046296249999997,-0.0024999999999995,5.735833333333333,5.750666666666667,18.209567891666666,5.755055555555558,7.6922965,7.5670657,7.4597335,7.446686,7.883308,0,4.0,0,0.0,-1.0,26.2,73.8
2022-11-13 00:30:00,250.771913072226,0.0,0.0,18.242592586666667,5.750666666666667,50.61666666666667,0,5.1764362714980825,70.66250196097344,0,6,11,0.0,1.0,-0.7818314824680299,0.6234898018587334,-0.5000000000000004,0.8660254037844384,0.0,0.0,0.0,11.8,24.65,100.0,90.5,4.1,6.3762617,0.0,5.550000000000001,18.31666665,49.45,48.65833333333333,48.05,47.975,51.05,-12.49192592,0.0203703866666664,0.0173333333333332,5.733333333333333,5.739999999999999,18.22746912055556,5.739944444444447,7.883308,7.6922965,7.5670657,7.4597335,7.985832,0,4.0,0,0.0,-0.99,25.7,74.3
2022-11-13 00:45:00,236.01139233334,0.0,0.0,18.31666665,5.739999999999999,51.05,0,5.1764362714980825,70.66250196097344,0,6,11,0.0,1.0,-0.7818314824680299,0.6234898018587334,-0.5000000000000004,0.8660254037844384,0.0,0.0,0.0,11.85,25.275,100.0,90.25,4.0,6.327345,0.0,5.4750000000000005,18.353703686666663,50.61666666666667,49.45,48.65833333333333,48.05,51.1,-12.57666665,0.074074063333331,-0.0106666666666672,5.750666666666667,5.8,18.260493812222222,5.741333333333336,7.985832,7.883308,7.6922965,7.5670657,8.011239,0,4.0,0,0.0,-0.97,24.9,75.1
2022-11-13 01:00:00,210.786845988888,0.0,0.0,18.353703686666663,5.8,51.1,0,5.1764362714980825,70.66250196097344,1,6,11,0.2588190451025207,0.9659258262890684,-0.7818314824680299,0.6234898018587334,-0.5000000000000004,0.8660254037844384,0.0,0.0,0.0,11.9,25.9,100.0,90.0,3.9,6.278736,0.0,5.4,18.305555570000003,51.05,50.61666666666667,49.45,48.65833333333333,49.75,-12.553703686666664,0.0370370366666676,0.0600000000000005,5.739999999999999,5.8100000000000005,18.30432097444444,5.763555555555558,8.011239,7.985832,7.883308,7.6922965,7.7773433,0,4.0,0,0.0,-0.96,24.5,75.5
2022-11-13 01:15:00,99.706844999996,0.0,0.0,18.305555570000003,5.8100000000000005,49.75,0,5.1764362714980825,70.66250196097344,1,6,11,0.2588190451025207,0.9659258262890684,-0.7818314824680299,0.6234898018587334,-0.5000000000000004,0.8660254037844384,0.0,0.0,0.0,12.175,26.175,100.0,89.5,3.75,6.2130775,0.0,5.325,18.18518517,51.1,51.05,50.61666666666667,49.45,49.03333333333333,-12.495555570000002,-0.0481481166666633,0.0100000000000006,5.8,5.786666666666666,18.32530863555556,5.783333333333336,7.7773433,8.011239,7.985832,7.883308,7.6107225,0,4.0,0,0.0,-0.98,25.3,74.7
2022-11-13 01:30:00,53.783126388888,0.0,0.0,18.18518517,5.786666666666666,49.03333333333333,0,5.1764362714980825,70.66250196097344,1,6,11,0.2588190451025207,0.9659258262890684,-0.7818314824680299,0.6234898018587334,-0.5000000000000004,0.8660254037844384,0.0,0.0,0.0,12.45,26.45,100.0,89.0,3.6,6.147896,0.0,5.25,18.06666669,49.75,51.1,51.05,50.61666666666667,48.65,-12.398518503333335,-0.1203704000000023,-0.0233333333333343,5.8100000000000005,5.78,18.281481475555555,5.798888888888892,7.6107225,7.7773433,8.011239,7.985832,7.4982257,0,4.0,0,0.0,-1.01,26.6,73.4
2022-11-13 01:45:00,68.285324194438,0.0,0.0,18.06666669,5.78,48.65,0,5.1764362714980825,70.66250196097344,1,6,11,0.2588190451025207,0.9659258262890684,-0.7818314824680299,0.6234898018587334,-0.5000000000000004,0.8660254037844384,0.0,0.0,0.0,12.725,26.725,100.0,88.5,3.45,6.083187,0.0,5.175,17.980769215384615,49.03333333333333,49.75,51.1,51.05,48.29230769230769,-12.286666689999995,-0.1185184800000023,-0.0066666666666659,5.786666666666666,5.822307692307692,18.18580247666667,5.792222222222224,7.4982257,7.6107225,7.7773433,8.011239,7.4051676,0,4.0,0,0.0,-1.04,27.9,72.1
2022-11-13 02:00:00,58.78014878333,0.0,0.0,17.980769215384615,5.822307692307692,48.29230769230769,0,5.1764362714980825,70.66250196097344,2,6,11,0.4999999999999999,0.8660254037844387,-0.7818314824680299,0.6234898018587334,-0.5000000000000004,0.8660254037844384,0.0,0.0,0.0,13.0,27.0,100.0,88.0,3.3,6.0189476,0.0,5.1,17.93888885,48.65,49.03333333333333,49.75,51.1,47.65,-12.158461523076925,-0.0858974746153826,0.0423076923076921,5.78,5.861999999999999,18.077540358461537,5.796324786324789,7.4051676,7.4982257,7.6107225,7.7773433,7.2884893,0,4.0,0,0.0,-1.06,28.9,71.1
2022-11-13 02:15:00,48.76693816111,0.0,0.0,17.93888885,5.861999999999999,47.65,0,5.1764362714980825,70.66250196097344,2,6,11,0.4999999999999999,0.8660254037844387,-0.7818314824680299,0.6234898018587334,-0.5000000000000004,0.8660254037844384,0.0,0.0,0.0,12.85,27.1,98.0,87.5,3.15,5.9650207,0.0,5.05,17.87222221333333,48.29230769230769,48.65,49.03333333333333,49.75,47.5,-12.076888850000003,-0.041880365384614,0.0396923076923068,5.822307692307692,5.842,17.995441585128205,5.8214358974359,7.2884893,7.4051676,7.4982257,7.6107225,7.2367682,0,4.0,0,0.0,-1.08,29.5,70.5
2022-11-13 02:30:00,44.390724266668,0.0,0.0,17.87222221333333,5.842,47.5,0,5.1764362714980825,70.66250196097344,2,6,11,0.4999999999999999,0.8660254037844387,-0.7818314824680299,0.6234898018587334,-0.5000000000000004,0.8660254037844384,0.0,0.0,0.0,12.7,27.2,96.0,87.0,3.0,5.911375,0.0,5.0,17.79444445,47.65,48.29230769230769,48.65,49.03333333333333,47.15,-12.030222213333332,-0.066666636666671,-0.0199999999999995,5.861999999999999,5.8,17.93062675957265,5.842102564102565,7.2367682,7.2884893,7.4051676,7.4982257,7.1502433,0,4.0,0,0.0,-1.09,30.2,69.8
2022-11-13 02:45:00,48.790826005558,0.0,0.0,17.79444445,5.8,47.15,0,5.1764362714980825,70.66250196097344,2,6,11,0.4999999999999999,0.8660254037844387,-0.7818314824680299,0.6234898018587334,-0.5000000000000004,0.8660254037844384,0.0,0.0,0.0,12.55,27.3,94.0,86.5,2.85,5.858011,0.0,4.95,17.757407413333333,47.5,47.65,48.29230769230769,48.65,46.81666666666667,-11.99444445,-0.07777776333333,-0.0419999999999998,5.842,5.671333333333333,17.86851850444444,5.834666666666668,7.1502433,7.2367682,7.2884893,7.4051676,7.084041,0,4.0,0,0.0,-1.11,31.2,68.8
2022-11-13 03:00:00,63.159695777776,0.0,0.0,17.757407413333333,5.671333333333333,46.81666666666667,0,5.1764362714980825,70.66250196097344,3,6,11,0.7071067811865476,0.7071067811865476,-0.7818314824680299,0.6234898018587334,-0.5000000000000004,0.8660254037844384,0.0,0.0,0.0,12.4,27.4,92.0,86.0,2.7,5.8049264,0.0,4.9,17.68333335,47.15,47.5,47.65,48.29230769230769,46.5,-12.08607408,-0.0370370366666676,-0.1286666666666667,5.8,5.561333333333334,17.808024692222222,5.7711111111111135,7.084041,7.1502433,7.2367682,7.2884893,7.00512,0,4.0,0,0.0,-1.12,31.7,68.3
2022-11-13 03:15:00,58.96125262222,0.0,0.0,17.68333335,5.561333333333334,46.5,0,5.1764362714980825,70.66250196097344,3,6,11,0.7071067811865476,0.7071067811865476,-0.7818314824680299,0.6234898018587334,-0.5000000000000004,0.8660254037844384,0.0,0.0,0.0,12.35,27.125,94.0,85.75,2.575,5.7594037,0.0,4.825,17.6666667,46.81666666666667,47.15,47.5,47.65,46.5,-12.122000016666668,-0.074074063333331,-0.1099999999999994,5.671333333333333,5.468000000000001,17.745061737777778,5.677555555555558,7.00512,7.084041,7.1502433,7.2367682,6.9981604,0,4.0,0,0.0,-1.14,32.6,67.4
2022-11-13 03:30:00,48.763605061106,0.0,0.0,17.6666667,5.468000000000001,46.5,0,5.1764362714980825,70.66250196097344,3,6,11,0.7071067811865476,0.7071067811865476,-0.7818314824680299,0.6234898018587334,-0.5000000000000004,0.8660254037844384,0.0,0.0,0.0,12.3,26.85,96.0,85.5,2.45,5.7141724,0.0,4.75,17.62222223,46.5,46.81666666666667,47.15,47.5,46.15,-12.1986667,-0.0166666500000012,-0.0933333333333328,5.561333333333334,5.339333333333333,17.702469154444444,5.566888888888891,6.9981604,7.00512,7.084041,7.1502433,6.927098,0,4.0,0,0.0,-1.15,32.8,67.2
2022-11-13 03:45:00,49.154700416666,0.0,0.0,17.62222223,5.339333333333333,46.15,0,5.1764362714980825,70.66250196097344,3,6,11,0.7071067811865476,0.7071067811865476,-0.7818314824680299,0.6234898018587334,-0.5000000000000004,0.8660254037844384,0.0,0.0,0.0,12.25,26.575,98.0,85.25,2.325,5.669231,0.0,4.675,17.5592593,46.5,46.5,46.81666666666667,47.15,45.81666666666667,-12.282888896666666,-0.0444444700000019,-0.1286666666666676,5.468000000000001,5.156000000000001,17.657407426666666,5.456222222222224,6.927098,6.9981604,7.00512,7.084041,6.851271,0,4.0,0,0.0,-1.16,33.4,66.6
2022-11-13 04:00:00,38.122641733332,0.0,0.0,17.5592593,5.156000000000001,45.81666666666667,0,5.1764362714980825,70.66250196097344,4,6,11,0.8660254037844386,0.5000000000000001,-0.7818314824680299,0.6234898018587334,-0.5000000000000004,0.8660254037844384,0.0,0.0,0.0,12.2,26.3,100.0,85.0,2.2,5.624576,0.0,4.6,17.511111120000002,46.15,46.5,46.5,46.81666666666667,45.85,-12.4032593,-0.0629629299999976,-0.1833333333333326,5.339333333333333,5.118,17.616049410000002,5.321111111111114,6.851271,6.927098,6.9981604,7.00512,6.8365746,0,4.0,0,0.0,-1.18,34.2,65.8
2022-11-13 04:15:00,43.054944433332,0.0,0.0,17.511111120000002,5.118,45.85,0,5.1764362714980825,70.66250196097344,4,6,11,0.8660254037844386,0.5000000000000001,-0.7818314824680299,0.6234898018587334,-0.5000000000000004,0.8660254037844384,0.0,0.0,0.0,12.15,26.125,98.5,84.25,2.0500000000000003,5.556493,0.0,4.55,17.448148106666665,45.81666666666667,46.15,46.5,46.5,46.0,-12.393111120000002,-0.0481481799999983,-0.0380000000000002,5.156000000000001,5.0233333333333325,17.56419755,5.204444444444447,6.8365746,6.851271,6.927098,6.9981604,6.833194,0,4.0,0,0.0,-1.19,34.7,65.3
2022-11-13 04:30:00,65.573765994438,0.0,0.0,17.448148106666665,5.0233333333333325,46.0,0,5.1764362714980825,70.66250196097344,4,6,11,0.8660254037844386,0.5000000000000001,-0.7818314824680299,0.6234898018587334,-0.5000000000000004,0.8660254037844384,0.0,0.0,0.0,12.1,25.950000000000003,97.0,83.5,1.9,5.488792,0.0,4.5,17.43888885,45.85,45.81666666666667,46.15,46.5,45.65,-12.424814773333331,-0.0629630133333378,-0.0946666666666677,5.118,4.972,17.506172842222224,5.099111111111114,6.833194,6.8365746,6.851271,6.927098,6.7774525,0,4.0,0,0.0,-1.2,35.4,64.6
2022-11-13 04:45:00,47.00117546111,0.0,0.0,17.43888885,4.972,45.65,0,5.1764362714980825,70.66250196097344,4,6,11,0.8660254037844386,0.5000000000000001,-0.7818314824680299,0.6234898018587334,-0.5000000000000004,0.8660254037844384,0.0,0.0,0.0,12.05,25.775,95.5,82.75,1.75,5.4214697,0.0,4.45,17.37222221333333,46.0,45.85,45.81666666666667,46.15,45.5,-12.466888850000002,-0.0092592566666631,-0.051333333333333,5.0233333333333325,4.876666666666667,17.46604935888889,5.037777777777779,6.7774525,6.833194,6.8365746,6.851271,6.728321,0,4.0,0,0.0,-1.21,35.6,64.4
2022-11-13 05:00:00,37.846263872222,0.0,0.0,17.37222221333333,4.876666666666667,45.5,0,5.1764362714980825,70.66250196097344,5,6,11,0.9659258262890684,0.2588190451025207,-0.7818314824680299,0.6234898018587334,-0.5000000000000004,0.8660254037844384,0.0,0.0,0.0,12.0,25.6,94.0,82.0,1.6,5.354527,0.0,4.4,17.3333333,45.65,46.0,45.85,45.81666666666667,45.5,-12.495555546666663,-0.066666636666671,-0.0953333333333326,4.972,4.770666666666667,17.419753056666664,4.957333333333335,6.728321,6.7774525,6.833194,6.8365746,6.7126937,0,4.0,0,0.0,-1.22,36.5,63.5
2022-11-13 05:15:00,46.584525344448,0.0,0.0,17.3333333,4.770666666666667,45.5,0,5.1764362714980825,70.66250196097344,5,6,11,0.9659258262890684,0.2588190451025207,-0.7818314824680299,0.6234898018587334,-0.5000000000000004,0.8660254037844384,0.0,0.0,0.0,12.075,25.775,78.75,81.75,1.475,5.3205023,0.0,4.3500000000000005,17.31296295,45.5,45.65,46.0,45.85,45.5,-12.562666633333333,-0.0388889133333307,-0.1059999999999998,4.876666666666667,4.752,17.381481454444444,4.873111111111114,6.7126937,6.728321,6.7774525,6.833194,6.7045226,0,4.0,0,0.0,-1.23,36.9,63.1
2022-11-13 05:30:00,40.629208050002,0.0,0.0,17.31296295,4.752,45.5,0,5.1764362714980825,70.66250196097344,5,6,11,0.9659258262890684,0.2588190451025207,-0.7818314824680299,0.6234898018587334,-0.5000000000000004,0.8660254037844384,0.0,0.0,0.0,12.15,25.950000000000003,63.5,81.5,1.35,5.286637,0.0,4.300000000000001,17.23888888,45.5,45.5,45.65,46.0,45.45,-12.56096295,-0.0203703500000003,-0.0186666666666672,4.770666666666667,4.744,17.339506154444443,4.799777777777781,6.7045226,6.7126937,6.728321,6.7774525,6.6675406,0,4.0,0,0.0,-1.24,37.2,62.8
2022-11-13 05:45:00,49.330248944444,0.0,0.0,17.23888888,4.744,45.45,0,5.1764362714980825,70.66250196097344,5,6,11,0.9659258262890684,0.2588190451025207,-0.7818314824680299,0.6234898018587334,-0.5000000000000004,0.8660254037844384,0.0,0.0,0.0,12.225,26.125,48.25,81.25,1.225,5.25293,0.0,4.25,17.2222222,45.5,45.5,45.5,45.65,45.03333333333333,-12.49488888,-0.0740740699999982,-0.008,4.752,4.732,17.29506171,4.755555555555557,6.6675406,6.7045226,6.7126937,6.728321,6.5998282,0,4.0,0,0.0,-1.26,38.1,61.9
2022-11-13 06:00:00,337.31261822221603,0.0,0.0,17.2222222,4.732,45.03333333333333,0,5.1764362714980825,70.66250196097344,6,6,11,1.0,6.123233995736766e-17,-0.7818314824680299,0.6234898018587334,-0.5000000000000004,0.8660254037844384,0.0,0.0,0.0,12.3,26.3,33.0,81.0,1.1,5.2193823,0.0,4.2,17.18333335,45.45,45.5,45.5,45.5,44.95,-12.490222200000002,-0.0166666800000001,-0.0119999999999995,4.744,4.763333333333334,17.25802467666667,4.742666666666669,6.5998282,6.6675406,6.7045226,6.7126937,6.5722976,0,4.0,0,0.0,-1.26,38.4,61.6
2022-11-13 06:15:00,46.97589872222,0.0,0.0,17.18333335,4.763333333333334,44.95,0,5.1764362714980825,70.66250196097344,6,6,11,1.0,6.123233995736766e-17,-0.7818314824680299,0.6234898018587334,-0.5000000000000004,0.8660254037844384,0.0,0.0,0.0,12.05,26.3,40.75,81.5,1.0,5.1735115,0.0,3.975,17.146296313333334,45.03333333333333,45.45,45.5,45.5,44.53333333333333,-12.420000016666668,-0.0388888499999993,0.0313333333333334,4.732,4.772,17.214814810000004,4.746444444444447,6.5722976,6.5998282,6.6675406,6.7045226,6.49695,0,4.0,0,0.0,-1.27,38.9,61.1
2022-11-13 06:30:00,38.10458692222,0.0,0.0,17.146296313333334,4.772,44.53333333333333,0,5.1764362714980825,70.66250196097344,6,6,11,1.0,6.123233995736766e-17,-0.7818314824680299,0.6234898018587334,-0.5000000000000004,0.8660254037844384,0.0,0.0,0.0,11.8,26.3,48.5,82.0,0.9,5.127707,0.0,3.75,17.1111111,44.95,45.03333333333333,45.45,45.5,44.5,-12.374296313333334,-0.0370370366666676,0.0086666666666666,4.763333333333334,4.816666666666666,17.183950621111112,4.755777777777781,6.49695,6.5722976,6.5998282,6.6675406,6.47842,0,4.0,0,0.0,-1.28,39.5,60.5
2022-11-13 06:45:00,39.63174808333,0.0,0.0,17.1111111,4.816666666666666,44.5,0,5.1764362714980825,70.66250196097344,6,6,11,1.0,6.123233995736766e-17,-0.7818314824680299,0.6234898018587334,-0.5000000000000004,0.8660254037844384,0.0,0.0,0.0,11.55,26.3,56.25,82.5,0.8,5.081976,0.0,3.525,17.090740750000002,44.53333333333333,44.95,45.03333333333333,45.45,44.5,-12.294444433333332,-0.0351852133333352,0.0446666666666661,4.772,4.874,17.146913587777778,4.7840000000000025,6.47842,6.49695,6.5722976,6.5998282,6.4705186,0,4.0,0,0.0,-1.29,39.9,60.1
2022-11-13 07:00:00,48.64333210555,0.0,0.0,17.090740750000002,4.874,44.5,0,5.1764362714980825,70.66250196097344,7,6,11,0.9659258262890684,-0.2588190451025206,-0.7818314824680299,0.6234898018587334,-0.5000000000000004,0.8660254037844384,0.0,0.0,0.0,11.3,26.3,64.0,83.0,0.7,5.036325,0.0,3.3,17.05000004,44.5,44.53333333333333,44.95,45.03333333333333,44.5,-12.216740750000003,-0.0203703499999967,0.0573333333333332,4.816666666666666,4.87,17.116049387777778,4.820888888888891,6.4705186,6.47842,6.49695,6.5722976,6.454741,0,4.0,0,0.0,-1.3,40.2,59.8
2022-11-13 07:15:00,53.632299138886,0.0,0.0,17.05000004,4.87,44.5,0,5.1764362714980825,70.66250196097344,7,6,11,0.9659258262890684,-0.2588190451025206,-0.7818314824680299,0.6234898018587334,-0.5000000000000004,0.8660254037844384,0.0,0.0,0.0,11.5,26.375,72.5,84.0,0.725,5.045987,0.0,3.15,17.003703706666666,44.5,44.5,44.53333333333333,44.95,44.40833333333333,-12.18000004,-0.0407407100000014,-0.0039999999999995,4.874,4.861999999999999,17.08395063,4.853555555555558,6.454741,6.4705186,6.47842,6.49695,6.423592,0,4.0,0,0.0,-1.31,40.7,59.3
2022-11-13 07:30:00,50.284933088884,0.0,0.0,17.003703706666666,4.861999999999999,44.40833333333333,0,5.1764362714980825,70.66250196097344,7,6,11,0.9659258262890684,-0.2588190451025206,-0.7818314824680299,0.6234898018587334,-0.5000000000000004,0.8660254037844384,0.0,0.0,0.0,11.7,26.450000000000003,81.0,85.0,0.75,5.054888,0.0,3.0,16.99444444,44.5,44.5,44.5,44.53333333333333,44.075,-12.141703706666668,-0.0462963333333341,-0.0080000000000008,4.87,4.906000000000001,17.048148165555556,4.868666666666669,6.423592,6.454741,6.4705186,6.47842,6.3718376,0,4.0,0,0.0,-1.32,41.3,58.7
2022-11-13 07:45:00,48.670553249994,0.0,0.0,16.99444444,4.906000000000001,44.075,0,5.1764362714980825,70.66250196097344,7,6,11,0.9659258262890684,-0.2588190451025206,-0.7818314824680299,0.6234898018587334,-0.5000000000000004,0.8660254037844384,0.0,0.0,0.0,11.9,26.525,89.5,86.0,0.775,5.0630383,0.0,2.85,16.948148106666665,44.40833333333333,44.5,44.5,44.5,44.0,-12.088444439999998,-0.0092592666666675,0.0440000000000013,4.861999999999999,4.913333333333333,17.016049395555555,4.879333333333336,6.3718376,6.423592,6.454741,6.4705186,6.343359,0,4.0,0,0.0,-1.32,41.5,58.5
2022-11-13 08:00:00,38.1543071,0.0,0.0,16.948148106666665,4.913333333333333,44.0,0,5.1764362714980825,70.66250196097344,8,6,11,0.8660254037844387,-0.4999999999999998,-0.7818314824680299,0.6234898018587334,-0.5000000000000004,0.8660254037844384,0.0,0.0,0.0,12.1,26.6,98.0,87.0,0.8,5.070452,0.0,2.7,16.938888849999998,44.075,44.40833333333333,44.5,44.5,44.0,-12.03481477333333,-0.0462963333333341,0.0073333333333325,4.906000000000001,4.8213333333333335,16.98209875111111,4.89377777777778,6.343359,6.3718376,6.423592,6.454741,6.339836,0,4.0,0,0.0,-1.33,42.1,57.9
2022-11-13 08:15:00,37.619328516666,0.0,0.0,16.938888849999998,4.8213333333333335,44.0,0,5.1764362714980825,70.66250196097344,8,6,11,0.8660254037844387,-0.4999999999999998,-0.7818314824680299,0.6234898018587334,-0.5000000000000004,0.8660254037844384,6.5,1.625,0.5416666666666666,12.525,28.4,98.5,85.0,0.8,5.071894,0.0,3.05,16.8925926,44.0,44.075,44.40833333333333,44.5,44.0,-12.117555516666664,-0.0092592566666667,-0.0919999999999996,4.913333333333333,4.712666666666666,16.960493798888887,4.8802222222222245,6.339836,6.343359,6.3718376,6.423592,6.322252,0,4.0,0,0.0,-1.34,42.2,57.8
2022-11-13 08:30:00,53.454528433332,0.0,0.0,16.8925926,4.712666666666666,44.0,0,5.1764362714980825,70.66250196097344,8,6,11,0.8660254037844387,-0.4999999999999998,-0.7818314824680299,0.6234898018587334,-0.5000000000000004,0.8660254037844384,13.0,4.875,1.625,12.95,30.2,99.0,83.0,0.8,5.0701785,0.0,3.4,16.8888889,44.0,44.0,44.075,44.40833333333333,44.0,-12.179925933333331,-0.0462962499999974,-0.1086666666666671,4.8213333333333335,4.633333333333334,16.926543185555555,4.81577777777778,6.322252,6.339836,6.343359,6.3718376,6.3208456,0,4.0,0,0.0,-1.35,42.8,57.2
2022-11-13 08:45:00,56.746619094438,0.0,0.0,16.8888889,4.633333333333334,44.0,0,5.1764362714980825,70.66250196097344,8,6,11,0.8660254037844387,-0.4999999999999998,-0.7818314824680299,0.6234898018587334,-0.5000000000000004,0.8660254037844384,19.5,9.75,3.25,13.375,32.0,99.5,81.0,0.8,5.065174,0.0,3.75,16.868518513333335,44.0,44.0,44.0,44.075,44.0,-12.255555566666668,-0.003703699999999,-0.0793333333333325,4.712666666666666,4.776,16.906790116666667,4.722444444444447,6.3208456,6.322252,6.339836,6.343359,6.313123,0,4.0,0,0.0,-1.35,42.8,57.2
2022-11-13 09:00:00,42.895228588888,0.0,0.0,16.868518513333335,4.776,44.0,0,5.1764362714980825,70.66250196097344,9,6,11,0.7071067811865476,-0.7071067811865475,-0.7818314824680299,0.6234898018587334,-0.5000000000000004,0.8660254037844384,26.0,16.25,5.416666666666667,13.8,33.8,100.0,79.0,0.8,5.056745,0.0,4.1,16.8333333,44.0,44.0,44.0,44.0,44.0,-12.092518513333337,-0.0203703866666664,0.142666666666666,4.633333333333334,4.767333333333334,16.883333337777778,4.707333333333335,6.313123,6.3208456,6.322252,6.339836,6.2998023,0,4.0,0,0.0,-1.35,43.1,56.9
2022-11-13 09:15:00,42.094982949994,0.0,0.0,16.8333333,4.767333333333334,44.0,0,5.1764362714980825,70.66250196097344,9,6,11,0.7071067811865476,-0.7071067811865475,-0.7818314824680299,0.6234898018587334,-0.5000000000000004,0.8660254037844384,34.5,23.25,8.291666666666666,14.225,34.175,100.0,79.25,0.9,5.0896587,0.025,4.15,16.81296295,44.0,44.0,44.0,44.0,44.0,-12.065999966666666,-0.0351852133333352,-0.0086666666666657,4.776,4.497333333333334,16.86358023777778,4.725555555555558,6.2998023,6.313123,6.3208456,6.322252,6.2921033,0,4.0,0,0.0,-1.36,43.5,56.5
2022-11-13 09:30:00,44.745710116666,0.0,0.0,16.81296295,4.497333333333334,44.0,0,5.1764362714980825,70.66250196097344,9,6,11,0.7071067811865476,-0.7071067811865475,-0.7818314824680299,0.6234898018587334,-0.5000000000000004,0.8660254037844384,43.0,30.75,11.875,14.65,34.55,100.0,79.5,1.0,5.1227274,0.05,4.199999999999999,16.7777778,44.0,44.0,44.0,44.0,44.0,-12.315629616666666,-0.0203703500000003,-0.2700000000000004,4.767333333333334,3.396,16.83827158777778,4.680222222222224,6.2921033,6.2998023,6.313123,6.3208456,6.2788215,0,4.0,0,0.0,-1.37,43.8,56.2
2022-11-13 09:45:00,40.691150172218,0.0,0.0,16.7777778,3.396,44.0,0,5.1764362714980825,70.66250196097344,9,6,11,0.7071067811865476,-0.7071067811865475,-0.7818314824680299,0.6234898018587334,-0.5000000000000004,0.8660254037844384,51.5,38.75,16.166666666666668,15.075,34.925,100.0,79.75,1.1,5.1559534,0.075,4.25,16.757407413333333,44.0,44.0,44.0,44.0,44.0,-13.381777799999998,-0.0351851500000002,-1.1013333333333335,4.497333333333334,2.781333333333333,16.808024683333333,4.220222222222225,6.2788215,6.2921033,6.2998023,6.313123,6.2711425,0,4.0,0,0.0,-1.38,44.2,55.8
2022-11-13 10:00:00,51.918200922224,0.0,0.0,16.757407413333333,2.781333333333333,44.0,0,5.1764362714980825,70.66250196097344,10,6,11,0.4999999999999999,-0.8660254037844387,-0.7818314824680299,0.6234898018587334,-0.5000000000000004,0.8660254037844384,60.0,47.25,21.166666666666668,15.5,35.3,100.0,80.0,1.2,5.1893373,0.1,4.3,16.7222222,44.0,44.0,44.0,44.0,44.0,-13.97607408,-0.0203703866666664,-0.6146666666666665,3.396,2.584,16.782716054444446,3.558222222222225,6.2711425,6.2788215,6.2921033,6.2998023,6.2578983,0,4.0,0,0.0,-1.38,44.5,55.5
2022-11-13 10:15:00,66.799550211108,0.0,0.0,16.7222222,2.584,44.0,0,5.1764362714980825,70.66250196097344,10,6,11,0.4999999999999999,-0.8660254037844387,-0.7818314824680299,0.6234898018587334,-0.5000000000000004,0.8660254037844384,59.75,53.5625,26.14583333333333,15.125,34.925,100.0,80.75,1.275,5.2292905,0.125,4.275,16.7222222,44.0,44.0,44.0,44.0,44.0,-14.1382222,-0.0351852133333316,-0.1973333333333333,2.781333333333333,2.565333333333333,16.752469137777776,2.920444444444447,6.2578983,6.2711425,6.2788215,6.2921033,6.2578983,0,4.0,0,0.0,-1.39,45.0,55.0
2022-11-13 10:30:00,44.592382850002,0.0,0.0,16.7222222,2.565333333333333,44.0,0,5.1764362714980825,70.66250196097344,10,6,11,0.4999999999999999,-0.8660254037844387,-0.7818314824680299,0.6234898018587334,-0.5000000000000004,0.8660254037844384,59.5,57.6875,31.104166666666668,14.75,34.55,100.0,81.5,1.35,5.2690935,0.15,4.25,16.68333335,44.0,44.0,44.0,44.0,44.0,-14.156888866666668,0.0,-0.0186666666666668,2.584,2.803333333333333,16.733950604444445,2.643555555555558,6.2578983,6.2578983,6.2711425,6.2788215,6.243292,0,4.0,0,0.0,-1.39,45.0,55.0
2022-11-13 10:45:00,39.628137111108,0.0,0.0,16.68333335,2.803333333333333,44.0,0,5.1764362714980825,70.66250196097344,10,6,11,0.4999999999999999,-0.8660254037844387,-0.7818314824680299,0.6234898018587334,-0.5000000000000004,0.8660254037844384,59.25,59.625,36.04166666666666,14.375,34.175,100.0,82.25,1.425,5.3087487,0.175,4.225,16.6666667,44.0,44.0,44.0,44.0,44.0,-13.880000016666669,-0.0388888499999993,0.238,2.565333333333333,3.1646666666666667,16.709259250000002,2.650888888888891,6.243292,6.2578983,6.2578983,6.2711425,6.2370386,0,4.0,0,0.0,-1.4,45.5,54.5
2022-11-13 11:00:00,49.093869533332,0.0,0.0,16.6666667,3.1646666666666667,44.0,0,5.1764362714980825,70.66250196097344,11,6,11,0.258819045102521,-0.9659258262890682,-0.7818314824680299,0.6234898018587334,-0.5000000000000004,0.8660254037844384,59.0,59.375,40.958333333333336,14.0,33.8,100.0,83.0,1.5,5.348256,0.2,4.2,16.63333334,44.0,44.0,44.0,44.0,44.05,-13.502000033333331,-0.0166666500000012,0.3613333333333335,2.803333333333333,3.4886666666666666,16.69074075,2.8444444444444468,6.2370386,6.243292,6.2578983,6.2578983,6.231625,0,4.0,0,0.0,-1.4,45.7,54.3
2022-11-13 11:15:00,40.516157055556,0.0,0.0,16.63333334,3.4886666666666666,44.05,0,5.1764362714980825,70.66250196097344,11,6,11,0.258819045102521,-0.9659258262890682,-0.7818314824680299,0.6234898018587334,-0.5000000000000004,0.8660254037844384,64.25,60.5,45.770833333333336,13.55,33.724999999999994,97.25,86.0,1.7,5.4410014,0.375,3.925,16.642592606666668,44.0,44.0,44.0,44.0,44.46666666666667,-13.144666673333331,-0.0333333600000003,0.3239999999999998,3.1646666666666667,3.804,16.661111130000002,3.1522222222222247,6.231625,6.2370386,6.243292,6.2578983,6.294073,0,4.0,0,0.0,-1.41,46.1,53.9
2022-11-13 11:30:00,384.740443083334,0.0,0.0,16.642592606666668,3.804,44.46666666666667,0,5.1764362714980825,70.66250196097344,11,6,11,0.258819045102521,-0.9659258262890682,-0.7818314824680299,0.6234898018587334,-0.5000000000000004,0.8660254037844384,69.5,63.0,50.47916666666666,13.1,33.65,94.5,89.0,1.9,5.5283856,0.55,3.65,16.64444446,44.05,44.0,44.0,44.0,44.55,-12.838592606666667,0.0092592666666675,0.3153333333333337,3.4886666666666666,4.077333333333334,16.647530882222224,3.4857777777777805,6.294073,6.231625,6.2370386,6.243292,6.306571,0,4.0,0,0.0,-1.41,45.9,54.1
2022-11-13 11:45:00,921.367310549998,0.0,0.0,16.64444446,4.077333333333334,44.55,0,5.1764362714980825,70.66250196097344,11,6,11,0.258819045102521,-0.9659258262890682,-0.7818314824680299,0.6234898018587334,-0.5000000000000004,0.8660254037844384,74.75,66.875,55.083333333333336,12.65,33.575,91.75,92.0,2.1,5.610555,0.7249999999999999,3.375,16.614814806666665,44.46666666666667,44.05,44.0,44.0,44.96666666666667,-12.567111126666664,0.0018518533333313,0.2733333333333334,3.804,4.299333333333333,16.640123468888888,3.7900000000000023,6.306571,6.294073,6.231625,6.2370386,6.3542233,0,4.0,0,0.0,-1.41,45.8,54.2
2022-11-13 12:00:00,342.82461971667,0.0,0.0,16.614814806666665,4.299333333333333,44.96666666666667,0,5.1764362714980825,70.66250196097344,12,6,11,1.2246467991473532e-16,-1.0,-0.7818314824680299,0.6234898018587334,-0.5000000000000004,0.8660254037844384,80.0,72.125,59.583333333333336,12.2,33.5,89.0,95.0,2.3,5.687651,0.9,3.1,16.6111111,44.55,44.46666666666667,44.05,44.0,45.35,-12.315481473333332,-0.029629653333334,0.2219999999999995,4.077333333333334,4.417333333333334,16.63395062444444,4.060222222222225,6.3542233,6.306571,6.294073,6.231625,6.4069633,0,4.0,0,0.0,-1.41,46.1,53.9
2022-11-13 12:15:00,37.300174616666,0.0,0.0,16.6111111,4.417333333333334,45.35,0,5.1764362714980825,70.66250196097344,12,6,11,1.2246467991473532e-16,-1.0,-0.7818314824680299,0.6234898018587334,-0.5000000000000004,0.8660254037844384,127.0,87.8125,67.29166666666667,12.175,32.6,88.5,92.75,2.325,5.68477,0.8,3.45,16.6111111,44.96666666666667,44.55,44.46666666666667,44.05,45.5,-12.193777766666663,-0.0037037066666663,0.1180000000000003,4.299333333333333,3.0813333333333333,16.623456788888888,4.2646666666666695,6.4069633,6.3542233,6.306571,6.294073,6.428156,0,4.0,0,0.0,-1.41,46.1,53.9
2022-11-13 12:30:00,39.982011788888,0.0,0.0,16.6111111,3.0813333333333333,45.5,0,5.1764362714980825,70.66250196097344,12,6,11,1.2246467991473532e-16,-1.0,-0.7818314824680299,0.6234898018587334,-0.5000000000000004,0.8660254037844384,174.0,113.9375,78.20833333333333,12.15,31.7,88.0,90.5,2.35,5.678159,0.7,3.8,16.57222225,45.35,44.96666666666667,44.55,44.46666666666667,45.2,-13.529777766666664,0.0,-1.3360000000000003,4.417333333333334,2.384666666666667,16.61234566888889,3.932666666666669,6.428156,6.4069633,6.3542233,6.306571,6.3708515,0,4.0,0,0.0,-1.41,46.0,54.0
2022-11-13 12:45:00,158.740039094442,0.0,0.0,16.57222225,2.384666666666667,45.2,0,5.1764362714980825,70.66250196097344,12,6,11,1.2246467991473532e-16,-1.0,-0.7818314824680299,0.6234898018587334,-0.5000000000000004,0.8660254037844384,221.0,150.5,92.33333333333331,12.125,30.8,87.5,88.25,2.375,5.6676636,0.6,4.15,16.5555556,45.5,45.35,44.96666666666667,44.55,45.65,-14.187555583333332,-0.0388888499999993,-0.6966666666666663,3.0813333333333333,2.893333333333333,16.59814815,3.2944444444444465,6.3708515,6.428156,6.4069633,6.3542233,6.42783,0,4.0,0,0.0,-1.42,46.6,53.4
2022-11-13 13:00:00,418.52714716111,0.0,0.0,16.5555556,2.893333333333333,45.65,0,5.1764362714980825,70.66250196097344,13,6,11,-0.2588190451025208,-0.9659258262890684,-0.7818314824680299,0.6234898018587334,-0.5000000000000004,0.8660254037844384,268.0,197.5,109.66666666666669,12.1,29.9,87.0,86.0,2.4,5.653127,0.5,4.5,16.4611111,45.2,45.5,45.35,44.96666666666667,44.5,-13.662222266666667,-0.0166666499999976,0.5086666666666662,2.384666666666667,3.057333333333333,16.57962965,2.786444444444447,6.42783,6.3708515,6.428156,6.4069633,6.2303815,0,4.0,0,0.0,-1.42,46.7,53.3
2022-11-13 13:15:00,76.161397822224,0.0,0.0,16.4611111,3.057333333333333,44.5,0,5.1764362714980825,70.66250196097344,13,6,11,-0.2588190451025208,-0.9659258262890684,-0.7818314824680299,0.6234898018587334,-0.5000000000000004,0.8660254037844384,256.75,229.9375,126.08333333333331,11.875,30.625,89.75,86.25,2.35,5.632048,0.75,4.4,16.227777783333334,45.65,45.2,45.5,45.35,43.43333333333333,-13.403777766666668,-0.0944445000000016,0.1640000000000001,2.893333333333333,3.4040000000000004,16.52962965,2.7784444444444465,6.2303815,6.42783,6.3708515,6.428156,5.996121,0,4.0,0,0.0,-1.45,48.2,51.8
2022-11-13 13:30:00,684.344569505558,0.0,0.0,16.227777783333334,3.4040000000000004,43.43333333333333,0,5.1764362714980825,70.66250196097344,13,6,11,-0.2588190451025208,-0.9659258262890684,-0.7818314824680299,0.6234898018587334,-0.5000000000000004,0.8660254037844384,245.5,247.8125,141.58333333333334,11.65,31.35,92.5,86.5,2.3,5.6109705,1.0,4.3,16.02222222,44.5,45.65,45.2,45.5,45.7,-12.823777783333334,-0.2333333166666662,0.3466666666666671,3.057333333333333,3.521333333333333,16.41481482777778,3.1182222222222244,5.996121,6.2303815,6.42783,6.3708515,6.2312274,0,4.0,0,0.0,-1.51,51.5,48.5
2022-11-13 13:45:00,1199.871725427778,0.0,0.0,16.02222222,3.521333333333333,45.7,0,5.1764362714980825,70.66250196097344,13,6,11,-0.2588190451025208,-0.9659258262890684,-0.7818314824680299,0.6234898018587334,-0.5000000000000004,0.8660254037844384,234.25,251.125,156.16666666666666,11.425,32.075,95.25,86.75,2.25,5.5898943,1.25,4.199999999999999,15.85555557,43.43333333333333,44.5,45.65,45.2,45.66666666666666,-12.500888886666669,-0.2055555633333341,0.1173333333333328,3.4040000000000004,3.308,16.237037034444445,3.327555555555558,6.2312274,5.996121,6.2303815,6.42783,6.164247,0,4.0,0,0.0,-1.55,53.7,46.3
2022-11-13 14:00:00,1216.39162022222,0.0,0.0,15.85555557,3.308,45.66666666666666,0,5.1764362714980825,70.66250196097344,14,6,11,-0.4999999999999997,-0.8660254037844388,-0.7818314824680299,0.6234898018587334,-0.5000000000000004,0.8660254037844384,223.0,239.875,169.83333333333334,11.2,32.8,98.0,87.0,2.2,5.56882,1.5,4.1,15.65,45.7,43.43333333333333,44.5,45.65,44.3,-12.54755557,-0.1666666499999998,-0.2133333333333333,3.521333333333333,3.297333333333333,16.03518519111111,3.411111111111113,6.164247,6.2312274,5.996121,6.2303815,5.905798,0,4.0,0,0.0,-1.59,55.9,44.1
2022-11-13 14:15:00,951.647210288892,0.0,0.0,15.65,3.297333333333333,44.3,0,5.1764362714980825,70.66250196097344,14,6,11,-0.4999999999999997,-0.8660254037844388,-0.7818314824680299,0.6234898018587334,-0.5000000000000004,0.8660254037844384,214.25,229.25,182.33333333333331,11.45,32.8,97.0,85.5,1.875,5.4546146,1.5,4.05,15.46666667,45.66666666666666,45.7,43.43333333333333,44.5,43.81666666666667,-12.352666666666668,-0.2055555699999995,-0.0106666666666663,3.308,3.618666666666667,15.842592596666668,3.375555555555558,5.905798,6.164247,6.2312274,5.996121,5.776772,0,4.0,0,0.0,-1.65,58.9,41.1
2022-11-13 14:30:00,93.33098886111,0.0,0.0,15.46666667,3.618666666666667,43.81666666666667,0,5.1764362714980825,70.66250196097344,14,6,11,-0.4999999999999997,-0.8660254037844388,-0.7818314824680299,0.6234898018587334,-0.5000000000000004,0.8660254037844384,205.5,219.25,193.66666666666663,11.7,32.8,96.0,84.0,1.55,5.341099,1.5,4.0,15.30000002,44.3,45.66666666666666,45.7,43.43333333333333,43.5,-11.848000003333333,-0.1833333299999999,0.3213333333333334,3.297333333333333,3.895333333333333,15.657407413333331,3.4080000000000026,5.776772,5.905798,6.164247,6.2312274,5.677267,0,4.0,0,0.0,-1.69,61.4,38.6
2022-11-13 14:45:00,92.56435294444,0.0,0.0,15.30000002,3.895333333333333,43.5,0,5.1764362714980825,70.66250196097344,14,6,11,-0.4999999999999997,-0.8660254037844388,-0.7818314824680299,0.6234898018587334,-0.5000000000000004,0.8660254037844384,196.75,209.875,203.83333333333331,11.95,32.8,95.0,82.5,1.225,5.228271,1.5,3.95,15.15370372,43.81666666666667,44.3,45.66666666666666,45.7,43.5,-11.404666686666667,-0.1666666499999998,0.2766666666666664,3.618666666666667,4.036,15.47222223,3.603777777777781,5.677267,5.776772,5.905798,6.164247,5.6269846,0,4.0,0,0.0,-1.74,63.6,36.4
2022-11-13 15:00:00,96.186707927778,0.0,0.0,15.15370372,4.036,43.5,0,5.1764362714980825,70.66250196097344,15,6,11,-0.7071067811865471,-0.7071067811865479,-0.7818314824680299,0.6234898018587334,-0.5000000000000004,0.8660254037844384,188.0,201.125,212.83333333333331,12.2,32.8,94.0,81.0,0.9,5.116128,1.5,3.9,15.02222222,43.5,43.81666666666667,44.3,45.66666666666666,43.4,-11.117703720000002,-0.1462962999999995,0.1406666666666662,3.895333333333333,4.1160000000000005,15.306790136666669,3.850000000000002,5.6269846,5.677267,5.776772,5.905798,5.569295,0,4.0,0,0.0,-1.77,65.5,34.5
2022-11-13 15:15:00,96.135876594446,0.0,0.0,15.02222222,4.1160000000000005,43.4,0,5.1764362714980825,70.66250196097344,15,6,11,-0.7071067811865471,-0.7071067811865479,-0.7818314824680299,0.6234898018587334,-0.5000000000000004,0.8660254037844384,173.5,190.9375,216.70833333333331,12.65,32.8,95.0,79.25,0.625,5.022309,1.125,3.95,14.85555557,43.5,43.5,43.81666666666667,44.3,42.38333333333333,-10.90622222,-0.1314815000000013,0.0800000000000009,4.036,4.175333333333333,15.158641986666666,4.015777777777781,5.569295,5.6269846,5.677267,5.776772,5.3838606,0,4.0,0,0.0,-1.8,67.2,32.8
2022-11-13 15:30:00,84.23663048333,0.0,0.0,14.85555557,4.175333333333333,42.38333333333333,0,5.1764362714980825,70.66250196097344,15,6,11,-0.7071067811865471,-0.7071067811865479,-0.7818314824680299,0.6234898018587334,-0.5000000000000004,0.8660254037844384,159.0,179.3125,215.45833333333331,13.1,32.8,96.0,77.5,0.35,4.9277997,0.75,4.0,14.72777777,43.4,43.5,43.5,43.81666666666667,41.6,-10.680222236666667,-0.1666666499999998,0.0593333333333321,4.1160000000000005,3.979333333333333,15.010493836666669,4.109111111111113,5.3838606,5.569295,5.6269846,5.677267,5.2433133,0,4.0,0,0.0,-1.85,69.4,30.599999999999994
2022-11-13 15:45:00,93.470983377772,0.0,0.0,14.72777777,3.979333333333333,41.6,0,5.1764362714980825,70.66250196097344,15,6,11,-0.7071067811865471,-0.7071067811865479,-0.7818314824680299,0.6234898018587334,-0.5000000000000004,0.8660254037844384,144.5,166.25,209.08333333333331,13.55,32.8,97.0,75.75,0.0749999999999999,4.8325973,0.375,4.05,14.595634930714285,42.38333333333333,43.4,43.5,43.5,41.02857142857143,-10.748444436666666,-0.1277778000000005,-0.1959999999999992,4.175333333333333,3.166428571428572,14.86851852,4.090222222222224,5.2433133,5.3838606,5.569295,5.6269846,5.1297164,0,4.0,0,0.0,-1.88,71.1,28.900000000000006
2022-11-13 16:00:00,91.833826549998,0.0,0.0,14.595634930714285,3.166428571428572,41.02857142857143,0,5.1764362714980825,70.66250196097344,16,6,11,-0.8660254037844385,-0.5000000000000004,-0.7818314824680299,0.6234898018587334,-0.5000000000000004,0.8660254037844384,130.0,151.75,197.58333333333331,14.0,32.8,98.0,74.0,-0.2,4.7366977,0.0,4.1,14.50555557,41.6,42.38333333333333,43.4,43.5,41.35,-11.429206359285711,-0.1321428392857146,-0.812904761904762,3.979333333333333,2.744666666666667,14.726322756904764,3.773698412698416,5.1297164,5.2433133,5.3838606,5.569295,5.14151,0,4.0,0,0.0,-1.92,72.8,27.200000000000003
2022-11-13 16:15:00,92.91350556111,0.0,0.0,14.50555557,2.744666666666667,41.35,0,5.1764362714980825,70.66250196097344,16,6,11,-0.8660254037844385,-0.5000000000000004,-0.7818314824680299,0.6234898018587334,-0.5000000000000004,0.8660254037844384,127.0,140.125,186.77083333333331,14.2,33.05,93.0,73.5,-0.4,4.657914,0.025,3.95,14.396296306666668,41.02857142857143,41.6,42.38333333333333,43.4,41.68333333333333,-11.760888903333331,-0.0900793607142844,-0.4217619047619045,3.166428571428572,2.488,14.609656090238095,3.2968095238095265,5.14151,5.1297164,5.2433133,5.3838606,5.1484237,0,4.0,0,0.0,-1.94,73.8,26.200000000000003
2022-11-13 16:30:00,82.54475366111,0.0,0.0,14.396296306666668,2.488,41.68333333333333,0,5.1764362714980825,70.66250196097344,16,6,11,-0.8660254037844385,-0.5000000000000004,-0.7818314824680299,0.6234898018587334,-0.5000000000000004,0.8660254037844384,124.0,131.375,176.64583333333334,14.4,33.3,88.0,73.0,-0.6000000000000001,4.5801725,0.05,3.8,14.3888889,41.35,41.02857142857143,41.6,42.38333333333333,42.0,-11.908296306666667,-0.1092592633333335,-0.2566666666666668,2.744666666666667,2.528,14.499162269126984,2.7996984126984152,5.1484237,5.14151,5.1297164,5.2433133,5.185185,0,4.0,0,0.0,-1.96,74.9,25.099999999999994
2022-11-13 16:45:00,81.47229656111,0.0,0.0,14.3888889,2.528,42.0,0,5.1764362714980825,70.66250196097344,16,6,11,-0.8660254037844385,-0.5000000000000004,-0.7818314824680299,0.6234898018587334,-0.5000000000000004,0.8660254037844384,121.0,125.5,167.20833333333334,14.6,33.55,83.0,72.5,-0.8,4.503461,0.075,3.65,14.40925925,41.68333333333333,41.35,41.02857142857143,41.6,42.55,-11.8608889,-0.0074074066666671,0.04,2.488,2.556,14.430246925555556,2.5868888888888915,5.185185,5.1484237,5.14151,5.1297164,5.25964,0,4.0,0,0.0,-1.96,75.0,25.0
2022-11-13 17:00:00,164.50536402222,0.0,0.0,14.40925925,2.556,42.55,0,5.1764362714980825,70.66250196097344,17,6,11,-0.9659258262890684,-0.2588190451025206,-0.7818314824680299,0.6234898018587334,-0.5000000000000004,0.8660254037844384,118.0,122.5,158.45833333333334,14.8,33.8,78.0,72.0,-1.0,4.4277673,0.1,3.5,14.52777779,42.0,41.68333333333333,41.35,41.02857142857143,43.45,-11.85325925,0.0203703500000003,0.028,2.528,2.516,14.39814815222222,2.5240000000000022,5.25964,5.185185,5.1484237,5.14151,5.409975,0,4.0,0,0.0,-1.95,74.6,25.400000000000006
2022-11-13 17:15:00,195.275799722224,0.0,0.0,14.52777779,2.516,43.45,0,5.1764362714980825,70.66250196097344,17,6,11,-0.9659258262890684,-0.2588190451025206,-0.7818314824680299,0.6234898018587334,-0.5000000000000004,0.8660254037844384,92.25,113.8125,148.29166666666666,14.25,32.9,66.5,72.25,-1.1,4.3987427,0.075,3.35,14.6074074,42.55,42.0,41.68333333333333,41.35,42.85,-12.01177779,0.1185185400000001,-0.04,2.556,2.464,14.441975313333332,2.5333333333333354,5.409975,5.25964,5.185185,5.1484237,5.3613014,0,4.0,0,0.0,-1.92,73.1,26.900000000000006
2022-11-13 17:30:00,204.490153449998,0.0,0.0,14.6074074,2.464,42.85,0,5.1764362714980825,70.66250196097344,17,6,11,-0.9659258262890684,-0.2588190451025206,-0.7818314824680299,0.6234898018587334,-0.5000000000000004,0.8660254037844384,66.5,99.4375,136.70833333333334,13.7,32.0,55.0,72.5,-1.2,4.369801,0.05,3.2,14.65000002,43.45,42.55,42.0,41.68333333333333,42.45,-12.1434074,0.0796296099999995,-0.052,2.516,2.433333333333333,14.514814813333333,2.5120000000000022,5.3613014,5.409975,5.25964,5.185185,5.325096,0,4.0,0,0.0,-1.91,72.3,27.700000000000003
2022-11-13 17:45:00,201.099177977776,0.0,0.0,14.65000002,2.433333333333333,42.45,0,5.1764362714980825,70.66250196097344,17,6,11,-0.9659258262890684,-0.2588190451025206,-0.7818314824680299,0.6234898018587334,-0.5000000000000004,0.8660254037844384,40.75,79.375,123.70833333333331,13.15,31.1,43.5,72.75,-1.2999999999999998,4.340945,0.0249999999999999,3.05,14.68703705,42.85,43.45,42.55,42.0,42.03333333333333,-12.216666686666668,0.0425926200000006,-0.0306666666666668,2.464,2.4266666666666667,14.595061736666668,2.4711111111111137,5.325096,5.3613014,5.409975,5.25964,5.2847686,0,4.0,0,0.0,-1.9,71.9,28.099999999999994
2022-11-13 18:00:00,208.8258133,0.0,0.0,14.68703705,2.4266666666666667,42.03333333333333,0,5.1764362714980825,70.66250196097344,18,6,11,-1.0,-1.8369701987210294e-16,-0.7818314824680299,0.6234898018587334,-0.5000000000000004,0.8660254037844384,15.0,53.625,109.29166666666669,12.6,30.2,32.0,73.0,-1.4,4.312173,0.0,2.9,14.7222222,42.45,42.85,43.45,42.55,42.0,-12.260370383333331,0.0370370299999986,-0.0066666666666663,2.433333333333333,2.472,14.648148156666664,2.441333333333336,5.2847686,5.325096,5.3613014,5.409975,5.2919345,0,4.0,0,0.0,-1.89,71.5,28.5
2022-11-13 18:15:00,167.118870544444,0.0,0.0,14.7222222,2.472,42.0,0,5.1764362714980825,70.66250196097344,18,6,11,-1.0,-1.8369701987210294e-16,-0.7818314824680299,0.6234898018587334,-0.5000000000000004,0.8660254037844384,11.25,33.375,95.77083333333331,12.7,29.225,34.5,74.0,-1.4,4.3273463,0.0,2.75,14.7222222,42.03333333333333,42.45,42.85,43.45,42.0,-12.2502222,0.0351851500000002,0.0453333333333332,2.4266666666666667,2.516,14.686419756666666,2.444000000000002,5.2919345,5.2847686,5.325096,5.3613014,5.2919345,0,4.0,0,0.0,-1.88,71.1,28.900000000000006
2022-11-13 18:30:00,167.01081938333,0.0,0.0,14.7222222,2.516,42.0,0,5.1764362714980825,70.66250196097344,18,6,11,-1.0,-1.8369701987210294e-16,-0.7818314824680299,0.6234898018587334,-0.5000000000000004,0.8660254037844384,7.5,18.625,83.14583333333333,12.8,28.25,37.0,75.0,-1.4,4.341724,0.0,2.6,14.71666665,42.0,42.03333333333333,42.45,42.85,41.65,-12.2062222,0.0,0.044,2.472,2.543333333333333,14.710493816666665,2.471555555555558,5.2919345,5.2919345,5.2847686,5.325096,5.246055,0,4.0,0,0.0,-1.88,71.1,28.900000000000006
2022-11-13 18:45:00,471.398087788888,0.0,0.0,14.71666665,2.543333333333333,41.65,0,5.1764362714980825,70.66250196097344,18,6,11,-1.0,-1.8369701987210294e-16,-0.7818314824680299,0.6234898018587334,-0.5000000000000004,0.8660254037844384,3.75,9.375,71.41666666666667,12.9,27.275,39.5,76.0,-1.4,4.35532,0.0,2.45,14.6703704,42.0,42.0,42.03333333333333,42.45,41.5,-12.173333316666668,-0.0055555499999986,0.0273333333333334,2.516,2.464,14.72037035,2.5104444444444467,5.246055,5.2919345,5.2919345,5.2847686,5.2124043,0,4.0,0,0.0,-1.88,71.2,28.799999999999997
2022-11-13 19:00:00,171.479807233332,0.0,0.0,14.6703704,2.464,41.5,0,5.1764362714980825,70.66250196097344,19,6,11,-0.9659258262890684,0.2588190451025203,-0.7818314824680299,0.6234898018587334,-0.5000000000000004,0.8660254037844384,0.0,5.625,60.583333333333336,13.0,26.3,42.0,77.0,-1.4,4.368147,0.0,2.3,14.66111114,41.65,42.0,42.0,42.03333333333333,41.5,-12.2063704,-0.046296250000001,-0.0793333333333334,2.543333333333333,2.418,14.703086416666666,2.5077777777777803,5.2124043,5.246055,5.2919345,5.2919345,5.209458,0,4.0,0,0.0,-1.9,71.8,28.200000000000003
2022-11-13 19:15:00,155.196847527774,0.0,0.0,14.66111114,2.418,41.5,0,5.1764362714980825,70.66250196097344,19,6,11,-0.9659258262890684,0.2588190451025203,-0.7818314824680299,0.6234898018587334,-0.5000000000000004,0.8660254037844384,0.0,2.8125,50.0,14.175,27.925,50.75,78.0,-1.45,4.350663,0.05,2.05,14.614814806666669,41.5,41.65,42.0,42.0,41.5,-12.24311114,-0.0092592599999985,-0.0459999999999998,2.464,2.086,14.682716063333332,2.4751111111111137,5.209458,5.2124043,5.246055,5.2919345,5.194743,0,4.0,0,0.0,-1.9,71.9,28.099999999999994
2022-11-13 19:30:00,154.83797296666398,0.0,0.0,14.614814806666669,2.086,41.5,0,5.1764362714980825,70.66250196097344,19,6,11,-0.9659258262890684,0.2588190451025203,-0.7818314824680299,0.6234898018587334,-0.5000000000000004,0.8660254037844384,0.0,0.9375,39.66666666666666,15.35,29.55,59.5,79.0,-1.5,4.332384,0.1,1.8,14.60555555,41.5,41.5,41.65,42.0,41.5,-12.528814806666666,-0.0462963333333341,-0.3320000000000003,2.418,1.9246666666666667,14.64876544888889,2.322666666666669,5.194743,5.209458,5.2124043,5.246055,5.1918054,0,4.0,0,0.0,-1.91,72.5,27.5
2022-11-13 19:45:00,164.981456161106,0.0,0.0,14.60555555,1.9246666666666667,41.5,0,5.1764362714980825,70.66250196097344,19,6,11,-0.9659258262890684,0.2588190451025203,-0.7818314824680299,0.6234898018587334,-0.5000000000000004,0.8660254037844384,0.0,0.0,29.58333333333333,16.525,31.175,68.25,80.0,-1.55,4.3133373,0.15,1.55,14.5592593,41.5,41.5,41.5,41.65,41.5,-12.680888883333331,-0.0092592566666667,-0.1613333333333331,2.086,1.6486666666666667,14.62716049888889,2.142888888888891,5.1918054,5.194743,5.209458,5.2124043,5.1771345,0,4.0,0,0.0,-1.91,72.6,27.400000000000006
2022-11-13 20:00:00,180.48000284444,0.0,0.0,14.5592593,1.6486666666666667,41.5,0,5.1764362714980825,70.66250196097344,20,6,11,-0.8660254037844386,0.5000000000000001,-0.7818314824680299,0.6234898018587334,-0.5000000000000004,0.8660254037844384,0.0,0.0,19.75,17.7,32.8,77.0,81.0,-1.6,4.2935486,0.2,1.3,14.516666679999998,41.5,41.5,41.5,41.5,41.5,-12.910592633333334,-0.0462962499999992,-0.276,1.9246666666666667,1.2406666666666666,14.593209885555554,1.8864444444444468,5.1771345,5.1918054,5.194743,5.209458,5.163669,0,4.0,0,0.0,-1.92,73.1,26.900000000000006
2022-11-13 20:15:00,174.820229144444,0.0,0.0,14.516666679999998,1.2406666666666666,41.5,0,5.1764362714980825,70.66250196097344,20,6,11,-0.8660254037844386,0.5000000000000001,-0.7818314824680299,0.6234898018587334,-0.5000000000000004,0.8660254037844384,0.0,0.0,12.0625,17.55,34.224999999999994,82.75,80.75,-1.65,4.2802973,0.2,1.3,14.5,41.5,41.5,41.5,41.5,41.5,-13.276000013333332,-0.0425926200000024,-0.4080000000000001,1.6486666666666667,1.09,14.560493843333331,1.6046666666666691,5.163669,5.1771345,5.1918054,5.194743,5.158409,0,4.0,0,0.0,-1.93,73.6,26.400000000000006
2022-11-13 20:30:00,204.26960663889,0.0,0.0,14.5,1.09,41.5,0,5.1764362714980825,70.66250196097344,20,6,11,-0.8660254037844386,0.5000000000000001,-0.7818314824680299,0.6234898018587334,-0.5000000000000004,0.8660254037844384,0.0,0.0,6.520833333333333,17.4,35.65,88.5,80.5,-1.7000000000000002,4.2670455,0.2,1.3,14.5,41.5,41.5,41.5,41.5,41.5,-13.41,-0.0166666799999983,-0.1506666666666665,1.2406666666666666,1.11,14.52530866,1.3264444444444468,5.158409,5.163669,5.1771345,5.1918054,5.158409,0,4.0,0,0.0,-1.94,73.8,26.200000000000003
2022-11-13 20:45:00,211.970409861106,0.0,0.0,14.5,1.11,41.5,0,5.1764362714980825,70.66250196097344,20,6,11,-0.8660254037844386,0.5000000000000001,-0.7818314824680299,0.6234898018587334,-0.5000000000000004,0.8660254037844384,0.0,0.0,3.125,17.25,37.075,94.25,80.25,-1.75,4.2537937,0.2,1.3,14.5,41.5,41.5,41.5,41.5,41.5,-13.39,0.0,0.02,1.09,1.1413333333333333,14.50555556,1.1468888888888913,5.158409,5.158409,5.163669,5.1771345,5.158409,0,4.0,0,0.0,-1.94,73.8,26.200000000000003
2022-11-13 21:00:00,197.715980094438,0.0,0.0,14.5,1.1413333333333333,41.5,0,5.1764362714980825,70.66250196097344,21,6,11,-0.7071067811865477,0.7071067811865474,-0.7818314824680299,0.6234898018587334,-0.5000000000000004,0.8660254037844384,0.0,0.0,1.875,17.1,38.5,100.0,80.0,-1.8,4.240542,0.2,1.3,14.5,41.5,41.5,41.5,41.5,41.5,-13.358666666666666,0.0,0.0313333333333332,1.11,1.2526666666666666,14.5,1.1137777777777802,5.158409,5.158409,5.158409,5.163669,5.158409,0,4.0,0,0.0,-1.94,73.8,26.200000000000003
2022-11-13 21:15:00,192.803398755552,0.0,0.0,14.5,1.2526666666666666,41.5,0,5.1764362714980825,70.66250196097344,21,6,11,-0.7071067811865477,0.7071067811865474,-0.7818314824680299,0.6234898018587334,-0.5000000000000004,0.8660254037844384,0.0,0.0,0.9375,17.125,38.5,100.0,80.75,-1.7,4.2657323,0.225,1.25,14.479629613333334,41.5,41.5,41.5,41.5,41.5,-13.247333333333334,0.0,0.1113333333333332,1.1413333333333333,1.2866666666666666,14.5,1.168000000000002,5.158409,5.158409,5.158409,5.158409,5.151985,0,4.0,0,0.0,-1.94,73.8,26.200000000000003
2022-11-13 21:30:00,169.800707766664,0.0,0.0,14.479629613333334,1.2866666666666666,41.5,0,5.1764362714980825,70.66250196097344,21,6,11,-0.7071067811865477,0.7071067811865474,-0.7818314824680299,0.6234898018587334,-0.5000000000000004,0.8660254037844384,0.0,0.0,0.3125,17.15,38.5,100.0,81.5,-1.6,4.290697,0.25,1.2000000000000002,14.4444444,41.5,41.5,41.5,41.5,41.55,-13.192962946666666,-0.0203703866666664,0.034,1.2526666666666666,1.296,14.49320987111111,1.2268888888888911,5.151985,5.158409,5.158409,5.158409,5.1471,0,4.0,0,0.0,-1.94,74.0,26.0
2022-11-13 21:45:00,187.121959255556,0.0,0.0,14.4444444,1.296,41.55,0,5.1764362714980825,70.66250196097344,21,6,11,-0.7071067811865477,0.7071067811865474,-0.7818314824680299,0.6234898018587334,-0.5000000000000004,0.8660254037844384,0.0,0.0,0.0,17.175,38.5,100.0,82.25,-1.5,4.3154354,0.275,1.15,14.4444444,41.5,41.5,41.5,41.5,41.96666666666667,-13.1484444,-0.0351852133333334,0.0093333333333334,1.2866666666666666,1.2826666666666668,14.474691337777776,1.2784444444444467,5.1471,5.151985,5.158409,5.158409,5.198715,0,4.0,0,0.0,-1.95,74.4,25.599999999999994
2022-11-13 22:00:00,203.867678316666,0.0,0.0,14.4444444,1.2826666666666668,41.96666666666667,0,5.1764362714980825,70.66250196097344,22,6,11,-0.5000000000000004,0.8660254037844384,-0.7818314824680299,0.6234898018587334,-0.5000000000000004,0.8660254037844384,0.0,0.0,0.0,17.2,38.5,100.0,83.0,-1.4,4.3399487,0.3,1.1,14.483333320000002,41.55,41.5,41.5,41.5,42.0,-13.161777733333333,0.0,-0.0133333333333331,1.296,1.232,14.456172804444444,1.2884444444444467,5.198715,5.1471,5.151985,5.158409,5.2152386,0,4.0,0,0.0,-1.95,74.3,25.700000000000003
2022-11-13 22:15:00,201.702209355556,0.0,0.0,14.483333320000002,1.232,42.0,0,5.1764362714980825,70.66250196097344,22,6,11,-0.5000000000000004,0.8660254037844384,-0.7818314824680299,0.6234898018587334,-0.5000000000000004,0.8660254037844384,0.0,0.0,0.0,16.55,38.225,100.0,82.75,-1.475,4.326877,0.3,1.1,14.5,41.96666666666667,41.55,41.5,41.5,42.0,-13.251333320000002,0.0388889200000015,-0.0506666666666668,1.2826666666666668,1.1726666666666667,14.457407373333334,1.2702222222222248,5.2152386,5.198715,5.1471,5.151985,5.2205586,0,4.0,0,0.0,-1.94,73.9,26.099999999999994
2022-11-13 22:30:00,208.455272588888,0.0,0.0,14.5,1.1726666666666667,42.0,0,5.1764362714980825,70.66250196097344,22,6,11,-0.5000000000000004,0.8660254037844384,-0.7818314824680299,0.6234898018587334,-0.5000000000000004,0.8660254037844384,0.0,0.0,0.0,15.9,37.95,100.0,82.5,-1.5499999999999998,4.3138046,0.3,1.1,14.5,42.0,41.96666666666667,41.55,41.5,41.65,-13.327333333333334,0.0166666799999983,-0.0593333333333332,1.232,1.1166666666666667,14.475925906666667,1.2291111111111137,5.2205586,5.2152386,5.198715,5.1471,5.177054,0,4.0,0,0.0,-1.93,73.7,26.299999999999997
2022-11-13 22:45:00,197.568763550002,0.0,0.0,14.5,1.1166666666666667,41.65,0,5.1764362714980825,70.66250196097344,22,6,11,-0.5000000000000004,0.8660254037844384,-0.7818314824680299,0.6234898018587334,-0.5000000000000004,0.8660254037844384,0.0,0.0,0.0,15.25,37.675,100.0,82.25,-1.625,4.300732,0.3,1.1,14.5,42.0,42.0,41.96666666666667,41.55,41.5,-13.383333333333333,0.0,-0.056,1.1726666666666667,0.97,14.49444444,1.17377777777778,5.177054,5.2205586,5.2152386,5.198715,5.158409,0,4.0,0,0.0,-1.94,73.8,26.200000000000003
2022-11-13 23:00:00,182.86462953889,0.0,0.0,14.5,0.97,41.5,0,5.1764362714980825,70.66250196097344,23,6,11,-0.2588190451025215,0.965925826289068,-0.7818314824680299,0.6234898018587334,-0.5000000000000004,0.8660254037844384,0.0,0.0,0.0,14.6,37.4,100.0,82.0,-1.7,4.2876606,0.3,1.1,14.464682511428572,41.65,42.0,42.0,41.96666666666667,41.44642857142857,-13.53,0.0,-0.1466666666666667,1.1166666666666667,0.9742857142857144,14.5,1.0864444444444468,5.158409,5.177054,5.2205586,5.2152386,5.140632,0,4.0,0,0.0,-1.94,73.8,26.200000000000003
2022-11-13 23:15:00,57.415758727782,0.0,0.0,14.464682511428572,0.9742857142857144,41.44642857142857,0,5.1764362714980825,70.66250196097344,23,6,11,-0.2588190451025215,0.965925826289068,-0.7818314824680299,0.6234898018587334,-0.5000000000000004,0.8660254037844384,0.0,0.0,0.0,14.15,36.7,94.75,80.5,-1.925,4.2164173,0.275,1.125,14.49722222,41.5,41.65,42.0,42.0,41.025,-13.490396797142855,-0.0353174885714278,0.0042857142857143,0.97,0.8385714285714286,14.488227503809526,1.0203174603174627,5.140632,5.158409,5.177054,5.2205586,5.0985007,0,4.0,0,0.0,-1.94,74.2,25.799999999999997
2022-11-13 23:30:00,511.69369818333,0.0,0.0,14.49722222,0.8385714285714286,41.025,0,5.1764362714980825,70.66250196097344,23,6,11,-0.2588190451025215,0.965925826289068,-0.7818314824680299,0.6234898018587334,-0.5000000000000004,0.8660254037844384,0.0,0.0,0.0,13.7,36.0,89.5,79.0,-2.15,4.144917,0.25,1.15,14.46666664,41.44642857142857,41.5,41.65,42.0,41.35,-13.65865079142857,0.0325397085714271,-0.1357142857142856,0.9742857142857144,0.8480000000000001,14.487301577142858,0.92761904761905,5.0985007,5.140632,5.158409,5.177054,5.1292944,0,4.0,0,0.0,-1.94,73.9,26.099999999999994
2022-11-13 23:45:00,61.170608627778,0.0,0.0,14.46666664,0.8480000000000001,41.35,0,5.1764362714980825,70.66250196097344,23,6,11,-0.2588190451025215,0.965925826289068,-0.7818314824680299,0.6234898018587334,-0.5000000000000004,0.8660254037844384,0.0,0.0,0.0,13.25,35.3,84.25,77.5,-2.375,4.0731583,0.225,1.175,14.496296293333332,41.025,41.44642857142857,41.5,41.65,41.5,-13.61866664,-0.0305555799999996,0.0094285714285714,0.8385714285714286,0.7425,14.476190457142858,0.8869523809523834,5.1292944,5.0985007,5.140632,5.158409,5.15724,0,4.0,0,0.0,-1.94,74.2,25.799999999999997
2022-11-14 00:00:00,85.431582616666,36.756307488888,36.766584894442,14.496296293333332,0.7425,41.5,1,5.1764362714980825,70.66250196097344,0,0,11,0.0,1.0,0.0,1.0,-0.5000000000000004,0.8660254037844384,0.0,0.0,0.0,12.8,34.6,79.0,76.0,-2.6,4.0011406,0.2,1.2,14.81666665,41.35,41.025,41.44642857142857,41.5,41.05,-13.753796293333332,0.0296296533333322,-0.1055,0.8480000000000001,0.5506666666666666,14.486728384444442,0.8096904761904787,5.15724,5.1292944,5.0985007,5.140632,5.202135,0,3.0,1,0.25,-1.94,73.8,26.200000000000003
2022-11-14 00:15:00,350.70791562222,268.561201555556,268.591200388888,14.81666665,0.5506666666666666,41.05,2,5.1764362714980825,70.66250196097344,0,0,11,0.0,1.0,0.0,1.0,-0.5000000000000004,0.8660254037844384,0.0,0.0,0.0,13.05,33.875,84.25,73.75,-3.1,3.8628669,0.15,1.125,15.977777806666666,41.5,41.35,41.025,41.44642857142857,39.333333333333336,-14.265999983333334,0.3203703566666682,-0.1918333333333334,0.7425,0.5353333333333334,14.593209861111111,0.7137222222222247,5.202135,5.15724,5.1292944,5.0985007,5.34874,0,2.0,1,0.5,-1.86,70.2,29.799999999999997
2022-11-14 00:30:00,375.83135506111,323.507614711112,323.540946744444,15.977777806666666,0.5353333333333334,39.333333333333336,2,5.1764362714980825,70.66250196097344,0,0,11,0.0,1.0,0.0,1.0,-0.5000000000000004,0.8660254037844384,0.0,0.0,0.0,13.3,33.15,89.5,71.5,-3.6,3.7258887,0.1,1.05,17.172222209999997,41.05,41.5,41.35,41.025,37.2,-15.442444473333332,1.1611111566666654,-0.0153333333333331,0.5506666666666666,0.5559999999999999,15.096913583333333,0.6095000000000024,5.34874,5.202135,5.15724,5.1292944,5.4355254,0,1.0,0,0.75,-1.59,55.8,44.2
2022-11-14 00:45:00,320.553010766664,274.050981988888,274.080980838886,17.172222209999997,0.5559999999999999,37.2,2,5.1764362714980825,70.66250196097344,0,0,11,0.0,1.0,0.0,1.0,-0.5000000000000004,0.8660254037844384,0.0,0.0,0.0,13.55,32.425,94.75,69.25,-4.1,3.590197,0.0499999999999999,0.975,17.79285711142857,39.333333333333336,41.05,41.5,41.35,35.65,-16.616222209999997,1.194444403333332,0.0206666666666665,0.5353333333333334,0.5928571428571429,15.988888888888887,0.5473333333333357,5.4355254,5.34874,5.202135,5.15724,5.4057703,0,0.0,0,1.0,-1.31,40.9,59.1
2022-11-14 01:00:00,213.6972851,169.842650472222,169.863205249998,17.79285711142857,0.5928571428571429,35.65,2,5.1764362714980825,70.66250196097344,1,0,11,0.2588190451025207,0.9659258262890684,0.0,1.0,-0.5000000000000004,0.8660254037844384,0.0,0.0,0.0,13.8,31.7,100.0,67.0,-4.6,3.4557843,0.0,0.9,17.71666665,37.2,39.333333333333336,41.05,41.5,35.0,-17.19999996857143,0.6206349014285735,0.0368571428571429,0.5559999999999999,0.7040000000000001,16.980952376031745,0.5613968253968279,5.4057703,5.4355254,5.34874,5.202135,5.283161,0,0.0,0,1.0,-1.17,33.8,66.2
2022-11-14 01:15:00,278.710517866664,222.060006127778,222.08583846111,17.71666665,0.7040000000000001,35.0,2,5.1764362714980825,70.66250196097344,1,0,11,0.2588190451025207,0.9659258262890684,0.0,1.0,-0.5000000000000004,0.8660254037844384,0.0,0.0,0.0,13.375,31.525,100.0,66.5,-4.699999999999999,3.4241352,0.0,0.875,17.866666676666668,35.65,37.2,39.333333333333336,41.05,34.81666666666667,-17.01266665,-0.0761904614285704,0.1111428571428572,0.5928571428571429,0.7193333333333334,17.56058199047619,0.6176190476190501,5.283161,5.4057703,5.4355254,5.34874,5.3026695,0,0.0,0,1.0,-1.19,34.9,65.1
2022-11-14 01:30:00,393.627309927774,333.44388396111003,333.483882427774,17.866666676666668,0.7193333333333334,34.81666666666667,2,5.1764362714980825,70.66250196097344,1,0,11,0.2588190451025207,0.9659258262890684,0.0,1.0,-0.5000000000000004,0.8660254037844384,0.0,0.0,0.0,12.95,31.35,100.0,66.0,-4.8,3.3925831,0.0,0.8500000000000001,18.561111120000003,35.0,35.65,37.2,39.333333333333336,33.75,-17.147333343333333,0.1500000266666674,0.0153333333333333,0.7040000000000001,0.752,17.79206347936508,0.6720634920634945,5.3026695,5.283161,5.4057703,5.4355254,5.3566284,0,0.0,0,1.0,-1.16,33.2,66.8
2022-11-14 01:45:00,330.967594166664,276.441441883334,276.47449616111,18.561111120000003,0.752,33.75,2,5.1764362714980825,70.66250196097344,1,0,11,0.2588190451025207,0.9659258262890684,0.0,1.0,-0.5000000000000004,0.8660254037844384,0.0,0.0,0.0,12.525,31.175,100.0,65.5,-4.9,3.3611271,0.0,0.8250000000000001,19.007407396666668,34.81666666666667,35.0,35.65,37.2,32.85,-17.809111120000004,0.6944444433333352,0.0326666666666666,0.7193333333333334,0.776,18.04814814888889,0.7251111111111136,5.3566284,5.3026695,5.283161,5.4057703,5.3531795,0,0.0,0,1.0,-1.0,26.2,73.8
2022-11-14 02:00:00,319.07362546111,269.517552183334,269.550328705554,19.007407396666668,0.776,32.85,2,5.1764362714980825,70.66250196097344,2,0,11,0.4999999999999999,0.8660254037844387,0.0,1.0,-0.5000000000000004,0.8660254037844384,0.0,0.0,0.0,12.1,31.0,100.0,65.0,-5.0,3.3297684,0.0,0.8,19.07222223,33.75,34.81666666666667,35.0,35.65,32.2,-18.23140739666667,0.4462962766666649,0.024,0.752,0.8033333333333333,18.478395064444445,0.7491111111111136,5.3531795,5.3566284,5.3026695,5.283161,5.267361,0,0.0,0,1.0,-0.9,22.2,77.8
2022-11-14 02:15:00,173.40945234444,126.449108483334,126.469107766664,19.07222223,0.8033333333333333,32.2,2,5.1764362714980825,70.66250196097344,2,0,11,0.4999999999999999,0.8660254037844387,0.0,1.0,-0.5000000000000004,0.8660254037844384,0.0,0.0,0.0,11.925,29.825,100.0,66.5,-4.725,3.4066098,0.025,0.8,18.59523813571429,32.85,33.75,34.81666666666667,35.0,32.464285714285715,-18.268888896666667,0.0648148333333331,0.0273333333333333,0.776,0.8164285714285714,18.88024691555556,0.7771111111111134,5.267361,5.3531795,5.3566284,5.3026695,5.1629887,0,0.0,0,1.0,-0.89,21.8,78.2
2022-11-14 02:30:00,353.683629955552,314.2882613,314.325482111108,18.59523813571429,0.8164285714285714,32.464285714285715,2,5.1764362714980825,70.66250196097344,2,0,11,0.4999999999999999,0.8660254037844387,0.0,1.0,-0.5000000000000004,0.8660254037844384,0.0,0.0,0.0,11.75,28.65,100.0,68.0,-4.45,3.4834502,0.05,0.8,18.950000040000003,32.2,32.85,33.75,34.81666666666667,32.05,-17.778809564285716,-0.4769840942857151,0.013095238095238,0.8033333333333333,0.818,18.89162258746032,0.798587301587304,5.1629887,5.267361,5.3531795,5.3566284,5.2051435,0,0.0,0,1.0,-1.0,26.2,73.8
2022-11-14 02:45:00,384.22185276111,335.592131344444,335.631296477776,18.950000040000003,0.818,32.05,2,5.1764362714980825,70.66250196097344,2,0,11,0.4999999999999999,0.8660254037844387,0.0,1.0,-0.5000000000000004,0.8660254037844384,0.0,0.0,0.0,11.575,27.475,100.0,69.5,-4.175,3.560291,0.075,0.8,19.531481496666668,32.464285714285715,32.2,32.85,33.75,31.066666666666663,-18.13200004,0.3547619042857164,0.0015714285714285,0.8164285714285714,0.6866666666666668,18.872486801904767,0.8125873015873039,5.2051435,5.1629887,5.267361,5.3531795,5.221264,0,0.0,0,1.0,-0.92,22.9,77.1
2022-11-14 03:00:00,356.13297627778,287.172123755556,287.206289055556,19.531481496666668,0.6866666666666668,31.066666666666663,2,5.1764362714980825,70.66250196097344,3,0,11,0.7071067811865476,0.7071067811865476,0.0,1.0,-0.5000000000000004,0.8660254037844384,0.0,0.0,0.0,11.4,26.3,100.0,71.0,-3.9,3.6371317,0.1,0.8,19.66111111,32.05,32.464285714285715,32.2,32.85,30.7,-18.84481483,0.5814814566666655,-0.1313333333333332,0.818,0.5793333333333333,19.025573224126987,0.7736984126984151,5.221264,5.2051435,5.1629887,5.267361,5.19908,0,0.0,0,1.0,-0.79,18.2,81.8
2022-11-14 03:15:00,199.898948322216,153.306089777776,153.328033399996,19.66111111,0.5793333333333333,30.7,2,5.1764362714980825,70.66250196097344,3,0,11,0.7071067811865476,0.7071067811865476,0.0,1.0,-0.5000000000000004,0.8660254037844384,0.0,0.0,0.0,11.425,26.125,100.0,72.5,-3.65,3.7076228,0.15,0.775,19.12407409333333,31.066666666666663,32.05,32.464285714285715,32.2,31.15,-19.081777776666662,0.1296296133333321,-0.1073333333333335,0.6866666666666668,0.448,19.38086421555556,0.6946666666666691,5.19908,5.221264,5.2051435,5.1629887,5.1112046,0,0.0,0,1.0,-0.76,17.3,82.7
2022-11-14 03:30:00,202.459679172218,160.180814744444,160.202202788888,19.12407409333333,0.448,31.15,2,5.1764362714980825,70.66250196097344,3,0,11,0.7071067811865476,0.7071067811865476,0.0,1.0,-0.5000000000000004,0.8660254037844384,0.0,0.0,0.0,11.45,25.950000000000003,100.0,74.0,-3.4,3.7778597,0.2,0.75,18.8611111,30.7,31.066666666666663,32.05,32.464285714285715,31.45,-18.67607409333333,-0.537037016666666,-0.1313333333333332,0.5793333333333333,0.472,19.4388889,0.5713333333333357,5.1112046,5.19908,5.221264,5.2051435,5.080955,0,0.0,0,1.0,-0.89,21.6,78.4
2022-11-14 03:45:00,312.675270288888,263.825557688888,263.856667594442,18.8611111,0.472,31.45,2,5.1764362714980825,70.66250196097344,3,0,11,0.7071067811865476,0.7071067811865476,0.0,1.0,-0.5000000000000004,0.8660254037844384,0.0,0.0,0.0,11.475,25.775,100.0,75.5,-3.15,3.8478453,0.25,0.725,19.350000026666667,31.15,30.7,31.066666666666663,32.05,30.85,-18.3891111,-0.2629629933333319,0.024,0.448,0.4626666666666666,19.21543210111112,0.4997777777777801,5.080955,5.1112046,5.19908,5.221264,5.1298013,0,0.0,0,1.0,-0.94,23.9,76.1
2022-11-14 04:00:00,313.661897538886,266.8776578,266.909045477776,19.350000026666667,0.4626666666666666,30.85,2,5.1764362714980825,70.66250196097344,4,0,11,0.8660254037844386,0.5000000000000001,0.0,1.0,-0.5000000000000004,0.8660254037844384,0.0,0.0,0.0,11.5,25.6,100.0,77.0,-2.9,3.9175787,0.3,0.7,19.66666667,31.45,31.15,30.7,31.066666666666663,30.5,-18.88733336,0.4888889266666645,-0.0093333333333333,0.472,0.41,19.111728406666668,0.4608888888888913,5.1298013,5.080955,5.1112046,5.19908,5.166894,0,0.0,0,1.0,-0.84,19.7,80.3
2022-11-14 04:15:00,272.168001744444,224.019094427778,224.04659336111,19.66666667,0.41,30.5,2,5.1764362714980825,70.66250196097344,4,0,11,0.8660254037844386,0.5000000000000001,0.0,1.0,-0.5000000000000004,0.8660254037844384,0.0,0.0,0.0,11.475,25.5,100.0,77.0,-2.95,3.8974974,0.35,0.625,19.48703706666667,30.85,31.45,31.15,30.7,30.683333333333334,-19.25666667,0.3166666433333311,-0.0526666666666666,0.4626666666666666,0.344,19.29259259888889,0.4482222222222247,5.166894,5.1298013,5.080955,5.1112046,5.1433835,0,0.0,0,1.0,-0.76,17.3,82.7
2022-11-14 04:30:00,166.00724842777402,107.5240322,107.542087094442,19.48703706666667,0.344,30.683333333333334,2,5.1764362714980825,70.66250196097344,4,0,11,0.8660254037844386,0.5000000000000001,0.0,1.0,-0.5000000000000004,0.8660254037844384,0.0,0.0,0.0,11.45,25.4,100.0,77.0,-3.0,3.8775065,0.4,0.55,18.83333336,30.5,30.85,31.45,31.15,31.0,-19.14303706666667,-0.1796296033333284,-0.066,0.41,0.31,19.501234587777777,0.4055555555555579,5.1433835,5.166894,5.1298013,5.080955,5.0000405,0,0.0,0,1.0,-0.8,18.7,81.3
2022-11-14 04:45:00,548.3772307666641,174.963556744444,174.986889177776,18.83333336,0.31,31.0,2,5.1764362714980825,70.66250196097344,4,0,11,0.8660254037844386,0.5000000000000001,0.0,1.0,-0.5000000000000004,0.8660254037844384,0.0,0.0,0.0,11.425,25.3,100.0,77.0,-3.05,3.8576052,0.45,0.475,18.94444444,30.683333333333334,30.5,30.85,31.45,31.0,-18.52333336,-0.653703706666672,-0.034,0.344,0.3473333333333333,19.32901236555556,0.3546666666666691,5.0000405,5.1433835,5.166894,5.1298013,5.0329666,0,0.0,0,1.0,-0.95,24.2,75.8
2022-11-14 05:00:00,297.606706522216,255.363396172222,255.395061605554,18.94444444,0.3473333333333333,31.0,2,5.1764362714980825,70.66250196097344,5,0,11,0.9659258262890684,0.2588190451025207,0.0,1.0,-0.5000000000000004,0.8660254037844384,0.0,0.0,0.0,11.4,25.2,100.0,77.0,-3.1,3.8377943,0.5,0.4,19.41666668,31.0,30.683333333333334,30.5,30.85,30.6,-18.597111106666663,0.1111110800000005,0.0373333333333333,0.31,0.3533333333333333,19.088271622222223,0.3337777777777801,5.0329666,5.0000405,5.1433835,5.166894,5.1082296,0,0.0,0,1.0,-0.93,23.2,76.8
2022-11-14 05:15:00,298.646664955548,255.850321127778,255.881986594442,19.41666668,0.3533333333333333,30.6,2,5.1764362714980825,70.66250196097344,5,0,11,0.9659258262890684,0.2588190451025207,0.0,1.0,-0.5000000000000004,0.8660254037844384,0.0,0.0,0.0,11.5,25.3,99.75,76.0,-3.35,3.7749662,0.45,0.35,19.696296323333332,31.0,31.0,30.683333333333334,30.5,29.85,-19.063333346666667,0.4722222400000007,0.006,0.3473333333333333,0.4566666666666666,19.064814826666662,0.3368888888888912,5.1082296,5.0329666,5.0000405,5.1433835,5.065584,0,0.0,0,1.0,-0.82,19.2,80.8
2022-11-14 05:30:00,239.248207505554,189.711577916666,189.737132494442,19.696296323333332,0.4566666666666666,29.85,2,5.1764362714980825,70.66250196097344,5,0,11,0.9659258262890684,0.2588190451025207,0.0,1.0,-0.5000000000000004,0.8660254037844384,0.0,0.0,0.0,11.6,25.4,99.5,75.0,-3.6,3.7125185,0.4,0.3,19.48333331,30.6,31.0,31.0,30.683333333333334,29.9,-19.23962965666667,0.2796296433333367,0.1033333333333333,0.3533333333333333,0.448,19.35246914777778,0.3857777777777801,5.065584,5.1082296,5.0329666,5.0000405,5.0109835,0,0.0,0,1.0,-0.76,17.2,82.8
2022-11-14 05:45:00,152.461123611108,103.153095894446,103.169484172222,19.48333331,0.448,29.9,2,5.1764362714980825,70.66250196097344,5,0,11,0.9659258262890684,0.2588190451025207,0.0,1.0,-0.5000000000000004,0.8660254037844384,0.0,0.0,0.0,11.7,25.5,99.25,74.0,-3.85,3.6504483,0.35,0.25,18.833333303333333,29.85,30.6,31.0,31.0,30.466666666666665,-19.03533331,-0.2129630133333364,-0.0086666666666666,0.4566666666666666,0.492,19.532098771111112,0.4193333333333357,5.0109835,5.065584,5.1082296,5.0329666,4.914018,0,0.0,0,1.0,-0.81,18.8,81.2
2022-11-14 06:00:00,218.179050355552,160.38497326111,160.408583449998,18.833333303333333,0.492,30.466666666666665,2,5.1764362714980825,70.66250196097344,6,0,11,1.0,6.123233995736766e-17,0.0,1.0,-0.5000000000000004,0.8660254037844384,0.0,0.0,0.0,11.8,25.6,99.0,73.0,-4.1,3.5887556,0.3,0.2,18.91111108,29.9,29.85,30.6,31.0,30.45,-18.34133330333333,-0.6500000066666658,0.0439999999999999,0.448,0.5153333333333333,19.337654312222224,0.4655555555555579,4.914018,5.0109835,5.065584,5.1082296,4.93395,0,0.0,0,1.0,-0.96,24.3,75.7
2022-11-14 06:15:00,283.580322983334,229.916358511112,229.945801833332,18.91111108,0.5153333333333333,30.45,2,5.1764362714980825,70.66250196097344,6,0,11,1.0,6.123233995736766e-17,0.0,1.0,-0.5000000000000004,0.8660254037844384,0.0,0.0,0.0,11.7,25.6,99.0,73.0,-4.074999999999999,3.5887556,0.25,0.2,19.35740743333333,30.466666666666665,29.9,29.85,30.6,29.85,-18.395777746666667,0.077777776666668,0.0233333333333333,0.492,0.4953333333333333,19.07592589777778,0.4851111111111135,4.93395,4.914018,5.0109835,5.065584,4.9656835,0,0.0,0,1.0,-0.94,23.6,76.4
2022-11-14 06:30:00,309.27707283889,257.898572511112,257.929404677776,19.35740743333333,0.4953333333333333,29.85,2,5.1764362714980825,70.66250196097344,6,0,11,1.0,6.123233995736766e-17,0.0,1.0,-0.5000000000000004,0.8660254037844384,0.0,0.0,0.0,11.6,25.6,99.0,73.0,-4.05,3.5887556,0.2,0.2,19.71666669,30.45,30.466666666666665,29.9,29.85,29.45,-18.8620741,0.4462963533333308,-0.0199999999999999,0.5153333333333333,0.496,19.03395060555556,0.5008888888888913,4.9656835,4.93395,4.914018,5.0109835,5.0036817,0,0.0,0,1.0,-0.84,19.9,80.1
2022-11-14 06:45:00,280.407116633332,238.717117633332,238.747394238886,19.71666669,0.496,29.45,2,5.1764362714980825,70.66250196097344,6,0,11,1.0,6.123233995736766e-17,0.0,1.0,-0.5000000000000004,0.8660254037844384,0.0,0.0,0.0,11.5,25.6,99.0,73.0,-4.025,3.5887556,0.15,0.2,19.70740739,29.85,30.45,30.466666666666665,29.9,29.216666666666665,-19.22066669,0.3592592566666681,0.0006666666666667,0.4953333333333333,0.5980000000000001,19.32839506777778,0.5022222222222247,5.0036817,4.9656835,4.93395,4.914018,4.9613414,0,0.0,0,1.0,-0.76,17.1,82.9
2022-11-14 07:00:00,153.4971932,111.67608836111,111.693865449998,19.70740739,0.5980000000000001,29.216666666666665,2,5.1764362714980825,70.66250196097344,7,0,11,0.9659258262890684,-0.2588190451025206,0.0,1.0,-0.5000000000000004,0.8660254037844384,0.0,0.0,0.0,11.4,25.6,99.0,73.0,-4.0,3.5887556,0.1,0.2,19.07222223,29.45,29.85,30.45,30.466666666666665,29.55,-19.10940739,-0.0092593,0.102,0.496,0.6013333333333333,19.593827171111112,0.5297777777777801,4.9613414,5.0036817,4.9656835,4.93395,4.833867,0,0.0,0,1.0,-0.76,17.2,82.8
2022-11-14 07:15:00,196.656300116666,145.8999971,145.92055186111,19.07222223,0.6013333333333333,29.55,2,5.1764362714980825,70.66250196097344,7,0,11,0.9659258262890684,-0.2588190451025206,0.0,1.0,-0.5000000000000004,0.8660254037844384,0.0,0.0,0.0,11.0,25.775,99.0,73.75,-3.875,3.6256266,0.075,0.2,18.99074076,29.216666666666665,29.45,29.85,30.45,29.78333333333333,-18.47088889666667,-0.6351851599999989,0.0033333333333331,0.5980000000000001,0.638,19.49876543666667,0.5651111111111135,4.833867,4.9613414,5.0036817,4.9656835,4.8486686,0,0.0,0,1.0,-0.91,22.3,77.7
2022-11-14 07:30:00,289.160099833332,228.8858442,228.915287488888,18.99074076,0.638,29.78333333333333,2,5.1764362714980825,70.66250196097344,7,0,11,0.9659258262890684,-0.2588190451025206,0.0,1.0,-0.5000000000000004,0.8660254037844384,0.0,0.0,0.0,10.6,25.950000000000003,99.0,74.5,-3.75,3.662497,0.05,0.2,19.42777779,29.55,29.216666666666665,29.45,29.85,28.75,-18.35274076,-0.0814814699999999,0.0366666666666667,0.6013333333333333,0.7533333333333334,19.25679012666667,0.6124444444444468,4.8486686,4.833867,4.9613414,5.0036817,4.802538,0,0.0,0,1.0,-0.92,23.0,77.0
2022-11-14 07:45:00,324.690900727778,269.719488555556,269.754764944444,19.42777779,0.7533333333333334,28.75,2,5.1764362714980825,70.66250196097344,7,0,11,0.9659258262890684,-0.2588190451025206,0.0,1.0,-0.5000000000000004,0.8660254037844384,0.0,0.0,0.0,10.2,26.125,99.0,75.25,-3.625,3.699368,0.0249999999999999,0.2,19.83888890142857,29.78333333333333,29.55,29.216666666666665,29.45,27.853571428571428,-18.674444456666667,0.437037029999999,0.1153333333333334,0.638,0.8564285714285714,19.16358026,0.6642222222222246,4.802538,4.8486686,4.833867,4.9613414,4.766492,0,0.0,0,1.0,-0.83,19.5,80.5
2022-11-14 08:00:00,267.26319797777603,225.0168323,225.0451645,19.83888890142857,0.8564285714285714,27.853571428571428,2,5.1764362714980825,70.66250196097344,8,0,11,0.8660254037844387,-0.4999999999999998,0.0,1.0,-0.5000000000000004,0.8660254037844384,0.0,0.0,0.0,9.8,26.3,99.0,76.0,-3.5,3.7362385,0.0,0.2,19.93888886,28.75,29.78333333333333,29.55,29.216666666666665,27.5,-18.98246033,0.4111111114285712,0.103095238095238,0.7533333333333334,0.9406666666666668,19.41913581714286,0.7492539682539706,4.766492,4.802538,4.8486686,4.833867,4.7336493,0,0.0,0,1.0,-0.74,16.5,83.5
2022-11-14 08:15:00,189.59519355556,140.11883943889,140.139949694446,19.93888886,0.9406666666666668,27.5,2,5.1764362714980825,70.66250196097344,8,0,11,0.8660254037844387,-0.4999999999999998,0.0,1.0,-0.5000000000000004,0.8660254037844384,7.75,1.9375,0.6458333333333334,9.925,25.575,98.25,74.0,-3.775,3.663018,0.0,0.3,19.675925926666665,27.853571428571428,28.75,29.78333333333333,29.55,27.683333333333334,-18.998222193333337,0.0999999585714306,0.0842380952380952,0.8564285714285714,1.004,19.735185183809527,0.8501428571428594,4.7336493,4.766492,4.802538,4.8486686,4.6922827,0,0.0,0,1.0,-0.72,15.9,84.1
2022-11-14 08:30:00,173.408063366668,131.668066383334,131.687787827778,19.675925926666665,1.004,27.683333333333334,2,5.1764362714980825,70.66250196097344,8,0,11,0.8660254037844387,-0.4999999999999998,0.0,1.0,-0.5000000000000004,0.8660254037844384,15.5,5.8125,1.9375,10.05,24.85,97.5,72.0,-4.05,3.5885875,0.0,0.4,19.47222221,27.5,27.853571428571428,28.75,29.78333333333333,28.0,-18.671925926666663,-0.2629629333333376,0.0633333333333333,0.9406666666666668,0.8993333333333333,19.81790122936508,0.933698412698415,4.6922827,4.7336493,4.766492,4.802538,4.6894946,0,0.0,0,1.0,-0.78,17.8,82.2
2022-11-14 08:45:00,168.74241658333798,127.104637827778,127.125470327778,19.47222221,0.8993333333333333,28.0,2,5.1764362714980825,70.66250196097344,8,0,11,0.8660254037844387,-0.4999999999999998,0.0,1.0,-0.5000000000000004,0.8660254037844384,23.25,11.625,3.875,10.175,24.125,96.75,70.0,-4.324999999999999,3.512936,0.0,0.5,19.311111126666667,27.683333333333334,27.5,27.853571428571428,28.75,28.183333333333334,-18.572888876666664,-0.2037037166666664,-0.1046666666666666,1.004,0.8033333333333333,19.69567899888889,0.9480000000000024,4.6894946,4.6922827,4.7336493,4.766492,4.675667,0,0.0,0,1.0,-0.82,19.3,80.7
2022-11-14 09:00:00,169.429611511108,104.115279688888,104.133056827774,19.311111126666667,0.8033333333333333,28.183333333333334,2,5.1764362714980825,70.66250196097344,9,0,11,0.7071067811865476,-0.7071067811865475,0.0,1.0,-0.5000000000000004,0.8660254037844384,31.0,19.375,6.458333333333333,10.3,23.4,96.0,68.0,-4.6,3.4360516,0.0,0.6,19.14444445,28.0,27.683333333333334,27.5,27.853571428571428,28.85,-18.50777779333333,-0.1611110833333313,-0.0959999999999999,0.8993333333333333,0.7666666666666667,19.486419754444444,0.9022222222222246,4.675667,4.6894946,4.6922827,4.7336493,4.7395015,0,0.0,0,1.0,-0.86,20.6,79.4
2022-11-14 09:15:00,230.62771893889,172.510321527778,172.535320544444,19.14444445,0.7666666666666667,28.85,2,5.1764362714980825,70.66250196097344,9,0,11,0.7071067811865476,-0.7071067811865475,0.0,1.0,-0.5000000000000004,0.8660254037844384,52.0,30.4375,10.791666666666666,11.825,26.45,97.0,65.5,-5.05,3.3381968,0.0,0.725,19.30740742333333,28.183333333333334,28.0,27.683333333333334,27.5,29.0,-18.37777778333333,-0.1666666766666686,-0.0366666666666666,0.8033333333333333,0.8586666666666666,19.309259262222223,0.8231111111111135,4.7395015,4.675667,4.6894946,4.6922827,4.8101034,0,0.0,0,1.0,-0.89,21.9,78.1
2022-11-14 09:30:00,194.683601244444,151.779761933332,151.802261033332,19.30740742333333,0.8586666666666666,29.0,2,5.1764362714980825,70.66250196097344,9,0,11,0.7071067811865476,-0.7071067811865475,0.0,1.0,-0.5000000000000004,0.8660254037844384,73.0,44.8125,16.875,13.35,29.5,98.0,63.0,-5.5,3.2383745,0.0,0.8500000000000001,19.30555554,28.85,28.183333333333334,28.0,27.683333333333334,29.05,-18.448740756666663,0.1629629733333359,0.0919999999999998,0.7666666666666667,0.876,19.254321,0.8095555555555579,4.8101034,4.7395015,4.675667,4.6894946,4.8178716,0,0.0,0,1.0,-0.86,20.4,79.6
2022-11-14 09:45:00,155.11851726111,108.0473446,108.067066077776,19.30555554,0.876,29.05,2,5.1764362714980825,70.66250196097344,9,0,11,0.7071067811865476,-0.7071067811865475,0.0,1.0,-0.5000000000000004,0.8660254037844384,94.0,62.5,24.70833333333333,14.875,32.55,99.0,60.5,-5.95,3.136562,0.0,0.975,18.816666666666663,29.0,28.85,28.183333333333334,28.0,29.65,-18.42955554,-0.0018518833333338,0.0173333333333334,0.8586666666666666,0.8586666666666666,19.25246913777778,0.8337777777777801,4.8178716,4.8101034,4.7395015,4.675667,4.777588,0,0.0,0,1.0,-0.86,20.4,79.6
2022-11-14 10:00:00,186.015892433332,138.649176027778,138.67084186111,18.816666666666663,0.8586666666666666,29.65,2,5.1764362714980825,70.66250196097344,10,0,11,0.4999999999999999,-0.8660254037844387,0.0,1.0,-0.5000000000000004,0.8660254037844384,115.0,83.5,34.291666666666664,16.4,35.6,100.0,58.0,-6.4,3.0327353,0.0,1.1,18.75555557,29.05,29.0,28.85,28.183333333333334,29.65,-17.958,-0.4888888733333338,-0.0173333333333334,0.876,0.9893333333333332,19.14320987666667,0.8644444444444468,4.777588,4.8178716,4.8101034,4.7395015,4.76036,0,0.0,0,1.0,-0.96,24.6,75.4
2022-11-14 10:15:00,270.242245511108,207.071716833332,207.103660072218,18.75555557,0.9893333333333332,29.65,2,5.1764362714980825,70.66250196097344,10,0,11,0.4999999999999999,-0.8660254037844387,0.0,1.0,-0.5000000000000004,0.8660254037844384,116.5,99.625,44.0,16.875,36.7,100.0,57.25,-6.425000000000001,3.0243118,0.0,1.25,19.15925929,29.65,29.05,29.0,28.85,29.316666666666663,-17.766222236666668,-0.0611110966666643,0.1306666666666667,0.8586666666666666,1.0786666666666669,18.95925925888889,0.9080000000000022,4.76036,4.777588,4.8178716,4.8101034,4.820374,0,0.0,0,1.0,-0.98,25.2,74.8
2022-11-14 10:30:00,1017.123757955552,276.661155294446,276.700320427778,19.15925929,1.0786666666666669,29.316666666666663,2,5.1764362714980825,70.66250196097344,10,0,11,0.4999999999999999,-0.8660254037844387,0.0,1.0,-0.5000000000000004,0.8660254037844384,118.0,110.875,53.833333333333336,17.35,37.8,100.0,56.5,-6.45,3.0153556,0.0,1.4,19.55555555,29.65,29.65,29.05,29.0,29.7,-18.08059262333333,0.4037037199999993,0.0893333333333333,0.9893333333333332,1.26,18.910493842222227,0.975555555555558,4.820374,4.76036,4.777588,4.8178716,4.998641,0,0.0,0,1.0,-0.89,21.6,78.4
2022-11-14 10:45:00,338.472016177776,264.521640927778,264.555528488888,19.55555555,1.26,29.7,2,5.1764362714980825,70.66250196097344,10,0,11,0.4999999999999999,-0.8660254037844387,0.0,1.0,-0.5000000000000004,0.8660254037844384,119.5,117.25,63.79166666666666,17.825,38.9,100.0,55.75,-6.475,3.0058568,0.0,1.55,19.75555553,29.316666666666663,29.65,29.65,29.05,30.0,-18.29555555,0.3962962599999997,0.1813333333333333,1.0786666666666669,1.4726666666666666,19.156790136666668,1.1093333333333355,4.998641,4.820374,4.76036,4.777588,5.108774,0,0.0,0,1.0,-0.79,18.3,81.7
2022-11-14 11:00:00,330.382617516666,279.981022511112,280.0162989,19.75555553,1.4726666666666666,30.0,2,5.1764362714980825,70.66250196097344,11,0,11,0.258819045102521,-0.9659258262890682,0.0,1.0,-0.5000000000000004,0.8660254037844384,121.0,118.75,73.875,18.3,40.0,100.0,55.0,-6.5,2.9958072,0.0,1.7,19.92222219,29.7,29.316666666666663,29.65,29.65,29.95,-18.282888863333334,0.1999999799999976,0.2126666666666665,1.26,1.5893333333333333,19.490123456666662,1.2704444444444467,5.108774,4.998641,4.820374,4.76036,5.150344,0,0.0,0,1.0,-0.75,16.7,83.3
2022-11-14 11:15:00,313.748005177776,267.527354027778,267.560963816666,19.92222219,1.5893333333333333,29.95,2,5.1764362714980825,70.66250196097344,11,0,11,0.258819045102521,-0.9659258262890682,0.0,1.0,-0.5000000000000004,0.8660254037844384,136.5,123.75,84.60416666666667,18.05,40.25,100.0,54.25,-6.475,2.9902642,0.0,1.875,20.048148186666666,30.0,29.7,29.316666666666663,29.65,29.53333333333333,-18.332888856666667,0.1666666600000006,0.1166666666666667,1.4726666666666666,1.6226666666666667,19.74444442333333,1.440666666666669,5.150344,5.108774,4.998641,4.820374,5.1162834,0,0.0,0,1.0,-0.71,15.6,84.4
2022-11-14 11:30:00,298.765271211108,245.68989426111,245.721837499996,20.048148186666666,1.6226666666666667,29.53333333333333,2,5.1764362714980825,70.66250196097344,11,0,11,0.258819045102521,-0.9659258262890682,0.0,1.0,-0.5000000000000004,0.8660254037844384,152.0,132.25,95.97916666666669,17.8,40.5,100.0,53.5,-6.45,2.9841092,0.0,2.05,19.92222221,29.95,30.0,29.7,29.316666666666663,29.2,-18.42548152,0.1259259966666661,0.0333333333333334,1.5893333333333333,1.668,19.908641968888887,1.561555555555558,5.1162834,5.150344,5.108774,4.998641,5.02137,0,0.0,0,1.0,-0.68,14.8,85.2
2022-11-14 11:45:00,176.638489694446,124.444744227778,124.463632372222,19.92222221,1.668,29.2,2,5.1764362714980825,70.66250196097344,11,0,11,0.258819045102521,-0.9659258262890682,0.0,1.0,-0.5000000000000004,0.8660254037844384,167.5,144.25,108.0,17.55,40.75,100.0,52.75,-6.425000000000001,2.9773295,0.0,2.225,19.354629635,29.53333333333333,29.95,30.0,29.7,29.741666666666667,-18.25422221,-0.125925976666668,0.0453333333333332,1.6226666666666667,1.7986666666666666,19.96419752888889,1.626666666666669,5.02137,5.1162834,5.150344,5.108774,4.946853,0,0.0,0,1.0,-0.71,15.7,84.3
2022-11-14 12:00:00,223.536891599996,137.725324116666,137.744490049998,19.354629635,1.7986666666666666,29.741666666666667,2,5.1764362714980825,70.66250196097344,12,0,11,1.2246467991473532e-16,-1.0,0.0,1.0,-0.5000000000000004,0.8660254037844384,183.0,159.75,120.66666666666669,17.3,41.0,100.0,52.0,-6.4,2.9699132,0.0,2.4,19.086111115,29.2,29.53333333333333,29.95,30.0,30.725,-17.555962968333333,-0.567592574999999,0.1306666666666667,1.668,1.916,19.775000010555555,1.6964444444444469,4.946853,5.02137,5.1162834,5.150344,5.0301957,0,0.0,0,1.0,-0.84,19.9,80.1
2022-11-14 12:15:00,314.730465961106,213.386464216666,213.41757412222,19.086111115,1.916,30.725,2,5.1764362714980825,70.66250196097344,12,0,11,1.2246467991473532e-16,-1.0,0.0,1.0,-0.5000000000000004,0.8660254037844384,192.5,173.75,132.375,17.275,40.55,100.0,51.5,-6.425000000000001,2.9612775,0.0,2.5,19.36111114,29.741666666666667,29.2,29.53333333333333,29.95,30.35,-17.170111115,-0.2685185199999971,0.1173333333333332,1.7986666666666666,1.8293333333333333,19.45432098666667,1.7942222222222248,5.0301957,4.946853,5.02137,5.1162834,5.0499616,0,0.0,0,1.0,-0.9,22.0,78.0
2022-11-14 12:30:00,352.478955811112,280.204069172222,280.2379567,19.36111114,1.8293333333333333,30.35,2,5.1764362714980825,70.66250196097344,12,0,11,1.2246467991473532e-16,-1.0,0.0,1.0,-0.5000000000000004,0.8660254037844384,202.0,186.25,143.125,17.25,40.1,100.0,51.0,-6.45,2.9523723,0.0,2.6,19.7277778,30.725,29.741666666666667,29.2,29.53333333333333,29.6,-17.531777806666664,0.2750000249999971,-0.0866666666666664,1.916,1.838666666666667,19.26728396333333,1.8480000000000023,5.0499616,5.0301957,4.946853,5.02137,5.0324473,0,0.0,0,1.0,-0.84,19.7,80.3
2022-11-14 12:45:00,324.94866829999603,278.766626688888,278.800791972222,19.7277778,1.838666666666667,29.6,2,5.1764362714980825,70.66250196097344,12,0,11,1.2246467991473532e-16,-1.0,0.0,1.0,-0.5000000000000004,0.8660254037844384,211.5,197.25,152.91666666666666,17.225,39.650000000000006,100.0,50.5,-6.475,2.9431937,0.0,2.7,19.95370368,30.35,30.725,29.741666666666667,29.2,28.85,-17.889111133333333,0.3666666600000035,0.0093333333333334,1.8293333333333333,1.8246666666666669,19.391666685,1.861333333333336,5.0324473,5.0499616,5.0301957,4.946853,4.9703403,0,0.0,0,1.0,-0.76,17.0,83.0
2022-11-14 13:00:00,305.325008861106,259.099635583334,259.13268984444403,19.95370368,1.8246666666666669,28.85,2,5.1764362714980825,70.66250196097344,13,0,11,-0.2588190451025208,-0.9659258262890684,0.0,1.0,-0.5000000000000004,0.8660254037844384,221.0,206.75,161.75,17.2,39.2,100.0,50.0,-6.5,2.9337401,0.0,2.8,20.04444447,29.6,30.35,30.725,29.741666666666667,28.45,-18.12903701333333,0.2259258799999983,-0.0140000000000002,1.838666666666667,1.986,19.68086420666667,1.8308888888888912,4.9703403,5.0324473,5.0499616,5.0301957,4.9275417,0,0.0,0,1.0,-0.71,15.5,84.5
2022-11-14 13:15:00,312.47500058333003,259.953212572222,259.985433549998,20.04444447,1.986,28.45,2,5.1764362714980825,70.66250196097344,13,0,11,-0.2588190451025208,-0.9659258262890684,0.0,1.0,-0.5000000000000004,0.8660254037844384,220.0,213.625,170.375,16.9,39.2,100.0,50.25,-6.425,2.9533732,0.0,2.825,20.12777778666667,28.85,29.6,30.35,30.725,28.03333333333333,-18.05844447,0.0907407899999981,0.1613333333333333,1.8246666666666669,2.019333333333333,19.908641983333336,1.8831111111111136,4.9275417,4.9703403,5.0324473,5.0499616,4.8791094,0,0.0,0,1.0,-0.69,15.0,85.0
2022-11-14 13:30:00,307.731301388888,256.835837288888,256.86889158333,20.12777778666667,2.019333333333333,28.03333333333333,2,5.1764362714980825,70.66250196097344,13,0,11,-0.2588190451025208,-0.9659258262890684,0.0,1.0,-0.5000000000000004,0.8660254037844384,219.0,217.875,178.79166666666666,16.6,39.2,100.0,50.5,-6.35,2.9730632,0.0,2.85,20.20555555,28.45,28.85,29.6,30.35,28.0,-18.108444453333338,0.0833333166666712,0.0333333333333334,1.986,1.868,20.041975312222224,1.943333333333336,4.8791094,4.9275417,4.9703403,5.0324473,4.8955245,0,0.0,0,1.0,-0.67,14.5,85.5
2022-11-14 13:45:00,311.304214116662,254.596204611112,254.628147816666,20.20555555,1.868,28.0,2,5.1764362714980825,70.66250196097344,13,0,11,-0.2588190451025208,-0.9659258262890684,0.0,1.0,-0.5000000000000004,0.8660254037844384,218.0,219.5,187.0,16.3,39.2,100.0,50.75,-6.275,2.99281,0.0,2.875,20.2222222,28.03333333333333,28.45,28.85,29.6,28.0,-18.33755555,0.07777776333333,-0.1513333333333335,2.019333333333333,1.85,20.12592593555556,1.95777777777778,4.8955245,4.8791094,4.9275417,4.9703403,4.900296,0,0.0,0,1.0,-0.66,14.0,86.0
2022-11-14 14:00:00,305.00391052222,243.372764683334,243.404430149998,20.2222222,1.85,28.0,2,5.1764362714980825,70.66250196097344,14,0,11,-0.4999999999999997,-0.8660254037844388,0.0,1.0,-0.5000000000000004,0.8660254037844384,217.0,218.5,195.0,16.0,39.2,100.0,51.0,-6.2,3.0126135,0.0,2.9,20.15555557,28.0,28.03333333333333,28.45,28.85,28.0,-18.3722222,0.0166666500000012,-0.0179999999999997,1.868,1.8713333333333333,20.18518517888889,1.9124444444444464,4.900296,4.8955245,4.8791094,4.9275417,4.8812337,0,0.0,0,1.0,-0.65,13.9,86.1
2022-11-14 14:15:00,212.622050294446,151.626990194446,151.649489311112,20.15555557,1.8713333333333333,28.0,2,5.1764362714980825,70.66250196097344,14,0,11,-0.4999999999999997,-0.8660254037844388,0.0,1.0,-0.5000000000000004,0.8660254037844384,214.25,217.0625,201.47916666666663,15.625,38.400000000000006,100.0,51.25,-6.125,3.0324752,0.0,2.925,19.7037037,28.0,28.0,28.03333333333333,28.45,28.183333333333334,-18.28422223666667,-0.0666666300000002,0.0213333333333332,1.85,1.96,20.19444444,1.8631111111111132,4.8812337,4.900296,4.8955245,4.8791094,4.7848268,0,0.0,0,1.0,-0.67,14.4,85.6
2022-11-14 14:30:00,179.49226460555,133.151618155556,133.171617405554,19.7037037,1.96,28.183333333333334,2,5.1764362714980825,70.66250196097344,14,0,11,-0.4999999999999997,-0.8660254037844388,0.0,1.0,-0.5000000000000004,0.8660254037844384,211.5,215.1875,206.4375,15.25,37.6,100.0,51.5,-6.050000000000001,3.0523927,0.0,2.95,19.24444445,28.0,28.0,28.0,28.03333333333333,28.8,-17.7437037,-0.4518518699999987,0.0886666666666666,1.8713333333333333,2.09,20.027160490000004,1.89377777777778,4.7848268,4.8812337,4.900296,4.8955245,4.7592506,0,0.0,0,1.0,-0.77,17.5,82.5
2022-11-14 14:45:00,654.542983866668,252.653782311112,252.686281011112,19.24444445,2.09,28.8,2,5.1764362714980825,70.66250196097344,14,0,11,-0.4999999999999997,-0.8660254037844388,0.0,1.0,-0.5000000000000004,0.8660254037844384,208.75,212.875,209.875,14.875,36.8,100.0,51.75,-5.9750000000000005,3.0723686,0.0,2.975,19.54814813333333,28.183333333333334,28.0,28.0,28.0,28.53333333333333,-17.15444445,-0.4592592500000023,0.1299999999999999,1.96,2.13,19.70123457333333,1.97377777777778,4.7592506,4.7848268,4.8812337,4.900296,4.8001947,0,0.0,0,1.0,-0.87,21.0,79.0
2022-11-14 15:00:00,329.67903456111,276.583380655556,276.616990444444,19.54814813333333,2.13,28.53333333333333,2,5.1764362714980825,70.66250196097344,15,0,11,-0.7071067811865471,-0.7071067811865479,0.0,1.0,-0.5000000000000004,0.8660254037844384,206.0,210.125,211.79166666666663,14.5,36.0,100.0,52.0,-5.9,3.0924013,0.0,3.0,19.95000001,28.8,28.183333333333334,28.0,28.0,28.15,-17.418148133333332,0.3037036833333317,0.04,2.09,2.063333333333333,19.49876542777778,2.0600000000000023,4.8001947,4.7592506,4.7848268,4.8812337,4.84869,0,0.0,0,1.0,-0.8,18.6,81.4
2022-11-14 15:15:00,340.59637556666803,284.800551972222,284.835550555556,19.95000001,2.063333333333333,28.15,2,5.1764362714980825,70.66250196097344,15,0,11,-0.7071067811865471,-0.7071067811865479,0.0,1.0,-0.5000000000000004,0.8660254037844384,179.75,201.5,210.72916666666663,14.175,35.375,100.0,52.5,-5.8500000000000005,3.106438,0.0,2.925,20.196296323333332,28.53333333333333,28.8,28.183333333333334,28.0,27.816666666666663,-17.886666676666668,0.4018518766666688,-0.0666666666666664,2.13,2.05,19.580864197777775,2.0944444444444468,4.84869,4.8001947,4.7592506,4.7848268,4.8608394,0,0.0,0,1.0,-0.71,15.7,84.3
2022-11-14 15:30:00,316.769828666668,254.773419755556,254.806751788888,20.196296323333332,2.05,27.816666666666663,2,5.1764362714980825,70.66250196097344,15,0,11,-0.7071067811865471,-0.7071067811865479,0.0,1.0,-0.5000000000000004,0.8660254037844384,153.5,187.0,206.6875,13.85,34.75,100.0,53.0,-5.800000000000001,3.1202443,0.0,2.85,20.3111111,28.15,28.53333333333333,28.8,28.183333333333334,27.5,-18.14629632333333,0.2462963133333353,-0.0133333333333336,2.063333333333333,2.086666666666667,19.89814815555556,2.0811111111111136,4.8608394,4.84869,4.8001947,4.7592506,4.8378563,0,0.0,0,1.0,-0.66,14.1,85.9
2022-11-14 15:45:00,238.616843761114,180.693883105554,180.718326577776,20.3111111,2.086666666666667,27.5,2,5.1764362714980825,70.66250196097344,15,0,11,-0.7071067811865471,-0.7071067811865479,0.0,1.0,-0.5000000000000004,0.8660254037844384,127.25,166.625,199.66666666666663,13.525,34.125,100.0,53.5,-5.75,3.1338243,0.0,2.7750000000000004,20.200000026666665,27.816666666666663,28.15,28.53333333333333,28.8,27.5,-18.224444433333336,0.114814776666666,0.036666666666667,2.05,2.08,20.15246914444445,2.066666666666669,4.8378563,4.8608394,4.84869,4.8001947,4.806544,0,0.0,0,1.0,-0.63,13.5,86.5
2022-11-14 16:00:00,190.066841672214,132.57941886111,132.59886258333,20.200000026666665,2.08,27.5,2,5.1764362714980825,70.66250196097344,16,0,11,-0.8660254037844385,-0.5000000000000004,0.0,1.0,-0.5000000000000004,0.8660254037844384,101.0,140.375,189.66666666666663,13.2,33.5,100.0,54.0,-5.7,3.1471777,0.0,2.7,19.96666665,27.5,27.816666666666663,28.15,28.53333333333333,27.85,-18.120000026666663,-0.1111110733333369,-0.0066666666666668,2.086666666666667,2.11,20.23580248333333,2.0722222222222246,4.806544,4.8378563,4.8608394,4.84869,4.801702,0,0.0,0,1.0,-0.66,14.2,85.8
2022-11-14 16:15:00,179.984467016666,133.715206744444,133.7354837,19.96666665,2.11,27.85,2,5.1764362714980825,70.66250196097344,16,0,11,-0.8660254037844385,-0.5000000000000004,0.0,1.0,-0.5000000000000004,0.8660254037844384,87.5,117.3125,178.625,12.925,32.675,100.0,54.5,-5.625,3.1603074,0.0,2.625,19.79999997,27.5,27.5,27.816666666666663,28.15,28.0,-17.856666649999998,-0.2333333766666676,0.0299999999999998,2.08,2.138,20.159259258888888,2.0922222222222246,4.801702,4.806544,4.8378563,4.8608394,4.780637,0,0.0,0,1.0,-0.71,15.6,84.4
2022-11-14 16:30:00,177.398459394442,131.006981744444,131.02670322222,19.79999997,2.138,28.0,2,5.1764362714980825,70.66250196097344,16,0,11,-0.8660254037844385,-0.5000000000000004,0.0,1.0,-0.5000000000000004,0.8660254037844384,74.0,97.4375,166.54166666666666,12.65,31.85,100.0,55.0,-5.550000000000001,3.1732142,0.0,2.55,19.67777779,27.85,27.5,27.5,27.816666666666663,28.0,-17.661999969999997,-0.1666666799999987,0.028,2.11,2.1686666666666667,19.988888882222223,2.1093333333333355,4.780637,4.801702,4.806544,4.8378563,4.7464733,0,0.0,0,1.0,-0.75,16.8,83.2
2022-11-14 16:45:00,194.574161188888,131.36418968888802,131.384188905554,19.67777779,2.1686666666666667,28.0,2,5.1764362714980825,70.66250196097344,16,0,11,-0.8660254037844385,-0.5000000000000004,0.0,1.0,-0.5000000000000004,0.8660254037844384,60.5,80.75,153.41666666666666,12.375,31.025,100.0,55.5,-5.4750000000000005,3.1859007,0.0,2.475,19.59444445666667,28.0,27.85,27.5,27.5,28.0,-17.509111123333334,-0.1222221799999978,0.0306666666666668,2.138,2.2373333333333334,19.81481480333333,2.138888888888891,4.7464733,4.780637,4.801702,4.806544,4.723302,0,0.0,0,1.0,-0.78,17.7,82.3
2022-11-14 17:00:00,196.933511144448,131.590291727778,131.611124244444,19.59444445666667,2.2373333333333334,28.0,2,5.1764362714980825,70.66250196097344,17,0,11,-0.9659258262890684,-0.2588190451025206,0.0,1.0,-0.5000000000000004,0.8660254037844384,47.0,67.25,139.25,12.1,30.2,100.0,56.0,-5.4,3.1983685,0.0,2.4,19.55000004,28.0,28.0,27.85,27.5,28.0,-17.357111123333336,-0.0833333333333321,0.0686666666666666,2.1686666666666667,2.264,19.69074073888889,2.181333333333336,4.723302,4.7464733,4.780637,4.801702,4.710985,0,0.0,0,1.0,-0.79,18.3,81.7
2022-11-14 17:15:00,184.783163994442,134.213242372222,134.23324162222,19.55000004,2.264,28.0,2,5.1764362714980825,70.66250196097344,17,0,11,-0.9659258262890684,-0.2588190451025206,0.0,1.0,-0.5000000000000004,0.8660254037844384,36.75,54.5625,124.45833333333331,11.125,29.125,100.0,56.75,-5.275,3.2302754,0.0,2.35,19.544444443333337,28.0,28.0,28.0,27.85,28.0,-17.28600004,-0.0444444166666677,0.0266666666666668,2.2373333333333334,2.268,19.60740742888889,2.223333333333336,4.710985,4.723302,4.7464733,4.780637,4.709447,0,0.0,0,1.0,-0.81,18.7,81.3
2022-11-14 17:30:00,661.288269594446,173.894710583334,173.911098827778,19.544444443333337,2.268,28.0,2,5.1764362714980825,70.66250196097344,17,0,11,-0.9659258262890684,-0.2588190451025206,0.0,1.0,-0.5000000000000004,0.8660254037844384,26.5,42.6875,109.04166666666669,10.15,28.05,100.0,57.5,-5.15,3.2619278,0.0,2.3,19.53888891,28.0,28.0,28.0,28.0,28.4,-17.276444443333336,-0.0055555966666638,0.0039999999999995,2.264,2.3,19.562962980000005,2.2564444444444467,4.709447,4.710985,4.723302,4.7464733,4.775165,0,0.0,0,1.0,-0.81,18.7,81.3
2022-11-14 17:45:00,554.3864347722221,100.322931372222,100.332375477776,19.53888891,2.3,28.4,2,5.1764362714980825,70.66250196097344,17,0,11,-0.9659258262890684,-0.2588190451025206,0.0,1.0,-0.5000000000000004,0.8660254037844384,16.25,31.625,93.0,9.175,26.975,100.0,58.25,-5.025,3.2933242,0.0,2.25,19.20370369,28.0,28.0,28.0,28.0,29.15,-17.23888891,-0.0055555333333359,0.032,2.268,2.306666666666666,19.54444446444445,2.277333333333336,4.775165,4.709447,4.710985,4.723302,4.8055406,0,0.0,0,1.0,-0.81,18.7,81.3
2022-11-14 18:00:00,565.821532916666,131.35085687222198,131.363356405554,19.20370369,2.306666666666666,29.15,2,5.1764362714980825,70.66250196097344,18,0,11,-1.0,-1.8369701987210294e-16,0.0,1.0,-0.5000000000000004,0.8660254037844384,6.0,21.375,76.33333333333333,8.2,25.9,100.0,59.0,-4.9,3.3244674,0.0,2.2,19.33888889,28.4,28.0,28.0,28.0,29.55,-16.897037023333333,-0.3351852199999996,0.0066666666666668,2.3,2.232,19.429012347777785,2.291555555555558,4.8055406,4.775165,4.709447,4.710985,4.910422,0,0.0,0,1.0,-0.88,21.3,78.7
2022-11-14 18:15:00,735.085039872222,175.065774855556,175.087440672222,19.33888889,2.232,29.55,2,5.1764362714980825,70.66250196097344,18,0,11,-1.0,-1.8369701987210294e-16,0.0,1.0,-0.5000000000000004,0.8660254037844384,4.5,13.3125,61.72916666666666,7.975,23.825,100.0,59.25,-4.875,3.3385541,0.0,2.2,19.65925924333333,29.15,28.4,28.0,28.0,32.53333333333333,-17.10688889,0.1351851999999986,-0.0746666666666664,2.306666666666666,2.252,19.36049383,2.2795555555555578,4.910422,4.8055406,4.775165,4.709447,5.508957,0,0.0,0,1.0,-0.85,20.1,79.9
2022-11-14 18:30:00,1957.420588944444,10.103762516666,10.124595033332,19.65925924333333,2.252,32.53333333333333,1,5.1764362714980825,70.66250196097344,18,0,11,-1.0,-1.8369701987210294e-16,0.0,1.0,-0.5000000000000004,0.8660254037844384,3.0,7.4375,49.1875,7.75,21.75,100.0,59.5,-4.85,3.352641,0.0,2.2,19.38888887,29.55,29.15,28.4,28.0,38.0,-17.407259243333336,0.3203703533333346,0.02,2.232,2.28,19.400617274444446,2.2635555555555578,5.508957,4.910422,4.8055406,4.775165,6.333195,0,0.0,1,1.0,-0.75,17.0,83.0
2022-11-14 18:45:00,961.464039949998,0.0,0.0,19.38888887,2.28,38.0,0,5.1764362714980825,70.66250196097344,18,0,11,-1.0,-1.8369701987210294e-16,0.0,1.0,-0.5000000000000004,0.8660254037844384,1.5,3.75,38.708333333333336,7.524999999999999,19.675,100.0,59.75,-4.825,3.3667278,0.0,2.2,18.97222225333333,32.53333333333333,29.55,29.15,28.4,37.48333333333333,-17.10888887,-0.270370373333332,0.0279999999999995,2.252,2.31,19.46234566777778,2.2546666666666693,6.333195,5.508957,4.910422,4.8055406,6.0955477,1,1.0,1,0.75,-0.79,18.1,81.9
2022-11-14 19:00:00,117.82473140555,28.439417911112,28.447750994442,18.97222225333333,2.31,37.48333333333333,1,5.1764362714980825,70.66250196097344,19,0,11,-0.9659258262890684,0.2588190451025203,0.0,1.0,-0.5000000000000004,0.8660254037844384,0.0,2.25,30.291666666666668,7.3,17.6,100.0,60.0,-4.8,3.3808148,0.0,2.2,18.71111114,38.0,32.53333333333333,29.55,29.15,36.1,-16.662222253333333,-0.4166666166666708,0.0300000000000002,2.28,2.35,19.34012345555556,2.280666666666669,6.0955477,6.333195,5.508957,4.910422,5.780702,0,1.0,1,0.75,-0.89,21.6,78.4
2022-11-14 19:15:00,373.364787044444,130.17257063889,130.18868116111,18.71111114,2.35,36.1,2,5.1764362714980825,70.66250196097344,19,0,11,-0.9659258262890684,0.2588190451025203,0.0,1.0,-0.5000000000000004,0.8660254037844384,0.0,1.125,23.0,7.45,16.975,99.25,61.0,-4.675,3.4139812,0.0,2.1,18.851851866666667,37.48333333333333,38.0,32.53333333333333,29.55,35.53333333333333,-16.36111114,-0.2611111133333317,0.04,2.31,2.386,19.024074087777777,2.313333333333336,5.780702,6.0955477,6.333195,5.508957,5.7375054,0,1.0,1,0.75,-0.96,24.3,75.7
2022-11-14 19:30:00,1501.253002994446,165.2300572,165.26477806111,18.851851866666667,2.386,35.53333333333333,2,5.1764362714980825,70.66250196097344,19,0,11,-0.9659258262890684,0.2588190451025203,0.0,1.0,-0.5000000000000004,0.8660254037844384,0.0,0.375,16.833333333333332,7.6,16.35,98.5,62.0,-4.55,3.4465268,0.0,2.0,19.20555557,36.1,37.48333333333333,38.0,32.53333333333333,34.35,-16.465851866666668,0.1407407266666673,0.036,2.35,2.37,18.845061753333333,2.348666666666669,5.7375054,5.780702,6.0955477,6.333195,5.6634064,0,1.0,0,0.75,-0.93,23.1,76.9
2022-11-14 19:45:00,893.792024772218,173.3738981,173.45139504999798,19.20555557,2.37,34.35,2,5.1764362714980825,70.66250196097344,19,0,11,-0.9659258262890684,0.2588190451025203,0.0,1.0,-0.5000000000000004,0.8660254037844384,0.0,0.0,11.791666666666666,7.75,15.725,97.75,63.0,-4.425,3.4784575,0.0,1.9,19.361111106666662,35.53333333333333,36.1,37.48333333333333,38.0,32.88333333333333,-16.83555557,0.3537037033333341,-0.016,2.386,2.378,18.92283952555556,2.368666666666669,5.6634064,5.7375054,5.780702,6.0955477,5.471485,0,0.0,0,1.0,-0.85,20.2,79.8
2022-11-14 20:00:00,196.351312366664,58.7768155,58.820980449998,19.361111106666662,2.378,32.88333333333333,1,5.1764362714980825,70.66250196097344,20,0,11,-0.8660254037844386,0.5000000000000001,0.0,1.0,-0.5000000000000004,0.8660254037844384,0.0,0.0,7.875,7.9,15.1,97.0,64.0,-4.3,3.5097797,0.0,1.8,19.05555552,34.35,35.53333333333333,36.1,37.48333333333333,32.2,-16.983111106666666,0.1555555366666645,0.008,2.37,2.378,19.139506181111116,2.3780000000000023,5.471485,5.6634064,5.7375054,5.780702,5.2621865,0,0.0,1,1.0,-0.82,19.3,80.7
2022-11-14 20:15:00,242.88833966111,136.860080927778,136.877302488888,19.05555552,2.378,32.2,2,5.1764362714980825,70.66250196097344,20,0,11,-0.8660254037844386,0.5000000000000001,0.0,1.0,-0.5000000000000004,0.8660254037844384,0.0,0.0,4.8125,7.45,15.1,97.5,64.5,-4.275,3.513265,0.0,1.7,18.99444446,32.88333333333333,34.35,35.53333333333333,36.1,32.46666666666667,-16.67755552,-0.3055555866666672,0.0,2.378,2.362,19.20740739888889,2.375333333333336,5.2621865,5.471485,5.6634064,5.7375054,5.2866664,0,0.0,1,1.0,-0.9,22.0,78.0
2022-11-14 20:30:00,274.778452855556,183.782092872222,183.80570306111,18.99444446,2.362,32.46666666666667,2,5.1764362714980825,70.66250196097344,20,0,11,-0.8660254037844386,0.5000000000000001,0.0,1.0,-0.5000000000000004,0.8660254037844384,0.0,0.0,2.6041666666666665,7.0,15.1,98.0,65.0,-4.25,3.5165215,0.0,1.6,19.36111109,32.2,32.88333333333333,34.35,35.53333333333333,32.15,-16.632444460000002,-0.0611110599999982,-0.016,2.378,2.374,19.13703702888889,2.372666666666669,5.2866664,5.2621865,5.471485,5.6634064,5.349465,0,0.0,0,1.0,-0.91,22.4,77.6
2022-11-14 20:45:00,229.490542227778,141.073245744444,141.09130062222,19.36111109,2.374,32.15,2,5.1764362714980825,70.66250196097344,20,0,11,-0.8660254037844386,0.5000000000000001,0.0,1.0,-0.5000000000000004,0.8660254037844384,0.0,0.0,1.25,6.55,15.1,98.5,65.5,-4.225,3.5195527,0.0,1.5,19.342592576666668,32.46666666666667,32.2,32.88333333333333,34.35,32.0,-16.987111090000003,0.366666630000001,0.012,2.362,2.314,19.13703702333333,2.371333333333336,5.349465,5.2866664,5.2621865,5.471485,5.318706,0,0.0,0,1.0,-0.83,19.4,80.6
2022-11-14 21:00:00,200.013943638886,104.951357344444,104.967190094442,19.342592576666668,2.314,32.0,2,5.1764362714980825,70.66250196097344,21,0,11,-0.7071067811865477,0.7071067811865474,0.0,1.0,-0.5000000000000004,0.8660254037844384,0.0,0.0,0.75,6.1,15.1,99.0,66.0,-4.2,3.5223625,0.0,1.4,18.90555558,32.15,32.46666666666667,32.2,32.88333333333333,32.35,-17.028592576666668,-0.0185185133333334,-0.06,2.374,2.332666666666667,19.232716042222226,2.3500000000000028,5.318706,5.349465,5.2866664,5.2621865,5.240096,0,0.0,0,1.0,-0.83,19.6,80.4
2022-11-14 21:15:00,234.6214481,142.820398055556,142.839841794442,18.90555558,2.332666666666667,32.35,2,5.1764362714980825,70.66250196097344,21,0,11,-0.7071067811865477,0.7071067811865474,0.0,1.0,-0.5000000000000004,0.8660254037844384,0.0,0.0,0.375,6.425,14.925,98.25,66.5,-4.2,3.5369804,0.0,1.35,18.98333335333333,32.0,32.15,32.46666666666667,32.2,32.31666666666667,-16.572888913333333,-0.4370369966666665,0.0186666666666668,2.314,2.389333333333333,19.20308641555556,2.340222222222225,5.240096,5.318706,5.349465,5.2866664,5.258792,0,0.0,0,1.0,-0.93,23.3,76.7
2022-11-14 21:30:00,218.185716588892,145.344463755556,145.365018516666,18.98333335333333,2.389333333333333,32.31666666666667,2,5.1764362714980825,70.66250196097344,21,0,11,-0.7071067811865477,0.7071067811865474,0.0,1.0,-0.5000000000000004,0.8660254037844384,0.0,0.0,0.125,6.75,14.75,97.5,67.0,-4.2,3.5514543,0.0,1.2999999999999998,19.25000002,32.35,32.0,32.15,32.46666666666667,32.0,-16.59400002,0.0777777733333309,0.0566666666666666,2.332666666666667,2.42,19.07716050333333,2.345333333333336,5.258792,5.240096,5.318706,5.349465,5.289787,0,0.0,0,1.0,-0.91,22.6,77.4
2022-11-14 21:45:00,291.081134138886,137.038962655556,137.05673977777602,19.25000002,2.42,32.0,2,5.1764362714980825,70.66250196097344,21,0,11,-0.7071067811865477,0.7071067811865474,0.0,1.0,-0.5000000000000004,0.8660254037844384,0.0,0.0,0.0,7.075,14.575,96.75,67.5,-4.2,3.5657828,0.0,1.25,19.288888863333334,32.31666666666667,32.35,32.0,32.15,31.816666666666663,-16.83000002,0.2666666666666692,0.0306666666666663,2.389333333333333,2.358,19.046296317777777,2.3806666666666687,5.289787,5.258792,5.240096,5.318706,5.271541,0,0.0,0,1.0,-0.85,20.3,79.7
2022-11-14 22:00:00,272.220221905554,22.773811227778,22.822142644444,19.288888863333334,2.358,31.816666666666663,1,5.1764362714980825,70.66250196097344,22,0,11,-0.5000000000000004,0.8660254037844384,0.0,1.0,-0.5000000000000004,0.8660254037844384,0.0,0.0,0.0,7.4,14.4,96.0,68.0,-4.2,3.5799677,0.0,1.2,18.99444444,32.0,32.31666666666667,32.35,32.0,31.9,-16.930888863333333,0.038888843333332,-0.0619999999999998,2.42,2.346,19.17407407888889,2.3891111111111134,5.271541,5.289787,5.258792,5.240096,5.194394,0,0.0,1,1.0,-0.84,20.0,80.0
2022-11-14 22:15:00,362.890761572222,119.3077275,119.370225049998,18.99444444,2.346,31.9,2,5.1764362714980825,70.66250196097344,22,0,11,-0.5000000000000004,0.8660254037844384,0.0,1.0,-0.5000000000000004,0.8660254037844384,0.0,0.0,0.0,7.525,14.75,96.75,68.0,-4.2,3.5677762,0.0,1.15,19.06296294666667,31.816666666666663,32.0,32.31666666666667,32.35,32.28333333333333,-16.64844444,-0.294444423333335,-0.0120000000000004,2.358,2.382,19.177777774444447,2.3746666666666694,5.194394,5.271541,5.289787,5.258792,5.2781096,0,0.0,1,1.0,-0.91,22.6,77.4
2022-11-14 22:30:00,670.491512566668,110.759736083334,110.824178005554,19.06296294666667,2.382,32.28333333333333,2,5.1764362714980825,70.66250196097344,22,0,11,-0.5000000000000004,0.8660254037844384,0.0,1.0,-0.5000000000000004,0.8660254037844384,0.0,0.0,0.0,7.65,15.1,97.5,68.0,-4.2,3.555621,0.0,1.1,19.17222225,31.9,31.816666666666663,32.0,32.31666666666667,31.75,-16.680962946666668,0.0685185066666704,0.0360000000000004,2.346,2.4266666666666667,19.11543208333333,2.3620000000000023,5.2781096,5.194394,5.271541,5.289787,5.2244635,0,0.0,0,1.0,-0.89,21.9,78.1
2022-11-14 22:45:00,230.743825394446,47.185056955556,47.215333527778,19.17222225,2.4266666666666667,31.75,1,5.1764362714980825,70.66250196097344,22,0,11,-0.5000000000000004,0.8660254037844384,0.0,1.0,-0.5000000000000004,0.8660254037844384,0.0,0.0,0.0,7.775,15.45,98.25,68.0,-4.2,3.5435026,0.0,1.05,18.96626986642857,32.28333333333333,31.9,31.816666666666663,32.0,32.457142857142856,-16.745555583333335,0.1092593033333315,0.0446666666666666,2.382,2.4364285714285714,19.076543212222223,2.384888888888891,5.2244635,5.2781096,5.194394,5.271541,5.2763324,0,0.0,1,1.0,-0.87,21.0,79.0
2022-11-14 23:00:00,192.718124283334,136.351490155556,136.377878016666,18.96626986642857,2.4364285714285714,32.457142857142856,2,5.1764362714980825,70.66250196097344,23,0,11,-0.2588190451025215,0.965925826289068,0.0,1.0,-0.5000000000000004,0.8660254037844384,0.0,0.0,0.0,7.9,15.8,99.0,68.0,-4.2,3.5314198,0.0,1.0,19.28531747642857,31.75,32.28333333333333,31.9,31.816666666666663,32.128571428571426,-16.529841295,-0.2059523835714287,0.0097619047619046,2.4266666666666667,2.448571428571429,19.067151687698416,2.4150317460317487,5.2763324,5.2244635,5.2781096,5.194394,5.322099,0,0.0,1,1.0,-0.92,22.7,77.3
2022-11-14 23:15:00,91.136909927778,37.039629455556,37.0526845,19.28531747642857,2.448571428571429,32.128571428571426,1,5.1764362714980825,70.66250196097344,23,0,11,-0.2588190451025215,0.965925826289068,0.0,1.0,-0.5000000000000004,0.8660254037844384,0.0,0.0,0.0,7.95,16.0,96.25,68.5,-4.15,3.5513139,0.0,0.975,19.12142854214286,32.457142857142856,31.75,32.28333333333333,31.9,32.19642857142857,-16.83674604785714,0.3190476099999983,0.0121428571428574,2.4364285714285714,2.53,19.14126986428572,2.437222222222225,5.322099,5.2763324,5.2244635,5.2781096,5.2820845,0,0.0,1,1.0,-0.84,20.0,80.0
2022-11-14 23:30:00,172.674759416666,109.913658827778,109.933658027778,19.12142854214286,2.53,32.19642857142857,2,5.1764362714980825,70.66250196097344,23,0,11,-0.2588190451025215,0.965925826289068,0.0,1.0,-0.5000000000000004,0.8660254037844384,0.0,0.0,0.0,8.0,16.200000000000003,93.5,69.0,-4.1,3.5711288,0.0,0.95,19.14999997,32.128571428571426,32.457142857142856,31.75,32.28333333333333,32.45,-16.591428542142857,-0.1638889342857119,0.0814285714285714,2.448571428571429,2.524,19.124338628333334,2.4716666666666693,5.2820845,5.322099,5.2763324,5.2244635,5.3326583,0,0.0,1,1.0,-0.88,21.4,78.6
2022-11-14 23:45:00,171.273148700004,99.1577002,99.176588311112,19.14999997,2.524,32.45,2,5.1764362714980825,70.66250196097344,23,0,11,-0.2588190451025215,0.965925826289068,0.0,1.0,-0.5000000000000004,0.8660254037844384,0.0,0.0,0.0,8.05,16.400000000000002,90.75,69.5,-4.05,3.5908644,0.0,0.925,19.220201998181818,32.19642857142857,32.128571428571426,32.457142857142856,31.75,32.2,-16.62599997,0.0285714278571411,-0.0060000000000002,2.53,2.478181818181818,19.185581996190475,2.500857142857145,5.3326583,5.2820845,5.322099,5.2763324,5.3135123,0,0.0,0,1.0,-0.87,21.1,78.9
2022-11-15 00:00:00,73.917876533332,29.666313316666,29.674646333332,19.220201998181818,2.478181818181818,32.2,1,5.1764362714980825,70.66250196097344,0,1,11,0.0,1.0,0.7818314824680298,0.6234898018587336,-0.5000000000000004,0.8660254037844384,0.0,0.0,0.0,8.1,16.6,88.0,70.0,-4.0,3.610521,0.0,0.9,18.95555556,32.45,32.19642857142857,32.128571428571426,32.457142857142856,32.8,-16.74202018,0.0702020281818178,-0.0458181818181819,2.524,2.4373333333333336,19.163876836774893,2.510727272727275,5.3135123,5.3326583,5.2820845,5.322099,5.3286967,0,0.0,1,1.0,-0.86,20.5,79.5
2022-11-15 00:15:00,192.594795800004,141.62655692777798,141.647111688888,18.95555556,2.4373333333333336,32.8,2,5.1764362714980825,70.66250196097344,0,1,11,0.0,1.0,0.7818314824680298,0.6234898018587336,-0.5000000000000004,0.8660254037844384,0.0,0.0,0.0,8.125,16.6,90.5,70.75,-3.95,3.624325,0.0,0.8,19.19999998,32.2,32.45,32.19642857142857,32.128571428571426,32.35,-16.518222226666666,-0.264646438181817,-0.0408484848484844,2.478181818181818,2.4406666666666665,19.10858584272728,2.479838383838386,5.3286967,5.3135123,5.3326583,5.2820845,5.3319135,0,0.0,1,1.0,-0.92,22.7,77.3
2022-11-15 00:30:00,79.68875680555401,27.985269427778,27.994991288888,19.19999998,2.4406666666666665,32.35,1,5.1764362714980825,70.66250196097344,0,1,11,0.0,1.0,0.7818314824680298,0.6234898018587336,-0.5000000000000004,0.8660254037844384,0.0,0.0,0.0,8.149999999999999,16.6,93.0,71.5,-3.9,3.6377513,0.0,0.7,18.98333333,32.8,32.2,32.45,32.19642857142857,32.1,-16.759333313333332,0.2444444199999971,0.0033333333333329,2.4373333333333336,2.44,19.125252512727275,2.4520606060606087,5.3319135,5.3286967,5.3135123,5.3326583,5.223534,0,0.0,1,1.0,-0.86,20.7,79.3
2022-11-15 00:45:00,144.017294694442,97.751089783334,97.765811494442,18.98333333,2.44,32.1,2,5.1764362714980825,70.66250196097344,0,1,11,0.0,1.0,0.7818314824680298,0.6234898018587336,-0.5000000000000004,0.8660254037844384,0.0,0.0,0.0,8.174999999999999,16.6,95.5,72.25,-3.85,3.6508052,0.0,0.6,18.988888862142858,32.35,32.8,32.2,32.45,32.753571428571426,-16.54333333,-0.2166666499999969,-0.0006666666666665,2.4406666666666665,2.4292857142857143,19.04629629,2.439333333333336,5.223534,5.3319135,5.3286967,5.3135123,5.331636,0,0.0,1,1.0,-0.91,22.6,77.4
2022-11-15 01:00:00,164.413423249998,111.280548633332,111.295825838886,18.988888862142858,2.4292857142857143,32.753571428571426,2,5.1764362714980825,70.66250196097344,1,1,11,0.2588190451025207,0.9659258262890684,0.7818314824680298,0.6234898018587336,-0.5000000000000004,0.8660254037844384,0.0,0.0,0.0,8.2,16.6,98.0,73.0,-3.8,3.6634908,0.0,0.5,19.15000001,32.1,32.35,32.8,32.2,32.2,-16.559603147857143,0.005555532142857,-0.0107142857142856,2.44,2.444,19.057407390714285,2.4366507936507964,5.331636,5.223534,5.3319135,5.3286967,5.2915745,0,0.0,0,1.0,-0.91,22.4,77.6
2022-11-15 01:15:00,100.732359477776,28.595522783334,28.603855833332,19.15000001,2.444,32.2,1,5.1764362714980825,70.66250196097344,1,1,11,0.2588190451025207,0.9659258262890684,0.7818314824680298,0.6234898018587336,-0.5000000000000004,0.8660254037844384,0.0,0.0,0.0,8.149999999999999,16.325000000000003,88.25,73.75,-3.75,3.6821256,0.0,0.425,18.855555526666667,32.753571428571426,32.1,32.35,32.8,32.65,-16.70600001,0.1611111478571416,0.0147142857142856,2.4292857142857143,2.4266666666666667,19.04074073404762,2.437761904761907,5.2915745,5.331636,5.223534,5.3319135,5.273092,0,0.0,1,1.0,-0.87,21.1,78.9
2022-11-15 01:30:00,169.53516290555,123.395897283334,123.415340988888,18.855555526666667,2.4266666666666667,32.65,2,5.1764362714980825,70.66250196097344,1,1,11,0.2588190451025207,0.9659258262890684,0.7818314824680298,0.6234898018587336,-0.5000000000000004,0.8660254037844384,0.0,0.0,0.0,8.1,16.05,78.5,74.5,-3.7,3.70046,0.0,0.35,19.02222221,32.2,32.753571428571426,32.1,32.35,32.6,-16.42888886,-0.2944444833333328,-0.0173333333333332,2.444,2.4366666666666665,18.998148132936507,2.433317460317463,5.273092,5.2915745,5.331636,5.223534,5.317086,0,0.0,1,1.0,-0.94,23.7,76.3
2022-11-15 01:45:00,94.227064133332,52.0354185,52.049862405554,19.02222221,2.4366666666666665,32.6,1,5.1764362714980825,70.66250196097344,1,1,11,0.2588190451025207,0.9659258262890684,0.7818314824680298,0.6234898018587336,-0.5000000000000004,0.8660254037844384,0.0,0.0,0.0,8.05,15.775,68.75,75.25,-3.65,3.7184973,0.0,0.275,18.95606061090909,32.65,32.2,32.753571428571426,32.1,32.26363636363636,-16.58555554333333,0.1666666833333323,0.0099999999999997,2.4266666666666667,2.4127272727272726,19.00925924888889,2.43577777777778,5.317086,5.273092,5.2915745,5.331636,5.2417164,0,0.0,1,1.0,-0.9,22.2,77.8
2022-11-15 02:00:00,117.601406888888,79.532374144444,79.545429238886,18.95606061090909,2.4127272727272726,32.26363636363636,2,5.1764362714980825,70.66250196097344,2,1,11,0.4999999999999999,0.8660254037844387,0.7818314824680298,0.6234898018587336,-0.5000000000000004,0.8660254037844384,0.0,0.0,0.0,8.0,15.5,59.0,76.0,-3.6,3.7362385,0.0,0.2,19.011111130000003,32.6,32.65,32.2,32.753571428571426,32.45,-16.543333338181817,-0.0661615990909076,-0.0239393939393939,2.4366666666666665,2.4306666666666668,18.94461278252525,2.425353535353538,5.2417164,5.317086,5.273092,5.2915745,5.289153,0,0.0,1,1.0,-0.92,22.8,77.2
2022-11-15 02:15:00,150.626196994442,105.669384155556,105.6866057,19.011111130000003,2.4306666666666668,32.45,2,5.1764362714980825,70.66250196097344,2,1,11,0.4999999999999999,0.8660254037844387,0.7818314824680298,0.6234898018587336,-0.5000000000000004,0.8660254037844384,0.0,0.0,0.0,7.4,15.225,60.75,77.25,-3.525,3.752214,0.0,0.025,19.14074074,32.26363636363636,32.6,32.65,32.2,32.03333333333333,-16.580444463333336,0.055050519090912,0.0179393939393941,2.4127272727272726,2.472,18.996464650303032,2.4266868686868714,5.289153,5.2417164,5.317086,5.273092,5.261313,0,0.0,0,1.0,-0.91,22.3,77.7
2022-11-15 02:30:00,109.360903188888,50.882409072222,50.896297416666,19.14074074,2.472,32.03333333333333,1,5.1764362714980825,70.66250196097344,2,1,11,0.4999999999999999,0.8660254037844387,0.7818314824680298,0.6234898018587336,-0.5000000000000004,0.8660254037844384,0.0,0.0,0.0,6.8,14.95,62.5,78.5,-3.45,3.7672033,0.0,-0.1499999999999999,18.93333333,32.45,32.26363636363636,32.6,32.65,32.35,-16.66874074,0.1296296099999985,0.0413333333333332,2.4306666666666668,2.4113333333333333,19.0359708269697,2.4384646464646487,5.261313,5.289153,5.2417164,5.317086,5.2486987,0,0.0,1,1.0,-0.88,21.3,78.7
2022-11-15 02:45:00,202.826608844444,141.805160883334,141.8268267,18.93333333,2.4113333333333333,32.35,2,5.1764362714980825,70.66250196097344,2,1,11,0.4999999999999999,0.8660254037844387,0.7818314824680298,0.6234898018587336,-0.5000000000000004,0.8660254037844384,0.0,0.0,0.0,6.199999999999999,14.675,64.25,79.75,-3.375,3.7812264,0.0,-0.3249999999999999,19.11944446,32.03333333333333,32.45,32.26363636363636,32.6,32.325,-16.521999996666665,-0.2074074100000018,-0.0606666666666666,2.472,2.472,19.02839506666667,2.4380000000000024,5.2486987,5.261313,5.289153,5.2417164,5.3025556,0,0.0,1,1.0,-0.92,23.0,77.0
2022-11-15 03:00:00,47.702814044444,15.452437444444,15.457437244444,19.11944446,2.472,32.325,1,5.1764362714980825,70.66250196097344,3,1,11,0.7071067811865476,0.7071067811865476,0.7818314824680298,0.6234898018587336,-0.5000000000000004,0.8660254037844384,0.0,0.0,0.0,5.6,14.4,66.0,81.0,-3.3,3.7943,0.0,-0.5,18.85555557,32.35,32.03333333333333,32.45,32.26363636363636,32.05,-16.64744446,0.1861111300000004,0.0606666666666666,2.4113333333333333,2.4566666666666666,19.06450617666667,2.45177777777778,5.3025556,5.2486987,5.261313,5.289153,5.176189,0,0.0,1,1.0,-0.88,21.4,78.6
2022-11-15 03:15:00,139.215264533332,97.111948683334,97.13000356111,18.85555557,2.4566666666666666,32.05,2,5.1764362714980825,70.66250196097344,3,1,11,0.7071067811865476,0.7071067811865476,0.7818314824680298,0.6234898018587336,-0.5000000000000004,0.8660254037844384,0.0,0.0,0.0,4.9,13.05,72.75,81.75,-3.125,3.8493521,0.0,-0.425,18.590740763333333,32.325,32.35,32.03333333333333,32.45,32.65,-16.398888903333333,-0.2638888900000005,-0.0153333333333334,2.472,2.212,18.96944445333333,2.446666666666669,5.176189,5.3025556,5.2486987,5.261313,5.1911426,0,0.0,1,1.0,-0.94,23.8,76.2
2022-11-15 03:30:00,553.706739744444,141.344068211112,141.367678383334,18.590740763333333,2.212,32.65,2,5.1764362714980825,70.66250196097344,3,1,11,0.7071067811865476,0.7071067811865476,0.7818314824680298,0.6234898018587336,-0.5000000000000004,0.8660254037844384,0.0,0.0,0.0,4.199999999999999,11.7,79.5,82.5,-2.95,3.9048612,0.0,-0.35,18.93888891,32.05,32.325,32.35,32.03333333333333,32.6,-16.378740763333333,-0.2648148066666671,-0.2446666666666663,2.4566666666666666,2.1973333333333334,18.855246931111115,2.3802222222222245,5.1911426,5.176189,5.3025556,5.2486987,5.2909956,0,0.0,0,1.0,-1.0,26.2,73.8
2022-11-15 03:45:00,161.742141288884,105.180514827778,105.19801416111,18.93888891,2.1973333333333334,32.6,2,5.1764362714980825,70.66250196097344,3,1,11,0.7071067811865476,0.7071067811865476,0.7818314824680298,0.6234898018587336,-0.5000000000000004,0.8660254037844384,0.0,0.0,0.0,3.5,10.35,86.25,83.25,-2.775,3.9608307,0.0,-0.275,19.109259233333333,32.65,32.05,32.325,32.35,32.03333333333333,-16.741555576666666,0.3481481466666665,-0.0146666666666668,2.212,2.2513333333333336,18.79506174777778,2.288666666666669,5.2909956,5.1911426,5.176189,5.3025556,5.251557,0,0.0,0,1.0,-0.92,22.9,77.1
2022-11-15 04:00:00,97.953303844448,39.4700878,39.482865055556,19.109259233333333,2.2513333333333336,32.03333333333333,1,5.1764362714980825,70.66250196097344,4,1,11,0.8660254037844386,0.5000000000000001,0.7818314824680298,0.6234898018587336,-0.5000000000000004,0.8660254037844384,0.0,0.0,0.0,2.8,9.0,93.0,84.0,-2.6,4.0172625,0.0,-0.2,18.89999997,32.6,32.65,32.05,32.325,32.35,-16.857925899999998,0.1703703233333335,0.0540000000000002,2.1973333333333334,2.306666666666666,18.87962963555556,2.2202222222222248,5.251557,5.2909956,5.1911426,5.176189,5.238376,0,0.0,1,1.0,-0.88,21.5,78.5
2022-11-15 04:15:00,197.004064038886,146.191652116666,146.213317933332,18.89999997,2.306666666666666,32.35,2,5.1764362714980825,70.66250196097344,4,1,11,0.8660254037844386,0.5000000000000001,0.7818314824680298,0.6234898018587336,-0.5000000000000004,0.8660254037844384,0.0,0.0,0.0,3.075,8.275,92.0,84.25,-2.575,4.0222707,0.0,-0.225,19.18518521,32.03333333333333,32.6,32.65,32.05,32.31666666666667,-16.59333330333333,-0.2092592633333332,0.055333333333333,2.2513333333333336,2.398,18.98271603777778,2.2517777777777805,5.238376,5.251557,5.2909956,5.1911426,5.3217726,0,0.0,1,1.0,-0.93,23.3,76.7
2022-11-15 04:30:00,97.80858766666,43.49603783889,43.506593016666,19.18518521,2.398,32.31666666666667,1,5.1764362714980825,70.66250196097344,4,1,11,0.8660254037844386,0.5000000000000001,0.7818314824680298,0.6234898018587336,-0.5000000000000004,0.8660254037844384,0.0,0.0,0.0,3.35,7.55,91.0,84.5,-2.55,4.0272493,0.0,-0.25,19.04444442,32.35,32.03333333333333,32.6,32.65,32.05,-16.78718521,0.2851852400000005,0.0913333333333334,2.306666666666666,2.42,19.064814804444445,2.3186666666666693,5.3217726,5.238376,5.251557,5.2909956,5.2342405,0,0.0,1,1.0,-0.87,20.8,79.2
2022-11-15 04:45:00,142.901228105558,99.969334383334,99.986833749998,19.04444442,2.42,32.05,2,5.1764362714980825,70.66250196097344,4,1,11,0.8660254037844386,0.5000000000000001,0.7818314824680298,0.6234898018587336,-0.5000000000000004,0.8660254037844384,0.0,0.0,0.0,3.625,6.824999999999999,90.0,84.75,-2.525,4.032197,0.0,-0.275,19.07539680714285,32.31666666666667,32.35,32.03333333333333,32.6,32.475,-16.624444419999996,-0.1407407900000024,0.0219999999999997,2.398,2.4957142857142856,19.04320986666667,2.3748888888888917,5.2342405,5.3217726,5.238376,5.251557,5.3133416,0,0.0,1,1.0,-0.9,22.1,77.9
2022-11-15 05:00:00,133.679374811112,93.978185172222,93.994017905554,19.07539680714285,2.4957142857142856,32.475,2,5.1764362714980825,70.66250196097344,5,1,11,0.9659258262890684,0.2588190451025207,0.7818314824680298,0.6234898018587336,-0.5000000000000004,0.8660254037844384,0.0,0.0,0.0,3.9,6.1,89.0,85.0,-2.5,4.0371137,0.0,-0.3,19.17222225,32.05,32.31666666666667,32.35,32.03333333333333,32.2,-16.57968252142857,0.0309523871428574,0.0757142857142856,2.42,2.3986666666666667,19.101675479047618,2.437904761904764,5.3133416,5.2342405,5.3217726,5.238376,5.2985106,0,0.0,0,1.0,-0.89,21.7,78.3
2022-11-15 05:15:00,111.185552466664,51.838204172222,51.850981477776,19.17222225,2.3986666666666667,32.2,1,5.1764362714980825,70.66250196097344,5,1,11,0.9659258262890684,0.2588190451025207,0.7818314824680298,0.6234898018587336,-0.5000000000000004,0.8660254037844384,0.0,0.0,0.0,3.375,6.375,91.75,85.25,-2.425,4.055986,0.0,-0.275,18.96851854333333,32.475,32.05,32.31666666666667,32.35,32.46666666666667,-16.773555583333334,0.0968254428571455,-0.0970476190476188,2.4957142857142856,2.3866666666666663,19.097354492380955,2.4381269841269866,5.2985106,5.3133416,5.2342405,5.3217726,5.2785826,0,0.0,1,1.0,-0.87,20.9,79.1
2022-11-15 05:30:00,198.892599494446,137.51505476111,137.535609488888,18.96851854333333,2.3866666666666663,32.46666666666667,2,5.1764362714980825,70.66250196097344,5,1,11,0.9659258262890684,0.2588190451025207,0.7818314824680298,0.6234898018587336,-0.5000000000000004,0.8660254037844384,0.0,0.0,0.0,2.85,6.65,94.5,85.5,-2.35,4.074909,0.0,-0.25,19.14444444,32.2,32.475,32.05,32.31666666666667,32.2,-16.58185187666667,-0.2037037066666656,-0.0120000000000004,2.3986666666666667,2.358,19.072045866825395,2.427015873015875,5.2785826,5.2985106,5.3133416,5.2342405,5.289842,0,0.0,1,1.0,-0.91,22.7,77.3
2022-11-15 05:45:00,62.026685533332,15.318276144444,15.327720233331998,19.14444444,2.358,32.2,1,5.1764362714980825,70.66250196097344,5,1,11,0.9659258262890684,0.2588190451025207,0.7818314824680298,0.6234898018587336,-0.5000000000000004,0.8660254037844384,0.0,0.0,0.0,2.325,6.925,97.25,85.75,-2.2750000000000004,4.093884,0.0,-0.225,18.94259257,32.46666666666667,32.2,32.475,32.05,32.65,-16.786444439999997,0.1759258966666621,-0.0286666666666661,2.3866666666666663,2.118666666666667,19.095061744444447,2.3811111111111134,5.289842,5.2785826,5.2985106,5.3133416,5.30027,0,0.0,1,1.0,-0.88,21.2,78.8
2022-11-15 06:00:00,182.737690249998,135.491246783334,135.511246,18.94259257,2.118666666666667,32.65,2,5.1764362714980825,70.66250196097344,6,1,11,1.0,6.123233995736766e-17,0.7818314824680298,0.6234898018587336,-0.5000000000000004,0.8660254037844384,0.0,0.0,0.0,1.8,7.2,100.0,86.0,-2.2,4.1129117,0.0,-0.2,19.11666666,32.2,32.46666666666667,32.2,32.475,32.6,-16.823925903333333,-0.2018518699999987,-0.2393333333333331,2.358,1.978,19.01851851777778,2.28777777777778,5.30027,5.289842,5.2785826,5.2985106,5.3467903,0,0.0,1,1.0,-0.92,22.9,77.1
2022-11-15 06:15:00,104.793030311112,56.124699372222,56.136643311112,19.11666666,1.978,32.6,1,5.1764362714980825,70.66250196097344,6,1,11,1.0,6.123233995736766e-17,0.7818314824680298,0.6234898018587336,-0.5000000000000004,0.8660254037844384,0.0,0.0,0.0,2.275,6.75,100.0,87.0,-2.1750000000000003,4.1249743,0.0,-0.325,19.06851854,32.65,32.2,32.46666666666667,32.2,32.21666666666667,-17.13866666,0.1740740900000013,-0.1406666666666669,2.118666666666667,1.8733333333333333,19.067901223333333,2.151555555555558,5.3467903,5.30027,5.289842,5.2785826,5.2689366,0,0.0,1,1.0,-0.88,21.3,78.7
2022-11-15 06:30:00,128.060710749998,86.049891183334,86.066557233332,19.06851854,1.8733333333333333,32.21666666666667,2,5.1764362714980825,70.66250196097344,6,1,11,1.0,6.123233995736766e-17,0.7818314824680298,0.6234898018587336,-0.5000000000000004,0.8660254037844384,0.0,0.0,0.0,2.75,6.3,100.0,88.0,-2.1500000000000004,4.136487,0.0,-0.4499999999999999,19.02777781,32.6,32.65,32.2,32.46666666666667,32.8,-17.195185206666665,-0.0481481200000004,-0.1046666666666666,1.978,1.7633333333333332,19.04259259,1.9900000000000029,5.2689366,5.3467903,5.30027,5.289842,5.351461,0,0.0,1,1.0,-0.89,21.8,78.2
2022-11-15 06:45:00,166.878602522216,111.16527546111,111.185552449998,19.02777781,1.7633333333333332,32.8,2,5.1764362714980825,70.66250196097344,6,1,11,1.0,6.123233995736766e-17,0.7818314824680298,0.6234898018587336,-0.5000000000000004,0.8660254037844384,0.0,0.0,0.0,3.2250000000000005,5.8500000000000005,100.0,89.0,-2.125,4.147458,0.0,-0.575,19.18148151333333,32.21666666666667,32.6,32.65,32.2,32.53333333333333,-17.264444476666668,-0.0407407299999995,-0.1100000000000001,1.8733333333333333,1.7646666666666666,19.07098767,1.8715555555555576,5.351461,5.2689366,5.3467903,5.30027,5.3562837,0,0.0,0,1.0,-0.9,22.1,77.9
2022-11-15 07:00:00,97.26916466111,29.418267672222,29.429933888888,19.18148151333333,1.7646666666666666,32.53333333333333,1,5.1764362714980825,70.66250196097344,7,1,11,0.9659258262890684,-0.2588190451025206,0.7818314824680298,0.6234898018587336,-0.5000000000000004,0.8660254037844384,0.0,0.0,0.0,3.7,5.4,100.0,90.0,-2.1,4.1578956,0.0,-0.7,18.92222222,32.8,32.21666666666667,32.6,32.65,32.85,-17.416814846666664,0.1537037033333312,0.0013333333333334,1.7633333333333332,1.56,19.092592621111116,1.800444444444447,5.3562837,5.351461,5.2689366,5.3467903,5.326326,0,0.0,1,1.0,-0.87,20.8,79.2
2022-11-15 07:15:00,173.90859889444602,130.899763783334,130.920318511112,18.92222222,1.56,32.85,2,5.1764362714980825,70.66250196097344,7,1,11,0.9659258262890684,-0.2588190451025206,0.7818314824680298,0.6234898018587336,-0.5000000000000004,0.8660254037844384,0.0,0.0,0.0,3.95,5.575,100.0,88.5,-2.425,4.0673904,0.0,-0.7749999999999999,19.101851866666667,32.53333333333333,32.8,32.21666666666667,32.6,32.81666666666667,-17.36222222,-0.2592592933333328,-0.2046666666666665,1.7646666666666666,1.474,19.043827181111112,1.6960000000000024,5.326326,5.3562837,5.351461,5.2689366,5.377627,0,0.0,1,1.0,-0.92,23.0,77.0
2022-11-15 07:30:00,87.355116755556,45.465403544444,45.480125172222,19.101851866666667,1.474,32.81666666666667,1,5.1764362714980825,70.66250196097344,7,1,11,0.9659258262890684,-0.2588190451025206,0.7818314824680298,0.6234898018587336,-0.5000000000000004,0.8660254037844384,0.0,0.0,0.0,4.2,5.75,100.0,87.0,-2.75,3.9777,0.0,-0.85,19.02777774,32.85,32.53333333333333,32.8,32.21666666666667,32.55,-17.627851866666667,0.1796296466666689,-0.086,1.56,1.3133333333333332,19.06851853333333,1.5995555555555578,5.377627,5.326326,5.3562837,5.351461,5.3106723,0,0.0,1,1.0,-0.88,21.4,78.6
2022-11-15 07:45:00,152.431958127774,99.502130872222,99.51824136111,19.02777774,1.3133333333333332,32.55,2,5.1764362714980825,70.66250196097344,7,1,11,0.9659258262890684,-0.2588190451025206,0.7818314824680298,0.6234898018587336,-0.5000000000000004,0.8660254037844384,0.0,0.0,0.0,4.45,5.925,100.0,85.5,-3.075,3.8888173,0.0,-0.925,19.04629626,32.81666666666667,32.85,32.53333333333333,32.8,32.96666666666667,-17.714444406666665,-0.0740741266666695,-0.1606666666666667,1.474,1.2233333333333334,19.017283942222225,1.4491111111111137,5.3106723,5.377627,5.326326,5.3562837,5.3845334,0,0.0,1,1.0,-0.9,22.1,77.9
2022-11-15 08:00:00,141.854325699996,96.990009177776,97.006952933332,19.04629626,1.2233333333333334,32.96666666666667,2,5.1764362714980825,70.66250196097344,8,1,11,0.8660254037844387,-0.4999999999999998,0.7818314824680298,0.6234898018587336,-0.5000000000000004,0.8660254037844384,0.0,0.0,0.0,4.7,6.1,100.0,84.0,-3.4,3.800738,0.0,-1.0,19.116666650000003,32.55,32.81666666666667,32.85,32.53333333333333,32.7,-17.82296292666667,0.0185185200000042,-0.0899999999999998,1.3133333333333332,1.0526666666666666,19.05864195555556,1.3368888888888917,5.3845334,5.3106723,5.377627,5.326326,5.363192,0,0.0,0,1.0,-0.89,21.9,78.1
2022-11-15 08:15:00,106.874336038886,48.566112844444,48.579167905554,19.116666650000003,1.0526666666666666,32.7,1,5.1764362714980825,70.66250196097344,8,1,11,0.8660254037844387,-0.4999999999999998,0.7818314824680298,0.6234898018587336,-0.5000000000000004,0.8660254037844384,7.75,1.9375,0.6458333333333334,5.325,8.35,100.0,82.75,-3.375,3.8097248,0.0,-0.75,18.93333333,32.96666666666667,32.55,32.81666666666667,32.85,32.96666666666667,-18.063999983333336,0.0703703900000007,-0.1706666666666667,1.2233333333333334,0.8593333333333334,19.06358021666667,1.1964444444444469,5.363192,5.3845334,5.3106723,5.377627,5.3487515,0,0.0,1,1.0,-0.88,21.3,78.7
2022-11-15 08:30:00,210.3574187,149.137367616666,149.161811105554,18.93333333,0.8593333333333334,32.96666666666667,2,5.1764362714980825,70.66250196097344,8,1,11,0.8660254037844387,-0.4999999999999998,0.7818314824680298,0.6234898018587336,-0.5000000000000004,0.8660254037844384,15.5,5.8125,1.9375,5.95,10.6,100.0,81.5,-3.35,3.8177214,0.0,-0.5,19.15,32.7,32.96666666666667,32.55,32.81666666666667,32.65,-18.073999996666668,-0.1833333200000027,-0.1933333333333332,1.0526666666666666,0.876,19.032098746666662,1.045111111111113,5.3487515,5.363192,5.3845334,5.3106723,5.3655257,0,0.0,1,1.0,-0.92,22.9,77.1
2022-11-15 08:45:00,64.53797404444,15.165226733331998,15.174948594442,19.15,0.876,32.65,1,5.1764362714980825,70.66250196097344,8,1,11,0.8660254037844387,-0.4999999999999998,0.7818314824680298,0.6234898018587336,-0.5000000000000004,0.8660254037844384,23.25,11.625,3.875,6.575,12.85,100.0,80.25,-3.325,3.8246956,0.0,-0.25,18.994444426666668,32.96666666666667,32.7,32.96666666666667,32.55,32.68333333333333,-18.274,0.2166666699999986,0.0166666666666666,0.8593333333333334,0.73,19.06666666,0.9293333333333358,5.3655257,5.3487515,5.363192,5.3845334,5.321947,0,0.0,1,1.0,-0.87,21.0,79.0
2022-11-15 09:00:00,275.75758042222003,146.0299919,146.051935472222,18.994444426666668,0.73,32.68333333333333,2,5.1764362714980825,70.66250196097344,9,1,11,0.7071067811865476,-0.7071067811865475,0.7818314824680298,0.6234898018587336,-0.5000000000000004,0.8660254037844384,31.0,19.375,6.458333333333333,7.2,15.1,100.0,79.0,-3.3,3.8306122,0.0,-0.0,19.1222222,32.65,32.96666666666667,32.7,32.96666666666667,33.0,-18.264444426666667,-0.1555555733333307,-0.146,0.876,0.9566666666666668,19.02592591888889,0.8217777777777803,5.321947,5.3655257,5.3487515,5.363192,5.4141693,0,0.0,1,1.0,-0.91,22.4,77.6
2022-11-15 09:15:00,432.061050166668,45.702616255556,45.718726711112,19.1222222,0.9566666666666668,33.0,1,5.1764362714980825,70.66250196097344,9,1,11,0.7071067811865476,-0.7071067811865475,0.7818314824680298,0.6234898018587336,-0.5000000000000004,0.8660254037844384,53.25,30.75,10.895833333333334,6.875,15.375,100.0,76.75,-3.35,3.8056762,0.0,0.325,18.964814846666663,32.68333333333333,32.65,32.96666666666667,32.7,33.18333333333333,-18.165555533333333,0.1277777733333316,0.2266666666666666,0.73,1.18,19.08888887555556,0.8542222222222247,5.4141693,5.321947,5.3655257,5.3487515,5.393921,0,0.0,1,1.0,-0.88,21.2,78.8
2022-11-15 09:30:00,178.549246727774,111.994964472222,112.013297072222,18.964814846666663,1.18,33.18333333333333,2,5.1764362714980825,70.66250196097344,9,1,11,0.7071067811865476,-0.7071067811865475,0.7818314824680298,0.6234898018587336,-0.5000000000000004,0.8660254037844384,75.5,45.75,17.1875,6.550000000000001,15.65,100.0,74.5,-3.4,3.7774222,0.0,0.65,18.83333335,33.0,32.68333333333333,32.65,32.96666666666667,33.15,-17.784814846666666,-0.1574073533333333,0.2233333333333332,0.9566666666666668,1.2553333333333332,19.027160491111115,0.9555555555555578,5.393921,5.4141693,5.321947,5.3655257,5.3468175,0,0.0,1,1.0,-0.91,22.6,77.4
2022-11-15 09:45:00,146.385533277776,94.864260844444,94.882315738886,18.83333335,1.2553333333333332,33.15,2,5.1764362714980825,70.66250196097344,9,1,11,0.7071067811865476,-0.7071067811865475,0.7818314824680298,0.6234898018587336,-0.5000000000000004,0.8660254037844384,97.75,64.375,25.33333333333333,6.2250000000000005,15.925,100.0,72.25,-3.45,3.7457294,0.0,0.975,18.661111126666665,33.18333333333333,33.0,32.68333333333333,32.65,33.18333333333333,-17.578000016666664,-0.1314814966666695,0.0753333333333332,1.18,1.3286666666666669,18.97345679888889,1.130666666666669,5.3468175,5.393921,5.4141693,5.321947,5.2979617,0,0.0,0,1.0,-0.94,23.8,76.2
2022-11-15 10:00:00,181.04886892222,139.263873672222,139.286095016666,18.661111126666665,1.3286666666666669,33.18333333333333,2,5.1764362714980825,70.66250196097344,10,1,11,0.4999999999999999,-0.8660254037844387,0.7818314824680298,0.6234898018587336,-0.5000000000000004,0.8660254037844384,120.0,86.625,35.333333333333336,5.9,16.2,100.0,70.0,-3.5,3.7104743,0.0,1.3,18.87777775,33.15,33.18333333333333,33.0,32.68333333333333,33.45,-17.332444459999998,-0.1722222233333319,0.0733333333333334,1.2553333333333332,1.5786666666666669,18.819753107777775,1.254666666666669,5.2979617,5.3468175,5.393921,5.4141693,5.409392,0,0.0,0,1.0,-0.98,25.4,74.6
2022-11-15 10:15:00,223.195794027778,169.788208233332,169.81265172222,18.87777775,1.5786666666666669,33.45,2,5.1764362714980825,70.66250196097344,10,1,11,0.4999999999999999,-0.8660254037844387,0.7818314824680298,0.6234898018587336,-0.5000000000000004,0.8660254037844384,130.5,105.9375,46.208333333333336,6.075,16.475,100.0,68.75,-3.5,3.7130814,0.0,1.575,19.33703704666667,33.18333333333333,33.15,33.18333333333333,33.0,33.03333333333333,-17.299111083333333,0.2166666233333352,0.25,1.3286666666666669,1.7993333333333337,18.790740742222223,1.387555555555558,5.409392,5.2979617,5.3468175,5.393921,5.488661,0,0.0,0,1.0,-0.93,23.3,76.7
2022-11-15 10:30:00,624.087257727778,145.611397544444,145.63223006111,19.33703704666667,1.7993333333333337,33.03333333333333,2,5.1764362714980825,70.66250196097344,10,1,11,0.4999999999999999,-0.8660254037844387,0.7818314824680298,0.6234898018587336,-0.5000000000000004,0.8660254037844384,141.0,122.3125,57.958333333333336,6.25,16.75,100.0,67.5,-3.5,3.714301,0.0,1.85,19.38333334,33.45,33.18333333333333,33.15,33.18333333333333,32.7,-17.537703713333336,0.4592592966666693,0.2206666666666668,1.5786666666666669,2.0926666666666667,18.958641974444447,1.5688888888888914,5.488661,5.409392,5.2979617,5.3468175,5.4481,0,0.0,0,1.0,-0.83,19.4,80.6
2022-11-15 10:45:00,1225.275987016666,21.549693511112,21.558859827778,19.38333334,2.0926666666666667,32.7,1,5.1764362714980825,70.66250196097344,10,1,11,0.4999999999999999,-0.8660254037844387,0.7818314824680298,0.6234898018587336,-0.5000000000000004,0.8660254037844384,151.5,135.75,70.58333333333333,6.425,17.025,100.0,66.25,-3.5,3.7140872,0.0,2.125,19.00555554,33.03333333333333,33.45,33.18333333333333,33.15,33.516666666666666,-17.290666673333334,0.0462962933333308,0.2933333333333332,1.7993333333333337,2.385333333333333,19.19938271222222,1.8235555555555576,5.4481,5.488661,5.409392,5.2979617,5.461223,0,0.0,1,1.0,-0.82,19.1,80.9
2022-11-15 11:00:00,923.141406233332,128.962341266668,128.9831738,19.00555554,2.385333333333333,33.516666666666666,2,5.1764362714980825,70.66250196097344,11,1,11,0.258819045102521,-0.9659258262890682,0.7818314824680298,0.6234898018587336,-0.5000000000000004,0.8660254037844384,162.0,146.25,84.08333333333333,6.6,17.3,100.0,65.0,-3.5,3.7123916,0.0,2.4,19.07777776,32.7,33.03333333333333,33.45,33.18333333333333,34.9,-16.620222206666668,-0.3777778000000005,0.2926666666666668,2.0926666666666667,2.795333333333333,19.241975308888893,2.0924444444444465,5.461223,5.4481,5.488661,5.409392,5.710906,0,0.0,1,1.0,-0.9,22.1,77.9
2022-11-15 11:15:00,220.325075661106,168.107997611112,168.1324411,19.07777776,2.795333333333333,34.9,2,5.1764362714980825,70.66250196097344,11,1,11,0.258819045102521,-0.9659258262890682,0.7818314824680298,0.6234898018587336,-0.5000000000000004,0.8660254037844384,162.75,154.3125,97.0,7.074999999999999,18.275,100.0,63.75,-3.65,3.6780434,0.0,2.55,19.32777777333333,33.516666666666666,32.7,33.03333333333333,33.45,35.46666666666667,-16.282444426666668,0.0722222200000004,0.4099999999999997,2.385333333333333,2.659333333333333,19.155555546666665,2.424444444444447,5.710906,5.461223,5.4481,5.488661,5.8897605,0,0.0,0,1.0,-0.88,21.2,78.8
2022-11-15 11:30:00,172.960303677772,126.725486327778,126.745485544444,19.32777777333333,2.659333333333333,35.46666666666667,2,5.1764362714980825,70.66250196097344,11,1,11,0.258819045102521,-0.9659258262890682,0.7818314824680298,0.6234898018587336,-0.5000000000000004,0.8660254037844384,163.5,159.9375,109.33333333333331,7.55,19.25,100.0,62.5,-3.8,3.6425662,0.0,2.7,19.32777774,34.9,33.516666666666666,32.7,33.03333333333333,34.85,-16.66844444,0.2500000133333309,-0.1359999999999996,2.795333333333333,2.8146666666666667,19.13703702444444,2.6133333333333355,5.8897605,5.710906,5.461223,5.4481,5.787353,0,0.0,0,1.0,-0.82,19.0,81.0
2022-11-15 11:45:00,88.478127583326,35.696349855556,35.70801612222,19.32777774,2.8146666666666667,34.85,1,5.1764362714980825,70.66250196097344,11,1,11,0.258819045102521,-0.9659258262890682,0.7818314824680298,0.6234898018587336,-0.5000000000000004,0.8660254037844384,164.25,163.125,121.08333333333331,8.025,20.225,100.0,61.25,-3.95,3.605943,0.0,2.85,18.97222217857143,35.46666666666667,34.9,33.516666666666666,32.7,35.32857142857143,-16.51311107333333,-3.333333253863202e-08,0.1553333333333331,2.659333333333333,2.6992857142857143,19.24444442444444,2.7564444444444463,5.787353,5.8897605,5.710906,5.461223,5.745139,0,0.0,1,1.0,-0.82,19.1,80.9
2022-11-15 12:00:00,176.84820353889,127.20796706111,127.227966294442,18.97222217857143,2.6992857142857143,35.32857142857143,2,5.1764362714980825,70.66250196097344,12,1,11,1.2246467991473532e-16,-1.0,0.7818314824680298,0.6234898018587336,-0.5000000000000004,0.8660254037844384,165.0,163.875,132.25,8.5,21.2,100.0,60.0,-4.1,3.568156,0.0,3.0,19.07777776,34.85,35.46666666666667,34.9,33.516666666666666,35.95,-16.272936464285713,-0.3555555614285701,-0.1153809523809523,2.8146666666666667,2.96,19.20925923063492,2.7244285714285734,5.745139,5.787353,5.8897605,5.710906,5.8827243,0,0.0,1,1.0,-0.9,22.1,77.9
2022-11-15 12:15:00,211.95235481667,149.702344966668,149.725399611112,19.07777776,2.96,35.95,2,5.1764362714980825,70.66250196097344,12,1,11,1.2246467991473532e-16,-1.0,0.7818314824680298,0.6234898018587336,-0.5000000000000004,0.8660254037844384,172.25,166.25,142.16666666666666,8.025,21.3,100.0,58.75,-4.225,3.5351124,0.0,3.175,19.266666686666667,35.32857142857143,34.85,35.46666666666667,34.9,35.53333333333333,-16.11777776,0.1055555814285718,0.2607142857142857,2.6992857142857143,3.0646666666666667,19.125925892857143,2.8246507936507963,5.8827243,5.745139,5.787353,5.8897605,5.8796363,0,0.0,0,1.0,-0.87,21.0,79.0
2022-11-15 12:30:00,200.809467316666,137.735879244444,137.75671176111,19.266666686666667,3.0646666666666667,35.53333333333333,2,5.1764362714980825,70.66250196097344,12,1,11,1.2246467991473532e-16,-1.0,0.7818314824680298,0.6234898018587336,-0.5000000000000004,0.8660254037844384,179.5,170.25,150.83333333333334,7.55,21.4,100.0,57.5,-4.35,3.5007288,0.0,3.35,19.25000002,35.95,35.32857142857143,34.85,35.46666666666667,34.75,-16.20200002,0.1888889266666673,0.1046666666666666,2.96,3.127333333333333,19.105555541746032,2.907984126984129,5.8796363,5.8827243,5.745139,5.787353,5.7443776,0,0.0,0,1.0,-0.83,19.5,80.5
2022-11-15 12:45:00,70.564677349998,16.628501516666,16.63877892222,19.25000002,3.127333333333333,34.75,1,5.1764362714980825,70.66250196097344,12,1,11,1.2246467991473532e-16,-1.0,0.7818314824680298,0.6234898018587336,-0.5000000000000004,0.8660254037844384,186.75,175.875,158.25,7.074999999999999,21.5,100.0,56.25,-4.475,3.4649837,0.0,3.5250000000000004,18.937037046666667,35.53333333333333,35.95,35.32857142857143,34.85,34.21666666666667,-16.12266668666667,-0.0166666666666657,0.0626666666666664,3.0646666666666667,3.241333333333333,19.19814815555556,3.0506666666666686,5.7443776,5.8796363,5.8827243,5.745139,5.5527735,0,0.0,1,1.0,-0.84,19.8,80.2
2022-11-15 13:00:00,147.444379922216,101.21567346111,101.234283899996,18.937037046666667,3.241333333333333,34.21666666666667,2,5.1764362714980825,70.66250196097344,13,1,11,-0.2588190451025208,-0.9659258262890684,0.7818314824680298,0.6234898018587336,-0.5000000000000004,0.8660254037844384,194.0,183.125,164.41666666666666,6.6,21.6,100.0,55.0,-4.6,3.42785,0.0,3.7,18.88333335,34.75,35.53333333333333,35.95,35.32857142857143,34.8,-15.695703713333334,-0.3129629733333345,0.1139999999999998,3.127333333333333,3.191333333333333,19.15123458444445,3.144444444444446,5.5527735,5.7443776,5.8796363,5.8827243,5.6295557,0,0.0,1,1.0,-0.91,22.6,77.4
2022-11-15 13:15:00,205.834821894442,158.837257355556,158.860311950002,18.88333335,3.191333333333333,34.8,2,5.1764362714980825,70.66250196097344,13,1,11,-0.2588190451025208,-0.9659258262890684,0.7818314824680298,0.6234898018587336,-0.5000000000000004,0.8660254037844384,165.75,181.5,167.35416666666666,6.675,20.525,100.0,54.75,-4.675,3.400889,0.0,3.65,19.209259266666667,34.21666666666667,34.75,35.53333333333333,35.95,34.35,-15.692000016666665,-0.0537036966666697,-0.0499999999999998,3.241333333333333,3.18,19.02345680555556,3.1866666666666688,5.6295557,5.5527735,5.7443776,5.8796363,5.6646433,0,0.0,0,1.0,-0.92,23.0,77.0
2022-11-15 13:30:00,1328.775735727778,161.32438009999998,161.350212416666,19.209259266666667,3.18,34.35,2,5.1764362714980825,70.66250196097344,13,1,11,-0.2588190451025208,-0.9659258262890684,0.7818314824680298,0.6234898018587336,-0.5000000000000004,0.8660254037844384,137.5,171.0,167.0625,6.75,19.450000000000003,100.0,54.5,-4.75,3.3740642,0.0,3.6,19.33888889,34.8,34.21666666666667,34.75,35.53333333333333,33.6,-16.029259266666667,0.3259259166666695,-0.0113333333333329,3.191333333333333,3.1426666666666665,19.00987655444445,3.2042222222222243,5.6646433,5.6295557,5.5527735,5.7443776,5.5834236,0,0.0,0,1.0,-0.85,20.2,79.8
2022-11-15 13:45:00,82.58725196111,19.713655888888,19.724488755556,19.33888889,3.1426666666666665,33.6,1,5.1764362714980825,70.66250196097344,13,1,11,-0.2588190451025208,-0.9659258262890684,0.7818314824680298,0.6234898018587336,-0.5000000000000004,0.8660254037844384,109.25,151.625,163.54166666666666,6.825,18.375,100.0,54.25,-4.825,3.3473775,0.0,3.55,18.99629631,34.35,34.8,34.21666666666667,34.75,33.21666666666667,-16.196222223333333,0.1296296233333329,-0.0373333333333336,3.18,3.123333333333333,19.14382716888889,3.171333333333336,5.5834236,5.6646433,5.6295557,5.5527735,5.4093814,0,0.0,1,1.0,-0.82,19.3,80.7
2022-11-15 14:00:00,141.32740234444,88.757560655556,88.773948966664,18.99629631,3.123333333333333,33.21666666666667,2,5.1764362714980825,70.66250196097344,14,1,11,-0.4999999999999997,-0.8660254037844388,0.7818314824680298,0.6234898018587336,-0.5000000000000004,0.8660254037844384,81.0,123.375,156.79166666666666,6.9,17.3,100.0,54.0,-4.9,3.3208256,0.0,3.5,18.89444444,33.6,34.35,34.8,34.21666666666667,33.8,-15.872962976666663,-0.3425925800000016,-0.0193333333333329,3.1426666666666665,3.295333333333333,19.18148148888889,3.148666666666669,5.4093814,5.5834236,5.6646433,5.6295557,5.4713764,0,0.0,1,1.0,-0.9,22.3,77.7
2022-11-15 14:15:00,203.448250611112,145.94693967222202,145.967772172222,18.89444444,3.295333333333333,33.8,2,5.1764362714980825,70.66250196097344,14,1,11,-0.4999999999999997,-0.8660254037844388,0.7818314824680298,0.6234898018587336,-0.5000000000000004,0.8660254037844384,86.5,103.5625,150.4375,7.325,18.2,100.0,53.75,-4.9,3.316526,0.0,3.55,19.13703702333333,33.21666666666667,33.6,34.35,34.8,33.53333333333333,-15.599111106666664,-0.1018518700000008,0.1719999999999997,3.123333333333333,3.26,19.07654321333333,3.187111111111113,5.4713764,5.4093814,5.5834236,5.6646433,5.5064793,0,0.0,0,1.0,-0.92,23.1,76.9
2022-11-15 14:30:00,183.67820807778,136.530094111112,136.550648822224,19.13703702333333,3.26,33.53333333333333,2,5.1764362714980825,70.66250196097344,14,1,11,-0.4999999999999997,-0.8660254037844388,0.7818314824680298,0.6234898018587336,-0.5000000000000004,0.8660254037844384,92.0,92.1875,144.47916666666666,7.75,19.1,100.0,53.5,-4.9,3.312155,0.0,3.6,19.30555553,33.8,33.21666666666667,33.6,34.35,33.15,-15.877037023333337,0.2425925833333373,-0.0353333333333334,3.295333333333333,3.264,19.009259257777774,3.226222222222224,5.5064793,5.4713764,5.4093814,5.5834236,5.4978466,0,0.0,0,1.0,-0.87,21.0,79.0
2022-11-15 14:45:00,185.743125527778,139.44553303889,139.466921066668,19.30555553,3.264,33.15,2,5.1764362714980825,70.66250196097344,14,1,11,-0.4999999999999997,-0.8660254037844388,0.7818314824680298,0.6234898018587336,-0.5000000000000004,0.8660254037844384,97.5,89.25,138.91666666666666,8.175,20.0,100.0,53.25,-4.9,3.3077142,0.0,3.65,19.38518519333333,33.53333333333333,33.8,33.21666666666667,33.6,32.81666666666667,-16.04155553,0.1685185066666648,0.0040000000000004,3.26,3.282,19.112345664444444,3.2731111111111133,5.4978466,5.5064793,5.4713764,5.4093814,5.4681334,0,0.0,0,1.0,-0.83,19.7,80.3
2022-11-15 15:00:00,121.040713861106,51.911256783334,51.92264526111,19.38518519333333,3.282,32.81666666666667,1,5.1764362714980825,70.66250196097344,15,1,11,-0.7071067811865471,-0.7071067811865479,0.7818314824680298,0.6234898018587336,-0.5000000000000004,0.8660254037844384,103.0,94.75,133.75,8.6,20.9,100.0,53.0,-4.9,3.3032005,0.0,3.7,19.13333336,33.15,33.53333333333333,33.8,33.21666666666667,32.2,-16.10318519333333,0.0796296633333319,0.0179999999999993,3.264,3.285333333333333,19.27592591555556,3.2686666666666686,5.4681334,5.4978466,5.5064793,5.4713764,5.286379,0,0.0,1,1.0,-0.82,19.1,80.9
2022-11-15 15:15:00,123.047577850002,58.017956955556,58.032400877776,19.13333336,3.285333333333333,32.2,1,5.1764362714980825,70.66250196097344,15,1,11,-0.7071067811865471,-0.7071067811865479,0.7818314824680298,0.6234898018587336,-0.5000000000000004,0.8660254037844384,115.25,101.9375,129.0,8.7,21.175,100.0,52.5,-4.925000000000001,3.2994595,0.0,3.825,18.90925924333333,32.81666666666667,33.15,33.53333333333333,33.8,32.65,-15.848000026666664,-0.2518518333333333,0.0033333333333338,3.282,3.112,19.274691361111117,3.2771111111111133,5.286379,5.4681334,5.4978466,5.5064793,5.289847,0,0.0,0,1.0,-0.88,21.3,78.7
2022-11-15 15:30:00,208.88081101667,155.43378239999998,155.454059372222,18.90925924333333,3.112,32.65,2,5.1764362714980825,70.66250196097344,15,1,11,-0.7071067811865471,-0.7071067811865479,0.7818314824680298,0.6234898018587336,-0.5000000000000004,0.8660254037844384,127.5,110.8125,124.66666666666669,8.8,21.45,100.0,52.0,-4.95,3.2953947,0.0,3.95,19.161111100000003,32.2,32.81666666666667,33.15,33.53333333333333,32.65,-15.797259243333334,-0.2240741166666637,-0.1733333333333333,3.285333333333333,3.148,19.142592598888893,3.2264444444444464,5.289847,5.286379,5.4681334,5.4978466,5.369042,0,0.0,1,1.0,-0.93,23.2,76.8
2022-11-15 15:45:00,191.040413644444,138.326411172222,138.347521444444,19.161111100000003,3.148,32.65,2,5.1764362714980825,70.66250196097344,15,1,11,-0.7071067811865471,-0.7071067811865479,0.7818314824680298,0.6234898018587336,-0.5000000000000004,0.8660254037844384,139.75,121.375,120.75,8.9,21.725,100.0,51.5,-4.975,3.291003,0.0,4.075,19.294444443333337,32.65,32.2,32.81666666666667,33.15,32.31666666666667,-16.013111100000003,0.2518518566666685,0.036,3.112,3.162,19.067901234444445,3.1817777777777803,5.369042,5.289847,5.286379,5.4681334,5.3561354,0,0.0,0,1.0,-0.87,21.0,79.0
2022-11-15 16:00:00,185.222868572222,133.578545527778,133.5979892,19.294444443333337,3.162,32.31666666666667,2,5.1764362714980825,70.66250196097344,16,1,11,-0.8660254037844385,-0.5000000000000004,0.7818314824680298,0.6234898018587336,-0.5000000000000004,0.8660254037844384,152.0,133.625,117.25,9.0,22.0,100.0,51.0,-5.0,3.2862778,0.0,4.2,19.35555555,32.65,32.65,32.2,32.81666666666667,31.95,-16.132444443333338,0.1333333433333337,0.0139999999999997,3.148,3.0900000000000003,19.12160492888889,3.1406666666666685,5.3561354,5.369042,5.289847,5.286379,5.314449,0,0.0,0,1.0,-0.84,19.9,80.1
2022-11-15 16:15:00,106.79433922222,56.61662416111,56.62995696111,19.35555555,3.0900000000000003,31.95,1,5.1764362714980825,70.66250196097344,16,1,11,-0.8660254037844385,-0.5000000000000004,0.7818314824680298,0.6234898018587336,-0.5000000000000004,0.8660254037844384,123.5,135.6875,113.72916666666669,8.375,21.45,100.0,52.0,-4.9,3.3229544,0.0,4.075,19.11111110333333,32.31666666666667,32.65,32.65,32.2,31.53333333333333,-16.265555550000002,0.0611111066666651,-0.0719999999999996,3.162,3.024,19.27037036444445,3.133333333333335,5.314449,5.3561354,5.369042,5.289847,5.1701503,0,0.0,1,1.0,-0.83,19.5,80.5
2022-11-15 16:30:00,129.690923355552,63.480794016666,63.494404638886,19.11111110333333,3.024,31.53333333333333,1,5.1764362714980825,70.66250196097344,16,1,11,-0.8660254037844385,-0.5000000000000004,0.7818314824680298,0.6234898018587336,-0.5000000000000004,0.8660254037844384,95.0,127.5625,110.1875,7.75,20.9,100.0,53.0,-4.8,3.3587677,0.0,3.95,18.91111112,31.95,32.31666666666667,32.65,32.65,31.85,-16.08711110333333,-0.2444444466666695,-0.0660000000000002,3.0900000000000003,3.083333333333333,19.253703698888888,3.0920000000000023,5.1701503,5.314449,5.3561354,5.369042,5.1607985,0,0.0,0,1.0,-0.89,21.6,78.4
2022-11-15 16:45:00,214.665579733332,150.056775272222,150.078163283334,18.91111112,3.083333333333333,31.85,2,5.1764362714980825,70.66250196097344,16,1,11,-0.8660254037844385,-0.5000000000000004,0.7818314824680298,0.6234898018587336,-0.5000000000000004,0.8660254037844384,66.5,109.25,106.625,7.125,20.35,100.0,54.0,-4.699999999999999,3.39373,0.0,3.825,19.13703702333333,31.53333333333333,31.95,32.31666666666667,32.65,32.0,-15.827777786666667,-0.1999999833333312,0.0593333333333334,3.024,2.658666666666667,19.125925924444445,3.06577777777778,5.1607985,5.1701503,5.314449,5.3561354,5.254692,0,0.0,1,1.0,-0.93,23.3,76.7
2022-11-15 17:00:00,181.651622527778,135.403750283334,135.423749466668,19.13703702333333,2.658666666666667,32.0,2,5.1764362714980825,70.66250196097344,17,1,11,-0.9659258262890684,-0.2588190451025206,0.7818314824680298,0.6234898018587336,-0.5000000000000004,0.8660254037844384,38.0,80.75,103.04166666666669,6.5,19.8,100.0,55.0,-4.6,3.42785,0.0,3.7,19.26666667,31.85,31.53333333333333,31.95,32.31666666666667,32.0,-16.478370356666666,0.2259259033333336,-0.4246666666666665,3.083333333333333,2.317333333333333,19.053086415555555,2.9220000000000024,5.254692,5.1607985,5.1701503,5.314449,5.294982,0,0.0,0,1.0,-0.88,21.3,78.7
2022-11-15 17:15:00,184.60928208333,137.415614272222,137.434502416666,19.26666667,2.317333333333333,32.0,2,5.1764362714980825,70.66250196097344,17,1,11,-0.9659258262890684,-0.2588190451025206,0.7818314824680298,0.6234898018587336,-0.5000000000000004,0.8660254037844384,30.25,57.4375,98.35416666666669,6.325,18.175,100.0,55.75,-4.574999999999999,3.4227138,0.0,3.475,19.349999986666667,32.0,31.85,31.53333333333333,31.95,32.0,-16.949333336666665,0.1296296466666646,-0.3413333333333339,2.658666666666667,2.123333333333333,19.104938271111116,2.686444444444447,5.294982,5.254692,5.1607985,5.1701503,5.321026,0,0.0,0,1.0,-0.85,20.2,79.8
2022-11-15 17:30:00,195.279966388884,138.334188644444,138.35474342222,19.349999986666667,2.123333333333333,32.0,2,5.1764362714980825,70.66250196097344,17,1,11,-0.9659258262890684,-0.2588190451025206,0.7818314824680298,0.6234898018587336,-0.5000000000000004,0.8660254037844384,22.5,39.3125,92.5625,6.15,16.55,100.0,56.5,-4.55,3.41687,0.0,3.25,19.416666640000003,32.0,32.0,31.85,31.53333333333333,32.0,-17.226666653333332,0.0833333166666676,-0.1939999999999995,2.317333333333333,1.7326666666666666,19.25123456,2.3664444444444466,5.321026,5.294982,5.254692,5.1607985,5.34194,0,0.0,0,1.0,-0.83,19.5,80.5
2022-11-15 17:45:00,117.541131549998,62.208900444444005,62.22139996111,19.416666640000003,1.7326666666666666,32.0,1,5.1764362714980825,70.66250196097344,17,1,11,-0.9659258262890684,-0.2588190451025206,0.7818314824680298,0.6234898018587336,-0.5000000000000004,0.8660254037844384,14.75,26.375,85.66666666666667,5.975,14.925,100.0,57.25,-4.525,3.4103384,0.0,3.025,19.218518496666665,32.0,32.0,32.0,31.85,32.0,-17.683999973333336,0.0666666533333355,-0.3906666666666669,2.123333333333333,1.4793333333333334,19.34444443222222,2.05777777777778,5.34194,5.321026,5.294982,5.254692,5.279987,0,0.0,1,1.0,-0.81,19.0,81.0
2022-11-15 18:00:00,121.867902938886,59.905937016666,59.919547655552,19.218518496666665,1.4793333333333334,32.0,1,5.1764362714980825,70.66250196097344,18,1,11,-1.0,-1.8369701987210294e-16,0.7818314824680298,0.6234898018587336,-0.5000000000000004,0.8660254037844384,7.0,18.625,77.66666666666667,5.8,13.3,100.0,58.0,-4.5,3.4031384,0.0,2.8,18.977380923571427,32.0,32.0,32.0,32.0,32.72857142857143,-17.73918516333333,-0.1981481433333378,-0.2533333333333332,1.7326666666666666,0.8814285714285715,19.32839504111111,1.7784444444444467,5.279987,5.34194,5.321026,5.294982,5.323949,0,0.0,0,1.0,-0.86,20.6,79.4
2022-11-15 18:15:00,197.96985872222,140.466047783334,140.484935927778,18.977380923571427,0.8814285714285715,32.72857142857143,2,5.1764362714980825,70.66250196097344,18,1,11,-1.0,-1.8369701987210294e-16,0.7818314824680298,0.6234898018587336,-0.5000000000000004,0.8660254037844384,5.25,12.375,68.5,5.425,12.95,100.0,58.75,-4.4,3.4355614,0.0,2.75,19.16111111,32.0,32.0,32.0,32.0,32.81666666666667,-18.095952352142856,-0.2411375730952372,-0.5979047619047619,1.4793333333333334,0.604,19.204188686746036,1.3644761904761928,5.323949,5.279987,5.34194,5.321026,5.3964486,0,0.0,1,1.0,-0.91,22.5,77.5
2022-11-15 18:30:00,186.412821055552,139.724133027778,139.744409983334,19.16111111,0.604,32.81666666666667,2,5.1764362714980825,70.66250196097344,18,1,11,-1.0,-1.8369701987210294e-16,0.7818314824680298,0.6234898018587336,-0.5000000000000004,0.8660254037844384,3.5,7.625,58.16666666666666,5.05,12.6,100.0,59.5,-4.3,3.4677234,0.0,2.7,19.28888891,32.72857142857143,32.0,32.0,32.0,32.5,-18.55711111,0.1837301864285727,-0.2774285714285714,0.8814285714285715,0.3686666666666667,19.119003510079366,0.9882539682539704,5.3964486,5.323949,5.279987,5.34194,5.384759,0,0.0,0,1.0,-0.87,20.9,79.1
2022-11-15 18:45:00,205.645940450002,159.436400072222,159.458343611112,19.28888891,0.3686666666666667,32.5,2,5.1764362714980825,70.66250196097344,18,1,11,-1.0,-1.8369701987210294e-16,0.7818314824680298,0.6234898018587336,-0.5000000000000004,0.8660254037844384,1.75,4.375,46.66666666666666,4.675,12.25,100.0,60.25,-4.199999999999999,3.499626,0.0,2.65,19.30000002,32.81666666666667,32.72857142857143,32.0,32.0,32.5,-18.92022224333333,0.1277778000000005,-0.2353333333333332,0.604,0.328,19.142460314523813,0.6180317460317483,5.384759,5.3964486,5.323949,5.279987,5.3882833,0,0.0,0,1.0,-0.84,19.9,80.1
2022-11-15 19:00:00,158.703374011104,103.33142216111,103.346977172218,19.30000002,0.328,32.5,2,5.1764362714980825,70.66250196097344,19,1,11,-0.9659258262890684,0.2588190451025203,0.7818314824680298,0.6234898018587336,-0.5000000000000004,0.8660254037844384,0.0,2.625,34.0,4.3,11.9,100.0,61.0,-4.1,3.5312688,0.0,2.6,18.98333335,32.5,32.81666666666667,32.72857142857143,32.0,32.85,-18.972000020000003,0.0111111100000016,-0.0406666666666666,0.3686666666666667,0.2526666666666666,19.25000001333333,0.4335555555555577,5.3882833,5.384759,5.3964486,5.323949,5.345579,0,0.0,0,1.0,-0.84,19.8,80.2
2022-11-15 19:15:00,208.636098688888,146.319424788888,146.340535077776,18.98333335,0.2526666666666666,32.85,2,5.1764362714980825,70.66250196097344,19,1,11,-0.9659258262890684,0.2588190451025203,0.7818314824680298,0.6234898018587336,-0.5000000000000004,0.8660254037844384,0.0,1.3125,23.70833333333333,4.975,11.175,100.0,64.0,-3.9,3.606202,0.05,2.2,19.074074066666665,32.5,32.5,32.81666666666667,32.72857142857143,33.0,-18.73066668333333,-0.3166666700000036,-0.0753333333333333,0.328,0.2926666666666667,19.19074076,0.3164444444444467,5.345579,5.3882833,5.384759,5.3964486,5.3988175,0,0.0,0,1.0,-0.91,22.5,77.5
2022-11-15 19:30:00,360.550299761106,161.556037516666,161.577425577776,19.074074066666665,0.2926666666666667,33.0,2,5.1764362714980825,70.66250196097344,19,1,11,-0.9659258262890684,0.2588190451025203,0.7818314824680298,0.6234898018587336,-0.5000000000000004,0.8660254037844384,0.0,0.4375,15.791666666666666,5.65,10.45,100.0,67.0,-3.7,3.6743007,0.1,1.8,19.34444444,32.85,32.5,32.5,32.81666666666667,33.15,-18.7814074,0.0907407166666658,0.04,0.2526666666666666,0.266,19.119135812222225,0.2911111111111133,5.3988175,5.345579,5.3882833,5.384759,5.5104485,0,0.0,0,1.0,-0.89,21.6,78.4
2022-11-15 19:45:00,977.388402999996,164.0426047,164.06593711666602,19.34444444,0.266,33.15,2,5.1764362714980825,70.66250196097344,19,1,11,-0.9659258262890684,0.2588190451025203,0.7818314824680298,0.6234898018587336,-0.5000000000000004,0.8660254037844384,0.0,0.0,10.25,6.324999999999999,9.725,100.0,70.0,-3.5,3.7358387,0.15,1.4,19.4407407,33.0,32.85,32.5,32.5,34.583333333333336,-19.07844444,0.2703703733333356,-0.0266666666666666,0.2926666666666667,0.04,19.13395061888889,0.2704444444444466,5.5104485,5.3988175,5.345579,5.3882833,5.781371,0,0.0,0,1.0,-0.82,19.3,80.7
2022-11-15 20:00:00,192.997835511104,134.846550388888,134.865160794442,19.4407407,0.04,34.583333333333336,2,5.1764362714980825,70.66250196097344,20,1,11,-0.8660254037844386,0.5000000000000001,0.7818314824680298,0.6234898018587336,-0.5000000000000004,0.8660254037844384,0.0,0.0,7.083333333333333,7.0,9.0,100.0,73.0,-3.3,3.791083,0.2,1.0,19.29444444,33.15,33.0,32.85,32.5,34.75,-19.4007407,0.096296259999999,-0.226,0.266,-0.0313333333333333,19.28641973555556,0.1995555555555578,5.781371,5.5104485,5.3988175,5.345579,5.7594337,0,0.0,0,1.0,-0.79,18.3,81.7
2022-11-15 20:15:00,178.866456105558,108.546213544444,108.5764901,19.29444444,-0.0313333333333333,34.75,2,5.1764362714980825,70.66250196097344,20,1,11,-0.8660254037844386,0.5000000000000001,0.7818314824680298,0.6234898018587336,-0.5000000000000004,0.8660254037844384,0.0,0.0,4.5625,7.275,11.15,100.0,75.25,-3.075,3.868059,0.375,0.85,19.02777775,34.583333333333336,33.15,33.0,32.85,35.8,-19.32577777333333,-0.1462962599999997,-0.0713333333333333,0.04,-0.0793333333333333,19.359876526666667,0.0915555555555577,5.7594337,5.781371,5.5104485,5.3988175,5.8409243,0,0.0,0,1.0,-0.83,19.4,80.6
2022-11-15 20:30:00,251.96047684444,168.50214856111,168.542424766664,19.02777775,-0.0793333333333333,35.8,2,5.1764362714980825,70.66250196097344,20,1,11,-0.8660254037844386,0.5000000000000001,0.7818314824680298,0.6234898018587336,-0.5000000000000004,0.8660254037844384,0.0,0.0,2.6875,7.55,13.3,100.0,77.5,-2.85,3.9430172,0.55,0.7,19.31111111,34.75,34.583333333333336,33.15,33.0,36.45,-19.107111083333333,-0.266666690000001,-0.0479999999999999,-0.0313333333333333,-0.2193333333333333,19.25432096333333,-0.0235555555555533,5.8409243,5.7594337,5.781371,5.5104485,6.0471234,0,0.0,0,1.0,-0.88,21.5,78.5
2022-11-15 20:45:00,219.316782611108,121.153209227778,121.188485616666,19.31111111,-0.2193333333333333,36.45,2,5.1764362714980825,70.66250196097344,20,1,11,-0.8660254037844386,0.5000000000000001,0.7818314824680298,0.6234898018587336,-0.5000000000000004,0.8660254037844384,0.0,0.0,1.4583333333333333,7.824999999999999,15.45,100.0,79.75,-2.625,4.0159893,0.7249999999999999,0.55,19.338888876666665,35.8,34.75,34.583333333333336,33.15,35.85,-19.530444443333337,0.2833333600000038,-0.14,-0.0793333333333333,-0.2966666666666667,19.2111111,-0.1099999999999977,6.0471234,5.8409243,5.7594337,5.781371,5.9573135,0,0.0,0,1.0,-0.81,19.0,81.0
2022-11-15 21:00:00,117.45307952222,34.241408072222,34.268629183334,19.338888876666665,-0.2966666666666667,35.85,1,5.1764362714980825,70.66250196097344,21,1,11,-0.7071067811865477,0.7071067811865474,0.7818314824680298,0.6234898018587336,-0.5000000000000004,0.8660254037844384,0.0,0.0,0.875,8.1,17.6,100.0,82.0,-2.4,4.0870023,0.9,0.4,19.03333332,36.45,35.8,34.75,34.583333333333336,35.9,-19.63555554333333,0.0277777666666629,-0.0773333333333333,-0.2193333333333333,-0.3693333333333333,19.225925912222223,-0.1984444444444422,5.9573135,6.0471234,5.8409243,5.7594337,5.85916,0,0.0,1,1.0,-0.81,18.9,81.1
2022-11-15 21:15:00,224.00437288333,147.102449,147.140503077776,19.03333332,-0.3693333333333333,35.9,2,5.1764362714980825,70.66250196097344,21,1,11,-0.7071067811865477,0.7071067811865474,0.7818314824680298,0.6234898018587336,-0.5000000000000004,0.8660254037844384,0.0,0.0,0.4375,8.275,17.875,100.0,83.0,-2.275,4.1155844,0.9,0.325,19.23333335333333,35.85,36.45,35.8,34.75,36.1,-19.40266665333333,-0.3055555566666648,-0.0726666666666666,-0.2966666666666667,-0.472,19.22777776888889,-0.2951111111111089,5.85916,5.9573135,6.0471234,5.8409243,5.9616847,0,0.0,1,1.0,-0.88,21.4,78.6
2022-11-15 21:30:00,200.208935722224,115.229001755556,115.264000405554,19.23333335333333,-0.472,36.1,2,5.1764362714980825,70.66250196097344,21,1,11,-0.7071067811865477,0.7071067811865474,0.7818314824680298,0.6234898018587336,-0.5000000000000004,0.8660254037844384,0.0,0.0,0.1458333333333333,8.45,18.15,100.0,84.0,-2.15,4.143752,0.9,0.25,19.24444443,35.9,35.85,36.45,35.8,35.15,-19.705333353333334,0.2000000333333318,-0.1026666666666666,-0.3693333333333333,-0.4926666666666667,19.20185185,-0.3793333333333311,5.9616847,5.85916,5.9573135,6.0471234,5.808599,0,0.0,0,1.0,-0.83,19.7,80.3
2022-11-15 21:45:00,108.161784555552,33.416441072222,33.445328849998,19.24444443,-0.4926666666666667,35.15,1,5.1764362714980825,70.66250196097344,21,1,11,-0.7071067811865477,0.7071067811865474,0.7818314824680298,0.6234898018587336,-0.5000000000000004,0.8660254037844384,0.0,0.0,0.0,8.625,18.425,100.0,85.0,-2.025,4.1715083,0.9,0.175,18.922222183333336,36.1,35.9,35.85,36.45,35.18333333333333,-19.737111096666663,0.0111110766666655,-0.0206666666666666,-0.472,-0.4206666666666667,19.170370367777775,-0.4446666666666645,5.808599,5.9616847,5.85916,5.9573135,5.704655,0,0.0,1,1.0,-0.84,19.8,80.2
2022-11-15 22:00:00,210.342141594442,126.312725072222,126.35133466111,18.922222183333336,-0.4206666666666667,35.18333333333333,2,5.1764362714980825,70.66250196097344,22,1,11,-0.5000000000000004,0.8660254037844384,0.7818314824680298,0.6234898018587336,-0.5000000000000004,0.8660254037844384,0.0,0.0,0.0,8.8,18.7,100.0,86.0,-1.9,4.1988535,0.9,0.1,18.85555555,35.15,36.1,35.9,35.85,35.45,-19.34288885,-0.3222222466666622,0.072,-0.4926666666666667,-0.384,19.133333322222224,-0.4617777777777756,5.704655,5.808599,5.9616847,5.85916,5.7253013,0,0.0,1,1.0,-0.91,22.5,77.5
2022-11-15 22:15:00,198.394563850002,94.628992455556,94.663713283334,18.85555555,-0.384,35.45,2,5.1764362714980825,70.66250196097344,22,1,11,-0.5000000000000004,0.8660254037844384,0.7818314824680298,0.6234898018587336,-0.5000000000000004,0.8660254037844384,0.0,0.0,0.0,8.75,19.075,100.0,86.5,-1.7999999999999998,4.237826,0.9,0.15,18.71296296333333,35.18333333333333,35.15,36.1,35.9,35.21666666666667,-19.23955555,-0.0666666333333338,0.0366666666666666,-0.4206666666666667,-0.374,19.00740738777778,-0.4324444444444422,5.7253013,5.704655,5.808599,5.9616847,5.639872,0,0.0,0,1.0,-0.93,23.1,76.9
2022-11-15 22:30:00,213.746172044444,134.231852727778,134.2712956,18.71296296333333,-0.374,35.21666666666667,2,5.1764362714980825,70.66250196097344,22,1,11,-0.5000000000000004,0.8660254037844384,0.7818314824680298,0.6234898018587336,-0.5000000000000004,0.8660254037844384,0.0,0.0,0.0,8.7,19.45,100.0,87.0,-1.7,4.27701,0.9,0.2,18.9388889,35.45,35.18333333333333,35.15,36.1,35.45,-19.08696296333333,-0.1425925866666695,0.01,-0.384,-0.2813333333333334,18.83024689888889,-0.3928888888888867,5.639872,5.7253013,5.704655,5.808599,5.7535524,0,0.0,0,1.0,-0.96,24.4,75.6
2022-11-15 22:45:00,261.185385450002,183.840146083334,183.884588755556,18.9388889,-0.2813333333333334,35.45,2,5.1764362714980825,70.66250196097344,22,1,11,-0.5000000000000004,0.8660254037844384,0.7818314824680298,0.6234898018587336,-0.5000000000000004,0.8660254037844384,0.0,0.0,0.0,8.65,19.825,100.0,87.5,-1.6,4.3164086,0.9,0.25,19.32857144357143,35.21666666666667,35.45,35.18333333333333,35.15,34.628571428571426,-19.22022223333333,0.2259259366666661,0.0926666666666666,-0.374,-0.2692857142857143,18.835802471111112,-0.3464444444444423,5.7535524,5.639872,5.7253013,5.704655,5.750851,0,0.0,0,1.0,-0.91,22.3,77.7
2022-11-15 23:00:00,108.424551794442,0.0,0.0,19.32857144357143,-0.2692857142857143,34.628571428571426,0,5.1764362714980825,70.66250196097344,23,1,11,-0.2588190451025215,0.965925826289068,0.7818314824680298,0.6234898018587336,-0.5000000000000004,0.8660254037844384,0.0,0.0,0.0,8.6,20.2,100.0,88.0,-1.5,4.3560214,0.9,0.3,19.077380962857145,35.45,35.21666666666667,35.45,35.18333333333333,34.79642857142857,-19.597857157857145,0.3896825435714319,0.012047619047619,-0.2813333333333334,-0.2871428571428572,18.99347443563492,-0.308206349206347,5.750851,5.7535524,5.639872,5.7253013,5.693824,1,1.0,1,0.75,-0.82,19.2,80.8
2022-11-15 23:15:00,248.917820622224,124.433633572222,124.468909977776,19.077380962857145,-0.2871428571428572,34.79642857142857,2,5.1764362714980825,70.66250196097344,23,1,11,-0.2588190451025215,0.965925826289068,0.7818314824680298,0.6234898018587336,-0.5000000000000004,0.8660254037844384,0.0,0.0,0.0,8.8,20.2,100.0,87.25,-1.475,4.3561416,0.75,0.425,19.183730187857144,34.628571428571426,35.45,35.21666666666667,35.45,35.278571428571425,-19.36452382,-0.2511904807142855,-0.0178571428571429,-0.2692857142857143,-0.3264285714285714,19.11494710214286,-0.279253968253966,5.693824,5.750851,5.7535524,5.639872,5.8090286,0,1.0,1,0.75,-0.88,21.2,78.8
2022-11-15 23:30:00,214.973067416666,83.19361653889,83.228892927778,19.183730187857144,-0.3264285714285714,35.278571428571425,2,5.1764362714980825,70.66250196097344,23,1,11,-0.2588190451025215,0.965925826289068,0.7818314824680298,0.6234898018587336,-0.5000000000000004,0.8660254037844384,0.0,0.0,0.0,9.0,20.2,100.0,86.5,-1.45,4.3559003,0.6,0.55,19.28333335,34.79642857142857,34.628571428571426,35.45,35.21666666666667,34.7,-19.51015875928572,0.1063492249999988,-0.0392857142857142,-0.2871428571428572,-0.3353333333333333,19.196560864761903,-0.2942857142857121,5.8090286,5.693824,5.750851,5.7535524,5.747385,0,1.0,0,0.75,-0.85,20.2,79.8
2022-11-15 23:45:00,515.761868749998,54.928913872222,54.963079188888,19.28333335,-0.3353333333333333,34.7,1,5.1764362714980825,70.66250196097344,23,1,11,-0.2588190451025215,0.965925826289068,0.7818314824680298,0.6234898018587336,-0.5000000000000004,0.8660254037844384,0.0,0.0,0.0,9.2,20.2,100.0,85.75,-1.4249999999999998,4.355293,0.4499999999999999,0.675,19.090598306153847,35.278571428571425,34.79642857142857,34.628571428571426,35.45,34.96153846153846,-19.61866668333333,0.0996031621428557,-0.0089047619047619,-0.3264285714285714,-0.3407692307692308,19.181481500238096,-0.3163015873015851,5.747385,5.8090286,5.693824,5.750851,5.7253036,0,1.0,1,0.75,-0.83,19.5,80.5
2022-11-16 00:00:00,245.994604272222,140.0385649,140.072730233332,19.090598306153847,-0.3407692307692308,34.96153846153846,2,5.1764362714980825,70.66250196097344,0,2,11,0.0,1.0,0.9749279121818236,-0.2225209339563143,-0.5000000000000004,0.8660254037844384,0.0,0.0,0.0,9.4,20.2,100.0,85.0,-1.4,4.3543134,0.3,0.8,19.38333334,34.7,35.278571428571425,34.79642857142857,34.628571428571426,34.95,-19.43136753692308,-0.1927350438461523,-0.0054358974358974,-0.3353333333333333,-0.3366666666666667,19.185887281337,-0.334177045177043,5.7253036,5.747385,5.8090286,5.693824,5.8229694,0,0.0,1,1.0,-0.87,21.1,78.9
2022-11-16 00:15:00,161.312991522228,49.566072794446,49.59079403889,19.38333334,-0.3366666666666667,34.95,1,5.1764362714980825,70.66250196097344,0,2,11,0.0,1.0,0.9749279121818236,-0.2225209339563143,-0.5000000000000004,0.8660254037844384,0.0,0.0,0.0,9.55,20.65,100.0,84.25,-1.4,4.3529544,0.25,0.925,19.22222220333333,34.96153846153846,34.7,35.278571428571425,34.79642857142857,34.71666666666667,-19.720000006666663,0.2927350338461529,0.004102564102564,-0.3407692307692308,-0.3593333333333334,19.252421665384617,-0.3375897435897414,5.8229694,5.7253036,5.747385,5.8090286,5.729484,0,0.0,1,1.0,-0.81,18.7,81.3
2022-11-16 00:30:00,201.938311127774,95.41173896111,95.420905277776,19.22222220333333,-0.3593333333333334,34.71666666666667,2,5.1764362714980825,70.66250196097344,0,2,11,0.0,1.0,0.9749279121818236,-0.2225209339563143,-0.5000000000000004,0.8660254037844384,0.0,0.0,0.0,9.7,21.1,100.0,83.5,-1.4,4.3512125,0.2,1.05,19.02222225,34.95,34.96153846153846,34.7,35.278571428571425,34.95,-19.581555536666663,-0.1611111366666655,-0.0226666666666666,-0.3366666666666667,-0.6606666666666666,19.232051283162395,-0.3455897435897414,5.729484,5.8229694,5.7253036,5.747385,5.7003736,0,0.0,1,1.0,-0.84,20.0,80.0
2022-11-16 00:45:00,179.061448372222,99.187421194446,99.198531916666,19.02222225,-0.6606666666666666,34.95,2,5.1764362714980825,70.66250196097344,0,2,11,0.0,1.0,0.9749279121818236,-0.2225209339563143,-0.5000000000000004,0.8660254037844384,0.0,0.0,0.0,9.85,21.55,100.0,82.75,-1.4,4.3490815,0.15,1.175,18.84572651230769,34.71666666666667,34.95,34.96153846153846,34.7,34.723076923076924,-19.68288891666667,-0.1999999533333323,-0.3013333333333332,-0.3593333333333334,-0.6161538461538462,19.209259264444444,-0.45222222222222,5.7003736,5.729484,5.8229694,5.7253036,5.6046443,0,0.0,0,1.0,-0.89,21.7,78.3
2022-11-16 01:00:00,156.195696305558,115.915918744444,115.930362633332,18.84572651230769,-0.6161538461538462,34.723076923076924,2,5.1764362714980825,70.66250196097344,1,2,11,0.2588190451025207,0.9659258262890684,0.9749279121818236,-0.2225209339563143,-0.5000000000000004,0.8660254037844384,0.0,0.0,0.0,10.0,22.0,100.0,82.0,-1.4,4.3465557,0.1,1.3,19.03333333,34.95,34.71666666666667,34.95,34.96153846153846,34.9,-19.46188035846154,-0.1764957376923099,0.0445128205128204,-0.6606666666666666,-0.642,19.030056988547013,-0.5453846153846132,5.6046443,5.7003736,5.729484,5.8229694,5.695952,0,0.0,0,1.0,-0.93,23.3,76.7
2022-11-16 01:15:00,145.408072327778,97.026952083334,97.0411182,19.03333333,-0.642,34.9,2,5.1764362714980825,70.66250196097344,1,2,11,0.2588190451025207,0.9659258262890684,0.9749279121818236,-0.2225209339563143,-0.5000000000000004,0.8660254037844384,0.0,0.0,0.0,10.075,21.9,100.0,82.0,-1.4249999999999998,4.339155,0.075,1.275,19.196296276666665,34.723076923076924,34.95,34.71666666666667,34.95,34.06666666666667,-19.67533333,0.1876068176923091,-0.0258461538461538,-0.6161538461538462,-0.6806666666666668,18.967094030769232,-0.6396068376068355,5.695952,5.6046443,5.7003736,5.729484,5.613631,0,0.0,0,1.0,-0.89,21.6,78.4
2022-11-16 01:30:00,117.143647549994,62.954703927778,62.966092438886,19.196296276666665,-0.6806666666666668,34.06666666666667,1,5.1764362714980825,70.66250196097344,1,2,11,0.2588190451025207,0.9659258262890684,0.9749279121818236,-0.2225209339563143,-0.5000000000000004,0.8660254037844384,0.0,0.0,0.0,10.15,21.8,100.0,82.0,-1.45,4.331765,0.05,1.25,19.02777778,34.9,34.723076923076924,34.95,34.71666666666667,33.95,-19.87696294333333,0.1629629466666635,-0.0386666666666667,-0.642,-0.5913333333333334,19.02511870632479,-0.646273504273502,5.613631,5.695952,5.6046443,5.7003736,5.539089,0,0.0,1,1.0,-0.85,20.4,79.6
2022-11-16 01:45:00,191.133465455556,138.507792816666,138.528903088888,19.02777778,-0.5913333333333334,33.95,2,5.1764362714980825,70.66250196097344,1,2,11,0.2588190451025207,0.9659258262890684,0.9749279121818236,-0.2225209339563143,-0.5000000000000004,0.8660254037844384,0.0,0.0,0.0,10.225,21.700000000000003,100.0,82.0,-1.475,4.324388,0.0249999999999999,1.225,19.22023812071429,34.06666666666667,34.9,34.723076923076924,34.95,33.32857142857143,-19.619111113333336,-0.1685184966666639,0.0893333333333333,-0.6806666666666668,-0.6407142857142858,19.085802462222222,-0.6379999999999978,5.539089,5.613631,5.695952,5.6046443,5.499757,0,0.0,1,1.0,-0.89,21.8,78.2
2022-11-16 02:00:00,72.971525455556,18.548702488888,18.55814656111,19.22023812071429,-0.6407142857142858,33.32857142857143,1,5.1764362714980825,70.66250196097344,2,2,11,0.4999999999999999,0.8660254037844387,0.9749279121818236,-0.2225209339563143,-0.5000000000000004,0.8660254037844384,0.0,0.0,0.0,10.3,21.6,100.0,82.0,-1.5,4.31702,0.0,1.2,18.99444446,33.95,34.06666666666667,34.9,34.723076923076924,33.35,-19.860952406428574,0.1924603407142875,-0.0493809523809524,-0.5913333333333334,-0.642,19.148104059126982,-0.6375714285714263,5.499757,5.539089,5.613631,5.695952,5.430503,0,0.0,1,1.0,-0.85,20.3,79.7
2022-11-16 02:15:00,192.89339520555,136.534260644444,136.554815438886,18.99444446,-0.642,33.35,2,5.1764362714980825,70.66250196097344,2,2,11,0.4999999999999999,0.8660254037844387,0.9749279121818236,-0.2225209339563143,-0.5000000000000004,0.8660254037844384,0.0,0.0,0.0,10.125,21.425,100.0,82.25,-1.5,4.3228035,0.05,1.175,19.198148146666664,33.32857142857143,33.95,34.06666666666667,34.9,33.31666666666667,-19.63644446,-0.225793660714288,-0.0012857142857142,-0.6407142857142858,-0.6013333333333333,19.080820120238094,-0.6246825396825375,5.430503,5.499757,5.539089,5.613631,5.490641,0,0.0,1,1.0,-0.9,22.3,77.7
2022-11-16 02:30:00,158.258113955552,116.003415244444,116.022025633332,19.198148146666664,-0.6013333333333333,33.31666666666667,2,5.1764362714980825,70.66250196097344,2,2,11,0.4999999999999999,0.8660254037844387,0.9749279121818236,-0.2225209339563143,-0.5000000000000004,0.8660254037844384,0.0,0.0,0.0,9.95,21.25,100.0,82.5,-1.5,4.3285522,0.1,1.15,19.27460318642857,33.35,33.32857142857143,33.95,34.06666666666667,32.7,-19.79948148,0.2037036866666639,0.0406666666666667,-0.642,-0.5128571428571428,19.13761024246032,-0.6280158730158708,5.490641,5.430503,5.499757,5.539089,5.413341,0,0.0,0,1.0,-0.86,20.5,79.5
2022-11-16 02:45:00,94.382891249998,55.0136327,55.026132233332,19.27460318642857,-0.5128571428571428,32.7,1,5.1764362714980825,70.66250196097344,2,2,11,0.4999999999999999,0.8660254037844387,0.9749279121818236,-0.2225209339563143,-0.5000000000000004,0.8660254037844384,0.0,0.0,0.0,9.775,21.075,100.0,82.75,-1.5,4.334267,0.15,1.125,18.957777736,33.31666666666667,33.35,33.32857142857143,33.95,32.980000000000004,-19.787460329285715,0.0764550397619068,0.0884761904761904,-0.6013333333333333,-0.508,19.155731931031745,-0.5853968253968231,5.413341,5.490641,5.430503,5.499757,5.3586435,0,0.0,1,1.0,-0.84,20.0,80.0
2022-11-16 03:00:00,113.149362727778,77.133025655556,77.144691872222,18.957777736,-0.508,32.980000000000004,2,5.1764362714980825,70.66250196097344,3,2,11,0.7071067811865476,0.7071067811865476,0.9749279121818236,-0.2225209339563143,-0.5000000000000004,0.8660254037844384,0.0,0.0,0.0,9.6,20.9,100.0,83.0,-1.5,4.3399487,0.2,1.1,18.883333330000003,32.7,33.31666666666667,33.35,33.32857142857143,32.7,-19.465777736,-0.3168254504285706,0.0048571428571427,-0.5128571428571428,-0.4606666666666666,19.143509689698416,-0.5407301587301565,5.3586435,5.413341,5.490641,5.430503,5.289841,0,0.0,1,1.0,-0.91,22.7,77.3
2022-11-16 03:15:00,162.416558527782,103.545580244444,103.564190666664,18.883333330000003,-0.4606666666666666,32.7,2,5.1764362714980825,70.66250196097344,3,2,11,0.7071067811865476,0.7071067811865476,0.9749279121818236,-0.2225209339563143,-0.5000000000000004,0.8660254037844384,0.0,0.0,0.0,9.15,20.8,100.0,84.5,-1.3,4.4033237,0.45,1.05,18.7425926,32.980000000000004,32.7,33.31666666666667,33.35,32.96666666666667,-19.34399999666667,-0.0744444059999978,0.0473333333333333,-0.508,-0.362,19.03857141747619,-0.4938412698412676,5.289841,5.3586435,5.413341,5.490641,5.288801,0,0.0,0,1.0,-0.93,23.4,76.6
2022-11-16 03:30:00,219.335115177776,163.750671944444,163.774559888888,18.7425926,-0.362,32.96666666666667,2,5.1764362714980825,70.66250196097344,3,2,11,0.7071067811865476,0.7071067811865476,0.9749279121818236,-0.2225209339563143,-0.5000000000000004,0.8660254037844384,0.0,0.0,0.0,8.7,20.7,100.0,86.0,-1.1,4.466207,0.7,1.0,19.12777778,32.7,32.980000000000004,32.7,33.31666666666667,32.6,-19.1045926,-0.1407407300000009,0.0986666666666666,-0.4606666666666666,-0.2186666666666666,18.861234555333336,-0.4435555555555533,5.288801,5.289841,5.3586435,5.413341,5.350294,0,0.0,0,1.0,-0.96,24.6,75.4
2022-11-16 03:45:00,93.294323594446,43.199938583334,43.211327027778005,19.12777778,-0.2186666666666666,32.6,1,5.1764362714980825,70.66250196097344,3,2,11,0.7071067811865476,0.7071067811865476,0.9749279121818236,-0.2225209339563143,-0.5000000000000004,0.8660254037844384,0.0,0.0,0.0,8.25,20.6,100.0,87.5,-0.8999999999999999,4.5286055,0.95,0.95,19.04074074,32.96666666666667,32.7,32.980000000000004,32.7,32.21666666666667,-19.346444446666663,0.385185179999997,0.1433333333333333,-0.362,-0.1013333333333333,18.91790123666667,-0.3471111111111089,5.350294,5.288801,5.289841,5.3586435,5.2603097,0,0.0,1,1.0,-0.88,21.2,78.8
2022-11-16 04:00:00,162.156569194438,116.209795872222,116.229239611108,19.04074074,-0.1013333333333333,32.21666666666667,2,5.1764362714980825,70.66250196097344,4,2,11,0.8660254037844386,0.5000000000000001,0.9749279121818236,-0.2225209339563143,-0.5000000000000004,0.8660254037844384,0.0,0.0,0.0,7.8,20.5,100.0,89.0,-0.7,4.5905194,1.2,0.9,19.06666666,32.6,32.96666666666667,32.7,32.980000000000004,32.45,-19.142074073333333,-0.0870370399999984,0.1173333333333333,-0.2186666666666666,0.04,18.97037037333333,-0.2273333333333311,5.2603097,5.350294,5.288801,5.289841,5.3065176,0,0.0,1,1.0,-0.9,22.1,77.9
2022-11-16 04:15:00,163.63206562222,121.46902996111,121.48902916111,19.06666666,0.04,32.45,2,5.1764362714980825,70.66250196097344,4,2,11,0.8660254037844386,0.5000000000000001,0.9749279121818236,-0.2225209339563143,-0.5000000000000004,0.8660254037844384,0.0,0.0,0.0,8.1,19.425,100.0,90.25,-0.475,4.6629567,1.25,0.925,19.23703701333333,32.21666666666667,32.6,32.96666666666667,32.7,32.03333333333333,-19.02666666,0.0259259199999988,0.1413333333333333,-0.1013333333333333,0.174,19.07839506,-0.0933333333333311,5.3065176,5.2603097,5.350294,5.288801,5.2912564,0,0.0,0,1.0,-0.89,21.8,78.2
2022-11-16 04:30:00,85.598798177776,33.191450055556004,33.201449672222,19.23703701333333,0.174,32.03333333333333,1,5.1764362714980825,70.66250196097344,4,2,11,0.8660254037844386,0.5000000000000001,0.9749279121818236,-0.2225209339563143,-0.5000000000000004,0.8660254037844384,0.0,0.0,0.0,8.4,18.35,100.0,91.5,-0.2499999999999999,4.7356277,1.2999999999999998,0.95,18.92777775,32.45,32.21666666666667,32.6,32.96666666666667,32.35,-19.063037013333336,0.170370353333336,0.1339999999999999,0.04,0.344,19.11481480444445,0.0375555555555577,5.2912564,5.3065176,5.2603097,5.350294,5.2469788,0,0.0,1,1.0,-0.86,20.4,79.6
2022-11-16 04:45:00,198.643165138886,134.673223988888,134.694889838886,18.92777775,0.344,32.35,2,5.1764362714980825,70.66250196097344,4,2,11,0.8660254037844386,0.5000000000000001,0.9749279121818236,-0.2225209339563143,-0.5000000000000004,0.8660254037844384,0.0,0.0,0.0,8.7,17.275,100.0,92.75,-0.025,4.808531,1.35,0.975,18.998148116666663,32.03333333333333,32.45,32.21666666666667,32.6,32.5,-18.58377775,-0.3092592633333346,0.17,0.174,0.3013333333333333,19.077160474444444,0.1860000000000022,5.2469788,5.2912564,5.3065176,5.2603097,5.2932506,0,0.0,1,1.0,-0.92,23.1,76.9
2022-11-16 05:00:00,177.459290227778,126.850203555556,126.87131386111,18.998148116666663,0.3013333333333333,32.5,2,5.1764362714980825,70.66250196097344,5,2,11,0.9659258262890684,0.2588190451025207,0.9749279121818236,-0.2225209339563143,-0.5000000000000004,0.8660254037844384,0.0,0.0,0.0,9.0,16.2,100.0,94.0,0.2,4.881668,1.4,1.0,18.95555556,32.35,32.03333333333333,32.45,32.21666666666667,32.5,-18.69681478333333,0.0703703666666655,-0.0426666666666666,0.344,0.438,19.05432096,0.2731111111111133,5.2932506,5.2469788,5.2912564,5.3065176,5.279959,0,0.0,0,1.0,-0.91,22.4,77.6
2022-11-16 05:15:00,175.069941438886,130.2356237,130.255345177776,18.95555556,0.438,32.5,2,5.1764362714980825,70.66250196097344,5,2,11,0.9659258262890684,0.2588190451025207,0.9749279121818236,-0.2225209339563143,-0.5000000000000004,0.8660254037844384,0.0,0.0,0.0,9.275,17.1,100.0,94.25,0.25,4.9030194,1.2999999999999998,1.025,19.01111111,32.5,32.35,32.03333333333333,32.45,32.31666666666667,-18.51755556,-0.0425925566666656,0.1366666666666666,0.3013333333333333,0.4526666666666666,18.960493808888888,0.3611111111111134,5.279959,5.2932506,5.2469788,5.2912564,5.267421,0,0.0,0,1.0,-0.92,22.8,77.2
2022-11-16 05:30:00,133.52632544999798,82.74724556110999,82.761967205554,19.01111111,0.4526666666666666,32.31666666666667,2,5.1764362714980825,70.66250196097344,5,2,11,0.9659258262890684,0.2588190451025207,0.9749279121818236,-0.2225209339563143,-0.5000000000000004,0.8660254037844384,0.0,0.0,0.0,9.55,18.0,100.0,94.5,0.3,4.9244266,1.2,1.05,19.04999999,32.5,32.5,32.35,32.03333333333333,32.05,-18.558444443333336,0.0555555500000011,0.0146666666666666,0.438,0.4386666666666666,18.98827159555556,0.3973333333333355,5.267421,5.279959,5.2932506,5.2469788,5.2359557,0,0.0,0,1.0,-0.91,22.3,77.7
2022-11-16 05:45:00,108.092065027778,66.058190933332,66.072079311108,19.04999999,0.4386666666666666,32.05,1,5.1764362714980825,70.66250196097344,5,2,11,0.9659258262890684,0.2588190451025207,0.9749279121818236,-0.2225209339563143,-0.5000000000000004,0.8660254037844384,0.0,0.0,0.0,9.825,18.9,100.0,94.75,0.35,4.94589,1.1,1.0750000000000002,18.92592592333333,32.31666666666667,32.5,32.5,32.35,32.46666666666667,-18.611333323333334,0.0388888799999982,-0.014,0.4526666666666666,0.5313333333333333,19.00555555333333,0.4431111111111133,5.2359557,5.267421,5.279959,5.2932506,5.2653246,0,0.0,1,1.0,-0.9,22.0,78.0
2022-11-16 06:00:00,487.253286888888,146.738019127778,146.76107373889,18.92592592333333,0.5313333333333333,32.46666666666667,2,5.1764362714980825,70.66250196097344,6,2,11,1.0,6.123233995736766e-17,0.9749279121818236,-0.2225209339563143,-0.5000000000000004,0.8660254037844384,0.0,0.0,0.0,10.1,19.8,100.0,95.0,0.4,4.967411,1.0,1.1,19.13888889,32.05,32.31666666666667,32.5,32.5,32.15,-18.39459259,-0.1240740666666653,0.0926666666666666,0.4386666666666666,0.5546666666666666,18.99567900777778,0.4742222222222245,5.2653246,5.2359557,5.267421,5.279959,5.279899,0,0.0,1,1.0,-0.92,23.1,76.9
2022-11-16 06:15:00,128.911232327774,13.998606716666,14.00832856111,19.13888889,0.5546666666666666,32.15,1,5.1764362714980825,70.66250196097344,6,2,11,1.0,6.123233995736766e-17,0.9749279121818236,-0.2225209339563143,-0.5000000000000004,0.8660254037844384,0.0,0.0,0.0,9.6,20.15,100.0,96.25,0.5750000000000001,5.0327716,0.875,1.1,18.89074073333333,32.46666666666667,32.05,32.31666666666667,32.5,32.18333333333333,-18.58422222333333,0.2129629666666623,0.0233333333333333,0.5313333333333333,0.6653333333333333,19.03827160111111,0.5082222222222245,5.279899,5.2653246,5.2359557,5.267421,5.208539,0,0.0,1,1.0,-0.88,21.2,78.8
2022-11-16 06:30:00,179.992522244444,134.06102626111,134.081025527774,18.89074073333333,0.6653333333333333,32.18333333333333,2,5.1764362714980825,70.66250196097344,6,2,11,1.0,6.123233995736766e-17,0.9749279121818236,-0.2225209339563143,-0.5000000000000004,0.8660254037844384,0.0,0.0,0.0,9.1,20.5,100.0,97.5,0.75,5.098133,0.75,1.1,19.03888887,32.15,32.46666666666667,32.05,32.31666666666667,32.45,-18.2254074,-0.2481481566666623,0.1106666666666666,0.5546666666666666,0.744,18.98518518222222,0.58377777777778,5.208539,5.279899,5.2653246,5.2359557,5.2978296,0,0.0,1,1.0,-0.93,23.4,76.6
2022-11-16 06:45:00,163.41624092222,121.514028127778,121.53374962222,19.03888887,0.744,32.45,2,5.1764362714980825,70.66250196097344,6,2,11,1.0,6.123233995736766e-17,0.9749279121818236,-0.2225209339563143,-0.5000000000000004,0.8660254037844384,0.0,0.0,0.0,8.6,20.85,100.0,98.75,0.925,5.163493,0.625,1.1,19.08571427714286,32.18333333333333,32.15,32.46666666666667,32.05,32.221428571428575,-18.29488887,0.1481481366666663,0.0786666666666666,0.6653333333333333,0.8099999999999999,19.022839497777777,0.6546666666666688,5.2978296,5.208539,5.279899,5.2653246,5.2750626,0,0.0,0,1.0,-0.9,22.1,77.9
2022-11-16 07:00:00,106.686010155556,56.459686005554,56.471630011108005,19.08571427714286,0.8099999999999999,32.221428571428575,1,5.1764362714980825,70.66250196097344,7,2,11,0.9659258262890684,-0.2588190451025206,0.9749279121818236,-0.2225209339563143,-0.5000000000000004,0.8660254037844384,0.0,0.0,0.0,8.1,21.2,100.0,100.0,1.1,5.2288537,0.5,1.1,18.81111113,32.45,32.18333333333333,32.15,32.46666666666667,32.8,-18.27571427714286,0.0468254071428582,0.0659999999999999,0.744,0.972,19.0051146268254,0.73977777777778,5.2750626,5.2978296,5.208539,5.279899,5.2834215,0,0.0,1,1.0,-0.89,21.7,78.3
2022-11-16 07:15:00,167.003875194442,123.521170072222,123.541169288888,18.81111113,0.972,32.8,2,5.1764362714980825,70.66250196097344,7,2,11,0.9659258262890684,-0.2588190451025206,0.9749279121818236,-0.2225209339563143,-0.5000000000000004,0.8660254037844384,0.0,0.0,0.0,7.025,19.675,100.0,100.0,1.125,5.237786,0.475,1.125,18.716666676666662,32.221428571428575,32.45,32.18333333333333,32.15,32.71666666666667,-17.839111129999996,-0.2746031471428622,0.162,0.8099999999999999,1.0053333333333334,18.97857142571429,0.8420000000000022,5.2834215,5.2750626,5.2978296,5.208539,5.2406507,0,0.0,1,1.0,-0.95,24.0,76.0
2022-11-16 07:30:00,158.189505566664,102.884495588888,102.904217066664,18.716666676666662,1.0053333333333334,32.71666666666667,2,5.1764362714980825,70.66250196097344,7,2,11,0.9659258262890684,-0.2588190451025206,0.9749279121818236,-0.2225209339563143,-0.5000000000000004,0.8660254037844384,0.0,0.0,0.0,5.949999999999999,18.15,100.0,100.0,1.15,5.24673,0.45,1.15,18.56538461230769,32.8,32.221428571428575,32.45,32.18333333333333,33.0,-17.711333343333333,-0.094444453333331,0.0333333333333334,0.972,1.1515384615384614,18.871164027936505,0.9291111111111132,5.2406507,5.2834215,5.2750626,5.2978296,5.238917,0,0.0,0,1.0,-0.97,24.9,75.1
2022-11-16 07:45:00,186.643922811112,130.435615683334,130.455337094446,18.56538461230769,1.1515384615384614,33.0,2,5.1764362714980825,70.66250196097344,7,2,11,0.9659258262890684,-0.2588190451025206,0.9749279121818236,-0.2225209339563143,-0.5000000000000004,0.8660254037844384,0.0,0.0,0.0,4.875,16.625,100.0,100.0,1.175,5.2556877,0.425,1.175,18.891203689166662,32.71666666666667,32.8,32.221428571428575,32.45,32.775,-17.41384615076923,-0.1512820643589734,0.146205128205128,1.0053333333333334,1.2908333333333333,18.697720806324785,1.0429572649572671,5.238917,5.2406507,5.2834215,5.2750626,5.3044395,0,0.0,0,1.0,-1.0,26.3,73.7
2022-11-16 08:00:00,59.334570888892,23.795159255556,23.804047766668,18.891203689166662,1.2908333333333333,32.775,1,5.1764362714980825,70.66250196097344,8,2,11,0.8660254037844387,-0.4999999999999998,0.9749279121818236,-0.2225209339563143,-0.5000000000000004,0.8660254037844384,0.0,0.0,0.0,3.8,15.1,100.0,100.0,1.2,5.2646585,0.4,1.2,18.79444442,33.0,32.71666666666667,32.8,32.221428571428575,32.85,-17.600370355833334,0.3258190768589735,0.1392948717948718,1.1515384615384614,1.402,18.724418326047008,1.1492350427350448,5.3044395,5.238917,5.2406507,5.2834215,5.286266,0,0.0,1,1.0,-0.93,23.3,76.7
2022-11-16 08:15:00,159.6452806,118.096387088888,118.11555302222,18.79444442,1.402,32.85,2,5.1764362714980825,70.66250196097344,8,2,11,0.8660254037844387,-0.4999999999999998,0.9749279121818236,-0.2225209339563143,-0.5000000000000004,0.8660254037844384,1.0,0.25,0.0833333333333333,3.75,13.225,100.0,100.0,1.4,5.3369126,0.35,1.4,18.896296303333333,32.775,33.0,32.71666666666667,32.8,32.81666666666667,-17.392444419999997,-0.0967592691666681,0.1111666666666666,1.2908333333333333,1.488,18.75034424049145,1.281457264957267,5.286266,5.3044395,5.238917,5.2406507,5.3127804,0,0.0,1,1.0,-0.95,24.2,75.8
2022-11-16 08:30:00,153.203316188884,105.763547088888,105.783268566664,18.896296303333333,1.488,32.81666666666667,2,5.1764362714980825,70.66250196097344,8,2,11,0.8660254037844387,-0.4999999999999998,0.9749279121818236,-0.2225209339563143,-0.5000000000000004,0.8660254037844384,2.0,0.75,0.25,3.7,11.35,100.0,100.0,1.6,5.410033,0.3,1.6,19.00555555,32.85,32.775,33.0,32.71666666666667,32.55,-17.408296303333334,0.1018518833333352,0.086,1.402,1.4266666666666663,18.8606481375,1.3936111111111134,5.3127804,5.286266,5.3044395,5.238917,5.303714,0,0.0,0,1.0,-0.93,23.2,76.8
2022-11-16 08:45:00,96.341146100004,48.236126011112,48.249458827778,19.00555555,1.4266666666666663,32.55,1,5.1764362714980825,70.66250196097344,8,2,11,0.8660254037844387,-0.4999999999999998,0.9749279121818236,-0.2225209339563143,-0.5000000000000004,0.8660254037844384,3.0,1.5,0.5,3.65,9.475,100.0,100.0,1.8,5.4840307,0.25,1.8,18.80185184333333,32.81666666666667,32.85,32.775,33.0,32.96666666666667,-17.578888883333335,0.1092592466666673,-0.0613333333333334,1.488,1.48,18.898765424444445,1.438888888888891,5.303714,5.3127804,5.286266,5.3044395,5.3073635,0,0.0,1,1.0,-0.91,22.3,77.7
2022-11-16 09:00:00,212.672048227782,154.930746955556,154.955190411112,18.80185184333333,1.48,32.96666666666667,2,5.1764362714980825,70.66250196097344,9,2,11,0.7071067811865476,-0.7071067811865475,0.9749279121818236,-0.2225209339563143,-0.5000000000000004,0.8660254037844384,4.0,2.5,0.8333333333333334,3.6,7.6,100.0,100.0,2.0,5.558914,0.2,2.0,19.01666666,32.55,32.81666666666667,32.85,32.775,32.65,-17.321851843333334,-0.2037037066666656,0.0533333333333334,1.4266666666666663,1.568,18.90123456555556,1.464888888888891,5.3073635,5.303714,5.3127804,5.286266,5.323497,0,0.0,1,1.0,-0.95,24.1,75.9
2022-11-16 09:15:00,78.1002092,20.933607055556003,20.944439972222,19.01666666,1.568,32.65,1,5.1764362714980825,70.66250196097344,9,2,11,0.7071067811865476,-0.7071067811865475,0.9749279121818236,-0.2225209339563143,-0.5000000000000004,0.8660254037844384,11.5,5.125,1.7916666666666667,4.800000000000001,9.3,100.0,98.25,2.025,5.564232,0.175,2.275,18.772222198571427,32.96666666666667,32.55,32.81666666666667,32.85,32.68214285714286,-17.448666659999997,0.2148148166666637,0.088,1.48,1.5857142857142856,18.941358017777777,1.4915555555555575,5.323497,5.3073635,5.303714,5.3127804,5.252349,0,0.0,1,1.0,-0.9,22.2,77.8
2022-11-16 09:30:00,135.168759816662,88.509237288888,88.52423672222,18.772222198571427,1.5857142857142856,32.68214285714286,2,5.1764362714980825,70.66250196097344,9,2,11,0.7071067811865476,-0.7071067811865475,0.9749279121818236,-0.2225209339563143,-0.5000000000000004,0.8660254037844384,19.0,9.375,3.375,6.0,11.0,100.0,96.5,2.05,5.5675483,0.15,2.55,18.64444446,32.65,32.96666666666667,32.55,32.81666666666667,33.3,-17.18650791285714,-0.2444444614285714,0.0177142857142855,1.568,1.672,18.863580233968253,1.544571428571431,5.252349,5.323497,5.3073635,5.303714,5.311346,0,0.0,1,1.0,-0.96,24.4,75.6
2022-11-16 09:45:00,158.18895010555,116.471174316666,116.49145132222,18.64444446,1.672,33.3,2,5.1764362714980825,70.66250196097344,9,2,11,0.7071067811865476,-0.7071067811865475,0.9749279121818236,-0.2225209339563143,-0.5000000000000004,0.8660254037844384,26.5,15.25,5.583333333333333,7.200000000000001,12.7,100.0,94.75,2.075,5.568798,0.125,2.825,18.55370368333333,32.68214285714286,32.65,32.96666666666667,32.55,33.21666666666667,-16.97244446,-0.127777738571428,0.0862857142857143,1.5857142857142856,1.97,18.81111110619048,1.608571428571431,5.311346,5.252349,5.323497,5.3073635,5.269667,0,0.0,0,1.0,-0.99,25.5,74.5
2022-11-16 10:00:00,153.106653272222,111.144165172222,111.163053333332,18.55370368333333,1.97,33.21666666666667,2,5.1764362714980825,70.66250196097344,10,2,11,0.4999999999999999,-0.8660254037844387,0.9749279121818236,-0.2225209339563143,-0.5000000000000004,0.8660254037844384,34.0,22.75,8.416666666666666,8.4,14.4,100.0,93.0,2.1,5.567911,0.1,3.1,18.6388889,33.3,32.68214285714286,32.65,32.96666666666667,33.5,-16.583703683333333,-0.0907407766666672,0.298,1.672,2.3673333333333333,18.656790113968253,1.7425714285714309,5.269667,5.311346,5.252349,5.323497,5.3414903,0,0.0,0,1.0,-1.01,26.4,73.6
2022-11-16 10:15:00,216.907434422224,153.801625455556,153.823291272222,18.6388889,2.3673333333333333,33.5,2,5.1764362714980825,70.66250196097344,10,2,11,0.4999999999999999,-0.8660254037844387,0.9749279121818236,-0.2225209339563143,-0.5000000000000004,0.8660254037844384,42.5,30.5,11.958333333333334,8.75,15.65,100.0,92.5,2.2,5.6127725,0.075,3.3,19.05000002333333,33.21666666666667,33.3,32.68214285714286,32.65,33.5,-16.271555566666663,0.085185216666666,0.3973333333333333,1.97,2.764,18.612345681111112,2.0031111111111133,5.3414903,5.269667,5.311346,5.252349,5.4728403,0,0.0,0,1.0,-0.99,25.5,74.5
2022-11-16 10:30:00,855.721880988884,136.353434544444,136.373433777776,19.05000002333333,2.764,33.5,2,5.1764362714980825,70.66250196097344,10,2,11,0.4999999999999999,-0.8660254037844387,0.9749279121818236,-0.2225209339563143,-0.5000000000000004,0.8660254037844384,51.0,38.5,16.208333333333332,9.1,16.9,100.0,92.0,2.3,5.6577024,0.05,3.5,19.04444447,33.5,33.21666666666667,33.3,32.68214285714286,33.55,-16.286000023333333,0.4111111233333346,0.3966666666666669,2.3673333333333333,3.01,18.74753086888889,2.3671111111111136,5.4728403,5.3414903,5.269667,5.311346,5.4792128,0,0.0,0,1.0,-0.89,21.7,78.3
2022-11-16 10:45:00,160.565799344444,13.23585946111,13.243081405554,19.04444447,3.01,33.55,1,5.1764362714980825,70.66250196097344,10,2,11,0.4999999999999999,-0.8660254037844387,0.9749279121818236,-0.2225209339563143,-0.5000000000000004,0.8660254037844384,59.5,46.75,21.166666666666668,9.45,18.15,100.0,91.5,2.4,5.702696,0.0249999999999999,3.7,18.735185196666663,33.5,33.5,33.21666666666667,33.3,34.333333333333336,-16.034444469999997,-0.005555553333334,0.2459999999999995,2.764,3.2,18.911111131111117,2.71377777777778,5.4792128,5.4728403,5.3414903,5.269667,5.50564,0,0.0,1,1.0,-0.89,21.8,78.2
2022-11-16 11:00:00,199.556461955552,142.844286033332,142.864840794442,18.735185196666663,3.2,34.333333333333336,2,5.1764362714980825,70.66250196097344,11,2,11,0.258819045102521,-0.9659258262890682,0.9749279121818236,-0.2225209339563143,-0.5000000000000004,0.8660254037844384,68.0,55.25,26.83333333333333,9.8,19.4,100.0,91.0,2.5,5.747749,0.0,3.9,18.833333340000003,33.55,33.5,33.5,33.21666666666667,35.65,-15.535185196666667,-0.3092592733333319,0.1900000000000004,3.01,3.4166666666666665,18.94320989666667,2.991333333333336,5.50564,5.4792128,5.4728403,5.3414903,5.750047,0,0.0,1,1.0,-0.96,24.4,75.6
2022-11-16 11:15:00,238.365465,190.579876483334,190.605431027778,18.833333340000003,3.4166666666666665,35.65,2,5.1764362714980825,70.66250196097344,11,2,11,0.258819045102521,-0.9659258262890682,0.9749279121818236,-0.2225209339563143,-0.5000000000000004,0.8660254037844384,73.5,63.0,32.875,9.975,19.775,100.0,90.25,2.55,5.7576485,0.0,4.05,19.229629653333333,34.333333333333336,33.55,33.5,33.5,35.53333333333333,-15.416666673333337,0.0981481433333364,0.2166666666666663,3.2,3.649333333333333,18.87098766888889,3.208888888888892,5.750047,5.50564,5.4792128,5.4728403,5.8668237,0,0.0,0,1.0,-0.93,23.2,76.8
2022-11-16 11:30:00,177.794554633332,131.40252143889,131.422798411112,19.229629653333333,3.649333333333333,35.53333333333333,2,5.1764362714980825,70.66250196097344,11,2,11,0.258819045102521,-0.9659258262890682,0.9749279121818236,-0.2225209339563143,-0.5000000000000004,0.8660254037844384,79.0,70.0,39.29166666666666,10.15,20.15,100.0,89.5,2.6,5.767095,0.0,4.2,19.19444447,35.65,34.333333333333336,33.55,33.5,35.2,-15.58029632,0.3962963133333304,0.2326666666666668,3.4166666666666665,3.785333333333333,18.93271606333333,3.4220000000000024,5.8668237,5.750047,5.50564,5.4792128,5.799751,0,0.0,0,1.0,-0.84,19.8,80.2
2022-11-16 11:45:00,105.332453233332,43.472983211112,43.484093916666,19.19444447,3.785333333333333,35.2,1,5.1764362714980825,70.66250196097344,11,2,11,0.258819045102521,-0.9659258262890682,0.9749279121818236,-0.2225209339563143,-0.5000000000000004,0.8660254037844384,84.5,76.25,46.083333333333336,10.325,20.525,100.0,88.75,2.6500000000000004,5.7760806,0.0,4.35,18.803703726666665,35.53333333333333,35.65,34.333333333333336,33.55,35.46666666666667,-15.409111136666668,-0.0351851833333327,0.1360000000000001,3.649333333333333,4.026,19.08580248777778,3.617111111111113,5.799751,5.8668237,5.750047,5.50564,5.7104673,0,0.0,1,1.0,-0.85,20.2,79.8
2022-11-16 12:00:00,216.704387011112,150.727581772222,150.749247572222,18.803703726666665,4.026,35.46666666666667,2,5.1764362714980825,70.66250196097344,12,2,11,1.2246467991473532e-16,-1.0,0.9749279121818236,-0.2225209339563143,-0.5000000000000004,0.8660254037844384,90.0,81.75,53.25,10.5,20.9,100.0,88.0,2.7,5.784595,0.0,4.5,18.94444445,35.2,35.53333333333333,35.65,34.333333333333336,35.5,-14.777703726666664,-0.3907407433333354,0.2406666666666663,3.785333333333333,4.3693333333333335,19.07592595,3.820222222222224,5.7104673,5.799751,5.8668237,5.750047,5.7635574,0,0.0,1,1.0,-0.94,23.5,76.5
2022-11-16 12:15:00,203.183538900004,151.0489578,151.071456883334,18.94444445,4.3693333333333335,35.5,2,5.1764362714980825,70.66250196097344,12,2,11,1.2246467991473532e-16,-1.0,0.9749279121818236,-0.2225209339563143,-0.5000000000000004,0.8660254037844384,91.5,86.25,59.91666666666666,10.975,22.325,100.0,87.5,2.7,5.780414,0.0,4.575,19.083333343333333,35.46666666666667,35.2,35.53333333333333,35.65,35.5,-14.575111116666664,0.1407407233333337,0.3433333333333337,4.026,4.59,18.98086421555556,4.060222222222225,5.7635574,5.7104673,5.799751,5.8668237,5.810991,0,0.0,0,1.0,-0.9,22.3,77.7
2022-11-16 12:30:00,172.69225861667,120.685450155556,120.704060544444,19.083333343333333,4.59,35.5,2,5.1764362714980825,70.66250196097344,12,2,11,1.2246467991473532e-16,-1.0,0.9749279121818236,-0.2225209339563143,-0.5000000000000004,0.8660254037844384,93.0,89.75,66.08333333333333,11.45,23.75,100.0,87.0,2.7,5.7760315,0.0,4.65,18.87777777,35.5,35.46666666666667,35.2,35.53333333333333,35.55,-14.493333343333331,0.1388888933333341,0.2206666666666663,4.3693333333333335,4.715333333333334,18.94382717333333,4.328444444444447,5.810991,5.7635574,5.7104673,5.799751,5.7489944,0,0.0,0,1.0,-0.87,21.1,78.9
2022-11-16 12:45:00,172.731146077776,117.353083472222,117.371971666664,18.87777777,4.715333333333334,35.55,2,5.1764362714980825,70.66250196097344,12,2,11,1.2246467991473532e-16,-1.0,0.9749279121818236,-0.2225209339563143,-0.5000000000000004,0.8660254037844384,94.5,92.25,71.75,11.925,25.175,100.0,86.5,2.7,5.771442,0.0,4.725,18.687037036666663,35.5,35.5,35.46666666666667,35.2,36.15,-14.162444436666668,-0.2055555733333314,0.1253333333333337,4.59,5.1,18.96851852111111,4.558222222222224,5.7489944,5.810991,5.7635574,5.7104673,5.7804713,0,0.0,0,1.0,-0.92,22.9,77.1
2022-11-16 13:00:00,306.100811044444,161.87130263889,161.892690683334,18.687037036666663,5.1,36.15,2,5.1764362714980825,70.66250196097344,13,2,11,-0.2588190451025208,-0.9659258262890684,0.9749279121818236,-0.2225209339563143,-0.5000000000000004,0.8660254037844384,96.0,93.75,76.91666666666667,12.4,26.6,100.0,86.0,2.7,5.766647,0.0,4.8,18.83333335,35.55,35.5,35.5,35.46666666666667,36.5,-13.587037036666668,-0.1907407333333353,0.384666666666666,4.715333333333334,5.470666666666667,18.882716050000003,4.80177777777778,5.7804713,5.7489944,5.810991,5.7635574,5.8871446,0,0.0,0,1.0,-0.96,24.5,75.5
2022-11-16 13:15:00,103.679741594442,0.0,0.0,18.83333335,5.470666666666667,36.5,0,5.1764362714980825,70.66250196097344,13,2,11,-0.2588190451025208,-0.9659258262890684,0.9749279121818236,-0.2225209339563143,-0.5000000000000004,0.8660254037844384,133.0,104.125,84.45833333333333,13.45,30.65,99.25,84.5,2.725,5.789105,0.0,5.125,18.60000000333333,36.15,35.55,35.5,35.5,36.68333333333333,-13.36266668333333,0.1462963133333303,0.3706666666666676,5.1,5.623333333333333,18.79938271888889,5.095333333333335,5.8871446,5.7804713,5.7489944,5.810991,5.8356147,1,1.0,1,0.75,-0.92,23.1,76.9
2022-11-16 13:30:00,148.707662522224,43.317156111112,43.32548916111,18.60000000333333,5.623333333333333,36.68333333333333,1,5.1764362714980825,70.66250196097344,13,2,11,-0.2588190451025208,-0.9659258262890684,0.9749279121818236,-0.2225209339563143,-0.5000000000000004,0.8660254037844384,170.0,123.375,94.375,14.5,34.7,98.5,83.0,2.75,5.809485,0.0,5.449999999999999,18.42222222,36.5,36.15,35.55,35.5,37.0,-12.976666669999998,-0.2333333466666651,0.1526666666666658,5.470666666666667,5.908,18.70679013,5.398000000000002,5.8356147,5.8871446,5.7804713,5.7489944,5.824321,0,1.0,1,0.75,-0.98,25.2,74.8
2022-11-16 13:45:00,225.933462333332,130.742270083334,130.759213905554,18.42222222,5.908,37.0,2,5.1764362714980825,70.66250196097344,13,2,11,-0.2588190451025208,-0.9659258262890684,0.9749279121818236,-0.2225209339563143,-0.5000000000000004,0.8660254037844384,207.0,151.5,106.66666666666669,15.55,38.75,97.75,81.5,2.775,5.827698,0.0,5.775,18.605555573333334,36.68333333333333,36.5,36.15,35.55,36.81666666666667,-12.514222219999995,-0.1777777833333331,0.2846666666666673,5.623333333333333,5.828,18.618518524444443,5.667333333333335,5.824321,5.8356147,5.8871446,5.7804713,5.8587523,0,1.0,1,0.75,-1.02,26.9,73.1
2022-11-16 14:00:00,856.362410983326,137.4711676,137.48811142222002,18.605555573333334,5.828,36.81666666666667,2,5.1764362714980825,70.66250196097344,14,2,11,-0.4999999999999997,-0.8660254037844388,0.9749279121818236,-0.2225209339563143,-0.5000000000000004,0.8660254037844384,244.0,188.5,121.33333333333331,16.6,42.8,97.0,80.0,2.8,5.843651,0.0,6.1,18.81666667,37.0,36.68333333333333,36.5,36.15,36.15,-12.777555573333334,0.1833333533333352,-0.08,5.908,5.854,18.542592598888888,5.786444444444446,5.8587523,5.824321,5.8356147,5.8871446,5.824952,0,1.0,0,0.75,-0.98,25.1,74.9
2022-11-16 14:15:00,1153.141650388884,46.539249472222,46.546193694442,18.81666667,5.854,36.15,1,5.1764362714980825,70.66250196097344,14,2,11,-0.4999999999999997,-0.8660254037844388,0.9749279121818236,-0.2225209339563143,-0.5000000000000004,0.8660254037844384,240.75,215.4375,135.27083333333334,16.875,43.9,84.75,78.0,2.5,5.7162414,0.0,6.15,18.640740776666668,36.81666666666667,37.0,36.68333333333333,36.5,36.18333333333333,-12.96266667,0.2111110966666665,0.0259999999999998,5.828,5.952666666666667,18.61481482111111,5.863333333333336,5.824952,5.8587523,5.824321,5.8356147,5.769972,0,0.0,1,1.0,-0.93,23.3,76.7
2022-11-16 14:30:00,263.427518194438,144.151178155556,144.163122144444,18.640740776666668,5.952666666666667,36.18333333333333,2,5.1764362714980825,70.66250196097344,14,2,11,-0.4999999999999997,-0.8660254037844388,0.9749279121818236,-0.2225209339563143,-0.5000000000000004,0.8660254037844384,237.5,232.3125,148.47916666666666,17.15,45.0,72.5,76.0,2.2,5.5879254,0.0,6.199999999999999,18.7277778,36.15,36.81666666666667,37.0,36.68333333333333,36.45,-12.68807411,-0.175925893333332,0.0986666666666673,5.854,6.087999999999999,18.687654340000005,5.878222222222225,5.769972,5.824952,5.8587523,5.824321,5.8425064,0,0.0,1,1.0,-0.97,24.9,75.1
2022-11-16 14:45:00,301.22906143889,193.714751083334,193.733361488888,18.7277778,6.087999999999999,36.45,2,5.1764362714980825,70.66250196097344,14,2,11,-0.4999999999999997,-0.8660254037844388,0.9749279121818236,-0.2225209339563143,-0.5000000000000004,0.8660254037844384,234.25,239.125,160.95833333333334,17.425,46.1,60.25,74.0,1.9,5.4587,0.0,6.25,19.014814803333334,36.18333333333333,36.15,36.81666666666667,37.0,35.666666666666664,-12.639777800000005,0.0870370233333339,0.1353333333333317,5.952666666666667,6.109333333333334,18.728395082222224,5.964888888888891,5.8425064,5.769972,5.824952,5.8587523,5.814722,0,0.0,0,1.0,-0.95,24.0,76.0
2022-11-16 15:00:00,329.01489446111,209.6016156,209.622448116666,19.014814803333334,6.109333333333334,35.666666666666664,2,5.1764362714980825,70.66250196097344,15,2,11,-0.7071067811865471,-0.7071067811865479,0.9749279121818236,-0.2225209339563143,-0.5000000000000004,0.8660254037844384,231.0,235.875,172.70833333333334,17.7,47.2,48.0,72.0,1.6,5.32856,0.0,6.3,19.24444447,36.45,36.18333333333333,36.15,36.81666666666667,34.6,-12.90548147,0.2870370033333316,0.0213333333333345,6.087999999999999,6.134,18.794444460000005,6.050000000000002,5.814722,5.8425064,5.769972,5.824952,5.7177105,0,0.0,0,1.0,-0.89,21.6,78.4
2022-11-16 15:15:00,291.445564027774,193.745860988888,193.765582449998,19.24444447,6.134,34.6,2,5.1764362714980825,70.66250196097344,15,2,11,-0.7071067811865471,-0.7071067811865479,0.9749279121818236,-0.2225209339563143,-0.5000000000000004,0.8660254037844384,229.5,233.0625,184.20833333333331,17.825,45.400000000000006,44.25,71.5,1.4,5.265666,0.0,6.225,19.2777778,35.666666666666664,36.45,36.18333333333333,36.15,33.85,-13.11044447,0.2296296666666677,0.0246666666666666,6.109333333333334,5.737333333333334,18.99567902444445,6.110444444444447,5.7177105,5.814722,5.8425064,5.769972,5.6047654,0,0.0,0,1.0,-0.84,19.9,80.1
2022-11-16 15:30:00,280.747658611108,190.594875916666,190.613486305554,19.2777778,5.737333333333334,33.85,2,5.1764362714980825,70.66250196097344,15,2,11,-0.7071067811865471,-0.7071067811865479,0.9749279121818236,-0.2225209339563143,-0.5000000000000004,0.8660254037844384,228.0,230.6875,195.45833333333331,17.95,43.6,40.5,71.0,1.2000000000000002,5.203245,0.0,6.15,19.32777776,34.6,35.666666666666664,36.45,36.18333333333333,33.1,-13.540444466666663,0.0333333299999978,-0.3966666666666665,6.134,5.431333333333333,19.17901235777778,5.993555555555559,5.6047654,5.7177105,5.814722,5.8425064,5.49674,0,0.0,0,1.0,-0.84,19.7,80.3
2022-11-16 15:45:00,346.963898588892,249.579183116666,249.601959972222,19.32777776,5.431333333333333,33.1,2,5.1764362714980825,70.66250196097344,15,2,11,-0.7071067811865471,-0.7071067811865479,0.9749279121818236,-0.2225209339563143,-0.5000000000000004,0.8660254037844384,226.5,228.75,206.45833333333331,18.075,41.8,36.75,70.5,1.0,5.1412935,0.0,6.075,19.498148116666663,33.85,34.6,35.666666666666664,36.45,32.35,-13.896444426666667,0.0499999600000009,-0.3060000000000009,5.737333333333334,5.42,19.283333343333336,5.767555555555558,5.49674,5.6047654,5.7177105,5.814722,5.4263067,0,0.0,0,1.0,-0.83,19.5,80.5
2022-11-16 16:00:00,362.149402377776,265.119950327778,265.145504872222,19.498148116666663,5.42,32.35,2,5.1764362714980825,70.66250196097344,16,2,11,-0.8660254037844385,-0.5000000000000004,0.9749279121818236,-0.2225209339563143,-0.5000000000000004,0.8660254037844384,225.0,227.25,217.20833333333331,18.2,40.0,33.0,70.0,0.8,5.079809,0.0,6.0,19.69444443,33.1,33.85,34.6,35.666666666666664,31.6,-14.078148116666666,0.1703703566666661,-0.0113333333333329,5.431333333333333,5.348666666666667,19.36790122555556,5.529555555555557,5.4263067,5.49674,5.6047654,5.7177105,5.361977,0,0.0,0,1.0,-0.79,18.3,81.7
2022-11-16 16:15:00,373.877544266668,269.628103344444,269.655602294442,19.69444443,5.348666666666667,31.6,2,5.1764362714980825,70.66250196097344,16,2,11,-0.8660254037844385,-0.5000000000000004,0.9749279121818236,-0.2225209339563143,-0.5000000000000004,0.8660254037844384,200.25,219.9375,222.8125,17.65,39.8,31.5,70.0,0.625,5.0053844,0.0,5.775,19.81481483,32.35,33.1,33.85,34.6,31.03333333333333,-14.34577776333333,0.196296313333331,-0.0713333333333325,5.42,5.177333333333333,19.506790102222222,5.400000000000002,5.361977,5.4263067,5.49674,5.6047654,5.303144,0,0.0,0,1.0,-0.75,16.9,83.1
2022-11-16 16:30:00,374.568627755556,269.223675055556,269.25061846111,19.81481483,5.177333333333333,31.03333333333333,2,5.1764362714980825,70.66250196097344,16,2,11,-0.8660254037844385,-0.5000000000000004,0.9749279121818236,-0.2225209339563143,-0.5000000000000004,0.8660254037844384,175.5,206.8125,223.27083333333331,17.1,39.6,30.0,70.0,0.45,4.9319153,0.0,5.55,19.89444445,31.6,32.35,33.1,33.85,30.65,-14.637481496666666,0.1203704000000023,-0.171333333333334,5.348666666666667,5.021333333333334,19.66913579222222,5.315333333333336,5.303144,5.361977,5.4263067,5.49674,5.262145,0,0.0,0,1.0,-0.73,16.1,83.9
2022-11-16 16:45:00,754.37482371667,267.720401888888,267.746789749998,19.89444445,5.021333333333334,30.65,2,5.1764362714980825,70.66250196097344,16,2,11,-0.8660254037844385,-0.5000000000000004,0.9749279121818236,-0.2225209339563143,-0.5000000000000004,0.8660254037844384,150.75,187.875,218.58333333333331,16.55,39.400000000000006,28.5,70.0,0.275,4.8593903,0.0,5.324999999999999,19.9407407,31.03333333333333,31.6,32.35,33.1,30.5,-14.873111116666664,0.0796296199999986,-0.1559999999999997,5.177333333333333,4.868666666666667,19.80123457,5.182444444444447,5.262145,5.303144,5.361977,5.4263067,5.250617,0,0.0,0,1.0,-0.71,15.6,84.4
2022-11-16 17:00:00,346.672243688888,265.0210654,265.0460644,19.9407407,4.868666666666667,30.5,2,5.1764362714980825,70.66250196097344,17,2,11,-0.9659258262890684,-0.2588190451025206,0.9749279121818236,-0.2225209339563143,-0.5000000000000004,0.8660254037844384,126.0,163.125,208.75,16.0,39.2,27.0,70.0,0.1,4.787799,0.0,5.1,19.9444444,30.65,31.03333333333333,31.6,32.35,30.15,-15.072074033333331,0.046296250000001,-0.1526666666666667,5.021333333333334,4.723333333333333,19.88333332666667,5.022444444444447,5.250617,5.262145,5.303144,5.361977,5.1914897,0,0.0,0,1.0,-0.7,15.3,84.7
2022-11-16 17:15:00,340.692760711108,264.432755566668,264.459143444444,19.9444444,4.723333333333333,30.15,2,5.1764362714980825,70.66250196097344,17,2,11,-0.9659258262890684,-0.2588190451025206,0.9749279121818236,-0.2225209339563143,-0.5000000000000004,0.8660254037844384,98.25,137.625,196.875,15.15,37.775000000000006,29.75,71.25,-0.0499999999999999,4.746067,0.0,4.699999999999999,19.9444444,30.5,30.65,31.03333333333333,31.6,30.0,-15.221111066666666,0.003703699999999,-0.1453333333333342,4.868666666666667,4.586666666666667,19.926543183333333,4.871111111111113,5.1914897,5.250617,5.262145,5.303144,5.1656613,0,0.0,0,1.0,-0.7,15.4,84.6
2022-11-16 17:30:00,326.63748966110603,238.888221855556,238.912387605554,19.9444444,4.586666666666667,30.0,2,5.1764362714980825,70.66250196097344,17,2,11,-0.9659258262890684,-0.2588190451025206,0.9749279121818236,-0.2225209339563143,-0.5000000000000004,0.8660254037844384,70.5,111.375,182.95833333333331,14.3,36.35,32.5,72.5,-0.1999999999999999,4.702837,0.0,4.3,19.63888887,30.15,30.5,30.65,31.03333333333333,30.45,-15.357777733333332,0.0,-0.1366666666666658,4.723333333333333,4.457333333333334,19.94320983333333,4.726222222222224,5.1656613,5.1914897,5.250617,5.262145,5.1500173,0,0.0,0,1.0,-0.7,15.4,84.6
2022-11-16 17:45:00,200.477813916666,106.512961544444,106.52379446111,19.63888887,4.457333333333334,30.45,2,5.1764362714980825,70.66250196097344,17,2,11,-0.9659258262890684,-0.2588190451025206,0.9749279121818236,-0.2225209339563143,-0.5000000000000004,0.8660254037844384,42.750000000000014,84.375,167.0,13.45,34.925,35.25,73.75,-0.35,4.658203,0.0,3.9,18.835185186666667,30.0,30.15,30.5,30.65,31.616666666666667,-15.181555536666668,-0.3055555299999959,-0.1293333333333333,4.586666666666667,4.342666666666667,19.84259255666667,4.589111111111113,5.1500173,5.1656613,5.1914897,5.250617,5.100064,0,0.0,0,1.0,-0.77,17.5,82.5
2022-11-16 18:00:00,231.952943727778,149.93705786111,149.952612805554,18.835185186666667,4.342666666666667,31.616666666666667,2,5.1764362714980825,70.66250196097344,18,2,11,-1.0,-1.8369701987210294e-16,0.9749279121818236,-0.2225209339563143,-0.5000000000000004,0.8660254037844384,15.0,56.625,149.0,12.6,33.5,38.0,75.0,-0.5,4.6122575,0.0,3.5,18.76111112,30.45,30.0,30.15,30.5,31.95,-14.49251852,-0.8037036833333353,-0.1146666666666664,4.457333333333334,4.252,19.47283948555556,4.462222222222224,5.100064,5.1500173,5.1656613,5.1914897,5.131313,0,0.0,0,1.0,-0.95,24.1,75.9
2022-11-16 18:15:00,346.980286999996,268.2409366,268.26926888333,18.76111112,4.252,31.95,2,5.1764362714980825,70.66250196097344,18,2,11,-1.0,-1.8369701987210294e-16,0.9749279121818236,-0.2225209339563143,-0.5000000000000004,0.8660254037844384,11.25,34.875,130.8125,12.125,31.325,35.75,77.0,-0.475,4.6410303,0.0,3.2,19.170370353333333,31.616666666666667,30.45,30.0,30.15,31.35,-14.509111120000004,-0.0740740666666646,-0.0906666666666673,4.342666666666667,4.160666666666667,19.07839505888889,4.350666666666669,5.131313,5.100064,5.1500173,5.1656613,5.15808,0,0.0,0,1.0,-0.97,24.7,75.3
2022-11-16 18:30:00,366.734496766664,282.1753792,282.202322588888,19.170370353333333,4.160666666666667,31.35,2,5.1764362714980825,70.66250196097344,18,2,11,-1.0,-1.8369701987210294e-16,0.9749279121818236,-0.2225209339563143,-0.5000000000000004,0.8660254037844384,7.5,19.125000000000004,112.4375,11.65,29.15,33.5,79.0,-0.45,4.666598,0.0,2.9,19.42222219,31.95,31.616666666666667,30.45,30.0,31.0,-15.009703686666665,0.40925923333333,-0.091333333333333,4.252,3.936,18.92222222,4.25177777777778,5.15808,5.131313,5.100064,5.1500173,5.176696,0,0.0,0,1.0,-0.87,21.1,78.9
2022-11-16 18:45:00,364.398479161106,288.415129616666,288.442350777776,19.42222219,3.936,31.0,2,5.1764362714980825,70.66250196097344,18,2,11,-1.0,-1.8369701987210294e-16,0.9749279121818236,-0.2225209339563143,-0.5000000000000004,0.8660254037844384,3.75,9.375,93.875,11.175,26.975,31.25,81.0,-0.425,4.689061,0.0,2.6,19.568518536666662,31.35,31.95,31.616666666666667,30.45,30.816666666666663,-15.48622219,0.2518518366666669,-0.2246666666666668,4.160666666666667,3.7626666666666666,19.11790122111111,4.116222222222224,5.176696,5.15808,5.131313,5.100064,5.1905317,0,0.0,0,1.0,-0.82,19.1,80.9
2022-11-16 19:00:00,358.697318316662,273.808769444444,273.83599062222,19.568518536666662,3.7626666666666666,30.816666666666663,2,5.1764362714980825,70.66250196097344,19,2,11,-0.9659258262890684,0.2588190451025203,0.9749279121818236,-0.2225209339563143,-0.5000000000000004,0.8660254037844384,0.0,5.625,75.125,10.7,24.8,29.0,83.0,-0.4,4.708522,0.0,2.3,19.46666666,31.0,31.35,31.95,31.616666666666667,30.6,-15.80585187,0.1462963466666664,-0.1733333333333333,3.936,3.6406666666666663,19.38703702666667,3.9531111111111135,5.1905317,5.176696,5.15808,5.131313,5.1232734,0,0.0,0,1.0,-0.79,18.0,82.0
2022-11-16 19:15:00,225.309876227774,126.122732688888,126.135509977776,19.46666666,3.6406666666666663,30.6,2,5.1764362714980825,70.66250196097344,19,2,11,-0.9659258262890684,0.2588190451025203,0.9749279121818236,-0.2225209339563143,-0.5000000000000004,0.8660254037844384,0.0,2.8125,58.4375,11.5,23.55,44.25,84.25,-0.3,4.7472267,0.0,2.2,18.796296273333333,30.816666666666663,31.0,31.35,31.95,31.616666666666667,-15.825999993333332,-0.101851876666668,-0.1219999999999998,3.7626666666666666,3.564,19.485802462222225,3.77977777777778,5.1232734,5.1905317,5.176696,5.15808,5.088353,0,0.0,0,1.0,-0.81,18.8,81.2
2022-11-16 19:30:00,320.300798738882,242.12753676111,242.151980249998,18.796296273333333,3.564,31.616666666666667,2,5.1764362714980825,70.66250196097344,19,2,11,-0.9659258262890684,0.2588190451025203,0.9749279121818236,-0.2225209339563143,-0.5000000000000004,0.8660254037844384,0.0,0.9375,43.8125,12.3,22.3,59.5,85.5,-0.2,4.78517,0.0,2.1,18.833333340000003,30.6,30.816666666666663,31.0,31.35,31.6,-15.232296273333333,-0.670370386666665,-0.0766666666666666,3.6406666666666663,3.445333333333333,19.27716049,3.65577777777778,5.088353,5.1232734,5.1905317,5.176696,5.0968156,0,0.0,0,1.0,-0.96,24.4,75.6
2022-11-16 19:45:00,355.621608116658,280.004910455556,280.032131616666,18.833333340000003,3.445333333333333,31.6,2,5.1764362714980825,70.66250196097344,19,2,11,-0.9659258262890684,0.2588190451025203,0.9749279121818236,-0.2225209339563143,-0.5000000000000004,0.8660254037844384,0.0,0.0,31.25,13.1,21.05,74.75,86.75,-0.0999999999999999,4.822358,0.0,2.0,19.209259266666667,31.616666666666667,30.6,30.816666666666663,31.0,31.03333333333333,-15.388000006666667,0.0370370666666701,-0.1186666666666669,3.564,3.3406666666666665,19.032098757777774,3.550000000000002,5.0968156,5.088353,5.1232734,5.1905317,5.1176934,0,0.0,0,1.0,-0.95,24.1,75.9
2022-11-16 20:00:00,360.27892156666803,282.055661772222,282.083438494442,19.209259266666667,3.3406666666666665,31.03333333333333,2,5.1764362714980825,70.66250196097344,20,2,11,-0.8660254037844386,0.5000000000000001,0.9749279121818236,-0.2225209339563143,-0.5000000000000004,0.8660254037844384,0.0,0.0,20.75,13.9,19.8,90.0,88.0,0.0,4.858798,0.0,1.9,19.37777777,31.6,31.616666666666667,30.6,30.816666666666663,31.0,-15.8685926,0.3759259266666639,-0.1046666666666666,3.445333333333333,3.191333333333333,18.946296293333337,3.450000000000001,5.1176934,5.0968156,5.088353,5.1232734,5.1631775,0,0.0,0,1.0,-0.87,20.9,79.1
2022-11-16 20:15:00,362.344394594442,237.128570044444,237.167457405554,19.37777777,3.191333333333333,31.0,2,5.1764362714980825,70.66250196097344,20,2,11,-0.8660254037844386,0.5000000000000001,0.9749279121818236,-0.2225209339563143,-0.5000000000000004,0.8660254037844384,0.0,0.0,12.5625,14.55,23.225,80.75,87.75,-0.025,4.8449945,0.0,1.9,19.257407366666666,31.03333333333333,31.6,31.616666666666667,30.6,31.183333333333334,-16.18644443666667,0.1685185033333347,-0.1493333333333333,3.3406666666666665,3.114,19.14012345888889,3.32577777777778,5.1631775,5.1176934,5.0968156,5.088353,5.157037,0,0.0,0,1.0,-0.83,19.5,80.5
2022-11-16 20:30:00,238.764893488888,106.03631396111,106.063257349998,19.257407366666666,3.114,31.183333333333334,2,5.1764362714980825,70.66250196097344,20,2,11,-0.8660254037844386,0.5000000000000001,0.9749279121818236,-0.2225209339563143,-0.5000000000000004,0.8660254037844384,0.0,0.0,6.687500000000001,15.2,26.65,71.5,87.5,-0.05,4.831191,0.0,1.9,18.68333335,31.0,31.03333333333333,31.6,31.616666666666667,31.85,-16.143407366666665,-0.1203704033333359,-0.0773333333333332,3.191333333333333,3.15,19.28148146777778,3.215333333333336,5.157037,5.1631775,5.1176934,5.0968156,5.091776,0,0.0,0,1.0,-0.86,20.4,79.6
2022-11-16 20:45:00,265.724370733328,161.667977488888,161.700753977776,18.68333335,3.15,31.85,2,5.1764362714980825,70.66250196097344,20,2,11,-0.8660254037844386,0.5000000000000001,0.9749279121818236,-0.2225209339563143,-0.5000000000000004,0.8660254037844384,0.0,0.0,3.125,15.85,30.075,62.25,87.25,-0.075,4.817388,0.0,1.9,18.78148150333333,31.183333333333334,31.0,31.03333333333333,31.6,32.0,-15.53333335,-0.574074016666664,0.036,3.114,3.17,19.10617282888889,3.15177777777778,5.091776,5.157037,5.1631775,5.1176934,5.145537,0,0.0,0,1.0,-0.98,25.4,74.6
2022-11-16 21:00:00,370.627396661106,265.140782827778,265.186892133332,18.78148150333333,3.17,32.0,2,5.1764362714980825,70.66250196097344,21,2,11,-0.7071067811865477,0.7071067811865474,0.9749279121818236,-0.2225209339563143,-0.5000000000000004,0.8660254037844384,0.0,0.0,1.875,16.5,33.5,53.0,87.0,-0.1,4.803585,0.0,1.9,19.25555554,31.85,31.183333333333334,31.0,31.03333333333333,31.65,-15.611481503333335,0.0981481533333337,0.02,3.15,3.166,18.907407406666668,3.144666666666669,5.145537,5.091776,5.157037,5.1631775,5.233643,0,0.0,0,1.0,-0.96,24.5,75.5
2022-11-16 21:15:00,626.3221682777801,279.066614655556,279.115223827778,19.25555554,3.166,31.65,2,5.1764362714980825,70.66250196097344,21,2,11,-0.7071067811865477,0.7071067811865474,0.9749279121818236,-0.2225209339563143,-0.5000000000000004,0.8660254037844384,0.0,0.0,0.9375,15.825,33.575,45.5,87.25,-0.075,4.809227,0.0,1.875,19.622222253333334,32.0,31.85,31.183333333333334,31.0,31.683333333333334,-16.08955554,0.4740740366666642,-0.004,3.17,3.146,18.906790131111112,3.162000000000002,5.233643,5.145537,5.091776,5.157037,5.3533688,0,0.0,0,1.0,-0.85,20.4,79.6
2022-11-16 21:30:00,511.970909277776,285.121372472222,285.169981644444,19.622222253333334,3.146,31.683333333333334,2,5.1764362714980825,70.66250196097344,21,2,11,-0.7071067811865477,0.7071067811865474,0.9749279121818236,-0.2225209339563143,-0.5000000000000004,0.8660254037844384,0.0,0.0,0.3125,15.15,33.65,38.0,87.5,-0.05,4.8148346,0.0,1.85,19.85555557,31.65,32.0,31.85,31.183333333333334,31.65,-16.476222253333333,0.3666667133333341,-0.02,3.166,3.08,19.21975309888889,3.160666666666669,5.3533688,5.233643,5.145537,5.091776,5.4214587,0,0.0,0,1.0,-0.77,17.4,82.6
2022-11-16 21:45:00,328.761849066664,213.9172763,213.959496877776,19.85555557,3.08,31.65,2,5.1764362714980825,70.66250196097344,21,2,11,-0.7071067811865477,0.7071067811865474,0.9749279121818236,-0.2225209339563143,-0.5000000000000004,0.8660254037844384,0.0,0.0,0.0,14.475,33.724999999999994,30.5,87.75,-0.0249999999999999,4.8204083,0.0,1.825,19.725925916666665,31.683333333333334,31.65,32.0,31.85,31.5,-16.77555557,0.2333333166666662,-0.0659999999999998,3.146,3.028,19.57777778777778,3.1306666666666687,5.4214587,5.3533688,5.233643,5.145537,5.3548937,0,0.0,0,1.0,-0.71,15.7,84.3
2022-11-16 22:00:00,224.904892327778,112.008297272222,112.0396849,19.725925916666665,3.028,31.5,2,5.1764362714980825,70.66250196097344,22,2,11,-0.5000000000000004,0.8660254037844384,0.9749279121818236,-0.2225209339563143,-0.5000000000000004,0.8660254037844384,0.0,0.0,0.0,13.8,33.8,23.0,88.0,-0.0,4.825947,0.0,1.8,19.27222223,31.65,31.683333333333334,31.65,32.0,31.85,-16.697925916666666,-0.1296296533333354,-0.052,3.08,2.957333333333333,19.734567913333336,3.0846666666666684,5.3548937,5.4214587,5.3533688,5.233643,5.2718873,0,0.0,0,1.0,-0.75,16.7,83.3
2022-11-16 22:15:00,301.9270891,204.7534762,204.79403016111,19.27222223,2.957333333333333,31.85,2,5.1764362714980825,70.66250196097344,22,2,11,-0.5000000000000004,0.8660254037844384,0.9749279121818236,-0.2225209339563143,-0.5000000000000004,0.8660254037844384,0.0,0.0,0.0,13.375,32.375,41.5,89.0,-0.025,4.8231187,0.0,1.625,19.496296296666667,31.5,31.65,31.683333333333334,31.65,31.816666666666663,-16.314888896666666,-0.4537036866666639,-0.0706666666666668,3.028,2.865333333333333,19.61790123888889,3.02177777777778,5.2718873,5.3548937,5.4214587,5.3533688,5.336264,0,0.0,0,1.0,-0.85,20.2,79.8
2022-11-16 22:30:00,367.560852677772,267.012374644444,267.056539611108,19.496296296666667,2.865333333333333,31.816666666666663,2,5.1764362714980825,70.66250196097344,22,2,11,-0.5000000000000004,0.8660254037844384,0.9749279121818236,-0.2225209339563143,-0.5000000000000004,0.8660254037844384,0.0,0.0,0.0,12.95,30.95,60.0,90.0,-0.05,4.8195996,0.0,1.4500000000000002,19.88888886,31.85,31.5,31.65,31.683333333333334,31.45,-16.630962963333335,0.2240740666666667,-0.0919999999999996,2.957333333333333,2.8233333333333333,19.49814814777778,2.9502222222222243,5.336264,5.2718873,5.3548937,5.4214587,5.3977356,0,0.0,0,1.0,-0.8,18.4,81.6
2022-11-16 22:45:00,364.714022088884,239.859016388888,239.902348072218,19.88888886,2.8233333333333333,31.45,2,5.1764362714980825,70.66250196097344,22,2,11,-0.5000000000000004,0.8660254037844384,0.9749279121818236,-0.2225209339563143,-0.5000000000000004,0.8660254037844384,0.0,0.0,0.0,12.525,29.525,78.5,91.0,-0.075,4.815404,0.0,1.275,20.094444480714287,31.816666666666663,31.85,31.5,31.65,31.02142857142857,-17.065555526666667,0.3925925633333342,-0.0420000000000002,2.865333333333333,2.777142857142857,19.55246912888889,2.882000000000002,5.3977356,5.336264,5.2718873,5.3548937,5.3886576,0,0.0,0,1.0,-0.71,15.5,84.5
2022-11-16 23:00:00,346.37975533889,242.944726255556,242.988613383334,20.094444480714287,2.777142857142857,31.02142857142857,2,5.1764362714980825,70.66250196097344,23,2,11,-0.2588190451025215,0.965925826289068,0.9749279121818236,-0.2225209339563143,-0.5000000000000004,0.8660254037844384,0.0,0.0,0.0,12.1,28.1,97.0,92.0,-0.1,4.8105454,0.0,1.1,20.296428560000003,31.45,31.816666666666663,31.85,31.5,30.946428571428573,-17.31730162357143,0.2055556207142856,-0.0461904761904761,2.8233333333333333,2.6592857142857143,19.82654321246032,2.82193650793651,5.3886576,5.3977356,5.336264,5.2718873,5.439492,0,0.0,0,1.0,-0.66,14.2,85.8
2022-11-16 23:15:00,945.52189986111,215.136116427778,215.175003805554,20.296428560000003,2.6592857142857143,30.946428571428573,2,5.1764362714980825,70.66250196097344,23,2,11,-0.2588190451025215,0.965925826289068,0.9749279121818236,-0.2225209339563143,-0.5000000000000004,0.8660254037844384,0.0,0.0,0.0,11.925,27.275,88.75,91.0,-0.125,4.7990155,0.0,1.225,20.32063491642857,31.02142857142857,31.45,31.816666666666663,31.85,30.525,-17.637142845714287,0.2019840792857152,-0.1178571428571428,2.777142857142857,2.5171428571428573,20.093253966904765,2.7532539682539703,5.439492,5.3886576,5.3977356,5.336264,5.3730073,0,0.0,0,1.0,-0.62,13.0,87.0
2022-11-16 23:30:00,1336.324600361114,131.919445227778,131.949999572222,20.32063491642857,2.5171428571428573,30.525,2,5.1764362714980825,70.66250196097344,23,2,11,-0.2588190451025215,0.965925826289068,0.9749279121818236,-0.2225209339563143,-0.5000000000000004,0.8660254037844384,0.0,0.0,0.0,11.75,26.45,80.5,90.0,-0.15,4.786891,0.0,1.35,19.85555554,30.946428571428573,31.02142857142857,31.45,31.816666666666663,31.05,-17.803492059285713,0.0242063564285679,-0.1421428571428569,2.6592857142857143,2.4106666666666667,20.23716931904762,2.6511904761904783,5.3730073,5.439492,5.3886576,5.3977356,5.3186817,0,0.0,0,1.0,-0.62,12.9,87.1
2022-11-16 23:45:00,326.782761400004,130.648107150002,130.683661327778,19.85555554,2.4106666666666667,31.05,2,5.1764362714980825,70.66250196097344,23,2,11,-0.2588190451025215,0.965925826289068,0.9749279121818236,-0.2225209339563143,-0.5000000000000004,0.8660254037844384,0.0,0.0,0.0,11.575,25.625,72.25,89.0,-0.175,4.774165,0.0,1.475,19.63293652142857,30.525,30.946428571428573,31.02142857142857,31.45,33.25,-17.444888873333333,-0.4650793764285694,-0.1064761904761906,2.5171428571428573,2.332142857142857,20.15753967214286,2.529031746031748,5.3186817,5.3730073,5.439492,5.3886576,5.621617,0,0.0,0,1.0,-0.72,15.8,84.2
2022-11-17 00:00:00,302.8595518,208.40833,208.430551327778,19.63293652142857,2.332142857142857,33.25,2,5.1764362714980825,70.66250196097344,0,3,11,0.0,1.0,0.4338837391175582,-0.900968867902419,-0.5000000000000004,0.8660254037844384,0.0,0.0,0.0,11.4,24.8,64.0,88.0,-0.2,4.7608294,0.0,1.6,19.950396817142856,31.05,30.525,30.946428571428573,31.02142857142857,33.94642857142857,-17.300793664285717,-0.2226190185714287,-0.0785238095238098,2.4106666666666667,2.2464285714285714,19.93637565928572,2.419984126984129,5.621617,5.3186817,5.3730073,5.439492,5.8472314,0,0.0,0,1.0,-0.76,17.1,82.9
2022-11-17 00:15:00,325.316431305554,237.374115788888,237.39494832222,19.950396817142856,2.2464285714285714,33.94642857142857,2,5.1764362714980825,70.66250196097344,0,3,11,0.0,1.0,0.4338837391175582,-0.900968867902419,-0.5000000000000004,0.8660254037844384,0.0,0.0,0.0,11.45,24.45,54.75,88.75,-0.3,4.73651,0.0,1.4,20.26851851,33.25,31.05,30.525,30.946428571428573,33.35,-17.703968245714286,0.3174602957142838,-0.0857142857142854,2.332142857142857,2.158,19.81296295952381,2.329746031746034,5.8472314,5.621617,5.3186817,5.3730073,5.852418,0,0.0,0,1.0,-0.68,14.7,85.3
2022-11-17 00:30:00,346.5303049,258.679930155556,258.7038181,20.26851851,2.158,33.35,2,5.1764362714980825,70.66250196097344,0,3,11,0.0,1.0,0.4338837391175582,-0.900968867902419,-0.5000000000000004,0.8660254037844384,0.0,0.0,0.0,11.5,24.1,45.5,89.5,-0.4,4.7118692,0.0,1.2000000000000002,20.47777778,33.94642857142857,33.25,31.05,30.525,32.25,-18.11051851,0.3181216928571437,-0.0884285714285715,2.2464285714285714,2.1106666666666665,19.95061728285714,2.2455238095238115,5.852418,5.8472314,5.621617,5.3186817,5.7289543,0,0.0,0,1.0,-0.61,12.8,87.2
2022-11-17 00:45:00,296.300647549998,242.468911972222,242.496410905554,20.47777778,2.1106666666666665,32.25,2,5.1764362714980825,70.66250196097344,0,3,11,0.0,1.0,0.4338837391175582,-0.900968867902419,-0.5000000000000004,0.8660254037844384,0.0,0.0,0.0,11.55,23.75,36.25,90.25,-0.5,4.6869206,0.0,1.0,20.461111096666663,33.35,33.94642857142857,33.25,31.05,31.35,-18.367111113333333,0.2092592700000004,-0.0473333333333334,2.158,2.0933333333333333,20.232231035714285,2.1716984126984147,5.7289543,5.852418,5.8472314,5.621617,5.5636644,0,0.0,0,1.0,-0.57,11.8,88.2
2022-11-17 01:00:00,90.09667373889,48.397786244444,48.407230366664,20.461111096666663,2.0933333333333333,31.35,1,5.1764362714980825,70.66250196097344,1,3,11,0.2588190451025207,0.9659258262890684,0.4338837391175582,-0.900968867902419,-0.5000000000000004,0.8660254037844384,0.0,0.0,0.0,11.6,23.4,27.0,91.0,-0.6,4.6616764,0.0,0.8,19.98888889,32.25,33.35,33.94642857142857,33.25,30.95,-18.367777763333333,-0.0166666833333337,-0.0173333333333332,2.1106666666666665,2.1066666666666665,20.40246912888889,2.1206666666666685,5.5636644,5.7289543,5.852418,5.8472314,5.3431334,0,0.0,1,1.0,-0.58,12.0,88.0
2022-11-17 01:15:00,642.542630616666,157.1203816,157.144825072222,19.98888889,2.1066666666666665,30.95,2,5.1764362714980825,70.66250196097344,1,3,11,0.2588190451025207,0.9659258262890684,0.4338837391175582,-0.900968867902419,-0.5000000000000004,0.8660254037844384,0.0,0.0,0.0,11.425,23.4,29.25,91.25,-0.675,4.6267085,0.0,0.65,19.97037037333333,31.35,32.25,33.35,33.94642857142857,30.35,-17.882222223333336,-0.4722222066666646,0.0133333333333331,2.0933333333333333,2.086666666666667,20.30925925555556,2.1035555555555576,5.3431334,5.5636644,5.7289543,5.852418,5.2338715,0,0.0,1,1.0,-0.69,14.9,85.1
2022-11-17 01:30:00,235.875286877776,174.31663813889,174.34108166111,19.97037037333333,2.086666666666667,30.35,2,5.1764362714980825,70.66250196097344,1,3,11,0.2588190451025207,0.9659258262890684,0.4338837391175582,-0.900968867902419,-0.5000000000000004,0.8660254037844384,0.0,0.0,0.0,11.25,23.4,31.5,91.5,-0.75,4.59191,0.0,0.5,19.90555556,30.95,31.35,32.25,33.35,30.0,-17.883703706666665,-0.0185185166666705,-0.0199999999999995,2.1066666666666665,1.9726666666666663,20.14012345333333,2.0955555555555576,5.2338715,5.3431334,5.5636644,5.7289543,5.1539054,0,0.0,0,1.0,-0.7,15.2,84.8
2022-11-17 01:45:00,160.12331706111,118.886911033332,118.90635472222,19.90555556,1.9726666666666663,30.0,2,5.1764362714980825,70.66250196097344,1,3,11,0.2588190451025207,0.9659258262890684,0.4338837391175582,-0.900968867902419,-0.5000000000000004,0.8660254037844384,0.0,0.0,0.0,11.075,23.4,33.75,91.75,-0.825,4.557278,0.0,0.35,19.43760682692308,30.35,30.95,31.35,32.25,30.0,-17.932888893333335,-0.0648148133333315,-0.1140000000000003,2.086666666666667,1.866153846153846,19.954938274444444,2.0553333333333352,5.1539054,5.2338715,5.3431334,5.5636644,5.0142407,0,0.0,0,1.0,-0.71,15.7,84.3
2022-11-17 02:00:00,205.906763466664,172.012563655556,172.035618316666,19.43760682692308,1.866153846153846,30.0,2,5.1764362714980825,70.66250196097344,2,3,11,0.4999999999999999,0.8660254037844387,0.4338837391175582,-0.900968867902419,-0.5000000000000004,0.8660254037844384,0.0,0.0,0.0,10.9,23.4,36.0,92.0,-0.9,4.5228157,0.0,0.2,19.75555552,30.0,30.35,30.95,31.35,29.6,-17.57145298076923,-0.4679487330769234,-0.1065128205128205,1.9726666666666663,1.81,19.771177586752135,1.9751623931623952,5.0142407,5.1539054,5.2338715,5.3431334,5.040657,0,0.0,0,1.0,-0.82,19.2,80.8
2022-11-17 02:15:00,319.070292277776,268.79952533889,268.831468544444,19.75555552,1.81,29.6,2,5.1764362714980825,70.66250196097344,2,3,11,0.4999999999999999,0.8660254037844387,0.4338837391175582,-0.900968867902419,-0.5000000000000004,0.8660254037844384,0.0,0.0,0.0,11.0,22.95,37.75,92.25,-0.975,4.5040026,0.0,0.1,20.257407396666668,30.0,30.0,30.35,30.95,28.85,-17.94555552,0.3179486930769215,-0.056153846153846,1.866153846153846,1.7286666666666666,19.69957263564103,1.882940170940173,5.040657,5.0142407,5.1539054,5.2338715,5.05945,0,0.0,0,1.0,-0.75,16.8,83.2
2022-11-17 02:30:00,239.513474644444,193.888077483334,193.914465327778,20.257407396666668,1.7286666666666666,28.85,2,5.1764362714980825,70.66250196097344,2,3,11,0.4999999999999999,0.8660254037844387,0.4338837391175582,-0.900968867902419,-0.5000000000000004,0.8660254037844384,0.0,0.0,0.0,11.1,22.5,39.5,92.5,-1.05,4.48521,0.0,0.0,20.23888888,29.6,30.0,30.0,30.35,28.55,-18.528740730000003,0.5018518766666702,-0.0813333333333334,1.81,1.68,19.816856581196586,1.80160683760684,5.05945,5.040657,5.0142407,5.1539054,5.0014234,0,0.0,0,1.0,-0.64,13.6,86.4
2022-11-17 02:45:00,182.902683716662,127.785443944444,127.806831988888,20.23888888,1.68,28.55,2,5.1764362714980825,70.66250196097344,2,3,11,0.4999999999999999,0.8660254037844387,0.4338837391175582,-0.900968867902419,-0.5000000000000004,0.8660254037844384,0.0,0.0,0.0,11.2,22.05,41.25,92.75,-1.125,4.4664364,0.0,-0.1,19.748148136666664,28.85,29.6,30.0,30.0,28.966666666666665,-18.55888888,-0.0185185166666705,-0.0486666666666666,1.7286666666666666,1.6699999999999997,20.083950598888887,1.7395555555555575,5.0014234,5.05945,5.040657,5.0142407,4.930662,0,0.0,0,1.0,-0.65,13.7,86.3
2022-11-17 03:00:00,173.371676038886,121.0843231,121.10376682222,19.748148136666664,1.6699999999999997,28.966666666666665,2,5.1764362714980825,70.66250196097344,3,3,11,0.7071067811865476,0.7071067811865476,0.4338837391175582,-0.900968867902419,-0.5000000000000004,0.8660254037844384,0.0,0.0,0.0,11.3,21.6,43.0,93.0,-1.2,4.4476833,0.0,-0.2,19.51666665,28.55,28.85,29.6,30.0,29.3,-18.078148136666663,-0.4907407433333333,-0.0100000000000002,1.68,1.6126666666666667,20.08148147111111,1.6928888888888909,4.930662,5.0014234,5.05945,5.040657,4.92006,0,0.0,0,1.0,-0.75,17.0,83.0
2022-11-17 03:15:00,235.334197455552,189.9707342,189.995733233332,19.51666665,1.6126666666666667,29.3,2,5.1764362714980825,70.66250196097344,3,3,11,0.7071067811865476,0.7071067811865476,0.4338837391175582,-0.900968867902419,-0.5000000000000004,0.8660254037844384,0.0,0.0,0.0,10.775,21.700000000000003,40.5,93.0,-1.25,4.4247117,0.0,-0.275,19.91296294,28.966666666666665,28.55,28.85,29.6,28.85,-17.903999983333332,-0.2314814866666665,-0.057333333333333,1.6699999999999997,1.5666666666666669,19.834567888888888,1.6542222222222245,4.92006,4.930662,5.0014234,5.05945,4.958491,0,0.0,0,1.0,-0.81,18.7,81.3
2022-11-17 03:30:00,293.88518843889403,254.420378327778,254.452043744444,19.91296294,1.5666666666666669,28.85,2,5.1764362714980825,70.66250196097344,3,3,11,0.7071067811865476,0.7071067811865476,0.4338837391175582,-0.900968867902419,-0.5000000000000004,0.8660254037844384,0.0,0.0,0.0,10.25,21.8,38.0,93.0,-1.2999999999999998,4.4018435,0.0,-0.35,20.35555553,29.3,28.966666666666665,28.55,28.85,28.15,-18.346296273333333,0.3962962900000022,-0.046,1.6126666666666667,1.668,19.72592590888889,1.6164444444444463,4.958491,4.92006,4.930662,5.0014234,4.965076,0,0.0,0,1.0,-0.72,15.8,84.2
2022-11-17 03:45:00,286.999075127778,243.79885873889,243.82913536111,20.35555553,1.668,28.15,2,5.1764362714980825,70.66250196097344,3,3,11,0.7071067811865476,0.7071067811865476,0.4338837391175582,-0.900968867902419,-0.5000000000000004,0.8660254037844384,0.0,0.0,0.0,9.725,21.9,35.5,93.0,-1.35,4.3790793,0.0,-0.425,20.490476217142856,28.85,29.3,28.966666666666665,28.55,28.0,-18.68755553,0.4425925900000003,0.1013333333333332,1.5666666666666669,1.75,19.92839504,1.6157777777777798,4.965076,4.958491,4.92006,4.930662,4.977663,0,0.0,0,1.0,-0.62,13.1,86.9
2022-11-17 04:00:00,187.753045111112,126.247727655556,126.266060255556,20.490476217142856,1.75,28.0,2,5.1764362714980825,70.66250196097344,4,3,11,0.8660254037844386,0.5000000000000001,0.4338837391175582,-0.900968867902419,-0.5000000000000004,0.8660254037844384,0.0,0.0,0.0,9.2,22.0,33.0,93.0,-1.4,4.3564186,0.0,-0.5,19.97777776,28.15,28.85,29.3,28.966666666666665,28.35,-18.740476217142856,0.1349206871428556,0.082,1.668,1.768,20.25299822904762,1.6615555555555577,4.977663,4.965076,4.958491,4.92006,4.891091,0,0.0,0,1.0,-0.59,12.3,87.7
2022-11-17 04:15:00,163.702062788888,117.613073072222,117.633072305554,19.97777776,1.768,28.35,2,5.1764362714980825,70.66250196097344,4,3,11,0.8660254037844386,0.5000000000000001,0.4338837391175582,-0.900968867902419,-0.5000000000000004,0.8660254037844384,0.0,0.0,0.0,9.25,20.65,49.75,93.0,-1.45,4.348888,0.0,-0.525,19.687037036666663,28.0,28.15,28.85,29.3,28.5,-18.20977776,-0.5126984571428572,0.018,1.75,1.736,20.27460316904762,1.7286666666666688,4.891091,4.977663,4.965076,4.958491,4.833858,0,0.0,0,1.0,-0.7,15.4,84.6
2022-11-17 04:30:00,226.515383538886,186.883635488888,186.907801188888,19.687037036666663,1.736,28.5,2,5.1764362714980825,70.66250196097344,4,3,11,0.8660254037844386,0.5000000000000001,0.4338837391175582,-0.900968867902419,-0.5000000000000004,0.8660254037844384,0.0,0.0,0.0,9.3,19.3,66.5,93.0,-1.5,4.3413687,0.0,-0.55,20.05515873,28.35,28.0,28.15,28.85,28.446428571428573,-17.951037036666666,-0.2907407233333323,-0.032,1.768,1.702142857142857,20.051763671269843,1.7513333333333356,4.833858,4.891091,4.977663,4.965076,4.930014,0,0.0,0,1.0,-0.77,17.5,82.5
2022-11-17 04:45:00,281.761507072214,238.064921472222,238.09353146111,20.05515873,1.702142857142857,28.446428571428573,2,5.1764362714980825,70.66250196097344,4,3,11,0.8660254037844386,0.5000000000000001,0.4338837391175582,-0.900968867902419,-0.5000000000000004,0.8660254037844384,0.0,0.0,0.0,9.35,17.950000000000003,83.25,93.0,-1.55,4.3338614,0.0,-0.575,20.43148150333333,28.5,28.35,28.0,28.15,27.85,-18.353015872857146,0.3681216933333324,-0.033857142857143,1.736,1.72,19.90665784222222,1.7353809523809545,4.930014,4.833858,4.891091,4.977663,4.9339843,0,0.0,0,1.0,-0.69,14.9,85.1
2022-11-17 05:00:00,261.367600411112,216.595502483334,216.62189036111,20.43148150333333,1.72,27.85,2,5.1764362714980825,70.66250196097344,5,3,11,0.9659258262890684,0.2588190451025207,0.4338837391175582,-0.900968867902419,-0.5000000000000004,0.8660254037844384,0.0,0.0,0.0,9.4,16.6,100.0,93.0,-1.6,4.326364,0.0,-0.6,20.34999999,28.446428571428573,28.5,28.35,28.0,27.9,-18.71148150333333,0.3763227733333352,0.017857142857143,1.702142857142857,1.7586666666666666,20.057892423333332,1.7193809523809545,4.9339843,4.930014,4.833858,4.891091,4.9193854,0,0.0,0,1.0,-0.6,12.7,87.3
2022-11-17 05:15:00,173.18335030555,122.616206272222,122.637316577776,20.34999999,1.7586666666666666,27.9,2,5.1764362714980825,70.66250196097344,5,3,11,0.9659258262890684,0.2588190451025207,0.4338837391175582,-0.900968867902419,-0.5000000000000004,0.8660254037844384,0.0,0.0,0.0,9.9,18.125,100.0,91.75,-1.5,4.357708,0.0,-0.3,19.88703702,27.85,28.446428571428573,28.5,28.35,28.466666666666665,-18.59133332333333,-0.0814815133333333,0.0386666666666666,1.72,1.9233333333333331,20.278880074444444,1.72693650793651,4.9193854,4.9339843,4.930014,4.833858,4.8851795,0,0.0,0,1.0,-0.62,13.2,86.8
2022-11-17 05:30:00,234.551450866668,177.982047083334,178.005657222224,19.88703702,1.9233333333333331,28.466666666666665,2,5.1764362714980825,70.66250196097344,5,3,11,0.9659258262890684,0.2588190451025207,0.4338837391175582,-0.900968867902419,-0.5000000000000004,0.8660254037844384,0.0,0.0,0.0,10.4,19.65,100.0,90.5,-1.4,4.388232,0.0,0.0,20.05555555,27.9,27.85,28.446428571428573,28.5,28.5,-17.963703686666666,-0.4629629700000031,0.1646666666666667,1.7586666666666666,2.024,20.222839504444448,1.8006666666666689,4.8851795,4.9193854,4.9339843,4.930014,4.9394126,0,0.0,0,1.0,-0.73,16.1,83.9
2022-11-17 05:45:00,235.621408133332,183.513214727778,183.537102672222,20.05555555,2.024,28.5,2,5.1764362714980825,70.66250196097344,5,3,11,0.9659258262890684,0.2588190451025207,0.4338837391175582,-0.900968867902419,-0.5000000000000004,0.8660254037844384,0.0,0.0,0.0,10.9,21.175,100.0,89.25,-1.3,4.417897,0.0,0.3,20.25555553,28.466666666666665,27.9,27.85,28.446428571428573,28.316666666666663,-18.03155555,0.1685185300000036,0.1006666666666666,1.9233333333333331,2.09,20.097530853333332,1.902000000000002,4.9394126,4.8851795,4.9193854,4.9339843,4.9653826,0,0.0,0,1.0,-0.69,14.9,85.1
2022-11-17 06:00:00,565.900418644444,183.328222111112,183.354054411112,20.25555553,2.09,28.316666666666663,2,5.1764362714980825,70.66250196097344,6,3,11,1.0,6.123233995736766e-17,0.4338837391175582,-0.900968867902419,-0.5000000000000004,0.8660254037844384,0.0,0.0,0.0,11.4,22.7,100.0,88.0,-1.2,4.4466553,0.0,0.6,20.41666663,28.5,28.466666666666665,27.9,27.85,28.0,-18.16555553,0.1999999799999976,0.0659999999999998,2.024,2.1526666666666667,20.066049366666668,2.0124444444444465,4.9653826,4.9394126,4.8851795,4.9193854,4.956271,0,0.0,0,1.0,-0.64,13.7,86.3
2022-11-17 06:15:00,223.314678272218,183.9643078,183.989029044444,20.41666663,2.1526666666666667,28.0,2,5.1764362714980825,70.66250196097344,6,3,11,1.0,6.123233995736766e-17,0.4338837391175582,-0.900968867902419,-0.5000000000000004,0.8660254037844384,0.0,0.0,0.0,12.025,24.325,98.5,87.25,-1.325,4.4087577,0.025,0.6,20.51666668,28.316666666666663,28.5,28.466666666666665,27.9,28.0,-18.263999963333333,0.1611111000000029,0.0626666666666668,2.09,2.26,20.242592570000003,2.088888888888891,4.956271,4.9653826,4.9394126,4.8851795,4.9852724,0,0.0,0,1.0,-0.61,12.7,87.3
2022-11-17 06:30:00,146.801349927778,96.481140583334,96.497251088888,20.51666668,2.26,28.0,2,5.1764362714980825,70.66250196097344,6,3,11,1.0,6.123233995736766e-17,0.4338837391175582,-0.900968867902419,-0.5000000000000004,0.8660254037844384,0.0,0.0,0.0,12.65,25.95,97.0,86.5,-1.45,4.37086,0.05,0.6,20.207936514285716,28.0,28.316666666666663,28.5,28.466666666666665,28.36428571428572,-18.25666668,0.1000000499999984,0.107333333333333,2.1526666666666667,2.2314285714285718,20.39629628,2.1675555555555577,4.9852724,4.956271,4.9653826,4.9394126,4.9599075,0,0.0,0,1.0,-0.58,12.2,87.8
2022-11-17 06:45:00,151.26950447778,97.754145227778,97.772477844444,20.207936514285716,2.2314285714285718,28.36428571428572,2,5.1764362714980825,70.66250196097344,6,3,11,1.0,6.123233995736766e-17,0.4338837391175582,-0.900968867902419,-0.5000000000000004,0.8660254037844384,0.0,0.0,0.0,13.275,27.575,95.5,85.75,-1.575,4.332963,0.075,0.6,19.94444445,28.0,28.0,28.316666666666663,28.5,28.683333333333334,-17.97650794285714,-0.3087301657142873,-0.0285714285714284,2.26,2.0973333333333333,20.380423274761903,2.214698412698415,4.9599075,4.9852724,4.956271,4.9653826,4.938946,0,0.0,0,1.0,-0.65,14.0,86.0
2022-11-17 07:00:00,204.741810033332,156.655677955556,156.680676988888,19.94444445,2.0973333333333333,28.683333333333334,2,5.1764362714980825,70.66250196097344,7,3,11,0.9659258262890684,-0.2588190451025206,0.4338837391175582,-0.900968867902419,-0.5000000000000004,0.8660254037844384,0.0,0.0,0.0,13.9,29.2,94.0,85.0,-1.7,4.295065,0.1,0.6,20.13333335,28.36428571428572,28.0,28.0,28.316666666666663,28.65,-17.847111116666667,-0.2634920642857139,-0.134095238095238,2.2314285714285718,2.02,20.223015881428573,2.1962539682539703,4.938946,4.9599075,4.9852724,4.956271,4.9880595,0,0.0,0,1.0,-0.71,15.6,84.4
2022-11-17 07:15:00,225.071274572222,183.503770672222,183.529325216666,20.13333335,2.02,28.65,2,5.1764362714980825,70.66250196097344,7,3,11,0.9659258262890684,-0.2588190451025206,0.4338837391175582,-0.900968867902419,-0.5000000000000004,0.8660254037844384,0.0,0.0,0.0,13.975,29.45,95.5,84.5,-1.7,4.291805,0.075,0.675,20.36507933214286,28.683333333333334,28.36428571428572,28.0,28.0,28.303571428571427,-18.11333335,0.188888900000002,-0.0773333333333332,2.0973333333333333,1.987142857142857,20.095238104761904,2.1162539682539703,4.9880595,4.938946,4.9599075,4.9852724,4.9949403,0,0.0,0,1.0,-0.67,14.4,85.6
2022-11-17 07:30:00,168.155495811108,124.02781643889,124.047260111112,20.36507933214286,1.987142857142857,28.303571428571427,2,5.1764362714980825,70.66250196097344,7,3,11,0.9659258262890684,-0.2588190451025206,0.4338837391175582,-0.900968867902419,-0.5000000000000004,0.8660254037844384,0.0,0.0,0.0,14.05,29.7,97.0,84.0,-1.7,4.288381,0.05,0.75,20.21666667,28.65,28.683333333333334,28.36428571428572,28.0,28.35,-18.377936475,0.2317459821428578,-0.0328571428571429,2.02,1.9766666666666663,20.14761904404762,2.034825396825399,4.9949403,4.9880595,4.938946,4.9599075,4.9599404,0,0.0,0,1.0,-0.62,13.0,87.0
2022-11-17 07:45:00,115.177337188888,76.202229555556,76.218895605554,20.21666667,1.9766666666666663,28.35,2,5.1764362714980825,70.66250196097344,7,3,11,0.9659258262890684,-0.2588190451025206,0.4338837391175582,-0.900968867902419,-0.5000000000000004,0.8660254037844384,0.0,0.0,0.0,14.125,29.95,98.5,83.5,-1.7,4.2847958,0.0249999999999999,0.825,19.896296263333333,28.303571428571427,28.65,28.683333333333334,28.36428571428572,28.5,-18.240000003333336,-0.1484126621428565,-0.0104761904761905,1.987142857142857,1.8206666666666669,20.23835978404762,1.9946031746031767,4.9599404,4.9949403,4.9880595,4.938946,4.8935533,0,0.0,0,1.0,-0.65,13.9,86.1
2022-11-17 08:00:00,211.192940911108,160.470803111112,160.496357672222,19.896296263333333,1.8206666666666669,28.5,2,5.1764362714980825,70.66250196097344,8,3,11,0.8660254037844387,-0.4999999999999998,0.4338837391175582,-0.900968867902419,-0.5000000000000004,0.8660254037844384,0.0,0.0,0.0,14.2,30.2,100.0,83.0,-1.7,4.2810464,0.0,0.9,20.06111109,28.35,28.303571428571427,28.65,28.683333333333334,28.5,-18.075629596666666,-0.3203704066666688,-0.1559999999999997,1.9766666666666663,1.88,20.1593474218254,1.928158730158732,4.8935533,4.9599404,4.9949403,4.9880595,4.9410186,0,0.0,0,1.0,-0.72,16.0,84.0
2022-11-17 08:15:00,213.895054972222,149.635403211112,149.657069027778,20.06111109,1.88,28.5,2,5.1764362714980825,70.66250196097344,8,3,11,0.8660254037844387,-0.4999999999999998,0.4338837391175582,-0.900968867902419,-0.5000000000000004,0.8660254037844384,8.75,2.1875,0.7291666666666666,14.65,31.3,100.0,82.5,-1.75,4.262537,0.025,0.925,20.02962962666667,28.5,28.35,28.303571428571427,28.65,28.5,-18.18111109,0.1648148266666673,0.059333333333333,1.8206666666666669,1.864,20.058024674444447,1.8924444444444464,4.9410186,4.8935533,4.9599404,4.9949403,4.9319215,0,0.0,0,1.0,-0.68,14.9,85.1
2022-11-17 08:30:00,146.118321799996,97.0911162,97.106671177776,20.02962962666667,1.864,28.5,2,5.1764362714980825,70.66250196097344,8,3,11,0.8660254037844387,-0.4999999999999998,0.4338837391175582,-0.900968867902419,-0.5000000000000004,0.8660254037844384,17.5,6.5625,2.1875,15.1,32.4,100.0,82.0,-1.7999999999999998,4.24395,0.05,0.95,19.592063469285712,28.5,28.5,28.35,28.303571428571427,28.925,-18.165629626666668,-0.031481463333332,-0.0159999999999997,1.88,1.9914285714285715,19.995678993333332,1.854888888888891,4.9319215,4.9410186,4.8935533,4.9599404,4.878657,0,0.0,0,1.0,-0.69,15.1,84.9
2022-11-17 08:45:00,205.113739605554,127.625172605554,127.646560616666,19.592063469285712,1.9914285714285715,28.925,2,5.1764362714980825,70.66250196097344,8,3,11,0.8660254037844387,-0.4999999999999998,0.4338837391175582,-0.900968867902419,-0.5000000000000004,0.8660254037844384,26.25,13.125,4.375,15.55,33.5,100.0,81.5,-1.85,4.225286,0.075,0.975,19.627380936428573,28.5,28.5,28.5,28.35,29.935714285714287,-17.60063489785714,-0.4375661573809566,0.1274285714285712,1.864,2.085714285714286,19.89426806198413,1.911809523809526,4.878657,4.9319215,4.9410186,4.8935533,5.0596156,0,0.0,0,1.0,-0.79,18.2,81.8
2022-11-17 09:00:00,210.759902550002,158.268391244444,158.292001416666,19.627380936428573,2.085714285714286,29.935714285714287,2,5.1764362714980825,70.66250196097344,9,3,11,0.7071067811865476,-0.7071067811865475,0.4338837391175582,-0.900968867902419,-0.5000000000000004,0.8660254037844384,35.0,21.875,7.291666666666667,16.0,34.6,100.0,81.0,-1.9,4.2065444,0.1,1.0,19.92777774,28.925,28.5,28.5,28.5,29.65,-17.541666650714287,0.0353174671428604,0.0942857142857145,1.9914285714285715,2.177333333333333,19.749691344126983,1.9803809523809544,5.0596156,4.878657,4.9319215,4.9410186,5.1004143,0,0.0,0,1.0,-0.78,17.7,82.3
2022-11-17 09:15:00,223.280790677776,163.172361727778,163.195971866668,19.92777774,2.177333333333333,29.65,2,5.1764362714980825,70.66250196097344,9,3,11,0.7071067811865476,-0.7071067811865475,0.4338837391175582,-0.900968867902419,-0.5000000000000004,0.8660254037844384,59.25,34.5,12.229166666666666,17.0,36.2,86.0,79.25,-2.025,4.172242,0.1,1.2,20.079629636666667,29.935714285714287,28.925,28.5,28.5,29.5,-17.750444406666666,0.3003968035714273,0.091619047619047,2.085714285714286,2.4373333333333336,19.71574071523809,2.084825396825399,5.1004143,5.0596156,4.878657,4.9319215,5.1199346,0,0.0,0,1.0,-0.71,15.6,84.4
2022-11-17 09:30:00,168.058832911112,122.167057588888,122.18872342222,20.079629636666667,2.4373333333333336,29.5,2,5.1764362714980825,70.66250196097344,9,3,11,0.7071067811865476,-0.7071067811865475,0.4338837391175582,-0.900968867902419,-0.5000000000000004,0.8660254037844384,83.5,51.0,19.1875,18.0,37.8,72.0,77.5,-2.15,4.136107,0.1,1.4,20.01666668,29.65,29.935714285714287,28.925,28.5,29.55,-17.64229630333333,0.1518518966666668,0.2600000000000007,2.177333333333333,2.744666666666667,19.878262771031743,2.23346031746032,5.1199346,5.1004143,5.0596156,4.878657,5.109745,0,0.0,0,1.0,-0.67,14.6,85.4
2022-11-17 09:45:00,182.329373299996,135.6262414,135.645962877776,20.01666668,2.744666666666667,29.55,2,5.1764362714980825,70.66250196097344,9,3,11,0.7071067811865476,-0.7071067811865475,0.4338837391175582,-0.900968867902419,-0.5000000000000004,0.8660254037844384,107.75,71.375,28.166666666666668,19.0,39.4,58.0,75.75,-2.275,4.0981,0.1,1.6,19.979629613333334,29.5,29.65,29.935714285714287,28.925,29.966666666666665,-17.272000013333333,-0.0629629566666665,0.3073333333333332,2.4373333333333336,2.8400000000000003,20.008024685555554,2.453111111111113,5.109745,5.1199346,5.1004143,5.0596156,5.170569,0,0.0,0,1.0,-0.69,15.0,85.0
2022-11-17 10:00:00,1050.546587638886,110.791123711112,110.811400749998,19.979629613333334,2.8400000000000003,29.966666666666665,2,5.1764362714980825,70.66250196097344,10,3,11,0.4999999999999999,-0.8660254037844387,0.4338837391175582,-0.900968867902419,-0.5000000000000004,0.8660254037844384,132.0,95.625,39.16666666666666,20.0,41.0,44.0,74.0,-2.4,4.058183,0.1,1.8,19.84444441,29.55,29.5,29.65,29.935714285714287,30.7,-17.139629613333334,-0.0370370666666666,0.0953333333333334,2.744666666666667,2.857333333333333,20.025308643333336,2.6740000000000017,5.170569,5.109745,5.1199346,5.1004143,5.255305,0,0.0,0,1.0,-0.7,15.2,84.8
2022-11-17 10:15:00,122.588707322224,75.515034827778,75.529478716666,19.84444441,2.857333333333333,30.7,2,5.1764362714980825,70.66250196097344,10,3,11,0.4999999999999999,-0.8660254037844387,0.4338837391175582,-0.900968867902419,-0.5000000000000004,0.8660254037844384,165.5,122.1875,52.958333333333336,20.325,43.975,50.25,72.0,-2.55,4.0159974,0.1,2.05,19.585185176666663,29.966666666666665,29.55,29.5,29.65,31.183333333333334,-16.987111076666668,-0.1351852033333322,0.0173333333333332,2.8400000000000003,2.98,19.94691356777778,2.8140000000000023,5.255305,5.170569,5.109745,5.1199346,5.2574368,0,0.0,0,1.0,-0.72,16.0,84.0
2022-11-17 10:30:00,127.689614427778,72.938749,72.955692855552,19.585185176666663,2.98,31.183333333333334,2,5.1764362714980825,70.66250196097344,10,3,11,0.4999999999999999,-0.8660254037844387,0.4338837391175582,-0.900968867902419,-0.5000000000000004,0.8660254037844384,199.0,151.0625,69.54166666666667,20.65,46.95,56.5,70.0,-2.7,3.9710426,0.1,2.3,19.40555556,30.7,29.966666666666665,29.55,29.5,31.5,-16.605185176666666,-0.259259233333335,0.1226666666666664,2.857333333333333,2.9233333333333333,19.8030864,2.892444444444447,5.2574368,5.255305,5.170569,5.109745,5.255037,0,0.0,0,1.0,-0.78,17.8,82.2
2022-11-17 10:45:00,122.408992494438,64.950457477776,64.964068066664,19.40555556,2.9233333333333333,31.5,1,5.1764362714980825,70.66250196097344,10,3,11,0.4999999999999999,-0.8660254037844387,0.4338837391175582,-0.900968867902419,-0.5000000000000004,0.8660254037844384,232.5,182.25,88.91666666666667,20.975,49.925,62.75,68.0,-2.85,3.9232466,0.1,2.55,19.186904745714287,31.183333333333334,30.7,29.966666666666665,29.55,31.5,-16.482222226666668,-0.1796296166666664,-0.0566666666666666,2.98,2.834285714285714,19.611728382222225,2.920222222222224,5.255037,5.2574368,5.255305,5.170569,5.187813,0,0.0,1,1.0,-0.82,19.2,80.8
2022-11-17 11:00:00,105.438282433328,67.4548017,67.468690077776,19.186904745714287,2.834285714285714,31.5,1,5.1764362714980825,70.66250196097344,11,3,11,0.258819045102521,-0.9659258262890682,0.4338837391175582,-0.900968867902419,-0.5000000000000004,0.8660254037844384,266.0,215.75,111.08333333333331,21.3,52.9,69.0,66.0,-3.0,3.8725374,0.1,2.8,19.08888891,31.5,31.183333333333334,30.7,29.966666666666665,31.55,-16.352619031428574,-0.2186508142857128,-0.0890476190476192,2.9233333333333333,2.8306666666666667,19.392548494126984,2.9125396825396845,5.187813,5.255037,5.2574368,5.255305,5.166108,0,0.0,0,1.0,-0.87,21.0,79.0
2022-11-17 11:15:00,170.144860533336,131.568625927778,131.589736183334,19.08888891,2.8306666666666667,31.55,2,5.1764362714980825,70.66250196097344,11,3,11,0.258819045102521,-0.9659258262890682,0.4338837391175582,-0.900968867902419,-0.5000000000000004,0.8660254037844384,289.0,246.625,134.4375,22.75,55.15,76.25,64.5,-3.25,3.8036704,0.1,2.875,19.292592566666663,31.5,31.5,31.183333333333334,30.7,31.78333333333333,-16.258222243333332,-0.098015835714289,-0.0036190476190474,2.834285714285714,2.929333333333333,19.227116405238096,2.862761904761907,5.166108,5.187813,5.255037,5.2574368,5.267167,0,0.0,1,1.0,-0.89,21.8,78.2
2022-11-17 11:30:00,242.501132916666,199.3311931,199.358414277776,19.292592566666663,2.929333333333333,31.78333333333333,2,5.1764362714980825,70.66250196097344,11,3,11,0.258819045102521,-0.9659258262890682,0.4338837391175582,-0.900968867902419,-0.5000000000000004,0.8660254037844384,312.0,274.875,158.97916666666666,24.200000000000003,57.4,83.5,63.0,-3.5,3.733995,0.1,2.95,19.605555560000003,31.55,31.5,31.5,31.183333333333334,30.8,-16.363259233333334,0.2037036566666685,0.0986666666666664,2.8306666666666667,2.9153333333333338,19.189462074126983,2.8647619047619064,5.267167,5.166108,5.187813,5.255037,5.199024,0,0.0,0,1.0,-0.84,20.0,80.0
2022-11-17 11:45:00,201.083345161114,142.725679644444,142.747345444444,19.605555560000003,2.9153333333333338,30.8,2,5.1764362714980825,70.66250196097344,11,3,11,0.258819045102521,-0.9659258262890682,0.4338837391175582,-0.900968867902419,-0.5000000000000004,0.8660254037844384,335.0,300.5,184.70833333333331,25.65,59.65,90.75,61.5,-3.75,3.6635077,0.1,3.025,19.7185185,31.78333333333333,31.55,31.5,31.5,30.316666666666663,-16.69022222666667,0.3129629933333362,-0.0139999999999993,2.929333333333333,3.088,19.329012345555554,2.89177777777778,5.199024,5.267167,5.166108,5.187813,5.1514926,0,0.0,0,1.0,-0.78,17.7,82.3
2022-11-17 12:00:00,552.302906883338,138.702507194446,138.72556183889,19.7185185,3.088,30.316666666666663,2,5.1764362714980825,70.66250196097344,12,3,11,1.2246467991473532e-16,-1.0,0.4338837391175582,-0.900968867902419,-0.5000000000000004,0.8660254037844384,358.0,323.5,211.625,27.1,61.9,98.0,60.0,-4.0,3.592201,0.1,3.1,19.71666665,30.8,31.78333333333333,31.55,31.5,29.6,-16.6305185,0.1129629399999991,0.1726666666666663,2.9153333333333338,3.152,19.53888887555556,2.9775555555555577,5.1514926,5.199024,5.267167,5.166108,5.029167,0,0.0,0,1.0,-0.75,17.0,83.0
2022-11-17 12:15:00,171.073990050002,130.99114906111,131.013370372222,19.71666665,3.152,29.6,2,5.1764362714980825,70.66250196097344,12,3,11,1.2246467991473532e-16,-1.0,0.4338837391175582,-0.900968867902419,-0.5000000000000004,0.8660254037844384,344.75,337.4375,235.41666666666663,27.15,62.35,97.0,59.5,-4.125,3.5443692,0.175,3.025,19.670370400000003,30.316666666666663,30.8,31.78333333333333,31.55,29.03333333333333,-16.56466665,-0.0018518500000013,0.064,3.088,2.964,19.680246903333337,3.05177777777778,5.029167,5.1514926,5.199024,5.267167,4.919501,0,0.0,0,1.0,-0.76,17.1,82.9
2022-11-17 12:30:00,168.132440966672,117.603073472222,117.622517194442,19.670370400000003,2.964,29.03333333333333,2,5.1764362714980825,70.66250196097344,12,3,11,1.2246467991473532e-16,-1.0,0.4338837391175582,-0.900968867902419,-0.5000000000000004,0.8660254037844384,331.5,342.3125,256.0833333333333,27.200000000000003,62.8,96.0,59.0,-4.25,3.4969158,0.25,2.95,19.61666667,29.6,30.316666666666663,30.8,31.78333333333333,28.65,-16.706370400000004,-0.0462962499999974,-0.1880000000000001,3.152,2.81,19.70185185,3.068000000000002,4.919501,5.029167,5.1514926,5.199024,4.839263,0,0.0,0,1.0,-0.77,17.5,82.5
2022-11-17 12:45:00,140.29661024444,101.742874572222,101.76176278333,19.61666667,2.81,28.65,2,5.1764362714980825,70.66250196097344,12,3,11,1.2246467991473532e-16,-1.0,0.4338837391175582,-0.900968867902419,-0.5000000000000004,0.8660254037844384,318.25,338.125,273.625,27.25,63.25,95.0,58.5,-4.375,3.4498403,0.325,2.875,19.46666667,29.03333333333333,29.6,30.316666666666663,30.8,28.316666666666663,-16.80666667,-0.0537037300000058,-0.1539999999999999,2.964,2.3306666666666667,19.667901240000003,2.975333333333335,4.839263,4.919501,5.029167,5.1514926,4.740981,0,0.0,0,1.0,-0.79,18.0,82.0
2022-11-17 13:00:00,141.824882394442,93.164606583334,93.182383705554,19.46666667,2.3306666666666667,28.316666666666663,2,5.1764362714980825,70.66250196097344,13,3,11,-0.2588190451025208,-0.9659258262890684,0.4338837391175582,-0.900968867902419,-0.5000000000000004,0.8660254037844384,305.0,324.875,288.0416666666667,27.3,63.7,94.0,58.0,-4.5,3.4031384,0.4,2.8,19.394841275,28.65,29.03333333333333,29.6,30.316666666666663,28.0,-17.136000003333333,-0.1499999999999985,-0.4793333333333334,2.81,2.356428571428572,19.58456791333333,2.701555555555558,4.740981,4.839263,4.919501,5.029167,4.6681995,0,0.0,0,1.0,-0.82,19.3,80.7
2022-11-17 13:15:00,184.004861794442,125.190547727778,125.209991416666,19.394841275,2.356428571428572,28.0,2,5.1764362714980825,70.66250196097344,13,3,11,-0.2588190451025208,-0.9659258262890684,0.4338837391175582,-0.900968867902419,-0.5000000000000004,0.8660254037844384,298.0,313.1875,299.0833333333333,26.175,62.625,80.5,59.75,-4.4,3.4472644,0.325,2.55,19.461111086666666,28.316666666666663,28.65,29.03333333333333,29.6,27.816666666666663,-17.038412703571428,-0.0718253949999976,0.025761904761905,2.3306666666666667,2.3346666666666662,19.492724871666667,2.4990317460317484,4.6681995,4.740981,4.839263,4.919501,4.6557465,0,0.0,0,1.0,-0.84,19.9,80.1
2022-11-17 13:30:00,178.132041000004,133.193283172222,133.214671216666,19.461111086666666,2.3346666666666662,27.816666666666663,2,5.1764362714980825,70.66250196097344,13,3,11,-0.2588190451025208,-0.9659258262890684,0.4338837391175582,-0.900968867902419,-0.5000000000000004,0.8660254037844384,291.0,303.0625,306.75,25.05,61.55,67.0,61.5,-4.3,3.4888444,0.25,2.3,19.5,28.0,28.316666666666663,28.65,29.03333333333333,27.45,-17.12644442,0.0662698116666646,-0.0217619047619055,2.356428571428572,2.118,19.440873010555556,2.340587301587304,4.6557465,4.6681995,4.740981,4.839263,4.604894,0,0.0,0,1.0,-0.83,19.4,80.6
2022-11-17 13:45:00,171.951177144448,133.371887111112,133.392441805558,19.5,2.118,27.45,2,5.1764362714980825,70.66250196097344,13,3,11,-0.2588190451025208,-0.9659258262890684,0.4338837391175582,-0.900968867902419,-0.5000000000000004,0.8660254037844384,284.0,294.5,311.0416666666667,23.925,60.475,53.5,63.25,-4.199999999999999,3.527942,0.175,2.05,19.5,27.816666666666663,28.0,28.316666666666663,28.65,27.03333333333333,-17.382,0.0388889133333343,-0.2166666666666663,2.3346666666666662,2.320666666666667,19.451984120555554,2.2696984126984145,4.604894,4.6557465,4.6681995,4.740981,4.534996,0,0.0,0,1.0,-0.82,19.2,80.8
2022-11-17 14:00:00,175.711860061114,133.074399044444,133.095231527778,19.5,2.320666666666667,27.03333333333333,2,5.1764362714980825,70.66250196097344,14,3,11,-0.4999999999999997,-0.8660254037844388,0.4338837391175582,-0.900968867902419,-0.5000000000000004,0.8660254037844384,277.0,287.5,311.9583333333333,22.8,59.4,40.0,65.0,-4.1,3.5646198,0.1,1.8,19.5,27.45,27.816666666666663,28.0,28.316666666666663,26.65,-17.179333333333332,0.0,0.202666666666667,2.118,2.333333333333333,19.48703702888889,2.25777777777778,4.534996,4.604894,4.6557465,4.6681995,4.47069,0,0.0,0,1.0,-0.82,19.2,80.8
2022-11-17 14:15:00,189.374924666668,133.504381811112,133.524936572222,19.5,2.333333333333333,26.65,2,5.1764362714980825,70.66250196097344,14,3,11,-0.4999999999999997,-0.8660254037844388,0.4338837391175582,-0.900968867902419,-0.5000000000000004,0.8660254037844384,293.5,286.375,312.3333333333333,23.075,57.95,44.25,62.5,-4.5,3.4625678,0.1,1.95,19.5,27.03333333333333,27.45,27.816666666666663,28.0,26.5,-17.166666666666668,0.0,0.0126666666666666,2.320666666666667,1.899333333333333,19.5,2.257333333333336,4.47069,4.534996,4.604894,4.6557465,4.4455266,0,0.0,0,1.0,-0.82,19.3,80.7
2022-11-17 14:30:00,187.303896311116,133.177450472222,133.1996718,19.5,1.899333333333333,26.5,2,5.1764362714980825,70.66250196097344,14,3,11,-0.4999999999999997,-0.8660254037844388,0.4338837391175582,-0.900968867902419,-0.5000000000000004,0.8660254037844384,310.0,291.125,312.1666666666667,23.35,56.5,48.5,60.0,-4.9,3.3580143,0.1,2.1,19.5,26.65,27.03333333333333,27.45,27.816666666666663,26.45,-17.600666666666665,0.0,-0.4340000000000001,2.333333333333333,1.7673333333333334,19.5,2.184444444444446,4.4455266,4.47069,4.534996,4.604894,4.437139,0,0.0,0,1.0,-0.82,19.3,80.7
2022-11-17 14:45:00,173.307511872222,133.055788672222,133.077454455556,19.5,1.7673333333333334,26.45,2,5.1764362714980825,70.66250196097344,14,3,11,-0.4999999999999997,-0.8660254037844388,0.4338837391175582,-0.900968867902419,-0.5000000000000004,0.8660254037844384,326.5,301.75,311.4583333333333,23.625,55.05,52.75,57.5,-5.3,3.250921,0.1,2.25,19.5,26.5,26.65,27.03333333333333,27.45,26.03333333333333,-17.732666666666667,0.0,-0.1319999999999999,1.899333333333333,1.772,19.5,2.000000000000002,4.437139,4.4455266,4.47069,4.534996,4.3672404,0,0.0,0,1.0,-0.83,19.4,80.6
2022-11-17 15:00:00,213.067310333332,151.65337812222,151.68254362222,19.5,1.772,26.03333333333333,2,5.1764362714980825,70.66250196097344,15,3,11,-0.7071067811865471,-0.7071067811865479,0.4338837391175582,-0.900968867902419,-0.5000000000000004,0.8660254037844384,343.0,318.25,310.2083333333333,23.9,53.6,57.0,55.0,-5.7,3.1412547,0.1,2.4,19.59999999,26.45,26.5,26.65,27.03333333333333,25.95,-17.728,0.0,0.0046666666666665,1.7673333333333334,1.76,19.5,1.8128888888888912,4.3672404,4.437139,4.4455266,4.47069,4.378917,0,0.0,0,1.0,-0.83,19.4,80.6
2022-11-17 15:15:00,276.372278,226.979809344444,227.017585616666,19.59999999,1.76,25.95,2,5.1764362714980825,70.66250196097344,15,3,11,-0.7071067811865471,-0.7071067811865479,0.4338837391175582,-0.900968867902419,-0.5000000000000004,0.8660254037844384,322.25,325.4375,308.3333333333333,24.2,53.975,67.75,54.75,-5.925,3.095442,0.075,2.25,19.89999999666667,26.03333333333333,26.45,26.5,26.65,25.53333333333333,-17.83999999,0.0999999900000006,-0.012,1.772,1.624,19.53333333,1.7664444444444465,4.378917,4.3672404,4.437139,4.4455266,4.385118,0,0.0,0,1.0,-0.8,18.7,81.3
2022-11-17 15:30:00,309.305405088888,263.11725263889,263.156973316666,19.89999999666667,1.624,25.53333333333333,2,5.1764362714980825,70.66250196097344,15,3,11,-0.7071067811865471,-0.7071067811865479,0.4338837391175582,-0.900968867902419,-0.5000000000000004,0.8660254037844384,301.5,323.3125,305.8333333333333,24.5,54.35,78.5,54.5,-6.15,3.0501962,0.05,2.1,20.14444448,25.95,26.03333333333333,26.45,26.5,25.15,-18.27599999666667,0.3000000066666679,-0.1360000000000001,1.76,1.59,19.666666662222223,1.7186666666666686,4.385118,4.378917,4.3672404,4.437139,4.3815455,0,0.0,0,1.0,-0.74,16.5,83.5
2022-11-17 15:45:00,324.430077894442,255.532556055556,255.570054572222,20.14444448,1.59,25.15,2,5.1764362714980825,70.66250196097344,15,3,11,-0.7071067811865471,-0.7071067811865479,0.4338837391175582,-0.900968867902419,-0.5000000000000004,0.8660254037844384,280.75,311.875,302.7083333333333,24.8,54.725,89.25,54.25,-6.375,3.0055091,0.0249999999999999,1.95,20.29074074333333,25.53333333333333,25.95,26.03333333333333,26.45,25.0,-18.55444448,0.2444444833333321,-0.0339999999999998,1.624,1.524,19.88148148888889,1.658000000000002,4.3815455,4.385118,4.378917,4.3672404,4.3928204,0,0.0,0,1.0,-0.69,14.9,85.1
2022-11-17 16:00:00,312.5049993,254.106501983334,254.142611672222,20.29074074333333,1.524,25.0,2,5.1764362714980825,70.66250196097344,16,3,11,-0.8660254037844385,-0.5000000000000004,0.4338837391175582,-0.900968867902419,-0.5000000000000004,0.8660254037844384,260.0,291.125,298.9583333333333,25.1,55.1,100.0,54.0,-6.6,2.9613767,0.0,1.8,20.39999996,25.15,25.53333333333333,25.95,26.03333333333333,25.0,-18.766740743333333,0.1462962633333333,-0.066,1.59,1.448,20.111728406666668,1.5793333333333357,4.3928204,4.3815455,4.385118,4.378917,4.420939,0,0.0,0,1.0,-0.65,14.0,86.0
2022-11-17 16:15:00,237.09829352222,195.499401944444,195.52995632222,20.39999996,1.448,25.0,2,5.1764362714980825,70.66250196097344,16,3,11,-0.8660254037844385,-0.5000000000000004,0.4338837391175582,-0.900968867902419,-0.5000000000000004,0.8660254037844384,210.75,263.25,291.6875,23.925,55.0,100.0,54.75,-6.55,2.9720767,0.0,1.65,20.27962962,25.0,25.15,25.53333333333333,25.95,25.0,-18.95199996,0.1092592166666648,-0.076,1.524,1.4453333333333334,20.278395061111112,1.5206666666666688,4.420939,4.3928204,4.3815455,4.385118,4.3899684,0,0.0,0,1.0,-0.63,13.3,86.7
2022-11-17 16:30:00,183.527658633332,138.461961316666,138.48584926111,20.27962962,1.4453333333333334,25.0,2,5.1764362714980825,70.66250196097344,16,3,11,-0.8660254037844385,-0.5000000000000004,0.4338837391175582,-0.900968867902419,-0.5000000000000004,0.8660254037844384,161.5,228.25,280.8958333333333,22.75,54.900000000000006,100.0,55.5,-6.5,2.9822166,0.0,1.5,20.0388889,25.0,25.0,25.15,25.53333333333333,25.05,-18.834296286666664,-0.1203703400000009,-0.0026666666666665,1.448,1.358,20.323456774444445,1.4724444444444469,4.3899684,4.420939,4.3928204,4.3815455,4.3372507,0,0.0,0,1.0,-0.66,14.0,86.0
2022-11-17 16:45:00,179.989466700004,132.103604527778,132.124992572222,20.0388889,1.358,25.05,2,5.1764362714980825,70.66250196097344,16,3,11,-0.8660254037844385,-0.5000000000000004,0.4338837391175582,-0.900968867902419,-0.5000000000000004,0.8660254037844384,112.25,186.125,266.5833333333333,21.575,54.8,100.0,56.25,-6.45,2.9918067,0.0,1.35,19.85555557,25.0,25.0,25.0,25.15,25.466666666666665,-18.6808889,-0.240740719999998,-0.0873333333333332,1.4453333333333334,1.3033333333333337,20.23950616,1.4171111111111134,4.3372507,4.3899684,4.420939,4.3928204,4.3622904,0,0.0,0,1.0,-0.71,15.6,84.4
2022-11-17 17:00:00,167.171368444444,121.1051556,121.1259881,19.85555557,1.3033333333333337,25.466666666666665,2,5.1764362714980825,70.66250196097344,17,3,11,-0.9659258262890684,-0.2588190451025206,0.4338837391175582,-0.900968867902419,-0.5000000000000004,0.8660254037844384,63.0,136.875,248.75,20.4,54.7,100.0,57.0,-6.4,3.0008552,0.0,1.2,19.74999999,25.05,25.0,25.0,25.0,25.95,-18.552222236666665,-0.1833333299999999,-0.0546666666666666,1.358,1.31,20.058024696666667,1.3688888888888908,4.3622904,4.3372507,4.3899684,4.420939,4.4176493,0,0.0,0,1.0,-0.75,16.8,83.2
2022-11-17 17:15:00,1254.770362727778,156.833726416666,156.858169905554,19.74999999,1.31,25.95,2,5.1764362714980825,70.66250196097344,17,3,11,-0.9659258262890684,-0.2588190451025206,0.4338837391175582,-0.900968867902419,-0.5000000000000004,0.8660254037844384,48.75,96.375,228.35416666666663,18.7,51.725,100.0,59.0,-6.125,3.0745096,0.025,1.05,19.80555554333333,25.466666666666665,25.05,25.0,25.0,27.116666666666667,-18.43999999,-0.1055555800000007,0.0066666666666665,1.3033333333333337,1.358,19.88148148666667,1.32377777777778,4.4176493,4.3622904,4.3372507,4.3899684,4.631328,0,0.0,0,1.0,-0.77,17.5,82.5
2022-11-17 17:30:00,389.892181555552,136.270660072222,136.291214833332,19.80555554333333,1.358,27.116666666666667,2,5.1764362714980825,70.66250196097344,17,3,11,-0.9659258262890684,-0.2588190451025206,0.4338837391175582,-0.900968867902419,-0.5000000000000004,0.8660254037844384,34.5,64.625,205.39583333333331,17.0,48.75,100.0,61.0,-5.85,3.1463113,0.05,0.8999999999999999,19.77222224,25.95,25.466666666666665,25.05,25.0,28.7,-18.447555543333333,0.0555555533333347,0.048,1.31,1.41,19.803703701111115,1.32377777777778,4.631328,4.4176493,4.3622904,4.3372507,4.8921747,0,0.0,0,1.0,-0.75,16.9,83.1
2022-11-17 17:45:00,634.061025527774,60.839232983334,60.849232649998,19.77222224,1.41,28.7,1,5.1764362714980825,70.66250196097344,17,3,11,-0.9659258262890684,-0.2588190451025206,0.4338837391175582,-0.900968867902419,-0.5000000000000004,0.8660254037844384,20.25,41.625,179.875,15.3,45.775,100.0,63.0,-5.575,3.216286,0.075,0.75,19.66481482,27.116666666666667,25.95,25.466666666666665,25.05,33.9,-18.36222224,-0.0333333033333325,0.0519999999999998,1.358,1.382,19.775925924444447,1.3593333333333355,4.8921747,4.631328,4.4176493,4.3622904,5.74225,0,0.0,1,1.0,-0.75,16.9,83.1
2022-11-17 18:00:00,1256.14947434444,0.0,0.0,19.66481482,1.382,33.9,0,5.1764362714980825,70.66250196097344,18,3,11,-1.0,-1.8369701987210294e-16,0.4338837391175582,-0.900968867902419,-0.5000000000000004,0.8660254037844384,6.0,27.375,151.79166666666666,13.6,42.8,100.0,65.0,-5.3,3.2844613,0.1,0.6,19.41666669,28.7,27.116666666666667,25.95,25.466666666666665,34.7,-18.28281482,-0.1074074200000012,-0.0279999999999998,1.41,1.378,19.74753086777778,1.3833333333333355,5.74225,4.8921747,4.631328,4.4176493,5.7926664,1,1.0,1,0.75,-0.75,16.7,83.3
2022-11-17 18:15:00,913.212636749998,0.0,0.0,19.41666669,1.378,34.7,0,5.1764362714980825,70.66250196097344,18,3,11,-1.0,-1.8369701987210294e-16,0.4338837391175582,-0.900968867902419,-0.5000000000000004,0.8660254037844384,4.5,16.3125,125.3125,13.55,39.2,100.0,64.75,-5.3,3.2830615,0.075,0.65,19.12037039,33.9,28.7,27.116666666666667,25.95,33.75,-18.03866669,-0.2481481300000005,-0.0040000000000002,1.382,1.39,19.617901250000003,1.390000000000002,5.7926664,5.74225,4.8921747,4.631328,5.5366144,0,2.0,0,0.5,-0.8,18.5,81.5
2022-11-17 18:30:00,640.120505388884,0.0,0.0,19.12037039,1.39,33.75,0,5.1764362714980825,70.66250196097344,18,3,11,-1.0,-1.8369701987210294e-16,0.4338837391175582,-0.900968867902419,-0.5000000000000004,0.8660254037844384,3.0,8.4375,100.4375,13.5,35.599999999999994,100.0,64.5,-5.3,3.281608,0.05,0.7,18.96111108,34.7,33.9,28.7,27.116666666666667,35.9,-17.73037039,-0.296296299999998,0.012,1.378,1.4066666666666665,19.4006173,1.3833333333333353,5.5366144,5.7926664,5.74225,4.8921747,5.834238,0,3.0,0,0.25,-0.87,21.1,78.9
2022-11-17 18:45:00,386.802027333332,0.0,0.0,18.96111108,1.4066666666666665,35.9,0,5.1764362714980825,70.66250196097344,18,3,11,-1.0,-1.8369701987210294e-16,0.4338837391175582,-0.900968867902419,-0.5000000000000004,0.8660254037844384,1.5,3.75,77.16666666666667,13.45,32.0,100.0,64.25,-5.3,3.280101,0.0249999999999999,0.75,18.90370366333333,33.75,34.7,33.9,28.7,37.35,-17.554444413333336,-0.1592593099999995,0.0166666666666666,1.39,1.4066666666666665,19.166049386666668,1.3915555555555574,5.834238,5.5366144,5.7926664,5.74225,6.0493393,0,4.0,0,0.0,-0.9,22.0,78.0
2022-11-17 19:00:00,248.780603911112,0.0,0.0,18.90370366333333,1.4066666666666665,37.35,0,5.1764362714980825,70.66250196097344,19,3,11,-0.9659258262890684,0.2588190451025203,0.4338837391175582,-0.900968867902419,-0.5000000000000004,0.8660254037844384,0.0,2.25,55.5,13.4,28.4,100.0,64.0,-5.3,3.2785413,0.0,0.8,18.83888886,35.9,33.75,34.7,33.9,38.05,-17.497036996666665,-0.0574074166666704,0.0,1.4066666666666665,1.4366666666666668,18.995061711111116,1.4011111111111128,6.0493393,5.834238,5.5366144,5.7926664,6.1391606,0,4.0,0,0.0,-0.9,22.3,77.7
2022-11-17 19:15:00,1146.696908138886,0.0,0.0,18.83888886,1.4366666666666668,38.05,0,5.1764362714980825,70.66250196097344,19,3,11,-0.9659258262890684,0.2588190451025203,0.4338837391175582,-0.900968867902419,-0.5000000000000004,0.8660254037844384,0.0,1.125,37.9375,13.7,29.5,100.0,66.25,-5.0,3.3533664,0.025,0.625,18.88518519333333,37.35,35.9,33.75,34.7,40.083333333333336,-17.402222193333333,-0.0648148033333306,0.0300000000000002,1.4066666666666665,1.444,18.901234534444445,1.4166666666666687,6.1391606,6.0493393,5.834238,5.5366144,6.4849424,0,4.0,0,0.0,-0.92,22.7,77.3
2022-11-17 19:30:00,1243.094996511108,0.0,0.0,18.88518519333333,1.444,40.083333333333336,0,5.1764362714980825,70.66250196097344,19,3,11,-0.9659258262890684,0.2588190451025203,0.4338837391175582,-0.900968867902419,-0.5000000000000004,0.8660254037844384,0.0,0.375,24.479166666666668,14.0,30.6,100.0,68.5,-4.699999999999999,3.4258826,0.05,0.45,18.8888889,38.05,37.35,35.9,33.75,40.05,-17.441185193333332,0.0462963333333306,0.0073333333333331,1.4366666666666668,1.4520000000000002,18.875925905555555,1.4291111111111132,6.4849424,6.1391606,6.0493393,5.834238,6.4809685,0,4.0,0,0.0,-0.89,21.9,78.1
2022-11-17 19:45:00,1252.94821356666,0.0,0.0,18.8888889,1.4520000000000002,40.05,0,5.1764362714980825,70.66250196097344,19,3,11,-0.9659258262890684,0.2588190451025203,0.4338837391175582,-0.900968867902419,-0.5000000000000004,0.8660254037844384,0.0,0.0,15.125,14.3,31.7,100.0,70.75,-4.4,3.4961288,0.075,0.275,18.86851851333333,40.083333333333336,38.05,37.35,35.9,38.7,-17.4368889,0.0037037066666698,0.0080000000000002,1.444,1.4839999999999998,18.87098765111111,1.4442222222222243,6.4809685,6.4849424,6.1391606,6.0493393,6.2549763,0,4.0,0,0.0,-0.89,21.8,78.2
2022-11-17 20:00:00,642.203755305554,0.0,0.0,18.86851851333333,1.4839999999999998,38.7,0,5.1764362714980825,70.66250196097344,20,3,11,-0.8660254037844386,0.5000000000000001,0.4338837391175582,-0.900968867902419,-0.5000000000000004,0.8660254037844384,0.0,0.0,9.875,14.6,32.8,100.0,73.0,-4.1,3.5641434,0.1,0.1,18.78333334,40.05,40.083333333333336,38.05,37.35,37.85,-17.384518513333337,-0.0203703866666664,0.0319999999999995,1.4520000000000002,1.448,18.880864202222224,1.460000000000002,6.2549763,6.4809685,6.4849424,6.1391606,6.086872,0,4.0,0,0.0,-0.91,22.3,77.7
2022-11-17 20:15:00,71.82101596110999,0.0,0.0,18.78333334,1.448,37.85,0,5.1764362714980825,70.66250196097344,20,3,11,-0.8660254037844386,0.5000000000000001,0.4338837391175582,-0.900968867902419,-0.5000000000000004,0.8660254037844384,0.0,0.0,5.8125,13.925,32.425,98.0,73.75,-3.975,3.6007612,0.15,0.1,18.65370372,38.7,40.05,40.083333333333336,38.05,36.41666666666666,-17.335333340000002,-0.0851851733333326,-0.0359999999999998,1.4839999999999998,1.492,18.846913584444447,1.4613333333333356,6.086872,6.2549763,6.4809685,6.4849424,5.8116374,0,4.0,0,0.0,-0.93,23.2,76.8
2022-11-17 20:30:00,153.70190731110802,95.0511978,95.069252694442,18.65370372,1.492,36.41666666666666,2,5.1764362714980825,70.66250196097344,20,3,11,-0.8660254037844386,0.5000000000000001,0.4338837391175582,-0.900968867902419,-0.5000000000000004,0.8660254037844384,0.0,0.0,2.9375,13.25,32.05,96.0,74.5,-3.85,3.637379,0.2,0.1,18.79444442,37.85,38.7,40.05,40.083333333333336,35.55,-17.16170372,-0.1296296200000029,0.044,1.448,1.496,18.768518524444445,1.4746666666666686,5.8116374,6.086872,6.2549763,6.4809685,5.7207537,0,3.0,1,0.25,-0.97,24.7,75.3
2022-11-17 20:45:00,174.80967408333,112.126070344444,112.14606956111,18.79444442,1.496,35.55,2,5.1764362714980825,70.66250196097344,20,3,11,-0.8660254037844386,0.5000000000000001,0.4338837391175582,-0.900968867902419,-0.5000000000000004,0.8660254037844384,0.0,0.0,1.25,12.575,31.675,94.0,75.25,-3.725,3.6739967,0.25,0.1,19.031481456666665,36.41666666666666,37.85,38.7,40.05,34.38333333333333,-17.298444420000003,0.140740700000002,0.004,1.492,1.4066666666666665,18.74382716,1.4786666666666688,5.7207537,5.8116374,6.086872,6.2549763,5.611014,0,2.0,0,0.5,-0.94,23.6,76.4
2022-11-17 21:00:00,72.520154677776,12.276175616666,12.289786188888,19.031481456666665,1.4066666666666665,34.38333333333333,1,5.1764362714980825,70.66250196097344,21,3,11,-0.7071067811865477,0.7071067811865474,0.4338837391175582,-0.900968867902419,-0.5000000000000004,0.8660254037844384,0.0,0.0,0.75,11.9,31.3,92.0,76.0,-3.6,3.7106144,0.3,0.1,18.79444442,35.55,36.41666666666666,37.85,38.7,34.0,-17.62481479,0.2370370366666634,-0.0893333333333334,1.496,1.3300000000000003,18.82654319888889,1.464888888888891,5.611014,5.7207537,5.8116374,6.086872,5.4713264,0,1.0,1,0.75,-0.89,21.7,78.3
2022-11-17 21:15:00,183.438217727778,104.237497,104.254163,18.79444442,1.3300000000000003,34.0,2,5.1764362714980825,70.66250196097344,21,3,11,-0.7071067811865477,0.7071067811865474,0.4338837391175582,-0.900968867902419,-0.5000000000000004,0.8660254037844384,0.0,0.0,0.375,11.275,29.775,94.0,76.0,-3.625,3.7106144,0.3,0.1,18.875925953333333,34.38333333333333,35.55,36.41666666666666,37.85,34.0,-17.464444419999996,-0.2370370366666669,-0.0766666666666662,1.4066666666666665,1.428,18.87345676555556,1.410888888888891,5.4713264,5.611014,5.7207537,5.8116374,5.4977345,0,0.0,1,1.0,-0.95,23.9,76.1
2022-11-17 21:30:00,244.464387633336,121.177374911112,121.192929905554,18.875925953333333,1.428,34.0,2,5.1764362714980825,70.66250196097344,21,3,11,-0.7071067811865477,0.7071067811865474,0.4338837391175582,-0.900968867902419,-0.5000000000000004,0.8660254037844384,0.0,0.0,0.125,10.65,28.25,96.0,76.0,-3.65,3.7106144,0.3,0.1,19.14444444,34.0,34.38333333333333,35.55,36.41666666666666,33.3,-17.447925953333332,0.0814815333333349,0.0979999999999996,1.3300000000000003,1.5873333333333333,18.900617276666665,1.3882222222222242,5.4977345,5.4713264,5.611014,5.7207537,5.470551,0,0.0,0,1.0,-0.93,23.2,76.8
2022-11-17 21:45:00,219.828706616662,25.031776455556,25.087329866664,19.14444444,1.5873333333333333,33.3,1,5.1764362714980825,70.66250196097344,21,3,11,-0.7071067811865477,0.7071067811865474,0.4338837391175582,-0.900968867902419,-0.5000000000000004,0.8660254037844384,0.0,0.0,0.0,10.025,26.725,98.0,76.0,-3.675,3.7106144,0.3,0.1,18.98333330666667,34.0,34.0,34.38333333333333,35.55,33.18333333333333,-17.557111106666664,0.2685184866666645,0.1593333333333333,1.428,1.748,18.93827160444444,1.4484444444444466,5.470551,5.4977345,5.4713264,5.611014,5.3998218,0,0.0,1,1.0,-0.87,21.0,79.0
2022-11-17 22:00:00,667.715790283334,137.3870043,137.452835016666,18.98333330666667,1.748,33.18333333333333,2,5.1764362714980825,70.66250196097344,22,3,11,-0.5000000000000004,0.8660254037844384,0.4338837391175582,-0.900968867902419,-0.5000000000000004,0.8660254037844384,0.0,0.0,0.0,9.4,25.2,100.0,76.0,-3.7,3.7106144,0.3,0.1,19.17777779,33.3,34.0,34.0,34.38333333333333,33.1,-17.235333306666668,-0.1611111333333283,0.1606666666666667,1.5873333333333333,1.7453333333333334,19.001234566666668,1.58777777777778,5.3998218,5.470551,5.4977345,5.4713264,5.4483895,0,0.0,1,1.0,-0.91,22.4,77.6
2022-11-17 22:15:00,227.246187605554,19.689767927778,19.744488005554,19.17777779,1.7453333333333334,33.1,1,5.1764362714980825,70.66250196097344,22,3,11,-0.5000000000000004,0.8660254037844384,0.4338837391175582,-0.900968867902419,-0.5000000000000004,0.8660254037844384,0.0,0.0,0.0,9.6,24.025,100.0,74.25,-3.85,3.6564891,0.25,0.225,19.04074074,33.18333333333333,33.3,34.0,34.0,32.71666666666667,-17.432444456666666,0.1944444833333314,-0.0026666666666665,1.748,1.614,19.101851845555554,1.6935555555555577,5.4483895,5.3998218,5.470551,5.4977345,5.341949,0,0.0,1,1.0,-0.86,20.7,79.3
2022-11-17 22:30:00,300.305487250002,98.104409,98.167739833332,19.04074074,1.614,32.71666666666667,2,5.1764362714980825,70.66250196097344,22,3,11,-0.5000000000000004,0.8660254037844384,0.4338837391175582,-0.900968867902419,-0.5000000000000004,0.8660254037844384,0.0,0.0,0.0,9.8,22.85,100.0,72.5,-4.0,3.601119,0.2,0.35,19.10000002,33.1,33.18333333333333,33.3,34.0,32.9,-17.42674074,-0.13703705,-0.1313333333333333,1.7453333333333334,1.508,19.06728394555556,1.7024444444444466,5.341949,5.4483895,5.3998218,5.470551,5.390694,0,0.0,1,1.0,-0.9,22.0,78.0
2022-11-17 22:45:00,291.951932588888,97.671093016666,97.73636822222,19.10000002,1.508,32.9,2,5.1764362714980825,70.66250196097344,22,3,11,-0.5000000000000004,0.8660254037844384,0.4338837391175582,-0.900968867902419,-0.5000000000000004,0.8660254037844384,0.0,0.0,0.0,10.0,21.675,100.0,70.75,-4.15,3.5444882,0.15,0.475,19.238888867142855,32.71666666666667,33.1,33.18333333333333,33.3,32.042857142857144,-17.59200002,0.0592592799999991,-0.1060000000000001,1.614,1.5171428571428571,19.106172850000004,1.6224444444444466,5.390694,5.341949,5.4483895,5.3998218,5.2934065,0,0.0,0,1.0,-0.88,21.4,78.6
2022-11-17 23:00:00,224.8876708,54.102558044444,54.15394492222,19.238888867142855,1.5171428571428571,32.042857142857144,1,5.1764362714980825,70.66250196097344,23,3,11,-0.2588190451025215,0.965925826289068,0.4338837391175582,-0.900968867902419,-0.5000000000000004,0.8660254037844384,0.0,0.0,0.0,10.2,20.5,100.0,69.0,-4.3,3.486582,0.1,0.6,19.140873007142854,32.9,32.71666666666667,33.1,33.18333333333333,32.371428571428574,-17.72174601,0.1388888471428586,0.0091428571428573,1.508,1.575,19.12654320904762,1.5463809523809546,5.2934065,5.390694,5.341949,5.4483895,5.316885,0,0.0,1,1.0,-0.85,20.4,79.6
2022-11-17 23:15:00,197.547931083334,129.77953086111,129.795919088888,19.140873007142854,1.575,32.371428571428574,2,5.1764362714980825,70.66250196097344,23,3,11,-0.2588190451025215,0.965925826289068,0.4338837391175582,-0.900968867902419,-0.5000000000000004,0.8660254037844384,0.0,0.0,0.0,11.225,22.75,100.0,69.5,-4.2,3.5239038,0.075,0.65,19.331349220714287,32.042857142857144,32.9,32.71666666666667,33.1,32.107142857142854,-17.56587300714286,-0.0980158600000002,0.0578571428571426,1.5171428571428571,1.6657142857142857,19.159920631428573,1.5333809523809545,5.316885,5.2934065,5.390694,5.341949,5.3329835,0,0.0,1,1.0,-0.88,21.2,78.8
2022-11-17 23:30:00,68.23865926111,0.0,0.0,19.331349220714287,1.6657142857142857,32.107142857142854,0,5.1764362714980825,70.66250196097344,23,3,11,-0.2588190451025215,0.965925826289068,0.4338837391175582,-0.900968867902419,-0.5000000000000004,0.8660254037844384,0.0,0.0,0.0,12.25,25.0,100.0,70.0,-4.1,3.561435,0.05,0.7,19.13888892,32.371428571428574,32.042857142857144,32.9,32.71666666666667,31.9,-17.665634935,0.1904762135714293,0.0907142857142857,1.575,1.7226666666666666,19.23703703166667,1.5859523809523832,5.3329835,5.316885,5.2934065,5.390694,5.2388425,1,1.0,1,0.75,-0.83,19.6,80.4
2022-11-17 23:45:00,179.75975390555,131.79500580555398,131.814171772218,19.13888892,1.7226666666666666,31.9,2,5.1764362714980825,70.66250196097344,23,3,11,-0.2588190451025215,0.965925826289068,0.4338837391175582,-0.900968867902419,-0.5000000000000004,0.8660254037844384,0.0,0.0,0.0,13.275,27.25,100.0,70.5,-4.0,3.5991774,0.0249999999999999,0.75,19.29761902142857,32.107142857142854,32.371428571428574,32.042857142857144,32.9,32.07142857142857,-17.416222253333334,-0.1924603007142877,0.0569523809523808,1.6657142857142857,1.7635714285714286,19.203703715952383,1.6544603174603196,5.2388425,5.3329835,5.316885,5.2934065,5.3164845,0,1.0,1,0.75,-0.88,21.3,78.7
2022-11-18 00:00:00,104.42443402222,47.981691772222,47.989747066664,19.29761902142857,1.7635714285714286,32.07142857142857,1,5.1764362714980825,70.66250196097344,0,4,11,0.0,1.0,-0.433883739117558,-0.9009688679024191,-0.5000000000000004,0.8660254037844384,0.0,0.0,0.0,14.3,29.5,100.0,71.0,-3.9,3.6371317,0.0,0.8,19.2722222,31.9,32.107142857142854,32.371428571428574,32.042857142857144,31.55,-17.534047592857142,0.1587301014285707,0.040904761904762,1.7226666666666666,1.4966666666666666,19.255952387380955,1.717317460317462,5.3164845,5.2388425,5.3329835,5.316885,5.22223,0,1.0,1,0.75,-0.84,19.9,80.1
2022-11-18 00:15:00,132.699414044444,79.574594655556,79.58487206111,19.2722222,1.4966666666666666,31.55,2,5.1764362714980825,70.66250196097344,0,4,11,0.0,1.0,-0.433883739117558,-0.9009688679024191,-0.5000000000000004,0.8660254037844384,0.0,0.0,0.0,13.9,29.875,100.0,72.75,-3.75,3.6760702,0.025,0.6000000000000001,19.188888916666667,32.07142857142857,31.9,32.107142857142854,32.371428571428574,31.966666666666665,-17.775555533333332,-0.025396821428572,-0.266904761904762,1.7635714285714286,1.1186666666666667,19.236243380476196,1.660968253968256,5.22223,5.3164845,5.2388425,5.3329835,5.265285,0,1.0,1,0.75,-0.85,20.2,79.8
2022-11-18 00:30:00,167.894672911108,109.658669044444,109.67339072222,19.188888916666667,1.1186666666666667,31.966666666666665,2,5.1764362714980825,70.66250196097344,0,4,11,0.0,1.0,-0.433883739117558,-0.9009688679024191,-0.5000000000000004,0.8660254037844384,0.0,0.0,0.0,13.5,30.25,100.0,74.5,-3.6,3.7131913,0.05,0.4,19.32777776,31.55,32.07142857142857,31.9,32.107142857142854,31.7,-18.07022225,-0.0833332833333315,-0.3779999999999999,1.4966666666666666,0.7706666666666667,19.252910046031747,1.4596349206349226,5.265285,5.22223,5.3164845,5.2388425,5.26425,0,0.0,0,1.0,-0.87,20.9,79.1
2022-11-18 00:45:00,99.106035716662,41.931656,41.94110012222,19.32777776,0.7706666666666667,31.7,1,5.1764362714980825,70.66250196097344,0,4,11,0.0,1.0,-0.433883739117558,-0.9009688679024191,-0.5000000000000004,0.8660254037844384,0.0,0.0,0.0,13.1,30.625,100.0,76.25,-3.45,3.748529,0.075,0.1999999999999999,19.166666650000003,31.966666666666665,31.55,32.07142857142857,31.9,32.15,-18.557111093333333,0.1388888433333335,-0.348,1.1186666666666667,0.5866666666666667,19.26296295888889,1.1286666666666687,5.26425,5.265285,5.22223,5.3164845,5.2885513,0,0.0,1,1.0,-0.84,19.7,80.3
2022-11-18 01:00:00,190.28572168333,146.16082003333202,146.183041411108,19.166666650000003,0.5866666666666667,32.15,2,5.1764362714980825,70.66250196097344,1,4,11,0.2588190451025207,0.9659258262890684,-0.433883739117558,-0.9009688679024191,-0.5000000000000004,0.8660254037844384,0.0,0.0,0.0,12.7,31.0,100.0,78.0,-3.3,3.7821226,0.1,-0.0,19.39999999,31.7,31.966666666666665,31.55,32.07142857142857,32.1,-18.579999983333337,-0.1611111099999966,-0.184,0.7706666666666667,0.4246666666666667,19.227777775555555,0.8253333333333354,5.2885513,5.26425,5.265285,5.22223,5.353381,0,0.0,1,1.0,-0.87,21.0,79.0
2022-11-18 01:15:00,72.623761550002,31.094311694446,31.105422416666,19.39999999,0.4246666666666667,32.1,1,5.1764362714980825,70.66250196097344,1,4,11,0.2588190451025207,0.9659258262890684,-0.433883739117558,-0.9009688679024191,-0.5000000000000004,0.8660254037844384,0.0,0.0,0.0,13.675,31.7,100.0,77.25,-3.275,3.7911644,0.15,0.175,19.283333326666664,32.15,31.7,31.966666666666665,31.55,31.716666666666665,-18.97533332333333,0.2333333399999979,-0.1619999999999999,0.5866666666666667,0.2626666666666667,19.29814813333333,0.5940000000000021,5.353381,5.2885513,5.26425,5.265285,5.2532544,0,0.0,1,1.0,-0.82,19.1,80.9
2022-11-18 01:30:00,167.441357711108,113.062977333332,113.079365611108,19.283333326666664,0.2626666666666667,31.716666666666665,2,5.1764362714980825,70.66250196097344,1,4,11,0.2588190451025207,0.9659258262890684,-0.433883739117558,-0.9009688679024191,-0.5000000000000004,0.8660254037844384,0.0,0.0,0.0,14.65,32.4,100.0,76.5,-3.25,3.799801,0.2,0.35,19.327777790000003,32.1,32.15,31.7,31.966666666666665,31.95,-19.02066666,-0.116666663333337,-0.1619999999999999,0.4246666666666667,0.1966666666666666,19.283333322222223,0.4246666666666688,5.2532544,5.353381,5.2885513,5.26425,5.3057656,0,0.0,1,1.0,-0.85,20.1,79.9
2022-11-18 01:45:00,140.474936377776,79.247941072222,79.264051544444,19.327777790000003,0.1966666666666666,31.95,2,5.1764362714980825,70.66250196097344,1,4,11,0.2588190451025207,0.9659258262890684,-0.433883739117558,-0.9009688679024191,-0.5000000000000004,0.8660254037844384,0.0,0.0,0.0,15.625,33.099999999999994,100.0,75.75,-3.225,3.808025,0.25,0.5249999999999999,19.332936496428573,31.716666666666665,32.1,32.15,31.7,31.717857142857145,-19.131111123333337,0.0444444633333382,-0.066,0.2626666666666667,0.1571428571428571,19.33703703555556,0.2946666666666688,5.3057656,5.2532544,5.353381,5.2885513,5.2688155,0,0.0,0,1.0,-0.83,19.7,80.3
2022-11-18 02:00:00,100.53681178333,58.938475700000005,58.952086288888,19.332936496428573,0.1571428571428571,31.717857142857145,1,5.1764362714980825,70.66250196097344,2,4,11,0.4999999999999999,0.8660254037844387,-0.433883739117558,-0.9009688679024191,-0.5000000000000004,0.8660254037844384,0.0,0.0,0.0,16.6,33.8,100.0,75.0,-3.2,3.8158233,0.3,0.7,19.10555559,31.95,31.716666666666665,32.1,32.15,32.3,-19.175793639285715,0.0051587064285705,-0.0395238095238095,0.1966666666666666,0.0873333333333333,19.314682537698417,0.2054920634920656,5.2688155,5.3057656,5.2532544,5.353381,5.294117,0,0.0,1,1.0,-0.83,19.7,80.3
2022-11-18 02:15:00,170.81261162222398,127.767111311112,127.78599943889,19.10555559,0.0873333333333333,32.3,2,5.1764362714980825,70.66250196097344,2,4,11,0.4999999999999999,0.8660254037844387,-0.433883739117558,-0.9009688679024191,-0.5000000000000004,0.8660254037844384,0.0,0.0,0.0,17.075,35.25,100.0,74.5,-3.35,3.7774222,0.275,0.6499999999999999,19.14848483818182,31.717857142857145,31.95,31.716666666666665,32.1,32.04545454545455,-19.018222256666668,-0.2273809064285714,-0.0698095238095238,0.1571428571428571,0.049090909090909,19.25542329214286,0.1470476190476211,5.294117,5.2688155,5.3057656,5.2532544,5.2657075,0,0.0,1,1.0,-0.88,21.5,78.5
2022-11-18 02:30:00,112.189401144444,76.5736036,76.586658644444,19.14848483818182,0.049090909090909,32.04545454545455,2,5.1764362714980825,70.66250196097344,2,4,11,0.4999999999999999,0.8660254037844387,-0.433883739117558,-0.9009688679024191,-0.5000000000000004,0.8660254037844384,0.0,0.0,0.0,17.55,36.7,100.0,74.0,-3.5,3.739233,0.25,0.6,19.075925949166667,32.3,31.717857142857145,31.95,31.716666666666665,32.30833333333333,-19.09939392909091,0.0429292481818173,-0.0382424242424242,0.0873333333333333,-0.0249999999999999,19.19565897487013,0.0978556998557019,5.2657075,5.294117,5.2688155,5.3057656,5.2862377,0,0.0,0,1.0,-0.88,21.2,78.8
2022-11-18 02:45:00,141.1760194,104.806085355556,104.823584655556,19.075925949166667,-0.0249999999999999,32.30833333333333,2,5.1764362714980825,70.66250196097344,2,4,11,0.4999999999999999,0.8660254037844387,-0.433883739117558,-0.9009688679024191,-0.5000000000000004,0.8660254037844384,0.0,0.0,0.0,18.025,38.15,100.0,73.5,-3.65,3.7012568,0.225,0.55,19.27407405,32.04545454545455,32.3,31.717857142857145,31.95,31.85,-19.100925949166665,-0.072558889015152,-0.0740909090909091,0.049090909090909,-0.0473333333333333,19.109988792449496,0.0371414141414162,5.2862377,5.2657075,5.294117,5.2688155,5.272463,0,0.0,0,1.0,-0.89,21.8,78.2
2022-11-18 03:00:00,59.290406072222,0.0,0.0,19.27407405,-0.0473333333333333,31.85,0,5.1764362714980825,70.66250196097344,3,4,11,0.7071067811865476,0.7071067811865476,-0.433883739117558,-0.9009688679024191,-0.5000000000000004,0.8660254037844384,0.0,0.0,0.0,18.5,39.6,100.0,73.0,-3.8,3.6634908,0.2,0.5,19.03888886,32.30833333333333,32.04545454545455,32.3,31.717857142857145,31.85,-19.321407383333334,0.1981481008333325,-0.0223333333333333,-0.0249999999999999,-0.11,19.166161612449496,-0.0077474747474726,5.272463,5.2862377,5.2657075,5.294117,5.1998734,1,1.0,1,0.75,-0.85,20.2,79.8
2022-11-18 03:15:00,187.96970324444,130.055353144444,130.07507462222,19.03888886,-0.11,31.85,2,5.1764362714980825,70.66250196097344,3,4,11,0.7071067811865476,0.7071067811865476,-0.433883739117558,-0.9009688679024191,-0.5000000000000004,0.8660254037844384,0.0,0.0,0.0,18.4,39.7,100.0,72.5,-3.95,3.6259341,0.175,0.45,19.190740746666663,31.85,32.30833333333333,32.04545454545455,32.3,31.816666666666663,-19.14888886,-0.2351851899999992,-0.0626666666666666,-0.0473333333333333,-0.15,19.129629619722223,-0.0607777777777757,5.1998734,5.272463,5.2862377,5.2657075,5.2411504,0,1.0,1,0.75,-0.9,22.2,77.8
2022-11-18 03:30:00,141.64100096666002,101.831759933332,101.849259249998,19.190740746666663,-0.15,31.816666666666663,2,5.1764362714980825,70.66250196097344,3,4,11,0.7071067811865476,0.7071067811865476,-0.433883739117558,-0.9009688679024191,-0.5000000000000004,0.8660254037844384,0.0,0.0,0.0,18.3,39.8,100.0,72.0,-4.1,3.5885875,0.15,0.4,19.34444441,31.85,31.85,32.30833333333333,32.04545454545455,31.2,-19.340740746666665,0.151851886666666,-0.0399999999999999,-0.11,-0.1613333333333333,19.16790121888889,-0.1024444444444423,5.2411504,5.1998734,5.272463,5.2862377,5.186304,0,1.0,0,0.75,-0.87,20.9,79.1
2022-11-18 03:45:00,106.160475727774,66.430676,66.44511990555401,19.34444441,-0.1613333333333333,31.2,1,5.1764362714980825,70.66250196097344,3,4,11,0.7071067811865476,0.7071067811865476,-0.433883739117558,-0.9009688679024191,-0.5000000000000004,0.8660254037844384,0.0,0.0,0.0,18.200000000000003,39.9,100.0,71.5,-4.25,3.551448,0.125,0.35,19.187037036666663,31.816666666666663,31.85,31.85,32.30833333333333,31.466666666666665,-19.505777743333333,0.153703663333335,-0.0113333333333333,-0.15,-0.05,19.19135800555556,-0.1404444444444423,5.186304,5.2411504,5.1998734,5.272463,5.182363,0,1.0,1,0.75,-0.83,19.7,80.3
2022-11-18 04:00:00,496.051546044444,163.177083772222,163.199860644444,19.187037036666663,-0.05,31.466666666666665,2,5.1764362714980825,70.66250196097344,4,4,11,0.8660254037844386,0.5000000000000001,-0.433883739117558,-0.9009688679024191,-0.5000000000000004,0.8660254037844384,0.0,0.0,0.0,18.1,40.0,100.0,71.0,-4.4,3.514517,0.1,0.3,19.40555556,31.2,31.816666666666663,31.85,31.85,31.15,-19.237037036666667,-0.157407373333335,0.1113333333333333,-0.1613333333333333,0.036,19.240740731111117,-0.1204444444444423,5.182363,5.186304,5.2411504,5.1998734,5.196647,0,0.0,1,1.0,-0.87,21.0,79.0
2022-11-18 04:15:00,69.642491888892,12.816709511112,12.826153550002,19.40555556,0.036,31.15,1,5.1764362714980825,70.66250196097344,4,4,11,0.8660254037844386,0.5000000000000001,-0.433883739117558,-0.9009688679024191,-0.5000000000000004,0.8660254037844384,0.0,0.0,0.0,17.700000000000003,39.55,93.5,70.25,-4.575,3.4654593,0.075,0.25,19.19999998333333,31.466666666666665,31.2,31.816666666666663,31.85,31.183333333333334,-19.36955556,0.2185185233333335,0.086,-0.05,0.052,19.31234566888889,-0.0584444444444423,5.196647,5.182363,5.186304,5.2411504,5.1396246,0,0.0,1,1.0,-0.82,19.2,80.8
2022-11-18 04:30:00,178.846179333328,129.445655316666,129.46676562222,19.19999998333333,0.052,31.183333333333334,2,5.1764362714980825,70.66250196097344,4,4,11,0.8660254037844386,0.5000000000000001,-0.433883739117558,-0.9009688679024191,-0.5000000000000004,0.8660254037844384,0.0,0.0,0.0,17.3,39.1,87.0,69.5,-4.75,3.4166923,0.05,0.2,19.2388889,31.15,31.466666666666665,31.2,31.816666666666663,31.45,-19.14799998333333,-0.205555576666665,0.016,0.036,0.024,19.264197526666667,0.0126666666666687,5.1396246,5.196647,5.182363,5.186304,5.195468,0,0.0,1,1.0,-0.87,20.9,79.1
2022-11-18 04:45:00,194.149178122224,146.500250872222,146.520250072222,19.2388889,0.024,31.45,2,5.1764362714980825,70.66250196097344,4,4,11,0.8660254037844386,0.5000000000000001,-0.433883739117558,-0.9009688679024191,-0.5000000000000004,0.8660254037844384,0.0,0.0,0.0,16.9,38.650000000000006,80.5,68.75,-4.925,3.3682144,0.0249999999999999,0.15,19.27962963333333,31.183333333333334,31.15,31.466666666666665,31.2,31.03333333333333,-19.2148889,0.0388889166666643,-0.028,0.052,0.02,19.28148148111111,0.0373333333333354,5.195468,5.1396246,5.196647,5.182363,5.138952,0,0.0,0,1.0,-0.86,20.5,79.5
2022-11-18 05:00:00,139.253318611108,95.198969672222,95.214802405554,19.27962963333333,0.02,31.03333333333333,2,5.1764362714980825,70.66250196097344,5,4,11,0.9659258262890684,0.2588190451025207,-0.433883739117558,-0.9009688679024191,-0.5000000000000004,0.8660254037844384,0.0,0.0,0.0,16.5,38.2,74.0,68.0,-5.1,3.3200238,0.0,0.1,19.06666666,31.45,31.183333333333334,31.15,31.466666666666665,31.3,-19.259629633333333,0.0407407333333331,-0.004,0.024,-0.08,19.239506172222224,0.032000000000002,5.138952,5.195468,5.1396246,5.196647,5.118459,0,0.0,0,1.0,-0.85,20.3,79.7
2022-11-18 05:15:00,192.865896155556,152.550008872222,152.57195246111002,19.06666666,-0.08,31.3,2,5.1764362714980825,70.66250196097344,5,4,11,0.9659258262890684,0.2588190451025207,-0.433883739117558,-0.9009688679024191,-0.5000000000000004,0.8660254037844384,0.0,0.0,0.0,16.825,37.75,61.5,66.75,-5.475,3.2366245,0.0,0.0,19.372222203333333,31.03333333333333,31.45,31.183333333333334,31.15,30.85,-19.14666666,-0.2129629733333331,-0.1,0.02,-0.1146666666666666,19.19506173111111,-0.0119999999999979,5.118459,5.138952,5.195468,5.1396246,5.1365147,0,0.0,0,1.0,-0.9,22.0,78.0
2022-11-18 05:30:00,147.175779416666,89.646414,89.662524472222,19.372222203333333,-0.1146666666666666,30.85,2,5.1764362714980825,70.66250196097344,5,4,11,0.9659258262890684,0.2588190451025207,-0.433883739117558,-0.9009688679024191,-0.5000000000000004,0.8660254037844384,0.0,0.0,0.0,17.15,37.3,49.0,65.5,-5.85,3.1541948,0.0,-0.1,19.35555554,31.3,31.03333333333333,31.45,31.183333333333334,30.5,-19.48688887,0.3055555433333339,-0.0346666666666666,-0.08,-0.2773333333333333,19.23950616555556,-0.0582222222222201,5.1365147,5.118459,5.138952,5.195468,5.0732613,0,0.0,0,1.0,-0.83,19.5,80.5
2022-11-18 05:45:00,111.587480838886,50.849910372222,50.862409955552,19.35555554,-0.2773333333333333,30.5,1,5.1764362714980825,70.66250196097344,5,4,11,0.9659258262890684,0.2588190451025207,-0.433883739117558,-0.9009688679024191,-0.5000000000000004,0.8660254037844384,0.0,0.0,0.0,17.475,36.85,36.5,64.25,-6.225,3.0727274,0.0,-0.2,19.1351852,30.85,31.3,31.03333333333333,31.45,30.683333333333334,-19.632888873333336,-0.0166666633333321,-0.1626666666666666,-0.1146666666666666,-0.444,19.26481480111111,-0.1573333333333312,5.0732613,5.1365147,5.118459,5.138952,5.0379314,0,0.0,1,1.0,-0.84,19.8,80.2
2022-11-18 06:00:00,195.919940705554,156.75622950000002,156.779561916666,19.1351852,-0.444,30.683333333333334,2,5.1764362714980825,70.66250196097344,6,4,11,1.0,6.123233995736766e-17,-0.433883739117558,-0.9009688679024191,-0.5000000000000004,0.8660254037844384,0.0,0.0,0.0,17.8,36.4,24.0,63.0,-6.6,2.9922135,0.0,-0.3,19.40555555,30.5,30.85,31.3,31.03333333333333,30.6,-19.5791852,-0.2203703399999987,-0.1666666666666666,-0.2773333333333333,-0.318,19.28765431444445,-0.2786666666666646,5.0379314,5.0732613,5.1365147,5.118459,5.1048927,0,0.0,1,1.0,-0.89,21.6,78.4
2022-11-18 06:15:00,87.132625655556,45.029309888888,45.040142805554,19.40555555,-0.318,30.6,1,5.1764362714980825,70.66250196097344,6,4,11,1.0,6.123233995736766e-17,-0.433883739117558,-0.9009688679024191,-0.5000000000000004,0.8660254037844384,0.0,0.0,0.0,18.125,37.2,39.0,63.0,-6.699999999999999,2.9613485,0.0,-0.45,19.314814833333333,30.683333333333334,30.5,30.85,31.3,30.216666666666665,-19.72355555,0.2703703499999967,0.126,-0.444,0.288,19.29876543,-0.3464444444444424,5.1048927,5.0379314,5.0732613,5.1365147,5.014093,0,0.0,1,1.0,-0.82,19.3,80.7
2022-11-18 06:30:00,173.413618744444,123.843657188888,123.86254538333,19.314814833333333,0.288,30.216666666666665,2,5.1764362714980825,70.66250196097344,6,4,11,1.0,6.123233995736766e-17,-0.433883739117558,-0.9009688679024191,-0.5000000000000004,0.8660254037844384,0.0,0.0,0.0,18.450000000000003,38.0,54.0,63.0,-6.8,2.9307628,0.0,-0.6000000000000001,19.33333335,30.6,30.683333333333334,30.5,30.85,30.45,-19.026814833333333,-0.0907407166666658,0.6060000000000001,-0.318,0.6886666666666666,19.28518519444445,-0.1579999999999979,5.014093,5.1048927,5.0379314,5.0732613,5.0583234,0,0.0,1,1.0,-0.85,20.1,79.9
2022-11-18 06:45:00,154.443266455556,108.562601772222,108.581212144444,19.33333335,0.6886666666666666,30.45,2,5.1764362714980825,70.66250196097344,6,4,11,1.0,6.123233995736766e-17,-0.433883739117558,-0.9009688679024191,-0.5000000000000004,0.8660254037844384,0.0,0.0,0.0,18.775,38.8,69.0,63.0,-6.9,2.9004555,0.0,-0.75,19.37037038333333,30.216666666666665,30.6,30.683333333333334,30.5,30.03333333333333,-18.64466668333333,0.0185185166666634,0.4006666666666666,0.288,-0.244,19.351234577777777,0.2195555555555576,5.0583234,5.014093,5.1048927,5.0379314,4.999995,0,0.0,0,1.0,-0.84,19.9,80.1
2022-11-18 07:00:00,109.1056356,54.055893211112,54.069781555556,19.37037038333333,-0.244,30.03333333333333,1,5.1764362714980825,70.66250196097344,7,4,11,0.9659258262890684,-0.2588190451025206,-0.433883739117558,-0.9009688679024191,-0.5000000000000004,0.8660254037844384,0.0,0.0,0.0,19.1,39.6,84.0,63.0,-7.0,2.8704228,0.0,-0.9,19.12222226,30.45,30.216666666666665,30.6,30.683333333333334,30.3,-19.61437038333333,0.0370370333333376,-0.9326666666666666,0.6886666666666666,-0.4653333333333333,19.339506188888887,0.2442222222222243,4.999995,5.0583234,5.014093,5.1048927,4.971192,0,0.0,1,1.0,-0.84,19.7,80.3
2022-11-18 07:15:00,217.713235655552,160.686072316666,160.710238033332,19.12222226,-0.4653333333333333,30.3,2,5.1764362714980825,70.66250196097344,7,4,11,0.9659258262890684,-0.2588190451025206,-0.433883739117558,-0.9009688679024191,-0.5000000000000004,0.8660254037844384,0.0,0.0,0.0,19.05,39.7,70.5,64.75,-6.75,2.9297357,0.0,-1.0,19.40740741666667,30.03333333333333,30.45,30.216666666666665,30.6,29.85,-19.58755559333333,-0.2481481233333333,-0.2213333333333333,-0.244,-0.2366666666666667,19.275308664444445,-0.0068888888888868,4.971192,4.999995,5.0583234,5.014093,4.9803143,0,0.0,1,1.0,-0.89,21.8,78.2
2022-11-18 07:30:00,92.804065555552,53.012879366668,53.026767711112,19.40740741666667,-0.2366666666666667,29.85,1,5.1764362714980825,70.66250196097344,7,4,11,0.9659258262890684,-0.2588190451025206,-0.433883739117558,-0.9009688679024191,-0.5000000000000004,0.8660254037844384,0.0,0.0,0.0,19.0,39.8,57.0,66.5,-6.5,2.9880714,0.0,-1.1,19.26111113,30.3,30.03333333333333,30.45,30.216666666666665,29.55,-19.644074083333336,0.2851851566666674,0.2286666666666666,-0.4653333333333333,-0.114,19.30000002,-0.3153333333333313,4.9803143,4.971192,4.999995,5.0583234,4.8879857,0,0.0,1,1.0,-0.83,19.5,80.5
2022-11-18 07:45:00,140.609097761106,101.233450533332,101.252060938886,19.26111113,-0.114,29.55,2,5.1764362714980825,70.66250196097344,7,4,11,0.9659258262890684,-0.2588190451025206,-0.433883739117558,-0.9009688679024191,-0.5000000000000004,0.8660254037844384,0.0,0.0,0.0,18.95,39.9,43.5,68.25,-6.25,3.0454407,0.0,-1.2000000000000002,19.19629628,29.85,30.3,30.03333333333333,30.45,29.966666666666665,-19.37511113,-0.1462962866666686,0.1226666666666666,-0.2366666666666667,-0.056,19.26358026888889,-0.2719999999999979,4.8879857,4.9803143,4.971192,4.999995,4.9380174,0,0.0,1,1.0,-0.86,20.7,79.3
2022-11-18 08:00:00,210.352696755552,162.653771372222,162.67738156111,19.19629628,-0.056,29.966666666666665,2,5.1764362714980825,70.66250196097344,8,4,11,0.8660254037844387,-0.4999999999999998,-0.433883739117558,-0.9009688679024191,-0.5000000000000004,0.8660254037844384,0.0,0.0,0.0,18.9,40.0,30.0,70.0,-6.0,3.1018524,0.0,-1.3,19.3833333,29.55,29.85,30.3,30.03333333333333,29.3,-19.252296280000003,-0.0648148499999976,0.058,-0.114,0.208,19.28827160888889,-0.1355555555555535,4.9380174,4.8879857,4.9803143,4.971192,4.8816304,0,0.0,0,1.0,-0.88,21.2,78.8
2022-11-18 08:15:00,77.84105281667,21.960788166668,21.971898855556,19.3833333,0.208,29.3,1,5.1764362714980825,70.66250196097344,8,4,11,0.8660254037844387,-0.4999999999999998,-0.433883739117558,-0.9009688679024191,-0.5000000000000004,0.8660254037844384,10.75,2.6875,0.8958333333333334,18.975,40.25,47.5,69.5,-6.025,3.1012177,0.0,-1.2,19.144444476666667,29.966666666666665,29.55,29.85,30.3,29.183333333333334,-19.1753333,0.1870370199999982,0.264,-0.056,0.3886666666666666,19.28024690333333,0.0126666666666687,4.8816304,4.9380174,4.8879857,4.9803143,4.794262,0,0.0,1,1.0,-0.84,19.8,80.2
2022-11-18 08:30:00,191.77093985556,137.583940855556,137.606162183334,19.144444476666667,0.3886666666666666,29.183333333333334,2,5.1764362714980825,70.66250196097344,8,4,11,0.8660254037844387,-0.4999999999999998,-0.433883739117558,-0.9009688679024191,-0.5000000000000004,0.8660254037844384,21.5,8.0625,2.6875,19.05,40.5,65.0,69.0,-6.05,3.1004047,0.0,-1.1,19.25555555,29.3,29.966666666666665,29.55,29.85,29.4,-18.75577781,-0.2388888233333332,0.1806666666666666,0.208,0.7293333333333333,19.24135801888889,0.1802222222222242,4.794262,4.8816304,4.9380174,4.8879857,4.8615828,0,0.0,1,1.0,-0.89,21.8,78.2
2022-11-18 08:45:00,139.681079150002,94.370113911112,94.3870577,19.25555555,0.7293333333333333,29.4,2,5.1764362714980825,70.66250196097344,8,4,11,0.8660254037844387,-0.4999999999999998,-0.433883739117558,-0.9009688679024191,-0.5000000000000004,0.8660254037844384,32.25,16.125,5.375,19.125,40.75,82.5,68.5,-6.074999999999999,3.0994115,0.0,-1.0,19.28333333333333,29.183333333333334,29.3,29.966666666666665,29.55,28.566666666666663,-18.526222216666667,0.1111110733333333,0.3406666666666666,0.3886666666666666,0.61,19.26111110888889,0.4420000000000019,4.8615828,4.794262,4.8816304,4.9380174,4.731517,0,0.0,0,1.0,-0.87,20.8,79.2
2022-11-18 09:00:00,120.176581611112,75.36226313889,75.378373611112,19.28333333333333,0.61,28.566666666666663,2,5.1764362714980825,70.66250196097344,9,4,11,0.7071067811865476,-0.7071067811865475,-0.433883739117558,-0.9009688679024191,-0.5000000000000004,0.8660254037844384,43.0,26.875,8.958333333333334,19.2,41.0,100.0,68.0,-6.1,3.0982342,0.0,-0.9,19.13333332,29.4,29.183333333333334,29.3,29.966666666666665,28.85,-18.673333333333336,0.0277777833333345,-0.1193333333333332,0.7293333333333333,0.8106666666666666,19.227777786666667,0.576000000000002,4.731517,4.8615828,4.794262,4.8816304,4.7363987,0,0.0,0,1.0,-0.86,20.7,79.3
2022-11-18 09:15:00,213.853667777776,174.717455488888,174.743843366664,19.13333332,0.8106666666666666,28.85,2,5.1764362714980825,70.66250196097344,9,4,11,0.7071067811865476,-0.7071067811865475,-0.433883739117558,-0.9009688679024191,-0.5000000000000004,0.8660254037844384,65.25,40.5,14.395833333333334,19.55,41.725,96.25,66.5,-6.15,3.0882308,0.0,-0.625,19.31851848666667,28.566666666666663,29.4,29.183333333333334,29.3,28.633333333333333,-18.322666653333336,-0.150000013333333,0.2006666666666666,0.61,0.8953333333333333,19.22407406777778,0.7166666666666686,4.7363987,4.731517,4.8615828,4.794262,4.7523937,0,0.0,0,1.0,-0.9,22.0,78.0
2022-11-18 09:30:00,66.69372114444,24.577905727778003,24.588460855556,19.31851848666667,0.8953333333333333,28.633333333333333,1,5.1764362714980825,70.66250196097344,9,4,11,0.7071067811865476,-0.7071067811865475,-0.433883739117558,-0.9009688679024191,-0.5000000000000004,0.8660254037844384,87.5,57.0,21.6875,19.9,42.45,92.5,65.0,-6.199999999999999,3.0765574,0.0,-0.35,19.13333335,28.85,28.566666666666663,29.4,29.183333333333334,28.4,-18.423185153333336,0.1851851666666668,0.0846666666666666,0.8106666666666666,0.9693333333333332,19.24506171333333,0.772000000000002,4.7523937,4.7363987,4.731517,4.8615828,4.662521,0,0.0,1,1.0,-0.85,20.4,79.6
2022-11-18 09:45:00,177.859274211112,115.39927276111,115.418438677776,19.13333335,0.9693333333333332,28.4,2,5.1764362714980825,70.66250196097344,9,4,11,0.7071067811865476,-0.7071067811865475,-0.433883739117558,-0.9009688679024191,-0.5000000000000004,0.8660254037844384,109.75,76.375,30.83333333333333,20.25,43.175,88.75,63.5,-6.25,3.0631602,0.0,-0.0749999999999999,19.044444443333337,28.633333333333333,28.85,28.566666666666663,29.4,28.78333333333333,-18.164000016666662,-0.1851851366666714,0.0739999999999999,0.8953333333333333,0.9626666666666668,19.19506171888889,0.8917777777777798,4.662521,4.7523937,4.7363987,4.731517,4.7007456,0,0.0,1,1.0,-0.9,22.0,78.0
2022-11-18 10:00:00,177.283463977776,122.911194472222,122.93230476111,19.044444443333337,0.9626666666666668,28.78333333333333,2,5.1764362714980825,70.66250196097344,10,4,11,0.4999999999999999,-0.8660254037844387,-0.433883739117558,-0.9009688679024191,-0.5000000000000004,0.8660254037844384,132.0,98.625,41.833333333333336,20.6,43.9,85.0,62.0,-6.3,3.0479844,0.0,0.2,18.9833333,28.4,28.633333333333333,28.85,28.566666666666663,28.6,-18.08177777666667,-0.0888889066666607,-0.0066666666666665,0.9693333333333332,0.7993333333333333,19.165432093333333,0.9424444444444464,4.7007456,4.662521,4.7523937,4.7363987,4.6539903,0,0.0,0,1.0,-0.92,22.8,77.2
2022-11-18 10:15:00,146.439142299996,107.4065369,107.426813938886,18.9833333,0.7993333333333333,28.6,2,5.1764362714980825,70.66250196097344,10,4,11,0.4999999999999999,-0.8660254037844387,-0.433883739117558,-0.9009688679024191,-0.5000000000000004,0.8660254037844384,173.0,125.5625,56.25,21.0,44.975,69.0,61.0,-6.25,3.050786,0.0,0.45,18.96296295333333,28.78333333333333,28.4,28.633333333333333,28.85,29.433333333333334,-18.18399996666667,-0.0611111433333348,-0.1633333333333333,0.9626666666666668,0.4326666666666667,19.053703697777777,0.9104444444444464,4.6539903,4.7007456,4.662521,4.7523937,4.78384,0,0.0,0,1.0,-0.93,23.3,76.7
2022-11-18 10:30:00,234.645613700004,176.733763666668,176.756818294446,18.96296295333333,0.4326666666666667,29.433333333333334,2,5.1764362714980825,70.66250196097344,10,4,11,0.4999999999999999,-0.8660254037844387,-0.433883739117558,-0.9009688679024191,-0.5000000000000004,0.8660254037844384,214.0,157.1875,74.08333333333333,21.4,46.05,53.0,60.0,-6.199999999999999,3.0526588,0.0,0.7,19.33888887,28.6,28.78333333333333,28.4,28.633333333333333,29.25,-18.530296286666665,-0.0203703466666702,-0.3666666666666666,0.7993333333333333,0.2326666666666667,18.99691356555556,0.7315555555555576,4.78384,4.6539903,4.7007456,4.662521,4.8605695,0,0.0,0,1.0,-0.93,23.3,76.7
2022-11-18 10:45:00,315.796534449994,14.119712955556,14.13415686111,19.33888887,0.2326666666666667,29.25,1,5.1764362714980825,70.66250196097344,10,4,11,0.4999999999999999,-0.8660254037844387,-0.433883739117558,-0.9009688679024191,-0.5000000000000004,0.8660254037844384,255.0,193.5,95.33333333333331,21.8,47.125,37.0,59.0,-6.15,3.0535736,0.0,0.95,19.196296276666665,29.433333333333334,28.6,28.78333333333333,28.4,30.116666666666667,-19.10622220333333,0.3759259166666702,-0.2,0.4326666666666667,0.6446666666666666,19.09506170777778,0.4882222222222243,4.8605695,4.78384,4.6539903,4.7007456,4.962735,0,0.0,1,1.0,-0.85,20.1,79.9
2022-11-18 11:00:00,424.319415444444,0.0,0.0,19.196296276666665,0.6446666666666666,30.116666666666667,0,5.1764362714980825,70.66250196097344,11,4,11,0.258819045102521,-0.9659258262890682,-0.433883739117558,-0.9009688679024191,-0.5000000000000004,0.8660254037844384,296.0,234.5,120.0,22.2,48.2,21.0,58.0,-6.1,3.0535016,0.0,1.2,19.03888889,29.25,29.433333333333334,28.6,28.78333333333333,30.9,-18.55162961,-0.1425925933333367,0.4119999999999999,0.2326666666666667,1.0653333333333337,19.166049366666662,0.4366666666666687,4.962735,4.8605695,4.78384,4.6539903,5.044775,1,1.0,1,0.75,-0.87,21.2,78.8
2022-11-18 11:15:00,170.869831649998,89.95501273889,89.970289944444,19.03888889,1.0653333333333337,30.9,2,5.1764362714980825,70.66250196097344,11,4,11,0.258819045102521,-0.9659258262890682,-0.433883739117558,-0.9009688679024191,-0.5000000000000004,0.8660254037844384,325.75,272.6875,146.25,22.975,50.275000000000006,32.0,57.5,-6.05,3.0687244,0.0,1.4,19.133333366666665,30.116666666666667,29.25,29.433333333333334,28.6,31.28333333333333,-17.973555556666664,-0.1574073866666658,0.4206666666666668,0.6446666666666666,1.4826666666666668,19.191358012222224,0.6475555555555575,5.044775,4.962735,4.8605695,4.78384,5.135887,0,1.0,1,0.75,-0.91,22.4,77.6
2022-11-18 11:30:00,166.897490533332,105.383562255556,105.398839444444,19.133333366666665,1.4826666666666668,31.28333333333333,2,5.1764362714980825,70.66250196097344,11,4,11,0.258819045102521,-0.9659258262890682,-0.433883739117558,-0.9009688679024191,-0.5000000000000004,0.8660254037844384,355.5,308.0625,174.08333333333334,23.75,52.35,43.0,57.0,-6.0,3.083719,0.0,1.6,19.26111113,30.9,30.116666666666667,29.25,29.433333333333334,30.45,-17.6506667,0.0944444766666663,0.4173333333333333,1.0653333333333337,1.7546666666666666,19.12283951111111,1.0642222222222244,5.135887,5.044775,4.962735,4.8605695,5.0368586,0,1.0,0,0.75,-0.88,21.5,78.5
2022-11-18 11:45:00,699.228974255552,38.1709731,38.18375042222,19.26111113,1.7546666666666666,30.45,1,5.1764362714980825,70.66250196097344,11,4,11,0.258819045102521,-0.9659258262890682,-0.433883739117558,-0.9009688679024191,-0.5000000000000004,0.8660254037844384,385.25,340.625,203.5,24.525,54.425,54.0,56.5,-5.95,3.0984776,0.0,1.8,19.1425926,31.28333333333333,30.9,30.116666666666667,29.25,32.13333333333333,-17.506444463333334,0.1277777633333343,0.2719999999999998,1.4826666666666668,1.4513333333333334,19.144444462222225,1.434222222222224,5.0368586,5.135887,5.044775,4.962735,5.2783146,0,1.0,1,0.75,-0.86,20.5,79.5
2022-11-18 12:00:00,251.292170144444,137.279230811112,137.3011744,19.1425926,1.4513333333333334,32.13333333333333,2,5.1764362714980825,70.66250196097344,12,4,11,1.2246467991473532e-16,-1.0,-0.433883739117558,-0.9009688679024191,-0.5000000000000004,0.8660254037844384,415.0,370.375,234.5,25.3,56.5,65.0,56.0,-5.9,3.1129918,0.0,2.0,19.25555555,30.45,31.28333333333333,30.9,30.116666666666667,33.95,-17.691259266666666,-0.1185185299999993,-0.3033333333333332,1.7546666666666666,1.4253333333333331,19.179012365555558,1.5628888888888912,5.2783146,5.0368586,5.135887,5.044775,5.613971,0,0.0,1,1.0,-0.88,21.2,78.8
2022-11-18 12:15:00,184.172910672218,0.0,0.0,19.25555555,1.4253333333333331,33.95,0,5.1764362714980825,70.66250196097344,12,4,11,1.2246467991473532e-16,-1.0,-0.433883739117558,-0.9009688679024191,-0.5000000000000004,0.8660254037844384,422.5,394.5625,264.2708333333333,24.575,56.95,71.25,55.75,-5.875,3.1201549,0.0,2.1,19.01296299,32.13333333333333,30.45,31.28333333333333,30.9,35.11666666666667,-17.830222216666666,0.11296295,-0.026,1.4513333333333334,1.73,19.21975309333333,1.5437777777777797,5.613971,5.2783146,5.0368586,5.135887,5.7244277,1,1.0,1,0.75,-0.84,19.9,80.1
2022-11-18 12:30:00,520.9061075722141,17.0434849,17.052651233332,19.01296299,1.73,35.11666666666667,1,5.1764362714980825,70.66250196097344,12,4,11,1.2246467991473532e-16,-1.0,-0.433883739117558,-0.9009688679024191,-0.5000000000000004,0.8660254037844384,430.0,413.1875,292.8125,23.85,57.4,77.5,55.5,-5.85,3.1272533,0.0,2.2,18.830158747142857,33.95,32.13333333333333,30.45,31.28333333333333,36.29642857142857,-17.282962989999998,-0.242592560000002,0.3046666666666666,1.4253333333333331,1.7764285714285717,19.137037046666663,1.5355555555555576,5.7244277,5.613971,5.2783146,5.0368586,5.8532114,0,1.0,1,0.75,-0.89,21.7,78.3
2022-11-18 12:45:00,215.193336372222,132.341650555556,132.360538733332,18.830158747142857,1.7764285714285717,36.29642857142857,2,5.1764362714980825,70.66250196097344,12,4,11,1.2246467991473532e-16,-1.0,-0.433883739117558,-0.9009688679024191,-0.5000000000000004,0.8660254037844384,437.5,426.25,320.125,23.125,57.85,83.75,55.25,-5.825,3.1342874,0.0,2.3,19.06666666,35.11666666666667,33.95,32.13333333333333,30.45,36.6,-17.053730175714286,-0.1828042428571414,0.0464285714285714,1.73,1.946,19.03289242904762,1.6439206349206368,5.8532114,5.7244277,5.613971,5.2783146,5.9851627,0,1.0,1,0.75,-0.93,23.1,76.9
2022-11-18 13:00:00,300.424926955556,140.744092227778,140.76048052222,19.06666666,1.946,36.6,2,5.1764362714980825,70.66250196097344,13,4,11,-0.2588190451025208,-0.9659258262890684,-0.433883739117558,-0.9009688679024191,-0.5000000000000004,0.8660254037844384,445.0,433.75,346.2083333333333,22.4,58.3,90.0,55.0,-5.8,3.1412547,0.0,2.4,19.29444442,36.29642857142857,35.11666666666667,33.95,32.13333333333333,35.2,-17.120666659999998,0.2365079128571423,0.1695714285714284,1.7764285714285717,2.074,18.969929465714287,1.8174761904761925,5.9851627,5.8532114,5.7244277,5.613971,5.834017,0,1.0,0,0.75,-0.87,21.0,79.0
2022-11-18 13:15:00,167.07470572777402,62.654438155556,62.667215477776,19.29444442,2.074,35.2,1,5.1764362714980825,70.66250196097344,13,4,11,-0.2588190451025208,-0.9659258262890684,-0.433883739117558,-0.9009688679024191,-0.5000000000000004,0.8660254037844384,432.25,436.1875,367.8125,22.0,56.875,89.0,54.25,-5.925,3.108896,0.025,2.45,19.15925925333333,36.6,36.29642857142857,35.11666666666667,33.95,34.06666666666667,-17.22044442,0.2277777599999986,0.1279999999999999,1.946,1.9806666666666668,19.06375660904762,1.9321428571428596,5.834017,5.9851627,5.8532114,5.7244277,5.601389,0,0.0,1,1.0,-0.82,19.4,80.6
2022-11-18 13:30:00,117.021152399996,53.623410544444,53.63646562222,19.15925925333333,1.9806666666666668,34.06666666666667,1,5.1764362714980825,70.66250196097344,13,4,11,-0.2588190451025208,-0.9659258262890684,-0.433883739117558,-0.9009688679024191,-0.5000000000000004,0.8660254037844384,419.5,433.5625,384.9375,21.6,55.45,88.0,53.5,-6.05,3.0762787,0.05,2.5,18.84444444,35.2,36.6,36.29642857142857,35.11666666666667,32.0,-17.178592586666667,-0.1351851666666625,-0.093333333333333,2.074,1.806,19.173456777777776,2.000222222222224,5.601389,5.834017,5.9851627,5.8532114,5.164722,0,0.0,0,1.0,-0.86,20.7,79.3
2022-11-18 13:45:00,213.404518961114,147.15855785555598,147.18105693889,18.84444444,1.806,32.0,2,5.1764362714980825,70.66250196097344,13,4,11,-0.2588190451025208,-0.9659258262890684,-0.433883739117558,-0.9009688679024191,-0.5000000000000004,0.8660254037844384,406.75,425.875,397.5833333333333,21.2,54.025,87.0,52.75,-6.175,3.0434005,0.075,2.55,19.05555554,34.06666666666667,35.2,36.6,36.29642857142857,32.11666666666667,-17.03844444,-0.314814813333335,-0.1746666666666667,1.9806666666666668,1.6833333333333331,19.099382704444448,1.9535555555555577,5.164722,5.601389,5.834017,5.9851627,5.248567,0,0.0,1,1.0,-0.95,23.9,76.1
2022-11-18 14:00:00,243.836912999992,188.953552672222,188.980218305554,19.05555554,1.6833333333333331,32.11666666666667,2,5.1764362714980825,70.66250196097344,14,4,11,-0.4999999999999997,-0.8660254037844388,-0.433883739117558,-0.9009688679024191,-0.5000000000000004,0.8660254037844384,394.0,413.125,405.75,20.8,52.6,86.0,52.0,-6.3,3.0102615,0.1,2.6,19.51666667,32.0,34.06666666666667,35.2,36.6,32.8,-17.372222206666667,0.2111111000000001,-0.1226666666666667,1.806,1.4546666666666668,19.01975307777778,1.8233333333333352,5.248567,5.164722,5.601389,5.834017,5.50778,0,0.0,0,1.0,-0.9,22.0,78.0
2022-11-18 14:15:00,193.54336903889,139.344703755556,139.3669251,19.51666667,1.4546666666666668,32.8,2,5.1764362714980825,70.66250196097344,14,4,11,-0.4999999999999997,-0.8660254037844388,-0.433883739117558,-0.9009688679024191,-0.5000000000000004,0.8660254037844384,367.75,397.0,409.25,19.825,51.15,88.25,52.5,-6.075,3.0597558,0.075,2.7,19.540740746666664,32.11666666666667,32.0,34.06666666666667,35.2,32.71666666666667,-18.06200000333333,0.461111129999999,-0.2286666666666665,1.6833333333333331,0.86,19.138888883333333,1.648000000000002,5.50778,5.248567,5.164722,5.601389,5.5015664,0,0.0,0,1.0,-0.79,18.0,82.0
2022-11-18 14:30:00,95.9153299,31.380133627778,31.390133227778,19.540740746666664,0.86,32.71666666666667,1,5.1764362714980825,70.66250196097344,14,4,11,-0.4999999999999997,-0.8660254037844388,-0.433883739117558,-0.9009688679024191,-0.5000000000000004,0.8660254037844384,341.5,377.5,408.0833333333333,18.85,49.7,90.5,53.0,-5.85,3.1097643,0.05,2.8,19.19444443,32.8,32.11666666666667,32.0,34.06666666666667,33.4,-18.680740746666665,0.0240740766666647,-0.5946666666666668,1.4546666666666668,0.6253333333333333,19.370987652222222,1.3326666666666689,5.5015664,5.50778,5.248567,5.164722,5.5031734,0,0.0,1,1.0,-0.78,17.9,82.1
2022-11-18 14:45:00,193.988629044444,139.108602066668,139.1319345,19.19444443,0.6253333333333333,33.4,2,5.1764362714980825,70.66250196097344,14,4,11,-0.4999999999999997,-0.8660254037844388,-0.433883739117558,-0.9009688679024191,-0.5000000000000004,0.8660254037844384,315.25,354.625,402.25,17.875,48.25,92.75,53.5,-5.625,3.1602912,0.0249999999999999,2.9,19.32777777333333,32.71666666666667,32.8,32.11666666666667,32.0,33.78333333333333,-18.569111096666663,-0.3462963166666668,-0.2346666666666667,0.86,0.69,19.417283948888887,0.980000000000002,5.5031734,5.5015664,5.50778,5.248567,5.6102176,0,0.0,1,1.0,-0.86,20.5,79.5
2022-11-18 15:00:00,189.57269462222,140.410216666668,140.434382383334,19.32777777333333,0.69,33.78333333333333,2,5.1764362714980825,70.66250196097344,15,4,11,-0.7071067811865471,-0.7071067811865479,-0.433883739117558,-0.9009688679024191,-0.5000000000000004,0.8660254037844384,289.0,328.375,391.75,16.9,46.8,95.0,54.0,-5.4,3.2113402,0.0,3.0,19.39999996,33.4,32.71666666666667,32.8,32.11666666666667,33.3,-18.63777777333333,0.1333333433333337,0.0646666666666666,0.6253333333333333,0.6553333333333333,19.35432098333333,0.7251111111111131,5.6102176,5.5031734,5.5015664,5.50778,5.5535083,0,0.0,0,1.0,-0.82,19.3,80.7
2022-11-18 15:15:00,89.18837678888801,43.620477344444005,43.63381016111,19.39999996,0.6553333333333333,33.3,1,5.1764362714980825,70.66250196097344,15,4,11,-0.7071067811865471,-0.7071067811865479,-0.433883739117558,-0.9009688679024191,-0.5000000000000004,0.8660254037844384,268.75,303.625,378.9375,16.025,45.45,95.75,58.0,-4.9750000000000005,3.3519444,0.125,2.575,19.23518518,33.78333333333333,33.4,32.71666666666667,32.8,33.2,-18.744666626666664,0.0722221866666679,-0.0346666666666666,0.69,0.646,19.307407387777776,0.656888888888891,5.5535083,5.6102176,5.5031734,5.5015664,5.483367,0,0.0,1,1.0,-0.81,18.9,81.1
2022-11-18 15:30:00,130.682272483334,88.272024511112,88.28952386111,19.23518518,0.646,33.2,2,5.1764362714980825,70.66250196097344,15,4,11,-0.7071067811865471,-0.7071067811865479,-0.433883739117558,-0.9009688679024191,-0.5000000000000004,0.8660254037844384,248.5,280.375,363.8125,15.15,44.1,96.5,62.0,-4.550000000000001,3.4817111,0.25,2.15,19.08888893,33.3,33.78333333333333,33.4,32.71666666666667,33.5,-18.58918518,-0.1648147800000003,-0.0093333333333333,0.6553333333333333,0.642,19.32098763777778,0.6637777777777799,5.483367,5.5535083,5.6102176,5.5031734,5.4854083,0,0.0,1,1.0,-0.85,20.2,79.8
2022-11-18 15:45:00,202.444401783338,156.77733973889,156.802060966668,19.08888893,0.642,33.5,2,5.1764362714980825,70.66250196097344,15,4,11,-0.7071067811865471,-0.7071067811865479,-0.433883739117558,-0.9009688679024191,-0.5000000000000004,0.8660254037844384,228.25,258.625,346.375,14.275,42.75,97.25,66.0,-4.125,3.601078,0.375,1.725,19.40740741666667,33.2,33.3,33.78333333333333,33.4,33.31666666666667,-18.44688893,-0.1462962499999989,-0.004,0.646,0.4653333333333334,19.241358023333333,0.6477777777777799,5.4854083,5.483367,5.5535083,5.6102176,5.558709,0,0.0,0,1.0,-0.88,21.4,78.6
2022-11-18 16:00:00,194.013072450002,135.473469727778,135.495135494446,19.40740741666667,0.4653333333333334,33.31666666666667,2,5.1764362714980825,70.66250196097344,16,4,11,-0.8660254037844385,-0.5000000000000004,-0.433883739117558,-0.9009688679024191,-0.5000000000000004,0.8660254037844384,208.0,238.375,326.625,13.4,41.4,98.0,70.0,-3.7,3.7104743,0.5,1.3,19.47777778,33.5,33.2,33.3,33.78333333333333,33.0,-18.94207408333333,0.3185184866666688,-0.1766666666666666,0.642,0.4033333333333333,19.243827175555555,0.5844444444444465,5.558709,5.4854083,5.483367,5.5535083,5.5287094,0,0.0,0,1.0,-0.81,18.8,81.2
2022-11-18 16:15:00,81.477851822224,24.507353016666,24.518463655556,19.47777778,0.4033333333333333,33.0,1,5.1764362714980825,70.66250196097344,16,4,11,-0.8660254037844385,-0.5000000000000004,-0.433883739117558,-0.9009688679024191,-0.5000000000000004,0.8660254037844384,172.5,214.3125,304.9791666666667,12.55,38.525,98.5,69.0,-3.85,3.6574674,0.4,1.3,19.190740753333333,33.31666666666667,33.5,33.2,33.3,33.0,-19.074444446666668,0.0703703633333319,-0.062,0.4653333333333334,0.368,19.32469137555556,0.5035555555555576,5.5287094,5.558709,5.4854083,5.483367,5.436081,0,0.0,1,1.0,-0.79,18.3,81.7
2022-11-18 16:30:00,140.711593627774,102.482011688888,102.50145536111,19.190740753333333,0.368,33.0,2,5.1764362714980825,70.66250196097344,16,4,11,-0.8660254037844385,-0.5000000000000004,-0.433883739117558,-0.9009688679024191,-0.5000000000000004,0.8660254037844384,137.0,186.4375,281.4375,11.7,35.65,99.0,68.0,-4.0,3.6044607,0.3,1.3,19.15000002,33.0,33.31666666666667,33.5,33.2,33.0,-18.82274075333333,-0.2870370266666668,-0.0353333333333332,0.4033333333333333,0.4133333333333333,19.35864198333333,0.4122222222222243,5.436081,5.5287094,5.558709,5.4854083,5.423043,0,0.0,1,1.0,-0.86,20.6,79.4
2022-11-18 16:45:00,219.300394366664,179.5911494,179.616981716666,19.15000002,0.4133333333333333,33.0,2,5.1764362714980825,70.66250196097344,16,4,11,-0.8660254037844385,-0.5000000000000004,-0.433883739117558,-0.9009688679024191,-0.5000000000000004,0.8660254037844384,101.5,154.75,256.0,10.85,32.775,99.5,67.0,-4.15,3.5514543,0.1999999999999999,1.3,19.518518516666667,33.0,33.0,33.31666666666667,33.5,32.81666666666667,-18.736666686666663,-0.0407407333333331,0.0453333333333332,0.368,0.424,19.27283951777778,0.394888888888891,5.423043,5.436081,5.5287094,5.558709,5.511179,0,0.0,0,1.0,-0.87,21.0,79.0
2022-11-18 17:00:00,128.713740094446,73.965374583334,73.980651755556,19.518518516666667,0.424,32.81666666666667,2,5.1764362714980825,70.66250196097344,17,4,11,-0.9659258262890684,-0.2588190451025206,-0.433883739117558,-0.9009688679024191,-0.5000000000000004,0.8660254037844384,66.0,119.25,228.66666666666663,10.0,29.9,100.0,66.0,-4.3,3.4984477,0.1,1.3,19.39444442,33.0,33.0,33.0,33.31666666666667,32.55,-19.094518516666668,0.3685184966666668,0.0106666666666667,0.4133333333333333,0.3173333333333333,19.28641976333333,0.4017777777777798,5.511179,5.423043,5.436081,5.5287094,5.426655,0,0.0,0,1.0,-0.79,18.0,82.0
2022-11-18 17:15:00,181.938555400004,84.188576722224,84.206076005558,19.39444442,0.3173333333333333,32.55,2,5.1764362714980825,70.66250196097344,17,4,11,-0.9659258262890684,-0.2588190451025206,-0.433883739117558,-0.9009688679024191,-0.5000000000000004,0.8660254037844384,51.75,89.0625,202.33333333333331,10.325,27.825,100.0,68.25,-4.225,3.5323122,0.075,0.95,19.187037036666663,32.81666666666667,33.0,33.0,33.0,33.333333333333336,-19.077111086666665,-0.1240740966666678,-0.1066666666666666,0.424,0.2066666666666666,19.35432098555556,0.384888888888891,5.426655,5.511179,5.423043,5.436081,5.489791,0,0.0,0,1.0,-0.82,19.0,81.0
2022-11-18 17:30:00,588.890887822224,94.409834572222,94.42094526111,19.187037036666663,0.2066666666666666,33.333333333333336,2,5.1764362714980825,70.66250196097344,17,4,11,-0.9659258262890684,-0.2588190451025206,-0.433883739117558,-0.9009688679024191,-0.5000000000000004,0.8660254037844384,37.5,64.1875,177.0,10.65,25.75,100.0,70.5,-4.15,3.5623772,0.05,0.6,19.17222225,32.55,32.81666666666667,33.0,33.0,34.9,-18.98037037,-0.2074073833333329,-0.1106666666666666,0.3173333333333333,0.2166666666666666,19.36666665777778,0.316000000000002,5.489791,5.426655,5.511179,5.423043,5.742796,0,0.0,0,1.0,-0.86,20.6,79.4
2022-11-18 17:45:00,486.323879666664,0.0,0.0,19.17222225,0.2166666666666666,34.9,0,5.1764362714980825,70.66250196097344,17,4,11,-0.9659258262890684,-0.2588190451025206,-0.433883739117558,-0.9009688679024191,-0.5000000000000004,0.8660254037844384,23.25,44.625,152.66666666666666,10.975,23.675,100.0,72.75,-4.075,3.5887856,0.0249999999999999,0.25,18.86666668333333,33.333333333333336,32.55,32.81666666666667,33.0,37.41666666666666,-18.955555583333336,-0.0148147866666654,0.01,0.2066666666666666,0.1933333333333333,19.25123456888889,0.246888888888891,5.742796,5.489791,5.426655,5.511179,6.0468936,1,1.0,1,0.75,-0.85,20.4,79.6
2022-11-18 18:00:00,1181.451073333336,81.245638927778,81.264527088888,18.86666668333333,0.1933333333333333,37.41666666666666,2,5.1764362714980825,70.66250196097344,18,4,11,-1.0,-1.8369701987210294e-16,-0.433883739117558,-0.9009688679024191,-0.5000000000000004,0.8660254037844384,9.0,30.375,129.33333333333334,11.3,21.6,100.0,75.0,-4.0,3.6116738,0.0,-0.1,18.78333335,34.9,33.333333333333336,32.55,32.81666666666667,37.25,-18.67333335,-0.3055555666666691,-0.0233333333333333,0.2166666666666666,0.2673333333333333,19.075308656666667,0.2055555555555576,6.0468936,5.742796,5.489791,5.426655,5.990383,0,1.0,1,0.75,-0.91,22.6,77.4
2022-11-18 18:15:00,191.444841949998,148.480727216666,148.502393,18.78333335,0.2673333333333333,37.25,2,5.1764362714980825,70.66250196097344,18,4,11,-1.0,-1.8369701987210294e-16,-0.433883739117558,-0.9009688679024191,-0.5000000000000004,0.8660254037844384,6.75,19.125,107.5,11.4,22.225,99.75,74.5,-4.05,3.5937865,0.05,-0.075,18.748148126666667,37.41666666666666,34.9,33.333333333333336,32.55,34.766666666666666,-18.516000016666663,-0.0833333333333321,0.074,0.1933333333333333,0.3153333333333333,18.940740761111112,0.2257777777777798,5.990383,6.0468936,5.742796,5.489791,5.5794053,0,1.0,0,0.75,-0.93,23.4,76.6
2022-11-18 18:30:00,157.841463872222,105.755491844444,105.770769049998,18.748148126666667,0.3153333333333333,34.766666666666666,2,5.1764362714980825,70.66250196097344,18,4,11,-1.0,-1.8369701987210294e-16,-0.433883739117558,-0.9009688679024191,-0.5000000000000004,0.8660254037844384,4.5,10.875,87.16666666666667,11.5,22.85,99.5,74.0,-4.1,3.5758245,0.1,-0.05,18.47222223,37.25,37.41666666666666,34.9,33.333333333333336,33.55,-18.43281479333333,-0.0351852233333325,0.0479999999999999,0.2673333333333333,0.26,18.79938272,0.2586666666666687,5.5794053,5.990383,6.0468936,5.742796,5.296916,0,1.0,0,0.75,-0.95,24.2,75.8
2022-11-18 18:45:00,238.555735122224,174.770231127778,174.79189696111,18.47222223,0.26,33.55,2,5.1764362714980825,70.66250196097344,18,4,11,-1.0,-1.8369701987210294e-16,-0.433883739117558,-0.9009688679024191,-0.5000000000000004,0.8660254037844384,2.25,5.625,68.33333333333333,11.6,23.475,99.25,73.5,-4.15,3.5577888,0.15,-0.0249999999999999,18.64629631,34.766666666666666,37.25,37.41666666666666,34.9,32.2,-18.21222223,-0.2759258966666671,-0.0553333333333333,0.3153333333333333,0.0133333333333333,18.66790123555556,0.2808888888888909,5.296916,5.5794053,5.990383,6.0468936,5.1364584,0,0.0,0,1.0,-1.02,27.1,72.9
2022-11-18 19:00:00,307.939626322224,249.803618555556,249.835283988888,18.64629631,0.0133333333333333,32.2,2,5.1764362714980825,70.66250196097344,19,4,11,-0.9659258262890684,0.2588190451025203,-0.433883739117558,-0.9009688679024191,-0.5000000000000004,0.8660254037844384,0.0,3.375,51.0,11.7,24.1,99.0,73.0,-4.2,3.5396793,0.2,0.0,19.02222224,33.55,34.766666666666666,37.25,37.41666666666666,31.15,-18.63296297666667,0.1740740800000004,-0.2466666666666666,0.26,-0.02,18.622222222222224,0.1962222222222243,5.1364584,5.296916,5.5794053,5.990383,5.0805902,0,0.0,0,1.0,-0.99,25.7,74.3
2022-11-18 19:15:00,309.45151031111203,262.860596288888,262.89392832222,19.02222224,-0.02,31.15,2,5.1764362714980825,70.66250196097344,19,4,11,-0.9659258262890684,0.2588190451025203,-0.433883739117558,-0.9009688679024191,-0.5000000000000004,0.8660254037844384,0.0,1.6875,36.625,12.125,25.1,99.0,74.0,-4.15,3.5635183,0.15,-0.1,19.44814815333333,32.2,33.55,34.766666666666666,37.25,30.816666666666663,-19.04222224,0.3759259300000011,-0.0333333333333333,0.0133333333333333,0.048,18.71358026,0.0844444444444465,5.0805902,5.1364584,5.296916,5.5794053,5.1539345,0,0.0,0,1.0,-0.91,22.5,77.5
2022-11-18 19:30:00,265.254667238886,224.458243544444,224.48740906111,19.44814815333333,0.048,30.816666666666663,2,5.1764362714980825,70.66250196097344,19,4,11,-0.9659258262890684,0.2588190451025203,-0.433883739117558,-0.9009688679024191,-0.5000000000000004,0.8660254037844384,0.0,0.5625,25.20833333333333,12.55,26.1,99.0,75.0,-4.1,3.5868416,0.1,-0.2,19.49444444,31.15,32.2,33.55,34.766666666666666,30.55,-19.400148153333333,0.4259259133333302,0.068,-0.02,-0.0593333333333333,19.03888890111111,0.0137777777777798,5.1539345,5.0805902,5.1364584,5.296916,5.123263,0,0.0,0,1.0,-0.81,18.9,81.1
2022-11-18 19:45:00,147.897694955556,104.564706144444,104.582483233332,19.49444444,-0.0593333333333333,30.55,2,5.1764362714980825,70.66250196097344,19,4,11,-0.9659258262890684,0.2588190451025203,-0.433883739117558,-0.9009688679024191,-0.5000000000000004,0.8660254037844384,0.0,0.0,16.75,12.975,27.1,99.0,76.0,-4.05,3.6096547,0.0499999999999999,-0.3,19.05555555333333,30.816666666666663,31.15,32.2,33.55,30.966666666666665,-19.553777773333334,0.0462962866666671,-0.1073333333333333,0.048,-0.0966666666666666,19.321604944444445,-0.0104444444444423,5.123263,5.1539345,5.0805902,5.1364584,5.0606327,0,0.0,0,1.0,-0.8,18.6,81.4
2022-11-18 20:00:00,208.652486916666,147.356605483334,147.375771416666,19.05555555333333,-0.0966666666666666,30.966666666666665,2,5.1764362714980825,70.66250196097344,20,4,11,-0.8660254037844386,0.5000000000000001,-0.433883739117558,-0.9009688679024191,-0.5000000000000004,0.8660254037844384,0.0,0.0,11.25,13.4,28.1,99.0,77.0,-4.0,3.6319623,0.0,-0.4,19.03333336,30.55,30.816666666666663,31.15,32.2,30.95,-19.15222222,-0.4388888866666676,-0.0373333333333333,-0.0593333333333333,-0.118,19.332716048888887,-0.0359999999999979,5.0606327,5.123263,5.1539345,5.0805902,5.0512815,0,0.0,0,1.0,-0.9,22.2,77.8
2022-11-18 20:15:00,264.344148011112,203.458250211112,203.484082527778,19.03333336,-0.118,30.95,2,5.1764362714980825,70.66250196097344,20,4,11,-0.8660254037844386,0.5000000000000001,-0.433883739117558,-0.9009688679024191,-0.5000000000000004,0.8660254037844384,0.0,0.0,6.9375,13.8,28.55,90.5,75.25,-4.2,3.5678656,0.0,-0.325,19.396296296666662,30.966666666666665,30.55,30.816666666666663,31.15,30.53333333333333,-19.151333359999995,-0.0222221933333344,-0.0213333333333333,-0.0966666666666666,-0.2593333333333333,19.19444445111111,-0.0913333333333312,5.0512815,5.0606327,5.123263,5.1539345,5.0909953,0,0.0,0,1.0,-0.91,22.4,77.6
2022-11-18 20:30:00,231.144365038886,185.559521755556,185.586187388888,19.396296296666662,-0.2593333333333333,30.53333333333333,2,5.1764362714980825,70.66250196097344,20,4,11,-0.8660254037844386,0.5000000000000001,-0.433883739117558,-0.9009688679024191,-0.5000000000000004,0.8660254037844384,0.0,0.0,3.8125,14.2,29.0,82.0,73.5,-4.4,3.5029922,0.0,-0.25,19.54444448,30.95,30.966666666666665,30.55,30.816666666666663,30.45,-19.65562963,0.3629629366666691,-0.1413333333333333,-0.118,-0.5400000000000001,19.16172840333333,-0.1579999999999979,5.0909953,5.0512815,5.0606327,5.123263,5.1215234,0,0.0,0,1.0,-0.83,19.4,80.6
2022-11-18 20:45:00,189.221042038886,142.826508927778,142.848452483334,19.54444448,-0.5400000000000001,30.45,2,5.1764362714980825,70.66250196097344,20,4,11,-0.8660254037844386,0.5000000000000001,-0.433883739117558,-0.9009688679024191,-0.5000000000000004,0.8660254037844384,0.0,0.0,1.875,14.6,29.45,73.5,71.75,-4.6,3.437337,0.0,-0.175,19.45185181333333,30.53333333333333,30.95,30.966666666666665,30.55,30.03333333333333,-20.08444448,0.1481481833333333,-0.2806666666666668,-0.2593333333333333,-0.5559999999999999,19.32469137888889,-0.3057777777777757,5.1215234,5.0909953,5.0512815,5.0606327,5.0240192,0,0.0,0,1.0,-0.79,18.3,81.7
2022-11-18 21:00:00,214.845016988888,171.850347944444,171.874791433332,19.45185181333333,-0.5559999999999999,30.03333333333333,2,5.1764362714980825,70.66250196097344,21,4,11,-0.7071067811865477,0.7071067811865474,-0.433883739117558,-0.9009688679024191,-0.5000000000000004,0.8660254037844384,0.0,0.0,1.125,15.0,29.9,65.0,70.0,-4.8,3.3708954,0.0,-0.1,19.52222224,30.45,30.53333333333333,30.95,30.966666666666665,30.3,-20.007851813333332,-0.0925926666666647,-0.0159999999999997,-0.5400000000000001,-0.528,19.464197530000003,-0.4517777777777758,5.0240192,5.1215234,5.0909953,5.0512815,5.0896425,0,0.0,0,1.0,-0.82,19.1,80.9
2022-11-18 21:15:00,212.884817533336,161.493817772222,161.5177057,19.52222224,-0.528,30.3,2,5.1764362714980825,70.66250196097344,21,4,11,-0.7071067811865477,0.7071067811865474,-0.433883739117558,-0.9009688679024191,-0.5000000000000004,0.8660254037844384,0.0,0.0,0.5625,15.675,31.7,52.75,68.5,-5.225,3.2816389,0.0,-0.175,19.47407409,30.03333333333333,30.45,30.53333333333333,30.95,30.03333333333333,-20.05022224,0.0703704266666669,0.0279999999999999,-0.5559999999999999,-0.6313333333333334,19.50617284444445,-0.5413333333333313,5.0896425,5.0240192,5.1215234,5.0909953,5.030589,0,0.0,0,1.0,-0.8,18.5,81.5
2022-11-18 21:30:00,521.665521477776,112.052739927778,112.0713503,19.47407409,-0.6313333333333334,30.03333333333333,2,5.1764362714980825,70.66250196097344,21,4,11,-0.7071067811865477,0.7071067811865474,-0.433883739117558,-0.9009688679024191,-0.5000000000000004,0.8660254037844384,0.0,0.0,0.1875,16.35,33.5,40.5,67.0,-5.65,3.1932037,0.0,-0.25,19.08888888,30.3,30.03333333333333,30.45,30.53333333333333,30.0,-20.10540742333333,-0.0481481500000029,-0.1033333333333333,-0.528,-0.654,19.48271604777778,-0.5717777777777758,5.030589,5.0896425,5.0240192,5.1215234,4.9123063,0,0.0,0,1.0,-0.81,18.9,81.1
2022-11-18 21:45:00,181.218584233336,140.566321555556,140.58715403889,19.08888888,-0.654,30.0,2,5.1764362714980825,70.66250196097344,21,4,11,-0.7071067811865477,0.7071067811865474,-0.433883739117558,-0.9009688679024191,-0.5000000000000004,0.8660254037844384,0.0,0.0,0.0,17.025,35.3,28.25,65.5,-6.075,3.1055837,0.0,-0.325,18.95740743,30.03333333333333,30.3,30.03333333333333,30.45,29.816666666666663,-19.74288888,-0.3851852099999995,-0.0226666666666666,-0.6313333333333334,-0.658,19.36172840333333,-0.6044444444444425,4.9123063,5.030589,5.0896425,5.0240192,4.8445544,0,0.0,0,1.0,-0.9,22.1,77.9
2022-11-18 22:00:00,217.232143816662,181.387466477776,181.413298794442,18.95740743,-0.658,29.816666666666663,2,5.1764362714980825,70.66250196097344,22,4,11,-0.5000000000000004,0.8660254037844384,-0.433883739117558,-0.9009688679024191,-0.5000000000000004,0.8660254037844384,0.0,0.0,0.0,17.7,37.1,16.0,64.0,-6.5,3.0187743,0.0,-0.4,19.2277778,30.0,30.03333333333333,30.3,30.03333333333333,29.15,-19.61540743,-0.131481449999999,-0.004,-0.654,-0.67,19.1734568,-0.6477777777777757,4.8445544,4.9123063,5.030589,5.0896425,4.812361,0,0.0,0,1.0,-0.93,23.3,76.7
2022-11-18 22:15:00,259.05352644444,218.6787525,218.709029138886,19.2277778,-0.67,29.15,2,5.1764362714980825,70.66250196097344,22,4,11,-0.5000000000000004,0.8660254037844384,-0.433883739117558,-0.9009688679024191,-0.5000000000000004,0.8660254037844384,0.0,0.0,0.0,18.0,37.55,14.75,63.5,-6.625,2.979694,0.0,-0.475,19.43333329333333,29.816666666666663,30.0,30.03333333333333,30.3,28.816666666666663,-19.897777800000004,0.2703703700000019,-0.012,-0.658,-0.7473333333333333,19.091358036666666,-0.6606666666666646,4.812361,4.8445544,4.9123063,5.030589,4.815247,0,0.0,0,1.0,-0.87,21.1,78.9
2022-11-18 22:30:00,226.08373395556,170.633452172222,170.658728944444,19.43333329333333,-0.7473333333333333,28.816666666666663,2,5.1764362714980825,70.66250196097344,22,4,11,-0.5000000000000004,0.8660254037844384,-0.433883739117558,-0.9009688679024191,-0.5000000000000004,0.8660254037844384,0.0,0.0,0.0,18.3,38.0,13.5,63.0,-6.75,2.940927,0.0,-0.55,19.28888888,29.15,29.816666666666663,30.0,30.03333333333333,28.9,-20.180666626666664,0.2055554933333283,-0.0773333333333332,-0.67,-0.862,19.206172841111112,-0.6917777777777757,4.815247,4.812361,4.8445544,4.9123063,4.7882934,0,0.0,0,1.0,-0.83,19.4,80.6
2022-11-18 22:45:00,172.449490727774,108.953697244444,108.96925222222,19.28888888,-0.862,28.9,2,5.1764362714980825,70.66250196097344,22,4,11,-0.5000000000000004,0.8660254037844384,-0.433883739117558,-0.9009688679024191,-0.5000000000000004,0.8660254037844384,0.0,0.0,0.0,18.6,38.45,12.25,62.5,-6.875,2.9024727,0.0,-0.625,18.95476193857143,28.816666666666663,29.15,29.816666666666663,30.0,29.675,-20.15088888,-0.144444413333332,-0.1146666666666667,-0.7473333333333333,-0.8078571428571429,19.316666657777777,-0.7597777777777758,4.7882934,4.815247,4.812361,4.8445544,4.820782,0,0.0,0,1.0,-0.86,20.6,79.4
2022-11-18 23:00:00,174.562183966664,119.8385396,119.854650105554,18.95476193857143,-0.8078571428571429,29.675,2,5.1764362714980825,70.66250196097344,23,4,11,-0.2588190451025215,0.965925826289068,-0.433883739117558,-0.9009688679024191,-0.5000000000000004,0.8660254037844384,0.0,0.0,0.0,18.9,38.9,11.0,62.0,-7.0,2.8643281,0.0,-0.7,18.83690474642857,28.9,28.816666666666663,29.15,29.816666666666663,30.0,-19.76261908142857,-0.3341269414285683,0.054142857142857,-0.862,-0.6714285714285715,19.22566137063492,-0.8057301587301566,4.820782,4.7882934,4.815247,4.812361,4.8397703,0,0.0,0,1.0,-0.93,23.4,76.6
2022-11-18 23:15:00,220.918662866668,162.312951672222,162.332673116666,18.83690474642857,-0.6714285714285715,30.0,2,5.1764362714980825,70.66250196097344,23,4,11,-0.2588190451025215,0.965925826289068,-0.433883739117558,-0.9009688679024191,-0.5000000000000004,0.8660254037844384,0.0,0.0,0.0,18.375,39.075,10.5,62.5,-7.025,2.8625052,0.0,-0.825,19.07896824357143,29.675,28.9,28.816666666666663,29.15,29.803571428571427,-19.50833331785714,-0.1178571921428606,0.1364285714285714,-0.8078571428571429,-0.6278571428571429,19.026851855,-0.7804285714285695,4.8397703,4.820782,4.7882934,4.815247,4.877288,0,0.0,0,1.0,-0.96,24.4,75.6
2022-11-18 23:30:00,248.711995638886,199.52479643889,199.547573344444,19.07896824357143,-0.6278571428571429,29.803571428571427,2,5.1764362714980825,70.66250196097344,23,4,11,-0.2588190451025215,0.965925826289068,-0.433883739117558,-0.9009688679024191,-0.5000000000000004,0.8660254037844384,0.0,0.0,0.0,17.85,39.25,10.0,63.0,-7.05,2.8604734,0.0,-0.95,19.342460312142855,30.0,29.675,28.9,28.816666666666663,29.15714285714285,-19.706825386428573,0.2420634971428619,0.0435714285714285,-0.6714285714285715,-0.6771428571428572,18.95687830952381,-0.7023809523809503,4.877288,4.8397703,4.820782,4.7882934,4.846158,0,0.0,0,1.0,-0.9,22.2,77.8
2022-11-18 23:45:00,236.864136122224,172.56615261111202,172.586985127778,19.342460312142855,-0.6771428571428572,29.15714285714285,2,5.1764362714980825,70.66250196097344,23,4,11,-0.2588190451025215,0.965925826289068,-0.433883739117558,-0.9009688679024191,-0.5000000000000004,0.8660254037844384,0.0,0.0,0.0,17.325,39.425,9.5,63.5,-7.074999999999999,2.8582366,0.0,-1.075,19.41837605,29.803571428571427,30.0,29.675,28.9,29.0,-20.01960316928572,0.263492068571427,-0.0492857142857142,-0.6278571428571429,-0.5084615384615385,19.086111100714287,-0.6588095238095218,4.846158,4.877288,4.8397703,4.820782,4.84162,0,0.0,0,1.0,-0.85,20.1,79.9
2022-11-19 00:00:00,204.287661599996,139.586083,139.603860105554,19.41837605,-0.5084615384615385,29.0,2,5.1764362714980825,70.66250196097344,0,5,11,0.0,1.0,-0.9749279121818236,-0.2225209339563146,-0.5000000000000004,0.8660254037844384,0.0,0.0,0.0,16.8,39.6,9.0,64.0,-7.1,2.8557975,0.0,-1.2,19.3888889,29.15714285714285,29.803571428571427,30.0,29.675,28.9625,-19.926837588461535,0.0759157378571409,0.1686813186813186,-0.6771428571428572,-0.4066666666666667,19.27993486857143,-0.6044871794871775,4.84162,4.846158,4.877288,4.8397703,4.826978,0,0.0,0,1.0,-0.83,19.5,80.5
2022-11-19 00:15:00,177.371516005554,137.2578428,137.274231011112,19.3888889,-0.4066666666666667,28.9625,2,5.1764362714980825,70.66250196097344,0,5,11,0.0,1.0,-0.9749279121818236,-0.2225209339563146,-0.5000000000000004,0.8660254037844384,0.0,0.0,0.0,16.925,38.7,6.75,64.0,-7.125,2.8508315,0.0,-1.225,19.367063485714286,29.0,29.15714285714285,29.803571428571427,30.0,28.52857142857143,-19.795555566666668,-0.0294871499999977,0.1017948717948718,-0.5084615384615385,-0.4571428571428572,19.38324175404762,-0.5307570207570187,4.826978,4.84162,4.846158,4.877288,4.7485557,0,0.0,0,1.0,-0.84,19.8,80.2
2022-11-19 00:30:00,169.447388516666,123.576723433332,123.593111694442,19.367063485714286,-0.4571428571428572,28.52857142857143,2,5.1764362714980825,70.66250196097344,0,5,11,0.0,1.0,-0.9749279121818236,-0.2225209339563146,-0.5000000000000004,0.8660254037844384,0.0,0.0,0.0,17.05,37.8,4.5,64.0,-7.15,2.845873,0.0,-1.25,19.11752135,28.9625,29.0,29.15714285714285,29.803571428571427,28.557692307692307,-19.824206342857146,-0.0218254142857148,-0.0504761904761905,-0.4066666666666667,-0.5092307692307693,19.391442811904763,-0.4574236874236854,4.7485557,4.826978,4.84162,4.846158,4.6840396,0,0.0,0,1.0,-0.84,20.0,80.0
2022-11-19 00:45:00,160.6827391,95.695616472222,95.709504866664,19.11752135,-0.5092307692307693,28.557692307692307,2,5.1764362714980825,70.66250196097344,0,5,11,0.0,1.0,-0.9749279121818236,-0.2225209339563146,-0.5000000000000004,0.8660254037844384,0.0,0.0,0.0,17.175,36.9,2.25,64.0,-7.175,2.8409226,0.0,-1.275,18.741666645,28.52857142857143,28.9625,29.0,29.15714285714285,28.79,-19.62675211923077,-0.2495421357142859,-0.052087912087912,-0.4571428571428572,-0.75,19.291157911904765,-0.4576800976800956,4.6840396,4.7485557,4.826978,4.84162,4.6184897,0,0.0,0,1.0,-0.9,22.2,77.8
2022-11-19 01:00:00,158.052566461114,113.393797383334,113.407963450002,18.741666645,-0.75,28.79,2,5.1764362714980825,70.66250196097344,1,5,11,0.2588190451025207,0.9659258262890684,-0.9749279121818236,-0.2225209339563146,-0.5000000000000004,0.8660254037844384,0.0,0.0,0.0,17.3,36.0,0.0,64.0,-7.2,2.8359792,0.0,-1.3,18.93290594538461,28.557692307692307,28.52857142857143,28.9625,29.0,28.442307692307693,-19.491666645,-0.3758547049999983,-0.2407692307692307,-0.5092307692307693,-0.8392307692307692,19.075417160238096,-0.5721245421245401,4.6184897,4.6840396,4.7485557,4.826978,4.61457,0,0.0,0,1.0,-0.99,25.5,74.5
2022-11-19 01:15:00,212.643716227774,181.2869149,181.30913626111,18.93290594538461,-0.8392307692307692,28.442307692307693,2,5.1764362714980825,70.66250196097344,1,5,11,0.2588190451025207,0.9659258262890684,-0.9749279121818236,-0.2225209339563146,-0.5000000000000004,0.8660254037844384,0.0,0.0,0.0,17.575,36.55,0.0,63.5,-7.3,2.8138232,0.0,-1.3,19.42962962,28.79,28.557692307692307,28.52857142857143,28.9625,27.666666666666668,-19.772136714615385,0.1912393003846126,-0.0892307692307692,-0.75,-0.862,18.930697980128205,-0.6994871794871775,4.61457,4.6184897,4.6840396,4.7485557,4.622075,0,0.0,0,1.0,-0.94,23.8,76.2
2022-11-19 01:30:00,212.270397727778,172.209778016666,172.23033276111,19.42962962,-0.862,27.666666666666668,2,5.1764362714980825,70.66250196097344,1,5,11,0.2588190451025207,0.9659258262890684,-0.9749279121818236,-0.2225209339563146,-0.5000000000000004,0.8660254037844384,0.0,0.0,0.0,17.85,37.1,0.0,63.0,-7.4,2.7916675,0.0,-1.3,19.507142869285712,28.442307692307693,28.79,28.557692307692307,28.52857142857143,27.0,-20.29162962,0.4967236746153851,-0.0227692307692307,-0.8392307692307692,-0.8714285714285713,19.03473407012821,-0.8170769230769209,4.622075,4.61457,4.6184897,4.6840396,4.5313067,0,0.0,0,1.0,-0.83,19.7,80.3
2022-11-19 01:45:00,95.661451255552,59.957323844444005,59.96704572221999,19.507142869285712,-0.8714285714285713,27.0,1,5.1764362714980825,70.66250196097344,1,5,11,0.2588190451025207,0.9659258262890684,-0.9749279121818236,-0.2225209339563146,-0.5000000000000004,0.8660254037844384,0.0,0.0,0.0,18.125,37.650000000000006,0.0,62.5,-7.5,2.769511,0.0,-1.3,19.141111121,27.666666666666668,28.442307692307693,28.79,28.557692307692307,27.0,-20.37857144071428,0.0775132492857118,-0.0094285714285713,-0.862,-0.958,19.28989281155678,-0.8575531135531115,4.5313067,4.622075,4.61457,4.6184897,4.434711,0,0.0,1,1.0,-0.82,19.2,80.8
2022-11-19 02:00:00,138.299467866664,111.160831172222,111.175830588888,19.141111121,-0.958,27.0,2,5.1764362714980825,70.66250196097344,2,5,11,0.4999999999999999,0.8660254037844387,-0.9749279121818236,-0.2225209339563146,-0.5000000000000004,0.8660254037844384,0.0,0.0,0.0,18.4,38.2,0.0,62.0,-7.6,2.747355,0.0,-1.3,19.28333331,27.0,27.666666666666668,28.442307692307693,28.79,26.95,-20.099111121,-0.3660317482857103,-0.0865714285714286,-0.8714285714285713,-0.988,19.359294536761904,-0.897142857142855,4.434711,4.5313067,4.622075,4.61457,4.4637475,0,0.0,1,1.0,-0.9,22.3,77.7
2022-11-19 02:15:00,219.924536099996,172.17922368888802,172.201167244444,19.28333331,-0.988,26.95,2,5.1764362714980825,70.66250196097344,2,5,11,0.4999999999999999,0.8660254037844387,-0.9749279121818236,-0.2225209339563146,-0.5000000000000004,0.8660254037844384,0.0,0.0,0.0,18.125,38.275000000000006,0.0,62.0,-7.725,2.7282732,0.0,-1.4,19.48484848181818,27.0,27.0,27.666666666666668,28.442307692307693,26.545454545454547,-20.27133331,0.1422221889999981,-0.03,-0.958,-1.2972727272727271,19.31052910009524,-0.939142857142855,4.4637475,4.434711,4.5313067,4.622075,4.4491863,0,0.0,0,1.0,-0.87,21.0,79.0
2022-11-19 02:30:00,318.58642273333203,97.626094766668,97.6394276,19.48484848181818,-1.2972727272727271,26.545454545454547,2,5.1764362714980825,70.66250196097344,2,5,11,0.4999999999999999,0.8660254037844387,-0.9749279121818236,-0.2225209339563146,-0.5000000000000004,0.8660254037844384,0.0,0.0,0.0,17.85,38.35,0.0,62.0,-7.85,2.7093072,0.0,-1.5,19.45555552,26.95,27.0,27.0,27.666666666666668,26.4375,-20.782121209090903,0.2015151718181798,-0.3092727272727271,-0.988,-1.5816666666666668,19.30309763760606,-1.0810909090909069,4.4491863,4.4637475,4.434711,4.5313067,4.423466,0,0.0,0,1.0,-0.83,19.5,80.5
2022-11-19 02:45:00,148.751827488888,123.805880916666,123.822546933332,19.45555552,-1.5816666666666668,26.4375,2,5.1764362714980825,70.66250196097344,2,5,11,0.4999999999999999,0.8660254037844387,-0.9749279121818236,-0.2225209339563146,-0.5000000000000004,0.8660254037844384,0.0,0.0,0.0,17.575,38.425,0.0,62.0,-7.975,2.6904573,0.0,-1.6,19.4444444,26.545454545454547,26.95,27.0,27.0,26.035714285714285,-21.037222186666668,-0.0292929618181787,-0.2843939393939396,-1.2972727272727271,-1.6185714285714283,19.407912437272728,-1.288979797979796,4.423466,4.4491863,4.4637475,4.434711,4.353395,0,0.0,0,1.0,-0.84,19.7,80.3
2022-11-19 03:00:00,84.139412105554,56.860503272222005,56.87078066111,19.4444444,-1.6185714285714283,26.035714285714285,1,5.1764362714980825,70.66250196097344,3,5,11,0.7071067811865476,0.7071067811865476,-0.9749279121818236,-0.2225209339563146,-0.5000000000000004,0.8660254037844384,0.0,0.0,0.0,17.3,38.5,0.0,62.0,-8.1,2.6717227,0.0,-1.7,19.15555557,26.4375,26.545454545454547,26.95,27.0,26.05,-21.063015828571427,-0.0111111200000024,-0.0369047619047617,-1.5816666666666668,-1.424,19.461616133939398,-1.499170274170272,4.353395,4.423466,4.4491863,4.4637475,4.2823195,0,0.0,1,1.0,-0.84,19.9,80.1
2022-11-19 03:15:00,148.216293377776,107.439591127778,107.45514612222,19.15555557,-1.424,26.05,2,5.1764362714980825,70.66250196097344,3,5,11,0.7071067811865476,0.7071067811865476,-0.9749279121818236,-0.2225209339563146,-0.5000000000000004,0.8660254037844384,0.0,0.0,0.0,17.1,37.875,0.0,62.25,-8.125,2.6684635,0.0,-1.775,18.961111136666663,26.035714285714285,26.4375,26.545454545454547,26.95,26.28333333333333,-20.57955557,-0.2888888299999976,0.1945714285714286,-1.6185714285714283,-1.282,19.35185183,-1.5414126984126966,4.2823195,4.353395,4.423466,4.4491863,4.271398,0,0.0,1,1.0,-0.91,22.3,77.7
2022-11-19 03:30:00,219.85259454444,175.546033427778,175.5688103,18.961111136666663,-1.282,26.28333333333333,2,5.1764362714980825,70.66250196097344,3,5,11,0.7071067811865476,0.7071067811865476,-0.9749279121818236,-0.2225209339563146,-0.5000000000000004,0.8660254037844384,0.0,0.0,0.0,16.9,37.25,0.0,62.5,-8.149999999999999,2.6651568,0.0,-1.85,19.2277778,26.05,26.035714285714285,26.4375,26.545454545454547,25.95,-20.243111136666663,-0.1944444333333344,0.1419999999999999,-1.424,-1.4,19.18703703555556,-1.4415238095238074,4.271398,4.2823195,4.353395,4.423466,4.284075,0,0.0,0,1.0,-0.95,24.0,76.0
2022-11-19 03:45:00,221.169486299996,178.798403327778,178.820902411112,19.2277778,-1.4,25.95,2,5.1764362714980825,70.66250196097344,3,5,11,0.7071067811865476,0.7071067811865476,-0.9749279121818236,-0.2225209339563146,-0.5000000000000004,0.8660254037844384,0.0,0.0,0.0,16.7,36.625,0.0,62.75,-8.174999999999999,2.6618025,0.0,-1.925,19.494444416666667,26.28333333333333,26.05,26.035714285714285,26.4375,25.53333333333333,-20.6277778,0.2666666633333356,-0.1179999999999998,-1.282,-1.594,19.11481483555556,-1.3686666666666645,4.284075,4.271398,4.2823195,4.353395,4.2819633,0,0.0,0,1.0,-0.89,21.7,78.3
2022-11-19 04:00:00,219.650380399996,181.779950744444,181.802449844444,19.494444416666667,-1.594,25.53333333333333,2,5.1764362714980825,70.66250196097344,4,5,11,0.8660254037844386,0.5000000000000001,-0.9749279121818236,-0.2225209339563146,-0.5000000000000004,0.8660254037844384,0.0,0.0,0.0,16.5,36.0,0.0,63.0,-8.2,2.6584013,0.0,-2.0,19.49444444,25.95,26.28333333333333,26.05,26.035714285714285,25.15,-21.08844441666667,0.2666666166666651,-0.1940000000000001,-1.4,-1.6233333333333335,19.227777784444445,-1.4253333333333311,4.2819633,4.284075,4.271398,4.2823195,4.2176785,0,0.0,0,1.0,-0.83,19.6,80.4
2022-11-19 04:15:00,69.365280877776,36.88658006111,36.896301955552005,19.49444444,-1.6233333333333335,25.15,1,5.1764362714980825,70.66250196097344,4,5,11,0.8660254037844386,0.5000000000000001,-0.9749279121818236,-0.2225209339563146,-0.5000000000000004,0.8660254037844384,0.0,0.0,0.0,16.325,35.55,0.0,63.25,-8.25,2.6503026,0.0,-2.1,19.07592590333333,25.53333333333333,25.95,26.28333333333333,26.05,25.183333333333334,-21.117777773333334,2.333333171122831e-08,-0.0293333333333334,-1.594,-1.658,19.405555552222225,-1.539111111111109,4.2176785,4.2819633,4.284075,4.271398,4.120456,0,0.0,1,1.0,-0.83,19.7,80.3
2022-11-19 04:30:00,175.789079288888,146.550526627778,146.569692577776,19.07592590333333,-1.658,25.183333333333334,2,5.1764362714980825,70.66250196097344,4,5,11,0.8660254037844386,0.5000000000000001,-0.9749279121818236,-0.2225209339563146,-0.5000000000000004,0.8660254037844384,0.0,0.0,0.0,16.15,35.1,0.0,63.5,-8.3,2.6421711,0.0,-2.2,19.07777776,25.15,25.53333333333333,25.95,26.28333333333333,25.15,-20.733925903333333,-0.4185185366666673,-0.0346666666666666,-1.6233333333333335,-1.586666666666667,19.354938253333334,-1.6251111111111092,4.120456,4.2176785,4.2819633,4.284075,4.1154523,0,0.0,1,1.0,-0.93,23.2,76.8
2022-11-19 04:45:00,213.157584488888,172.7839217,172.8055875,19.07777776,-1.586666666666667,25.15,2,5.1764362714980825,70.66250196097344,4,5,11,0.8660254037844386,0.5000000000000001,-0.9749279121818236,-0.2225209339563146,-0.5000000000000004,0.8660254037844384,0.0,0.0,0.0,15.975,34.650000000000006,0.0,63.75,-8.35,2.6340084,0.0,-2.3,19.287037036666668,25.183333333333334,25.15,25.53333333333333,25.95,25.0,-20.664444426666662,0.0018518566666685,0.0713333333333334,-1.658,-1.7266666666666666,19.21604936777778,-1.6226666666666647,4.1154523,4.120456,4.2176785,4.2819633,4.14167,0,0.0,0,1.0,-0.93,23.2,76.8
2022-11-19 05:00:00,204.321826833332,152.707780311112,152.728890616666,19.287037036666668,-1.7266666666666666,25.0,2,5.1764362714980825,70.66250196097344,5,5,11,0.9659258262890684,0.2588190451025207,-0.9749279121818236,-0.2225209339563146,-0.5000000000000004,0.8660254037844384,0.0,0.0,0.0,15.8,34.2,0.0,64.0,-8.4,2.6258144,0.0,-2.4,19.30555553,25.15,25.183333333333334,25.15,25.53333333333333,24.950000000000003,-21.01370370333333,0.2092592766666676,-0.1399999999999999,-1.586666666666667,-1.810769230769231,19.14691356666667,-1.6571111111111092,4.14167,4.1154523,4.120456,4.2176785,4.1378965,0,0.0,0,1.0,-0.88,21.4,78.6
2022-11-19 05:15:00,137.132014549998,106.670733,106.686565733332,19.30555553,-1.810769230769231,24.950000000000003,2,5.1764362714980825,70.66250196097344,5,5,11,0.9659258262890684,0.2588190451025207,-0.9749279121818236,-0.2225209339563146,-0.5000000000000004,0.8660254037844384,0.0,0.0,0.0,15.475,33.75,0.25,64.0,-8.45,2.6119971,0.0,-2.475,18.989814835,25.0,25.15,25.183333333333334,25.15,24.675,-21.11632476076923,0.0185184933333317,-0.0841025641025641,-1.7266666666666666,-1.8091666666666668,19.22345677555556,-1.7080341880341858,4.1378965,4.14167,4.1154523,4.120456,4.0168233,0,0.0,0,1.0,-0.88,21.3,78.7
2022-11-19 05:30:00,128.08765418888402,104.92635836111,104.941635549998,18.989814835,-1.8091666666666668,24.675,2,5.1764362714980825,70.66250196097344,5,5,11,0.9659258262890684,0.2588190451025207,-0.9749279121818236,-0.2225209339563146,-0.5000000000000004,0.8660254037844384,0.0,0.0,0.0,15.15,33.3,0.5,64.0,-8.5,2.5982432,0.0,-2.55,18.842460288571427,24.950000000000003,25.0,25.15,25.183333333333334,24.946428571428573,-20.798981501666667,-0.3157406949999988,0.0016025641025638,-1.810769230769231,-1.842857142857143,19.19413580055556,-1.7822008547008523,4.0168233,4.1378965,4.14167,4.1154523,4.0258207,0,0.0,0,1.0,-0.95,24.1,75.9
2022-11-19 05:45:00,239.69846709445,202.508288244444,202.531342888888,18.842460288571427,-1.842857142857143,24.946428571428573,2,5.1764362714980825,70.66250196097344,5,5,11,0.9659258262890684,0.2588190451025207,-0.9749279121818236,-0.2225209339563146,-0.5000000000000004,0.8660254037844384,0.0,0.0,0.0,14.825,32.85,0.75,64.0,-8.55,2.5845532,0.0,-2.625,19.31851852,24.675,24.950000000000003,25.0,25.15,24.35,-20.68531743142857,-0.1473545464285734,-0.0336904761904761,-1.8091666666666668,-1.978,19.04594355119048,-1.8209310134310115,4.0258207,4.0168233,4.1378965,4.14167,4.041471,0,0.0,0,1.0,-0.98,25.4,74.6
2022-11-19 06:00:00,268.277879488892,239.482920283334,239.512919166664,19.31851852,-1.978,24.35,2,5.1764362714980825,70.66250196097344,6,5,11,1.0,6.123233995736766e-17,-0.9749279121818236,-0.2225209339563146,-0.5000000000000004,0.8660254037844384,0.0,0.0,0.0,14.5,32.4,1.0,64.0,-8.6,2.5709271,0.0,-2.7,19.547619057142857,24.946428571428573,24.675,24.950000000000003,25.0,24.0,-21.296518520000003,0.4760582314285742,-0.135142857142857,-1.842857142857143,-2.107142857142857,19.050264547857143,-1.876674603174601,4.041471,4.0258207,4.0168233,4.1378965,4.037422,0,0.0,0,1.0,-0.88,21.3,78.7
2022-11-19 06:15:00,84.822162677772,46.278148816666,46.287870711108,19.547619057142857,-2.107142857142857,24.0,1,5.1764362714980825,70.66250196097344,6,5,11,1.0,6.123233995736766e-17,-0.9749279121818236,-0.2225209339563146,-0.5000000000000004,0.8660254037844384,0.0,0.0,0.0,14.125,31.85,1.25,64.5,-8.625,2.5728006,0.0,-2.8000000000000003,19.11481481666667,24.35,24.946428571428573,24.675,24.950000000000003,24.183333333333334,-21.654761914285714,0.2291005371428554,-0.1291428571428572,-1.978,-2.2920000000000003,19.236199288571427,-1.975999999999998,4.037422,4.041471,4.0258207,4.0168233,3.9659243,0,0.0,1,1.0,-0.83,19.4,80.6
2022-11-19 06:30:00,215.670817305554,156.1895855,156.20958474999802,19.11481481666667,-2.2920000000000003,24.183333333333334,2,5.1764362714980825,70.66250196097344,6,5,11,1.0,6.123233995736766e-17,-0.9749279121818236,-0.2225209339563146,-0.5000000000000004,0.8660254037844384,0.0,0.0,0.0,13.75,31.3,1.5,65.0,-8.649999999999999,2.5745053,0.0,-2.9000000000000004,19.08333331,24.0,24.35,24.946428571428573,24.675,24.5,-21.40681481666667,-0.4328042404761874,-0.184857142857143,-2.107142857142857,-2.3913333333333338,19.32698413126984,-2.125714285714284,3.9659243,4.037422,4.041471,4.0258207,4.010402,0,0.0,1,1.0,-0.93,23.1,76.9
2022-11-19 06:45:00,215.86247623889,184.450954983334,184.47456513889,19.08333331,-2.3913333333333338,24.5,2,5.1764362714980825,70.66250196097344,6,5,11,1.0,6.123233995736766e-17,-0.9749279121818236,-0.2225209339563146,-0.5000000000000004,0.8660254037844384,0.0,0.0,0.0,13.375,30.75,1.75,65.5,-8.674999999999999,2.5760436,0.0,-3.0,19.33888887333333,24.183333333333334,24.0,24.35,24.946428571428573,24.316666666666663,-21.474666643333336,-0.0314815066666689,-0.0993333333333335,-2.2920000000000003,-2.554666666666667,19.248589061269843,-2.263492063492062,4.010402,3.9659243,4.037422,4.041471,4.0407815,0,0.0,0,1.0,-0.93,23.3,76.7
2022-11-19 07:00:00,195.232190466664,166.07974546111,166.10224456110998,19.33888887333333,-2.554666666666667,24.316666666666663,2,5.1764362714980825,70.66250196097344,7,5,11,0.9659258262890684,-0.2588190451025206,-0.9749279121818236,-0.2225209339563146,-0.5000000000000004,0.8660254037844384,0.0,0.0,0.0,13.0,30.2,2.0,66.0,-8.7,2.577417,0.0,-3.1,19.42777775,24.5,24.183333333333334,24.0,24.35,24.0,-21.89355554,0.2555555633333348,-0.1633333333333331,-2.3913333333333338,-2.619333333333333,19.179012333333336,-2.4126666666666647,4.0407815,4.010402,3.9659243,4.037422,4.0090747,0,0.0,0,1.0,-0.87,21.1,78.9
2022-11-19 07:15:00,191.059301755556,155.372673744444,155.392117433332,19.42777775,-2.619333333333333,24.0,2,5.1764362714980825,70.66250196097344,7,5,11,0.9659258262890684,-0.2588190451025206,-0.9749279121818236,-0.2225209339563146,-0.5000000000000004,0.8660254037844384,0.0,0.0,0.0,12.975,29.3,1.5,67.25,-8.575,2.6030967,0.0,-3.225,19.4444444,24.316666666666663,24.5,24.183333333333334,24.0,24.0,-22.04711108333333,0.0888888766666653,-0.0646666666666662,-2.554666666666667,-2.488,19.283333311111114,-2.521777777777776,4.0090747,4.0407815,4.010402,3.9659243,4.0130057,0,0.0,0,1.0,-0.85,20.4,79.6
2022-11-19 07:30:00,193.63919853889,157.129547883334,157.149547066668,19.4444444,-2.488,24.0,2,5.1764362714980825,70.66250196097344,7,5,11,0.9659258262890684,-0.2588190451025206,-0.9749279121818236,-0.2225209339563146,-0.5000000000000004,0.8660254037844384,0.0,0.0,0.0,12.95,28.4,1.0,68.5,-8.45,2.6280987,0.0,-3.35,19.4444444,24.0,24.316666666666663,24.5,24.183333333333334,23.95,-21.9324444,0.0166666499999976,0.131333333333333,-2.619333333333333,-2.2266666666666666,19.403703674444444,-2.553999999999998,4.0130057,4.0090747,4.0407815,4.010402,4.0046453,0,0.0,0,1.0,-0.85,20.3,79.7
2022-11-19 07:45:00,198.78677046111,153.645798372222,153.668297488888,19.4444444,-2.2266666666666666,23.95,2,5.1764362714980825,70.66250196097344,7,5,11,0.9659258262890684,-0.2588190451025206,-0.9749279121818236,-0.2225209339563146,-0.5000000000000004,0.8660254037844384,0.0,0.0,0.0,12.925,27.5,0.5,69.75,-8.325,2.6524332,0.0,-3.475,19.38253966285714,24.0,24.0,24.316666666666663,24.5,23.535714285714285,-21.671111066666665,0.0,0.2613333333333334,-2.488,-1.9928571428571429,19.43888885,-2.4446666666666643,4.0046453,4.0130057,4.0090747,4.0407815,3.9210682,0,0.0,0,1.0,-0.85,20.3,79.7
2022-11-19 08:00:00,159.347236905558,120.691838783334,120.709615905554,19.38253966285714,-1.9928571428571429,23.535714285714285,2,5.1764362714980825,70.66250196097344,8,5,11,0.8660254037844387,-0.4999999999999998,-0.9749279121818236,-0.2225209339563146,-0.5000000000000004,0.8660254037844384,0.0,0.0,0.0,12.9,26.6,0.0,71.0,-8.2,2.6761072,0.0,-3.6,19.23333333,23.95,24.0,24.0,24.316666666666663,23.8,-21.375396805714285,-0.0619047371428571,0.2338095238095239,-2.2266666666666666,-1.8646666666666667,19.42380948761905,-2.235841269841268,3.9210682,4.0046453,4.0130057,4.0090747,3.930419,0,0.0,0,1.0,-0.87,20.9,79.1
2022-11-19 08:15:00,166.801383311108,128.878178033332,128.89539961110802,19.23333333,-1.8646666666666667,23.8,2,5.1764362714980825,70.66250196097344,8,5,11,0.8660254037844387,-0.4999999999999998,-0.9749279121818236,-0.2225209339563146,-0.5000000000000004,0.8660254037844384,10.75,2.6875,0.8958333333333334,13.25,27.425,0.25,70.0,-8.25,2.6619403,0.0,-3.475,19.150000013333333,23.535714285714285,23.95,24.0,24.0,23.53333333333333,-21.09799999666667,-0.1492063328571404,0.1281904761904759,-1.9928571428571429,-1.692,19.35343913095238,-2.02806349206349,3.930419,3.9210682,4.0046453,4.0130057,3.867341,0,0.0,0,1.0,-0.9,22.1,77.9
2022-11-19 08:30:00,157.95312603889,128.966785572222,128.986229294442,19.150000013333333,-1.692,23.53333333333333,2,5.1764362714980825,70.66250196097344,8,5,11,0.8660254037844387,-0.4999999999999998,-0.9749279121818236,-0.2225209339563146,-0.5000000000000004,0.8660254037844384,21.5,8.0625,2.6875,13.6,28.25,0.5,69.0,-8.3,2.6472821,0.0,-3.35,19.07222225,23.8,23.535714285714285,23.95,24.0,23.5,-20.842000013333333,-0.0833333166666676,0.1726666666666667,-1.8646666666666667,-1.4526666666666666,19.25529100206349,-1.849841269841268,3.867341,3.930419,3.9210682,4.0046453,3.8441923,0,0.0,0,1.0,-0.92,22.9,77.1
2022-11-19 08:45:00,509.226296866664,129.6398142,129.66036896111,19.07222225,-1.4526666666666666,23.5,2,5.1764362714980825,70.66250196097344,8,5,11,0.8660254037844387,-0.4999999999999998,-0.9749279121818236,-0.2225209339563146,-0.5000000000000004,0.8660254037844384,32.25,16.125,5.375,13.95,29.075,0.75,68.0,-8.35,2.6321275,0.0,-3.225,19.07592595,23.53333333333333,23.8,23.535714285714285,23.95,23.5,-20.524888916666665,-0.0777777633333336,0.2393333333333334,-1.692,-1.1506666666666665,19.15185186444444,-1.6697777777777756,3.8441923,3.867341,3.930419,3.9210682,3.845032,0,0.0,0,1.0,-0.94,23.6,76.4
2022-11-19 09:00:00,176.604324494442,126.96853213889,126.985475977776,19.07592595,-1.1506666666666665,23.5,2,5.1764362714980825,70.66250196097344,9,5,11,0.7071067811865476,-0.7071067811865475,-0.9749279121818236,-0.2225209339563146,-0.5000000000000004,0.8660254037844384,43.0,26.875,8.958333333333334,14.3,29.9,1.0,67.0,-8.4,2.6164684,0.0,-3.1,19.23888887,23.5,23.53333333333333,23.8,23.535714285714285,23.45,-20.226592616666668,0.0037037000000026,0.302,-1.4526666666666666,-0.8206666666666667,19.09938273777778,-1.4317777777777756,3.845032,3.8441923,3.867341,3.930419,3.873886,0,0.0,0,1.0,-0.94,23.6,76.4
2022-11-19 09:15:00,132.299985605554,87.30206334444401,87.317062794442,19.23888887,-0.8206666666666667,23.45,2,5.1764362714980825,70.66250196097344,9,5,11,0.7071067811865476,-0.7071067811865475,-0.9749279121818236,-0.2225209339563146,-0.5000000000000004,0.8660254037844384,78.0,43.6875,15.458333333333334,14.65,31.25,0.75,64.5,-8.6,2.5818923,0.0,-2.75,19.8722222,23.5,23.5,23.53333333333333,23.8,22.85,-20.059555536666668,0.1629629199999982,0.3299999999999998,-1.1506666666666665,-0.4466666666666666,19.129012356666667,-1.141333333333331,3.873886,3.845032,3.8441923,3.867341,3.9178963,0,0.0,0,1.0,-0.9,22.1,77.9
2022-11-19 09:30:00,118.679141527778,86.6973653,86.71236473333201,19.8722222,-0.4466666666666666,22.85,2,5.1764362714980825,70.66250196097344,9,5,11,0.7071067811865476,-0.7071067811865475,-0.9749279121818236,-0.2225209339563146,-0.5000000000000004,0.8660254037844384,113.0,66.5625,24.875,15.0,32.599999999999994,0.5,62.0,-8.8,2.543758,0.0,-2.4,20.25000001,23.45,23.5,23.5,23.53333333333333,22.2,-20.318888866666665,0.6333333299999993,0.374,-0.8206666666666667,-0.0446666666666666,19.39567900666667,-0.8059999999999978,3.9178963,3.873886,3.845032,3.8441923,3.8915484,0,0.0,0,1.0,-0.76,17.2,82.8
2022-11-19 09:45:00,146.329702111112,109.091469450002,109.108135516666,20.25000001,-0.0446666666666666,22.2,2,5.1764362714980825,70.66250196097344,9,5,11,0.7071067811865476,-0.7071067811865475,-0.9749279121818236,-0.2225209339563146,-0.5000000000000004,0.8660254037844384,148.0,95.5,37.208333333333336,15.35,33.95,0.25,59.5,-9.0,2.5019276,0.0,-2.05,20.13333337,22.85,23.45,23.5,23.5,22.466666666666665,-20.29466667666667,0.3777778100000013,0.402,-0.4466666666666666,0.1333333333333333,19.78703702666667,-0.4373333333333313,3.8915484,3.9178963,3.873886,3.845032,3.9115207,0,0.0,0,1.0,-0.68,14.7,85.3
2022-11-19 10:00:00,224.68045700555,176.067679227778,176.08684516111,20.13333337,0.1333333333333333,22.466666666666665,2,5.1764362714980825,70.66250196097344,10,5,11,0.4999999999999999,-0.8660254037844387,-0.9749279121818236,-0.2225209339563146,-0.5000000000000004,0.8660254037844384,183.0,130.5,52.458333333333336,15.7,35.3,0.0,57.0,-9.2,2.4562612,0.0,-1.7,19.94444446,22.2,22.85,23.45,23.5,22.65,-20.000000036666663,-0.1166666400000018,0.178,-0.0446666666666666,-0.3593333333333334,20.08518519333333,-0.1193333333333312,3.9115207,3.8915484,3.9178963,3.873886,3.9000738,0,0.0,0,1.0,-0.7,15.4,84.6
2022-11-19 10:15:00,1207.596416411112,225.970683011112,225.999848577776,19.94444446,-0.3593333333333334,22.65,2,5.1764362714980825,70.66250196097344,10,5,11,0.4999999999999999,-0.8660254037844387,-0.9749279121818236,-0.2225209339563146,-0.5000000000000004,0.8660254037844384,217.0,165.25,70.54166666666667,15.85,35.925,0.5,55.25,-9.3,2.4312434,0.0,-1.4,19.899999963333336,22.466666666666665,22.2,22.85,23.45,24.08333333333333,-20.30377779333333,-0.1888889099999993,-0.4926666666666667,0.1333333333333333,-0.7453333333333333,20.109259280000003,-0.0902222222222201,3.9000738,3.9115207,3.8915484,3.9178963,4.136094,0,0.0,0,1.0,-0.74,16.7,83.3
2022-11-19 10:30:00,333.987751022224,158.392275155556,158.411996616666,19.899999963333336,-0.7453333333333333,24.08333333333333,2,5.1764362714980825,70.66250196097344,10,5,11,0.4999999999999999,-0.8660254037844387,-0.9749279121818236,-0.2225209339563146,-0.5000000000000004,0.8660254037844384,251.0,199.75,91.45833333333331,16.0,36.55,1.0,53.5,-9.4,2.403937,0.0,-1.1,19.70000001,22.65,22.466666666666665,22.2,22.85,24.95,-20.64533329666667,-0.0444444966666637,-0.3859999999999999,-0.3593333333333334,-0.7306666666666667,19.992592597777776,-0.3237777777777757,4.136094,3.9000738,3.9115207,3.8915484,4.2349677,0,0.0,0,1.0,-0.75,16.7,83.3
2022-11-19 10:45:00,214.956679255552,155.262678144444,155.281010777776,19.70000001,-0.7306666666666667,24.95,2,5.1764362714980825,70.66250196097344,10,5,11,0.4999999999999999,-0.8660254037844387,-0.9749279121818236,-0.2225209339563146,-0.5000000000000004,0.8660254037844384,285.0,234.0,115.20833333333331,16.15,37.175,1.5,51.75,-9.5,2.3742685,0.0,-0.7999999999999999,19.490740726666665,24.08333333333333,22.65,22.466666666666665,22.2,25.933333333333334,-20.430666676666668,-0.1999999533333358,0.0146666666666666,-0.7453333333333333,-0.3,19.848148144444448,-0.6117777777777756,4.2349677,4.136094,3.9000738,3.9115207,4.348096,0,0.0,0,1.0,-0.79,18.1,81.9
2022-11-19 11:00:00,606.141864555552,158.519770088888,158.540324833332,19.490740726666665,-0.3,25.933333333333334,2,5.1764362714980825,70.66250196097344,11,5,11,0.258819045102521,-0.9659258262890682,-0.9749279121818236,-0.2225209339563146,-0.5000000000000004,0.8660254037844384,319.0,268.0,141.79166666666666,16.3,37.8,2.0,50.0,-9.6,2.3421605,0.0,-0.5,19.39999999,24.95,24.08333333333333,22.65,22.466666666666665,25.95,-19.790740726666662,-0.2092592833333348,0.4306666666666667,-0.7306666666666667,-0.3666666666666666,19.69691356666667,-0.591999999999998,4.348096,4.2349677,4.136094,3.9000738,4.327734,0,0.0,0,1.0,-0.83,19.5,80.5
2022-11-19 11:15:00,225.835132949998,178.555913044444,178.577023349998,19.39999999,-0.3666666666666666,25.95,2,5.1764362714980825,70.66250196097344,11,5,11,0.258819045102521,-0.9659258262890682,-0.9749279121818236,-0.2225209339563146,-0.5000000000000004,0.8660254037844384,344.0,299.75,169.5625,16.425,37.8,25.5,49.0,-9.65,2.3393624,0.0,-0.2249999999999999,19.39814813,25.933333333333334,24.95,24.08333333333333,22.65,25.53333333333333,-19.76666665666667,-0.0907407366666639,-0.0666666666666666,-0.3,-0.4353333333333333,19.530246908888888,-0.4657777777777757,4.327734,4.348096,4.2349677,4.136094,4.257782,0,0.0,0,1.0,-0.85,20.3,79.7
2022-11-19 11:30:00,335.926284711108,239.44514406111,239.474309611108,19.39814813,-0.4353333333333333,25.53333333333333,2,5.1764362714980825,70.66250196097344,11,5,11,0.258819045102521,-0.9659258262890682,-0.9749279121818236,-0.2225209339563146,-0.5000000000000004,0.8660254037844384,369.0,329.25,198.52083333333331,16.55,37.8,49.0,48.0,-9.7,2.3354914,0.0,0.05,19.58333335,25.95,25.933333333333334,24.95,24.08333333333333,25.95,-19.83348146333333,-0.0018518600000021,-0.0686666666666667,-0.3666666666666666,-0.2766666666666666,19.42962961555556,-0.3673333333333312,4.257782,4.327734,4.348096,4.2349677,4.374632,0,0.0,0,1.0,-0.85,20.4,79.6
2022-11-19 11:45:00,702.409958094442,14.682190455556,14.694412249998,19.58333335,-0.2766666666666666,25.95,1,5.1764362714980825,70.66250196097344,11,5,11,0.258819045102521,-0.9659258262890682,-0.9749279121818236,-0.2225209339563146,-0.5000000000000004,0.8660254037844384,394.0,356.5,228.66666666666663,16.675,37.8,72.5,47.0,-9.75,2.3305118,0.0,0.325,19.233333316666663,25.53333333333333,25.95,25.933333333333334,24.95,27.3,-19.860000016666667,0.185185220000001,0.1586666666666666,-0.4353333333333333,-0.3286666666666666,19.460493823333337,-0.3595555555555534,4.374632,4.257782,4.327734,4.348096,4.508422,0,0.0,1,1.0,-0.81,18.8,81.2
2022-11-19 12:00:00,407.288707766668,115.226501855556,115.24261236111,19.233333316666663,-0.3286666666666666,27.3,2,5.1764362714980825,70.66250196097344,12,5,11,1.2246467991473532e-16,-1.0,-0.9749279121818236,-0.2225209339563146,-0.5000000000000004,0.8660254037844384,419.0,381.5,260.0,16.8,37.8,96.0,46.0,-9.8,2.324388,0.0,0.6,19.13888891,25.95,25.53333333333333,25.95,25.933333333333334,27.95,-19.561999983333333,-0.3500000333333339,-0.0519999999999999,-0.2766666666666666,-0.2613333333333333,19.40493826555556,-0.3468888888888868,4.508422,4.374632,4.257782,4.327734,4.5901456,0,0.0,1,1.0,-0.88,21.4,78.6
2022-11-19 12:15:00,171.342868211112,147.757700555556,147.777699772222,19.13888891,-0.2613333333333333,27.95,2,5.1764362714980825,70.66250196097344,12,5,11,1.2246467991473532e-16,-1.0,-0.9749279121818236,-0.2225209339563146,-0.5000000000000004,0.8660254037844384,427.0,402.25,289.0833333333333,17.05,38.8,95.25,45.25,-9.85,2.3061588,0.0,0.725,19.374074086666667,27.3,25.95,25.53333333333333,25.95,27.166666666666668,-19.40022224333333,-0.0944444066666676,0.0673333333333333,-0.3286666666666666,0.0973333333333333,19.31851852555556,-0.2888888888888868,4.5901456,4.508422,4.374632,4.257782,4.5237327,0,0.0,0,1.0,-0.9,22.1,77.9
2022-11-19 12:30:00,67.975891972222,56.018314727778005,56.029703238886,19.374074086666667,0.0973333333333333,27.166666666666668,1,5.1764362714980825,70.66250196097344,12,5,11,1.2246467991473532e-16,-1.0,-0.9749279121818236,-0.2225209339563146,-0.5000000000000004,0.8660254037844384,435.0,418.75,315.9166666666667,17.3,39.8,94.5,44.5,-9.9,2.2874231,0.0,0.8500000000000001,19.24999999,27.95,27.3,25.95,25.53333333333333,26.2,-19.27674075333333,0.2351851766666683,0.3586666666666666,-0.2613333333333333,0.092,19.248765437777777,-0.1642222222222201,4.5237327,4.5901456,4.508422,4.374632,4.331013,0,0.0,1,1.0,-0.85,20.2,79.8
2022-11-19 12:45:00,119.112457461114,102.741445711112,102.756167388888,19.24999999,0.092,26.2,2,5.1764362714980825,70.66250196097344,12,5,11,1.2246467991473532e-16,-1.0,-0.9749279121818236,-0.2225209339563146,-0.5000000000000004,0.8660254037844384,443.0,431.0,340.5,17.55,40.8,93.75,43.75,-9.95,2.2681751,0.0,0.975,19.096296286666664,27.166666666666668,27.95,27.3,25.95,26.466666666666665,-19.15799999,-0.1240740966666678,-0.0053333333333333,0.0973333333333333,0.2306666666666666,19.25432099555556,-0.0239999999999979,4.331013,4.5237327,4.5901456,4.508422,4.33564,0,0.0,1,1.0,-0.88,21.5,78.5
2022-11-19 13:00:00,209.409123200004,175.311320583334,175.333541911112,19.096296286666664,0.2306666666666666,26.466666666666665,2,5.1764362714980825,70.66250196097344,13,5,11,-0.2588190451025208,-0.9659258262890684,-0.9749279121818236,-0.2225209339563146,-0.5000000000000004,0.8660254037844384,451.0,439.0,362.8333333333333,17.8,41.8,93.0,43.0,-10.0,2.2484071,0.0,1.1,19.334126980714284,26.2,27.166666666666668,27.95,27.3,25.73928571428572,-18.86562962,-0.1537037033333348,0.1386666666666666,0.092,0.8935714285714286,19.240123454444443,0.1400000000000021,4.33564,4.331013,4.5237327,4.5901456,4.275984,0,0.0,0,1.0,-0.92,22.8,77.2
2022-11-19 13:15:00,47.178668394442,25.8964641,25.903130549998,19.334126980714284,0.8935714285714286,25.73928571428572,1,5.1764362714980825,70.66250196097344,13,5,11,-0.2588190451025208,-0.9659258262890684,-0.9749279121818236,-0.2225209339563146,-0.5000000000000004,0.8660254037844384,447.0,444.0,382.0,17.675,41.6,89.0,42.5,-10.125,2.2336674,0.0,1.175,19.294444418571427,26.466666666666665,26.2,27.166666666666668,27.95,25.42142857142857,-18.440555552142857,0.23783069404762,0.6629047619047619,0.2306666666666666,0.8935714285714286,19.22680775246032,0.4054126984127005,4.275984,4.33564,4.331013,4.5237327,4.2133245,0,0.0,1,1.0,-0.87,20.9,79.1
2022-11-19 13:30:00,147.78103293889,135.743181172222,135.76234712222,19.294444418571427,0.8935714285714286,25.42142857142857,2,5.1764362714980825,70.66250196097344,13,5,11,-0.2588190451025208,-0.9659258262890684,-0.9749279121818236,-0.2225209339563146,-0.5000000000000004,0.8660254037844384,443.0,446.0,398.0,17.55,41.4,85.0,42.0,-10.25,2.2187092,0.0,1.25,19.31111108,25.73928571428572,26.466666666666665,26.2,27.166666666666668,25.65,-18.40087299,-0.0396825621428575,0.0,0.8935714285714286,0.6013333333333333,19.241622561984126,0.6726031746031765,4.2133245,4.275984,4.33564,4.331013,4.255383,0,0.0,1,1.0,-0.88,21.3,78.7
2022-11-19 13:45:00,164.032049572222,140.82881103889,140.847976988888,19.31111108,0.6013333333333333,25.65,2,5.1764362714980825,70.66250196097344,13,5,11,-0.2588190451025208,-0.9659258262890684,-0.9749279121818236,-0.2225209339563146,-0.5000000000000004,0.8660254037844384,439.0,445.0,410.8333333333333,17.425,41.2,81.0,41.5,-10.375,2.203532,0.0,1.325,19.437036993333333,25.42142857142857,25.73928571428572,26.466666666666665,26.2,25.5,-18.709777746666667,0.016666661428573,-0.2922380952380953,0.8935714285714286,0.338,19.31322749309524,0.7961587301587322,4.255383,4.2133245,4.275984,4.33564,4.261961,0,0.0,0,1.0,-0.87,21.1,78.9
2022-11-19 14:00:00,150.50814601667,133.757982783334,133.777148733332,19.437036993333333,0.338,25.5,2,5.1764362714980825,70.66250196097344,14,5,11,-0.4999999999999997,-0.8660254037844388,-0.9749279121818236,-0.2225209339563146,-0.5000000000000004,0.8660254037844384,435.0,441.0,420.5,17.3,41.0,77.0,41.0,-10.5,2.1881342,0.0,1.4,19.37222222,25.65,25.42142857142857,25.73928571428572,26.466666666666665,25.15,-19.09903699333333,0.125925913333333,-0.2633333333333332,0.6013333333333333,0.19,19.347530830634923,0.610968253968256,4.261961,4.255383,4.2133245,4.275984,4.187467,0,0.0,0,1.0,-0.84,20.1,79.9
2022-11-19 14:15:00,53.161762477772,25.608420088888,25.61703094444,19.37222222,0.19,25.15,1,5.1764362714980825,70.66250196097344,14,5,11,-0.4999999999999997,-0.8660254037844388,-0.9749279121818236,-0.2225209339563146,-0.5000000000000004,0.8660254037844384,410.0,431.75,426.0,17.25,40.75,75.75,40.75,-10.6,2.1747918,0.0,1.4,19.03703704666667,25.5,25.65,25.42142857142857,25.73928571428572,25.183333333333334,-19.18222222,-0.0648147733333317,-0.148,0.338,0.252,19.373456764444445,0.3764444444444465,4.187467,4.261961,4.255383,4.2133245,4.1110134,0,0.0,1,1.0,-0.86,20.7,79.3
2022-11-19 14:30:00,172.11561518333,144.375613644444,144.395612894442,19.03703704666667,0.252,25.183333333333334,2,5.1764362714980825,70.66250196097344,14,5,11,-0.4999999999999997,-0.8660254037844388,-0.9749279121818236,-0.2225209339563146,-0.5000000000000004,0.8660254037844384,385.0,417.25,427.3333333333333,17.200000000000003,40.5,74.5,40.5,-10.7,2.1614497,0.0,1.4,19.14444442,25.15,25.5,25.65,25.42142857142857,25.1,-18.78503704666667,-0.3351851733333326,0.062,0.19,0.6406666666666666,19.282098753333333,0.260000000000002,4.1110134,4.187467,4.261961,4.255383,4.123449,0,0.0,1,1.0,-0.94,23.6,76.4
2022-11-19 14:45:00,143.812302827778,130.130072372222,130.1481272,19.14444442,0.6406666666666666,25.1,2,5.1764362714980825,70.66250196097344,14,5,11,-0.4999999999999997,-0.8660254037844388,-0.9749279121818236,-0.2225209339563146,-0.5000000000000004,0.8660254037844384,360.0,397.5,424.5,17.150000000000002,40.25,73.25,40.25,-10.8,2.1481073,0.0,1.4,19.233333356666662,25.183333333333334,25.15,25.5,25.65,24.716666666666665,-18.50377775333333,0.1074073733333307,0.3886666666666666,0.252,0.788,19.18456789555556,0.360888888888891,4.123449,4.1110134,4.187467,4.261961,4.0818005,0,0.0,0,1.0,-0.91,22.6,77.4
2022-11-19 15:00:00,147.746589850002,135.738736883334,135.757069483334,19.233333356666662,0.788,24.716666666666665,2,5.1764362714980825,70.66250196097344,15,5,11,-0.7071067811865471,-0.7071067811865479,-0.9749279121818236,-0.2225209339563146,-0.5000000000000004,0.8660254037844384,335.0,372.5,417.5,17.1,40.0,72.0,40.0,-10.9,2.134765,0.0,1.4,19.27222221,25.1,25.183333333333334,25.15,25.5,24.9,-18.445333356666666,0.0888889366666667,0.1473333333333334,0.6406666666666666,0.5806666666666668,19.138271607777774,0.5602222222222243,4.0818005,4.123449,4.1110134,4.187467,4.1215067,0,0.0,0,1.0,-0.9,21.9,78.1
2022-11-19 15:15:00,94.417612127774,73.816491672222,73.830935594442,19.27222221,0.5806666666666668,24.9,2,5.1764362714980825,70.66250196097344,15,5,11,-0.7071067811865471,-0.7071067811865479,-0.9749279121818236,-0.2225209339563146,-0.5000000000000004,0.8660254037844384,302.5,345.625,407.125,16.975,39.55,72.75,39.75,-10.95,2.1214228,0.0,1.4,19.127777746666663,24.716666666666665,25.1,25.183333333333334,25.15,24.25,-18.691555543333333,0.0388888533333329,-0.2073333333333332,0.788,0.4513333333333333,19.21666666222222,0.6697777777777798,4.1215067,4.0818005,4.123449,4.1110134,3.9798973,0,0.0,0,1.0,-0.89,21.6,78.4
2022-11-19 15:30:00,136.14510956111,103.449750744444,103.464750194442,19.127777746666663,0.4513333333333333,24.25,2,5.1764362714980825,70.66250196097344,15,5,11,-0.7071067811865471,-0.7071067811865479,-0.9749279121818236,-0.2225209339563146,-0.5000000000000004,0.8660254037844384,270.0,316.875,393.375,16.85,39.1,73.5,39.5,-11.0,2.1080804,0.0,1.4,19.01666665,24.9,24.716666666666665,25.1,25.183333333333334,24.8,-18.67644441333333,-0.1444444633333326,-0.1293333333333334,0.5806666666666668,0.37,19.211111104444445,0.6066666666666688,3.9798973,4.1215067,4.0818005,4.123449,4.043575,0,0.0,0,1.0,-0.92,22.9,77.1
2022-11-19 15:45:00,185.049264416666,163.018756805554,163.040422605554,19.01666665,0.37,24.8,2,5.1764362714980825,70.66250196097344,15,5,11,-0.7071067811865471,-0.7071067811865479,-0.9749279121818236,-0.2225209339563146,-0.5000000000000004,0.8660254037844384,237.5,286.25,376.25,16.725,38.650000000000006,74.25,39.25,-11.05,2.0947382,0.0,1.4,19.351851816666667,24.25,24.9,24.716666666666665,25.1,24.35,-18.64666665,-0.1111110966666686,-0.0813333333333333,0.4513333333333333,0.374,19.138888868888888,0.4673333333333354,4.043575,3.9798973,4.1215067,4.0818005,4.0494094,0,0.0,0,1.0,-0.94,23.8,76.2
2022-11-19 16:00:00,417.819675527774,67.822564772222,67.83589762222,19.351851816666667,0.374,24.35,1,5.1764362714980825,70.66250196097344,16,5,11,-0.8660254037844385,-0.5000000000000004,-0.9749279121818236,-0.2225209339563146,-0.5000000000000004,0.8660254037844384,205.0,253.75,355.75,16.6,38.2,75.0,39.0,-11.1,2.0813956,0.0,1.4,19.19999998,24.8,24.25,24.9,24.716666666666665,24.4,-18.977851816666668,0.335185166666669,0.004,0.37,0.35,19.165432071111116,0.3984444444444464,4.0494094,4.043575,3.9798973,4.1215067,4.0215983,0,0.0,1,1.0,-0.87,21.0,79.0
2022-11-19 16:15:00,133.231059511108,111.9921868,112.008019549998,19.19999998,0.35,24.4,2,5.1764362714980825,70.66250196097344,16,5,11,-0.8660254037844385,-0.5000000000000004,-0.9749279121818236,-0.2225209339563146,-0.5000000000000004,0.8660254037844384,175.25,221.9375,333.1041666666667,15.625000000000002,38.1,72.25,39.75,-11.0,2.103432,0.0,1.275,19.109259266666665,24.35,24.8,24.25,24.9,24.78333333333333,-18.84999998,-0.151851836666669,-0.024,0.374,0.35,19.18950614888889,0.3646666666666687,4.0215983,4.0494094,4.043575,3.9798973,4.062989,0,0.0,1,1.0,-0.9,22.3,77.7
2022-11-19 16:30:00,188.789948199996,176.774317644444,176.796538972222,19.109259266666665,0.35,24.78333333333333,2,5.1764362714980825,70.66250196097344,16,5,11,-0.8660254037844385,-0.5000000000000004,-0.9749279121818236,-0.2225209339563146,-0.5000000000000004,0.8660254037844384,145.5,190.8125,308.3125,14.65,38.0,69.5,40.5,-10.9,2.1249259,0.0,1.15,19.44444448,24.4,24.35,24.8,24.25,24.15,-18.759259266666664,-0.0907407133333322,0.0,0.35,0.3593333333333334,19.220370354444444,0.358000000000002,4.062989,4.0215983,4.0494094,4.043575,4.038087,0,0.0,0,1.0,-0.92,23.0,77.0
2022-11-19 16:45:00,71.706020544444,51.080178927778,51.089623049998,19.44444448,0.3593333333333334,24.15,1,5.1764362714980825,70.66250196097344,16,5,11,-0.8660254037844385,-0.5000000000000004,-0.9749279121818236,-0.2225209339563146,-0.5000000000000004,0.8660254037844384,115.75,160.375,281.375,13.675,37.9,66.75,41.25,-10.8,2.1458838,0.0,1.025,19.19444446,24.78333333333333,24.4,24.35,24.8,24.183333333333334,-19.08511114666667,0.3351852133333359,0.0093333333333334,0.35,0.214,19.25123457555556,0.3531111111111131,4.038087,4.062989,4.0215983,4.0494094,3.984583,0,0.0,1,1.0,-0.85,20.3,79.7
2022-11-19 17:00:00,159.767497894446,121.422087355556,121.437642316666,19.19444446,0.214,24.183333333333334,2,5.1764362714980825,70.66250196097344,17,5,11,-0.9659258262890684,-0.2588190451025206,-0.9749279121818236,-0.2225209339563146,-0.5000000000000004,0.8660254037844384,86.0,130.625,252.29166666666663,12.7,37.8,64.0,42.0,-10.7,2.1663125,0.0,0.9,19.13333335,24.15,24.78333333333333,24.4,24.35,24.5,-18.98044446,-0.2500000200000016,-0.1453333333333334,0.3593333333333334,0.1933333333333333,19.24938273555556,0.3077777777777798,3.984583,4.038087,4.062989,4.0215983,4.022245,0,0.0,1,1.0,-0.91,22.4,77.6
2022-11-19 17:15:00,161.088556150002,143.926464927778,143.94646416111,19.13333335,0.1933333333333333,24.5,2,5.1764362714980825,70.66250196097344,17,5,11,-0.9659258262890684,-0.2588190451025206,-0.9749279121818236,-0.2225209339563146,-0.5000000000000004,0.8660254037844384,67.5,103.6875,223.75,12.4,35.099999999999994,53.25,43.25,-10.625,2.174219,0.0,0.525,19.34259258,24.183333333333334,24.15,24.78333333333333,24.4,24.5,-18.94000001666667,-0.0611111099999988,-0.0206666666666666,0.214,0.1033333333333333,19.25740743,0.2555555555555576,4.022245,3.984583,4.038087,4.062989,4.0721345,0,0.0,0,1.0,-0.92,22.8,77.2
2022-11-19 17:30:00,143.922854038886,131.944999772222,131.963610211108,19.34259258,0.1033333333333333,24.5,2,5.1764362714980825,70.66250196097344,17,5,11,-0.9659258262890684,-0.2588190451025206,-0.9749279121818236,-0.2225209339563146,-0.5000000000000004,0.8660254037844384,49.0,79.5625,195.75,12.1,32.4,42.5,44.5,-10.55,2.1801534,0.0,0.15,19.39444442,24.5,24.183333333333334,24.15,24.78333333333333,24.45,-19.239259246666663,0.2092592299999971,-0.09,0.1933333333333333,-0.09,19.223456796666667,0.1702222222222242,4.0721345,4.022245,3.984583,4.038087,4.0762434,0,0.0,0,1.0,-0.87,21.0,79.0
2022-11-19 17:45:00,59.017639316662,39.390924316666,39.399812911108,19.39444442,-0.09,24.45,1,5.1764362714980825,70.66250196097344,17,5,11,-0.9659258262890684,-0.2588190451025206,-0.9749279121818236,-0.2225209339563146,-0.5000000000000004,0.8660254037844384,30.5,58.25,168.29166666666666,11.8,29.7,31.75,45.75,-10.475,2.1842005,0.0,-0.2249999999999999,19.072222196666665,24.5,24.5,24.183333333333334,24.15,24.216666666666665,-19.48444442,0.0518518400000012,-0.1933333333333333,0.1033333333333333,-0.2006666666666667,19.29012345,0.0688888888888909,4.0762434,4.0721345,4.022245,3.984583,3.9614263,0,0.0,1,1.0,-0.86,20.6,79.4
2022-11-19 18:00:00,148.068521505554,131.876113677776,131.894724099996,19.072222196666665,-0.2006666666666667,24.216666666666665,2,5.1764362714980825,70.66250196097344,18,5,11,-1.0,-1.8369701987210294e-16,-0.9749279121818236,-0.2225209339563146,-0.5000000000000004,0.8660254037844384,12.0,39.75,141.375,11.5,27.0,21.0,47.0,-10.4,2.186442,0.0,-0.6,19.13333334,24.45,24.5,24.5,24.183333333333334,24.45,-19.27288886333333,-0.322222223333334,-0.1106666666666666,-0.09,-0.2933333333333333,19.269753065555552,-0.0624444444444424,3.9614263,4.0762434,4.0721345,4.022245,4.0140367,0,0.0,1,1.0,-0.93,23.5,76.5
2022-11-19 18:15:00,208.271113188892,185.350363488888,185.372029288888,19.13333334,-0.2933333333333333,24.45,2,5.1764362714980825,70.66250196097344,18,5,11,-1.0,-1.8369701987210294e-16,-0.9749279121818236,-0.2225209339563146,-0.5000000000000004,0.8660254037844384,9.0,25.125,116.91666666666669,11.4,25.825,40.0,48.5,-10.325,2.2059374,0.0,-0.925,19.396296306666667,24.216666666666665,24.45,24.5,24.5,24.03333333333333,-19.426666673333333,0.0611111433333348,-0.0926666666666666,-0.2006666666666667,-0.32,19.199999985555557,-0.1946666666666646,4.0140367,3.9614263,4.0762434,4.0721345,4.007214,0,0.0,0,1.0,-0.92,22.9,77.1
2022-11-19 18:30:00,64.326871305554,33.126174916666,33.134230211108,19.396296306666667,-0.32,24.03333333333333,1,5.1764362714980825,70.66250196097344,18,5,11,-1.0,-1.8369701987210294e-16,-0.9749279121818236,-0.2225209339563146,-0.5000000000000004,0.8660254037844384,6.0,14.375,94.91666666666669,11.3,24.65,59.0,50.0,-10.25,2.2233384,0.0,-1.25,19.06111109,24.45,24.216666666666665,24.45,24.5,24.35,-19.716296306666667,0.2629629666666666,-0.0266666666666667,-0.2933333333333333,-0.2966666666666667,19.20061728111111,-0.2713333333333313,4.007214,4.0140367,3.9614263,4.0762434,3.9806287,0,0.0,1,1.0,-0.86,20.7,79.3
2022-11-19 18:45:00,167.348305933328,144.470887616666,144.48894246111,19.06111109,-0.2966666666666667,24.35,2,5.1764362714980825,70.66250196097344,18,5,11,-1.0,-1.8369701987210294e-16,-0.9749279121818236,-0.2225209339563146,-0.5000000000000004,0.8660254037844384,3.0,7.5,75.375,11.2,23.475,78.0,51.5,-10.175,2.238721,0.0,-1.5749999999999995,19.16111111,24.03333333333333,24.45,24.216666666666665,24.45,24.316666666666663,-19.357777756666668,-0.335185216666666,0.0233333333333333,-0.32,-0.248,19.196913578888893,-0.3033333333333313,3.9806287,4.007214,4.0140367,3.9614263,3.9986892,0,0.0,1,1.0,-0.94,23.5,76.5
2022-11-19 19:00:00,77.71633563889,65.702649572222,65.714315838886,19.16111111,-0.248,24.316666666666663,1,5.1764362714980825,70.66250196097344,19,5,11,-0.9659258262890684,0.2588190451025203,-0.9749279121818236,-0.2225209339563146,-0.5000000000000004,0.8660254037844384,0.0,4.5,58.29166666666666,11.1,22.3,97.0,53.0,-10.1,2.2521553,0.0,-1.9,19.07222223,24.35,24.03333333333333,24.45,24.216666666666665,24.05,-19.40911111,0.1000000199999995,0.0486666666666666,-0.2966666666666667,-0.256,19.20617283555556,-0.2882222222222202,3.9986892,3.9806287,4.007214,4.0140367,3.9341621,0,0.0,1,1.0,-0.91,22.6,77.4
2022-11-19 19:15:00,135.635407716666,123.621443811112,123.638109811112,19.07222223,-0.256,24.05,2,5.1764362714980825,70.66250196097344,19,5,11,-0.9659258262890684,0.2588190451025203,-0.9749279121818236,-0.2225209339563146,-0.5000000000000004,0.8660254037844384,0.0,2.25,43.6875,11.3,22.475,97.75,53.25,-10.225,2.2351983,0.0,-2.075,19.018518516666667,24.316666666666663,24.35,24.03333333333333,24.45,24.466666666666665,-19.32822223,-0.0888888799999989,-0.0079999999999999,-0.248,-0.3033333333333334,19.098148143333333,-0.2668888888888869,3.9341621,3.9986892,3.9806287,4.007214,3.9896615,0,0.0,1,1.0,-0.94,23.5,76.5
2022-11-19 19:30:00,188.234414688892,164.529807427778,164.550639927778,19.018518516666667,-0.3033333333333334,24.466666666666665,2,5.1764362714980825,70.66250196097344,19,5,11,-0.9659258262890684,0.2588190451025203,-0.9749279121818236,-0.2225209339563146,-0.5000000000000004,0.8660254037844384,0.0,0.75,31.5625,11.5,22.65,98.5,53.5,-10.35,2.2182794,0.0,-2.25,19.3833333,24.05,24.316666666666663,24.35,24.03333333333333,24.15,-19.32185185,-0.0537037133333342,-0.0473333333333333,-0.256,-0.346,19.08395061888889,-0.2691111111111091,3.9896615,3.9341621,3.9986892,3.9806287,4.023597,0,0.0,0,1.0,-0.95,23.9,76.1
2022-11-19 19:45:00,140.995748977772,117.428080472222,117.444190977776,19.3833333,-0.346,24.15,2,5.1764362714980825,70.66250196097344,19,5,11,-0.9659258262890684,0.2588190451025203,-0.9749279121818236,-0.2225209339563146,-0.5000000000000004,0.8660254037844384,0.0,0.0,21.916666666666668,11.7,22.825,99.25,53.75,-10.475,2.2013998,0.0,-2.425,19.353703696666667,24.466666666666665,24.05,24.316666666666663,24.35,24.0,-19.7293333,0.3648147833333333,-0.0426666666666666,-0.3033333333333334,-0.3066666666666667,19.158024682222223,-0.3017777777777757,4.023597,3.9896615,3.9341621,3.9986892,3.991639,0,0.0,0,1.0,-0.86,20.8,79.2
2022-11-19 20:00:00,78.73962820554999,51.121288383334,51.131010277776,19.353703696666667,-0.3066666666666667,24.0,1,5.1764362714980825,70.66250196097344,20,5,11,-0.8660254037844386,0.5000000000000001,-0.9749279121818236,-0.2225209339563146,-0.5000000000000004,0.8660254037844384,0.0,0.0,14.75,11.9,23.0,100.0,54.0,-10.6,2.1845615,0.0,-2.6,18.91111109,24.15,24.466666666666665,24.05,24.316666666666663,24.05,-19.66037036333333,-0.0296296033333334,0.0393333333333333,-0.346,-0.2006666666666667,19.251851837777775,-0.3186666666666646,3.991639,4.023597,3.9896615,3.9341621,3.896929,0,0.0,1,1.0,-0.87,21.0,79.0
2022-11-19 20:15:00,126.487162627774,103.111153172222,103.125874866664,18.91111109,-0.2006666666666667,24.05,2,5.1764362714980825,70.66250196097344,20,5,11,-0.8660254037844386,0.5000000000000001,-0.9749279121818236,-0.2225209339563146,-0.5000000000000004,0.8660254037844384,0.0,0.0,9.125,12.35,24.175,100.0,53.25,-10.6,2.18476,0.0,-2.4,18.86296297333333,24.0,24.15,24.466666666666665,24.05,24.466666666666665,-19.11177775666667,-0.4425926066666648,0.106,-0.3066666666666667,-0.2153333333333333,19.216049362222225,-0.2844444444444424,3.896929,3.991639,4.023597,3.9896615,3.9531844,0,0.0,1,1.0,-0.97,25.0,75.0
2022-11-19 20:30:00,189.117990527778,174.29663893889,174.318304755556,18.86296297333333,-0.2153333333333333,24.466666666666665,2,5.1764362714980825,70.66250196097344,20,5,11,-0.8660254037844386,0.5000000000000001,-0.9749279121818236,-0.2225209339563146,-0.5000000000000004,0.8660254037844384,0.0,0.0,5.041666666666667,12.8,25.35,100.0,52.5,-10.6,2.184472,0.0,-2.2,19.27777778,24.05,24.0,24.15,24.466666666666665,24.1,-19.078296306666665,-0.0481481166666704,-0.0146666666666666,-0.2006666666666667,-0.26,19.042592586666668,-0.2408888888888868,3.9531844,3.896929,3.991639,4.023597,3.9903944,0,0.0,0,1.0,-0.98,25.3,74.7
2022-11-19 20:45:00,128.603188850006,116.498673166668,116.51478363889,19.27777778,-0.26,24.1,2,5.1764362714980825,70.66250196097344,20,5,11,-0.8660254037844386,0.5000000000000001,-0.9749279121818236,-0.2225209339563146,-0.5000000000000004,0.8660254037844384,0.0,0.0,2.5,13.25,26.525,100.0,51.75,-10.6,2.1836867,0.0,-2.0,19.29814814,24.466666666666665,24.05,24.0,24.15,23.53333333333333,-19.537777780000003,0.4148148066666692,-0.0446666666666666,-0.2153333333333333,-0.2926666666666667,19.01728394777778,-0.2253333333333313,3.9903944,3.9531844,3.896929,3.991639,3.9012427,0,0.0,0,1.0,-0.89,21.7,78.3
2022-11-19 21:00:00,89.630025855552,72.041007144444,72.052951199996,19.29814814,-0.2926666666666667,23.53333333333333,2,5.1764362714980825,70.66250196097344,21,5,11,-0.7071067811865477,0.7071067811865474,-0.9749279121818236,-0.2225209339563146,-0.5000000000000004,0.8660254037844384,0.0,0.0,1.5,13.7,27.7,100.0,51.0,-10.6,2.1823907,0.0,-1.8,19.0388889,24.1,24.466666666666665,24.05,24.0,23.85,-19.590814806666668,0.0203703600000011,-0.0326666666666666,-0.26,-0.244,19.146296297777777,-0.2559999999999979,3.9012427,3.9903944,3.9531844,3.896929,3.8937826,0,0.0,0,1.0,-0.89,21.6,78.4
2022-11-19 21:15:00,190.5948759,160.74940308333402,160.769124494446,19.0388889,-0.244,23.85,2,5.1764362714980825,70.66250196097344,21,5,11,-0.7071067811865477,0.7071067811865474,-0.9749279121818236,-0.2225209339563146,-0.5000000000000004,0.8660254037844384,0.0,0.0,0.75,14.2,29.325,100.0,50.75,-10.525,2.1984267,0.025,-1.625,19.28888886,23.53333333333333,24.1,24.466666666666665,24.05,23.816666666666663,-19.2828889,-0.2592592400000022,0.0486666666666666,-0.2926666666666667,-0.2746666666666666,19.204938273333337,-0.2655555555555535,3.8937826,3.9012427,3.9903944,3.9531844,3.946062,0,0.0,0,1.0,-0.94,23.8,76.2
2022-11-19 21:30:00,119.447166322224,91.880491283334,91.894101888888,19.28888886,-0.2746666666666666,23.816666666666663,2,5.1764362714980825,70.66250196097344,21,5,11,-0.7071067811865477,0.7071067811865474,-0.9749279121818236,-0.2225209339563146,-0.5000000000000004,0.8660254037844384,0.0,0.0,0.25,14.7,30.950000000000003,100.0,50.5,-10.45,2.2144864,0.05,-1.4500000000000002,19.244047625,23.85,23.53333333333333,24.1,24.466666666666665,23.535714285714285,-19.56355552666667,0.2499999600000002,-0.0306666666666666,-0.244,-0.3157142857142857,19.208641966666672,-0.2704444444444424,3.946062,3.8937826,3.9012427,3.9903944,3.8892276,0,0.0,0,1.0,-0.89,21.6,78.4
2022-11-19 21:45:00,93.135441166664,78.764071544444,78.776015566664,19.244047625,-0.3157142857142857,23.535714285714285,2,5.1764362714980825,70.66250196097344,21,5,11,-0.7071067811865477,0.7071067811865474,-0.9749279121818236,-0.2225209339563146,-0.5000000000000004,0.8660254037844384,0.0,0.0,0.0,15.2,32.575,100.0,50.25,-10.375,2.2305682,0.075,-1.275,19.09259258666667,23.816666666666663,23.85,23.53333333333333,24.1,23.966666666666665,-19.55976191071429,-0.0448412349999998,-0.041047619047619,-0.2746666666666666,-0.2466666666666666,19.190608461666667,-0.2781269841269821,3.8892276,3.946062,3.8937826,3.9012427,3.9252443,0,0.0,0,1.0,-0.9,22.1,77.9
2022-11-19 22:00:00,191.265682416666,169.422667288888,169.44433312222,19.09259258666667,-0.2466666666666666,23.966666666666665,2,5.1764362714980825,70.66250196097344,22,5,11,-0.5000000000000004,0.8660254037844384,-0.9749279121818236,-0.2225209339563146,-0.5000000000000004,0.8660254037844384,0.0,0.0,0.0,15.7,34.2,100.0,50.0,-10.3,2.2466702,0.1,-1.1,19.3833333,23.535714285714285,23.816666666666663,23.85,23.53333333333333,23.65,-19.33925925333333,-0.1514550383333315,0.069047619047619,-0.3157142857142857,-0.13,19.20850969055556,-0.279015873015871,3.9252443,3.8892276,3.946062,3.8937826,3.9402921,0,0.0,0,1.0,-0.93,23.3,76.7
2022-11-19 22:15:00,471.81307122222,122.264553655556,122.2826085,19.3833333,-0.13,23.65,2,5.1764362714980825,70.66250196097344,22,5,11,-0.5000000000000004,0.8660254037844384,-0.9749279121818236,-0.2225209339563146,-0.5000000000000004,0.8660254037844384,0.0,0.0,0.0,15.6,34.1,100.0,50.25,-10.175,2.2657673,0.1,-1.05,19.394444433333334,23.966666666666665,23.535714285714285,23.816666666666663,23.85,23.5,-19.5133333,0.2907407133333315,0.1166666666666666,-0.2466666666666666,-0.09,19.23999117055556,-0.2307936507936487,3.9402921,3.9252443,3.8892276,3.946062,3.9178615,0,0.0,0,1.0,-0.87,20.9,79.1
2022-11-19 22:30:00,69.337226516662,57.14493636111,57.155769327774,19.394444433333334,-0.09,23.5,1,5.1764362714980825,70.66250196097344,22,5,11,-0.5000000000000004,0.8660254037844384,-0.9749279121818236,-0.2225209339563146,-0.5000000000000004,0.8660254037844384,0.0,0.0,0.0,15.5,34.0,100.0,50.5,-10.05,2.2849674,0.1,-1.0,19.1277778,23.65,23.966666666666665,23.535714285714285,23.816666666666663,23.5,-19.484444433333334,0.0111111333333333,0.0399999999999999,-0.13,-0.1106666666666666,19.29012344,-0.1555555555555535,3.9178615,3.9402921,3.9252443,3.8892276,3.8568072,0,0.0,1,1.0,-0.87,20.8,79.2
2022-11-19 22:45:00,197.516821244444,158.1161751,158.136174333332,19.1277778,-0.1106666666666666,23.5,2,5.1764362714980825,70.66250196097344,22,5,11,-0.5000000000000004,0.8660254037844384,-0.9749279121818236,-0.2225209339563146,-0.5000000000000004,0.8660254037844384,0.0,0.0,0.0,15.4,33.9,100.0,50.75,-9.925,2.30427,0.1,-0.95,19.333730155714285,23.5,23.65,23.966666666666665,23.535714285714285,23.303571428571427,-19.238444466666667,-0.2666666333333332,-0.0206666666666666,-0.09,-0.0164285714285714,19.30185184444445,-0.1102222222222201,3.8568072,3.9178615,3.9402921,3.9252443,3.871256,0,0.0,1,1.0,-0.93,23.1,76.9
2022-11-19 23:00:00,99.206031550002,73.064855072222,73.077076866664,19.333730155714285,-0.0164285714285714,23.303571428571427,2,5.1764362714980825,70.66250196097344,23,5,11,-0.2588190451025215,0.965925826289068,-0.9749279121818236,-0.2225209339563146,-0.5000000000000004,0.8660254037844384,0.0,0.0,0.0,15.3,33.8,100.0,51.0,-9.8,2.3236756,0.1,-0.9,19.21428571928572,23.5,23.5,23.65,23.966666666666665,23.053571428571427,-19.35015872714285,0.2059523557142846,0.0942380952380952,-0.1106666666666666,0.0742857142857142,19.285317463015872,-0.0723650793650773,3.871256,3.8568072,3.9178615,3.9402921,3.8028803,0,0.0,0,1.0,-0.88,21.4,78.6
2022-11-19 23:15:00,93.620699588884,81.03286963889,81.046758049998,19.21428571928572,0.0742857142857142,23.053571428571427,2,5.1764362714980825,70.66250196097344,23,5,11,-0.2588190451025215,0.965925826289068,-0.9749279121818236,-0.2225209339563146,-0.5000000000000004,0.8660254037844384,0.0,0.0,0.0,15.225,33.625,100.0,51.25,-9.725,2.3391225,0.075,-0.875,19.02103171857143,23.303571428571427,23.5,23.5,23.65,23.475,-19.140000005,-0.1194444364285693,0.0907142857142857,-0.0164285714285714,0.0999999999999999,19.225264558333333,-0.0176031746031725,3.8028803,3.871256,3.8568072,3.9178615,3.8285227,0,0.0,0,1.0,-0.91,22.4,77.6
2022-11-19 23:30:00,178.040100261114,159.149467083334,159.168910705558,19.02103171857143,0.0999999999999999,23.475,2,5.1764362714980825,70.66250196097344,23,5,11,-0.2588190451025215,0.965925826289068,-0.9749279121818236,-0.2225209339563146,-0.5000000000000004,0.8660254037844384,0.0,0.0,0.0,15.15,33.45,100.0,51.5,-9.65,2.3546154,0.05,-0.8500000000000001,19.3333333,23.053571428571427,23.303571428571427,23.5,23.5,23.45,-18.921031718571427,-0.1932540007142869,0.0257142857142857,0.0742857142857142,0.1893333333333333,19.18968253119048,0.0526190476190496,3.8285227,3.8028803,3.871256,3.8568072,3.8954906,0,0.0,0,1.0,-0.95,24.1,75.9
2022-11-19 23:45:00,93.586811894446,77.287186155556,77.30024121666601,19.3333333,0.1893333333333333,23.45,2,5.1764362714980825,70.66250196097344,23,5,11,-0.2588190451025215,0.965925826289068,-0.9749279121818236,-0.2225209339563146,-0.5000000000000004,0.8660254037844384,0.0,0.0,0.0,15.075,33.275,100.0,51.75,-9.575,2.3701541,0.0249999999999999,-0.8250000000000001,19.188492025,23.475,23.053571428571427,23.303571428571427,23.5,23.232142857142858,-19.143999966666662,0.3123015814285708,0.0893333333333333,0.0999999999999999,0.2657142857142857,19.189550245952383,0.1212063492063512,3.8954906,3.8285227,3.8028803,3.871256,3.826517,0,0.0,0,1.0,-0.88,21.3,78.7
2022-11-20 00:00:00,89.862516588884,78.5893563,78.60268918333,19.188492025,0.2657142857142857,23.232142857142858,2,5.1764362714980825,70.66250196097344,0,6,11,0.0,1.0,-0.7818314824680299,0.6234898018587334,-0.5000000000000004,0.8660254037844384,0.0,0.0,0.0,15.0,33.1,100.0,52.0,-9.5,2.3857386,0.0,-0.8,19.00555554,23.45,23.475,23.053571428571427,23.303571428571427,23.5,-18.922777739285717,-0.144841275000001,0.0763809523809524,0.1893333333333333,0.2806666666666667,19.180952347857144,0.185015873015875,3.826517,3.8954906,3.8285227,3.8028803,3.8291023,0,0.0,0,1.0,-0.91,22.6,77.4
2022-11-20 00:15:00,185.00704400555,157.058717433332,157.07816112222,19.00555554,0.2806666666666667,23.5,2,5.1764362714980825,70.66250196097344,0,6,11,0.0,1.0,-0.7818314824680299,0.6234898018587334,-0.5000000000000004,0.8660254037844384,0.0,0.0,0.0,15.025,33.1,100.0,52.5,-9.4,2.4045043,0.0,-0.8250000000000001,19.28888886,23.232142857142858,23.45,23.475,23.053571428571427,23.5,-18.72488887333333,-0.182936484999999,0.0149523809523809,0.2657142857142857,0.004,19.175793621666667,0.2452380952380972,3.8291023,3.826517,3.8954906,3.8285227,3.893595,0,0.0,0,1.0,-0.95,24.2,75.8
2022-11-20 00:30:00,120.07630800555,84.714111333332,84.726888605554,19.28888886,0.004,23.5,2,5.1764362714980825,70.66250196097344,0,6,11,0.0,1.0,-0.7818314824680299,0.6234898018587334,-0.5000000000000004,0.8660254037844384,0.0,0.0,0.0,15.05,33.1,100.0,53.0,-9.3,2.4231966,0.0,-0.8500000000000001,19.188888870000003,23.5,23.232142857142858,23.45,23.475,23.55,-19.28488886,0.2833333200000005,-0.2766666666666666,0.2806666666666667,-0.4033333333333333,19.160978808333336,0.1834603174603194,3.893595,3.8291023,3.826517,3.8954906,3.878961,0,0.0,0,1.0,-0.89,21.7,78.3
2022-11-20 00:45:00,90.946084394438,76.332224355556,76.343890588888,19.188888870000003,-0.4033333333333333,23.55,2,5.1764362714980825,70.66250196097344,0,6,11,0.0,1.0,-0.7818314824680299,0.6234898018587334,-0.5000000000000004,0.8660254037844384,0.0,0.0,0.0,15.075,33.1,100.0,53.5,-9.2,2.4418159,0.0,-0.875,18.96481483666667,23.5,23.5,23.232142857142858,23.45,23.966666666666665,-19.592222203333336,-0.099999989999997,-0.4073333333333333,0.004,-0.7200000000000001,19.16111109,-0.0395555555555535,3.878961,3.893595,3.8291023,3.826517,3.8957603,0,0.0,0,1.0,-0.91,22.6,77.4
2022-11-20 01:00:00,173.892210849994,161.811582827778,161.832415344444,18.96481483666667,-0.7200000000000001,23.966666666666665,2,5.1764362714980825,70.66250196097344,1,6,11,0.2588190451025207,0.9659258262890684,-0.7818314824680299,0.6234898018587334,-0.5000000000000004,0.8660254037844384,0.0,0.0,0.0,15.1,33.1,100.0,54.0,-9.1,2.4603624,0.0,-0.9,19.25555555,23.55,23.5,23.5,23.232142857142858,23.95,-19.684814836666668,-0.2240740333333342,-0.3166666666666667,-0.4033333333333333,-0.7113333333333334,19.14753085555556,-0.3731111111111091,3.8957603,3.878961,3.893595,3.8291023,3.9603713,0,0.0,0,1.0,-0.96,24.5,75.5
2022-11-20 01:15:00,149.79678580555,125.9857937,126.003293049998,19.25555555,-0.7113333333333334,23.95,2,5.1764362714980825,70.66250196097344,1,6,11,0.2588190451025207,0.9659258262890684,-0.7818314824680299,0.6234898018587334,-0.5000000000000004,0.8660254037844384,0.0,0.0,0.0,15.35,33.275,100.0,54.25,-9.025,2.471753,0.025,-0.9,19.30370372,23.966666666666665,23.55,23.5,23.5,23.716666666666665,-19.966888883333333,0.2907407133333315,0.0086666666666667,-0.7200000000000001,-0.5373333333333333,19.136419752222224,-0.6115555555555536,3.9603713,3.8957603,3.878961,3.893595,3.9329226,0,0.0,0,1.0,-0.89,21.9,78.1
2022-11-20 01:30:00,122.361772099996,110.33947516111,110.357252316662,19.30370372,-0.5373333333333333,23.716666666666665,2,5.1764362714980825,70.66250196097344,1,6,11,0.2588190451025207,0.9659258262890684,-0.7818314824680299,0.6234898018587334,-0.5000000000000004,0.8660254037844384,0.0,0.0,0.0,15.6,33.45,100.0,54.5,-8.95,2.4831438,0.05,-0.9,19.17222225,23.95,23.966666666666665,23.55,23.5,24.0,-19.84103705333333,0.0481481699999974,0.174,-0.7113333333333334,-1.3886666666666665,19.17469136888889,-0.6562222222222203,3.9329226,3.9603713,3.8957603,3.878961,3.9492009,0,0.0,0,1.0,-0.88,21.5,78.5
2022-11-20 01:45:00,120.127416994442,95.800056727778,95.814222844444,19.17222225,-1.3886666666666665,24.0,2,5.1764362714980825,70.66250196097344,1,6,11,0.2588190451025207,0.9659258262890684,-0.7818314824680299,0.6234898018587334,-0.5000000000000004,0.8660254037844384,0.0,0.0,0.0,15.85,33.625,100.0,54.75,-8.875,2.494534,0.075,-0.9,19.09629629,23.716666666666665,23.95,23.966666666666665,23.55,24.183333333333334,-20.560888916666663,-0.1314814699999971,-0.8513333333333332,-0.5373333333333333,-2.004,19.243827173333333,-0.8791111111111091,3.9492009,3.9329226,3.9603713,3.8957603,3.9615953,0,0.0,0,1.0,-0.91,22.6,77.4
2022-11-20 02:00:00,116.533671849998,79.46821004444399,79.479876311108,19.09629629,-2.004,24.183333333333334,2,5.1764362714980825,70.66250196097344,2,6,11,0.4999999999999999,0.8660254037844387,-0.7818314824680299,0.6234898018587334,-0.5000000000000004,0.8660254037844384,0.0,0.0,0.0,16.1,33.8,100.0,55.0,-8.8,2.505925,0.1,-0.9,18.92222223,24.0,23.716666666666665,23.95,23.966666666666665,24.5,-21.100296290000003,-0.0759259599999992,-0.6153333333333335,-1.3886666666666665,-2.065333333333333,19.190740753333333,-1.309999999999998,3.9615953,3.9492009,3.9329226,3.9603713,3.9724507,0,0.0,0,1.0,-0.93,23.2,76.8
2022-11-20 02:15:00,185.065652711108,168.124385872222,168.145496144444,18.92222223,-2.065333333333333,24.5,2,5.1764362714980825,70.66250196097344,2,6,11,0.4999999999999999,0.8660254037844387,-0.7818314824680299,0.6234898018587334,-0.5000000000000004,0.8660254037844384,0.0,0.0,0.0,16.375,35.425,100.0,55.25,-8.775,2.512949,0.1,-0.925,19.26111110333333,24.183333333333334,24.0,23.716666666666665,23.95,24.316666666666663,-20.98755556333333,-0.1740740600000023,-0.0613333333333332,-2.004,-2.2106666666666666,19.06358025666667,-1.8193333333333312,3.9724507,3.9615953,3.9492009,3.9329226,4.022319,0,0.0,0,1.0,-0.97,24.8,75.2
2022-11-20 02:30:00,103.53919168333,91.393844116666,91.40773246111,19.26111110333333,-2.2106666666666666,24.316666666666663,2,5.1764362714980825,70.66250196097344,2,6,11,0.4999999999999999,0.8660254037844387,-0.7818314824680299,0.6234898018587334,-0.5000000000000004,0.8660254037844384,0.0,0.0,0.0,16.65,37.05,100.0,55.5,-8.75,2.5199409,0.1,-0.95,19.21111113,24.5,24.183333333333334,24.0,23.716666666666665,24.05,-21.471777770000003,0.3388888733333353,-0.1453333333333333,-2.065333333333333,-2.6633333333333336,19.093209874444444,-2.0933333333333315,4.022319,3.9724507,3.9615953,3.9492009,3.9665077,0,0.0,0,1.0,-0.89,21.8,78.2
2022-11-20 02:45:00,103.69085228333,85.6565736,85.66935092222,19.21111113,-2.6633333333333336,24.05,2,5.1764362714980825,70.66250196097344,2,6,11,0.4999999999999999,0.8660254037844387,-0.7818314824680299,0.6234898018587334,-0.5000000000000004,0.8660254037844384,0.0,0.0,0.0,16.925,38.675,100.0,55.75,-8.725,2.5268996,0.1,-0.975,19.001709397692306,24.316666666666663,24.5,24.183333333333334,24.0,24.47307692307692,-21.874444463333333,-0.0499999733333353,-0.452666666666667,-2.2106666666666666,-2.702307692307692,19.13148148777778,-2.313111111111109,3.9665077,4.022319,3.9724507,3.9615953,3.9867494,0,0.0,0,1.0,-0.9,22.3,77.7
2022-11-20 03:00:00,160.811067349998,145.8383329,145.855832183334,19.001709397692306,-2.702307692307692,24.47307692307692,2,5.1764362714980825,70.66250196097344,3,6,11,0.7071067811865476,0.7071067811865476,-0.7818314824680299,0.6234898018587334,-0.5000000000000004,0.8660254037844384,0.0,0.0,0.0,17.2,40.3,100.0,56.0,-8.7,2.5338256,0.1,-1.0,19.2611111,24.05,24.316666666666663,24.5,24.183333333333334,24.15,-21.70401709,-0.2094017323076933,-0.0389743589743583,-2.6633333333333336,-2.5073333333333334,19.157977210341883,-2.5254358974358952,3.9867494,3.9665077,4.022319,3.9724507,3.9947495,0,0.0,0,1.0,-0.95,24.0,76.0
2022-11-20 03:15:00,157.08482743889,132.883573311112,132.9013504,19.2611111,-2.5073333333333334,24.15,2,5.1764362714980825,70.66250196097344,3,6,11,0.7071067811865476,0.7071067811865476,-0.7818314824680299,0.6234898018587334,-0.5000000000000004,0.8660254037844384,0.0,0.0,0.0,17.7,41.65,100.0,57.0,-8.674999999999999,2.5434449,0.1,-1.2,19.314814783333336,24.47307692307692,24.05,24.316666666666663,24.5,24.0,-21.768444433333336,0.2594017023076951,0.1949743589743584,-2.702307692307692,-2.3713333333333333,19.15797720923077,-2.624324786324784,3.9947495,3.9867494,3.9665077,4.022319,3.9825115,0,0.0,0,1.0,-0.89,21.8,78.2
2022-11-20 03:30:00,80.357063438886,50.990738072222,51.001015494442,19.314814783333336,-2.3713333333333333,24.0,1,5.1764362714980825,70.66250196097344,3,6,11,0.7071067811865476,0.7071067811865476,-0.7818314824680299,0.6234898018587334,-0.5000000000000004,0.8660254037844384,0.0,0.0,0.0,18.2,43.0,100.0,58.0,-8.649999999999999,2.5522554,0.1,-1.4,18.97777778,24.15,24.47307692307692,24.05,24.316666666666663,24.0,-21.68614811666667,0.0537036833333353,0.1360000000000001,-2.5073333333333334,-2.303333333333333,19.19254509367521,-2.526991452991451,3.9825115,3.9947495,3.9867494,3.9665077,3.9041653,0,0.0,1,1.0,-0.88,21.4,78.6
2022-11-20 03:45:00,180.206680394442,156.250138611112,156.270137844444,18.97777778,-2.303333333333333,24.0,2,5.1764362714980825,70.66250196097344,3,6,11,0.7071067811865476,0.7071067811865476,-0.7818314824680299,0.6234898018587334,-0.5000000000000004,0.8660254037844384,0.0,0.0,0.0,18.7,44.35,100.0,59.0,-8.625,2.5602736,0.1,-1.6,19.218518496666665,24.0,24.15,24.47307692307692,24.05,23.816666666666663,-21.28111111333333,-0.3370370033333358,0.068,-2.3713333333333333,-2.283333333333333,19.184567887777774,-2.393999999999998,3.9041653,3.9825115,3.9947495,3.9867494,3.9297402,0,0.0,1,1.0,-0.96,24.4,75.6
2022-11-20 04:00:00,161.138276444444,149.111813055556,149.132367833332,19.218518496666665,-2.283333333333333,23.816666666666663,2,5.1764362714980825,70.66250196097344,4,6,11,0.8660254037844386,0.5000000000000001,-0.7818314824680299,0.6234898018587334,-0.5000000000000004,0.8660254037844384,0.0,0.0,0.0,19.2,45.7,100.0,60.0,-8.6,2.5675187,0.1,-1.8,19.32341266071429,24.0,24.0,24.15,24.47307692307692,23.553571428571427,-21.50185183,0.2407407166666644,0.02,-2.303333333333333,-2.279285714285714,19.170370353333336,-2.319333333333331,3.9297402,3.9041653,3.9825115,3.9947495,3.9104106,0,0.0,0,1.0,-0.9,22.2,77.8
2022-11-20 04:15:00,67.19370114444,55.958039372222,55.96720572222,19.32341266071429,-2.279285714285714,23.553571428571427,1,5.1764362714980825,70.66250196097344,4,6,11,0.8660254037844386,0.5000000000000001,-0.7818314824680299,0.6234898018587334,-0.5000000000000004,0.8660254037844384,0.0,0.0,0.0,19.425,45.25,98.5,59.75,-8.725,2.543435,0.075,-1.875,18.970370326666668,23.816666666666663,24.0,24.0,24.15,23.966666666666665,-21.602698375,0.1048941640476215,0.0040476190476193,-2.283333333333333,-2.306666666666666,19.17323631246032,-2.2886507936507914,3.9104106,3.9297402,3.9041653,3.9825115,3.8970394,0,0.0,1,1.0,-0.88,21.4,78.6
2022-11-20 04:30:00,178.520914427778,155.643774033332,155.66321772222,18.970370326666668,-2.306666666666666,23.966666666666665,2,5.1764362714980825,70.66250196097344,4,6,11,0.8660254037844386,0.5000000000000001,-0.7818314824680299,0.6234898018587334,-0.5000000000000004,0.8660254037844384,0.0,0.0,0.0,19.65,44.8,97.0,59.5,-8.85,2.5195243,0.05,-1.95,19.16111108,23.553571428571427,23.816666666666663,24.0,24.0,23.65,-21.277036993333333,-0.3530423340476183,-0.0273809523809527,-2.279285714285714,-2.3886666666666665,19.170767161349207,-2.2897619047619027,3.8970394,3.9104106,3.9297402,3.9041653,3.8890605,0,0.0,1,1.0,-0.96,24.4,75.6
2022-11-20 04:45:00,195.029698433336,168.83102423889,168.852690022224,19.16111108,-2.3886666666666665,23.65,2,5.1764362714980825,70.66250196097344,4,6,11,0.8660254037844386,0.5000000000000001,-0.7818314824680299,0.6234898018587334,-0.5000000000000004,0.8660254037844384,0.0,0.0,0.0,19.875,44.35,95.5,59.25,-8.975,2.4957857,0.0249999999999999,-2.025,19.429629586666668,23.966666666666665,23.553571428571427,23.816666666666663,24.0,23.316666666666663,-21.549777746666667,0.1907407533333334,-0.0819999999999998,-2.306666666666666,-2.4493333333333336,19.15163135579365,-2.3248730158730138,3.8890605,3.8970394,3.9104106,3.9297402,3.895351,0,0.0,0,1.0,-0.92,22.8,77.2
2022-11-20 05:00:00,72.164057855552,44.768764727778,44.777931094442,19.429629586666668,-2.4493333333333336,23.316666666666663,1,5.1764362714980825,70.66250196097344,5,6,11,0.9659258262890684,0.2588190451025207,-0.7818314824680299,0.6234898018587334,-0.5000000000000004,0.8660254037844384,0.0,0.0,0.0,20.1,43.9,94.0,59.0,-9.1,2.472219,0.0,-2.1,19.16111112,23.65,23.966666666666665,23.553571428571427,23.816666666666663,23.05,-21.87896292,0.2685185066666662,-0.060666666666667,-2.3886666666666665,-2.557333333333333,19.18703699777778,-2.3815555555555536,3.895351,3.8890605,3.8970394,3.9104106,3.7903953,0,0.0,1,1.0,-0.86,20.5,79.5
2022-11-20 05:15:00,478.888899411104,123.645054016666,123.664497738886,19.16111112,-2.557333333333333,23.05,2,5.1764362714980825,70.66250196097344,5,6,11,0.9659258262890684,0.2588190451025207,-0.7818314824680299,0.6234898018587334,-0.5000000000000004,0.8660254037844384,0.0,0.0,0.0,20.8,45.075,75.0,58.0,-9.45,2.4006438,0.0,-2.275,19.05370367333333,23.316666666666663,23.65,23.966666666666665,23.553571428571427,23.28333333333333,-21.718444453333333,-0.2685184666666664,-0.1079999999999996,-2.4493333333333336,-2.7046666666666668,19.250617262222224,-2.4651111111111086,3.7903953,3.895351,3.8890605,3.8970394,3.8045897,0,0.0,1,1.0,-0.92,22.9,77.1
2022-11-20 05:30:00,210.392139511112,194.247507555556,194.27083993889,19.05370367333333,-2.7046666666666668,23.28333333333333,2,5.1764362714980825,70.66250196097344,5,6,11,0.9659258262890684,0.2588190451025207,-0.7818314824680299,0.6234898018587334,-0.5000000000000004,0.8660254037844384,0.0,0.0,0.0,21.5,46.25,56.0,57.0,-9.8,2.3304057,0.0,-2.45,19.39444444,23.05,23.316666666666663,23.65,23.966666666666665,22.6,-21.758370340000003,-0.1074074466666665,-0.1473333333333335,-2.557333333333333,-2.91,19.214814793333336,-2.5704444444444428,3.8045897,3.7903953,3.895351,3.8890605,3.7678158,0,0.0,0,1.0,-0.94,23.8,76.2
2022-11-20 05:45:00,72.702925066668,60.512301644444,60.523690172218,19.39444444,-2.91,22.6,1,5.1764362714980825,70.66250196097344,5,6,11,0.9659258262890684,0.2588190451025207,-0.7818314824680299,0.6234898018587334,-0.5000000000000004,0.8660254037844384,0.0,0.0,0.0,22.2,47.425,37.0,56.0,-10.15,2.2614844,0.0,-2.625,19.190740753333333,23.28333333333333,23.05,23.316666666666663,23.65,22.216666666666665,-22.30444444,0.3407407666666628,-0.2053333333333329,-2.7046666666666668,-3.1086666666666662,19.203086411111112,-2.723999999999998,3.7678158,3.8045897,3.7903953,3.895351,3.6597452,0,0.0,1,1.0,-0.87,21.0,79.0
2022-11-20 06:00:00,146.401365927778,130.428949266668,130.446726405554,19.190740753333333,-3.1086666666666662,22.216666666666665,2,5.1764362714980825,70.66250196097344,6,6,11,1.0,6.123233995736766e-17,-0.7818314824680299,0.6234898018587334,-0.5000000000000004,0.8660254037844384,0.0,0.0,0.0,22.9,48.6,18.0,55.0,-10.5,2.193861,0.0,-2.8,19.10555555,22.6,23.28333333333333,23.05,23.316666666666663,22.45,-22.29940742,-0.2037036866666639,-0.1986666666666665,-2.91,-3.252666666666667,19.21296295555556,-2.907777777777776,3.6597452,3.7678158,3.8045897,3.7903953,3.6796572,0,0.0,1,1.0,-0.92,22.8,77.2
2022-11-20 06:15:00,223.797158905554,192.131203344444,192.154258005554,19.10555555,-3.252666666666667,22.45,2,5.1764362714980825,70.66250196097344,6,6,11,1.0,6.123233995736766e-17,-0.7818314824680299,0.6234898018587334,-0.5000000000000004,0.8660254037844384,0.0,0.0,0.0,23.25,49.225,20.0,54.5,-10.825,2.1396408,0.0,-3.025,19.45185185333333,22.216666666666665,22.6,23.28333333333333,23.05,22.03333333333333,-22.358222216666668,-0.0851852033333315,-0.1440000000000005,-3.1086666666666662,-3.358,19.230246914444447,-3.0904444444444423,3.6796572,3.6597452,3.7678158,3.8045897,3.6857686,0,0.0,0,1.0,-0.94,23.5,76.5
2022-11-20 06:30:00,130.0081328,102.379237983334,102.39395966111,19.45185185333333,-3.358,22.03333333333333,2,5.1764362714980825,70.66250196097344,6,6,11,1.0,6.123233995736766e-17,-0.7818314824680299,0.6234898018587334,-0.5000000000000004,0.8660254037844384,0.0,0.0,0.0,23.6,49.85,22.0,54.0,-11.15,2.086521,0.0,-3.25,19.3388889,22.45,22.216666666666665,22.6,23.28333333333333,21.7,-22.80985185333333,0.3462963033333324,-0.1053333333333332,-3.252666666666667,-3.377333333333333,19.24938271888889,-3.239777777777775,3.6857686,3.6796572,3.6597452,3.7678158,3.6059613,0,0.0,0,1.0,-0.86,20.6,79.4
2022-11-20 06:45:00,89.786686322216,75.568366027778,75.581698894442,19.3388889,-3.377333333333333,21.7,2,5.1764362714980825,70.66250196097344,6,6,11,1.0,6.123233995736766e-17,-0.7818314824680299,0.6234898018587334,-0.5000000000000004,0.8660254037844384,0.0,0.0,0.0,23.95,50.475,24.0,53.5,-11.475,2.034483,0.0,-3.475,18.914814826666667,22.03333333333333,22.45,22.216666666666665,22.6,21.966666666666665,-22.71622223333333,-0.1129629533333371,-0.0193333333333334,-3.358,-3.3993333333333333,19.298765434444448,-3.3293333333333317,3.6059613,3.6857686,3.6796572,3.6597452,3.5601354,0,0.0,0,1.0,-0.89,21.6,78.4
2022-11-20 07:00:00,179.779752872226,155.562110583334,155.583498627778,18.914814826666667,-3.3993333333333333,21.966666666666665,2,5.1764362714980825,70.66250196097344,7,6,11,0.9659258262890684,-0.2588190451025206,-0.7818314824680299,0.6234898018587334,-0.5000000000000004,0.8660254037844384,0.0,0.0,0.0,24.3,51.1,26.0,53.0,-11.8,1.9835081,0.0,-3.7,19.06666666,21.7,22.03333333333333,22.45,22.216666666666665,21.95,-22.31414816,-0.4240740733333297,-0.0219999999999997,-3.377333333333333,-3.420666666666667,19.235185193333333,-3.37822222222222,3.5601354,3.6059613,3.6857686,3.6796572,3.5894628,0,0.0,0,1.0,-0.98,25.4,74.6
2022-11-20 07:15:00,182.579363299996,170.531511816666,170.5540109,19.06666666,-3.420666666666667,21.95,2,5.1764362714980825,70.66250196097344,7,6,11,0.9659258262890684,-0.2588190451025206,-0.7818314824680299,0.6234898018587334,-0.5000000000000004,0.8660254037844384,0.0,0.0,0.0,24.25,51.725,19.5,49.75,-12.75,1.8552684,0.0,-3.75,19.33888887333333,21.966666666666665,21.7,22.03333333333333,22.45,21.53333333333333,-22.487333326666665,0.1518518333333318,-0.0213333333333336,-3.3993333333333333,-3.52,19.10679012888889,-3.399111111111109,3.5894628,3.5601354,3.6059613,3.6857686,3.5782654,0,0.0,0,1.0,-0.95,24.0,76.0
2022-11-20 07:30:00,160.25692271667,148.221848672222,148.241014572222,19.33888887333333,-3.52,21.53333333333333,2,5.1764362714980825,70.66250196097344,7,6,11,0.9659258262890684,-0.2588190451025206,-0.7818314824680299,0.6234898018587334,-0.5000000000000004,0.8660254037844384,0.0,0.0,0.0,24.200000000000003,52.35,13.0,46.5,-13.7,1.7279109,0.0,-3.8,19.46666667,21.95,21.966666666666665,21.7,22.03333333333333,21.5,-22.85888887333333,0.272222213333336,-0.099333333333333,-3.420666666666667,-3.452,19.106790120000003,-3.446666666666665,3.5782654,3.5894628,3.5601354,3.6059613,3.5996857,0,0.0,0,1.0,-0.89,21.7,78.3
2022-11-20 07:45:00,191.440953105558,159.658335644444,159.677779283334,19.46666667,-3.452,21.5,2,5.1764362714980825,70.66250196097344,7,6,11,0.9659258262890684,-0.2588190451025206,-0.7818314824680299,0.6234898018587334,-0.5000000000000004,0.8660254037844384,0.0,0.0,0.0,24.15,52.975,6.5,43.25,-14.65,1.6014328,0.0,-3.85,19.418518526666663,21.53333333333333,21.95,21.966666666666665,21.7,21.316666666666663,-22.91866667,0.1277777966666633,0.068,-3.52,-3.384666666666667,19.290740734444444,-3.46422222222222,3.5996857,3.5782654,3.5894628,3.5601354,3.5588982,0,0.0,0,1.0,-0.86,20.6,79.4
2022-11-20 08:00:00,69.09279184444,38.569290483334,38.579845694442,19.418518526666663,-3.384666666666667,21.316666666666663,1,5.1764362714980825,70.66250196097344,8,6,11,0.8660254037844387,-0.4999999999999998,-0.7818314824680299,0.6234898018587334,-0.5000000000000004,0.8660254037844384,0.0,0.0,0.0,24.1,53.6,0.0,40.0,-15.6,1.4758292,0.0,-3.9,19.09444445,21.5,21.53333333333333,21.95,21.966666666666665,21.35,-22.80318519333333,-0.0481481433333321,0.067333333333333,-3.452,-3.42,19.40802469,-3.45222222222222,3.5588982,3.5996857,3.5782654,3.5894628,3.4970703,0,0.0,1,1.0,-0.87,21.0,79.0
2022-11-20 08:15:00,164.22565296111,149.149589327778,149.170977405554,19.09444445,-3.42,21.35,2,5.1764362714980825,70.66250196097344,8,6,11,0.8660254037844387,-0.4999999999999998,-0.7818314824680299,0.6234898018587334,-0.5000000000000004,0.8660254037844384,10.75,2.6875,0.8958333333333334,24.375,53.7,0.0,41.25,-15.275,1.5192405,0.0,-3.925,19.205555553333333,21.316666666666663,21.5,21.53333333333333,21.95,21.316666666666663,-22.51444445,-0.3240740766666654,-0.0353333333333329,-3.384666666666667,-3.484,19.32654321555556,-3.418888888888887,3.4970703,3.5588982,3.5996857,3.5782654,3.5145543,0,0.0,1,1.0,-0.94,23.9,76.1
2022-11-20 08:30:00,217.126870044448,199.85478323889,199.880615555556,19.205555553333333,-3.484,21.316666666666663,2,5.1764362714980825,70.66250196097344,8,6,11,0.8660254037844387,-0.4999999999999998,-0.7818314824680299,0.6234898018587334,-0.5000000000000004,0.8660254037844384,21.5,8.0625,2.6875,24.65,53.8,0.0,42.5,-14.95,1.5624924,0.0,-3.95,19.43333334,21.35,21.316666666666663,21.5,21.53333333333333,21.0,-22.68955555333333,0.1111111033333323,-0.064,-3.42,-3.3986666666666667,19.23950617666667,-3.4295555555555537,3.5145543,3.4970703,3.5588982,3.5996857,3.5090866,0,0.0,0,1.0,-0.92,22.9,77.1
2022-11-20 08:45:00,50.258823049994,31.3587456,31.366523138886,19.43333334,-3.3986666666666667,21.0,1,5.1764362714980825,70.66250196097344,8,6,11,0.8660254037844387,-0.4999999999999998,-0.7818314824680299,0.6234898018587334,-0.5000000000000004,0.8660254037844384,32.25,16.125,5.375,24.925,53.9,0.0,43.75,-14.625,1.6055846,0.0,-3.975,19.127777796666667,21.316666666666663,21.35,21.316666666666663,21.5,21.0,-22.832000006666668,0.2277777866666674,0.0853333333333332,-3.484,-3.2666666666666666,19.24444444777778,-3.43422222222222,3.5090866,3.5145543,3.4970703,3.5588982,3.4465086,0,0.0,1,1.0,-0.87,21.0,79.0
2022-11-20 09:00:00,148.830713183334,136.773417727778,136.792028116666,19.127777796666667,-3.2666666666666666,21.0,2,5.1764362714980825,70.66250196097344,9,6,11,0.7071067811865476,-0.7071067811865475,-0.7818314824680299,0.6234898018587334,-0.5000000000000004,0.8660254037844384,43.0,26.875,8.958333333333334,25.2,54.0,0.0,45.0,-14.3,1.6485177,0.0,-4.0,19.29999998,21.0,21.316666666666663,21.35,21.316666666666663,20.9,-22.394444463333333,-0.3055555433333339,0.1320000000000001,-3.3986666666666667,-3.202,19.25555556333333,-3.383111111111109,3.4465086,3.5090866,3.5145543,3.4970703,3.4650807,0,0.0,1,1.0,-0.94,23.6,76.4
2022-11-20 09:15:00,137.768655733332,114.5212523,114.539029405554,19.29999998,-3.202,20.9,2,5.1764362714980825,70.66250196097344,9,6,11,0.7071067811865476,-0.7071067811865475,-0.7818314824680299,0.6234898018587334,-0.5000000000000004,0.8660254037844384,79.25,44.0,15.5625,25.825,55.625,4.75,45.0,-14.175,1.6632669,0.0,-3.875,20.09814815,21.0,21.0,21.316666666666663,21.35,19.883333333333333,-22.50199998,0.1722221833333321,0.0646666666666666,-3.2666666666666666,-3.0686666666666667,19.287037038888887,-3.2891111111111093,3.4650807,3.4465086,3.5090866,3.5145543,3.4546347,0,0.0,0,1.0,-0.9,22.1,77.9
2022-11-20 09:30:00,112.031907477776,73.173461811112,73.185405816666,20.09814815,-3.0686666666666667,19.883333333333333,2,5.1764362714980825,70.66250196097344,9,6,11,0.7071067811865476,-0.7071067811865475,-0.7818314824680299,0.6234898018587334,-0.5000000000000004,0.8660254037844384,115.5,67.5,25.1875,26.45,57.25,9.5,45.0,-14.05,1.678132,0.0,-3.75,20.47777778,20.9,21.0,21.0,21.316666666666663,19.5,-23.166814816666665,0.798148170000001,0.1333333333333333,-3.202,-2.744,19.50864197555556,-3.179111111111109,3.4546347,3.4650807,3.4465086,3.5090866,3.464019,0,0.0,0,1.0,-0.73,16.1,83.9
2022-11-20 09:45:00,179.67642373889,164.504252933332,164.5250854,20.47777778,-2.744,19.5,2,5.1764362714980825,70.66250196097344,9,6,11,0.7071067811865476,-0.7071067811865475,-0.7818314824680299,0.6234898018587334,-0.5000000000000004,0.8660254037844384,151.75,97.375,37.833333333333336,27.075,58.875,14.25,45.0,-13.925,1.6931138,0.0,-3.625,20.62407408,19.883333333333333,20.9,21.0,21.0,19.5,-23.22177778,0.3796296300000001,0.3246666666666669,-3.0686666666666667,-2.453333333333333,19.95864197,-3.0048888888888867,3.464019,3.4546347,3.4650807,3.4465086,3.4936934,0,0.0,0,1.0,-0.64,13.7,86.3
2022-11-20 10:00:00,62.302507866664,50.256600788888,50.266878227774,20.62407408,-2.453333333333333,19.5,1,5.1764362714980825,70.66250196097344,10,6,11,0.4999999999999999,-0.8660254037844387,-0.7818314824680299,0.6234898018587334,-0.5000000000000004,0.8660254037844384,188.0,133.625,53.5,27.7,60.5,19.0,45.0,-13.8,1.7082132,0.0,-3.5,20.51666668,19.5,19.883333333333333,20.9,21.0,19.2,-23.077407413333333,0.1462962999999995,0.2906666666666666,-2.744,-2.4606666666666666,20.400000003333336,-2.7553333333333314,3.4936934,3.464019,3.4546347,3.4650807,3.4184725,0,0.0,1,1.0,-0.61,12.8,87.2
2022-11-20 10:15:00,154.69992290555402,133.150229311112,133.169673016666,20.51666668,-2.4606666666666666,19.2,2,5.1764362714980825,70.66250196097344,10,6,11,0.4999999999999999,-0.8660254037844387,-0.7818314824680299,0.6234898018587334,-0.5000000000000004,0.8660254037844384,221.5,169.1875,71.95833333333333,28.025,61.225,39.0,44.5,-13.8,1.7073052,0.0,-3.35,20.20925927,19.5,19.5,19.883333333333333,20.9,19.65,-22.97733334666667,-0.1074073999999996,-0.0073333333333334,-2.453333333333333,-2.28,20.53950618,-2.5526666666666644,3.4184725,3.4936934,3.464019,3.4546347,3.4363537,0,0.0,1,1.0,-0.64,13.5,86.5
2022-11-20 10:30:00,174.203309288892,159.603337811112,159.624725855556,20.20925927,-2.28,19.65,2,5.1764362714980825,70.66250196097344,10,6,11,0.4999999999999999,-0.8660254037844387,-0.7818314824680299,0.6234898018587334,-0.5000000000000004,0.8660254037844384,255.0,204.0625,93.20833333333331,28.35,61.95,59.0,44.0,-13.8,1.7061591,0.0,-3.2,20.43333333,19.2,19.5,19.5,19.883333333333333,19.6,-22.48925927,-0.3074074099999997,0.1806666666666663,-2.4606666666666666,-2.139333333333333,20.45000001,-2.397999999999998,3.4363537,3.4184725,3.4936934,3.464019,3.4727662,0,0.0,0,1.0,-0.7,15.4,84.6
2022-11-20 10:45:00,49.232475105554,27.376960444444,27.38362686111,20.43333333,-2.139333333333333,19.6,1,5.1764362714980825,70.66250196097344,10,6,11,0.4999999999999999,-0.8660254037844387,-0.7818314824680299,0.6234898018587334,-0.5000000000000004,0.8660254037844384,288.5,238.25,117.25,28.675,62.675,79.0,43.5,-13.8,1.7047704,0.0,-3.05,20.59444446333333,19.65,19.2,19.5,19.5,19.216666666666665,-22.572666663333333,0.2240740599999995,0.1406666666666671,-2.28,-2.156,20.38641976,-2.2933333333333312,3.4727662,3.4363537,3.4184725,3.4936934,3.4369903,0,0.0,1,1.0,-0.65,13.9,86.1
2022-11-20 11:00:00,158.443384211112,124.644458488888,124.66112452222,20.59444446333333,-2.156,19.216666666666665,2,5.1764362714980825,70.66250196097344,11,6,11,0.258819045102521,-0.9659258262890682,-0.7818314824680299,0.6234898018587334,-0.5000000000000004,0.8660254037844384,322.0,271.75,144.08333333333334,29.0,63.4,99.0,43.0,-13.8,1.7031344,0.0,-2.9,20.42222223,19.6,19.65,19.2,19.5,19.5,-22.75044446333333,0.1611111333333319,-0.0166666666666666,-2.139333333333333,-1.8686666666666667,20.412345687777776,-2.191777777777776,3.4369903,3.4727662,3.4363537,3.4184725,3.4528086,0,0.0,1,1.0,-0.62,13.0,87.0
2022-11-20 11:15:00,174.134423211112,152.6913921,152.711946844444,20.42222223,-1.8686666666666667,19.5,2,5.1764362714980825,70.66250196097344,11,6,11,0.258819045102521,-0.9659258262890682,-0.7818314824680299,0.6234898018587334,-0.5000000000000004,0.8660254037844384,326.75,298.0625,170.41666666666666,29.175,64.75,98.0,42.5,-13.8,1.7042493,0.0,-2.725,20.34814816333333,19.216666666666665,19.6,19.65,19.2,19.5,-22.290888896666665,-0.1722222333333327,0.287333333333333,-2.156,-1.934,20.48333334111111,-2.0546666666666646,3.4528086,3.4369903,3.4727662,3.4363537,3.4379086,0,0.0,0,1.0,-0.66,14.0,86.0
2022-11-20 11:30:00,61.192552183334,49.189976772222,49.200254194442,20.34814816333333,-1.934,19.5,1,5.1764362714980825,70.66250196097344,11,6,11,0.258819045102521,-0.9659258262890682,-0.7818314824680299,0.6234898018587334,-0.5000000000000004,0.8660254037844384,331.5,317.1875,196.25,29.35,66.1,97.0,42.0,-13.8,1.7050972,0.0,-2.55,20.07777778,19.5,19.216666666666665,19.6,19.65,19.85,-22.282148163333336,-0.0740740666666646,-0.0653333333333332,-1.8686666666666667,-1.909333333333333,20.45493828555556,-1.98622222222222,3.4379086,3.4528086,3.4369903,3.4727662,3.4447346,0,0.0,1,1.0,-0.67,14.5,85.5
2022-11-20 11:45:00,150.631752355552,136.046502355556,136.065946027778,20.07777778,-1.909333333333333,19.85,2,5.1764362714980825,70.66250196097344,11,6,11,0.258819045102521,-0.9659258262890682,-0.7818314824680299,0.6234898018587334,-0.5000000000000004,0.8660254037844384,336.25,329.125,221.58333333333331,29.525,67.45,96.0,41.5,-13.8,1.7056724,0.0,-2.375,19.96851849333333,19.5,19.5,19.216666666666665,19.6,19.816666666666663,-21.98711111333333,-0.2703703833333328,0.0246666666666666,-1.934,-1.474,20.28271605777778,-1.903999999999998,3.4447346,3.4379086,3.4528086,3.4369903,3.4170227,0,0.0,1,1.0,-0.73,16.2,83.8
2022-11-20 12:00:00,137.369782788888,115.812034,115.82842226111,19.96851849333333,-1.474,19.816666666666663,2,5.1764362714980825,70.66250196097344,12,6,11,1.2246467991473532e-16,-1.0,-0.7818314824680299,0.6234898018587334,-0.5000000000000004,0.8660254037844384,341.0,333.875,246.41666666666663,29.7,68.8,95.0,41.0,-13.8,1.7059689,0.0,-2.2,19.97777775,19.85,19.5,19.5,19.216666666666665,19.5,-21.44251849333333,-0.1092592866666706,0.4353333333333333,-1.909333333333333,-1.1946666666666663,20.13148147888889,-1.7724444444444425,3.4170227,3.4447346,3.4379086,3.4528086,3.3642418,0,0.0,0,1.0,-0.75,17.0,83.0
2022-11-20 12:15:00,195.056363983338,174.834673,174.856616572222,19.97777775,-1.1946666666666663,19.5,2,5.1764362714980825,70.66250196097344,12,6,11,1.2246467991473532e-16,-1.0,-0.7818314824680299,0.6234898018587334,-0.5000000000000004,0.8660254037844384,342.5,337.8125,268.3541666666667,30.025,68.8,94.5,39.75,-14.075,1.6656052,0.0,-2.1,20.222222196666667,19.816666666666663,19.85,19.5,19.5,19.316666666666663,-21.172444416666664,0.0092592566666667,0.2793333333333334,-1.474,-1.3133333333333332,20.00802467444445,-1.525999999999998,3.3642418,3.4170227,3.4447346,3.4379086,3.3806212,0,0.0,0,1.0,-0.75,17.0,83.0
2022-11-20 12:30:00,219.292061366664,30.76654703889,30.775435649998,20.222222196666667,-1.3133333333333332,19.316666666666663,1,5.1764362714980825,70.66250196097344,12,6,11,1.2246467991473532e-16,-1.0,-0.7818314824680299,0.6234898018587334,-0.5000000000000004,0.8660254037844384,344.0,340.9375,287.3958333333333,30.35,68.8,94.0,38.5,-14.35,1.6245784,0.0,-2.0,20.33888886,19.5,19.816666666666663,19.85,19.5,19.05,-21.53555553,0.2444444466666695,-0.1186666666666667,-1.1946666666666663,-1.385333333333333,20.056172813333333,-1.327333333333331,3.3806212,3.3642418,3.4170227,3.4447346,3.356756,0,0.0,1,1.0,-0.7,15.4,84.6
2022-11-20 12:45:00,741.937821433328,139.351370172222,139.371369388888,20.33888886,-1.385333333333333,19.05,2,5.1764362714980825,70.66250196097344,12,6,11,1.2246467991473532e-16,-1.0,-0.7818314824680299,0.6234898018587334,-0.5000000000000004,0.8660254037844384,345.5,343.25,303.5416666666667,30.675,68.8,93.5,37.25,-14.625,1.5828829,0.0,-1.9,20.09444446333333,19.316666666666663,19.5,19.816666666666663,19.85,19.466666666666665,-21.724222193333333,0.1166666633333335,-0.0719999999999998,-1.3133333333333332,-1.5266666666666666,20.179629602222224,-1.2977777777777757,3.356756,3.3806212,3.3642418,3.4170227,3.3815079,0,0.0,1,1.0,-0.68,14.6,85.4
2022-11-20 13:00:00,512.480333283334,180.419171827778,180.442781966668,20.09444446333333,-1.5266666666666666,19.466666666666665,2,5.1764362714980825,70.66250196097344,13,6,11,-0.2588190451025208,-0.9659258262890684,-0.7818314824680299,0.6234898018587334,-0.5000000000000004,0.8660254037844384,347.0,344.75,316.7916666666667,31.0,68.8,93.0,36.0,-14.9,1.5405111,0.0,-1.8,20.19444443,19.05,19.316666666666663,19.5,19.816666666666663,19.1,-21.62111113,-0.2444443966666689,-0.1413333333333335,-1.385333333333333,-1.4026666666666665,20.21851850666667,-1.4084444444444422,3.3815079,3.356756,3.3806212,3.3642418,3.3372786,0,0.0,0,1.0,-0.73,16.2,83.8
2022-11-20 13:15:00,57.260209450002,45.215413527778,45.225690949998,20.19444443,-1.4026666666666665,19.1,1,5.1764362714980825,70.66250196097344,13,6,11,-0.2588190451025208,-0.9659258262890684,-0.7818314824680299,0.6234898018587334,-0.5000000000000004,0.8660254037844384,347.25,345.9375,327.2708333333333,30.45,68.425,92.0,34.5,-15.3,1.4892845,0.0,-1.675,20.192592620000003,19.466666666666665,19.05,19.316666666666663,19.5,18.716666666666665,-21.597111096666666,0.0999999666666653,0.1240000000000001,-1.5266666666666666,-1.2866666666666666,20.20925925111111,-1.4382222222222198,3.3372786,3.3815079,3.356756,3.3806212,3.2699459,0,0.0,1,1.0,-0.71,15.6,84.4
2022-11-20 13:30:00,159.910547788888,140.6710396,140.689650005554,20.192592620000003,-1.2866666666666666,18.716666666666665,2,5.1764362714980825,70.66250196097344,13,6,11,-0.2588190451025208,-0.9659258262890684,-0.7818314824680299,0.6234898018587334,-0.5000000000000004,0.8660254037844384,347.5,346.8125,334.9791666666667,29.9,68.05,91.0,33.0,-15.7,1.4370263,0.0,-1.55,20.033333350000003,19.1,19.466666666666665,19.05,19.316666666666663,19.0,-21.479259286666668,-0.0018518099999944,0.1159999999999998,-1.4026666666666665,-1.405333333333333,20.16049383777778,-1.405333333333331,3.2699459,3.3372786,3.3815079,3.356756,3.2886612,0,0.0,1,1.0,-0.71,15.7,84.3
2022-11-20 13:45:00,214.31448266111,190.268777844444,190.29294356111,20.033333350000003,-1.405333333333333,19.0,2,5.1764362714980825,70.66250196097344,13,6,11,-0.2588190451025208,-0.9659258262890684,-0.7818314824680299,0.6234898018587334,-0.5000000000000004,0.8660254037844384,347.75,347.375,339.9166666666667,29.35,67.675,90.0,31.5,-16.1,1.3837241,0.0,-1.425,20.053703726666665,18.716666666666665,19.1,19.466666666666665,19.05,18.816666666666663,-21.438666683333334,-0.1592592699999997,-0.1186666666666667,-1.2866666666666666,-1.4166666666666667,20.14012346666667,-1.3648888888888866,3.2886612,3.2699459,3.3372786,3.3815079,3.2608142,0,0.0,0,1.0,-0.74,16.7,83.3
2022-11-20 14:00:00,67.098982816658,39.424811844444,39.433700438886,20.053703726666665,-1.4166666666666667,18.816666666666663,1,5.1764362714980825,70.66250196097344,14,6,11,-0.4999999999999997,-0.8660254037844388,-0.7818314824680299,0.6234898018587334,-0.5000000000000004,0.8660254037844384,348.0,347.625,342.0833333333333,28.8,67.3,89.0,30.0,-16.5,1.3293654,0.0,-1.3,19.66111114,19.0,18.716666666666665,19.1,19.466666666666665,18.85,-21.470370393333333,0.020370376666662,-0.0113333333333334,-1.405333333333333,-1.456,20.09320989888889,-1.3695555555555534,3.2608142,3.2886612,3.2699459,3.3372786,3.1922686,0,0.0,1,1.0,-0.74,16.6,83.4
2022-11-20 14:15:00,162.619606305546,141.51961678888802,141.538227177776,19.66111114,-1.456,18.85,2,5.1764362714980825,70.66250196097344,14,6,11,-0.4999999999999997,-0.8660254037844388,-0.7818314824680299,0.6234898018587334,-0.5000000000000004,0.8660254037844384,335.75,344.75,342.8333333333333,28.9,67.3,91.0,31.25,-16.125,1.3823456,0.0,-1.325,19.688888873333333,18.816666666666663,19.0,18.716666666666665,19.1,19.0,-21.11711114,-0.3925925866666659,-0.0393333333333332,-1.4166666666666667,-1.4660000000000002,19.91604940555556,-1.4259999999999982,3.1922686,3.2608142,3.2886612,3.2699459,3.222922,0,0.0,1,1.0,-0.83,19.5,80.5
2022-11-20 14:30:00,195.177192616666,173.666941911112,173.689996522224,19.688888873333333,-1.4660000000000002,19.0,2,5.1764362714980825,70.66250196097344,14,6,11,-0.4999999999999997,-0.8660254037844388,-0.7818314824680299,0.6234898018587334,-0.5000000000000004,0.8660254037844384,323.5,338.75,342.1666666666667,29.0,67.3,93.0,32.5,-15.75,1.4351367,0.0,-1.35,19.8833333,18.85,18.816666666666663,19.0,18.716666666666665,18.65,-21.15488887333333,0.0277777333333339,-0.0100000000000002,-1.456,-1.8446666666666665,19.801234580000003,-1.44622222222222,3.222922,3.1922686,3.2608142,3.2886612,3.1998413,0,0.0,0,1.0,-0.82,19.3,80.7
2022-11-20 14:45:00,71.10687777778,58.917365444444,58.928198361110006,19.8833333,-1.8446666666666665,18.65,1,5.1764362714980825,70.66250196097344,14,6,11,-0.4999999999999997,-0.8660254037844388,-0.7818314824680299,0.6234898018587334,-0.5000000000000004,0.8660254037844384,311.25,329.625,340.0833333333333,29.1,67.3,95.0,33.75,-15.375,1.4877393,0.0,-1.375,19.60370370333333,19.0,18.85,18.816666666666663,19.0,18.683333333333334,-21.727999966666665,0.1944444266666671,-0.3786666666666662,-1.4660000000000002,-1.9486666666666668,19.744444437777776,-1.5888888888888868,3.1998413,3.222922,3.1922686,3.2608142,3.1533942,0,0.0,1,1.0,-0.78,17.8,82.2
2022-11-20 15:00:00,131.305025555548,119.252174172222,119.269673505554,19.60370370333333,-1.9486666666666668,18.683333333333334,2,5.1764362714980825,70.66250196097344,15,6,11,-0.7071067811865471,-0.7071067811865479,-0.7818314824680299,0.6234898018587334,-0.5000000000000004,0.8660254037844384,299.0,317.375,336.5833333333333,29.2,67.3,97.0,35.0,-15.0,1.5401541,0.0,-1.4,19.49999999,18.65,19.0,18.85,18.816666666666663,19.0,-21.55237037,-0.2796295966666662,-0.1040000000000003,-1.8446666666666665,-2.05,19.72530862555556,-1.753111111111109,3.1533942,3.1998413,3.222922,3.1922686,3.1873584,0,0.0,1,1.0,-0.84,20.0,80.0
2022-11-20 15:15:00,203.105208733336,173.6730528,173.694718583334,19.49999999,-2.05,19.0,2,5.1764362714980825,70.66250196097344,15,6,11,-0.7071067811865471,-0.7071067811865479,-0.7818314824680299,0.6234898018587334,-0.5000000000000004,0.8660254037844384,265.75,299.875,330.1875,29.2,66.325,97.75,35.25,-14.975,1.5457554,0.0,-1.45,19.716666673333336,18.683333333333334,18.65,19.0,18.85,19.0,-21.54999999,-0.1037037133333349,-0.101333333333333,-1.9486666666666668,-2.023333333333333,19.662345664444448,-1.947777777777776,3.1873584,3.1533942,3.1998413,3.222922,3.2281816,0,0.0,0,1.0,-0.87,20.8,79.2
2022-11-20 15:30:00,168.855745516666,140.598542483334,140.618263944444,19.716666673333336,-2.023333333333333,19.0,2,5.1764362714980825,70.66250196097344,15,6,11,-0.7071067811865471,-0.7071067811865479,-0.7818314824680299,0.6234898018587334,-0.5000000000000004,0.8660254037844384,232.5,277.125,320.8958333333333,29.2,65.35,98.5,35.5,-14.95,1.5512968,0.0,-1.5,19.7222222,19.0,18.683333333333334,18.65,19.0,18.7,-21.74000000666667,0.2166666833333366,0.0266666666666663,-2.05,-2.044,19.606790122222225,-2.007333333333331,3.2281816,3.1873584,3.1533942,3.1998413,3.178246,0,0.0,0,1.0,-0.82,19.1,80.9
2022-11-20 15:45:00,72.270997944444,52.95982593889,52.968992305554,19.7222222,-2.044,18.7,1,5.1764362714980825,70.66250196097344,15,6,11,-0.7071067811865471,-0.7071067811865479,-0.7818314824680299,0.6234898018587334,-0.5000000000000004,0.8660254037844384,199.25,249.125,308.7083333333333,29.2,64.375,99.25,35.75,-14.925,1.5567783,0.0,-1.55,19.41111112,19.0,19.0,18.683333333333334,18.65,18.966666666666665,-21.7662222,0.0055555266666615,-0.0206666666666666,-2.023333333333333,-2.1853333333333333,19.64629628777778,-2.0391111111111093,3.178246,3.2281816,3.1873584,3.1533942,3.165178,0,0.0,1,1.0,-0.82,19.1,80.9
2022-11-20 16:00:00,175.549644366668,155.828488811112,155.848765783334,19.41111112,-2.1853333333333333,18.966666666666665,2,5.1764362714980825,70.66250196097344,16,6,11,-0.8660254037844385,-0.5000000000000004,-0.7818314824680299,0.6234898018587334,-0.5000000000000004,0.8660254037844384,166.0,215.875,293.625,29.2,63.4,100.0,36.0,-14.9,1.562201,0.0,-1.6,19.55,18.7,19.0,19.0,18.683333333333334,19.0,-21.596444453333334,-0.3111110799999963,-0.1413333333333333,-2.044,-2.352,19.61666666444445,-2.08422222222222,3.165178,3.178246,3.2281816,3.1873584,3.19674,0,0.0,1,1.0,-0.89,21.6,78.4
2022-11-20 16:15:00,171.931733572222,155.8537656,155.874320344444,19.55,-2.352,19.0,2,5.1764362714980825,70.66250196097344,16,6,11,-0.8660254037844385,-0.5000000000000004,-0.7818314824680299,0.6234898018587334,-0.5000000000000004,0.8660254037844384,141.0,184.6875,276.4375,27.925,63.925,100.0,36.75,-14.7,1.5808766,0.0,-1.725,19.68333334333333,18.966666666666665,18.7,19.0,19.0,19.0,-21.902,0.1388888799999996,-0.1666666666666665,-2.1853333333333333,-2.488,19.56111110666667,-2.193777777777776,3.19674,3.165178,3.178246,3.2281816,3.2218716,0,0.0,0,1.0,-0.85,20.4,79.6
2022-11-20 16:30:00,168.37215376111,156.341801644444,156.362911933332,19.68333334333333,-2.488,19.0,2,5.1764362714980825,70.66250196097344,16,6,11,-0.8660254037844385,-0.5000000000000004,-0.7818314824680299,0.6234898018587334,-0.5000000000000004,0.8660254037844384,116.0,155.5625,257.1458333333333,26.65,64.45,100.0,37.5,-14.5,1.599094,0.0,-1.85,19.78888886,19.0,18.966666666666665,18.7,19.0,19.0,-22.17133334333333,0.1333333433333337,-0.1360000000000001,-2.352,-2.639333333333333,19.548148154444444,-2.3417777777777755,3.2218716,3.19674,3.165178,3.178246,3.24189,0,0.0,0,1.0,-0.82,19.3,80.7
2022-11-20 16:45:00,123.611999888884,103.087265244444,103.104209049998,19.78888886,-2.639333333333333,19.0,2,5.1764362714980825,70.66250196097344,16,6,11,-0.8660254037844385,-0.5000000000000004,-0.7818314824680299,0.6234898018587334,-0.5000000000000004,0.8660254037844384,91.0,128.5,235.75,25.375,64.975,100.0,38.25,-14.3,1.6168596,0.0,-1.975,19.607407396666662,19.0,19.0,18.966666666666665,18.7,19.0,-22.428222193333333,0.1055555166666657,-0.1513333333333335,-2.488,-2.83,19.67407406777778,-2.493111111111109,3.24189,3.2218716,3.19674,3.165178,3.2075396,0,0.0,0,1.0,-0.8,18.5,81.5
2022-11-20 17:00:00,112.197456555548,76.681932633332,76.69415444444,19.607407396666662,-2.83,19.0,2,5.1764362714980825,70.66250196097344,17,6,11,-0.9659258262890684,-0.2588190451025206,-0.7818314824680299,0.6234898018587334,-0.5000000000000004,0.8660254037844384,66.0,103.5,212.25,24.1,65.5,100.0,39.0,-14.1,1.6341788,0.0,-2.1,19.31111113,19.0,19.0,19.0,18.966666666666665,19.3,-22.437407396666664,-0.1814814633333341,-0.1906666666666665,-2.639333333333333,-3.0073333333333334,19.693209866666667,-2.6524444444444426,3.2075396,3.24189,3.2218716,3.19674,3.2019057,0,0.0,0,1.0,-0.84,19.9,80.1
2022-11-20 17:15:00,142.521798949998,121.74651886111,121.764018227774,19.31111113,-3.0073333333333334,19.3,2,5.1764362714980825,70.66250196097344,17,6,11,-0.9659258262890684,-0.2588190451025206,-0.7818314824680299,0.6234898018587334,-0.5000000000000004,0.8660254037844384,51.0,81.0,188.52083333333331,23.225,62.075,100.0,41.0,-13.7,1.694029,0.025,-2.3,19.23703706333333,19.0,19.0,19.0,19.0,19.216666666666665,-22.31844446333333,-0.2962962666666691,-0.1773333333333333,-2.83,-3.1853333333333333,19.56913579555556,-2.8255555555555536,3.2019057,3.2075396,3.24189,3.2218716,3.1742032,0,0.0,0,1.0,-0.91,22.4,77.6
2022-11-20 17:30:00,149.142645238886,137.138403127778,137.156180233332,19.23703706333333,-3.1853333333333333,19.216666666666665,2,5.1764362714980825,70.66250196097344,17,6,11,-0.9659258262890684,-0.2588190451025206,-0.7818314824680299,0.6234898018587334,-0.5000000000000004,0.8660254037844384,36.0,61.0,164.5625,22.35,58.65,100.0,43.0,-13.3,1.7518505,0.05,-2.5,19.3111111,19.3,19.0,19.0,19.0,19.45,-22.422370396666665,-0.0740740666666646,-0.1779999999999999,-3.0073333333333334,-3.33,19.38518519666667,-3.007555555555553,3.1742032,3.2019057,3.2075396,3.24189,3.2267914,0,0.0,0,1.0,-0.92,23.0,77.0
2022-11-20 17:45:00,219.838428394442,195.989937872222,196.014659133332,19.3111111,-3.33,19.45,2,5.1764362714980825,70.66250196097344,17,6,11,-0.9659258262890684,-0.2588190451025206,-0.7818314824680299,0.6234898018587334,-0.5000000000000004,0.8660254037844384,21.0,43.5,140.375,21.475,55.225,100.0,45.0,-12.9,1.807683,0.075,-2.7,19.63333331666667,19.216666666666665,19.3,19.0,19.0,19.03333333333333,-22.641111100000003,0.0740740366666692,-0.1446666666666667,-3.1853333333333333,-3.464,19.28641976444444,-3.17422222222222,3.2267914,3.1742032,3.2019057,3.2075396,3.2180626,0,0.0,0,1.0,-0.91,22.3,77.7
2022-11-20 18:00:00,94.129290327774,82.106160072222,82.119770711108,19.63333331666667,-3.464,19.03333333333333,2,5.1764362714980825,70.66250196097344,18,6,11,-1.0,-1.8369701987210294e-16,-0.7818314824680299,0.6234898018587334,-0.5000000000000004,0.8660254037844384,6.0,28.5,115.95833333333331,20.6,51.8,100.0,47.0,-12.5,1.8615655,0.1,-2.9,19.47222222,19.45,19.216666666666665,19.3,19.0,19.05,-23.097333316666667,0.3222222166666668,-0.1339999999999999,-3.33,-3.516,19.39382716,-3.3264444444444425,3.2180626,3.2267914,3.1742032,3.2019057,3.190531,0,0.0,0,1.0,-0.84,19.7,80.3
2022-11-20 18:15:00,134.165188744444,119.343003872222,119.358836605554,19.47222222,-3.516,19.05,2,5.1764362714980825,70.66250196097344,18,6,11,-1.0,-1.8369701987210294e-16,-0.7818314824680299,0.6234898018587334,-0.5000000000000004,0.8660254037844384,4.5,16.875,94.1875,20.0,50.0,100.0,49.0,-12.225,1.9169239,0.125,-3.075,19.294444436666662,19.03333333333333,19.45,19.216666666666665,19.3,19.466666666666665,-22.98822222,-0.1611110966666693,-0.052,-3.464,-3.512,19.472222212222224,-3.4366666666666643,3.190531,3.2180626,3.2267914,3.1742032,3.226388,0,0.0,0,1.0,-0.87,21.0,79.0
2022-11-20 18:30:00,230.758547088888,193.880577816666,193.9022436,19.294444436666662,-3.512,19.466666666666665,2,5.1764362714980825,70.66250196097344,18,6,11,-1.0,-1.8369701987210294e-16,-0.7818314824680299,0.6234898018587334,-0.5000000000000004,0.8660254037844384,3.0,8.625,75.0625,19.4,48.2,100.0,51.0,-11.95,1.970603,0.15,-3.25,19.61666666,19.05,19.03333333333333,19.45,19.216666666666665,19.15,-22.806444436666663,-0.1777777833333331,0.004,-3.516,-3.5320000000000005,19.46666665777778,-3.4973333333333314,3.226388,3.190531,3.2180626,3.2267914,3.2346206,0,0.0,0,1.0,-0.91,22.5,77.5
2022-11-20 18:45:00,142.961781399996,117.604462316666,117.620850594442,19.61666666,-3.5320000000000005,19.15,2,5.1764362714980825,70.66250196097344,18,6,11,-1.0,-1.8369701987210294e-16,-0.7818314824680299,0.6234898018587334,-0.5000000000000004,0.8660254037844384,1.5,3.75,58.583333333333336,18.8,46.4,100.0,53.0,-11.675,2.0226324,0.175,-3.425,19.527777803333333,19.466666666666665,19.05,19.03333333333333,19.45,19.0,-23.14866666,0.322222223333334,-0.0200000000000004,-3.512,-3.6126666666666662,19.46111110555556,-3.5199999999999982,3.2346206,3.226388,3.190531,3.2180626,3.1925673,0,0.0,0,1.0,-0.84,19.8,80.2
2022-11-20 19:00:00,96.633356711112,84.6149486,84.62800366111,19.527777803333333,-3.6126666666666662,19.0,2,5.1764362714980825,70.66250196097344,19,6,11,-0.9659258262890684,0.2588190451025203,-0.7818314824680299,0.6234898018587334,-0.5000000000000004,0.8660254037844384,0.0,2.25,44.75,18.2,44.6,100.0,55.0,-11.4,2.073041,0.2,-3.6,19.25555555,19.15,19.466666666666665,19.05,19.03333333333333,19.3,-23.14044447,-0.0888888566666672,-0.0806666666666662,-3.5320000000000005,-3.6966666666666663,19.47962963333333,-3.55222222222222,3.1925673,3.2346206,3.226388,3.190531,3.191447,0,0.0,0,1.0,-0.86,20.6,79.4
2022-11-20 19:15:00,191.852603355556,174.986889127778,175.0079994,19.25555555,-3.6966666666666663,19.3,2,5.1764362714980825,70.66250196097344,19,6,11,-0.9659258262890684,0.2588190451025203,-0.7818314824680299,0.6234898018587334,-0.5000000000000004,0.8660254037844384,0.0,1.125,33.0,18.1,43.25,100.0,54.75,-11.6,2.0453618,0.175,-3.725,19.45925926,19.0,19.15,19.466666666666665,19.05,19.03333333333333,-22.952222216666662,-0.2722222533333323,-0.084,-3.6126666666666662,-3.768,19.466666671111117,-3.613777777777776,3.191447,3.1925673,3.2346206,3.226388,3.1853108,0,0.0,0,1.0,-0.92,22.9,77.1
2022-11-20 19:30:00,216.708553544444,197.638205272222,197.661815444444,19.45925926,-3.768,19.03333333333333,2,5.1764362714980825,70.66250196097344,19,6,11,-0.9659258262890684,0.2588190451025203,-0.7818314824680299,0.6234898018587334,-0.5000000000000004,0.8660254037844384,0.0,0.375,23.33333333333333,18.0,41.900000000000006,100.0,54.5,-11.8,2.0179906,0.15,-3.85,19.70555557,19.3,19.0,19.15,19.466666666666665,18.95,-23.22725926,0.2037037099999992,-0.071333333333333,-3.6966666666666663,-3.8,19.414197537777778,-3.692444444444442,3.1853108,3.191447,3.1925673,3.2346206,3.2175868,0,0.0,0,1.0,-0.87,21.2,78.8
2022-11-20 19:45:00,86.051557816666,72.6987586,72.710980394442,19.70555557,-3.8,18.95,2,5.1764362714980825,70.66250196097344,19,6,11,-0.9659258262890684,0.2588190451025203,-0.7818314824680299,0.6234898018587334,-0.5000000000000004,0.8660254037844384,0.0,0.0,15.75,17.9,40.55,100.0,54.25,-12.0,1.9909251,0.125,-3.975,19.468518553333336,19.03333333333333,19.3,19.0,19.15,18.716666666666665,-23.50555557,0.2462963100000017,-0.032,-3.768,-3.8346666666666662,19.473456793333337,-3.754888888888887,3.2175868,3.1853108,3.191447,3.1925673,3.134022,0,0.0,0,1.0,-0.82,19.2,80.8
2022-11-20 20:00:00,159.423900655552,131.115866272222,131.132532288888,19.468518553333336,-3.8346666666666662,18.716666666666665,2,5.1764362714980825,70.66250196097344,20,6,11,-0.8660254037844386,0.5000000000000001,-0.7818314824680299,0.6234898018587334,-0.5000000000000004,0.8660254037844384,0.0,0.0,10.25,17.8,39.2,100.0,54.0,-12.2,1.9641618,0.1,-4.1,19.33888888,18.95,19.03333333333333,19.3,19.0,19.3,-23.303185220000003,-0.2370370166666653,-0.0346666666666668,-3.8,-3.9606666666666666,19.544444461111112,-3.800888888888887,3.134022,3.2175868,3.1853108,3.191447,3.2071452,0,0.0,0,1.0,-0.87,21.1,78.9
2022-11-20 20:15:00,229.900525761114,194.629436711112,194.652769094446,19.33888888,-3.9606666666666666,19.3,2,5.1764362714980825,70.66250196097344,20,6,11,-0.8660254037844386,0.5000000000000001,-0.7818314824680299,0.6234898018587334,-0.5000000000000004,0.8660254037844384,0.0,0.0,6.0,17.5,39.025000000000006,98.5,54.75,-12.1,1.9737484,0.1,-4.225,19.601851866666667,18.716666666666665,18.95,19.03333333333333,19.3,19.03333333333333,-23.299555546666667,-0.129629673333337,-0.1259999999999999,-3.8346666666666662,-4.044,19.504321001111112,-3.865111111111109,3.2071452,3.134022,3.2175868,3.1853108,3.2121184,0,0.0,0,1.0,-0.9,22.1,77.9
2022-11-20 20:30:00,102.938382433328,90.830811055556,90.844977188888,19.601851866666667,-4.044,19.03333333333333,2,5.1764362714980825,70.66250196097344,20,6,11,-0.8660254037844386,0.5000000000000001,-0.7818314824680299,0.6234898018587334,-0.5000000000000004,0.8660254037844384,0.0,0.0,3.0,17.200000000000003,38.85,97.0,55.5,-12.0,1.9829905,0.1,-4.35,19.47222222,19.3,18.716666666666665,18.95,19.03333333333333,19.05,-23.645851866666668,0.2629629866666683,-0.083333333333333,-3.9606666666666666,-4.085333333333333,19.4697531,-3.9464444444444418,3.2121184,3.2071452,3.134022,3.2175868,3.190531,0,0.0,0,1.0,-0.84,20.0,80.0
2022-11-20 20:45:00,135.498468744444,123.256180655556,123.272846705554,19.47222222,-4.085333333333333,19.05,2,5.1764362714980825,70.66250196097344,20,6,11,-0.8660254037844386,0.5000000000000001,-0.7818314824680299,0.6234898018587334,-0.5000000000000004,0.8660254037844384,0.0,0.0,1.25,16.900000000000002,38.675,95.5,56.25,-11.9,1.9918932,0.1,-4.475,19.294444436666662,19.03333333333333,19.3,18.716666666666665,18.95,19.28333333333333,-23.55755555333333,-0.1296296466666682,-0.0413333333333332,-4.044,-4.114666666666667,19.47098765555556,-4.029999999999998,3.190531,3.2121184,3.2071452,3.134022,3.1960027,0,0.0,0,1.0,-0.87,21.0,79.0
2022-11-20 21:00:00,202.597173672218,180.859154211112,180.881375572222,19.294444436666662,-4.114666666666667,19.28333333333333,2,5.1764362714980825,70.66250196097344,21,6,11,-0.7071067811865477,0.7071067811865474,-0.7818314824680299,0.6234898018587334,-0.5000000000000004,0.8660254037844384,0.0,0.0,0.75,16.6,38.5,94.0,57.0,-11.8,2.0004606,0.1,-4.6,19.51111114,19.05,19.03333333333333,19.3,18.716666666666665,19.0,-23.40911110333333,-0.1777777833333331,-0.0293333333333345,-4.085333333333333,-4.178,19.456172841111112,-4.081333333333332,3.1960027,3.190531,3.2121184,3.2071452,3.189441,0,0.0,0,1.0,-0.91,22.5,77.5
2022-11-20 21:15:00,170.002366416662,155.858487644444,155.879597966664,19.51111114,-4.178,19.0,2,5.1764362714980825,70.66250196097344,21,6,11,-0.7071067811865477,0.7071067811865474,-0.7818314824680299,0.6234898018587334,-0.5000000000000004,0.8660254037844384,0.0,0.0,0.375,16.175,37.875,95.5,56.25,-11.925,1.9776788,0.1,-4.574999999999999,19.62777778666667,19.28333333333333,19.05,19.03333333333333,19.3,19.0,-23.68911114,0.2166667033333347,-0.0633333333333325,-4.114666666666667,-4.296666666666667,19.425925932222224,-4.125999999999998,3.189441,3.1960027,3.190531,3.2121184,3.2113788,0,0.0,0,1.0,-0.86,20.7,79.3
2022-11-20 21:30:00,184.941490977776,156.8153938,156.835115277776,19.62777778666667,-4.296666666666667,19.0,2,5.1764362714980825,70.66250196097344,21,6,11,-0.7071067811865477,0.7071067811865474,-0.7818314824680299,0.6234898018587334,-0.5000000000000004,0.8660254037844384,0.0,0.0,0.125,15.75,37.25,97.0,55.5,-12.05,1.9548074,0.1,-4.55,19.6,19.0,19.28333333333333,19.05,19.03333333333333,19.0,-23.924444453333336,0.116666646666669,-0.1186666666666669,-4.178,-4.33,19.47777778777778,-4.196444444444443,3.2113788,3.189441,3.1960027,3.190531,3.2061436,0,0.0,0,1.0,-0.84,19.8,80.2
2022-11-20 21:45:00,75.726415438882,44.460443727778,44.468499038886,19.6,-4.33,19.0,1,5.1764362714980825,70.66250196097344,21,6,11,-0.7071067811865477,0.7071067811865474,-0.7818314824680299,0.6234898018587334,-0.5000000000000004,0.8660254037844384,0.0,0.0,0.0,15.325,36.625,98.5,54.75,-12.175,1.9318476,0.1,-4.525,19.249999996666663,19.0,19.0,19.28333333333333,19.05,19.183333333333334,-23.93,-0.0277777866666681,-0.0333333333333332,-4.296666666666667,-4.37,19.579629642222223,-4.26822222222222,3.2061436,3.2113788,3.189441,3.1960027,3.1711168,0,0.0,1,1.0,-0.84,20.0,80.0
2022-11-20 22:00:00,144.97670086666,127.064639444444,127.08102772222,19.249999996666663,-4.37,19.183333333333334,2,5.1764362714980825,70.66250196097344,22,6,11,-0.5000000000000004,0.8660254037844384,-0.7818314824680299,0.6234898018587334,-0.5000000000000004,0.8660254037844384,0.0,0.0,0.0,14.9,36.0,100.0,54.0,-12.3,1.9087981,0.1,-4.5,19.00555557,19.0,19.0,19.0,19.28333333333333,19.5,-23.619999996666667,-0.350000003333335,-0.04,-4.33,-4.406666666666666,19.49259259444445,-4.33222222222222,3.1711168,3.2061436,3.2113788,3.189441,3.1773403,0,0.0,1,1.0,-0.92,22.9,77.1
2022-11-20 22:15:00,115.245112311108,103.1825392,103.198371933332,19.00555557,-4.406666666666666,19.5,2,5.1764362714980825,70.66250196097344,22,6,11,-0.5000000000000004,0.8660254037844384,-0.7818314824680299,0.6234898018587334,-0.5000000000000004,0.8660254037844384,0.0,0.0,0.0,14.675,35.1,99.75,53.75,-12.35,1.9067736,0.1,-4.45,18.93703704333333,19.183333333333334,19.0,19.0,19.0,19.5,-23.41222223666667,-0.2444444266666643,-0.0366666666666661,-4.37,-4.3613333333333335,19.28518518888889,-4.368888888888887,3.1773403,3.1711168,3.2061436,3.2113788,3.1645129,0,0.0,0,1.0,-0.97,25.1,74.9
2022-11-20 22:30:00,203.98489577778,189.924347172222,189.946846255556,18.93703704333333,-4.3613333333333335,19.5,2,5.1764362714980825,70.66250196097344,22,6,11,-0.5000000000000004,0.8660254037844384,-0.7818314824680299,0.6234898018587334,-0.5000000000000004,0.8660254037844384,0.0,0.0,0.0,14.45,34.2,99.5,53.5,-12.4,1.9047074,0.1,-4.4,19.30000001,19.5,19.183333333333334,19.0,19.0,19.45,-23.298370376666664,-0.0685185266666721,0.0453333333333327,-4.406666666666666,-4.282666666666668,19.06419753666667,-4.379333333333332,3.1645129,3.1773403,3.1711168,3.2061436,3.224681,0,0.0,0,1.0,-0.99,25.7,74.3
2022-11-20 22:45:00,246.7451298,224.452688166668,224.478798255556,19.30000001,-4.282666666666668,19.45,2,5.1764362714980825,70.66250196097344,22,6,11,-0.5000000000000004,0.8660254037844384,-0.7818314824680299,0.6234898018587334,-0.5000000000000004,0.8660254037844384,0.0,0.0,0.0,14.225,33.3,99.25,53.25,-12.45,1.9025992,0.1,-4.35,19.589285733571423,19.5,19.5,19.183333333333334,19.0,19.02142857142857,-23.58266667666667,0.3629629666666716,0.078666666666666,-4.3613333333333335,-4.177142857142857,19.08086420777778,-4.350222222222221,3.224681,3.1645129,3.1773403,3.1711168,3.2077403,0,0.0,0,1.0,-0.91,22.4,77.6
2022-11-20 23:00:00,57.877407177772,31.768451444444,31.775673438886,19.589285733571423,-4.177142857142857,19.02142857142857,1,5.1764362714980825,70.66250196097344,23,6,11,-0.2588190451025215,0.965925826289068,-0.7818314824680299,0.6234898018587334,-0.5000000000000004,0.8660254037844384,0.0,0.0,0.0,14.0,32.4,99.0,53.0,-12.5,1.900448,0.1,-4.3,19.19920634214285,19.45,19.5,19.5,19.183333333333334,19.37142857142857,-23.766428590714284,0.2892857235714245,0.1055238095238104,-4.282666666666668,-4.17,19.27544092896825,-4.273714285714283,3.2077403,3.224681,3.1645129,3.1773403,3.192642,0,0.0,1,1.0,-0.85,20.1,79.9
2022-11-20 23:15:00,141.24462782222,116.8003278,116.81504946111,19.19920634214285,-4.17,19.37142857142857,2,5.1764362714980825,70.66250196097344,23,6,11,-0.2588190451025215,0.965925826289068,-0.7818314824680299,0.6234898018587334,-0.5000000000000004,0.8660254037844384,0.0,0.0,0.0,14.375,32.5,99.0,52.5,-12.625,1.8758018,0.075,-4.35,19.09285713357143,19.02142857142857,19.45,19.5,19.5,19.5,-23.369206342142853,-0.3900793914285714,0.0071428571428571,-4.177142857142857,-4.213571428571428,19.36283069523809,-4.209936507936506,3.192642,3.2077403,3.224681,3.1645129,3.1937463,0,0.0,1,1.0,-0.93,23.3,76.7
2022-11-20 23:30:00,185.7142378,163.78372613889002,163.802892055556,19.09285713357143,-4.213571428571428,19.5,2,5.1764362714980825,70.66250196097344,23,6,11,-0.2588190451025215,0.965925826289068,-0.7818314824680299,0.6234898018587334,-0.5000000000000004,0.8660254037844384,0.0,0.0,0.0,14.75,32.599999999999994,99.0,52.0,-12.75,1.8513043,0.05,-4.4,19.35,19.37142857142857,19.02142857142857,19.45,19.5,19.5,-23.30642856214286,-0.106349208571423,-0.0435714285714281,-4.17,-4.288666666666667,19.293783069761904,-4.18690476190476,3.1937463,3.192642,3.2077403,3.224681,3.2425,0,0.0,0,1.0,-0.96,24.3,75.7
2022-11-20 23:45:00,188.659675494446,174.727732844444,174.749398627778,19.35,-4.288666666666667,19.5,2,5.1764362714980825,70.66250196097344,23,6,11,-0.2588190451025215,0.965925826289068,-0.7818314824680299,0.6234898018587334,-0.5000000000000004,0.8660254037844384,0.0,0.0,0.0,15.125,32.7,99.0,51.5,-12.875,1.8269551,0.0249999999999999,-4.45,19.51296298,19.5,19.37142857142857,19.02142857142857,19.45,19.5,-23.63866666666667,0.2571428664285697,-0.0750952380952387,-4.213571428571428,-4.326666666666667,19.21402115857143,-4.224079365079363,3.2425,3.1937463,3.192642,3.2077403,3.2737296,0,0.0,0,1.0,-0.9,22.0,78.0
2022-11-21 00:00:00,177.616228549994,165.392550716666,165.415049833332,19.51296298,-4.326666666666667,19.5,2,5.1764362714980825,70.66250196097344,0,0,11,0.0,1.0,0.0,1.0,-0.5000000000000004,0.8660254037844384,0.0,0.0,0.0,15.5,32.8,99.0,51.0,-13.0,1.8027534,0.0,-4.5,19.52777782,19.5,19.5,19.37142857142857,19.02142857142857,19.45,-23.83962964666667,0.1629629799999996,-0.0380000000000002,-4.288666666666667,-4.371333333333334,19.318606704523813,-4.276301587301585,3.2737296,3.2425,3.1937463,3.192642,3.268181,0,0.0,0,1.0,-0.86,20.6,79.4
2022-11-21 00:15:00,354.820528877776,56.614679788888,56.624679438886,19.52777782,-4.371333333333334,19.45,1,5.1764362714980825,70.66250196097344,0,0,11,0.0,1.0,0.0,1.0,-0.5000000000000004,0.8660254037844384,0.0,0.0,0.0,15.25,33.25,81.75,51.5,-12.975,1.8106747,0.0,-4.575,19.19444446,19.5,19.5,19.5,19.37142857142857,19.216666666666665,-23.899111153333337,0.0148148399999996,-0.044666666666667,-4.326666666666667,-4.504,19.463580266666668,-4.328888888888887,3.268181,3.2737296,3.2425,3.1937463,3.166247,0,0.0,1,1.0,-0.86,20.5,79.5
2022-11-21 00:30:00,170.080696533332,128.137652072222,128.15487368333,19.19444446,-4.504,19.216666666666665,2,5.1764362714980825,70.66250196097344,0,0,11,0.0,1.0,0.0,1.0,-0.5000000000000004,0.8660254037844384,0.0,0.0,0.0,15.0,33.7,64.5,52.0,-12.95,1.8184525,0.0,-4.65,19.06666669,19.45,19.5,19.5,19.5,19.5,-23.69844446,-0.333333360000001,-0.1326666666666662,-4.371333333333334,-4.444000000000001,19.411728420000003,-4.400666666666665,3.166247,3.268181,3.2737296,3.2425,3.1888163,0,0.0,1,1.0,-0.93,23.4,76.6
2022-11-21 00:45:00,230.821877805558,203.182427944444,203.206871416666,19.06666669,-4.444000000000001,19.5,2,5.1764362714980825,70.66250196097344,0,0,11,0.0,1.0,0.0,1.0,-0.5000000000000004,0.8660254037844384,0.0,0.0,0.0,14.75,34.15,47.25000000000001,52.5,-12.925,1.8260889,0.0,-4.725,19.416666646666663,19.216666666666665,19.45,19.5,19.5,19.5,-23.51066669,-0.1277777700000015,0.0599999999999996,-4.504,-4.296,19.26296299,-4.439777777777777,3.1888163,3.166247,3.268181,3.2737296,3.2552447,0,0.0,0,1.0,-0.96,24.5,75.5
2022-11-21 01:00:00,196.028825150002,180.80498976111,180.826933366664,19.416666646666663,-4.296,19.5,2,5.1764362714980825,70.66250196097344,1,0,11,0.2588190451025207,0.9659258262890684,0.0,1.0,-0.5000000000000004,0.8660254037844384,0.0,0.0,0.0,14.5,34.6,30.0,53.0,-12.9,1.8335847,0.0,-4.8,19.49444444,19.5,19.216666666666665,19.45,19.5,19.2,-23.712666646666666,0.349999956666668,0.1480000000000005,-4.444000000000001,-4.04,19.22592593222222,-4.414666666666665,3.2552447,3.1888163,3.166247,3.268181,3.219858,0,0.0,0,1.0,-0.88,21.4,78.6
2022-11-21 01:15:00,84.00997284999801,62.939426772222,62.948870894442,19.49444444,-4.04,19.2,1,5.1764362714980825,70.66250196097344,1,0,11,0.2588190451025207,0.9659258262890684,0.0,1.0,-0.5000000000000004,0.8660254037844384,0.0,0.0,0.0,13.925,33.6,47.5,53.0,-12.95,1.8302966,0.0,-4.825,19.13703702666667,19.5,19.5,19.216666666666665,19.45,19.466666666666665,-23.53444444,0.0777777933333325,0.2560000000000002,-4.296,-4.164,19.32592592555556,-4.259999999999998,3.219858,3.2552447,3.1888163,3.166247,3.1966043,0,0.0,1,1.0,-0.87,20.8,79.2
2022-11-21 01:30:00,177.310129577776,165.21228016111,165.232557149998,19.13703702666667,-4.164,19.466666666666665,2,5.1764362714980825,70.66250196097344,1,0,11,0.2588190451025207,0.9659258262890684,0.0,1.0,-0.5000000000000004,0.8660254037844384,0.0,0.0,0.0,13.35,32.6,65.0,53.0,-13.0,1.8270135,0.0,-4.85,19.27777775,19.2,19.5,19.5,19.216666666666665,19.5,-23.30103702666667,-0.3574074133333305,-0.1239999999999996,-4.04,-4.282666666666668,19.349382704444448,-4.166666666666665,3.1966043,3.219858,3.2552447,3.1888163,3.2287421,0,0.0,1,1.0,-0.95,23.9,76.1
2022-11-21 01:45:00,188.139418588888,175.918240755556,175.939906555556,19.27777775,-4.282666666666668,19.5,2,5.1764362714980825,70.66250196097344,1,0,11,0.2588190451025207,0.9659258262890684,0.0,1.0,-0.5000000000000004,0.8660254037844384,0.0,0.0,0.0,12.775,31.6,82.5,53.0,-13.05,1.823736,0.0,-4.875,19.45740738,19.466666666666665,19.2,19.5,19.5,19.5,-23.560444416666662,0.1407407233333302,-0.1186666666666678,-4.164,-4.230666666666667,19.30308640555556,-4.16222222222222,3.2287421,3.1966043,3.219858,3.2552447,3.2630541,0,0.0,0,1.0,-0.91,22.6,77.4
2022-11-21 02:00:00,203.196594177772,166.618335,166.638334233332,19.45740738,-4.230666666666667,19.5,2,5.1764362714980825,70.66250196097344,2,0,11,0.4999999999999999,0.8660254037844387,0.0,1.0,-0.5000000000000004,0.8660254037844384,0.0,0.0,0.0,12.2,30.6,100.0,53.0,-13.1,1.8204632,0.0,-4.9,19.49444444,19.5,19.466666666666665,19.2,19.5,19.5,-23.688074046666667,0.1796296300000008,0.0520000000000004,-4.282666666666668,-3.947333333333333,19.290740718888888,-4.225777777777776,3.2630541,3.2287421,3.1966043,3.219858,3.2701678,0,0.0,0,1.0,-0.87,21.1,78.9
2022-11-21 02:15:00,169.331560016658,141.434064627778,141.453786138886,19.49444444,-3.947333333333333,19.5,2,5.1764362714980825,70.66250196097344,2,0,11,0.4999999999999999,0.8660254037844387,0.0,1.0,-0.5000000000000004,0.8660254037844384,0.0,0.0,0.0,12.175,29.425,75.0,53.0,-12.95,1.8335847,0.0,-4.800000000000001,19.399074053333333,19.5,19.5,19.466666666666665,19.2,19.5,-23.44177777333333,0.0370370599999994,0.2833333333333336,-4.230666666666667,-3.6625,19.40987652333333,-4.1535555555555534,3.2701678,3.2630541,3.2287421,3.1966043,3.251877,0,0.0,0,1.0,-0.86,20.8,79.2
2022-11-21 02:30:00,40.415050049998,28.986896044444,28.994395811108003,19.399074053333333,-3.6625,19.5,1,5.1764362714980825,70.66250196097344,2,0,11,0.4999999999999999,0.8660254037844387,0.0,1.0,-0.5000000000000004,0.8660254037844384,0.0,0.0,0.0,12.15,28.25,50.0,53.0,-12.8,1.8467895,0.0,-4.7,18.991666680714285,19.5,19.5,19.5,19.466666666666665,19.553571428571427,-23.06157405333333,-0.0953703866666657,0.2848333333333332,-3.947333333333333,-3.4385714285714286,19.45030862444445,-3.946833333333331,3.251877,3.2701678,3.2630541,3.2287421,3.1834576,0,0.0,1,1.0,-0.89,21.6,78.4
2022-11-21 02:45:00,136.24371678333,116.638112055556,116.655055911108,18.991666680714285,-3.4385714285714286,19.553571428571427,2,5.1764362714980825,70.66250196097344,2,0,11,0.4999999999999999,0.8660254037844387,0.0,1.0,-0.5000000000000004,0.8660254037844384,0.0,0.0,0.0,12.125,27.075,25.0,53.0,-12.65,1.8600774,0.0,-4.6,18.86851851333333,19.5,19.5,19.5,19.5,19.966666666666665,-22.430238109285717,-0.4074073726190477,0.2239285714285714,-3.6625,-3.280666666666667,19.29506172468254,-3.682801587301585,3.1834576,3.251877,3.2701678,3.2630541,3.2271588,0,0.0,1,1.0,-0.98,25.2,74.8
2022-11-21 03:00:00,156.770117961106,140.506601727778,140.524656588888,18.86851851333333,-3.280666666666667,19.966666666666665,2,5.1764362714980825,70.66250196097344,3,0,11,0.7071067811865476,0.7071067811865476,0.0,1.0,-0.5000000000000004,0.8660254037844384,0.0,0.0,0.0,12.1,25.9,0.0,53.0,-12.5,1.8734496,0.0,-4.5,18.98333332,19.553571428571427,19.5,19.5,19.5,19.95,-22.149185180000003,-0.1231481673809504,0.1579047619047617,-3.4385714285714286,-3.026,19.086419749126986,-3.4605793650793637,3.2271588,3.1834576,3.251877,3.2701678,3.2464023,0,0.0,0,1.0,-1.0,26.3,73.7
2022-11-21 03:15:00,225.712915472226,213.544513427778,213.570623516666,18.98333332,-3.026,19.95,2,5.1764362714980825,70.66250196097344,3,0,11,0.7071067811865476,0.7071067811865476,0.0,1.0,-0.5000000000000004,0.8660254037844384,0.0,0.0,0.0,12.525,26.175,1.25,55.0,-12.25,1.9233632,0.0,-4.65,19.39259259,19.966666666666665,19.553571428571427,19.5,19.5,19.53333333333333,-22.00933332,0.1148148066666649,0.2546666666666666,-3.280666666666667,-2.944666666666667,18.94783950468254,-3.2484126984126966,3.2464023,3.2271588,3.1834576,3.251877,3.2561934,0,0.0,0,1.0,-0.98,25.2,74.8
2022-11-21 03:30:00,144.732543833332,116.566448255556,116.582003249998,19.39259259,-2.944666666666667,19.53333333333333,2,5.1764362714980825,70.66250196097344,3,0,11,0.7071067811865476,0.7071067811865476,0.0,1.0,-0.5000000000000004,0.8660254037844384,0.0,0.0,0.0,12.95,26.45,2.5,57.0,-12.0,1.9719684,0.0,-4.8,19.29444444,19.95,19.966666666666665,19.553571428571427,19.5,19.55,-22.337259256666663,0.4092592699999997,0.0813333333333332,-3.026,-2.933333333333333,19.08148147444445,-3.083777777777776,3.2561934,3.2464023,3.2271588,3.1834576,3.2401996,0,0.0,0,1.0,-0.89,21.6,78.4
2022-11-21 03:45:00,131.606680038886,96.2503165,96.262816033332,19.29444444,-2.933333333333333,19.55,2,5.1764362714980825,70.66250196097344,3,0,11,0.7071067811865476,0.7071067811865476,0.0,1.0,-0.5000000000000004,0.8660254037844384,0.0,0.0,0.0,13.375,26.725,3.75,59.0,-11.75,2.0192845,0.0,-4.949999999999999,19.02407404333333,19.53333333333333,19.95,19.966666666666665,19.553571428571427,19.966666666666665,-22.227777773333333,-0.0981481500000001,0.0113333333333338,-2.944666666666667,-2.9266666666666667,19.223456783333337,-2.967999999999998,3.2401996,3.2561934,3.2464023,3.2271588,3.256936,0,0.0,0,1.0,-0.91,22.5,77.5
2022-11-21 04:00:00,182.379371266664,168.894632844444,168.917409733332,19.02407404333333,-2.9266666666666667,19.966666666666665,2,5.1764362714980825,70.66250196097344,4,0,11,0.8660254037844386,0.5000000000000001,0.0,1.0,-0.5000000000000004,0.8660254037844384,0.0,0.0,0.0,13.8,27.0,5.0,61.0,-11.5,2.0653312,0.0,-5.1,19.27777775,19.55,19.53333333333333,19.95,19.966666666666665,20.0,-21.95074071,-0.2703703966666673,0.0066666666666663,-2.933333333333333,-2.9953333333333334,19.237037024444444,-2.934888888888887,3.256936,3.2401996,3.2561934,3.2464023,3.3115306,0,0.0,0,1.0,-0.97,24.8,75.2
2022-11-21 04:15:00,177.330406516666,165.278944111112,165.30033213889,19.27777775,-2.9953333333333334,20.0,2,5.1764362714980825,70.66250196097344,4,0,11,0.8660254037844386,0.5000000000000001,0.0,1.0,-0.5000000000000004,0.8660254037844384,0.0,0.0,0.0,13.475,27.725,19.5,61.75,-11.25,2.10582,0.0,-5.0,19.437036993333333,19.966666666666665,19.55,19.53333333333333,19.95,20.0,-22.273111083333333,0.2537037066666663,-0.0686666666666666,-2.9266666666666667,-3.1686666666666667,19.19876541111111,-2.951777777777776,3.3115306,3.256936,3.2401996,3.2561934,3.3427145,0,0.0,0,1.0,-0.91,22.5,77.5
2022-11-21 04:30:00,172.50837733888198,148.345177072222,148.363787527774,19.437036993333333,-3.1686666666666667,20.0,2,5.1764362714980825,70.66250196097344,4,0,11,0.8660254037844386,0.5000000000000001,0.0,1.0,-0.5000000000000004,0.8660254037844384,0.0,0.0,0.0,13.15,28.45,34.0,62.5,-11.0,2.1467729,0.0,-4.9,19.46666665,20.0,19.966666666666665,19.55,19.53333333333333,20.0,-22.60570366,0.1592592433333344,-0.1733333333333333,-2.9953333333333334,-3.1933333333333334,19.24629626222222,-3.03022222222222,3.3427145,3.3115306,3.256936,3.2401996,3.3485446,0,0.0,0,1.0,-0.87,21.1,78.9
2022-11-21 04:45:00,92.972669811112,80.729548488888,80.743992377776,19.46666665,-3.1933333333333334,20.0,2,5.1764362714980825,70.66250196097344,4,0,11,0.8660254037844386,0.5000000000000001,0.0,1.0,-0.5000000000000004,0.8660254037844384,0.0,0.0,0.0,12.825,29.175,48.5,63.25,-10.75,2.188193,0.0,-4.8,19.201851816666665,20.0,20.0,19.966666666666665,19.55,20.0,-22.65999998333333,0.029629656666664,-0.0246666666666666,-3.1686666666666667,-3.264,19.39382713111111,-3.1191111111111094,3.3485446,3.3427145,3.3115306,3.256936,3.296752,0,0.0,0,1.0,-0.87,20.9,79.1
2022-11-21 05:00:00,121.556526594438,98.489393616666,98.504948661106,19.201851816666665,-3.264,20.0,2,5.1764362714980825,70.66250196097344,5,0,11,0.9659258262890684,0.2588190451025207,0.0,1.0,-0.5000000000000004,0.8660254037844384,0.0,0.0,0.0,12.5,29.9,63.0,64.0,-10.5,2.2300854,0.0,-4.7,18.97222218,20.0,20.0,20.0,19.966666666666665,20.35,-22.465851816666664,-0.2648148333333324,-0.0706666666666668,-3.1933333333333334,-3.276,19.368518486666662,-3.208666666666665,3.296752,3.3485446,3.3427145,3.3115306,3.3093212,0,0.0,0,1.0,-0.93,23.2,76.8
2022-11-21 05:15:00,209.442455349998,172.685036755556,172.7055915,18.97222218,-3.276,20.35,2,5.1764362714980825,70.66250196097344,5,0,11,0.9659258262890684,0.2588190451025207,0.0,1.0,-0.5000000000000004,0.8660254037844384,0.0,0.0,0.0,12.05,28.55,68.0,66.25,-10.075,2.3084872,0.0,-4.7,19.264814803333334,20.0,20.0,20.0,20.0,20.5,-22.24822218,-0.2296296366666652,-0.012,-3.264,-3.1753333333333336,19.21358021555556,-3.2444444444444422,3.3093212,3.296752,3.3485446,3.3427145,3.3917284,0,0.0,0,1.0,-0.98,25.2,74.8
2022-11-21 05:30:00,178.518136722224,161.345768111112,161.366322855556,19.264814803333334,-3.1753333333333336,20.5,2,5.1764362714980825,70.66250196097344,5,0,11,0.9659258262890684,0.2588190451025207,0.0,1.0,-0.5000000000000004,0.8660254037844384,0.0,0.0,0.0,11.6,27.2,73.0,68.5,-9.65,2.3868883,0.0,-4.7,19.31666665,20.35,20.0,20.0,20.0,20.2,-22.440148136666668,0.2925926233333342,0.1006666666666666,-3.276,-2.9746666666666663,19.146296266666667,-3.238444444444443,3.3917284,3.3093212,3.296752,3.3485446,3.3523135,0,0.0,0,1.0,-0.91,22.5,77.5
2022-11-21 05:45:00,61.666422261106,49.53357416111,49.544962688884,19.31666665,-2.9746666666666663,20.2,1,5.1764362714980825,70.66250196097344,5,0,11,0.9659258262890684,0.2588190451025207,0.0,1.0,-0.5000000000000004,0.8660254037844384,0.0,0.0,0.0,11.15,25.85,78.0,70.75,-9.225,2.4652898,0.0,-4.7,19.001851833333333,20.5,20.35,20.0,20.0,20.466666666666665,-22.291333316666663,0.0518518466666648,0.2006666666666672,-3.1753333333333336,-2.852,19.18456787777778,-3.141999999999998,3.3523135,3.3917284,3.3093212,3.296752,3.3341193,0,0.0,1,1.0,-0.9,22.1,77.9
2022-11-21 06:00:00,173.136129811112,155.530445216666,155.550444449998,19.001851833333333,-2.852,20.466666666666665,2,5.1764362714980825,70.66250196097344,6,0,11,1.0,6.123233995736766e-17,0.0,1.0,-0.5000000000000004,0.8660254037844384,0.0,0.0,0.0,10.7,24.5,83.0,73.0,-8.8,2.5436914,0.0,-4.7,19.12222223,20.2,20.5,20.35,20.0,20.5,-21.853851833333334,-0.3148148166666651,0.1226666666666664,-2.9746666666666663,-2.655333333333333,19.19444442888889,-3.0006666666666644,3.3341193,3.3523135,3.3917284,3.3093212,3.3633475,0,0.0,1,1.0,-0.97,24.9,75.1
2022-11-21 06:15:00,182.967125472222,164.820906883334,164.84146162777802,19.12222223,-2.655333333333333,20.5,2,5.1764362714980825,70.66250196097344,6,0,11,1.0,6.123233995736766e-17,0.0,1.0,-0.5000000000000004,0.8660254037844384,0.0,0.0,0.0,11.55,25.4,72.0,73.25,-8.700000000000001,2.5615702,0.0,-4.65,19.394444436666667,20.466666666666665,20.2,20.5,20.35,20.5,-21.77755556333333,0.1203703966666651,0.1966666666666667,-2.852,-2.538,19.14691357111111,-2.8273333333333306,3.3633475,3.3341193,3.3523135,3.3917284,3.4177089,0,0.0,0,1.0,-0.94,23.8,76.2
2022-11-21 06:30:00,184.936213322224,162.63182778333402,162.652104772222,19.394444436666667,-2.538,20.5,2,5.1764362714980825,70.66250196097344,6,0,11,1.0,6.123233995736766e-17,0.0,1.0,-0.5000000000000004,0.8660254037844384,0.0,0.0,0.0,12.4,26.3,61.0,73.5,-8.600000000000001,2.5795414,0.0,-4.6,19.39999996,20.5,20.466666666666665,20.2,20.5,20.2,-21.932444436666668,0.2722222066666688,0.1173333333333332,-2.655333333333333,-2.3506666666666667,19.1728395,-2.681777777777776,3.4177089,3.3633475,3.3341193,3.3523135,3.368795,0,0.0,0,1.0,-0.88,21.4,78.6
2022-11-21 06:45:00,65.744870283326,36.582425544444,36.589369766664,19.39999996,-2.3506666666666667,20.2,1,5.1764362714980825,70.66250196097344,6,0,11,1.0,6.123233995736766e-17,0.0,1.0,-0.5000000000000004,0.8660254037844384,0.0,0.0,0.0,13.25,27.200000000000003,50.0,73.75,-8.5,2.5976043,0.0,-4.55,19.00925924,20.5,20.5,20.466666666666665,20.2,20.65,-21.750666626666664,0.0055555233333315,0.1873333333333331,-2.538,-2.26,19.305555542222223,-2.5146666666666646,3.368795,3.4177089,3.3633475,3.3341193,3.3654566,0,0.0,1,1.0,-0.88,21.4,78.6
2022-11-21 07:00:00,174.725233011108,149.280417444444,149.300972238886,19.00925924,-2.26,20.65,2,5.1764362714980825,70.66250196097344,7,0,11,0.9659258262890684,-0.2588190451025206,0.0,1.0,-0.5000000000000004,0.8660254037844384,0.0,0.0,0.0,14.1,28.1,39.0,74.0,-8.4,2.61576,0.0,-4.5,19.12222223,20.2,20.5,20.5,20.466666666666665,20.65,-21.26925924,-0.3907407200000001,0.0906666666666669,-2.3506666666666667,-2.182666666666667,19.267901212222224,-2.382888888888887,3.3654566,3.368795,3.4177089,3.3633475,3.387957,0,0.0,1,1.0,-0.97,24.8,75.2
2022-11-21 07:15:00,184.97787842222,172.993635544444,173.016134594446,19.12222223,-2.182666666666667,20.65,2,5.1764362714980825,70.66250196097344,7,0,11,0.9659258262890684,-0.2588190451025206,0.0,1.0,-0.5000000000000004,0.8660254037844384,0.0,0.0,0.0,14.65,29.175,54.25,71.5,-8.825,2.5364523,0.0,-4.45,19.43518521,20.65,20.2,20.5,20.5,20.5,-21.304888896666665,0.1129629899999997,0.0773333333333328,-2.26,-2.059333333333333,19.177160476666668,-2.2644444444444427,3.387957,3.3654566,3.368795,3.4177089,3.4259095,0,0.0,0,1.0,-0.94,23.8,76.2
2022-11-21 07:30:00,124.201698449998,112.211622472222,112.228010716666,19.43518521,-2.059333333333333,20.5,2,5.1764362714980825,70.66250196097344,7,0,11,0.9659258262890684,-0.2588190451025206,0.0,1.0,-0.5000000000000004,0.8660254037844384,0.0,0.0,0.0,15.2,30.25,69.5,69.0,-9.25,2.4565384,0.0,-4.4,19.32222225,20.65,20.65,20.2,20.5,20.5,-21.49451854333333,0.3129629800000018,0.1233333333333335,-2.182666666666667,-1.956,19.18888889333333,-2.167333333333332,3.4259095,3.387957,3.3654566,3.368795,3.403212,0,0.0,0,1.0,-0.87,21.1,78.9
2022-11-21 07:45:00,85.69601662221599,62.380838,62.391670966664,19.32222225,-1.956,20.5,1,5.1764362714980825,70.66250196097344,7,0,11,0.9659258262890684,-0.2588190451025206,0.0,1.0,-0.5000000000000004,0.8660254037844384,0.0,0.0,0.0,15.75,31.325,84.75,66.5,-9.675,2.376016,0.0,-4.35,18.89444444,20.5,20.65,20.65,20.2,20.683333333333334,-21.27822225,-0.1129629600000008,0.1033333333333335,-2.059333333333333,-1.8073333333333328,19.293209896666667,-2.0659999999999976,3.403212,3.4259095,3.387957,3.3654566,3.3481154,0,0.0,1,1.0,-0.9,22.0,78.0
2022-11-21 08:00:00,185.295087883334,162.875706944444,162.897094988888,18.89444444,-1.8073333333333328,20.683333333333334,2,5.1764362714980825,70.66250196097344,8,0,11,0.8660254037844387,-0.4999999999999998,0.0,1.0,-0.5000000000000004,0.8660254037844384,0.0,0.0,0.0,16.3,32.4,100.0,64.0,-10.1,2.2948806,0.0,-4.3,19.05555554,20.5,20.5,20.65,20.65,20.65,-20.70177777333333,-0.427777810000002,0.1486666666666667,-1.956,-1.6053333333333333,19.217283966666667,-1.940888888888887,3.3481154,3.403212,3.4259095,3.387957,3.3746629,0,0.0,1,1.0,-0.99,25.9,74.1
2022-11-21 08:15:00,205.280677261114,177.790665888888,177.813720483334,19.05555554,-1.6053333333333333,20.65,2,5.1764362714980825,70.66250196097344,8,0,11,0.8660254037844387,-0.4999999999999998,0.0,1.0,-0.5000000000000004,0.8660254037844384,6.75,1.6875,0.5625,15.65,32.85,99.25,61.5,-10.475,2.2289932,0.0,-4.15,19.39074073,20.683333333333334,20.5,20.5,20.65,20.316666666666663,-20.66088887333333,0.1611111000000029,0.2019999999999999,-1.8073333333333328,-1.4506666666666663,19.09074074333333,-1.7895555555555536,3.3746629,3.3481154,3.403212,3.4259095,3.3864062,0,0.0,0,1.0,-0.96,24.4,75.6
2022-11-21 08:30:00,90.565543966664,66.838993,66.850381477776,19.39074073,-1.4506666666666663,20.316666666666663,1,5.1764362714980825,70.66250196097344,8,0,11,0.8660254037844387,-0.4999999999999998,0.0,1.0,-0.5000000000000004,0.8660254037844384,13.5,5.0625,1.6875,15.0,33.3,98.5,59.0,-10.85,2.16139,0.0,-4.0,19.17222224,20.65,20.683333333333334,20.5,20.5,20.05,-20.841407396666668,0.3351851900000007,0.1546666666666667,-1.6053333333333333,-1.4686666666666668,19.113580236666667,-1.621111111111109,3.3864062,3.3746629,3.3481154,3.403212,3.299228,0,0.0,1,1.0,-0.88,21.5,78.5
2022-11-21 08:45:00,145.986938155552,129.61009313889,129.628148,19.17222224,-1.4686666666666668,20.05,2,5.1764362714980825,70.66250196097344,8,0,11,0.8660254037844387,-0.4999999999999998,0.0,1.0,-0.5000000000000004,0.8660254037844384,20.25,10.125,3.375,14.35,33.75,97.75,56.5,-11.225,2.092045,0.0,-3.85,19.13703707333333,20.316666666666663,20.65,20.683333333333334,20.5,20.28333333333333,-20.640888906666667,-0.218518490000001,-0.0180000000000002,-1.4506666666666663,-1.326,19.206172836666667,-1.50822222222222,3.299228,3.3864062,3.3746629,3.3481154,3.3307085,0,0.0,1,1.0,-0.93,23.4,76.6
2022-11-21 09:00:00,187.789710394442,175.715193327778,175.737970183334,19.13703707333333,-1.326,20.28333333333333,2,5.1764362714980825,70.66250196097344,9,0,11,0.7071067811865476,-0.7071067811865475,0.0,1.0,-0.5000000000000004,0.8660254037844384,27.0,16.875,5.625,13.7,34.2,97.0,54.0,-11.6,2.0209332,0.0,-3.7,19.41111112,20.05,20.316666666666663,20.65,20.683333333333334,19.95,-20.46303707333333,-0.0351851666666682,0.1426666666666667,-1.4686666666666668,-1.1786666666666668,19.233333347777776,-1.4151111111111092,3.3307085,3.299228,3.3864062,3.3746629,3.3292778,0,0.0,0,1.0,-0.94,23.7,76.3
2022-11-21 09:15:00,74.468132272222,58.350443655556,58.361276605554,19.41111112,-1.1786666666666668,19.95,1,5.1764362714980825,70.66250196097344,9,0,11,0.7071067811865476,-0.7071067811865475,0.0,1.0,-0.5000000000000004,0.8660254037844384,55.25,29.0,10.229166666666666,14.425,34.75,97.5,51.0,-12.025,1.960158,0.0,-3.325,19.190740753333333,20.28333333333333,20.05,20.316666666666663,20.65,19.716666666666665,-20.58977778666667,0.2740740466666693,0.1473333333333333,-1.326,-1.1700000000000002,19.24012347777778,-1.3244444444444423,3.3292778,3.3307085,3.299228,3.3864062,3.2479212,0,0.0,1,1.0,-0.88,21.4,78.6
2022-11-21 09:30:00,155.021298949998,127.154358072222,127.172412966664,19.190740753333333,-1.1700000000000002,19.716666666666665,2,5.1764362714980825,70.66250196097344,9,0,11,0.7071067811865476,-0.7071067811865475,0.0,1.0,-0.5000000000000004,0.8660254037844384,83.5,46.5,17.1875,15.15,35.3,98.0,48.0,-12.45,1.8944703,0.0,-2.95,19.11230158142857,19.95,20.28333333333333,20.05,20.316666666666663,19.946428571428573,-20.36074075333333,-0.2203703666666676,0.0086666666666666,-1.1786666666666668,-0.6228571428571429,19.246296315555558,-1.224888888888887,3.2479212,3.3292778,3.3307085,3.299228,3.2706108,0,0.0,1,1.0,-0.93,23.3,76.7
2022-11-21 09:45:00,174.81078512222,148.945986388888,148.965985588888,19.11230158142857,-0.6228571428571429,19.946428571428573,2,5.1764362714980825,70.66250196097344,9,0,11,0.7071067811865476,-0.7071067811865475,0.0,1.0,-0.5000000000000004,0.8660254037844384,111.75,69.375,26.5,15.875,35.85,98.5,45.0,-12.875,1.8236765,0.0,-2.575,19.37037038,19.716666666666665,19.95,20.28333333333333,20.05,19.35,-19.735158724285714,-0.0784391719047619,0.5471428571428573,-1.1700000000000002,0.1513333333333333,19.238051151587303,-0.9905079365079344,3.2706108,3.2479212,3.3292778,3.3307085,3.2214174,0,0.0,0,1.0,-0.95,24.0,76.0
2022-11-21 10:00:00,50.724637633332,32.977847516666,32.985069511108,19.37037038,0.1513333333333333,19.35,1,5.1764362714980825,70.66250196097344,10,0,11,0.4999999999999999,-0.8660254037844387,0.0,1.0,-0.5000000000000004,0.8660254037844384,140.0,97.625,38.16666666666666,16.6,36.4,99.0,42.0,-13.3,1.7475778,0.0,-2.2,19.23333336,19.946428571428573,19.716666666666665,19.95,20.28333333333333,19.35,-19.219037046666667,0.2580687985714291,0.7741904761904762,-0.6228571428571429,0.4364285714285714,19.22447090492064,-0.5471746031746011,3.2214174,3.2706108,3.2479212,3.3292778,3.1955295,0,0.0,1,1.0,-0.89,21.8,78.2
2022-11-21 10:15:00,150.382040177772,128.198205249998,128.215426827774,19.23333336,0.4364285714285714,19.35,2,5.1764362714980825,70.66250196097344,10,0,11,0.4999999999999999,-0.8660254037844387,0.0,1.0,-0.5000000000000004,0.8660254037844384,166.0,125.3125,52.0,17.475,38.45,99.25,40.0,-13.525,1.7236922,0.0,-1.7000000000000002,19.24814817333333,19.35,19.946428571428573,19.716666666666665,19.95,19.5,-18.796904788571428,-0.137037020000001,0.285095238095238,0.1513333333333333,0.878,19.238668440476197,-0.0116984126984106,3.1955295,3.2214174,3.2706108,3.2479212,3.2231126,0,0.0,1,1.0,-0.92,23.0,77.0
2022-11-21 10:30:00,176.400999227778,164.2509297,164.272039955556,19.24814817333333,0.878,19.5,2,5.1764362714980825,70.66250196097344,10,0,11,0.4999999999999999,-0.8660254037844387,0.0,1.0,-0.5000000000000004,0.8660254037844384,192.0,152.4375,68.0,18.35,40.5,99.5,38.0,-13.75,1.6956298,0.0,-1.2000000000000002,19.49444447,19.35,19.35,19.946428571428573,19.716666666666665,19.15,-18.37014817333333,0.0148148133333343,0.4415714285714285,0.4364285714285714,1.1133333333333333,19.283950637777775,0.4885873015873037,3.2231126,3.1955295,3.2214174,3.2706108,3.2114725,0,0.0,0,1.0,-0.92,22.9,77.1
2022-11-21 10:45:00,38.657342577776,26.470330027778,26.478663111108,19.49444447,1.1133333333333333,19.15,1,5.1764362714980825,70.66250196097344,10,0,11,0.4999999999999999,-0.8660254037844387,0.0,1.0,-0.5000000000000004,0.8660254037844384,218.0,179.0,86.16666666666667,19.225,42.55,99.75,36.0,-13.975,1.6631585,0.0,-0.7000000000000002,19.37037034,19.5,19.35,19.35,19.946428571428573,19.183333333333334,-18.381111136666668,0.2462962966666673,0.2353333333333332,0.878,1.4246666666666663,19.32530866777778,0.8092539682539703,3.2114725,3.2231126,3.1955295,3.2214174,3.1936705,0,0.0,1,1.0,-0.87,20.8,79.2
2022-11-21 11:00:00,157.17926816111,129.172055111112,129.189832233332,19.37037034,1.4246666666666663,19.183333333333334,2,5.1764362714980825,70.66250196097344,11,0,11,0.258819045102521,-0.9659258262890682,0.0,1.0,-0.5000000000000004,0.8660254037844384,244.0,205.0,106.5,20.1,44.6,100.0,34.0,-14.2,1.6260347,0.0,-0.2,19.31111108,19.15,19.5,19.35,19.35,19.5,-17.945703673333334,-0.1240741300000003,0.3113333333333332,1.1133333333333333,1.4606666666666668,19.370987661111112,1.1386666666666687,3.1936705,3.2114725,3.2231126,3.1955295,3.2350862,0,0.0,1,1.0,-0.89,21.9,78.1
2022-11-21 11:15:00,169.867371650002,139.607471011112,139.62663696111,19.31111108,1.4606666666666668,19.5,2,5.1764362714980825,70.66250196097344,11,0,11,0.258819045102521,-0.9659258262890682,0.0,1.0,-0.5000000000000004,0.8660254037844384,257.75,227.9375,127.41666666666669,20.025,44.8,99.25,33.0,-14.2,1.6251063,0.0,0.225,19.416666643333333,19.183333333333334,19.15,19.5,19.35,19.316666666666663,-17.85044441333333,-0.059259260000001,0.0360000000000002,1.4246666666666663,1.5686666666666669,19.39197529666667,1.332888888888891,3.2350862,3.1936705,3.2114725,3.2231126,3.22464,0,0.0,0,1.0,-0.91,22.3,77.7
2022-11-21 11:30:00,59.863161061106,40.750314355556,40.76003628333,19.416666643333333,1.5686666666666669,19.316666666666663,1,5.1764362714980825,70.66250196097344,11,0,11,0.258819045102521,-0.9659258262890682,0.0,1.0,-0.5000000000000004,0.8660254037844384,271.5,247.8125,148.91666666666666,19.950000000000003,45.0,98.5,32.0,-14.2,1.622517,0.0,0.6500000000000001,19.13888892,19.5,19.183333333333334,19.15,19.5,19.05,-17.847999976666667,0.1055555633333327,0.1079999999999998,1.4606666666666668,1.7046666666666668,19.36604935444445,1.4846666666666686,3.22464,3.2350862,3.1936705,3.2114725,3.128525,0,0.0,1,1.0,-0.88,21.5,78.5
2022-11-21 11:45:00,115.813145155552,97.642760783334,97.658593549998,19.13888892,1.7046666666666668,19.05,2,5.1764362714980825,70.66250196097344,11,0,11,0.258819045102521,-0.9659258262890682,0.0,1.0,-0.5000000000000004,0.8660254037844384,285.25,264.625,171.0,19.875,45.2,97.75,31.0,-14.2,1.6181804,0.0,1.0750000000000002,19.001851873333333,19.316666666666663,19.5,19.183333333333334,19.15,19.466666666666665,-17.43422225333333,-0.2777777233333331,0.1360000000000001,1.5686666666666669,1.8046666666666664,19.28888888111111,1.578000000000002,3.128525,3.22464,3.2350862,3.1936705,3.1712146,0,0.0,1,1.0,-0.95,23.9,76.1
2022-11-21 12:00:00,176.288503794442,158.618655016666,158.639765288888,19.001851873333333,1.8046666666666664,19.466666666666665,2,5.1764362714980825,70.66250196097344,12,0,11,1.2246467991473532e-16,-1.0,0.0,1.0,-0.5000000000000004,0.8660254037844384,299.0,278.375,193.66666666666663,19.8,45.4,97.0,30.0,-14.2,1.612009,0.0,1.5,19.34444443,19.05,19.316666666666663,19.5,19.183333333333334,19.45,-17.197185206666667,-0.1370370466666663,0.0999999999999998,1.7046666666666668,1.7126666666666666,19.18580247888889,1.6926666666666688,3.1712146,3.128525,3.22464,3.2350862,3.2331285,0,0.0,0,1.0,-0.98,25.1,74.9
2022-11-21 12:15:00,79.116001916666,66.64761180555399,66.65955581110799,19.34444443,1.7126666666666666,19.45,1,5.1764362714980825,70.66250196097344,12,0,11,1.2246467991473532e-16,-1.0,0.0,1.0,-0.5000000000000004,0.8660254037844384,312.25,292.0,215.08333333333331,19.85,45.3,97.75,29.25,-14.125,1.6149982,0.0,1.9,19.187037046666667,19.466666666666665,19.05,19.316666666666663,19.5,19.216666666666665,-17.631777763333332,0.3425925566666663,-0.092,1.8046666666666664,1.9446666666666663,19.161728407777776,1.7406666666666686,3.2331285,3.1712146,3.128525,3.22464,3.1648648,0,0.0,1,1.0,-0.9,22.0,78.0
2022-11-21 12:30:00,123.703940627774,104.151389327778,104.166111038886,19.187037046666667,1.9446666666666663,19.216666666666665,2,5.1764362714980825,70.66250196097344,12,0,11,1.2246467991473532e-16,-1.0,0.0,1.0,-0.5000000000000004,0.8660254037844384,325.5,305.5,235.25,19.9,45.2,98.5,28.5,-14.05,1.6167816,0.0,2.3,19.09999999,19.45,19.466666666666665,19.05,19.316666666666663,19.5,-17.24237038,-0.1574073833333322,0.2319999999999999,1.7126666666666666,2.5326666666666666,19.177777783333337,1.8206666666666689,3.1648648,3.2331285,3.1712146,3.128525,3.1950917,0,0.0,1,1.0,-0.94,23.5,76.5
2022-11-21 12:45:00,179.94141313889,142.465967816666,142.484578238886,19.09999999,2.5326666666666666,19.5,2,5.1764362714980825,70.66250196097344,12,0,11,1.2246467991473532e-16,-1.0,0.0,1.0,-0.5000000000000004,0.8660254037844384,338.75,318.875,254.16666666666663,19.95,45.1,99.25,27.75,-13.975,1.6172996,0.0,2.7,19.367460280714287,19.216666666666665,19.45,19.466666666666665,19.05,19.303571428571427,-16.567333323333333,-0.0870370566666665,0.5880000000000001,1.9446666666666663,2.9,19.210493822222222,2.0633333333333352,3.1950917,3.1648648,3.2331285,3.1712146,3.2131374,0,0.0,0,1.0,-0.95,24.2,75.8
2022-11-21 13:00:00,410.983282311108,55.743603533332,55.753603149998,19.367460280714287,2.9,19.303571428571427,1,5.1764362714980825,70.66250196097344,13,0,11,-0.2588190451025208,-0.9659258262890684,0.0,1.0,-0.5000000000000004,0.8660254037844384,352.0,332.125,271.8333333333333,20.0,45.0,100.0,27.0,-13.9,1.6164905,0.0,3.1,19.23333334,19.5,19.216666666666665,19.45,19.466666666666665,19.05,-16.46746028071429,0.2674602907142862,0.3673333333333333,2.5326666666666666,3.0013333333333336,19.21816577246032,2.459111111111113,3.2131374,3.1950917,3.1648648,3.2331285,3.1459863,0,0.0,1,1.0,-0.89,21.9,78.1
2022-11-21 13:15:00,102.32396246111,90.339441811112,90.35277466111,19.23333334,3.0013333333333336,19.05,2,5.1764362714980825,70.66250196097344,13,0,11,-0.2588190451025208,-0.9659258262890684,0.0,1.0,-0.5000000000000004,0.8660254037844384,339.25,338.875,286.2708333333333,20.225,45.1,99.25,27.5,-13.5,1.6714598,0.0,3.325,19.13333332333333,19.303571428571427,19.5,19.216666666666665,19.45,19.466666666666665,-16.232000006666667,-0.1341269407142853,0.1013333333333337,2.9,3.366,19.233597870238096,2.8113333333333355,3.1459863,3.2131374,3.1950917,3.1648648,3.1959062,0,0.0,1,1.0,-0.93,23.1,76.9
2022-11-21 13:30:00,189.011328111112,165.535322772222,165.556155288888,19.13333332333333,3.366,19.466666666666665,2,5.1764362714980825,70.66250196097344,13,0,11,-0.2588190451025208,-0.9659258262890684,0.0,1.0,-0.5000000000000004,0.8660254037844384,326.5,339.125,297.4791666666667,20.45,45.2,98.5,28.0,-13.1,1.7276787,0.0,3.5500000000000003,19.3833333,19.05,19.303571428571427,19.5,19.216666666666665,19.15,-15.767333323333332,-0.1000000166666694,0.3646666666666665,3.0013333333333336,3.55,19.24470898134921,3.0891111111111136,3.1959062,3.1459863,3.2131374,3.1950917,3.190554,0,0.0,0,1.0,-0.95,23.9,76.1
2022-11-21 13:45:00,32.979236427774,20.3358532,20.34279742222,19.3833333,3.55,19.15,1,5.1764362714980825,70.66250196097344,13,0,11,-0.2588190451025208,-0.9659258262890684,0.0,1.0,-0.5000000000000004,0.8660254037844384,313.75,332.875,305.4583333333333,20.675,45.3,97.75,28.5,-12.7,1.7851679,0.0,3.775,19.144444476666667,19.466666666666665,19.05,19.303571428571427,19.5,19.183333333333334,-15.8333333,0.2499999766666683,0.1839999999999997,3.366,3.5373333333333337,19.24999998777778,3.3057777777777795,3.190554,3.1959062,3.1459863,3.2131374,3.1514535,0,0.0,1,1.0,-0.89,21.8,78.2
2022-11-21 14:00:00,143.386208788888,127.514621394446,127.5323985,19.144444476666667,3.5373333333333337,19.183333333333334,2,5.1764362714980825,70.66250196097344,14,0,11,-0.4999999999999997,-0.8660254037844388,0.0,1.0,-0.5000000000000004,0.8660254037844384,301.0,320.125,310.2083333333333,20.9,45.4,97.0,29.0,-12.3,1.8439507,0.0,4.0,19.23333336,19.15,19.466666666666665,19.05,19.303571428571427,19.45,-15.607111143333334,-0.2388888233333332,-0.0126666666666661,3.55,3.686,19.220370366666668,3.484444444444447,3.1514535,3.190554,3.1959062,3.1459863,3.212044,0,0.0,1,1.0,-0.95,23.9,76.1
2022-11-21 14:15:00,155.39933927778,119.344114927778,119.361336505554,19.23333336,3.686,19.45,2,5.1764362714980825,70.66250196097344,14,0,11,-0.4999999999999997,-0.8660254037844388,0.0,1.0,-0.5000000000000004,0.8660254037844384,305.75,311.75,314.2083333333333,20.925,45.65,96.5,29.0,-12.175,1.8686676,0.0,4.2,19.357936522142857,19.183333333333334,19.15,19.466666666666665,19.05,19.035714285714285,-15.54733336,0.0888888833333325,0.1486666666666662,3.5373333333333337,3.75,19.253703712222222,3.5911111111111134,3.212044,3.1514535,3.190554,3.1959062,3.1667764,0,0.0,0,1.0,-0.92,23.0,77.0
2022-11-21 14:30:00,79.88736016110201,56.212195872222,56.222751049998,19.357936522142857,3.75,19.035714285714285,1,5.1764362714980825,70.66250196097344,14,0,11,-0.4999999999999997,-0.8660254037844388,0.0,1.0,-0.5000000000000004,0.8660254037844384,310.5,307.75,317.4583333333333,20.95,45.9,96.0,29.0,-12.05,1.8936741,0.0,4.4,19.11111115,19.45,19.183333333333334,19.15,19.466666666666665,19.35,-15.607936522142856,0.1246031621428578,0.064,3.686,4.3566666666666665,19.245238119603176,3.65777777777778,3.1667764,3.212044,3.1514535,3.190554,3.172592,0,0.0,1,1.0,-0.9,22.0,78.0
2022-11-21 14:45:00,144.746154405554,132.6088621,132.62747252222,19.11111115,4.3566666666666665,19.35,2,5.1764362714980825,70.66250196097344,14,0,11,-0.4999999999999997,-0.8660254037844388,0.0,1.0,-0.5000000000000004,0.8660254037844384,315.25,308.125,319.9583333333333,20.975,46.15,95.5,29.0,-11.925,1.9189727,0.0,4.6,19.324074073333332,19.035714285714285,19.45,19.183333333333334,19.15,19.5,-14.754444483333334,-0.2468253721428581,0.6066666666666665,3.75,4.674666666666667,19.23412701071429,3.930888888888891,3.172592,3.1667764,3.212044,3.1514535,3.2375562,0,0.0,1,1.0,-0.95,24.1,75.9
2022-11-21 15:00:00,117.406136949998,100.593476083334,100.608753305554,19.324074073333332,4.674666666666667,19.5,2,5.1764362714980825,70.66250196097344,15,0,11,-0.7071067811865471,-0.7071067811865479,0.0,1.0,-0.5000000000000004,0.8660254037844384,320.0,312.875,321.7083333333333,21.0,46.4,95.0,29.0,-11.8,1.9445668,0.0,4.8,19.33888886,19.35,19.035714285714285,19.45,19.183333333333334,19.2,-14.649407406666668,0.2129629233333361,0.3180000000000005,4.3566666666666665,4.899333333333333,19.26437391515873,4.260444444444446,3.2375562,3.172592,3.1667764,3.212044,3.1905277,0,0.0,0,1.0,-0.9,22.2,77.8
2022-11-21 15:15:00,66.069857249994,46.933400355556,46.944233338886,19.33888886,4.899333333333333,19.2,1,5.1764362714980825,70.66250196097344,15,0,11,-0.7071067811865471,-0.7071067811865479,0.0,1.0,-0.5000000000000004,0.8660254037844384,297.25,310.75,320.4583333333333,21.775,47.575,96.0,29.25,-11.775,1.9548485,0.0,4.75,19.111111146428573,19.5,19.35,19.035714285714285,19.45,19.464285714285715,-14.439555526666668,0.0148147866666654,0.2246666666666659,4.674666666666667,4.772857142857142,19.258024694444448,4.643555555555557,3.1905277,3.2375562,3.172592,3.1667764,3.19133,0,0.0,1,1.0,-0.9,22.1,77.9
2022-11-21 15:30:00,137.757545111108,124.497242144444,124.514185966664,19.111111146428573,4.772857142857142,19.464285714285715,2,5.1764362714980825,70.66250196097344,15,0,11,-0.7071067811865471,-0.7071067811865479,0.0,1.0,-0.5000000000000004,0.8660254037844384,274.5,301.75,316.2083333333333,22.55,48.75,97.0,29.5,-11.75,1.9650383,0.0,4.699999999999999,19.28888888,19.2,19.5,19.35,19.035714285714285,19.45,-14.338254003571432,-0.2277777135714274,-0.1264761904761906,4.899333333333333,4.685999999999999,19.25802469325397,4.782285714285716,3.19133,3.1905277,3.2375562,3.172592,3.2225714,0,0.0,1,1.0,-0.95,24.1,75.9
2022-11-21 15:45:00,121.350701311112,92.384915588888,92.399081755552,19.28888888,4.685999999999999,19.45,2,5.1764362714980825,70.66250196097344,15,0,11,-0.7071067811865471,-0.7071067811865479,0.0,1.0,-0.5000000000000004,0.8660254037844384,251.75,285.875,308.9583333333333,23.325000000000003,49.925,98.0,29.75,-11.725,1.9751372,0.0,4.65,19.28333333333333,19.464285714285715,19.2,19.5,19.35,19.216666666666665,-14.602888879999998,0.1777777335714248,-0.0868571428571431,4.772857142857142,4.430000000000001,19.246296295476192,4.7860634920634935,3.2225714,3.19133,3.1905277,3.2375562,3.18287,0,0.0,0,1.0,-0.91,22.5,77.5
2022-11-21 16:00:00,85.88434235555201,52.727335272222,52.737334938886,19.28333333333333,4.430000000000001,19.216666666666665,1,5.1764362714980825,70.66250196097344,16,0,11,-0.8660254037844385,-0.5000000000000004,0.0,1.0,-0.5000000000000004,0.8660254037844384,229.0,263.125,298.7083333333333,24.1,51.1,99.0,30.0,-11.7,1.9851446,0.0,4.6,19.06666666,19.45,19.464285714285715,19.2,19.5,19.5,-14.853333333333335,-0.0055555466666632,-0.2559999999999984,4.685999999999999,4.196666666666666,19.2277777865873,4.629619047619049,3.18287,3.2225714,3.19133,3.1905277,3.1888163,0,0.0,1,1.0,-0.91,22.6,77.4
2022-11-21 16:15:00,159.801663294442,147.830197655556,147.849641327778,19.06666666,4.196666666666666,19.5,2,5.1764362714980825,70.66250196097344,16,0,11,-0.8660254037844385,-0.5000000000000004,0.0,1.0,-0.5000000000000004,0.8660254037844384,196.0,237.8125,286.7708333333333,24.6,52.725,98.5,30.25,-11.65,1.9917555,0.0,4.525,19.372222203333333,19.216666666666665,19.45,19.464285714285715,19.2,19.5,-14.869999993333334,-0.2166666733333357,-0.2333333333333342,4.430000000000001,4.069333333333334,19.21296295777778,4.437555555555558,3.1888163,3.18287,3.2225714,3.19133,3.2467437,0,0.0,1,1.0,-0.96,24.5,75.5
2022-11-21 16:30:00,101.977587433332,90.001677572222,90.016954794442,19.372222203333333,4.069333333333334,19.5,2,5.1764362714980825,70.66250196097344,16,0,11,-0.8660254037844385,-0.5000000000000004,0.0,1.0,-0.5000000000000004,0.8660254037844384,163.0,209.9375,273.1458333333333,25.1,54.35,98.0,30.5,-11.6,1.9982457,0.0,4.449999999999999,19.34999998,19.5,19.216666666666665,19.45,19.464285714285715,19.2,-15.30288887,0.3055555433333339,-0.1273333333333326,4.196666666666666,4.1226666666666665,19.240740732222225,4.232000000000002,3.2467437,3.1888163,3.18287,3.2225714,3.1926157,0,0.0,0,1.0,-0.89,21.8,78.2
2022-11-21 16:45:00,76.75915179444199,53.730906244444,53.740072577776,19.34999998,4.1226666666666665,19.2,1,5.1764362714980825,70.66250196097344,16,0,11,-0.8660254037844385,-0.5000000000000004,0.0,1.0,-0.5000000000000004,0.8660254037844384,130.0,179.5,257.8333333333333,25.6,55.975,97.5,30.75,-11.55,2.0046165,0.0,4.375,19.083333343333333,19.5,19.5,19.216666666666665,19.45,19.65,-15.227333313333332,-0.0222222233333333,0.0533333333333327,4.069333333333334,4.1113333333333335,19.26296294777778,4.129555555555558,3.1926157,3.2467437,3.1888163,3.18287,3.2165067,0,0.0,1,1.0,-0.9,22.1,77.9
2022-11-21 17:00:00,161.51437258333,146.2783153,146.296925688888,19.083333343333333,4.1113333333333335,19.65,2,5.1764362714980825,70.66250196097344,17,0,11,-0.9659258262890684,-0.2588190451025206,0.0,1.0,-0.5000000000000004,0.8660254037844384,97.0,146.5,240.83333333333331,26.1,57.6,97.0,31.0,-11.5,2.010868,0.0,4.3,19.366666650000003,19.2,19.5,19.5,19.216666666666665,19.65,-14.97200001,-0.2666666366666668,-0.0113333333333329,4.1226666666666665,4.004,19.26851850888889,4.101111111111113,3.2165067,3.1926157,3.2467437,3.1888163,3.270649,0,0.0,1,1.0,-0.96,24.3,75.7
2022-11-21 17:15:00,117.24419904444,89.36364756111,89.377813694442,19.366666650000003,4.004,19.65,2,5.1764362714980825,70.66250196097344,17,0,11,-0.9659258262890684,-0.2588190451025206,0.0,1.0,-0.5000000000000004,0.8660254037844384,74.75,116.1875,221.58333333333331,25.700000000000003,56.975,95.0,31.25,-11.45,2.017002,0.0,4.225,19.353703696666667,19.65,19.2,19.5,19.5,19.5,-15.362666650000005,0.2833333066666696,-0.1073333333333339,4.1113333333333335,4.083333333333333,19.26666665777778,4.079333333333335,3.270649,3.2165067,3.1926157,3.2467437,3.2432065,0,0.0,0,1.0,-0.89,21.8,78.2
2022-11-21 17:30:00,112.421336333332,81.27619328888801,81.287581766664,19.353703696666667,4.083333333333333,19.5,2,5.1764362714980825,70.66250196097344,17,0,11,-0.9659258262890684,-0.2588190451025206,0.0,1.0,-0.5000000000000004,0.8660254037844384,52.5,88.5625,200.08333333333331,25.3,56.35,93.0,31.5,-11.4,2.0230188,0.0,4.15,19.18333335,19.65,19.65,19.2,19.5,19.85,-15.270370363333337,-0.0129629533333357,0.0793333333333334,4.004,4.288,19.267901230000003,4.066222222222224,3.2432065,3.270649,3.2165067,3.1926157,3.268458,0,0.0,0,1.0,-0.9,22.0,78.0
2022-11-21 17:45:00,178.74229435556,162.055184183334,162.07546115555598,19.18333335,4.288,19.85,2,5.1764362714980825,70.66250196097344,17,0,11,-0.9659258262890684,-0.2588190451025206,0.0,1.0,-0.5000000000000004,0.8660254037844384,30.25,63.625,176.33333333333334,24.9,55.725,91.0,31.75,-11.35,2.0289192,0.0,4.075,19.498148166666667,19.5,19.65,19.65,19.2,19.816666666666663,-14.89533335,-0.1703703466666652,0.2046666666666672,4.083333333333333,4.394666666666667,19.30123456555556,4.125111111111113,3.268458,3.2432065,3.270649,3.2165067,3.3239977,0,0.0,0,1.0,-0.93,23.4,76.6
2022-11-21 18:00:00,57.351594694446,45.372073944444,45.381518099996,19.498148166666667,4.394666666666667,19.816666666666663,1,5.1764362714980825,70.66250196097344,18,0,11,-1.0,-1.8369701987210294e-16,0.0,1.0,-0.5000000000000004,0.8660254037844384,8.0,41.375,150.33333333333334,24.5,55.1,89.0,32.0,-11.3,2.0347042,0.0,4.0,19.27777781,19.85,19.5,19.65,19.65,19.85,-15.1034815,0.3148148166666651,0.1066666666666664,4.288,4.454666666666666,19.34506173777778,4.255333333333335,3.3239977,3.268458,3.2432065,3.270649,3.2866943,0,0.0,1,1.0,-0.86,20.7,79.3
2022-11-21 18:15:00,130.086463066664,114.2045983,114.22070882222,19.27777781,4.454666666666666,19.85,2,5.1764362714980825,70.66250196097344,18,0,11,-1.0,-1.8369701987210294e-16,0.0,1.0,-0.5000000000000004,0.8660254037844384,6.0,24.1875,126.0625,24.075,54.275,90.5,32.25,-11.25,2.0437787,0.0,3.95,19.237037016666665,19.816666666666663,19.85,19.5,19.65,20.0,-14.823111143333334,-0.2203703566666668,0.0599999999999996,4.394666666666667,4.630666666666667,19.31975310888889,4.379111111111112,3.2866943,3.3239977,3.268458,3.2432065,3.303594,0,0.0,1,1.0,-0.91,22.5,77.5
2022-11-21 18:30:00,179.888915372218,160.01582136111,160.03637610555398,19.237037016666665,4.630666666666667,20.0,2,5.1764362714980825,70.66250196097344,18,0,11,-1.0,-1.8369701987210294e-16,0.0,1.0,-0.5000000000000004,0.8660254037844384,4.0,12.0625,103.52083333333331,23.65,53.45,92.0,32.5,-11.2,2.0527673,0.0,3.9,19.446428560714285,19.85,19.816666666666663,19.85,19.5,20.0,-14.60637035,-0.0407407933333345,0.176000000000001,4.454666666666666,4.7821428571428575,19.33765433111111,4.493333333333335,3.303594,3.2866943,3.3239977,3.268458,3.3445616,0,0.0,0,1.0,-0.92,22.9,77.1
2022-11-21 18:45:00,59.489009311108,33.039789472222,33.04728922222,19.446428560714285,4.7821428571428575,20.0,1,5.1764362714980825,70.66250196097344,18,0,11,-1.0,-1.8369701987210294e-16,0.0,1.0,-0.5000000000000004,0.8660254037844384,2.0,5.0,82.70833333333333,23.225,52.625,93.5,32.75,-11.15,2.0616703,0.0,3.85,19.168518533333334,20.0,19.85,19.816666666666663,19.85,20.183333333333334,-14.664285703571426,0.2093915440476195,0.1514761904761901,4.630666666666667,5.000666666666667,19.32041446246032,4.622492063492065,3.3445616,3.303594,3.2866943,3.3239977,3.3204432,0,0.0,1,1.0,-0.87,21.1,78.9
2022-11-21 19:00:00,166.48667364999798,141.03852493333198,141.056302038886,19.168518533333334,5.000666666666667,20.183333333333334,2,5.1764362714980825,70.66250196097344,19,0,11,-0.9659258262890684,0.2588190451025203,0.0,1.0,-0.5000000000000004,0.8660254037844384,0.0,3.0,63.625,22.8,51.8,95.0,33.0,-11.1,2.0704892,0.0,3.8,19.31666667,20.0,20.0,19.85,19.816666666666663,20.45,-14.167851866666666,-0.2779100273809511,0.2185238095238091,4.7821428571428575,5.083333333333333,19.28399470357143,4.804492063492066,3.3204432,3.3445616,3.303594,3.2866943,3.3938024,0,0.0,1,1.0,-0.93,23.4,76.6
2022-11-21 19:15:00,126.506328494442,102.762000488888,102.776999955552,19.31666667,5.083333333333333,20.45,2,5.1764362714980825,70.66250196097344,19,0,11,-0.9659258262890684,0.2588190451025203,0.0,1.0,-0.5000000000000004,0.8660254037844384,0.0,1.5,47.29166666666666,22.625,50.725,75.25,34.0,-10.625,2.1510937,0.0,3.925,19.37037038333333,20.183333333333334,20.0,20.0,19.85,20.216666666666665,-14.233333336666668,0.1481481366666663,0.0826666666666664,5.000666666666667,5.063333333333333,19.31053792134921,4.9553809523809536,3.3938024,3.3204432,3.3445616,3.303594,3.365702,0,0.0,0,1.0,-0.9,22.1,77.9
2022-11-21 19:30:00,74.817840516666,62.8066543,62.818320549998,19.37037038333333,5.063333333333333,20.216666666666665,1,5.1764362714980825,70.66250196097344,19,0,11,-0.9659258262890684,0.2588190451025203,0.0,1.0,-0.5000000000000004,0.8660254037844384,0.0,0.5,33.708333333333336,22.450000000000003,49.65,55.5,35.0,-10.15,2.232883,0.0,4.05,19.1166667,20.45,20.183333333333334,20.0,20.0,20.85,-14.307037050000002,0.0537037133333342,-0.0200000000000004,5.083333333333333,5.123333333333333,19.28518519555556,5.049111111111112,3.365702,3.3938024,3.3204432,3.3445616,3.4196498,0,0.0,1,1.0,-0.89,21.7,78.3
2022-11-21 19:45:00,161.666588644444,149.530962988888,149.551239994442,19.1166667,5.123333333333333,20.85,2,5.1764362714980825,70.66250196097344,19,0,11,-0.9659258262890684,0.2588190451025203,0.0,1.0,-0.5000000000000004,0.8660254037844384,0.0,0.0,22.875,22.275,48.575,35.75,36.0,-9.675,2.3158708,0.0,4.175,19.37592591,20.216666666666665,20.45,20.183333333333334,20.0,20.816666666666663,-13.993333366666668,-0.2537036833333346,0.0600000000000005,5.063333333333333,5.225333333333333,19.267901251111116,5.090000000000001,3.4196498,3.365702,3.3938024,3.3204432,3.4667234,0,0.0,1,1.0,-0.94,23.8,76.2
2022-11-21 20:00:00,79.597649333332,57.494644572222,57.50547752222,19.37592591,5.225333333333333,20.816666666666663,1,5.1764362714980825,70.66250196097344,20,0,11,-0.8660254037844386,0.5000000000000001,0.0,1.0,-0.5000000000000004,0.8660254037844384,0.0,0.0,14.791666666666666,22.1,47.5,16.0,37.0,-9.2,2.4000683,0.0,4.3,19.255555580000003,20.85,20.216666666666665,20.45,20.183333333333334,20.85,-14.150592576666666,0.2592592099999997,0.1020000000000003,5.123333333333333,5.34,19.287654331111117,5.137333333333335,3.4667234,3.4196498,3.365702,3.3938024,3.447755,0,0.0,1,1.0,-0.88,21.5,78.5
2022-11-21 20:15:00,121.167097755548,92.54240923889,92.555186544444,19.255555580000003,5.34,20.85,2,5.1764362714980825,70.66250196097344,20,0,11,-0.8660254037844386,0.5000000000000001,0.0,1.0,-0.5000000000000004,0.8660254037844384,0.0,0.0,8.5625,21.200000000000003,46.775,37.0,37.75,-8.924999999999999,2.4487183,0.0,4.3,19.14444448,20.816666666666663,20.85,20.216666666666665,20.45,21.0,-13.915555580000005,-0.1203703299999965,0.1146666666666664,5.225333333333333,5.435333333333333,19.24938273,5.2295555555555575,3.447755,3.4667234,3.4196498,3.365702,3.4498973,0,0.0,1,1.0,-0.91,22.5,77.5
2022-11-21 20:30:00,179.217831016666,152.502788511112,152.522232216666,19.14444448,5.435333333333333,21.0,2,5.1764362714980825,70.66250196097344,20,0,11,-0.8660254037844386,0.5000000000000001,0.0,1.0,-0.5000000000000004,0.8660254037844384,0.0,0.0,4.1875,20.3,46.05,58.0,38.5,-8.649999999999999,2.4973686,0.0,4.3,19.327777790000003,20.85,20.816666666666663,20.85,20.216666666666665,20.7,-13.709111146666668,-0.1111111000000022,0.0953333333333334,5.34,5.547333333333333,19.25864199,5.333555555555557,3.4498973,3.447755,3.4667234,3.4196498,3.4375384,0,0.0,0,1.0,-0.94,23.5,76.5
2022-11-21 20:45:00,52.342906083338,32.877573711112,32.884240144444,19.327777790000003,5.547333333333333,20.7,1,5.1764362714980825,70.66250196097344,20,0,11,-0.8660254037844386,0.5000000000000001,0.0,1.0,-0.5000000000000004,0.8660254037844384,0.0,0.0,1.6666666666666667,19.4,45.325,79.0,39.25,-8.375,2.5460186,0.0,4.3,19.12962962,21.0,20.85,20.816666666666663,20.85,21.15,-13.78044445666667,0.1833333100000018,0.1119999999999992,5.435333333333333,5.508,19.24259261666667,5.44088888888889,3.4375384,3.4498973,3.447755,3.4667234,3.4715056,0,0.0,1,1.0,-0.9,21.9,78.1
2022-11-21 21:00:00,152.526676488888,135.87456476666802,135.89234183889,19.12962962,5.508,21.15,2,5.1764362714980825,70.66250196097344,21,0,11,-0.7071067811865477,0.7071067811865474,0.0,1.0,-0.5000000000000004,0.8660254037844384,0.0,0.0,1.0,18.5,44.6,100.0,40.0,-8.1,2.5946686,0.0,4.3,19.34444441,20.7,21.0,20.85,20.816666666666663,21.15,-13.62162962,-0.1981481700000031,-0.0393333333333325,5.547333333333333,5.427333333333333,19.200617296666667,5.496888888888891,3.4715056,3.4375384,3.4498973,3.447755,3.5157156,0,0.0,1,1.0,-0.94,23.6,76.4
2022-11-21 21:15:00,131.835837488888,88.057033127778,88.07036596111,19.34444441,5.427333333333333,21.15,2,5.1764362714980825,70.66250196097344,21,0,11,-0.7071067811865477,0.7071067811865474,0.0,1.0,-0.5000000000000004,0.8660254037844384,0.0,0.0,0.5,18.125,43.25,99.25,41.25,-7.625,2.6935883,0.0,4.4,19.32222219,21.15,20.7,21.0,20.85,21.0,-13.917111076666664,0.2148147899999983,-0.0806666666666666,5.508,5.392666666666667,19.26728394,5.494222222222224,3.5157156,3.4715056,3.4375384,3.4498973,3.4862173,0,0.0,0,1.0,-0.89,21.7,78.3
2022-11-21 21:30:00,779.700755272218,70.12691702777799,70.141083177776,19.32222219,5.392666666666667,21.0,1,5.1764362714980825,70.66250196097344,21,0,11,-0.7071067811865477,0.7071067811865474,0.0,1.0,-0.5000000000000004,0.8660254037844384,0.0,0.0,0.1666666666666666,17.75,41.900000000000006,98.5,42.5,-7.15,2.7936964,0.0,4.5,19.13333332,21.15,21.15,20.7,21.0,21.35,-13.929555523333333,-0.0222222199999997,-0.0346666666666664,5.427333333333333,5.262666666666666,19.265432073333333,5.4426666666666685,3.4862173,3.5157156,3.4715056,3.4375384,3.5050993,0,0.0,1,1.0,-0.9,21.9,78.1
2022-11-21 21:45:00,174.702456188884,140.634096677776,140.651318255552,19.13333332,5.262666666666666,21.35,2,5.1764362714980825,70.66250196097344,21,0,11,-0.7071067811865477,0.7071067811865474,0.0,1.0,-0.5000000000000004,0.8660254037844384,0.0,0.0,0.0,17.375,40.55,97.75,43.75,-6.675,2.8950021,0.0,4.6,19.31851848666667,21.0,21.15,21.15,20.7,21.5,-13.870666653333336,-0.188888869999996,-0.1300000000000007,5.392666666666667,5.153333333333333,19.26666664,5.360888888888891,3.5050993,3.4862173,3.5157156,3.4715056,3.5684447,0,0.0,1,1.0,-0.94,23.5,76.5
2022-11-21 22:00:00,53.154818372214,25.575643583334003,25.58258782222,19.31851848666667,5.153333333333333,21.5,1,5.1764362714980825,70.66250196097344,22,0,11,-0.5000000000000004,0.8660254037844384,0.0,1.0,-0.5000000000000004,0.8660254037844384,0.0,0.0,0.0,17.0,39.2,97.0,45.0,-6.2,2.9975164,0.0,4.7,19.10555555,21.35,21.0,21.15,21.15,21.85,-14.165185153333336,0.1851851666666668,-0.1093333333333328,5.262666666666666,5.260666666666666,19.25802466555556,5.2695555555555575,3.5684447,3.5050993,3.4862173,3.5157156,3.5813146,0,0.0,1,1.0,-0.89,21.8,78.2
2022-11-21 22:15:00,131.845003805554,119.526329888888,119.542440394442,19.10555555,5.260666666666666,21.85,2,5.1764362714980825,70.66250196097344,22,0,11,-0.5000000000000004,0.8660254037844384,0.0,1.0,-0.5000000000000004,0.8660254037844384,0.0,0.0,0.0,17.15,38.85,76.5,47.0,-5.825,3.094628,0.0,4.525,19.160714296428573,21.5,21.35,21.0,21.15,22.0,-13.844888883333336,-0.212962936666667,0.107333333333333,5.153333333333333,5.199285714285714,19.185802452222223,5.225555555555556,3.5813146,3.5684447,3.5050993,3.4862173,3.6176462,0,0.0,1,1.0,-0.94,23.7,76.3
2022-11-21 22:30:00,135.1962586,112.864096372222,112.878540294442,19.160714296428573,5.199285714285714,22.0,2,5.1764362714980825,70.66250196097344,22,0,11,-0.5000000000000004,0.8660254037844384,0.0,1.0,-0.5000000000000004,0.8660254037844384,0.0,0.0,0.0,17.3,38.5,56.0,49.0,-5.45,3.189047,0.0,4.35,19.30555553,21.85,21.5,21.35,21.0,22.0,-13.961428582142858,0.0551587464285709,-0.0613809523809525,5.260666666666666,5.118,19.194929444365084,5.204428571428573,3.6176462,3.5813146,3.5684447,3.5050993,3.648646,0,0.0,0,1.0,-0.93,23.1,76.9
2022-11-21 22:45:00,39.509808427778,27.279186572222,27.285853055552,19.30555553,5.118,22.0,1,5.1764362714980825,70.66250196097344,22,0,11,-0.5000000000000004,0.8660254037844384,0.0,1.0,-0.5000000000000004,0.8660254037844384,0.0,0.0,0.0,17.45,38.15,35.5,51.0,-5.075,3.2808168,0.0,4.175,19.067460358571427,22.0,21.85,21.5,21.35,22.196428571428573,-14.18755553,0.1448412335714266,-0.0812857142857135,5.199285714285714,5.11,19.190608458809525,5.192650793650795,3.648646,3.6176462,3.5813146,3.5684447,3.629931,0,0.0,1,1.0,-0.89,21.9,78.1
2022-11-21 23:00:00,474.624069877776,134.769886755556,134.788219355556,19.067460358571427,5.11,22.196428571428573,2,5.1764362714980825,70.66250196097344,23,0,11,-0.2588190451025215,0.965925826289068,0.0,1.0,-0.5000000000000004,0.8660254037844384,0.0,0.0,0.0,17.6,37.8,15.0,53.0,-4.7,3.3699787,0.0,4.0,19.303174622857146,22.0,22.0,21.85,21.5,22.446428571428573,-13.957460358571428,-0.2380951714285721,-0.008,5.118,5.088571428571428,19.177910061666665,5.142428571428574,3.629931,3.648646,3.6176462,3.5813146,3.7221644,0,0.0,1,1.0,-0.95,23.9,76.1
2022-11-21 23:15:00,101.898701672222,67.163979966668,67.175090688888,19.303174622857146,5.088571428571428,22.446428571428573,1,5.1764362714980825,70.66250196097344,23,0,11,-0.2588190451025215,0.965925826289068,0.0,1.0,-0.5000000000000004,0.8660254037844384,0.0,0.0,0.0,17.400000000000002,37.8,19.75,54.75,-4.625,3.406575,0.0,3.675,19.257936532142857,22.196428571428573,22.0,22.0,21.85,22.22142857142857,-14.214603194285717,0.2357142642857148,-0.0214285714285722,5.11,4.939285714285715,19.225396837142856,5.105523809523811,3.7221644,3.629931,3.648646,3.6176462,3.67505,0,0.0,1,1.0,-0.89,21.8,78.2
2022-11-21 23:30:00,96.07782348333,69.272506788888,69.28417302222,19.257936532142857,4.939285714285715,22.22142857142857,1,5.1764362714980825,70.66250196097344,23,0,11,-0.2588190451025215,0.965925826289068,0.0,1.0,-0.5000000000000004,0.8660254037844384,0.0,0.0,0.0,17.200000000000003,37.8,24.5,56.5,-4.550000000000001,3.439847,0.0,3.35,19.04444446,22.446428571428573,22.196428571428573,22.0,22.0,22.8,-14.318650817857142,-0.0452380907142853,-0.1492857142857131,5.088571428571428,4.803333333333333,19.209523837857144,5.045952380952383,3.67505,3.7221644,3.629931,3.648646,3.7235782,0,0.0,0,1.0,-0.9,22.2,77.8
2022-11-21 23:45:00,147.48298936111,134.681279183334,134.698778516666,19.04444446,4.803333333333333,22.8,2,5.1764362714980825,70.66250196097344,23,0,11,-0.2588190451025215,0.965925826289068,0.0,1.0,-0.5000000000000004,0.8660254037844384,0.0,0.0,0.0,17.0,37.8,29.25,58.25,-4.4750000000000005,3.4699075,0.0,3.0250000000000004,19.34074075333333,22.22142857142857,22.446428571428573,22.196428571428573,22.0,22.53333333333333,-14.241111126666668,-0.2134920721428557,-0.1359523809523821,4.939285714285715,4.715999999999999,19.201851871666666,4.94373015873016,3.7235782,3.67505,3.7221644,3.629931,3.7448475,0,0.0,1,1.0,-0.95,24.0,76.0
2022-11-22 00:00:00,100.432093855548,81.530072,81.542849372218,19.34074075333333,4.715999999999999,22.53333333333333,2,5.1764362714980825,70.66250196097344,0,1,11,0.0,1.0,0.7818314824680298,0.6234898018587336,-0.5000000000000004,0.8660254037844384,0.0,0.0,0.0,16.8,37.8,34.0,60.0,-4.4,3.4968638,0.0,2.7,19.31666668,22.8,22.22142857142857,22.446428571428573,22.196428571428573,22.55,-14.624740753333333,0.2962962933333308,-0.0873333333333334,4.803333333333333,4.6146666666666665,19.21437391515873,4.819539682539684,3.7448475,3.7235782,3.67505,3.7221644,3.74231,0,0.0,0,1.0,-0.88,21.4,78.6
2022-11-22 00:15:00,80.068741805546,62.878318116666,62.888040011108,19.31666668,4.6146666666666665,22.55,1,5.1764362714980825,70.66250196097344,0,1,11,0.0,1.0,0.7818314824680298,0.6234898018587336,-0.5000000000000004,0.8660254037844384,0.0,0.0,0.0,16.65,37.175,44.5,60.75,-4.325,3.516796,0.0,2.6,19.09999999333333,22.53333333333333,22.8,22.22142857142857,22.446428571428573,22.966666666666665,-14.702000013333334,-0.0240740733333311,-0.1013333333333328,4.715999999999999,4.573333333333333,19.233950631111117,4.711333333333335,3.74231,3.7448475,3.7235782,3.67505,3.763108,0,0.0,1,1.0,-0.89,21.7,78.3
2022-11-22 00:30:00,172.68281469444202,160.569965827778,160.589409533332,19.09999999333333,4.573333333333333,22.966666666666665,2,5.1764362714980825,70.66250196097344,0,1,11,0.0,1.0,0.7818314824680298,0.6234898018587336,-0.5000000000000004,0.8660254037844384,0.0,0.0,0.0,16.5,36.55,55.0,61.5,-4.25,3.536283,0.0,2.5,19.39444444,22.55,22.53333333333333,22.8,22.22142857142857,22.7,-14.526666659999997,-0.2166666866666702,-0.0413333333333332,4.6146666666666665,4.5,19.25246914222222,4.634666666666668,3.763108,3.74231,3.7448475,3.7235782,3.7844875,0,0.0,1,1.0,-0.94,23.5,76.5
2022-11-22 00:45:00,55.251123316662,26.861981027778,26.869480777776,19.39444444,4.5,22.7,1,5.1764362714980825,70.66250196097344,0,1,11,0.0,1.0,0.7818314824680298,0.6234898018587336,-0.5000000000000004,0.8660254037844384,0.0,0.0,0.0,16.35,35.925,65.5,62.25,-4.175,3.555329,0.0,2.4,19.21111114,22.966666666666665,22.55,22.53333333333333,22.8,22.966666666666665,-14.894444439999996,0.2944444466666667,-0.0733333333333332,4.573333333333333,4.416666666666667,19.270370371111117,4.562666666666669,3.7844875,3.763108,3.74231,3.7448475,3.7878363,0,0.0,1,1.0,-0.87,21.0,79.0
2022-11-22 01:00:00,164.094824827778,127.884884366668,127.900161555556,19.21111114,4.416666666666667,22.966666666666665,2,5.1764362714980825,70.66250196097344,1,1,11,0.2588190451025207,0.9659258262890684,0.7818314824680298,0.6234898018587336,-0.5000000000000004,0.8660254037844384,0.0,0.0,0.0,16.2,35.3,76.0,63.0,-4.1,3.5739384,0.0,2.3,19.2277778,22.7,22.966666666666665,22.55,22.53333333333333,23.0,-14.794444473333332,-0.1833332999999974,-0.083333333333333,4.5,4.406666666666666,19.23518519111111,4.496666666666669,3.7878363,3.7844875,3.763108,3.74231,3.7970603,0,0.0,1,1.0,-0.91,22.5,77.5
2022-11-22 01:15:00,124.508352816666,111.554426527778,111.570814788888,19.2277778,4.406666666666666,23.0,2,5.1764362714980825,70.66250196097344,1,1,11,0.2588190451025207,0.9659258262890684,0.7818314824680298,0.6234898018587336,-0.5000000000000004,0.8660254037844384,0.0,0.0,0.0,15.7,34.849999999999994,66.75,63.75,-3.95,3.6103792,0.0,2.275,19.311111083333333,22.966666666666665,22.7,22.966666666666665,22.55,23.0,-14.821111133333336,0.016666660000002,-0.0100000000000006,4.416666666666667,4.488,19.277777793333332,4.441111111111113,3.7970603,3.7878363,3.7844875,3.763108,3.8157427,0,0.0,0,1.0,-0.91,22.3,77.7
2022-11-22 01:30:00,65.2073916,53.168984288888,53.179817272218,19.311111083333333,4.488,23.0,1,5.1764362714980825,70.66250196097344,1,1,11,0.2588190451025207,0.9659258262890684,0.7818314824680298,0.6234898018587336,-0.5000000000000004,0.8660254037844384,0.0,0.0,0.0,15.2,34.4,57.5,64.5,-3.8,3.6466851,0.0,2.25,19.06111111,23.0,22.966666666666665,22.7,22.966666666666665,23.35,-14.823111083333334,0.0833332833333315,0.0813333333333341,4.406666666666666,4.536,19.250000007777786,4.437111111111112,3.8157427,3.7970603,3.7878363,3.7844875,3.8171525,0,0.0,1,1.0,-0.89,21.6,78.4
2022-11-22 01:45:00,169.20267620555,144.7950413,144.813929511108,19.06111111,4.536,23.35,2,5.1764362714980825,70.66250196097344,1,1,11,0.2588190451025207,0.9659258262890684,0.7818314824680298,0.6234898018587336,-0.5000000000000004,0.8660254037844384,0.0,0.0,0.0,14.7,33.95,48.25,65.25,-3.65,3.6828578,0.0,2.225,19.33134920142857,23.0,23.0,22.966666666666665,22.7,23.303571428571427,-14.525111110000005,-0.2499999733333311,0.0479999999999991,4.488,4.504285714285714,19.19999999777778,4.47688888888889,3.8171525,3.8157427,3.7970603,3.7878363,3.8707137,0,0.0,1,1.0,-0.94,23.7,76.3
2022-11-22 02:00:00,56.777728766668,45.474292072222,45.48290286111,19.33134920142857,4.504285714285714,23.303571428571427,1,5.1764362714980825,70.66250196097344,2,1,11,0.4999999999999999,0.8660254037844387,0.7818314824680298,0.6234898018587336,-0.5000000000000004,0.8660254037844384,0.0,0.0,0.0,14.2,33.5,39.0,66.0,-3.5,3.7188962,0.0,2.2,19.20555554,23.35,23.0,23.0,22.966666666666665,23.35,-14.827063487142857,0.2702380914285669,-0.0317142857142851,4.536,4.504,19.23452379825397,4.509428571428573,3.8707137,3.8171525,3.8157427,3.7970603,3.8497977,0,0.0,1,1.0,-0.88,21.4,78.6
2022-11-22 02:15:00,127.417403299992,102.653949227778,102.669782011108,19.20555554,4.504,23.35,2,5.1764362714980825,70.66250196097344,2,1,11,0.4999999999999999,0.8660254037844387,0.7818314824680298,0.6234898018587336,-0.5000000000000004,0.8660254037844384,0.0,0.0,0.0,13.9,32.425,32.5,67.25,-3.4,3.7447066,0.0,2.0250000000000004,19.15982909,23.303571428571427,23.35,23.0,23.0,23.5,-14.701555539999998,-0.1257936614285704,-0.000285714285714,4.504285714285714,4.513846153846154,19.199338617142857,4.514761904761907,3.8497977,3.8707137,3.8171525,3.8157427,3.8641024,0,0.0,1,1.0,-0.91,22.4,77.6
2022-11-22 02:30:00,155.02379888333002,123.241736816666,123.255902933332,19.15982909,4.513846153846154,23.5,2,5.1764362714980825,70.66250196097344,2,1,11,0.4999999999999999,0.8660254037844387,0.7818314824680298,0.6234898018587336,-0.5000000000000004,0.8660254037844384,0.0,0.0,0.0,13.6,31.35,26.0,68.5,-3.3,3.7693274,0.0,1.85,19.35555557,23.35,23.303571428571427,23.35,23.0,23.5,-14.645982936153846,-0.04572645,0.0098461538461531,4.504,4.504,19.23224461047619,4.507377289377291,3.8641024,3.8497977,3.8707137,3.8171525,3.908906,0,0.0,0,1.0,-0.92,22.8,77.2
2022-11-22 02:45:00,50.252156483334,34.17502186111,34.183910438886,19.35555557,4.504,23.5,1,5.1764362714980825,70.66250196097344,2,1,11,0.4999999999999999,0.8660254037844387,0.7818314824680298,0.6234898018587336,-0.5000000000000004,0.8660254037844384,0.0,0.0,0.0,13.3,30.275,19.5,69.75,-3.2,3.7927814,0.0,1.675,19.09814817,23.5,23.35,23.303571428571427,23.35,23.5,-14.85155557,0.1957264800000011,-0.0098461538461531,4.513846153846154,4.452666666666667,19.2403134,4.507282051282053,3.908906,3.8641024,3.8497977,3.8707137,3.8500762,0,0.0,1,1.0,-0.87,21.1,78.9
2022-11-22 03:00:00,155.159626816662,142.912616616666,142.932338127774,19.09814817,4.452666666666667,23.5,2,5.1764362714980825,70.66250196097344,3,1,11,0.7071067811865476,0.7071067811865476,0.7818314824680298,0.6234898018587336,-0.5000000000000004,0.8660254037844384,0.0,0.0,0.0,13.0,29.2,13.0,71.0,-3.1,3.8150878,0.0,1.5,19.31111111,23.5,23.5,23.35,23.303571428571427,23.5,-14.64548150333333,-0.2574074000000017,-0.051333333333333,4.504,4.3966666666666665,19.20451094333333,4.490170940170942,3.8500762,3.908906,3.8641024,3.8497977,3.8986936,0,0.0,1,1.0,-0.93,23.4,76.6
2022-11-22 03:15:00,105.696049855552,87.29567469999999,87.30845202222001,19.31111111,4.3966666666666665,23.5,2,5.1764362714980825,70.66250196097344,3,1,11,0.7071067811865476,0.7071067811865476,0.7818314824680298,0.6234898018587336,-0.5000000000000004,0.8660254037844384,0.0,0.0,0.0,12.925,28.375,20.0,72.75,-3.05,3.8431213,0.0,1.25,19.31851849,23.5,23.5,23.5,23.35,23.5,-14.914444443333336,0.2129629400000041,-0.0560000000000009,4.452666666666667,4.334666666666666,19.25493828333333,4.451111111111113,3.8986936,3.8500762,3.908906,3.8641024,3.9003932,0,0.0,0,1.0,-0.88,21.5,78.5
2022-11-22 03:30:00,74.398412911108,56.444964294446,56.454963977776,19.31851849,4.334666666666666,23.5,1,5.1764362714980825,70.66250196097344,3,1,11,0.7071067811865476,0.7071067811865476,0.7818314824680298,0.6234898018587336,-0.5000000000000004,0.8660254037844384,0.0,0.0,0.0,12.85,27.55,27.0,74.5,-3.0,3.868982,0.0,1.0,19.06666666,23.5,23.5,23.5,23.5,23.85,-14.983851823333332,0.0074073799999965,-0.0620000000000002,4.3966666666666665,4.252,19.24259259,4.3946666666666685,3.9003932,3.8986936,3.8500762,3.908906,3.900168,0,0.0,1,1.0,-0.88,21.4,78.6
2022-11-22 03:45:00,176.154064755552,151.780039672222,151.800316677776,19.06666666,4.252,23.85,2,5.1764362714980825,70.66250196097344,3,1,11,0.7071067811865476,0.7071067811865476,0.7818314824680298,0.6234898018587336,-0.5000000000000004,0.8660254037844384,0.0,0.0,0.0,12.775,26.725,34.0,76.25,-2.95,3.892727,0.0,0.75,19.331481466666663,23.5,23.5,23.5,23.5,23.816666666666663,-14.81466666,-0.2518518299999996,-0.0826666666666664,4.334666666666666,4.172,19.232098753333336,4.327777777777779,3.900168,3.9003932,3.8986936,3.8500762,3.95597,0,0.0,1,1.0,-0.94,23.6,76.4
2022-11-22 04:00:00,63.483294016662,33.368665199999995,33.375887194442,19.331481466666663,4.172,23.816666666666663,1,5.1764362714980825,70.66250196097344,4,1,11,0.8660254037844386,0.5000000000000001,0.7818314824680298,0.6234898018587336,-0.5000000000000004,0.8660254037844384,0.0,0.0,0.0,12.7,25.9,41.0,78.0,-2.9,3.9144142,0.0,0.5,19.11666667,23.85,23.5,23.5,23.5,23.85,-15.159481466666666,0.2648148066666671,-0.08,4.252,4.062,19.238888872222223,4.25288888888889,3.95597,3.900168,3.9003932,3.8986936,3.911686,0,0.0,1,1.0,-0.88,21.3,78.7
2022-11-22 04:15:00,136.00511522777398,112.263009333332,112.277730977776,19.11666667,4.062,23.85,2,5.1764362714980825,70.66250196097344,4,1,11,0.8660254037844386,0.5000000000000001,0.7818314824680298,0.6234898018587336,-0.5000000000000004,0.8660254037844384,0.0,0.0,0.0,12.625,25.55,47.5,79.25,-2.825,3.936396,0.0,0.35,19.142592596666667,23.816666666666663,23.85,23.5,23.5,24.0,-15.054666669999996,-0.2148147966666691,-0.1099999999999994,4.172,3.972,19.171604932222223,4.162000000000002,3.911686,3.95597,3.900168,3.9003932,3.9423099,0,0.0,1,1.0,-0.93,23.1,76.9
2022-11-22 04:30:00,152.593618327774,140.525489872222,140.543544716666,19.142592596666667,3.972,24.0,2,5.1764362714980825,70.66250196097344,4,1,11,0.8660254037844386,0.5000000000000001,0.7818314824680298,0.6234898018587336,-0.5000000000000004,0.8660254037844384,0.0,0.0,0.0,12.55,25.2,54.0,80.5,-2.75,3.9574635,0.0,0.2,19.38888887,23.85,23.816666666666663,23.85,23.5,24.0,-15.170592596666667,0.0259259266666695,-0.0900000000000003,4.062,3.8853333333333335,19.196913577777774,4.068666666666668,3.9423099,3.911686,3.95597,3.900168,3.9999132,0,0.0,0,1.0,-0.92,22.9,77.1
2022-11-22 04:45:00,46.695354411108,34.514174944444,34.522230255552,19.38888887,3.8853333333333335,24.0,1,5.1764362714980825,70.66250196097344,4,1,11,0.8660254037844386,0.5000000000000001,0.7818314824680298,0.6234898018587336,-0.5000000000000004,0.8660254037844384,0.0,0.0,0.0,12.475,24.85,60.5,81.75,-2.675,3.9776337,0.0,0.0499999999999999,19.10185187,24.0,23.85,23.816666666666663,23.85,24.183333333333334,-15.503555536666669,0.2462962733333356,-0.0866666666666664,3.972,3.8,19.216049378888886,3.973111111111113,3.9999132,3.9423099,3.911686,3.95597,3.962893,0,0.0,1,1.0,-0.86,20.7,79.3
2022-11-22 05:00:00,165.90669688333,141.7393302,141.756829549998,19.10185187,3.8,24.183333333333334,2,5.1764362714980825,70.66250196097344,5,1,11,0.9659258262890684,0.2588190451025207,0.7818314824680298,0.6234898018587336,-0.5000000000000004,0.8660254037844384,0.0,0.0,0.0,12.4,24.5,67.0,83.0,-2.6,3.996919,0.0,-0.1,19.30555556,24.0,24.0,23.85,23.816666666666663,24.15,-15.30185187,-0.2870370000000015,-0.0853333333333337,3.8853333333333335,3.776,19.211111112222223,3.88577777777778,3.962893,3.9999132,3.9423099,3.911686,4.0052185,0,0.0,1,1.0,-0.93,23.2,76.8
2022-11-22 05:15:00,102.286741799996,78.500748727778,78.511859449998,19.30555556,3.776,24.15,2,5.1764362714980825,70.66250196097344,5,1,11,0.9659258262890684,0.2588190451025207,0.7818314824680298,0.6234898018587336,-0.5000000000000004,0.8660254037844384,0.0,0.0,0.0,12.125,24.325,72.25,83.5,-2.5,4.027935,0.0,-0.075,19.26666669,24.183333333333334,24.0,24.0,23.85,24.183333333333334,-15.529555560000002,0.2037036900000011,-0.0239999999999995,3.8,3.7046666666666663,19.2654321,3.8204444444444463,4.0052185,3.962893,3.9999132,3.9423099,4.001572,0,0.0,0,1.0,-0.88,21.4,78.6
2022-11-22 05:30:00,92.269920288884,64.83074,64.843517372218,19.26666669,3.7046666666666663,24.183333333333334,1,5.1764362714980825,70.66250196097344,5,1,11,0.9659258262890684,0.2588190451025207,0.7818314824680298,0.6234898018587336,-0.5000000000000004,0.8660254037844384,0.0,0.0,0.0,11.85,24.15,77.5,84.0,-2.4000000000000004,4.059044,0.0,-0.05,19.055555570000003,24.15,24.183333333333334,24.0,24.0,24.45,-15.562000023333336,-0.0388888700000009,-0.0713333333333334,3.776,3.583333333333333,19.224691373333336,3.760222222222224,4.001572,4.0052185,3.962893,3.9999132,3.9956667,0,0.0,1,1.0,-0.89,21.7,78.3
2022-11-22 05:45:00,180.673606050002,157.271486672222,157.290097044444,19.055555570000003,3.583333333333333,24.45,2,5.1764362714980825,70.66250196097344,5,1,11,0.9659258262890684,0.2588190451025207,0.7818314824680298,0.6234898018587336,-0.5000000000000004,0.8660254037844384,0.0,0.0,0.0,11.575,23.975,82.75,84.5,-2.3000000000000003,4.090247,0.0,-0.0249999999999999,19.339351843333333,24.183333333333334,24.15,24.183333333333334,24.0,24.03333333333333,-15.472222236666669,-0.2111111199999982,-0.1213333333333333,3.7046666666666663,3.5933333333333333,19.209259273333338,3.688000000000002,3.9956667,4.001572,4.0052185,3.962893,3.9938078,0,0.0,1,1.0,-0.94,23.6,76.4
2022-11-22 06:00:00,35.728015255556,23.65599813889,23.660442444444,19.339351843333333,3.5933333333333333,24.03333333333333,1,5.1764362714980825,70.66250196097344,6,1,11,1.0,6.123233995736766e-17,0.7818314824680298,0.6234898018587336,-0.5000000000000004,0.8660254037844384,0.0,0.0,0.0,11.3,23.8,88.0,85.0,-2.2,4.1215444,0.0,-0.0,19.10555555,24.45,24.183333333333334,24.15,24.183333333333334,24.35,-15.74601851,0.2837962733333299,0.0099999999999997,3.583333333333333,3.657333333333333,19.220524701111117,3.627111111111113,3.9938078,3.9956667,4.001572,4.0052185,3.9910758,0,0.0,1,1.0,-0.87,21.2,78.8
2022-11-22 06:15:00,133.043011350002,121.117099605554,121.133210094442,19.10555555,3.657333333333333,24.35,2,5.1764362714980825,70.66250196097344,6,1,11,1.0,6.123233995736766e-17,0.7818314824680298,0.6234898018587336,-0.5000000000000004,0.8660254037844384,0.0,0.0,0.0,10.975,23.35,89.0,85.0,-2.125,4.135766,0.025,0.05,19.153703716666666,24.03333333333333,24.45,24.183333333333334,24.15,24.5,-15.448222216666668,-0.2337962933333308,0.064,3.5933333333333333,3.693333333333333,19.166820987777783,3.611333333333336,3.9910758,3.9938078,3.9956667,4.001572,4.0270777,0,0.0,1,1.0,-0.93,23.1,76.9
2022-11-22 06:30:00,145.6333411,127.763778127778,127.779888616666,19.153703716666666,3.693333333333333,24.5,2,5.1764362714980825,70.66250196097344,6,1,11,1.0,6.123233995736766e-17,0.7818314824680298,0.6234898018587336,-0.5000000000000004,0.8660254037844384,0.0,0.0,0.0,10.65,22.9,90.0,85.0,-2.05,4.1500297,0.05,0.1,19.29999997,24.35,24.03333333333333,24.45,24.183333333333334,24.5,-15.460370383333332,0.0481481666666638,0.036,3.657333333333333,3.7033333333333336,19.199537036666666,3.648000000000002,4.0270777,3.9910758,3.9938078,3.9956667,4.0619373,0,0.0,0,1.0,-0.91,22.7,77.3
2022-11-22 06:45:00,71.54908242222,42.614684244444,42.623850594442,19.29999997,3.7033333333333336,24.5,1,5.1764362714980825,70.66250196097344,6,1,11,1.0,6.123233995736766e-17,0.7818314824680298,0.6234898018587336,-0.5000000000000004,0.8660254037844384,0.0,0.0,0.0,10.325,22.45,91.0,85.0,-1.975,4.164338,0.075,0.15,19.06296295666667,24.5,24.35,24.03333333333333,24.45,24.5,-15.596666636666663,0.1462962533333325,0.0100000000000002,3.693333333333333,3.7066666666666666,19.18641974555556,3.684666666666669,4.0619373,4.0270777,3.9910758,3.9938078,4.0055866,0,0.0,1,1.0,-0.88,21.4,78.6
2022-11-22 07:00:00,177.965658955552,150.435649033332,150.456759388884,19.06296295666667,3.7066666666666666,24.5,2,5.1764362714980825,70.66250196097344,7,1,11,0.9659258262890684,-0.2588190451025206,0.7818314824680298,0.6234898018587336,-0.5000000000000004,0.8660254037844384,0.0,0.0,0.0,10.0,22.0,92.0,85.0,-1.9,4.1786885,0.1,0.2,19.28888889,24.5,24.5,24.35,24.03333333333333,24.5,-15.356296290000005,-0.2370370133333281,0.0033333333333329,3.7033333333333336,3.697333333333333,19.17222221444445,3.701111111111113,4.0055866,4.0619373,4.0270777,3.9910758,4.05928,0,0.0,1,1.0,-0.94,23.5,76.5
2022-11-22 07:15:00,59.49817547778,41.663611172222,41.6724997,19.28888889,3.697333333333333,24.5,1,5.1764362714980825,70.66250196097344,7,1,11,0.9659258262890684,-0.2588190451025206,0.7818314824680298,0.6234898018587336,-0.5000000000000004,0.8660254037844384,0.0,0.0,0.0,10.125,21.35,90.5,81.25,-2.45,4.0357366,0.1,0.35,19.131481453333333,24.5,24.5,24.5,24.35,24.683333333333334,-15.591555556666666,0.225925933333329,-0.0093333333333331,3.7066666666666666,3.669333333333333,19.217283938888887,3.702444444444446,4.05928,4.0055866,4.0619373,4.0270777,4.051901,0,0.0,1,1.0,-0.88,21.5,78.5
2022-11-22 07:30:00,136.167053233328,114.590138427778,114.606248966664,19.131481453333333,3.669333333333333,24.683333333333334,2,5.1764362714980825,70.66250196097344,7,1,11,0.9659258262890684,-0.2588190451025206,0.7818314824680298,0.6234898018587336,-0.5000000000000004,0.8660254037844384,0.0,0.0,0.0,10.25,20.7,89.0,77.5,-3.0,3.8893223,0.1,0.5,19.16111108,24.5,24.5,24.5,24.5,24.95,-15.462148119999998,-0.1574074366666664,-0.028,3.697333333333333,3.7033333333333336,19.161111100000003,3.691111111111113,4.051901,4.05928,4.0055866,4.0619373,4.1028357,0,0.0,1,1.0,-0.92,22.8,77.2
2022-11-22 07:45:00,144.21450885556,132.11582623889,132.134714366668,19.16111108,3.7033333333333336,24.95,2,5.1764362714980825,70.66250196097344,7,1,11,0.9659258262890684,-0.2588190451025206,0.7818314824680298,0.6234898018587336,-0.5000000000000004,0.8660254037844384,0.0,0.0,0.0,10.375,20.05,87.5,73.75,-3.55,3.7393947,0.1,0.6500000000000001,19.34814811333333,24.683333333333334,24.5,24.5,24.5,24.53333333333333,-15.457777746666668,0.0296296266666686,0.0340000000000002,3.669333333333333,3.732,19.19382714111111,3.6900000000000017,4.1028357,4.051901,4.05928,4.0055866,4.079008,0,0.0,0,1.0,-0.91,22.5,77.5
2022-11-22 08:00:00,57.304929927778005,45.19930303889,45.208191649998,19.34814811333333,3.732,24.53333333333333,1,5.1764362714980825,70.66250196097344,8,1,11,0.8660254037844387,-0.4999999999999998,0.7818314824680298,0.6234898018587336,-0.5000000000000004,0.8660254037844384,0.0,0.0,0.0,10.5,19.4,86.0,70.0,-4.1,3.5859046,0.1,0.8,19.13333335,24.95,24.683333333333334,24.5,24.5,24.8,-15.616148113333333,0.1870370333333291,0.0286666666666666,3.7033333333333336,3.811333333333333,19.21358021555556,3.701555555555558,4.079008,4.1028357,4.051901,4.05928,4.071497,0,0.0,1,1.0,-0.87,21.0,79.0
2022-11-22 08:15:00,184.965656761106,151.756429516666,151.776428749998,19.13333335,3.811333333333333,24.8,2,5.1764362714980825,70.66250196097344,8,1,11,0.8660254037844387,-0.4999999999999998,0.7818314824680298,0.6234898018587336,-0.5000000000000004,0.8660254037844384,5.25,1.3125,0.4375,10.05,19.4,67.5,71.0,-3.95,3.6309133,0.075,0.775,19.335185173333333,24.53333333333333,24.95,24.683333333333334,24.5,24.53333333333333,-15.322000016666664,-0.214814763333333,0.079333333333333,3.732,3.957333333333333,19.214197514444443,3.7488888888888905,4.071497,4.079008,4.1028357,4.051901,4.0758977,0,0.0,1,1.0,-0.92,22.8,77.2
2022-11-22 08:30:00,54.768920372218,26.753374272222,26.761985111108,19.335185173333333,3.957333333333333,24.53333333333333,1,5.1764362714980825,70.66250196097344,8,1,11,0.8660254037844387,-0.4999999999999998,0.7818314824680298,0.6234898018587336,-0.5000000000000004,0.8660254037844384,10.5,3.9375,1.3125,9.6,19.4,49.0,72.0,-3.8,3.6757555,0.05,0.75,19.15555559,24.8,24.53333333333333,24.95,24.683333333333334,24.55,-15.37785184,0.2018518233333353,0.1459999999999999,3.811333333333333,4.241333333333333,19.27222221222222,3.833555555555557,4.0758977,4.071497,4.079008,4.1028357,4.035737,0,0.0,1,1.0,-0.87,21.1,78.9
2022-11-22 08:45:00,139.009439616658,122.174835044444,122.193723272218,19.15555559,4.241333333333333,24.55,2,5.1764362714980825,70.66250196097344,8,1,11,0.8660254037844387,-0.4999999999999998,0.7818314824680298,0.6234898018587336,-0.5000000000000004,0.8660254037844384,15.75,7.875,2.625,9.15,19.4,30.5,73.0,-3.65,3.7204332,0.0249999999999999,0.725,19.19814816,24.53333333333333,24.8,24.53333333333333,24.95,24.78333333333333,-14.914222256666667,-0.1796295833333303,0.2840000000000002,3.957333333333333,4.473333333333333,19.208024704444444,4.003333333333335,4.035737,4.0758977,4.071497,4.079008,4.0843334,0,0.0,1,1.0,-0.91,22.6,77.4
2022-11-22 09:00:00,130.356452249998,109.64366966111,109.661724538886,19.19814816,4.473333333333333,24.78333333333333,2,5.1764362714980825,70.66250196097344,9,1,11,0.7071067811865476,-0.7071067811865475,0.7818314824680298,0.6234898018587336,-0.5000000000000004,0.8660254037844384,21.0,13.125,4.375,8.7,19.4,12.0,74.0,-3.5,3.7649462,0.0,0.7,19.76666663,24.55,24.53333333333333,24.8,24.53333333333333,24.1,-14.72481482666667,0.04259257,0.2319999999999993,4.241333333333333,4.863333333333333,19.229629641111117,4.224000000000001,4.0843334,4.035737,4.0758977,4.071497,4.106724,0,0.0,0,1.0,-0.9,22.2,77.8
2022-11-22 09:15:00,39.7834086,24.341526266668,24.350137138886,19.76666663,4.863333333333333,24.1,1,5.1764362714980825,70.66250196097344,9,1,11,0.7071067811865476,-0.7071067811865475,0.7818314824680298,0.6234898018587336,-0.5000000000000004,0.8660254037844384,57.0,26.0625,9.125,8.45,18.95,9.75,72.75,-3.275,3.8169963,0.0,1.15,20.42222221333333,24.78333333333333,24.55,24.53333333333333,24.8,23.53333333333333,-14.903333296666666,0.5685184699999972,0.3900000000000005,4.473333333333333,5.366,19.373456793333336,4.526000000000002,4.106724,4.0843334,4.035737,4.0758977,4.166979,0,0.0,1,1.0,-0.78,17.7,82.3
2022-11-22 09:30:00,162.39294860555,150.360374244444,150.381206794442,20.42222221333333,5.366,23.53333333333333,2,5.1764362714980825,70.66250196097344,9,1,11,0.7071067811865476,-0.7071067811865475,0.7818314824680298,0.6234898018587336,-0.5000000000000004,0.8660254037844384,93.0,46.6875,16.875,8.2,18.5,7.5,71.5,-3.05,3.8681734,0.0,1.6,20.87222221,24.1,24.78333333333333,24.55,24.53333333333333,23.15,-15.056222213333337,0.6555555833333351,0.5026666666666664,4.863333333333333,5.122,19.79567900111111,4.900888888888891,4.166979,4.106724,4.0843334,4.035737,4.2079945,0,0.0,1,1.0,-0.63,13.4,86.6
2022-11-22 09:45:00,38.719284549998,11.978409777776,11.984242927774,20.87222221,5.122,23.15,1,5.1764362714980825,70.66250196097344,9,1,11,0.7071067811865476,-0.7071067811865475,0.7818314824680298,0.6234898018587336,-0.5000000000000004,0.8660254037844384,129.0,75.0,27.625,7.95,18.05,5.25,70.25,-2.825,3.918386,0.0,2.05,21.007407413333333,23.53333333333333,24.1,24.78333333333333,24.55,23.0,-15.75022221,0.4499999966666657,-0.2439999999999997,5.366,5.406000000000001,20.353703684444444,5.117111111111113,4.2079945,4.166979,4.106724,4.0843334,4.21371,0,0.0,1,1.0,-0.53,10.9,89.1
2022-11-22 10:00:00,143.070110366664,108.620377211112,108.6356544,21.007407413333333,5.406000000000001,23.0,2,5.1764362714980825,70.66250196097344,10,1,11,0.4999999999999999,-0.8660254037844387,0.7818314824680298,0.6234898018587336,-0.5000000000000004,0.8660254037844384,165.0,111.0,41.375,7.7,17.6,3.0,69.0,-2.6,3.9675367,0.0,2.5,20.78333331,23.15,23.53333333333333,24.1,24.78333333333333,23.0,-15.601407413333332,0.1351852033333322,0.2840000000000007,5.122,5.367333333333334,20.76728394555556,5.298000000000002,4.21371,4.2079945,4.166979,4.106724,4.159163,0,0.0,1,1.0,-0.5,10.2,89.8
2022-11-22 10:15:00,94.129568049998,76.718320044444,76.731097366664,20.78333331,5.367333333333334,23.0,2,5.1764362714980825,70.66250196097344,10,1,11,0.4999999999999999,-0.8660254037844387,0.7818314824680298,0.6234898018587336,-0.5000000000000004,0.8660254037844384,199.75,146.6875,58.020833333333336,8.075,18.950000000000003,2.25,66.25,-2.75,3.9332259,0.0,2.975,20.772222223333337,23.0,23.15,23.53333333333333,24.1,23.0,-15.415999976666663,-0.2240741033333328,-0.0386666666666668,5.406000000000001,5.332,20.88765431111111,5.298444444444447,4.159163,4.21371,4.2079945,4.166979,4.1564755,0,0.0,0,1.0,-0.55,11.4,88.6
2022-11-22 10:30:00,52.025418800004005,38.08653206111,38.095142899996,20.772222223333337,5.332,23.0,1,5.1764362714980825,70.66250196097344,10,1,11,0.4999999999999999,-0.8660254037844387,0.7818314824680298,0.6234898018587336,-0.5000000000000004,0.8660254037844384,234.5,182.0625,77.5625,8.45,20.3,1.5,63.5,-2.9000000000000004,3.891999,0.0,3.45,21.02777779,23.0,23.0,23.15,23.53333333333333,22.65,-15.440222223333336,-0.0111110866666628,-0.0353333333333338,5.367333333333334,5.465999999999999,20.854320982222223,5.368444444444447,4.1564755,4.159163,4.21371,4.2079945,4.1545033,0,0.0,1,1.0,-0.56,11.4,88.6
2022-11-22 10:45:00,151.547271433324,129.308994116666,129.326493466664,21.02777779,5.465999999999999,22.65,2,5.1764362714980825,70.66250196097344,10,1,11,0.4999999999999999,-0.8660254037844387,0.7818314824680298,0.6234898018587336,-0.5000000000000004,0.8660254037844384,269.25,217.125,100.0,8.825,21.65,0.75,60.75,-3.0500000000000003,3.843498,0.0,3.925,21.1074074,23.0,23.0,23.0,23.15,22.5,-15.561777790000002,0.2555555666666649,0.1339999999999994,5.332,6.27,20.861111107777784,5.3884444444444455,4.1545033,4.1564755,4.159163,4.21371,4.1461163,0,0.0,1,1.0,-0.5,10.2,89.8
2022-11-22 11:00:00,19.655046983338,0.0,0.0,21.1074074,6.27,22.5,0,5.1764362714980825,70.66250196097344,11,1,11,0.258819045102521,-0.9659258262890682,0.7818314824680298,0.6234898018587336,-0.5000000000000004,0.8660254037844384,304.0,251.875,125.33333333333331,9.2,23.0,0.0,58.0,-3.2,3.7873483,0.0,4.4,21.0,22.65,23.0,23.0,23.0,22.55,-14.8374074,0.0796296099999978,0.8040000000000003,5.465999999999999,6.455333333333333,20.96913580444445,5.689333333333335,4.1461163,4.1545033,4.1564755,4.159163,4.1294913,1,1.0,1,0.75,-0.48,9.8,90.2
2022-11-22 11:15:00,113.313522927774,92.954615,92.969614466664,21.0,6.455333333333333,22.55,2,5.1764362714980825,70.66250196097344,11,1,11,0.258819045102521,-0.9659258262890682,0.7818314824680298,0.6234898018587336,-0.5000000000000004,0.8660254037844384,329.0,284.1875,152.3125,9.5,23.725,10.75,56.25,-3.4000000000000004,3.7345033,0.0,4.65,20.648148183333333,22.5,22.65,23.0,23.0,22.966666666666665,-14.544666666666668,-0.1074073999999996,0.1853333333333333,6.27,6.710666666666667,21.04506173,6.063777777777779,4.1294913,4.1461163,4.1545033,4.1564755,4.120571,0,1.0,1,0.75,-0.51,10.3,89.7
2022-11-22 11:30:00,132.155546999996,92.817676027778,92.832119933332,20.648148183333333,6.710666666666667,22.966666666666665,2,5.1764362714980825,70.66250196097344,11,1,11,0.258819045102521,-0.9659258262890682,0.7818314824680298,0.6234898018587336,-0.5000000000000004,0.8660254037844384,354.0,314.0625,180.9375,9.8,24.45,21.5,54.5,-3.6,3.6787033,0.0,4.9,20.57222226,22.55,22.5,22.65,23.0,23.0,-13.937481516666669,-0.3518518166666666,0.2553333333333336,6.455333333333333,6.585333333333334,20.918518527777778,6.478666666666668,4.120571,4.1294913,4.1461163,4.1545033,4.108332,0,1.0,0,0.75,-0.58,12.1,87.9
2022-11-22 11:45:00,38.541236005558,20.555566627778,20.562788638886,20.57222226,6.585333333333334,23.0,1,5.1764362714980825,70.66250196097344,11,1,11,0.258819045102521,-0.9659258262890682,0.7818314824680298,0.6234898018587336,-0.5000000000000004,0.8660254037844384,379.0,341.5,211.20833333333331,10.1,25.175,32.25,52.75,-3.8,3.619877,0.0,5.15,20.65000000666667,22.966666666666665,22.55,22.5,22.65,23.183333333333334,-13.986888926666666,-0.0759259233333331,-0.1253333333333328,6.710666666666667,6.503333333333333,20.740123481111112,6.58377777777778,4.108332,4.120571,4.1294913,4.1461163,4.159893,0,1.0,1,0.75,-0.6,12.6,87.4
2022-11-22 12:00:00,133.758260688884,121.7409635,121.758185077776,20.65000000666667,6.503333333333333,23.183333333333334,2,5.1764362714980825,70.66250196097344,12,1,11,1.2246467991473532e-16,-1.0,0.7818314824680298,0.6234898018587336,-0.5000000000000004,0.8660254037844384,404.0,366.5,243.125,10.4,25.9,43.0,51.0,-4.0,3.5579503,0.0,5.4,20.533333350000003,23.0,22.966666666666665,22.55,22.5,23.5,-14.146666673333335,0.0777777466666691,-0.0820000000000007,6.585333333333334,6.784000000000001,20.62345681666667,6.59977777777778,4.159893,4.108332,4.120571,4.1294913,4.1881375,0,0.0,1,1.0,-0.58,12.1,87.9
2022-11-22 12:15:00,53.682852716662,32.83479763889,32.842852966664,20.533333350000003,6.784000000000001,23.5,1,5.1764362714980825,70.66250196097344,12,1,11,1.2246467991473532e-16,-1.0,0.7818314824680298,0.6234898018587336,-0.5000000000000004,0.8660254037844384,415.0,388.0,272.9583333333333,11.275,27.625,57.25,50.25,-3.95,3.5696263,0.0,5.675000000000001,20.6351852,23.183333333333334,23.0,22.966666666666665,22.55,23.5,-13.749333350000002,-0.1166666566666663,0.2806666666666677,6.503333333333333,6.5520000000000005,20.58518520555556,6.624222222222223,4.1881375,4.159893,4.108332,4.120571,4.213075,0,0.0,1,1.0,-0.61,12.7,87.3
2022-11-22 12:30:00,84.696334311108,69.463610244444,69.47499872222,20.6351852,6.5520000000000005,23.5,1,5.1764362714980825,70.66250196097344,12,1,11,1.2246467991473532e-16,-1.0,0.7818314824680298,0.6234898018587336,-0.5000000000000004,0.8660254037844384,426.0,406.0,300.7083333333333,12.15,29.35,71.5,49.5,-3.9,3.5803964,0.0,5.95,20.45,23.5,23.183333333333334,23.0,22.966666666666665,23.5,-14.083185200000004,0.1018518499999991,-0.2320000000000002,6.784000000000001,6.344666666666667,20.606172852222223,6.613111111111113,4.213075,4.1881375,4.159893,4.108332,4.167826,0,0.0,0,1.0,-0.58,12.1,87.9
2022-11-22 12:45:00,128.822624788884,108.747594388888,108.764815999996,20.45,6.344666666666667,23.5,2,5.1764362714980825,70.66250196097344,12,1,11,1.2246467991473532e-16,-1.0,0.7818314824680298,0.6234898018587336,-0.5000000000000004,0.8660254037844384,437.0,420.5,326.375,13.025,31.075,85.75,48.75,-3.85,3.5902271,0.0,6.225,20.316666656666666,23.5,23.5,23.183333333333334,23.0,23.5,-14.105333333333332,-0.1851852000000029,-0.2073333333333336,6.5520000000000005,6.34,20.539506183333334,6.560222222222225,4.167826,4.213075,4.1881375,4.159893,4.1355095,0,0.0,1,1.0,-0.63,13.2,86.8
2022-11-22 13:00:00,48.801936827774,15.2252243,15.232168505554,20.316666656666666,6.34,23.5,1,5.1764362714980825,70.66250196097344,13,1,11,-0.2588190451025208,-0.9659258262890684,0.7818314824680298,0.6234898018587336,-0.5000000000000004,0.8660254037844384,448.0,431.5,349.9583333333333,13.9,32.8,100.0,48.0,-3.8,3.5990865,0.0,6.5,20.16111111,23.5,23.5,23.5,23.183333333333334,23.85,-13.976666656666666,-0.1333333433333337,-0.004666666666667,6.344666666666667,6.974,20.46728395222222,6.412222222222224,4.1355095,4.167826,4.213075,4.1881375,4.1591167,0,0.0,1,1.0,-0.66,14.1,85.9
2022-11-22 13:15:00,462.428168933328,132.768855683334,132.788854949998,20.16111111,6.974,23.85,2,5.1764362714980825,70.66250196097344,13,1,11,-0.2588190451025208,-0.9659258262890684,0.7818314824680298,0.6234898018587336,-0.5000000000000004,0.8660254037844384,416.25,431.8125,368.0,13.65,32.8,100.0,48.0,-3.7,3.622643,0.0,6.6,20.131481486666665,23.5,23.5,23.5,23.5,24.0,-13.18711111,-0.1555555466666653,0.6340000000000003,6.34,7.181333333333333,20.30925925555556,6.552888888888891,4.1591167,4.1355095,4.167826,4.213075,4.1780267,0,0.0,1,1.0,-0.69,15.0,85.0
2022-11-22 13:30:00,51.668766466668,39.576194705554,39.58647214444,20.131481486666665,7.181333333333333,24.0,1,5.1764362714980825,70.66250196097344,13,1,11,-0.2588190451025208,-0.9659258262890684,0.7818314824680298,0.6234898018587336,-0.5000000000000004,0.8660254037844384,384.5,421.4375,380.5,13.4,32.8,100.0,48.0,-3.6,3.6463346,0.0,6.7,19.96111113,23.85,23.5,23.5,23.5,24.05,-12.950148153333332,-0.029629623333335,0.2073333333333327,6.974,6.842666666666667,20.20308641777778,6.83177777777778,4.1780267,4.1591167,4.1355095,4.167826,4.1451836,0,0.0,1,1.0,-0.69,15.1,84.9
2022-11-22 13:45:00,111.121666188884,96.310314116666,96.325591338886,19.96111113,6.842666666666667,24.05,2,5.1764362714980825,70.66250196097344,13,1,11,-0.2588190451025208,-0.9659258262890684,0.7818314824680298,0.6234898018587336,-0.5000000000000004,0.8660254037844384,352.75,400.375,387.4583333333333,13.15,32.8,100.0,48.0,-3.5,3.6701615,0.0,6.800000000000001,19.84629629333333,24.0,23.85,23.5,23.5,24.28333333333333,-13.118444463333333,-0.1703703566666661,-0.3386666666666658,7.181333333333333,6.993333333333334,20.08456790888889,6.999333333333335,4.1451836,4.1780267,4.1591167,4.1355095,4.157335,0,0.0,1,1.0,-0.73,16.3,83.7
2022-11-22 14:00:00,106.965721216666,85.681572583334,85.696294244444,19.84629629333333,6.993333333333334,24.28333333333333,2,5.1764362714980825,70.66250196097344,14,1,11,-0.4999999999999997,-0.8660254037844388,0.7818314824680298,0.6234898018587336,-0.5000000000000004,0.8660254037844384,321.0,368.625,388.875,12.9,32.8,100.0,48.0,-3.4,3.6941247,0.0,6.9,19.83888886,24.05,24.0,23.85,23.5,24.05,-12.85296296,-0.1148148366666639,0.1506666666666669,6.842666666666667,7.097333333333334,19.97962963666667,7.00577777777778,4.157335,4.1451836,4.1780267,4.1591167,4.1155987,0,0.0,0,1.0,-0.76,17.1,82.9
2022-11-22 14:15:00,57.822409327774,38.553735572222,38.56262418333,19.83888886,7.097333333333334,24.05,1,5.1764362714980825,70.66250196097344,14,1,11,-0.4999999999999997,-0.8660254037844388,0.7818314824680298,0.6234898018587336,-0.5000000000000004,0.8660254037844384,314.25,343.125,387.6458333333333,12.4,31.9,100.0,48.75,-3.2,3.7457476,0.0,6.875,19.59444446333333,24.28333333333333,24.05,24.0,23.85,24.466666666666665,-12.741555526666666,-0.0074074333333342,0.104,6.993333333333334,6.974,19.882098761111116,6.9777777777777805,4.1155987,4.157335,4.1451836,4.1780267,4.127266,0,0.0,1,1.0,-0.76,17.2,82.8
2022-11-22 14:30:00,160.137760966664,132.202767211112,132.22165542222,19.59444446333333,6.974,24.466666666666665,2,5.1764362714980825,70.66250196097344,14,1,11,-0.4999999999999997,-0.8660254037844388,0.7818314824680298,0.6234898018587336,-0.5000000000000004,0.8660254037844384,307.5,323.875,383.7708333333333,11.9,31.0,100.0,49.5,-3.0,3.7971923,0.0,6.85,19.70555557,24.05,24.28333333333333,24.05,24.0,24.5,-12.620444463333332,-0.2444443966666689,-0.1233333333333339,7.097333333333334,7.084666666666666,19.75987653888889,7.021555555555558,4.127266,4.1155987,4.157335,4.1451836,4.1599407,0,0.0,1,1.0,-0.81,19.0,81.0
2022-11-22 14:45:00,40.935307122216,0.0,0.0,19.70555557,7.084666666666666,24.5,0,5.1764362714980825,70.66250196097344,14,1,11,-0.4999999999999997,-0.8660254037844388,0.7818314824680298,0.6234898018587336,-0.5000000000000004,0.8660254037844384,300.75,310.875,377.25,11.4,30.1,100.0,50.25,-2.8,3.848458,0.0,6.825,19.50925929,24.466666666666665,24.05,24.28333333333333,24.05,24.5,-12.620888903333334,0.1111111066666694,0.110666666666666,6.974,7.436000000000001,19.712962964444447,7.052000000000002,4.1599407,4.127266,4.1155987,4.157335,4.1122537,1,1.0,1,0.75,-0.79,18.1,81.9
2022-11-22 15:00:00,121.21015156666,108.809258555556,108.82536906111,19.50925929,7.436000000000001,24.5,2,5.1764362714980825,70.66250196097344,15,1,11,-0.7071067811865471,-0.7071067811865479,0.7818314824680298,0.6234898018587336,-0.5000000000000004,0.8660254037844384,294.0,304.125,368.0833333333333,10.9,29.2,100.0,51.0,-2.6,3.8995469,0.0,6.8,19.52222225,24.5,24.466666666666665,24.05,24.28333333333333,24.5,-12.07325929,-0.1962962800000021,0.3513333333333346,7.084666666666666,7.391333333333334,19.603086441111117,7.164888888888892,4.1122537,4.1599407,4.127266,4.1155987,4.1153874,0,1.0,1,0.75,-0.83,19.7,80.3
2022-11-22 15:15:00,99.301305655552,87.2765088,87.29095272222,19.52222225,7.391333333333334,24.5,2,5.1764362714980825,70.66250196097344,15,1,11,-0.7071067811865471,-0.7071067811865479,0.7818314824680298,0.6234898018587336,-0.5000000000000004,0.8660254037844384,259.25,290.375,355.1041666666667,10.25,28.3,84.5,52.0,-2.45,3.9437654,0.0,6.675,19.62962962,24.5,24.5,24.466666666666665,24.05,24.5,-12.130888916666668,0.0129629600000029,-0.044666666666667,7.436000000000001,7.1593333333333335,19.57901237,7.304000000000002,4.1153874,4.1122537,4.1599407,4.127266,4.1414394,0,1.0,0,0.75,-0.83,19.6,80.4
2022-11-22 15:30:00,62.113070927778,40.8008679,40.809478738886,19.62962962,7.1593333333333335,24.5,1,5.1764362714980825,70.66250196097344,15,1,11,-0.7071067811865471,-0.7071067811865479,0.7818314824680298,0.6234898018587336,-0.5000000000000004,0.8660254037844384,224.5,269.625,338.3125,9.6,27.4,69.0,53.0,-2.3,3.9869778,0.0,6.55,19.44444445,24.5,24.5,24.5,24.466666666666665,24.85,-12.470296286666668,0.1074073699999971,-0.2320000000000002,7.391333333333334,6.906666666666666,19.55370372,7.328888888888891,4.1414394,4.1153874,4.1122537,4.1599407,4.1551332,0,1.0,1,0.75,-0.81,18.7,81.3
2022-11-22 15:45:00,154.071059277772,132.085271911112,132.104160105554,19.44444445,6.906666666666666,24.85,2,5.1764362714980825,70.66250196097344,15,1,11,-0.7071067811865471,-0.7071067811865479,0.7818314824680298,0.6234898018587336,-0.5000000000000004,0.8660254037844384,189.75,241.875,317.7083333333333,8.950000000000001,26.5,53.5,54.0,-2.15,4.029195,0.0,6.425,19.61666667333333,24.5,24.5,24.5,24.5,24.816666666666663,-12.537777783333333,-0.1851851700000004,-0.2526666666666672,7.1593333333333335,6.854,19.53209877333333,7.152444444444446,4.1551332,4.1414394,4.1153874,4.1122537,4.191776,0,0.0,1,1.0,-0.85,20.1,79.9
2022-11-22 16:00:00,62.348894977772,34.655835927778,34.664446766664,19.61666667333333,6.854,24.816666666666663,1,5.1764362714980825,70.66250196097344,16,1,11,-0.8660254037844385,-0.5000000000000004,0.7818314824680298,0.6234898018587336,-0.5000000000000004,0.8660254037844384,155.0,207.125,293.2916666666667,8.3,25.6,38.0,55.0,-2.0,4.070428,0.0,6.3,19.46666668,24.85,24.5,24.5,24.5,24.55,-12.762666673333335,0.1722222233333354,-0.0526666666666661,6.906666666666666,6.785333333333333,19.56358024777778,6.973333333333335,4.191776,4.1551332,4.1414394,4.1153874,4.110338,0,0.0,1,1.0,-0.81,18.7,81.3
2022-11-22 16:15:00,117.271975716662,91.555782088888,91.569948238886,19.46666668,6.785333333333333,24.55,2,5.1764362714980825,70.66250196097344,16,1,11,-0.8660254037844385,-0.5000000000000004,0.7818314824680298,0.6234898018587336,-0.5000000000000004,0.8660254037844384,145.5,178.6875,270.7291666666667,7.425000000000001,23.700000000000003,49.5,59.25,-1.475,4.2715974,0.0,5.9,19.459259253333336,24.816666666666663,24.85,24.5,24.5,24.966666666666665,-12.681333346666666,-0.1499999933333349,-0.0686666666666671,6.854,6.692666666666667,19.50925926777778,6.848666666666669,4.110338,4.191776,4.1551332,4.1414394,4.17828,0,0.0,1,1.0,-0.84,20.0,80.0
2022-11-22 16:30:00,124.160033433332,106.920445244444,106.93627796111,19.459259253333336,6.692666666666667,24.966666666666665,2,5.1764362714980825,70.66250196097344,16,1,11,-0.8660254037844385,-0.5000000000000004,0.7818314824680298,0.6234898018587336,-0.5000000000000004,0.8660254037844384,136.0,156.5625,250.02083333333331,6.550000000000001,21.8,61.0,63.5,-0.95,4.4592576,0.0,5.5,19.6,24.55,24.816666666666663,24.85,24.5,24.7,-12.766592586666668,-0.0074074266666634,-0.0926666666666662,6.785333333333333,6.448666666666667,19.51419753555556,6.777333333333336,4.17828,4.110338,4.191776,4.1551332,4.167987,0,0.0,0,1.0,-0.84,20.0,80.0
2022-11-22 16:45:00,63.409130299996,51.27183796111,51.28211538333,19.6,6.448666666666667,24.7,1,5.1764362714980825,70.66250196097344,16,1,11,-0.8660254037844385,-0.5000000000000004,0.7818314824680298,0.6234898018587336,-0.5000000000000004,0.8660254037844384,126.5,140.75,231.16666666666663,5.675000000000001,19.9,72.5,67.75,-0.425,4.633906,0.0,5.1,19.392592556666667,24.966666666666665,24.55,24.816666666666663,24.85,24.966666666666665,-13.151333333333334,0.1407407466666654,-0.2439999999999997,6.692666666666667,5.917333333333334,19.50864197777778,6.642222222222224,4.167987,4.17828,4.110338,4.191776,4.161927,0,0.0,1,1.0,-0.81,18.9,81.1
2022-11-22 17:00:00,151.788372705554,136.0187257,136.036780577776,19.392592556666667,5.917333333333334,24.966666666666665,2,5.1764362714980825,70.66250196097344,17,1,11,-0.9659258262890684,-0.2588190451025206,0.7818314824680298,0.6234898018587336,-0.5000000000000004,0.8660254037844384,117.0,131.25,214.16666666666663,4.8,18.0,84.0,72.0,0.1,4.796026,0.0,4.7,19.54999998,24.7,24.966666666666665,24.55,24.816666666666663,24.65,-13.475259223333332,-0.2074074433333343,-0.5313333333333334,6.448666666666667,5.712000000000001,19.483950603333337,6.352888888888891,4.161927,4.167987,4.17828,4.110338,4.14735,0,0.0,1,1.0,-0.86,20.5,79.5
2022-11-22 17:15:00,59.104024794438,32.347594944444,32.35481692222,19.54999998,5.712000000000001,24.65,1,5.1764362714980825,70.66250196097344,17,1,11,-0.9659258262890684,-0.2588190451025206,0.7818314824680298,0.6234898018587336,-0.5000000000000004,0.8660254037844384,90.25,117.4375,195.5,5.2,15.85,68.25,72.0,-0.3,4.6704035,0.0,4.3,19.425925933333332,24.966666666666665,24.7,24.966666666666665,24.55,24.683333333333334,-13.83799998,0.157407423333332,-0.2053333333333329,5.917333333333334,5.4446666666666665,19.514197512222225,6.0260000000000025,4.14735,4.161927,4.167987,4.17828,4.122772,0,0.0,1,1.0,-0.82,19.3,80.7
2022-11-22 17:30:00,132.207211516666,104.604704527778,104.620259505554,19.425925933333332,5.4446666666666665,24.683333333333334,2,5.1764362714980825,70.66250196097344,17,1,11,-0.9659258262890684,-0.2588190451025206,0.7818314824680298,0.6234898018587336,-0.5000000000000004,0.8660254037844384,63.49999999999999,99.3125,175.16666666666666,5.6,13.7,52.5,72.0,-0.7000000000000001,4.5476694,0.0,3.9,19.41111109,24.65,24.966666666666665,24.7,24.966666666666665,24.95,-13.981259266666669,-0.1240740466666636,-0.2673333333333341,5.712000000000001,5.206666666666666,19.456172823333333,5.691333333333335,4.122772,4.14735,4.161927,4.167987,4.1636834,0,0.0,1,1.0,-0.85,20.3,79.7
2022-11-22 17:45:00,122.283441766668,102.5692304,102.585340905554,19.41111109,5.206666666666666,24.95,2,5.1764362714980825,70.66250196097344,17,1,11,-0.9659258262890684,-0.2588190451025206,0.7818314824680298,0.6234898018587336,-0.5000000000000004,0.8660254037844384,36.74999999999999,76.875,153.16666666666666,6.0,11.55,36.75,72.0,-1.1,4.4277673,0.0,3.5,19.498148126666667,24.683333333333334,24.65,24.966666666666665,24.7,24.53333333333333,-14.204444423333335,-0.0148148433333332,-0.2380000000000004,5.4446666666666665,5.142,19.46234566777778,5.454444444444447,4.1636834,4.122772,4.14735,4.161927,4.1151595,0,0.0,0,1.0,-0.85,20.4,79.6
2022-11-22 18:00:00,72.84791931666601,48.888599944444,48.897210766664,19.498148126666667,5.142,24.53333333333333,1,5.1764362714980825,70.66250196097344,18,1,11,-1.0,-1.8369701987210294e-16,0.7818314824680298,0.6234898018587336,-0.5000000000000004,0.8660254037844384,10.0,50.12499999999999,129.5,6.4,9.4,21.0,72.0,-1.5,4.310641,0.0,3.1,19.27777775,24.95,24.683333333333334,24.65,24.966666666666665,24.85,-14.356148126666668,0.0870370366666648,-0.0646666666666666,5.206666666666666,4.610666666666666,19.445061716666668,5.264444444444446,4.1151595,4.1636834,4.122772,4.14735,4.1145763,0,0.0,1,1.0,-0.84,19.7,80.3
2022-11-22 18:15:00,152.466401216662,140.440771011112,140.46021474999802,19.27777775,4.610666666666666,24.85,2,5.1764362714980825,70.66250196097344,18,1,11,-1.0,-1.8369701987210294e-16,0.7818314824680298,0.6234898018587336,-0.5000000000000004,0.8660254037844384,7.5,29.437499999999996,108.52083333333331,7.775,12.0,21.5,73.0,-1.625,4.283261,0.0,2.8,19.49074071,24.53333333333333,24.95,24.683333333333334,24.65,24.816666666666663,-14.667111083333332,-0.2203703766666684,-0.5313333333333334,5.142,4.219333333333333,19.39567898888889,4.986444444444445,4.1145763,4.1151595,4.1636834,4.122772,4.160872,0,0.0,1,1.0,-0.88,21.5,78.5
2022-11-22 18:30:00,68.059499794442,55.993315744444,56.004148727774,19.49074071,4.219333333333333,24.816666666666663,1,5.1764362714980825,70.66250196097344,18,1,11,-1.0,-1.8369701987210294e-16,0.7818314824680298,0.6234898018587336,-0.5000000000000004,0.8660254037844384,5.0,14.812499999999996,90.22916666666669,9.15,14.6,22.0,74.0,-1.75,4.2550397,0.0,2.5,19.43888889,24.85,24.53333333333333,24.95,24.683333333333334,24.55,-15.271407376666668,0.2129629600000022,-0.3913333333333328,4.610666666666666,4.076,19.422222195555555,4.657333333333335,4.160872,4.1145763,4.1151595,4.1636834,4.1036296,0,0.0,1,1.0,-0.84,19.7,80.3
2022-11-22 18:45:00,114.782908533332,86.0590575,86.071557033332,19.43888889,4.076,24.55,2,5.1764362714980825,70.66250196097344,18,1,11,-1.0,-1.8369701987210294e-16,0.7818314824680298,0.6234898018587336,-0.5000000000000004,0.8660254037844384,2.5,6.25,74.625,10.525,17.200000000000003,22.5,75.0,-1.875,4.2260184,0.0,2.2,19.314814786666663,24.816666666666663,24.85,24.53333333333333,24.95,24.966666666666665,-15.362888889999995,-0.0518518200000031,-0.1433333333333335,4.219333333333333,4.248,19.402469116666666,4.302000000000002,4.1036296,4.160872,4.1145763,4.1151595,4.1429186,0,0.0,1,1.0,-0.85,20.2,79.8
2022-11-22 19:00:00,172.65559358333,143.132330044444,143.15205153888598,19.314814786666663,4.248,24.966666666666665,2,5.1764362714980825,70.66250196097344,19,1,11,-0.9659258262890684,0.2588190451025203,0.7818314824680298,0.6234898018587336,-0.5000000000000004,0.8660254037844384,0.0,3.75,61.708333333333336,11.9,19.8,23.0,76.0,-2.0,4.1962347,0.0,1.9,19.49444446,24.55,24.816666666666663,24.85,24.53333333333333,24.65,-15.066814786666663,-0.1240741033333314,0.1720000000000006,4.076,4.248666666666667,19.41481479555556,4.181111111111113,4.1429186,4.1036296,4.160872,4.1145763,4.1338277,0,0.0,0,1.0,-0.88,21.2,78.8
2022-11-22 19:15:00,30.797934799996,10.873453944444,10.879842655552,19.49444446,4.248666666666667,24.65,1,5.1764362714980825,70.66250196097344,19,1,11,-0.9659258262890684,0.2588190451025203,0.7818314824680298,0.6234898018587336,-0.5000000000000004,0.8660254037844384,0.0,1.875,49.583333333333336,12.425,21.25,18.25,73.5,-2.4,4.078886,0.0,1.975,19.255555583333333,24.966666666666665,24.55,24.816666666666663,24.85,24.683333333333334,-15.245777793333334,0.1796296733333342,0.0006666666666665,4.248,4.414666666666666,19.41604937888889,4.190888888888891,4.1338277,4.1429186,4.1036296,4.160872,4.081635,0,0.0,1,1.0,-0.84,19.7,80.3
2022-11-22 19:30:00,141.340179566664,121.74318566111,121.75957392222,19.255555583333333,4.414666666666666,24.683333333333334,2,5.1764362714980825,70.66250196097344,19,1,11,-0.9659258262890684,0.2588190451025203,0.7818314824680298,0.6234898018587336,-0.5000000000000004,0.8660254037844384,0.0,0.625,38.25,12.95,22.700000000000003,13.5,71.0,-2.8,3.9602194,0.0,2.05,19.33333335,24.65,24.966666666666665,24.55,24.816666666666663,24.95,-14.840888916666668,-0.2388888766666674,0.1659999999999994,4.248666666666667,4.788,19.35493827666667,4.303777777777779,4.081635,4.1338277,4.1429186,4.1036296,4.144669,0,0.0,1,1.0,-0.89,21.7,78.3
2022-11-22 19:45:00,107.748189850002,90.990526866668,91.004970772222,19.33333335,4.788,24.95,2,5.1764362714980825,70.66250196097344,19,1,11,-0.9659258262890684,0.2588190451025203,0.7818314824680298,0.6234898018587336,-0.5000000000000004,0.8660254037844384,0.0,0.0,27.70833333333333,13.475,24.15,8.75,68.5,-3.2,3.840226,0.0,2.125,19.39074073333333,24.683333333333334,24.65,24.966666666666665,24.55,24.716666666666665,-14.545333349999996,0.0777777666666637,0.3733333333333339,4.414666666666666,4.896,19.361111131111112,4.483777777777779,4.144669,4.081635,4.1338277,4.1429186,4.1198034,0,0.0,0,1.0,-0.87,21.0,79.0
2022-11-22 20:00:00,82.185323588888,70.0530311,70.064141838886,19.39074073333333,4.896,24.716666666666665,1,5.1764362714980825,70.66250196097344,20,1,11,-0.8660254037844386,0.5000000000000001,0.7818314824680298,0.6234898018587336,-0.5000000000000004,0.8660254037844384,0.0,0.0,17.958333333333332,14.0,25.6,4.0,66.0,-3.6,3.7188962,0.0,2.2,19.24999998,24.95,24.683333333333334,24.65,24.966666666666665,25.0,-14.494740733333334,0.0574073833333379,0.1079999999999996,4.788,4.984,19.326543222222224,4.699555555555557,4.1198034,4.144669,4.081635,4.1338277,4.132646,0,0.0,1,1.0,-0.86,20.6,79.4
2022-11-22 20:15:00,169.39850162222,146.46969656111,146.489418038886,19.24999998,4.984,25.0,2,5.1764362714980825,70.66250196097344,20,1,11,-0.8660254037844386,0.5000000000000001,0.7818314824680298,0.6234898018587336,-0.5000000000000004,0.8660254037844384,0.0,0.0,10.437499999999998,14.15,26.125,13.25,65.0,-3.8,3.6563601,0.0,2.1750000000000003,19.440740743333333,24.716666666666665,24.95,24.683333333333334,24.65,24.816666666666663,-14.265999979999998,-0.1407407533333362,0.088,4.896,5.039333333333333,19.324691354444443,4.889333333333335,4.132646,4.1198034,4.144669,4.081635,4.1486564,0,0.0,1,1.0,-0.89,21.7,78.3
2022-11-22 20:30:00,47.945026738882,12.043407111112,12.048684733332,19.440740743333333,5.039333333333333,24.816666666666663,1,5.1764362714980825,70.66250196097344,20,1,11,-0.8660254037844386,0.5000000000000001,0.7818314824680298,0.6234898018587336,-0.5000000000000004,0.8660254037844384,0.0,0.0,5.145833333333332,14.3,26.65,22.5,64.0,-4.0,3.5940242,0.0,2.1500000000000004,19.20555555,25.0,24.716666666666665,24.95,24.683333333333334,24.85,-14.40140741,0.1907407633333342,0.0553333333333334,4.984,4.48,19.360493818888887,4.9731111111111135,4.1486564,4.132646,4.1198034,4.144669,4.097108,0,0.0,1,1.0,-0.85,20.2,79.8
2022-11-22 20:45:00,153.43414030555,133.300778855556,133.318278188888,19.20555555,4.48,24.85,2,5.1764362714980825,70.66250196097344,20,1,11,-0.8660254037844386,0.5000000000000001,0.7818314824680298,0.6234898018587336,-0.5000000000000004,0.8660254037844384,0.0,0.0,2.083333333333333,14.45,27.175,31.75,63.0,-4.2,3.5318863,0.0,2.125,19.296296266666666,24.816666666666663,25.0,24.716666666666665,24.95,24.816666666666663,-14.72555555,-0.2351851933333328,-0.559333333333333,5.039333333333333,4.252666666666666,19.298765424444444,4.834444444444446,4.097108,4.1486564,4.132646,4.1198034,4.1135406,0,0.0,1,1.0,-0.9,22.1,77.9
2022-11-22 21:00:00,83.163895577776,70.588009716666,70.599398227774,19.296296266666666,4.252666666666666,24.816666666666663,1,5.1764362714980825,70.66250196097344,21,1,11,-0.7071067811865477,0.7071067811865474,0.7818314824680298,0.6234898018587336,-0.5000000000000004,0.8660254037844384,0.0,0.0,1.25,14.6,27.7,41.0,62.0,-4.4,3.469948,0.0,2.1,19.27777775,24.85,24.816666666666663,25.0,24.716666666666665,24.55,-15.0436296,0.0907407166666658,-0.227333333333334,4.48,4.101333333333334,19.31419752,4.590666666666668,4.1135406,4.097108,4.1486564,4.132646,4.064904,0,0.0,1,1.0,-0.88,21.4,78.6
2022-11-22 21:15:00,97.111393338882,73.24595892777799,73.258458511108,19.27777775,4.101333333333334,24.55,2,5.1764362714980825,70.66250196097344,21,1,11,-0.7071067811865477,0.7071067811865474,0.7818314824680298,0.6234898018587336,-0.5000000000000004,0.8660254037844384,0.0,0.0,0.625,14.475,27.8,33.75,61.75,-4.4750000000000005,3.4559565,0.0,2.1,19.13888889333333,24.816666666666663,24.85,24.816666666666663,25.0,24.966666666666665,-15.176444416666666,-0.018518516666667,-0.1513333333333326,4.252666666666666,4.1066666666666665,19.259876522222225,4.278000000000002,4.064904,4.1135406,4.097108,4.1486564,4.1002016,0,0.0,1,1.0,-0.89,21.6,78.4
2022-11-22 21:30:00,125.60497584999,113.472960916666,113.490738038886,19.13888889333333,4.1066666666666665,24.966666666666665,2,5.1764362714980825,70.66250196097344,21,1,11,-0.7071067811865477,0.7071067811865474,0.7818314824680298,0.6234898018587336,-0.5000000000000004,0.8660254037844384,0.0,0.0,0.2083333333333333,14.35,27.9,26.5,61.5,-4.550000000000001,3.4419646,0.0,2.1,19.18888892,24.55,24.816666666666663,24.85,24.816666666666663,24.95,-15.032222226666669,-0.1388888566666644,0.0053333333333327,4.101333333333334,4.287999999999999,19.237654303333333,4.153555555555557,4.1002016,4.064904,4.1135406,4.097108,4.1095576,0,0.0,0,1.0,-0.92,22.7,77.3
2022-11-22 21:45:00,152.326406849994,133.019401211112,133.038011583334,19.18888892,4.287999999999999,24.95,2,5.1764362714980825,70.66250196097344,21,1,11,-0.7071067811865477,0.7071067811865474,0.7818314824680298,0.6234898018587336,-0.5000000000000004,0.8660254037844384,0.0,0.0,0.0,14.225,28.0,19.25,61.25,-4.625,3.4279728,0.0,2.1,19.312962963333334,24.966666666666665,24.55,24.816666666666663,24.85,24.53333333333333,-14.90088892,0.050000026666666,0.1813333333333329,4.1066666666666665,4.040666666666667,19.201851854444445,4.165333333333336,4.1095576,4.1002016,4.064904,4.1135406,4.0705695,0,0.0,0,1.0,-0.9,22.3,77.7
2022-11-22 22:00:00,60.274811211108,22.163835627778,22.169113249998,19.312962963333334,4.040666666666667,24.53333333333333,1,5.1764362714980825,70.66250196097344,22,1,11,-0.5000000000000004,0.8660254037844384,0.7818314824680298,0.6234898018587336,-0.5000000000000004,0.8660254037844384,0.0,0.0,0.0,14.1,28.1,12.0,61.0,-4.7,3.4139812,0.0,2.1,19.08888888,24.95,24.966666666666665,24.55,24.816666666666663,24.85,-15.272296296666669,0.1240740433333336,-0.2473333333333327,4.287999999999999,3.836,19.213580258888893,4.145111111111113,4.0705695,4.1095576,4.1002016,4.064904,4.0690265,0,0.0,1,1.0,-0.88,21.3,78.7
2022-11-22 22:15:00,161.18049718888,140.392995188888,140.411605611108,19.08888888,3.836,24.85,2,5.1764362714980825,70.66250196097344,22,1,11,-0.5000000000000004,0.8660254037844384,0.7818314824680298,0.6234898018587336,-0.5000000000000004,0.8660254037844384,0.0,0.0,0.0,14.0,27.925,17.5,61.25,-4.625,3.4337788,0.0,2.125,19.28888886,24.53333333333333,24.95,24.966666666666665,24.55,25.0,-15.25288888,-0.2240740833333347,-0.2046666666666667,4.040666666666667,3.4353333333333333,19.19691358777778,4.0548888888888905,4.0690265,4.0705695,4.1095576,4.1002016,4.1421223,0,0.0,1,1.0,-0.93,23.2,76.8
2022-11-22 22:30:00,87.542609288888,75.51725693889,75.528645416666,19.28888886,3.4353333333333333,25.0,2,5.1764362714980825,70.66250196097344,22,1,11,-0.5000000000000004,0.8660254037844384,0.7818314824680298,0.6234898018587336,-0.5000000000000004,0.8660254037844384,0.0,0.0,0.0,13.9,27.75,23.0,61.5,-4.550000000000001,3.4536326,0.0,2.1500000000000004,19.2722222,24.85,24.53333333333333,24.95,24.966666666666665,24.7,-15.853555526666668,0.1999999800000012,-0.4006666666666665,3.836,3.674,19.230246901111112,3.770666666666669,4.1421223,4.0690265,4.0705695,4.1095576,4.0884023,0,0.0,0,1.0,-0.88,21.4,78.6
2022-11-22 22:45:00,88.55812420000001,68.55225776666799,68.562812944444,19.2722222,3.674,24.7,1,5.1764362714980825,70.66250196097344,22,1,11,-0.5000000000000004,0.8660254037844384,0.7818314824680298,0.6234898018587336,-0.5000000000000004,0.8660254037844384,0.0,0.0,0.0,13.8,27.575,28.5,61.75,-4.4750000000000005,3.4735425,0.0,2.1750000000000003,19.171825407857146,25.0,24.85,24.53333333333333,24.95,24.978571428571428,-15.5982222,-0.016666660000002,0.2386666666666665,3.4353333333333333,4.237857142857143,19.216666646666667,3.6484444444444457,4.0884023,4.1421223,4.0690265,4.0705695,4.1101284,0,0.0,1,1.0,-0.89,21.6,78.4
2022-11-22 23:00:00,156.404577049994,141.6918321,141.711553577776,19.171825407857146,4.237857142857143,24.978571428571428,2,5.1764362714980825,70.66250196097344,23,1,11,-0.2588190451025215,0.965925826289068,0.7818314824680298,0.6234898018587336,-0.5000000000000004,0.8660254037844384,0.0,0.0,0.0,13.7,27.4,34.0,62.0,-4.4,3.493508,0.0,2.2,19.386111077857144,24.7,25.0,24.85,24.53333333333333,25.0,-14.933968265,-0.1003967921428561,0.5638571428571431,3.674,4.348571428571429,19.244312155952382,3.7823968253968263,4.1101284,4.0884023,4.1421223,4.0690265,4.165895,0,0.0,1,1.0,-0.91,22.4,77.6
2022-11-22 23:15:00,34.901659411112,17.030152050002,17.035985216666,19.386111077857144,4.348571428571429,25.0,1,5.1764362714980825,70.66250196097344,23,1,11,-0.2588190451025215,0.965925826289068,0.7818314824680298,0.6234898018587336,-0.5000000000000004,0.8660254037844384,0.0,0.0,0.0,13.775,27.3,50.5,62.25,-4.275,3.5194755,0.0,2.25,19.136904795714287,24.978571428571428,24.7,25.0,24.85,25.0,-15.037539649285716,0.2142856700000024,0.1107142857142857,4.237857142857143,4.802142857142857,19.27671956190476,4.086809523809525,4.165895,4.1101284,4.0884023,4.1421223,4.105196,0,0.0,1,1.0,-0.86,20.6,79.4
2022-11-22 23:30:00,152.479733883334,121.602913455556,121.617635116666,19.136904795714287,4.802142857142857,25.0,2,5.1764362714980825,70.66250196097344,23,1,11,-0.2588190451025215,0.965925826289068,0.7818314824680298,0.6234898018587336,-0.5000000000000004,0.8660254037844384,0.0,0.0,0.0,13.85,27.2,67.0,62.5,-4.15,3.5455737,0.0,2.3,19.28333335,25.0,24.978571428571428,24.7,25.0,24.95,-14.334761938571429,-0.2492062821428575,0.4535714285714283,4.348571428571429,5.411333333333333,19.231613760476197,4.462857142857145,4.105196,4.165895,4.1101284,4.0884023,4.132486,0,0.0,1,1.0,-0.92,22.7,77.3
2022-11-22 23:45:00,94.172621877776,67.05315110000001,67.063984049998,19.28333335,5.411333333333333,24.95,1,5.1764362714980825,70.66250196097344,23,1,11,-0.2588190451025215,0.965925826289068,0.7818314824680298,0.6234898018587336,-0.5000000000000004,0.8660254037844384,0.0,0.0,0.0,13.925,27.1,83.5,62.75,-4.025,3.5718024,0.0,2.35,19.22658730071428,25.0,25.0,24.978571428571428,24.7,24.717857142857145,-13.872000016666666,0.1464285542857126,0.6091904761904763,4.802142857142857,6.015000000000001,19.26878307452381,4.854015873015874,4.132486,4.105196,4.165895,4.1101284,4.080375,0,0.0,1,1.0,-0.88,21.4,78.6
2022-11-23 00:00:00,86.406265894442,75.212546944444,75.224768705554,19.22658730071428,6.015000000000001,24.717857142857145,2,5.1764362714980825,70.66250196097344,0,2,11,0.0,1.0,0.9749279121818236,-0.2225209339563143,-0.5000000000000004,0.8660254037844384,0.0,0.0,0.0,14.0,27.0,100.0,63.0,-3.9,3.5981646,0.0,2.4,19.12777778,24.95,25.0,25.0,24.978571428571428,24.95,-13.211587300714282,-0.0567460492857172,0.6036666666666672,5.411333333333333,6.138000000000001,19.21560848214286,5.409492063492066,4.080375,4.132486,4.105196,4.165895,4.0947804,0,0.0,1,1.0,-0.9,22.0,78.0
2022-11-23 00:15:00,146.67357740555,133.31077843889,133.328555544444,19.12777778,6.138000000000001,24.95,2,5.1764362714980825,70.66250196097344,0,2,11,0.0,1.0,0.9749279121818236,-0.2225209339563143,-0.5000000000000004,0.8660254037844384,0.0,0.0,0.0,13.775,27.275,99.0,62.5,-3.675,3.6548529,0.0,2.75,19.34074070666667,24.717857142857145,24.95,25.0,25.0,24.53333333333333,-12.989777779999995,-0.0988095207142834,0.1230000000000002,6.015000000000001,6.154,19.212566143571426,5.85477777777778,4.0947804,4.080375,4.132486,4.105196,4.07723,0,0.0,0,1.0,-0.92,22.8,77.2
2022-11-23 00:30:00,47.881695772222,25.002888744444,25.008999649998,19.34074070666667,6.154,24.53333333333333,1,5.1764362714980825,70.66250196097344,0,2,11,0.0,1.0,0.9749279121818236,-0.2225209339563143,-0.5000000000000004,0.8660254037844384,0.0,0.0,0.0,13.55,27.55,98.0,62.0,-3.45,3.7119405,0.0,3.1,19.08333333,24.95,24.717857142857145,24.95,25.0,24.85,-13.186740706666669,0.2129629266666697,0.0159999999999991,6.138000000000001,6.026666666666667,19.231701929126984,6.102333333333335,4.07723,4.0947804,4.080375,4.132486,4.067694,0,0.0,1,1.0,-0.87,21.0,79.0
2022-11-23 00:45:00,151.11201087777602,133.359387611112,133.377998016666,19.08333333,6.026666666666667,24.85,2,5.1764362714980825,70.66250196097344,0,2,11,0.0,1.0,0.9749279121818236,-0.2225209339563143,-0.5000000000000004,0.8660254037844384,0.0,0.0,0.0,13.325,27.825000000000003,97.0,61.5,-3.225,3.769416,0.0,3.45,19.241666669166666,24.53333333333333,24.95,24.717857142857145,24.95,25.0,-13.056666663333337,-0.2574073766666664,-0.1273333333333326,6.154,5.873333333333334,19.183950605555555,6.106222222222224,4.067694,4.07723,4.0947804,4.080375,4.130618,0,0.0,1,1.0,-0.93,23.2,76.8
2022-11-23 01:00:00,43.184939183334,20.872498383334,20.878609272222,19.241666669166666,5.873333333333334,25.0,1,5.1764362714980825,70.66250196097344,1,2,11,0.2588190451025207,0.9659258262890684,0.9749279121818236,-0.2225209339563143,-0.5000000000000004,0.8660254037844384,0.0,0.0,0.0,13.1,28.1,96.0,61.0,-3.0,3.8272674,0.0,3.8,19.16111109,24.85,24.53333333333333,24.95,24.717857142857145,25.05,-13.36833333583333,0.1583333391666634,-0.1533333333333333,6.026666666666667,5.794666666666667,19.221913568611114,6.018000000000002,4.130618,4.067694,4.07723,4.0947804,4.11928,0,0.0,1,1.0,-0.89,21.8,78.2
2022-11-23 01:15:00,116.623390527774,84.973545388888,84.986322711108,19.16111109,5.794666666666667,25.05,2,5.1764362714980825,70.66250196097344,1,2,11,0.2588190451025207,0.9659258262890684,0.9749279121818236,-0.2225209339563143,-0.5000000000000004,0.8660254037844384,0.0,0.0,0.0,12.525,27.65,95.75,62.25,-2.9,3.873229,0.0,3.675,19.07777776,25.0,24.85,24.53333333333333,24.95,25.466666666666665,-13.366444423333334,-0.0805555791666634,-0.0786666666666668,5.873333333333334,5.646,19.162037029722224,5.898222222222224,4.11928,4.130618,4.067694,4.07723,4.1672707,0,0.0,1,1.0,-0.91,22.5,77.5
2022-11-23 01:30:00,496.421253338894,121.32375793889,121.3418128,19.07777776,5.646,25.466666666666665,2,5.1764362714980825,70.66250196097344,1,2,11,0.2588190451025207,0.9659258262890684,0.9749279121818236,-0.2225209339563143,-0.5000000000000004,0.8660254037844384,0.0,0.0,0.0,11.95,27.200000000000003,95.5,63.5,-2.8,3.9181283,0.0,3.55,19.25000002,25.05,25.0,24.85,24.53333333333333,25.5,-13.43177776,-0.083333330000002,-0.1486666666666671,5.794666666666667,5.5793333333333335,19.16018517305556,5.771333333333335,4.1672707,4.11928,4.130618,4.067694,4.2152987,0,0.0,0,1.0,-0.93,23.1,76.9
2022-11-23 01:45:00,51.550993411112,39.534251933332,39.542862772218,19.25000002,5.5793333333333335,25.5,1,5.1764362714980825,70.66250196097344,1,2,11,0.2588190451025207,0.9659258262890684,0.9749279121818236,-0.2225209339563143,-0.5000000000000004,0.8660254037844384,0.0,0.0,0.0,11.375,26.75,95.25,64.75,-2.7,3.9619765,0.0,3.425,19.03373017714286,25.466666666666665,25.05,25.0,24.85,25.5,-13.670666686666667,0.1722222600000016,-0.0666666666666664,5.646,5.474285714285714,19.16296295666667,5.673333333333336,4.2152987,4.1672707,4.11928,4.130618,4.1618953,0,0.0,1,1.0,-0.89,21.6,78.4
2022-11-23 02:00:00,155.229901705554,135.490969011112,135.508468344444,19.03373017714286,5.474285714285714,25.5,2,5.1764362714980825,70.66250196097344,2,2,11,0.4999999999999999,0.8660254037844387,0.9749279121818236,-0.2225209339563143,-0.5000000000000004,0.8660254037844384,0.0,0.0,0.0,10.8,26.3,95.0,66.0,-2.6,4.0047894,0.0,3.3,19.23333333,25.5,25.466666666666665,25.05,25.0,25.5,-13.559444462857147,-0.216269842857141,-0.1050476190476192,5.5793333333333335,5.387333333333333,19.120502652380956,5.566539682539684,4.1618953,4.2152987,4.1672707,4.11928,4.2111626,0,0.0,1,1.0,-0.94,23.5,76.5
2022-11-23 02:15:00,50.544644983326,29.552151249998,29.559373227774,19.23333333,5.387333333333333,25.5,1,5.1764362714980825,70.66250196097344,2,2,11,0.4999999999999999,0.8660254037844387,0.9749279121818236,-0.2225209339563143,-0.5000000000000004,0.8660254037844384,0.0,0.0,0.0,10.75,24.85,96.25,66.75,-2.5,4.023231,0.0,3.2,19.1032407425,25.5,25.5,25.466666666666665,25.05,25.67083333333333,-13.845999996666665,0.1996031528571364,-0.0869523809523808,5.474285714285714,5.19,19.172354509047626,5.480317460317462,4.2111626,4.1618953,4.2152987,4.1672707,4.206992,0,0.0,1,1.0,-0.89,21.8,78.2
2022-11-23 02:30:00,105.990482444444,83.5674905,83.579434488888,19.1032407425,5.19,25.67083333333333,2,5.1764362714980825,70.66250196097344,2,2,11,0.4999999999999999,0.8660254037844387,0.9749279121818236,-0.2225209339563143,-0.5000000000000004,0.8660254037844384,0.0,0.0,0.0,10.7,23.4,97.5,67.5,-2.4000000000000004,4.041226,0.0,3.1,19.090598267692307,25.5,25.5,25.5,25.466666666666665,25.942307692307693,-13.9132407425,-0.1300925874999947,-0.1973333333333329,5.387333333333333,4.922307692307692,19.123434749880957,5.350539682539684,4.206992,4.2111626,4.1618953,4.2152987,4.248314,0,0.0,1,1.0,-0.92,22.9,77.1
2022-11-23 02:45:00,101.42260976666,78.387975472222,78.399086194442,19.090598267692307,4.922307692307692,25.942307692307693,2,5.1764362714980825,70.66250196097344,2,2,11,0.4999999999999999,0.8660254037844387,0.9749279121818236,-0.2225209339563143,-0.5000000000000004,0.8660254037844384,0.0,0.0,0.0,10.65,21.95,98.75,68.25,-2.3000000000000003,4.0587773,0.0,3.0,19.205555535,25.67083333333333,25.5,25.5,25.5,25.535714285714285,-14.168290575384615,-0.0126424748076949,-0.2676923076923083,5.19,4.782857142857144,19.1423907800641,5.166547008547011,4.248314,4.206992,4.2111626,4.1618953,4.210164,0,0.0,0,1.0,-0.92,22.9,77.1
2022-11-23 03:00:00,61.627534783334,43.338266383334,43.347432766664,19.205555535,4.782857142857144,25.535714285714285,1,5.1764362714980825,70.66250196097344,3,2,11,0.7071067811865476,0.7071067811865476,0.9749279121818236,-0.2225209339563143,-0.5000000000000004,0.8660254037844384,0.0,0.0,0.0,10.6,20.5,100.0,69.0,-2.2,4.075889,0.0,2.9,19.02777778,25.942307692307693,25.67083333333333,25.5,25.5,25.8,-14.422698392142856,0.114957267307691,-0.1394505494505482,4.922307692307692,4.88,19.133131515064104,4.965054945054948,4.210164,4.248314,4.206992,4.2111626,4.209381,0,0.0,1,1.0,-0.9,22.0,78.0
2022-11-23 03:15:00,160.043042555552,147.957414783334,147.977136244444,19.02777778,4.88,25.8,2,5.1764362714980825,70.66250196097344,3,2,11,0.7071067811865476,0.7071067811865476,0.9749279121818236,-0.2225209339563143,-0.5000000000000004,0.8660254037844384,0.0,0.0,0.0,10.575,20.675,100.0,68.75,-2.125,4.0953846,0.0,3.025,19.25925928,25.535714285714285,25.942307692307693,25.67083333333333,25.5,25.53333333333333,-14.147777780000002,-0.1777777549999974,0.097142857142856,4.782857142857144,4.9446666666666665,19.10797719423077,4.861721611721614,4.209381,4.210164,4.248314,4.206992,4.2231126,0,0.0,1,1.0,-0.94,23.5,76.5
2022-11-23 03:30:00,39.83146226111,25.8972974,25.905074938886003,19.25925928,4.9446666666666665,25.53333333333333,1,5.1764362714980825,70.66250196097344,3,2,11,0.7071067811865476,0.7071067811865476,0.9749279121818236,-0.2225209339563143,-0.5000000000000004,0.8660254037844384,0.0,0.0,0.0,10.55,20.85,100.0,68.5,-2.05,4.1148825,0.0,3.15,19.04999998,25.8,25.535714285714285,25.942307692307693,25.67083333333333,25.85,-14.314592613333332,0.2314814999999974,0.0646666666666666,4.88,4.83,19.16419753166667,4.8691746031746055,4.2231126,4.209381,4.210164,4.248314,4.2230725,0,0.0,1,1.0,-0.89,21.5,78.5
2022-11-23 03:45:00,137.578663349998,110.196980844444,110.212258066664,19.04999998,4.83,25.85,2,5.1764362714980825,70.66250196097344,3,2,11,0.7071067811865476,0.7071067811865476,0.9749279121818236,-0.2225209339563143,-0.5000000000000004,0.8660254037844384,0.0,0.0,0.0,10.525,21.025,100.0,68.25,-1.975,4.1343813,0.0,3.275,19.11851850333333,25.53333333333333,25.8,25.535714285714285,25.942307692307693,26.0,-14.21999998,-0.2092592999999993,-0.1146666666666664,4.9446666666666665,4.816666666666666,19.11234568,4.884888888888891,4.2230725,4.2231126,4.209381,4.210164,4.264777,0,0.0,1,1.0,-0.93,23.3,76.7
2022-11-23 04:00:00,137.883095638886,109.731166127778,109.746443333332,19.11851850333333,4.816666666666666,26.0,2,5.1764362714980825,70.66250196097344,4,2,11,0.8660254037844386,0.5000000000000001,0.9749279121818236,-0.2225209339563143,-0.5000000000000004,0.8660254037844384,0.0,0.0,0.0,10.5,21.2,100.0,68.0,-1.9,4.1538815,0.0,3.4,19.22777775,25.85,25.53333333333333,25.8,25.535714285714285,25.7,-14.301851836666668,0.0685185233333349,-0.0133333333333336,4.83,4.823333333333333,19.14259258777778,4.86377777777778,4.264777,4.2230725,4.2231126,4.209381,4.2428017,0,0.0,0,1.0,-0.91,22.7,77.3
2022-11-23 04:15:00,69.421389983322,47.562541905554,47.573097133328005,19.22777775,4.823333333333333,25.7,1,5.1764362714980825,70.66250196097344,4,2,11,0.8660254037844386,0.5000000000000001,0.9749279121818236,-0.2225209339563143,-0.5000000000000004,0.8660254037844384,0.0,0.0,0.0,10.3,21.125,99.75,68.25,-1.85,4.176138,0.0,3.425,19.00370369333333,26.0,25.85,25.53333333333333,25.8,25.966666666666665,-14.404444416666664,0.1092592466666637,0.0066666666666668,4.816666666666666,4.819999999999999,19.132098744444445,4.823333333333335,4.2428017,4.264777,4.2230725,4.2231126,4.2305593,0,0.0,1,1.0,-0.89,21.8,78.2
2022-11-23 04:30:00,166.148353833332,142.695958616666,142.715124549998,19.00370369333333,4.819999999999999,25.966666666666665,2,5.1764362714980825,70.66250196097344,4,2,11,0.8660254037844386,0.5000000000000001,0.9749279121818236,-0.2225209339563143,-0.5000000000000004,0.8660254037844384,0.0,0.0,0.0,10.1,21.05,99.5,68.5,-1.7999999999999998,4.198456,0.0,3.45,19.22777777,25.7,26.0,25.85,25.53333333333333,26.0,-14.183703693333332,-0.2240740566666659,-0.0033333333333338,4.823333333333333,4.708,19.11666664888889,4.820000000000001,4.2305593,4.2428017,4.264777,4.2230725,4.292329,0,0.0,1,1.0,-0.94,23.7,76.3
2022-11-23 04:45:00,40.34088621667,27.347239383334,27.354739149998,19.22777777,4.708,26.0,1,5.1764362714980825,70.66250196097344,4,2,11,0.8660254037844386,0.5000000000000001,0.9749279121818236,-0.2225209339563143,-0.5000000000000004,0.8660254037844384,0.0,0.0,0.0,9.9,20.975,99.25,68.75,-1.75,4.2208357,0.0,3.475,19.04444444,25.966666666666665,25.7,26.0,25.85,26.183333333333334,-14.51977777,0.2240740766666675,-0.1119999999999992,4.819999999999999,4.406666666666666,19.153086404444444,4.78377777777778,4.292329,4.2305593,4.2428017,4.264777,4.276127,0,0.0,1,1.0,-0.89,21.7,78.3
2022-11-23 05:00:00,121.004326533324,108.708429255556,108.722873194442,19.04444444,4.406666666666666,26.183333333333334,2,5.1764362714980825,70.66250196097344,5,2,11,0.9659258262890684,0.2588190451025207,0.9749279121818236,-0.2225209339563143,-0.5000000000000004,0.8660254037844384,0.0,0.0,0.0,9.7,20.9,99.0,69.0,-1.7,4.2432766,0.0,3.5,19.07222222,26.0,25.966666666666665,25.7,26.0,26.45,-14.637777773333331,-0.1833333299999999,-0.3013333333333339,4.708,4.167333333333334,19.091975301111116,4.64488888888889,4.276127,4.292329,4.2305593,4.2428017,4.326761,0,0.0,1,1.0,-0.93,23.3,76.7
2022-11-23 05:15:00,151.885313244444,127.369904966668,127.387126527778,19.07222222,4.167333333333334,26.45,2,5.1764362714980825,70.66250196097344,5,2,11,0.9659258262890684,0.2588190451025207,0.9749279121818236,-0.2225209339563143,-0.5000000000000004,0.8660254037844384,0.0,0.0,0.0,9.825,20.725,98.25,69.75,-1.675,4.253655,0.0,3.375,19.26851852,26.183333333333334,26.0,25.966666666666665,25.7,26.03333333333333,-14.904888886666669,0.0277777800000009,-0.2393333333333327,4.406666666666666,4.100666666666667,19.11481481,4.427333333333335,4.326761,4.276127,4.292329,4.2305593,4.308159,0,0.0,0,1.0,-0.92,23.0,77.0
2022-11-23 05:30:00,68.760582833332,35.118872972222,35.126650494442,19.26851852,4.100666666666667,26.03333333333333,1,5.1764362714980825,70.66250196097344,5,2,11,0.9659258262890684,0.2588190451025207,0.9749279121818236,-0.2225209339563143,-0.5000000000000004,0.8660254037844384,0.0,0.0,0.0,9.95,20.55,97.5,70.5,-1.65,4.263528,0.0,3.25,19.01666664,26.45,26.183333333333334,26.0,25.966666666666665,26.3,-15.167851853333334,0.1962963000000002,-0.0666666666666664,4.167333333333334,4.13,19.128395060000003,4.2248888888888905,4.308159,4.326761,4.276127,4.292329,4.288145,0,0.0,1,1.0,-0.88,21.4,78.6
2022-11-23 05:45:00,177.650393749998,147.875195872222,147.89519512222,19.01666664,4.13,26.3,2,5.1764362714980825,70.66250196097344,5,2,11,0.9659258262890684,0.2588190451025207,0.9749279121818236,-0.2225209339563143,-0.5000000000000004,0.8660254037844384,0.0,0.0,0.0,10.075,20.375,96.75,71.25,-1.625,4.272903,0.0,3.125,19.212962966666662,26.03333333333333,26.45,26.183333333333334,26.0,26.03333333333333,-14.88666664,-0.2518518800000002,0.0293333333333327,4.100666666666667,4.076666666666666,19.11913579333333,4.132666666666669,4.288145,4.308159,4.326761,4.276127,4.2940836,0,0.0,1,1.0,-0.94,23.5,76.5
2022-11-23 06:00:00,71.181319283334,53.089820788888,53.09982042222,19.212962966666662,4.076666666666666,26.03333333333333,1,5.1764362714980825,70.66250196097344,6,2,11,1.0,6.123233995736766e-17,0.9749279121818236,-0.2225209339563143,-0.5000000000000004,0.8660254037844384,0.0,0.0,0.0,10.2,20.2,96.0,72.0,-1.6,4.2817874,0.0,3.0,19.12222224,26.3,26.03333333333333,26.45,26.183333333333334,26.05,-15.1362963,0.1962963266666655,-0.0533333333333336,4.13,3.969333333333333,19.16604937555556,4.102444444444447,4.2940836,4.288145,4.308159,4.326761,4.273912,0,0.0,1,1.0,-0.89,21.8,78.2
2022-11-23 06:15:00,104.355547911108,85.85850993889,85.870176172222,19.12222224,3.969333333333333,26.05,2,5.1764362714980825,70.66250196097344,6,2,11,1.0,6.123233995736766e-17,0.9749279121818236,-0.2225209339563143,-0.5000000000000004,0.8660254037844384,0.0,0.0,0.0,10.0,20.2,74.0,72.75,-1.5750000000000002,4.2974052,0.0,2.9,19.022222223333333,26.03333333333333,26.3,26.03333333333333,26.45,26.28333333333333,-15.152888906666666,-0.0907407266666666,-0.107333333333333,4.076666666666666,3.807333333333333,19.11728394888889,4.058666666666668,4.273912,4.2940836,4.288145,4.308159,4.2868333,0,0.0,1,1.0,-0.91,22.6,77.4
2022-11-23 06:30:00,152.149469394442,140.181614727778,140.199947311112,19.022222223333333,3.807333333333333,26.28333333333333,2,5.1764362714980825,70.66250196097344,6,2,11,1.0,6.123233995736766e-17,0.9749279121818236,-0.2225209339563143,-0.5000000000000004,0.8660254037844384,0.0,0.0,0.0,9.8,20.2,52.0,73.5,-1.55,4.3125978,0.0,2.8,19.26666664,26.05,26.03333333333333,26.3,26.03333333333333,26.0,-15.21488889,-0.1000000166666659,-0.1619999999999999,3.969333333333333,3.656,19.11913581,3.951111111111113,4.2868333,4.273912,4.2940836,4.288145,4.3021727,0,0.0,0,1.0,-0.94,23.5,76.5
2022-11-23 06:45:00,51.227672944448,33.178672783334,33.18756136111,19.26666664,3.656,26.0,1,5.1764362714980825,70.66250196097344,6,2,11,1.0,6.123233995736766e-17,0.9749279121818236,-0.2225209339563143,-0.5000000000000004,0.8660254037844384,0.0,0.0,0.0,9.6,20.2,30.0,74.25,-1.525,4.3273687,0.0,2.7,19.02222222,26.28333333333333,26.05,26.03333333333333,26.3,26.183333333333334,-15.610666640000002,0.244444416666667,-0.1513333333333335,3.807333333333333,3.5,19.137037034444447,3.8108888888888894,4.3021727,4.2868333,4.273912,4.2940836,4.2705226,0,0.0,1,1.0,-0.88,21.4,78.6
2022-11-23 07:00:00,174.241085627778,136.344268211112,136.362323088888,19.02222222,3.5,26.183333333333334,2,5.1764362714980825,70.66250196097344,7,2,11,0.9659258262890684,-0.2588190451025206,0.9749279121818236,-0.2225209339563143,-0.5000000000000004,0.8660254037844384,0.0,0.0,0.0,9.4,20.2,8.0,75.0,-1.5,4.341724,0.0,2.6,19.1888889,26.0,26.28333333333333,26.05,26.03333333333333,26.15,-15.52222222,-0.2444444200000006,-0.1559999999999997,3.656,3.405333333333333,19.103703694444444,3.654444444444446,4.2705226,4.3021727,4.2868333,4.273912,4.3072114,0,0.0,1,1.0,-0.94,23.5,76.5
2022-11-23 07:15:00,81.799227933332,59.147356211112,59.159300233332,19.1888889,3.405333333333333,26.15,1,5.1764362714980825,70.66250196097344,7,2,11,0.9659258262890684,-0.2588190451025206,0.9749279121818236,-0.2225209339563143,-0.5000000000000004,0.8660254037844384,0.0,0.0,0.0,9.9,20.0,15.25,75.5,-1.7,4.268601,0.0,2.25,19.103703696666667,26.183333333333334,26.0,26.28333333333333,26.05,26.183333333333334,-15.783555566666664,0.1666666799999987,-0.0946666666666669,3.5,3.33,19.15925925333333,3.5204444444444456,4.3072114,4.2705226,4.3021727,4.2868333,4.291099,0,0.0,1,1.0,-0.9,22.0,78.0
2022-11-23 07:30:00,97.652204972218,85.593798344444,85.60824229999601,19.103703696666667,3.33,26.183333333333334,2,5.1764362714980825,70.66250196097344,7,2,11,0.9659258262890684,-0.2588190451025206,0.9749279121818236,-0.2225209339563143,-0.5000000000000004,0.8660254037844384,0.0,0.0,0.0,10.4,19.8,22.5,76.0,-1.9,4.1962347,0.0,1.9,19.0,26.15,26.183333333333334,26.0,26.28333333333333,26.5,-15.773703696666669,-0.0851852033333315,-0.075333333333333,3.405333333333333,3.3273333333333337,19.104938272222224,3.41177777777778,4.291099,4.3072114,4.2705226,4.3021727,4.316507,0,0.0,1,1.0,-0.92,22.8,77.2
2022-11-23 07:45:00,163.106808683338,139.381646744444,139.40053488888802,19.0,3.3273333333333337,26.5,2,5.1764362714980825,70.66250196097344,7,2,11,0.9659258262890684,-0.2588190451025206,0.9749279121818236,-0.2225209339563143,-0.5000000000000004,0.8660254037844384,0.0,0.0,0.0,10.9,19.6,29.75,76.5,-2.1,4.124628,0.0,1.55,19.229629606666663,26.183333333333334,26.15,26.183333333333334,26.0,26.5,-15.672666666666666,-0.1037036966666669,-0.0026666666666663,3.33,3.283333333333333,19.097530865555555,3.354222222222224,4.316507,4.291099,4.3072114,4.2705226,4.3753514,0,0.0,0,1.0,-0.94,23.6,76.4
2022-11-23 08:00:00,40.891697500004,28.373587211112,28.383309138886,19.229629606666663,3.283333333333333,26.5,1,5.1764362714980825,70.66250196097344,8,2,11,0.8660254037844387,-0.4999999999999998,0.9749279121818236,-0.2225209339563143,-0.5000000000000004,0.8660254037844384,0.0,0.0,0.0,11.4,19.4,37.0,77.0,-2.3,4.053787,0.0,1.2,18.97777778,26.5,26.183333333333334,26.15,26.183333333333334,26.5,-15.946296273333331,0.2296296066666663,-0.0440000000000004,3.3273333333333337,3.264,19.11111110111111,3.3135555555555576,4.3753514,4.316507,4.291099,4.3072114,4.310849,0,0.0,1,1.0,-0.89,21.6,78.4
2022-11-23 08:15:00,150.475369761106,135.817622644444,135.83651082222,18.97777778,3.264,26.5,2,5.1764362714980825,70.66250196097344,8,2,11,0.8660254037844387,-0.4999999999999998,0.9749279121818236,-0.2225209339563143,-0.5000000000000004,0.8660254037844384,7.5,1.875,0.625,11.175,19.6,31.25,77.75,-2.2,4.0932717,0.0,1.2,19.17777776,26.5,26.5,26.183333333333334,26.15,26.5,-15.71377778,-0.251851826666666,-0.0193333333333329,3.283333333333333,3.374,19.06913579555556,3.291555555555558,4.310849,4.3753514,4.316507,4.291099,4.362004,0,0.0,1,1.0,-0.94,23.8,76.2
2022-11-23 08:30:00,102.702836188888,66.055413211112,66.06680172221999,19.17777776,3.374,26.5,1,5.1764362714980825,70.66250196097344,8,2,11,0.8660254037844387,-0.4999999999999998,0.9749279121818236,-0.2225209339563143,-0.5000000000000004,0.8660254037844384,15.0,5.625,1.875,10.95,19.8,25.5,78.5,-2.1,4.132757,0.0,1.2,19.10925924,26.5,26.5,26.5,26.183333333333334,26.58333333333333,-15.80377776,0.1999999800000012,0.1099999999999998,3.264,3.838888888888889,19.12839504888889,3.3071111111111127,4.362004,4.310849,4.3753514,4.316507,4.3580823,0,0.0,1,1.0,-0.9,22.0,78.0
2022-11-23 08:45:00,69.879427144436,55.485558272222,55.49528018333,19.10925924,3.838888888888889,26.58333333333333,1,5.1764362714980825,70.66250196097344,8,2,11,0.8660254037844387,-0.4999999999999998,0.9749279121818236,-0.2225209339563143,-0.5000000000000004,0.8660254037844384,22.5,11.25,3.75,10.725,20.0,19.75,79.25,-2.0,4.172242,0.0,1.2,18.95370368,26.5,26.5,26.5,26.5,26.966666666666665,-15.270370351111112,-0.0685185200000013,0.4648888888888884,3.374,4.496666666666667,19.08827159333333,3.492296296296298,4.3580823,4.362004,4.310849,4.3753514,4.380533,0,0.0,0,1.0,-0.91,22.6,77.4
2022-11-23 09:00:00,880.743102216666,136.798138972222,136.819804788888,18.95370368,4.496666666666667,26.966666666666665,2,5.1764362714980825,70.66250196097344,9,2,11,0.7071067811865476,-0.7071067811865475,0.9749279121818236,-0.2225209339563143,-0.5000000000000004,0.8660254037844384,30.0,18.75,6.25,10.5,20.2,14.0,80.0,-1.9,4.211727,0.0,1.2,19.49999999,26.58333333333333,26.5,26.5,26.5,26.6,-14.457037013333334,-0.1555555599999998,0.6577777777777785,3.838888888888889,5.191333333333334,19.08024689333333,3.903185185185187,4.380533,4.3580823,4.362004,4.310849,4.462302,0,0.0,1,1.0,-0.95,24.0,76.0
2022-11-23 09:15:00,22.087727522224,0.0,0.0,19.49999999,5.191333333333334,26.6,0,5.1764362714980825,70.66250196097344,9,2,11,0.7071067811865476,-0.7071067811865475,0.9749279121818236,-0.2225209339563143,-0.5000000000000004,0.8660254037844384,60.25,31.9375,11.270833333333334,9.8,20.1,12.25,78.5,-1.625,4.290377,0.0,1.75,20.07592593333333,26.966666666666665,26.58333333333333,26.5,26.5,26.03333333333333,-14.308666656666666,0.5462963099999989,0.6946666666666665,4.496666666666667,5.712000000000001,19.187654303333336,4.508962962962965,4.462302,4.380533,4.3580823,4.362004,4.51729,1,1.0,1,0.75,-0.82,19.3,80.7
2022-11-23 09:30:00,140.916307805546,122.378993511112,122.397048405554,20.07592593333333,5.712000000000001,26.03333333333333,2,5.1764362714980825,70.66250196097344,9,2,11,0.7071067811865476,-0.7071067811865475,0.9749279121818236,-0.2225209339563143,-0.5000000000000004,0.8660254037844384,90.5,50.8125,18.8125,9.1,20.0,10.5,77.0,-1.35,4.368147,0.0,2.3,20.41111109,26.6,26.966666666666665,26.58333333333333,26.5,25.95,-14.363925933333334,0.5759259433333348,0.520666666666667,5.191333333333334,5.948,19.509876534444444,5.133333333333336,4.51729,4.462302,4.380533,4.3580823,4.591912,0,1.0,1,0.75,-0.7,15.2,84.8
2022-11-23 09:45:00,59.169577572222,44.99625566111,45.005422027774,20.41111109,5.948,25.95,1,5.1764362714980825,70.66250196097344,9,2,11,0.7071067811865476,-0.7071067811865475,0.9749279121818236,-0.2225209339563143,-0.5000000000000004,0.8660254037844384,120.75,75.375,28.875,8.4,19.9,8.75,75.5,-1.0750000000000002,4.4448767,0.0,2.85,20.55925925,26.03333333333333,26.6,26.966666666666665,26.58333333333333,25.53333333333333,-14.463111090000002,0.3351851566666681,0.2359999999999988,5.712000000000001,6.041333333333333,19.995679004444444,5.617111111111114,4.591912,4.51729,4.462302,4.380533,4.5573983,0,1.0,1,0.75,-0.62,13.1,86.9
2022-11-23 10:00:00,87.691214527774,57.289930527778,57.301041216666,20.55925925,6.041333333333333,25.53333333333333,1,5.1764362714980825,70.66250196097344,10,2,11,0.4999999999999999,-0.8660254037844387,0.9749279121818236,-0.2225209339563143,-0.5000000000000004,0.8660254037844384,151.0,105.625,41.458333333333336,7.7,19.8,7.0,74.0,-0.8,4.5204005,0.0,3.4,20.41111112,25.95,26.03333333333333,26.6,26.966666666666665,25.85,-14.517925916666666,0.148148159999998,0.0933333333333337,5.948,6.34,20.348765424444448,5.900444444444447,4.5573983,4.591912,4.51729,4.462302,4.574217,0,1.0,0,0.75,-0.59,12.3,87.7
2022-11-23 10:15:00,144.654491538882,110.650851588888,110.666128794442,20.41111112,6.34,25.85,2,5.1764362714980825,70.66250196097344,10,2,11,0.4999999999999999,-0.8660254037844387,0.9749279121818236,-0.2225209339563143,-0.5000000000000004,0.8660254037844384,184.0,136.5625,56.79166666666666,7.775,20.075,7.75,72.25,-0.675,4.5558577,0.0,3.875,20.40740741666667,25.53333333333333,25.95,26.03333333333333,26.6,25.816666666666663,-14.071111119999998,-0.1481481300000027,0.2986666666666666,6.041333333333333,6.514,20.46049382,6.109777777777779,4.574217,4.5573983,4.591912,4.51729,4.5673313,0,0.0,1,1.0,-0.62,13.1,86.9
2022-11-23 10:30:00,16.000748627786,0.0,0.0,20.40740741666667,6.514,25.816666666666663,0,5.1764362714980825,70.66250196097344,10,2,11,0.4999999999999999,-0.8660254037844387,0.9749279121818236,-0.2225209339563143,-0.5000000000000004,0.8660254037844384,217.0,168.1875,74.875,7.85,20.35,8.5,70.5,-0.55,4.5883226,0.0,4.35,20.7722222,25.85,25.53333333333333,25.95,26.03333333333333,25.45,-13.893407416666667,-0.0037037033333291,0.1740000000000003,6.34,6.821333333333333,20.459259262222226,6.298444444444447,4.5673313,4.574217,4.5573983,4.591912,4.5992303,1,1.0,1,0.75,-0.62,13.1,86.9
2022-11-23 10:45:00,130.622275099992,118.5594241,118.577479011108,20.7722222,6.821333333333333,25.45,2,5.1764362714980825,70.66250196097344,10,2,11,0.4999999999999999,-0.8660254037844387,0.9749279121818236,-0.2225209339563143,-0.5000000000000004,0.8660254037844384,250.0,200.5,95.70833333333331,7.925,20.625,9.25,68.75,-0.425,4.617598,0.0,4.824999999999999,20.88518519333333,25.816666666666663,25.85,25.53333333333333,25.95,25.03333333333333,-13.950888866666666,0.3648147833333297,0.3073333333333323,6.514,7.574,20.53024691222222,6.558444444444446,4.5992303,4.5673313,4.574217,4.5573983,4.553761,0,1.0,1,0.75,-0.54,11.1,88.9
2022-11-23 11:00:00,67.421747588884,43.347710488888,43.355765749998,20.88518519333333,7.574,25.03333333333333,1,5.1764362714980825,70.66250196097344,11,2,11,0.258819045102521,-0.9659258262890682,0.9749279121818236,-0.2225209339563143,-0.5000000000000004,0.8660254037844384,283.0,233.5,119.29166666666669,8.0,20.9,10.0,67.0,-0.3,4.643473,0.0,5.3,20.85555557,25.45,25.816666666666663,25.85,25.53333333333333,25.05,-13.311185193333332,0.1129629933333333,0.7526666666666673,6.821333333333333,7.569333333333333,20.68827160333333,6.96977777777778,4.553761,4.5992303,4.5673313,4.574217,4.5489464,0,1.0,1,0.75,-0.52,10.6,89.4
2022-11-23 11:15:00,74.231475155552,61.473929844444,61.485040566664,20.85555557,7.569333333333333,25.05,1,5.1764362714980825,70.66250196097344,11,2,11,0.258819045102521,-0.9659258262890682,0.9749279121818236,-0.2225209339563143,-0.5000000000000004,0.8660254037844384,307.5,264.375,144.29166666666666,8.95,22.775,21.0,65.0,-0.475,4.594719,0.0,5.6,20.516666696666668,25.03333333333333,25.45,25.816666666666663,25.85,25.466666666666665,-13.286222236666667,-0.0296296233333315,-0.004666666666667,7.574,7.492,20.837654321111117,7.321555555555558,4.5489464,4.553761,4.5992303,4.5673313,4.5342245,0,1.0,0,0.75,-0.52,10.7,89.3
2022-11-23 11:30:00,469.178176605554,109.383957783334,109.401179344444,20.516666696666668,7.492,25.466666666666665,2,5.1764362714980825,70.66250196097344,11,2,11,0.258819045102521,-0.9659258262890682,0.9749279121818236,-0.2225209339563143,-0.5000000000000004,0.8660254037844384,332.0,293.125,170.70833333333334,9.9,24.65,32.0,63.0,-0.6499999999999999,4.5419517,0.0,5.9,20.43333331,25.05,25.03333333333333,25.45,25.816666666666663,25.5,-13.024666696666667,-0.3388888733333317,-0.0773333333333328,7.569333333333333,7.640666666666666,20.752469153333333,7.545111111111113,4.5342245,4.5489464,4.553761,4.5992303,4.51814,0,0.0,1,1.0,-0.6,12.5,87.5
2022-11-23 11:45:00,38.992607099992,0.0,0.0,20.43333331,7.640666666666666,25.5,0,5.1764362714980825,70.66250196097344,11,2,11,0.258819045102521,-0.9659258262890682,0.9749279121818236,-0.2225209339563143,-0.5000000000000004,0.8660254037844384,356.5,319.75,198.54166666666663,10.85,26.525,43.0,61.0,-0.825,4.4850454,0.0,6.2,20.43518517,25.466666666666665,25.05,25.03333333333333,25.45,25.683333333333334,-12.792666643333336,-0.0833333866666663,0.1486666666666662,7.492,7.592666666666667,20.60185185888889,7.567333333333335,4.51814,4.5342245,4.5489464,4.553761,4.5511146,1,1.0,1,0.75,-0.62,13.0,87.0
2022-11-23 12:00:00,122.440657794442,107.385426611112,107.4015371,20.43518517,7.592666666666667,25.683333333333334,2,5.1764362714980825,70.66250196097344,12,2,11,1.2246467991473532e-16,-1.0,0.9749279121818236,-0.2225209339563143,-0.5000000000000004,0.8660254037844384,381.0,344.25,227.79166666666663,11.8,28.4,54.0,59.0,-1.0,4.423877,0.0,6.5,20.35555553,25.5,25.466666666666665,25.05,25.03333333333333,25.95,-12.842518503333334,0.0018518599999985,-0.0479999999999991,7.640666666666666,7.395333333333334,20.461728392222224,7.575111111111113,4.5511146,4.51814,4.5342245,4.5489464,4.5770416,0,1.0,1,0.75,-0.62,13.0,87.0
2022-11-23 12:15:00,61.065612844444,49.046926927778,49.057482088888,20.35555553,7.395333333333334,25.95,1,5.1764362714980825,70.66250196097344,12,2,11,1.2246467991473532e-16,-1.0,0.9749279121818236,-0.2225209339563143,-0.5000000000000004,0.8660254037844384,369.5,359.75,253.5625,11.775,28.4,65.25,58.75,-0.975,4.433964,0.0,6.6,20.68333334,25.683333333333334,25.5,25.466666666666665,25.05,25.53333333333333,-12.960222196666669,-0.0796296400000002,-0.1973333333333329,7.592666666666667,7.318666666666667,20.408024670000003,7.542888888888892,4.5770416,4.5511146,4.51814,4.5342245,4.59047,0,1.0,1,0.75,-0.63,13.4,86.6
2022-11-23 12:30:00,60.195647711108,42.207756072222,42.218033494442,20.68333334,7.318666666666667,25.53333333333333,1,5.1764362714980825,70.66250196097344,12,2,11,1.2246467991473532e-16,-1.0,0.9749279121818236,-0.2225209339563143,-0.5000000000000004,0.8660254037844384,358.0,366.25,275.8541666666667,11.75,28.4,76.5,58.5,-0.95,4.4439697,0.0,6.7,21.083333340000003,25.95,25.683333333333334,25.5,25.466666666666665,25.2,-13.364666673333334,0.3277778100000006,-0.0766666666666671,7.395333333333334,7.482666666666666,20.491358013333336,7.435555555555559,4.59047,4.5770416,4.5511146,4.51814,4.6371655,0,1.0,0,0.75,-0.56,11.6,88.4
2022-11-23 12:45:00,111.23055068333,92.746845544444,92.76073392222,21.083333340000003,7.482666666666666,25.2,2,5.1764362714980825,70.66250196097344,12,2,11,1.2246467991473532e-16,-1.0,0.9749279121818236,-0.2225209339563143,-0.5000000000000004,0.8660254037844384,346.5,363.75,294.6666666666667,11.725,28.4,87.75,58.25,-0.925,4.453894,0.0,6.800000000000001,21.0314815,25.53333333333333,25.95,25.683333333333334,25.5,25.466666666666665,-13.600666673333336,0.4000000000000021,0.1639999999999988,7.318666666666667,7.204,20.707407403333335,7.398888888888891,4.6371655,4.59047,4.5770416,4.5511146,4.6721454,0,0.0,1,1.0,-0.47,9.6,90.4
2022-11-23 13:00:00,31.794283977768,0.0,0.0,21.0314815,7.204,25.466666666666665,0,5.1764362714980825,70.66250196097344,13,2,11,-0.2588190451025208,-0.9659258262890684,0.9749279121818236,-0.2225209339563143,-0.5000000000000004,0.8660254037844384,335.0,352.25,310.0,11.7,28.4,99.0,58.0,-0.9,4.4637337,0.0,6.9,20.94999999,25.2,25.53333333333333,25.95,25.683333333333334,25.2,-13.827481499999998,-0.0518518400000047,-0.2786666666666662,7.482666666666666,7.262,20.93271606,7.335111111111114,4.6721454,4.6371655,4.59047,4.5770416,4.601386,1,1.0,1,0.75,-0.48,9.8,90.2
2022-11-23 13:15:00,135.494302294442,106.8640586,106.880446911108,20.94999999,7.262,25.2,2,5.1764362714980825,70.66250196097344,13,2,11,-0.2588190451025208,-0.9659258262890684,0.9749279121818236,-0.2225209339563143,-0.5000000000000004,0.8660254037844384,304.0,335.875,320.0,11.525,28.325,99.0,58.0,-0.875,4.4564786,0.0,6.875,20.644444476666667,25.466666666666665,25.2,25.53333333333333,25.95,25.466666666666665,-13.687999989999998,-0.0814815099999997,0.0580000000000007,7.204,7.346666666666667,21.021604943333333,7.316222222222223,4.601386,4.6721454,4.6371655,4.59047,4.568124,0,1.0,1,0.75,-0.5,10.2,89.8
2022-11-23 13:30:00,68.721417833328,47.037007327778,47.046451449998,20.644444476666667,7.346666666666667,25.466666666666665,1,5.1764362714980825,70.66250196097344,13,2,11,-0.2588190451025208,-0.9659258262890684,0.9749279121818236,-0.2225209339563143,-0.5000000000000004,0.8660254037844384,273.0,314.625,324.6666666666667,11.35,28.25,99.0,58.0,-0.8500000000000001,4.4492354,0.0,6.85,20.41666669,25.2,25.466666666666665,25.2,25.53333333333333,25.85,-13.29777781,-0.3055555133333314,0.0846666666666662,7.262,7.452,20.875308655555557,7.270888888888891,4.568124,4.601386,4.6721454,4.6371655,4.5757008,0,1.0,1,0.75,-0.57,11.8,88.2
2022-11-23 13:45:00,64.607415699996,52.38096026111,52.392071016662,20.41666669,7.452,25.85,1,5.1764362714980825,70.66250196097344,13,2,11,-0.2588190451025208,-0.9659258262890684,0.9749279121818236,-0.2225209339563143,-0.5000000000000004,0.8660254037844384,242.0,288.5,324.0,11.175,28.175,99.0,58.0,-0.8250000000000001,4.4420013,0.0,6.825,20.161111126666665,25.466666666666665,25.2,25.466666666666665,25.2,26.0,-12.96466669,-0.2277777866666674,0.1053333333333332,7.346666666666667,7.524,20.67037038555556,7.353555555555558,4.5757008,4.568124,4.601386,4.6721454,4.5340466,0,1.0,0,0.75,-0.62,13.1,86.9
2022-11-23 14:00:00,123.743661372214,111.668588644444,111.68719908333,20.161111126666665,7.524,26.0,2,5.1764362714980825,70.66250196097344,14,2,11,-0.4999999999999997,-0.8660254037844388,0.9749279121818236,-0.2225209339563143,-0.5000000000000004,0.8660254037844384,211.0,257.5,318.0,11.0,28.1,99.0,58.0,-0.8,4.4347787,0.0,6.8,20.08333332,25.85,25.466666666666665,25.2,25.466666666666665,26.05,-12.637111126666664,-0.2555555633333348,0.072,7.452,7.682666666666666,20.40740743111111,7.44088888888889,4.5340466,4.5757008,4.568124,4.601386,4.522142,0,0.0,1,1.0,-0.68,14.7,85.3
2022-11-23 14:15:00,35.586632177772,11.391766544444,11.397321955552,20.08333332,7.682666666666666,26.05,1,5.1764362714980825,70.66250196097344,14,2,11,-0.4999999999999997,-0.8660254037844388,0.9749279121818236,-0.2225209339563143,-0.5000000000000004,0.8660254037844384,204.75,232.6875,309.4375,10.925,27.55,99.0,58.25,-0.75,4.461148,0.0,6.825,19.811111083333333,26.0,25.85,25.466666666666665,25.2,26.466666666666665,-12.400666653333335,-0.0777778066666634,0.158666666666666,7.524,7.778,20.22037037888889,7.552888888888891,4.522142,4.5340466,4.5757008,4.568124,4.521786,0,0.0,1,1.0,-0.69,15.1,84.9
2022-11-23 14:30:00,147.471600949998,120.185470172222,120.201580677776,19.811111083333333,7.778,26.466666666666665,2,5.1764362714980825,70.66250196097344,14,2,11,-0.4999999999999997,-0.8660254037844388,0.9749279121818236,-0.2225209339563143,-0.5000000000000004,0.8660254037844384,198.5,214.0625,298.3125,10.85,27.0,99.0,58.5,-0.7,4.487591,0.0,6.85,19.82777778,26.05,26.0,25.85,25.466666666666665,26.5,-12.033111083333331,-0.2722222366666678,0.0953333333333343,7.682666666666666,7.766,20.018518510000003,7.661555555555558,4.521786,4.522142,4.5340466,4.5757008,4.5319066,0,0.0,1,1.0,-0.75,17.0,83.0
2022-11-23 14:45:00,62.438613705546,34.943046655556,34.952213038886,19.82777778,7.766,26.5,1,5.1764362714980825,70.66250196097344,14,2,11,-0.4999999999999997,-0.8660254037844388,0.9749279121818236,-0.2225209339563143,-0.5000000000000004,0.8660254037844384,192.25,201.625,284.625,10.775,26.45,99.0,58.75,-0.65,4.5141053,0.0,6.875,19.70370373333333,26.466666666666665,26.05,26.0,25.85,26.5,-12.061777780000002,0.0166666966666682,-0.0120000000000004,7.778,7.56,19.907407394444448,7.742222222222225,4.5319066,4.521786,4.522142,4.5340466,4.4990387,0,0.0,1,1.0,-0.75,16.8,83.2
2022-11-23 15:00:00,99.623514949998,78.2568696,78.26964692222,19.70370373333333,7.56,26.5,2,5.1764362714980825,70.66250196097344,15,2,11,-0.7071067811865471,-0.7071067811865479,0.9749279121818236,-0.2225209339563143,-0.5000000000000004,0.8660254037844384,186.0,195.375,268.375,10.7,25.9,99.0,59.0,-0.6,4.540695,0.0,6.9,19.64444448,26.5,26.466666666666665,26.05,26.0,26.8,-12.143703733333336,-0.1240740466666672,-0.2060000000000004,7.766,7.468000000000001,19.78086419888889,7.701333333333335,4.4990387,4.5319066,4.521786,4.522142,4.534171,0,0.0,1,1.0,-0.78,17.8,82.2
2022-11-23 15:15:00,109.852272333336,95.061752927778,95.076196783334,19.64444448,7.468000000000001,26.8,2,5.1764362714980825,70.66250196097344,15,2,11,-0.7071067811865471,-0.7071067811865479,0.9749279121818236,-0.2225209339563143,-0.5000000000000004,0.8660254037844384,167.75,186.125,251.5625,10.45,25.725,99.25,59.25,-0.575,4.5451236,0.0,6.8500000000000005,19.68888892,26.5,26.5,26.466666666666665,26.05,26.716666666666665,-12.17644448,-0.0592592533333338,-0.0919999999999987,7.56,7.5,19.725308664444448,7.598000000000002,4.534171,4.4990387,4.5319066,4.521786,4.5318813,0,0.0,0,1.0,-0.79,18.2,81.8
2022-11-23 15:30:00,60.017876922224,47.959192672222,47.969470077776,19.68888892,7.5,26.716666666666665,1,5.1764362714980825,70.66250196097344,15,2,11,-0.7071067811865471,-0.7071067811865479,0.9749279121818236,-0.2225209339563143,-0.5000000000000004,0.8660254037844384,149.5,173.875,234.1875,10.2,25.55,99.5,59.5,-0.55,4.549472,0.0,6.800000000000001,19.49999999,26.8,26.5,26.5,26.466666666666665,27.0,-12.18888892,0.0444444399999994,0.0319999999999991,7.468000000000001,7.430666666666667,19.67901237777778,7.509333333333335,4.5318813,4.534171,4.4990387,4.5319066,4.529404,0,0.0,1,1.0,-0.78,17.8,82.2
2022-11-23 15:45:00,148.34517720555,129.695367511112,129.7131446,19.49999999,7.430666666666667,27.0,2,5.1764362714980825,70.66250196097344,15,2,11,-0.7071067811865471,-0.7071067811865479,0.9749279121818236,-0.2225209339563143,-0.5000000000000004,0.8660254037844384,131.25,158.625,216.25,9.95,25.375,99.75,59.75,-0.525,4.553736,0.0,6.75,19.631481493333336,26.716666666666665,26.8,26.5,26.5,26.816666666666663,-12.069333323333332,-0.1888889300000009,-0.0693333333333328,7.5,7.354,19.61111113,7.466222222222225,4.529404,4.5318813,4.534171,4.4990387,4.5335383,0,0.0,1,1.0,-0.82,19.3,80.7
2022-11-23 16:00:00,36.637701249994,0.0,0.0,19.631481493333336,7.354,26.816666666666663,0,5.1764362714980825,70.66250196097344,16,2,11,-0.8660254037844385,-0.5000000000000004,0.9749279121818236,-0.2225209339563143,-0.5000000000000004,0.8660254037844384,113.0,140.375,197.75,9.7,25.2,100.0,60.0,-0.5,4.5579185,0.0,6.7,19.4222222,27.0,26.716666666666665,26.8,26.5,26.85,-12.277481493333337,0.1314815033333367,-0.0766666666666671,7.430666666666667,7.319999999999999,19.606790134444445,7.428222222222224,4.5335383,4.529404,4.5318813,4.534171,4.4836864,1,1.0,1,0.75,-0.79,18.3,81.7
2022-11-23 16:15:00,142.77345556666398,115.367607311112,115.3845511,19.4222222,7.319999999999999,26.85,2,5.1764362714980825,70.66250196097344,16,2,11,-0.8660254037844385,-0.5000000000000004,0.9749279121818236,-0.2225209339563143,-0.5000000000000004,0.8660254037844384,99.25,123.25,180.6875,9.1,24.75,82.0,61.5,-0.375,4.6113296,0.0,6.5,19.48703705333333,26.816666666666663,27.0,26.716666666666665,26.8,27.0,-12.1022222,-0.2092592933333357,-0.0340000000000006,7.354,7.116666666666666,19.51790122777778,7.368222222222225,4.4836864,4.5335383,4.529404,4.5318813,4.525954,0,1.0,1,0.75,-0.84,19.9,80.1
2022-11-23 16:30:00,97.216111266664,81.08147887777601,81.096200538886,19.48703705333333,7.116666666666666,27.0,2,5.1764362714980825,70.66250196097344,16,2,11,-0.8660254037844385,-0.5000000000000004,0.9749279121818236,-0.2225209339563143,-0.5000000000000004,0.8660254037844384,85.5,107.25,165.0625,8.5,24.3,64.0,63.0,-0.25,4.6624894,0.0,6.300000000000001,19.5666667,26.85,26.816666666666663,27.0,26.716666666666665,27.0,-12.370370386666664,0.0648148533333312,-0.2033333333333331,7.319999999999999,6.832,19.51358024888889,7.263555555555558,4.525954,4.4836864,4.5335383,4.529404,4.547186,0,1.0,0,0.75,-0.82,19.4,80.6
2022-11-23 16:45:00,78.39103098333,57.5526978,57.562697466664,19.5666667,6.832,27.0,1,5.1764362714980825,70.66250196097344,16,2,11,-0.8660254037844385,-0.5000000000000004,0.9749279121818236,-0.2225209339563143,-0.5000000000000004,0.8660254037844384,71.75,92.375,150.875,7.899999999999999,23.85,46.0,64.5,-0.125,4.7114434,0.0,6.1000000000000005,19.388888856666664,27.0,26.85,26.816666666666663,27.0,27.0,-12.734666699999998,0.0796296466666675,-0.2846666666666664,7.116666666666666,6.638,19.491975317777776,7.089555555555557,4.547186,4.525954,4.4836864,4.5335383,4.4999027,0,1.0,1,0.75,-0.81,18.7,81.3
2022-11-23 17:00:00,141.40045492222,129.428433772222,129.44537756111,19.388888856666664,6.638,27.0,2,5.1764362714980825,70.66250196097344,17,2,11,-0.9659258262890684,-0.2588190451025206,0.9749279121818236,-0.2225209339563143,-0.5000000000000004,0.8660254037844384,58.0,78.625,138.125,7.3,23.4,28.0,66.0,0.0,4.7582355,0.0,5.9,19.53888887,27.0,27.0,26.85,26.816666666666663,27.0,-12.750888856666664,-0.1777778433333345,-0.1939999999999999,6.832,6.343333333333334,19.480864203333336,6.862222222222225,4.4999027,4.547186,4.525954,4.4836864,4.5397696,0,0.0,1,1.0,-0.85,20.2,79.8
2022-11-23 17:15:00,23.540724950002,11.510650688888,11.515650538886,19.53888887,6.343333333333334,27.0,1,5.1764362714980825,70.66250196097344,17,2,11,-0.9659258262890684,-0.2588190451025206,0.9749279121818236,-0.2225209339563143,-0.5000000000000004,0.8660254037844384,46.0,65.3125,124.89583333333331,7.0,21.325,23.0,69.75,0.0,4.7943764,0.0,5.175000000000001,19.362962976666665,27.0,27.0,27.0,26.85,27.183333333333334,-13.195555536666667,0.1500000133333365,-0.2946666666666662,6.638,5.726,19.49814814222222,6.604444444444447,4.5397696,4.4999027,4.547186,4.525954,4.523549,0,0.0,1,1.0,-0.81,18.9,81.1
2022-11-23 17:30:00,169.22656398333402,132.371927111112,132.38942646111002,19.362962976666665,5.726,27.183333333333334,2,5.1764362714980825,70.66250196097344,17,2,11,-0.9659258262890684,-0.2588190451025206,0.9749279121818236,-0.2225209339563143,-0.5000000000000004,0.8660254037844384,34.0,52.4375,111.1875,6.699999999999999,19.25,18.0,73.5,0.0,4.8154445,0.0,4.45,19.4666667,27.0,27.0,27.0,27.0,27.5,-13.636962976666666,-0.1759258933333356,-0.6173333333333337,6.343333333333334,5.472,19.430246901111108,6.23577777777778,4.523549,4.5397696,4.4999027,4.547186,4.604249,0,0.0,1,1.0,-0.85,20.3,79.7
2022-11-23 17:45:00,80.080685694438,52.349294844444,52.359850055552,19.4666667,5.472,27.5,1,5.1764362714980825,70.66250196097344,17,2,11,-0.9659258262890684,-0.2588190451025206,0.9749279121818236,-0.2225209339563143,-0.5000000000000004,0.8660254037844384,22.0,40.0,97.0,6.4,17.174999999999997,13.0,77.25,0.0,4.822617,0.0,3.725,19.401851846666663,27.183333333333334,27.0,27.0,27.0,27.5,-13.994666700000002,0.1037037233333357,-0.2540000000000004,5.726,5.476,19.45617284888889,5.847111111111114,4.604249,4.523549,4.5397696,4.4999027,4.5867305,0,0.0,1,1.0,-0.83,19.4,80.6
2022-11-23 18:00:00,96.216429055552,82.286430611112,82.299207916666,19.401851846666663,5.476,27.5,2,5.1764362714980825,70.66250196097344,18,2,11,-1.0,-1.8369701987210294e-16,0.9749279121818236,-0.2225209339563143,-0.5000000000000004,0.8660254037844384,10.0,28.0,82.33333333333333,6.1,15.1,8.0,81.0,0.0,4.81701,0.0,3.0,19.355555560000003,27.5,27.183333333333334,27.0,27.0,27.5,-13.925851846666667,-0.0648148533333348,0.0040000000000004,5.472,5.391333333333334,19.410493841111112,5.5580000000000025,4.5867305,4.604249,4.523549,4.5397696,4.574252,0,0.0,1,1.0,-0.84,20.0,80.0
2022-11-23 18:15:00,148.247403249998,125.780801883334,125.796634649998,19.355555560000003,5.391333333333334,27.5,2,5.1764362714980825,70.66250196097344,18,2,11,-1.0,-1.8369701987210294e-16,0.9749279121818236,-0.2225209339563143,-0.5000000000000004,0.8660254037844384,7.5,18.375,68.97916666666667,5.824999999999999,13.925,9.25,79.0,-0.175,4.7615767,0.0,3.2,19.503703713333334,27.5,27.5,27.183333333333334,27.0,27.5,-13.964222226666667,-0.0462962866666636,-0.0846666666666662,5.476,5.136666666666667,19.408024702222225,5.446444444444446,4.574252,4.5867305,4.604249,4.523549,4.6142864,0,0.0,0,1.0,-0.85,20.3,79.7
2022-11-23 18:30:00,26.591436416662,13.066144016666,13.072810499996,19.503703713333334,5.136666666666667,27.5,1,5.1764362714980825,70.66250196097344,18,2,11,-1.0,-1.8369701987210294e-16,0.9749279121818236,-0.2225209339563143,-0.5000000000000004,0.8660254037844384,5.0,11.125,56.9375,5.55,12.75,10.5,77.0,-0.35,4.7036595,0.0,3.4,19.266666670000003,27.5,27.5,27.5,27.183333333333334,27.85,-14.367037046666669,0.1481481533333308,-0.254666666666667,5.391333333333334,4.652,19.42037037333333,5.334666666666668,4.6142864,4.574252,4.5867305,4.604249,4.608289,0,0.0,1,1.0,-0.82,19.1,80.9
2022-11-23 18:45:00,145.602509066664,133.4554949,133.473827533332,19.266666670000003,4.652,27.85,2,5.1764362714980825,70.66250196097344,18,2,11,-1.0,-1.8369701987210294e-16,0.9749279121818236,-0.2225209339563143,-0.5000000000000004,0.8660254037844384,2.5,6.25,46.208333333333336,5.275,11.575,11.75,75.0,-0.5249999999999999,4.6432076,0.0,3.6,19.42407405333333,27.5,27.5,27.5,27.5,27.816666666666663,-14.614666670000002,-0.2370370433333306,-0.4846666666666666,5.136666666666667,4.328666666666667,19.375308647777786,5.060000000000002,4.608289,4.6142864,4.574252,4.5867305,4.645616,0,0.0,1,1.0,-0.87,21.0,79.0
2022-11-23 19:00:00,106.453797227778,74.259251744444,74.26925136111,19.42407405333333,4.328666666666667,27.816666666666663,2,5.1764362714980825,70.66250196097344,19,2,11,-0.9659258262890684,0.2588190451025203,0.9749279121818236,-0.2225209339563143,-0.5000000000000004,0.8660254037844384,0.0,3.75,36.79166666666666,5.0,10.4,13.0,73.0,-0.7,4.5801725,0.0,3.8,19.43333334,27.85,27.5,27.5,27.5,27.55,-15.095407386666668,0.1574073833333322,-0.3233333333333332,4.652,4.044666666666667,19.39814814555556,4.705777777777779,4.645616,4.608289,4.6142864,4.574252,4.6035876,0,0.0,0,1.0,-0.83,19.7,80.3
2022-11-23 19:15:00,89.063104133328,57.106049016666,57.11604868333,19.43333334,4.044666666666667,27.55,1,5.1764362714980825,70.66250196097344,19,2,11,-0.9659258262890684,0.2588190451025203,0.9749279121818236,-0.2225209339563143,-0.5000000000000004,0.8660254037844384,0.0,1.875,28.52083333333333,4.325,9.5,16.75,75.0,-0.875,4.528071,0.0,3.225,19.2425926,27.816666666666663,27.85,27.5,27.5,27.966666666666665,-15.388666673333333,0.0092592866666656,-0.2839999999999998,4.328666666666667,3.7826666666666666,19.374691354444447,4.34177777777778,4.6035876,4.645616,4.608289,4.6142864,4.6210365,0,0.0,1,1.0,-0.83,19.7,80.3
2022-11-23 19:30:00,167.721624383326,152.928049316666,152.94777076111,19.2425926,3.7826666666666666,27.966666666666665,2,5.1764362714980825,70.66250196097344,19,2,11,-0.9659258262890684,0.2588190451025203,0.9749279121818236,-0.2225209339563143,-0.5000000000000004,0.8660254037844384,0.0,0.625,21.39583333333333,3.65,8.6,20.5,77.0,-1.0499999999999998,4.4725504,0.0,2.65,19.46666668,27.55,27.816666666666663,27.85,27.5,27.65,-15.459925933333334,-0.1907407399999989,-0.2620000000000004,4.044666666666667,3.4886666666666666,19.36666666444445,4.052000000000002,4.6210365,4.6035876,4.645616,4.608289,4.6293626,0,0.0,1,1.0,-0.88,21.2,78.8
2022-11-23 19:45:00,29.013839366668,12.259509616666,12.265898327774,19.46666668,3.4886666666666666,27.65,1,5.1764362714980825,70.66250196097344,19,2,11,-0.9659258262890684,0.2588190451025203,0.9749279121818236,-0.2225209339563143,-0.5000000000000004,0.8660254037844384,0.0,0.0,15.416666666666666,2.975,7.699999999999999,24.25,79.0,-1.225,4.4139075,0.0,2.075,19.28703703333333,27.966666666666665,27.55,27.816666666666663,27.85,27.683333333333334,-15.978000013333332,0.2240740799999976,-0.294,3.7826666666666666,3.0773333333333333,19.38086420666667,3.772000000000002,4.6293626,4.6210365,4.6035876,4.645616,4.58621,0,0.0,1,1.0,-0.83,19.4,80.6
2022-11-23 20:00:00,149.716233511104,129.9906335,130.00868836111,19.28703703333333,3.0773333333333333,27.683333333333334,2,5.1764362714980825,70.66250196097344,20,2,11,-0.8660254037844386,0.5000000000000001,0.9749279121818236,-0.2225209339563143,-0.5000000000000004,0.8660254037844384,0.0,0.0,10.583333333333334,2.3,6.8,28.0,81.0,-1.4,4.352424,0.0,1.5,19.36111109,27.65,27.966666666666665,27.55,27.816666666666663,27.65,-16.209703700000002,-0.1796296466666653,-0.4113333333333333,3.4886666666666666,2.5766666666666667,19.33209877111111,3.4495555555555577,4.58621,4.6293626,4.6210365,4.6035876,4.6007056,0,0.0,1,1.0,-0.87,20.9,79.1
2022-11-23 20:15:00,80.79871232222399,68.709195988888,68.721417799996,19.36111109,2.5766666666666667,27.65,1,5.1764362714980825,70.66250196097344,20,2,11,-0.8660254037844386,0.5000000000000001,0.9749279121818236,-0.2225209339563143,-0.5000000000000004,0.8660254037844384,0.0,0.0,6.75,2.625,6.8,21.0,81.25,-1.35,4.3732896,0.0,1.525,19.342592576666668,27.683333333333334,27.65,27.966666666666665,27.55,27.5,-16.784444423333333,0.0740740566666673,-0.5006666666666666,3.0773333333333333,2.2373333333333334,19.37160493444445,3.0475555555555576,4.6007056,4.58621,4.6293626,4.6210365,4.570763,0,0.0,1,1.0,-0.85,20.3,79.7
2022-11-23 20:30:00,100.846521527778,76.9194231,76.933033772218,19.342592576666668,2.2373333333333334,27.5,2,5.1764362714980825,70.66250196097344,20,2,11,-0.8660254037844386,0.5000000000000001,0.9749279121818236,-0.2225209339563143,-0.5000000000000004,0.8660254037844384,0.0,0.0,3.9166666666666665,2.95,6.8,14.0,81.5,-1.2999999999999998,4.3942122,0.0,1.55,19.23888889,27.65,27.683333333333334,27.65,27.966666666666665,27.8,-17.105259243333336,-0.0185185133333334,-0.3393333333333332,2.5766666666666667,1.9806666666666668,19.3302469,2.6304444444444464,4.570763,4.6007056,4.58621,4.6293626,4.592496,0,0.0,1,1.0,-0.86,20.4,79.6
2022-11-23 20:45:00,190.209335788888,150.815356027778,150.834521977776,19.23888889,1.9806666666666668,27.8,2,5.1764362714980825,70.66250196097344,20,2,11,-0.8660254037844386,0.5000000000000001,0.9749279121818236,-0.2225209339563143,-0.5000000000000004,0.8660254037844384,0.0,0.0,2.083333333333333,3.275,6.8,7.0,81.75,-1.25,4.415191,0.0,1.5750000000000002,19.4925926,27.5,27.65,27.683333333333334,27.65,27.53333333333333,-17.25822222333333,-0.1037036866666696,-0.2566666666666666,2.2373333333333334,1.736,19.31419751888889,2.264888888888891,4.592496,4.570763,4.6007056,4.58621,4.616863,0,0.0,0,1.0,-0.88,21.3,78.7
2022-11-23 21:00:00,33.025901177776,17.480411872222,17.487911655551997,19.4925926,1.736,27.53333333333333,1,5.1764362714980825,70.66250196097344,21,2,11,-0.7071067811865477,0.7071067811865474,0.9749279121818236,-0.2225209339563143,-0.5000000000000004,0.8660254037844384,0.0,0.0,1.25,3.6,6.8,0.0,82.0,-1.2,4.4362273,0.0,1.6,19.27222223,27.8,27.5,27.65,27.683333333333334,27.5,-17.7565926,0.2537037100000034,-0.2446666666666668,1.9806666666666668,1.442,19.35802468888889,1.984666666666669,4.616863,4.592496,4.570763,4.6007056,4.551865,0,0.0,1,1.0,-0.82,19.2,80.8
2022-11-23 21:15:00,157.337595311104,145.214746727778,145.234190449998,19.27222223,1.442,27.5,2,5.1764362714980825,70.66250196097344,21,2,11,-0.7071067811865477,0.7071067811865474,0.9749279121818236,-0.2225209339563143,-0.5000000000000004,0.8660254037844384,0.0,0.0,0.625,3.975,7.35,0.0,83.0,-1.35,4.3920717,0.0,1.275,19.43518521,27.53333333333333,27.8,27.5,27.65,27.5,-17.83022223,-0.2203703700000012,-0.294,1.736,1.3586666666666667,19.334567906666667,1.7195555555555575,4.551865,4.616863,4.592496,4.570763,4.5957327,0,0.0,1,1.0,-0.87,21.0,79.0
2022-11-23 21:30:00,85.99211584444001,63.642176411112,63.652176077776005,19.43518521,1.3586666666666667,27.5,1,5.1764362714980825,70.66250196097344,21,2,11,-0.7071067811865477,0.7071067811865474,0.9749279121818236,-0.2225209339563143,-0.5000000000000004,0.8660254037844384,0.0,0.0,0.2083333333333333,4.35,7.9,0.0,84.0,-1.5,4.3474607,0.0,0.95,19.37777777,27.5,27.53333333333333,27.8,27.5,27.55,-18.07651854333333,0.1629629799999996,-0.0833333333333332,1.442,1.2933333333333332,19.400000013333337,1.512222222222224,4.5957327,4.551865,4.616863,4.592496,4.588566,0,0.0,1,1.0,-0.83,19.7,80.3
2022-11-23 21:45:00,84.966878972222,70.824666866668,70.83661092221999,19.37777777,1.2933333333333332,27.55,2,5.1764362714980825,70.66250196097344,21,2,11,-0.7071067811865477,0.7071067811865474,0.9749279121818236,-0.2225209339563143,-0.5000000000000004,0.8660254037844384,0.0,0.0,0.0,4.725,8.45,0.0,85.0,-1.65,4.3024325,0.0,0.625,19.207407386666667,27.5,27.5,27.53333333333333,27.8,27.78333333333333,-18.08444443666667,-0.0574074399999986,-0.0653333333333334,1.3586666666666667,1.008,19.36172840333333,1.364666666666669,4.588566,4.5957327,4.551865,4.616863,4.5812383,0,0.0,1,1.0,-0.85,20.1,79.9
2022-11-23 22:00:00,163.841223938886,141.094356,141.11407746111,19.207407386666667,1.008,27.78333333333333,2,5.1764362714980825,70.66250196097344,22,2,11,-0.5000000000000004,0.8660254037844384,0.9749279121818236,-0.2225209339563143,-0.5000000000000004,0.8660254037844384,0.0,0.0,0.0,5.1,9.0,0.0,86.0,-1.8,4.2570214,0.0,0.3,19.37777774,27.55,27.5,27.5,27.53333333333333,27.5,-18.199407386666667,-0.1703703833333349,-0.2853333333333332,1.2933333333333332,0.9013333333333332,19.34012345555556,1.220000000000002,4.5812383,4.588566,4.5957327,4.551865,4.580238,0,0.0,0,1.0,-0.88,21.5,78.5
2022-11-23 22:15:00,54.195887844436,19.139234449998,19.145623161106,19.37777774,0.9013333333333332,27.5,1,5.1764362714980825,70.66250196097344,22,2,11,-0.5000000000000004,0.8660254037844384,0.9749279121818236,-0.2225209339563143,-0.5000000000000004,0.8660254037844384,0.0,0.0,0.0,5.4,9.35,0.0,87.0,-1.925,4.2257943,0.0,0.0249999999999999,19.13333332,27.78333333333333,27.55,27.5,27.5,27.683333333333334,-18.476444406666666,0.1703703533333325,-0.1066666666666666,1.008,0.8166666666666667,19.320987632222224,1.0675555555555576,4.580238,4.5812383,4.588566,4.5957327,4.544863,0,0.0,1,1.0,-0.85,20.1,79.9
2022-11-23 22:30:00,139.968290027774,119.343559383334,119.35994766111,19.13333332,0.8166666666666667,27.683333333333334,2,5.1764362714980825,70.66250196097344,22,2,11,-0.5000000000000004,0.8660254037844384,0.9749279121818236,-0.2225209339563143,-0.5000000000000004,0.8660254037844384,0.0,0.0,0.0,5.699999999999999,9.7,0.0,88.0,-2.05,4.194059,0.0,-0.25,19.10555555,27.5,27.78333333333333,27.55,27.5,27.7,-18.316666653333336,-0.2444444199999971,-0.0846666666666666,0.9013333333333332,0.9306666666666666,19.239506148888893,0.9086666666666688,4.544863,4.580238,4.5812383,4.588566,4.540157,0,0.0,1,1.0,-0.9,22.2,77.8
2022-11-23 22:45:00,134.17324410555,121.919845244444,121.935955733332,19.10555555,0.9306666666666666,27.7,2,5.1764362714980825,70.66250196097344,22,2,11,-0.5000000000000004,0.8660254037844384,0.9749279121818236,-0.2225209339563143,-0.5000000000000004,0.8660254037844384,0.0,0.0,0.0,6.0,10.05,0.0,89.0,-2.175,4.1618395,0.0,-0.5250000000000001,19.188888917857145,27.683333333333334,27.5,27.78333333333333,27.55,27.78214285714285,-18.17488888333333,-0.0277777700000001,0.1139999999999999,0.8166666666666667,0.9678571428571427,19.20555553666667,0.8828888888888909,4.540157,4.544863,4.580238,4.5812383,4.5760446,0,0.0,0,1.0,-0.91,22.4,77.6
2022-11-23 23:00:00,113.4804606,97.499710972222,97.51415486111,19.188888917857145,0.9678571428571427,27.78214285714285,2,5.1764362714980825,70.66250196097344,23,2,11,-0.2588190451025215,0.965925826289068,0.9749279121818236,-0.2225209339563143,-0.5000000000000004,0.8660254037844384,0.0,0.0,0.0,6.3,10.4,0.0,90.0,-2.3,4.129163,0.0,-0.8,19.276587318571423,27.7,27.683333333333334,27.5,27.78333333333333,27.553571428571427,-18.221031775000004,0.0833333678571435,0.0371904761904762,0.9306666666666666,0.7835714285714286,19.142592595952383,0.905063492063494,4.5760446,4.540157,4.544863,4.580238,4.561905,0,0.0,0,1.0,-0.89,21.7,78.3
2022-11-23 23:15:00,69.10001372222,50.792412655556,50.80157902222,19.276587318571423,0.7835714285714286,27.553571428571427,1,5.1764362714980825,70.66250196097344,23,2,11,-0.2588190451025215,0.965925826289068,0.9749279121818236,-0.2225209339563143,-0.5000000000000004,0.8660254037844384,0.0,0.0,0.0,6.55,10.775,0.0,89.75,-2.375,4.1034317,0.0,-0.8500000000000001,19.057539679285718,27.78214285714285,27.7,27.683333333333334,27.5,27.975,-18.49301589,0.0876984007142809,-0.1842857142857142,0.9678571428571427,0.6757142857142858,19.19034392880953,0.8940317460317481,4.561905,4.5760446,4.540157,4.544863,4.5722637,0,0.0,1,1.0,-0.87,21.0,79.0
2022-11-23 23:30:00,156.980387383326,135.351530155556,135.36986282222,19.057539679285718,0.6757142857142858,27.975,2,5.1764362714980825,70.66250196097344,23,2,11,-0.2588190451025215,0.965925826289068,0.9749279121818236,-0.2225209339563143,-0.5000000000000004,0.8660254037844384,0.0,0.0,0.0,6.8,11.15,0.0,89.5,-2.45,4.0778227,0.0,-0.9,19.28888889,27.553571428571427,27.78214285714285,27.7,27.683333333333334,27.65,-18.38182539357143,-0.2190476392857121,-0.1078571428571427,0.7835714285714286,0.7673333333333333,19.174338638571427,0.8090476190476211,4.5722637,4.561905,4.5760446,4.540157,4.581187,0,0.0,1,1.0,-0.92,22.8,77.2
2022-11-23 23:45:00,62.111682283326,33.7711491,33.778371094442,19.28888889,0.7673333333333333,27.65,1,5.1764362714980825,70.66250196097344,23,2,11,-0.2588190451025215,0.965925826289068,0.9749279121818236,-0.2225209339563143,-0.5000000000000004,0.8660254037844384,0.0,0.0,0.0,7.05,11.525,0.0,89.25,-2.525,4.052337,0.0,-0.95,19.12261901857143,27.975,27.553571428571427,27.78214285714285,27.7,27.696428571428573,-18.521555556666662,0.2313492107142849,0.0916190476190474,0.6757142857142858,0.7821428571428571,19.20767196261905,0.7422063492063513,4.581187,4.5722637,4.561905,4.5760446,4.5441413,0,0.0,1,1.0,-0.87,20.9,79.1
2022-11-24 00:00:00,123.292012688884,98.251347572222,98.264402649998,19.12261901857143,0.7821428571428571,27.696428571428573,2,5.1764362714980825,70.66250196097344,0,3,11,0.0,1.0,0.4338837391175582,-0.900968867902419,-0.5000000000000004,0.8660254037844384,0.0,0.0,0.0,7.3,11.9,0.0,89.0,-2.6,4.026973,0.0,-1.0,19.12222223,27.65,27.975,27.553571428571427,27.78214285714285,27.65,-18.340476161428573,-0.1662698714285682,0.0148095238095238,0.7673333333333333,0.492,19.156349195952384,0.7417301587301609,4.5441413,4.581187,4.5722637,4.561905,4.5364175,0,0.0,1,1.0,-0.9,22.3,77.7
2022-11-24 00:15:00,155.17073750555,143.148996044444,143.167884188888,19.12222223,0.492,27.65,2,5.1764362714980825,70.66250196097344,0,3,11,0.0,1.0,0.4338837391175582,-0.900968867902419,-0.5000000000000004,0.8660254037844384,0.0,0.0,0.0,7.725,12.25,0.0,89.0,-2.6,4.026973,0.0,-1.0,19.312962963333334,27.696428571428573,27.65,27.975,27.553571428571427,27.316666666666663,-18.63022223,-0.0003967885714324,-0.2901428571428571,0.7821428571428571,0.52,19.17791004619048,0.6804920634920656,4.5364175,4.5441413,4.581187,4.5722637,4.53238,0,0.0,0,1.0,-0.91,22.3,77.7
2022-11-24 00:30:00,40.828922344444,28.7805154,28.788015166664,19.312962963333334,0.52,27.316666666666663,1,5.1764362714980825,70.66250196097344,0,3,11,0.0,1.0,0.4338837391175582,-0.900968867902419,-0.5000000000000004,0.8660254037844384,0.0,0.0,0.0,8.15,12.6,0.0,89.0,-2.6,4.026973,0.0,-1.0,19.08888888,27.65,27.696428571428573,27.65,27.975,27.35,-18.79296296333333,0.1907407333333353,0.028,0.492,0.358,19.18593473730159,0.598047619047621,4.53238,4.5364175,4.5441413,4.581187,4.4783854,0,0.0,1,1.0,-0.86,20.7,79.3
2022-11-24 00:45:00,169.715433311112,146.5541376,146.574136849998,19.08888888,0.358,27.35,2,5.1764362714980825,70.66250196097344,0,3,11,0.0,1.0,0.4338837391175582,-0.900968867902419,-0.5000000000000004,0.8660254037844384,0.0,0.0,0.0,8.575,12.95,0.0,89.0,-2.6,4.026973,0.0,-1.0,19.268253960000003,27.316666666666663,27.65,27.696428571428573,27.65,27.314285714285717,-18.73088888,-0.2240740833333347,-0.162,0.52,0.4078571428571428,19.174691357777775,0.4566666666666688,4.4783854,4.53238,4.5364175,4.5441413,4.5200677,0,0.0,1,1.0,-0.91,22.7,77.3
2022-11-24 01:00:00,76.421943066664,55.66555103889,55.676106249998,19.268253960000003,0.4078571428571428,27.314285714285717,1,5.1764362714980825,70.66250196097344,1,3,11,0.2588190451025207,0.9659258262890684,0.4338837391175582,-0.900968867902419,-0.5000000000000004,0.8660254037844384,0.0,0.0,0.0,9.0,13.3,0.0,89.0,-2.6,4.026973,0.0,-1.0,19.18333333,27.35,27.316666666666663,27.65,27.696428571428573,27.05,-18.86039681714286,0.1793650800000037,0.0498571428571428,0.358,0.8033333333333333,19.223368601111115,0.4286190476190497,4.5200677,4.4783854,4.53238,4.5364175,4.4539943,0,0.0,1,1.0,-0.87,21.1,78.9
2022-11-24 01:15:00,120.791557294434,93.101831327778,93.116275266664,19.18333333,0.8033333333333333,27.05,2,5.1764362714980825,70.66250196097344,1,3,11,0.2588190451025207,0.9659258262890684,0.4338837391175582,-0.900968867902419,-0.5000000000000004,0.8660254037844384,0.0,0.0,0.0,9.05,13.575,0.0,89.25,-2.6,4.0312734,0.0,-1.025,19.109259266666665,27.314285714285717,27.35,27.316666666666663,27.65,27.28333333333333,-18.379999996666665,-0.0849206300000027,0.3954761904761905,0.4078571428571428,0.9366666666666668,19.18015872333333,0.5230634920634941,4.4539943,4.5200677,4.4783854,4.53238,4.4728403,0,0.0,1,1.0,-0.89,21.9,78.1
2022-11-24 01:30:00,481.311580050002,156.354856655556,156.375966927778,19.109259266666665,0.9366666666666668,27.28333333333333,2,5.1764362714980825,70.66250196097344,1,3,11,0.2588190451025207,0.9659258262890684,0.4338837391175582,-0.900968867902419,-0.5000000000000004,0.8660254037844384,0.0,0.0,0.0,9.1,13.85,0.0,89.5,-2.6,4.035546,0.0,-1.05,19.28888888,27.05,27.314285714285717,27.35,27.316666666666663,27.0,-18.1725926,-0.0740740633333345,0.1333333333333334,0.8033333333333333,0.8919999999999999,19.186948852222223,0.7159523809523831,4.4728403,4.4539943,4.5200677,4.4783854,4.473492,0,0.0,0,1.0,-0.91,22.5,77.5
2022-11-24 01:45:00,38.690118983334,21.88190243889,21.888846694442,19.28888888,0.8919999999999999,27.0,1,5.1764362714980825,70.66250196097344,1,3,11,0.2588190451025207,0.9659258262890684,0.4338837391175582,-0.900968867902419,-0.5000000000000004,0.8660254037844384,0.0,0.0,0.0,9.15,14.125,0.0,89.75,-2.6,4.039791,0.0,-1.0750000000000002,19.03333334,27.28333333333333,27.05,27.314285714285717,27.35,27.183333333333334,-18.39688888,0.1796296133333328,-0.0446666666666668,0.9366666666666668,0.522,19.19382715888889,0.8773333333333354,4.473492,4.4728403,4.4539943,4.5200677,4.4365315,0,0.0,1,1.0,-0.87,21.0,79.0
2022-11-24 02:00:00,151.297558972222,137.906150183334,137.923927305554,19.03333334,0.522,27.183333333333334,2,5.1764362714980825,70.66250196097344,2,3,11,0.4999999999999999,0.8660254037844387,0.4338837391175582,-0.900968867902419,-0.5000000000000004,0.8660254037844384,0.0,0.0,0.0,9.2,14.4,0.0,90.0,-2.6,4.0440063,0.0,-1.1,19.14999997,27.0,27.28333333333333,27.05,27.314285714285717,27.15,-18.51133334,-0.2555555399999996,-0.3699999999999999,0.8919999999999999,0.6233333333333333,19.143827162222223,0.7835555555555577,4.4365315,4.473492,4.4728403,4.4539943,4.4616847,0,0.0,1,1.0,-0.93,23.2,76.8
2022-11-24 02:15:00,121.022103488884,100.690416672222,100.70374952222,19.14999997,0.6233333333333333,27.15,2,5.1764362714980825,70.66250196097344,2,3,11,0.4999999999999999,0.8660254037844387,0.4338837391175582,-0.900968867902419,-0.5000000000000004,0.8660254037844384,0.0,0.0,0.0,8.899999999999999,14.4,0.0,90.0,-2.575,4.0510435,0.0,-1.0750000000000002,19.22478630230769,27.183333333333334,27.0,27.28333333333333,27.05,27.0,-18.526666636666665,0.1166666300000009,0.1013333333333332,0.522,0.0861538461538461,19.157407396666667,0.6791111111111131,4.4616847,4.4365315,4.473492,4.4728403,4.456634,0,0.0,0,1.0,-0.9,22.2,77.8
2022-11-24 02:30:00,67.026485683326,42.774400072222,42.782733138886,19.22478630230769,0.0861538461538461,27.0,1,5.1764362714980825,70.66250196097344,2,3,11,0.4999999999999999,0.8660254037844387,0.4338837391175582,-0.900968867902419,-0.5000000000000004,0.8660254037844384,0.0,0.0,0.0,8.6,14.4,0.0,90.0,-2.55,4.058091,0.0,-1.05,18.98888886,27.15,27.183333333333334,27.0,27.28333333333333,27.3,-19.138632456153847,0.074786332307692,-0.5371794871794872,0.6233333333333333,-0.1493333333333333,19.136039870769228,0.4104957264957286,4.456634,4.4616847,4.4365315,4.473492,4.443902,0,0.0,1,1.0,-0.89,21.5,78.5
2022-11-24 02:45:00,185.854232233332,157.791188133332,157.811742894442,18.98888886,-0.1493333333333333,27.3,2,5.1764362714980825,70.66250196097344,2,3,11,0.4999999999999999,0.8660254037844387,0.4338837391175582,-0.900968867902419,-0.5000000000000004,0.8660254037844384,0.0,0.0,0.0,8.3,14.4,0.0,90.0,-2.525,4.0651493,0.0,-1.025,19.224074066666667,27.0,27.15,27.183333333333334,27.0,26.85,-19.13822219333333,-0.2358974423076922,-0.2354871794871795,0.0861538461538461,-0.264,19.12122504410256,0.1867179487179507,4.443902,4.456634,4.4616847,4.4365315,4.4316893,0,0.0,1,1.0,-0.94,23.6,76.4
2022-11-24 03:00:00,61.490318138886,42.006375227778,42.01554156111,19.224074066666667,-0.264,26.85,1,5.1764362714980825,70.66250196097344,3,3,11,0.7071067811865476,0.7071067811865476,0.4338837391175582,-0.900968867902419,-0.5000000000000004,0.8660254037844384,0.0,0.0,0.0,8.0,14.4,0.0,90.0,-2.5,4.0722194,0.0,-1.0,19.03888887,27.3,27.0,27.15,27.183333333333334,26.85,-19.488074066666663,0.2351852066666673,-0.1146666666666666,-0.1493333333333333,-0.266,19.14591640965812,-0.1090598290598269,4.4316893,4.443902,4.456634,4.4616847,4.383567,0,0.0,1,1.0,-0.89,21.6,78.4
2022-11-24 03:15:00,136.459541599992,113.151584855556,113.167973166664,19.03888887,-0.266,26.85,2,5.1764362714980825,70.66250196097344,3,3,11,0.7071067811865476,0.7071067811865476,0.4338837391175582,-0.900968867902419,-0.5000000000000004,0.8660254037844384,0.0,0.0,0.0,7.975,14.05,0.0,89.5,-2.5,4.0636883,0.0,-0.95,18.99444446,26.85,27.3,27.0,27.15,27.0,-19.30488887,-0.1851851966666657,-0.002,-0.264,-0.358,19.08395059888889,-0.2264444444444423,4.383567,4.4316893,4.443902,4.456634,4.396509,0,0.0,1,1.0,-0.93,23.2,76.8
2022-11-24 03:30:00,161.123832522224,149.000428644444,149.02126116111,18.99444446,-0.358,27.0,2,5.1764362714980825,70.66250196097344,3,3,11,0.7071067811865476,0.7071067811865476,0.4338837391175582,-0.900968867902419,-0.5000000000000004,0.8660254037844384,0.0,0.0,0.0,7.95,13.7,0.0,89.0,-2.5,4.055042,0.0,-0.9,19.1,26.85,26.85,27.3,27.0,27.0,-19.35244446,-0.0444444100000005,-0.0919999999999999,-0.266,-0.368,19.08580246555556,-0.2959999999999979,4.396509,4.383567,4.4316893,4.443902,4.423973,0,0.0,0,1.0,-0.94,23.6,76.4
2022-11-24 03:45:00,114.27570662222,101.992309044444,102.006752949998,19.1,-0.368,27.0,2,5.1764362714980825,70.66250196097344,3,3,11,0.7071067811865476,0.7071067811865476,0.4338837391175582,-0.900968867902419,-0.5000000000000004,0.8660254037844384,0.0,0.0,0.0,7.925000000000001,13.35,0.0,88.5,-2.5,4.046281,0.0,-0.8500000000000001,18.831481470000003,27.0,26.85,26.85,27.3,27.183333333333334,-19.468,0.105555540000001,-0.01,-0.358,-0.2553333333333333,19.044444443333337,-0.3306666666666646,4.423973,4.396509,4.383567,4.4316893,4.383965,0,0.0,0,1.0,-0.91,22.6,77.4
2022-11-24 04:00:00,178.232314805558,148.205460444444,148.224070849998,18.831481470000003,-0.2553333333333333,27.183333333333334,2,5.1764362714980825,70.66250196097344,4,3,11,0.8660254037844386,0.5000000000000001,0.4338837391175582,-0.900968867902419,-0.5000000000000004,0.8660254037844384,0.0,0.0,0.0,7.9,13.0,0.0,88.0,-2.5,4.0374036,0.0,-0.8,19.06111114,27.0,27.0,26.85,26.85,27.1,-19.086814803333336,-0.2685185299999979,0.1126666666666666,-0.368,-0.4706666666666667,18.97530864333333,-0.3271111111111091,4.383965,4.423973,4.396509,4.383567,4.430186,0,0.0,0,1.0,-0.97,25.0,75.0
2022-11-24 04:15:00,122.878973627774,93.736805944444,93.750416549998,19.06111114,-0.4706666666666667,27.1,2,5.1764362714980825,70.66250196097344,4,3,11,0.8660254037844386,0.5000000000000001,0.4338837391175582,-0.900968867902419,-0.5000000000000004,0.8660254037844384,0.0,0.0,0.0,7.525,12.8,0.0,88.0,-2.55,4.023421,0.0,-0.8500000000000001,19.127777796666667,27.183333333333334,27.0,27.0,26.85,26.716666666666665,-19.531777806666664,0.2296296699999942,-0.2153333333333333,-0.2553333333333333,-0.6386666666666667,18.99753087,-0.3646666666666646,4.430186,4.383965,4.423973,4.396509,4.384725,0,0.0,0,1.0,-0.92,23.0,77.0
2022-11-24 04:30:00,87.398170799992,67.86728518333399,67.878951466664,19.127777796666667,-0.6386666666666667,26.716666666666665,1,5.1764362714980825,70.66250196097344,4,3,11,0.8660254037844386,0.5000000000000001,0.4338837391175582,-0.900968867902419,-0.5000000000000004,0.8660254037844384,0.0,0.0,0.0,7.15,12.6,0.0,88.0,-2.6,4.009479,0.0,-0.9,18.92222223,27.1,27.183333333333334,27.0,27.0,27.0,-19.76644446333333,0.0666666566666691,-0.168,-0.4706666666666667,-0.352,19.00679013555556,-0.4548888888888868,4.384725,4.430186,4.383965,4.423973,4.377803,0,0.0,1,1.0,-0.91,22.4,77.6
2022-11-24 04:45:00,178.104542216666,158.211171333332,158.230892777776,18.92222223,-0.352,27.0,2,5.1764362714980825,70.66250196097344,4,3,11,0.8660254037844386,0.5000000000000001,0.4338837391175582,-0.900968867902419,-0.5000000000000004,0.8660254037844384,0.0,0.0,0.0,6.775,12.4,0.0,88.0,-2.6500000000000004,3.9955819,0.0,-0.95,19.220370366666668,26.716666666666665,27.1,27.183333333333334,27.0,26.816666666666663,-19.27422223,-0.2055555666666677,0.2866666666666667,-0.6386666666666667,-0.3586666666666666,19.03703705555556,-0.487111111111109,4.377803,4.384725,4.430186,4.383965,4.4252214,0,0.0,1,1.0,-0.95,24.2,75.8
2022-11-24 05:00:00,58.614321900004,42.2524765,42.261365111108,19.220370366666668,-0.3586666666666666,26.816666666666663,1,5.1764362714980825,70.66250196097344,5,3,11,0.9659258262890684,0.2588190451025207,0.4338837391175582,-0.900968867902419,-0.5000000000000004,0.8660254037844384,0.0,0.0,0.0,6.4,12.2,0.0,88.0,-2.7,3.9817255,0.0,-1.0,19.04444442,27.0,26.716666666666665,27.1,27.183333333333334,26.85,-19.579037033333336,0.2981481366666685,-0.0066666666666665,-0.352,-0.4933333333333333,19.09012346444445,-0.4497777777777758,4.4252214,4.377803,4.384725,4.430186,4.385004,0,0.0,1,1.0,-0.89,21.6,78.4
2022-11-24 05:15:00,131.581125561106,119.513274827778,119.530218666664,19.04444442,-0.4933333333333333,26.85,2,5.1764362714980825,70.66250196097344,5,3,11,0.9659258262890684,0.2588190451025207,0.4338837391175582,-0.900968867902419,-0.5000000000000004,0.8660254037844384,0.0,0.0,0.0,6.3500000000000005,12.3,0.0,87.75,-2.6750000000000003,3.9911544,0.0,-0.925,19.04629626,26.816666666666663,27.0,26.716666666666665,27.1,26.816666666666663,-19.53777775333333,-0.1759259466666698,-0.1346666666666667,-0.3586666666666666,-0.452,19.062345672222225,-0.4013333333333312,4.385004,4.4252214,4.377803,4.384725,4.3800373,0,0.0,1,1.0,-0.93,23.2,76.8
2022-11-24 05:30:00,173.007246149998,149.676234911112,149.69428973889,19.04629626,-0.452,26.816666666666663,2,5.1764362714980825,70.66250196097344,5,3,11,0.9659258262890684,0.2588190451025207,0.4338837391175582,-0.900968867902419,-0.5000000000000004,0.8660254037844384,0.0,0.0,0.0,6.300000000000001,12.4,0.0,87.5,-2.6500000000000004,4.0005603,0.0,-0.85,19.26111108,26.85,26.816666666666663,27.0,26.716666666666665,26.5,-19.498296260000004,0.001851840000004,0.0413333333333333,-0.4933333333333333,-0.4493333333333333,19.10370368222222,-0.4346666666666645,4.3800373,4.385004,4.4252214,4.377803,4.3834724,0,0.0,0,1.0,-0.93,23.1,76.9
2022-11-24 05:45:00,57.083550016662,21.166653266668,21.171930872222,19.26111108,-0.4493333333333333,26.5,1,5.1764362714980825,70.66250196097344,5,3,11,0.9659258262890684,0.2588190451025207,0.4338837391175582,-0.900968867902419,-0.5000000000000004,0.8660254037844384,0.0,0.0,0.0,6.25,12.5,0.0,87.25,-2.625,4.0099416,0.0,-0.7749999999999999,18.949999976666668,26.816666666666663,26.85,26.816666666666663,27.0,26.683333333333334,-19.71044441333333,0.2148148199999973,0.0026666666666666,-0.452,-0.6573333333333333,19.11728392,-0.4648888888888868,4.3834724,4.3800373,4.385004,4.4252214,4.33356,0,0.0,1,1.0,-0.88,21.3,78.7
2022-11-24 06:00:00,157.313151788884,136.917300855556,136.934800172222,18.949999976666668,-0.6573333333333333,26.683333333333334,2,5.1764362714980825,70.66250196097344,6,3,11,1.0,6.123233995736766e-17,0.4338837391175582,-0.900968867902419,-0.5000000000000004,0.8660254037844384,0.0,0.0,0.0,6.2,12.6,0.0,87.0,-2.6,4.019299,0.0,-0.7,19.10000002,26.5,26.816666666666663,26.85,26.816666666666663,26.65,-19.60733331,-0.3111111033333316,-0.2079999999999999,-0.4493333333333333,-0.8146666666666668,19.08580243888889,-0.5195555555555534,4.33356,4.3834724,4.3800373,4.385004,4.3666253,0,0.0,1,1.0,-0.95,24.0,76.0
2022-11-24 06:15:00,130.864487594438,118.216660044444,118.232770516666,19.10000002,-0.8146666666666668,26.65,2,5.1764362714980825,70.66250196097344,6,3,11,1.0,6.123233995736766e-17,0.4338837391175582,-0.900968867902419,-0.5000000000000004,0.8660254037844384,0.0,0.0,0.0,6.825,12.5,0.0,87.0,-2.875,3.9501777,0.0,-0.95,19.22037037,26.683333333333334,26.5,26.816666666666663,26.85,26.5,-19.914666686666667,0.1500000433333319,-0.1573333333333334,-0.6573333333333333,-0.9766666666666668,19.103703692222226,-0.6404444444444425,4.3666253,4.33356,4.3834724,4.3800373,4.372966,0,0.0,0,1.0,-0.92,22.7,77.3
2022-11-24 06:30:00,67.747289983334,44.344059483334,44.352392533332,19.22037037,-0.9766666666666668,26.5,1,5.1764362714980825,70.66250196097344,6,3,11,1.0,6.123233995736766e-17,0.4338837391175582,-0.900968867902419,-0.5000000000000004,0.8660254037844384,0.0,0.0,0.0,7.449999999999999,12.4,0.0,87.0,-3.1500000000000004,3.8821,0.0,-1.2,18.92222222,26.65,26.683333333333334,26.5,26.816666666666663,26.8,-20.197037036666668,0.1203703500000017,-0.1619999999999999,-0.8146666666666668,-0.7893333333333333,19.09012345555556,-0.8162222222222203,4.372966,4.3666253,4.33356,4.3834724,4.345375,0,0.0,1,1.0,-0.89,21.7,78.3
2022-11-24 06:45:00,159.317238322216,147.119670527778,147.13994751666598,18.92222222,-0.7893333333333333,26.8,2,5.1764362714980825,70.66250196097344,6,3,11,1.0,6.123233995736766e-17,0.4338837391175582,-0.900968867902419,-0.5000000000000004,0.8660254037844384,0.0,0.0,0.0,8.075,12.3,0.0,87.0,-3.4250000000000003,3.8150556,0.0,-1.45,19.122222253333334,26.5,26.65,26.683333333333334,26.5,26.53333333333333,-19.71155555333333,-0.2981481500000029,0.1873333333333333,-0.9766666666666668,-0.5946666666666667,19.08086420333333,-0.8602222222222201,4.345375,4.372966,4.3666253,4.33356,4.3532104,0,0.0,1,1.0,-0.96,24.3,75.7
2022-11-24 07:00:00,86.209607094442,68.972518755556,68.98529606111,19.122222253333334,-0.5946666666666667,26.53333333333333,1,5.1764362714980825,70.66250196097344,7,3,11,0.9659258262890684,-0.2588190451025206,0.4338837391175582,-0.900968867902419,-0.5000000000000004,0.8660254037844384,0.0,0.0,0.0,8.7,12.2,0.0,87.0,-3.7,3.74903,0.0,-1.7,19.03333331,26.8,26.5,26.65,26.683333333333334,26.55,-19.71688892,0.2000000333333353,0.1946666666666666,-0.7893333333333333,-0.1626666666666666,19.088271614444448,-0.7868888888888869,4.3532104,4.345375,4.372966,4.3666253,4.3331666,0,0.0,1,1.0,-0.91,22.5,77.5
2022-11-24 07:15:00,128.723739661114,90.217502255556,90.23194616111,19.03333331,-0.1626666666666666,26.55,2,5.1764362714980825,70.66250196097344,7,3,11,0.9659258262890684,-0.2588190451025206,0.4338837391175582,-0.900968867902419,-0.5000000000000004,0.8660254037844384,0.0,0.0,0.0,8.575,11.95,0.0,86.5,-3.7,3.7405326,0.0,-1.65,18.90185183,26.53333333333333,26.8,26.5,26.65,26.78333333333333,-19.195999976666663,-0.0888889433333339,0.432,-0.5946666666666667,0.1726666666666667,19.025925927777777,-0.5155555555555534,4.3331666,4.3532104,4.345375,4.372966,4.3374505,0,0.0,1,1.0,-0.93,23.3,76.7
2022-11-24 07:30:00,117.62057273889,94.707322672222,94.721488805554,18.90185183,0.1726666666666667,26.78333333333333,2,5.1764362714980825,70.66250196097344,7,3,11,0.9659258262890684,-0.2588190451025206,0.4338837391175582,-0.900968867902419,-0.5000000000000004,0.8660254037844384,0.0,0.0,0.0,8.45,11.7,0.0,86.0,-3.7,3.7319248,0.0,-1.6,18.90000001,26.55,26.53333333333333,26.8,26.5,26.55,-18.72918516333333,-0.1314814800000014,0.3353333333333333,-0.1626666666666666,0.322,19.01913579777778,-0.1948888888888868,4.3374505,4.3331666,4.3532104,4.345375,4.299193,0,0.0,0,1.0,-0.96,24.5,75.5
2022-11-24 07:45:00,72.81653172222,60.607297811112,60.619241849998,18.90000001,0.322,26.55,1,5.1764362714980825,70.66250196097344,7,3,11,0.9659258262890684,-0.2588190451025206,0.4338837391175582,-0.900968867902419,-0.5000000000000004,0.8660254037844384,0.0,0.0,0.0,8.325,11.45,0.0,85.5,-3.7,3.7232046,0.0,-1.55,18.72222225,26.78333333333333,26.55,26.53333333333333,26.8,26.966666666666665,-18.57800001,-0.0018518199999988,0.1493333333333333,0.1726666666666667,0.7193333333333334,18.945061716666668,0.1106666666666687,4.299193,4.3374505,4.3331666,4.3532104,4.3210187,0,0.0,1,1.0,-0.96,24.5,75.5
2022-11-24 08:00:00,172.411436816658,152.502233016666,152.523621094442,18.72222225,0.7193333333333334,26.966666666666665,2,5.1764362714980825,70.66250196097344,8,3,11,0.8660254037844387,-0.4999999999999998,0.4338837391175582,-0.900968867902419,-0.5000000000000004,0.8660254037844384,0.0,0.0,0.0,8.2,11.2,0.0,85.0,-3.7,3.7143729,0.0,-1.5,19.05000003,26.55,26.78333333333333,26.55,26.53333333333333,26.65,-18.002888916666667,-0.1777777599999979,0.3973333333333333,0.322,1.3073333333333332,18.84135803,0.4046666666666687,4.3210187,4.299193,4.3374505,4.3331666,4.353767,0,0.0,1,1.0,-1.0,26.1,73.9
2022-11-24 08:15:00,100.211269155556,84.094413855556,84.10774667222199,19.05000003,1.3073333333333332,26.65,2,5.1764362714980825,70.66250196097344,8,3,11,0.8660254037844387,-0.4999999999999998,0.4338837391175582,-0.900968867902419,-0.5000000000000004,0.8660254037844384,7.75,1.9375,0.6458333333333334,8.075,11.1,0.0,85.0,-3.5250000000000004,3.753435,0.0,-1.35,19.04444445333333,26.966666666666665,26.55,26.78333333333333,26.55,26.683333333333334,-17.742666696666667,0.3277777799999981,0.5879999999999999,0.7193333333333334,2.3920000000000003,18.890740763333337,0.7828888888888909,4.353767,4.3210187,4.299193,4.3374505,4.3577847,0,0.0,0,1.0,-0.93,23.1,76.9
2022-11-24 08:30:00,89.781130961106,74.052315572222,74.065926211108,19.04444445333333,2.3920000000000003,26.683333333333334,2,5.1764362714980825,70.66250196097344,8,3,11,0.8660254037844387,-0.4999999999999998,0.4338837391175582,-0.900968867902419,-0.5000000000000004,0.8660254037844384,15.5,5.8125,1.9375,7.949999999999999,11.0,0.0,85.0,-3.35,3.7928567,0.0,-1.2,18.86666664,26.65,26.966666666666665,26.55,26.78333333333333,27.0,-16.652444453333334,-0.0055555766666657,1.0846666666666671,1.3073333333333332,3.506666666666667,18.93888891111111,1.472888888888891,4.3577847,4.353767,4.3210187,4.299193,4.3634605,0,0.0,0,1.0,-0.93,23.2,76.8
2022-11-24 08:45:00,192.333417488888,159.358903172222,159.380291216666,18.86666664,3.506666666666667,27.0,2,5.1764362714980825,70.66250196097344,8,3,11,0.8660254037844387,-0.4999999999999998,0.4338837391175582,-0.900968867902419,-0.5000000000000004,0.8660254037844384,23.25,11.625,3.875,7.825,10.9,0.0,85.0,-3.175,3.8326416,0.0,-1.05,19.144444473333333,26.683333333333334,26.65,26.966666666666665,26.55,27.0,-15.359999973333334,-0.1777778133333321,1.1146666666666665,2.3920000000000003,4.234,18.987037041111112,2.4020000000000024,4.3634605,4.3577847,4.353767,4.3210187,4.4355826,0,0.0,0,1.0,-0.97,24.7,75.3
2022-11-24 09:00:00,38.565124083330005,0.0,0.0,19.144444473333333,4.234,27.0,0,5.1764362714980825,70.66250196097344,9,3,11,0.7071067811865476,-0.7071067811865475,0.4338837391175582,-0.900968867902419,-0.5000000000000004,0.8660254037844384,31.0,19.375,6.458333333333333,7.7,10.8,0.0,85.0,-3.0,3.8727932,0.0,-0.9,19.277777800000003,27.0,26.683333333333334,26.65,26.966666666666665,27.0,-14.910444473333332,0.2777778333333316,0.7273333333333332,3.506666666666667,4.862666666666667,19.018518522222223,3.3775555555555576,4.4355826,4.3634605,4.3577847,4.353767,4.4705663,1,1.0,1,0.75,-0.9,22.2,77.8
2022-11-24 09:15:00,133.392997583326,121.354034544444,121.371256138886,19.277777800000003,4.862666666666667,27.0,2,5.1764362714980825,70.66250196097344,9,3,11,0.7071067811865476,-0.7071067811865475,0.4338837391175582,-0.900968867902419,-0.5000000000000004,0.8660254037844384,62.75,33.125,11.6875,7.45,11.075,0.25,79.5,-2.975,3.9015868,0.0,0.1749999999999999,19.71111109,27.0,27.0,26.683333333333334,26.65,26.816666666666663,-14.415111133333337,0.1333333266666692,0.6286666666666667,4.234,5.221333333333333,19.096296304444447,4.201111111111113,4.4705663,4.4355826,4.3634605,4.3577847,4.5547814,0,1.0,1,0.75,-0.87,21.1,78.9
2022-11-24 09:30:00,80.818156077776,67.708402655556,67.719791116666,19.71111109,5.221333333333333,26.816666666666663,1,5.1764362714980825,70.66250196097344,9,3,11,0.7071067811865476,-0.7071067811865475,0.4338837391175582,-0.900968867902419,-0.5000000000000004,0.8660254037844384,94.5,52.875,19.5625,7.2,11.35,0.5,74.0,-2.95,3.9091547,0.0,1.25,20.06111109,27.0,27.0,27.0,26.683333333333334,26.5,-14.489777756666664,0.4333332899999966,0.3586666666666662,4.862666666666667,4.5600000000000005,19.377777787777777,4.772666666666669,4.5547814,4.4705663,4.4355826,4.3634605,4.5942802,0,1.0,1,0.75,-0.77,17.6,82.4
2022-11-24 09:45:00,67.47257890555,44.174344088888,44.183510438886,20.06111109,4.5600000000000005,26.5,1,5.1764362714980825,70.66250196097344,9,3,11,0.7071067811865476,-0.7071067811865475,0.4338837391175582,-0.900968867902419,-0.5000000000000004,0.8660254037844384,126.25,78.625,30.08333333333333,6.95,11.625,0.75,68.5,-2.925,3.8925192,0.0,2.325,20.07037036333333,26.816666666666663,27.0,27.0,27.0,26.5,-15.50111109,0.3500000000000014,-0.6613333333333324,5.221333333333333,5.056,19.68333332666667,4.881333333333336,4.5942802,4.5547814,4.4705663,4.4355826,4.596771,0,1.0,0,0.75,-0.7,15.2,84.8
2022-11-24 10:00:00,153.852179099996,139.269429016666,139.288039405554,20.07037036333333,5.056,26.5,2,5.1764362714980825,70.66250196097344,10,3,11,0.4999999999999999,-0.8660254037844387,0.4338837391175582,-0.900968867902419,-0.5000000000000004,0.8660254037844384,158.0,110.375,43.25,6.7,11.9,1.0,63.0,-2.9,3.8484492,0.0,3.4,20.04444447,26.5,26.816666666666663,27.0,27.0,26.55,-15.014370363333333,0.0092592733333312,0.4959999999999995,4.5600000000000005,6.110666666666666,19.94753084777778,4.9457777777777805,4.596771,4.5942802,4.5547814,4.4705663,4.598461,0,0.0,1,1.0,-0.69,15.1,84.9
2022-11-24 10:15:00,45.629563761106,17.648738455556,17.655960449998002,20.04444447,6.110666666666666,26.55,1,5.1764362714980825,70.66250196097344,10,3,11,0.4999999999999999,-0.8660254037844387,0.4338837391175582,-0.900968867902419,-0.5000000000000004,0.8660254037844384,191.0,142.4375,59.16666666666666,5.675000000000001,11.975,24.0,60.0,-2.825,3.8790874,0.0,4.25,20.12777778666667,26.5,26.5,26.816666666666663,27.0,26.966666666666665,-13.933777803333331,-0.0259258933333335,1.054666666666666,5.056,7.497333333333334,20.058641974444445,5.242222222222224,4.598461,4.596771,4.5942802,4.5547814,4.69346,0,0.0,1,1.0,-0.7,15.3,84.7
2022-11-24 10:30:00,128.368476205554,93.664308811112,93.679308277776,20.12777778666667,7.497333333333334,26.966666666666665,2,5.1764362714980825,70.66250196097344,10,3,11,0.4999999999999999,-0.8660254037844387,0.4338837391175582,-0.900968867902419,-0.5000000000000004,0.8660254037844384,224.0,174.8125,77.83333333333333,4.65,12.05,47.0,57.0,-2.75,3.8986366,0.0,5.1,20.34444446,26.55,26.5,26.5,26.816666666666663,26.95,-12.630444453333336,0.0833333166666712,1.3866666666666676,6.110666666666666,8.097333333333333,20.080864206666668,6.221333333333335,4.69346,4.598461,4.596771,4.5942802,4.750338,0,0.0,1,1.0,-0.68,14.7,85.3
2022-11-24 10:45:00,76.46055270555,63.036645116666,63.04831138333,20.34444446,8.097333333333333,26.95,1,5.1764362714980825,70.66250196097344,10,3,11,0.4999999999999999,-0.8660254037844387,0.4338837391175582,-0.900968867902419,-0.5000000000000004,0.8660254037844384,257.0,207.5,99.25,3.625,12.125,70.0,54.0,-2.675,3.905887,0.0,5.95,20.575925936666668,26.966666666666665,26.55,26.5,26.5,26.716666666666665,-12.247111126666663,0.2166666733333286,0.5999999999999996,7.497333333333334,8.064,20.17222223888889,7.235111111111113,4.750338,4.69346,4.598461,4.596771,4.773245,0,0.0,1,1.0,-0.63,13.3,86.7
2022-11-24 11:00:00,52.483178355556,40.3333866,40.342275194442,20.575925936666668,8.064,26.716666666666665,1,5.1764362714980825,70.66250196097344,11,3,11,0.258819045102521,-0.9659258262890682,0.4338837391175582,-0.900968867902419,-0.5000000000000004,0.8660254037844384,290.0,240.5,123.41666666666669,2.6,12.2,93.0,51.0,-2.6,3.8995469,0.0,6.8,20.38888888,26.95,26.966666666666665,26.55,26.5,27.35,-12.511925936666668,0.2314814766666693,-0.0333333333333332,8.097333333333333,8.305333333333333,20.34938272777778,7.886222222222224,4.773245,4.750338,4.69346,4.598461,4.833371,0,0.0,0,1.0,-0.58,12.0,88.0
2022-11-24 11:15:00,141.28018198333,121.090156216666,121.107377811108,20.38888888,8.305333333333333,27.35,2,5.1764362714980825,70.66250196097344,11,3,11,0.258819045102521,-0.9659258262890682,0.4338837391175582,-0.900968867902419,-0.5000000000000004,0.8660254037844384,311.75,270.6875,148.75,3.1750000000000003,12.65,94.75,48.75,-2.6,3.907121,0.0,7.524999999999999,20.209259256666662,26.716666666666665,26.95,26.966666666666665,26.55,27.5,-12.083555546666666,-0.1870370566666679,0.2413333333333334,8.064,9.114666666666666,20.43641975888889,8.155555555555557,4.833371,4.773245,4.750338,4.69346,4.809146,0,0.0,1,1.0,-0.62,13.0,87.0
2022-11-24 11:30:00,21.517195011104,0.0,0.0,20.209259256666662,9.114666666666666,27.5,0,5.1764362714980825,70.66250196097344,11,3,11,0.258819045102521,-0.9659258262890682,0.4338837391175582,-0.900968867902419,-0.5000000000000004,0.8660254037844384,333.5,298.0625,175.25,3.75,13.1,96.5,46.5,-2.6,3.90528,0.0,8.25,20.11666667,27.35,26.716666666666665,26.95,26.966666666666665,27.55,-11.09459259,-0.1796296233333336,0.809333333333333,8.305333333333333,10.288666666666668,20.391358024444447,8.494666666666669,4.809146,4.833371,4.773245,4.750338,4.7918715,1,1.0,1,0.75,-0.66,14.1,85.9
2022-11-24 11:45:00,109.740888122216,81.5067396,81.520627977776,20.11666667,10.288666666666668,27.55,2,5.1764362714980825,70.66250196097344,11,3,11,0.258819045102521,-0.9659258262890682,0.4338837391175582,-0.900968867902419,-0.5000000000000004,0.8660254037844384,355.25,322.625,202.91666666666663,4.325,13.55,98.25,44.25,-2.6,3.8932233,0.0,8.975,20.06851853,27.5,27.35,26.716666666666665,26.95,27.966666666666665,-9.82800000333333,-0.0925925866666688,1.1740000000000013,9.114666666666666,11.518,20.238271602222223,9.236222222222224,4.7918715,4.809146,4.833371,4.773245,4.850658,0,1.0,1,0.75,-0.68,14.6,85.4
2022-11-24 12:00:00,91.276348916662,60.899230583334,60.91061906111,20.06851853,11.518,27.966666666666665,1,5.1764362714980825,70.66250196097344,12,3,11,1.2246467991473532e-16,-1.0,0.4338837391175582,-0.900968867902419,-0.5000000000000004,0.8660254037844384,377.0,344.375,231.75,4.9,14.0,100.0,42.0,-2.6,3.8701062,0.0,9.7,20.33333335,27.55,27.5,27.35,26.716666666666665,27.65,-8.550518530000002,-0.048148139999995,1.229333333333333,10.288666666666668,12.54,20.13148148555556,10.307111111111114,4.850658,4.7918715,4.809146,4.833371,4.8705616,0,1.0,1,0.75,-0.69,14.9,85.1
2022-11-24 12:15:00,47.408103749994,27.460012655556,27.467790194442003,20.33333335,12.54,27.65,1,5.1764362714980825,70.66250196097344,12,3,11,1.2246467991473532e-16,-1.0,0.4338837391175582,-0.900968867902419,-0.5000000000000004,0.8660254037844384,380.75,361.625,258.25,5.5,15.175,100.0,40.75,-2.625,3.8575878,0.0,10.125,20.472222206666668,27.966666666666665,27.55,27.5,27.35,27.5,-7.793333349999997,0.2648148199999944,1.0219999999999985,11.518,13.355333333333334,20.172839516666667,11.448888888888892,4.8705616,4.850658,4.7918715,4.809146,4.883571,0,1.0,0,0.75,-0.63,13.3,86.7
2022-11-24 12:30:00,110.795568216658,98.787992772222,98.803547749998,20.472222206666668,13.355333333333334,27.5,2,5.1764362714980825,70.66250196097344,12,3,11,1.2246467991473532e-16,-1.0,0.4338837391175582,-0.900968867902419,-0.5000000000000004,0.8660254037844384,384.5,374.375,282.4166666666667,6.1,16.35,100.0,39.5,-2.6500000000000004,3.8411353,0.0,10.55,20.47777776,27.65,27.966666666666665,27.55,27.5,27.2,-7.116888873333334,0.1388888566666715,0.815333333333335,12.54,13.297333333333334,20.29135802888889,12.471111111111114,4.883571,4.8705616,4.850658,4.7918715,4.831863,0,0.0,1,1.0,-0.6,12.5,87.5
2022-11-24 12:45:00,16.451008466672,0.0,0.0,20.47777776,13.297333333333334,27.2,0,5.1764362714980825,70.66250196097344,12,3,11,1.2246467991473532e-16,-1.0,0.4338837391175582,-0.900968867902419,-0.5000000000000004,0.8660254037844384,388.25,382.625,304.25,6.7,17.525,100.0,38.25,-2.6750000000000003,3.8205676,0.0,10.975,20.36666663333333,27.5,27.65,27.966666666666665,27.55,27.466666666666665,-7.180444426666664,0.0055555533333304,-0.0579999999999998,13.355333333333334,13.225333333333332,20.427777772222225,13.064222222222226,4.831863,4.883571,4.8705616,4.850658,4.847695,1,1.0,1,0.75,-0.6,12.5,87.5
2022-11-24 13:00:00,127.989046933332,104.214164566668,104.229164,20.36666663333333,13.225333333333332,27.466666666666665,2,5.1764362714980825,70.66250196097344,13,3,11,-0.2588190451025208,-0.9659258262890684,0.4338837391175582,-0.900968867902419,-0.5000000000000004,0.8660254037844384,392.0,386.375,323.75,7.3,18.7,100.0,37.0,-2.7,3.7957032,0.0,11.4,20.22777776,27.2,27.5,27.65,27.966666666666665,27.5,-7.141333300000001,-0.111111126666664,-0.0720000000000009,13.297333333333334,13.296666666666663,20.43888886666667,13.292666666666667,4.847695,4.831863,4.883571,4.8705616,4.814355,0,1.0,1,0.75,-0.62,13.1,86.9
2022-11-24 13:15:00,56.495240316658,28.675797355556,28.68496372222,20.22777776,13.296666666666663,27.5,1,5.1764362714980825,70.66250196097344,13,3,11,-0.2588190451025208,-0.9659258262890684,0.4338837391175582,-0.900968867902419,-0.5000000000000004,0.8660254037844384,386.0,387.6875,340.0,7.925,19.775,100.0,36.75,-2.725,3.8056633,0.0,11.55,20.21296297,27.466666666666665,27.2,27.5,27.65,27.5,-6.9311110933333335,-0.138888873333336,0.0713333333333317,13.225333333333332,13.486,20.357407384444443,13.273111111111112,4.814355,4.847695,4.831863,4.883571,4.8101883,0,1.0,1,0.75,-0.65,14.0,86.0
2022-11-24 13:30:00,67.811176544436,41.159742411112,41.16890876111,20.21296297,13.486,27.5,1,5.1764362714980825,70.66250196097344,13,3,11,-0.2588190451025208,-0.9659258262890684,0.4338837391175582,-0.900968867902419,-0.5000000000000004,0.8660254037844384,380.0,386.5625,353.0,8.55,20.85,100.0,36.5,-2.75,3.815429,0.0,11.7,19.99999997,27.5,27.466666666666665,27.2,27.5,27.85,-6.726962970000001,-0.014814789999999,0.1893333333333338,13.296666666666663,13.642,20.26913578777778,13.336,4.8101883,4.814355,4.847695,4.831863,4.8110847,0,1.0,0,0.75,-0.66,14.1,85.9
2022-11-24 13:45:00,532.57425176111,95.281744127778,95.298132405554,19.99999997,13.642,27.85,2,5.1764362714980825,70.66250196097344,13,3,11,-0.2588190451025208,-0.9659258262890684,0.4338837391175582,-0.900968867902419,-0.5000000000000004,0.8660254037844384,374.0,383.0,362.75,9.175,21.925,100.0,36.25,-2.775,3.8249974,0.0,11.85,19.955555556666663,27.5,27.5,27.466666666666665,27.2,28.0,-6.357999969999998,-0.212963000000002,0.1560000000000005,13.486,13.544666666666666,20.146913566666665,13.47488888888889,4.8110847,4.8101883,4.814355,4.847695,4.8244233,0,0.0,1,1.0,-0.7,15.4,84.6
2022-11-24 14:00:00,656.214583749998,0.0,0.0,19.955555556666663,13.544666666666666,28.0,0,5.1764362714980825,70.66250196097344,14,3,11,-0.4999999999999997,-0.8660254037844388,0.4338837391175582,-0.900968867902419,-0.5000000000000004,0.8660254037844384,368.0,377.0,369.25,9.8,23.0,100.0,36.0,-2.8,3.8343642,0.0,12.0,19.77777777,27.85,27.5,27.5,27.466666666666665,28.0,-6.410888889999997,-0.0444444133333341,-0.0973333333333332,13.642,13.642,20.05617283222222,13.557555555555558,4.8244233,4.8110847,4.8101883,4.814355,4.77441,1,1.0,1,0.75,-0.71,15.7,84.3
2022-11-24 14:15:00,115.177892633336,103.153373666668,103.169206416666,19.77777777,13.642,28.0,2,5.1764362714980825,70.66250196097344,14,3,11,-0.4999999999999997,-0.8660254037844388,0.4338837391175582,-0.900968867902419,-0.5000000000000004,0.8660254037844384,354.0,369.0,372.7708333333333,9.7,23.375,100.0,36.0,-2.775,3.8224158,0.0,11.95,19.794444443333337,28.0,27.85,27.5,27.5,28.0,-6.135777770000001,-0.1777777866666632,0.0973333333333332,13.544666666666666,13.63,19.911111098888888,13.609555555555556,4.77441,4.8244233,4.8110847,4.8101883,4.77908,0,1.0,1,0.75,-0.75,16.9,83.1
2022-11-24 14:30:00,54.646980816662,34.924714055556,34.933602633332,19.794444443333337,13.63,28.0,1,5.1764362714980825,70.66250196097344,14,3,11,-0.4999999999999997,-0.8660254037844388,0.4338837391175582,-0.900968867902419,-0.5000000000000004,0.8660254037844384,340.0,359.0,373.3125,9.6,23.75,100.0,36.0,-2.75,3.8105013,0.0,11.9,19.66111109,28.0,28.0,27.85,27.5,28.05,-6.164444443333338,0.0166666733333364,-0.0120000000000004,13.642,13.412,19.84259259,13.605555555555556,4.77908,4.77441,4.8244233,4.8110847,4.750299,0,1.0,1,0.75,-0.75,16.8,83.2
2022-11-24 14:45:00,80.803990094438,49.20414283889,49.214142488888,19.66111109,13.412,28.05,1,5.1764362714980825,70.66250196097344,14,3,11,-0.4999999999999997,-0.8660254037844388,0.4338837391175582,-0.900968867902419,-0.5000000000000004,0.8660254037844384,326.0,347.0,370.875,9.5,24.125,100.0,36.0,-2.725,3.7986183,0.0,11.85,19.516666636666667,28.0,28.0,28.0,27.85,28.28333333333333,-6.249111090000001,-0.1333333533333345,-0.2179999999999982,13.63,13.519333333333332,19.744444434444446,13.561333333333335,4.750299,4.77908,4.77441,4.8244233,4.7493415,0,1.0,0,0.75,-0.78,17.8,82.2
2022-11-24 15:00:00,125.318320466664,97.784699572222,97.80053232222,19.516666636666667,13.519333333333332,28.28333333333333,2,5.1764362714980825,70.66250196097344,15,3,11,-0.7071067811865471,-0.7071067811865479,0.4338837391175582,-0.900968867902419,-0.5000000000000004,0.8660254037844384,312.0,333.0,365.4583333333333,9.4,24.5,100.0,36.0,-2.7,3.786768,0.0,11.8,19.58888888,28.05,28.0,28.0,28.0,28.0,-5.997333303333335,-0.1444444533333353,0.1073333333333312,13.412,13.601333333333336,19.657407390000003,13.520444444444443,4.7493415,4.750299,4.77908,4.77441,4.72176,0,0.0,1,1.0,-0.81,18.9,81.1
2022-11-24 15:15:00,32.489811505554,15.588265327778,15.594931811108,19.58888888,13.601333333333336,28.0,1,5.1764362714980825,70.66250196097344,15,3,11,-0.7071067811865471,-0.7071067811865479,0.4338837391175582,-0.900968867902419,-0.5000000000000004,0.8660254037844384,284.5,315.625,357.4375,8.75,23.775,100.0,37.75,-2.5250000000000004,3.854467,0.0,11.325,19.42407406333333,28.28333333333333,28.05,28.0,28.0,28.183333333333334,-5.987555546666664,0.0722222433333321,0.0820000000000025,13.519333333333332,13.466666666666669,19.58888886888889,13.510888888888893,4.72176,4.7493415,4.750299,4.77908,4.7068524,0,0.0,1,1.0,-0.8,18.4,81.6
2022-11-24 15:30:00,133.515770372218,114.41681206111,114.43431144444,19.42407406333333,13.466666666666669,28.183333333333334,2,5.1764362714980825,70.66250196097344,15,3,11,-0.7071067811865471,-0.7071067811865479,0.4338837391175582,-0.900968867902419,-0.5000000000000004,0.8660254037844384,257.0,294.875,346.8125,8.1,23.05,100.0,39.5,-2.35,3.9144967,0.0,10.85,19.54444442,28.0,28.28333333333333,28.05,28.0,28.15,-5.957407396666666,-0.1648148166666665,-0.1346666666666678,13.601333333333336,13.137333333333334,19.509876526666662,13.529111111111114,4.7068524,4.72176,4.7493415,4.750299,4.7346754,0,0.0,1,1.0,-0.83,19.6,80.4
2022-11-24 15:45:00,36.737419227782,24.618737427778,24.62762602222,19.54444442,13.137333333333334,28.15,1,5.1764362714980825,70.66250196097344,15,3,11,-0.7071067811865471,-0.7071067811865479,0.4338837391175582,-0.900968867902419,-0.5000000000000004,0.8660254037844384,229.5,270.75,333.5833333333333,7.45,22.325000000000003,100.0,41.25,-2.175,3.967201,0.0,10.375,19.394444426666663,28.183333333333334,28.0,28.28333333333333,28.05,28.0,-6.407111086666664,0.1203703566666654,-0.3293333333333326,13.466666666666669,12.663333333333332,19.519135787777778,13.40177777777778,4.7346754,4.7068524,4.72176,4.7493415,4.6680903,0,0.0,1,1.0,-0.81,18.7,81.3
2022-11-24 16:00:00,93.236825911112,79.201554027778,79.215442405554,19.394444426666663,12.663333333333332,28.0,2,5.1764362714980825,70.66250196097344,16,3,11,-0.8660254037844385,-0.5000000000000004,0.4338837391175582,-0.900968867902419,-0.5000000000000004,0.8660254037844384,202.0,243.25,317.75,6.8,21.6,100.0,43.0,-2.0,4.0129137,0.0,9.9,19.37222224,28.15,28.183333333333334,28.0,28.28333333333333,27.95,-6.731111093333334,-0.1499999933333313,-0.474000000000002,13.137333333333334,12.251333333333331,19.45432097,13.089111111111114,4.6680903,4.7346754,4.7068524,4.72176,4.653666,0,0.0,1,1.0,-0.84,19.9,80.1
2022-11-24 16:15:00,113.629065838886,76.579992244444,76.59193628333,19.37222224,12.251333333333331,27.95,2,5.1764362714980825,70.66250196097344,16,3,11,-0.8660254037844385,-0.5000000000000004,0.4338837391175582,-0.900968867902419,-0.5000000000000004,0.8660254037844384,178.0,216.625,300.4166666666667,7.3,19.625,99.75,44.75,-2.15,3.9878566,0.0,9.175,19.462962976666667,28.0,28.15,28.183333333333334,28.0,27.716666666666665,-7.120888906666666,-0.0222221866666672,-0.411999999999999,12.663333333333332,11.698,19.43703702888889,12.684000000000005,4.653666,4.6680903,4.7346754,4.7068524,4.6395154,0,0.0,0,1.0,-0.85,20.1,79.9
2022-11-24 16:30:00,56.151365172214,28.581634488888,28.590245361106,19.462962976666667,11.698,27.716666666666665,1,5.1764362714980825,70.66250196097344,16,3,11,-0.8660254037844385,-0.5000000000000004,0.4338837391175582,-0.900968867902419,-0.5000000000000004,0.8660254037844384,154.0,190.875,281.5833333333333,7.800000000000001,17.65,99.5,46.5,-2.3,3.9558125,0.0,8.45,19.27777775,27.95,28.0,28.15,28.183333333333334,28.0,-7.764962976666666,0.0907407366666674,-0.5533333333333328,12.251333333333331,11.432666666666668,19.409876547777777,12.204222222222224,4.6395154,4.653666,4.6680903,4.7346754,4.636143,0,0.0,1,1.0,-0.83,19.4,80.6
2022-11-24 16:45:00,133.819924972214,120.656284672222,120.674061811108,19.27777775,11.432666666666668,28.0,2,5.1764362714980825,70.66250196097344,16,3,11,-0.8660254037844385,-0.5000000000000004,0.4338837391175582,-0.900968867902419,-0.5000000000000004,0.8660254037844384,130.0,166.0,261.25,8.3,15.675,99.25,48.25,-2.45,3.9173856,0.0,7.725,19.44999997333333,27.716666666666665,27.95,28.0,28.15,27.816666666666663,-7.845111083333331,-0.1851852266666682,-0.2653333333333325,11.698,11.102666666666666,19.37098765555556,11.794000000000002,4.636143,4.6395154,4.653666,4.6680903,4.652705,0,0.0,1,1.0,-0.87,20.9,79.1
2022-11-24 17:00:00,39.901459511108,16.331846683334,16.33795762222,19.44999997333333,11.102666666666666,27.816666666666663,1,5.1764362714980825,70.66250196097344,17,3,11,-0.9659258262890684,-0.2588190451025206,0.4338837391175582,-0.900968867902419,-0.5000000000000004,0.8660254037844384,106.0,142.0,239.41666666666663,8.8,13.7,99.0,50.0,-2.6,3.8731496,0.0,7.0,19.34444446,28.0,27.716666666666665,27.95,28.0,27.85,-8.347333306666664,0.1722222233333319,-0.3300000000000018,11.432666666666668,10.744666666666664,19.39691356666667,11.411111111111111,4.652705,4.636143,4.6395154,4.653666,4.629441,0,0.0,1,1.0,-0.83,19.5,80.5
2022-11-24 17:15:00,106.374356122216,93.626810327778,93.642087549998,19.34444446,10.744666666666664,27.85,2,5.1764362714980825,70.66250196097344,17,3,11,-0.9659258262890684,-0.2588190451025206,0.4338837391175582,-0.900968867902419,-0.5000000000000004,0.8660254037844384,82.0,118.0,216.75,10.475,16.575,95.0,52.5,-2.65,3.8917627,0.0,6.325,19.359259273333333,27.816666666666663,28.0,27.716666666666665,27.95,27.816666666666663,-8.599777793333333,-0.1055555133333321,-0.3580000000000005,11.102666666666666,10.512,19.35740739444444,11.093333333333335,4.629441,4.652705,4.636143,4.6395154,4.6279335,0,0.0,1,1.0,-0.85,20.4,79.6
2022-11-24 17:30:00,85.054375622216,73.077354588888,73.090409699996,19.359259273333333,10.512,27.816666666666663,2,5.1764362714980825,70.66250196097344,17,3,11,-0.9659258262890684,-0.2588190451025206,0.4338837391175582,-0.900968867902419,-0.5000000000000004,0.8660254037844384,58.0,94.0,193.25,12.15,19.45,91.0,55.0,-2.7,3.90064,0.0,5.65,19.40000001,27.85,27.816666666666663,28.0,27.716666666666665,27.55,-8.847259273333332,0.0148148133333343,-0.232666666666665,10.744666666666664,10.447333333333336,19.38456790222222,10.786444444444449,4.6279335,4.629441,4.652705,4.636143,4.594569,0,0.0,0,1.0,-0.85,20.2,79.8
2022-11-24 17:45:00,72.588762966668,38.667619866668,38.67484186111,19.40000001,10.447333333333336,27.55,1,5.1764362714980825,70.66250196097344,17,3,11,-0.9659258262890684,-0.2588190451025206,0.4338837391175582,-0.900968867902419,-0.5000000000000004,0.8660254037844384,34.0,70.0,168.91666666666666,13.825,22.325,87.0,57.5,-2.75,3.9004939,0.0,4.975,19.2425926,27.816666666666663,27.85,27.816666666666663,28.0,27.966666666666665,-8.952666676666665,0.0407407366666667,-0.0646666666666657,10.512,10.207333333333334,19.367901247777777,10.568000000000003,4.594569,4.6279335,4.629441,4.652705,4.6210365,0,0.0,1,1.0,-0.84,20.0,80.0
2022-11-24 18:00:00,159.88360456666,128.667908644444,128.685408011108,19.2425926,10.207333333333334,27.966666666666665,2,5.1764362714980825,70.66250196097344,18,3,11,-1.0,-1.8369701987210294e-16,0.4338837391175582,-0.900968867902419,-0.5000000000000004,0.8660254037844384,10.0,46.0,143.75,15.5,25.2,83.0,60.0,-2.8,3.8920026,0.0,4.3,19.46666668,27.55,27.816666666666663,27.85,27.816666666666663,27.65,-9.035259266666667,-0.1574074099999975,-0.2400000000000002,10.447333333333336,9.966666666666669,19.333950627777774,10.388888888888893,4.6210365,4.594569,4.6279335,4.629441,4.6293626,0,0.0,1,1.0,-0.88,21.2,78.8
2022-11-24 18:15:00,28.425529649998,14.356925716666,14.363314411108,19.46666668,9.966666666666669,27.65,1,5.1764362714980825,70.66250196097344,18,3,11,-1.0,-1.8369701987210294e-16,0.4338837391175582,-0.900968867902419,-0.5000000000000004,0.8660254037844384,7.5,27.375,120.66666666666669,16.1,27.45,86.75,59.25,-2.9,3.8689725,0.0,4.4,19.30740738333333,27.966666666666665,27.55,27.816666666666663,27.85,27.683333333333334,-9.500000013333333,0.2240740799999976,-0.2406666666666677,10.207333333333334,9.829333333333333,19.36975309666667,10.207111111111116,4.6293626,4.6210365,4.594569,4.6279335,4.591714,0,0.0,1,1.0,-0.83,19.4,80.6
2022-11-24 18:30:00,131.066701672218,113.551846644444,113.567401638886,19.30740738333333,9.829333333333333,27.683333333333334,2,5.1764362714980825,70.66250196097344,18,3,11,-1.0,-1.8369701987210294e-16,0.4338837391175582,-0.900968867902419,-0.5000000000000004,0.8660254037844384,5.0,14.125,99.66666666666669,16.7,29.700000000000003,90.5,58.5,-3.0,3.8454409,0.0,4.5,19.41666666,27.65,27.966666666666665,27.55,27.816666666666663,27.6,-9.478074050000002,-0.159259296666665,-0.1373333333333342,9.966666666666669,9.777333333333331,19.33888888777778,10.001111111111111,4.591714,4.6293626,4.6210365,4.594569,4.607423,0,0.0,1,1.0,-0.86,20.7,79.3
2022-11-24 18:45:00,74.35369241666601,55.612497644444,55.623052872218,19.41666666,9.777333333333331,27.6,1,5.1764362714980825,70.66250196097344,18,3,11,-1.0,-1.8369701987210294e-16,0.4338837391175582,-0.900968867902419,-0.5000000000000004,0.8660254037844384,2.5,6.25,80.75,17.299999999999997,31.950000000000003,94.25,57.75,-3.1,3.8214028,0.0,4.6,19.39814814,27.683333333333334,27.65,27.966666666666665,27.55,27.216666666666665,-9.639333326666664,0.1092592766666626,-0.0519999999999996,9.829333333333333,10.0,19.396913574444444,9.85777777777778,4.607423,4.591714,4.6293626,4.6210365,4.538484,0,0.0,1,1.0,-0.84,19.8,80.2
2022-11-24 19:00:00,65.935973588888,53.751183216666,53.760905111108,19.39814814,10.0,27.216666666666665,1,5.1764362714980825,70.66250196097344,19,3,11,-0.9659258262890684,0.2588190451025203,0.4338837391175582,-0.900968867902419,-0.5000000000000004,0.8660254037844384,0.0,3.75,63.91666666666666,17.9,34.2,98.0,57.0,-3.2,3.796854,0.0,4.7,19.2888889,27.6,27.683333333333334,27.65,27.966666666666665,27.45,-9.39814814,-0.018518519999997,0.222666666666667,9.777333333333331,10.02,19.374074061111116,9.86888888888889,4.538484,4.607423,4.591714,4.6293626,4.5480504,0,0.0,0,1.0,-0.84,20.0,80.0
2022-11-24 19:15:00,145.21474684444,119.3168938,119.33355988333,19.2888889,10.02,27.45,2,5.1764362714980825,70.66250196097344,19,3,11,-0.9659258262890684,0.2588190451025203,0.4338837391175582,-0.900968867902419,-0.5000000000000004,0.8660254037844384,0.0,1.875,49.083333333333336,18.125,34.550000000000004,98.5,56.75,-2.825,3.8943703,0.0,5.15,19.496296306666668,27.216666666666665,27.6,27.683333333333334,27.65,27.03333333333333,-9.2688889,-0.10925924,0.0200000000000013,10.0,10.016,19.36790123333333,9.932444444444448,4.5480504,4.538484,4.607423,4.591714,4.5340075,0,0.0,1,1.0,-0.87,20.9,79.1
2022-11-24 19:30:00,41.965543677772,0.0,0.0,19.496296306666668,10.016,27.03333333333333,0,5.1764362714980825,70.66250196097344,19,3,11,-0.9659258262890684,0.2588190451025203,0.4338837391175582,-0.900968867902419,-0.5000000000000004,0.8660254037844384,0.0,0.625,36.25,18.35,34.900000000000006,99.0,56.5,-2.45,3.9938712,0.0,5.6000000000000005,19.25555556,27.45,27.216666666666665,27.6,27.683333333333334,27.05,-9.480296306666668,0.2074074066666682,-0.0040000000000013,10.02,9.928,19.39444444888889,10.012000000000002,4.5340075,4.5480504,4.538484,4.607423,4.472987,1,1.0,1,0.75,-0.82,19.3,80.7
2022-11-24 19:45:00,109.560617699988,94.434833605554,94.449833088884,19.25555556,9.928,27.05,2,5.1764362714980825,70.66250196097344,19,3,11,-0.9659258262890684,0.2588190451025203,0.4338837391175582,-0.900968867902419,-0.5000000000000004,0.8660254037844384,0.0,0.0,25.416666666666668,18.575,35.25,99.5,56.25,-2.075,4.0953846,0.0,6.05,19.32037036,27.03333333333333,27.45,27.216666666666665,27.6,27.28333333333333,-9.327555560000002,-0.2407407466666669,-0.0880000000000009,10.016,9.821333333333332,19.34691358888889,9.988000000000005,4.472987,4.5340075,4.5480504,4.538484,4.528822,0,1.0,1,0.75,-0.88,21.3,78.7
2022-11-24 20:00:00,84.04413826666,71.885735572222,71.897679594442,19.32037036,9.821333333333332,27.28333333333333,2,5.1764362714980825,70.66250196097344,20,3,11,-0.8660254037844386,0.5000000000000001,0.4338837391175582,-0.900968867902419,-0.5000000000000004,0.8660254037844384,0.0,0.0,16.583333333333332,18.8,35.6,100.0,56.0,-1.7,4.198934,0.0,6.5,19.40000001,27.05,27.03333333333333,27.45,27.216666666666665,26.7,-9.499037026666668,0.0648148000000006,-0.1066666666666655,9.928,9.806666666666668,19.357407408888893,9.92177777777778,4.528822,4.472987,4.5340075,4.5480504,4.452813,0,1.0,0,0.75,-0.86,20.7,79.3
2022-11-24 20:15:00,65.314054049998,41.799439072222,41.806661066664,19.40000001,9.806666666666668,26.7,1,5.1764362714980825,70.66250196097344,20,3,11,-0.8660254037844386,0.5000000000000001,0.4338837391175582,-0.900968867902419,-0.5000000000000004,0.8660254037844384,0.0,0.0,9.75,18.75,36.05,98.75,56.0,-1.825,4.1647997,0.0,6.375,19.2425926,27.28333333333333,27.05,27.03333333333333,27.45,26.966666666666665,-9.593333343333333,0.0796296499999975,-0.0146666666666668,9.821333333333332,9.846,19.325308643333333,9.852000000000002,4.452813,4.528822,4.472987,4.5340075,4.455803,0,1.0,1,0.75,-0.85,20.1,79.9
2022-11-24 20:30:00,133.435218161102,120.745170016666,120.762669416662,19.2425926,9.846,26.966666666666665,2,5.1764362714980825,70.66250196097344,20,3,11,-0.8660254037844386,0.5000000000000001,0.4338837391175582,-0.900968867902419,-0.5000000000000004,0.8660254037844384,0.0,0.0,4.916666666666667,18.700000000000003,36.5,97.5,56.0,-1.95,4.1309085,0.0,6.25,19.42777777,26.7,27.28333333333333,27.05,27.03333333333333,27.0,-9.396592600000002,-0.1574074099999975,0.0393333333333334,9.806666666666668,9.783333333333331,19.32098765666667,9.824666666666667,4.455803,4.452813,4.528822,4.472987,4.510209,0,0.0,1,1.0,-0.88,21.4,78.6
2022-11-24 20:45:00,27.228355438882,0.0,0.0,19.42777777,9.783333333333331,27.0,0,5.1764362714980825,70.66250196097344,20,3,11,-0.8660254037844386,0.5000000000000001,0.4338837391175582,-0.900968867902419,-0.5000000000000004,0.8660254037844384,0.0,0.0,2.083333333333333,18.65,36.95,96.25,56.0,-2.075,4.097258,0.0,6.125,19.23148149,26.966666666666665,26.7,27.28333333333333,27.05,27.0,-9.644444436666666,0.1851851699999969,-0.0626666666666668,9.846,9.75,19.35679012666667,9.812000000000005,4.510209,4.455803,4.452813,4.528822,4.4583917,1,1.0,1,0.75,-0.84,19.8,80.2
2022-11-24 21:00:00,142.651515994442,106.195752,106.211307011108,19.23148149,9.75,27.0,2,5.1764362714980825,70.66250196097344,21,3,11,-0.7071067811865477,0.7071067811865474,0.4338837391175582,-0.900968867902419,-0.5000000000000004,0.8660254037844384,0.0,0.0,1.25,18.6,37.4,95.0,56.0,-2.2,4.0638475,0.0,6.0,19.30555556,27.0,26.966666666666665,26.7,27.28333333333333,27.0,-9.48148149,-0.1962962799999985,-0.0333333333333332,9.783333333333331,9.576,19.300617286666668,9.793111111111116,4.4583917,4.510209,4.455803,4.452813,4.4778843,0,1.0,1,0.75,-0.88,21.5,78.5
2022-11-24 21:15:00,72.550153527774,52.51928806111,52.528732199996,19.30555556,9.576,27.0,1,5.1764362714980825,70.66250196097344,21,3,11,-0.7071067811865477,0.7071067811865474,0.4338837391175582,-0.900968867902419,-0.5000000000000004,0.8660254037844384,0.0,0.0,0.625,18.3,37.5,96.25,56.5,-2.125,4.0800214,0.0,5.925,19.307407426666668,27.0,27.0,26.966666666666665,26.7,27.0,-9.729555560000003,0.0740740700000017,-0.1740000000000012,9.75,9.427333333333332,19.32160494,9.703111111111111,4.4778843,4.4583917,4.510209,4.455803,4.4783726,0,1.0,1,0.75,-0.87,20.9,79.1
2022-11-24 21:30:00,66.521505716666,54.447821983334,54.459488266664,19.307407426666668,9.427333333333332,27.0,1,5.1764362714980825,70.66250196097344,21,3,11,-0.7071067811865477,0.7071067811865474,0.4338837391175582,-0.900968867902419,-0.5000000000000004,0.8660254037844384,0.0,0.0,0.2083333333333333,18.0,37.6,97.5,57.0,-2.05,4.095927,0.0,5.85,19.23333333,27.0,27.0,27.0,26.966666666666665,27.0,-9.880074093333334,0.0018518666666658,-0.1486666666666654,9.576,9.342,19.281481492222227,9.584444444444449,4.4783726,4.4778843,4.4583917,4.510209,4.4588785,0,1.0,0,0.75,-0.87,20.8,79.2
2022-11-24 21:45:00,119.263562783326,101.6750995,101.690376738886,19.23333333,9.342,27.0,2,5.1764362714980825,70.66250196097344,21,3,11,-0.7071067811865477,0.7071067811865474,0.4338837391175582,-0.900968867902419,-0.5000000000000004,0.8660254037844384,0.0,0.0,0.0,17.7,37.7,98.75,57.5,-1.975,4.111566,0.0,5.775,19.40000000666667,27.0,27.0,27.0,27.0,27.0,-9.89133333,-0.074074096666667,-0.0853333333333328,9.427333333333332,9.326666666666666,19.282098772222223,9.448444444444446,4.4588785,4.4783726,4.4778843,4.4583917,4.502845,0,0.0,1,1.0,-0.88,21.5,78.5
2022-11-24 22:00:00,40.434771494442,21.70440953889,21.712187094442,19.40000000666667,9.326666666666666,27.0,1,5.1764362714980825,70.66250196097344,22,3,11,-0.5000000000000004,0.8660254037844384,0.4338837391175582,-0.900968867902419,-0.5000000000000004,0.8660254037844384,0.0,0.0,0.0,17.4,37.8,100.0,58.0,-1.9,4.1269393,0.0,5.7,19.22222225,27.0,27.0,27.0,27.0,27.3,-10.073333340000003,0.1666666766666686,-0.0153333333333343,9.342,9.334666666666667,19.31358025444445,9.365333333333336,4.502845,4.4588785,4.4783726,4.4778843,4.5054703,0,0.0,1,1.0,-0.84,20.1,79.9
2022-11-24 22:15:00,141.121577094446,119.335781911112,119.351336872222,19.22222225,9.334666666666667,27.3,2,5.1764362714980825,70.66250196097344,22,3,11,-0.5000000000000004,0.8660254037844384,0.4338837391175582,-0.900968867902419,-0.5000000000000004,0.8660254037844384,0.0,0.0,0.0,17.575,37.35,100.0,58.25,-1.825,4.158363,0.0,5.75,19.374074086666667,27.0,27.0,27.0,27.0,27.03333333333333,-9.887555583333334,-0.1777777566666678,0.0080000000000008,9.326666666666666,9.316666666666666,19.28518519555556,9.334444444444449,4.5054703,4.502845,4.4588785,4.4783726,4.5015306,0,0.0,1,1.0,-0.88,21.5,78.5
2022-11-24 22:30:00,49.631348216658,19.657824772222,19.663935711108,19.374074086666667,9.316666666666666,27.03333333333333,1,5.1764362714980825,70.66250196097344,22,3,11,-0.5000000000000004,0.8660254037844384,0.4338837391175582,-0.900968867902419,-0.5000000000000004,0.8660254037844384,0.0,0.0,0.0,17.75,36.9,100.0,58.5,-1.75,4.1899424,0.0,5.800000000000001,19.2277778,27.3,27.0,27.0,27.0,27.05,-10.05740742,0.1518518366666654,-0.0180000000000006,9.334666666666667,9.228000000000002,19.332098781111117,9.326000000000002,4.5015306,4.5054703,4.502845,4.4588785,4.465673,0,0.0,1,1.0,-0.85,20.3,79.7
2022-11-24 22:45:00,98.957152672222,71.589358527778,71.599635933332,19.2277778,9.228000000000002,27.05,2,5.1764362714980825,70.66250196097344,22,3,11,-0.5000000000000004,0.8660254037844384,0.4338837391175582,-0.900968867902419,-0.5000000000000004,0.8660254037844384,0.0,0.0,0.0,17.925,36.45,100.0,58.75,-1.675,4.2216783,0.0,5.8500000000000005,19.22261904714286,27.03333333333333,27.3,27.0,27.0,27.28214285714285,-9.9997778,-0.146296286666665,-0.0886666666666649,9.316666666666666,9.184285714285716,19.27469137888889,9.293111111111116,4.465673,4.5015306,4.5054703,4.502845,4.5026293,0,0.0,1,1.0,-0.88,21.5,78.5
2022-11-24 23:00:00,92.452135233328,80.983149444444,80.99676008333,19.22261904714286,9.184285714285716,27.28214285714285,2,5.1764362714980825,70.66250196097344,23,3,11,-0.2588190451025215,0.965925826289068,0.4338837391175582,-0.900968867902419,-0.5000000000000004,0.8660254037844384,0.0,0.0,0.0,18.1,36.0,100.0,59.0,-1.6,4.2535734,0.0,5.9,19.359126992857146,27.05,27.03333333333333,27.3,27.0,27.0,-10.038333332857144,-0.0051587528571417,-0.0437142857142855,9.228000000000002,9.191428571428572,19.274823644603178,9.242984126984132,4.5026293,4.465673,4.5015306,4.5054703,4.4920278,0,0.0,0,1.0,-0.88,21.5,78.5
2022-11-24 23:15:00,41.554448788892,30.238512677776,30.246290199996,19.359126992857146,9.191428571428572,27.0,1,5.1764362714980825,70.66250196097344,23,3,11,-0.2588190451025215,0.965925826289068,0.4338837391175582,-0.900968867902419,-0.5000000000000004,0.8660254037844384,0.0,0.0,0.0,18.325000000000003,36.8,100.0,58.5,-1.5,4.2731695,0.0,6.1000000000000005,19.19047619357143,27.28214285714285,27.05,27.03333333333333,27.3,27.196428571428573,-10.16769842142857,0.1365079457142819,0.0071428571428562,9.184285714285716,9.171428571428573,19.269841280000005,9.201238095238098,4.4920278,4.5026293,4.465673,4.5015306,4.47999,0,0.0,1,1.0,-0.85,20.4,79.6
2022-11-24 23:30:00,138.161973366664,115.5337118,115.54815572222,19.19047619357143,9.171428571428573,27.196428571428573,2,5.1764362714980825,70.66250196097344,23,3,11,-0.2588190451025215,0.965925826289068,0.4338837391175582,-0.900968867902419,-0.5000000000000004,0.8660254037844384,0.0,0.0,0.0,18.55,37.6,100.0,58.0,-1.4,4.292451,0.0,6.300000000000001,19.3722222,27.0,27.28214285714285,27.05,27.03333333333333,27.15,-10.01904762214286,-0.1686507992857109,-0.0199999999999995,9.191428571428572,9.106666666666666,19.25740741119048,9.182380952380957,4.47999,4.4920278,4.5026293,4.465673,4.520466,0,0.0,1,1.0,-0.89,21.8,78.2
2022-11-24 23:45:00,25.147049761106,0.0,0.0,19.3722222,9.106666666666666,27.15,0,5.1764362714980825,70.66250196097344,23,3,11,-0.2588190451025215,0.965925826289068,0.4338837391175582,-0.900968867902419,-0.5000000000000004,0.8660254037844384,0.0,0.0,0.0,18.775,38.400000000000006,100.0,57.5,-1.3,4.311405,0.0,6.5,19.189682520714285,27.196428571428573,27.0,27.28214285714285,27.05,27.196428571428573,-10.265555533333334,0.1817460064285683,-0.064761904761907,9.171428571428573,9.148571428571428,19.307275128809525,9.15650793650794,4.520466,4.47999,4.4920278,4.5026293,4.4797807,1,1.0,1,0.75,-0.85,20.3,79.7
2022-11-25 00:00:00,131.317247166664,105.254122983334,105.268844677776,19.189682520714285,9.148571428571428,27.196428571428573,2,5.1764362714980825,70.66250196097344,0,4,11,0.0,1.0,-0.433883739117558,-0.9009688679024191,-0.5000000000000004,0.8660254037844384,0.0,0.0,0.0,19.0,39.2,100.0,57.0,-1.2,4.3300223,0.0,6.7,19.30555556,27.15,27.196428571428573,27.0,27.28214285714285,27.45,-10.041111092142858,-0.1825396792857141,0.0419047619047621,9.106666666666666,9.167333333333334,19.25079363809524,9.142222222222223,4.4797807,4.520466,4.47999,4.4920278,4.552516,0,1.0,1,0.75,-0.89,21.8,78.2
2022-11-25 00:15:00,73.673997455552,46.070657083334,46.079545694442,19.30555556,9.167333333333334,27.45,1,5.1764362714980825,70.66250196097344,0,4,11,0.0,1.0,-0.433883739117558,-0.9009688679024191,-0.5000000000000004,0.8660254037844384,0.0,0.0,0.0,19.35,39.85,100.0,56.75,-1.15,4.3392015,0.0,6.8,19.28703704,27.196428571428573,27.15,27.196428571428573,27.0,27.216666666666665,-10.138222226666668,0.1158730392857165,0.0187619047619058,9.148571428571428,9.289333333333332,19.289153426904765,9.140857142857143,4.552516,4.4797807,4.520466,4.47999,4.5088987,0,1.0,1,0.75,-0.86,20.8,79.2
2022-11-25 00:30:00,65.215446877776,49.406079227778,49.41580112222,19.28703704,9.289333333333332,27.216666666666665,1,5.1764362714980825,70.66250196097344,0,4,11,0.0,1.0,-0.433883739117558,-0.9009688679024191,-0.5000000000000004,0.8660254037844384,0.0,0.0,0.0,19.7,40.5,100.0,56.5,-1.1,4.3482924,0.0,6.9,19.17222224,27.45,27.196428571428573,27.15,27.196428571428573,27.5,-9.997703706666664,-0.0185185200000042,0.1219999999999998,9.167333333333334,9.134,19.26075837357143,9.201746031746035,4.5088987,4.552516,4.4797807,4.520466,4.525126,0,1.0,0,0.75,-0.87,21.0,79.0
2022-11-25 00:45:00,135.094040588884,123.1134086,123.13007468333,19.17222224,9.134,27.5,2,5.1764362714980825,70.66250196097344,0,4,11,0.0,1.0,-0.433883739117558,-0.9009688679024191,-0.5000000000000004,0.8660254037844384,0.0,0.0,0.0,20.05,41.15,100.0,56.25,-1.05,4.3572936,0.0,7.0,19.374074086666667,27.216666666666665,27.45,27.196428571428573,27.15,27.5,-10.03822224,-0.1148147999999977,-0.1553333333333348,9.289333333333332,9.18,19.25493828,9.196888888888893,4.525126,4.5088987,4.552516,4.4797807,4.5792394,0,0.0,1,1.0,-0.89,21.9,78.1
2022-11-25 01:00:00,22.37716046111,0.0,0.0,19.374074086666667,9.18,27.5,0,5.1764362714980825,70.66250196097344,1,4,11,0.2588190451025207,0.9659258262890684,-0.433883739117558,-0.9009688679024191,-0.5000000000000004,0.8660254037844384,0.0,0.0,0.0,20.4,41.8,100.0,56.0,-1.0,4.3662033,0.0,7.1,19.2,27.5,27.216666666666665,27.45,27.196428571428573,27.5,-10.194074086666667,0.201851846666667,0.0460000000000011,9.134,9.224,19.277777788888887,9.201111111111112,4.5792394,4.525126,4.5088987,4.552516,4.532539,1,1.0,1,0.75,-0.85,20.2,79.8
2022-11-25 01:15:00,123.665053183334,97.968858872222,97.983302777776,19.2,9.224,27.5,2,5.1764362714980825,70.66250196097344,1,4,11,0.2588190451025207,0.9659258262890684,-0.433883739117558,-0.9009688679024191,-0.5000000000000004,0.8660254037844384,0.0,0.0,0.0,20.45,42.05,100.0,56.25,-0.975,4.378579,0.0,7.074999999999999,19.244444466666668,27.5,27.5,27.216666666666665,27.45,27.5,-9.976,-0.1740740866666676,0.0440000000000004,9.18,9.244,19.248765442222226,9.179333333333334,4.532539,4.5792394,4.525126,4.5088987,4.5444236,0,1.0,1,0.75,-0.89,21.6,78.4
2022-11-25 01:30:00,76.29722590555,48.575279094446,48.584445444444,19.244444466666668,9.244,27.5,1,5.1764362714980825,70.66250196097344,1,4,11,0.2588190451025207,0.9659258262890684,-0.433883739117558,-0.9009688679024191,-0.5000000000000004,0.8660254037844384,0.0,0.0,0.0,20.5,42.3,100.0,56.5,-0.95,4.3909035,0.0,7.05,19.25555555,27.5,27.5,27.5,27.216666666666665,27.55,-10.000444466666668,0.0444444666666683,0.0199999999999995,9.224,9.350666666666664,19.27283951777778,9.216,4.5444236,4.532539,4.5792394,4.525126,4.555667,0,1.0,1,0.75,-0.88,21.3,78.7
2022-11-25 01:45:00,73.548446977772,50.875464933332,50.884909055552,19.25555555,9.350666666666664,27.55,1,5.1764362714980825,70.66250196097344,1,4,11,0.2588190451025207,0.9659258262890684,-0.433883739117558,-0.9009688679024191,-0.5000000000000004,0.8660254037844384,0.0,0.0,0.0,20.55,42.55,100.0,56.75,-0.925,4.403173,0.0,7.025,19.154761935714284,27.5,27.5,27.5,27.5,27.767857142857142,-9.904888883333337,0.0111110833333327,0.1066666666666655,9.244,9.43,19.233333338888887,9.272888888888891,4.555667,4.5444236,4.532539,4.5792394,4.5645022,0,1.0,0,0.75,-0.88,21.2,78.8
2022-11-25 02:00:00,117.288919238894,97.151947083334,97.165835444444,19.154761935714284,9.43,27.767857142857142,2,5.1764362714980825,70.66250196097344,2,4,11,0.4999999999999999,0.8660254037844387,-0.433883739117558,-0.9009688679024191,-0.5000000000000004,0.8660254037844384,0.0,0.0,0.0,20.6,42.8,100.0,57.0,-0.9,4.4153905,0.0,7.0,19.33333335,27.55,27.5,27.5,27.5,27.5,-9.724761935714282,-0.1007936142857168,0.0793333333333361,9.350666666666664,9.46,19.218253984126985,9.341555555555558,4.5645022,4.555667,4.5444236,4.532539,4.5682726,0,0.0,1,1.0,-0.9,22.0,78.0
2022-11-25 02:15:00,28.329144522224,16.25462753889,16.260182916666,19.33333335,9.46,27.5,1,5.1764362714980825,70.66250196097344,2,4,11,0.4999999999999999,0.8660254037844387,-0.433883739117558,-0.9009688679024191,-0.5000000000000004,0.8660254037844384,0.0,0.0,0.0,20.25,42.625,100.0,57.5,-0.875,4.4252534,0.0,6.9,19.18484851636364,27.767857142857142,27.55,27.5,27.5,27.5,-9.873333349999996,0.1785714142857131,0.0299999999999993,9.43,9.472727272727273,19.247883611904765,9.41355555555556,4.5682726,4.5645022,4.555667,4.5444236,4.5284953,0,0.0,1,1.0,-0.86,20.5,79.5
2022-11-25 02:30:00,94.591771877772,85.796845788888,85.80934532222,19.18484851636364,9.472727272727273,27.5,2,5.1764362714980825,70.66250196097344,2,4,11,0.4999999999999999,0.8660254037844387,-0.433883739117558,-0.9009688679024191,-0.5000000000000004,0.8660254037844384,0.0,0.0,0.0,19.9,42.45,100.0,58.0,-0.8500000000000001,4.4347787,0.0,6.8,19.361111087857143,27.5,27.767857142857142,27.55,27.5,27.5,-9.712121243636364,-0.1484848336363597,0.0127272727272718,9.46,9.404285714285717,19.22431460069264,9.454242424242429,4.5284953,4.5682726,4.5645022,4.555667,4.5757475,0,0.0,1,1.0,-0.89,21.8,78.2
2022-11-25 02:45:00,48.01141296666,19.250618811112,19.255340888888,19.361111087857143,9.404285714285717,27.5,1,5.1764362714980825,70.66250196097344,2,4,11,0.4999999999999999,0.8660254037844387,-0.433883739117558,-0.9009688679024191,-0.5000000000000004,0.8660254037844384,0.0,0.0,0.0,19.55,42.275,100.0,58.5,-0.8250000000000001,4.4439697,0.0,6.699999999999999,19.25925923333333,27.5,27.5,27.767857142857142,27.55,27.5,-9.956825373571428,0.1762625714935062,-0.0684415584415578,9.472727272727273,9.366666666666667,19.293097651406928,9.445670995671,4.5757475,4.5284953,4.5682726,4.5645022,4.5483913,0,0.0,1,1.0,-0.85,20.3,79.7
2022-11-25 03:00:00,102.104526872218,74.032594144444,74.043704849998,19.25925923333333,9.366666666666667,27.5,2,5.1764362714980825,70.66250196097344,3,4,11,0.7071067811865476,0.7071067811865476,-0.433883739117558,-0.9009688679024191,-0.5000000000000004,0.8660254037844384,0.0,0.0,0.0,19.2,42.1,100.0,59.0,-0.8,4.452832,0.0,6.6,19.19999998,27.5,27.5,27.5,27.767857142857142,27.5,-9.892592566666668,-0.101851854523808,-0.0376190476190476,9.404285714285717,9.364666666666666,19.268406279184703,9.414559884559887,4.5483913,4.5757475,4.5284953,4.5682726,4.532539,0,0.0,1,1.0,-0.87,21.1,78.9
2022-11-25 03:15:00,88.888666511112,67.301752255556,67.313974049998,19.19999998,9.364666666666666,27.5,1,5.1764362714980825,70.66250196097344,3,4,11,0.7071067811865476,0.7071067811865476,-0.433883739117558,-0.9009688679024191,-0.5000000000000004,0.8660254037844384,0.0,0.0,0.0,18.775,41.375,100.0,64.75,0.05,4.792003,0.225,6.3,19.264814806666667,27.5,27.5,27.5,27.5,27.683333333333334,-9.835333313333331,-0.0592592533333373,-0.0020000000000006,9.366666666666667,9.5,19.273456767063493,9.378539682539683,4.532539,4.5483913,4.5757475,4.5284953,4.580212,0,0.0,1,1.0,-0.89,21.6,78.4
2022-11-25 03:30:00,64.614637661106,43.224382055556,43.233548405554,19.264814806666667,9.5,27.683333333333334,1,5.1764362714980825,70.66250196097344,3,4,11,0.7071067811865476,0.7071067811865476,-0.433883739117558,-0.9009688679024191,-0.5000000000000004,0.8660254037844384,0.0,0.0,0.0,18.35,40.650000000000006,100.0,70.5,0.9000000000000001,5.1160936,0.45,6.0,19.15555556,27.5,27.5,27.5,27.5,28.0,-9.764814806666667,0.0648148266666694,0.1353333333333335,9.364666666666666,9.514666666666669,19.24135800666667,9.410444444444446,4.580212,4.532539,4.5483913,4.5757475,4.6028776,0,0.0,0,1.0,-0.87,21.1,78.9
2022-11-25 03:45:00,273.297956744436,114.21848666111,114.235430499996,19.15555556,9.514666666666669,28.0,2,5.1764362714980825,70.66250196097344,3,4,11,0.7071067811865476,0.7071067811865476,-0.433883739117558,-0.9009688679024191,-0.5000000000000004,0.8660254037844384,0.0,0.0,0.0,17.925,39.925,100.0,76.25,1.7500000000000002,5.425502,0.6749999999999999,5.7,19.34999999333333,27.683333333333334,27.5,27.5,27.5,27.816666666666663,-9.640888893333331,-0.1092592466666673,0.0146666666666668,9.5,9.706666666666669,19.20679011555556,9.45977777777778,4.6028776,4.580212,4.532539,4.5483913,4.625413,0,0.0,1,1.0,-0.9,21.9,78.1
2022-11-25 04:00:00,165.528100894442,0.0,0.0,19.34999999333333,9.706666666666669,27.816666666666663,0,5.1764362714980825,70.66250196097344,4,4,11,0.8660254037844386,0.5000000000000001,-0.433883739117558,-0.9009688679024191,-0.5000000000000004,0.8660254037844384,0.0,0.0,0.0,17.5,39.2,100.0,82.0,2.6,5.7206264,0.9,5.4,19.188888870000003,28.0,27.683333333333334,27.5,27.5,27.9,-9.643333326666664,0.1944444333333308,0.1920000000000001,9.514666666666669,9.850666666666664,19.25679012,9.57377777777778,4.625413,4.6028776,4.580212,4.532539,4.595457,1,1.0,1,0.75,-0.85,20.3,79.7
2022-11-25 04:15:00,134.827662327774,111.905245827778,111.921078594442,19.188888870000003,9.850666666666664,27.9,2,5.1764362714980825,70.66250196097344,4,4,11,0.8660254037844386,0.5000000000000001,-0.433883739117558,-0.9009688679024191,-0.5000000000000004,0.8660254037844384,0.0,0.0,0.0,17.275,37.775000000000006,100.0,82.0,2.625,5.7206264,0.7250000000000001,5.4,19.296296266666666,27.816666666666663,28.0,27.683333333333334,27.5,28.466666666666665,-9.338222203333338,-0.1611111233333275,0.1439999999999983,9.706666666666669,9.649333333333336,19.231481474444447,9.690666666666669,4.595457,4.625413,4.6028776,4.580212,4.7185545,0,1.0,1,0.75,-0.89,21.7,78.3
2022-11-25 04:30:00,81.051757983326,46.873125016666,46.882846911108,19.296296266666666,9.649333333333336,28.466666666666665,1,5.1764362714980825,70.66250196097344,4,4,11,0.8660254037844386,0.5000000000000001,-0.433883739117558,-0.9009688679024191,-0.5000000000000004,0.8660254037844384,0.0,0.0,0.0,17.05,36.35,100.0,82.0,2.6500000000000004,5.7206264,0.55,5.4,19.2722222,27.9,27.816666666666663,28.0,27.683333333333334,29.25,-9.64696293333333,0.1074073966666624,-0.2013333333333307,9.850666666666664,9.144,19.278395043333337,9.73555555555556,4.7185545,4.595457,4.625413,4.6028776,4.8415284,0,1.0,1,0.75,-0.86,20.6,79.4
2022-11-25 04:45:00,74.029261111104,50.93685136111,50.945739955552,19.2722222,9.144,29.25,1,5.1764362714980825,70.66250196097344,4,4,11,0.8660254037844386,0.5000000000000001,-0.433883739117558,-0.9009688679024191,-0.5000000000000004,0.8660254037844384,0.0,0.0,0.0,16.825000000000003,34.925,100.0,82.0,2.6750000000000003,5.7206264,0.3750000000000001,5.4,19.16071429928571,28.466666666666665,27.9,27.816666666666663,28.0,29.964285714285715,-10.128222199999998,-0.0240740666666674,-0.5053333333333345,9.649333333333336,8.257142857142856,19.252469112222222,9.548000000000002,4.8415284,4.7185545,4.595457,4.625413,4.9272814,0,1.0,0,0.75,-0.86,20.7,79.3
2022-11-25 05:00:00,121.574581438882,108.155395811112,108.170673049998,19.16071429928571,8.257142857142856,29.964285714285715,2,5.1764362714980825,70.66250196097344,5,4,11,0.9659258262890684,0.2588190451025207,-0.433883739117558,-0.9009688679024191,-0.5000000000000004,0.8660254037844384,0.0,0.0,0.0,16.6,33.5,100.0,82.0,2.7,5.7206264,0.2,5.4,19.38888885,29.25,28.466666666666665,27.9,27.816666666666663,30.45,-10.903571442142855,-0.1115079007142867,-0.8868571428571439,9.144,7.563333333333333,19.243077588650795,9.016825396825398,4.9272814,4.8415284,4.7185545,4.595457,5.07489,0,0.0,1,1.0,-0.88,21.5,78.5
2022-11-25 05:15:00,25.707305116662,0.0,0.0,19.38888885,7.563333333333333,30.45,0,5.1764362714980825,70.66250196097344,5,4,11,0.9659258262890684,0.2588190451025207,-0.433883739117558,-0.9009688679024191,-0.5000000000000004,0.8660254037844384,0.0,0.0,0.0,17.0,33.85,100.0,83.5,2.85,5.8061156,0.275,5.3500000000000005,19.196296276666665,29.964285714285715,29.25,28.466666666666665,27.9,31.433333333333334,-11.825555516666668,0.2281745507142893,-0.6938095238095228,8.257142857142856,7.156000000000001,19.27394178309524,8.321492063492066,5.07489,4.9272814,4.8415284,4.7185545,5.1797004,1,1.0,1,0.75,-0.83,19.5,80.5
2022-11-25 05:30:00,121.396810716662,109.4422888,109.458677094442,19.196296276666665,7.156000000000001,31.433333333333334,2,5.1764362714980825,70.66250196097344,5,4,11,0.9659258262890684,0.2588190451025207,-0.433883739117558,-0.9009688679024191,-0.5000000000000004,0.8660254037844384,0.0,0.0,0.0,17.4,34.2,100.0,85.0,3.0,5.890974,0.35,5.300000000000001,19.26666664,30.45,29.964285714285715,29.25,28.466666666666665,31.55,-12.040296276666664,-0.1925925733333358,-0.4073333333333329,7.563333333333333,7.213333333333334,19.24863314198413,7.658825396825399,5.1797004,5.07489,4.9272814,4.8415284,5.2205215,0,1.0,1,0.75,-0.87,20.9,79.1
2022-11-25 05:45:00,57.97879183889,43.3832646,43.392708738886,19.26666664,7.213333333333334,31.55,1,5.1764362714980825,70.66250196097344,5,4,11,0.9659258262890684,0.2588190451025207,-0.433883739117558,-0.9009688679024191,-0.5000000000000004,0.8660254037844384,0.0,0.0,0.0,17.8,34.55,100.0,86.5,3.15,5.975202,0.425,5.25,19.231481476666666,31.433333333333334,30.45,29.964285714285715,29.25,32.15,-12.053333306666666,0.0703703633333354,0.0573333333333332,7.156000000000001,7.003333333333333,19.28395058888889,7.3108888888888925,5.2205215,5.1797004,5.07489,4.9272814,5.308789,0,1.0,1,0.75,-0.85,20.3,79.7
2022-11-25 06:00:00,98.193016655552,57.7026918,57.712135938886,19.231481476666666,7.003333333333333,32.15,1,5.1764362714980825,70.66250196097344,6,4,11,1.0,6.123233995736766e-17,-0.433883739117558,-0.9009688679024191,-0.5000000000000004,0.8660254037844384,0.0,0.0,0.0,18.2,34.9,100.0,88.0,3.3,6.058804,0.5,5.2,19.15555559,31.55,31.433333333333334,30.45,29.964285714285715,32.15,-12.228148143333332,-0.0351851633333346,-0.2100000000000008,7.213333333333334,6.848666666666667,19.23148146444445,7.124222222222225,5.308789,5.2205215,5.1797004,5.07489,5.28509,0,1.0,0,0.75,-0.86,20.5,79.5
2022-11-25 06:15:00,121.549304649994,96.7119647,96.727241972218,19.15555559,6.848666666666667,32.15,2,5.1764362714980825,70.66250196097344,6,4,11,1.0,6.123233995736766e-17,-0.433883739117558,-0.9009688679024191,-0.5000000000000004,0.8660254037844384,0.0,0.0,0.0,17.725,35.175,100.0,90.75,3.6,6.186579,0.625,5.05,19.312962963333334,32.15,31.55,31.433333333333334,30.45,32.18333333333333,-12.306888923333332,-0.075925886666667,-0.1546666666666656,7.003333333333333,7.245999999999999,19.217901235555555,7.021777777777781,5.28509,5.308789,5.2205215,5.1797004,5.339857,0,0.0,1,1.0,-0.87,21.1,78.9
2022-11-25 06:30:00,29.397435155556,17.338195344444,17.345417372217998,19.312962963333334,7.245999999999999,32.18333333333333,1,5.1764362714980825,70.66250196097344,6,4,11,1.0,6.123233995736766e-17,-0.433883739117558,-0.9009688679024191,-0.5000000000000004,0.8660254037844384,0.0,0.0,0.0,17.25,35.45,100.0,93.5,3.9,6.311169,0.75,4.9,19.09444444,32.15,32.15,31.55,31.433333333333334,32.5,-12.066962963333337,0.157407373333335,0.3973333333333322,6.848666666666667,7.807333333333333,19.23333334333333,7.032666666666668,5.339857,5.28509,5.308789,5.2205215,5.3234086,0,0.0,1,1.0,-0.84,19.8,80.2
2022-11-25 06:45:00,141.616001949994,120.353796755556,120.371296138886,19.09444444,7.807333333333333,32.5,2,5.1764362714980825,70.66250196097344,6,4,11,1.0,6.123233995736766e-17,-0.433883739117558,-0.9009688679024191,-0.5000000000000004,0.8660254037844384,0.0,0.0,0.0,16.775000000000002,35.725,100.0,96.25,4.2,6.432621,0.875,4.75,19.300000016666665,32.18333333333333,32.15,32.15,31.55,32.5,-11.287111106666668,-0.2185185233333335,0.5613333333333337,7.245999999999999,7.489333333333334,19.187654331111112,7.300666666666669,5.3234086,5.339857,5.28509,5.308789,5.3882833,0,0.0,1,1.0,-0.89,21.6,78.4
2022-11-25 07:00:00,41.493895644448,26.426720672222,26.434775966664,19.300000016666665,7.489333333333334,32.5,1,5.1764362714980825,70.66250196097344,7,4,11,0.9659258262890684,-0.2588190451025206,-0.433883739117558,-0.9009688679024191,-0.5000000000000004,0.8660254037844384,0.0,0.0,0.0,16.3,36.0,100.0,99.0,4.5,6.5509763,1.0,4.6,19.18888889,32.5,32.18333333333333,32.15,32.15,32.85,-11.81066668333333,0.205555576666665,-0.3179999999999996,7.807333333333333,7.124666666666667,19.235802473333333,7.514222222222224,5.3882833,5.3234086,5.339857,5.28509,5.4107795,0,0.0,1,1.0,-0.84,19.8,80.2
2022-11-25 07:15:00,90.217780111108,77.312185172222,77.32551802222,19.18888889,7.124666666666667,32.85,2,5.1764362714980825,70.66250196097344,7,4,11,0.9659258262890684,-0.2588190451025206,-0.433883739117558,-0.9009688679024191,-0.5000000000000004,0.8660254037844384,0.0,0.0,0.0,17.15,36.0,100.0,99.0,4.625,6.6054645,0.975,4.725,19.18148151,32.5,32.5,32.18333333333333,32.15,33.0,-12.064222223333331,-0.1111111266666675,-0.3646666666666665,7.489333333333334,7.306666666666667,19.194444448888888,7.473777777777781,5.4107795,5.3882833,5.3234086,5.339857,5.4331155,0,0.0,1,1.0,-0.86,20.7,79.3
2022-11-25 07:30:00,111.147776177776,76.771095683334,76.78331746111,19.18148151,7.306666666666667,33.0,2,5.1764362714980825,70.66250196097344,7,4,11,0.9659258262890684,-0.2588190451025206,-0.433883739117558,-0.9009688679024191,-0.5000000000000004,0.8660254037844384,0.0,0.0,0.0,18.0,36.0,100.0,99.0,4.75,6.66035,0.95,4.85,19.28888891,32.85,32.5,32.5,32.18333333333333,33.05,-11.874814843333334,-0.0074073799999965,0.1819999999999995,7.124666666666667,7.426666666666667,19.223456805555557,7.306888888888892,5.4331155,5.4107795,5.3882833,5.3234086,5.475886,0,0.0,0,1.0,-0.86,20.7,79.3
2022-11-25 07:45:00,57.56491956111,25.418705411112,25.426482933332,19.28888891,7.426666666666667,33.05,1,5.1764362714980825,70.66250196097344,7,4,11,0.9659258262890684,-0.2588190451025206,-0.433883739117558,-0.9009688679024191,-0.5000000000000004,0.8660254037844384,0.0,0.0,0.0,18.85,36.0,100.0,99.0,4.875,6.7156324,0.925,4.975,19.090740763333333,33.0,32.85,32.5,32.5,33.46666666666667,-11.862222243333337,0.1074073999999996,0.1200000000000001,7.306666666666667,7.579333333333333,19.21975310333333,7.286000000000002,5.475886,5.4331155,5.4107795,5.3882833,5.48055,0,0.0,1,1.0,-0.84,19.8,80.2
2022-11-25 08:00:00,132.243599077772,120.130472355556,120.147693966664,19.090740763333333,7.579333333333333,33.46666666666667,2,5.1764362714980825,70.66250196097344,8,4,11,0.8660254037844387,-0.4999999999999998,-0.433883739117558,-0.9009688679024191,-0.5000000000000004,0.8660254037844384,0.0,0.0,0.0,19.7,36.0,100.0,99.0,5.0,6.7713165,0.9,5.1,19.25555553,33.05,33.0,32.85,32.5,33.55,-11.511407429999998,-0.1981481466666679,0.1526666666666667,7.426666666666667,7.65,19.187037061111116,7.437555555555558,5.48055,5.475886,5.4331155,5.4107795,5.547827,0,0.0,1,1.0,-0.88,21.4,78.6
2022-11-25 08:15:00,29.799919172218,14.882182472222,14.88857118333,19.25555553,7.65,33.55,1,5.1764362714980825,70.66250196097344,8,4,11,0.8660254037844387,-0.4999999999999998,-0.433883739117558,-0.9009688679024191,-0.5000000000000004,0.8660254037844384,0.75,0.1875,0.0625,19.725,37.45,100.0,97.25,4.925,6.739967,0.75,5.3,19.148148133333333,33.46666666666667,33.05,33.0,32.85,33.96666666666667,-11.605555529999998,0.1648147666666659,0.0706666666666668,7.579333333333333,7.664,19.211728401111117,7.552000000000002,5.547827,5.48055,5.475886,5.4331155,5.5812902,0,0.0,1,1.0,-0.84,20.0,80.0
2022-11-25 08:30:00,109.837550938882,88.7122847,88.72728416666399,19.148148133333333,7.664,33.96666666666667,2,5.1764362714980825,70.66250196097344,8,4,11,0.8660254037844387,-0.4999999999999998,-0.433883739117558,-0.9009688679024191,-0.5000000000000004,0.8660254037844384,1.5,0.5625,0.1875,19.75,38.9,100.0,95.5,4.85,6.706443,0.6,5.5,19.20000001,33.55,33.46666666666667,33.05,33.0,34.05,-11.484148133333331,-0.1074073966666659,0.0139999999999993,7.65,7.836666666666667,19.164814808888888,7.631111111111114,5.5812902,5.547827,5.48055,5.475886,5.6121073,0,0.0,1,1.0,-0.87,20.8,79.2
2022-11-25 08:45:00,77.159135811108,65.17933717222199,65.19239228333,19.20000001,7.836666666666667,34.05,1,5.1764362714980825,70.66250196097344,8,4,11,0.8660254037844387,-0.4999999999999998,-0.433883739117558,-0.9009688679024191,-0.5000000000000004,0.8660254037844384,2.25,1.125,0.375,19.775,40.35,100.0,93.75,4.775,6.6706996,0.4499999999999999,5.7,19.248148126666667,33.96666666666667,33.55,33.46666666666667,33.05,34.46666666666667,-11.363333343333334,0.0518518766666673,0.1726666666666672,7.664,7.94,19.201234557777777,7.716888888888891,5.6121073,5.5812902,5.547827,5.48055,5.696921,0,0.0,1,1.0,-0.85,20.4,79.6
2022-11-25 09:00:00,56.029147877768,29.070226027778,29.078836899996,19.248148126666667,7.94,34.46666666666667,1,5.1764362714980825,70.66250196097344,9,4,11,0.7071067811865476,-0.7071067811865475,-0.433883739117558,-0.9009688679024191,-0.5000000000000004,0.8660254037844384,3.0,1.875,0.625,19.8,41.8,100.0,92.0,4.7,6.632692,0.3,5.9,19.06666666,34.05,33.96666666666667,33.55,33.46666666666667,34.5,-11.308148126666666,0.0481481166666668,0.1033333333333335,7.836666666666667,7.98,19.19876542333333,7.813555555555557,5.696921,5.6121073,5.5812902,5.547827,5.6417522,0,0.0,0,1.0,-0.84,19.9,80.1
2022-11-25 09:15:00,160.708849155556,121.31875813889,121.33570196111,19.06666666,7.98,34.5,2,5.1764362714980825,70.66250196097344,9,4,11,0.7071067811865476,-0.7071067811865475,-0.433883739117558,-0.9009688679024191,-0.5000000000000004,0.8660254037844384,6.0,3.1875,1.125,19.3,41.25,100.0,92.25,4.9,6.716431,0.3,6.050000000000001,19.29074073,34.46666666666667,34.05,33.96666666666667,33.55,34.68333333333333,-11.08666666,-0.1814814666666677,0.04,7.94,8.0,19.171604932222223,7.918888888888891,5.6417522,5.696921,5.6121073,5.5812902,5.7471313,0,0.0,1,1.0,-0.88,21.4,78.6
2022-11-25 09:30:00,17.05404006111,0.0,0.0,19.29074073,8.0,34.68333333333333,0,5.1764362714980825,70.66250196097344,9,4,11,0.7071067811865476,-0.7071067811865475,-0.433883739117558,-0.9009688679024191,-0.5000000000000004,0.8660254037844384,9.0,5.0625,1.875,18.8,40.7,100.0,92.5,5.1,6.801094,0.3,6.2,19.12777781,34.5,34.46666666666667,34.05,33.96666666666667,35.0,-11.29074073,0.2240740700000003,0.0199999999999995,7.98,7.947999999999999,19.20185183888889,7.973333333333336,5.7471313,5.6417522,5.696921,5.6121073,5.744181,1,1.0,1,0.75,-0.83,19.5,80.5
2022-11-25 09:45:00,109.782553005554,97.583596516666,97.598595949998,19.12777781,7.947999999999999,35.0,2,5.1764362714980825,70.66250196097344,9,4,11,0.7071067811865476,-0.7071067811865475,-0.433883739117558,-0.9009688679024191,-0.5000000000000004,0.8660254037844384,12.0,7.5,2.875,18.3,40.15,100.0,92.75,5.3,6.88669,0.3,6.35,19.188888873333333,34.68333333333333,34.5,34.46666666666667,34.05,35.0,-11.17977781,-0.1629629199999982,-0.0520000000000004,8.0,8.016,19.1617284,7.976000000000003,5.744181,5.7471313,5.6417522,5.696921,5.76491,0,1.0,1,0.75,-0.86,20.8,79.2
2022-11-25 10:00:00,72.486822644444,50.809634200000005,50.81935606111,19.188888873333333,8.016,35.0,1,5.1764362714980825,70.66250196097344,10,4,11,0.4999999999999999,-0.8660254037844387,-0.433883739117558,-0.9009688679024191,-0.5000000000000004,0.8660254037844384,15.0,10.5,4.125,17.8,39.6,100.0,93.0,5.5,6.9732294,0.3,6.5,19.19444445,35.0,34.68333333333333,34.5,34.46666666666667,35.35,-11.172888873333331,0.0611110633333318,0.0680000000000005,7.947999999999999,8.024,19.20246913777778,7.988000000000002,5.76491,5.744181,5.7471313,5.6417522,5.8244658,0,1.0,1,0.75,-0.85,20.3,79.7
2022-11-25 10:15:00,56.102200172226,41.689721227778,41.70027642222,19.19444445,8.024,35.35,1,5.1764362714980825,70.66250196097344,10,4,11,0.4999999999999999,-0.8660254037844387,-0.433883739117558,-0.9009688679024191,-0.5000000000000004,0.8660254037844384,21.0,14.25,5.875,17.925,38.8,100.0,93.25,5.675,7.0722337,0.25,6.675,19.04074073,35.0,35.0,34.68333333333333,34.5,35.5,-11.17044445,0.0055555766666657,0.0079999999999991,8.016,7.996666666666667,19.170370377777783,7.996000000000002,5.8244658,5.76491,5.744181,5.7471313,5.796409,0,1.0,0,0.75,-0.85,20.1,79.9
2022-11-25 10:30:00,129.099558027778,104.1833325,104.19944302222,19.04074073,7.996666666666667,35.5,2,5.1764362714980825,70.66250196097344,10,4,11,0.4999999999999999,-0.8660254037844387,-0.433883739117558,-0.9009688679024191,-0.5000000000000004,0.8660254037844384,27.0,18.75,8.125,18.05,38.0,100.0,93.5,5.85,7.1724744,0.2,6.85,19.25555555,35.35,35.0,35.0,34.68333333333333,35.55,-11.044074063333332,-0.1537037199999993,-0.0273333333333321,8.024,7.708666666666667,19.14135801777778,8.012222222222224,5.796409,5.8244658,5.76491,5.744181,5.878546,0,0.0,1,1.0,-0.88,21.4,78.6
2022-11-25 10:45:00,37.989313799996,0.0,0.0,19.25555555,7.708666666666667,35.55,0,5.1764362714980825,70.66250196097344,10,4,11,0.4999999999999999,-0.8660254037844387,-0.433883739117558,-0.9009688679024191,-0.5000000000000004,0.8660254037844384,33.0,24.0,10.875,18.175,37.2,100.0,93.75,6.025,7.273965,0.15,7.025,19.053703726666665,35.5,35.35,35.0,35.0,35.96666666666667,-11.546888883333336,0.2148148200000008,-0.2880000000000002,7.996666666666667,7.724,19.16358024333333,7.90977777777778,5.878546,5.796409,5.8244658,5.76491,5.8770976,1,1.0,1,0.75,-0.83,19.6,80.4
2022-11-25 11:00:00,120.407405794442,100.498202127778,100.514034894442,19.053703726666665,7.724,35.96666666666667,2,5.1764362714980825,70.66250196097344,11,4,11,0.258819045102521,-0.9659258262890682,-0.433883739117558,-0.9009688679024191,-0.5000000000000004,0.8660254037844384,39.0,30.0,14.125,18.3,36.4,100.0,94.0,6.2,7.376717,0.1,7.2,19.19444446,35.55,35.5,35.35,35.0,35.65,-11.329703726666663,-0.2018518233333353,0.0153333333333334,7.708666666666667,7.408,19.11666666888889,7.8097777777777795,5.8770976,5.878546,5.796409,5.8244658,5.873896,0,1.0,1,0.75,-0.88,21.2,78.8
2022-11-25 11:15:00,61.505039799996,49.5580176,49.569406111108,19.19444446,7.408,35.65,1,5.1764362714980825,70.66250196097344,11,4,11,0.258819045102521,-0.9659258262890682,-0.433883739117558,-0.9009688679024191,-0.5000000000000004,0.8660254037844384,46.25,36.3125,17.916666666666668,19.675,38.825,100.0,93.75,6.075,7.3094926,0.25,7.1,19.17592594,35.96666666666667,35.55,35.5,35.35,35.5,-11.786444459999998,0.1407407333333346,-0.3159999999999998,7.724,6.809333333333333,19.167901245555555,7.613555555555558,5.873896,5.8770976,5.878546,5.796409,5.8428016,0,1.0,1,0.75,-0.85,20.1,79.9
2022-11-25 11:30:00,68.38504237221801,53.047322472222,53.059822055552,19.17592594,6.809333333333333,35.5,1,5.1764362714980825,70.66250196097344,11,4,11,0.258819045102521,-0.9659258262890682,-0.433883739117558,-0.9009688679024191,-0.5000000000000004,0.8660254037844384,53.5,42.9375,22.25,21.05,41.25,100.0,93.5,5.95,7.24279,0.4,7.0,19.06666669,35.65,35.96666666666667,35.55,35.5,35.45,-12.366592606666666,-0.0185185200000006,-0.5986666666666673,7.408,6.676666666666667,19.141358042222222,7.31377777777778,5.8428016,5.873896,5.8770976,5.878546,5.7971044,0,1.0,0,0.75,-0.85,20.3,79.7
2022-11-25 11:45:00,122.438435566668,101.3217803,101.337335294442,19.06666669,6.676666666666667,35.45,2,5.1764362714980825,70.66250196097344,11,4,11,0.258819045102521,-0.9659258262890682,-0.433883739117558,-0.9009688679024191,-0.5000000000000004,0.8660254037844384,60.75,49.875,27.125,22.425,43.675,100.0,93.25,5.825,7.176607,0.55,6.9,19.27407405,35.5,35.65,35.96666666666667,35.55,35.03333333333333,-12.390000023333332,-0.1092592500000009,-0.1326666666666662,6.809333333333333,6.7620000000000005,19.14567903,6.964666666666669,5.7971044,5.8428016,5.873896,5.8770976,5.7994328,0,0.0,1,1.0,-0.88,21.2,78.8
2022-11-25 12:00:00,30.914319027774,0.0,0.0,19.27407405,6.7620000000000005,35.03333333333333,0,5.1764362714980825,70.66250196097344,12,4,11,1.2246467991473532e-16,-1.0,-0.433883739117558,-0.9009688679024191,-0.5000000000000004,0.8660254037844384,68.0,57.125,32.541666666666664,23.8,46.1,100.0,93.0,5.7,7.1109385,0.7,6.8,19.08333333,35.45,35.5,35.65,35.96666666666667,35.0,-12.51207405,0.2074073600000012,0.0853333333333337,6.676666666666667,6.8966666666666665,19.172222226666666,6.749333333333335,5.7994328,5.7971044,5.8428016,5.873896,5.7291465,1,1.0,1,0.75,-0.83,19.5,80.5
2022-11-25 12:15:00,143.783137344444,116.399510483334,116.41589876111,19.08333333,6.8966666666666665,35.0,2,5.1764362714980825,70.66250196097344,12,4,11,1.2246467991473532e-16,-1.0,-0.433883739117558,-0.9009688679024191,-0.5000000000000004,0.8660254037844384,76.5,64.6875,38.41666666666666,23.575,47.175,94.0,92.75,5.575,7.057267,0.575,6.725,19.196296323333332,35.03333333333333,35.45,35.5,35.65,34.81666666666667,-12.186666663333336,-0.1907407199999973,0.134666666666666,6.7620000000000005,6.944000000000001,19.141358023333336,6.778444444444447,5.7291465,5.7994328,5.7971044,5.8428016,5.737218,0,1.0,1,0.75,-0.87,21.2,78.8
2022-11-25 12:30:00,58.884866827774,30.564332927778,30.571832677776,19.196296323333332,6.944000000000001,34.81666666666667,1,5.1764362714980825,70.66250196097344,12,4,11,1.2246467991473532e-16,-1.0,-0.433883739117558,-0.9009688679024191,-0.5000000000000004,0.8660254037844384,85.0,72.5625,44.75,23.35,48.25,88.0,92.5,5.45,7.0039306,0.4499999999999999,6.65,19.14444444,35.0,35.03333333333333,35.45,35.5,34.5,-12.252296323333336,0.1129629933333333,0.0473333333333343,6.8966666666666665,7.0280000000000005,19.184567901111112,6.867555555555558,5.737218,5.7291465,5.7994328,5.7971044,5.667688,0,1.0,1,0.75,-0.85,20.2,79.8
2022-11-25 12:45:00,80.029854377772,68.067277216666,68.08088785555199,19.14444444,7.0280000000000005,34.5,1,5.1764362714980825,70.66250196097344,12,4,11,1.2246467991473532e-16,-1.0,-0.433883739117558,-0.9009688679024191,-0.5000000000000004,0.8660254037844384,93.5,80.75,51.54166666666666,23.125,49.325,82.0,92.25,5.325,6.950924,0.325,6.575,19.07777776,34.81666666666667,35.0,35.03333333333333,35.45,34.31666666666667,-12.116444439999997,-0.0518518833333381,0.0839999999999996,6.944000000000001,7.096666666666667,19.141358031111118,6.956222222222226,5.667688,5.737218,5.7291465,5.7994328,5.615451,0,1.0,0,0.75,-0.86,20.7,79.3
2022-11-25 13:00:00,100.6526404,88.61367756111,88.628677011108,19.07777776,7.096666666666667,34.31666666666667,2,5.1764362714980825,70.66250196097344,13,4,11,-0.2588190451025208,-0.9659258262890684,-0.433883739117558,-0.9009688679024191,-0.5000000000000004,0.8660254037844384,102.0,89.25,58.79166666666666,22.9,50.4,76.0,92.0,5.2,6.898249,0.2,6.5,19.25555558,34.5,34.81666666666667,35.0,35.03333333333333,34.0,-11.981111093333332,-0.0666666799999973,0.0686666666666662,7.0280000000000005,7.226,19.139506174444445,7.022888888888892,5.615451,5.667688,5.737218,5.7291465,5.6222386,0,0.0,1,1.0,-0.88,21.3,78.7
2022-11-25 13:15:00,45.135139205546,23.226848672222,23.236015072218,19.25555558,7.226,34.0,1,5.1764362714980825,70.66250196097344,13,4,11,-0.2588190451025208,-0.9659258262890684,-0.433883739117558,-0.9009688679024191,-0.5000000000000004,0.8660254037844384,156.5,109.25,70.08333333333333,23.95,52.1,82.0,87.75,4.775,6.6986012,0.175,6.775,19.090740763333333,34.31666666666667,34.5,34.81666666666667,35.0,34.0,-12.02955558,0.1777778199999993,0.1293333333333333,7.096666666666667,7.41,19.15925926,7.116888888888892,5.6222386,5.615451,5.667688,5.737218,5.567889,0,0.0,1,1.0,-0.84,19.9,80.1
2022-11-25 13:30:00,164.90284803889,141.1751861,141.19407426111,19.090740763333333,7.41,34.0,2,5.1764362714980825,70.66250196097344,13,4,11,-0.2588190451025208,-0.9659258262890684,-0.433883739117558,-0.9009688679024191,-0.5000000000000004,0.8660254037844384,211.0,140.75,85.41666666666667,25.0,53.8,88.0,83.5,4.35,6.4892116,0.15,7.05,19.32777775,34.0,34.31666666666667,34.5,34.81666666666667,33.65,-11.680740763333333,-0.1648148166666665,0.1840000000000001,7.226,7.262666666666666,19.141358034444444,7.244222222222224,5.567889,5.6222386,5.615451,5.667688,5.588076,0,0.0,1,1.0,-0.88,21.3,78.7
2022-11-25 13:45:00,39.10149162777,11.366212033332,11.37343404444,19.32777775,7.262666666666666,33.65,1,5.1764362714980825,70.66250196097344,13,4,11,-0.2588190451025208,-0.9659258262890684,-0.433883739117558,-0.9009688679024191,-0.5000000000000004,0.8660254037844384,265.5,183.75,104.79166666666669,26.05,55.5,94.0,79.25,3.925,6.269827,0.125,7.324999999999999,19.187037046666667,34.0,34.0,34.31666666666667,34.5,33.5,-12.065111083333331,0.2370369866666664,-0.1473333333333339,7.41,7.026,19.224691364444443,7.299555555555557,5.588076,5.567889,5.6222386,5.615451,5.5172405,0,0.0,1,1.0,-0.83,19.4,80.6
2022-11-25 14:00:00,102.644505255552,77.820775977776,77.83327554444,19.187037046666667,7.026,33.5,2,5.1764362714980825,70.66250196097344,14,4,11,-0.4999999999999997,-0.8660254037844388,-0.433883739117558,-0.9009688679024191,-0.5000000000000004,0.8660254037844384,320.0,238.25,128.20833333333334,27.1,57.2,100.0,75.0,3.5,6.0401936,0.1,7.6,19.1277778,33.65,34.0,34.0,34.31666666666667,33.45,-12.161037046666667,-0.1407407033333321,-0.2366666666666663,7.262666666666666,6.553333333333333,19.20185185333333,7.232888888888891,5.5172405,5.588076,5.567889,5.6222386,5.489796,0,0.0,1,1.0,-0.86,20.6,79.4
2022-11-25 14:15:00,93.15738480555,76.248616616666,76.261116199996,19.1277778,6.553333333333333,33.45,2,5.1764362714980825,70.66250196097344,14,4,11,-0.4999999999999997,-0.8660254037844388,-0.433883739117558,-0.9009688679024191,-0.5000000000000004,0.8660254037844384,273.25,267.4375,147.125,27.225,59.45,100.0,73.5,3.025,5.8527207,0.1,7.425,19.20925927,33.5,33.65,34.0,34.0,33.03333333333333,-12.574444466666668,-0.0592592466666666,-0.472666666666667,7.026,6.682,19.214197532222222,6.947333333333336,5.489796,5.5172405,5.588076,5.567889,5.447512,0,0.0,0,1.0,-0.87,21.1,78.9
2022-11-25 14:30:00,42.553575572222,30.5812767,30.591831911108,19.20925927,6.682,33.03333333333333,1,5.1764362714980825,70.66250196097344,14,4,11,-0.4999999999999997,-0.8660254037844388,-0.433883739117558,-0.9009688679024191,-0.5000000000000004,0.8660254037844384,226.5,271.3125,161.54166666666666,27.35,61.7,100.0,72.0,2.55,5.6686106,0.1,7.25,19.06666666,33.45,33.5,33.65,34.0,33.3,-12.52725927,0.0814814699999999,0.1286666666666676,6.553333333333333,6.72,19.174691372222224,6.75377777777778,5.447512,5.489796,5.5172405,5.588076,5.4455175,0,0.0,1,1.0,-0.86,20.5,79.5
2022-11-25 14:45:00,152.505566183334,136.512317055556,136.531482988888,19.06666666,6.72,33.3,2,5.1764362714980825,70.66250196097344,14,4,11,-0.4999999999999997,-0.8660254037844388,-0.433883739117558,-0.9009688679024191,-0.5000000000000004,0.8660254037844384,179.75,249.875,171.45833333333334,27.475,63.95,100.0,70.5,2.075,5.487819,0.1,7.075,19.31111108,33.03333333333333,33.45,33.5,33.65,32.85,-12.34666666,-0.1425926100000012,0.0379999999999993,6.682,6.685999999999999,19.13456791,6.65177777777778,5.4455175,5.447512,5.489796,5.5172405,5.4498754,0,0.0,1,1.0,-0.89,21.6,78.4
2022-11-25 15:00:00,32.076772527774,0.0,0.0,19.31111108,6.685999999999999,32.85,0,5.1764362714980825,70.66250196097344,15,4,11,-0.7071067811865471,-0.7071067811865479,-0.433883739117558,-0.9009688679024191,-0.5000000000000004,0.8660254037844384,133.0,203.125,176.875,27.6,66.2,100.0,69.0,1.6,5.310304,0.1,6.9,19.15000002,33.3,33.03333333333333,33.45,33.5,32.85,-12.62511108,0.2444444200000006,-0.0340000000000006,6.72,6.593333333333334,19.195679003333336,6.696000000000002,5.4498754,5.4455175,5.447512,5.489796,5.3983917,1,1.0,1,0.75,-0.83,19.7,80.3
2022-11-25 15:15:00,139.196931933332,111.639978672222,111.65664472222,19.15000002,6.593333333333334,32.85,2,5.1764362714980825,70.66250196097344,15,4,11,-0.7071067811865471,-0.7071067811865479,-0.433883739117558,-0.9009688679024191,-0.5000000000000004,0.8660254037844384,123.0,165.5625,180.75,26.450000000000003,64.85,100.0,69.75,1.5750000000000002,5.2985797,0.1,6.7,19.240740766666665,32.85,33.3,33.03333333333333,33.45,32.81666666666667,-12.556666686666668,-0.1611110599999996,-0.0926666666666653,6.685999999999999,6.576666666666666,19.17592592,6.666444444444447,5.3983917,5.4498754,5.4455175,5.447512,5.4218283,0,1.0,1,0.75,-0.87,21.0,79.0
2022-11-25 15:30:00,76.036958449998,56.522461244444,56.533849755552005,19.240740766666665,6.576666666666666,32.81666666666667,1,5.1764362714980825,70.66250196097344,15,4,11,-0.7071067811865471,-0.7071067811865479,-0.433883739117558,-0.9009688679024191,-0.5000000000000004,0.8660254037844384,113.0,137.1875,183.08333333333331,25.3,63.5,100.0,70.5,1.55,5.2861576,0.1,6.5,19.24444443,32.85,32.85,33.3,33.03333333333333,32.5,-12.6640741,0.0907407466666647,-0.0166666666666674,6.593333333333334,6.536,19.233950622222224,6.61866666666667,5.4218283,5.3983917,5.4498754,5.4455175,5.370682,0,1.0,1,0.75,-0.85,20.3,79.7
2022-11-25 15:45:00,66.937044761106,42.770789116666,42.78078878333,19.24444443,6.536,32.5,1,5.1764362714980825,70.66250196097344,15,4,11,-0.7071067811865471,-0.7071067811865479,-0.433883739117558,-0.9009688679024191,-0.5000000000000004,0.8660254037844384,103.0,118.0,183.875,24.15,62.15,100.0,71.25,1.525,5.2730536,0.1,6.3,19.02407404333333,32.81666666666667,32.85,32.85,33.3,32.68333333333333,-12.708444429999998,0.0037036633333329,-0.0406666666666666,6.576666666666666,6.299333333333333,19.21172840555556,6.568666666666669,5.370682,5.4218283,5.3983917,5.4498754,5.3312616,0,1.0,0,0.75,-0.85,20.3,79.7
2022-11-25 16:00:00,138.603066938882,126.4957733,126.513550472218,19.02407404333333,6.299333333333333,32.68333333333333,2,5.1764362714980825,70.66250196097344,16,4,11,-0.8660254037844385,-0.5000000000000004,-0.433883739117558,-0.9009688679024191,-0.5000000000000004,0.8660254037844384,93.0,108.0,183.125,23.0,60.8,100.0,72.0,1.5,5.259286,0.1,6.1,19.24999998,32.5,32.81666666666667,32.85,32.85,32.7,-12.72474071,-0.2203703866666657,-0.2366666666666663,6.536,5.712666666666666,19.16975308,6.470666666666669,5.3312616,5.370682,5.4218283,5.3983917,5.4055014,0,0.0,1,1.0,-0.9,22.1,77.9
2022-11-25 16:15:00,25.5598109,13.64417646111,13.651954016662,19.24999998,5.712666666666666,32.7,1,5.1764362714980825,70.66250196097344,16,4,11,-0.8660254037844385,-0.5000000000000004,-0.433883739117558,-0.9009688679024191,-0.5000000000000004,0.8660254037844384,77.5,96.625,176.54166666666666,23.175,58.2,100.0,73.0,1.5,5.2628965,0.125,5.9,19.11666668333333,32.68333333333333,32.5,32.81666666666667,32.85,32.96666666666667,-13.537333313333331,0.2259259366666661,-0.5866666666666669,6.299333333333333,5.712,19.17283948444444,6.182666666666669,5.4055014,5.3312616,5.370682,5.4218283,5.4069285,0,0.0,1,1.0,-0.85,20.2,79.8
2022-11-25 16:30:00,129.997022144444,102.0850831,102.09952702222,19.11666668333333,5.712,32.96666666666667,2,5.1764362714980825,70.66250196097344,16,4,11,-0.8660254037844385,-0.5000000000000004,-0.433883739117558,-0.9009688679024191,-0.5000000000000004,0.8660254037844384,62.0,83.875,164.125,23.35,55.6,100.0,74.0,1.5,5.265405,0.15,5.699999999999999,19.20555557,32.7,32.68333333333333,32.5,32.81666666666667,32.95,-13.404666683333335,-0.1333332966666631,-0.0006666666666665,5.712666666666666,5.607333333333333,19.130246902222225,5.908000000000002,5.4069285,5.4055014,5.3312616,5.370682,5.432584,0,0.0,1,1.0,-0.88,21.3,78.7
2022-11-25 16:45:00,111.228328388892,80.593720572222,80.607053438886,19.20555557,5.607333333333333,32.95,2,5.1764362714980825,70.66250196097344,16,4,11,-0.8660254037844385,-0.5000000000000004,-0.433883739117558,-0.9009688679024191,-0.5000000000000004,0.8660254037844384,46.5,69.75,145.875,23.525,53.0,100.0,75.0,1.5,5.2668395,0.175,5.5,19.30000002,32.96666666666667,32.7,32.68333333333333,32.5,32.53333333333333,-13.598222236666668,0.0888888866666661,-0.1046666666666666,5.712,5.622,19.190740744444444,5.677333333333336,5.432584,5.4069285,5.4055014,5.3312616,5.3938103,0,0.0,0,1.0,-0.86,20.5,79.5
2022-11-25 17:00:00,51.194896688884,30.060186427778,30.068241738886,19.30000002,5.622,32.53333333333333,1,5.1764362714980825,70.66250196097344,17,4,11,-0.9659258262890684,-0.2588190451025206,-0.433883739117558,-0.9009688679024191,-0.5000000000000004,0.8660254037844384,31.0,54.25,121.79166666666669,23.7,50.4,100.0,76.0,1.5,5.2672234,0.2,5.3,19.11111115,32.95,32.96666666666667,32.7,32.68333333333333,32.8,-13.678000020000002,0.094444450000001,0.0146666666666668,5.607333333333333,5.666,19.207407424444444,5.647111111111113,5.3938103,5.432584,5.4069285,5.4055014,5.37783,0,0.0,1,1.0,-0.84,19.8,80.2
2022-11-25 17:15:00,148.141018555556,129.85036136111,129.866471899996,19.11111115,5.666,32.8,2,5.1764362714980825,70.66250196097344,17,4,11,-0.9659258262890684,-0.2588190451025206,-0.433883739117558,-0.9009688679024191,-0.5000000000000004,0.8660254037844384,24.0,40.875,101.02083333333331,23.15,50.225,100.0,77.25,1.525,5.283678,0.2,5.1,19.283333336666665,32.53333333333333,32.95,32.96666666666667,32.7,32.53333333333333,-13.44511115,-0.1888888700000031,0.0439999999999995,5.622,5.680000000000001,19.20555558,5.63177777777778,5.37783,5.3938103,5.432584,5.4069285,5.388519,0,0.0,1,1.0,-0.88,21.4,78.6
2022-11-25 17:30:00,38.210415988888,20.4783475,20.484736211108,19.283333336666665,5.680000000000001,32.53333333333333,1,5.1764362714980825,70.66250196097344,17,4,11,-0.9659258262890684,-0.2588190451025206,-0.433883739117558,-0.9009688679024191,-0.5000000000000004,0.8660254037844384,17.0,29.625,83.5625,22.6,50.05,100.0,78.5,1.55,5.2986827,0.2,4.9,19.13888891,32.8,32.53333333333333,32.95,32.96666666666667,32.55,-13.603333336666664,0.1722221866666657,0.0140000000000011,5.666,5.706666666666666,19.231481502222223,5.656000000000002,5.388519,5.37783,5.3938103,5.432584,5.3455896,0,0.0,1,1.0,-0.84,20.0,80.0
2022-11-25 17:45:00,431.37885532222,87.22512198888799,87.23984368333,19.13888891,5.706666666666666,32.55,2,5.1764362714980825,70.66250196097344,17,4,11,-0.9659258262890684,-0.2588190451025206,-0.433883739117558,-0.9009688679024191,-0.5000000000000004,0.8660254037844384,10.0,20.5,69.41666666666667,22.05,49.875,100.0,79.75,1.5750000000000002,5.3122654,0.2,4.7,19.15740742333333,32.53333333333333,32.8,32.53333333333333,32.95,32.78333333333333,-13.432222243333332,-0.1444444266666664,0.0266666666666655,5.680000000000001,5.6933333333333325,19.177777798888886,5.684222222222225,5.3455896,5.388519,5.37783,5.3938103,5.3897896,0,0.0,1,1.0,-0.88,21.2,78.8
2022-11-25 18:00:00,108.60343352222,89.543084816666,89.555306577776,19.15740742333333,5.6933333333333325,32.78333333333333,2,5.1764362714980825,70.66250196097344,18,4,11,-1.0,-1.8369701987210294e-16,-0.433883739117558,-0.9009688679024191,-0.5000000000000004,0.8660254037844384,3.0,13.5,58.583333333333336,21.5,49.7,100.0,81.0,1.6,5.324457,0.2,4.5,19.27222223,32.55,32.53333333333333,32.8,32.53333333333333,32.2,-13.46407409,0.0185185133333334,-0.0133333333333336,5.706666666666666,5.604666666666668,19.19320989,5.693333333333335,5.3897896,5.3455896,5.388519,5.37783,5.32982,0,0.0,0,1.0,-0.87,21.0,79.0
2022-11-25 18:15:00,60.027599066656,23.2099049,23.215738066664,19.27222223,5.604666666666668,32.2,1,5.1764362714980825,70.66250196097344,18,4,11,-1.0,-1.8369701987210294e-16,-0.433883739117558,-0.9009688679024191,-0.5000000000000004,0.8660254037844384,2.25,8.0625,48.520833333333336,20.85,48.25,98.75,79.75,1.35,5.2422895,0.175,4.5,19.05000002666667,32.78333333333333,32.55,32.53333333333333,32.8,32.46666666666667,-13.667555563333334,0.1148148066666685,-0.0886666666666649,5.6933333333333325,5.524,19.189506187777777,5.668222222222224,5.32982,5.3897896,5.3455896,5.388519,5.3040266,0,0.0,1,1.0,-0.85,20.1,79.9
2022-11-25 18:30:00,145.063363933332,122.579818827778,122.596484877776,19.05000002666667,5.524,32.46666666666667,2,5.1764362714980825,70.66250196097344,18,4,11,-1.0,-1.8369701987210294e-16,-0.433883739117558,-0.9009688679024191,-0.5000000000000004,0.8660254037844384,1.5,4.1875,39.22916666666666,20.2,46.8,97.5,78.5,1.1,5.1601224,0.15,4.5,19.2222222,32.2,32.78333333333333,32.55,32.53333333333333,32.15,-13.526000026666669,-0.2222222033333309,-0.0806666666666675,5.604666666666668,5.488,19.15987656,5.607333333333336,5.3040266,5.32982,5.3897896,5.3455896,5.305893,0,0.0,1,1.0,-0.9,22.0,78.0
2022-11-25 18:45:00,48.051411133336,36.080778911112,36.089667505554,19.2222222,5.488,32.15,1,5.1764362714980825,70.66250196097344,18,4,11,-1.0,-1.8369701987210294e-16,-0.433883739117558,-0.9009688679024191,-0.5000000000000004,0.8660254037844384,0.75,1.875,30.70833333333333,19.55,45.35,96.25,77.25,0.8500000000000001,5.0779543,0.125,4.5,19.148148133333333,32.46666666666667,32.2,32.78333333333333,32.55,32.0,-13.734222199999998,0.1722221733333278,-0.0359999999999995,5.524,5.456,19.181481485555555,5.538888888888891,5.305893,5.3040266,5.32982,5.3897896,5.258134,0,0.0,1,1.0,-0.86,20.5,79.5
2022-11-25 19:00:00,107.608751177772,83.231948388888,83.243614638886,19.148148133333333,5.456,32.0,2,5.1764362714980825,70.66250196097344,19,4,11,-0.9659258262890684,0.2588190451025203,-0.433883739117558,-0.9009688679024191,-0.5000000000000004,0.8660254037844384,0.0,1.125,22.95833333333333,18.9,43.9,95.0,76.0,0.6,4.9957867,0.1,4.5,19.13888891,32.15,32.46666666666667,32.2,32.78333333333333,31.95,-13.692148133333331,-0.0740740666666646,-0.032,5.488,5.496,19.14012345333333,5.489333333333335,5.258134,5.305893,5.3040266,5.32982,5.2470536,0,0.0,1,1.0,-0.88,21.2,78.8
2022-11-25 19:15:00,113.730172894442,101.687599,101.702320694442,19.13888891,5.496,31.95,2,5.1764362714980825,70.66250196097344,19,4,11,-0.9659258262890684,0.2588190451025203,-0.433883739117558,-0.9009688679024191,-0.5000000000000004,0.8660254037844384,0.0,0.5625,16.5,19.05,43.275,89.25,79.0,0.875,5.1074653,0.1,4.25,19.292592613333333,32.0,32.15,32.46666666666667,32.2,31.53333333333333,-13.64288891,-0.0092592233333341,0.0399999999999991,5.456,5.468000000000001,19.16975308111111,5.480000000000001,5.2470536,5.258134,5.305893,5.3040266,5.225736,0,0.0,0,1.0,-0.88,21.3,78.7
2022-11-25 19:30:00,52.917049850002,38.350688111112,38.359854477776,19.292592613333333,5.468000000000001,31.53333333333333,1,5.1764362714980825,70.66250196097344,19,4,11,-0.9659258262890684,0.2588190451025203,-0.433883739117558,-0.9009688679024191,-0.5000000000000004,0.8660254037844384,0.0,0.1875,11.333333333333334,19.2,42.65,83.5,82.0,1.15,5.2139297,0.1,4.0,19.077777790000003,31.95,32.0,32.15,32.46666666666667,31.8,-13.824592613333332,0.1537037033333348,-0.0279999999999986,5.496,5.361999999999999,19.19320988555556,5.473333333333336,5.225736,5.2470536,5.258134,5.305893,5.203633,0,0.0,1,1.0,-0.85,20.1,79.9
2022-11-25 19:45:00,163.024312116666,125.839410672222,125.856076738886,19.077777790000003,5.361999999999999,31.8,2,5.1764362714980825,70.66250196097344,19,4,11,-0.9659258262890684,0.2588190451025203,-0.433883739117558,-0.9009688679024191,-0.5000000000000004,0.8660254037844384,0.0,0.0,7.458333333333333,19.35,42.025,77.75,85.0,1.425,5.3153067,0.1,3.75,19.25925928,31.53333333333333,31.95,32.0,32.15,31.35,-13.715777790000004,-0.2148148233333309,-0.1060000000000016,5.468000000000001,5.283333333333333,19.16975310444444,5.442000000000003,5.203633,5.225736,5.2470536,5.258134,5.185167,0,0.0,1,1.0,-0.89,21.8,78.2
2022-11-25 20:00:00,42.519966033324,15.5918763,15.59687618333,19.25925928,5.283333333333333,31.35,1,5.1764362714980825,70.66250196097344,20,4,11,-0.8660254037844386,0.5000000000000001,-0.433883739117558,-0.9009688679024191,-0.5000000000000004,0.8660254037844384,0.0,0.0,4.875,19.5,41.4,72.0,88.0,1.7,5.411715,0.1,3.5,19.0888889,31.8,31.53333333333333,31.95,32.0,31.35,-13.975925946666663,0.1814814899999959,-0.078666666666666,5.361999999999999,5.256,19.209876561111116,5.371111111111113,5.185167,5.203633,5.225736,5.2470536,5.1333604,0,0.0,1,1.0,-0.85,20.4,79.6
2022-11-25 20:15:00,114.678746033332,102.684503522224,102.698391916666,19.0888889,5.256,31.35,2,5.1764362714980825,70.66250196097344,20,4,11,-0.8660254037844386,0.5000000000000001,-0.433883739117558,-0.9009688679024191,-0.5000000000000004,0.8660254037844384,0.0,0.0,2.875,18.9,41.125,68.5,87.5,1.575,5.3629904,0.1,3.45,19.174074103333336,31.35,31.8,31.53333333333333,31.95,31.316666666666663,-13.832888899999997,-0.1703703800000013,-0.0273333333333329,5.283333333333333,5.228,19.141975323333337,5.300444444444447,5.1333604,5.185167,5.203633,5.225736,5.1537213,0,0.0,1,1.0,-0.89,21.8,78.2
2022-11-25 20:30:00,99.621848449994,81.441186655556,81.45451952222,19.174074103333336,5.228,31.316666666666663,2,5.1764362714980825,70.66250196097344,20,4,11,-0.8660254037844386,0.5000000000000001,-0.433883739117558,-0.9009688679024191,-0.5000000000000004,0.8660254037844384,0.0,0.0,1.4583333333333333,18.3,40.85,65.0,87.0,1.45,5.314525,0.1,3.4,19.24999999,31.35,31.35,31.8,31.53333333333333,31.0,-13.946074103333336,0.0851852033333386,-0.0280000000000004,5.256,5.2,19.17407409444445,5.25577777777778,5.1537213,5.1333604,5.185167,5.203633,5.1244807,0,0.0,0,1.0,-0.87,21.1,78.9
2022-11-25 20:45:00,65.979860816662,48.189183472222,48.197794294442,19.24999999,5.2,31.0,1,5.1764362714980825,70.66250196097344,20,4,11,-0.8660254037844386,0.5000000000000001,-0.433883739117558,-0.9009688679024191,-0.5000000000000004,0.8660254037844384,0.0,0.0,0.625,17.700000000000003,40.575,61.5,86.5,1.325,5.266314,0.1,3.35,19.075925936666668,31.316666666666663,31.35,31.35,31.8,31.0,-14.04999999,0.0759258866666634,-0.0279999999999995,5.228,5.173333333333333,19.170987664444446,5.228000000000002,5.1244807,5.1537213,5.1333604,5.185167,5.0721703,0,0.0,1,1.0,-0.86,20.5,79.5
2022-11-25 21:00:00,144.714766811108,131.126143611112,131.14336522222,19.075925936666668,5.173333333333333,31.0,2,5.1764362714980825,70.66250196097344,21,4,11,-0.7071067811865477,0.7071067811865474,-0.433883739117558,-0.9009688679024191,-0.5000000000000004,0.8660254037844384,0.0,0.0,0.375,17.1,40.3,58.0,86.0,1.2,5.2183614,0.1,3.3,19.26666666,31.0,31.316666666666663,31.35,31.35,30.65,-13.902592603333336,-0.1740740533333316,-0.0266666666666672,5.2,5.166,19.16666667666667,5.200444444444447,5.0721703,5.1244807,5.1537213,5.1333604,5.0716,0,0.0,1,1.0,-0.9,22.0,78.0
2022-11-25 21:15:00,44.412945644444,13.445295516666,13.45029538333,19.26666666,5.166,30.65,1,5.1764362714980825,70.66250196097344,21,4,11,-0.7071067811865477,0.7071067811865474,-0.433883739117558,-0.9009688679024191,-0.5000000000000004,0.8660254037844384,0.0,0.0,0.1875,16.575000000000003,39.05,59.25,84.5,0.95,5.1273437,0.1,3.3,19.096296296666665,31.0,31.0,31.316666666666663,31.35,30.683333333333334,-14.100666659999998,0.1907407233333309,-0.0073333333333334,5.173333333333333,5.122,19.197530862222223,5.17977777777778,5.0716,5.0721703,5.1244807,5.1537213,5.0263934,0,0.0,1,1.0,-0.86,20.5,79.5
2022-11-25 21:30:00,128.897899444444,94.931202583334,94.943702116666,19.096296296666665,5.122,30.683333333333334,2,5.1764362714980825,70.66250196097344,21,4,11,-0.7071067811865477,0.7071067811865474,-0.433883739117558,-0.9009688679024191,-0.5000000000000004,0.8660254037844384,0.0,0.0,0.0625,16.05,37.8,60.5,83.0,0.7,5.036325,0.1,3.3,19.11666667,30.65,31.0,31.0,31.316666666666663,30.95,-13.974296296666664,-0.1703703633333333,-0.0439999999999995,5.166,5.114000000000001,19.14629629777778,5.15377777777778,5.0263934,5.0716,5.0721703,5.1244807,5.076171,0,0.0,1,1.0,-0.89,21.9,78.1
2022-11-25 21:45:00,102.723113194442,90.522212333332,90.536933977776,19.11666667,5.114000000000001,30.95,2,5.1764362714980825,70.66250196097344,21,4,11,-0.7071067811865477,0.7071067811865474,-0.433883739117558,-0.9009688679024191,-0.5000000000000004,0.8660254037844384,0.0,0.0,0.0,15.525,36.55,61.75,81.5,0.4499999999999999,4.9453077,0.1,3.3,19.22037037,30.683333333333334,30.65,31.0,31.0,30.53333333333333,-14.002666669999996,0.020370373333332,-0.0079999999999991,5.122,5.104666666666668,19.15987654222222,5.134000000000003,5.076171,5.0263934,5.0716,5.0721703,5.0385365,0,0.0,0,1.0,-0.89,21.7,78.3
2022-11-25 22:00:00,61.740308088888,49.553017816666,49.562739727774,19.22037037,5.104666666666668,30.53333333333333,1,5.1764362714980825,70.66250196097344,22,4,11,-0.5000000000000004,0.8660254037844384,-0.433883739117558,-0.9009688679024191,-0.5000000000000004,0.8660254037844384,0.0,0.0,0.0,15.0,35.3,63.0,80.0,0.2,4.8542895,0.1,3.3,19.08333337,30.95,30.683333333333334,30.65,31.0,30.8,-14.115703703333336,0.103703700000004,-0.0093333333333331,5.114000000000001,5.110666666666666,19.144444445555557,5.113555555555558,5.0385365,5.076171,5.0263934,5.0716,5.041649,0,0.0,1,1.0,-0.87,20.9,79.1
2022-11-25 22:15:00,154.95546836666,131.163642144444,131.180863772218,19.08333337,5.110666666666666,30.8,2,5.1764362714980825,70.66250196097344,22,4,11,-0.5000000000000004,0.8660254037844384,-0.433883739117558,-0.9009688679024191,-0.5000000000000004,0.8660254037844384,0.0,0.0,0.0,14.225,34.025,67.25,79.0,-0.0499999999999999,4.7695675,0.1,3.225,19.294444436666662,30.53333333333333,30.95,30.683333333333334,30.65,30.53333333333333,-13.972666703333331,-0.1370370000000029,0.0059999999999984,5.104666666666668,5.163333333333333,19.14012347,5.10977777777778,5.041649,5.0385365,5.076171,5.0263934,5.0605674,0,0.0,1,1.0,-0.9,22.0,78.0
2022-11-25 22:30:00,25.720082138894,12.032851966668002,12.039240677776,19.294444436666662,5.163333333333333,30.53333333333333,1,5.1764362714980825,70.66250196097344,22,4,11,-0.5000000000000004,0.8660254037844384,-0.433883739117558,-0.9009688679024191,-0.5000000000000004,0.8660254037844384,0.0,0.0,0.0,13.45,32.75,71.5,78.0,-0.3,4.685559,0.1,3.15,19.0888889,30.8,30.53333333333333,30.95,30.683333333333334,30.55,-14.131111103333332,0.2111110666666675,0.052666666666667,5.110666666666666,5.174666666666667,19.199382725555555,5.126222222222224,5.0605674,5.041649,5.0385365,5.076171,5.0023646,0,0.0,1,1.0,-0.85,20.2,79.8
2022-11-25 22:45:00,134.443511144436,106.2990812,106.314636211108,19.0888889,5.174666666666667,30.55,2,5.1764362714980825,70.66250196097344,22,4,11,-0.5000000000000004,0.8660254037844384,-0.433883739117558,-0.9009688679024191,-0.5000000000000004,0.8660254037844384,0.0,0.0,0.0,12.675,31.475,75.75,77.0,-0.55,4.602259,0.1,3.075,19.162301599285712,30.53333333333333,30.8,30.53333333333333,30.95,30.78214285714285,-13.91422223333333,-0.2055555366666688,0.0113333333333338,5.163333333333333,5.085,19.15555556888889,5.149555555555557,5.0023646,5.0605674,5.041649,5.0385365,5.0622416,0,0.0,1,1.0,-0.9,22.0,78.0
2022-11-25 23:00:00,101.891757549998,70.135250011112,70.14580522222,19.162301599285712,5.085,30.78214285714285,1,5.1764362714980825,70.66250196097344,23,4,11,-0.2588190451025215,0.965925826289068,-0.433883739117558,-0.9009688679024191,-0.5000000000000004,0.8660254037844384,0.0,0.0,0.0,11.9,30.2,80.0,76.0,-0.8,4.519664,0.1,3.0,19.221031718571428,30.55,30.53333333333333,30.8,30.53333333333333,30.553571428571427,-14.077301599285711,0.0734126992857149,-0.089666666666667,5.174666666666667,5.038571428571428,19.181878311984125,5.141000000000003,5.0622416,5.0023646,5.0605674,5.041649,5.0420723,0,0.0,1,1.0,-0.88,21.3,78.7
2022-11-25 23:15:00,52.2454101,38.425129616666,38.433184894442,19.221031718571428,5.038571428571428,30.553571428571427,1,5.1764362714980825,70.66250196097344,23,4,11,-0.2588190451025215,0.965925826289068,-0.433883739117558,-0.9009688679024191,-0.5000000000000004,0.8660254037844384,0.0,0.0,0.0,11.7,28.775,85.0,76.25,-0.7250000000000001,4.542154,0.075,3.025,19.02863244923077,30.78214285714285,30.55,30.53333333333333,30.8,30.97307692307692,-14.18246029,0.0587301192857161,-0.0464285714285717,5.085,4.967692307692308,19.15740740595238,5.0994126984127,5.0420723,5.0622416,5.0023646,5.0605674,5.0536456,0,0.0,0,1.0,-0.87,20.9,79.1
2022-11-25 23:30:00,141.494895627774,130.521167844444,130.538667177776,19.02863244923077,4.967692307692308,30.97307692307692,2,5.1764362714980825,70.66250196097344,23,4,11,-0.2588190451025215,0.965925826289068,-0.433883739117558,-0.9009688679024191,-0.5000000000000004,0.8660254037844384,0.0,0.0,0.0,11.5,27.35,90.0,76.5,-0.65,4.5647044,0.05,3.05,19.28888889,30.553571428571427,30.78214285714285,30.55,30.53333333333333,30.65,-14.060940141538463,-0.1923992693406582,-0.0708791208791206,5.038571428571428,4.968000000000001,19.137321922362634,5.030421245421247,5.0536456,5.0420723,5.0622416,5.0023646,5.078242,0,0.0,1,1.0,-0.91,22.4,77.6
2022-11-25 23:45:00,40.964194716666,22.967970127778,22.974914349998,19.28888889,4.968000000000001,30.65,1,5.1764362714980825,70.66250196097344,23,4,11,-0.2588190451025215,0.965925826289068,-0.433883739117558,-0.9009688679024191,-0.5000000000000004,0.8660254037844384,0.0,0.0,0.0,11.3,25.925,95.0,76.75,-0.575,4.5873165,0.0249999999999999,3.075,19.144444433846157,30.97307692307692,30.553571428571427,30.78214285714285,30.55,30.70384615384615,-14.32088889,0.2602564407692291,0.0003076923076932,4.967692307692308,4.916153846153846,19.179517685934066,4.991421245421248,5.078242,5.0536456,5.0420723,5.0622416,5.0440526,0,0.0,1,1.0,-0.85,20.3,79.7
2022-11-26 00:00:00,111.430820405554,94.072903583334,94.08595866111,19.144444433846157,4.916153846153846,30.70384615384615,2,5.1764362714980825,70.66250196097344,0,5,11,0.0,1.0,-0.9749279121818236,-0.2225209339563146,-0.5000000000000004,0.8660254037844384,0.0,0.0,0.0,11.1,24.5,100.0,77.0,-0.5,4.609991,0.0,3.1,19.20000001,30.65,30.97307692307692,30.553571428571427,30.78214285714285,30.95,-14.228290587692308,-0.1444444561538453,-0.0518461538461547,4.968000000000001,4.795333333333334,19.15398859102564,4.950615384615387,5.0440526,5.078242,5.0536456,5.0420723,5.1011667,0,0.0,1,1.0,-0.88,21.5,78.5
2022-11-26 00:15:00,94.747321222216,66.674277388888,66.683999266664,19.20000001,4.795333333333334,30.95,1,5.1764362714980825,70.66250196097344,0,5,11,0.0,1.0,-0.9749279121818236,-0.2225209339563146,-0.5000000000000004,0.8660254037844384,0.0,0.0,0.0,11.35,24.5,100.0,78.25,-0.25,4.7005777,0.0,3.15,19.20740739,30.70384615384615,30.65,30.97307692307692,30.553571428571427,30.716666666666665,-14.404666676666666,0.0555555761538464,-0.1208205128205124,4.916153846153846,4.586666666666667,19.21111111128205,4.893162393162396,5.1011667,5.0440526,5.078242,5.0536456,5.06492,0,0.0,1,1.0,-0.87,21.0,79.0
2022-11-26 00:30:00,70.107195716662,44.308505355556,44.317116177776,19.20740739,4.586666666666667,30.716666666666665,1,5.1764362714980825,70.66250196097344,0,5,11,0.0,1.0,-0.9749279121818236,-0.2225209339563146,-0.5000000000000004,0.8660254037844384,0.0,0.0,0.0,11.6,24.5,100.0,79.5,0.0,4.791713,0.0,3.2,18.99444442,30.95,30.70384615384615,30.65,30.97307692307692,31.3,-14.620740723333334,0.00740738,-0.2086666666666667,4.795333333333334,4.398,19.183950611282054,4.766051282051284,5.06492,5.1011667,5.0440526,5.078242,5.0966935,0,0.0,0,1.0,-0.87,20.9,79.1
2022-11-26 00:45:00,162.442390927778,140.166337555556,140.18494796111,18.99444442,4.398,31.3,2,5.1764362714980825,70.66250196097344,0,5,11,0.0,1.0,-0.9749279121818236,-0.2225209339563146,-0.5000000000000004,0.8660254037844384,0.0,0.0,0.0,11.85,24.5,100.0,80.75,0.25,4.8834033,0.0,3.25,19.25555557333333,30.716666666666665,30.95,30.70384615384615,30.65,31.03333333333333,-14.596444419999996,-0.212962970000003,-0.1886666666666672,4.586666666666667,4.272666666666667,19.133950606666662,4.593333333333336,5.0966935,5.06492,5.1011667,5.0440526,5.131671,0,0.0,1,1.0,-0.91,22.7,77.3
2022-11-26 01:00:00,21.241372494446,0.0,0.0,19.25555557333333,4.272666666666667,31.03333333333333,0,5.1764362714980825,70.66250196097344,1,5,11,0.2588190451025207,0.9659258262890684,-0.9749279121818236,-0.2225209339563146,-0.5000000000000004,0.8660254037844384,0.0,0.0,0.0,12.1,24.5,100.0,82.0,0.5,4.975647,0.0,3.3,19.06111109,31.3,30.716666666666665,30.95,30.70384615384615,31.35,-14.982888906666666,0.261111153333335,-0.1253333333333328,4.398,4.015333333333333,19.152469127777778,4.419111111111113,5.131671,5.0966935,5.06492,5.1011667,5.124957,1,1.0,1,0.75,-0.86,20.5,79.5
2022-11-26 01:15:00,647.798809411104,123.623665972222,123.642554149998,19.06111109,4.015333333333333,31.35,2,5.1764362714980825,70.66250196097344,1,5,11,0.2588190451025207,0.9659258262890684,-0.9749279121818236,-0.2225209339563146,-0.5000000000000004,0.8660254037844384,0.0,0.0,0.0,12.45,25.225,100.0,84.0,0.75,5.0799484,0.05,3.25,19.18148146,31.03333333333333,31.3,30.716666666666665,30.95,31.316666666666663,-15.045777756666666,-0.1944444833333314,-0.2573333333333334,4.272666666666667,3.757333333333333,19.103703694444444,4.228666666666669,5.124957,5.131671,5.0966935,5.06492,5.155972,0,1.0,1,0.75,-0.9,22.1,77.9
2022-11-26 01:30:00,308.087120588884,58.72237322777799,58.733483966664,19.18148146,3.757333333333333,31.316666666666663,1,5.1764362714980825,70.66250196097344,1,5,11,0.2588190451025207,0.9659258262890684,-0.9749279121818236,-0.2225209339563146,-0.5000000000000004,0.8660254037844384,0.0,0.0,0.0,12.8,25.95,100.0,86.0,1.0,5.1834884,0.1,3.2,19.16111109,31.35,31.03333333333333,31.3,30.716666666666665,31.35,-15.424148126666667,0.1203703699999998,-0.258,4.015333333333333,3.496,19.166049374444444,4.015111111111113,5.155972,5.124957,5.131671,5.0966935,5.155267,0,1.0,1,0.75,-0.87,21.0,79.0
2022-11-26 01:45:00,92.846286066664,63.664119983334,63.675508477776,19.16111109,3.496,31.35,1,5.1764362714980825,70.66250196097344,1,5,11,0.2588190451025207,0.9659258262890684,-0.9749279121818236,-0.2225209339563146,-0.5000000000000004,0.8660254037844384,0.0,0.0,0.0,13.15,26.675,100.0,88.0,1.25,5.286272,0.15,3.15,19.04871793923077,31.316666666666663,31.35,31.03333333333333,31.3,31.5,-15.665111090000002,-0.0203703699999984,-0.2613333333333334,3.757333333333333,3.44,19.13456788,3.756222222222224,5.155267,5.155972,5.124957,5.131671,5.1457143,0,1.0,0,0.75,-0.88,21.2,78.8
2022-11-26 02:00:00,114.656802477776,95.407572444444,95.421738627774,19.04871793923077,3.44,31.5,2,5.1764362714980825,70.66250196097344,2,5,11,0.4999999999999999,0.8660254037844387,-0.9749279121818236,-0.2225209339563146,-0.5000000000000004,0.8660254037844384,0.0,0.0,0.0,13.5,27.4,100.0,90.0,1.5,5.3883014,0.2,3.1,19.17777777,31.35,31.316666666666663,31.35,31.03333333333333,31.55,-15.60871793923077,-0.1123931507692326,-0.056,3.496,3.42,19.13043682974359,3.564444444444447,5.1457143,5.155267,5.155972,5.124957,5.1932535,0,0.0,1,1.0,-0.9,22.2,77.8
2022-11-26 02:15:00,44.967923494442005,24.90372606111,24.910670316662,19.17777777,3.42,31.55,1,5.1764362714980825,70.66250196097344,2,5,11,0.4999999999999999,0.8660254037844387,-0.9749279121818236,-0.2225209339563146,-0.5000000000000004,0.8660254037844384,0.0,0.0,0.0,13.775,28.2,100.0,91.0,1.7,5.4481716,0.225,3.1,18.98333330666667,31.5,31.35,31.316666666666663,31.35,31.966666666666665,-15.75777777,0.1290598307692292,-0.02,3.44,3.548666666666666,19.129202266410257,3.452000000000002,5.1932535,5.1457143,5.155267,5.155972,5.2018375,0,0.0,1,1.0,-0.87,21.0,79.0
2022-11-26 02:30:00,145.062530799992,128.876233594446,128.89289966111,18.98333330666667,3.548666666666666,31.966666666666665,2,5.1764362714980825,70.66250196097344,2,5,11,0.4999999999999999,0.8660254037844387,-0.9749279121818236,-0.2225209339563146,-0.5000000000000004,0.8660254037844384,0.0,0.0,0.0,14.05,29.0,100.0,92.0,1.9,5.5080414,0.25,3.1,19.174074089166663,31.55,31.5,31.35,31.316666666666663,31.675,-15.434666640000003,-0.1944444633333297,0.1286666666666667,3.42,3.763333333333333,19.069943005299148,3.4695555555555573,5.2018375,5.1932535,5.1457143,5.155267,5.212691,0,0.0,1,1.0,-0.91,22.6,77.4
2022-11-26 02:45:00,45.228746427774,35.551633427778,35.559410949998004,19.174074089166663,3.763333333333333,31.675,1,5.1764362714980825,70.66250196097344,2,5,11,0.4999999999999999,0.8660254037844387,-0.9749279121818236,-0.2225209339563146,-0.5000000000000004,0.8660254037844384,0.0,0.0,0.0,14.325,29.8,100.0,93.0,2.1,5.567911,0.275,3.1,19.045454568181817,31.966666666666665,31.55,31.5,31.35,31.727272727272727,-15.410740755833332,0.1907407824999971,0.2146666666666665,3.548666666666666,3.926363636363636,19.111728388611112,3.5773333333333355,5.212691,5.2018375,5.1932535,5.1457143,5.181843,0,0.0,1,1.0,-0.87,21.0,79.0
2022-11-26 03:00:00,94.518996872222,76.586380855556,76.597769283334,19.045454568181817,3.926363636363636,31.727272727272727,2,5.1764362714980825,70.66250196097344,3,5,11,0.7071067811865476,0.7071067811865476,-0.9749279121818236,-0.2225209339563146,-0.5000000000000004,0.8660254037844384,0.0,0.0,0.0,14.6,30.6,100.0,94.0,2.3,5.6277814,0.3,3.1,19.10555558,31.675,31.966666666666665,31.55,31.5,31.65,-15.119090931818182,-0.1286195209848486,0.163030303030303,3.763333333333333,4.0,19.06762065467172,3.746121212121215,5.181843,5.212691,5.2018375,5.1932535,5.187579,0,0.0,1,1.0,-0.9,22.1,77.9
2022-11-26 03:15:00,460.42241578333,106.490740216666,106.504906316666,19.10555558,4.0,31.65,2,5.1764362714980825,70.66250196097344,3,5,11,0.7071067811865476,0.7071067811865476,-0.9749279121818236,-0.2225209339563146,-0.5000000000000004,0.8660254037844384,0.0,0.0,0.0,14.3,30.700000000000003,100.0,94.25,2.3,5.6332846,0.3,3.075,19.272222226666667,31.727272727272727,31.675,31.966666666666665,31.55,31.5,-15.10555558,0.0601010118181832,0.0736363636363637,3.926363636363636,4.044,19.108361412449497,3.896565656565659,5.187579,5.181843,5.212691,5.2018375,5.2139544,0,0.0,0,1.0,-0.89,21.6,78.4
2022-11-26 03:30:00,53.784237611104,31.946222116666,31.953999655552,19.272222226666667,4.044,31.5,1,5.1764362714980825,70.66250196097344,3,5,11,0.7071067811865476,0.7071067811865476,-0.9749279121818236,-0.2225209339563146,-0.5000000000000004,0.8660254037844384,0.0,0.0,0.0,14.0,30.8,100.0,94.5,2.3,5.6387525,0.3,3.05,19.02222219,31.65,31.727272727272727,31.675,31.966666666666665,31.8,-15.228222226666666,0.1666666466666662,0.0439999999999995,4.0,4.131333333333333,19.14107745828283,3.990121212121215,5.2139544,5.187579,5.181843,5.212691,5.1866064,0,0.0,1,1.0,-0.85,20.2,79.8
2022-11-26 03:45:00,139.240819294434,126.633545588888,126.65076718333,19.02222219,4.131333333333333,31.8,2,5.1764362714980825,70.66250196097344,3,5,11,0.7071067811865476,0.7071067811865476,-0.9749279121818236,-0.2225209339563146,-0.5000000000000004,0.8660254037844384,0.0,0.0,0.0,13.7,30.9,100.0,94.75,2.3,5.644185,0.3,3.025,19.224074066666667,31.5,31.65,31.727272727272727,31.675,31.53333333333333,-14.890888856666663,-0.2500000366666697,0.0873333333333334,4.044,4.196666666666666,19.13333333222222,4.058444444444446,5.1866064,5.2139544,5.187579,5.181843,5.2046905,0,0.0,1,1.0,-0.91,22.3,77.7
2022-11-26 04:00:00,57.417703216666,33.609211127778,33.616155316666,19.224074066666667,4.196666666666666,31.53333333333333,1,5.1764362714980825,70.66250196097344,4,5,11,0.8660254037844386,0.5000000000000001,-0.9749279121818236,-0.2225209339563146,-0.5000000000000004,0.8660254037844384,0.0,0.0,0.0,13.4,31.0,100.0,95.0,2.3,5.64958,0.3,3.0,19.06666667,31.8,31.5,31.65,31.727272727272727,31.55,-15.0274074,0.2018518766666694,0.0653333333333332,4.131333333333333,4.228,19.17283949444445,4.124000000000002,5.2046905,5.1866064,5.2139544,5.187579,5.1593413,0,0.0,1,1.0,-0.86,20.6,79.4
2022-11-26 04:15:00,78.962397011108,66.470118872222,66.48122956111,19.06666667,4.228,31.55,1,5.1764362714980825,70.66250196097344,4,5,11,0.8660254037844386,0.5000000000000001,-0.9749279121818236,-0.2225209339563146,-0.5000000000000004,0.8660254037844384,0.0,0.0,0.0,13.15,30.175,95.25,94.75,2.25,5.6252546,0.275,2.975,18.88518515,31.53333333333333,31.8,31.5,31.65,31.78333333333333,-14.83866667,-0.1574073966666667,0.0313333333333334,4.196666666666666,4.306666666666668,19.10432097555556,4.185333333333335,5.1593413,5.2046905,5.1866064,5.2139544,5.142115,0,0.0,0,1.0,-0.9,22.0,78.0
2022-11-26 04:30:00,177.085138627774,159.206131516666,159.226408505554,18.88518515,4.306666666666668,31.78333333333333,2,5.1764362714980825,70.66250196097344,4,5,11,0.8660254037844386,0.5000000000000001,-0.9749279121818236,-0.2225209339563146,-0.5000000000000004,0.8660254037844384,0.0,0.0,0.0,12.9,29.35,90.5,94.5,2.2,5.6009927,0.25,2.95,19.23333333,31.55,31.53333333333333,31.8,31.5,31.15,-14.57851848333333,-0.1814815200000019,0.0786666666666677,4.228,4.379333333333333,19.05864196222222,4.2437777777777805,5.142115,5.1593413,5.2046905,5.1866064,5.144224,0,0.0,1,1.0,-0.94,23.6,76.4
2022-11-26 04:45:00,72.449879922212,34.086136516666,34.092247438886,19.23333333,4.379333333333333,31.15,1,5.1764362714980825,70.66250196097344,4,5,11,0.8660254037844386,0.5000000000000001,-0.9749279121818236,-0.2225209339563146,-0.5000000000000004,0.8660254037844384,0.0,0.0,0.0,12.65,28.525,85.75,94.25,2.15,5.576796,0.225,2.925,19.07962965333333,31.78333333333333,31.55,31.53333333333333,31.8,31.183333333333334,-14.853999996666667,0.3481481800000026,0.0726666666666657,4.306666666666668,4.430000000000001,19.06172838333333,4.304666666666669,5.144224,5.142115,5.1593413,5.2046905,5.1032825,0,0.0,1,1.0,-0.86,20.6,79.4
2022-11-26 05:00:00,106.259916299992,84.483842744444,84.49689785555199,19.07962965333333,4.430000000000001,31.183333333333334,2,5.1764362714980825,70.66250196097344,5,5,11,0.9659258262890684,0.2588190451025207,-0.9749279121818236,-0.2225209339563146,-0.5000000000000004,0.8660254037844384,0.0,0.0,0.0,12.4,27.7,81.0,94.0,2.1,5.5526605,0.2,2.9,19.03333336,31.15,31.78333333333333,31.55,31.53333333333333,31.45,-14.649629653333331,-0.1537036766666695,0.0506666666666673,4.379333333333333,4.44,19.066049377777777,4.3720000000000026,5.1032825,5.144224,5.142115,5.1593413,5.132885,0,0.0,1,1.0,-0.9,22.0,78.0
2022-11-26 05:15:00,132.40998122222,120.3643519,120.38129572222,19.03333336,4.44,31.45,2,5.1764362714980825,70.66250196097344,5,5,11,0.9659258262890684,0.2588190451025207,-0.9749279121818236,-0.2225209339563146,-0.5000000000000004,0.8660254037844384,0.0,0.0,0.0,12.3,27.075,77.5,94.25,1.975,5.520802,0.15,2.775,19.2537037,31.183333333333334,31.15,31.78333333333333,31.55,30.85,-14.593333359999995,-0.0462962933333344,0.0099999999999997,4.430000000000001,4.46,19.115432114444445,4.416444444444447,5.132885,5.1032825,5.144224,5.142115,5.100799,0,0.0,0,1.0,-0.91,22.3,77.7
2022-11-26 05:30:00,38.889277683334,19.563939644444,19.569495038886,19.2537037,4.46,30.85,1,5.1764362714980825,70.66250196097344,5,5,11,0.9659258262890684,0.2588190451025207,-0.9749279121818236,-0.2225209339563146,-0.5000000000000004,0.8660254037844384,0.0,0.0,0.0,12.2,26.45,74.0,94.5,1.85,5.4890394,0.1,2.65,19.03888887,31.45,31.183333333333334,31.15,31.78333333333333,30.85,-14.793703699999998,0.2203703400000023,0.0199999999999995,4.44,4.5280000000000005,19.122222237777777,4.443333333333336,5.100799,5.132885,5.1032825,5.144224,5.0366116,0,0.0,1,1.0,-0.86,20.5,79.5
2022-11-26 05:45:00,160.401639361106,143.226215155556,143.245381105554,19.03888887,4.5280000000000005,30.85,2,5.1764362714980825,70.66250196097344,5,5,11,0.9659258262890684,0.2588190451025207,-0.9749279121818236,-0.2225209339563146,-0.5000000000000004,0.8660254037844384,0.0,0.0,0.0,12.1,25.825,70.5,94.75,1.725,5.4573727,0.0499999999999999,2.525,19.224074066666667,30.85,31.45,31.183333333333334,31.15,30.816666666666663,-14.51088887,-0.2148148299999981,0.0680000000000005,4.46,4.569999999999999,19.108641976666664,4.476000000000003,5.0366116,5.100799,5.132885,5.1032825,5.086402,0,0.0,1,1.0,-0.91,22.4,77.6
2022-11-26 06:00:00,37.730712977776,18.38787553889,18.39537532222,19.224074066666667,4.569999999999999,30.816666666666663,1,5.1764362714980825,70.66250196097344,6,5,11,1.0,6.123233995736766e-17,-0.9749279121818236,-0.2225209339563146,-0.5000000000000004,0.8660254037844384,0.0,0.0,0.0,12.0,25.2,67.0,95.0,1.6,5.4258037,0.0,2.4,19.04999998,30.85,30.85,31.45,31.183333333333334,30.85,-14.654074066666666,0.1851851966666657,0.0419999999999989,4.5280000000000005,4.583333333333333,19.172222212222223,4.519333333333336,5.086402,5.0366116,5.100799,5.132885,5.039914,0,0.0,1,1.0,-0.86,20.8,79.2
2022-11-26 06:15:00,136.263993872214,104.817751555556,104.833028777776,19.04999998,4.583333333333333,30.85,2,5.1764362714980825,70.66250196097344,6,5,11,1.0,6.123233995736766e-17,-0.9749279121818236,-0.2225209339563146,-0.5000000000000004,0.8660254037844384,0.0,0.0,0.0,12.35,25.475,74.75,94.75,1.425,5.3479047,0.0,2.225,19.098148153333334,30.816666666666663,30.85,30.85,31.45,30.816666666666663,-14.466666646666669,-0.1740740866666676,0.0133333333333336,4.569999999999999,4.548,19.104320972222222,4.560444444444446,5.039914,5.086402,5.0366116,5.100799,5.048788,0,0.0,1,1.0,-0.9,22.3,77.7
2022-11-26 06:30:00,122.38621560555,94.823984655556,94.837317538886,19.098148153333334,4.548,30.816666666666663,2,5.1764362714980825,70.66250196097344,6,5,11,1.0,6.123233995736766e-17,-0.9749279121818236,-0.2225209339563146,-0.5000000000000004,0.8660254037844384,0.0,0.0,0.0,12.7,25.75,82.5,94.5,1.25,5.270996,0.0,2.05,19.2111111,30.85,30.816666666666663,30.85,30.85,30.55,-14.550148153333334,0.0481481733333346,-0.0353333333333329,4.583333333333333,4.446666666666667,19.12407406666667,4.567111111111114,5.048788,5.039914,5.086402,5.0366116,5.0385365,0,0.0,0,1.0,-0.89,21.9,78.1
2022-11-26 06:45:00,50.175492883334,38.154029294446,38.162084588888,19.2111111,4.446666666666667,30.55,1,5.1764362714980825,70.66250196097344,6,5,11,1.0,6.123233995736766e-17,-0.9749279121818236,-0.2225209339563146,-0.5000000000000004,0.8660254037844384,0.0,0.0,0.0,13.05,26.025,90.25,94.25,1.0750000000000002,5.195067,0.0,1.875,19.02407404333333,30.816666666666663,30.85,30.816666666666663,30.85,30.966666666666665,-14.764444433333331,0.1129629466666664,-0.1013333333333328,4.548,4.277333333333333,19.119753077777776,4.5260000000000025,5.0385365,5.048788,5.039914,5.086402,5.051241,0,0.0,1,1.0,-0.87,20.9,79.1
2022-11-26 07:00:00,160.026098716666,147.807976377776,147.827420066664,19.02407404333333,4.277333333333333,30.966666666666665,2,5.1764362714980825,70.66250196097344,7,5,11,0.9659258262890684,-0.2588190451025206,-0.9749279121818236,-0.2225209339563146,-0.5000000000000004,0.8660254037844384,0.0,0.0,0.0,13.4,26.3,98.0,94.0,0.9,5.1201067,0.0,1.7,19.28888889,30.55,30.816666666666663,30.85,30.816666666666663,30.65,-14.74674071,-0.1870370566666679,-0.1693333333333342,4.446666666666667,4.216666666666667,19.11111109888889,4.424000000000003,5.051241,5.0385365,5.048788,5.039914,5.078242,0,0.0,1,1.0,-0.91,22.5,77.5
2022-11-26 07:15:00,51.26322722222,27.153080466668,27.159746933332,19.28888889,4.216666666666667,30.65,1,5.1764362714980825,70.66250196097344,7,5,11,0.9659258262890684,-0.2588190451025206,-0.9749279121818236,-0.2225209339563146,-0.5000000000000004,0.8660254037844384,0.0,0.0,0.0,13.475,26.575,76.75,92.0,0.875,5.105544,0.0,1.975,19.15185184,30.966666666666665,30.55,30.816666666666663,30.85,30.5,-15.072222223333332,0.2648148466666669,-0.0606666666666662,4.277333333333333,4.192666666666667,19.174691344444444,4.313555555555557,5.078242,5.051241,5.0385365,5.048788,5.0127535,0,0.0,1,1.0,-0.85,20.3,79.7
2022-11-26 07:30:00,129.447044294438,109.395624016666,109.41062348333,19.15185184,4.192666666666667,30.5,2,5.1764362714980825,70.66250196097344,7,5,11,0.9659258262890684,-0.2588190451025206,-0.9749279121818236,-0.2225209339563146,-0.5000000000000004,0.8660254037844384,0.0,0.0,0.0,13.55,26.85,55.5,90.0,0.8500000000000001,5.0883985,0.0,2.25,19.16666665,30.65,30.966666666666665,30.55,30.816666666666663,30.45,-14.959185173333331,-0.13703705,-0.024,4.216666666666667,4.080666666666667,19.154938257777776,4.228888888888892,5.0127535,5.078242,5.051241,5.0385365,5.0089083,0,0.0,1,1.0,-0.88,21.5,78.5
2022-11-26 07:45:00,116.721442155552,88.948386372222,88.962274749998,19.16666665,4.080666666666667,30.45,2,5.1764362714980825,70.66250196097344,7,5,11,0.9659258262890684,-0.2588190451025206,-0.9749279121818236,-0.2225209339563146,-0.5000000000000004,0.8660254037844384,0.0,0.0,0.0,13.625,27.125,34.25,88.0,0.8250000000000001,5.0685887,0.0,2.525,19.240740731666666,30.5,30.65,30.966666666666665,30.55,30.191666666666663,-15.085999983333334,0.0148148100000007,-0.1120000000000001,4.192666666666667,4.025,19.202469126666667,4.163333333333335,5.0089083,5.0127535,5.078242,5.051241,4.9881372,0,0.0,0,1.0,-0.88,21.3,78.7
2022-11-26 08:00:00,50.434649349994,27.978603044444,27.984713966664,19.240740731666666,4.025,30.191666666666663,1,5.1764362714980825,70.66250196097344,8,5,11,0.8660254037844387,-0.4999999999999998,-0.9749279121818236,-0.2225209339563146,-0.5000000000000004,0.8660254037844384,0.0,0.0,0.0,13.7,27.4,13.0,86.0,0.8,5.0460334,0.0,2.8,18.99999999,30.45,30.5,30.65,30.966666666666665,30.5,-15.215740731666669,0.0740740816666658,-0.0556666666666672,4.080666666666667,4.0633333333333335,19.186419740555557,4.099444444444447,4.9881372,5.0089083,5.0127535,5.078242,4.9680557,0,0.0,1,1.0,-0.86,20.8,79.2
2022-11-26 08:15:00,153.534136155556,138.9894402,139.008883905554,18.99999999,4.0633333333333335,30.5,2,5.1764362714980825,70.66250196097344,8,5,11,0.8660254037844387,-0.4999999999999998,-0.9749279121818236,-0.2225209339563146,-0.5000000000000004,0.8660254037844384,5.75,1.4375,0.4791666666666667,13.45,27.4,12.25,86.0,0.7250000000000001,5.0290775,0.0,2.75,19.17222223,30.191666666666663,30.45,30.5,30.65,30.316666666666663,-14.936666656666668,-0.2407407416666664,0.0383333333333339,4.025,4.207333333333334,19.135802457222223,4.056333333333336,4.9680557,4.9881372,5.0089083,5.0127535,4.9886084,0,0.0,1,1.0,-0.92,22.8,77.2
2022-11-26 08:30:00,33.203394061110004,21.169708711112,21.177486249998,19.17222223,4.207333333333334,30.316666666666663,1,5.1764362714980825,70.66250196097344,8,5,11,0.8660254037844387,-0.4999999999999998,-0.9749279121818236,-0.2225209339563146,-0.5000000000000004,0.8660254037844384,11.5,4.3125,1.4375,13.2,27.4,11.5,86.0,0.65,5.0121717,0.0,2.7,19.0333333,30.5,30.191666666666663,30.45,30.5,30.35,-14.964888896666665,0.1722222399999999,0.1440000000000001,4.0633333333333335,4.537333333333334,19.137654317222225,4.098555555555558,4.9886084,4.9680557,4.9881372,5.0089083,4.9533563,0,0.0,1,1.0,-0.88,21.3,78.7
2022-11-26 08:45:00,138.413629949998,120.051308872222,120.06880822222,19.0333333,4.537333333333334,30.35,2,5.1764362714980825,70.66250196097344,8,5,11,0.8660254037844387,-0.4999999999999998,-0.9749279121818236,-0.2225209339563146,-0.5000000000000004,0.8660254037844384,17.25,8.625,2.875,12.95,27.4,10.75,86.0,0.575,4.995316,0.0,2.65,19.11851850333333,30.316666666666663,30.5,30.191666666666663,30.45,30.5,-14.495999966666666,-0.1388889300000002,0.33,4.207333333333334,4.827333333333333,19.068518506666667,4.269333333333336,4.9533563,4.9886084,4.9680557,4.9881372,5.0029116,0,0.0,1,1.0,-0.91,22.5,77.5
2022-11-26 09:00:00,101.374000611104,74.36896958888799,74.381746911108,19.11851850333333,4.827333333333333,30.5,2,5.1764362714980825,70.66250196097344,9,5,11,0.7071067811865476,-0.7071067811865475,-0.9749279121818236,-0.2225209339563146,-0.5000000000000004,0.8660254037844384,23.0,14.375,4.791666666666667,12.7,27.4,10.0,86.0,0.5,4.97851,0.0,2.6,19.15555554,30.35,30.316666666666663,30.5,30.191666666666663,30.55,-14.291185170000002,0.0851852033333351,0.2899999999999991,4.537333333333334,5.006666666666666,19.108024677777777,4.524000000000003,5.0029116,4.9533563,4.9886084,4.9680557,5.022068,0,0.0,0,1.0,-0.89,21.7,78.3
2022-11-26 09:15:00,76.242783699992,48.620832872222,48.630832538886,19.15555554,5.006666666666666,30.55,1,5.1764362714980825,70.66250196097344,9,5,11,0.7071067811865476,-0.7071067811865475,-0.9749279121818236,-0.2225209339563146,-0.5000000000000004,0.8660254037844384,53.75,26.375,9.270833333333334,12.15,27.025,23.25,84.25,0.55,4.9934773,0.0,2.95,18.98518518666667,30.5,30.35,30.316666666666663,30.5,30.78333333333333,-14.148888873333336,0.0370370366666676,0.1793333333333331,4.827333333333333,5.182,19.10246911444445,4.790444444444447,5.022068,5.0029116,4.9533563,4.9886084,5.009824,0,0.0,1,1.0,-0.88,21.4,78.6
2022-11-26 09:30:00,156.644567349998,136.952021716666,136.970632138886,18.98518518666667,5.182,30.78333333333333,2,5.1764362714980825,70.66250196097344,9,5,11,0.7071067811865476,-0.7071067811865475,-0.9749279121818236,-0.2225209339563146,-0.5000000000000004,0.8660254037844384,84.5,44.625,16.3125,11.6,26.65,36.5,82.5,0.6,5.005986,0.0,3.3,19.32222223,30.55,30.5,30.35,30.316666666666663,30.5,-13.803185186666669,-0.1703703533333325,0.1753333333333344,5.006666666666666,5.744,19.086419743333337,5.005333333333335,5.009824,5.022068,5.0029116,4.9533563,5.063316,0,0.0,1,1.0,-0.92,22.9,77.1
2022-11-26 09:45:00,29.805752238886,0.0,0.0,19.32222223,5.744,30.5,0,5.1764362714980825,70.66250196097344,9,5,11,0.7071067811865476,-0.7071067811865475,-0.9749279121818236,-0.2225209339563146,-0.5000000000000004,0.8660254037844384,115.25,69.125,25.916666666666668,11.05,26.275,49.75,80.75,0.6499999999999999,5.015923,0.0,3.65,19.564814836666663,30.78333333333333,30.55,30.5,30.35,30.5,-13.578222230000002,0.337037043333332,0.5619999999999994,5.182,6.528666666666667,19.15432098555556,5.310888888888891,5.063316,5.009824,5.022068,5.0029116,5.1360774,1,1.0,1,0.75,-0.84,20.0,80.0
2022-11-26 10:00:00,87.593162849998,75.439760072222,75.45364848333,19.564814836666663,6.528666666666667,30.5,2,5.1764362714980825,70.66250196097344,10,5,11,0.4999999999999999,-0.8660254037844387,-0.9749279121818236,-0.2225209339563146,-0.5000000000000004,0.8660254037844384,146.0,99.875,38.083333333333336,10.5,25.9,63.0,79.0,0.7,5.0231767,0.0,4.0,19.62222221,30.5,30.78333333333333,30.55,30.5,30.5,-13.036148169999995,0.2425926066666619,0.7846666666666673,5.744,6.841333333333334,19.290740751111112,5.818222222222225,5.1360774,5.063316,5.009824,5.022068,5.1534276,0,1.0,1,0.75,-0.79,18.1,81.9
2022-11-26 10:15:00,95.813389694438,83.843868344444,83.85747898333,19.62222221,6.841333333333334,30.5,2,5.1764362714980825,70.66250196097344,10,5,11,0.4999999999999999,-0.8660254037844387,-0.9749279121818236,-0.2225209339563146,-0.5000000000000004,0.8660254037844384,179.25,131.25,53.020833333333336,10.625,25.9,51.5,77.25,0.8,5.06113,0.0,4.45,19.796296266666666,30.5,30.5,30.78333333333333,30.55,30.316666666666663,-12.780888876666666,0.0574073733333371,0.3126666666666668,6.528666666666667,7.322,19.503086425555555,6.371333333333336,5.1534276,5.1360774,5.063316,5.009824,5.1750526,0,1.0,0,0.75,-0.77,17.6,82.4
2022-11-26 10:30:00,47.443935549998,13.235581672222,13.241137066664,19.796296266666666,7.322,30.316666666666663,1,5.1764362714980825,70.66250196097344,10,5,11,0.4999999999999999,-0.8660254037844387,-0.9749279121818236,-0.2225209339563146,-0.5000000000000004,0.8660254037844384,212.5,163.25,70.72916666666667,10.75,25.9,40.0,75.5,0.9,5.0961847,0.0,4.9,20.244444410000003,30.5,30.5,30.5,30.78333333333333,29.95,-12.474296266666666,0.1740740566666652,0.4806666666666661,6.841333333333334,7.708666666666667,19.661111104444444,6.897333333333336,5.1750526,5.1534276,5.1360774,5.063316,5.248381,0,1.0,1,0.75,-0.74,16.4,83.6
2022-11-26 10:45:00,138.070865927774,110.355030072222,110.370585049998,20.244444410000003,7.708666666666667,29.95,2,5.1764362714980825,70.66250196097344,10,5,11,0.4999999999999999,-0.8660254037844387,-0.9749279121818236,-0.2225209339563146,-0.5000000000000004,0.8660254037844384,245.75,195.875,91.20833333333331,10.875,25.9,28.5,73.75,1.0,5.128156,0.0,5.35,20.612962966666664,30.316666666666663,30.5,30.5,30.5,29.53333333333333,-12.535777743333336,0.4481481433333378,0.3866666666666667,7.322,8.214666666666666,19.88765429555556,7.290666666666669,5.248381,5.1750526,5.1534276,5.1360774,5.2878776,0,0.0,1,1.0,-0.64,13.5,86.5
2022-11-26 11:00:00,38.1443075,22.311885272222,22.319940566664,20.612962966666664,8.214666666666666,29.53333333333333,1,5.1764362714980825,70.66250196097344,11,5,11,0.258819045102521,-0.9659258262890682,-0.9749279121818236,-0.2225209339563146,-0.5000000000000004,0.8660254037844384,279.0,229.125,114.45833333333331,11.0,25.9,17.0,72.0,1.1,5.1568527,0.0,5.8,20.63888892,29.95,30.316666666666663,30.5,30.5,29.5,-12.398296299999998,0.3685185566666611,0.5059999999999993,7.708666666666667,8.685333333333334,20.21790121444444,7.748444444444448,5.2878776,5.248381,5.1750526,5.1534276,5.2898965,0,0.0,1,1.0,-0.55,11.4,88.6
2022-11-26 11:15:00,73.900932744444,53.047322472222,53.057599894442,20.63888892,8.685333333333334,29.5,1,5.1764362714980825,70.66250196097344,11,5,11,0.258819045102521,-0.9659258262890682,-0.9749279121818236,-0.2225209339563146,-0.5000000000000004,0.8660254037844384,302.5,259.9375,139.1875,11.225,26.725,13.5,70.0,1.15,5.1636353,0.0,6.25,20.36666668333333,29.53333333333333,29.95,30.316666666666663,30.5,29.683333333333334,-11.953555586666663,0.0259259533333349,0.4706666666666681,8.214666666666666,9.044,20.498765432222225,8.202888888888891,5.2898965,5.2878776,5.248381,5.1750526,5.2389226,0,0.0,0,1.0,-0.55,11.3,88.7
2022-11-26 11:30:00,108.148451705554,92.802398855556,92.816287266664,20.36666668333333,9.044,29.683333333333334,2,5.1764362714980825,70.66250196097344,11,5,11,0.258819045102521,-0.9659258262890682,-0.9749279121818236,-0.2225209339563146,-0.5000000000000004,0.8660254037844384,326.0,288.3125,165.39583333333334,11.45,27.55,10.0,68.0,1.2000000000000002,5.1656404,0.0,6.7,20.30555558,29.5,29.53333333333333,29.95,30.316666666666663,29.65,-11.322666683333331,-0.2722222366666678,0.3586666666666662,8.685333333333334,9.488666666666669,20.53950619,8.648000000000001,5.2389226,5.2898965,5.2878776,5.248381,5.2143965,0,0.0,1,1.0,-0.61,12.8,87.2
2022-11-26 11:45:00,16.524616838886,0.0,0.0,20.30555558,9.488666666666669,29.65,0,5.1764362714980825,70.66250196097344,11,5,11,0.258819045102521,-0.9659258262890682,-0.9749279121818236,-0.2225209339563146,-0.5000000000000004,0.8660254037844384,349.5,314.25,193.08333333333331,11.675,28.375,6.5,66.0,1.25,5.1626167,0.0,7.15,20.61851855333333,29.683333333333334,29.5,29.53333333333333,29.95,29.316666666666663,-10.81688891333333,-0.0611111033333351,0.4446666666666665,9.044,9.674,20.43703706111111,9.07266666666667,5.2143965,5.2389226,5.2898965,5.2878776,5.2507844,1,1.0,1,0.75,-0.62,13.2,86.8
2022-11-26 12:00:00,141.728497416662,112.920205244444,112.93770464444,20.61851855333333,9.674,29.316666666666663,2,5.1764362714980825,70.66250196097344,12,5,11,1.2246467991473532e-16,-1.0,-0.9749279121818236,-0.2225209339563146,-0.5000000000000004,0.8660254037844384,373.0,337.75,222.25,11.9,29.2,3.0,64.0,1.3,5.1542983,0.0,7.6,20.84999999,29.65,29.683333333333334,29.5,29.53333333333333,28.95,-10.944518553333332,0.3129629733333381,0.1853333333333342,9.488666666666669,10.288666666666666,20.43024693888889,9.402222222222226,5.2507844,5.2143965,5.2389226,5.2898965,5.2554674,0,1.0,1,0.75,-0.55,11.4,88.6
2022-11-26 12:15:00,54.12589062777,20.056419944444,20.063641955552,20.84999999,10.288666666666666,28.95,1,5.1764362714980825,70.66250196097344,12,5,11,1.2246467991473532e-16,-1.0,-0.9749279121818236,-0.2225209339563146,-0.5000000000000004,0.8660254037844384,385.0,358.375,249.85416666666663,12.425,30.1,2.25,61.5,1.05,5.07437,0.0,7.975,21.266666683333334,29.316666666666663,29.65,29.683333333333334,29.5,28.35,-10.561333323333336,0.2314814366666659,0.6146666666666647,9.674,10.405333333333331,20.59135804111111,9.817111111111114,5.2554674,5.2507844,5.2143965,5.2389226,5.272601,0,1.0,1,0.75,-0.5,10.3,89.7
2022-11-26 12:30:00,42.226921955556,26.945311011112,26.95447736111,21.266666683333334,10.405333333333331,28.35,1,5.1764362714980825,70.66250196097344,12,5,11,1.2246467991473532e-16,-1.0,-0.9749279121818236,-0.2225209339563146,-0.5000000000000004,0.8660254037844384,397.0,376.125,275.8958333333333,12.95,31.0,1.5,59.0,0.8,4.9870543,0.0,8.35,21.505555580000003,28.95,29.316666666666663,29.65,29.683333333333334,28.0,-10.86133335,0.4166666933333331,0.1166666666666671,10.288666666666666,10.648,20.91172840888889,10.12266666666667,5.272601,5.2554674,5.2507844,5.2143965,5.2800713,0,1.0,0,0.75,-0.41,8.5,91.5
2022-11-26 12:45:00,123.834490955552,109.82366246111,109.840328527774,21.505555580000003,10.648,28.0,2,5.1764362714980825,70.66250196097344,12,5,11,1.2246467991473532e-16,-1.0,-0.9749279121818236,-0.2225209339563146,-0.5000000000000004,0.8660254037844384,409.0,391.0,300.375,13.475,31.9,0.75,56.5,0.55,4.89208,0.0,8.725,21.20370369,28.35,28.95,29.316666666666663,29.65,28.183333333333334,-10.857555580000003,0.2388888966666691,0.2426666666666666,10.405333333333331,10.861333333333334,21.20740741777778,10.447333333333336,5.2800713,5.272601,5.2554674,5.2507844,5.222498,0,0.0,1,1.0,-0.36,7.6,92.4
2022-11-26 13:00:00,26.436442616662,0.0,0.0,21.20370369,10.861333333333334,28.183333333333334,0,5.1764362714980825,70.66250196097344,13,5,11,-0.2588190451025208,-0.9659258262890684,-0.9749279121818236,-0.2225209339563146,-0.5000000000000004,0.8660254037844384,421.0,403.0,323.2916666666667,14.0,32.8,0.0,54.0,0.3,4.7891665,0.0,9.1,21.08333332,28.0,28.35,28.95,29.316666666666663,28.5,-10.342370356666668,-0.3018518900000018,0.2133333333333347,10.648,11.027333333333331,21.325308651111115,10.638222222222224,5.222498,5.2800713,5.272601,5.2554674,5.2444134,1,1.0,1,0.75,-0.42,8.8,91.2
2022-11-26 13:15:00,75.921685311108,63.948275283334,63.96105262222,21.08333332,11.027333333333331,28.5,1,5.1764362714980825,70.66250196097344,13,5,11,-0.2588190451025208,-0.9659258262890684,-0.9749279121818236,-0.2225209339563146,-0.5000000000000004,0.8660254037844384,419.25,411.5625,343.2916666666667,14.1,32.974999999999994,10.25,52.5,0.15,4.7385697,0.0,9.375,20.790740733333333,28.183333333333334,28.0,28.35,28.95,28.683333333333334,-10.055999986666668,-0.1203703699999998,0.1659999999999986,10.861333333333334,11.138,21.264197530000004,10.845555555555558,5.2444134,5.222498,5.2800713,5.272601,5.189135,0,1.0,1,0.75,-0.45,9.2,90.8
2022-11-26 13:30:00,89.212264749998,65.655706966668,65.66792876111,20.790740733333333,11.138,28.683333333333334,1,5.1764362714980825,70.66250196097344,13,5,11,-0.2588190451025208,-0.9659258262890684,-0.9749279121818236,-0.2225209339563146,-0.5000000000000004,0.8660254037844384,417.5,416.6875,360.375,14.2,33.15,20.5,51.0,0.0,4.6844964,0.0,9.65,20.48888887,28.5,28.183333333333334,28.0,28.35,29.05,-9.652740733333331,-0.2925925866666681,0.1106666666666669,11.027333333333331,11.426666666666668,21.025925914444446,11.00888888888889,5.189135,5.2444134,5.222498,5.2800713,5.1638474,0,1.0,0,0.75,-0.52,10.6,89.4
2022-11-26 13:45:00,58.705429422224,19.726433127778,19.732544049998,20.48888887,11.426666666666668,29.05,1,5.1764362714980825,70.66250196097344,13,5,11,-0.2588190451025208,-0.9659258262890684,-0.9749279121818236,-0.2225209339563146,-0.5000000000000004,0.8660254037844384,415.75,418.375,374.5416666666667,14.3,33.325,30.75,49.5,-0.15,4.6268535,0.0,9.925,20.15555554,28.683333333333334,28.5,28.183333333333334,28.0,29.65,-9.062222203333327,-0.3018518633333364,0.2886666666666677,11.138,11.842666666666666,20.78765430777778,11.197333333333336,5.1638474,5.189135,5.2444134,5.222498,5.1688776,0,1.0,0,0.75,-0.58,12.2,87.8
2022-11-26 14:00:00,123.267846972218,107.4907002,107.506532949998,20.15555554,11.842666666666666,29.65,2,5.1764362714980825,70.66250196097344,14,5,11,-0.4999999999999997,-0.8660254037844388,-0.9749279121818236,-0.2225209339563146,-0.5000000000000004,0.8660254037844384,414.0,416.625,385.7916666666667,14.4,33.5,41.0,48.0,-0.3,4.565543,0.0,10.2,20.02222225,29.05,28.683333333333334,28.5,28.183333333333334,30.0,-8.312888873333335,-0.333333329999995,0.4159999999999986,11.426666666666668,12.313333333333333,20.478395047777777,11.469111111111111,5.1688776,5.1638474,5.189135,5.2444134,5.1892467,0,0.0,1,1.0,-0.66,14.1,85.9
2022-11-26 14:15:00,23.555446644444,11.564259644444,11.571759411108,20.02222225,12.313333333333333,30.0,1,5.1764362714980825,70.66250196097344,14,5,11,-0.4999999999999997,-0.8660254037844388,-0.9749279121818236,-0.2225209339563146,-0.5000000000000004,0.8660254037844384,399.25,411.625,393.8541666666667,14.375,33.575,30.75,48.0,-0.175,4.609088,0.0,10.35,19.81851854,29.65,29.05,28.683333333333334,28.5,30.183333333333334,-7.70888891666667,-0.1333332899999995,0.4706666666666663,11.842666666666666,12.497333333333334,20.222222220000003,11.860888888888892,5.1892467,5.1688776,5.1638474,5.189135,5.1590114,0,0.0,1,1.0,-0.69,14.9,85.1
2022-11-26 14:30:00,106.501573199996,86.3148806,86.329324505554,19.81851854,12.497333333333334,30.183333333333334,2,5.1764362714980825,70.66250196097344,14,5,11,-0.4999999999999997,-0.8660254037844388,-0.9749279121818236,-0.2225209339563146,-0.5000000000000004,0.8660254037844384,384.5,403.375,398.7291666666667,14.35,33.65,20.5,48.0,-0.0499999999999999,4.6529922,0.0,10.5,19.77777777,30.0,29.65,29.05,28.683333333333334,30.5,-7.321185206666666,-0.2037037100000027,0.184000000000001,12.313333333333333,12.784666666666668,19.998765443333337,12.217777777777778,5.1590114,5.1892467,5.1688776,5.1638474,5.2006965,0,0.0,1,1.0,-0.73,16.3,83.7
2022-11-26 14:45:00,72.612928816662,56.595513872222,56.607735699996,19.77777777,12.784666666666668,30.5,1,5.1764362714980825,70.66250196097344,14,5,11,-0.4999999999999997,-0.8660254037844388,-0.9749279121818236,-0.2225209339563146,-0.5000000000000004,0.8660254037844384,369.75,391.875,400.4166666666667,14.325,33.724999999999994,10.25,48.0,0.075,4.6972613,0.0,10.65,19.700000026666665,30.183333333333334,30.0,29.65,29.05,30.5,-6.993111103333332,-0.0407407699999993,0.2873333333333345,12.497333333333334,12.869333333333334,19.87283952,12.531777777777782,5.2006965,5.1590114,5.1892467,5.1688776,5.1770144,0,0.0,1,1.0,-0.74,16.5,83.5
2022-11-26 15:00:00,61.14144324444,36.572425944444,36.581314505554005,19.700000026666665,12.869333333333334,30.5,1,5.1764362714980825,70.66250196097344,15,5,11,-0.7071067811865471,-0.7071067811865479,-0.9749279121818236,-0.2225209339563146,-0.5000000000000004,0.8660254037844384,355.0,377.125,398.9166666666667,14.3,33.8,0.0,48.0,0.2,4.741897,0.0,10.8,19.5388889,30.5,30.183333333333334,30.0,29.65,30.8,-6.830666693333331,-0.0777777433333355,0.0846666666666653,12.784666666666668,12.939333333333334,19.765432112222225,12.717111111111114,5.1770144,5.2006965,5.1590114,5.1892467,5.1787,0,0.0,0,1.0,-0.76,17.1,82.9
2022-11-26 15:15:00,137.272286622224,104.839139550002,104.855527827778,19.5388889,12.939333333333334,30.8,2,5.1764362714980825,70.66250196097344,15,5,11,-0.7071067811865471,-0.7071067811865479,-0.9749279121818236,-0.2225209339563146,-0.5000000000000004,0.8660254037844384,328.25,359.375,394.1875,13.9,33.275,0.0,48.25,0.275,4.7665944,0.0,10.8,19.666666650000003,30.5,30.5,30.183333333333334,30.0,30.53333333333333,-6.599555566666666,-0.1611111266666647,0.0700000000000002,12.869333333333334,12.952,19.67222223222222,12.864444444444446,5.1787,5.1770144,5.2006965,5.1590114,5.1725407,0,0.0,1,1.0,-0.79,18.2,81.8
2022-11-26 15:30:00,27.947215416666,0.0,0.0,19.666666650000003,12.952,30.53333333333333,0,5.1764362714980825,70.66250196097344,15,5,11,-0.7071067811865471,-0.7071067811865479,-0.9749279121818236,-0.2225209339563146,-0.5000000000000004,0.8660254037844384,301.5,338.625,386.2291666666667,13.5,32.75,0.0,48.5,0.35,4.791292,0.0,10.8,19.46666667,30.8,30.5,30.5,30.183333333333334,30.85,-6.714666650000003,0.1277777500000034,0.0126666666666661,12.939333333333334,12.948,19.635185192222224,12.920222222222227,5.1725407,5.1787,5.1770144,5.2006965,5.1651297,1,1.0,1,0.75,-0.76,17.3,82.7
2022-11-26 15:45:00,125.112217594442,113.08825403889,113.104642316666,19.46666667,12.948,30.85,2,5.1764362714980825,70.66250196097344,15,5,11,-0.7071067811865471,-0.7071067811865479,-0.9749279121818236,-0.2225209339563146,-0.5000000000000004,0.8660254037844384,274.75,314.875,375.0416666666667,13.1,32.225,0.0,48.75,0.425,4.815989,0.0,10.8,19.53333333,30.53333333333333,30.8,30.5,30.5,30.816666666666663,-6.518666669999998,-0.1999999800000047,-0.0039999999999995,12.952,12.806666666666668,19.55740740666667,12.946444444444449,5.1651297,5.1725407,5.1787,5.1770144,5.1798115,0,1.0,1,0.75,-0.81,18.8,81.2
2022-11-26 16:00:00,44.772375799996,31.381800244444,31.39013334444,19.53333333,12.806666666666668,30.816666666666663,1,5.1764362714980825,70.66250196097344,16,5,11,-0.8660254037844385,-0.5000000000000004,-0.9749279121818236,-0.2225209339563146,-0.5000000000000004,0.8660254037844384,248.0,288.125,360.625,12.7,31.7,0.0,49.0,0.5,4.8406863,0.0,10.8,19.45,30.85,30.53333333333333,30.8,30.5,30.5,-6.726666663333335,0.0666666600000027,-0.1413333333333337,12.948,12.674,19.55555555,12.902222222222226,5.1798115,5.1651297,5.1725407,5.1787,5.101528,0,1.0,1,0.75,-0.79,18.3,81.7
2022-11-26 16:15:00,94.093180505558,71.077712327778,71.089656349998,19.45,12.674,30.5,2,5.1764362714980825,70.66250196097344,16,5,11,-0.8660254037844385,-0.5000000000000004,-0.9749279121818236,-0.2225209339563146,-0.5000000000000004,0.8660254037844384,214.0,259.5625,343.5208333333333,12.2,30.625,0.0,50.0,0.475,4.8315797,0.0,10.45,19.418518516666666,30.816666666666663,30.85,30.53333333333333,30.8,30.5,-6.775999999999998,-0.083333330000002,-0.1326666666666653,12.806666666666668,12.240666666666668,19.48333333333333,12.809555555555557,5.101528,5.1798115,5.1651297,5.1725407,5.0920906,0,1.0,1,0.75,-0.81,19.0,81.0
2022-11-26 16:30:00,108.375942672218,82.8350198,82.849463755552,19.418518516666666,12.240666666666668,30.5,2,5.1764362714980825,70.66250196097344,16,5,11,-0.8660254037844385,-0.5000000000000004,-0.9749279121818236,-0.2225209339563146,-0.5000000000000004,0.8660254037844384,180.0,229.1875,323.7291666666667,11.7,29.55,0.0,51.0,0.45,4.820259,0.0,10.1,19.49444446,30.5,30.816666666666663,30.85,30.53333333333333,30.15,-7.177851849999998,-0.0314814833333336,-0.4333333333333335,12.674,12.02,19.46728394888889,12.57377777777778,5.0920906,5.101528,5.1798115,5.1651297,5.056183,0,0.0,0,1.0,-0.82,19.2,80.8
2022-11-26 16:45:00,49.411079244436,21.996064572222,22.003008811108003,19.49444446,12.02,30.15,1,5.1764362714980825,70.66250196097344,16,5,11,-0.8660254037844385,-0.5000000000000004,-0.9749279121818236,-0.2225209339563146,-0.5000000000000004,0.8660254037844384,146.0,197.0,301.25,11.2,28.475,0.0,52.0,0.425,4.8068132,0.0,9.75,19.292592613333333,30.5,30.5,30.816666666666663,30.85,30.183333333333334,-7.474444459999999,0.0759259433333348,-0.2206666666666663,12.240666666666668,11.940666666666663,19.45432099222222,12.31155555555556,5.056183,5.0920906,5.101528,5.1798115,5.0020127,0,0.0,1,1.0,-0.81,18.7,81.3
2022-11-26 17:00:00,139.479420716662,115.883420044444,115.90036388333,19.292592613333333,11.940666666666663,30.183333333333334,2,5.1764362714980825,70.66250196097344,17,5,11,-0.9659258262890684,-0.2588190451025206,-0.9749279121818236,-0.2225209339563146,-0.5000000000000004,0.8660254037844384,112.0,163.0,276.0833333333333,10.7,27.4,0.0,53.0,0.4,4.791328,0.0,9.4,19.42222223,30.15,30.5,30.5,30.816666666666663,30.1,-7.351925946666668,-0.201851846666667,-0.0793333333333361,12.02,11.788666666666668,19.40185186333333,12.067111111111112,5.0020127,5.056183,5.0920906,5.101528,5.026405,0,0.0,1,1.0,-0.85,20.3,79.7
2022-11-26 17:15:00,254.039004633336,20.2816887,20.289466238886,19.42222223,11.788666666666668,30.1,1,5.1764362714980825,70.66250196097344,17,5,11,-0.9659258262890684,-0.2588190451025206,-0.9749279121818236,-0.2225209339563146,-0.5000000000000004,0.8660254037844384,86.25,131.0625,250.0,11.25,26.3,0.0,54.0,0.15,4.7207513,0.0,8.875,19.335185183333333,30.183333333333334,30.15,30.5,30.5,29.716666666666665,-7.633555563333331,0.1296296166666657,-0.1519999999999974,11.940666666666663,11.568666666666669,19.403086434444447,11.916444444444446,5.026405,5.0020127,5.056183,5.0920906,4.937042,0,0.0,1,1.0,-0.82,19.3,80.7
2022-11-26 17:30:00,183.114619555556,96.738908088888,96.753352027774,19.335185183333333,11.568666666666669,29.716666666666665,2,5.1764362714980825,70.66250196097344,17,5,11,-0.9659258262890684,-0.2588190451025206,-0.9749279121818236,-0.2225209339563146,-0.5000000000000004,0.8660254037844384,60.5,101.1875,223.0,11.8,25.2,0.0,55.0,-0.0999999999999999,4.6489496,0.0,8.35,19.38888886,30.1,30.183333333333334,30.15,30.5,29.9,-7.766518516666666,-0.0870370466666656,-0.2200000000000006,11.788666666666668,11.548,19.35000000888889,11.766000000000004,4.937042,5.026405,5.0020127,5.056183,4.983225,0,0.0,1,1.0,-0.85,20.1,79.9
2022-11-26 17:45:00,81.970887799996,62.011408327778,62.021685733332,19.38888886,11.548,29.9,1,5.1764362714980825,70.66250196097344,17,5,11,-0.9659258262890684,-0.2588190451025206,-0.9749279121818236,-0.2225209339563146,-0.5000000000000004,0.8660254037844384,34.75,73.375,195.08333333333331,12.35,24.1,0.0,56.0,-0.35,4.5760627,0.0,7.825,19.446296326666666,29.716666666666665,30.1,30.183333333333334,30.15,29.066666666666663,-7.8408888600000015,0.053703676666668,-0.020666666666667,11.568666666666669,11.583333333333334,19.38209875777778,11.635111111111115,4.983225,4.937042,5.026405,5.0020127,4.860726,0,0.0,1,1.0,-0.83,19.6,80.4
2022-11-26 18:00:00,71.728242055548,40.706982788888,40.713926994442,19.446296326666666,11.583333333333334,29.066666666666663,1,5.1764362714980825,70.66250196097344,18,5,11,-1.0,-1.8369701987210294e-16,-0.9749279121818236,-0.2225209339563146,-0.5000000000000004,0.8660254037844384,9.0,47.625,166.25,12.9,23.0,0.0,57.0,-0.6,4.502226,0.0,7.3,19.2611111,29.9,29.716666666666665,30.1,30.183333333333334,29.3,-7.862962993333332,0.0574074666666639,0.0353333333333338,11.548,11.52,19.390123456666668,11.56666666666667,4.860726,4.983225,4.937042,5.026405,4.846632,0,0.0,0,1.0,-0.82,19.3,80.7
2022-11-26 18:15:00,140.924640588888,113.925998344444,113.94210888333,19.2611111,11.52,29.3,2,5.1764362714980825,70.66250196097344,18,5,11,-1.0,-1.8369701987210294e-16,-0.9749279121818236,-0.2225209339563146,-0.5000000000000004,0.8660254037844384,6.75,27.75,139.45833333333334,13.1,23.725,0.0,56.25,-0.85,4.4214253,0.0,7.225,19.409259236666667,29.066666666666663,29.9,29.716666666666665,30.1,29.03333333333333,-7.741111099999999,-0.1851852266666647,-0.0633333333333325,11.583333333333334,11.700666666666669,19.36543209555556,11.550444444444446,4.846632,4.860726,4.983225,4.937042,4.8445854,0,0.0,1,1.0,-0.86,20.8,79.2
2022-11-26 18:30:00,22.77353352222,0.0,0.0,19.409259236666667,11.700666666666669,29.03333333333333,0,5.1764362714980825,70.66250196097344,18,5,11,-1.0,-1.8369701987210294e-16,-0.9749279121818236,-0.2225209339563146,-0.5000000000000004,0.8660254037844384,4.5,13.75,114.70833333333331,13.3,24.45,0.0,55.5,-1.1,4.3412914,0.0,7.15,19.25000002,29.3,29.066666666666663,29.9,29.716666666666665,29.05,-7.70859257,0.1481481366666663,0.1806666666666654,11.52,11.893333333333334,19.372222221111112,11.601333333333336,4.8445854,4.846632,4.860726,4.983225,4.8021345,1,1.0,1,0.75,-0.83,19.6,80.4
2022-11-26 18:45:00,139.391368605554,119.7393769,119.755487405554,19.25000002,11.893333333333334,29.05,2,5.1764362714980825,70.66250196097344,18,5,11,-1.0,-1.8369701987210294e-16,-0.9749279121818236,-0.2225209339563146,-0.5000000000000004,0.8660254037844384,2.25,5.625,92.0,13.5,25.175,0.0,54.75,-1.35,4.2618175,0.0,7.075,19.383333316666665,29.03333333333333,29.3,29.066666666666663,29.9,29.1,-7.356666686666667,-0.1592592166666655,0.1926666666666676,11.700666666666669,11.836,19.30679011888889,11.704666666666668,4.8021345,4.8445854,4.846632,4.860726,4.8483095,0,1.0,1,0.75,-0.87,20.9,79.1
2022-11-26 19:00:00,44.34767043889,32.238432627778,32.247043499996,19.383333316666665,11.836,29.1,1,5.1764362714980825,70.66250196097344,19,5,11,-0.9659258262890684,0.2588190451025203,-0.9749279121818236,-0.2225209339563146,-0.5000000000000004,0.8660254037844384,0.0,3.375,71.33333333333333,13.7,25.9,0.0,54.0,-1.6,4.183002,0.0,7.0,19.3388889,29.05,29.03333333333333,29.3,29.066666666666663,28.55,-7.547333316666664,0.1333332966666631,-0.0573333333333341,11.893333333333334,11.774,19.34753085777778,11.810000000000002,4.8483095,4.8021345,4.8445854,4.846632,4.7442484,0,1.0,1,0.75,-0.84,19.8,80.2
2022-11-26 19:15:00,88.096753772222,75.457259355556,75.469203377776,19.3388889,11.774,28.55,2,5.1764362714980825,70.66250196097344,19,5,11,-0.9659258262890684,0.2588190451025203,-0.9749279121818236,-0.2225209339563146,-0.5000000000000004,0.8660254037844384,0.0,1.6875,53.5,14.425,26.075,0.0,51.5,-1.925,4.100886,0.0,7.425,19.30740738,29.1,29.05,29.03333333333333,29.3,28.78333333333333,-7.564888899999998,-0.0444444166666677,-0.0620000000000011,11.836,11.601333333333336,19.324074078888888,11.834444444444449,4.7442484,4.8483095,4.8021345,4.8445854,4.774166,0,1.0,1,0.75,-0.85,20.3,79.7
2022-11-26 19:30:00,122.437880088888,82.615306372222,82.62752818333,19.30740738,11.601333333333336,28.78333333333333,2,5.1764362714980825,70.66250196097344,19,5,11,-0.9659258262890684,0.2588190451025203,-0.9749279121818236,-0.2225209339563146,-0.5000000000000004,0.8660254037844384,0.0,0.5625,38.5,15.15,26.25,0.0,49.0,-2.25,4.0105214,0.0,7.85,19.37777777,28.55,29.1,29.05,29.03333333333333,28.2,-7.706074046666663,-0.0314815199999998,-0.1726666666666645,11.774,11.52,19.343209865555558,11.737111111111114,4.774166,4.7442484,4.8483095,4.8021345,4.696826,0,0.0,0,1.0,-0.86,20.5,79.5
2022-11-26 19:45:00,40.162838055548,14.878849288888,14.884960194442002,19.37777777,11.52,28.2,1,5.1764362714980825,70.66250196097344,19,5,11,-0.9659258262890684,0.2588190451025203,-0.9749279121818236,-0.2225209339563146,-0.5000000000000004,0.8660254037844384,0.0,0.0,26.33333333333333,15.875,26.425,0.0,46.5,-2.575,3.9115658,0.0,8.274999999999999,19.15000000666667,28.78333333333333,28.55,29.1,29.05,28.65,-7.85777777,0.0703703900000043,-0.0813333333333332,11.601333333333336,11.470666666666666,19.341358016666668,11.63177777777778,4.696826,4.774166,4.7442484,4.8483095,4.708187,0,0.0,1,1.0,-0.84,20.0,80.0
2022-11-26 20:00:00,136.83285988333,124.674457255556,124.69195662222,19.15000000666667,11.470666666666666,28.65,2,5.1764362714980825,70.66250196097344,20,5,11,-0.8660254037844386,0.5000000000000001,-0.9749279121818236,-0.2225209339563146,-0.5000000000000004,0.8660254037844384,0.0,0.0,17.0,16.6,26.6,0.0,44.0,-2.9,3.8036623,0.0,8.7,19.34999998,28.2,28.78333333333333,28.55,29.1,28.6,-7.679333340000003,-0.2277777633333322,-0.049333333333335,11.52,11.332666666666666,19.278395052222223,11.53066666666667,4.708187,4.696826,4.774166,4.7442484,4.755667,0,0.0,1,1.0,-0.89,21.8,78.2
2022-11-26 20:15:00,51.430442849994,28.924398544444,28.931064994442,19.34999998,11.332666666666666,28.6,1,5.1764362714980825,70.66250196097344,20,5,11,-0.8660254037844386,0.5000000000000001,-0.9749279121818236,-0.2225209339563146,-0.5000000000000004,0.8660254037844384,0.0,0.0,9.8125,15.900000000000002,27.425,0.0,44.25,-3.0,3.7704506,0.0,8.475,19.25925923333333,28.65,28.2,28.78333333333333,28.55,28.216666666666665,-8.017333313333333,0.1999999733333304,-0.1379999999999999,11.470666666666666,11.548666666666666,19.29259258555556,11.441111111111113,4.755667,4.708187,4.696826,4.774166,4.666925,0,0.0,1,1.0,-0.85,20.2,79.8
2022-11-26 20:30:00,92.935449149998,79.307105388888,79.31849388333,19.25925923333333,11.548666666666666,28.216666666666665,2,5.1764362714980825,70.66250196097344,20,5,11,-0.8660254037844386,0.5000000000000001,-0.9749279121818236,-0.2225209339563146,-0.5000000000000004,0.8660254037844384,0.0,0.0,4.770833333333333,15.2,28.25,0.0,44.5,-3.1,3.7373106,0.0,8.25,19.24444445,28.6,28.65,28.2,28.78333333333333,28.45,-7.710592566666669,-0.0907407466666647,0.2159999999999993,11.332666666666666,11.478666666666667,19.25308640666667,11.450666666666669,4.666925,4.755667,4.708187,4.696826,4.7014127,0,0.0,1,1.0,-0.87,21.0,79.0
2022-11-26 20:45:00,102.123414933332,88.49784884444401,88.51062618333,19.24444445,11.478666666666667,28.45,2,5.1764362714980825,70.66250196097344,20,5,11,-0.8660254037844386,0.5000000000000001,-0.9749279121818236,-0.2225209339563146,-0.5000000000000004,0.8660254037844384,0.0,0.0,1.875,14.5,29.075,0.0,44.75,-3.2,3.7042468,0.0,8.025,19.372222206666667,28.216666666666665,28.6,28.65,28.2,28.03333333333333,-7.765777783333332,-0.0148147833333354,-0.0699999999999985,11.548666666666666,11.215333333333332,19.28456788777778,11.453333333333337,4.7014127,4.666925,4.755667,4.708187,4.667541,0,0.0,0,1.0,-0.87,21.1,78.9
2022-11-26 21:00:00,59.348181577776,23.700996355556,23.706829472222,19.372222206666667,11.215333333333332,28.03333333333333,1,5.1764362714980825,70.66250196097344,21,5,11,-0.7071067811865477,0.7071067811865474,-0.9749279121818236,-0.2225209339563146,-0.5000000000000004,0.8660254037844384,0.0,0.0,1.125,13.8,29.9,0.0,45.0,-3.3,3.6712625,0.0,7.8,19.18333333,28.45,28.216666666666665,28.6,28.65,28.35,-8.156888873333335,0.1277777566666671,-0.2633333333333354,11.478666666666667,11.186666666666667,19.291975296666667,11.414222222222223,4.667541,4.7014127,4.666925,4.755667,4.66805,0,0.0,1,1.0,-0.85,20.1,79.9
2022-11-26 21:15:00,152.81333172222,124.185032383334,124.20114292222,19.18333333,11.186666666666667,28.35,2,5.1764362714980825,70.66250196097344,21,5,11,-0.7071067811865477,0.7071067811865474,-0.9749279121818236,-0.2225209339563146,-0.5000000000000004,0.8660254037844384,0.0,0.0,0.5625,13.925,29.175,6.5,45.25,-3.35,3.667887,0.0,7.7,19.33888887333333,28.03333333333333,28.45,28.216666666666665,28.6,28.316666666666663,-7.996666663333331,-0.1888888766666667,-0.0286666666666643,11.215333333333332,10.942,19.26666666222222,11.293555555555558,4.66805,4.667541,4.7014127,4.666925,4.705475,0,0.0,1,1.0,-0.89,21.6,78.4
2022-11-26 21:30:00,30.7187712,18.704807327778,18.711751566664,19.33888887333333,10.942,28.316666666666663,1,5.1764362714980825,70.66250196097344,21,5,11,-0.7071067811865477,0.7071067811865474,-0.9749279121818236,-0.2225209339563146,-0.5000000000000004,0.8660254037844384,0.0,0.0,0.1875,14.05,28.45,13.0,45.5,-3.4,3.664384,0.0,7.6,19.19444444,28.35,28.03333333333333,28.45,28.216666666666665,28.05,-8.396888873333335,0.1555555433333353,-0.2446666666666672,11.186666666666667,10.744,19.29814813666667,11.11466666666667,4.705475,4.66805,4.667541,4.7014127,4.6216764,0,0.0,1,1.0,-0.85,20.3,79.7
2022-11-26 21:45:00,109.965045622224,93.572368072222,93.586256449998,19.19444444,10.744,28.05,2,5.1764362714980825,70.66250196097344,21,5,11,-0.7071067811865477,0.7071067811865474,-0.9749279121818236,-0.2225209339563146,-0.5000000000000004,0.8660254037844384,0.0,0.0,0.0,14.175,27.725,19.5,45.75,-3.45,3.6607547,0.0,7.5,19.23333331,28.316666666666663,28.35,28.03333333333333,28.45,28.28333333333333,-8.450444439999998,-0.1444444333333372,-0.1980000000000004,10.942,10.631333333333334,19.238888881111112,10.957555555555558,4.6216764,4.705475,4.66805,4.667541,4.6708126,0,0.0,1,1.0,-0.89,21.6,78.4
2022-11-26 22:00:00,97.486378205554,77.650504972222,77.663004572218,19.23333331,10.631333333333334,28.28333333333333,2,5.1764362714980825,70.66250196097344,22,5,11,-0.5000000000000004,0.8660254037844384,-0.9749279121818236,-0.2225209339563146,-0.5000000000000004,0.8660254037844384,0.0,0.0,0.0,14.3,27.0,26.0,46.0,-3.5,3.657,0.0,7.4,19.34444441,28.05,28.316666666666663,28.35,28.03333333333333,27.65,-8.601999976666665,0.0388888700000009,-0.1126666666666658,10.744,10.652666666666669,19.25555554111111,10.772444444444446,4.6708126,4.6216764,4.705475,4.66805,4.596195,0,0.0,0,1.0,-0.88,21.2,78.8
2022-11-26 22:15:00,53.77062683889,38.704840644444,38.714007011108,19.34444441,10.652666666666669,27.65,1,5.1764362714980825,70.66250196097344,22,5,11,-0.5000000000000004,0.8660254037844384,-0.9749279121818236,-0.2225209339563146,-0.5000000000000004,0.8660254037844384,0.0,0.0,0.0,14.525,27.8,32.5,46.0,-3.575,3.6392686,0.0,7.325,19.166666650000003,28.28333333333333,28.05,28.316666666666663,28.35,27.683333333333334,-8.691777743333335,0.1111111000000022,0.0213333333333327,10.631333333333334,10.354666666666668,19.257407386666667,10.676000000000002,4.596195,4.6708126,4.6216764,4.705475,4.553802,0,0.0,1,1.0,-0.85,20.4,79.6
2022-11-26 22:30:00,153.429140388888,124.557239727778,124.572794688888,19.166666650000003,10.354666666666668,27.683333333333334,2,5.1764362714980825,70.66250196097344,22,5,11,-0.5000000000000004,0.8660254037844384,-0.9749279121818236,-0.2225209339563146,-0.5000000000000004,0.8660254037844384,0.0,0.0,0.0,14.75,28.6,39.0,46.0,-3.65,3.621612,0.0,7.25,19.31626984357143,27.65,28.28333333333333,28.05,28.316666666666663,27.61785714285714,-8.811999983333337,-0.1777777599999979,-0.298,10.652666666666669,10.279285714285717,19.248148123333333,10.546222222222225,4.553802,4.596195,4.6708126,4.6216764,4.5832443,0,0.0,1,1.0,-0.89,21.9,78.1
2022-11-26 22:45:00,36.370489722216,0.0,0.0,19.31626984357143,10.279285714285717,27.61785714285714,0,5.1764362714980825,70.66250196097344,22,5,11,-0.5000000000000004,0.8660254037844384,-0.9749279121818236,-0.2225209339563146,-0.5000000000000004,0.8660254037844384,0.0,0.0,0.0,14.975,29.4,45.5,46.0,-3.725,3.6040316,0.0,7.175,19.110714305,27.683333333333334,27.65,28.28333333333333,28.05,27.217857142857145,-9.036984129285717,0.1496031935714263,-0.0753809523809518,10.354666666666668,10.205714285714285,19.27579363452381,10.428873015873018,4.5832443,4.553802,4.596195,4.6708126,4.462487,1,1.0,1,0.75,-0.86,20.6,79.4
2022-11-26 23:00:00,112.657160333328,101.351223572222,101.36483416111,19.110714305,10.205714285714285,27.217857142857145,2,5.1764362714980825,70.66250196097344,23,5,11,-0.2588190451025215,0.965925826289068,-0.9749279121818236,-0.2225209339563146,-0.5000000000000004,0.8660254037844384,0.0,0.0,0.0,15.2,30.2,52.0,46.0,-3.8,3.5865247,0.0,7.1,19.21825398357143,27.61785714285714,27.683333333333334,27.65,28.28333333333333,27.446428571428573,-8.905000019285714,-0.2055555385714313,-0.0735714285714301,10.279285714285717,10.01142857142857,19.197883599523813,10.279888888888893,4.462487,4.5832443,4.553802,4.596195,4.5285773,0,1.0,1,0.75,-0.91,22.5,77.5
2022-11-26 23:15:00,78.05521101666601,66.788161683334,66.79955019444199,19.21825398357143,10.01142857142857,27.446428571428573,1,5.1764362714980825,70.66250196097344,23,5,11,-0.2588190451025215,0.965925826289068,-0.9749279121818236,-0.2225209339563146,-0.5000000000000004,0.8660254037844384,0.0,0.0,0.0,14.7,30.025,46.75,46.5,-3.8,3.5845075,0.0,6.925,19.29603176642857,27.217857142857145,27.61785714285714,27.683333333333334,27.65,27.025,-9.20682541214286,0.1075396785714311,-0.1942857142857139,10.205714285714285,9.743571428571428,19.21507937738096,10.165476190476191,4.5285773,4.462487,4.5832443,4.553802,4.479518,0,1.0,1,0.75,-0.88,21.5,78.5
2022-11-26 23:30:00,55.055297716666,32.412592327778,32.42064762222,19.29603176642857,9.743571428571428,27.025,1,5.1764362714980825,70.66250196097344,23,5,11,-0.2588190451025215,0.965925826289068,-0.9749279121818236,-0.2225209339563146,-0.5000000000000004,0.8660254037844384,0.0,0.0,0.0,14.2,29.85,41.5,47.0,-3.8,3.5820181,0.0,6.75,19.117063525714286,27.446428571428573,27.217857142857145,27.61785714285714,27.683333333333334,27.292857142857144,-9.55246033785714,0.0777777828571402,-0.2678571428571423,10.01142857142857,9.742857142857144,19.208333351666667,9.986904761904762,4.479518,4.5285773,4.462487,4.5832443,4.4764605,0,1.0,0,0.75,-0.87,20.9,79.1
2022-11-26 23:45:00,134.13713449999202,117.770288966668,117.786121716666,19.117063525714286,9.742857142857144,27.292857142857144,2,5.1764362714980825,70.66250196097344,23,5,11,-0.2588190451025215,0.965925826289068,-0.9749279121818236,-0.2225209339563146,-0.5000000000000004,0.8660254037844384,0.0,0.0,0.0,13.7,29.675,36.25,47.5,-3.8,3.5790668,0.0,6.575,19.339285702857143,27.025,27.446428571428573,27.217857142857145,27.61785714285714,26.832142857142856,-9.374206382857142,-0.1789682407142834,-0.0007142857142845,9.743571428571428,9.54,19.21044975857143,9.83261904761905,4.4764605,4.479518,4.5285773,4.462487,4.45889,0,0.0,1,1.0,-0.91,22.4,77.6
2022-11-27 00:00:00,47.728646411108,21.585803216666,21.591914155552,19.339285702857143,9.54,26.832142857142856,1,5.1764362714980825,70.66250196097344,0,6,11,0.0,1.0,-0.7818314824680299,0.6234898018587334,-0.5000000000000004,0.8660254037844384,0.0,0.0,0.0,13.2,29.5,31.0,48.0,-3.8,3.5756629,0.0,6.4,19.188492060714285,27.292857142857144,27.025,27.446428571428573,27.217857142857145,26.553571428571427,-9.799285702857144,0.2222221771428572,-0.2028571428571428,9.742857142857144,9.407857142857145,19.250793665,9.675476190476196,4.45889,4.4764605,4.479518,4.5285773,4.3735824,0,0.0,1,1.0,-0.86,20.6,79.4
2022-11-27 00:15:00,98.350788194438,71.0196591,71.030214277776,19.188492060714285,9.407857142857145,26.553571428571427,2,5.1764362714980825,70.66250196097344,0,6,11,0.0,1.0,-0.7818314824680299,0.6234898018587334,-0.5000000000000004,0.8660254037844384,0.0,0.0,0.0,13.125,28.525,47.0,48.5,-3.8,3.5718155,0.0,6.2250000000000005,19.154629614166662,26.832142857142856,27.292857142857144,27.025,27.446428571428573,26.96666666666667,-9.780634917857142,-0.1507936421428581,-0.132142857142858,9.54,9.325833333333334,19.21494709642857,9.56357142857143,4.3735824,4.45889,4.4764605,4.479518,4.4327664,0,0.0,1,1.0,-0.9,21.9,78.1
2022-11-27 00:30:00,70.697172016666,58.375720427778,58.385720077776,19.154629614166662,9.325833333333334,26.96666666666667,1,5.1764362714980825,70.66250196097344,0,6,11,0.0,1.0,-0.7818314824680299,0.6234898018587334,-0.5000000000000004,0.8660254037844384,0.0,0.0,0.0,13.05,27.55,63.0,49.0,-3.8,3.5675352,0.0,6.050000000000001,19.23333331,26.553571428571427,26.832142857142856,27.292857142857144,27.025,26.7,-9.828796280833332,-0.0338624465476193,-0.0820238095238092,9.407857142857145,9.252,19.2274691259127,9.424563492063497,4.4327664,4.3735824,4.45889,4.4764605,4.409336,0,0.0,1,1.0,-0.9,22.2,77.8
2022-11-27 00:45:00,45.0873631,33.022567927778,33.030067694442,19.23333331,9.252,26.7,1,5.1764362714980825,70.66250196097344,0,6,11,0.0,1.0,-0.7818314824680299,0.6234898018587334,-0.5000000000000004,0.8660254037844384,0.0,0.0,0.0,12.975,26.575,79.0,49.5,-3.8,3.5628288,0.0,5.875,19.062962956666667,26.96666666666667,26.553571428571427,26.832142857142856,27.292857142857144,26.98333333333333,-9.981333309999998,0.0787036958333331,-0.0738333333333329,9.325833333333334,9.12,19.192151661626983,9.328563492063497,4.409336,4.4327664,4.3735824,4.45889,4.4115953,0,0.0,0,1.0,-0.88,21.5,78.5
2022-11-27 01:00:00,88.740617016662,77.4710677,77.481067333332,19.062962956666667,9.12,26.98333333333333,2,5.1764362714980825,70.66250196097344,1,6,11,0.2588190451025207,0.9659258262890684,-0.7818314824680299,0.6234898018587334,-0.5000000000000004,0.8660254037844384,0.0,0.0,0.0,12.9,25.6,95.0,50.0,-3.8,3.5577064,0.0,5.7,19.24999998,26.7,26.96666666666667,26.553571428571427,26.832142857142856,26.65,-9.942962956666667,-0.1703703533333325,-0.1320000000000014,9.252,9.361333333333333,19.150308626944447,9.232611111111114,4.4115953,4.409336,4.4327664,4.3735824,4.4054008,0,0.0,1,1.0,-0.92,23.0,77.0
2022-11-27 01:15:00,46.019825899996,21.416365577776,21.423032061106,19.24999998,9.361333333333333,26.65,1,5.1764362714980825,70.66250196097344,1,6,11,0.2588190451025207,0.9659258262890684,-0.7818314824680299,0.6234898018587334,-0.5000000000000004,0.8660254037844384,0.0,0.0,0.0,13.1,25.775,96.25,50.25,-3.825,3.5579154,0.0,5.625,19.096296296666665,26.98333333333333,26.7,26.96666666666667,26.553571428571427,26.683333333333334,-9.888666646666666,0.1870370233333318,0.2413333333333334,9.12,9.375333333333334,19.18209874888889,9.244444444444447,4.4054008,4.4115953,4.409336,4.4327664,4.371133,0,0.0,1,1.0,-0.88,21.4,78.6
2022-11-27 01:30:00,117.158646849998,89.342537255556,89.35698121110799,19.096296296666665,9.375333333333334,26.683333333333334,2,5.1764362714980825,70.66250196097344,1,6,11,0.2588190451025207,0.9659258262890684,-0.7818314824680299,0.6234898018587334,-0.5000000000000004,0.8660254037844384,0.0,0.0,0.0,13.3,25.950000000000003,97.5,50.5,-3.85,3.5580246,0.0,5.550000000000001,19.11111112,26.65,26.98333333333333,26.7,26.96666666666667,26.95,-9.720962963333331,-0.1537036833333331,0.0140000000000011,9.361333333333333,9.275333333333332,19.13641974444444,9.285555555555556,4.371133,4.4054008,4.4115953,4.409336,4.418675,0,0.0,1,1.0,-0.92,22.7,77.3
2022-11-27 01:45:00,94.956479405554,72.765700372222,72.776255566664,19.11111112,9.275333333333332,26.95,2,5.1764362714980825,70.66250196097344,1,6,11,0.2588190451025207,0.9659258262890684,-0.7818314824680299,0.6234898018587334,-0.5000000000000004,0.8660254037844384,0.0,0.0,0.0,13.5,26.125,98.75,50.75,-3.875,3.558036,0.0,5.4750000000000005,19.18888892,26.683333333333334,26.65,26.98333333333333,26.7,26.53333333333333,-9.835777786666668,0.0148148233333351,-0.1000000000000014,9.375333333333334,9.236,19.152469132222222,9.337333333333335,4.418675,4.371133,4.4054008,4.4115953,4.3703513,0,0.0,0,1.0,-0.91,22.5,77.5
2022-11-27 02:00:00,70.19274776111,46.909512394446,46.91784546111,19.18888892,9.236,26.53333333333333,1,5.1764362714980825,70.66250196097344,2,6,11,0.4999999999999999,0.8660254037844387,-0.7818314824680299,0.6234898018587334,-0.5000000000000004,0.8660254037844384,0.0,0.0,0.0,13.7,26.3,100.0,51.0,-3.9,3.5579503,0.0,5.4,19.05000001,26.95,26.683333333333334,26.65,26.98333333333333,26.8,-9.95288892,0.0777777999999997,-0.0393333333333334,9.275333333333332,9.197333333333336,19.13209877888889,9.295555555555556,4.3703513,4.418675,4.371133,4.4054008,4.3782725,0,0.0,1,1.0,-0.9,21.9,78.1
2022-11-27 02:15:00,140.484936111104,128.3581988,128.374031549998,19.05000001,9.197333333333336,26.8,2,5.1764362714980825,70.66250196097344,2,6,11,0.4999999999999999,0.8660254037844387,-0.7818314824680299,0.6234898018587334,-0.5000000000000004,0.8660254037844384,0.0,0.0,0.0,13.55,26.375,100.0,50.75,-3.925,3.546343,0.0,5.425000000000001,19.288492053571428,26.53333333333333,26.95,26.683333333333334,26.65,26.34642857142857,-9.852666676666669,-0.1388889099999986,-0.0386666666666641,9.236,9.165714285714284,19.11666668333333,9.236222222222224,4.3782725,4.3703513,4.418675,4.371133,4.365103,0,0.0,1,1.0,-0.93,23.1,76.9
2022-11-27 02:30:00,17.302918788896,0.0,0.0,19.288492053571428,9.165714285714284,26.34642857142857,0,5.1764362714980825,70.66250196097344,2,6,11,0.4999999999999999,0.8660254037844387,-0.7818314824680299,0.6234898018587334,-0.5000000000000004,0.8660254037844384,0.0,0.0,0.0,13.4,26.450000000000003,100.0,50.5,-3.95,3.5346868,0.0,5.45,19.095238105,26.8,26.53333333333333,26.95,26.683333333333334,26.360714285714288,-10.122777767857142,0.2384920435714264,-0.0316190476190492,9.197333333333336,9.48857142857143,19.17579366119048,9.19968253968254,4.365103,4.3782725,4.3703513,4.418675,4.3180127,1,1.0,1,0.75,-0.87,21.1,78.9
2022-11-27 02:45:00,138.071143699996,110.755291844444,110.770013538886,19.095238105,9.48857142857143,26.360714285714288,2,5.1764362714980825,70.66250196097344,2,6,11,0.4999999999999999,0.8660254037844387,-0.7818314824680299,0.6234898018587334,-0.5000000000000004,0.8660254037844384,0.0,0.0,0.0,13.25,26.525,100.0,50.25,-3.975,3.5229814,0.0,5.475,19.208333342857145,26.34642857142857,26.8,26.53333333333333,26.95,26.5,-9.60666667642857,-0.1932539485714279,0.3228571428571438,9.165714285714284,9.47642857142857,19.144576722857146,9.283873015873018,4.3180127,4.365103,4.3782725,4.3703513,4.3698645,0,1.0,1,0.75,-0.92,22.8,77.2
2022-11-27 03:00:00,78.23187063333201,50.901019444444,50.910741355552,19.208333342857145,9.47642857142857,26.5,1,5.1764362714980825,70.66250196097344,3,6,11,0.7071067811865476,0.7071067811865476,-0.7818314824680299,0.6234898018587334,-0.5000000000000004,0.8660254037844384,0.0,0.0,0.0,13.1,26.6,100.0,50.0,-4.0,3.5112267,0.0,5.5,19.15555554,26.360714285714288,26.34642857142857,26.8,26.53333333333333,26.2,-9.731904771428574,0.113095237857145,-0.0121428571428587,9.48857142857143,8.674000000000001,19.19735450047619,9.376904761904765,4.3698645,4.3180127,4.365103,4.3782725,4.306978,0,1.0,1,0.75,-0.89,21.8,78.2
2022-11-27 03:15:00,71.847403938882,52.328740116666,52.338462011108,19.15555554,8.674000000000001,26.2,1,5.1764362714980825,70.66250196097344,3,6,11,0.7071067811865476,0.7071067811865476,-0.7818314824680299,0.6234898018587334,-0.5000000000000004,0.8660254037844384,0.0,0.0,0.0,12.325,26.15,100.0,50.0,-4.0,3.5112267,0.0,5.5,18.98518518666667,26.5,26.360714285714288,26.34642857142857,26.8,26.466666666666665,-10.48155554,-0.0527778028571432,-0.8024285714285693,9.47642857142857,8.145333333333333,19.15304232928572,9.213000000000005,4.306978,4.3698645,4.3180127,4.365103,4.307309,0,1.0,0,0.75,-0.91,22.3,77.7
2022-11-27 03:30:00,145.122806122216,124.963612388888,124.980000666664,18.98518518666667,8.145333333333333,26.466666666666665,2,5.1764362714980825,70.66250196097344,3,6,11,0.7071067811865476,0.7071067811865476,-0.7818314824680299,0.6234898018587334,-0.5000000000000004,0.8660254037844384,0.0,0.0,0.0,11.55,25.700000000000003,100.0,50.0,-4.0,3.5112267,0.0,5.5,19.20555557,26.2,26.5,26.360714285714288,26.34642857142857,26.15,-10.839851853333336,-0.1703703533333325,-0.528666666666668,8.674000000000001,7.912666666666666,19.11635802317461,8.76525396825397,4.307309,4.306978,4.3698645,4.3180127,4.3114433,0,0.0,1,1.0,-0.94,23.8,76.2
2022-11-27 03:45:00,20.384739977784,0.0,0.0,19.20555557,7.912666666666666,26.15,0,5.1764362714980825,70.66250196097344,3,6,11,0.7071067811865476,0.7071067811865476,-0.7818314824680299,0.6234898018587334,-0.5000000000000004,0.8660254037844384,0.0,0.0,0.0,10.775,25.25,100.0,50.0,-4.0,3.5112267,0.0,5.5,19.02962964,26.466666666666665,26.2,26.5,26.360714285714288,26.183333333333334,-11.292888903333337,0.2203703833333321,-0.2326666666666668,8.145333333333333,7.745333333333334,19.11543209888889,8.244000000000002,4.3114433,4.307309,4.306978,4.3698645,4.2723894,1,1.0,1,0.75,-0.89,21.9,78.1
2022-11-27 04:00:00,131.963610427766,119.831317672222,119.84853928333,19.02962964,7.745333333333334,26.183333333333334,2,5.1764362714980825,70.66250196097344,4,6,11,0.8660254037844386,0.5000000000000001,-0.7818314824680299,0.6234898018587334,-0.5000000000000004,0.8660254037844384,0.0,0.0,0.0,10.0,24.8,100.0,50.0,-4.0,3.5112267,0.0,5.5,19.17777778,26.15,26.466666666666665,26.2,26.5,26.45,-11.284296306666665,-0.1759259300000017,-0.1673333333333326,7.912666666666666,7.802666666666667,19.073456798888888,7.934444444444447,4.2723894,4.3114433,4.307309,4.306978,4.353774,0,1.0,1,0.75,-0.93,23.4,76.6
2022-11-27 04:15:00,81.58479214444,56.9427222,56.952444111108,19.17777778,7.802666666666667,26.45,1,5.1764362714980825,70.66250196097344,4,6,11,0.8660254037844386,0.5000000000000001,-0.7818314824680299,0.6234898018587334,-0.5000000000000004,0.8660254037844384,0.0,0.0,0.0,9.15,23.1,100.0,52.75,-3.675,3.6258543,0.0,5.175,19.155555553333333,26.183333333333334,26.15,26.466666666666665,26.2,26.03333333333333,-11.375111113333332,0.1481481399999999,0.0573333333333332,7.745333333333334,7.858666666666666,19.13765433,7.820222222222225,4.353774,4.2723894,4.3114433,4.307309,4.27958,0,1.0,1,0.75,-0.9,22.1,77.9
2022-11-27 04:30:00,90.321109461102,55.512779383334,55.522779033332,19.155555553333333,7.858666666666666,26.03333333333333,1,5.1764362714980825,70.66250196097344,4,6,11,0.8660254037844386,0.5000000000000001,-0.7818314824680299,0.6234898018587334,-0.5000000000000004,0.8660254037844384,0.0,0.0,0.0,8.3,21.4,100.0,55.5,-3.35,3.7338326,0.0,4.85,19.0111111,26.45,26.183333333333334,26.15,26.466666666666665,26.3,-11.296888886666666,-0.0222222266666669,0.0559999999999991,7.802666666666667,8.082666666666666,19.12098765777778,7.802222222222224,4.27958,4.353774,4.2723894,4.3114433,4.28674,0,1.0,0,0.75,-0.91,22.3,77.7
2022-11-27 04:45:00,139.917458677776,112.670492983334,112.686881277776,19.0111111,8.082666666666666,26.3,2,5.1764362714980825,70.66250196097344,4,6,11,0.8660254037844386,0.5000000000000001,-0.7818314824680299,0.6234898018587334,-0.5000000000000004,0.8660254037844384,0.0,0.0,0.0,7.449999999999999,19.7,100.0,58.25,-3.0250000000000004,3.8353634,0.0,4.525,19.198148156666665,26.03333333333333,26.45,26.183333333333334,26.15,26.03333333333333,-10.928444433333334,-0.1444444533333317,0.2240000000000002,7.858666666666666,8.046666666666667,19.114814811111117,7.914666666666669,4.28674,4.27958,4.353774,4.2723894,4.2903357,0,0.0,1,1.0,-0.94,23.6,76.4
2022-11-27 05:00:00,78.694074411108,17.0434849,17.048484749998,19.198148156666665,8.046666666666667,26.03333333333333,1,5.1764362714980825,70.66250196097344,5,6,11,0.9659258262890684,0.2588190451025207,-0.7818314824680299,0.6234898018587334,-0.5000000000000004,0.8660254037844384,0.0,0.0,0.0,6.6,18.0,100.0,61.0,-2.7,3.930646,0.0,4.2,18.97777778,26.3,26.03333333333333,26.45,26.183333333333334,26.35,-11.151481489999998,0.1870370566666643,-0.0359999999999995,8.082666666666666,7.846,19.121604936666667,7.996000000000002,4.2903357,4.28674,4.27958,4.353774,4.2864485,0,0.0,1,1.0,-0.9,22.0,78.0
2022-11-27 05:15:00,240.51676786111,122.904805827778,122.916472044444,18.97777778,7.846,26.35,2,5.1764362714980825,70.66250196097344,5,6,11,0.9659258262890684,0.2588190451025207,-0.7818314824680299,0.6234898018587334,-0.5000000000000004,0.8660254037844384,0.0,0.0,0.0,6.5,16.025,100.0,59.0,-3.0,3.8526475,0.0,4.4,19.15740741,26.03333333333333,26.3,26.03333333333333,26.45,26.316666666666663,-11.13177778,-0.2203703766666649,-0.2006666666666667,8.046666666666667,7.714666666666667,19.06234567888889,7.991777777777781,4.2864485,4.2903357,4.28674,4.27958,4.326628,0,0.0,1,1.0,-0.94,23.9,76.1
2022-11-27 05:30:00,75.15560473889,36.859914427778,36.866858649998,19.15740741,7.714666666666667,26.316666666666663,1,5.1764362714980825,70.66250196097344,5,6,11,0.9659258262890684,0.2588190451025207,-0.7818314824680299,0.6234898018587334,-0.5000000000000004,0.8660254037844384,0.0,0.0,0.0,6.4,14.05,100.0,57.0,-3.3,3.771774,0.0,4.6,19.07222223,26.35,26.03333333333333,26.3,26.03333333333333,26.1,-11.442740743333337,0.1796296300000008,-0.131333333333333,7.846,7.486666666666666,19.11111111555556,7.869111111111113,4.326628,4.2864485,4.2903357,4.28674,4.269507,0,0.0,1,1.0,-0.9,22.3,77.7
2022-11-27 05:45:00,241.433953455552,65.187947927778,65.198503105554,19.07222223,7.486666666666666,26.1,1,5.1764362714980825,70.66250196097344,5,6,11,0.9659258262890684,0.2588190451025207,-0.7818314824680299,0.6234898018587334,-0.5000000000000004,0.8660254037844384,0.0,0.0,0.0,6.3,12.075,100.0,55.0,-3.6,3.6879716,0.0,4.8,19.018518516666667,26.316666666666663,26.35,26.03333333333333,26.3,26.933333333333334,-11.585555563333337,-0.0851851799999998,-0.2280000000000006,7.714666666666667,7.612,19.06913580666667,7.682444444444447,4.269507,4.326628,4.2864485,4.2903357,4.391888,0,0.0,0,1.0,-0.92,23.1,76.9
2022-11-27 06:00:00,366.765884394442,113.18936116111,113.204082805554,19.018518516666667,7.612,26.933333333333334,2,5.1764362714980825,70.66250196097344,6,6,11,1.0,6.123233995736766e-17,-0.7818314824680299,0.6234898018587334,-0.5000000000000004,0.8660254037844384,0.0,0.0,0.0,6.2,10.1,100.0,53.0,-3.9,3.6011825,0.0,5.0,19.22777778,26.1,26.316666666666663,26.35,26.03333333333333,26.7,-11.406518516666669,-0.0537037133333342,0.1253333333333337,7.486666666666666,7.45,19.082716052222224,7.604444444444447,4.391888,4.269507,4.326628,4.2864485,4.4078918,0,0.0,1,1.0,-0.93,23.4,76.6
2022-11-27 06:15:00,40.59282088888,11.395377466668002,11.400655105554,19.22777778,7.45,26.7,1,5.1764362714980825,70.66250196097344,6,6,11,1.0,6.123233995736766e-17,-0.7818314824680299,0.6234898018587334,-0.5000000000000004,0.8660254037844384,0.0,0.0,0.0,6.55,10.55,100.0,53.5,-3.85,3.6171792,0.0,4.925,18.946296276666665,26.933333333333334,26.1,26.316666666666663,26.35,27.15,-11.77777778,0.2092592633333332,-0.1619999999999999,7.612,7.204,19.106172842222225,7.5162222222222255,4.4078918,4.391888,4.269507,4.326628,4.408387,0,0.0,1,1.0,-0.89,21.6,78.4
2022-11-27 06:30:00,148.096298377768,120.259633872222,120.276577711108,18.946296276666665,7.204,27.15,2,5.1764362714980825,70.66250196097344,6,6,11,1.0,6.123233995736766e-17,-0.7818314824680299,0.6234898018587334,-0.5000000000000004,0.8660254037844384,0.0,0.0,0.0,6.9,11.0,100.0,54.0,-3.8,3.6329184,0.0,4.85,19.1111111,26.7,26.933333333333334,26.1,26.316666666666663,27.1,-11.742296276666664,-0.2814815033333353,-0.2460000000000004,7.45,7.219333333333334,19.064197524444445,7.4220000000000015,4.408387,4.4078918,4.391888,4.269507,4.443269,0,0.0,1,1.0,-0.95,24.0,76.0
2022-11-27 06:45:00,65.706538333332,34.6444475,34.651669511108,19.1111111,7.219333333333334,27.1,1,5.1764362714980825,70.66250196097344,6,6,11,1.0,6.123233995736766e-17,-0.7818314824680299,0.6234898018587334,-0.5000000000000004,0.8660254037844384,0.0,0.0,0.0,7.25,11.45,100.0,54.5,-3.75,3.648402,0.0,4.775,19.016666646666668,27.15,26.7,26.933333333333334,26.1,26.716666666666665,-11.891777766666667,0.1648148233333373,0.0153333333333343,7.204,7.426,19.09506171888889,7.291111111111114,4.443269,4.408387,4.4078918,4.391888,4.356082,0,0.0,1,1.0,-0.91,22.5,77.5
2022-11-27 07:00:00,88.456183977772,72.475434216666,72.48793378333,19.016666646666668,7.426,26.716666666666665,2,5.1764362714980825,70.66250196097344,7,6,11,0.9659258262890684,-0.2588190451025206,-0.7818314824680299,0.6234898018587334,-0.5000000000000004,0.8660254037844384,0.0,0.0,0.0,7.6,11.9,100.0,55.0,-3.7,3.6636312,0.0,4.7,19.01666668,27.1,27.15,26.7,26.933333333333334,26.95,-11.590666646666667,-0.0944444533333346,0.2066666666666661,7.219333333333334,7.174,19.02469134111111,7.283111111111114,4.356082,4.443269,4.408387,4.4078918,4.394127,0,0.0,1,1.0,-0.93,23.4,76.6
2022-11-27 07:15:00,117.075316833332,104.986355927778,105.002188644444,19.01666668,7.174,26.95,2,5.1764362714980825,70.66250196097344,7,6,11,0.9659258262890684,-0.2588190451025206,-0.7818314824680299,0.6234898018587334,-0.5000000000000004,0.8660254037844384,0.0,0.0,0.0,8.525,13.525,99.75,54.5,-3.65,3.6726253,0.0,4.875,19.21296296333333,26.716666666666665,27.1,27.15,26.7,26.53333333333333,-11.84266668,3.333333253863202e-08,-0.2519999999999998,7.426,6.803333333333333,19.04814814222222,7.273111111111113,4.394127,4.356082,4.443269,4.408387,4.376556,0,0.0,0,1.0,-0.93,23.4,76.6
2022-11-27 07:30:00,49.714122405558,32.3728717,32.380371449998,19.21296296333333,6.803333333333333,26.53333333333333,1,5.1764362714980825,70.66250196097344,7,6,11,0.9659258262890684,-0.2588190451025206,-0.7818314824680299,0.6234898018587334,-0.5000000000000004,0.8660254037844384,0.0,0.0,0.0,9.45,15.15,99.5,54.0,-3.6,3.6812701,0.0,5.050000000000001,18.97222224,26.95,26.716666666666665,27.1,27.15,26.85,-12.40962963,0.1962962833333321,-0.3706666666666676,7.174,6.698666666666667,19.08209876333333,7.134444444444447,4.376556,4.394127,4.356082,4.443269,4.3663526,0,0.0,1,1.0,-0.89,21.7,78.3
2022-11-27 07:45:00,159.728888522216,125.620808333332,125.638585455552,18.97222224,6.698666666666667,26.85,2,5.1764362714980825,70.66250196097344,7,6,11,0.9659258262890684,-0.2588190451025206,-0.7818314824680299,0.6234898018587334,-0.5000000000000004,0.8660254037844384,0.0,0.0,0.0,10.375,16.775,99.25,53.5,-3.55,3.6895566,0.0,5.2250000000000005,19.17962963,26.53333333333333,26.95,26.716666666666665,27.1,26.816666666666663,-12.273555573333333,-0.2407407233333316,-0.1046666666666658,6.803333333333333,7.321333333333333,19.067283961111112,6.892000000000003,4.3663526,4.376556,4.394127,4.356082,4.414611,0,0.0,1,1.0,-0.94,23.8,76.2
2022-11-27 08:00:00,31.811783177772,0.0,0.0,19.17962963,7.321333333333333,26.816666666666663,0,5.1764362714980825,70.66250196097344,8,6,11,0.8660254037844387,-0.4999999999999998,-0.7818314824680299,0.6234898018587334,-0.5000000000000004,0.8660254037844384,0.0,0.0,0.0,11.3,18.4,99.0,53.0,-3.5,3.6974778,0.0,5.4,18.98888891,26.85,26.53333333333333,26.95,26.716666666666665,26.85,-11.85829629666667,0.2074073900000002,0.6226666666666656,6.698666666666667,7.712666666666666,19.12160494444445,6.9411111111111135,4.414611,4.3663526,4.376556,4.394127,4.3706512,1,1.0,1,0.75,-0.9,22.0,78.0
2022-11-27 08:15:00,131.028647694438,116.234794855556,116.252294188888,18.98888891,7.712666666666666,26.85,2,5.1764362714980825,70.66250196097344,8,6,11,0.8660254037844387,-0.4999999999999998,-0.7818314824680299,0.6234898018587334,-0.5000000000000004,0.8660254037844384,3.5,0.875,0.2916666666666667,11.3,19.025,99.25,53.25,-3.35,3.733309,0.0,5.4750000000000005,19.12142860571429,26.816666666666663,26.85,26.53333333333333,26.95,26.825,-11.276222243333333,-0.1907407200000008,0.3913333333333337,7.321333333333333,7.856428571428571,19.046913593333333,7.244222222222224,4.3706512,4.414611,4.3663526,4.376556,4.4008584,0,1.0,1,0.75,-0.94,23.7,76.3
2022-11-27 08:30:00,67.297307966668,46.36925623889,46.3789781,19.12142860571429,7.856428571428571,26.825,1,5.1764362714980825,70.66250196097344,8,6,11,0.8660254037844387,-0.4999999999999998,-0.7818314824680299,0.6234898018587334,-0.5000000000000004,0.8660254037844384,7.0,2.625,0.875,11.3,19.65,99.5,53.5,-3.2,3.7693927,0.0,5.550000000000001,19.11111114,26.85,26.816666666666663,26.85,26.53333333333333,26.85,-11.265000034285718,0.1325396957142892,0.1437619047619049,7.712666666666666,8.094666666666667,19.096649048571432,7.63014285714286,4.4008584,4.3706512,4.414611,4.3663526,4.402279,0,1.0,1,0.75,-0.91,22.5,77.5
2022-11-27 08:45:00,78.564357416662,66.545949188888,66.557893227774,19.11111114,8.094666666666667,26.85,1,5.1764362714980825,70.66250196097344,8,6,11,0.8660254037844387,-0.4999999999999998,-0.7818314824680299,0.6234898018587334,-0.5000000000000004,0.8660254037844384,10.5,5.25,1.75,11.3,20.275,99.75,53.75,-3.05,3.8057306,0.0,5.625,19.05370367333333,26.825,26.85,26.816666666666663,26.85,27.0,-11.016444473333332,-0.0103174657142908,0.2382380952380955,7.856428571428571,8.722000000000001,19.073809551904763,7.887920634920637,4.402279,4.4008584,4.3706512,4.414611,4.411908,0,1.0,0,0.75,-0.91,22.6,77.4
2022-11-27 09:00:00,96.04310262222,83.9316426,83.944975449998,19.05370367333333,8.722000000000001,27.0,2,5.1764362714980825,70.66250196097344,9,6,11,0.7071067811865476,-0.7071067811865475,-0.7818314824680299,0.6234898018587334,-0.5000000000000004,0.8660254037844384,14.0,8.75,2.9166666666666665,11.3,20.9,100.0,54.0,-2.9,3.8423228,0.0,5.7,19.15555557,26.85,26.825,26.85,26.816666666666663,26.65,-10.331703673333331,-0.0574074666666639,0.6273333333333344,8.094666666666667,9.352,19.095414473015875,8.224365079365082,4.411908,4.402279,4.4008584,4.3706512,4.3809533,0,0.0,1,1.0,-0.92,23.0,77.0
2022-11-27 09:15:00,57.524365666664,18.213715905554,18.220104599996,19.15555557,9.352,26.65,1,5.1764362714980825,70.66250196097344,9,6,11,0.7071067811865476,-0.7071067811865475,-0.7818314824680299,0.6234898018587334,-0.5000000000000004,0.8660254037844384,40.25,17.9375,6.270833333333333,10.925,21.625,92.0,54.0,-2.425,3.963879,0.0,6.175,18.92777777,27.0,26.85,26.825,26.85,26.683333333333334,-9.80355557,0.1018518966666661,0.629999999999999,8.722000000000001,9.604,19.10679012777778,8.722888888888892,4.3809533,4.411908,4.402279,4.4008584,4.3278794,0,0.0,1,1.0,-0.9,22.2,77.8
2022-11-27 09:30:00,145.247245594438,117.919449683334,117.937226838886,18.92777777,9.604,26.683333333333334,2,5.1764362714980825,70.66250196097344,9,6,11,0.7071067811865476,-0.7071067811865475,-0.7818314824680299,0.6234898018587334,-0.5000000000000004,0.8660254037844384,66.5,32.8125,11.8125,10.55,22.35,84.0,54.0,-1.95,4.0887814,0.0,6.65,19.1222222,26.65,27.0,26.85,26.825,27.0,-9.323777769999998,-0.2277778000000019,0.2520000000000006,9.352,9.011333333333331,19.045679004444445,9.226000000000004,4.3278794,4.3809533,4.411908,4.402279,4.4297748,0,0.0,1,1.0,-0.95,24.2,75.8
2022-11-27 09:45:00,19.778375466668,0.0,0.0,19.1222222,9.011333333333331,27.0,0,5.1764362714980825,70.66250196097344,9,6,11,0.7071067811865476,-0.7071067811865475,-0.7818314824680299,0.6234898018587334,-0.5000000000000004,0.8660254037844384,92.75,53.375,19.541666666666668,10.175,23.075,76.0,54.0,-1.475,4.217109,0.0,7.125,19.005555583333333,26.683333333333334,26.65,27.0,26.85,27.183333333333334,-10.110888866666668,0.1944444300000007,-0.592666666666668,9.604,9.518,19.06851851333333,9.322444444444448,4.4297748,4.3278794,4.3809533,4.411908,4.4292665,1,1.0,1,0.75,-0.91,22.4,77.6
2022-11-27 10:00:00,107.53125416111,86.837359716666,86.850692566664,19.005555583333333,9.518,27.183333333333334,2,5.1764362714980825,70.66250196097344,10,6,11,0.4999999999999999,-0.8660254037844387,-0.7818314824680299,0.6234898018587334,-0.5000000000000004,0.8660254037844384,119.0,79.625,29.45833333333333,9.8,23.8,68.0,54.0,-1.0,4.3489394,0.0,7.6,19.05555555,27.0,26.683333333333334,26.65,27.0,27.45,-9.487555583333332,-0.1166666166666665,0.5066666666666677,9.011333333333331,10.408666666666669,19.01851851777778,9.37777777777778,4.4292665,4.4297748,4.3278794,4.3809533,4.4859324,0,1.0,1,0.75,-0.93,23.4,76.6
2022-11-27 10:15:00,72.865418583334,57.3135407,57.324929227774,19.05555555,10.408666666666669,27.45,1,5.1764362714980825,70.66250196097344,10,6,11,0.4999999999999999,-0.8660254037844387,-0.7818314824680299,0.6234898018587334,-0.5000000000000004,0.8660254037844384,157.0,108.8125,42.54166666666666,9.3,22.525,76.0,54.0,-0.525,4.506069,0.0,8.15,19.11296293333333,27.183333333333334,27.0,26.683333333333334,26.65,27.03333333333333,-8.646888883333334,0.0499999666666681,0.8906666666666663,9.518,10.612,19.061111111111117,9.646000000000004,4.4859324,4.4292665,4.4297748,4.3278794,4.4328218,0,1.0,1,0.75,-0.92,22.9,77.1
2022-11-27 10:30:00,52.182357022224,39.7417436,39.75118772222,19.11296293333333,10.612,27.03333333333333,1,5.1764362714980825,70.66250196097344,10,6,11,0.4999999999999999,-0.8660254037844387,-0.7818314824680299,0.6234898018587334,-0.5000000000000004,0.8660254037844384,195.0,140.9375,58.79166666666666,8.8,21.25,84.0,54.0,-0.05,4.668131,0.0,8.7,19.00555554,27.45,27.183333333333334,27.0,26.683333333333334,27.35,-8.500962933333332,0.0574073833333308,0.2033333333333331,10.408666666666669,10.554,19.05802468888889,10.17955555555556,4.4328218,4.4859324,4.4292665,4.4297748,4.4564233,0,1.0,0,0.75,-0.91,22.5,77.5
2022-11-27 10:45:00,142.260420555552,108.463994583334,108.479827366664,19.00555554,10.554,27.35,2,5.1764362714980825,70.66250196097344,10,6,11,0.4999999999999999,-0.8660254037844387,-0.7818314824680299,0.6234898018587334,-0.5000000000000004,0.8660254037844384,233.0,176.0,78.20833333333333,8.3,19.975,92.0,54.0,0.4249999999999998,4.8352547,0.0,9.25,19.187037036666663,27.03333333333333,27.45,27.183333333333334,27.0,27.5,-8.45155554,-0.1074073933333323,-0.0579999999999998,10.612,10.458,19.058024674444443,10.524888888888892,4.4564233,4.4328218,4.4859324,4.4292665,4.529078,0,0.0,1,1.0,-0.93,23.4,76.6
2022-11-27 11:00:00,35.52191256666,0.0,0.0,19.187037036666663,10.458,27.5,0,5.1764362714980825,70.66250196097344,11,6,11,0.258819045102521,-0.9659258262890682,-0.7818314824680299,0.6234898018587334,-0.5000000000000004,0.8660254037844384,271.0,214.0,100.79166666666669,7.8,18.7,100.0,54.0,0.9,5.0075746,0.0,9.8,18.98888891,27.35,27.03333333333333,27.45,27.183333333333334,27.85,-8.729037036666666,0.1814814966666667,-0.096,10.554,9.941333333333334,19.10185183666667,10.541333333333336,4.529078,4.4564233,4.4328218,4.4859324,4.533431,1,1.0,1,0.75,-0.89,21.8,78.2
2022-11-27 11:15:00,109.597560355556,97.606651111112,97.622483877776,18.98888891,9.941333333333334,27.85,2,5.1764362714980825,70.66250196097344,11,6,11,0.258819045102521,-0.9659258262890682,-0.7818314824680299,0.6234898018587334,-0.5000000000000004,0.8660254037844384,247.5,236.625,121.125,7.05,18.625,100.0,54.5,1.2000000000000002,5.110399,0.0,9.975,19.12592596,27.5,27.35,27.03333333333333,27.45,28.0,-9.047555576666666,-0.1981481266666662,-0.5166666666666657,10.458,8.985333333333333,19.06049382888889,10.31777777777778,4.533431,4.529078,4.4564233,4.4328218,4.594844,0,1.0,1,0.75,-0.93,23.4,76.6
2022-11-27 11:30:00,61.975020916666,47.335884255556,47.345606133332,19.12592596,8.985333333333333,28.0,1,5.1764362714980825,70.66250196097344,11,6,11,0.258819045102521,-0.9659258262890682,-0.7818314824680299,0.6234898018587334,-0.5000000000000004,0.8660254037844384,224.0,243.875,139.20833333333334,6.3,18.55,100.0,55.0,1.5,5.214813,0.0,10.15,19.13888889,27.85,27.5,27.35,27.03333333333333,28.45,-10.140592626666669,0.13703705,-0.9560000000000012,9.941333333333334,8.663333333333332,19.100617302222226,9.794888888888892,4.594844,4.533431,4.529078,4.4564233,4.6722593,0,1.0,1,0.75,-0.9,22.2,77.8
2022-11-27 11:45:00,71.768518111108,49.647736227778,49.65745812222,19.13888889,8.663333333333332,28.45,1,5.1764362714980825,70.66250196097344,11,6,11,0.258819045102521,-0.9659258262890682,-0.7818314824680299,0.6234898018587334,-0.5000000000000004,0.8660254037844384,200.5,235.75,155.04166666666666,5.55,18.475,100.0,55.5,1.8000000000000005,5.320837,0.0,10.325,19.00555557333333,28.0,27.85,27.5,27.35,29.433333333333334,-10.475555556666665,0.0129629299999969,-0.3220000000000009,8.985333333333333,8.23,19.08456792,9.19666666666667,4.6722593,4.594844,4.533431,4.529078,4.7958827,0,1.0,0,0.75,-0.9,22.0,78.0
2022-11-27 12:00:00,115.165393299996,101.540938183334,101.55815976111,19.00555557333333,8.23,29.433333333333334,2,5.1764362714980825,70.66250196097344,12,6,11,1.2246467991473532e-16,-1.0,-0.7818314824680299,0.6234898018587334,-0.5000000000000004,0.8660254037844384,177.0,212.25,168.625,4.8,18.4,100.0,56.0,2.1,5.4284906,0.0,10.5,19.21666669,28.45,28.0,27.85,27.5,29.9,-10.775555573333332,-0.1333333166666648,-0.4333333333333318,8.663333333333332,8.214666666666666,19.090123474444443,8.626222222222225,4.7958827,4.6722593,4.594844,4.533431,4.932948,0,0.0,1,1.0,-0.92,23.0,77.0
2022-11-27 12:15:00,33.071455055548,0.0,0.0,19.21666669,8.214666666666666,29.9,0,5.1764362714980825,70.66250196097344,12,6,11,1.2246467991473532e-16,-1.0,-0.7818314824680299,0.6234898018587334,-0.5000000000000004,0.8660254037844384,155.0,189.125,178.1875,6.275,19.825,100.0,66.5,3.3000000000000003,6.1276684,0.4,9.7,18.99814813333333,29.433333333333334,28.45,28.0,27.85,30.65,-11.002000023333334,0.2111111166666681,-0.0153333333333343,8.23,8.620000000000001,19.12037038444444,8.369333333333335,4.932948,4.7958827,4.6722593,4.594844,4.9919424,1,1.0,1,0.75,-0.87,21.0,79.0
2022-11-27 12:30:00,151.12284376111,115.53982263889,115.555655372222,18.99814813333333,8.620000000000001,30.65,2,5.1764362714980825,70.66250196097344,12,6,11,1.2246467991473532e-16,-1.0,-0.7818314824680299,0.6234898018587334,-0.5000000000000004,0.8660254037844384,133.0,166.375,183.72916666666663,7.75,21.25,100.0,77.0,4.5,6.7422204,0.8,8.9,19.17222222,29.9,29.433333333333334,28.45,28.0,30.7,-10.378148133333331,-0.2185185566666661,0.4053333333333349,8.214666666666666,8.503333333333334,19.07345679888889,8.354888888888892,4.9919424,4.932948,4.7958827,4.6722593,5.051686,0,1.0,1,0.75,-0.92,22.8,77.2
2022-11-27 12:45:00,52.593451744444,40.3083876,40.318109511108,19.17222222,8.503333333333334,30.7,1,5.1764362714980825,70.66250196097344,12,6,11,1.2246467991473532e-16,-1.0,-0.7818314824680299,0.6234898018587334,-0.5000000000000004,0.8660254037844384,111.0,144.0,185.25,9.225,22.675,100.0,87.5,5.700000000000001,7.278028,1.2000000000000002,8.1,19.124074046666667,30.65,29.9,29.433333333333334,28.45,31.33333333333333,-10.668888886666664,0.1740740866666641,-0.1166666666666671,8.620000000000001,8.026,19.129012347777778,8.446000000000003,5.051686,4.9919424,4.932948,4.7958827,5.1412864,0,1.0,1,0.75,-0.88,21.2,78.8
2022-11-27 13:00:00,68.856412316666,56.766062583334,56.777451077776,19.124074046666667,8.026,31.33333333333333,1,5.1764362714980825,70.66250196097344,13,6,11,-0.2588190451025208,-0.9659258262890684,-0.7818314824680299,0.6234898018587334,-0.5000000000000004,0.8660254037844384,89.0,122.0,182.75,10.7,24.1,100.0,98.0,6.9,7.7406693,1.6,7.3,19.04444446,30.7,30.65,29.9,29.433333333333334,32.0,-11.098074046666667,-0.0481481733333311,-0.477333333333334,8.503333333333334,7.984666666666667,19.098148133333336,8.383111111111115,5.1412864,5.051686,4.9919424,4.932948,5.226075,0,1.0,0,0.75,-0.88,21.5,78.5
2022-11-27 13:15:00,658.6114323888839,88.266746972222,88.281746405554,19.04444446,7.984666666666667,32.0,2,5.1764362714980825,70.66250196097344,13,6,11,-0.2588190451025208,-0.9659258262890684,-0.7818314824680299,0.6234898018587334,-0.5000000000000004,0.8660254037844384,81.25,103.5625,176.4375,10.325,23.65,100.0,98.25,6.9,7.735291,1.35,7.25,19.20185186333333,31.33333333333333,30.7,30.65,29.9,32.18333333333333,-11.059777793333335,-0.079629586666666,-0.0413333333333332,8.026,7.81,19.113580242222223,8.171333333333335,5.226075,5.1412864,5.051686,4.9919424,5.3050246,0,0.0,1,1.0,-0.9,22.1,77.9
2022-11-27 13:30:00,218.120719222224,20.3691852,20.37779602222,19.20185186333333,7.81,32.18333333333333,1,5.1764362714980825,70.66250196097344,13,6,11,-0.2588190451025208,-0.9659258262890684,-0.7818314824680299,0.6234898018587334,-0.5000000000000004,0.8660254037844384,73.5,88.6875,166.3125,9.95,23.200000000000003,100.0,98.5,6.9,7.729859,1.1,7.199999999999999,19.02222219,32.0,31.33333333333333,30.7,30.65,32.8,-11.391851863333333,0.1574074033333303,-0.174666666666666,7.984666666666667,7.563999999999999,19.12345679,7.940222222222224,5.3050246,5.226075,5.1412864,5.051686,5.3497066,0,0.0,1,1.0,-0.86,20.7,79.3
2022-11-27 13:45:00,147.61715076110602,119.549662272222,119.566883866664,19.02222219,7.563999999999999,32.8,2,5.1764362714980825,70.66250196097344,13,6,11,-0.2588190451025208,-0.9659258262890684,-0.7818314824680299,0.6234898018587334,-0.5000000000000004,0.8660254037844384,65.75,77.375,152.375,9.575,22.75,100.0,98.75,6.9,7.72437,0.8500000000000001,7.15,19.18333333,32.18333333333333,32.0,31.33333333333333,30.7,32.71666666666667,-11.458222189999995,-0.1796296733333342,-0.2460000000000013,7.81,7.19,19.08950617111111,7.786222222222224,5.3497066,5.3050246,5.226075,5.1412864,5.3870554,0,0.0,1,1.0,-0.9,22.1,77.9
2022-11-27 14:00:00,33.572545944444,0.0,0.0,19.18333333,7.19,32.71666666666667,0,5.1764362714980825,70.66250196097344,14,6,11,-0.4999999999999997,-0.8660254037844388,-0.7818314824680299,0.6234898018587334,-0.5000000000000004,0.8660254037844384,58.0,69.625,134.625,9.2,22.3,100.0,99.0,6.9,7.718824,0.6,7.1,19.02222221,32.8,32.18333333333333,32.0,31.33333333333333,33.35,-11.99333333,0.1611111400000027,-0.3739999999999996,7.563999999999999,6.958,19.13580246111111,7.521333333333335,5.3870554,5.3497066,5.3050246,5.226075,5.439412,1,1.0,1,0.75,-0.86,20.8,79.2
2022-11-27 14:15:00,116.24646120555,98.222459827778,98.236903749998,19.02222221,6.958,33.35,2,5.1764362714980825,70.66250196097344,14,6,11,-0.4999999999999997,-0.8660254037844388,-0.7818314824680299,0.6234898018587334,-0.5000000000000004,0.8660254037844384,66.75,66.0,119.5625,9.275,21.85,100.0,99.0,6.95,7.743925,0.775,7.15,19.15000001,32.71666666666667,32.8,32.18333333333333,32.0,33.5,-12.06422221,-0.161111120000001,-0.2319999999999993,7.19,6.854,19.07592591,7.237333333333335,5.439412,5.3870554,5.3497066,5.3050246,5.50521,0,1.0,1,0.75,-0.9,22.0,78.0
2022-11-27 14:30:00,65.98541606111,54.030338683334,54.04006056111,19.15000001,6.854,33.5,1,5.1764362714980825,70.66250196097344,14,6,11,-0.4999999999999997,-0.8660254037844388,-0.7818314824680299,0.6234898018587334,-0.5000000000000004,0.8660254037844384,75.5,66.5,107.1875,9.35,21.4,100.0,99.0,7.0,7.7690964,0.95,7.199999999999999,19.16111109,33.35,32.71666666666667,32.8,32.18333333333333,33.85,-12.29600001,0.1277778000000005,-0.104,6.958,6.793333333333334,19.11851851666667,7.000666666666668,5.50521,5.439412,5.3870554,5.3497066,5.5663724,0,1.0,1,0.75,-0.87,20.9,79.1
2022-11-27 14:45:00,60.329531255552,45.415961072222,45.425960738886,19.16111109,6.793333333333334,33.85,1,5.1764362714980825,70.66250196097344,14,6,11,-0.4999999999999997,-0.8660254037844388,-0.7818314824680299,0.6234898018587334,-0.5000000000000004,0.8660254037844384,84.25,71.125,97.5,9.425,20.95,100.0,99.0,7.05,7.794339,1.125,7.25,19.037037023333333,33.5,33.35,32.71666666666667,32.8,33.81666666666667,-12.36777775666667,0.0111110800000027,-0.0606666666666662,6.854,6.69,19.111111103333336,6.868444444444447,5.5663724,5.50521,5.439412,5.3870554,5.520348,0,1.0,0,0.75,-0.86,20.7,79.3
2022-11-27 15:00:00,130.773102249998,104.783863994446,104.799418972222,19.037037023333333,6.69,33.81666666666667,2,5.1764362714980825,70.66250196097344,15,6,11,-0.7071067811865471,-0.7071067811865479,-0.7818314824680299,0.6234898018587334,-0.5000000000000004,0.8660254037844384,93.0,79.875,90.5,9.5,20.5,100.0,99.0,7.1,7.8196554,1.3,7.3,19.22222225,33.85,33.5,33.35,32.71666666666667,33.9,-12.347037023333334,-0.1240740666666688,-0.1033333333333343,6.793333333333334,6.5280000000000005,19.116049374444447,6.7791111111111135,5.520348,5.5663724,5.50521,5.439412,5.5947056,0,0.0,1,1.0,-0.89,21.8,78.2
2022-11-27 15:15:00,31.624013022212,0.0,0.0,19.22222225,6.5280000000000005,33.9,0,5.1764362714980825,70.66250196097344,15,6,11,-0.7071067811865471,-0.7071067811865479,-0.7818314824680299,0.6234898018587334,-0.5000000000000004,0.8660254037844384,73.75,81.625,83.72916666666667,9.1,20.425,100.0,99.0,6.949999999999999,7.7313666,1.725,7.125,19.02962964,33.81666666666667,33.85,33.5,33.35,34.46666666666667,-12.69422225,0.1851852266666682,-0.161999999999999,6.69,6.569333333333333,19.14012345444445,6.670444444444446,5.5947056,5.520348,5.5663724,5.50521,5.623999,1,1.0,1,0.75,-0.85,20.2,79.8
2022-11-27 15:30:00,129.092891777772,107.91873866111,107.935404711108,19.02962964,6.569333333333333,34.46666666666667,2,5.1764362714980825,70.66250196097344,15,6,11,-0.7071067811865471,-0.7071067811865479,-0.7818314824680299,0.6234898018587334,-0.5000000000000004,0.8660254037844384,54.5,76.375,77.1875,8.7,20.35,100.0,99.0,6.8,7.6439486,2.1500000000000004,6.949999999999999,19.13888886,33.9,33.81666666666667,33.85,33.5,34.2,-12.460296306666669,-0.1925926100000019,0.0413333333333323,6.5280000000000005,6.658666666666666,19.096296304444447,6.59577777777778,5.623999,5.5947056,5.520348,5.5663724,5.6165648,0,1.0,1,0.75,-0.89,21.7,78.3
2022-11-27 15:45:00,65.920418777772,41.788050627778,41.796383711108,19.13888886,6.658666666666666,34.2,1,5.1764362714980825,70.66250196097344,15,6,11,-0.7071067811865471,-0.7071067811865479,-0.7818314824680299,0.6234898018587334,-0.5000000000000004,0.8660254037844384,35.25,64.125,70.875,8.3,20.275,100.0,99.0,6.65,7.5573964,2.575,6.775,19.12037034,34.46666666666667,33.9,33.81666666666667,33.85,34.65,-12.480222193333336,0.1092592200000019,0.0893333333333332,6.569333333333333,6.711333333333333,19.130246916666668,6.585333333333336,5.6165648,5.623999,5.5947056,5.520348,5.6842575,0,1.0,1,0.75,-0.87,20.8,79.2
2022-11-27 16:00:00,63.753838644444,51.561548572222,51.57154822222,19.12037034,6.711333333333333,34.65,1,5.1764362714980825,70.66250196097344,16,6,11,-0.8660254037844385,-0.5000000000000004,-0.7818314824680299,0.6234898018587334,-0.5000000000000004,0.8660254037844384,16.0,44.875,64.79166666666667,7.9,20.2,100.0,99.0,6.5,7.4717016,3.0,6.6,19.0111111,34.2,34.46666666666667,33.9,33.81666666666667,35.0,-12.409037006666669,-0.0185185200000006,0.052666666666667,6.658666666666666,6.843999999999999,19.09629628,6.6464444444444455,5.6842575,5.6165648,5.623999,5.5947056,5.7047873,0,1.0,0,0.75,-0.87,20.9,79.1
2022-11-27 16:15:00,109.122023977772,97.1177818,97.132781249998,19.0111111,6.843999999999999,35.0,2,5.1764362714980825,70.66250196097344,16,6,11,-0.8660254037844385,-0.5000000000000004,-0.7818314824680299,0.6234898018587334,-0.5000000000000004,0.8660254037844384,16.75,30.625,59.41666666666666,8.525,19.925,98.5,97.75,6.45,7.449836,2.375,6.75,19.21851854333333,34.65,34.2,34.46666666666667,33.9,35.18333333333333,-12.1671111,-0.10925924,0.1326666666666662,6.711333333333333,7.1080000000000005,19.090123433333336,6.738000000000002,5.7047873,5.6842575,5.6165648,5.623999,5.8052354,0,0.0,1,1.0,-0.89,21.8,78.2
2022-11-27 16:30:00,343.073776633328,0.0,0.0,19.21851854333333,7.1080000000000005,35.18333333333333,0,5.1764362714980825,70.66250196097344,16,6,11,-0.8660254037844385,-0.5000000000000004,-0.7818314824680299,0.6234898018587334,-0.5000000000000004,0.8660254037844384,17.5,21.375,54.75,9.15,19.65,97.0,96.5,6.4,7.426729,1.75,6.9,18.99444446,35.0,34.65,34.2,34.46666666666667,35.5,-12.110518543333336,0.2074074433333343,0.2640000000000011,6.843999999999999,7.289333333333333,19.116666661111115,6.887777777777781,5.8052354,5.7047873,5.6842575,5.6165648,5.780595,1,1.0,1,0.75,-0.84,20.0,80.0
2022-11-27 16:45:00,142.028485416662,111.201107344444,111.216384549998,18.99444446,7.289333333333333,35.5,2,5.1764362714980825,70.66250196097344,16,6,11,-0.8660254037844385,-0.5000000000000004,-0.7818314824680299,0.6234898018587334,-0.5000000000000004,0.8660254037844384,18.25,17.125,50.79166666666666,9.775,19.375,95.5,95.25,6.35,7.4023633,1.125,7.05,19.15740741,35.18333333333333,35.0,34.65,34.2,35.68333333333333,-11.705111126666669,-0.2240740833333347,0.1813333333333329,7.1080000000000005,7.144666666666667,19.074691367777778,7.080444444444447,5.780595,5.8052354,5.7047873,5.6842575,5.866568,0,1.0,1,0.75,-0.89,21.8,78.2
2022-11-27 17:00:00,50.954906155556,31.006537455556,31.01487052222,19.15740741,7.144666666666667,35.68333333333333,1,5.1764362714980825,70.66250196097344,17,6,11,-0.9659258262890684,-0.2588190451025206,-0.7818314824680299,0.6234898018587334,-0.5000000000000004,0.8660254037844384,19.0,17.875,47.54166666666666,10.4,19.1,94.0,94.0,6.3,7.376717,0.5,7.2,19.11111114,35.5,35.18333333333333,35.0,34.65,36.3,-12.012740743333335,0.1629629500000007,-0.1446666666666667,7.289333333333333,7.2,19.123456804444448,7.18066666666667,5.866568,5.780595,5.8052354,5.7047873,5.951685,0,1.0,1,0.75,-0.85,20.4,79.6
2022-11-27 17:15:00,76.967754599996,58.958752672222,58.97014118333,19.11111114,7.2,36.3,1,5.1764362714980825,70.66250196097344,17,6,11,-0.9659258262890684,-0.2588190451025206,-0.7818314824680299,0.6234898018587334,-0.5000000000000004,0.8660254037844384,15.25,17.5,43.25,9.25,20.0,95.5,94.25,6.3,7.372374,2.825,7.15,19.05370367333333,35.68333333333333,35.5,35.18333333333333,35.0,36.03333333333333,-11.91111114,-0.0462962700000026,0.0553333333333334,7.144666666666667,7.372666666666666,19.087654336666667,7.211333333333336,5.951685,5.866568,5.780595,5.8052354,5.887991,0,1.0,0,0.75,-0.86,20.7,79.3
2022-11-27 17:30:00,96.01421486111,78.091042916666,78.104098027774,19.05370367333333,7.372666666666666,36.03333333333333,2,5.1764362714980825,70.66250196097344,17,6,11,-0.9659258262890684,-0.2588190451025206,-0.7818314824680299,0.6234898018587334,-0.5000000000000004,0.8660254037844384,11.5,16.0,37.91666666666666,8.1,20.9,97.0,94.5,6.3,7.367968,5.15,7.1,19.194444420000004,36.3,35.68333333333333,35.5,35.18333333333333,36.35,-11.681037006666669,-0.0574074666666639,0.1726666666666663,7.2,7.342,19.10740740777778,7.2391111111111135,5.887991,5.951685,5.866568,5.780595,5.9892316,0,0.0,1,1.0,-0.88,21.2,78.8
2022-11-27 17:45:00,34.25335214444,21.9832873,21.990231538886,19.194444420000004,7.342,36.35,1,5.1764362714980825,70.66250196097344,17,6,11,-0.9659258262890684,-0.2588190451025206,-0.7818314824680299,0.6234898018587334,-0.5000000000000004,0.8660254037844384,7.75,13.375,31.541666666666668,6.95,21.8,98.5,94.75,6.3,7.363506,7.475000000000001,7.05,18.96296292,36.03333333333333,36.3,35.68333333333333,35.5,36.5,-11.852444420000005,0.140740746666669,-0.0306666666666668,7.372666666666666,7.414000000000001,19.119753077777776,7.304888888888892,5.9892316,5.887991,5.951685,5.866568,5.9323955,0,0.0,1,1.0,-0.84,20.0,80.0
2022-11-27 18:00:00,178.599522366668,120.331297655556,120.361296472222,18.96296292,7.414000000000001,36.5,2,5.1764362714980825,70.66250196097344,18,6,11,-1.0,-1.8369701987210294e-16,-0.7818314824680299,0.6234898018587334,-0.5000000000000004,0.8660254037844384,4.0,9.625,24.125,5.8,22.7,100.0,95.0,6.3,7.358984,9.8,7.0,19.11666667,36.35,36.03333333333333,36.3,35.68333333333333,36.85,-11.548962919999996,-0.2314815000000045,0.0720000000000009,7.342,7.782,19.07037033777778,7.376222222222225,5.9323955,5.9892316,5.887991,5.951685,6.043842,0,0.0,1,1.0,-0.89,21.9,78.1
2022-11-27 18:15:00,195.588565027778,114.7695757,114.805963144444,19.11666667,7.782,36.85,2,5.1764362714980825,70.66250196097344,18,6,11,-1.0,-1.8369701987210294e-16,-0.7818314824680299,0.6234898018587334,-0.5000000000000004,0.8660254037844384,3.0,6.5625,18.229166666666668,5.1,21.175,100.0,94.75,6.35,7.387461,7.450000000000001,7.1,19.281481456666665,36.5,36.35,36.03333333333333,36.3,37.18333333333333,-11.334666669999995,0.1537037499999982,0.3679999999999994,7.414000000000001,8.418666666666667,19.091358003333337,7.512666666666669,6.043842,5.9323955,5.9892316,5.887991,6.158029,0,0.0,0,1.0,-0.86,20.5,79.5
2022-11-27 18:30:00,61.7175312,0.0,0.0,19.281481456666665,8.418666666666667,37.18333333333333,0,5.1764362714980825,70.66250196097344,18,6,11,-1.0,-1.8369701987210294e-16,-0.7818314824680299,0.6234898018587334,-0.5000000000000004,0.8660254037844384,2.0,4.1875,13.854166666666666,4.4,19.65,100.0,94.5,6.4,7.4159555,5.1000000000000005,7.2,19.02222219,36.85,36.5,36.35,36.03333333333333,37.85,-10.862814789999998,0.1648147866666676,0.6366666666666667,7.782,8.688666666666668,19.120370348888887,7.871555555555559,6.158029,6.043842,5.9323955,5.9892316,6.173366,1,1.0,1,0.75,-0.82,19.1,80.9
2022-11-27 18:45:00,117.050040011112,77.812998472222,77.831886583334,19.02222219,8.688666666666668,37.85,2,5.1764362714980825,70.66250196097344,18,6,11,-1.0,-1.8369701987210294e-16,-0.7818314824680299,0.6234898018587334,-0.5000000000000004,0.8660254037844384,1.0,2.5,11.0,3.7,18.125,100.0,94.25,6.45,7.44447,2.75,7.300000000000001,18.97407407333333,37.18333333333333,36.85,36.5,36.35,37.81666666666667,-10.33355552333333,-0.2592592666666675,0.2700000000000013,8.418666666666667,8.764000000000001,19.14012343888889,8.296444444444447,6.173366,6.158029,6.043842,5.9323955,6.150427,0,1.0,1,0.75,-0.87,21.1,78.9
2022-11-27 19:00:00,172.150891472222,120.918774188888,120.940439955556,18.97407407333333,8.764000000000001,37.81666666666667,2,5.1764362714980825,70.66250196097344,19,6,11,-0.9659258262890684,0.2588190451025203,-0.7818314824680299,0.6234898018587334,-0.5000000000000004,0.8660254037844384,0.0,1.5,9.666666666666666,3.0,16.6,100.0,94.0,6.5,7.472999,0.4,7.4,19.24444442,37.85,37.18333333333333,36.85,36.5,37.6,-10.210074073333333,-0.0481481166666633,0.075333333333333,8.688666666666668,8.748,19.09259257333333,8.62377777777778,6.150427,6.173366,6.158029,6.043842,6.213466,0,1.0,0,0.75,-0.89,21.5,78.5
2022-11-27 19:15:00,56.738841372226,18.378153727778,18.39037543889,19.24444442,8.748,37.6,1,5.1764362714980825,70.66250196097344,19,6,11,-0.9659258262890684,0.2588190451025203,-0.7818314824680299,0.6234898018587334,-0.5000000000000004,0.8660254037844384,0.0,0.75,8.270833333333334,4.175,15.6,100.0,95.5,6.65,7.555437,0.55,7.325,19.04444444,37.81666666666667,37.85,37.18333333333333,36.85,38.61666666666667,-10.49644442,0.2703703466666667,-0.0160000000000017,8.764000000000001,8.776666666666667,19.080246894444443,8.73355555555556,6.213466,6.150427,6.173366,6.158029,6.3066745,0,1.0,1,0.75,-0.82,19.3,80.7
2022-11-27 19:30:00,97.966081216666,49.142478622224,49.159422394446,19.04444444,8.776666666666667,38.61666666666667,1,5.1764362714980825,70.66250196097344,19,6,11,-0.9659258262890684,0.2588190451025203,-0.7818314824680299,0.6234898018587334,-0.5000000000000004,0.8660254037844384,0.0,0.25,6.8125,5.35,14.6,100.0,97.0,6.8,7.636878,0.7,7.25,18.91666668,37.6,37.81666666666667,37.85,37.18333333333333,38.65,-10.267777773333332,-0.1999999800000012,0.0286666666666679,8.748,9.014,19.087654311111116,8.76288888888889,6.3066745,6.213466,6.150427,6.173366,6.2646875,0,0.0,0,1.0,-0.86,20.8,79.2
2022-11-27 19:45:00,184.556784033336,119.725488572222,119.748820972222,18.91666668,9.014,38.65,2,5.1764362714980825,70.66250196097344,19,6,11,-0.9659258262890684,0.2588190451025203,-0.7818314824680299,0.6234898018587334,-0.5000000000000004,0.8660254037844384,0.0,0.0,5.291666666666667,6.525,13.6,100.0,98.5,6.949999999999999,7.717329,0.8500000000000001,7.175,19.18888891642857,38.61666666666667,37.6,37.81666666666667,37.85,38.68928571428571,-9.902666679999998,-0.1277777600000007,0.2373333333333338,8.776666666666667,9.411428571428573,19.06851851333333,8.846222222222226,6.2646875,6.3066745,6.213466,6.150427,6.372579,0,0.0,1,1.0,-0.89,21.9,78.1
2022-11-27 20:00:00,85.731848288892,42.069428272222,42.084149916666,19.18888891642857,9.411428571428573,38.68928571428571,1,5.1764362714980825,70.66250196097344,20,6,11,-0.8660254037844386,0.5000000000000001,-0.7818314824680299,0.6234898018587334,-0.5000000000000004,0.8660254037844384,0.0,0.0,3.7083333333333335,7.7,12.6,100.0,100.0,7.1,7.796792,1.0,7.1,19.10000003,38.65,38.61666666666667,37.6,37.81666666666667,39.4,-9.777460345,0.272222236428572,0.3974285714285699,9.014,9.893333333333334,19.050000012142856,9.067365079365082,6.372579,6.2646875,6.3066745,6.213466,6.4557247,0,0.0,1,1.0,-0.83,19.6,80.4
2022-11-27 20:15:00,51.186285666672,12.0861832,12.097571594446,19.10000003,9.893333333333334,39.4,1,5.1764362714980825,70.66250196097344,20,6,11,-0.8660254037844386,0.5000000000000001,-0.7818314824680299,0.6234898018587334,-0.5000000000000004,0.8660254037844384,0.0,0.0,2.4375,9.25,16.1,100.0,100.0,7.274999999999999,7.8986416,1.225,7.3,18.868518506666664,38.68928571428571,38.65,38.61666666666667,37.6,40.333333333333336,-9.206666696666666,-0.0888888864285704,0.4819047619047634,9.411428571428573,10.284,19.068518542142854,9.439587301587304,6.4557247,6.372579,6.2646875,6.3066745,6.518967,0,0.0,0,1.0,-0.85,20.2,79.8
2022-11-27 20:30:00,169.092402799996,120.311020683334,120.332964255556,18.868518506666664,10.284,40.333333333333336,2,5.1764362714980825,70.66250196097344,20,6,11,-0.8660254037844386,0.5000000000000001,-0.7818314824680299,0.6234898018587334,-0.5000000000000004,0.8660254037844384,0.0,0.0,1.4791666666666667,10.8,19.6,100.0,100.0,7.449999999999999,8.001649,1.45,7.5,19.07777777,39.4,38.68928571428571,38.65,38.61666666666667,42.0,-8.584518506666665,-0.2314815233333362,0.3906666666666645,9.893333333333334,10.37,19.052469151031747,9.862920634920636,6.518967,6.4557247,6.372579,6.2646875,6.8727226,0,0.0,1,1.0,-0.9,22.0,78.0
2022-11-27 20:45:00,231.236305794442,154.409656683334,154.439099955556,19.07777777,10.37,42.0,2,5.1764362714980825,70.66250196097344,20,6,11,-0.8660254037844386,0.5000000000000001,-0.7818314824680299,0.6234898018587334,-0.5000000000000004,0.8660254037844384,0.0,0.0,0.8333333333333334,12.35,23.1,100.0,100.0,7.625,8.105828,1.6749999999999998,7.7,19.38148144333333,40.333333333333336,39.4,38.68928571428571,38.65,42.03333333333333,-8.70777777,0.2092592633333367,0.086000000000002,10.284,10.41,19.01543210222222,10.182444444444448,6.8727226,6.518967,6.4557247,6.372579,7.00235,0,0.0,0,1.0,-0.84,19.8,80.2
2022-11-27 21:00:00,146.546360194442,0.0,0.0,19.38148144333333,10.41,42.03333333333333,0,5.1764362714980825,70.66250196097344,21,6,11,-0.7071067811865477,0.7071067811865474,-0.7818314824680299,0.6234898018587334,-0.5000000000000004,0.8660254037844384,0.0,0.0,0.5,13.9,26.6,100.0,100.0,7.8,8.211191,1.9,7.9,19.16111109,42.0,40.333333333333336,39.4,38.68928571428571,42.4,-8.971481443333332,0.3037036733333309,0.0399999999999991,10.37,10.440666666666663,19.10925924,10.354666666666668,7.00235,6.8727226,6.518967,6.4557247,6.972355,1,1.0,1,0.75,-0.77,17.4,82.6
2022-11-27 21:15:00,210.373251350002,0.0,0.0,19.16111109,10.440666666666663,42.4,0,5.1764362714980825,70.66250196097344,21,6,11,-0.7071067811865477,0.7071067811865474,-0.7818314824680299,0.6234898018587334,-0.5000000000000004,0.8660254037844384,0.0,0.0,0.25,15.4,30.125,100.0,99.75,7.95,8.270267,2.125,8.05,18.914814776666667,42.03333333333333,42.0,40.333333333333336,39.4,43.15,-8.720444423333337,-0.2203703533333296,0.030666666666665,10.41,10.403333333333334,19.206790101111118,10.406888888888892,6.972355,7.00235,6.8727226,6.518967,6.9933167,0,2.0,0,0.5,-0.82,19.1,80.9
2022-11-27 21:30:00,420.9598276,50.1496606,50.1654933,18.914814776666667,10.403333333333334,43.15,1,5.1764362714980825,70.66250196097344,21,6,11,-0.7071067811865477,0.7071067811865474,-0.7818314824680299,0.6234898018587334,-0.5000000000000004,0.8660254037844384,0.0,0.0,0.0833333333333333,16.9,33.650000000000006,100.0,99.5,8.1,8.329616,2.35,8.2,18.89444444,42.4,42.03333333333333,42.0,40.333333333333336,43.15,-8.511481443333333,-0.2462963133333353,-0.037333333333331,10.440666666666663,10.393333333333334,19.15246910333333,10.418,6.9933167,6.972355,7.00235,6.8727226,6.984908,0,2.0,1,0.5,-0.87,21.0,79.0
2022-11-27 21:45:00,191.393177233336,94.2595628,94.279562,18.89444444,10.393333333333334,43.15,2,5.1764362714980825,70.66250196097344,21,6,11,-0.7071067811865477,0.7071067811865474,-0.7818314824680299,0.6234898018587334,-0.5000000000000004,0.8660254037844384,0.0,0.0,0.0,18.4,37.175,100.0,99.25,8.25,8.389241,2.575,8.35,19.075925936666668,43.15,42.4,42.03333333333333,42.0,43.0,-8.501111106666663,-0.0203703366666694,-0.0099999999999997,10.403333333333334,10.540666666666665,18.99012343555556,10.412444444444448,6.984908,6.9933167,6.972355,7.00235,7.0355916,0,2.0,1,0.5,-0.88,21.2,78.8
2022-11-27 22:00:00,128.267924677776,0.0,0.0,19.075925936666668,10.540666666666665,43.0,0,5.1764362714980825,70.66250196097344,22,6,11,-0.5000000000000004,0.8660254037844384,-0.7818314824680299,0.6234898018587334,-0.5000000000000004,0.8660254037844384,0.0,0.0,0.0,19.9,40.7,100.0,99.0,8.4,8.449138,2.8,8.5,18.9277778,43.15,43.15,42.4,42.03333333333333,43.05,-8.535259270000003,0.1814814966666702,0.1473333333333304,10.393333333333334,10.754,18.961728384444445,10.44577777777778,7.0355916,6.984908,6.9933167,6.972355,6.9824553,1,2.0,1,0.5,-0.83,19.7,80.3
2022-11-27 22:15:00,151.514217072218,0.0,0.0,18.9277778,10.754,43.05,0,5.1764362714980825,70.66250196097344,22,6,11,-0.5000000000000004,0.8660254037844384,-0.7818314824680299,0.6234898018587334,-0.5000000000000004,0.8660254037844384,0.0,0.0,0.0,20.025,41.05,100.0,99.25,8.4,8.470473,2.425,8.5,18.785185206666664,43.0,43.15,43.15,42.4,43.46666666666667,-8.173777800000002,-0.1481481366666663,0.2133333333333347,10.540666666666665,10.774666666666668,18.96604939222222,10.562666666666669,6.9824553,7.0355916,6.984908,6.9933167,6.990886,0,2.0,0,0.5,-0.87,20.9,79.1
2022-11-27 22:30:00,224.470187400004,90.679150455556,90.689705583334,18.785185206666664,10.774666666666668,43.46666666666667,2,5.1764362714980825,70.66250196097344,22,6,11,-0.5000000000000004,0.8660254037844384,-0.7818314824680299,0.6234898018587334,-0.5000000000000004,0.8660254037844384,0.0,0.0,0.0,20.15,41.400000000000006,100.0,99.5,8.4,8.49181,2.05,8.5,18.94444445,43.05,43.0,43.15,43.15,43.5,-8.010518539999998,-0.1425925933333367,0.020666666666667,10.754,10.955333333333334,18.929629647777777,10.68977777777778,6.990886,6.9824553,7.0355916,6.984908,7.0623884,0,2.0,1,0.5,-0.9,22.1,77.9
2022-11-27 22:45:00,192.12342592222,44.983478405554,44.990422627774,18.94444445,10.955333333333334,43.5,1,5.1764362714980825,70.66250196097344,22,6,11,-0.5000000000000004,0.8660254037844384,-0.7818314824680299,0.6234898018587334,-0.5000000000000004,0.8660254037844384,0.0,0.0,0.0,20.275,41.75,100.0,99.75,8.4,8.513146,1.675,8.5,19.04087299214285,43.46666666666667,43.05,43.0,43.15,43.69642857142857,-7.989111116666665,0.1592592433333344,0.1806666666666672,10.774666666666668,11.092142857142855,18.885802485555555,10.828000000000005,7.0623884,6.990886,6.9824553,7.0355916,7.134771,0,2.0,1,0.5,-0.86,20.7,79.3
2022-11-27 23:00:00,140.026898816662,0.0,0.0,19.04087299214285,11.092142857142855,43.69642857142857,0,5.1764362714980825,70.66250196097344,23,6,11,-0.2588190451025215,0.965925826289068,-0.7818314824680299,0.6234898018587334,-0.5000000000000004,0.8660254037844384,0.0,0.0,0.0,20.4,42.1,100.0,100.0,8.4,8.534482,1.3,8.5,18.855952350714286,43.5,43.46666666666667,43.05,43.0,44.0,-7.948730134999998,0.0964285421428563,0.1368095238095232,10.955333333333334,11.070714285714288,18.92350088293651,10.940714285714288,7.134771,7.0623884,6.990886,6.9824553,7.1063232,1,2.0,1,0.5,-0.84,19.8,80.2
2022-11-27 23:15:00,108.921754072222,0.0,0.0,18.855952350714286,11.070714285714288,44.0,0,5.1764362714980825,70.66250196097344,23,6,11,-0.2588190451025215,0.965925826289068,-0.7818314824680299,0.6234898018587334,-0.5000000000000004,0.8660254037844384,0.0,0.0,0.0,20.675,43.175,100.0,98.0,8.35,8.485377,1.0,8.725,18.758730160714286,43.69642857142857,43.5,43.46666666666667,43.05,44.19642857142857,-7.785238065,-0.1849206414285689,-0.0214285714285704,11.092142857142855,11.047142857142855,18.94708993095238,11.039396825396828,7.1063232,7.134771,7.0623884,6.990886,7.0971456,0,2.0,0,0.5,-0.88,21.4,78.6
2022-11-27 23:30:00,104.980800649998,0.0,0.0,18.758730160714286,11.047142857142855,44.19642857142857,0,5.1764362714980825,70.66250196097344,23,6,11,-0.2588190451025215,0.965925826289068,-0.7818314824680299,0.6234898018587334,-0.5000000000000004,0.8660254037844384,0.0,0.0,0.0,20.95,44.25,100.0,96.0,8.3,8.432819,0.7000000000000001,8.95,18.6888889,44.0,43.69642857142857,43.5,43.46666666666667,44.45,-7.711587303571429,-0.0972221900000001,-0.0235714285714294,11.070714285714288,10.902666666666669,18.88518516785714,11.070000000000002,7.0971456,7.1063232,7.134771,7.0623884,7.108439,0,3.0,0,0.25,-0.9,22.2,77.8
2022-11-27 23:45:00,155.091851644444,59.516230388888005,59.526785549998,18.6888889,10.902666666666669,44.45,1,5.1764362714980825,70.66250196097344,23,6,11,-0.2588190451025215,0.965925826289068,-0.7818314824680299,0.6234898018587334,-0.5000000000000004,0.8660254037844384,0.0,0.0,0.0,21.225,45.325,100.0,94.0,8.25,8.376727,0.4,9.175,18.846825404285717,44.19642857142857,44.0,43.69642857142857,43.5,43.84285714285714,-7.786222233333332,-0.0698412607142877,-0.1444761904761904,11.047142857142855,10.603571428571428,18.767857137142855,11.006841269841273,7.108439,7.0971456,7.1063232,7.134771,7.0771265,0,3.0,1,0.25,-0.92,22.8,77.2
2022-11-28 00:00:00,141.505728494442,47.258665144444,47.268109249998,18.846825404285717,10.603571428571428,43.84285714285714,1,5.1764362714980825,70.66250196097344,0,0,11,0.0,1.0,0.0,1.0,-0.5000000000000004,0.8660254037844384,0.0,0.0,0.0,21.5,46.4,100.0,92.0,8.2,8.317022,0.1,9.4,19.00555557,44.45,44.19642857142857,44.0,43.69642857142857,43.45,-8.243253975714286,0.1579365042857148,-0.2990952380952389,10.902666666666669,10.226,18.764814821666665,10.851126984126983,7.0771265,7.108439,7.0971456,7.1063232,7.079766,0,2.0,0,0.5,-0.88,21.5,78.5
2022-11-28 00:15:00,100.59542052222,0.0,0.0,19.00555557,10.226,43.45,0,5.1764362714980825,70.66250196097344,0,0,11,0.0,1.0,0.0,1.0,-0.5000000000000004,0.8660254037844384,0.0,0.0,0.0,21.3,45.775,97.0,91.5,8.075,8.245499,0.075,9.35,18.835185183333333,43.84285714285714,44.45,44.19642857142857,44.0,43.21666666666667,-8.779555570000003,0.1587301657142887,-0.3775714285714286,10.603571428571428,9.429333333333334,18.84708995809524,10.5774126984127,7.079766,7.0771265,7.108439,7.0971456,6.9712515,1,2.0,1,0.5,-0.85,20.2,79.8
2022-11-28 00:30:00,75.034498549998,0.0,0.0,18.835185183333333,9.429333333333334,43.21666666666667,0,5.1764362714980825,70.66250196097344,0,0,11,0.0,1.0,0.0,1.0,-0.5000000000000004,0.8660254037844384,0.0,0.0,0.0,21.1,45.15,94.0,91.0,7.949999999999999,8.1743355,0.05,9.3,18.65555554,43.45,43.84285714285714,44.45,44.19642857142857,43.15,-9.40585185,-0.1703703866666686,-0.7966666666666651,10.226,8.480666666666668,18.895855385873016,10.08630158730159,6.9712515,7.079766,7.0771265,7.108439,6.8869476,0,2.0,0,0.5,-0.89,21.7,78.3
2022-11-28 00:45:00,128.005435211108,76.33389097222201,76.353334644444,18.65555554,8.480666666666668,43.15,2,5.1764362714980825,70.66250196097344,0,0,11,0.0,1.0,0.0,1.0,-0.5000000000000004,0.8660254037844384,0.0,0.0,0.0,20.9,44.525,91.0,90.5,7.825,8.103528,0.0249999999999999,9.25,18.83703704,43.21666666666667,43.45,43.84285714285714,44.45,42.81666666666667,-10.174888873333334,-0.1796296433333317,-0.948666666666666,9.429333333333334,8.111333333333333,18.83209876444445,9.37866666666667,6.8869476,6.9712515,7.079766,7.0771265,6.907481,0,2.0,1,0.5,-0.93,23.3,76.7
2022-11-28 01:00:00,121.520139033332,65.177948344444,65.194336572222,18.83703704,8.111333333333333,42.81666666666667,1,5.1764362714980825,70.66250196097344,1,0,11,0.2588190451025207,0.9659258262890684,0.0,1.0,-0.5000000000000004,0.8660254037844384,0.0,0.0,0.0,20.7,43.9,88.0,90.0,7.7,8.033082,0.0,9.2,18.99444446,43.15,43.21666666666667,43.45,43.84285714285714,42.45,-10.725703706666666,0.1814814999999967,-0.3693333333333353,8.480666666666668,7.782,18.775925921111117,8.673777777777781,6.907481,6.8869476,6.9712515,7.079766,6.912289,0,2.0,1,0.5,-0.89,21.8,78.2
2022-11-28 01:15:00,578.0635432166661,0.0,0.0,18.99444446,7.782,42.45,0,5.1764362714980825,70.66250196097344,1,0,11,0.2588190451025207,0.9659258262890684,0.0,1.0,-0.5000000000000004,0.8660254037844384,0.0,0.0,0.0,21.275,45.175,91.0,90.5,7.4,7.8863444,0.0,8.825,18.751851876666667,42.81666666666667,43.15,43.21666666666667,43.45,42.03333333333333,-11.21244446,0.1574074200000019,-0.3293333333333326,8.111333333333333,7.388000000000001,18.82901234666667,8.12466666666667,6.912289,6.907481,6.8869476,6.9712515,6.747047,1,2.0,1,0.5,-0.86,20.5,79.5
2022-11-28 01:30:00,101.680654877776,20.223079961110003,20.233079577776,18.751851876666667,7.388000000000001,42.03333333333333,1,5.1764362714980825,70.66250196097344,1,0,11,0.2588190451025207,0.9659258262890684,0.0,1.0,-0.5000000000000004,0.8660254037844384,0.0,0.0,0.0,21.85,46.45,94.0,91.0,7.1,7.7414823,0.0,8.45,18.70000003,42.45,42.81666666666667,43.15,43.21666666666667,42.3,-11.363851876666663,-0.2425925833333337,-0.3939999999999992,7.782,7.083333333333333,18.86111112555556,7.760444444444446,6.747047,6.912289,6.907481,6.8869476,6.76906,0,1.0,1,0.75,-0.91,22.7,77.3
2022-11-28 01:45:00,166.336679716662,96.129765788888,96.149764988888,18.70000003,7.083333333333333,42.3,2,5.1764362714980825,70.66250196097344,1,0,11,0.2588190451025207,0.9659258262890684,0.0,1.0,-0.5000000000000004,0.8660254037844384,0.0,0.0,0.0,22.425,47.725,97.0,91.5,6.8,7.598489,0.0,8.075,18.980952382857144,42.03333333333333,42.45,42.81666666666667,43.15,41.832142857142856,-11.61666669666667,-0.0518518466666648,-0.3046666666666677,7.388000000000001,6.887142857142857,18.815432122222223,7.41777777777778,6.76906,6.747047,6.912289,6.907481,6.8062587,0,1.0,1,0.75,-0.93,23.1,76.9
2022-11-28 02:00:00,59.727610833332,0.0,0.0,18.980952382857144,6.887142857142857,41.832142857142856,0,5.1764362714980825,70.66250196097344,2,0,11,0.4999999999999999,0.8660254037844387,0.0,1.0,-0.5000000000000004,0.8660254037844384,0.0,0.0,0.0,23.0,49.0,100.0,92.0,6.5,7.4573627,0.0,7.7,18.83333335,42.3,42.03333333333333,42.45,42.81666666666667,41.5,-12.093809525714288,0.2809523528571418,-0.196190476190476,7.083333333333333,6.708666666666667,18.810934763174604,7.119492063492065,6.8062587,6.76906,6.747047,6.912289,6.6936026,1,2.0,1,0.5,-0.86,20.7,79.3
2022-11-28 02:15:00,93.147385072222,31.8062277,31.81983832222,18.83333335,6.708666666666667,41.5,1,5.1764362714980825,70.66250196097344,2,0,11,0.4999999999999999,0.8660254037844387,0.0,1.0,-0.5000000000000004,0.8660254037844384,0.0,0.0,0.0,22.1,48.9,100.0,92.5,6.2,7.3180943,0.025,7.325,18.74761907285714,41.832142857142856,42.3,42.03333333333333,42.45,41.5,-12.124666683333334,-0.1476190328571434,-0.1784761904761902,6.887142857142857,6.5,18.83809525428572,6.893047619047621,6.6936026,6.8062587,6.76906,6.747047,6.659772,0,1.0,1,0.75,-0.9,22.0,78.0
2022-11-28 02:30:00,131.676677105558,84.034416255556,84.05219327778,18.74761907285714,6.5,41.5,2,5.1764362714980825,70.66250196097344,2,0,11,0.4999999999999999,0.8660254037844387,0.0,1.0,-0.5000000000000004,0.8660254037844384,0.0,0.0,0.0,21.2,48.8,100.0,93.0,5.9,7.180679,0.05,6.95,18.953571427857145,41.5,41.832142857142856,42.3,42.03333333333333,41.12857142857143,-12.24761907285714,-0.0857142771428591,-0.2086666666666667,6.708666666666667,6.242142857142857,18.853968268571432,6.698603174603178,6.659772,6.6936026,6.8062587,6.76906,6.680976,0,1.0,1,0.75,-0.92,22.8,77.2
2022-11-28 02:45:00,61.218106711112,0.0,0.0,18.953571427857145,6.242142857142857,41.12857142857143,0,5.1764362714980825,70.66250196097344,2,0,11,0.4999999999999999,0.8660254037844387,0.0,1.0,-0.5000000000000004,0.8660254037844384,0.0,0.0,0.0,20.3,48.7,100.0,93.5,5.6,7.04511,0.075,6.575,18.783333326666664,41.5,41.5,41.832142857142856,42.3,41.0,-12.711428570714288,0.2059523550000044,-0.2578571428571425,6.5,6.069999999999999,18.84484128357143,6.483603174603178,6.680976,6.659772,6.6936026,6.8062587,6.593442,1,2.0,1,0.5,-0.87,21.1,78.9
2022-11-28 03:00:00,114.897348388888,36.937411327778,36.952133038886,18.783333326666664,6.069999999999999,41.0,1,5.1764362714980825,70.66250196097344,3,0,11,0.7071067811865476,0.7071067811865476,0.0,1.0,-0.5000000000000004,0.8660254037844384,0.0,0.0,0.0,19.4,48.6,100.0,94.0,5.3,6.9113812,0.1,6.2,18.73690475714286,41.12857142857143,41.5,41.5,41.832142857142856,40.94642857142857,-12.713333326666664,-0.1702381011904812,-0.172142857142858,6.242142857142857,5.762142857142857,18.828174609126982,6.270714285714289,6.593442,6.680976,6.659772,6.6936026,6.5667734,0,1.0,1,0.75,-0.91,22.6,77.4
2022-11-28 03:15:00,129.437600088888,70.6346745,70.65189606111,18.73690475714286,5.762142857142857,40.94642857142857,1,5.1764362714980825,70.66250196097344,3,0,11,0.7071067811865476,0.7071067811865476,0.0,1.0,-0.5000000000000004,0.8660254037844384,0.0,0.0,0.0,18.875,46.975,100.0,94.0,5.05,6.799136,0.125,5.95,18.940740743333333,41.0,41.12857142857143,41.5,41.5,40.53333333333333,-12.974761900000004,-0.0464285695238047,-0.3078571428571424,6.069999999999999,5.5280000000000005,18.82460317055556,6.024761904761907,6.5667734,6.593442,6.680976,6.659772,6.579299,0,1.0,0,0.75,-0.92,23.0,77.0
2022-11-28 03:30:00,54.229219644444,0.0,0.0,18.940740743333333,5.5280000000000005,40.53333333333333,0,5.1764362714980825,70.66250196097344,3,0,11,0.7071067811865476,0.7071067811865476,0.0,1.0,-0.5000000000000004,0.8660254037844384,0.0,0.0,0.0,18.35,45.35,100.0,94.0,4.8,6.6884875,0.15,5.7,18.78095237357143,40.94642857142857,41.0,41.12857142857143,41.5,40.5,-13.412740743333332,0.203835986190473,-0.2341428571428565,5.762142857142857,5.446428571428571,18.82032627571429,5.786714285714287,6.579299,6.5667734,6.593442,6.680976,6.512118,1,2.0,1,0.5,-0.88,21.3,78.7
2022-11-28 03:45:00,136.079834438886,80.91454103889,80.933151477776,18.78095237357143,5.446428571428571,40.5,2,5.1764362714980825,70.66250196097344,3,0,11,0.7071067811865476,0.7071067811865476,0.0,1.0,-0.5000000000000004,0.8660254037844384,0.0,0.0,0.0,17.825,43.725,100.0,94.0,4.55,6.5794168,0.175,5.45,18.896296303333333,40.53333333333333,40.94642857142857,41.0,41.12857142857143,40.31666666666667,-13.33452380214286,-0.1597883697619018,-0.0815714285714293,5.5280000000000005,5.269333333333333,18.81953262468254,5.578857142857146,6.512118,6.579299,6.5667734,6.593442,6.5269756,0,1.0,1,0.75,-0.92,22.7,77.3
2022-11-28 04:00:00,99.120201816662,42.549686827778,42.564130716666,18.896296303333333,5.269333333333333,40.31666666666667,1,5.1764362714980825,70.66250196097344,4,0,11,0.8660254037844386,0.5000000000000001,0.0,1.0,-0.5000000000000004,0.8660254037844384,0.0,0.0,0.0,17.3,42.1,100.0,94.0,4.3,6.471904,0.2,5.2,18.97222219,40.5,40.53333333333333,40.94642857142857,41.0,39.7,-13.62696297,0.1153439297619023,-0.1770952380952382,5.446428571428571,5.0600000000000005,18.872663140079364,5.414587301587304,6.5269756,6.512118,6.579299,6.5667734,6.4560223,0,1.0,1,0.75,-0.89,21.7,78.3
2022-11-28 04:15:00,70.554399861114,0.0,0.0,18.97222219,5.0600000000000005,39.7,0,5.1764362714980825,70.66250196097344,4,0,11,0.8660254037844386,0.5000000000000001,0.0,1.0,-0.5000000000000004,0.8660254037844384,0.0,0.0,0.0,17.05,40.85,100.0,94.25,4.175,6.4145775,0.2,5.025,18.73703701333333,40.31666666666667,40.5,40.53333333333333,40.94642857142857,39.96666666666667,-13.91222219,0.075925886666667,-0.2093333333333324,5.269333333333333,5.031999999999999,18.88315695563492,5.258587301587304,6.4560223,6.5269756,6.512118,6.579299,6.4096956,1,2.0,1,0.5,-0.88,21.2,78.8
2022-11-28 04:30:00,171.758962733332,100.284044011112,100.304598722224,18.73703701333333,5.031999999999999,39.96666666666667,2,5.1764362714980825,70.66250196097344,4,0,11,0.8660254037844386,0.5000000000000001,0.0,1.0,-0.5000000000000004,0.8660254037844384,0.0,0.0,0.0,16.8,39.6,100.0,94.5,4.05,6.357607,0.2,4.85,18.95000002,39.7,40.31666666666667,40.5,40.53333333333333,39.65,-13.705037013333335,-0.2351851766666648,-0.0280000000000013,5.0600000000000005,4.984,18.868518502222223,5.120444444444447,6.4096956,6.4560223,6.5269756,6.512118,6.4394374,0,1.0,1,0.75,-0.93,23.2,76.8
2022-11-28 04:45:00,81.750896400004,23.672664155556,23.685163655556,18.95000002,4.984,39.65,1,5.1764362714980825,70.66250196097344,4,0,11,0.8660254037844386,0.5000000000000001,0.0,1.0,-0.5000000000000004,0.8660254037844384,0.0,0.0,0.0,16.55,38.35,100.0,94.75,3.925,6.3009925,0.2,4.675,18.922222233333333,39.96666666666667,39.7,40.31666666666667,40.5,39.5,-13.96600002,0.2129630066666656,-0.0479999999999991,5.031999999999999,4.930000000000001,18.88641974111112,5.025333333333335,6.4394374,6.4096956,6.4560223,6.5269756,6.404563,0,1.0,1,0.75,-0.88,21.4,78.6
2022-11-28 05:00:00,68.223104366664,17.930671627778,17.9417823,18.922222233333333,4.930000000000001,39.5,1,5.1764362714980825,70.66250196097344,5,0,11,0.9659258262890684,0.2588190451025207,0.0,1.0,-0.5000000000000004,0.8660254037844384,0.0,0.0,0.0,16.3,37.1,100.0,95.0,3.8,6.244733,0.2,4.5,18.73333336,39.65,39.96666666666667,39.7,40.31666666666667,39.45,-13.992222233333331,-0.0277777866666681,-0.0539999999999993,4.984,4.944000000000001,18.86975308888889,4.982000000000002,6.404563,6.4394374,6.4096956,6.4560223,6.3254485,0,1.0,0,0.75,-0.89,21.7,78.3
2022-11-28 05:15:00,157.804798622224,105.612441966668,105.63299667778,18.73333336,4.944000000000001,39.45,2,5.1764362714980825,70.66250196097344,5,0,11,0.9659258262890684,0.2588190451025207,0.0,1.0,-0.5000000000000004,0.8660254037844384,0.0,0.0,0.0,15.725,36.475,100.0,95.0,3.7,6.2137227,0.175,4.425,18.97777778,39.5,39.65,39.96666666666667,39.7,39.03333333333333,-13.78933336,-0.1888888733333331,0.0140000000000002,4.930000000000001,4.941333333333334,18.868518537777778,4.952666666666669,6.3254485,6.404563,6.4394374,6.4096956,6.3496904,0,0.0,1,1.0,-0.93,23.4,76.6
2022-11-28 05:30:00,77.37634922222401,0.0,0.0,18.97777778,4.941333333333334,39.03333333333333,0,5.1764362714980825,70.66250196097344,5,0,11,0.9659258262890684,0.2588190451025207,0.0,1.0,-0.5000000000000004,0.8660254037844384,0.0,0.0,0.0,15.15,35.85,100.0,95.0,3.6,6.182846,0.15,4.35,18.83333335,39.45,39.5,39.65,39.96666666666667,39.05,-14.036444446666668,0.2444444200000006,-0.0026666666666672,4.944000000000001,4.936666666666667,18.87777779111111,4.938444444444447,6.3496904,6.3254485,6.404563,6.4394374,6.298438,1,1.0,1,0.75,-0.88,21.3,78.7
2022-11-28 05:45:00,101.28872620555,35.122761733332,35.136927866664,18.83333335,4.936666666666667,39.05,1,5.1764362714980825,70.66250196097344,5,0,11,0.9659258262890684,0.2588190451025207,0.0,1.0,-0.5000000000000004,0.8660254037844384,0.0,0.0,0.0,14.575,35.225,100.0,95.0,3.5,6.152106,0.125,4.275,18.755555580000003,39.03333333333333,39.45,39.5,39.65,39.28333333333333,-13.896666683333333,-0.14444443,-0.0046666666666661,4.941333333333334,4.94,18.84814816333333,4.94066666666667,6.298438,6.3496904,6.3254485,6.404563,6.3070087,0,1.0,1,0.75,-0.91,22.5,77.5
2022-11-28 06:00:00,145.191136605554,88.073421372222,88.092587255556,18.755555580000003,4.94,39.28333333333333,2,5.1764362714980825,70.66250196097344,6,0,11,1.0,6.123233995736766e-17,0.0,1.0,-0.5000000000000004,0.8660254037844384,0.0,0.0,0.0,14.0,34.6,100.0,95.0,3.4,6.1214976,0.1,4.2,18.94444445,39.05,39.03333333333333,39.45,39.5,39.0,-13.815555580000002,-0.0777777699999973,0.0033333333333329,4.936666666666667,4.896,18.855555570000003,4.9393333333333365,6.3070087,6.298438,6.3496904,6.3254485,6.3317957,0,1.0,1,0.75,-0.93,23.2,76.8
2022-11-28 06:15:00,66.322624772222,0.0,0.0,18.94444445,4.896,39.0,0,5.1764362714980825,70.66250196097344,6,0,11,1.0,6.123233995736766e-17,0.0,1.0,-0.5000000000000004,0.8660254037844384,0.0,0.0,0.0,13.8,33.425,100.0,95.0,3.35,6.1011677,0.1,4.15,18.751851876666667,39.28333333333333,39.05,39.03333333333333,39.45,39.0,-14.048444449999998,0.188888869999996,-0.0440000000000004,4.94,4.778666666666667,18.84444446,4.924222222222225,6.3317957,6.3070087,6.298438,6.3496904,6.260146,1,2.0,1,0.5,-0.89,21.6,78.4
2022-11-28 06:30:00,125.666084272222,74.06425956111,74.082036649998,18.751851876666667,4.778666666666667,39.0,2,5.1764362714980825,70.66250196097344,6,0,11,1.0,6.123233995736766e-17,0.0,1.0,-0.5000000000000004,0.8660254037844384,0.0,0.0,0.0,13.6,32.25,100.0,95.0,3.3,6.0808954,0.1,4.1,18.83333335,39.0,39.28333333333333,39.05,39.03333333333333,38.95,-13.97318521,-0.1925925733333322,-0.1173333333333328,4.896,4.764,18.81728396888889,4.871555555555559,6.260146,6.3317957,6.3070087,6.298438,6.282309,0,1.0,1,0.75,-0.93,23.3,76.7
2022-11-28 06:45:00,101.440386588892,51.250172144444,51.266004827778,18.83333335,4.764,38.95,1,5.1764362714980825,70.66250196097344,6,0,11,1.0,6.123233995736766e-17,0.0,1.0,-0.5000000000000004,0.8660254037844384,0.0,0.0,0.0,13.4,31.075,100.0,95.0,3.25,6.060683,0.1,4.05,18.91111112,39.0,39.0,39.28333333333333,39.05,38.53333333333333,-14.069333349999996,0.08148147333333,-0.0146666666666668,4.778666666666667,4.760000000000001,18.843209892222223,4.812888888888891,6.282309,6.260146,6.3317957,6.3070087,6.2437286,0,1.0,1,0.75,-0.91,22.6,77.4
2022-11-28 07:00:00,234.817551372222,11.424820772222,11.436209183334,18.91111112,4.760000000000001,38.53333333333333,1,5.1764362714980825,70.66250196097344,7,0,11,0.9659258262890684,-0.2588190451025206,0.0,1.0,-0.5000000000000004,0.8660254037844384,0.0,0.0,0.0,13.2,29.9,100.0,95.0,3.2,6.0405283,0.1,4.0,18.72222225,38.95,39.0,39.0,39.28333333333333,38.5,-14.151111119999996,0.0777777700000008,-0.0039999999999995,4.764,4.793333333333334,18.83209878222222,4.767555555555558,6.2437286,6.282309,6.260146,6.3317957,6.1690683,0,1.0,0,0.75,-0.9,22.0,78.0
2022-11-28 07:15:00,354.899692344444,111.198329672222,111.2213843,18.72222225,4.793333333333334,38.5,2,5.1764362714980825,70.66250196097344,7,0,11,0.9659258262890684,-0.2588190451025206,0.0,1.0,-0.5000000000000004,0.8660254037844384,0.0,0.0,0.0,13.15,29.35,100.0,95.0,3.2750000000000004,6.060683,0.1,4.05,18.894444436666667,38.53333333333333,38.95,39.0,39.0,38.5,-13.928888916666669,-0.188888869999996,0.0333333333333332,4.760000000000001,4.697333333333333,18.82222224,4.772444444444448,6.1690683,6.2437286,6.282309,6.260146,6.232189,0,0.0,1,1.0,-0.94,23.7,76.3
2022-11-28 07:30:00,55.37722932222,0.0,0.0,18.894444436666667,4.697333333333333,38.5,0,5.1764362714980825,70.66250196097344,7,0,11,0.9659258262890684,-0.2588190451025206,0.0,1.0,-0.5000000000000004,0.8660254037844384,0.0,0.0,0.0,13.1,28.8,100.0,95.0,3.35,6.0808954,0.1,4.1,18.78888886,38.5,38.53333333333333,38.95,39.0,38.5,-14.197111103333334,0.1722221866666657,-0.0960000000000009,4.793333333333334,4.642,18.842592602222226,4.750222222222225,6.232189,6.1690683,6.2437286,6.282309,6.193437,1,1.0,1,0.75,-0.9,22.1,77.9
2022-11-28 07:45:00,114.013772633332,58.570434888888,58.586823166664,18.78888886,4.642,38.5,1,5.1764362714980825,70.66250196097344,7,0,11,0.9659258262890684,-0.2588190451025206,0.0,1.0,-0.5000000000000004,0.8660254037844384,0.0,0.0,0.0,13.05,28.25,100.0,95.0,3.425,6.1011677,0.1,4.15,18.844907395,38.5,38.5,38.53333333333333,38.95,38.27916666666667,-14.14688886,-0.1055555766666671,-0.0553333333333334,4.697333333333333,4.6725,18.80185184888889,4.710888888888891,6.193437,6.232189,6.1690683,6.2437286,6.178334,0,1.0,1,0.75,-0.92,23.1,76.9
2022-11-28 08:00:00,83.11584186666799,38.3526325,38.364576455556,18.844907395,4.6725,38.27916666666667,1,5.1764362714980825,70.66250196097344,8,0,11,0.8660254037844387,-0.4999999999999998,0.0,1.0,-0.5000000000000004,0.8660254037844384,0.0,0.0,0.0,13.0,27.7,100.0,95.0,3.5,6.1214976,0.1,4.2,18.90555556,38.5,38.5,38.5,38.53333333333333,38.0,-14.172407395,0.0560185349999997,0.0305000000000008,4.642,4.704,18.842746897222224,4.670611111111113,6.178334,6.193437,6.232189,6.1690683,6.155291,0,1.0,0,0.75,-0.91,22.6,77.4
2022-11-28 08:15:00,54.019505899996,0.0,0.0,18.90555556,4.704,38.0,0,5.1764362714980825,70.66250196097344,8,0,11,0.8660254037844387,-0.4999999999999998,0.0,1.0,-0.5000000000000004,0.8660254037844384,1.25,0.3125,0.1041666666666666,13.25,27.875,100.0,95.0,3.475,6.1214976,0.125,4.2,18.71296296333333,38.27916666666667,38.5,38.5,38.5,38.18333333333333,-14.20155556,0.0606481649999999,0.0314999999999994,4.6725,4.594666666666667,18.846450605,4.672833333333336,6.155291,6.178334,6.193437,6.232189,6.1149774,1,2.0,1,0.5,-0.9,22.1,77.9
2022-11-28 08:30:00,176.478496111112,108.022067811112,108.044844666668,18.71296296333333,4.594666666666667,38.18333333333333,2,5.1764362714980825,70.66250196097344,8,0,11,0.8660254037844387,-0.4999999999999998,0.0,1.0,-0.5000000000000004,0.8660254037844384,2.5,0.9375,0.3125,13.5,28.05,100.0,95.0,3.45,6.1214976,0.15,4.2,18.85555554,38.0,38.27916666666667,38.5,38.5,38.15,-14.118296296666664,-0.1925925966666675,-0.1093333333333328,4.704,4.492,18.821141972777777,4.657055555555558,6.1149774,6.155291,6.178334,6.193437,6.161361,0,1.0,1,0.75,-0.94,23.8,76.2
2022-11-28 08:45:00,88.81894701667,14.329426800000002,14.342481844444,18.85555554,4.492,38.15,1,5.1764362714980825,70.66250196097344,8,0,11,0.8660254037844387,-0.4999999999999998,0.0,1.0,-0.5000000000000004,0.8660254037844384,3.75,1.875,0.625,13.75,28.225,100.0,95.0,3.425,6.1214976,0.175,4.2,18.811111126666667,38.18333333333333,38.0,38.27916666666667,38.5,38.0,-14.36355554,0.1425925766666687,-0.1026666666666669,4.594666666666667,4.484,18.824691354444443,4.596888888888891,6.161361,6.1149774,6.155291,6.178334,6.1210375,0,1.0,1,0.75,-0.91,22.5,77.5
2022-11-28 09:00:00,82.884740161106,30.049353544444,30.06407522222,18.811111126666667,4.484,38.0,1,5.1764362714980825,70.66250196097344,9,0,11,0.7071067811865476,-0.7071067811865475,0.0,1.0,-0.5000000000000004,0.8660254037844384,5.0,3.125,1.0416666666666667,14.0,28.4,100.0,95.0,3.4,6.1214976,0.2,4.2,18.69047622142857,38.15,38.18333333333333,38.0,38.27916666666667,38.05357142857143,-14.327111126666669,-0.0444444133333341,-0.008,4.492,4.4957142857142856,18.79320987666667,4.523555555555558,6.1210375,6.161361,6.1149774,6.155291,6.0860953,0,1.0,0,0.75,-0.92,23.0,77.0
2022-11-28 09:15:00,469.92731332222,75.381706844444,75.40031721666601,18.69047622142857,4.4957142857142856,38.05357142857143,2,5.1764362714980825,70.66250196097344,9,0,11,0.7071067811865476,-0.7071067811865475,0.0,1.0,-0.5000000000000004,0.8660254037844384,9.5,5.1875,1.8333333333333333,14.2,29.125,100.0,95.0,3.375,6.1113257,0.2,4.175,18.83333335,38.0,38.15,38.18333333333333,38.0,38.46666666666667,-14.194761935714286,-0.120634905238095,0.0117142857142855,4.484,4.496,18.785714296031745,4.490571428571431,6.0860953,6.1210375,6.161361,6.1149774,6.2043514,0,0.0,1,1.0,-0.95,24.1,75.9
2022-11-28 09:30:00,695.0363641333321,0.0,0.0,18.83333335,4.496,38.46666666666667,0,5.1764362714980825,70.66250196097344,9,0,11,0.7071067811865476,-0.7071067811865475,0.0,1.0,-0.5000000000000004,0.8660254037844384,14.0,8.0625,3.0,14.4,29.85,100.0,95.0,3.35,6.1011677,0.2,4.15,18.67222222,38.05357142857143,38.0,38.15,38.18333333333333,38.85,-14.337333349999998,0.1428571285714248,0.000285714285714,4.4957142857142856,4.438000000000001,18.77830689936508,4.491904761904764,6.2043514,6.0860953,6.1210375,6.161361,6.2067657,1,1.0,1,0.75,-0.91,22.7,77.3
2022-11-28 09:45:00,422.449768033332,102.406736916666,102.432569249998,18.67222222,4.438000000000001,38.85,2,5.1764362714980825,70.66250196097344,9,0,11,0.7071067811865476,-0.7071067811865475,0.0,1.0,-0.5000000000000004,0.8660254037844384,18.5,11.75,4.541666666666667,14.6,30.575,100.0,95.0,3.325,6.091024,0.2,4.125,18.753174577857145,38.46666666666667,38.05357142857143,38.0,38.15,38.825,-14.234222219999998,-0.1611111299999983,-0.0579999999999989,4.496,4.305714285714286,18.732010597142857,4.476571428571431,6.2067657,6.2043514,6.0860953,6.1210375,6.2325444,0,1.0,1,0.75,-0.95,24.1,75.9
2022-11-28 10:00:00,139.823018005554,30.912374572222,30.927929516666,18.753174577857145,4.305714285714286,38.825,1,5.1764362714980825,70.66250196097344,10,0,11,0.4999999999999999,-0.8660254037844387,0.0,1.0,-0.5000000000000004,0.8660254037844384,23.0,16.25,6.458333333333333,14.8,31.3,100.0,95.0,3.3,6.0808954,0.2,4.1,18.70555557,38.85,38.46666666666667,38.05357142857143,38.0,39.7,-14.44746029214286,0.0809523578571465,-0.1322857142857145,4.438000000000001,4.1866666666666665,18.75291004928572,4.413238095238098,6.2325444,6.2067657,6.2043514,6.0860953,6.3550835,0,1.0,1,0.75,-0.93,23.3,76.7
2022-11-28 10:15:00,955.895095966668,0.0,0.0,18.70555557,4.1866666666666665,39.7,0,5.1764362714980825,70.66250196097344,10,0,11,0.4999999999999999,-0.8660254037844387,0.0,1.0,-0.5000000000000004,0.8660254037844384,32.25,21.9375,9.145833333333334,14.55,31.4,100.0,94.5,3.25,6.0488906,0.2,4.1,18.52222223333333,38.825,38.85,38.46666666666667,38.05357142857143,41.03333333333333,-14.518888903333334,-0.0476190078571434,-0.1190476190476195,4.305714285714286,4.19,18.71031745595238,4.310126984126987,6.3550835,6.2325444,6.2067657,6.2043514,6.497617,1,2.0,1,0.5,-0.94,23.6,76.4
2022-11-28 10:30:00,604.444710227774,0.0,0.0,18.52222223333333,4.19,41.03333333333333,0,5.1764362714980825,70.66250196097344,10,0,11,0.4999999999999999,-0.8660254037844387,0.0,1.0,-0.5000000000000004,0.8660254037844384,41.5,28.8125,12.604166666666666,14.3,31.5,100.0,94.0,3.2,6.0168858,0.2,4.1,18.3833333,39.7,38.825,38.85,38.46666666666667,40.25,-14.332222233333331,-0.1833333366666707,0.0033333333333329,4.1866666666666665,4.073333333333333,18.660317460396826,4.22746031746032,6.497617,6.3550835,6.2325444,6.2067657,6.3213215,0,2.0,0,0.5,-0.97,25.0,75.0
2022-11-28 10:45:00,1232.160433894442,92.75434526111,92.776288849998,18.3833333,4.073333333333333,40.25,2,5.1764362714980825,70.66250196097344,10,0,11,0.4999999999999999,-0.8660254037844387,0.0,1.0,-0.5000000000000004,0.8660254037844384,50.75,36.875,16.833333333333332,14.05,31.6,100.0,93.5,3.15,5.984881,0.2,4.1,18.57037036,41.03333333333333,39.7,38.825,38.85,40.56666666666667,-14.309999966666666,-0.1388889333333303,-0.1166666666666662,4.19,4.084666666666666,18.537037034444445,4.150000000000002,6.3213215,6.497617,6.3550835,6.2325444,6.4420652,0,2.0,1,0.5,-1.01,26.5,73.5
2022-11-28 11:00:00,349.482131288888,32.727579744444,32.742579144444,18.57037036,4.084666666666666,40.56666666666667,1,5.1764362714980825,70.66250196097344,11,0,11,0.258819045102521,-0.9659258262890682,0.0,1.0,-0.5000000000000004,0.8660254037844384,60.0,46.125,21.83333333333333,13.8,31.7,100.0,93.0,3.1,5.9528766,0.2,4.1,18.58888891,40.25,41.03333333333333,39.7,38.825,39.7,-14.485703693333337,0.1870370600000015,0.0113333333333329,4.073333333333333,4.146,18.49197529777778,4.116000000000002,6.4420652,6.3213215,6.497617,6.3550835,6.3113546,0,2.0,1,0.5,-0.96,24.7,75.3
2022-11-28 11:15:00,95.049253427778,24.874282772222,24.8881711,18.58888891,4.146,39.7,1,5.1764362714980825,70.66250196097344,11,0,11,0.258819045102521,-0.9659258262890682,0.0,1.0,-0.5000000000000004,0.8660254037844384,68.75,55.25,27.45833333333333,13.85,31.325,100.0,92.0,2.95,5.8888674,0.2,4.1,18.44074075,40.56666666666667,40.25,41.03333333333333,39.7,40.15,-14.442888909999995,0.018518549999996,0.0613333333333336,4.084666666666666,4.165333333333333,18.514197523333333,4.101333333333336,6.3113546,6.4420652,6.3213215,6.497617,6.327117,0,1.0,0,0.75,-0.96,24.7,75.3
2022-11-28 11:30:00,203.632132122224,132.967181083334,132.991902311112,18.44074075,4.165333333333333,40.15,2,5.1764362714980825,70.66250196097344,11,0,11,0.258819045102521,-0.9659258262890682,0.0,1.0,-0.5000000000000004,0.8660254037844384,77.5,64.25,33.708333333333336,13.9,30.95,100.0,91.0,2.8,5.8248577,0.2,4.1,18.64999999,39.7,40.56666666666667,40.25,41.03333333333333,40.05,-14.275407416666669,-0.148148159999998,0.0193333333333329,4.146,4.091333333333333,18.53333334,4.132000000000002,6.327117,6.3113546,6.4420652,6.3213215,6.390072,0,0.0,1,1.0,-1.0,26.0,74.0
2022-11-28 11:45:00,94.425667272222,31.957610544444,31.972054416666,18.64999999,4.091333333333333,40.05,1,5.1764362714980825,70.66250196097344,11,0,11,0.258819045102521,-0.9659258262890682,0.0,1.0,-0.5000000000000004,0.8660254037844384,86.25,73.125,40.583333333333336,13.95,30.575,100.0,90.0,2.65,5.760848,0.2,4.1,18.57323231909091,40.15,39.7,40.56666666666667,40.25,39.06363636363636,-14.558666656666668,0.2092592400000015,-0.0739999999999998,4.165333333333333,4.032727272727272,18.55987655,4.134222222222225,6.390072,6.327117,6.3113546,6.4420652,6.2044325,0,0.0,1,1.0,-0.95,24.0,76.0
2022-11-28 12:00:00,76.70387622222,28.0313787,28.040822772222,18.57323231909091,4.032727272727272,39.06363636363636,1,5.1764362714980825,70.66250196097344,12,0,11,1.2246467991473532e-16,-1.0,0.0,1.0,-0.5000000000000004,0.8660254037844384,95.0,81.875,48.083333333333336,14.0,30.2,100.0,89.0,2.5,5.6968384,0.2,4.1,18.47222218,40.05,40.15,39.7,40.56666666666667,39.0,-14.540505046363638,-0.076767670909092,-0.0586060606060607,4.091333333333333,4.0986666666666665,18.55465768636364,4.096464646464649,6.2044325,6.390072,6.327117,6.3113546,6.157368,0,0.0,0,1.0,-0.97,24.9,75.1
2022-11-28 12:15:00,189.656302261114,134.49462,134.519619,18.47222218,4.0986666666666665,39.0,2,5.1764362714980825,70.66250196097344,12,0,11,1.2246467991473532e-16,-1.0,0.0,1.0,-0.5000000000000004,0.8660254037844384,109.5,92.0625,56.41666666666666,14.125,31.375,100.0,87.0,2.15,5.56882,0.175,4.1,18.70370368,39.06363636363636,40.05,40.15,39.7,38.63333333333333,-14.373555513333333,-0.1010101390909099,0.0659393939393941,4.032727272727272,4.059333333333333,18.56515149636364,4.074242424242427,6.157368,6.2044325,6.390072,6.327117,6.1836567,0,0.0,1,1.0,-1.0,25.9,74.1
2022-11-28 12:30:00,70.116361866668,0.0,0.0,18.70370368,4.059333333333333,38.63333333333333,0,5.1764362714980825,70.66250196097344,12,0,11,1.2246467991473532e-16,-1.0,0.0,1.0,-0.5000000000000004,0.8660254037844384,124.0,103.6875,65.58333333333333,14.25,32.55,100.0,85.0,1.8,5.440801,0.15,4.1,18.59444446,39.0,39.06363636363636,40.05,40.15,38.0,-14.644370346666667,0.231481500000001,-0.0393333333333334,4.0986666666666665,3.8946666666666663,18.58305272636364,4.06357575757576,6.1836567,6.157368,6.2044325,6.390072,6.0430827,1,1.0,1,0.75,-0.94,23.8,76.2
2022-11-28 12:45:00,130.673383905558,49.698289788888,49.712733677776,18.59444446,3.8946666666666663,38.0,1,5.1764362714980825,70.66250196097344,12,0,11,1.2246467991473532e-16,-1.0,0.0,1.0,-0.5000000000000004,0.8660254037844384,138.5,116.75,75.58333333333333,14.375,33.725,100.0,83.0,1.4500000000000002,5.3127823,0.125,4.1,18.53333332333333,38.63333333333333,39.0,39.06363636363636,40.05,38.0,-14.699777793333332,-0.1092592200000019,-0.1646666666666663,4.059333333333333,3.780666666666667,18.59012344,4.017555555555558,6.0430827,6.1836567,6.157368,6.2044325,6.021251,0,1.0,1,0.75,-0.97,25.0,75.0
2022-11-28 13:00:00,198.460116811112,138.29391243889,138.318911455556,18.53333332333333,3.780666666666667,38.0,2,5.1764362714980825,70.66250196097344,13,0,11,-0.2588190451025208,-0.9659258262890684,0.0,1.0,-0.5000000000000004,0.8660254037844384,153.0,131.25,86.41666666666667,14.5,34.9,100.0,81.0,1.1,5.184763,0.1,4.1,18.76666666,38.0,38.63333333333333,39.0,39.06363636363636,37.6,-14.752666656666667,-0.0611111366666641,-0.1139999999999998,3.8946666666666663,3.678,18.61049382111111,3.9115555555555575,6.021251,6.0430827,6.1836567,6.157368,6.0407133,0,1.0,1,0.75,-0.99,25.6,74.4
2022-11-28 13:15:00,58.583489949998,0.0,0.0,18.76666666,3.678,37.6,0,5.1764362714980825,70.66250196097344,13,0,11,-0.2588190451025208,-0.9659258262890684,0.0,1.0,-0.5000000000000004,0.8660254037844384,153.5,142.25,96.52083333333331,14.575,34.9,100.0,79.5,0.875,5.0887494,0.1,4.1,18.596296296666665,38.0,38.0,38.63333333333333,39.0,37.03333333333333,-15.088666659999998,0.2333333366666643,-0.1026666666666669,3.780666666666667,3.646,18.631481481111116,3.784444444444447,6.0407133,6.021251,6.0430827,6.1836567,5.890001,1,2.0,1,0.5,-0.93,23.4,76.6
2022-11-28 13:30:00,135.75706941667,72.953748366668,72.971247666668,18.596296296666665,3.646,37.03333333333333,2,5.1764362714980825,70.66250196097344,13,0,11,-0.2588190451025208,-0.9659258262890684,0.0,1.0,-0.5000000000000004,0.8660254037844384,154.0,149.75,105.89583333333331,14.65,34.9,100.0,78.0,0.65,4.992735,0.1,4.1,18.5722222,37.6,38.0,38.0,38.63333333333333,37.25,-14.950296296666664,-0.1703703633333333,-0.032,3.678,3.614,18.63209876,3.701555555555558,5.890001,6.0407133,6.021251,6.0430827,5.9160213,0,1.0,1,0.75,-0.98,25.2,74.8
2022-11-28 13:45:00,144.601437944444,75.703082872222,75.722248805554,18.5722222,3.614,37.25,2,5.1764362714980825,70.66250196097344,13,0,11,-0.2588190451025208,-0.9659258262890684,0.0,1.0,-0.5000000000000004,0.8660254037844384,154.5,153.75,114.54166666666669,14.725,34.9,100.0,76.5,0.4249999999999999,4.896721,0.1,4.1,18.653703706666665,37.03333333333333,37.6,38.0,38.0,36.56666666666667,-14.958222199999998,-0.0240740966666663,-0.032,3.646,3.6046666666666662,18.645061718888886,3.646000000000002,5.9160213,5.890001,6.0407133,6.021251,5.835575,0,1.0,0,0.75,-0.98,25.3,74.7
2022-11-28 14:00:00,82.895850666668,10.837344272222,10.849843772222,18.653703706666665,3.6046666666666662,36.56666666666667,1,5.1764362714980825,70.66250196097344,14,0,11,-0.4999999999999997,-0.8660254037844388,0.0,1.0,-0.5000000000000004,0.8660254037844384,155.0,154.25,122.45833333333331,14.8,34.9,100.0,75.0,0.2,4.800707,0.1,4.1,18.50555554,37.25,37.03333333333333,37.6,38.0,36.8,-15.049037039999998,0.081481506666666,-0.0093333333333331,3.614,3.349333333333333,18.607407401111107,3.621555555555558,5.835575,5.9160213,5.890001,6.0407133,5.8215184,0,1.0,1,0.75,-0.97,24.7,75.3
2022-11-28 14:15:00,179.893915055556,117.896950583334,117.920838511112,18.50555554,3.349333333333333,36.8,2,5.1764362714980825,70.66250196097344,14,0,11,-0.4999999999999997,-0.8660254037844388,0.0,1.0,-0.5000000000000004,0.8660254037844384,150.0,153.375,129.22916666666666,14.8,34.825,100.0,74.5,0.0499999999999999,4.752851,0.1,4.05,18.724074066666667,36.56666666666667,37.25,37.03333333333333,37.6,36.35,-15.156222206666666,-0.1481481666666653,-0.2553333333333332,3.6046666666666662,3.1853333333333333,18.577160482222222,3.522666666666669,5.8215184,5.835575,5.9160213,5.890001,5.8252006,0,0.0,1,1.0,-1.0,26.1,73.9
2022-11-28 14:30:00,144.105068766672,0.0,0.0,18.724074066666667,3.1853333333333333,36.35,0,5.1764362714980825,70.66250196097344,14,0,11,-0.4999999999999997,-0.8660254037844388,0.0,1.0,-0.5000000000000004,0.8660254037844384,145.0,151.125,134.85416666666666,14.8,34.75,100.0,74.0,-0.1,4.7052536,0.1,4.0,18.66666667,36.8,36.56666666666667,37.25,37.03333333333333,36.4,-15.538740733333334,0.2185185266666671,-0.1640000000000001,3.349333333333333,3.033333333333333,18.62777777111111,3.37977777777778,5.8252006,5.8215184,5.835575,5.9160213,5.813437,1,1.0,1,0.75,-0.95,24.1,75.9
2022-11-28 14:45:00,446.329090522224,91.148298355556,91.168575327778,18.66666667,3.033333333333333,36.4,2,5.1764362714980825,70.66250196097344,14,0,11,-0.4999999999999997,-0.8660254037844388,0.0,1.0,-0.5000000000000004,0.8660254037844384,140.0,147.5,139.33333333333334,14.8,34.675,100.0,73.5,-0.25,4.657914,0.1,3.95,18.764814816666668,36.35,36.8,36.56666666666667,37.25,36.78333333333333,-15.633333336666665,-0.0574073966666688,-0.1520000000000001,3.1853333333333333,2.956,18.63209875888889,3.189333333333336,5.813437,5.8252006,5.8215184,5.835575,5.9088635,0,1.0,1,0.75,-0.96,24.6,75.4
2022-11-28 15:00:00,156.762340305558,84.408567955556,84.429400488888,18.764814816666668,2.956,36.78333333333333,2,5.1764362714980825,70.66250196097344,15,0,11,-0.7071067811865471,-0.7071067811865479,0.0,1.0,-0.5000000000000004,0.8660254037844384,135.0,142.5,142.66666666666666,14.8,34.6,100.0,73.0,-0.4,4.6108313,0.1,3.9,18.81111111,36.4,36.35,36.8,36.56666666666667,36.5,-15.808814816666668,0.09814814666667,-0.0773333333333332,3.033333333333333,3.012,18.71851851777778,3.058222222222225,5.9088635,5.813437,5.8252006,5.8215184,5.8794184,0,1.0,0,0.75,-0.94,23.6,76.4
2022-11-28 15:15:00,116.65977792222,32.304263327778,32.317873883334,18.81111111,3.012,36.5,1,5.1764362714980825,70.66250196097344,15,0,11,-0.7071067811865471,-0.7071067811865479,0.0,1.0,-0.5000000000000004,0.8660254037844384,122.25,135.5625,143.72916666666666,14.7,34.4,100.0,73.0,-0.55,4.5649104,0.075,3.75,18.62222221333333,36.78333333333333,36.4,36.35,36.8,36.68333333333333,-15.799111110000002,0.0462962933333344,0.056,2.956,2.8920000000000003,18.74753086555556,3.000444444444447,5.8794184,5.9088635,5.813437,5.8252006,5.843297,0,1.0,1,0.75,-0.93,23.3,76.7
2022-11-28 15:30:00,202.151080283334,140.316609344444,140.342163872222,18.62222221333333,2.8920000000000003,36.68333333333333,2,5.1764362714980825,70.66250196097344,15,0,11,-0.7071067811865471,-0.7071067811865479,0.0,1.0,-0.5000000000000004,0.8660254037844384,109.5,126.6875,142.52083333333334,14.6,34.2,100.0,73.0,-0.7,4.5193887,0.05,3.6,18.85555553,36.5,36.78333333333333,36.4,36.35,36.6,-15.730222213333333,-0.1888888966666719,-0.1199999999999996,3.012,2.846,18.732716046666667,2.9533333333333363,5.843297,5.8794184,5.9088635,5.813437,5.9110303,0,0.0,1,1.0,-0.97,25.0,75.0
2022-11-28 15:45:00,163.202916188884,108.360943172222,108.38288676111,18.85555553,2.846,36.6,2,5.1764362714980825,70.66250196097344,15,0,11,-0.7071067811865471,-0.7071067811865479,0.0,1.0,-0.5000000000000004,0.8660254037844384,96.75,115.875,139.04166666666666,14.5,34.0,100.0,73.0,-0.8500000000000001,4.4742665,0.0249999999999999,3.45,18.946296326666666,36.68333333333333,36.5,36.78333333333333,36.4,35.85,-16.00955553,0.2333333166666698,-0.0460000000000007,2.8920000000000003,2.842,18.76296295111111,2.916666666666669,5.9110303,5.843297,5.8794184,5.9088635,5.821019,0,0.0,0,1.0,-0.92,22.8,77.2
2022-11-28 16:00:00,79.92791393888601,10.678183955556,10.688739050002,18.946296326666666,2.842,35.85,1,5.1764362714980825,70.66250196097344,16,0,11,-0.8660254037844385,-0.5000000000000004,0.0,1.0,-0.5000000000000004,0.8660254037844384,84.0,103.125,133.29166666666666,14.4,33.8,100.0,73.0,-1.0,4.429539,0.0,3.3,18.66666667,36.6,36.68333333333333,36.5,36.78333333333333,35.85,-16.104296326666667,0.0907407966666653,-0.0039999999999995,2.846,2.817333333333333,18.80802469,2.8600000000000025,5.821019,5.9110303,5.843297,5.8794184,5.7255955,0,0.0,1,1.0,-0.9,22.2,77.8
2022-11-28 16:15:00,195.396906044444,122.6609267,122.684259116666,18.66666667,2.817333333333333,35.85,2,5.1764362714980825,70.66250196097344,16,0,11,-0.8660254037844385,-0.5000000000000004,0.0,1.0,-0.5000000000000004,0.8660254037844384,71.25,90.375,126.4375,13.925,33.724999999999994,100.0,73.5,-1.075,4.415239,0.0,3.15,18.764814816666668,35.85,36.6,36.68333333333333,36.5,35.81666666666667,-15.849333336666664,-0.2796296566666676,-0.024666666666667,2.842,2.69,18.82283950888889,2.835111111111113,5.7255955,5.821019,5.9110303,5.843297,5.7535787,0,0.0,1,1.0,-0.97,24.7,75.3
2022-11-28 16:30:00,190.149338088892,129.703422722224,129.728144,18.764814816666668,2.69,35.81666666666667,2,5.1764362714980825,70.66250196097344,16,0,11,-0.8660254037844385,-0.5000000000000004,0.0,1.0,-0.5000000000000004,0.8660254037844384,58.5,77.625,118.47916666666669,13.45,33.65,100.0,74.0,-1.15,4.4007254,0.0,3.0,18.91666663,35.85,35.85,36.6,36.68333333333333,35.15,-16.074814816666667,0.09814814666667,-0.127333333333333,2.817333333333333,2.707333333333333,18.792592604444447,2.783111111111113,5.7535787,5.7255955,5.821019,5.9110303,5.6973815,0,0.0,0,1.0,-0.94,23.8,76.2
2022-11-28 16:45:00,70.692450072218,0.0,0.0,18.91666663,2.707333333333333,35.15,0,5.1764362714980825,70.66250196097344,16,0,11,-0.8660254037844385,-0.5000000000000004,0.0,1.0,-0.5000000000000004,0.8660254037844384,45.75,64.875,109.41666666666669,12.975,33.575,100.0,74.5,-1.225,4.386004,0.0,2.85,18.644444476666667,35.81666666666667,35.85,35.85,36.6,35.18333333333333,-16.209333296666667,0.1518518133333337,0.0173333333333332,2.69,2.420666666666667,18.78271603888889,2.738222222222225,5.6973815,5.7535787,5.7255955,5.821019,5.6117387,1,1.0,1,0.75,-0.91,22.6,77.4
2022-11-28 17:00:00,184.130412355552,122.788143827778,122.811754,18.644444476666667,2.420666666666667,35.18333333333333,2,5.1764362714980825,70.66250196097344,17,0,11,-0.9659258262890684,-0.2588190451025206,0.0,1.0,-0.5000000000000004,0.8660254037844384,33.0,52.125,99.25,12.5,33.5,100.0,75.0,-1.3,4.37108,0.0,2.7,18.7277778,35.15,35.81666666666667,35.85,35.85,35.1,-16.22377781,-0.2722221533333346,-0.2866666666666662,2.707333333333333,2.247333333333333,18.775308641111117,2.6060000000000025,5.6117387,5.6973815,5.7535787,5.7255955,5.6261163,0,1.0,1,0.75,-0.98,25.1,74.9
2022-11-28 17:15:00,197.675703855552,127.351016855556,127.375738149998,18.7277778,2.247333333333333,35.1,2,5.1764362714980825,70.66250196097344,17,0,11,-0.9659258262890684,-0.2588190451025206,0.0,1.0,-0.5000000000000004,0.8660254037844384,25.5,40.6875,88.875,11.95,32.5,100.0,74.75,-1.35,4.3491797,0.0,2.6750000000000003,18.872222206666667,35.18333333333333,35.15,35.81666666666667,35.85,34.53333333333333,-16.48044446666667,0.0833333233333348,-0.1733333333333337,2.420666666666667,2.23,18.76296296888889,2.458444444444447,5.6261163,5.6117387,5.6973815,5.7535787,5.5827518,0,1.0,0,0.75,-0.96,24.3,75.7
2022-11-28 17:30:00,72.31266304444,0.0,0.0,18.872222206666667,2.23,34.53333333333333,0,5.1764362714980825,70.66250196097344,17,0,11,-0.9659258262890684,-0.2588190451025206,0.0,1.0,-0.5000000000000004,0.8660254037844384,18.0,30.5625,78.29166666666667,11.4,31.5,100.0,74.5,-1.4,4.3273377,0.0,2.6500000000000004,18.75555556,35.1,35.18333333333333,35.15,35.81666666666667,34.5,-16.642222206666666,0.1444444066666648,-0.0173333333333332,2.247333333333333,2.0853333333333333,18.748148161111114,2.299333333333336,5.5827518,5.6261163,5.6117387,5.6973815,5.5390363,1,2.0,1,0.5,-0.93,23.1,76.9
2022-11-28 17:45:00,207.21559987778,144.031738516666,144.056181972222,18.75555556,2.0853333333333333,34.5,2,5.1764362714980825,70.66250196097344,17,0,11,-0.9659258262890684,-0.2588190451025206,0.0,1.0,-0.5000000000000004,0.8660254037844384,10.5,21.75,67.5,10.85,30.5,100.0,74.25,-1.45,4.305557,0.0,2.625,18.78518517666667,34.53333333333333,35.1,35.18333333333333,35.15,34.31666666666667,-16.670222226666667,-0.1166666466666654,-0.1446666666666667,2.23,1.9493333333333327,18.78518518888889,2.187555555555558,5.5390363,5.5827518,5.6261163,5.6117387,5.5192614,0,1.0,1,0.75,-0.95,24.2,75.8
2022-11-28 18:00:00,196.169097355556,140.40993896111002,140.43549352222,18.78518517666667,1.9493333333333327,34.31666666666667,2,5.1764362714980825,70.66250196097344,18,0,11,-1.0,-1.8369701987210294e-16,0.0,1.0,-0.5000000000000004,0.8660254037844384,3.0,14.25,56.5,10.3,29.5,100.0,74.0,-1.5,4.2838345,0.0,2.6,18.950000005,34.5,34.53333333333333,35.1,35.18333333333333,33.975,-16.835851843333337,0.0296296166666678,-0.1360000000000001,2.0853333333333333,1.93,18.804320981111115,2.088222222222224,5.5192614,5.5390363,5.5827518,5.6261163,5.5177774,0,1.0,0,0.75,-0.95,24.0,76.0
2022-11-28 18:15:00,144.828928927774,65.8282001,65.85292136111,18.950000005,1.93,33.975,1,5.1764362714980825,70.66250196097344,18,0,11,-1.0,-1.8369701987210294e-16,0.0,1.0,-0.5000000000000004,0.8660254037844384,2.25,8.4375,46.5,10.25,27.625,100.0,74.75,-1.45,4.3126864,0.025,2.55,18.783333355,34.31666666666667,34.5,34.53333333333333,35.1,33.675,-17.020000005,0.1648148283333306,-0.0193333333333332,1.9493333333333327,1.891333333333333,18.83024691388889,1.9882222222222243,5.5177774,5.5192614,5.5390363,5.5827518,5.4154673,0,1.0,1,0.75,-0.91,22.5,77.5
2022-11-28 18:30:00,149.60540446111,46.0831566,46.11621086111,18.783333355,1.891333333333333,33.675,1,5.1764362714980825,70.66250196097344,18,0,11,-1.0,-1.8369701987210294e-16,0.0,1.0,-0.5000000000000004,0.8660254037844384,1.5,4.3125,37.5,10.2,25.75,100.0,75.5,-1.4,4.3412905,0.05,2.5,18.64444445,33.975,34.31666666666667,34.5,34.53333333333333,33.8,-16.892000021666668,-0.1666666499999998,-0.0386666666666668,1.93,1.874,18.839506178888893,1.9235555555555577,5.4154673,5.5177774,5.5192614,5.5390363,5.391096,0,0.0,0,1.0,-0.95,24.1,75.9
2022-11-28 18:45:00,224.306582994442,147.348272483334,147.391326377776,18.64444445,1.874,33.8,2,5.1764362714980825,70.66250196097344,18,0,11,-1.0,-1.8369701987210294e-16,0.0,1.0,-0.5000000000000004,0.8660254037844384,0.75,1.875,29.5,10.15,23.875,100.0,76.25,-1.35,4.369646,0.075,2.45,18.84814816,33.675,33.975,34.31666666666667,34.5,33.53333333333333,-16.77044445,-0.1388889050000017,-0.0173333333333332,1.891333333333333,1.8693333333333333,18.792592603333333,1.8984444444444468,5.391096,5.4154673,5.5177774,5.5192614,5.4133835,0,0.0,1,1.0,-0.98,25.4,74.6
2022-11-28 19:00:00,229.597482449998,163.093753788888,163.13014128333,18.84814816,1.8693333333333333,33.53333333333333,2,5.1764362714980825,70.66250196097344,19,0,11,-0.9659258262890684,0.2588190451025203,0.0,1.0,-0.5000000000000004,0.8660254037844384,0.0,1.125,22.5,10.1,22.0,100.0,77.0,-1.3,4.397756,0.1,2.4,19.01111114,33.8,33.675,33.975,34.31666666666667,33.15,-16.978814826666667,0.2037037100000027,-0.0046666666666665,1.874,1.9546666666666668,18.75864198833333,1.8782222222222245,5.4133835,5.391096,5.4154673,5.5177774,5.4032493,0,0.0,0,1.0,-0.94,23.5,76.5
2022-11-28 19:15:00,93.59208941667,11.918967672222,11.932856016666,19.01111114,1.9546666666666668,33.15,1,5.1764362714980825,70.66250196097344,19,0,11,-0.9659258262890684,0.2588190451025203,0.0,1.0,-0.5000000000000004,0.8660254037844384,0.0,0.5625,16.5625,10.675,22.075,97.0,77.5,-1.375,4.3742757,0.075,2.225,18.714814846666663,33.53333333333333,33.8,33.675,33.975,33.18333333333333,-17.056444473333332,0.1629629799999996,0.0853333333333334,1.8693333333333333,1.98,18.834567916666668,1.899333333333336,5.4032493,5.4133835,5.391096,5.4154673,5.3148217,0,0.0,1,1.0,-0.9,22.2,77.8
2022-11-28 19:30:00,125.765246955556,55.358896672222,55.375007111112,18.714814846666663,1.98,33.18333333333333,1,5.1764362714980825,70.66250196097344,19,0,11,-0.9659258262890684,0.2588190451025203,0.0,1.0,-0.5000000000000004,0.8660254037844384,0.0,0.1875,11.6875,11.25,22.15,94.0,78.0,-1.4500000000000002,4.350663,0.05,2.05,18.56666671,33.15,33.53333333333333,33.8,33.675,33.45,-16.734814846666666,-0.2962962933333344,0.0253333333333332,1.9546666666666668,2.069333333333333,18.85802471555556,1.9346666666666688,5.3148217,5.4032493,5.4133835,5.391096,5.3107605,0,0.0,0,1.0,-0.97,24.9,75.1
2022-11-28 19:45:00,196.160486733328,139.944957544444,139.97051212222,18.56666671,2.069333333333333,33.45,2,5.1764362714980825,70.66250196097344,19,0,11,-0.9659258262890684,0.2588190451025203,0.0,1.0,-0.5000000000000004,0.8660254037844384,0.0,0.0,7.875,11.825,22.225,91.0,78.5,-1.525,4.326926,0.0249999999999999,1.875,18.59814817,33.18333333333333,33.15,33.53333333333333,33.8,32.85,-16.497333376666667,-0.1481481366666663,0.0893333333333332,1.98,2.0933333333333333,18.76419756555556,2.0013333333333354,5.3107605,5.3148217,5.4032493,5.4133835,5.2252316,0,0.0,1,1.0,-1.0,26.2,73.8
2022-11-28 20:00:00,181.251916316666,100.738192527778,100.773746688888,18.59814817,2.0933333333333333,32.85,2,5.1764362714980825,70.66250196097344,20,0,11,-0.8660254037844386,0.5000000000000001,0.0,1.0,-0.5000000000000004,0.8660254037844384,0.0,0.0,5.125,12.4,22.3,88.0,79.0,-1.6,4.303068,0.0,1.7,18.44444445,33.45,33.18333333333333,33.15,33.53333333333333,33.25,-16.504814836666668,0.0314814600000019,0.024,2.069333333333333,2.126,18.626543242222223,2.047555555555558,5.2252316,5.3107605,5.3148217,5.4032493,5.2409163,0,0.0,0,1.0,-1.0,26.0,74.0
2022-11-28 20:15:00,244.972145155556,152.468067683334,152.5055662,18.44444445,2.126,33.25,2,5.1764362714980825,70.66250196097344,20,0,11,-0.8660254037844386,0.5000000000000001,0.0,1.0,-0.5000000000000004,0.8660254037844384,0.0,0.0,3.0,12.35,23.925,91.0,78.25,-1.775,4.247762,0.0,1.65,18.65740741,32.85,33.45,33.18333333333333,33.15,33.78333333333333,-16.318444449999998,-0.1537037200000028,0.0326666666666666,2.0933333333333333,2.104,18.53641977666667,2.096222222222224,5.2409163,5.2252316,5.3107605,5.3148217,5.3925724,0,0.0,0,1.0,-1.03,27.5,72.5
2022-11-28 20:30:00,506.446963527778,36.375211566668,36.397432911112,18.65740741,2.104,33.78333333333333,1,5.1764362714980825,70.66250196097344,20,0,11,-0.8660254037844386,0.5000000000000001,0.0,1.0,-0.5000000000000004,0.8660254037844384,0.0,0.0,1.5,12.3,25.55,94.0,77.5,-1.95,4.1927757,0.0,1.6,18.64444444,33.25,32.85,33.45,33.18333333333333,33.2,-16.553407410000002,0.2129629600000022,-0.0219999999999997,2.126,2.1866666666666665,18.56666667666667,2.1077777777777804,5.3925724,5.2409163,5.2252316,5.3107605,5.2953963,0,0.0,1,1.0,-0.98,25.3,74.7
2022-11-28 20:45:00,169.580716533332,49.544129272222,49.564406277776,18.64444444,2.1866666666666665,33.2,1,5.1764362714980825,70.66250196097344,20,0,11,-0.8660254037844386,0.5000000000000001,0.0,1.0,-0.5000000000000004,0.8660254037844384,0.0,0.0,0.625,12.25,27.175,97.0,76.75,-2.125,4.1381073,0.0,1.55,18.537037023333333,33.78333333333333,33.25,32.85,33.45,33.46666666666667,-16.45777777333333,-0.0129629700000037,0.0826666666666664,2.104,2.1693333333333333,18.582098766666668,2.138888888888891,5.2953963,5.3925724,5.2409163,5.2252316,5.3040895,0,0.0,0,1.0,-0.99,25.5,74.5
2022-11-28 21:00:00,222.345550288888,105.353841227778,105.381340177776,18.537037023333333,2.1693333333333333,33.46666666666667,2,5.1764362714980825,70.66250196097344,21,0,11,-0.7071067811865477,0.7071067811865474,0.0,1.0,-0.5000000000000004,0.8660254037844384,0.0,0.0,0.375,12.2,28.8,100.0,76.0,-2.3,4.083756,0.0,1.5,18.72222225,33.2,33.78333333333333,33.25,32.85,33.15,-16.36770369,-0.107407416666664,-0.0173333333333332,2.1866666666666665,2.0460000000000003,18.61296295777778,2.153333333333336,5.3040895,5.2953963,5.3925724,5.2409163,5.311809,0,0.0,1,1.0,-1.01,26.5,73.5
2022-11-28 21:15:00,141.434342416666,0.0,0.0,18.72222225,2.0460000000000003,33.15,0,5.1764362714980825,70.66250196097344,21,0,11,-0.7071067811865477,0.7071067811865474,0.0,1.0,-0.5000000000000004,0.8660254037844384,0.0,0.0,0.1875,12.1,28.175,100.0,75.5,-2.425,4.0431085,0.0,1.45,18.57037041333333,33.46666666666667,33.2,33.78333333333333,33.25,33.18333333333333,-16.676222250000002,0.1851852266666682,-0.123333333333333,2.1693333333333333,1.909333333333333,18.634567904444445,2.134000000000002,5.311809,5.3040895,5.2953963,5.3925724,5.269578,1,1.0,1,0.75,-0.97,24.8,75.2
2022-11-28 21:30:00,291.94137746111,123.603389016666,123.623666005554,18.57037041333333,1.909333333333333,33.18333333333333,2,5.1764362714980825,70.66250196097344,21,0,11,-0.7071067811865477,0.7071067811865474,0.0,1.0,-0.5000000000000004,0.8660254037844384,0.0,0.0,0.0625,12.0,27.55,100.0,75.0,-2.55,4.0026846,0.0,1.4,18.74444444,33.15,33.46666666666667,33.2,33.78333333333333,33.1,-16.66103708,-0.151851836666669,-0.1366666666666669,2.0460000000000003,1.8273333333333333,18.609876562222222,2.0415555555555582,5.269578,5.311809,5.3040895,5.2953963,5.310772,0,1.0,1,0.75,-1.0,26.2,73.8
2022-11-28 21:45:00,229.305549711108,25.127883727778,25.165660033332003,18.74444444,1.8273333333333333,33.1,1,5.1764362714980825,70.66250196097344,21,0,11,-0.7071067811865477,0.7071067811865474,0.0,1.0,-0.5000000000000004,0.8660254037844384,0.0,0.0,0.0,11.9,26.925,100.0,74.5,-2.675,3.962482,0.0,1.35,18.685042765384612,33.18333333333333,33.15,33.46666666666667,33.2,32.723076923076924,-16.917111106666667,0.1740740266666662,-0.082,1.909333333333333,1.7476923076923077,18.679012367777776,1.927555555555558,5.310772,5.269578,5.311809,5.3040895,5.2318807,0,1.0,1,0.75,-0.96,24.6,75.4
2022-11-28 22:00:00,225.552922005554,71.372145,71.41936536111,18.685042765384612,1.7476923076923077,32.723076923076924,2,5.1764362714980825,70.66250196097344,22,0,11,-0.5000000000000004,0.8660254037844384,0.0,1.0,-0.5000000000000004,0.8660254037844384,0.0,0.0,0.0,11.8,26.3,100.0,74.0,-2.8,3.9225013,0.0,1.3,18.66111114,33.1,33.18333333333333,33.15,33.46666666666667,33.65,-16.937350457692308,-0.0594016746153833,-0.0796410256410256,1.8273333333333333,1.7213333333333334,18.666619206239314,1.8281196581196604,5.2318807,5.310772,5.269578,5.311809,5.372469,0,1.0,1,0.75,-0.98,25.2,74.8
2022-11-28 22:15:00,283.626710027778,94.686490155556,94.74176576111,18.66111114,1.7213333333333334,33.65,2,5.1764362714980825,70.66250196097344,22,0,11,-0.5000000000000004,0.8660254037844384,0.0,1.0,-0.5000000000000004,0.8660254037844384,0.0,0.0,0.0,11.6,26.3,99.5,73.5,-2.925,3.8827412,0.0,1.25,18.84444441333333,32.723076923076924,33.1,33.18333333333333,33.15,33.35,-16.939777806666665,-0.0239316253846162,-0.0263589743589742,1.7476923076923077,1.6966666666666663,18.69686611512821,1.7654529914529935,5.372469,5.2318807,5.310772,5.269578,5.3826094,0,0.0,0,1.0,-0.98,25.3,74.7
2022-11-28 22:30:00,219.573994622216,0.0,0.0,18.84444441333333,1.6966666666666663,33.35,0,5.1764362714980825,70.66250196097344,22,0,11,-0.5000000000000004,0.8660254037844384,0.0,1.0,-0.5000000000000004,0.8660254037844384,0.0,0.0,0.0,11.4,26.3,99.0,73.0,-3.05,3.843201,0.0,1.2000000000000002,18.7,33.65,32.723076923076924,33.1,33.18333333333333,33.4,-17.14777774666667,0.1833332733333357,-0.0246666666666668,1.7213333333333334,1.666,18.73019943957265,1.7218974358974384,5.3826094,5.372469,5.2318807,5.310772,5.3448377,1,1.0,1,0.75,-0.94,23.6,76.4
2022-11-28 22:45:00,309.218464149998,110.85195466111,110.916118777776,18.7,1.666,33.4,2,5.1764362714980825,70.66250196097344,22,0,11,-0.5000000000000004,0.8660254037844384,0.0,1.0,-0.5000000000000004,0.8660254037844384,0.0,0.0,0.0,11.2,26.3,98.5,72.5,-3.175,3.8038793,0.0,1.15,18.776984128571428,33.35,33.65,32.723076923076924,33.1,33.97857142857143,-17.034,-0.1444444133333355,-0.0306666666666666,1.6966666666666663,1.67,18.735185184444443,1.694666666666669,5.3448377,5.3826094,5.372469,5.2318807,5.462237,0,1.0,1,0.75,-0.97,24.9,75.1
2022-11-28 23:00:00,231.39713266111,60.76006948333399,60.810067533332,18.776984128571428,1.67,33.97857142857143,1,5.1764362714980825,70.66250196097344,23,0,11,-0.2588190451025215,0.965925826289068,0.0,1.0,-0.5000000000000004,0.8660254037844384,0.0,0.0,0.0,11.0,26.3,98.0,72.0,-3.3,3.7647753,0.0,1.1,18.77916666,33.4,33.35,33.65,32.723076923076924,34.0,-17.106984128571426,0.0769841285714285,0.004,1.666,1.67,18.773809513968256,1.677555555555558,5.462237,5.3448377,5.3826094,5.372469,5.4663863,0,1.0,1,0.75,-0.95,24.1,75.9
2022-11-28 23:15:00,228.111430744444,31.6195685,31.671510905554,18.77916666,1.67,34.0,1,5.1764362714980825,70.66250196097344,23,0,11,-0.2588190451025215,0.965925826289068,0.0,1.0,-0.5000000000000004,0.8660254037844384,0.0,0.0,0.0,10.65,25.675,97.0,72.0,-3.35,3.758355,0.0,1.0750000000000002,18.60892860928572,33.97857142857143,33.4,33.35,33.65,34.0,-17.10916666,0.0021825314285699,0.0,1.67,1.67,18.752050262857143,1.6686666666666692,5.4663863,5.462237,5.3448377,5.3826094,5.4116077,0,1.0,0,0.75,-0.95,24.1,75.9
2022-11-28 23:30:00,251.45521930555,109.020639,109.058970833332,18.60892860928572,1.67,34.0,2,5.1764362714980825,70.66250196097344,23,0,11,-0.2588190451025215,0.965925826289068,0.0,1.0,-0.5000000000000004,0.8660254037844384,0.0,0.0,0.0,10.3,25.05,96.0,72.0,-3.4,3.7519438,0.0,1.05,18.80000002,34.0,33.97857142857143,33.4,33.35,33.65,-16.938928609285718,-0.170238050714282,0.0,1.67,1.6833333333333331,18.72169313261905,1.67,5.4116077,5.4663863,5.462237,5.3448377,5.416782,0,0.0,1,1.0,-0.99,25.7,74.3
2022-11-28 23:45:00,58.340721894442,0.0,0.0,18.80000002,1.6833333333333331,33.65,0,5.1764362714980825,70.66250196097344,23,0,11,-0.2588190451025215,0.965925826289068,0.0,1.0,-0.5000000000000004,0.8660254037844384,0.0,0.0,0.0,9.95,24.425,95.0,72.0,-3.45,3.7455425,0.0,1.025,18.626262663636364,34.0,34.0,33.97857142857143,33.4,33.72727272727273,-17.11666668666667,0.1910714107142865,0.0133333333333334,1.67,1.7363636363636366,18.72936509642857,1.6744444444444468,5.416782,5.4116077,5.4663863,5.462237,5.37371,1,1.0,1,0.75,-0.95,24.0,76.0
2022-11-29 00:00:00,106.643789644444,70.1463607,70.153860433332,18.626262663636364,1.7363636363636366,33.72727272727273,1,5.1764362714980825,70.66250196097344,0,1,11,0.0,1.0,0.7818314824680298,0.6234898018587336,-0.5000000000000004,0.8660254037844384,0.0,0.0,0.0,9.6,23.8,94.0,72.0,-3.5,3.7391508,0.0,1.0,18.68333333,33.65,34.0,34.0,33.97857142857143,33.6,-16.889899027272726,-0.1737373563636381,0.0530303030303032,1.6833333333333331,1.776,18.67839709764069,1.696565656565659,5.37371,5.416782,5.4116077,5.4663863,5.3715434,0,1.0,1,0.75,-0.99,25.6,74.4
2022-11-29 00:15:00,113.086031977776,54.516152566668,54.524485649998,18.68333333,1.776,33.6,1,5.1764362714980825,70.66250196097344,0,1,11,0.0,1.0,0.7818314824680298,0.6234898018587336,-0.5000000000000004,0.8660254037844384,0.0,0.0,0.0,9.575,22.975,94.0,72.75,-3.55,3.7331607,0.0,0.825,18.74444442,33.72727272727273,33.65,34.0,34.0,33.03333333333333,-16.90733333,0.0570706663636357,0.0396363636363634,1.7363636363636366,1.8,18.70319867121212,1.7318989898989925,5.3715434,5.37371,5.416782,5.4116077,5.300076,0,1.0,0,0.75,-0.97,25.1,74.9
2022-11-29 00:30:00,89.163100099996,33.693096672222,33.69976312222,18.74444442,1.8,33.03333333333333,1,5.1764362714980825,70.66250196097344,0,1,11,0.0,1.0,0.7818314824680298,0.6234898018587336,-0.5000000000000004,0.8660254037844384,0.0,0.0,0.0,9.55,22.15,94.0,73.5,-3.6,3.7267187,0.0,0.65,18.60000002,33.6,33.72727272727273,33.65,34.0,33.35,-16.944444419999996,0.0611110899999971,0.024,1.776,1.79,18.68468013787879,1.7707878787878812,5.300076,5.3715434,5.37371,5.416782,5.305345,0,1.0,0,0.75,-0.96,24.6,75.4
2022-11-29 00:45:00,146.521361144444,113.572956883334,113.587956349998,18.60000002,1.79,33.35,2,5.1764362714980825,70.66250196097344,0,1,11,0.0,1.0,0.7818314824680298,0.6234898018587336,-0.5000000000000004,0.8660254037844384,0.0,0.0,0.0,9.525,21.325,94.0,74.25,-3.65,3.719834,0.0,0.4750000000000001,18.814814786666663,33.03333333333333,33.6,33.72727272727273,33.65,33.31666666666667,-16.81000002,-0.1444443999999975,-0.01,1.8,1.7966666666666666,18.67592592333333,1.7886666666666693,5.305345,5.300076,5.3715434,5.37371,5.367822,0,0.0,1,1.0,-1.0,25.9,74.1
2022-11-29 01:00:00,376.394110349998,0.0,0.0,18.814814786666663,1.7966666666666666,33.31666666666667,0,5.1764362714980825,70.66250196097344,1,1,11,0.2588190451025207,0.9659258262890684,0.7818314824680298,0.6234898018587336,-0.5000000000000004,0.8660254037844384,0.0,0.0,0.0,9.5,20.5,94.0,75.0,-3.7,3.7125185,0.0,0.3,18.64444446,33.35,33.03333333333333,33.6,33.72727272727273,33.05,-17.01814812,0.2148147666666666,0.0066666666666665,1.79,1.76,18.719753075555555,1.795555555555558,5.367822,5.305345,5.300076,5.3715434,5.2714715,1,1.0,1,0.75,-0.95,23.9,76.1
2022-11-29 01:15:00,131.345857138886,88.967552288888,88.980885138886,18.64444446,1.76,33.05,2,5.1764362714980825,70.66250196097344,1,1,11,0.2588190451025207,0.9659258262890684,0.7818314824680298,0.6234898018587336,-0.5000000000000004,0.8660254037844384,0.0,0.0,0.0,9.425,20.325,95.5,74.5,-3.675,3.7068202,0.0,0.375,18.688888873333333,33.31666666666667,33.35,33.03333333333333,33.6,33.28333333333333,-16.884444459999997,-0.1703703266666671,-0.0366666666666666,1.7966666666666666,1.6933333333333331,18.68641975555556,1.7822222222222246,5.2714715,5.367822,5.305345,5.300076,5.322667,0,1.0,1,0.75,-0.99,25.6,74.4
2022-11-29 01:30:00,95.14674956111,45.862332116666,45.870942955552,18.688888873333333,1.6933333333333331,33.28333333333333,1,5.1764362714980825,70.66250196097344,1,1,11,0.2588190451025207,0.9659258262890684,0.7818314824680298,0.6234898018587336,-0.5000000000000004,0.8660254037844384,0.0,0.0,0.0,9.35,20.15,97.0,74.0,-3.65,3.7009535,0.0,0.4499999999999999,18.70555557,33.05,33.31666666666667,33.35,33.03333333333333,33.0,-16.99555554,0.0444444133333341,-0.0666666666666668,1.76,1.6933333333333331,18.71604937333333,1.7500000000000024,5.322667,5.2714715,5.367822,5.305345,5.2825627,0,1.0,1,0.75,-0.97,25.1,74.9
2022-11-29 01:45:00,96.70752046111,47.634205655556,47.641705405554,18.70555557,1.6933333333333331,33.0,1,5.1764362714980825,70.66250196097344,1,1,11,0.2588190451025207,0.9659258262890684,0.7818314824680298,0.6234898018587336,-0.5000000000000004,0.8660254037844384,0.0,0.0,0.0,9.275,19.975,98.5,73.5,-3.625,3.6949153,0.0,0.525,18.64444448,33.28333333333333,33.05,33.31666666666667,33.35,33.0,-17.01222223666667,0.0166666966666682,0.0,1.6933333333333331,1.666,18.67962963444445,1.715555555555558,5.2825627,5.322667,5.2714715,5.367822,5.263497,0,1.0,0,0.75,-0.97,25.0,75.0
2022-11-29 02:00:00,140.82408914444,98.758549533332,98.771326855552,18.64444448,1.666,33.0,2,5.1764362714980825,70.66250196097344,2,1,11,0.4999999999999999,0.8660254037844387,0.7818314824680298,0.6234898018587336,-0.5000000000000004,0.8660254037844384,0.0,0.0,0.0,9.2,19.8,100.0,73.0,-3.6,3.6887026,0.0,0.6,18.79444443,33.0,33.28333333333333,33.05,33.31666666666667,32.65,-16.97844448,-0.0611110900000007,-0.0273333333333332,1.6933333333333331,1.7033333333333334,18.67962964111112,1.6842222222222245,5.263497,5.2825627,5.322667,5.2714715,5.2540827,0,0.0,1,1.0,-0.99,25.6,74.4
2022-11-29 02:15:00,59.767609183334,0.0,0.0,18.79444443,1.7033333333333334,32.65,0,5.1764362714980825,70.66250196097344,2,1,11,0.4999999999999999,0.8660254037844387,0.7818314824680298,0.6234898018587336,-0.5000000000000004,0.8660254037844384,0.0,0.0,0.0,9.5,19.975,100.0,72.75,-3.65,3.6823757,0.0,0.625,18.605555563333333,33.0,33.0,33.28333333333333,33.05,32.68333333333333,-17.091111096666666,0.149999949999998,0.0373333333333334,1.666,1.708,18.714814826666668,1.687555555555558,5.2540827,5.263497,5.2825627,5.322667,5.2010016,1,1.0,1,0.75,-0.95,24.2,75.8
2022-11-29 02:30:00,158.130341166668,107.329595527778,107.342928344444,18.605555563333333,1.708,32.68333333333333,2,5.1764362714980825,70.66250196097344,2,1,11,0.4999999999999999,0.8660254037844387,0.7818314824680298,0.6234898018587336,-0.5000000000000004,0.8660254037844384,0.0,0.0,0.0,9.8,20.15,100.0,72.5,-3.7,3.676015,0.0,0.6499999999999999,18.74444444,32.65,33.0,33.0,33.28333333333333,32.95,-16.897555563333334,-0.1888888666666659,0.0046666666666665,1.7033333333333334,1.694,18.68148149111111,1.6924444444444466,5.2010016,5.2540827,5.263497,5.2825627,5.2867064,0,1.0,1,0.75,-1.0,26.0,74.0
2022-11-29 02:45:00,81.033702972222,38.278191027778,38.284579738886,18.74444444,1.694,32.95,1,5.1764362714980825,70.66250196097344,2,1,11,0.4999999999999999,0.8660254037844387,0.7818314824680298,0.6234898018587336,-0.5000000000000004,0.8660254037844384,0.0,0.0,0.0,10.1,20.325,100.0,72.25,-3.75,3.6696198,0.0,0.6749999999999999,18.700000026666665,32.68333333333333,32.65,33.0,33.0,32.53333333333333,-17.05044444,0.138888876666666,-0.014,1.708,1.792,18.71481481111111,1.70177777777778,5.2867064,5.2010016,5.2540827,5.263497,5.2061486,0,1.0,1,0.75,-0.96,24.6,75.4
2022-11-29 03:00:00,82.42698053889,42.626072655556,42.634961233332,18.700000026666665,1.792,32.53333333333333,1,5.1764362714980825,70.66250196097344,3,1,11,0.7071067811865476,0.7071067811865476,0.7818314824680298,0.6234898018587336,-0.5000000000000004,0.8660254037844384,0.0,0.0,0.0,10.4,20.5,100.0,72.0,-3.8,3.6631906,0.0,0.7,18.57777782,32.95,32.68333333333333,32.65,33.0,32.8,-16.908000026666663,-0.0444444133333341,0.098,1.694,1.8306666666666669,18.68333334333333,1.7313333333333356,5.2061486,5.2867064,5.2010016,5.2540827,5.2109885,0,1.0,0,0.75,-0.98,25.1,74.9
2022-11-29 03:15:00,155.67099516111,99.729066244444,99.741843549998,18.57777782,1.8306666666666669,32.8,2,5.1764362714980825,70.66250196097344,3,1,11,0.7071067811865476,0.7071067811865476,0.7818314824680298,0.6234898018587336,-0.5000000000000004,0.8660254037844384,0.0,0.0,0.0,10.35,20.95,99.75,70.5,-3.925,3.6300983,0.0,0.875,18.741269848571427,32.53333333333333,32.95,32.68333333333333,32.65,32.35,-16.747111153333336,-0.1222222066666631,0.0386666666666666,1.792,1.9078571428571427,18.67407409555556,1.7722222222222246,5.2109885,5.2061486,5.2867064,5.2010016,5.189463,0,0.0,1,1.0,-1.0,26.2,73.8
2022-11-29 03:30:00,50.524090005558,0.0,0.0,18.741269848571427,1.9078571428571427,32.35,0,5.1764362714980825,70.66250196097344,3,1,11,0.7071067811865476,0.7071067811865476,0.7818314824680298,0.6234898018587336,-0.5000000000000004,0.8660254037844384,0.0,0.0,0.0,10.3,21.4,99.5,69.0,-4.05,3.5956132,0.0,1.0499999999999998,18.57222222,32.8,32.53333333333333,32.95,32.68333333333333,32.05,-16.833412705714284,0.1634920285714258,0.077190476190476,1.8306666666666669,1.9166666666666667,18.673015898412697,1.8435079365079388,5.189463,5.2109885,5.2061486,5.2867064,5.0901604,1,1.0,1,0.75,-0.97,24.8,75.2
2022-11-29 03:45:00,121.572636933332,84.588560772222,84.599671477776,18.57222222,1.9166666666666667,32.05,2,5.1764362714980825,70.66250196097344,3,1,11,0.7071067811865476,0.7071067811865476,0.7818314824680298,0.6234898018587336,-0.5000000000000004,0.8660254037844384,0.0,0.0,0.0,10.25,21.85,99.25,67.5,-4.175,3.5597095,0.0,1.225,18.53148150666667,32.35,32.8,32.53333333333333,32.95,32.46666666666667,-16.655555553333333,-0.1690476285714268,0.008809523809524,1.9078571428571427,1.956,18.630423296190475,1.8850634920634943,5.0901604,5.189463,5.2109885,5.2061486,5.143908,0,1.0,1,0.75,-1.01,26.5,73.5
2022-11-29 04:00:00,144.565606194438,106.161586733332,106.175475111108,18.53148150666667,1.956,32.46666666666667,2,5.1764362714980825,70.66250196097344,4,1,11,0.8660254037844386,0.5000000000000001,0.7818314824680298,0.6234898018587336,-0.5000000000000004,0.8660254037844384,0.0,0.0,0.0,10.2,22.3,99.0,66.0,-4.3,3.5223625,0.0,1.4,18.6277778,32.05,32.35,32.8,32.53333333333333,32.45,-16.57548150666667,-0.0407407133333315,0.0393333333333332,1.9166666666666667,1.988,18.614991191746032,1.926841269841272,5.143908,5.0901604,5.189463,5.2109885,5.170667,0,1.0,0,0.75,-1.02,26.8,73.2
2022-11-29 04:15:00,127.223799827774,62.272786772222,62.280842066664,18.6277778,1.988,32.45,1,5.1764362714980825,70.66250196097344,4,1,11,0.8660254037844386,0.5000000000000001,0.7818314824680298,0.6234898018587336,-0.5000000000000004,0.8660254037844384,0.0,0.0,0.0,9.75,22.025,99.25,66.75,-4.325,3.5141597,0.0,1.2,18.68888892,32.46666666666667,32.05,32.35,32.8,32.03333333333333,-16.6397778,0.0962962933333315,0.032,1.956,1.9166666666666667,18.57716050888889,1.953555555555558,5.170667,5.143908,5.0901604,5.189463,5.1227674,0,1.0,1,0.75,-0.99,25.8,74.2
2022-11-29 04:30:00,76.1952854,33.08589876111,33.092009649998,18.68888892,1.9166666666666667,32.03333333333333,1,5.1764362714980825,70.66250196097344,4,1,11,0.8660254037844386,0.5000000000000001,0.7818314824680298,0.6234898018587336,-0.5000000000000004,0.8660254037844384,0.0,0.0,0.0,9.3,21.75,99.5,67.5,-4.35,3.5054533,0.0,1.0,18.54444446,32.45,32.46666666666667,32.05,32.35,32.35,-16.772222253333332,0.0611111199999996,-0.0713333333333332,1.988,1.944,18.616049408888887,1.953555555555558,5.1227674,5.170667,5.143908,5.0901604,5.1293626,0,0.0,0,1.0,-0.98,25.3,74.7
2022-11-29 04:45:00,148.14685172222,111.289714916666,111.303603294442,18.54444446,1.944,32.35,2,5.1764362714980825,70.66250196097344,4,1,11,0.8660254037844386,0.5000000000000001,0.7818314824680298,0.6234898018587336,-0.5000000000000004,0.8660254037844384,0.0,0.0,0.0,8.85,21.475,99.75,68.25,-4.375,3.496257,0.0,0.7999999999999999,18.738888893333336,32.03333333333333,32.45,32.46666666666667,32.05,32.31666666666667,-16.600444460000002,-0.144444459999999,0.0273333333333332,1.9166666666666667,1.8106666666666664,18.62037039333333,1.949555555555558,5.1293626,5.1227674,5.170667,5.143908,5.183387,0,0.0,1,1.0,-1.01,26.7,73.3
2022-11-29 05:00:00,50.697694361106,0.0,0.0,18.738888893333336,1.8106666666666664,32.31666666666667,0,5.1764362714980825,70.66250196097344,5,1,11,0.9659258262890684,0.2588190451025207,0.7818314824680298,0.6234898018587336,-0.5000000000000004,0.8660254037844384,0.0,0.0,0.0,8.4,21.2,100.0,69.0,-4.4,3.486582,0.0,0.6,18.57222222,32.35,32.03333333333333,32.45,32.46666666666667,32.05,-16.92822222666667,0.1944444333333344,-0.1333333333333333,1.944,1.78,18.657407424444447,1.8904444444444468,5.183387,5.1293626,5.1227674,5.170667,5.0901604,1,1.0,1,0.75,-0.97,24.8,75.2
2022-11-29 05:15:00,139.400534805558,88.6489539,88.662286749998,18.57222222,1.78,32.05,2,5.1764362714980825,70.66250196097344,5,1,11,0.9659258262890684,0.2588190451025207,0.7818314824680298,0.6234898018587336,-0.5000000000000004,0.8660254037844384,0.0,0.0,0.0,8.4,20.225,100.0,69.0,-4.300000000000001,3.5105577,0.0,0.7,18.653703716666666,32.31666666666667,32.35,32.03333333333333,32.45,32.28333333333333,-16.79222222,-0.166666673333335,-0.0306666666666666,1.8106666666666664,1.8233333333333333,18.618518524444447,1.8448888888888912,5.0901604,5.183387,5.1293626,5.1227674,5.15201,0,1.0,1,0.75,-1.01,26.5,73.5
2022-11-29 05:30:00,107.498755427778,58.91431,58.924031911108,18.653703716666666,1.8233333333333333,32.28333333333333,1,5.1764362714980825,70.66250196097344,5,1,11,0.9659258262890684,0.2588190451025207,0.7818314824680298,0.6234898018587336,-0.5000000000000004,0.8660254037844384,0.0,0.0,0.0,8.4,19.25,100.0,69.0,-4.2,3.5346773,0.0,0.8,18.70555557,32.05,32.31666666666667,32.35,32.03333333333333,32.05,-16.83037038333333,0.0814814966666652,0.0433333333333334,1.78,1.874,18.65493827666667,1.8046666666666689,5.15201,5.0901604,5.183387,5.1293626,5.130489,0,1.0,1,0.75,-0.99,25.6,74.4
2022-11-29 05:45:00,84.417178711112,40.458659372222,40.46615912222,18.70555557,1.874,32.05,1,5.1764362714980825,70.66250196097344,5,1,11,0.9659258262890684,0.2588190451025207,0.7818314824680298,0.6234898018587336,-0.5000000000000004,0.8660254037844384,0.0,0.0,0.0,8.4,18.275,100.0,69.0,-4.1,3.558942,0.0,0.9,18.60370374333333,32.28333333333333,32.05,32.31666666666667,32.35,32.46666666666667,-16.831555570000003,0.0518518533333356,0.0506666666666664,1.8233333333333333,1.8353333333333333,18.64382716888889,1.8257777777777804,5.130489,5.15201,5.0901604,5.183387,5.165957,0,1.0,0,0.75,-0.98,25.2,74.8
2022-11-29 06:00:00,148.006024005554,106.43352023889,106.446297544444,18.60370374333333,1.8353333333333333,32.46666666666667,2,5.1764362714980825,70.66250196097344,6,1,11,1.0,6.123233995736766e-17,0.7818314824680298,0.6234898018587336,-0.5000000000000004,0.8660254037844384,0.0,0.0,0.0,8.4,17.3,100.0,69.0,-4.0,3.583352,0.0,1.0,18.76666666,32.05,32.28333333333333,32.05,32.31666666666667,32.15,-16.76837041,-0.1018518266666674,-0.0386666666666664,1.874,1.9526666666666663,18.65432101,1.8442222222222249,5.165957,5.130489,5.15201,5.0901604,5.1651306,0,0.0,1,1.0,-1.0,26.1,73.9
2022-11-29 06:15:00,48.565835138886,0.0,0.0,18.76666666,1.9526666666666663,32.15,0,5.1764362714980825,70.66250196097344,6,1,11,1.0,6.123233995736766e-17,0.7818314824680298,0.6234898018587336,-0.5000000000000004,0.8660254037844384,0.0,0.0,0.0,8.525,17.125,98.5,70.25,-3.925,3.611045,0.0,0.85,18.63703707,32.46666666666667,32.05,32.28333333333333,32.05,32.18333333333333,-16.813999993333333,0.1629629166666646,0.117333333333333,1.8353333333333333,1.968,18.69197532444445,1.887333333333336,5.1651306,5.165957,5.130489,5.15201,5.1309876,1,1.0,1,0.75,-0.96,24.6,75.4
2022-11-29 06:30:00,149.67790149444602,91.442731027778,91.453841683334,18.63703707,1.968,32.18333333333333,2,5.1764362714980825,70.66250196097344,6,1,11,1.0,6.123233995736766e-17,0.7818314824680298,0.6234898018587336,-0.5000000000000004,0.8660254037844384,0.0,0.0,0.0,8.65,16.950000000000003,97.0,71.5,-3.85,3.6377513,0.0,0.7,18.71666669,32.15,32.46666666666667,32.05,32.28333333333333,32.45,-16.66903707,-0.1296295899999968,0.0153333333333334,1.9526666666666663,2.024,18.66913582444445,1.9186666666666687,5.1309876,5.1651306,5.165957,5.130489,5.197935,0,1.0,1,0.75,-0.99,25.8,74.2
2022-11-29 06:45:00,102.875051683326,54.0795034,54.08728092222,18.71666669,2.024,32.45,1,5.1764362714980825,70.66250196097344,6,1,11,1.0,6.123233995736766e-17,0.7818314824680298,0.6234898018587336,-0.5000000000000004,0.8660254037844384,0.0,0.0,0.0,8.775,16.775000000000002,95.5,72.75,-3.775,3.6634886,0.0,0.55,18.748148126666667,32.18333333333333,32.15,32.46666666666667,32.05,32.03333333333333,-16.69266669,0.0796296199999986,0.056,1.968,2.055333333333333,18.70679014,1.981555555555558,5.197935,5.1309876,5.1651306,5.165957,5.1407557,0,1.0,1,0.75,-0.97,25.0,75.0
2022-11-29 07:00:00,71.482696127778,33.993362427778,33.999195577776,18.748148126666667,2.055333333333333,32.03333333333333,1,5.1764362714980825,70.66250196097344,7,1,11,0.9659258262890684,-0.2588190451025206,0.7818314824680298,0.6234898018587336,-0.5000000000000004,0.8660254037844384,0.0,0.0,0.0,8.9,16.6,94.0,74.0,-3.7,3.68827,0.0,0.4,18.60000002,32.45,32.18333333333333,32.15,32.46666666666667,32.3,-16.692814793333334,0.0314814366666666,0.0313333333333334,2.024,2.124,18.70061729555556,2.0157777777777803,5.1407557,5.197935,5.1309876,5.1651306,5.1383104,0,1.0,0,0.75,-0.97,24.8,75.2
2022-11-29 07:15:00,148.14129636111,110.591687255556,110.606408933332,18.60000002,2.124,32.3,2,5.1764362714980825,70.66250196097344,7,1,11,0.9659258262890684,-0.2588190451025206,0.7818314824680298,0.6234898018587336,-0.5000000000000004,0.8660254037844384,0.0,0.0,0.0,8.575,16.6,95.5,74.25,-3.625,3.707089,0.0,0.425,18.794444436666662,32.03333333333333,32.45,32.18333333333333,32.15,32.03333333333333,-16.47600002,-0.1481481066666674,0.0686666666666666,2.055333333333333,2.057333333333333,18.688271612222223,2.06777777777778,5.1383104,5.1407557,5.197935,5.1309876,5.154847,0,0.0,1,1.0,-1.0,26.1,73.9
2022-11-29 07:30:00,65.957361616666,0.0,0.0,18.794444436666662,2.057333333333333,32.03333333333333,0,5.1764362714980825,70.66250196097344,7,1,11,0.9659258262890684,-0.2588190451025206,0.7818314824680298,0.6234898018587336,-0.5000000000000004,0.8660254037844384,0.0,0.0,0.0,8.25,16.6,97.0,74.5,-3.55,3.7259598,0.0,0.45,18.62222226,32.3,32.03333333333333,32.45,32.18333333333333,32.05,-16.737111103333334,0.1944444166666663,-0.0666666666666668,2.124,2.1226666666666665,18.71419752777778,2.078888888888891,5.154847,5.1383104,5.1407557,5.197935,5.105252,1,1.0,1,0.75,-0.96,24.3,75.7
2022-11-29 07:45:00,120.982938288888,73.253180855556,73.26429156111,18.62222226,2.1226666666666665,32.05,2,5.1764362714980825,70.66250196097344,7,1,11,0.9659258262890684,-0.2588190451025206,0.7818314824680298,0.6234898018587336,-0.5000000000000004,0.8660254037844384,0.0,0.0,0.0,7.925,16.6,98.5,74.75,-3.475,3.7448835,0.0,0.475,18.65740742333333,32.03333333333333,32.3,32.03333333333333,32.45,32.28333333333333,-16.499555593333334,-0.1722221766666649,0.0653333333333332,2.057333333333333,2.2666666666666666,18.67222223888889,2.101333333333336,5.105252,5.154847,5.1383104,5.1407557,5.1531396,0,1.0,1,0.75,-1.0,26.0,74.0
2022-11-29 08:00:00,108.28789056111,71.580469983334,71.592414038886,18.65740742333333,2.2666666666666666,32.28333333333333,2,5.1764362714980825,70.66250196097344,8,1,11,0.8660254037844387,-0.4999999999999998,0.7818314824680298,0.6234898018587336,-0.5000000000000004,0.8660254037844384,0.0,0.0,0.0,7.6,16.6,100.0,75.0,-3.4,3.7638602,0.0,0.5,18.77222223,32.05,32.03333333333333,32.3,32.03333333333333,31.7,-16.390740756666666,0.0351851633333311,0.1440000000000001,2.1226666666666665,2.384666666666667,18.69135804,2.148888888888891,5.1531396,5.105252,5.154847,5.1383104,5.0945086,0,1.0,0,0.75,-0.99,25.6,74.4
2022-11-29 08:15:00,76.305558938882,25.508979616666,25.514812766664,18.77222223,2.384666666666667,31.7,1,5.1764362714980825,70.66250196097344,8,1,11,0.8660254037844387,-0.4999999999999998,0.7818314824680298,0.6234898018587336,-0.5000000000000004,0.8660254037844384,4.5,1.125,0.375,7.6,15.875,100.0,75.0,-3.25,3.8027744,0.0,0.65,18.61111115,32.28333333333333,32.05,32.03333333333333,32.3,32.15,-16.387555563333333,0.1148148066666685,0.1180000000000003,2.2666666666666666,2.6973333333333334,18.68395063777778,2.2580000000000027,5.0945086,5.1531396,5.105252,5.154847,5.117814,0,1.0,1,0.75,-0.96,24.6,75.4
2022-11-29 08:30:00,612.5804958333321,126.091067255556,126.10717776111,18.61111115,2.6973333333333334,32.15,2,5.1764362714980825,70.66250196097344,8,1,11,0.8660254037844387,-0.4999999999999998,0.7818314824680298,0.6234898018587336,-0.5000000000000004,0.8660254037844384,9.0,3.375,1.125,7.6,15.15,100.0,75.0,-3.1,3.8420408,0.0,0.8,18.84999998,31.7,32.28333333333333,32.05,32.03333333333333,32.6,-15.913777816666666,-0.1611110800000013,0.3126666666666664,2.384666666666667,2.9366666666666665,18.680246934444444,2.4495555555555577,5.117814,5.0945086,5.1531396,5.105252,5.263287,0,0.0,1,1.0,-1.0,26.1,73.9
2022-11-29 08:45:00,187.501388577776,0.0,0.0,18.84999998,2.9366666666666665,32.6,0,5.1764362714980825,70.66250196097344,8,1,11,0.8660254037844387,-0.4999999999999998,0.7818314824680298,0.6234898018587336,-0.5000000000000004,0.8660254037844384,13.5,6.75,2.25,7.6,14.425,100.0,75.0,-2.95,3.8816617,0.0,0.95,18.77962962,32.15,31.7,32.28333333333333,32.05,33.61666666666667,-15.913333313333332,0.2388888300000005,0.2393333333333331,2.6973333333333334,3.039333333333333,18.744444453333333,2.672888888888892,5.263287,5.117814,5.0945086,5.1531396,5.404902,1,1.0,1,0.75,-0.94,23.7,76.3
2022-11-29 09:00:00,63.51273730555,0.0,0.0,18.77962962,3.039333333333333,33.61666666666667,0,5.1764362714980825,70.66250196097344,9,1,11,0.7071067811865476,-0.7071067811865475,0.7818314824680298,0.6234898018587336,-0.5000000000000004,0.8660254037844384,18.0,11.25,3.75,7.6,13.7,100.0,75.0,-2.8,3.9216404,0.0,1.1,18.5388889,32.6,32.15,31.7,32.28333333333333,33.65,-15.740296286666664,-0.0703703600000018,0.1026666666666669,2.9366666666666665,3.286,18.74691358333333,2.891111111111113,5.404902,5.263287,5.117814,5.0945086,5.333732,0,2.0,0,0.5,-0.95,24.2,75.8
2022-11-29 09:15:00,71.743241388884,25.199547511112,25.207047277776,18.5388889,3.286,33.65,1,5.1764362714980825,70.66250196097344,9,1,11,0.7071067811865476,-0.7071067811865475,0.7818314824680298,0.6234898018587336,-0.5000000000000004,0.8660254037844384,35.5,19.0,6.708333333333333,7.324999999999999,14.05,100.0,73.75,-2.625,3.9696019,0.0,1.525,18.47777778,33.61666666666667,32.6,32.15,31.7,33.5,-15.2528889,-0.240740719999998,0.2466666666666666,3.039333333333333,3.4406666666666665,18.722839500000003,3.087333333333336,5.333732,5.404902,5.263287,5.117814,5.290764,0,2.0,1,0.5,-1.01,26.4,73.6
2022-11-29 09:30:00,127.139636411112,90.521378983334,90.53443406111,18.47777778,3.4406666666666665,33.5,2,5.1764362714980825,70.66250196097344,9,1,11,0.7071067811865476,-0.7071067811865475,0.7818314824680298,0.6234898018587336,-0.5000000000000004,0.8660254037844384,53.0,30.0,11.125,7.05,14.4,100.0,72.5,-2.45,4.016579,0.0,1.95,18.67222221,33.65,33.61666666666667,32.6,32.15,32.8,-15.037111113333332,-0.0611111199999996,0.1546666666666665,3.286,3.744,18.59876543333333,3.255333333333336,5.290764,5.333732,5.404902,5.263287,5.2402034,0,2.0,1,0.5,-1.02,27.1,72.9
2022-11-29 09:45:00,45.86455434444,0.0,0.0,18.67222221,3.744,32.8,0,5.1764362714980825,70.66250196097344,9,1,11,0.7071067811865476,-0.7071067811865475,0.7818314824680298,0.6234898018587336,-0.5000000000000004,0.8660254037844384,70.5,44.25,17.0,6.775,14.75,100.0,71.25,-2.275,4.062487,0.0,2.375,18.525925933333333,33.5,33.65,33.61666666666667,32.6,32.5,-14.928222209999998,0.1944444299999972,0.3033333333333337,3.4406666666666665,3.968,18.562962963333334,3.4902222222222243,5.2402034,5.290764,5.333732,5.404902,5.1474943,1,2.0,1,0.5,-0.98,25.3,74.7
2022-11-29 10:00:00,123.919765144448,67.240921372222,67.251476533332,18.525925933333333,3.968,32.5,1,5.1764362714980825,70.66250196097344,10,1,11,0.4999999999999999,-0.8660254037844387,0.7818314824680298,0.6234898018587336,-0.5000000000000004,0.8660254037844384,88.0,61.75,24.33333333333333,6.5,15.1,100.0,70.0,-2.1,4.107236,0.0,2.8,18.56666665,32.8,33.5,33.65,33.61666666666667,32.45,-14.557925933333332,-0.1462962766666642,0.2239999999999993,3.744,4.264,18.558641974444445,3.717555555555558,5.1474943,5.2402034,5.290764,5.333732,5.151993,0,1.0,1,0.75,-1.02,26.8,73.2
2022-11-29 10:15:00,84.97215656111,37.051573477776,37.059351016662,18.56666665,4.264,32.45,1,5.1764362714980825,70.66250196097344,10,1,11,0.4999999999999999,-0.8660254037844387,0.7818314824680298,0.6234898018587336,-0.5000000000000004,0.8660254037844384,112.0,80.875,33.666666666666664,6.05,15.475,100.0,67.25,-2.375,4.0262585,0.0,3.1,18.60185187,32.5,32.8,33.5,33.65,32.03333333333333,-14.302666650000004,0.0407407166666686,0.2960000000000007,3.968,4.593333333333334,18.58827159777778,3.992000000000002,5.151993,5.1474943,5.2402034,5.290764,5.0964475,0,1.0,0,0.75,-1.01,26.4,73.6
2022-11-29 10:30:00,63.206916055556,14.209431599999998,14.213042605554,18.60185187,4.593333333333334,32.03333333333333,1,5.1764362714980825,70.66250196097344,10,1,11,0.4999999999999999,-0.8660254037844387,0.7818314824680298,0.6234898018587336,-0.5000000000000004,0.8660254037844384,136.0,101.625,45.0,5.6,15.85,100.0,64.5,-2.6500000000000004,3.940079,0.0,3.4,18.48888886,32.45,32.5,32.8,33.5,32.05,-14.008518536666667,0.0351852199999989,0.3293333333333335,4.264,4.602666666666666,18.564814817777783,4.275111111111113,5.0964475,5.151993,5.1474943,5.2402034,5.065095,0,1.0,0,0.75,-1.0,26.2,73.8
2022-11-29 10:45:00,821.334367594442,100.241267972222,100.254600805554,18.48888886,4.602666666666666,32.05,2,5.1764362714980825,70.66250196097344,10,1,11,0.4999999999999999,-0.8660254037844387,0.7818314824680298,0.6234898018587336,-0.5000000000000004,0.8660254037844384,160.0,124.0,58.333333333333336,5.15,16.225,100.0,61.75,-2.9250000000000003,3.8485405,0.0,3.7,18.70370368,32.03333333333333,32.45,32.5,32.8,32.46666666666667,-13.886222193333332,-0.1129630100000014,0.0093333333333323,4.593333333333334,4.765333333333333,18.55246912666667,4.486666666666669,5.065095,5.0964475,5.151993,5.1474943,5.196619,0,0.0,1,1.0,-1.03,27.3,72.7
2022-11-29 11:00:00,56.622734966668,0.0,0.0,18.70370368,4.765333333333333,32.46666666666667,0,5.1764362714980825,70.66250196097344,11,1,11,0.258819045102521,-0.9659258262890682,0.7818314824680298,0.6234898018587336,-0.5000000000000004,0.8660254037844384,184.0,148.0,73.66666666666667,4.7,16.6,100.0,59.0,-3.2,3.7514858,0.0,4.0,18.59444446,32.05,32.03333333333333,32.45,32.5,32.9,-13.938370346666666,0.2148148200000008,0.1626666666666674,4.602666666666666,4.883333333333334,18.59814813666667,4.653777777777781,5.196619,5.065095,5.0964475,5.151993,5.232038,1,1.0,1,0.75,-0.98,25.1,74.9
2022-11-29 11:15:00,91.389955405554,38.962330311112,38.96983006111,18.59444446,4.883333333333334,32.9,1,5.1764362714980825,70.66250196097344,11,1,11,0.258819045102521,-0.9659258262890682,0.7818314824680298,0.6234898018587336,-0.5000000000000004,0.8660254037844384,221.5,175.375,91.75,4.525,15.95,100.0,57.75,-3.2750000000000004,3.7398334,0.0,4.275,18.55370367333333,32.46666666666667,32.05,32.03333333333333,32.45,34.2,-13.711111126666664,-0.1092592200000019,0.1180000000000003,4.765333333333333,5.008666666666667,18.595679,4.750444444444447,5.232038,5.196619,5.065095,5.0964475,5.4256682,0,1.0,1,0.75,-1.0,26.1,73.9
2022-11-29 11:30:00,158.928087188884,111.137498788888,111.153331572218,18.55370367333333,5.008666666666667,34.2,2,5.1764362714980825,70.66250196097344,11,1,11,0.258819045102521,-0.9659258262890682,0.7818314824680298,0.6234898018587336,-0.5000000000000004,0.8660254037844384,259.0,206.125,112.58333333333331,4.35,15.3,100.0,56.5,-3.35,3.7263129,0.0,4.55,18.78333331,32.9,32.46666666666667,32.05,32.03333333333333,34.75,-13.545037006666668,-0.0407407866666638,0.1253333333333328,4.883333333333334,5.075333333333333,18.617283937777778,4.88577777777778,5.4256682,5.232038,5.196619,5.065095,5.588344,0,1.0,1,0.75,-1.0,26.2,73.8
2022-11-29 11:45:00,41.3050144,0.0,0.0,18.78333331,5.075333333333333,34.75,0,5.1764362714980825,70.66250196097344,11,1,11,0.258819045102521,-0.9659258262890682,0.7818314824680298,0.6234898018587336,-0.5000000000000004,0.8660254037844384,296.5,240.25,136.16666666666666,4.175,14.65,100.0,55.25,-3.425,3.7108698,0.0,4.824999999999999,18.63703707,34.2,32.9,32.46666666666667,32.05,34.03333333333333,-13.707999976666668,0.2296296366666652,0.0666666666666664,5.008666666666667,5.215333333333334,18.64382714777778,4.9891111111111135,5.588344,5.4256682,5.232038,5.196619,5.425933,1,2.0,1,0.5,-0.95,23.9,76.1
2022-11-29 12:00:00,97.544431433332,61.160331255556,61.170053116666,18.63703707,5.215333333333334,34.03333333333333,1,5.1764362714980825,70.66250196097344,12,1,11,1.2246467991473532e-16,-1.0,0.7818314824680298,0.6234898018587336,-0.5000000000000004,0.8660254037844384,334.0,277.75,162.5,4.0,14.0,100.0,54.0,-3.5,3.6934454,0.0,5.1,18.65555559,34.75,34.2,32.9,32.46666666666667,34.65,-13.421703736666668,-0.146296239999998,0.1400000000000005,5.075333333333333,5.074,18.658024684444445,5.09977777777778,5.425933,5.588344,5.4256682,5.232038,5.530307,0,1.0,1,0.75,-0.98,25.4,74.6
2022-11-29 12:15:00,149.724566377776,90.309998555556,90.322220316666,18.65555559,5.074,34.65,2,5.1764362714980825,70.66250196097344,12,1,11,1.2246467991473532e-16,-1.0,0.7818314824680298,0.6234898018587336,-0.5000000000000004,0.8660254037844384,323.75,303.3125,186.52083333333331,4.625,14.825,100.0,53.0,-3.55,3.6731951,0.0,5.3,18.812962963333334,34.03333333333333,34.75,34.2,32.9,34.35,-13.58155559,0.018518519999997,-0.1413333333333337,5.215333333333334,5.095333333333333,18.69197532333333,5.121555555555559,5.530307,5.425933,5.588344,5.4256682,5.533703,0,1.0,1,0.75,-0.98,25.1,74.9
2022-11-29 12:30:00,403.469694016662,0.0,0.0,18.812962963333334,5.095333333333333,34.35,0,5.1764362714980825,70.66250196097344,12,1,11,1.2246467991473532e-16,-1.0,0.7818314824680298,0.6234898018587336,-0.5000000000000004,0.8660254037844384,313.5,316.9375,208.22916666666663,5.25,15.65,100.0,52.0,-3.6,3.6516752,0.0,5.5,18.60000002,34.65,34.03333333333333,34.75,34.2,33.7,-13.71762963,0.157407373333335,0.0213333333333327,5.074,5.160666666666667,18.701851874444447,5.128222222222225,5.533703,5.530307,5.425933,5.588344,5.3610234,1,2.0,1,0.5,-0.94,23.7,76.3
2022-11-29 12:45:00,95.829777772222,58.927365027778,58.937086905554,18.60000002,5.160666666666667,33.7,1,5.1764362714980825,70.66250196097344,12,1,11,1.2246467991473532e-16,-1.0,0.7818314824680298,0.6234898018587336,-0.5000000000000004,0.8660254037844384,303.25,318.625,227.625,5.875,16.475,100.0,51.0,-3.65,3.6288605,0.0,5.7,18.625925916666667,34.35,34.65,34.03333333333333,34.75,33.96666666666667,-13.439333353333332,-0.2129629433333342,0.0653333333333341,5.095333333333333,5.63,18.68950619111111,5.110000000000002,5.3610234,5.533703,5.530307,5.425933,5.411744,0,1.0,1,0.75,-0.99,25.8,74.2
2022-11-29 13:00:00,135.327642277776,93.185994627778,93.198771916666,18.625925916666667,5.63,33.96666666666667,2,5.1764362714980825,70.66250196097344,13,1,11,-0.2588190451025208,-0.9659258262890684,0.7818314824680298,0.6234898018587336,-0.5000000000000004,0.8660254037844384,293.0,308.375,244.70833333333331,6.5,17.3,100.0,50.0,-3.7,3.6047237,0.0,5.9,18.85555555,33.7,34.35,34.65,34.03333333333333,33.3,-12.995925916666668,0.0259258966666671,0.4693333333333331,5.160666666666667,5.722666666666667,18.67962963333333,5.295333333333336,5.411744,5.3610234,5.533703,5.530307,5.3780684,0,1.0,1,0.75,-0.99,25.5,74.5
2022-11-29 13:15:00,46.939511494434,0.0,0.0,18.85555555,5.722666666666667,33.3,0,5.1764362714980825,70.66250196097344,13,1,11,-0.2588190451025208,-0.9659258262890684,0.7818314824680298,0.6234898018587336,-0.5000000000000004,0.8660254037844384,299.25,302.25,260.3125,6.45,17.65,100.0,49.75,-3.6,3.6340206,0.0,6.1000000000000005,18.67222222666667,33.96666666666667,33.7,34.35,34.65,33.0,-13.132888883333337,0.2296296333333352,0.0926666666666671,5.63,5.792,18.693827162222224,5.504444444444448,5.3780684,5.411744,5.3610234,5.533703,5.2721562,1,2.0,1,0.5,-0.94,23.5,76.5
2022-11-29 13:30:00,101.332613249998,48.815269527778,48.824435877776,18.67222222666667,5.792,33.0,1,5.1764362714980825,70.66250196097344,13,1,11,-0.2588190451025208,-0.9659258262890684,0.7818314824680298,0.6234898018587336,-0.5000000000000004,0.8660254037844384,305.5,300.25,274.4375,6.4,18.0,100.0,49.5,-3.5,3.663385,0.0,6.300000000000001,18.65555559,33.3,33.96666666666667,33.7,34.35,33.3,-12.88022222666667,-0.1833333233333327,0.0693333333333328,5.722666666666667,5.848,18.717901231111117,5.714888888888891,5.2721562,5.3780684,5.411744,5.3610234,5.3148403,0,1.0,1,0.75,-0.98,25.3,74.7
2022-11-29 13:45:00,152.4955666,103.770571211112,103.785015116666,18.65555559,5.848,33.3,2,5.1764362714980825,70.66250196097344,13,1,11,-0.2588190451025208,-0.9659258262890684,0.7818314824680298,0.6234898018587336,-0.5000000000000004,0.8660254037844384,311.75,302.375,287.0833333333333,6.35,18.35,100.0,49.25,-3.4,3.6928127,0.0,6.5,18.8537037,33.0,33.3,33.96666666666667,33.7,32.85,-12.80755559,-0.0166666366666703,0.056,5.792,6.194,18.72777778888889,5.787555555555559,5.3148403,5.2721562,5.3780684,5.411744,5.3048124,0,1.0,1,0.75,-0.98,25.4,74.6
2022-11-29 14:00:00,49.978556494438,0.0,0.0,18.8537037,6.194,32.85,0,5.1764362714980825,70.66250196097344,14,1,11,-0.4999999999999997,-0.8660254037844388,0.7818314824680298,0.6234898018587336,-0.5000000000000004,0.8660254037844384,318.0,308.625,298.25,6.3,18.7,100.0,49.0,-3.3,3.7223,0.0,6.7,18.67777776,33.3,33.0,33.3,33.96666666666667,32.55,-12.659703699999998,0.1981481099999982,0.3460000000000001,5.848,5.820666666666667,18.72716050555556,5.944666666666669,5.3048124,5.3148403,5.2721562,5.3780684,5.201973,1,2.0,1,0.5,-0.94,23.6,76.4
2022-11-29 14:15:00,108.410385694442,71.832959916666,71.843237305554,18.67777776,5.820666666666667,32.55,2,5.1764362714980825,70.66250196097344,14,1,11,-0.4999999999999997,-0.8660254037844388,0.7818314824680298,0.6234898018587336,-0.5000000000000004,0.8660254037844384,307.5,310.6875,305.4166666666667,6.075,18.35,95.5,48.75,-3.25,3.7275078,0.0,6.8,18.71296296,32.85,33.3,33.0,33.3,32.96666666666667,-12.857111093333334,-0.1759259399999955,-0.3733333333333331,6.194,5.715999999999999,18.72901235,5.954222222222225,5.201973,5.3048124,5.3148403,5.2721562,5.2795396,0,1.0,1,0.75,-0.98,25.3,74.7
2022-11-29 14:30:00,135.259033905554,98.792992588888,98.807714316662,18.71296296,5.715999999999999,32.96666666666667,2,5.1764362714980825,70.66250196097344,14,1,11,-0.4999999999999997,-0.8660254037844388,0.7818314824680298,0.6234898018587336,-0.5000000000000004,0.8660254037844384,297.0,308.5625,308.5833333333333,5.85,18.0,91.0,48.5,-3.2,3.7326052,0.0,6.9,18.91111109,32.55,32.85,33.3,33.0,32.3,-12.996962960000005,0.0351852000000008,-0.1046666666666675,5.820666666666667,5.748666666666667,18.74814814,5.910222222222224,5.2795396,5.201973,5.3048124,5.3148403,5.2337136,0,1.0,0,0.75,-0.97,24.9,75.1
2022-11-29 14:45:00,65.238501622216,0.0,0.0,18.91111109,5.748666666666667,32.3,0,5.1764362714980825,70.66250196097344,14,1,11,-0.4999999999999997,-0.8660254037844388,0.7818314824680298,0.6234898018587336,-0.5000000000000004,0.8660254037844384,286.5,302.25,307.75,5.625,17.65,86.5,48.25,-3.15,3.7375896,0.0,7.0,18.72777778333333,32.96666666666667,32.55,32.85,33.3,32.18333333333333,-13.162444423333335,0.1981481299999998,0.0326666666666675,5.715999999999999,5.737333333333334,18.767283936666672,5.76177777777778,5.2337136,5.2795396,5.201973,5.3048124,5.1586094,1,2.0,1,0.5,-0.93,23.2,76.8
2022-11-29 15:00:00,95.256745211108,44.896259644444,44.90431492222,18.72777778333333,5.737333333333334,32.18333333333333,1,5.1764362714980825,70.66250196097344,15,1,11,-0.7071067811865471,-0.7071067811865479,0.7818314824680298,0.6234898018587336,-0.5000000000000004,0.8660254037844384,276.0,291.75,302.9166666666667,5.4,17.3,82.0,48.0,-3.1,3.7424603,0.0,7.1,18.67777779,32.3,32.96666666666667,32.55,32.85,32.8,-12.99044445,-0.1833333066666682,-0.0113333333333329,5.748666666666667,5.855333333333333,18.783950611111116,5.734000000000002,5.1586094,5.2337136,5.2795396,5.201973,5.241926,0,1.0,1,0.75,-0.97,24.9,75.1
2022-11-29 15:15:00,161.507428394442,124.890281972222,124.906392494442,18.67777779,5.855333333333333,32.8,2,5.1764362714980825,70.66250196097344,15,1,11,-0.7071067811865471,-0.7071067811865479,0.7818314824680298,0.6234898018587336,-0.5000000000000004,0.8660254037844384,262.5,280.5,297.8125,5.3500000000000005,16.575,86.5,48.75,-2.95,3.7886114,0.0,7.05,18.925925886666665,32.18333333333333,32.3,32.96666666666667,32.55,32.35,-12.822444456666666,-0.0499999933333334,0.1179999999999994,5.737333333333334,5.733333333333333,18.772222221111114,5.780444444444448,5.241926,5.1586094,5.2337136,5.2795396,5.246403,0,1.0,1,0.75,-0.98,25.3,74.7
2022-11-29 15:30:00,50.44242663889,0.0,0.0,18.925925886666665,5.733333333333333,32.35,0,5.1764362714980825,70.66250196097344,15,1,11,-0.7071067811865471,-0.7071067811865479,0.7818314824680298,0.6234898018587336,-0.5000000000000004,0.8660254037844384,249.0,268.5,292.4375,5.300000000000001,15.85,91.0,49.5,-2.8,3.8344178,0.0,7.0,18.77777775,32.8,32.18333333333333,32.3,32.96666666666667,32.05,-13.19259255333333,0.2481480966666644,-0.1219999999999998,5.855333333333333,5.544666666666667,18.77716048666667,5.775333333333336,5.246403,5.241926,5.1586094,5.2337136,5.1524496,1,2.0,1,0.5,-0.93,23.1,76.9
2022-11-29 15:45:00,90.125006055552,51.099067088888,51.10962228333,18.77777775,5.544666666666667,32.05,1,5.1764362714980825,70.66250196097344,15,1,11,-0.7071067811865471,-0.7071067811865479,0.7818314824680298,0.6234898018587336,-0.5000000000000004,0.8660254037844384,235.5,255.75,286.7916666666667,5.25,15.125,95.5,50.25,-2.65,3.8798835,0.0,6.95,18.720370366666668,32.35,32.8,32.18333333333333,32.3,32.46666666666667,-13.23311108333333,-0.1481481366666663,-0.1886666666666663,5.733333333333333,5.612,18.793827142222224,5.711111111111113,5.1524496,5.246403,5.241926,5.1586094,5.2017455,0,1.0,1,0.75,-0.96,24.5,75.5
2022-11-29 16:00:00,169.051848922216,124.579738844444,124.596682649998,18.720370366666668,5.612,32.46666666666667,2,5.1764362714980825,70.66250196097344,16,1,11,-0.8660254037844385,-0.5000000000000004,0.7818314824680298,0.6234898018587336,-0.5000000000000004,0.8660254037844384,222.0,242.25,280.875,5.2,14.4,100.0,51.0,-2.5,3.9250073,0.0,6.9,18.98333336,32.05,32.35,32.8,32.18333333333333,32.15,-13.108370366666668,-0.0574073833333308,0.067333333333333,5.544666666666667,5.556666666666667,18.80802466777778,5.630000000000003,5.2017455,5.1524496,5.246403,5.241926,5.2316704,0,1.0,1,0.75,-0.97,25.0,75.0
2022-11-29 16:15:00,63.471905505554,0.0,0.0,18.98333336,5.556666666666667,32.15,0,5.1764362714980825,70.66250196097344,16,1,11,-0.8660254037844385,-0.5000000000000004,0.7818314824680298,0.6234898018587336,-0.5000000000000004,0.8660254037844384,186.75,223.3125,271.5,5.1,13.775,100.0,53.75,-2.15,4.0433974,0.0,6.550000000000001,18.78703703333333,32.46666666666667,32.05,32.35,32.8,32.0,-13.426666693333331,0.2629629933333319,-0.0553333333333334,5.612,5.413333333333333,18.827160492222223,5.571111111111114,5.2316704,5.2017455,5.1524496,5.246403,5.1472273,1,2.0,1,0.5,-0.91,22.6,77.4
2022-11-29 16:30:00,94.234563816666,49.369969555556,49.37858036111,18.78703703333333,5.413333333333333,32.0,1,5.1764362714980825,70.66250196097344,16,1,11,-0.8660254037844385,-0.5000000000000004,0.7818314824680298,0.6234898018587336,-0.5000000000000004,0.8660254037844384,151.5,198.9375,258.6666666666667,5.0,13.15,100.0,56.5,-1.8,4.1541815,0.0,6.2,18.73888889,32.15,32.46666666666667,32.05,32.35,32.3,-13.3737037,-0.1962963266666655,-0.1433333333333335,5.556666666666667,5.346,18.830246920000004,5.527333333333336,5.1472273,5.2316704,5.2017455,5.1524496,5.180713,0,1.0,1,0.75,-0.96,24.4,75.6
2022-11-29 16:45:00,173.37112054444,136.79480573889,136.812860666664,18.73888889,5.346,32.3,2,5.1764362714980825,70.66250196097344,16,1,11,-0.8660254037844385,-0.5000000000000004,0.7818314824680298,0.6234898018587336,-0.5000000000000004,0.8660254037844384,116.25,169.125,242.375,4.9,12.525,100.0,59.25,-1.4500000000000002,4.2576075,0.0,5.85,19.03333337333333,32.0,32.15,32.46666666666667,32.05,31.85,-13.392888889999998,-0.0481481433333357,-0.067333333333333,5.413333333333333,5.233333333333333,18.836419761111117,5.43866666666667,5.180713,5.1472273,5.2316704,5.2017455,5.1981683,0,1.0,1,0.75,-0.97,24.8,75.2
2022-11-29 17:00:00,44.977645222224,0.0,0.0,19.03333337333333,5.233333333333333,31.85,0,5.1764362714980825,70.66250196097344,17,1,11,-0.9659258262890684,-0.2588190451025206,0.7818314824680298,0.6234898018587336,-0.5000000000000004,0.8660254037844384,81.0,133.875,222.625,4.8,11.9,100.0,62.0,-1.1,4.3539205,0.0,5.5,18.85000003,32.3,32.0,32.15,32.46666666666667,31.55,-13.80000004,0.2944444833333364,-0.1126666666666666,5.346,5.065333333333333,18.853086432222224,5.33088888888889,5.1981683,5.180713,5.1472273,5.2316704,5.093765,1,2.0,1,0.5,-0.9,22.2,77.8
2022-11-29 17:15:00,95.284521899996,49.829951188888,49.839117538886,18.85000003,5.065333333333333,31.55,1,5.1764362714980825,70.66250196097344,17,1,11,-0.9659258262890684,-0.2588190451025206,0.7818314824680298,0.6234898018587336,-0.5000000000000004,0.8660254037844384,62.25,102.75,202.1875,5.7,12.075,100.0,63.25,-1.3250000000000002,4.2976375,0.0,5.0,18.735185193333333,31.85,32.3,32.0,32.15,31.966666666666665,-13.784666696666669,-0.1833333433333344,-0.1680000000000001,5.233333333333333,4.956,18.87407409777778,5.214888888888891,5.093765,5.1981683,5.180713,5.1472273,5.1261253,0,1.0,1,0.75,-0.95,23.9,76.1
2022-11-29 17:30:00,169.462665688888,116.861714227778,116.875324833332,18.735185193333333,4.956,31.966666666666665,2,5.1764362714980825,70.66250196097344,17,1,11,-0.9659258262890684,-0.2588190451025206,0.7818314824680298,0.6234898018587336,-0.5000000000000004,0.8660254037844384,43.5,75.75,181.0625,6.6,12.25,100.0,64.5,-1.55,4.2398453,0.0,4.5,18.96666668,31.55,31.85,32.3,32.0,31.65,-13.779185193333332,-0.1148148366666674,-0.1093333333333328,5.065333333333333,4.862,18.872839532222223,5.084888888888892,5.1261253,5.093765,5.1981683,5.180713,5.1452417,0,1.0,1,0.75,-0.97,24.9,75.1
2022-11-29 17:45:00,51.954033022216,0.0,0.0,18.96666668,4.862,31.65,0,5.1764362714980825,70.66250196097344,17,1,11,-0.9659258262890684,-0.2588190451025206,0.7818314824680298,0.6234898018587336,-0.5000000000000004,0.8660254037844384,24.75,52.875,159.25,7.5,12.425,100.0,65.75,-1.775,4.1806817,0.0,4.0,18.78703703333333,31.966666666666665,31.55,31.85,32.3,31.683333333333334,-14.10466668,0.2314814866666665,-0.0940000000000003,4.956,4.744,18.85061730111111,4.961111111111114,5.1452417,5.1261253,5.093765,5.1981683,5.096291,1,2.0,1,0.5,-0.92,22.9,77.1
2022-11-29 18:00:00,116.66311112222,68.469483327778,68.478371888888,18.78703703333333,4.744,31.683333333333334,1,5.1764362714980825,70.66250196097344,18,1,11,-1.0,-1.8369701987210294e-16,0.7818314824680298,0.6234898018587336,-0.5000000000000004,0.8660254037844384,6.0,34.125,136.75,8.4,12.6,100.0,67.0,-2.0,4.120283,0.0,3.5,18.77222225,31.65,31.966666666666665,31.55,31.85,31.95,-14.043037033333334,-0.1796296466666653,-0.1180000000000003,4.862,4.6466666666666665,18.82962963555556,4.854000000000003,5.096291,5.1452417,5.1261253,5.093765,5.134686,0,1.0,1,0.75,-0.96,24.5,75.5
2022-11-29 18:15:00,136.816193916662,100.293765872222,100.307654266664,18.77222225,4.6466666666666665,31.95,2,5.1764362714980825,70.66250196097344,18,1,11,-1.0,-1.8369701987210294e-16,0.7818314824680298,0.6234898018587336,-0.5000000000000004,0.8660254037844384,4.5,19.6875,115.25,9.25,14.675,100.0,67.25,-2.175,4.073805,0.0,3.275,18.975925956666668,31.683333333333334,31.65,31.966666666666665,31.55,31.35,-14.125555583333336,-0.0148147833333318,-0.0973333333333332,4.744,4.5280000000000005,18.84197532111111,4.750888888888891,5.134686,5.096291,5.1452417,5.1261253,5.0992584,0,1.0,1,0.75,-0.96,24.6,75.4
2022-11-29 18:30:00,356.094644511112,0.0,0.0,18.975925956666668,4.5280000000000005,31.35,0,5.1764362714980825,70.66250196097344,18,1,11,-1.0,-1.8369701987210294e-16,0.7818314824680298,0.6234898018587336,-0.5000000000000004,0.8660254037844384,3.0,9.5625,94.75,10.1,16.75,100.0,67.5,-2.35,4.0276804,0.0,3.05,18.77777777,31.95,31.683333333333334,31.65,31.966666666666665,31.35,-14.447925956666667,0.2037037066666656,-0.118666666666666,4.6466666666666665,4.3133333333333335,18.84506174666667,4.639555555555558,5.0992584,5.134686,5.096291,5.1452417,5.039916,1,2.0,1,0.5,-0.92,22.8,77.2
2022-11-29 18:45:00,159.592227072226,102.176468327778,102.188134527778,18.77777777,4.3133333333333335,31.35,2,5.1764362714980825,70.66250196097344,18,1,11,-1.0,-1.8369701987210294e-16,0.7818314824680298,0.6234898018587336,-0.5000000000000004,0.8660254037844384,1.5,3.75,75.25,10.95,18.825,100.0,67.75,-2.5250000000000004,3.9819112,0.0,2.825,18.875925953333333,31.35,31.95,31.683333333333334,31.65,31.5,-14.464444436666668,-0.1981481866666676,-0.214666666666667,4.5280000000000005,4.0873333333333335,18.84197532555556,4.496000000000002,5.039916,5.0992584,5.134686,5.096291,5.093489,0,1.0,1,0.75,-0.96,24.7,75.3
2022-11-29 19:00:00,135.244590116662,81.72145324444399,81.732841755552,18.875925953333333,4.0873333333333335,31.5,2,5.1764362714980825,70.66250196097344,19,1,11,-0.9659258262890684,0.2588190451025203,0.7818314824680298,0.6234898018587336,-0.5000000000000004,0.8660254037844384,0.0,2.25,56.75,11.8,20.9,100.0,68.0,-2.7,3.936496,0.0,2.6,18.99444446,31.35,31.35,31.95,31.683333333333334,31.15,-14.78859262,0.0981481833333326,-0.2259999999999999,4.3133333333333335,3.92,18.87654322666667,4.309555555555559,5.093489,5.039916,5.0992584,5.134686,5.0722685,0,1.0,0,0.75,-0.94,23.7,76.3
2022-11-29 19:15:00,42.308585538882,0.0,0.0,18.99444446,3.92,31.15,0,5.1764362714980825,70.66250196097344,19,1,11,-0.9659258262890684,0.2588190451025203,0.7818314824680298,0.6234898018587336,-0.5000000000000004,0.8660254037844384,0.0,1.125,41.1875,12.225,21.625,99.25,67.0,-2.9000000000000004,3.8851488,0.0,2.625,18.772222226666667,31.5,31.35,31.35,31.95,31.366666666666667,-15.07444446,0.1185185066666676,-0.1673333333333335,4.0873333333333335,3.8786666666666663,18.88271606111111,4.106888888888892,5.0722685,5.093489,5.039916,5.0992584,5.0409384,1,2.0,1,0.5,-0.92,22.7,77.3
2022-11-29 19:30:00,279.407989966664,112.149402711112,112.159124605554,18.772222226666667,3.8786666666666663,31.366666666666667,2,5.1764362714980825,70.66250196097344,19,1,11,-0.9659258262890684,0.2588190451025203,0.7818314824680298,0.6234898018587336,-0.5000000000000004,0.8660254037844384,0.0,0.375,28.5625,12.65,22.35,98.5,66.0,-3.1,3.8336148,0.0,2.6500000000000004,18.92222222,31.15,31.5,31.35,31.35,32.35,-14.89355556,-0.2222222333333334,-0.0413333333333332,3.92,3.9166666666666665,18.880864213333336,3.962000000000003,5.0409384,5.0722685,5.093489,5.039916,5.245256,0,1.0,1,0.75,-0.97,24.7,75.3
2022-11-29 19:45:00,145.217524449998,49.163311155556,49.176088494442,18.92222222,3.9166666666666665,32.35,1,5.1764362714980825,70.66250196097344,19,1,11,-0.9659258262890684,0.2588190451025203,0.7818314824680298,0.6234898018587336,-0.5000000000000004,0.8660254037844384,0.0,0.0,18.875,13.075,23.075,97.75,65.0,-3.3,3.781895,0.0,2.6750000000000003,18.97037038333333,31.366666666666667,31.15,31.5,31.35,32.5,-15.005555553333332,0.1499999933333313,0.0379999999999998,3.8786666666666663,3.77,18.896296302222225,3.9051111111111134,5.245256,5.0409384,5.0722685,5.093489,5.2845798,0,1.0,1,0.75,-0.93,23.1,76.9
2022-11-29 20:00:00,121.244038977776,0.0,0.0,18.97037038333333,3.77,32.5,0,5.1764362714980825,70.66250196097344,20,1,11,-0.8660254037844386,0.5000000000000001,0.7818314824680298,0.6234898018587336,-0.5000000000000004,0.8660254037844384,0.0,0.0,12.125,13.5,23.8,97.0,64.0,-3.5,3.729988,0.0,2.7,18.74444442,32.35,31.366666666666667,31.15,31.5,32.85,-15.200370383333333,0.0481481633333338,-0.1466666666666665,3.9166666666666665,3.622,18.88827161,3.8551111111111136,5.2845798,5.245256,5.0409384,5.0722685,5.270661,1,2.0,1,0.5,-0.91,22.6,77.4
2022-11-29 20:15:00,123.745050116662,0.0,0.0,18.74444442,3.622,32.85,0,5.1764362714980825,70.66250196097344,20,1,11,-0.8660254037844386,0.5000000000000001,0.7818314824680298,0.6234898018587336,-0.5000000000000004,0.8660254037844384,0.0,0.0,6.9375,13.45,24.6,97.0,64.0,-3.575,3.711187,0.0,2.625,18.598148156666664,32.5,32.35,31.366666666666667,31.15,33.0,-15.122444419999995,-0.225925963333335,-0.1480000000000001,3.77,3.522,18.87901234111111,3.769555555555558,5.270661,5.2845798,5.245256,5.0409384,5.2490916,0,2.0,0,0.5,-0.96,24.6,75.4
2022-11-29 20:30:00,146.965510111108,33.595322816666,33.622821749998,18.598148156666664,3.522,33.0,1,5.1764362714980825,70.66250196097344,20,1,11,-0.8660254037844386,0.5000000000000001,0.7818314824680298,0.6234898018587336,-0.5000000000000004,0.8660254037844384,0.0,0.0,3.3125,13.4,25.4,97.0,64.0,-3.65,3.6924675,0.0,2.55,18.62777778,32.85,32.5,32.35,31.366666666666667,32.95,-15.076148156666664,-0.1462962633333333,-0.1,3.622,3.4006666666666665,18.77098765333333,3.638000000000002,5.2490916,5.270661,5.2845798,5.245256,5.250339,0,2.0,1,0.5,-1.0,26.0,74.0
2022-11-29 20:45:00,194.9613679,92.082149883334,92.114648633332,18.62777778,3.4006666666666665,32.95,2,5.1764362714980825,70.66250196097344,20,1,11,-0.8660254037844386,0.5000000000000001,0.7818314824680298,0.6234898018587336,-0.5000000000000004,0.8660254037844384,0.0,0.0,1.25,13.35,26.2,97.0,64.0,-3.725,3.6738315,0.0,2.475,18.88148144333333,33.0,32.85,32.5,32.35,32.53333333333333,-15.227111113333333,0.029629623333335,-0.1213333333333333,3.522,3.130666666666667,18.65679011888889,3.514888888888891,5.250339,5.2490916,5.270661,5.2845798,5.2623043,0,2.0,1,0.5,-0.99,25.7,74.3
2022-11-29 21:00:00,108.648153700008,0.0,0.0,18.88148144333333,3.130666666666667,32.53333333333333,0,5.1764362714980825,70.66250196097344,21,1,11,-0.7071067811865477,0.7071067811865474,0.7818314824680298,0.6234898018587336,-0.5000000000000004,0.8660254037844384,0.0,0.0,0.75,13.3,27.0,97.0,64.0,-3.8,3.655278,0.0,2.4,18.74444442,32.95,33.0,32.85,32.5,32.5,-15.750814776666664,0.2537036633333329,-0.2699999999999996,3.4006666666666665,2.941333333333333,18.702469126666667,3.351111111111113,5.2623043,5.250339,5.2490916,5.270661,5.2145047,1,2.0,1,0.5,-0.93,23.4,76.6
2022-11-29 21:15:00,124.298083527774,0.0,0.0,18.74444442,2.941333333333333,32.5,0,5.1764362714980825,70.66250196097344,21,1,11,-0.7071067811865477,0.7071067811865474,0.7818314824680298,0.6234898018587336,-0.5000000000000004,0.8660254037844384,0.0,0.0,0.375,12.975,27.0,97.75,64.75,-3.625,3.6918745,0.0,2.375,18.57777777,32.53333333333333,32.95,33.0,32.85,32.5,-15.803111086666664,-0.1370370233333346,-0.1893333333333338,3.130666666666667,2.9,18.751234547777774,3.157555555555557,5.2145047,5.2623043,5.250339,5.2490916,5.163327,0,2.0,0,0.5,-0.97,24.7,75.3
2022-11-29 21:30:00,116.299792255556,0.0,0.0,18.57777777,2.9,32.5,0,5.1764362714980825,70.66250196097344,21,1,11,-0.7071067811865477,0.7071067811865474,0.7818314824680298,0.6234898018587336,-0.5000000000000004,0.8660254037844384,0.0,0.0,0.125,12.65,27.0,98.5,65.5,-3.45,3.7283354,0.0,2.35,18.51666667,32.5,32.53333333333333,32.95,33.0,32.85,-15.67777777,-0.1666666499999962,-0.0413333333333332,2.941333333333333,2.9133333333333336,18.734567877777778,2.990666666666669,5.163327,5.2145047,5.2623043,5.250339,5.2000756,0,3.0,0,0.25,-1.0,26.3,73.7
2022-11-29 21:45:00,211.050724416662,112.570774772222,112.602162449998,18.51666667,2.9133333333333336,32.85,2,5.1764362714980825,70.66250196097344,21,1,11,-0.7071067811865477,0.7071067811865474,0.7818314824680298,0.6234898018587336,-0.5000000000000004,0.8660254037844384,0.0,0.0,0.0,12.325,27.0,99.25,66.25,-3.275,3.7646625,0.0,2.325,18.73703706,32.5,32.5,32.53333333333333,32.95,32.63333333333333,-15.603333336666664,-0.0611111000000015,0.0133333333333336,2.9,2.977333333333333,18.612962953333334,2.9182222222222247,5.2000756,5.163327,5.2145047,5.2623043,5.233605,0,3.0,1,0.25,-1.02,26.8,73.2
2022-11-29 22:00:00,121.344312766664,13.432518227778,13.45390632222,18.73703706,2.977333333333333,32.63333333333333,1,5.1764362714980825,70.66250196097344,22,1,11,-0.5000000000000004,0.8660254037844384,0.7818314824680298,0.6234898018587336,-0.5000000000000004,0.8660254037844384,0.0,0.0,0.0,12.0,27.0,100.0,67.0,-3.1,3.8008554,0.0,2.3,18.7611111,32.85,32.5,32.5,32.53333333333333,32.0,-15.759703726666665,0.2203703899999993,0.0639999999999996,2.9133333333333336,3.253333333333333,18.610493833333333,2.9302222222222247,5.233605,5.2000756,5.163327,5.2145047,5.1393433,0,2.0,1,0.5,-0.97,24.8,75.2
2022-11-29 22:15:00,92.182979166668,0.0,0.0,18.7611111,3.253333333333333,32.0,0,5.1764362714980825,70.66250196097344,22,1,11,-0.5000000000000004,0.8660254037844384,0.7818314824680298,0.6234898018587336,-0.5000000000000004,0.8660254037844384,0.0,0.0,0.0,12.1,26.45,100.0,67.75,-2.825,3.8825383,0.0,2.45,18.575396817857143,32.63333333333333,32.85,32.5,32.5,32.19642857142857,-15.507777766666669,0.0240740400000021,0.2759999999999998,2.977333333333333,3.7657142857142856,18.67160494333333,3.048000000000002,5.1393433,5.233605,5.2000756,5.163327,5.1143775,1,2.0,1,0.5,-0.96,24.7,75.3
2022-11-29 22:30:00,81.08703433888199,0.0,0.0,18.575396817857143,3.7657142857142856,32.19642857142857,0,5.1764362714980825,70.66250196097344,22,1,11,-0.5000000000000004,0.8660254037844384,0.7818314824680298,0.6234898018587336,-0.5000000000000004,0.8660254037844384,0.0,0.0,0.0,12.2,25.9,100.0,68.5,-2.55,3.965441,0.0,2.6,18.51666667,32.0,32.63333333333333,32.85,32.5,32.85,-14.809682532142858,-0.1857142821428574,0.5123809523809526,3.253333333333333,4.249333333333333,18.691181659285714,3.3321269841269863,5.1143775,5.1393433,5.233605,5.2000756,5.2000756,0,2.0,0,0.5,-1.01,26.4,73.6
2022-11-29 22:45:00,191.146242711112,102.096471544444,102.11035992222,18.51666667,4.249333333333333,32.85,2,5.1764362714980825,70.66250196097344,22,1,11,-0.5000000000000004,0.8660254037844384,0.7818314824680298,0.6234898018587336,-0.5000000000000004,0.8660254037844384,0.0,0.0,0.0,12.3,25.35,100.0,69.25,-2.275,4.0495768,0.0,2.75,18.768650795000003,32.19642857142857,32.0,32.63333333333333,32.85,32.80357142857143,-14.267333336666669,-0.058730147857144,0.4836190476190478,3.7657142857142856,4.396428571428571,18.617724862619053,3.756126984126986,5.2000756,5.1143775,5.1393433,5.233605,5.27075,0,2.0,1,0.5,-1.02,26.8,73.2
2022-11-29 23:00:00,83.808314249998,20.203080744444,20.209191666664,18.768650795000003,4.396428571428571,32.80357142857143,1,5.1764362714980825,70.66250196097344,23,1,11,-0.2588190451025215,0.965925826289068,0.7818314824680298,0.6234898018587336,-0.5000000000000004,0.8660254037844384,0.0,0.0,0.0,12.4,24.8,100.0,70.0,-2.0,4.13496,0.0,2.9,18.84404759,32.85,32.19642857142857,32.0,32.63333333333333,32.5,-14.37222222357143,0.2519841250000034,0.1470952380952379,4.249333333333333,4.491428571428572,18.620238094285718,4.137158730158732,5.27075,5.2000756,5.1143775,5.1393433,5.245298,0,2.0,1,0.5,-0.96,24.4,75.6
2022-11-29 23:15:00,81.237583666668,0.0,0.0,18.84404759,4.491428571428572,32.5,0,5.1764362714980825,70.66250196097344,23,1,11,-0.2588190451025215,0.965925826289068,0.7818314824680298,0.6234898018587336,-0.5000000000000004,0.8660254037844384,0.0,0.0,0.0,12.225,24.8,81.5,70.5,-1.925,4.1644955,0.0,2.9,18.63134924071429,32.80357142857143,32.85,32.19642857142857,32.0,32.5,-14.352619018571428,0.075396794999996,0.0950000000000006,4.396428571428571,4.5,18.70978835166667,4.379063492063494,5.245298,5.27075,5.2000756,5.1143775,5.1797295,1,2.0,1,0.5,-0.94,23.8,76.2
2022-11-29 23:30:00,91.637445472222,0.0,0.0,18.63134924071429,4.5,32.5,0,5.1764362714980825,70.66250196097344,23,1,11,-0.2588190451025215,0.965925826289068,0.7818314824680298,0.6234898018587336,-0.5000000000000004,0.8660254037844384,0.0,0.0,0.0,12.05,24.8,63.0,71.0,-1.85,4.194031,0.0,2.9,18.529365092142857,32.5,32.80357142857143,32.85,32.19642857142857,32.89642857142857,-14.131349240714286,-0.2126983492857128,0.008571428571428,4.491428571428572,4.5371428571428565,18.748015875238096,4.46261904761905,5.1797295,5.245298,5.27075,5.2000756,5.211345,0,2.0,0,0.5,-0.99,25.8,74.2
2022-11-29 23:45:00,170.168470855552,86.321824788888,86.333213249998,18.529365092142857,4.5371428571428565,32.89642857142857,2,5.1764362714980825,70.66250196097344,23,1,11,-0.2588190451025215,0.965925826289068,0.7818314824680298,0.6234898018587336,-0.5000000000000004,0.8660254037844384,0.0,0.0,0.0,11.875,24.8,44.5,71.5,-1.775,4.223566,0.0,2.9,18.73492061142857,32.5,32.5,32.80357142857143,32.85,33.27142857142857,-13.992222235,-0.1019841485714287,0.0371428571428564,4.5,4.452857142857143,18.668253974285715,4.509523809523812,5.211345,5.1797295,5.245298,5.27075,5.335271,0,2.0,1,0.5,-1.01,26.7,73.3
2022-11-30 00:00:00,96.74835207778,45.148749511112,45.154582644444,18.73492061142857,4.452857142857143,33.27142857142857,1,5.1764362714980825,70.66250196097344,0,2,11,0.0,1.0,0.9749279121818236,-0.2225209339563143,-0.5000000000000004,0.8660254037844384,0.0,0.0,0.0,11.7,24.8,26.0,72.0,-1.7,4.253102,0.0,2.9,18.888888880000003,32.89642857142857,32.5,32.5,32.80357142857143,32.65,-14.282063468571428,0.2055555192857134,-0.0842857142857136,4.5371428571428565,4.3933333333333335,18.631878314761902,4.496666666666669,5.335271,5.211345,5.1797295,5.245298,5.283487,0,2.0,1,0.5,-0.96,24.6,75.4
2022-11-30 00:15:00,47.201723138882,0.0,0.0,18.888888880000003,4.3933333333333335,32.65,0,5.1764362714980825,70.66250196097344,0,2,11,0.0,1.0,0.9749279121818236,-0.2225209339563143,-0.5000000000000004,0.8660254037844384,0.0,0.0,0.0,11.975,24.725,31.75,72.75,-1.575,4.290186,0.0,2.875,18.71296296333333,33.27142857142857,32.89642857142857,32.5,32.5,32.68333333333333,-14.495555546666669,0.1539682685714325,-0.0595238095238093,4.452857142857143,4.317333333333334,18.71772486119048,4.461111111111113,5.283487,5.335271,5.211345,5.1797295,5.2341647,1,2.0,1,0.5,-0.93,23.4,76.6
2022-11-30 00:30:00,133.8638119,100.643751872222,100.650140516666,18.71296296333333,4.317333333333334,32.68333333333333,2,5.1764362714980825,70.66250196097344,0,2,11,0.0,1.0,0.9749279121818236,-0.2225209339563143,-0.5000000000000004,0.8660254037844384,0.0,0.0,0.0,12.25,24.65,37.5,73.5,-1.45,4.3271317,0.0,2.85,18.89444445,32.65,33.27142857142857,32.89642857142857,32.5,32.9,-14.395629629999998,-0.1759259166666709,-0.0759999999999996,4.3933333333333335,4.27,18.7789241515873,4.387841269841272,5.2341647,5.283487,5.335271,5.211345,5.3256893,0,1.0,1,0.75,-0.97,25.0,75.0
2022-11-30 00:45:00,67.982002894442,32.167602111112004,32.173157488888,18.89444445,4.27,32.9,1,5.1764362714980825,70.66250196097344,0,2,11,0.0,1.0,0.9749279121818236,-0.2225209339563143,-0.5000000000000004,0.8660254037844384,0.0,0.0,0.0,12.525,24.575,43.25,74.25,-1.325,4.36394,0.0,2.825,18.851709367692308,32.68333333333333,32.65,33.27142857142857,32.89642857142857,32.02307692307692,-14.62444445,0.1814814866666658,-0.0473333333333343,4.317333333333334,4.21,18.83209876444444,4.326888888888892,5.3256893,5.2341647,5.283487,5.335271,5.170666,0,1.0,1,0.75,-0.93,23.2,76.8
2022-11-30 01:00:00,71.024936705554,30.098795966668,30.103240288888,18.851709367692308,4.21,32.02307692307692,1,5.1764362714980825,70.66250196097344,1,2,11,0.2588190451025207,0.9659258262890684,0.9749279121818236,-0.2225209339563143,-0.5000000000000004,0.8660254037844384,0.0,0.0,0.0,12.8,24.5,49.0,75.0,-1.2,4.40061,0.0,2.8,18.71666668,32.9,32.68333333333333,32.65,33.27142857142857,32.65,-14.641709367692307,-0.0427350823076899,-0.0599999999999996,4.27,4.165333333333333,18.819705593675213,4.265777777777781,5.170666,5.3256893,5.2341647,5.283487,5.2299724,0,1.0,0,0.75,-0.94,23.8,76.2
2022-11-30 01:15:00,159.831106383338,119.2302306,119.2393969,18.71666668,4.165333333333333,32.65,2,5.1764362714980825,70.66250196097344,1,2,11,0.2588190451025207,0.9659258262890684,0.9749279121818236,-0.2225209339563143,-0.5000000000000004,0.8660254037844384,0.0,0.0,0.0,12.875,25.025,41.0,75.25,-1.1,4.4301586,0.0,2.85,18.97777778,32.02307692307692,32.9,32.68333333333333,32.65,32.35,-14.551333346666668,-0.1350426876923087,-0.044666666666667,4.21,4.27,18.82094016589744,4.2151111111111135,5.2299724,5.170666,5.3256893,5.2341647,5.262489,0,0.0,1,1.0,-0.97,24.9,75.1
2022-11-30 01:30:00,359.849494394442,0.0,0.0,18.97777778,4.27,32.35,0,5.1764362714980825,70.66250196097344,1,2,11,0.2588190451025207,0.9659258262890684,0.9749279121818236,-0.2225209339563143,-0.5000000000000004,0.8660254037844384,0.0,0.0,0.0,12.95,25.55,33.0,75.5,-1.0,4.45985,0.0,2.9,18.8111111,32.65,32.02307692307692,32.9,32.68333333333333,32.05,-14.70777778,0.2611111000000008,0.1046666666666666,4.165333333333333,4.36,18.848717942564104,4.2151111111111135,5.262489,5.2299724,5.170666,5.3256893,5.162612,1,1.0,1,0.75,-0.91,22.6,77.4
2022-11-30 01:45:00,108.788426088888,75.346708227778,75.35504126111,18.8111111,4.36,32.05,2,5.1764362714980825,70.66250196097344,1,2,11,0.2588190451025207,0.9659258262890684,0.9749279121818236,-0.2225209339563143,-0.5000000000000004,0.8660254037844384,0.0,0.0,0.0,13.025,26.075000000000003,25.0,75.75,-0.9,4.4896846,0.0,2.95,18.875925953333333,32.35,32.65,32.02307692307692,32.9,32.46666666666667,-14.451111100000002,-0.1666666799999987,0.0900000000000007,4.27,4.538666666666667,18.835185186666667,4.265111111111113,5.162612,5.262489,5.2299724,5.170666,5.2497973,0,1.0,1,0.75,-0.95,24.2,75.8
2022-11-30 02:00:00,131.860280927778,75.093107272222,75.100606972222,18.875925953333333,4.538666666666667,32.46666666666667,2,5.1764362714980825,70.66250196097344,2,2,11,0.4999999999999999,0.8660254037844387,0.9749279121818236,-0.2225209339563143,-0.5000000000000004,0.8660254037844384,0.0,0.0,0.0,13.1,26.6,17.0,76.0,-0.8,4.519664,0.0,3.0,18.99444446,32.05,32.35,32.65,32.02307692307692,32.15,-14.337259286666663,0.0648148533333312,0.1786666666666665,4.36,4.594666666666667,18.88827161111111,4.389555555555558,5.2497973,5.162612,5.262489,5.2299724,5.2351027,0,1.0,0,0.75,-0.94,23.5,76.5
2022-11-30 02:15:00,57.931849449994,0.0,0.0,18.99444446,4.594666666666667,32.15,0,5.1764362714980825,70.66250196097344,2,2,11,0.4999999999999999,0.8660254037844387,0.9749279121818236,-0.2225209339563143,-0.5000000000000004,0.8660254037844384,0.0,0.0,0.0,13.625,27.6,32.75,76.0,-0.75,4.5424895,0.0,3.075,18.772222226666667,32.46666666666667,32.05,32.35,32.65,32.36666666666667,-14.399777793333334,0.1185185066666676,0.056,4.538666666666667,4.680000000000001,18.893827171111116,4.49777777777778,5.2351027,5.2497973,5.162612,5.262489,5.2016487,1,2.0,1,0.5,-0.91,22.5,77.5
2022-11-30 02:30:00,143.867578533328,110.791957027778,110.801956644444,18.772222226666667,4.680000000000001,32.36666666666667,2,5.1764362714980825,70.66250196097344,2,2,11,0.4999999999999999,0.8660254037844387,0.9749279121818236,-0.2225209339563143,-0.5000000000000004,0.8660254037844384,0.0,0.0,0.0,14.15,28.6,48.5,76.0,-0.7,4.565417,0.0,3.15,18.95555558,32.15,32.46666666666667,32.05,32.35,32.95,-14.092222226666667,-0.2222222333333334,0.0853333333333337,4.594666666666667,4.77,18.880864213333336,4.604444444444448,5.2016487,5.2351027,5.2497973,5.162612,5.3530664,0,1.0,1,0.75,-0.96,24.5,75.5
2022-11-30 02:45:00,81.46118600555,40.287277344444,40.294499355552,18.95555558,4.77,32.95,1,5.1764362714980825,70.66250196097344,2,2,11,0.4999999999999999,0.8660254037844387,0.9749279121818236,-0.2225209339563143,-0.5000000000000004,0.8660254037844384,0.0,0.0,0.0,14.675,29.6,64.25,76.0,-0.65,4.5884447,0.0,3.225,18.97407409,32.36666666666667,32.15,32.46666666666667,32.05,32.53333333333333,-14.185555580000004,0.1833333533333352,0.0899999999999989,4.680000000000001,5.034000000000001,18.907407422222224,4.681555555555558,5.3530664,5.2016487,5.2351027,5.2497973,5.291157,0,1.0,1,0.75,-0.92,22.7,77.3
2022-11-30 03:00:00,67.144814133332,31.279859855556,31.284581883334003,18.97407409,5.034000000000001,32.53333333333333,1,5.1764362714980825,70.66250196097344,3,2,11,0.7071067811865476,0.7071067811865476,0.9749279121818236,-0.2225209339563143,-0.5000000000000004,0.8660254037844384,0.0,0.0,0.0,15.2,30.6,80.0,76.0,-0.6,4.611575,0.0,3.3,18.833333340000003,32.95,32.36666666666667,32.15,32.46666666666667,32.8,-13.940074089999998,0.0185185099999962,0.2640000000000011,4.77,5.254666666666667,18.900617298888893,4.828000000000003,5.291157,5.3530664,5.2016487,5.2351027,5.2903647,0,1.0,0,0.75,-0.91,22.6,77.4
2022-11-30 03:15:00,164.043160361106,121.958732572222,121.972065405554,18.833333340000003,5.254666666666667,32.8,2,5.1764362714980825,70.66250196097344,3,2,11,0.7071067811865476,0.7071067811865476,0.9749279121818236,-0.2225209339563143,-0.5000000000000004,0.8660254037844384,0.0,0.0,0.0,15.7,31.950000000000003,67.5,75.25,-0.6,4.60446,0.0,3.425,19.120370386666664,32.53333333333333,32.95,32.36666666666667,32.15,32.35,-13.578666673333336,-0.1407407499999955,0.2206666666666663,5.034000000000001,5.262666666666666,18.92098767,5.019555555555558,5.2903647,5.291157,5.3530664,5.2016487,5.3069468,0,0.0,1,1.0,-0.94,23.8,76.2
2022-11-30 03:30:00,54.195054394442,0.0,0.0,19.120370386666664,5.262666666666666,32.35,0,5.1764362714980825,70.66250196097344,3,2,11,0.7071067811865476,0.7071067811865476,0.9749279121818236,-0.2225209339563143,-0.5000000000000004,0.8660254037844384,0.0,0.0,0.0,16.2,33.3,55.0,74.5,-0.6,4.596859,0.0,3.55,18.95,32.8,32.53333333333333,32.95,32.36666666666667,32.05,-13.857703719999998,0.2870370466666614,0.0079999999999991,5.254666666666667,5.477333333333333,18.97592593888889,5.183777777777781,5.3069468,5.2903647,5.291157,5.3530664,5.2051435,1,1.0,1,0.75,-0.88,21.4,78.6
2022-11-30 03:45:00,96.911679027774,62.146125188888,62.153902677776,18.95,5.477333333333333,32.05,1,5.1764362714980825,70.66250196097344,3,2,11,0.7071067811865476,0.7071067811865476,0.9749279121818236,-0.2225209339563143,-0.5000000000000004,0.8660254037844384,0.0,0.0,0.0,16.7,34.65,42.5,73.75,-0.6,4.588765,0.0,3.675,18.94047616857143,32.35,32.8,32.53333333333333,32.95,32.464285714285715,-13.472666666666663,-0.170370386666665,0.214666666666667,5.262666666666666,5.722142857142857,18.967901242222226,5.331555555555558,5.2051435,5.3069468,5.2903647,5.291157,5.269463,0,1.0,1,0.75,-0.92,22.9,77.1
2022-11-30 04:00:00,91.41412112222,65.96430580555399,65.971805538886,18.94047616857143,5.722142857142857,32.464285714285715,1,5.1764362714980825,70.66250196097344,4,2,11,0.8660254037844386,0.5000000000000001,0.9749279121818236,-0.2225209339563143,-0.5000000000000004,0.8660254037844384,0.0,0.0,0.0,17.2,36.0,30.0,73.0,-0.6,4.5801725,0.0,3.8,19.05000002,32.05,32.35,32.8,32.53333333333333,32.2,-13.218333311428571,-0.0095238314285701,0.2448095238095238,5.477333333333333,5.822,19.003615518412698,5.487380952380955,5.269463,5.2051435,5.3069468,5.2903647,5.2604613,0,1.0,0,0.75,-0.92,22.9,77.1
2022-11-30 04:15:00,55.78026861667,26.128399272222,26.13201026111,19.05000002,5.822,32.2,1,5.1764362714980825,70.66250196097344,4,2,11,0.8660254037844386,0.5000000000000001,0.9749279121818236,-0.2225209339563143,-0.5000000000000004,0.8660254037844384,0.0,0.0,0.0,16.975,36.35,47.5,73.0,-0.6,4.5801725,0.0,3.8,18.888888856666664,32.464285714285715,32.05,32.35,32.8,32.46666666666667,-13.228000020000003,0.1095238514285732,0.099857142857143,5.722142857142857,6.001333333333333,18.98015872952381,5.6738253968254,5.2604613,5.269463,5.2051435,5.3069468,5.253819,0,1.0,0,0.75,-0.9,22.0,78.0
2022-11-30 04:30:00,165.091729449998,123.242292327778,123.25368073889,18.888888856666664,6.001333333333333,32.46666666666667,2,5.1764362714980825,70.66250196097344,4,2,11,0.8660254037844386,0.5000000000000001,0.9749279121818236,-0.2225209339563143,-0.5000000000000004,0.8660254037844384,0.0,0.0,0.0,16.75,36.7,65.0,73.0,-0.6,4.5801725,0.0,3.8,19.11666664,32.2,32.464285714285715,32.05,32.35,32.15,-12.887555523333331,-0.1611111633333379,0.1793333333333331,5.822,6.196666666666667,18.9597883484127,5.848492063492066,5.253819,5.2604613,5.269463,5.2051435,5.2729855,0,0.0,1,1.0,-0.93,23.4,76.6
2022-11-30 04:45:00,47.803365605554,0.0,0.0,19.11666664,6.196666666666667,32.15,0,5.1764362714980825,70.66250196097344,4,2,11,0.8660254037844386,0.5000000000000001,0.9749279121818236,-0.2225209339563143,-0.5000000000000004,0.8660254037844384,0.0,0.0,0.0,16.525,37.05,82.5,73.0,-0.6,4.5801725,0.0,3.8,18.93333334,32.46666666666667,32.2,32.464285714285715,32.05,32.18333333333333,-12.919999973333336,0.2277777833333374,0.195333333333334,6.001333333333333,6.146,19.01851850555556,6.00666666666667,5.2729855,5.253819,5.2604613,5.269463,5.221658,1,1.0,1,0.75,-0.88,21.4,78.6
2022-11-30 05:00:00,101.63732326111,65.592376216666,65.598764844444,18.93333334,6.146,32.18333333333333,1,5.1764362714980825,70.66250196097344,5,2,11,0.9659258262890684,0.2588190451025207,0.9749279121818236,-0.2225209339563143,-0.5000000000000004,0.8660254037844384,0.0,0.0,0.0,16.3,37.4,100.0,73.0,-0.6,4.5801725,0.0,3.8,18.96111112,32.15,32.46666666666667,32.2,32.464285714285715,32.45,-12.78733334,-0.183333300000001,-0.0506666666666673,6.196666666666667,6.222666666666667,18.979629612222222,6.114666666666669,5.221658,5.2729855,5.253819,5.2604613,5.273566,0,1.0,1,0.75,-0.92,23.0,77.0
2022-11-30 05:15:00,137.703936055556,97.853030155556,97.862196472222,18.96111112,6.222666666666667,32.45,2,5.1764362714980825,70.66250196097344,5,2,11,0.9659258262890684,0.2588190451025207,0.9749279121818236,-0.2225209339563143,-0.5000000000000004,0.8660254037844384,0.0,0.0,0.0,17.85,39.75,100.0,72.75,-0.4499999999999999,4.625773,0.0,4.0,19.177777806666665,32.18333333333333,32.15,32.46666666666667,32.2,32.03333333333333,-12.738444453333337,0.0277777800000009,0.0766666666666671,6.146,6.481333333333334,19.003703700000003,6.188444444444447,5.273566,5.221658,5.2729855,5.253819,5.2728124,0,1.0,1,0.75,-0.92,22.7,77.3
2022-11-30 05:30:00,43.41909658333,15.417161072222,15.42188318333,19.177777806666665,6.481333333333334,32.03333333333333,1,5.1764362714980825,70.66250196097344,5,2,11,0.9659258262890684,0.2588190451025207,0.9749279121818236,-0.2225209339563143,-0.5000000000000004,0.8660254037844384,0.0,0.0,0.0,19.4,42.1,100.0,72.5,-0.3,4.6716695,0.0,4.199999999999999,18.96666669,32.45,32.18333333333333,32.15,32.46666666666667,32.35,-12.696444473333331,0.2166666866666631,0.2586666666666666,6.222666666666667,6.667333333333334,19.02407408888889,6.283333333333336,5.2728124,5.273566,5.221658,5.2729855,5.2590384,0,1.0,1,0.75,-0.87,20.9,79.1
2022-11-30 05:45:00,147.793254716666,120.143527416666,120.155193616666,18.96666669,6.667333333333334,32.35,2,5.1764362714980825,70.66250196097344,5,2,11,0.9659258262890684,0.2588190451025207,0.9749279121818236,-0.2225209339563143,-0.5000000000000004,0.8660254037844384,0.0,0.0,0.0,20.95,44.45,100.0,72.25,-0.1499999999999999,4.717861,0.0,4.4,19.188888916666667,32.03333333333333,32.45,32.18333333333333,32.15,32.5,-12.299333356666668,-0.2111111166666646,0.1859999999999999,6.481333333333334,6.892,19.03518520555556,6.457111111111114,5.2590384,5.2728124,5.273566,5.221658,5.353131,0,0.0,1,1.0,-0.92,22.7,77.3
2022-11-30 06:00:00,69.411112294446,21.0799901,21.084156649998,19.188888916666667,6.892,32.5,1,5.1764362714980825,70.66250196097344,6,2,11,1.0,6.123233995736766e-17,0.9749279121818236,-0.2225209339563143,-0.5000000000000004,0.8660254037844384,0.0,0.0,0.0,22.5,46.8,100.0,72.0,-0.0,4.7643466,0.0,4.6,19.06666667,32.35,32.03333333333333,32.45,32.18333333333333,32.55,-12.296888916666669,0.2222222266666662,0.2246666666666659,6.667333333333334,7.1273333333333335,19.11111113777778,6.680222222222224,5.353131,5.2590384,5.2728124,5.273566,5.3228703,0,0.0,1,1.0,-0.86,20.7,79.3
2022-11-30 06:15:00,93.271824494446,46.885346727778,46.890902072222,19.06666667,7.1273333333333335,32.55,1,5.1764362714980825,70.66250196097344,6,2,11,1.0,6.123233995736766e-17,0.9749279121818236,-0.2225209339563143,-0.5000000000000004,0.8660254037844384,0.0,0.0,0.0,23.325,48.95,100.0,73.75,0.45,4.9207377,0.375,4.725,18.96666666,32.5,32.35,32.03333333333333,32.45,32.96666666666667,-11.939333336666667,-0.1222222466666664,0.235333333333334,6.892,7.1273333333333335,19.074074092222222,6.895555555555558,5.3228703,5.353131,5.2590384,5.2728124,5.359288,0,0.0,0,1.0,-0.89,21.8,78.2
2022-11-30 06:30:00,125.598586972222,95.507568427778,95.519790205554,18.96666666,7.1273333333333335,32.96666666666667,2,5.1764362714980825,70.66250196097344,6,2,11,1.0,6.123233995736766e-17,0.9749279121818236,-0.2225209339563143,-0.5000000000000004,0.8660254037844384,0.0,0.0,0.0,24.15,51.1,100.0,75.5,0.9,5.079358,0.75,4.85,19.18333333,32.55,32.5,32.35,32.03333333333333,33.0,-11.839333326666663,-0.1000000100000022,0.0,7.1273333333333335,7.223333333333333,19.074074082222225,7.048888888888892,5.359288,5.3228703,5.353131,5.2590384,5.4337087,0,0.0,1,1.0,-0.91,22.6,77.4
2022-11-30 06:45:00,50.318264988888,16.615446455556,16.618501933332,19.18333333,7.223333333333333,33.0,1,5.1764362714980825,70.66250196097344,6,2,11,1.0,6.123233995736766e-17,0.9749279121818236,-0.2225209339563143,-0.5000000000000004,0.8660254037844384,0.0,0.0,0.0,24.975,53.25,100.0,77.25,1.35,5.240228,1.125,4.975,19.0351852,32.96666666666667,32.55,32.5,32.35,33.0,-11.959999996666667,0.2166666700000021,0.0959999999999992,7.1273333333333335,7.1933333333333325,19.07222222,7.159333333333336,5.4337087,5.359288,5.3228703,5.353131,5.3864455,0,0.0,1,1.0,-0.86,20.7,79.3
2022-11-30 07:00:00,133.009679466664,99.421578527778,99.431022616666,19.0351852,7.1933333333333325,33.0,2,5.1764362714980825,70.66250196097344,7,2,11,0.9659258262890684,-0.2588190451025206,0.9749279121818236,-0.2225209339563143,-0.5000000000000004,0.8660254037844384,0.0,0.0,0.0,25.8,55.4,100.0,79.0,1.8,5.4033732,1.5,5.1,19.15,33.0,32.96666666666667,32.55,32.5,33.0,-11.84185186666667,-0.1481481299999991,-0.0300000000000002,7.223333333333333,7.102666666666666,19.061728396666663,7.181333333333336,5.3864455,5.4337087,5.359288,5.3228703,5.423043,0,0.0,1,1.0,-0.9,22.0,78.0
2022-11-30 07:15:00,34.190576722224,0.0,0.0,19.15,7.102666666666666,33.0,0,5.1764362714980825,70.66250196097344,7,2,11,0.9659258262890684,-0.2588190451025206,0.9749279121818236,-0.2225209339563143,-0.5000000000000004,0.8660254037844384,0.0,0.0,0.0,27.325,55.4,100.0,77.25,1.8,5.398128,1.3,5.425,18.994444426666668,33.0,33.0,32.96666666666667,32.55,33.18333333333333,-12.047333333333333,0.1148147999999977,-0.0906666666666664,7.1933333333333325,6.959999999999999,19.12283951,7.173111111111113,5.423043,5.3864455,5.4337087,5.359288,5.403364,1,1.0,1,0.75,-0.87,21.0,79.0
2022-11-30 07:30:00,174.477742744448,128.232926027778,128.247369933332,18.994444426666668,6.959999999999999,33.18333333333333,2,5.1764362714980825,70.66250196097344,7,2,11,0.9659258262890684,-0.2588190451025206,0.9749279121818236,-0.2225209339563143,-0.5000000000000004,0.8660254037844384,0.0,0.0,0.0,28.85,55.4,100.0,75.5,1.8,5.389809,1.1,5.75,19.21111108,33.0,33.0,33.0,32.96666666666667,33.15,-12.034444426666669,-0.1555555733333307,-0.1426666666666669,7.102666666666666,6.824,19.059876542222224,7.085333333333336,5.403364,5.423043,5.3864455,5.4337087,5.4673486,0,1.0,1,0.75,-0.9,22.3,77.7
2022-11-30 07:45:00,79.325437805562,30.506835211112,30.512390605554,19.21111108,6.824,33.15,1,5.1764362714980825,70.66250196097344,7,2,11,0.9659258262890684,-0.2588190451025206,0.9749279121818236,-0.2225209339563143,-0.5000000000000004,0.8660254037844384,0.0,0.0,0.0,30.375,55.4,100.0,73.75,1.8,5.3783035,0.8999999999999999,6.075,19.17962964,33.18333333333333,33.0,33.0,33.0,33.0,-12.387111080000002,0.2166666533333341,-0.1359999999999992,6.959999999999999,6.874666666666667,19.118518502222223,6.962222222222224,5.4673486,5.403364,5.423043,5.3864455,5.4325233,0,1.0,1,0.75,-0.86,20.4,79.6
2022-11-30 08:00:00,88.298690127778,61.2583829,61.267271477776,19.17962964,6.874666666666667,33.0,1,5.1764362714980825,70.66250196097344,8,2,11,0.8660254037844387,-0.4999999999999998,0.9749279121818236,-0.2225209339563143,-0.5000000000000004,0.8660254037844384,0.0,0.0,0.0,31.9,55.4,100.0,72.0,1.8,5.363495,0.7,6.4,19.13333335,33.15,33.18333333333333,33.0,33.0,33.0,-12.304962973333332,-0.0314814400000038,0.0506666666666673,6.824,6.998666666666667,19.12839504888889,6.886222222222224,5.4325233,5.4673486,5.403364,5.423043,5.417718,0,1.0,0,0.75,-0.86,20.7,79.3
2022-11-30 08:15:00,109.037582855552,81.875058216666,81.884780094442,19.13333335,6.998666666666667,33.0,2,5.1764362714980825,70.66250196097344,8,2,11,0.8660254037844387,-0.4999999999999998,0.9749279121818236,-0.2225209339563143,-0.5000000000000004,0.8660254037844384,2.5,0.625,0.2083333333333333,31.4,58.375,100.0,73.0,2.0,5.4468746,0.5499999999999999,6.425000000000001,19.261111106666664,33.0,33.15,33.18333333333333,33.0,33.0,-12.134666683333334,-0.0462962899999972,0.1239999999999996,6.874666666666667,7.346666666666667,19.17469135666667,6.8991111111111145,5.417718,5.4325233,5.4673486,5.403364,5.4586644,0,0.0,1,1.0,-0.87,21.1,78.9
2022-11-30 08:30:00,54.167000016662,14.828295727778,14.83301782222,19.261111106666664,7.346666666666667,33.0,1,5.1764362714980825,70.66250196097344,8,2,11,0.8660254037844387,-0.4999999999999998,0.9749279121818236,-0.2225209339563143,-0.5000000000000004,0.8660254037844384,5.0,1.875,0.625,30.9,61.35,100.0,74.0,2.2,5.5305095,0.3999999999999999,6.45,19.077777790000003,33.0,33.0,33.15,33.18333333333333,33.35,-11.914444439999995,0.1277777566666635,0.3479999999999998,6.998666666666667,7.564666666666667,19.191358032222222,7.073333333333335,5.4586644,5.417718,5.4325233,5.4673486,5.457269,0,0.0,1,1.0,-0.84,20.0,80.0
2022-11-30 08:45:00,367.799731855556,115.0295653,115.0428981,19.077777790000003,7.564666666666667,33.35,2,5.1764362714980825,70.66250196097344,8,2,11,0.8660254037844387,-0.4999999999999998,0.9749279121818236,-0.2225209339563143,-0.5000000000000004,0.8660254037844384,7.5,3.75,1.25,30.4,64.325,100.0,75.0,2.4000000000000004,5.6144023,0.2499999999999999,6.475,19.27962963,33.0,33.0,33.0,33.15,33.5,-11.513111123333337,-0.1833333166666619,0.2179999999999999,7.346666666666667,7.622666666666666,19.15740741555556,7.303333333333335,5.457269,5.4586644,5.417718,5.4325233,5.547418,0,0.0,1,1.0,-0.88,21.5,78.5
2022-11-30 09:00:00,181.65495584444,11.847581644444,11.850914894442,19.27962963,7.622666666666666,33.5,1,5.1764362714980825,70.66250196097344,9,2,11,0.7071067811865476,-0.7071067811865475,0.9749279121818236,-0.2225209339563143,-0.5000000000000004,0.8660254037844384,10.0,6.25,2.083333333333333,29.9,67.3,100.0,76.0,2.6,5.698553,0.1,6.5,19.13333335,33.35,33.0,33.0,33.0,33.55,-11.656962963333331,0.2018518399999962,0.0579999999999998,7.564666666666667,7.526,19.206172842222223,7.511333333333336,5.547418,5.457269,5.4586644,5.417718,5.508013,0,0.0,1,1.0,-0.84,19.8,80.2
2022-11-30 09:15:00,107.551808872222,62.624994916666,62.63305016111,19.13333335,7.526,33.55,1,5.1764362714980825,70.66250196097344,9,2,11,0.7071067811865476,-0.7071067811865475,0.9749279121818236,-0.2225209339563143,-0.5000000000000004,0.8660254037844384,13.0,8.875,3.1666666666666665,31.4,69.275,100.0,76.25,2.8,5.7829256,0.125,6.675,19.125925916666667,33.5,33.35,33.0,33.0,33.78333333333333,-11.607333349999998,-0.1462962800000014,-0.0966666666666666,7.622666666666666,7.416666666666667,19.163580256666663,7.571111111111112,5.508013,5.547418,5.457269,5.4586644,5.5438976,0,0.0,0,1.0,-0.87,21.0,79.0
2022-11-30 09:30:00,109.200631866664,72.365716355556,72.374882705554,19.125925916666667,7.416666666666667,33.78333333333333,2,5.1764362714980825,70.66250196097344,9,2,11,0.7071067811865476,-0.7071067811865475,0.9749279121818236,-0.2225209339563143,-0.5000000000000004,0.8660254037844384,16.0,11.625,4.5,32.9,71.25,100.0,76.5,3.0,5.8683877,0.15,6.85,19.27222223,33.55,33.5,33.35,33.0,33.9,-11.70925925,-0.0074074333333307,-0.1093333333333328,7.526,7.545333333333334,19.17962963222222,7.521777777777781,5.5438976,5.508013,5.547418,5.457269,5.6112084,0,0.0,1,1.0,-0.87,21.0,79.0
2022-11-30 09:45:00,80.89176428333,0.0,0.0,19.27222223,7.545333333333334,33.9,0,5.1764362714980825,70.66250196097344,9,2,11,0.7071067811865476,-0.7071067811865475,0.9749279121818236,-0.2225209339563143,-0.5000000000000004,0.8660254037844384,19.0,14.5,6.083333333333333,34.4,73.225,100.0,76.75,3.2,5.9549522,0.175,7.025,19.05000002666667,33.78333333333333,33.55,33.5,33.35,34.65,-11.726888896666669,0.1462963133333339,0.1286666666666667,7.416666666666667,7.776666666666667,19.177160498888888,7.496000000000002,5.6112084,5.5438976,5.508013,5.547418,5.660714,1,1.0,1,0.75,-0.84,19.8,80.2
2022-11-30 10:00:00,161.546593477776,106.943777627778,106.95711046111,19.05000002666667,7.776666666666667,34.65,2,5.1764362714980825,70.66250196097344,10,2,11,0.4999999999999999,-0.8660254037844387,0.9749279121818236,-0.2225209339563143,-0.5000000000000004,0.8660254037844384,22.0,17.5,7.916666666666667,35.9,75.2,100.0,77.0,3.4,6.04263,0.2,7.2,19.11111113,33.9,33.78333333333333,33.55,33.5,35.0,-11.273333360000002,-0.2222222033333309,0.2313333333333336,7.545333333333334,8.052,19.149382724444447,7.579555555555558,5.660714,5.6112084,5.5438976,5.508013,5.7385387,0,1.0,1,0.75,-0.88,21.5,78.5
2022-11-30 10:15:00,86.393210983326,26.693098916666,26.700320927774,19.11111113,8.052,35.0,1,5.1764362714980825,70.66250196097344,10,2,11,0.4999999999999999,-0.8660254037844387,0.9749279121818236,-0.2225209339563143,-0.5000000000000004,0.8660254037844384,26.25,20.8125,10.104166666666666,35.025,75.3,100.0,77.0,3.65,6.1413565,0.175,7.45,19.03333333333333,34.65,33.9,33.78333333333333,33.55,35.18333333333333,-11.059111129999998,0.061111103333328,0.2753333333333323,7.776666666666667,8.369333333333334,19.144444462222225,7.791333333333337,5.7385387,5.660714,5.6112084,5.5438976,5.742194,0,1.0,1,0.75,-0.87,20.9,79.1
2022-11-30 10:30:00,109.555617749994,67.8631187,67.873118333332,19.03333333333333,8.369333333333334,35.18333333333333,1,5.1764362714980825,70.66250196097344,10,2,11,0.4999999999999999,-0.8660254037844387,0.9749279121818236,-0.2225209339563143,-0.5000000000000004,0.8660254037844384,30.5,24.4375,12.645833333333334,34.15,75.4,100.0,77.0,3.9,6.2414875,0.15,7.699999999999999,19.02222225,35.0,34.65,33.9,33.78333333333333,35.55,-10.664,-0.0777777966666626,0.3173333333333339,8.052,8.403333333333334,19.064814830000003,8.066000000000003,5.742194,5.7385387,5.660714,5.6112084,5.798234,0,1.0,0,0.75,-0.89,21.6,78.4
2022-11-30 10:45:00,111.561926311108,68.2922682,68.30393448333,19.02222225,8.403333333333334,35.55,1,5.1764362714980825,70.66250196097344,10,2,11,0.4999999999999999,-0.8660254037844387,0.9749279121818236,-0.2225209339563143,-0.5000000000000004,0.8660254037844384,34.75,28.375,15.541666666666666,33.275,75.5,100.0,77.0,4.15,6.343042,0.125,7.949999999999999,19.15000000666667,35.18333333333333,35.0,34.65,33.9,36.15,-10.618888916666668,-0.0111110833333327,0.0340000000000006,8.369333333333334,8.536,19.055555571111118,8.27488888888889,5.798234,5.742194,5.7385387,5.660714,5.9406967,0,0.0,0,1.0,-0.89,21.6,78.4
2022-11-30 11:00:00,100.684583588888,49.874949322224,49.8830046,19.15000000666667,8.536,36.15,1,5.1764362714980825,70.66250196097344,11,2,11,0.258819045102521,-0.9659258262890682,0.9749279121818236,-0.2225209339563143,-0.5000000000000004,0.8660254037844384,39.0,32.625,18.791666666666668,32.4,75.6,100.0,77.0,4.4,6.446034,0.1,8.2,19.11111112,35.55,35.18333333333333,35.0,34.65,36.85,-10.61400000666667,0.1277777566666671,0.1326666666666653,8.403333333333334,8.782,19.06851853,8.436222222222225,5.9406967,5.798234,5.742194,5.7385387,6.0418615,0,0.0,0,1.0,-0.85,20.4,79.6
2022-11-30 11:15:00,1202.585505855552,77.535509555556,77.548286827778,19.11111112,8.782,36.85,2,5.1764362714980825,70.66250196097344,11,2,11,0.258819045102521,-0.9659258262890682,0.9749279121818236,-0.2225209339563143,-0.5000000000000004,0.8660254037844384,40.5,36.1875,21.95833333333333,34.325,78.02499999999999,100.0,77.25,4.675000000000001,6.561208,0.15,8.424999999999999,19.20555556333333,36.15,35.55,35.18333333333333,35.0,37.36666666666667,-10.329111119999997,-0.0388888866666725,0.2460000000000004,8.536,9.115333333333332,19.09444445888889,8.57377777777778,6.0418615,5.9406967,5.798234,5.742194,6.160775,0,0.0,1,1.0,-0.86,20.6,79.4
2022-11-30 11:30:00,495.332685850002,30.108517827778,30.116017544444,19.20555556333333,9.115333333333332,37.36666666666667,1,5.1764362714980825,70.66250196097344,11,2,11,0.258819045102521,-0.9659258262890682,0.9749279121818236,-0.2225209339563143,-0.5000000000000004,0.8660254037844384,42.0,39.0625,25.041666666666668,36.25,80.44999999999999,100.0,77.5,4.95,6.67819,0.2,8.649999999999999,19.10000002,36.85,36.15,35.55,35.18333333333333,39.15,-10.090222230000002,0.0944444433333373,0.3333333333333321,8.782,9.492666666666668,19.155555563333333,8.811111111111112,6.160775,6.0418615,5.9406967,5.798234,6.414761,0,0.0,1,1.0,-0.83,19.7,80.3
2022-11-30 11:45:00,160.173592733336,108.552602172222,108.566212794442,19.10000002,9.492666666666668,39.15,2,5.1764362714980825,70.66250196097344,11,2,11,0.258819045102521,-0.9659258262890682,0.9749279121818236,-0.2225209339563143,-0.5000000000000004,0.8660254037844384,43.5,41.25,28.041666666666668,38.175,82.875,100.0,77.75,5.225,6.7970066,0.25,8.875,19.27407405,37.36666666666667,36.85,36.15,35.55,40.25,-9.607333353333331,-0.1055555433333346,0.3773333333333362,9.115333333333332,9.903333333333334,19.138888901111116,9.130000000000004,6.414761,6.160775,6.0418615,5.9406967,6.663002,0,0.0,1,1.0,-0.85,20.2,79.8
2022-11-30 12:00:00,42.882173677772,0.0,0.0,19.27407405,9.903333333333334,40.25,0,5.1764362714980825,70.66250196097344,12,2,11,1.2246467991473532e-16,-1.0,0.9749279121818236,-0.2225209339563143,-0.5000000000000004,0.8660254037844384,45.0,42.75,30.95833333333333,40.1,85.3,100.0,78.0,5.5,6.917684,0.3,9.1,19.11666669,39.15,37.36666666666667,36.85,36.15,40.4,-9.370740716666663,0.1740740299999998,0.4106666666666658,9.492666666666668,10.370666666666668,19.19320987777778,9.50377777777778,6.663002,6.414761,6.160775,6.0418615,6.6260843,1,1.0,1,0.75,-0.8,18.6,81.4
2022-11-30 12:15:00,149.824562311112,110.728904,110.743625644444,19.11666669,10.370666666666668,40.4,2,5.1764362714980825,70.66250196097344,12,2,11,1.2246467991473532e-16,-1.0,0.9749279121818236,-0.2225209339563143,-0.5000000000000004,0.8660254037844384,46.5,44.25,33.75,39.375,85.125,100.0,79.25,5.75,7.0510283,0.625,9.15,19.22037038,40.25,39.15,37.36666666666667,36.85,40.96666666666667,-8.746000023333332,-0.1574073600000005,0.4673333333333325,9.903333333333334,10.592,19.163580253333336,9.922222222222226,6.6260843,6.663002,6.414761,6.160775,6.76022,0,1.0,1,0.75,-0.84,19.8,80.2
2022-11-30 12:30:00,102.291741599996,41.817771672222,41.825549177776,19.22037038,10.592,40.96666666666667,1,5.1764362714980825,70.66250196097344,12,2,11,1.2246467991473532e-16,-1.0,0.9749279121818236,-0.2225209339563143,-0.5000000000000004,0.8660254037844384,48.0,45.75,36.41666666666666,38.650000000000006,84.94999999999999,100.0,80.5,6.0,7.1851454,0.95,9.2,19.20555557,40.4,40.25,39.15,37.36666666666667,41.05,-8.628370380000002,0.1037036900000032,0.2213333333333338,10.370666666666668,10.206666666666669,19.20370370666667,10.28866666666667,6.76022,6.6260843,6.663002,6.414761,6.7680593,0,1.0,1,0.75,-0.81,18.9,81.1
2022-11-30 12:45:00,83.421940805554,28.2397037,28.246925694442,19.20555557,10.206666666666669,41.05,1,5.1764362714980825,70.66250196097344,12,2,11,1.2246467991473532e-16,-1.0,0.9749279121818236,-0.2225209339563143,-0.5000000000000004,0.8660254037844384,49.5,47.25,38.958333333333336,37.925,84.77499999999999,100.0,81.75,6.25,7.320039,1.275,9.25,19.10370374333333,40.96666666666667,40.4,40.25,39.15,41.65,-8.998888903333334,-0.0148148100000007,-0.3853333333333335,10.592,9.948666666666666,19.180864213333336,10.38977777777778,6.7680593,6.76022,6.6260843,6.663002,6.8258805,0,1.0,0,0.75,-0.81,19.0,81.0
2022-11-30 13:00:00,157.758689533328,118.823024655556,118.839968511108,19.10370374333333,9.948666666666666,41.65,2,5.1764362714980825,70.66250196097344,13,2,11,-0.2588190451025208,-0.9659258262890684,0.9749279121818236,-0.2225209339563143,-0.5000000000000004,0.8660254037844384,51.0,48.75,41.375,37.2,84.6,100.0,83.0,6.5,7.455712,1.6,9.3,19.26666666,41.05,40.96666666666667,40.4,40.25,42.05,-9.155037076666668,-0.1018518266666674,-0.2580000000000009,10.206666666666669,9.960666666666668,19.176543231111115,10.249111111111114,6.8258805,6.7680593,6.76022,6.6260843,6.9579372,0,0.0,1,1.0,-0.83,19.7,80.3
2022-11-30 13:15:00,428.470638272222,0.0,0.0,19.26666666,9.960666666666668,42.05,0,5.1764362714980825,70.66250196097344,13,2,11,-0.2588190451025208,-0.9659258262890684,0.9749279121818236,-0.2225209339563143,-0.5000000000000004,0.8660254037844384,84.5,58.25,46.22916666666666,36.725,82.975,100.0,87.0,7.025,7.752928,2.0,9.175,19.13703707,41.65,41.05,40.96666666666667,40.4,42.65,-9.305999993333332,0.1629629166666646,0.0120000000000004,9.948666666666666,9.988,19.19197532444445,10.03866666666667,6.9579372,6.8258805,6.7680593,6.76022,7.0035195,1,1.0,1,0.75,-0.79,18.3,81.7
2022-11-30 13:30:00,121.563748372222,77.981880616666,77.992435777776,19.13703707,9.988,42.65,2,5.1764362714980825,70.66250196097344,13,2,11,-0.2588190451025208,-0.9659258262890684,0.9749279121818236,-0.2225209339563143,-0.5000000000000004,0.8660254037844384,118.0,75.75,53.520833333333336,36.25,81.35,100.0,91.0,7.55,8.044887,2.4000000000000004,9.05,19.17777778,42.05,41.65,41.05,40.96666666666667,43.0,-9.149037070000002,-0.1296295899999968,0.0273333333333329,9.960666666666668,9.937333333333331,19.16913582444445,9.96577777777778,7.0035195,6.9579372,6.8258805,6.7680593,7.0779686,0,1.0,1,0.75,-0.82,19.2,80.8
2022-11-30 13:45:00,111.96940996111,60.496468944444,60.506190838886,19.17777778,9.937333333333331,43.0,1,5.1764362714980825,70.66250196097344,13,2,11,-0.2588190451025208,-0.9659258262890684,0.9749279121818236,-0.2225209339563143,-0.5000000000000004,0.8660254037844384,151.5,101.25,63.25,35.775,79.725,100.0,95.0,8.075,8.331643,2.8000000000000003,8.925,19.21296297,42.65,42.05,41.65,41.05,43.0,-9.240444446666666,0.0407407099999979,-0.0506666666666664,9.988,9.524666666666668,19.19382717,9.962000000000002,7.0779686,7.0035195,6.9579372,6.8258805,7.0926604,0,1.0,1,0.75,-0.81,18.8,81.2
2022-11-30 14:00:00,78.051877733336,18.64119873889,18.646198605554,19.21296297,9.524666666666668,43.0,1,5.1764362714980825,70.66250196097344,14,2,11,-0.4999999999999997,-0.8660254037844388,0.9749279121818236,-0.2225209339563143,-0.5000000000000004,0.8660254037844384,185.0,134.75,75.41666666666667,35.3,78.1,100.0,99.0,8.6,8.613251,3.2,8.8,19.08888891,43.0,42.65,42.05,41.65,42.95,-9.688296303333331,0.0351851899999999,-0.4126666666666665,9.937333333333331,9.387333333333334,19.17592594,9.81666666666667,7.0926604,7.0779686,7.0035195,6.9579372,7.0327845,0,1.0,0,0.75,-0.8,18.6,81.4
2022-11-30 14:15:00,181.34719032222,119.9752008,119.991311338886,19.08888891,9.387333333333334,42.95,2,5.1764362714980825,70.66250196097344,14,2,11,-0.4999999999999997,-0.8660254037844388,0.9749279121818236,-0.2225209339563143,-0.5000000000000004,0.8660254037844384,157.0,152.875,85.125,32.724999999999994,77.75,100.0,99.0,8.65,8.627051,2.85,8.825000000000001,19.23148148,43.0,43.0,42.65,42.05,42.35,-9.701555576666664,-0.1240740600000016,-0.1373333333333324,9.524666666666668,8.881333333333334,19.159876553333334,9.616444444444449,7.0327845,7.0926604,7.0779686,7.0035195,6.99307,0,0.0,1,1.0,-0.83,19.6,80.4
2022-11-30 14:30:00,149.163477655556,14.720800011112,14.728021972222,19.23148148,8.881333333333334,42.35,1,5.1764362714980825,70.66250196097344,14,2,11,-0.4999999999999997,-0.8660254037844388,0.9749279121818236,-0.2225209339563143,-0.5000000000000004,0.8660254037844384,129.0,155.625,92.375,30.15,77.4,100.0,99.0,8.7,8.640871,2.5,8.850000000000001,19.21111114,42.95,43.0,43.0,42.65,41.6,-10.350148146666664,0.1425925700000014,-0.5060000000000002,9.387333333333334,7.497333333333333,19.177777786666667,9.264444444444448,6.99307,7.0327845,7.0926604,7.0779686,6.8609858,0,0.0,1,1.0,-0.8,18.5,81.5
2022-11-30 14:45:00,236.416376266668,117.944448683334,117.954448316666,19.21111114,7.497333333333333,41.6,2,5.1764362714980825,70.66250196097344,14,2,11,-0.4999999999999997,-0.8660254037844388,0.9749279121818236,-0.2225209339563143,-0.5000000000000004,0.8660254037844384,101.0,143.0,97.16666666666669,27.575,77.05,100.0,99.0,8.75,8.654711,2.1500000000000004,8.875,19.351851866666667,42.35,42.95,43.0,43.0,40.85,-11.713777806666666,-0.0203703399999994,-1.3840000000000012,8.881333333333334,6.1080000000000005,19.17716051,8.588666666666668,6.8609858,6.99307,7.0327845,7.0926604,6.793362,0,0.0,1,1.0,-0.81,18.8,81.2
2022-11-30 15:00:00,175.790468216662,102.275075533332,102.286186205554,19.351851866666667,6.1080000000000005,40.85,2,5.1764362714980825,70.66250196097344,15,2,11,-0.7071067811865471,-0.7071067811865479,0.9749279121818236,-0.2225209339563143,-0.5000000000000004,0.8660254037844384,73.0,115.0,99.5,25.0,76.7,100.0,99.0,8.8,8.66857,1.8,8.9,19.47222222,41.6,42.35,42.95,43.0,40.1,-13.243851866666668,0.1407407266666673,-1.3893333333333322,7.497333333333333,5.946,19.264814828888888,7.495555555555558,6.793362,6.8609858,6.99307,7.0327845,6.7160263,0,0.0,0,1.0,-0.78,17.9,82.1
2022-11-30 15:15:00,62.871096272218,0.0,0.0,19.47222222,5.946,40.1,0,5.1764362714980825,70.66250196097344,15,2,11,-0.7071067811865471,-0.7071067811865479,0.9749279121818236,-0.2225209339563143,-0.5000000000000004,0.8660254037844384,58.0,90.25,100.45833333333331,25.45,73.275,100.0,99.0,8.05,8.2611265,2.25,8.15,19.17962963333333,40.85,41.6,42.35,42.95,39.71666666666667,-13.52622222,0.1203703533333317,-0.1620000000000008,6.1080000000000005,6.174,19.345061742222224,6.517111111111113,6.7160263,6.793362,6.8609858,6.99307,6.5382338,1,1.0,1,0.75,-0.76,17.1,82.9
2022-11-30 15:30:00,83.371109505554,27.563897416666,27.57000832222,19.17962963333333,6.174,39.71666666666667,1,5.1764362714980825,70.66250196097344,15,2,11,-0.7071067811865471,-0.7071067811865479,0.9749279121818236,-0.2225209339563143,-0.5000000000000004,0.8660254037844384,43.0,68.75,100.04166666666669,25.9,69.85,100.0,99.0,7.300000000000001,7.8704996,2.7,7.4,19.05000001,40.1,40.85,41.6,42.35,39.95,-13.005629633333331,-0.2925925866666681,0.2280000000000006,5.946,6.255333333333334,19.334567906666667,6.076000000000003,6.5382338,6.7160263,6.793362,6.8609858,6.526566,0,1.0,1,0.75,-0.83,19.4,80.6
2022-11-30 15:45:00,199.502575111112,132.251931927778,132.26859796111,19.05000001,6.255333333333334,39.95,2,5.1764362714980825,70.66250196097344,15,2,11,-0.7071067811865471,-0.7071067811865479,0.9749279121818236,-0.2225209339563143,-0.5000000000000004,0.8660254037844384,28.0,50.5,98.25,26.35,66.425,100.0,99.0,6.55,7.496099,3.15,6.65,19.331481466666663,39.71666666666667,40.1,40.85,41.6,39.35,-12.794666676666669,-0.1296296233333294,0.0813333333333332,6.174,6.226,19.23395062111111,6.125111111111114,6.526566,6.5382338,6.7160263,6.793362,6.5360703,0,1.0,1,0.75,-0.86,20.5,79.5
2022-11-30 16:00:00,58.950697561106,0.0,0.0,19.331481466666663,6.226,39.35,0,5.1764362714980825,70.66250196097344,16,2,11,-0.8660254037844385,-0.5000000000000004,0.9749279121818236,-0.2225209339563143,-0.5000000000000004,0.8660254037844384,13.0,35.5,95.08333333333331,26.8,63.0,100.0,99.0,5.8,7.1373534,3.6,5.9,19.21666669,39.95,39.71666666666667,40.1,40.85,38.7,-13.105481466666667,0.2814814566666648,-0.0293333333333336,6.255333333333334,6.0280000000000005,19.187037036666663,6.218444444444447,6.5360703,6.526566,6.5382338,6.7160263,6.3847857,1,2.0,1,0.5,-0.79,18.3,81.7
2022-11-30 16:15:00,60.080930066664,19.695878783334003,19.702267477776,19.21666669,6.0280000000000005,38.7,1,5.1764362714980825,70.66250196097344,16,2,11,-0.8660254037844385,-0.5000000000000004,0.9749279121818236,-0.2225209339563143,-0.5000000000000004,0.8660254037844384,11.75,23.9375,89.02083333333333,26.05,61.375,100.0,97.5,5.25,6.880759,2.875,5.575,19.0314815,39.35,39.95,39.71666666666667,40.1,38.96666666666667,-13.18866669,-0.114814776666666,-0.1979999999999995,6.226,5.854,19.19938272222222,6.169777777777781,6.3847857,6.5360703,6.526566,6.5382338,6.358968,0,1.0,1,0.75,-0.82,19.3,80.7
2022-11-30 16:30:00,171.258149466664,122.530654127778,122.545931349998,19.0314815,5.854,38.96666666666667,2,5.1764362714980825,70.66250196097344,16,2,11,-0.8660254037844385,-0.5000000000000004,0.9749279121818236,-0.2225209339563143,-0.5000000000000004,0.8660254037844384,10.5,15.8125,80.0625,25.3,59.75,100.0,96.0,4.7,6.631438,2.15,5.25,19.23888888,38.7,39.35,39.95,39.71666666666667,38.25,-13.1774815,-0.1851851900000021,-0.1740000000000003,6.0280000000000005,5.274666666666667,19.19320988555556,6.036000000000002,6.358968,6.3847857,6.5360703,6.526566,6.3188124,0,1.0,1,0.75,-0.87,20.8,79.2
2022-11-30 16:45:00,56.130810294442,14.467754566668,14.471921133332,19.23888888,5.274666666666667,38.25,1,5.1764362714980825,70.66250196097344,16,2,11,-0.8660254037844385,-0.5000000000000004,0.9749279121818236,-0.2225209339563143,-0.5000000000000004,0.8660254037844384,9.25,11.125,68.20833333333333,24.55,58.125,100.0,94.5,4.15,6.389223,1.4249999999999998,4.925,19.148148133333333,38.96666666666667,38.7,39.35,39.95,37.35,-13.964222213333333,0.2074073799999993,-0.5793333333333335,5.854,5.046,19.16234569,5.718888888888891,6.3188124,6.358968,6.3847857,6.5360703,6.137228,0,1.0,1,0.75,-0.82,19.2,80.8
2022-11-30 17:00:00,61.502817488892,10.969283444444,10.972894466664,19.148148133333333,5.046,37.35,1,5.1764362714980825,70.66250196097344,17,2,11,-0.9659258262890684,-0.2588190451025206,0.9749279121818236,-0.2225209339563143,-0.5000000000000004,0.8660254037844384,8.0,9.875,53.458333333333336,23.8,56.5,100.0,93.0,3.6,6.153948,0.7,4.6,18.94444445,38.25,38.96666666666667,38.7,39.35,37.35,-14.102148133333332,-0.0907407466666647,-0.2286666666666663,5.274666666666667,5.216666666666667,19.139506171111112,5.391555555555558,6.137228,6.3188124,6.358968,6.3847857,6.0639124,0,0.0,0,1.0,-0.85,20.1,79.9
2022-11-30 17:15:00,183.59348938333,121.670966316666,121.685132433332,18.94444445,5.216666666666667,37.35,2,5.1764362714980825,70.66250196097344,17,2,11,-0.9659258262890684,-0.2588190451025206,0.9749279121818236,-0.2225209339563143,-0.5000000000000004,0.8660254037844384,6.75,8.625,40.9375,23.1,54.975,88.0,91.75,3.25,6.0111165,0.5249999999999999,4.449999999999999,19.17777776,37.35,38.25,38.96666666666667,38.7,36.95,-13.727777783333332,-0.2037036833333338,0.1706666666666665,5.046,5.209999999999999,19.11049382111111,5.179111111111114,6.0639124,6.137228,6.3188124,6.358968,6.0821157,0,0.0,1,1.0,-0.89,21.9,78.1
2022-11-30 17:30:00,93.960408216662,45.657895844444,45.666228894442,19.17777776,5.209999999999999,36.95,1,5.1764362714980825,70.66250196097344,17,2,11,-0.9659258262890684,-0.2588190451025206,0.9749279121818236,-0.2225209339563143,-0.5000000000000004,0.8660254037844384,5.5,7.375,30.64583333333333,22.4,53.45,76.0,90.5,2.9000000000000004,5.870437,0.35,4.3,19.19444445,37.35,37.35,38.25,38.96666666666667,36.0,-13.967777760000002,0.2333333100000025,-0.0066666666666677,5.216666666666667,5.142,19.090123447777778,5.157555555555558,6.0821157,6.0639124,6.137228,6.3188124,5.931564,0,0.0,1,1.0,-0.84,20.0,80.0
2022-11-30 17:45:00,401.87336900555,22.982414016666,22.98935822222,19.19444445,5.142,36.0,1,5.1764362714980825,70.66250196097344,17,2,11,-0.9659258262890684,-0.2588190451025206,0.9749279121818236,-0.2225209339563143,-0.5000000000000004,0.8660254037844384,4.25,6.125,22.58333333333333,21.7,51.925,64.0,89.25,2.5500000000000003,5.731887,0.175,4.15,18.999999993333333,36.95,37.35,37.35,38.25,36.0,-14.05244445,0.0166666899999974,-0.0679999999999996,5.209999999999999,4.944,19.105555553333332,5.1895555555555575,5.931564,6.0821157,6.0639124,6.137228,5.863935,0,0.0,0,1.0,-0.84,20.0,80.0
2022-11-30 18:00:00,174.450521733332,131.296136844444,131.311969594442,18.999999993333333,4.944,36.0,2,5.1764362714980825,70.66250196097344,18,2,11,-1.0,-1.8369701987210294e-16,0.9749279121818236,-0.2225209339563143,-0.5000000000000004,0.8660254037844384,3.0,4.875,16.75,21.0,50.4,52.0,88.0,2.2,5.5954366,0.0,4.0,19.20000003,36.0,36.95,37.35,37.35,35.6,-14.055999993333334,-0.1944444566666661,-0.1979999999999995,5.142,4.585999999999999,19.12407406777778,5.098666666666669,5.863935,5.931564,6.0821157,6.0639124,5.8675776,0,0.0,1,1.0,-0.89,21.7,78.3
2022-11-30 18:15:00,60.43924916666,11.732308505554,11.735086211108,19.20000003,4.585999999999999,35.6,1,5.1764362714980825,70.66250196097344,18,2,11,-1.0,-1.8369701987210294e-16,0.9749279121818236,-0.2225209339563143,-0.5000000000000004,0.8660254037844384,2.25,3.75,12.104166666666666,21.725,50.05,54.25,86.5,1.725,5.427191,0.0,3.8,19.112962983333333,36.0,36.0,36.95,37.35,34.85,-14.614000030000003,0.200000036666669,-0.3580000000000005,4.944,4.3020000000000005,19.131481491111117,4.890666666666669,5.8675776,5.863935,5.931564,6.0821157,5.7145686,0,0.0,1,1.0,-0.84,20.1,79.9
2022-11-30 18:30:00,76.715264466672,21.488862644444,21.494973566664,19.112962983333333,4.3020000000000005,34.85,1,5.1764362714980825,70.66250196097344,18,2,11,-1.0,-1.8369701987210294e-16,0.9749279121818236,-0.2225209339563143,-0.5000000000000004,0.8660254037844384,1.5,2.75,8.645833333333334,22.45,49.7,56.5,85.0,1.25,5.2623024,0.0,3.6,18.94444445,35.6,36.0,36.0,36.95,35.125,-14.810962983333331,-0.0870370466666692,-0.2839999999999989,4.585999999999999,3.696,19.10432100222222,4.61066666666667,5.7145686,5.8675776,5.863935,5.931564,5.7026753,0,0.0,0,1.0,-0.87,20.9,79.1
2022-11-30 18:45:00,224.743787705554,131.021147844444,131.050313344444,18.94444445,3.696,35.125,2,5.1764362714980825,70.66250196097344,18,2,11,-1.0,-1.8369701987210294e-16,0.9749279121818236,-0.2225209339563143,-0.5000000000000004,0.8660254037844384,0.75,1.875,6.375,23.175,49.35,58.75,83.5,0.7749999999999999,5.100722,0.0,3.4000000000000004,19.17777776,34.85,35.6,36.0,36.0,34.525,-15.24844445,-0.1685185333333336,-0.6060000000000008,4.3020000000000005,3.059333333333333,19.08580248777778,4.194666666666669,5.7026753,5.7145686,5.8675776,5.863935,5.682951,0,0.0,1,1.0,-0.91,22.3,77.7
2022-11-30 19:00:00,188.314689327778,56.8818913,56.945499872222,19.17777776,3.059333333333333,34.525,1,5.1764362714980825,70.66250196097344,19,2,11,-0.9659258262890684,0.2588190451025203,0.9749279121818236,-0.2225209339563143,-0.5000000000000004,0.8660254037844384,0.0,1.125,5.291666666666667,23.9,49.0,61.0,82.0,0.3,4.942396,0.0,3.2,19.20555557,35.125,34.85,35.6,36.0,33.7,-16.118444426666667,0.2333333100000025,-0.6366666666666663,3.696,2.952,19.078395064444447,3.68577777777778,5.682951,5.7026753,5.7145686,5.8675776,5.556239,0,0.0,1,1.0,-0.86,20.4,79.6
2022-11-30 19:15:00,197.045173511108,70.93882898333399,71.01243722222,19.20555557,2.952,33.7,2,5.1764362714980825,70.66250196097344,19,2,11,-0.9659258262890684,0.2588190451025203,0.9749279121818236,-0.2225209339563143,-0.5000000000000004,0.8660254037844384,0.0,0.5625,4.3125,24.025,50.25,65.5,81.5,0.0249999999999999,4.846745,0.0,3.0,19.16481483,34.525,35.125,34.85,35.6,33.96666666666667,-16.253555570000003,0.0277778099999999,-0.1073333333333335,3.059333333333333,2.8513333333333337,19.10925926,3.23577777777778,5.556239,5.682951,5.7026753,5.7145686,5.586776,0,0.0,1,1.0,-0.85,20.4,79.6
2022-11-30 19:30:00,269.302560849998,108.548157916666,108.617321849998,19.16481483,2.8513333333333337,33.96666666666667,2,5.1764362714980825,70.66250196097344,19,2,11,-0.9659258262890684,0.2588190451025203,0.9749279121818236,-0.2225209339563143,-0.5000000000000004,0.8660254037844384,0.0,0.1875,3.4375,24.15,51.5,70.0,81.0,-0.25,4.7526593,0.0,2.8,19.31111108,33.7,34.525,35.125,34.85,33.6,-16.313481496666668,-0.0407407400000003,-0.1006666666666662,2.952,2.6893333333333334,19.182716053333337,2.9542222222222247,5.586776,5.556239,5.682951,5.7026753,5.574302,0,0.0,0,1.0,-0.86,20.7,79.3
2022-11-30 19:45:00,219.910647788884,0.0,0.0,19.31111108,2.6893333333333334,33.6,0,5.1764362714980825,70.66250196097344,19,2,11,-0.9659258262890684,0.2588190451025203,0.9749279121818236,-0.2225209339563143,-0.5000000000000004,0.8660254037844384,0.0,0.0,2.6666666666666665,24.275,52.75,74.5,80.5,-0.5250000000000001,4.6601167,0.0,2.6,19.06481479,33.96666666666667,33.7,34.525,35.125,33.21666666666667,-16.621777746666666,0.1462962499999989,-0.1620000000000003,2.8513333333333337,2.6146666666666665,19.227160493333336,2.830888888888892,5.574302,5.586776,5.556239,5.682951,5.431297,1,1.0,1,0.75,-0.83,19.5,80.5
2022-11-30 20:00:00,295.075418777776,77.177190572222,77.23802152222,19.06481479,2.6146666666666665,33.21666666666667,2,5.1764362714980825,70.66250196097344,20,2,11,-0.8660254037844386,0.5000000000000001,0.9749279121818236,-0.2225209339563143,-0.5000000000000004,0.8660254037844384,0.0,0.0,2.0,24.4,54.0,79.0,80.0,-0.8,4.5690975,0.0,2.4,19.14999997,33.6,33.96666666666667,33.7,34.525,33.75,-16.450148123333335,-0.24629629,-0.0746666666666668,2.6893333333333334,2.337333333333333,19.1802469,2.7184444444444478,5.431297,5.574302,5.586776,5.556239,5.5462933,0,1.0,1,0.75,-0.89,21.7,78.3
2022-11-30 20:15:00,272.90130559445,69.140289811112,69.199454127778,19.14999997,2.337333333333333,33.75,1,5.1764362714980825,70.66250196097344,20,2,11,-0.8660254037844386,0.5000000000000001,0.9749279121818236,-0.2225209339563143,-0.5000000000000004,0.8660254037844384,0.0,0.0,1.4375,22.325,53.2,76.25,79.25,-1.175,4.4428887,0.0,2.125,19.24444442,33.21666666666667,33.6,33.96666666666667,33.7,32.88333333333333,-16.812666636666666,0.0851851799999998,-0.277333333333333,2.6146666666666665,2.0766666666666667,19.17530861333333,2.5471111111111133,5.5462933,5.431297,5.574302,5.586776,5.4340286,0,1.0,1,0.75,-0.87,20.8,79.2
2022-11-30 20:30:00,224.483242711104,15.244945744444,15.298276977775998,19.24444442,2.0766666666666667,32.88333333333333,1,5.1764362714980825,70.66250196097344,20,2,11,-0.8660254037844386,0.5000000000000001,0.9749279121818236,-0.2225209339563143,-0.5000000000000004,0.8660254037844384,0.0,0.0,0.9791666666666666,20.25,52.4,73.5,78.5,-1.5499999999999998,4.319595,0.0,1.85,19.06666666,33.75,33.21666666666667,33.6,33.96666666666667,32.8,-17.16777775333333,0.0944444499999974,-0.2606666666666668,2.337333333333333,1.9166666666666667,19.15308639333333,2.3428888888888912,5.4340286,5.5462933,5.431297,5.574302,5.3637524,0,1.0,0,0.75,-0.85,20.2,79.8
2022-11-30 20:45:00,337.902594505554,134.896270583334,134.962101349998,19.06666666,1.9166666666666667,32.8,2,5.1764362714980825,70.66250196097344,20,2,11,-0.8660254037844386,0.5000000000000001,0.9749279121818236,-0.2225209339563143,-0.5000000000000004,0.8660254037844384,0.0,0.0,0.625,18.175,51.6,70.75,77.75,-1.925,4.199157,0.0,1.5750000000000002,19.331481466666663,32.88333333333333,33.75,33.21666666666667,33.6,32.166666666666664,-17.14999999333333,-0.1777777599999979,-0.1599999999999999,2.0766666666666667,1.7593333333333334,19.153703683333333,2.1102222222222244,5.3637524,5.4340286,5.5462933,5.431297,5.342913,0,0.0,1,1.0,-0.89,21.7,78.3
2022-11-30 21:00:00,217.613239572222,12.575885844444,12.629217094442,19.331481466666663,1.7593333333333334,32.166666666666664,1,5.1764362714980825,70.66250196097344,21,2,11,-0.7071067811865477,0.7071067811865474,0.9749279121818236,-0.2225209339563143,-0.5000000000000004,0.8660254037844384,0.0,0.0,0.375,16.1,50.8,68.0,77.0,-2.3,4.081522,0.0,1.3,19.22222225,32.8,32.88333333333333,33.75,33.21666666666667,31.25,-17.572148133333332,0.2648148066666671,-0.1573333333333333,1.9166666666666667,1.646,19.214197515555558,1.917555555555558,5.342913,5.3637524,5.4340286,5.5462933,5.157361,0,0.0,1,1.0,-0.83,19.6,80.4
2022-11-30 21:15:00,289.20954228888803,67.362027627778,67.4198031,19.22222225,1.646,31.25,1,5.1764362714980825,70.66250196097344,21,2,11,-0.7071067811865477,0.7071067811865474,0.9749279121818236,-0.2225209339563143,-0.5000000000000004,0.8660254037844384,0.0,0.0,0.1875,16.075000000000003,47.275,76.0,76.5,-2.55,4.006906,0.0,1.125,19.185185216666664,32.166666666666664,32.8,32.88333333333333,33.75,31.75,-17.57622225,-0.1092592166666648,-0.1133333333333332,1.7593333333333334,1.458,19.20679012555556,1.7740000000000025,5.157361,5.342913,5.3637524,5.4340286,5.228456,0,0.0,0,1.0,-0.86,20.7,79.3
2022-11-30 21:30:00,290.783923777776,78.497137755556,78.55657986111,19.185185216666664,1.458,31.75,2,5.1764362714980825,70.66250196097344,21,2,11,-0.7071067811865477,0.7071067811865474,0.9749279121818236,-0.2225209339563143,-0.5000000000000004,0.8660254037844384,0.0,0.0,0.0625,16.05,43.75,84.0,76.0,-2.8,3.933417,0.0,0.95,19.28888891,31.25,32.166666666666664,32.8,32.88333333333333,30.8,-17.727185216666665,-0.0370370333333376,-0.1880000000000001,1.646,1.3446666666666665,19.246296311111116,1.6211111111111134,5.228456,5.157361,5.342913,5.3637524,5.1030946,0,0.0,1,1.0,-0.87,20.9,79.1
2022-11-30 21:45:00,220.94755066111,20.772502416666,20.826666966664,19.28888891,1.3446666666666665,30.8,1,5.1764362714980825,70.66250196097344,21,2,11,-0.7071067811865477,0.7071067811865474,0.9749279121818236,-0.2225209339563143,-0.5000000000000004,0.8660254037844384,0.0,0.0,0.0,16.025,40.225,92.0,75.5,-3.05,3.8610415,0.0,0.775,19.07037041333333,31.75,31.25,32.166666666666664,32.8,30.683333333333334,-17.944222243333336,0.1037036933333368,-0.1133333333333335,1.458,1.2106666666666668,19.23209879222222,1.4828888888888911,5.1030946,5.228456,5.157361,5.342913,5.018712,0,0.0,1,1.0,-0.85,20.2,79.8
2022-11-30 22:00:00,310.08981816111,108.373442655556,108.435106872222,19.07037041333333,1.2106666666666668,30.683333333333334,2,5.1764362714980825,70.66250196097344,22,2,11,-0.5000000000000004,0.8660254037844384,0.9749279121818236,-0.2225209339563143,-0.5000000000000004,0.8660254037844384,0.0,0.0,0.0,16.0,36.7,100.0,75.0,-3.3,3.789763,0.0,0.6,19.20555558,30.8,31.75,31.25,32.166666666666664,30.6,-17.859703746666664,-0.2185184966666682,-0.1339999999999996,1.3446666666666665,1.094666666666667,19.18148151333333,1.3377777777777802,5.018712,5.1030946,5.228456,5.157361,5.0451307,0,0.0,1,1.0,-0.9,22.1,77.9
2022-11-30 22:15:00,195.1530269,29.219942255556,29.276606705554,19.20555558,1.094666666666667,30.6,1,5.1764362714980825,70.66250196097344,22,2,11,-0.5000000000000004,0.8660254037844384,0.9749279121818236,-0.2225209339563143,-0.5000000000000004,0.8660254037844384,0.0,0.0,0.0,18.125,39.95,79.25,71.5,-3.95,3.6253111,0.0,0.65,19.144444433333334,30.683333333333334,30.8,31.75,31.25,30.58333333333333,-18.110888913333337,0.1351851666666697,-0.1160000000000001,1.2106666666666668,1.04,19.188271634444444,1.216666666666669,5.0451307,5.018712,5.1030946,5.228456,5.024255,0,0.0,1,1.0,-0.87,21.0,79.0
2022-11-30 22:30:00,872.58453972222,64.788797227778,64.855183455556,19.144444433333334,1.04,30.58333333333333,1,5.1764362714980825,70.66250196097344,22,2,11,-0.5000000000000004,0.8660254037844384,0.9749279121818236,-0.2225209339563143,-0.5000000000000004,0.8660254037844384,0.0,0.0,0.0,20.25,43.2,58.5,68.0,-4.6,3.4596796,0.0,0.7,18.97777775,30.6,30.683333333333334,30.8,31.75,33.25,-18.10444443333333,-0.0611111466666685,-0.0546666666666666,1.094666666666667,1.052,19.14012347555556,1.1151111111111136,5.024255,5.0451307,5.018712,5.1030946,5.408896,0,0.0,0,1.0,-0.88,21.5,78.5
2022-11-30 22:45:00,1457.392257527778,126.417720872222,126.495773316666,18.97777775,1.052,33.25,2,5.1764362714980825,70.66250196097344,22,2,11,-0.5000000000000004,0.8660254037844384,0.9749279121818236,-0.2225209339563143,-0.5000000000000004,0.8660254037844384,0.0,0.0,0.0,22.375,46.45,37.75,64.5,-5.25,3.292864,0.0,0.75,19.125793655714286,30.58333333333333,30.6,30.683333333333334,30.8,33.410714285714285,-17.925777749999998,-0.1666666833333359,0.012,1.04,1.115714285714286,19.10925925444445,1.0622222222222246,5.408896,5.024255,5.0451307,5.018712,5.4827075,0,0.0,1,1.0,-0.91,22.4,77.6
2022-11-30 23:00:00,327.986602277776,0.0,0.0,19.125793655714286,1.115714285714286,33.410714285714285,0,5.1764362714980825,70.66250196097344,23,2,11,-0.2588190451025215,0.965925826289068,0.9749279121818236,-0.2225209339563143,-0.5000000000000004,0.8660254037844384,0.0,0.0,0.0,24.5,49.7,17.0,61.0,-5.9,3.1248598,0.0,0.8,18.98968251642857,33.25,30.58333333333333,30.6,30.683333333333334,32.18214285714286,-18.01007937,0.1480159057142884,0.0637142857142858,1.052,1.1842857142857142,19.082671946349205,1.0692380952380978,5.4827075,5.408896,5.024255,5.0451307,5.2388644,1,1.0,1,0.75,-0.87,21.1,78.9
2022-11-30 23:15:00,166.195296288892,46.368422955556,46.429253872222,18.98968251642857,1.1842857142857142,32.18214285714286,1,5.1764362714980825,70.66250196097344,23,2,11,-0.2588190451025215,0.965925826289068,0.9749279121818236,-0.2225209339563143,-0.5000000000000004,0.8660254037844384,0.0,0.0,0.0,23.95,50.775000000000006,16.25,58.25,-6.775,2.9383419,0.0,0.5750000000000001,18.904365058571425,33.410714285714285,33.25,30.58333333333333,30.6,32.67142857142857,-17.805396802142855,-0.1361111392857168,0.0685714285714282,1.115714285714286,1.275,19.031084640714287,1.1173333333333355,5.2388644,5.4827075,5.408896,5.024255,5.2917895,0,1.0,1,0.75,-0.91,22.5,77.5
2022-11-30 23:30:00,244.970200866664,126.208840344444,126.278559788888,18.904365058571425,1.275,32.67142857142857,2,5.1764362714980825,70.66250196097344,23,2,11,-0.2588190451025215,0.965925826289068,0.9749279121818236,-0.2225209339563143,-0.5000000000000004,0.8660254037844384,0.0,0.0,0.0,23.4,51.85,15.5,55.5,-7.65,2.7567186,0.0,0.35,19.17222224,32.18214285714286,33.410714285714285,33.25,30.58333333333333,32.2,-17.629365058571427,-0.085317457857144,0.0907142857142859,1.1842857142857142,1.236,19.006613743571428,1.191666666666669,5.2917895,5.2388644,5.4827075,5.408896,5.2985106,0,1.0,1,0.75,-0.93,23.2,76.8
2022-11-30 23:45:00,150.37176265555598,0.0,0.0,19.17222224,1.236,32.2,0,5.1764362714980825,70.66250196097344,23,2,11,-0.2588190451025215,0.965925826289068,0.9749279121818236,-0.2225209339563143,-0.5000000000000004,0.8660254037844384,0.0,0.0,0.0,22.85,52.925,14.75,52.75,-8.525,2.5798957,0.0,0.1250000000000001,19.00299148230769,32.67142857142857,32.18214285714286,33.410714285714285,33.25,31.273076923076925,-17.93622224,0.2678571814285746,-0.0390000000000001,1.275,1.1638461538461538,19.02208993833333,1.231761904761907,5.2985106,5.2917895,5.2388644,5.4827075,5.0948787,1,2.0,1,0.5,-0.87,20.9,79.1
2022-12-01 00:00:00,200.62836337778,69.392224216666,69.45194406111,19.00299148230769,1.1638461538461538,31.273076923076925,1,5.1764362714980825,70.66250196097344,0,3,12,0.0,1.0,0.4338837391175582,-0.900968867902419,-2.4492935982947064e-16,1.0,0.0,0.0,0.0,22.3,54.0,14.0,50.0,-9.4,2.4077826,0.0,-0.1,18.99444445,32.2,32.67142857142857,32.18214285714286,33.410714285714285,32.15,-17.839145328461537,-0.1692307576923077,-0.0721538461538462,1.236,1.086666666666667,19.02652626029304,1.2249487179487204,5.0948787,5.2985106,5.2917895,5.2388644,5.2351027,0,1.0,1,0.75,-0.91,22.6,77.4
2022-12-01 00:15:00,286.351878866664,144.055626411112,144.133956694442,18.99444445,1.086666666666667,32.15,2,5.1764362714980825,70.66250196097344,0,3,12,0.0,1.0,0.4338837391175582,-0.900968867902419,-2.4492935982947064e-16,1.0,0.0,0.0,0.0,21.725,52.3,28.75,49.75,-9.475,2.3916163,0.0,-0.125,19.238888893333336,31.273076923076925,32.2,32.67142857142857,32.18214285714286,31.666666666666668,-17.907777783333334,-0.0085470323076926,-0.077179487179487,1.1638461538461538,0.976,19.056552724102563,1.1621709401709426,5.2351027,5.0948787,5.2985106,5.2917895,5.2312603,0,1.0,1,0.75,-0.91,22.5,77.5
2022-12-01 00:30:00,141.441842133332,0.0,0.0,19.238888893333336,0.976,31.666666666666668,0,5.1764362714980825,70.66250196097344,0,3,12,0.0,1.0,0.4338837391175582,-0.900968867902419,-2.4492935982947064e-16,1.0,0.0,0.0,0.0,21.15,50.6,43.5,49.5,-9.55,2.3754976,0.0,-0.15,19.02777774,32.15,31.273076923076925,32.2,32.67142857142857,31.1,-18.262888893333336,0.2444444433333359,-0.1106666666666665,1.086666666666667,0.91,19.078774941880344,1.075504273504276,5.2312603,5.2351027,5.0948787,5.2985106,5.0740986,1,2.0,1,0.5,-0.86,20.5,79.5
2022-12-01 00:45:00,621.6509663,80.17818166111,80.252345394442,19.02777774,0.91,31.1,2,5.1764362714980825,70.66250196097344,0,3,12,0.0,1.0,0.4338837391175582,-0.900968867902419,-2.4492935982947064e-16,1.0,0.0,0.0,0.0,20.575,48.900000000000006,58.25,49.25,-9.625,2.3594265,0.0,-0.175,19.03846152692308,31.666666666666668,32.15,31.273076923076925,32.2,31.976923076923075,-18.11777774,-0.2111111533333378,-0.066,0.976,0.7353846153846154,19.08703702777778,0.9908888888888914,5.0740986,5.2312603,5.2351027,5.0948787,5.2204623,0,1.0,1,0.75,-0.91,22.4,77.6
2022-12-01 01:00:00,179.32143810555,62.895539644444,62.958314933332,19.03846152692308,0.7353846153846154,31.976923076923075,1,5.1764362714980825,70.66250196097344,1,3,12,0.2588190451025207,0.9659258262890684,0.4338837391175582,-0.900968867902419,-2.4492935982947064e-16,1.0,0.0,0.0,0.0,20.0,47.2,73.0,49.0,-9.7,2.343403,0.0,-0.2,19.105555560000003,31.1,31.666666666666668,32.15,31.273076923076925,31.3,-18.30307691153846,0.010683786923078,-0.1746153846153846,0.91,0.53,19.101709386752137,0.8737948717948743,5.2204623,5.0740986,5.2312603,5.2351027,5.1302123,0,1.0,1,0.75,-0.9,22.2,77.8
2022-12-01 01:15:00,124.531407511108,20.942217827778,20.98610502222,19.105555560000003,0.53,31.3,1,5.1764362714980825,70.66250196097344,1,3,12,0.2588190451025207,0.9659258262890684,0.4338837391175582,-0.900968867902419,-2.4492935982947064e-16,1.0,0.0,0.0,0.0,20.2,46.3,68.0,50.5,-9.375,2.4068174,0.0,-0.25,18.92407406333333,31.976923076923075,31.1,31.666666666666668,32.15,31.366666666666667,-18.57555556,0.0670940330769269,-0.2053846153846154,0.7353846153846154,0.3433333333333334,19.057264942307693,0.7251282051282075,5.1302123,5.2204623,5.0740986,5.2312603,5.0863743,0,1.0,0,0.75,-0.89,21.7,78.3
2022-12-01 01:30:00,196.766018027774,134.03102746111,134.05158222222,18.92407406333333,0.3433333333333334,31.366666666666667,2,5.1764362714980825,70.66250196097344,1,3,12,0.2588190451025207,0.9659258262890684,0.4338837391175582,-0.900968867902419,-2.4492935982947064e-16,1.0,0.0,0.0,0.0,20.4,45.400000000000006,63.0,52.0,-9.05,2.4697635,0.0,-0.3,19.1222222,31.3,31.976923076923075,31.1,31.666666666666668,31.25,-18.58074073,-0.1814814966666702,-0.1866666666666666,0.53,0.2213333333333333,19.022697050085476,0.5362393162393186,5.0863743,5.1302123,5.2204623,5.0740986,5.127054,0,0.0,1,1.0,-0.93,23.3,76.7
2022-12-01 01:45:00,59.707611466672,0.0,0.0,19.1222222,0.2213333333333333,31.25,0,5.1764362714980825,70.66250196097344,1,3,12,0.2588190451025207,0.9659258262890684,0.4338837391175582,-0.900968867902419,-2.4492935982947064e-16,1.0,0.0,0.0,0.0,20.6,44.5,58.0,53.5,-8.725,2.5322435,0.0,-0.35,18.986507947857145,31.366666666666667,31.3,31.976923076923075,31.1,30.717857142857145,-18.900888866666666,0.198148136666667,-0.122,0.3433333333333334,0.195,19.050617274444445,0.3648888888888912,5.127054,5.0863743,5.1302123,5.2204623,4.9995594,1,1.0,1,0.75,-0.89,21.6,78.4
2022-12-01 02:00:00,141.452952805554,78.6226883,78.637687733332,18.986507947857145,0.195,30.717857142857145,2,5.1764362714980825,70.66250196097344,2,3,12,0.4999999999999999,0.8660254037844387,0.4338837391175582,-0.900968867902419,-2.4492935982947064e-16,1.0,0.0,0.0,0.0,20.8,43.6,53.0,55.0,-8.4,2.594259,0.0,-0.4,19.00555557,31.25,31.366666666666667,31.3,31.976923076923075,31.25,-18.791507947857145,-0.1357142521428542,-0.0263333333333333,0.2213333333333333,0.0906666666666666,19.010934737063494,0.2532222222222246,4.9995594,5.127054,5.0863743,5.1302123,5.091892,0,1.0,1,0.75,-0.92,22.9,77.1
2022-12-01 02:15:00,136.918967488888,74.42424512777801,74.437022466664,19.00555557,0.0906666666666666,31.25,2,5.1764362714980825,70.66250196097344,2,3,12,0.4999999999999999,0.8660254037844387,0.4338837391175582,-0.900968867902419,-2.4492935982947064e-16,1.0,0.0,0.0,0.0,20.85,43.775,40.5,55.5,-8.35,2.5997982,0.0,-0.5,19.10238092571428,30.717857142857145,31.25,31.366666666666667,31.3,30.36785714285714,-18.91488890333333,0.0190476221428568,-0.1043333333333333,0.195,-0.125,19.038095239285717,0.1690000000000023,5.091892,4.9995594,5.127054,5.0863743,4.9764986,0,1.0,0,0.75,-0.91,22.6,77.4
2022-12-01 02:30:00,70.924663033328,28.78579293889,28.793848233332,19.10238092571428,-0.125,30.36785714285714,1,5.1764362714980825,70.66250196097344,2,3,12,0.4999999999999999,0.8660254037844387,0.4338837391175582,-0.900968867902419,-2.4492935982947064e-16,1.0,0.0,0.0,0.0,20.9,43.95,28.0,56.0,-8.3,2.6051226,0.0,-0.6000000000000001,18.933796295,31.25,30.717857142857145,31.25,31.366666666666667,30.679166666666664,-19.22738092571428,0.0968253557142801,-0.2156666666666666,0.0906666666666666,-0.1641666666666666,19.03148148119048,0.0535555555555579,4.9764986,5.091892,4.9995594,5.127054,4.977747,0,1.0,1,0.75,-0.9,21.9,78.1
2022-12-01 02:45:00,149.631236777776,114.0079395,114.02349446111,18.933796295,-0.1641666666666666,30.679166666666664,2,5.1764362714980825,70.66250196097344,2,3,12,0.4999999999999999,0.8660254037844387,0.4338837391175582,-0.900968867902419,-2.4492935982947064e-16,1.0,0.0,0.0,0.0,20.95,44.125,15.5,56.5,-8.25,2.6102347,0.0,-0.7000000000000001,19.1861111175,30.36785714285714,31.25,30.717857142857145,31.25,30.0375,-19.097962961666667,-0.1685846307142817,-0.0391666666666666,-0.125,-0.0849999999999999,19.013910930238094,-0.0661666666666643,4.977747,4.9764986,5.091892,4.9995594,4.9467196,0,0.0,1,1.0,-0.93,23.4,76.6
2022-12-01 03:00:00,38.019034777776,0.0,0.0,19.1861111175,-0.0849999999999999,30.0375,0,5.1764362714980825,70.66250196097344,3,3,12,0.7071067811865476,0.7071067811865476,0.4338837391175582,-0.900968867902419,-2.4492935982947064e-16,1.0,0.0,0.0,0.0,21.0,44.3,3.0,57.0,-8.2,2.6151364,0.0,-0.8,19.017857104285717,30.679166666666664,30.36785714285714,31.25,30.717857142857145,29.553571428571427,-19.2711111175,0.2523148225000007,0.0791666666666666,-0.1641666666666666,0.03,19.074096112738093,-0.1247222222222198,4.9467196,4.977747,4.9764986,5.091892,4.8189707,1,1.0,1,0.75,-0.88,21.3,78.7
2022-12-01 03:15:00,137.473667549998,86.3673785,86.378489205554,19.017857104285717,0.03,29.553571428571427,2,5.1764362714980825,70.66250196097344,3,3,12,0.7071067811865476,0.7071067811865476,0.4338837391175582,-0.900968867902419,-2.4492935982947064e-16,1.0,0.0,0.0,0.0,20.525,44.575,5.25,57.75,-8.225,2.6130073,0.0,-1.0,19.04629626,30.0375,30.679166666666664,30.36785714285714,31.25,29.78333333333333,-18.987857104285712,-0.1682540132142875,0.1149999999999999,-0.0849999999999999,0.0553333333333333,19.04592150559524,-0.0730555555555532,4.8189707,4.9467196,4.977747,4.9764986,4.864591,0,1.0,1,0.75,-0.92,22.8,77.2
2022-12-01 03:30:00,115.31510946111,73.4087302,73.418452077776,19.04629626,0.0553333333333333,29.78333333333333,2,5.1764362714980825,70.66250196097344,3,3,12,0.7071067811865476,0.7071067811865476,0.4338837391175582,-0.900968867902419,-2.4492935982947064e-16,1.0,0.0,0.0,0.0,20.05,44.85,7.5,58.5,-8.25,2.6103773,0.0,-1.2000000000000002,19.12222221,29.553571428571427,30.0375,30.679166666666664,30.36785714285714,29.15,-18.99096292666667,0.0284391557142882,0.0253333333333333,0.03,0.0806666666666666,19.08342149392857,0.0001111111111134,4.864591,4.8189707,4.9467196,4.977747,4.7825165,0,1.0,0,0.75,-0.91,22.5,77.5
2022-12-01 03:45:00,85.696572049998,34.241408088888,34.248352294442,19.12222221,0.0806666666666666,29.15,1,5.1764362714980825,70.66250196097344,3,3,12,0.7071067811865476,0.7071067811865476,0.4338837391175582,-0.900968867902419,-2.4492935982947064e-16,1.0,0.0,0.0,0.0,19.575000000000003,45.125,9.75,59.25,-8.275,2.607261,0.0,-1.4,18.92407406333333,29.78333333333333,29.553571428571427,30.0375,30.679166666666664,29.183333333333334,-19.04155554333333,0.0759259499999984,0.0253333333333333,0.0553333333333333,0.1966666666666666,19.06212519142857,0.0553333333333357,4.7825165,4.864591,4.8189707,4.9467196,4.7323275,0,1.0,1,0.75,-0.9,22.0,78.0
2022-12-01 04:00:00,173.148629377776,131.137809811112,131.1539203,18.92407406333333,0.1966666666666666,29.183333333333334,2,5.1764362714980825,70.66250196097344,4,3,12,0.8660254037844386,0.5000000000000001,0.4338837391175582,-0.900968867902419,-2.4492935982947064e-16,1.0,0.0,0.0,0.0,19.1,45.4,12.0,60.0,-8.3,2.6036685,0.0,-1.6,19.12777775,29.15,29.78333333333333,29.553571428571427,30.0375,29.05,-18.727407396666667,-0.1981481466666679,0.116,0.0806666666666666,0.166,19.030864177777783,0.1108888888888912,4.7323275,4.7825165,4.864591,4.8189707,4.76767,0,0.0,1,1.0,-0.94,23.8,76.2
2022-12-01 04:15:00,65.316553933332,0.0,0.0,19.12777775,0.166,29.05,0,5.1764362714980825,70.66250196097344,4,3,12,0.8660254037844386,0.5000000000000001,0.4338837391175582,-0.900968867902419,-2.4492935982947064e-16,1.0,0.0,0.0,0.0,18.625,44.3,21.25,60.25,-8.375,2.5917773,0.0,-1.725,19.03703703333333,29.183333333333334,29.15,29.78333333333333,29.553571428571427,28.25,-18.96177775,0.2037036866666675,-0.0306666666666666,0.1966666666666666,0.15,19.058024674444443,0.1477777777777801,4.76767,4.7323275,4.7825165,4.864591,4.611627,1,1.0,1,0.75,-0.9,22.0,78.0
2022-12-01 04:30:00,144.967812155556,87.91898308333401,87.930093788888,19.03703703333333,0.15,28.25,2,5.1764362714980825,70.66250196097344,4,3,12,0.8660254037844386,0.5000000000000001,0.4338837391175582,-0.900968867902419,-2.4492935982947064e-16,1.0,0.0,0.0,0.0,18.15,43.2,30.5,60.5,-8.45,2.579872,0.0,-1.85,19.05555555,29.05,29.183333333333334,29.15,29.78333333333333,28.4,-18.887037033333336,-0.0907407166666658,-0.016,0.166,0.0906666666666666,19.029629615555557,0.1708888888888912,4.611627,4.76767,4.7323275,4.7825165,4.6411834,0,1.0,1,0.75,-0.92,22.9,77.1
2022-12-01 04:45:00,120.513234961106,77.662171172222,77.672726333332,19.05555555,0.0906666666666666,28.4,2,5.1764362714980825,70.66250196097344,4,3,12,0.8660254037844386,0.5000000000000001,0.4338837391175582,-0.900968867902419,-2.4492935982947064e-16,1.0,0.0,0.0,0.0,17.675,42.1,39.75,60.75,-8.525,2.5679533,0.0,-1.975,19.13333332,28.25,29.05,29.183333333333334,29.15,27.566666666666663,-18.96488888333333,0.018518516666667,-0.0593333333333333,0.15,0.0633333333333333,19.07345677777778,0.1355555555555579,4.6411834,4.611627,4.76767,4.7323275,4.52571,0,1.0,0,0.75,-0.92,22.7,77.3
2022-12-01 05:00:00,86.256549550002,45.886220027778,45.893164216666,19.13333332,0.0633333333333333,27.566666666666663,1,5.1764362714980825,70.66250196097344,5,3,12,0.9659258262890684,0.2588190451025207,0.4338837391175582,-0.900968867902419,-2.4492935982947064e-16,1.0,0.0,0.0,0.0,17.2,41.0,49.0,61.0,-8.6,2.5560231,0.0,-2.1,18.99444442,28.4,28.25,29.05,29.183333333333334,28.15,-19.06999998666667,0.0777777700000008,-0.0273333333333333,0.0906666666666666,0.0866666666666666,19.075308634444447,0.1013333333333357,4.52571,4.6411834,4.611627,4.76767,4.5837674,0,1.0,1,0.75,-0.9,22.2,77.8
2022-12-01 05:15:00,240.10567313889,128.680963655556,128.696796405554,18.99444442,0.0866666666666666,28.15,2,5.1764362714980825,70.66250196097344,5,3,12,0.9659258262890684,0.2588190451025207,0.4338837391175582,-0.900968867902419,-2.4492935982947064e-16,1.0,0.0,0.0,0.0,17.8,40.925,55.25,60.5,-8.725,2.5261943,0.0,-2.15,19.23518518666667,27.566666666666663,28.4,28.25,29.05,27.666666666666668,-18.90777775333333,-0.1388889000000048,0.0233333333333333,0.0633333333333333,0.126,19.061111096666668,0.0802222222222246,4.5837674,4.52571,4.6411834,4.611627,4.5694723,0,0.0,1,1.0,-0.93,23.3,76.7
2022-12-01 05:30:00,336.915134055552,0.0,0.0,19.23518518666667,0.126,27.666666666666668,0,5.1764362714980825,70.66250196097344,5,3,12,0.9659258262890684,0.2588190451025207,0.4338837391175582,-0.900968867902419,-2.4492935982947064e-16,1.0,0.0,0.0,0.0,18.4,40.85,61.5,60.0,-8.85,2.4965398,0.0,-2.2,19.07777777,28.15,27.566666666666663,28.4,28.25,27.35,-19.109185186666668,0.2407407666666721,0.0393333333333333,0.0866666666666666,0.2453333333333333,19.12098764222222,0.0920000000000023,4.5694723,4.5837674,4.52571,4.6411834,4.4754515,1,1.0,1,0.75,-0.88,21.3,78.7
2022-12-01 05:45:00,167.047762338886,114.132934483334,114.147100633332,19.07777777,0.2453333333333333,27.35,2,5.1764362714980825,70.66250196097344,5,3,12,0.9659258262890684,0.2588190451025207,0.4338837391175582,-0.900968867902419,-2.4492935982947064e-16,1.0,0.0,0.0,0.0,19.0,40.775000000000006,67.75,59.5,-8.975,2.4670584,0.0,-2.25,19.187301568571428,27.666666666666668,28.15,27.566666666666663,28.4,27.310714285714287,-18.832444436666663,-0.1574074166666683,0.1193333333333333,0.126,0.305,19.102469125555555,0.152666666666669,4.4754515,4.5694723,4.5837674,4.52571,4.4979744,0,1.0,1,0.75,-0.92,22.8,77.2
2022-12-01 06:00:00,95.520901277776,55.340286333332,55.348897172218,19.187301568571428,0.305,27.310714285714287,1,5.1764362714980825,70.66250196097344,6,3,12,1.0,6.123233995736766e-17,0.4338837391175582,-0.900968867902419,-2.4492935982947064e-16,1.0,0.0,0.0,0.0,19.6,40.7,74.0,59.0,-9.1,2.4377491,0.0,-2.3,19.16111109,27.35,27.666666666666668,28.15,27.566666666666663,26.7,-18.882301568571428,0.109523798571427,0.0596666666666667,0.2453333333333333,0.3166666666666666,19.166754841746037,0.2254444444444468,4.4979744,4.4754515,4.5694723,4.5837674,4.39061,0,1.0,1,0.75,-0.89,21.8,78.2
2022-12-01 06:15:00,90.277222199996,41.683888127778,41.691110105554,19.16111109,0.3166666666666666,26.7,1,5.1764362714980825,70.66250196097344,6,3,12,1.0,6.123233995736766e-17,0.4338837391175582,-0.900968867902419,-2.4492935982947064e-16,1.0,0.0,0.0,0.0,19.675,41.325,74.75,59.25,-9.1,2.4437811,0.0,-2.325,18.935185163333337,27.310714285714287,27.35,27.666666666666668,28.15,26.966666666666665,-18.844444423333336,-0.0261904785714257,0.0116666666666666,0.305,0.274,19.14206347619048,0.2890000000000024,4.39061,4.4979744,4.4754515,4.5694723,4.3757467,0,1.0,0,0.75,-0.9,22.2,77.8
2022-12-01 06:30:00,166.358345466664,126.671321827778,126.687432349998,18.935185163333337,0.274,26.966666666666665,2,5.1764362714980825,70.66250196097344,6,3,12,1.0,6.123233995736766e-17,0.4338837391175582,-0.900968867902419,-2.4492935982947064e-16,1.0,0.0,0.0,0.0,19.75,41.95,75.5,59.5,-9.1,2.4497843,0.0,-2.35,19.09444447,26.7,27.310714285714287,27.35,27.666666666666668,26.9,-18.661185163333336,-0.2259259266666653,-0.0426666666666666,0.3166666666666666,0.2033333333333333,19.09453260730159,0.2985555555555579,4.3757467,4.39061,4.4979744,4.4754515,4.4061446,0,0.0,1,1.0,-0.95,24.1,75.9
2022-12-01 06:45:00,121.228761788888,74.58951631666599,74.599793705554,19.09444447,0.2033333333333333,26.9,2,5.1764362714980825,70.66250196097344,6,3,12,1.0,6.123233995736766e-17,0.4338837391175582,-0.900968867902419,-2.4492935982947064e-16,1.0,0.0,0.0,0.0,19.825,42.575,76.25,59.75,-9.1,2.4557574,0.0,-2.375,19.168518533333334,26.966666666666665,26.7,27.310714285714287,27.35,26.066666666666663,-18.891111136666662,0.1592593066666623,-0.0706666666666666,0.274,0.158,19.063580241111115,0.264666666666669,4.4061446,4.3757467,4.39061,4.4979744,4.2883344,0,0.0,0,1.0,-0.92,22.7,77.3
2022-12-01 07:00:00,120.536567227778,52.925938427778,52.933993688888,19.168518533333334,0.158,26.066666666666663,1,5.1764362714980825,70.66250196097344,7,3,12,0.9659258262890684,-0.2588190451025206,0.4338837391175582,-0.900968867902419,-2.4492935982947064e-16,1.0,0.0,0.0,0.0,19.9,43.2,77.0,60.0,-9.1,2.4617012,0.0,-2.4,19.02777778,26.9,26.966666666666665,26.7,27.310714285714287,26.65,-19.01051853333333,0.0740740633333345,-0.0453333333333333,0.2033333333333333,0.0833333333333333,19.06604938888889,0.2117777777777801,4.2883344,4.4061446,4.3757467,4.39061,4.348062,0,0.0,1,1.0,-0.9,22.2,77.8
2022-12-01 07:15:00,157.193989955548,112.717157783334,112.73243502222,19.02777778,0.0833333333333333,26.65,2,5.1764362714980825,70.66250196097344,7,3,12,0.9659258262890684,-0.2588190451025206,0.4338837391175582,-0.900968867902419,-2.4492935982947064e-16,1.0,0.0,0.0,0.0,21.25,43.55,80.25,59.0,-9.05,2.472219,0.0,-2.1,19.21851854333333,26.066666666666663,26.9,26.966666666666665,26.7,26.35,-18.94444444666667,-0.1407407533333327,-0.0746666666666666,0.158,0.0593333333333333,19.096913594444445,0.1482222222222246,4.348062,4.2883344,4.4061446,4.3757467,4.347739,0,0.0,1,1.0,-0.93,23.3,76.7
2022-12-01 07:30:00,49.713011516662,0.0,0.0,19.21851854333333,0.0593333333333333,26.35,0,5.1764362714980825,70.66250196097344,7,3,12,0.9659258262890684,-0.2588190451025206,0.4338837391175582,-0.900968867902419,-2.4492935982947064e-16,1.0,0.0,0.0,0.0,22.6,43.900000000000006,83.5,58.0,-9.0,2.4819345,0.0,-1.7999999999999998,19.02222221,26.65,26.066666666666663,26.9,26.966666666666665,26.35,-19.15918521,0.1907407633333342,-0.0239999999999999,0.0833333333333333,-0.026,19.13827161888889,0.1002222222222246,4.347739,4.348062,4.2883344,4.4061446,4.297707,1,1.0,1,0.75,-0.89,21.7,78.3
2022-12-01 07:45:00,167.757733855556,117.70723593889,117.721679827778,19.02222221,-0.026,26.35,2,5.1764362714980825,70.66250196097344,7,3,12,0.9659258262890684,-0.2588190451025206,0.4338837391175582,-0.900968867902419,-2.4492935982947064e-16,1.0,0.0,0.0,0.0,23.95,44.25,86.75,57.0,-8.95,2.4908144,0.0,-1.5,19.108333347142857,26.35,26.65,26.066666666666663,26.9,26.317857142857143,-19.04822221,-0.1962963333333363,-0.0853333333333333,0.0593333333333333,-0.0921428571428571,19.08950617777778,0.0388888888888912,4.297707,4.347739,4.348062,4.2883344,4.314324,0,1.0,1,0.75,-0.93,23.5,76.5
2022-12-01 08:00:00,84.756054272214,45.680950488888,45.689283538886,19.108333347142857,-0.0921428571428571,26.317857142857143,1,5.1764362714980825,70.66250196097344,8,3,12,0.8660254037844387,-0.4999999999999998,0.4338837391175582,-0.900968867902419,-2.4492935982947064e-16,1.0,0.0,0.0,0.0,25.3,44.6,90.0,56.0,-8.9,2.498823,0.0,-1.2,19.09444446,26.35,26.35,26.65,26.066666666666663,25.75,-19.200476204285717,0.0861111371428577,-0.0661428571428571,-0.026,0.028,19.116358033492062,-0.0196031746031722,4.314324,4.297707,4.347739,4.348062,4.2177777,0,1.0,1,0.75,-0.92,22.7,77.3
2022-12-01 08:15:00,133.12439697778,77.702447311112,77.713002472222,19.09444446,0.028,25.75,2,5.1764362714980825,70.66250196097344,8,3,12,0.8660254037844387,-0.4999999999999998,0.4338837391175582,-0.900968867902419,-2.4492935982947064e-16,1.0,4.0,1.0,0.3333333333333333,25.25,47.575,91.75,56.25,-8.9,2.4969046,0.0,-1.275,19.07407406,26.317857142857143,26.35,26.35,26.65,26.433333333333334,-19.06644446,-0.0138888871428584,0.1201428571428571,-0.0921428571428571,-0.076,19.075000005714283,-0.0300476190476166,4.2177777,4.314324,4.297707,4.347739,4.324507,0,1.0,1,0.75,-0.92,22.9,77.1
2022-12-01 08:30:00,151.68365474444,93.335155344444,93.348488211108,19.07407406,-0.076,26.433333333333334,2,5.1764362714980825,70.66250196097344,8,3,12,0.8660254037844387,-0.4999999999999998,0.4338837391175582,-0.900968867902419,-2.4492935982947064e-16,1.0,8.0,3.0,1.0,25.200000000000003,50.55,93.5,56.5,-8.9,2.49493,0.0,-1.35,19.173809545714285,25.75,26.317857142857143,26.35,26.35,25.885714285714283,-19.15007406,-0.0203704000000009,-0.104,0.028,-0.11,19.092283955714283,-0.0467142857142833,4.324507,4.2177777,4.314324,4.297707,4.2598934,0,0.0,0,1.0,-0.92,23.0,77.0
2022-12-01 08:45:00,78.92017641666601,34.231686244444,34.239463749998,19.173809545714285,-0.11,25.885714285714283,1,5.1764362714980825,70.66250196097344,8,3,12,0.8660254037844387,-0.4999999999999998,0.4338837391175582,-0.900968867902419,-2.4492935982947064e-16,1.0,12.0,6.0,2.0,25.15,53.525,95.25,56.75,-8.9,2.4928997,0.0,-1.425,18.979629606666663,26.433333333333334,25.75,26.317857142857143,26.35,26.616666666666667,-19.283809545714284,0.0997354857142873,-0.034,-0.076,-0.0833333333333333,19.114109355238096,-0.0526666666666642,4.2598934,4.324507,4.2177777,4.314324,4.330301,0,0.0,1,1.0,-0.9,22.2,77.8
2022-12-01 09:00:00,463.485626616662,88.72672858888801,88.743672411108,18.979629606666663,-0.0833333333333333,26.616666666666667,2,5.1764362714980825,70.66250196097344,9,3,12,0.7071067811865476,-0.7071067811865475,0.4338837391175582,-0.900968867902419,-2.4492935982947064e-16,1.0,16.0,10.0,3.333333333333333,25.1,56.5,97.0,57.0,-8.9,2.4908144,0.0,-1.5,19.02222225,25.885714285714283,26.433333333333334,25.75,26.317857142857143,26.65,-19.06296294,-0.1941799390476184,0.0266666666666666,-0.11,0.094,19.07583773746032,-0.0897777777777753,4.330301,4.2598934,4.324507,4.2177777,4.346637,0,0.0,1,1.0,-0.94,23.8,76.2
2022-12-01 09:15:00,148.334344205554,29.873804966668,29.881304733332,19.02222225,0.094,26.65,1,5.1764362714980825,70.66250196097344,9,3,12,0.7071067811865476,-0.7071067811865475,0.4338837391175582,-0.900968867902419,-2.4492935982947064e-16,1.0,36.25,18.0625,6.354166666666667,25.375,57.05,97.75,57.25,-8.725,2.5236468,0.025,-1.375,18.961111136666663,26.616666666666667,25.885714285714283,26.433333333333334,25.75,26.5,-18.92822225,0.0425926433333359,0.1773333333333333,-0.0833333333333333,0.3773333333333333,19.05855380079365,-0.0331111111111087,4.346637,4.330301,4.2598934,4.324507,4.306609,0,0.0,1,1.0,-0.93,23.4,76.6
2022-12-01 09:30:00,181.946333038886,122.145947283334,122.16205782222,18.961111136666663,0.3773333333333333,26.5,2,5.1764362714980825,70.66250196097344,9,3,12,0.7071067811865476,-0.7071067811865475,0.4338837391175582,-0.900968867902419,-2.4492935982947064e-16,1.0,56.5,30.1875,11.0625,25.65,57.6,98.5,57.5,-8.55,2.5568392,0.05,-1.25,19.15555556,26.65,26.616666666666667,25.885714285714283,26.433333333333334,25.8,-18.583777803333334,-0.0611111133333359,0.2833333333333333,0.094,0.696,18.987654331111116,0.1293333333333357,4.306609,4.346637,4.330301,4.2598934,4.241223,0,0.0,1,1.0,-0.95,24.0,76.0
2022-12-01 09:45:00,43.632699188884,0.0,0.0,19.15555556,0.696,25.8,0,5.1764362714980825,70.66250196097344,9,3,12,0.7071067811865476,-0.7071067811865475,0.4338837391175582,-0.900968867902419,-2.4492935982947064e-16,1.0,76.75,46.375,17.458333333333332,25.925,58.150000000000006,99.25,57.75,-8.375,2.590396,0.075,-1.125,19.025925933333333,26.5,26.65,26.616666666666667,25.885714285714283,25.683333333333334,-18.45955556,0.1944444233333335,0.3186666666666666,0.3773333333333333,0.8,19.04629631555556,0.3891111111111134,4.241223,4.306609,4.346637,4.330301,4.1898875,1,1.0,1,0.75,-0.91,22.4,77.6
2022-12-01 10:00:00,143.916465461106,103.8966773,103.912232294442,19.025925933333333,0.8,25.683333333333334,2,5.1764362714980825,70.66250196097344,10,3,12,0.4999999999999999,-0.8660254037844387,0.4338837391175582,-0.900968867902419,-2.4492935982947064e-16,1.0,97.0,66.625,25.541666666666668,26.2,58.7,100.0,58.0,-8.2,2.624319,0.1,-1.0,19.09444445,25.8,26.5,26.65,26.616666666666667,25.95,-18.225925933333333,-0.1296296266666665,0.104,0.696,0.6673333333333333,19.047530876666663,0.6244444444444468,4.1898875,4.241223,4.306609,4.346637,4.250537,0,1.0,1,0.75,-0.94,23.6,76.4
2022-12-01 10:15:00,93.48598266111,39.635636744444,39.643414266664,19.09444445,0.6673333333333333,25.95,1,5.1764362714980825,70.66250196097344,10,3,12,0.4999999999999999,-0.8660254037844387,0.4338837391175582,-0.900968867902419,-2.4492935982947064e-16,1.0,95.0,81.3125,33.458333333333336,26.625,59.150000000000006,100.0,56.5,-8.325,2.5966957,0.075,-0.775,19.03333333333333,25.683333333333334,25.8,26.5,26.65,25.53333333333333,-18.42711111666667,0.0685185166666677,-0.1326666666666667,0.8,0.754,19.091975314444444,0.7211111111111134,4.250537,4.1898875,4.241223,4.306609,4.1672387,0,1.0,1,0.75,-0.92,22.9,77.1
2022-12-01 10:30:00,123.548946744444,68.427818294446,68.439206772222,19.03333333333333,0.754,25.53333333333333,1,5.1764362714980825,70.66250196097344,10,3,12,0.4999999999999999,-0.8660254037844387,0.4338837391175582,-0.900968867902419,-2.4492935982947064e-16,1.0,93.0,90.4375,41.208333333333336,27.05,59.6,100.0,55.0,-8.45,2.5674763,0.05,-0.55,18.95555553,25.95,25.683333333333334,25.8,26.5,25.85,-18.279333333333334,-0.061111116666666,0.0866666666666666,0.6673333333333333,0.8933333333333332,19.051234572222224,0.7404444444444468,4.1672387,4.250537,4.1898875,4.241223,4.1995983,0,1.0,0,0.75,-0.94,23.5,76.5
2022-12-01 10:45:00,162.315451638886,106.343523872222,106.357134477776,18.95555553,0.8933333333333332,25.85,2,5.1764362714980825,70.66250196097344,10,3,12,0.4999999999999999,-0.8660254037844387,0.4338837391175582,-0.900968867902419,-2.4492935982947064e-16,1.0,91.0,94.0,48.79166666666666,27.475,60.05,100.0,53.5,-8.575,2.536622,0.0249999999999999,-0.325,19.142592593333333,25.53333333333333,25.95,25.683333333333334,25.8,25.816666666666663,-18.062222196666667,-0.0777778033333334,0.1393333333333332,0.754,1.0593333333333337,19.027777771111115,0.7715555555555579,4.1995983,4.1672387,4.250537,4.1898875,4.2407207,0,0.0,1,1.0,-0.95,24.2,75.8
2022-12-01 11:00:00,723.423284311104,20.647229644444,20.653340549998,19.142592593333333,1.0593333333333337,25.816666666666663,1,5.1764362714980825,70.66250196097344,11,3,12,0.258819045102521,-0.9659258262890682,0.4338837391175582,-0.900968867902419,-2.4492935982947064e-16,1.0,89.0,92.0,56.208333333333336,27.9,60.5,100.0,52.0,-8.7,2.504094,0.0,-0.1,18.95555558,25.85,25.53333333333333,25.95,25.683333333333334,26.7,-18.08325926,0.1870370633333316,0.1660000000000002,0.8933333333333332,1.1526666666666665,19.043827152222224,0.9022222222222248,4.2407207,4.1995983,4.1672387,4.250537,4.33769,0,0.0,1,1.0,-0.91,22.5,77.5
2022-12-01 11:15:00,201.051957550002,126.391610766668,126.407999011112,18.95555558,1.1526666666666665,26.7,2,5.1764362714980825,70.66250196097344,11,3,12,0.258819045102521,-0.9659258262890682,0.4338837391175582,-0.900968867902419,-2.4492935982947064e-16,1.0,101.25,93.5625,64.3125,28.85,64.45,100.0,52.25,-8.475,2.5510476,0.0,0.0999999999999999,19.105555573333334,25.816666666666663,25.85,25.53333333333333,25.95,28.4,-17.802888913333337,-0.187037013333331,0.093333333333333,1.0593333333333337,1.2713333333333334,19.017901234444448,1.0351111111111135,4.33769,4.2407207,4.1995983,4.1672387,4.6548896,0,0.0,1,1.0,-0.95,24.0,76.0
2022-12-01 11:30:00,96.691687744444,47.671148611112,47.681148277776,19.105555573333334,1.2713333333333334,28.4,1,5.1764362714980825,70.66250196097344,11,3,12,0.258819045102521,-0.9659258262890682,0.4338837391175582,-0.900968867902419,-2.4492935982947064e-16,1.0,113.5,98.6875,73.10416666666667,29.8,68.4,100.0,52.5,-8.25,2.5987628,0.0,0.2999999999999999,19.08333335,26.7,25.816666666666663,25.85,25.53333333333333,27.9,-17.83422224,0.1499999933333313,0.1186666666666669,1.1526666666666665,1.378,19.06790124888889,1.1611111111111134,4.6548896,4.33769,4.2407207,4.1995983,4.566948,0,0.0,1,1.0,-0.9,22.3,77.7
2022-12-01 11:45:00,115.082341038886,52.911216816666,52.921494238886,19.08333335,1.378,27.9,1,5.1764362714980825,70.66250196097344,11,3,12,0.258819045102521,-0.9659258262890682,0.4338837391175582,-0.900968867902419,-2.4492935982947064e-16,1.0,125.75,107.375,82.58333333333333,30.75,72.35,100.0,52.75,-8.025,2.647248,0.0,0.5,18.90925924333333,28.4,26.7,25.816666666666663,25.85,28.8,-17.705333349999997,-0.0222222233333369,0.1066666666666664,1.2713333333333334,1.472,19.04814816777778,1.2673333333333356,4.566948,4.6548896,4.33769,4.2407207,4.6660824,0,0.0,0,1.0,-0.91,22.6,77.4
2022-12-01 12:00:00,184.115690461118,140.675206083334,140.693538716666,18.90925924333333,1.472,28.8,2,5.1764362714980825,70.66250196097344,12,3,12,1.2246467991473532e-16,-1.0,0.4338837391175582,-0.900968867902419,-2.4492935982947064e-16,1.0,138.0,119.625,92.75,31.7,76.3,100.0,53.0,-7.8,2.6965148,0.0,0.7,19.13888888,27.9,28.4,26.7,25.816666666666663,29.05,-17.437259243333333,-0.1740741066666622,0.094,1.378,1.6226666666666667,19.03271605555556,1.3737777777777804,4.6660824,4.566948,4.6548896,4.33769,4.770795,0,0.0,1,1.0,-0.95,24.0,76.0
2022-12-01 12:15:00,56.57495916111,17.151813883334,17.158758138886,19.13888888,1.6226666666666667,29.05,1,5.1764362714980825,70.66250196097344,12,3,12,1.2246467991473532e-16,-1.0,0.4338837391175582,-0.900968867902419,-2.4492935982947064e-16,1.0,133.25,127.625,100.83333333333331,31.625,75.05,97.75,52.75,-7.675,2.716137,0.0,0.875,19.005555583333333,28.8,27.9,28.4,26.7,28.25,-17.516222213333332,0.2296296366666652,0.1506666666666667,1.472,1.663333333333333,19.04382715777778,1.4908888888888914,4.770795,4.6660824,4.566948,4.6548896,4.60307,0,0.0,1,1.0,-0.89,21.9,78.1
2022-12-01 12:30:00,129.554539844444,80.28817726111001,80.300954533332,19.005555583333333,1.663333333333333,28.25,2,5.1764362714980825,70.66250196097344,12,3,12,1.2246467991473532e-16,-1.0,0.4338837391175582,-0.900968867902419,-2.4492935982947064e-16,1.0,128.5,131.375,106.83333333333331,31.55,73.8,95.5,52.5,-7.55,2.7357924,0.0,1.0499999999999998,18.99444445,29.05,28.8,27.9,28.4,28.8,-17.34222225,-0.1333332966666667,0.0406666666666666,1.6226666666666667,1.6966666666666663,19.01790123555556,1.5860000000000023,4.60307,4.770795,4.6660824,4.566948,4.6896095,0,0.0,1,1.0,-0.93,23.2,76.8
2022-12-01 12:45:00,196.132432155556,134.2671291,134.28490622222,18.99444445,1.6966666666666663,28.8,2,5.1764362714980825,70.66250196097344,12,3,12,1.2246467991473532e-16,-1.0,0.4338837391175582,-0.900968867902419,-2.4492935982947064e-16,1.0,123.75,130.875,110.75,31.475,72.55,93.25,52.25,-7.425,2.7554786,0.0,1.225,19.21851854333333,28.25,29.05,28.8,27.9,28.166666666666668,-17.297777783333334,-0.0111111333333333,0.0333333333333332,1.663333333333333,1.8166666666666669,19.046296304444443,1.6608888888888913,4.6896095,4.60307,4.770795,4.6660824,4.647488,0,0.0,0,1.0,-0.93,23.2,76.8
2022-12-01 13:00:00,46.147043111104,0.0,0.0,19.21851854333333,1.8166666666666669,28.166666666666668,0,5.1764362714980825,70.66250196097344,13,3,12,-0.2588190451025208,-0.9659258262890684,0.4338837391175582,-0.900968867902419,-2.4492935982947064e-16,1.0,119.0,126.125,112.58333333333331,31.4,71.3,91.0,52.0,-7.3,2.7751946,0.0,1.4,18.990079382142856,28.8,28.25,29.05,28.8,27.607142857142858,-17.40185187666667,0.2240740933333356,0.1200000000000001,1.6966666666666663,1.9142857142857144,19.072839525555555,1.725555555555558,4.647488,4.6896095,4.60307,4.770795,4.494215,1,1.0,1,0.75,-0.88,21.4,78.6
2022-12-01 13:15:00,143.11288650555,104.731366127778,104.746921138886,18.990079382142856,1.9142857142857144,27.607142857142858,2,5.1764362714980825,70.66250196097344,13,3,12,-0.2588190451025208,-0.9659258262890684,0.4338837391175582,-0.900968867902419,-2.4492935982947064e-16,1.0,156.5,131.9375,117.70833333333331,30.4,70.475,89.75,51.75,-7.275,2.7901897,0.0,1.5499999999999998,19.09444445333333,28.166666666666668,28.8,28.25,29.05,28.25,-17.07579366785714,-0.2284391611904794,0.0976190476190477,1.8166666666666669,1.9613333333333327,19.0676807918254,1.809206349206352,4.494215,4.647488,4.6896095,4.60307,4.62727,0,1.0,1,0.75,-0.94,23.5,76.5
2022-12-01 13:30:00,159.484731638882,110.046431316666,110.061708555552,19.09444445333333,1.9613333333333327,28.25,2,5.1764362714980825,70.66250196097344,13,3,12,-0.2588190451025208,-0.9659258262890684,0.4338837391175582,-0.900968867902419,-2.4492935982947064e-16,1.0,194.0,148.3125,126.125,29.4,69.65,88.5,51.5,-7.25,2.8051648,0.0,1.7,19.25000002,27.607142857142858,28.166666666666668,28.8,28.25,27.6,-17.13311112,0.1043650711904753,0.0470476190476187,1.9142857142857144,1.9446666666666663,19.10101412626984,1.8974285714285737,4.62727,4.494215,4.647488,4.6896095,4.562441,0,1.0,0,0.75,-0.91,22.4,77.6
2022-12-01 13:45:00,59.196520994442,0.0,0.0,19.25000002,1.9446666666666663,27.6,0,5.1764362714980825,70.66250196097344,13,3,12,-0.2588190451025208,-0.9659258262890684,0.4338837391175582,-0.900968867902419,-2.4492935982947064e-16,1.0,231.5,175.25,137.83333333333334,28.4,68.825,87.25,51.25,-7.225,2.8201172,0.0,1.85,18.99814813333333,28.25,27.607142857142858,28.166666666666668,28.8,27.216666666666665,-17.305333353333335,0.1555555666666705,-0.0166666666666666,1.9613333333333327,1.964,19.1115079518254,1.9400952380952403,4.562441,4.62727,4.494215,4.647488,4.432759,1,2.0,1,0.5,-0.88,21.2,78.8
2022-12-01 14:00:00,141.83793733889,93.120163911112,93.134052272222,18.99814813333333,1.964,27.216666666666665,2,5.1764362714980825,70.66250196097344,14,3,12,-0.4999999999999997,-0.8660254037844388,0.4338837391175582,-0.900968867902419,-2.4492935982947064e-16,1.0,269.0,212.75,152.83333333333334,27.4,68.0,86.0,51.0,-7.2,2.835046,0.0,2.0,18.92777777,27.6,28.25,27.607142857142858,28.166666666666668,27.85,-17.034148133333336,-0.2518518866666674,0.0193333333333334,1.9446666666666663,2.012,19.11419753555556,1.956666666666669,4.432759,4.562441,4.62727,4.494215,4.517105,0,1.0,1,0.75,-0.94,23.5,76.5
2022-12-01 14:15:00,188.555235438882,137.370616072222,137.387282105554,18.92777777,2.012,27.85,2,5.1764362714980825,70.66250196097344,14,3,12,-0.4999999999999997,-0.8660254037844388,0.4338837391175582,-0.900968867902419,-2.4492935982947064e-16,1.0,246.75,235.3125,164.95833333333334,27.575,66.85,88.75,51.25,-7.1,2.8489432,0.0,2.0,19.11666667333333,27.216666666666665,27.6,28.25,27.607142857142858,27.633333333333333,-16.91577777,-0.0703703633333354,0.048,1.964,1.964,19.058641974444445,1.973555555555558,4.517105,4.432759,4.562441,4.62727,4.5321975,0,1.0,0,0.75,-0.95,24.0,76.0
2022-12-01 14:30:00,55.556666627774,15.972972155556,15.980194133332,19.11666667333333,1.964,27.633333333333333,1,5.1764362714980825,70.66250196097344,14,3,12,-0.4999999999999997,-0.8660254037844388,0.4338837391175582,-0.900968867902419,-2.4492935982947064e-16,1.0,224.5,242.9375,174.20833333333334,27.75,65.7,91.5,51.5,-7.0,2.8628407,0.0,2.0,18.97222224,27.85,27.216666666666665,27.6,28.25,27.05,-17.152666673333336,0.1888889033333356,-0.048,2.012,1.992,19.01419752555556,1.9800000000000024,4.5321975,4.517105,4.432759,4.562441,4.398876,0,1.0,1,0.75,-0.91,22.3,77.7
2022-12-01 14:45:00,121.222650949998,81.90672359999999,81.918945394442,18.97222224,1.992,27.05,2,5.1764362714980825,70.66250196097344,14,3,12,-0.4999999999999997,-0.8660254037844388,0.4338837391175582,-0.900968867902419,-2.4492935982947064e-16,1.0,202.25,235.625,180.58333333333331,27.925,64.55,94.25,51.75,-6.9,2.8767378,0.0,2.0,19.01111111,27.633333333333333,27.85,27.216666666666665,27.6,27.466666666666665,-16.98022224,-0.1444444333333336,0.028,1.964,2.008,19.005555561111112,1.989333333333336,4.398876,4.5321975,4.517105,4.432759,4.4769,0,0.0,1,1.0,-0.94,23.8,76.2
2022-12-01 15:00:00,207.218933094446,143.061499544444,143.079276616666,19.01111111,2.008,27.466666666666665,2,5.1764362714980825,70.66250196097344,15,3,12,-0.7071067811865471,-0.7071067811865479,0.4338837391175582,-0.900968867902419,-2.4492935982947064e-16,1.0,180.0,213.375,184.08333333333331,28.1,63.4,97.0,52.0,-6.8,2.890635,0.0,2.0,19.24444445,27.05,27.633333333333333,27.85,27.216666666666665,27.15,-17.003111110000003,0.0388888700000009,0.016,1.992,2.044,19.033333341111117,1.9880000000000024,4.4769,4.398876,4.5321975,4.517105,4.486585,0,0.0,0,1.0,-0.93,23.3,76.7
2022-12-01 15:15:00,60.091485177776,0.0,0.0,19.24444445,2.044,27.15,0,5.1764362714980825,70.66250196097344,15,3,12,-0.7071067811865471,-0.7071067811865479,0.4338837391175582,-0.900968867902419,-2.4492935982947064e-16,1.0,162.5,192.3125,186.52083333333331,27.575000000000003,62.75,97.75,52.0,-6.85,2.8857422,0.0,1.975,19.10185186333333,27.466666666666665,27.05,27.633333333333333,27.85,27.183333333333334,-17.20044445,0.2333333399999979,0.036,2.008,2.086666666666667,19.07592593333333,2.014666666666669,4.486585,4.4769,4.398876,4.5321975,4.4544992,1,1.0,1,0.75,-0.88,21.3,78.7
2022-12-01 15:30:00,177.247076549998,137.977258455556,137.994480016666,19.10185186333333,2.086666666666667,27.183333333333334,2,5.1764362714980825,70.66250196097344,15,3,12,-0.7071067811865471,-0.7071067811865479,0.4338837391175582,-0.900968867902419,-2.4492935982947064e-16,1.0,145.0,172.4375,187.89583333333331,27.05,62.1,98.5,52.0,-6.9,2.8808565,0.0,1.95,19.25555555,27.15,27.466666666666665,27.05,27.633333333333333,27.4,-17.015185196666664,-0.1425925866666695,0.0426666666666668,2.044,2.0786666666666664,19.119135807777777,2.0462222222222244,4.4544992,4.486585,4.4769,4.398876,4.530863,0,1.0,1,0.75,-0.91,22.6,77.4
2022-12-01 15:45:00,481.250471477776,98.87548923889,98.890488655556,19.25555555,2.0786666666666664,27.4,2,5.1764362714980825,70.66250196097344,15,3,12,-0.7071067811865471,-0.7071067811865479,0.4338837391175582,-0.900968867902419,-2.4492935982947064e-16,1.0,127.5,153.75,188.20833333333331,26.525,61.45,99.25,52.0,-6.95,2.8759785,0.0,1.925,19.30370372,27.183333333333334,27.15,27.466666666666665,27.05,26.566666666666663,-17.176888883333334,0.1537036866666703,-0.0080000000000004,2.086666666666667,1.988,19.200617287777774,2.06977777777778,4.530863,4.4544992,4.486585,4.4769,4.405536,0,1.0,0,0.75,-0.88,21.2,78.8
2022-12-01 16:00:00,59.022916805554,13.920276483334,13.925831877776002,19.30370372,1.988,26.566666666666663,1,5.1764362714980825,70.66250196097344,16,3,12,-0.8660254037844385,-0.5000000000000004,0.4338837391175582,-0.900968867902419,-2.4492935982947064e-16,1.0,110.0,136.25,187.45833333333331,26.0,60.8,100.0,52.0,-7.0,2.8711078,0.0,1.9,19.02222221,27.4,27.183333333333334,27.15,27.466666666666665,26.85,-17.31570372,0.0481481699999974,-0.0906666666666664,2.0786666666666664,1.944,19.220370377777776,2.0511111111111133,4.405536,4.530863,4.4544992,4.486585,4.379257,0,1.0,1,0.75,-0.87,21.0,79.0
2022-12-01 16:15:00,178.715906694442,124.325304555556,124.343081677776,19.02222221,1.944,26.85,2,5.1764362714980825,70.66250196097344,16,3,12,-0.8660254037844385,-0.5000000000000004,0.4338837391175582,-0.900968867902419,-2.4492935982947064e-16,1.0,101.25,120.9375,182.85416666666663,25.175,59.55,82.75,52.25,-7.025,2.8556967,0.0,1.75,19.15000001,26.566666666666663,27.4,27.183333333333334,27.15,27.0,-17.07822221,-0.281481509999999,-0.044,1.988,1.89,19.19382716,2.003555555555558,4.379257,4.405536,4.530863,4.4544992,4.437035,0,0.0,1,1.0,-0.93,23.4,76.6
2022-12-01 16:30:00,144.63421451666198,91.173575111112,91.186907944444,19.15000001,1.89,27.0,2,5.1764362714980825,70.66250196097344,16,3,12,-0.8660254037844385,-0.5000000000000004,0.4338837391175582,-0.900968867902419,-2.4492935982947064e-16,1.0,92.5,107.8125,174.39583333333334,24.35,58.3,65.5,52.5,-7.05,2.8402672,0.0,1.6,19.22777775,26.85,26.566666666666663,27.4,27.183333333333334,26.65,-17.26000001,0.1277778000000005,-0.0539999999999998,1.944,1.8300000000000003,19.15864198,1.940666666666669,4.437035,4.379257,4.405536,4.530863,4.3996367,0,0.0,0,1.0,-0.9,22.2,77.8
2022-12-01 16:45:00,73.265680438886,25.256211944444,25.26176732222,19.22777775,1.8300000000000003,26.65,1,5.1764362714980825,70.66250196097344,16,3,12,-0.8660254037844385,-0.5000000000000004,0.4338837391175582,-0.900968867902419,-2.4492935982947064e-16,1.0,83.75,96.875,162.08333333333334,23.525,57.05,48.25000000000001,52.75,-7.074999999999999,2.8248205,0.0,1.45,18.956349162857144,27.0,26.85,26.566666666666663,27.4,26.696428571428573,-17.397777749999996,0.0777777399999983,-0.0599999999999998,1.89,1.8007142857142855,19.13333332333333,1.8880000000000023,4.3996367,4.437035,4.379257,4.405536,4.337312,0,0.0,1,1.0,-0.89,21.6,78.4
2022-12-01 17:00:00,161.252994055556,124.63473666111,124.650569394442,18.956349162857144,1.8007142857142855,26.696428571428573,2,5.1764362714980825,70.66250196097344,17,3,12,-0.9659258262890684,-0.2588190451025206,0.4338837391175582,-0.900968867902419,-2.4492935982947064e-16,1.0,75.0,88.125,145.91666666666666,22.7,55.8,31.0,53.0,-7.1,2.8093588,0.0,1.3,19.14999997,26.65,27.0,26.85,26.566666666666663,26.95,-17.15563487714286,-0.2714285871428537,-0.0292857142857145,1.8300000000000003,1.6386666666666665,19.11137564095238,1.8402380952380977,4.337312,4.3996367,4.437035,4.379257,4.428818,0,0.0,1,1.0,-0.95,24.0,76.0
2022-12-01 17:15:00,126.82603783889,87.562886244444,87.57594132222,19.14999997,1.6386666666666665,26.95,2,5.1764362714980825,70.66250196097344,17,3,12,-0.9659258262890684,-0.2588190451025206,0.4338837391175582,-0.900968867902419,-2.4492935982947064e-16,1.0,58.0,77.3125,130.1875,21.725,53.9,48.0,54.0,-7.15,2.809157,0.0,1.025,19.22407407,26.696428571428573,26.65,27.0,26.85,26.53333333333333,-17.511333303333334,0.1936508071428555,-0.1620476190476192,1.8007142857142855,1.4473333333333334,19.11137562761905,1.75646031746032,4.428818,4.337312,4.3996367,4.437035,4.379422,0,0.0,0,1.0,-0.9,22.2,77.8
2022-12-01 17:30:00,93.871522838886,29.589927488888,29.596038394442,19.22407407,1.4473333333333334,26.53333333333333,1,5.1764362714980825,70.66250196097344,17,3,12,-0.9659258262890684,-0.2588190451025206,0.4338837391175582,-0.900968867902419,-2.4492935982947064e-16,1.0,41.0,64.4375,114.89583333333331,20.75,52.0,65.0,55.0,-7.199999999999999,2.8078687,0.0,0.75,18.96111113,26.95,26.696428571428573,26.65,27.0,26.85,-17.776740736666664,0.0740740999999971,-0.1913333333333331,1.6386666666666665,1.338,19.110141067619047,1.6289047619047643,4.379422,4.428818,4.337312,4.3996367,4.3634896,0,0.0,1,1.0,-0.89,21.6,78.4
2022-12-01 17:45:00,195.10108456111,138.583067572222,138.603066805554,18.96111113,1.338,26.85,2,5.1764362714980825,70.66250196097344,17,3,12,-0.9659258262890684,-0.2588190451025206,0.4338837391175582,-0.900968867902419,-2.4492935982947064e-16,1.0,23.999999999999996,49.5,100.04166666666669,19.775,50.1,82.0,56.0,-7.25,2.8055313,0.0,0.475,19.17777776,26.53333333333333,26.95,26.696428571428573,26.65,26.816666666666663,-17.623111129999998,-0.2629629399999977,-0.1093333333333332,1.4473333333333334,1.216,19.11172839,1.4746666666666688,4.3634896,4.379422,4.428818,4.337312,4.414129,0,0.0,1,1.0,-0.95,23.9,76.1
2022-12-01 18:00:00,128.953452772222,60.2425902,60.272033488888,19.17777776,1.216,26.816666666666663,1,5.1764362714980825,70.66250196097344,18,3,12,-1.0,-1.8369701987210294e-16,0.4338837391175582,-0.900968867902419,-2.4492935982947064e-16,1.0,7.0,32.5,85.625,18.8,48.2,99.0,57.0,-7.3,2.802179,0.0,0.2,19.15555554,26.85,26.53333333333333,26.95,26.696428571428573,26.25,-17.96177776,0.2166666300000024,-0.1220000000000001,1.338,1.1013333333333333,19.120987653333334,1.3337777777777802,4.414129,4.3634896,4.379422,4.428818,4.3151975,0,0.0,1,1.0,-0.9,22.0,78.0
2022-12-01 18:15:00,127.211578116662,51.342112916666,51.367111949998005,19.15555554,1.1013333333333333,26.25,1,5.1764362714980825,70.66250196097344,18,3,12,-1.0,-1.8369701987210294e-16,0.4338837391175582,-0.900968867902419,-2.4492935982947064e-16,1.0,5.25,19.3125,72.52083333333333,18.575,46.150000000000006,99.25,56.75,-7.3,2.804315,0.0,0.275,18.94444445,26.816666666666663,26.85,26.53333333333333,26.95,26.933333333333334,-18.05422220666667,-0.0222222199999997,-0.1146666666666667,1.216,1.012,19.098148143333333,1.2184444444444469,4.3151975,4.414129,4.3634896,4.379422,4.3727274,0,0.0,0,1.0,-0.9,22.3,77.7
2022-12-01 18:30:00,195.961605705554,127.779888583334,127.815998305554,18.94444445,1.012,26.933333333333334,2,5.1764362714980825,70.66250196097344,18,3,12,-1.0,-1.8369701987210294e-16,0.4338837391175582,-0.900968867902419,-2.4492935982947064e-16,1.0,3.5,9.937499999999998,60.72916666666666,18.35,44.1,99.5,56.5,-7.3,2.806389,0.0,0.35,19.09444446,26.25,26.816666666666663,26.85,26.53333333333333,26.95,-17.93244445,-0.2111110900000028,-0.0893333333333332,1.1013333333333333,0.9086666666666666,19.09259258333334,1.10977777777778,4.3727274,4.3151975,4.414129,4.3634896,4.414335,0,0.0,1,1.0,-0.95,24.0,76.0
2022-12-01 18:45:00,73.714829088888,0.0,0.0,19.09444446,0.9086666666666666,26.95,0,5.1764362714980825,70.66250196097344,18,3,12,-1.0,-1.8369701987210294e-16,0.4338837391175582,-0.900968867902419,-2.4492935982947064e-16,1.0,1.75,4.375,50.25,18.125,42.05,99.75,56.25,-7.3,2.8084006,0.0,0.425,18.918518483333333,26.933333333333334,26.25,26.816666666666663,26.85,26.9,-18.185777793333333,0.1500000099999994,-0.1033333333333333,1.012,0.7413333333333334,19.06481481666667,1.0073333333333356,4.414335,4.3727274,4.3151975,4.414129,4.3606343,1,1.0,1,0.75,-0.92,22.7,77.3
2022-12-01 19:00:00,197.953748249998,115.087618527778,115.121506105554,18.918518483333333,0.7413333333333334,26.9,2,5.1764362714980825,70.66250196097344,19,3,12,-0.9659258262890684,0.2588190451025203,0.4338837391175582,-0.900968867902419,-2.4492935982947064e-16,1.0,0.0,2.625,41.083333333333336,17.9,40.0,100.0,56.0,-7.3,2.8103487,0.0,0.5,19.04999998,26.95,26.933333333333334,26.25,26.816666666666663,27.45,-18.17718515,-0.1759259766666652,-0.1673333333333332,0.9086666666666666,0.6013333333333333,18.985802464444443,0.8873333333333356,4.3606343,4.414335,4.3727274,4.3151975,4.484462,0,1.0,1,0.75,-0.96,24.3,75.7
2022-12-01 19:15:00,234.341181544444,159.9894335,160.031098549998,19.04999998,0.6013333333333333,27.45,2,5.1764362714980825,70.66250196097344,19,3,12,-0.9659258262890684,0.2588190451025203,0.4338837391175582,-0.900968867902419,-2.4492935982947064e-16,1.0,0.0,1.3125,32.645833333333336,17.9,39.625,100.0,56.5,-7.15,2.8354414,0.0,0.5,19.27777775,26.9,26.95,26.933333333333334,26.25,26.85,-18.448666646666663,0.1314814966666659,-0.1400000000000001,0.7413333333333334,0.492,19.02098764111111,0.7504444444444468,4.484462,4.3606343,4.414335,4.3727274,4.4457297,0,1.0,0,0.75,-0.92,23.0,77.0
2022-12-01 19:30:00,73.900377249998,0.0,0.0,19.27777775,0.492,26.85,0,5.1764362714980825,70.66250196097344,19,3,12,-0.9659258262890684,0.2588190451025203,0.4338837391175582,-0.900968867902419,-2.4492935982947064e-16,1.0,0.0,0.4375,24.9375,17.9,39.25,100.0,57.0,-7.0,2.8605337,0.0,0.5,19.03888886,27.45,26.9,26.95,26.933333333333334,26.9,-18.78577775,0.2277777699999994,-0.1093333333333332,0.6013333333333333,0.492,19.08209873777778,0.611555555555558,4.4457297,4.484462,4.3606343,4.414335,4.3917294,1,2.0,1,0.5,-0.87,21.1,78.9
2022-12-01 19:45:00,214.856405466664,127.833497572222,127.86599632222,19.03888886,0.492,26.9,2,5.1764362714980825,70.66250196097344,19,3,12,-0.9659258262890684,0.2588190451025203,0.4338837391175582,-0.900968867902419,-2.4492935982947064e-16,1.0,0.0,0.0,17.958333333333332,17.9,38.875,100.0,57.5,-6.85,2.8856263,0.0,0.5,19.190740746666663,26.85,27.45,26.9,26.95,27.28333333333333,-18.54688886,-0.2388888899999983,0.0,0.492,0.492,19.12222219666667,0.5284444444444468,4.3917294,4.4457297,4.484462,4.3606343,4.4943757,0,1.0,1,0.75,-0.93,23.2,76.8
2022-12-01 20:00:00,186.222550899996,106.592402816666,106.623512688888,19.190740746666663,0.492,27.28333333333333,2,5.1764362714980825,70.66250196097344,20,3,12,-0.8660254037844386,0.5000000000000001,0.4338837391175582,-0.900968867902419,-2.4492935982947064e-16,1.0,0.0,0.0,11.708333333333334,17.9,38.5,100.0,58.0,-6.7,2.9107187,0.0,0.5,19.3,26.9,26.85,27.45,26.9,26.65,-18.698740746666665,0.151851886666666,0.0,0.492,0.452,19.16913578555556,0.492,4.4943757,4.3917294,4.4457297,4.484462,4.4183927,0,1.0,0,0.75,-0.89,21.8,78.2
2022-12-01 20:15:00,111.686643488888,30.410727988888,30.435449249998,19.3,0.452,26.65,1,5.1764362714980825,70.66250196097344,20,3,12,-0.8660254037844386,0.5000000000000001,0.4338837391175582,-0.900968867902419,-2.4492935982947064e-16,1.0,0.0,0.0,6.875,17.875,38.775,100.0,59.0,-6.675,2.9305654,0.0,0.35,19.038888906666667,27.28333333333333,26.9,26.85,27.45,26.683333333333334,-18.848,0.1092592533333345,-0.0399999999999999,0.492,0.4133333333333333,19.176543202222224,0.478666666666669,4.4183927,4.4943757,4.3917294,4.4457297,4.3563566,0,1.0,1,0.75,-0.87,21.0,79.0
2022-12-01 20:30:00,213.960885622224,142.012374811112,142.0476512,19.038888906666667,0.4133333333333333,26.683333333333334,2,5.1764362714980825,70.66250196097344,20,3,12,-0.8660254037844386,0.5000000000000001,0.4338837391175582,-0.900968867902419,-2.4492935982947064e-16,1.0,0.0,0.0,3.4583333333333326,17.85,39.05,100.0,60.0,-6.65,2.9496624,0.0,0.2,19.29444446,26.65,27.28333333333333,26.9,26.85,26.95,-18.625555573333333,-0.2611110933333336,-0.0386666666666666,0.452,0.362,19.17654321777778,0.4524444444444468,4.3563566,4.4183927,4.4943757,4.3917294,4.4666696,0,0.0,1,1.0,-0.93,23.2,76.8
2022-12-01 20:45:00,517.904005244444,85.10937322222401,85.144094116666,19.29444446,0.362,26.95,2,5.1764362714980825,70.66250196097344,20,3,12,-0.8660254037844386,0.5000000000000001,0.4338837391175582,-0.900968867902419,-2.4492935982947064e-16,1.0,0.0,0.0,1.4583333333333333,17.825,39.325,100.0,61.0,-6.625,2.9680204,0.0,0.0499999999999999,19.31851849,26.683333333333334,26.65,27.28333333333333,26.9,26.53333333333333,-18.932444460000003,0.255555553333334,-0.0513333333333332,0.4133333333333333,0.3346666666666667,19.211111122222224,0.4091111111111135,4.4666696,4.3563566,4.4183927,4.4943757,4.4038477,0,0.0,0,1.0,-0.87,21.0,79.0
2022-12-01 21:00:00,109.949490694446,40.2167246,40.244779044444,19.31851849,0.3346666666666667,26.53333333333333,1,5.1764362714980825,70.66250196097344,21,3,12,-0.7071067811865477,0.7071067811865474,0.4338837391175582,-0.900968867902419,-2.4492935982947064e-16,1.0,0.0,0.0,0.875,17.8,39.6,100.0,62.0,-6.6,2.9856505,0.0,-0.1,18.99999997,26.95,26.683333333333334,26.65,27.28333333333333,26.9,-18.98385182333333,0.0240740299999977,-0.0273333333333333,0.362,0.3266666666666667,19.21728395222222,0.3700000000000024,4.4038477,4.4666696,4.3563566,4.4183927,4.381662,0,0.0,1,1.0,-0.87,20.8,79.2
2022-12-01 21:15:00,198.666497372226,120.147416127778,120.183248027778,18.99999997,0.3266666666666667,26.9,2,5.1764362714980825,70.66250196097344,21,3,12,-0.7071067811865477,0.7071067811865474,0.4338837391175582,-0.900968867902419,-2.4492935982947064e-16,1.0,0.0,0.0,0.4375,17.4,39.5,89.25,62.5,-6.55,2.9941962,0.0,-0.175,19.11851850333333,26.53333333333333,26.95,26.683333333333334,26.65,27.466666666666665,-18.67333330333333,-0.3185185200000013,-0.008,0.3346666666666667,0.3033333333333334,19.20432097333333,0.3411111111111135,4.381662,4.4038477,4.4666696,4.3563566,4.5053544,0,0.0,1,1.0,-0.94,23.5,76.5
2022-12-01 21:30:00,212.496777605554,136.40398803889,136.431487005554,19.11851850333333,0.3033333333333334,27.466666666666665,2,5.1764362714980825,70.66250196097344,21,3,12,-0.7071067811865477,0.7071067811865474,0.4338837391175582,-0.900968867902419,-2.4492935982947064e-16,1.0,0.0,0.0,0.1458333333333333,17.0,39.400000000000006,78.5,63.0,-6.5,3.0025644,0.0,-0.25,19.30555553,26.9,26.53333333333333,26.95,26.683333333333334,27.15,-18.81518517,0.1185185333333365,-0.0233333333333333,0.3266666666666667,0.256,19.14567898777778,0.321555555555558,4.5053544,4.381662,4.4038477,4.4666696,4.5027614,0,0.0,0,1.0,-0.91,22.4,77.6
2022-12-01 21:45:00,108.181783655556,45.444571044444,45.46429252222,19.30555553,0.256,27.15,1,5.1764362714980825,70.66250196097344,21,3,12,-0.7071067811865477,0.7071067811865474,0.4338837391175582,-0.900968867902419,-2.4492935982947064e-16,1.0,0.0,0.0,0.0,16.6,39.3,67.75,63.5,-6.45,3.0107567,0.0,-0.325,19.07407411333333,27.466666666666665,26.9,26.53333333333333,26.95,27.183333333333334,-19.04955553,0.1870370266666654,-0.0473333333333333,0.3033333333333334,0.21,19.14135800111111,0.2953333333333357,4.5027614,4.5053544,4.381662,4.4038477,4.4472075,0,0.0,1,1.0,-0.87,20.8,79.2
2022-12-01 22:00:00,198.522614327778,147.4099367,147.43965776111,19.07407411333333,0.21,27.183333333333334,2,5.1764362714980825,70.66250196097344,22,3,12,-0.5000000000000004,0.8660254037844384,0.4338837391175582,-0.900968867902419,-2.4492935982947064e-16,1.0,0.0,0.0,0.0,16.2,39.2,57.0,64.0,-6.4,3.0187743,0.0,-0.4,19.26666666,27.15,27.466666666666665,26.9,26.53333333333333,27.5,-18.86407411333333,-0.2314814166666643,-0.046,0.256,0.1966666666666666,19.166049382222223,0.2564444444444468,4.4472075,4.5027614,4.5053544,4.381662,4.5503755,0,0.0,1,1.0,-0.92,22.8,77.2
2022-12-01 22:15:00,199.072036849998,145.286966088888,145.317520433332,19.26666666,0.1966666666666666,27.5,2,5.1764362714980825,70.66250196097344,22,3,12,-0.5000000000000004,0.8660254037844384,0.4338837391175582,-0.900968867902419,-2.4492935982947064e-16,1.0,0.0,0.0,0.0,15.6,38.125,66.5,65.25,-6.375,3.0301814,0.0,-0.625,19.40740741333333,27.183333333333334,27.15,27.466666666666665,26.9,27.316666666666663,-19.069999993333333,0.1925925466666633,-0.0133333333333333,0.21,0.1766666666666667,19.215432101111112,0.2208888888888912,4.5503755,4.4472075,4.5027614,4.5053544,4.5576415,0,0.0,0,1.0,-0.87,21.1,78.9
2022-12-01 22:30:00,84.446622183326,10.5087463,10.53735632222,19.40740741333333,0.1766666666666667,27.316666666666663,1,5.1764362714980825,70.66250196097344,22,3,12,-0.5000000000000004,0.8660254037844384,0.4338837391175582,-0.900968867902419,-2.4492935982947064e-16,1.0,0.0,0.0,0.0,15.0,37.05,76.0,66.5,-6.35,3.040426,0.0,-0.8500000000000001,19.0888889,27.5,27.183333333333334,27.15,27.466666666666665,27.4,-19.230740746666665,0.1407407533333327,-0.0199999999999999,0.1966666666666666,0.142,19.24938272888889,0.1944444444444468,4.5576415,4.5503755,4.4472075,4.5027614,4.4865727,0,0.0,1,1.0,-0.84,19.9,80.1
2022-12-01 22:45:00,189.674912650002,120.238801355556,120.270466772222,19.0888889,0.142,27.4,2,5.1764362714980825,70.66250196097344,22,3,12,-0.5000000000000004,0.8660254037844384,0.4338837391175582,-0.900968867902419,-2.4492935982947064e-16,1.0,0.0,0.0,0.0,14.4,35.975,85.5,67.75,-6.325,3.049536,0.0,-1.075,19.18412701357143,27.316666666666663,27.5,27.183333333333334,27.15,27.78214285714285,-18.9468889,-0.3185185133333341,-0.0346666666666667,0.1766666666666667,0.1314285714285714,19.25432099111111,0.1717777777777801,4.4865727,4.5576415,4.5503755,4.4472075,4.574761,0,0.0,1,1.0,-0.91,22.6,77.4
2022-12-01 23:00:00,154.558539711108,119.366336255556,119.381891183334,19.18412701357143,0.1314285714285714,27.78214285714285,2,5.1764362714980825,70.66250196097344,23,3,12,-0.2588190451025215,0.965925826289068,0.4338837391175582,-0.900968867902419,-2.4492935982947064e-16,1.0,0.0,0.0,0.0,13.8,34.9,95.0,69.0,-6.3,3.0575404,0.0,-1.3,19.353174617857142,27.4,27.316666666666663,27.5,27.183333333333334,27.12857142857143,-19.05269844214286,0.0952381135714333,-0.0105714285714285,0.142,0.0992857142857142,19.22680777563492,0.1500317460317484,4.574761,4.4865727,4.5576415,4.5503755,4.5118365,0,0.0,0,1.0,-0.89,21.7,78.3
2022-12-01 23:15:00,98.554113194446,22.1774462,22.201889705554,19.353174617857142,0.0992857142857142,27.12857142857143,1,5.1764362714980825,70.66250196097344,23,3,12,-0.2588190451025215,0.965925826289068,0.4338837391175582,-0.900968867902419,-2.4492935982947064e-16,1.0,0.0,0.0,0.0,13.65,33.275,91.0,69.0,-6.275,3.0628698,0.0,-1.275,19.05039685071429,27.78214285714285,27.4,27.316666666666663,27.5,27.196428571428573,-19.253888903571436,0.1690476042857156,-0.0321428571428571,0.1314285714285714,0.0992857142857142,19.208730177142854,0.1242380952380975,4.5118365,4.574761,4.4865727,4.5576415,4.4431396,0,0.0,1,1.0,-0.85,20.4,79.6
2022-12-01 23:30:00,303.71479542222,114.217375572222,114.279873138886,19.05039685071429,0.0992857142857142,27.196428571428573,2,5.1764362714980825,70.66250196097344,23,3,12,-0.2588190451025215,0.965925826289068,0.4338837391175582,-0.900968867902419,-2.4492935982947064e-16,1.0,0.0,0.0,0.0,13.5,31.65,87.0,69.0,-6.25,3.068207,0.0,-1.25,19.14444443,27.12857142857143,27.78214285714285,27.4,27.316666666666663,27.1,-18.95111113642857,-0.3027777671428602,0.0,0.0992857142857142,0.0933333333333333,19.195899494047623,0.1100000000000023,4.4431396,4.5118365,4.574761,4.4865727,4.45201,0,0.0,1,1.0,-0.92,23.0,77.0
2022-12-01 23:45:00,228.286146055552,21.811072005554,21.868291999996,19.14444443,0.0933333333333333,27.1,1,5.1764362714980825,70.66250196097344,23,3,12,-0.2588190451025215,0.965925826289068,0.4338837391175582,-0.900968867902419,-2.4492935982947064e-16,1.0,0.0,0.0,0.0,13.35,30.025,83.0,69.0,-6.225,3.073553,0.0,-1.225,19.03703703333333,27.196428571428573,27.12857142857143,27.78214285714285,27.4,26.716666666666665,-19.051111096666663,0.0940475792857142,-0.0059523809523809,0.0992857142857142,0.1,19.18267196619048,0.0973015873015896,4.45201,4.4431396,4.5118365,4.574761,4.3613205,0,0.0,1,1.0,-0.9,22.2,77.8
2022-12-02 00:00:00,282.879239861114,78.919065311112,78.981007333332,19.03703703333333,0.1,26.716666666666665,2,5.1764362714980825,70.66250196097344,0,4,12,0.0,1.0,-0.433883739117558,-0.9009688679024191,-2.4492935982947064e-16,1.0,0.0,0.0,0.0,13.2,28.4,79.0,69.0,-6.2,3.0789068,0.0,-1.2,19.02777781,27.1,27.196428571428573,27.12857142857143,27.78214285714285,27.3,-18.937037033333333,-0.1074073966666659,0.0066666666666666,0.0933333333333333,0.0966666666666666,19.077292771349207,0.0975396825396849,4.3613205,4.45201,4.4431396,4.5118365,4.4541125,0,0.0,1,1.0,-0.93,23.2,76.8
2022-12-02 00:15:00,294.41683402222,102.961436977776,103.025601111108,19.02777781,0.0966666666666666,27.3,2,5.1764362714980825,70.66250196097344,0,4,12,0.0,1.0,-0.433883739117558,-0.9009688679024191,-2.4492935982947064e-16,1.0,0.0,0.0,0.0,12.8,28.15,69.75,70.0,-6.15,3.0910637,0.0,-1.35,19.18148151333333,26.716666666666665,27.1,27.196428571428573,27.12857142857143,26.85,-18.93111114333333,-0.0092592233333341,-0.0033333333333333,0.1,0.08,19.069753091111117,0.096666666666669,4.4541125,4.3613205,4.45201,4.4431396,4.4205804,0,0.0,0,1.0,-0.93,23.2,76.8
2022-12-02 00:30:00,213.857834377772,23.955152855556,24.005706433332,19.18148151333333,0.08,26.85,1,5.1764362714980825,70.66250196097344,0,4,12,0.0,1.0,-0.433883739117558,-0.9009688679024191,-2.4492935982947064e-16,1.0,0.0,0.0,0.0,12.4,27.9,60.5,71.0,-6.1,3.1025937,0.0,-1.5,18.96111113,27.3,26.716666666666665,27.1,27.196428571428573,26.85,-19.101481513333333,0.1537037033333312,-0.0166666666666666,0.0966666666666666,0.0599999999999999,19.082098785555555,0.0922222222222245,4.4205804,4.4541125,4.3613205,4.45201,4.3634896,0,0.0,1,1.0,-0.9,21.9,78.1
2022-12-02 00:45:00,218.713473411108,131.906667988888,131.92000082222,18.96111113,0.0599999999999999,26.85,2,5.1764362714980825,70.66250196097344,0,4,12,0.0,1.0,-0.433883739117558,-0.9009688679024191,-2.4492935982947064e-16,1.0,0.0,0.0,0.0,12.0,27.65,51.25,72.0,-6.05,3.1135073,0.0,-1.65,19.096296286666664,26.85,27.3,26.716666666666665,27.1,26.816666666666663,-18.90111113,-0.2203703833333321,-0.02,0.08,0.02,19.056790151111112,0.0788888888888912,4.3634896,4.4205804,4.4541125,4.3613205,4.392975,0,0.0,1,1.0,-0.95,23.9,76.1
2022-12-02 01:00:00,45.70344970555,0.0,0.0,19.096296286666664,0.02,26.816666666666663,0,5.1764362714980825,70.66250196097344,1,4,12,0.2588190451025207,0.9659258262890684,-0.433883739117558,-0.9009688679024191,-2.4492935982947064e-16,1.0,0.0,0.0,0.0,11.6,27.4,42.0,73.0,-6.0,3.1238143,0.0,-1.8,18.95555556,26.85,26.85,27.3,26.716666666666665,26.9,-19.076296286666665,0.1351851566666653,-0.0399999999999999,0.0599999999999999,-0.0653333333333333,19.07962964333333,0.0533333333333357,4.392975,4.3634896,4.4205804,4.4541125,4.370181,1,1.0,1,0.75,-0.92,22.7,77.3
2022-12-02 01:15:00,127.843774927778,91.3163472,91.326069027778,18.95555556,-0.0653333333333333,26.9,2,5.1764362714980825,70.66250196097344,1,4,12,0.2588190451025207,0.9659258262890684,-0.433883739117558,-0.9009688679024191,-2.4492935982947064e-16,1.0,0.0,0.0,0.0,11.175,26.225,32.5,74.5,-5.925,3.1491773,0.0,-1.975,18.97037037333333,26.816666666666663,26.85,26.85,27.3,27.466666666666665,-19.020888893333336,-0.1407407266666638,-0.0853333333333333,0.02,-0.178,19.004320992222222,0.0048888888888912,4.370181,4.392975,4.3634896,4.4205804,4.466148,0,1.0,1,0.75,-0.95,23.9,76.1
2022-12-02 01:30:00,132.01305268333,78.391308705554,78.40075284444,18.97037037333333,-0.178,27.466666666666665,2,5.1764362714980825,70.66250196097344,1,4,12,0.2588190451025207,0.9659258262890684,-0.433883739117558,-0.9009688679024191,-2.4492935982947064e-16,1.0,0.0,0.0,0.0,10.75,25.05,23.0,76.0,-5.85,3.173401,0.0,-2.15,19.01111111,26.9,26.816666666666663,26.85,26.85,27.15,-19.14837037333333,0.0148148133333307,-0.1126666666666666,-0.0653333333333333,-0.276,19.007407406666665,-0.074444444444442,4.466148,4.370181,4.392975,4.3634896,4.425285,0,1.0,0,0.75,-0.94,23.7,76.3
2022-12-02 01:45:00,84.032471933332,31.289026172222,31.294859305554,19.01111111,-0.276,27.15,1,5.1764362714980825,70.66250196097344,1,4,12,0.2588190451025207,0.9659258262890684,-0.433883739117558,-0.9009688679024191,-2.4492935982947064e-16,1.0,0.0,0.0,0.0,10.325,23.875,13.5,77.5,-5.775,3.1965067,0.0,-2.325,18.83333335,27.466666666666665,26.9,26.816666666666663,26.85,27.183333333333334,-19.28711111,0.0407407366666703,-0.098,-0.178,-0.336,18.97901234777778,-0.1731111111111087,4.425285,4.466148,4.370181,4.392975,4.384444,0,1.0,1,0.75,-0.93,23.4,76.6
2022-12-02 02:00:00,177.574841172222,135.372640427778,135.38763986111,18.83333335,-0.336,27.183333333333334,2,5.1764362714980825,70.66250196097344,2,4,12,0.4999999999999999,0.8660254037844387,-0.433883739117558,-0.9009688679024191,-2.4492935982947064e-16,1.0,0.0,0.0,0.0,9.9,22.7,4.0,79.0,-5.7,3.2185159,0.0,-2.5,19.06111113,27.15,27.466666666666665,26.9,26.816666666666663,27.15,-19.169333349999995,-0.177777760000005,-0.06,-0.276,-0.4133333333333333,18.938271611111112,-0.263333333333331,4.384444,4.425285,4.466148,4.370181,4.4383593,0,0.0,1,1.0,-0.97,25.0,75.0
2022-12-02 02:15:00,52.783444211108,0.0,0.0,19.06111113,-0.4133333333333333,27.15,0,5.1764362714980825,70.66250196097344,2,4,12,0.4999999999999999,0.8660254037844387,-0.433883739117558,-0.9009688679024191,-2.4492935982947064e-16,1.0,0.0,0.0,0.0,9.8,21.7,6.0,80.25,-5.625,3.2407875,0.0,-2.625,18.918518483333333,27.183333333333334,27.15,27.466666666666665,26.9,27.183333333333334,-19.47444446333333,0.2277777800000002,-0.0773333333333333,-0.336,-0.3926666666666667,18.96851853,-0.3417777777777754,4.4383593,4.384444,4.425285,4.466148,4.406564,1,1.0,1,0.75,-0.92,22.9,77.1
2022-12-02 02:30:00,148.470727416674,93.6104221,93.621810527778,18.918518483333333,-0.3926666666666667,27.183333333333334,2,5.1764362714980825,70.66250196097344,2,4,12,0.4999999999999999,0.8660254037844387,-0.433883739117558,-0.9009688679024191,-2.4492935982947064e-16,1.0,0.0,0.0,0.0,9.7,20.7,8.0,81.5,-5.550000000000001,3.2623913,0.0,-2.75,18.92222219,27.15,27.183333333333334,27.15,27.466666666666665,27.45,-19.31118515,-0.1425926466666638,0.0206666666666666,-0.4133333333333333,-0.4486666666666667,18.93765432111111,-0.3806666666666643,4.406564,4.4383593,4.384444,4.425285,4.450766,0,1.0,1,0.75,-0.95,24.2,75.8
2022-12-02 02:45:00,120.369351683334,64.898237283334,64.909070249998,18.92222219,-0.4486666666666667,27.45,1,5.1764362714980825,70.66250196097344,2,4,12,0.4999999999999999,0.8660254037844387,-0.433883739117558,-0.9009688679024191,-2.4492935982947064e-16,1.0,0.0,0.0,0.0,9.6,19.7,10.0,82.75,-5.4750000000000005,3.2833352,0.0,-2.875,18.966666676666662,27.183333333333334,27.15,27.183333333333334,27.15,27.03333333333333,-19.370888856666667,0.0037037066666663,-0.0559999999999999,-0.3926666666666667,-0.5566666666666666,18.96728393444444,-0.4182222222222199,4.450766,4.406564,4.4383593,4.384444,4.3947244,0,1.0,1,0.75,-0.95,24.1,75.9
2022-12-02 03:00:00,362.451334816662,57.199100811112,57.210211566664,18.966666676666662,-0.5566666666666666,27.03333333333333,1,5.1764362714980825,70.66250196097344,3,4,12,0.7071067811865476,0.7071067811865476,-0.433883739117558,-0.9009688679024191,-2.4492935982947064e-16,1.0,0.0,0.0,0.0,9.5,18.7,12.0,84.0,-5.4,3.3036282,0.0,-3.0,18.86111108,27.45,27.183333333333334,27.15,27.183333333333334,27.3,-19.52333334333333,0.0444444866666664,-0.1079999999999999,-0.4486666666666667,-0.7333333333333333,18.93580245,-0.4659999999999977,4.3947244,4.450766,4.406564,4.4383593,4.4104953,0,1.0,0,0.75,-0.94,23.8,76.2
2022-12-02 03:15:00,212.042073711104,109.458677027778,109.472565438886,18.86111108,-0.7333333333333333,27.3,2,5.1764362714980825,70.66250196097344,3,4,12,0.7071067811865476,0.7071067811865476,-0.433883739117558,-0.9009688679024191,-2.4492935982947064e-16,1.0,0.0,0.0,0.0,9.625,18.25,22.0,84.75,-5.300000000000001,3.3272395,0.0,-3.025,19.031481456666665,27.03333333333333,27.45,27.183333333333334,27.15,26.85,-19.59444441333333,-0.1055555966666652,-0.1766666666666666,-0.5566666666666666,-0.8166666666666667,18.91666664888889,-0.5795555555555532,4.4104953,4.3947244,4.450766,4.406564,4.3816495,0,0.0,1,1.0,-0.97,24.7,75.3
2022-12-02 03:30:00,67.43091373889,24.018761444444,24.025705699996,19.031481456666665,-0.8166666666666667,26.85,1,5.1764362714980825,70.66250196097344,3,4,12,0.7071067811865476,0.7071067811865476,-0.433883739117558,-0.9009688679024191,-2.4492935982947064e-16,1.0,0.0,0.0,0.0,9.75,17.799999999999997,32.0,85.5,-5.2,3.3507557,0.0,-3.05,18.85,27.3,27.03333333333333,27.45,27.183333333333334,26.9,-19.84814812333333,0.1703703766666642,-0.0833333333333333,-0.7333333333333333,-0.896,18.953086404444445,-0.7022222222222197,4.3816495,4.4104953,4.3947244,4.450766,4.3430195,0,0.0,1,1.0,-0.93,23.3,76.7
2022-12-02 03:45:00,192.826175527778,137.633661083334,137.651438188888,18.85,-0.896,26.9,2,5.1764362714980825,70.66250196097344,3,4,12,0.7071067811865476,0.7071067811865476,-0.433883739117558,-0.9009688679024191,-2.4492935982947064e-16,1.0,0.0,0.0,0.0,9.875,17.349999999999998,42.0,86.25,-5.1,3.3741772,0.0,-3.075,19.00555557333333,26.85,27.3,27.03333333333333,27.45,27.28333333333333,-19.746,-0.1814814566666633,-0.0793333333333333,-0.8166666666666667,-0.96,18.914197512222223,-0.8153333333333309,4.3430195,4.3816495,4.4104953,4.3947244,4.44556,0,0.0,1,1.0,-0.97,24.9,75.1
2022-12-02 04:00:00,100.524867827774,45.92510733889,45.9323293,19.00555557333333,-0.96,27.28333333333333,1,5.1764362714980825,70.66250196097344,4,4,12,0.8660254037844386,0.5000000000000001,-0.433883739117558,-0.9009688679024191,-2.4492935982947064e-16,1.0,0.0,0.0,0.0,10.0,16.9,52.0,87.0,-5.0,3.3975039,0.0,-3.1,18.89444444,26.9,26.85,27.3,27.03333333333333,27.05,-19.965555573333333,0.1555555733333307,-0.0639999999999998,-0.896,-1.128,18.96234567666667,-0.8908888888888864,4.44556,4.3430195,4.3816495,4.4104953,4.37872,0,0.0,1,1.0,-0.93,23.4,76.6
2022-12-02 04:15:00,128.067654788892,87.404003683334,87.414558811112,18.89444444,-1.128,27.05,2,5.1764362714980825,70.66250196097344,4,4,12,0.8660254037844386,0.5000000000000001,-0.433883739117558,-0.9009688679024191,-2.4492935982947064e-16,1.0,0.0,0.0,0.0,10.1,17.525,39.5,87.0,-5.0,3.3914998,0.0,-3.125,18.90370371,27.28333333333333,26.9,26.85,27.3,27.28333333333333,-20.02244444,-0.1111111333333347,-0.1680000000000002,-0.96,-1.2446666666666668,18.916666671111116,-0.9946666666666644,4.37872,4.44556,4.3430195,4.3816495,4.418906,0,0.0,1,1.0,-0.96,24.5,75.5
2022-12-02 04:30:00,132.259709416666,92.753234155556,92.764900372222,18.90370371,-1.2446666666666668,27.28333333333333,2,5.1764362714980825,70.66250196097344,4,4,12,0.8660254037844386,0.5000000000000001,-0.433883739117558,-0.9009688679024191,-2.4492935982947064e-16,1.0,0.0,0.0,0.0,10.2,18.15,27.0,87.0,-5.0,3.3855042,0.0,-3.1500000000000004,19.01111111,27.05,27.28333333333333,26.9,26.85,26.7,-20.148370376666666,0.0092592700000011,-0.1166666666666667,-1.128,-1.4733333333333334,18.93456790777778,-1.1108888888888866,4.418906,4.37872,4.44556,4.3430195,4.3519382,0,0.0,0,1.0,-0.96,24.3,75.7
2022-12-02 04:45:00,99.586294088892,37.505444172222,37.511277305554,19.01111111,-1.4733333333333334,26.7,1,5.1764362714980825,70.66250196097344,4,4,12,0.8660254037844386,0.5000000000000001,-0.433883739117558,-0.9009688679024191,-2.4492935982947064e-16,1.0,0.0,0.0,0.0,10.3,18.775,14.5,87.0,-5.0,3.3795183,0.0,-3.1750000000000003,18.83333335,27.28333333333333,27.05,27.28333333333333,26.9,26.966666666666665,-20.48444444333333,0.1074074000000031,-0.2286666666666665,-1.2446666666666668,-1.686,18.936419753333336,-1.2819999999999976,4.3519382,4.418906,4.37872,4.44556,4.349498,0,0.0,1,1.0,-0.94,23.5,76.5
2022-12-02 05:00:00,193.863356188892,140.375218083334,140.390495272222,18.83333335,-1.686,26.966666666666665,2,5.1764362714980825,70.66250196097344,5,4,12,0.9659258262890684,0.2588190451025207,-0.433883739117558,-0.9009688679024191,-2.4492935982947064e-16,1.0,0.0,0.0,0.0,10.4,19.4,2.0,87.0,-5.0,3.373542,0.0,-3.2,19.02777777,26.7,27.28333333333333,27.05,27.28333333333333,26.95,-20.51933335,-0.177777760000005,-0.2126666666666665,-1.4733333333333334,-1.8586666666666667,18.91604939,-1.4679999999999975,4.349498,4.3519382,4.418906,4.37872,4.397009,0,0.0,1,1.0,-0.97,25.1,74.9
2022-12-02 05:15:00,46.575914838882,0.0,0.0,19.02777777,-1.8586666666666667,26.95,0,5.1764362714980825,70.66250196097344,5,4,12,0.9659258262890684,0.2588190451025207,-0.433883739117558,-0.9009688679024191,-2.4492935982947064e-16,1.0,0.0,0.0,0.0,10.35,19.325,19.25,86.75,-5.1,3.351957,0.0,-3.25,18.894444426666663,26.966666666666665,26.7,27.28333333333333,27.05,26.716666666666665,-20.886444436666668,0.1944444200000035,-0.1726666666666667,-1.686,-1.7426666666666668,18.95740741,-1.6726666666666643,4.397009,4.349498,4.3519382,4.418906,4.324762,1,1.0,1,0.75,-0.93,23.3,76.7
2022-12-02 05:30:00,154.33160440555,108.60704446111,108.620099505554,18.894444426666663,-1.7426666666666668,26.716666666666665,2,5.1764362714980825,70.66250196097344,5,4,12,0.9659258262890684,0.2588190451025207,-0.433883739117558,-0.9009688679024191,-2.4492935982947064e-16,1.0,0.0,0.0,0.0,10.3,19.25,36.5,86.5,-5.2,3.3304775,0.0,-3.3,18.9388889,26.95,26.966666666666665,26.7,27.28333333333333,26.95,-20.63711109333333,-0.1333333433333337,0.1159999999999998,-1.8586666666666667,-1.7733333333333334,18.91851851555556,-1.7624444444444418,4.324762,4.397009,4.349498,4.3519382,4.3739986,0,1.0,1,0.75,-0.96,24.6,75.4
2022-12-02 05:45:00,122.350661327778,70.318298255556,70.328020166664,18.9388889,-1.7733333333333334,26.95,1,5.1764362714980825,70.66250196097344,5,4,12,0.9659258262890684,0.2588190451025207,-0.433883739117558,-0.9009688679024191,-2.4492935982947064e-16,1.0,0.0,0.0,0.0,10.25,19.175,53.74999999999999,86.25,-5.300000000000001,3.3091028,0.0,-3.35,18.97037038333333,26.716666666666665,26.95,26.966666666666665,26.7,26.53333333333333,-20.71222223333333,0.044444473333332,-0.0306666666666666,-1.7426666666666668,-1.8273333333333333,18.953703698888887,-1.7915555555555531,4.3739986,4.324762,4.397009,4.349498,4.314385,0,1.0,1,0.75,-0.95,24.1,75.9
2022-12-02 06:00:00,111.696643138886,54.9378024,54.946968733332,18.97037038333333,-1.8273333333333333,26.53333333333333,1,5.1764362714980825,70.66250196097344,6,4,12,1.0,6.123233995736766e-17,-0.433883739117558,-0.9009688679024191,-2.4492935982947064e-16,1.0,0.0,0.0,0.0,10.2,19.1,71.0,86.0,-5.4,3.2878335,0.0,-3.4,18.82777778,26.95,26.716666666666665,26.95,26.966666666666665,26.85,-20.797703716666664,0.0314814833333336,-0.0539999999999998,-1.7733333333333334,-1.7006666666666663,18.93456790333333,-1.7811111111111089,4.314385,4.3739986,4.324762,4.397009,4.3292584,0,1.0,0,0.75,-0.95,23.9,76.1
2022-12-02 06:15:00,177.0612506,126.053846527778,126.071623633332,18.82777778,-1.7006666666666663,26.85,2,5.1764362714980825,70.66250196097344,6,4,12,1.0,6.123233995736766e-17,-0.433883739117558,-0.9009688679024191,-2.4492935982947064e-16,1.0,0.0,0.0,0.0,10.525,19.55,60.75,85.75,-5.4750000000000005,3.2724667,0.0,-3.425,19.04814814333333,26.53333333333333,26.95,26.716666666666665,26.95,26.816666666666663,-20.52844444666667,-0.1425926033333304,0.1266666666666667,-1.8273333333333333,-1.204,18.912345687777776,-1.7671111111111086,4.3292584,4.314385,4.3739986,4.324762,4.380516,0,0.0,1,1.0,-0.98,25.1,74.9
2022-12-02 06:30:00,62.233621705554,10.863454327778,10.869009755552,19.04814814333333,-1.204,26.816666666666663,1,5.1764362714980825,70.66250196097344,6,4,12,1.0,6.123233995736766e-17,-0.433883739117558,-0.9009688679024191,-2.4492935982947064e-16,1.0,0.0,0.0,0.0,10.85,20.0,50.5,85.5,-5.550000000000001,3.257144,0.0,-3.45,18.85555557,26.85,26.53333333333333,26.95,26.716666666666665,26.55,-20.252148143333333,0.2203703633333305,0.4966666666666666,-1.7006666666666663,-0.4546666666666666,18.94876543555556,-1.5773333333333308,4.380516,4.3292584,4.314385,4.3739986,4.2879195,0,0.0,1,1.0,-0.93,23.1,76.9
2022-12-02 06:45:00,168.857967694442,127.961825772222,127.979602894442,18.85555557,-0.4546666666666666,26.55,2,5.1764362714980825,70.66250196097344,6,4,12,1.0,6.123233995736766e-17,-0.433883739117558,-0.9009688679024191,-2.4492935982947064e-16,1.0,0.0,0.0,0.0,11.175,20.45,40.25,85.25,-5.625,3.2418628,0.0,-3.475,18.98333335333333,26.816666666666663,26.85,26.53333333333333,26.95,26.78333333333333,-19.310222236666668,-0.1925925733333322,0.7493333333333333,-1.204,-1.0773333333333333,18.91049383111111,-1.119777777777775,4.2879195,4.380516,4.3292584,4.314385,4.358369,0,0.0,1,1.0,-0.97,24.9,75.1
2022-12-02 07:00:00,106.871280611108,56.234694972222,56.243305777776,18.98333335333333,-1.0773333333333333,26.78333333333333,1,5.1764362714980825,70.66250196097344,7,4,12,0.9659258262890684,-0.2588190451025206,-0.433883739117558,-0.9009688679024191,-2.4492935982947064e-16,1.0,0.0,0.0,0.0,11.5,20.9,30.0,85.0,-5.7,3.2266252,0.0,-3.5,18.99444443,26.55,26.816666666666663,26.85,26.53333333333333,26.2,-20.060666686666664,0.1277777833333324,-0.6226666666666666,-0.4546666666666666,-1.576,18.962345688888888,-0.9119999999999976,4.358369,4.2879195,4.380516,4.3292584,4.266242,0,0.0,1,1.0,-0.94,23.7,76.3
2022-12-02 07:15:00,132.340261661114,67.47341203889,67.483689427778,18.99444443,-1.576,26.2,1,5.1764362714980825,70.66250196097344,7,4,12,0.9659258262890684,-0.2588190451025206,-0.433883739117558,-0.9009688679024191,-2.4492935982947064e-16,1.0,0.0,0.0,0.0,11.425,21.25,44.75,84.5,-5.625,3.2362201,0.0,-3.375,18.890740766666667,26.78333333333333,26.55,26.816666666666663,26.85,26.466666666666665,-20.57044443,0.0111110766666655,-0.4986666666666668,-1.0773333333333333,-1.7293333333333334,18.94444445111111,-1.0359999999999976,4.266242,4.358369,4.2879195,4.380516,4.2833557,0,0.0,0,1.0,-0.94,23.7,76.3
2022-12-02 07:30:00,161.10688896666,121.899568272222,121.917345411108,18.890740766666667,-1.7293333333333334,26.466666666666665,2,5.1764362714980825,70.66250196097344,7,4,12,0.9659258262890684,-0.2588190451025206,-0.433883739117558,-0.9009688679024191,-2.4492935982947064e-16,1.0,0.0,0.0,0.0,11.35,21.6,59.5,84.0,-5.550000000000001,3.2456992,0.0,-3.25,19.06666667,26.2,26.78333333333333,26.55,26.816666666666663,26.2,-20.6200741,-0.1037036633333308,-0.1533333333333333,-1.576,-1.462,18.95617285,-1.460888888888887,4.2833557,4.266242,4.358369,4.2879195,4.284461,0,0.0,1,1.0,-0.96,24.6,75.4
2022-12-02 07:45:00,64.621026172222,25.395928555556,25.403150549998003,19.06666667,-1.462,26.2,1,5.1764362714980825,70.66250196097344,7,4,12,0.9659258262890684,-0.2588190451025206,-0.433883739117558,-0.9009688679024191,-2.4492935982947064e-16,1.0,0.0,0.0,0.0,11.275,21.95,74.25,83.5,-5.4750000000000005,3.2550597,0.0,-3.125,18.87103172857143,26.466666666666665,26.2,26.78333333333333,26.55,26.464285714285715,-20.52866667,0.1759259033333329,0.2673333333333334,-1.7293333333333334,-1.112142857142857,18.98395062222222,-1.5891111111111087,4.284461,4.2833557,4.266242,4.358369,4.2779865,0,0.0,1,1.0,-0.93,23.1,76.9
2022-12-02 08:00:00,174.076092377772,128.436806772222,128.452917277776,18.87103172857143,-1.112142857142857,26.464285714285715,2,5.1764362714980825,70.66250196097344,8,4,12,0.8660254037844387,-0.4999999999999998,-0.433883739117558,-0.9009688679024191,-2.4492935982947064e-16,1.0,0.0,0.0,0.0,11.2,22.3,89.0,83.0,-5.4,3.2642996,0.0,-3.0,19.064285737857144,26.2,26.466666666666665,26.2,26.78333333333333,26.460714285714285,-19.983174585714288,-0.1956349414285689,0.3498571428571428,-1.462,-0.715,18.94281305507937,-1.434492063492061,4.2779865,4.284461,4.2833557,4.266242,4.3264885,0,0.0,1,1.0,-0.97,24.8,75.2
2022-12-02 08:15:00,75.926962949994,17.027096655555997,17.032096538885998,19.064285737857144,-0.715,26.460714285714285,1,5.1764362714980825,70.66250196097344,8,4,12,0.8660254037844387,-0.4999999999999998,-0.433883739117558,-0.9009688679024191,-2.4492935982947064e-16,1.0,3.5,0.875,0.2916666666666667,11.375,22.475,91.75,81.75,-5.4750000000000005,3.2551272,0.0,-2.825,18.90925925333333,26.464285714285715,26.2,26.466666666666665,26.2,26.4,-19.779285737857144,0.1932540092857131,0.3971428571428571,-1.112142857142857,-0.3326666666666666,19.000661378809525,-1.09638095238095,4.3264885,4.2779865,4.284461,4.2833557,4.2772417,0,0.0,1,1.0,-0.92,23.1,76.9
2022-12-02 08:30:00,496.659021711112,74.27314003889,74.287583944444,18.90925925333333,-0.3326666666666666,26.4,2,5.1764362714980825,70.66250196097344,8,4,12,0.8660254037844387,-0.4999999999999998,-0.433883739117558,-0.9009688679024191,-2.4492935982947064e-16,1.0,7.0,2.625,0.875,11.55,22.65,94.5,80.5,-5.550000000000001,3.2451618,0.0,-2.65,18.82777775,26.460714285714285,26.464285714285715,26.2,26.466666666666665,26.95,-19.241925920000003,-0.1550264845238089,0.3823333333333333,-0.715,0.3186666666666667,18.94819223992064,-0.7199365079365055,4.2772417,4.3264885,4.2779865,4.284461,4.3453827,0,0.0,1,1.0,-0.96,24.5,75.5
2022-12-02 08:45:00,177.419014088888,106.7923948,106.807394266664,18.82777775,0.3186666666666667,26.95,2,5.1764362714980825,70.66250196097344,8,4,12,0.8660254037844387,-0.4999999999999998,-0.433883739117558,-0.9009688679024191,-2.4492935982947064e-16,1.0,10.5,5.25,1.75,11.725,22.825,97.25,79.25,-5.625,3.2343874,0.0,-2.475,19.011111106666664,26.4,26.460714285714285,26.464285714285715,26.2,26.53333333333333,-18.50911108333333,-0.081481503333336,0.6513333333333333,-0.3326666666666666,0.428,18.933774247063493,-0.2429999999999975,4.3453827,4.2772417,4.3264885,4.2779865,4.3247724,0,0.0,0,1.0,-0.98,25.1,74.9
2022-12-02 09:00:00,58.011012750002,14.2477634,14.251929949998,19.011111106666664,0.428,26.53333333333333,1,5.1764362714980825,70.66250196097344,9,4,12,0.7071067811865476,-0.7071067811865475,-0.433883739117558,-0.9009688679024191,-2.4492935982947064e-16,1.0,14.0,8.75,2.9166666666666665,11.9,23.0,100.0,78.0,-5.7,3.222787,0.0,-2.3,18.84444446,26.95,26.4,26.460714285714285,26.464285714285715,26.5,-18.583111106666664,0.1833333566666652,0.1093333333333332,0.3186666666666667,0.8966666666666666,18.91604937,0.1380000000000023,4.3247724,4.3453827,4.2772417,4.3264885,4.2770357,0,0.0,1,1.0,-0.94,23.5,76.5
2022-12-02 09:15:00,160.053319927774,120.966550077776,120.981827299996,18.84444446,0.8966666666666666,26.5,2,5.1764362714980825,70.66250196097344,9,4,12,0.7071067811865476,-0.7071067811865475,-0.433883739117558,-0.9009688679024191,-2.4492935982947064e-16,1.0,42.0,18.375,6.416666666666667,11.625,23.275,99.75,76.25,-5.575,3.251491,0.0,-1.85,19.15000000333333,26.53333333333333,26.95,26.4,26.460714285714285,26.316666666666663,-17.94777779333333,-0.1666666466666662,0.4686666666666666,0.428,1.655333333333333,18.89444443888889,0.5477777777777801,4.2770357,4.3247724,4.3453827,4.2772417,4.324739,0,0.0,1,1.0,-0.97,25.1,74.9
2022-12-02 09:30:00,62.0766835,0.0,0.0,19.15000000333333,1.655333333333333,26.316666666666663,0,5.1764362714980825,70.66250196097344,9,4,12,0.7071067811865476,-0.7071067811865475,-0.433883739117558,-0.9009688679024191,-2.4492935982947064e-16,1.0,70.0,34.125,12.25,11.35,23.55,99.5,74.5,-5.45,3.278328,0.0,-1.4,19.18333336,26.5,26.53333333333333,26.95,26.4,26.05,-17.494666669999997,0.3055555433333339,0.7586666666666667,0.8966666666666666,1.663333333333333,19.001851856666665,0.9933333333333356,4.324739,4.2770357,4.3247724,4.3453827,4.289336,1,1.0,1,0.75,-0.91,22.3,77.7
2022-12-02 09:45:00,132.260820538886,68.550035705554,68.559202038886,19.18333336,1.663333333333333,26.05,1,5.1764362714980825,70.66250196097344,9,4,12,0.7071067811865476,-0.7071067811865475,-0.433883739117558,-0.9009688679024191,-2.4492935982947064e-16,1.0,98.0,56.0,20.416666666666668,11.075,23.825000000000003,99.25,72.75,-5.325,3.303166,0.0,-0.95,19.075000015,26.316666666666663,26.5,26.53333333333333,26.95,26.464285714285715,-17.520000026666665,0.0333333566666667,0.008,1.655333333333333,1.667142857142857,19.059259274444447,1.4051111111111136,4.289336,4.324739,4.2770357,4.3247724,4.3298073,0,1.0,1,0.75,-0.9,22.1,77.9
2022-12-02 10:00:00,102.045084816662,65.649873933332,65.660151355552,19.075000015,1.667142857142857,26.464285714285715,1,5.1764362714980825,70.66250196097344,10,4,12,0.4999999999999999,-0.8660254037844387,-0.433883739117558,-0.9009688679024191,-2.4492935982947064e-16,1.0,126.0,84.0,30.916666666666668,10.8,24.1,99.0,71.0,-5.2,3.3258677,0.0,-0.5,19.06111115,26.05,26.316666666666663,26.5,26.53333333333333,26.2,-17.407857157857144,-0.1083333449999983,0.0038095238095237,1.663333333333333,2.012,19.136111126111118,1.6619365079365105,4.3298073,4.289336,4.324739,4.2770357,4.2830577,0,1.0,0,0.75,-0.92,23.0,77.0
2022-12-02 10:15:00,61.853359166664,22.07550586111,22.080505711108,19.06111115,2.012,26.2,1,5.1764362714980825,70.66250196097344,10,4,12,0.4999999999999999,-0.8660254037844387,-0.433883739117558,-0.9009688679024191,-2.4492935982947064e-16,1.0,134.5,107.125,42.125,10.975,24.725,86.5,69.0,-5.225,3.3170154,0.0,-0.125,18.837037056666667,26.464285714285715,26.05,26.316666666666663,26.5,26.65,-17.049111149999998,-0.0138888650000019,0.344857142857143,1.667142857142857,2.4306666666666668,19.10648150833333,1.7808253968253993,4.2830577,4.3298073,4.289336,4.324739,4.2993627,0,1.0,0,0.75,-0.93,23.1,76.9
2022-12-02 10:30:00,516.182129688888,122.80064336111,122.81647606111,18.837037056666667,2.4306666666666668,26.65,2,5.1764362714980825,70.66250196097344,10,4,12,0.4999999999999999,-0.8660254037844387,-0.433883739117558,-0.9009688679024191,-2.4492935982947064e-16,1.0,143.0,125.375,54.04166666666666,11.15,25.35,74.0,67.0,-5.25,3.305136,0.0,0.25,19.02777777,26.2,26.464285714285715,26.05,26.316666666666663,26.6,-16.40637039,-0.224074093333332,0.4186666666666667,2.012,2.764,18.99104940722222,2.036603174603177,4.2993627,4.2830577,4.3298073,4.289336,4.339905,0,0.0,1,1.0,-0.98,25.1,74.9
2022-12-02 10:45:00,59.504286533328,0.0,0.0,19.02777777,2.764,26.6,0,5.1764362714980825,70.66250196097344,10,4,12,0.4999999999999999,-0.8660254037844387,-0.433883739117558,-0.9009688679024191,-2.4492935982947064e-16,1.0,151.5,138.75,66.66666666666667,11.325,25.975,61.5,65.0,-5.275,3.2900949,0.0,0.625,18.87407404,26.65,26.2,26.464285714285715,26.05,26.216666666666665,-16.26377777,0.1907407133333336,0.3333333333333335,2.4306666666666668,3.195333333333333,18.97530865888889,2.4022222222222247,4.339905,4.2993627,4.2830577,4.3298073,4.2387204,1,1.0,1,0.75,-0.93,23.4,76.6
2022-12-02 11:00:00,108.207338166668,56.596347155556,56.604957944444,18.87407404,3.195333333333333,26.216666666666665,1,5.1764362714980825,70.66250196097344,11,4,12,0.258819045102521,-0.9659258262890682,-0.433883739117558,-0.9009688679024191,-2.4492935982947064e-16,1.0,160.0,147.25,80.0,11.5,26.6,49.0,63.0,-5.3,3.2717566,0.0,1.0,18.79444445,26.6,26.65,26.2,26.464285714285715,27.2,-15.678740706666666,-0.1537037300000001,0.4313333333333329,2.764,3.4986666666666664,18.91296295555556,2.796666666666669,4.2387204,4.339905,4.2993627,4.2830577,4.377061,0,1.0,1,0.75,-0.97,24.8,75.2
2022-12-02 11:15:00,252.007419349998,127.853218983334,127.865440744444,18.79444445,3.4986666666666664,27.2,2,5.1764362714980825,70.66250196097344,11,4,12,0.258819045102521,-0.9659258262890682,-0.433883739117558,-0.9009688679024191,-2.4492935982947064e-16,1.0,202.75,164.3125,96.60416666666669,11.7,27.15,54.5,60.0,-5.45,3.2350028,0.0,1.55,19.04814814333333,26.216666666666665,26.6,26.65,26.2,27.133333333333333,-15.295777783333332,-0.0796295899999997,0.3033333333333332,3.195333333333333,3.674,18.89876542,3.152666666666669,4.377061,4.2387204,4.339905,4.2993627,4.4322433,0,1.0,1,0.75,-0.98,25.4,74.6
2022-12-02 11:30:00,1189.380478561106,0.0,0.0,19.04814814333333,3.674,27.133333333333333,0,5.1764362714980825,70.66250196097344,11,4,12,0.258819045102521,-0.9659258262890682,-0.433883739117558,-0.9009688679024191,-2.4492935982947064e-16,1.0,245.5,189.9375,116.47916666666669,11.9,27.700000000000003,60.0,57.0,-5.6,3.1901135,0.0,2.1,18.8111111,27.2,26.216666666666665,26.6,26.65,26.65,-15.374148143333333,0.2537036933333318,0.1753333333333335,3.4986666666666664,3.394,18.905555544444443,3.4560000000000017,4.4322433,4.377061,4.2387204,4.339905,4.2927804,1,2.0,1,0.5,-0.92,23.1,76.9
2022-12-02 11:45:00,1273.471281294446,78.91295443889,78.925453988888,18.8111111,3.394,26.65,2,5.1764362714980825,70.66250196097344,11,4,12,0.258819045102521,-0.9659258262890682,-0.433883739117558,-0.9009688679024191,-2.4492935982947064e-16,1.0,288.25,224.125,139.625,12.1,28.25,65.5,54.0,-5.75,3.136594,0.0,2.6500000000000004,18.855555566666663,27.133333333333333,27.2,26.216666666666665,26.6,27.716666666666665,-15.4171111,-0.2370370433333306,-0.2800000000000002,3.674,3.4513333333333334,18.88456789777778,3.5222222222222244,4.2927804,4.4322433,4.377061,4.2387204,4.476341,0,1.0,1,0.75,-0.98,25.3,74.7
2022-12-02 12:00:00,1265.707703116662,46.988953716666,46.998397872218,18.855555566666663,3.4513333333333334,27.716666666666665,1,5.1764362714980825,70.66250196097344,12,4,12,1.2246467991473532e-16,-1.0,-0.433883739117558,-0.9009688679024191,-2.4492935982947064e-16,1.0,331.0,266.875,166.04166666666666,12.3,28.8,71.0,51.0,-5.9,3.073929,0.0,3.2,18.86666665,26.65,27.133333333333333,27.2,26.216666666666665,27.2,-15.404222233333332,0.0444444666666647,0.0573333333333336,3.394,3.758666666666667,18.90493827,3.5064444444444463,4.476341,4.2927804,4.4322433,4.377061,4.3957825,0,1.0,1,0.75,-0.97,24.7,75.3
2022-12-02 12:15:00,216.816327049998,34.739443683334,34.746387888888,18.86666665,3.758666666666667,27.2,1,5.1764362714980825,70.66250196097344,12,4,12,1.2246467991473532e-16,-1.0,-0.433883739117558,-0.9009688679024191,-2.4492935982947064e-16,1.0,346.75,302.875,191.4375,12.05,28.9,68.5,49.0,-6.050000000000001,3.0386364,0.0,3.625,18.738888893333336,27.716666666666665,26.65,27.133333333333333,27.2,28.383333333333333,-15.107999983333332,0.0111110833333327,0.3073333333333337,3.4513333333333334,4.030666666666667,18.84444443888889,3.5346666666666686,4.3957825,4.476341,4.2927804,4.4322433,4.552505,0,1.0,0,0.75,-0.97,24.7,75.3
2022-12-02 12:30:00,169.407112294446,130.57422125555598,130.591165077776,18.738888893333336,4.030666666666667,28.383333333333333,2,5.1764362714980825,70.66250196097344,12,4,12,1.2246467991473532e-16,-1.0,-0.433883739117558,-0.9009688679024191,-2.4492935982947064e-16,1.0,362.5,332.125,215.8125,11.8,29.0,66.0,47.0,-6.2,2.998443,0.0,4.050000000000001,18.96666668,27.2,27.716666666666665,26.65,27.133333333333333,29.55,-14.708222226666669,-0.1277777566666635,0.2719999999999998,3.758666666666667,4.124666666666666,18.820370370000003,3.746888888888891,4.552505,4.3957825,4.476341,4.2927804,4.803851,0,0.0,1,1.0,-0.99,25.7,74.3
2022-12-02 12:45:00,48.558890999996,0.0,0.0,18.96666668,4.124666666666666,29.55,0,5.1764362714980825,70.66250196097344,12,4,12,1.2246467991473532e-16,-1.0,-0.433883739117558,-0.9009688679024191,-2.4492935982947064e-16,1.0,378.25,354.625,239.16666666666663,11.55,29.1,63.5,45.0,-6.35,2.9531274,0.0,4.4750000000000005,18.80740738333333,28.383333333333333,27.2,27.716666666666665,26.65,28.566666666666663,-14.842000013333331,0.2277777866666639,0.0939999999999994,4.030666666666667,4.292666666666666,18.857407407777774,3.971333333333336,4.803851,4.552505,4.3957825,4.476341,4.6005106,1,1.0,1,0.75,-0.93,23.3,76.7
2022-12-02 13:00:00,126.66687762222,63.559679777776,63.567179477776,18.80740738333333,4.292666666666666,28.566666666666663,1,5.1764362714980825,70.66250196097344,13,4,12,-0.2588190451025208,-0.9659258262890684,-0.433883739117558,-0.9009688679024191,-2.4492935982947064e-16,1.0,394.0,370.375,261.5,11.3,29.2,61.0,43.0,-6.5,2.9024632,0.0,4.9,18.79444445,29.55,28.383333333333333,27.2,27.716666666666665,28.8,-14.514740716666669,-0.159259296666665,0.1680000000000001,4.124666666666666,4.653333333333333,18.83765431888889,4.149333333333336,4.6005106,4.803851,4.552505,4.3957825,4.634535,0,1.0,1,0.75,-0.97,25.0,75.0
2022-12-02 13:15:00,203.702962622224,145.718059944444,145.735281488888,18.79444445,4.653333333333333,28.8,2,5.1764362714980825,70.66250196097344,13,4,12,-0.2588190451025208,-0.9659258262890684,-0.433883739117558,-0.9009688679024191,-2.4492935982947064e-16,1.0,383.0,379.4375,282.2083333333333,11.7,29.2,70.5,42.0,-6.6,2.882177,0.0,5.15,19.06851853,28.566666666666663,29.55,28.383333333333333,27.2,28.166666666666668,-14.141111116666668,-0.012962933333334,0.3606666666666669,4.292666666666666,4.868666666666667,18.85617283777778,4.35688888888889,4.634535,4.6005106,4.803851,4.552505,4.606571,0,1.0,1,0.75,-0.97,25.0,75.0
2022-12-02 13:30:00,50.6629734,0.0,0.0,19.06851853,4.868666666666667,28.166666666666668,0,5.1764362714980825,70.66250196097344,13,4,12,-0.2588190451025208,-0.9659258262890684,-0.433883739117558,-0.9009688679024191,-2.4492935982947064e-16,1.0,372.0,381.8125,301.2916666666667,12.1,29.2,80.0,41.0,-6.7,2.8603132,0.0,5.4,18.883333330000003,28.8,28.566666666666663,29.55,28.383333333333333,27.5,-14.199851863333333,0.2740740799999983,0.2153333333333336,4.653333333333333,5.246666666666667,18.89012345444445,4.604888888888891,4.606571,4.634535,4.6005106,4.803851,4.4486427,1,2.0,1,0.5,-0.91,22.7,77.3
2022-12-02 13:45:00,53.071210383334,0.0,0.0,18.883333330000003,5.246666666666667,27.5,0,5.1764362714980825,70.66250196097344,13,4,12,-0.2588190451025208,-0.9659258262890684,-0.433883739117558,-0.9009688679024191,-2.4492935982947064e-16,1.0,361.0,377.5,318.75,12.5,29.2,89.5,40.0,-6.800000000000001,2.8368292,0.0,5.65,18.65740742,28.166666666666668,28.8,28.566666666666663,29.55,27.683333333333334,-13.636666663333337,-0.1851851999999958,0.3780000000000001,4.868666666666667,5.406000000000001,18.91543210333333,4.922888888888892,4.4486427,4.606571,4.634535,4.6005106,4.4188766,0,2.0,0,0.5,-0.96,24.5,75.5
2022-12-02 14:00:00,129.30954957778,90.387773227778,90.399995005554,18.65740742,5.406000000000001,27.683333333333334,2,5.1764362714980825,70.66250196097344,14,4,12,-0.4999999999999997,-0.8660254037844388,-0.433883739117558,-0.9009688679024191,-2.4492935982947064e-16,1.0,350.0,366.5,334.5833333333333,12.9,29.2,99.0,39.0,-6.9,2.8116844,0.0,5.9,18.82222223,27.5,28.166666666666668,28.8,28.566666666666663,27.95,-13.25140742,-0.2259259100000008,0.1593333333333335,5.246666666666667,5.359999999999999,18.869753093333337,5.17377777777778,4.4188766,4.4486427,4.606571,4.634535,4.5051417,0,2.0,1,0.5,-1.01,26.6,73.4
2022-12-02 14:15:00,124.769731311108,80.309565272222,80.321509294442,18.82222223,5.359999999999999,27.95,2,5.1764362714980825,70.66250196097344,14,4,12,-0.4999999999999997,-0.8660254037844388,-0.433883739117558,-0.9009688679024191,-2.4492935982947064e-16,1.0,313.75,349.1875,343.8333333333333,12.675,29.275,99.25,39.25,-6.775,2.843658,0.0,5.9750000000000005,18.983333363333333,27.683333333333334,27.5,28.166666666666668,28.8,27.35,-13.462222230000002,0.1648148099999993,-0.0460000000000011,5.406000000000001,5.346666666666667,18.787654326666672,5.337555555555558,4.5051417,4.4188766,4.4486427,4.606571,4.450581,0,2.0,0,0.5,-0.97,25.0,75.0
2022-12-02 14:30:00,70.476625438882,0.0,0.0,18.983333363333333,5.346666666666667,27.35,0,5.1764362714980825,70.66250196097344,14,4,12,-0.4999999999999997,-0.8660254037844388,-0.433883739117558,-0.9009688679024191,-2.4492935982947064e-16,1.0,277.5,325.5625,346.5,12.45,29.35,99.5,39.5,-6.65,2.87587,0.0,6.050000000000001,18.77222221,27.95,27.683333333333334,27.5,28.166666666666668,27.4,-13.636666696666666,0.1611111333333319,-0.0133333333333327,5.359999999999999,5.3806666666666665,18.820987671111112,5.370888888888892,4.450581,4.5051417,4.4188766,4.4486427,4.4034553,1,2.0,1,0.5,-0.94,23.6,76.4
2022-12-02 14:45:00,131.02587000555,87.853430155556,87.867040794442,18.77222221,5.3806666666666665,27.4,2,5.1764362714980825,70.66250196097344,14,4,12,-0.4999999999999997,-0.8660254037844388,-0.433883739117558,-0.9009688679024191,-2.4492935982947064e-16,1.0,241.25,295.625,342.5833333333333,12.225,29.425,99.75,39.75,-6.525,2.9083216,0.0,6.125,18.844444446666667,27.35,27.95,27.683333333333334,27.5,27.78333333333333,-13.391555543333332,-0.2111111533333343,0.0339999999999998,5.346666666666667,5.493333333333334,18.85925926777778,5.362444444444447,4.4034553,4.450581,4.5051417,4.4188766,4.484163,0,1.0,1,0.75,-0.99,25.6,74.4
2022-12-02 15:00:00,112.42522506111,73.389008788888,73.399841755552,18.844444446666667,5.493333333333334,27.78333333333333,2,5.1764362714980825,70.66250196097344,15,4,12,-0.7071067811865471,-0.7071067811865479,-0.433883739117558,-0.9009688679024191,-2.4492935982947064e-16,1.0,205.0,259.375,332.0833333333333,12.0,29.5,100.0,40.0,-6.4,2.9410136,0.0,6.2,18.9888889,27.4,27.35,27.95,27.683333333333334,27.15,-13.351111113333332,0.0722222366666685,0.1126666666666675,5.3806666666666665,5.5,18.866666673333334,5.406888888888891,4.484163,4.4034553,4.450581,4.5051417,4.419485,0,1.0,0,0.75,-0.97,24.8,75.2
2022-12-02 15:15:00,67.682848211108,0.0,0.0,18.9888889,5.5,27.15,0,5.1764362714980825,70.66250196097344,15,4,12,-0.7071067811865471,-0.7071067811865479,-0.433883739117558,-0.9009688679024191,-2.4492935982947064e-16,1.0,172.25,224.0,317.5416666666667,11.725,28.875,99.5,39.75,-6.525,2.9178553,0.0,6.175,18.67962963333333,27.78333333333333,27.4,27.35,27.95,27.0,-13.4888889,0.1444444533333317,0.0066666666666659,5.493333333333334,5.354666666666666,18.86851851888889,5.458000000000003,4.419485,4.484163,4.4034553,4.450581,4.3154736,1,2.0,1,0.5,-0.94,23.6,76.4
2022-12-02 15:30:00,358.046510966664,10.925118527778,10.931229433332,18.67962963333333,5.354666666666666,27.0,1,5.1764362714980825,70.66250196097344,15,4,12,-0.7071067811865471,-0.7071067811865479,-0.433883739117558,-0.9009688679024191,-2.4492935982947064e-16,1.0,139.5,189.5,298.9583333333333,11.45,28.25,99.0,39.5,-6.65,2.8947637,0.0,6.15,18.54444446,27.15,27.78333333333333,27.4,27.35,27.05,-13.324962966666664,-0.3092592666666682,-0.1453333333333342,5.5,5.339333333333333,18.83765432666667,5.449333333333335,4.3154736,4.419485,4.484163,4.4034553,4.2890034,0,1.0,1,0.75,-1.01,26.5,73.5
2022-12-02 15:45:00,183.713206694446,128.831235427778,128.847901477776,18.54444446,5.339333333333333,27.05,2,5.1764362714980825,70.66250196097344,15,4,12,-0.7071067811865471,-0.7071067811865479,-0.433883739117558,-0.9009688679024191,-2.4492935982947064e-16,1.0,106.75,155.875,276.3333333333333,11.175,27.625,98.5,39.25,-6.775,2.8717387,0.0,6.125,18.77976190357143,27.0,27.15,27.78333333333333,27.4,27.071428571428573,-13.205111126666669,-0.1351851733333298,-0.0153333333333325,5.354666666666666,5.237857142857143,18.737654331111116,5.398000000000002,4.2890034,4.3154736,4.419485,4.484163,4.352591,0,1.0,1,0.75,-1.04,27.8,72.2
2022-12-02 16:00:00,49.536074011112,0.0,0.0,18.77976190357143,5.237857142857143,27.071428571428573,0,5.1764362714980825,70.66250196097344,16,4,12,-0.8660254037844385,-0.5000000000000004,-0.433883739117558,-0.9009688679024191,-2.4492935982947064e-16,1.0,74.0,123.125,249.66666666666663,10.9,27.0,98.0,39.0,-6.9,2.8487797,0.0,6.1,18.72222223,27.05,27.0,27.15,27.78333333333333,26.55,-13.541904760714289,0.2353174435714287,-0.1014761904761902,5.339333333333333,5.082666666666666,18.66794533230159,5.31061904761905,4.352591,4.2890034,4.3154736,4.419485,4.254254,1,2.0,1,0.5,-0.99,25.6,74.4
2022-12-02 16:15:00,128.440973338886,83.744427872222,83.756371894442,18.72222223,5.082666666666666,26.55,2,5.1764362714980825,70.66250196097344,16,4,12,-0.8660254037844385,-0.5000000000000004,-0.433883739117558,-0.9009688679024191,-2.4492935982947064e-16,1.0,67.0,96.8125,223.33333333333331,11.275,26.825,98.5,39.0,-7.025,2.8255453,0.0,5.975,18.82037036,27.071428571428573,27.05,27.0,27.15,26.966666666666665,-13.639555563333332,-0.0575396735714299,-0.1551904761904765,5.237857142857143,5.0280000000000005,18.68214286452381,5.219952380952384,4.254254,4.352591,4.2890034,4.3154736,4.346167,0,1.0,1,0.75,-1.0,26.2,73.8
2022-12-02 16:30:00,144.157011355552,105.244678927778,105.259400638886,18.82037036,5.0280000000000005,26.966666666666665,2,5.1764362714980825,70.66250196097344,16,4,12,-0.8660254037844385,-0.5000000000000004,-0.433883739117558,-0.9009688679024191,-2.4492935982947064e-16,1.0,60.0,76.9375,197.33333333333331,11.65,26.65,99.0,39.0,-7.15,2.8024757,0.0,5.85,19.01666669,26.55,27.071428571428573,27.05,27.0,26.6,-13.79237036,0.098148130000002,-0.0546666666666659,5.082666666666666,5.076666666666666,18.774118164523813,5.116174603174605,4.346167,4.254254,4.352591,4.2890034,4.33706,0,1.0,0,0.75,-0.98,25.2,74.8
2022-12-02 16:45:00,48.578612477772,0.0,0.0,19.01666669,5.076666666666666,26.6,0,5.1764362714980825,70.66250196097344,16,4,12,-0.8660254037844385,-0.5000000000000004,-0.433883739117558,-0.9009688679024191,-2.4492935982947064e-16,1.0,53.0,63.5,171.66666666666666,12.025,26.475,99.5,39.0,-7.275,2.7795722,0.0,5.725,18.80740738333333,26.966666666666665,26.55,27.071428571428573,27.05,26.216666666666665,-13.940000023333337,0.1962963299999991,0.0486666666666657,5.0280000000000005,5.211333333333333,18.853086426666668,5.062444444444447,4.33706,4.346167,4.254254,4.352591,4.2220554,1,2.0,1,0.5,-0.93,23.5,76.5
2022-12-02 17:00:00,165.25227864444,101.843981627778,101.856758916666,18.80740738333333,5.211333333333333,26.216666666666665,2,5.1764362714980825,70.66250196097344,17,4,12,-0.9659258262890684,-0.2588190451025206,-0.433883739117558,-0.9009688679024191,-2.4492935982947064e-16,1.0,46.0,56.5,146.33333333333334,12.4,26.3,100.0,39.0,-7.4,2.7568316,0.0,5.6,18.92777777,26.6,26.966666666666665,26.55,27.071428571428573,26.45,-13.596074050000002,-0.2092593066666666,0.1346666666666669,5.076666666666666,5.224666666666667,18.88148147777778,5.105333333333335,4.2220554,4.33706,4.346167,4.254254,4.2900343,0,1.0,1,0.75,-0.98,25.5,74.5
2022-12-02 17:15:00,118.407485711112,71.53630509999999,71.549360194442,18.92777777,5.224666666666667,26.45,2,5.1764362714980825,70.66250196097344,17,4,12,-0.9659258262890684,-0.2588190451025206,-0.433883739117558,-0.9009688679024191,-2.4492935982947064e-16,1.0,35.0,48.5,123.10416666666669,12.75,26.475,100.0,38.75,-7.525,2.7212005,0.025,5.5,19.02222222,26.216666666666665,26.6,26.966666666666665,26.55,26.03333333333333,-13.703111103333333,0.1203703866666643,0.0133333333333336,5.211333333333333,5.214,18.91728394777778,5.170888888888891,4.2900343,4.2220554,4.33706,4.346167,4.246058,0,1.0,0,0.75,-0.96,24.3,75.7
2022-12-02 17:30:00,56.292748266664006,17.384582372222,17.390693327774002,19.02222222,5.214,26.03333333333333,1,5.1764362714980825,70.66250196097344,17,4,12,-0.9659258262890684,-0.2588190451025206,-0.433883739117558,-0.9009688679024191,-2.4492935982947064e-16,1.0,24.0,39.5,101.97916666666669,13.1,26.65,100.0,38.5,-7.65,2.6859038,0.05,5.4,18.83333335,26.45,26.216666666666665,26.6,26.966666666666665,26.35,-13.80822222,0.094444450000001,-0.0106666666666672,5.224666666666667,5.284666666666666,18.919135791111117,5.216666666666669,4.246058,4.2900343,4.2220554,4.33706,4.2500343,0,1.0,1,0.75,-0.94,23.5,76.5
2022-12-02 17:45:00,180.276121966668,128.981784972222,128.997617705554,18.83333335,5.284666666666666,26.35,2,5.1764362714980825,70.66250196097344,17,4,12,-0.9659258262890684,-0.2588190451025206,-0.433883739117558,-0.9009688679024191,-2.4492935982947064e-16,1.0,13.0,29.5,82.95833333333333,13.45,26.825,100.0,38.25,-7.775,2.650938,0.075,5.3,19.04629631,26.03333333333333,26.45,26.216666666666665,26.6,26.316666666666663,-13.54866668333333,-0.1888888700000031,0.0706666666666668,5.214,5.248,18.92777778,5.241111111111113,4.2500343,4.246058,4.2900343,4.2220554,4.298371,0,0.0,1,1.0,-0.98,25.2,74.8
2022-12-02 18:00:00,75.336430955552,35.479691872222,35.487191655552,19.04629631,5.248,26.316666666666663,1,5.1764362714980825,70.66250196097344,18,4,12,-1.0,-1.8369701987210294e-16,-0.433883739117558,-0.9009688679024191,-2.4492935982947064e-16,1.0,2.0,18.5,66.04166666666667,13.8,27.0,100.0,38.0,-7.9,2.6163015,0.1,5.2,18.99999998,26.35,26.03333333333333,26.45,26.216666666666665,25.75,-13.798296309999998,0.2129629600000022,-0.0366666666666661,5.284666666666666,5.484666666666667,18.96728396,5.248888888888891,4.298371,4.2500343,4.246058,4.2900343,4.194342,0,0.0,1,1.0,-0.93,23.2,76.8
2022-12-02 18:15:00,209.028860777776,66.6548337,66.66427782222,18.99999998,5.484666666666667,25.75,1,5.1764362714980825,70.66250196097344,18,4,12,-1.0,-1.8369701987210294e-16,-0.433883739117558,-0.9009688679024191,-2.4492935982947064e-16,1.0,1.5,10.125,51.8125,14.575,28.9,100.0,37.75,-7.975,2.5990891,0.075,5.2,18.92222221666667,26.316666666666663,26.35,26.03333333333333,26.45,26.616666666666667,-13.515333313333333,-0.0462963300000005,0.2366666666666663,5.248,5.755333333333334,18.959876546666667,5.339111111111113,4.194342,4.298371,4.2500343,4.246058,4.3156486,0,0.0,0,1.0,-0.94,23.8,76.2
2022-12-02 18:30:00,216.033024950002,134.591560555556,134.616281833332,18.92222221666667,5.755333333333334,26.616666666666667,2,5.1764362714980825,70.66250196097344,18,4,12,-1.0,-1.8369701987210294e-16,-0.433883739117558,-0.9009688679024191,-2.4492935982947064e-16,1.0,1.0,4.375,40.270833333333336,15.35,30.8,100.0,37.5,-8.05,2.5818768,0.05,5.2,19.16111111,25.75,26.316666666666663,26.35,26.03333333333333,26.6,-13.166888883333336,-0.07777776333333,0.270666666666667,5.484666666666667,5.8133333333333335,18.98950616888889,5.496000000000002,4.3156486,4.194342,4.298371,4.2500343,4.3741655,0,0.0,1,1.0,-0.96,24.3,75.7
2022-12-02 18:45:00,103.953619488888,29.597427172222,29.631592538886,19.16111111,5.8133333333333335,26.6,1,5.1764362714980825,70.66250196097344,18,4,12,-1.0,-1.8369701987210294e-16,-0.433883739117558,-0.9009688679024191,-2.4492935982947064e-16,1.0,0.5,1.25,31.416666666666668,16.125,32.7,100.0,37.25,-8.125,2.5646644,0.0249999999999999,5.2,19.03703703333333,26.616666666666667,25.75,26.316666666666663,26.35,26.216666666666665,-13.347777776666668,0.2388888933333319,0.0579999999999998,5.755333333333334,5.814000000000001,19.02777776888889,5.684444444444448,4.3741655,4.3156486,4.194342,4.298371,4.279699,0,0.0,1,1.0,-0.9,22.2,77.8
2022-12-02 19:00:00,125.426649499996,56.845226100000005,56.877724833332,19.03703703333333,5.814000000000001,26.216666666666665,1,5.1764362714980825,70.66250196097344,19,4,12,-0.9659258262890684,0.2588190451025203,-0.433883739117558,-0.9009688679024191,-2.4492935982947064e-16,1.0,0.0,0.75,25.25,16.9,34.6,100.0,37.0,-8.2,2.5474517,0.0,5.2,18.91666668,26.6,26.616666666666667,25.75,26.316666666666663,26.85,-13.223037033333334,-0.1240740766666661,0.0006666666666674,5.8133333333333335,5.882666666666666,19.040123453333337,5.794222222222225,4.279699,4.3741655,4.3156486,4.194342,4.3520536,0,0.0,0,1.0,-0.93,23.4,76.6
2022-12-02 19:15:00,202.875773611108,133.011346016666,133.049122288888,18.91666668,5.882666666666666,26.85,2,5.1764362714980825,70.66250196097344,19,4,12,-0.9659258262890684,0.2588190451025203,-0.433883739117558,-0.9009688679024191,-2.4492935982947064e-16,1.0,0.0,0.375,19.666666666666668,16.5,35.4,100.0,39.0,-7.799999999999999,2.6455522,0.0,4.975,19.16851853,26.216666666666665,26.6,26.616666666666667,25.75,26.816666666666663,-13.034000013333332,-0.1203703533333353,0.0686666666666653,5.814000000000001,5.8886666666666665,19.03827160777778,5.83666666666667,4.3520536,4.279699,4.3741655,4.3156486,4.4117203,0,0.0,1,1.0,-0.96,24.3,75.7
2022-12-02 19:30:00,153.173595011112,31.052924483334,31.080701155556,19.16851853,5.8886666666666665,26.816666666666663,1,5.1764362714980825,70.66250196097344,19,4,12,-0.9659258262890684,0.2588190451025203,-0.433883739117558,-0.9009688679024191,-2.4492935982947064e-16,1.0,0.0,0.125,14.666666666666666,16.1,36.2,100.0,41.0,-7.399999999999999,2.7401295,0.0,4.75,19.04999999,26.85,26.216666666666665,26.6,26.616666666666667,26.2,-13.279851863333333,0.2518518499999977,0.0060000000000002,5.882666666666666,5.918666666666667,19.04074074777778,5.861777777777781,4.4117203,4.3520536,4.279699,4.3741655,4.280251,0,0.0,1,1.0,-0.9,22.1,77.9
2022-12-02 19:45:00,346.073656533332,51.124899372222,51.1437875,19.04999999,5.918666666666667,26.2,1,5.1764362714980825,70.66250196097344,19,4,12,-0.9659258262890684,0.2588190451025203,-0.433883739117558,-0.9009688679024191,-2.4492935982947064e-16,1.0,0.0,0.0,10.25,15.7,37.0,100.0,43.0,-7.0,2.8312554,0.0,4.525,18.92592592333333,26.816666666666663,26.85,26.216666666666665,26.6,26.65,-13.131333323333331,-0.1185185399999966,0.0300000000000002,5.8886666666666665,5.926666666666667,19.04506173333333,5.896666666666668,4.280251,4.4117203,4.3520536,4.279699,4.3219986,0,0.0,0,1.0,-0.93,23.2,76.8
2022-12-02 20:00:00,206.020925516666,143.176217155556,143.204271633332,18.92592592333333,5.926666666666667,26.65,2,5.1764362714980825,70.66250196097344,20,4,12,-0.8660254037844386,0.5000000000000001,-0.433883739117558,-0.9009688679024191,-2.4492935982947064e-16,1.0,0.0,0.0,6.416666666666667,15.3,37.8,100.0,45.0,-6.6,2.919002,0.0,4.3,19.20000003,26.2,26.816666666666663,26.85,26.216666666666665,26.6,-12.999259256666669,-0.1240740666666653,0.008,5.918666666666667,5.818,19.04814814777778,5.911333333333336,4.3219986,4.280251,4.4117203,4.3520536,4.3842015,0,0.0,1,1.0,-0.96,24.3,75.7
2022-12-02 20:15:00,84.75077645000201,34.219464483334,34.235297216666,19.20000003,5.818,26.6,1,5.1764362714980825,70.66250196097344,20,4,12,-0.8660254037844386,0.5000000000000001,-0.433883739117558,-0.9009688679024191,-2.4492935982947064e-16,1.0,0.0,0.0,3.5,15.0,36.175,100.0,45.0,-6.525,2.9287167,0.0,4.35,19.09259259666667,26.65,26.2,26.816666666666663,26.85,26.216666666666665,-13.382000030000002,0.2740741066666672,-0.1086666666666671,5.926666666666667,5.669333333333333,19.058641981111112,5.887777777777781,4.3842015,4.3219986,4.280251,4.4117203,4.293748,0,0.0,1,1.0,-0.89,21.8,78.2
2022-12-02 20:30:00,107.87540706111,59.3717917,59.390957633332,19.09259259666667,5.669333333333333,26.216666666666665,1,5.1764362714980825,70.66250196097344,20,4,12,-0.8660254037844386,0.5000000000000001,-0.433883739117558,-0.9009688679024191,-2.4492935982947064e-16,1.0,0.0,0.0,1.5,14.7,34.55,100.0,45.0,-6.449999999999999,2.9384599,0.0,4.4,19.0111111,26.6,26.65,26.2,26.816666666666663,27.15,-13.423259263333335,-0.1074074333333321,-0.1486666666666662,5.818,5.3886666666666665,19.07283951666667,5.8046666666666695,4.293748,4.3842015,4.3219986,4.280251,4.425285,0,0.0,0,1.0,-0.92,22.9,77.1
2022-12-02 20:45:00,175.923796066668,110.715571183334,110.739181372222,19.0111111,5.3886666666666665,27.15,2,5.1764362714980825,70.66250196097344,20,4,12,-0.8660254037844386,0.5000000000000001,-0.433883739117558,-0.9009688679024191,-2.4492935982947064e-16,1.0,0.0,0.0,0.4166666666666667,14.4,32.925,100.0,45.0,-6.375,2.9482312,0.0,4.45,19.198148156666665,26.216666666666665,26.6,26.65,26.2,26.85,-13.622444433333335,-0.0814814966666688,-0.2806666666666668,5.669333333333333,5.740666666666667,19.10123457555556,5.625333333333336,4.425285,4.293748,4.3842015,4.3219986,4.424924,0,0.0,1,1.0,-0.93,23.4,76.6
2022-12-02 21:00:00,62.34445062222,0.0,0.0,19.198148156666665,5.740666666666667,26.85,0,5.1764362714980825,70.66250196097344,21,4,12,-0.7071067811865477,0.7071067811865474,-0.433883739117558,-0.9009688679024191,-2.4492935982947064e-16,1.0,0.0,0.0,0.25,14.1,31.3,100.0,45.0,-6.3,2.9580314,0.0,4.5,18.96111111,27.15,26.216666666666665,26.6,26.65,26.9,-13.45748149,0.1870370566666643,0.3520000000000003,5.3886666666666665,5.763333333333334,19.100617284444443,5.599555555555558,4.424924,4.425285,4.293748,4.3842015,4.371615,1,1.0,1,0.75,-0.89,21.8,78.2
2022-12-02 21:15:00,205.34817466111,103.132541233332,103.188650155552,18.96111111,5.763333333333334,26.9,2,5.1764362714980825,70.66250196097344,21,4,12,-0.7071067811865477,0.7071067811865474,-0.433883739117558,-0.9009688679024191,-2.4492935982947064e-16,1.0,0.0,0.0,0.125,14.8,31.85,100.0,45.5,-6.225,2.9809895,0.025,4.45,19.02222221,26.85,27.15,26.216666666666665,26.6,27.466666666666665,-13.197777776666667,-0.2370370466666642,0.0226666666666668,5.740666666666667,5.696666666666667,19.056790122222225,5.630888888888891,4.371615,4.424924,4.425285,4.293748,4.479836,0,1.0,1,0.75,-0.95,23.9,76.1
2022-12-02 21:30:00,233.935086655556,113.641009727778,113.721006544444,19.02222221,5.696666666666667,27.466666666666665,2,5.1764362714980825,70.66250196097344,21,4,12,-0.7071067811865477,0.7071067811865474,-0.433883739117558,-0.9009688679024191,-2.4492935982947064e-16,1.0,0.0,0.0,0.0416666666666666,15.5,32.4,100.0,46.0,-6.15,3.0037591,0.05,4.4,19.17777777,26.9,26.85,27.15,26.216666666666665,27.15,-13.325555543333332,0.0611110999999979,-0.0666666666666664,5.763333333333334,5.749333333333333,19.060493825555557,5.733555555555559,4.479836,4.371615,4.424924,4.425285,4.4689965,0,1.0,0,0.75,-0.93,23.2,76.8
2022-12-02 21:45:00,127.070472627774,0.0,0.0,19.17777777,5.749333333333333,27.15,0,5.1764362714980825,70.66250196097344,21,4,12,-0.7071067811865477,0.7071067811865474,-0.433883739117558,-0.9009688679024191,-2.4492935982947064e-16,1.0,0.0,0.0,0.0,16.2,32.95,100.0,46.5,-6.075,3.0263405,0.075,4.35,18.922222183333336,27.466666666666665,26.9,26.85,27.15,27.183333333333334,-13.428444436666666,0.1555555599999998,0.0526666666666661,5.696666666666667,5.738,19.05370369666667,5.736444444444447,4.4689965,4.479836,4.371615,4.424924,4.4075284,1,2.0,1,0.5,-0.89,21.9,78.1
2022-12-02 22:00:00,203.396030533332,91.116077427778,91.196074277776,18.922222183333336,5.738,27.183333333333334,2,5.1764362714980825,70.66250196097344,22,4,12,-0.5000000000000004,0.8660254037844384,-0.433883739117558,-0.9009688679024191,-2.4492935982947064e-16,1.0,0.0,0.0,0.0,16.9,33.5,100.0,47.0,-6.0,3.0487356,0.1,4.3,19.011111130000003,27.15,27.466666666666665,26.9,26.85,27.8,-13.184222183333336,-0.255555586666663,-0.0113333333333338,5.749333333333333,5.857333333333333,19.04074072111111,5.728000000000002,4.4075284,4.4689965,4.479836,4.371615,4.531231,0,1.0,1,0.75,-0.95,24.2,75.8
2022-12-02 22:15:00,227.371738116666,116.507006183334,116.587002983334,19.011111130000003,5.857333333333333,27.8,2,5.1764362714980825,70.66250196097344,22,4,12,-0.5000000000000004,0.8660254037844384,-0.433883739117558,-0.9009688679024191,-2.4492935982947064e-16,1.0,0.0,0.0,0.0,17.65,36.1,100.0,47.75,-5.775,3.1025357,0.075,4.325,19.22222225,27.183333333333334,27.15,27.466666666666665,26.9,27.35,-13.15377779666667,0.0888889466666675,0.1193333333333335,5.738,6.029333333333333,19.03703702777778,5.781555555555557,4.531231,4.4075284,4.4689965,4.479836,4.5137224,0,1.0,0,0.75,-0.93,23.3,76.7
2022-12-02 22:30:00,133.350777038882,0.0,0.0,19.22222225,6.029333333333333,27.35,0,5.1764362714980825,70.66250196097344,22,4,12,-0.5000000000000004,0.8660254037844384,-0.433883739117558,-0.9009688679024191,-2.4492935982947064e-16,1.0,0.0,0.0,0.0,18.4,38.7,100.0,48.5,-5.55,3.1565058,0.05,4.35,18.97222224,27.8,27.183333333333334,27.15,27.466666666666665,27.1,-13.192888916666668,0.2111111199999982,0.1719999999999997,5.857333333333333,6.15,19.051851854444447,5.874888888888891,4.5137224,4.531231,4.4075284,4.4689965,4.407007,1,2.0,1,0.5,-0.88,21.5,78.5
2022-12-02 22:45:00,200.048386677776,72.03434076111,72.10961559999599,18.97222224,6.15,27.1,2,5.1764362714980825,70.66250196097344,22,4,12,-0.5000000000000004,0.8660254037844384,-0.433883739117558,-0.9009688679024191,-2.4492935982947064e-16,1.0,0.0,0.0,0.0,19.15,41.3,100.0,49.25,-5.324999999999999,3.2106457,0.0249999999999999,4.375,18.998015892857143,27.35,27.8,27.183333333333334,27.15,27.957142857142856,-12.82222224,-0.2500000100000008,0.1206666666666675,6.029333333333333,6.024285714285715,19.068518540000003,6.012222222222225,4.407007,4.5137224,4.531231,4.4075284,4.5533237,0,1.0,1,0.75,-0.94,23.8,76.2
2022-12-02 23:00:00,250.980793683334,143.648698255556,143.727028472222,18.998015892857143,6.024285714285715,27.957142857142856,2,5.1764362714980825,70.66250196097344,23,4,12,-0.2588190451025215,0.965925826289068,-0.433883739117558,-0.9009688679024191,-2.4492935982947064e-16,1.0,0.0,0.0,0.0,19.9,43.9,100.0,50.0,-5.1,3.2649555,0.0,4.4,19.266666652857143,27.1,27.35,27.8,27.183333333333334,27.25714285714286,-12.97373017857143,0.0257936528571427,-0.1257142857142854,6.15,6.097142857142857,19.064153460952383,6.067873015873019,4.5533237,4.407007,4.5137224,4.531231,4.51019,0,1.0,0,0.75,-0.93,23.3,76.7
2022-12-02 23:15:00,117.41335886111,0.0,0.0,19.266666652857143,6.097142857142857,27.25714285714286,0,5.1764362714980825,70.66250196097344,23,4,12,-0.2588190451025215,0.965925826289068,-0.433883739117558,-0.9009688679024191,-2.4492935982947064e-16,1.0,0.0,0.0,0.0,20.575,44.625,100.0,49.75,-5.225,3.2432413,0.0,4.375,19.034920631428573,27.957142857142856,27.1,27.35,27.8,27.0,-13.169523795714287,0.2686507599999999,0.072857142857142,6.024285714285715,6.132142857142857,19.07896826190477,6.090476190476193,4.51019,4.5533237,4.407007,4.5137224,4.4070234,1,2.0,1,0.5,-0.87,21.1,78.9
2022-12-02 23:30:00,153.280812955556,48.475005372222,48.541113844444,19.034920631428573,6.132142857142857,27.0,1,5.1764362714980825,70.66250196097344,23,4,12,-0.2588190451025215,0.965925826289068,-0.433883739117558,-0.9009688679024191,-2.4492935982947064e-16,1.0,0.0,0.0,0.0,21.25,45.35,100.0,49.5,-5.35,3.2215886,0.0,4.35,18.95555553,27.25714285714286,27.957142857142856,27.1,27.35,27.65,-12.902777774285717,-0.2317460214285702,0.0350000000000001,6.097142857142857,6.251333333333333,19.09986772571429,6.084523809523812,4.4070234,4.51019,4.5533237,4.407007,4.4920263,0,1.0,1,0.75,-0.93,23.2,76.8
2022-12-02 23:45:00,201.896646044444,130.374784783334,130.426171694442,18.95555553,6.251333333333333,27.65,2,5.1764362714980825,70.66250196097344,23,4,12,-0.2588190451025215,0.965925826289068,-0.433883739117558,-0.9009688679024191,-2.4492935982947064e-16,1.0,0.0,0.0,0.0,21.925,46.075,100.0,49.25,-5.475,3.1999974,0.0,4.325,19.22341269142857,27.0,27.25714285714286,27.957142857142856,27.1,27.535714285714285,-12.704222196666668,-0.0793651014285714,0.119190476190476,6.132142857142857,6.518571428571429,19.08571427142857,6.160206349206352,4.4920263,4.4070234,4.51019,4.5533237,4.544691,0,1.0,1,0.75,-0.94,23.8,76.2
2022-12-03 00:00:00,61.502817555556,0.0,0.0,19.22341269142857,6.518571428571429,27.535714285714285,0,5.1764362714980825,70.66250196097344,0,5,12,0.0,1.0,-0.9749279121818236,-0.2225209339563146,-2.4492935982947064e-16,1.0,0.0,0.0,0.0,22.6,46.8,100.0,49.0,-5.6,3.1784687,0.0,4.3,19.10000003,27.65,27.0,27.25714285714286,27.957142857142856,27.5,-12.704841262857142,0.2678571614285694,0.2672380952380955,6.251333333333333,6.702,19.071296284285715,6.300682539682541,4.544691,4.4920263,4.4070234,4.51019,4.5058985,1,2.0,1,0.5,-0.88,21.4,78.6
2022-12-03 00:15:00,66.323458172218,0.0,0.0,19.10000003,6.702,27.5,0,5.1764362714980825,70.66250196097344,0,5,12,0.0,1.0,-0.9749279121818236,-0.2225209339563146,-2.4492935982947064e-16,1.0,0.0,0.0,0.0,23.450000000000003,48.95,100.0,48.5,-5.525,3.1828156,0.0,4.475,18.84814812,27.535714285714285,27.65,27.0,27.25714285714286,27.683333333333334,-12.39800003,-0.1234126614285706,0.1834285714285712,6.518571428571429,6.934666666666667,19.09298941714286,6.490634920634924,4.5058985,4.544691,4.4920263,4.4070234,4.469001,0,2.0,0,0.5,-0.91,22.5,77.5
2022-12-03 00:30:00,138.88277788333,92.844063855556,92.852952416666,18.84814812,6.934666666666667,27.683333333333334,2,5.1764362714980825,70.66250196097344,0,5,12,0.0,1.0,-0.9749279121818236,-0.2225209339563146,-2.4492935982947064e-16,1.0,0.0,0.0,0.0,24.3,51.1,100.0,48.0,-5.449999999999999,3.1867757,0.0,4.65,19.06666668,27.5,27.535714285714285,27.65,27.0,27.6,-11.913481453333334,-0.2518519099999992,0.2326666666666668,6.702,7.033333333333333,19.05718694714286,6.7184126984127,4.469001,4.5058985,4.544691,4.4920263,4.5134015,0,2.0,1,0.5,-0.97,24.8,75.2
2022-12-03 00:45:00,87.027629905554,37.539609488888,37.544887111108,19.06666668,7.033333333333333,27.6,1,5.1764362714980825,70.66250196097344,0,5,12,0.0,1.0,-0.9749279121818236,-0.2225209339563146,-2.4492935982947064e-16,1.0,0.0,0.0,0.0,25.15,53.25,100.0,47.5,-5.375,3.1903403,0.0,4.825,19.08518519,27.683333333333334,27.5,27.535714285714285,27.65,27.03333333333333,-12.033333346666668,0.2185185599999997,0.0986666666666664,6.934666666666667,6.8646666666666665,19.004938276666667,6.890000000000003,4.5134015,4.469001,4.5058985,4.544691,4.425567,0,2.0,1,0.5,-0.92,22.8,77.2
2022-12-03 01:00:00,80.187903572218,27.352516955556,27.359183438886,19.08518519,6.8646666666666665,27.03333333333333,1,5.1764362714980825,70.66250196097344,1,5,12,0.2588190451025207,0.9659258262890684,-0.9749279121818236,-0.2225209339563146,-2.4492935982947064e-16,1.0,0.0,0.0,0.0,26.0,55.4,100.0,47.0,-5.3,3.1935015,0.0,5.0,18.93333333,27.6,27.683333333333334,27.5,27.535714285714285,27.35,-12.220518523333334,0.0185185099999998,-0.1686666666666667,7.033333333333333,6.883333333333334,18.99999999666667,6.944222222222224,4.425567,4.5134015,4.469001,4.5058985,4.4374623,0,1.0,0,0.75,-0.92,22.8,77.2
2022-12-03 01:15:00,135.214035772218,87.632883477776,87.644827516662,18.93333333,6.883333333333334,27.35,2,5.1764362714980825,70.66250196097344,1,5,12,0.2588190451025207,0.9659258262890684,-0.9749279121818236,-0.2225209339563146,-2.4492935982947064e-16,1.0,0.0,0.0,0.0,26.625,57.025,100.0,47.0,-5.25,3.2040682,0.0,5.05,19.130952395714285,27.03333333333333,27.6,27.683333333333334,27.5,27.303571428571427,-12.049999996666669,-0.1518518600000007,0.0186666666666672,6.8646666666666665,6.95,19.028395066666665,6.927111111111114,4.4374623,4.425567,4.5134015,4.469001,4.481887,0,0.0,1,1.0,-0.95,24.1,75.9
2022-12-03 01:30:00,57.235488388884,0.0,0.0,19.130952395714285,6.95,27.303571428571427,0,5.1764362714980825,70.66250196097344,1,5,12,0.2588190451025207,0.9659258262890684,-0.9749279121818236,-0.2225209339563146,-2.4492935982947064e-16,1.0,0.0,0.0,0.0,27.25,58.65,100.0,47.0,-5.199999999999999,3.2146652,0.0,5.1,18.96111111,27.35,27.03333333333333,27.6,27.683333333333334,27.05,-12.180952395714286,0.1976190657142851,0.0666666666666664,6.883333333333334,7.0280000000000005,19.04982363857143,6.899333333333336,4.481887,4.4374623,4.425567,4.5134015,4.3959928,1,1.0,1,0.75,-0.9,22.3,77.7
2022-12-03 01:45:00,137.451446205554,79.930136,79.940413388888,18.96111111,7.0280000000000005,27.05,2,5.1764362714980825,70.66250196097344,1,5,12,0.2588190451025207,0.9659258262890684,-0.9749279121818236,-0.2225209339563146,-2.4492935982947064e-16,1.0,0.0,0.0,0.0,27.875,60.275,100.0,47.0,-5.15,3.2252939,0.0,5.15,19.04259256,27.303571428571427,27.35,27.03333333333333,27.6,27.28333333333333,-11.93311111,-0.1698412857142841,0.0780000000000002,6.95,7.131333333333333,19.008465611904764,6.9537777777777805,4.3959928,4.481887,4.4374623,4.425567,4.4552855,0,1.0,1,0.75,-0.95,23.9,76.1
2022-12-03 02:00:00,83.944697811104,44.266284844444,44.27406238333,19.04259256,7.131333333333333,27.28333333333333,1,5.1764362714980825,70.66250196097344,2,5,12,0.4999999999999999,0.8660254037844387,-0.9749279121818236,-0.2225209339563146,-2.4492935982947064e-16,1.0,0.0,0.0,0.0,28.5,61.9,100.0,47.0,-5.1,3.235952,0.0,5.2,19.12222221,27.05,27.303571428571427,27.35,27.03333333333333,27.05,-11.911259226666663,0.0814814499999982,0.1033333333333326,7.0280000000000005,7.0633333333333335,19.044885355238097,7.036444444444446,4.4552855,4.3959928,4.481887,4.4374623,4.437978,0,1.0,1,0.75,-0.93,23.1,76.9
2022-12-03 02:15:00,62.462779355548,22.241332527778,22.246610149998,19.12222221,7.0633333333333335,27.05,1,5.1764362714980825,70.66250196097344,2,5,12,0.4999999999999999,0.8660254037844387,-0.9749279121818236,-0.2225209339563146,-2.4492935982947064e-16,1.0,0.0,0.0,0.0,28.225,61.55,100.0,48.5,-4.75,3.3337238,0.0,5.175,18.96481483666667,27.28333333333333,27.05,27.303571428571427,27.35,27.65,-12.058888876666668,0.0796296500000011,-0.0679999999999996,7.131333333333333,7.191333333333334,19.041975293333337,7.074222222222225,4.437978,4.4552855,4.3959928,4.481887,4.4944825,0,1.0,0,0.75,-0.91,22.4,77.6
2022-12-03 02:30:00,154.620759538882,104.244163433332,104.254996349998,18.96481483666667,7.191333333333334,27.65,2,5.1764362714980825,70.66250196097344,2,5,12,0.4999999999999999,0.8660254037844387,-0.9749279121818236,-0.2225209339563146,-2.4492935982947064e-16,1.0,0.0,0.0,0.0,27.95,61.2,100.0,50.0,-4.4,3.4311635,0.0,5.15,19.18888892,27.05,27.28333333333333,27.05,27.303571428571427,27.65,-11.773481503333336,-0.1574073733333314,0.1280000000000001,7.0633333333333335,7.2266666666666675,19.04320986888889,7.1286666666666685,4.4944825,4.437978,4.4552855,4.3959928,4.554279,0,0.0,1,1.0,-0.94,23.7,76.3
2022-12-03 02:45:00,57.601862699992,0.0,0.0,19.18888892,7.2266666666666675,27.65,0,5.1764362714980825,70.66250196097344,2,5,12,0.4999999999999999,0.8660254037844387,-0.9749279121818236,-0.2225209339563146,-2.4492935982947064e-16,1.0,0.0,0.0,0.0,27.675,60.85,100.0,51.5,-4.05,3.528271,0.0,5.125,19.00925929,27.65,27.05,27.28333333333333,27.05,27.683333333333334,-11.962222253333334,0.2240740833333312,0.0353333333333338,7.191333333333334,6.9446666666666665,19.091975322222225,7.160444444444448,4.554279,4.4944825,4.437978,4.4552855,4.511722,1,1.0,1,0.75,-0.89,21.7,78.3
2022-12-03 03:00:00,408.90725422222,47.373382755556,47.382271349998,19.00925929,6.9446666666666665,27.683333333333334,1,5.1764362714980825,70.66250196097344,3,5,12,0.7071067811865476,0.7071067811865476,-0.9749279121818236,-0.2225209339563146,-2.4492935982947064e-16,1.0,0.0,0.0,0.0,27.4,60.5,100.0,53.0,-3.7,3.625048,0.0,5.1,18.98974359076923,27.65,27.65,27.05,27.28333333333333,28.338461538461537,-12.064592623333333,-0.1796296300000008,-0.2820000000000009,7.2266666666666675,6.6038461538461535,19.05432101555556,7.120888888888892,4.511722,4.554279,4.4944825,4.437978,4.613175,0,1.0,1,0.75,-0.93,23.3,76.7
2022-12-03 03:15:00,104.174721794442,63.791059372222,63.799947966664,18.98974359076923,6.6038461538461535,28.338461538461537,1,5.1764362714980825,70.66250196097344,3,5,12,0.7071067811865476,0.7071067811865476,-0.9749279121818236,-0.2225209339563146,-2.4492935982947064e-16,1.0,0.0,0.0,0.0,27.3,60.225,100.0,54.25,-3.4000000000000004,3.7105443,0.0,5.1,19.166666650000003,27.683333333333334,27.65,27.65,27.05,28.5,-12.385897436923075,-0.0195156992307694,-0.340820512820513,6.9446666666666665,6.9093333333333335,19.06263060025641,6.925059829059831,4.613175,4.511722,4.554279,4.4944825,4.6881404,0,1.0,0,0.75,-0.93,23.3,76.7
2022-12-03 03:30:00,48.116408699996,0.0,0.0,19.166666650000003,6.9093333333333335,28.5,0,5.1764362714980825,70.66250196097344,3,5,12,0.7071067811865476,0.7071067811865476,-0.9749279121818236,-0.2225209339563146,-2.4492935982947064e-16,1.0,0.0,0.0,0.0,27.2,59.95,100.0,55.5,-3.1,3.796041,0.0,5.1,18.97222223,28.338461538461537,27.683333333333334,27.65,27.65,28.55,-12.25733331666667,0.1769230592307735,0.30548717948718,6.6038461538461535,7.174,19.05522317692308,6.8192820512820544,4.6881404,4.613175,4.511722,4.554279,4.6428065,1,2.0,1,0.5,-0.89,21.7,78.3
2022-12-03 03:45:00,143.254825227774,103.301978855556,103.315033916666,18.97222223,7.174,28.55,2,5.1764362714980825,70.66250196097344,3,5,12,0.7071067811865476,0.7071067811865476,-0.9749279121818236,-0.2225209339563146,-2.4492935982947064e-16,1.0,0.0,0.0,0.0,27.1,59.675,100.0,56.75,-2.8,3.8815377,0.0,5.1,19.12592596,28.5,28.338461538461537,27.683333333333334,27.65,28.78333333333333,-11.79822223,-0.1944444200000035,0.2646666666666668,6.9093333333333335,7.460666666666667,19.04287749025641,6.895726495726499,4.6428065,4.6881404,4.613175,4.511722,4.72339,0,1.0,1,0.75,-0.93,23.4,76.6
2022-12-03 04:00:00,73.581501172218,27.001975444444,27.006975294442,19.12592596,7.460666666666667,28.78333333333333,1,5.1764362714980825,70.66250196097344,4,5,12,0.8660254037844386,0.5000000000000001,-0.9749279121818236,-0.2225209339563146,-2.4492935982947064e-16,1.0,0.0,0.0,0.0,27.0,59.4,100.0,58.0,-2.5,3.9670334,0.0,5.1,19.142063487142856,28.55,28.5,28.338461538461537,27.683333333333334,28.5,-11.665259293333332,0.1537037300000001,0.2866666666666662,7.174,7.413571428571428,19.088271613333337,7.181333333333336,4.72339,4.6428065,4.6881404,4.613175,4.681347,0,1.0,1,0.75,-0.9,22.0,78.0
2022-12-03 04:15:00,73.046244650002,15.135783394446,15.1393944,19.142063487142856,7.413571428571428,28.5,1,5.1764362714980825,70.66250196097344,4,5,12,0.8660254037844386,0.5000000000000001,-0.9749279121818236,-0.2225209339563146,-2.4492935982947064e-16,1.0,0.0,0.0,0.0,25.3,58.775,100.0,58.5,-2.25,4.0410323,0.025,5.25,18.9759259,28.78333333333333,28.55,28.5,28.338461538461537,28.683333333333334,-11.728492058571428,0.0161375271428561,-0.0470952380952383,7.460666666666667,7.272,19.08007055904762,7.349412698412702,4.681347,4.72339,4.6428065,4.6881404,4.665509,0,1.0,0,0.75,-0.9,21.9,78.1
2022-12-03 04:30:00,159.671668427778,108.846201527778,108.85953436111,18.9759259,7.272,28.683333333333334,2,5.1764362714980825,70.66250196097344,4,5,12,0.8660254037844386,0.5000000000000001,-0.9749279121818236,-0.2225209339563146,-2.4492935982947064e-16,1.0,0.0,0.0,0.0,23.6,58.15,100.0,59.0,-2.0,4.11606,0.05,5.4,19.17777779,28.5,28.78333333333333,28.55,28.5,29.05,-11.7039259,-0.1661375871428561,-0.141571428571428,7.413571428571428,6.474,19.081305115714287,7.382079365079368,4.665509,4.681347,4.72339,4.6428065,4.7817435,0,0.0,1,1.0,-0.93,23.4,76.6
2022-12-03 04:45:00,47.268942616662,0.0,0.0,19.17777779,6.474,29.05,0,5.1764362714980825,70.66250196097344,4,5,12,0.8660254037844386,0.5000000000000001,-0.9749279121818236,-0.2225209339563146,-2.4492935982947064e-16,1.0,0.0,0.0,0.0,21.9,57.525,100.0,59.5,-1.75,4.1921277,0.075,5.55,19.06111109,28.683333333333334,28.5,28.78333333333333,28.55,29.65,-12.70377779,0.2018518900000003,-0.798,7.272,5.689333333333334,19.09858905904762,7.053190476190479,4.7817435,4.665509,4.681347,4.72339,4.8470483,1,1.0,1,0.75,-0.88,21.5,78.5
2022-12-03 05:00:00,105.131350094446,55.191681144444,55.198347577776,19.06111109,5.689333333333334,29.65,1,5.1764362714980825,70.66250196097344,5,5,12,0.9659258262890684,0.2588190451025207,-0.9749279121818236,-0.2225209339563146,-2.4492935982947064e-16,1.0,0.0,0.0,0.0,20.2,56.9,100.0,60.0,-1.5,4.269248,0.1,5.7,19.04444446,29.05,28.683333333333334,28.5,28.78333333333333,30.35,-13.371777756666669,-0.1166666999999996,-0.7846666666666664,6.474,5.549333333333333,19.071604926666662,6.478444444444446,4.8470483,4.7817435,4.665509,4.681347,4.9566054,0,1.0,1,0.75,-0.91,22.4,77.6
2022-12-03 05:15:00,110.134205522224,70.210802522224,70.220246644444,19.04444446,5.549333333333333,30.35,1,5.1764362714980825,70.66250196097344,5,5,12,0.9659258262890684,0.2588190451025207,-0.9749279121818236,-0.2225209339563146,-2.4492935982947064e-16,1.0,0.0,0.0,0.0,19.925,53.575,100.0,58.5,-1.625,4.2175264,0.125,5.9,19.20185186333333,29.65,29.05,28.683333333333334,28.5,30.5,-13.495111126666668,-0.0166666299999995,-0.1400000000000005,5.689333333333334,5.784666666666666,19.09444444666667,5.9042222222222245,4.9566054,4.8470483,4.7817435,4.665509,5.0275483,0,1.0,0,0.75,-0.91,22.4,77.6
2022-12-03 05:30:00,50.937406938886,0.0,0.0,19.20185186333333,5.784666666666666,30.5,0,5.1764362714980825,70.66250196097344,5,5,12,0.9659258262890684,0.2588190451025207,-0.9749279121818236,-0.2225209339563146,-2.4492935982947064e-16,1.0,0.0,0.0,0.0,19.65,50.25,100.0,57.0,-1.75,4.1636014,0.15,6.1,18.97777778,30.35,29.65,29.05,28.683333333333334,30.85,-13.417185196666663,0.1574074033333303,0.2353333333333331,5.549333333333333,5.996,19.102469137777778,5.674444444444447,5.0275483,4.9566054,4.8470483,4.7817435,5.0184784,1,2.0,1,0.5,-0.87,21.0,79.0
2022-12-03 05:45:00,174.097480338886,105.03052086111,105.042187077776,18.97777778,5.996,30.85,2,5.1764362714980825,70.66250196097344,5,5,12,0.9659258262890684,0.2588190451025207,-0.9749279121818236,-0.2225209339563146,-2.4492935982947064e-16,1.0,0.0,0.0,0.0,19.375,46.925,100.0,55.5,-1.875,4.1074314,0.175,6.3,19.13703702333333,30.5,30.35,29.65,29.05,31.183333333333334,-12.981777780000002,-0.2240740833333312,0.2113333333333331,5.784666666666666,6.024666666666667,19.074691367777778,5.776666666666668,5.0184784,5.0275483,4.9566054,4.8470483,5.120588,0,1.0,1,0.75,-0.92,22.9,77.1
2022-12-03 06:00:00,54.937524644444,0.0,0.0,19.13703702333333,6.024666666666667,31.183333333333334,0,5.1764362714980825,70.66250196097344,6,5,12,1.0,6.123233995736766e-17,-0.9749279121818236,-0.2225209339563146,-2.4492935982947064e-16,1.0,0.0,0.0,0.0,19.1,43.6,100.0,54.0,-2.0,4.048972,0.2,6.5,19.05555555,30.85,30.5,30.35,29.65,31.85,-13.112370356666668,0.1592592433333344,0.028666666666667,5.996,6.047333333333333,19.10555555555556,5.935111111111113,5.120588,5.0184784,5.0275483,4.9566054,5.2049885,1,2.0,1,0.5,-0.88,21.5,78.5
2022-12-03 06:15:00,81.47951845555599,41.31862493889,41.325291372222,19.05555555,6.047333333333333,31.85,1,5.1764362714980825,70.66250196097344,6,5,12,1.0,6.123233995736766e-17,-0.9749279121818236,-0.2225209339563146,-2.4492935982947064e-16,1.0,0.0,0.0,0.0,19.200000000000003,42.875,100.0,61.5,-0.875,4.499667,0.525,6.125,18.998148166666667,31.183333333333334,30.85,30.5,30.35,32.0,-13.008222216666669,-0.0814814733333335,0.0226666666666659,6.024666666666667,6.174666666666667,19.05679011777778,6.022666666666669,5.2049885,5.120588,5.0184784,5.0275483,5.2118163,0,2.0,1,0.5,-0.9,22.0,78.0
2022-12-03 06:30:00,132.591918461106,82.253654205554,82.26420938333,18.998148166666667,6.174666666666667,32.0,2,5.1764362714980825,70.66250196097344,6,5,12,1.0,6.123233995736766e-17,-0.9749279121818236,-0.2225209339563146,-2.4492935982947064e-16,1.0,0.0,0.0,0.0,19.3,42.150000000000006,100.0,69.0,0.25,4.9257865,0.8500000000000001,5.75,19.18888889,31.85,31.183333333333334,30.85,30.5,32.4,-12.8234815,-0.0574073833333343,0.1273333333333344,6.047333333333333,6.416666666666667,19.06358024666667,6.082222222222224,5.2118163,5.2049885,5.120588,5.0184784,5.33666,0,1.0,1,0.75,-0.91,22.5,77.5
2022-12-03 06:45:00,45.510401861106,0.0,0.0,19.18888889,6.416666666666667,32.4,0,5.1764362714980825,70.66250196097344,6,5,12,1.0,6.123233995736766e-17,-0.9749279121818236,-0.2225209339563146,-2.4492935982947064e-16,1.0,0.0,0.0,0.0,19.4,41.425,100.0,76.5,1.375,5.328144,1.175,5.375,19.025925933333333,32.0,31.85,31.183333333333334,30.85,32.96666666666667,-12.77222222333333,0.1907407233333309,0.242,6.174666666666667,6.545333333333333,19.080864202222227,6.212888888888891,5.33666,5.2118163,5.2049885,5.120588,5.3780656,1,2.0,1,0.5,-0.86,20.8,79.2
2022-12-03 07:00:00,145.087251811112,93.744583416666,93.757082949998,19.025925933333333,6.545333333333333,32.96666666666667,2,5.1764362714980825,70.66250196097344,7,5,12,0.9659258262890684,-0.2588190451025206,-0.9749279121818236,-0.2225209339563146,-2.4492935982947064e-16,1.0,0.0,0.0,0.0,19.5,40.7,100.0,84.0,2.5,5.7075343,1.5,5.0,19.13888886,32.4,32.0,31.85,31.183333333333334,33.05,-12.4805926,-0.1629629566666643,0.1286666666666658,6.416666666666667,6.760666666666666,19.07098766333333,6.378888888888891,5.3780656,5.33666,5.2118163,5.2049885,5.4277034,0,1.0,1,0.75,-0.9,22.1,77.9
2022-12-03 07:15:00,88.615066372222,25.211491516666,25.216213594442,19.13888886,6.760666666666666,33.05,1,5.1764362714980825,70.66250196097344,7,5,12,0.9659258262890684,-0.2588190451025206,-0.9749279121818236,-0.2225209339563146,-2.4492935982947064e-16,1.0,0.0,0.0,0.0,21.25,42.400000000000006,100.0,87.75,2.975,5.913263,1.875,4.875,19.140740726666667,32.96666666666667,32.4,32.0,31.85,33.65,-12.378222193333336,0.1129629266666683,0.2153333333333336,6.545333333333333,7.056,19.11790122777778,6.574222222222225,5.4277034,5.3780656,5.33666,5.2118163,5.526842,0,1.0,1,0.75,-0.87,21.1,78.9
2022-12-03 07:30:00,61.628923644444,16.779328849998002,16.784050927774,19.140740726666667,7.056,33.65,1,5.1764362714980825,70.66250196097344,7,5,12,0.9659258262890684,-0.2588190451025206,-0.9749279121818236,-0.2225209339563146,-2.4492935982947064e-16,1.0,0.0,0.0,0.0,23.0,44.1,100.0,91.5,3.45,6.115167,2.25,4.75,18.95555556,33.05,32.96666666666667,32.4,32.0,34.0,-12.084740726666666,0.0018518666666658,0.2953333333333336,6.760666666666666,7.456,19.10185184,6.787333333333335,5.526842,5.4277034,5.3780656,5.33666,5.523649,0,1.0,0,0.75,-0.87,20.9,79.1
2022-12-03 07:45:00,139.405534588892,99.636569911112,99.649625005554,18.95555556,7.456,34.0,2,5.1764362714980825,70.66250196097344,7,5,12,0.9659258262890684,-0.2588190451025206,-0.9749279121818236,-0.2225209339563146,-2.4492935982947064e-16,1.0,0.0,0.0,0.0,24.75,45.8,100.0,95.25,3.925,6.3132873,2.625,4.625,19.19999998,33.65,33.05,32.96666666666667,32.4,34.18333333333333,-11.49955556,-0.1851851666666668,0.4000000000000003,7.056,7.632000000000001,19.07839504888889,7.090888888888891,5.523649,5.526842,5.4277034,5.3780656,5.6340837,0,0.0,1,1.0,-0.91,22.5,77.5
2022-12-03 08:00:00,57.7985213,0.0,0.0,19.19999998,7.632000000000001,34.18333333333333,0,5.1764362714980825,70.66250196097344,8,5,12,0.8660254037844387,-0.4999999999999998,-0.9749279121818236,-0.2225209339563146,-2.4492935982947064e-16,1.0,0.0,0.0,0.0,26.5,47.5,100.0,99.0,4.4,6.5076694,3.0,4.5,19.024999963571428,34.0,33.65,33.05,32.96666666666667,34.57857142857143,-11.567999979999996,0.2444444199999971,0.1760000000000001,7.456,7.862857142857143,19.098765422222225,7.381333333333337,5.6340837,5.523649,5.526842,5.4277034,5.6407185,1,1.0,1,0.75,-0.85,20.3,79.7
2022-12-03 08:15:00,128.3182004,0.0,0.0,19.024999963571428,7.862857142857143,34.57857142857143,0,5.1764362714980825,70.66250196097344,8,5,12,0.8660254037844387,-0.4999999999999998,-0.9749279121818236,-0.2225209339563146,-2.4492935982947064e-16,1.0,0.5,0.125,0.0416666666666666,26.35,49.575,100.0,99.0,4.4750000000000005,6.540126,2.475,4.575,18.79999997,34.18333333333333,34.0,33.65,33.05,35.8,-11.162142820714283,-0.1750000164285694,0.2308571428571424,7.632000000000001,8.103333333333333,19.060185167857146,7.650285714285716,5.6407185,5.6340837,5.523649,5.526842,5.762876,0,2.0,0,0.5,-0.89,21.7,78.3
2022-12-03 08:30:00,406.50346154444,0.0,0.0,18.79999997,8.103333333333333,35.8,0,5.1764362714980825,70.66250196097344,8,5,12,0.8660254037844387,-0.4999999999999998,-0.9749279121818236,-0.2225209339563146,-2.4492935982947064e-16,1.0,1.0,0.375,0.125,26.2,51.65,100.0,99.0,4.550000000000001,6.5727253,1.95,4.65,18.70555557,34.57857142857143,34.18333333333333,34.0,33.65,36.8,-10.696666636666665,-0.2249999935714299,0.2404761904761905,7.862857142857143,8.241333333333333,19.008333304523813,7.866063492063495,5.762876,5.6407185,5.6340837,5.523649,5.8908577,0,3.0,0,0.25,-0.94,23.5,76.5
2022-12-03 08:45:00,165.917252111104,103.789459388888,103.80195892222,18.70555557,8.241333333333333,36.8,2,5.1764362714980825,70.66250196097344,8,5,12,0.8660254037844387,-0.4999999999999998,-0.9749279121818236,-0.2225209339563146,-2.4492935982947064e-16,1.0,1.5,0.75,0.25,26.05,53.725,100.0,99.0,4.625,6.6054645,1.425,4.725,18.975925946666667,35.8,34.57857142857143,34.18333333333333,34.0,36.53333333333333,-10.464222236666668,-0.0944443999999968,0.1379999999999999,8.103333333333333,8.52,18.84351850119048,8.069174603174606,5.8908577,5.762876,5.6407185,5.6340837,5.9423566,0,3.0,1,0.25,-0.95,24.2,75.8
2022-12-03 09:00:00,99.410190166664,44.930147188888,44.936813638886,18.975925946666667,8.52,36.53333333333333,1,5.1764362714980825,70.66250196097344,9,5,12,0.7071067811865476,-0.7071067811865475,-0.9749279121818236,-0.2225209339563146,-2.4492935982947064e-16,1.0,2.0,1.25,0.4166666666666667,25.9,55.8,100.0,99.0,4.7,6.638348,0.9,4.8,19.03333334,36.8,35.8,34.57857142857143,34.18333333333333,36.55,-10.455925946666667,0.2703703766666656,0.2786666666666662,8.241333333333333,8.836666666666668,18.82716049555556,8.288222222222226,5.9423566,5.8908577,5.762876,5.6407185,5.9652443,0,2.0,1,0.5,-0.89,21.8,78.2
2022-12-03 09:15:00,47.890028888884,0.0,0.0,19.03333334,8.836666666666668,36.55,0,5.1764362714980825,70.66250196097344,9,5,12,0.7071067811865476,-0.7071067811865475,-0.9749279121818236,-0.2225209339563146,-2.4492935982947064e-16,1.0,5.0,2.375,0.8333333333333334,26.15,55.9,100.0,96.5,4.7,6.6549945,0.7250000000000001,5.225,18.803703676666665,36.53333333333333,36.8,35.8,34.57857142857143,36.96666666666667,-10.196666673333334,0.0574073933333352,0.3166666666666682,8.52,9.118666666666666,18.90493828555556,8.53266666666667,5.9652443,5.9423566,5.8908577,5.762876,5.9519815,1,2.0,1,0.5,-0.88,21.3,78.7
2022-12-03 09:30:00,95.915607655556,52.015419283334,52.023752316666,18.803703676666665,9.118666666666666,36.96666666666667,1,5.1764362714980825,70.66250196097344,9,5,12,0.7071067811865476,-0.7071067811865475,-0.9749279121818236,-0.2225209339563146,-2.4492935982947064e-16,1.0,8.0,4.125,1.5,26.4,56.0,100.0,94.0,4.7,6.666549,0.55,5.65,18.8222222,36.55,36.53333333333333,36.8,35.8,37.0,-9.68503701,-0.2296296633333376,0.2819999999999982,8.836666666666668,9.447333333333336,18.93765432111111,8.825111111111113,5.9519815,5.9652443,5.9423566,5.8908577,5.963873,0,1.0,1,0.75,-0.93,23.2,76.8
2022-12-03 09:45:00,133.461050244444,72.805421,72.81430956111,18.8222222,9.447333333333336,37.0,2,5.1764362714980825,70.66250196097344,9,5,12,0.7071067811865476,-0.7071067811865475,-0.9749279121818236,-0.2225209339563146,-2.4492935982947064e-16,1.0,11.0,6.5,2.4166666666666665,26.65,56.1,100.0,91.5,4.7,6.6727433,0.3750000000000001,6.075,19.000000006666667,36.96666666666667,36.55,36.53333333333333,36.8,37.18333333333333,-9.374888866666664,0.0185185233333342,0.3286666666666686,9.118666666666666,9.646666666666668,18.88641973888889,9.134222222222226,5.963873,5.9519815,5.9652443,5.9423566,6.056685,0,1.0,1,0.75,-0.92,23.1,76.9
2022-12-03 10:00:00,63.215249105554,0.0,0.0,19.000000006666667,9.646666666666668,37.18333333333333,0,5.1764362714980825,70.66250196097344,10,5,12,0.4999999999999999,-0.8660254037844387,-0.9749279121818236,-0.2225209339563146,-2.4492935982947064e-16,1.0,14.0,9.5,3.583333333333333,26.9,56.2,100.0,89.0,4.7,6.673306,0.2,6.5,18.81666667,37.0,36.96666666666667,36.55,36.53333333333333,37.55,-9.35333334,0.1777778066666684,0.1993333333333318,9.447333333333336,9.890666666666666,18.87530862777778,9.404222222222224,6.056685,5.963873,5.9519815,5.9652443,6.050537,1,2.0,1,0.5,-0.88,21.4,78.6
2022-12-03 10:15:00,86.97624306111,34.721666644444,34.727777549997995,18.81666667,9.890666666666666,37.55,1,5.1764362714980825,70.66250196097344,10,5,12,0.4999999999999999,-0.8660254037844387,-0.9749279121818236,-0.2225209339563146,-2.4492935982947064e-16,1.0,37.5,17.625,6.708333333333333,27.35,57.35,100.0,86.5,4.775,6.689668,0.175,6.975,18.775925930000003,37.18333333333333,37.0,36.96666666666667,36.55,37.78333333333333,-8.926000003333334,-0.1833333366666671,0.2439999999999997,9.646666666666668,10.038666666666668,18.879629625555555,9.661555555555555,6.050537,6.056685,5.963873,5.9519815,6.0734906,0,1.0,1,0.75,-0.92,23.0,77.0
2022-12-03 10:30:00,161.55353763333198,107.280153072222,107.29348592222,18.775925930000003,10.038666666666668,37.78333333333333,2,5.1764362714980825,70.66250196097344,10,5,12,0.4999999999999999,-0.8660254037844387,-0.9749279121818236,-0.2225209339563146,-2.4492935982947064e-16,1.0,61.0,30.875,11.791666666666666,27.8,58.5,100.0,84.0,4.85,6.6996613,0.15,7.45,19.083333340000003,37.55,37.18333333333333,37.0,36.96666666666667,37.55,-8.737259263333335,-0.0407407399999968,0.1480000000000014,9.890666666666666,10.226,18.86419753555556,9.85866666666667,6.0734906,6.050537,6.056685,5.963873,6.1465554,0,1.0,1,0.75,-0.93,23.3,76.7
2022-12-03 10:45:00,48.985262877772,0.0,0.0,19.083333340000003,10.226,37.55,0,5.1764362714980825,70.66250196097344,10,5,12,0.4999999999999999,-0.8660254037844387,-0.9749279121818236,-0.2225209339563146,-2.4492935982947064e-16,1.0,84.5,49.25,18.83333333333333,28.25,59.65,100.0,81.5,4.925,6.702922,0.125,7.925000000000001,18.94999999,37.78333333333333,37.55,37.18333333333333,37.0,38.15,-8.857333340000004,0.3074074099999997,0.1873333333333313,10.038666666666668,10.478000000000002,18.891975313333337,10.05177777777778,6.1465554,6.0734906,6.050537,6.056685,6.195827,1,2.0,1,0.5,-0.86,20.7,79.3
2022-12-03 11:00:00,47.814754133328,0.0,0.0,18.94999999,10.478000000000002,38.15,0,5.1764362714980825,70.66250196097344,11,5,12,0.258819045102521,-0.9659258262890682,-0.9749279121818236,-0.2225209339563146,-2.4492935982947064e-16,1.0,108.0,72.75,27.83333333333333,28.7,60.8,100.0,79.0,5.0,6.6990757,0.1,8.4,18.78333331,37.55,37.78333333333333,37.55,37.18333333333333,38.45,-8.471999989999997,-0.1333333500000044,0.2520000000000024,10.226,10.734,18.936419753333336,10.24755555555556,6.195827,6.1465554,6.0734906,6.050537,6.183362,0,2.0,0,0.5,-0.89,21.7,78.3
2022-12-03 11:15:00,173.77332670555,110.492524588888,110.506412949998,18.78333331,10.734,38.45,2,5.1764362714980825,70.66250196097344,11,5,12,0.258819045102521,-0.9659258262890682,-0.9749279121818236,-0.2225209339563146,-2.4492935982947064e-16,1.0,97.5,87.75,35.916666666666664,28.975,61.075,92.0,78.5,5.1,6.7427025,0.1,8.6,19.062962953333333,38.15,37.55,37.78333333333333,37.55,38.21666666666667,-8.04933331,-0.1666666799999987,0.2559999999999984,10.478000000000002,11.018,18.938888880000004,10.479333333333336,6.183362,6.195827,6.1465554,6.0734906,6.2481704,0,2.0,1,0.5,-0.93,23.1,76.9
2022-12-03 11:30:00,86.405988272214,23.878489272222,23.882933594442,19.062962953333333,11.018,38.21666666666667,1,5.1764362714980825,70.66250196097344,11,5,12,0.258819045102521,-0.9659258262890682,-0.9749279121818236,-0.2225209339563146,-2.4492935982947064e-16,1.0,87.0,94.25,43.083333333333336,29.25,61.35,84.0,78.0,5.2,6.786197,0.1,8.8,19.12777776,38.45,38.15,37.55,37.78333333333333,38.55,-8.044962953333332,0.2796296433333332,0.2840000000000007,10.734,11.347333333333331,18.932098751111116,10.743333333333338,6.2481704,6.183362,6.195827,6.1465554,6.3268056,0,2.0,1,0.5,-0.86,20.7,79.3
2022-12-03 11:45:00,61.30338118333,0.0,0.0,19.12777776,11.347333333333331,38.55,0,5.1764362714980825,70.66250196097344,11,5,12,0.258819045102521,-0.9659258262890682,-0.9749279121818236,-0.2225209339563146,-2.4492935982947064e-16,1.0,76.5,92.25,49.333333333333336,29.525,61.625,76.0,77.5,5.300000000000001,6.829548,0.1,9.0,18.914814776666667,38.21666666666667,38.45,38.15,37.55,39.15,-7.7804444266666675,0.0648148066666678,0.3293333333333326,11.018,11.708666666666666,18.99135800777778,11.033111111111111,6.3268056,6.2481704,6.183362,6.195827,6.3450365,1,2.0,1,0.5,-0.85,20.1,79.9
2022-12-03 12:00:00,74.057037733328,11.748141188888,11.750918877776002,18.914814776666667,11.708666666666666,39.15,1,5.1764362714980825,70.66250196097344,12,5,12,1.2246467991473532e-16,-1.0,-0.9749279121818236,-0.2225209339563146,-2.4492935982947064e-16,1.0,66.0,81.75,54.66666666666666,29.8,61.9,68.0,77.0,5.4,6.872748,0.1,9.2,18.86666664,38.55,38.21666666666667,38.45,38.15,39.5,-7.206148110000001,-0.2129629833333339,0.3613333333333326,11.347333333333331,11.906666666666666,19.03518516333333,11.358000000000002,6.3450365,6.3268056,6.2481704,6.183362,6.3835807,0,1.0,1,0.75,-0.89,21.8,78.2
2022-12-03 12:15:00,169.217397566672,100.1151619,100.1243282,18.86666664,11.906666666666666,39.5,2,5.1764362714980825,70.66250196097344,12,5,12,1.2246467991473532e-16,-1.0,-0.9749279121818236,-0.2225209339563146,-2.4492935982947064e-16,1.0,133.75,90.8125,65.39583333333333,28.5,62.275,75.25,75.25,5.65,7.000343,0.075,9.85,19.144444473333333,39.15,38.55,38.21666666666667,38.45,39.68333333333333,-6.959999973333336,-0.0481481366666649,0.1980000000000004,11.708666666666666,11.758666666666668,18.96975305888889,11.654222222222224,6.3835807,6.3450365,6.3268056,6.2481704,6.519211,0,1.0,1,0.75,-0.9,22.2,77.8
2022-12-03 12:30:00,55.883042405554,0.0,0.0,19.144444473333333,11.758666666666668,39.68333333333333,0,5.1764362714980825,70.66250196097344,12,5,12,1.2246467991473532e-16,-1.0,-0.9749279121818236,-0.2225209339563146,-2.4492935982947064e-16,1.0,201.5,119.4375,81.52083333333333,27.200000000000003,62.65,82.5,73.5,5.9,7.1248937,0.05,10.5,19.03333334,39.5,39.15,38.55,38.21666666666667,40.75,-7.385777806666667,0.2777778333333316,-0.1479999999999997,11.906666666666666,11.141333333333334,18.97530863,11.791333333333336,6.519211,6.3835807,6.3450365,6.3268056,6.6507173,1,2.0,1,0.5,-0.84,19.7,80.3
2022-12-03 12:45:00,73.88676674444,0.0,0.0,19.03333334,11.141333333333334,40.75,0,5.1764362714980825,70.66250196097344,12,5,12,1.2246467991473532e-16,-1.0,-0.9749279121818236,-0.2225209339563146,-2.4492935982947064e-16,1.0,269.25,167.625,103.04166666666669,25.9,63.025,89.75,71.75,6.15,7.2459807,0.0249999999999999,11.15,18.803703676666665,39.68333333333333,39.5,39.15,38.55,41.65,-7.8920000066666685,-0.1111111333333312,-0.6173333333333328,11.758666666666668,10.95,19.01481481777778,11.602222222222224,6.6507173,6.519211,6.3835807,6.3450365,6.7060423,0,2.0,0,0.5,-0.86,20.5,79.5
2022-12-03 13:00:00,79.510152833332,11.088167572222,11.091223049998,18.803703676666665,10.95,41.65,1,5.1764362714980825,70.66250196097344,13,5,12,-0.2588190451025208,-0.9659258262890684,-0.9749279121818236,-0.2225209339563146,-2.4492935982947064e-16,1.0,337.0,235.375,129.95833333333334,24.6,63.4,97.0,70.0,6.4,7.363159,0.0,11.8,18.76111109,40.75,39.68333333333333,39.5,39.15,41.95,-7.853703676666665,-0.2296296633333376,-0.1913333333333344,11.141333333333334,10.888666666666667,18.99382716333333,11.283333333333337,6.7060423,6.6507173,6.519211,6.3835807,6.7373576,0,2.0,1,0.5,-0.9,22.3,77.7
2022-12-03 13:15:00,152.423347305554,91.292737044444,91.312458538886,18.76111109,10.888666666666667,41.95,2,5.1764362714980825,70.66250196097344,13,5,12,-0.2588190451025208,-0.9659258262890684,-0.9749279121818236,-0.2225209339563146,-2.4492935982947064e-16,1.0,296.75,276.125,151.5625,24.575000000000003,61.325,97.75,70.5,6.550000000000001,7.427348,0.025,11.825,19.105555560000003,41.65,40.75,39.68333333333333,39.5,41.71666666666667,-7.872444423333333,-0.0425925866666645,-0.0613333333333319,10.95,10.788666666666666,18.86604936888889,10.993333333333334,6.7373576,6.7060423,6.6507173,6.519211,6.8375516,0,2.0,1,0.5,-0.91,22.6,77.4
2022-12-03 13:30:00,79.649869477776,0.0,0.0,19.105555560000003,10.788666666666666,41.71666666666667,0,5.1764362714980825,70.66250196097344,13,5,12,-0.2588190451025208,-0.9659258262890684,-0.9749279121818236,-0.2225209339563146,-2.4492935982947064e-16,1.0,256.5,289.875,167.85416666666666,24.55,59.25,98.5,71.0,6.7,7.491719,0.05,11.85,18.99999998,41.95,41.65,40.75,39.68333333333333,42.4,-8.316888893333337,0.3444444700000026,-0.1000000000000014,10.888666666666667,10.638,18.890123442222222,10.87577777777778,6.8375516,6.7373576,6.7060423,6.6507173,6.9064126,1,2.0,1,0.5,-0.83,19.7,80.3
2022-12-03 13:45:00,86.427376233328,0.0,0.0,18.99999998,10.638,42.4,0,5.1764362714980825,70.66250196097344,13,5,12,-0.2588190451025208,-0.9659258262890684,-0.9749279121818236,-0.2225209339563146,-2.4492935982947064e-16,1.0,216.25,276.625,178.83333333333334,24.525,57.175,99.25,71.5,6.85,7.556269,0.075,11.875,18.84074070666667,41.71666666666667,41.95,41.65,40.75,42.6,-8.361999979999998,-0.1055555800000043,-0.150666666666666,10.788666666666666,10.46,18.95555554333333,10.77177777777778,6.9064126,6.8375516,6.7373576,6.7060423,6.8740335,0,2.0,0,0.5,-0.85,20.4,79.6
2022-12-03 14:00:00,171.562859477776,98.156073616666,98.185239149998,18.84074070666667,10.46,42.6,2,5.1764362714980825,70.66250196097344,14,5,12,-0.4999999999999997,-0.8660254037844388,-0.9749279121818236,-0.2225209339563146,-2.4492935982947064e-16,1.0,176.0,236.375,184.5,24.5,55.1,100.0,72.0,7.0,7.6210027,0.1,11.9,19.06666668,42.4,41.71666666666667,41.95,41.65,41.55,-8.380740706666668,-0.1592592733333298,-0.177999999999999,10.638,9.856666666666666,18.98209874888889,10.628888888888891,6.8740335,6.9064126,6.8375516,6.7373576,6.794632,0,2.0,1,0.5,-0.89,21.8,78.2
2022-12-03 14:15:00,87.392337533332,17.2034785,17.2168113,19.06666668,9.856666666666666,41.55,1,5.1764362714980825,70.66250196097344,14,5,12,-0.4999999999999997,-0.8660254037844388,-0.9749279121818236,-0.2225209339563146,-2.4492935982947064e-16,1.0,152.75,200.375,189.10416666666663,27.125,60.05,100.0,78.75,7.4,7.940422,0.55,11.125,19.105555576666667,42.6,42.4,41.71666666666667,41.95,40.38333333333333,-9.210000013333335,0.2259259733333323,-0.6033333333333353,10.46,9.669333333333332,18.96913578888889,10.318222222222223,6.794632,6.8740335,6.9064126,6.8375516,6.619013,0,2.0,1,0.5,-0.84,20.0,80.0
2022-12-03 14:30:00,72.420991927778,0.0,0.0,19.105555576666667,9.669333333333332,40.38333333333333,0,5.1764362714980825,70.66250196097344,14,5,12,-0.4999999999999997,-0.8660254037844388,-0.9749279121818236,-0.2225209339563146,-2.4492935982947064e-16,1.0,129.5,168.625,192.64583333333331,29.75,65.0,100.0,85.5,7.8,8.209938,1.0,10.35,18.88333331,41.55,42.6,42.4,41.71666666666667,40.0,-9.436222243333336,0.0388888966666662,-0.1873333333333331,9.856666666666666,9.118666666666666,19.004320987777778,9.995333333333337,6.619013,6.794632,6.8740335,6.9064126,6.4707537,1,2.0,1,0.5,-0.84,19.9,80.1
2022-12-03 14:45:00,94.10762454444,44.120179572222,44.136012305554,18.88333331,9.118666666666666,40.0,1,5.1764362714980825,70.66250196097344,14,5,12,-0.4999999999999997,-0.8660254037844388,-0.9749279121818236,-0.2225209339563146,-2.4492935982947064e-16,1.0,106.25,141.125,195.125,32.375,69.95,100.0,92.25,8.2,8.43309,1.45,9.575,18.93518516,40.38333333333333,41.55,42.6,42.4,39.81666666666667,-9.764666643333335,-0.222222266666666,-0.5506666666666664,9.669333333333332,8.258666666666667,19.018518522222227,9.548222222222224,6.4707537,6.619013,6.794632,6.8740335,6.460852,0,1.0,1,0.75,-0.89,21.9,78.1
2022-12-03 15:00:00,130.159793449998,81.241750183334,81.2617494,18.93518516,8.258666666666667,39.81666666666667,2,5.1764362714980825,70.66250196097344,15,5,12,-0.7071067811865471,-0.7071067811865479,-0.9749279121818236,-0.2225209339563146,-2.4492935982947064e-16,1.0,83.0,117.875,196.54166666666663,35.0,74.9,100.0,99.0,8.6,8.613251,1.9,8.8,19.13333335,40.0,40.38333333333333,41.55,42.6,38.4,-10.676518493333331,0.0518518499999984,-0.8599999999999994,9.118666666666666,7.866,18.974691348888893,9.015555555555558,6.460852,6.4707537,6.619013,6.794632,6.304253,0,1.0,1,0.75,-0.88,21.5,78.5
2022-12-03 15:15:00,62.308896277784,0.0,0.0,19.13333335,7.866,38.4,0,5.1764362714980825,70.66250196097344,15,5,12,-0.7071067811865471,-0.7071067811865479,-0.9749279121818236,-0.2225209339563146,-2.4492935982947064e-16,1.0,71.0,97.4375,191.3125,32.475,75.875,88.75,95.0,7.35,7.940114,1.4249999999999998,8.175,18.970370376666665,39.81666666666667,40.0,40.38333333333333,41.55,37.53333333333333,-11.26733335,0.1981481900000012,-0.392666666666666,8.258666666666667,7.615333333333334,18.983950606666667,8.414444444444447,6.304253,6.460852,6.4707537,6.619013,6.103013,1,2.0,1,0.5,-0.85,20.1,79.9
2022-12-03 15:30:00,107.922349666664,41.628057027778,41.643889727778,18.970370376666665,7.615333333333334,37.53333333333333,1,5.1764362714980825,70.66250196097344,15,5,12,-0.7071067811865471,-0.7071067811865479,-0.9749279121818236,-0.2225209339563146,-2.4492935982947064e-16,1.0,59.0,79.8125,179.4375,29.95,76.85,77.5,91.0,6.1,7.305101,0.95,7.550000000000001,18.94999998,38.4,39.81666666666667,40.0,40.38333333333333,37.4,-11.355037043333333,-0.1629629733333359,-0.2506666666666666,7.866,7.140666666666666,19.012962962222225,7.913333333333337,6.103013,6.304253,6.460852,6.4707537,6.0740213,0,1.0,1,0.75,-0.89,21.6,78.4
2022-12-03 15:45:00,154.391601872222,93.174606233332,93.194883188888,18.94999998,7.140666666666666,37.4,2,5.1764362714980825,70.66250196097344,15,5,12,-0.7071067811865471,-0.7071067811865479,-0.9749279121818236,-0.2225209339563146,-2.4492935982947064e-16,1.0,47.0,65.0,160.91666666666666,27.425,77.825,66.25,87.0,4.85,6.706497,0.4750000000000001,6.925,19.131481493333336,37.53333333333333,38.4,39.81666666666667,40.0,36.38333333333333,-11.809333313333331,-0.0203703966666672,-0.4746666666666677,7.615333333333334,6.8100000000000005,19.01790123555556,7.540666666666669,6.0740213,6.103013,6.304253,6.460852,5.9725184,0,1.0,1,0.75,-0.89,21.8,78.2
2022-12-03 16:00:00,411.63408956111,0.0,0.0,19.131481493333336,6.8100000000000005,36.38333333333333,0,5.1764362714980825,70.66250196097344,16,5,12,-0.8660254037844385,-0.5000000000000004,-0.9749279121818236,-0.2225209339563146,-2.4492935982947064e-16,1.0,35.0,53.0,135.75,24.9,78.8,55.0,83.0,3.6,6.142645,0.0,6.3,18.95555556,37.4,37.53333333333333,38.4,39.81666666666667,35.75,-12.321481493333335,0.1814815133333382,-0.3306666666666658,7.140666666666666,6.645333333333334,19.017283950000003,7.18866666666667,5.9725184,6.0740213,6.103013,6.304253,5.807955,1,2.0,1,0.5,-0.86,20.5,79.5
2022-12-03 16:15:00,123.567834938886,55.533056388888,55.556388855552,18.95555556,6.645333333333334,35.75,1,5.1764362714980825,70.66250196097344,16,5,12,-0.8660254037844385,-0.5000000000000004,-0.9749279121818236,-0.2225209339563146,-2.4492935982947064e-16,1.0,46.5,46.875,114.89583333333331,23.475,72.25,48.0,80.0,2.925,5.8628125,0.0,6.15,18.97037037333333,36.38333333333333,37.4,37.53333333333333,38.4,36.43333333333333,-12.310222226666667,-0.1759259333333354,-0.1646666666666663,6.8100000000000005,6.5233333333333325,19.012345677777777,6.865333333333336,5.807955,5.9725184,6.0740213,6.103013,5.9241495,0,1.0,1,0.75,-0.9,22.1,77.9
2022-12-03 16:30:00,181.505795027778,115.874809272222,115.907863533332,18.97037037333333,6.5233333333333325,36.43333333333333,2,5.1764362714980825,70.66250196097344,16,5,12,-0.8660254037844385,-0.5000000000000004,-0.9749279121818236,-0.2225209339563146,-2.4492935982947064e-16,1.0,58.0,46.625,98.35416666666669,22.05,65.7,41.0,77.0,2.25,5.58779,0.0,6.0,19.208333345000003,35.75,36.38333333333333,37.4,37.53333333333333,35.775,-12.447037039999998,0.0148148133333307,-0.1220000000000016,6.645333333333334,6.46,19.01913580888889,6.659555555555559,5.9241495,5.807955,5.9725184,6.0740213,5.8993177,0,1.0,1,0.75,-0.89,21.9,78.1
2022-12-03 16:45:00,81.82478254444,0.0,0.0,19.208333345000003,6.46,35.775,0,5.1764362714980825,70.66250196097344,16,5,12,-0.8660254037844385,-0.5000000000000004,-0.9749279121818236,-0.2225209339563146,-2.4492935982947064e-16,1.0,69.5,52.25,86.125,20.625,59.150000000000006,34.0,74.0,1.5750000000000002,5.3175187,0.0,5.85,19.025000015,36.43333333333333,35.75,36.38333333333333,37.4,35.175,-12.748333345000002,0.237962971666672,-0.0633333333333325,6.5233333333333325,6.3293333333333335,19.04475309277778,6.542888888888892,5.8993177,5.9241495,5.807955,5.9725184,5.738012,1,2.0,1,0.5,-0.84,19.9,80.1
2022-12-03 17:00:00,128.400141672218,38.49318246111,38.517625966664,19.025000015,6.3293333333333335,35.175,1,5.1764362714980825,70.66250196097344,17,5,12,-0.9659258262890684,-0.2588190451025206,-0.9749279121818236,-0.2225209339563146,-2.4492935982947064e-16,1.0,81.0,63.75,78.20833333333333,19.2,52.6,27.0,71.0,0.9,5.0519433,0.0,5.7,18.94444442,35.775,36.43333333333333,35.75,36.38333333333333,35.3,-12.695666681666664,-0.1833333300000035,-0.1306666666666665,6.46,5.926666666666667,19.06790124444445,6.437555555555558,5.738012,5.8993177,5.9241495,5.807955,5.7310867,0,1.0,1,0.75,-0.89,21.6,78.4
2022-12-03 17:15:00,208.185838916666,131.068645944444,131.106977777776,18.94444442,5.926666666666667,35.3,2,5.1764362714980825,70.66250196097344,17,5,12,-0.9659258262890684,-0.2588190451025206,-0.9749279121818236,-0.2225209339563146,-2.4492935982947064e-16,1.0,62.25,67.6875,70.66666666666667,18.975,49.45,44.0,69.5,0.475,4.896687,0.0,5.55,19.16111111,35.175,35.775,36.43333333333333,35.75,34.85,-13.017777753333334,-0.0805555949999998,-0.4026666666666667,6.3293333333333335,5.503333333333333,19.05925926,6.23866666666667,5.7310867,5.738012,5.8993177,5.9241495,5.7308145,0,1.0,1,0.75,-0.91,22.3,77.7
2022-12-03 17:30:00,68.87752262222,15.846866083334,15.856032433332,19.16111111,5.503333333333333,34.85,1,5.1764362714980825,70.66250196097344,17,5,12,-0.9659258262890684,-0.2588190451025206,-0.9749279121818236,-0.2225209339563146,-2.4492935982947064e-16,1.0,43.5,64.0625,63.5,18.75,46.3,61.0,68.0,0.0499999999999999,4.7439337,0.0,5.4,19.14444444,35.3,35.175,35.775,36.43333333333333,34.55,-13.657777776666666,0.2166666900000002,-0.4233333333333338,5.926666666666667,5.076666666666667,19.043518515,5.919777777777781,5.7308145,5.7310867,5.738012,5.8993177,5.675902,0,1.0,1,0.75,-0.86,20.5,79.5
2022-12-03 17:45:00,90.955806088888,36.091334055556,36.097167188888,19.14444444,5.076666666666667,34.55,1,5.1764362714980825,70.66250196097344,17,5,12,-0.9659258262890684,-0.2588190451025206,-0.9749279121818236,-0.2225209339563146,-2.4492935982947064e-16,1.0,24.75,52.875,56.708333333333336,18.525,43.15,78.0,66.5,-0.3750000000000001,4.5936522,0.0,5.25,19.016666636666667,34.85,35.3,35.175,35.775,35.15,-14.06777777333333,-0.0166666700000028,-0.4266666666666658,5.503333333333333,4.861999999999999,19.08333332333333,5.502222222222225,5.675902,5.7308145,5.7310867,5.738012,5.731115,0,0.0,0,1.0,-0.86,20.7,79.3
2022-12-03 18:00:00,180.114739688884,135.901785927778,135.917618644444,19.016666636666667,4.861999999999999,35.15,2,5.1764362714980825,70.66250196097344,18,5,12,-1.0,-1.8369701987210294e-16,-0.9749279121818236,-0.2225209339563146,-2.4492935982947064e-16,1.0,6.0,34.125,50.29166666666666,18.3,40.0,95.0,65.0,-0.8,4.4458137,0.0,5.1,19.24444442,34.55,34.85,35.3,35.175,34.75,-14.154666636666668,-0.1277778033333305,-0.2146666666666679,5.076666666666667,4.738,19.10740739555556,5.147333333333336,5.731115,5.675902,5.7308145,5.7310867,5.742499,0,0.0,1,1.0,-0.89,21.7,78.3
2022-12-03 18:15:00,61.966410111112,0.0,0.0,19.24444442,4.738,34.75,0,5.1764362714980825,70.66250196097344,18,5,12,-1.0,-1.8369701987210294e-16,-0.9749279121818236,-0.2225209339563146,-2.4492935982947064e-16,1.0,4.5,19.6875,44.75,18.7,40.9,91.25,64.25,-1.075,4.3655844,0.0,5.0,19.06481479,35.15,34.55,34.85,35.3,34.03333333333333,-14.50644442,0.2277777833333338,-0.1239999999999996,4.861999999999999,4.624,19.13518516555556,4.892222222222224,5.742499,5.731115,5.675902,5.7308145,5.5648313,1,1.0,1,0.75,-0.84,19.8,80.2
2022-12-03 18:30:00,134.7687757,28.749405527778,28.757183016666,19.06481479,4.624,34.03333333333333,1,5.1764362714980825,70.66250196097344,18,5,12,-1.0,-1.8369701987210294e-16,-0.9749279121818236,-0.2225209339563146,-2.4492935982947064e-16,1.0,3.0,9.5625,40.083333333333336,19.1,41.8,87.5,63.5,-1.35,4.2861953,0.0,4.9,18.89999999,34.75,35.15,34.55,34.85,34.4,-14.44081479,-0.1796296300000008,-0.1139999999999998,4.738,4.388,19.10864194888889,4.741333333333335,5.5648313,5.742499,5.731115,5.675902,5.570329,0,1.0,1,0.75,-0.88,21.5,78.5
2022-12-03 18:45:00,94.337337422224,0.0,0.0,18.89999999,4.388,34.4,0,5.1764362714980825,70.66250196097344,18,5,12,-1.0,-1.8369701987210294e-16,-0.9749279121818236,-0.2225209339563146,-2.4492935982947064e-16,1.0,1.5,3.75,36.29166666666666,19.5,42.7,83.75,62.75,-1.625,4.20764,0.0,4.8,18.814285705,34.03333333333333,34.75,35.15,34.55,35.36785714285714,-14.51199999,-0.1648147999999984,-0.2359999999999997,4.624,4.133571428571428,19.069753066666667,4.583333333333335,5.570329,5.5648313,5.742499,5.731115,5.6981215,1,2.0,1,0.5,-0.92,22.9,77.1
2022-12-03 19:00:00,135.1762594,0.0,0.0,18.814285705,4.133571428571428,35.36785714285714,0,5.1764362714980825,70.66250196097344,19,5,12,-0.9659258262890684,0.2588190451025203,-0.9749279121818236,-0.2225209339563146,-2.4492935982947064e-16,1.0,0.0,2.25,33.375,19.9,43.6,80.0,62.0,-1.9,4.1299114,0.0,4.7,18.77222224,34.4,34.03333333333333,34.75,35.15,35.85,-14.68071427642857,-0.0857142850000016,-0.2544285714285719,4.388,3.951333333333333,18.92636682833333,4.381857142857146,5.6981215,5.570329,5.5648313,5.742499,5.7614546,0,3.0,0,0.25,-0.94,23.5,76.5
2022-12-03 19:15:00,207.040884733332,0.0,0.0,18.77222224,3.951333333333333,35.85,0,5.1764362714980825,70.66250196097344,19,5,12,-0.9659258262890684,0.2588190451025203,-0.9749279121818236,-0.2225209339563146,-2.4492935982947064e-16,1.0,0.0,1.125,29.5,19.625,43.85,82.5,62.5,-2.075,4.0879755,0.0,4.425,18.705555556666663,35.36785714285714,34.4,34.03333333333333,34.75,34.416666666666664,-14.820888906666667,-0.0420634649999982,-0.1822380952380951,4.133571428571428,3.73,18.82883597833333,4.157634920634923,5.7614546,5.6981215,5.570329,5.5648313,5.50934,0,3.0,0,0.25,-0.94,23.8,76.2
2022-12-03 19:30:00,250.047219911112,0.0,0.0,18.705555556666663,3.73,34.416666666666664,0,5.1764362714980825,70.66250196097344,19,5,12,-0.9659258262890684,0.2588190451025203,-0.9749279121818236,-0.2225209339563146,-2.4492935982947064e-16,1.0,0.0,0.375,24.666666666666668,19.35,44.1,85.0,63.0,-2.25,4.0460377,0.0,4.15,18.58333337,35.85,35.36785714285714,34.4,34.03333333333333,33.6,-14.975555556666665,-0.066666683333338,-0.2213333333333329,3.951333333333333,3.556,18.76402116722222,3.938301587301589,5.50934,5.7614546,5.6981215,5.570329,5.3398433,0,4.0,0,0.0,-0.97,24.7,75.3
2022-12-03 19:45:00,230.359674177776,0.0,0.0,18.58333337,3.556,33.6,0,5.1764362714980825,70.66250196097344,19,5,12,-0.9659258262890684,0.2588190451025203,-0.9749279121818236,-0.2225209339563146,-2.4492935982947064e-16,1.0,0.0,0.0,18.875,19.075,44.35,87.5,63.5,-2.425,4.00411,0.0,3.875,18.48333332,34.416666666666664,35.85,35.36785714285714,34.4,32.85,-15.02733337,-0.122222186666665,-0.1740000000000003,3.73,3.4113333333333333,18.68703705555556,3.74577777777778,5.3398433,5.50934,5.7614546,5.6981215,5.1898155,0,4.0,0,0.0,-1.0,26.0,74.0
2022-12-03 20:00:00,162.66682638333398,0.0,0.0,18.48333332,3.4113333333333333,32.85,0,5.1764362714980825,70.66250196097344,20,5,12,-0.8660254037844386,0.5000000000000001,-0.9749279121818236,-0.2225209339563146,-2.4492935982947064e-16,1.0,0.0,0.0,12.125,18.8,44.6,90.0,64.0,-2.6,3.9622037,0.0,3.6,18.39999999,33.6,34.416666666666664,35.85,35.36785714285714,32.5,-15.071999986666668,-0.1000000499999984,-0.1446666666666662,3.556,3.342,18.590740748888887,3.56577777777778,5.1898155,5.3398433,5.50934,5.7614546,5.109219,0,4.0,0,0.0,-1.02,27.2,72.8
2022-12-03 20:15:00,191.145409577772,37.475445372222,37.487389394442,18.39999999,3.342,32.5,1,5.1764362714980825,70.66250196097344,20,5,12,-0.8660254037844386,0.5000000000000001,-0.9749279121818236,-0.2225209339563146,-2.4492935982947064e-16,1.0,0.0,0.0,6.9375,18.075,43.45,68.5,64.5,-2.75,3.9203327,0.0,3.325,18.418518516666666,32.85,33.6,34.416666666666664,35.85,32.68333333333333,-15.05799999,-0.0833333299999985,-0.0693333333333332,3.4113333333333333,3.3,18.488888893333336,3.436444444444447,5.109219,5.1898155,5.3398433,5.50934,5.143686,0,3.0,1,0.25,-1.05,28.1,71.9
2022-12-03 20:30:00,231.852947661114,74.43980008888799,74.44729982222,18.418518516666666,3.3,32.68333333333333,2,5.1764362714980825,70.66250196097344,20,5,12,-0.8660254037844386,0.5000000000000001,-0.9749279121818236,-0.2225209339563146,-2.4492935982947064e-16,1.0,0.0,0.0,3.3125,17.35,42.3,47.0,65.0,-2.9000000000000004,3.878507,0.0,3.05,18.583333340000003,32.5,32.85,33.6,34.416666666666664,32.3,-15.118518516666663,0.0185185266666643,-0.0420000000000002,3.342,3.26,18.43395060888889,3.351111111111114,5.143686,5.109219,5.1898155,5.3398433,5.133242,0,2.0,1,0.5,-1.04,27.8,72.2
2022-12-03 20:45:00,166.993042311108,0.0,0.0,18.583333340000003,3.26,32.3,0,5.1764362714980825,70.66250196097344,20,5,12,-0.8660254037844386,0.5000000000000001,-0.9749279121818236,-0.2225209339563146,-2.4492935982947064e-16,1.0,0.0,0.0,1.25,16.625,41.15,25.5,65.5,-3.0500000000000003,3.8367379,0.0,2.775,18.46666667,32.68333333333333,32.5,32.85,33.6,32.0,-15.323333340000003,0.1648148233333373,-0.04,3.3,3.228666666666667,18.46728394888889,3.300666666666669,5.133242,5.143686,5.109219,5.1898155,5.0505366,1,2.0,1,0.5,-1.0,26.3,73.7
2022-12-03 21:00:00,168.106053255556,0.0,0.0,18.46666667,3.228666666666667,32.0,0,5.1764362714980825,70.66250196097344,21,5,12,-0.7071067811865477,0.7071067811865474,-0.9749279121818236,-0.2225209339563146,-2.4492935982947064e-16,1.0,0.0,0.0,0.75,15.9,40.0,4.0,66.0,-3.2,3.7950356,0.0,2.5,18.34444443,32.3,32.68333333333333,32.5,32.85,31.7,-15.238000003333331,-0.1166666700000043,-0.0313333333333329,3.26,3.2133333333333334,18.48950617555556,3.262888888888891,5.0505366,5.133242,5.143686,5.109219,4.96706,0,2.0,0,0.5,-1.03,27.5,72.5
2022-12-03 21:15:00,186.178385966664,30.771824611112,30.786824077776004,18.34444443,3.2133333333333334,31.7,1,5.1764362714980825,70.66250196097344,21,5,12,-0.7071067811865477,0.7071067811865474,-0.9749279121818236,-0.2225209339563146,-2.4492935982947064e-16,1.0,0.0,0.0,0.375,15.7,38.825,27.5,66.25,-3.35,3.7646625,0.0,2.325,18.34259258666667,32.0,32.3,32.68333333333333,32.5,32.15,-15.131111096666666,-0.1222222399999992,-0.0153333333333334,3.228666666666667,3.2033333333333336,18.464814813333334,3.234000000000002,4.96706,5.0505366,5.133242,5.143686,5.0370183,0,2.0,1,0.5,-1.06,28.8,71.2
2022-12-03 21:30:00,237.27328643889,93.567090483334,93.572090316666,18.34259258666667,3.2033333333333336,32.15,2,5.1764362714980825,70.66250196097344,21,5,12,-0.7071067811865477,0.7071067811865474,-0.9749279121818236,-0.2225209339563146,-2.4492935982947064e-16,1.0,0.0,0.0,0.125,15.5,37.65,51.0,66.5,-3.5,3.7344158,0.0,2.15,18.51666668,31.7,32.0,32.3,32.68333333333333,31.75,-15.139259253333336,-0.0018518433333305,-0.0099999999999997,3.2133333333333334,3.1866666666666665,18.38456789555556,3.215111111111113,5.0370183,4.96706,5.0505366,5.133242,5.025949,0,2.0,1,0.5,-1.06,28.7,71.3
2022-12-03 21:45:00,141.03408047778402,0.0,0.0,18.51666668,3.1866666666666665,31.75,0,5.1764362714980825,70.66250196097344,21,5,12,-0.7071067811865477,0.7071067811865474,-0.9749279121818236,-0.2225209339563146,-2.4492935982947064e-16,1.0,0.0,0.0,0.0,15.3,36.475,74.5,66.75,-3.65,3.7042947,0.0,1.975,18.48333332,32.15,31.7,32.0,32.3,31.03333333333333,-15.330000013333333,0.1740740933333313,-0.016666666666667,3.2033333333333336,3.1766666666666667,18.40123456555556,3.2011111111111137,5.025949,5.0370183,4.96706,5.0505366,4.902809,1,2.0,1,0.5,-1.02,27.1,72.9
2022-12-03 22:00:00,254.487597872222,118.341655027778,118.346932649998,18.48333332,3.1766666666666667,31.03333333333333,2,5.1764362714980825,70.66250196097344,22,5,12,-0.5000000000000004,0.8660254037844384,-0.9749279121818236,-0.2225209339563146,-2.4492935982947064e-16,1.0,0.0,0.0,0.0,15.1,35.3,98.0,67.0,-3.8,3.6743007,0.0,1.8,18.63333331,31.75,32.15,31.7,32.0,30.95,-15.306666653333334,-0.0333333600000003,-0.0099999999999997,3.1866666666666665,3.092,18.447530862222223,3.1888888888888918,4.902809,5.025949,5.0370183,4.96706,4.933276,0,1.0,1,0.75,-1.03,27.6,72.4
2022-12-03 22:15:00,240.935639972222,32.679248327778,32.690636805554,18.63333331,3.092,30.95,1,5.1764362714980825,70.66250196097344,22,5,12,-0.5000000000000004,0.8660254037844384,-0.9749279121818236,-0.2225209339563146,-2.4492935982947064e-16,1.0,0.0,0.0,0.0,14.825,34.4,98.5,66.75,-3.85,3.654384,0.0,1.775,18.609259276666663,31.03333333333333,31.75,32.15,31.7,30.53333333333333,-15.54133331,0.1499999900000013,-0.0846666666666666,3.1766666666666667,2.9466666666666668,18.54444443666667,3.1517777777777805,4.933276,4.902809,5.025949,5.0370183,4.85993,0,1.0,1,0.75,-1.0,26.1,73.9
2022-12-03 22:30:00,408.132007583326,0.0,0.0,18.609259276666663,2.9466666666666668,30.53333333333333,0,5.1764362714980825,70.66250196097344,22,5,12,-0.5000000000000004,0.8660254037844384,-0.9749279121818236,-0.2225209339563146,-2.4492935982947064e-16,1.0,0.0,0.0,0.0,14.55,33.5,99.0,66.5,-3.9,3.6345234,0.0,1.75,18.42222223,30.95,31.03333333333333,31.75,32.15,30.55,-15.66259261,-0.0240740333333349,-0.1453333333333333,3.092,2.858,18.57530863555556,3.0717777777777804,4.85993,4.933276,4.902809,5.025949,4.809,1,2.0,1,0.5,-1.01,26.4,73.6
2022-12-03 22:45:00,172.72920172222,52.43484693889,52.44345776111,18.42222223,2.858,30.55,1,5.1764362714980825,70.66250196097344,22,5,12,-0.5000000000000004,0.8660254037844384,-0.9749279121818236,-0.2225209339563146,-2.4492935982947064e-16,1.0,0.0,0.0,0.0,14.275,32.6,99.5,66.25,-3.95,3.6147187,0.0,1.725,18.45436510357143,30.53333333333333,30.95,31.03333333333333,31.75,30.78214285714285,-15.56422223,-0.1870370466666671,-0.0886666666666666,2.9466666666666668,2.775,18.554938272222223,2.9655555555555586,4.809,4.85993,4.933276,4.902809,4.8547835,0,1.0,1,0.75,-1.05,28.3,71.7
2022-12-03 23:00:00,239.382090950002,114.9020704,114.907348005554,18.45436510357143,2.775,30.78214285714285,2,5.1764362714980825,70.66250196097344,23,5,12,-0.2588190451025215,0.965925826289068,-0.9749279121818236,-0.2225209339563146,-2.4492935982947064e-16,1.0,0.0,0.0,0.0,14.0,31.7,100.0,66.0,-4.0,3.5949686,0.0,1.7,18.66150793857143,30.55,30.53333333333333,30.95,31.03333333333333,30.12857142857143,-15.67936510357143,0.0321428735714306,-0.0830000000000001,2.858,2.72,18.4952822034127,2.859888888888891,4.8547835,4.809,4.85993,4.933276,4.81036,0,1.0,1,0.75,-1.04,27.9,72.1
2022-12-03 23:15:00,152.44390216666,0.0,0.0,18.66150793857143,2.72,30.12857142857143,0,5.1764362714980825,70.66250196097344,23,5,12,-0.2588190451025215,0.965925826289068,-0.9749279121818236,-0.2225209339563146,-2.4492935982947064e-16,1.0,0.0,0.0,0.0,14.15,31.775,96.75,66.25,-3.925,3.6147187,0.0,1.725,18.49841272642857,30.78214285714285,30.55,30.53333333333333,30.95,30.0,-15.941507938571428,0.207142834999999,-0.0549999999999997,2.775,2.6699999999999995,18.51269842404762,2.784333333333336,4.81036,4.8547835,4.809,4.85993,4.743796,1,2.0,1,0.5,-1.0,26.0,74.0
2022-12-03 23:30:00,159.28362848333,15.974916527778,15.991027049998,18.49841272642857,2.6699999999999995,30.0,1,5.1764362714980825,70.66250196097344,23,5,12,-0.2588190451025215,0.965925826289068,-0.9749279121818236,-0.2225209339563146,-2.4492935982947064e-16,1.0,0.0,0.0,0.0,14.3,31.85,93.5,66.5,-3.85,3.6345234,0.0,1.75,18.33333335,30.12857142857143,30.78214285714285,30.55,30.53333333333333,30.4,-15.828412726428573,-0.1630952121428563,-0.0500000000000007,2.72,2.5373333333333337,18.53809525619048,2.721666666666669,4.743796,4.81036,4.8547835,4.809,4.760225,0,1.0,1,0.75,-1.04,27.6,72.4
2022-12-03 23:45:00,253.863733861114,116.663111072222,116.669499799996,18.33333335,2.5373333333333337,30.4,2,5.1764362714980825,70.66250196097344,23,5,12,-0.2588190451025215,0.965925826289068,-0.9749279121818236,-0.2225209339563146,-2.4492935982947064e-16,1.0,0.0,0.0,0.0,14.45,31.925,90.25,66.75,-3.775,3.654384,0.0,1.775,18.50555557333333,30.0,30.12857142857143,30.78214285714285,30.55,30.78333333333333,-15.796000016666664,-0.1650793764285758,-0.1326666666666658,2.6699999999999995,2.4066666666666667,18.49775133833333,2.642444444444447,4.760225,4.743796,4.81036,4.8547835,4.8697214,0,1.0,1,0.75,-1.07,29.2,70.8
2022-12-04 00:00:00,146.847181511108,10.8862312,10.902897299996,18.50555557333333,2.4066666666666667,30.78333333333333,1,5.1764362714980825,70.66250196097344,0,6,12,0.0,1.0,-0.7818314824680299,0.6234898018587334,-2.4492935982947064e-16,1.0,0.0,0.0,0.0,14.6,32.0,87.0,67.0,-3.7,3.6743007,0.0,1.8,18.461507927142858,30.4,30.0,30.12857142857143,30.78214285714285,30.5,-16.098888906666666,0.1722222233333354,-0.1306666666666669,2.5373333333333337,2.3892857142857147,18.4457672165873,2.5380000000000025,4.8697214,4.760225,4.743796,4.81036,4.8123226,0,1.0,1,0.75,-1.03,27.4,72.6
2022-12-04 00:15:00,126.495217605562,14.305538855556,14.317205088888,18.461507927142858,2.3892857142857147,30.5,1,5.1764362714980825,70.66250196097344,0,6,12,0.0,1.0,-0.7818314824680299,0.6234898018587334,-2.4492935982947064e-16,1.0,0.0,0.0,0.0,14.1,31.825,89.75,68.5,-3.5250000000000004,3.7184882,0.025,1.65,18.32962964333333,30.78333333333333,30.4,30.0,30.12857142857143,30.683333333333334,-16.07222221285714,-0.0440476461904744,-0.017380952380952,2.4066666666666667,2.3273333333333337,18.4334656168254,2.444428571428574,4.8123226,4.8697214,4.760225,4.743796,4.8035364,0,0.0,0,1.0,-1.04,27.9,72.1
2022-12-04 00:30:00,236.48970678333,121.979009527778,121.98289832222,18.32962964333333,2.3273333333333337,30.683333333333334,2,5.1764362714980825,70.66250196097344,0,6,12,0.0,1.0,-0.7818314824680299,0.6234898018587334,-2.4492935982947064e-16,1.0,0.0,0.0,0.0,13.6,31.65,92.5,70.0,-3.35,3.7613542,0.05,1.5,18.53333333,30.5,30.78333333333333,30.4,30.0,30.95,-16.00229631,-0.1318782838095273,-0.0619523809523809,2.3892857142857147,2.256,18.432231047936508,2.3744285714285738,4.8035364,4.8123226,4.8697214,4.760225,4.9041514,0,0.0,1,1.0,-1.07,29.2,70.8
2022-12-04 00:45:00,135.516245916662,0.0,0.0,18.53333333,2.256,30.95,0,5.1764362714980825,70.66250196097344,0,6,12,0.0,1.0,-0.7818314824680299,0.6234898018587334,-2.4492935982947064e-16,1.0,0.0,0.0,0.0,13.1,31.475,95.25,71.5,-3.175,3.802919,0.075,1.35,18.44629628333333,30.683333333333334,30.5,30.78333333333333,30.4,30.53333333333333,-16.27733333,0.203703686666671,-0.0713333333333339,2.3273333333333337,2.2180000000000004,18.44149030015873,2.324206349206352,4.9041514,4.8035364,4.8123226,4.8697214,4.81324,1,1.0,1,0.75,-1.02,27.1,72.9
2022-12-04 01:00:00,134.265184711112,0.0,0.0,18.44629628333333,2.2180000000000004,30.53333333333333,0,5.1764362714980825,70.66250196097344,1,6,12,0.2588190451025207,0.9659258262890684,-0.7818314824680299,0.6234898018587334,-2.4492935982947064e-16,1.0,0.0,0.0,0.0,12.6,31.3,98.0,73.0,-3.0,3.843201,0.1,1.2,18.26111109,30.95,30.683333333333334,30.5,30.78333333333333,30.6,-16.228296283333332,-0.0870370466666692,-0.0379999999999993,2.256,2.17,18.436419752222225,2.267111111111113,4.81324,4.9041514,4.8035364,4.8123226,4.771049,0,2.0,0,0.5,-1.04,28.0,72.0
2022-12-04 01:15:00,207.501977455552,88.40201936110999,88.40868584444,18.26111109,2.17,30.6,2,5.1764362714980825,70.66250196097344,1,6,12,0.2588190451025207,0.9659258262890684,-0.7818314824680299,0.6234898018587334,-2.4492935982947064e-16,1.0,0.0,0.0,0.0,12.8,30.85,98.5,73.25,-3.025,3.8432298,0.1,1.15,18.33518518,30.53333333333333,30.95,30.683333333333334,30.5,31.25,-16.09111109,-0.1851851933333321,-0.0480000000000004,2.2180000000000004,2.114,18.41358023444445,2.214666666666669,4.771049,4.81324,4.9041514,4.8035364,4.893862,0,2.0,1,0.5,-1.09,29.9,70.1
2022-12-04 01:30:00,174.41302311667,55.0427982,55.053075605554,18.33518518,2.114,31.25,1,5.1764362714980825,70.66250196097344,1,6,12,0.2588190451025207,0.9659258262890684,-0.7818314824680299,0.6234898018587334,-2.4492935982947064e-16,1.0,0.0,0.0,0.0,13.0,30.4,99.0,73.5,-3.05,3.8432078,0.1,1.1,18.31666667,30.6,30.53333333333333,30.95,30.683333333333334,31.0,-16.22118518,0.0740740899999998,-0.056,2.17,2.11,18.347530851111117,2.167333333333336,4.893862,4.771049,4.81324,4.9041514,4.8493795,0,2.0,1,0.5,-1.07,29.0,71.0
2022-12-04 01:45:00,135.297087833336,0.0,0.0,18.31666667,2.11,31.0,0,5.1764362714980825,70.66250196097344,1,6,12,0.2588190451025207,0.9659258262890684,-0.7818314824680299,0.6234898018587334,-2.4492935982947064e-16,1.0,0.0,0.0,0.0,13.2,29.95,99.5,73.75,-3.075,3.8431375,0.1,1.05,18.17407410666667,31.25,30.6,30.53333333333333,30.95,31.0,-16.20666667,-0.0185185099999998,-0.004,2.114,2.11,18.30432098,2.131333333333336,4.8493795,4.893862,4.771049,4.81324,4.8084984,1,2.0,1,0.5,-1.07,29.3,70.7
2022-12-04 02:00:00,233.91842072222,106.712120227778,106.71656458333,18.17407410666667,2.11,31.0,2,5.1764362714980825,70.66250196097344,2,6,12,0.4999999999999999,0.8660254037844387,-0.7818314824680299,0.6234898018587334,-2.4492935982947064e-16,1.0,0.0,0.0,0.0,13.4,29.5,100.0,74.0,-3.1,3.8430157,0.1,1.0,18.366666650000003,31.0,31.25,30.6,30.53333333333333,30.95,-16.06407410666667,-0.1425925633333307,0.0,2.11,2.098,18.275308652222225,2.111333333333336,4.8084984,4.8493795,4.893862,4.771049,4.8559413,0,1.0,1,0.75,-1.1,30.7,69.3
2022-12-04 02:15:00,185.728404016662,51.44655313889,51.457941616666005,18.366666650000003,2.098,30.95,1,5.1764362714980825,70.66250196097344,2,6,12,0.4999999999999999,0.8660254037844387,-0.7818314824680299,0.6234898018587334,-2.4492935982947064e-16,1.0,0.0,0.0,0.0,12.85,29.325,100.0,74.25,-3.125,3.842845,0.125,0.95,18.425925908333333,31.0,31.0,31.25,30.6,30.33333333333333,-16.268666650000004,0.1925925433333333,-0.012,2.11,1.955833333333333,18.28580247555556,2.106000000000002,4.8559413,4.8084984,4.8493795,4.893862,4.7759414,0,1.0,1,0.75,-1.06,28.8,71.2
2022-12-04 02:30:00,78.592689433336,0.0,0.0,18.425925908333333,1.955833333333333,30.33333333333333,0,5.1764362714980825,70.66250196097344,2,6,12,0.4999999999999999,0.8660254037844387,-0.7818314824680299,0.6234898018587334,-2.4492935982947064e-16,1.0,0.0,0.0,0.0,12.3,29.15,100.0,74.5,-3.1500000000000004,3.842626,0.15,0.9,18.220512828461537,30.95,31.0,31.0,31.25,30.057692307692307,-16.470092575,0.0592592583333306,-0.1421666666666665,2.098,1.88,18.32222222166667,2.054611111111113,4.7759414,4.8559413,4.8084984,4.8493795,4.6752114,1,2.0,1,0.5,-1.05,28.3,71.7
2022-12-04 02:45:00,126.969087733332,57.03382963889,57.039940527778,18.220512828461537,1.88,30.057692307692307,1,5.1764362714980825,70.66250196097344,2,6,12,0.4999999999999999,0.8660254037844387,-0.7818314824680299,0.6234898018587334,-2.4492935982947064e-16,1.0,0.0,0.0,0.0,11.75,28.975,100.0,74.75,-3.1750000000000003,3.8423574,0.175,0.8500000000000001,18.32037036,30.33333333333333,30.95,31.0,31.0,30.28333333333333,-16.340512828461538,-0.2054130798717963,-0.0758333333333334,1.955833333333333,1.81,18.33770179559829,1.9779444444444467,4.6752114,4.7759414,4.8559413,4.8084984,4.738311,0,1.0,1,0.75,-1.1,30.5,69.5
2022-12-04 03:00:00,113.742950133332,59.051804483334,59.057359844444,18.32037036,1.81,30.28333333333333,1,5.1764362714980825,70.66250196097344,3,6,12,0.7071067811865476,0.7071067811865476,-0.7818314824680299,0.6234898018587334,-2.4492935982947064e-16,1.0,0.0,0.0,0.0,11.2,28.8,100.0,75.0,-3.2,3.8420408,0.2,0.8,18.44444442,30.057692307692307,30.33333333333333,30.95,31.0,29.65,-16.510370360000003,0.0998575315384648,-0.0699999999999998,1.88,1.728,18.322269698931624,1.8819444444444464,4.738311,4.6752114,4.7759414,4.8559413,4.6734786,0,1.0,0,0.75,-1.08,29.4,70.6
2022-12-04 03:15:00,51.421554272218,0.0,0.0,18.44444442,1.728,29.65,0,5.1764362714980825,70.66250196097344,3,6,12,0.7071067811865476,0.7071067811865476,-0.7818314824680299,0.6234898018587334,-2.4492935982947064e-16,1.0,0.0,0.0,0.0,11.375,27.9,100.0,74.25,-3.3000000000000003,3.8036203,0.175,0.8,18.24682541857143,30.28333333333333,30.057692307692307,30.33333333333333,30.95,29.692857142857143,-16.71644442,0.1240740599999981,-0.082,1.81,1.61,18.328442536153847,1.806000000000002,4.6734786,4.738311,4.6752114,4.7759414,4.625686,1,2.0,1,0.5,-1.05,28.3,71.7
2022-12-04 03:30:00,117.060872911112,62.922482950002,62.931649283334,18.24682541857143,1.61,29.692857142857143,1,5.1764362714980825,70.66250196097344,3,6,12,0.7071067811865476,0.7071067811865476,-0.7818314824680299,0.6234898018587334,-2.4492935982947064e-16,1.0,0.0,0.0,0.0,11.55,27.0,100.0,73.5,-3.4000000000000004,3.7652,0.15,0.8,18.29999999,29.65,30.28333333333333,30.057692307692307,30.33333333333333,29.95,-16.63682541857143,-0.1976190014285705,-0.1179999999999998,1.728,1.5633333333333332,18.33721339952381,1.7160000000000022,4.625686,4.6734786,4.738311,4.6752114,4.6804957,0,1.0,1,0.75,-1.09,30.3,69.7
2022-12-04 03:45:00,111.262771611108,58.4209964,58.431273855552,18.29999999,1.5633333333333332,29.95,1,5.1764362714980825,70.66250196097344,3,6,12,0.7071067811865476,0.7071067811865476,-0.7818314824680299,0.6234898018587334,-2.4492935982947064e-16,1.0,0.0,0.0,0.0,11.725,26.1,100.0,72.75,-3.5,3.7267795,0.125,0.8,18.42777776333333,29.692857142857143,29.65,30.28333333333333,30.057692307692307,29.35,-16.736666656666667,0.0531745714285705,-0.0466666666666668,1.61,1.596666666666667,18.33042327619048,1.6337777777777802,4.6804957,4.625686,4.6734786,4.738311,4.621625,0,1.0,0,0.75,-1.08,29.7,70.3
2022-12-04 04:00:00,47.778922199996,0.0,0.0,18.42777776333333,1.596666666666667,29.35,0,5.1764362714980825,70.66250196097344,4,6,12,0.8660254037844386,0.5000000000000001,-0.7818314824680299,0.6234898018587334,-2.4492935982947064e-16,1.0,0.0,0.0,0.0,11.9,25.2,100.0,72.0,-3.6,3.688359,0.1,0.8,18.21666668,29.95,29.692857142857143,29.65,30.28333333333333,29.35,-16.831111096666664,0.1277777733333316,0.0333333333333336,1.5633333333333332,1.4933333333333332,18.324867723968257,1.5900000000000023,4.621625,4.6804957,4.625686,4.6734786,4.5640936,1,2.0,1,0.5,-1.06,28.5,71.5
2022-12-04 04:15:00,119.136900983334,71.077434588888,71.086045377776,18.21666668,1.4933333333333332,29.35,2,5.1764362714980825,70.66250196097344,4,6,12,0.8660254037844386,0.5000000000000001,-0.7818314824680299,0.6234898018587334,-2.4492935982947064e-16,1.0,0.0,0.0,0.0,12.875,27.55,100.0,69.5,-4.125,3.560291,0.075,0.8,18.26851852333333,29.35,29.95,29.692857142857143,29.65,29.5,-16.723333346666667,-0.211111083333332,-0.1033333333333337,1.596666666666667,1.44,18.31481481111111,1.5511111111111135,4.5640936,4.621625,4.6804957,4.625686,4.6015635,0,1.0,1,0.75,-1.1,30.7,69.3
2022-12-04 04:30:00,91.836326616658,51.906534788888,51.915145627774,18.26851852333333,1.44,29.5,1,5.1764362714980825,70.66250196097344,4,6,12,0.8660254037844386,0.5000000000000001,-0.7818314824680299,0.6234898018587334,-2.4492935982947064e-16,1.0,0.0,0.0,0.0,13.85,29.9,100.0,67.0,-4.65,3.4322228,0.05,0.8,18.34999997,29.35,29.35,29.95,29.692857142857143,29.15,-16.828518523333333,0.0518518433333348,-0.0533333333333332,1.4933333333333332,1.448,18.30432098888889,1.5100000000000025,4.6015635,4.5640936,4.621625,4.6804957,4.5690074,0,1.0,1,0.75,-1.09,30.1,69.9
2022-12-04 04:45:00,47.261165244436,0.0,0.0,18.34999997,1.448,29.15,0,5.1764362714980825,70.66250196097344,4,6,12,0.8660254037844386,0.5000000000000001,-0.7818314824680299,0.6234898018587334,-2.4492935982947064e-16,1.0,0.0,0.0,0.0,14.825,32.25,100.0,64.5,-5.175,3.3041549,0.0249999999999999,0.8,18.177777806666665,29.5,29.35,29.35,29.95,29.0,-16.90199997,0.0814814466666646,0.008,1.44,1.456,18.278395057777782,1.4604444444444469,4.5690074,4.6015635,4.5640936,4.621625,4.4992633,1,2.0,1,0.5,-1.07,29.3,70.7
2022-12-04 05:00:00,163.9376089,95.635341083334,95.647562844444,18.177777806666665,1.456,29.0,2,5.1764362714980825,70.66250196097344,5,6,12,0.9659258262890684,0.2588190451025207,-0.7818314824680299,0.6234898018587334,-2.4492935982947064e-16,1.0,0.0,0.0,0.0,15.8,34.6,100.0,62.0,-5.7,3.1760871,0.0,0.8,18.27777777,29.15,29.5,29.35,29.35,28.65,-16.721777806666665,-0.172222163333334,0.008,1.448,1.464,18.2654321,1.4480000000000024,4.4992633,4.5690074,4.6015635,4.5640936,4.4714336,0,1.0,1,0.75,-1.11,31.2,68.8
2022-12-04 05:15:00,63.837724355548,16.464063644444,16.468785738885998,18.27777777,1.464,28.65,1,5.1764362714980825,70.66250196097344,5,6,12,0.9659258262890684,0.2588190451025207,-0.7818314824680299,0.6234898018587334,-2.4492935982947064e-16,1.0,0.0,0.0,0.0,15.75,34.775,98.25,61.75,-5.925,3.1202383,0.0,0.6000000000000001,18.220370376666665,29.0,29.15,29.5,29.35,28.316666666666663,-16.81377777,0.0999999633333352,0.008,1.456,1.472,18.26851851555556,1.4560000000000022,4.4714336,4.4992633,4.5690074,4.6015635,4.4043736,0,1.0,1,0.75,-1.09,30.2,69.8
2022-12-04 05:30:00,67.132592455552,27.258631827778,27.264742749998,18.220370376666665,1.472,28.316666666666663,1,5.1764362714980825,70.66250196097344,5,6,12,0.9659258262890684,0.2588190451025207,-0.7818314824680299,0.6234898018587334,-2.4492935982947064e-16,1.0,0.0,0.0,0.0,15.7,34.95,96.5,61.5,-6.15,3.0652518,0.0,0.4,18.13333332,28.65,29.0,29.15,29.5,28.3,-16.748370376666664,-0.0574073933333352,0.008,1.464,1.4366666666666668,18.22530865111111,1.4640000000000024,4.4043736,4.4714336,4.4992633,4.5690074,4.3790803,0,1.0,0,0.75,-1.11,30.9,69.1
2022-12-04 05:45:00,145.34446390555,95.45257066111,95.464236894442,18.13333332,1.4366666666666668,28.3,2,5.1764362714980825,70.66250196097344,5,6,12,0.9659258262890684,0.2588190451025207,-0.7818314824680299,0.6234898018587334,-2.4492935982947064e-16,1.0,0.0,0.0,0.0,15.65,35.125,94.75,61.25,-6.375,3.0111134,0.0,0.1999999999999999,18.31851848666667,28.316666666666663,28.65,29.0,29.15,27.85,-16.696666653333335,-0.0870370566666629,-0.0353333333333332,1.472,1.385333333333333,18.210493822222222,1.457555555555558,4.3790803,4.4043736,4.4714336,4.4992633,4.3570976,0,0.0,1,1.0,-1.13,31.8,68.2
2022-12-04 06:00:00,46.062879861102,0.0,0.0,18.31851848666667,1.385333333333333,27.85,0,5.1764362714980825,70.66250196097344,6,6,12,1.0,6.123233995736766e-17,-0.7818314824680299,0.6234898018587334,-2.4492935982947064e-16,1.0,0.0,0.0,0.0,15.6,35.3,93.0,61.0,-6.6,2.9578142,0.0,-0.0,18.17222221,28.3,28.316666666666663,28.65,29.0,27.5,-16.933185153333337,0.1851851666666668,-0.0513333333333336,1.4366666666666668,1.3173333333333337,18.22407406111111,1.4313333333333358,4.3570976,4.3790803,4.4043736,4.4714336,4.2651353,1,1.0,1,0.75,-1.09,30.0,70.0
2022-12-04 06:15:00,99.037149472222,50.21937997778,50.22743523889,18.17222221,1.3173333333333337,27.5,1,5.1764362714980825,70.66250196097344,6,6,12,1.0,6.123233995736766e-17,-0.7818314824680299,0.6234898018587334,-2.4492935982947064e-16,1.0,0.0,0.0,0.0,15.575,35.375,79.0,62.0,-6.6,2.9651222,0.0,-0.2,18.14074077333333,27.85,28.3,28.316666666666663,28.65,27.5,-16.854888876666664,-0.1462962766666713,-0.0679999999999996,1.385333333333333,1.1413333333333333,18.208024672222223,1.37977777777778,4.2651353,4.3570976,4.3790803,4.4043736,4.2571645,0,1.0,1,0.75,-1.12,31.6,68.4
2022-12-04 06:30:00,134.621281533336,72.429602683334,72.439324544444,18.14074077333333,1.1413333333333333,27.5,2,5.1764362714980825,70.66250196097344,6,6,12,1.0,6.123233995736766e-17,-0.7818314824680299,0.6234898018587334,-2.4492935982947064e-16,1.0,0.0,0.0,0.0,15.55,35.45,65.0,63.0,-6.6,2.9716058,0.0,-0.4,18.264957288461535,27.5,27.85,28.3,28.316666666666663,27.12307692307693,-16.999407440000002,-0.0314814366666631,-0.1760000000000001,1.3173333333333337,0.8915384615384615,18.210493823333334,1.2813333333333357,4.2571645,4.2651353,4.3570976,4.3790803,4.2299047,0,1.0,1,0.75,-1.13,31.9,68.1
2022-12-04 06:45:00,43.646031988884,0.0,0.0,18.264957288461535,0.8915384615384615,27.12307692307693,0,5.1764362714980825,70.66250196097344,6,6,12,1.0,6.123233995736766e-17,-0.7818314824680299,0.6234898018587334,-2.4492935982947064e-16,1.0,0.0,0.0,0.0,15.525,35.525,51.0,64.0,-6.6,2.9772828,0.0,-0.6000000000000001,18.13333337,27.5,27.5,27.85,28.3,27.0,-17.373418826923075,0.1242165151282037,-0.2497948717948718,1.1413333333333333,0.624,18.19264009059829,1.116735042735045,4.2299047,4.2571645,4.2651353,4.3570976,4.1779213,1,2.0,1,0.5,-1.1,30.7,69.3
2022-12-04 07:00:00,110.576965627778,70.501624255556,70.512734977776,18.13333337,0.624,27.0,1,5.1764362714980825,70.66250196097344,7,6,12,0.9659258262890684,-0.2588190451025206,-0.7818314824680299,0.6234898018587334,-2.4492935982947064e-16,1.0,0.0,0.0,0.0,15.5,35.6,37.0,65.0,-6.6,2.982173,0.0,-0.8,18.18888889,27.12307692307693,27.5,27.5,27.85,26.95,-17.50933337,-0.1316239184615391,-0.2675384615384615,0.8915384615384615,0.4173333333333333,18.179677143931627,0.8856239316239339,4.1779213,4.2299047,4.2571645,4.2651353,4.183972,0,1.0,1,0.75,-1.13,32.1,67.9
2022-12-04 07:15:00,830.449280749998,63.151084972222,63.162751205554,18.18888889,0.4173333333333333,26.95,1,5.1764362714980825,70.66250196097344,7,6,12,0.9659258262890684,-0.2588190451025206,-0.7818314824680299,0.6234898018587334,-2.4492935982947064e-16,1.0,0.0,0.0,0.0,14.975,35.075,33.5,63.75,-6.55,2.9862545,0.0,-0.5,18.296296313333336,27.0,27.12307692307693,27.5,27.5,26.53333333333333,-17.771555556666666,0.0555555199999986,-0.2066666666666666,0.624,0.3339999999999999,18.195726516153847,0.6442905982906006,4.183972,4.1779213,4.2299047,4.2571645,4.145637,0,1.0,0,0.75,-1.12,31.5,68.5
2022-12-04 07:30:00,138.38863109999198,0.0,0.0,18.296296313333336,0.3339999999999999,26.53333333333333,0,5.1764362714980825,70.66250196097344,7,6,12,0.9659258262890684,-0.2588190451025206,-0.7818314824680299,0.6234898018587334,-2.4492935982947064e-16,1.0,0.0,0.0,0.0,14.45,34.55,30.0,62.5,-6.5,2.9890347,0.0,-0.1999999999999999,18.10555559,26.95,27.0,27.12307692307693,27.5,26.55,-17.962296313333336,0.1074074233333384,-0.0833333333333333,0.4173333333333333,0.33,18.20617285777778,0.4584444444444468,4.145637,4.183972,4.1779213,4.2299047,4.1015134,1,2.0,1,0.5,-1.1,30.5,69.5
2022-12-04 07:45:00,405.6071084,105.423282916666,105.43717126111,18.10555559,0.33,26.55,2,5.1764362714980825,70.66250196097344,7,6,12,0.9659258262890684,-0.2588190451025206,-0.7818314824680299,0.6234898018587334,-2.4492935982947064e-16,1.0,0.0,0.0,0.0,13.925,34.025,26.5,61.25,-6.45,2.9904625,0.0,0.1,18.272222216666663,26.53333333333333,26.95,27.0,27.12307692307693,26.6,-17.775555590000003,-0.1907407233333344,-0.0039999999999999,0.3339999999999999,0.3733333333333333,18.19691359777778,0.3604444444444468,4.1015134,4.145637,4.183972,4.1779213,4.1501193,0,1.0,1,0.75,-1.14,32.5,67.5
2022-12-04 08:00:00,86.49237366666,34.286684044444,34.293906055552,18.272222216666663,0.3733333333333333,26.6,1,5.1764362714980825,70.66250196097344,8,6,12,0.8660254037844387,-0.4999999999999998,-0.7818314824680299,0.6234898018587334,-2.4492935982947064e-16,1.0,0.0,0.0,0.0,13.4,33.5,23.0,60.0,-6.4,2.9904897,0.0,0.4,18.28888891,26.55,26.53333333333333,26.95,27.0,26.0,-17.89888888333333,0.1666666266666645,0.0433333333333333,0.33,0.5033333333333333,18.22469137333333,0.3457777777777801,4.1501193,4.1015134,4.145637,4.183972,4.060522,0,1.0,1,0.75,-1.1,30.7,69.3
2022-12-04 08:15:00,65.983749427778,14.329982311112,14.332482244444,18.28888891,0.5033333333333333,26.0,1,5.1764362714980825,70.66250196097344,8,6,12,0.8660254037844387,-0.4999999999999998,-0.7818314824680299,0.6234898018587334,-2.4492935982947064e-16,1.0,1.25,0.3125,0.1041666666666666,13.475,32.5,17.25,60.0,-6.575,2.959823,0.0,0.25,18.090740763333333,26.6,26.55,26.53333333333333,26.95,26.183333333333334,-17.785555576666667,0.0166666933333345,0.1299999999999999,0.3733333333333333,0.7260000000000001,18.222222238888893,0.4022222222222245,4.060522,4.1501193,4.1015134,4.145637,4.0413094,0,1.0,0,0.75,-1.1,30.7,69.3
2022-12-04 08:30:00,148.549057700004,108.774537727778,108.789814933332,18.090740763333333,0.7260000000000001,26.183333333333334,2,5.1764362714980825,70.66250196097344,8,6,12,0.8660254037844387,-0.4999999999999998,-0.7818314824680299,0.6234898018587334,-2.4492935982947064e-16,1.0,2.5,0.9375,0.3125,13.55,31.5,11.5,60.0,-6.75,2.9294329,0.0,0.0999999999999999,18.25595236071429,26.0,26.6,26.55,26.53333333333333,26.446428571428573,-17.364740763333334,-0.1981481466666679,0.2226666666666668,0.5033333333333333,0.8549999999999999,18.217283963333333,0.5342222222222246,4.0413094,4.060522,4.1501193,4.1015134,4.1221757,0,0.0,1,1.0,-1.15,32.8,67.2
2022-12-04 08:45:00,50.988238172222,13.961385972222,13.96610808333,18.25595236071429,0.8549999999999999,26.446428571428573,1,5.1764362714980825,70.66250196097344,8,6,12,0.8660254037844387,-0.4999999999999998,-0.7818314824680299,0.6234898018587334,-2.4492935982947064e-16,1.0,3.75,1.875,0.625,13.625,30.5,5.75,60.0,-6.925,2.8993173,0.0,-0.05,18.220370376666665,26.183333333333334,26.0,26.6,26.55,26.03333333333333,-17.400952360714285,0.1652115973809529,0.1289999999999997,0.7260000000000001,1.0753333333333333,18.211860678015874,0.6947777777777802,4.1221757,4.0413094,4.060522,4.1501193,4.049224,0,0.0,1,1.0,-1.11,30.9,69.1
2022-12-04 09:00:00,96.764462633332,43.895466327778,43.903243833332,18.220370376666665,1.0753333333333333,26.03333333333333,1,5.1764362714980825,70.66250196097344,9,6,12,0.7071067811865476,-0.7071067811865475,-0.7818314824680299,0.6234898018587334,-2.4492935982947064e-16,1.0,5.0,3.125,1.0416666666666667,13.7,29.5,0.0,60.0,-7.1,2.8694732,0.0,-0.2,18.18333335,26.446428571428573,26.183333333333334,26.0,26.6,26.3,-17.145037043333332,-0.0355819840476208,0.2203333333333333,0.8549999999999999,1.04,18.18902116690476,0.8854444444444467,4.049224,4.1221757,4.0413094,4.060522,4.0817122,0,0.0,0,1.0,-1.12,31.4,68.6
2022-12-04 09:15:00,137.038129405554,78.999895427778,79.01128392222,18.18333335,1.04,26.3,2,5.1764362714980825,70.66250196097344,9,6,12,0.7071067811865476,-0.7071067811865475,-0.7818314824680299,0.6234898018587334,-2.4492935982947064e-16,1.0,36.25,11.875,4.0625,13.85,30.05,0.0,59.25,-7.225,2.8336046,0.0,-0.2,18.498148166666667,26.03333333333333,26.446428571428573,26.183333333333334,26.0,26.03333333333333,-17.143333350000002,-0.0370370266666633,-0.0353333333333332,1.0753333333333333,1.096666666666667,18.21988536246032,0.9901111111111134,4.0817122,4.049224,4.1221757,4.0413094,4.1164956,0,0.0,1,1.0,-1.13,31.7,68.3
2022-12-04 09:30:00,50.979071988884,0.0,0.0,18.498148166666667,1.096666666666667,26.03333333333333,0,5.1764362714980825,70.66250196097344,9,6,12,0.7071067811865476,-0.7071067811865475,-0.7818314824680299,0.6234898018587334,-2.4492935982947064e-16,1.0,67.5,28.125,9.6875,14.0,30.6,0.0,58.5,-7.35,2.7977362,0.0,-0.2,18.52222224,26.3,26.03333333333333,26.446428571428573,26.183333333333334,25.65,-17.4014815,0.3148148166666651,0.0566666666666668,1.04,1.0913333333333337,18.300617297777777,1.0706666666666689,4.1164956,4.0817122,4.049224,4.1221757,4.061671,1,1.0,1,0.75,-1.06,28.5,71.5
2022-12-04 09:45:00,91.307181049994,45.54206716111,45.548733594442,18.52222224,1.0913333333333337,25.65,1,5.1764362714980825,70.66250196097344,9,6,12,0.7071067811865476,-0.7071067811865475,-0.7818314824680299,0.6234898018587334,-2.4492935982947064e-16,1.0,98.75,51.875,17.916666666666668,14.15,31.15,0.0,57.75,-7.475,2.761868,0.0,-0.2,18.61296298,26.03333333333333,26.3,26.03333333333333,26.446428571428573,25.683333333333334,-17.430888906666667,0.0240740733333346,-0.0053333333333334,1.096666666666667,1.2586666666666666,18.40123458555556,1.0760000000000025,4.061671,4.1164956,4.0817122,4.049224,4.088861,0,1.0,1,0.75,-1.05,28.4,71.6
2022-12-04 10:00:00,122.738701405554,76.8377597,76.848314877776,18.61296298,1.2586666666666666,25.683333333333334,2,5.1764362714980825,70.66250196097344,10,6,12,0.4999999999999999,-0.8660254037844387,-0.7818314824680299,0.6234898018587334,-2.4492935982947064e-16,1.0,130.0,83.125,28.75,14.3,31.7,0.0,57.0,-7.6,2.7259996,0.0,-0.2,18.78333331,25.65,26.03333333333333,26.3,26.03333333333333,25.3,-17.354296313333336,0.0907407400000011,0.1673333333333331,1.0913333333333337,1.5546666666666666,18.544444462222227,1.1488888888888915,4.088861,4.061671,4.1164956,4.0817122,4.068636,0,1.0,1,0.75,-1.03,27.5,72.5
2022-12-04 10:15:00,43.82963574444,0.0,0.0,18.78333331,1.5546666666666666,25.3,0,5.1764362714980825,70.66250196097344,10,6,12,0.4999999999999999,-0.8660254037844387,-0.7818314824680299,0.6234898018587334,-2.4492935982947064e-16,1.0,165.0,115.3125,42.5,14.425,32.425,16.0,56.75,-7.475,2.756481,0.0,0.0249999999999999,18.65740742,25.683333333333334,25.65,26.03333333333333,26.3,25.0,-17.228666643333334,0.1703703299999972,0.296,1.2586666666666666,1.6106666666666667,18.639506176666668,1.301555555555558,4.068636,4.088861,4.061671,4.1164956,3.9905572,1,2.0,1,0.5,-0.99,25.9,74.1
2022-12-04 10:30:00,107.27987538333,55.656106983334,55.665551072222,18.65740742,1.6106666666666667,25.0,1,5.1764362714980825,70.66250196097344,10,6,12,0.4999999999999999,-0.8660254037844387,-0.7818314824680299,0.6234898018587334,-2.4492935982947064e-16,1.0,200.0,148.4375,59.16666666666666,14.55,33.15,32.0,56.5,-7.35,2.7871666,0.0,0.25,18.87777775,25.3,25.683333333333334,25.65,26.03333333333333,25.3,-17.046740753333335,-0.1259258899999977,0.056,1.5546666666666666,1.6393333333333333,18.68456790333333,1.4746666666666692,3.9905572,4.068636,4.088861,4.061671,4.091408,0,1.0,1,0.75,-1.03,27.2,72.8
2022-12-04 10:45:00,123.479227316666,58.538491683334,58.546269205554,18.87777775,1.6393333333333333,25.3,1,5.1764362714980825,70.66250196097344,10,6,12,0.4999999999999999,-0.8660254037844387,-0.7818314824680299,0.6234898018587334,-2.4492935982947064e-16,1.0,235.0,182.5,78.75,14.675,33.875,48.0,56.25,-7.225,2.818056,0.0,0.4749999999999999,19.25555557333333,25.0,25.3,25.683333333333334,25.65,24.85,-17.238444416666667,0.2203703299999979,0.0286666666666666,1.6106666666666667,1.638,18.772839493333336,1.601555555555558,4.091408,3.9905572,4.068636,4.088861,4.109195,0,1.0,0,0.75,-0.97,25.0,75.0
2022-12-04 11:00:00,45.798723744436,0.0,0.0,19.25555557333333,1.638,24.85,0,5.1764362714980825,70.66250196097344,11,6,12,0.258819045102521,-0.9659258262890682,-0.7818314824680299,0.6234898018587334,-2.4492935982947064e-16,1.0,270.0,217.5,101.25,14.8,34.6,64.0,56.0,-7.1,2.849148,0.0,0.7,19.05555556,25.3,25.0,25.3,25.683333333333334,24.55,-17.61755557333333,0.3777778233333322,-0.0013333333333331,1.6393333333333333,1.8986666666666667,18.93024691444444,1.6293333333333355,4.109195,4.091408,3.9905572,4.068636,4.0120087,1,2.0,1,0.5,-0.89,21.7,78.3
2022-12-04 11:15:00,84.364125433328,44.611271044444,44.619604111108,19.05555556,1.8986666666666667,24.55,1,5.1764362714980825,70.66250196097344,11,6,12,0.258819045102521,-0.9659258262890682,-0.7818314824680299,0.6234898018587334,-2.4492935982947064e-16,1.0,293.25,249.5625,125.58333333333331,15.25,35.5,53.75,55.5,-6.975,2.8675249,0.0,0.925,18.781481456666665,24.85,25.3,25.0,25.3,25.15,-17.156888893333335,-0.2000000133333301,0.2606666666666666,1.638,1.7373333333333332,19.06296296111111,1.7253333333333358,4.0120087,4.109195,4.091408,3.9905572,4.0440707,0,1.0,1,0.75,-0.94,23.5,76.5
2022-12-04 11:30:00,142.50318856111,90.965250111112,90.977749677776,18.781481456666665,1.7373333333333332,25.15,2,5.1764362714980825,70.66250196097344,11,6,12,0.258819045102521,-0.9659258262890682,-0.7818314824680299,0.6234898018587334,-2.4492935982947064e-16,1.0,316.5,278.6875,151.75,15.7,36.400000000000006,43.5,55.0,-6.85,2.8857017,0.0,1.15,18.81111108,24.55,24.85,25.3,25.0,25.15,-17.044148123333333,-0.2740741033333371,-0.1613333333333335,1.8986666666666667,1.62,19.030864196666663,1.7580000000000024,4.0440707,4.0120087,4.109195,4.091408,4.0511603,0,1.0,1,0.75,-1.0,26.0,74.0
2022-12-04 11:45:00,44.202676472214,0.0,0.0,18.81111108,1.62,25.15,0,5.1764362714980825,70.66250196097344,11,6,12,0.258819045102521,-0.9659258262890682,-0.7818314824680299,0.6234898018587334,-2.4492935982947064e-16,1.0,339.75,304.875,179.75,16.150000000000002,37.3,33.25,54.5,-6.725,2.903669,0.0,1.375,18.585185176666663,25.15,24.55,24.85,25.3,25.0,-17.19111108,0.029629623333335,-0.117333333333333,1.7373333333333332,1.6826666666666663,18.882716032222223,1.7520000000000024,4.0511603,4.0440707,4.0120087,4.109195,3.9735332,1,2.0,1,0.5,-0.99,25.7,74.3
2022-12-04 12:00:00,108.219004499996,54.152000516666,54.16005576111,18.585185176666663,1.6826666666666663,25.0,1,5.1764362714980825,70.66250196097344,12,6,12,1.2246467991473532e-16,-1.0,-0.7818314824680299,0.6234898018587334,-2.4492935982947064e-16,1.0,363.0,328.125,209.58333333333331,16.6,38.2,23.0,54.0,-6.6,2.921418,0.0,1.6,18.55000003,25.15,25.15,24.55,24.85,25.3,-16.90251851,-0.2259259033333336,0.0626666666666664,1.62,1.7846666666666666,18.725925904444445,1.6800000000000022,3.9735332,4.0511603,4.0440707,4.0120087,4.012845,0,1.0,1,0.75,-1.04,27.9,72.1
2022-12-04 12:15:00,130.53838933889,70.029976488888,70.039698366664,18.55000003,1.7846666666666666,25.3,1,5.1764362714980825,70.66250196097344,12,6,12,1.2246467991473532e-16,-1.0,-0.7818314824680299,0.6234898018587334,-2.4492935982947064e-16,1.0,371.25,347.625,237.5,16.325000000000003,38.375,42.25,53.25,-6.65,2.9202466,0.0,1.8,18.618518556666668,25.0,25.15,25.15,24.55,25.03333333333333,-16.765333363333333,-0.0351851466666666,0.102,1.6826666666666663,1.788,18.64876542888889,1.6957777777777805,4.012845,3.9735332,4.0511603,4.0440707,3.986691,0,1.0,0,0.75,-1.05,28.2,71.8
2022-12-04 12:30:00,47.66809336666,0.0,0.0,18.618518556666668,1.788,25.03333333333333,0,5.1764362714980825,70.66250196097344,12,6,12,1.2246467991473532e-16,-1.0,-0.7818314824680299,0.6234898018587334,-2.4492935982947064e-16,1.0,379.5,363.375,263.5,16.05,38.55,61.5,52.5,-6.699999999999999,2.9184296,0.0,2.0,18.43333335,25.3,25.0,25.15,25.15,25.05,-16.830518556666668,0.0685185266666685,0.0033333333333334,1.7846666666666666,1.93,18.584567921111116,1.75177777777778,3.986691,4.012845,3.9735332,4.0511603,3.94582,1,2.0,1,0.5,-1.03,27.6,72.4
2022-12-04 12:45:00,101.732041755552,61.868636272222005,61.88002478333,18.43333335,1.93,25.05,1,5.1764362714980825,70.66250196097344,12,6,12,1.2246467991473532e-16,-1.0,-0.7818314824680299,0.6234898018587334,-2.4492935982947064e-16,1.0,387.75,375.375,287.5833333333333,15.775,38.725,80.75,51.75,-6.75,2.9159524,0.0,2.2,18.438888866666662,25.03333333333333,25.3,25.0,25.15,25.466666666666665,-16.50333335,-0.1851852066666701,0.1419999999999999,1.788,1.866,18.533950645555556,1.8342222222222244,3.94582,3.986691,4.012845,3.9735332,4.012774,0,1.0,1,0.75,-1.08,29.4,70.6
2022-12-04 13:00:00,119.407723533332,72.259887255556,72.27072022222,18.438888866666662,1.866,25.466666666666665,2,5.1764362714980825,70.66250196097344,13,6,12,-0.2588190451025208,-0.9659258262890684,-0.7818314824680299,0.6234898018587334,-2.4492935982947064e-16,1.0,396.0,383.625,309.75,15.5,38.9,100.0,51.0,-6.8,2.9127996,0.0,2.4,18.55000002,25.05,25.03333333333333,25.3,25.0,25.2,-16.572888866666666,0.0055555166666678,-0.0639999999999998,1.93,1.9066666666666667,18.496913591111117,1.861333333333336,4.012774,3.94582,3.986691,4.012845,3.9969845,0,1.0,1,0.75,-1.07,29.3,70.7
2022-12-04 13:15:00,71.233817266664,0.0,0.0,18.55000002,1.9066666666666667,25.2,0,5.1764362714980825,70.66250196097344,13,6,12,-0.2588190451025208,-0.9659258262890684,-0.7818314824680299,0.6234898018587334,-2.4492935982947064e-16,1.0,375.0,384.5625,327.25,14.025,38.175,100.0,50.75,-6.775,2.908322,0.0,2.45,18.32777777,25.466666666666665,25.05,25.03333333333333,25.3,25.65,-16.643333353333336,0.1111111533333364,0.0406666666666666,1.866,2.026,18.47407407888889,1.9008888888888915,3.9969845,4.012774,3.94582,3.986691,4.0151167,1,2.0,1,0.5,-1.05,28.2,71.8
2022-12-04 13:30:00,172.388381922224,110.74557,110.755847372222,18.32777777,2.026,25.65,2,5.1764362714980825,70.66250196097344,13,6,12,-0.2588190451025208,-0.9659258262890684,-0.7818314824680299,0.6234898018587334,-2.4492935982947064e-16,1.0,354.0,378.1875,340.0833333333333,12.55,37.45,100.0,50.5,-6.75,2.903777,0.0,2.5,18.42777778,25.2,25.466666666666665,25.05,25.03333333333333,25.95,-16.30177777,-0.2222222500000015,0.1193333333333335,1.9066666666666667,2.057333333333333,18.43888888555556,1.9328888888888915,4.0151167,3.9969845,4.012774,3.94582,4.086241,0,1.0,1,0.75,-1.1,30.4,69.6
2022-12-04 13:45:00,57.604918094438,0.0,0.0,18.42777778,2.057333333333333,25.95,0,5.1764362714980825,70.66250196097344,13,6,12,-0.2588190451025208,-0.9659258262890684,-0.7818314824680299,0.6234898018587334,-2.4492935982947064e-16,1.0,333.0,364.5,348.25,11.075,36.725,100.0,50.25,-6.725,2.899164,0.0,2.55,18.36666663333333,25.65,25.2,25.466666666666665,25.05,25.53333333333333,-16.370444446666667,0.1000000099999987,0.0313333333333329,2.026,2.2,18.43518519,1.996666666666669,4.086241,4.0151167,3.9969845,4.012774,4.006086,1,2.0,1,0.5,-1.07,29.3,70.7
2022-12-04 14:00:00,185.928951577772,37.662937872222,37.666548877776,18.36666663333333,2.2,25.53333333333333,1,5.1764362714980825,70.66250196097344,14,6,12,-0.4999999999999997,-0.8660254037844388,-0.7818314824680299,0.6234898018587334,-2.4492935982947064e-16,1.0,312.0,343.5,351.75,9.6,36.0,100.0,50.0,-6.7,2.8944826,0.0,2.6,18.23888887,25.95,25.65,25.2,25.466666666666665,26.5,-16.166666633333335,-0.0611111466666649,0.1426666666666669,2.057333333333333,2.4440000000000004,18.374074061111116,2.094444444444447,4.006086,4.086241,4.0151167,3.9969845,4.1263433,0,2.0,1,0.5,-1.09,30.0,70.0
2022-12-04 14:15:00,1129.154554244444,92.9871137,93.009335077776,18.23888887,2.4440000000000004,26.5,2,5.1764362714980825,70.66250196097344,14,6,12,-0.4999999999999997,-0.8660254037844388,-0.7818314824680299,0.6234898018587334,-2.4492935982947064e-16,1.0,283.25,320.5625,350.9166666666667,9.425,33.125,100.0,50.5,-6.575,2.9332962,0.0,2.65,18.37777778666667,25.53333333333333,25.95,25.65,25.2,26.716666666666665,-15.79488887,-0.1277777633333343,0.2440000000000002,2.2,2.4733333333333336,18.344444427777777,2.2337777777777803,4.1263433,4.006086,4.086241,4.0151167,4.194509,0,1.0,1,0.75,-1.11,31.1,68.9
2022-12-04 14:30:00,224.60545975556,140.911863283334,140.92658496111,18.37777778666667,2.4733333333333336,26.716666666666665,2,5.1764362714980825,70.66250196097344,14,6,12,-0.4999999999999997,-0.8660254037844388,-0.7818314824680299,0.6234898018587334,-2.4492935982947064e-16,1.0,254.5,295.6875,345.75,9.25,30.25,100.0,51.0,-6.45,2.9723341,0.0,2.7,18.53888889,26.5,25.53333333333333,25.95,25.65,27.35,-15.904444453333335,0.1388889166666693,0.0293333333333332,2.4440000000000004,2.639333333333333,18.327777763333334,2.3724444444444472,4.194509,4.1263433,4.006086,4.086241,4.335143,0,1.0,0,0.75,-1.08,29.6,70.4
2022-12-04 14:45:00,215.444715316662,46.307592055556,46.318425005554,18.53888889,2.639333333333333,27.35,1,5.1764362714980825,70.66250196097344,14,6,12,-0.4999999999999997,-0.8660254037844388,-0.7818314824680299,0.6234898018587334,-2.4492935982947064e-16,1.0,225.75,268.875,336.25,9.075,27.375,100.0,51.5,-6.325,3.0115988,0.0,2.75,18.47777779,26.716666666666665,26.5,25.53333333333333,25.95,27.5,-15.899555556666666,0.1611111033333294,0.1659999999999999,2.4733333333333336,2.8953333333333333,18.385185182222223,2.5188888888888914,4.335143,4.194509,4.1263433,4.006086,4.3431644,0,0.0,1,1.0,-1.04,27.8,72.2
2022-12-04 15:00:00,81.566737316662,0.0,0.0,18.47777779,2.8953333333333333,27.5,0,5.1764362714980825,70.66250196097344,15,6,12,-0.7071067811865471,-0.7071067811865479,-0.7818314824680299,0.6234898018587334,-2.4492935982947064e-16,1.0,197.0,240.125,322.4166666666667,8.9,24.5,100.0,52.0,-6.2,3.0510895,0.0,2.8,18.26111109,27.35,26.716666666666665,26.5,25.53333333333333,27.25,-15.582444456666668,-0.0611110999999979,0.2559999999999998,2.639333333333333,2.814,18.464814822222223,2.669333333333336,4.3431644,4.335143,4.194509,4.1263433,4.2487283,1,1.0,1,0.75,-1.05,28.4,71.6
2022-12-04 15:15:00,163.130696694446,95.21813553889,95.2303573,18.26111109,2.814,27.25,2,5.1764362714980825,70.66250196097344,15,6,12,-0.7071067811865471,-0.7071067811865479,-0.7818314824680299,0.6234898018587334,-2.4492935982947064e-16,1.0,181.25,214.625,306.5833333333333,9.7,24.85,95.75,51.75,-6.175,3.0466537,0.0,2.85,18.33518518,27.5,27.35,26.716666666666665,26.5,27.75,-15.44711109,-0.2166667000000011,-0.0813333333333332,2.8953333333333333,3.044666666666666,18.42592592333333,2.782888888888891,4.2487283,4.3431644,4.335143,4.194509,4.3457494,0,1.0,1,0.75,-1.1,30.7,69.3
2022-12-04 15:30:00,139.086380772222,64.3074276,64.31659394999801,18.33518518,3.044666666666666,27.75,1,5.1764362714980825,70.66250196097344,15,6,12,-0.7071067811865471,-0.7071067811865479,-0.7818314824680299,0.6234898018587334,-2.4492935982947064e-16,1.0,165.5,192.375,288.75,10.5,25.2,91.5,51.5,-6.15,3.042149,0.0,2.9,18.34999997,27.25,27.5,27.35,26.716666666666665,27.15,-15.290518513333334,0.0740740899999998,0.2306666666666665,2.814,3.092,18.35802468666667,2.9180000000000024,4.3457494,4.2487283,4.3431644,4.335143,4.2555246,0,1.0,1,0.75,-1.08,29.8,70.2
2022-12-04 15:45:00,77.106915566668,0.0,0.0,18.34999997,3.092,27.15,0,5.1764362714980825,70.66250196097344,15,6,12,-0.7071067811865471,-0.7071067811865479,-0.7818314824680299,0.6234898018587334,-2.4492935982947064e-16,1.0,149.75,173.375,268.9166666666667,11.3,25.55,87.25,51.25,-6.125,3.0375752,0.0,2.95,18.13703707,27.75,27.25,27.5,27.35,27.183333333333334,-15.257999969999998,0.014814789999999,0.0473333333333334,3.044666666666666,2.924,18.31543208,2.983555555555558,4.2555246,4.3457494,4.2487283,4.3431644,4.2072167,1,2.0,1,0.5,-1.08,29.8,70.2
2022-12-04 16:00:00,133.528269838886,78.252425327778,78.263536016666,18.13703707,2.924,27.183333333333334,2,5.1764362714980825,70.66250196097344,16,6,12,-0.8660254037844385,-0.5000000000000004,-0.7818314824680299,0.6234898018587334,-2.4492935982947064e-16,1.0,134.0,157.625,247.08333333333331,12.1,25.9,83.0,51.0,-6.1,3.0329323,0.0,3.0,18.16111114,27.15,27.75,27.25,27.5,27.5,-15.213037070000002,-0.2129628999999973,-0.1680000000000001,3.092,2.635333333333333,18.27407407333333,3.0202222222222246,4.2072167,4.2555246,4.3457494,4.2487283,4.262321,0,1.0,1,0.75,-1.13,32.0,68.0
2022-12-04 16:15:00,232.214599994442,171.805905272222,171.826737805554,18.16111114,2.635333333333333,27.5,2,5.1764362714980825,70.66250196097344,16,6,12,-0.8660254037844385,-0.5000000000000004,-0.7818314824680299,0.6234898018587334,-2.4492935982947064e-16,1.0,121.75,142.75,225.97916666666663,11.075,27.25,65.5,52.5,-5.85,3.10122,0.0,2.9,18.47420634357143,27.183333333333334,27.15,27.75,27.25,27.892857142857142,-15.525777806666666,0.0240740699999975,-0.2886666666666664,2.924,2.3407142857142857,18.216049393333336,2.88377777777778,4.262321,4.2072167,4.2555246,4.3457494,4.4042783,0,1.0,0,0.75,-1.13,31.7,68.3
2022-12-04 16:30:00,1133.699650216666,20.0641974,20.078085777776,18.47420634357143,2.3407142857142857,27.892857142857142,1,5.1764362714980825,70.66250196097344,16,6,12,-0.8660254037844385,-0.5000000000000004,-0.7818314824680299,0.6234898018587334,-2.4492935982947064e-16,1.0,109.5,128.75,205.60416666666663,10.05,28.6,48.0,54.0,-5.6,3.1684394,0.0,2.8,18.42222224,27.5,27.183333333333334,27.15,27.75,30.55,-16.133492057857147,0.3130952035714323,-0.2946190476190478,2.635333333333333,2.1046666666666667,18.257451517857145,2.6333492063492088,4.4042783,4.262321,4.2072167,4.2555246,4.809,0,1.0,1,0.75,-1.05,28.4,71.6
2022-12-04 16:45:00,1187.991367311112,0.0,0.0,18.42222224,2.1046666666666667,30.55,0,5.1764362714980825,70.66250196097344,16,6,12,-0.8660254037844385,-0.5000000000000004,-0.7818314824680299,0.6234898018587334,-2.4492935982947064e-16,1.0,97.25,115.625,185.95833333333331,9.025,29.95,30.500000000000007,55.5,-5.35,3.234599,0.0,2.7,18.192592576666662,27.892857142857142,27.5,27.183333333333334,27.15,30.48333333333333,-16.317555573333333,-0.0519841035714314,-0.236047619047619,2.3407142857142857,2.056,18.35251324119048,2.3602380952380977,4.809,4.4042783,4.262321,4.2072167,4.73356,1,1.0,1,0.75,-1.05,28.3,71.7
2022-12-04 17:00:00,1293.042998344448,114.291817044444,114.3095941,18.192592576666662,2.056,30.48333333333333,2,5.1764362714980825,70.66250196097344,17,6,12,-0.9659258262890684,-0.2588190451025206,-0.7818314824680299,0.6234898018587334,-2.4492935982947064e-16,1.0,85.0,103.375,167.04166666666666,8.0,31.3,13.0,57.0,-5.1,3.2997103,0.0,2.6,18.25000001,30.55,27.892857142857142,27.5,27.183333333333334,28.75,-16.136592576666665,-0.2296296633333341,-0.0486666666666666,2.1046666666666667,1.8986666666666667,18.363007053412694,2.1671269841269867,4.73356,4.809,4.4042783,4.262321,4.479647,0,1.0,1,0.75,-1.1,30.7,69.3
2022-12-04 17:15:00,1361.193605594446,176.693209722224,176.717930966668,18.25000001,1.8986666666666667,28.75,2,5.1764362714980825,70.66250196097344,17,6,12,-0.9659258262890684,-0.2588190451025206,-0.7818314824680299,0.6234898018587334,-2.4492935982947064e-16,1.0,65.5,89.3125,148.89583333333334,8.55,27.625,9.75,59.5,-5.125,3.3131607,0.0,2.025,18.48518518666667,30.48333333333333,30.55,27.892857142857142,27.5,27.85,-16.351333343333334,0.0574074333333349,-0.1573333333333333,2.056,1.5713333333333332,18.288271608888888,2.01977777777778,4.479647,4.73356,4.809,4.4042783,4.4003725,0,1.0,0,0.75,-1.1,30.5,69.5
2022-12-04 17:30:00,223.40023041666203,20.291966105554,20.298354816662,18.48518518666667,1.5713333333333332,27.85,1,5.1764362714980825,70.66250196097344,17,6,12,-0.9659258262890684,-0.2588190451025206,-0.7818314824680299,0.6234898018587334,-2.4492935982947064e-16,1.0,46.0,73.4375,131.52083333333334,9.1,23.950000000000003,6.5,62.0,-5.15,3.3201683,0.0,1.45,18.30555554,28.75,30.48333333333333,30.55,27.892857142857142,27.2,-16.913851853333338,0.2351851766666683,-0.3273333333333335,1.8986666666666667,1.38,18.30925925777778,1.8420000000000023,4.4003725,4.479647,4.73356,4.809,4.2521358,0,1.0,1,0.75,-1.05,28.3,71.7
2022-12-04 17:45:00,174.113590744444,109.618948383334,109.630336827778,18.30555554,1.38,27.2,2,5.1764362714980825,70.66250196097344,17,6,12,-0.9659258262890684,-0.2588190451025206,-0.7818314824680299,0.6234898018587334,-2.4492935982947064e-16,1.0,26.5,55.75,114.91666666666669,9.65,20.275,3.25,64.5,-5.175,3.3211536,0.0,0.875,18.32407406,27.85,28.75,30.48333333333333,30.55,27.466666666666665,-16.92555554,-0.1796296466666689,-0.1913333333333333,1.5713333333333332,1.232,18.34691357888889,1.616666666666669,4.2521358,4.4003725,4.479647,4.73356,4.2985435,0,0.0,1,1.0,-1.09,30.2,69.8
2022-12-04 18:00:00,258.652986833332,175.149938155556,175.162993216666,18.32407406,1.232,27.466666666666665,2,5.1764362714980825,70.66250196097344,18,6,12,-1.0,-1.8369701987210294e-16,-0.7818314824680299,0.6234898018587334,-2.4492935982947064e-16,1.0,7.0,36.25,99.08333333333331,10.2,16.6,0.0,67.0,-5.2,3.3165164,0.0,0.3,18.59444446,27.2,27.85,28.75,30.48333333333333,27.1,-17.09207406,0.0185185200000006,-0.1479999999999999,1.38,1.2933333333333334,18.37160492888889,1.3944444444444468,4.2985435,4.2521358,4.4003725,4.479647,4.3096724,0,0.0,0,1.0,-1.09,30.0,70.0
2022-12-04 18:15:00,83.051122255556,0.0,0.0,18.59444446,1.2933333333333334,27.1,0,5.1764362714980825,70.66250196097344,18,6,12,-1.0,-1.8369701987210294e-16,-0.7818314824680299,0.6234898018587334,-2.4492935982947064e-16,1.0,5.25,21.1875,84.41666666666667,10.625,17.675,0.25,68.0,-5.25,3.308613,0.0,0.0499999999999999,18.377777746666663,27.466666666666665,27.2,27.85,28.75,26.716666666666665,-17.301111126666665,0.2703703999999973,0.0613333333333334,1.232,1.3513333333333333,18.408024686666668,1.30177777777778,4.3096724,4.2985435,4.2521358,4.4003725,4.194509,1,1.0,1,0.75,-1.03,27.3,72.7
2022-12-04 18:30:00,131.648900633328,56.737730416666,56.743008055552,18.377777746666663,1.3513333333333333,26.716666666666665,1,5.1764362714980825,70.66250196097344,18,6,12,-1.0,-1.8369701987210294e-16,-0.7818314824680299,0.6234898018587334,-2.4492935982947064e-16,1.0,3.5,10.5625,70.91666666666667,11.05,18.75,0.5,69.0,-5.300000000000001,3.299894,0.0,-0.2,18.24999998,27.1,27.466666666666665,27.2,27.85,27.35,-17.026444413333333,-0.2166667133333319,0.0579999999999998,1.2933333333333334,1.286,18.43209875555556,1.2922222222222246,4.194509,4.3096724,4.2985435,4.2521358,4.261508,0,1.0,1,0.75,-1.08,29.6,70.4
2022-12-04 18:45:00,228.500581811112,147.590762783334,147.600484611112,18.24999998,1.286,27.35,2,5.1764362714980825,70.66250196097344,18,6,12,-1.0,-1.8369701987210294e-16,-0.7818314824680299,0.6234898018587334,-2.4492935982947064e-16,1.0,1.75,4.375,58.583333333333336,11.475,19.825,0.75,70.0,-5.3500000000000005,3.2903872,0.0,-0.45,18.48148148,26.716666666666665,27.1,27.466666666666665,27.2,27.316666666666663,-16.963999979999997,-0.1277777666666679,-0.0653333333333332,1.3513333333333333,1.2666666666666666,18.407407395555555,1.3102222222222246,4.261508,4.194509,4.3096724,4.2985435,4.315158,0,1.0,1,0.75,-1.11,30.8,69.2
2022-12-04 19:00:00,103.299201233332,0.0,0.0,18.48148148,1.2666666666666666,27.316666666666663,0,5.1764362714980825,70.66250196097344,19,6,12,-0.9659258262890684,0.2588190451025203,-0.7818314824680299,0.6234898018587334,-2.4492935982947064e-16,1.0,0.0,2.625,47.41666666666666,11.9,20.9,1.0,71.0,-5.4,3.2801178,0.0,-0.7,18.327777790000003,27.35,26.716666666666665,27.1,27.466666666666665,27.05,-17.214814813333334,0.231481500000001,-0.0193333333333334,1.286,1.161333333333333,18.369753068888887,1.3013333333333357,4.315158,4.261508,4.194509,4.3096724,4.234265,1,2.0,1,0.5,-1.05,28.4,71.6
2022-12-04 19:15:00,130.348119233332,45.047364683334,45.054031149998,18.327777790000003,1.161333333333333,27.05,1,5.1764362714980825,70.66250196097344,19,6,12,-0.9659258262890684,0.2588190451025203,-0.7818314824680299,0.6234898018587334,-2.4492935982947064e-16,1.0,0.0,1.3125,37.270833333333336,12.4,21.8,8.5,69.25,-5.65,3.221513,0.0,-0.6,18.16296295,27.316666666666663,27.35,26.716666666666665,27.1,27.466666666666665,-17.16644445666667,-0.1537036899999968,-0.1053333333333335,1.2666666666666666,1.05,18.353086416666667,1.2380000000000022,4.234265,4.315158,4.261508,4.194509,4.257622,0,1.0,1,0.75,-1.09,30.0,70.0
2022-12-04 19:30:00,222.353049988888,147.181612466668,147.192445366668,18.16296295,1.05,27.466666666666665,2,5.1764362714980825,70.66250196097344,19,6,12,-0.9659258262890684,0.2588190451025203,-0.7818314824680299,0.6234898018587334,-2.4492935982947064e-16,1.0,0.0,0.4375,28.14583333333333,12.9,22.7,16.0,67.5,-5.9,3.1619167,0.0,-0.5,18.39999999,27.05,27.316666666666663,27.35,26.716666666666665,27.45,-17.11296295,-0.1648148400000018,-0.111333333333333,1.161333333333333,0.98,18.324074073333332,1.1593333333333355,4.257622,4.234265,4.315158,4.261508,4.3153257,0,1.0,1,0.75,-1.13,31.7,68.3
2022-12-04 19:45:00,102.894772944444,16.462119272222,16.469341249998003,18.39999999,0.98,27.45,1,5.1764362714980825,70.66250196097344,19,6,12,-0.9659258262890684,0.2588190451025203,-0.7818314824680299,0.6234898018587334,-2.4492935982947064e-16,1.0,0.0,0.0,20.041666666666668,13.4,23.6,23.5,65.75,-6.15,3.101319,0.0,-0.3999999999999999,18.283333326666664,27.466666666666665,27.05,27.316666666666663,27.35,27.216666666666665,-17.41999999,0.2370370400000006,-0.07,1.05,0.944,18.296913576666668,1.0637777777777802,4.3153257,4.257622,4.234265,4.315158,4.249132,0,1.0,1,0.75,-1.07,29.2,70.8
2022-12-04 20:00:00,143.661475694438,69.32278256111,69.32972678333,18.283333326666664,0.944,27.216666666666665,1,5.1764362714980825,70.66250196097344,20,6,12,-0.8660254037844386,0.5000000000000001,-0.7818314824680299,0.6234898018587334,-2.4492935982947064e-16,1.0,0.0,0.0,12.958333333333334,13.9,24.5,31.0,64.0,-6.4,3.039709,0.0,-0.3,18.22777777,27.45,27.466666666666665,27.05,27.316666666666663,27.5,-17.339333326666665,-0.116666663333337,-0.0359999999999999,0.98,0.976,18.282098755555555,0.9913333333333356,4.249132,4.3153257,4.257622,4.234265,4.27923,0,0.0,0,1.0,-1.1,30.5,69.5
2022-12-04 20:15:00,197.782366155556,114.336537455556,114.3462593,18.22777777,0.976,27.5,2,5.1764362714980825,70.66250196097344,20,6,12,-0.8660254037844386,0.5000000000000001,-0.7818314824680299,0.6234898018587334,-2.4492935982947064e-16,1.0,0.0,0.0,7.5,14.125,25.475,46.5,63.75,-6.45,3.0226102,0.0,-0.325,18.38888885,27.216666666666665,27.45,27.466666666666665,27.05,27.316666666666663,-17.25177777,-0.0555555566666647,0.032,0.944,1.008,18.303703695555555,0.9666666666666692,4.27923,4.249132,4.3153257,4.257622,4.2915363,0,0.0,1,1.0,-1.11,31.0,69.0
2022-12-04 20:30:00,103.61057757778,0.0,0.0,18.38888885,1.008,27.316666666666663,0,5.1764362714980825,70.66250196097344,20,6,12,-0.8660254037844386,0.5000000000000001,-0.7818314824680299,0.6234898018587334,-2.4492935982947064e-16,1.0,0.0,0.0,3.6666666666666665,14.35,26.45,62.0,63.5,-6.5,3.0055602,0.0,-0.35,18.17777776,27.5,27.216666666666665,27.45,27.466666666666665,27.05,-17.38088885,0.1611110800000013,0.0319999999999999,0.976,0.996,18.29999998222222,0.9760000000000024,4.2915363,4.27923,4.249132,4.3153257,4.1967263,1,1.0,1,0.75,-1.07,29.4,70.6
2022-12-04 20:45:00,349.48796450555,81.243694572222,81.251472094442,18.17777776,0.996,27.05,2,5.1764362714980825,70.66250196097344,20,6,12,-0.8660254037844386,0.5000000000000001,-0.7818314824680299,0.6234898018587334,-2.4492935982947064e-16,1.0,0.0,0.0,1.4583333333333333,14.575,27.425,77.5,63.25,-6.55,2.9885583,0.0,-0.375,18.21296296,27.316666666666663,27.5,27.216666666666665,27.45,27.466666666666665,-17.181777760000003,-0.2111110899999992,-0.012,1.008,1.048,18.264814793333336,0.9933333333333358,4.1967263,4.2915363,4.27923,4.249132,4.2702856,0,1.0,1,0.75,-1.12,31.6,68.4
2022-12-04 21:00:00,346.153375611108,112.522998916666,112.533831849998,18.21296296,1.048,27.466666666666665,2,5.1764362714980825,70.66250196097344,21,6,12,-0.7071067811865477,0.7071067811865474,-0.7818314824680299,0.6234898018587334,-2.4492935982947064e-16,1.0,0.0,0.0,0.875,14.8,28.4,93.0,63.0,-6.6,2.9716058,0.0,-0.4,18.36666668,27.05,27.316666666666663,27.5,27.216666666666665,26.85,-17.164962960000004,0.0351852000000008,0.052,0.996,1.164,18.259876523333336,1.017333333333336,4.2702856,4.1967263,4.2915363,4.27923,4.2126656,0,1.0,0,0.75,-1.11,31.2,68.8
2022-12-04 21:15:00,94.442055616662,14.287206272222,14.293594966664,18.36666668,1.164,26.85,1,5.1764362714980825,70.66250196097344,21,6,12,-0.7071067811865477,0.7071067811865474,-0.7818314824680299,0.6234898018587334,-2.4492935982947064e-16,1.0,0.0,0.0,0.4375,14.8,28.5,85.0,63.0,-6.574999999999999,2.976746,0.0,-0.375,18.18148151333333,27.466666666666665,27.05,27.316666666666663,27.5,27.15,-17.202666679999997,0.1537037199999957,0.1160000000000001,1.048,1.244,18.25246913333333,1.0693333333333357,4.2126656,4.2702856,4.1967263,4.2915363,4.213167,0,1.0,1,0.75,-1.08,29.7,70.3
2022-12-04 21:30:00,216.05635748333,121.818182627778,121.82818226111,18.18148151333333,1.244,27.15,2,5.1764362714980825,70.66250196097344,21,6,12,-0.7071067811865477,0.7071067811865474,-0.7818314824680299,0.6234898018587334,-2.4492935982947064e-16,1.0,0.0,0.0,0.1458333333333333,14.8,28.6,77.0,63.0,-6.55,2.9818943,0.0,-0.35,18.34999998,26.85,27.466666666666665,27.05,27.316666666666663,27.1,-16.93748151333333,-0.1851851666666668,0.0799999999999998,1.164,1.204,18.25370371777778,1.1520000000000024,4.213167,4.2126656,4.2702856,4.1967263,4.247688,0,0.0,1,1.0,-1.12,31.6,68.4
2022-12-04 21:45:00,132.999957555556,27.1430809,27.150580616666,18.34999998,1.204,27.1,1,5.1764362714980825,70.66250196097344,21,6,12,-0.7071067811865477,0.7071067811865474,-0.7818314824680299,0.6234898018587334,-2.4492935982947064e-16,1.0,0.0,0.0,0.0,14.8,28.7,69.0,63.0,-6.525,2.98705,0.0,-0.325,18.25925923333333,27.15,26.85,27.466666666666665,27.05,26.716666666666665,-17.14599998,0.1685184666666686,-0.04,1.244,1.2733333333333334,18.299382724444445,1.2040000000000024,4.247688,4.213167,4.2126656,4.2702856,4.165116,0,0.0,1,1.0,-1.08,29.8,70.2
2022-12-04 22:00:00,151.875591333336,52.00069763889,52.010975011112,18.25925923333333,1.2733333333333334,26.716666666666665,1,5.1764362714980825,70.66250196097344,22,6,12,-0.5000000000000004,0.8660254037844384,-0.7818314824680299,0.6234898018587334,-2.4492935982947064e-16,1.0,0.0,0.0,0.0,14.8,28.8,61.0,63.0,-6.5,2.9922135,0.0,-0.3,18.17222224,27.1,27.15,26.85,27.466666666666665,27.3,-16.9859259,-0.0907407466666647,0.0693333333333334,1.204,1.1813333333333331,18.263580242222226,1.240444444444447,4.165116,4.247688,4.213167,4.2126656,4.2341156,0,0.0,0,1.0,-1.11,30.8,69.2
2022-12-04 22:15:00,188.81439153889,94.084014255556,94.095680505554,18.17222224,1.1813333333333331,27.3,2,5.1764362714980825,70.66250196097344,22,6,12,-0.5000000000000004,0.8660254037844384,-0.7818314824680299,0.6234898018587334,-2.4492935982947064e-16,1.0,0.0,0.0,0.0,14.675,28.9,69.5,62.5,-6.55,2.9735966,0.0,-0.275,18.312962963333334,26.716666666666665,27.1,27.15,26.85,26.85,-16.990888906666665,-0.087036993333335,-0.092,1.2733333333333334,1.100666666666667,18.260493817777785,1.219555555555558,4.2341156,4.165116,4.247688,4.213167,4.1992655,0,0.0,1,1.0,-1.12,31.6,68.4
2022-12-04 22:30:00,92.543242505558,15.424382983334,15.428827305554002,18.312962963333334,1.100666666666667,26.85,1,5.1764362714980825,70.66250196097344,22,6,12,-0.5000000000000004,0.8660254037844384,-0.7818314824680299,0.6234898018587334,-2.4492935982947064e-16,1.0,0.0,0.0,0.0,14.55,29.0,78.0,62.0,-6.6,2.954905,0.0,-0.25,18.12222224,27.3,26.716666666666665,27.1,27.15,26.85,-17.21229629666667,0.1407407233333337,-0.0806666666666666,1.1813333333333331,1.076,18.24814814555556,1.1851111111111134,4.1992655,4.2341156,4.165116,4.247688,4.151969,0,0.0,1,1.0,-1.09,30.2,69.8
2022-12-04 22:45:00,204.889304066668,122.954248316666,122.966192288888,18.12222224,1.076,26.85,2,5.1764362714980825,70.66250196097344,22,6,12,-0.5000000000000004,0.8660254037844384,-0.7818314824680299,0.6234898018587334,-2.4492935982947064e-16,1.0,0.0,0.0,0.0,14.425,29.1,86.5,61.5,-6.65,2.9361384,0.0,-0.225,18.258730135,26.85,27.3,26.716666666666665,27.1,26.803571428571427,-17.04622224,-0.1907407233333344,-0.0246666666666666,1.100666666666667,0.9957142857142856,18.20246914777778,1.119333333333336,4.151969,4.1992655,4.2341156,4.165116,4.178532,0,0.0,1,1.0,-1.14,32.3,67.7
2022-12-04 23:00:00,97.056673277772,0.0,0.0,18.258730135,0.9957142857142856,26.803571428571427,0,5.1764362714980825,70.66250196097344,23,6,12,-0.2588190451025215,0.965925826289068,-0.7818314824680299,0.6234898018587334,-2.4492935982947064e-16,1.0,0.0,0.0,0.0,14.3,29.2,95.0,61.0,-6.7,2.9172978,0.0,-0.2,18.16230157642857,26.85,26.85,27.3,26.716666666666665,26.553571428571427,-17.263015849285715,0.1365078950000011,-0.0802857142857144,1.076,1.012857142857143,18.23130511277778,1.05746031746032,4.178532,4.151969,4.1992655,4.2341156,4.115921,1,1.0,1,0.75,-1.11,30.8,69.2
2022-12-04 23:15:00,129.75480976666,62.021963472222,62.029741011108,18.16230157642857,1.012857142857143,26.553571428571427,1,5.1764362714980825,70.66250196097344,23,6,12,-0.2588190451025215,0.965925826289068,-0.7818314824680299,0.6234898018587334,-2.4492935982947064e-16,1.0,0.0,0.0,0.0,14.275,29.0,92.75,60.5,-6.85,2.8834152,0.0,-0.25,18.123809539285716,26.803571428571427,26.85,26.85,27.3,26.77857142857143,-17.14944443357143,-0.0964285585714286,0.0171428571428572,0.9957142857142856,0.8992857142857142,18.181084650476198,1.0281904761904788,4.115921,4.178532,4.151969,4.1992655,4.141314,0,1.0,1,0.75,-1.13,31.9,68.1
2022-12-04 23:30:00,160.361363088888,94.324282411112,94.331782111112,18.123809539285716,0.8992857142857142,26.77857142857143,2,5.1764362714980825,70.66250196097344,23,6,12,-0.2588190451025215,0.965925826289068,-0.7818314824680299,0.6234898018587334,-2.4492935982947064e-16,1.0,0.0,0.0,0.0,14.25,28.8,90.5,60.0,-7.0,2.8497272,0.0,-0.3,18.2222222,26.553571428571427,26.803571428571427,26.85,26.85,26.5,-17.224523825,-0.0384920371428592,-0.1135714285714286,1.012857142857143,0.7833333333333333,18.181613750238096,0.9692857142857166,4.141314,4.115921,4.178532,4.151969,4.1222615,0,1.0,1,0.75,-1.14,32.3,67.7
2022-12-04 23:45:00,115.47732530555,39.2584296,39.264262749998,18.2222222,0.7833333333333333,26.5,1,5.1764362714980825,70.66250196097344,23,6,12,-0.2588190451025215,0.965925826289068,-0.7818314824680299,0.6234898018587334,-2.4492935982947064e-16,1.0,0.0,0.0,0.0,14.225,28.6,88.25,59.5,-7.15,2.8162336,0.0,-0.35,18.139682525714285,26.77857142857143,26.553571428571427,26.803571428571427,26.85,26.5,-17.438888866666666,0.0984126607142883,-0.1159523809523809,0.8992857142857142,0.78,18.169444438571432,0.8984920634920659,4.1222615,4.141314,4.115921,4.178532,4.1021004,0,1.0,1,0.75,-1.12,31.3,68.7
2022-12-05 00:00:00,123.679774827778,48.523614527778,48.529169872222,18.139682525714285,0.78,26.5,1,5.1764362714980825,70.66250196097344,0,0,12,0.0,1.0,0.0,1.0,-2.4492935982947064e-16,1.0,0.0,0.0,0.0,14.2,28.4,86.0,59.0,-7.3,2.782932,0.0,-0.4,18.06666669,26.5,26.77857142857143,26.553571428571427,26.803571428571427,26.5,-17.359682525714284,-0.0825396742857158,-0.0033333333333332,0.7833333333333333,0.768,18.161904755,0.8208730158730182,4.1021004,4.1222615,4.141314,4.115921,4.084336,0,0.0,0,1.0,-1.14,32.2,67.8
2022-12-05 00:15:00,194.237785794442,106.054090983334,106.066035005554,18.06666669,0.768,26.5,2,5.1764362714980825,70.66250196097344,0,0,12,0.0,1.0,0.0,1.0,-2.4492935982947064e-16,1.0,0.0,0.0,0.0,14.025,28.325,73.0,59.25,-7.425,2.7706625,0.0,-0.525,18.27407405,26.5,26.5,26.77857142857143,26.553571428571427,26.5,-17.298666689999997,-0.0730158357142869,-0.012,0.78,0.67,18.14285713857143,0.7771111111111134,4.084336,4.1021004,4.1222615,4.141314,4.134971,0,0.0,1,1.0,-1.15,32.9,67.1
2022-12-05 00:30:00,67.34619504444,0.0,0.0,18.27407405,0.67,26.5,0,5.1764362714980825,70.66250196097344,0,0,12,0.0,1.0,0.0,1.0,-2.4492935982947064e-16,1.0,0.0,0.0,0.0,13.85,28.25,60.0,59.5,-7.55,2.7583725,0.0,-0.65,18.086904757857145,26.5,26.5,26.5,26.77857142857143,26.54642857142857,-17.604074049999998,0.2074073600000012,-0.0979999999999999,0.768,0.5507142857142858,18.16014108857143,0.7393333333333357,4.134971,4.084336,4.1021004,4.1222615,4.096418,1,1.0,1,0.75,-1.1,30.7,69.3
2022-12-05 00:45:00,446.628800683338,110.770013455556,110.783068516666,18.086904757857145,0.5507142857142858,26.54642857142857,2,5.1764362714980825,70.66250196097344,0,0,12,0.0,1.0,0.0,1.0,-2.4492935982947064e-16,1.0,0.0,0.0,0.0,13.675,28.175,47.0,59.75,-7.675,2.7460632,0.0,-0.775,18.24682542,26.5,26.5,26.5,26.5,26.78214285714285,-17.53619047214286,-0.1871692921428547,-0.1192857142857142,0.67,0.7035714285714285,18.142548499285716,0.6629047619047643,4.096418,4.134971,4.084336,4.1021004,4.172242,0,1.0,1,0.75,-1.15,32.7,67.3
2022-12-05 01:00:00,65.000733249998,24.731510683334,24.737343849998,18.24682542,0.7035714285714285,26.78214285714285,1,5.1764362714980825,70.66250196097344,1,0,12,0.2588190451025207,0.9659258262890684,0.0,1.0,-2.4492935982947064e-16,1.0,0.0,0.0,0.0,13.5,28.1,34.0,60.0,-7.8,2.733736,0.0,-0.9,18.22222225,26.54642857142857,26.5,26.5,26.5,26.2,-17.54325399142857,0.1599206621428557,0.1528571428571427,0.5507142857142858,0.7673333333333333,18.20260140928572,0.6414285714285738,4.172242,4.096418,4.134971,4.084336,4.075595,0,1.0,1,0.75,-1.11,31.0,69.0
2022-12-05 01:15:00,120.881831216666,65.842643988888,65.85097702222,18.22222225,0.7673333333333333,26.2,1,5.1764362714980825,70.66250196097344,1,0,12,0.2588190451025207,0.9659258262890684,0.0,1.0,-2.4492935982947064e-16,1.0,0.0,0.0,0.0,13.6,27.925,38.5,59.75,-7.899999999999999,2.708202,0.0,-0.975,18.16481483,26.78214285714285,26.54642857142857,26.5,26.5,26.466666666666665,-17.45488891666667,-0.0246031699999988,0.0637619047619048,0.7035714285714285,0.84,18.185317475952385,0.6738730158730183,4.075595,4.172242,4.096418,4.134971,4.1030617,0,1.0,0,0.75,-1.12,31.3,68.7
2022-12-05 01:30:00,173.384453211112,102.082860972222,102.09619382222,18.16481483,0.84,26.466666666666665,2,5.1764362714980825,70.66250196097344,1,0,12,0.2588190451025207,0.9659258262890684,0.0,1.0,-2.4492935982947064e-16,1.0,0.0,0.0,0.0,13.7,27.75,43.0,59.5,-8.0,2.6828492,0.0,-1.05,18.31111108,26.2,26.78214285714285,26.54642857142857,26.5,26.15,-17.32481483,-0.0574074200000005,0.0726666666666666,0.7673333333333333,0.94,18.2112875,0.7703015873015896,4.1030617,4.075595,4.172242,4.096418,4.0893383,0,0.0,1,1.0,-1.13,31.9,68.1
2022-12-05 01:45:00,66.921212011108,17.440413472222,17.445691094442,18.31111108,0.94,26.15,1,5.1764362714980825,70.66250196097344,1,0,12,0.2588190451025207,0.9659258262890684,0.0,1.0,-2.4492935982947064e-16,1.0,0.0,0.0,0.0,13.8,27.575,47.5,59.25,-8.1,2.6576786,0.0,-1.125,18.166666650000003,26.466666666666665,26.2,26.78214285714285,26.54642857142857,26.0,-17.37111108,0.1462962499999989,0.0999999999999999,0.84,0.9413333333333332,18.23271605333333,0.8491111111111134,4.0893383,4.1030617,4.075595,4.172242,4.0311604,0,0.0,1,1.0,-1.1,30.4,69.6
2022-12-05 02:00:00,180.41056103889,138.282524027778,138.301134449998,18.166666650000003,0.9413333333333332,26.0,2,5.1764362714980825,70.66250196097344,2,0,12,0.4999999999999999,0.8660254037844387,0.0,1.0,-2.4492935982947064e-16,1.0,0.0,0.0,0.0,13.9,27.4,52.0,59.0,-8.2,2.6326883,0.0,-1.2,18.36111108,26.15,26.466666666666665,26.2,26.78214285714285,25.65,-17.22533331666667,-0.1444444299999965,0.0013333333333332,0.94,0.9346666666666666,18.214197520000003,0.9071111111111132,4.0311604,4.0893383,4.1030617,4.075595,4.023064,0,0.0,1,1.0,-1.13,32.0,68.0
2022-12-05 02:15:00,56.711620394442,0.0,0.0,18.36111108,0.9346666666666666,25.65,0,5.1764362714980825,70.66250196097344,2,0,12,0.4999999999999999,0.8660254037844387,0.0,1.0,-2.4492935982947064e-16,1.0,0.0,0.0,0.0,13.625,27.3,39.0,59.0,-8.25,2.6235392,0.0,-1.25,18.22777778333333,26.0,26.15,26.466666666666665,26.2,25.5,-17.426444413333336,0.1944444299999972,-0.0066666666666665,0.9413333333333332,0.7919999999999999,18.279629603333337,0.938666666666669,4.023064,4.0311604,4.0893383,4.1030617,3.9680133,1,1.0,1,0.75,-1.09,30.0,70.0
2022-12-05 02:30:00,135.143482977776,88.210915872222,88.224248738886,18.22777778333333,0.7919999999999999,25.5,2,5.1764362714980825,70.66250196097344,2,0,12,0.4999999999999999,0.8660254037844387,0.0,1.0,-2.4492935982947064e-16,1.0,0.0,0.0,0.0,13.35,27.2,26.0,59.0,-8.3,2.6144185,0.0,-1.2999999999999998,18.23333334,25.65,26.0,26.15,26.466666666666665,25.45,-17.435777783333332,-0.1333332966666667,-0.1426666666666667,0.9346666666666666,0.624,18.25185183777778,0.8893333333333358,3.9680133,4.023064,4.0311604,4.0893383,3.9615402,0,1.0,1,0.75,-1.12,31.5,68.5
2022-12-05 02:45:00,114.941791077776,57.41214783889,57.4210364,18.23333334,0.624,25.45,1,5.1764362714980825,70.66250196097344,2,0,12,0.4999999999999999,0.8660254037844387,0.0,1.0,-2.4492935982947064e-16,1.0,0.0,0.0,0.0,13.075,27.1,13.0,59.0,-8.35,2.605325,0.0,-1.35,18.227777776666663,25.5,25.65,26.0,26.15,25.03333333333333,-17.609333340000003,0.0055555566666676,-0.1679999999999999,0.7919999999999999,0.75,18.27407406777778,0.7835555555555579,3.9615402,3.9680133,4.023064,4.0311604,3.895396,0,1.0,1,0.75,-1.12,31.4,68.6
2022-12-05 03:00:00,106.644345155556,44.043238183334,44.051849005554,18.227777776666663,0.75,25.03333333333333,1,5.1764362714980825,70.66250196097344,3,0,12,0.7071067811865476,0.7071067811865476,0.0,1.0,-2.4492935982947064e-16,1.0,0.0,0.0,0.0,12.8,27.0,0.0,59.0,-8.4,2.5962596,0.0,-1.4,18.07777782,25.45,25.5,25.65,26.0,25.3,-17.477777776666663,-0.0055555633333383,0.126,0.624,0.8066666666666666,18.22962963333333,0.7220000000000023,3.895396,3.9615402,3.9680133,4.023064,3.9019616,0,1.0,0,0.75,-1.12,31.6,68.4
2022-12-05 03:15:00,171.919233988892,101.144009644444,101.15789802222,18.07777782,0.8066666666666666,25.3,2,5.1764362714980825,70.66250196097344,3,0,12,0.7071067811865476,0.7071067811865476,0.0,1.0,-2.4492935982947064e-16,1.0,0.0,0.0,0.0,12.475,26.45,0.0,59.0,-8.425,2.5872216,0.0,-1.45,18.22222225,25.03333333333333,25.45,25.5,25.65,25.03333333333333,-17.271111153333337,-0.1499999566666616,0.0566666666666666,0.75,0.9553333333333334,18.17962964555556,0.7268888888888912,3.9019616,3.895396,3.9615402,3.9680133,3.8941116,0,0.0,1,1.0,-1.16,33.1,66.9
2022-12-05 03:30:00,150.752303,14.887460044444,14.889404433332,18.22222225,0.9553333333333334,25.03333333333333,1,5.1764362714980825,70.66250196097344,3,0,12,0.7071067811865476,0.7071067811865476,0.0,1.0,-2.4492935982947064e-16,1.0,0.0,0.0,0.0,12.15,25.9,0.0,59.0,-8.45,2.5782115,0.0,-1.5,18.07222223,25.3,25.03333333333333,25.45,25.5,25.0,-17.26688891666667,0.14444443,0.1486666666666667,0.8066666666666666,0.934,18.17592594888889,0.8373333333333357,3.8941116,3.9019616,3.895396,3.9615402,3.8544197,0,0.0,1,1.0,-1.12,31.6,68.4
2022-12-05 03:45:00,219.899259244444,131.726675172222,131.7413968,18.07222223,0.934,25.0,2,5.1764362714980825,70.66250196097344,3,0,12,0.7071067811865476,0.7071067811865476,0.0,1.0,-2.4492935982947064e-16,1.0,0.0,0.0,0.0,11.825,25.35,0.0,59.0,-8.475,2.5692286,0.0,-1.55,18.248148123333333,25.03333333333333,25.3,25.03333333333333,25.45,24.816666666666663,-17.13822223,-0.1500000200000002,-0.0213333333333334,0.9553333333333334,0.858,18.124074100000005,0.898666666666669,3.8544197,3.8941116,3.9019616,3.895396,3.8663547,0,0.0,1,1.0,-1.16,33.2,66.8
2022-12-05 04:00:00,83.72498416666801,13.25558083889,13.260580705554,18.248148123333333,0.858,24.816666666666663,1,5.1764362714980825,70.66250196097344,4,0,12,0.8660254037844386,0.5000000000000001,0.0,1.0,-2.4492935982947064e-16,1.0,0.0,0.0,0.0,11.5,24.8,0.0,59.0,-8.5,2.5602736,0.0,-1.6,18.13333335,25.0,25.03333333333333,25.3,25.03333333333333,24.9,-17.390148123333333,0.175925893333332,-0.0759999999999999,0.934,0.8993333333333333,18.18086420111112,0.91577777777778,3.8663547,3.8544197,3.8941116,3.9019616,3.8529716,0,0.0,1,1.0,-1.12,31.4,68.6
2022-12-05 04:15:00,129.151778188888,70.357463372222,70.368574094442,18.13333335,0.8993333333333333,24.9,1,5.1764362714980825,70.66250196097344,4,0,12,0.8660254037844386,0.5000000000000001,0.0,1.0,-2.4492935982947064e-16,1.0,0.0,0.0,0.0,11.425,23.9,0.0,59.25,-8.525,2.557684,0.0,-1.675,18.105555566666663,24.816666666666663,25.0,25.03333333333333,25.3,25.28333333333333,-17.234000016666663,-0.114814773333336,0.0413333333333333,0.858,0.9093333333333332,18.15123456777778,0.8971111111111134,3.8529716,3.8663547,3.8544197,3.8941116,3.9058356,0,0.0,0,1.0,-1.14,32.6,67.4
2022-12-05 04:30:00,134.788774916666,76.76998466111,76.781650911108,18.105555566666663,0.9093333333333332,25.28333333333333,2,5.1764362714980825,70.66250196097344,4,0,12,0.8660254037844386,0.5000000000000001,0.0,1.0,-2.4492935982947064e-16,1.0,0.0,0.0,0.0,11.35,23.0,0.0,59.5,-8.55,2.5550437,0.0,-1.75,18.21666666,24.9,24.816666666666663,25.0,25.03333333333333,24.7,-17.196222233333334,-0.027777783333331,0.01,0.8993333333333333,0.972,18.16234568,0.8888888888888914,3.9058356,3.8529716,3.8663547,3.8544197,3.8409917,0,0.0,1,1.0,-1.15,32.8,67.2
2022-12-05 04:45:00,84.507175227774,16.511284005554,16.51517278333,18.21666666,0.972,24.7,1,5.1764362714980825,70.66250196097344,4,0,12,0.8660254037844386,0.5000000000000001,0.0,1.0,-2.4492935982947064e-16,1.0,0.0,0.0,0.0,11.275,22.1,0.0,59.75,-8.575,2.5523522,0.0,-1.825,18.0351852,25.28333333333333,24.9,24.816666666666663,25.0,25.15,-17.244666659999996,0.1111110933333314,0.0626666666666666,0.9093333333333332,0.972,18.15185185888889,0.9268888888888912,3.8409917,3.9058356,3.8529716,3.8663547,3.8690171,0,0.0,1,1.0,-1.13,31.8,68.2
2022-12-05 05:00:00,179.042838033332,122.735368155556,122.75203422222,18.0351852,0.972,25.15,2,5.1764362714980825,70.66250196097344,5,0,12,0.9659258262890684,0.2588190451025207,0.0,1.0,-2.4492935982947064e-16,1.0,0.0,0.0,0.0,11.2,21.2,0.0,60.0,-8.6,2.5496101,0.0,-1.9,18.20000003,24.7,25.28333333333333,24.9,24.816666666666663,25.1,-17.0631852,-0.1814814599999969,0.0,0.972,0.8826666666666667,18.11913580888889,0.9511111111111136,3.8690171,3.8409917,3.9058356,3.8529716,3.899333,0,0.0,1,1.0,-1.17,33.6,66.4
2022-12-05 05:15:00,63.82966904444,22.468823427778,22.47576768333,18.20000003,0.8826666666666667,25.1,1,5.1764362714980825,70.66250196097344,5,0,12,0.9659258262890684,0.2588190451025207,0.0,1.0,-2.4492935982947064e-16,1.0,0.0,0.0,0.0,11.675,21.925,0.0,59.75,-8.675,2.534545,0.0,-1.925,18.112962983333333,25.15,24.7,25.28333333333333,24.9,24.53333333333333,-17.317333363333336,0.1648148300000009,-0.0893333333333332,0.972,0.93,18.150617296666667,0.9422222222222246,3.899333,3.8690171,3.8409917,3.9058356,3.791642,0,0.0,1,1.0,-1.13,31.8,68.2
2022-12-05 05:30:00,128.293479238886,79.7326439,79.745143449998,18.112962983333333,0.93,24.53333333333333,2,5.1764362714980825,70.66250196097344,5,0,12,0.9659258262890684,0.2588190451025207,0.0,1.0,-2.4492935982947064e-16,1.0,0.0,0.0,0.0,12.15,22.65,0.0,59.5,-8.75,2.5195243,0.0,-1.95,18.16666665,25.1,25.15,24.7,25.28333333333333,24.75,-17.182962983333333,-0.0870370466666692,0.0473333333333332,0.8826666666666667,0.984,18.116049404444446,0.9282222222222244,3.791642,3.899333,3.8690171,3.8409917,3.8373544,0,0.0,1,1.0,-1.15,32.9,67.1
2022-12-05 05:45:00,123.302012272218,77.42968043889,77.44245776111,18.16666665,0.984,24.75,2,5.1764362714980825,70.66250196097344,5,0,12,0.9659258262890684,0.2588190451025207,0.0,1.0,-2.4492935982947064e-16,1.0,0.0,0.0,0.0,12.625,23.375,0.0,59.25,-8.825,2.504547,0.0,-1.975,18.24444442,24.53333333333333,25.1,25.15,24.7,24.066666666666663,-17.18266665,0.0537036666666672,0.054,0.93,1.0513333333333337,18.15987655444445,0.9322222222222246,3.8373544,3.791642,3.899333,3.8690171,3.7486827,0,0.0,0,1.0,-1.14,32.3,67.7
2022-12-05 06:00:00,87.021519099996,30.597664944444,30.604886938886,18.24444442,1.0513333333333337,24.066666666666663,1,5.1764362714980825,70.66250196097344,6,0,12,1.0,6.123233995736766e-17,0.0,1.0,-2.4492935982947064e-16,1.0,0.0,0.0,0.0,13.1,24.1,0.0,59.0,-8.9,2.4896138,0.0,-2.0,18.06111111,24.75,24.53333333333333,25.1,25.15,24.35,-17.193111086666665,0.0777777699999973,0.0673333333333334,0.984,1.106,18.17469135111111,0.9884444444444468,3.7486827,3.8373544,3.791642,3.899333,3.7517269,0,0.0,1,1.0,-1.12,31.6,68.4
2022-12-05 06:15:00,178.96673004444,116.595613755556,116.610335433332,18.06111111,1.106,24.35,2,5.1764362714980825,70.66250196097344,6,0,12,1.0,6.123233995736766e-17,0.0,1.0,-2.4492935982947064e-16,1.0,0.0,0.0,0.0,13.65,25.450000000000003,0.0,58.5,-9.0,2.472844,0.0,-1.975,18.238888893333336,24.066666666666663,24.75,24.53333333333333,25.1,24.133333333333333,-16.95511111,-0.1833333099999947,0.0546666666666666,1.0513333333333337,1.1166666666666667,18.157407393333333,1.0471111111111135,3.7517269,3.7486827,3.8373544,3.791642,3.7578278,0,0.0,1,1.0,-1.16,33.5,66.5
2022-12-05 06:30:00,56.002204372218,0.0,0.0,18.238888893333336,1.1166666666666667,24.133333333333333,0,5.1764362714980825,70.66250196097344,6,0,12,1.0,6.123233995736766e-17,0.0,1.0,-2.4492935982947064e-16,1.0,0.0,0.0,0.0,14.2,26.8,0.0,58.0,-9.1,2.4560068,0.0,-1.95,18.07777777,24.35,24.066666666666663,24.75,24.53333333333333,23.85,-17.12222222666667,0.1777777833333331,0.0106666666666666,1.106,0.9346666666666666,18.18148147444445,1.091333333333336,3.7578278,3.7517269,3.7486827,3.8373544,3.6783314,1,1.0,1,0.75,-1.12,31.7,68.3
2022-12-05 06:45:00,141.132132288888,99.426022766668,99.440744444444,18.07777777,0.9346666666666666,23.85,2,5.1764362714980825,70.66250196097344,6,0,12,1.0,6.123233995736766e-17,0.0,1.0,-2.4492935982947064e-16,1.0,0.0,0.0,0.0,14.75,28.15,0.0,57.5,-9.2,2.4391017,0.0,-1.925,18.185185166666667,24.133333333333333,24.35,24.066666666666663,24.75,23.816666666666663,-17.143111103333336,-0.1611111233333346,-0.182,1.1166666666666667,0.7813333333333333,18.125925924444445,1.052444444444447,3.6783314,3.7578278,3.7517269,3.7486827,3.696711,0,1.0,1,0.75,-1.16,33.5,66.5
2022-12-05 07:00:00,89.659191388884,48.1805727,48.191127894442005,18.185185166666667,0.7813333333333333,23.816666666666663,1,5.1764362714980825,70.66250196097344,7,0,12,0.9659258262890684,-0.2588190451025206,0.0,1.0,-2.4492935982947064e-16,1.0,0.0,0.0,0.0,15.3,29.5,0.0,57.0,-9.3,2.4221294,0.0,-1.9,18.17777776,23.85,24.133333333333333,24.35,24.066666666666663,23.2,-17.403851833333334,0.1074073966666659,-0.1533333333333333,0.9346666666666666,0.69,18.16728394333333,0.9442222222222244,3.696711,3.6783314,3.7578278,3.7517269,3.5994112,0,1.0,1,0.75,-1.14,32.3,67.7
2022-12-05 07:15:00,132.118326172222,77.024141127778,77.03552962222,18.17777776,0.69,23.2,2,5.1764362714980825,70.66250196097344,7,0,12,0.9659258262890684,-0.2588190451025206,0.0,1.0,-2.4492935982947064e-16,1.0,0.0,0.0,0.0,15.825,30.225,0.0,56.5,-9.275,2.4262178,0.0,-1.75,18.21296296,23.816666666666663,23.85,24.133333333333333,24.35,23.466666666666665,-17.48777776,-0.0074074066666653,-0.0913333333333333,0.7813333333333333,0.786,18.146913565555558,0.8020000000000023,3.5994112,3.696711,3.6783314,3.7578278,3.6483996,0,1.0,1,0.75,-1.14,32.5,67.5
2022-12-05 07:30:00,151.92864482777802,94.6537137,94.668157605554,18.21296296,0.786,23.466666666666665,2,5.1764362714980825,70.66250196097344,7,0,12,0.9659258262890684,-0.2588190451025206,0.0,1.0,-2.4492935982947064e-16,1.0,0.0,0.0,0.0,16.35,30.95,0.0,56.0,-9.25,2.4300904,0.0,-1.6,18.24999999,23.2,23.816666666666663,23.85,24.133333333333333,23.2,-17.42696296,0.0351852000000008,0.096,0.69,0.8506666666666667,18.19197529555556,0.7524444444444468,3.6483996,3.5994112,3.696711,3.6783314,3.6148808,0,0.0,0,1.0,-1.13,32.1,67.9
2022-12-05 07:45:00,87.820653766664,35.534689655556,35.543578266664,18.24999999,0.8506666666666667,23.2,1,5.1764362714980825,70.66250196097344,7,0,12,0.9659258262890684,-0.2588190451025206,0.0,1.0,-2.4492935982947064e-16,1.0,0.0,0.0,0.0,16.875,31.675,0.0,55.5,-9.225,2.4337425,0.0,-1.45,18.075925936666668,23.466666666666665,23.2,23.816666666666663,23.85,23.466666666666665,-17.399333323333334,0.0370370299999969,0.0646666666666666,0.786,1.004,18.21358023666667,0.7755555555555579,3.6148808,3.6483996,3.5994112,3.696711,3.6188123,0,0.0,1,1.0,-1.13,31.8,68.2
2022-12-05 08:00:00,163.824280249994,113.403519227778,113.420463049998,18.075925936666668,1.004,23.466666666666665,2,5.1764362714980825,70.66250196097344,8,0,12,0.8660254037844387,-0.4999999999999998,0.0,1.0,-2.4492935982947064e-16,1.0,0.0,0.0,0.0,17.4,32.4,0.0,55.0,-9.2,2.43717,0.0,-1.3,18.2611111,23.2,23.466666666666665,23.2,23.816666666666663,23.15,-17.071925936666666,-0.1740740533333316,0.1533333333333333,0.8506666666666667,1.232,18.17962962888889,0.8802222222222246,3.6188123,3.6148808,3.6483996,3.5994112,3.60947,0,0.0,1,1.0,-1.17,33.6,66.4
2022-12-05 08:15:00,48.17779514444,0.0,0.0,18.2611111,1.232,23.15,0,5.1764362714980825,70.66250196097344,8,0,12,0.8660254037844387,-0.4999999999999998,0.0,1.0,-2.4492935982947064e-16,1.0,4.0,1.0,0.3333333333333333,17.325,32.75,13.0,54.25,-9.3,2.4123223,0.0,-1.25,18.105555563333333,23.466666666666665,23.2,23.466666666666665,23.2,23.183333333333334,-17.0291111,0.1851851633333332,0.2279999999999999,1.004,1.4773333333333334,18.19567900888889,1.0288888888888914,3.60947,3.6188123,3.6148808,3.6483996,3.5814223,1,1.0,1,0.75,-1.12,31.7,68.3
2022-12-05 08:30:00,161.561315088888,119.864927427778,119.882149005554,18.105555563333333,1.4773333333333334,23.183333333333334,2,5.1764362714980825,70.66250196097344,8,0,12,0.8660254037844387,-0.4999999999999998,0.0,1.0,-2.4492935982947064e-16,1.0,8.0,3.0,1.0,17.25,33.099999999999994,26.0,53.5,-9.4,2.3872683,0.0,-1.2000000000000002,18.24444444,23.15,23.466666666666665,23.2,23.466666666666665,23.1,-16.62822223,-0.1555555366666681,0.2453333333333334,1.232,1.774,18.147530866666667,1.23777777777778,3.5814223,3.60947,3.6188123,3.6148808,3.598112,0,1.0,1,0.75,-1.16,33.3,66.7
2022-12-05 08:45:00,394.622270027778,27.455012855556,27.463901433332,18.24444444,1.774,23.1,1,5.1764362714980825,70.66250196097344,8,0,12,0.8660254037844387,-0.4999999999999998,0.0,1.0,-2.4492935982947064e-16,1.0,12.0,6.0,2.0,17.175,33.45,39.0,52.75,-9.5,2.362007,0.0,-1.15,18.200000026666665,23.183333333333334,23.15,23.466666666666665,23.2,22.716666666666665,-16.470444439999998,0.138888876666666,0.2966666666666666,1.4773333333333334,2.1853333333333333,18.203703701111117,1.494444444444447,3.598112,3.5814223,3.60947,3.6188123,3.529077,0,1.0,1,0.75,-1.13,31.8,68.2
2022-12-05 09:00:00,137.103404577776,70.404128188888,70.414405577776,18.200000026666665,2.1853333333333333,22.716666666666665,1,5.1764362714980825,70.66250196097344,9,0,12,0.7071067811865476,-0.7071067811865475,0.0,1.0,-2.4492935982947064e-16,1.0,16.0,10.0,3.333333333333333,17.1,33.8,52.0,52.0,-9.6,2.336537,0.0,-1.1,18.2,23.1,23.183333333333334,23.15,23.466666666666665,23.25,-16.014666693333332,-0.0444444133333341,0.4113333333333333,1.774,2.4673333333333334,18.18333334333333,1.8122222222222248,3.529077,3.598112,3.5814223,3.60947,3.6119316,0,1.0,0,0.75,-1.14,32.4,67.6
2022-12-05 09:15:00,132.733023833332,77.535787327778,77.548286894442,18.2,2.4673333333333334,23.25,2,5.1764362714980825,70.66250196097344,9,0,12,0.7071067811865476,-0.7071067811865475,0.0,1.0,-2.4492935982947064e-16,1.0,45.0,20.25,7.083333333333333,16.35,33.9,61.5,51.5,-9.3,2.3916373,0.0,-0.625,18.501851866666662,22.716666666666665,23.1,23.183333333333334,23.15,22.566666666666663,-15.732666666666669,-2.666666532036288e-08,0.282,2.1853333333333333,2.707333333333333,18.214814822222223,2.1422222222222245,3.6119316,3.529077,3.598112,3.5814223,3.5691152,0,0.0,1,1.0,-1.14,32.3,67.7
2022-12-05 09:30:00,213.577012227774,0.0,0.0,18.501851866666662,2.707333333333333,22.566666666666663,0,5.1764362714980825,70.66250196097344,9,0,12,0.7071067811865476,-0.7071067811865475,0.0,1.0,-2.4492935982947064e-16,1.0,74.0,36.75,13.25,15.6,34.0,71.0,51.0,-9.0,2.4474826,0.0,-0.15,18.51666668,23.25,22.716666666666665,23.1,23.183333333333334,22.85,-15.794518533333331,0.3018518666666665,0.2399999999999997,2.4673333333333334,3.04,18.30061729777778,2.453333333333336,3.5691152,3.6119316,3.529077,3.598112,3.6171002,1,1.0,1,0.75,-1.07,29.3,70.7
2022-12-05 09:45:00,57.196323105558,0.0,0.0,18.51666668,3.04,22.85,0,5.1764362714980825,70.66250196097344,9,0,12,0.7071067811865476,-0.7071067811865475,0.0,1.0,-2.4492935982947064e-16,1.0,103.0,59.5,21.83333333333333,14.85,34.1,80.5,50.5,-8.7,2.5040605,0.0,0.3250000000000002,18.5,22.566666666666663,23.25,22.716666666666665,23.1,23.183333333333334,-15.47666668,0.0148148133333343,0.3326666666666669,2.707333333333333,3.6006666666666667,18.40617284888889,2.738222222222225,3.6171002,3.5691152,3.6119316,3.529077,3.6662438,0,2.0,0,0.5,-1.07,29.1,70.9
2022-12-05 10:00:00,136.845359333332,89.0914362,89.10449127777599,18.5,3.6006666666666667,23.183333333333334,2,5.1764362714980825,70.66250196097344,10,0,12,0.4999999999999999,-0.8660254037844387,0.0,1.0,-2.4492935982947064e-16,1.0,132.0,88.5,32.833333333333336,14.1,34.2,90.0,50.0,-8.4,2.5613604,0.0,0.8,18.49444444,22.85,22.566666666666663,23.25,22.716666666666665,24.1,-14.899333333333333,-0.0166666800000001,0.5606666666666666,3.04,4.016666666666667,18.50617284888889,3.116000000000002,3.6662438,3.6171002,3.5691152,3.6119316,3.8099523,0,2.0,1,0.5,-1.07,29.2,70.8
2022-12-05 10:15:00,105.324120216666,48.375564866668,48.385008955556,18.49444444,4.016666666666667,24.1,1,5.1764362714980825,70.66250196097344,10,0,12,0.4999999999999999,-0.8660254037844387,0.0,1.0,-2.4492935982947064e-16,1.0,164.0,118.25,46.5,14.075,33.575,92.25,49.0,-8.225,2.5973322,0.0,1.3,18.46851849333333,23.183333333333334,22.85,22.566666666666663,23.25,23.75,-14.477777773333331,-0.0055555600000012,0.4159999999999999,3.6006666666666667,4.3373333333333335,18.503703706666663,3.552444444444447,3.8099523,3.6662438,3.6171002,3.5691152,3.7488585,0,2.0,1,0.5,-1.07,29.0,71.0
2022-12-05 10:30:00,62.702491849998005,0.0,0.0,18.46851849333333,4.3373333333333335,23.75,0,5.1764362714980825,70.66250196097344,10,0,12,0.4999999999999999,-0.8660254037844387,0.0,1.0,-2.4492935982947064e-16,1.0,196.0,148.75,62.833333333333336,14.05,32.95,94.5,48.0,-8.05,2.6323347,0.0,1.7999999999999998,18.74999998,24.1,23.183333333333334,22.85,22.566666666666663,23.6,-14.131185159999998,-0.0259259466666677,0.3206666666666669,4.016666666666667,4.952,18.48765431111111,3.984888888888891,3.7488585,3.8099523,3.6662438,3.6171002,3.787777,1,2.0,1,0.5,-1.07,29.4,70.6
2022-12-05 10:45:00,83.441940072218,40.427549516666,40.436438094442,18.74999998,4.952,23.6,1,5.1764362714980825,70.66250196097344,10,0,12,0.4999999999999999,-0.8660254037844387,0.0,1.0,-2.4492935982947064e-16,1.0,228.0,180.0,81.83333333333333,14.025,32.325,96.75,47.0,-7.875,2.6662714,0.0,2.3,18.94814815,23.75,24.1,23.183333333333334,22.85,23.4,-13.797999979999998,0.2814814866666673,0.6146666666666665,4.3373333333333335,5.318,18.570987637777776,4.435333333333335,3.787777,3.7488585,3.8099523,3.6662438,3.7999084,0,1.0,1,0.75,-1.01,26.6,73.4
2022-12-05 11:00:00,137.022574444444,95.621174983334,95.635341149998,18.94814815,5.318,23.4,2,5.1764362714980825,70.66250196097344,11,0,12,0.258819045102521,-0.9659258262890682,0.0,1.0,-2.4492935982947064e-16,1.0,260.0,212.0,103.5,14.0,31.7,99.0,46.0,-7.7,2.699041,0.0,2.8,18.88333334,23.6,23.75,24.1,23.183333333333334,23.6,-13.630148150000002,0.1981481700000031,0.3659999999999996,4.952,5.322,18.72222220777778,4.869111111111113,3.7999084,3.787777,3.7488585,3.8099523,3.8177447,0,1.0,1,0.75,-0.97,24.8,75.2
2022-12-05 11:15:00,51.996531322216,0.0,0.0,18.88333334,5.322,23.6,0,5.1764362714980825,70.66250196097344,11,0,12,0.258819045102521,-0.9659258262890682,0.0,1.0,-2.4492935982947064e-16,1.0,284.5,242.125,126.875,14.225,32.15,99.25,44.25,-7.8,2.685029,0.0,3.3,18.77592592,23.4,23.6,23.75,24.1,23.03333333333333,-13.56133334,-0.0648148100000014,0.0040000000000004,5.318,5.634,18.860493823333336,5.197333333333336,3.8177447,3.7999084,3.787777,3.7488585,3.7024984,1,2.0,1,0.5,-0.98,25.3,74.7
2022-12-05 11:30:00,95.582843349994,43.023556755556,43.031889788888,18.77592592,5.634,23.03333333333333,1,5.1764362714980825,70.66250196097344,11,0,12,0.258819045102521,-0.9659258262890682,0.0,1.0,-2.4492935982947064e-16,1.0,309.0,270.375,151.95833333333334,14.45,32.6,99.5,42.5,-7.9,2.6665387,0.0,3.8,18.64444445,23.6,23.4,23.6,23.75,23.7,-13.141925920000002,-0.1074074199999977,0.3120000000000003,5.322,6.274,18.869135803333336,5.42466666666667,3.7024984,3.8177447,3.7999084,3.787777,3.7801476,0,1.0,1,0.75,-1.01,26.5,73.5
2022-12-05 11:45:00,155.540444866664,98.7435501,98.758549533332,18.64444445,6.274,23.7,2,5.1764362714980825,70.66250196097344,11,0,12,0.258819045102521,-0.9659258262890682,0.0,1.0,-2.4492935982947064e-16,1.0,333.5,296.75,178.75,14.675,33.05,99.75,40.75,-8.0,2.6433184,0.0,4.3,18.84814816,23.03333333333333,23.6,23.4,23.6,23.816666666666663,-12.370444449999995,-0.1314814700000042,0.6399999999999997,5.634,6.826666666666667,18.76790123666667,5.743333333333336,3.7801476,3.7024984,3.8177447,3.7999084,3.844794,0,1.0,1,0.75,-1.03,27.6,72.4
2022-12-05 12:00:00,54.922247538886,0.0,0.0,18.84814816,6.826666666666667,23.816666666666663,0,5.1764362714980825,70.66250196097344,12,0,12,1.2246467991473532e-16,-1.0,0.0,1.0,-2.4492935982947064e-16,1.0,358.0,321.25,207.25,14.9,33.5,100.0,39.0,-8.1,2.615107,0.0,4.8,19.09444444,23.7,23.03333333333333,23.6,23.4,23.15,-12.021481493333331,0.2037037100000027,0.5526666666666671,6.274,7.578666666666667,18.75617284333333,6.244888888888892,3.844794,3.7801476,3.7024984,3.8177447,3.7919047,1,2.0,1,0.5,-0.99,25.6,74.4
2022-12-05 12:15:00,77.524954427778,27.732779511112,27.738890433332,19.09444444,7.578666666666667,23.15,1,5.1764362714980825,70.66250196097344,12,0,12,1.2246467991473532e-16,-1.0,0.0,1.0,-2.4492935982947064e-16,1.0,362.0,340.625,233.66666666666663,14.575,33.5,100.0,37.75,-8.175,2.5905285,0.0,5.15,19.2462963,23.816666666666663,23.7,23.03333333333333,23.6,23.183333333333334,-11.515777773333332,0.2462962799999992,0.7519999999999998,6.826666666666667,7.870666666666667,18.86234568333333,6.893111111111114,3.7919047,3.844794,3.7801476,3.7024984,3.831504,0,1.0,1,0.75,-0.94,23.5,76.5
2022-12-05 12:30:00,148.183239116666,107.06766153889,107.08488318333,19.2462963,7.870666666666667,23.183333333333334,2,5.1764362714980825,70.66250196097344,12,0,12,1.2246467991473532e-16,-1.0,0.0,1.0,-2.4492935982947064e-16,1.0,366.0,354.875,258.0,14.25,33.5,100.0,36.5,-8.25,2.5631957,0.0,5.5,19.33333333,23.15,23.816666666666663,23.7,23.03333333333333,23.1,-11.375629633333334,0.1518518600000007,0.2919999999999998,7.578666666666667,8.196,19.06296296666667,7.425333333333335,3.831504,3.7919047,3.844794,3.7801476,3.837349,0,1.0,1,0.75,-0.9,22.1,77.9
2022-12-05 12:45:00,45.066530716662,0.0,0.0,19.33333333,8.196,23.1,0,5.1764362714980825,70.66250196097344,12,0,12,1.2246467991473532e-16,-1.0,0.0,1.0,-2.4492935982947064e-16,1.0,370.0,364.0,280.25,13.925,33.5,100.0,35.25,-8.325,2.5330071,0.0,5.85,19.25555553333333,23.183333333333334,23.15,23.816666666666663,23.7,22.53333333333333,-11.137333330000002,0.0870370300000011,0.325333333333333,7.870666666666667,8.517333333333333,19.224691356666668,7.88177777777778,3.837349,3.831504,3.7919047,3.844794,3.726111,1,2.0,1,0.5,-0.88,21.4,78.6
2022-12-05 13:00:00,91.22023996111,30.512112783334,30.519056988888,19.25555553333333,8.517333333333333,22.53333333333333,1,5.1764362714980825,70.66250196097344,13,0,12,-0.2588190451025208,-0.9659258262890684,0.0,1.0,-2.4492935982947064e-16,1.0,374.0,368.0,300.4166666666667,13.6,33.5,100.0,34.0,-8.4,2.4998612,0.0,6.2,18.99444441,23.1,23.183333333333334,23.15,23.816666666666663,22.85,-10.7382222,-0.0777777966666697,0.3213333333333334,8.196,8.416666666666666,19.278395054444445,8.194666666666668,3.726111,3.837349,3.831504,3.7919047,3.7207496,0,1.0,1,0.75,-0.9,22.2,77.8
2022-12-05 13:15:00,160.35636333888598,103.780293072222,103.795570294442,18.99444441,8.416666666666666,22.85,2,5.1764362714980825,70.66250196097344,13,0,12,-0.2588190451025208,-0.9659258262890684,0.0,1.0,-2.4492935982947064e-16,1.0,364.75,368.6875,317.1458333333333,13.375,32.775,100.0,33.5,-8.4,2.4955149,0.0,6.4,18.90370366333333,22.53333333333333,23.1,23.183333333333334,23.15,22.816666666666663,-10.57777774333333,-0.2611111233333361,-0.1006666666666671,8.517333333333333,8.384666666666668,19.194444424444445,8.37666666666667,3.7207496,3.726111,3.837349,3.831504,3.6954694,0,1.0,1,0.75,-0.96,24.5,75.5
2022-12-05 13:30:00,49.740232661106,0.0,0.0,18.90370366333333,8.384666666666668,22.816666666666663,0,5.1764362714980825,70.66250196097344,13,0,12,-0.2588190451025208,-0.9659258262890684,0.0,1.0,-2.4492935982947064e-16,1.0,355.5,366.0625,330.4375,13.15,32.05,100.0,33.0,-8.4,2.4905672,0.0,6.6,18.70555557,22.85,22.53333333333333,23.1,23.183333333333334,22.55,-10.519036996666664,-0.0907407466666647,-0.0319999999999982,8.416666666666666,8.234,19.051234535555555,8.439555555555557,3.6954694,3.7207496,3.726111,3.837349,3.6097512,1,2.0,1,0.5,-0.98,25.3,74.7
2022-12-05 13:45:00,94.832595527774,44.60460466111,44.612659938886,18.70555557,8.234,22.55,1,5.1764362714980825,70.66250196097344,13,0,12,-0.2588190451025208,-0.9659258262890684,0.0,1.0,-2.4492935982947064e-16,1.0,346.25,360.125,340.2916666666667,12.925,31.325000000000003,100.0,32.5,-8.4,2.4850054,0.0,6.8,18.62407409333333,22.816666666666663,22.85,22.53333333333333,23.1,23.15,-10.47155557,-0.1981480933333301,-0.1506666666666678,8.384666666666668,8.036,18.867901214444444,8.345111111111114,3.6097512,3.6954694,3.7207496,3.726111,3.687973,0,1.0,1,0.75,-1.03,27.3,72.7
2022-12-05 14:00:00,141.51128373889,97.550264516666,97.563875138886,18.62407409333333,8.036,23.15,2,5.1764362714980825,70.66250196097344,14,0,12,-0.4999999999999997,-0.8660254037844388,0.0,1.0,-2.4492935982947064e-16,1.0,337.0,350.875,346.7083333333333,12.7,30.6,100.0,32.0,-8.4,2.4788156,0.0,7.0,18.70555554,22.55,22.816666666666663,22.85,22.53333333333333,23.1,-10.588074093333336,-0.0814814766666671,-0.1980000000000004,8.234,8.07,18.74444444222222,8.218222222222225,3.687973,3.6097512,3.6954694,3.7207496,3.6977942,0,1.0,1,0.75,-1.04,27.9,72.1
2022-12-05 14:15:00,45.18680370555,0.0,0.0,18.70555554,8.07,23.1,0,5.1764362714980825,70.66250196097344,14,0,12,-0.4999999999999997,-0.8660254037844388,0.0,1.0,-2.4492935982947064e-16,1.0,326.0,341.1875,350.1666666666667,12.6,30.05,100.0,32.0,-8.35,2.4990273,0.0,7.125,18.505555583333333,23.15,22.55,22.816666666666663,22.85,22.53333333333333,-10.63555554,0.0814814466666646,0.0340000000000006,8.036,8.178666666666667,18.678395067777775,8.113333333333337,3.6977942,3.687973,3.6097512,3.6954694,3.5646253,1,2.0,1,0.5,-1.02,27.1,72.9
2022-12-05 14:30:00,442.623127816662,61.2583829,61.27032692222,18.505555583333333,8.178666666666667,22.53333333333333,1,5.1764362714980825,70.66250196097344,14,0,12,-0.4999999999999997,-0.8660254037844388,0.0,1.0,-2.4492935982947064e-16,1.0,315.0,331.0625,350.6666666666667,12.5,29.5,100.0,32.0,-8.3,2.5193822,0.0,7.25,18.48333334,23.1,23.15,22.55,22.816666666666663,23.1,-10.326888916666666,-0.1999999566666659,0.1086666666666662,8.07,8.202666666666667,18.61172840555556,8.09488888888889,3.5646253,3.6977942,3.687973,3.6097512,3.6494596,0,1.0,1,0.75,-1.07,29.3,70.7
2022-12-05 14:45:00,155.019076805554,73.715940111112,73.725661988888,18.48333334,8.202666666666667,23.1,2,5.1764362714980825,70.66250196097344,14,0,12,-0.4999999999999997,-0.8660254037844388,0.0,1.0,-2.4492935982947064e-16,1.0,304.0,320.5,348.2083333333333,12.4,28.95,100.0,32.0,-8.25,2.5398824,0.0,7.375,18.59444446333333,22.53333333333333,23.1,23.15,22.55,22.383333333333333,-10.280666673333334,-0.0222222433333314,0.0240000000000009,8.178666666666667,8.034,18.564814821111117,8.150444444444446,3.6494596,3.5646253,3.6977942,3.687973,3.559588,0,1.0,1,0.75,-1.07,29.4,70.6
2022-12-05 15:00:00,94.048182372222,25.827300216666,25.840077488888,18.59444446333333,8.034,22.383333333333333,1,5.1764362714980825,70.66250196097344,15,0,12,-0.7071067811865471,-0.7071067811865479,0.0,1.0,-2.4492935982947064e-16,1.0,293.0,309.5,342.7916666666667,12.3,28.4,100.0,32.0,-8.2,2.5605276,0.0,7.5,18.47777775,23.1,22.53333333333333,23.1,23.15,22.7,-10.560444463333331,0.1111111233333304,-0.1686666666666667,8.202666666666667,8.09,18.527777795555554,8.138444444444447,3.559588,3.6494596,3.5646253,3.6977942,3.585085,0,1.0,1,0.75,-1.05,28.4,71.6
2022-12-05 15:15:00,160.137205405554,108.705373811112,108.737594805554,18.47777775,8.09,22.7,2,5.1764362714980825,70.66250196097344,15,0,12,-0.7071067811865471,-0.7071067811865479,0.0,1.0,-2.4492935982947064e-16,1.0,272.0,296.0,335.2916666666667,12.675,28.675,100.0,32.25,-8.225,2.5638747,0.0,7.4,18.579629636666667,22.383333333333333,23.1,22.53333333333333,23.1,22.816666666666663,-10.387777749999998,-0.1166667133333341,0.0559999999999991,8.034,8.168666666666667,18.51851851777778,8.108888888888892,3.585085,3.559588,3.6494596,3.5646253,3.6253195,0,0.0,1,1.0,-1.08,29.5,70.5
2022-12-05 15:30:00,56.166086716662,0.0,0.0,18.579629636666667,8.168666666666667,22.816666666666663,0,5.1764362714980825,70.66250196097344,15,0,12,-0.7071067811865471,-0.7071067811865479,0.0,1.0,-2.4492935982947064e-16,1.0,251.0,280.0,325.7083333333333,13.05,28.95,100.0,32.5,-8.25,2.5670586,0.0,7.3,18.4277778,22.7,22.383333333333333,23.1,22.53333333333333,22.25,-10.41096297,0.1018518866666688,0.0786666666666668,8.09,8.097333333333333,18.55061728333333,8.097555555555559,3.6253195,3.585085,3.559588,3.6494596,3.5036168,1,1.0,1,0.75,-1.05,28.5,71.5
2022-12-05 15:45:00,89.947513138886,47.414214455556,47.432547072222,18.4277778,8.097333333333333,22.25,1,5.1764362714980825,70.66250196097344,15,0,12,-0.7071067811865471,-0.7071067811865479,0.0,1.0,-2.4492935982947064e-16,1.0,230.0,261.5,314.0416666666667,13.425,29.225,100.0,32.75,-8.275,2.5700796,0.0,7.199999999999999,18.36666668,22.816666666666663,22.7,22.383333333333333,23.1,23.116666666666667,-10.330444466666668,-0.1518518366666654,-0.0713333333333334,8.168666666666667,7.903333333333333,18.49506172888889,8.11866666666667,3.5036168,3.6253195,3.585085,3.559588,3.6269195,0,1.0,1,0.75,-1.09,30.1,69.9
2022-12-05 16:00:00,145.857776522224,88.007868444444,88.0289787,18.36666668,7.903333333333333,23.116666666666667,2,5.1764362714980825,70.66250196097344,16,0,12,-0.8660254037844385,-0.5000000000000004,0.0,1.0,-2.4492935982947064e-16,1.0,209.0,240.5,300.2916666666667,13.8,29.5,100.0,33.0,-8.3,2.5729413,0.0,7.1,18.52222225,22.25,22.816666666666663,22.7,22.383333333333333,23.15,-10.463333346666666,-0.0611111200000031,-0.1939999999999999,8.097333333333333,7.604,18.458024705555555,8.056444444444447,3.6269195,3.5036168,3.6253195,3.585085,3.6657963,0,1.0,1,0.75,-1.1,30.6,69.4
2022-12-05 16:15:00,71.429920472222,0.0,0.0,18.52222225,7.604,23.15,0,5.1764362714980825,70.66250196097344,16,0,12,-0.8660254037844385,-0.5000000000000004,0.0,1.0,-2.4492935982947064e-16,1.0,178.25,217.0625,284.75,13.825,29.225,100.0,33.0,-8.450000000000001,2.5273457,0.0,6.824999999999999,18.33888889,23.116666666666667,22.25,22.816666666666663,22.7,23.183333333333334,-10.918222250000005,0.1555555700000042,-0.2993333333333332,7.903333333333333,7.299333333333333,18.438888910000003,7.868222222222225,3.6657963,3.6269195,3.5036168,3.6253195,3.6313896,1,2.0,1,0.5,-1.07,29.0,71.0
2022-12-05 16:30:00,126.539104933332,72.336828627778,72.36654967222199,18.33888889,7.299333333333333,23.183333333333334,2,5.1764362714980825,70.66250196097344,16,0,12,-0.8660254037844385,-0.5000000000000004,0.0,1.0,-2.4492935982947064e-16,1.0,147.5,191.1875,267.4166666666667,13.85,28.95,100.0,33.0,-8.600000000000001,2.4824579,0.0,6.55,18.355555560000003,23.15,23.116666666666667,22.25,22.816666666666663,23.8,-11.039555556666668,-0.1833333600000024,-0.3046666666666668,7.604,7.034666666666666,18.409259273333333,7.602222222222224,3.6313896,3.6657963,3.6269195,3.5036168,3.731671,0,1.0,1,0.75,-1.11,30.8,69.2
2022-12-05 16:45:00,136.701476255552,78.443806588888,78.47824967777599,18.355555560000003,7.034666666666666,23.8,2,5.1764362714980825,70.66250196097344,16,0,12,-0.8660254037844385,-0.5000000000000004,0.0,1.0,-2.4492935982947064e-16,1.0,116.75,162.875,248.29166666666663,13.875,28.675,100.0,33.0,-8.75,2.438268,0.0,6.275,18.503703713333334,23.183333333333334,23.15,23.116666666666667,22.25,23.35,-11.320888893333336,0.0166666700000028,-0.2646666666666668,7.299333333333333,6.900666666666667,18.40555556666667,7.312666666666669,3.731671,3.6313896,3.6657963,3.6269195,3.693412,0,1.0,0,0.75,-1.1,30.5,69.5
2022-12-05 17:00:00,67.05037329445,0.0,0.0,18.503703713333334,6.900666666666667,23.35,0,5.1764362714980825,70.66250196097344,17,0,12,-0.9659258262890684,-0.2588190451025206,0.0,1.0,-2.4492935982947064e-16,1.0,86.0,132.125,227.375,13.9,28.4,100.0,33.0,-8.9,2.3947673,0.0,6.0,18.33333333,23.8,23.183333333333334,23.15,23.116666666666667,23.4,-11.603037046666667,0.1481481533333308,-0.1339999999999994,7.034666666666666,6.697333333333333,18.399382721111117,7.078222222222224,3.693412,3.731671,3.6313896,3.6657963,3.6641207,1,2.0,1,0.5,-1.07,29.1,70.9
2022-12-05 17:15:00,155.71321565555598,92.515465916666,92.551020044444,18.33333333,6.697333333333333,23.4,2,5.1764362714980825,70.66250196097344,17,0,12,-0.9659258262890684,-0.2588190451025206,0.0,1.0,-2.4492935982947064e-16,1.0,66.0,104.0625,205.70833333333331,14.225,28.85,99.75,33.25,-9.125,2.373658,0.0,5.75,18.390740723333334,23.35,23.8,23.183333333333334,23.15,23.966666666666665,-11.63599999666667,-0.1703703833333314,-0.203333333333334,6.900666666666667,6.583333333333333,18.39753086777778,6.877555555555557,3.6641207,3.693412,3.731671,3.6313896,3.7656536,0,1.0,1,0.75,-1.11,30.8,69.2
2022-12-05 17:30:00,117.479745088888,43.141329844444,43.172439733332,18.390740723333334,6.583333333333333,23.966666666666665,1,5.1764362714980825,70.66250196097344,17,0,12,-0.9659258262890684,-0.2588190451025206,0.0,1.0,-2.4492935982947064e-16,1.0,46.0,78.6875,183.29166666666663,14.55,29.3,99.5,33.5,-9.35,2.3525217,0.0,5.5,18.40555556,23.4,23.35,23.8,23.183333333333334,23.65,-11.807407390000002,0.0574073933333316,-0.1139999999999998,6.697333333333333,6.454666666666666,18.40925925555556,6.727111111111114,3.7656536,3.6641207,3.693412,3.731671,3.7191648,0,1.0,1,0.75,-1.09,30.1,69.9
2022-12-05 17:45:00,97.869973911112,23.552946727778,23.581556749998,18.40555556,6.454666666666666,23.65,1,5.1764362714980825,70.66250196097344,17,0,12,-0.9659258262890684,-0.2588190451025206,0.0,1.0,-2.4492935982947064e-16,1.0,26.0,56.0,160.125,14.875,29.75,99.25,33.75,-9.575,2.331365,0.0,5.25,18.27407405,23.966666666666665,23.4,23.35,23.8,23.866666666666667,-11.950888893333332,0.014814836666666,-0.1286666666666667,6.583333333333333,6.226666666666668,18.376543204444445,6.578444444444447,3.7191648,3.7656536,3.6641207,3.693412,3.724075,0,1.0,0,0.75,-1.09,30.0,70.0
2022-12-05 18:00:00,190.883197749998,125.926073855556,125.962739055556,18.27407405,6.226666666666668,23.866666666666667,2,5.1764362714980825,70.66250196097344,18,0,12,-1.0,-1.8369701987210294e-16,0.0,1.0,-2.4492935982947064e-16,1.0,6.0,36.0,136.20833333333334,15.2,30.2,99.0,34.0,-9.8,2.3101926,0.0,5.0,18.47777779,23.65,23.966666666666665,23.4,23.35,24.1,-12.047407383333333,-0.1314815100000004,-0.2279999999999988,6.454666666666666,5.968000000000001,18.356790111111117,6.421555555555558,3.724075,3.7191648,3.7656536,3.6641207,3.8061912,0,0.0,1,1.0,-1.12,31.3,68.7
2022-12-05 18:15:00,55.475836511108,0.0,0.0,18.47777779,5.968000000000001,24.1,0,5.1764362714980825,70.66250196097344,18,0,12,-1.0,-1.8369701987210294e-16,0.0,1.0,-2.4492935982947064e-16,1.0,4.5,20.625,113.91666666666669,15.55,31.025,98.75,35.25,-9.55,2.359746,0.0,4.775,18.390740726666664,23.866666666666667,23.65,23.966666666666665,23.4,23.716666666666665,-12.50977779,0.2037037400000017,-0.2586666666666666,6.226666666666668,6.039333333333333,18.38580246666667,6.216444444444448,3.8061912,3.724075,3.7191648,3.7656536,3.7263737,1,1.0,1,0.75,-1.07,29.2,70.8
2022-12-05 18:30:00,110.560299777772,58.60904446111,58.631265805554,18.390740726666664,6.039333333333333,23.716666666666665,1,5.1764362714980825,70.66250196097344,18,0,12,-1.0,-1.8369701987210294e-16,0.0,1.0,-2.4492935982947064e-16,1.0,3.0,9.875,93.25,15.9,31.85,98.5,36.5,-9.3,2.407264,0.0,4.55,18.34444443,24.1,23.866666666666667,23.65,23.966666666666665,24.35,-12.35140739333333,-0.0870370633333372,0.0713333333333325,5.968000000000001,6.008,18.38086418888889,6.078000000000003,3.7263737,3.8061912,3.724075,3.7191648,3.8153918,0,1.0,1,0.75,-1.09,30.2,69.8
2022-12-05 18:45:00,399.583182650002,136.957299288888,136.992853416666,18.34444443,6.008,24.35,2,5.1764362714980825,70.66250196097344,18,0,12,-1.0,-1.8369701987210294e-16,0.0,1.0,-2.4492935982947064e-16,1.0,1.5,3.75,74.20833333333333,16.25,32.675,98.25,37.75,-9.05,2.4527898,0.0,4.324999999999999,18.57222223,23.716666666666665,24.1,23.866666666666667,23.65,24.5,-12.33644443,-0.0462962966666644,-0.0313333333333334,6.039333333333333,6.018666666666666,18.404320982222224,6.0051111111111135,3.8153918,3.7263737,3.8061912,3.724075,3.8910744,0,1.0,1,0.75,-1.1,30.5,69.5
2022-12-05 19:00:00,1231.833224666668,0.0,0.0,18.57222223,6.018666666666666,24.5,0,5.1764362714980825,70.66250196097344,19,0,12,-0.9659258262890684,0.2588190451025203,0.0,1.0,-2.4492935982947064e-16,1.0,0.0,2.25,56.79166666666666,16.6,33.5,98.0,39.0,-8.8,2.4963675,0.0,4.1,18.4277778,24.35,23.716666666666665,24.1,23.866666666666667,25.6,-12.553555563333337,0.2277778000000019,0.0106666666666663,6.008,6.1113333333333335,18.435802462222224,6.022000000000002,3.8910744,3.8153918,3.7263737,3.8061912,4.0311275,1,2.0,1,0.5,-1.05,28.1,71.9
2022-12-05 19:15:00,557.810742327774,0.0,0.0,18.4277778,6.1113333333333335,25.6,0,5.1764362714980825,70.66250196097344,19,0,12,-0.9659258262890684,0.2588190451025203,0.0,1.0,-2.4492935982947064e-16,1.0,0.0,1.125,41.9375,17.125,34.675,98.5,42.0,-7.85,2.6973584,0.0,4.15,18.26481482,24.5,24.35,23.716666666666665,24.1,26.65,-12.316444466666669,-0.14444443,0.0926666666666671,6.018666666666666,6.234,18.44814815333333,6.046000000000002,4.0311275,3.8910744,3.8153918,3.7263737,4.1560917,0,2.0,0,0.5,-1.07,29.4,70.6
2022-12-05 19:30:00,130.449503961114,75.935295766668,75.953072822224,18.26481482,6.234,26.65,2,5.1764362714980825,70.66250196097344,19,0,12,-0.9659258262890684,0.2588190451025203,0.0,1.0,-2.4492935982947064e-16,1.0,0.0,0.375,29.64583333333333,17.65,35.85,99.0,45.0,-6.9,2.8996568,0.0,4.199999999999999,18.355555560000003,25.6,24.5,24.35,23.716666666666665,28.0,-12.030814820000002,-0.1629629799999996,0.1226666666666664,6.1113333333333335,6.224,18.421604950000003,6.121333333333336,4.1560917,4.0311275,3.8910744,3.8153918,4.3902016,0,2.0,1,0.5,-1.11,30.8,69.2
2022-12-05 19:45:00,121.144876377772,74.928113855556,74.948113138886,18.355555560000003,6.224,28.0,2,5.1764362714980825,70.66250196097344,19,0,12,-0.9659258262890684,0.2588190451025203,0.0,1.0,-2.4492935982947064e-16,1.0,0.0,0.0,19.916666666666668,18.175,37.025000000000006,99.5,48.0,-5.95,3.1032696,0.0,4.25,18.483333363333333,26.65,25.6,24.5,24.35,27.85,-12.131555560000002,0.0907407400000011,-0.0099999999999997,6.234,6.2620000000000005,18.34938272666667,6.18977777777778,4.3902016,4.1560917,4.0311275,3.8910744,4.399889,0,2.0,0,0.5,-1.08,29.5,70.5
2022-12-05 20:00:00,48.468338988888,0.0,0.0,18.483333363333333,6.2620000000000005,27.85,0,5.1764362714980825,70.66250196097344,20,0,12,-0.8660254037844386,0.5000000000000001,0.0,1.0,-2.4492935982947064e-16,1.0,0.0,0.0,12.75,18.7,38.2,100.0,51.0,-5.0,3.3082025,0.0,4.3,18.31111113,28.0,26.65,25.6,24.5,27.55,-12.221333363333333,0.1277778033333305,0.0380000000000002,6.224,6.263333333333334,18.36790124777778,6.240000000000002,4.399889,4.3902016,4.1560917,4.0311275,4.30827,1,2.0,1,0.5,-1.05,28.3,71.7
2022-12-05 20:15:00,132.39331522222,79.6326479,79.652924888888,18.31111113,6.263333333333334,27.55,2,5.1764362714980825,70.66250196097344,20,0,12,-0.8660254037844386,0.5000000000000001,0.0,1.0,-2.4492935982947064e-16,1.0,0.0,0.0,7.25,18.9,38.725,100.0,52.25,-4.8,3.361229,0.0,4.175,18.359259273333333,27.85,28.0,26.65,25.6,27.78333333333333,-12.047777796666663,-0.1722222333333363,0.0013333333333331,6.2620000000000005,6.152666666666667,18.383333351111112,6.24977777777778,4.30827,4.399889,4.3902016,4.1560917,4.357187,0,1.0,1,0.75,-1.09,30.1,69.9
2022-12-05 20:30:00,126.657433533332,61.332546616666,61.349768144444,18.359259273333333,6.152666666666667,27.78333333333333,1,5.1764362714980825,70.66250196097344,20,0,12,-0.8660254037844386,0.5000000000000001,0.0,1.0,-2.4492935982947064e-16,1.0,0.0,0.0,3.4166666666666665,19.1,39.25,100.0,53.5,-4.6,3.4131215,0.0,4.05,18.497979798181817,27.55,27.85,28.0,26.65,27.2,-12.206592606666666,0.0481481433333357,-0.1106666666666669,6.263333333333334,6.1054545454545455,18.38456792222222,6.226000000000003,4.357187,4.30827,4.399889,4.3902016,4.3009305,0,1.0,1,0.75,-1.08,29.6,70.4
2022-12-05 20:45:00,46.433975999996,0.0,0.0,18.497979798181817,6.1054545454545455,27.2,0,5.1764362714980825,70.66250196097344,20,0,12,-0.8660254037844386,0.5000000000000001,0.0,1.0,-2.4492935982947064e-16,1.0,0.0,0.0,1.25,19.3,39.775,100.0,54.75,-4.4,3.4638934,0.0,3.925,18.24615387153846,27.78333333333333,27.55,27.85,28.0,26.71153846153846,-12.392525252727271,0.1387205248484839,-0.0472121212121212,6.152666666666667,6.023076923076923,18.38945006717172,6.173818181818184,4.3009305,4.357187,4.30827,4.399889,4.1610765,1,2.0,1,0.5,-1.05,28.3,71.7
2022-12-05 21:00:00,110.982782777776,68.2914349,68.307823127778,18.24615387153846,6.023076923076923,26.71153846153846,1,5.1764362714980825,70.66250196097344,21,0,12,-0.7071067811865477,0.7071067811865474,0.0,1.0,-2.4492935982947064e-16,1.0,0.0,0.0,0.75,19.5,40.3,100.0,56.0,-4.2,3.513557,0.0,3.8,18.34444446,27.2,27.78333333333333,27.55,27.85,27.25,-12.223076948461538,-0.251825926643356,-0.0823776223776224,6.1054545454545455,5.9126666666666665,18.367797647684537,6.093732711732714,4.1610765,4.3009305,4.357187,4.30827,4.2697916,0,1.0,1,0.75,-1.11,31.0,69.0
2022-12-05 21:15:00,142.905394755552,90.324720183334,90.34610826111,18.34444446,5.9126666666666665,27.25,2,5.1764362714980825,70.66250196097344,21,0,12,-0.7071067811865477,0.7071067811865474,0.0,1.0,-2.4492935982947064e-16,1.0,0.0,0.0,0.375,19.15,40.475,100.0,56.5,-4.125,3.5272217,0.0,3.725,18.53518516333333,26.71153846153846,27.2,27.78333333333333,27.55,26.383333333333333,-12.431777793333332,0.0982905884615377,-0.1104102564102564,6.023076923076923,5.780666666666666,18.362859376573425,6.013732711732715,4.2697916,4.1610765,4.3009305,4.357187,4.181003,0,1.0,1,0.75,-1.08,29.8,70.2
2022-12-05 21:30:00,57.09882712222,0.0,0.0,18.53518516333333,5.780666666666666,26.383333333333333,0,5.1764362714980825,70.66250196097344,21,0,12,-0.7071067811865477,0.7071067811865474,0.0,1.0,-2.4492935982947064e-16,1.0,0.0,0.0,0.125,18.8,40.65,100.0,57.0,-4.05,3.5406516,0.0,3.65,18.32777778,27.25,26.71153846153846,27.2,27.78333333333333,26.4,-12.754518496666666,0.1907407033333328,-0.1320000000000005,5.9126666666666665,5.680000000000001,18.375261164957266,5.905470085470088,4.181003,4.2697916,4.1610765,4.3009305,4.132517,1,2.0,1,0.5,-1.05,28.1,71.9
2022-12-05 21:45:00,143.03788950555,78.1577069,78.17826166111,18.32777778,5.680000000000001,26.4,2,5.1764362714980825,70.66250196097344,21,0,12,-0.7071067811865477,0.7071067811865474,0.0,1.0,-2.4492935982947064e-16,1.0,0.0,0.0,0.0,18.450000000000003,40.825,100.0,57.5,-3.975,3.5538478,0.0,3.575,18.37962966,26.383333333333333,27.25,26.71153846153846,27.2,26.966666666666665,-12.647777780000002,-0.2074073833333294,-0.1006666666666653,5.780666666666666,5.6193333333333335,18.402469134444445,5.791111111111114,4.132517,4.181003,4.2697916,4.1610765,4.234224,0,1.0,1,0.75,-1.09,30.2,69.8
2022-12-05 22:00:00,161.389377633328,72.627650327778,72.655149227778,18.37962966,5.6193333333333335,26.966666666666665,2,5.1764362714980825,70.66250196097344,22,0,12,-0.5000000000000004,0.8660254037844384,0.0,1.0,-2.4492935982947064e-16,1.0,0.0,0.0,0.0,18.1,41.0,100.0,58.0,-3.9,3.566812,0.0,3.5,18.50000001,26.4,26.383333333333333,27.25,26.71153846153846,26.65,-12.760296326666666,0.0518518799999974,-0.060666666666667,5.680000000000001,5.58,18.414197534444444,5.693333333333335,4.234224,4.132517,4.181003,4.2697916,4.214467,0,1.0,0,0.75,-1.08,29.5,70.5
2022-12-05 22:15:00,70.309131788896,0.0,0.0,18.50000001,5.58,26.65,0,5.1764362714980825,70.66250196097344,22,0,12,-0.5000000000000004,0.8660254037844384,0.0,1.0,-2.4492935982947064e-16,1.0,0.0,0.0,0.0,17.85,40.375,100.0,58.5,-3.825,3.5915468,0.0,3.475,18.283333326666664,26.966666666666665,26.4,26.383333333333333,27.25,26.683333333333334,-12.92000001,0.1203703500000017,-0.0393333333333334,5.6193333333333335,5.569333333333333,18.40246915,5.626444444444448,4.214467,4.234224,4.132517,4.181003,4.1658673,1,2.0,1,0.5,-1.05,28.4,71.6
2022-12-05 22:30:00,530.650439816666,69.661102344444,69.690267911108,18.283333326666664,5.569333333333333,26.683333333333334,1,5.1764362714980825,70.66250196097344,22,0,12,-0.5000000000000004,0.8660254037844384,0.0,1.0,-2.4492935982947064e-16,1.0,0.0,0.0,0.0,17.6,39.75,100.0,59.0,-3.75,3.6161878,0.0,3.45,18.29999999,26.65,26.966666666666665,26.4,26.383333333333333,27.3,-12.713999993333331,-0.2166666833333366,-0.0106666666666672,5.58,5.492,18.387654332222223,5.589555555555559,4.1658673,4.214467,4.234224,4.132517,4.266361,0,1.0,1,0.75,-1.1,30.6,69.4
2022-12-05 22:45:00,180.42611616666,89.658635744444,89.687245749998,18.29999999,5.492,27.3,2,5.1764362714980825,70.66250196097344,22,0,12,-0.5000000000000004,0.8660254037844384,0.0,1.0,-2.4492935982947064e-16,1.0,0.0,0.0,0.0,17.35,39.125,100.0,59.5,-3.675,3.6407359,0.0,3.425,18.449206352142856,26.683333333333334,26.65,26.966666666666665,26.4,26.825,-12.80799999,0.0166666633333356,-0.0773333333333328,5.569333333333333,5.3585714285714285,18.36111110888889,5.547111111111113,4.266361,4.1658673,4.214467,4.234224,4.229392,0,1.0,1,0.75,-1.09,30.3,69.7
2022-12-05 23:00:00,83.408885694446,0.0,0.0,18.449206352142856,5.3585714285714285,26.825,0,5.1764362714980825,70.66250196097344,23,0,12,-0.2588190451025215,0.965925826289068,0.0,1.0,-2.4492935982947064e-16,1.0,0.0,0.0,0.0,17.1,38.5,100.0,60.0,-3.6,3.66519,0.0,3.4,18.28333332,27.3,26.683333333333334,26.65,26.966666666666665,26.9,-13.090634923571429,0.1492063621428556,-0.1334285714285714,5.492,5.361999999999999,18.34417988960317,5.473301587301589,4.229392,4.266361,4.1658673,4.214467,4.199693,1,2.0,1,0.5,-1.06,28.9,71.1
2022-12-05 23:15:00,201.18806315556,121.040158166668,121.075990033336,18.28333332,5.361999999999999,26.9,2,5.1764362714980825,70.66250196097344,23,0,12,-0.2588190451025215,0.965925826289068,0.0,1.0,-2.4492935982947064e-16,1.0,0.0,0.0,0.0,16.075000000000003,38.05,100.0,59.75,-3.65,3.6499178,0.0,3.4,18.38492061428571,26.825,27.3,26.683333333333334,26.65,27.285714285714285,-12.921333320000002,-0.1658730321428549,0.0034285714285706,5.3585714285714285,5.3342857142857145,18.34417988738095,5.404190476190479,4.199693,4.229392,4.266361,4.1658673,4.2856646,0,1.0,1,0.75,-1.1,30.5,69.5
2022-12-05 23:30:00,103.836679733332,31.234028355556,31.257083,18.38492061428571,5.3342857142857145,27.285714285714285,1,5.1764362714980825,70.66250196097344,23,0,12,-0.2588190451025215,0.965925826289068,0.0,1.0,-2.4492935982947064e-16,1.0,0.0,0.0,0.0,15.05,37.6,100.0,59.5,-3.7,3.6346464,0.0,3.4,18.366666650714286,26.9,26.825,27.3,26.683333333333334,26.707142857142856,-13.050634899999997,0.1015872942857107,-0.0277142857142846,5.361999999999999,5.257857142857143,18.372486762142856,5.3516190476190495,4.2856646,4.199693,4.229392,4.266361,4.1902523,0,1.0,1,0.75,-1.08,29.4,70.6
2022-12-05 23:45:00,90.428049449998,23.5998893,23.622110644444,18.366666650714286,5.257857142857143,26.707142857142856,1,5.1764362714980825,70.66250196097344,23,0,12,-0.2588190451025215,0.965925826289068,0.0,1.0,-2.4492935982947064e-16,1.0,0.0,0.0,0.0,14.025,37.150000000000006,100.0,59.25,-3.75,3.6193745,0.0,3.4,18.238888893333336,27.285714285714285,26.9,26.825,27.3,27.15,-13.108809507857144,-0.0182539635714249,-0.0764285714285719,5.3342857142857145,5.19,18.344973528333337,5.318047619047621,4.1902523,4.2856646,4.199693,4.229392,4.2275558,0,1.0,0,0.75,-1.08,29.7,70.3
2022-12-06 00:00:00,168.139663027778,111.7713623,111.803861016666,18.238888893333336,5.19,27.15,2,5.1764362714980825,70.66250196097344,0,1,12,0.0,1.0,0.7818314824680298,0.6234898018587336,-2.4492935982947064e-16,1.0,0.0,0.0,0.0,13.0,36.7,100.0,59.0,-3.8,3.6041026,0.0,3.4,18.43333332,26.707142857142856,27.285714285714285,26.9,26.825,27.15,-13.048888893333336,-0.1277777573809508,-0.067857142857143,5.257857142857143,5.17,18.330158719444444,5.260714285714288,4.2275558,4.1902523,4.2856646,4.199693,4.2766075,0,0.0,1,1.0,-1.11,31.0,69.0
2022-12-06 00:15:00,52.960103777776,0.0,0.0,18.43333332,5.17,27.15,0,5.1764362714980825,70.66250196097344,0,1,12,0.0,1.0,0.7818314824680298,0.6234898018587336,-2.4492935982947064e-16,1.0,0.0,0.0,0.0,12.15,34.375,100.0,59.25,-3.875,3.5831778,0.0,3.25,18.32407406333333,27.15,26.707142857142856,27.285714285714285,26.9,27.183333333333334,-13.26333332,0.1944444266666636,-0.0199999999999995,5.19,5.180000000000001,18.346296288015875,5.205952380952383,4.2766075,4.2275558,4.1902523,4.2856646,4.254202,1,1.0,1,0.75,-1.07,28.9,71.1
2022-12-06 00:30:00,174.284417194446,110.441137744444,110.461414733332,18.32407406333333,5.180000000000001,27.183333333333334,2,5.1764362714980825,70.66250196097344,0,1,12,0.0,1.0,0.7818314824680298,0.6234898018587336,-2.4492935982947064e-16,1.0,0.0,0.0,0.0,11.3,32.05,100.0,59.5,-3.95,3.562266,0.0,3.1,18.43333334,27.15,27.15,26.707142857142856,27.285714285714285,27.45,-13.144074063333337,-0.1092592566666645,0.0100000000000006,5.17,5.263333333333334,18.33209875888889,5.180000000000002,4.254202,4.2766075,4.2275558,4.1902523,4.323863,0,1.0,1,0.75,-1.09,30.1,69.9
2022-12-06 00:45:00,100.089051894442,43.734639411112,43.744916833332,18.43333334,5.263333333333334,27.45,1,5.1764362714980825,70.66250196097344,0,1,12,0.0,1.0,0.7818314824680298,0.6234898018587336,-2.4492935982947064e-16,1.0,0.0,0.0,0.0,10.45,29.725,100.0,59.75,-4.025,3.5413687,0.0,2.95,18.438888876666667,27.183333333333334,27.15,27.15,26.707142857142856,27.03333333333333,-13.170000006666667,0.1092592766666662,0.083333333333333,5.180000000000001,5.342666666666667,18.396913574444444,5.204444444444447,4.323863,4.254202,4.2766075,4.2275558,4.2596326,0,1.0,1,0.75,-1.06,28.9,71.1
2022-12-06 01:00:00,55.08057452222,0.0,0.0,18.438888876666667,5.342666666666667,27.03333333333333,0,5.1764362714980825,70.66250196097344,1,1,12,0.2588190451025207,0.9659258262890684,0.7818314824680298,0.6234898018587336,-2.4492935982947064e-16,1.0,0.0,0.0,0.0,9.6,27.4,100.0,60.0,-4.1,3.520488,0.0,2.8,18.27777775,27.45,27.183333333333334,27.15,27.15,27.05,-13.09622221,0.0055555366666659,0.0793333333333334,5.263333333333334,5.390666666666666,18.398765426666667,5.262000000000003,4.2596326,4.323863,4.254202,4.2766075,4.22172,1,2.0,1,0.5,-1.06,28.9,71.1
2022-12-06 01:15:00,164.514808027778,112.152180383334,112.168846466664,18.27777775,5.390666666666666,27.05,2,5.1764362714980825,70.66250196097344,1,1,12,0.2588190451025207,0.9659258262890684,0.7818314824680298,0.6234898018587336,-2.4492935982947064e-16,1.0,0.0,0.0,0.0,9.15,24.875,100.0,59.5,-4.15,3.5147161,0.0,2.9,18.511111096666664,27.03333333333333,27.45,27.183333333333334,27.15,27.1,-12.887111083333332,-0.1611111266666682,0.0479999999999991,5.342666666666667,5.444000000000001,18.383333322222224,5.332222222222225,4.22172,4.2596326,4.323863,4.254202,4.2884536,0,1.0,1,0.75,-1.1,30.6,69.4
2022-12-06 01:30:00,59.534007644436,22.468545672222003,22.476045455552,18.511111096666664,5.444000000000001,27.1,1,5.1764362714980825,70.66250196097344,1,1,12,0.2588190451025207,0.9659258262890684,0.7818314824680298,0.6234898018587336,-2.4492935982947064e-16,1.0,0.0,0.0,0.0,8.7,22.35,100.0,59.0,-4.199999999999999,3.5086863,0.0,3.0,18.49999998,27.05,27.03333333333333,27.45,27.183333333333334,26.2,-13.067111096666665,0.2333333466666651,0.0533333333333345,5.390666666666666,5.468000000000001,18.409259241111112,5.392444444444448,4.2884536,4.22172,4.2596326,4.323863,4.1433034,0,1.0,1,0.75,-1.05,28.2,71.8
2022-12-06 01:45:00,70.710227011112,31.382355755556,31.391522088888003,18.49999998,5.468000000000001,26.2,1,5.1764362714980825,70.66250196097344,1,1,12,0.2588190451025207,0.9659258262890684,0.7818314824680298,0.6234898018587336,-2.4492935982947064e-16,1.0,0.0,0.0,0.0,8.25,19.825,100.0,58.5,-4.25,3.5023956,0.0,3.1,18.42222221666667,27.1,27.05,27.03333333333333,27.45,26.65,-13.031999979999998,-0.0111111166666653,0.024,5.444000000000001,5.3966666666666665,18.429629608888888,5.434222222222225,4.1433034,4.2884536,4.22172,4.2596326,4.195085,0,1.0,0,0.75,-1.05,28.5,71.5
2022-12-06 02:00:00,173.131130127774,111.328324472222,111.344712749998,18.42222221666667,5.3966666666666665,26.65,2,5.1764362714980825,70.66250196097344,2,1,12,0.4999999999999999,0.8660254037844387,0.7818314824680298,0.6234898018587336,-2.4492935982947064e-16,1.0,0.0,0.0,0.0,7.8,17.3,100.0,58.0,-4.3,3.4958408,0.0,3.2,18.65555556,26.2,27.1,27.05,27.03333333333333,26.3,-13.025555550000002,-0.07777776333333,-0.0713333333333343,5.468000000000001,5.406666666666666,18.477777764444443,5.4362222222222245,4.195085,4.1433034,4.2884536,4.22172,4.197606,0,0.0,1,1.0,-1.07,29.2,70.8
2022-12-06 02:15:00,52.608728883334,0.0,0.0,18.65555556,5.406666666666666,26.3,0,5.1764362714980825,70.66250196097344,2,1,12,0.4999999999999999,0.8660254037844387,0.7818314824680298,0.6234898018587336,-2.4492935982947064e-16,1.0,0.0,0.0,0.0,8.075,16.4,100.0,56.75,-4.55,3.42624,0.0,3.225,18.505555583333333,26.65,26.2,27.1,27.05,26.0,-13.248888893333334,0.2333333433333315,0.0099999999999997,5.3966666666666665,5.366,18.52592591888889,5.42377777777778,4.197606,4.195085,4.1433034,4.2884536,4.113029,1,1.0,1,0.75,-1.02,26.9,73.1
2022-12-06 02:30:00,96.232261838882,59.495675627778,59.507897438886,18.505555583333333,5.366,26.0,1,5.1764362714980825,70.66250196097344,2,1,12,0.4999999999999999,0.8660254037844387,0.7818314824680298,0.6234898018587336,-2.4492935982947064e-16,1.0,0.0,0.0,0.0,8.35,15.5,100.0,55.5,-4.8,3.3563945,0.0,3.25,18.53333336,26.3,26.65,26.2,27.1,26.3,-13.139555583333332,-0.1499999766666668,-0.0406666666666666,5.406666666666666,5.3373333333333335,18.527777786666668,5.38977777777778,4.113029,4.197606,4.195085,4.1433034,4.16734,0,1.0,1,0.75,-1.05,28.5,71.5
2022-12-06 02:45:00,133.55604654444,90.558321988888,90.573321388888,18.53333336,5.3373333333333335,26.3,2,5.1764362714980825,70.66250196097344,2,1,12,0.4999999999999999,0.8660254037844387,0.7818314824680298,0.6234898018587336,-2.4492935982947064e-16,1.0,0.0,0.0,0.0,8.625,14.6,100.0,54.25,-5.05,3.2863035,0.0,3.275,18.7537037,26.0,26.3,26.65,26.2,25.85,-13.196000026666663,0.0277777766666638,-0.0286666666666661,5.366,5.44,18.564814834444444,5.370000000000002,4.16734,4.113029,4.197606,4.195085,4.149809,0,1.0,1,0.75,-1.05,28.1,71.9
2022-12-06 03:00:00,61.608369016662,0.0,0.0,18.7537037,5.44,25.85,0,5.1764362714980825,70.66250196097344,3,1,12,0.7071067811865476,0.7071067811865476,0.7818314824680298,0.6234898018587336,-2.4492935982947064e-16,1.0,0.0,0.0,0.0,8.9,13.7,100.0,53.0,-5.3,3.2159665,0.0,3.3,18.52222221,26.3,26.0,26.3,26.65,25.9,-13.313703699999998,0.2203703400000023,0.1026666666666669,5.3373333333333335,5.48,18.597530881111112,5.381111111111113,4.149809,4.16734,4.113029,4.197606,4.1012583,1,2.0,1,0.5,-1.0,26.1,73.9
2022-12-06 03:15:00,134.544895755556,91.86160313889,91.878546977776,18.52222221,5.48,25.9,2,5.1764362714980825,70.66250196097344,3,1,12,0.7071067811865476,0.7071067811865476,0.7818314824680298,0.6234898018587336,-2.4492935982947064e-16,1.0,0.0,0.0,0.0,9.825,16.4,100.0,52.5,-5.475,3.1802933,0.0,3.275,18.670370396666662,25.85,26.3,26.0,26.3,26.28333333333333,-13.042222209999998,-0.2314814900000001,0.04,5.44,5.508,18.60308642333333,5.419111111111114,4.1012583,4.149809,4.16734,4.113029,4.198624,0,1.0,1,0.75,-1.05,28.3,71.7
2022-12-06 03:30:00,87.867874027778,50.174937405554,50.186048111108,18.670370396666662,5.508,26.28333333333333,1,5.1764362714980825,70.66250196097344,3,1,12,0.7071067811865476,0.7071067811865476,0.7818314824680298,0.6234898018587336,-2.4492935982947064e-16,1.0,0.0,0.0,0.0,10.75,19.1,100.0,52.0,-5.65,3.14473,0.0,3.25,18.74999999,25.9,25.85,26.3,26.0,26.0,-13.162370396666669,0.1481481866666669,0.0279999999999995,5.48,5.54,18.64876543555556,5.476000000000003,4.198624,4.1012583,4.149809,4.16734,4.172974,0,1.0,1,0.75,-1.02,26.8,73.2
2022-12-06 03:45:00,53.839235361106,0.0,0.0,18.74999999,5.54,26.0,0,5.1764362714980825,70.66250196097344,3,1,12,0.7071067811865476,0.7071067811865476,0.7818314824680298,0.6234898018587336,-2.4492935982947064e-16,1.0,0.0,0.0,0.0,11.675,21.8,100.0,51.5,-5.825,3.1092749,0.0,3.225,18.531623947692307,26.28333333333333,25.9,25.85,26.3,26.192307692307693,-13.20999999,0.0796295933333333,0.032,5.508,5.660769230769231,18.64753086555556,5.509333333333335,4.172974,4.198624,4.1012583,4.149809,4.149856,1,2.0,1,0.5,-1.0,26.1,73.9
2022-12-06 04:00:00,434.880659627778,109.73172163889,109.748665411112,18.531623947692307,5.660769230769231,26.192307692307693,2,5.1764362714980825,70.66250196097344,4,1,12,0.8660254037844386,0.5000000000000001,0.7818314824680298,0.6234898018587336,-2.4492935982947064e-16,1.0,0.0,0.0,0.0,12.6,24.5,100.0,51.0,-6.0,3.073929,0.0,3.2,18.74206348857143,26.0,26.28333333333333,25.9,25.85,26.446428571428573,-12.870854716923075,-0.2183760423076925,0.1207692307692314,5.54,5.640000000000001,18.65066477811966,5.569589743589746,4.149856,4.172974,4.198624,4.1012583,4.2426343,0,1.0,1,0.75,-1.05,28.2,71.8
2022-12-06 04:15:00,53.257591811112,14.776353355556,14.78413086111,18.74206348857143,5.640000000000001,26.446428571428573,1,5.1764362714980825,70.66250196097344,4,1,12,0.8660254037844386,0.5000000000000001,0.7818314824680298,0.6234898018587336,-2.4492935982947064e-16,1.0,0.0,0.0,0.0,12.8,25.475,100.0,51.0,-5.975,3.0687785,0.0,3.1750000000000003,18.67962964,26.192307692307693,26.0,26.28333333333333,25.9,26.216666666666665,-13.102063488571428,0.2104395408791219,-0.0207692307692308,5.660769230769231,5.744,18.674562475421244,5.613589743589746,4.2426343,4.149856,4.172974,4.198624,4.1902714,0,1.0,1,0.75,-1.0,26.0,74.0
2022-12-06 04:30:00,79.900970616662,32.896739661110004,32.90479492222,18.67962964,5.744,26.216666666666665,1,5.1764362714980825,70.66250196097344,4,1,12,0.8660254037844386,0.5000000000000001,0.7818314824680298,0.6234898018587336,-2.4492935982947064e-16,1.0,0.0,0.0,0.0,13.0,26.45,100.0,51.0,-5.95,3.0636349,0.0,3.1500000000000004,18.57222225,26.446428571428573,26.192307692307693,26.0,26.28333333333333,26.8,-12.935629639999998,-0.0624338485714304,0.1039999999999992,5.640000000000001,5.8133333333333335,18.651105692087917,5.681589743589747,4.1902714,4.2426343,4.149856,4.172974,4.256359,0,1.0,0,0.75,-1.01,26.7,73.3
2022-12-06 04:45:00,136.934800188888,100.307098655556,100.323764672222,18.57222225,5.8133333333333335,26.8,2,5.1764362714980825,70.66250196097344,4,1,12,0.8660254037844386,0.5000000000000001,0.7818314824680298,0.6234898018587336,-2.4492935982947064e-16,1.0,0.0,0.0,0.0,13.2,27.425,100.0,51.0,-5.925000000000001,3.058499,0.0,3.125,18.830952397857143,26.216666666666665,26.446428571428573,26.192307692307693,26.0,26.52142857142857,-12.758888916666669,-0.1074073899999987,0.0693333333333336,5.744,5.952857142857143,18.66463845952381,5.732444444444447,4.256359,4.1902714,4.2426343,4.149856,4.277082,0,0.0,1,1.0,-1.04,27.6,72.4
2022-12-06 05:00:00,51.202118516666,0.0,0.0,18.830952397857143,5.952857142857143,26.52142857142857,0,5.1764362714980825,70.66250196097344,5,1,12,0.9659258262890684,0.2588190451025207,0.7818314824680298,0.6234898018587336,-2.4492935982947064e-16,1.0,0.0,0.0,0.0,13.4,28.4,100.0,51.0,-5.9,3.0533707,0.0,3.1,18.6166667,26.8,26.216666666666665,26.446428571428573,26.192307692307693,26.55,-12.878095255,0.2587301478571433,0.1395238095238093,5.8133333333333335,6.084,18.69426809595238,5.836730158730162,4.277082,4.256359,4.1902714,4.2426343,4.227765,1,1.0,1,0.75,-0.98,25.2,74.8
2022-12-06 05:15:00,116.903101572218,66.381511283334,66.39456636111001,18.6166667,6.084,26.55,1,5.1764362714980825,70.66250196097344,5,1,12,0.9659258262890684,0.2588190451025207,0.7818314824680298,0.6234898018587336,-2.4492935982947064e-16,1.0,0.0,0.0,0.0,13.05,28.4,100.0,51.75,-5.775,3.0930767,0.0,3.075,18.646296303333333,26.52142857142857,26.8,26.216666666666665,26.446428571428573,26.966666666666665,-12.5326667,-0.214285697857143,0.1311428571428567,5.952857142857143,6.11,18.67328044928572,5.950063492063495,4.227765,4.277082,4.256359,4.1902714,4.3016515,0,1.0,1,0.75,-1.03,27.2,72.8
2022-12-06 05:30:00,107.912905427782,68.333933216666,68.346988277776,18.646296303333333,6.11,26.966666666666665,1,5.1764362714980825,70.66250196097344,5,1,12,0.9659258262890684,0.2588190451025207,0.7818314824680298,0.6234898018587336,-2.4492935982947064e-16,1.0,0.0,0.0,0.0,12.7,28.4,100.0,52.5,-5.65,3.1326401,0.0,3.05,18.78888891,26.55,26.52142857142857,26.8,26.216666666666665,26.7,-12.536296303333334,0.0296296033333334,0.0260000000000006,6.084,6.180000000000001,18.697971800396825,6.048952380952383,4.3016515,4.227765,4.277082,4.256359,4.295189,0,1.0,0,0.75,-1.02,26.9,73.1
2022-12-06 05:45:00,39.284539688888,0.0,0.0,18.78888891,6.180000000000001,26.7,0,5.1764362714980825,70.66250196097344,5,1,12,0.9659258262890684,0.2588190451025207,0.7818314824680298,0.6234898018587336,-2.4492935982947064e-16,1.0,0.0,0.0,0.0,12.35,28.4,100.0,53.25,-5.525,3.1720617,0.0,3.025,18.55000002666667,26.966666666666665,26.55,26.52142857142857,26.8,27.15,-12.60888891,0.1425926066666676,0.0700000000000002,6.11,6.396,18.68395063777778,6.124666666666669,4.295189,4.3016515,4.227765,4.277082,4.306275,1,2.0,1,0.5,-0.99,25.5,74.5
2022-12-06 06:00:00,143.537036055556,101.022347827778,101.039291649998,18.55000002666667,6.396,27.15,2,5.1764362714980825,70.66250196097344,6,1,12,1.0,6.123233995736766e-17,0.7818314824680298,0.6234898018587336,-2.4492935982947064e-16,1.0,0.0,0.0,0.0,12.0,28.4,100.0,54.0,-5.4,3.2113402,0.0,3.0,18.73333331,26.7,26.966666666666665,26.55,26.52142857142857,27.15,-12.154000026666669,-0.2388888833333311,0.2159999999999993,6.180000000000001,6.615333333333334,18.661728413333336,6.228666666666669,4.306275,4.295189,4.3016515,4.227765,4.3532553,0,1.0,1,0.75,-1.04,27.8,72.2
2022-12-06 06:15:00,92.476578605554,34.240852544444,34.250018927774,18.73333331,6.615333333333334,27.15,1,5.1764362714980825,70.66250196097344,6,1,12,1.0,6.123233995736766e-17,0.7818314824680298,0.6234898018587336,-2.4492935982947064e-16,1.0,0.0,0.0,0.0,11.225,27.6,100.0,55.0,-5.2,3.2653196,0.0,2.975,18.731481476666666,27.15,26.7,26.966666666666665,26.55,27.0,-12.117999976666663,0.1833332833333294,0.219333333333334,6.396,6.6946666666666665,18.69074074888889,6.397111111111113,4.3532553,4.306275,4.295189,4.3016515,4.328731,0,1.0,1,0.75,-1.0,26.0,74.0
2022-12-06 06:30:00,54.321993716666,0.0,0.0,18.731481476666666,6.6946666666666665,27.0,0,5.1764362714980825,70.66250196097344,6,1,12,1.0,6.123233995736766e-17,0.7818314824680298,0.6234898018587336,-2.4492935982947064e-16,1.0,0.0,0.0,0.0,10.45,26.8,100.0,56.0,-5.0,3.3191068,0.0,2.95,18.54444446,27.15,27.15,26.7,26.966666666666665,27.35,-12.03681481,-0.0018518333333332,0.0793333333333325,6.615333333333334,6.744,18.671604937777783,6.56866666666667,4.328731,4.3532553,4.306275,4.295189,4.3365707,1,2.0,1,0.5,-1.0,26.0,74.0
2022-12-06 06:45:00,158.615044027778,122.679259316666,122.698980777776,18.54444446,6.744,27.35,2,5.1764362714980825,70.66250196097344,6,1,12,1.0,6.123233995736766e-17,0.7818314824680298,0.6234898018587336,-2.4492935982947064e-16,1.0,0.0,0.0,0.0,9.675,26.0,100.0,57.0,-4.8,3.3727043,0.0,2.925,18.77962963,27.0,27.15,27.15,26.7,27.316666666666663,-11.80044446,-0.1870370166666646,0.0493333333333332,6.6946666666666665,6.78,18.669753082222226,6.684666666666669,4.3365707,4.328731,4.3532553,4.306275,4.391986,0,1.0,1,0.75,-1.04,27.8,72.2
2022-12-06 07:00:00,50.991571372222,0.0,0.0,18.77962963,6.78,27.316666666666663,0,5.1764362714980825,70.66250196097344,7,1,12,0.9659258262890684,-0.2588190451025206,0.7818314824680298,0.6234898018587336,-2.4492935982947064e-16,1.0,0.0,0.0,0.0,8.9,25.2,100.0,58.0,-4.6,3.4261096,0.0,2.9,18.666666650000003,27.35,27.0,27.15,27.15,27.4,-11.999629629999998,0.2351851699999976,0.0360000000000004,6.744,6.744,18.68518518888889,6.739555555555558,4.391986,4.3365707,4.328731,4.3532553,4.376048,1,2.0,1,0.5,-0.99,25.5,74.5
2022-12-06 07:15:00,69.298061399996,34.157244772222,34.16807772222,18.666666650000003,6.744,27.4,1,5.1764362714980825,70.66250196097344,7,1,12,0.9659258262890684,-0.2588190451025206,0.7818314824680298,0.6234898018587336,-2.4492935982947064e-16,1.0,0.0,0.0,0.0,7.800000000000001,23.3,100.0,56.0,-4.55,3.4323142,0.0,3.45,18.588888880000003,27.316666666666663,27.35,27.0,27.15,27.966666666666665,-11.922666650000004,-0.1129629799999953,-0.0360000000000004,6.78,6.747333333333333,18.66358024666667,6.756000000000003,4.376048,4.391986,4.3365707,4.328731,4.4460335,0,2.0,1,0.5,-1.01,26.6,73.4
2022-12-06 07:30:00,140.34244166111,90.664151055556,90.679983772222,18.588888880000003,6.747333333333333,27.966666666666665,2,5.1764362714980825,70.66250196097344,7,1,12,0.9659258262890684,-0.2588190451025206,0.7818314824680298,0.6234898018587336,-2.4492935982947064e-16,1.0,0.0,0.0,0.0,6.7,21.4,100.0,54.0,-4.5,3.4335637,0.0,4.0,18.77777775,27.4,27.316666666666663,27.35,27.0,27.7,-11.841555546666669,-0.0777777700000008,0.0033333333333329,6.744,6.887333333333333,18.678395053333336,6.757111111111112,4.4460335,4.376048,4.391986,4.3365707,4.453131,0,1.0,1,0.75,-1.03,27.2,72.8
2022-12-06 07:45:00,62.071406027774,0.0,0.0,18.77777775,6.887333333333333,27.7,0,5.1764362714980825,70.66250196097344,7,1,12,0.9659258262890684,-0.2588190451025206,0.7818314824680298,0.6234898018587336,-2.4492935982947064e-16,1.0,0.0,0.0,0.0,5.6,19.5,100.0,52.0,-4.45,3.4295268,0.0,4.55,18.56481479,27.966666666666665,27.4,27.316666666666663,27.35,28.33333333333333,-11.890444416666664,0.188888869999996,0.1400000000000005,6.747333333333333,6.673333333333333,18.67777776,6.79288888888889,4.453131,4.4460335,4.376048,4.391986,4.497909,1,2.0,1,0.5,-0.98,25.4,74.6
2022-12-06 08:00:00,98.22051543889,61.388655455556,61.401154955556,18.56481479,6.673333333333333,28.33333333333333,1,5.1764362714980825,70.66250196097344,8,1,12,0.8660254037844387,-0.4999999999999998,0.7818314824680298,0.6234898018587336,-2.4492935982947064e-16,1.0,0.0,0.0,0.0,4.5,17.6,100.0,50.0,-4.4,3.4198568,0.0,5.1,18.62222223,27.7,27.966666666666665,27.4,27.316666666666663,29.05,-11.891481456666668,-0.2129629599999987,-0.2140000000000004,6.887333333333333,6.430000000000001,18.643827140000003,6.769333333333336,4.497909,4.453131,4.4460335,4.376048,4.6273813,0,1.0,1,0.75,-1.03,27.4,72.6
2022-12-06 08:15:00,106.692121127774,71.260482816666,71.27437116111,18.62222223,6.430000000000001,29.05,2,5.1764362714980825,70.66250196097344,8,1,12,0.8660254037844387,-0.4999999999999998,0.7818314824680298,0.6234898018587336,-2.4492935982947064e-16,1.0,0.5,0.125,0.0416666666666666,4.0,15.175,100.0,53.0,-3.825,3.5952377,0.025,4.975,18.792592613333333,28.33333333333333,27.7,27.966666666666665,27.4,29.65,-12.19222223,0.0574074399999986,-0.2433333333333323,6.673333333333333,6.333333333333333,18.654938256666668,6.663555555555558,4.6273813,4.497909,4.453131,4.4460335,4.770795,0,1.0,1,0.75,-1.01,26.6,73.4
2022-12-06 08:30:00,45.91038584444,0.0,0.0,18.792592613333333,6.333333333333333,29.65,0,5.1764362714980825,70.66250196097344,8,1,12,0.8660254037844387,-0.4999999999999998,0.7818314824680298,0.6234898018587336,-2.4492935982947064e-16,1.0,1.0,0.375,0.125,3.5,12.75,100.0,56.0,-3.25,3.767471,0.05,4.85,18.57222223,29.05,28.33333333333333,27.7,27.966666666666665,30.35,-12.45925928,0.1703703833333349,-0.0966666666666675,6.430000000000001,6.032666666666668,18.659876544444444,6.478888888888892,4.770795,4.6273813,4.497909,4.453131,4.8201675,1,2.0,1,0.5,-0.97,24.9,75.1
2022-12-06 08:45:00,164.420922883334,105.830211072222,105.846321577776,18.57222223,6.032666666666668,30.35,2,5.1764362714980825,70.66250196097344,8,1,12,0.8660254037844387,-0.4999999999999998,0.7818314824680298,0.6234898018587336,-2.4492935982947064e-16,1.0,1.5,0.75,0.25,3.0,10.325,100.0,59.0,-2.6750000000000003,3.9365902,0.075,4.725,18.76851851,29.65,29.05,28.33333333333333,27.7,30.866666666666667,-12.539555563333334,-0.2203703833333321,-0.3006666666666655,6.333333333333333,5.6866666666666665,18.662345691111117,6.265333333333335,4.8201675,4.770795,4.6273813,4.497909,4.9594975,0,1.0,1,0.75,-1.02,26.8,73.2
2022-12-06 09:00:00,137.483389261114,36.568814955556,36.583258844444,18.76851851,5.6866666666666665,30.866666666666667,1,5.1764362714980825,70.66250196097344,9,1,12,0.7071067811865476,-0.7071067811865475,0.7818314824680298,0.6234898018587336,-2.4492935982947064e-16,1.0,2.0,1.25,0.4166666666666667,2.5,7.9,100.0,62.0,-2.1,4.1026316,0.1,4.6,18.74999999,30.35,29.65,29.05,28.33333333333333,31.9,-13.081851843333332,0.1962962799999985,-0.346000000000001,6.032666666666668,5.561999999999999,18.71111111777778,6.017555555555558,4.9594975,4.8201675,4.770795,4.6273813,5.119919,0,1.0,1,0.75,-0.97,24.8,75.2
2022-12-06 09:15:00,61.431153755556,0.0,0.0,18.74999999,5.561999999999999,31.9,0,5.1764362714980825,70.66250196097344,9,1,12,0.7071067811865476,-0.7071067811865475,0.7818314824680298,0.6234898018587336,-2.4492935982947064e-16,1.0,6.25,2.6875,0.9375,4.125,10.6,100.0,71.25,-0.7000000000000002,4.6448426,0.25,4.375,18.45370369,30.866666666666667,30.35,29.65,29.05,32.65,-13.18799999,-0.0185185200000006,-0.1246666666666671,5.6866666666666665,5.622,18.69691357666667,5.760444444444446,5.119919,4.9594975,4.8201675,4.770795,5.1491694,1,2.0,1,0.5,-0.97,24.8,75.2
2022-12-06 09:30:00,78.896010716666,22.372993944444,22.384660144444,18.45370369,5.622,32.65,1,5.1764362714980825,70.66250196097344,9,1,12,0.7071067811865476,-0.7071067811865475,0.7818314824680298,0.6234898018587336,-2.4492935982947064e-16,1.0,10.5,5.0625,1.8125,5.75,13.3,100.0,80.5,0.6999999999999997,5.1699367,0.4,4.15,18.36666664,31.9,30.866666666666667,30.35,29.65,33.0,-12.83170369,-0.296296299999998,0.0600000000000005,5.561999999999999,5.682,18.657407396666667,5.623555555555558,5.1491694,5.119919,4.9594975,4.8201675,5.177579,0,1.0,1,0.75,-1.03,27.5,72.5
2022-12-06 09:45:00,135.859009955552,88.604233455556,88.623399372222,18.36666664,5.682,33.0,2,5.1764362714980825,70.66250196097344,9,1,12,0.7071067811865476,-0.7071067811865475,0.7818314824680298,0.6234898018587336,-2.4492935982947064e-16,1.0,14.750000000000002,8.375,3.0416666666666665,7.375,16.0,100.0,89.75,2.099999999999999,5.678254,0.55,3.925,18.624074086666667,32.65,31.9,30.866666666666667,30.35,33.0,-12.68466664,-0.0870370499999992,0.0600000000000005,5.622,5.756666666666666,18.523456773333336,5.6220000000000026,5.177579,5.1491694,5.119919,4.9594975,5.257154,0,1.0,1,0.75,-1.05,28.3,71.7
2022-12-06 10:00:00,51.99764226111,0.0,0.0,18.624074086666667,5.756666666666666,33.0,0,5.1764362714980825,70.66250196097344,10,1,12,0.4999999999999999,-0.8660254037844387,0.7818314824680298,0.6234898018587336,-2.4492935982947064e-16,1.0,19.0,12.625,4.625,9.0,18.7,100.0,99.0,3.5,6.17013,0.7,3.7,18.44444445,33.0,32.65,31.9,30.866666666666667,33.4,-12.86740742,0.2574074466666651,0.0746666666666655,5.682,5.495333333333334,18.481481472222224,5.686888888888891,5.257154,5.177579,5.1491694,5.119919,5.2645593,1,2.0,1,0.5,-0.99,25.8,74.2
2022-12-06 10:15:00,78.06632180555,0.0,0.0,18.44444445,5.495333333333334,33.4,0,5.1764362714980825,70.66250196097344,10,1,12,0.4999999999999999,-0.8660254037844387,0.7818314824680298,0.6234898018587336,-2.4492935982947064e-16,1.0,21.75,16.5,6.4375,9.3,19.325,100.0,98.0,3.7,6.252073,0.7,4.05,18.305555556666665,33.0,33.0,32.65,31.9,33.78333333333333,-12.949111116666664,-0.1796296366666681,-0.2613333333333321,5.756666666666666,5.343333333333334,18.478395058888893,5.644666666666669,5.2645593,5.257154,5.177579,5.1491694,5.281298,0,2.0,0,0.5,-1.03,27.4,72.6
2022-12-06 10:30:00,205.686216672222,113.930164827778,113.950164011112,18.305555556666665,5.343333333333334,33.78333333333333,2,5.1764362714980825,70.66250196097344,10,1,12,0.4999999999999999,-0.8660254037844387,0.7818314824680298,0.6234898018587336,-2.4492935982947064e-16,1.0,24.5,20.0,8.479166666666666,9.6,19.95,100.0,97.0,3.9,6.3340135,0.7,4.4,18.561111120000003,33.4,33.0,33.0,32.65,33.85,-12.962222223333333,-0.1388888933333341,-0.1520000000000001,5.495333333333334,5.003333333333333,18.458024697777777,5.53177777777778,5.281298,5.2645593,5.257154,5.177579,5.3724995,0,2.0,1,0.5,-1.06,28.7,71.3
2022-12-06 10:45:00,990.285942544444,11.941466755556,11.952299672222,18.561111120000003,5.003333333333333,33.85,1,5.1764362714980825,70.66250196097344,10,1,12,0.4999999999999999,-0.8660254037844387,0.7818314824680298,0.6234898018587336,-2.4492935982947064e-16,1.0,27.25,23.125,10.75,9.9,20.575,100.0,96.0,4.1,6.4159126,0.7,4.75,18.53333333333333,33.78333333333333,33.4,33.0,33.0,34.18333333333333,-13.55777778666667,0.2555555633333384,-0.3400000000000007,5.343333333333334,4.544,18.437037042222222,5.2806666666666695,5.3724995,5.281298,5.2645593,5.257154,5.416486,0,2.0,1,0.5,-1.0,26.2,73.8
2022-12-06 11:00:00,67.765344911108,0.0,0.0,18.53333333333333,4.544,34.18333333333333,0,5.1764362714980825,70.66250196097344,11,1,12,0.258819045102521,-0.9659258262890682,0.7818314824680298,0.6234898018587336,-2.4492935982947064e-16,1.0,30.0,25.875,13.25,10.2,21.2,100.0,95.0,4.3,6.4977274,0.7,5.1,18.32222224,33.85,33.78333333333333,33.4,33.0,35.0,-13.989333333333336,-0.0277777866666681,-0.4593333333333333,5.003333333333333,4.064,18.46666667,4.9635555555555575,5.416486,5.3724995,5.281298,5.2645593,5.47691,1,2.0,1,0.5,-1.01,26.4,73.6
2022-12-06 11:15:00,133.459661433332,90.781090811112,90.79359036111,18.32222224,4.064,35.0,2,5.1764362714980825,70.66250196097344,11,1,12,0.258819045102521,-0.9659258262890682,0.7818314824680298,0.6234898018587336,-2.4492935982947064e-16,1.0,27.25,27.25,15.479166666666666,8.799999999999999,20.675,100.0,96.25,4.525,6.6049895,0.7,5.15,18.462962966666662,34.18333333333333,33.85,33.78333333333333,33.4,36.583333333333336,-14.258222239999998,-0.2111110933333364,-0.4799999999999995,4.544,4.083333333333333,18.472222231111115,4.5371111111111135,5.47691,5.416486,5.3724995,5.281298,5.772655,0,1.0,1,0.75,-1.05,28.3,71.7
2022-12-06 11:30:00,89.941680072218,37.4110035,37.419058777776,18.462962966666662,4.083333333333333,36.583333333333336,1,5.1764362714980825,70.66250196097344,11,1,12,0.258819045102521,-0.9659258262890682,0.7818314824680298,0.6234898018587336,-2.4492935982947064e-16,1.0,24.5,27.25,17.4375,7.399999999999999,20.15,100.0,97.5,4.75,6.7128797,0.7,5.199999999999999,18.51666666,35.0,34.18333333333333,33.85,33.78333333333333,37.0,-14.379629633333334,0.1407407266666673,0.0193333333333329,4.064,4.134,18.43950618,4.230444444444447,5.772655,5.47691,5.416486,5.3724995,5.8570113,0,1.0,1,0.75,-1.01,26.5,73.5
2022-12-06 11:45:00,60.348974794446,0.0,0.0,18.51666666,4.134,37.0,0,5.1764362714980825,70.66250196097344,11,1,12,0.258819045102521,-0.9659258262890682,0.7818314824680298,0.6234898018587336,-2.4492935982947064e-16,1.0,21.75,25.875,19.125,6.0,19.625,100.0,98.75,4.975,6.821401,0.7,5.25,18.303703676666665,36.583333333333336,35.0,34.18333333333333,33.85,37.0,-14.382666659999998,0.0537036933333325,0.0506666666666664,4.083333333333333,4.192666666666667,18.433950622222223,4.09377777777778,5.8570113,5.772655,5.47691,5.416486,5.7835183,1,2.0,1,0.5,-1.0,25.9,74.1
2022-12-06 12:00:00,90.96413903889,44.624048316666,44.63321468333,18.303703676666665,4.192666666666667,37.0,1,5.1764362714980825,70.66250196097344,12,1,12,1.2246467991473532e-16,-1.0,0.7818314824680298,0.6234898018587336,-2.4492935982947064e-16,1.0,19.0,23.125,20.541666666666668,4.6,19.1,100.0,100.0,5.2,6.9305573,0.7,5.3,18.3222222,37.0,36.583333333333336,35.0,34.18333333333333,37.3,-14.111037009999997,-0.2129629833333339,0.0586666666666673,4.134,4.254666666666667,18.42777776777778,4.136666666666669,5.7835183,5.8570113,5.772655,5.47691,5.8368216,0,1.0,1,0.75,-1.04,28.0,72.0
2022-12-06 12:15:00,458.564434538886,85.022987827778,85.037431766664,18.3222222,4.254666666666667,37.3,2,5.1764362714980825,70.66250196097344,12,1,12,1.2246467991473532e-16,-1.0,0.7818314824680298,0.6234898018587336,-2.4492935982947064e-16,1.0,23.75,22.25,22.0,4.725,16.925,100.0,100.0,5.375,7.010908,0.8,5.475,18.500000006666667,37.0,37.0,36.583333333333336,35.0,37.03333333333333,-14.067555533333332,0.0185185233333342,0.0620000000000002,4.192666666666667,4.408666666666666,18.38086417888889,4.19377777777778,5.8368216,5.7835183,5.8570113,5.772655,5.8565016,0,1.0,1,0.75,-1.04,27.8,72.2
2022-12-06 12:30:00,95.07008596111,0.0,0.0,18.500000006666667,4.408666666666666,37.03333333333333,0,5.1764362714980825,70.66250196097344,12,1,12,1.2246467991473532e-16,-1.0,0.7818314824680298,0.6234898018587336,-2.4492935982947064e-16,1.0,28.5,23.25,23.5,4.85,14.75,100.0,100.0,5.550000000000001,7.092073,0.9,5.65,18.31666667,37.3,37.0,37.0,36.583333333333336,37.0,-14.091333340000002,0.1777778066666684,0.153999999999999,4.254666666666667,4.514666666666667,18.37530862777778,4.285333333333336,5.8565016,5.8368216,5.7835183,5.8570113,5.7879686,1,2.0,1,0.5,-1.0,26.1,73.9
2022-12-06 12:45:00,65.818756044444,0.0,0.0,18.31666667,4.514666666666667,37.0,0,5.1764362714980825,70.66250196097344,12,1,12,1.2246467991473532e-16,-1.0,0.7818314824680298,0.6234898018587336,-2.4492935982947064e-16,1.0,33.25,26.125,25.041666666666668,4.975,12.575,100.0,100.0,5.7250000000000005,7.1740575,1.0,5.825,18.17407410666667,37.03333333333333,37.3,37.0,37.0,37.0,-13.802000003333331,-0.1833333366666671,0.1060000000000007,4.408666666666666,4.681333333333333,18.379629625555555,4.39266666666667,5.7879686,5.8565016,5.8368216,5.7835183,5.7391753,0,2.0,0,0.5,-1.04,27.9,72.1
2022-12-06 13:00:00,141.767940238886,88.267302516666,88.278690977776,18.17407410666667,4.681333333333333,37.0,2,5.1764362714980825,70.66250196097344,13,1,12,-0.2588190451025208,-0.9659258262890684,0.7818314824680298,0.6234898018587336,-2.4492935982947064e-16,1.0,38.0,30.875,26.625,5.1,10.4,100.0,100.0,5.9,7.2568703,1.1,6.0,18.366666650000003,37.0,37.03333333333333,37.3,37.0,37.0,-13.492740773333336,-0.1425925633333307,0.166666666666666,4.514666666666667,4.696666666666667,18.33024692777778,4.534888888888891,5.7391753,5.7879686,5.8565016,5.8368216,5.8051634,0,2.0,1,0.5,-1.07,29.4,70.6
2022-12-06 13:15:00,89.41920092222,50.4604815,50.46964788333,18.366666650000003,4.696666666666667,37.0,1,5.1764362714980825,70.66250196097344,13,1,12,-0.2588190451025208,-0.9659258262890684,0.7818314824680298,0.6234898018587336,-2.4492935982947064e-16,1.0,39.0,34.6875,28.0625,4.699999999999999,10.15,100.0,100.0,6.050000000000001,7.3165317,1.0750000000000002,6.125,18.43518517,37.0,37.0,37.03333333333333,37.3,37.0,-13.669999983333335,0.1925925433333333,0.0153333333333343,4.681333333333333,4.896,18.28580247555556,4.630888888888891,5.8051634,5.7391753,5.7879686,5.8565016,5.8287973,0,2.0,1,0.5,-1.03,27.4,72.6
2022-12-06 13:30:00,52.997046716666,0.0,0.0,18.43518517,4.896,37.0,0,5.1764362714980825,70.66250196097344,13,1,12,-0.2588190451025208,-0.9659258262890684,0.7818314824680298,0.6234898018587336,-2.4492935982947064e-16,1.0,40.0,37.5625,29.354166666666668,4.3,9.9,100.0,100.0,6.2,7.3766217,1.05,6.25,18.25555553,37.0,37.0,37.0,37.03333333333333,37.0,-13.53918517,0.0685185199999978,0.1993333333333327,4.696666666666667,4.898,18.325308642222225,4.758000000000003,5.8287973,5.8051634,5.7391753,5.7879686,5.767013,1,2.0,1,0.5,-1.01,26.7,73.3
2022-12-06 13:45:00,101.430109333332,60.417305411112,60.426471727778,18.25555553,4.898,37.0,1,5.1764362714980825,70.66250196097344,13,1,12,-0.2588190451025208,-0.9659258262890684,0.7818314824680298,0.6234898018587336,-2.4492935982947064e-16,1.0,41.0,39.5,30.5,3.9,9.65,100.0,100.0,6.35,7.4371424,1.025,6.375,18.32407406,37.0,37.0,37.0,37.0,36.81666666666667,-13.35755553,-0.1796296400000017,0.0019999999999997,4.896,4.820666666666667,18.35246911666667,4.830222222222225,5.767013,5.8287973,5.8051634,5.7391753,5.7618217,0,1.0,1,0.75,-1.06,28.5,71.5
2022-12-06 14:00:00,116.877269238886,70.864943055556,70.874942705554,18.32407406,4.820666666666667,36.81666666666667,2,5.1764362714980825,70.66250196097344,14,1,12,-0.4999999999999997,-0.8660254037844388,0.7818314824680298,0.6234898018587336,-2.4492935982947064e-16,1.0,42.0,40.5,31.5,3.5,9.4,100.0,100.0,6.5,7.498096,1.0,6.5,18.44999997,37.0,37.0,37.0,37.0,36.55,-13.503407393333331,0.0685185300000021,-0.0773333333333328,4.898,4.867999999999999,18.338271586666668,4.871555555555558,5.7618217,5.767013,5.8287973,5.8051634,5.762965,0,1.0,1,0.75,-1.04,27.9,72.1
2022-12-06 14:15:00,65.094062833332,0.0,0.0,18.44999997,4.867999999999999,36.55,0,5.1764362714980825,70.66250196097344,14,1,12,-0.4999999999999997,-0.8660254037844388,0.7818314824680298,0.6234898018587336,-2.4492935982947064e-16,1.0,38.0,40.25,32.395833333333336,3.025,8.675,100.0,100.0,6.475,7.48587,0.85,6.475,18.27962962,36.81666666666667,37.0,37.0,37.0,36.96666666666667,-13.581999970000002,0.1259259099999994,0.0473333333333325,4.820666666666667,4.953333333333333,18.34320985333333,4.862222222222225,5.762965,5.7618217,5.767013,5.8287973,5.7700577,1,2.0,1,0.5,-1.01,26.7,73.3
2022-12-06 14:30:00,65.744314505558,17.102093688888,17.105704694442,18.27962962,4.953333333333333,36.96666666666667,1,5.1764362714980825,70.66250196097344,14,1,12,-0.4999999999999997,-0.8660254037844388,0.7818314824680298,0.6234898018587336,-2.4492935982947064e-16,1.0,34.0,38.75,33.1875,2.55,7.95,100.0,100.0,6.45,7.4736614,0.7,6.45,18.16111111,36.55,36.81666666666667,37.0,37.0,36.95,-13.326296286666665,-0.1703703500000024,0.0853333333333337,4.867999999999999,4.924,18.35123455,4.880666666666669,5.7700577,5.762965,5.7618217,5.767013,5.7270093,0,1.0,1,0.75,-1.05,28.3,71.7
2022-12-06 14:45:00,160.78134632222,121.651244888888,121.667355411108,18.16111111,4.924,36.95,2,5.1764362714980825,70.66250196097344,14,1,12,-0.4999999999999997,-0.8660254037844388,0.7818314824680298,0.6234898018587336,-2.4492935982947064e-16,1.0,30.0,36.0,33.875,2.075,7.225,100.0,100.0,6.425000000000001,7.4614716,0.55,6.425000000000001,18.44259256666667,36.96666666666667,36.55,36.81666666666667,37.0,36.53333333333333,-13.23711111,-0.1185185099999976,-0.0293333333333327,4.953333333333333,4.842666666666667,18.29691356666667,4.915111111111114,5.7270093,5.7700577,5.762965,5.7618217,5.7578087,0,1.0,1,0.75,-1.08,29.5,70.5
2022-12-06 15:00:00,50.196881061106,0.0,0.0,18.44259256666667,4.842666666666667,36.53333333333333,0,5.1764362714980825,70.66250196097344,15,1,12,-0.7071067811865471,-0.7071067811865479,0.7818314824680298,0.6234898018587336,-2.4492935982947064e-16,1.0,26.0,32.0,34.458333333333336,1.6,6.5,100.0,100.0,6.4,7.449298,0.4,6.4,18.40555556,36.95,36.96666666666667,36.55,36.81666666666667,36.55,-13.599925900000002,0.2814814566666683,-0.0813333333333332,4.924,4.866,18.29444443222222,4.906666666666669,5.7578087,5.7270093,5.7700577,5.762965,5.7478004,1,2.0,1,0.5,-1.02,26.8,73.2
2022-12-06 15:15:00,52.5170659,0.0,0.0,18.40555556,4.866,36.55,0,5.1764362714980825,70.66250196097344,15,1,12,-0.7071067811865471,-0.7071067811865479,0.7818314824680298,0.6234898018587336,-2.4492935982947064e-16,1.0,23.5,28.375,34.4375,2.0500000000000003,6.4,100.0,100.0,6.3500000000000005,7.425003,0.325,6.3500000000000005,18.233333313333333,36.53333333333333,36.95,36.96666666666667,36.55,36.96666666666667,-13.53955556,-0.0370370066666687,0.0233333333333325,4.842666666666667,4.919333333333333,18.33641974555556,4.877555555555557,5.7478004,5.7578087,5.7270093,5.7700577,5.7542214,0,2.0,0,0.5,-1.02,27.1,72.9
2022-12-06 15:30:00,167.792177011108,103.556135372222,103.568912644444,18.233333313333333,4.919333333333333,36.96666666666667,2,5.1764362714980825,70.66250196097344,15,1,12,-0.7071067811865471,-0.7071067811865479,0.7818314824680298,0.6234898018587336,-2.4492935982947064e-16,1.0,21.0,25.125,33.8125,2.5,6.3,100.0,100.0,6.300000000000001,7.400777,0.25,6.300000000000001,18.42222222,36.55,36.53333333333333,36.95,36.96666666666667,36.65,-13.313999979999998,-0.1722222466666672,0.0533333333333336,4.866,5.040666666666667,18.36049381333333,4.876000000000002,5.7542214,5.7478004,5.7578087,5.7270093,5.769226,0,2.0,1,0.5,-1.06,28.8,71.2
2022-12-06 15:45:00,93.339877455552,38.128474766668,38.135141216666,18.42222222,5.040666666666667,36.65,1,5.1764362714980825,70.66250196097344,15,1,12,-0.7071067811865471,-0.7071067811865479,0.7818314824680298,0.6234898018587336,-2.4492935982947064e-16,1.0,18.5,22.25,32.583333333333336,2.95,6.199999999999999,100.0,100.0,6.25,7.3766217,0.175,6.25,18.47037038333333,36.96666666666667,36.55,36.53333333333333,36.95,36.5,-13.381555553333332,0.1888889066666657,0.1213333333333333,4.919333333333333,5.142666666666667,18.353703697777775,4.942000000000003,5.769226,5.7542214,5.7478004,5.7578087,5.7620354,0,2.0,1,0.5,-1.02,26.9,73.1
2022-12-06 16:00:00,59.886215638886,0.0,0.0,18.47037038333333,5.142666666666667,36.5,0,5.1764362714980825,70.66250196097344,16,1,12,-0.8660254037844385,-0.5000000000000004,0.7818314824680298,0.6234898018587336,-2.4492935982947064e-16,1.0,16.0,19.75,30.75,3.4,6.1,100.0,100.0,6.2,7.3525333,0.1,6.2,18.24999998,36.65,36.96666666666667,36.55,36.53333333333333,36.85,-13.327703716666663,0.0481481633333338,0.1020000000000003,5.040666666666667,5.132666666666667,18.37530863888889,5.034222222222225,5.7620354,5.769226,5.7542214,5.7478004,5.741739,1,2.0,1,0.5,-1.01,26.5,73.5
2022-12-06 16:15:00,99.97127882222,55.499446616666,55.50666856111,18.24999998,5.132666666666667,36.85,1,5.1764362714980825,70.66250196097344,16,1,12,-0.8660254037844385,-0.5000000000000004,0.7818314824680298,0.6234898018587336,-2.4492935982947064e-16,1.0,15.25,17.6875,28.77083333333333,3.925,6.824999999999999,100.0,98.75,6.15,7.3202205,0.075,6.325,18.272222223333337,36.5,36.65,36.96666666666667,36.55,37.0,-13.117333313333331,-0.2203704033333338,-0.0099999999999997,5.142666666666667,5.332,18.380864194444445,5.105333333333336,5.741739,5.7620354,5.769226,5.7542214,5.7727227,0,1.0,1,0.75,-1.06,28.6,71.4
2022-12-06 16:30:00,132.249154305554,88.345354944444,88.35646568333,18.272222223333337,5.332,37.0,2,5.1764362714980825,70.66250196097344,16,1,12,-0.8660254037844385,-0.5000000000000004,0.7818314824680298,0.6234898018587336,-2.4492935982947064e-16,1.0,14.5,16.0625,26.64583333333333,4.45,7.55,100.0,97.5,6.1,7.28682,0.05,6.45,18.46666665,36.85,36.5,36.65,36.96666666666667,36.7,-12.940222223333336,0.0222222433333385,0.1993333333333327,5.132666666666667,5.41,18.33086419555556,5.202444444444446,5.7727227,5.741739,5.7620354,5.769226,5.7923346,0,1.0,1,0.75,-1.05,28.4,71.6
2022-12-06 16:45:00,63.908554688888,0.0,0.0,18.46666665,5.41,36.7,0,5.1764362714980825,70.66250196097344,16,1,12,-0.8660254037844385,-0.5000000000000004,0.7818314824680298,0.6234898018587336,-2.4492935982947064e-16,1.0,13.75,14.875,24.375,4.975,8.275,100.0,96.25,6.05,7.252319,0.0249999999999999,6.575,18.303703676666665,37.0,36.85,36.5,36.65,36.96666666666667,-13.056666649999997,0.19444442666666,0.0780000000000002,5.332,5.564666666666667,18.32962961777778,5.291555555555558,5.7923346,5.7727227,5.741739,5.7620354,5.7783074,1,2.0,1,0.5,-1.01,26.5,73.5
2022-12-06 17:00:00,297.318106949994,39.331482227778,39.338148711108005,18.303703676666665,5.564666666666667,36.96666666666667,1,5.1764362714980825,70.66250196097344,17,1,12,-0.9659258262890684,-0.2588190451025206,0.7818314824680298,0.6234898018587336,-2.4492935982947064e-16,1.0,13.0,14.125,21.95833333333333,5.5,9.0,100.0,95.0,6.0,7.2167034,0.0,6.7,18.24999998,36.7,37.0,36.85,36.5,37.0,-12.739037009999995,-0.1629629733333324,0.1546666666666665,5.41,5.84,18.34753085,5.435555555555557,5.7783074,5.7923346,5.7727227,5.741739,5.765111,0,1.0,1,0.75,-1.04,28.1,71.9
2022-12-06 17:15:00,323.269568633336,126.450775083334,126.4641079,18.24999998,5.84,37.0,2,5.1764362714980825,70.66250196097344,17,1,12,-0.9659258262890684,-0.2588190451025206,0.7818314824680298,0.6234898018587336,-2.4492935982947064e-16,1.0,10.0,12.8125,19.625,5.2,8.825,100.0,96.25,6.0,7.2405024,0.025,6.55,18.501851866666662,36.96666666666667,36.7,37.0,36.85,37.0,-12.409999979999998,-0.0537036966666661,0.2753333333333332,5.564666666666667,5.930000000000001,18.340123435555554,5.604888888888891,5.765111,5.7783074,5.7923346,5.7727227,5.8518724,0,1.0,1,0.75,-1.06,28.6,71.4
2022-12-06 17:30:00,55.889986527778,0.0,0.0,18.501851866666662,5.930000000000001,37.0,0,5.1764362714980825,70.66250196097344,17,1,12,-0.9659258262890684,-0.2588190451025206,0.7818314824680298,0.6234898018587336,-2.4492935982947064e-16,1.0,7.0,10.9375,17.375,4.9,8.65,100.0,97.5,6.0,7.2630653,0.05,6.4,18.38888888,37.0,36.96666666666667,36.7,37.0,37.4,-12.571851866666666,0.2518518866666674,0.0900000000000007,5.84,6.052666666666667,18.351851841111117,5.778222222222225,5.8518724,5.765111,5.7783074,5.7923346,5.8756604,1,2.0,1,0.5,-1.0,26.1,73.9
2022-12-06 17:45:00,72.61070655555599,18.648420683334,18.652865005554,18.38888888,6.052666666666667,37.4,1,5.1764362714980825,70.66250196097344,17,1,12,-0.9659258262890684,-0.2588190451025206,0.7818314824680298,0.6234898018587336,-2.4492935982947064e-16,1.0,4.0,8.5,15.208333333333334,4.6,8.475000000000001,100.0,98.75,6.0,7.2844143,0.075,6.25,18.29074073,37.0,37.0,36.96666666666667,36.7,37.96666666666667,-12.336222213333333,-0.1129629866666661,0.1226666666666664,5.930000000000001,6.083333333333333,18.38024690888889,5.940888888888892,5.8756604,5.8518724,5.765111,5.7783074,5.930055,0,1.0,1,0.75,-1.02,27.1,72.9
2022-12-06 18:00:00,168.757693938886,122.030118566668,122.044006944444,18.29074073,6.083333333333333,37.96666666666667,2,5.1764362714980825,70.66250196097344,18,1,12,-1.0,-1.8369701987210294e-16,0.7818314824680298,0.6234898018587336,-2.4492935982947064e-16,1.0,1.0,5.5,13.125,4.3,8.3,100.0,100.0,6.0,7.3045635,0.1,6.1,18.53333333,37.4,37.0,37.0,36.96666666666667,37.65,-12.207407396666667,-0.0981481500000001,0.0306666666666659,6.052666666666667,6.280666666666667,18.39382715888889,6.022000000000003,5.930055,5.8756604,5.8518724,5.765111,5.9657927,0,1.0,1,0.75,-1.04,28.0,72.0
2022-12-06 18:15:00,77.35440586666,15.103284744444,15.108284611108,18.53333333,6.280666666666667,37.65,1,5.1764362714980825,70.66250196097344,18,1,12,-1.0,-1.8369701987210294e-16,0.7818314824680298,0.6234898018587336,-2.4492935982947064e-16,1.0,0.75,3.1875,11.229166666666666,4.6,8.3,100.0,100.0,6.0,7.3045635,0.075,6.1,18.44629628333333,37.96666666666667,37.4,37.0,37.0,37.68333333333333,-12.252666663333336,0.2425926000000018,0.1973333333333338,6.083333333333333,6.347333333333334,18.40432098,6.138888888888892,5.9657927,5.930055,5.8756604,5.8518724,5.9403586,0,1.0,1,0.75,-0.99,25.6,74.4
2022-12-06 18:30:00,74.466743561106,0.0,0.0,18.44629628333333,6.347333333333334,37.68333333333333,0,5.1764362714980825,70.66250196097344,18,1,12,-1.0,-1.8369701987210294e-16,0.7818314824680298,0.6234898018587336,-2.4492935982947064e-16,1.0,0.5,1.5625,9.520833333333334,4.9,8.3,100.0,100.0,6.0,7.3045635,0.05,6.1,18.2722222,37.65,37.96666666666667,37.4,37.0,38.3,-12.098962949999995,-0.0870370466666692,0.0666666666666673,6.280666666666667,6.434,18.42345678111111,6.237111111111115,5.9403586,5.9657927,5.930055,5.8756604,5.9755483,1,1.0,1,0.75,-1.01,26.5,73.5
2022-12-06 18:45:00,155.310176194446,108.675930588888,108.687319016666,18.2722222,6.434,38.3,2,5.1764362714980825,70.66250196097344,18,1,12,-1.0,-1.8369701987210294e-16,0.7818314824680298,0.6234898018587336,-2.4492935982947064e-16,1.0,0.25,0.625,8.0,5.2,8.3,100.0,100.0,6.0,7.3045635,0.0249999999999999,6.1,18.45925926,37.68333333333333,37.65,37.96666666666667,37.4,38.21666666666667,-11.838222199999995,-0.174074083333334,0.086666666666666,6.347333333333334,6.683333333333334,18.41728393777778,6.354000000000003,5.9755483,5.9403586,5.9657927,5.930055,6.029062,0,1.0,1,0.75,-1.05,28.1,71.9
2022-12-06 19:00:00,91.478007250006,44.785986288888,44.791541649998,18.45925926,6.683333333333334,38.21666666666667,1,5.1764362714980825,70.66250196097344,19,1,12,-0.9659258262890684,0.2588190451025203,0.7818314824680298,0.6234898018587336,-2.4492935982947064e-16,1.0,0.0,0.375,6.666666666666667,5.5,8.3,100.0,100.0,6.0,7.3045635,0.0,6.1,18.51666666,38.3,37.68333333333333,37.65,37.96666666666667,38.55,-11.775925926666666,0.1870370600000015,0.2493333333333334,6.434,6.873333333333333,18.39259258111111,6.488222222222224,6.029062,5.9755483,5.9403586,5.9657927,6.1023726,0,1.0,1,0.75,-1.0,26.2,73.8
2022-12-06 19:15:00,60.444526655552,0.0,0.0,18.51666666,6.873333333333333,38.55,0,5.1764362714980825,70.66250196097344,19,1,12,-0.9659258262890684,0.2588190451025203,0.7818314824680298,0.6234898018587336,-2.4492935982947064e-16,1.0,0.0,0.1875,5.395833333333333,5.525,8.475000000000001,100.0,100.0,6.075,7.328515,0.025,6.15,18.34444441333333,38.21666666666667,38.3,37.68333333333333,37.65,38.96666666666667,-11.643333326666664,0.0574073999999988,0.1899999999999995,6.683333333333334,7.068,18.416049373333333,6.663555555555558,6.1023726,6.029062,5.9755483,5.9403586,6.1056714,1,2.0,1,0.5,-0.99,25.6,74.4
2022-12-06 19:30:00,164.03288283889,108.31372286111,108.325389094442,18.34444441333333,7.068,38.96666666666667,2,5.1764362714980825,70.66250196097344,19,1,12,-0.9659258262890684,0.2588190451025203,0.7818314824680298,0.6234898018587336,-2.4492935982947064e-16,1.0,0.0,0.0625,4.1875,5.55,8.65,100.0,100.0,6.15,7.3525333,0.05,6.199999999999999,18.52222221,38.55,38.21666666666667,38.3,37.68333333333333,39.05,-11.276444413333335,-0.1722222466666636,0.1946666666666665,6.873333333333333,7.1866666666666665,18.44012344444445,6.874888888888891,6.1056714,6.1023726,6.029062,5.9755483,6.183557,0,1.0,1,0.75,-1.03,27.2,72.8
2022-12-06 19:45:00,90.670539666668,28.184705883334,28.190539049998,18.52222221,7.1866666666666665,39.05,1,5.1764362714980825,70.66250196097344,19,1,12,-0.9659258262890684,0.2588190451025203,0.7818314824680298,0.6234898018587336,-2.4492935982947064e-16,1.0,0.0,0.0,3.0416666666666665,5.574999999999999,8.825,100.0,100.0,6.225,7.3766217,0.075,6.25,18.498148176666668,38.96666666666667,38.55,38.21666666666667,38.3,39.65,-11.335555543333331,0.177777796666664,0.1186666666666669,7.068,7.212000000000001,18.461111094444444,7.042666666666669,6.183557,6.1056714,6.1023726,6.029062,6.2696185,0,1.0,1,0.75,-0.98,25.4,74.6
2022-12-06 20:00:00,63.308023177776,0.0,0.0,18.498148176666668,7.212000000000001,39.65,0,5.1764362714980825,70.66250196097344,20,1,12,-0.8660254037844386,0.5000000000000001,0.7818314824680298,0.6234898018587336,-2.4492935982947064e-16,1.0,0.0,0.0,1.9583333333333333,5.6,9.0,100.0,100.0,6.3,7.400777,0.1,6.3,18.27777777,39.05,38.96666666666667,38.55,38.21666666666667,40.35,-11.286148176666668,-0.0240740333333313,0.025333333333334,7.1866666666666665,7.252,18.45493826666667,7.155555555555559,6.2696185,6.183557,6.1056714,6.1023726,6.2974644,1,2.0,1,0.5,-0.99,25.5,74.5
2022-12-06 20:15:00,117.459745905554,62.008908427778,62.016963688888005,18.27777777,7.252,40.35,1,5.1764362714980825,70.66250196097344,20,1,12,-0.8660254037844386,0.5000000000000001,0.7818314824680298,0.6234898018587336,-2.4492935982947064e-16,1.0,0.0,0.0,1.125,5.55,8.9,100.0,100.0,6.375,7.4371424,0.075,6.375,18.396296303333333,39.65,39.05,38.96666666666667,38.55,40.5,-11.02577777,-0.2203704066666674,0.0399999999999991,7.212000000000001,7.5,18.432716052222226,7.216888888888891,6.2974644,6.2696185,6.183557,6.1056714,6.3654747,0,1.0,1,0.75,-1.03,27.6,72.4
2022-12-06 20:30:00,108.500104338886,56.868280727778,56.875502705554005,18.396296303333333,7.5,40.5,1,5.1764362714980825,70.66250196097344,20,1,12,-0.8660254037844386,0.5000000000000001,0.7818314824680298,0.6234898018587336,-2.4492935982947064e-16,1.0,0.0,0.0,0.5416666666666666,5.5,8.8,100.0,100.0,6.449999999999999,7.4736614,0.05,6.449999999999999,18.51666666,40.35,39.65,39.05,38.96666666666667,40.9,-10.896296303333331,0.1185185333333329,0.2480000000000002,7.252,7.612,18.390740750000003,7.321333333333335,6.3654747,6.2974644,6.2696185,6.183557,6.474372,0,1.0,0,0.75,-1.01,26.4,73.6
2022-12-06 20:45:00,54.00478422222,0.0,0.0,18.51666666,7.612,40.9,0,5.1764362714980825,70.66250196097344,20,1,12,-0.8660254037844386,0.5000000000000001,0.7818314824680298,0.6234898018587336,-2.4492935982947064e-16,1.0,0.0,0.0,0.2083333333333333,5.45,8.7,100.0,100.0,6.525,7.5103393,0.0249999999999999,6.525,18.283333326666664,40.5,40.35,39.65,39.05,41.65,-10.904666659999998,0.1203703566666654,0.1120000000000001,7.5,7.760000000000001,18.396913577777777,7.454666666666669,6.474372,6.3654747,6.2974644,6.2696185,6.502499,1,2.0,1,0.5,-0.98,25.1,74.9
2022-12-06 21:00:00,404.403823266664,0.0,0.0,18.283333326666664,7.760000000000001,41.65,0,5.1764362714980825,70.66250196097344,21,1,12,-0.7071067811865477,0.7071067811865474,0.7818314824680298,0.6234898018587336,-2.4492935982947064e-16,1.0,0.0,0.0,0.125,5.4,8.6,100.0,100.0,6.6,7.5471735,0.0,6.6,18.15,40.9,40.5,40.35,39.65,41.95,-10.523333326666664,-0.2333333333333342,0.1480000000000005,7.612,7.786666666666666,18.39876543,7.624000000000002,6.502499,6.474372,6.3654747,6.2974644,6.4976835,0,2.0,0,0.5,-1.03,27.2,72.8
2022-12-06 21:15:00,148.695440911108,96.734463766668,96.746407788888,18.15,7.786666666666666,41.95,2,5.1764362714980825,70.66250196097344,21,1,12,-0.7071067811865477,0.7071067811865474,0.7818314824680298,0.6234898018587336,-2.4492935982947064e-16,1.0,0.0,0.0,0.0625,5.7250000000000005,8.875,100.0,100.0,6.6,7.5594864,0.0,6.625,18.42037034666667,41.65,40.9,40.5,40.35,41.53333333333333,-10.363333333333332,-0.1333333266666656,0.0266666666666655,7.760000000000001,7.796666666666667,18.31666666222222,7.719555555555559,6.4976835,6.502499,6.474372,6.3654747,6.5372114,0,2.0,1,0.5,-1.06,28.5,71.5
2022-12-06 21:30:00,77.30163006111,39.634525688888,39.642025438886,18.42037034666667,7.796666666666667,41.53333333333333,1,5.1764362714980825,70.66250196097344,21,1,12,-0.7071067811865477,0.7071067811865474,0.7818314824680298,0.6234898018587336,-2.4492935982947064e-16,1.0,0.0,0.0,0.0208333333333333,6.050000000000001,9.15,100.0,100.0,6.6,7.571817,0.0,6.65,18.51666666,41.95,41.65,40.9,40.5,42.25,-10.623703680000002,0.2703703466666702,0.0100000000000006,7.786666666666666,7.852666666666666,18.284567891111116,7.781111111111113,6.5372114,6.4976835,6.502499,6.474372,6.688074,0,2.0,1,0.5,-0.99,25.9,74.1
2022-12-06 21:45:00,52.510677222224,0.0,0.0,18.51666666,7.852666666666666,42.25,0,5.1764362714980825,70.66250196097344,21,1,12,-0.7071067811865477,0.7071067811865474,0.7818314824680298,0.6234898018587336,-2.4492935982947064e-16,1.0,0.0,0.0,0.0,6.375,9.425,100.0,100.0,6.6,7.5841646,0.0,6.675,18.283333326666664,41.53333333333333,41.95,41.65,40.9,43.15,-10.663999993333332,0.0962963133333296,0.0559999999999991,7.796666666666667,7.940666666666667,18.36234566888889,7.812000000000002,6.688074,6.5372114,6.4976835,6.502499,6.7366834,1,2.0,1,0.5,-0.97,24.8,75.2
2022-12-06 22:00:00,70.27857769444199,31.711509255556,31.717620177776,18.283333326666664,7.940666666666667,43.15,1,5.1764362714980825,70.66250196097344,22,1,12,-0.5000000000000004,0.8660254037844384,0.7818314824680298,0.6234898018587336,-2.4492935982947064e-16,1.0,0.0,0.0,0.0,6.7,9.7,100.0,100.0,6.6,7.596531,0.0,6.7,18.30555555,42.25,41.53333333333333,41.95,41.65,43.1,-10.342666659999995,-0.2333333333333342,0.0880000000000009,7.852666666666666,8.032,18.40679011111111,7.863333333333336,6.7366834,6.688074,6.5372114,6.4976835,6.7377586,0,1.0,1,0.75,-1.02,26.9,73.1
2022-12-06 22:15:00,130.838932966664,86.286270677776,86.29738138333,18.30555555,8.032,43.1,2,5.1764362714980825,70.66250196097344,22,1,12,-0.5000000000000004,0.8660254037844384,0.7818314824680298,0.6234898018587336,-2.4492935982947064e-16,1.0,0.0,0.0,0.0,6.45,10.075,100.0,98.25,6.9,7.735291,0.0,7.25,18.520370393333334,43.15,42.25,41.53333333333333,41.95,42.9,-10.27355555,0.0222222233333369,0.091333333333333,7.940666666666667,8.196666666666667,18.368518512222224,7.94177777777778,6.7377586,6.7366834,6.688074,6.5372114,6.792458,0,1.0,1,0.75,-1.01,26.7,73.3
2022-12-06 22:30:00,69.549995705554,0.0,0.0,18.520370393333334,8.196666666666667,42.9,0,5.1764362714980825,70.66250196097344,22,1,12,-0.5000000000000004,0.8660254037844384,0.7818314824680298,0.6234898018587336,-2.4492935982947064e-16,1.0,0.0,0.0,0.0,6.2,10.45,100.0,96.5,7.199999999999999,7.8728194,0.0,7.800000000000001,18.3722222,43.1,43.15,42.25,41.53333333333333,43.8,-10.323703726666666,0.2148148433333325,0.1646666666666671,8.032,8.375333333333334,18.36975309,8.056444444444447,6.792458,6.7377586,6.7366834,6.688074,6.874324,1,2.0,1,0.5,-0.96,24.6,75.4
2022-12-06 22:45:00,54.336437688884,0.0,0.0,18.3722222,8.375333333333334,43.8,0,5.1764362714980825,70.66250196097344,22,1,12,-0.5000000000000004,0.8660254037844384,0.7818314824680298,0.6234898018587336,-2.4492935982947064e-16,1.0,0.0,0.0,0.0,5.95,10.825,100.0,94.75,7.5,8.008872,0.0,8.35,18.209259256666662,42.9,43.1,43.15,42.25,43.53333333333333,-9.996888866666666,-0.1481481933333341,0.1786666666666665,8.196666666666667,8.547333333333334,18.39938271444445,8.201333333333336,6.874324,6.792458,6.7377586,6.7366834,6.7667055,0,2.0,0,0.5,-0.99,25.9,74.1
2022-12-06 23:00:00,108.629821283334,68.388931,68.396430716666,18.209259256666662,8.547333333333334,43.53333333333333,1,5.1764362714980825,70.66250196097344,23,1,12,-0.2588190451025215,0.965925826289068,0.7818314824680298,0.6234898018587336,-2.4492935982947064e-16,1.0,0.0,0.0,0.0,5.7,11.2,100.0,93.0,7.8,8.143202,0.0,8.9,18.37222221,43.8,42.9,43.1,43.15,43.15,-9.661925923333332,-0.1629629433333335,0.1720000000000006,8.375333333333334,8.366666666666667,18.36728395,8.373111111111115,6.7667055,6.874324,6.792458,6.7377586,6.7723074,0,2.0,1,0.5,-1.03,27.6,72.4
2022-12-06 23:15:00,101.95231066111,57.341872883334,57.348817088888,18.37222221,8.366666666666667,43.15,1,5.1764362714980825,70.66250196097344,23,1,12,-0.2588190451025215,0.965925826289068,0.7818314824680298,0.6234898018587336,-2.4492935982947064e-16,1.0,0.0,0.0,0.0,5.15,10.65,100.0,93.0,7.825,8.1562395,0.0,8.925,18.507407413333333,43.53333333333333,43.8,42.9,43.1,43.0,-10.005555543333331,0.1629629533333343,-0.1806666666666672,8.547333333333334,8.104000000000001,18.317901222222225,8.429777777777781,6.7723074,6.7667055,6.874324,6.792458,6.803064,0,2.0,0,0.5,-1.0,26.0,74.0
2022-12-06 23:30:00,47.479767383334,0.0,0.0,18.507407413333333,8.104000000000001,43.0,0,5.1764362714980825,70.66250196097344,23,1,12,-0.2588190451025215,0.965925826289068,0.7818314824680298,0.6234898018587336,-2.4492935982947064e-16,1.0,0.0,0.0,0.0,4.6,10.1,100.0,93.0,7.85,8.169294,0.0,8.95,18.31666667,43.15,43.53333333333333,43.8,42.9,43.35,-10.403407413333332,0.1351852033333322,-0.2626666666666661,8.366666666666667,8.3,18.36296296,8.339333333333336,6.803064,6.7723074,6.7667055,6.874324,6.781309,1,2.0,1,0.5,-0.97,24.7,75.3
2022-12-06 23:45:00,64.530196655548,0.0,0.0,18.31666667,8.3,43.35,0,5.1764362714980825,70.66250196097344,23,1,12,-0.2588190451025215,0.965925826289068,0.7818314824680298,0.6234898018587336,-2.4492935982947064e-16,1.0,0.0,0.0,0.0,4.05,9.55,100.0,93.0,7.875,8.182367,0.0,8.975,18.17407410666667,43.0,43.15,43.53333333333333,43.8,43.5,-10.01666667,-0.1907407433333325,0.1959999999999997,8.104000000000001,8.318666666666667,18.398765431111112,8.256888888888891,6.781309,6.803064,6.7723074,6.7667055,6.747409,0,2.0,0,0.5,-1.01,26.5,73.5
2022-12-07 00:00:00,150.39120641110802,77.064695055556,77.071639277776,18.17407410666667,8.318666666666667,43.5,2,5.1764362714980825,70.66250196097344,0,2,12,0.0,1.0,0.9749279121818236,-0.2225209339563143,-2.4492935982947064e-16,1.0,0.0,0.0,0.0,3.5,9.0,100.0,93.0,7.9,8.195457,0.0,9.0,18.40555557,43.35,43.0,43.15,43.53333333333333,43.5,-9.855407440000002,-0.1425925633333307,0.0186666666666663,8.3,8.406666666666668,18.332716063333336,8.240888888888891,6.747409,6.781309,6.803064,6.7723074,6.840748,0,2.0,1,0.5,-1.04,27.9,72.1
2022-12-07 00:15:00,117.378638099996,41.133632355556,41.140854366664,18.40555557,8.406666666666668,43.5,1,5.1764362714980825,70.66250196097344,0,2,12,0.0,1.0,0.9749279121818236,-0.2225209339563143,-2.4492935982947064e-16,1.0,0.0,0.0,0.0,4.05,8.725,100.0,93.25,7.95,8.217489,0.125,9.0,18.49074077,43.5,43.35,43.0,43.15,43.5,-9.998888903333333,0.2314814633333313,0.0880000000000009,8.318666666666667,8.606,18.29876544888889,8.34177777777778,6.840748,6.747409,6.781309,6.803064,6.8753757,0,2.0,1,0.5,-0.99,25.6,74.4
2022-12-07 00:30:00,52.228744133332,0.0,0.0,18.49074077,8.606,43.5,0,5.1764362714980825,70.66250196097344,0,2,12,0.0,1.0,0.9749279121818236,-0.2225209339563143,-2.4492935982947064e-16,1.0,0.0,0.0,0.0,4.6,8.45,100.0,93.5,8.0,8.23952,0.25,9.0,18.30000002,43.5,43.5,43.35,43.0,43.85,-9.884740770000002,0.0851852000000015,0.1993333333333318,8.406666666666668,8.696666666666667,18.35679014888889,8.44377777777778,6.8753757,6.840748,6.747409,6.781309,6.8527446,1,2.0,1,0.5,-0.97,24.8,75.2
2022-12-07 00:45:00,62.426669649994,13.400019527778,13.405852727774,18.30000002,8.696666666666667,43.85,1,5.1764362714980825,70.66250196097344,0,2,12,0.0,1.0,0.9749279121818236,-0.2225209339563143,-2.4492935982947064e-16,1.0,0.0,0.0,0.0,5.15,8.175,100.0,93.75,8.05,8.26155,0.375,9.0,18.255555580000003,43.5,43.5,43.5,43.35,43.81666666666667,-9.603333353333335,-0.1907407499999998,0.0906666666666673,8.606,8.675999999999998,18.398765453333336,8.569777777777782,6.8527446,6.8753757,6.840748,6.747409,6.829494,0,1.0,1,0.75,-1.01,26.6,73.4
2022-12-07 01:00:00,159.66639092222,97.0952827,97.106115616666,18.255555580000003,8.675999999999998,43.81666666666667,2,5.1764362714980825,70.66250196097344,1,2,12,0.2588190451025207,0.9659258262890684,0.9749279121818236,-0.2225209339563143,-2.4492935982947064e-16,1.0,0.0,0.0,0.0,5.7,7.9,100.0,94.0,8.1,8.283582,0.5,9.0,18.53333333,43.85,43.5,43.5,43.5,43.55,-9.579555580000005,-0.0444444399999994,-0.0206666666666688,8.696666666666667,8.740666666666668,18.34876545666667,8.659555555555558,6.829494,6.8527446,6.8753757,6.840748,6.900671,0,1.0,1,0.75,-1.02,27.0,73.0
2022-12-07 01:15:00,56.326635827774,0.0,0.0,18.53333333,8.740666666666668,43.55,0,5.1764362714980825,70.66250196097344,1,2,12,0.2588190451025207,0.9659258262890684,0.9749279121818236,-0.2225209339563143,-2.4492935982947064e-16,1.0,0.0,0.0,0.0,5.425,8.625,100.0,94.5,8.2,8.340965,0.525,9.025,18.44629628333333,43.81666666666667,43.85,43.5,43.5,44.15,-9.792666663333334,0.2777777499999985,0.0646666666666693,8.675999999999998,8.937333333333333,18.36296297666667,8.704444444444448,6.900671,6.829494,6.8527446,6.8753757,6.959757,1,2.0,1,0.5,-0.96,24.4,75.6
2022-12-07 01:30:00,67.948115366664,0.0,0.0,18.44629628333333,8.937333333333333,44.15,0,5.1764362714980825,70.66250196097344,1,2,12,0.2588190451025207,0.9659258262890684,0.9749279121818236,-0.2225209339563143,-2.4492935982947064e-16,1.0,0.0,0.0,0.0,5.15,9.35,100.0,95.0,8.3,8.398508,0.55,9.05,18.24999998,43.55,43.81666666666667,43.85,43.5,44.55,-9.50896295,-0.0870370466666692,0.1966666666666654,8.740666666666668,8.979999999999999,18.41172839777778,8.784666666666668,6.959757,6.900671,6.829494,6.8527446,6.941505,0,2.0,0,0.5,-0.98,25.1,74.9
2022-12-07 01:45:00,67.754789799996,0.0,0.0,18.24999998,8.979999999999999,44.55,0,5.1764362714980825,70.66250196097344,1,2,12,0.2588190451025207,0.9659258262890684,0.9749279121818236,-0.2225209339563143,-2.4492935982947064e-16,1.0,0.0,0.0,0.0,4.875,10.075,100.0,95.5,8.4,8.456209,0.575,9.075,18.19074075,44.15,43.55,43.81666666666667,43.85,44.78333333333333,-9.26999998,-0.1962963033333338,0.0426666666666655,8.937333333333333,9.0,18.40987653111111,8.886000000000003,6.941505,6.959757,6.900671,6.829494,6.953351,0,3.0,0,0.25,-1.02,26.9,73.1
2022-12-07 02:00:00,146.404976883334,95.781724144444,95.792001516666,18.19074075,9.0,44.78333333333333,2,5.1764362714980825,70.66250196097344,2,2,12,0.4999999999999999,0.8660254037844387,0.9749279121818236,-0.2225209339563143,-2.4492935982947064e-16,1.0,0.0,0.0,0.0,4.6,10.8,100.0,96.0,8.5,8.514073,0.6,9.1,18.48888888,44.55,44.15,43.55,43.81666666666667,44.2,-9.19074075,-0.0592592299999985,0.0200000000000013,8.979999999999999,8.948666666666668,18.295679004444445,8.972444444444447,6.953351,6.941505,6.959757,6.900671,6.9852486,0,3.0,1,0.25,-1.03,27.5,72.5
2022-12-07 02:15:00,68.711973594446,23.200738583334,23.205738433332,18.48888888,8.948666666666668,44.2,1,5.1764362714980825,70.66250196097344,2,2,12,0.4999999999999999,0.8660254037844387,0.9749279121818236,-0.2225209339563143,-2.4492935982947064e-16,1.0,0.0,0.0,0.0,4.1,10.0,100.0,96.25,8.475,8.495427,0.525,9.025,18.498148176666668,44.78333333333333,44.55,44.15,43.55,44.65,-9.540222213333331,0.2981481300000013,-0.0513333333333321,9.0,8.955333333333334,18.309876536666668,8.976222222222225,6.9852486,6.953351,6.941505,6.959757,7.060238,0,2.0,1,0.5,-0.97,24.7,75.3
2022-12-07 02:30:00,53.120930677776,0.0,0.0,18.498148176666668,8.955333333333334,44.65,0,5.1764362714980825,70.66250196097344,2,2,12,0.4999999999999999,0.8660254037844387,0.9749279121818236,-0.2225209339563143,-2.4492935982947064e-16,1.0,0.0,0.0,0.0,3.6,9.2,100.0,96.5,8.45,8.47674,0.4499999999999999,8.95,18.30000002,44.2,44.78333333333333,44.55,44.15,45.0,-9.542814843333334,0.0092592966666664,0.0066666666666659,8.948666666666668,9.18,18.392592602222223,8.968000000000004,7.060238,6.9852486,6.953351,6.941505,7.0324636,1,2.0,1,0.5,-0.96,24.5,75.5
2022-12-07 02:45:00,66.333179883334,0.0,0.0,18.30000002,9.18,45.0,0,5.1764362714980825,70.66250196097344,2,2,12,0.4999999999999999,0.8660254037844387,0.9749279121818236,-0.2225209339563143,-2.4492935982947064e-16,1.0,0.0,0.0,0.0,3.1,8.4,100.0,96.75,8.425,8.458013,0.375,8.875,18.15370372,44.65,44.2,44.78333333333333,44.55,45.18333333333333,-9.120000020000004,-0.1981481566666652,0.2246666666666659,8.955333333333334,9.108666666666666,18.42901235888889,9.028000000000004,7.0324636,7.060238,6.9852486,6.953351,7.0000377,0,2.0,0,0.5,-1.01,26.3,73.7
2022-12-07 03:00:00,78.514637005558,20.762780588888,20.766947138886,18.15370372,9.108666666666666,45.18333333333333,1,5.1764362714980825,70.66250196097344,3,2,12,0.7071067811865476,0.7071067811865476,0.9749279121818236,-0.2225209339563143,-2.4492935982947064e-16,1.0,0.0,0.0,0.0,2.6,7.6,100.0,97.0,8.4,8.439246,0.3,8.8,18.18888891,45.0,44.65,44.2,44.78333333333333,45.1,-9.045037053333331,-0.146296300000003,-0.0713333333333334,9.18,9.016,18.317283972222224,9.081333333333337,7.0000377,7.0324636,7.060238,6.9852486,7.0017476,0,2.0,1,0.5,-1.04,27.8,72.2
2022-12-07 03:15:00,139.042771549994,97.406103633332,97.418047638886,18.18888891,9.016,45.1,2,5.1764362714980825,70.66250196097344,3,2,12,0.7071067811865476,0.7071067811865476,0.9749279121818236,-0.2225209339563143,-2.4492935982947064e-16,1.0,0.0,0.0,0.0,3.775,8.225,100.0,97.75,8.05,8.262451,0.325,8.350000000000001,18.52962967333333,45.18333333333333,45.0,44.65,44.2,44.71666666666667,-9.17288891,0.0351851899999999,-0.0926666666666662,9.108666666666666,8.952,18.21419755,9.101555555555558,7.0017476,7.0000377,7.0324636,7.060238,7.083981,0,2.0,1,0.5,-1.03,27.4,72.6
2022-12-07 03:30:00,56.591625127778,0.0,0.0,18.52962967333333,8.952,44.71666666666667,0,5.1764362714980825,70.66250196097344,3,2,12,0.7071067811865476,0.7071067811865476,0.9749279121818236,-0.2225209339563143,-2.4492935982947064e-16,1.0,0.0,0.0,0.0,4.949999999999999,8.85,100.0,98.5,7.7,8.088022,0.35,7.9,18.4277778,45.1,45.18333333333333,45.0,44.65,45.4,-9.577629673333332,0.3407407633333328,-0.064,9.016,9.180666666666667,18.290740767777777,9.025555555555558,7.083981,7.0017476,7.0000377,7.0324636,7.1489534,1,2.0,1,0.5,-0.95,24.2,75.8
2022-12-07 03:45:00,43.917410116658,0.0,0.0,18.4277778,9.180666666666667,45.4,0,5.1764362714980825,70.66250196097344,3,2,12,0.7071067811865476,0.7071067811865476,0.9749279121818236,-0.2225209339563143,-2.4492935982947064e-16,1.0,0.0,0.0,0.0,6.125,9.475,100.0,99.25,7.35,7.915969,0.375,7.45,18.238888915,44.71666666666667,45.1,45.18333333333333,45.0,45.97857142857144,-9.247111133333334,-0.1018518733333309,0.2286666666666672,8.952,9.305714285714286,18.382098794444445,9.04955555555556,7.1489534,7.083981,7.0017476,7.0000377,7.1593733,0,2.0,0,0.5,-0.97,25.0,75.0
2022-12-07 04:00:00,71.44714216666,31.2704158,31.275693438886,18.238888915,9.305714285714286,45.97857142857144,1,5.1764362714980825,70.66250196097344,4,2,12,0.8660254037844386,0.5000000000000001,0.9749279121818236,-0.2225209339563143,-2.4492935982947064e-16,1.0,0.0,0.0,0.0,7.3,10.1,100.0,100.0,7.0,7.7462993,0.4,7.0,18.3111111,45.4,44.71666666666667,45.1,45.18333333333333,45.65,-8.933174629285714,-0.1888888850000007,0.1250476190476188,9.180666666666667,9.588666666666668,18.398765462777774,9.146126984126989,7.1593733,7.1489534,7.083981,7.0017476,7.1387496,0,2.0,1,0.5,-1.01,26.7,73.3
2022-12-07 04:15:00,468.737916433332,69.211398083334,69.221119944444,18.3111111,9.588666666666668,45.65,1,5.1764362714980825,70.66250196097344,4,2,12,0.8660254037844386,0.5000000000000001,0.9749279121818236,-0.2225209339563143,-2.4492935982947064e-16,1.0,0.0,0.0,0.0,7.375,10.625,100.0,100.0,7.05,7.7715106,0.325,7.05,18.55185184333333,45.97857142857144,45.4,44.71666666666667,45.1,45.5,-8.722444433333335,0.0722221850000011,0.2829523809523806,9.305714285714286,9.722,18.32592593833333,9.35834920634921,7.1387496,7.1593733,7.1489534,7.083981,7.21757,0,2.0,0,0.5,-1.0,26.1,73.9
2022-12-07 04:30:00,61.4825406,0.0,0.0,18.55185184333333,9.722,45.5,0,5.1764362714980825,70.66250196097344,4,2,12,0.8660254037844386,0.5000000000000001,0.9749279121818236,-0.2225209339563143,-2.4492935982947064e-16,1.0,0.0,0.0,0.0,7.449999999999999,11.15,100.0,100.0,7.1,7.796792,0.25,7.1,18.44444442,45.65,45.97857142857144,45.4,44.71666666666667,45.9,-8.829851843333334,0.2407407433333332,0.1333333333333346,9.588666666666668,9.776,18.367283952777782,9.538793650793655,7.21757,7.1387496,7.1593733,7.1489534,7.234828,1,2.0,1,0.5,-0.94,23.8,76.2
2022-12-07 04:45:00,45.432071627774,0.0,0.0,18.44444442,9.776,45.9,0,5.1764362714980825,70.66250196097344,4,2,12,0.8660254037844386,0.5000000000000001,0.9749279121818236,-0.2225209339563143,-2.4492935982947064e-16,1.0,0.0,0.0,0.0,7.524999999999999,11.675,100.0,100.0,7.15,7.8221464,0.175,7.15,18.26851852,45.5,45.65,45.97857142857144,45.4,46.46666666666667,-8.66844442,-0.1074074233333348,0.0539999999999984,9.722,9.748,18.435802454444445,9.695555555555558,7.234828,7.21757,7.1387496,7.1593733,7.248113,0,2.0,0,0.5,-0.97,24.7,75.3
2022-12-07 05:00:00,71.125210527774,25.221491083334,25.22593542222,18.26851852,9.748,46.46666666666667,1,5.1764362714980825,70.66250196097344,5,2,12,0.9659258262890684,0.2588190451025207,0.9749279121818236,-0.2225209339563143,-2.4492935982947064e-16,1.0,0.0,0.0,0.0,7.6,12.2,100.0,100.0,7.2,7.8475723,0.1,7.2,18.2888889,45.9,45.5,45.65,45.97857142857144,46.15,-8.520518520000001,-0.1759258999999993,-0.0280000000000004,9.776,9.837333333333332,18.42160492777778,9.748666666666669,7.248113,7.234828,7.21757,7.1387496,7.207428,0,2.0,1,0.5,-1.01,26.3,73.7
2022-12-07 05:15:00,120.122139455552,74.64840284444399,74.656180333332,18.2888889,9.837333333333332,46.15,2,5.1764362714980825,70.66250196097344,5,2,12,0.9659258262890684,0.2588190451025207,0.9749279121818236,-0.2225209339563143,-2.4492935982947064e-16,1.0,0.0,0.0,0.0,7.225,12.025,100.0,99.75,7.35,7.9172893,0.1,7.375,18.51666669333333,46.46666666666667,45.9,45.5,45.65,46.0,-8.451555566666666,0.0203703799999992,0.0893333333333341,9.748,9.961333333333332,18.33395061333333,9.787111111111114,7.207428,7.248113,7.234828,7.21757,7.28169,0,2.0,1,0.5,-1.0,26.2,73.8
2022-12-07 05:30:00,55.903597083334,0.0,0.0,18.51666669333333,9.961333333333332,46.0,0,5.1764362714980825,70.66250196097344,5,2,12,0.9659258262890684,0.2588190451025207,0.9749279121818236,-0.2225209339563143,-2.4492935982947064e-16,1.0,0.0,0.0,0.0,6.85,11.85,100.0,99.5,7.5,7.987446,0.1,7.550000000000001,18.41111112,46.15,46.46666666666667,45.9,45.5,46.4,-8.555333359999999,0.2277777933333311,0.1239999999999987,9.837333333333332,9.983333333333333,18.358024704444446,9.84888888888889,7.28169,7.207428,7.248113,7.234828,7.299202,1,2.0,1,0.5,-0.95,24.0,76.0
2022-12-07 05:45:00,60.529523255552,0.0,0.0,18.41111112,9.983333333333333,46.4,0,5.1764362714980825,70.66250196097344,5,2,12,0.9659258262890684,0.2588190451025207,0.9749279121818236,-0.2225209339563143,-2.4492935982947064e-16,1.0,0.0,0.0,0.0,6.475,11.675,100.0,99.25,7.65,8.058042,0.1,7.725,18.24444447,46.0,46.15,46.46666666666667,45.9,47.15,-8.427777786666665,-0.1055555733333335,0.0220000000000002,9.961333333333332,10.153333333333334,18.405555571111112,9.927333333333335,7.299202,7.28169,7.207428,7.248113,7.344198,0,2.0,0,0.5,-0.97,25.0,75.0
2022-12-07 06:00:00,52.23235503889,0.0,0.0,18.24444447,10.153333333333334,47.15,0,5.1764362714980825,70.66250196097344,6,2,12,1.0,6.123233995736766e-17,0.9749279121818236,-0.2225209339563143,-2.4492935982947064e-16,1.0,0.0,0.0,0.0,6.1,11.5,100.0,99.0,7.8,8.12908,0.1,7.9,18.14444445,46.4,46.0,46.15,46.46666666666667,47.45,-8.091111136666667,-0.1666666499999962,0.1700000000000017,9.983333333333333,10.211333333333334,18.39074076111111,10.03266666666667,7.344198,7.299202,7.28169,7.207428,7.34716,0,3.0,0,0.25,-1.01,26.4,73.6
2022-12-07 06:15:00,101.702876205554,62.422225244444,62.430002733332,18.14444445,10.211333333333334,47.45,1,5.1764362714980825,70.66250196097344,6,2,12,1.0,6.123233995736766e-17,0.9749279121818236,-0.2225209339563143,-2.4492935982947064e-16,1.0,0.0,0.0,0.0,6.05,11.325,100.0,99.0,7.825,8.1421995,0.1,7.925000000000001,18.388888896666668,47.15,46.4,46.0,46.15,46.85,-7.933111116666664,-0.100000020000003,0.0579999999999998,10.153333333333334,10.248,18.26666668,10.116,7.34716,7.344198,7.299202,7.28169,7.3602853,0,3.0,1,0.25,-1.03,27.4,72.6
2022-12-07 06:30:00,85.358807894438,46.378422555556,46.385089005554,18.388888896666668,10.248,46.85,1,5.1764362714980825,70.66250196097344,6,2,12,1.0,6.123233995736766e-17,0.9749279121818236,-0.2225209339563143,-2.4492935982947064e-16,1.0,0.0,0.0,0.0,6.0,11.15,100.0,99.0,7.85,8.15534,0.1,7.95,18.55555558,47.45,47.15,46.4,46.0,46.9,-8.140888896666668,0.2444444466666695,0.0366666666666652,10.211333333333334,10.402,18.259259272222224,10.204222222222224,7.3602853,7.34716,7.344198,7.299202,7.441281,0,2.0,0,0.5,-0.97,25.1,74.9
2022-12-07 06:45:00,60.079541122224,0.0,0.0,18.55555558,10.402,46.9,0,5.1764362714980825,70.66250196097344,6,2,12,1.0,6.123233995736766e-17,0.9749279121818236,-0.2225209339563143,-2.4492935982947064e-16,1.0,0.0,0.0,0.0,5.95,10.975,100.0,99.0,7.875,8.168498,0.1,7.975,18.359259276666663,46.85,47.45,47.15,46.4,47.65,-8.15355558,0.1666666833333323,0.1539999999999999,10.248,10.448,18.36296297555556,10.287111111111114,7.441281,7.3602853,7.34716,7.344198,7.4728236,1,2.0,1,0.5,-0.94,23.5,76.5
2022-12-07 07:00:00,59.095413805558,0.0,0.0,18.359259276666663,10.448,47.65,0,5.1764362714980825,70.66250196097344,7,2,12,0.9659258262890684,-0.2588190451025206,0.9749279121818236,-0.2225209339563143,-2.4492935982947064e-16,1.0,0.0,0.0,0.0,5.9,10.8,100.0,99.0,7.9,8.181674,0.1,8.0,18.19444447,46.9,46.85,47.45,47.15,48.0,-7.911259276666666,-0.1962963033333338,0.0460000000000011,10.402,10.496,18.43456791777778,10.366,7.4728236,7.441281,7.3602853,7.34716,7.45443,0,2.0,0,0.5,-0.98,25.2,74.8
2022-12-07 07:15:00,49.20025416111,0.0,0.0,18.19444447,10.496,48.0,0,5.1764362714980825,70.66250196097344,7,2,12,0.9659258262890684,-0.2588190451025206,0.9749279121818236,-0.2225209339563143,-2.4492935982947064e-16,1.0,0.0,0.0,0.0,6.25,10.625,100.0,99.25,7.775,8.13647,0.075,7.875,18.17592593,47.65,46.9,46.85,47.45,47.63333333333333,-7.69844447,-0.1648148066666657,0.048,10.448,10.448666666666666,18.36975310888889,10.44866666666667,7.45443,7.4728236,7.441281,7.3602853,7.389355,0,3.0,0,0.25,-1.01,26.7,73.3
2022-12-07 07:30:00,143.402041488888,95.599509183334,95.610619855556,18.17592593,10.448666666666666,47.63333333333333,2,5.1764362714980825,70.66250196097344,7,2,12,0.9659258262890684,-0.2588190451025206,0.9749279121818236,-0.2225209339563143,-2.4492935982947064e-16,1.0,0.0,0.0,0.0,6.6,10.45,100.0,99.5,7.65,8.091396,0.05,7.75,18.4666667,48.0,47.65,46.9,46.85,47.05,-7.727259263333336,-0.0185185399999987,-0.0473333333333343,10.496,10.43,18.243209892222225,10.464222222222226,7.389355,7.45443,7.4728236,7.441281,7.425868,0,3.0,1,0.25,-1.02,27.0,73.0
2022-12-07 07:45:00,46.89506862222,0.0,0.0,18.4666667,10.43,47.05,0,5.1764362714980825,70.66250196097344,7,2,12,0.9659258262890684,-0.2588190451025206,0.9749279121818236,-0.2225209339563143,-2.4492935982947064e-16,1.0,0.0,0.0,0.0,6.95,10.275,100.0,99.75,7.525,8.046457,0.0249999999999999,7.625,18.46296297,47.63333333333333,48.0,47.65,46.9,47.65,-8.036666700000001,0.2907407699999993,-0.0186666666666663,10.448666666666666,10.48,18.27901236666667,10.458222222222226,7.425868,7.389355,7.45443,7.4728236,7.518917,1,3.0,1,0.25,-0.96,24.3,75.7
2022-12-07 08:00:00,43.389653311108,0.0,0.0,18.46296297,10.48,47.65,0,5.1764362714980825,70.66250196097344,8,2,12,0.8660254037844387,-0.4999999999999998,0.9749279121818236,-0.2225209339563143,-2.4492935982947064e-16,1.0,0.0,0.0,0.0,7.3,10.1,100.0,100.0,7.4,8.001649,0.0,7.5,18.30000002,47.05,47.63333333333333,48.0,47.65,48.05,-7.982962970000001,-0.0037037300000015,0.0499999999999989,10.43,10.562666666666669,18.368518533333337,10.452888888888891,7.518917,7.425868,7.389355,7.45443,7.5091076,0,3.0,0,0.25,-0.95,24.2,75.8
2022-12-07 08:15:00,63.13330781667,0.0,0.0,18.30000002,10.562666666666669,48.05,0,5.1764362714980825,70.66250196097344,8,2,12,0.8660254037844387,-0.4999999999999998,0.9749279121818236,-0.2225209339563143,-2.4492935982947064e-16,1.0,1.0,0.25,0.0833333333333333,7.15,11.275,100.0,100.0,7.75,8.17154,0.0,7.825,18.15370372,47.65,47.05,47.63333333333333,48.0,48.46666666666667,-7.737333353333335,-0.1629629499999971,0.0826666666666682,10.48,10.658,18.409876563333334,10.49088888888889,7.5091076,7.518917,7.425868,7.389355,7.5087094,0,3.0,0,0.25,-0.99,25.7,74.3
2022-12-07 08:30:00,66.63427907221799,0.0,0.0,18.15370372,10.658,48.46666666666667,0,5.1764362714980825,70.66250196097344,8,2,12,0.8660254037844387,-0.4999999999999998,0.9749279121818236,-0.2225209339563143,-2.4492935982947064e-16,1.0,2.0,0.75,0.25,7.0,12.45,100.0,100.0,8.100000000000001,8.344572,0.0,8.15,18.12777777,48.05,47.65,47.05,47.63333333333333,48.5,-7.49570372,-0.146296300000003,0.0953333333333326,10.562666666666669,10.403333333333334,18.30555557,10.56688888888889,7.5087094,7.5091076,7.518917,7.425868,7.5023074,0,4.0,0,0.0,-1.02,27.0,73.0
2022-12-07 08:45:00,690.955138472222,72.439324527778,72.450157477776,18.12777777,10.403333333333334,48.5,2,5.1764362714980825,70.66250196097344,8,2,12,0.8660254037844387,-0.4999999999999998,0.9749279121818236,-0.2225209339563143,-2.4492935982947064e-16,1.0,3.0,1.5,0.5,6.85,13.625,100.0,100.0,8.450000000000001,8.520793,0.0,8.475000000000001,18.388888896666668,48.46666666666667,48.05,47.65,47.05,48.5,-7.724444436666667,-0.0259259499999977,-0.2546666666666652,10.658,10.23,18.19382717,10.541333333333336,7.5023074,7.5087094,7.5091076,7.518917,7.6195064,0,3.0,1,0.25,-1.03,27.3,72.7
2022-12-07 09:00:00,73.48928256111,32.07482803889,32.080661188888,18.388888896666668,10.23,48.5,1,5.1764362714980825,70.66250196097344,9,2,12,0.7071067811865476,-0.7071067811865475,0.9749279121818236,-0.2225209339563143,-2.4492935982947064e-16,1.0,4.0,2.5,0.8333333333333334,6.7,14.8,100.0,100.0,8.8,8.700253,0.0,8.8,18.52222222,48.5,48.46666666666667,48.05,47.65,48.85,-8.158888896666669,0.2611111266666661,-0.1733333333333355,10.403333333333334,10.183333333333334,18.22345679555556,10.430444444444449,7.6195064,7.5023074,7.5087094,7.5091076,7.735384,0,2.0,1,0.5,-0.97,24.7,75.3
2022-12-07 09:15:00,53.588134205554,0.0,0.0,18.52222222,10.183333333333334,48.85,0,5.1764362714980825,70.66250196097344,9,2,12,0.7071067811865476,-0.7071067811865475,0.9749279121818236,-0.2225209339563143,-2.4492935982947064e-16,1.0,8.0,4.25,1.5,6.25,14.25,100.0,100.0,8.825000000000001,8.728152,0.025,8.850000000000001,18.37592592,48.5,48.5,48.46666666666667,48.05,49.18333333333333,-8.338888886666666,0.133333323333332,-0.046666666666665,10.23,10.248,18.34629629555556,10.272222222222224,7.735384,7.6195064,7.5023074,7.5087094,7.7209225,1,2.0,1,0.5,-0.93,23.4,76.6
2022-12-07 09:30:00,50.047720227778,0.0,0.0,18.37592592,10.248,49.18333333333333,0,5.1764362714980825,70.66250196097344,9,2,12,0.7071067811865476,-0.7071067811865475,0.9749279121818236,-0.2225209339563143,-2.4492935982947064e-16,1.0,12.0,6.75,2.5,5.8,13.7,100.0,100.0,8.850000000000001,8.756131,0.05,8.9,18.24999998,48.85,48.5,48.5,48.46666666666667,49.5,-8.127925920000001,-0.1462962999999995,0.0646666666666657,10.183333333333334,10.311333333333332,18.42901234555556,10.220444444444446,7.7209225,7.735384,7.6195064,7.5023074,7.712784,0,2.0,0,0.5,-0.97,24.7,75.3
2022-12-07 09:45:00,64.147156244444,0.0,0.0,18.24999998,10.311333333333332,49.5,0,5.1764362714980825,70.66250196097344,9,2,12,0.7071067811865476,-0.7071067811865475,0.9749279121818236,-0.2225209339563143,-2.4492935982947064e-16,1.0,16.0,10.0,3.8333333333333335,5.3500000000000005,13.15,100.0,100.0,8.875,8.784186,0.075,8.95,18.150000013333333,49.18333333333333,48.85,48.5,48.5,49.5,-7.938666646666666,-0.1259259400000019,0.0633333333333325,10.248,10.596,18.38271604,10.247555555555556,7.712784,7.7209225,7.735384,7.6195064,7.6671124,0,3.0,0,0.25,-0.99,25.9,74.1
2022-12-07 10:00:00,139.22887512222,32.157047,32.163435677776,18.150000013333333,10.596,49.5,1,5.1764362714980825,70.66250196097344,10,2,12,0.4999999999999999,-0.8660254037844387,0.9749279121818236,-0.2225209339563143,-2.4492935982947064e-16,1.0,20.0,14.0,5.5,4.9,12.6,100.0,100.0,8.9,8.812321,0.1,9.0,18.24444445,49.5,49.18333333333333,48.85,48.5,49.9,-7.554000013333333,-0.0999999666666653,0.2846666666666682,10.311333333333332,10.776,18.25864197111111,10.385111111111112,7.6671124,7.712784,7.7209225,7.735384,7.7725453,0,3.0,1,0.25,-1.02,26.9,73.1
2022-12-07 10:15:00,111.165831038886,50.185492533332,50.194936638886,18.24444445,10.776,49.9,1,5.1764362714980825,70.66250196097344,10,2,12,0.4999999999999999,-0.8660254037844387,0.9749279121818236,-0.2225209339563143,-2.4492935982947064e-16,1.0,28.0,19.0,7.833333333333333,5.025,11.975,100.0,100.0,9.15,8.939901,0.1,9.225,18.412962943333333,49.5,49.5,49.18333333333333,48.85,50.46666666666667,-7.46844445,0.0944444366666665,0.1799999999999997,10.596,10.902,18.21481481444445,10.561111111111114,7.7725453,7.6671124,7.712784,7.7209225,7.9398036,0,2.0,0,0.5,-0.99,25.8,74.2
2022-12-07 10:30:00,51.992364705554,0.0,0.0,18.412962943333333,10.902,50.46666666666667,0,5.1764362714980825,70.66250196097344,10,2,12,0.4999999999999999,-0.8660254037844387,0.9749279121818236,-0.2225209339563143,-2.4492935982947064e-16,1.0,36.0,25.0,10.833333333333334,5.15,11.35,100.0,100.0,9.4,9.069088,0.1,9.45,18.33888887,49.9,49.5,49.5,49.18333333333333,50.55,-7.510962943333334,0.1685184933333339,0.1259999999999994,10.776,10.992,18.269135802222223,10.758000000000004,7.9398036,7.7725453,7.6671124,7.712784,7.9180484,1,2.0,1,0.5,-0.95,24.1,75.9
2022-12-07 10:45:00,66.087356516662,0.0,0.0,18.33888887,10.992,50.55,0,5.1764362714980825,70.66250196097344,10,2,12,0.4999999999999999,-0.8660254037844387,0.9749279121818236,-0.2225209339563143,-2.4492935982947064e-16,1.0,44.0,32.0,14.5,5.275,10.725,100.0,100.0,9.65,9.1999035,0.1,9.675,18.209259256666662,50.46666666666667,49.9,49.5,49.5,50.96666666666667,-7.346888870000003,-0.0740740733333318,0.0899999999999998,10.902,10.923333333333334,18.332098754444445,10.89,7.9180484,7.9398036,7.7725453,7.6671124,7.922123,0,2.0,0,0.5,-0.97,24.8,75.2
2022-12-07 11:00:00,47.719202338886,0.0,0.0,18.209259256666662,10.923333333333334,50.96666666666667,0,5.1764362714980825,70.66250196097344,11,2,12,0.258819045102521,-0.9659258262890682,0.9749279121818236,-0.2225209339563143,-2.4492935982947064e-16,1.0,52.0,40.0,18.83333333333333,5.4,10.1,100.0,100.0,9.9,9.332357,0.1,9.9,18.16111114,50.55,50.46666666666667,49.9,49.5,51.0,-7.285925923333332,-0.1296296133333356,-0.0686666666666653,10.992,10.820666666666666,18.32037035666667,10.939111111111112,7.922123,7.9180484,7.9398036,7.7725453,7.9046674,0,3.0,0,0.25,-1.0,26.0,74.0
2022-12-07 11:15:00,42.624683811112,0.0,0.0,18.16111114,10.820666666666666,51.0,0,5.1764362714980825,70.66250196097344,11,2,12,0.258819045102521,-0.9659258262890682,0.9749279121818236,-0.2225209339563143,-2.4492935982947064e-16,1.0,52.75,46.1875,23.14583333333333,5.275,10.175,100.0,100.0,9.975,9.391758,0.1,10.0,18.09444445666667,50.96666666666667,50.55,50.46666666666667,49.9,51.0,-7.340444473333333,-0.0481481166666668,-0.1026666666666678,10.923333333333334,10.577333333333334,18.23641975555556,10.912,7.9046674,7.922123,7.9180484,7.9398036,7.8734107,0,4.0,0,0.0,-1.01,26.4,73.6
2022-12-07 11:30:00,47.387826561114,0.0,0.0,18.09444445666667,10.577333333333334,51.0,0,5.1764362714980825,70.66250196097344,11,2,12,0.258819045102521,-0.9659258262890682,0.9749279121818236,-0.2225209339563143,-2.4492935982947064e-16,1.0,53.5,50.5625,27.4375,5.15,10.25,100.0,100.0,10.05,9.4514885,0.1,10.1,18.06111115,51.0,50.96666666666667,50.55,50.46666666666667,50.95,-7.5171111233333345,-0.0666666833333309,-0.2433333333333323,10.820666666666666,10.566,18.154938284444444,10.77377777777778,7.8734107,7.9046674,7.922123,7.9180484,7.8501215,0,4.0,0,0.0,-1.02,27.1,72.9
2022-12-07 11:45:00,96.94973293889,51.095456066668,51.102678011112005,18.06111115,10.566,50.95,1,5.1764362714980825,70.66250196097344,11,2,12,0.258819045102521,-0.9659258262890682,0.9749279121818236,-0.2225209339563143,-2.4492935982947064e-16,1.0,54.25,53.125,31.70833333333333,5.025,10.325,100.0,100.0,10.125,9.511549,0.1,10.2,18.22962961,51.0,51.0,50.96666666666667,50.55,50.16666666666666,-7.495111149999998,-0.0333333066666696,-0.0113333333333329,10.577333333333334,10.599333333333334,18.105555582222223,10.65466666666667,7.8501215,7.8734107,7.9046674,7.922123,7.807213,0,3.0,1,0.25,-1.03,27.5,72.5
2022-12-07 12:00:00,110.34419713889,55.544167011112,55.552777833332,18.22962961,10.599333333333334,50.16666666666666,1,5.1764362714980825,70.66250196097344,12,2,12,1.2246467991473532e-16,-1.0,0.9749279121818236,-0.2225209339563143,-2.4492935982947064e-16,1.0,55.0,53.875,35.958333333333336,4.9,10.4,100.0,100.0,10.2,9.571943,0.1,10.3,18.43333329,50.95,51.0,51.0,50.96666666666667,49.85,-7.630296276666666,0.1685184600000013,0.0333333333333332,10.566,10.477333333333332,18.128395072222222,10.580888888888891,7.807213,7.8501215,7.8734107,7.9046674,7.8522615,0,2.0,0,0.5,-1.0,25.9,74.1
2022-12-07 12:15:00,55.300287866668,0.0,0.0,18.43333329,10.477333333333332,49.85,0,5.1764362714980825,70.66250196097344,12,2,12,1.2246467991473532e-16,-1.0,0.9749279121818236,-0.2225209339563143,-2.4492935982947064e-16,1.0,58.75,55.375,40.1875,4.7250000000000005,10.5,100.0,99.0,10.225,9.566529,0.075,10.45,18.29999997,50.16666666666666,50.95,51.0,51.0,50.0,-7.955999956666668,0.2037036800000002,-0.1220000000000016,10.599333333333334,10.347333333333331,18.241358016666663,10.54755555555556,7.8522615,7.807213,7.8501215,7.8734107,7.8138485,1,2.0,1,0.5,-0.95,24.0,76.0
2022-12-07 12:30:00,54.1661666,0.0,0.0,18.29999997,10.347333333333331,50.0,0,5.1764362714980825,70.66250196097344,12,2,12,1.2246467991473532e-16,-1.0,0.9749279121818236,-0.2225209339563143,-2.4492935982947064e-16,1.0,62.5,57.625,44.395833333333336,4.550000000000001,10.6,100.0,98.0,10.25,9.560031,0.05,10.6,18.17777779,49.85,50.16666666666666,50.95,51.0,50.35,-7.952666636666665,-0.1333333200000019,-0.129999999999999,10.477333333333332,10.480666666666668,18.32098762333333,10.47466666666667,7.8138485,7.8522615,7.807213,7.8501215,7.8116517,0,2.0,0,0.5,-0.98,25.3,74.7
2022-12-07 12:45:00,288.205971333332,0.0,0.0,18.17777779,10.480666666666668,50.35,0,5.1764362714980825,70.66250196097344,12,2,12,1.2246467991473532e-16,-1.0,0.9749279121818236,-0.2225209339563143,-2.4492935982947064e-16,1.0,66.25,60.625,48.583333333333336,4.375,10.7,100.0,97.0,10.275,9.552433,0.0249999999999999,10.75,18.13518519333333,50.0,49.85,50.16666666666666,50.95,50.31666666666667,-7.697111123333332,-0.1222221799999978,0.1333333333333346,10.347333333333331,10.476,18.30370368333333,10.435111111111114,7.8116517,7.8138485,7.8522615,7.807213,7.7867494,0,3.0,0,0.25,-1.01,26.4,73.6
2022-12-07 13:00:00,208.542213611108,75.896964016666,75.90807472222001,18.13518519333333,10.476,50.31666666666667,2,5.1764362714980825,70.66250196097344,13,2,12,-0.2588190451025208,-0.9659258262890684,0.9749279121818236,-0.2225209339563143,-2.4492935982947064e-16,1.0,70.0,64.375,52.75,4.2,10.8,100.0,96.0,10.3,9.543716,0.0,10.9,18.40555557,50.35,50.0,49.85,50.16666666666666,49.65,-7.659185193333332,-0.0425925966666689,-0.0046666666666688,10.480666666666668,10.346666666666666,18.204320984444447,10.43466666666667,7.7867494,7.8116517,7.8138485,7.8522615,7.8078885,0,3.0,1,0.25,-1.02,26.8,73.2
2022-12-07 13:15:00,87.263176049998,30.122406155556,30.127683777776,18.40555557,10.346666666666666,49.65,1,5.1764362714980825,70.66250196097344,13,2,12,-0.2588190451025208,-0.9659258262890684,0.9749279121818236,-0.2225209339563143,-2.4492935982947064e-16,1.0,74.0,68.1875,56.583333333333336,4.975,11.975,100.0,97.0,10.425,9.627963,0.075,10.875,18.49074077,50.31666666666667,50.35,50.0,49.85,49.5,-8.058888903333335,0.2703703766666692,-0.1293333333333333,10.476,10.134,18.239506184444444,10.434444444444448,7.8078885,7.7867494,7.8116517,7.8138485,7.8237042,0,2.0,1,0.5,-0.96,24.3,75.7
2022-12-07 13:30:00,59.912047888888,0.0,0.0,18.49074077,10.134,49.5,0,5.1764362714980825,70.66250196097344,13,2,12,-0.2588190451025208,-0.9659258262890684,0.9749279121818236,-0.2225209339563143,-2.4492935982947064e-16,1.0,78.0,72.0625,60.083333333333336,5.75,13.15,100.0,98.0,10.55,9.711917,0.15,10.85,18.305555570000003,49.65,50.31666666666667,50.35,50.0,49.5,-8.356740770000004,0.0851852000000015,-0.2126666666666672,10.346666666666666,9.784666666666668,18.34382717777778,10.31888888888889,7.8237042,7.8078885,7.7867494,7.8116517,7.738261,1,2.0,1,0.5,-0.94,23.6,76.4
2022-12-07 13:45:00,46.825349261106,0.0,0.0,18.305555570000003,9.784666666666668,49.5,0,5.1764362714980825,70.66250196097344,13,2,12,-0.2588190451025208,-0.9659258262890684,0.9749279121818236,-0.2225209339563143,-2.4492935982947064e-16,1.0,82.0,76.0,63.25,6.525,14.325,100.0,99.0,10.675,9.795579,0.225,10.825,18.205555556666663,49.5,49.65,50.31666666666667,50.35,49.5,-8.520888903333335,-0.1851851999999993,-0.3493333333333304,10.134,9.723333333333333,18.400617303333338,10.088444444444448,7.738261,7.8237042,7.8078885,7.7867494,7.6924567,0,2.0,0,0.5,-0.98,25.3,74.7
2022-12-07 14:00:00,50.271044711108,0.0,0.0,18.205555556666663,9.723333333333333,49.5,0,5.1764362714980825,70.66250196097344,14,2,12,-0.4999999999999997,-0.8660254037844388,0.9749279121818236,-0.2225209339563143,-2.4492935982947064e-16,1.0,86.0,80.0,66.08333333333333,7.3,15.5,100.0,100.0,10.8,9.878952,0.3,10.8,18.19444447,49.5,49.5,49.65,50.31666666666667,49.4,-8.48222222333333,-0.1000000133333394,-0.0613333333333354,9.784666666666668,9.559333333333337,18.333950632222223,9.88066666666667,7.6924567,7.738261,7.8237042,7.8078885,7.6718516,0,3.0,0,0.25,-1.0,26.3,73.7
2022-12-07 14:15:00,143.327044372226,99.970723211112,99.982389411112,18.19444447,9.559333333333337,49.4,2,5.1764362714980825,70.66250196097344,14,2,12,-0.4999999999999997,-0.8660254037844388,0.9749279121818236,-0.2225209339563143,-2.4492935982947064e-16,1.0,72.0,79.5,67.6875,7.3,15.675,100.0,100.0,10.575,9.739752,0.575,10.575,18.48703701,49.5,49.5,49.5,49.65,48.56666666666667,-8.635111136666666,-0.0111110866666628,-0.1639999999999979,9.723333333333333,9.492,18.23518519888889,9.689111111111115,7.6718516,7.6924567,7.738261,7.8237042,7.674503,0,3.0,1,0.25,-1.01,26.4,73.6
2022-12-07 14:30:00,48.642776477776,0.0,0.0,18.48703701,9.492,48.56666666666667,0,5.1764362714980825,70.66250196097344,14,2,12,-0.4999999999999997,-0.8660254037844388,0.9749279121818236,-0.2225209339563143,-2.4492935982947064e-16,1.0,58.0,74.5,68.0625,7.3,15.85,100.0,100.0,10.35,9.602266,0.8499999999999999,10.35,18.4833333,49.4,49.5,49.5,49.5,48.55,-8.995037010000003,0.2925925400000011,-0.0673333333333356,9.559333333333337,9.488,18.295679012222223,9.591555555555558,7.674503,7.6718516,7.6924567,7.738261,7.670183,1,3.0,1,0.25,-0.94,23.8,76.2
2022-12-07 14:45:00,62.370005050002,0.0,0.0,18.4833333,9.488,48.55,0,5.1764362714980825,70.66250196097344,14,2,12,-0.4999999999999997,-0.8660254037844388,0.9749279121818236,-0.2225209339563143,-2.4492935982947064e-16,1.0,44.0,65.0,67.20833333333333,7.3,16.025,100.0,100.0,10.125,9.466474,1.1249999999999998,10.125,18.32037035666667,48.56666666666667,49.4,49.5,49.5,48.96666666666667,-8.995333300000002,-0.0037037099999999,-0.0039999999999995,9.492,9.472666666666669,18.388271593333336,9.513111111111114,7.670183,7.674503,7.6718516,7.6924567,7.661617,0,3.0,0,0.25,-0.94,23.8,76.2
2022-12-07 15:00:00,62.824709177776,0.0,0.0,18.32037035666667,9.472666666666669,48.96666666666667,0,5.1764362714980825,70.66250196097344,15,2,12,-0.7071067811865471,-0.7071067811865479,0.9749279121818236,-0.2225209339563143,-2.4492935982947064e-16,1.0,30.0,51.0,65.125,7.3,16.2,100.0,100.0,9.9,9.332357,1.4,9.9,18.23333333,48.55,48.56666666666667,49.4,49.5,49.05,-8.847703690000001,-0.1629629433333335,-0.0153333333333325,9.488,9.025333333333332,18.43024688888889,9.484222222222224,7.661617,7.670183,7.674503,7.6718516,7.6351104,0,3.0,0,0.25,-0.98,25.3,74.7
2022-12-07 15:15:00,42.968003561106,0.0,0.0,18.23333333,9.025333333333332,49.05,0,5.1764362714980825,70.66250196097344,15,2,12,-0.7071067811865471,-0.7071067811865479,0.9749279121818236,-0.2225209339563143,-2.4492935982947064e-16,1.0,28.25,40.0625,62.583333333333336,8.15,17.55,100.0,100.0,9.675,9.1999035,1.325,9.675,18.170370400000003,48.96666666666667,48.55,48.56666666666667,49.4,49.46666666666667,-9.207999996666668,-0.0870370266666675,-0.4473333333333347,9.472666666666669,8.59,18.34567899555556,9.328666666666669,7.6351104,7.661617,7.670183,7.674503,7.671227,0,4.0,0,0.0,-1.0,26.1,73.9
2022-12-07 15:30:00,43.01244634999,0.0,0.0,18.170370400000003,8.59,49.46666666666667,0,5.1764362714980825,70.66250196097344,15,2,12,-0.7071067811865471,-0.7071067811865479,0.9749279121818236,-0.2225209339563143,-2.4492935982947064e-16,1.0,26.5,32.1875,59.583333333333336,9.0,18.9,100.0,100.0,9.45,9.069088,1.25,9.45,18.1666667,49.05,48.96666666666667,48.55,48.56666666666667,49.45,-9.580370400000003,-0.0629629299999976,-0.4353333333333324,9.025333333333332,8.5,18.241358028888893,9.029333333333335,7.671227,7.6351104,7.661617,7.670183,7.666957,0,4.0,0,0.0,-1.01,26.7,73.3
2022-12-07 15:45:00,59.247352144448,0.0,0.0,18.1666667,8.5,49.45,0,5.1764362714980825,70.66250196097344,15,2,12,-0.7071067811865471,-0.7071067811865479,0.9749279121818236,-0.2225209339563143,-2.4492935982947064e-16,1.0,24.75,27.375,56.125,9.85,20.25,100.0,100.0,9.225,8.939901,1.175,9.225,18.1666667,49.46666666666667,49.05,48.96666666666667,48.55,49.03333333333333,-9.6666667,-0.0037037000000026,-0.0899999999999998,8.59,8.466,18.19012347666667,8.705111111111114,7.666957,7.671227,7.6351104,7.661617,7.602355,0,4.0,0,0.0,-1.01,26.7,73.3
2022-12-07 16:00:00,149.52568553332802,93.052388888888,93.063777349998,18.1666667,8.466,49.03333333333333,2,5.1764362714980825,70.66250196097344,16,2,12,-0.8660254037844385,-0.5000000000000004,0.9749279121818236,-0.2225209339563143,-2.4492935982947064e-16,1.0,23.0,25.625,52.208333333333336,10.7,21.6,100.0,100.0,9.0,8.812321,1.1,9.0,18.40555557,49.45,49.46666666666667,49.05,48.96666666666667,48.25,-9.7006667,0.0,-0.0340000000000006,8.5,8.339333333333334,18.16790126666667,8.51866666666667,7.602355,7.666957,7.671227,7.6351104,7.5877256,0,3.0,1,0.25,-1.02,26.8,73.2
2022-12-07 16:15:00,90.914696716662,31.199863072222,31.205418466664,18.40555557,8.339333333333334,48.25,1,5.1764362714980825,70.66250196097344,16,2,12,-0.8660254037844385,-0.5000000000000004,0.9749279121818236,-0.2225209339563143,-2.4492935982947064e-16,1.0,22.25,24.125,47.895833333333336,10.775,21.700000000000003,100.0,100.0,8.85,8.728152,0.8500000000000001,8.85,18.49074077,49.03333333333333,49.45,49.46666666666667,49.05,47.53333333333333,-10.066222236666666,0.2388888700000002,-0.1266666666666651,8.466,8.090666666666667,18.246296323333336,8.435111111111114,7.5877256,7.602355,7.666957,7.671227,7.5128627,0,2.0,1,0.5,-0.96,24.6,75.4
2022-12-07 16:30:00,52.618173138882,0.0,0.0,18.49074077,8.090666666666667,47.53333333333333,0,5.1764362714980825,70.66250196097344,16,2,12,-0.8660254037844385,-0.5000000000000004,0.9749279121818236,-0.2225209339563143,-2.4492935982947064e-16,1.0,21.5,22.875,43.1875,10.85,21.8,100.0,100.0,8.7,8.644687,0.6000000000000001,8.7,18.34444443,48.25,49.03333333333333,49.45,49.46666666666667,47.5,-10.400074103333337,0.0851852000000015,-0.2486666666666668,8.339333333333334,7.873333333333333,18.354321013333337,8.29866666666667,7.5128627,7.5877256,7.602355,7.666957,7.4427557,1,2.0,1,0.5,-0.95,24.0,76.0
2022-12-07 16:45:00,73.02041248333,32.075939127778,32.082327805554,18.34444443,7.873333333333333,47.5,1,5.1764362714980825,70.66250196097344,16,2,12,-0.8660254037844385,-0.5000000000000004,0.9749279121818236,-0.2225209339563143,-2.4492935982947064e-16,1.0,20.75,21.875,38.083333333333336,10.925,21.9,100.0,100.0,8.55,8.561918,0.3500000000000001,8.55,18.36296297333333,47.53333333333333,48.25,49.03333333333333,49.45,47.31666666666667,-10.471111096666666,-0.1462963400000028,-0.2173333333333342,8.090666666666667,7.666666666666667,18.413580256666663,8.101111111111114,7.4427557,7.5128627,7.5877256,7.602355,7.422178,0,1.0,1,0.75,-0.98,25.4,74.6
2022-12-07 17:00:00,136.888135405554,98.032189688888,98.044411466664,18.36296297333333,7.666666666666667,47.31666666666667,2,5.1764362714980825,70.66250196097344,17,2,12,-0.9659258262890684,-0.2588190451025206,0.9749279121818236,-0.2225209339563143,-2.4492935982947064e-16,1.0,20.0,21.125,32.583333333333336,11.0,22.0,100.0,100.0,8.4,8.479842,0.1,8.4,18.60000002,47.5,47.53333333333333,48.25,49.03333333333333,46.65,-10.696296306666664,0.0185185433333323,-0.2066666666666661,7.873333333333333,7.560666666666666,18.399382724444447,7.8768888888888915,7.422178,7.4427557,7.5128627,7.5877256,7.42112,0,1.0,1,0.75,-0.98,25.2,74.8
2022-12-07 17:15:00,55.302232388884,0.0,0.0,18.60000002,7.560666666666666,46.65,0,5.1764362714980825,70.66250196097344,17,2,12,-0.9659258262890684,-0.2588190451025206,0.9749279121818236,-0.2225209339563143,-2.4492935982947064e-16,1.0,15.25,19.375,27.854166666666668,11.225,22.7,100.0,99.5,8.1,8.316225,0.125,8.175,18.470370376666665,47.31666666666667,47.5,47.53333333333333,48.25,46.5,-11.039333353333332,0.2370370466666678,-0.1060000000000007,7.666666666666667,7.471999999999999,18.435802474444444,7.700222222222224,7.42112,7.422178,7.4427557,7.5128627,7.3406754,1,2.0,1,0.5,-0.93,23.1,76.9
2022-12-07 17:30:00,64.644080733336,0.0,0.0,18.470370376666665,7.471999999999999,46.5,0,5.1764362714980825,70.66250196097344,17,2,12,-0.9659258262890684,-0.2588190451025206,0.9749279121818236,-0.2225209339563143,-2.4492935982947064e-16,1.0,10.5,16.625,23.89583333333333,11.45,23.4,100.0,99.0,7.800000000000001,8.15534,0.15,7.95,18.305555570000003,46.65,47.31666666666667,47.5,47.53333333333333,46.5,-10.998370376666664,-0.1296296433333346,-0.0886666666666666,7.560666666666666,7.356666666666666,18.47777779,7.566444444444446,7.3406754,7.42112,7.422178,7.4427557,7.2692766,0,2.0,0,0.5,-0.96,24.4,75.6
2022-12-07 17:45:00,58.738761455556,13.465850211112,13.468905688888,18.305555570000003,7.356666666666666,46.5,1,5.1764362714980825,70.66250196097344,17,2,12,-0.9659258262890684,-0.2588190451025206,0.9749279121818236,-0.2225209339563143,-2.4492935982947064e-16,1.0,5.75,12.875,20.70833333333333,11.675,24.1,100.0,98.5,7.5,7.99715,0.175,7.725,18.30740738,46.5,46.65,47.31666666666667,47.5,46.5,-10.948888903333335,-0.1648148066666621,-0.115333333333333,7.471999999999999,7.252,18.45864198888889,7.463111111111114,7.2692766,7.3406754,7.42112,7.422178,7.270073,0,2.0,1,0.5,-1.0,26.0,74.0
2022-12-07 18:00:00,161.796583411112,110.446970811112,110.460859205554,18.30740738,7.252,46.5,2,5.1764362714980825,70.66250196097344,18,2,12,-1.0,-1.8369701987210294e-16,0.9749279121818236,-0.2225209339563143,-2.4492935982947064e-16,1.0,1.0,8.125,18.291666666666668,11.9,24.8,100.0,98.0,7.2,7.841616,0.2,7.5,18.59444445,46.5,46.5,46.65,47.31666666666667,46.15,-11.055407379999998,0.0018518099999944,-0.1046666666666666,7.356666666666666,7.166,18.36111110888889,7.360222222222224,7.270073,7.2692766,7.3406754,7.42112,7.339165,0,2.0,1,0.5,-1.0,25.9,74.1
2022-12-07 18:15:00,62.085849733336,0.0,0.0,18.59444445,7.166,46.15,0,5.1764362714980825,70.66250196097344,18,2,12,-1.0,-1.8369701987210294e-16,0.9749279121818236,-0.2225209339563143,-2.4492935982947064e-16,1.0,0.75,4.5,16.0,11.75,24.8,100.0,98.0,7.075,7.7783904,0.15,7.375,18.55370368333333,46.5,46.5,46.5,46.65,46.18333333333333,-11.42844445,0.2870370700000038,-0.0860000000000003,7.252,7.134,18.402469133333337,7.2582222222222255,7.339165,7.270073,7.2692766,7.3406754,7.326768,1,2.0,1,0.5,-0.93,23.3,76.7
2022-12-07 18:30:00,61.705865233324,0.0,0.0,18.55370368333333,7.134,46.18333333333333,0,5.1764362714980825,70.66250196097344,18,2,12,-1.0,-1.8369701987210294e-16,0.9749279121818236,-0.2225209339563143,-2.4492935982947064e-16,1.0,0.5,2.0,13.833333333333334,11.6,24.8,100.0,98.0,6.95,7.7156086,0.1,7.25,18.35555552,46.15,46.5,46.5,46.5,46.5,-11.419703683333331,-0.0407407666666692,-0.0319999999999991,7.166,7.004,18.48518517111111,7.184000000000002,7.326768,7.339165,7.270073,7.2692766,7.29087,0,2.0,0,0.5,-0.94,23.6,76.4
2022-12-07 18:45:00,74.36091436111,0.0,0.0,18.35555552,7.004,46.5,0,5.1764362714980825,70.66250196097344,18,2,12,-1.0,-1.8369701987210294e-16,0.9749279121818236,-0.2225209339563143,-2.4492935982947064e-16,1.0,0.25,0.625,11.791666666666666,11.45,24.8,100.0,98.0,6.825,7.653272,0.0499999999999999,7.125,18.229629606666663,46.18333333333333,46.15,46.5,46.5,46.68333333333333,-11.351555519999998,-0.1981481633333324,-0.1299999999999999,7.134,6.898666666666667,18.50123455111111,7.101333333333336,7.29087,7.326768,7.339165,7.270073,7.265118,0,3.0,0,0.25,-0.98,25.5,74.5
2022-12-07 19:00:00,145.691672216662,74.187032416666,74.19730982222,18.229629606666663,6.898666666666667,46.68333333333333,2,5.1764362714980825,70.66250196097344,19,2,12,-0.9659258262890684,0.2588190451025203,0.9749279121818236,-0.2225209339563143,-2.4492935982947064e-16,1.0,0.0,0.375,9.875,11.3,24.8,100.0,98.0,6.7,7.591374,0.0,7.0,18.42777777,46.5,46.18333333333333,46.15,46.5,46.6,-11.33096294,-0.125925913333333,-0.1053333333333332,7.004,6.826666666666667,18.37962960333333,7.012222222222225,7.265118,7.29087,7.326768,7.339165,7.3379116,0,3.0,1,0.25,-1.01,26.7,73.3
2022-12-07 19:15:00,107.631528033328,59.043749272222,59.052915638886,18.42777777,6.826666666666667,46.6,1,5.1764362714980825,70.66250196097344,19,2,12,-0.9659258262890684,0.2588190451025203,0.9749279121818236,-0.2225209339563143,-2.4492935982947064e-16,1.0,0.0,0.1875,8.020833333333334,11.425,24.275,100.0,98.25,6.6,7.5491223,0.0,6.875,18.56296295666667,46.68333333333333,46.5,46.18333333333333,46.15,46.03333333333333,-11.60111110333333,0.1981481633333324,-0.072,6.898666666666667,6.803333333333333,18.33765429888889,6.909777777777781,7.3379116,7.265118,7.29087,7.326768,7.306977,0,2.0,1,0.5,-0.97,24.8,75.2
2022-12-07 19:30:00,52.35985002222,0.0,0.0,18.56296295666667,6.803333333333333,46.03333333333333,0,5.1764362714980825,70.66250196097344,19,2,12,-0.9659258262890684,0.2588190451025203,0.9749279121818236,-0.2225209339563143,-2.4492935982947064e-16,1.0,0.0,0.0625,6.229166666666667,11.55,23.75,100.0,98.5,6.5,7.5069957,0.0,6.75,18.37777776,46.6,46.68333333333333,46.5,46.18333333333333,46.0,-11.759629623333336,0.1351851866666713,-0.0233333333333343,6.826666666666667,6.6386666666666665,18.40679011111111,6.842888888888891,7.306977,7.3379116,7.265118,7.29087,7.221987,1,2.0,1,0.5,-0.94,23.6,76.4
2022-12-07 19:45:00,413.29041222222,0.0,0.0,18.37777776,6.6386666666666665,46.0,0,5.1764362714980825,70.66250196097344,19,2,12,-0.9659258262890684,0.2588190451025203,0.9749279121818236,-0.2225209339563143,-2.4492935982947064e-16,1.0,0.0,0.0,4.5,11.675,23.225,100.0,98.75,6.4,7.464993,0.0,6.625,18.24074076333333,46.03333333333333,46.6,46.68333333333333,46.5,46.0,-11.739111093333335,-0.1851851966666693,-0.1646666666666663,6.803333333333333,6.4206666666666665,18.45617282888889,6.756222222222224,7.221987,7.306977,7.3379116,7.265118,7.163496,0,2.0,0,0.5,-0.98,25.4,74.6
2022-12-07 20:00:00,775.535644233324,0.0,0.0,18.24074076333333,6.4206666666666665,46.0,0,5.1764362714980825,70.66250196097344,20,2,12,-0.8660254037844386,0.5000000000000001,0.9749279121818236,-0.2225209339563143,-2.4492935982947064e-16,1.0,0.0,0.0,2.833333333333333,11.8,22.7,100.0,99.0,6.3,7.4231157,0.0,6.5,18.19444447,46.0,46.03333333333333,46.6,46.68333333333333,46.0,-11.82007409666667,-0.1370369966666658,-0.2179999999999999,6.6386666666666665,6.433333333333334,18.39382716,6.620888888888891,7.163496,7.221987,7.306977,7.3379116,7.14383,0,3.0,0,0.25,-1.01,26.7,73.3
2022-12-07 20:15:00,1163.4392939,112.197734127778,112.21356686111,18.19444447,6.433333333333334,46.0,2,5.1764362714980825,70.66250196097344,20,2,12,-0.8660254037844386,0.5000000000000001,0.9749279121818236,-0.2225209339563143,-2.4492935982947064e-16,1.0,0.0,0.0,1.5625,12.05,23.325,100.0,98.75,6.25,7.380241,0.0,6.45,18.46666666,46.0,46.0,46.03333333333333,46.6,45.81666666666667,-11.761111136666669,-0.0462962933333344,0.012666666666667,6.4206666666666665,6.339333333333333,18.270987664444448,6.497555555555557,7.14383,7.163496,7.221987,7.306977,7.231211,0,3.0,1,0.25,-1.02,27.2,72.8
2022-12-07 20:30:00,58.945419888888,11.372045066668,11.37676716111,18.46666666,6.339333333333333,45.81666666666667,1,5.1764362714980825,70.66250196097344,20,2,12,-0.8660254037844386,0.5000000000000001,0.9749279121818236,-0.2225209339563143,-2.4492935982947064e-16,1.0,0.0,0.0,0.6875,12.3,23.95,100.0,98.5,6.199999999999999,7.337559,0.0,6.4,18.46666665,46.0,46.0,46.0,46.03333333333333,45.85,-12.127333326666667,0.2722221900000008,-0.0940000000000003,6.433333333333334,6.286666666666666,18.30061729777778,6.3977777777777805,7.231211,7.14383,7.163496,7.221987,7.236473,0,2.0,1,0.5,-0.96,24.5,75.5
2022-12-07 20:45:00,49.948279972214,0.0,0.0,18.46666665,6.286666666666666,45.85,0,5.1764362714980825,70.66250196097344,20,2,12,-0.8660254037844386,0.5000000000000001,0.9749279121818236,-0.2225209339563143,-2.4492935982947064e-16,1.0,0.0,0.0,0.2083333333333333,12.55,24.575,100.0,98.25,6.15,7.295065,0.0,6.35,18.29999997,45.81666666666667,46.0,46.0,46.0,46.0,-12.179999983333332,-1.0000004380117389e-08,-0.052666666666667,6.339333333333333,6.277333333333333,18.375925926666667,6.353111111111114,7.236473,7.231211,7.14383,7.163496,7.188741,1,2.0,1,0.5,-0.96,24.5,75.5
2022-12-07 21:00:00,56.225250916666,0.0,0.0,18.29999997,6.277333333333333,46.0,0,5.1764362714980825,70.66250196097344,21,2,12,-0.7071067811865477,0.7071067811865474,0.9749279121818236,-0.2225209339563143,-2.4492935982947064e-16,1.0,0.0,0.0,0.125,12.8,25.2,100.0,98.0,6.1,7.2527623,0.0,6.3,18.1888889,45.85,45.81666666666667,46.0,46.0,46.05,-12.022666636666663,-0.1666666799999987,-0.0093333333333331,6.286666666666666,6.236666666666666,18.41111109333333,6.301111111111113,7.188741,7.236473,7.231211,7.14383,7.1492352,0,2.0,0,0.5,-1.0,26.1,73.9
2022-12-07 21:15:00,105.283566205558,58.063510683334,58.07406586111,18.1888889,6.236666666666666,46.05,1,5.1764362714980825,70.66250196097344,21,2,12,-0.7071067811865477,0.7071067811865474,0.9749279121818236,-0.2225209339563143,-2.4492935982947064e-16,1.0,0.0,0.0,0.0625,12.775,25.375,100.0,98.0,6.025,7.2290897,0.0,6.25,18.340740746666665,46.0,45.85,45.81666666666667,46.0,46.65,-11.952222233333332,-0.1111110699999997,-0.0406666666666666,6.277333333333333,6.2173333333333325,18.318518506666667,6.26688888888889,7.1492352,7.188741,7.236473,7.231211,7.307964,0,2.0,1,0.5,-1.03,27.2,72.8
2022-12-07 21:30:00,115.386773227778,63.128030327778006,63.138307749998,18.340740746666665,6.2173333333333325,46.65,1,5.1764362714980825,70.66250196097344,21,2,12,-0.7071067811865477,0.7071067811865474,0.9749279121818236,-0.2225209339563143,-2.4492935982947064e-16,1.0,0.0,0.0,0.0208333333333333,12.75,25.55,100.0,98.0,5.949999999999999,7.2054834,0.0,6.199999999999999,18.57777778,46.05,46.0,45.85,45.81666666666667,47.0,-12.123407413333332,0.1518518466666663,-0.0193333333333338,6.236666666666666,6.232,18.276543205555555,6.24377777777778,7.307964,7.1492352,7.188741,7.236473,7.4669657,0,2.0,0,0.5,-0.99,25.6,74.4
2022-12-07 21:45:00,45.348463838886,0.0,0.0,18.57777778,6.232,47.0,0,5.1764362714980825,70.66250196097344,21,2,12,-0.7071067811865477,0.7071067811865474,0.9749279121818236,-0.2225209339563143,-2.4492935982947064e-16,1.0,0.0,0.0,0.0,12.725,25.725,100.0,98.0,5.875,7.181945,0.0,6.15,18.414814776666667,46.65,46.05,46.0,45.85,47.0,-12.345777780000002,0.2370370333333369,0.0146666666666677,6.2173333333333325,6.206666666666666,18.36913580888889,6.228666666666669,7.4669657,7.307964,7.1492352,7.188741,7.3952117,1,2.0,1,0.5,-0.93,23.3,76.7
2022-12-07 22:00:00,45.107084711104,0.0,0.0,18.414814776666667,6.206666666666666,47.0,0,5.1764362714980825,70.66250196097344,22,2,12,-0.5000000000000004,0.8660254037844384,0.9749279121818236,-0.2225209339563143,-2.4492935982947064e-16,1.0,0.0,0.0,0.0,12.7,25.9,100.0,98.0,5.8,7.1584725,0.0,6.1,18.28333331,47.0,46.65,46.05,46.0,46.95,-12.20814811,-0.1629630033333349,-0.025333333333334,6.232,6.19,18.44444443444445,6.218666666666668,7.3952117,7.4669657,7.307964,7.1492352,7.3299484,0,2.0,0,0.5,-0.97,24.8,75.2
2022-12-07 22:15:00,160.614408450002,98.6468873,98.660775677776,18.28333331,6.19,46.95,2,5.1764362714980825,70.66250196097344,22,2,12,-0.5000000000000004,0.8660254037844384,0.9749279121818236,-0.2225209339563143,-2.4492935982947064e-16,1.0,0.0,0.0,0.0,12.5,25.9,100.0,98.0,5.75,7.1350703,0.0,6.05,18.542592603333333,47.0,47.0,46.65,46.05,46.35,-12.09333331,-0.131481466666667,-0.0166666666666666,6.206666666666666,6.220666666666667,18.42530862222222,6.209555555555558,7.3299484,7.3952117,7.4669657,7.307964,7.34837,0,2.0,1,0.5,-1.0,26.1,73.9
2022-12-07 22:30:00,62.623050744436,11.292881649998,11.29815930555,18.542592603333333,6.220666666666667,46.35,1,5.1764362714980825,70.66250196097344,22,2,12,-0.5000000000000004,0.8660254037844384,0.9749279121818236,-0.2225209339563143,-2.4492935982947064e-16,1.0,0.0,0.0,0.0,12.3,25.9,100.0,98.0,5.699999999999999,7.111733,0.0,6.0,18.53333334,46.95,47.0,47.0,46.65,46.0,-12.321925936666666,0.2592592933333328,0.0306666666666677,6.19,6.157333333333333,18.41358023,6.20577777777778,7.34837,7.3299484,7.3952117,7.4669657,7.288883,0,2.0,1,0.5,-0.94,23.7,76.3
2022-12-07 22:45:00,260.964005638882,0.0,0.0,18.53333334,6.157333333333333,46.0,0,5.1764362714980825,70.66250196097344,22,2,12,-0.5000000000000004,0.8660254037844384,0.9749279121818236,-0.2225209339563143,-2.4492935982947064e-16,1.0,0.0,0.0,0.0,12.1,25.9,100.0,98.0,5.65,7.088462,0.0,5.95,18.303703676666665,46.35,46.95,47.0,47.0,46.0,-12.376000006666668,-0.0092592633333303,-0.0633333333333343,6.220666666666667,6.146,18.45308641777778,6.189333333333335,7.288883,7.34837,7.3299484,7.3952117,7.1903205,1,2.0,1,0.5,-0.95,23.9,76.1
2022-12-07 23:00:00,235.28836592222,21.490251488888,21.49664018333,18.303703676666665,6.146,46.0,1,5.1764362714980825,70.66250196097344,23,2,12,-0.2588190451025215,0.965925826289068,0.9749279121818236,-0.2225209339563143,-2.4492935982947064e-16,1.0,0.0,0.0,0.0,11.9,25.9,100.0,98.0,5.6,7.0652585,0.0,5.9,18.32777775,46.0,46.35,46.95,47.0,45.95,-12.157703676666664,-0.2296296633333376,-0.0113333333333329,6.157333333333333,6.106666666666667,18.45987654,6.17466666666667,7.1903205,7.288883,7.34837,7.3299484,7.192772,0,1.0,1,0.75,-1.0,26.1,73.9
2022-12-07 23:15:00,131.256138494442,85.028265416666,85.040209438886,18.32777775,6.106666666666667,45.95,2,5.1764362714980825,70.66250196097344,23,2,12,-0.2588190451025215,0.965925826289068,0.9749279121818236,-0.2225209339563143,-2.4492935982947064e-16,1.0,0.0,0.0,0.0,11.8,25.375,100.0,98.0,5.574999999999999,7.0536814,0.0,5.875,18.59259258,46.0,46.0,46.35,46.95,45.53333333333333,-12.221111083333332,0.0240740733333346,-0.0393333333333325,6.146,6.1,18.388271588888887,6.136666666666669,7.192772,7.1903205,7.288883,7.34837,7.240303,0,1.0,1,0.75,-0.99,25.9,74.1
2022-12-07 23:30:00,53.905899277776,0.0,0.0,18.59259258,6.1,45.53333333333333,0,5.1764362714980825,70.66250196097344,23,2,12,-0.2588190451025215,0.965925826289068,0.9749279121818236,-0.2225209339563143,-2.4492935982947064e-16,1.0,0.0,0.0,0.0,11.7,24.85,100.0,98.0,5.55,7.0421195,0.0,5.85,18.47777775,45.95,46.0,46.0,46.35,45.5,-12.492592579999998,0.2648148299999988,-0.0066666666666677,6.106666666666667,6.104,18.40802466888889,6.117555555555558,7.240303,7.192772,7.1903205,7.288883,7.185963,1,2.0,1,0.5,-0.93,23.4,76.6
2022-12-07 23:45:00,64.411034522224,0.0,0.0,18.47777775,6.104,45.5,0,5.1764362714980825,70.66250196097344,23,2,12,-0.2588190451025215,0.965925826289068,0.9749279121818236,-0.2225209339563143,-2.4492935982947064e-16,1.0,0.0,0.0,0.0,11.6,24.325,100.0,98.0,5.525,7.030576,0.0,5.825,18.24814817,45.53333333333333,45.95,46.0,46.0,45.68333333333333,-12.37377775,-0.1148148300000002,0.0040000000000004,6.1,6.096666666666667,18.46604936,6.103555555555558,7.185963,7.240303,7.192772,7.1903205,7.117312,0,2.0,0,0.5,-0.96,24.5,75.5
2022-12-08 00:00:00,68.295323877768,14.967734649998,14.972734516662,18.24814817,6.096666666666667,45.68333333333333,1,5.1764362714980825,70.66250196097344,0,3,12,0.0,1.0,0.4338837391175582,-0.900968867902419,-2.4492935982947064e-16,1.0,0.0,0.0,0.0,11.5,23.8,100.0,98.0,5.5,7.019049,0.0,5.8,18.20000003,45.5,45.53333333333333,45.95,46.0,46.05,-12.151481503333333,-0.2296295799999974,-0.0073333333333334,6.104,6.08,18.439506166666664,6.100222222222225,7.117312,7.185963,7.240303,7.192772,7.1539545,0,2.0,1,0.5,-1.01,26.7,73.3
2022-12-08 00:15:00,151.751985327774,106.7315639,106.746285577776,18.20000003,6.08,46.05,2,5.1764362714980825,70.66250196097344,0,3,12,0.0,1.0,0.4338837391175582,-0.900968867902419,-2.4492935982947064e-16,1.0,0.0,0.0,0.0,11.45,23.8,100.0,98.0,5.5,7.019049,0.0,5.8,18.498148166666667,45.68333333333333,45.5,45.53333333333333,45.95,46.28333333333333,-12.120000030000002,-0.0481481399999985,-0.0166666666666666,6.096666666666667,6.09,18.30864198333333,6.093555555555557,7.1539545,7.117312,7.185963,7.240303,7.318507,0,2.0,1,0.5,-1.02,27.1,72.9
2022-12-08 00:30:00,56.368022888892,0.0,0.0,18.498148166666667,6.09,46.28333333333333,0,5.1764362714980825,70.66250196097344,0,3,12,0.0,1.0,0.4338837391175582,-0.900968867902419,-2.4492935982947064e-16,1.0,0.0,0.0,0.0,11.4,23.8,100.0,98.0,5.5,7.019049,0.0,5.8,18.46666665,46.05,45.68333333333333,45.5,45.53333333333333,46.35,-12.408148166666669,0.2981481366666649,0.0099999999999997,6.08,6.122,18.315432122222223,6.088888888888891,7.318507,7.1539545,7.117312,7.185963,7.3153872,1,2.0,1,0.5,-0.95,24.1,75.9
2022-12-08 00:45:00,72.409325861106,0.0,0.0,18.46666665,6.122,46.35,0,5.1764362714980825,70.66250196097344,0,3,12,0.0,1.0,0.4338837391175582,-0.900968867902419,-2.4492935982947064e-16,1.0,0.0,0.0,0.0,11.35,23.8,100.0,98.0,5.5,7.019049,0.0,5.8,18.32037035666667,46.28333333333333,46.05,45.68333333333333,45.5,46.31666666666667,-12.344666649999995,-0.0314815166666697,0.032,6.09,6.114000000000001,18.38827161555556,6.097333333333335,7.3153872,7.318507,7.1539545,7.117312,7.246982,0,2.0,0,0.5,-0.96,24.4,75.6
2022-12-08 01:00:00,88.906999261106,0.0,0.0,18.32037035666667,6.114000000000001,46.31666666666667,0,5.1764362714980825,70.66250196097344,1,3,12,0.2588190451025207,0.9659258262890684,0.4338837391175582,-0.900968867902419,-2.4492935982947064e-16,1.0,0.0,0.0,0.0,11.3,23.8,100.0,98.0,5.5,7.019049,0.0,5.8,18.19444447,46.35,46.28333333333333,46.05,45.68333333333333,45.65,-12.206370356666667,-0.1462962933333287,-0.0079999999999991,6.122,6.118666666666667,18.42839505777778,6.108666666666669,7.246982,7.3153872,7.318507,7.1539545,7.089474,0,3.0,0,0.25,-0.99,25.9,74.1
2022-12-08 01:15:00,63.259413988888,0.0,0.0,18.19444447,6.118666666666667,45.65,0,5.1764362714980825,70.66250196097344,1,3,12,0.2588190451025207,0.9659258262890684,0.4338837391175582,-0.900968867902419,-2.4492935982947064e-16,1.0,0.0,0.0,0.0,11.025,23.6,100.0,98.0,5.5,7.019049,0.0,5.8,18.11481480666667,46.31666666666667,46.35,46.28333333333333,46.05,45.5,-12.075777803333336,-0.1259258866666677,0.0046666666666661,6.114000000000001,6.069333333333333,18.327160492222223,6.118222222222225,7.089474,7.246982,7.3153872,7.318507,7.032829,0,4.0,0,0.0,-1.03,27.2,72.8
2022-12-08 01:30:00,137.198400777776,72.202389572222,72.209611516666,18.11481480666667,6.069333333333333,45.5,2,5.1764362714980825,70.66250196097344,1,3,12,0.2588190451025207,0.9659258262890684,0.4338837391175582,-0.900968867902419,-2.4492935982947064e-16,1.0,0.0,0.0,0.0,10.75,23.4,100.0,98.0,5.5,7.019049,0.0,5.8,18.31666667,45.65,46.31666666666667,46.35,46.28333333333333,45.5,-12.045481473333336,-0.0796296633333319,-0.0493333333333341,6.118666666666667,6.012,18.209876544444445,6.100666666666669,7.032829,7.089474,7.246982,7.3153872,7.1176376,0,3.0,1,0.25,-1.05,28.1,71.9
2022-12-08 01:45:00,80.93009606666399,26.976976427778,26.982254066664,18.31666667,6.012,45.5,1,5.1764362714980825,70.66250196097344,1,3,12,0.2588190451025207,0.9659258262890684,0.4338837391175582,-0.900968867902419,-2.4492935982947064e-16,1.0,0.0,0.0,0.0,10.475,23.2,100.0,98.0,5.5,7.019049,0.0,5.8,18.42521366153846,45.5,45.65,46.31666666666667,46.35,45.28846153846154,-12.30466667,0.2018518633333315,-0.0573333333333332,6.069333333333333,6.0600000000000005,18.208641982222225,6.066666666666669,7.1176376,7.032829,7.089474,7.246982,7.130304,0,2.0,1,0.5,-1.0,26.1,73.9
2022-12-08 02:00:00,47.245610083334,0.0,0.0,18.42521366153846,6.0600000000000005,45.28846153846154,0,5.1764362714980825,70.66250196097344,2,3,12,0.4999999999999999,0.8660254037844387,0.4338837391175582,-0.900968867902419,-2.4492935982947064e-16,1.0,0.0,0.0,0.0,10.2,23.0,100.0,98.0,5.5,7.019049,0.0,5.8,18.24444442,45.5,45.5,45.65,46.31666666666667,45.0,-12.36521366153846,0.1085469915384607,0.0480000000000009,6.012,6.0906666666666665,18.28556504606838,6.047111111111113,7.130304,7.1176376,7.032829,7.089474,7.0093093,1,2.0,1,0.5,-0.97,25.1,74.9
2022-12-08 02:15:00,72.23988802222401,0.0,0.0,18.24444442,6.0906666666666665,45.0,0,5.1764362714980825,70.66250196097344,2,3,12,0.4999999999999999,0.8660254037844387,0.4338837391175582,-0.900968867902419,-2.4492935982947064e-16,1.0,0.0,0.0,0.0,10.15,22.65,100.0,98.0,5.525,7.019049,0.0,5.8,18.098148156666664,45.28846153846154,45.5,45.5,45.65,45.0,-12.15377775333333,-0.1807692415384636,0.0306666666666659,6.0600000000000005,6.069999999999999,18.328774917179487,6.054222222222225,7.0093093,7.130304,7.1176376,7.032829,6.9486575,0,2.0,0,0.5,-1.02,26.9,73.1
2022-12-08 02:30:00,70.851332649994,0.0,0.0,18.098148156666664,6.069999999999999,45.0,0,5.1764362714980825,70.66250196097344,2,3,12,0.4999999999999999,0.8660254037844387,0.4338837391175582,-0.900968867902419,-2.4492935982947064e-16,1.0,0.0,0.0,0.0,10.1,22.3,100.0,98.0,5.55,7.019049,0.0,5.8,18.081196623076924,45.0,45.28846153846154,45.5,45.5,45.31923076923077,-12.028148156666663,-0.1462962633333333,-0.020666666666667,6.0906666666666665,6.067692307692307,18.25593541273504,6.073555555555558,6.9486575,7.0093093,7.130304,7.1176376,6.9909024,0,3.0,0,0.25,-1.05,28.4,71.6
2022-12-08 02:45:00,134.019361244444,94.589549566668,94.600660255556,18.081196623076924,6.067692307692307,45.31923076923077,2,5.1764362714980825,70.66250196097344,2,3,12,0.4999999999999999,0.8660254037844387,0.4338837391175582,-0.900968867902419,-2.4492935982947064e-16,1.0,0.0,0.0,0.0,10.05,21.950000000000003,100.0,98.0,5.574999999999999,7.019049,0.0,5.8,18.3972222325,45.0,45.0,45.28846153846154,45.5,45.04166666666666,-12.013504315384615,-0.0169515335897401,-0.0023076923076921,6.069999999999999,6.15,18.1412630665812,6.076119658119661,6.9909024,6.9486575,7.0093093,7.130304,7.0796905,0,3.0,1,0.25,-1.05,28.5,71.5
2022-12-08 03:00:00,40.875864949998,0.0,0.0,18.3972222325,6.15,45.04166666666666,0,5.1764362714980825,70.66250196097344,3,3,12,0.7071067811865476,0.7071067811865476,0.4338837391175582,-0.900968867902419,-2.4492935982947064e-16,1.0,0.0,0.0,0.0,10.0,21.6,100.0,98.0,5.6,7.019049,0.0,5.8,18.40555556,45.31923076923077,45.0,45.0,45.28846153846154,45.0,-12.2472222325,0.3160256094230753,0.0823076923076921,6.067692307692307,6.176666666666667,18.1921890040812,6.095897435897438,7.0796905,6.9909024,6.9486575,7.0093093,7.076635,1,3.0,1,0.25,-0.98,25.4,74.6
2022-12-08 03:15:00,61.286159572222,0.0,0.0,18.40555556,6.176666666666667,45.0,0,5.1764362714980825,70.66250196097344,3,3,12,0.7071067811865476,0.7071067811865476,0.4338837391175582,-0.900968867902419,-2.4492935982947064e-16,1.0,0.0,0.0,0.0,10.925,23.125,100.0,98.0,5.574999999999999,7.019049,0.05,5.8,18.192592576666662,45.04166666666666,45.31923076923077,45.0,45.0,45.0,-12.228888893333334,0.0083333275000008,0.0266666666666672,6.15,6.196666666666667,18.294658138525644,6.131452991452993,7.076635,7.0796905,6.9909024,6.9486575,6.9877596,0,3.0,0,0.25,-0.98,25.3,74.7
2022-12-08 03:30:00,90.57304376666,43.537702855556,43.544369288888,18.192592576666662,6.196666666666667,45.0,1,5.1764362714980825,70.66250196097344,3,3,12,0.7071067811865476,0.7071067811865476,0.4338837391175582,-0.900968867902419,-2.4492935982947064e-16,1.0,0.0,0.0,0.0,11.85,24.65,100.0,98.0,5.55,7.019049,0.1,5.8,18.28888887,45.0,45.04166666666666,45.31923076923077,45.0,44.95,-11.99592591,-0.2129629833333339,0.0200000000000004,6.176666666666667,6.22,18.33179012305556,6.174444444444447,6.9877596,7.076635,7.0796905,6.9909024,7.0200186,0,2.0,1,0.5,-1.03,27.4,72.6
2022-12-08 03:45:00,452.639949227778,61.392544183334,61.402821605554,18.28888887,6.22,44.95,1,5.1764362714980825,70.66250196097344,3,3,12,0.7071067811865476,0.7071067811865476,0.4338837391175582,-0.900968867902419,-2.4492935982947064e-16,1.0,0.0,0.0,0.0,12.775,26.175,100.0,98.0,5.525,7.019049,0.15,5.8,18.499206354285715,45.0,45.0,45.04166666666666,45.31923076923077,44.52857142857143,-12.068888870000002,0.0962962933333351,0.0233333333333325,6.196666666666667,6.184285714285714,18.295679002222226,6.19777777777778,7.0200186,6.9877596,7.076635,7.0796905,7.0414777,0,2.0,0,0.5,-1.01,26.5,73.5
2022-12-08 04:00:00,53.683963738886,0.0,0.0,18.499206354285715,6.184285714285714,44.52857142857143,0,5.1764362714980825,70.66250196097344,4,3,12,0.8660254037844386,0.5000000000000001,0.4338837391175582,-0.900968867902419,-2.4492935982947064e-16,1.0,0.0,0.0,0.0,13.7,27.7,100.0,98.0,5.5,7.019049,0.2,5.8,18.31666667,44.95,45.0,45.0,45.04166666666666,44.5,-12.31492064,0.2103174842857136,-0.0357142857142855,6.22,6.17,18.326895933650796,6.200317460317463,7.0414777,7.0200186,6.9877596,7.076635,6.9612055,1,2.0,1,0.5,-0.96,24.5,75.5
2022-12-08 04:15:00,44.865427677772,0.0,0.0,18.31666667,6.17,44.5,0,5.1764362714980825,70.66250196097344,4,3,12,0.8660254037844386,0.5000000000000001,0.4338837391175582,-0.900968867902419,-2.4492935982947064e-16,1.0,0.0,0.0,0.0,12.825,27.875,100.0,97.75,5.35,6.955316,0.175,5.7,18.214814843333333,44.52857142857143,44.95,45.0,45.0,44.5,-12.14666667,-0.1825396842857145,-0.0142857142857142,6.184285714285714,6.142,18.368253964761905,6.191428571428574,6.9612055,7.0414777,7.0200186,6.9877596,6.9192443,0,2.0,0,0.5,-1.0,26.3,73.7
2022-12-08 04:30:00,141.633778938886,101.72870843889,101.741207972222,18.214814843333333,6.142,44.5,2,5.1764362714980825,70.66250196097344,4,3,12,0.8660254037844386,0.5000000000000001,0.4338837391175582,-0.900968867902419,-2.4492935982947064e-16,1.0,0.0,0.0,0.0,11.95,28.05,100.0,97.5,5.2,6.8920794,0.15,5.6,18.5,44.5,44.52857142857143,44.95,45.0,44.45,-12.072814843333331,-0.1018518266666674,-0.0280000000000004,6.17,6.122,18.34356262253968,6.165428571428574,6.9192443,6.9612055,7.0414777,7.0200186,7.029383,0,2.0,1,0.5,-1.03,27.3,72.7
2022-12-08 04:45:00,53.288979472222,0.0,0.0,18.5,6.122,44.45,0,5.1764362714980825,70.66250196097344,4,3,12,0.8660254037844386,0.5000000000000001,0.4338837391175582,-0.900968867902419,-2.4492935982947064e-16,1.0,0.0,0.0,0.0,11.075,28.225,100.0,97.25,5.050000000000001,6.8293357,0.125,5.5,18.44629628333333,44.5,44.5,44.52857142857143,44.95,44.03333333333333,-12.378,0.2851851566666674,-0.0199999999999995,6.142,6.104,18.343827171111112,6.144666666666669,7.029383,6.9192443,6.9612055,7.0414777,6.9413657,1,3.0,1,0.25,-0.96,24.5,75.5
2022-12-08 05:00:00,64.128545855556,0.0,0.0,18.44629628333333,6.104,44.03333333333333,0,5.1764362714980825,70.66250196097344,5,3,12,0.9659258262890684,0.2588190451025207,0.4338837391175582,-0.900968867902419,-2.4492935982947064e-16,1.0,0.0,0.0,0.0,10.2,28.4,100.0,97.0,4.9,6.7670817,0.1,5.4,18.24999998,44.45,44.5,44.5,44.52857142857143,44.35,-12.342296283333331,-0.0537037166666678,-0.0179999999999997,6.122,6.076,18.38703704222222,6.122666666666668,6.9413657,7.029383,6.9192443,6.9612055,6.910342,0,3.0,0,0.25,-0.98,25.1,74.9
2022-12-08 05:15:00,54.946968666668,0.0,0.0,18.24999998,6.076,44.35,0,5.1764362714980825,70.66250196097344,5,3,12,0.9659258262890684,0.2588190451025207,0.4338837391175582,-0.900968867902419,-2.4492935982947064e-16,1.0,0.0,0.0,0.0,10.15,26.6,94.0,96.5,4.75,6.6879873,0.075,5.300000000000001,18.170370400000003,44.03333333333333,44.45,44.5,44.5,44.5,-12.173999979999998,-0.1962963033333338,-0.0280000000000004,6.104,5.972,18.39876542111111,6.100666666666669,6.910342,6.9413657,7.029383,6.9192443,6.901002,0,3.0,0,0.25,-1.02,27.0,73.0
2022-12-08 05:30:00,123.674219566664,79.3809913,79.390157616666,18.170370400000003,5.972,44.5,2,5.1764362714980825,70.66250196097344,5,3,12,0.9659258262890684,0.2588190451025207,0.4338837391175582,-0.900968867902419,-2.4492935982947064e-16,1.0,0.0,0.0,0.0,10.1,24.8,88.0,96.0,4.6,6.609604,0.05,5.2,18.40555557,44.35,44.03333333333333,44.45,44.5,44.15,-12.198370400000003,-0.0796295799999953,-0.104,6.076,5.923333333333334,18.288888887777777,6.050666666666668,6.901002,6.910342,6.9413657,7.029383,6.9429655,0,3.0,1,0.25,-1.04,27.7,72.3
2022-12-08 05:45:00,85.10881784444,37.119070727778,37.125737194442,18.40555557,5.923333333333334,44.15,1,5.1764362714980825,70.66250196097344,5,3,12,0.9659258262890684,0.2588190451025207,0.4338837391175582,-0.900968867902419,-2.4492935982947064e-16,1.0,0.0,0.0,0.0,10.05,23.0,82.0,95.5,4.45,6.5319257,0.0249999999999999,5.1,18.49074077,44.5,44.35,44.03333333333333,44.45,44.0,-12.482222236666669,0.2351851699999976,-0.0486666666666657,5.972,5.886666666666667,18.275308650000003,5.990444444444447,6.9429655,6.901002,6.910342,6.9413657,6.954404,0,2.0,1,0.5,-0.98,25.5,74.5
2022-12-08 06:00:00,43.17716176111,0.0,0.0,18.49074077,5.886666666666667,44.0,0,5.1764362714980825,70.66250196097344,6,3,12,1.0,6.123233995736766e-17,0.4338837391175582,-0.900968867902419,-2.4492935982947064e-16,1.0,0.0,0.0,0.0,10.0,21.2,76.0,95.0,4.3,6.45495,0.0,5.0,18.30000002,44.15,44.5,44.35,44.03333333333333,44.0,-12.604074103333335,0.0851852000000015,-0.036666666666667,5.923333333333334,5.820666666666667,18.355555580000004,5.927333333333336,6.954404,6.9429655,6.901002,6.910342,6.8761864,1,2.0,1,0.5,-0.97,24.7,75.3
2022-12-08 06:15:00,63.031089972214005,15.20328076111,15.206336238886,18.30000002,5.820666666666667,44.0,1,5.1764362714980825,70.66250196097344,6,3,12,1.0,6.123233995736766e-17,0.4338837391175582,-0.900968867902419,-2.4492935982947064e-16,1.0,0.0,0.0,0.0,9.6,21.125,79.0,95.25,4.1,6.3763356,0.0,4.775,18.255555580000003,44.0,44.15,44.5,44.35,44.0,-12.479333353333336,-0.1907407499999998,-0.0659999999999998,5.886666666666667,5.776,18.398765453333336,5.876888888888892,6.8761864,6.954404,6.9429655,6.901002,6.8580694,0,1.0,1,0.75,-1.01,26.5,73.5
2022-12-08 06:30:00,166.118632722224,99.781008583334,99.792119272222,18.255555580000003,5.776,44.0,2,5.1764362714980825,70.66250196097344,6,3,12,1.0,6.123233995736766e-17,0.4338837391175582,-0.900968867902419,-2.4492935982947064e-16,1.0,0.0,0.0,0.0,9.2,21.05,82.0,95.5,3.9,6.2984576,0.0,4.55,18.56666669,44.0,44.0,44.15,44.5,43.65,-12.479555580000005,-0.0444444399999994,-0.044666666666667,5.820666666666667,5.708666666666667,18.34876545666667,5.82777777777778,6.8580694,6.8761864,6.954404,6.9429655,6.9301853,0,1.0,1,0.75,-1.02,27.0,73.0
2022-12-08 06:45:00,45.454848416666,0.0,0.0,18.56666669,5.708666666666667,43.65,0,5.1764362714980825,70.66250196097344,6,3,12,1.0,6.123233995736766e-17,0.4338837391175582,-0.900968867902419,-2.4492935982947064e-16,1.0,0.0,0.0,0.0,8.8,20.975,85.0,95.75,3.7,6.221315,0.0,4.324999999999999,18.44999999,44.0,44.0,44.0,44.15,43.5,-12.858000023333332,0.3111111099999952,-0.067333333333333,5.776,5.644,18.374074096666668,5.768444444444447,6.9301853,6.8580694,6.8761864,6.954404,6.8587956,1,2.0,1,0.5,-0.95,24.0,76.0
2022-12-08 07:00:00,42.821898322216,0.0,0.0,18.44999999,5.644,43.5,0,5.1764362714980825,70.66250196097344,7,3,12,0.9659258262890684,-0.2588190451025206,0.4338837391175582,-0.900968867902419,-2.4492935982947064e-16,1.0,0.0,0.0,0.0,8.4,20.9,88.0,96.0,3.5,6.1449046,0.0,4.1,18.257539662142857,43.65,44.0,44.0,44.0,43.5,-12.805999989999998,-0.1166666999999996,-0.0646666666666666,5.708666666666667,5.504285714285714,18.424074086666668,5.709555555555558,6.8587956,6.9301853,6.8580694,6.8761864,6.7809353,0,2.0,0,0.5,-0.98,25.2,74.8
2022-12-08 07:15:00,101.58454762222,56.061646327778,56.069146044444,18.257539662142857,5.504285714285714,43.5,1,5.1764362714980825,70.66250196097344,7,3,12,0.9659258262890684,-0.2588190451025206,0.4338837391175582,-0.900968867902419,-2.4492935982947064e-16,1.0,0.0,0.0,0.0,8.15,19.825,91.0,95.25,3.45,6.1274076,0.025,4.175,18.375925953333333,43.5,43.65,44.0,44.0,43.31666666666667,-12.753253947857145,-0.192460327857141,-0.1397142857142856,5.644,5.472,18.42473544738095,5.61898412698413,6.7809353,6.8587956,6.9301853,6.8580694,6.7999578,0,2.0,1,0.5,-1.02,27.1,72.9
2022-12-08 07:30:00,92.661015644444,49.942446672222,49.950224194442,18.375925953333333,5.472,43.31666666666667,1,5.1764362714980825,70.66250196097344,7,3,12,0.9659258262890684,-0.2588190451025206,0.4338837391175582,-0.900968867902419,-2.4492935982947064e-16,1.0,0.0,0.0,0.0,7.9,18.75,94.0,94.5,3.4,6.109562,0.05,4.25,18.50555557,43.5,43.5,43.65,44.0,43.0,-12.903925953333331,0.1183862911904753,-0.0322857142857149,5.504285714285714,5.412000000000001,18.3611552018254,5.54009523809524,6.7999578,6.7809353,6.8587956,6.9301853,6.8023176,0,2.0,0,0.5,-1.0,25.9,74.1
2022-12-08 07:45:00,59.009861711112,0.0,0.0,18.50555557,5.412000000000001,43.0,0,5.1764362714980825,70.66250196097344,7,3,12,0.9659258262890684,-0.2588190451025206,0.4338837391175582,-0.900968867902419,-2.4492935982947064e-16,1.0,0.0,0.0,0.0,7.65,17.675,97.0,93.75,3.35,6.091366,0.075,4.325,18.335185183333333,43.31666666666667,43.5,43.5,43.65,43.0,-13.09355557,0.1296296166666692,-0.0599999999999987,5.472,5.247333333333333,18.379673728492065,5.462761904761908,6.8023176,6.7999578,6.7809353,6.8587956,6.733954,1,2.0,1,0.5,-0.97,24.8,75.2
2022-12-08 08:00:00,58.84403497778,0.0,0.0,18.335185183333333,5.247333333333333,43.0,0,5.1764362714980825,70.66250196097344,8,3,12,0.8660254037844387,-0.4999999999999998,0.4338837391175582,-0.900968867902419,-2.4492935982947064e-16,1.0,0.0,0.0,0.0,7.4,16.6,100.0,93.0,3.3,6.0728173,0.1,4.4,18.20555557,43.0,43.31666666666667,43.5,43.5,43.3,-13.08785185,-0.1703703866666686,-0.164666666666668,5.412000000000001,5.188666666666666,18.40555556888889,5.3771111111111125,6.733954,6.8023176,6.7999578,6.7809353,6.7289567,0,2.0,0,0.5,-1.01,26.4,73.6
2022-12-08 08:15:00,135.874009372218,90.571377,90.58276546111,18.20555557,5.188666666666666,43.3,2,5.1764362714980825,70.66250196097344,8,3,12,0.8660254037844387,-0.4999999999999998,0.4338837391175582,-0.900968867902419,-2.4492935982947064e-16,1.0,2.25,0.5625,0.1875,7.550000000000001,15.95,100.0,93.0,3.25,6.052681,0.075,4.3500000000000005,18.45555556,43.0,43.0,43.31666666666667,43.5,42.85,-13.016888903333337,-0.1296296133333321,-0.0586666666666664,5.247333333333333,5.011333333333334,18.348765441111112,5.282666666666669,6.7289567,6.733954,6.8023176,6.7999578,6.758532,0,2.0,1,0.5,-1.04,27.6,72.4
2022-12-08 08:30:00,67.683126016662,23.941264527778,23.945708849998,18.45555556,5.011333333333334,42.85,1,5.1764362714980825,70.66250196097344,8,3,12,0.8660254037844387,-0.4999999999999998,0.4338837391175582,-0.900968867902419,-2.4492935982947064e-16,1.0,4.5,1.6875,0.5625,7.7,15.3,100.0,93.0,3.2,6.032604,0.05,4.300000000000001,18.4833333,43.3,43.0,43.0,43.31666666666667,42.55,-13.444222226666668,0.2499999899999991,-0.1773333333333324,5.188666666666666,4.8613333333333335,18.33209877111112,5.149111111111114,6.758532,6.7289567,6.733954,6.8023176,6.7222724,0,2.0,1,0.5,-0.98,25.3,74.7
2022-12-08 08:45:00,351.93925528333,0.0,0.0,18.4833333,4.8613333333333335,42.55,0,5.1764362714980825,70.66250196097344,8,3,12,0.8660254037844387,-0.4999999999999998,0.4338837391175582,-0.900968867902419,-2.4492935982947064e-16,1.0,6.75,3.375,1.125,7.85,14.65,100.0,93.0,3.15,6.012585,0.0249999999999999,4.25,18.29999997,42.85,43.3,43.0,43.0,43.333333333333336,-13.621999966666667,0.0277777400000012,-0.1500000000000003,5.011333333333334,4.73,18.381481476666668,5.020444444444447,6.7222724,6.758532,6.7289567,6.733954,6.7720013,1,2.0,1,0.5,-0.97,25.1,74.9
2022-12-08 09:00:00,227.29451910555,0.0,0.0,18.29999997,4.73,43.333333333333336,0,5.1764362714980825,70.66250196097344,9,3,12,0.7071067811865476,-0.7071067811865475,0.4338837391175582,-0.900968867902419,-2.4492935982947064e-16,1.0,9.0,5.625,1.875,8.0,14.0,100.0,93.0,3.1,5.9926243,0.0,4.2,18.17777779,42.55,42.85,43.3,43.0,43.65,-13.569999969999998,-0.1833333300000035,-0.131333333333333,4.8613333333333335,4.638000000000001,18.412962943333337,4.867555555555558,6.7720013,6.7222724,6.758532,6.7289567,6.772167,0,2.0,0,0.5,-1.01,26.7,73.3
2022-12-08 09:15:00,50.791579355556,0.0,0.0,18.17777779,4.638000000000001,43.65,0,5.1764362714980825,70.66250196097344,9,3,12,0.7071067811865476,-0.7071067811865475,0.4338837391175582,-0.900968867902419,-2.4492935982947064e-16,1.0,16.0,9.0625,3.208333333333333,8.375,15.275,100.0,91.75,3.15,6.0011477,0.0,4.425,18.09444445666667,43.333333333333336,42.55,42.85,43.3,43.5,-13.53977779,-0.1222221799999978,-0.0919999999999996,4.73,4.69,18.32037035333333,4.743111111111115,6.772167,6.7720013,6.7222724,6.758532,6.715556,0,3.0,0,0.25,-1.04,27.9,72.1
2022-12-08 09:30:00,39.005661927778,0.0,0.0,18.09444445666667,4.69,43.5,0,5.1764362714980825,70.66250196097344,9,3,12,0.7071067811865476,-0.7071067811865475,0.4338837391175582,-0.900968867902419,-2.4492935982947064e-16,1.0,23.0,13.6875,5.125,8.75,16.55,100.0,90.5,3.2,6.0084,0.0,4.65,18.033333350000003,43.65,43.333333333333336,42.55,42.85,43.15,-13.404444456666669,-0.0833333333333321,0.0519999999999987,4.638000000000001,4.817333333333334,18.19074073888889,4.686000000000003,6.715556,6.772167,6.7720013,6.7222724,6.637364,0,4.0,0,0.0,-1.06,28.7,71.3
2022-12-08 09:45:00,120.744336650002,78.091598411112,78.101320272222,18.033333350000003,4.817333333333334,43.15,2,5.1764362714980825,70.66250196097344,9,3,12,0.7071067811865476,-0.7071067811865475,0.4338837391175582,-0.900968867902419,-2.4492935982947064e-16,1.0,30.0,19.5,7.625,9.125,17.825000000000003,100.0,89.25,3.25,6.014344,0.0,4.875,18.24603175142857,43.5,43.65,43.333333333333336,42.55,42.83571428571429,-13.21600001666667,-0.0611111066666651,0.1273333333333344,4.69,4.730714285714286,18.10185186555556,4.7151111111111135,6.637364,6.715556,6.772167,6.7720013,6.6728244,0,3.0,1,0.25,-1.08,29.5,70.5
2022-12-08 10:00:00,86.369878449998,54.319216044444005,54.32643802222,18.24603175142857,4.730714285714286,42.83571428571429,1,5.1764362714980825,70.66250196097344,10,3,12,0.4999999999999999,-0.8660254037844387,0.4338837391175582,-0.900968867902419,-2.4492935982947064e-16,1.0,37.0,26.5,10.708333333333334,9.5,19.1,100.0,88.0,3.3,6.0189476,0.0,5.1,18.388888880000003,43.15,43.5,43.65,43.333333333333336,42.15,-13.515317465714286,0.2126984014285682,-0.086619047619048,4.817333333333334,4.722666666666667,18.12460318603175,4.746015873015876,6.6728244,6.637364,6.715556,6.772167,6.6219006,0,2.0,1,0.5,-1.03,27.3,72.7
2022-12-08 10:15:00,40.043120511108,0.0,0.0,18.388888880000003,4.722666666666667,42.15,0,5.1764362714980825,70.66250196097344,10,3,12,0.4999999999999999,-0.8660254037844387,0.4338837391175582,-0.900968867902419,-2.4492935982947064e-16,1.0,42.75,33.1875,14.270833333333334,10.175,20.450000000000003,99.0,88.5,3.375,6.043162,0.225,5.074999999999999,18.192592576666662,42.83571428571429,43.15,43.5,43.65,42.0,-13.666222213333336,0.1428571285714319,-0.0080476190476188,4.730714285714286,5.011333333333334,18.222751327142863,4.756904761904765,6.6219006,6.6728244,6.637364,6.715556,6.521909,1,2.0,1,0.5,-1.0,26.1,73.9
2022-12-08 10:30:00,60.127039355552,0.0,0.0,18.192592576666662,5.011333333333334,42.0,0,5.1764362714980825,70.66250196097344,10,3,12,0.4999999999999999,-0.8660254037844387,0.4338837391175582,-0.900968867902419,-2.4492935982947064e-16,1.0,48.5,39.5625,18.3125,10.85,21.8,98.0,89.0,3.45,6.067278,0.45,5.05,18.08888891,42.15,42.83571428571429,43.15,43.5,42.35,-13.181259243333333,-0.1962963033333373,0.2886666666666668,4.722666666666667,5.197333333333333,18.275837736031747,4.821571428571431,6.521909,6.6219006,6.6728244,6.637364,6.535859,0,2.0,0,0.5,-1.05,28.1,71.9
2022-12-08 10:45:00,694.271394833328,73.538447244444,73.548446911108,18.08888891,5.197333333333333,42.35,2,5.1764362714980825,70.66250196097344,10,3,12,0.4999999999999999,-0.8660254037844387,0.4338837391175582,-0.900968867902419,-2.4492935982947064e-16,1.0,54.25,45.625,22.83333333333333,11.525,23.15,97.0,89.5,3.525,6.091296,0.6749999999999999,5.025,18.312962953333333,42.0,42.15,42.83571428571429,43.15,42.31666666666667,-12.891555576666663,-0.1037036666666679,0.185999999999999,5.011333333333334,5.33,18.22345678888889,4.977111111111114,6.535859,6.521909,6.6219006,6.6728244,6.6182094,0,2.0,1,0.5,-1.07,29.1,70.9
2022-12-08 11:00:00,1005.085628316666,46.677855011112,46.68674362222,18.312962953333333,5.33,42.31666666666667,1,5.1764362714980825,70.66250196097344,11,3,12,0.258819045102521,-0.9659258262890682,0.4338837391175582,-0.900968867902419,-2.4492935982947064e-16,1.0,60.0,51.375,27.83333333333333,12.2,24.5,96.0,90.0,3.6,6.1152153,0.9,5.0,18.41111112,42.35,42.0,42.15,42.83571428571429,42.7,-12.982962953333333,0.224074043333335,0.1326666666666671,5.197333333333333,5.496,18.198148146666664,5.179555555555559,6.6182094,6.535859,6.521909,6.6219006,6.717154,0,2.0,1,0.5,-1.02,26.8,73.2
2022-12-08 11:15:00,39.611193105562,0.0,0.0,18.41111112,5.496,42.7,0,5.1764362714980825,70.66250196097344,11,3,12,0.258819045102521,-0.9659258262890682,0.4338837391175582,-0.900968867902419,-2.4492935982947064e-16,1.0,79.75,60.625,34.291666666666664,11.7,24.775,90.0,90.25,3.7,6.172841,0.7,5.1,18.24444447,42.31666666666667,42.35,42.0,42.15,43.0,-12.91511112,0.0981481666666646,0.1659999999999994,5.33,5.293333333333334,18.27098766111111,5.341111111111114,6.717154,6.6182094,6.535859,6.521909,6.697785,1,2.0,1,0.5,-0.99,25.7,74.3
2022-12-08 11:30:00,62.435280388884,22.502988744444,22.508266366664,18.24444447,5.293333333333334,43.0,1,5.1764362714980825,70.66250196097344,11,3,12,0.258819045102521,-0.9659258262890682,0.4338837391175582,-0.900968867902419,-2.4492935982947064e-16,1.0,99.5,73.375,42.208333333333336,11.2,25.05,84.0,90.5,3.8,6.2309284,0.5,5.2,18.19444447,42.7,42.31666666666667,42.35,42.0,43.75,-12.951111136666668,-0.1666666499999962,-0.2026666666666656,5.496,5.006,18.322839514444446,5.373111111111114,6.697785,6.717154,6.6182094,6.535859,6.794403,0,1.0,1,0.75,-1.03,27.3,72.7
2022-12-08 11:45:00,150.508423805558,104.517763555556,104.529985316666,18.19444447,5.006,43.75,2,5.1764362714980825,70.66250196097344,11,3,12,0.258819045102521,-0.9659258262890682,0.4338837391175582,-0.900968867902419,-2.4492935982947064e-16,1.0,119.25,89.625,51.583333333333336,10.7,25.325000000000003,78.0,90.75,3.9,6.28948,0.2999999999999999,5.300000000000001,18.425925886666665,43.0,42.7,42.31666666666667,42.35,44.1,-13.18844447,-0.0500000000000007,-0.2873333333333336,5.293333333333334,5.251333333333333,18.283333353333337,5.265111111111113,6.794403,6.697785,6.717154,6.6182094,6.943483,0,1.0,1,0.75,-1.04,27.7,72.3
2022-12-08 12:00:00,50.194103172226,0.0,0.0,18.425925886666665,5.251333333333333,44.1,0,5.1764362714980825,70.66250196097344,12,3,12,1.2246467991473532e-16,-1.0,0.4338837391175582,-0.900968867902419,-2.4492935982947064e-16,1.0,139.0,109.375,62.41666666666666,10.2,25.6,72.0,91.0,4.0,6.3485003,0.1,5.4,18.31666667,43.75,43.0,42.7,42.31666666666667,43.15,-13.174592553333332,0.2314814166666643,0.2453333333333329,5.006,5.3726666666666665,18.28827160888889,5.183555555555558,6.943483,6.794403,6.697785,6.717154,6.750023,1,2.0,1,0.5,-0.98,25.3,74.7
2022-12-08 12:15:00,47.773088950002,0.0,0.0,18.31666667,5.3726666666666665,43.15,0,5.1764362714980825,70.66250196097344,12,3,12,1.2246467991473532e-16,-1.0,0.4338837391175582,-0.900968867902419,-2.4492935982947064e-16,1.0,161.75,129.875,74.5625,10.2,25.4,72.0,88.25,3.75,6.238215,0.125,5.6000000000000005,18.15370372,44.1,43.75,43.0,42.7,43.18333333333333,-12.944000003333333,-0.1092592166666648,0.1213333333333333,5.251333333333333,5.488,18.312345675555555,5.210000000000003,6.750023,6.943483,6.794403,6.697785,6.6901884,0,2.0,0,0.5,-1.01,26.6,73.4
2022-12-08 12:30:00,113.56823492222,81.890057566668,81.899779427778,18.15370372,5.488,43.18333333333333,2,5.1764362714980825,70.66250196097344,12,3,12,1.2246467991473532e-16,-1.0,0.4338837391175582,-0.900968867902419,-2.4492935982947064e-16,1.0,184.5,151.125,88.02083333333333,10.2,25.200000000000003,72.0,85.5,3.5,6.1237617,0.15,5.800000000000001,18.31666667,43.15,44.1,43.75,43.0,43.8,-12.66570372,-0.1629629500000007,0.1153333333333339,5.3726666666666665,5.7620000000000005,18.298765425555555,5.3706666666666685,6.6901884,6.750023,6.943483,6.794403,6.8517036,0,2.0,1,0.5,-1.05,28.2,71.8
2022-12-08 12:45:00,84.61661521666599,53.18676136111,53.193150005554,18.31666667,5.7620000000000005,43.8,1,5.1764362714980825,70.66250196097344,12,3,12,1.2246467991473532e-16,-1.0,0.4338837391175582,-0.900968867902419,-2.4492935982947064e-16,1.0,207.25,173.125,102.79166666666669,10.2,25.0,72.0,82.75,3.25,6.00506,0.175,6.0,18.451851856666668,43.18333333333333,43.15,44.1,43.75,43.35,-12.55466667,0.1629629500000007,0.274,5.488,5.596666666666667,18.262345686666663,5.540888888888891,6.8517036,6.6901884,6.750023,6.943483,6.835896,0,2.0,1,0.5,-1.01,26.4,73.6
2022-12-08 13:00:00,53.430362650002,0.0,0.0,18.451851856666668,5.596666666666667,43.35,0,5.1764362714980825,70.66250196097344,13,3,12,-0.2588190451025208,-0.9659258262890684,0.4338837391175582,-0.900968867902419,-2.4492935982947064e-16,1.0,230.0,195.875,118.875,10.2,24.8,72.0,80.0,3.0,5.882027,0.2,6.2,18.2611111,43.8,43.18333333333333,43.15,44.1,43.0,-12.85518519,0.1351851866666678,-0.1653333333333337,5.7620000000000005,5.324666666666667,18.30740741555556,5.615555555555559,6.835896,6.8517036,6.6901884,6.750023,6.7044153,1,2.0,1,0.5,-0.98,25.2,74.8
2022-12-08 13:15:00,54.373380544444,0.0,0.0,18.2611111,5.324666666666667,43.0,0,5.1764362714980825,70.66250196097344,13,3,12,-0.2588190451025208,-0.9659258262890684,0.4338837391175582,-0.900968867902419,-2.4492935982947064e-16,1.0,230.5,213.0625,134.52083333333334,10.375,25.075,79.0,78.0,2.725,5.7820473,0.2,6.325,18.118518506666664,43.35,43.8,43.18333333333333,43.15,43.18333333333333,-12.936444433333332,-0.190740756666667,-0.2719999999999993,5.596666666666667,5.374,18.34320987555556,5.561111111111114,6.7044153,6.835896,6.8517036,6.6901884,6.6762156,0,2.0,0,0.5,-1.02,27.2,72.8
2022-12-08 13:30:00,480.489668611108,67.107037844444,67.11675972222,18.118518506666664,5.374,43.18333333333333,1,5.1764362714980825,70.66250196097344,13,3,12,-0.2588190451025208,-0.9659258262890684,0.4338837391175582,-0.900968867902419,-2.4492935982947064e-16,1.0,231.0,224.6875,149.72916666666666,10.55,25.35,86.0,76.0,2.45,5.679982,0.2,6.45,18.28888887,43.0,43.35,43.8,43.18333333333333,43.4,-12.744518506666664,-0.1425925933333367,0.0493333333333323,5.324666666666667,5.492666666666667,18.277160487777778,5.431777777777781,6.6762156,6.7044153,6.835896,6.8517036,6.7779493,0,2.0,1,0.5,-1.06,28.6,71.4
2022-12-08 13:45:00,111.76886248333,75.210324783334,75.22060222222,18.28888887,5.492666666666667,43.4,2,5.1764362714980825,70.66250196097344,13,3,12,-0.2588190451025208,-0.9659258262890684,0.4338837391175582,-0.900968867902419,-2.4492935982947064e-16,1.0,231.5,230.75,164.5,10.725,25.625,93.0,74.0,2.175,5.575809,0.2,6.575,18.479629656666667,43.18333333333333,43.0,43.35,43.8,42.56666666666667,-12.796222203333334,0.1703703633333368,0.1186666666666669,5.374,5.082,18.222839492222224,5.397111111111113,6.7779493,6.6762156,6.7044153,6.835896,6.723432,0,2.0,1,0.5,-1.02,26.8,73.2
2022-12-08 14:00:00,42.258865061114,0.0,0.0,18.479629656666667,5.082,42.56666666666667,0,5.1764362714980825,70.66250196097344,14,3,12,-0.4999999999999997,-0.8660254037844388,0.4338837391175582,-0.900968867902419,-2.4492935982947064e-16,1.0,232.0,231.25,178.83333333333334,10.9,25.9,100.0,72.0,1.9,5.469502,0.2,6.7,18.29444446,43.4,43.18333333333333,43.0,43.35,42.15,-13.397629656666666,0.1907407866666659,-0.4106666666666667,5.492666666666667,4.405333333333333,18.295679011111112,5.316222222222224,6.723432,6.7779493,6.6762156,6.7044153,6.5849037,1,2.0,1,0.5,-0.98,25.1,74.9
2022-12-08 14:15:00,42.825787016662,0.0,0.0,18.29444446,4.405333333333333,42.15,0,5.1764362714980825,70.66250196097344,14,3,12,-0.4999999999999997,-0.8660254037844388,0.4338837391175582,-0.900968867902419,-2.4492935982947064e-16,1.0,195.0,222.375,188.4375,10.875,25.9,100.0,71.25,1.65,5.3686,0.175,6.575,18.16296295,42.56666666666667,43.4,43.18333333333333,43.0,42.0,-13.889111126666668,-0.1851851966666657,-0.6766666666666667,5.082,4.507333333333333,18.35432099555556,4.993333333333335,6.5849037,6.723432,6.7779493,6.6762156,6.5104413,0,2.0,0,0.5,-1.02,27.0,73.0
2022-12-08 14:30:00,160.816344872222,112.395781772222,112.4080035,18.16296295,4.507333333333333,42.0,2,5.1764362714980825,70.66250196097344,14,3,12,-0.4999999999999997,-0.8660254037844388,0.4338837391175582,-0.900968867902419,-2.4492935982947064e-16,1.0,158.0,204.125,193.3125,10.85,25.9,100.0,70.5,1.4,5.2689314,0.15,6.45,18.37222219,42.15,42.56666666666667,43.4,43.18333333333333,41.65,-13.655629616666667,-0.1314815100000004,0.1020000000000003,4.405333333333333,4.887333333333333,18.31234568888889,4.664888888888891,6.5104413,6.5849037,6.723432,6.7779493,6.5368853,0,2.0,1,0.5,-1.05,28.4,71.6
2022-12-08 14:45:00,72.085171944448,20.602786955556,20.60639796111,18.37222219,4.887333333333333,41.65,1,5.1764362714980825,70.66250196097344,14,3,12,-0.4999999999999997,-0.8660254037844388,0.4338837391175582,-0.900968867902419,-2.4492935982947064e-16,1.0,121.0,176.5,193.45833333333331,10.825,25.9,100.0,69.75,1.15,5.1704845,0.125,6.325,18.35185186333333,42.0,42.15,42.56666666666667,43.4,41.5,-13.484888856666664,0.2092592399999979,0.3799999999999999,4.507333333333333,4.972666666666667,18.276543200000003,4.600000000000002,6.5368853,6.5104413,6.5849037,6.723432,6.5054765,0,2.0,1,0.5,-1.01,26.3,73.7
2022-12-08 15:00:00,35.357474627774,0.0,0.0,18.35185186333333,4.972666666666667,41.5,0,5.1764362714980825,70.66250196097344,15,3,12,-0.7071067811865471,-0.7071067811865479,0.4338837391175582,-0.900968867902419,-2.4492935982947064e-16,1.0,84.0,139.5,188.875,10.8,25.9,100.0,69.0,0.9,5.0732484,0.1,6.2,18.20000003,41.65,42.0,42.15,42.56666666666667,41.5,-13.379185196666665,-0.0203703266666686,0.0853333333333337,4.887333333333333,4.846666666666667,18.29567900111111,4.789111111111114,6.5054765,6.5368853,6.5104413,6.5849037,6.4471035,1,2.0,1,0.5,-1.01,26.6,73.4
2022-12-08 15:15:00,91.81854936111,59.928991627778,59.937046888888,18.20000003,4.846666666666667,41.5,1,5.1764362714980825,70.66250196097344,15,3,12,-0.7071067811865471,-0.7071067811865479,0.4338837391175582,-0.900968867902419,-2.4492935982947064e-16,1.0,87.75,112.6875,182.70833333333331,10.825,26.075,100.0,69.0,0.825,5.0566754,0.1,6.15,18.28888891,41.5,41.65,42.0,42.15,41.31666666666667,-13.353333363333334,-0.1518518333333283,-0.1260000000000003,4.972666666666667,4.66,18.308024694444445,4.902222222222225,6.4471035,6.5054765,6.5368853,6.5104413,6.452586,0,1.0,1,0.75,-1.05,28.1,71.9
2022-12-08 15:30:00,138.179472833324,96.628079172222,96.640023194442,18.28888891,4.66,41.31666666666667,2,5.1764362714980825,70.66250196097344,15,3,12,-0.7071067811865471,-0.7071067811865479,0.4338837391175582,-0.900968867902419,-2.4492935982947064e-16,1.0,91.5,96.0625,174.95833333333334,10.85,26.25,100.0,69.0,0.75,5.0401487,0.1,6.1,18.48333333,41.5,41.5,41.65,42.0,40.3,-13.62888891,0.0888888799999989,-0.1866666666666665,4.846666666666667,4.711333333333333,18.280246934444445,4.826444444444447,6.452586,6.4471035,6.5054765,6.5368853,6.3668056,0,1.0,1,0.75,-1.03,27.2,72.8
2022-12-08 15:45:00,51.1662866,0.0,0.0,18.48333333,4.711333333333333,40.3,0,5.1764362714980825,70.66250196097344,15,3,12,-0.7071067811865471,-0.7071067811865479,0.4338837391175582,-0.900968867902419,-2.4492935982947064e-16,1.0,95.25,89.625,165.625,10.875,26.425,100.0,69.0,0.675,5.0236716,0.1,6.05,18.283333326666664,41.31666666666667,41.5,41.5,41.65,40.18333333333333,-13.771999996666668,0.1944444199999999,0.051333333333333,4.66,4.782666666666668,18.32407409,4.739333333333335,6.3668056,6.452586,6.4471035,6.5054765,6.2735205,1,2.0,1,0.5,-0.99,25.5,74.5
2022-12-08 16:00:00,49.555517516674,0.0,0.0,18.283333326666664,4.782666666666668,40.18333333333333,0,5.1764362714980825,70.66250196097344,16,3,12,-0.8660254037844385,-0.5000000000000004,0.4338837391175582,-0.900968867902419,-2.4492935982947064e-16,1.0,99.0,93.375,154.70833333333334,10.9,26.6,100.0,69.0,0.6,5.0072403,0.1,6.0,18.13888889,40.3,41.31666666666667,41.5,41.5,40.5,-13.500666659999997,-0.2000000033333364,0.0713333333333343,4.711333333333333,4.709999999999999,18.351851855555555,4.718000000000003,6.2735205,6.3668056,6.452586,6.4471035,6.268953,0,2.0,0,0.5,-1.03,27.5,72.5
2022-12-08 16:15:00,127.373238333328,89.378646944444,89.389202088888,18.13888889,4.709999999999999,40.5,2,5.1764362714980825,70.66250196097344,16,3,12,-0.8660254037844385,-0.5000000000000004,0.4338837391175582,-0.900968867902419,-2.4492935982947064e-16,1.0,82.5,92.0625,142.375,10.475,26.525,100.0,69.5,0.6,4.994156,0.075,5.85,18.316666653333336,40.18333333333333,40.3,41.31666666666667,41.5,40.31666666666667,-13.428888889999998,-0.1444444366666673,-0.0726666666666684,4.782666666666668,4.641333333333334,18.301851848888887,4.734666666666669,6.268953,6.2735205,6.3668056,6.452586,6.3068,0,2.0,1,0.5,-1.07,28.9,71.1
2022-12-08 16:30:00,98.902155038882,61.686421327778,61.693643305554,18.316666653333336,4.641333333333334,40.31666666666667,1,5.1764362714980825,70.66250196097344,16,3,12,-0.8660254037844385,-0.5000000000000004,0.4338837391175582,-0.900968867902419,-2.4492935982947064e-16,1.0,66.0,85.6875,128.625,10.05,26.450000000000003,100.0,70.0,0.6,4.9807887,0.05,5.7,18.40555556,40.5,40.18333333333333,40.3,41.31666666666667,40.0,-13.675333320000002,0.1777777633333386,-0.0686666666666653,4.709999999999999,4.6,18.24629629,4.711333333333336,6.3068,6.268953,6.2735205,6.3668056,6.290343,0,2.0,1,0.5,-1.02,27.2,72.8
2022-12-08 16:45:00,35.386640194438,0.0,0.0,18.40555556,4.6,40.0,0,5.1764362714980825,70.66250196097344,16,3,12,-0.8660254037844385,-0.5000000000000004,0.4338837391175582,-0.900968867902419,-2.4492935982947064e-16,1.0,49.5,74.25,113.45833333333331,9.625,26.375,100.0,70.5,0.6,4.9671435,0.0249999999999999,5.550000000000001,18.21296296333333,40.31666666666667,40.5,40.18333333333333,40.3,40.0,-13.80555556,0.0888889066666642,-0.0413333333333341,4.641333333333334,4.59,18.287037034444445,4.650444444444447,6.290343,6.3068,6.268953,6.2735205,6.2188625,1,2.0,1,0.5,-1.01,26.4,73.6
2022-12-08 17:00:00,103.98111833889,62.342228427778,62.349450372222,18.21296296333333,4.59,40.0,1,5.1764362714980825,70.66250196097344,17,3,12,-0.9659258262890684,-0.2588190451025206,0.4338837391175582,-0.900968867902419,-2.4492935982947064e-16,1.0,33.0,57.75,96.875,9.2,26.3,100.0,71.0,0.6,4.9532247,0.0,5.4,18.29999999,40.0,40.31666666666667,40.5,40.18333333333333,40.3,-13.622962963333332,-0.1925925966666675,-0.0099999999999997,4.6,4.566666666666666,18.311728392222225,4.610444444444447,6.2188625,6.290343,6.3068,6.268953,6.2979617,0,1.0,1,0.75,-1.05,28.3,71.7
2022-12-08 17:15:00,143.46759431667,86.4323759,86.441264427778,18.29999999,4.566666666666666,40.3,2,5.1764362714980825,70.66250196097344,17,3,12,-0.9659258262890684,-0.2588190451025206,0.4338837391175582,-0.900968867902419,-2.4492935982947064e-16,1.0,25.5,43.5,82.75,9.375,24.775,98.5,71.75,0.575,4.9481435,0.0,5.2250000000000005,18.44814815,40.0,40.0,40.31666666666667,40.5,39.85,-13.733333323333332,0.0870370266666675,-0.0233333333333334,4.59,4.539333333333333,18.30617283777778,4.585555555555558,6.2979617,6.2188625,6.290343,6.3068,6.2825985,0,1.0,1,0.75,-1.03,27.4,72.6
2022-12-08 17:30:00,39.937291311112,0.0,0.0,18.44814815,4.539333333333333,39.85,0,5.1764362714980825,70.66250196097344,17,3,12,-0.9659258262890684,-0.2588190451025206,0.4338837391175582,-0.900968867902419,-2.4492935982947064e-16,1.0,18.0,31.5,71.08333333333333,9.55,23.25,97.0,72.5,0.55,4.942446,0.0,5.050000000000001,18.2611111,40.3,40.0,40.0,40.31666666666667,39.55,-13.908814816666668,0.1481481600000016,-0.0273333333333329,4.566666666666666,4.472666666666667,18.32037036777778,4.565333333333335,6.2825985,6.2979617,6.2188625,6.290343,6.1665025,1,2.0,1,0.5,-1.0,26.0,74.0
2022-12-08 17:45:00,62.552497866664,31.000704372222,31.005426449998,18.2611111,4.472666666666667,39.55,1,5.1764362714980825,70.66250196097344,17,3,12,-0.9659258262890684,-0.2588190451025206,0.4338837391175582,-0.900968867902419,-2.4492935982947064e-16,1.0,10.5,21.75,61.875,9.725,21.725,95.5,73.25,0.525,4.936143,0.0,4.875,18.17962963,39.85,40.3,40.0,40.0,39.96666666666667,-13.788444433333334,-0.1870370500000007,-0.0666666666666664,4.539333333333333,4.331333333333333,18.336419746666667,4.526222222222224,6.1665025,6.2825985,6.2979617,6.2188625,6.2013903,0,1.0,1,0.75,-1.04,27.9,72.1
2022-12-08 18:00:00,507.885794972218,122.612317544444,122.62565036111,18.17962963,4.331333333333333,39.96666666666667,2,5.1764362714980825,70.66250196097344,18,3,12,-1.0,-1.8369701987210294e-16,0.4338837391175582,-0.900968867902419,-2.4492935982947064e-16,1.0,3.0,14.25,55.125,9.9,20.2,94.0,74.0,0.5,4.9292493,0.0,4.7,18.41666667,39.55,39.85,40.3,40.0,39.3,-13.848296296666668,-0.0814814699999999,-0.1413333333333337,4.472666666666667,4.278666666666667,18.296296293333334,4.44777777777778,6.2013903,6.1665025,6.2825985,6.2979617,6.1843343,0,1.0,1,0.75,-1.06,28.6,71.4
2022-12-08 18:15:00,46.963121599992,0.0,0.0,18.41666667,4.278666666666667,39.3,0,5.1764362714980825,70.66250196097344,18,3,12,-1.0,-1.8369701987210294e-16,0.4338837391175582,-0.900968867902419,-2.4492935982947064e-16,1.0,2.25,8.4375,48.0,9.925,20.375,82.5,75.25,0.55,4.946486,0.0,4.5,18.283333326666664,39.96666666666667,39.55,39.85,40.3,39.0,-14.138000003333332,0.237037039999997,-0.0526666666666661,4.331333333333333,4.216666666666667,18.285802466666667,4.360888888888892,6.1843343,6.2013903,6.1665025,6.2825985,6.0887747,1,2.0,1,0.5,-1.01,26.4,73.6
2022-12-08 18:30:00,94.15012284444,22.704647377776,22.715480294442,18.283333326666664,4.216666666666667,39.0,1,5.1764362714980825,70.66250196097344,18,3,12,-1.0,-1.8369701987210294e-16,0.4338837391175582,-0.900968867902419,-2.4492935982947064e-16,1.0,1.5,4.3125,40.5,9.95,20.55,71.0,76.5,0.6,4.9623036,0.0,4.3,18.23333333,39.3,39.96666666666667,39.55,39.85,39.35,-14.066666659999996,-0.1333333433333337,-0.0620000000000002,4.278666666666667,4.17,18.29320987555556,4.275555555555558,6.0887747,6.1843343,6.2013903,6.1665025,6.1252103,0,1.0,1,0.75,-1.04,27.8,72.2
2022-12-08 18:45:00,183.990417938886,124.286139488888,124.303083277776,18.23333333,4.17,39.35,2,5.1764362714980825,70.66250196097344,18,3,12,-1.0,-1.8369701987210294e-16,0.4338837391175582,-0.900968867902419,-2.4492935982947064e-16,1.0,0.75,1.875,32.625,9.975,20.725,59.5,77.75,0.6499999999999999,4.9767323,0.0,4.1,18.48148148,39.0,39.3,39.96666666666667,39.55,39.31666666666667,-14.06333333,-0.0499999966666635,-0.0466666666666668,4.216666666666667,4.1433333333333335,18.31111110888889,4.22177777777778,6.1252103,6.0887747,6.1843343,6.2013903,6.210773,0,1.0,1,0.75,-1.05,28.2,71.8
2022-12-08 19:00:00,43.85435692222,0.0,0.0,18.48148148,4.1433333333333335,39.31666666666667,0,5.1764362714980825,70.66250196097344,19,3,12,-0.9659258262890684,0.2588190451025203,0.4338837391175582,-0.900968867902419,-2.4492935982947064e-16,1.0,0.0,1.125,24.375,10.0,20.9,48.0,79.0,0.7,4.989804,0.0,3.9,18.3722222,39.35,39.0,39.3,39.96666666666667,39.0,-14.338148146666663,0.2481481499999986,-0.0266666666666663,4.17,4.056,18.33271604555556,4.176666666666669,6.210773,6.1252103,6.0887747,6.1843343,6.1209726,1,2.0,1,0.5,-0.99,25.8,74.2
2022-12-08 19:15:00,78.43408476111,41.721942172222,41.72805306111,18.3722222,4.056,39.0,1,5.1764362714980825,70.66250196097344,19,3,12,-0.9659258262890684,0.2588190451025203,0.4338837391175582,-0.900968867902419,-2.4492935982947064e-16,1.0,0.0,0.5625,17.5,9.5,20.8,52.0,82.75,0.85,5.071857,0.0,3.45,18.331481466666663,39.31666666666667,39.35,39.0,39.3,39.0,-14.3162222,-0.1092592799999998,-0.0873333333333334,4.1433333333333335,4.012,18.36234567,4.123111111111114,6.1209726,6.210773,6.1252103,6.0887747,6.1061964,0,1.0,1,0.75,-1.02,26.9,73.1
2022-12-08 19:30:00,115.563988455552,74.052315588888,74.061759677776,18.331481466666663,4.012,39.0,2,5.1764362714980825,70.66250196097344,19,3,12,-0.9659258262890684,0.2588190451025203,0.4338837391175582,-0.900968867902419,-2.4492935982947064e-16,1.0,0.0,0.1875,12.0,9.0,20.7,56.0,86.5,1.0,5.144091,0.0,3.0,18.48333333,39.0,39.31666666666667,39.35,39.0,38.65,-14.319481466666666,-0.0407407333333331,-0.0440000000000004,4.056,3.927333333333333,18.39506171555556,4.070444444444447,6.1061964,6.1209726,6.210773,6.1252103,6.1061306,0,1.0,1,0.75,-1.03,27.3,72.7
2022-12-08 19:45:00,56.841892866668,0.0,0.0,18.48333333,3.927333333333333,38.65,0,5.1764362714980825,70.66250196097344,19,3,12,-0.9659258262890684,0.2588190451025203,0.4338837391175582,-0.900968867902419,-2.4492935982947064e-16,1.0,0.0,0.0,7.875,8.5,20.6,60.0,90.25,1.15,5.206956,0.0,2.55,18.303703676666665,39.0,39.0,39.31666666666667,39.35,38.68333333333333,-14.555999996666667,0.1518518633333343,-0.0846666666666666,4.012,3.8286666666666656,18.39567899888889,3.9984444444444462,6.1061306,6.1061964,6.1209726,6.210773,6.046642,1,2.0,1,0.5,-0.99,25.9,74.1
2022-12-08 20:00:00,106.52740531667,54.95307953889,54.958357094446,18.303703676666665,3.8286666666666656,38.68333333333333,1,5.1764362714980825,70.66250196097344,20,3,12,-0.8660254037844386,0.5000000000000001,0.4338837391175582,-0.900968867902419,-2.4492935982947064e-16,1.0,0.0,0.0,5.125,8.0,20.5,64.0,94.0,1.3,5.260889,0.0,2.1,18.355555560000003,38.65,39.0,39.0,39.31666666666667,38.95,-14.475037009999998,-0.1796296533333361,-0.0986666666666664,3.927333333333333,3.7113333333333336,18.37283949111111,3.922666666666669,6.046642,6.1061306,6.1061964,6.1209726,6.1070843,0,1.0,1,0.75,-1.04,27.7,72.3
2022-12-08 20:15:00,112.0813499,69.410834555556,69.41861206111,18.355555560000003,3.7113333333333336,38.95,1,5.1764362714980825,70.66250196097344,20,3,12,-0.8660254037844386,0.5000000000000001,0.4338837391175582,-0.900968867902419,-2.4492935982947064e-16,1.0,0.0,0.0,3.0,8.025,19.15,73.0,94.5,1.35,5.2799277,0.0,2.075,18.483333363333333,38.68333333333333,38.65,39.0,39.0,38.53333333333333,-14.644222226666669,0.0518518833333381,-0.1173333333333328,3.8286666666666656,3.6233333333333335,18.38086418888889,3.8224444444444474,6.1070843,6.046642,6.1061306,6.1061964,6.087699,0,1.0,0,0.75,-1.02,27.1,72.9
2022-12-08 20:30:00,52.05208458333,0.0,0.0,18.483333363333333,3.6233333333333335,38.53333333333333,0,5.1764362714980825,70.66250196097344,20,3,12,-0.8660254037844386,0.5000000000000001,0.4338837391175582,-0.900968867902419,-2.4492935982947064e-16,1.0,0.0,0.0,1.5,8.05,17.8,82.0,95.0,1.4,5.2988853,0.0,2.05,18.28333332,38.95,38.68333333333333,38.65,39.0,38.85,-14.86000003,0.1277778033333305,-0.088,3.7113333333333336,3.583333333333333,18.3808642,3.7211111111111137,6.087699,6.1070843,6.046642,6.1061306,6.0653563,1,2.0,1,0.5,-1.0,25.9,74.1
2022-12-08 20:45:00,122.370105049998,86.513206,86.523483388888,18.28333332,3.583333333333333,38.85,2,5.1764362714980825,70.66250196097344,20,3,12,-0.8660254037844386,0.5000000000000001,0.4338837391175582,-0.900968867902419,-2.4492935982947064e-16,1.0,0.0,0.0,0.625,8.075,16.45,91.0,95.5,1.45,5.317762,0.0,2.025,18.42777775333333,38.53333333333333,38.95,38.68333333333333,38.65,38.81666666666667,-14.699999986666668,-0.2000000433333326,-0.04,3.6233333333333335,3.516,18.374074081111115,3.639333333333336,6.0653563,6.087699,6.1070843,6.046642,6.1123023,0,1.0,1,0.75,-1.04,27.8,72.2
2022-12-08 21:00:00,85.123817211108,49.200254144444,49.206920594442,18.42777775333333,3.516,38.81666666666667,1,5.1764362714980825,70.66250196097344,21,3,12,-0.7071067811865477,0.7071067811865474,0.4338837391175582,-0.900968867902419,-2.4492935982947064e-16,1.0,0.0,0.0,0.375,8.1,15.1,100.0,96.0,1.5,5.3365574,0.0,2.0,18.51111111,38.85,38.53333333333333,38.95,38.68333333333333,38.5,-14.91177775333333,0.1444444333333301,-0.0673333333333334,3.583333333333333,3.496,18.39814814555556,3.574222222222225,6.1123023,6.0653563,6.087699,6.1070843,6.092453,0,1.0,1,0.75,-1.01,26.4,73.6
2022-12-08 21:15:00,65.546822472222,0.0,0.0,18.51111111,3.496,38.5,0,5.1764362714980825,70.66250196097344,21,3,12,-0.7071067811865477,0.7071067811865474,0.4338837391175582,-0.900968867902419,-2.4492935982947064e-16,1.0,0.0,0.0,0.1875,7.975,15.375,99.75,95.75,1.525,5.3407183,0.0,2.05,18.292592613333333,38.81666666666667,38.85,38.53333333333333,38.95,38.68333333333333,-15.01511111,0.0833333566666709,-0.02,3.516,3.4679999999999995,18.407407394444448,3.53177777777778,6.092453,6.1123023,6.0653563,6.087699,6.0426564,1,2.0,1,0.5,-0.99,25.7,74.3
2022-12-08 21:30:00,145.925273822224,94.1604001,94.170121927778,18.292592613333333,3.4679999999999995,38.68333333333333,2,5.1764362714980825,70.66250196097344,21,3,12,-0.7071067811865477,0.7071067811865474,0.4338837391175582,-0.900968867902419,-2.4492935982947064e-16,1.0,0.0,0.0,0.0625,7.85,15.65,99.5,95.5,1.55,5.344839,0.0,2.1,18.477777810000003,38.5,38.81666666666667,38.85,38.53333333333333,38.6,-14.824592613333332,-0.2185184966666682,-0.0280000000000004,3.496,3.4393333333333334,18.41049382555556,3.4933333333333354,6.0426564,6.092453,6.1123023,6.0653563,6.0962234,0,1.0,1,0.75,-1.04,27.8,72.2
2022-12-08 21:45:00,82.16587986666799,44.122957211112,44.12879036111,18.477777810000003,3.4393333333333334,38.6,1,5.1764362714980825,70.66250196097344,21,3,12,-0.7071067811865477,0.7071067811865474,0.4338837391175582,-0.900968867902419,-2.4492935982947064e-16,1.0,0.0,0.0,0.0,7.725,15.925,99.25,95.25,1.5750000000000002,5.348919,0.0,2.1500000000000004,18.525925926666662,38.68333333333333,38.5,38.81666666666667,38.85,38.03333333333333,-15.038444476666667,0.1851851966666693,-0.0286666666666661,3.4679999999999995,3.358,18.427160511111115,3.46777777777778,6.0962234,6.0426564,6.092453,6.1123023,6.0238886,0,1.0,1,0.75,-1.0,26.0,74.0
2022-12-08 22:00:00,54.141723294438,0.0,0.0,18.525925926666662,3.358,38.03333333333333,0,5.1764362714980825,70.66250196097344,22,3,12,-0.5000000000000004,0.8660254037844384,0.4338837391175582,-0.900968867902419,-2.4492935982947064e-16,1.0,0.0,0.0,0.0,7.6,16.2,99.0,95.0,1.6,5.352956,0.0,2.2,18.28888888,38.6,38.68333333333333,38.5,38.81666666666667,38.45,-15.167925926666666,0.0481481166666633,-0.0813333333333332,3.4393333333333334,3.3,18.43209878333333,3.42177777777778,6.0238886,6.0962234,6.0426564,6.092453,6.004888,1,2.0,1,0.5,-0.99,25.6,74.4
2022-12-08 22:15:00,146.881902222224,100.381262322224,100.390150866668,18.28888888,3.3,38.45,2,5.1764362714980825,70.66250196097344,22,3,12,-0.5000000000000004,0.8660254037844384,0.4338837391175582,-0.900968867902419,-2.4492935982947064e-16,1.0,0.0,0.0,0.0,7.3,15.75,95.0,95.0,1.5750000000000002,5.352956,0.0,2.2,18.45925926,38.03333333333333,38.6,38.68333333333333,38.5,39.25,-14.988888879999998,-0.2370370466666678,-0.0580000000000002,3.358,3.2386666666666666,18.430864205555554,3.36577777777778,6.004888,6.0238886,6.0962234,6.0426564,6.192081,0,1.0,1,0.75,-1.04,27.9,72.1
2022-12-08 22:30:00,106.088256333332,57.718246744444,57.725746511108,18.45925926,3.2386666666666666,39.25,1,5.1764362714980825,70.66250196097344,22,3,12,-0.5000000000000004,0.8660254037844384,0.4338837391175582,-0.900968867902419,-2.4492935982947064e-16,1.0,0.0,0.0,0.0,7.0,15.3,91.0,95.0,1.55,5.352956,0.0,2.2,18.51111111,38.45,38.03333333333333,38.6,38.68333333333333,39.0,-15.220592593333333,0.1703703800000013,-0.0613333333333332,3.3,2.984,18.42469135555556,3.298888888888891,6.192081,6.004888,6.0238886,6.0962234,6.1715755,0,1.0,1,0.75,-1.0,26.0,74.0
2022-12-08 22:45:00,61.068668388884,0.0,0.0,18.51111111,2.984,39.0,0,5.1764362714980825,70.66250196097344,22,3,12,-0.5000000000000004,0.8660254037844384,0.4338837391175582,-0.900968867902419,-2.4492935982947064e-16,1.0,0.0,0.0,0.0,6.7,14.85,87.0,95.0,1.525,5.352956,0.0,2.2,18.272222226666667,39.25,38.45,38.03333333333333,38.6,39.0,-15.527111110000002,0.051851850000002,-0.2546666666666666,3.2386666666666666,2.866,18.419753083333333,3.1742222222222245,6.1715755,6.192081,6.004888,6.0238886,6.0847616,1,2.0,1,0.5,-0.99,25.6,74.4
2022-12-08 23:00:00,158.575045644444,104.117224011112,104.127779155556,18.272222226666667,2.866,39.0,2,5.1764362714980825,70.66250196097344,23,3,12,-0.2588190451025215,0.965925826289068,0.4338837391175582,-0.900968867902419,-2.4492935982947064e-16,1.0,0.0,0.0,0.0,6.4,14.4,83.0,95.0,1.5,5.352956,0.0,2.2,18.50555554,39.0,39.25,38.45,38.03333333333333,38.95,-15.406222226666667,-0.2388888833333347,-0.1179999999999998,2.984,2.81,18.41419753222222,3.0295555555555578,6.0847616,6.1715755,6.192081,6.004888,6.161635,0,1.0,1,0.75,-1.04,27.9,72.1
2022-12-08 23:15:00,123.910598977776,83.150007183334,83.160006833332,18.50555554,2.81,38.95,2,5.1764362714980825,70.66250196097344,23,3,12,-0.2588190451025215,0.965925826289068,0.4338837391175582,-0.900968867902419,-2.4492935982947064e-16,1.0,0.0,0.0,0.0,5.8500000000000005,13.775,83.25,95.25,1.45,5.3398757,0.0,2.125,18.63333332,39.0,39.0,39.25,38.45,38.35,-15.69555554,0.2333333133333326,-0.056,2.866,2.664,18.42962962555556,2.886666666666669,6.161635,6.0847616,6.1715755,6.192081,6.1127996,0,1.0,0,0.75,-0.99,25.6,74.4
2022-12-08 23:30:00,365.882308638886,0.0,0.0,18.63333332,2.664,38.35,0,5.1764362714980825,70.66250196097344,23,3,12,-0.2588190451025215,0.965925826289068,0.4338837391175582,-0.900968867902419,-2.4492935982947064e-16,1.0,0.0,0.0,0.0,5.300000000000001,13.15,83.5,95.5,1.4,5.326774,0.0,2.05,18.35555557,38.95,39.0,39.0,39.25,38.05,-15.969333320000002,0.1277777800000024,-0.1459999999999999,2.81,2.54,18.470370362222223,2.7800000000000025,6.1127996,6.161635,6.0847616,6.1715755,5.9659705,1,2.0,1,0.5,-0.96,24.5,75.5
2022-12-08 23:45:00,139.17526616666402,88.800892255556,88.810891872222,18.35555557,2.54,38.05,2,5.1764362714980825,70.66250196097344,23,3,12,-0.2588190451025215,0.965925826289068,0.4338837391175582,-0.900968867902419,-2.4492935982947064e-16,1.0,0.0,0.0,0.0,4.75,12.525,83.75,95.75,1.35,5.3136506,0.0,1.975,18.469047622142856,38.35,38.95,39.0,39.0,38.46785714285714,-15.81555557,-0.277777750000002,-0.1240000000000001,2.664,2.5042857142857144,18.49814814333333,2.671333333333336,5.9659705,6.1127996,6.161635,6.0847616,6.072212,0,1.0,1,0.75,-1.03,27.3,72.7
2022-12-09 00:00:00,117.564186127778,64.15660030000001,64.163266733332,18.469047622142856,2.5042857142857144,38.46785714285714,1,5.1764362714980825,70.66250196097344,0,4,12,0.0,1.0,-0.433883739117558,-0.9009688679024191,-2.4492935982947064e-16,1.0,0.0,0.0,0.0,4.2,11.9,84.0,96.0,1.3,5.300507,0.0,1.9,18.55000002,38.05,38.35,38.95,39.0,38.15,-15.964761907857142,0.1134920521428561,-0.0357142857142855,2.54,2.368666666666667,18.48597883738095,2.569428571428574,6.072212,5.9659705,6.1127996,6.161635,6.0509906,0,1.0,1,0.75,-1.0,26.1,73.9
2022-12-09 00:15:00,55.5361118,0.0,0.0,18.55000002,2.368666666666667,38.15,0,5.1764362714980825,70.66250196097344,0,4,12,0.0,1.0,-0.433883739117558,-0.9009688679024191,-2.4492935982947064e-16,1.0,0.0,0.0,0.0,4.5,11.175,88.0,95.75,1.25,5.286703,0.0,1.9,18.32777777,38.46785714285714,38.05,38.35,38.95,38.0,-16.181333353333336,0.0809523978571462,-0.1356190476190475,2.5042857142857144,2.1853333333333333,18.458201070714285,2.470984126984129,6.0509906,6.072212,5.9659705,6.1127996,5.94832,1,2.0,1,0.5,-0.98,25.4,74.6
2022-12-09 00:30:00,146.766351294446,97.462212472222,97.470545472222,18.32777777,2.1853333333333333,38.0,2,5.1764362714980825,70.66250196097344,0,4,12,0.0,1.0,-0.433883739117558,-0.9009688679024191,-2.4492935982947064e-16,1.0,0.0,0.0,0.0,4.800000000000001,10.45,92.0,95.5,1.2000000000000002,5.2729,0.0,1.9,18.48333337,38.15,38.46785714285714,38.05,38.35,38.25,-16.14244443666667,-0.2222222500000015,-0.1833333333333335,2.368666666666667,2.167333333333333,18.44894180404762,2.3527619047619077,5.94832,6.0509906,6.072212,5.9659705,6.042936,0,1.0,1,0.75,-1.03,27.6,72.4
2022-12-09 00:45:00,123.998928661114,75.826689044444,75.833910988888,18.48333337,2.167333333333333,38.25,2,5.1764362714980825,70.66250196097344,0,4,12,0.0,1.0,-0.433883739117558,-0.9009688679024191,-2.4492935982947064e-16,1.0,0.0,0.0,0.0,5.1000000000000005,9.725,96.0,95.25,1.15,5.2590966,0.0,1.9,18.57008547076923,38.0,38.15,38.46785714285714,38.05,37.52307692307692,-16.31600003666667,0.1555555999999995,-0.0180000000000002,2.1853333333333333,2.1369230769230767,18.453703720000004,2.2404444444444467,6.042936,5.94832,6.0509906,6.072212,5.958637,0,1.0,0,0.75,-1.0,26.0,74.0
2022-12-09 01:00:00,41.209740494442,0.0,0.0,18.57008547076923,2.1369230769230767,37.52307692307692,0,5.1764362714980825,70.66250196097344,1,4,12,0.2588190451025207,0.9659258262890684,-0.433883739117558,-0.9009688679024191,-2.4492935982947064e-16,1.0,0.0,0.0,0.0,5.4,9.0,100.0,95.0,1.1,5.2452936,0.0,1.9,18.33333333,38.25,38.0,38.15,38.46785714285714,37.5,-16.433162393846153,0.0867521007692282,-0.0304102564102564,2.167333333333333,2.09,18.46039887025641,2.1631965811965834,5.958637,6.042936,5.94832,6.0509906,5.8719883,1,2.0,1,0.5,-0.98,25.3,74.7
2022-12-09 01:15:00,151.993086716666,92.51824353889,92.527409905554,18.33333333,2.09,37.5,2,5.1764362714980825,70.66250196097344,1,4,12,0.2588190451025207,0.9659258262890684,-0.433883739117558,-0.9009688679024191,-2.4492935982947064e-16,1.0,0.0,0.0,0.0,5.7,10.35,100.0,93.5,0.875,5.153727,0.0,1.875,18.43148146,37.52307692307692,38.25,38.0,38.15,37.31666666666667,-16.243333330000002,-0.2367521407692265,-0.0469230769230768,2.1369230769230767,1.8606666666666667,18.462250723589747,2.1314188034188057,5.8719883,5.958637,6.042936,5.94832,5.8773932,0,1.0,1,0.75,-1.04,27.6,72.4
2022-12-09 01:30:00,125.025276655552,65.92930713889,65.93847348888801,18.43148146,1.8606666666666667,37.31666666666667,1,5.1764362714980825,70.66250196097344,1,4,12,0.2588190451025207,0.9659258262890684,-0.433883739117558,-0.9009688679024191,-2.4492935982947064e-16,1.0,0.0,0.0,0.0,6.0,11.7,100.0,92.0,0.65,5.0624547,0.0,1.85,18.47777775,37.5,37.52307692307692,38.25,38.0,37.0,-16.570814793333334,0.0981481299999984,-0.2293333333333331,2.09,1.7546666666666666,18.444966753589743,2.0291965811965835,5.8773932,5.8719883,5.958637,6.042936,5.84353,0,1.0,1,0.75,-1.01,26.7,73.3
2022-12-09 01:45:00,44.183232699996,0.0,0.0,18.47777775,1.7546666666666666,37.0,0,5.1764362714980825,70.66250196097344,1,4,12,0.2588190451025207,0.9659258262890684,-0.433883739117558,-0.9009688679024191,-2.4492935982947064e-16,1.0,0.0,0.0,0.0,6.3,13.05,100.0,90.5,0.4249999999999999,4.971475,0.0,1.825,18.26851852,37.31666666666667,37.5,37.52307692307692,38.25,37.0,-16.723111083333333,0.0462962899999972,-0.1060000000000001,1.8606666666666667,1.7473333333333334,18.41419751333333,1.90177777777778,5.84353,5.8773932,5.8719883,5.958637,5.771453,1,2.0,1,0.5,-1.0,26.3,73.7
2022-12-09 02:00:00,136.0737235,97.882195672222,97.892473027778,18.26851852,1.7473333333333334,37.0,2,5.1764362714980825,70.66250196097344,2,4,12,0.4999999999999999,0.8660254037844387,-0.433883739117558,-0.9009688679024191,-2.4492935982947064e-16,1.0,0.0,0.0,0.0,6.6,14.4,100.0,89.0,0.2,4.8807874,0.0,1.8,18.42777777,37.0,37.31666666666667,37.5,37.52307692307692,36.6,-16.521185186666667,-0.2092592299999971,-0.0073333333333331,1.7546666666666666,1.645333333333333,18.39259257666667,1.787555555555558,5.771453,5.84353,5.8773932,5.8719883,5.7632527,0,1.0,1,0.75,-1.05,28.4,71.6
2022-12-09 02:15:00,129.516763588888,80.433171444444,80.44289333888601,18.42777777,1.645333333333333,36.6,2,5.1764362714980825,70.66250196097344,2,4,12,0.4999999999999999,0.8660254037844387,-0.433883739117558,-0.9009688679024191,-2.4492935982947064e-16,1.0,0.0,0.0,0.0,6.55,14.575,100.0,88.5,0.025,4.8287177,0.0,1.725,18.52222222,37.0,37.0,37.31666666666667,37.5,36.03333333333333,-16.782444436666665,0.159259249999998,-0.102,1.7473333333333334,1.395333333333333,18.39135801333333,1.71577777777778,5.7632527,5.771453,5.84353,5.8773932,5.7058687,0,1.0,0,0.75,-1.02,26.9,73.1
2022-12-09 02:30:00,51.769595833332,0.0,0.0,18.52222222,1.395333333333333,36.03333333333333,0,5.1764362714980825,70.66250196097344,2,4,12,0.4999999999999999,0.8660254037844387,-0.433883739117558,-0.9009688679024191,-2.4492935982947064e-16,1.0,0.0,0.0,0.0,6.5,14.75,100.0,88.0,-0.1499999999999999,4.777036,0.0,1.65,18.27777777,36.6,37.0,37.0,37.31666666666667,36.05,-17.126888886666666,0.094444450000001,-0.25,1.645333333333333,1.3986666666666667,18.40617283666667,1.5960000000000023,5.7058687,5.7632527,5.771453,5.84353,5.626359,1,2.0,1,0.5,-1.0,26.1,73.9
2022-12-09 02:45:00,148.007134944448,94.73065503889,94.739543566668,18.27777777,1.3986666666666667,36.05,2,5.1764362714980825,70.66250196097344,2,4,12,0.4999999999999999,0.8660254037844387,-0.433883739117558,-0.9009688679024191,-2.4492935982947064e-16,1.0,0.0,0.0,0.0,6.45,14.925,100.0,87.5,-0.3249999999999999,4.7257395,0.0,1.575,18.394949501818186,36.03333333333333,36.6,37.0,37.0,36.28181818181818,-16.879111103333333,-0.2444444499999996,0.0033333333333334,1.395333333333333,1.1881818181818182,18.40925925333333,1.4797777777777803,5.626359,5.7058687,5.7632527,5.771453,5.702039,0,1.0,1,0.75,-1.06,28.5,71.5
2022-12-09 03:00:00,100.19738077778,65.162948944444,65.17100422222,18.394949501818186,1.1881818181818182,36.28181818181818,1,5.1764362714980825,70.66250196097344,3,4,12,0.7071067811865476,0.7071067811865476,-0.433883739117558,-0.9009688679024191,-2.4492935982947064e-16,1.0,0.0,0.0,0.0,6.4,15.1,100.0,87.0,-0.5,4.6748266,0.0,1.5,18.52314814083333,36.05,36.03333333333333,36.6,37.0,35.67916666666667,-17.206767683636365,0.1171717318181819,-0.2104848484848485,1.3986666666666667,1.005,18.398316497272727,1.3273939393939418,5.702039,5.626359,5.7058687,5.7632527,5.6500955,0,1.0,1,0.75,-1.03,27.3,72.7
2022-12-09 03:15:00,37.620995149998,0.0,0.0,18.52314814083333,1.005,35.67916666666667,0,5.1764362714980825,70.66250196097344,3,4,12,0.7071067811865476,0.7071067811865476,-0.433883739117558,-0.9009688679024191,-2.4492935982947064e-16,1.0,0.0,0.0,0.0,6.300000000000001,15.1,91.5,87.0,-0.6,4.6431136,0.0,1.4,18.29682536928572,36.28181818181818,36.05,36.03333333333333,36.6,35.5,-17.518148140833333,0.1281986390151495,-0.1831818181818181,1.1881818181818182,0.7078571428571429,18.398625137550507,1.1972828282828307,5.6500955,5.702039,5.626359,5.7058687,5.5467873,1,2.0,1,0.5,-1.0,26.2,73.8
2022-12-09 03:30:00,127.694058716666,92.537964983334,92.548242388888,18.29682536928572,0.7078571428571429,35.5,2,5.1764362714980825,70.66250196097344,3,4,12,0.7071067811865476,0.7071067811865476,-0.433883739117558,-0.9009688679024191,-2.4492935982947064e-16,1.0,0.0,0.0,0.0,6.2,15.1,83.0,87.0,-0.7,4.6115894,0.0,1.3,18.39444441,35.67916666666667,36.28181818181818,36.05,36.03333333333333,35.45,-17.588968226428573,-0.2263227715476148,-0.2971428571428572,1.005,0.5013333333333334,18.40497433731241,0.9670129870129894,5.5467873,5.6500955,5.702039,5.626359,5.571143,0,1.0,1,0.75,-1.05,28.4,71.6
2022-12-09 03:45:00,135.741236750002,93.5870897,93.596256049998,18.39444441,0.5013333333333334,35.45,2,5.1764362714980825,70.66250196097344,3,4,12,0.7071067811865476,0.7071067811865476,-0.433883739117558,-0.9009688679024191,-2.4492935982947064e-16,1.0,0.0,0.0,0.0,6.1,15.1,74.5,87.0,-0.8,4.580253,0.0,1.2000000000000002,18.533730132142857,35.5,35.67916666666667,36.28181818181818,36.05,35.035714285714285,-17.893111076666663,0.0976190407142816,-0.2065238095238094,0.7078571428571429,0.3042857142857142,18.404805973373016,0.7380634920634944,5.571143,5.5467873,5.6500955,5.702039,5.551679,0,1.0,0,0.75,-1.03,27.5,72.5
2022-12-09 04:00:00,60.852288177772,0.0,0.0,18.533730132142857,0.3042857142857142,35.035714285714285,0,5.1764362714980825,70.66250196097344,4,4,12,0.8660254037844386,0.5000000000000001,-0.433883739117558,-0.9009688679024191,-2.4492935982947064e-16,1.0,0.0,0.0,0.0,6.0,15.1,66.0,87.0,-0.9,4.549103,0.0,1.1,18.29444442,35.45,35.5,35.67916666666667,36.28181818181818,35.05,-18.22944441785714,0.1392857221428585,-0.1970476190476191,0.5013333333333334,0.19,18.408333303809528,0.5044920634920659,5.551679,5.571143,5.5467873,5.6500955,5.4757023,1,2.0,1,0.5,-1.0,26.2,73.8
2022-12-09 04:15:00,137.157291272222,89.6280814,89.638914333332,18.29444442,0.19,35.05,2,5.1764362714980825,70.66250196097344,4,4,12,0.8660254037844386,0.5000000000000001,-0.433883739117558,-0.9009688679024191,-2.4492935982947064e-16,1.0,0.0,0.0,0.0,6.05,14.825,65.75,88.0,-0.95,4.5311866,0.0,0.875,18.396296303333333,35.035714285714285,35.45,35.5,35.67916666666667,35.28333333333333,-18.10444442,-0.2392857121428591,-0.1142857142857142,0.3042857142857142,0.1393333333333333,18.40753965404762,0.3318730158730182,5.4757023,5.551679,5.571143,5.5467873,5.5455594,0,1.0,1,0.75,-1.06,28.6,71.4
2022-12-09 04:30:00,140.446326472218,102.872829372222,102.883940111108,18.396296303333333,0.1393333333333333,35.28333333333333,2,5.1764362714980825,70.66250196097344,4,4,12,0.8660254037844386,0.5000000000000001,-0.433883739117558,-0.9009688679024191,-2.4492935982947064e-16,1.0,0.0,0.0,0.0,6.1,14.55,65.5,89.0,-1.0,4.5126247,0.0,0.65,18.55000002,35.05,35.035714285714285,35.45,35.5,34.7,-18.25696297,0.1018518833333352,-0.0506666666666666,0.19,0.0966666666666666,18.4081569518254,0.2112063492063516,5.5455594,5.4757023,5.551679,5.571143,5.503784,0,1.0,0,0.75,-1.03,27.5,72.5
2022-12-09 04:45:00,53.471472188888,0.0,0.0,18.55000002,0.0966666666666666,34.7,0,5.1764362714980825,70.66250196097344,4,4,12,0.8660254037844386,0.5000000000000001,-0.433883739117558,-0.9009688679024191,-2.4492935982947064e-16,1.0,0.0,0.0,0.0,6.15,14.275,65.25,90.0,-1.05,4.493441,0.0,0.4249999999999999,18.30740738333333,35.28333333333333,35.05,35.035714285714285,35.45,34.96666666666667,-18.45333335333333,0.1537037166666692,-0.0426666666666667,0.1393333333333333,0.024,18.413580247777777,0.1420000000000023,5.503784,5.5455594,5.4757023,5.551679,5.4668865,1,2.0,1,0.5,-1.0,26.1,73.9
2022-12-09 05:00:00,125.322209127778,86.789583827778,86.79708354444399,18.30740738333333,0.024,34.96666666666667,2,5.1764362714980825,70.66250196097344,5,4,12,0.9659258262890684,0.2588190451025207,-0.433883739117558,-0.9009688679024191,-2.4492935982947064e-16,1.0,0.0,0.0,0.0,6.2,14.0,65.0,91.0,-1.1,4.4736543,0.0,0.2,18.35,34.7,35.28333333333333,35.05,35.035714285714285,34.95,-18.283407383333333,-0.2425926366666679,-0.0726666666666666,0.0966666666666666,-0.1133333333333333,18.41790123555556,0.086666666666669,5.4668865,5.503784,5.5455594,5.4757023,5.4781065,0,1.0,1,0.75,-1.05,28.5,71.5
2022-12-09 05:15:00,175.536311633332,129.425933872222,129.437600088888,18.35,-0.1133333333333333,34.95,2,5.1764362714980825,70.66250196097344,5,4,12,0.9659258262890684,0.2588190451025207,-0.433883739117558,-0.9009688679024191,-2.4492935982947064e-16,1.0,0.0,0.0,0.0,6.25,13.3,66.0,92.0,-1.125,4.4686565,0.0,0.025,18.43148147,34.96666666666667,34.7,35.28333333333333,35.05,34.53333333333333,-18.46333333333333,0.042592616666667,-0.1373333333333333,0.024,-0.19,18.40246913444445,0.0024444444444468,5.4781065,5.4668865,5.503784,5.5455594,5.439017,0,1.0,0,0.75,-1.04,28.0,72.0
2022-12-09 05:30:00,131.67945477778,68.976685272222,68.982796144444,18.43148147,-0.19,34.53333333333333,1,5.1764362714980825,70.66250196097344,5,4,12,0.9659258262890684,0.2588190451025207,-0.433883739117558,-0.9009688679024191,-2.4492935982947064e-16,1.0,0.0,0.0,0.0,6.300000000000001,12.6,67.0,93.0,-1.15,4.463056,0.0,-0.1499999999999999,18.18333332,34.95,34.96666666666667,34.7,35.28333333333333,34.85,-18.62148147,0.0814814699999963,-0.0766666666666666,-0.1133333333333333,-0.194,18.36296295111111,-0.0931111111111087,5.439017,5.4781065,5.4668865,5.503784,5.408657,0,1.0,1,0.75,-1.03,27.3,72.7
2022-12-09 05:45:00,121.928178244444,78.082709916666,78.091320705554,18.18333332,-0.194,34.85,2,5.1764362714980825,70.66250196097344,5,4,12,0.9659258262890684,0.2588190451025207,-0.433883739117558,-0.9009688679024191,-2.4492935982947064e-16,1.0,0.0,0.0,0.0,6.3500000000000005,11.9,68.0,94.0,-1.175,4.456869,0.0,-0.3249999999999999,18.28518520333333,34.53333333333333,34.95,34.96666666666667,34.7,34.81666666666667,-18.37733332,-0.2481481499999986,-0.004,-0.19,-0.2673333333333333,18.321604930000003,-0.1657777777777754,5.408657,5.439017,5.4781065,5.4668865,5.4362597,0,0.0,1,1.0,-1.08,29.8,70.2
2022-12-09 06:00:00,185.32536460555,147.751589683334,147.76631136110998,18.28518520333333,-0.2673333333333333,34.81666666666667,2,5.1764362714980825,70.66250196097344,6,4,12,1.0,6.123233995736766e-17,-0.433883739117558,-0.9009688679024191,-2.4492935982947064e-16,1.0,0.0,0.0,0.0,6.4,11.2,69.0,95.0,-1.2,4.4501047,0.0,-0.5,18.59444446,34.85,34.53333333333333,34.95,34.96666666666667,34.15,-18.552518536666668,0.1018518833333352,-0.0733333333333333,-0.194,-0.3979999999999999,18.29999999777778,-0.2171111111111087,5.4362597,5.408657,5.439017,5.4781065,5.4308233,0,0.0,0,1.0,-1.06,28.7,71.3
2022-12-09 06:15:00,46.576192577772,0.0,0.0,18.59444446,-0.3979999999999999,34.15,0,5.1764362714980825,70.66250196097344,6,4,12,1.0,6.123233995736766e-17,-0.433883739117558,-0.9009688679024191,-2.4492935982947064e-16,1.0,0.0,0.0,0.0,6.625,11.725,68.0,95.5,-1.325,4.411989,0.0,-0.7,18.398148133333333,34.81666666666667,34.85,34.53333333333333,34.95,34.0,-18.99244446,0.3092592566666639,-0.1306666666666666,-0.2673333333333333,-0.5753333333333334,18.354320994444446,-0.286444444444442,5.4308233,5.4362597,5.408657,5.439017,5.344443,1,1.0,1,0.75,-0.99,25.8,74.2
2022-12-09 06:30:00,121.47930738333,76.943033288888,76.951366305554,18.398148133333333,-0.5753333333333334,34.0,2,5.1764362714980825,70.66250196097344,6,4,12,1.0,6.123233995736766e-17,-0.433883739117558,-0.9009688679024191,-2.4492935982947064e-16,1.0,0.0,0.0,0.0,6.85,12.25,67.0,96.0,-1.45,4.3739777,0.0,-0.9,18.37777779,34.15,34.81666666666667,34.85,34.53333333333333,34.3,-18.973481466666662,-0.1962963266666655,-0.1773333333333334,-0.3979999999999999,-0.654,18.425925932222224,-0.4135555555555532,5.344443,5.4308233,5.4362597,5.408657,5.3850904,0,1.0,1,0.75,-1.04,27.8,72.2
2022-12-09 06:45:00,148.544058033332,96.247538844444,96.258371794442,18.37777779,-0.654,34.3,2,5.1764362714980825,70.66250196097344,6,4,12,1.0,6.123233995736766e-17,-0.433883739117558,-0.9009688679024191,-2.4492935982947064e-16,1.0,0.0,0.0,0.0,7.075,12.775,66.0,96.5,-1.575,4.336074,0.0,-1.1,18.53518516333333,34.0,34.15,34.81666666666667,34.85,34.03333333333333,-19.03177779,-0.020370343333333,-0.0786666666666666,-0.5753333333333334,-0.572,18.45679012777778,-0.5424444444444422,5.3850904,5.344443,5.4308233,5.4362597,5.3933086,0,1.0,0,0.75,-1.04,27.9,72.1
2022-12-09 07:00:00,225.253767255556,0.0,0.0,18.53518516333333,-0.572,34.03333333333333,0,5.1764362714980825,70.66250196097344,7,4,12,0.9659258262890684,-0.2588190451025206,-0.433883739117558,-0.9009688679024191,-2.4492935982947064e-16,1.0,0.0,0.0,0.0,7.3,13.3,65.0,97.0,-1.7,4.2982817,0.0,-1.3,18.29444442,34.3,34.0,34.15,34.81666666666667,34.0,-19.10718516333333,0.1574073733333314,0.082,-0.654,-0.508,18.43703702888889,-0.6004444444444421,5.3933086,5.3850904,5.344443,5.4308233,5.3116665,1,2.0,1,0.5,-1.01,26.4,73.6
2022-12-09 07:15:00,309.189298616666,100.042664783334,100.05294213889,18.29444442,-0.508,34.0,2,5.1764362714980825,70.66250196097344,7,4,12,0.9659258262890684,-0.2588190451025206,-0.433883739117558,-0.9009688679024191,-2.4492935982947064e-16,1.0,0.0,0.0,0.0,6.725,13.475,58.25,96.0,-1.875,4.246566,0.0,-1.325,18.396296303333333,34.03333333333333,34.3,34.0,34.15,34.0,-18.80244442,-0.2407407433333332,0.0639999999999999,-0.572,-0.5466666666666667,18.40246912444444,-0.5779999999999976,5.3116665,5.3933086,5.3850904,5.344443,5.3438554,0,1.0,1,0.75,-1.06,28.8,71.2
2022-12-09 07:30:00,140.018843622216,102.665337672222,102.677003938886,18.396296303333333,-0.5466666666666667,34.0,2,5.1764362714980825,70.66250196097344,7,4,12,0.9659258262890684,-0.2588190451025206,-0.433883739117558,-0.9009688679024191,-2.4492935982947064e-16,1.0,0.0,0.0,0.0,6.15,13.65,51.5,95.0,-2.05,4.1950154,0.0,-1.35,18.55000002,34.0,34.03333333333333,34.3,34.0,33.65,-18.94296297,0.1018518833333352,-0.0386666666666667,-0.508,-0.5400000000000001,18.408641962222223,-0.5422222222222199,5.3438554,5.3116665,5.3933086,5.3850904,5.3372436,0,1.0,0,0.75,-1.04,27.8,72.2
2022-12-09 07:45:00,41.27168248333,0.0,0.0,18.55000002,-0.5400000000000001,33.65,0,5.1764362714980825,70.66250196097344,7,4,12,0.9659258262890684,-0.2588190451025206,-0.433883739117558,-0.9009688679024191,-2.4492935982947064e-16,1.0,0.0,0.0,0.0,5.575,13.825,44.75,94.0,-2.225,4.1436296,0.0,-1.375,18.32777777,34.0,34.0,34.03333333333333,34.3,33.5,-19.09000002,0.1537037166666692,0.0066666666666665,-0.5466666666666667,-0.4293333333333333,18.413580247777777,-0.5315555555555532,5.3372436,5.3438554,5.3116665,5.3933086,5.243914,1,2.0,1,0.5,-1.01,26.3,73.7
2022-12-09 08:00:00,160.85884313889,107.6831925,107.693747627778,18.32777777,-0.4293333333333333,33.5,2,5.1764362714980825,70.66250196097344,8,4,12,0.8660254037844387,-0.4999999999999998,-0.433883739117558,-0.9009688679024191,-2.4492935982947064e-16,1.0,0.0,0.0,0.0,5.0,14.0,38.0,93.0,-2.4,4.092409,0.0,-1.4,18.44444445,33.65,34.0,34.0,34.03333333333333,33.45,-18.757111103333333,-0.2222222500000015,0.1106666666666668,-0.5400000000000001,-0.3979999999999999,18.424691364444445,-0.5053333333333311,5.243914,5.3372436,5.3438554,5.3116665,5.27244,0,1.0,1,0.75,-1.06,28.6,71.4
2022-12-09 08:15:00,131.67612166111,76.362500927778,76.372222838886,18.44444445,-0.3979999999999999,33.45,2,5.1764362714980825,70.66250196097344,8,4,12,0.8660254037844387,-0.4999999999999998,-0.433883739117558,-0.9009688679024191,-2.4492935982947064e-16,1.0,2.0,0.5,0.1666666666666666,5.425,13.925,48.75,93.25,-2.475,4.067781,0.0,-1.525,18.501851833333333,33.5,33.65,34.0,34.0,33.21666666666667,-18.84244445,0.116666679999998,0.0313333333333333,-0.4293333333333333,-0.3833333333333333,18.44074074666667,-0.4557777777777754,5.27244,5.243914,5.3372436,5.3438554,5.2535057,0,1.0,0,0.75,-1.03,27.4,72.6
2022-12-09 08:30:00,47.303385572222,0.0,0.0,18.501851833333333,-0.3833333333333333,33.21666666666667,0,5.1764362714980825,70.66250196097344,8,4,12,0.8660254037844387,-0.4999999999999998,-0.433883739117558,-0.9009688679024191,-2.4492935982947064e-16,1.0,4.0,1.5,0.5,5.85,13.85,59.5,93.5,-2.55,4.0432343,0.0,-1.65,18.26666664,33.45,33.5,33.65,34.0,33.5,-18.885185166666663,0.0574073833333343,0.0146666666666666,-0.3979999999999999,-0.268,18.42469135111111,-0.4035555555555531,5.2535057,5.27244,5.243914,5.3372436,5.224931,1,2.0,1,0.5,-1.02,26.9,73.1
2022-12-09 08:45:00,158.845312450006,114.853461227778,114.864294127778,18.26666664,-0.268,33.5,2,5.1764362714980825,70.66250196097344,8,4,12,0.8660254037844387,-0.4999999999999998,-0.433883739117558,-0.9009688679024191,-2.4492935982947064e-16,1.0,6.0,3.0,1.0,6.275,13.775,70.25,93.75,-2.625,4.0187707,0.0,-1.775,18.42777775333333,33.21666666666667,33.45,33.5,33.65,33.31666666666667,-18.53466664,-0.2351851933333328,0.1153333333333333,-0.3833333333333333,-0.1306666666666666,18.404320974444445,-0.3497777777777753,5.224931,5.2535057,5.27244,5.243914,5.2462397,0,1.0,1,0.75,-1.07,29.2,70.8
2022-12-09 09:00:00,122.993691188888,79.796807983334,79.805974333332,18.42777775333333,-0.1306666666666666,33.31666666666667,2,5.1764362714980825,70.66250196097344,9,4,12,0.7071067811865476,-0.7071067811865475,-0.433883739117558,-0.9009688679024191,-2.4492935982947064e-16,1.0,8.0,5.0,1.6666666666666667,6.7,13.7,81.0,94.0,-2.7,3.994389,0.0,-1.9,18.51111111,33.5,33.21666666666667,33.45,33.5,33.0,-18.55844442,0.1611111133333302,0.1373333333333333,-0.268,0.1206666666666666,18.398765408888888,-0.2606666666666643,5.2462397,5.224931,5.2535057,5.27244,5.2221026,0,1.0,0,0.75,-1.03,27.6,72.4
2022-12-09 09:15:00,46.832015594442,0.0,0.0,18.51111111,0.1206666666666666,33.0,0,5.1764362714980825,70.66250196097344,9,4,12,0.7071067811865476,-0.7071067811865475,-0.433883739117558,-0.9009688679024191,-2.4492935982947064e-16,1.0,23.75,10.4375,3.6458333333333335,6.425,14.225,77.0,92.0,-2.75,3.9853256,0.0,-1.625,18.272222226666667,33.31666666666667,33.5,33.21666666666667,33.45,33.18333333333333,-18.390444443333337,0.0833333566666709,0.2513333333333333,-0.1306666666666666,0.144,18.401851834444443,-0.0926666666666643,5.2221026,5.2462397,5.224931,5.2535057,5.177248,1,2.0,1,0.5,-1.02,26.9,73.1
2022-12-09 09:30:00,171.074267788892,118.180272583334,118.193327611112,18.272222226666667,0.144,33.18333333333333,2,5.1764362714980825,70.66250196097344,9,4,12,0.7071067811865476,-0.7071067811865475,-0.433883739117558,-0.9009688679024191,-2.4492935982947064e-16,1.0,39.5,19.3125,6.9375,6.15,14.75,73.0,90.0,-2.8,3.9742246,0.0,-1.35,18.38888886,33.0,33.31666666666667,33.5,33.21666666666667,33.45,-18.12822222666667,-0.2388888833333347,0.0233333333333333,0.1206666666666666,0.3586666666666666,18.403703696666668,0.044666666666669,5.177248,5.2221026,5.2462397,5.224931,5.2551026,0,1.0,1,0.75,-1.07,29.2,70.8
2022-12-09 09:45:00,140.52937868333,80.094573822224,80.104295733332,18.38888886,0.3586666666666666,33.45,2,5.1764362714980825,70.66250196097344,9,4,12,0.7071067811865476,-0.7071067811865475,-0.433883739117558,-0.9009688679024191,-2.4492935982947064e-16,1.0,55.25,31.625,11.541666666666666,5.875,15.275,69.0,88.0,-2.85,3.961021,0.0,-1.0750000000000002,18.466666676666662,33.18333333333333,33.0,33.31666666666667,33.5,33.03333333333333,-18.030222193333334,0.1166666333333346,0.2146666666666666,0.144,0.48,18.390740732222223,0.2077777777777801,5.2551026,5.177248,5.2221026,5.2462397,5.2136273,0,1.0,0,0.75,-1.04,28.0,72.0
2022-12-09 10:00:00,41.309458788884,0.0,0.0,18.466666676666662,0.48,33.03333333333333,0,5.1764362714980825,70.66250196097344,10,4,12,0.4999999999999999,-0.8660254037844387,-0.433883739117558,-0.9009688679024191,-2.4492935982947064e-16,1.0,71.0,47.375,17.458333333333332,5.6,15.8,65.0,86.0,-2.9,3.9456446,0.0,-0.8,18.21111112,33.45,33.18333333333333,33.0,33.31666666666667,33.0,-17.986666676666665,0.0777778166666642,0.1213333333333334,0.3586666666666666,0.536,18.375925921111115,0.3275555555555579,5.2136273,5.2551026,5.177248,5.2221026,5.129997,1,2.0,1,0.5,-1.03,27.3,72.7
2022-12-09 10:15:00,129.6889789,92.414914388888,92.42519176111,18.21111112,0.536,33.0,2,5.1764362714980825,70.66250196097344,10,4,12,0.4999999999999999,-0.8660254037844387,-0.433883739117558,-0.9009688679024191,-2.4492935982947064e-16,1.0,97.5,65.8125,25.58333333333333,6.025,16.9,70.75,83.25,-3.05,3.8996968,0.0,-0.5,18.07407407,33.03333333333333,33.45,33.18333333333333,33.0,33.0,-17.67511112,-0.2555555566666641,0.0559999999999999,0.48,0.5553333333333333,18.355555552222224,0.4582222222222246,5.129997,5.2136273,5.2551026,5.177248,5.0883956,0,1.0,1,0.75,-1.09,29.9,70.1
2022-12-09 10:30:00,139.080269883334,90.574987955556,90.5838765,18.07407407,0.5553333333333333,33.0,2,5.1764362714980825,70.66250196097344,10,4,12,0.4999999999999999,-0.8660254037844387,-0.433883739117558,-0.9009688679024191,-2.4492935982947064e-16,1.0,124.0,86.9375,35.916666666666664,6.449999999999999,18.0,76.5,80.5,-3.2,3.8498766,0.0,-0.1999999999999999,18.1111111,33.0,33.03333333333333,33.45,33.18333333333333,33.0,-17.518740736666665,-0.1370370500000035,0.0193333333333333,0.536,0.7006666666666667,18.25061728888889,0.5237777777777802,5.0883956,5.129997,5.2136273,5.2551026,5.0996094,0,1.0,0,0.75,-1.12,31.3,68.7
2022-12-09 10:45:00,176.134898855552,133.711040244444,133.72492863888598,18.1111111,0.7006666666666667,33.0,2,5.1764362714980825,70.66250196097344,10,4,12,0.4999999999999999,-0.8660254037844387,-0.433883739117558,-0.9009688679024191,-2.4492935982947064e-16,1.0,150.5,110.75,48.458333333333336,6.875,19.1,82.25,77.75,-3.35,3.7960565,0.0,0.1,18.42222218,33.0,33.0,33.03333333333333,33.45,32.63333333333333,-17.410444433333335,0.037037030000004,0.1453333333333333,0.5553333333333333,0.8113333333333334,18.13209876333333,0.5973333333333357,5.0996094,5.0883956,5.129997,5.2136273,5.136946,0,1.0,0,0.75,-1.11,30.9,69.1
2022-12-09 11:00:00,57.412425561114,0.0,0.0,18.42222218,0.8113333333333334,32.63333333333333,0,5.1764362714980825,70.66250196097344,11,4,12,0.258819045102521,-0.9659258262890682,-0.433883739117558,-0.9009688679024191,-2.4492935982947064e-16,1.0,177.0,137.25,63.208333333333336,7.3,20.2,88.0,75.0,-3.5,3.7381117,0.0,0.4,18.27777775,33.0,33.0,33.0,33.03333333333333,32.4,-17.610888846666665,0.3111110799999963,0.1106666666666666,0.7006666666666667,0.8806666666666666,18.202469116666663,0.6891111111111136,5.136946,5.0996094,5.0883956,5.129997,5.0567,1,1.0,1,0.75,-1.04,27.8,72.2
2022-12-09 11:15:00,101.149564822228,49.267195883334,49.272195683334,18.27777775,0.8806666666666666,32.4,1,5.1764362714980825,70.66250196097344,11,4,12,0.258819045102521,-0.9659258262890682,-0.433883739117558,-0.9009688679024191,-2.4492935982947064e-16,1.0,187.5,159.75,78.66666666666667,7.3,20.275,89.5,73.5,-3.575,3.713968,0.0,0.6,18.19999998,32.63333333333333,33.0,33.0,33.0,32.96666666666667,-17.397111083333332,-0.14444443,0.0693333333333332,0.8113333333333334,0.8826666666666667,18.270370343333337,0.7975555555555579,5.0567,5.136946,5.0996094,5.0883956,5.121434,0,1.0,1,0.75,-1.07,29.3,70.7
2022-12-09 11:30:00,170.93232918333,129.040393727778,129.054282105554,18.19999998,0.8826666666666667,32.96666666666667,2,5.1764362714980825,70.66250196097344,11,4,12,0.258819045102521,-0.9659258262890682,-0.433883739117558,-0.9009688679024191,-2.4492935982947064e-16,1.0,198.0,178.25,94.83333333333331,7.3,20.35,91.0,72.0,-3.65,3.688359,0.0,0.8,18.43333332,32.4,32.63333333333333,33.0,33.0,32.6,-17.317333313333332,-0.0777777700000008,0.0020000000000001,0.8806666666666666,1.0286666666666666,18.29999997,0.8582222222222246,5.121434,5.0567,5.136946,5.0996094,5.1350794,0,1.0,1,0.75,-1.09,30.0,70.0
2022-12-09 11:45:00,46.767851561106,0.0,0.0,18.43333332,1.0286666666666666,32.6,0,5.1764362714980825,70.66250196097344,11,4,12,0.258819045102521,-0.9659258262890682,-0.433883739117558,-0.9009688679024191,-2.4492935982947064e-16,1.0,208.5,192.75,111.70833333333331,7.3,20.425,92.5,70.5,-3.725,3.6612513,0.0,1.0,18.26296294,32.96666666666667,32.4,32.63333333333333,33.0,32.4,-17.404666653333333,0.2333333400000015,0.1459999999999999,0.8826666666666667,1.1906666666666663,18.30370368333333,0.930666666666669,5.1350794,5.121434,5.0567,5.136946,5.0522537,1,2.0,1,0.5,-1.04,27.7,72.3
2022-12-09 12:00:00,747.63953763889,39.365647511112,39.380369172222,18.26296294,1.1906666666666663,32.4,1,5.1764362714980825,70.66250196097344,12,4,12,1.2246467991473532e-16,-1.0,-0.433883739117558,-0.9009688679024191,-2.4492935982947064e-16,1.0,219.0,203.25,129.29166666666666,7.3,20.5,94.0,69.0,-3.8,3.6326141,0.0,1.2,18.19444443,32.6,32.96666666666667,32.4,32.63333333333333,33.65,-17.072296273333336,-0.1703703799999978,0.1619999999999999,1.0286666666666666,0.9773333333333334,18.29876541333333,1.0340000000000025,5.0522537,5.1350794,5.121434,5.0567,5.2258663,0,1.0,1,0.75,-1.08,29.5,70.5
2022-12-09 12:15:00,229.469431922224,59.662057822224,59.66900204444401,18.19444443,0.9773333333333334,33.65,1,5.1764362714980825,70.66250196097344,12,4,12,1.2246467991473532e-16,-1.0,-0.433883739117558,-0.9009688679024191,-2.4492935982947064e-16,1.0,224.5,212.5,146.02083333333334,7.275,20.6,89.0,68.0,-3.875,3.616762,0.0,1.35,18.233333356666662,32.4,32.6,32.96666666666667,32.4,33.53333333333333,-17.217111096666663,-0.068518510000004,-0.2133333333333331,1.1906666666666663,0.9193333333333332,18.296913563333334,1.0655555555555578,5.2258663,5.0522537,5.1350794,5.121434,5.2197895,0,1.0,0,0.75,-1.09,29.9,70.1
2022-12-09 12:30:00,119.19550990555,0.0,0.0,18.233333356666662,0.9193333333333332,33.53333333333333,0,5.1764362714980825,70.66250196097344,12,4,12,1.2246467991473532e-16,-1.0,-0.433883739117558,-0.9009688679024191,-2.4492935982947064e-16,1.0,230.0,220.5,161.89583333333334,7.25,20.7,84.0,67.0,-3.95,3.6001537,0.0,1.5,18.04444445,33.65,32.4,32.6,32.96666666666667,33.6,-17.31400002333333,0.0388889266666687,-0.0580000000000001,0.9773333333333334,1.0166666666666666,18.23024690888889,1.0291111111111133,5.2197895,5.2258663,5.0522537,5.1350794,5.1717916,1,2.0,1,0.5,-1.08,29.5,70.5
2022-12-09 12:45:00,609.916158077772,0.0,0.0,18.04444445,1.0166666666666666,33.6,0,5.1764362714980825,70.66250196097344,12,4,12,1.2246467991473532e-16,-1.0,-0.433883739117558,-0.9009688679024191,-2.4492935982947064e-16,1.0,235.5,227.25,176.91666666666666,7.225,20.8,79.0,66.0,-4.025,3.5827773,0.0,1.65,17.948148106666665,33.53333333333333,33.65,32.4,32.6,35.329166666666666,-17.027777783333335,-0.1888889066666657,0.0973333333333333,0.9193333333333332,1.0616666666666668,18.157407412222224,0.9711111111111134,5.1717916,5.2197895,5.2258663,5.0522537,5.4068875,0,2.0,0,0.5,-1.12,31.5,68.5
2022-12-09 13:00:00,982.142101811104,0.0,0.0,17.948148106666665,1.0616666666666668,35.329166666666666,0,5.1764362714980825,70.66250196097344,13,4,12,-0.2588190451025208,-0.9659258262890684,-0.433883739117558,-0.9009688679024191,-2.4492935982947064e-16,1.0,241.0,232.75,191.08333333333331,7.2,20.9,74.0,65.0,-4.1,3.5646198,0.0,1.8,17.93333329,33.6,33.53333333333333,33.65,32.4,36.9,-16.886481439999997,-0.0962963433333357,0.0450000000000001,1.0166666666666666,1.336666666666667,18.075308637777777,0.9992222222222246,5.4068875,5.1717916,5.2197895,5.2258663,5.642317,0,3.0,0,0.25,-1.14,32.2,67.8
2022-12-09 13:15:00,1203.1877039,0.0,0.0,17.93333329,1.336666666666667,36.9,0,5.1764362714980825,70.66250196097344,13,4,12,-0.2588190451025208,-0.9659258262890684,-0.433883739117558,-0.9009688679024191,-2.4492935982947064e-16,1.0,250.0,239.125,203.79166666666663,7.225,20.8,68.0,63.25,-4.25,3.5219734,0.0,2.025,17.84074070666667,35.329166666666666,33.6,33.53333333333333,33.65,35.88333333333333,-16.596666623333334,-0.0148148166666643,0.2749999999999999,1.0616666666666668,1.2006666666666668,17.975308615555555,1.1383333333333356,5.642317,5.4068875,5.1717916,5.2197895,5.456695,0,4.0,0,0.0,-1.13,32.0,68.0
2022-12-09 13:30:00,1046.385365094446,53.490360283334,53.501471005554,17.84074070666667,1.2006666666666668,35.88333333333333,1,5.1764362714980825,70.66250196097344,13,4,12,-0.2588190451025208,-0.9659258262890684,-0.433883739117558,-0.9009688679024191,-2.4492935982947064e-16,1.0,259.0,246.375,215.04166666666663,7.25,20.7,62.0,61.5,-4.4,3.477072,0.0,2.25,17.9333333,36.9,35.329166666666666,33.6,33.53333333333333,35.4,-16.640074040000002,-0.0925925833333316,-0.1359999999999999,1.336666666666667,1.1826666666666668,17.90740736777778,1.199666666666669,5.456695,5.642317,5.4068875,5.1717916,5.412954,0,3.0,1,0.25,-1.16,33.2,66.8
2022-12-09 13:45:00,152.718057666668,81.067590516666,81.077867938886,17.9333333,1.1826666666666668,35.4,2,5.1764362714980825,70.66250196097344,13,4,12,-0.2588190451025208,-0.9659258262890684,-0.433883739117558,-0.9009688679024191,-2.4492935982947064e-16,1.0,268.0,254.5,224.83333333333331,7.275,20.6,56.0,59.75,-4.55,3.4298663,0.0,2.475,18.111111143333336,35.88333333333333,36.9,35.329166666666666,33.6,34.56666666666667,-16.750666633333335,0.0925925933333324,-0.018,1.2006666666666668,1.4173333333333331,17.90246909888889,1.2400000000000024,5.412954,5.456695,5.642317,5.4068875,5.3417115,0,2.0,1,0.5,-1.14,32.3,67.7
2022-12-09 14:00:00,54.44448888333,0.0,0.0,18.111111143333336,1.4173333333333331,34.56666666666667,0,5.1764362714980825,70.66250196097344,14,4,12,-0.4999999999999997,-0.8660254037844388,-0.433883739117558,-0.9009688679024191,-2.4492935982947064e-16,1.0,277.0,263.5,233.16666666666663,7.3,20.5,50.0,58.0,-4.7,3.3803015,0.0,2.7,17.93888891,35.4,35.88333333333333,36.9,35.329166666666666,34.15,-16.693777810000004,0.1777778433333345,0.2346666666666663,1.1826666666666668,1.3773333333333333,17.961728383333334,1.2668888888888912,5.3417115,5.412954,5.456695,5.642317,5.223545,1,2.0,1,0.5,-1.1,30.6,69.4
2022-12-09 14:15:00,99.156867033328,53.95839716111,53.966174649998,17.93888891,1.3773333333333333,34.15,1,5.1764362714980825,70.66250196097344,14,4,12,-0.4999999999999997,-0.8660254037844388,-0.433883739117558,-0.9009688679024191,-2.4492935982947064e-16,1.0,280.25,271.0625,240.89583333333331,7.175,20.425,38.5,57.75,-4.725,3.377084,0.0,2.75,17.97037037333333,34.56666666666667,35.4,35.88333333333333,36.9,34.0,-16.561555576666667,-0.1722222333333363,-0.0399999999999998,1.4173333333333331,1.5573333333333332,17.99444445111111,1.3257777777777802,5.223545,5.3417115,5.412954,5.456695,5.210353,0,1.0,1,0.75,-1.14,32.5,67.5
2022-12-09 14:30:00,167.374415938886,117.495855544444,117.50974392222,17.97037037333333,1.5573333333333332,34.0,2,5.1764362714980825,70.66250196097344,14,4,12,-0.4999999999999997,-0.8660254037844388,-0.433883739117558,-0.9009688679024191,-2.4492935982947064e-16,1.0,283.5,277.1875,248.02083333333331,7.05,20.35,27.0,57.5,-4.75,3.373801,0.0,2.8,18.21111112,34.15,34.56666666666667,35.4,35.88333333333333,33.3,-16.41303704,0.031481463333332,0.1799999999999999,1.3773333333333333,1.43,18.006790142222226,1.4506666666666688,5.210353,5.223545,5.3417115,5.412954,5.176633,0,1.0,1,0.75,-1.14,32.2,67.8
2022-12-09 14:45:00,58.327389077776,0.0,0.0,18.21111112,1.43,33.3,0,5.1764362714980825,70.66250196097344,14,4,12,-0.4999999999999997,-0.8660254037844388,-0.433883739117558,-0.9009688679024191,-2.4492935982947064e-16,1.0,286.75,281.875,254.54166666666663,6.925,20.275,15.5,57.25,-4.775,3.370453,0.0,2.85,18.081481476666667,34.0,34.15,34.56666666666667,35.4,33.0,-16.781111120000002,0.2407407466666704,-0.1273333333333333,1.5573333333333332,1.3066666666666669,18.04012346777778,1.4548888888888911,5.176633,5.210353,5.223545,5.3417115,5.090636,1,2.0,1,0.5,-1.08,29.8,70.2
2022-12-09 15:00:00,100.135438822224,39.119546255556,39.124823844444,18.081481476666667,1.3066666666666669,33.0,1,5.1764362714980825,70.66250196097344,15,4,12,-0.7071067811865471,-0.7071067811865479,-0.433883739117558,-0.9009688679024191,-2.4492935982947064e-16,1.0,290.0,285.125,260.4583333333333,6.8,20.2,4.0,57.0,-4.8,3.3670387,0.0,2.9,18.02777778,33.3,34.0,34.15,34.56666666666667,32.95,-16.77481481,-0.1296296433333346,-0.123333333333333,1.43,1.366,18.087654323333336,1.4313333333333356,5.090636,5.176633,5.210353,5.223545,5.0667186,0,1.0,1,0.75,-1.12,31.3,68.7
2022-12-09 15:15:00,184.597060205558,131.160586683334,131.175030555556,18.02777778,1.366,32.95,2,5.1764362714980825,70.66250196097344,15,4,12,-0.7071067811865471,-0.7071067811865479,-0.433883739117558,-0.9009688679024191,-2.4492935982947064e-16,1.0,276.0,284.0625,264.75,6.9,20.0,4.25,57.75,-4.725,3.394175,0.0,2.825,18.25925928,33.0,33.3,34.0,34.15,32.35,-16.66177778,-0.0537036966666661,0.059333333333333,1.3066666666666669,1.3586666666666667,18.10679012555556,1.3675555555555576,5.0667186,5.090636,5.176633,5.210353,5.0433493,0,1.0,1,0.75,-1.13,31.8,68.2
2022-12-09 15:30:00,61.137276644444,0.0,0.0,18.25925928,1.3586666666666667,32.35,0,5.1764362714980825,70.66250196097344,15,4,12,-0.7071067811865471,-0.7071067811865479,-0.433883739117558,-0.9009688679024191,-2.4492935982947064e-16,1.0,262.0,278.6875,267.4166666666667,7.0,19.8,4.5,58.5,-4.65,3.420942,0.0,2.75,18.15,32.95,33.0,33.3,34.0,32.35,-16.90059261333333,0.2314814999999974,-0.0073333333333331,1.366,1.0873333333333337,18.122839512222225,1.3437777777777802,5.0433493,5.0667186,5.090636,5.176633,5.0107284,1,2.0,1,0.5,-1.08,29.5,70.5
2022-12-09 15:45:00,99.062426361106,54.078947872222,54.086725394442,18.15,1.0873333333333337,32.35,1,5.1764362714980825,70.66250196097344,15,4,12,-0.7071067811865471,-0.7071067811865479,-0.433883739117558,-0.9009688679024191,-2.4492935982947064e-16,1.0,248.0,269.0,268.4583333333333,7.1,19.6,4.75,59.25,-4.575,3.4473429,0.0,2.675,18.04444444,32.35,32.95,33.0,33.3,32.5,-17.062666666666665,-0.1092592799999998,-0.2713333333333332,1.3586666666666667,1.06,18.145679020000003,1.270666666666669,5.0107284,5.0433493,5.0667186,5.090636,5.002477,0,1.0,1,0.75,-1.1,30.7,69.3
2022-12-09 16:00:00,10.955672855556,0.0,0.0,18.04444444,1.06,32.5,0,5.1764362714980825,70.66250196097344,16,4,12,-0.8660254037844385,-0.5000000000000004,-0.433883739117558,-0.9009688679024191,-2.4492935982947064e-16,1.0,234.0,255.0,267.875,7.2,19.4,5.0,60.0,-4.5,3.473379,0.0,2.6,18.044295631666667,32.35,32.35,32.95,33.0,32.57425595238095,-16.98444444,-0.1055555599999991,-0.0273333333333334,1.0873333333333337,0.9130059523809524,18.15123457333333,1.168666666666669,5.002477,5.0107284,5.0433493,5.0667186,5.0138626,1,2.0,1,0.5,-1.13,31.8,68.2
2022-12-09 16:15:00,18.01489279282442,0.0,0.0,18.044295631666667,0.9130059523809524,32.57425595238095,0,5.1764362714980825,70.66250196097344,16,4,12,-0.8660254037844385,-0.5000000000000004,-0.433883739117558,-0.9009688679024191,-2.4492935982947064e-16,1.0,201.25,236.3125,263.8125,6.7,18.95,5.5,62.25,-4.3,3.5254292,0.0,2.275,18.04414682333333,32.5,32.35,32.35,32.95,32.648511904761904,-17.131289679285715,-0.000148808333332,-0.1469940476190476,1.06,0.7660119047619048,18.07958002388889,1.0201130952380977,5.0138626,5.002477,5.0107284,5.0433493,5.025247,0,3.0,0,0.25,-1.13,31.8,68.2
2022-12-09 16:30:00,25.074112730092835,0.0,0.0,18.04414682333333,0.7660119047619048,32.648511904761904,0,5.1764362714980825,70.66250196097344,16,4,12,-0.8660254037844385,-0.5000000000000004,-0.433883739117558,-0.9009688679024191,-2.4492935982947064e-16,1.0,168.5,212.9375,256.2708333333333,6.2,18.5,6.0,64.5,-4.1,3.57337,0.0,1.95,18.043998015,32.57425595238095,32.5,32.35,32.35,32.722767857142856,-17.27813491857143,-0.0001488083333356,-0.1469940476190475,0.9130059523809524,0.6190178571428573,18.044295631666667,0.9130059523809548,5.025247,5.0138626,5.002477,5.0107284,5.036633,0,3.0,0,0.25,-1.13,31.7,68.3
2022-12-09 16:45:00,32.13333266736125,0.0,0.0,18.043998015,0.6190178571428573,32.722767857142856,0,5.1764362714980825,70.66250196097344,16,4,12,-0.8660254037844385,-0.5000000000000004,-0.433883739117558,-0.9009688679024191,-2.4492935982947064e-16,1.0,135.75,184.875,245.25,5.7,18.05,6.5,66.75,-3.9,3.6173394,0.0,1.625,18.043849206666668,32.648511904761904,32.57425595238095,32.5,32.35,32.79702380952381,-17.424980157857142,-0.000148808333332,-0.1469940476190475,0.7660119047619048,0.4720238095238096,18.04414682333333,0.7660119047619071,5.036633,5.025247,5.0138626,5.002477,5.0480175,0,4.0,0,0.0,-1.13,31.7,68.3
2022-12-09 17:00:00,39.19255260462967,0.0,0.0,18.043849206666668,0.4720238095238096,32.79702380952381,0,5.1764362714980825,70.66250196097344,17,4,12,-0.9659258262890684,-0.2588190451025206,-0.433883739117558,-0.9009688679024191,-2.4492935982947064e-16,1.0,103.0,152.125,230.75,5.2,17.6,7.0,69.0,-3.7,3.6574674,0.0,1.3,18.04370039833333,32.722767857142856,32.648511904761904,32.57425595238095,32.5,32.87127976190476,-17.57182539714286,-0.000148808333332,-0.1469940476190476,0.6190178571428573,0.3250297619047619,18.043998015,0.6190178571428596,5.0480175,5.036633,5.025247,5.0138626,5.0594025,0,4.0,0,0.0,-1.13,31.7,68.3
2022-12-09 17:15:00,46.251772541898085,0.0,0.0,18.04370039833333,0.3250297619047619,32.87127976190476,0,5.1764362714980825,70.66250196097344,17,4,12,-0.9659258262890684,-0.2588190451025206,-0.433883739117558,-0.9009688679024191,-2.4492935982947064e-16,1.0,79.0,121.5625,213.97916666666663,5.875,16.075000000000003,5.75,70.25,-3.825,3.635823,0.0,0.95,18.04355159,32.79702380952381,32.722767857142856,32.648511904761904,32.57425595238095,32.94553571428571,-17.71867063642857,-0.0001488083333356,-0.1469940476190476,0.4720238095238096,0.1780357142857144,18.043849206666668,0.4720238095238119,5.0594025,5.0480175,5.036633,5.025247,5.070787,0,4.0,0,0.0,-1.13,31.7,68.3
2022-12-09 17:30:00,53.3109924791665,0.0,0.0,18.04355159,0.1780357142857144,32.94553571428571,0,5.1764362714980825,70.66250196097344,17,4,12,-0.9659258262890684,-0.2588190451025206,-0.433883739117558,-0.9009688679024191,-2.4492935982947064e-16,1.0,55.0,93.1875,194.9375,6.550000000000001,14.55,4.5,71.5,-3.95,3.6129074,0.0,0.6,18.043402781666668,32.87127976190476,32.79702380952381,32.722767857142856,32.648511904761904,33.01979166666667,-17.865515875714287,-0.000148808333332,-0.1469940476190475,0.3250297619047619,0.0310416666666668,18.04370039833333,0.3250297619047643,5.070787,5.0594025,5.0480175,5.036633,5.082171,0,4.0,0,0.0,-1.13,31.7,68.3
2022-12-09 17:45:00,60.37021241643492,0.0,0.0,18.043402781666668,0.0310416666666668,33.01979166666667,0,5.1764362714980825,70.66250196097344,17,4,12,-0.9659258262890684,-0.2588190451025206,-0.433883739117558,-0.9009688679024191,-2.4492935982947064e-16,1.0,31.0,67.0,173.625,7.225,13.025,3.25,72.75,-4.075,3.5887856,0.0,0.25,18.04325397333333,32.94553571428571,32.87127976190476,32.79702380952381,32.722767857142856,33.09404761904762,-18.012361115,-0.000148808333332,-0.1469940476190475,0.1780357142857144,-0.1159523809523808,18.043551590000003,0.1780357142857167,5.082171,5.070787,5.0594025,5.0480175,5.0935545,0,4.0,0,0.0,-1.12,31.7,68.3
2022-12-09 18:00:00,67.42943235370333,0.0,0.0,18.04325397333333,-0.1159523809523808,33.09404761904762,0,5.1764362714980825,70.66250196097344,18,4,12,-1.0,-1.8369701987210294e-16,-0.433883739117558,-0.9009688679024191,-2.4492935982947064e-16,1.0,7.0,43.0,150.04166666666666,7.9,11.5,2.0,74.0,-4.2,3.5635183,0.0,-0.1,18.043105165,33.01979166666667,32.94553571428571,32.87127976190476,32.79702380952381,33.168303571428574,-18.159206354285715,-0.0001488083333356,-0.1469940476190476,0.0310416666666668,-0.2629464285714284,18.043402781666668,0.0310416666666691,5.0935545,5.082171,5.070787,5.0594025,5.1049376,0,4.0,0,0.0,-1.12,31.6,68.4
2022-12-09 18:15:00,74.48865229097174,0.0,0.0,18.043105165,-0.2629464285714284,33.168303571428574,0,5.1764362714980825,70.66250196097344,18,4,12,-1.0,-1.8369701987210294e-16,-0.433883739117558,-0.9009688679024191,-2.4492935982947064e-16,1.0,5.25,24.5625,127.47916666666669,8.275,12.675,1.5,75.5,-4.225,3.5673702,0.0,-0.375,18.042956356666668,33.09404761904762,33.01979166666667,32.94553571428571,32.87127976190476,33.242559523809526,-18.30605159357143,-0.000148808333332,-0.1469940476190476,-0.1159523809523808,-0.4099404761904761,18.043253973333336,-0.1159523809523785,5.1049376,5.0935545,5.082171,5.070787,5.116321,0,4.0,0,0.0,-1.12,31.6,68.4
2022-12-09 18:30:00,81.54787222824017,0.0,0.0,18.042956356666668,-0.4099404761904761,33.242559523809526,0,5.1764362714980825,70.66250196097344,18,4,12,-1.0,-1.8369701987210294e-16,-0.433883739117558,-0.9009688679024191,-2.4492935982947064e-16,1.0,3.5,11.6875,105.9375,8.65,13.85,1.0,77.0,-4.25,3.5696583,0.0,-0.6499999999999999,18.04280754833333,33.168303571428574,33.09404761904762,33.01979166666667,32.94553571428571,33.31681547619048,-18.452896832857142,-0.000148808333332,-0.1469940476190476,-0.2629464285714284,-0.5569345238095236,18.043105165,-0.2629464285714262,5.116321,5.1049376,5.0935545,5.082171,5.127704,0,4.0,0,0.0,-1.12,31.6,68.4
2022-12-09 18:45:00,88.60709216550859,0.0,0.0,18.04280754833333,-0.5569345238095236,33.31681547619048,0,5.1764362714980825,70.66250196097344,18,4,12,-1.0,-1.8369701987210294e-16,-0.433883739117558,-0.9009688679024191,-2.4492935982947064e-16,1.0,1.75,4.375,85.41666666666667,9.025,15.025,0.5,78.5,-4.275,3.5704343,0.0,-0.9249999999999998,18.04265874,33.242559523809526,33.168303571428574,33.09404761904762,33.01979166666667,33.39107142857143,-18.599742072142856,-0.0001488083333356,-0.1469940476190474,-0.4099404761904761,-0.7039285714285712,18.042956356666668,-0.4099404761904737,5.127704,5.116321,5.1049376,5.0935545,5.1390862,0,4.0,0,0.0,-1.12,31.6,68.4
2022-12-09 19:00:00,95.666312102777,0.0,0.0,18.04265874,-0.7039285714285712,33.39107142857143,0,5.1764362714980825,70.66250196097344,19,4,12,-0.9659258262890684,0.2588190451025203,-0.433883739117558,-0.9009688679024191,-2.4492935982947064e-16,1.0,0.0,2.625,65.91666666666667,9.4,16.2,0.0,80.0,-4.3,3.5697472,0.0,-1.2,18.042509931666668,33.31681547619048,33.242559523809526,33.168303571428574,33.09404761904762,33.46532738095238,-18.74658731142857,-0.000148808333332,-0.1469940476190476,-0.5569345238095236,-0.8509226190476189,18.04280754833333,-0.5569345238095214,5.1390862,5.127704,5.116321,5.1049376,5.1504703,0,4.0,0,0.0,-1.12,31.6,68.4
2022-12-09 19:15:00,102.7255320400454,0.0,0.0,18.042509931666668,-0.8509226190476189,33.46532738095238,0,5.1764362714980825,70.66250196097344,19,4,12,-0.9659258262890684,0.2588190451025203,-0.433883739117558,-0.9009688679024191,-2.4492935982947064e-16,1.0,0.0,1.3125,49.145833333333336,8.775,15.85,0.0,82.0,-4.475,3.5273979,0.0,-1.725,18.042361123333333,33.39107142857143,33.31681547619048,33.242559523809526,33.168303571428574,33.53958333333333,-18.893432550714287,-0.000148808333332,-0.1469940476190476,-0.7039285714285712,-0.9979166666666665,18.042658740000004,-0.7039285714285689,5.1504703,5.1390862,5.127704,5.116321,5.1618533,0,4.0,0,0.0,-1.12,31.6,68.4
2022-12-09 19:30:00,109.78475197731385,0.0,0.0,18.042361123333333,-0.9979166666666665,33.53958333333333,0,5.1764362714980825,70.66250196097344,19,4,12,-0.9659258262890684,0.2588190451025203,-0.433883739117558,-0.9009688679024191,-2.4492935982947064e-16,1.0,0.0,0.4375,35.104166666666664,8.15,15.5,0.0,84.0,-4.65,3.4829059,0.0,-2.25,18.042212315,33.46532738095238,33.39107142857143,33.31681547619048,33.242559523809526,33.613839285714285,-19.04027779,-0.0001488083333356,-0.1469940476190474,-0.8509226190476189,-1.144910714285714,18.042509931666668,-0.8509226190476165,5.1618533,5.1504703,5.1390862,5.127704,5.173236,0,4.0,0,0.0,-1.12,31.6,68.4
2022-12-09 19:45:00,116.84397191458226,0.0,0.0,18.042212315,-1.144910714285714,33.613839285714285,0,5.1764362714980825,70.66250196097344,19,4,12,-0.9659258262890684,0.2588190451025203,-0.433883739117558,-0.9009688679024191,-2.4492935982947064e-16,1.0,0.0,0.0,23.791666666666668,7.525,15.15,0.0,86.0,-4.825,3.4364576,0.0,-2.7749999999999995,18.04206350666667,33.53958333333333,33.46532738095238,33.39107142857143,33.31681547619048,33.68809523809524,-19.187123029285715,-0.000148808333332,-0.1469940476190476,-0.9979166666666665,-1.2919047619047617,18.042361123333336,-0.997916666666664,5.173236,5.1618533,5.1504703,5.1390862,5.184618,0,4.0,0,0.0,-1.12,31.5,68.5
2022-12-09 20:00:00,123.90319185185066,0.0,0.0,18.04206350666667,-1.2919047619047617,33.68809523809524,0,5.1764362714980825,70.66250196097344,20,4,12,-0.8660254037844386,0.5000000000000001,-0.433883739117558,-0.9009688679024191,-2.4492935982947064e-16,1.0,0.0,0.0,15.208333333333334,6.9,14.8,0.0,88.0,-5.0,3.3882313,0.0,-3.3,18.041914698333333,33.613839285714285,33.53958333333333,33.46532738095238,33.39107142857143,33.76235119047619,-19.33396826857143,-0.000148808333332,-0.1469940476190476,-1.144910714285714,-1.438898809523809,18.042212315,-1.1449107142857116,5.184618,5.173236,5.1618533,5.1504703,5.196,0,4.0,0,0.0,-1.12,31.5,68.5
2022-12-09 20:15:00,130.96241178911907,0.0,0.0,18.041914698333333,-1.438898809523809,33.76235119047619,0,5.1764362714980825,70.66250196097344,20,4,12,-0.8660254037844386,0.5000000000000001,-0.433883739117558,-0.9009688679024191,-2.4492935982947064e-16,1.0,0.0,0.0,8.625,6.1000000000000005,13.8,0.25,87.75,-5.075,3.3726249,0.0,-3.325,18.04176589,33.68809523809524,33.613839285714285,33.53958333333333,33.46532738095238,33.83660714285715,-19.480813507857142,-0.0001488083333356,-0.1469940476190476,-1.2919047619047617,-1.585892857142857,18.04206350666667,-1.2919047619047592,5.196,5.184618,5.173236,5.1618533,5.207381,0,4.0,0,0.0,-1.12,31.5,68.5
2022-12-09 20:30:00,138.02163172638748,0.0,0.0,18.04176589,-1.585892857142857,33.83660714285715,0,5.1764362714980825,70.66250196097344,20,4,12,-0.8660254037844386,0.5000000000000001,-0.433883739117558,-0.9009688679024191,-2.4492935982947064e-16,1.0,0.0,0.0,4.041666666666667,5.300000000000001,12.8,0.5,87.5,-5.15,3.357061,0.0,-3.35,18.04161708166667,33.76235119047619,33.68809523809524,33.613839285714285,33.53958333333333,33.9108630952381,-19.627658747142856,-0.000148808333332,-0.1469940476190476,-1.438898809523809,-1.7328869047619049,18.041914698333333,-1.4388988095238069,5.207381,5.196,5.184618,5.173236,5.218762,0,4.0,0,0.0,-1.12,31.5,68.5
2022-12-09 20:45:00,145.08085166365592,0.0,0.0,18.04161708166667,-1.7328869047619049,33.9108630952381,0,5.1764362714980825,70.66250196097344,20,4,12,-0.8660254037844386,0.5000000000000001,-0.433883739117558,-0.9009688679024191,-2.4492935982947064e-16,1.0,0.0,0.0,1.4583333333333333,4.5,11.8,0.75,87.25,-5.225,3.341541,0.0,-3.375,18.041468273333333,33.83660714285715,33.76235119047619,33.68809523809524,33.613839285714285,33.98511904761905,-19.774503986428574,-0.000148808333332,-0.1469940476190476,-1.585892857142857,-1.8798809523809523,18.041765890000004,-1.5858928571428548,5.218762,5.207381,5.196,5.184618,5.2301445,0,4.0,0,0.0,-1.12,31.5,68.5
2022-12-09 21:00:00,152.14007160092433,0.0,0.0,18.041468273333333,-1.8798809523809523,33.98511904761905,0,5.1764362714980825,70.66250196097344,21,4,12,-0.7071067811865477,0.7071067811865474,-0.433883739117558,-0.9009688679024191,-2.4492935982947064e-16,1.0,0.0,0.0,0.875,3.7,10.8,1.0,87.0,-5.3,3.3260639,0.0,-3.4,18.041319465,33.9108630952381,33.83660714285715,33.76235119047619,33.68809523809524,34.059375,-19.921349225714284,-0.0001488083333356,-0.1469940476190476,-1.7328869047619049,-2.0268749999999995,18.04161708166667,-1.7328869047619022,5.2301445,5.218762,5.207381,5.196,5.241525,0,4.0,0,0.0,-1.12,31.5,68.5
2022-12-09 21:15:00,159.19929153819274,0.0,0.0,18.041319465,-2.0268749999999995,34.059375,0,5.1764362714980825,70.66250196097344,21,4,12,-0.7071067811865477,0.7071067811865474,-0.433883739117558,-0.9009688679024191,-2.4492935982947064e-16,1.0,0.0,0.0,0.4375,3.475,9.55,0.75,87.25,-5.325,3.3179183,0.0,-3.475,18.04117065666667,33.98511904761905,33.9108630952381,33.83660714285715,33.76235119047619,34.133630952380955,-20.068194465,-0.000148808333332,-0.1469940476190472,-1.8798809523809523,-2.173869047619047,18.041468273333336,-1.8798809523809497,5.241525,5.2301445,5.218762,5.207381,5.2529073,0,4.0,0,0.0,-1.12,31.4,68.6
2022-12-09 21:30:00,166.25851147546118,0.0,0.0,18.04117065666667,-2.173869047619047,34.133630952380955,0,5.1764362714980825,70.66250196097344,21,4,12,-0.7071067811865477,0.7071067811865474,-0.433883739117558,-0.9009688679024191,-2.4492935982947064e-16,1.0,0.0,0.0,0.1458333333333333,3.25,8.3,0.5,87.5,-5.35,3.3097544,0.0,-3.55,18.041021848333333,34.059375,33.98511904761905,33.9108630952381,33.83660714285715,34.20788690476191,-20.215039704285715,-0.000148808333332,-0.1469940476190476,-2.0268749999999995,-2.320863095238095,18.041319465,-2.0268749999999973,5.2529073,5.241525,5.2301445,5.218762,5.2642884,0,4.0,0,0.0,-1.12,31.4,68.6
2022-12-09 21:45:00,173.3177314127296,0.0,0.0,18.041021848333333,-2.320863095238095,34.20788690476191,0,5.1764362714980825,70.66250196097344,21,4,12,-0.7071067811865477,0.7071067811865474,-0.433883739117558,-0.9009688679024191,-2.4492935982947064e-16,1.0,0.0,0.0,0.0,3.025,7.050000000000001,0.25,87.75,-5.375,3.3015718,0.0,-3.625,18.04087304,34.133630952380955,34.059375,33.98511904761905,33.9108630952381,34.28214285714286,-20.36188494357143,-0.0001488083333356,-0.1469940476190476,-2.173869047619047,-2.4678571428571425,18.04117065666667,-2.173869047619045,5.2642884,5.2529073,5.241525,5.2301445,5.2756686,0,4.0,0,0.0,-1.12,31.4,68.6
2022-12-09 22:00:00,180.376951349998,59.386513327778,59.395401955552,18.04087304,-2.4678571428571425,34.28214285714286,1,5.1764362714980825,70.66250196097344,22,4,12,-0.5000000000000004,0.8660254037844384,-0.433883739117558,-0.9009688679024191,-2.4492935982947064e-16,1.0,0.0,0.0,0.0,2.8,5.8,0.0,88.0,-5.4,3.2933726,0.0,-3.7,18.06666669,34.20788690476191,34.133630952380955,34.059375,33.98511904761905,33.25,-20.508730182857143,-0.000148808333332,-0.1469940476190476,-2.320863095238095,-2.6053333333333333,18.041021848333333,-2.3208630952380926,5.2756686,5.2642884,5.2529073,5.241525,5.1246862,0,3.0,1,0.25,-1.12,31.4,68.6
2022-12-09 22:15:00,840.414993238886,163.802892055556,163.825668977776,18.06666669,-2.6053333333333333,33.25,2,5.1764362714980825,70.66250196097344,22,4,12,-0.5000000000000004,0.8660254037844384,-0.433883739117558,-0.9009688679024191,-2.4492935982947064e-16,1.0,0.0,0.0,0.0,3.05,5.7,0.0,88.5,-5.425000000000001,3.2886045,0.0,-3.8,18.335185173333333,34.28214285714286,34.20788690476191,34.133630952380955,34.059375,32.35,-20.67200002333333,0.0257936499999971,-0.1374761904761907,-2.4678571428571425,-2.89,18.049520526111117,-2.4646845238095216,5.1246862,5.2756686,5.2642884,5.2529073,5.0661254,0,2.0,1,0.5,-1.12,31.4,68.6
2022-12-09 22:30:00,155.831544255556,17.832619983334002,17.845397272222,18.335185173333333,-2.89,32.35,1,5.1764362714980825,70.66250196097344,22,4,12,-0.5000000000000004,0.8660254037844384,-0.433883739117558,-0.9009688679024191,-2.4492935982947064e-16,1.0,0.0,0.0,0.0,3.3,5.6,0.0,89.0,-5.45,3.2837203,0.0,-3.9,18.22222225,33.25,34.28214285714286,34.20788690476191,34.133630952380955,32.8,-21.225185173333333,0.2685184833333345,-0.2846666666666668,-2.6053333333333333,-3.246,18.14757496777778,-2.654396825396823,5.0661254,5.1246862,5.2756686,5.2642884,5.102271,0,1.0,1,0.75,-1.06,28.8,71.2
2022-12-09 22:45:00,131.07086803889,0.0,0.0,18.22222225,-3.246,32.8,0,5.1764362714980825,70.66250196097344,22,4,12,-0.5000000000000004,0.8660254037844384,-0.433883739117558,-0.9009688679024191,-2.4492935982947064e-16,1.0,0.0,0.0,0.0,3.55,5.5,0.0,89.5,-5.475,3.2787187,0.0,-4.0,18.04259262,32.35,33.25,34.28214285714286,34.20788690476191,33.93333333333333,-21.46822225,-0.1129629233333311,-0.3559999999999998,-2.89,-3.329333333333333,18.208024704444444,-2.913777777777776,5.102271,5.0661254,5.1246862,5.2756686,5.222524,1,1.0,1,0.75,-1.08,29.8,70.2
2022-12-09 23:00:00,132.24720986666802,0.0,0.0,18.04259262,-3.329333333333333,33.93333333333333,0,5.1764362714980825,70.66250196097344,23,4,12,-0.2588190451025215,0.965925826289068,-0.433883739117558,-0.9009688679024191,-2.4492935982947064e-16,1.0,0.0,0.0,0.0,3.8,5.4,0.0,90.0,-5.5,3.2736027,0.0,-4.1,17.94999997,32.8,32.35,33.25,34.28214285714286,34.7,-21.37192595333333,-0.1796296300000008,-0.083333333333333,-3.246,-3.4,18.200000014444445,-3.155111111111109,5.222524,5.102271,5.0661254,5.1246862,5.3111825,0,2.0,0,0.5,-1.12,31.5,68.5
2022-12-09 23:15:00,121.541527094442,0.0,0.0,17.94999997,-3.4,34.7,0,5.1764362714980825,70.66250196097344,23,4,12,-0.2588190451025215,0.965925826289068,-0.433883739117558,-0.9009688679024191,-2.4492935982947064e-16,1.0,0.0,0.0,0.0,3.475,5.4,0.0,88.75,-5.5,3.2686694,0.0,-3.925,17.82037035666667,33.93333333333333,32.8,32.35,33.25,35.0,-21.34999997,-0.0925926500000002,-0.0706666666666668,-3.329333333333333,-3.4766666666666666,18.07160494666667,-3.325111111111109,5.3111825,5.222524,5.102271,5.0661254,5.315913,0,3.0,0,0.25,-1.14,32.3,67.7
2022-12-09 23:30:00,123.509226149998,0.0,0.0,17.82037035666667,-3.4766666666666666,35.0,0,5.1764362714980825,70.66250196097344,23,4,12,-0.2588190451025215,0.965925826289068,-0.433883739117558,-0.9009688679024191,-2.4492935982947064e-16,1.0,0.0,0.0,0.0,3.15,5.4,0.0,87.5,-5.5,3.2630348,0.0,-3.75,17.74999999,34.7,33.93333333333333,32.8,32.35,35.0,-21.29703702333333,-0.1296296133333321,-0.0766666666666666,-3.4,-3.628,17.93765431555556,-3.401999999999997,5.315913,5.3111825,5.222524,5.102271,5.2936697,0,4.0,0,0.0,-1.17,33.7,66.3
2022-12-09 23:45:00,204.707922555552,71.899068388888,71.906845844444,17.74999999,-3.628,35.0,2,5.1764362714980825,70.66250196097344,23,4,12,-0.2588190451025215,0.965925826289068,-0.433883739117558,-0.9009688679024191,-2.4492935982947064e-16,1.0,0.0,0.0,0.0,2.825,5.4,0.0,86.25,-5.5,3.256684,0.0,-3.575,17.90740740333333,35.0,34.7,33.93333333333333,32.8,34.81666666666667,-21.37799999,-0.070370366666669,-0.1513333333333335,-3.4766666666666666,-3.7126666666666654,17.84012343888889,-3.5015555555555533,5.2936697,5.315913,5.3111825,5.222524,5.315547,0,3.0,1,0.25,-1.18,34.5,65.5
2022-12-10 00:00:00,243.234159194442,122.996468844444,123.00119092222,17.90740740333333,-3.7126666666666654,34.81666666666667,2,5.1764362714980825,70.66250196097344,0,5,12,0.0,1.0,-0.9749279121818236,-0.2225209339563146,-2.4492935982947064e-16,1.0,0.0,0.0,0.0,2.5,5.4,0.0,85.0,-5.5,3.2496028,0.0,-3.4,18.03888893,35.0,35.0,34.7,33.93333333333333,34.1,-21.62007407,0.1574074133333312,-0.0846666666666662,-3.628,-3.8653333333333335,17.825925916666666,-3.605777777777776,5.315547,5.2936697,5.315913,5.3111825,5.2470193,0,2.0,0,0.5,-1.15,32.7,67.3
2022-12-10 00:15:00,106.099922516666,71.216595672222,71.22687306111,18.03888893,-3.8653333333333335,34.1,2,5.1764362714980825,70.66250196097344,0,5,12,0.0,1.0,-0.9749279121818236,-0.2225209339563146,-2.4492935982947064e-16,1.0,0.0,0.0,0.0,2.775,5.4,0.0,84.75,-5.475,3.2515533,0.0,-3.35,17.900000013333333,34.81666666666667,35.0,35.0,34.7,33.35,-21.90422226333333,0.1314815266666684,-0.1526666666666671,-3.7126666666666654,-3.956,17.89876544111111,-3.735333333333331,5.2470193,5.315547,5.2936697,5.315913,5.0893836,0,1.0,0,0.75,-1.12,31.5,68.5
2022-12-10 00:30:00,144.228675105554,115.965361183334,115.980916144444,17.900000013333333,-3.956,33.35,2,5.1764362714980825,70.66250196097344,0,5,12,0.0,1.0,-0.9749279121818236,-0.2225209339563146,-2.4492935982947064e-16,1.0,0.0,0.0,0.0,3.05,5.4,0.0,84.5,-5.45,3.253472,0.0,-3.3,18.07222222,34.1,34.81666666666667,35.0,35.0,32.6,-21.856000013333333,-0.1388889166666658,-0.0906666666666669,-3.8653333333333335,-4.044,17.94876544888889,-3.8446666666666647,5.0893836,5.2470193,5.315547,5.2936697,5.0261626,0,0.0,0,1.0,-1.16,33.2,66.8
2022-12-10 00:45:00,178.706740477772,155.086018544444,155.101851277776,18.07222222,-4.044,32.6,2,5.1764362714980825,70.66250196097344,0,5,12,0.0,1.0,-0.9749279121818236,-0.2225209339563146,-2.4492935982947064e-16,1.0,0.0,0.0,0.0,3.325,5.4,0.0,84.25,-5.425000000000001,3.255359,0.0,-3.25,18.32962964333333,33.35,34.1,34.81666666666667,35.0,31.666666666666668,-22.11622222,0.1722222066666674,-0.0879999999999991,-3.956,-4.047333333333333,18.003703721111112,-3.955111111111109,5.0261626,5.0893836,5.2470193,5.315547,4.957479,0,0.0,0,1.0,-1.12,31.5,68.5
2022-12-10 01:00:00,22.533265433328,0.0,0.0,18.32962964333333,-4.047333333333333,31.666666666666668,0,5.1764362714980825,70.66250196097344,1,5,12,0.2588190451025207,0.9659258262890684,-0.9749279121818236,-0.2225209339563146,-2.4492935982947064e-16,1.0,0.0,0.0,0.0,3.6,5.4,0.0,84.0,-5.4,3.257213,0.0,-3.2,18.083333340000003,32.6,33.35,34.1,34.81666666666667,31.0,-22.37696297666666,0.2574074233333299,-0.0033333333333329,-4.044,-4.160666666666667,18.10061729222222,-4.015777777777776,4.957479,5.0261626,5.0893836,5.2470193,4.7826395,1,1.0,1,0.75,-1.07,29.0,71.0
2022-12-10 01:15:00,143.347043738886,106.507406216666,106.519905733332,18.083333340000003,-4.160666666666667,31.0,2,5.1764362714980825,70.66250196097344,1,5,12,0.2588190451025207,0.9659258262890684,-0.9749279121818236,-0.2225209339563146,-2.4492935982947064e-16,1.0,0.0,0.0,0.0,3.65,5.8500000000000005,0.0,84.5,-5.525,3.2362201,0.0,-3.375,18.10185186,31.666666666666668,32.6,33.35,34.1,31.0,-22.24400000666667,-0.2462963033333274,-0.1133333333333341,-4.047333333333333,-4.3,18.161728401111112,-4.083999999999997,4.7826395,4.957479,5.0261626,5.0893836,4.787906,0,1.0,1,0.75,-1.13,31.7,68.3
2022-12-10 01:30:00,210.116039572218,174.214975572222,174.2380302,18.10185186,-4.3,31.0,2,5.1764362714980825,70.66250196097344,1,5,12,0.2588190451025207,0.9659258262890684,-0.9749279121818236,-0.2225209339563146,-2.4492935982947064e-16,1.0,0.0,0.0,0.0,3.7,6.300000000000001,0.0,85.0,-5.65,3.2151902,0.0,-3.55,18.3722222,31.0,31.666666666666668,32.6,33.35,30.6,-22.40185186,0.018518519999997,-0.1393333333333331,-4.160666666666667,-4.359333333333334,18.17160494777778,-4.169333333333331,4.787906,4.7826395,4.957479,5.0261626,4.8026094,0,1.0,0,0.75,-1.12,31.5,68.5
2022-12-10 01:45:00,26.133121366664,10.955117327778,10.96150602222,18.3722222,-4.359333333333334,30.6,1,5.1764362714980825,70.66250196097344,1,5,12,0.2588190451025207,0.9659258262890684,-0.9749279121818236,-0.2225209339563146,-2.4492935982947064e-16,1.0,0.0,0.0,0.0,3.75,6.75,0.0,85.5,-5.775,3.1941268,0.0,-3.725,18.169444447142855,31.0,31.0,31.666666666666668,32.6,30.02857142857143,-22.73155553333333,0.2703703399999995,-0.0593333333333339,-4.3,-4.273571428571429,18.18580246666667,-4.273333333333331,4.8026094,4.787906,4.7826395,4.957479,4.6565375,0,1.0,1,0.75,-1.06,28.8,71.2
2022-12-10 02:00:00,120.766835866664,106.170475244444,106.185752433332,18.169444447142855,-4.273571428571429,30.02857142857143,2,5.1764362714980825,70.66250196097344,2,5,12,0.4999999999999999,0.8660254037844387,-0.9749279121818236,-0.2225209339563146,-2.4492935982947064e-16,1.0,0.0,0.0,0.0,3.8,7.2,0.0,86.0,-5.9,3.1730332,0.0,-3.9,18.15555559,30.6,31.0,31.0,31.666666666666668,30.0,-22.443015875714288,-0.2027777528571412,0.0857619047619051,-4.359333333333334,-4.390000000000001,18.21450616904762,-4.310968253968252,4.6565375,4.8026094,4.787906,4.7826395,4.6482697,0,0.0,1,1.0,-1.11,31.0,69.0
2022-12-10 02:15:00,214.885015355556,188.003035111112,188.026367511112,18.15555559,-4.390000000000001,30.0,2,5.1764362714980825,70.66250196097344,2,5,12,0.4999999999999999,0.8660254037844387,-0.9749279121818236,-0.2225209339563146,-2.4492935982947064e-16,1.0,0.0,0.0,0.0,5.025,8.45,0.0,83.75,-6.25,3.0955245,0.0,-3.875,18.41111109111111,30.02857142857143,30.6,31.0,31.0,29.71111111111111,-22.54555559,-0.0138888571428594,-0.1164285714285719,-4.273571428571429,-4.23,18.232407412380955,-4.340968253968252,4.6482697,4.6565375,4.8026094,4.787906,4.6738667,0,0.0,0,1.0,-1.11,31.2,68.8
2022-12-10 02:30:00,82.065883966664,70.383573411112,70.394128588888,18.41111109111111,-4.23,29.71111111111111,1,5.1764362714980825,70.66250196097344,2,5,12,0.4999999999999999,0.8660254037844387,-0.9749279121818236,-0.2225209339563146,-2.4492935982947064e-16,1.0,0.0,0.0,0.0,6.25,9.7,0.0,81.5,-6.6,3.0177286,0.0,-3.85,18.28333331,30.0,30.02857142857143,30.6,31.0,29.5,-22.64111109111111,0.255555501111111,0.1600000000000001,-4.390000000000001,-4.335333333333334,18.24537037608465,-4.297857142857141,4.6738667,4.6482697,4.6565375,4.8026094,4.6056113,0,0.0,1,1.0,-1.06,28.6,71.4
2022-12-10 02:45:00,149.77595313889,118.768304627778,118.785248433332,18.28333331,-4.335333333333334,29.5,2,5.1764362714980825,70.66250196097344,2,5,12,0.4999999999999999,0.8660254037844387,-0.9749279121818236,-0.2225209339563146,-2.4492935982947064e-16,1.0,0.0,0.0,0.0,7.475,10.95,0.0,79.25,-6.95,2.9396453,0.0,-3.825,18.272222223333337,29.71111111111111,30.0,30.02857142857143,30.6,29.5,-22.61866664333333,-0.12777778111111,-0.1053333333333332,-4.23,-4.304,18.28333333037037,-4.3184444444444425,4.6056113,4.6738667,4.6482697,4.6565375,4.602576,0,0.0,1,1.0,-1.09,29.9,70.1
2022-12-10 03:00:00,181.1619199,142.454301566668,142.472356444444,18.272222223333337,-4.304,29.5,2,5.1764362714980825,70.66250196097344,3,5,12,0.7071067811865476,0.7071067811865476,-0.9749279121818236,-0.2225209339563146,-2.4492935982947064e-16,1.0,0.0,0.0,0.0,8.7,12.2,0.0,77.0,-7.3,2.8612716,0.0,-3.8,18.41666663,29.5,29.71111111111111,30.0,30.02857142857143,29.15,-22.57622222333334,-0.0111110866666628,0.0313333333333334,-4.335333333333334,-4.460666666666667,18.322222208148148,-4.289777777777776,4.602576,4.6056113,4.6738667,4.6482697,4.587108,0,0.0,0,1.0,-1.09,30.1,69.9
2022-12-10 03:15:00,40.291166222216,16.368511866667998,16.373789505554,18.41666663,-4.460666666666667,29.15,1,5.1764362714980825,70.66250196097344,3,5,12,0.7071067811865476,0.7071067811865476,-0.9749279121818236,-0.2225209339563146,-2.4492935982947064e-16,1.0,0.0,0.0,0.0,8.6,12.575,0.0,75.5,-7.649999999999999,2.7806706,0.0,-3.925,18.20555556333333,29.5,29.5,29.71111111111111,30.0,29.183333333333334,-22.87733329666667,0.1444444066666648,-0.1566666666666663,-4.304,-4.637333333333333,18.32407405444445,-4.3666666666666645,4.587108,4.602576,4.6056113,4.6738667,4.535182,0,0.0,1,1.0,-1.06,28.7,71.3
2022-12-10 03:30:00,165.1367276,143.6759194,143.693974294442,18.20555556333333,-4.637333333333333,29.183333333333334,2,5.1764362714980825,70.66250196097344,3,5,12,0.7071067811865476,0.7071067811865476,-0.9749279121818236,-0.2225209339563146,-2.4492935982947064e-16,1.0,0.0,0.0,0.0,8.5,12.95,0.0,74.0,-8.0,2.7012472,0.0,-4.05,18.45000002,29.15,29.5,29.5,29.71111111111111,29.1,-22.84288889666667,-0.2111110666666675,-0.1766666666666667,-4.460666666666667,-4.656666666666666,18.29814813888889,-4.467333333333332,4.535182,4.587108,4.602576,4.6056113,4.588298,0,0.0,1,1.0,-1.11,30.8,69.2
2022-12-10 03:45:00,272.809365055552,62.589163,62.598884844444,18.45000002,-4.656666666666666,29.1,1,5.1764362714980825,70.66250196097344,3,5,12,0.7071067811865476,0.7071067811865476,-0.9749279121818236,-0.2225209339563146,-2.4492935982947064e-16,1.0,0.0,0.0,0.0,8.4,13.325,0.0,72.5,-8.35,2.622989,0.0,-4.175,18.39325396142857,29.183333333333334,29.15,29.5,29.5,28.52142857142857,-23.106666686666667,0.2444444566666668,-0.0193333333333329,-4.637333333333333,-4.508571428571428,18.357407404444448,-4.584888888888886,4.588298,4.535182,4.587108,4.602576,4.481969,0,0.0,1,1.0,-1.05,28.3,71.7
2022-12-10 04:00:00,170.495402261106,85.146871788888,85.158260266664,18.39325396142857,-4.508571428571428,28.52142857142857,2,5.1764362714980825,70.66250196097344,4,5,12,0.8660254037844386,0.5000000000000001,-0.9749279121818236,-0.2225209339563146,-2.4492935982947064e-16,1.0,0.0,0.0,0.0,8.3,13.7,0.0,71.0,-8.7,2.5458834,0.0,-4.3,18.32777775,29.1,29.183333333333334,29.15,29.5,28.5,-22.90182539,-0.0567460585714307,0.1480952380952382,-4.656666666666666,-4.26,18.3496031815873,-4.60085714285714,4.481969,4.588298,4.535182,4.587108,4.4612403,0,0.0,1,1.0,-1.07,29.0,71.0
2022-12-10 04:15:00,172.966969977776,135.814844972222,135.83234432222,18.32777775,-4.26,28.5,2,5.1764362714980825,70.66250196097344,4,5,12,0.8660254037844386,0.5000000000000001,-0.9749279121818236,-0.2225209339563146,-2.4492935982947064e-16,1.0,0.0,0.0,0.0,8.225000000000001,13.525,0.0,71.25,-8.75,2.5411835,0.0,-4.375,18.511111106666664,28.52142857142857,29.1,29.183333333333334,29.15,28.316666666666663,-22.58777775,-0.0654762114285709,0.2485714285714282,-4.508571428571428,-4.1306666666666665,18.39034391047619,-4.475079365079362,4.4612403,4.481969,4.588298,4.535182,4.480986,0,0.0,0,1.0,-1.08,29.7,70.3
2022-12-10 04:30:00,57.635194483334,25.382317983334,25.388984433332,18.511111106666664,-4.1306666666666665,28.316666666666663,1,5.1764362714980825,70.66250196097344,4,5,12,0.8660254037844386,0.5000000000000001,-0.9749279121818236,-0.2225209339563146,-2.4492935982947064e-16,1.0,0.0,0.0,0.0,8.15,13.35,0.0,71.5,-8.8,2.5364523,0.0,-4.449999999999999,18.28333332,28.5,28.52142857142857,29.1,29.183333333333334,28.35,-22.64177777333333,0.1833333566666652,0.1293333333333333,-4.26,-4.083333333333333,18.41071427269841,-4.299746031746029,4.480986,4.4612403,4.481969,4.588298,4.426071,0,0.0,1,1.0,-1.04,27.9,72.1
2022-12-10 04:45:00,176.038235955556,144.77559766111,144.792263727774,18.28333332,-4.083333333333333,28.35,2,5.1764362714980825,70.66250196097344,4,5,12,0.8660254037844386,0.5000000000000001,-0.9749279121818236,-0.2225209339563146,-2.4492935982947064e-16,1.0,0.0,0.0,0.0,8.075000000000001,13.175,0.0,71.75,-8.85,2.5316904,0.0,-4.525,18.40740740333333,28.316666666666663,28.5,28.52142857142857,29.1,28.316666666666663,-22.366666653333333,-0.2277777866666639,0.0473333333333334,-4.1306666666666665,-4.15,18.37407405888889,-4.157999999999998,4.426071,4.480986,4.4612403,4.481969,4.453528,0,0.0,1,1.0,-1.09,30.2,69.8
2022-12-10 05:00:00,162.996813233332,141.002970755556,141.019636772222,18.40740740333333,-4.15,28.316666666666663,2,5.1764362714980825,70.66250196097344,5,5,12,0.9659258262890684,0.2588190451025207,-0.9749279121818236,-0.2225209339563146,-2.4492935982947064e-16,1.0,0.0,0.0,0.0,8.0,13.0,0.0,72.0,-8.9,2.526898,0.0,-4.6,18.38888888,28.35,28.316666666666663,28.5,28.52142857142857,28.0,-22.55740740333333,0.1240740833333298,-0.0666666666666673,-4.083333333333333,-4.248,18.400617276666665,-4.121333333333332,4.453528,4.426071,4.480986,4.4612403,4.39889,0,0.0,0,1.0,-1.07,28.9,71.1
2022-12-10 05:15:00,140.189947777776,117.67418176111,117.689181177776,18.38888888,-4.248,28.0,2,5.1764362714980825,70.66250196097344,5,5,12,0.9659258262890684,0.2588190451025207,-0.9749279121818236,-0.2225209339563146,-2.4492935982947064e-16,1.0,0.0,0.0,0.0,7.975,12.8,0.0,72.0,-8.875,2.526898,0.0,-4.6,18.361111114285716,28.316666666666663,28.35,28.316666666666663,28.5,28.0,-22.63688888,-0.0185185233333307,-0.0979999999999998,-4.15,-4.364285714285714,18.35987653444445,-4.160444444444442,4.39889,4.453528,4.426071,4.480986,4.3916483,0,0.0,0,1.0,-1.07,29.2,70.8
2022-12-10 05:30:00,180.745547688888,141.357678833332,141.37406706111,18.361111114285716,-4.364285714285714,28.0,2,5.1764362714980825,70.66250196097344,5,5,12,0.9659258262890684,0.2588190451025207,-0.9749279121818236,-0.2225209339563146,-2.4492935982947064e-16,1.0,0.0,0.0,0.0,7.95,12.6,0.0,72.0,-8.850000000000001,2.526898,0.0,-4.6,18.60000004,28.0,28.316666666666663,28.35,28.316666666666663,27.8,-22.725396828571427,-0.027777765714287,-0.1162857142857136,-4.248,-4.458571428571429,18.385802465873017,-4.254095238095236,4.3916483,4.39889,4.453528,4.426071,4.4224467,0,0.0,0,1.0,-1.08,29.5,70.5
2022-12-10 05:45:00,19.372280727774,0.0,0.0,18.60000004,-4.458571428571429,27.8,0,5.1764362714980825,70.66250196097344,5,5,12,0.9659258262890684,0.2588190451025207,-0.9749279121818236,-0.2225209339563146,-2.4492935982947064e-16,1.0,0.0,0.0,0.0,7.925000000000001,12.4,0.0,72.0,-8.825000000000001,2.526898,0.0,-4.6,18.3333333,28.0,28.0,28.316666666666663,28.35,27.875,-23.05857146857143,0.2388889257142885,-0.0942857142857152,-4.364285714285714,-4.65,18.45000001142857,-4.356952380952379,4.4224467,4.3916483,4.39889,4.453528,4.3648443,1,1.0,1,0.75,-1.02,27.1,72.9
2022-12-10 06:00:00,73.319844788892,64.775186655556,64.782964111112,18.3333333,-4.65,27.875,1,5.1764362714980825,70.66250196097344,6,5,12,1.0,6.123233995736766e-17,-0.9749279121818236,-0.2225209339563146,-2.4492935982947064e-16,1.0,0.0,0.0,0.0,7.9,12.2,0.0,72.0,-8.8,2.526898,0.0,-4.6,18.56666668,27.8,28.0,28.0,28.316666666666663,27.6,-22.9833333,-0.2666667400000015,-0.1914285714285704,-4.458571428571429,-4.757333333333333,18.431481484761907,-4.490952380952378,4.3648443,4.4224467,4.3916483,4.39889,4.3819723,0,1.0,1,0.75,-1.08,29.8,70.2
2022-12-10 06:15:00,113.844612683334,81.563681755556,81.5742369,18.56666668,-4.757333333333333,27.6,2,5.1764362714980825,70.66250196097344,6,5,12,1.0,6.123233995736766e-17,-0.9749279121818236,-0.2225209339563146,-2.4492935982947064e-16,1.0,0.0,0.0,0.0,7.9,12.2,0.0,72.5,-8.75,2.5444458,0.0,-4.6,18.54444445333333,27.875,27.8,28.0,28.0,27.03333333333333,-23.324000013333333,0.2333333800000012,-0.1073333333333339,-4.65,-4.8580000000000005,18.500000006666667,-4.621968253968252,4.3819723,4.3648443,4.4224467,4.3916483,4.2863607,0,1.0,1,0.75,-1.03,27.5,72.5
2022-12-10 06:30:00,97.182223838882,74.076203516666,74.087592027774,18.54444445333333,-4.8580000000000005,27.03333333333333,2,5.1764362714980825,70.66250196097344,6,5,12,1.0,6.123233995736766e-17,-0.9749279121818236,-0.2225209339563146,-2.4492935982947064e-16,1.0,0.0,0.0,0.0,7.9,12.2,0.0,73.0,-8.7,2.5619936,0.0,-4.6,18.4,27.6,27.875,27.8,28.0,27.3,-23.40244445333333,-0.0222222266666669,-0.1006666666666671,-4.757333333333333,-4.936000000000001,18.48148147777778,-4.755111111111109,4.2863607,4.3819723,4.3648443,4.4224467,4.2917447,0,1.0,0,0.75,-1.04,27.9,72.1
2022-12-10 06:45:00,189.971289727778,168.476871755556,168.49742650000002,18.4,-4.936000000000001,27.3,2,5.1764362714980825,70.66250196097344,6,5,12,1.0,6.123233995736766e-17,-0.9749279121818236,-0.2225209339563146,-2.4492935982947064e-16,1.0,0.0,0.0,0.0,7.9,12.2,0.0,73.5,-8.65,2.5795414,0.0,-4.6,18.64814818,27.03333333333333,27.6,27.875,27.8,27.03333333333333,-23.336,-0.1444444533333353,-0.0780000000000002,-4.8580000000000005,-5.069333333333333,18.50370371111111,-4.850444444444443,4.2917447,4.2863607,4.3819723,4.3648443,4.312758,0,0.0,0,1.0,-1.07,29.2,70.8
2022-12-10 07:00:00,62.971092255552,23.560724233332,23.566001872218,18.64814818,-5.069333333333333,27.03333333333333,1,5.1764362714980825,70.66250196097344,7,5,12,0.9659258262890684,-0.2588190451025206,-0.9749279121818236,-0.2225209339563146,-2.4492935982947064e-16,1.0,0.0,0.0,0.0,7.9,12.2,0.0,74.0,-8.6,2.5970893,0.0,-4.6,18.42777777,27.3,27.03333333333333,27.6,27.875,27.05,-23.717481513333333,0.2481481800000011,-0.1333333333333319,-4.936000000000001,-5.043333333333333,18.530864211111112,-4.954444444444442,4.312758,4.2917447,4.2863607,4.3819723,4.2594533,0,0.0,1,1.0,-1.02,26.8,73.2
2022-12-10 07:15:00,404.086335833336,111.5947027,111.626090344444,18.42777777,-5.043333333333333,27.05,2,5.1764362714980825,70.66250196097344,7,5,12,0.9659258262890684,-0.2588190451025206,-0.9749279121818236,-0.2225209339563146,-2.4492935982947064e-16,1.0,0.0,0.0,0.0,7.575,12.4,0.0,76.75,-8.2,2.679159,0.0,-4.675,18.34259258666667,27.03333333333333,27.3,27.03333333333333,27.6,27.65,-23.47111110333333,-0.220370410000001,0.0259999999999998,-5.069333333333333,-5.076,18.491975316666664,-5.016222222222219,4.2594533,4.312758,4.2917447,4.2863607,4.3319917,0,0.0,1,1.0,-1.07,29.0,71.0
2022-12-10 07:30:00,160.685516755556,105.846599333332,105.866598533332,18.34259258666667,-5.076,27.65,2,5.1764362714980825,70.66250196097344,7,5,12,0.9659258262890684,-0.2588190451025206,-0.9749279121818236,-0.2225209339563146,-2.4492935982947064e-16,1.0,0.0,0.0,0.0,7.25,12.6,0.0,79.5,-7.8,2.7602649,0.0,-4.75,18.34444441,27.05,27.03333333333333,27.3,27.03333333333333,28.0,-23.41859258666667,-0.0851851833333299,-0.0326666666666666,-5.043333333333333,-5.255333333333334,18.472839512222222,-5.062888888888886,4.3319917,4.2594533,4.312758,4.2917447,4.387309,0,0.0,0,1.0,-1.08,29.8,70.2
2022-12-10 07:45:00,62.023907911108,12.190623455556,12.201456355556,18.34444441,-5.255333333333334,28.0,1,5.1764362714980825,70.66250196097344,7,5,12,0.9659258262890684,-0.2588190451025206,-0.9749279121818236,-0.2225209339563146,-2.4492935982947064e-16,1.0,0.0,0.0,0.0,6.925,12.8,0.0,82.25,-7.4,2.8404133,0.0,-4.825,18.085185176666663,27.65,27.05,27.03333333333333,27.3,28.0,-23.59977774333333,0.0018518233333324,-0.179333333333334,-5.076,-4.83,18.371604922222225,-5.124888888888886,4.387309,4.3319917,4.2594533,4.312758,4.32028,0,0.0,1,1.0,-1.08,29.7,70.3
2022-12-10 08:00:00,157.82118706666,106.477407416666,106.497406616666,18.085185176666663,-4.83,28.0,2,5.1764362714980825,70.66250196097344,8,5,12,0.8660254037844387,-0.4999999999999998,-0.9749279121818236,-0.2225209339563146,-2.4492935982947064e-16,1.0,0.0,0.0,0.0,6.6,13.0,0.0,85.0,-7.0,2.919611,0.0,-4.9,18.02222225,28.0,27.65,27.05,27.03333333333333,28.0,-22.915185176666668,-0.259259233333335,0.4253333333333335,-5.255333333333334,-4.383333333333334,18.25740739111112,-5.053777777777776,4.32028,4.387309,4.3319917,4.2594533,4.304135,0,0.0,1,1.0,-1.14,32.4,67.6
2022-12-10 08:15:00,147.683536938886,94.152344855556,94.171788544444,18.02222225,-4.383333333333334,28.0,2,5.1764362714980825,70.66250196097344,8,5,12,0.8660254037844387,-0.4999999999999998,-0.9749279121818236,-0.2225209339563146,-2.4492935982947064e-16,1.0,2.75,0.6875,0.2291666666666666,7.05,13.075,0.0,84.75,-7.025,2.9110243,0.0,-4.9,17.879629626666667,28.0,28.0,27.65,27.05,28.0,-22.40555558333333,-0.062962926666664,0.4466666666666663,-4.83,-4.070666666666667,18.15061727888889,-4.822888888888887,4.304135,4.32028,4.387309,4.3319917,4.2677655,0,0.0,0,1.0,-1.15,33.1,66.9
2022-12-10 08:30:00,174.38691316111,112.9396489,112.96020366111,17.879629626666667,-4.070666666666667,28.0,2,5.1764362714980825,70.66250196097344,8,5,12,0.8660254037844387,-0.4999999999999998,-0.9749279121818236,-0.2225209339563146,-2.4492935982947064e-16,1.0,5.5,2.0625,0.6875,7.5,13.15,0.0,84.5,-7.05,2.902437,0.0,-4.9,18.02777776,28.0,28.0,28.0,27.65,27.65,-21.95029629333333,-0.1425926233333356,0.3126666666666668,-4.383333333333334,-3.53,17.99567901777778,-4.427999999999998,4.2677655,4.304135,4.32028,4.387309,4.2517376,0,0.0,0,1.0,-1.19,34.7,65.3
2022-12-10 08:45:00,114.986511538886,59.34457053889,59.3601255,18.02777776,-3.53,27.65,1,5.1764362714980825,70.66250196097344,8,5,12,0.8660254037844387,-0.4999999999999998,-0.9749279121818236,-0.2225209339563146,-2.4492935982947064e-16,1.0,8.25,4.125,1.375,7.95,13.225,0.0,84.25,-7.074999999999999,2.8938498,0.0,-4.9,18.10158729142857,28.0,28.0,28.0,28.0,27.5,-21.55777776,0.1481481333333327,0.5406666666666666,-4.070666666666667,-3.6142857142857134,17.976543212222225,-3.994666666666664,4.2517376,4.2677655,4.304135,4.32028,4.247269,0,0.0,1,1.0,-1.16,33.1,66.9
2022-12-10 09:00:00,29.143556427778,0.0,0.0,18.10158729142857,-3.6142857142857134,27.5,0,5.1764362714980825,70.66250196097344,9,5,12,0.7071067811865476,-0.7071067811865475,-0.9749279121818236,-0.2225209339563146,-2.4492935982947064e-16,1.0,11.0,6.875,2.2916666666666665,8.4,13.3,0.0,84.0,-7.1,2.8852625,0.0,-4.9,18.003174564285715,27.65,28.0,28.0,28.0,27.885714285714283,-21.715873005714283,0.0738095314285693,-0.084285714285714,-3.53,-2.5157142857142856,18.002998226031746,-3.738317460317458,4.247269,4.2517376,4.2677655,4.304135,4.281713,1,1.0,1,0.75,-1.14,32.3,67.7
2022-12-10 09:15:00,74.538129455556,53.803403344444,53.813125172222,18.003174564285715,-2.5157142857142856,27.885714285714283,1,5.1764362714980825,70.66250196097344,9,5,12,0.7071067811865476,-0.7071067811865475,-0.9749279121818236,-0.2225209339563146,-2.4492935982947064e-16,1.0,37.75,15.625,5.4375,7.7,13.75,0.0,80.25,-7.3,2.8519552,0.0,-4.425000000000001,18.162962943333333,27.5,27.65,28.0,28.0,27.35,-20.51888885,-0.0984127271428541,1.0985714285714288,-3.6142857142857134,-2.3886666666666665,18.044179871904763,-3.219999999999997,4.281713,4.247269,4.2517376,4.2677655,4.2395377,0,1.0,1,0.75,-1.16,33.3,66.7
2022-12-10 09:30:00,74.651180433336,0.0,0.0,18.162962943333333,-2.3886666666666665,27.35,0,5.1764362714980825,70.66250196097344,9,5,12,0.7071067811865476,-0.7071067811865475,-0.9749279121818236,-0.2225209339563146,-2.4492935982947064e-16,1.0,64.5,30.375,10.8125,7.0,14.2,0.0,76.5,-7.5,2.8124864,0.0,-3.95,18.00555553,27.885714285714283,27.5,27.65,28.0,27.35,-20.55162961,0.1597883790476189,0.127047619047619,-2.5157142857142856,-2.4593333333333334,18.08924159968254,-2.839555555555553,4.2395377,4.281713,4.247269,4.2517376,4.200052,1,2.0,1,0.5,-1.13,31.7,68.3
2022-12-10 09:45:00,171.238150233332,113.686007944444,113.706562688888,18.00555553,-2.4593333333333334,27.35,2,5.1764362714980825,70.66250196097344,9,5,12,0.7071067811865476,-0.7071067811865475,-0.9749279121818236,-0.2225209339563146,-2.4492935982947064e-16,1.0,91.25,51.125,18.416666666666668,6.3,14.65,0.0,72.75,-7.7,2.7665164,0.0,-3.475,18.109259273333336,27.35,27.885714285714283,27.5,27.65,27.5,-20.46488886333333,-0.1574074133333347,-0.0706666666666668,-2.3886666666666665,-1.9066666666666667,18.057231012539685,-2.4545714285714264,4.200052,4.2395377,4.281713,4.247269,4.249207,0,2.0,1,0.5,-1.16,33.4,66.6
2022-12-10 10:00:00,410.432193105558,55.699994144444,55.716937916666005,18.109259273333336,-1.9066666666666667,27.5,1,5.1764362714980825,70.66250196097344,10,5,12,0.4999999999999999,-0.8660254037844387,-0.9749279121818236,-0.2225209339563146,-2.4492935982947064e-16,1.0,118.0,77.875,28.25,5.6,15.1,0.0,69.0,-7.9,2.7136948,0.0,-3.0,18.10000002,27.35,27.35,27.885714285714283,27.5,27.2,-20.01592594,0.1037037433333374,0.5526666666666666,-2.4593333333333334,-1.77,18.092592582222224,-2.2515555555555533,4.249207,4.200052,4.2395377,4.281713,4.2005396,0,1.0,1,0.75,-1.14,32.2,67.8
2022-12-10 10:15:00,122.060672911112,69.2680625,69.286395116666,18.10000002,-1.77,27.2,1,5.1764362714980825,70.66250196097344,10,5,12,0.4999999999999999,-0.8660254037844387,-0.9749279121818236,-0.2225209339563146,-2.4492935982947064e-16,1.0,151.0,106.1875,40.833333333333336,5.925,16.175,0.0,65.5,-8.175,2.6685162,0.0,-2.5,18.105555566666663,27.5,27.35,27.35,27.885714285714283,27.466666666666665,-19.87000002,-0.0092592533333366,0.1366666666666667,-1.9066666666666667,-1.6226666666666667,18.07160494111111,-2.045333333333331,4.2005396,4.249207,4.200052,4.2395377,4.243123,0,1.0,0,0.75,-1.14,32.4,67.6
2022-12-10 10:30:00,159.99887762222,111.681365916666,111.702198433332,18.105555566666663,-1.6226666666666667,27.466666666666665,2,5.1764362714980825,70.66250196097344,10,5,12,0.4999999999999999,-0.8660254037844387,-0.9749279121818236,-0.2225209339563146,-2.4492935982947064e-16,1.0,184.0,136.0625,56.16666666666666,6.25,17.25,0.0,62.0,-8.45,2.6162043,0.0,-2.0,18.55555558,27.2,27.5,27.35,27.35,26.8,-19.728222233333334,0.0055555466666668,0.1473333333333333,-1.77,-1.044,18.10493828666667,-1.766444444444442,4.243123,4.2005396,4.249207,4.200052,4.2521605,0,0.0,1,1.0,-1.14,32.3,67.7
2022-12-10 10:45:00,53.029267644444,0.0,0.0,18.55555558,-1.044,26.8,0,5.1764362714980825,70.66250196097344,10,5,12,0.4999999999999999,-0.8660254037844387,-0.9749279121818236,-0.2225209339563146,-2.4492935982947064e-16,1.0,217.0,167.5,74.25,6.575,18.325,0.0,58.5,-8.725,2.5563622,0.0,-1.5,18.67777776333333,27.466666666666665,27.2,27.5,27.35,26.683333333333334,-19.59955558,0.4500000133333337,0.5786666666666667,-1.6226666666666667,-0.6766666666666666,18.253703722222223,-1.4788888888888865,4.2521605,4.243123,4.2005396,4.249207,4.264393,1,1.0,1,0.75,-1.04,27.8,72.2
2022-12-10 11:00:00,172.341717255552,107.343483872222,107.364038633332,18.67777776333333,-0.6766666666666666,26.683333333333334,2,5.1764362714980825,70.66250196097344,11,5,12,0.258819045102521,-0.9659258262890682,-0.9749279121818236,-0.2225209339563146,-2.4492935982947064e-16,1.0,250.0,200.5,95.08333333333331,6.9,19.4,0.0,55.0,-9.0,2.4885786,0.0,-1.0,18.68333332,26.8,27.466666666666665,27.2,27.5,26.95,-19.35444443,0.1222221833333314,0.3673333333333334,-1.044,-0.122,18.446296303333337,-1.114444444444442,4.264393,4.2521605,4.243123,4.2005396,4.308426,0,1.0,1,0.75,-1.01,26.6,73.4
2022-12-10 11:15:00,110.198091916666,50.6338079,50.647974,18.68333332,-0.122,26.95,1,5.1764362714980825,70.66250196097344,11,5,12,0.258819045102521,-0.9659258262890682,-0.9749279121818236,-0.2225209339563146,-2.4492935982947064e-16,1.0,275.0,231.5,117.77083333333331,6.825,19.6,0.0,52.5,-9.175,2.4507725,0.0,-0.55,18.56851854,26.683333333333334,26.8,27.466666666666665,27.2,26.53333333333333,-18.80533332,0.0055555566666676,0.5546666666666666,-0.6766666666666666,-0.194,18.638888887777775,-0.6142222222222199,4.308426,4.264393,4.2521605,4.243123,4.2130833,0,1.0,1,0.75,-1.01,26.5,73.5
2022-12-10 11:30:00,91.233850533332,46.932289283334,46.945899822224,18.56851854,-0.194,26.53333333333333,1,5.1764362714980825,70.66250196097344,11,5,12,0.258819045102521,-0.9659258262890682,-0.9749279121818236,-0.2225209339563146,-2.4492935982947064e-16,1.0,300.0,260.5,142.3125,6.75,19.8,0.0,50.0,-9.35,2.4077826,0.0,-0.0999999999999999,18.367948703076923,26.95,26.683333333333334,26.8,27.466666666666665,27.13076923076923,-18.76251854,-0.1148147799999996,-0.072,-0.122,0.0161538461538461,18.643209874444445,-0.3308888888888865,4.2130833,4.308426,4.264393,4.2521605,4.2570405,0,1.0,0,0.75,-1.04,27.7,72.3
2022-12-10 11:45:00,146.238872344448,107.78429953889,107.802632122224,18.367948703076923,0.0161538461538461,27.13076923076923,2,5.1764362714980825,70.66250196097344,11,5,12,0.258819045102521,-0.9659258262890682,-0.9749279121818236,-0.2225209339563146,-2.4492935982947064e-16,1.0,325.0,287.5,168.70833333333334,6.675,20.0,0.0,47.5,-9.525,2.3593538,0.0,0.3499999999999998,18.900000010000003,26.53333333333333,26.95,26.683333333333334,26.8,26.3,-18.35179485692308,-0.2005698369230764,0.2101538461538461,-0.194,0.5885714285714286,18.53993352102564,-0.0999487179487155,4.2570405,4.2130833,4.308426,4.264393,4.258711,0,0.0,1,1.0,-1.08,29.6,70.4
2022-12-10 12:00:00,26.725875338890003,0.0,0.0,18.900000010000003,0.5885714285714286,26.3,0,5.1764362714980825,70.66250196097344,12,5,12,1.2246467991473532e-16,-1.0,-0.9749279121818236,-0.2225209339563146,-2.4492935982947064e-16,1.0,350.0,312.5,196.95833333333331,6.6,20.2,0.0,45.0,-9.7,2.3052244,0.0,0.8,18.95555553,27.13076923076923,26.53333333333333,26.95,26.683333333333334,26.05,-18.311428581428576,0.5320513069230799,0.5724175824175824,0.0161538461538461,0.896,18.612155751025643,0.1369084249084272,4.258711,4.2570405,4.2130833,4.308426,4.23209,1,1.0,1,0.75,-0.96,24.6,75.4
2022-12-10 12:15:00,159.095858027782,106.335746383334,106.357134444444,18.95555553,0.896,26.05,2,5.1764362714980825,70.66250196097344,12,5,12,1.2246467991473532e-16,-1.0,-0.9749279121818236,-0.2225209339563146,-2.4492935982947064e-16,1.0,363.0,334.5,224.0625,6.449999999999999,20.1,0.0,43.5,-9.8,2.2979488,0.0,1.25,18.91296295,26.3,27.13076923076923,26.53333333333333,26.95,26.28333333333333,-18.05955553,0.0555555199999986,0.3074285714285714,0.5885714285714286,1.4526666666666666,18.741168081025645,0.5002417582417605,4.23209,4.258711,4.2570405,4.2130833,4.259272,0,1.0,1,0.75,-0.95,24.1,75.9
2022-12-10 12:30:00,119.091902816666,59.043193744444,59.059304233332,18.91296295,1.4526666666666666,26.28333333333333,1,5.1764362714980825,70.66250196097344,12,5,12,1.2246467991473532e-16,-1.0,-0.9749279121818236,-0.2225209339563146,-2.4492935982947064e-16,1.0,376.0,353.5,250.02083333333331,6.3,20.0,0.0,42.0,-9.9,2.287707,0.0,1.7000000000000002,18.89444444,26.05,26.3,27.13076923076923,26.53333333333333,26.0,-17.460296283333335,-0.0425925800000008,0.5566666666666665,0.896,2.06,18.92283949666667,0.9790793650793672,4.259272,4.23209,4.258711,4.2570405,4.208751,0,1.0,1,0.75,-0.96,24.5,75.5
2022-12-10 12:45:00,87.861207677776,28.999951088888,29.013561694442,18.89444444,2.06,26.0,1,5.1764362714980825,70.66250196097344,12,5,12,1.2246467991473532e-16,-1.0,-0.9749279121818236,-0.2225209339563146,-2.4492935982947064e-16,1.0,389.0,369.5,274.8333333333333,6.15,19.9,0.0,40.5,-10.0,2.2743435,0.0,2.15,18.785185206666664,26.28333333333333,26.05,26.3,27.13076923076923,26.183333333333334,-16.83444444,-0.0185185100000033,0.6073333333333335,1.4526666666666666,2.189333333333333,18.920987640000003,1.469555555555558,4.208751,4.259272,4.23209,4.258711,4.21115,0,1.0,0,0.75,-0.97,24.7,75.3
2022-12-10 13:00:00,174.559406161114,128.433473555556,128.456250411112,18.785185206666664,2.189333333333333,26.183333333333334,2,5.1764362714980825,70.66250196097344,13,5,12,-0.2588190451025208,-0.9659258262890684,-0.9749279121818236,-0.2225209339563146,-2.4492935982947064e-16,1.0,402.0,382.5,298.5,6.0,19.8,0.0,39.0,-10.1,2.2576964,0.0,2.6,18.79444443,26.0,26.28333333333333,26.05,26.3,26.2,-16.59585187333333,-0.1092592333333328,0.1293333333333328,2.06,2.295333333333333,18.86419753222222,1.900666666666669,4.21115,4.208751,4.259272,4.23209,4.2161393,0,0.0,1,1.0,-0.99,25.7,74.3
2022-12-10 13:15:00,57.140214266668,0.0,0.0,18.79444443,2.295333333333333,26.2,0,5.1764362714980825,70.66250196097344,13,5,12,-0.2588190451025208,-0.9659258262890684,-0.9749279121818236,-0.2225209339563146,-2.4492935982947064e-16,1.0,401.5,392.125,319.375,6.125,19.625,0.0,38.0,-10.15,2.2371564,0.0,2.85,18.54444444,26.183333333333334,26.0,26.28333333333333,26.05,27.016666666666666,-16.499111096666667,0.0092592233333341,0.1060000000000003,2.189333333333333,2.4953333333333334,18.824691358888888,2.181555555555558,4.2161393,4.21115,4.208751,4.259272,4.2837176,1,1.0,1,0.75,-0.99,25.6,74.4
2022-12-10 13:30:00,179.147556211104,100.0109994,100.02794322222,18.54444444,2.4953333333333334,27.016666666666666,2,5.1764362714980825,70.66250196097344,13,5,12,-0.2588190451025208,-0.9659258262890684,-0.9749279121818236,-0.2225209339563146,-2.4492935982947064e-16,1.0,401.0,398.375,337.4583333333333,6.25,19.450000000000003,0.0,37.0,-10.2,2.2151906,0.0,3.1,18.54444444,26.2,26.183333333333334,26.0,26.28333333333333,28.65,-16.049111106666665,-0.2499999899999991,0.2000000000000001,2.295333333333333,3.021333333333333,18.70802469222222,2.3266666666666684,4.2837176,4.2161393,4.21115,4.208751,4.542697,0,1.0,1,0.75,-1.04,27.9,72.1
2022-12-10 13:45:00,154.827139966668,68.614199755556,68.627810311112,18.54444444,3.021333333333333,28.65,1,5.1764362714980825,70.66250196097344,13,5,12,-0.2588190451025208,-0.9659258262890684,-0.9749279121818236,-0.2225209339563146,-2.4492935982947064e-16,1.0,400.5,401.25,352.75,6.375,19.275,0.0,36.0,-10.25,2.191761,0.0,3.35,18.53174602857143,27.016666666666666,26.2,26.183333333333334,26.0,28.535714285714285,-15.523111106666668,0.0,0.5259999999999998,2.4953333333333334,3.1750000000000003,18.62777777,2.6040000000000023,4.542697,4.2837176,4.2161393,4.21115,4.521173,0,1.0,1,0.75,-1.03,27.5,72.5
2022-12-10 14:00:00,82.189489972226,0.0,0.0,18.53174602857143,3.1750000000000003,28.535714285714285,0,5.1764362714980825,70.66250196097344,14,5,12,-0.4999999999999997,-0.8660254037844388,-0.9749279121818236,-0.2225209339563146,-2.4492935982947064e-16,1.0,400.0,400.75,365.25,6.5,19.1,0.0,35.0,-10.3,2.1668303,0.0,3.6,18.27777777,28.65,27.016666666666666,26.2,26.183333333333334,28.9,-15.356746028571427,-0.0126984114285697,0.153666666666667,3.021333333333333,2.6973333333333334,18.54021163619048,2.8972222222222244,4.521173,4.542697,4.2837176,4.2161393,4.510452,1,2.0,1,0.5,-1.04,27.6,72.4
2022-12-10 14:15:00,185.545911316662,110.146705055556,110.165593216666,18.27777777,2.6973333333333334,28.9,2,5.1764362714980825,70.66250196097344,14,5,12,-0.4999999999999997,-0.8660254037844388,-0.9749279121818236,-0.2225209339563146,-2.4492935982947064e-16,1.0,385.75,396.8125,374.4791666666667,6.9,19.450000000000003,0.0,35.0,-10.3,2.1704547,0.0,3.625,18.308641988888887,28.535714285714285,28.65,27.016666666666666,26.2,29.5,-15.580444436666667,-0.2539682585714296,-0.4776666666666669,3.1750000000000003,2.7577777777777777,18.45132274619048,2.9645555555555583,4.510452,4.521173,4.542697,4.2837176,4.6125345,0,1.0,1,0.75,-1.09,30.1,69.9
2022-12-10 14:30:00,132.521365466672,83.729150683334,83.74109463889,18.308641988888887,2.7577777777777777,29.5,2,5.1764362714980825,70.66250196097344,14,5,12,-0.4999999999999997,-0.8660254037844388,-0.9749279121818236,-0.2225209339563146,-2.4492935982947064e-16,1.0,371.5,389.4375,380.4375,7.3,19.8,0.0,35.0,-10.3,2.1740842,0.0,3.65,18.43333332,28.9,28.535714285714285,28.65,27.016666666666666,30.2,-15.55086421111111,0.0308642188888867,0.0604444444444443,2.6973333333333334,3.0933333333333333,18.37272192915344,2.876703703703706,4.6125345,4.510452,4.521173,4.542697,4.757037,0,1.0,0,0.75,-1.08,29.7,70.3
2022-12-10 14:45:00,14.601360355556,0.0,0.0,18.43333332,3.0933333333333333,30.2,0,5.1764362714980825,70.66250196097344,14,5,12,-0.4999999999999997,-0.8660254037844388,-0.9749279121818236,-0.2225209339563146,-2.4492935982947064e-16,1.0,357.25,378.625,383.125,7.699999999999999,20.15,0.0,35.0,-10.3,2.177719,0.0,3.675,18.283333326666664,29.5,28.9,28.535714285714285,28.65,30.466666666666665,-15.339999986666664,0.1246913311111121,0.3355555555555556,2.7577777777777777,2.8633333333333337,18.339917692962967,2.8494814814814835,4.757037,4.6125345,4.510452,4.521173,4.75653,1,2.0,1,0.5,-1.05,28.3,71.7
2022-12-10 15:00:00,77.240798944452,0.0,0.0,18.283333326666664,2.8633333333333337,30.466666666666665,0,5.1764362714980825,70.66250196097344,15,5,12,-0.7071067811865471,-0.7071067811865479,-0.9749279121818236,-0.2225209339563146,-2.4492935982947064e-16,1.0,343.0,364.375,382.5416666666667,8.1,20.5,0.0,35.0,-10.3,2.181359,0.0,3.7,18.07777781,30.2,29.5,28.9,28.535714285714285,30.85,-15.419999993333333,-0.1499999933333349,-0.2299999999999995,3.0933333333333333,2.6060000000000003,18.341769545185187,2.904814814814817,4.75653,4.757037,4.6125345,4.510452,4.757925,0,2.0,0,0.5,-1.08,29.7,70.3
2022-12-10 15:15:00,105.020243588884,0.0,0.0,18.07777781,2.6060000000000003,30.85,0,5.1764362714980825,70.66250196097344,15,5,12,-0.7071067811865471,-0.7071067811865479,-0.9749279121818236,-0.2225209339563146,-2.4492935982947064e-16,1.0,317.0,347.1875,378.7083333333333,8.125,20.6,18.5,35.5,-10.375,2.1758418,0.0,3.45,17.972222199999997,30.466666666666665,30.2,29.5,28.9,31.183333333333334,-15.47177781,-0.2055555166666636,-0.2573333333333334,2.8633333333333337,2.396,18.26481481888889,2.854222222222225,4.757925,4.75653,4.757037,4.6125345,4.7792377,0,3.0,0,0.25,-1.13,31.8,68.2
2022-12-10 15:30:00,180.83276648333,95.1895256,95.207302705554,17.972222199999997,2.396,31.183333333333334,2,5.1764362714980825,70.66250196097344,15,5,12,-0.7071067811865471,-0.7071067811865479,-0.9749279121818236,-0.2225209339563146,-2.4492935982947064e-16,1.0,291.0,327.0625,371.625,8.149999999999999,20.7,37.0,36.0,-10.45,2.1698325,0.0,3.2,18.18333332,30.85,30.466666666666665,30.2,29.5,31.5,-15.576222199999997,-0.1055556100000032,-0.2100000000000004,2.6060000000000003,1.9813333333333327,18.111111112222225,2.62177777777778,4.7792377,4.757925,4.75653,4.757037,4.8887434,0,3.0,1,0.25,-1.15,32.9,67.1
2022-12-10 15:45:00,181.52857181667,108.517603555556,108.535936155556,18.18333332,1.9813333333333327,31.5,2,5.1764362714980825,70.66250196097344,15,5,12,-0.7071067811865471,-0.7071067811865479,-0.9749279121818236,-0.2225209339563146,-2.4492935982947064e-16,1.0,265.0,304.0,361.2916666666667,8.174999999999999,20.8,55.5,36.5,-10.525,2.1633465,0.0,2.95,18.440740743333333,31.183333333333334,30.85,30.466666666666665,30.2,31.5,-16.201999986666667,0.2111111200000017,-0.4146666666666667,2.396,1.7673333333333334,18.077777776666668,2.3277777777777806,4.8887434,4.7792377,4.757925,4.75653,4.9639893,0,2.0,0,0.5,-1.1,30.5,69.5
2022-12-10 16:00:00,85.741847905558,0.0,0.0,18.440740743333333,1.7673333333333334,31.5,0,5.1764362714980825,70.66250196097344,16,5,12,-0.8660254037844385,-0.5000000000000004,-0.9749279121818236,-0.2225209339563146,-2.4492935982947064e-16,1.0,239.0,278.0,347.7083333333333,8.2,20.9,74.0,37.0,-10.6,2.1563993,0.0,2.7,18.2611111,31.5,31.183333333333334,30.85,30.466666666666665,31.8,-16.67340741,0.2574074233333334,-0.2139999999999997,1.9813333333333327,1.6153333333333333,18.19876542111111,2.0482222222222246,4.9639893,4.8887434,4.7792377,4.757925,4.958149,1,2.0,1,0.5,-1.04,27.9,72.1
2022-12-10 16:15:00,80.186792416666,0.0,0.0,18.2611111,1.6153333333333333,31.8,0,5.1764362714980825,70.66250196097344,16,5,12,-0.8660254037844385,-0.5000000000000004,-0.9749279121818236,-0.2225209339563146,-2.4492935982947064e-16,1.0,205.5,250.125,331.375,8.325,20.45,80.5,38.25,-10.725,2.147991,0.0,2.1500000000000004,18.07777777,31.5,31.5,31.183333333333334,30.85,31.53333333333333,-16.64577776666667,-0.1796296433333317,-0.1520000000000001,1.7673333333333334,1.3273333333333333,18.29506172111111,1.7880000000000025,4.958149,4.9639893,4.8887434,4.7792377,4.8633146,0,2.0,0,0.5,-1.08,29.6,70.4
2022-12-10 16:30:00,340.08834050555,28.90023286111,28.912454605554,18.07777777,1.3273333333333333,31.53333333333333,1,5.1764362714980825,70.66250196097344,16,5,12,-0.8660254037844385,-0.5000000000000004,-0.9749279121818236,-0.2225209339563146,-2.4492935982947064e-16,1.0,172.0,220.375,312.2916666666667,8.45,20.0,87.0,39.5,-10.85,2.1369631,0.0,1.6,18.02777778,31.8,31.5,31.5,31.183333333333334,31.45,-16.75044443666667,-0.1833333299999999,-0.288,1.6153333333333333,1.0479999999999998,18.259876537777775,1.5700000000000025,4.8633146,4.958149,4.9639893,4.8887434,4.8360634,0,2.0,1,0.5,-1.12,31.6,68.4
2022-12-10 16:45:00,316.0565239,126.32605783889,126.347445916666,18.02777778,1.0479999999999998,31.45,2,5.1764362714980825,70.66250196097344,16,5,12,-0.8660254037844385,-0.5000000000000004,-0.9749279121818236,-0.2225209339563146,-2.4492935982947064e-16,1.0,138.5,188.75,290.4583333333333,8.575,19.55,93.5,40.75,-10.975,2.1234963,0.0,1.05,18.37777779,31.53333333333333,31.8,31.5,31.5,30.1,-16.979777780000003,-0.0499999899999998,-0.2793333333333334,1.3273333333333333,0.7200000000000001,18.122222216666668,1.3302222222222246,4.8360634,4.8633146,4.958149,4.9639893,4.7256913,0,2.0,1,0.5,-1.14,32.2,67.8
2022-12-10 17:00:00,14.483587349998,0.0,0.0,18.37777779,0.7200000000000001,30.1,0,5.1764362714980825,70.66250196097344,17,5,12,-0.9659258262890684,-0.2588190451025206,-0.9749279121818236,-0.2225209339563146,-2.4492935982947064e-16,1.0,105.0,155.25,265.875,8.7,19.1,100.0,42.0,-11.1,2.1077619,0.0,0.5,18.2611111,31.45,31.53333333333333,31.8,31.5,29.7,-17.65777779,0.3500000099999987,-0.3279999999999997,1.0479999999999998,0.642,18.16111111333333,1.03177777777778,4.7256913,4.8360634,4.8633146,4.958149,4.6307244,1,2.0,1,0.5,-1.06,28.8,71.2
2022-12-10 17:15:00,110.76001392222,45.8914976,45.905108155556,18.2611111,0.642,29.7,1,5.1764362714980825,70.66250196097344,17,5,12,-0.9659258262890684,-0.2588190451025206,-0.9749279121818236,-0.2225209339563146,-2.4492935982947064e-16,1.0,80.5,124.0,240.4375,9.65,19.725,99.5,42.0,-11.45,2.047076,0.0,0.0749999999999999,18.05740738333333,30.1,31.45,31.53333333333333,31.8,29.78333333333333,-17.6191111,-0.1166666899999988,-0.078,0.7200000000000001,0.3846666666666667,18.222222223333336,0.8033333333333358,4.6307244,4.7256913,4.8360634,4.8633146,4.587857,0,1.0,1,0.75,-1.09,30.1,69.9
2022-12-10 17:30:00,381.048924149998,102.795332472222,102.840886216666,18.05740738333333,0.3846666666666667,29.78333333333333,2,5.1764362714980825,70.66250196097344,17,5,12,-0.9659258262890684,-0.2588190451025206,-0.9749279121818236,-0.2225209339563146,-2.4492935982947064e-16,1.0,56.0,95.0,214.14583333333331,10.6,20.35,99.0,42.0,-11.8,1.9879295,0.0,-0.3500000000000001,18.061111120000003,29.7,30.1,31.45,31.53333333333333,30.1,-17.672740716666667,-0.2037037166666664,-0.2573333333333333,0.642,0.2853333333333333,18.232098757777777,0.5822222222222246,4.587857,4.6307244,4.7256913,4.8360634,4.6376576,0,1.0,1,0.75,-1.14,32.3,67.7
2022-12-10 17:45:00,1404.092722927778,110.855565566668,110.934451327778,18.061111120000003,0.2853333333333333,30.1,2,5.1764362714980825,70.66250196097344,17,5,12,-0.9659258262890684,-0.2588190451025206,-0.9749279121818236,-0.2225209339563146,-2.4492935982947064e-16,1.0,31.5,68.25,187.0,11.55,20.975,98.5,42.0,-12.15,1.9302871,0.0,-0.7750000000000001,18.377777743333333,29.78333333333333,29.7,30.1,31.45,29.383333333333333,-17.77577778666667,0.0037037366666687,-0.0993333333333333,0.3846666666666667,0.216,18.126543201111115,0.4373333333333358,4.6376576,4.587857,4.6307244,4.7256913,4.613175,0,1.0,0,0.75,-1.14,32.2,67.8
2022-12-10 18:00:00,591.396898861106,0.0,0.0,18.377777743333333,0.216,29.383333333333333,0,5.1764362714980825,70.66250196097344,18,5,12,-1.0,-1.8369701987210294e-16,-0.9749279121818236,-0.2225209339563146,-2.4492935982947064e-16,1.0,7.0,43.75,159.0,12.5,21.6,98.0,42.0,-12.5,1.8741173,0.0,-1.2,18.18333332,30.1,29.78333333333333,29.7,30.1,29.6,-18.16177774333333,0.3166666233333295,-0.0693333333333333,0.2853333333333333,0.074,18.165432082222225,0.2953333333333357,4.613175,4.6376576,4.587857,4.6307244,4.5938663,1,1.0,1,0.75,-1.07,29.0,71.0
2022-12-10 18:15:00,240.143171605558,86.632923411112,86.708475988888,18.18333332,0.074,29.6,2,5.1764362714980825,70.66250196097344,18,5,12,-1.0,-1.8369701987210294e-16,-0.9749279121818236,-0.2225209339563146,-2.4492935982947064e-16,1.0,5.25,24.9375,133.02083333333334,12.175,21.6,98.5,42.5,-12.625,1.8604289,0.0,-1.475,18.264814816666668,29.383333333333333,30.1,29.78333333333333,29.7,32.016666666666666,-18.10933332,-0.1944444233333335,-0.142,0.216,0.124,18.207407394444445,0.1917777777777801,4.5938663,4.613175,4.6376576,4.587857,4.9930286,0,1.0,1,0.75,-1.11,31.0,69.0
2022-12-10 18:30:00,218.973185155556,69.3547257,69.428889466664,18.264814816666668,0.124,32.016666666666666,1,5.1764362714980825,70.66250196097344,18,5,12,-1.0,-1.8369701987210294e-16,-0.9749279121818236,-0.2225209339563146,-2.4492935982947064e-16,1.0,3.5,11.8125,109.0625,11.85,21.6,99.0,43.0,-12.75,1.8465021,0.0,-1.75,18.383333330000003,29.6,29.383333333333333,30.1,29.78333333333333,31.8,-18.14081481666667,0.0814814966666688,0.05,0.074,0.0073333333333333,18.275308626666668,0.1380000000000023,4.9930286,4.5938663,4.613175,4.6376576,4.9942365,0,1.0,1,0.75,-1.08,29.6,70.4
2022-12-10 18:45:00,145.90277482222,0.0,0.0,18.383333330000003,0.0073333333333333,31.8,0,5.1764362714980825,70.66250196097344,18,5,12,-1.0,-1.8369701987210294e-16,-0.9749279121818236,-0.2225209339563146,-2.4492935982947064e-16,1.0,1.75,4.375,87.125,11.525,21.6,99.5,43.5,-12.875,1.8323491,0.0,-2.025,18.183333365,32.016666666666666,29.6,29.383333333333333,30.1,31.95,-18.37599999666667,0.1185185133333348,-0.1166666666666666,0.124,-0.2033333333333333,18.27716048888889,0.0684444444444468,4.9942365,4.9930286,4.5938663,4.613175,4.9585824,1,2.0,1,0.5,-1.05,28.4,71.6
2022-12-10 19:00:00,196.325479966668,94.763153755556,94.814818372222,18.183333365,-0.2033333333333333,31.95,2,5.1764362714980825,70.66250196097344,19,5,12,-0.9659258262890684,0.2588190451025203,-0.9749279121818236,-0.2225209339563146,-2.4492935982947064e-16,1.0,0.0,2.625,67.20833333333333,11.2,21.6,100.0,44.0,-13.0,1.8179824,0.0,-2.3,18.37777776,31.8,32.016666666666666,29.6,29.383333333333333,32.35,-18.38666669833333,-0.1999999650000035,-0.2106666666666666,0.0073333333333333,-0.4393333333333333,18.27716050388889,-0.0239999999999976,4.9585824,4.9942365,4.9930286,4.5938663,5.0789404,0,1.0,1,0.75,-1.1,30.4,69.6
2022-12-10 19:15:00,250.386373044444,159.958601383334,160.005266166668,18.37777776,-0.4393333333333333,32.35,2,5.1764362714980825,70.66250196097344,19,5,12,-0.9659258262890684,0.2588190451025203,-0.9749279121818236,-0.2225209339563146,-2.4492935982947064e-16,1.0,0.0,1.3125,50.083333333333336,10.45,21.15,100.0,45.75,-12.825,1.8508089,0.0,-2.6,18.538888863333334,31.95,31.8,32.016666666666666,29.6,30.73333333333333,-18.81711109333333,0.1944443950000014,-0.2359999999999999,-0.2033333333333333,-0.6,18.314814818333332,-0.2117777777777754,5.0789404,4.9585824,4.9942365,4.9930286,4.8714223,0,1.0,0,0.75,-1.05,28.3,71.7
2022-12-10 19:30:00,69.14917833889,10.464025888888,10.486524988888,18.538888863333334,-0.6,30.73333333333333,1,5.1764362714980825,70.66250196097344,19,5,12,-0.9659258262890684,0.2588190451025203,-0.9749279121818236,-0.2225209339563146,-2.4492935982947064e-16,1.0,0.0,0.4375,35.75,9.7,20.700000000000003,100.0,47.5,-12.65,1.8813694,0.0,-2.9,18.26190477071429,32.35,31.95,31.8,32.016666666666666,30.053571428571427,-19.13888886333333,0.161111103333333,-0.1606666666666666,-0.4393333333333333,-0.8514285714285714,18.366666662777774,-0.4142222222222198,4.8714223,5.0789404,4.9585824,4.9942365,4.6860733,0,1.0,1,0.75,-1.02,27.1,72.9
2022-12-10 19:45:00,170.296799072218,123.225626311112,123.2575695,18.26190477071429,-0.8514285714285714,30.053571428571427,2,5.1764362714980825,70.66250196097344,19,5,12,-0.9659258262890684,0.2588190451025203,-0.9749279121818236,-0.2225209339563146,-2.4492935982947064e-16,1.0,0.0,0.0,24.20833333333333,8.95,20.25,100.0,49.25,-12.475,1.9097351,0.0,-3.2,18.351851866666667,30.73333333333333,32.35,31.95,31.8,30.28333333333333,-19.11333334214286,-0.2769840926190454,-0.2514285714285714,-0.6,-1.0413333333333334,18.39285713134921,-0.6302539682539658,4.6860733,4.8714223,5.0789404,4.9585824,4.747169,0,0.0,1,1.0,-1.09,30.0,70.0
2022-12-10 20:00:00,246.897068072226,190.4490484,190.488213533332,18.351851866666667,-1.0413333333333334,30.28333333333333,2,5.1764362714980825,70.66250196097344,20,5,12,-0.8660254037844386,0.5000000000000001,-0.9749279121818236,-0.2225209339563146,-2.4492935982947064e-16,1.0,0.0,0.0,15.458333333333334,8.2,19.8,100.0,51.0,-12.3,1.935975,0.0,-3.5,18.661111100000003,30.053571428571427,30.73333333333333,32.35,31.95,29.6,-19.3931852,0.0899470959523789,-0.189904761904762,-0.8514285714285714,-1.156,18.384215166904763,-0.8309206349206327,4.747169,4.6860733,4.8714223,5.0789404,4.7258563,0,0.0,0,1.0,-1.07,29.1,70.9
2022-12-10 20:15:00,207.649749111116,132.901072627778,132.93412683889,18.661111100000003,-1.156,29.6,2,5.1764362714980825,70.66250196097344,20,5,12,-0.8660254037844386,0.5000000000000001,-0.9749279121818236,-0.2225209339563146,-2.4492935982947064e-16,1.0,0.0,0.0,8.75,8.2,18.625,100.0,50.75,-12.2,1.943647,0.0,-3.375,18.672222233333333,30.28333333333333,30.053571428571427,30.73333333333333,32.35,28.85,-19.8171111,0.3092592333333357,-0.1146666666666664,-1.0413333333333334,-1.1386666666666667,18.424955912460323,-1.016253968253966,4.7258563,4.747169,4.6860733,4.8714223,4.609143,0,0.0,0,1.0,-1.0,26.1,73.9
2022-12-10 20:30:00,480.15134876111,17.522354611112,17.547353627777998,18.672222233333333,-1.1386666666666667,28.85,1,5.1764362714980825,70.66250196097344,20,5,12,-0.8660254037844386,0.5000000000000001,-0.9749279121818236,-0.2225209339563146,-2.4492935982947064e-16,1.0,0.0,0.0,4.083333333333333,8.2,17.45,100.0,50.5,-12.1,1.9512833,0.0,-3.25,18.31666665,29.6,30.28333333333333,30.053571428571427,30.73333333333333,28.9,-19.8108889,0.0111111333333298,0.0173333333333332,-1.156,-1.34,18.561728400000003,-1.1119999999999977,4.609143,4.7258563,4.747169,4.6860733,4.520873,0,0.0,1,1.0,-1.0,26.2,73.8
2022-12-10 20:45:00,184.979822611116,134.904603583334,134.939602216666,18.31666665,-1.34,28.9,2,5.1764362714980825,70.66250196097344,20,5,12,-0.8660254037844386,0.5000000000000001,-0.9749279121818236,-0.2225209339563146,-2.4492935982947064e-16,1.0,0.0,0.0,1.4583333333333333,8.2,16.275,100.0,50.25,-12.0,1.9588833,0.0,-3.125,18.40740740333333,28.85,29.6,30.28333333333333,30.053571428571427,29.28333333333333,-19.65666665,-0.3555555833333343,-0.2013333333333333,-1.1386666666666667,-1.4613333333333332,18.549999994444445,-1.2115555555555533,4.520873,4.609143,4.7258563,4.747169,4.605561,0,0.0,1,1.0,-1.08,29.7,70.3
2022-12-10 21:00:00,244.563828072226,182.286319355556,182.325206716666,18.40740740333333,-1.4613333333333332,29.28333333333333,2,5.1764362714980825,70.66250196097344,21,5,12,-0.7071067811865477,0.7071067811865474,-0.9749279121818236,-0.2225209339563146,-2.4492935982947064e-16,1.0,0.0,0.0,0.875,8.2,15.1,100.0,50.0,-11.9,1.9664454,0.0,-3.0,18.66666667,28.9,28.85,29.6,30.28333333333333,28.95,-19.868740736666663,0.0907407533333319,-0.121333333333333,-1.34,-1.454,18.465432095555556,-1.313333333333331,4.605561,4.520873,4.609143,4.7258563,4.6235986,0,0.0,0,1.0,-1.06,28.7,71.3
2022-12-10 21:15:00,237.360782955556,104.075281272222,104.15027832222,18.66666667,-1.454,28.95,2,5.1764362714980825,70.66250196097344,21,5,12,-0.7071067811865477,0.7071067811865474,-0.9749279121818236,-0.2225209339563146,-2.4492935982947064e-16,1.0,0.0,0.0,0.4375,7.975,15.025,100.0,50.25,-11.775,1.9867793,0.0,-2.925,18.56851854,29.28333333333333,28.9,28.85,29.6,28.53333333333333,-20.12066667,0.2592592666666675,0.0073333333333331,-1.4613333333333332,-1.488,18.46358024111111,-1.418444444444442,4.6235986,4.605561,4.520873,4.609143,4.5306525,0,0.0,0,1.0,-1.0,26.2,73.8
2022-12-10 21:30:00,175.02410983889,30.2021252,30.273789049998,18.56851854,-1.488,28.53333333333333,1,5.1764362714980825,70.66250196097344,21,5,12,-0.7071067811865477,0.7071067811865474,-0.9749279121818236,-0.2225209339563146,-2.4492935982947064e-16,1.0,0.0,0.0,0.1458333333333333,7.75,14.95,100.0,50.5,-11.65,2.007267,0.0,-2.85,18.327777790000003,28.95,29.28333333333333,28.9,28.85,29.2,-20.05651854,-0.0981481299999984,-0.034,-1.454,-1.56,18.54753087111111,-1.4677777777777754,4.5306525,4.6235986,4.605561,4.520873,4.5708146,0,0.0,1,1.0,-1.03,27.3,72.7
2022-12-10 21:45:00,343.339043755552,139.472476427778,139.546917916666,18.327777790000003,-1.56,29.2,2,5.1764362714980825,70.66250196097344,21,5,12,-0.7071067811865477,0.7071067811865474,-0.9749279121818236,-0.2225209339563146,-2.4492935982947064e-16,1.0,0.0,0.0,0.0,7.524999999999999,14.875,100.0,50.75,-11.525,2.0279093,0.0,-2.7750000000000004,18.514814803333334,28.53333333333333,28.95,29.28333333333333,28.9,29.316666666666663,-19.88777779,-0.2407407499999969,-0.072,-1.488,-1.56,18.520987666666667,-1.5006666666666642,4.5708146,4.5306525,4.6235986,4.605561,4.6402497,0,0.0,1,1.0,-1.08,29.6,70.4
2022-12-10 22:00:00,260.112928466664,60.80451213889,60.870620627778,18.514814803333334,-1.56,29.316666666666663,1,5.1764362714980825,70.66250196097344,22,5,12,-0.5000000000000004,0.8660254037844384,-0.9749279121818236,-0.2225209339563146,-2.4492935982947064e-16,1.0,0.0,0.0,0.0,7.3,14.8,100.0,51.0,-11.4,2.0487077,0.0,-2.7,18.468650812857145,29.2,28.53333333333333,28.95,29.28333333333333,28.74642857142857,-20.07481480333333,0.187037013333331,0.0,-1.56,-1.5778571428571428,18.47037037777778,-1.5359999999999978,4.6402497,4.5708146,4.5306525,4.6235986,4.537563,0,0.0,1,1.0,-1.04,27.6,72.4
2022-12-10 22:15:00,250.530534027774,62.853596888888,62.917205477776,18.468650812857145,-1.5778571428571428,28.74642857142857,1,5.1764362714980825,70.66250196097344,22,5,12,-0.5000000000000004,0.8660254037844384,-0.9749279121818236,-0.2225209339563146,-2.4492935982947064e-16,1.0,0.0,0.0,0.0,7.575,14.425,100.0,51.0,-11.3,2.0668333,0.0,-2.575,18.387037066666668,29.316666666666663,29.2,28.53333333333333,28.95,29.433333333333334,-20.046507955714283,-0.0461639904761916,-0.0178571428571427,-1.56,-1.556,18.437081135396827,-1.5659523809523783,4.537563,4.6402497,4.5708146,4.5306525,4.6235642,0,0.0,0,1.0,-1.05,28.2,71.8
2022-12-10 22:30:00,353.856400661114,137.946704127778,138.019201244444,18.387037066666668,-1.556,29.433333333333334,2,5.1764362714980825,70.66250196097344,22,5,12,-0.5000000000000004,0.8660254037844384,-0.9749279121818236,-0.2225209339563146,-2.4492935982947064e-16,1.0,0.0,0.0,0.0,7.85,14.05,100.0,51.0,-11.2,2.0850997,0.0,-2.45,18.53333337,28.74642857142857,29.316666666666663,29.2,28.53333333333333,29.1,-19.94303706666667,-0.0816137461904737,0.0218571428571427,-1.5778571428571428,-1.448,18.45683422761905,-1.5646190476190454,4.6235642,4.537563,4.6402497,4.5708146,4.6110115,0,0.0,1,1.0,-1.06,28.9,71.1
2022-12-10 22:45:00,217.083260705558,0.0,0.0,18.53333337,-1.448,29.1,0,5.1764362714980825,70.66250196097344,22,5,12,-0.5000000000000004,0.8660254037844384,-0.9749279121818236,-0.2225209339563146,-2.4492935982947064e-16,1.0,0.0,0.0,0.0,8.125,13.675,100.0,51.0,-11.1,2.103508,0.0,-2.325,18.33055554642857,29.433333333333334,28.74642857142857,29.316666666666663,29.2,28.87142857142857,-19.98133337,0.1462963033333331,0.1080000000000001,-1.556,-1.462142857142857,18.4630070831746,-1.5272857142857117,4.6110115,4.6235642,4.537563,4.6402497,4.5201263,1,1.0,1,0.75,-1.03,27.5,72.5
2022-12-10 23:00:00,307.904627855552,125.315264972222,125.383317849998,18.33055554642857,-1.462142857142857,28.87142857142857,2,5.1764362714980825,70.66250196097344,23,5,12,-0.2588190451025215,0.965925826289068,-0.9749279121818236,-0.2225209339563146,-2.4492935982947064e-16,1.0,0.0,0.0,0.0,8.4,13.3,100.0,51.0,-11.0,2.1220586,0.0,-2.2,18.4666667,29.1,29.433333333333334,28.74642857142857,29.316666666666663,29.4,-19.79269840357143,-0.2027778235714308,-0.014142857142857,-1.448,-1.342666666666667,18.416975327698413,-1.4887142857142832,4.5201263,4.6110115,4.6235642,4.537563,4.6401806,0,1.0,1,0.75,-1.08,29.6,70.4
2022-12-10 23:15:00,247.91230536111,54.906692527778006,54.972523244444,18.4666667,-1.342666666666667,29.4,1,5.1764362714980825,70.66250196097344,23,5,12,-0.2588190451025215,0.965925826289068,-0.9749279121818236,-0.2225209339563146,-2.4492935982947064e-16,1.0,0.0,0.0,0.0,8.575,13.925,100.0,51.25,-10.85,2.1474783,0.0,-2.1,18.422222233333333,28.87142857142857,29.1,29.433333333333334,28.74642857142857,28.75,-19.809333366666667,0.1361111535714307,0.1194761904761902,-1.462142857142857,-1.3653333333333333,18.443518538809524,-1.417603174603172,4.6401806,4.5201263,4.6110115,4.6235642,4.5256543,0,1.0,1,0.75,-1.05,28.1,71.9
2022-12-10 23:30:00,286.776861783334,83.373609372222,83.440828933332,18.422222233333333,-1.3653333333333333,28.75,2,5.1764362714980825,70.66250196097344,23,5,12,-0.2588190451025215,0.965925826289068,-0.9749279121818236,-0.2225209339563146,-2.4492935982947064e-16,1.0,0.0,0.0,0.0,8.75,14.55,100.0,51.5,-10.7,2.1731374,0.0,-2.0,18.41111109,29.4,28.87142857142857,29.1,29.433333333333334,29.3,-19.787555566666665,-0.0444444666666683,-0.0226666666666666,-1.342666666666667,-1.3706666666666665,18.406481493253967,-1.3900476190476168,4.5256543,4.6401806,4.5201263,4.6110115,4.6091943,0,1.0,1,0.75,-1.06,28.7,71.3
2022-12-10 23:45:00,306.31219142222403,90.458048166668,90.52665653889,18.41111109,-1.3706666666666665,29.3,2,5.1764362714980825,70.66250196097344,23,5,12,-0.2588190451025215,0.965925826289068,-0.9749279121818236,-0.2225209339563146,-2.4492935982947064e-16,1.0,0.0,0.0,0.0,8.925,15.175,100.0,51.75,-10.55,2.1990387,0.0,-1.9,18.498148126666667,28.75,29.4,28.87142857142857,29.1,28.85,-19.781777756666667,-0.0111111433333306,-0.0053333333333331,-1.3653333333333333,-1.31,18.433333341111112,-1.3595555555555532,4.6091943,4.5256543,4.6401806,4.5201263,4.5618787,0,0.0,0,1.0,-1.06,28.7,71.3
2022-12-11 00:00:00,245.26102258333,35.681628244444,35.743292477776,18.498148126666667,-1.31,28.85,1,5.1764362714980825,70.66250196097344,0,6,12,0.0,1.0,-0.7818314824680299,0.6234898018587334,-2.4492935982947064e-16,1.0,0.0,0.0,0.0,9.1,15.8,100.0,52.0,-10.4,2.2251828,0.0,-1.8,18.20555557,29.3,28.75,29.4,28.87142857142857,29.2,-19.808148126666666,0.0870370366666648,0.0606666666666664,-1.3706666666666665,-1.1846666666666663,18.44382715,-1.348666666666664,4.5618787,4.6091943,4.5256543,4.6401806,4.537772,0,0.0,1,1.0,-1.04,27.9,72.1
2022-12-11 00:15:00,319.521107577776,94.4412222,94.509275077776,18.20555557,-1.1846666666666663,29.2,2,5.1764362714980825,70.66250196097344,0,6,12,0.0,1.0,-0.7818314824680299,0.6234898018587334,-2.4492935982947064e-16,1.0,0.0,0.0,0.0,9.15,15.55,100.0,52.75,-10.125,2.273119,0.0,-1.7,18.10370374333333,28.85,29.3,28.75,29.4,29.683333333333334,-19.390222236666663,-0.2925925566666656,0.1253333333333335,-1.31,-1.036,18.37160492888889,-1.288444444444442,4.537772,4.5618787,4.6091943,4.5256543,4.5850544,0,0.0,1,1.0,-1.11,30.8,69.2
2022-12-11 00:30:00,433.814869011108,149.728177333332,149.79261922222,18.10370374333333,-1.036,29.683333333333334,2,5.1764362714980825,70.66250196097344,0,6,12,0.0,1.0,-0.7818314824680299,0.6234898018587334,-2.4492935982947064e-16,1.0,0.0,0.0,0.0,9.2,15.3,100.0,53.5,-9.85,2.3216045,0.0,-1.6,18.3888889,29.2,28.85,29.3,28.75,29.6,-19.13970374333333,-0.1018518266666674,0.1486666666666665,-1.1846666666666663,-1.02,18.26913581333333,-1.1768888888888869,4.5850544,4.537772,4.5618787,4.6091943,4.6502547,0,0.0,0,1.0,-1.13,31.8,68.2
2022-12-11 00:45:00,251.085511794442,26.214229172222,26.26367166111,18.3888889,-1.02,29.6,1,5.1764362714980825,70.66250196097344,0,6,12,0.0,1.0,-0.7818314824680299,0.6234898018587334,-2.4492935982947064e-16,1.0,0.0,0.0,0.0,9.25,15.05,100.0,54.25,-9.575,2.3706439,0.0,-1.5,18.315384633846158,29.683333333333334,29.2,28.85,29.3,29.22307692307692,-19.4088889,0.2851851566666639,0.016,-1.036,-0.956153846153846,18.232716071111117,-1.08022222222222,4.6502547,4.5850544,4.537772,4.5618787,4.5710645,0,0.0,1,1.0,-1.06,28.8,71.2
2022-12-11 01:00:00,259.3579586,69.286117327778,69.3438928,18.315384633846158,-0.956153846153846,29.22307692307692,1,5.1764362714980825,70.66250196097344,1,6,12,0.2588190451025207,0.9659258262890684,-0.7818314824680299,0.6234898018587334,-2.4492935982947064e-16,1.0,0.0,0.0,0.0,9.3,14.8,100.0,55.0,-9.3,2.420242,0.0,-1.4,18.33888891,29.6,29.683333333333334,29.2,28.85,30.15,-19.27153848,-0.0735042661538436,0.0638461538461538,-1.02,-1.0586666666666666,18.26932575905983,-1.0040512820512797,4.5710645,4.6502547,4.5850544,4.537772,4.7226343,0,0.0,0,1.0,-1.08,29.7,70.3
2022-12-11 01:15:00,600.226823366664,87.672604105554,87.72815748333,18.33888891,-1.0586666666666666,30.15,2,5.1764362714980825,70.66250196097344,1,6,12,0.2588190451025207,0.9659258262890684,-0.7818314824680299,0.6234898018587334,-2.4492935982947064e-16,1.0,0.0,0.0,0.0,8.675,14.875,100.0,56.5,-8.925,2.49493,0.0,-1.35,18.442592626666663,29.22307692307692,29.6,29.683333333333334,29.2,30.766666666666666,-19.397555576666665,0.0235042761538437,-0.1025128205128205,-0.956153846153846,-1.07,18.347720814615386,-1.0116068376068352,4.7226343,4.5710645,4.6502547,4.5850544,4.848958,0,0.0,1,1.0,-1.07,29.2,70.8
2022-12-11 01:30:00,100.418760988884,0.0,0.0,18.442592626666663,-1.07,30.766666666666666,0,5.1764362714980825,70.66250196097344,1,6,12,0.2588190451025207,0.9659258262890684,-0.7818314824680299,0.6234898018587334,-2.4492935982947064e-16,1.0,0.0,0.0,0.0,8.05,14.95,100.0,58.0,-8.55,2.5701063,0.0,-1.2999999999999998,18.23888888,30.15,29.22307692307692,29.6,29.683333333333334,33.25,-19.512592626666667,0.1037037166666685,-0.0113333333333334,-1.0586666666666666,-1.0733333333333337,18.36562205683761,-1.0282735042735018,4.848958,4.7226343,4.5710645,4.6502547,5.177394,1,1.0,1,0.75,-1.04,28.0,72.0
2022-12-11 01:45:00,111.946355416662,11.438709116666,11.456208449998002,18.23888888,-1.0733333333333337,33.25,1,5.1764362714980825,70.66250196097344,1,6,12,0.2588190451025207,0.9659258262890684,-0.7818314824680299,0.6234898018587334,-2.4492935982947064e-16,1.0,0.0,0.0,0.0,7.425,15.025,100.0,59.5,-8.175,2.645773,0.0,-1.25,18.2222222,30.766666666666666,30.15,29.22307692307692,29.6,32.78333333333333,-19.31222221333333,-0.2037037466666653,-0.0033333333333334,-1.07,-1.1306666666666667,18.340123472222224,-1.067333333333331,5.177394,4.848958,4.7226343,4.5710645,5.0996785,0,1.0,1,0.75,-1.08,29.5,70.5
2022-12-11 02:00:00,223.8027142,118.698585183334,118.724973011112,18.2222222,-1.1306666666666667,32.78333333333333,2,5.1764362714980825,70.66250196097344,2,6,12,0.4999999999999999,0.8660254037844387,-0.7818314824680299,0.6234898018587334,-2.4492935982947064e-16,1.0,0.0,0.0,0.0,6.8,15.1,100.0,61.0,-7.8,2.7219322,0.0,-1.2,18.36666663,33.25,30.766666666666666,30.15,29.22307692307692,32.9,-19.352888866666667,-0.0166666800000001,-0.0573333333333332,-1.0733333333333337,-1.18,18.30123456888889,-1.091333333333331,5.0996785,5.177394,4.848958,4.7226343,5.161889,0,1.0,1,0.75,-1.08,29.8,70.2
2022-12-11 02:15:00,82.523921144444,0.0,0.0,18.36666663,-1.18,32.9,0,5.1764362714980825,70.66250196097344,2,6,12,0.4999999999999999,0.8660254037844387,-0.7818314824680299,0.6234898018587334,-2.4492935982947064e-16,1.0,0.0,0.0,0.0,7.3,15.1,99.25,61.75,-7.6,2.7553988,0.0,-1.2,18.25925923333333,32.78333333333333,33.25,30.766666666666666,30.15,31.7,-19.54666663,0.14444443,-0.0493333333333332,-1.1306666666666667,-1.3106666666666666,18.27592590333333,-1.1279999999999977,5.161889,5.0996785,5.177394,4.848958,4.942015,1,2.0,1,0.5,-1.05,28.3,71.7
2022-12-11 02:30:00,70.704949538886,0.0,0.0,18.25925923333333,-1.3106666666666666,31.7,0,5.1764362714980825,70.66250196097344,2,6,12,0.4999999999999999,0.8660254037844387,-0.7818314824680299,0.6234898018587334,-2.4492935982947064e-16,1.0,0.0,0.0,0.0,7.800000000000001,15.1,98.5,62.5,-7.4,2.7888649,0.0,-1.2,17.94444445,32.9,32.78333333333333,33.25,30.766666666666666,30.95,-19.5699259,-0.1074073966666659,-0.1306666666666667,-1.18,-1.2813333333333332,18.282716021111117,-1.2071111111111088,4.942015,5.161889,5.0996785,5.177394,4.735642,0,2.0,0,0.5,-1.08,29.7,70.3
2022-12-11 02:45:00,91.165242194442,0.0,0.0,17.94444445,-1.2813333333333332,30.95,0,5.1764362714980825,70.66250196097344,2,6,12,0.4999999999999999,0.8660254037844387,-0.7818314824680299,0.6234898018587334,-2.4492935982947064e-16,1.0,0.0,0.0,0.0,8.3,15.1,97.75,63.25,-7.2,2.8223314,0.0,-1.2,17.724074083333335,31.7,32.9,32.78333333333333,33.25,30.716666666666665,-19.22577778333333,-0.3148147833333361,0.0293333333333334,-1.3106666666666666,-1.1506666666666665,18.190123437777785,-1.257333333333331,4.735642,4.942015,5.161889,5.0996785,4.6386514,0,3.0,0,0.25,-1.16,33.2,66.8
2022-12-11 03:00:00,90.560821855556,12.748378894446,12.7636561,17.724074083333335,-1.1506666666666665,30.716666666666665,1,5.1764362714980825,70.66250196097344,3,6,12,0.7071067811865476,0.7071067811865476,-0.7818314824680299,0.6234898018587334,-2.4492935982947064e-16,1.0,0.0,0.0,0.0,8.8,15.1,97.0,64.0,-7.0,2.8557975,0.0,-1.2,17.60000002,30.95,31.7,32.9,32.78333333333333,31.0,-18.87474075,-0.2203703666666641,0.1306666666666667,-1.2813333333333332,-1.1426666666666667,17.975925922222228,-1.247555555555553,4.6386514,4.735642,4.942015,5.161889,4.6469216,0,3.0,1,0.25,-1.21,35.8,64.2
2022-12-11 03:15:00,161.612146372222,96.547249055556,96.570859211112,17.60000002,-1.1426666666666667,31.0,2,5.1764362714980825,70.66250196097344,3,6,12,0.7071067811865476,0.7071067811865476,-0.7818314824680299,0.6234898018587334,-2.4492935982947064e-16,1.0,0.0,0.0,0.0,8.450000000000001,14.925,97.75,65.25,-6.725,2.9268107,0.0,-1.125,17.784259243333334,30.716666666666665,30.95,31.7,32.9,30.816666666666663,-18.742666686666663,-0.1240740633333352,0.0079999999999997,-1.1506666666666665,-1.072,17.756172851111113,-1.191555555555553,4.6469216,4.6386514,4.735642,4.942015,4.670476,0,2.0,1,0.5,-1.24,37.2,62.8
2022-12-11 03:30:00,62.404448205554,0.0,0.0,17.784259243333334,-1.072,30.816666666666663,0,5.1764362714980825,70.66250196097344,3,6,12,0.7071067811865476,0.7071067811865476,-0.7818314824680299,0.6234898018587334,-2.4492935982947064e-16,1.0,0.0,0.0,0.0,8.100000000000001,14.75,98.5,66.5,-6.45,2.9984784,0.0,-1.05,17.68055558,31.0,30.716666666666665,30.95,31.7,30.2,-18.856259243333334,0.1842592233333349,0.0706666666666666,-1.1426666666666667,-1.1846666666666663,17.702777782222224,-1.121777777777775,4.670476,4.6469216,4.6386514,4.735642,4.548809,1,2.0,1,0.5,-1.2,35.1,64.9
2022-12-11 03:45:00,86.91291229444201,29.924358527778,29.942135616666,17.68055558,-1.1846666666666663,30.2,1,5.1764362714980825,70.66250196097344,3,6,12,0.7071067811865476,0.7071067811865476,-0.7818314824680299,0.6234898018587334,-2.4492935982947064e-16,1.0,0.0,0.0,0.0,7.75,14.575,99.25,67.75,-6.175000000000001,3.0708063,0.0,-0.975,17.62991454615385,30.816666666666663,31.0,30.716666666666665,30.95,30.476923076923075,-18.865222246666665,-0.1037036633333343,-0.1126666666666664,-1.072,-1.2007692307692308,17.688271614444446,-1.1331111111111087,4.548809,4.670476,4.6469216,4.6386514,4.576674,0,1.0,1,0.75,-1.22,36.4,63.6
2022-12-11 04:00:00,125.7549696,81.277026555556,81.29952572222,17.62991454615385,-1.2007692307692308,30.476923076923075,2,5.1764362714980825,70.66250196097344,4,6,12,0.8660254037844386,0.5000000000000001,-0.7818314824680299,0.6234898018587334,-2.4492935982947064e-16,1.0,0.0,0.0,0.0,7.4,14.4,100.0,69.0,-5.9,3.1437964,0.0,-0.9,17.82222222,30.2,30.816666666666663,31.0,30.716666666666665,30.175,-18.83068377692308,-0.0506410338461513,-0.0161025641025642,-1.1846666666666663,-1.085,17.698243123162396,-1.15247863247863,4.576674,4.548809,4.670476,4.6469216,4.583582,0,1.0,1,0.75,-1.24,37.0,63.0
2022-12-11 04:15:00,49.896059711108,0.0,0.0,17.82222222,-1.085,30.175,0,5.1764362714980825,70.66250196097344,4,6,12,0.8660254037844386,0.5000000000000001,-0.7818314824680299,0.6234898018587334,-2.4492935982947064e-16,1.0,0.0,0.0,0.0,7.325,14.4,100.0,70.0,-5.575,3.2171454,0.05,-0.775,17.76388888576923,30.476923076923075,30.2,30.816666666666663,31.0,30.22596153846154,-18.90722222,0.1923076738461517,0.1157692307692308,-1.2007692307692308,-1.1963461538461535,17.71089744871795,-1.156811965811963,4.583582,4.576674,4.548809,4.670476,4.575394,1,2.0,1,0.5,-1.19,34.8,65.2
2022-12-11 04:30:00,116.017442491665,0.0,0.0,17.76388888576923,-1.1963461538461535,30.22596153846154,0,5.1764362714980825,70.66250196097344,4,6,12,0.8660254037844386,0.5000000000000001,-0.7818314824680299,0.6234898018587334,-2.4492935982947064e-16,1.0,0.0,0.0,0.0,7.25,14.4,100.0,71.0,-5.25,3.2915027,0.1,-0.65,17.70555555153846,30.175,30.476923076923075,30.2,30.816666666666663,30.27692307692308,-18.960235039615384,-0.0583333342307703,-0.1113461538461537,-1.085,-1.3076923076923077,17.738675217307698,-1.1607051282051255,4.575394,4.583582,4.576674,4.548809,4.5671973,0,2.0,0,0.5,-1.2,35.5,64.5
2022-12-11 04:45:00,182.138825272222,60.035654044444,60.05620882222,17.70555555153846,-1.3076923076923077,30.27692307692308,1,5.1764362714980825,70.66250196097344,4,6,12,0.8660254037844386,0.5000000000000001,-0.7818314824680299,0.6234898018587334,-2.4492935982947064e-16,1.0,0.0,0.0,0.0,7.175,14.4,100.0,72.0,-4.925,3.3668814,0.15,-0.525,17.816666663333333,30.22596153846154,30.175,30.476923076923075,30.2,29.566666666666663,-19.013247859230766,-0.0583333342307703,-0.1113461538461539,-1.1963461538461535,-1.554,17.76388888576923,-1.1963461538461515,4.5671973,4.575394,4.583582,4.576674,4.4896903,0,2.0,1,0.5,-1.22,36.1,63.9
2022-12-11 05:00:00,58.021567994442,0.0,0.0,17.816666663333333,-1.554,29.566666666666663,0,5.1764362714980825,70.66250196097344,5,6,12,0.9659258262890684,0.2588190451025207,-0.7818314824680299,0.6234898018587334,-2.4492935982947064e-16,1.0,0.0,0.0,0.0,7.1,14.4,100.0,73.0,-4.6,3.4432893,0.2,-0.4,17.661111100000003,30.27692307692308,30.22596153846154,30.175,30.476923076923075,29.85,-19.37066666333333,0.1111111117948731,-0.2463076923076923,-1.3076923076923077,-1.5313333333333332,17.762037033547006,-1.3526794871794847,4.4896903,4.5671973,4.575394,4.583582,4.49088,1,3.0,1,0.25,-1.2,35.0,65.0
2022-12-11 05:15:00,165.431715866664,104.496375544444,104.523318966664,17.661111100000003,-1.5313333333333332,29.85,2,5.1764362714980825,70.66250196097344,5,6,12,0.9659258262890684,0.2588190451025207,-0.7818314824680299,0.6234898018587334,-2.4492935982947064e-16,1.0,0.0,0.0,0.0,7.15,14.3,100.0,73.0,-4.5,3.4731607,0.15,-0.275,17.787037036666668,29.566666666666663,30.27692307692308,30.22596153846154,30.175,29.816666666666663,-19.192444433333332,-0.1555555633333298,0.0226666666666668,-1.554,-1.6506666666666665,17.727777771623934,-1.464341880341878,4.49088,4.4896903,4.5671973,4.575394,4.5196667,0,2.0,1,0.5,-1.23,36.8,63.2
2022-12-11 05:30:00,65.74875886111,13.79889243889,13.816669594442,17.787037036666668,-1.6506666666666665,29.816666666666663,1,5.1764362714980825,70.66250196097344,5,6,12,0.9659258262890684,0.2588190451025207,-0.7818314824680299,0.6234898018587334,-2.4492935982947064e-16,1.0,0.0,0.0,0.0,7.199999999999999,14.2,100.0,73.0,-4.4,3.5032592,0.1,-0.15,17.71111112,29.85,29.566666666666663,30.27692307692308,30.22596153846154,29.55,-19.437703703333334,0.1259259366666647,-0.1193333333333332,-1.5313333333333332,-1.6893333333333334,17.75493826666667,-1.5786666666666642,4.5196667,4.49088,4.4896903,4.5671973,4.4590197,0,1.0,1,0.75,-1.2,35.3,64.7
2022-12-11 05:45:00,109.698945233332,44.074903566668,44.096013872222,17.71111112,-1.6893333333333334,29.55,1,5.1764362714980825,70.66250196097344,5,6,12,0.9659258262890684,0.2588190451025207,-0.7818314824680299,0.6234898018587334,-2.4492935982947064e-16,1.0,0.0,0.0,0.0,7.25,14.1,100.0,73.0,-4.3,3.5335863,0.0499999999999999,-0.025,17.675925930000002,29.816666666666663,29.85,29.566666666666663,30.27692307692308,29.966666666666665,-19.400444453333336,-0.0759259166666659,-0.0386666666666668,-1.6506666666666665,-1.558,17.719753085555556,-1.623777777777775,4.4590197,4.5196667,4.49088,4.4896903,4.512417,0,1.0,0,0.75,-1.22,36.2,63.8
2022-12-11 06:00:00,144.53644056111,76.6835992,76.707209405554,17.675925930000002,-1.558,29.966666666666665,2,5.1764362714980825,70.66250196097344,6,6,12,1.0,6.123233995736766e-17,-0.7818314824680299,0.6234898018587334,-2.4492935982947064e-16,1.0,0.0,0.0,0.0,7.3,14.0,100.0,73.0,-4.2,3.5641434,0.0,0.1,17.79444443,29.55,29.816666666666663,29.85,29.566666666666663,30.0,-19.23392593,-0.0351851899999999,0.1313333333333333,-1.6893333333333334,-1.558,17.724691362222227,-1.6326666666666645,4.512417,4.4590197,4.5196667,4.49088,4.5494657,0,0.0,1,1.0,-1.23,36.6,63.4
2022-12-11 06:15:00,59.745943466664,0.0,0.0,17.79444443,-1.558,30.0,0,5.1764362714980825,70.66250196097344,6,6,12,1.0,6.123233995736766e-17,-0.7818314824680299,0.6234898018587334,-2.4492935982947064e-16,1.0,0.0,0.0,0.0,7.774999999999999,15.0,100.0,73.5,-4.05,3.6009274,0.025,0.15,17.625925913333333,29.966666666666665,29.55,29.816666666666663,29.85,30.183333333333334,-19.35244443,0.1185184999999968,0.0,-1.558,-1.6173333333333335,17.727160493333333,-1.6017777777777755,4.5494657,4.512417,4.4590197,4.5196667,4.531508,1,1.0,1,0.75,-1.2,35.2,64.8
2022-12-11 06:30:00,149.679012483338,98.539947127778,98.565779444444,17.625925913333333,-1.6173333333333335,30.183333333333334,2,5.1764362714980825,70.66250196097344,6,6,12,1.0,6.123233995736766e-17,-0.7818314824680299,0.6234898018587334,-2.4492935982947064e-16,1.0,0.0,0.0,0.0,8.25,16.0,100.0,74.0,-3.9,3.6379168,0.05,0.2,17.805555560000002,30.0,29.966666666666665,29.55,29.816666666666663,30.1,-19.243259246666668,-0.1685185166666656,-0.0593333333333334,-1.558,-1.5806666666666669,17.698765424444446,-1.5777777777777755,4.531508,4.5494657,4.512417,4.4590197,4.567653,0,1.0,1,0.75,-1.24,37.1,62.9
2022-12-11 06:45:00,86.558482038886,33.428107288888,33.446439955552,17.805555560000002,-1.5806666666666669,30.1,1,5.1764362714980825,70.66250196097344,6,6,12,1.0,6.123233995736766e-17,-0.7818314824680299,0.6234898018587334,-2.4492935982947064e-16,1.0,0.0,0.0,0.0,8.725,17.0,100.0,74.5,-3.75,3.6751134,0.075,0.25,17.807407426666668,30.183333333333334,30.0,29.966666666666665,29.55,29.716666666666665,-19.386222226666668,0.1796296466666689,0.0366666666666668,-1.6173333333333335,-1.6013333333333333,17.74197530111111,-1.585333333333331,4.567653,4.531508,4.5494657,4.512417,4.50998,0,1.0,1,0.75,-1.2,35.0,65.0
2022-12-11 07:00:00,108.610099988884,42.951337427778,42.970781116666,17.807407426666668,-1.6013333333333333,29.716666666666665,1,5.1764362714980825,70.66250196097344,7,6,12,0.9659258262890684,-0.2588190451025206,-0.7818314824680299,0.6234898018587334,-2.4492935982947064e-16,1.0,0.0,0.0,0.0,9.2,18.0,100.0,75.0,-3.6,3.7125185,0.1,0.3,17.68888892,30.1,30.183333333333334,30.0,29.966666666666665,30.3,-19.40874076,0.0018518666666658,-0.0206666666666666,-1.5806666666666669,-1.3513333333333333,17.7462963,-1.5997777777777753,4.50998,4.567653,4.531508,4.5494657,4.5661387,0,1.0,0,0.75,-1.2,35.1,64.9
2022-12-11 07:15:00,145.262800388888,78.833790972222,78.857123405554,17.68888892,-1.3513333333333333,30.3,2,5.1764362714980825,70.66250196097344,7,6,12,0.9659258262890684,-0.2588190451025206,-0.7818314824680299,0.6234898018587334,-2.4492935982947064e-16,1.0,0.0,0.0,0.0,9.375,18.1,100.0,75.0,-3.6,3.7125185,0.075,0.3,17.832539699285714,29.716666666666665,30.1,30.183333333333334,30.0,30.035714285714285,-19.040222253333333,-0.1185185066666676,0.25,-1.6013333333333333,-1.195,17.76728396888889,-1.5111111111111086,4.5661387,4.50998,4.567653,4.531508,4.5652294,0,0.0,1,1.0,-1.22,36.3,63.7
2022-12-11 07:30:00,57.3843712,0.0,0.0,17.832539699285714,-1.195,30.035714285714285,0,5.1764362714980825,70.66250196097344,7,6,12,0.9659258262890684,-0.2588190451025206,-0.7818314824680299,0.6234898018587334,-2.4492935982947064e-16,1.0,0.0,0.0,0.0,9.55,18.2,100.0,75.0,-3.6,3.7125185,0.05,0.3,17.67777778,30.3,29.716666666666665,30.1,30.183333333333334,30.35,-19.027539699285715,0.1436507792857142,0.1563333333333332,-1.3513333333333333,-1.2673333333333334,17.776278681984127,-1.3825555555555529,4.5652294,4.5661387,4.50998,4.567653,4.570645,1,1.0,1,0.75,-1.19,34.7,65.3
2022-12-11 07:45:00,163.099031294446,102.496455527778,102.523121177776,17.67777778,-1.2673333333333334,30.35,2,5.1764362714980825,70.66250196097344,7,6,12,0.9659258262890684,-0.2588190451025206,-0.7818314824680299,0.6234898018587334,-2.4492935982947064e-16,1.0,0.0,0.0,0.0,9.725,18.3,100.0,75.0,-3.6,3.7125185,0.0249999999999999,0.3,17.82777777333333,30.035714285714285,30.3,29.716666666666665,30.1,30.316666666666663,-18.945111113333333,-0.1547619192857148,-0.0723333333333333,-1.195,-1.2046666666666668,17.733068799761906,-1.27122222222222,4.570645,4.5652294,4.5661387,4.50998,4.606626,0,1.0,1,0.75,-1.22,36.4,63.6
2022-12-11 08:00:00,82.570586161102,30.252123233332,30.272955849994,17.82777777333333,-1.2046666666666668,30.316666666666663,1,5.1764362714980825,70.66250196097344,8,6,12,0.8660254037844387,-0.4999999999999998,-0.7818314824680299,0.6234898018587334,-2.4492935982947064e-16,1.0,0.0,0.0,0.0,9.9,18.4,100.0,75.0,-3.6,3.7125185,0.0,0.3,17.77777775,30.35,30.035714285714285,30.3,29.716666666666665,30.05,-19.03244444,0.1499999933333313,0.0626666666666666,-1.2673333333333334,-1.0853333333333337,17.77936508420635,-1.2223333333333308,4.606626,4.570645,4.5652294,4.5661387,4.552524,0,1.0,1,0.75,-1.19,34.7,65.3
2022-12-11 08:15:00,96.009492816666,45.703449588888,45.725948755552,17.77777775,-1.0853333333333337,30.05,1,5.1764362714980825,70.66250196097344,8,6,12,0.8660254037844387,-0.4999999999999998,-0.7818314824680299,0.6234898018587334,-2.4492935982947064e-16,1.0,0.25,0.0625,0.0208333333333333,9.575,18.575,100.0,76.25,-3.45,3.7549806,0.05,0.2249999999999999,17.638888875,30.316666666666663,30.35,30.035714285714285,30.3,30.375,-18.863111083333333,-0.0500000233333324,0.1193333333333332,-1.2046666666666668,-0.94,17.761111101111112,-1.1857777777777756,4.552524,4.606626,4.570645,4.5652294,4.5638113,0,1.0,0,0.75,-1.2,35.3,64.7
2022-12-11 08:30:00,42.502744255556,29.074948072222,29.082170016666,17.638888875,-0.94,30.375,1,5.1764362714980825,70.66250196097344,8,6,12,0.8660254037844387,-0.4999999999999998,-0.7818314824680299,0.6234898018587334,-2.4492935982947064e-16,1.0,0.5,0.1875,0.0625,9.25,18.75,100.0,77.5,-3.3,3.796896,0.1,0.15,17.66230157214286,30.05,30.316666666666663,30.35,30.035714285714285,30.285714285714285,-18.578888875,-0.1388888749999992,0.1453333333333335,-1.0853333333333337,-0.7664285714285715,17.74814813277778,-1.0766666666666642,4.5638113,4.552524,4.606626,4.570645,4.556756,0,0.0,0,1.0,-1.23,36.9,63.1
2022-12-11 08:45:00,84.576477897223,0.0,0.0,17.66230157214286,-0.7664285714285715,30.285714285714285,0,5.1764362714980825,70.66250196097344,8,6,12,0.8660254037844387,-0.4999999999999998,-0.7818314824680299,0.6234898018587334,-2.4492935982947064e-16,1.0,0.75,0.375,0.125,8.925,18.925,100.0,78.75,-3.15,3.8382676,0.15,0.0749999999999999,17.685714269285715,30.375,30.05,30.316666666666663,30.35,30.196428571428573,-18.42873014357143,0.0234126971428594,0.1735714285714285,-0.94,-0.5928571428571429,17.692989399047622,-0.9305873015872992,4.556756,4.5638113,4.552524,4.606626,4.5496697,1,1.0,1,0.75,-1.23,36.6,63.4
2022-12-11 09:00:00,126.65021153889,79.788475,79.812918505554,17.685714269285715,-0.5928571428571429,30.196428571428573,2,5.1764362714980825,70.66250196097344,9,6,12,0.7071067811865476,-0.7071067811865475,-0.7818314824680299,0.6234898018587334,-2.4492935982947064e-16,1.0,1.0,0.625,0.2083333333333333,8.6,19.1,100.0,80.0,-3.0,3.879101,0.2,0.0,17.772222199999998,30.285714285714285,30.375,30.05,30.316666666666663,30.5,-18.278571412142856,0.0234126971428558,0.1735714285714286,-0.7664285714285715,-0.508,17.662301572142855,-0.7664285714285691,4.5496697,4.556756,4.5638113,4.552524,4.6191697,0,1.0,1,0.75,-1.22,36.4,63.6
2022-12-11 09:15:00,102.754778577776,52.001808727778,52.023752333332,17.772222199999998,-0.508,30.5,1,5.1764362714980825,70.66250196097344,9,6,12,0.7071067811865476,-0.7071067811865475,-0.7818314824680299,0.6234898018587334,-2.4492935982947064e-16,1.0,4.75,1.75,0.6041666666666666,8.1,18.55,100.0,80.25,-2.85,3.918116,0.225,0.1,17.803703719999998,30.196428571428573,30.285714285714285,30.375,30.05,30.5,-18.2802222,0.0865079307142835,0.0848571428571428,-0.5928571428571429,-0.4366666666666666,17.706746013809525,-0.6224285714285691,4.6191697,4.5496697,4.556756,4.5638113,4.6278415,0,1.0,1,0.75,-1.2,35.3,64.7
2022-12-11 09:30:00,91.730775072222,29.739365944444,29.75908742222,17.803703719999998,-0.4366666666666666,30.5,1,5.1764362714980825,70.66250196097344,9,6,12,0.7071067811865476,-0.7071067811865475,-0.7818314824680299,0.6234898018587334,-2.4492935982947064e-16,1.0,8.5,3.75,1.3125,7.6,18.0,100.0,80.5,-2.7,3.9574635,0.25,0.2,17.682142884285714,30.5,30.196428571428573,30.285714285714285,30.375,30.839285714285715,-18.240370386666665,0.0314815199999998,0.0713333333333333,-0.508,-0.2735714285714286,17.753880063095238,-0.5125079365079341,4.6278415,4.6191697,4.5496697,4.556756,4.645539,0,1.0,0,0.75,-1.19,34.9,65.1
2022-12-11 09:45:00,151.542549238886,104.103613472222,104.130834649998,17.682142884285714,-0.2735714285714286,30.839285714285715,2,5.1764362714980825,70.66250196097344,9,6,12,0.7071067811865476,-0.7071067811865475,-0.7818314824680299,0.6234898018587334,-2.4492935982947064e-16,1.0,12.25,6.625,2.333333333333333,7.1,17.45,100.0,80.75,-2.55,3.9971447,0.275,0.3,17.801851843333335,30.5,30.5,30.196428571428573,30.285714285714285,31.0,-17.955714312857143,-0.1215608357142841,0.163095238095238,-0.4366666666666666,-0.1833333333333333,17.75268960142857,-0.4060793650793626,4.645539,4.6278415,4.6191697,4.5496697,4.7031884,0,0.0,1,1.0,-1.22,36.3,63.7
2022-12-11 10:00:00,149.845950455552,85.158815744444,85.184648077776,17.801851843333335,-0.1833333333333333,31.0,2,5.1764362714980825,70.66250196097344,10,6,12,0.4999999999999999,-0.8660254037844387,-0.7818314824680299,0.6234898018587334,-2.4492935982947064e-16,1.0,16.0,10.375,3.6666666666666665,6.6,16.9,100.0,81.0,-2.4,4.037161,0.3,0.4,17.65555556,30.839285714285715,30.5,30.5,30.196428571428573,31.35,-17.98518517666667,0.119708959047621,0.0902380952380952,-0.2735714285714286,-0.0106666666666666,17.76256614920635,-0.2978571428571405,4.7031884,4.645539,4.6278415,4.6191697,4.7149897,0,0.0,0,1.0,-1.19,34.8,65.2
2022-12-11 10:15:00,128.189038916666,57.533809655556,57.556586527778,17.65555556,-0.0106666666666666,31.35,1,5.1764362714980825,70.66250196097344,10,6,12,0.4999999999999999,-0.8660254037844387,-0.7818314824680299,0.6234898018587334,-2.4492935982947064e-16,1.0,20.75,14.375,5.395833333333333,6.025,15.825,100.0,81.5,-2.275,4.0830503,0.375,0.475,17.701851859999998,31.0,30.839285714285715,30.5,30.5,31.316666666666663,-17.666222226666665,-0.146296283333335,0.1726666666666666,-0.1833333333333333,-0.082,17.71318342920635,-0.1558571428571405,4.7149897,4.7031884,4.645539,4.6278415,4.7229996,0,0.0,1,1.0,-1.22,36.5,63.5
2022-12-11 10:30:00,159.420845111112,105.625219288888,105.652162694442,17.701851859999998,-0.082,31.316666666666663,2,5.1764362714980825,70.66250196097344,10,6,12,0.4999999999999999,-0.8660254037844387,-0.7818314824680299,0.6234898018587334,-2.4492935982947064e-16,1.0,25.5,18.625,7.520833333333333,5.449999999999999,14.75,100.0,82.0,-2.15,4.129293,0.4499999999999999,0.55,18.00079366,31.35,31.0,30.839285714285715,30.5,31.0,-17.78385186,0.046296299999998,-0.0713333333333333,-0.0106666666666666,0.0192857142857142,17.71975308777778,-0.0919999999999976,4.7229996,4.7149897,4.7031884,4.645539,4.7592225,0,0.0,1,1.0,-1.21,35.9,64.1
2022-12-11 10:45:00,401.4333865055541,0.0,0.0,18.00079366,0.0192857142857142,31.0,0,5.1764362714980825,70.66250196097344,10,6,12,0.4999999999999999,-0.8660254037844387,-0.7818314824680299,0.6234898018587334,-2.4492935982947064e-16,1.0,30.25,23.125,10.041666666666666,4.875,13.675,100.0,82.5,-2.025,4.17589,0.525,0.625,17.787037033333334,31.316666666666663,31.35,31.0,30.839285714285715,31.183333333333334,-17.981507945714284,0.2989418000000015,0.1012857142857142,-0.082,0.058,17.786067026666668,-0.024460317460315,4.7592225,4.7229996,4.7149897,4.7031884,4.7268286,1,1.0,1,0.75,-1.14,32.6,67.4
2022-12-11 11:00:00,147.38715986111,87.185123588888,87.21012262222,17.787037033333334,0.058,31.183333333333334,2,5.1764362714980825,70.66250196097344,11,6,12,0.258819045102521,-0.9659258262890682,-0.7818314824680299,0.6234898018587334,-2.4492935982947064e-16,1.0,35.0,27.875,12.958333333333334,4.3,12.6,100.0,83.0,-1.9,4.2228446,0.6,0.7,17.838888909999998,31.0,31.316666666666663,31.35,31.0,31.45,-17.729037033333334,-0.2137566266666652,0.0387142857142857,0.0192857142857142,0.256,17.829894184444445,-0.0015714285714262,4.7268286,4.7592225,4.7229996,4.7149897,4.7819996,0,1.0,1,0.75,-1.19,35.0,65.0
2022-12-11 11:15:00,140.942973205554,79.775419955556,79.799585688888,17.838888909999998,0.256,31.45,2,5.1764362714980825,70.66250196097344,11,6,12,0.258819045102521,-0.9659258262890682,-0.7818314824680299,0.6234898018587334,-2.4492935982947064e-16,1.0,32.5,30.8125,15.645833333333334,4.4,11.6,100.0,84.25,-1.7,4.2864413,0.725,0.7,17.962962976666667,31.183333333333334,31.0,31.316666666666663,31.35,31.03333333333333,-17.582888909999998,0.0518518766666638,0.198,0.058,0.492,17.87557320111111,0.1110952380952404,4.7819996,4.7268286,4.7592225,4.7229996,4.7536287,0,1.0,0,0.75,-1.18,34.3,65.7
2022-12-11 11:30:00,84.276906572222,11.968687916666,11.985909511108,17.962962976666667,0.492,31.03333333333333,1,5.1764362714980825,70.66250196097344,11,6,12,0.258819045102521,-0.9659258262890682,-0.7818314824680299,0.6234898018587334,-2.4492935982947064e-16,1.0,30.0,31.9375,18.104166666666668,4.5,10.6,100.0,85.5,-1.5,4.3500385,0.8500000000000001,0.7,17.76666664,31.45,31.183333333333334,31.0,31.316666666666663,31.7,-17.470962976666666,0.1240740666666688,0.236,0.256,0.4466666666666666,17.862962973333335,0.268666666666669,4.7536287,4.7819996,4.7268286,4.7592225,4.7993174,0,1.0,1,0.75,-1.15,33.0,67.0
2022-12-11 11:45:00,166.853881027782,107.490144655556,107.518199116666,17.76666664,0.4466666666666666,31.7,2,5.1764362714980825,70.66250196097344,11,6,12,0.258819045102521,-0.9659258262890682,-0.7818314824680299,0.6234898018587334,-2.4492935982947064e-16,1.0,27.5,31.25,20.33333333333333,4.6,9.6,100.0,86.75,-1.3,4.4136357,0.975,0.7,17.849999965,31.03333333333333,31.45,31.183333333333334,31.0,31.883333333333336,-17.319999973333335,-0.1962963366666663,-0.0453333333333333,0.492,0.51,17.85617284222222,0.3982222222222245,4.7993174,4.7536287,4.7819996,4.7268286,4.851098,0,0.0,1,1.0,-1.2,35.1,64.9
2022-12-11 12:00:00,69.371391666668,17.655127116666,17.668459949998002,17.849999965,0.51,31.883333333333336,1,5.1764362714980825,70.66250196097344,12,6,12,1.2246467991473532e-16,-1.0,-0.7818314824680299,0.6234898018587334,-2.4492935982947064e-16,1.0,25.0,28.75,22.33333333333333,4.7,8.6,100.0,88.0,-1.1,4.477233,1.1,0.7,17.793452366785715,31.7,31.03333333333333,31.45,31.183333333333334,32.13809523809524,-17.339999964999997,0.0833333249999981,0.0633333333333333,0.4466666666666666,0.6403571428571428,17.859876527222223,0.4828888888888912,4.851098,4.7993174,4.7536287,4.7819996,4.873416,0,0.0,1,1.0,-1.18,34.1,65.9
2022-12-11 12:15:00,98.769243538888,0.0,0.0,17.793452366785715,0.6403571428571428,32.13809523809524,0,5.1764362714980825,70.66250196097344,12,6,12,1.2246467991473532e-16,-1.0,-0.7818314824680299,0.6234898018587334,-2.4492935982947064e-16,1.0,38.25,30.1875,25.125,4.875,9.875,100.0,86.0,-1.1,4.4738426,0.975,1.025,17.736904768571428,31.883333333333336,31.7,31.03333333333333,31.45,32.392857142857146,-17.153095223928574,-0.0565475982142835,0.1303571428571428,0.51,0.7707142857142858,17.80337299059524,0.5323412698412722,4.873416,4.851098,4.7993174,4.7536287,4.895522,1,1.0,1,0.75,-1.19,34.7,65.3
2022-12-11 12:30:00,128.167095411108,79.29960563889,79.32321586111,17.736904768571428,0.7707142857142858,32.392857142857146,2,5.1764362714980825,70.66250196097344,12,6,12,1.2246467991473532e-16,-1.0,-0.7818314824680299,0.6234898018587334,-2.4492935982947064e-16,1.0,51.5,35.5625,28.70833333333333,5.050000000000001,11.15,100.0,84.0,-1.1,4.4677644,0.8500000000000001,1.35,17.861111110000003,32.13809523809524,31.883333333333336,31.7,31.03333333333333,33.1,-16.966190482857144,-0.0565475982142871,0.1303571428571429,0.6403571428571428,0.7853333333333333,17.793452366785715,0.6403571428571452,4.895522,4.873416,4.851098,4.7993174,5.039549,0,1.0,1,0.75,-1.2,35.3,64.7
2022-12-11 12:45:00,71.25326092222,0.0,0.0,17.861111110000003,0.7853333333333333,33.1,0,5.1764362714980825,70.66250196097344,12,6,12,1.2246467991473532e-16,-1.0,-0.7818314824680299,0.6234898018587334,-2.4492935982947064e-16,1.0,64.75,44.875,33.083333333333336,5.2250000000000005,12.425,100.0,82.0,-1.1,4.458897,0.725,1.675,17.74444447,32.392857142857146,32.13809523809524,31.883333333333336,31.7,34.11666666666667,-17.07577777666667,0.1242063414285752,0.0146190476190475,0.7707142857142858,0.84,17.797156081785715,0.7321349206349229,5.039549,4.895522,4.873416,4.851098,5.158358,1,2.0,1,0.5,-1.17,33.7,66.3
2022-12-11 13:00:00,89.606971227774,0.0,0.0,17.74444447,0.84,34.11666666666667,0,5.1764362714980825,70.66250196097344,13,6,12,-0.2588190451025208,-0.9659258262890684,-0.7818314824680299,0.6234898018587334,-2.4492935982947064e-16,1.0,78.0,58.125,38.25,5.4,13.7,100.0,80.0,-1.1,4.447131,0.6,2.0,17.62222223,33.1,32.392857142857146,32.13809523809524,31.883333333333336,34.9,-16.90444447,-0.1166666400000018,0.0546666666666666,0.7853333333333333,0.8513333333333333,17.78082011619048,0.7986825396825421,5.158358,5.039549,4.895522,4.873416,5.2384763,0,3.0,0,0.25,-1.19,34.8,65.2
2022-12-11 13:15:00,171.942844161114,0.0,0.0,17.62222223,0.8513333333333333,34.9,0,5.1764362714980825,70.66250196097344,13,6,12,-0.2588190451025208,-0.9659258262890684,-0.7818314824680299,0.6234898018587334,-2.4492935982947064e-16,1.0,70.5,66.1875,42.395833333333336,5.5,13.525,100.0,81.75,-0.975,4.498431,0.675,1.85,17.5592593,34.11666666666667,33.1,32.392857142857146,32.13809523809524,36.016666666666666,-16.770888896666666,-0.1222222400000028,0.0113333333333333,0.84,0.94,17.742592603333335,0.8255555555555579,5.2384763,5.158358,5.039549,4.895522,5.3858123,0,3.0,0,0.25,-1.22,36.0,64.0
2022-12-11 13:30:00,81.746452244444,0.0,0.0,17.5592593,0.94,36.016666666666666,0,5.1764362714980825,70.66250196097344,13,6,12,-0.2588190451025208,-0.9659258262890684,-0.7818314824680299,0.6234898018587334,-2.4492935982947064e-16,1.0,63.0,69.0625,45.520833333333336,5.6,13.35,100.0,83.5,-0.8500000000000001,4.5481796,0.75,1.7,17.5555556,34.9,34.11666666666667,33.1,32.392857142857146,37.05,-16.6192593,-0.0629629299999976,0.0886666666666666,0.8513333333333333,1.034,17.641975333333335,0.8771111111111134,5.3858123,5.2384763,5.158358,5.039549,5.5391088,0,4.0,0,0.0,-1.23,36.5,63.5
2022-12-11 13:45:00,87.124570527774,0.0,0.0,17.5555556,1.034,37.05,0,5.1764362714980825,70.66250196097344,13,6,12,-0.2588190451025208,-0.9659258262890684,-0.7818314824680299,0.6234898018587334,-2.4492935982947064e-16,1.0,55.5,66.75,47.625,5.7,13.175,100.0,85.25,-0.725,4.5964,0.825,1.5499999999999998,17.53518521333333,36.016666666666666,34.9,34.11666666666667,33.1,37.46666666666667,-16.521555600000003,-0.003703699999999,0.094,0.94,1.0593333333333337,17.579012376666668,0.9417777777777802,5.5391088,5.3858123,5.2384763,5.158358,5.594594,0,4.0,0,0.0,-1.22,36.3,63.7
2022-12-11 14:00:00,95.97060560555,0.0,0.0,17.53518521333333,1.0593333333333337,37.46666666666667,0,5.1764362714980825,70.66250196097344,14,6,12,-0.4999999999999997,-0.8660254037844388,-0.7818314824680299,0.6234898018587334,-2.4492935982947064e-16,1.0,48.0,59.25,48.708333333333336,5.8,13.0,100.0,87.0,-0.6,4.6431136,0.9,1.4,17.5,37.05,36.016666666666666,34.9,34.11666666666667,37.95,-16.475851879999997,-0.02037038666667,0.0253333333333334,1.034,1.2266666666666666,17.55000003777778,1.0111111111111135,5.594594,5.5391088,5.3858123,5.2384763,5.6548724,0,4.0,0,0.0,-1.22,36.4,63.6
2022-12-11 14:15:00,94.486776094438,0.0,0.0,17.5,1.2266666666666666,37.95,0,5.1764362714980825,70.66250196097344,14,6,12,-0.4999999999999997,-0.8660254037844388,-0.7818314824680299,0.6234898018587334,-2.4492935982947064e-16,1.0,51.5,54.5,50.29166666666666,5.525,12.625,100.0,86.5,-0.55,4.647959,0.775,1.5,17.52142858857143,37.46666666666667,37.05,36.016666666666666,34.9,39.121428571428574,-16.273333333333333,-0.0351852133333316,0.1673333333333331,1.0593333333333337,1.0807142857142855,17.53024693777778,1.1066666666666691,5.6548724,5.594594,5.5391088,5.3858123,5.8368897,0,4.0,0,0.0,-1.23,36.7,63.3
2022-12-11 14:30:00,95.033976338886,0.0,0.0,17.52142858857143,1.0807142857142855,39.121428571428574,0,5.1764362714980825,70.66250196097344,14,6,12,-0.4999999999999997,-0.8660254037844388,-0.7818314824680299,0.6234898018587334,-2.4492935982947064e-16,1.0,55.0,52.5,52.375,5.25,12.25,100.0,86.0,-0.5,4.6526284,0.65,1.6,17.511904771428572,37.95,37.46666666666667,37.05,36.016666666666666,39.0,-16.440714302857142,0.0214285885714282,-0.1459523809523808,1.2266666666666666,1.0278571428571428,17.518871267301588,1.1222380952380977,5.8368897,5.6548724,5.594594,5.5391088,5.815465,0,4.0,0,0.0,-1.22,36.2,63.8
2022-12-11 14:45:00,72.579596666668,0.0,0.0,17.511904771428572,1.0278571428571428,39.0,0,5.1764362714980825,70.66250196097344,14,6,12,-0.4999999999999997,-0.8660254037844388,-0.7818314824680299,0.6234898018587334,-2.4492935982947064e-16,1.0,58.5,53.25,54.958333333333336,4.975,11.875,100.0,85.5,-0.45,4.6571183,0.525,1.7,17.427777756666668,39.121428571428574,37.95,37.46666666666667,37.05,37.41666666666666,-16.484047628571428,-0.0095238171428562,-0.0528571428571429,1.0807142857142855,1.2813333333333332,17.51111112,1.111746031746034,5.815465,5.8368897,5.6548724,5.594594,5.5513997,0,4.0,0,0.0,-1.22,36.3,63.7
2022-12-11 15:00:00,78.287146188888,0.0,0.0,17.427777756666668,1.2813333333333332,37.41666666666666,0,5.1764362714980825,70.66250196097344,15,6,12,-0.7071067811865471,-0.7071067811865479,-0.7818314824680299,0.6234898018587334,-2.4492935982947064e-16,1.0,62.0,56.75,58.04166666666666,4.7,11.5,100.0,85.0,-0.4,4.661426,0.4,1.8,17.37222221,39.0,39.121428571428574,37.95,37.46666666666667,37.0,-16.146444423333335,-0.0841270147619042,0.2534761904761904,1.0278571428571428,1.3833333333333333,17.48703703888889,1.1299682539682565,5.5513997,5.815465,5.8368897,5.6548724,5.4713817,0,4.0,0,0.0,-1.25,37.7,62.3
2022-12-11 15:15:00,513.875833111108,97.7435901,97.769422433332,17.37222221,1.3833333333333333,37.0,2,5.1764362714980825,70.66250196097344,15,6,12,-0.7071067811865471,-0.7071067811865479,-0.7818314824680299,0.6234898018587334,-2.4492935982947064e-16,1.0,56.5,58.0,59.5625,4.3,10.525,100.0,85.5,-0.425,4.665033,0.35,1.725,17.601851866666667,37.41666666666666,39.0,39.121428571428574,37.95,36.81666666666667,-15.988888876666667,-0.0555555466666675,0.102,1.2813333333333332,1.238,17.43730157936508,1.230841269841272,5.4713817,5.5513997,5.815465,5.8368897,5.519453,0,3.0,1,0.25,-1.27,38.5,61.5
2022-12-11 15:30:00,133.94936414444,34.93554702222,34.954435199996,17.601851866666667,1.238,36.81666666666667,1,5.1764362714980825,70.66250196097344,15,6,12,-0.7071067811865471,-0.7071067811865479,-0.7818314824680299,0.6234898018587334,-2.4492935982947064e-16,1.0,51.0,57.0,59.520833333333336,3.9,9.55,100.0,86.0,-0.45,4.6684675,0.3,1.65,17.661111095000003,37.0,37.41666666666666,39.0,39.121428571428574,36.225,-16.363851866666668,0.2296296566666669,-0.1453333333333333,1.3833333333333333,1.065,17.467283944444446,1.3008888888888912,5.519453,5.4713817,5.5513997,5.815465,5.4499874,0,2.0,1,0.5,-1.21,35.8,64.2
2022-12-11 15:45:00,63.38274242222,0.0,0.0,17.661111095000003,1.065,36.225,0,5.1764362714980825,70.66250196097344,15,6,12,-0.7071067811865471,-0.7071067811865479,-0.7818314824680299,0.6234898018587334,-2.4492935982947064e-16,1.0,45.5,53.75,57.91666666666666,3.5,8.575,100.0,86.5,-0.475,4.6717315,0.25,1.575,17.4583333,36.81666666666667,37.0,37.41666666666666,39.0,36.375,-16.596111095,0.0592592283333353,-0.173,1.238,1.03,17.545061723888892,1.22877777777778,5.4499874,5.519453,5.4713817,5.5513997,5.4067106,1,2.0,1,0.5,-1.2,35.2,64.8
2022-12-11 16:00:00,70.558566444444,36.1510539,36.160775727778,17.4583333,1.03,36.375,1,5.1764362714980825,70.66250196097344,16,6,12,-0.8660254037844385,-0.5000000000000004,-0.7818314824680299,0.6234898018587334,-2.4492935982947064e-16,1.0,40.0,48.25,54.75,3.1,7.6,100.0,87.0,-0.5,4.6748266,0.2,1.5,17.54444446,36.225,36.81666666666667,37.0,37.41666666666666,36.4,-16.4283333,-0.2027777950000029,-0.0349999999999999,1.065,0.9693333333333332,17.573765420555556,1.1110000000000024,5.4067106,5.4499874,5.519453,5.4713817,5.4383235,0,1.0,1,0.75,-1.25,37.6,62.4
2022-12-11 16:15:00,187.19640076111,96.6586335,96.682243705554,17.54444446,0.9693333333333332,36.4,2,5.1764362714980825,70.66250196097344,16,6,12,-0.8660254037844385,-0.5000000000000004,-0.7818314824680299,0.6234898018587334,-2.4492935982947064e-16,1.0,34.25,42.6875,51.72916666666666,3.9,8.05,100.0,89.75,-0.65,4.6371236,0.3,0.925,17.742592600000002,36.375,36.225,36.81666666666667,37.0,35.38333333333333,-16.575111126666666,0.0861111600000015,-0.0606666666666667,1.03,1.0473333333333334,17.554629618333337,1.0214444444444466,5.4383235,5.4067106,5.4499874,5.519453,5.3492856,0,1.0,1,0.75,-1.23,36.6,63.4
2022-12-11 16:30:00,100.761525011108,0.0,0.0,17.742592600000002,1.0473333333333334,35.38333333333333,0,5.1764362714980825,70.66250196097344,16,6,12,-0.8660254037844385,-0.5000000000000004,-0.7818314824680299,0.6234898018587334,-2.4492935982947064e-16,1.0,28.5,37.0625,48.85416666666666,4.7,8.5,100.0,92.5,-0.8,4.594531,0.4,0.3500000000000001,17.60555558,36.4,36.375,36.225,36.81666666666667,35.05,-16.695259266666667,0.1981481400000007,0.0780000000000001,0.9693333333333332,1.0546666666666666,17.581790120000004,1.015555555555558,5.3492856,5.4383235,5.4067106,5.4499874,5.255762,1,2.0,1,0.5,-1.18,34.5,65.5
2022-12-11 16:45:00,160.530245150002,71.29020381111201,71.312147416666,17.60555558,1.0546666666666666,35.05,2,5.1764362714980825,70.66250196097344,16,6,12,-0.8660254037844385,-0.5000000000000004,-0.7818314824680299,0.6234898018587334,-2.4492935982947064e-16,1.0,22.75,31.375,46.125,5.5,8.95,100.0,95.25,-0.95,4.547434,0.5,-0.2249999999999998,17.61666668666667,35.38333333333333,36.4,36.375,36.225,35.28333333333333,-16.550888913333335,-0.137037020000001,0.0073333333333331,1.0473333333333334,1.1053333333333335,17.630864213333336,1.02377777777778,5.255762,5.3492856,5.4383235,5.4067106,5.294259,0,1.0,1,0.75,-1.22,36.2,63.8
2022-12-11 17:00:00,211.105166555556,107.485422611112,107.510143855556,17.61666668666667,1.1053333333333335,35.28333333333333,2,5.1764362714980825,70.66250196097344,17,6,12,-0.9659258262890684,-0.2588190451025206,-0.7818314824680299,0.6234898018587334,-2.4492935982947064e-16,1.0,17.0,25.625,43.54166666666666,6.3,9.4,100.0,98.0,-1.1,4.496199,0.6,-0.8,17.65555554,35.05,35.38333333333333,36.4,36.375,35.0,-16.511333353333335,0.011111106666668,0.0506666666666668,1.0546666666666666,1.1566666666666667,17.65493828888889,1.0691111111111136,5.294259,5.255762,5.3492856,5.4383235,5.2639437,0,1.0,0,0.75,-1.21,36.0,64.0
2022-12-11 17:15:00,192.05676192222,110.405305827778,110.433638111108,17.65555554,1.1566666666666667,35.0,2,5.1764362714980825,70.66250196097344,17,6,12,-0.9659258262890684,-0.2588190451025206,-0.7818314824680299,0.6234898018587334,-2.4492935982947064e-16,1.0,13.0,20.3125,40.333333333333336,6.375,9.2,100.0,98.0,-1.175,4.465102,0.625,-0.9,17.75555553,35.28333333333333,35.05,35.38333333333333,36.4,34.81666666666667,-16.498888873333335,0.0388888533333329,0.0513333333333332,1.1053333333333335,1.2773333333333334,17.625925935555557,1.1055555555555578,5.2639437,5.294259,5.255762,5.3492856,5.2676845,0,1.0,0,0.75,-1.21,35.6,64.4
2022-12-11 17:30:00,101.457330561106,24.197087677776,24.214031466664,17.75555553,1.2773333333333334,34.81666666666667,1,5.1764362714980825,70.66250196097344,17,6,12,-0.9659258262890684,-0.2588190451025206,-0.7818314824680299,0.6234898018587334,-2.4492935982947064e-16,1.0,9.0,15.4375,36.5,6.449999999999999,9.0,100.0,98.0,-1.25,4.434195,0.6499999999999999,-1.0,17.71111112,35.0,35.28333333333333,35.05,35.38333333333333,34.55,-16.478222196666664,0.099999989999997,0.1206666666666667,1.1566666666666667,1.2373333333333332,17.67592591888889,1.1797777777777805,5.2676845,5.2639437,5.294259,5.255762,5.213507,0,0.0,1,1.0,-1.18,34.5,65.5
2022-12-11 17:45:00,247.078727572222,53.060099744444,53.077599044444,17.71111112,1.2373333333333332,34.55,1,5.1764362714980825,70.66250196097344,17,6,12,-0.9659258262890684,-0.2588190451025206,-0.7818314824680299,0.6234898018587334,-2.4492935982947064e-16,1.0,5.0,11.0,32.041666666666664,6.525,8.8,100.0,98.0,-1.325,4.403474,0.6749999999999999,-1.1,17.696296280000002,34.81666666666667,35.0,35.28333333333333,35.05,35.15,-16.47377778666667,-0.0444444099999969,-0.0400000000000002,1.2773333333333334,1.1226666666666667,17.707407396666667,1.22377777777778,5.213507,5.2676845,5.2639437,5.294259,5.299364,0,0.0,0,1.0,-1.2,35.0,65.0
2022-12-11 18:00:00,145.594731761102,60.256756283334,60.276755516666,17.696296280000002,1.1226666666666667,35.15,1,5.1764362714980825,70.66250196097344,18,6,12,-1.0,-1.8369701987210294e-16,-0.7818314824680299,0.6234898018587334,-2.4492935982947064e-16,1.0,1.0,7.0,26.95833333333333,6.6,8.6,100.0,98.0,-1.4,4.3729405,0.7,-1.2,17.81111108,34.55,34.81666666666667,35.0,35.28333333333333,35.15,-16.573629613333335,-0.0148148399999996,-0.1146666666666664,1.2373333333333332,1.0933333333333335,17.720987643333334,1.2124444444444469,5.299364,5.213507,5.2676845,5.2639437,5.3357525,0,0.0,0,1.0,-1.2,35.1,64.9
2022-12-11 18:15:00,92.96072592222,0.0,0.0,17.81111108,1.0933333333333335,35.15,0,5.1764362714980825,70.66250196097344,18,6,12,-1.0,-1.8369701987210294e-16,-0.7818314824680299,0.6234898018587334,-2.4492935982947064e-16,1.0,0.75,3.9375,22.3125,6.949999999999999,9.05,100.0,98.25,-1.4,4.3840957,0.7749999999999999,-1.2,17.625925913333333,35.15,34.55,34.81666666666667,35.0,35.18333333333333,-16.717777746666666,0.1148147999999977,-0.0293333333333332,1.1226666666666667,0.9453333333333334,17.739506160000005,1.1511111111111134,5.3357525,5.299364,5.213507,5.2676845,5.2821717,1,1.0,1,0.75,-1.17,33.7,66.3
2022-12-11 18:30:00,173.822213566664,83.78914826666801,83.8124807,17.625925913333333,0.9453333333333334,35.18333333333333,2,5.1764362714980825,70.66250196097344,18,6,12,-1.0,-1.8369701987210294e-16,-0.7818314824680299,0.6234898018587334,-2.4492935982947064e-16,1.0,0.5,1.8125,18.104166666666668,7.3,9.5,100.0,98.5,-1.4,4.3952518,0.85,-1.2,17.77777775,35.15,35.15,34.55,34.81666666666667,35.1,-16.68059258,-0.1851851666666668,-0.1480000000000001,1.0933333333333335,0.9126666666666666,17.71111109111111,1.05377777777778,5.2821717,5.3357525,5.299364,5.213507,5.31759,0,1.0,1,0.75,-1.21,35.9,64.1
2022-12-11 18:45:00,140.48965802222,74.232308388888,74.25536308333,17.77777775,0.9126666666666666,35.1,2,5.1764362714980825,70.66250196097344,18,6,12,-1.0,-1.8369701987210294e-16,-0.7818314824680299,0.6234898018587334,-2.4492935982947064e-16,1.0,0.25,0.625,14.333333333333334,7.65,9.95,100.0,98.75,-1.4,4.4064064,0.925,-1.2,17.875925906666666,35.18333333333333,35.15,35.15,34.55,34.53333333333333,-16.865111083333332,0.1518518366666654,-0.0326666666666667,0.9453333333333334,0.8253333333333333,17.73827158111111,0.9837777777777802,5.31759,5.2821717,5.3357525,5.299364,5.262418,0,1.0,0,0.75,-1.18,34.1,65.9
2022-12-11 19:00:00,71.010215194438,15.111617744444,15.129950411108002,17.875925906666666,0.8253333333333333,34.53333333333333,1,5.1764362714980825,70.66250196097344,19,6,12,-0.9659258262890684,0.2588190451025203,-0.7818314824680299,0.6234898018587334,-2.4492935982947064e-16,1.0,0.0,0.375,11.0,8.0,10.4,100.0,99.0,-1.4,4.4175615,1.0,-1.2,17.72222225,35.1,35.18333333333333,35.15,35.15,34.5,-17.050592573333333,0.0981481566666673,-0.0873333333333333,0.9126666666666666,0.764,17.759876523333332,0.8944444444444467,5.262418,5.31759,5.2821717,5.3357525,5.2094116,0,1.0,1,0.75,-1.16,33.1,66.9
2022-12-11 19:15:00,178.395363850002,123.4342291,123.46367242222,17.72222225,0.764,34.5,2,5.1764362714980825,70.66250196097344,19,6,12,-0.9659258262890684,0.2588190451025203,-0.7818314824680299,0.6234898018587334,-2.4492935982947064e-16,1.0,0.0,0.1875,8.145833333333334,6.325,10.5,100.0,97.5,-1.2,4.481024,0.8,-0.7749999999999999,17.914814823333334,34.53333333333333,35.1,35.18333333333333,35.15,34.31666666666667,-16.958222250000002,-0.1537036566666643,-0.0613333333333332,0.8253333333333333,0.7933333333333333,17.791975302222223,0.8340000000000023,5.2094116,5.262418,5.31759,5.2821717,5.2415214,0,0.0,1,1.0,-1.19,34.9,65.1
2022-12-11 19:30:00,107.486533600004,37.649882844444,37.668770988888,17.914814823333334,0.7933333333333333,34.31666666666667,1,5.1764362714980825,70.66250196097344,19,6,12,-0.9659258262890684,0.2588190451025203,-0.7818314824680299,0.6234898018587334,-2.4492935982947064e-16,1.0,0.0,0.0625,5.770833333333333,4.65,10.6,100.0,96.0,-1.0,4.5438385,0.6,-0.3499999999999998,17.86666665,34.5,34.53333333333333,35.1,35.18333333333333,34.05,-17.12148149,0.1925925733333322,0.0293333333333333,0.764,0.814,17.83765432666667,0.7942222222222245,5.2415214,5.2094116,5.262418,5.31759,5.1859045,0,0.0,1,1.0,-1.15,32.8,67.2
2022-12-11 19:45:00,613.1521395500021,45.016532566668,45.03514293889,17.86666665,0.814,34.05,1,5.1764362714980825,70.66250196097344,19,6,12,-0.9659258262890684,0.2588190451025203,-0.7818314824680299,0.6234898018587334,-2.4492935982947064e-16,1.0,0.0,0.0,3.875,2.9750000000000005,10.7,100.0,94.5,-0.7999999999999999,4.6059213,0.3999999999999999,0.0750000000000001,17.738888893333336,34.31666666666667,34.5,34.53333333333333,35.1,34.28333333333333,-17.05266665,-0.0481481733333346,0.0206666666666666,0.7933333333333333,0.7093333333333334,17.834567907777778,0.7904444444444466,5.1859045,5.2415214,5.2094116,5.262418,5.1818423,0,0.0,0,1.0,-1.16,33.4,66.6
2022-12-11 20:00:00,1341.642443372218,120.144360733332,120.173804072218,17.738888893333336,0.7093333333333334,34.28333333333333,2,5.1764362714980825,70.66250196097344,20,6,12,-0.8660254037844386,0.5000000000000001,-0.7818314824680299,0.6234898018587334,-2.4492935982947064e-16,1.0,0.0,0.0,2.458333333333333,1.3,10.8,100.0,93.0,-0.6,4.6671867,0.2,0.5,17.89444441,34.05,34.31666666666667,34.5,34.53333333333333,34.15,-17.029555560000002,-0.1277777566666635,-0.1046666666666665,0.814,0.63,17.840123455555556,0.7722222222222245,5.1818423,5.1859045,5.2415214,5.2094116,5.2097435,0,0.0,1,1.0,-1.19,34.8,65.2
2022-12-11 20:15:00,1229.506651149998,0.0,0.0,17.89444441,0.63,34.15,0,5.1764362714980825,70.66250196097344,20,6,12,-0.8660254037844386,0.5000000000000001,-0.7818314824680299,0.6234898018587334,-2.4492935982947064e-16,1.0,0.0,0.0,1.375,2.675,10.25,100.0,94.25,-0.975,4.546501,0.225,-0.0749999999999999,17.74814817,34.28333333333333,34.05,34.31666666666667,34.5,36.31666666666667,-17.26444441,0.1555555166666629,-0.0793333333333333,0.7093333333333334,0.8493333333333334,17.833333317777782,0.7177777777777802,5.2097435,5.1818423,5.1859045,5.2415214,5.4922075,1,1.0,1,0.75,-1.15,33.0,67.0
2022-12-11 20:30:00,1130.332562755552,0.0,0.0,17.74814817,0.8493333333333334,36.31666666666667,0,5.1764362714980825,70.66250196097344,20,6,12,-0.8660254037844386,0.5000000000000001,-0.7818314824680299,0.6234898018587334,-2.4492935982947064e-16,1.0,0.0,0.0,0.625,4.05,9.7,100.0,95.5,-1.35,4.4273033,0.25,-0.6499999999999999,17.58888893,34.15,34.28333333333333,34.05,34.31666666666667,39.15,-16.898814836666666,-0.146296239999998,0.2193333333333333,0.63,0.964,17.79382715777778,0.7295555555555578,5.4922075,5.2097435,5.1818423,5.1859045,5.8647223,0,2.0,0,0.5,-1.18,34.2,65.8
2022-12-11 20:45:00,69.047238049998,0.0,0.0,17.58888893,0.964,39.15,0,5.1764362714980825,70.66250196097344,20,6,12,-0.8660254037844386,0.5000000000000001,-0.7818314824680299,0.6234898018587334,-2.4492935982947064e-16,1.0,0.0,0.0,0.2083333333333333,5.425,9.15,100.0,96.75,-1.725,4.3096557,0.275,-1.225,17.5555556,36.31666666666667,34.15,34.28333333333333,34.05,40.61666666666667,-16.62488893,-0.1592592400000008,0.1146666666666665,0.8493333333333334,1.0786666666666669,17.74382717,0.8144444444444466,5.8647223,5.4922075,5.2097435,5.1818423,6.072338,0,3.0,0,0.25,-1.2,35.4,64.6
2022-12-11 21:00:00,73.869822955552,0.0,0.0,17.5555556,1.0786666666666669,40.61666666666667,0,5.1764362714980825,70.66250196097344,21,6,12,-0.7071067811865477,0.7071067811865474,-0.7818314824680299,0.6234898018587334,-2.4492935982947064e-16,1.0,0.0,0.0,0.125,6.8,8.6,100.0,98.0,-2.1,4.193614,0.3,-1.8,17.55000004,39.15,36.31666666666667,34.15,34.28333333333333,41.35,-16.476888933333335,-0.0333333299999978,0.1146666666666667,0.964,1.1126666666666667,17.630864233333337,0.9640000000000024,6.072338,5.8647223,5.4922075,5.2097435,6.179924,0,4.0,0,0.0,-1.2,35.4,64.6
2022-12-11 21:15:00,70.583287822216,0.0,0.0,17.55000004,1.1126666666666667,41.35,0,5.1764362714980825,70.66250196097344,21,6,12,-0.7071067811865477,0.7071067811865474,-0.7818314824680299,0.6234898018587334,-2.4492935982947064e-16,1.0,0.0,0.0,0.0625,6.55,9.325,100.0,98.25,-1.9,4.24864,0.275,-1.65,17.48333332,40.61666666666667,39.15,36.31666666666667,34.15,41.31666666666667,-16.437333373333335,-0.0055555600000012,0.034,1.0786666666666669,0.8693333333333333,17.56481485666667,1.05177777777778,6.179924,6.072338,5.8647223,5.4922075,6.1504087,0,4.0,0,0.0,-1.2,35.3,64.7
2022-12-11 21:30:00,83.491382511108,28.3163673,28.33497772222,17.48333332,0.8693333333333333,41.31666666666667,1,5.1764362714980825,70.66250196097344,21,6,12,-0.7071067811865477,0.7071067811865474,-0.7818314824680299,0.6234898018587334,-2.4492935982947064e-16,1.0,0.0,0.0,0.0208333333333333,6.3,10.05,100.0,98.5,-1.7000000000000002,4.3043027,0.25,-1.5,17.47777776,41.35,40.61666666666667,39.15,36.31666666666667,40.5,-16.613999986666666,-0.0666667200000006,-0.2433333333333334,1.1126666666666667,0.6813333333333333,17.529629653333334,1.0202222222222244,6.1504087,6.179924,6.072338,5.8647223,6.02684,0,3.0,1,0.25,-1.22,36.1,63.9
2022-12-11 21:45:00,192.557297466664,97.638038788888,97.658038088884,17.47777776,0.6813333333333333,40.5,2,5.1764362714980825,70.66250196097344,21,6,12,-0.7071067811865477,0.7071067811865474,-0.7818314824680299,0.6234898018587334,-2.4492935982947064e-16,1.0,0.0,0.0,0.0,6.05,10.775,100.0,98.75,-1.5,4.3606076,0.225,-1.35,17.448148106666665,41.31666666666667,41.35,40.61666666666667,39.15,39.28333333333333,-16.796444426666664,-0.0055555600000012,-0.1879999999999999,0.8693333333333333,0.5,17.503703706666666,0.8877777777777801,6.02684,6.1504087,6.179924,6.072338,5.8354483,0,2.0,1,0.5,-1.22,36.4,63.6
2022-12-11 22:00:00,228.14642927778,100.337652983334,100.362929772222,17.448148106666665,0.5,39.28333333333333,2,5.1764362714980825,70.66250196097344,22,6,12,-0.5000000000000004,0.8660254037844384,-0.7818314824680299,0.6234898018587334,-2.4492935982947064e-16,1.0,0.0,0.0,0.0,5.8,11.5,100.0,99.0,-1.3,4.4175615,0.2,-1.2,17.64999997,40.5,41.31666666666667,41.35,40.61666666666667,39.35,-16.948148106666665,-0.029629653333334,-0.1813333333333333,0.6813333333333333,0.3733333333333333,17.46975306222222,0.6835555555555578,5.8354483,6.02684,6.1504087,6.179924,5.9162145,0,1.0,0,0.75,-1.24,37.0,63.0
2022-12-11 22:15:00,159.659446683334,52.175968427778,52.195689905554,17.64999997,0.3733333333333333,39.35,1,5.1764362714980825,70.66250196097344,22,6,12,-0.5000000000000004,0.8660254037844384,-0.7818314824680299,0.6234898018587334,-2.4492935982947064e-16,1.0,0.0,0.0,0.0,5.625,11.675,100.0,99.0,-1.25,4.432961,0.175,-1.15,17.744444419999997,39.28333333333333,40.5,41.31666666666667,41.35,37.91666666666666,-17.276666636666665,0.201851863333335,-0.1266666666666666,0.5,0.3166666666666666,17.525308612222222,0.5182222222222246,5.9162145,5.8354483,6.02684,6.1504087,5.7329097,0,0.0,1,1.0,-1.19,34.6,65.4
2022-12-11 22:30:00,130.603386688892,41.121688416666,41.133354633332,17.744444419999997,0.3166666666666666,37.91666666666666,1,5.1764362714980825,70.66250196097344,22,6,12,-0.5000000000000004,0.8660254037844384,-0.7818314824680299,0.6234898018587334,-2.4492935982947064e-16,1.0,0.0,0.0,0.0,5.449999999999999,11.85,100.0,99.0,-1.2000000000000002,4.448407,0.15,-1.1,17.71666665,39.35,39.28333333333333,40.5,41.31666666666667,38.1,-17.42777775333333,0.0944444499999974,-0.0566666666666667,0.3733333333333333,0.264,17.61419749888889,0.396666666666669,5.7329097,5.9162145,5.8354483,6.02684,5.751098,0,0.0,0,1.0,-1.17,33.9,66.1
2022-12-11 22:45:00,197.072672427774,108.981751688888,109.000084305554,17.71666665,0.264,38.1,2,5.1764362714980825,70.66250196097344,22,6,12,-0.5000000000000004,0.8660254037844384,-0.7818314824680299,0.6234898018587334,-2.4492935982947064e-16,1.0,0.0,0.0,0.0,5.275,12.025,100.0,99.0,-1.15,4.4639,0.125,-1.05,17.940740743333333,37.91666666666666,39.35,39.28333333333333,40.5,37.38333333333333,-17.45266665,-0.0277777699999965,-0.0526666666666666,0.3166666666666666,0.1833333333333333,17.70370368,0.3180000000000023,5.751098,5.7329097,5.9162145,5.8354483,5.7187424,0,0.0,1,1.0,-1.18,34.1,65.9
2022-12-11 23:00:00,104.344992816662,0.0,0.0,17.940740743333333,0.1833333333333333,37.38333333333333,0,5.1764362714980825,70.66250196097344,23,6,12,-0.2588190451025215,0.965925826289068,-0.7818314824680299,0.6234898018587334,-2.4492935982947064e-16,1.0,0.0,0.0,0.0,5.1,12.2,100.0,99.0,-1.1,4.4794416,0.1,-1.0,17.78333332,38.1,37.91666666666666,39.35,39.28333333333333,37.05,-17.75740741,0.224074093333332,-0.0806666666666666,0.264,0.13,17.80061727111111,0.254666666666669,5.7187424,5.751098,5.7329097,5.9162145,5.614871,1,1.0,1,0.75,-1.13,31.8,68.2
2022-12-11 23:15:00,216.90521236111,109.4022904,109.416734288888,17.78333332,0.13,37.05,2,5.1764362714980825,70.66250196097344,23,6,12,-0.2588190451025215,0.965925826289068,-0.7818314824680299,0.6234898018587334,-2.4492935982947064e-16,1.0,0.0,0.0,0.0,5.0,11.75,100.0,99.0,-1.2000000000000002,4.4561486,0.075,-1.075,17.90740740333333,37.38333333333333,38.1,37.91666666666666,39.35,37.1,-17.65333332,-0.157407423333332,-0.0533333333333333,0.1833333333333333,0.18,17.81358023777778,0.1924444444444468,5.614871,5.7187424,5.751098,5.7329097,5.6641493,0,1.0,1,0.75,-1.17,33.6,66.4
2022-12-11 23:30:00,513.978329027774,60.038153944444,60.046764749998,17.90740740333333,0.18,37.1,1,5.1764362714980825,70.66250196097344,23,6,12,-0.2588190451025215,0.965925826289068,-0.7818314824680299,0.6234898018587334,-2.4492935982947064e-16,1.0,0.0,0.0,0.0,4.9,11.3,100.0,99.0,-1.3,4.432961,0.05,-1.15,18.013888925,37.05,37.38333333333333,38.1,37.91666666666666,36.375,-17.72740740333333,0.1240740833333298,0.05,0.13,0.195,17.877160488888887,0.1644444444444468,5.6641493,5.614871,5.7187424,5.751098,5.5887613,0,1.0,1,0.75,-1.14,32.2,67.8
2022-12-11 23:45:00,37.105737927778,0.0,0.0,18.013888925,0.195,36.375,0,5.1764362714980825,70.66250196097344,23,6,12,-0.2588190451025215,0.965925826289068,-0.7818314824680299,0.6234898018587334,-2.4492935982947064e-16,1.0,0.0,0.0,0.0,4.8,10.85,100.0,99.0,-1.4,4.40988,0.0249999999999999,-1.225,17.773015847857142,37.1,37.05,37.38333333333333,38.1,36.675,-17.818888925,0.1064815216666694,0.0149999999999999,0.18,0.1807142857142857,17.90154321611111,0.1683333333333357,5.5887613,5.6641493,5.614871,5.7187424,5.554624,1,2.0,1,0.5,-1.12,31.2,68.8
2022-12-12 00:00:00,166.912212177776,114.713744616666,114.737910349998,17.773015847857142,0.1807142857142857,36.675,2,5.1764362714980825,70.66250196097344,0,0,12,0.0,1.0,0.0,1.0,-2.4492935982947064e-16,1.0,0.0,0.0,0.0,4.7,10.4,100.0,99.0,-1.5,4.3869057,0.0,-1.3,17.89999996,36.375,37.1,37.05,37.38333333333333,36.25,-17.592301562142858,-0.240873077142858,-0.0142857142857142,0.195,0.142,17.89810405873016,0.1852380952380976,5.554624,5.5887613,5.6641493,5.614871,5.5319386,0,1.0,1,0.75,-1.17,33.8,66.2
2022-12-12 00:15:00,57.62658384444,0.0,0.0,17.89999996,0.142,36.25,0,5.1764362714980825,70.66250196097344,0,0,12,0.0,1.0,0.0,1.0,-2.4492935982947064e-16,1.0,0.0,0.0,0.0,4.9,10.675,100.0,99.0,-1.4,4.40988,0.025,-1.225,17.779629619999998,36.675,36.375,37.1,37.05,35.71666666666667,-17.75799996,0.126984112142857,-0.0387142857142857,0.1807142857142857,0.0599999999999999,17.89563491095238,0.1725714285714309,5.5319386,5.554624,5.5887613,5.6641493,5.4116106,1,2.0,1,0.5,-1.14,32.5,67.5
2022-12-12 00:30:00,158.92169849444198,88.203138433332,88.227581938886,17.779629619999998,0.0599999999999999,35.71666666666667,2,5.1764362714980825,70.66250196097344,0,0,12,0.0,1.0,0.0,1.0,-2.4492935982947064e-16,1.0,0.0,0.0,0.0,5.1,10.95,100.0,99.0,-1.3,4.432961,0.05,-1.15,17.77777777,36.25,36.675,36.375,37.1,35.95,-17.71962962,-0.1203703400000009,-0.0819999999999999,0.142,-0.024,17.817548475952382,0.1275714285714309,5.4116106,5.5319386,5.554624,5.5887613,5.4463644,0,2.0,1,0.5,-1.17,34.0,66.0
2022-12-12 00:45:00,178.352865616666,110.649462711112,110.676128344444,17.77777777,-0.024,35.95,2,5.1764362714980825,70.66250196097344,0,0,12,0.0,1.0,0.0,1.0,-2.4492935982947064e-16,1.0,0.0,0.0,0.0,5.3,11.225,100.0,99.0,-1.2000000000000002,4.4561486,0.075,-1.075,17.740740763333335,35.71666666666667,36.25,36.675,36.375,35.71666666666667,-17.80177777,-0.0018518499999977,-0.0839999999999999,0.0599999999999999,-0.0633333333333333,17.819135783333333,0.0593333333333357,5.4463644,5.4116106,5.5319386,5.554624,5.399083,0,1.0,0,0.75,-1.17,33.9,66.1
2022-12-12 01:00:00,149.585405311108,101.2201177,101.24650556111,17.740740763333335,-0.0633333333333333,35.71666666666667,2,5.1764362714980825,70.66250196097344,1,0,12,0.2588190451025207,0.9659258262890684,0.0,1.0,-2.4492935982947064e-16,1.0,0.0,0.0,0.0,5.5,11.5,100.0,99.0,-1.1,4.4794416,0.1,-1.0,17.82222224,35.95,35.71666666666667,36.25,36.675,35.9,-17.804074096666668,-0.0370370066666652,-0.0393333333333333,-0.024,-0.0833333333333333,17.766049384444447,-0.0091111111111087,5.399083,5.4463644,5.4116106,5.5319386,5.453209,0,1.0,0,0.75,-1.18,34.4,65.6
2022-12-12 01:15:00,88.746727805554,39.614526472222,39.632303544444,17.82222224,-0.0833333333333333,35.9,1,5.1764362714980825,70.66250196097344,1,0,12,0.2588190451025207,0.9659258262890684,0.0,1.0,-2.4492935982947064e-16,1.0,0.0,0.0,0.0,5.65,11.675,100.0,99.0,-1.15,4.471665,0.075,-1.025,17.827777776666668,35.71666666666667,35.95,35.71666666666667,36.25,35.25,-17.90555557333333,0.0814814766666636,-0.02,-0.0633333333333333,0.012,17.780246924444445,-0.0568888888888865,5.453209,5.399083,5.4463644,5.4116106,5.356247,0,0.0,1,1.0,-1.16,33.4,66.6
2022-12-12 01:30:00,113.345188161114,54.197832049998,54.216720194442,17.827777776666668,0.012,35.25,1,5.1764362714980825,70.66250196097344,1,0,12,0.2588190451025207,0.9659258262890684,0.0,1.0,-2.4492935982947064e-16,1.0,0.0,0.0,0.0,5.8,11.85,100.0,99.0,-1.2000000000000002,4.4639,0.05,-1.05,17.7888889,35.9,35.71666666666667,35.95,35.71666666666667,35.45,-17.815777776666668,0.0055555366666695,0.0953333333333333,-0.0833333333333333,0.052,17.796913593333333,-0.0448888888888865,5.356247,5.453209,5.399083,5.4463644,5.374172,0,0.0,0,1.0,-1.16,33.5,66.5
2022-12-12 01:45:00,146.435809099996,92.673792883334,92.697680877776,17.7888889,0.052,35.45,2,5.1764362714980825,70.66250196097344,1,0,12,0.2588190451025207,0.9659258262890684,0.0,1.0,-2.4492935982947064e-16,1.0,0.0,0.0,0.0,5.949999999999999,12.025,100.0,99.0,-1.25,4.4561486,0.0249999999999999,-1.0750000000000002,17.975925956666668,35.25,35.9,35.71666666666667,35.95,34.85,-17.7368889,-0.0388888766666681,0.04,0.012,-0.0753333333333333,17.812962972222223,-0.006444444444442,5.374172,5.356247,5.453209,5.399083,5.3423777,0,0.0,1,1.0,-1.17,33.9,66.1
2022-12-12 02:00:00,71.91434572777,0.0,0.0,17.975925956666668,-0.0753333333333333,34.85,0,5.1764362714980825,70.66250196097344,2,0,12,0.4999999999999999,0.8660254037844387,0.0,1.0,-2.4492935982947064e-16,1.0,0.0,0.0,0.0,6.1,12.2,100.0,99.0,-1.3,4.448407,0.0,-1.1,17.78888888,35.45,35.25,35.9,35.71666666666667,34.85,-18.05125929,0.1870370566666679,-0.1273333333333333,0.052,-0.2006666666666667,17.864197544444448,-0.0037777777777754,5.3423777,5.374172,5.356247,5.453209,5.2832127,1,1.0,1,0.75,-1.13,32.0,68.0
2022-12-12 02:15:00,177.301518788888,115.180948127778,115.206224933332,17.78888888,-0.2006666666666667,34.85,2,5.1764362714980825,70.66250196097344,2,0,12,0.4999999999999999,0.8660254037844387,0.0,1.0,-2.4492935982947064e-16,1.0,0.0,0.0,0.0,6.4,12.85,100.0,99.0,-1.35,4.425256,0.0,-1.175,17.93888891,34.85,35.45,35.25,35.9,34.81666666666667,-17.989555546666665,-0.1870370766666695,-0.1253333333333333,-0.0753333333333333,-0.5113333333333333,17.851234578888892,-0.0746666666666643,5.2832127,5.3423777,5.374172,5.356247,5.325517,0,1.0,1,0.75,-1.18,34.1,65.9
2022-12-12 02:30:00,86.810971905554,35.97883853889,35.996337872222,17.93888891,-0.5113333333333333,34.81666666666667,1,5.1764362714980825,70.66250196097344,2,0,12,0.4999999999999999,0.8660254037844387,0.0,1.0,-2.4492935982947064e-16,1.0,0.0,0.0,0.0,6.699999999999999,13.5,100.0,99.0,-1.4,4.40221,0.0,-1.25,17.92222224,34.85,34.85,35.45,35.25,34.2,-18.45022224333333,0.150000030000001,-0.3106666666666666,-0.2006666666666667,-0.6793333333333333,17.901234582222223,-0.2624444444444421,5.325517,5.2832127,5.3423777,5.374172,5.2260065,0,1.0,1,0.75,-1.14,32.4,67.6
2022-12-12 02:45:00,99.72267751667,51.351279183334,51.370445083334,17.92222224,-0.6793333333333333,34.2,1,5.1764362714980825,70.66250196097344,2,0,12,0.4999999999999999,0.8660254037844387,0.0,1.0,-2.4492935982947064e-16,1.0,0.0,0.0,0.0,7.0,14.15,100.0,99.0,-1.45,4.3792706,0.0,-1.325,17.794444436666666,34.81666666666667,34.85,34.85,35.45,34.46666666666667,-18.60155557333333,-0.0166666699999993,-0.168,-0.5113333333333333,-0.828,17.883333343333334,-0.4637777777777754,5.2260065,5.325517,5.2832127,5.3423777,5.2268305,0,1.0,0,0.75,-1.15,32.7,67.3
2022-12-12 03:00:00,180.495280033328,128.064321655556,128.091542833332,17.794444436666666,-0.828,34.46666666666667,2,5.1764362714980825,70.66250196097344,3,0,12,0.7071067811865476,0.7071067811865476,0.0,1.0,-2.4492935982947064e-16,1.0,0.0,0.0,0.0,7.3,14.8,100.0,99.0,-1.5,4.356436,0.0,-1.4,17.916666640000003,34.2,34.81666666666667,34.85,34.85,34.2,-18.622444436666665,-0.1277778033333341,-0.1486666666666666,-0.6793333333333333,-1.032,17.885185195555554,-0.6728888888888864,5.2268305,5.2260065,5.325517,5.2832127,5.2242785,0,0.0,1,1.0,-1.18,34.1,65.9
2022-12-12 03:15:00,163.69900736111,94.998977672222,95.022032283334,17.916666640000003,-1.032,34.2,2,5.1764362714980825,70.66250196097344,3,0,12,0.7071067811865476,0.7071067811865476,0.0,1.0,-2.4492935982947064e-16,1.0,0.0,0.0,0.0,8.05,16.05,100.0,98.75,-1.575,4.337865,0.0,-1.4249999999999998,17.779629619999998,34.46666666666667,34.2,34.81666666666667,34.85,34.46666666666667,-18.948666640000003,0.1222222033333366,-0.204,-0.828,-1.1706666666666667,17.87777777222222,-0.8464444444444421,5.2242785,5.2268305,5.2260065,5.325517,5.222217,0,0.0,0,1.0,-1.15,32.8,67.2
2022-12-12 03:30:00,111.746363366664,51.794872588888,51.815149611108,17.779629619999998,-1.1706666666666667,34.46666666666667,1,5.1764362714980825,70.66250196097344,3,0,12,0.7071067811865476,0.7071067811865476,0.0,1.0,-2.4492935982947064e-16,1.0,0.0,0.0,0.0,8.8,17.3,100.0,98.5,-1.65,4.319345,0.0,-1.45,17.783333359999997,34.2,34.46666666666667,34.2,34.81666666666667,34.45,-18.950296286666664,-0.1370370200000046,-0.1386666666666667,-1.032,-1.399333333333333,17.83024689888889,-1.01022222222222,5.222217,5.2242785,5.2268305,5.2260065,5.220845,0,0.0,1,1.0,-1.18,34.3,65.7
2022-12-12 03:45:00,194.81970706666,146.979398355556,147.010508294442,17.783333359999997,-1.399333333333333,34.45,2,5.1764362714980825,70.66250196097344,3,0,12,0.7071067811865476,0.7071067811865476,0.0,1.0,-2.4492935982947064e-16,1.0,0.0,0.0,0.0,9.55,18.55,100.0,98.25,-1.725,4.300874,0.0,-1.475,18.150000032857143,34.46666666666667,34.2,34.46666666666667,34.2,33.628571428571426,-19.18266669333333,0.0037037399999988,-0.2286666666666665,-1.1706666666666667,-1.6442857142857144,17.826543206666667,-1.2006666666666643,5.220845,5.222217,5.2242785,5.2268305,5.208768,0,0.0,1,1.0,-1.18,34.2,65.8
2022-12-12 04:00:00,60.590909550002,0.0,0.0,18.150000032857143,-1.6442857142857144,33.628571428571426,0,5.1764362714980825,70.66250196097344,4,0,12,0.8660254037844386,0.5000000000000001,0.0,1.0,-2.4492935982947064e-16,1.0,0.0,0.0,0.0,10.3,19.8,100.0,98.0,-1.8,4.2824535,0.0,-1.5,17.97222224,34.45,34.46666666666667,34.2,34.46666666666667,33.05,-19.794285747142855,0.3666666728571464,-0.244952380952381,-1.399333333333333,-1.7593333333333334,17.904321004285716,-1.4047619047619024,5.208768,5.220845,5.222217,5.2242785,5.065328,1,1.0,1,0.75,-1.1,30.4,69.6
2022-12-12 04:15:00,128.857623288888,80.077907872222,80.100684744444,17.97222224,-1.7593333333333334,33.05,2,5.1764362714980825,70.66250196097344,4,0,12,0.8660254037844386,0.5000000000000001,0.0,1.0,-2.4492935982947064e-16,1.0,0.0,0.0,0.0,10.375,20.25,100.0,97.75,-1.975,4.227018,0.0,-1.65,17.99074076,33.628571428571426,34.45,34.46666666666667,34.2,33.46666666666667,-19.73155557333333,-0.1777777928571424,-0.115047619047619,-1.6442857142857144,-1.9433333333333327,17.968518544285715,-1.6009841269841247,5.065328,5.208768,5.220845,5.222217,5.1348405,0,1.0,1,0.75,-1.14,32.4,67.6
2022-12-12 04:30:00,130.866709572222,77.007475127778,77.030252049998,17.99074076,-1.9433333333333327,33.46666666666667,2,5.1764362714980825,70.66250196097344,4,0,12,0.8660254037844386,0.5000000000000001,0.0,1.0,-2.4492935982947064e-16,1.0,0.0,0.0,0.0,10.45,20.700000000000003,100.0,97.5,-2.15,4.172218,0.0,-1.8,18.0666667,33.05,33.628571428571426,34.45,34.46666666666667,32.85,-19.934074093333333,0.0185185200000006,-0.1839999999999997,-1.7593333333333334,-2.04,18.03765434428572,-1.782317460317458,5.1348405,5.065328,5.208768,5.220845,5.0630355,0,1.0,0,0.75,-1.13,32.1,67.9
2022-12-12 04:45:00,101.698709705554,31.104866872222,31.120977344444,18.0666667,-2.04,32.85,1,5.1764362714980825,70.66250196097344,4,0,12,0.8660254037844386,0.5000000000000001,0.0,1.0,-2.4492935982947064e-16,1.0,0.0,0.0,0.0,10.525,21.15,100.0,97.25,-2.325,4.118046,0.0,-1.95,17.888888856666664,33.46666666666667,33.05,33.628571428571426,34.45,33.15,-20.1066667,0.0759259399999976,-0.0966666666666669,-1.9433333333333327,-1.988,18.009876566666666,-1.91422222222222,5.0630355,5.1348405,5.065328,5.208768,5.0555177,0,1.0,1,0.75,-1.12,31.5,68.5
2022-12-12 05:00:00,191.063190516666,133.397441655556,133.424940572222,17.888888856666664,-1.988,33.15,2,5.1764362714980825,70.66250196097344,5,0,12,0.9659258262890684,0.2588190451025207,0.0,1.0,-2.4492935982947064e-16,1.0,0.0,0.0,0.0,10.6,21.6,100.0,97.0,-2.5,4.064496,0.0,-2.1,18.083333340000003,32.85,33.46666666666667,33.05,33.628571428571426,33.1,-19.876888856666664,-0.1777778433333345,0.052,-2.04,-2.159333333333333,17.982098772222223,-1.9904444444444425,5.0555177,5.0630355,5.1348405,5.065328,5.106624,0,0.0,1,1.0,-1.16,33.3,66.7
2022-12-12 05:15:00,53.941731061114,0.0,0.0,18.083333340000003,-2.159333333333333,33.1,0,5.1764362714980825,70.66250196097344,5,0,12,0.9659258262890684,0.2588190451025207,0.0,1.0,-2.4492935982947064e-16,1.0,0.0,0.0,0.0,10.575,21.950000000000003,100.0,96.75,-2.675,4.018611,0.0,-2.225,17.94999999,33.15,32.85,33.46666666666667,33.05,32.53333333333333,-20.242666673333336,0.1944444833333385,-0.1713333333333335,-1.988,-2.236,18.012962965555555,-2.062444444444442,5.106624,5.0555177,5.0630355,5.1348405,4.9795523,1,1.0,1,0.75,-1.12,31.2,68.8
2022-12-12 05:30:00,127.738779127778,79.275439972222,79.299050177776,17.94999999,-2.236,32.53333333333333,2,5.1764362714980825,70.66250196097344,5,0,12,0.9659258262890684,0.2588190451025207,0.0,1.0,-2.4492935982947064e-16,1.0,0.0,0.0,0.0,10.55,22.3,100.0,96.5,-2.85,3.9731793,0.0,-2.35,17.888888889999997,33.1,33.15,32.85,33.46666666666667,32.8,-20.18599999,-0.1333333500000044,-0.0766666666666662,-2.159333333333333,-2.342,17.974074062222225,-2.127777777777775,4.9795523,5.106624,5.0555177,5.0630355,5.0021405,0,1.0,1,0.75,-1.15,32.8,67.2
2022-12-12 05:45:00,189.122990411108,130.311176244444,130.33839742222,17.888888889999997,-2.342,32.8,2,5.1764362714980825,70.66250196097344,5,0,12,0.9659258262890684,0.2588190451025207,0.0,1.0,-2.4492935982947064e-16,1.0,0.0,0.0,0.0,10.525,22.65,100.0,96.25,-3.0250000000000004,3.9281988,0.0,-2.475,18.003703713333334,32.53333333333333,33.1,33.15,32.85,32.35,-20.23088889,-0.0611111000000015,-0.1060000000000003,-2.236,-2.512,17.97407407333333,-2.2457777777777754,5.0021405,4.9795523,5.106624,5.0555177,4.9673386,0,1.0,0,0.75,-1.16,33.4,66.6
2022-12-12 06:00:00,145.49917988333002,84.4841205,84.507730672222,18.003703713333334,-2.512,32.35,2,5.1764362714980825,70.66250196097344,6,0,12,1.0,6.123233995736766e-17,0.0,1.0,-2.4492935982947064e-16,1.0,0.0,0.0,0.0,10.5,23.0,100.0,96.0,-3.2,3.8836644,0.0,-2.6,17.833333330000002,32.8,32.53333333333333,33.1,33.15,32.35,-20.51570371333333,0.1148148233333365,-0.1699999999999999,-2.342,-2.4406666666666665,17.947530864444445,-2.363333333333331,4.9673386,5.0021405,4.9795523,5.106624,4.917218,0,1.0,0,0.75,-1.14,32.2,67.8
2022-12-12 06:15:00,468.45403883889,93.891799744444,93.924020655556,17.833333330000002,-2.4406666666666665,32.35,2,5.1764362714980825,70.66250196097344,6,0,12,1.0,6.123233995736766e-17,0.0,1.0,-2.4492935982947064e-16,1.0,0.0,0.0,0.0,10.3,22.75,100.0,95.75,-3.325,3.853133,0.0,-2.675,17.951851846666667,32.35,32.8,32.53333333333333,33.1,32.31666666666667,-20.273999996666667,-0.1703703833333314,0.0713333333333334,-2.512,-2.6053333333333333,17.90864197777778,-2.431555555555553,4.917218,4.9673386,5.0021405,4.9795523,4.946936,0,0.0,0,1.0,-1.18,34.1,65.9
2022-12-12 06:30:00,160.680516955556,94.743432294446,94.776486555556,17.951851846666667,-2.6053333333333333,32.31666666666667,2,5.1764362714980825,70.66250196097344,6,0,12,1.0,6.123233995736766e-17,0.0,1.0,-2.4492935982947064e-16,1.0,0.0,0.0,0.0,10.1,22.5,100.0,95.5,-3.45,3.822802,0.0,-2.75,18.105555560000003,32.35,32.35,32.8,32.53333333333333,31.65,-20.55718518,0.1185185166666649,-0.1646666666666667,-2.4406666666666665,-2.555333333333333,17.929629630000004,-2.5193333333333308,4.946936,4.917218,4.9673386,5.0021405,4.889375,0,0.0,0,1.0,-1.15,32.8,67.2
2022-12-12 06:45:00,89.17337740555399,27.450846338890003,27.478623027778,18.105555560000003,-2.555333333333333,31.65,1,5.1764362714980825,70.66250196097344,6,0,12,1.0,6.123233995736766e-17,0.0,1.0,-2.4492935982947064e-16,1.0,0.0,0.0,0.0,9.9,22.25,100.0,95.25,-3.575,3.7926712,0.0,-2.825,17.94444445,32.31666666666667,32.35,32.35,32.8,31.683333333333334,-20.660888893333336,0.1537037133333356,0.0500000000000002,-2.6053333333333333,-2.503333333333333,17.96358024555556,-2.5337777777777752,4.889375,4.946936,4.917218,4.9673386,4.8478484,0,0.0,1,1.0,-1.12,31.3,68.7
2022-12-12 07:00:00,198.579000972222,140.473547466668,140.511323755556,17.94444445,-2.503333333333333,31.683333333333334,2,5.1764362714980825,70.66250196097344,7,0,12,0.9659258262890684,-0.2588190451025206,0.0,1.0,-2.4492935982947064e-16,1.0,0.0,0.0,0.0,9.7,22.0,100.0,95.0,-3.7,3.7627387,0.0,-2.9,18.13888888,31.65,32.31666666666667,32.35,32.35,31.6,-20.447777783333333,-0.1611111100000037,0.052,-2.555333333333333,-2.662,18.000617285555556,-2.554666666666664,4.8478484,4.889375,4.946936,4.917218,4.891331,0,0.0,1,1.0,-1.15,33.0,67.0
2022-12-12 07:15:00,83.848590522216,16.897935188888,16.92376752222,18.13888888,-2.662,31.6,1,5.1764362714980825,70.66250196097344,7,0,12,0.9659258262890684,-0.2588190451025206,0.0,1.0,-2.4492935982947064e-16,1.0,0.0,0.0,0.0,9.775,21.625,100.0,94.25,-3.95,3.687144,0.0,-3.075,18.005555583333333,31.683333333333334,31.65,32.31666666666667,32.35,31.216666666666665,-20.80088888,0.1944444300000007,-0.1586666666666669,-2.503333333333333,-2.752,18.062962963333334,-2.573555555555553,4.891331,4.8478484,4.889375,4.946936,4.7938437,0,0.0,1,1.0,-1.11,31.0,69.0
2022-12-12 07:30:00,155.66793961667,73.512337155556,73.542613711112,18.005555583333333,-2.752,31.216666666666665,2,5.1764362714980825,70.66250196097344,7,0,12,0.9659258262890684,-0.2588190451025206,0.0,1.0,-2.4492935982947064e-16,1.0,0.0,0.0,0.0,9.85,21.25,100.0,93.5,-4.2,3.612772,0.0,-3.25,17.949999979999998,31.6,31.683333333333334,31.65,32.31666666666667,31.8,-20.75755558333333,-0.1333332966666667,-0.0900000000000003,-2.662,-2.82,18.029629637777777,-2.6391111111111085,4.7938437,4.891331,4.8478484,4.889375,4.867308,0,0.0,1,1.0,-1.14,32.5,67.5
2022-12-12 07:45:00,168.999073133332,104.433878027778,104.46887666111,17.949999979999998,-2.82,31.8,2,5.1764362714980825,70.66250196097344,7,0,12,0.9659258262890684,-0.2588190451025206,0.0,1.0,-2.4492935982947064e-16,1.0,0.0,0.0,0.0,9.925,20.875,100.0,92.75,-4.45,3.539607,0.0,-3.425,18.07037037,31.216666666666665,31.6,31.683333333333334,31.65,31.35,-20.76999998,-0.0555556033333353,-0.0679999999999996,-2.752,-2.792666666666667,18.03148148111111,-2.744666666666664,4.867308,4.7938437,4.891331,4.8478484,4.832911,0,0.0,0,1.0,-1.15,33.0,67.0
2022-12-12 08:00:00,79.218220094442,20.548900211112,20.575565827778,18.07037037,-2.792666666666667,31.35,1,5.1764362714980825,70.66250196097344,8,0,12,0.8660254037844387,-0.4999999999999998,0.0,1.0,-2.4492935982947064e-16,1.0,0.0,0.0,0.0,10.0,20.5,100.0,92.0,-4.7,3.467632,0.0,-3.6,17.87777774,31.8,31.216666666666665,31.6,31.683333333333334,31.4,-20.863037036666665,0.1203703900000014,0.0273333333333329,-2.82,-2.821333333333333,18.008641977777778,-2.7882222222222204,4.832911,4.867308,4.7938437,4.891331,4.785467,0,0.0,1,1.0,-1.13,31.8,68.2
2022-12-12 08:15:00,196.70463141667,127.663226566668,127.70016953889,17.87777774,-2.821333333333333,31.4,2,5.1764362714980825,70.66250196097344,8,0,12,0.8660254037844387,-0.4999999999999998,0.0,1.0,-2.4492935982947064e-16,1.0,0.75,0.1875,0.0625,10.0,20.875,100.0,91.25,-4.85,3.4332588,0.0,-3.625,17.97777776666667,31.35,31.8,31.216666666666665,31.6,31.6,-20.69911107333333,-0.19259263,-0.0286666666666666,-2.792666666666667,-2.9713333333333334,17.966049363333333,-2.8113333333333315,4.785467,4.832911,4.867308,4.7938437,4.844698,0,0.0,1,1.0,-1.17,33.9,66.1
2022-12-12 08:30:00,177.508732716666,118.273602216666,118.30915636111,17.97777776666667,-2.9713333333333334,31.6,2,5.1764362714980825,70.66250196097344,8,0,12,0.8660254037844387,-0.4999999999999998,0.0,1.0,-2.4492935982947064e-16,1.0,1.5,0.5625,0.1875,10.0,21.25,100.0,90.5,-5.0,3.3989952,0.0,-3.65,17.936904779285715,31.4,31.35,31.8,31.216666666666665,31.05,-20.949111100000003,0.1000000266666703,-0.1499999999999999,-2.821333333333333,-3.0342857142857147,17.97530862555556,-2.861777777777775,4.844698,4.785467,4.832911,4.867308,4.7488117,0,0.0,0,1.0,-1.15,32.7,67.3
2022-12-12 08:45:00,152.697780694446,86.326546816666,86.359045549998,17.936904779285715,-3.0342857142857147,31.05,2,5.1764362714980825,70.66250196097344,8,0,12,0.8660254037844387,-0.4999999999999998,0.0,1.0,-2.4492935982947064e-16,1.0,2.25,1.125,0.375,10.0,21.625,100.0,89.75,-5.15,3.3648415,0.0,-3.675,17.91452989076923,31.6,31.4,31.35,31.8,31.46153846153846,-20.97119049357143,-0.0408729873809541,-0.0629523809523813,-2.9713333333333334,-3.129230769230769,17.93082009531746,-2.942317460317458,4.7488117,4.844698,4.785467,4.832911,4.8053493,0,0.0,0,1.0,-1.16,33.3,66.7
2022-12-12 09:00:00,155.881820077776,89.177821627778,89.208098216666,17.91452989076923,-3.129230769230769,31.46153846153846,2,5.1764362714980825,70.66250196097344,9,0,12,0.7071067811865476,-0.7071067811865475,0.0,1.0,-2.4492935982947064e-16,1.0,3.0,1.875,0.625,10.0,22.0,100.0,89.0,-5.3,3.3307972,0.0,-3.7,17.892450128717947,31.05,31.6,31.4,31.35,31.397435897435894,-21.04376066,-0.0223748885164845,-0.0949450549450543,-3.0342857142857147,-3.212948717948718,17.94307081224054,-3.044949938949937,4.8053493,4.7488117,4.844698,4.785467,4.789259,0,0.0,0,1.0,-1.16,33.4,66.6
2022-12-12 09:15:00,121.3276467,0.0,0.0,17.892450128717947,-3.212948717948718,31.397435897435894,0,5.1764362714980825,70.66250196097344,9,0,12,0.7071067811865476,-0.7071067811865475,0.0,1.0,-2.4492935982947064e-16,1.0,10.75,4.375,1.5208333333333333,9.925,22.175,100.0,87.75,-5.475,3.2840161,0.0,-3.7,17.870370366666666,31.46153846153846,31.05,31.6,31.4,31.33333333333333,-21.105398846666667,-0.022079762051284,-0.0837179487179491,-3.129230769230769,-3.296666666666667,17.914628266257633,-3.1254884004883983,4.789259,4.8053493,4.7488117,4.844698,4.773202,1,1.0,1,0.75,-1.17,33.7,66.3
2022-12-12 09:30:00,86.77347332222399,63.348021511112,63.364965283334,17.870370366666666,-3.296666666666667,31.33333333333333,1,5.1764362714980825,70.66250196097344,9,0,12,0.7071067811865476,-0.7071067811865475,0.0,1.0,-2.4492935982947064e-16,1.0,18.5,8.625,3.0625,9.85,22.35,100.0,86.5,-5.65,3.2372353,0.0,-3.7,18.074786353076924,31.397435897435894,31.46153846153846,31.05,31.6,31.02692307692308,-21.167037033333333,-0.0220797620512804,-0.0837179487179486,-3.212948717948718,-3.3623076923076924,17.89245012871795,-3.212948717948716,4.773202,4.789259,4.8053493,4.7488117,4.7843614,0,1.0,1,0.75,-1.17,34.0,66.0
2022-12-12 09:45:00,75.733914988888,25.003444255556,25.026776655556,18.074786353076924,-3.3623076923076924,31.02692307692308,1,5.1764362714980825,70.66250196097344,9,0,12,0.7071067811865476,-0.7071067811865475,0.0,1.0,-2.4492935982947064e-16,1.0,26.25,14.625,5.25,9.775,22.525,100.0,85.25,-5.825,3.1904545,0.0,-3.7,17.981481496666667,31.33333333333333,31.397435897435894,31.46153846153846,31.05,30.25,-21.43709404538461,0.2044159864102575,-0.0656410256410255,-3.296666666666667,-3.313333333333333,17.94586894948718,-3.290641025641024,4.7843614,4.773202,4.789259,4.8053493,4.6387477,0,1.0,0,0.75,-1.13,31.8,68.2
2022-12-12 10:00:00,146.849125866664,71.719353327778,71.75101876111,17.981481496666667,-3.313333333333333,30.25,2,5.1764362714980825,70.66250196097344,10,0,12,0.4999999999999999,-0.8660254037844387,0.0,1.0,-2.4492935982947064e-16,1.0,34.0,22.375,8.083333333333334,9.7,22.7,100.0,84.0,-6.0,3.1436734,0.0,-3.7,17.92777774,31.02692307692308,31.33333333333333,31.397435897435894,31.46153846153846,30.8,-21.29481483,-0.0933048564102563,0.0489743589743589,-3.3623076923076924,-3.286666666666666,17.975546072136755,-3.324102564102562,4.6387477,4.7843614,4.773202,4.789259,4.7080193,0,1.0,1,0.75,-1.15,33.0,67.0
2022-12-12 10:15:00,178.622577011112,105.43550466111,105.470225505554,17.92777774,-3.286666666666666,30.8,2,5.1764362714980825,70.66250196097344,10,0,12,0.4999999999999999,-0.8660254037844387,0.0,1.0,-2.4492935982947064e-16,1.0,51.5,32.5625,12.375,9.6,23.05,100.0,82.5,-6.175,3.0985315,0.0,-3.65,18.05925925,30.25,31.02692307692308,31.33333333333333,31.397435897435894,30.35,-21.214444406666665,-0.0537037566666676,0.0266666666666668,-3.313333333333333,-3.2153333333333336,17.994681863247862,-3.3207692307692285,4.7080193,4.6387477,4.7843614,4.773202,4.6756606,0,0.0,0,1.0,-1.16,33.4,66.6
2022-12-12 10:30:00,80.792601566664,18.472872172222,18.498982244444,18.05925925,-3.2153333333333336,30.35,1,5.1764362714980825,70.66250196097344,10,0,12,0.4999999999999999,-0.8660254037844387,0.0,1.0,-2.4492935982947064e-16,1.0,69.0,45.1875,18.125,9.5,23.4,100.0,81.0,-6.35,3.053024,0.0,-3.6,17.911111090000002,30.8,30.25,31.02692307692308,31.33333333333333,30.35,-21.27459258333333,0.1314815100000004,0.071333333333333,-3.286666666666666,-3.096,17.989506162222224,-3.2717777777777752,4.6756606,4.7080193,4.6387477,4.7843614,4.6346326,0,0.0,1,1.0,-1.13,32.1,67.9
2022-12-12 10:45:00,202.010808211108,134.933491344444,134.97321202222,17.911111090000002,-3.096,30.35,2,5.1764362714980825,70.66250196097344,10,0,12,0.4999999999999999,-0.8660254037844387,0.0,1.0,-2.4492935982947064e-16,1.0,86.5,60.25,25.33333333333333,9.4,23.75,100.0,79.5,-6.525,3.0071483,0.0,-3.55,18.13333331666667,30.35,30.8,30.25,31.02692307692308,30.316666666666663,-21.00711109,-0.148148159999998,0.1193333333333339,-3.2153333333333336,-2.978666666666667,17.966049360000003,-3.1993333333333305,4.6346326,4.6756606,4.7080193,4.6387477,4.6911354,0,0.0,1,1.0,-1.17,33.7,66.3
2022-12-12 11:00:00,96.354479116662,34.606115683334,34.635003427778,18.13333331666667,-2.978666666666667,30.316666666666663,1,5.1764362714980825,70.66250196097344,11,0,12,0.258819045102521,-0.9659258262890682,0.0,1.0,-2.4492935982947064e-16,1.0,104.0,77.75,34.0,9.3,24.1,100.0,78.0,-6.7,2.960903,0.0,-3.5,18.046825392142857,30.35,30.35,30.8,30.25,29.73928571428572,-21.11199998333333,0.2222222266666662,0.1173333333333328,-3.096,-2.926428571428571,18.03456788555556,-3.096666666666664,4.6911354,4.6346326,4.6756606,4.7080193,4.578191,0,0.0,1,1.0,-1.12,31.3,68.7
2022-12-12 11:15:00,123.400619377776,69.289728316666,69.319449344444,18.046825392142857,-2.926428571428571,29.73928571428572,1,5.1764362714980825,70.66250196097344,11,0,12,0.258819045102521,-0.9659258262890682,0.0,1.0,-2.4492935982947064e-16,1.0,107.0,91.625,42.85416666666666,9.0,23.825000000000003,100.0,77.0,-6.825,2.9333339,0.0,-3.45,18.018518516666667,30.316666666666663,30.35,30.35,30.8,30.433333333333334,-20.973253963571427,-0.0865079245238114,0.0522380952380956,-2.978666666666667,-2.528,18.03042326626984,-3.0003650793650767,4.578191,4.6911354,4.6346326,4.6756606,4.6771536,0,0.0,0,1.0,-1.14,32.4,67.6
2022-12-12 11:30:00,189.112713005554,109.889215388888,109.92282516111,18.018518516666667,-2.528,30.433333333333334,2,5.1764362714980825,70.66250196097344,11,0,12,0.258819045102521,-0.9659258262890682,0.0,1.0,-2.4492935982947064e-16,1.0,110.0,101.875,51.895833333333336,8.7,23.55,100.0,76.0,-6.95,2.905527,0.0,-3.4,18.203174582857145,29.73928571428572,30.316666666666663,30.35,30.35,29.821428571428573,-20.546518516666666,-0.0283068754761899,0.3984285714285711,-2.926428571428571,-2.5471428571428576,18.0662257418254,-2.8110317460317438,4.6771536,4.578191,4.6911354,4.6346326,4.633688,0,0.0,1,1.0,-1.14,32.5,67.5
2022-12-12 11:45:00,78.885177783334,0.0,0.0,18.203174582857145,-2.5471428571428576,29.821428571428573,0,5.1764362714980825,70.66250196097344,11,0,12,0.258819045102521,-0.9659258262890682,0.0,1.0,-2.4492935982947064e-16,1.0,113.0,108.5,61.125,8.4,23.275,100.0,75.0,-7.075,2.8774807,0.0,-3.35,17.95370369,30.433333333333334,29.73928571428572,30.316666666666663,30.35,29.683333333333334,-20.750317440000003,0.1846560661904774,-0.0191428571428575,-2.528,-2.5320000000000005,18.08950616388889,-2.667190476190473,4.633688,4.6771536,4.578191,4.6911354,4.5443335,1,1.0,1,0.75,-1.1,30.7,69.3
2022-12-12 12:00:00,152.074472411108,93.885133344444,93.919020872222,17.95370369,-2.5320000000000005,29.683333333333334,2,5.1764362714980825,70.66250196097344,12,0,12,1.2246467991473532e-16,-1.0,0.0,1.0,-2.4492935982947064e-16,1.0,116.0,111.5,70.54166666666667,8.1,23.0,100.0,74.0,-7.2,2.8491943,0.0,-3.3,17.9611111,29.821428571428573,30.433333333333334,29.73928571428572,30.316666666666663,31.25,-20.48570369,-0.2494708928571434,0.0151428571428571,-2.5471428571428576,-2.3006666666666664,18.05846559650794,-2.535714285714284,4.5443335,4.633688,4.6771536,4.578191,4.786289,0,1.0,1,0.75,-1.16,33.4,66.6
2022-12-12 12:15:00,99.546573544444,59.4484553,59.46456573889,17.9611111,-2.3006666666666664,31.25,1,5.1764362714980825,70.66250196097344,12,0,12,1.2246467991473532e-16,-1.0,0.0,1.0,-2.4492935982947064e-16,1.0,138.75,119.4375,81.20833333333333,8.175,22.825,93.0,71.75,-7.375,2.8168664,0.0,-3.025,18.04259257,29.683333333333334,29.821428571428573,30.433333333333334,29.73928571428572,33.36666666666667,-20.26177776666667,0.007407409999999,0.231333333333334,-2.5320000000000005,-2.1106666666666665,18.039329790952383,-2.4599365079365056,4.786289,4.5443335,4.633688,4.6771536,5.1353106,0,1.0,1,0.75,-1.15,33.0,67.0
2022-12-12 12:30:00,374.16364402222,0.0,0.0,18.04259257,-2.1106666666666665,33.36666666666667,0,5.1764362714980825,70.66250196097344,12,0,12,1.2246467991473532e-16,-1.0,0.0,1.0,-2.4492935982947064e-16,1.0,161.5,132.3125,93.125,8.25,22.65,86.0,69.5,-7.550000000000001,2.782039,0.0,-2.75,17.85555552,31.25,29.683333333333334,29.821428571428573,30.433333333333334,34.2,-20.153259236666667,0.0814814699999999,0.1899999999999999,-2.3006666666666664,-2.354,17.985802453333335,-2.314444444444442,5.1353106,4.786289,4.5443335,4.633688,5.2053037,1,2.0,1,0.5,-1.12,31.6,68.4
2022-12-12 12:45:00,101.632323494442,30.563777383334,30.574054805554,17.85555552,-2.354,34.2,1,5.1764362714980825,70.66250196097344,12,0,12,1.2246467991473532e-16,-1.0,0.0,1.0,-2.4492935982947064e-16,1.0,184.25,150.125,106.29166666666669,8.325,22.475,79.0,67.25,-7.725,2.7446377,0.0,-2.475,17.770370343333333,33.36666666666667,31.25,29.683333333333334,29.821428571428573,34.68333333333333,-20.20955552,-0.1870370500000007,-0.2433333333333336,-2.1106666666666665,-2.438,17.953086396666667,-2.2551111111111086,5.2053037,5.1353106,4.786289,4.5443335,5.2521467,0,1.0,1,0.75,-1.16,33.5,66.5
2022-12-12 13:00:00,195.64995152222,132.115270744444,132.134158888888,17.770370343333333,-2.438,34.68333333333333,2,5.1764362714980825,70.66250196097344,13,0,12,-0.2588190451025208,-0.9659258262890684,0.0,1.0,-2.4492935982947064e-16,1.0,207.0,172.875,120.70833333333331,8.4,22.3,72.0,65.0,-7.9,2.7045846,0.0,-2.2,17.983333350000002,34.2,33.36666666666667,31.25,29.683333333333334,35.3,-20.20837034333333,-0.0851851766666662,-0.084,-2.354,-2.4526666666666666,17.889506144444447,-2.3008888888888865,5.2521467,5.2053037,5.1353106,4.786289,5.413746,0,1.0,1,0.75,-1.18,34.3,65.7
2022-12-12 13:15:00,87.562886277776,18.0967761,18.103720338886003,17.983333350000002,-2.4526666666666666,35.3,1,5.1764362714980825,70.66250196097344,13,0,12,-0.2588190451025208,-0.9659258262890684,0.0,1.0,-2.4492935982947064e-16,1.0,227.0,194.9375,135.33333333333334,8.2,22.575,54.5,65.0,-7.85,2.714093,0.0,-2.1500000000000004,17.942592583333333,34.68333333333333,34.2,33.36666666666667,31.25,34.85,-20.436000016666668,0.2129630066666692,-0.0146666666666663,-2.438,-2.3826666666666667,17.869753071111113,-2.414888888888887,5.413746,5.2521467,5.2053037,5.1353106,5.3317904,0,1.0,1,0.75,-1.13,31.8,68.2
2022-12-12 13:30:00,71.912956733332,0.0,0.0,17.942592583333333,-2.3826666666666667,34.85,0,5.1764362714980825,70.66250196097344,13,0,12,-0.2588190451025208,-0.9659258262890684,0.0,1.0,-2.4492935982947064e-16,1.0,247.0,216.3125,150.16666666666666,8.0,22.85,37.0,65.0,-7.800000000000001,2.7236311,0.0,-2.1,17.744444419999997,35.3,34.68333333333333,34.2,33.36666666666667,34.5,-20.32525925,-0.0407407666666692,0.0699999999999998,-2.4526666666666666,-2.2626666666666666,17.898765425555556,-2.424444444444442,5.3317904,5.413746,5.2521467,5.2053037,5.216317,1,1.0,1,0.75,-1.14,32.3,67.7
2022-12-12 13:45:00,95.182859299996,19.548940227778,19.558106594442,17.744444419999997,-2.2626666666666666,34.5,1,5.1764362714980825,70.66250196097344,13,0,12,-0.2588190451025208,-0.9659258262890684,0.0,1.0,-2.4492935982947064e-16,1.0,267.0,237.0,165.20833333333334,7.8,23.125,19.500000000000007,65.0,-7.75,2.733198,0.0,-2.05,17.62962962222222,34.85,35.3,34.68333333333333,34.2,34.5,-20.007111086666665,-0.1981481633333359,0.1200000000000001,-2.3826666666666667,-2.364444444444445,17.890123451111112,-2.365999999999997,5.216317,5.3317904,5.413746,5.2521467,5.180724,0,1.0,1,0.75,-1.19,34.7,65.3
2022-12-12 14:00:00,101.727875205554,61.7133647,61.722253244444005,17.62962962222222,-2.364444444444445,34.5,1,5.1764362714980825,70.66250196097344,14,0,12,-0.4999999999999997,-0.8660254037844388,0.0,1.0,-2.4492935982947064e-16,1.0,287.0,257.0,180.45833333333331,7.6,23.4,2.0,65.0,-7.7,2.7427948,0.0,-2.0,17.909722202500003,34.5,34.85,35.3,34.68333333333333,34.375,-19.994074066666663,-0.1148147977777753,-0.1017777777777779,-2.2626666666666666,-2.4233333333333333,17.772222208518517,-2.33659259259259,5.180724,5.216317,5.3317904,5.413746,5.24884,0,1.0,0,0.75,-1.22,36.0,64.0
2022-12-12 14:15:00,84.220520027774,29.385768955556,29.392990933332,17.909722202500003,-2.4233333333333333,34.375,1,5.1764362714980825,70.66250196097344,14,0,12,-0.4999999999999997,-0.8660254037844388,0.0,1.0,-2.4492935982947064e-16,1.0,301.75,275.6875,196.6875,7.949999999999999,23.4,1.5,64.0,-7.8,2.7243485,0.0,-1.875,17.966666676666666,34.5,34.5,34.85,35.3,33.56666666666667,-20.33305553583333,0.2800925802777811,-0.0588888888888887,-2.364444444444445,-2.405333333333333,17.76126541490741,-2.3501481481481457,5.24884,5.180724,5.216317,5.3317904,5.1428127,0,1.0,0,0.75,-1.15,32.8,67.2
2022-12-12 14:30:00,69.93164720555001,0.0,0.0,17.966666676666666,-2.405333333333333,33.56666666666667,0,5.1764362714980825,70.66250196097344,14,0,12,-0.4999999999999997,-0.8660254037844388,0.0,1.0,-2.4492935982947064e-16,1.0,316.5,293.0625,213.89583333333331,8.3,23.4,1.0,63.0,-7.9,2.7053401,0.0,-1.75,17.76111109,34.375,34.5,34.5,34.85,33.5,-20.37200001,0.0569444741666629,0.0180000000000002,-2.4233333333333333,-2.232,17.835339500462965,-2.397703703703701,5.1428127,5.24884,5.180724,5.216317,5.0701547,1,1.0,1,0.75,-1.14,32.4,67.6
2022-12-12 14:45:00,166.45611930555398,104.140556427778,104.15777802222,17.76111109,-2.232,33.5,2,5.1764362714980825,70.66250196097344,14,0,12,-0.4999999999999997,-0.8660254037844388,0.0,1.0,-2.4492935982947064e-16,1.0,331.25,309.125,232.08333333333331,8.65,23.4,0.5,62.0,-8.0,2.6857626,0.0,-1.625,17.855555566666666,33.56666666666667,34.375,34.5,34.5,33.68333333333333,-19.99311109,-0.2055555866666658,0.1733333333333329,-2.405333333333333,-2.22,17.87916665638889,-2.353555555555553,5.0701547,5.1428127,5.24884,5.180724,5.126667,0,1.0,1,0.75,-1.19,34.7,65.3
2022-12-12 15:00:00,167.634960966668,88.210638083334,88.225359744444,17.855555566666666,-2.22,33.68333333333333,2,5.1764362714980825,70.66250196097344,15,0,12,-0.7071067811865471,-0.7071067811865479,0.0,1.0,-2.4492935982947064e-16,1.0,346.0,323.875,251.25,9.0,23.4,0.0,61.0,-8.1,2.665609,0.0,-1.5,17.98888889,33.5,33.56666666666667,34.375,34.5,34.25,-20.075555566666665,0.0944444766666663,0.012,-2.232,-2.244,17.86111111111111,-2.2857777777777755,5.126667,5.0701547,5.1428127,5.24884,5.254451,0,1.0,0,0.75,-1.17,33.6,66.4
2022-12-12 15:15:00,75.294488166664,0.0,0.0,17.98888889,-2.244,34.25,0,5.1764362714980825,70.66250196097344,15,0,12,-0.7071067811865471,-0.7071067811865479,0.0,1.0,-2.4492935982947064e-16,1.0,320.0,328.4375,266.3541666666667,9.1,23.575,0.0,61.0,-8.225,2.6424441,0.0,-1.625,17.835185183333333,33.68333333333333,33.5,33.56666666666667,34.375,33.2,-20.23288889,0.133333323333332,-0.024,-2.22,-2.289333333333333,17.868518515555554,-2.231999999999998,5.254451,5.126667,5.0701547,5.1428127,5.0469766,1,2.0,1,0.5,-1.13,32.0,68.0
2022-12-12 15:30:00,125.103051277776,55.214735772222,55.233901688888,17.835185183333333,-2.289333333333333,33.2,1,5.1764362714980825,70.66250196097344,15,0,12,-0.7071067811865471,-0.7071067811865479,0.0,1.0,-2.4492935982947064e-16,1.0,294.0,322.8125,277.3958333333333,9.2,23.75,0.0,61.0,-8.35,2.6194563,0.0,-1.75,17.77777778,34.25,33.68333333333333,33.5,33.56666666666667,32.45,-20.124518516666665,-0.1537037066666648,-0.0453333333333327,-2.244,-2.3793333333333333,17.89320988,-2.251111111111109,5.0469766,5.254451,5.126667,5.0701547,4.9161196,0,1.0,1,0.75,-1.17,33.9,66.1
2022-12-12 15:45:00,204.393768355556,138.6502871,138.692229938886,17.77777778,-2.3793333333333333,32.45,2,5.1764362714980825,70.66250196097344,15,0,12,-0.7071067811865471,-0.7071067811865479,0.0,1.0,-2.4492935982947064e-16,1.0,268.0,307.0,284.375,9.3,23.925,0.0,61.0,-8.475,2.5966449,0.0,-1.875,18.014814803333334,33.2,34.25,33.68333333333333,33.5,31.85,-20.157111113333336,-0.0574074033333324,-0.0900000000000003,-2.289333333333333,-2.6386666666666665,17.867283951111112,-2.30422222222222,4.9161196,5.0469766,5.254451,5.126667,4.8937974,0,1.0,1,0.75,-1.19,34.8,65.2
2022-12-12 16:00:00,175.815744988884,98.479671772222,98.511614977776,18.014814803333334,-2.6386666666666665,31.85,2,5.1764362714980825,70.66250196097344,16,0,12,-0.8660254037844385,-0.5000000000000004,0.0,1.0,-2.4492935982947064e-16,1.0,242.0,281.0,287.2916666666667,9.4,24.1,0.0,61.0,-8.6,2.5740075,0.0,-2.0,18.02777779,32.45,33.2,34.25,33.68333333333333,30.85,-20.65348147,0.2370370233333325,-0.2593333333333332,-2.3793333333333333,-2.7706666666666666,17.875925922222223,-2.435777777777775,4.8937974,4.9161196,5.0469766,5.254451,4.7438016,0,1.0,0,0.75,-1.14,32.2,67.8
2022-12-12 16:15:00,105.988538055556,42.784121883334,42.813565155556,18.02777779,-2.7706666666666666,30.85,1,5.1764362714980825,70.66250196097344,16,0,12,-0.8660254037844385,-0.5000000000000004,0.0,1.0,-2.4492935982947064e-16,1.0,208.25,253.0625,285.7291666666667,8.825,23.825000000000003,0.0,63.75,-8.475,2.6109624,0.0,-2.425,17.812962963333334,31.85,32.45,33.2,34.25,31.15,-20.79844445666667,0.0129629866666682,-0.1320000000000001,-2.6386666666666665,-2.8946666666666667,17.940123457777776,-2.59622222222222,4.7438016,4.8937974,4.9161196,5.0469766,4.729076,0,0.0,1,1.0,-1.14,32.3,67.7
2022-12-12 16:30:00,162.16379110555,115.303165455556,115.336775277776,17.812962963333334,-2.8946666666666667,31.15,2,5.1764362714980825,70.66250196097344,16,0,12,-0.8660254037844385,-0.5000000000000004,0.0,1.0,-2.4492935982947064e-16,1.0,174.5,223.1875,279.6875,8.25,23.55,0.0,66.5,-8.35,2.6432333,0.0,-2.85,17.82499997,30.85,31.85,32.45,33.2,30.825,-20.70762963,-0.214814826666668,-0.1240000000000001,-2.7706666666666666,-2.992,17.951851852222223,-2.767999999999997,4.729076,4.7438016,4.8937974,4.9161196,4.6830926,0,0.0,1,1.0,-1.19,34.7,65.3
2022-12-12 16:45:00,142.57568572777402,93.265713672222,93.289601616666,17.82499997,-2.992,30.825,2,5.1764362714980825,70.66250196097344,16,0,12,-0.8660254037844385,-0.5000000000000004,0.0,1.0,-2.4492935982947064e-16,1.0,140.75,191.375,269.1666666666667,7.675,23.275,0.0,69.25,-8.225,2.6710348,0.0,-3.2750000000000004,17.72500001,31.15,30.85,31.85,32.45,30.825,-20.81699997,0.0120370066666666,-0.0973333333333332,-2.8946666666666667,-3.128,17.888580241111114,-2.885777777777776,4.6830926,4.729076,4.7438016,4.8937974,4.6552677,0,0.0,0,1.0,-1.19,34.6,65.4
2022-12-12 17:00:00,480.990759666664,127.446846372222,127.474067533332,17.72500001,-3.128,30.825,2,5.1764362714980825,70.66250196097344,17,0,12,-0.9659258262890684,-0.2588190451025206,0.0,1.0,-2.4492935982947064e-16,1.0,107.0,157.625,254.16666666666663,7.1,23.0,0.0,72.0,-8.1,2.6945775,0.0,-3.7,17.85555557,30.825,31.15,30.85,31.85,30.95,-20.85300001,-0.0999999600000016,-0.1360000000000001,-2.992,-3.264,17.787654314444445,-3.0048888888888867,4.6552677,4.6830926,4.729076,4.7438016,4.7106485,0,0.0,0,1.0,-1.21,35.8,64.2
2022-12-12 17:15:00,205.600664611108,150.422593972222,150.452870577776,17.85555557,-3.264,30.95,2,5.1764362714980825,70.66250196097344,17,0,12,-0.9659258262890684,-0.2588190451025206,0.0,1.0,-2.4492935982947064e-16,1.0,82.0,126.0625,235.85416666666663,7.675,21.475,0.0,74.0,-8.1,2.7012472,0.0,-4.05,18.118518506666664,30.825,30.825,31.15,30.85,30.166666666666668,-21.11955557,0.1305555600000012,-0.1360000000000001,-3.128,-3.3,17.801851850000002,-3.127999999999998,4.7106485,4.6552677,4.6830926,4.729076,4.6638165,0,0.0,0,1.0,-1.18,34.2,65.8
2022-12-12 17:30:00,89.282817477776,43.2666026,43.284379688888,18.118518506666664,-3.3,30.166666666666668,1,5.1764362714980825,70.66250196097344,17,0,12,-0.9659258262890684,-0.2588190451025206,0.0,1.0,-2.4492935982947064e-16,1.0,57.0,96.6875,214.22916666666663,8.25,19.95,0.0,76.0,-8.1,2.7057524,0.0,-4.4,17.94444445,30.95,30.825,30.825,31.15,30.2,-21.418518506666665,0.2629629366666641,-0.0359999999999995,-3.264,-3.408666666666667,17.899691362222224,-3.2306666666666644,4.6638165,4.7106485,4.6552677,4.6830926,4.620885,0,0.0,1,1.0,-1.12,31.5,68.5
2022-12-12 17:45:00,209.214964466664,161.872969272222,161.902690333332,17.94444445,-3.408666666666667,30.2,2,5.1764362714980825,70.66250196097344,17,0,12,-0.9659258262890684,-0.2588190451025206,0.0,1.0,-2.4492935982947064e-16,1.0,32.0,69.5,189.29166666666663,8.825,18.425,0.0,78.0,-8.1,2.7081845,0.0,-4.75,18.17777776,30.166666666666668,30.95,30.825,30.825,30.133333333333333,-21.353111116666668,-0.1740740566666652,-0.1086666666666671,-3.3,-3.4873333333333334,17.972839508888885,-3.32422222222222,4.620885,4.6638165,4.7106485,4.6552677,4.675097,0,0.0,1,1.0,-1.16,33.4,66.6
2022-12-12 18:00:00,165.122005988888,125.638863127778,125.66636206111,18.17777776,-3.4873333333333334,30.133333333333333,2,5.1764362714980825,70.66250196097344,18,0,12,-1.0,-1.8369701987210294e-16,0.0,1.0,-2.4492935982947064e-16,1.0,7.0,44.5,161.04166666666666,9.4,16.9,0.0,80.0,-8.1,2.708631,0.0,-5.1,18.19444445,30.2,30.166666666666668,30.95,30.825,29.2,-21.665111093333334,0.2333333100000025,-0.0786666666666664,-3.408666666666667,-3.6073333333333335,18.08024690555556,-3.398666666666664,4.675097,4.620885,4.6638165,4.7106485,4.534778,0,0.0,0,1.0,-1.11,30.9,69.1
2022-12-12 18:15:00,112.141625338886,69.024183372222,69.046682538886,18.19444445,-3.6073333333333335,29.2,1,5.1764362714980825,70.66250196097344,18,0,12,-1.0,-1.8369701987210294e-16,0.0,1.0,-2.4492935982947064e-16,1.0,5.25,25.3125,134.8125,9.15,16.9,0.0,80.5,-8.2,2.681735,0.0,-5.324999999999999,17.999999993333333,30.133333333333333,30.2,30.166666666666668,30.95,29.466666666666665,-21.80177778333333,0.0166666899999974,-0.1200000000000001,-3.4873333333333334,-3.6746666666666665,18.105555553333332,-3.501111111111109,4.534778,4.675097,4.620885,4.6638165,4.523606,0,0.0,1,1.0,-1.11,30.9,69.1
2022-12-12 18:30:00,240.328442011112,173.6922187,173.723606377776,17.999999993333333,-3.6746666666666665,29.466666666666665,2,5.1764362714980825,70.66250196097344,18,0,12,-1.0,-1.8369701987210294e-16,0.0,1.0,-2.4492935982947064e-16,1.0,3.5,11.9375,110.60416666666669,8.9,16.9,0.0,81.0,-8.3,2.6549199,0.0,-5.55,18.24206348857143,29.2,30.133333333333333,30.2,30.166666666666668,29.1,-21.67466666,-0.1944444566666661,-0.067333333333333,-3.6073333333333335,-3.8135714285714286,18.12407406777778,-3.589777777777776,4.523606,4.534778,4.675097,4.620885,4.5320473,0,0.0,1,1.0,-1.15,33.0,67.0
2022-12-12 18:45:00,128.597355883334,85.85545456111,85.877675905554,18.24206348857143,-3.8135714285714286,29.1,2,5.1764362714980825,70.66250196097344,18,0,12,-1.0,-1.8369701987210294e-16,0.0,1.0,-2.4492935982947064e-16,1.0,1.75,4.375,88.41666666666667,8.65,16.9,0.0,81.5,-8.4,2.62819,0.0,-5.775,18.17962964,29.466666666666665,29.2,30.133333333333333,30.2,28.53333333333333,-22.055634917142857,0.2420634952380957,-0.1389047619047621,-3.6746666666666665,-3.9133333333333336,18.145502643968257,-3.6985238095238073,4.5320473,4.523606,4.534778,4.675097,4.427348,0,0.0,0,1.0,-1.1,30.5,69.5
2022-12-12 19:00:00,123.840601794442,83.609433272222,83.634710127774,18.17962964,-3.9133333333333336,28.53333333333333,2,5.1764362714980825,70.66250196097344,19,0,12,-0.9659258262890684,0.2588190451025203,0.0,1.0,-2.4492935982947064e-16,1.0,0.0,2.625,68.25,8.4,16.9,0.0,82.0,-8.5,2.6015482,0.0,-6.0,18.02777778,29.1,29.466666666666665,29.2,30.133333333333333,28.8,-22.09296297333333,-0.0624338485714304,-0.0997619047619049,-3.8135714285714286,-4.064,18.140564373968253,-3.800523809523808,4.427348,4.5320473,4.523606,4.534778,4.4285727,0,0.0,0,1.0,-1.12,31.3,68.7
2022-12-12 19:15:00,227.333684105554,180.839155044444,180.871376005554,18.02777778,-4.064,28.8,2,5.1764362714980825,70.66250196097344,19,0,12,-0.9659258262890684,0.2588190451025203,0.0,1.0,-2.4492935982947064e-16,1.0,0.0,1.3125,50.895833333333336,8.125,16.549999999999997,0.0,84.5,-8.775,2.5570579,0.0,-6.65,18.300000016666665,28.53333333333333,29.1,29.466666666666665,29.2,28.53333333333333,-22.09177778,-0.1518518599999971,-0.1506666666666665,-3.9133333333333336,-4.244666666666666,18.14982363619048,-3.930301587301585,4.4285727,4.427348,4.5320473,4.523606,4.459103,0,0.0,0,1.0,-1.15,32.8,67.2
2022-12-12 19:30:00,133.377720277776,88.165362144444,88.189250155552,18.300000016666665,-4.244666666666666,28.53333333333333,2,5.1764362714980825,70.66250196097344,19,0,12,-0.9659258262890684,0.2588190451025203,0.0,1.0,-2.4492935982947064e-16,1.0,0.0,0.4375,36.35416666666666,7.85,16.2,0.0,87.0,-9.05,2.5104558,0.0,-7.3,18.21666669,28.8,28.53333333333333,29.1,29.466666666666665,27.85,-22.54466668333333,0.2722222366666642,-0.1806666666666663,-4.064,-4.504,18.169135812222223,-4.073999999999997,4.459103,4.4285727,4.427348,4.5320473,4.3308344,0,0.0,0,1.0,-1.09,30.0,70.0
2022-12-12 19:45:00,134.647947150002,85.600186955556,85.624074933332,18.21666669,-4.504,27.85,2,5.1764362714980825,70.66250196097344,19,0,12,-0.9659258262890684,0.2588190451025203,0.0,1.0,-2.4492935982947064e-16,1.0,0.0,0.0,24.625,7.575,15.85,0.0,89.5,-9.325,2.4620044,0.0,-7.949999999999999,18.05185185,28.53333333333333,28.8,28.53333333333333,29.1,27.966666666666665,-22.72066669,-0.0833333266666649,-0.2593333333333341,-4.244666666666666,-4.708666666666667,18.181481495555555,-4.270888888888887,4.3308344,4.459103,4.4285727,4.427348,4.3065925,0,0.0,0,1.0,-1.11,31.0,69.0
2022-12-12 20:00:00,248.371731416666,183.779037444444,183.819591438886,18.05185185,-4.708666666666667,27.966666666666665,2,5.1764362714980825,70.66250196097344,20,0,12,-0.8660254037844386,0.5000000000000001,0.0,1.0,-2.4492935982947064e-16,1.0,0.0,0.0,15.708333333333334,7.3,15.5,0.0,92.0,-9.6,2.4119465,0.0,-8.6,18.31111111,27.85,28.53333333333333,28.8,28.53333333333333,27.6,-22.760518516666664,-0.1648148400000018,-0.2046666666666663,-4.504,-4.825333333333333,18.18950618555556,-4.485777777777776,4.3065925,4.3308344,4.459103,4.4285727,4.316089,0,0.0,0,1.0,-1.15,32.8,67.2
2022-12-12 20:15:00,198.542891250002,136.894801772222,136.932022549998,18.31111111,-4.825333333333333,27.6,2,5.1764362714980825,70.66250196097344,20,0,12,-0.8660254037844386,0.5000000000000001,0.0,1.0,-2.4492935982947064e-16,1.0,0.0,0.0,8.875,7.5,14.875,20.0,92.25,-10.025,2.3389287,0.0,-9.05,18.338888876666665,27.966666666666665,27.85,28.53333333333333,28.8,26.85,-23.136444443333332,0.2592592600000039,-0.1166666666666662,-4.708666666666667,-4.913333333333333,18.19320988333333,-4.679333333333331,4.316089,4.3065925,4.3308344,4.459103,4.205729,0,0.0,0,1.0,-1.09,30.1,69.9
2022-12-12 20:30:00,103.228370733332,53.7086849,53.737572627778,18.338888876666665,-4.913333333333333,26.85,1,5.1764362714980825,70.66250196097344,20,0,12,-0.8660254037844386,0.5000000000000001,0.0,1.0,-2.4492935982947064e-16,1.0,0.0,0.0,4.125,7.699999999999999,14.25,40.0,92.5,-10.45,2.2678044,0.0,-9.5,18.06666668,27.6,27.966666666666665,27.85,28.53333333333333,26.85,-23.25222221,0.0277777666666629,-0.088,-4.825333333333333,-4.984,18.233950612222223,-4.815777777777775,4.205729,4.316089,4.3065925,4.3308344,4.1382804,0,0.0,1,1.0,-1.09,30.0,70.0
2022-12-12 20:45:00,212.38789297778,160.423305027778,160.461914616666,18.06666668,-4.984,26.85,2,5.1764362714980825,70.66250196097344,20,0,12,-0.8660254037844386,0.5000000000000001,0.0,1.0,-2.4492935982947064e-16,1.0,0.0,0.0,1.4583333333333333,7.899999999999999,13.625,60.0,92.75,-10.875,2.1985345,0.0,-9.95,18.23703706,26.85,27.6,27.966666666666665,27.85,27.0,-23.05066668,-0.2722221966666645,-0.0706666666666668,-4.913333333333333,-5.114,18.23888888888889,-4.907555555555553,4.1382804,4.205729,4.316089,4.3065925,4.203737,0,0.0,1,1.0,-1.15,32.9,67.1
2022-12-12 21:00:00,195.630507899996,135.7829018,135.818455994442,18.23703706,-5.114,27.0,2,5.1764362714980825,70.66250196097344,21,0,12,-0.7071067811865477,0.7071067811865474,0.0,1.0,-2.4492935982947064e-16,1.0,0.0,0.0,0.875,8.1,13.0,80.0,93.0,-11.3,2.13108,0.0,-10.4,18.24444443,26.85,26.85,27.6,27.966666666666665,26.35,-23.35103706,0.1703703799999978,-0.1299999999999999,-4.984,-5.206666666666666,18.214197538888893,-5.003777777777775,4.203737,4.1382804,4.205729,4.316089,4.10434,0,0.0,0,1.0,-1.11,31.0,69.0
2022-12-12 21:15:00,122.406214788884,51.470718872222,51.499051088888,18.24444443,-5.206666666666666,26.35,1,5.1764362714980825,70.66250196097344,21,0,12,-0.7071067811865477,0.7071067811865474,0.0,1.0,-2.4492935982947064e-16,1.0,0.0,0.0,0.4375,8.425,13.35,78.0,92.75,-11.675,2.069926,0.0,-10.75,17.96296292,27.0,26.85,26.85,27.6,26.65,-23.451111096666665,0.0074073699999992,-0.0926666666666662,-5.114,-5.236,18.182716056666667,-5.101555555555553,4.10434,4.203737,4.1382804,4.205729,4.0821977,0,0.0,1,1.0,-1.11,31.1,68.9
2022-12-12 21:30:00,217.336583955556,156.608457627778,156.646233883334,17.96296292,-5.236,26.65,2,5.1764362714980825,70.66250196097344,21,0,12,-0.7071067811865477,0.7071067811865474,0.0,1.0,-2.4492935982947064e-16,1.0,0.0,0.0,0.1458333333333333,8.75,13.7,76.0,92.5,-12.05,2.0103483,0.0,-11.1,18.16111108,26.35,27.0,26.85,26.85,26.95,-23.19896292,-0.281481509999999,-0.0293333333333336,-5.206666666666666,-5.244,18.148148136666663,-5.1855555555555535,4.0821977,4.10434,4.203737,4.1382804,4.1770744,0,0.0,1,1.0,-1.18,34.0,66.0
2022-12-12 21:45:00,221.85473662222,168.97185195555602,169.011294844444,18.16111108,-5.244,26.95,2,5.1764362714980825,70.66250196097344,21,0,12,-0.7071067811865477,0.7071067811865474,0.0,1.0,-2.4492935982947064e-16,1.0,0.0,0.0,0.0,9.075,14.05,74.0,92.25,-12.425,1.952311,0.0,-11.45,18.327777763333334,26.65,26.35,27.0,26.85,26.35,-23.40511108,0.1981481600000023,-0.008,-5.236,-5.226,18.122839476666663,-5.228888888888887,4.1770744,4.0821977,4.10434,4.203737,4.124691,0,0.0,0,1.0,-1.13,31.8,68.2
2022-12-12 22:00:00,101.282059672222,39.471476644444,39.49869782222,18.327777763333334,-5.226,26.35,1,5.1764362714980825,70.66250196097344,22,0,12,-0.5000000000000004,0.8660254037844384,0.0,1.0,-2.4492935982947064e-16,1.0,0.0,0.0,0.0,9.4,14.4,72.0,92.0,-12.8,1.8957782,0.0,-11.8,18.01111109,26.95,26.65,26.35,27.0,26.35,-23.553777763333333,0.1666666833333323,0.0179999999999997,-5.244,-5.290000000000001,18.150617254444445,-5.2353333333333305,4.124691,4.1770744,4.0821977,4.10434,4.0478215,0,0.0,1,1.0,-1.09,30.2,69.8
2022-12-12 22:15:00,187.46222354444,128.705962688888,128.740683549998,18.01111109,-5.290000000000001,26.35,2,5.1764362714980825,70.66250196097344,22,0,12,-0.5000000000000004,0.8660254037844384,0.0,1.0,-2.4492935982947064e-16,1.0,0.0,0.0,0.0,9.0,14.3,63.0,89.5,-12.175,1.9936225,0.0,-10.775,17.88333331333333,26.35,26.95,26.65,26.35,26.866666666666667,-23.30111109,-0.3166666733333336,-0.0640000000000009,-5.226,-5.3340000000000005,18.166666644444447,-5.253333333333331,4.0478215,4.124691,4.1770744,4.0821977,4.095927,0,0.0,1,1.0,-1.17,33.6,66.4
2022-12-12 22:30:00,797.485321511112,64.276595483334,64.300205655556,17.88333331333333,-5.3340000000000005,26.866666666666667,1,5.1764362714980825,70.66250196097344,22,0,12,-0.5000000000000004,0.8660254037844384,0.0,1.0,-2.4492935982947064e-16,1.0,0.0,0.0,0.0,8.6,14.2,54.0,87.0,-11.55,2.0934107,0.0,-9.75,17.638492065,26.35,26.35,26.95,26.65,27.792857142857144,-23.21733331333333,-0.1277777766666687,-0.0439999999999995,-5.290000000000001,-5.427142857142857,18.07407405555556,-5.283333333333331,4.095927,4.0478215,4.124691,4.1770744,4.175749,0,0.0,1,1.0,-1.19,34.9,65.1
2022-12-12 22:45:00,580.701215472222,0.0,0.0,17.638492065,-5.427142857142857,27.792857142857144,0,5.1764362714980825,70.66250196097344,22,0,12,-0.5000000000000004,0.8660254037844384,0.0,1.0,-2.4492935982947064e-16,1.0,0.0,0.0,0.0,8.2,14.1,45.0,84.5,-10.925,2.1948576,0.0,-8.725,17.32222224,26.866666666666667,26.35,26.35,26.95,27.35,-23.06563492214286,-0.2448412483333299,-0.0931428571428565,-5.3340000000000005,-5.605333333333333,17.844312156111112,-5.350380952380951,4.175749,4.095927,4.0478215,4.124691,4.0323114,1,1.0,1,0.75,-1.25,37.5,62.5
2022-12-12 23:00:00,1325.40809280555,22.4841006,22.509932883334,17.32222224,-5.605333333333333,27.35,1,5.1764362714980825,70.66250196097344,23,0,12,-0.2588190451025215,0.965925826289068,0.0,1.0,-2.4492935982947064e-16,1.0,0.0,0.0,0.0,7.8,14.0,36.0,82.0,-10.3,2.2976353,0.0,-7.7,17.05000001,27.792857142857144,26.866666666666667,26.35,26.35,28.15,-22.927555573333333,-0.3162698250000026,-0.1781904761904762,-5.427142857142857,-5.922,17.614682539444445,-5.455492063492062,4.0323114,4.175749,4.095927,4.0478215,4.083167,0,1.0,1,0.75,-1.32,41.5,58.5
2022-12-12 23:15:00,819.336947561106,34.177244005554,34.217520211108,17.05000001,-5.922,28.15,1,5.1764362714980825,70.66250196097344,23,0,12,-0.2588190451025215,0.965925826289068,0.0,1.0,-2.4492935982947064e-16,1.0,0.0,0.0,0.0,7.225,13.1,27.0,81.25,-10.35,2.2850132,0.0,-7.65,16.979629613333334,27.35,27.792857142857144,26.866666666666667,26.35,29.25,-22.97200001,-0.272222229999997,-0.3166666666666664,-5.605333333333333,-6.185333333333333,17.336904771666667,-5.651492063492061,4.083167,4.0323114,4.175749,4.095927,4.224861,0,1.0,0,0.75,-1.38,44.7,55.3
2022-12-12 23:30:00,198.740105611112,22.245221255556,22.303830044444,16.979629613333334,-6.185333333333333,29.25,1,5.1764362714980825,70.66250196097344,23,0,12,-0.2588190451025215,0.965925826289068,0.0,1.0,-2.4492935982947064e-16,1.0,0.0,0.0,0.0,6.65,12.2,18.0,80.5,-10.4,2.2722645,0.0,-7.6,16.86666663,28.15,27.35,27.792857142857144,26.866666666666667,29.0,-23.164962946666662,-0.070370396666668,-0.2633333333333336,-5.922,-6.544666666666667,17.117283954444446,-5.904222222222219,4.224861,4.083167,4.0323114,4.175749,4.1604595,0,1.0,0,0.75,-1.4,45.3,54.7
2022-12-12 23:45:00,246.717630883334,32.408425794446,32.467590094446,16.86666663,-6.544666666666667,29.0,1,5.1764362714980825,70.66250196097344,23,0,12,-0.2588190451025215,0.965925826289068,0.0,1.0,-2.4492935982947064e-16,1.0,0.0,0.0,0.0,6.075,11.3,9.0,79.75,-10.45,2.2593856,0.0,-7.55,16.789682510714286,29.25,28.15,27.35,27.792857142857144,28.803571428571427,-23.41133329666667,-0.1129629833333325,-0.3593333333333337,-6.185333333333333,-6.727142857142858,16.965432084444444,-6.217333333333332,4.1604595,4.224861,4.083167,4.0323114,4.1132236,0,0.0,0,1.0,-1.42,46.8,53.2
2022-12-13 00:00:00,189.823795711108,0.0,0.0,16.789682510714286,-6.727142857142858,28.803571428571427,0,5.1764362714980825,70.66250196097344,0,1,12,0.0,1.0,0.7818314824680298,0.6234898018587336,-2.4492935982947064e-16,1.0,0.0,0.0,0.0,5.5,10.4,0.0,79.0,-10.5,2.2463787,0.0,-7.5,16.61111113,29.0,29.25,28.15,27.35,28.25,-23.516825367857145,-0.076984119285715,-0.1824761904761906,-6.544666666666667,-6.823333333333333,16.87865958468254,-6.485714285714283,4.1132236,4.1604595,4.224861,4.083167,3.9911077,1,1.0,1,0.75,-1.44,47.8,52.2
2022-12-13 00:15:00,237.047739927778,79.9776341,80.01874363888601,16.61111113,-6.823333333333333,28.25,2,5.1764362714980825,70.66250196097344,0,1,12,0.0,1.0,0.7818314824680298,0.6234898018587336,-2.4492935982947064e-16,1.0,0.0,0.0,0.0,5.675,10.05,0.0,80.25,-10.575,2.2362154,0.0,-7.775,16.70925926,28.803571428571427,29.0,29.25,28.15,29.116666666666667,-23.43444446333333,-0.1785713807142848,-0.0961904761904755,-6.727142857142858,-6.793333333333334,16.7558200902381,-6.69838095238095,3.9911077,4.1132236,4.1604595,4.224861,4.1378927,0,1.0,1,0.75,-1.49,50.3,49.7
2022-12-13 00:30:00,170.606786655552,52.819553816666,52.8278868,16.70925926,-6.793333333333334,29.116666666666667,1,5.1764362714980825,70.66250196097344,0,1,12,0.0,1.0,0.7818314824680298,0.6234898018587336,-2.4492935982947064e-16,1.0,0.0,0.0,0.0,5.85,9.7,0.0,81.5,-10.65,2.22545,0.0,-8.05,16.761507925714287,28.25,28.803571428571427,29.0,29.25,28.75357142857143,-23.502592593333333,0.0981481299999984,0.0299999999999993,-6.823333333333333,-6.882142857142858,16.703350966904765,-6.78126984126984,4.1378927,3.9911077,4.1132236,4.1604595,4.09914,0,1.0,1,0.75,-1.46,48.8,51.2
2022-12-13 00:45:00,108.619543994442,13.439184644444,13.449184227778002,16.761507925714287,-6.882142857142858,28.75357142857143,1,5.1764362714980825,70.66250196097344,0,1,12,0.0,1.0,0.7818314824680298,0.6234898018587336,-2.4492935982947064e-16,1.0,0.0,0.0,0.0,6.025,9.35,0.0,82.75,-10.725,2.2141075,0.0,-8.325,16.618518506666664,29.116666666666667,28.25,28.803571428571427,29.0,28.4,-23.643650782857144,0.0522486657142877,-0.0888095238095241,-6.793333333333334,-7.031999999999999,16.69395943857143,-6.832936507936506,4.09914,4.1378927,3.9911077,4.1132236,4.014087,0,1.0,0,0.75,-1.45,48.2,51.8
2022-12-13 01:00:00,152.821942477776,111.27249333889,111.292214833332,16.618518506666664,-7.031999999999999,28.4,2,5.1764362714980825,70.66250196097344,1,1,12,0.2588190451025207,0.9659258262890684,0.7818314824680298,0.6234898018587336,-2.4492935982947064e-16,1.0,0.0,0.0,0.0,6.2,9.0,0.0,84.0,-10.8,2.2022123,0.0,-8.6,16.71666668,28.75357142857143,29.116666666666667,28.25,28.803571428571427,28.95,-23.650518506666664,-0.1429894190476233,-0.1498571428571411,-6.882142857142858,-7.1273333333333335,16.696428564126986,-6.902492063492061,4.014087,4.09914,4.1378927,3.9911077,4.1160393,0,0.0,1,1.0,-1.49,50.1,49.9
2022-12-13 01:15:00,53.650631655556,0.0,0.0,16.71666668,-7.1273333333333335,28.95,0,5.1764362714980825,70.66250196097344,1,1,12,0.2588190451025207,0.9659258262890684,0.7818314824680298,0.6234898018587336,-2.4492935982947064e-16,1.0,0.0,0.0,0.0,6.5,9.55,0.0,86.25,-11.175,2.1464117,0.0,-9.3,16.63333337,28.4,28.75357142857143,29.116666666666667,28.25,28.53333333333333,-23.84400001333333,0.0981481733333353,-0.0953333333333343,-7.031999999999999,-7.252,16.698897704126985,-7.013825396825394,4.1160393,4.014087,4.09914,4.1378927,4.0365276,1,1.0,1,0.75,-1.46,48.7,51.3
2022-12-13 01:30:00,134.384902105558,88.940331144444,88.9522751,16.63333337,-7.252,28.53333333333333,2,5.1764362714980825,70.66250196097344,1,1,12,0.2588190451025207,0.9659258262890684,0.7818314824680298,0.6234898018587336,-2.4492935982947064e-16,1.0,0.0,0.0,0.0,6.800000000000001,10.1,0.0,88.5,-11.55,2.0899308,0.0,-10.0,16.85555558,28.95,28.4,28.75357142857143,29.116666666666667,28.75,-23.88533337,-0.0833333100000004,-0.1246666666666662,-7.1273333333333335,-7.334,16.656172852222223,-7.137111111111108,4.0365276,4.1160393,4.014087,4.09914,4.121844,0,1.0,1,0.75,-1.48,49.9,50.1
2022-12-13 01:45:00,730.880208172218,297.54587545555603,297.578929733332,16.85555558,-7.334,28.75,2,5.1764362714980825,70.66250196097344,1,1,12,0.2588190451025207,0.9659258262890684,0.7818314824680298,0.6234898018587336,-2.4492935982947064e-16,1.0,0.0,0.0,0.0,7.1000000000000005,10.65,0.0,90.75,-11.925,2.0329618,0.0,-10.7,17.755555573333332,28.53333333333333,28.95,28.4,28.75357142857143,27.7,-24.18955558,0.2222222100000017,-0.0820000000000007,-7.252,-7.365333333333334,16.73518521,-7.237777777777775,4.121844,4.0365276,4.1160393,4.014087,4.190949,0,1.0,0,0.75,-1.43,47.0,53.0
2022-12-13 02:00:00,361.414709533332,322.166001744444,322.202389188888,17.755555573333332,-7.365333333333334,27.7,2,5.1764362714980825,70.66250196097344,2,1,12,0.4999999999999999,0.8660254037844387,0.7818314824680298,0.6234898018587336,-2.4492935982947064e-16,1.0,0.0,0.0,0.0,7.4,11.2,0.0,93.0,-12.3,1.9756832,0.0,-11.4,18.50555554,28.75,28.53333333333333,28.95,28.4,26.65,-25.120888906666664,0.8999999933333314,-0.0313333333333334,-7.334,-7.44,17.081481507777777,-7.317111111111109,4.190949,4.121844,4.0365276,4.1160393,4.215855,0,1.0,0,0.75,-1.22,36.2,63.8
2022-12-13 02:15:00,303.653131272218,245.767668866668,245.796001133332,18.50555554,-7.44,26.65,2,5.1764362714980825,70.66250196097344,2,1,12,0.4999999999999999,0.8660254037844387,0.7818314824680298,0.6234898018587336,-2.4492935982947064e-16,1.0,0.0,0.0,0.0,7.4,11.375,7.5,93.25,-12.5,1.9473522,0.0,-11.625,18.775925916666665,27.7,28.75,28.53333333333333,28.95,26.5,-25.94555554,0.7499999666666675,-0.0746666666666664,-7.365333333333334,-7.544,17.705555564444445,-7.379777777777776,4.215855,4.190949,4.121844,4.0365276,4.259749,0,0.0,0,1.0,-1.05,28.3,71.7
2022-12-13 02:30:00,299.370524816662,242.966669844444,242.994724338886,18.775925916666665,-7.544,26.5,2,5.1764362714980825,70.66250196097344,2,1,12,0.4999999999999999,0.8660254037844387,0.7818314824680298,0.6234898018587336,-2.4492935982947064e-16,1.0,0.0,0.0,0.0,7.4,11.55,15.0,93.5,-12.7,1.9193478,0.0,-11.85,19.03333333,26.65,27.7,28.75,28.53333333333333,26.1,-26.319925916666666,0.2703703766666656,-0.1039999999999992,-7.44,-7.667333333333334,18.34567901,-7.449777777777776,4.259749,4.215855,4.190949,4.121844,4.259723,0,0.0,0,1.0,-0.99,25.7,74.3
2022-12-13 02:45:00,233.989251205554,189.775186472222,189.797685588888,19.03333333,-7.667333333333334,26.1,2,5.1764362714980825,70.66250196097344,2,1,12,0.4999999999999999,0.8660254037844387,0.7818314824680298,0.6234898018587336,-2.4492935982947064e-16,1.0,0.0,0.0,0.0,7.4,11.725,22.5,93.75,-12.9,1.8916678,0.0,-12.075,18.824074073333332,26.5,26.65,27.7,28.75,25.53333333333333,-26.700666663333337,0.2574074133333361,-0.1233333333333339,-7.544,-7.816666666666666,18.77160492888889,-7.550444444444442,4.259723,4.259749,4.215855,4.190949,4.1160607,0,0.0,0,1.0,-0.93,23.4,76.6
2022-12-13 03:00:00,190.362385316662,147.778533055556,147.796865672222,18.824074073333332,-7.816666666666666,25.53333333333333,2,5.1764362714980825,70.66250196097344,3,1,12,0.7071067811865476,0.7071067811865476,0.7818314824680298,0.6234898018587336,-2.4492935982947064e-16,1.0,0.0,0.0,0.0,7.4,11.9,30.0,94.0,-13.1,1.8643094,0.0,-12.3,18.55,26.1,26.5,26.65,27.7,25.75,-26.64074074,-0.209259256666666,-0.1493333333333328,-7.667333333333334,-7.784666666666666,18.87777777333333,-7.675999999999997,4.1160607,4.259723,4.259749,4.215855,4.08422,0,0.0,0,1.0,-0.98,25.5,74.5
2022-12-13 03:15:00,430.087518044444,376.897979011112,376.939088533332,18.55,-7.784666666666666,25.75,2,5.1764362714980825,70.66250196097344,3,1,12,0.7071067811865476,0.7071067811865476,0.7818314824680298,0.6234898018587336,-2.4492935982947064e-16,1.0,0.0,0.0,0.0,7.325,11.8,28.75,93.75,-13.075,1.8664904,0.0,-12.25,19.129629613333336,25.53333333333333,26.1,26.5,26.65,25.066666666666663,-26.334666666666667,-0.2740740733333346,0.032,-7.816666666666666,-7.992666666666667,18.802469134444447,-7.75622222222222,4.08422,4.1160607,4.259723,4.259749,4.1143775,0,0.0,0,1.0,-1.05,28.1,71.9
2022-12-13 03:30:00,370.171859150002,325.91418516111,325.9502948,19.129629613333336,-7.992666666666667,25.066666666666663,2,5.1764362714980825,70.66250196097344,3,1,12,0.7071067811865476,0.7071067811865476,0.7818314824680298,0.6234898018587336,-2.4492935982947064e-16,1.0,0.0,0.0,0.0,7.25,11.7,27.5,93.5,-13.05,1.8686569,0.0,-12.2,19.61666667,25.75,25.53333333333333,26.1,26.5,24.6,-27.12229628,0.579629613333335,-0.2080000000000001,-7.784666666666666,-8.027333333333333,18.83456789555556,-7.864666666666665,4.1143775,4.08422,4.1160607,4.259723,4.1551785,0,0.0,0,1.0,-0.92,22.8,77.2
2022-12-13 03:45:00,383.323555327778,328.391030516666,328.427973488888,19.61666667,-8.027333333333333,24.6,2,5.1764362714980825,70.66250196097344,3,1,12,0.7071067811865476,0.7071067811865476,0.7818314824680298,0.6234898018587336,-2.4492935982947064e-16,1.0,0.0,0.0,0.0,7.175,11.6,26.25,93.25,-13.025,1.8708099,0.0,-12.15,19.891666649285717,25.066666666666663,25.75,25.53333333333333,26.1,24.02142857142857,-27.64400000333333,0.4870370566666615,-0.0346666666666664,-7.992666666666667,-8.163571428571428,19.098765427777774,-7.934888888888886,4.1551785,4.1143775,4.08422,4.1160607,4.1234474,0,0.0,0,1.0,-0.81,18.8,81.2
2022-12-13 04:00:00,300.884075255556,233.508714811112,233.53454716111,19.891666649285717,-8.163571428571428,24.02142857142857,2,5.1764362714980825,70.66250196097344,4,1,12,0.8660254037844386,0.5000000000000001,0.7818314824680298,0.6234898018587336,-2.4492935982947064e-16,1.0,0.0,0.0,0.0,7.1,11.5,25.0,93.0,-13.0,1.8729482,0.0,-12.1,20.01111111,24.6,25.066666666666663,25.75,25.53333333333333,24.0,-28.05523807785714,0.2749999792857167,-0.1362380952380952,-8.027333333333333,-8.187333333333333,19.545987644206352,-8.061190476190474,4.1234474,4.1551785,4.1143775,4.08422,4.1486964,0,0.0,0,1.0,-0.75,16.8,83.2
2022-12-13 04:15:00,293.777415249994,250.988848911112,251.017458933332,20.01111111,-8.187333333333333,24.0,2,5.1764362714980825,70.66250196097344,4,1,12,0.8660254037844386,0.5000000000000001,0.7818314824680298,0.6234898018587336,-2.4492935982947064e-16,1.0,0.0,0.0,0.0,7.05,11.425,24.5,92.5,-13.1,1.8557633,0.0,-12.15,20.103703693333333,24.02142857142857,24.6,25.066666666666663,25.75,23.816666666666663,-28.198444443333337,0.1194444607142877,-0.0237619047619048,-8.163571428571428,-8.306000000000001,19.839814809761904,-8.126079365079363,4.1486964,4.1234474,4.1551785,4.1143775,4.139379,0,0.0,0,1.0,-0.72,16.0,84.0
2022-12-13 04:30:00,289.090102633332,247.734256933332,247.764811361106,20.103703693333333,-8.306000000000001,23.816666666666663,2,5.1764362714980825,70.66250196097344,4,1,12,0.8660254037844386,0.5000000000000001,0.7818314824680298,0.6234898018587336,-2.4492935982947064e-16,1.0,0.0,0.0,0.0,7.0,11.35,24.0,92.0,-13.2,1.8386786,0.0,-12.2,20.09444443,24.0,24.02142857142857,24.6,25.066666666666663,23.5,-28.40970369333333,0.0925925833333316,-0.1186666666666678,-8.187333333333333,-8.395999999999999,20.002160484206357,-8.218968253968251,4.139379,4.1486964,4.1234474,4.1551785,4.0821285,0,0.0,0,1.0,-0.7,15.4,84.6
2022-12-13 04:45:00,232.551808572226,185.616186155556,185.639796377776,20.09444443,-8.395999999999999,23.5,2,5.1764362714980825,70.66250196097344,4,1,12,0.8660254037844386,0.5000000000000001,0.7818314824680298,0.6234898018587336,-2.4492935982947064e-16,1.0,0.0,0.0,0.0,6.95,11.275,23.5,91.5,-13.3,1.8216947,0.0,-12.25,19.75185183,23.816666666666663,24.0,24.02142857142857,24.6,23.5,-28.49044443,-0.0092592633333339,-0.089999999999998,-8.306000000000001,-8.531333333333333,20.06975307777778,-8.296444444444441,4.0821285,4.139379,4.1486964,4.1234474,4.001003,0,0.0,0,1.0,-0.71,15.5,84.5
2022-12-13 05:00:00,185.290365888888,138.035589488888,138.05475542221998,19.75185183,-8.531333333333333,23.5,2,5.1764362714980825,70.66250196097344,5,1,12,0.9659258262890684,0.2588190451025207,0.7818314824680298,0.6234898018587336,-2.4492935982947064e-16,1.0,0.0,0.0,0.0,6.9,11.2,23.0,91.0,-13.4,1.8048103,0.0,-12.3,19.277777800000003,23.5,23.816666666666663,24.0,24.02142857142857,23.85,-28.28318516333333,-0.3425925999999997,-0.1353333333333335,-8.395999999999999,-8.661333333333333,19.98333331777778,-8.41111111111111,4.001003,4.0821285,4.139379,4.1486964,3.949,0,0.0,0,1.0,-0.78,17.9,82.1
2022-12-13 05:15:00,413.275412788888,359.64422473889,359.685612,19.277777800000003,-8.661333333333333,23.85,2,5.1764362714980825,70.66250196097344,5,1,12,0.9659258262890684,0.2588190451025207,0.7818314824680298,0.6234898018587336,-2.4492935982947064e-16,1.0,0.0,0.0,0.0,6.675000000000001,11.2,24.25,90.75,-13.4,1.8067627,0.0,-12.25,19.683333333333334,23.5,23.5,23.816666666666663,24.0,23.816666666666663,-27.93911113333333,-0.474074029999997,-0.1300000000000007,-8.531333333333333,-8.831333333333333,19.70802468666667,-8.529555555555552,3.949,4.001003,4.0821285,4.139379,4.0386443,0,0.0,0,1.0,-0.89,21.7,78.3
2022-12-13 05:30:00,347.144724755556,301.90597882777803,301.9412552,19.683333333333334,-8.831333333333333,23.816666666666663,2,5.1764362714980825,70.66250196097344,5,1,12,0.9659258262890684,0.2588190451025207,0.7818314824680298,0.6234898018587336,-2.4492935982947064e-16,1.0,0.0,0.0,0.0,6.45,11.2,25.5,90.5,-13.4,1.8087,0.0,-12.2,20.0166667,23.85,23.5,23.5,23.816666666666663,23.45,-28.514666666666667,0.4055555333333309,-0.1699999999999999,-8.661333333333333,-8.82,19.570987654444448,-8.674666666666665,4.0386443,3.949,4.001003,4.0821285,4.0549417,0,0.0,0,1.0,-0.8,18.4,81.6
2022-12-13 05:45:00,520.063640972226,301.340168127778,301.375722255556,20.0166667,-8.82,23.45,2,5.1764362714980825,70.66250196097344,5,1,12,0.9659258262890684,0.2588190451025207,0.7818314824680298,0.6234898018587336,-2.4492935982947064e-16,1.0,0.0,0.0,0.0,6.225,11.2,26.75,90.25,-13.4,1.8106229,0.0,-12.15,20.20000003,23.816666666666663,23.85,23.5,23.5,23.03333333333333,-28.8366667,0.3333333666666647,0.0113333333333329,-8.831333333333333,-8.941333333333334,19.65925927777778,-8.770888888888885,4.0549417,4.0386443,3.949,4.001003,4.025844,0,0.0,0,1.0,-0.72,16.0,84.0
2022-12-13 06:00:00,480.909374055552,273.249069583334,273.284623777776,20.20000003,-8.941333333333334,23.03333333333333,2,5.1764362714980825,70.66250196097344,6,1,12,1.0,6.123233995736766e-17,0.7818314824680298,0.6234898018587336,-2.4492935982947064e-16,1.0,0.0,0.0,0.0,6.0,11.2,28.0,90.0,-13.4,1.8125304,0.0,-12.1,20.26666669,23.45,23.816666666666663,23.85,23.5,23.0,-29.141333363333334,0.1833333300000035,-0.1213333333333341,-8.82,-9.034666666666668,19.966666687777774,-8.86422222222222,4.025844,4.0549417,4.0386443,3.949,4.0357137,0,0.0,0,1.0,-0.69,14.9,85.1
2022-12-13 06:15:00,253.367642688888,218.345432466668,218.373764733332,20.26666669,-9.034666666666668,23.0,2,5.1764362714980825,70.66250196097344,6,1,12,1.0,6.123233995736766e-17,0.7818314824680298,0.6234898018587336,-2.4492935982947064e-16,1.0,0.0,0.0,0.0,6.025,10.925,27.75,90.5,-13.75,1.7675602,0.0,-12.5,20.07222224666667,23.03333333333333,23.45,23.816666666666663,23.85,23.0,-29.301333356666667,0.0666666599999992,-0.0933333333333337,-8.941333333333334,-9.028,20.161111140000003,-8.931999999999999,4.0357137,4.025844,4.0549417,4.0386443,3.9900823,0,0.0,0,1.0,-0.67,14.5,85.5
2022-12-13 06:30:00,165.875864716666,114.908181272222,114.92623618333,20.07222224666667,-9.028,23.0,2,5.1764362714980825,70.66250196097344,6,1,12,1.0,6.123233995736766e-17,0.7818314824680298,0.6234898018587336,-2.4492935982947064e-16,1.0,0.0,0.0,0.0,6.05,10.65,27.5,91.0,-14.1,1.7234648,0.0,-12.9,19.51666665,23.0,23.03333333333333,23.45,23.816666666666663,23.35,-29.100222246666668,-0.1944444433333316,0.0066666666666677,-9.034666666666668,-8.967999999999998,20.17962965555556,-9.001333333333333,3.9900823,4.0357137,4.025844,4.0549417,3.9209356,0,0.0,0,1.0,-0.71,15.7,84.3
2022-12-13 06:45:00,326.864980361114,272.000230655556,272.033562672222,19.51666665,-8.967999999999998,23.35,2,5.1764362714980825,70.66250196097344,6,1,12,1.0,6.123233995736766e-17,0.7818314824680298,0.6234898018587336,-2.4492935982947064e-16,1.0,0.0,0.0,0.0,6.074999999999999,10.375,27.25,91.5,-14.45,1.6802337,0.0,-13.3,19.611111096666665,23.0,23.0,23.03333333333333,23.45,23.316666666666663,-28.484666649999998,-0.5555555966666716,0.0600000000000022,-9.028,-9.0,19.951851862222224,-9.01022222222222,3.9209356,3.9900823,4.0357137,4.025844,3.9371262,0,0.0,0,1.0,-0.84,19.8,80.2
2022-12-13 07:00:00,352.525898383334,315.688760811112,315.725703766668,19.611111096666665,-9.0,23.316666666666663,2,5.1764362714980825,70.66250196097344,7,1,12,0.9659258262890684,-0.2588190451025206,0.7818314824680298,0.6234898018587336,-2.4492935982947064e-16,1.0,0.0,0.0,0.0,6.1,10.1,27.0,92.0,-14.8,1.6378577,0.0,-13.7,20.00555557,23.35,23.0,23.0,23.03333333333333,22.95,-28.611111096666665,0.0944444466666674,-0.0320000000000018,-8.967999999999998,-9.134,19.733333331111112,-8.998666666666663,3.9371262,3.9209356,3.9900823,4.0357137,3.9659014,0,0.0,0,1.0,-0.82,19.1,80.9
2022-12-13 07:15:00,354.65886857778,318.0947757,318.133940816666,20.00555557,-9.134,22.95,2,5.1764362714980825,70.66250196097344,7,1,12,0.9659258262890684,-0.2588190451025206,0.7818314824680298,0.6234898018587336,-2.4492935982947064e-16,1.0,0.0,0.0,0.0,6.675,10.45,25.5,91.5,-14.7,1.6480206,0.0,-13.55,20.23148148,23.316666666666663,23.35,23.0,23.0,22.53333333333333,-29.13955557,0.394444473333337,-0.1339999999999985,-9.0,-9.238666666666663,19.71111110555556,-9.033999999999995,3.9659014,3.9371262,3.9209356,3.9900823,3.9457078,0,0.0,0,1.0,-0.73,16.2,83.8
2022-12-13 07:30:00,278.310811805546,233.371220327778,233.401496966664,20.23148148,-9.238666666666663,22.53333333333333,2,5.1764362714980825,70.66250196097344,7,1,12,0.9659258262890684,-0.2588190451025206,0.7818314824680298,0.6234898018587336,-2.4492935982947064e-16,1.0,0.0,0.0,0.0,7.25,10.8,24.0,91.0,-14.6,1.6581715,0.0,-13.4,20.22777777,22.95,23.316666666666663,23.35,23.0,22.5,-29.470148146666663,0.2259259099999973,-0.1046666666666666,-9.134,-8.847333333333333,19.94938271555556,-9.12422222222222,3.9457078,3.9659014,3.9371262,3.9209356,3.9390175,0,0.0,0,1.0,-0.68,14.8,85.2
2022-12-13 07:45:00,249.942779788884,215.214168855556,215.243612227774,20.22777777,-8.847333333333333,22.5,2,5.1764362714980825,70.66250196097344,7,1,12,0.9659258262890684,-0.2588190451025206,0.7818314824680298,0.6234898018587336,-2.4492935982947064e-16,1.0,0.0,0.0,0.0,7.825,11.15,22.5,90.5,-14.5,1.6683086,0.0,-13.25,19.95555556,22.53333333333333,22.95,23.316666666666663,23.35,22.5,-29.07511110333333,-0.0037037099999999,0.391333333333332,-9.238666666666663,-8.290666666666667,20.154938273333336,-9.07333333333333,3.9390175,3.9457078,3.9659014,3.9371262,3.8767688,0,0.0,0,1.0,-0.68,14.8,85.2
2022-12-13 08:00:00,160.780790827774,111.225550816666,111.24305018333,19.95555556,-8.290666666666667,22.5,2,5.1764362714980825,70.66250196097344,8,1,12,0.8660254037844387,-0.4999999999999998,0.7818314824680298,0.6234898018587336,-2.4492935982947064e-16,1.0,0.0,0.0,0.0,8.4,11.5,21.0,90.0,-14.4,1.6784302,0.0,-13.1,19.50000002,22.5,22.53333333333333,22.95,23.316666666666663,22.85,-28.246222226666667,-0.2722222099999989,0.5566666666666666,-8.847333333333333,-7.806,20.138271603333333,-8.79222222222222,3.8767688,3.9390175,3.9457078,3.9659014,3.833218,0,0.0,0,1.0,-0.74,16.6,83.4
2022-12-13 08:15:00,375.403316566668,319.3472256,319.385279644444,19.50000002,-7.806,22.85,2,5.1764362714980825,70.66250196097344,8,1,12,0.8660254037844387,-0.4999999999999998,0.7818314824680298,0.6234898018587336,-2.4492935982947064e-16,1.0,2.25,0.5625,0.1875,8.225,11.95,26.75,90.0,-13.625,1.7815593,0.0,-12.325,19.77037039,22.5,22.5,22.53333333333333,22.95,22.816666666666663,-27.306000020000003,-0.4555555399999988,0.4846666666666666,-8.290666666666667,-6.897333333333333,19.89444445,-8.314666666666664,3.833218,3.8767688,3.9390175,3.9457078,3.888885,0,0.0,0,1.0,-0.84,20.1,79.9
2022-12-13 08:30:00,361.461652138886,324.245918527778,324.285361433332,19.77037039,-6.897333333333333,22.816666666666663,2,5.1764362714980825,70.66250196097344,8,1,12,0.8660254037844387,-0.4999999999999998,0.7818314824680298,0.6234898018587336,-2.4492935982947064e-16,1.0,4.5,1.6875,0.5625,8.05,12.4,32.5,90.0,-12.85,1.8902503,0.0,-11.55,20.16666665,22.85,22.5,22.5,22.53333333333333,22.5,-26.66770372333333,0.2703703699999984,0.908666666666667,-7.806,-6.246666666666667,19.74197532333333,-7.664666666666664,3.888885,3.833218,3.8767688,3.9390175,3.9249687,0,0.0,0,1.0,-0.78,17.9,82.1
2022-12-13 08:45:00,358.648986916662,322.655426616666,322.694591749998,20.16666665,-6.246666666666667,22.5,2,5.1764362714980825,70.66250196097344,8,1,12,0.8660254037844387,-0.4999999999999998,0.7818314824680298,0.6234898018587336,-2.4492935982947064e-16,1.0,6.75,3.375,1.125,7.875,12.85,38.25,90.0,-12.075,2.00476,0.0,-10.775,20.36666663,22.816666666666663,22.85,22.5,22.5,22.5,-26.413333316666662,0.3962962599999997,0.6506666666666661,-6.897333333333333,-5.952,19.812345686666667,-6.983333333333331,3.9249687,3.888885,3.833218,3.8767688,3.9711094,0,0.0,0,1.0,-0.7,15.2,84.8
2022-12-13 09:00:00,289.608692988888,250.753858327778,250.78635706111,20.36666663,-5.952,22.5,2,5.1764362714980825,70.66250196097344,9,1,12,0.7071067811865476,-0.7071067811865475,0.7818314824680298,0.6234898018587336,-2.4492935982947064e-16,1.0,9.0,5.625,1.875,7.7,13.3,44.0,90.0,-11.3,2.125353,0.0,-10.0,20.4444444,22.5,22.816666666666663,22.85,22.5,22.5,-26.318666630000003,0.1999999800000012,0.2946666666666671,-6.246666666666667,-5.604666666666666,20.101234556666668,-6.365333333333331,3.9711094,3.9249687,3.888885,3.833218,3.989179,0,0.0,0,1.0,-0.65,13.9,86.1
2022-12-13 09:15:00,301.409609899996,250.792745655556,250.823855594442,20.4444444,-5.604666666666666,22.5,2,5.1764362714980825,70.66250196097344,9,1,12,0.7071067811865476,-0.7071067811865475,0.7818314824680298,0.6234898018587336,-2.4492935982947064e-16,1.0,34.75,13.75,4.770833333333333,6.95,13.575,57.5,89.5,-10.7,2.2272909,0.0,-9.3,20.42407405,22.5,22.5,22.816666666666663,22.85,22.683333333333334,-26.049111066666665,0.0777777699999973,0.3473333333333341,-5.952,-4.655333333333333,20.32592589333333,-5.934444444444442,3.989179,3.9711094,3.9249687,3.888885,4.016906,0,0.0,0,1.0,-0.63,13.4,86.6
2022-12-13 09:30:00,304.203664666668,252.4307357,252.463789977776,20.42407405,-4.655333333333333,22.683333333333334,2,5.1764362714980825,70.66250196097344,9,1,12,0.7071067811865476,-0.7071067811865475,0.7818314824680298,0.6234898018587336,-2.4492935982947064e-16,1.0,60.5,27.75,9.8125,6.2,13.85,71.0,89.0,-10.1,2.333296,0.0,-8.6,20.42777775,22.5,22.5,22.5,22.816666666666663,22.65,-25.079407383333333,-0.0203703500000003,0.9493333333333328,-5.604666666666666,-3.536,20.41172836,-5.403999999999997,4.016906,3.989179,3.9711094,3.9249687,4.011871,0,0.0,0,1.0,-0.64,13.5,86.5
2022-12-13 09:45:00,242.222255205554,201.593602616666,201.620268266664,20.42777775,-3.536,22.65,2,5.1764362714980825,70.66250196097344,9,1,12,0.7071067811865476,-0.7071067811865475,0.7818314824680298,0.6234898018587336,-2.4492935982947064e-16,1.0,86.25,47.625,17.0,5.45,14.125,84.5,88.5,-9.5,2.4434903,0.0,-7.9,20.261111066666665,22.683333333333334,22.5,22.5,22.5,22.316666666666663,-23.96377775,0.0037037000000026,1.119333333333333,-4.655333333333333,-3.1133333333333337,20.432098733333333,-4.598666666666664,4.011871,4.016906,3.989179,3.9711094,3.9145408,0,0.0,0,1.0,-0.64,13.5,86.5
2022-12-13 10:00:00,176.146287266664,130.274233272222,130.293954749998,20.261111066666665,-3.1133333333333337,22.316666666666663,2,5.1764362714980825,70.66250196097344,10,1,12,0.4999999999999999,-0.8660254037844387,0.7818314824680298,0.6234898018587336,-2.4492935982947064e-16,1.0,112.0,73.375,26.33333333333333,4.7,14.4,98.0,88.0,-8.9,2.5580006,0.0,-7.2,19.79444445,22.65,22.683333333333334,22.5,22.5,22.65,-23.3744444,-0.1666666833333359,0.4226666666666663,-3.536,-2.752,20.370987622222223,-3.76822222222222,3.9145408,4.011871,4.016906,3.989179,3.865934,0,0.0,0,1.0,-0.68,14.6,85.4
2022-12-13 10:15:00,405.130460849998,369.634936227778,369.679378916666,19.79444445,-2.752,22.65,2,5.1764362714980825,70.66250196097344,10,1,12,0.4999999999999999,-0.8660254037844387,0.7818314824680298,0.6234898018587336,-2.4492935982947064e-16,1.0,122.5,95.3125,36.54166666666666,4.175,14.05,96.75,86.0,-8.65,2.6024492,0.0,-6.65,20.22407407,22.316666666666663,22.65,22.683333333333334,22.5,22.53333333333333,-22.54644445,-0.4666666166666644,0.3613333333333335,-3.1133333333333337,-2.564,20.16111108888889,-3.1337777777777758,3.865934,3.9145408,4.011871,4.016906,3.9439995,0,0.0,0,1.0,-0.78,17.8,82.2
2022-12-13 10:30:00,375.846910122216,341.126909911112,341.16829722222,20.22407407,-2.564,22.53333333333333,2,5.1764362714980825,70.66250196097344,10,1,12,0.4999999999999999,-0.8660254037844387,0.7818314824680298,0.6234898018587336,-2.4492935982947064e-16,1.0,133.0,113.4375,47.625,3.65,13.7,95.5,84.0,-8.4,2.6457312,0.0,-6.1,20.6771605,22.65,22.316666666666663,22.65,22.683333333333334,22.211111111111112,-22.78807407,0.4296296199999965,0.1880000000000001,-2.752,-2.1366666666666667,20.093209862222224,-2.8097777777777755,3.9439995,3.865934,3.9145408,4.011871,3.9917533,0,0.0,0,1.0,-0.68,14.8,85.2
2022-12-13 10:45:00,219.542051316666,191.505117255556,191.528727444444,20.6771605,-2.1366666666666667,22.211111111111112,2,5.1764362714980825,70.66250196097344,10,1,12,0.4999999999999999,-0.8660254037844387,0.7818314824680298,0.6234898018587336,-2.4492935982947064e-16,1.0,143.5,127.75,59.583333333333336,3.125,13.35,94.25,82.0,-8.15,2.6876962,0.0,-5.55,20.93492059428571,22.53333333333333,22.65,22.316666666666663,22.65,22.0,-22.813827166666663,0.4530864300000026,0.4273333333333333,-2.564,-1.8571428571428568,20.231893006666667,-2.48422222222222,3.9917533,3.9439995,3.865934,3.9145408,4.013563,0,0.0,0,1.0,-0.58,12.1,87.9
2022-12-13 11:00:00,236.771917711108,116.179241544444,116.194518733332,20.93492059428571,-1.8571428571428568,22.0,2,5.1764362714980825,70.66250196097344,11,1,12,0.258819045102521,-0.9659258262890682,0.7818314824680298,0.6234898018587336,-2.4492935982947064e-16,1.0,154.0,138.25,72.41666666666667,2.6,13.0,93.0,80.0,-7.9,2.7281878,0.0,-5.0,20.979999984,22.211111111111112,22.53333333333333,22.65,22.316666666666663,22.0,-22.792063451428568,0.257760094285711,0.2795238095238095,-2.1366666666666667,-1.7600000000000002,20.612051721428568,-2.1859365079365056,4.013563,3.9917533,3.9439995,3.865934,4.024092,0,0.0,0,1.0,-0.52,10.7,89.3
2022-12-13 11:15:00,195.934384577776,172.097282516666,172.11950386111,20.979999984,-1.7600000000000002,22.0,2,5.1764362714980825,70.66250196097344,11,1,12,0.258819045102521,-0.9659258262890682,0.7818314824680298,0.6234898018587336,-2.4492935982947064e-16,1.0,178.0,152.125,87.0625,3.4,13.35,92.5,79.5,-7.65,2.7851214,0.0,-4.625,20.956349210714286,22.0,22.211111111111112,22.53333333333333,22.65,22.196428571428573,-22.739999984,0.0450793897142887,0.0971428571428569,-1.8571428571428568,-1.305,20.86402702609524,-1.9179365079365056,4.024092,4.013563,3.9917533,3.9439995,4.054445,0,0.0,0,1.0,-0.51,10.5,89.5
2022-12-13 11:30:00,268.773137494446,236.168886233332,236.199162788888,20.956349210714286,-1.305,22.196428571428573,2,5.1764362714980825,70.66250196097344,11,1,12,0.258819045102521,-0.9659258262890682,0.7818314824680298,0.6234898018587336,-2.4492935982947064e-16,1.0,202.0,169.375,103.52083333333331,4.2,13.7,92.0,79.0,-7.4,2.8428836,0.0,-4.25,20.84444443,22.0,22.0,22.211111111111112,22.53333333333333,22.85,-22.26134921071429,-0.0236507732857127,0.4550000000000003,-1.7600000000000002,-1.1673333333333331,20.957089929666665,-1.6407142857142831,4.054445,4.024092,4.013563,3.9917533,4.146757,0,0.0,0,1.0,-0.52,10.6,89.4
2022-12-13 11:45:00,304.79502987778,262.353116572222,262.386448555556,20.84444443,-1.1673333333333331,22.85,2,5.1764362714980825,70.66250196097344,11,1,12,0.258819045102521,-0.9659258262890682,0.7818314824680298,0.6234898018587336,-2.4492935982947064e-16,1.0,226.0,190.0,121.79166666666669,5.0,14.05,91.5,78.5,-7.15,2.901477,0.0,-3.875,20.78174605,22.196428571428573,22.0,22.0,22.211111111111112,23.0,-22.01177776333333,-0.111904780714287,0.1376666666666666,-1.305,-1.0242857142857142,20.92693120823809,-1.4107777777777752,4.146757,4.054445,4.024092,4.013563,4.158779,0,0.0,0,1.0,-0.54,11.1,88.9
2022-12-13 12:00:00,267.522632066664,240.1778925,240.2103912,20.78174605,-1.0242857142857142,23.0,2,5.1764362714980825,70.66250196097344,12,1,12,1.2246467991473532e-16,-1.0,0.7818314824680298,0.6234898018587336,-2.4492935982947064e-16,1.0,250.0,214.0,141.875,5.8,14.4,91.0,78.0,-6.9,2.960903,0.0,-3.5,20.73888888,22.85,22.196428571428573,22.0,22.0,23.0,-21.806031764285716,-0.0626983800000005,0.1430476190476191,-1.1673333333333331,-0.8646666666666666,20.860846563571428,-1.16553968253968,4.158779,4.146757,4.054445,4.024092,4.148417,0,0.0,0,1.0,-0.55,11.4,88.6
2022-12-13 12:15:00,295.09180702222,249.906669983334,249.940835283334,20.73888888,-0.8646666666666666,23.0,2,5.1764362714980825,70.66250196097344,12,1,12,1.2246467991473532e-16,-1.0,0.7818314824680298,0.6234898018587336,-2.4492935982947064e-16,1.0,267.5,236.375,161.27083333333334,6.65,16.65,84.75,76.75,-6.800000000000001,2.9708204,0.0,-3.225,20.62037034,23.0,22.85,22.196428571428573,22.0,23.0,-21.60355554666667,-0.0428571699999977,0.1596190476190476,-1.0242857142857142,-0.8406666666666667,20.788359786666668,-1.0187619047619023,4.148417,4.158779,4.146757,4.054445,4.119879,0,0.0,0,1.0,-0.56,11.6,88.4
2022-12-13 12:30:00,123.613388699996,75.170604172222,75.18643692222001,20.62037034,-0.8406666666666667,23.0,2,5.1764362714980825,70.66250196097344,12,1,12,1.2246467991473532e-16,-1.0,0.7818314824680298,0.6234898018587336,-2.4492935982947064e-16,1.0,285.0,257.125,179.97916666666666,7.5,18.9,78.5,75.5,-6.7,2.9798439,0.0,-2.95,19.96666663,23.0,23.0,22.85,22.196428571428573,23.35,-21.46103700666667,-0.1185185400000001,0.0239999999999999,-0.8646666666666666,-0.7080000000000001,20.71366842333333,-0.9098730158730134,4.119879,4.148417,4.158779,4.146757,4.0258436,0,0.0,0,1.0,-0.59,12.3,87.7
2022-12-13 12:45:00,53.942842249998,0.0,0.0,19.96666663,-0.7080000000000001,23.35,0,5.1764362714980825,70.66250196097344,12,1,12,1.2246467991473532e-16,-1.0,0.7818314824680298,0.6234898018587336,-2.4492935982947064e-16,1.0,302.5,276.25,198.0,8.35,21.15,72.25,74.25,-6.6,2.9879386,0.0,-2.675,19.20858584181818,23.0,23.0,23.0,22.85,23.68636363636364,-20.67466663,-0.6537037099999985,0.1326666666666666,-0.8406666666666667,-0.7672727272727272,20.44197528333333,-0.804444444444442,4.0258436,4.119879,4.148417,4.158779,3.905953,1,1.0,1,0.75,-0.74,16.4,83.6
2022-12-13 13:00:00,36.378822672218,0.0,0.0,19.20858584181818,-0.7672727272727272,23.68636363636364,0,5.1764362714980825,70.66250196097344,13,1,12,-0.2588190451025208,-0.9659258262890684,0.7818314824680298,0.6234898018587336,-2.4492935982947064e-16,1.0,320.0,293.75,215.33333333333331,9.2,23.4,66.0,73.0,-6.5,2.9950697,0.0,-2.4,18.583333340000003,23.35,23.0,23.0,23.0,24.35,-19.975858569090907,-0.7580807881818217,-0.0592727272727271,-0.7080000000000001,-0.7133333333333333,19.931874270606063,-0.7719797979797957,3.905953,4.0258436,4.119879,4.148417,3.8697977,0,2.0,0,0.5,-0.91,22.4,77.6
2022-12-13 13:15:00,39.064270683334,0.0,0.0,18.583333340000003,-0.7133333333333333,24.35,0,5.1764362714980825,70.66250196097344,13,1,12,-0.2588190451025208,-0.9659258262890684,0.7818314824680298,0.6234898018587336,-2.4492935982947064e-16,1.0,327.75,308.8125,232.4375,8.799999999999999,23.575,57.0,71.75,-6.525,2.9959412,0.0,-2.15,18.10740741,23.68636363636364,23.35,23.0,23.0,24.683333333333334,-19.296666673333338,-0.6252525018181778,0.0539393939393939,-0.7672727272727272,-0.5086666666666667,19.25286193727273,-0.7295353535353511,3.8697977,3.905953,4.0258436,4.119879,3.813565,0,3.0,0,0.25,-1.05,28.1,71.9
2022-12-13 13:30:00,49.687456822224,0.0,0.0,18.10740741,-0.5086666666666667,24.683333333333334,0,5.1764362714980825,70.66250196097344,13,1,12,-0.2588190451025208,-0.9659258262890684,0.7818314824680298,0.6234898018587336,-2.4492935982947064e-16,1.0,335.5,321.4375,249.3125,8.399999999999999,23.75,48.0,70.5,-6.55,2.9957917,0.0,-1.9,17.811111110000002,24.35,23.68636363636364,23.35,23.0,25.4,-18.616074076666667,-0.4759259300000025,0.2046666666666665,-0.7133333333333333,-0.4626666666666666,18.633108863939395,-0.6630909090909066,3.813565,3.8697977,3.905953,4.0258436,3.8557074,0,4.0,0,0.0,-1.15,32.9,67.1
2022-12-13 13:45:00,47.998079933336,0.0,0.0,17.811111110000002,-0.4626666666666666,25.4,0,5.1764362714980825,70.66250196097344,13,1,12,-0.2588190451025208,-0.9659258262890684,0.7818314824680298,0.6234898018587336,-2.4492935982947064e-16,1.0,343.25,331.625,265.9583333333333,8.0,23.925,39.0,69.25,-6.574999999999999,2.9945881,0.0,-1.65,17.56111109,24.683333333333334,24.35,23.68636363636364,23.35,26.15,-18.27377777666667,-0.296296299999998,0.046,-0.5086666666666667,-0.1813333333333333,18.16728395333333,-0.5615555555555533,3.8557074,3.813565,3.8697977,3.905953,3.9108162,0,4.0,0,0.0,-1.22,36.1,63.9
2022-12-13 14:00:00,35.692461094446,0.0,0.0,17.56111109,-0.1813333333333333,26.15,0,5.1764362714980825,70.66250196097344,14,1,12,-0.4999999999999997,-0.8660254037844388,0.7818314824680298,0.6234898018587336,-2.4492935982947064e-16,1.0,351.0,339.375,282.375,7.6,24.1,30.0,68.0,-6.6,2.9922993,0.0,-1.4,17.35555552,25.4,24.683333333333334,24.35,23.68636363636364,26.5,-17.742444423333335,-0.2500000200000016,0.2813333333333333,-0.4626666666666666,0.0193333333333333,17.826543203333337,-0.3842222222222198,3.9108162,3.8557074,3.813565,3.8697977,3.9147885,0,4.0,0,0.0,-1.27,38.9,61.1
2022-12-13 14:15:00,77.087194205554,41.200018633332,41.212518133332,17.35555552,0.0193333333333333,26.5,1,5.1764362714980825,70.66250196097344,14,1,12,-0.4999999999999997,-0.8660254037844388,0.7818314824680298,0.6234898018587336,-2.4492935982947064e-16,1.0,348.25,344.5,296.5625,7.449999999999999,23.200000000000003,22.5,67.25,-6.574999999999999,2.9956005,0.0,-1.225,17.229629606666666,26.15,25.4,24.683333333333334,24.35,26.683333333333334,-17.336222186666667,-0.2055555700000013,0.2006666666666667,-0.1813333333333333,0.046,17.57592590666667,-0.2082222222222198,3.9147885,3.9108162,3.8557074,3.813565,3.912291,0,3.0,1,0.25,-1.32,41.3,58.7
2022-12-13 14:30:00,96.64085654444,50.964350227778,50.976571955556,17.229629606666666,0.046,26.683333333333334,1,5.1764362714980825,70.66250196097344,14,1,12,-0.4999999999999997,-0.8660254037844388,0.7818314824680298,0.6234898018587336,-2.4492935982947064e-16,1.0,345.5,347.0,308.5208333333333,7.3,22.3,15.0,66.5,-6.55,2.9984784,0.0,-1.0499999999999998,17.21666665,26.5,26.15,25.4,24.683333333333334,27.3,-17.183629606666667,-0.125925913333333,0.0266666666666666,0.0193333333333333,0.168,17.38209873888889,-0.0386666666666643,3.912291,3.9147885,3.9108162,3.8557074,3.9996018,0,2.0,0,0.5,-1.35,42.8,57.2
2022-12-13 14:45:00,76.904701538886,20.638618855556,20.647785188888,17.21666665,0.168,27.3,1,5.1764362714980825,70.66250196097344,14,1,12,-0.4999999999999997,-0.8660254037844388,0.7818314824680298,0.6234898018587336,-2.4492935982947064e-16,1.0,342.75,346.875,318.25,7.15,21.4,7.5,65.75,-6.525,3.0009232,0.0,-0.875,17.129629663333333,26.683333333333334,26.5,26.15,25.4,27.216666666666665,-17.04866665,-0.0129629566666658,0.122,0.046,0.2033333333333333,17.267283925555557,0.0777777777777801,3.9996018,3.912291,3.9147885,3.9108162,3.9666665,0,1.0,0,0.75,-1.35,42.8,57.2
2022-12-13 15:00:00,71.181041494446,0.0,0.0,17.129629663333333,0.2033333333333333,27.216666666666665,0,5.1764362714980825,70.66250196097344,15,1,12,-0.7071067811865471,-0.7071067811865479,0.7818314824680298,0.6234898018587336,-2.4492935982947064e-16,1.0,340.0,344.125,325.75,7.0,20.5,0.0,65.0,-6.5,3.002925,0.0,-0.7,17.00555557,27.3,26.683333333333334,26.5,26.15,27.5,-16.92629633,-0.0870369866666678,0.0353333333333333,0.168,0.12,17.191975306666667,0.1391111111111135,3.9666665,3.9996018,3.912291,3.9147885,3.9782717,1,1.0,1,0.75,-1.37,43.9,56.1
2022-12-13 15:15:00,84.17829951666201,0.0,0.0,17.00555557,0.12,27.5,0,5.1764362714980825,70.66250196097344,15,1,12,-0.7071067811865471,-0.7071067811865479,0.7818314824680298,0.6234898018587336,-2.4492935982947064e-16,1.0,315.0,335.8125,329.7083333333333,7.4,20.775,0.0,64.25,-6.7,2.958004,0.0,-0.75,16.896296306666667,27.216666666666665,27.3,26.683333333333334,26.5,27.5,-16.885555569999998,-0.1240740933333341,-0.0833333333333333,0.2033333333333333,-0.0406666666666666,17.117283961111113,0.1637777777777801,3.9782717,3.9666665,3.9996018,3.912291,3.9522848,0,2.0,0,0.5,-1.4,45.4,54.6
2022-12-13 15:30:00,59.490398022224,0.0,0.0,16.896296306666667,-0.0406666666666666,27.5,0,5.1764362714980825,70.66250196097344,15,1,12,-0.7071067811865471,-0.7071067811865479,0.7818314824680298,0.6234898018587336,-2.4492935982947064e-16,1.0,290.0,321.9375,330.125,7.8,21.05,0.0,63.5,-6.9,2.9133537,0.0,-0.8,16.84444443,27.5,27.216666666666665,27.3,26.683333333333334,27.55,-16.936962973333333,-0.1092592633333318,-0.1606666666666666,0.12,-0.0786666666666666,17.010493846666666,0.0942222222222246,3.9522848,3.9782717,3.9666665,3.9996018,3.9471679,0,3.0,0,0.25,-1.42,46.8,53.2
2022-12-13 15:45:00,99.369914027774,43.825469127778,43.837135327778,16.84444443,-0.0786666666666666,27.55,1,5.1764362714980825,70.66250196097344,15,1,12,-0.7071067811865471,-0.7071067811865479,0.7818314824680298,0.6234898018587336,-2.4492935982947064e-16,1.0,265.0,302.5,327.0,8.2,21.325000000000003,0.0,62.75,-7.1,2.8689733,0.0,-0.85,16.80185185,27.5,27.5,27.216666666666665,27.3,27.966666666666665,-16.923111096666666,-0.0518518766666673,-0.038,-0.0406666666666666,-0.1013333333333333,16.915432102222223,0.0002222222222245,3.9471679,3.9522848,3.9782717,3.9666665,3.9966307,0,3.0,1,0.25,-1.44,47.4,52.6
2022-12-13 16:00:00,112.063850699996,51.154898205554,51.166008894442,16.80185185,-0.1013333333333333,27.966666666666665,1,5.1764362714980825,70.66250196097344,16,1,12,-0.8660254037844385,-0.5000000000000004,0.7818314824680298,0.6234898018587336,-2.4492935982947064e-16,1.0,240.0,277.5,320.3333333333333,8.6,21.6,0.0,62.0,-7.3,2.8248606,0.0,-0.9,16.8333333,27.55,27.5,27.5,27.216666666666665,28.0,-16.90318518333333,-0.0425925800000008,-0.0226666666666666,-0.0786666666666666,-0.366,16.84753086222222,-0.0735555555555532,3.9966307,3.9471679,3.9522848,3.9782717,4.008965,0,2.0,0,0.5,-1.44,47.9,52.1
2022-12-13 16:15:00,101.876758033336,51.188785716666,51.199063072222,16.8333333,-0.366,28.0,1,5.1764362714980825,70.66250196097344,16,1,12,-0.8660254037844385,-0.5000000000000004,0.7818314824680298,0.6234898018587336,-2.4492935982947064e-16,1.0,206.75,250.4375,310.25,8.2,21.5,0.0,64.25,-7.325,2.8272827,0.0,-1.4,16.8333333,27.966666666666665,27.55,27.5,27.5,28.0,-17.1993333,0.0314814500000011,-0.2646666666666666,-0.1013333333333333,-0.6746666666666667,16.826543193333332,-0.1819999999999976,4.008965,3.9966307,3.9471679,3.9522848,4.008965,0,1.0,0,0.75,-1.44,47.5,52.5
2022-12-13 16:30:00,95.528956472222,51.102400272222,51.114622,16.8333333,-0.6746666666666667,28.0,1,5.1764362714980825,70.66250196097344,16,1,12,-0.8660254037844385,-0.5000000000000004,0.7818314824680298,0.6234898018587336,-2.4492935982947064e-16,1.0,173.5,221.3125,296.75,7.8,21.4,0.0,66.5,-7.35,2.8258178,0.0,-1.9,16.793055560000003,28.0,27.966666666666665,27.55,27.5,27.65,-17.507999966666667,0.0,-0.3086666666666667,-0.366,-0.814,16.822839483333333,-0.3806666666666643,4.008965,4.008965,3.9966307,3.9471679,3.9492905,0,0.0,0,1.0,-1.44,47.5,52.5
2022-12-13 16:45:00,121.602635666668,80.946762016666,80.962039205554,16.793055560000003,-0.814,27.65,2,5.1764362714980825,70.66250196097344,16,1,12,-0.8660254037844385,-0.5000000000000004,0.7818314824680298,0.6234898018587336,-2.4492935982947064e-16,1.0,140.25,190.125,279.8333333333333,7.4,21.3,0.0,68.75,-7.375,2.8206995,0.0,-2.4,16.75972223,28.0,28.0,27.966666666666665,27.55,27.5,-17.607055560000003,-0.0402777399999969,-0.1393333333333332,-0.6746666666666667,-0.984,16.819907386666667,-0.6182222222222199,3.9492905,4.008965,4.008965,3.9966307,3.9200094,0,0.0,1,1.0,-1.45,48.1,51.9
2022-12-13 17:00:00,129.05844865555198,91.736330383334,91.751885344444,16.75972223,-0.984,27.5,2,5.1764362714980825,70.66250196097344,17,1,12,-0.9659258262890684,-0.2588190451025206,0.7818314824680298,0.6234898018587336,-2.4492935982947064e-16,1.0,107.0,156.875,259.5,7.0,21.2,0.0,71.0,-7.4,2.812152,0.0,-2.9,16.73888888,27.65,28.0,28.0,27.966666666666665,27.5,-17.743722230000003,-0.0333333300000013,-0.17,-0.814,-1.1266666666666667,16.795370363333337,-0.8242222222222199,3.9200094,3.9492905,4.008965,4.008965,3.9151063,0,0.0,0,1.0,-1.46,48.5,51.5
2022-12-13 17:15:00,62.90915028333,33.805036627778,33.815591788888,16.73888888,-1.1266666666666667,27.5,1,5.1764362714980825,70.66250196097344,17,1,12,-0.9659258262890684,-0.2588190451025206,0.7818314824680298,0.6234898018587336,-2.4492935982947064e-16,1.0,82.0,125.6875,237.3125,7.925,20.125,0.5,73.0,-7.4,2.820667,0.0,-3.25,16.766765847142857,27.5,27.65,28.0,28.0,27.696428571428573,-17.865555546666666,-0.0208333500000001,-0.1426666666666667,-0.984,-1.1528571428571428,16.76388889,-0.9748888888888866,3.9151063,3.9200094,3.9492905,4.008965,3.9496799,0,0.0,1,1.0,-1.46,48.8,51.2
2022-12-13 17:30:00,165.870309488884,138.697785216666,138.718339927778,16.766765847142857,-1.1528571428571428,27.696428571428573,2,5.1764362714980825,70.66250196097344,17,1,12,-0.9659258262890684,-0.2588190451025206,0.7818314824680298,0.6234898018587336,-2.4492935982947064e-16,1.0,57.0,96.5625,213.27083333333331,8.85,19.05,1.0,75.0,-7.4,2.826874,0.0,-3.6,17.01666665,27.5,27.5,27.65,28.0,27.65,-17.91962299,0.0278769671428555,-0.026190476190476,-1.1266666666666667,-1.2,16.755125652380954,-1.0878412698412674,3.9496799,3.9151063,3.9200094,3.9492905,4.0026364,0,0.0,1,1.0,-1.45,48.4,51.6
2022-12-13 17:45:00,70.99382671667,30.626552672222,30.635163461110004,17.01666665,-1.2,27.65,1,5.1764362714980825,70.66250196097344,17,1,12,-0.9659258262890684,-0.2588190451025206,0.7818314824680298,0.6234898018587336,-2.4492935982947064e-16,1.0,32.0,69.5,187.375,9.775,17.974999999999998,1.5,77.0,-7.4,2.8308685,0.0,-3.95,16.966666670000002,27.696428571428573,27.5,27.5,27.65,27.5,-18.21666665,0.2499008028571445,-0.0471428571428571,-1.1528571428571428,-1.4106666666666667,16.840773792380954,-1.1598412698412677,4.0026364,3.9496799,3.9151063,3.9200094,3.9690049,0,0.0,1,1.0,-1.39,45.2,54.8
2022-12-13 18:00:00,319.374169005554,52.4470687,52.45984602222,16.966666670000002,-1.4106666666666667,27.5,1,5.1764362714980825,70.66250196097344,18,1,12,-1.0,-1.8369701987210294e-16,0.7818314824680298,0.6234898018587336,-2.4492935982947064e-16,1.0,7.0,44.5,159.625,10.7,16.9,2.0,79.0,-7.4,2.8327436,0.0,-4.3,16.83333335,27.65,27.696428571428573,27.5,27.5,27.5,-18.37733333666667,-0.049999979999999,-0.2106666666666667,-1.2,-1.66,16.916699722380955,-1.2545079365079344,3.9690049,4.0026364,3.9496799,3.9151063,3.9373765,0,0.0,0,1.0,-1.41,45.9,54.1
2022-12-13 18:15:00,306.557181672222,113.851834644444,113.868500727774,16.83333335,-1.66,27.5,2,5.1764362714980825,70.66250196097344,18,1,12,-1.0,-1.8369701987210294e-16,0.7818314824680298,0.6234898018587336,-2.4492935982947064e-16,1.0,5.25,25.3125,133.8125,10.275,17.075,12.25,80.75,-7.325,2.8543599,0.0,-4.5,16.94444445,27.5,27.65,27.696428571428573,27.5,27.316666666666663,-18.49333335,-0.1333333200000019,-0.2493333333333331,-1.4106666666666667,-1.8093333333333332,16.938888890000005,-1.4235555555555532,3.9373765,3.9690049,4.0026364,3.9496799,3.937293,0,0.0,1,1.0,-1.44,47.6,52.4
2022-12-13 18:30:00,60.416749933332,0.0,0.0,16.94444445,-1.8093333333333332,27.316666666666663,0,5.1764362714980825,70.66250196097344,18,1,12,-1.0,-1.8369701987210294e-16,0.7818314824680298,0.6234898018587336,-2.4492935982947064e-16,1.0,3.5,11.9375,109.9375,9.85,17.25,22.5,82.5,-7.25,2.8747196,0.0,-4.699999999999999,16.90555557,27.5,27.5,27.65,27.696428571428573,27.0,-18.753777783333334,0.1111110999999986,-0.1493333333333335,-1.66,-1.9226666666666667,16.914814823333334,-1.6266666666666645,3.937293,3.9373765,3.9690049,4.0026364,3.882582,1,1.0,1,0.75,-1.41,46.2,53.8
2022-12-13 18:45:00,179.888081972222,117.969725422224,118.007223955556,16.90555557,-1.9226666666666667,27.0,2,5.1764362714980825,70.66250196097344,18,1,12,-1.0,-1.8369701987210294e-16,0.7818314824680298,0.6234898018587336,-2.4492935982947064e-16,1.0,1.75,4.375,88.0,9.425,17.425,32.75,84.25,-7.175,2.8938498,0.0,-4.9,16.93680557625,27.316666666666663,27.5,27.5,27.65,27.0,-18.82822223666667,-0.0388888799999982,-0.1133333333333332,-1.8093333333333332,-2.02,16.894444456666665,-1.797333333333331,3.882582,3.937293,3.9373765,3.9690049,3.8898683,0,1.0,1,0.75,-1.42,46.8,53.2
2022-12-13 19:00:00,158.05006666111,118.44915076111,118.475816377776,16.93680557625,-2.02,27.0,2,5.1764362714980825,70.66250196097344,19,1,12,-0.9659258262890684,0.2588190451025203,0.7818314824680298,0.6234898018587336,-2.4492935982947064e-16,1.0,0.0,2.625,68.0,9.0,17.6,43.0,86.0,-7.1,2.9117782,0.0,-5.1,16.9680555825,27.0,27.316666666666663,27.5,27.5,27.0,-18.95680557625,0.0312500062499978,-0.0973333333333332,-1.9226666666666667,-2.063333333333333,16.92893519875,-1.9173333333333311,3.8898683,3.882582,3.937293,3.9373765,3.8971665,0,1.0,0,0.75,-1.42,46.4,53.6
2022-12-13 19:15:00,70.705505133328,28.419974288888,28.43608476111,16.9680555825,-2.063333333333333,27.0,1,5.1764362714980825,70.66250196097344,19,1,12,-0.9659258262890684,0.2588190451025203,0.7818314824680298,0.6234898018587336,-2.4492935982947064e-16,1.0,0.0,1.3125,50.770833333333336,9.575,17.075000000000003,57.25,86.0,-6.85,2.9645882,0.0,-4.85,16.99930558875,27.0,27.0,27.316666666666663,27.5,27.0,-19.03138891583333,0.0312500062500014,-0.0433333333333334,-2.02,-2.008,16.93680557625,-2.0019999999999976,3.8971665,3.8898683,3.882582,3.937293,3.9044766,0,1.0,1,0.75,-1.41,46.0,54.0
2022-12-13 19:30:00,201.884146544444,139.680523655556,139.708022572222,16.99930558875,-2.008,27.0,2,5.1764362714980825,70.66250196097344,19,1,12,-0.9659258262890684,0.2588190451025203,0.7818314824680298,0.6234898018587336,-2.4492935982947064e-16,1.0,0.0,0.4375,36.3125,10.15,16.55,71.5,86.0,-6.6,3.018239,0.0,-4.6,17.031036364326923,27.0,27.0,27.0,27.316666666666663,27.0,-19.00730558875,0.0312500062500014,0.0553333333333334,-2.063333333333333,-1.9907692307692304,16.9680555825,-2.030444444444442,3.9044766,3.8971665,3.8898683,3.882582,3.9119105,0,0.0,1,1.0,-1.4,45.6,54.4
2022-12-13 19:45:00,98.64216515556,58.604600172222,58.620155083334,17.031036364326923,-1.9907692307692304,27.0,1,5.1764362714980825,70.66250196097344,19,1,12,-0.9659258262890684,0.2588190451025203,0.7818314824680298,0.6234898018587336,-2.4492935982947064e-16,1.0,0.0,0.0,24.625,10.725,16.025,85.75,86.0,-6.35,3.0727422,0.0,-4.35,16.972685200833332,27.0,27.0,27.0,27.0,27.366666666666667,-19.021805595096158,0.0317307755769213,0.0172307692307693,-2.008,-1.952,16.999465845192308,-2.0207008547008525,3.9119105,3.9044766,3.8971665,3.8898683,3.9511874,0,0.0,1,1.0,-1.39,45.2,54.8
2022-12-13 20:00:00,50.12243943889,12.098682716666,12.112293288888,16.972685200833332,-1.952,27.366666666666667,1,5.1764362714980825,70.66250196097344,20,1,12,-0.8660254037844386,0.5000000000000001,0.7818314824680298,0.6234898018587336,-2.4492935982947064e-16,1.0,0.0,0.0,15.708333333333334,11.3,15.5,100.0,86.0,-6.1,3.1281095,0.0,-4.1,16.76666664,27.0,27.0,27.0,27.0,28.05,-18.92468520083333,-0.0583511634935902,0.0387692307692304,-1.9907692307692304,-1.96,17.001009051303424,-1.9835897435897412,3.9511874,3.9119105,3.9044766,3.8971665,4.0000777,0,0.0,0,1.0,-1.41,45.9,54.1
2022-12-13 20:15:00,143.600366705562,104.119446155556,104.143334083334,16.76666664,-1.96,28.05,2,5.1764362714980825,70.66250196097344,20,1,12,-0.8660254037844386,0.5000000000000001,0.7818314824680298,0.6234898018587336,-2.4492935982947064e-16,1.0,0.0,0.0,8.875,11.65,17.65,100.0,87.0,-5.975,3.1588423,0.0,-4.125,16.907407403333334,27.366666666666667,27.0,27.0,27.0,28.466666666666665,-18.72666664,-0.206018560833332,-0.0079999999999997,-1.952,-1.964,16.92346273505342,-1.9675897435897411,4.0000777,3.9511874,3.9119105,3.9044766,4.0939426,0,0.0,1,1.0,-1.45,48.3,51.7
2022-12-13 20:30:00,111.549704433336,63.888277683334,63.907999177776,16.907407403333334,-1.964,28.466666666666665,1,5.1764362714980825,70.66250196097344,20,1,12,-0.8660254037844386,0.5000000000000001,0.7818314824680298,0.6234898018587336,-2.4492935982947064e-16,1.0,0.0,0.0,4.125,12.0,19.8,100.0,88.0,-5.85,3.1894538,0.0,-4.15,16.9611111,28.05,27.366666666666667,27.0,27.0,28.5,-18.871407403333333,0.1407407633333335,-0.004,-1.96,-1.9226666666666667,16.882253081388892,-1.9586666666666643,4.0939426,4.0000777,3.9511874,3.9119105,4.111962,0,0.0,1,1.0,-1.42,46.4,53.6
2022-12-13 20:45:00,50.035498549998,0.0,0.0,16.9611111,-1.9226666666666667,28.5,0,5.1764362714980825,70.66250196097344,20,1,12,-0.8660254037844386,0.5000000000000001,0.7818314824680298,0.6234898018587336,-2.4492935982947064e-16,1.0,0.0,0.0,1.4583333333333333,12.35,21.950000000000003,100.0,89.0,-5.725,3.219945,0.0,-4.175,16.74814817,28.466666666666665,28.05,27.366666666666667,27.0,28.866666666666667,-18.883777766666668,0.0537036966666661,0.0413333333333332,-1.964,-1.79,16.87839504777778,-1.948888888888887,4.111962,4.0939426,4.0000777,3.9511874,4.111962,1,1.0,1,0.75,-1.4,45.7,54.3
2022-12-13 21:00:00,75.772802333332,0.0,0.0,16.74814817,-1.79,28.866666666666667,0,5.1764362714980825,70.66250196097344,21,1,12,-0.7071067811865477,0.7071067811865474,0.7818314824680298,0.6234898018587336,-2.4492935982947064e-16,1.0,0.0,0.0,0.875,12.7,24.1,100.0,90.0,-5.6,3.2503164,0.0,-4.2,16.59444448,28.5,28.466666666666665,28.05,27.366666666666667,29.5,-18.53814817,-0.2129629299999997,0.1326666666666667,-1.9226666666666667,-1.854,16.872222224444446,-1.8922222222222205,4.111962,4.111962,4.0939426,4.0000777,4.16353,0,2.0,0,0.5,-1.45,48.3,51.7
2022-12-13 21:15:00,154.446599772218,83.0816766,83.101675833332,16.59444448,-1.854,29.5,2,5.1764362714980825,70.66250196097344,21,1,12,-0.7071067811865477,0.7071067811865474,0.7818314824680298,0.6234898018587336,-2.4492935982947064e-16,1.0,0.0,0.0,0.4375,12.525,24.375,99.5,90.0,-5.35,3.3088071,0.0,-3.95,16.72962961,28.866666666666667,28.5,28.466666666666665,28.05,29.316666666666663,-18.44844448,-0.1537036900000004,-0.0639999999999998,-1.79,-1.836,16.76790125,-1.8555555555555527,4.16353,4.111962,4.111962,4.0939426,4.1714187,0,2.0,1,0.5,-1.49,50.2,49.8
2022-12-13 21:30:00,162.790710244448,95.238412511112,95.25896723889,16.72962961,-1.836,29.316666666666663,2,5.1764362714980825,70.66250196097344,21,1,12,-0.7071067811865477,0.7071067811865474,0.7818314824680298,0.6234898018587336,-2.4492935982947064e-16,1.0,0.0,0.0,0.1458333333333333,12.35,24.65,99.0,90.0,-5.1,3.3682215,0.0,-3.7,16.92777774,29.5,28.866666666666667,28.5,28.466666666666665,29.05,-18.56562961,0.13518513,0.018,-1.854,-1.6486666666666667,16.690740753333333,-1.8266666666666644,4.1714187,4.16353,4.111962,4.111962,4.182944,0,2.0,0,0.5,-1.46,48.5,51.5
2022-12-13 21:45:00,68.51475930000001,0.0,0.0,16.92777774,-1.6486666666666667,29.05,0,5.1764362714980825,70.66250196097344,21,1,12,-0.7071067811865477,0.7071067811865474,0.7818314824680298,0.6234898018587336,-2.4492935982947064e-16,1.0,0.0,0.0,0.0,12.175,24.925,98.5,90.0,-4.85,3.4285724,0.0,-3.45,16.76851852,29.316666666666663,29.5,28.866666666666667,28.5,29.65,-18.576444406666667,0.1981481299999998,0.1873333333333331,-1.836,-1.54,16.75061727666667,-1.7795555555555531,4.182944,4.1714187,4.16353,4.111962,4.228716,1,2.0,1,0.5,-1.41,46.0,54.0
2022-12-13 22:00:00,188.198582955552,102.660615627778,102.678670472222,16.76851852,-1.54,29.65,2,5.1764362714980825,70.66250196097344,22,1,12,-0.5000000000000004,0.8660254037844384,0.7818314824680298,0.6234898018587336,-2.4492935982947064e-16,1.0,0.0,0.0,0.0,12.0,25.2,98.0,90.0,-4.6,3.4898708,0.0,-3.2,16.97777777,29.05,29.316666666666663,29.5,28.866666666666667,29.65,-18.30851852,-0.1592592199999991,0.1086666666666666,-1.6486666666666667,-1.372,16.808641956666666,-1.6748888888888864,4.228716,4.182944,4.1714187,4.16353,4.2821617,0,1.0,1,0.75,-1.44,47.9,52.1
2022-12-13 22:15:00,429.246718394442,311.815582444444,311.852525433332,16.97777777,-1.372,29.65,2,5.1764362714980825,70.66250196097344,22,1,12,-0.5000000000000004,0.8660254037844384,0.7818314824680298,0.6234898018587336,-2.4492935982947064e-16,1.0,0.0,0.0,0.0,12.125,25.1,98.5,90.25,-4.425,3.5369089,0.0,-3.0500000000000003,17.77407408,29.65,29.05,29.316666666666663,29.5,29.316666666666663,-18.34977777,0.2092592499999988,0.1680000000000001,-1.54,-1.3866666666666667,16.89135801,-1.52022222222222,4.2821617,4.228716,4.182944,4.1714187,4.4404454,0,1.0,0,0.75,-1.39,45.2,54.8
2022-12-13 22:30:00,388.689451899996,291.46806306111,291.50306166111,17.77407408,-1.3866666666666667,29.316666666666663,2,5.1764362714980825,70.66250196097344,22,1,12,-0.5000000000000004,0.8660254037844384,0.7818314824680298,0.6234898018587336,-2.4492935982947064e-16,1.0,0.0,0.0,0.0,12.25,25.0,99.0,90.5,-4.25,3.5845037,0.0,-2.9000000000000004,18.38888887,29.65,29.65,29.05,29.316666666666663,28.6,-19.160740746666665,0.7962963099999989,-0.0146666666666668,-1.372,-1.4646666666666666,17.173456790000003,-1.4328888888888869,4.4404454,4.2821617,4.228716,4.182944,4.493152,0,1.0,0,0.75,-1.21,35.6,64.4
2022-12-13 22:45:00,372.283719205554,270.742780988888,270.788334733332,18.38888887,-1.4646666666666666,28.6,2,5.1764362714980825,70.66250196097344,22,1,12,-0.5000000000000004,0.8660254037844384,0.7818314824680298,0.6234898018587336,-2.4492935982947064e-16,1.0,0.0,0.0,0.0,12.375,24.9,99.5,90.75,-4.075,3.6326628,0.0,-2.75,18.764814803333334,29.316666666666663,29.65,29.65,29.05,27.85,-19.85355553666667,0.614814790000004,-0.0779999999999998,-1.3866666666666667,-1.4166666666666667,17.713580240000002,-1.4077777777777756,4.493152,4.4404454,4.2821617,4.228716,4.4738154,0,0.0,0,1.0,-1.07,29.1,70.9
2022-12-13 23:00:00,372.89091718333,265.702704816666,265.748536333332,18.764814803333334,-1.4166666666666667,27.85,2,5.1764362714980825,70.66250196097344,23,1,12,-0.2588190451025215,0.965925826289068,0.7818314824680298,0.6234898018587336,-2.4492935982947064e-16,1.0,0.0,0.0,0.0,12.5,24.8,100.0,91.0,-3.9,3.6813903,0.0,-2.6,19.0166667,28.6,29.316666666666663,29.65,29.65,27.45,-20.18148147,0.3759259333333311,0.0479999999999998,-1.4646666666666666,-1.4026666666666665,18.30925925111111,-1.4226666666666643,4.4738154,4.493152,4.4404454,4.2821617,4.4756503,0,0.0,0,1.0,-0.99,25.5,74.5
2022-12-13 23:15:00,354.3508254,253.628743327778,253.665408577776,19.0166667,-1.4026666666666665,27.45,2,5.1764362714980825,70.66250196097344,23,1,12,-0.2588190451025215,0.965925826289068,0.7818314824680298,0.6234898018587336,-2.4492935982947064e-16,1.0,0.0,0.0,0.0,12.8,25.525,99.25,91.0,-3.725,3.727021,0.0,-2.425,19.07777778333333,27.85,28.6,29.316666666666663,29.65,27.03333333333333,-20.419333366666663,0.2518518966666647,0.0140000000000002,-1.4166666666666667,-1.3066666666666669,18.723456791111115,-1.427999999999998,4.4756503,4.4738154,4.493152,4.4404454,4.4236336,0,0.0,0,1.0,-0.93,23.3,76.7
2022-12-13 23:30:00,200.251434172218,124.623903727778,124.642514149998,19.07777778333333,-1.3066666666666669,27.03333333333333,2,5.1764362714980825,70.66250196097344,23,1,12,-0.2588190451025215,0.965925826289068,0.7818314824680298,0.6234898018587336,-2.4492935982947064e-16,1.0,0.0,0.0,0.0,13.1,26.25,98.5,91.0,-3.55,3.7731478,0.0,-2.25,18.61666663,27.45,27.85,28.6,29.316666666666663,27.35,-20.38444445,0.0611110833333334,0.0959999999999996,-1.4026666666666665,-1.2153333333333334,18.95308642888889,-1.375333333333331,4.4236336,4.4756503,4.4738154,4.493152,4.3551555,0,0.0,0,1.0,-0.92,22.8,77.2
2022-12-13 23:45:00,764.618025205554,329.15127785555603,329.19238736111,18.61666663,-1.2153333333333334,27.35,2,5.1764362714980825,70.66250196097344,23,1,12,-0.2588190451025215,0.965925826289068,0.7818314824680298,0.6234898018587336,-2.4492935982947064e-16,1.0,0.0,0.0,0.0,13.4,26.975,97.75,91.0,-3.375,3.8197753,0.0,-2.075,18.87592595,27.03333333333333,27.45,27.85,28.6,27.316666666666663,-19.83199996333333,-0.4611111533333307,0.0913333333333334,-1.3066666666666669,-1.038,18.90370370444444,-1.30822222222222,4.3551555,4.4236336,4.4756503,4.4738154,4.4170527,0,0.0,0,1.0,-1.02,27.1,72.9
2022-12-14 00:00:00,470.698671366664,383.734372194446,383.779925922224,18.87592595,-1.038,27.316666666666663,2,5.1764362714980825,70.66250196097344,0,2,12,0.0,1.0,0.9749279121818236,-0.2225209339563143,-2.4492935982947064e-16,1.0,0.0,0.0,0.0,13.7,27.7,97.0,91.0,-3.2,3.866909,0.0,-1.9,19.56666669,27.35,27.03333333333333,27.45,27.85,26.65,-19.91392595,0.2592593199999982,0.1773333333333333,-1.2153333333333334,-0.942,18.856790121111118,-1.1866666666666643,4.4170527,4.3551555,4.4236336,4.4756503,4.4882407,0,0.0,0,1.0,-0.96,24.6,75.4
2022-12-14 00:15:00,375.363318183334,284.393901572222,284.4286224,19.56666669,-0.942,26.65,2,5.1764362714980825,70.66250196097344,0,2,12,0.0,1.0,0.9749279121818236,-0.2225209339563143,-2.4492935982947064e-16,1.0,0.0,0.0,0.0,13.675,27.875,97.75,90.75,-3.0500000000000003,3.9106262,0.05,-1.7,19.84259258,27.316666666666663,27.35,27.03333333333333,27.45,26.5,-20.50866669,0.690740739999999,0.096,-1.038,-0.97,19.01975309,-1.065111111111109,4.4882407,4.4170527,4.3551555,4.4236336,4.5358453,0,0.0,0,1.0,-0.81,18.8,81.2
2022-12-14 00:30:00,354.105557511108,272.590484844444,272.624650144444,19.84259258,-0.97,26.5,2,5.1764362714980825,70.66250196097344,0,2,12,0.0,1.0,0.9749279121818236,-0.2225209339563143,-2.4492935982947064e-16,1.0,0.0,0.0,0.0,13.65,28.05,98.5,90.5,-2.9000000000000004,3.9547148,0.1,-1.5,19.97222223,26.65,27.316666666666663,27.35,27.03333333333333,26.5,-20.81259258,0.2759258899999999,-0.0280000000000001,-0.942,-1.340666666666667,19.42839507333333,-0.9833333333333312,4.5358453,4.4882407,4.4170527,4.3551555,4.570431,0,0.0,0,1.0,-0.75,16.7,83.3
2022-12-14 00:45:00,350.875686527782,267.834841711112,267.867618216666,19.97222223,-1.340666666666667,26.5,2,5.1764362714980825,70.66250196097344,0,2,12,0.0,1.0,0.9749279121818236,-0.2225209339563143,-2.4492935982947064e-16,1.0,0.0,0.0,0.0,13.625,28.225,99.25,90.25,-2.75,3.9991739,0.15,-1.3,20.07222224333333,26.5,26.65,27.316666666666663,27.35,26.316666666666663,-21.312888896666667,0.1296296500000018,-0.3706666666666666,-0.97,-1.7886666666666666,19.793827166666667,-1.08422222222222,4.570431,4.5358453,4.4882407,4.4170527,4.5654635,0,0.0,0,1.0,-0.72,15.8,84.2
2022-12-14 01:00:00,352.670337055556,262.1370141,262.16812402222,20.07222224333333,-1.7886666666666666,26.316666666666663,2,5.1764362714980825,70.66250196097344,1,2,12,0.2588190451025207,0.9659258262890684,0.9749279121818236,-0.2225209339563143,-2.4492935982947064e-16,1.0,0.0,0.0,0.0,13.6,28.4,100.0,90.0,-2.6,4.0440063,0.2,-1.1,20.15000002,26.5,26.5,26.65,27.316666666666663,26.0,-21.86088891,0.1000000133333323,-0.4479999999999999,-1.340666666666667,-2.267333333333333,19.962345684444443,-1.3664444444444424,4.5654635,4.570431,4.5358453,4.4882407,4.531101,0,0.0,0,1.0,-0.69,15.1,84.9
2022-12-14 01:15:00,332.683914261114,255.313398122224,255.345896822224,20.15000002,-2.267333333333333,26.0,2,5.1764362714980825,70.66250196097344,1,2,12,0.2588190451025207,0.9659258262890684,0.9749279121818236,-0.2225209339563143,-2.4492935982947064e-16,1.0,0.0,0.0,0.0,15.325,32.55,99.25,88.0,-3.0,3.9198935,0.2,-1.225,20.207407436666667,26.316666666666663,26.5,26.5,26.65,26.0,-22.417333353333333,0.077777776666668,-0.4786666666666666,-1.7886666666666666,-2.759333333333333,20.06481483111111,-1.7988888888888863,4.531101,4.5654635,4.570431,4.5358453,4.546337,0,0.0,0,1.0,-0.68,14.7,85.3
2022-12-14 01:30:00,306.032758249998,246.141820583334,246.177374694446,20.207407436666667,-2.759333333333333,26.0,2,5.1764362714980825,70.66250196097344,1,2,12,0.2588190451025207,0.9659258262890684,0.9749279121818236,-0.2225209339563143,-2.4492935982947064e-16,1.0,0.0,0.0,0.0,17.05,36.7,98.5,86.0,-3.4000000000000004,3.7975924,0.2,-1.35,20.23611113,26.0,26.316666666666663,26.5,26.5,25.65,-22.96674077,0.0574074166666669,-0.492,-2.267333333333333,-3.168,20.1432099,-2.2717777777777752,4.546337,4.531101,4.5654635,4.570431,4.4926677,0,0.0,0,1.0,-0.67,14.4,85.6
2022-12-14 01:45:00,216.353845483334,163.822613466668,163.850112333336,20.23611113,-3.168,25.65,2,5.1764362714980825,70.66250196097344,1,2,12,0.2588190451025207,0.9659258262890684,0.9749279121818236,-0.2225209339563143,-2.4492935982947064e-16,1.0,0.0,0.0,0.0,18.775,40.85,97.75,84.0,-3.8,3.677083,0.2,-1.475,19.73611109,26.0,26.0,26.316666666666663,26.5,25.5,-23.40411113,0.0287036933333304,-0.4086666666666665,-2.759333333333333,-3.4153333333333333,20.19783952888889,-2.7315555555555533,4.4926677,4.546337,4.531101,4.5654635,4.337506,0,0.0,0,1.0,-0.66,14.2,85.8
2022-12-14 02:00:00,230.174959283334,186.982520383334,187.0141858,19.73611109,-3.4153333333333333,25.5,2,5.1764362714980825,70.66250196097344,2,2,12,0.4999999999999999,0.8660254037844387,0.9749279121818236,-0.2225209339563143,-2.4492935982947064e-16,1.0,0.0,0.0,0.0,20.5,45.0,97.0,82.0,-4.2,3.5583465,0.2,-1.6,19.57222224,25.65,26.0,26.0,26.316666666666663,25.8,-23.15144442333333,-0.5000000399999962,-0.2473333333333336,-3.168,-3.517333333333333,20.059876552222224,-3.11422222222222,4.337506,4.4926677,4.546337,4.531101,4.3465066,0,0.0,0,1.0,-0.78,17.7,82.3
2022-12-14 02:15:00,441.485950988888,398.211015388888,398.263791077776,19.57222224,-3.517333333333333,25.8,2,5.1764362714980825,70.66250196097344,2,2,12,0.4999999999999999,0.8660254037844387,0.9749279121818236,-0.2225209339563143,-2.4492935982947064e-16,1.0,0.0,0.0,0.0,19.6,44.9,87.25,81.0,-4.825,3.4000196,0.15,-2.075,20.12407409,25.5,25.65,26.0,26.0,25.35,-23.08955557333333,-0.1638888500000028,-0.1019999999999998,-3.4153333333333333,-3.748,19.848148153333337,-3.366888888888887,4.3465066,4.337506,4.4926677,4.546337,4.411128,0,0.0,0,1.0,-0.81,18.9,81.1
2022-12-14 02:30:00,411.363267027778,347.911916316666,347.959414433332,20.12407409,-3.748,25.35,2,5.1764362714980825,70.66250196097344,2,2,12,0.4999999999999999,0.8660254037844387,0.9749279121818236,-0.2225209339563143,-2.4492935982947064e-16,1.0,0.0,0.0,0.0,18.7,44.8,77.5,80.0,-5.45,3.2478044,0.1,-2.55,20.49444446,25.8,25.5,25.65,26.0,25.0,-23.87207409,0.551851850000002,-0.2306666666666665,-3.517333333333333,-3.962,19.810802473333336,-3.56022222222222,4.411128,4.3465066,4.337506,4.4926677,4.4453697,0,0.0,0,1.0,-0.69,15.0,85.0
2022-12-14 02:45:00,325.593364561114,266.244072027778,266.28323716111,20.49444446,-3.962,25.0,2,5.1764362714980825,70.66250196097344,2,2,12,0.4999999999999999,0.8660254037844387,0.9749279121818236,-0.2225209339563143,-2.4492935982947064e-16,1.0,0.0,0.0,0.0,17.799999999999997,44.7,67.75,79.0,-6.075,3.1014977,0.0499999999999999,-3.025,20.62777778666667,25.35,25.8,25.5,25.65,25.0,-24.45644446,0.3703703699999998,-0.2140000000000004,-3.748,-4.148666666666666,20.06358026333333,-3.7424444444444425,4.4453697,4.411128,4.3465066,4.337506,4.480062,0,0.0,0,1.0,-0.61,12.7,87.3
2022-12-14 03:00:00,311.569758994442,268.298712055556,268.339266033332,20.62777778666667,-4.148666666666666,25.0,2,5.1764362714980825,70.66250196097344,3,2,12,0.7071067811865476,0.7071067811865476,0.9749279121818236,-0.2225209339563143,-2.4492935982947064e-16,1.0,0.0,0.0,0.0,16.9,44.6,58.0,78.0,-6.7,2.960903,0.0,-3.5,20.67222225,25.0,25.35,25.8,25.5,24.65,-24.776444453333337,0.1333333266666692,-0.1866666666666661,-3.962,-4.333333333333333,20.415432112222224,-3.9528888888888862,4.480062,4.4453697,4.411128,4.3465066,4.428794,0,0.0,0,1.0,-0.58,12.0,88.0
2022-12-14 03:15:00,315.951805955552,268.485926783334,268.525091916666,20.67222225,-4.333333333333333,24.65,2,5.1764362714980825,70.66250196097344,3,2,12,0.7071067811865476,0.7071067811865476,0.9749279121818236,-0.2225209339563143,-2.4492935982947064e-16,1.0,0.0,0.0,0.0,15.275,42.45,64.75,78.25,-7.0,2.89739,0.0,-3.85,20.738888886666665,25.0,25.0,25.35,25.8,24.5,-25.005555583333333,0.0444444633333311,-0.1846666666666667,-4.148666666666666,-4.537333333333334,20.59814816555556,-4.147999999999997,4.428794,4.480062,4.4453697,4.411128,4.418966,0,0.0,0,1.0,-0.57,11.8,88.2
2022-12-14 03:30:00,314.48519800555,264.7852415,264.824406633332,20.738888886666665,-4.537333333333334,24.5,2,5.1764362714980825,70.66250196097344,3,2,12,0.7071067811865476,0.7071067811865476,0.9749279121818236,-0.2225209339563143,-2.4492935982947064e-16,1.0,0.0,0.0,0.0,13.65,40.3,71.5,78.5,-7.300000000000001,2.8349984,0.0,-4.2,20.78333335,24.65,25.0,25.0,25.35,24.5,-25.27622222,0.0666666366666639,-0.2040000000000006,-4.333333333333333,-4.760666666666666,20.67962964111112,-4.339777777777775,4.418966,4.428794,4.480062,4.4453697,4.430413,0,0.0,0,1.0,-0.55,11.4,88.6
2022-12-14 03:45:00,308.67681918333,261.3870441,261.425653688888,20.78333335,-4.760666666666666,24.5,2,5.1764362714980825,70.66250196097344,3,2,12,0.7071067811865476,0.7071067811865476,0.9749279121818236,-0.2225209339563143,-2.4492935982947064e-16,1.0,0.0,0.0,0.0,12.025,38.15,78.25,78.75,-7.6,2.7737134,0.0,-4.550000000000001,20.83095235,24.5,24.65,25.0,25.0,24.303571428571427,-25.544000016666665,0.0444444633333347,-0.2233333333333327,-4.537333333333334,-4.867142857142857,20.73148149555556,-4.543777777777776,4.430413,4.418966,4.428794,4.480062,4.4070873,0,0.0,0,1.0,-0.54,11.2,88.8
2022-12-14 04:00:00,298.030300661106,243.670530572222,243.706084716666,20.83095235,-4.867142857142857,24.303571428571427,2,5.1764362714980825,70.66250196097344,4,2,12,0.8660254037844386,0.5000000000000001,0.9749279121818236,-0.2225209339563143,-2.4492935982947064e-16,1.0,0.0,0.0,0.0,10.4,36.0,85.0,79.0,-7.9,2.713521,0.0,-4.9,20.871031742857145,24.5,24.5,24.65,25.0,24.0,-25.698095207142856,0.0476189999999974,-0.106476190476191,-4.760666666666666,-5.089999999999999,20.78439152888889,-4.721714285714284,4.4070873,4.430413,4.418966,4.428794,4.362196,0,0.0,0,1.0,-0.53,11.0,89.0
2022-12-14 04:15:00,294.988200149994,238.756560472222,238.791836877776,20.871031742857145,-5.089999999999999,24.0,2,5.1764362714980825,70.66250196097344,4,2,12,0.8660254037844386,0.5000000000000001,0.9749279121818236,-0.2225209339563143,-2.4492935982947064e-16,1.0,0.0,0.0,0.0,10.45,32.575,77.25,78.5,-8.125,2.6722257,0.0,-5.025,20.8888889,24.303571428571427,24.5,24.5,24.65,24.0,-25.961031742857145,0.0400793928571481,-0.2228571428571415,-4.867142857142857,-5.231333333333334,20.828439147619047,-4.905936507936505,4.362196,4.4070873,4.430413,4.418966,4.3667297,0,0.0,0,1.0,-0.53,10.8,89.2
2022-12-14 04:30:00,285.57718753889003,242.351694427778,242.388915188888,20.8888889,-5.231333333333334,24.0,2,5.1764362714980825,70.66250196097344,4,2,12,0.8660254037844386,0.5000000000000001,0.9749279121818236,-0.2225209339563143,-2.4492935982947064e-16,1.0,0.0,0.0,0.0,10.5,29.15,69.5,78.0,-8.350000000000001,2.6314263,0.0,-5.15,20.7111111,24.0,24.303571428571427,24.5,24.5,24.0,-26.120222233333337,0.0178571571428562,-0.1413333333333346,-5.089999999999999,-5.390000000000001,20.86362433095238,-5.062825396825394,4.3667297,4.362196,4.4070873,4.430413,4.321787,0,0.0,0,1.0,-0.52,10.7,89.3
2022-12-14 04:45:00,150.320653616666,107.548197916666,107.57264142222,20.7111111,-5.390000000000001,24.0,2,5.1764362714980825,70.66250196097344,4,2,12,0.8660254037844386,0.5000000000000001,0.9749279121818236,-0.2225209339563143,-2.4492935982947064e-16,1.0,0.0,0.0,0.0,10.55,25.725,61.75,77.5,-8.575000000000001,2.5911186,0.0,-5.275,20.07037036666667,24.0,24.0,24.303571428571427,24.5,24.183333333333334,-26.1011111,-0.1777778000000012,-0.1586666666666669,-5.231333333333334,-5.508,20.82367724761905,-5.237111111111108,4.321787,4.3667297,4.362196,4.4070873,4.194915,0,0.0,0,1.0,-0.56,11.6,88.4
2022-12-14 05:00:00,365.478713633332,315.853198716666,315.896252594442,20.07037036666667,-5.508,24.183333333333334,2,5.1764362714980825,70.66250196097344,5,2,12,0.9659258262890684,0.2588190451025207,0.9749279121818236,-0.2225209339563143,-2.4492935982947064e-16,1.0,0.0,0.0,0.0,10.6,22.3,54.0,77.0,-8.8,2.5512972,0.0,-5.4,20.19444446,24.0,24.0,24.0,24.303571428571427,24.15,-25.578370366666668,-0.640740733333331,-0.1179999999999994,-5.390000000000001,-5.609999999999999,20.556790122222225,-5.376444444444442,4.194915,4.321787,4.3667297,4.362196,4.219648,0,0.0,0,1.0,-0.71,15.5,84.5
2022-12-14 05:15:00,390.84047683889,330.065685727778,330.111795016666,20.19444446,-5.609999999999999,24.15,2,5.1764362714980825,70.66250196097344,5,2,12,0.9659258262890684,0.2588190451025207,0.9749279121818236,-0.2225209339563143,-2.4492935982947064e-16,1.0,0.0,0.0,0.0,10.1,22.225,40.5,78.0,-8.950000000000001,2.5198786,0.0,-5.75,20.65000000333333,24.183333333333334,24.0,24.0,24.0,23.816666666666663,-25.80444446,0.1240740933333306,-0.1019999999999994,-5.508,-5.806,20.325308642222225,-5.502666666666664,4.219648,4.194915,4.321787,4.3667297,4.2735353,0,0.0,0,1.0,-0.68,14.7,85.3
2022-12-14 05:30:00,383.794647483338,328.5601904,328.605466355556,20.65000000333333,-5.806,23.816666666666663,2,5.1764362714980825,70.66250196097344,5,2,12,0.9659258262890684,0.2588190451025207,0.9749279121818236,-0.2225209339563143,-2.4492935982947064e-16,1.0,0.0,0.0,0.0,9.6,22.15,27.0,79.0,-9.1,2.4882472,0.0,-6.1,20.86111112,24.15,24.183333333333334,24.0,24.0,23.5,-26.456000003333333,0.4555555433333325,-0.1960000000000006,-5.609999999999999,-6.011333333333334,20.30493827666667,-5.641333333333331,4.2735353,4.219648,4.194915,4.321787,4.2688537,0,0.0,0,1.0,-0.58,12.0,88.0
2022-12-14 05:45:00,311.043946627778,266.080467488888,266.120188116666,20.86111112,-6.011333333333334,23.5,2,5.1764362714980825,70.66250196097344,5,2,12,0.9659258262890684,0.2588190451025207,0.9749279121818236,-0.2225209339563143,-2.4492935982947064e-16,1.0,0.0,0.0,0.0,9.1,22.075,13.5,80.0,-9.25,2.4564302,0.0,-6.45,20.899999963333336,23.816666666666663,24.15,24.183333333333334,24.0,23.5,-26.87244445333333,0.2111111166666646,-0.2053333333333338,-5.806,-6.158,20.56851852777778,-5.8091111111111084,4.2688537,4.2735353,4.219648,4.194915,4.27852,0,0.0,0,1.0,-0.53,10.9,89.1
2022-12-14 06:00:00,286.65158906111,234.377013427778,234.4131231,20.899999963333336,-6.158,23.5,2,5.1764362714980825,70.66250196097344,6,2,12,1.0,6.123233995736766e-17,0.9749279121818236,-0.2225209339563143,-2.4492935982947064e-16,1.0,0.0,0.0,0.0,8.6,22.0,0.0,81.0,-9.4,2.4244523,0.0,-6.8,20.8,23.5,23.816666666666663,24.15,24.183333333333334,23.5,-27.057999963333337,0.0388888433333391,-0.1466666666666665,-6.011333333333334,-6.225333333333333,20.803703695555555,-5.991777777777776,4.27852,4.2688537,4.2735353,4.219648,4.2537045,0,0.0,0,1.0,-0.52,10.7,89.3
2022-12-14 06:15:00,281.95261044444,239.45597696111,239.492364405554,20.8,-6.225333333333333,23.5,2,5.1764362714980825,70.66250196097344,6,2,12,1.0,6.123233995736766e-17,0.9749279121818236,-0.2225209339563143,-2.4492935982947064e-16,1.0,0.0,0.0,0.0,8.075,20.725,9.0,80.75,-9.85,2.3472562,0.0,-7.2,20.80925925,23.5,23.5,23.816666666666663,24.15,23.316666666666663,-27.025333333333336,-0.0999999633333352,-0.067333333333333,-6.158,-6.391333333333334,20.853703694444444,-6.131555555555553,4.2537045,4.27852,4.2688537,4.2735353,4.222794,0,0.0,0,1.0,-0.55,11.2,88.8
2022-12-14 06:30:00,406.139309327778,233.644820516666,233.681485716666,20.80925925,-6.391333333333334,23.316666666666663,2,5.1764362714980825,70.66250196097344,6,2,12,1.0,6.123233995736766e-17,0.9749279121818236,-0.2225209339563143,-2.4492935982947064e-16,1.0,0.0,0.0,0.0,7.55,19.45,18.0,80.5,-10.3,2.2722645,0.0,-7.6,20.64444447,23.5,23.5,23.5,23.816666666666663,23.0,-27.20059258333333,0.0092592499999994,-0.1660000000000003,-6.225333333333333,-6.568,20.836419737777774,-6.25822222222222,4.222794,4.2537045,4.27852,4.2688537,4.1256614,0,0.0,0,1.0,-0.54,11.2,88.8
2022-12-14 06:45:00,754.494818950002,107.720691016666,107.745967788888,20.64444447,-6.568,23.0,2,5.1764362714980825,70.66250196097344,6,2,12,1.0,6.123233995736766e-17,0.9749279121818236,-0.2225209339563143,-2.4492935982947064e-16,1.0,0.0,0.0,0.0,7.025,18.175,27.0,80.25,-10.75,2.199421,0.0,-8.0,20.04629628,23.316666666666663,23.5,23.5,23.5,23.183333333333334,-27.21244447,-0.1648147800000003,-0.1766666666666658,-6.391333333333334,-6.654,20.75123457333333,-6.394888888888886,4.1256614,4.222794,4.2537045,4.27852,4.01579,0,0.0,0,1.0,-0.58,12.2,87.8
2022-12-14 07:00:00,317.352583205554,269.344781327778,269.385057516666,20.04629628,-6.654,23.183333333333334,2,5.1764362714980825,70.66250196097344,7,2,12,0.9659258262890684,-0.2588190451025206,0.9749279121818236,-0.2225209339563143,-2.4492935982947064e-16,1.0,0.0,0.0,0.0,6.5,16.9,36.0,80.0,-11.2,2.1286726,0.0,-8.4,20.10000001,23.0,23.316666666666663,23.5,23.5,23.45,-26.70029628,-0.5981481899999999,-0.0860000000000003,-6.568,-6.796,20.500000000000004,-6.537777777777776,4.01579,4.1256614,4.222794,4.2537045,4.074768,0,0.0,0,1.0,-0.72,15.9,84.1
2022-12-14 07:15:00,731.396298494446,325.018387627778,325.066441272222,20.10000001,-6.796,23.45,2,5.1764362714980825,70.66250196097344,7,2,12,0.9659258262890684,-0.2588190451025206,0.9749279121818236,-0.2225209339563143,-2.4492935982947064e-16,1.0,0.0,0.0,0.0,6.625,16.45,41.25,81.25,-11.3,2.1143622,0.0,-8.7,20.57962964,23.183333333333334,23.0,23.316666666666663,23.5,23.03333333333333,-26.89600001,0.0537037299999987,-0.1420000000000003,-6.654,-6.902,20.26358025333333,-6.6726666666666645,4.074768,4.01579,4.1256614,4.222794,4.1160636,0,0.0,0,1.0,-0.7,15.4,84.6
2022-12-14 07:30:00,372.405936433336,325.048108672222,325.09505126111,20.57962964,-6.902,23.03333333333333,2,5.1764362714980825,70.66250196097344,7,2,12,0.9659258262890684,-0.2588190451025206,0.9749279121818236,-0.2225209339563143,-2.4492935982947064e-16,1.0,0.0,0.0,0.0,6.75,16.0,46.5,82.5,-11.4,2.0995283,0.0,-9.0,20.93333334,23.45,23.183333333333334,23.0,23.316666666666663,22.65,-27.48162964,0.4796296300000016,-0.1059999999999998,-6.796,-6.8580000000000005,20.24197531,-6.783999999999998,4.1160636,4.074768,4.01579,4.1256614,4.1317644,0,0.0,0,1.0,-0.6,12.5,87.5
2022-12-14 07:45:00,284.619170427774,235.7080713,235.744736516666,20.93333334,-6.8580000000000005,22.65,2,5.1764362714980825,70.66250196097344,7,2,12,0.9659258262890684,-0.2588190451025206,0.9749279121818236,-0.2225209339563143,-2.4492935982947064e-16,1.0,0.0,0.0,0.0,6.875,15.55,51.75,83.75,-11.5,2.0841968,0.0,-9.3,21.0,23.03333333333333,23.45,23.183333333333334,23.0,22.5,-27.79133334,0.3537037000000005,0.0439999999999995,-6.902,-6.706,20.53765433,-6.851999999999998,4.1317644,4.1160636,4.074768,4.01579,4.1203346,0,0.0,0,1.0,-0.52,10.7,89.3
2022-12-14 08:00:00,298.55722398333,240.586487305554,240.623985805554,21.0,-6.706,22.5,2,5.1764362714980825,70.66250196097344,8,2,12,0.8660254037844387,-0.4999999999999998,0.9749279121818236,-0.2225209339563143,-2.4492935982947064e-16,1.0,0.0,0.0,0.0,7.0,15.1,57.0,85.0,-11.6,2.0683951,0.0,-9.6,21.04444447,22.65,23.03333333333333,23.45,23.183333333333334,22.45,-27.706,0.0666666599999992,0.1520000000000001,-6.8580000000000005,-6.614,20.83765432666667,-6.821999999999998,4.1203346,4.1317644,4.1160636,4.074768,4.121807,0,0.0,0,1.0,-0.51,10.3,89.7
2022-12-14 08:15:00,293.310767033336,240.741481055556,240.780090644444,21.04444447,-6.614,22.45,2,5.1764362714980825,70.66250196097344,8,2,12,0.8660254037844387,-0.4999999999999998,0.9749279121818236,-0.2225209339563143,-2.4492935982947064e-16,1.0,2.25,0.5625,0.1875,7.725,15.475,44.5,85.25,-12.15,1.9868714,0.0,-10.175,21.12777778666667,22.5,22.65,23.03333333333333,23.45,22.03333333333333,-27.65844447,0.0444444699999984,0.0920000000000005,-6.706,-6.399333333333333,20.992592603333332,-6.725999999999998,4.121807,4.1203346,4.1317644,4.1160636,4.064927,0,0.0,0,1.0,-0.5,10.1,89.9
2022-12-14 08:30:00,297.712813277776,243.1186082,243.156384505554,21.12777778666667,-6.399333333333333,22.03333333333333,2,5.1764362714980825,70.66250196097344,8,2,12,0.8660254037844387,-0.4999999999999998,0.9749279121818236,-0.2225209339563143,-2.4492935982947064e-16,1.0,4.5,1.6875,0.5625,8.45,15.85,32.0,85.5,-12.7,1.908126,0.0,-10.75,21.20555555,22.45,22.5,22.65,23.03333333333333,21.95,-27.52711112,0.0833333166666712,0.214666666666667,-6.614,-6.302666666666667,21.05740741888889,-6.573111111111108,4.064927,4.121807,4.1203346,4.1317644,4.0678706,0,0.0,0,1.0,-0.48,9.8,90.2
2022-12-14 08:45:00,284.247796333332,241.575892144444,241.614779488888,21.20555555,-6.302666666666667,21.95,2,5.1764362714980825,70.66250196097344,8,2,12,0.8660254037844387,-0.4999999999999998,0.9749279121818236,-0.2225209339563143,-2.4492935982947064e-16,1.0,6.75,3.375,1.125,9.175,16.225,19.5,85.75,-13.25,1.8320818,0.0,-11.325,21.2222222,22.03333333333333,22.45,22.5,22.65,21.53333333333333,-27.508222216666667,0.07777776333333,0.0966666666666657,-6.399333333333333,-6.102666666666666,21.12592593555556,-6.438666666666665,4.0678706,4.064927,4.121807,4.1203346,3.9945114,0,0.0,0,1.0,-0.46,9.5,90.5
2022-12-14 09:00:00,280.066852411112,237.481889194446,237.519665466668,21.2222222,-6.102666666666666,21.53333333333333,2,5.1764362714980825,70.66250196097344,9,2,12,0.7071067811865476,-0.7071067811865475,0.9749279121818236,-0.2225209339563143,-2.4492935982947064e-16,1.0,9.0,5.625,1.875,9.9,16.6,7.0,86.0,-13.8,1.7586613,0.0,-11.9,21.2388889,21.95,22.03333333333333,22.45,22.5,21.5,-27.32488886666667,0.0166666500000012,0.200000000000001,-6.302666666666667,-5.846666666666667,21.18518517888889,-6.26822222222222,3.9945114,4.0678706,4.064927,4.121807,3.9921863,0,0.0,0,1.0,-0.46,9.4,90.6
2022-12-14 09:15:00,236.445819572222,175.715748855556,175.74602541111202,21.2388889,-5.846666666666667,21.5,2,5.1764362714980825,70.66250196097344,9,2,12,0.7071067811865476,-0.7071067811865475,0.9749279121818236,-0.2225209339563143,-2.4492935982947064e-16,1.0,35.0,13.8125,4.791666666666667,8.65,16.6,11.0,82.75,-13.625,1.7848517,0.0,-11.2,20.88703708,21.53333333333333,21.95,22.03333333333333,22.45,21.5,-27.085555566666667,0.0166666999999982,0.2559999999999993,-6.102666666666666,-5.515333333333333,21.22222221666667,-6.083999999999997,3.9921863,3.9945114,4.0678706,4.064927,3.9114413,0,0.0,0,1.0,-0.46,9.4,90.6
2022-12-14 09:30:00,206.204807111108,144.157566816666,144.18534352222,20.88703708,-5.515333333333333,21.5,2,5.1764362714980825,70.66250196097344,9,2,12,0.7071067811865476,-0.7071067811865475,0.9749279121818236,-0.2225209339563143,-2.4492935982947064e-16,1.0,61.0,27.9375,9.875,7.4,16.6,15.0,79.5,-13.45,1.8080426,0.0,-10.5,20.4777778,21.5,21.53333333333333,21.95,22.03333333333333,21.85,-26.402370413333337,-0.3518518199999967,0.3313333333333332,-5.846666666666667,-5.093999999999999,21.116049393333338,-5.821555555555553,3.9114413,3.9921863,3.9945114,4.0678706,3.8814778,0,0.0,0,1.0,-0.54,11.0,89.0
2022-12-14 09:45:00,357.894572577776,314.701022555556,314.746298544444,20.4777778,-5.093999999999999,21.85,2,5.1764362714980825,70.66250196097344,9,2,12,0.7071067811865476,-0.7071067811865475,0.9749279121818236,-0.2225209339563143,-2.4492935982947064e-16,1.0,87.0,48.0,17.125,6.15,16.6,19.0,76.25,-13.275,1.8278776,0.0,-9.8,20.853703733333337,21.5,21.5,21.53333333333333,21.95,21.816666666666663,-25.5717778,-0.4092592800000005,0.421333333333334,-5.515333333333333,-4.900666666666667,20.86790126,-5.4853333333333305,3.8814778,3.9114413,3.9921863,3.9945114,3.9613647,0,0.0,0,1.0,-0.63,13.3,86.7
2022-12-14 10:00:00,367.082538344444,321.121321283334,321.168263872222,20.853703733333337,-4.900666666666667,21.816666666666663,2,5.1764362714980825,70.66250196097344,10,2,12,0.4999999999999999,-0.8660254037844387,0.9749279121818236,-0.2225209339563143,-2.4492935982947064e-16,1.0,113.0,74.0,26.541666666666668,4.9,16.6,23.0,73.0,-13.1,1.8439772,0.0,-9.1,21.27222222,21.85,21.5,21.5,21.53333333333333,21.45,-25.754370400000003,0.3759259333333347,0.1933333333333324,-5.093999999999999,-4.996,20.73950620444445,-5.169999999999997,3.9613647,3.8814778,3.9114413,3.9921863,3.9906082,0,0.0,0,1.0,-0.54,11.2,88.8
2022-12-14 10:15:00,360.82334415556,309.866493727778,309.911769716666,21.27222222,-4.996,21.45,2,5.1764362714980825,70.66250196097344,10,2,12,0.4999999999999999,-0.8660254037844387,0.9749279121818236,-0.2225209339563143,-2.4492935982947064e-16,1.0,146.5,101.875,38.75,4.65,16.225,24.75,71.25,-12.75,1.8923411,0.0,-8.425,21.56111113,21.816666666666663,21.85,21.5,21.5,21.03333333333333,-26.26822222,0.4185184866666631,-0.0953333333333326,-4.900666666666667,-4.486000000000001,20.867901251111117,-4.996888888888886,3.9906082,3.9613647,3.8814778,3.9114413,3.979108,0,0.0,0,1.0,-0.45,9.2,90.8
2022-12-14 10:30:00,303.123430211108,256.088644944444,256.13058778333,21.56111113,-4.486000000000001,21.03333333333333,2,5.1764362714980825,70.66250196097344,10,2,12,0.4999999999999999,-0.8660254037844387,0.9749279121818236,-0.2225209339563143,-2.4492935982947064e-16,1.0,180.0,131.625,53.75,4.4,15.85,26.5,69.5,-12.4,1.9402293,0.0,-7.75,21.69444443,21.45,21.816666666666663,21.85,21.5,21.0,-26.04711113,0.2888889099999971,0.5099999999999989,-4.996,-4.1706666666666665,21.229012361111117,-4.79422222222222,3.979108,3.9906082,3.9613647,3.8814778,4.0035467,0,0.0,0,1.0,-0.39,8.1,91.9
2022-12-14 10:45:00,322.99346866111,264.977178272222,265.017732233332,21.69444443,-4.1706666666666665,21.0,2,5.1764362714980825,70.66250196097344,10,2,12,0.4999999999999999,-0.8660254037844387,0.9749279121818236,-0.2225209339563143,-2.4492935982947064e-16,1.0,213.5,163.25,71.54166666666667,4.15,15.475,28.25,67.75,-12.05,1.9874865,0.0,-7.075,21.794444443333337,21.03333333333333,21.45,21.816666666666663,21.85,21.0,-25.865111096666663,0.1333333000000003,0.3153333333333341,-4.486000000000001,-4.160666666666667,21.50925926,-4.550888888888886,4.0035467,3.979108,3.9906082,3.9613647,4.026742,0,0.0,0,1.0,-0.36,7.6,92.4
2022-12-14 11:00:00,323.746216283334,262.863929422224,262.905038927778,21.794444443333337,-4.160666666666667,21.0,2,5.1764362714980825,70.66250196097344,11,2,12,0.258819045102521,-0.9659258262890682,0.9749279121818236,-0.2225209339563143,-2.4492935982947064e-16,1.0,247.0,196.75,92.125,3.9,15.1,30.0,66.0,-11.7,2.033945,0.0,-6.4,21.883333330000003,21.0,21.03333333333333,21.45,21.816666666666663,21.0,-25.955111110000004,0.1000000133333394,0.0099999999999997,-4.1706666666666665,-3.9766666666666666,21.683333334444445,-4.272444444444442,4.026742,4.0035467,3.979108,3.9906082,4.047455,0,0.0,0,1.0,-0.33,7.3,92.7
2022-12-14 11:15:00,301.014347877776,257.524976355556,257.565808088888,21.883333330000003,-3.9766666666666666,21.0,2,5.1764362714980825,70.66250196097344,11,2,12,0.258819045102521,-0.9659258262890682,0.9749279121818236,-0.2225209339563143,-2.4492935982947064e-16,1.0,272.0,228.125,114.60416666666669,3.95,15.025,37.75,64.75,-11.6,2.0468323,0.0,-6.050000000000001,21.99259259333333,21.0,21.0,21.03333333333333,21.45,20.816666666666663,-25.85999999666667,0.0888888866666661,0.1840000000000001,-4.160666666666667,-4.029333333333333,21.790740734444444,-4.102666666666664,4.047455,4.026742,4.0035467,3.979108,4.037484,0,0.0,0,1.0,-0.31,7.0,93.0
2022-12-14 11:30:00,307.843519216662,265.3602185,265.401050266664,21.99259259333333,-4.029333333333333,20.816666666666663,2,5.1764362714980825,70.66250196097344,11,2,12,0.258819045102521,-0.9659258262890682,0.9749279121818236,-0.2225209339563143,-2.4492935982947064e-16,1.0,297.0,257.375,138.97916666666666,4.0,14.95,45.5,63.5,-11.5,2.058876,0.0,-5.7,22.08333333,21.0,21.0,21.0,21.03333333333333,20.5,-26.021925926666665,0.1092592633333282,-0.0526666666666661,-3.9766666666666666,-3.9,21.89012345555556,-4.055555555555554,4.037484,4.047455,4.026742,4.0035467,3.9969134,0,0.0,0,1.0,-0.29,6.7,93.3
2022-12-14 11:45:00,318.114775016662,268.288434683334,268.329266433332,22.08333333,-3.9,20.5,2,5.1764362714980825,70.66250196097344,11,2,12,0.258819045102521,-0.9659258262890682,0.9749279121818236,-0.2225209339563143,-2.4492935982947064e-16,1.0,322.0,284.5,165.25,4.05,14.875,53.25,62.25,-11.4,2.070028,0.0,-5.35,22.20370373,20.816666666666663,21.0,21.0,21.0,20.5,-25.98333333,0.090740736666671,0.1293333333333328,-4.029333333333333,-3.644,21.986419751111114,-3.968666666666664,3.9969134,4.037484,4.047455,4.026742,4.024715,0,0.0,0,1.0,-0.27,6.5,93.5
2022-12-14 12:00:00,351.913145177776,273.21684863889,273.25545822777804,22.20370373,-3.644,20.5,2,5.1764362714980825,70.66250196097344,12,2,12,1.2246467991473532e-16,-1.0,0.9749279121818236,-0.2225209339563143,-2.4492935982947064e-16,1.0,347.0,309.5,193.41666666666663,4.1,14.8,61.0,61.0,-11.3,2.080243,0.0,-5.0,22.32222221,20.5,20.816666666666663,21.0,21.0,20.65,-25.84770373,0.1203703999999952,0.2560000000000002,-3.9,-3.4113333333333333,22.093209884444445,-3.857777777777775,4.024715,3.9969134,4.037484,4.047455,4.081902,0,0.0,0,1.0,-0.24,6.2,93.8
2022-12-14 12:15:00,1005.140903988884,251.8199268,251.861591816666,22.32222221,-3.4113333333333333,20.65,2,5.1764362714980825,70.66250196097344,12,2,12,1.2246467991473532e-16,-1.0,0.9749279121818236,-0.2225209339563143,-2.4492935982947064e-16,1.0,360.25,331.5625,220.52083333333331,4.225,15.05,60.5,60.5,-11.125,2.1119106,0.0,-4.675,22.38518519333333,20.5,20.5,20.816666666666663,21.0,22.816666666666663,-25.73355554333333,0.1185184800000023,0.2326666666666663,-3.644,-3.5113333333333334,22.203086423333332,-3.651777777777775,4.081902,4.024715,3.9969134,4.037484,4.5265455,0,0.0,0,1.0,-0.21,5.9,94.1
2022-12-14 12:30:00,306.093033655552,251.726041688888,251.772428766664,22.38518519333333,-3.5113333333333334,22.816666666666663,2,5.1764362714980825,70.66250196097344,12,2,12,1.2246467991473532e-16,-1.0,0.9749279121818236,-0.2225209339563143,-2.4492935982947064e-16,1.0,373.5,350.6875,246.5625,4.35,15.3,60.0,60.0,-10.95,2.1437736,0.0,-4.35,22.39444445,20.65,20.5,20.5,20.816666666666663,24.45,-25.896518526666664,0.0629629833333318,-0.1,-3.4113333333333333,-3.123333333333333,22.303703711111112,-3.52222222222222,4.5265455,4.081902,4.024715,3.9969134,4.853161,0,0.0,0,1.0,-0.18,5.7,94.3
2022-12-14 12:45:00,334.377179944444,259.828217555556,259.878215588888,22.39444445,-3.123333333333333,24.45,2,5.1764362714980825,70.66250196097344,12,2,12,1.2246467991473532e-16,-1.0,0.9749279121818236,-0.2225209339563143,-2.4492935982947064e-16,1.0,386.75,366.875,271.5416666666667,4.475,15.55,59.5,59.5,-10.775,2.175825,0.0,-4.025,22.461111086666666,22.816666666666663,20.65,20.5,20.5,24.03333333333333,-25.517777783333333,0.0092592566666667,0.3879999999999999,-3.5113333333333334,-2.862,22.36728395111111,-3.348666666666664,4.853161,4.5265455,4.081902,4.024715,4.7887645,0,0.0,0,1.0,-0.17,5.6,94.4
2022-12-14 13:00:00,310.73118142222,260.765402316666,260.812900466664,22.461111086666666,-2.862,24.03333333333333,2,5.1764362714980825,70.66250196097344,13,2,12,-0.2588190451025208,-0.9659258262890684,0.9749279121818236,-0.2225209339563143,-2.4492935982947064e-16,1.0,400.0,380.125,295.4583333333333,4.6,15.8,59.0,59.0,-10.6,2.2080564,0.0,-3.7,22.44999997,24.45,22.816666666666663,20.65,20.5,24.15,-25.323111086666664,0.0666666366666675,0.2613333333333334,-3.123333333333333,-2.707333333333333,22.41358024333333,-3.165555555555553,4.7887645,4.853161,4.5265455,4.081902,4.80894,0,0.0,0,1.0,-0.16,5.5,94.5
2022-12-14 13:15:00,383.101619855552,253.425418127778,253.461250027778,22.44999997,-2.707333333333333,24.15,2,5.1764362714980825,70.66250196097344,13,2,12,-0.2588190451025208,-0.9659258262890684,0.9749279121818236,-0.2225209339563143,-2.4492935982947064e-16,1.0,399.5,389.9375,316.5416666666667,4.6,16.075,64.0,59.0,-10.325,2.2476194,0.0,-3.45,22.27962962,24.03333333333333,24.45,22.816666666666663,20.65,25.4,-25.15733330333333,-0.0111111166666653,0.1546666666666669,-2.862,-2.877333333333333,22.435185168888893,-2.8975555555555537,4.80894,4.7887645,4.853161,4.5265455,5.008554,0,0.0,0,1.0,-0.16,5.5,94.5
2022-12-14 13:30:00,305.568887788892,159.918325244444,159.943324227778,22.27962962,-2.877333333333333,25.4,2,5.1764362714980825,70.66250196097344,13,2,12,-0.2588190451025208,-0.9659258262890684,0.9749279121818236,-0.2225209339563143,-2.4492935982947064e-16,1.0,399.0,396.3125,334.7916666666667,4.6,16.35,69.0,59.0,-10.05,2.2878044,0.0,-3.2,21.83888889,24.15,24.03333333333333,24.45,22.816666666666663,25.6,-25.15696295333333,-0.1703703500000024,-0.1700000000000003,-2.707333333333333,-2.9226666666666667,22.396913558888887,-2.8155555555555534,5.008554,4.80894,4.7887645,4.853161,4.9214005,0,0.0,0,1.0,-0.19,5.8,94.2
2022-12-14 13:45:00,260.249867305558,176.989309044444,177.020974444444,21.83888889,-2.9226666666666667,25.6,2,5.1764362714980825,70.66250196097344,13,2,12,-0.2588190451025208,-0.9659258262890684,0.9749279121818236,-0.2225209339563143,-2.4492935982947064e-16,1.0,398.5,399.25,350.2083333333333,4.6,16.625,74.0,59.0,-9.775,2.3286197,0.0,-2.95,21.587037056666667,25.4,24.15,24.03333333333333,24.45,26.25,-24.761555556666668,-0.4407407299999981,-0.0453333333333332,-2.877333333333333,-2.484,22.189506160000004,-2.8357777777777757,4.9214005,5.008554,4.80894,4.7887645,4.973455,0,0.0,0,1.0,-0.29,6.8,93.2
2022-12-14 14:00:00,329.133778505558,258.444939572222,258.484104705554,21.587037056666667,-2.484,26.25,2,5.1764362714980825,70.66250196097344,14,2,12,-0.4999999999999997,-0.8660254037844388,0.9749279121818236,-0.2225209339563143,-2.4492935982947064e-16,1.0,398.0,398.75,362.7916666666667,4.6,16.9,79.0,59.0,-9.5,2.3700736,0.0,-2.7,21.72777779,25.6,25.4,24.15,24.03333333333333,26.0,-24.07103705666667,-0.2518518333333333,0.4386666666666667,-2.9226666666666667,-2.5266666666666664,21.901851855555552,-2.761333333333331,4.973455,4.9214005,5.008554,4.80894,4.966329,0,0.0,0,1.0,-0.35,7.5,92.5
2022-12-14 14:15:00,325.539200111112,244.964645472222,245.002977272222,21.72777779,-2.5266666666666664,26.0,2,5.1764362714980825,70.66250196097344,14,2,12,-0.4999999999999997,-0.8660254037844388,0.9749279121818236,-0.2225209339563143,-2.4492935982947064e-16,1.0,383.75,394.8125,372.1041666666667,4.5,16.625,74.0,59.5,-9.3,2.4155548,0.0,-2.5500000000000003,21.79814815,26.25,25.6,25.4,24.15,26.0,-24.25444445666667,0.1407407333333346,-0.0426666666666664,-2.484,-2.6853333333333333,21.71790124555556,-2.6444444444444417,4.966329,4.973455,4.9214005,5.008554,4.986554,0,0.0,0,1.0,-0.32,7.1,92.9
2022-12-14 14:30:00,333.052788472222,258.96936304444404,259.008805949998,21.79814815,-2.6853333333333333,26.0,2,5.1764362714980825,70.66250196097344,14,2,12,-0.4999999999999997,-0.8660254037844388,0.9749279121818236,-0.2225209339563143,-2.4492935982947064e-16,1.0,369.5,387.4375,378.1458333333333,4.4,16.35,69.0,60.0,-9.1,2.4617012,0.0,-2.4000000000000004,21.87777777,26.0,26.25,25.6,25.4,26.0,-24.48348148333333,0.0703703599999983,-0.1586666666666669,-2.5266666666666664,-2.7373333333333334,21.70432099888889,-2.565333333333331,4.986554,4.966329,4.973455,4.9214005,5.009528,0,0.0,0,1.0,-0.3,6.9,93.1
2022-12-14 14:45:00,340.38555078333,260.832344055556,260.872064716666,21.87777777,-2.7373333333333334,26.0,2,5.1764362714980825,70.66250196097344,14,2,12,-0.4999999999999997,-0.8660254037844388,0.9749279121818236,-0.2225209339563143,-2.4492935982947064e-16,1.0,355.25,376.625,380.9166666666667,4.3,16.075,64.0,60.5,-8.899999999999999,2.5085216,0.0,-2.25,21.9407407,26.0,26.0,26.25,25.6,26.183333333333334,-24.615111103333334,0.0796296200000021,-0.052,-2.6853333333333333,-2.878,21.80123457,-2.649777777777776,5.009528,4.986554,4.966329,4.973455,5.063211,0,0.0,0,1.0,-0.28,6.7,93.3
2022-12-14 15:00:00,352.003974911108,258.055232944444,258.093009216666,21.9407407,-2.878,26.183333333333334,2,5.1764362714980825,70.66250196097344,15,2,12,-0.7071067811865471,-0.7071067811865479,0.9749279121818236,-0.2225209339563143,-2.4492935982947064e-16,1.0,341.0,362.375,380.4166666666667,4.2,15.8,59.0,61.0,-8.7,2.5560231,0.0,-2.1,21.98888888,26.0,26.0,26.0,26.25,27.55,-24.8187407,0.0629629299999976,-0.1406666666666667,-2.7373333333333334,-3.008,21.872222206666667,-2.7668888888888863,5.063211,5.009528,4.986554,4.966329,5.3423023,0,0.0,0,1.0,-0.27,6.5,93.5
2022-12-14 15:15:00,658.709206211108,261.390099511112,261.4287091,21.98888888,-3.008,27.55,2,5.1764362714980825,70.66250196097344,15,2,12,-0.7071067811865471,-0.7071067811865479,0.9749279121818236,-0.2225209339563143,-2.4492935982947064e-16,1.0,315.25,345.25,376.6666666666667,4.35,15.625,64.0,61.75,-8.6,2.5738683,0.0,-2.175,22.07222224333333,26.183333333333334,26.0,26.0,26.0,27.816666666666663,-24.99688888,0.0481481799999983,-0.1299999999999999,-2.878,-3.116,21.93580245,-2.874444444444442,5.3423023,5.063211,5.009528,4.986554,5.4199824,0,0.0,0,1.0,-0.25,6.3,93.7
2022-12-14 15:30:00,334.956045705554,262.855874227778,262.895594888888,22.07222224333333,-3.116,27.816666666666663,2,5.1764362714980825,70.66250196097344,15,2,12,-0.7071067811865471,-0.7071067811865479,0.9749279121818236,-0.2225209339563143,-2.4492935982947064e-16,1.0,289.5,325.25,369.6666666666667,4.5,15.45,69.0,62.5,-8.5,2.5914478,0.0,-2.25,22.11666666,27.55,26.183333333333334,26.0,26.0,27.15,-25.18822224333333,0.0833333633333346,-0.1080000000000001,-3.008,-3.1526666666666667,22.000617274444448,-3.000666666666664,5.4199824,5.3423023,5.063211,5.009528,5.3036475,0,0.0,0,1.0,-0.23,6.1,93.9
2022-12-14 15:45:00,337.035962455556,261.184552166668,261.224550616666,22.11666666,-3.1526666666666667,27.15,2,5.1764362714980825,70.66250196097344,15,2,12,-0.7071067811865471,-0.7071067811865479,0.9749279121818236,-0.2225209339563143,-2.4492935982947064e-16,1.0,263.75,302.375,359.4166666666667,4.65,15.275,74.0,63.25,-8.4,2.6087623,0.0,-2.325,22.16296299333333,27.816666666666663,27.55,26.183333333333334,26.0,26.816666666666663,-25.26933332666667,0.0444444166666677,-0.0366666666666666,-3.116,-3.226,22.059259261111112,-3.09222222222222,5.3036475,5.4199824,5.3423023,5.063211,5.2525177,0,0.0,0,1.0,-0.22,6.0,94.0
2022-12-14 16:00:00,344.072625561106,260.808733933332,260.847065749998,22.16296299333333,-3.226,26.816666666666663,2,5.1764362714980825,70.66250196097344,16,2,12,-0.8660254037844385,-0.5000000000000004,0.9749279121818236,-0.2225209339563143,-2.4492935982947064e-16,1.0,238.0,276.625,345.9166666666667,4.8,15.1,79.0,64.0,-8.3,2.6258144,0.0,-2.4,22.1666667,27.15,27.816666666666663,27.55,26.183333333333334,26.45,-25.388962993333333,0.0462963333333341,-0.0733333333333332,-3.1526666666666667,-3.2186666666666666,22.11728396555556,-3.164888888888887,5.2525177,5.3036475,5.4199824,5.3423023,5.1818047,0,0.0,0,1.0,-0.21,5.9,94.1
2022-12-14 16:15:00,333.613043844444,254.803140816666,254.851472249998,22.1666667,-3.2186666666666666,26.45,2,5.1764362714980825,70.66250196097344,16,2,12,-0.8660254037844385,-0.5000000000000004,0.9749279121818236,-0.2225209339563143,-2.4492935982947064e-16,1.0,204.75,249.0,329.6875,5.075,15.025,76.25,66.25,-8.375,2.6193857,0.0,-2.925,22.1666667,26.816666666666663,27.15,27.816666666666663,27.55,26.03333333333333,-25.385333366666668,0.0037037066666663,0.0073333333333334,-3.226,-3.28,22.148765451111117,-3.199111111111109,5.1818047,5.2525177,5.3036475,5.4199824,5.1001754,0,0.0,0,1.0,-0.21,5.9,94.1
2022-12-14 16:30:00,333.249725177772,249.10642426111,249.161699916662,22.1666667,-3.28,26.03333333333333,2,5.1764362714980825,70.66250196097344,16,2,12,-0.8660254037844385,-0.5000000000000004,0.9749279121818236,-0.2225209339563143,-2.4492935982947064e-16,1.0,171.5,219.5,310.7291666666667,5.35,14.95,73.5,68.5,-8.45,2.6095245,0.0,-3.45,22.12777778,26.45,26.816666666666663,27.15,27.816666666666663,25.65,-25.4466667,0.0,-0.0613333333333332,-3.2186666666666666,-3.29,22.165432131111118,-3.241555555555553,5.1001754,5.1818047,5.2525177,5.3036475,5.013836,0,0.0,0,1.0,-0.21,6.0,94.0
2022-12-14 16:45:00,329.46709862222,247.042895688888,247.097615799996,22.12777778,-3.29,25.65,2,5.1764362714980825,70.66250196097344,16,2,12,-0.8660254037844385,-0.5000000000000004,0.9749279121818236,-0.2225209339563143,-2.4492935982947064e-16,1.0,138.25,188.125,289.0416666666667,5.625,14.875,70.75,70.75,-8.525,2.5964596,0.0,-3.975,22.09074075,26.03333333333333,26.45,26.816666666666663,27.15,25.5,-25.41777778,-0.0388889200000015,-0.0099999999999997,-3.28,-3.228666666666667,22.153703726666667,-3.2628888888888863,5.013836,5.1001754,5.1818047,5.2525177,4.9738927,0,0.0,0,1.0,-0.23,6.1,93.9
2022-12-14 17:00:00,265.210780027778,198.128185655556,198.17846146111,22.09074075,-3.228666666666667,25.5,2,5.1764362714980825,70.66250196097344,17,2,12,-0.9659258262890684,-0.2588190451025206,0.9749279121818236,-0.2225209339563143,-2.4492935982947064e-16,1.0,105.0,154.875,264.625,5.9,14.8,68.0,73.0,-8.6,2.580412,0.0,-4.5,21.77222222,25.65,26.03333333333333,26.45,26.816666666666663,25.2,-25.319407416666667,-0.0370370299999969,0.0613333333333327,-3.29,-3.256,22.128395076666667,-3.26622222222222,4.9738927,5.013836,5.1001754,5.1818047,4.825893,0,0.0,0,1.0,-0.24,6.2,93.8
2022-12-14 17:15:00,181.844114761114,109.917825311112,109.9589348,21.77222222,-3.256,25.2,2,5.1764362714980825,70.66250196097344,17,2,12,-0.9659258262890684,-0.2588190451025206,0.9749279121818236,-0.2225209339563143,-2.4492935982947064e-16,1.0,80.5,123.8125,239.35416666666663,6.800000000000001,15.325,69.75,74.5,-8.45,2.6146371,0.0,-4.6,21.19444444666667,25.5,25.65,26.03333333333333,26.45,25.65,-25.02822222,-0.3185185300000022,-0.0273333333333329,-3.228666666666667,-3.3366666666666664,21.99691358333333,-3.25822222222222,4.825893,4.9738927,5.013836,5.1001754,4.750508,0,0.0,0,1.0,-0.31,7.0,93.0
2022-12-14 17:30:00,249.15197785556,153.46413893889,153.510248227778,21.19444444666667,-3.3366666666666664,25.65,2,5.1764362714980825,70.66250196097344,17,2,12,-0.9659258262890684,-0.2588190451025206,0.9749279121818236,-0.2225209339563143,-2.4492935982947064e-16,1.0,56.0,94.9375,213.22916666666663,7.7,15.85,71.5,76.0,-8.3,2.6482265,0.0,-4.7,21.11666667,25.2,25.5,25.65,26.03333333333333,25.95,-24.53111111333333,-0.5777777733333309,-0.0806666666666666,-3.256,-3.492,21.685802472222225,-3.2737777777777755,4.750508,4.825893,4.9738927,5.013836,4.784426,0,0.0,0,1.0,-0.44,9.1,90.9
2022-12-14 17:45:00,336.25210504444,246.282092788888,246.337923955552,21.11666667,-3.492,25.95,2,5.1764362714980825,70.66250196097344,17,2,12,-0.9659258262890684,-0.2588190451025206,0.9749279121818236,-0.2225209339563143,-2.4492935982947064e-16,1.0,31.5,68.25,186.25,8.6,16.375,73.25,77.5,-8.15,2.681185,0.0,-4.800000000000001,21.35925922333333,25.65,25.2,25.5,25.65,25.35,-24.60866667,-0.0777777766666716,-0.1553333333333335,-3.3366666666666664,-3.5866666666666664,21.361111112222225,-3.3615555555555527,4.784426,4.750508,4.825893,4.9738927,4.740023,0,0.0,0,1.0,-0.46,9.4,90.6
2022-12-14 18:00:00,326.051124083334,251.460496744444,251.517161211108,21.35925922333333,-3.5866666666666664,25.35,2,5.1764362714980825,70.66250196097344,18,2,12,-1.0,-1.8369701987210294e-16,0.9749279121818236,-0.2225209339563143,-2.4492935982947064e-16,1.0,7.0,43.75,158.41666666666666,9.5,16.9,75.0,79.0,-8.0,2.713521,0.0,-4.9,21.4444444,25.95,25.65,25.2,25.5,24.95,-24.94592589,0.2425925533333348,-0.0946666666666664,-3.492,-3.622,21.223456780000003,-3.4717777777777754,4.740023,4.784426,4.750508,4.825893,4.688305,0,0.0,0,1.0,-0.41,8.4,91.6
2022-12-14 18:15:00,328.230759127778,243.1477737,243.206104749998,21.4444444,-3.622,24.95,2,5.1764362714980825,70.66250196097344,18,2,12,-1.0,-1.8369701987210294e-16,0.9749279121818236,-0.2225209339563143,-2.4492935982947064e-16,1.0,5.25,24.9375,132.58333333333334,8.85,17.0,80.25,81.0,-8.0,2.7179132,0.0,-5.2250000000000005,21.4444444,25.35,25.95,25.65,25.2,24.53333333333333,-25.0664444,0.0851851766666662,-0.0353333333333334,-3.5866666666666664,-3.7,21.306790097777775,-3.5668888888888866,4.688305,4.740023,4.784426,4.750508,4.6100097,0,0.0,0,1.0,-0.39,8.1,91.9
2022-12-14 18:30:00,334.652724555552,242.918893988888,242.974725138886,21.4444444,-3.7,24.53333333333333,2,5.1764362714980825,70.66250196097344,18,2,12,-1.0,-1.8369701987210294e-16,0.9749279121818236,-0.2225209339563143,-2.4492935982947064e-16,1.0,3.5,11.8125,108.75,8.2,17.1,85.5,83.0,-8.0,2.720473,0.0,-5.550000000000001,21.43888885,24.95,25.35,25.95,25.65,24.5,-25.1444444,0.0,-0.0780000000000002,-3.622,-3.772,21.41604934111111,-3.6362222222222194,4.6100097,4.688305,4.740023,4.784426,4.6022663,0,0.0,0,1.0,-0.39,8.2,91.8
2022-12-14 18:45:00,334.455787916666,234.188687611112,234.2422966,21.43888885,-3.772,24.5,2,5.1764362714980825,70.66250196097344,18,2,12,-1.0,-1.8369701987210294e-16,0.9749279121818236,-0.2225209339563143,-2.4492935982947064e-16,1.0,1.75,4.375,86.91666666666667,7.550000000000001,17.2,90.75,85.0,-8.0,2.7212758,0.0,-5.875,21.37222221333333,24.53333333333333,24.95,25.35,25.95,24.5,-25.21088885,-0.0055555499999968,-0.0719999999999996,-3.7,-3.829333333333333,21.44259255,-3.697999999999997,4.6022663,4.6100097,4.688305,4.740023,4.58453,0,0.0,0,1.0,-0.39,8.2,91.8
2022-12-14 19:00:00,264.104990994442,175.987404688888,176.036569405554,21.37222221333333,-3.829333333333333,24.5,2,5.1764362714980825,70.66250196097344,19,2,12,-0.9659258262890684,0.2588190451025203,0.9749279121818236,-0.2225209339563143,-2.4492935982947064e-16,1.0,0.0,2.625,67.08333333333333,6.9,17.3,96.0,87.0,-8.0,2.7203915,0.0,-6.2,21.0611111,24.5,24.53333333333333,24.95,25.35,24.2,-25.201555546666665,-0.066666636666671,-0.0573333333333332,-3.772,-4.0,21.418518487777774,-3.767111111111108,4.58453,4.6022663,4.6100097,4.688305,4.447409,0,0.0,0,1.0,-0.41,8.5,91.5
2022-12-14 19:15:00,193.514481411108,110.076707888888,110.117817394442,21.0611111,-4.0,24.2,2,5.1764362714980825,70.66250196097344,19,2,12,-0.9659258262890684,0.2588190451025203,0.9749279121818236,-0.2225209339563143,-2.4492935982947064e-16,1.0,0.0,1.3125,50.020833333333336,6.0,16.475,89.25,88.0,-7.775,2.7666922,0.0,-6.125,20.59629629,24.5,24.5,24.53333333333333,24.95,24.65,-25.0611111,-0.3111111133333288,-0.1706666666666669,-3.829333333333333,-4.102,21.29074072111111,-3.8671111111111087,4.447409,4.58453,4.6022663,4.6100097,4.4092436,0,0.0,0,1.0,-0.48,9.8,90.2
2022-12-14 19:30:00,256.74861847778,185.6850723,185.730903816666,20.59629629,-4.102,24.65,2,5.1764362714980825,70.66250196097344,19,2,12,-0.9659258262890684,0.2588190451025203,0.9749279121818236,-0.2225209339563143,-2.4492935982947064e-16,1.0,0.0,0.4375,35.729166666666664,5.1,15.65,82.5,89.0,-7.55,2.8134067,0.0,-6.050000000000001,20.59999999,24.2,24.5,24.5,24.53333333333333,24.95,-24.69829629,-0.46481481,-0.1020000000000003,-4.0,-4.249333333333333,21.009876534444448,-3.9771111111111086,4.4092436,4.447409,4.58453,4.6022663,4.463869,0,0.0,0,1.0,-0.59,12.2,87.8
2022-12-14 19:45:00,311.65364452222,244.82215113889,244.862705116666,20.59999999,-4.249333333333333,24.95,2,5.1764362714980825,70.66250196097344,19,2,12,-0.9659258262890684,0.2588190451025203,0.9749279121818236,-0.2225209339563143,-2.4492935982947064e-16,1.0,0.0,0.0,24.20833333333333,4.199999999999999,14.825,75.75,90.0,-7.324999999999999,2.8605402,0.0,-5.9750000000000005,20.85925922333333,24.65,24.2,24.5,24.5,24.35,-24.849333323333333,0.003703699999999,-0.1473333333333331,-4.102,-4.726,20.752469126666668,-4.117111111111108,4.463869,4.4092436,4.447409,4.58453,4.422783,0,0.0,0,1.0,-0.58,12.1,87.9
2022-12-14 20:00:00,608.03928870555,246.16654186111,246.206540294442,20.85925922333333,-4.726,24.35,2,5.1764362714980825,70.66250196097344,20,2,12,-0.8660254037844386,0.5000000000000001,0.9749279121818236,-0.2225209339563143,-2.4492935982947064e-16,1.0,0.0,0.0,15.458333333333334,3.3,14.0,69.0,91.0,-7.1,2.9080932,0.0,-5.9,21.033333350000003,24.95,24.65,24.2,24.5,24.0,-25.58525922333333,0.2592592333333314,-0.4766666666666665,-4.249333333333333,-4.73,20.685185167777774,-4.359111111111109,4.422783,4.463869,4.4092436,4.447409,4.403543,0,0.0,0,1.0,-0.53,10.8,89.2
2022-12-14 20:15:00,300.648529111112,252.184356622224,252.224355072222,21.033333350000003,-4.73,24.0,2,5.1764362714980825,70.66250196097344,20,2,12,-0.8660254037844386,0.5000000000000001,0.9749279121818236,-0.2225209339563143,-2.4492935982947064e-16,1.0,0.0,0.0,8.75,4.575,13.65,73.25,90.25,-7.25,2.8736906,0.0,-5.95,21.15925929333333,24.35,24.95,24.65,24.2,23.816666666666663,-25.763333350000003,0.174074126666671,-0.0040000000000004,-4.726,-4.962000000000001,20.83086418777778,-4.5684444444444425,4.403543,4.422783,4.463869,4.4092436,4.4019704,0,0.0,0,1.0,-0.49,10.0,90.0
2022-12-14 20:30:00,293.844356805558,244.332448527778,244.370502588888,21.15925929333333,-4.962000000000001,23.816666666666663,2,5.1764362714980825,70.66250196097344,20,2,12,-0.8660254037844386,0.5000000000000001,0.9749279121818236,-0.2225209339563143,-2.4492935982947064e-16,1.0,0.0,0.0,4.083333333333333,5.85,13.3,77.5,89.5,-7.4,2.8394947,0.0,-6.0,21.15000003,24.0,24.35,24.95,24.65,23.5,-26.12125929333333,0.1259259433333284,-0.2320000000000002,-4.73,-5.328666666666667,21.01728395555556,-4.805999999999997,4.4019704,4.403543,4.422783,4.463869,4.341108,0,0.0,0,1.0,-0.46,9.4,90.6
2022-12-14 20:45:00,251.146620516662,178.843957072222,178.873955888888,21.15000003,-5.328666666666667,23.5,2,5.1764362714980825,70.66250196097344,20,2,12,-0.8660254037844386,0.5000000000000001,0.9749279121818236,-0.2225209339563143,-2.4492935982947064e-16,1.0,0.0,0.0,1.4583333333333333,7.125,12.95,81.75,88.75,-7.55,2.8055038,0.0,-6.05,20.848148166666665,23.816666666666663,24.0,24.35,24.95,23.5,-26.478666696666668,-0.0092592633333303,-0.3666666666666662,-4.962000000000001,-5.406000000000001,21.114197557777786,-5.006888888888887,4.341108,4.4019704,4.403543,4.422783,4.2656364,0,0.0,0,1.0,-0.47,9.5,90.5
2022-12-14 21:00:00,169.549051116666,111.224717483334,111.248327655556,20.848148166666665,-5.406000000000001,23.5,2,5.1764362714980825,70.66250196097344,21,2,12,-0.7071067811865477,0.7071067811865474,0.9749279121818236,-0.2225209339563143,-2.4492935982947064e-16,1.0,0.0,0.0,0.875,8.4,12.6,86.0,88.0,-7.7,2.7717185,0.0,-6.1,20.36666669,23.5,23.816666666666663,24.0,24.35,23.85,-26.254148166666667,-0.3018518633333364,-0.0773333333333337,-5.328666666666667,-5.311333333333334,21.05246916333333,-5.23222222222222,4.2656364,4.341108,4.4019704,4.403543,4.209376,0,0.0,0,1.0,-0.53,11.0,89.0
2022-12-14 21:15:00,249.744732077776,199.272306555556,199.307860749998,20.36666669,-5.311333333333334,23.85,2,5.1764362714980825,70.66250196097344,21,2,12,-0.7071067811865477,0.7071067811865474,0.9749279121818236,-0.2225209339563143,-2.4492935982947064e-16,1.0,0.0,0.0,0.4375,7.35,12.875,89.5,87.75,-7.75,2.763844,0.0,-6.1,20.41111111,23.5,23.5,23.816666666666663,24.0,23.816666666666663,-25.678000023333333,-0.4814814766666657,0.0946666666666669,-5.406000000000001,-5.322,20.78827162888889,-5.348666666666666,4.209376,4.2656364,4.341108,4.4019704,4.214414,0,0.0,0,1.0,-0.64,13.7,86.3
2022-12-14 21:30:00,293.018278783334,239.377646777776,239.414867505554,20.41111111,-5.322,23.816666666666663,2,5.1764362714980825,70.66250196097344,21,2,12,-0.7071067811865477,0.7071067811865474,0.9749279121818236,-0.2225209339563143,-2.4492935982947064e-16,1.0,0.0,0.0,0.1458333333333333,6.300000000000001,13.15,93.0,87.5,-7.800000000000001,2.7559702,0.0,-6.1,20.67777778,23.85,23.5,23.5,23.816666666666663,23.5,-25.73311111,0.0444444200000013,-0.0106666666666663,-5.311333333333334,-5.431333333333333,20.54197532222222,-5.346444444444443,4.214414,4.209376,4.2656364,4.341108,4.2235436,0,0.0,0,1.0,-0.63,13.4,86.6
2022-12-14 21:45:00,321.060768238886,246.173486,246.217928705554,20.67777778,-5.431333333333333,23.5,2,5.1764362714980825,70.66250196097344,21,2,12,-0.7071067811865477,0.7071067811865474,0.9749279121818236,-0.2225209339563143,-2.4492935982947064e-16,1.0,0.0,0.0,0.0,5.25,13.425,96.5,87.25,-7.85,2.7480958,0.0,-6.1,20.794444443333337,23.816666666666663,23.85,23.5,23.5,23.5,-26.10911111333333,0.2666666699999993,-0.1093333333333328,-5.322,-5.466666666666667,20.485185193333333,-5.354888888888887,4.2235436,4.214414,4.209376,4.2656364,4.25233,0,0.0,0,1.0,-0.57,11.9,88.1
2022-12-14 22:00:00,320.96327197222604,236.483873583334,236.531649472222,20.794444443333337,-5.466666666666667,23.5,2,5.1764362714980825,70.66250196097344,22,2,12,-0.5000000000000004,0.8660254037844384,0.9749279121818236,-0.2225209339563143,-2.4492935982947064e-16,1.0,0.0,0.0,0.0,4.2,13.7,100.0,87.0,-7.9,2.7402217,0.0,-6.1,20.87222222,23.5,23.816666666666663,23.85,23.5,23.5,-26.26111111,0.116666663333337,-0.0353333333333338,-5.431333333333333,-5.6146666666666665,20.62777777777778,-5.406666666666664,4.25233,4.2235436,4.214414,4.209376,4.271614,0,0.0,0,1.0,-0.55,11.3,88.7
2022-12-14 22:15:00,303.98089586111,229.1216681,229.168332916666,20.87222222,-5.6146666666666665,23.5,2,5.1764362714980825,70.66250196097344,22,2,12,-0.5000000000000004,0.8660254037844384,0.9749279121818236,-0.2225209339563143,-2.4492935982947064e-16,1.0,0.0,0.0,0.0,5.15,13.075,99.75,87.0,-7.95,2.7302907,0.0,-6.15,20.807407426666668,23.5,23.5,23.816666666666663,23.85,23.5,-26.48688888666667,0.0777777766666645,-0.1479999999999997,-5.466666666666667,-5.730666666666666,20.78148148111111,-5.504222222222221,4.271614,4.25233,4.2235436,4.214414,4.2555375,0,0.0,0,1.0,-0.53,10.9,89.1
2022-12-14 22:30:00,191.392621722224,110.056153127778,110.090873988888,20.807407426666668,-5.730666666666666,23.5,2,5.1764362714980825,70.66250196097344,22,2,12,-0.5000000000000004,0.8660254037844384,0.9749279121818236,-0.2225209339563143,-2.4492935982947064e-16,1.0,0.0,0.0,0.0,6.1,12.45,99.5,87.0,-8.0,2.7203915,0.0,-6.199999999999999,20.35,23.5,23.5,23.5,23.816666666666663,23.85,-26.538074093333336,-0.0648147933333334,-0.1159999999999996,-5.6146666666666665,-5.694,20.82469136333334,-5.6039999999999965,4.2555375,4.271614,4.25233,4.2235436,4.2052813,0,0.0,0,1.0,-0.54,11.2,88.8
2022-12-14 22:45:00,213.634787616666,142.433746888888,142.47318976111,20.35,-5.694,23.85,2,5.1764362714980825,70.66250196097344,22,2,12,-0.5000000000000004,0.8660254037844384,0.9749279121818236,-0.2225209339563143,-2.4492935982947064e-16,1.0,0.0,0.0,0.0,7.05,11.825,99.25,87.0,-8.05,2.710524,0.0,-6.25,20.211111136666663,23.5,23.5,23.5,23.5,24.0,-26.044,-0.4574074266666663,0.0366666666666661,-5.730666666666666,-5.37,20.67654321555556,-5.679777777777775,4.2052813,4.2555375,4.271614,4.25233,4.197527,0,0.0,0,1.0,-0.65,13.8,86.2
2022-12-14 23:00:00,284.5419512,213.0981424,213.144251672222,20.211111136666663,-5.37,24.0,2,5.1764362714980825,70.66250196097344,23,2,12,-0.2588190451025215,0.965925826289068,0.9749279121818236,-0.2225209339563143,-2.4492935982947064e-16,1.0,0.0,0.0,0.0,8.0,11.2,99.0,87.0,-8.1,2.7006872,0.0,-6.3,20.45000001,23.85,23.5,23.5,23.5,24.0,-25.581111136666667,-0.1388888633333351,0.3239999999999998,-5.694,-5.179333333333333,20.456172854444446,-5.598222222222219,4.197527,4.2052813,4.2555375,4.271614,4.2565036,0,0.0,0,1.0,-0.68,14.7,85.3
2022-12-14 23:15:00,335.315475661114,243.07722093889,243.125830094446,20.45000001,-5.179333333333333,24.0,2,5.1764362714980825,70.66250196097344,23,2,12,-0.2588190451025215,0.965925826289068,0.9749279121818236,-0.2225209339563143,-2.4492935982947064e-16,1.0,0.0,0.0,0.0,8.25,12.0,99.25,86.75,-8.125,2.692927,0.0,-6.3,20.75740741,24.0,23.85,23.5,23.5,23.816666666666663,-25.62933334333333,0.2388888733333338,0.1906666666666669,-5.37,-5.000666666666667,20.33703704888889,-5.414444444444442,4.2565036,4.197527,4.2052813,4.2555375,4.300349,0,0.0,0,1.0,-0.62,13.1,86.9
2022-12-14 23:30:00,311.91835618333,228.312811588888,228.361698533332,20.75740741,-5.000666666666667,23.816666666666663,2,5.1764362714980825,70.66250196097344,23,2,12,-0.2588190451025215,0.965925826289068,0.9749279121818236,-0.2225209339563143,-2.4492935982947064e-16,1.0,0.0,0.0,0.0,8.5,12.8,99.5,86.5,-8.149999999999999,2.6851661,0.0,-6.3,21.15555553,24.0,24.0,23.85,23.5,23.1,-25.758074076666663,0.3074073999999989,0.1786666666666665,-5.179333333333333,-5.274666666666667,20.47283951888889,-5.183333333333331,4.300349,4.2565036,4.197527,4.2052813,4.268594,0,0.0,0,1.0,-0.55,11.4,88.6
2022-12-14 23:45:00,289.187320994442,225.730414888888,225.778746288888,21.15555553,-5.274666666666667,23.1,2,5.1764362714980825,70.66250196097344,23,2,12,-0.2588190451025215,0.965925826289068,0.9749279121818236,-0.2225209339563143,-2.4492935982947064e-16,1.0,0.0,0.0,0.0,8.75,13.6,99.75,86.25,-8.174999999999999,2.6774056,0.0,-6.3,21.418518523333333,23.816666666666663,24.0,24.0,23.85,22.53333333333333,-26.43022219666667,0.3981481200000019,-0.274,-5.000666666666667,-5.658666666666666,20.787654316666668,-5.151555555555553,4.268594,4.300349,4.2565036,4.197527,4.2278423,0,0.0,0,1.0,-0.47,9.5,90.5
2022-12-15 00:00:00,291.8399926,221.196429572222,221.243927672222,21.418518523333333,-5.658666666666666,22.53333333333333,2,5.1764362714980825,70.66250196097344,0,3,12,0.0,1.0,0.4338837391175582,-0.900968867902419,-2.4492935982947064e-16,1.0,0.0,0.0,0.0,9.0,14.4,100.0,86.0,-8.2,2.669645,0.0,-6.3,21.37777778,23.1,23.816666666666663,24.0,24.0,22.2,-27.07718519,0.2629629933333319,-0.3839999999999994,-5.274666666666667,-5.618666666666667,21.11049382111111,-5.31133333333333,4.2278423,4.268594,4.300349,4.2565036,4.155483,0,0.0,0,1.0,-0.41,8.5,91.5
2022-12-15 00:15:00,177.234854872218,106.324357972222,106.361023188888,21.37777778,-5.618666666666667,22.2,2,5.1764362714980825,70.66250196097344,0,3,12,0.0,1.0,0.4338837391175582,-0.900968867902419,-2.4492935982947064e-16,1.0,0.0,0.0,0.0,8.8,14.5,95.5,85.75,-8.25,2.6618843,0.0,-6.3,20.933333296666667,22.53333333333333,23.1,23.816666666666663,24.0,22.466666666666665,-26.996444446666665,-0.0407407433333339,0.0399999999999991,-5.658666666666666,-5.562666666666667,21.317283944444444,-5.5173333333333305,4.155483,4.2278423,4.268594,4.300349,4.098322,0,0.0,0,1.0,-0.42,8.7,91.3
2022-12-15 00:30:00,301.800149744444,233.323722227778,233.37538686111,20.933333296666667,-5.562666666666667,22.466666666666665,2,5.1764362714980825,70.66250196097344,0,3,12,0.0,1.0,0.4338837391175582,-0.900968867902419,-2.4492935982947064e-16,1.0,0.0,0.0,0.0,8.6,14.6,91.0,85.5,-8.3,2.654124,0.0,-6.3,21.04999998,22.2,22.53333333333333,23.1,23.816666666666663,22.5,-26.495999963333333,-0.4444444833333314,0.056,-5.618666666666667,-5.456,21.243209866666664,-5.613333333333331,4.098322,4.155483,4.2278423,4.268594,4.13232,0,0.0,0,1.0,-0.52,10.7,89.3
2022-12-15 00:45:00,315.538766877776,256.228361572222,256.260860338886,21.04999998,-5.456,22.5,2,5.1764362714980825,70.66250196097344,0,3,12,0.0,1.0,0.4338837391175582,-0.900968867902419,-2.4492935982947064e-16,1.0,0.0,0.0,0.0,8.399999999999999,14.7,86.5,85.25,-8.35,2.6463633,0.0,-6.3,21.35925922333333,22.466666666666665,22.2,22.53333333333333,23.1,22.5,-26.50599998,0.1166666833333316,0.1066666666666664,-5.562666666666667,-5.369333333333333,21.12037035222222,-5.545777777777776,4.13232,4.098322,4.155483,4.2278423,4.2071214,0,0.0,0,1.0,-0.49,10.1,89.9
2022-12-15 01:00:00,286.049668672222,227.45451253889,227.483678088888,21.35925922333333,-5.369333333333333,22.5,2,5.1764362714980825,70.66250196097344,1,3,12,0.2588190451025207,0.9659258262890684,0.4338837391175582,-0.900968867902419,-2.4492935982947064e-16,1.0,0.0,0.0,0.0,8.2,14.8,82.0,85.0,-8.4,2.6386025,0.0,-6.3,21.530952395714284,22.5,22.466666666666665,22.2,22.53333333333333,22.160714285714285,-26.728592556666666,0.309259243333333,0.0866666666666677,-5.456,-5.239285714285714,21.1141975,-5.462666666666664,4.2071214,4.13232,4.098322,4.155483,4.1850796,0,0.0,0,1.0,-0.42,8.7,91.3
2022-12-15 01:15:00,262.741156633332,229.219997516666,229.248885311108,21.530952395714284,-5.239285714285714,22.160714285714285,2,5.1764362714980825,70.66250196097344,1,3,12,0.2588190451025207,0.9659258262890684,0.4338837391175582,-0.900968867902419,-2.4492935982947064e-16,1.0,0.0,0.0,0.0,7.524999999999999,14.25,86.0,84.25,-8.425,2.6391912,0.0,-6.175,21.70000003,22.5,22.5,22.466666666666665,22.2,21.816666666666663,-26.77023811,0.1716931723809516,0.1300476190476187,-5.369333333333333,-5.578,21.313403866349205,-5.354873015873014,4.1850796,4.2071214,4.13232,4.098322,4.160577,0,0.0,0,1.0,-0.39,8.1,91.9
2022-12-15 01:30:00,276.70920902222,241.615612772222,241.646444938886,21.70000003,-5.578,21.816666666666663,2,5.1764362714980825,70.66250196097344,1,3,12,0.2588190451025207,0.9659258262890684,0.4338837391175582,-0.900968867902419,-2.4492935982947064e-16,1.0,0.0,0.0,0.0,6.85,13.7,90.0,83.5,-8.45,2.6395447,0.0,-6.05,21.69444444,22.160714285714285,22.5,22.5,22.466666666666665,21.5,-27.27800003,0.1690476342857181,-0.3387142857142864,-5.239285714285714,-5.851333333333333,21.530070549682545,-5.39553968253968,4.160577,4.1850796,4.2071214,4.13232,4.0988693,0,0.0,0,1.0,-0.35,7.5,92.5
2022-12-15 01:45:00,173.919987455552,128.140985272222,128.160984588884,21.69444444,-5.851333333333333,21.5,2,5.1764362714980825,70.66250196097344,1,3,12,0.2588190451025207,0.9659258262890684,0.4338837391175582,-0.900968867902419,-2.4492935982947064e-16,1.0,0.0,0.0,0.0,6.175,13.15,94.0,82.75,-8.475,2.6396594,0.0,-5.925,21.12407409333333,21.816666666666663,22.160714285714285,22.5,22.5,21.683333333333334,-27.54577777333333,-0.0055555900000037,-0.2733333333333325,-5.578,-5.833333333333333,21.64179895523809,-5.556206349206346,4.0988693,4.160577,4.1850796,4.2071214,3.999496,0,0.0,0,1.0,-0.35,7.6,92.4
2022-12-15 02:00:00,185.762847005554,137.335061944444,137.355338949998,21.12407409333333,-5.833333333333333,21.683333333333334,2,5.1764362714980825,70.66250196097344,2,3,12,0.4999999999999999,0.8660254037844387,0.4338837391175582,-0.900968867902419,-2.4492935982947064e-16,1.0,0.0,0.0,0.0,5.5,12.6,98.0,82.0,-8.5,2.6395314,0.0,-5.8,20.84999999,21.5,21.816666666666663,22.160714285714285,22.5,22.3,-26.957407426666663,-0.5703703466666639,0.0179999999999997,-5.851333333333333,-5.803333333333333,21.506172854444447,-5.754222222222221,3.999496,4.0988693,4.160577,4.1850796,4.048253,0,0.0,0,1.0,-0.48,9.9,90.1
2022-12-15 02:15:00,292.968558555556,241.818104655556,241.848103538886,20.84999999,-5.803333333333333,22.3,2,5.1764362714980825,70.66250196097344,2,3,12,0.4999999999999999,0.8660254037844387,0.4338837391175582,-0.900968867902419,-2.4492935982947064e-16,1.0,0.0,0.0,0.0,6.45,13.15,98.5,81.5,-8.45,2.637718,0.0,-5.725,21.246296296666667,21.683333333333334,21.5,21.816666666666663,22.160714285714285,22.03333333333333,-26.65333332333333,-0.2740741033333336,0.0300000000000002,-5.833333333333333,-5.899333333333333,21.22283950777778,-5.829333333333331,4.048253,3.999496,4.0988693,4.160577,4.092974,0,0.0,0,1.0,-0.54,11.1,88.9
2022-12-15 02:30:00,297.996690788888,251.9340889,251.960754533332,21.246296296666667,-5.899333333333333,22.03333333333333,2,5.1764362714980825,70.66250196097344,2,3,12,0.4999999999999999,0.8660254037844387,0.4338837391175582,-0.900968867902419,-2.4492935982947064e-16,1.0,0.0,0.0,0.0,7.4,13.7,99.0,81.0,-8.4,2.635798,0.0,-5.65,21.61111112,22.3,21.683333333333334,21.5,21.816666666666663,21.65,-27.14562963,0.3962963066666667,-0.096,-5.803333333333333,-6.042666666666666,21.07345679333333,-5.845333333333332,4.092974,4.048253,3.999496,4.0988693,4.1076317,0,0.0,0,1.0,-0.45,9.3,90.7
2022-12-15 02:45:00,297.495599816662,255.208680127778,255.236456849998,21.61111112,-6.042666666666666,21.65,2,5.1764362714980825,70.66250196097344,2,3,12,0.4999999999999999,0.8660254037844387,0.4338837391175582,-0.900968867902419,-2.4492935982947064e-16,1.0,0.0,0.0,0.0,8.350000000000001,14.25,99.5,80.5,-8.350000000000001,2.6337695,0.0,-5.575,21.81111113,22.03333333333333,22.3,21.683333333333334,21.5,21.5,-27.653777786666662,0.364814823333333,-0.1433333333333335,-5.899333333333333,-6.1433333333333335,21.23580246888889,-5.915111111111108,4.1076317,4.092974,4.048253,3.999496,4.126586,0,0.0,0,1.0,-0.37,7.9,92.1
2022-12-15 03:00:00,288.811502811104,252.462678855556,252.492122177776,21.81111113,-6.1433333333333335,21.5,2,5.1764362714980825,70.66250196097344,3,3,12,0.7071067811865476,0.7071067811865476,0.4338837391175582,-0.900968867902419,-2.4492935982947064e-16,1.0,0.0,0.0,0.0,9.3,14.8,100.0,80.0,-8.3,2.631631,0.0,-5.5,21.93333331,21.65,22.03333333333333,22.3,21.683333333333334,21.5,-27.95444446333333,0.2000000099999965,-0.1006666666666671,-6.042666666666666,-5.870666666666667,21.55617284888889,-6.028444444444442,4.126586,4.1076317,4.092974,4.048253,4.1557937,0,0.0,0,1.0,-0.33,7.2,92.8
2022-12-15 03:15:00,290.056175138886,243.713306627778,243.743305511108,21.93333331,-5.870666666666667,21.5,2,5.1764362714980825,70.66250196097344,3,3,12,0.7071067811865476,0.7071067811865476,0.4338837391175582,-0.900968867902419,-2.4492935982947064e-16,1.0,0.0,0.0,0.0,9.95,16.225,100.0,80.25,-8.075000000000001,2.67823,0.0,-5.3,21.955555556666663,21.5,21.65,22.03333333333333,22.3,21.316666666666663,-27.803999976666667,0.1222221800000049,0.2726666666666668,-6.1433333333333335,-5.568,21.785185186666663,-6.018888888888886,4.1557937,4.126586,4.1076317,4.092974,4.1256404,0,0.0,0,1.0,-0.3,6.8,93.2
2022-12-15 03:30:00,205.272066655552,146.709964683334,146.729963933332,21.955555556666663,-5.568,21.316666666666663,2,5.1764362714980825,70.66250196097344,3,3,12,0.7071067811865476,0.7071067811865476,0.4338837391175582,-0.900968867902419,-2.4492935982947064e-16,1.0,0.0,0.0,0.0,10.6,17.65,100.0,80.5,-7.85,2.7255597,0.0,-5.1,21.42222224,21.5,21.5,21.65,22.03333333333333,21.4,-27.523555556666665,0.0222222466666615,0.3026666666666671,-5.870666666666667,-5.507333333333333,21.899999998888887,-5.860666666666664,4.1256404,4.1557937,4.126586,4.1076317,4.0160613,0,0.0,0,1.0,-0.29,6.8,93.2
2022-12-15 03:45:00,155.52988977221798,116.758385027778,116.775884411108,21.42222224,-5.507333333333333,21.4,2,5.1764362714980825,70.66250196097344,3,3,12,0.7071067811865476,0.7071067811865476,0.4338837391175582,-0.900968867902419,-2.4492935982947064e-16,1.0,0.0,0.0,0.0,11.25,19.075,100.0,80.75,-7.625,2.7736304,0.0,-4.9,20.971031770714287,21.316666666666663,21.5,21.5,21.65,21.978571428571428,-26.92955557333333,-0.5333333166666634,0.0606666666666662,-5.568,-5.321428571428571,21.77037036888889,-5.648666666666664,4.0160613,4.1256404,4.1557937,4.126586,4.0180774,0,0.0,0,1.0,-0.42,8.6,91.4
2022-12-15 04:00:00,556.348022955556,212.077349883334,212.105959888888,20.971031770714287,-5.321428571428571,21.978571428571428,2,5.1764362714980825,70.66250196097344,4,3,12,0.8660254037844386,0.5000000000000001,0.4338837391175582,-0.900968867902419,-2.4492935982947064e-16,1.0,0.0,0.0,0.0,11.9,20.5,100.0,81.0,-7.4,2.822452,0.0,-4.7,21.35555554,21.4,21.316666666666663,21.5,21.5,22.0,-26.29246034214286,-0.4511904692857129,0.1859047619047622,-5.507333333333333,-5.3646666666666665,21.449603189126982,-5.465587301587298,4.0180774,4.0160613,4.1256404,4.1557937,4.112747,0,0.0,0,1.0,-0.52,10.6,89.4
2022-12-15 04:15:00,304.042004516666,257.432202266668,257.462756677776,21.35555554,-5.3646666666666665,22.0,2,5.1764362714980825,70.66250196097344,4,3,12,0.8660254037844386,0.5000000000000001,0.4338837391175582,-0.900968867902419,-2.4492935982947064e-16,1.0,0.0,0.0,0.0,11.8,21.05,100.0,81.25,-7.25,2.8617675,0.0,-4.55,21.764814803333334,21.978571428571428,21.4,21.316666666666663,21.5,21.816666666666663,-26.72022220666667,0.3845237692857139,-0.0432380952380953,-5.321428571428571,-5.476,21.249603183571427,-5.397809523809521,4.112747,4.0180774,4.0160613,4.1256404,4.176185,0,0.0,0,1.0,-0.43,8.8,91.2
2022-12-15 04:30:00,283.93753104444,248.333399583334,248.36562056111,21.764814803333334,-5.476,21.816666666666663,2,5.1764362714980825,70.66250196097344,4,3,12,0.8660254037844386,0.5000000000000001,0.4338837391175582,-0.900968867902419,-2.4492935982947064e-16,1.0,0.0,0.0,0.0,11.7,21.6,100.0,81.5,-7.1,2.9015636,0.0,-4.4,21.97777778,22.0,21.978571428571428,21.4,21.316666666666663,21.5,-27.240814803333333,0.4092592633333325,-0.1113333333333335,-5.3646666666666665,-5.578,21.363800704682543,-5.387365079365076,4.176185,4.112747,4.0180774,4.0160613,4.166459,0,0.0,0,1.0,-0.33,7.3,92.7
2022-12-15 04:45:00,301.868202422228,251.461330027778,251.492439949998,21.97777778,-5.578,21.5,2,5.1764362714980825,70.66250196097344,4,3,12,0.8660254037844386,0.5000000000000001,0.4338837391175582,-0.900968867902419,-2.4492935982947064e-16,1.0,0.0,0.0,0.0,11.6,22.15,100.0,81.75,-6.95,2.9418447,0.0,-4.25,22.14444443,21.816666666666663,22.0,21.978571428571428,21.4,21.5,-27.55577778,0.2129629766666667,-0.1020000000000003,-5.476,-5.214,21.699382707777776,-5.472888888888886,4.166459,4.176185,4.112747,4.0180774,4.2066665,0,0.0,0,1.0,-0.29,6.7,93.3
2022-12-15 05:00:00,319.227508205554,264.683023355556,264.714688788888,22.14444443,-5.214,21.5,2,5.1764362714980825,70.66250196097344,5,3,12,0.9659258262890684,0.2588190451025207,0.4338837391175582,-0.900968867902419,-2.4492935982947064e-16,1.0,0.0,0.0,0.0,11.5,22.7,100.0,82.0,-6.8,2.982616,0.0,-4.1,22.30555553,21.5,21.816666666666663,22.0,21.978571428571428,21.5,-27.35844443,0.1666666499999998,0.3639999999999999,-5.578,-4.533333333333333,21.962345671111112,-5.4226666666666645,4.2066665,4.166459,4.176185,4.112747,4.245852,0,0.0,0,1.0,-0.25,6.3,93.7
2022-12-15 05:15:00,296.99450874444,258.509659233332,258.541324699996,22.30555553,-4.533333333333333,21.5,2,5.1764362714980825,70.66250196097344,5,3,12,0.9659258262890684,0.2588190451025207,0.4338837391175582,-0.900968867902419,-2.4492935982947064e-16,1.0,0.0,0.0,0.0,10.925,22.25,100.0,81.5,-6.675,3.0016513,0.0,-3.925,22.38518519333333,21.5,21.5,21.816666666666663,22.0,21.5,-26.83888886333333,0.1611110999999994,0.6806666666666672,-5.214,-4.108666666666667,22.14259258,-5.108444444444443,4.245852,4.2066665,4.166459,4.176185,4.265335,0,0.0,0,1.0,-0.21,5.9,94.1
2022-12-15 05:30:00,224.699345066664,189.453532672222,189.477698438886,22.38518519333333,-4.108666666666667,21.5,2,5.1764362714980825,70.66250196097344,5,3,12,0.9659258262890684,0.2588190451025207,0.4338837391175582,-0.900968867902419,-2.4492935982947064e-16,1.0,0.0,0.0,0.0,10.35,21.8,100.0,81.0,-6.55,3.020638,0.0,-3.75,22.0222222,21.5,21.5,21.5,21.816666666666663,21.55,-26.49385186,0.0796296633333319,0.4246666666666661,-4.533333333333333,-4.320666666666667,22.278395051111108,-4.618666666666665,4.265335,4.245852,4.2066665,4.166459,4.186863,0,0.0,0,1.0,-0.19,5.8,94.2
2022-12-15 05:45:00,153.146096227774,112.483278288888,112.500222111108,22.0222222,-4.320666666666667,21.55,2,5.1764362714980825,70.66250196097344,5,3,12,0.9659258262890684,0.2588190451025207,0.4338837391175582,-0.900968867902419,-2.4492935982947064e-16,1.0,0.0,0.0,0.0,9.775,21.35,100.0,80.5,-6.425,3.0395715,0.0,-3.575,21.425925933333332,21.5,21.5,21.5,21.5,22.15,-26.342888866666662,-0.3629629933333334,-0.2119999999999997,-4.108666666666667,-4.284000000000001,22.237654307777778,-4.320888888888887,4.186863,4.265335,4.245852,4.2066665,4.1577015,0,0.0,0,1.0,-0.28,6.6,93.4
2022-12-15 06:00:00,264.05165981110804,212.839541627778,212.865651766664,21.425925933333332,-4.284000000000001,22.15,2,5.1764362714980825,70.66250196097344,6,3,12,1.0,6.123233995736766e-17,0.4338837391175582,-0.900968867902419,-2.4492935982947064e-16,1.0,0.0,0.0,0.0,9.2,20.9,100.0,80.0,-6.3,3.0584495,0.0,-3.4,21.64999999,21.55,21.5,21.5,21.5,22.15,-25.709925933333334,-0.5962962666666627,0.0366666666666661,-4.320666666666667,-4.266666666666667,21.94444444222222,-4.237777777777776,4.1577015,4.186863,4.265335,4.245852,4.211955,0,0.0,0,1.0,-0.41,8.5,91.5
2022-12-15 06:15:00,295.624285738886,245.46712533889,245.497124205554,21.64999999,-4.266666666666667,22.15,2,5.1764362714980825,70.66250196097344,6,3,12,1.0,6.123233995736766e-17,0.4338837391175582,-0.900968867902419,-2.4492935982947064e-16,1.0,0.0,0.0,0.0,9.75,20.625,100.0,79.75,-6.25,3.0705848,0.0,-3.3,22.022222216666663,22.15,21.55,21.5,21.5,21.816666666666663,-25.916666656666667,0.2240740566666659,0.017333333333334,-4.284000000000001,-4.438000000000001,21.699382707777783,-4.290444444444442,4.211955,4.1577015,4.186863,4.265335,4.2386727,0,0.0,0,1.0,-0.36,7.7,92.3
2022-12-15 06:30:00,272.589096016666,233.1998383,233.228170549998,22.022222216666663,-4.438000000000001,21.816666666666663,2,5.1764362714980825,70.66250196097344,6,3,12,1.0,6.123233995736766e-17,0.4338837391175582,-0.900968867902419,-2.4492935982947064e-16,1.0,0.0,0.0,0.0,10.3,20.35,100.0,79.5,-6.199999999999999,3.0827196,0.0,-3.2,22.20555554,22.15,22.15,21.55,21.5,21.5,-26.460222216666665,0.3722222266666648,-0.171333333333334,-4.266666666666667,-4.3726666666666665,21.699382713333332,-4.329555555555554,4.2386727,4.211955,4.1577015,4.186863,4.2214923,0,0.0,0,1.0,-0.28,6.6,93.4
2022-12-15 06:45:00,314.010494694442,269.699489355556,269.731710316666,22.20555554,-4.3726666666666665,21.5,2,5.1764362714980825,70.66250196097344,6,3,12,1.0,6.123233995736766e-17,0.4338837391175582,-0.900968867902419,-2.4492935982947064e-16,1.0,0.0,0.0,0.0,10.85,20.075,100.0,79.25,-6.15,3.0948524,0.0,-3.1,22.418518523333333,21.816666666666663,22.15,22.15,21.55,21.5,-26.578222206666663,0.1833333233333327,0.0653333333333341,-4.438000000000001,-4.067333333333333,21.95925924888889,-4.359111111111109,4.2214923,4.2386727,4.211955,4.1577015,4.2735143,0,0.0,0,1.0,-0.23,6.1,93.9
2022-12-15 07:00:00,302.627061133332,268.23927000000003,268.272879788888,22.418518523333333,-4.067333333333333,21.5,2,5.1764362714980825,70.66250196097344,7,3,12,0.9659258262890684,-0.2588190451025206,0.4338837391175582,-0.900968867902419,-2.4492935982947064e-16,1.0,0.0,0.0,0.0,11.4,19.8,100.0,79.0,-6.1,3.106984,0.0,-3.0,22.588888880000003,21.5,21.816666666666663,22.15,22.15,21.5,-26.485851856666667,0.2129629833333339,0.3053333333333334,-4.3726666666666665,-3.529333333333333,22.21543209333333,-4.292666666666665,4.2735143,4.2214923,4.2386727,4.211955,4.3155293,0,0.0,0,1.0,-0.19,5.7,94.3
2022-12-15 07:15:00,291.13752061667,254.19010973889,254.2223307,22.588888880000003,-3.529333333333333,21.5,2,5.1764362714980825,70.66250196097344,7,3,12,0.9659258262890684,-0.2588190451025206,0.4338837391175582,-0.900968867902419,-2.4492935982947064e-16,1.0,0.0,0.0,0.0,11.6,21.15,100.0,79.0,-5.824999999999999,3.1734884,0.0,-2.7,22.714814793333336,21.5,21.5,21.816666666666663,22.15,21.5,-26.118222213333336,0.1703703566666696,0.5379999999999998,-4.067333333333333,-3.274,22.404320981111116,-3.989777777777775,4.3155293,4.2735143,4.2214923,4.2386727,4.346814,0,0.0,0,1.0,-0.15,5.4,94.6
2022-12-15 07:30:00,305.33084186111,243.220270766668,243.250547372222,22.714814793333336,-3.274,21.5,2,5.1764362714980825,70.66250196097344,7,3,12,0.9659258262890684,-0.2588190451025206,0.4338837391175582,-0.900968867902419,-2.4492935982947064e-16,1.0,0.0,0.0,0.0,11.8,22.5,100.0,79.0,-5.55,3.2412403,0.0,-2.4,22.7222222,21.5,21.5,21.5,21.816666666666663,21.5,-25.988814793333336,0.125925913333333,0.2553333333333332,-3.529333333333333,-2.648,22.57407406555556,-3.623555555555553,4.346814,4.3155293,4.2735143,4.2214923,4.3486605,0,0.0,0,1.0,-0.12,5.3,94.7
2022-12-15 07:45:00,285.639685172218,240.241501072222,240.272333238886,22.7222222,-2.648,21.5,2,5.1764362714980825,70.66250196097344,7,3,12,0.9659258262890684,-0.2588190451025206,0.4338837391175582,-0.900968867902419,-2.4492935982947064e-16,1.0,0.0,0.0,0.0,12.0,23.85,100.0,79.0,-5.275,3.3102596,0.0,-2.1,22.70185185,21.5,21.5,21.5,21.5,21.5,-25.3702222,0.0074074066666653,0.6259999999999999,-3.274,-2.309333333333333,22.675308624444444,-3.1504444444444424,4.3486605,4.346814,4.3155293,4.2735143,4.343586,0,0.0,0,1.0,-0.12,5.3,94.7
2022-12-15 08:00:00,213.31257815556,179.046726711112,179.070614705554,22.70185185,-2.309333333333333,21.5,2,5.1764362714980825,70.66250196097344,8,3,12,0.8660254037844387,-0.4999999999999998,0.4338837391175582,-0.900968867902419,-2.4492935982947064e-16,1.0,0.0,0.0,0.0,12.2,25.2,100.0,79.0,-5.0,3.3805661,0.0,-1.8,22.33333336,21.5,21.5,21.5,21.5,21.6,-25.011185183333332,-0.0203703500000003,0.3386666666666666,-2.648,-2.1786666666666665,22.712962947777783,-2.743777777777776,4.343586,4.3486605,4.346814,4.3155293,4.2724185,0,0.0,0,1.0,-0.12,5.3,94.7
2022-12-15 08:15:00,154.708255905554,111.7030317,111.720808805554,22.33333336,-2.1786666666666665,21.6,2,5.1764362714980825,70.66250196097344,8,3,12,0.8660254037844387,-0.4999999999999998,0.4338837391175582,-0.900968867902419,-2.4492935982947064e-16,1.0,1.5,0.375,0.125,12.4,25.475,100.0,78.5,-4.975,3.3827455,0.0,-1.7,21.68703705333333,21.5,21.5,21.5,21.5,22.433333333333334,-24.512000026666666,-0.3685184900000031,0.1306666666666669,-2.309333333333333,-1.7733333333333334,22.585802470000004,-2.3786666666666645,4.2724185,4.343586,4.3486605,4.346814,4.2749753,0,0.0,0,1.0,-0.2,5.9,94.1
2022-12-15 08:30:00,248.055355122224,210.319642427778,210.347419133332,21.68703705333333,-1.7733333333333334,22.433333333333334,2,5.1764362714980825,70.66250196097344,8,3,12,0.8660254037844387,-0.4999999999999998,0.4338837391175582,-0.900968867902419,-2.4492935982947064e-16,1.0,3.0,1.125,0.375,12.6,25.75,100.0,78.0,-4.95,3.3847685,0.0,-1.6,21.90555555,21.6,21.5,21.5,21.5,22.5,-23.460370386666664,-0.6462963066666667,0.4053333333333331,-2.1786666666666665,-1.7946666666666669,22.240740754444445,-2.0871111111111085,4.2749753,4.2724185,4.343586,4.3486605,4.342123,0,0.0,0,1.0,-0.35,7.5,92.5
2022-12-15 08:45:00,321.609079522224,270.197802772222,270.230857,21.90555555,-1.7946666666666669,22.5,2,5.1764362714980825,70.66250196097344,8,3,12,0.8660254037844387,-0.4999999999999998,0.4338837391175582,-0.900968867902419,-2.4492935982947064e-16,1.0,4.5,2.25,0.75,12.8,26.025,100.0,77.5,-4.925000000000001,3.3866339,0.0,-1.5,22.248148123333333,22.433333333333334,21.6,21.5,21.5,22.5,-23.700222216666667,0.2185184966666682,-0.0213333333333334,-1.7733333333333334,-1.8393333333333333,21.975308654444444,-1.9155555555555528,4.342123,4.2749753,4.2724185,4.343586,4.4286833,0,0.0,0,1.0,-0.3,6.8,93.2
2022-12-15 09:00:00,328.369920161114,272.647982527778,272.681870088888,22.248148123333333,-1.8393333333333333,22.5,2,5.1764362714980825,70.66250196097344,9,3,12,0.7071067811865476,-0.7071067811865475,0.4338837391175582,-0.900968867902419,-2.4492935982947064e-16,1.0,6.0,3.75,1.25,13.0,26.3,100.0,77.0,-4.9,3.388339,0.0,-1.4,22.383333330000003,22.5,22.433333333333334,21.6,21.5,22.5,-24.087481456666666,0.3425925733333343,-0.0446666666666664,-1.7946666666666669,-1.69,21.94691357555556,-1.8024444444444423,4.4286833,4.342123,4.2749753,4.2724185,4.463248,0,0.0,0,1.0,-0.22,6.0,94.0
2022-12-15 09:15:00,324.698956055552,282.103993155556,282.140380583334,22.383333330000003,-1.69,22.5,2,5.1764362714980825,70.66250196097344,9,3,12,0.7071067811865476,-0.7071067811865475,0.4338837391175582,-0.900968867902419,-2.4492935982947064e-16,1.0,15.5,7.25,2.5416666666666665,13.05,26.475,100.0,75.5,-4.8500000000000005,3.4042876,0.0,-1.0499999999999998,22.51296298,22.5,22.5,22.433333333333334,21.6,22.5,-24.073333330000004,0.1351852066666694,0.1493333333333333,-1.8393333333333333,-1.5533333333333337,22.179012334444447,-1.7746666666666642,4.463248,4.4286833,4.342123,4.2749753,4.496611,0,0.0,0,1.0,-0.19,5.7,94.3
2022-12-15 09:30:00,318.419207122224,283.512270155556,283.548657566668,22.51296298,-1.5533333333333337,22.5,2,5.1764362714980825,70.66250196097344,9,3,12,0.7071067811865476,-0.7071067811865475,0.4338837391175582,-0.900968867902419,-2.4492935982947064e-16,1.0,25.0,12.75,4.625,13.1,26.65,100.0,74.0,-4.800000000000001,3.4187145,0.0,-0.7,22.605555560000003,22.5,22.5,22.5,22.433333333333334,22.5,-24.066296313333336,0.1296296499999982,0.1366666666666665,-1.69,-1.0513333333333332,22.38148147777778,-1.69422222222222,4.496611,4.463248,4.4286833,4.342123,4.5205736,0,0.0,0,1.0,-0.16,5.5,94.5
2022-12-15 09:45:00,321.911845277776,284.603893188888,284.640002844444,22.605555560000003,-1.0513333333333332,22.5,2,5.1764362714980825,70.66250196097344,9,3,12,0.7071067811865476,-0.7071067811865475,0.4338837391175582,-0.900968867902419,-2.4492935982947064e-16,1.0,34.5,20.25,7.5,13.15,26.825,100.0,72.5,-4.75,3.431545,0.0,-0.3500000000000001,22.73518518,22.5,22.5,22.5,22.5,22.5,-23.65688889333333,0.0925925800000015,0.5020000000000002,-1.5533333333333337,-0.3253333333333333,22.500617290000005,-1.431555555555553,4.5205736,4.496611,4.463248,4.4286833,4.5543065,0,0.0,0,1.0,-0.14,5.4,94.6
2022-12-15 10:00:00,285.77162434444,239.050159827778,239.080991977776,22.73518518,-0.3253333333333333,22.5,2,5.1764362714980825,70.66250196097344,10,3,12,0.4999999999999999,-0.8660254037844387,0.4338837391175582,-0.900968867902419,-2.4492935982947064e-16,1.0,44.0,29.75,11.166666666666666,13.2,27.0,100.0,71.0,-4.7,3.4427018,0.0,-0.0,22.77222224,22.5,22.5,22.5,22.5,22.55,-23.06051851333333,0.1296296199999957,0.726,-1.0513333333333332,0.778,22.617901240000005,-0.9766666666666644,4.5543065,4.5205736,4.496611,4.463248,4.5741267,0,0.0,0,1.0,-0.11,5.2,94.8
2022-12-15 10:15:00,285.522745416662,232.777077444444,232.806242994442,22.77222224,0.778,22.55,2,5.1764362714980825,70.66250196097344,10,3,12,0.4999999999999999,-0.8660254037844387,0.4338837391175582,-0.900968867902419,-2.4492935982947064e-16,1.0,56.5,40.0,15.875,13.75,29.075,100.0,69.5,-4.625,3.4521072,0.0,0.35,22.76666664333333,22.5,22.5,22.5,22.5,22.966666666666665,-21.994222240000003,0.0370370600000029,1.1033333333333333,-0.3253333333333333,1.912,22.704320993333337,-0.1995555555555531,4.5741267,4.5543065,4.5205736,4.496611,4.6571627,0,0.0,0,1.0,-0.1,5.2,94.8
2022-12-15 10:30:00,289.708688988888,246.077656483334,246.109321933332,22.76666664333333,1.912,22.966666666666665,2,5.1764362714980825,70.66250196097344,10,3,12,0.4999999999999999,-0.8660254037844387,0.4338837391175582,-0.900968867902419,-2.4492935982947064e-16,1.0,69.0,51.0,21.625,14.3,31.15,100.0,68.0,-4.550000000000001,3.4596796,0.0,0.7,22.86666666,22.55,22.5,22.5,22.5,23.05,-20.85466664333333,-0.0055555966666673,1.134,0.778,2.179333333333333,22.75802468777778,0.7882222222222245,4.6571627,4.5741267,4.5543065,4.5205736,4.7009144,0,0.0,0,1.0,-0.1,5.2,94.8
2022-12-15 10:45:00,351.215950849998,244.9893667,245.020198833332,22.86666666,2.179333333333333,23.05,2,5.1764362714980825,70.66250196097344,10,3,12,0.4999999999999999,-0.8660254037844387,0.4338837391175582,-0.900968867902419,-2.4492935982947064e-16,1.0,81.5,62.75,28.416666666666668,14.85,33.224999999999994,100.0,66.5,-4.4750000000000005,3.4653373,0.0,1.0499999999999998,22.714814796666666,22.966666666666665,22.55,22.5,22.5,23.28333333333333,-20.687333326666668,0.1000000166666659,0.2673333333333332,1.912,2.4633333333333334,22.80185184777778,1.6231111111111136,4.7009144,4.6571627,4.5741267,4.5543065,4.7073636,0,0.0,0,1.0,-0.07,5.1,94.9
2022-12-15 11:00:00,1308.570710761106,124.776953188888,124.798619038886,22.714814796666666,2.4633333333333334,23.28333333333333,2,5.1764362714980825,70.66250196097344,11,3,12,0.258819045102521,-0.9659258262890682,0.4338837391175582,-0.900968867902419,-2.4492935982947064e-16,1.0,94.0,75.25,36.25,15.4,35.3,100.0,65.0,-4.4,3.468993,0.0,1.4,22.05000001,23.05,22.966666666666665,22.55,22.5,23.85,-20.25148146333333,-0.1518518633333343,0.2840000000000002,2.179333333333333,2.557333333333333,22.782716033333333,2.184888888888891,4.7073636,4.7009144,4.6571627,4.5741267,4.6411448,0,0.0,0,1.0,-0.11,5.2,94.8
2022-12-15 11:15:00,231.250749666664,153.07748775555598,153.105542216666,22.05000001,2.557333333333333,23.85,2,5.1764362714980825,70.66250196097344,11,3,12,0.258819045102521,-0.9659258262890682,0.4338837391175582,-0.900968867902419,-2.4492935982947064e-16,1.0,113.0,89.375,45.54166666666666,14.975,34.675,100.0,63.25,-4.45,3.456896,0.0,1.75,21.762962986666665,23.28333333333333,23.05,22.966666666666665,22.55,25.58333333333333,-19.49266667666667,-0.664814786666664,0.0939999999999998,2.4633333333333334,2.67,22.54382715555556,2.400000000000002,4.6411448,4.7073636,4.7009144,4.6571627,4.896682,0,0.0,0,1.0,-0.26,6.4,93.6
2022-12-15 11:30:00,342.73462348333,271.475807216666,271.51525012222,21.762962986666665,2.67,25.58333333333333,2,5.1764362714980825,70.66250196097344,11,3,12,0.258819045102521,-0.9659258262890682,0.4338837391175582,-0.900968867902419,-2.4492935982947064e-16,1.0,132.0,105.125,56.29166666666666,14.55,34.05,100.0,61.5,-4.5,3.4419646,0.0,2.1,22.06666666,23.85,23.28333333333333,23.05,22.966666666666665,26.35,-19.092962986666663,-0.2870370233333368,0.1126666666666666,2.557333333333333,2.7006666666666663,22.175925931111117,2.5635555555555576,4.896682,4.6411448,4.7073636,4.7009144,5.132565,0,0.0,0,1.0,-0.31,7.0,93.0
2022-12-15 11:45:00,348.164406166668,283.290890144444,283.33227742222,22.06666666,2.7006666666666663,26.35,2,5.1764362714980825,70.66250196097344,11,3,12,0.258819045102521,-0.9659258262890682,0.4338837391175582,-0.900968867902419,-2.4492935982947064e-16,1.0,151.0,122.5,68.5,14.125,33.425,100.0,59.75,-4.55,3.424084,0.0,2.45,22.35925922333333,25.58333333333333,23.85,23.28333333333333,23.05,26.316666666666663,-19.36599999333333,0.3037036733333345,0.0306666666666663,2.67,2.7633333333333336,21.959876552222223,2.6426666666666687,5.132565,4.896682,4.6411448,4.7073636,5.2131276,0,0.0,0,1.0,-0.24,6.2,93.8
2022-12-15 12:00:00,336.747640905546,288.024589688888,288.068476916662,22.35925922333333,2.7633333333333336,26.316666666666663,2,5.1764362714980825,70.66250196097344,12,3,12,1.2246467991473532e-16,-1.0,0.4338837391175582,-0.900968867902419,-2.4492935982947064e-16,1.0,170.0,141.5,82.16666666666667,13.7,32.8,100.0,58.0,-4.6,3.4031384,0.0,2.8,22.5388889,26.35,25.58333333333333,23.85,23.28333333333333,26.0,-19.59592589,0.2925925633333328,0.0626666666666673,2.7006666666666663,2.85,22.062962956666667,2.711333333333336,5.2131276,5.132565,4.896682,4.6411448,5.203825,0,0.0,0,1.0,-0.17,5.6,94.4
2022-12-15 12:15:00,350.61930808333,296.812015911112,296.855625316666,22.5388889,2.85,26.0,2,5.1764362714980825,70.66250196097344,12,3,12,1.2246467991473532e-16,-1.0,0.4338837391175582,-0.900968867902419,-2.4492935982947064e-16,1.0,156.0,152.25,93.875,12.625,32.599999999999994,100.0,58.0,-4.6,3.4088686,0.0,2.825,22.711111093333333,26.316666666666663,26.35,25.58333333333333,23.85,25.816666666666663,-19.6888889,0.1796296766666678,0.0866666666666664,2.7633333333333336,2.886,22.32160492777778,2.771333333333336,5.203825,5.2131276,5.132565,4.896682,5.2184377,0,0.0,0,1.0,-0.13,5.3,94.7
2022-12-15 12:30:00,299.547739794446,247.037340344444,247.075116633332,22.711111093333333,2.886,25.816666666666663,2,5.1764362714980825,70.66250196097344,12,3,12,1.2246467991473532e-16,-1.0,0.4338837391175582,-0.900968867902419,-2.4492935982947064e-16,1.0,142.0,154.75,103.625,11.55,32.4,100.0,58.0,-4.6,3.4146073,0.0,2.85,22.67777779,26.0,26.316666666666663,26.35,25.58333333333333,25.5,-19.825111093333334,0.172222193333333,0.036,2.85,2.964,22.53641973888889,2.8331111111111134,5.2184377,5.203825,5.2131276,5.132565,5.1445875,0,0.0,0,1.0,-0.09,5.2,94.8
2022-12-15 12:45:00,279.594926888888,229.386379744444,229.422489433332,22.67777779,2.964,25.5,2,5.1764362714980825,70.66250196097344,12,3,12,1.2246467991473532e-16,-1.0,0.4338837391175582,-0.900968867902419,-2.4492935982947064e-16,1.0,128.0,149.0,111.41666666666669,10.475,32.2,100.0,58.0,-4.6,3.4203548,0.0,2.875,22.61481480666667,25.816666666666663,26.0,26.316666666666663,26.35,25.5,-19.71377779,-0.0333333033333325,0.0779999999999998,2.886,3.028,22.642592594444448,2.900000000000002,5.1445875,5.2184377,5.203825,5.2131276,5.1260395,0,0.0,0,1.0,-0.1,5.2,94.8
2022-12-15 13:00:00,291.530004966668,225.0701635,225.10655096111,22.61481480666667,3.028,25.5,2,5.1764362714980825,70.66250196097344,13,3,12,-0.2588190451025208,-0.9659258262890684,0.4338837391175582,-0.900968867902419,-2.4492935982947064e-16,1.0,114.0,135.0,117.25,9.4,32.0,100.0,58.0,-4.6,3.4261096,0.0,2.9,22.56666669,25.5,25.816666666666663,26.0,26.316666666666663,25.55,-19.58681480666667,-0.0629629833333318,0.064,2.964,3.059333333333333,22.66790123,2.959333333333336,5.1260395,5.1445875,5.2184377,5.203825,5.1219187,0,0.0,0,1.0,-0.11,5.3,94.7
2022-12-15 13:15:00,755.94114997778,228.996950905554,229.033893894442,22.56666669,3.059333333333333,25.55,2,5.1764362714980825,70.66250196097344,13,3,12,-0.2588190451025208,-0.9659258262890684,0.4338837391175582,-0.900968867902419,-2.4492935982947064e-16,1.0,117.25,125.3125,122.3125,9.475,29.3,100.0,57.5,-4.6,3.425231,0.0,3.025,22.56481483,25.5,25.5,25.816666666666663,26.0,25.966666666666665,-19.507333356666663,-0.0481481166666704,0.0313333333333334,3.028,3.122,22.61975309555556,3.017111111111113,5.1219187,5.1260395,5.1445875,5.2184377,5.204893,0,0.0,0,1.0,-0.12,5.3,94.7
2022-12-15 13:30:00,372.236221188884,281.03153603889,281.075145477776,22.56481483,3.122,25.966666666666665,2,5.1764362714980825,70.66250196097344,13,3,12,-0.2588190451025208,-0.9659258262890684,0.4338837391175582,-0.900968867902419,-2.4492935982947064e-16,1.0,120.5,119.9375,126.60416666666669,9.55,26.6,100.0,57.0,-4.6,3.4240625,0.0,3.15,22.70555555,25.55,25.5,25.5,25.816666666666663,25.95,-19.44281483,-0.0018518599999985,0.0626666666666664,3.059333333333333,3.146,22.582098775555554,3.06977777777778,5.204893,5.1219187,5.1260395,5.1445875,5.243718,0,0.0,0,1.0,-0.12,5.3,94.7
2022-12-15 13:45:00,279.911303149998,222.819142427778,222.863585116666,22.70555555,3.146,25.95,2,5.1764362714980825,70.66250196097344,13,3,12,-0.2588190451025208,-0.9659258262890684,0.4338837391175582,-0.900968867902419,-2.4492935982947064e-16,1.0,123.75,118.875,130.125,9.625,23.9,100.0,56.5,-4.6,3.4226015,0.0,3.275,22.742592586666667,25.966666666666665,25.55,25.5,25.5,25.53333333333333,-19.55955555,0.1407407200000001,0.024,3.122,3.17,22.61234569,3.109111111111113,5.243718,5.204893,5.1219187,5.1260395,5.1704903,0,0.0,0,1.0,-0.09,5.2,94.8
2022-12-15 14:00:00,305.12223903889,231.99072,232.03960696111,22.742592586666667,3.17,25.53333333333333,2,5.1764362714980825,70.66250196097344,14,3,12,-0.4999999999999997,-0.8660254037844388,0.4338837391175582,-0.900968867902419,-2.4492935982947064e-16,1.0,127.0,122.125,132.875,9.7,21.2,100.0,56.0,-4.6,3.4208434,0.0,3.4,22.82222221,25.95,25.966666666666665,25.55,25.5,25.5,-19.572592586666666,0.0370370366666676,0.024,3.146,2.966,22.67098765555556,3.146000000000002,5.1704903,5.243718,5.204893,5.1219187,5.187354,0,0.0,0,1.0,-0.08,5.1,94.9
2022-12-15 14:15:00,323.4670608,247.614261683334,247.66287083889,22.82222221,2.966,25.5,2,5.1764362714980825,70.66250196097344,14,3,12,-0.4999999999999997,-0.8660254037844388,0.4338837391175582,-0.900968867902419,-2.4492935982947064e-16,1.0,112.5,120.9375,132.83333333333334,9.775,23.0,100.0,58.0,-4.3,3.5075834,0.025,3.25,22.92592593,25.53333333333333,25.95,25.966666666666665,25.55,25.5,-19.85622221,0.0796296233333322,-0.2039999999999997,3.17,2.5846666666666667,22.75679011555556,3.0940000000000025,5.187354,5.1704903,5.243718,5.204893,5.218249,0,0.0,0,1.0,-0.07,5.1,94.9
2022-12-15 14:30:00,313.623565705554,247.924804877776,247.96369222222,22.92592593,2.5846666666666667,25.5,2,5.1764362714980825,70.66250196097344,14,3,12,-0.4999999999999997,-0.8660254037844388,0.4338837391175582,-0.900968867902419,-2.4492935982947064e-16,1.0,98.0,115.3125,130.0,9.85,24.8,100.0,60.0,-4.0,3.592201,0.05,3.1,23.04444447,25.5,25.53333333333333,25.95,25.966666666666665,25.5,-20.34125926333333,0.1037037200000021,-0.3813333333333335,2.966,2.1366666666666663,22.83024690888889,2.9068888888888917,5.218249,5.187354,5.1704903,5.243718,5.253754,0,0.0,0,1.0,-0.04,5.0,95.0
2022-12-15 14:45:00,310.375084549998,246.914567455556,246.9517882,23.04444447,2.1366666666666663,25.5,2,5.1764362714980825,70.66250196097344,14,3,12,-0.4999999999999997,-0.8660254037844388,0.4338837391175582,-0.900968867902419,-2.4492935982947064e-16,1.0,83.5,105.25,124.375,9.925,26.6,100.0,62.0,-3.7,3.6747253,0.075,2.95,23.1074074,25.5,25.5,25.53333333333333,25.95,25.5,-20.90777780333333,0.1185185399999966,-0.4480000000000004,2.5846666666666667,1.53,22.93086420333333,2.5624444444444467,5.253754,5.218249,5.187354,5.1704903,5.2726994,0,0.0,0,1.0,-0.01,5.0,95.0
2022-12-15 15:00:00,292.646627033332,242.570852311112,242.606961966668,23.1074074,1.53,25.5,2,5.1764362714980825,70.66250196097344,15,3,12,-0.7071067811865471,-0.7071067811865479,0.4338837391175582,-0.900968867902419,-2.4492935982947064e-16,1.0,69.0,90.75,115.95833333333331,10.0,28.4,100.0,64.0,-3.4,3.755187,0.1,2.8,23.08333332,25.5,25.5,25.5,25.53333333333333,25.55,-21.5774074,0.0629629300000012,-0.6066666666666662,2.1366666666666663,1.208,23.025925933333337,2.08377777777778,5.2726994,5.253754,5.218249,5.187354,5.275772,0,0.0,0,1.0,0.0,5.0,95.0
2022-12-15 15:15:00,225.284877144444,176.70654255555598,176.737374672222,23.08333332,1.208,25.55,2,5.1764362714980825,70.66250196097344,15,3,12,-0.7071067811865471,-0.7071067811865479,0.4338837391175582,-0.900968867902419,-2.4492935982947064e-16,1.0,60.25,77.6875,107.97916666666669,10.475,26.975,100.0,63.75,-3.45,3.7342298,0.125,2.775,22.64814813666667,25.5,25.5,25.5,25.5,25.966666666666665,-21.875333320000003,-0.0240740799999983,-0.322,1.53,1.0766666666666669,23.07839506333333,1.624888888888891,5.275772,5.2726994,5.253754,5.218249,5.229841,0,0.0,0,1.0,-0.0,5.0,95.0
2022-12-15 15:30:00,180.393617366664,110.773068933332,110.807789777776,22.64814813666667,1.0766666666666669,25.966666666666665,2,5.1764362714980825,70.66250196097344,15,3,12,-0.7071067811865471,-0.7071067811865479,0.4338837391175582,-0.900968867902419,-2.4492935982947064e-16,1.0,51.5,66.0625,100.4375,10.95,25.55,100.0,63.5,-3.5,3.7133307,0.15,2.75,22.10000001,25.55,25.5,25.5,25.5,26.7,-21.57148147,-0.4351851833333313,-0.131333333333333,1.208,1.0753333333333337,22.94629628555556,1.271555555555558,5.229841,5.275772,5.2726994,5.253754,5.210737,0,0.0,0,1.0,-0.1,5.2,94.8
2022-12-15 15:45:00,282.978958272218,201.919145144444,201.965532238886,22.10000001,1.0753333333333337,26.7,2,5.1764362714980825,70.66250196097344,15,3,12,-0.7071067811865471,-0.7071067811865479,0.4338837391175582,-0.900968867902419,-2.4492935982947064e-16,1.0,42.75,55.875,93.33333333333331,11.425,24.125,100.0,63.25,-3.55,3.6924894,0.175,2.725,22.23703706,25.966666666666665,25.55,25.5,25.5,26.633333333333333,-21.024666676666666,-0.5481481266666712,-0.0013333333333334,1.0766666666666669,1.0,22.610493822222224,1.120000000000002,5.210737,5.229841,5.275772,5.2726994,5.238899,0,0.0,0,1.0,-0.23,6.1,93.9
2022-12-15 16:00:00,338.691451916662,269.661990872222,269.709489038886,22.23703706,1.0,26.633333333333333,2,5.1764362714980825,70.66250196097344,16,3,12,-0.8660254037844385,-0.5000000000000004,0.4338837391175582,-0.900968867902419,-2.4492935982947064e-16,1.0,34.0,47.125,86.66666666666667,11.9,22.7,100.0,63.0,-3.6,3.6717067,0.2,2.7,22.56111111,26.7,25.966666666666665,25.55,25.5,25.95,-21.23703706,0.13703705,-0.0753333333333334,1.0753333333333337,0.9206666666666669,22.32839506888889,1.050666666666669,5.238899,5.210737,5.229841,5.275772,5.200447,0,0.0,0,1.0,-0.19,5.8,94.2
2022-12-15 16:15:00,325.639474099992,270.894441588888,270.934162249998,22.56111111,0.9206666666666669,25.95,2,5.1764362714980825,70.66250196097344,16,3,12,-0.8660254037844385,-0.5000000000000004,0.4338837391175582,-0.900968867902419,-2.4492935982947064e-16,1.0,28.25,39.125,79.25,12.475,24.5,100.0,65.75,-3.3,3.774288,0.525,2.475,22.68518521333333,26.633333333333333,26.7,25.966666666666665,25.55,25.53333333333333,-21.640444443333337,0.3240740500000036,-0.0793333333333332,1.0,0.7846666666666666,22.299382726666668,0.9986666666666688,5.200447,5.238899,5.210737,5.229841,5.1535,0,0.0,0,1.0,-0.12,5.3,94.7
2022-12-15 16:30:00,559.472064738886,138.67917482777798,138.706673744444,22.68518521333333,0.7846666666666666,25.53333333333333,2,5.1764362714980825,70.66250196097344,16,3,12,-0.8660254037844385,-0.5000000000000004,0.4338837391175582,-0.900968867902419,-2.4492935982947064e-16,1.0,22.5,31.875,71.08333333333333,13.05,26.3,100.0,68.5,-3.0,3.8728364,0.8500000000000001,2.25,22.18333337,25.95,26.633333333333333,26.7,25.966666666666665,25.9,-21.900518546666667,0.1240741033333314,-0.1360000000000001,0.9206666666666669,0.7006666666666667,22.49444446111111,0.90177777777778,5.1535,5.200447,5.238899,5.210737,5.0789256,0,0.0,0,1.0,-0.1,5.2,94.8
2022-12-15 16:45:00,197.532376288884,150.696194127778,150.72341527222198,22.18333337,0.7006666666666667,25.9,2,5.1764362714980825,70.66250196097344,16,3,12,-0.8660254037844385,-0.5000000000000004,0.4338837391175582,-0.900968867902419,-2.4492935982947064e-16,1.0,16.75,25.375,62.16666666666666,13.625,28.1,100.0,71.25,-2.7,3.96744,1.175,2.025,21.94999998,25.53333333333333,25.95,26.633333333333333,26.7,26.466666666666665,-21.482666703333333,-0.5018518433333341,-0.0839999999999999,0.7846666666666666,0.7153333333333334,22.476543231111112,0.8020000000000023,5.0789256,5.1535,5.200447,5.238899,5.1207337,0,0.0,0,1.0,-0.21,5.9,94.1
2022-12-15 17:00:00,306.734952327778,257.262486855556,257.299707566668,21.94999998,0.7153333333333334,26.466666666666665,2,5.1764362714980825,70.66250196097344,17,3,12,-0.9659258262890684,-0.2588190451025206,0.4338837391175582,-0.900968867902419,-2.4492935982947064e-16,1.0,11.0,19.625,52.5,14.2,29.9,100.0,74.0,-2.4,4.058183,1.5,1.8,22.36666664,25.9,25.53333333333333,25.95,26.633333333333333,26.15,-21.234666646666664,-0.233333390000002,0.0146666666666667,0.7006666666666667,0.676,22.27283952111111,0.7335555555555578,5.1207337,5.0789256,5.1535,5.200447,5.182318,0,0.0,0,1.0,-0.26,6.4,93.6
2022-12-15 17:15:00,345.185081011108,272.82630872777804,272.866029388888,22.36666664,0.676,26.15,2,5.1764362714980825,70.66250196097344,17,3,12,-0.9659258262890684,-0.2588190451025206,0.4338837391175582,-0.900968867902419,-2.4492935982947064e-16,1.0,8.5,14.6875,43.833333333333336,14.3,31.425,100.0,76.0,-2.175,4.1256223,1.65,1.65,22.631481493333336,26.466666666666665,25.9,25.53333333333333,25.95,26.0,-21.690666640000003,0.4166666600000042,-0.0393333333333333,0.7153333333333334,0.6486666666666667,22.16666666333333,0.6973333333333356,5.182318,5.1207337,5.0789256,5.1535,5.23155,0,0.0,0,1.0,-0.17,5.6,94.4
2022-12-15 17:30:00,225.670972849998,163.065421572222,163.094031544444,22.631481493333336,0.6486666666666667,26.0,2,5.1764362714980825,70.66250196097344,17,3,12,-0.9659258262890684,-0.2588190451025206,0.4338837391175582,-0.900968867902419,-2.4492935982947064e-16,1.0,6.0,10.5625,36.16666666666666,14.4,32.95,100.0,78.0,-1.95,4.191223,1.8,1.5,22.22777777,26.15,26.466666666666665,25.9,25.53333333333333,26.05,-21.98281482666667,0.2648148533333341,-0.0273333333333333,0.676,0.6733333333333335,22.31604937111111,0.6800000000000023,5.23155,5.182318,5.1207337,5.0789256,5.121424,0,0.0,0,1.0,-0.11,5.2,94.8
2022-12-15 17:45:00,171.057046411108,122.9592481,122.984802644444,22.22777777,0.6733333333333335,26.05,2,5.1764362714980825,70.66250196097344,17,3,12,-0.9659258262890684,-0.2588190451025206,0.4338837391175582,-0.900968867902419,-2.4492935982947064e-16,1.0,3.5,7.25,29.5,14.5,34.475,100.0,80.0,-1.725,4.255014,1.95,1.35,21.861111106666662,26.0,26.15,26.466666666666665,25.9,26.466666666666665,-21.554444436666667,-0.4037037233333365,0.0246666666666667,0.6486666666666667,0.64,22.40864196777778,0.6660000000000023,5.121424,5.23155,5.182318,5.1207337,5.0945415,0,0.0,0,1.0,-0.2,5.8,94.2
2022-12-15 18:00:00,312.814709227774,253.874844633332,253.912343133332,21.861111106666662,0.64,26.466666666666665,2,5.1764362714980825,70.66250196097344,18,3,12,-1.0,-1.8369701987210294e-16,0.4338837391175582,-0.900968867902419,-2.4492935982947064e-16,1.0,1.0,4.75,23.83333333333333,14.6,36.0,100.0,82.0,-1.5,4.31702,2.1,1.2,22.244444410000003,26.05,26.0,26.15,26.466666666666665,26.5,-21.221111106666665,-0.3666666633333335,-0.0333333333333334,0.6733333333333335,0.6186666666666666,22.24012345666667,0.6540000000000022,5.0945415,5.121424,5.23155,5.182318,5.214893,0,0.0,0,1.0,-0.28,6.7,93.3
2022-12-15 18:15:00,322.380993194442,275.0239986,275.063719277776,22.244444410000003,0.6186666666666666,26.5,2,5.1764362714980825,70.66250196097344,18,3,12,-1.0,-1.8369701987210294e-16,0.4338837391175582,-0.900968867902419,-2.4492935982947064e-16,1.0,0.75,2.8125,18.875,14.575,34.75,100.0,81.75,-1.5,4.3112035,1.825,1.225,22.59259258,26.466666666666665,26.05,26.0,26.15,26.5,-21.625777743333337,0.3833333033333375,-0.0213333333333334,0.64,0.6753333333333333,22.11111109555556,0.6440000000000022,5.214893,5.0945415,5.121424,5.23155,5.3202724,0,0.0,0,1.0,-0.19,5.8,94.2
2022-12-15 18:30:00,230.10468427778,182.061328388888,182.093271577776,22.59259258,0.6753333333333333,26.5,2,5.1764362714980825,70.66250196097344,18,3,12,-1.0,-1.8369701987210294e-16,0.4338837391175582,-0.900968867902419,-2.4492935982947064e-16,1.0,0.5,1.4375,14.625,14.55,33.5,100.0,81.5,-1.5,4.305352,1.55,1.25,22.29444443,26.5,26.466666666666665,26.05,26.0,26.6,-21.917259246666664,0.3481481699999946,0.0566666666666667,0.6186666666666666,0.624,22.232716032222225,0.6446666666666689,5.3202724,5.214893,5.0945415,5.121424,5.2496514,0,0.0,0,1.0,-0.11,5.3,94.7
2022-12-15 18:45:00,189.055493044444,108.732872727778,108.76259382222,22.29444443,0.624,26.6,2,5.1764362714980825,70.66250196097344,18,3,12,-1.0,-1.8369701987210294e-16,0.4338837391175582,-0.900968867902419,-2.4492935982947064e-16,1.0,0.25,0.625,11.083333333333334,14.525,32.25,100.0,81.25,-1.5,4.2994676,1.275,1.275,21.78703704,26.5,26.5,26.466666666666665,26.05,27.433333333333334,-21.67044443,-0.2981481499999994,-0.0513333333333333,0.6753333333333333,0.63,22.377160473333333,0.6393333333333355,5.2496514,5.3202724,5.214893,5.0945415,5.2580795,0,0.0,0,1.0,-0.18,5.7,94.3
2022-12-15 19:00:00,262.224232927774,179.428100372222,179.472543044444,21.78703704,0.63,27.433333333333334,2,5.1764362714980825,70.66250196097344,19,3,12,-0.9659258262890684,0.2588190451025203,0.4338837391175582,-0.900968867902419,-2.4492935982947064e-16,1.0,0.0,0.375,8.25,14.5,31.0,100.0,81.0,-1.5,4.2935486,1.0,1.3,21.94999999,26.6,26.5,26.5,26.466666666666665,27.15,-21.15703704,-0.5074073900000009,0.006,0.624,0.6113333333333333,22.22469135,0.6431111111111133,5.2580795,5.2496514,5.3202724,5.214893,5.2529435,0,0.0,0,1.0,-0.29,6.8,93.2
2022-12-15 19:15:00,329.53320697778,266.505172683334,266.557948355556,21.94999999,0.6113333333333333,27.15,2,5.1764362714980825,70.66250196097344,19,3,12,-0.9659258262890684,0.2588190451025203,0.4338837391175582,-0.900968867902419,-2.4492935982947064e-16,1.0,0.0,0.1875,5.895833333333333,14.375,30.8,100.0,81.25,-1.425,4.3288646,1.025,1.375,22.331481466666663,27.433333333333334,26.6,26.5,26.5,27.0,-21.338666656666664,0.1629629500000007,-0.0186666666666667,0.63,0.6186666666666666,22.01049382,0.6217777777777801,5.2529435,5.2580795,5.2496514,5.3202724,5.339955,0,0.0,0,1.0,-0.26,6.4,93.6
2022-12-15 19:30:00,262.660326549998,192.017041227778,192.060928438886,22.331481466666663,0.6186666666666666,27.0,2,5.1764362714980825,70.66250196097344,19,3,12,-0.9659258262890684,0.2588190451025203,0.4338837391175582,-0.900968867902419,-2.4492935982947064e-16,1.0,0.0,0.0625,4.020833333333333,14.25,30.6,100.0,81.5,-1.35,4.3644147,1.05,1.4500000000000002,22.14444444,27.15,27.433333333333334,26.6,26.5,26.75,-21.7128148,0.3814814766666679,0.0073333333333333,0.6113333333333333,0.614,22.022839498888885,0.6200000000000022,5.339955,5.2529435,5.2580795,5.2496514,5.2338758,0,0.0,0,1.0,-0.17,5.6,94.4
2022-12-15 19:45:00,187.296952222224,109.957545972222,109.990322411112,22.14444444,0.614,26.75,2,5.1764362714980825,70.66250196097344,19,3,12,-0.9659258262890684,0.2588190451025203,0.4338837391175582,-0.900968867902419,-2.4492935982947064e-16,1.0,0.0,0.0,2.625,14.125,30.4,100.0,81.75,-1.275,4.4002023,1.0750000000000002,1.525,21.64444443333333,27.0,27.15,27.433333333333334,26.6,27.616666666666667,-21.53044444,-0.187037026666669,-0.0046666666666665,0.6186666666666666,0.5933333333333334,22.14197529888889,0.6146666666666688,5.2338758,5.339955,5.2529435,5.2580795,5.2497883,0,0.0,0,1.0,-0.22,6.0,94.0
2022-12-15 20:00:00,267.605684227778,200.415594172222,200.459759088888,21.64444443333333,0.5933333333333334,27.616666666666667,2,5.1764362714980825,70.66250196097344,20,3,12,-0.8660254037844386,0.5000000000000001,0.4338837391175582,-0.900968867902419,-2.4492935982947064e-16,1.0,0.0,0.0,1.7083333333333333,14.0,30.2,100.0,82.0,-1.2,4.4362273,1.1,1.6,21.87222219,26.75,27.0,27.15,27.433333333333334,27.65,-21.0511111,-0.5000000066666672,-0.0206666666666666,0.614,0.626,22.040123446666662,0.6086666666666688,5.2497883,5.2338758,5.339955,5.2529435,5.3257337,0,0.0,0,1.0,-0.33,7.2,92.8
2022-12-15 20:15:00,328.470749511112,240.0445645,240.093451427778,21.87222219,0.626,27.65,2,5.1764362714980825,70.66250196097344,20,3,12,-0.8660254037844386,0.5000000000000001,0.4338837391175582,-0.900968867902419,-2.4492935982947064e-16,1.0,0.0,0.0,1.0,13.675,29.75,100.0,82.75,-1.15,4.454027,1.05,1.525,22.20370368,27.616666666666667,26.75,27.0,27.15,27.5,-21.24622219,0.2277777566666685,0.0326666666666666,0.5933333333333334,0.656,21.88703702111111,0.6111111111111134,5.3257337,5.2497883,5.2338758,5.339955,5.3990083,0,0.0,0,1.0,-0.27,6.5,93.5
2022-12-15 20:30:00,277.071416683334,185.144260583334,185.187036672222,22.20370368,0.656,27.5,2,5.1764362714980825,70.66250196097344,20,3,12,-0.8660254037844386,0.5000000000000001,0.4338837391175582,-0.900968867902419,-2.4492935982947064e-16,1.0,0.0,0.0,0.5,13.35,29.3,100.0,83.5,-1.1,4.4715166,1.0,1.4500000000000002,21.94444444,27.65,27.616666666666667,26.75,27.0,27.6,-21.54770368,0.3314814900000016,0.03,0.626,0.678,21.906790101111117,0.6251111111111134,5.3990083,5.3257337,5.2497883,5.2338758,5.338299,0,0.0,0,1.0,-0.2,5.8,94.2
2022-12-15 20:45:00,179.041171449998,111.873858216666,111.908579011112,21.94444444,0.678,27.6,2,5.1764362714980825,70.66250196097344,20,3,12,-0.8660254037844386,0.5000000000000001,0.4338837391175582,-0.900968867902419,-2.4492935982947064e-16,1.0,0.0,0.0,0.2083333333333333,13.025,28.85,100.0,84.25,-1.05,4.4887,0.95,1.375,21.45370368333333,27.5,27.65,27.616666666666667,26.75,28.433333333333334,-21.26644444,-0.2592592400000022,0.022,0.656,0.6833333333333333,22.006790103333334,0.6533333333333355,5.338299,5.3990083,5.3257337,5.2497883,5.345716,0,0.0,0,1.0,-0.26,6.4,93.6
2022-12-15 21:00:00,257.821631188888,202.262464727778,202.297185572222,21.45370368333333,0.6833333333333333,28.433333333333334,2,5.1764362714980825,70.66250196097344,21,3,12,-0.7071067811865477,0.7071067811865474,0.4338837391175582,-0.900968867902419,-2.4492935982947064e-16,1.0,0.0,0.0,0.125,12.7,28.4,100.0,85.0,-1.0,4.505576,0.9,1.3,21.65555555,27.6,27.5,27.65,27.616666666666667,28.45,-20.77037035,-0.4907407566666641,0.0053333333333333,0.678,0.7126666666666667,21.867283934444444,0.6724444444444467,5.345716,5.338299,5.3990083,5.3257337,5.411677,0,0.0,0,1.0,-0.37,7.8,92.2
2022-12-15 21:15:00,324.128701033332,259.464898772222,259.501841744444,21.65555555,0.7126666666666667,28.45,2,5.1764362714980825,70.66250196097344,21,3,12,-0.7071067811865477,0.7071067811865474,0.4338837391175582,-0.900968867902419,-2.4492935982947064e-16,1.0,0.0,0.0,0.0625,12.85,28.4,100.0,85.25,-0.95,4.526533,0.825,1.325,22.05370372333333,28.433333333333334,27.6,27.5,27.65,28.03333333333333,-20.94288888333333,0.2018518666666651,0.0293333333333333,0.6833333333333333,0.8066666666666666,21.68456789111111,0.6913333333333357,5.411677,5.345716,5.338299,5.3990083,5.4563737,0,0.0,0,1.0,-0.32,7.1,92.9
2022-12-15 21:30:00,235.431693455556,179.28810593889,179.316438122224,22.05370372333333,0.8066666666666666,28.03333333333333,2,5.1764362714980825,70.66250196097344,21,3,12,-0.7071067811865477,0.7071067811865474,0.4338837391175582,-0.900968867902419,-2.4492935982947064e-16,1.0,0.0,0.0,0.0208333333333333,13.0,28.4,100.0,85.5,-0.9,4.5475464,0.75,1.35,21.833333340000003,28.45,28.433333333333334,27.6,27.5,28.05,-21.24703705666667,0.3981481733333361,0.0939999999999999,0.7126666666666667,0.7606666666666667,21.72098765222222,0.7342222222222246,5.4563737,5.411677,5.345716,5.338299,5.390665,0,0.0,0,1.0,-0.23,6.1,93.9
2022-12-15 21:45:00,190.869587144444,114.331259883334,114.352925716666,21.833333340000003,0.7606666666666667,28.05,2,5.1764362714980825,70.66250196097344,21,3,12,-0.7071067811865477,0.7071067811865474,0.4338837391175582,-0.900968867902419,-2.4492935982947064e-16,1.0,0.0,0.0,0.0,13.15,28.4,100.0,85.75,-0.8500000000000001,4.5686173,0.675,1.375,21.34259258333333,28.03333333333333,28.45,28.433333333333334,27.6,28.65,-21.072666673333337,-0.2203703833333321,-0.0459999999999999,0.8066666666666666,0.7526666666666667,21.847530871111115,0.7600000000000021,5.390665,5.4563737,5.411677,5.345716,5.3518972,0,0.0,0,1.0,-0.28,6.6,93.4
2022-12-15 22:00:00,665.43477062777,240.961194533332,241.007581611108,21.34259258333333,0.7526666666666667,28.65,2,5.1764362714980825,70.66250196097344,22,3,12,-0.5000000000000004,0.8660254037844384,0.4338837391175582,-0.900968867902419,-2.4492935982947064e-16,1.0,0.0,0.0,0.0,13.3,28.4,100.0,86.0,-0.8,4.5897446,0.6,1.4,21.61666666,28.05,28.03333333333333,28.45,28.433333333333334,29.0,-20.589925916666665,-0.4907407566666713,-0.008,0.7606666666666667,0.6933333333333334,21.74320988222222,0.7733333333333355,5.3518972,5.390665,5.4563737,5.411677,5.5039067,0,0.0,0,1.0,-0.39,8.2,91.8
2022-12-15 22:15:00,336.38932175555203,266.938210944444,266.989042244444,21.61666666,0.6933333333333334,29.0,2,5.1764362714980825,70.66250196097344,22,3,12,-0.5000000000000004,0.8660254037844384,0.4338837391175582,-0.900968867902419,-2.4492935982947064e-16,1.0,0.0,0.0,0.0,13.125,28.4,100.0,86.0,-0.775,4.597564,0.55,1.4249999999999998,21.98148148,28.65,28.05,28.03333333333333,28.45,28.816666666666663,-20.923333326666665,0.2740740766666683,-0.0593333333333333,0.7526666666666667,0.7260000000000001,21.597530861111117,0.7355555555555577,5.5039067,5.3518972,5.390665,5.4563737,5.5855403,0,0.0,0,1.0,-0.32,7.2,92.8
2022-12-15 22:30:00,224.694623038886,157.288708216666,157.328151072222,21.98148148,0.7260000000000001,28.816666666666663,2,5.1764362714980825,70.66250196097344,22,3,12,-0.5000000000000004,0.8660254037844384,0.4338837391175582,-0.900968867902419,-2.4492935982947064e-16,1.0,0.0,0.0,0.0,12.95,28.4,100.0,86.0,-0.75,4.605395,0.5,1.45,21.62222222,29.0,28.65,28.05,28.03333333333333,28.6,-21.25548148,0.3648148199999994,0.0326666666666667,0.6933333333333334,0.818,21.646913574444444,0.7240000000000023,5.5855403,5.5039067,5.3518972,5.390665,5.4297357,0,0.0,0,1.0,-0.24,6.2,93.8
2022-12-15 22:45:00,179.357547694442,117.463356827778,117.485022677776,21.62222222,0.818,28.6,2,5.1764362714980825,70.66250196097344,22,3,12,-0.5000000000000004,0.8660254037844384,0.4338837391175582,-0.900968867902419,-2.4492935982947064e-16,1.0,0.0,0.0,0.0,12.775,28.4,100.0,86.0,-0.725,4.6132383,0.45,1.475,21.281481456666665,28.816666666666663,29.0,28.65,28.05,29.433333333333334,-20.80422222,-0.3592592599999982,0.0919999999999998,0.7260000000000001,0.7833333333333333,21.740123453333336,0.74577777777778,5.4297357,5.5855403,5.5039067,5.3518972,5.4787846,0,0.0,0,1.0,-0.32,7.2,92.8
2022-12-15 23:00:00,270.497235277776,203.29881213889,203.322422327778,21.281481456666665,0.7833333333333333,29.433333333333334,2,5.1764362714980825,70.66250196097344,23,3,12,-0.2588190451025215,0.965925826289068,0.4338837391175582,-0.900968867902419,-2.4492935982947064e-16,1.0,0.0,0.0,0.0,12.6,28.4,100.0,86.0,-0.7,4.6210923,0.4,1.5,21.5888889,28.6,28.816666666666663,29.0,28.65,29.45,-20.49814812333333,-0.3407407633333363,-0.0346666666666666,0.818,0.804,21.62839505222222,0.77577777777778,5.4787846,5.4297357,5.5855403,5.5039067,5.580341,0,0.0,0,1.0,-0.4,8.3,91.7
2022-12-15 23:15:00,357.690136205558,257.619139255556,257.641082844444,21.5888889,0.804,29.45,2,5.1764362714980825,70.66250196097344,23,3,12,-0.2588190451025215,0.965925826289068,0.4338837391175582,-0.900968867902419,-2.4492935982947064e-16,1.0,0.0,0.0,0.0,12.525,28.15,100.0,85.5,-0.7,4.609879,0.4,1.55,21.874074086666667,29.433333333333334,28.6,28.816666666666663,29.0,29.03333333333333,-20.7848889,0.3074074433333322,0.0206666666666667,0.7833333333333333,0.8033333333333333,21.49753085888889,0.80177777777778,5.580341,5.4787846,5.4297357,5.5855403,5.5927777,0,0.0,0,1.0,-0.33,7.2,92.8
2022-12-15 23:30:00,266.822104555552,167.963836744444,167.978836177776,21.874074086666667,0.8033333333333333,29.03333333333333,2,5.1764362714980825,70.66250196097344,23,3,12,-0.2588190451025215,0.965925826289068,0.4338837391175582,-0.900968867902419,-2.4492935982947064e-16,1.0,0.0,0.0,0.0,12.45,27.9,100.0,85.0,-0.7,4.598528,0.4,1.6,21.65555555,29.45,29.433333333333334,28.6,28.816666666666663,29.1,-21.07074075333333,0.2851851866666699,-0.0006666666666667,0.804,0.822,21.581481481111112,0.7968888888888911,5.5927777,5.580341,5.4787846,5.4297357,5.535318,0,0.0,0,1.0,-0.26,6.4,93.6
2022-12-15 23:45:00,239.487086750002,111.420543,111.424987338886,21.65555555,0.822,29.1,2,5.1764362714980825,70.66250196097344,23,3,12,-0.2588190451025215,0.965925826289068,0.4338837391175582,-0.900968867902419,-2.4492935982947064e-16,1.0,0.0,0.0,0.0,12.375,27.65,100.0,84.5,-0.7,4.5870404,0.4,1.65,21.248148126666667,29.03333333333333,29.45,29.433333333333334,28.6,29.933333333333334,-20.83355555,-0.2185185366666679,0.0186666666666666,0.8033333333333333,0.778,21.70617284555556,0.80977777777778,5.535318,5.5927777,5.580341,5.4787846,5.561099,0,0.0,0,1.0,-0.31,7.0,93.0
2022-12-16 00:00:00,295.382073227774,168.759638227778,168.767971277776,21.248148126666667,0.778,29.933333333333334,2,5.1764362714980825,70.66250196097344,0,4,12,0.0,1.0,-0.433883739117558,-0.9009688679024191,-2.4492935982947064e-16,1.0,0.0,0.0,0.0,12.3,27.4,100.0,84.0,-0.7,4.575414,0.4,1.7,21.48888891,29.1,29.03333333333333,29.45,29.433333333333334,29.95,-20.47014812666667,-0.407407423333332,-0.0439999999999999,0.822,0.8426666666666667,21.592592587777776,0.8011111111111133,5.561099,5.535318,5.5927777,5.580341,5.6423445,0,0.0,0,1.0,-0.4,8.4,91.6
2022-12-16 00:15:00,390.518545349998,255.306176227778,255.322842277776,21.48888891,0.8426666666666667,29.95,2,5.1764362714980825,70.66250196097344,0,4,12,0.0,1.0,-0.433883739117558,-0.9009688679024191,-2.4492935982947064e-16,1.0,0.0,0.0,0.0,11.675,26.95,100.0,87.75,-0.3999999999999999,4.699109,0.35,1.45,21.92777780333333,29.933333333333334,29.1,29.03333333333333,29.45,29.53333333333333,-20.64622224333333,0.240740783333333,0.0646666666666666,0.778,0.958,21.46419752888889,0.8142222222222245,5.6423445,5.561099,5.535318,5.5927777,5.7067504,0,0.0,0,1.0,-0.35,7.5,92.5
2022-12-16 00:30:00,334.42495571667,194.369447127778,194.379446711112,21.92777780333333,0.958,29.53333333333333,2,5.1764362714980825,70.66250196097344,0,4,12,0.0,1.0,-0.433883739117558,-0.9009688679024191,-2.4492935982947064e-16,1.0,0.0,0.0,0.0,11.05,26.5,100.0,91.5,-0.0999999999999999,4.8171625,0.3,1.2,21.85555555,29.95,29.933333333333334,29.1,29.03333333333333,29.2,-20.969777803333336,0.4388888933333348,0.1153333333333332,0.8426666666666667,0.85,21.55493828,0.8595555555555577,5.7067504,5.6423445,5.561099,5.535318,5.6188765,0,0.0,0,1.0,-0.25,6.3,93.7
2022-12-16 00:45:00,234.468398838882,113.824057972222,113.829057838886,21.85555555,0.85,29.2,2,5.1764362714980825,70.66250196097344,0,4,12,0.0,1.0,-0.433883739117558,-0.9009688679024191,-2.4492935982947064e-16,1.0,0.0,0.0,0.0,10.425,26.05,100.0,95.25,0.2,4.9297104,0.25,0.95,21.438888876666667,29.53333333333333,29.95,29.933333333333334,29.1,29.65,-21.00555555,-0.0722222533333329,-0.1079999999999999,0.958,0.8753333333333333,21.757407421111115,0.8835555555555578,5.6188765,5.7067504,5.6423445,5.561099,5.5696807,0,0.0,0,1.0,-0.27,6.5,93.5
2022-12-16 01:00:00,362.947703727778,244.451610427778,244.4668876,21.438888876666667,0.8753333333333333,29.65,2,5.1764362714980825,70.66250196097344,1,4,12,0.2588190451025207,0.9659258262890684,-0.433883739117558,-0.9009688679024191,-2.4492935982947064e-16,1.0,0.0,0.0,0.0,9.8,25.6,100.0,99.0,0.5,5.036887,0.2,0.7,21.78888888,29.2,29.53333333333333,29.95,29.933333333333334,29.65,-20.563555543333333,-0.416666673333335,0.0253333333333333,0.85,0.8946666666666666,21.740740743333337,0.8944444444444466,5.5696807,5.6188765,5.7067504,5.6423445,5.683552,0,0.0,0,1.0,-0.36,7.7,92.3
2022-12-16 01:15:00,397.880750783334,256.2689155,256.284192705554,21.78888888,0.8946666666666666,29.65,2,5.1764362714980825,70.66250196097344,1,4,12,0.2588190451025207,0.9659258262890684,-0.433883739117558,-0.9009688679024191,-2.4492935982947064e-16,1.0,0.0,0.0,0.0,10.0,25.4,100.0,99.0,0.55,5.0541635,0.2,0.75,22.240740716666668,29.65,29.2,29.53333333333333,29.95,29.316666666666663,-20.89422221333333,0.3500000033333315,0.0193333333333333,0.8753333333333333,0.92,21.69444443555556,0.8733333333333356,5.683552,5.5696807,5.6188765,5.7067504,5.76795,0,0.0,0,1.0,-0.28,6.6,93.4
2022-12-16 01:30:00,350.527367161114,214.771964294446,214.7847416,22.240740716666668,0.92,29.316666666666663,2,5.1764362714980825,70.66250196097344,1,4,12,0.2588190451025207,0.9659258262890684,-0.433883739117558,-0.9009688679024191,-2.4492935982947064e-16,1.0,0.0,0.0,0.0,10.2,25.200000000000003,100.0,99.0,0.6,5.071494,0.2,0.8,22.13333332,29.65,29.65,29.2,29.53333333333333,29.0,-21.32074071666667,0.4518518366666697,0.0253333333333333,0.8946666666666666,0.988,21.82283949111111,0.8966666666666688,5.76795,5.683552,5.5696807,5.6188765,5.670479,0,0.0,0,1.0,-0.18,5.6,94.4
2022-12-16 01:45:00,227.37618242222,106.454352755556,106.459074849998,22.13333332,0.988,29.0,2,5.1764362714980825,70.66250196097344,1,4,12,0.2588190451025207,0.9659258262890684,-0.433883739117558,-0.9009688679024191,-2.4492935982947064e-16,1.0,0.0,0.0,0.0,10.4,25.0,100.0,99.0,0.6499999999999999,5.088875,0.2,0.85,21.63518520333333,29.316666666666663,29.65,29.65,29.2,29.366666666666667,-21.14533332,-0.1074073966666659,0.068,0.92,1.084,22.054320972222225,0.9342222222222244,5.670479,5.76795,5.683552,5.5696807,5.579468,0,0.0,0,1.0,-0.2,5.9,94.1
2022-12-16 02:00:00,247.626761333328,159.30446091666602,159.318904838886,21.63518520333333,1.084,29.366666666666667,2,5.1764362714980825,70.66250196097344,2,4,12,0.4999999999999999,0.8660254037844387,-0.433883739117558,-0.9009688679024191,-2.4492935982947064e-16,1.0,0.0,0.0,0.0,10.6,24.8,100.0,99.0,0.7,5.1063085,0.2,0.9,21.67777776,29.0,29.316666666666663,29.65,29.65,29.65,-20.551185203333333,-0.4981481166666697,0.096,0.988,1.1686666666666667,22.00308641333333,0.9973333333333356,5.579468,5.670479,5.76795,5.683552,5.6471868,0,0.0,0,1.0,-0.32,7.1,92.9
2022-12-16 02:15:00,259.766275633332,213.396463783334,213.420351694446,21.67777776,1.1686666666666667,29.65,2,5.1764362714980825,70.66250196097344,2,4,12,0.4999999999999999,0.8660254037844387,-0.433883739117558,-0.9009688679024191,-2.4492935982947064e-16,1.0,0.0,0.0,0.0,9.575,24.55,100.0,99.0,0.4249999999999999,5.002487,0.325,0.6000000000000001,22.011111096666664,29.366666666666667,29.0,29.316666666666663,29.65,29.316666666666663,-20.50911109333333,0.0425925566666691,0.0846666666666666,1.084,1.2946666666666669,21.815432094444446,1.0802222222222244,5.6471868,5.579468,5.670479,5.76795,5.6921697,0,0.0,0,1.0,-0.31,6.9,93.1
2022-12-16 02:30:00,299.233307988888,246.558748355556,246.584580655556,22.011111096666664,1.2946666666666669,29.316666666666663,2,5.1764362714980825,70.66250196097344,2,4,12,0.4999999999999999,0.8660254037844387,-0.433883739117558,-0.9009688679024191,-2.4492935982947064e-16,1.0,0.0,0.0,0.0,8.55,24.3,100.0,99.0,0.1499999999999999,4.9005246,0.4499999999999999,0.3,22.083333340000003,29.65,29.366666666666667,29.0,29.316666666666663,29.0,-20.71644443,0.3333333366666622,0.1260000000000001,1.1686666666666667,1.248,21.77469135333333,1.1824444444444469,5.6921697,5.6471868,5.579468,5.670479,5.6541705,0,0.0,0,1.0,-0.23,6.1,93.9
2022-12-16 02:45:00,162.62738356111,106.391577533332,106.403243766664,22.083333340000003,1.248,29.0,2,5.1764362714980825,70.66250196097344,2,4,12,0.4999999999999999,0.8660254037844387,-0.433883739117558,-0.9009688679024191,-2.4492935982947064e-16,1.0,0.0,0.0,0.0,7.525,24.05,100.0,99.0,-0.1250000000000001,4.800387,0.575,0.0,21.63518520333333,29.316666666666663,29.65,29.366666666666667,29.0,29.183333333333334,-20.83533334,0.0722222433333392,-0.0466666666666668,1.2946666666666669,1.159333333333333,21.92407406555556,1.2371111111111135,5.6541705,5.6921697,5.6471868,5.579468,5.5446353,0,0.0,0,1.0,-0.21,6.0,94.0
2022-12-16 03:00:00,198.876489088888,155.440171044444,155.458781433332,21.63518520333333,1.159333333333333,29.183333333333334,2,5.1764362714980825,70.66250196097344,3,4,12,0.7071067811865476,0.7071067811865476,-0.433883739117558,-0.9009688679024191,-2.4492935982947064e-16,1.0,0.0,0.0,0.0,6.5,23.8,100.0,99.0,-0.4,4.70205,0.7,-0.3,21.64444446,29.0,29.316666666666663,29.65,29.366666666666667,29.45,-20.47585187,-0.4481481366666706,-0.0886666666666666,1.248,1.1606666666666667,21.90987654666667,1.2340000000000024,5.5446353,5.6541705,5.6921697,5.6471868,5.598295,0,0.0,0,1.0,-0.32,7.1,92.9
2022-12-16 03:15:00,282.245098694442,246.954010311112,246.984009127778,21.64444446,1.1606666666666667,29.45,2,5.1764362714980825,70.66250196097344,3,4,12,0.7071067811865476,0.7071067811865476,-0.433883739117558,-0.9009688679024191,-2.4492935982947064e-16,1.0,0.0,0.0,0.0,6.3,20.9,100.0,99.0,-0.5,4.6777434,0.6499999999999999,-0.375,22.007407396666668,29.183333333333334,29.0,29.316666666666663,29.65,29.03333333333333,-20.48377779333333,0.0092592566666667,0.0013333333333334,1.159333333333333,1.151333333333333,21.787654334444444,1.1893333333333356,5.598295,5.5446353,5.6541705,5.6921697,5.635955,0,0.0,0,1.0,-0.31,7.1,92.9
2022-12-16 03:30:00,248.866711616666,211.44459746111,211.470985338886,22.007407396666668,1.151333333333333,29.03333333333333,2,5.1764362714980825,70.66250196097344,3,4,12,0.7071067811865476,0.7071067811865476,-0.433883739117558,-0.9009688679024191,-2.4492935982947064e-16,1.0,0.0,0.0,0.0,6.1,18.0,100.0,99.0,-0.6000000000000001,4.6535482,0.6,-0.4499999999999999,22.01666668,29.45,29.183333333333334,29.0,29.316666666666663,29.05,-20.85607406333333,0.3629629366666691,-0.0093333333333334,1.1606666666666667,1.13,21.762345686666663,1.1571111111111134,5.635955,5.598295,5.5446353,5.6541705,5.642201,0,0.0,0,1.0,-0.23,6.1,93.9
2022-12-16 03:45:00,205.79149034444,153.478027316666,153.497748794442,22.01666668,1.13,29.05,2,5.1764362714980825,70.66250196097344,3,4,12,0.7071067811865476,0.7071067811865476,-0.433883739117558,-0.9009688679024191,-2.4492935982947064e-16,1.0,0.0,0.0,0.0,5.9,15.1,100.0,99.0,-0.7000000000000001,4.629462,0.55,-0.525,21.79007936642857,29.03333333333333,29.45,29.183333333333334,29.0,29.28214285714285,-20.88666668,0.009259283333332,-0.0213333333333334,1.151333333333333,1.1471428571428572,21.88950617888889,1.1473333333333355,5.642201,5.635955,5.598295,5.5446353,5.6134243,0,0.0,0,1.0,-0.23,6.1,93.9
2022-12-16 04:00:00,295.22180182222,247.9717474,248.000912949998,21.79007936642857,1.1471428571428572,29.28214285714285,2,5.1764362714980825,70.66250196097344,4,4,12,0.8660254037844386,0.5000000000000001,-0.433883739117558,-0.9009688679024191,-2.4492935982947064e-16,1.0,0.0,0.0,0.0,5.7,12.2,100.0,99.0,-0.8,4.605485,0.5,-0.6,22.2333333,29.05,29.03333333333333,29.45,29.183333333333334,28.95,-20.64293650928572,-0.2265873135714251,0.0171428571428573,1.13,1.3913333333333333,21.938051147698417,1.142825396825399,5.6134243,5.642201,5.635955,5.598295,5.693384,0,0.0,0,1.0,-0.28,6.6,93.4
2022-12-16 04:15:00,308.586822733332,265.859087427778,265.891030649998,22.2333333,1.3913333333333333,28.95,2,5.1764362714980825,70.66250196097344,4,4,12,0.8660254037844386,0.5000000000000001,-0.433883739117558,-0.9009688679024191,-2.4492935982947064e-16,1.0,0.0,0.0,0.0,6.125,15.175,100.0,99.0,-0.8250000000000001,4.597517,0.475,-0.625,22.42777776333333,29.28214285714285,29.05,29.03333333333333,29.45,28.53333333333333,-20.84199996666667,0.4432539335714267,0.244190476190476,1.1471428571428572,1.23,22.01335978214286,1.222825396825399,5.693384,5.6134243,5.642201,5.635955,5.6745353,0,0.0,0,1.0,-0.18,5.7,94.3
2022-12-16 04:30:00,186.801694483326,140.135505472222,140.155504738886,22.42777776333333,1.23,28.53333333333333,2,5.1764362714980825,70.66250196097344,4,4,12,0.8660254037844386,0.5000000000000001,-0.433883739117558,-0.9009688679024191,-2.4492935982947064e-16,1.0,0.0,0.0,0.0,6.550000000000001,18.15,100.0,99.0,-0.8500000000000001,4.5895605,0.45,-0.6499999999999999,22.01666666,28.95,29.28214285714285,29.05,29.03333333333333,28.85,-21.19777776333333,0.1944444633333297,-0.1613333333333333,1.3913333333333333,1.1993333333333331,22.15039680992064,1.2561587301587325,5.6745353,5.693384,5.6134243,5.642201,5.603357,0,0.0,0,1.0,-0.14,5.4,94.6
2022-12-16 04:45:00,213.3322997,179.279772972222,179.30421646111,22.01666666,1.1993333333333331,28.85,2,5.1764362714980825,70.66250196097344,4,4,12,0.8660254037844386,0.5000000000000001,-0.433883739117558,-0.9009688679024191,-2.4492935982947064e-16,1.0,0.0,0.0,0.0,6.9750000000000005,21.125,100.0,99.0,-0.875,4.581617,0.425,-0.6749999999999999,21.959259253333336,28.53333333333333,28.95,29.28214285714285,29.05,28.816666666666663,-20.817333326666667,-0.411111103333333,-0.0306666666666668,1.23,1.094,22.22592590777778,1.2735555555555578,5.603357,5.6745353,5.693384,5.6134243,5.5783873,0,0.0,0,1.0,-0.23,6.1,93.9
2022-12-16 05:00:00,305.273344377768,271.52469416111,271.557748405554,21.959259253333336,1.094,28.816666666666663,2,5.1764362714980825,70.66250196097344,5,4,12,0.9659258262890684,0.2588190451025207,-0.433883739117558,-0.9009688679024191,-2.4492935982947064e-16,1.0,0.0,0.0,0.0,7.4,24.1,100.0,99.0,-0.9,4.573685,0.4,-0.7,22.32222224,28.85,28.53333333333333,28.95,29.28214285714285,28.45,-20.86525925333333,-0.0574074066666625,-0.105333333333333,1.1993333333333331,1.336,22.134567892222226,1.1744444444444466,5.5783873,5.603357,5.6745353,5.693384,5.6237345,0,0.0,0,1.0,-0.25,6.2,93.8
2022-12-16 05:15:00,271.799683061114,212.154846816666,212.180123638886,22.32222224,1.336,28.45,2,5.1764362714980825,70.66250196097344,5,4,12,0.9659258262890684,0.2588190451025207,-0.433883739117558,-0.9009688679024191,-2.4492935982947064e-16,1.0,0.0,0.0,0.0,7.075,24.025,100.0,99.0,-0.85,4.581617,0.425,-0.6749999999999999,22.225925916666665,28.816666666666663,28.85,28.53333333333333,28.95,28.216666666666665,-20.98622224,0.3629629866666626,0.2419999999999997,1.094,1.2366666666666668,22.09938271777777,1.2097777777777798,5.6237345,5.5783873,5.603357,5.6745353,5.5467997,0,0.0,0,1.0,-0.16,5.5,94.5
2022-12-16 05:30:00,518.782303344448,151.840037255556,151.861703088888,22.225925916666665,1.2366666666666668,28.216666666666665,2,5.1764362714980825,70.66250196097344,5,4,12,0.9659258262890684,0.2588190451025207,-0.433883739117558,-0.9009688679024191,-2.4492935982947064e-16,1.0,0.0,0.0,0.0,6.75,23.950000000000003,100.0,99.0,-0.8,4.5895605,0.45,-0.6499999999999999,21.98333329,28.45,28.816666666666663,28.85,28.53333333333333,28.45,-20.98925925,-0.096296323333334,-0.099333333333333,1.336,1.1746666666666667,22.169135803333333,1.2222222222222243,5.5467997,5.6237345,5.5783873,5.603357,5.5150576,0,0.0,0,1.0,-0.19,5.7,94.3
2022-12-16 05:45:00,322.79819872222,264.658302144444,264.689412049998,21.98333329,1.1746666666666667,28.45,2,5.1764362714980825,70.66250196097344,5,4,12,0.9659258262890684,0.2588190451025207,-0.433883739117558,-0.9009688679024191,-2.4492935982947064e-16,1.0,0.0,0.0,0.0,6.425,23.875,100.0,99.0,-0.75,4.597517,0.475,-0.625,22.409259233333334,28.216666666666665,28.45,28.816666666666663,28.85,28.03333333333333,-20.80866662333333,-0.2425926266666636,-0.062,1.2366666666666668,1.1266666666666667,22.177160482222224,1.2491111111111133,5.5150576,5.5467997,5.6237345,5.5783873,5.569168,0,0.0,0,1.0,-0.24,6.2,93.8
2022-12-16 06:00:00,289.316760399992,246.027380711112,246.05626852222,22.409259233333334,1.1266666666666667,28.03333333333333,2,5.1764362714980825,70.66250196097344,6,4,12,1.0,6.123233995736766e-17,-0.433883739117558,-0.9009688679024191,-2.4492935982947064e-16,1.0,0.0,0.0,0.0,6.1,23.8,100.0,99.0,-0.7,4.605485,0.5,-0.6,22.49444444,28.45,28.216666666666665,28.45,28.816666666666663,28.1,-21.28259256666667,0.4259259433333326,-0.048,1.1746666666666667,1.088666666666667,22.206172813333332,1.1793333333333358,5.569168,5.5150576,5.5467997,5.6237345,5.609799,0,0.0,0,1.0,-0.15,5.4,94.6
2022-12-16 06:15:00,755.746713455552,116.138687633332,116.155909194442,22.49444444,1.088666666666667,28.1,2,5.1764362714980825,70.66250196097344,6,4,12,1.0,6.123233995736766e-17,-0.433883739117558,-0.9009688679024191,-2.4492935982947064e-16,1.0,0.0,0.0,0.0,6.324999999999999,20.9,100.0,99.0,-0.75,4.597517,0.425,-0.625,22.09629629,28.03333333333333,28.45,28.216666666666665,28.45,29.666666666666668,-21.40577777333333,0.0851852066666651,-0.0379999999999998,1.1266666666666667,1.1706666666666663,22.295678987777777,1.1300000000000023,5.609799,5.569168,5.5150576,5.5467997,5.7884727,0,0.0,0,1.0,-0.12,5.3,94.7
2022-12-16 06:30:00,248.954208083334,216.756607172222,216.786883794442,22.09629629,1.1706666666666663,29.666666666666668,2,5.1764362714980825,70.66250196097344,6,4,12,1.0,6.123233995736766e-17,-0.433883739117558,-0.9009688679024191,-2.4492935982947064e-16,1.0,0.0,0.0,0.0,6.55,18.0,100.0,99.0,-0.8,4.5895605,0.35,-0.6499999999999999,22.26666665,28.1,28.03333333333333,28.45,28.216666666666665,31.65,-20.925629623333336,-0.3981481499999972,0.0819999999999996,1.088666666666667,1.0266666666666666,22.333333321111112,1.128666666666669,5.7884727,5.609799,5.569168,5.5150576,6.2363224,0,0.0,0,1.0,-0.21,5.9,94.1
2022-12-16 06:45:00,316.537615788888,269.767542216666,269.8008742,22.26666665,1.0266666666666666,31.65,2,5.1764362714980825,70.66250196097344,6,4,12,1.0,6.123233995736766e-17,-0.433883739117558,-0.9009688679024191,-2.4492935982947064e-16,1.0,0.0,0.0,0.0,6.775,15.1,100.0,99.0,-0.85,4.581617,0.275,-0.6749999999999999,22.664814823333334,29.666666666666668,28.1,28.03333333333333,28.45,31.35,-21.23999998333333,0.1703703599999961,-0.1439999999999999,1.1706666666666663,1.0,22.285802460000003,1.0953333333333355,6.2363224,5.7884727,5.609799,5.569168,6.320115,0,0.0,0,1.0,-0.16,5.5,94.5
2022-12-16 07:00:00,221.178652566664,178.594522616666,178.619799455552,22.664814823333334,1.0,31.35,2,5.1764362714980825,70.66250196097344,7,4,12,0.9659258262890684,-0.2588190451025206,-0.433883739117558,-0.9009688679024191,-2.4492935982947064e-16,1.0,0.0,0.0,0.0,7.0,12.2,100.0,99.0,-0.9,4.573685,0.2,-0.7,22.40555553,31.65,29.666666666666668,28.1,28.03333333333333,30.7,-21.664814823333334,0.3981481733333361,-0.0266666666666666,1.0266666666666666,1.1786666666666668,22.342592587777776,1.06577777777778,6.320115,6.2363224,5.7884727,5.609799,6.097637,0,0.0,0,1.0,-0.06,5.1,94.9
2022-12-16 07:15:00,145.44140436111002,120.405739144444,120.426293905554,22.40555553,1.1786666666666668,30.7,2,5.1764362714980825,70.66250196097344,7,4,12,0.9659258262890684,-0.2588190451025206,-0.433883739117558,-0.9009688679024191,-2.4492935982947064e-16,1.0,0.0,0.0,0.0,6.55,11.95,100.0,97.0,-0.675,4.638982,0.25,-0.1999999999999999,21.959259263333333,31.35,31.65,29.666666666666668,28.1,30.966666666666665,-21.226888863333333,-0.2592592933333328,0.1786666666666667,1.0,1.0826666666666669,22.445679001111117,1.0684444444444468,6.097637,6.320115,6.2363224,5.7884727,5.9945884,0,0.0,0,1.0,-0.13,5.3,94.7
2022-12-16 07:30:00,243.395263866664,215.39527276111,215.42638268333,21.959259263333333,1.0826666666666669,30.966666666666665,2,5.1764362714980825,70.66250196097344,7,4,12,0.9659258262890684,-0.2588190451025206,-0.433883739117558,-0.9009688679024191,-2.4492935982947064e-16,1.0,0.0,0.0,0.0,6.1,11.7,100.0,95.0,-0.45,4.702523,0.3,0.3,22.24999998,30.7,31.35,31.65,29.666666666666668,30.6,-20.876592596666665,-0.4462962666666676,-0.0959999999999998,1.1786666666666668,1.0586666666666666,22.34320987222222,1.0871111111111136,5.9945884,6.097637,6.320115,6.2363224,6.0236516,0,0.0,0,1.0,-0.23,6.1,93.9
2022-12-16 07:45:00,279.072170033332,244.703267027778,244.737710116666,22.24999998,1.0586666666666666,30.6,2,5.1764362714980825,70.66250196097344,7,4,12,0.9659258262890684,-0.2588190451025206,-0.433883739117558,-0.9009688679024191,-2.4492935982947064e-16,1.0,0.0,0.0,0.0,5.65,11.45,100.0,93.0,-0.2250000000000001,4.7641306,0.35,0.8,22.44814815,30.966666666666665,30.7,31.35,31.65,29.85,-21.19133331333333,0.2907407166666651,-0.0240000000000002,1.0826666666666669,1.02,22.20493825777778,1.106666666666669,6.0236516,5.9945884,6.097637,6.320115,5.9433374,0,0.0,0,1.0,-0.17,5.6,94.4
2022-12-16 08:00:00,168.694918649998,133.796870144444,133.818813733332,22.44814815,1.02,29.85,2,5.1764362714980825,70.66250196097344,8,4,12,0.8660254037844387,-0.4999999999999998,-0.433883739117558,-0.9009688679024191,-2.4492935982947064e-16,1.0,0.0,0.0,0.0,5.2,11.2,100.0,91.0,-0.0,4.823617,0.4,1.3,22.08333331,30.6,30.966666666666665,30.7,31.35,29.85,-21.42814815,0.1981481700000031,-0.0386666666666666,1.0586666666666666,1.0933333333333335,22.219135797777778,1.05377777777778,5.9433374,6.0236516,5.9945884,6.097637,5.8198957,0,0.0,0,1.0,-0.12,5.3,94.7
2022-12-16 08:15:00,197.114337311112,156.342634927778,156.366800644444,22.08333331,1.0933333333333335,29.85,2,5.1764362714980825,70.66250196097344,8,4,12,0.8660254037844387,-0.4999999999999998,-0.433883739117558,-0.9009688679024191,-2.4492935982947064e-16,1.0,0.25,0.0625,0.0208333333333333,5.7,11.55,100.0,91.5,0.025,4.825384,0.4,1.225,22.077777766666667,29.85,30.6,30.966666666666665,30.7,29.816666666666663,-20.989999976666667,-0.3648148400000011,0.0733333333333334,1.02,1.0586666666666666,22.26049381333333,1.0573333333333357,5.8198957,5.9433374,6.0236516,5.9945884,5.811536,0,0.0,0,1.0,-0.21,5.9,94.1
2022-12-16 08:30:00,270.368351599996,226.869535972222,226.900645877776,22.077777766666667,1.0586666666666666,29.816666666666663,2,5.1764362714980825,70.66250196097344,8,4,12,0.8660254037844387,-0.4999999999999998,-0.433883739117558,-0.9009688679024191,-2.4492935982947064e-16,1.0,0.5,0.1875,0.0625,6.2,11.9,100.0,92.0,0.05,4.826992,0.4,1.15,22.42222222,29.85,29.85,30.6,30.966666666666665,29.15,-21.0191111,-0.0055555433333331,-0.0346666666666668,1.0933333333333335,1.178,22.20308640888889,1.0573333333333357,5.811536,5.8198957,5.9433374,6.0236516,5.7953234,0,0.0,0,1.0,-0.21,5.9,94.1
2022-12-16 08:45:00,250.3583186,225.379873294446,225.411260972222,22.42222222,1.178,29.15,2,5.1764362714980825,70.66250196097344,8,4,12,0.8660254037844387,-0.4999999999999998,-0.433883739117558,-0.9009688679024191,-2.4492935982947064e-16,1.0,0.75,0.375,0.125,6.7,12.25,100.0,92.5,0.075,4.8284416,0.4,1.075,22.45000003333333,29.816666666666663,29.85,29.85,30.6,29.0,-21.24422222,0.344444453333331,0.1193333333333332,1.0586666666666666,1.2226666666666666,22.194444432222223,1.110000000000002,5.7953234,5.811536,5.8198957,5.9433374,5.7747107,0,0.0,0,1.0,-0.13,5.4,94.6
2022-12-16 09:00:00,137.132570044444,112.092182816666,112.1113487,22.45000003333333,1.2226666666666666,29.0,2,5.1764362714980825,70.66250196097344,9,4,12,0.7071067811865476,-0.7071067811865475,-0.433883739117558,-0.9009688679024191,-2.4492935982947064e-16,1.0,1.0,0.625,0.2083333333333333,7.2,12.6,100.0,93.0,0.1,4.8297358,0.4,1.0,22.01111112,29.15,29.816666666666663,29.85,29.85,29.35,-21.227333366666667,0.0277778133333335,0.0446666666666666,1.178,1.2193333333333334,22.316666673333334,1.1531111111111132,5.7747107,5.7953234,5.811536,5.8198957,5.698642,0,0.0,0,1.0,-0.13,5.3,94.7
2022-12-16 09:15:00,190.972360666672,154.656313483334,154.679368127778,22.01111112,1.2193333333333334,29.35,2,5.1764362714980825,70.66250196097344,9,4,12,0.7071067811865476,-0.7071067811865475,-0.433883739117558,-0.9009688679024191,-2.4492935982947064e-16,1.0,3.25,1.375,0.4791666666666667,6.875,12.7,100.0,94.0,0.125,4.848414,0.525,0.9,22.04259256,29.0,29.15,29.816666666666663,29.85,29.316666666666663,-20.791777786666664,-0.4388889133333329,-0.0033333333333331,1.2226666666666666,1.094,22.29444445777777,1.206666666666669,5.698642,5.7747107,5.7953234,5.811536,5.702508,0,0.0,0,1.0,-0.23,6.1,93.9
2022-12-16 09:30:00,283.72003966111,242.450023827778,242.482522544444,22.04259256,1.094,29.316666666666663,2,5.1764362714980825,70.66250196097344,9,4,12,0.7071067811865476,-0.7071067811865475,-0.433883739117558,-0.9009688679024191,-2.4492935982947064e-16,1.0,5.5,2.625,0.9375,6.550000000000001,12.8,100.0,95.0,0.15,4.866585,0.65,0.8,22.46111113,29.35,29.0,29.15,29.816666666666663,28.65,-20.94859256,0.0314814400000003,-0.1253333333333333,1.2193333333333334,1.1,22.16790123777778,1.178666666666669,5.702508,5.698642,5.7747107,5.7953234,5.708659,0,0.0,0,1.0,-0.22,6.0,94.0
2022-12-16 09:45:00,272.58659601667,232.052939711112,232.084882916666,22.46111113,1.1,28.65,2,5.1764362714980825,70.66250196097344,9,4,12,0.7071067811865476,-0.7071067811865475,-0.433883739117558,-0.9009688679024191,-2.4492935982947064e-16,1.0,7.75,4.375,1.5833333333333333,6.2250000000000005,12.9,100.0,96.0,0.175,4.884254,0.775,0.7,22.464814803333336,29.316666666666663,29.35,29.0,29.15,28.5,-21.36111113,0.4185185699999998,0.006,1.094,1.2473333333333334,22.171604936666665,1.13777777777778,5.708659,5.702508,5.698642,5.7747107,5.679979,0,0.0,0,1.0,-0.13,5.3,94.7
2022-12-16 10:00:00,140.35660784444,104.929969283334,104.948579688888,22.464814803333336,1.2473333333333334,28.5,2,5.1764362714980825,70.66250196097344,10,4,12,0.4999999999999999,-0.8660254037844387,-0.433883739117558,-0.9009688679024191,-2.4492935982947064e-16,1.0,10.0,6.625,2.4166666666666665,5.9,13.0,100.0,97.0,0.2,4.901427,0.9,0.6,21.99444444,28.65,29.316666666666663,29.35,29.0,28.85,-21.217481470000003,0.0037036733333373,0.1473333333333333,1.1,1.278,22.322839497777775,1.1471111111111134,5.679979,5.708659,5.702508,5.698642,5.596182,0,0.0,0,1.0,-0.13,5.3,94.7
2022-12-16 10:15:00,531.555125877776,170.366240644444,170.39290626111,21.99444444,1.278,28.85,2,5.1764362714980825,70.66250196097344,10,4,12,0.4999999999999999,-0.8660254037844387,-0.433883739117558,-0.9009688679024191,-2.4492935982947064e-16,1.0,20.25,10.875,4.104166666666667,5.9750000000000005,13.175,100.0,97.0,0.225,4.9098344,0.975,0.625,22.06296294666667,28.5,28.65,29.316666666666663,29.35,28.816666666666663,-20.71644444,-0.4703703633333376,0.0306666666666666,1.2473333333333334,1.094666666666667,22.306790124444444,1.2084444444444469,5.596182,5.679979,5.708659,5.702508,5.6118355,0,0.0,0,1.0,-0.24,6.2,93.8
2022-12-16 10:30:00,277.932771144444,252.834330688888,252.869051533332,22.06296294666667,1.094666666666667,28.816666666666663,2,5.1764362714980825,70.66250196097344,10,4,12,0.4999999999999999,-0.8660254037844387,-0.433883739117558,-0.9009688679024191,-2.4492935982947064e-16,1.0,30.5,17.125,6.645833333333333,6.050000000000001,13.35,100.0,97.0,0.25,4.9182544,1.05,0.6499999999999999,22.47222226,28.85,28.5,28.65,29.316666666666663,28.45,-20.968296280000004,0.0685185066666704,-0.1833333333333333,1.278,1.02,22.174074063333336,1.206666666666669,5.6118355,5.596182,5.679979,5.708659,5.672427,0,0.0,0,1.0,-0.22,6.0,94.0
2022-12-16 10:45:00,240.45482592222,205.675661527778,205.704827077776,22.47222226,1.02,28.45,2,5.1764362714980825,70.66250196097344,10,4,12,0.4999999999999999,-0.8660254037844387,-0.433883739117558,-0.9009688679024191,-2.4492935982947064e-16,1.0,40.75,25.375,10.041666666666666,6.125,13.525,100.0,97.0,0.275,4.926687,1.125,0.6749999999999999,22.39259261666667,28.816666666666663,28.85,28.5,28.65,28.216666666666665,-21.452222260000003,0.4092593133333331,-0.0746666666666666,1.094666666666667,1.032,22.17654321555556,1.130888888888891,5.672427,5.6118355,5.596182,5.679979,5.6002235,0,0.0,0,1.0,-0.13,5.3,94.7
2022-12-16 11:00:00,158.165617588888,111.245827772222,111.265549266664,22.39259261666667,1.032,28.216666666666665,2,5.1764362714980825,70.66250196097344,11,4,12,0.258819045102521,-0.9659258262890682,-0.433883739117558,-0.9009688679024191,-2.4492935982947064e-16,1.0,51.0,35.625,14.291666666666666,6.2,13.7,100.0,97.0,0.3,4.9351315,1.2,0.7,21.97222223,28.45,28.816666666666663,28.85,28.5,28.85,-21.36059261666667,-0.0796296433333338,0.012,1.02,0.8979999999999999,22.309259274444447,1.0488888888888912,5.6002235,5.672427,5.6118355,5.596182,5.589016,0,0.0,0,1.0,-0.15,5.5,94.5
2022-12-16 11:15:00,217.923782650002,180.3002877,180.327231088888,21.97222223,0.8979999999999999,28.85,2,5.1764362714980825,70.66250196097344,11,4,12,0.258819045102521,-0.9659258262890682,-0.433883739117558,-0.9009688679024191,-2.4492935982947064e-16,1.0,50.5,43.1875,18.479166666666668,6.45,14.225,100.0,97.0,0.3,4.9351315,1.05,0.7,22.166666696666667,28.216666666666665,28.45,28.816666666666663,28.85,28.816666666666663,-21.07422223,-0.4203703866666686,-0.1340000000000001,1.032,0.9093333333333332,22.27901236888889,0.9833333333333356,5.589016,5.6002235,5.672427,5.6118355,5.6454573,0,0.0,0,1.0,-0.24,6.2,93.8
2022-12-16 11:30:00,273.110464044444,243.931909,243.965241016666,22.166666696666667,0.9093333333333332,28.816666666666663,2,5.1764362714980825,70.66250196097344,11,4,12,0.258819045102521,-0.9659258262890682,-0.433883739117558,-0.9009688679024191,-2.4492935982947064e-16,1.0,50.0,48.0625,22.604166666666668,6.7,14.75,100.0,97.0,0.3,4.9351315,0.8999999999999999,0.7,22.50000003,28.85,28.216666666666665,28.45,28.816666666666663,28.15,-21.25733336333333,0.1944444666666669,0.0113333333333334,0.8979999999999999,1.07,22.17716051444445,0.9464444444444466,5.6454573,5.589016,5.6002235,5.672427,5.621573,0,0.0,0,1.0,-0.2,5.8,94.2
2022-12-16 11:45:00,225.870964816666,191.984542511112,192.012319266664,22.50000003,1.07,28.15,2,5.1764362714980825,70.66250196097344,11,4,12,0.258819045102521,-0.9659258262890682,-0.433883739117558,-0.9009688679024191,-2.4492935982947064e-16,1.0,49.5,50.25,26.666666666666668,6.95,15.275,100.0,97.0,0.3,4.9351315,0.75,0.7,22.361111110000003,28.816666666666663,28.85,28.216666666666665,28.45,28.183333333333334,-21.43000003,0.3333333333333357,0.1606666666666667,0.9093333333333332,1.0473333333333334,22.21296298555556,0.9591111111111132,5.621573,5.6454573,5.589016,5.6002235,5.583494,0,0.0,0,1.0,-0.12,5.3,94.7
2022-12-16 12:00:00,133.552713311108,108.477327433332,108.497326649998,22.361111110000003,1.0473333333333334,28.183333333333334,2,5.1764362714980825,70.66250196097344,12,4,12,1.2246467991473532e-16,-1.0,-0.433883739117558,-0.9009688679024191,-2.4492935982947064e-16,1.0,49.0,49.75,30.666666666666668,7.2,15.8,100.0,97.0,0.3,4.9351315,0.6,0.7,21.84999998,28.15,28.816666666666663,28.85,28.216666666666665,28.85,-21.31377777666667,-0.1388889199999994,-0.0226666666666666,1.07,1.0526666666666666,22.342592612222223,1.0088888888888912,5.583494,5.621573,5.6454573,5.589016,5.549747,0,0.0,0,1.0,-0.16,5.5,94.5
2022-12-16 12:15:00,175.888519711112,142.269309,142.292363627778,21.84999998,1.0526666666666666,28.85,2,5.1764362714980825,70.66250196097344,12,4,12,1.2246467991473532e-16,-1.0,-0.433883739117558,-0.9009688679024191,-2.4492935982947064e-16,1.0,48.0,49.125,34.395833333333336,7.15,15.8,100.0,97.0,0.3,4.9351315,0.6,0.7,21.90740740333333,28.183333333333334,28.15,28.816666666666663,28.85,28.816666666666663,-20.797333313333333,-0.5111111300000033,0.0053333333333331,1.0473333333333334,1.2106666666666668,22.237037040000004,1.0566666666666689,5.549747,5.583494,5.621573,5.6454573,5.5617275,0,0.0,0,1.0,-0.27,6.5,93.5
2022-12-16 12:30:00,246.586802816666,189.162988744444,189.189654394442,21.90740740333333,1.2106666666666668,28.816666666666663,2,5.1764362714980825,70.66250196097344,12,4,12,1.2246467991473532e-16,-1.0,-0.433883739117558,-0.9009688679024191,-2.4492935982947064e-16,1.0,47.0,48.375,37.85416666666666,7.1,15.8,100.0,97.0,0.3,4.9351315,0.6,0.7,22.2277778,28.85,28.183333333333334,28.15,28.816666666666663,28.8,-20.696740736666666,0.0574074233333306,0.1580000000000001,1.0526666666666666,1.3726666666666667,22.039506164444447,1.1035555555555578,5.5617275,5.549747,5.583494,5.621573,5.6620736,0,0.0,0,1.0,-0.26,6.4,93.6
2022-12-16 12:45:00,261.20455156666,227.793110127778,227.824775611108,22.2277778,1.3726666666666667,28.8,2,5.1764362714980825,70.66250196097344,12,4,12,1.2246467991473532e-16,-1.0,-0.433883739117558,-0.9009688679024191,-2.4492935982947064e-16,1.0,46.0,47.5,41.04166666666666,7.05,15.8,100.0,97.0,0.3,4.9351315,0.6,0.7,22.392592556666667,28.816666666666663,28.85,28.183333333333334,28.15,28.53333333333333,-20.85511113333333,0.3203703966666715,0.1619999999999999,1.2106666666666668,1.399333333333333,21.995061727777777,1.2120000000000022,5.6620736,5.5617275,5.549747,5.583494,5.6630735,0,0.0,0,1.0,-0.18,5.7,94.3
2022-12-16 13:00:00,183.487660183334,158.158117855556,158.182283572222,22.392592556666667,1.399333333333333,28.53333333333333,2,5.1764362714980825,70.66250196097344,13,4,12,-0.2588190451025208,-0.9659258262890684,-0.433883739117558,-0.9009688679024191,-2.4492935982947064e-16,1.0,45.0,46.5,43.958333333333336,7.0,15.8,100.0,97.0,0.3,4.9351315,0.6,0.7,22.04444441,28.8,28.816666666666663,28.85,28.183333333333334,28.55,-20.99325922333333,0.1648147566666651,0.0266666666666666,1.3726666666666667,1.402,22.17592592,1.3275555555555578,5.6630735,5.6620736,5.5617275,5.549747,5.553974,0,0.0,0,1.0,-0.15,5.4,94.6
2022-12-16 13:15:00,157.5170324,119.9985332,120.018810238886,22.04444441,1.402,28.55,2,5.1764362714980825,70.66250196097344,13,4,12,-0.2588190451025208,-0.9659258262890684,-0.433883739117558,-0.9009688679024191,-2.4492935982947064e-16,1.0,49.5,46.875,46.395833333333336,7.575,16.9,100.0,96.5,0.3,4.9349732,0.575,0.7749999999999999,21.84999999333333,28.53333333333333,28.8,28.816666666666663,28.85,28.966666666666665,-20.64244441,-0.3481481466666665,0.0026666666666668,1.399333333333333,1.6353333333333333,22.221604922222223,1.3913333333333355,5.553974,5.6630735,5.6620736,5.5617275,5.57219,0,0.0,0,1.0,-0.23,6.1,93.9
2022-12-16 13:30:00,244.379113394442,218.492371072222,218.522925416666,21.84999999333333,1.6353333333333333,28.966666666666665,2,5.1764362714980825,70.66250196097344,13,4,12,-0.2588190451025208,-0.9659258262890684,-0.433883739117558,-0.9009688679024191,-2.4492935982947064e-16,1.0,54.0,48.625,48.35416666666666,8.15,18.0,100.0,96.0,0.3,4.934666,0.55,0.85,22.166666640000003,28.55,28.53333333333333,28.8,28.816666666666663,28.95,-20.21466666,-0.1944444166666699,0.2333333333333331,1.402,1.6713333333333331,22.09567898666667,1.4788888888888911,5.57219,5.553974,5.6630735,5.6620736,5.671578,0,0.0,0,1.0,-0.27,6.5,93.5
2022-12-16 13:45:00,293.481315927774,255.688938716666,255.7222707,22.166666640000003,1.6713333333333331,28.95,2,5.1764362714980825,70.66250196097344,13,4,12,-0.2588190451025208,-0.9659258262890684,-0.433883739117558,-0.9009688679024191,-2.4492935982947064e-16,1.0,58.5,51.75,49.833333333333336,8.725,19.1,100.0,95.5,0.3,4.934209,0.525,0.925,22.501851866666662,28.966666666666665,28.55,28.53333333333333,28.8,28.35,-20.49533330666667,0.3166666466666719,0.036,1.6353333333333333,1.7906666666666666,22.02037034777778,1.5695555555555576,5.671578,5.57219,5.553974,5.6630735,5.662116,0,0.0,0,1.0,-0.2,5.8,94.2
2022-12-16 14:00:00,231.558792844444,180.611108616666,180.634996577776,22.501851866666662,1.7906666666666666,28.35,2,5.1764362714980825,70.66250196097344,14,4,12,-0.4999999999999997,-0.8660254037844388,-0.433883739117558,-0.9009688679024191,-2.4492935982947064e-16,1.0,63.0,56.25,50.833333333333336,9.3,20.2,100.0,95.0,0.3,4.933601,0.5,1.0,22.29444444,28.95,28.966666666666665,28.55,28.53333333333333,28.1,-20.7111852,0.3351852266666633,0.1193333333333332,1.6713333333333331,2.033333333333333,22.1728395,1.6991111111111137,5.662116,5.671578,5.57219,5.553974,5.545685,0,0.0,0,1.0,-0.12,5.3,94.7
2022-12-16 14:15:00,158.918920805554,128.287923827778,128.310700749998,22.29444444,2.033333333333333,28.1,2,5.1764362714980825,70.66250196097344,14,4,12,-0.4999999999999997,-0.8660254037844388,-0.433883739117558,-0.9009688679024191,-2.4492935982947064e-16,1.0,63.0,59.625,51.875,9.65,20.725,100.0,95.25,0.3,4.938141,0.55,0.975,21.98333330666667,28.35,28.95,28.966666666666665,28.55,28.566666666666663,-20.261111106666668,-0.2074074266666663,0.2426666666666666,1.7906666666666666,2.177333333333333,22.320987648888888,1.83177777777778,5.545685,5.662116,5.671578,5.57219,5.537674,0,0.0,0,1.0,-0.17,5.6,94.4
2022-12-16 14:30:00,451.963031988884,238.693229688888,238.726006177776,21.98333330666667,2.177333333333333,28.566666666666663,2,5.1764362714980825,70.66250196097344,14,4,12,-0.4999999999999997,-0.8660254037844388,-0.433883739117558,-0.9009688679024191,-2.4492935982947064e-16,1.0,63.0,61.875,52.958333333333336,10.0,21.25,100.0,95.5,0.3,4.942649,0.6,0.95,22.15555558,28.1,28.35,28.95,28.966666666666665,29.05,-19.805999973333336,-0.3111111333333305,0.1439999999999996,2.033333333333333,2.095333333333333,22.25987653777778,2.0004444444444465,5.537674,5.545685,5.662116,5.671578,5.6875296,0,0.0,0,1.0,-0.24,6.2,93.8
2022-12-16 14:45:00,1448.072630311112,258.19689396111,258.23494800555403,22.15555558,2.095333333333333,29.05,2,5.1764362714980825,70.66250196097344,14,4,12,-0.4999999999999997,-0.8660254037844388,-0.433883739117558,-0.9009688679024191,-2.4492935982947064e-16,1.0,63.0,63.0,54.083333333333336,10.35,21.775,100.0,95.75,0.3,4.9471264,0.6499999999999999,0.925,22.590740760000003,28.566666666666663,28.1,28.35,28.95,29.316666666666663,-20.06022224666667,0.1722222733333325,-0.0819999999999994,2.177333333333333,1.914,22.144444442222223,2.102000000000002,5.6875296,5.537674,5.545685,5.662116,5.885135,0,0.0,0,1.0,-0.2,5.8,94.2
2022-12-16 15:00:00,417.975224688892,170.575676716666,170.601231294442,22.590740760000003,1.914,29.316666666666663,2,5.1764362714980825,70.66250196097344,15,4,12,-0.7071067811865471,-0.7071067811865479,-0.433883739117558,-0.9009688679024191,-2.4492935982947064e-16,1.0,63.0,63.0,55.25,10.7,22.3,100.0,96.0,0.3,4.9515715,0.7,0.9,22.17222221,29.05,28.566666666666663,28.1,28.35,27.95,-20.67674076,0.4351851800000013,-0.1813333333333333,2.095333333333333,1.894,22.243209882222228,2.0622222222222244,5.885135,5.6875296,5.537674,5.545685,5.4774203,0,0.0,0,1.0,-0.09,5.2,94.8
2022-12-16 15:15:00,240.177892566664,195.217746527778,195.245523216666,22.17222221,1.894,27.95,2,5.1764362714980825,70.66250196097344,15,4,12,-0.7071067811865471,-0.7071067811865479,-0.433883739117558,-0.9009688679024191,-2.4492935982947064e-16,1.0,58.0,61.75,56.083333333333336,9.925,22.4,100.0,96.0,0.275,4.943112,0.7749999999999999,0.875,20.88888890666667,29.316666666666663,29.05,28.566666666666663,28.1,27.683333333333334,-20.27822221,-0.4185185500000052,-0.0200000000000002,1.914,1.8686666666666667,22.30617285,1.96777777777778,5.4774203,5.885135,5.6875296,5.537674,5.0369015,0,0.0,0,1.0,-0.2,5.8,94.2
2022-12-16 15:30:00,409.291405505554,364.682356572222,364.728465827778,20.88888890666667,1.8686666666666667,27.683333333333334,2,5.1764362714980825,70.66250196097344,15,4,12,-0.7071067811865471,-0.7071067811865479,-0.433883739117558,-0.9009688679024191,-2.4492935982947064e-16,1.0,53.0,59.25,56.583333333333336,9.15,22.5,100.0,96.0,0.25,4.934666,0.85,0.8500000000000001,21.26666665,27.95,29.316666666666663,29.05,28.566666666666663,27.95,-19.020222240000003,-1.283333303333329,-0.0253333333333332,1.894,1.9266666666666663,21.88395062555556,1.892222222222224,5.0369015,5.4774203,5.885135,5.6875296,5.198208,0,0.0,0,1.0,-0.5,10.2,89.8
2022-12-16 15:45:00,317.611461733332,270.274466388888,270.310020516666,21.26666665,1.9266666666666663,27.95,2,5.1764362714980825,70.66250196097344,15,4,12,-0.7071067811865471,-0.7071067811865479,-0.433883739117558,-0.9009688679024191,-2.4492935982947064e-16,1.0,48.0,55.5,56.75,8.375,22.6,100.0,96.0,0.225,4.9262323,0.925,0.8250000000000001,21.983333346666665,27.683333333333334,27.95,29.316666666666663,29.05,27.53333333333333,-19.33999998333333,0.3777777433333291,0.0579999999999998,1.8686666666666667,1.8693333333333333,21.44259258888889,1.8964444444444464,5.198208,5.0369015,5.4774203,5.885135,5.337361,0,0.0,0,1.0,-0.41,8.5,91.5
2022-12-16 16:00:00,263.64917586111,145.231134955556,145.25057866111,21.983333346666665,1.8693333333333333,27.53333333333333,2,5.1764362714980825,70.66250196097344,16,4,12,-0.8660254037844385,-0.5000000000000004,-0.433883739117558,-0.9009688679024191,-2.4492935982947064e-16,1.0,43.0,50.5,56.583333333333336,7.6,22.7,100.0,96.0,0.2,4.917812,1.0,0.8,21.73333334,27.95,27.683333333333334,27.95,29.316666666666663,27.9,-20.11400001333333,0.7166666966666675,-0.0573333333333332,1.9266666666666663,1.9406666666666663,21.379629634444445,1.888222222222224,5.337361,5.198208,5.0369015,5.4774203,5.330964,0,0.0,0,1.0,-0.25,6.3,93.7
2022-12-16 16:15:00,207.436146705554,131.767506872222,131.787783877776,21.73333334,1.9406666666666663,27.9,2,5.1764362714980825,70.66250196097344,16,4,12,-0.8660254037844385,-0.5000000000000004,-0.433883739117558,-0.9009688679024191,-2.4492935982947064e-16,1.0,38.0,45.5,55.625,7.225,21.35,100.0,95.75,0.15,4.896619,0.9,0.775,21.629629616666666,27.53333333333333,27.95,27.683333333333334,27.95,28.466666666666665,-19.792666673333336,-0.2500000066666636,0.0713333333333332,1.8693333333333333,1.8213333333333328,21.661111112222223,1.9122222222222245,5.330964,5.337361,5.198208,5.0369015,5.406736,0,0.0,0,1.0,-0.3,6.9,93.1
2022-12-16 16:30:00,299.680512283334,245.7268372,245.759335916666,21.629629616666666,1.8213333333333328,28.466666666666665,2,5.1764362714980825,70.66250196097344,16,4,12,-0.8660254037844385,-0.5000000000000004,-0.433883739117558,-0.9009688679024191,-2.4492935982947064e-16,1.0,33.0,40.5,53.875,6.85,20.0,100.0,95.5,0.1,4.875481,0.8,0.75,22.16666667,27.9,27.53333333333333,27.95,27.683333333333334,28.15,-19.80829628333333,-0.1037037233333357,-0.1193333333333332,1.9406666666666663,1.7593333333333334,21.78209876777778,1.8771111111111127,5.406736,5.330964,5.337361,5.198208,5.51485,0,0.0,0,1.0,-0.32,7.2,92.8
2022-12-16 16:45:00,264.618859255556,220.842277055556,220.871442555556,22.16666667,1.7593333333333334,28.15,2,5.1764362714980825,70.66250196097344,16,4,12,-0.8660254037844385,-0.5000000000000004,-0.433883739117558,-0.9009688679024191,-2.4492935982947064e-16,1.0,28.0,35.5,51.333333333333336,6.475,18.65,100.0,95.25,0.0499999999999999,4.8544006,0.7,0.725,22.34259259,28.466666666666665,27.9,27.53333333333333,27.95,28.0,-20.407333336666664,0.5370370533333322,-0.0619999999999998,1.8213333333333328,1.9893333333333332,21.843209875555555,1.8404444444444463,5.51485,5.406736,5.330964,5.337361,5.5412707,0,0.0,0,1.0,-0.2,5.8,94.2
2022-12-16 17:00:00,176.385999727782,135.39152853889,135.41236103889,22.34259259,1.9893333333333332,28.0,2,5.1764362714980825,70.66250196097344,17,4,12,-0.9659258262890684,-0.2588190451025206,-0.433883739117558,-0.9009688679024191,-2.4492935982947064e-16,1.0,23.0,30.5,48.0,6.1,17.3,100.0,95.0,-0.0,4.8333764,0.6,0.7,22.03888886,28.15,28.466666666666665,27.9,27.53333333333333,28.35,-20.353259256666664,0.1759259200000009,0.2299999999999999,1.7593333333333334,1.850666666666667,22.046296292222223,1.856666666666669,5.5412707,5.51485,5.406736,5.330964,5.513302,0,0.0,0,1.0,-0.16,5.5,94.5
2022-12-16 17:15:00,703.11798515556,263.913331944444,263.94860826666803,22.03888886,1.850666666666667,28.35,2,5.1764362714980825,70.66250196097344,17,4,12,-0.9659258262890684,-0.2588190451025206,-0.433883739117558,-0.9009688679024191,-2.4492935982947064e-16,1.0,17.5,25.375,44.208333333333336,5.574999999999999,16.025,100.0,95.0,-0.05,4.816847,0.525,0.6499999999999999,22.50185186333333,28.0,28.15,28.466666666666665,27.9,28.316666666666663,-20.18822219333333,-0.3037037299999987,-0.1386666666666667,1.9893333333333332,1.6766666666666663,22.182716040000003,1.8664444444444468,5.513302,5.5412707,5.51485,5.406736,5.655459,0,0.0,0,1.0,-0.23,6.1,93.9
2022-12-16 17:30:00,279.356325283334,234.685334444444,234.717833194442,22.50185186333333,1.6766666666666663,28.316666666666663,2,5.1764362714980825,70.66250196097344,17,4,12,-0.9659258262890684,-0.2588190451025206,-0.433883739117558,-0.9009688679024191,-2.4492935982947064e-16,1.0,12.0,20.125,39.958333333333336,5.05,14.75,100.0,95.0,-0.1,4.8003664,0.4499999999999999,0.6,22.827777790000003,28.35,28.0,28.15,28.466666666666665,27.95,-20.825185196666663,0.462963003333332,-0.1740000000000001,1.850666666666667,1.654,22.29444443777778,1.838888888888891,5.655459,5.513302,5.5412707,5.51485,5.687557,0,0.0,0,1.0,-0.12,5.3,94.7
2022-12-16 17:45:00,193.550313244444,164.102324527778,164.126212505554,22.827777790000003,1.654,27.95,2,5.1764362714980825,70.66250196097344,17,4,12,-0.9659258262890684,-0.2588190451025206,-0.433883739117558,-0.9009688679024191,-2.4492935982947064e-16,1.0,6.5,14.75,35.25,4.525,13.475,100.0,95.0,-0.15,4.783937,0.375,0.55,22.50740741,28.316666666666663,28.35,28.0,28.15,27.716666666666665,-21.173777790000003,0.3259259266666703,-0.0226666666666666,1.6766666666666663,1.6973333333333334,22.456172837777785,1.7271111111111133,5.687557,5.655459,5.513302,5.5412707,5.537392,0,0.0,0,1.0,-0.05,5.0,95.0
2022-12-16 18:00:00,187.100849099996,158.067010416666,158.091176149998,22.50740741,1.6973333333333334,27.716666666666665,2,5.1764362714980825,70.66250196097344,18,4,12,-1.0,-1.8369701987210294e-16,-0.433883739117558,-0.9009688679024191,-2.4492935982947064e-16,1.0,1.0,9.25,30.08333333333333,4.0,12.2,100.0,95.0,-0.2,4.767556,0.3,0.5,22.42777776,27.95,28.316666666666663,28.35,28.0,27.95,-20.810074076666663,-0.3203703800000035,0.0433333333333334,1.654,1.5799999999999998,22.61234568777778,1.6760000000000022,5.537392,5.687557,5.655459,5.513302,5.5585256,0,0.0,0,1.0,-0.12,5.3,94.7
2022-12-16 18:15:00,287.395725977776,255.378673327778,255.412005327778,22.42777776,1.5799999999999998,27.95,2,5.1764362714980825,70.66250196097344,18,4,12,-1.0,-1.8369701987210294e-16,-0.433883739117558,-0.9009688679024191,-2.4492935982947064e-16,1.0,0.75,5.0625,25.3125,3.25,10.95,100.0,94.75,-0.2,4.7713475,0.275,0.55,22.83703704666667,27.716666666666665,27.95,28.316666666666663,28.35,27.35,-20.847777760000003,-0.0796296499999975,-0.1173333333333335,1.6973333333333334,1.5633333333333332,22.58765432,1.64377777777778,5.5585256,5.537392,5.687557,5.655459,5.568415,0,0.0,0,1.0,-0.14,5.4,94.6
2022-12-16 18:30:00,258.049122272214,223.077187705554,223.10663104444,22.83703704666667,1.5633333333333332,27.35,2,5.1764362714980825,70.66250196097344,18,4,12,-1.0,-1.8369701987210294e-16,-0.433883739117558,-0.9009688679024191,-2.4492935982947064e-16,1.0,0.5,2.1875,20.9375,2.5,9.7,100.0,94.5,-0.2,4.775101,0.25,0.6,22.87222223,27.95,27.716666666666665,27.95,28.316666666666663,27.05,-21.273703713333337,0.4092592866666678,-0.0166666666666666,1.5799999999999998,1.56,22.590740738888893,1.6135555555555576,5.568415,5.5585256,5.537392,5.687557,5.5184455,0,0.0,0,1.0,-0.05,5.1,94.9
2022-12-16 18:45:00,158.435051361106,117.062817283334,117.083094272222,22.87222223,1.56,27.05,2,5.1764362714980825,70.66250196097344,18,4,12,-1.0,-1.8369701987210294e-16,-0.433883739117558,-0.9009688679024191,-2.4492935982947064e-16,1.0,0.25,0.625,16.958333333333332,1.75,8.45,100.0,94.25,-0.2,4.7788196,0.225,0.6499999999999999,22.442592583333333,27.35,27.95,27.716666666666665,27.95,27.65,-21.31222223,0.0351851833333292,-0.0033333333333331,1.5633333333333332,1.5633333333333332,22.71234567888889,1.5677777777777802,5.5184455,5.568415,5.5585256,5.537392,5.503545,0,0.0,0,1.0,-0.04,5.0,95.0
2022-12-16 19:00:00,239.696800877768,197.484322527778,197.512099233332,22.442592583333333,1.5633333333333332,27.65,2,5.1764362714980825,70.66250196097344,19,4,12,-0.9659258262890684,0.2588190451025203,-0.433883739117558,-0.9009688679024191,-2.4492935982947064e-16,1.0,0.0,0.375,13.375,1.0,7.2,100.0,94.0,-0.2,4.7824984,0.2,0.7,22.6722222,27.05,27.35,27.95,27.716666666666665,27.6,-20.87925925,-0.4296296466666653,0.0033333333333331,1.56,1.566,22.717283953333336,1.5622222222222242,5.503545,5.5184455,5.568415,5.5585256,5.5664854,0,0.0,0,1.0,-0.14,5.4,94.6
2022-12-16 19:15:00,270.555288488888,246.232650316666,246.265426788888,22.6722222,1.566,27.6,2,5.1764362714980825,70.66250196097344,19,4,12,-0.9659258262890684,0.2588190451025203,-0.433883739117558,-0.9009688679024191,-2.4492935982947064e-16,1.0,0.0,0.1875,10.208333333333334,1.525,6.125,100.0,94.5,-0.125,4.8079376,0.225,0.7,23.012962986666665,27.65,27.05,27.35,27.95,27.03333333333333,-21.1062222,0.2296296166666671,0.0026666666666668,1.5633333333333332,1.528,22.66234567111111,1.5631111111111131,5.5664854,5.503545,5.5184455,5.568415,5.559645,0,0.0,0,1.0,-0.09,5.2,94.8
2022-12-16 19:30:00,164.02288322222398,139.632192272222,139.653858072222,23.012962986666665,1.528,27.03333333333333,2,5.1764362714980825,70.66250196097344,19,4,12,-0.9659258262890684,0.2588190451025203,-0.433883739117558,-0.9009688679024191,-2.4492935982947064e-16,1.0,0.0,0.0625,7.458333333333333,2.05,5.05,100.0,95.0,-0.0499999999999999,4.8333764,0.25,0.7,22.66666669,27.6,27.65,27.05,27.35,27.05,-21.484962986666662,0.3407407866666645,-0.038,1.566,1.532,22.709259256666662,1.5524444444444467,5.559645,5.5664854,5.503545,5.5184455,5.453821,0,0.0,0,1.0,-0.01,5.0,95.0
2022-12-16 19:45:00,176.419887438886,138.803336544444,138.824724605554,22.66666669,1.532,27.05,2,5.1764362714980825,70.66250196097344,19,4,12,-0.9659258262890684,0.2588190451025203,-0.433883739117558,-0.9009688679024191,-2.4492935982947064e-16,1.0,0.0,0.0,5.125,2.575,3.975,100.0,95.5,0.025,4.858815,0.275,0.7,22.42962963,27.03333333333333,27.6,27.65,27.05,27.466666666666665,-21.13466669,-0.3462962966666651,0.004,1.528,1.4613333333333332,22.78395062555556,1.5420000000000025,5.453821,5.559645,5.5664854,5.503545,5.4629846,0,0.0,0,1.0,-0.09,5.2,94.8
2022-12-16 20:00:00,249.455576944444,208.286668183334,208.316111455556,22.42962963,1.4613333333333332,27.466666666666665,2,5.1764362714980825,70.66250196097344,20,4,12,-0.8660254037844386,0.5000000000000001,-0.433883739117558,-0.9009688679024191,-2.4492935982947064e-16,1.0,0.0,0.0,3.208333333333333,3.1,2.9,100.0,96.0,0.1,4.884254,0.3,0.7,22.80000002,27.05,27.03333333333333,27.6,27.65,27.15,-20.96829629666667,-0.2370370599999987,-0.0706666666666668,1.532,1.362,22.70308643555556,1.5071111111111133,5.4629846,5.453821,5.559645,5.5664854,5.515981,0,0.0,0,1.0,-0.14,5.4,94.6
2022-12-16 20:15:00,238.801003211108,199.955890344444,199.982555927778,22.80000002,1.362,27.15,2,5.1764362714980825,70.66250196097344,20,4,12,-0.8660254037844386,0.5000000000000001,-0.433883739117558,-0.9009688679024191,-2.4492935982947064e-16,1.0,0.0,0.0,1.75,4.275,5.225,100.0,96.25,0.175,4.9053655,0.275,0.725,22.93148147,27.466666666666665,27.05,27.03333333333333,27.6,27.0,-21.438000020000004,0.3703703900000015,-0.0993333333333332,1.4613333333333332,1.4213333333333331,22.632098780000003,1.4517777777777798,5.515981,5.4629846,5.453821,5.559645,5.526963,0,0.0,0,1.0,-0.06,5.1,94.9
2022-12-16 20:30:00,153.63524326111,119.320227033332,119.340226249998,22.93148147,1.4213333333333331,27.0,2,5.1764362714980825,70.66250196097344,20,4,12,-0.8660254037844386,0.5000000000000001,-0.433883739117558,-0.9009688679024191,-2.4492935982947064e-16,1.0,0.0,0.0,0.75,5.449999999999999,7.549999999999999,100.0,96.5,0.25,4.926533,0.25,0.75,22.47222219,27.15,27.466666666666665,27.05,27.03333333333333,27.35,-21.510148136666665,0.1314814499999954,0.0593333333333334,1.362,1.606,22.72037037333334,1.4148888888888909,5.526963,5.515981,5.4629846,5.453821,5.453107,0,0.0,0,1.0,-0.03,5.0,95.0
2022-12-16 20:45:00,152.453068483326,125.390261988888,125.41109452222,22.47222219,1.606,27.35,2,5.1764362714980825,70.66250196097344,20,4,12,-0.8660254037844386,0.5000000000000001,-0.433883739117558,-0.9009688679024191,-2.4492935982947064e-16,1.0,0.0,0.0,0.2083333333333333,6.625,9.874999999999998,100.0,96.75,0.325,4.9477587,0.225,0.775,22.331481466666663,27.0,27.15,27.466666666666665,27.05,27.316666666666663,-20.86622219,-0.4592592799999977,0.1846666666666667,1.4213333333333331,1.7186666666666668,22.73456789333333,1.4631111111111137,5.453107,5.526963,5.515981,5.4629846,5.4025846,0,0.0,0,1.0,-0.14,5.4,94.6
2022-12-16 21:00:00,249.25419618333,224.504075027778,224.535184949998,22.331481466666663,1.7186666666666668,27.316666666666663,2,5.1764362714980825,70.66250196097344,21,4,12,-0.7071067811865477,0.7071067811865474,-0.433883739117558,-0.9009688679024191,-2.4492935982947064e-16,1.0,0.0,0.0,0.125,7.8,12.2,100.0,97.0,0.4,4.9690394,0.2,0.8,22.74999998,27.35,27.0,27.15,27.466666666666665,26.65,-20.6128148,-0.1407407233333337,0.1126666666666666,1.606,1.8133333333333328,22.578395042222223,1.5820000000000023,5.4025846,5.453107,5.526963,5.515981,5.3989058,0,0.0,0,1.0,-0.17,5.6,94.4
2022-12-16 21:15:00,232.051551016662,192.823675627778,192.850896805554,22.74999998,1.8133333333333328,26.65,2,5.1764362714980825,70.66250196097344,21,4,12,-0.7071067811865477,0.7071067811865474,-0.433883739117558,-0.9009688679024191,-2.4492935982947064e-16,1.0,0.0,0.0,0.0625,8.3,13.925,100.0,97.5,0.45,4.9861135,0.2,0.775,22.88703702666667,27.316666666666663,27.35,27.0,27.15,26.683333333333334,-20.936666646666666,0.418518513333332,0.0946666666666664,1.7186666666666668,1.874,22.517901212222224,1.712666666666669,5.3989058,5.4025846,5.453107,5.526963,5.4482617,0,0.0,0,1.0,-0.07,5.1,94.9
2022-12-16 21:30:00,147.71075796666798,102.492011272222,102.510066133332,22.88703702666667,1.874,26.683333333333334,2,5.1764362714980825,70.66250196097344,21,4,12,-0.7071067811865477,0.7071067811865474,-0.433883739117558,-0.9009688679024191,-2.4492935982947064e-16,1.0,0.0,0.0,0.0208333333333333,8.8,15.65,100.0,98.0,0.5,5.003112,0.2,0.75,22.40000001,26.65,27.316666666666663,27.35,27.0,27.05,-21.01303702666667,0.1370370466666699,0.0606666666666666,1.8133333333333328,1.934,22.656172824444443,1.8020000000000025,5.4482617,5.3989058,5.4025846,5.453107,5.370958,0,0.0,0,1.0,-0.04,5.0,95.0
2022-12-16 21:45:00,162.810154,130.137016527778,130.15729351666602,22.40000001,1.934,27.05,2,5.1764362714980825,70.66250196097344,21,4,12,-0.7071067811865477,0.7071067811865474,-0.433883739117558,-0.9009688679024191,-2.4492935982947064e-16,1.0,0.0,0.0,0.0,9.3,17.375,100.0,98.5,0.55,5.0200367,0.2,0.725,22.275925930000003,26.683333333333334,26.65,27.316666666666663,27.35,27.28333333333333,-20.46600001,-0.4870370166666689,0.06,1.874,2.004,22.67901233888889,1.87377777777778,5.370958,5.4482617,5.3989058,5.4025846,5.378777,0,0.0,0,1.0,-0.15,5.5,94.5
2022-12-16 22:00:00,246.034324966664,216.066634788888,216.095522566664,22.275925930000003,2.004,27.28333333333333,2,5.1764362714980825,70.66250196097344,22,4,12,-0.5000000000000004,0.8660254037844384,-0.433883739117558,-0.9009688679024191,-2.4492935982947064e-16,1.0,0.0,0.0,0.0,9.8,19.1,100.0,99.0,0.6,5.036887,0.2,0.7,22.69444444,27.05,26.683333333333334,26.65,27.316666666666663,26.65,-20.27192593,-0.1240740799999962,0.07,1.934,2.08,22.52098765555556,1.937333333333336,5.378777,5.370958,5.4482617,5.3989058,5.3817387,0,0.0,0,1.0,-0.18,5.7,94.3
2022-12-16 22:15:00,497.128725255552,177.80927626111,177.835108577776,22.69444444,2.08,26.65,2,5.1764362714980825,70.66250196097344,22,4,12,-0.5000000000000004,0.8660254037844384,-0.433883739117558,-0.9009688679024191,-2.4492935982947064e-16,1.0,0.0,0.0,0.0,9.95,19.55,100.0,98.25,0.575,5.0244684,0.225,0.7749999999999999,22.872222206666667,27.28333333333333,27.05,26.683333333333334,26.65,26.5,-20.61444444,0.4185185099999948,0.076,2.004,2.1540000000000004,22.456790126666665,2.0060000000000024,5.3817387,5.378777,5.370958,5.4482617,5.40624,0,0.0,0,1.0,-0.09,5.2,94.8
2022-12-16 22:30:00,172.24949857778,102.194523172222,102.213411333332,22.872222206666667,2.1540000000000004,26.5,2,5.1764362714980825,70.66250196097344,22,4,12,-0.5000000000000004,0.8660254037844384,-0.433883739117558,-0.9009688679024191,-2.4492935982947064e-16,1.0,0.0,0.0,0.0,10.1,20.0,100.0,97.5,0.55,5.0117707,0.25,0.85,22.60000003,26.65,27.28333333333333,27.05,26.683333333333334,26.85,-20.718222206666667,0.1777777666666686,0.0740000000000002,2.08,2.1766666666666667,22.61419752555556,2.079333333333336,5.40624,5.3817387,5.378777,5.370958,5.3928313,0,0.0,0,1.0,-0.05,5.0,95.0
2022-12-16 22:45:00,141.709609338882,101.154564772222,101.17095308333,22.60000003,2.1766666666666667,26.85,2,5.1764362714980825,70.66250196097344,22,4,12,-0.5000000000000004,0.8660254037844384,-0.433883739117558,-0.9009688679024191,-2.4492935982947064e-16,1.0,0.0,0.0,0.0,10.25,20.45,100.0,96.75,0.525,4.998793,0.275,0.925,22.246296296666667,26.5,26.65,27.28333333333333,27.05,27.0,-20.42333336333333,-0.2722221766666663,0.0226666666666663,2.1540000000000004,2.2,22.722222225555555,2.136888888888892,5.3928313,5.40624,5.3817387,5.378777,5.313853,0,0.0,0,1.0,-0.11,5.2,94.8
2022-12-16 23:00:00,155.53766726110598,106.561292927778,106.578236716666,22.246296296666667,2.2,27.0,2,5.1764362714980825,70.66250196097344,23,4,12,-0.2588190451025215,0.965925826289068,-0.433883739117558,-0.9009688679024191,-2.4492935982947064e-16,1.0,0.0,0.0,0.0,10.4,20.9,100.0,96.0,0.5,4.9855337,0.3,1.0,21.92222222,26.85,26.5,26.65,27.28333333333333,27.35,-20.046296296666668,-0.353703733333333,0.0233333333333334,2.1766666666666667,2.2133333333333334,22.572839511111116,2.1768888888888918,5.313853,5.3928313,5.40624,5.3817387,5.283169,0,0.0,0,1.0,-0.19,5.7,94.3
2022-12-16 23:15:00,174.14414512222,146.9382889,146.960787966668,21.92222222,2.2133333333333334,27.35,2,5.1764362714980825,70.66250196097344,23,4,12,-0.2588190451025215,0.965925826289068,-0.433883739117558,-0.9009688679024191,-2.4492935982947064e-16,1.0,0.0,0.0,0.0,10.475,21.075,100.0,95.25,0.375,4.9465837,0.275,1.0,22.16296299,27.0,26.85,26.5,26.65,27.316666666666663,-19.708888886666664,-0.324074076666669,0.0133333333333331,2.2,2.2133333333333334,22.25617284888889,2.196666666666669,5.283169,5.313853,5.3928313,5.40624,5.350452,0,0.0,0,1.0,-0.26,6.4,93.6
2022-12-16 23:30:00,243.043333511108,217.435191127778,217.464634383334,22.16296299,2.2133333333333334,27.316666666666663,2,5.1764362714980825,70.66250196097344,23,4,12,-0.2588190451025215,0.965925826289068,-0.433883739117558,-0.9009688679024191,-2.4492935982947064e-16,1.0,0.0,0.0,0.0,10.55,21.25,100.0,94.5,0.25,4.9076347,0.25,1.0,22.67777779,27.35,27.0,26.85,26.5,26.65,-19.949629656666666,0.2407407700000021,0.0,2.2133333333333334,2.1933333333333334,22.110493835555555,2.208888888888892,5.350452,5.283169,5.313853,5.3928313,5.3765984,0,0.0,0,1.0,-0.21,5.9,94.1
2022-12-16 23:45:00,223.231348238886,187.5866629,187.613606305554,22.67777779,2.1933333333333334,26.65,2,5.1764362714980825,70.66250196097344,23,4,12,-0.2588190451025215,0.965925826289068,-0.433883739117558,-0.9009688679024191,-2.4492935982947064e-16,1.0,0.0,0.0,0.0,10.625,21.425,100.0,93.75,0.125,4.8686852,0.225,1.0,22.85185182,27.316666666666663,27.35,27.0,26.85,26.5,-20.484444456666665,0.5148147999999999,-0.02,2.2133333333333334,2.216666666666667,22.254321,2.2066666666666688,5.3765984,5.350452,5.283169,5.313853,5.3999376,0,0.0,0,1.0,-0.09,5.2,94.8
2022-12-17 00:00:00,125.953850444448,99.753509683334,99.771009033332,22.85185182,2.216666666666667,26.5,2,5.1764362714980825,70.66250196097344,0,5,12,0.0,1.0,-0.9749279121818236,-0.2225209339563146,-2.4492935982947064e-16,1.0,0.0,0.0,0.0,10.7,21.6,100.0,93.0,0.0,4.8297358,0.2,1.0,22.57222224,26.65,27.316666666666663,27.35,27.0,26.85,-20.63518515333333,0.1740740299999998,0.0233333333333334,2.1933333333333334,2.2253333333333334,22.56419753333334,2.20777777777778,5.3999376,5.3765984,5.350452,5.283169,5.384242,0,0.0,0,1.0,-0.05,5.1,94.9
2022-12-17 00:15:00,149.878171250002,109.334793133332,109.352292449998,22.57222224,2.2253333333333334,26.85,2,5.1764362714980825,70.66250196097344,0,5,12,0.0,1.0,-0.9749279121818236,-0.2225209339563146,-2.4492935982947064e-16,1.0,0.0,0.0,0.0,10.975,22.15,100.0,93.25,0.0,4.8261995,0.2,0.95,22.122222216666668,26.5,26.65,27.316666666666663,27.35,27.183333333333334,-20.346888906666663,-0.2796295800000017,0.0086666666666666,2.216666666666667,2.146,22.700617283333333,2.21177777777778,5.384242,5.3999376,5.3765984,5.350452,5.3118587,0,0.0,0,1.0,-0.12,5.3,94.7
2022-12-17 00:30:00,162.817931505554,112.921594072222,112.939648999996,22.122222216666668,2.146,27.183333333333334,2,5.1764362714980825,70.66250196097344,0,5,12,0.0,1.0,-0.9749279121818236,-0.2225209339563146,-2.4492935982947064e-16,1.0,0.0,0.0,0.0,11.25,22.700000000000003,100.0,93.5,0.0,4.8226247,0.2,0.9,21.99444445,26.85,26.5,26.65,27.316666666666663,27.45,-19.976222216666667,-0.450000023333331,-0.0793333333333334,2.2253333333333334,2.103333333333333,22.515432092222223,2.196000000000003,5.3118587,5.384242,5.3999376,5.3765984,5.324617,0,0.0,0,1.0,-0.22,6.0,94.0
2022-12-17 00:45:00,200.911129916666,176.279059672222,176.30516976111,21.99444445,2.103333333333333,27.45,2,5.1764362714980825,70.66250196097344,0,5,12,0.0,1.0,-0.9749279121818236,-0.2225209339563146,-2.4492935982947064e-16,1.0,0.0,0.0,0.0,11.525,23.25,100.0,93.75,0.0,4.8190103,0.2,0.8500000000000001,22.40185187666667,27.183333333333334,26.85,26.5,26.65,26.85,-19.891111116666668,-0.1277777666666679,-0.0426666666666668,2.146,2.103333333333333,22.22962963555556,2.1582222222222245,5.324617,5.3118587,5.384242,5.3999376,5.3318143,0,0.0,0,1.0,-0.25,6.3,93.7
2022-12-17 01:00:00,264.17776596666,239.817073616666,239.848739066664,22.40185187666667,2.103333333333333,26.85,2,5.1764362714980825,70.66250196097344,1,5,12,0.2588190451025207,0.9659258262890684,-0.9749279121818236,-0.2225209339563146,-2.4492935982947064e-16,1.0,0.0,0.0,0.0,11.8,23.8,100.0,94.0,-0.0,4.8153577,0.2,0.8,22.92222223,27.45,27.183333333333334,26.85,26.5,26.15,-20.298518543333337,0.4074074266666692,0.0,2.103333333333333,2.0113333333333334,22.172839514444444,2.117555555555558,5.3318143,5.324617,5.3118587,5.384242,5.3501306,0,0.0,0,1.0,-0.15,5.5,94.5
2022-12-17 01:15:00,270.406405661106,235.672239416666,235.702516055552,22.92222223,2.0113333333333334,26.15,2,5.1764362714980825,70.66250196097344,1,5,12,0.2588190451025207,0.9659258262890684,-0.9749279121818236,-0.2225209339563146,-2.4492935982947064e-16,1.0,0.0,0.0,0.0,11.775,23.975,100.0,94.25,0.0,4.8199096,0.2,0.775,23.187037036666663,26.85,27.45,27.183333333333334,26.85,26.0,-20.910888896666663,0.5203703533333304,-0.0919999999999996,2.103333333333333,1.8606666666666667,22.43950618555556,2.072666666666669,5.3501306,5.3318143,5.324617,5.3118587,5.400602,0,0.0,0,1.0,-0.04,5.0,95.0
2022-12-17 01:30:00,182.39298182222,148.17323948333402,148.194072033332,23.187037036666663,1.8606666666666667,26.0,2,5.1764362714980825,70.66250196097344,1,5,12,0.2588190451025207,0.9659258262890684,-0.9749279121818236,-0.2225209339563146,-2.4492935982947064e-16,1.0,0.0,0.0,0.0,11.75,24.15,100.0,94.5,0.0,4.8244286,0.2,0.75,22.76111111,26.15,26.85,27.45,27.183333333333334,26.05,-21.32637037,0.2648148066666671,-0.1506666666666667,2.0113333333333334,1.7266666666666666,22.83703704777778,1.99177777777778,5.400602,5.3501306,5.3318143,5.324617,5.2807155,0,0.0,0,1.0,0.02,5.0,95.0
2022-12-17 01:45:00,169.93875776111,129.870082772222,129.888415405554,22.76111111,1.7266666666666666,26.05,2,5.1764362714980825,70.66250196097344,1,5,12,0.2588190451025207,0.9659258262890684,-0.9749279121818236,-0.2225209339563146,-2.4492935982947064e-16,1.0,0.0,0.0,0.0,11.725,24.325,100.0,94.75,0.0,4.8289185,0.2,0.725,22.537037023333333,26.0,26.15,26.85,27.45,26.466666666666665,-21.03444444333333,-0.4259259266666646,-0.1340000000000001,1.8606666666666667,1.638,22.95679012555556,1.8662222222222244,5.2807155,5.400602,5.3501306,5.3318143,5.2966623,0,0.0,0,1.0,-0.08,5.1,94.9
2022-12-17 02:00:00,224.610459838882,183.819035877776,183.843201594442,22.537037023333333,1.638,26.466666666666665,2,5.1764362714980825,70.66250196097344,2,5,12,0.4999999999999999,0.8660254037844387,-0.9749279121818236,-0.2225209339563146,-2.4492935982947064e-16,1.0,0.0,0.0,0.0,11.7,24.5,100.0,95.0,-0.0,4.8333764,0.2,0.7,22.82222224,26.05,26.0,26.15,26.85,26.15,-20.89903702333333,-0.2240740866666684,-0.0886666666666664,1.7266666666666666,1.5426666666666666,22.82839505666667,1.74177777777778,5.2966623,5.2807155,5.400602,5.3501306,5.319581,0,0.0,0,1.0,-0.13,5.3,94.7
2022-12-17 02:15:00,171.71202016111,143.084554155556,143.105108933332,22.82222224,1.5426666666666666,26.15,2,5.1764362714980825,70.66250196097344,2,5,12,0.4999999999999999,0.8660254037844387,-0.9749279121818236,-0.2225209339563146,-2.4492935982947064e-16,1.0,0.0,0.0,0.0,11.575,24.325,100.0,95.25,-0.025,4.8212547,0.175,0.625,22.807407426666668,26.466666666666665,26.05,26.0,26.15,26.0,-21.279555573333333,0.2851852166666653,-0.0953333333333334,1.638,1.46,22.70679012444445,1.63577777777778,5.319581,5.2966623,5.2807155,5.400602,5.2845817,0,0.0,0,1.0,-0.06,5.1,94.9
2022-12-17 02:30:00,124.709733811104,100.315153883334,100.331819966664,22.807407426666668,1.46,26.0,2,5.1764362714980825,70.66250196097344,2,5,12,0.4999999999999999,0.8660254037844387,-0.9749279121818236,-0.2225209339563146,-2.4492935982947064e-16,1.0,0.0,0.0,0.0,11.45,24.15,100.0,95.5,-0.05,4.8091154,0.15,0.55,22.5388889,26.15,26.466666666666665,26.05,26.0,26.05,-21.347407426666667,-0.0148148133333307,-0.0826666666666666,1.5426666666666666,1.4266666666666663,22.72222223,1.5468888888888912,5.2845817,5.319581,5.2966623,5.2807155,5.213832,0,0.0,0,1.0,-0.07,5.1,94.9
2022-12-17 02:45:00,136.854247844444,105.85854323889,105.874931533332,22.5388889,1.4266666666666663,26.05,2,5.1764362714980825,70.66250196097344,2,5,12,0.4999999999999999,0.8660254037844387,-0.9749279121818236,-0.2225209339563146,-2.4492935982947064e-16,1.0,0.0,0.0,0.0,11.325,23.975,100.0,95.75,-0.075,4.7969575,0.125,0.475,22.37592592,26.0,26.15,26.466666666666665,26.05,26.466666666666665,-21.11222223333333,-0.2685185266666678,-0.0333333333333334,1.46,1.4066666666666665,22.722839522222227,1.476444444444447,5.213832,5.2845817,5.319581,5.2966623,5.247867,0,0.0,0,1.0,-0.13,5.3,94.7
2022-12-17 03:00:00,142.255698427778,98.7643826,98.779382033332,22.37592592,1.4066666666666665,26.466666666666665,2,5.1764362714980825,70.66250196097344,3,5,12,0.7071067811865476,0.7071067811865476,-0.9749279121818236,-0.2225209339563146,-2.4492935982947064e-16,1.0,0.0,0.0,0.0,11.2,23.8,100.0,96.0,-0.1,4.784783,0.1,0.4,22.25555553,26.05,26.0,26.15,26.466666666666665,26.5,-20.96925925333333,-0.1629629799999996,-0.02,1.4266666666666663,1.386,22.57407408222222,1.4311111111111134,5.247867,5.213832,5.2845817,5.319581,5.2182283,0,0.0,0,1.0,-0.16,5.6,94.4
2022-12-17 03:15:00,171.54786006111,131.681121427778,131.699176305554,22.25555553,1.386,26.5,2,5.1764362714980825,70.66250196097344,3,5,12,0.7071067811865476,0.7071067811865476,-0.9749279121818236,-0.2225209339563146,-2.4492935982947064e-16,1.0,0.0,0.0,0.0,10.925,23.6,90.5,96.0,-0.125,4.776573,0.075,0.375,22.140740726666667,26.466666666666665,26.05,26.0,26.15,26.5,-20.86955553,-0.1203703900000014,-0.0206666666666666,1.4066666666666665,1.3300000000000003,22.39012345,1.4064444444444468,5.2182283,5.247867,5.213832,5.2845817,5.1838546,0,0.0,0,1.0,-0.19,5.8,94.2
2022-12-17 03:30:00,138.705007211108,107.149324988888,107.165991038886,22.140740726666667,1.3300000000000003,26.5,2,5.1764362714980825,70.66250196097344,3,5,12,0.7071067811865476,0.7071067811865476,-0.9749279121818236,-0.2225209339563146,-2.4492935982947064e-16,1.0,0.0,0.0,0.0,10.65,23.4,81.0,96.0,-0.15,4.768378,0.05,0.35,21.85555557,26.5,26.466666666666665,26.05,26.0,26.8,-20.810740726666666,-0.1148148033333313,-0.0559999999999996,1.386,1.2526666666666666,22.257407392222223,1.3742222222222245,5.1838546,5.2182283,5.247867,5.213832,5.1570506,0,0.0,0,1.0,-0.22,6.0,94.0
2022-12-17 03:45:00,160.34636372222,128.337366283334,128.359309888888,21.85555557,1.2526666666666666,26.8,2,5.1764362714980825,70.66250196097344,3,5,12,0.7071067811865476,0.7071067811865476,-0.9749279121818236,-0.2225209339563146,-2.4492935982947064e-16,1.0,0.0,0.0,0.0,10.375,23.2,71.5,96.0,-0.175,4.7601943,0.0249999999999999,0.325,21.949603199285715,26.5,26.5,26.466666666666665,26.05,26.52142857142857,-20.602888903333334,-0.2851851566666674,-0.0773333333333337,1.3300000000000003,1.1614285714285713,22.083950608888888,1.3228888888888914,5.1570506,5.1838546,5.2182283,5.247867,5.1312113,0,0.0,0,1.0,-0.28,6.7,93.3
2022-12-17 04:00:00,183.844868194442,161.087167355556,161.109944227778,21.949603199285715,1.1614285714285713,26.52142857142857,2,5.1764362714980825,70.66250196097344,4,5,12,0.8660254037844386,0.5000000000000001,-0.9749279121818236,-0.2225209339563146,-2.4492935982947064e-16,1.0,0.0,0.0,0.0,10.1,23.0,62.0,96.0,-0.2,4.752023,0.0,0.3,22.311507960714287,26.8,26.5,26.5,26.466666666666665,26.107142857142858,-20.788174627857146,0.0940476292857148,-0.0912380952380953,1.2526666666666666,1.1357142857142857,21.981966498650795,1.2480317460317485,5.1312113,5.1570506,5.1838546,5.2182283,5.157442,0,0.0,0,1.0,-0.26,6.4,93.6
2022-12-17 04:15:00,247.020952283326,218.651531372222,218.681807994442,22.311507960714287,1.1357142857142857,26.107142857142858,2,5.1764362714980825,70.66250196097344,4,5,12,0.8660254037844386,0.5000000000000001,-0.9749279121818236,-0.2225209339563146,-2.4492935982947064e-16,1.0,0.0,0.0,0.0,9.725,22.2,49.25,96.0,-0.6000000000000001,4.6229424,0.0,-0.1,22.729629653333333,26.52142857142857,26.8,26.5,26.5,25.53333333333333,-21.175793675,0.3619047614285726,-0.0257142857142855,1.1614285714285713,1.0633333333333337,22.03888891,1.1832698412698437,5.157442,5.1312113,5.1570506,5.1838546,5.1666493,0,0.0,0,1.0,-0.18,5.7,94.3
2022-12-17 04:30:00,226.034013877776,175.501590772222,175.526312049998,22.729629653333333,1.0633333333333337,25.53333333333333,2,5.1764362714980825,70.66250196097344,4,5,12,0.8660254037844386,0.5000000000000001,-0.9749279121818236,-0.2225209339563146,-2.4492935982947064e-16,1.0,0.0,0.0,0.0,9.35,21.4,36.5,96.0,-1.0,4.496948,0.0,-0.5,22.65,26.107142857142858,26.52142857142857,26.8,26.5,25.55,-21.66629632,0.4181216926190458,-0.0723809523809522,1.1357142857142857,1.032,22.330246937777776,1.1201587301587326,5.1666493,5.157442,5.1312113,5.1570506,5.146468,0,0.0,0,1.0,-0.09,5.2,94.8
2022-12-17 04:45:00,151.571436999996,114.126545872222,114.14598956111,22.65,1.032,25.55,2,5.1764362714980825,70.66250196097344,4,5,12,0.8660254037844386,0.5000000000000001,-0.9749279121818236,-0.2225209339563146,-2.4492935982947064e-16,1.0,0.0,0.0,0.0,8.975,20.6,23.75,96.0,-1.4,4.3739777,0.0,-0.9000000000000001,22.196296326666666,25.53333333333333,26.107142857142858,26.52142857142857,26.8,25.966666666666665,-21.618,-0.0796296533333347,-0.0313333333333334,1.0633333333333337,0.992,22.563712538015874,1.0770158730158756,5.146468,5.1666493,5.157442,5.1312113,5.0958,0,0.0,0,1.0,-0.11,5.2,94.8
2022-12-17 05:00:00,513.33974342222,158.674208327778,158.699762905554,22.196296326666666,0.992,25.966666666666665,2,5.1764362714980825,70.66250196097344,5,5,12,0.9659258262890684,0.2588190451025207,-0.9749279121818236,-0.2225209339563146,-2.4492935982947064e-16,1.0,0.0,0.0,0.0,8.6,19.8,11.0,96.0,-1.8,4.253969,0.0,-1.3,22.383730145,25.55,25.53333333333333,26.107142857142858,26.52142857142857,25.61785714285714,-21.204296326666665,-0.453703673333333,-0.0400000000000001,1.032,0.9335714285714286,22.52530866,1.0291111111111133,5.0958,5.146468,5.1666493,5.157442,5.081842,0,0.0,0,1.0,-0.21,5.9,94.1
2022-12-17 05:15:00,248.684774594438,215.15611566111,215.18472568333,22.383730145,0.9335714285714286,25.61785714285714,2,5.1764362714980825,70.66250196097344,5,5,12,0.9659258262890684,0.2588190451025207,-0.9749279121818236,-0.2225209339563146,-2.4492935982947064e-16,1.0,0.0,0.0,0.0,9.075,19.9,12.5,95.75,-1.975,4.206082,0.0,-1.425,22.83703704666667,25.966666666666665,25.55,25.53333333333333,26.107142857142858,25.03333333333333,-21.450158716428568,0.1874338183333321,-0.0584285714285712,0.992,0.8480000000000001,22.410008823888887,0.9858571428571452,5.081842,5.0958,5.146468,5.1666493,5.096746,0,0.0,0,1.0,-0.17,5.6,94.4
2022-12-17 05:30:00,217.072427955552,192.635349844444,192.663404305554,22.83703704666667,0.8480000000000001,25.03333333333333,2,5.1764362714980825,70.66250196097344,5,5,12,0.9659258262890684,0.2588190451025207,-0.9749279121818236,-0.2225209339563146,-2.4492935982947064e-16,1.0,0.0,0.0,0.0,9.55,20.0,14.0,95.5,-2.15,4.1586666,0.0,-1.55,22.916666640000003,25.61785714285714,25.966666666666665,25.55,25.53333333333333,25.0,-21.98903704666667,0.4533069016666715,-0.0855714285714285,0.9335714285714286,0.6453333333333333,22.472354506111117,0.924523809523812,5.096746,5.081842,5.0958,5.146468,5.113221,0,0.0,0,1.0,-0.07,5.1,94.9
2022-12-17 05:45:00,149.444577577776,116.730330583334,116.749496533332,22.916666640000003,0.6453333333333333,25.0,2,5.1764362714980825,70.66250196097344,5,5,12,0.9659258262890684,0.2588190451025207,-0.9749279121818236,-0.2225209339563146,-2.4492935982947064e-16,1.0,0.0,0.0,0.0,10.025,20.1,15.5,95.25,-2.325,4.11172,0.0,-1.675,22.44814815333333,25.03333333333333,25.61785714285714,25.966666666666665,25.55,25.183333333333334,-22.27133330666667,0.0796295933333333,-0.2026666666666667,0.8480000000000001,0.5700000000000001,22.71247794388889,0.8089682539682563,5.113221,5.096746,5.081842,5.0958,5.014172,0,0.0,0,1.0,-0.05,5.0,95.0
2022-12-17 06:00:00,217.168257488884,164.878960127778,164.901181505554,22.44814815333333,0.5700000000000001,25.183333333333334,2,5.1764362714980825,70.66250196097344,6,5,12,1.0,6.123233995736766e-17,-0.9749279121818236,-0.2225209339563146,-2.4492935982947064e-16,1.0,0.0,0.0,0.0,10.5,20.2,17.0,95.0,-2.5,4.0652375,0.0,-1.8,22.45555556,25.0,25.03333333333333,25.61785714285714,25.966666666666665,25.45,-21.87814815333333,-0.4685184866666709,-0.0753333333333332,0.6453333333333333,0.528,22.73395061333333,0.6877777777777802,5.014172,5.113221,5.096746,5.081842,5.0694237,0,0.0,0,1.0,-0.15,5.5,94.5
2022-12-17 06:15:00,213.521736572222,182.0818831,182.106604327778,22.45555556,0.528,25.45,2,5.1764362714980825,70.66250196097344,6,5,12,1.0,6.123233995736766e-17,-0.9749279121818236,-0.2225209339563146,-2.4492935982947064e-16,1.0,0.0,0.0,0.0,10.375,20.2,18.5,95.0,-2.575,4.0510383,0.0,-1.85,22.748148123333333,25.183333333333334,25.0,25.03333333333333,25.61785714285714,25.03333333333333,-21.92755556,0.0074074066666689,-0.042,0.5700000000000001,0.4173333333333333,22.60679011777778,0.5811111111111135,5.0694237,5.014172,5.113221,5.096746,5.070855,0,0.0,0,1.0,-0.15,5.5,94.5
2022-12-17 06:30:00,205.719548572226,181.418576316666,181.443297544444,22.748148123333333,0.4173333333333333,25.03333333333333,2,5.1764362714980825,70.66250196097344,6,5,12,1.0,6.123233995736766e-17,-0.9749279121818236,-0.2225209339563146,-2.4492935982947064e-16,1.0,0.0,0.0,0.0,10.25,20.2,20.0,95.0,-2.65,4.0368824,0.0,-1.9,22.861111110000003,25.45,25.183333333333334,25.0,25.03333333333333,24.65,-22.33081479,0.2925925633333328,-0.1106666666666666,0.528,0.3246666666666666,22.550617278888893,0.5051111111111135,5.070855,5.0694237,5.014172,5.113221,5.025625,0,0.0,0,1.0,-0.09,5.2,94.8
2022-12-17 06:45:00,182.9810138,148.015745833332,148.035745033332,22.861111110000003,0.3246666666666666,24.65,2,5.1764362714980825,70.66250196097344,6,5,12,1.0,6.123233995736766e-17,-0.9749279121818236,-0.2225209339563146,-2.4492935982947064e-16,1.0,0.0,0.0,0.0,10.125,20.2,21.5,95.0,-2.725,4.0227695,0.0,-1.95,22.64259261,25.03333333333333,25.45,25.183333333333334,25.0,24.683333333333334,-22.536444443333338,0.1129629866666697,-0.0926666666666666,0.4173333333333333,0.3173333333333333,22.68827159777778,0.4233333333333357,5.025625,5.070855,5.0694237,5.014172,4.969786,0,0.0,0,1.0,-0.06,5.1,94.9
2022-12-17 07:00:00,156.194863005558,129.787586022224,129.806474183334,22.64259261,0.3173333333333333,24.683333333333334,2,5.1764362714980825,70.66250196097344,7,5,12,0.9659258262890684,-0.2588190451025206,-0.9749279121818236,-0.2225209339563146,-2.4492935982947064e-16,1.0,0.0,0.0,0.0,10.0,20.2,23.0,95.0,-2.8,4.0087004,0.0,-2.0,22.33888891,24.65,25.03333333333333,25.45,25.183333333333334,25.0,-22.325259276666667,-0.2185185000000018,-0.0073333333333333,0.3246666666666666,0.4406666666666667,22.750617281111115,0.3531111111111135,4.969786,5.025625,5.070855,5.0694237,4.946509,0,0.0,0,1.0,-0.11,5.3,94.7
2022-12-17 07:15:00,229.796918938886,190.963194516666,190.988749077776,22.33888891,0.4406666666666667,25.0,2,5.1764362714980825,70.66250196097344,7,5,12,0.9659258262890684,-0.2588190451025206,-0.9749279121818236,-0.2225209339563146,-2.4492935982947064e-16,1.0,0.0,0.0,0.0,10.025,19.925,41.25,94.75,-2.825,3.991151,0.0,-2.025,22.61851855333333,24.683333333333334,24.65,25.03333333333333,25.45,24.816666666666663,-21.898222243333333,-0.3037037000000033,0.1233333333333333,0.3173333333333333,0.5826666666666667,22.614197543333333,0.3608888888888912,4.946509,4.969786,5.025625,5.070855,4.989735,0,0.0,0,1.0,-0.18,5.7,94.3
2022-12-17 07:30:00,246.366256105554,197.794310127778,197.820142444444,22.61851855333333,0.5826666666666667,24.816666666666663,2,5.1764362714980825,70.66250196097344,7,5,12,0.9659258262890684,-0.2588190451025206,-0.9749279121818236,-0.2225209339563146,-2.4492935982947064e-16,1.0,0.0,0.0,0.0,10.05,19.65,59.5,94.5,-2.85,3.9736493,0.0,-2.05,22.89999998,25.0,24.683333333333334,24.65,25.03333333333333,24.5,-22.035851886666663,0.2796296433333367,0.1419999999999999,0.4406666666666667,0.6713333333333333,22.53333335777778,0.4468888888888913,4.989735,4.946509,4.969786,5.025625,5.0061784,0,0.0,0,1.0,-0.12,5.3,94.7
2022-12-17 07:45:00,218.02488982222,188.640787383334,188.667453016666,22.89999998,0.6713333333333333,24.5,2,5.1764362714980825,70.66250196097344,7,5,12,0.9659258262890684,-0.2588190451025206,-0.9749279121818236,-0.2225209339563146,-2.4492935982947064e-16,1.0,0.0,0.0,0.0,10.075,19.375,77.75,94.25,-2.875,3.956196,0.0,-2.075,22.91481482,24.816666666666663,25.0,24.683333333333334,24.65,24.5,-22.228666646666667,0.2814814266666658,0.0886666666666666,0.5826666666666667,0.8033333333333333,22.619135814444444,0.5648888888888913,5.0061784,4.989735,4.946509,4.969786,5.0104246,0,0.0,0,1.0,-0.05,5.1,94.9
2022-12-17 08:00:00,127.55711959445,103.234759327778,103.251980888888,22.91481482,0.8033333333333333,24.5,2,5.1764362714980825,70.66250196097344,8,5,12,0.8660254037844387,-0.4999999999999998,-0.9749279121818236,-0.2225209339563146,-2.4492935982947064e-16,1.0,0.0,0.0,0.0,10.1,19.1,96.0,94.0,-2.9,3.9387896,0.0,-2.1,22.44999999,24.5,24.816666666666663,25.0,24.683333333333334,24.9,-22.111481486666666,0.0148148399999996,0.132,0.6713333333333333,1.0293333333333334,22.81111111777778,0.6857777777777802,5.0104246,5.0061784,4.989735,4.946509,4.9582863,0,0.0,0,1.0,-0.05,5.1,94.9
2022-12-17 08:15:00,155.504335177776,124.055037633332,124.073370266664,22.44999999,1.0293333333333334,24.9,2,5.1764362714980825,70.66250196097344,8,5,12,0.8660254037844387,-0.4999999999999998,-0.9749279121818236,-0.2225209339563146,-2.4492935982947064e-16,1.0,1.75,0.4375,0.1458333333333333,9.875,18.65,83.5,93.75,-3.0,3.907695,0.0,-2.175,22.25925928,24.5,24.5,24.816666666666663,25.0,25.28333333333333,-21.420666656666665,-0.4648148300000017,0.2260000000000001,0.8033333333333333,1.1973333333333334,22.754938263333333,0.8346666666666692,4.9582863,5.0104246,5.0061784,4.989735,4.9797115,0,0.0,0,1.0,-0.16,5.5,94.5
2022-12-17 08:30:00,212.637327633328,178.326477772222,178.35231012222,22.25925928,1.1973333333333334,25.28333333333333,2,5.1764362714980825,70.66250196097344,8,5,12,0.8660254037844387,-0.4999999999999998,-0.9749279121818236,-0.2225209339563146,-2.4492935982947064e-16,1.0,3.5,1.3125,0.4375,9.65,18.200000000000003,71.0,93.5,-3.1,3.8768058,0.0,-2.25,22.59444447,24.9,24.5,24.5,24.816666666666663,25.0,-21.061925946666666,-0.19074071,0.1679999999999999,1.0293333333333334,1.2366666666666668,22.54135803,1.0100000000000025,4.9797115,4.9582863,5.0104246,5.0061784,5.019658,0,0.0,0,1.0,-0.2,5.8,94.2
2022-12-17 08:45:00,209.042471283334,168.6082554,168.631865588888,22.59444447,1.2366666666666668,25.0,2,5.1764362714980825,70.66250196097344,8,5,12,0.8660254037844387,-0.4999999999999998,-0.9749279121818236,-0.2225209339563146,-2.4492935982947064e-16,1.0,5.25,2.625,0.875,9.425,17.75,58.5,93.25,-3.2,3.8461199,0.0,-2.325,22.70925927,25.28333333333333,24.9,24.5,24.5,25.0,-21.35777780333333,0.3351851900000007,0.0393333333333334,1.1973333333333334,1.3266666666666669,22.434567913333336,1.154444444444447,5.019658,4.9797115,4.9582863,5.0104246,5.0528255,0,0.0,0,1.0,-0.12,5.3,94.7
2022-12-17 09:00:00,137.27256451110802,96.67918826111,96.696409872218,22.70925927,1.3266666666666669,25.0,2,5.1764362714980825,70.66250196097344,9,5,12,0.7071067811865476,-0.7071067811865475,-0.9749279121818236,-0.2225209339563146,-2.4492935982947064e-16,1.0,7.0,4.375,1.4583333333333333,9.2,17.3,46.0,93.0,-3.3,3.815637,0.0,-2.4,22.45,25.0,25.28333333333333,24.9,24.5,25.35,-21.38259260333333,0.1148148000000013,0.0899999999999998,1.2366666666666668,1.41,22.52098767333333,1.253555555555558,5.0528255,5.019658,4.9797115,4.9582863,5.0478945,0,0.0,0,1.0,-0.1,5.2,94.8
2022-12-17 09:15:00,137.991146666672,106.464074583334,106.482685038886,22.45,1.41,25.35,2,5.1764362714980825,70.66250196097344,9,5,12,0.7071067811865476,-0.7071067811865475,-0.9749279121818236,-0.2225209339563146,-2.4492935982947064e-16,1.0,28.75,11.125,3.8541666666666665,8.424999999999999,17.3,50.25,92.5,-3.1,3.8759367,0.0,-2.1,22.296296270000003,25.0,25.0,25.28333333333333,24.9,25.5,-21.04,-0.2592592700000011,0.0833333333333332,1.3266666666666669,1.4166666666666667,22.58456791333333,1.324444444444447,5.0478945,5.0528255,5.019658,4.9797115,5.0330973,0,0.0,0,1.0,-0.15,5.5,94.5
2022-12-17 09:30:00,123.932264744444,99.5676838,99.58462762222,22.296296270000003,1.4166666666666667,25.5,2,5.1764362714980825,70.66250196097344,9,5,12,0.7071067811865476,-0.7071067811865475,-0.9749279121818236,-0.2225209339563146,-2.4492935982947064e-16,1.0,50.5,22.875,8.0625,7.649999999999999,17.3,54.5,92.0,-2.9,3.9368618,0.0,-1.7999999999999998,22.12777776,25.35,25.0,25.0,25.28333333333333,25.55,-20.87962960333333,-0.1537037299999966,0.0066666666666668,1.41,1.504,22.48518518,1.3844444444444468,5.0330973,5.0478945,5.0528255,5.019658,4.9942884,0,0.0,0,1.0,-0.19,5.7,94.3
2022-12-17 09:45:00,114.016550272222,86.142387533332,86.158775827774,22.12777776,1.504,25.55,2,5.1764362714980825,70.66250196097344,9,5,12,0.7071067811865476,-0.7071067811865475,-0.9749279121818236,-0.2225209339563146,-2.4492935982947064e-16,1.0,72.25,39.625,14.083333333333334,6.875,17.3,58.75,91.5,-2.7,3.9984133,0.0,-1.5,21.914814776666667,25.5,25.35,25.0,25.0,25.78333333333333,-20.62377776,-0.1685185100000019,0.0873333333333332,1.4166666666666667,1.6166666666666667,22.29135801,1.443555555555558,4.9942884,5.0330973,5.0478945,5.0528255,4.9784093,0,0.0,0,1.0,-0.23,6.1,93.9
2022-12-17 10:00:00,148.21101582222,104.466932288888,104.483042827774,21.914814776666667,1.6166666666666667,25.78333333333333,2,5.1764362714980825,70.66250196097344,10,5,12,0.4999999999999999,-0.8660254037844387,-0.9749279121818236,-0.2225209339563146,-2.4492935982947064e-16,1.0,94.0,61.375,21.916666666666668,6.1,17.3,63.0,91.0,-2.5,4.0605874,0.0,-1.2,21.66111113,25.55,25.5,25.35,25.0,25.85,-20.29814811,-0.2129629833333339,0.1126666666666666,1.504,1.6866666666666668,22.11296293555556,1.5124444444444467,4.9784093,4.9942884,5.0330973,5.0478945,4.9186926,0,0.0,0,1.0,-0.27,6.6,93.4
2022-12-17 10:15:00,213.41062998333,173.652775844444,173.67694156111,21.66111113,1.6866666666666668,25.85,2,5.1764362714980825,70.66250196097344,10,5,12,0.4999999999999999,-0.8660254037844387,-0.9749279121818236,-0.2225209339563146,-2.4492935982947064e-16,1.0,115.25,83.0,31.52083333333333,6.85,18.2,70.5,88.0,-2.425,4.086682,0.0,-0.625,21.925925933333332,25.78333333333333,25.55,25.5,25.35,25.816666666666663,-19.97444446333333,-0.2537036466666684,0.07,1.6166666666666667,1.7326666666666666,21.90123455555556,1.6024444444444468,4.9186926,4.9784093,4.9942884,5.0330973,4.988043,0,0.0,0,1.0,-0.33,7.3,92.7
2022-12-17 10:30:00,257.30887398333,226.440108666668,226.469551955556,21.925925933333332,1.7326666666666666,25.816666666666663,2,5.1764362714980825,70.66250196097344,10,5,12,0.4999999999999999,-0.8660254037844387,-0.9749279121818236,-0.2225209339563146,-2.4492935982947064e-16,1.0,136.5,104.5,42.895833333333336,7.6,19.1,78.0,85.0,-2.35,4.107366,0.0,-0.05,22.561111120000003,25.85,25.78333333333333,25.55,25.5,25.15,-20.19325926666667,0.264814803333337,0.0459999999999998,1.6866666666666668,1.8246666666666669,21.83395061333333,1.678666666666669,4.988043,4.9186926,4.9784093,4.9942884,5.0401254,0,0.0,0,1.0,-0.27,6.5,93.5
2022-12-17 10:45:00,261.64175616111,226.36872263889,226.397888172222,22.561111120000003,1.8246666666666669,25.15,2,5.1764362714980825,70.66250196097344,10,5,12,0.4999999999999999,-0.8660254037844387,-0.9749279121818236,-0.2225209339563146,-2.4492935982947064e-16,1.0,157.75,125.875,56.04166666666666,8.35,20.0,85.5,82.0,-2.2750000000000004,4.122218,0.0,0.5249999999999999,22.8648148,25.816666666666663,25.85,25.78333333333333,25.55,24.816666666666663,-20.736444453333338,0.6351851866666678,0.092,1.7326666666666666,1.9633333333333332,22.049382727777783,1.7480000000000022,5.0401254,4.988043,4.9186926,4.9784093,5.060678,0,0.0,0,1.0,-0.13,5.3,94.7
2022-12-17 11:00:00,66.442897811108,42.126648216666,42.13859222222,22.8648148,1.9633333333333332,24.816666666666663,1,5.1764362714980825,70.66250196097344,11,5,12,0.258819045102521,-0.9659258262890682,-0.9749279121818236,-0.2225209339563146,-2.4492935982947064e-16,1.0,179.0,147.125,70.95833333333333,9.1,20.9,93.0,79.0,-2.2,4.130795,0.0,1.1,22.45555554,25.15,25.816666666666663,25.85,25.78333333333333,24.9,-20.901481466666663,0.3037036799999946,0.1386666666666667,1.8246666666666669,2.02,22.450617284444448,1.8402222222222249,5.060678,5.0401254,4.988043,4.9186926,4.9598684,0,0.0,1,1.0,-0.06,5.1,94.9
2022-12-17 11:15:00,143.070110333332,118.317489311112,118.335821927778,22.45555554,2.02,24.9,2,5.1764362714980825,70.66250196097344,11,5,12,0.258819045102521,-0.9659258262890682,-0.9749279121818236,-0.2225209339563146,-2.4492935982947064e-16,1.0,182.75,164.0,86.04166666666667,10.025,23.225,94.75,78.75,-2.1750000000000003,4.1317997,0.0,1.15,22.31111108,24.816666666666663,25.15,25.816666666666663,25.85,25.28333333333333,-20.43555554,-0.4092592599999989,0.0566666666666666,1.9633333333333332,2.1086666666666667,22.627160486666668,1.9360000000000024,4.9598684,5.060678,5.0401254,4.988043,4.994586,0,0.0,1,1.0,-0.15,5.5,94.5
2022-12-17 11:30:00,232.133492088888,178.957008083334,178.980340483334,22.31111108,2.1086666666666667,25.28333333333333,2,5.1764362714980825,70.66250196097344,11,5,12,0.258819045102521,-0.9659258262890682,-0.9749279121818236,-0.2225209339563146,-2.4492935982947064e-16,1.0,186.5,176.5,101.29166666666669,10.95,25.55,96.5,78.5,-2.1500000000000004,4.132757,0.0,1.2000000000000002,22.5888889,24.9,24.816666666666663,25.15,25.816666666666663,25.0,-20.20244441333333,-0.144444459999999,0.0886666666666666,2.02,2.2033333333333336,22.54382714,2.030666666666669,4.994586,4.9598684,5.060678,5.0401254,5.018058,0,0.0,0,1.0,-0.19,5.7,94.3
2022-12-17 11:45:00,149.881504599996,110.998615411112,111.01611476111,22.5888889,2.2033333333333336,25.0,2,5.1764362714980825,70.66250196097344,11,5,12,0.258819045102521,-0.9659258262890682,-0.9749279121818236,-0.2225209339563146,-2.4492935982947064e-16,1.0,190.25,184.625,116.70833333333331,11.875,27.875,98.25,78.25,-2.125,4.1336665,0.0,1.25,22.50185188333333,25.28333333333333,24.9,24.816666666666663,25.15,25.0,-20.385555566666664,0.2777778199999972,0.0946666666666669,2.1086666666666667,2.307333333333333,22.45185184,2.110666666666669,5.018058,4.994586,4.9598684,5.060678,4.993047,0,0.0,0,1.0,-0.12,5.3,94.7
2022-12-17 12:00:00,119.236063749998,94.973423127778,94.99064472222,22.50185188333333,2.307333333333333,25.0,2,5.1764362714980825,70.66250196097344,12,5,12,1.2246467991473532e-16,-1.0,-0.9749279121818236,-0.2225209339563146,-2.4492935982947064e-16,1.0,194.0,188.375,132.29166666666666,12.8,30.2,100.0,78.0,-2.1,4.1345286,0.0,1.3,22.27222221,25.0,25.28333333333333,24.9,24.816666666666663,25.0,-20.19451855,-0.0870370166666631,0.1039999999999996,2.2033333333333336,2.244,22.467283954444444,2.206444444444447,4.993047,5.018058,4.994586,4.9598684,4.9275804,0,0.0,0,1.0,-0.14,5.4,94.6
2022-12-17 12:15:00,500.652195477772,104.3391596,104.358047794442,22.27222221,2.244,25.0,2,5.1764362714980825,70.66250196097344,12,5,12,1.2246467991473532e-16,-1.0,-0.9749279121818236,-0.2225209339563146,-2.4492935982947064e-16,1.0,170.5,185.3125,144.10416666666666,11.9,30.025,88.5,77.75,-2.15,4.121277,0.0,1.3,22.18148146333333,25.0,25.0,25.28333333333333,24.9,25.0,-20.02822221,-0.2296296733333349,-0.063333333333333,2.307333333333333,1.9726666666666663,22.45432099777777,2.251555555555558,4.9275804,4.993047,5.018058,4.994586,4.9019146,0,0.0,0,1.0,-0.2,5.8,94.2
2022-12-17 12:30:00,782.776465505554,81.893946344444,81.91172344999801,22.18148146333333,1.9726666666666663,25.0,2,5.1764362714980825,70.66250196097344,12,5,12,1.2246467991473532e-16,-1.0,-0.9749279121818236,-0.2225209339563146,-2.4492935982947064e-16,1.0,147.0,175.4375,152.14583333333334,11.0,29.85,77.0,77.5,-2.2,4.108025,0.0,1.3,21.99999997,25.0,25.0,25.0,25.28333333333333,25.35,-20.20881479666667,-0.0907407466666647,-0.2713333333333336,2.244,1.7653333333333334,22.31851851888889,2.174666666666669,4.9019146,4.9275804,4.993047,5.018058,4.918844,0,0.0,0,1.0,-0.22,6.0,94.0
2022-12-17 12:45:00,139.763576016662,108.592045027778,108.610655466664,21.99999997,1.7653333333333334,25.35,2,5.1764362714980825,70.66250196097344,12,5,12,1.2246467991473532e-16,-1.0,-0.9749279121818236,-0.2225209339563146,-2.4492935982947064e-16,1.0,123.5,158.75,156.41666666666666,10.1,29.675,65.5,77.25,-2.25,4.094774,0.0,1.3,22.01666668,25.0,25.0,25.0,25.0,25.316666666666663,-20.234666636666663,-0.1814814933333366,-0.2073333333333331,1.9726666666666663,1.71,22.15123454777778,1.9940000000000024,4.918844,4.9019146,4.9275804,4.993047,4.917099,0,0.0,0,1.0,-0.26,6.4,93.6
2022-12-17 13:00:00,171.465363427774,121.268204611112,121.286537294442,22.01666668,1.71,25.316666666666663,2,5.1764362714980825,70.66250196097344,13,5,12,-0.2588190451025208,-0.9659258262890684,-0.9749279121818236,-0.2225209339563146,-2.4492935982947064e-16,1.0,100.0,135.25,156.91666666666666,9.2,29.5,54.0,77.0,-2.3,4.081522,0.0,1.3,22.13888892,25.35,25.0,25.0,25.0,25.0,-20.30666668,0.0166667100000026,-0.0553333333333334,1.7653333333333334,1.7933333333333334,22.06604937111111,1.8160000000000025,4.917099,4.918844,4.9019146,4.9275804,4.889908,0,0.0,0,1.0,-0.25,6.3,93.7
2022-12-17 13:15:00,159.603337894442,123.7717156,123.789770411112,22.13888892,1.7933333333333334,25.0,2,5.1764362714980825,70.66250196097344,13,5,12,-0.2588190451025208,-0.9659258262890684,-0.9749279121818236,-0.2225209339563146,-2.4492935982947064e-16,1.0,152.75,130.8125,160.04166666666666,10.45,30.325,57.75,74.75,-2.55,4.0097623,0.0,1.475,22.238888886666665,25.316666666666663,25.35,25.0,25.0,25.0,-20.345555586666663,0.1222222399999992,0.0833333333333334,1.71,1.828,22.051851856666666,1.7562222222222246,4.889908,4.917099,4.918844,4.9019146,4.918139,0,0.0,0,1.0,-0.23,6.1,93.9
2022-12-17 13:30:00,148.4457286,124.10531333889,124.125590327778,22.238888886666665,1.828,25.0,2,5.1764362714980825,70.66250196097344,13,5,12,-0.2588190451025208,-0.9659258262890684,-0.9749279121818236,-0.2225209339563146,-2.4492935982947064e-16,1.0,205.5,145.4375,165.79166666666666,11.7,31.15,61.5,72.5,-2.8,3.9356265,0.0,1.65,22.31666665,25.0,25.316666666666663,25.35,25.0,25.0,-20.410888886666665,0.0999999666666653,0.0346666666666666,1.7933333333333334,1.8073333333333328,22.13148149555556,1.7771111111111135,4.918139,4.889908,4.917099,4.918844,4.940192,0,0.0,0,1.0,-0.2,5.9,94.1
2022-12-17 13:45:00,156.599013522224,123.727272944444,123.74616112222,22.31666665,1.8073333333333328,25.0,2,5.1764362714980825,70.66250196097344,13,5,12,-0.2588190451025208,-0.9659258262890684,-0.9749279121818236,-0.2225209339563146,-2.4492935982947064e-16,1.0,258.25,179.125,174.16666666666666,12.95,31.975,65.25,70.25,-3.05,3.8590732,0.0,1.825,22.3333333,25.0,25.0,25.316666666666663,25.35,24.816666666666663,-20.509333316666662,0.0777777633333336,-0.0206666666666668,1.828,1.8686666666666667,22.23148148555556,1.8095555555555576,4.940192,4.918139,4.889908,4.917099,4.9086666,0,0.0,0,1.0,-0.19,5.7,94.3
2022-12-17 14:00:00,151.966143377776,123.515059216666,123.53339188333,22.3333333,1.8686666666666667,24.816666666666663,2,5.1764362714980825,70.66250196097344,14,5,12,-0.4999999999999997,-0.8660254037844388,-0.9749279121818236,-0.2225209339563146,-2.4492935982947064e-16,1.0,311.0,231.875,185.16666666666663,14.2,32.8,69.0,68.0,-3.3,3.7800615,0.0,2.0,22.3333333,25.0,25.0,25.0,25.316666666666663,24.5,-20.464666633333334,0.0166666500000012,0.0613333333333334,1.8073333333333328,1.7246666666666668,22.29629627888889,1.8346666666666689,4.9086666,4.940192,4.918139,4.889908,4.8460307,0,0.0,0,1.0,-0.18,5.7,94.3
2022-12-17 14:15:00,152.924993955552,114.694023188888,114.712078066664,22.3333333,1.7246666666666668,24.5,2,5.1764362714980825,70.66250196097344,14,5,12,-0.4999999999999997,-0.8660254037844388,-0.9749279121818236,-0.2225209339563146,-2.4492935982947064e-16,1.0,300.5,268.8125,194.97916666666663,13.8,32.8,76.25,69.5,-3.125,3.8373463,0.025,1.9,22.292592563333333,24.816666666666663,25.0,25.0,25.0,24.683333333333334,-20.60866663333333,0.0,-0.1439999999999999,1.8686666666666667,1.6699999999999997,22.32777775,1.8002222222222244,4.8460307,4.9086666,4.940192,4.918139,4.8708677,0,0.0,0,1.0,-0.19,5.7,94.3
2022-12-17 14:30:00,138.723895255556,91.227739611112,91.243850133332,22.292592563333333,1.6699999999999997,24.683333333333334,2,5.1764362714980825,70.66250196097344,14,5,12,-0.4999999999999997,-0.8660254037844388,-0.9749279121818236,-0.2225209339563146,-2.4492935982947064e-16,1.0,290.0,289.9375,203.60416666666663,13.4,32.8,83.5,71.0,-2.95,3.8936617,0.05,1.8,22.08888891,24.5,24.816666666666663,25.0,25.0,25.0,-20.62259256333333,-0.0407407366666667,-0.054666666666667,1.7246666666666668,1.658,22.319753054444448,1.7544444444444467,4.8708677,4.8460307,4.9086666,4.940192,4.875845,0,0.0,0,1.0,-0.19,5.8,94.2
2022-12-17 14:45:00,111.010003988884,78.70740716111,78.721573294442,22.08888891,1.658,25.0,2,5.1764362714980825,70.66250196097344,14,5,12,-0.4999999999999997,-0.8660254037844388,-0.9749279121818236,-0.2225209339563146,-2.4492935982947064e-16,1.0,279.5,295.25,211.04166666666663,13.0,32.8,90.75,72.5,-2.775,3.9490182,0.075,1.7000000000000002,21.920370363333333,24.683333333333334,24.5,24.816666666666663,25.0,25.0,-20.43088891,-0.2037036533333349,-0.0119999999999995,1.6699999999999997,1.5553333333333337,22.23827159111111,1.6842222222222247,4.875845,4.8708677,4.8460307,4.9086666,4.828706,0,0.0,0,1.0,-0.24,6.2,93.8
2022-12-17 15:00:00,146.791628050002,122.407325727778,122.42704722222,21.920370363333333,1.5553333333333337,25.0,2,5.1764362714980825,70.66250196097344,15,5,12,-0.7071067811865471,-0.7071067811865479,-0.9749279121818236,-0.2225209339563146,-2.4492935982947064e-16,1.0,269.0,284.75,217.29166666666663,12.6,32.8,98.0,74.0,-2.6,4.0034246,0.1,1.6,21.97777776,25.0,24.683333333333334,24.5,24.816666666666663,25.0,-20.36503703,-0.1685185466666645,-0.1026666666666666,1.658,1.52,22.10061727888889,1.62777777777778,4.828706,4.875845,4.8708677,4.8460307,4.84472,0,0.0,0,1.0,-0.28,6.6,93.4
2022-12-17 15:15:00,140.70409374444802,110.560021888888,110.577243449998,21.97777776,1.52,25.0,2,5.1764362714980825,70.66250196097344,15,5,12,-0.7071067811865471,-0.7071067811865479,-0.9749279121818236,-0.2225209339563146,-2.4492935982947064e-16,1.0,238.5,269.25,222.95833333333331,11.8,31.9,98.0,73.75,-2.7,3.976358,0.1,1.55,21.96851849333333,25.0,25.0,24.683333333333334,24.5,24.816666666666663,-20.45777776,0.0574073966666652,-0.0353333333333334,1.5553333333333337,1.5513333333333332,21.99567901111111,1.5777777777777802,4.84472,4.828706,4.875845,4.8708677,4.806627,0,0.0,0,1.0,-0.27,6.5,93.5
2022-12-17 15:30:00,144.255618344448,109.186465683334,109.203687277776,21.96851849333333,1.5513333333333332,24.816666666666663,2,5.1764362714980825,70.66250196097344,15,5,12,-0.7071067811865471,-0.7071067811865479,-0.9749279121818236,-0.2225209339563146,-2.4492935982947064e-16,1.0,208.0,248.75,228.04166666666663,11.0,31.0,98.0,73.5,-2.8,3.9494221,0.1,1.5,21.96111108,25.0,25.0,25.0,24.683333333333334,24.5,-20.41718516,-0.0092592666666675,0.0313333333333332,1.52,1.572,21.955555538888888,1.5422222222222246,4.806627,4.84472,4.828706,4.875845,4.7432647,0,0.0,0,1.0,-0.27,6.5,93.5
2022-12-17 15:45:00,155.689327627782,115.255111827778,115.27261116111,21.96111108,1.572,24.5,2,5.1764362714980825,70.66250196097344,15,5,12,-0.7071067811865471,-0.7071067811865479,-0.9749279121818236,-0.2225209339563146,-2.4492935982947064e-16,1.0,177.5,223.25,232.54166666666663,10.2,30.1,98.0,73.25,-2.9,3.9226184,0.1,1.45,21.9444444,24.816666666666663,25.0,25.0,25.0,24.5,-20.389111080000003,-0.007407413333329,0.0206666666666668,1.5513333333333332,1.468,21.96913577777778,1.54777777777778,4.7432647,4.806627,4.84472,4.828706,4.738707,0,0.0,0,1.0,-0.27,6.5,93.5
2022-12-17 16:00:00,147.375493794438,106.781006355556,106.798227966664,21.9444444,1.468,24.5,2,5.1764362714980825,70.66250196097344,16,5,12,-0.8660254037844385,-0.5000000000000004,-0.9749279121818236,-0.2225209339563146,-2.4492935982947064e-16,1.0,147.0,192.75,236.45833333333331,9.4,29.2,98.0,73.0,-3.0,3.895946,0.1,1.4,21.8,24.5,24.816666666666663,25.0,25.0,24.55,-20.4764444,-0.0166666800000037,-0.104,1.572,1.4166666666666667,21.95802465777778,1.5304444444444467,4.738707,4.7432647,4.806627,4.84472,4.7089624,0,0.0,0,1.0,-0.28,6.6,93.4
2022-12-17 16:15:00,142.030429705554,109.538673844444,109.555617649998,21.8,1.4166666666666667,24.55,2,5.1764362714980825,70.66250196097344,16,5,12,-0.8660254037844385,-0.5000000000000004,-0.9749279121818236,-0.2225209339563146,-2.4492935982947064e-16,1.0,123.5,164.0,234.02083333333331,8.225,27.2,93.5,74.0,-3.025,3.8825803,0.075,1.15,21.51851852,24.5,24.5,24.816666666666663,25.0,24.966666666666665,-20.383333333333333,-0.1444443999999975,-0.0513333333333332,1.468,1.391333333333333,21.901851826666668,1.485555555555558,4.7089624,4.738707,4.7432647,4.806627,4.7115965,0,0.0,0,1.0,-0.31,7.0,93.0
2022-12-17 16:30:00,166.862769688888,142.235699227778,142.2593094,21.51851852,1.391333333333333,24.966666666666665,2,5.1764362714980825,70.66250196097344,16,5,12,-0.8660254037844385,-0.5000000000000004,-0.9749279121818236,-0.2225209339563146,-2.4492935982947064e-16,1.0,100.0,137.0,225.22916666666663,7.050000000000001,25.2,89.0,75.0,-3.05,3.8684154,0.05,0.8999999999999999,21.77777776,24.55,24.5,24.5,24.816666666666663,24.95,-20.12718518666667,-0.28148148,-0.0253333333333336,1.4166666666666667,1.296,21.754320973333336,1.4253333333333356,4.7115965,4.7089624,4.738707,4.7432647,4.779551,0,0.0,0,1.0,-0.37,7.9,92.1
2022-12-17 16:45:00,244.639380816662,217.427413672222,217.45685696111,21.77777776,1.296,24.95,2,5.1764362714980825,70.66250196097344,16,5,12,-0.8660254037844385,-0.5000000000000004,-0.9749279121818236,-0.2225209339563146,-2.4492935982947064e-16,1.0,76.5,111.75,210.08333333333331,5.875,23.2,84.5,76.0,-3.075,3.8534777,0.0249999999999999,0.65,22.390740763333334,24.966666666666665,24.55,24.5,24.5,24.35,-20.48177776,0.2592592399999986,-0.095333333333333,1.391333333333333,1.252,21.698765426666668,1.3680000000000023,4.779551,4.7115965,4.7089624,4.738707,4.8322825,0,0.0,0,1.0,-0.31,7.0,93.0
2022-12-17 17:00:00,235.537522655552,190.147671555556,190.175726033332,22.390740763333334,1.252,24.35,2,5.1764362714980825,70.66250196097344,17,5,12,-0.9659258262890684,-0.2588190451025206,-0.9749279121818236,-0.2225209339563146,-2.4492935982947064e-16,1.0,53.0,88.25,188.58333333333331,4.7,21.2,80.0,77.0,-3.1,3.8377943,0.0,0.4,22.65000003,24.95,24.966666666666665,24.55,24.5,24.05,-21.13874076333333,0.6129630033333342,-0.044,1.296,1.2206666666666666,21.895679014444443,1.3131111111111131,4.8322825,4.779551,4.7115965,4.7089624,4.844327,0,0.0,0,1.0,-0.17,5.6,94.4
2022-12-17 17:15:00,142.024041027778,101.892313044444,101.909534638886,22.65000003,1.2206666666666666,24.05,2,5.1764362714980825,70.66250196097344,17,5,12,-0.9659258262890684,-0.2588190451025206,-0.9749279121818236,-0.2225209339563146,-2.4492935982947064e-16,1.0,41.0,67.625,166.95833333333334,5.5,18.95,84.25,77.25,-3.175,3.8238938,0.0,0.3,22.42962964,24.35,24.95,24.966666666666665,24.55,24.466666666666665,-21.42933336333333,0.2592592666666675,-0.0313333333333334,1.252,1.1446666666666667,22.27283951777778,1.2562222222222246,4.844327,4.8322825,4.779551,4.7115965,4.866299,0,0.0,0,1.0,-0.12,5.3,94.7
2022-12-17 17:30:00,129.295661366664,99.854339,99.869893994442,22.42962964,1.1446666666666667,24.466666666666665,2,5.1764362714980825,70.66250196097344,17,5,12,-0.9659258262890684,-0.2588190451025206,-0.9749279121818236,-0.2225209339563146,-2.4492935982947064e-16,1.0,29.0,49.875,145.20833333333334,6.300000000000001,16.7,88.5,77.5,-3.25,3.8099802,0.0,0.2,22.22777777,24.05,24.35,24.95,24.966666666666665,24.5,-21.28496297333333,-0.2203703900000029,-0.0759999999999998,1.2206666666666666,1.072,22.49012347777777,1.20577777777778,4.866299,4.844327,4.8322825,4.779551,4.8166947,0,0.0,0,1.0,-0.16,5.6,94.4
2022-12-17 17:45:00,142.263753672222,106.232694988888,106.24908328333,22.22777777,1.072,24.5,2,5.1764362714980825,70.66250196097344,17,5,12,-0.9659258262890684,-0.2588190451025206,-0.9749279121818236,-0.2225209339563146,-2.4492935982947064e-16,1.0,17.0,35.0,123.33333333333331,7.1000000000000005,14.45,92.75,77.75,-3.325,3.7960565,0.0,0.0999999999999999,22.118518506666664,24.466666666666665,24.05,24.35,24.95,24.5,-21.15577777,-0.2018518699999987,-0.0726666666666666,1.1446666666666667,0.98,22.435802480000003,1.14577777777778,4.8166947,4.866299,4.844327,4.8322825,4.7864904,0,0.0,0,1.0,-0.21,5.9,94.1
2022-12-17 18:00:00,130.037575938894,105.698271883334,105.714937916666,22.118518506666664,0.98,24.5,2,5.1764362714980825,70.66250196097344,18,5,12,-1.0,-1.8369701987210294e-16,-0.9749279121818236,-0.2225209339563146,-2.4492935982947064e-16,1.0,5.0,23.0,101.33333333333331,7.9,12.2,97.0,78.0,-3.4,3.7821226,0.0,0.0,22.07222225,24.5,24.466666666666665,24.05,24.35,24.5,-21.138518506666664,-0.1092592633333353,-0.092,1.072,0.944,22.25864197222222,1.065555555555558,4.7864904,4.8166947,4.866299,4.844327,4.7737412,0,0.0,0,1.0,-0.24,6.2,93.8
2022-12-17 18:15:00,139.799130111108,113.226581855556,113.244358994442,22.07222225,0.944,24.5,2,5.1764362714980825,70.66250196097344,18,5,12,-1.0,-1.8369701987210294e-16,-0.9749279121818236,-0.2225209339563146,-2.4492935982947064e-16,1.0,3.75,13.6875,81.77083333333333,8.2,13.375,89.75,78.5,-3.375,3.7867413,0.0,-0.075,22.03518521333333,24.5,24.5,24.466666666666665,24.05,24.5,-21.12822225,-0.0462962566666647,-0.0359999999999999,0.98,0.9333333333333332,22.139506175555557,0.998666666666669,4.7737412,4.7864904,4.8166947,4.866299,4.763564,0,0.0,0,1.0,-0.25,6.3,93.7
2022-12-17 18:30:00,165.035342805554,111.941911027778,111.958021533332,22.03518521333333,0.9333333333333332,24.5,2,5.1764362714980825,70.66250196097344,18,5,12,-1.0,-1.8369701987210294e-16,-0.9749279121818236,-0.2225209339563146,-2.4492935982947064e-16,1.0,2.5,7.0625,64.64583333333333,8.5,14.55,82.5,79.0,-3.35,3.791198,0.0,-0.15,21.79444443,24.5,24.5,24.5,24.466666666666665,24.85,-21.10185188,-0.0370370366666676,-0.0106666666666667,0.944,0.854,22.075308656666664,0.9524444444444468,4.763564,4.7737412,4.7864904,4.8166947,4.764978,0,0.0,0,1.0,-0.25,6.3,93.7
2022-12-17 18:45:00,178.3128672,141.229072827778,141.25073867777598,21.79444443,0.854,24.85,2,5.1764362714980825,70.66250196097344,18,5,12,-1.0,-1.8369701987210294e-16,-0.9749279121818236,-0.2225209339563146,-2.4492935982947064e-16,1.0,1.25,3.125,49.958333333333336,8.8,15.724999999999998,75.25,79.5,-3.325,3.7954962,0.0,-0.225,21.76111110333333,24.5,24.5,24.5,24.5,24.816666666666663,-20.94044443,-0.240740783333333,-0.0793333333333333,0.9333333333333332,0.786,21.967283964444448,0.9104444444444468,4.764978,4.763564,4.7737412,4.7864904,4.7494345,0,0.0,0,1.0,-0.31,7.0,93.0
2022-12-17 19:00:00,243.422484994442,219.010683655556,219.040682505554,21.76111110333333,0.786,24.816666666666663,2,5.1764362714980825,70.66250196097344,19,5,12,-0.9659258262890684,0.2588190451025203,-0.9749279121818236,-0.2225209339563146,-2.4492935982947064e-16,1.0,0.0,1.875,37.708333333333336,9.1,16.9,68.0,80.0,-3.3,3.7996364,0.0,-0.3,22.34999997,24.85,24.5,24.5,24.5,24.15,-20.975111103333333,-0.0333333266666642,-0.0679999999999999,0.854,0.748,21.86358024888889,0.8577777777777801,4.7494345,4.764978,4.763564,4.7737412,4.781381,0,0.0,0,1.0,-0.32,7.1,92.9
2022-12-17 19:15:00,286.909356483334,250.809689394446,250.843021411112,22.34999997,0.748,24.15,2,5.1764362714980825,70.66250196097344,19,5,12,-0.9659258262890684,0.2588190451025203,-0.9749279121818236,-0.2225209339563146,-2.4492935982947064e-16,1.0,0.0,0.9375,27.416666666666668,9.3,16.9,62.75,82.0,-3.375,3.788305,0.0,-0.7,22.868518496666663,24.816666666666663,24.85,24.5,24.5,23.816666666666663,-21.60199997,0.5888888666666645,-0.038,0.786,0.7166666666666667,21.96851850111111,0.7960000000000024,4.781381,4.7494345,4.764978,4.763564,4.8577857,0,0.0,0,1.0,-0.18,5.7,94.3
2022-12-17 19:30:00,189.920458494442,164.488975744444,164.511197138886,22.868518496666663,0.7166666666666667,23.816666666666663,2,5.1764362714980825,70.66250196097344,19,5,12,-0.9659258262890684,0.2588190451025203,-0.9749279121818236,-0.2225209339563146,-2.4492935982947064e-16,1.0,0.0,0.3125,19.08333333333333,9.5,16.9,57.5,84.0,-3.45,3.7744057,0.0,-1.1,22.7611111,24.15,24.816666666666663,24.85,24.5,23.9,-22.15185183,0.5185185266666643,-0.0313333333333333,0.748,0.7133333333333333,22.32654319,0.7502222222222246,4.8577857,4.781381,4.7494345,4.764978,4.844879,0,0.0,0,1.0,-0.07,5.1,94.9
2022-12-17 19:45:00,97.882751316662,64.355759016666,64.368258616662,22.7611111,0.7133333333333333,23.9,1,5.1764362714980825,70.66250196097344,19,5,12,-0.9659258262890684,0.2588190451025203,-0.9749279121818236,-0.2225209339563146,-2.4492935982947064e-16,1.0,0.0,0.0,12.708333333333334,9.7,16.9,52.25,86.0,-3.525,3.7580714,0.0,-1.5,22.26666669,23.816666666666663,24.15,24.816666666666663,24.85,24.466666666666665,-22.047777766666663,-0.1074073966666624,-0.0033333333333334,0.7166666666666667,0.666,22.65987652222222,0.7260000000000023,4.844879,4.8577857,4.781381,4.7494345,4.820917,0,0.0,1,1.0,-0.09,5.2,94.8
2022-12-17 20:00:00,187.276119838886,136.7145312,136.73230832222,22.26666669,0.666,24.466666666666665,2,5.1764362714980825,70.66250196097344,20,5,12,-0.8660254037844386,0.5000000000000001,-0.9749279121818236,-0.2225209339563146,-2.4492935982947064e-16,1.0,0.0,0.0,8.291666666666666,9.9,16.9,47.0,88.0,-3.6,3.7394278,0.0,-1.9,22.09444445,23.9,23.816666666666663,24.15,24.816666666666663,24.5,-21.60066669,-0.4944444099999998,-0.0473333333333332,0.7133333333333333,0.7453333333333333,22.632098762222224,0.6986666666666691,4.820917,4.844879,4.8577857,4.781381,4.7798576,0,0.0,1,1.0,-0.2,5.8,94.2
2022-12-17 20:15:00,140.049120094442,107.2490432,107.26598702222,22.09444445,0.7453333333333333,24.5,2,5.1764362714980825,70.66250196097344,20,5,12,-0.8660254037844386,0.5000000000000001,-0.9749279121818236,-0.2225209339563146,-2.4492935982947064e-16,1.0,0.0,0.0,4.875,9.35,16.9,60.25,88.25,-3.825,3.6849034,0.0,-2.15,21.80000002,24.466666666666665,23.9,23.816666666666663,24.15,24.5,-21.349111116666663,-0.1722222399999999,0.0793333333333332,0.666,0.7866666666666667,22.374074080000003,0.7082222222222244,4.7798576,4.820917,4.844879,4.8577857,4.6993723,0,0.0,0,1.0,-0.24,6.2,93.8
2022-12-17 20:30:00,157.44564642222,132.9538483,132.972458755552,21.80000002,0.7866666666666667,24.5,2,5.1764362714980825,70.66250196097344,20,5,12,-0.8660254037844386,0.5000000000000001,-0.9749279121818236,-0.2225209339563146,-2.4492935982947064e-16,1.0,0.0,0.0,2.458333333333333,8.8,16.9,73.5,88.5,-4.05,3.6310096,0.0,-2.4,21.96111112,24.5,24.466666666666665,23.9,23.816666666666663,24.45,-21.013333353333337,-0.2944444299999986,0.0413333333333334,0.7453333333333333,0.768,22.05370372,0.732666666666669,4.6993723,4.7798576,4.820917,4.844879,4.733585,0,0.0,0,1.0,-0.31,7.0,93.0
2022-12-17 20:45:00,216.865769488888,183.449606155556,183.473216311112,21.96111112,0.768,24.45,2,5.1764362714980825,70.66250196097344,20,5,12,-0.8660254037844386,0.5000000000000001,-0.9749279121818236,-0.2225209339563146,-2.4492935982947064e-16,1.0,0.0,0.0,1.0416666666666667,8.25,16.9,86.75,88.75,-4.275,3.5777404,0.0,-2.65,22.34074075333333,24.5,24.5,24.466666666666665,23.9,24.03333333333333,-21.19311112,0.1611110999999994,-0.0186666666666667,0.7866666666666667,0.6893333333333334,21.95185186333333,0.7666666666666692,4.733585,4.6993723,4.7798576,4.820917,4.755751,0,0.0,0,1.0,-0.27,6.5,93.5
2022-12-17 21:00:00,212.169846216666,184.357347644444,184.382068888888,22.34074075333333,0.6893333333333334,24.03333333333333,2,5.1764362714980825,70.66250196097344,21,5,12,-0.7071067811865477,0.7071067811865474,-0.9749279121818236,-0.2225209339563146,-2.4492935982947064e-16,1.0,0.0,0.0,0.625,7.7,16.9,100.0,89.0,-4.5,3.5250921,0.0,-2.9,22.6277778,24.45,24.5,24.5,24.466666666666665,23.95,-21.65140742,0.3796296333333302,-0.0786666666666666,0.768,0.5226666666666666,22.033950631111114,0.7480000000000024,4.755751,4.733585,4.6993723,4.7798576,4.8180385,0,0.0,0,1.0,-0.19,5.7,94.3
2022-12-17 21:15:00,223.954930294446,183.523769855556,183.547379994446,22.6277778,0.5226666666666666,23.95,2,5.1764362714980825,70.66250196097344,21,5,12,-0.7071067811865477,0.7071067811865474,-0.9749279121818236,-0.2225209339563146,-2.4492935982947064e-16,1.0,0.0,0.0,0.3125,8.325,17.174999999999997,99.75,89.25,-4.45,3.534994,0.0,-2.9,22.79074074333333,24.03333333333333,24.45,24.5,24.5,23.53333333333333,-22.10511113333333,0.2870370466666685,-0.1666666666666667,0.6893333333333334,0.496,22.30987655777778,0.6600000000000024,4.8180385,4.755751,4.733585,4.6993723,4.778658,0,0.0,0,1.0,-0.12,5.3,94.7
2022-12-17 21:30:00,190.082118677776,142.80289873889,142.82095358333402,22.79074074333333,0.496,23.53333333333333,2,5.1764362714980825,70.66250196097344,21,5,12,-0.7071067811865477,0.7071067811865474,-0.9749279121818236,-0.2225209339563146,-2.4492935982947064e-16,1.0,0.0,0.0,0.1041666666666666,8.95,17.45,99.5,89.5,-4.4,3.5448956,0.0,-2.9,22.53888885,23.95,24.03333333333333,24.45,24.5,23.85,-22.294740743333332,0.1629629433333335,-0.0266666666666665,0.5226666666666666,0.508,22.58641976555556,0.5693333333333357,4.778658,4.8180385,4.755751,4.733585,4.7735085,0,0.0,0,1.0,-0.09,5.2,94.8
2022-12-17 21:45:00,174.136089927774,144.785597227778,144.805318655556,22.53888885,0.508,23.85,2,5.1764362714980825,70.66250196097344,21,5,12,-0.7071067811865477,0.7071067811865474,-0.9749279121818236,-0.2225209339563146,-2.4492935982947064e-16,1.0,0.0,0.0,0.0,9.575,17.725,99.25,89.75,-4.35,3.554798,0.0,-2.9,22.33888887333333,23.53333333333333,23.95,24.03333333333333,24.45,24.0,-22.03088885,-0.2518518933333347,0.0119999999999999,0.496,0.4466666666666666,22.652469131111115,0.5088888888888913,4.7735085,4.778658,4.8180385,4.755751,4.748648,0,0.0,0,1.0,-0.14,5.4,94.6
2022-12-17 22:00:00,204.540984650002,180.193903055556,180.21806873889,22.33888887333333,0.4466666666666666,24.0,2,5.1764362714980825,70.66250196097344,22,5,12,-0.5000000000000004,0.8660254037844384,-0.9749279121818236,-0.2225209339563146,-2.4492935982947064e-16,1.0,0.0,0.0,0.0,10.2,18.0,99.0,90.0,-4.3,3.5646994,0.0,-2.9,22.63333335,23.85,23.53333333333333,23.95,24.03333333333333,23.65,-21.89222220666667,-0.199999976666664,-0.0613333333333333,0.508,0.3933333333333333,22.556172822222223,0.4835555555555579,4.748648,4.7735085,4.778658,4.8180385,4.759204,0,0.0,0,1.0,-0.19,5.7,94.3
2022-12-17 22:15:00,214.320871305554,183.712651216666,183.737928005554,22.63333335,0.3933333333333333,23.65,2,5.1764362714980825,70.66250196097344,22,5,12,-0.5000000000000004,0.8660254037844384,-0.9749279121818236,-0.2225209339563146,-2.4492935982947064e-16,1.0,0.0,0.0,0.0,10.075,18.35,99.25,90.0,-4.2,3.5836263,0.0,-2.825,22.86296293,24.0,23.85,23.53333333333333,23.95,23.5,-22.240000016666663,0.2944444766666656,-0.0533333333333332,0.4466666666666666,0.382,22.503703691111117,0.4493333333333357,4.759204,4.748648,4.7735085,4.778658,4.7916703,0,0.0,0,1.0,-0.12,5.3,94.7
2022-12-17 22:30:00,204.760698144444,166.9324891,166.954988216666,22.86296293,0.382,23.5,2,5.1764362714980825,70.66250196097344,22,5,12,-0.5000000000000004,0.8660254037844384,-0.9749279121818236,-0.2225209339563146,-2.4492935982947064e-16,1.0,0.0,0.0,0.0,9.95,18.7,99.5,90.0,-4.1,3.6026406,0.0,-2.75,22.83888886,23.65,24.0,23.85,23.53333333333333,23.5,-22.48096293,0.2296295799999974,-0.0113333333333333,0.3933333333333333,0.3426666666666667,22.611728384444447,0.4073333333333357,4.7916703,4.759204,4.748648,4.7735085,4.7850695,0,0.0,0,1.0,-0.07,5.1,94.9
2022-12-17 22:45:00,144.638658855548,103.968896644444,103.98500718333,22.83888886,0.3426666666666667,23.5,2,5.1764362714980825,70.66250196097344,22,5,12,-0.5000000000000004,0.8660254037844384,-0.9749279121818236,-0.2225209339563146,-2.4492935982947064e-16,1.0,0.0,0.0,0.0,9.825,19.05,99.75,90.0,-4.0,3.6217437,0.0,-2.675,22.51296299,23.5,23.65,24.0,23.85,23.683333333333334,-22.49622219333333,-0.0240740699999975,-0.0393333333333332,0.382,0.2833333333333333,22.77839504666667,0.3726666666666691,4.7850695,4.7916703,4.759204,4.748648,4.733099,0,0.0,0,1.0,-0.08,5.1,94.9
2022-12-17 23:00:00,133.677152716666,95.922829616666,95.93810682222,22.51296299,0.2833333333333333,23.683333333333334,2,5.1764362714980825,70.66250196097344,23,5,12,-0.2588190451025215,0.965925826289068,-0.9749279121818236,-0.2225209339563146,-2.4492935982947064e-16,1.0,0.0,0.0,0.0,9.7,19.4,100.0,90.0,-3.9,3.6409354,0.0,-2.6,22.20555558,23.5,23.5,23.65,24.0,24.05,-22.229629656666663,-0.3259258700000025,-0.0593333333333334,0.3426666666666667,0.272,22.738271593333337,0.3360000000000023,4.733099,4.7850695,4.7916703,4.759204,4.7221804,0,0.0,0,1.0,-0.15,5.5,94.5
2022-12-17 23:15:00,106.623790427778,74.215086827778,74.22730855555601,22.20555558,0.272,24.05,2,5.1764362714980825,70.66250196097344,23,5,12,-0.2588190451025215,0.965925826289068,-0.9749279121818236,-0.2225209339563146,-2.4492935982947064e-16,1.0,0.0,0.0,0.0,9.725,19.15,99.5,90.25,-4.275,3.549434,0.0,-3.0,21.80555556,23.683333333333334,23.5,23.5,23.65,24.466666666666665,-21.93355558,-0.3074074099999997,-0.0113333333333333,0.2833333333333333,0.2,22.51913581,0.2993333333333357,4.7221804,4.733099,4.7850695,4.7916703,4.6944847,0,0.0,0,1.0,-0.22,6.0,94.0
2022-12-17 23:30:00,399.975944688892,95.374795955556,95.39062872222,21.80555556,0.2,24.466666666666665,2,5.1764362714980825,70.66250196097344,23,5,12,-0.2588190451025215,0.965925826289068,-0.9749279121818236,-0.2225209339563146,-2.4492935982947064e-16,1.0,0.0,0.0,0.0,9.75,18.9,99.0,90.5,-4.65,3.459871,0.0,-3.4000000000000004,21.43333331,24.05,23.683333333333334,23.5,23.5,24.8,-21.605555560000003,-0.4000000199999967,-0.072,0.272,0.07,22.17469137666667,0.2517777777777801,4.6944847,4.7221804,4.733099,4.7850695,4.657122,0,0.0,0,1.0,-0.31,7.0,93.0
2022-12-17 23:45:00,174.806340816666,147.247998727778,147.271053372222,21.43333331,0.07,24.8,2,5.1764362714980825,70.66250196097344,23,5,12,-0.2588190451025215,0.965925826289068,-0.9749279121818236,-0.2225209339563146,-2.4492935982947064e-16,1.0,0.0,0.0,0.0,9.775,18.65,98.5,90.75,-5.025,3.3722136,0.0,-3.8,21.63148148333333,24.466666666666665,24.05,23.683333333333334,23.5,24.35,-21.36333331,-0.3722222500000001,-0.13,0.2,0.044,21.81481481666667,0.180666666666669,4.657122,4.6944847,4.7221804,4.733099,4.625345,0,0.0,0,1.0,-0.39,8.2,91.8
2022-12-18 00:00:00,260.80928946111,213.128418955556,213.157028944444,21.63148148333333,0.044,24.35,2,5.1764362714980825,70.66250196097344,0,6,12,0.0,1.0,-0.7818314824680299,0.6234898018587334,-2.4492935982947064e-16,1.0,0.0,0.0,0.0,9.8,18.4,98.0,91.0,-5.4,3.2864313,0.0,-4.2,22.23333332,24.8,24.466666666666665,24.05,23.683333333333334,23.95,-21.58748148333333,0.1981481733333332,-0.026,0.07,0.048,21.623456784444446,0.104666666666669,4.625345,4.657122,4.6944847,4.7221804,4.71007,0,0.0,0,1.0,-0.35,7.5,92.5
2022-12-18 00:15:00,278.882733211108,238.830168611112,238.861556305554,22.23333332,0.048,23.95,2,5.1764362714980825,70.66250196097344,0,6,12,0.0,1.0,-0.7818314824680299,0.6234898018587334,-2.4492935982947064e-16,1.0,0.0,0.0,0.0,10.35,19.375,90.0,90.75,-5.575,3.248259,0.0,-4.325,22.725925946666667,24.35,24.8,24.466666666666665,24.05,23.53333333333333,-22.18533332,0.6018518366666648,0.004,0.044,0.032,21.766049371111112,0.0540000000000023,4.71007,4.625345,4.657122,4.6944847,4.76094,0,0.0,0,1.0,-0.21,5.9,94.1
2022-12-18 00:30:00,245.615730661106,218.305156327778,218.335155177776,22.725925946666667,0.032,23.53333333333333,2,5.1764362714980825,70.66250196097344,0,6,12,0.0,1.0,-0.7818314824680299,0.6234898018587334,-2.4492935982947064e-16,1.0,0.0,0.0,0.0,10.9,20.35,82.0,90.5,-5.75,3.2104747,0.0,-4.45,22.85000001,23.95,24.35,24.8,24.466666666666665,23.5,-22.693925946666667,0.4925926266666671,-0.016,0.048,0.0,22.196913583333338,0.0413333333333357,4.76094,4.71007,4.625345,4.657122,4.788117,0,0.0,0,1.0,-0.1,5.2,94.8
2022-12-18 00:45:00,161.455763811108,125.681083655556,125.697749672222,22.85000001,0.0,23.5,2,5.1764362714980825,70.66250196097344,0,6,12,0.0,1.0,-0.7818314824680299,0.6234898018587334,-2.4492935982947064e-16,1.0,0.0,0.0,0.0,11.45,21.325,74.0,90.25,-5.925,3.1730757,0.0,-4.575,22.403703716666666,23.53333333333333,23.95,24.35,24.8,23.683333333333334,-22.85000001,0.1240740633333317,-0.032,0.032,-0.066,22.60308642555556,0.026666666666669,4.788117,4.76094,4.71007,4.625345,4.7034845,0,0.0,0,1.0,-0.07,5.1,94.9
2022-12-18 01:00:00,184.42428931667,160.046375655556,160.0694303,22.403703716666666,-0.066,23.683333333333334,2,5.1764362714980825,70.66250196097344,1,6,12,0.2588190451025207,0.9659258262890684,-0.7818314824680299,0.6234898018587334,-2.4492935982947064e-16,1.0,0.0,0.0,0.0,12.0,22.3,66.0,90.0,-6.1,3.1360576,0.0,-4.7,22.33888891,23.5,23.53333333333333,23.95,24.35,23.65,-22.469703716666665,-0.446296293333333,-0.066,0.0,-0.118,22.65987655777778,-0.0113333333333309,4.7034845,4.788117,4.76094,4.71007,4.6793976,0,0.0,0,1.0,-0.17,5.6,94.4
2022-12-18 01:15:00,211.124332488888,182.107159872222,182.131603327778,22.33888891,-0.118,23.65,2,5.1764362714980825,70.66250196097344,1,6,12,0.2588190451025207,0.9659258262890684,-0.7818314824680299,0.6234898018587334,-2.4492935982947064e-16,1.0,0.0,0.0,0.0,12.45,23.2,66.75,90.0,-6.1,3.1360576,0.0,-4.7,22.605555573333334,23.683333333333334,23.5,23.53333333333333,23.95,23.316666666666663,-22.45688891,-0.0648148066666678,-0.052,-0.066,-0.0833333333333333,22.530864212222223,-0.0613333333333309,4.6793976,4.7034845,4.788117,4.76094,4.684654,0,0.0,0,1.0,-0.19,5.7,94.3
2022-12-18 01:30:00,234.872549188888,181.991053383334,182.013552466668,22.605555573333334,-0.0833333333333333,23.316666666666663,2,5.1764362714980825,70.66250196097344,1,6,12,0.2588190451025207,0.9659258262890684,-0.7818314824680299,0.6234898018587334,-2.4492935982947064e-16,1.0,0.0,0.0,0.0,12.9,24.1,67.5,90.0,-6.1,3.1360576,0.0,-4.7,22.80555553,23.65,23.683333333333334,23.5,23.53333333333333,23.0,-22.688888906666666,0.2666666633333356,0.0346666666666666,-0.118,-0.07,22.449382733333334,-0.0891111111111087,4.684654,4.6793976,4.7034845,4.788117,4.674326,0,0.0,0,1.0,-0.13,5.4,94.6
2022-12-18 01:45:00,215.649984838886,180.5569441,180.580276466668,22.80555553,-0.07,23.0,2,5.1764362714980825,70.66250196097344,1,6,12,0.2588190451025207,0.9659258262890684,-0.7818314824680299,0.6234898018587334,-2.4492935982947064e-16,1.0,0.0,0.0,0.0,13.35,25.0,68.25,90.0,-6.1,3.1360576,0.0,-4.7,22.88518519333333,23.316666666666663,23.65,23.683333333333334,23.5,23.0,-22.87555553,0.1999999566666659,0.0133333333333333,-0.0833333333333333,-0.1,22.583333337777777,-0.090444444444442,4.674326,4.684654,4.6793976,4.7034845,4.695693,0,0.0,0,1.0,-0.09,5.2,94.8
2022-12-18 02:00:00,196.379922122228,172.022285466668,172.045062288892,22.88518519333333,-0.1,23.0,2,5.1764362714980825,70.66250196097344,2,6,12,0.4999999999999999,0.8660254037844387,-0.7818314824680299,0.6234898018587334,-2.4492935982947064e-16,1.0,0.0,0.0,0.0,13.8,25.9,69.0,90.0,-6.1,3.1360576,0.0,-4.7,22.76666668,23.0,23.316666666666663,23.65,23.683333333333334,23.0,-22.985185193333333,0.0796296633333319,-0.03,-0.07,-0.1566666666666666,22.76543209888889,-0.084444444444442,4.695693,4.674326,4.684654,4.6793976,4.6639214,0,0.0,0,1.0,-0.07,5.1,94.9
2022-12-18 02:15:00,141.450730627778,105.312453983334,105.327731188888,22.76666668,-0.1566666666666666,23.0,2,5.1764362714980825,70.66250196097344,2,6,12,0.4999999999999999,0.8660254037844387,-0.7818314824680299,0.6234898018587334,-2.4492935982947064e-16,1.0,0.0,0.0,0.0,13.65,26.0,76.5,90.0,-6.1,3.1360576,0.0,-4.7,22.28148146,23.0,23.0,23.316666666666663,23.65,23.183333333333334,-22.923333346666663,-0.1185185133333313,-0.0566666666666666,-0.1,-0.252,22.819135801111116,-0.1088888888888865,4.6639214,4.695693,4.674326,4.684654,4.5719433,0,0.0,0,1.0,-0.1,5.2,94.8
2022-12-18 02:30:00,186.955299338886,161.617423911112,161.639923044444,22.28148146,-0.252,23.183333333333334,2,5.1764362714980825,70.66250196097344,2,6,12,0.4999999999999999,0.8660254037844387,-0.7818314824680299,0.6234898018587334,-2.4492935982947064e-16,1.0,0.0,0.0,0.0,13.5,26.1,84.0,90.0,-6.1,3.1360576,0.0,-4.7,22.29999998,23.0,23.0,23.0,23.316666666666663,23.15,-22.53348146,-0.4851852199999982,-0.0953333333333333,-0.1566666666666666,-0.3213333333333333,22.64444444444445,-0.1695555555555531,4.5719433,4.6639214,4.695693,4.674326,4.5702357,0,0.0,0,1.0,-0.21,5.9,94.1
2022-12-18 02:45:00,257.858018716662,221.585025094446,221.613357344444,22.29999998,-0.3213333333333333,23.15,2,5.1764362714980825,70.66250196097344,2,6,12,0.4999999999999999,0.8660254037844387,-0.7818314824680299,0.6234898018587334,-2.4492935982947064e-16,1.0,0.0,0.0,0.0,13.35,26.2,91.5,90.0,-6.1,3.1360576,0.0,-4.7,22.725925946666667,23.183333333333334,23.0,23.0,23.0,22.816666666666663,-22.62133331333333,0.018518519999997,-0.0693333333333333,-0.252,-0.4353333333333333,22.44938270666667,-0.2433333333333309,4.5702357,4.5719433,4.6639214,4.695693,4.615954,0,0.0,0,1.0,-0.2,5.8,94.2
2022-12-18 03:00:00,263.411407722216,212.917316333332,212.943704211108,22.725925946666667,-0.4353333333333333,22.816666666666663,2,5.1764362714980825,70.66250196097344,3,6,12,0.7071067811865476,0.7071067811865476,-0.7818314824680299,0.6234898018587334,-2.4492935982947064e-16,1.0,0.0,0.0,0.0,13.2,26.3,99.0,90.0,-6.1,3.1360576,0.0,-4.7,22.99444447,23.15,23.183333333333334,23.0,23.0,22.45,-23.16125928,0.4259259666666679,-0.1139999999999999,-0.3213333333333333,-0.5946666666666667,22.435802462222224,-0.3362222222222198,4.615954,4.5702357,4.5719433,4.6639214,4.6121554,0,0.0,0,1.0,-0.11,5.2,94.8
2022-12-18 03:15:00,170.987049211108,140.400772677776,140.421327438886,22.99444447,-0.5946666666666667,22.45,2,5.1764362714980825,70.66250196097344,3,6,12,0.7071067811865476,0.7071067811865476,-0.7818314824680299,0.6234898018587334,-2.4492935982947064e-16,1.0,0.0,0.0,0.0,13.075,25.925,98.5,89.0,-6.05,3.1459816,0.0,-4.5,22.788888866666664,22.816666666666663,23.15,23.183333333333334,23.0,22.216666666666665,-23.589111136666663,0.2685185233333342,-0.1593333333333333,-0.4353333333333333,-0.7626666666666666,22.67345679888889,-0.450444444444442,4.6121554,4.615954,4.5702357,4.5719433,4.5108185,0,0.0,0,1.0,-0.05,5.0,95.0
2022-12-18 03:30:00,86.941799905558,62.546386927778,62.55860872222,22.788888866666664,-0.7626666666666666,22.216666666666665,1,5.1764362714980825,70.66250196097344,3,6,12,0.7071067811865476,0.7071067811865476,-0.7818314824680299,0.6234898018587334,-2.4492935982947064e-16,1.0,0.0,0.0,0.0,12.95,25.55,98.0,88.0,-6.0,3.155461,0.0,-4.3,22.32222221,22.45,22.816666666666663,23.15,23.183333333333334,22.8,-23.55155553333333,-0.2055556033333374,-0.1679999999999999,-0.5946666666666667,-0.914,22.836419761111117,-0.5975555555555531,4.5108185,4.6121554,4.615954,4.5702357,4.506894,0,0.0,1,1.0,-0.1,5.2,94.8
2022-12-18 03:45:00,223.985762644436,190.703204916666,190.728203933332,22.32222221,-0.914,22.8,2,5.1764362714980825,70.66250196097344,3,6,12,0.7071067811865476,0.7071067811865476,-0.7818314824680299,0.6234898018587334,-2.4492935982947064e-16,1.0,0.0,0.0,0.0,12.825,25.175,97.5,87.0,-5.95,3.1644828,0.0,-4.1,22.512698409285715,22.216666666666665,22.45,22.816666666666663,23.15,22.325,-23.23622221,-0.4666666566666642,-0.1513333333333334,-0.7626666666666666,-1.0257142857142856,22.70185184888889,-0.7571111111111087,4.506894,4.5108185,4.6121554,4.615954,4.4615703,0,0.0,1,1.0,-0.2,5.8,94.2
2022-12-18 04:00:00,245.418238594438,216.814660383334,216.840770505554,22.512698409285715,-1.0257142857142856,22.325,2,5.1764362714980825,70.66250196097344,4,6,12,0.8660254037844386,0.5000000000000001,-0.7818314824680299,0.6234898018587334,-2.4492935982947064e-16,1.0,0.0,0.0,0.0,12.7,24.8,97.0,86.0,-5.9,3.1730332,0.0,-3.9,22.855555560000003,22.8,22.216666666666665,22.45,22.816666666666663,22.0,-23.538412695,0.1904761992857153,-0.1117142857142855,-0.914,-1.0733333333333337,22.541269828650798,-0.9007936507936484,4.4615703,4.506894,4.5108185,4.6121554,4.483918,0,0.0,0,1.0,-0.16,5.5,94.5
2022-12-18 04:15:00,262.124792522216,221.608357544444,221.637523111108,22.855555560000003,-1.0733333333333337,22.0,2,5.1764362714980825,70.66250196097344,4,6,12,0.8660254037844386,0.5000000000000001,-0.7818314824680299,0.6234898018587334,-2.4492935982947064e-16,1.0,0.0,0.0,0.0,12.5,24.55,96.75,86.5,-5.925000000000001,3.163174,0.0,-4.025,23.0240741,22.325,22.8,22.216666666666665,22.45,22.0,-23.928888893333337,0.3428571507142877,-0.0476190476190478,-1.0257142857142856,-1.096666666666667,22.56349205976191,-1.004349206349204,4.483918,4.4615703,4.506894,4.5108185,4.527373,0,0.0,0,1.0,-0.08,5.1,94.9
2022-12-18 04:30:00,192.633683294442,148.112964144444,148.131852288888,23.0240741,-1.096666666666667,22.0,2,5.1764362714980825,70.66250196097344,4,6,12,0.8660254037844386,0.5000000000000001,-0.7818314824680299,0.6234898018587334,-2.4492935982947064e-16,1.0,0.0,0.0,0.0,12.3,24.3,96.5,87.0,-5.95,3.15321,0.0,-4.15,22.65000003,22.0,22.325,22.8,22.216666666666665,22.05,-24.120740766666668,0.1685185399999973,-0.0233333333333334,-1.0733333333333337,-1.146,22.79744268976191,-1.0652380952380929,4.527373,4.483918,4.4615703,4.506894,4.441473,0,0.0,0,1.0,-0.04,5.0,95.0
2022-12-18 04:45:00,164.385646527778,134.496842127778,134.514896955556,22.65000003,-1.146,22.05,2,5.1764362714980825,70.66250196097344,4,6,12,0.8660254037844386,0.5000000000000001,-0.7818314824680299,0.6234898018587334,-2.4492935982947064e-16,1.0,0.0,0.0,0.0,12.1,24.05,96.25,87.5,-5.975,3.1431434,0.0,-4.275,22.253703713333334,22.0,22.0,22.325,22.8,22.466666666666665,-23.79600003,-0.3740740699999989,-0.0493333333333332,-1.096666666666667,-1.1733333333333331,22.843209896666668,-1.1053333333333308,4.441473,4.527373,4.483918,4.4615703,4.423537,0,0.0,0,1.0,-0.13,5.3,94.7
2022-12-18 05:00:00,203.025489672226,178.61674396111,178.642298505554,22.253703713333334,-1.1733333333333331,22.466666666666665,2,5.1764362714980825,70.66250196097344,5,6,12,0.9659258262890684,0.2588190451025207,-0.7818314824680299,0.6234898018587334,-2.4492935982947064e-16,1.0,0.0,0.0,0.0,11.9,23.8,96.0,88.0,-6.0,3.1329768,0.0,-4.4,22.50000002,22.05,22.0,22.0,22.325,22.15,-23.427037046666666,-0.3962963166666675,-0.0273333333333329,-1.146,-1.2,22.64259261444444,-1.1386666666666645,4.423537,4.441473,4.527373,4.483918,4.4233694,0,0.0,0,1.0,-0.22,6.0,94.0
2022-12-18 05:15:00,207.714468955552,177.6487271,177.672337255556,22.50000002,-1.2,22.15,2,5.1764362714980825,70.66250196097344,5,6,12,0.9659258262890684,0.2588190451025207,-0.7818314824680299,0.6234898018587334,-2.4492935982947064e-16,1.0,0.0,0.0,0.0,11.95,23.525,97.0,88.5,-6.025,3.139525,0.0,-4.45,22.67962964333333,22.466666666666665,22.05,22.0,22.0,22.0,-23.70000002,0.2462963066666681,-0.0266666666666668,-1.1733333333333331,-1.2373333333333332,22.467901254444445,-1.1731111111111086,4.4233694,4.423537,4.441473,4.527373,4.4389386,0,0.0,0,1.0,-0.16,5.5,94.5
2022-12-18 05:30:00,220.315075861114,179.559484016666,179.58226083889,22.67962964333333,-1.2373333333333332,22.0,2,5.1764362714980825,70.66250196097344,5,6,12,0.9659258262890684,0.2588190451025207,-0.7818314824680299,0.6234898018587334,-2.4492935982947064e-16,1.0,0.0,0.0,0.0,12.0,23.25,98.0,89.0,-6.05,3.1459816,0.0,-4.5,22.80555553,22.15,22.466666666666665,22.05,22.0,22.0,-23.916962976666664,0.1796296233333301,-0.0373333333333332,-1.2,-1.354666666666667,22.477777792222223,-1.203555555555553,4.4389386,4.4233694,4.423537,4.441473,4.4710946,0,0.0,0,1.0,-0.12,5.3,94.7
2022-12-18 05:45:00,218.849856788888,178.784514983334,178.80756957778,22.80555553,-1.354666666666667,22.0,2,5.1764362714980825,70.66250196097344,5,6,12,0.9659258262890684,0.2588190451025207,-0.7818314824680299,0.6234898018587334,-2.4492935982947064e-16,1.0,0.0,0.0,0.0,12.05,22.975,99.0,89.5,-6.074999999999999,3.1523468,0.0,-4.55,22.90555554333333,22.0,22.15,22.466666666666665,22.05,22.0,-24.160222196666663,0.1259258866666677,-0.1173333333333335,-1.2373333333333332,-1.4520000000000002,22.66172839777778,-1.2639999999999976,4.4710946,4.4389386,4.4233694,4.423537,4.4967737,0,0.0,0,1.0,-0.09,5.2,94.8
2022-12-18 06:00:00,212.067072594442,177.41984735555602,177.443179755556,22.90555554333333,-1.4520000000000002,22.0,2,5.1764362714980825,70.66250196097344,6,6,12,1.0,6.123233995736766e-17,-0.7818314824680299,0.6234898018587334,-2.4492935982947064e-16,1.0,0.0,0.0,0.0,12.1,22.7,100.0,90.0,-6.1,3.158622,0.0,-4.6,22.90555555,22.0,22.0,22.15,22.466666666666665,21.95,-24.357555543333334,0.1000000133333323,-0.0973333333333335,-1.354666666666667,-1.5,22.796913572222223,-1.3479999999999974,4.4967737,4.4710946,4.4389386,4.4233694,4.486554,0,0.0,0,1.0,-0.07,5.1,94.9
2022-12-18 06:15:00,203.638243027778,171.65618906111,171.6789659,22.90555555,-1.5,21.95,2,5.1764362714980825,70.66250196097344,6,6,12,1.0,6.123233995736766e-17,-0.7818314824680299,0.6234898018587334,-2.4492935982947064e-16,1.0,0.0,0.0,0.0,12.075,22.775,100.0,89.5,-6.05,3.1636558,0.0,-4.5,22.827777776666668,22.0,22.0,22.0,22.15,21.53333333333333,-24.40555555,6.666667218269141e-09,-0.0479999999999998,-1.4520000000000002,-1.596666666666667,22.872222207777774,-1.4355555555555533,4.486554,4.4967737,4.4710946,4.4389386,4.381827,0,0.0,0,1.0,-0.07,5.1,94.9
2022-12-18 06:30:00,153.302478838886,128.941231044444,128.960396994442,22.827777776666668,-1.596666666666667,21.53333333333333,2,5.1764362714980825,70.66250196097344,6,6,12,1.0,6.123233995736766e-17,-0.7818314824680299,0.6234898018587334,-2.4492935982947064e-16,1.0,0.0,0.0,0.0,12.05,22.85,100.0,89.0,-6.0,3.1685789,0.0,-4.4,22.39444445,21.95,22.0,22.0,22.0,21.9,-24.424444443333336,-0.0777777733333309,-0.0966666666666669,-1.5,-1.698,22.879629623333333,-1.51622222222222,4.381827,4.486554,4.4967737,4.4710946,4.3470025,0,0.0,0,1.0,-0.09,5.2,94.8
2022-12-18 06:45:00,169.159066816662,140.43993776111,140.460770294442,22.39444445,-1.698,21.9,2,5.1764362714980825,70.66250196097344,6,6,12,1.0,6.123233995736766e-17,-0.7818314824680299,0.6234898018587334,-2.4492935982947064e-16,1.0,0.0,0.0,0.0,12.025,22.925,100.0,88.5,-5.95,3.17339,0.0,-4.3,22.22407407333333,21.53333333333333,21.95,22.0,22.0,22.28333333333333,-24.09244445,-0.4333333266666699,-0.101333333333333,-1.596666666666667,-1.844,22.70925925888889,-1.5982222222222198,4.3470025,4.381827,4.486554,4.4967737,4.379965,0,0.0,0,1.0,-0.19,5.7,94.3
2022-12-18 07:00:00,241.495617588888,191.91121216111,191.93537786111,22.22407407333333,-1.844,22.28333333333333,2,5.1764362714980825,70.66250196097344,7,6,12,0.9659258262890684,-0.2588190451025206,-0.7818314824680299,0.6234898018587334,-2.4492935982947064e-16,1.0,0.0,0.0,0.0,12.0,23.0,100.0,88.0,-5.9,3.1780872,0.0,-4.2,22.56111111,21.9,21.53333333333333,21.95,22.0,22.0,-24.06807407333333,-0.1703703766666642,-0.1460000000000001,-1.698,-1.9846666666666664,22.482098766666667,-1.7128888888888865,4.379965,4.3470025,4.381827,4.486554,4.408857,0,0.0,0,1.0,-0.23,6.1,93.9
2022-12-18 07:15:00,232.956514733332,194.375280211112,194.401668072222,22.56111111,-1.9846666666666664,22.0,2,5.1764362714980825,70.66250196097344,7,6,12,0.9659258262890684,-0.2588190451025206,-0.7818314824680299,0.6234898018587334,-2.4492935982947064e-16,1.0,0.0,0.0,0.0,12.2,23.0,100.0,87.75,-5.775,3.2088845,0.025,-4.025,22.787037036666668,22.28333333333333,21.9,21.53333333333333,21.95,22.0,-24.545777776666668,0.3370370366666684,-0.1406666666666665,-1.844,-2.08,22.39320987777778,-1.84222222222222,4.408857,4.379965,4.3470025,4.381827,4.466352,0,0.0,0,1.0,-0.15,5.5,94.5
2022-12-18 07:30:00,163.931220372218,137.712269072222,137.732823833332,22.787037036666668,-2.08,22.0,2,5.1764362714980825,70.66250196097344,7,6,12,0.9659258262890684,-0.2588190451025206,-0.7818314824680299,0.6234898018587334,-2.4492935982947064e-16,1.0,0.0,0.0,0.0,12.4,23.0,100.0,87.5,-5.65,3.239893,0.05,-3.85,22.62222224,22.0,22.28333333333333,21.9,21.53333333333333,22.0,-24.867037036666662,0.2259259266666653,-0.0953333333333334,-1.9846666666666664,-2.0966666666666667,22.524074073333335,-1.969555555555553,4.466352,4.408857,4.379965,4.3470025,4.424345,0,0.0,0,1.0,-0.1,5.2,94.8
2022-12-18 07:45:00,148.771548850002,113.607955483334,113.6254548,22.62222224,-2.0966666666666667,22.0,2,5.1764362714980825,70.66250196097344,7,6,12,0.9659258262890684,-0.2588190451025206,-0.7818314824680299,0.6234898018587334,-2.4492935982947064e-16,1.0,0.0,0.0,0.0,12.6,23.0,100.0,87.25,-5.525,3.2711134,0.075,-3.675,22.359259276666663,22.0,22.0,22.28333333333333,21.9,22.183333333333334,-24.718888906666667,-0.1648147966666684,-0.0166666666666666,-2.08,-2.004,22.65679012888889,-2.0537777777777757,4.424345,4.466352,4.408857,4.379965,4.394346,0,0.0,0,1.0,-0.14,5.4,94.6
2022-12-18 08:00:00,135.164871088884,110.83167763889,110.850565849998,22.359259276666663,-2.004,22.183333333333334,2,5.1764362714980825,70.66250196097344,8,6,12,0.8660254037844387,-0.4999999999999998,-0.7818314824680299,0.6234898018587334,-2.4492935982947064e-16,1.0,0.0,0.0,0.0,12.8,23.0,100.0,87.0,-5.4,3.3025458,0.1,-3.5,22.14444444,22.0,22.0,22.0,22.28333333333333,22.5,-24.363259276666668,-0.262962963333333,0.0926666666666666,-2.0966666666666667,-1.8653333333333333,22.58950618444445,-2.0602222222222197,4.394346,4.424345,4.466352,4.408857,4.402325,0,0.0,0,1.0,-0.2,5.8,94.2
2022-12-18 08:15:00,132.334984188888,100.328764455556,100.34626382222,22.14444444,-1.8653333333333333,22.5,2,5.1764362714980825,70.66250196097344,8,6,12,0.8660254037844387,-0.4999999999999998,-0.7818314824680299,0.6234898018587334,-2.4492935982947064e-16,1.0,1.0,0.25,0.0833333333333333,12.75,23.65,100.0,86.5,-5.25,3.3304775,0.1,-3.3,21.9759259,22.183333333333334,22.0,22.0,22.0,22.5,-24.00977777333333,-0.2148148366666689,0.1386666666666667,-2.004,-1.682,22.37530865222222,-1.988666666666664,4.402325,4.394346,4.424345,4.466352,4.359782,0,0.0,0,1.0,-0.24,6.2,93.8
2022-12-18 08:30:00,205.86704273889,152.826108911112,152.846663655556,21.9759259,-1.682,22.5,2,5.1764362714980825,70.66250196097344,8,6,12,0.8660254037844387,-0.4999999999999998,-0.7818314824680299,0.6234898018587334,-2.4492935982947064e-16,1.0,2.0,0.75,0.25,12.7,24.3,100.0,86.0,-5.1,3.358452,0.1,-3.1,22.0611111,22.5,22.183333333333334,22.0,22.0,22.45,-23.6579259,-0.1685185399999973,0.1833333333333333,-1.8653333333333333,-1.600666666666667,22.15987653888889,-1.850444444444442,4.359782,4.402325,4.394346,4.424345,4.3715076,0,0.0,0,1.0,-0.28,6.6,93.4
2022-12-18 08:45:00,145.619730611108,112.986035927778,113.003535244444,22.0611111,-1.600666666666667,22.45,2,5.1764362714980825,70.66250196097344,8,6,12,0.8660254037844387,-0.4999999999999998,-0.7818314824680299,0.6234898018587334,-2.4492935982947064e-16,1.0,3.0,1.5,0.5,12.65,24.950000000000003,100.0,85.5,-4.95,3.386465,0.1,-2.9000000000000004,21.812962953333333,22.5,22.5,22.183333333333334,22.0,22.216666666666665,-23.661777766666667,0.0851852000000015,0.0813333333333332,-1.682,-1.413333333333333,22.06049381333333,-1.7159999999999975,4.3715076,4.359782,4.402325,4.394346,4.2645946,0,0.0,0,1.0,-0.26,6.4,93.6
2022-12-18 09:00:00,136.74091906111,112.345228244444,112.365783005554,21.812962953333333,-1.413333333333333,22.216666666666665,2,5.1764362714980825,70.66250196097344,9,6,12,0.7071067811865476,-0.7071067811865475,-0.7818314824680299,0.6234898018587334,-2.4492935982947064e-16,1.0,4.0,2.5,0.8333333333333334,12.6,25.6,100.0,85.0,-4.8,3.4145126,0.1,-2.7,21.58888893,22.45,22.5,22.5,22.183333333333334,22.8,-23.226296286666667,-0.2481481466666686,0.1873333333333333,-1.600666666666667,-1.1893333333333334,21.94999998444445,-1.5653333333333308,4.2645946,4.3715076,4.359782,4.402325,4.320264,0,0.0,0,1.0,-0.32,7.1,92.9
2022-12-18 09:15:00,215.437493472214,179.11672396111,179.14311182222,21.58888893,-1.1893333333333334,22.8,2,5.1764362714980825,70.66250196097344,9,6,12,0.7071067811865476,-0.7071067811865475,-0.7818314824680299,0.6234898018587334,-2.4492935982947064e-16,1.0,16.0,6.25,2.1666666666666665,12.7,26.4,97.5,83.75,-4.8,3.4180431,0.075,-2.475,22.02962962666667,22.216666666666665,22.45,22.5,22.5,22.35,-22.778222263333333,-0.2240740233333333,0.2239999999999999,-1.413333333333333,-0.9366666666666668,21.820987661111115,-1.4011111111111088,4.320264,4.2645946,4.3715076,4.359782,4.3441463,0,0.0,0,1.0,-0.37,7.8,92.2
2022-12-18 09:30:00,263.30168976111,238.304634083334,238.3379661,22.02962962666667,-0.9366666666666668,22.35,2,5.1764362714980825,70.66250196097344,9,6,12,0.7071067811865476,-0.7071067811865475,-0.7818314824680299,0.6234898018587334,-2.4492935982947064e-16,1.0,28.0,12.75,4.5,12.8,27.200000000000003,95.0,82.5,-4.8,3.420711,0.05,-2.25,22.54444443,22.8,22.216666666666665,22.45,22.5,21.95,-22.966296293333336,0.4407406966666691,0.2526666666666666,-1.1893333333333334,-0.7833333333333333,21.810493836666662,-1.1797777777777754,4.3441463,4.320264,4.2645946,4.3715076,4.3946314,0,0.0,0,1.0,-0.27,6.5,93.5
2022-12-18 09:45:00,245.329353233328,207.238654572222,207.268653405554,22.54444443,-0.7833333333333333,21.95,2,5.1764362714980825,70.66250196097344,9,6,12,0.7071067811865476,-0.7071067811865475,-0.7818314824680299,0.6234898018587334,-2.4492935982947064e-16,1.0,40.0,22.0,7.833333333333333,12.9,28.0,92.5,81.25,-4.8,3.422491,0.0249999999999999,-2.025,22.766666686666667,22.35,22.8,22.216666666666665,22.45,21.53333333333333,-23.327777763333334,0.51481480333333,0.1533333333333334,-0.9366666666666668,-0.164,22.05432099555556,-0.9697777777777752,4.3946314,4.3441463,4.320264,4.2645946,4.3665123,0,0.0,0,1.0,-0.15,5.5,94.5
2022-12-18 10:00:00,180.278066488884,129.631203427778,129.648702744444,22.766666686666667,-0.164,21.53333333333333,2,5.1764362714980825,70.66250196097344,10,6,12,0.4999999999999999,-0.8660254037844387,-0.7818314824680299,0.6234898018587334,-2.4492935982947064e-16,1.0,52.0,34.0,12.166666666666666,13.0,28.8,90.0,80.0,-4.8,3.423358,0.0,-1.8,22.60000003,21.95,22.35,22.8,22.216666666666665,21.85,-22.93066668666667,0.2222222566666687,0.6193333333333333,-0.7833333333333333,0.6013333333333333,22.446913581111115,-0.6279999999999976,4.3665123,4.3946314,4.3441463,4.320264,4.38858,0,0.0,0,1.0,-0.11,5.2,94.8
2022-12-18 10:15:00,130.78560178333,102.6342278,102.65144936111,22.60000003,0.6013333333333333,21.85,2,5.1764362714980825,70.66250196097344,10,6,12,0.4999999999999999,-0.8660254037844387,-0.7818314824680299,0.6234898018587334,-2.4492935982947064e-16,1.0,89.0,52.25,19.58333333333333,13.8,30.775,87.25,77.75,-4.85,3.409432,0.0,-1.4500000000000002,22.28703703333333,21.53333333333333,21.95,22.35,22.8,22.0,-21.998666696666668,-0.166666656666667,0.7653333333333333,-0.164,0.656,22.63703704888889,-0.1153333333333308,4.38858,4.3665123,4.3946314,4.3441463,4.339967,0,0.0,0,1.0,-0.14,5.4,94.6
2022-12-18 10:30:00,120.630174633332,96.272260072222,96.289203894442,22.28703703333333,0.656,22.0,2,5.1764362714980825,70.66250196097344,10,6,12,0.4999999999999999,-0.8660254037844387,-0.7818314824680299,0.6234898018587334,-2.4492935982947064e-16,1.0,126.0,76.75,30.08333333333333,14.6,32.75,84.5,75.5,-4.9,3.3924718,0.0,-1.1,22.11666667,21.85,21.53333333333333,21.95,22.35,22.05,-21.63103703333333,-0.3129629966666662,0.0546666666666667,0.6013333333333333,0.9326666666666666,22.551234583333336,0.3644444444444469,4.339967,4.38858,4.3665123,4.3946314,4.307382,0,0.0,0,1.0,-0.21,5.9,94.1
2022-12-18 10:45:00,123.16285112222,89.212542472222,89.227819677776,22.11666667,0.9326666666666666,22.05,2,5.1764362714980825,70.66250196097344,10,6,12,0.4999999999999999,-0.8660254037844387,-0.7818314824680299,0.6234898018587334,-2.4492935982947064e-16,1.0,163.0,107.5,43.66666666666666,15.4,34.725,81.75,73.25,-4.95,3.372355,0.0,-0.7500000000000002,21.98703702,22.0,21.85,21.53333333333333,21.95,22.466666666666665,-21.18400000333333,-0.1703703633333368,0.2766666666666666,0.656,0.782,22.33456791111111,0.7300000000000025,4.307382,4.339967,4.38858,4.3665123,4.3561144,0,0.0,0,1.0,-0.25,6.3,93.7
2022-12-18 11:00:00,119.91187008333,87.9056503,87.920927505554,21.98703702,0.782,22.466666666666665,2,5.1764362714980825,70.66250196097344,11,6,12,0.258819045102521,-0.9659258262890682,-0.7818314824680299,0.6234898018587334,-2.4492935982947064e-16,1.0,200.0,144.5,60.333333333333336,16.2,36.7,79.0,71.0,-5.0,3.3489525,0.0,-0.4,21.86666663,22.05,22.0,21.85,21.53333333333333,22.5,-21.20503702,-0.1296296499999982,-0.1506666666666666,0.9326666666666666,1.258,22.130246907777774,0.7902222222222247,4.3561144,4.307382,4.339967,4.38858,4.332391,0,0.0,0,1.0,-0.28,6.6,93.4
2022-12-18 11:15:00,131.178086016666,90.803589894446,90.820255977776,21.86666663,1.258,22.5,2,5.1764362714980825,70.66250196097344,11,6,12,0.258819045102521,-0.9659258262890682,-0.7818314824680299,0.6234898018587334,-2.4492935982947064e-16,1.0,225.5,178.625,79.04166666666667,16.675,38.150000000000006,83.75,70.0,-5.025,3.3477185,0.0,-0.2,21.8333333,22.466666666666665,22.05,22.0,21.85,22.5,-20.60866663,-0.1203703899999979,0.476,0.782,0.98,21.99012344,0.9908888888888914,4.332391,4.3561144,4.307382,4.339967,4.3240633,0,0.0,0,1.0,-0.31,7.0,93.0
2022-12-18 11:30:00,153.197483005554,109.228964,109.24590782222,21.8333333,0.98,22.5,2,5.1764362714980825,70.66250196097344,11,6,12,0.258819045102521,-0.9659258262890682,-0.7818314824680299,0.6234898018587334,-2.4492935982947064e-16,1.0,251.0,209.875,99.79166666666669,17.15,39.6,88.5,69.0,-5.05,3.345724,0.0,0.0,21.8333333,22.5,22.466666666666665,22.05,22.0,22.5,-20.8533333,-0.0333333300000013,-0.278,1.258,0.6686666666666667,21.89567898333333,1.0066666666666693,4.3240633,4.332391,4.3561144,4.307382,4.3240633,0,0.0,0,1.0,-0.31,7.1,92.9
2022-12-18 11:45:00,131.838892933332,102.870885016666,102.88755108333,21.8333333,0.6686666666666667,22.5,2,5.1764362714980825,70.66250196097344,11,6,12,0.258819045102521,-0.9659258262890682,-0.7818314824680299,0.6234898018587334,-2.4492935982947064e-16,1.0,276.5,238.25,122.58333333333331,17.625,41.05,93.25,68.0,-5.074999999999999,3.3429506,0.0,0.2,21.81296295,22.5,22.5,22.466666666666665,22.05,22.5,-21.164666633333333,0.0,-0.3113333333333332,0.98,0.7966666666666666,21.844444410000005,0.9688888888888916,4.3240633,4.3240633,4.332391,4.3561144,4.318981,0,0.0,0,1.0,-0.31,7.1,92.9
2022-12-18 12:00:00,127.545175955548,103.232537233332,103.251147688884,21.81296295,0.7966666666666666,22.5,2,5.1764362714980825,70.66250196097344,12,6,12,1.2246467991473532e-16,-1.0,-0.7818314824680299,0.6234898018587334,-2.4492935982947064e-16,1.0,302.0,263.75,147.41666666666666,18.1,42.5,98.0,67.0,-5.1,3.33938,0.0,0.4,21.78333335,22.5,22.5,22.5,22.466666666666665,22.5,-21.01629628333333,-0.0203703500000003,0.1279999999999999,0.6686666666666667,0.7806666666666666,21.82654318333333,0.8151111111111137,4.318981,4.3240633,4.3240633,4.332391,4.311598,0,0.0,0,1.0,-0.32,7.1,92.9
2022-12-18 12:15:00,144.955868249998,113.553235472222,113.57212368333,21.78333335,0.7806666666666666,22.5,2,5.1764362714980825,70.66250196097344,12,6,12,1.2246467991473532e-16,-1.0,-0.7818314824680299,0.6234898018587334,-2.4492935982947064e-16,1.0,306.5,284.0,171.625,18.175,42.225,83.25,66.25,-5.15,3.3190436,0.0,0.475,21.8296296,22.5,22.5,22.5,22.5,22.5,-21.00266668333333,-0.0296295999999998,-0.016,0.7966666666666666,0.676,21.80987653333333,0.7486666666666691,4.311598,4.318981,4.3240633,4.3240633,4.3231387,0,0.0,0,1.0,-0.33,7.2,92.8
2022-12-18 12:30:00,462.390392544444,104.713589072222,104.732477266664,21.8296296,0.676,22.5,2,5.1764362714980825,70.66250196097344,12,6,12,1.2246467991473532e-16,-1.0,-0.7818314824680299,0.6234898018587334,-2.4492935982947064e-16,1.0,311.0,299.0,195.20833333333331,18.25,41.95,68.5,65.5,-5.199999999999999,3.2983987,0.0,0.55,21.8333333,22.5,22.5,22.5,22.5,22.5,-21.1536296,0.0462962499999974,-0.1046666666666665,0.7806666666666666,0.7953333333333333,21.80864196666667,0.7511111111111136,4.3231387,4.311598,4.318981,4.3240633,4.3240633,0,0.0,0,1.0,-0.32,7.1,92.9
2022-12-18 12:45:00,150.650918255552,110.6889056,110.706682705554,21.8333333,0.7953333333333333,22.5,2,5.1764362714980825,70.66250196097344,12,6,12,1.2246467991473532e-16,-1.0,-0.7818314824680299,0.6234898018587334,-2.4492935982947064e-16,1.0,315.5,308.75,218.16666666666663,18.325,41.675,53.75,64.75,-5.25,3.277441,0.0,0.625,21.853703686666663,22.5,22.5,22.5,22.5,22.5,-21.037999966666668,0.0037037000000026,0.1193333333333332,0.676,0.9433333333333334,21.81543208333333,0.7506666666666693,4.3240633,4.3231387,4.311598,4.318981,4.32915,0,0.0,0,1.0,-0.31,7.1,92.9
2022-12-18 13:00:00,137.891428672218,103.4500285,103.467250094442,21.853703686666663,0.9433333333333334,22.5,2,5.1764362714980825,70.66250196097344,13,6,12,-0.2588190451025208,-0.9659258262890684,-0.7818314824680299,0.6234898018587334,-2.4492935982947064e-16,1.0,320.0,313.25,240.5,18.4,41.4,39.0,64.0,-5.3,3.2561693,0.0,0.7,21.72222225,22.5,22.5,22.5,22.5,22.2,-20.91037035333333,0.0203703866666664,0.148,0.7953333333333333,1.0973333333333335,21.83888886222222,0.8048888888888914,4.32915,4.3240633,4.3231387,4.311598,4.2391195,0,0.0,0,1.0,-0.31,7.0,93.0
2022-12-18 13:15:00,163.368742755556,132.152769227778,132.17276846111,21.72222225,1.0973333333333335,22.2,2,5.1764362714980825,70.66250196097344,13,6,12,-0.2588190451025208,-0.9659258262890684,-0.7818314824680299,0.6234898018587334,-2.4492935982947064e-16,1.0,324.0,317.625,260.0833333333333,18.35,41.95,42.5,63.25,-5.4,3.229049,0.0,0.75,21.705555566666664,22.5,22.5,22.5,22.5,22.466666666666665,-20.624888916666663,-0.1314814366666645,0.1540000000000001,0.9433333333333334,1.15,21.803086412222225,0.945333333333336,4.2391195,4.32915,4.3240633,4.3231387,4.2859106,0,0.0,0,1.0,-0.34,7.4,92.6
2022-12-18 13:30:00,214.114212855556,189.769631144444,189.795741233332,21.705555566666664,1.15,22.466666666666665,2,5.1764362714980825,70.66250196097344,13,6,12,-0.2588190451025208,-0.9659258262890684,-0.7818314824680299,0.6234898018587334,-2.4492935982947064e-16,1.0,328.0,321.875,276.9166666666667,18.3,42.5,46.0,62.5,-5.5,3.2017004,0.0,0.8,22.20555556,22.2,22.5,22.5,22.5,22.1,-20.555555566666666,-0.0166666833333373,0.0526666666666664,1.0973333333333335,0.9626666666666668,21.760493834444446,1.0635555555555585,4.2859106,4.2391195,4.32915,4.3240633,4.339301,0,0.0,0,1.0,-0.34,7.5,92.5
2022-12-18 13:45:00,228.04476676111,197.608762,197.635427633332,22.20555556,0.9626666666666668,22.1,2,5.1764362714980825,70.66250196097344,13,6,12,-0.2588190451025208,-0.9659258262890684,-0.7818314824680299,0.6234898018587334,-2.4492935982947064e-16,1.0,332.0,326.0,291.0,18.25,43.05,49.5,61.75,-5.6,3.1741214,0.0,0.85,22.61851855333333,22.466666666666665,22.2,22.5,22.5,21.53333333333333,-21.242888893333333,0.4999999933333363,-0.1873333333333332,1.15,1.0086666666666668,21.877777792222226,1.0700000000000027,4.339301,4.2859106,4.2391195,4.32915,4.329575,0,0.0,0,1.0,-0.23,6.1,93.9
2022-12-18 14:00:00,227.00453053889,178.349810155556,178.372587044444,22.61851855333333,1.0086666666666668,21.53333333333333,2,5.1764362714980825,70.66250196097344,14,6,12,-0.4999999999999997,-0.8660254037844388,-0.7818314824680299,0.6234898018587334,-2.4492935982947064e-16,1.0,336.0,330.0,302.3333333333333,18.2,43.6,53.0,61.0,-5.7,3.1463113,0.0,0.9,22.65555558,22.1,22.466666666666665,22.2,22.5,21.2,-21.609851886666668,0.4129629933333341,0.0460000000000001,0.9626666666666668,1.0313333333333334,22.176543226666663,1.0404444444444472,4.329575,4.339301,4.2859106,4.2391195,4.271621,0,0.0,0,1.0,-0.14,5.4,94.6
2022-12-18 14:15:00,82.808632005554,44.984311672222,44.995977938886,22.65555558,1.0313333333333334,21.2,1,5.1764362714980825,70.66250196097344,14,6,12,-0.4999999999999997,-0.8660254037844388,-0.7818314824680299,0.6234898018587334,-2.4492935982947064e-16,1.0,326.75,330.6875,310.7708333333333,18.125,43.325,49.5,60.5,-5.8,3.1205218,0.0,0.9,22.231481483333333,21.53333333333333,22.1,22.466666666666665,22.2,21.65,-21.62422224666667,0.0370370266666668,0.0226666666666666,1.0086666666666668,0.8253333333333333,22.493209897777785,1.0008888888888914,4.271621,4.329575,4.339301,4.2859106,4.257293,0,0.0,1,1.0,-0.13,5.4,94.6
2022-12-18 14:30:00,156.021259049994,128.649020549998,128.669297572218,22.231481483333333,0.8253333333333333,21.65,2,5.1764362714980825,70.66250196097344,14,6,12,-0.4999999999999997,-0.8660254037844388,-0.7818314824680299,0.6234898018587334,-2.4492935982947064e-16,1.0,317.5,328.0625,316.3125,18.05,43.05,46.0,60.0,-5.9,3.0947325,0.0,0.9,22.26666669,21.2,21.53333333333333,22.1,22.466666666666665,21.95,-21.40614815,-0.4240740966666685,-0.2060000000000001,1.0313333333333334,0.6666666666666666,22.501851872222225,0.9551111111111136,4.257293,4.271621,4.329575,4.339301,4.3250327,0,0.0,1,1.0,-0.23,6.1,93.9
2022-12-18 14:45:00,212.475667416662,178.582300888888,178.606466572222,22.26666669,0.6666666666666666,21.95,2,5.1764362714980825,70.66250196097344,14,6,12,-0.4999999999999997,-0.8660254037844388,-0.7818314824680299,0.6234898018587334,-2.4492935982947064e-16,1.0,308.25,322.125,318.9583333333333,17.974999999999998,42.775,42.5,59.5,-6.0,3.068943,0.0,0.9,22.56666666,21.65,21.2,21.53333333333333,22.1,21.53333333333333,-21.600000023333333,0.035185206666668,-0.1586666666666666,0.8253333333333333,0.5673333333333334,22.384567917777776,0.8411111111111137,4.3250327,4.257293,4.271621,4.329575,4.316712,0,0.0,0,1.0,-0.22,6.0,94.0
2022-12-18 15:00:00,193.225604,168.9082434,168.933520188888,22.56666666,0.5673333333333334,21.53333333333333,2,5.1764362714980825,70.66250196097344,15,6,12,-0.7071067811865471,-0.7071067811865479,-0.7818314824680299,0.6234898018587334,-2.4492935982947064e-16,1.0,299.0,312.875,318.7083333333333,17.9,42.5,39.0,59.0,-6.1,3.0431533,0.0,0.9,22.69999998,21.95,21.65,21.2,21.53333333333333,21.5,-21.999333326666665,0.2999999699999982,-0.0993333333333332,0.6666666666666666,0.4846666666666666,22.35493827777778,0.686444444444447,4.316712,4.3250327,4.257293,4.271621,4.343124,0,0.0,0,1.0,-0.15,5.5,94.5
2022-12-18 15:15:00,137.695325316666,103.7200177,103.73696152222,22.69999998,0.4846666666666666,21.5,2,5.1764362714980825,70.66250196097344,15,6,12,-0.7071067811865471,-0.7071067811865479,-0.7818314824680299,0.6234898018587334,-2.4492935982947064e-16,1.0,283.5,302.0625,316.7916666666667,17.474999999999998,41.875,33.25,59.0,-6.199999999999999,3.0275803,0.0,0.825,22.45370369,21.53333333333333,21.95,21.65,21.2,21.683333333333334,-22.21533331333333,0.1333333199999984,-0.0826666666666667,0.5673333333333334,0.2486666666666667,22.51111111,0.5728888888888914,4.343124,4.316712,4.3250327,4.257293,4.3186765,0,0.0,0,1.0,-0.12,5.3,94.7
2022-12-18 15:30:00,155.940429016658,104.744421155556,104.761365011108,22.45370369,0.2486666666666667,21.683333333333334,2,5.1764362714980825,70.66250196097344,15,6,12,-0.7071067811865471,-0.7071067811865479,-0.7818314824680299,0.6234898018587334,-2.4492935982947064e-16,1.0,268.0,289.6875,313.2083333333333,17.049999999999997,41.25,27.5,59.0,-6.3,3.0120773,0.0,0.75,22.24444442,21.5,21.53333333333333,21.95,21.65,22.0,-22.205037023333336,-0.2462962899999965,-0.2359999999999999,0.4846666666666666,-0.0146666666666666,22.57345677666667,0.4335555555555581,4.3186765,4.343124,4.316712,4.3250327,4.3293447,0,0.0,0,1.0,-0.18,5.6,94.4
2022-12-18 15:45:00,135.879842488884,104.086114188888,104.105280172218,22.24444442,-0.0146666666666666,22.0,2,5.1764362714980825,70.66250196097344,15,6,12,-0.7071067811865471,-0.7071067811865479,-0.7818314824680299,0.6234898018587334,-2.4492935982947064e-16,1.0,252.5,275.75,307.9583333333333,16.625,40.625,21.75,59.0,-6.4,2.9966443,0.0,0.675,22.098148156666664,21.683333333333334,21.5,21.53333333333333,21.95,22.0,-22.259111086666664,-0.209259270000004,-0.2633333333333333,0.2486666666666667,-0.2593333333333333,22.466049363333337,0.2395555555555581,4.3293447,4.3186765,4.343124,4.316712,4.2930336,0,0.0,0,1.0,-0.22,6.0,94.0
2022-12-18 16:00:00,128.540969355552,104.207220444444,104.224719811108,22.098148156666664,-0.2593333333333333,22.0,2,5.1764362714980825,70.66250196097344,16,6,12,-0.8660254037844385,-0.5000000000000004,-0.7818314824680299,0.6234898018587334,-2.4492935982947064e-16,1.0,237.0,260.25,301.0416666666667,16.2,40.0,16.0,59.0,-6.5,2.9812803,0.0,0.6,22.0555556,22.0,21.683333333333334,21.5,21.53333333333333,22.0,-22.35748149,-0.1462962633333333,-0.2446666666666667,-0.0146666666666666,-0.3506666666666666,22.26543208888889,-0.0084444444444418,4.2930336,4.3293447,4.3186765,4.343124,4.2825117,0,0.0,0,1.0,-0.26,6.4,93.6
2022-12-18 16:15:00,155.494613366664,118.7835818,118.801636677776,22.0555556,-0.3506666666666666,22.0,2,5.1764362714980825,70.66250196097344,16,6,12,-0.8660254037844385,-0.5000000000000004,-0.7818314824680299,0.6234898018587334,-2.4492935982947064e-16,1.0,205.0,240.625,291.125,15.875,39.175,20.0,60.75,-6.4,3.0123107,0.0,0.3249999999999999,22.0555556,22.0,22.0,21.683333333333334,21.5,22.0,-22.406222266666667,-0.042592556666662,-0.0913333333333332,-0.2593333333333333,-0.31,22.13271605888889,-0.2082222222222196,4.2825117,4.2930336,4.3293447,4.3186765,4.2825117,0,0.0,0,1.0,-0.27,6.5,93.5
2022-12-18 16:30:00,135.810956311108,111.355267827778,111.371933877776,22.0555556,-0.31,22.0,2,5.1764362714980825,70.66250196097344,16,6,12,-0.8660254037844385,-0.5000000000000004,-0.7818314824680299,0.6234898018587334,-2.4492935982947064e-16,1.0,173.0,216.875,278.2083333333333,15.55,38.35,24.0,62.5,-6.3,3.0410044,0.0,0.0499999999999999,22.02222224,22.0,22.0,22.0,21.683333333333334,22.0,-22.3655556,0.0,0.0406666666666666,-0.3506666666666666,-0.33,22.06975311888889,-0.306666666666664,4.2825117,4.2825117,4.2930336,4.3293447,4.2742915,0,0.0,0,1.0,-0.27,6.5,93.5
2022-12-18 16:45:00,157.615083927782,118.484982627778,118.502204205554,22.02222224,-0.33,22.0,2,5.1764362714980825,70.66250196097344,16,6,12,-0.8660254037844385,-0.5000000000000004,-0.7818314824680299,0.6234898018587334,-2.4492935982947064e-16,1.0,141.0,189.0,262.2916666666667,15.225,37.525000000000006,28.0,64.25,-6.199999999999999,3.067429,0.0,-0.2250000000000001,22.03148150666667,22.0,22.0,22.0,22.0,22.0,-22.35222224,-0.0333333600000003,-0.02,-0.31,-0.3133333333333333,22.04444448,-0.3302222222222196,4.2742915,4.2825117,4.2825117,4.2930336,4.276572,0,0.0,0,1.0,-0.27,6.6,93.4
2022-12-18 17:00:00,173.766104677776,121.777906472222,121.795128099996,22.03148150666667,-0.3133333333333333,22.0,2,5.1764362714980825,70.66250196097344,17,6,12,-0.9659258262890684,-0.2588190451025206,-0.7818314824680299,0.6234898018587334,-2.4492935982947064e-16,1.0,109.0,157.0,243.375,14.9,36.7,32.0,66.0,-6.1,3.091652,0.0,-0.5,22.07222222,22.0,22.0,22.0,22.0,22.0,-22.34481484,0.0092592666666675,0.0166666666666666,-0.33,-0.2933333333333333,22.036419782222225,-0.3177777777777752,4.276572,4.2742915,4.2825117,4.2825117,4.286625,0,0.0,0,1.0,-0.27,6.5,93.5
2022-12-18 17:15:00,140.445492938894,114.970401,114.98845586111,22.07222222,-0.2933333333333333,22.0,2,5.1764362714980825,70.66250196097344,17,6,12,-0.9659258262890684,-0.2588190451025206,-0.7818314824680299,0.6234898018587334,-2.4492935982947064e-16,1.0,83.75,126.6875,223.125,14.625,35.35,26.5,68.75,-5.925,3.1378474,0.0,-0.875,21.95740744,22.0,22.0,22.0,22.0,22.0,-22.365555553333333,0.0407407133333315,0.02,-0.3133333333333333,-0.3206666666666667,22.041975322222225,-0.3122222222222197,4.286625,4.276572,4.2742915,4.2825117,4.2583494,0,0.0,0,1.0,-0.26,6.4,93.6
2022-12-18 17:30:00,150.068719127782,125.4574815,125.47609192222,21.95740744,-0.3206666666666667,22.0,2,5.1764362714980825,70.66250196097344,17,6,12,-0.9659258262890684,-0.2588190451025206,-0.7818314824680299,0.6234898018587334,-2.4492935982947064e-16,1.0,58.5,98.0625,201.54166666666663,14.35,34.0,21.0,71.5,-5.75,3.179374,0.0,-1.25,21.81111113,22.0,22.0,22.0,22.0,22.0,-22.27807410666667,-0.1148147799999996,-0.0273333333333333,-0.2933333333333333,-0.4033333333333333,22.02037038888889,-0.3091111111111085,4.2583494,4.286625,4.276572,4.2742915,4.222553,0,0.0,0,1.0,-0.29,6.7,93.3
2022-12-18 17:45:00,225.517367811112,189.9132365,189.9374022,21.81111113,-0.4033333333333333,22.0,2,5.1764362714980825,70.66250196097344,17,6,12,-0.9659258262890684,-0.2588190451025206,-0.7818314824680299,0.6234898018587334,-2.4492935982947064e-16,1.0,33.25,71.125,178.625,14.075,32.65,15.5,74.25,-5.575,3.2164173,0.0,-1.625,22.231481476666666,22.0,22.0,22.0,22.0,21.816666666666663,-22.21444446333333,-0.1462963100000038,-0.0826666666666666,-0.3206666666666667,-0.492,21.946913596666665,-0.3391111111111085,4.222553,4.2583494,4.286625,4.276572,4.290067,0,0.0,0,1.0,-0.32,7.2,92.8
2022-12-18 18:00:00,279.751587372218,249.0575373,249.08920278333,22.231481476666666,-0.492,21.816666666666663,2,5.1764362714980825,70.66250196097344,18,6,12,-1.0,-1.8369701987210294e-16,-0.7818314824680299,0.6234898018587334,-2.4492935982947064e-16,1.0,8.0,45.875,154.375,13.8,31.3,10.0,77.0,-5.4,3.2491567,0.0,-2.0,22.74999998,22.0,22.0,22.0,22.0,21.15,-22.723481476666667,0.4203703466666688,-0.0886666666666666,-0.4033333333333333,-0.5906666666666667,22.00000001555556,-0.4053333333333307,4.290067,4.222553,4.2583494,4.286625,4.284685,0,0.0,0,1.0,-0.23,6.1,93.9
2022-12-18 18:15:00,263.73361680000403,223.544113411112,223.571334572222,22.74999998,-0.5906666666666667,21.15,2,5.1764362714980825,70.66250196097344,18,6,12,-1.0,-1.8369701987210294e-16,-0.7818314824680299,0.6234898018587334,-2.4492935982947064e-16,1.0,6.0,26.4375,131.25,13.6,30.5,17.0,78.5,-5.45,3.249148,0.0,-2.275,22.9685185,21.816666666666663,22.0,22.0,22.0,21.0,-23.340666646666666,0.5185185033333326,-0.0986666666666666,-0.492,-0.646,22.26419752888889,-0.4953333333333307,4.284685,4.290067,4.222553,4.2583494,4.307871,0,0.0,0,1.0,-0.11,5.3,94.7
2022-12-18 18:30:00,178.740072427774,134.476842927778,134.494342244444,22.9685185,-0.646,21.0,2,5.1764362714980825,70.66250196097344,18,6,12,-1.0,-1.8369701987210294e-16,-0.7818314824680299,0.6234898018587334,-2.4492935982947064e-16,1.0,4.0,12.8125,109.25,13.4,29.700000000000003,24.0,80.0,-5.5,3.2478044,0.0,-2.55,22.76666664,21.15,21.816666666666663,22.0,22.0,21.05,-23.614518500000003,0.2185185200000035,-0.0553333333333333,-0.5906666666666667,-0.642,22.64999998555556,-0.5762222222222196,4.307871,4.284685,4.290067,4.222553,4.268502,0,0.0,0,1.0,-0.06,5.1,94.9
2022-12-18 18:45:00,130.89143088333,103.895844,103.911676749998,22.76666664,-0.642,21.05,2,5.1764362714980825,70.66250196097344,18,6,12,-1.0,-1.8369701987210294e-16,-0.7818314824680299,0.6234898018587334,-2.4492935982947064e-16,1.0,2.0,5.0,88.375,13.2,28.9,31.0,81.5,-5.55,3.2451727,0.0,-2.825,22.45370369,21.0,21.15,21.816666666666663,22.0,21.466666666666665,-23.40866664,-0.2018518600000014,0.004,-0.646,-0.7473333333333333,22.828395040000004,-0.6262222222222197,4.268502,4.307871,4.284685,4.290067,4.275523,0,0.0,0,1.0,-0.11,5.2,94.8
2022-12-18 19:00:00,127.435735716666,103.097264827778,103.113653105554,22.45370369,-0.7473333333333333,21.466666666666665,2,5.1764362714980825,70.66250196097344,19,6,12,-0.9659258262890684,0.2588190451025203,-0.7818314824680299,0.6234898018587334,-2.4492935982947064e-16,1.0,0.0,3.0,68.625,13.0,28.1,38.0,83.0,-5.6,3.2412968,0.0,-3.1,22.20555557,21.05,21.0,21.15,21.816666666666663,21.55,-23.20103702333333,-0.3129629499999993,-0.1053333333333332,-0.642,-0.7933333333333333,22.729629610000003,-0.6784444444444419,4.275523,4.268502,4.307871,4.284685,4.2313094,0,0.0,0,1.0,-0.18,5.7,94.3
2022-12-18 19:15:00,138.220859877776,105.065241655556,105.08135216111,22.20555557,-0.7933333333333333,21.55,2,5.1764362714980825,70.66250196097344,19,6,12,-0.9659258262890684,0.2588190451025203,-0.7818314824680299,0.6234898018587334,-2.4492935982947064e-16,1.0,0.0,1.5,51.54166666666666,12.95,27.55,44.25,84.25,-5.55,3.2611282,0.0,-3.225,22.062963006666667,21.466666666666665,21.05,21.0,21.15,21.966666666666665,-22.99888890333333,-0.2481481199999997,-0.046,-0.7473333333333333,-0.7386666666666667,22.475308633333334,-0.727555555555553,4.2313094,4.275523,4.268502,4.307871,4.2778482,0,0.0,0,1.0,-0.23,6.1,93.9
2022-12-18 19:30:00,527.735834272218,145.9499951,145.972216494442,22.062963006666667,-0.7386666666666667,21.966666666666665,2,5.1764362714980825,70.66250196097344,19,6,12,-0.9659258262890684,0.2588190451025203,-0.7818314824680299,0.6234898018587334,-2.4492935982947064e-16,1.0,0.0,0.5,37.125,12.9,27.0,50.5,85.5,-5.5,3.280328,0.0,-3.35,22.18888889,21.55,21.466666666666665,21.05,21.0,21.65,-22.80162967333333,-0.1425925633333342,0.0546666666666666,-0.7933333333333333,-0.5866666666666667,22.24074075555556,-0.7597777777777752,4.2778482,4.2313094,4.275523,4.268502,4.246868,0,0.0,0,1.0,-0.26,6.5,93.5
2022-12-18 19:45:00,582.4833664,167.489688994446,167.513576922224,22.18888889,-0.5866666666666667,21.65,2,5.1764362714980825,70.66250196097344,19,6,12,-0.9659258262890684,0.2588190451025203,-0.7818314824680299,0.6234898018587334,-2.4492935982947064e-16,1.0,0.0,0.0,25.375,12.85,26.45,56.75,86.75,-5.45,3.2989044,0.0,-3.475,22.418518523333333,21.966666666666665,21.55,21.466666666666665,21.05,21.5,-22.775555556666664,0.1259258833333305,0.152,-0.7386666666666667,-0.3979999999999999,22.152469155555558,-0.7062222222222196,4.246868,4.2778482,4.2313094,4.275523,4.2735143,0,0.0,0,1.0,-0.24,6.2,93.8
2022-12-18 20:00:00,202.842997072222,167.72551296110998,167.748567588888,22.418518523333333,-0.3979999999999999,21.5,2,5.1764362714980825,70.66250196097344,20,6,12,-0.8660254037844386,0.5000000000000001,-0.7818314824680299,0.6234898018587334,-2.4492935982947064e-16,1.0,0.0,0.0,16.291666666666668,12.8,25.9,63.0,88.0,-5.4,3.3168657,0.0,-3.6,22.416666640000003,21.65,21.966666666666665,21.55,21.466666666666665,21.5,-22.816518523333333,0.2296296333333352,0.1886666666666667,-0.5866666666666667,-0.234,22.223456806666665,-0.5744444444444419,4.2735143,4.246868,4.2778482,4.2313094,4.2730594,0,0.0,0,1.0,-0.19,5.7,94.3
2022-12-18 20:15:00,135.732903849998,106.118255116666,106.133254516666,22.416666640000003,-0.234,21.5,2,5.1764362714980825,70.66250196097344,20,6,12,-0.8660254037844386,0.5000000000000001,-0.7818314824680299,0.6234898018587334,-2.4492935982947064e-16,1.0,0.0,0.0,9.3125,12.975,25.725,69.0,88.5,-5.375,3.3179774,0.0,-3.675,21.96851850333333,21.5,21.65,21.966666666666665,21.55,21.683333333333334,-22.650666640000004,-0.0018518833333303,0.1639999999999999,-0.3979999999999999,-0.1866666666666666,22.34135801777778,-0.4062222222222196,4.2730594,4.2735143,4.246868,4.2778482,4.1997457,0,0.0,0,1.0,-0.19,5.7,94.3
2022-12-18 20:30:00,203.136040766672,178.681185766668,178.705906994446,21.96851850333333,-0.1866666666666666,21.683333333333334,2,5.1764362714980825,70.66250196097344,20,6,12,-0.8660254037844386,0.5000000000000001,-0.7818314824680299,0.6234898018587334,-2.4492935982947064e-16,1.0,0.0,0.0,4.4375,13.15,25.55,75.0,89.0,-5.35,3.3189726,0.0,-3.75,22.14444442,21.5,21.5,21.65,21.966666666666665,21.65,-22.15518517,-0.4481481366666706,0.0473333333333333,-0.234,-0.134,22.267901222222225,-0.2728888888888863,4.1997457,4.2730594,4.2735143,4.246868,4.2360153,0,0.0,0,1.0,-0.29,6.7,93.3
2022-12-18 20:45:00,275.295932272218,242.150869144444,242.181701327774,22.14444442,-0.134,21.65,2,5.1764362714980825,70.66250196097344,20,6,12,-0.8660254037844386,0.5000000000000001,-0.7818314824680299,0.6234898018587334,-2.4492935982947064e-16,1.0,0.0,0.0,1.6666666666666667,13.325,25.375,81.0,89.5,-5.325,3.3198516,0.0,-3.825,22.687037033333336,21.683333333333334,21.5,21.5,21.65,21.316666666666663,-22.27844442,0.1759259166666673,0.0526666666666666,-0.1866666666666666,-0.0733333333333333,22.17654318777778,-0.1848888888888863,4.2360153,4.1997457,4.2730594,4.2735143,4.3028893,0,0.0,0,1.0,-0.25,6.3,93.7
2022-12-18 21:00:00,297.162835327774,249.923058211112,249.95361262222,22.687037033333336,-0.0733333333333333,21.316666666666663,2,5.1764362714980825,70.66250196097344,21,6,12,-0.7071067811865477,0.7071067811865474,-0.7818314824680299,0.6234898018587334,-2.4492935982947064e-16,1.0,0.0,0.0,1.0,13.5,25.2,87.0,90.0,-5.3,3.320616,0.0,-3.9,22.96111114,21.65,21.683333333333334,21.5,21.5,21.05,-22.76037036666667,0.542592613333337,0.0606666666666666,-0.134,-0.0599999999999999,22.266666652222224,-0.1313333333333307,4.3028893,4.2360153,4.1997457,4.2730594,4.3162966,0,0.0,0,1.0,-0.13,5.3,94.7
2022-12-18 21:15:00,99.617959605554,63.136641083334,63.14941842222,22.96111114,-0.0599999999999999,21.05,1,5.1764362714980825,70.66250196097344,21,6,12,-0.7071067811865477,0.7071067811865474,-0.7818314824680299,0.6234898018587334,-2.4492935982947064e-16,1.0,0.0,0.0,0.5,14.025,26.65,85.5,88.75,-5.225,3.3332686,0.0,-3.65,22.498148136666668,21.316666666666663,21.65,21.683333333333334,21.5,21.65,-23.02111114,0.2740741066666636,0.0133333333333333,-0.0733333333333333,-0.1,22.597530864444447,-0.0891111111111085,4.3162966,4.3028893,4.2360153,4.1997457,4.3230596,0,0.0,1,1.0,-0.06,5.1,94.9
2022-12-18 21:30:00,141.00019314999798,112.4180031,112.435502466664,22.498148136666668,-0.1,21.65,2,5.1764362714980825,70.66250196097344,21,6,12,-0.7071067811865477,0.7071067811865474,-0.7818314824680299,0.6234898018587334,-2.4492935982947064e-16,1.0,0.0,0.0,0.1666666666666666,14.55,28.1,84.0,87.5,-5.15,3.3451793,0.0,-3.4,22.2222222,21.05,21.316666666666663,21.65,21.683333333333334,22.0,-22.59814813666667,-0.462963003333332,-0.04,-0.0599999999999999,-0.114,22.715432103333335,-0.0777777777777751,4.3230596,4.3162966,4.3028893,4.2360153,4.323812,0,0.0,1,1.0,-0.17,5.6,94.4
2022-12-18 21:45:00,159.873882638886,126.902701455556,126.922145194442,22.2222222,-0.114,22.0,2,5.1764362714980825,70.66250196097344,21,6,12,-0.7071067811865477,0.7071067811865474,-0.7818314824680299,0.6234898018587334,-2.4492935982947064e-16,1.0,0.0,0.0,0.0,15.075,29.55,82.5,86.25,-5.075,3.3563187,0.0,-3.15,22.28333332333333,21.65,21.05,21.316666666666663,21.65,22.0,-22.3362222,-0.2759259366666668,-0.0139999999999999,-0.1,-0.126,22.56049382555556,-0.0913333333333307,4.323812,4.3230596,4.3162966,4.3028893,4.339042,0,0.0,0,1.0,-0.23,6.1,93.9
2022-12-18 22:00:00,506.686953911112,172.459490211112,172.483933666668,22.28333332333333,-0.126,22.0,2,5.1764362714980825,70.66250196097344,22,6,12,-0.5000000000000004,0.8660254037844384,-0.7818314824680299,0.6234898018587334,-2.4492935982947064e-16,1.0,0.0,0.0,0.0,15.6,31.0,81.0,85.0,-5.0,3.3666613,0.0,-2.9,22.5166667,22.0,21.65,21.05,21.316666666666663,21.95,-22.409333323333332,0.0611111233333332,-0.0119999999999999,-0.114,-0.162,22.334567886666672,-0.1133333333333307,4.339042,4.323812,4.3230596,4.3162966,4.387628,0,0.0,0,1.0,-0.21,5.9,94.1
2022-12-18 22:15:00,215.689983172222,178.341754944444,178.365087327778,22.5166667,-0.162,21.95,2,5.1764362714980825,70.66250196097344,22,6,12,-0.5000000000000004,0.8660254037844384,-0.7818314824680299,0.6234898018587334,-2.4492935982947064e-16,1.0,0.0,0.0,0.0,15.675,31.25,85.75,85.0,-4.925,3.3845363,0.0,-2.825,22.67962964333333,22.0,22.0,21.65,21.05,21.53333333333333,-22.6786667,0.2333333766666641,-0.036,-0.126,-0.134,22.34074074111111,-0.1339999999999974,4.387628,4.339042,4.323812,4.3230596,4.344779,0,0.0,0,1.0,-0.16,5.5,94.5
2022-12-18 22:30:00,202.229132777776,151.9889202,152.009752716666,22.67962964333333,-0.134,21.53333333333333,2,5.1764362714980825,70.66250196097344,22,6,12,-0.5000000000000004,0.8660254037844384,-0.7818314824680299,0.6234898018587334,-2.4492935982947064e-16,1.0,0.0,0.0,0.0,15.75,31.5,90.5,85.0,-4.85,3.402494,0.0,-2.75,22.51666666,21.95,22.0,22.0,21.65,21.55,-22.81362964333333,0.1629629433333335,0.0279999999999999,-0.162,-0.0766666666666666,22.493209888888888,-0.140666666666664,4.344779,4.387628,4.339042,4.323812,4.307671,0,0.0,0,1.0,-0.13,5.3,94.7
2022-12-18 22:45:00,140.21883560555,110.029487527778,110.046431366664,22.51666666,-0.0766666666666666,21.55,2,5.1764362714980825,70.66250196097344,22,6,12,-0.5000000000000004,0.8660254037844384,-0.7818314824680299,0.6234898018587334,-2.4492935982947064e-16,1.0,0.0,0.0,0.0,15.825,31.75,95.25,85.0,-4.775,3.420536,0.0,-2.675,21.992592596666668,21.53333333333333,21.95,22.0,22.0,22.15,-22.593333326666663,-0.1629629833333332,0.0573333333333333,-0.134,-0.0599999999999999,22.57098766777777,-0.1242222222222196,4.307671,4.344779,4.387628,4.339042,4.29609,0,0.0,0,1.0,-0.16,5.5,94.5
2022-12-18 23:00:00,186.514483555556,161.461319072222,161.482984872222,21.992592596666668,-0.0599999999999999,22.15,2,5.1764362714980825,70.66250196097344,23,6,12,-0.2588190451025215,0.965925826289068,-0.7818314824680299,0.6234898018587334,-2.4492935982947064e-16,1.0,0.0,0.0,0.0,15.9,32.0,100.0,85.0,-4.7,3.4386616,0.0,-2.6,22.161111100000003,21.55,21.53333333333333,21.95,22.0,22.1,-22.052592596666667,-0.5240740633333303,0.0166666666666666,-0.0766666666666666,-0.0833333333333333,22.3962963,-0.0902222222222196,4.29609,4.307671,4.344779,4.387628,4.328214,0,0.0,0,1.0,-0.28,6.6,93.4
2022-12-18 23:15:00,277.508066083326,241.067023633332,241.09646692222,22.161111100000003,-0.0833333333333333,22.1,2,5.1764362714980825,70.66250196097344,23,6,12,-0.2588190451025215,0.965925826289068,-0.7818314824680299,0.6234898018587334,-2.4492935982947064e-16,1.0,0.0,0.0,0.0,16.5,33.625,99.25,83.75,-4.55,3.4786422,0.075,-2.225,22.707407383333337,22.15,21.55,21.53333333333333,21.95,21.53333333333333,-22.24444443333333,0.1685185033333347,-0.0233333333333333,-0.0599999999999999,-0.186,22.22345678555556,-0.0733333333333307,4.328214,4.29609,4.307671,4.344779,4.351705,0,0.0,0,1.0,-0.24,6.2,93.8
2022-12-18 23:30:00,275.71647106666,251.31522473889,251.348279049998,22.707407383333337,-0.186,21.53333333333333,2,5.1764362714980825,70.66250196097344,23,6,12,-0.2588190451025215,0.965925826289068,-0.7818314824680299,0.6234898018587334,-2.4492935982947064e-16,1.0,0.0,0.0,0.0,17.1,35.25,98.5,82.5,-4.4,3.5180068,0.15,-1.85,22.97777779,22.1,22.15,21.55,21.53333333333333,21.2,-22.893407383333336,0.5462962833333336,-0.1026666666666666,-0.0833333333333333,-0.244,22.28703702666667,-0.1097777777777752,4.351705,4.328214,4.29609,4.307671,4.351202,0,0.0,0,1.0,-0.12,5.3,94.7
2022-12-18 23:45:00,93.772637827778,53.1578736,53.167317688888,22.97777779,-0.244,21.2,1,5.1764362714980825,70.66250196097344,23,6,12,-0.2588190451025215,0.965925826289068,-0.7818314824680299,0.6234898018587334,-2.4492935982947064e-16,1.0,0.0,0.0,0.0,17.7,36.875,97.75,81.25,-4.25,3.5567024,0.225,-1.475,22.51851852333333,21.53333333333333,22.1,22.15,21.55,21.65,-23.22177779,0.2703704066666645,-0.058,-0.186,-0.21,22.61543209111112,-0.1711111111111085,4.351202,4.351705,4.328214,4.29609,4.3281193,0,0.0,1,1.0,-0.06,5.1,94.9
2022-12-19 00:00:00,167.574130066668,116.728663983334,116.744496749998,22.51851852333333,-0.21,21.65,2,5.1764362714980825,70.66250196097344,0,0,12,0.0,1.0,0.0,1.0,-2.4492935982947064e-16,1.0,0.0,0.0,0.0,18.3,38.5,97.0,80.0,-4.1,3.5946724,0.3,-1.1,22.24444444,21.2,21.53333333333333,22.1,22.15,22.0,-22.72851852333333,-0.4592592666666668,0.034,-0.244,-0.2886666666666667,22.73456789888889,-0.2133333333333307,4.3281193,4.351202,4.351705,4.328214,4.3293447,0,0.0,1,1.0,-0.16,5.5,94.5
2022-12-19 00:15:00,156.60790226666,131.301414433332,131.320580366664,22.24444444,-0.2886666666666667,22.0,2,5.1764362714980825,70.66250196097344,0,0,12,0.0,1.0,0.0,1.0,-2.4492935982947064e-16,1.0,0.0,0.0,0.0,18.675,39.325,95.5,79.0,-4.225,3.5621023,0.25,-1.05,22.274074093333333,21.65,21.2,21.53333333333333,22.1,22.0,-22.533111106666667,-0.2740740833333355,-0.0786666666666666,-0.21,-0.3953333333333333,22.58024691777778,-0.247555555555553,4.3293447,4.3281193,4.351202,4.351705,4.3367314,0,0.0,0,1.0,-0.22,6.0,94.0
2022-12-19 00:30:00,143.678141544444,119.18717673889,119.20550942222,22.274074093333333,-0.3953333333333333,22.0,2,5.1764362714980825,70.66250196097344,0,0,12,0.0,1.0,0.0,1.0,-2.4492935982947064e-16,1.0,0.0,0.0,0.0,19.05,40.15,94.0,78.0,-4.35,3.5292566,0.2,-1.0,22.19444447,22.0,21.65,21.2,21.53333333333333,22.0,-22.669407426666663,0.029629653333334,-0.1066666666666666,-0.2886666666666667,-0.3833333333333333,22.345679018888887,-0.2979999999999974,4.3367314,4.3293447,4.3281193,4.351202,4.316905,0,0.0,0,1.0,-0.22,6.0,94.0
2022-12-19 00:45:00,155.069630250002,120.063808372222,120.081029933332,22.19444447,-0.3833333333333333,22.0,2,5.1764362714980825,70.66250196097344,0,0,12,0.0,1.0,0.0,1.0,-2.4492935982947064e-16,1.0,0.0,0.0,0.0,19.425,40.975,92.5,77.0,-4.475,3.496134,0.15,-0.95,22.13518519333333,22.0,22.0,21.65,21.2,22.0,-22.577777803333333,-0.0796296233333322,0.0119999999999999,-0.3953333333333333,-0.2,22.237654334444443,-0.3557777777777752,4.316905,4.3367314,4.3293447,4.3281193,4.302201,0,0.0,0,1.0,-0.23,6.1,93.9
2022-12-19 01:00:00,151.656155827774,118.299156727778,118.316656094442,22.13518519333333,-0.2,22.0,2,5.1764362714980825,70.66250196097344,1,0,12,0.2588190451025207,0.9659258262890684,0.0,1.0,-2.4492935982947064e-16,1.0,0.0,0.0,0.0,19.8,41.8,91.0,76.0,-4.6,3.4627323,0.1,-0.9,22.08888893,22.0,22.0,22.0,21.65,22.0,-22.33518519333333,-0.059259276666669,0.1833333333333333,-0.3833333333333333,-0.0553333333333333,22.20123458555556,-0.3262222222222197,4.302201,4.316905,4.3367314,4.3293447,4.2907434,0,0.0,0,1.0,-0.25,6.3,93.7
2022-12-19 01:15:00,161.22716182222,121.008770572222,121.025158849998,22.08888893,-0.0553333333333333,22.0,2,5.1764362714980825,70.66250196097344,1,0,12,0.2588190451025207,0.9659258262890684,0.0,1.0,-2.4492935982947064e-16,1.0,0.0,0.0,0.0,20.15,42.6,93.25,76.0,-4.725,3.4327931,0.075,-1.025,22.07592595,22.0,22.0,22.0,22.0,22.0,-22.144222263333333,-0.0462962633333319,0.1446666666666666,-0.2,-0.032,22.139506197777777,-0.2128888888888863,4.2907434,4.302201,4.316905,4.3367314,4.2875404,0,0.0,0,1.0,-0.26,6.4,93.6
2022-12-19 01:30:00,194.73498820555,152.905550216666,152.924716149998,22.07592595,-0.032,22.0,2,5.1764362714980825,70.66250196097344,1,0,12,0.2588190451025207,0.9659258262890684,0.0,1.0,-2.4492935982947064e-16,1.0,0.0,0.0,0.0,20.5,43.4,95.5,76.0,-4.85,3.4030812,0.05,-1.15,22.24444445,22.0,22.0,22.0,22.0,21.95,-22.10792595,-0.0129629799999975,0.0233333333333333,-0.0553333333333333,-0.3706666666666667,22.100000024444444,-0.0957777777777752,4.2875404,4.2907434,4.302201,4.316905,4.3195057,0,0.0,0,1.0,-0.26,6.4,93.6
2022-12-19 01:45:00,204.594593705554,176.90736783889,176.931533572222,22.24444445,-0.3706666666666667,21.95,2,5.1764362714980825,70.66250196097344,1,0,12,0.2588190451025207,0.9659258262890684,0.0,1.0,-2.4492935982947064e-16,1.0,0.0,0.0,0.0,20.85,44.2,97.75,76.0,-4.975,3.3735955,0.0249999999999999,-1.275,22.45370368,22.0,22.0,22.0,22.0,21.53333333333333,-22.615111116666668,0.1685184999999975,-0.3386666666666666,-0.032,-0.7533333333333334,22.136419776666667,-0.1526666666666641,4.3195057,4.2875404,4.2907434,4.302201,4.288801,0,0.0,0,1.0,-0.22,6.0,94.0
2022-12-19 02:00:00,192.446746305554,168.077721072222,168.100775666668,22.45370368,-0.7533333333333334,21.53333333333333,2,5.1764362714980825,70.66250196097344,2,0,12,0.4999999999999999,0.8660254037844387,0.0,1.0,-2.4492935982947064e-16,1.0,0.0,0.0,0.0,21.2,45.0,100.0,76.0,-5.1,3.3443344,0.0,-1.4,22.37777778,21.95,22.0,22.0,22.0,21.55,-23.20703701333333,0.2092592300000006,-0.3826666666666667,-0.3706666666666667,-0.7386666666666667,22.258024693333336,-0.3853333333333308,4.288801,4.3195057,4.2875404,4.2907434,4.273434,0,0.0,0,1.0,-0.18,5.7,94.3
2022-12-19 02:15:00,134.389346411112,102.005086266668,102.020919,22.37777778,-0.7386666666666667,21.55,2,5.1764362714980825,70.66250196097344,2,0,12,0.4999999999999999,0.8660254037844387,0.0,1.0,-2.4492935982947064e-16,1.0,0.0,0.0,0.0,21.3,45.35,96.25,75.75,-5.15,3.3333333,0.025,-1.4,21.912962946666667,21.53333333333333,21.95,22.0,22.0,21.966666666666665,-23.116444446666662,-0.0759259000000014,0.0146666666666667,-0.7533333333333334,-0.662,22.35864197,-0.6208888888888864,4.273434,4.288801,4.3195057,4.2875404,4.241011,0,0.0,0,1.0,-0.19,5.8,94.2
2022-12-19 02:30:00,210.419082933332,167.879673444444,167.904116933332,21.912962946666667,-0.662,21.966666666666665,2,5.1764362714980825,70.66250196097344,2,0,12,0.4999999999999999,0.8660254037844387,0.0,1.0,-2.4492935982947064e-16,1.0,0.0,0.0,0.0,21.4,45.7,92.5,75.5,-5.199999999999999,3.3223321,0.05,-1.4,22.05,21.55,21.53333333333333,21.95,22.0,21.95,-22.574962946666663,-0.4648148333333317,0.0766666666666666,-0.7386666666666667,-0.67,22.24814813555556,-0.7179999999999974,4.241011,4.273434,4.288801,4.3195057,4.2714095,0,0.0,0,1.0,-0.3,6.9,93.1
2022-12-19 02:45:00,278.603300022216,238.057144,238.090753755556,22.05,-0.67,21.95,2,5.1764362714980825,70.66250196097344,2,0,12,0.4999999999999999,0.8660254037844387,0.0,1.0,-2.4492935982947064e-16,1.0,0.0,0.0,0.0,21.5,46.05,88.75,75.25,-5.25,3.3113315,0.075,-1.4,22.59629628333333,21.966666666666665,21.55,21.53333333333333,21.95,21.35,-22.72,0.1370370533333336,-0.008,-0.662,-0.534,22.113580242222223,-0.6902222222222196,4.2714095,4.241011,4.273434,4.288801,4.287245,0,0.0,0,1.0,-0.27,6.5,93.5
2022-12-19 03:00:00,282.030385133328,249.711122305554,249.743343249998,22.59629628333333,-0.534,21.35,2,5.1764362714980825,70.66250196097344,3,0,12,0.7071067811865476,0.7071067811865476,0.0,1.0,-2.4492935982947064e-16,1.0,0.0,0.0,0.0,21.6,46.4,85.0,75.0,-5.3,3.3003302,0.1,-1.4,22.92222222,21.95,21.966666666666665,21.55,21.53333333333333,21.0,-23.130296283333333,0.5462962833333336,0.136,-0.67,-0.4266666666666667,22.18641974333333,-0.6219999999999976,4.287245,4.2714095,4.241011,4.273434,4.2964716,0,0.0,0,1.0,-0.15,5.4,94.6
2022-12-19 03:15:00,201.724708538886,171.25453842777802,171.277870877776,22.92222222,-0.4266666666666667,21.0,2,5.1764362714980825,70.66250196097344,3,0,12,0.7071067811865476,0.7071067811865476,0.0,1.0,-2.4492935982947064e-16,1.0,0.0,0.0,0.0,21.450000000000003,46.4,88.75,75.0,-5.375,3.2831101,0.075,-1.475,22.864814856666666,21.35,21.95,21.966666666666665,21.55,21.0,-23.348888886666664,0.325925936666664,0.1073333333333333,-0.534,-0.4173333333333333,22.52283950111111,-0.543555555555553,4.2964716,4.287245,4.2714095,4.241011,4.2823734,0,0.0,0,1.0,-0.07,5.1,94.9
2022-12-19 03:30:00,96.235872594446,71.841848427778,71.856014611108,22.864814856666666,-0.4173333333333333,21.0,2,5.1764362714980825,70.66250196097344,3,0,12,0.7071067811865476,0.7071067811865476,0.0,1.0,-2.4492935982947064e-16,1.0,0.0,0.0,0.0,21.3,46.4,92.5,75.0,-5.449999999999999,3.2659686,0.05,-1.5499999999999998,22.37222225,21.0,21.35,21.95,21.966666666666665,21.35,-23.28214819,-0.0574073633333327,0.0093333333333333,-0.4266666666666667,-0.3033333333333334,22.79444445333333,-0.4593333333333307,4.2823734,4.2964716,4.287245,4.2714095,4.2324224,0,0.0,0,1.0,-0.09,5.2,94.8
2022-12-19 03:45:00,188.114697427774,154.474098572222,154.495208844444,22.37222225,-0.3033333333333334,21.35,2,5.1764362714980825,70.66250196097344,3,0,12,0.7071067811865476,0.7071067811865476,0.0,1.0,-2.4492935982947064e-16,1.0,0.0,0.0,0.0,21.15,46.4,96.25,75.0,-5.525,3.2489066,0.0249999999999999,-1.625,22.449603199285715,21.0,21.0,21.35,21.95,21.303571428571427,-22.67555558333333,-0.4925926066666655,0.1139999999999999,-0.4173333333333333,-0.2757142857142857,22.71975310888889,-0.3824444444444418,4.2324224,4.2823734,4.2964716,4.287245,4.24204,0,0.0,0,1.0,-0.2,5.8,94.2
2022-12-19 04:00:00,212.415114155556,168.10633106110998,168.128552388888,22.449603199285715,-0.2757142857142857,21.303571428571427,2,5.1764362714980825,70.66250196097344,4,0,12,0.8660254037844386,0.5000000000000001,0.0,1.0,-2.4492935982947064e-16,1.0,0.0,0.0,0.0,21.0,46.4,100.0,75.0,-5.6,3.2319224,0.0,-1.7,22.68333333,21.35,21.0,21.0,21.35,21.0,-22.725317485,0.0773809492857147,0.0276190476190476,-0.3033333333333334,-0.3,22.56221343531746,-0.3321269841269815,4.24204,4.2324224,4.2823734,4.2964716,4.2380686,0,0.0,0,1.0,-0.18,5.7,94.3
2022-12-19 04:15:00,218.284601833324,183.343221577776,183.367665049998,22.68333333,-0.3,21.0,2,5.1764362714980825,70.66250196097344,4,0,12,0.8660254037844386,0.5000000000000001,0.0,1.0,-2.4492935982947064e-16,1.0,0.0,0.0,0.0,20.8,45.95,99.0,74.5,-5.675,3.2103763,0.0,-1.7,22.84629628,21.303571428571427,21.35,21.0,21.0,20.816666666666663,-22.98333333,0.2337301307142851,-0.0242857142857142,-0.2757142857142857,-0.276,22.50171959309524,-0.2930158730158704,4.2380686,4.24204,4.2324224,4.2823734,4.2404895,0,0.0,0,1.0,-0.13,5.3,94.7
2022-12-19 04:30:00,176.356556555556,148.236570316666,148.257125077776,22.84629628,-0.276,20.816666666666663,2,5.1764362714980825,70.66250196097344,4,0,12,0.8660254037844386,0.5000000000000001,0.0,1.0,-2.4492935982947064e-16,1.0,0.0,0.0,0.0,20.6,45.5,98.0,74.0,-5.75,3.1888301,0.0,-1.7,22.71111113,21.0,21.303571428571427,21.35,21.0,20.85,-23.12229628,0.1629629500000007,0.0239999999999999,-0.3,-0.2833333333333333,22.659744269761905,-0.2839047619047593,4.2404895,4.2380686,4.24204,4.2324224,4.214503,0,0.0,0,1.0,-0.09,5.2,94.8
2022-12-19 04:45:00,138.981662794442,105.349396972222,105.364951949998,22.71111113,-0.2833333333333333,20.85,2,5.1764362714980825,70.66250196097344,4,0,12,0.8660254037844386,0.5000000000000001,0.0,1.0,-2.4492935982947064e-16,1.0,0.0,0.0,0.0,20.4,45.05,97.0,73.5,-5.825,3.167284,0.0,-1.7,22.408333308333333,20.816666666666663,21.0,21.303571428571427,21.35,21.091666666666665,-22.99444446333333,-0.1351851500000016,-0.0073333333333333,-0.276,-0.3173333333333333,22.74691358,-0.2864444444444419,4.214503,4.2404895,4.2380686,4.24204,4.1898975,0,0.0,0,1.0,-0.12,5.3,94.7
2022-12-19 05:00:00,129.39065766666,104.953579455556,104.970245538886,22.408333308333333,-0.3173333333333333,21.091666666666665,2,5.1764362714980825,70.66250196097344,5,0,12,0.9659258262890684,0.2588190451025207,0.0,1.0,-2.4492935982947064e-16,1.0,0.0,0.0,0.0,20.2,44.6,96.0,73.0,-5.9,3.145738,0.0,-1.7,22.202777795,20.85,20.816666666666663,21.0,21.303571428571427,21.425,-22.725666641666667,-0.3027778216666661,-0.034,-0.2833333333333333,-0.3933333333333333,22.655246906111117,-0.2922222222222196,4.1898975,4.214503,4.2404895,4.2380686,4.206094,0,0.0,0,1.0,-0.19,5.8,94.2
2022-12-19 05:15:00,153.4413621,115.690927727778,115.707593777776,22.202777795,-0.3933333333333333,21.425,2,5.1764362714980825,70.66250196097344,5,0,12,0.9659258262890684,0.2588190451025207,0.0,1.0,-2.4492935982947064e-16,1.0,0.0,0.0,0.0,20.05,44.35,96.5,73.25,-6.0,3.1235638,0.0,-1.85,22.09444445666667,21.091666666666665,20.85,20.816666666666663,21.0,21.5,-22.59611112833333,-0.2055555133333335,-0.076,-0.3173333333333333,-0.374,22.440740744444444,-0.3313333333333307,4.206094,4.1898975,4.214503,4.2404895,4.194569,0,0.0,0,1.0,-0.24,6.2,93.8
2022-12-19 05:30:00,168.267435733332,117.4469686,117.462245788888,22.09444445666667,-0.374,21.5,2,5.1764362714980825,70.66250196097344,5,0,12,0.9659258262890684,0.2588190451025207,0.0,1.0,-2.4492935982947064e-16,1.0,0.0,0.0,0.0,19.9,44.1,97.0,73.5,-6.1,3.101468,0.0,-2.0,22.0555556,21.425,21.091666666666665,20.85,20.816666666666663,21.5,-22.468444456666667,-0.1083333383333311,0.0193333333333333,-0.3933333333333333,-0.35,22.23518518666667,-0.3615555555555529,4.194569,4.206094,4.1898975,4.214503,4.185182,0,0.0,0,1.0,-0.26,6.4,93.6
2022-12-19 05:45:00,148.708218083334,120.915718727778,120.933218111108,22.0555556,-0.35,21.5,2,5.1764362714980825,70.66250196097344,5,0,12,0.9659258262890684,0.2588190451025207,0.0,1.0,-2.4492935982947064e-16,1.0,0.0,0.0,0.0,19.75,43.85,97.5,73.75,-6.2,3.0794518,0.0,-2.15,22.0555556,21.5,21.425,21.091666666666665,20.85,21.5,-22.405555600000003,-0.0388888566666665,0.024,-0.374,-0.4206666666666667,22.117592617222225,-0.3724444444444418,4.185182,4.194569,4.206094,4.1898975,4.185182,0,0.0,0,1.0,-0.27,6.5,93.5
2022-12-19 06:00:00,160.60802000555,136.283159572222,136.30371438333,22.0555556,-0.4206666666666667,21.5,2,5.1764362714980825,70.66250196097344,6,0,12,1.0,6.123233995736766e-17,0.0,1.0,-2.4492935982947064e-16,1.0,0.0,0.0,0.0,19.6,43.6,98.0,74.0,-6.3,3.0575159,0.0,-2.3,22.19444444,21.5,21.5,21.425,21.091666666666665,21.45,-22.476222266666667,0.0,-0.0706666666666667,-0.35,-0.512,22.068518552222223,-0.381555555555553,4.185182,4.185182,4.194569,4.206094,4.208983,0,0.0,0,1.0,-0.27,6.5,93.5
2022-12-19 06:15:00,218.920409566664,181.9293892,181.9535549,22.19444444,-0.512,21.45,2,5.1764362714980825,70.66250196097344,6,0,12,1.0,6.123233995736766e-17,0.0,1.0,-2.4492935982947064e-16,1.0,0.0,0.0,0.0,19.425,43.15,96.25,73.75,-6.35,3.0471864,0.0,-2.3,22.409259236666667,21.5,21.5,21.5,21.425,21.03333333333333,-22.70644444,0.1388888399999963,-0.0913333333333333,-0.4206666666666667,-0.5800000000000001,22.10185188,-0.4275555555555529,4.208983,4.185182,4.185182,4.194569,4.1785316,0,0.0,0,1.0,-0.24,6.2,93.8
2022-12-19 06:30:00,160.86439861666202,134.138523111112,134.158800116666,22.409259236666667,-0.5800000000000001,21.03333333333333,2,5.1764362714980825,70.66250196097344,6,0,12,1.0,6.123233995736766e-17,0.0,1.0,-2.4492935982947064e-16,1.0,0.0,0.0,0.0,19.25,42.7,94.5,73.5,-6.4,3.036857,0.0,-2.3,22.1,21.45,21.5,21.5,21.5,21.05,-22.98925923666667,0.2148147966666691,-0.068,-0.512,-0.662,22.21975309222222,-0.5042222222222197,4.1785316,4.208983,4.185182,4.185182,4.10809,0,0.0,0,1.0,-0.19,5.8,94.2
2022-12-19 06:45:00,181.490240249994,141.078801088888,141.09963362222,22.1,-0.662,21.05,2,5.1764362714980825,70.66250196097344,6,0,12,1.0,6.123233995736766e-17,0.0,1.0,-2.4492935982947064e-16,1.0,0.0,0.0,0.0,19.075,42.25,92.75,73.25,-6.45,3.0265274,0.0,-2.3,21.92592592333333,21.03333333333333,21.45,21.5,21.5,21.466666666666665,-22.762,-0.3092592366666657,-0.0819999999999999,-0.5800000000000001,-0.67,22.23456789222222,-0.5846666666666641,4.10809,4.1785316,4.208983,4.185182,4.1475787,0,0.0,0,1.0,-0.26,6.4,93.6
2022-12-19 07:00:00,240.535933794442,192.617295,192.642571755556,21.92592592333333,-0.67,21.466666666666665,2,5.1764362714980825,70.66250196097344,7,0,12,0.9659258262890684,-0.2588190451025206,0.0,1.0,-2.4492935982947064e-16,1.0,0.0,0.0,0.0,18.9,41.8,91.0,73.0,-6.5,3.016198,0.0,-2.3,22.32222224,21.05,21.03333333333333,21.45,21.5,21.1,-22.595925923333336,-0.1740740766666668,-0.008,-0.662,-0.7146666666666667,22.14506172,-0.6373333333333308,4.1475787,4.10809,4.1785316,4.208983,4.170854,0,0.0,0,1.0,-0.3,6.9,93.1
2022-12-19 07:15:00,259.336570722216,234.100635583334,234.13285656111,22.32222224,-0.7146666666666667,21.1,2,5.1764362714980825,70.66250196097344,7,0,12,0.9659258262890684,-0.2588190451025206,0.0,1.0,-2.4492935982947064e-16,1.0,0.0,0.0,0.0,18.85,41.35,93.25,72.75,-6.35,3.0430305,0.0,-2.125,22.78148145333333,21.466666666666665,21.05,21.03333333333333,21.45,20.53333333333333,-23.036888906666665,0.396296316666664,-0.0446666666666666,-0.67,-0.7673333333333333,22.116049387777775,-0.6822222222222196,4.170854,4.1475787,4.10809,4.1785316,4.1672688,0,0.0,0,1.0,-0.21,5.9,94.1
2022-12-19 07:30:00,254.982300483326,230.6216081,230.653829077776,22.78148145333333,-0.7673333333333333,20.53333333333333,2,5.1764362714980825,70.66250196097344,7,0,12,0.9659258262890684,-0.2588190451025206,0.0,1.0,-2.4492935982947064e-16,1.0,0.0,0.0,0.0,18.8,40.9,95.5,72.5,-6.2,3.0700085,0.0,-1.95,23.03333331,21.1,21.466666666666665,21.05,21.03333333333333,20.45,-23.548814786666668,0.4592592133333362,-0.0526666666666666,-0.7146666666666667,-0.78,22.34320987222223,-0.7173333333333307,4.1672688,4.170854,4.1475787,4.10809,4.2106276,0,0.0,0,1.0,-0.11,5.2,94.8
2022-12-19 07:45:00,142.042373777772,107.449868483334,107.46681232222,23.03333331,-0.78,20.45,2,5.1764362714980825,70.66250196097344,7,0,12,0.9659258262890684,-0.2588190451025206,0.0,1.0,-2.4492935982947064e-16,1.0,0.0,0.0,0.0,18.75,40.45,97.75,72.25,-6.050000000000001,3.0971324,0.0,-1.775,22.688888873333333,20.53333333333333,21.1,21.466666666666665,21.05,20.216666666666665,-23.81333331,0.251851856666665,-0.0126666666666667,-0.7673333333333333,-0.8066666666666666,22.71234566777778,-0.7539999999999975,4.2106276,4.1672688,4.170854,4.1475787,4.0812817,0,0.0,0,1.0,-0.05,5.1,94.9
2022-12-19 08:00:00,142.46791223888602,107.297930177776,107.314873999996,22.688888873333333,-0.8066666666666666,20.216666666666665,2,5.1764362714980825,70.66250196097344,8,0,12,0.8660254037844387,-0.4999999999999998,0.0,1.0,-2.4492935982947064e-16,1.0,0.0,0.0,0.0,18.7,40.0,100.0,72.0,-5.9,3.124402,0.0,-1.6,22.36666665,20.45,20.53333333333333,21.1,21.466666666666665,20.85,-23.49555554,-0.3444444366666666,-0.0266666666666666,-0.78,-0.83,22.83456787888889,-0.7846666666666641,4.0812817,4.2106276,4.1672688,4.170854,4.1319823,0,0.0,0,1.0,-0.13,5.4,94.6
2022-12-19 08:15:00,213.377020227774,173.39834155555602,173.422229483334,22.36666665,-0.83,20.85,2,5.1764362714980825,70.66250196097344,8,0,12,0.8660254037844387,-0.4999999999999998,0.0,1.0,-2.4492935982947064e-16,1.0,0.75,0.1875,0.0625,18.75,40.25,100.0,72.5,-5.925000000000001,3.1296558,0.025,-1.675,22.55000001,20.216666666666665,20.45,20.53333333333333,21.1,20.816666666666663,-23.19666665,-0.322222223333334,-0.0233333333333333,-0.8066666666666666,-0.8693333333333333,22.69629627777778,-0.805555555555553,4.1319823,4.0812817,4.2106276,4.1672688,4.169054,0,0.0,0,1.0,-0.2,5.8,94.2
2022-12-19 08:30:00,219.810373966664,180.127239105554,180.15168256111,22.55000001,-0.8693333333333333,20.816666666666663,2,5.1764362714980825,70.66250196097344,8,0,12,0.8660254037844387,-0.4999999999999998,0.0,1.0,-2.4492935982947064e-16,1.0,1.5,0.5625,0.1875,18.8,40.5,100.0,73.0,-5.95,3.1347594,0.05,-1.75,22.755555580000003,20.85,20.216666666666665,20.45,20.53333333333333,20.5,-23.41933334333333,0.1833333600000024,-0.0393333333333333,-0.83,-0.92,22.535185177777777,-0.8353333333333307,4.169054,4.1319823,4.0812817,4.2106276,4.1543274,0,0.0,0,1.0,-0.16,5.5,94.5
2022-12-19 08:45:00,210.712682288888,182.552697616666,182.57825216111,22.755555580000003,-0.92,20.5,2,5.1764362714980825,70.66250196097344,8,0,12,0.8660254037844387,-0.4999999999999998,0.0,1.0,-2.4492935982947064e-16,1.0,2.25,1.125,0.375,18.85,40.75,100.0,73.5,-5.975,3.1397135,0.075,-1.825,22.901851843333336,20.816666666666663,20.85,20.216666666666665,20.45,20.5,-23.67555558,0.2055555700000013,-0.0506666666666666,-0.8693333333333333,-0.9126666666666666,22.557407413333337,-0.8731111111111085,4.1543274,4.169054,4.1319823,4.0812817,4.189286,0,0.0,0,1.0,-0.11,5.3,94.7
2022-12-19 09:00:00,173.365009638886,149.042371383334,149.065148288888,22.901851843333336,-0.9126666666666666,20.5,2,5.1764362714980825,70.66250196097344,9,0,12,0.7071067811865476,-0.7071067811865475,0.0,1.0,-2.4492935982947064e-16,1.0,3.0,1.875,0.625,18.9,41.0,100.0,74.0,-6.0,3.144519,0.1,-1.9,22.8,20.5,20.816666666666663,20.85,20.216666666666665,20.55,-23.814518510000003,0.1462962633333333,0.0073333333333333,-0.92,-0.846,22.73580247777778,-0.900666666666664,4.189286,4.1543274,4.169054,4.1319823,4.17508,0,0.0,0,1.0,-0.08,5.1,94.9
2022-12-19 09:15:00,134.94432426111,103.5800233,103.596967138886,22.8,-0.846,20.55,2,5.1764362714980825,70.66250196097344,9,0,12,0.7071067811865476,-0.7071067811865475,0.0,1.0,-2.4492935982947064e-16,1.0,17.75,6.125,2.1041666666666665,18.25,41.0,100.0,74.5,-5.9,3.1657658,0.1,-1.9,22.457407396666667,20.5,20.5,20.816666666666663,20.85,20.966666666666665,-23.646,-0.1018518433333355,0.0666666666666666,-0.9126666666666666,-0.83,22.81913580777778,-0.8928888888888863,4.17508,4.189286,4.1543274,4.169054,4.176827,0,0.0,0,1.0,-0.1,5.2,94.8
2022-12-19 09:30:00,147.971580933332,103.090598427778,103.107542249998,22.457407396666667,-0.83,20.966666666666665,2,5.1764362714980825,70.66250196097344,9,0,12,0.7071067811865476,-0.7071067811865475,0.0,1.0,-2.4492935982947064e-16,1.0,32.5,13.875,4.8125,17.6,41.0,100.0,75.0,-5.8,3.1870127,0.1,-1.9,22.24444442,20.55,20.5,20.5,20.816666666666663,21.0,-23.287407396666666,-0.3425926033333333,0.016,-0.846,-0.818,22.719753080000004,-0.8628888888888863,4.176827,4.17508,4.189286,4.1543274,4.1325564,0,0.0,0,1.0,-0.18,5.7,94.3
2022-12-19 09:45:00,143.120941716662,102.727557383334,102.74505678333,22.24444442,-0.818,21.0,2,5.1764362714980825,70.66250196097344,9,0,12,0.7071067811865476,-0.7071067811865475,0.0,1.0,-2.4492935982947064e-16,1.0,47.25,25.125,8.75,16.95,41.0,100.0,75.5,-5.699999999999999,3.2082593,0.1,-1.9,22.098148156666664,20.966666666666665,20.55,20.5,20.5,21.0,-23.06244442,-0.2129629766666703,0.012,-0.83,-0.9166666666666666,22.500617272222225,-0.8313333333333307,4.1325564,4.176827,4.17508,4.189286,4.0978956,0,0.0,0,1.0,-0.23,6.1,93.9
2022-12-19 10:00:00,144.77893086110998,114.194043172222,114.212098049998,22.098148156666664,-0.9166666666666666,21.0,2,5.1764362714980825,70.66250196097344,10,0,12,0.4999999999999999,-0.8660254037844387,0.0,1.0,-2.4492935982947064e-16,1.0,62.0,39.875,13.916666666666666,16.3,41.0,100.0,76.0,-5.6,3.2295063,0.1,-1.9,22.06111115,21.0,20.966666666666665,20.55,20.5,21.0,-23.01481482333333,-0.1462962633333333,-0.0986666666666666,-0.818,-0.8366666666666667,22.266666657777776,-0.8548888888888863,4.0978956,4.1325564,4.176827,4.17508,4.089161,0,0.0,0,1.0,-0.26,6.4,93.6
2022-12-19 10:15:00,149.888726411112,118.385819944444,118.404430349998,22.06111115,-0.8366666666666667,21.0,2,5.1764362714980825,70.66250196097344,10,0,12,0.4999999999999999,-0.8660254037844387,0.0,1.0,-2.4492935982947064e-16,1.0,84.25,56.5,20.9375,16.55,40.1,99.0,75.5,-5.55,3.242114,0.1,-1.75,22.066666663333333,21.0,21.0,20.966666666666665,20.55,21.183333333333334,-22.897777816666665,-0.0370370066666652,0.0799999999999999,-0.9166666666666666,-0.7933333333333333,22.134567908888886,-0.8571111111111085,4.089161,4.0978956,4.1325564,4.176827,4.1261797,0,0.0,0,1.0,-0.27,6.5,93.5
2022-12-19 10:30:00,136.447597444444,112.1388476,112.15606916111,22.066666663333333,-0.7933333333333333,21.183333333333334,2,5.1764362714980825,70.66250196097344,10,0,12,0.4999999999999999,-0.8660254037844387,0.0,1.0,-2.4492935982947064e-16,1.0,106.5,75.0,29.8125,16.8,39.2,98.0,75.0,-5.5,3.2545853,0.1,-1.6,21.98888889,21.0,21.0,21.0,20.966666666666665,21.45,-22.859999996666662,0.0055555133333342,0.0433333333333333,-0.8366666666666667,-0.73,22.075308656666667,-0.8488888888888863,4.1261797,4.089161,4.0978956,4.1325564,4.1594334,0,0.0,0,1.0,-0.27,6.5,93.5
2022-12-19 10:45:00,130.569777099996,97.76581146111,97.782199755552,21.98888889,-0.73,21.45,2,5.1764362714980825,70.66250196097344,10,0,12,0.4999999999999999,-0.8660254037844387,0.0,1.0,-2.4492935982947064e-16,1.0,128.75,95.375,40.54166666666666,17.05,38.3,97.0,74.5,-5.45,3.2669156,0.1,-1.45,21.794444446666667,21.183333333333334,21.0,21.0,21.0,21.216666666666665,-22.71888889,-0.0777777733333344,0.0633333333333333,-0.7933333333333333,-0.7033333333333334,22.03888890111111,-0.7866666666666641,4.1594334,4.1261797,4.089161,4.0978956,4.0682874,0,0.0,0,1.0,-0.29,6.7,93.3
2022-12-19 11:00:00,450.89557462222,112.400781555556,112.419114172222,21.794444446666667,-0.7033333333333334,21.216666666666665,2,5.1764362714980825,70.66250196097344,11,0,12,0.258819045102521,-0.9659258262890682,0.0,1.0,-2.4492935982947064e-16,1.0,151.0,117.625,53.125,17.3,37.4,96.0,74.0,-5.4,3.2791011,0.1,-1.3,21.51111108,21.45,21.183333333333334,21.0,21.0,21.5,-22.49777778,-0.1944444433333316,0.0266666666666666,-0.73,-0.6426666666666667,21.95,-0.7422222222222197,4.0682874,4.1594334,4.1261797,4.089161,4.055643,0,0.0,0,1.0,-0.33,7.3,92.7
2022-12-19 11:15:00,169.954590477776,135.5579108,135.58096542777798,21.51111108,-0.6426666666666667,21.5,2,5.1764362714980825,70.66250196097344,11,0,12,0.258819045102521,-0.9659258262890682,0.0,1.0,-2.4492935982947064e-16,1.0,175.0,140.3125,67.64583333333333,18.225,39.925,93.75,72.75,-5.45,3.2632263,0.075,-1.125,21.66111111,21.216666666666665,21.45,21.183333333333334,21.0,21.5,-22.153777746666663,-0.2833333666666675,0.0606666666666666,-0.7033333333333334,-0.6053333333333334,21.76481480555556,-0.6919999999999974,4.055643,4.0682874,4.1594334,4.1261797,4.090982,0,0.0,0,1.0,-0.39,8.2,91.8
2022-12-19 11:30:00,177.980936044444,151.958921433332,151.984475977776,21.66111111,-0.6053333333333334,21.5,2,5.1764362714980825,70.66250196097344,11,0,12,0.258819045102521,-0.9659258262890682,0.0,1.0,-2.4492935982947064e-16,1.0,199.0,163.4375,84.10416666666667,19.15,42.45,91.5,71.5,-5.5,3.24641,0.05,-0.95,22.01111114,21.5,21.216666666666665,21.45,21.183333333333334,21.45,-22.26644444333333,0.150000030000001,0.0373333333333333,-0.6426666666666667,-0.6153333333333334,21.65555554555556,-0.6504444444444418,4.090982,4.055643,4.0682874,4.1594334,4.1647654,0,0.0,0,1.0,-0.36,7.7,92.3
2022-12-19 11:45:00,259.657113366664,224.555184083334,224.586849549998,22.01111114,-0.6153333333333334,21.45,2,5.1764362714980825,70.66250196097344,11,0,12,0.258819045102521,-0.9659258262890682,0.0,1.0,-2.4492935982947064e-16,1.0,223.0,187.0,102.5,20.075,44.975,89.25,70.25,-5.55,3.2286348,0.0249999999999999,-0.775,22.49999999,21.5,21.5,21.216666666666665,21.45,21.03333333333333,-22.626444473333333,0.3500000300000003,-0.01,-0.6053333333333334,-0.5733333333333335,21.72777777666667,-0.6211111111111086,4.1647654,4.090982,4.055643,4.0682874,4.2003703,0,0.0,0,1.0,-0.28,6.6,93.4
2022-12-19 12:00:00,198.688996605554,174.354136672222,174.379691249998,22.49999999,-0.5733333333333335,21.03333333333333,2,5.1764362714980825,70.66250196097344,12,0,12,1.2246467991473532e-16,-1.0,0.0,1.0,-2.4492935982947064e-16,1.0,247.0,211.0,122.83333333333331,21.0,47.5,87.0,69.0,-5.6,3.209883,0.0,-0.6,22.605555560000003,21.45,21.5,21.5,21.216666666666665,21.0,-23.073333323333333,0.4888888499999986,0.0419999999999999,-0.6153333333333334,-0.4366666666666666,22.057407413333333,-0.5979999999999975,4.2003703,4.1647654,4.090982,4.055643,4.219202,0,0.0,0,1.0,-0.17,5.6,94.4
2022-12-19 12:15:00,136.076223433332,100.943462116666,100.960961449998,22.605555560000003,-0.4366666666666666,21.0,2,5.1764362714980825,70.66250196097344,12,0,12,1.2246467991473532e-16,-1.0,0.0,1.0,-2.4492935982947064e-16,1.0,257.0,231.5,142.77083333333334,21.5,49.675,85.75,68.25,-5.6,3.2025843,0.0,-0.475,22.34259259,21.03333333333333,21.45,21.5,21.5,21.0,-23.04222222666667,0.1055555700000034,0.1366666666666668,-0.5733333333333335,-0.2266666666666666,22.37222223,-0.5417777777777752,4.219202,4.2003703,4.1647654,4.090982,4.1559534,0,0.0,0,1.0,-0.15,5.4,94.6
2022-12-19 12:30:00,156.156531372218,103.602800155556,103.619466205554,22.34259259,-0.2266666666666666,21.0,2,5.1764362714980825,70.66250196097344,12,0,12,1.2246467991473532e-16,-1.0,0.0,1.0,-2.4492935982947064e-16,1.0,267.0,248.5,162.3125,22.0,51.85,84.5,67.5,-5.6,3.1948867,0.0,-0.35,22.17222224,21.0,21.03333333333333,21.45,21.5,21.35,-22.569259256666665,-0.2629629700000038,0.2099999999999999,-0.4366666666666666,0.014,22.482716046666667,-0.4122222222222196,4.1559534,4.219202,4.2003703,4.1647654,4.1840043,0,0.0,0,1.0,-0.21,5.9,94.1
2022-12-19 12:45:00,124.06587058333,95.237857,95.255078611108,22.17222224,0.014,21.35,2,5.1764362714980825,70.66250196097344,12,0,12,1.2246467991473532e-16,-1.0,0.0,1.0,-2.4492935982947064e-16,1.0,277.0,262.0,181.45833333333331,22.5,54.025000000000006,83.25,66.75,-5.6,3.1867843,0.0,-0.2249999999999999,22.00185188333333,21.0,21.0,21.03333333333333,21.45,21.5,-22.15822224,-0.1703703499999989,0.2406666666666667,-0.2266666666666666,0.1786666666666666,22.37345679666667,-0.2164444444444418,4.1840043,4.1559534,4.219202,4.2003703,4.1722465,0,0.0,0,1.0,-0.24,6.2,93.8
2022-12-19 13:00:00,112.5113327,88.215360144444,88.232026194442,22.00185188333333,0.1786666666666666,21.5,2,5.1764362714980825,70.66250196097344,13,0,12,-0.2588190451025208,-0.9659258262890684,0.0,1.0,-2.4492935982947064e-16,1.0,287.0,272.0,200.20833333333331,23.0,56.2,82.0,66.0,-5.6,3.178273,0.0,-0.1,21.89444445,21.35,21.0,21.0,21.03333333333333,21.5,-21.823185216666666,-0.1703703566666661,0.1646666666666666,0.014,0.3693333333333333,22.172222237777778,-0.0113333333333307,4.1722465,4.1840043,4.1559534,4.219202,4.146481,0,0.0,0,1.0,-0.28,6.6,93.4
2022-12-19 13:15:00,151.982531588888,115.848976972222,115.86647632222,21.89444445,0.3693333333333333,21.5,2,5.1764362714980825,70.66250196097344,13,0,12,-0.2588190451025208,-0.9659258262890684,0.0,1.0,-2.4492935982947064e-16,1.0,283.5,278.625,216.8125,22.65,54.925,86.5,66.0,-5.574999999999999,3.1947494,0.0,-0.0249999999999999,21.9407407,21.5,21.35,21.0,21.0,21.5,-21.525111116666665,-0.1074074333333356,0.1906666666666666,0.1786666666666666,0.4273333333333333,22.022839524444446,0.1873333333333359,4.146481,4.1722465,4.1840043,4.1559534,4.1575704,0,0.0,0,1.0,-0.31,7.0,93.0
2022-12-19 13:30:00,136.499539849998,110.361140927778,110.379751333332,21.9407407,0.4273333333333333,21.5,2,5.1764362714980825,70.66250196097344,13,0,12,-0.2588190451025208,-0.9659258262890684,0.0,1.0,-2.4492935982947064e-16,1.0,280.0,281.875,231.27083333333331,22.3,53.650000000000006,91.0,66.0,-5.55,3.2113008,0.0,0.05,21.9444444,21.5,21.5,21.35,21.0,21.5,-21.513407366666662,0.046296250000001,0.0579999999999999,0.3693333333333333,0.4366666666666666,21.94567901111111,0.3251111111111137,4.1575704,4.146481,4.1722465,4.1840043,4.1584573,0,0.0,0,1.0,-0.3,6.8,93.2
2022-12-19 13:45:00,151.064790466668,110.541967027778,110.559466394442,21.9444444,0.4366666666666666,21.5,2,5.1764362714980825,70.66250196097344,13,0,12,-0.2588190451025208,-0.9659258262890684,0.0,1.0,-2.4492935982947064e-16,1.0,276.5,281.75,243.58333333333331,21.950000000000003,52.375,95.5,66.0,-5.525,3.2279267,0.0,0.125,21.9444444,21.5,21.5,21.5,21.35,21.5,-21.50777773333333,0.003703699999999,0.0093333333333333,0.4273333333333333,0.144,21.926543183333337,0.4111111111111137,4.1584573,4.1575704,4.146481,4.1722465,4.1584573,0,0.0,0,1.0,-0.3,6.8,93.2
2022-12-19 14:00:00,158.677263805554,110.515301411112,110.532522972222,21.9444444,0.144,21.5,2,5.1764362714980825,70.66250196097344,14,0,12,-0.4999999999999997,-0.8660254037844388,0.0,1.0,-2.4492935982947064e-16,1.0,273.0,278.25,253.75,21.6,51.1,100.0,66.0,-5.5,3.244629,0.0,0.2,21.93888885,21.5,21.5,21.5,21.5,21.5,-21.8004444,0.0,-0.2926666666666666,0.4366666666666666,-0.1593333333333333,21.94320983333333,0.3360000000000026,4.1584573,4.1584573,4.1575704,4.146481,4.157126,0,0.0,0,1.0,-0.3,6.8,93.2
2022-12-19 14:15:00,130.637829827778,104.1641666,104.181943738886,21.93888885,-0.1593333333333333,21.5,2,5.1764362714980825,70.66250196097344,14,0,12,-0.4999999999999997,-0.8660254037844388,0.0,1.0,-2.4492935982947064e-16,1.0,234.75,266.0625,258.7291666666667,21.25,50.3,100.0,66.0,-5.475,3.2390532,0.0,0.175,21.91296295,21.5,21.5,21.5,21.5,21.5,-22.09822218333333,-0.0055555499999968,-0.3033333333333333,0.144,-0.112,21.94259255,0.140444444444447,4.157126,4.1584573,4.1584573,4.1575704,4.1509137,0,0.0,0,1.0,-0.3,6.8,93.2
2022-12-19 14:30:00,151.727541922216,127.379349105554,127.399348305554,21.91296295,-0.112,21.5,2,5.1764362714980825,70.66250196097344,14,0,12,-0.4999999999999997,-0.8660254037844388,0.0,1.0,-2.4492935982947064e-16,1.0,196.5,245.1875,258.5208333333333,20.9,49.5,100.0,66.0,-5.45,3.233486,0.0,0.15,21.98888888,21.5,21.5,21.5,21.5,21.5,-22.02496295,-0.0259259000000007,0.0473333333333333,-0.1593333333333333,-0.2286666666666666,21.932098733333333,-0.0424444444444418,4.1509137,4.157126,4.1584573,4.1584573,4.169129,0,0.0,0,1.0,-0.3,6.9,93.1
2022-12-19 14:45:00,152.30890748333,118.70386273889,118.723028688888,21.98888888,-0.2286666666666666,21.5,2,5.1764362714980825,70.66250196097344,14,0,12,-0.4999999999999997,-0.8660254037844388,0.0,1.0,-2.4492935982947064e-16,1.0,158.25,215.625,253.125,20.55,48.7,100.0,66.0,-5.425000000000001,3.2279267,0.0,0.125,22.03148150666667,21.5,21.5,21.5,21.5,21.5,-22.217555546666663,0.0759259299999968,-0.1166666666666666,-0.112,-0.2346666666666666,21.94691356,-0.1666666666666641,4.169129,4.1509137,4.157126,4.1584573,4.179377,0,0.0,0,1.0,-0.28,6.7,93.3
2022-12-19 15:00:00,140.462159172218,104.748032127778,104.76608702222,22.03148150666667,-0.2346666666666666,21.5,2,5.1764362714980825,70.66250196097344,15,0,12,-0.7071067811865471,-0.7071067811865479,0.0,1.0,-2.4492935982947064e-16,1.0,120.0,177.375,242.54166666666663,20.2,47.9,100.0,66.0,-5.4,3.2223759,0.0,0.1,21.86666668,21.5,21.5,21.5,21.5,21.5,-22.26614817333333,0.0425926266666714,-0.0059999999999999,-0.2286666666666666,-0.1506666666666666,21.977777778888893,-0.1917777777777752,4.179377,4.169129,4.1509137,4.157126,4.13984,0,0.0,0,1.0,-0.27,6.6,93.4
2022-12-19 15:15:00,211.465429944444,171.327868827778,171.351479,21.86666668,-0.1506666666666666,21.5,2,5.1764362714980825,70.66250196097344,15,0,12,-0.7071067811865471,-0.7071067811865479,0.0,1.0,-2.4492935982947064e-16,1.0,109.5,146.0625,230.25,19.475,47.725,100.0,66.5,-5.3500000000000005,3.246788,0.025,0.1,22.12777778333333,21.5,21.5,21.5,21.5,21.316666666666663,-22.017333346666664,-0.1648148266666709,0.0839999999999999,-0.2346666666666666,0.0006666666666666,21.962345688888888,-0.2046666666666641,4.13984,4.179377,4.169129,4.1509137,4.166794,0,0.0,0,1.0,-0.31,7.0,93.0
2022-12-19 15:30:00,283.875589055552,244.580771927778,244.61243736111,22.12777778333333,0.0006666666666666,21.316666666666663,2,5.1764362714980825,70.66250196097344,15,0,12,-0.7071067811865471,-0.7071067811865479,0.0,1.0,-2.4492935982947064e-16,1.0,99.0,121.6875,216.25,18.75,47.55,100.0,67.0,-5.300000000000001,3.2711997,0.05,0.1,22.62777777,21.5,21.5,21.5,21.5,21.0,-22.127111116666665,0.2611111033333344,0.1513333333333333,-0.1506666666666666,0.0599999999999999,22.00864199,-0.1282222222222196,4.166794,4.13984,4.179377,4.169129,4.224585,0,0.0,0,1.0,-0.25,6.3,93.7
2022-12-19 15:45:00,200.409205594442,171.225928472222,171.250094205554,22.62777777,0.0599999999999999,21.0,2,5.1764362714980825,70.66250196097344,15,0,12,-0.7071067811865471,-0.7071067811865479,0.0,1.0,-2.4492935982947064e-16,1.0,88.5,104.25,200.54166666666663,18.025,47.375,100.0,67.5,-5.25,3.2956119,0.075,0.1,22.692592620000003,21.316666666666663,21.5,21.5,21.5,21.0,-22.567777770000003,0.4999999866666691,0.0593333333333333,0.0006666666666666,0.1353333333333333,22.20740741111111,-0.0299999999999974,4.224585,4.166794,4.13984,4.179377,4.240319,0,0.0,0,1.0,-0.14,5.4,94.6
2022-12-19 16:00:00,126.68382144444,102.307018688888,102.32451802222,22.692592620000003,0.1353333333333333,21.0,2,5.1764362714980825,70.66250196097344,16,0,12,-0.8660254037844385,-0.5000000000000004,0.0,1.0,-2.4492935982947064e-16,1.0,78.0,93.75,183.125,17.3,47.2,100.0,68.0,-5.2,3.3200238,0.1,0.1,22.38888888,21.0,21.316666666666663,21.5,21.5,21.0,-22.55725928666667,0.0648148500000012,0.0753333333333333,0.0599999999999999,0.0793333333333333,22.482716057777782,0.0653333333333359,4.240319,4.224585,4.166794,4.13984,4.167029,0,0.0,0,1.0,-0.13,5.3,94.7
2022-12-19 16:15:00,133.259947255552,102.609506588888,102.626728166664,22.38888888,0.0793333333333333,21.0,2,5.1764362714980825,70.66250196097344,16,0,12,-0.8660254037844385,-0.5000000000000004,0.0,1.0,-2.4492935982947064e-16,1.0,66.75,83.0625,165.0625,16.5,44.95,100.0,69.75,-5.025,3.3646524,0.125,-0.0749999999999999,22.188888870000003,21.0,21.0,21.316666666666663,21.5,21.0,-22.309555546666665,-0.3037037400000031,-0.056,0.1353333333333333,-0.2633333333333333,22.569753090000003,0.0915555555555581,4.167029,4.240319,4.224585,4.166794,4.119364,0,0.0,0,1.0,-0.2,5.8,94.2
2022-12-19 16:30:00,159.745276583334,114.222653111112,114.239041388888,22.188888870000003,-0.2633333333333333,21.0,2,5.1764362714980825,70.66250196097344,16,0,12,-0.8660254037844385,-0.5000000000000004,0.0,1.0,-2.4492935982947064e-16,1.0,55.5,72.1875,146.35416666666666,15.7,42.7,100.0,71.5,-4.85,3.4076724,0.15,-0.2499999999999999,22.10555555,21.0,21.0,21.0,21.316666666666663,21.05,-22.45222220333333,-0.2000000099999965,-0.3426666666666667,0.0793333333333333,-0.3833333333333333,22.423456790000003,-0.0162222222222196,4.119364,4.167029,4.240319,4.224585,4.1094055,0,0.0,0,1.0,-0.24,6.2,93.8
2022-12-19 16:45:00,136.80508316111,96.95667716111,96.972787666664,22.10555555,-0.3833333333333333,21.05,2,5.1764362714980825,70.66250196097344,16,0,12,-0.8660254037844385,-0.5000000000000004,0.0,1.0,-2.4492935982947064e-16,1.0,44.25,61.125,127.0,14.9,40.45,100.0,73.25,-4.675,3.4491136,0.175,-0.4249999999999999,22.03888891333333,21.0,21.0,21.0,21.0,21.466666666666665,-22.48888888333333,-0.0833333200000012,-0.12,-0.2633333333333333,-0.5820000000000001,22.227777766666676,-0.1891111111111085,4.1094055,4.119364,4.167029,4.240319,4.1746807,0,0.0,0,1.0,-0.26,6.4,93.6
2022-12-19 17:00:00,147.678814927774,117.875840344444,117.893339727774,22.03888891333333,-0.5820000000000001,21.466666666666665,2,5.1764362714980825,70.66250196097344,17,0,12,-0.9659258262890684,-0.2588190451025206,0.0,1.0,-2.4492935982947064e-16,1.0,33.0,49.875,107.0,14.1,38.2,100.0,75.0,-4.5,3.4890034,0.2,-0.6,22.06666669,21.05,21.0,21.0,21.0,21.45,-22.62088891333333,-0.0666666366666675,-0.1986666666666667,-0.3833333333333333,-0.8666666666666667,22.111111111111114,-0.409555555555553,4.1746807,4.1094055,4.119364,4.167029,4.1781225,0,0.0,0,1.0,-0.27,6.6,93.4
2022-12-19 17:15:00,213.74339433889,181.585514072222,181.609957527778,22.06666669,-0.8666666666666667,21.45,2,5.1764362714980825,70.66250196097344,17,0,12,-0.9659258262890684,-0.2588190451025206,0.0,1.0,-2.4492935982947064e-16,1.0,25.5,39.5625,89.5625,14.2,36.400000000000006,100.0,76.25,-4.35,3.522662,0.25,-0.7,22.396296296666662,21.466666666666665,21.05,21.0,21.0,21.03333333333333,-22.933333356666665,0.0277777766666638,-0.2846666666666666,-0.5820000000000001,-1.1786666666666668,22.07037038444445,-0.6106666666666641,4.1781225,4.1746807,4.1094055,4.119364,4.17542,0,0.0,0,1.0,-0.27,6.5,93.5
2022-12-19 17:30:00,203.197705000004,178.825068911112,178.850345683334,22.396296296666662,-1.1786666666666668,21.03333333333333,2,5.1764362714980825,70.66250196097344,17,0,12,-0.9659258262890684,-0.2588190451025206,0.0,1.0,-2.4492935982947064e-16,1.0,18.0,30.1875,74.6875,14.3,34.6,100.0,77.5,-4.2,3.5556679,0.3,-0.8,22.63333337,21.45,21.466666666666665,21.05,21.0,21.0,-23.57496296333333,0.3296296066666677,-0.312,-0.8666666666666667,-1.3373333333333333,22.16728396666667,-0.8757777777777753,4.17542,4.1781225,4.1746807,4.1094055,4.225931,0,0.0,0,1.0,-0.19,5.8,94.2
2022-12-19 17:45:00,201.82164914444,169.324337855556,169.347392483334,22.63333337,-1.3373333333333333,21.0,2,5.1764362714980825,70.66250196097344,17,0,12,-0.9659258262890684,-0.2588190451025206,0.0,1.0,-2.4492935982947064e-16,1.0,10.5,21.75,62.375,14.4,32.8,100.0,78.75,-4.05,3.5880284,0.35,-0.9,22.58518519,21.03333333333333,21.45,21.466666666666665,21.05,21.0,-23.97066670333333,0.2370370733333331,-0.1586666666666665,-1.1786666666666668,-1.3806666666666667,22.36543211888889,-1.127555555555553,4.225931,4.17542,4.1781225,4.1746807,4.2142735,0,0.0,0,1.0,-0.14,5.4,94.6
2022-12-19 18:00:00,161.687421177776,111.88413553889,111.899968272222,22.58518519,-1.3806666666666667,21.0,2,5.1764362714980825,70.66250196097344,18,0,12,-1.0,-1.8369701987210294e-16,0.0,1.0,-2.4492935982947064e-16,1.0,3.0,14.25,52.625,14.5,31.0,100.0,80.0,-3.9,3.6197507,0.4,-1.0,22.12222221,21.0,21.03333333333333,21.45,21.466666666666665,21.35,-23.965851856666667,-0.0481481799999983,-0.0433333333333334,-1.3373333333333333,-1.4199999999999997,22.53827161888889,-1.2988888888888863,4.2142735,4.225931,4.17542,4.1781225,4.171975,0,0.0,0,1.0,-0.15,5.5,94.5
2022-12-19 18:15:00,156.978442894442,122.7917548,122.810365238886,22.12222221,-1.4199999999999997,21.35,2,5.1764362714980825,70.66250196097344,18,0,12,-1.0,-1.8369701987210294e-16,0.0,1.0,-2.4492935982947064e-16,1.0,2.25,8.4375,43.6875,14.95,32.15,100.0,80.75,-3.9,3.6283727,0.45,-1.1,21.93703704333333,21.0,21.0,21.03333333333333,21.45,21.5,-23.54222221,-0.4629629800000003,-0.039333333333333,-1.3806666666666667,-1.5506666666666669,22.44691359,-1.3793333333333306,4.171975,4.2142735,4.225931,4.17542,4.156681,0,0.0,0,1.0,-0.26,6.4,93.6
2022-12-19 18:30:00,180.370840477776,154.975745172222,154.9971332,21.93703704333333,-1.5506666666666669,21.5,2,5.1764362714980825,70.66250196097344,18,0,12,-1.0,-1.8369701987210294e-16,0.0,1.0,-2.4492935982947064e-16,1.0,1.5,4.3125,35.5625,15.4,33.3,100.0,81.5,-3.9,3.63668,0.5,-1.2,22.21666668,21.35,21.0,21.0,21.03333333333333,21.5,-23.48770371,-0.1851851666666704,-0.1306666666666671,-1.4199999999999997,-1.5766666666666669,22.21481481444444,-1.450444444444442,4.156681,4.171975,4.2142735,4.225931,4.2241926,0,0.0,0,1.0,-0.3,6.8,93.2
2022-12-19 18:45:00,238.474905272214,202.466623211112,202.492455527778,22.21666668,-1.5766666666666669,21.5,2,5.1764362714980825,70.66250196097344,18,0,12,-1.0,-1.8369701987210294e-16,0.0,1.0,-2.4492935982947064e-16,1.0,0.75,1.875,28.25,15.85,34.45,100.0,82.25,-3.9,3.644677,0.55,-1.2999999999999998,22.50555557333333,21.5,21.35,21.0,21.0,21.5,-23.793333346666667,0.2796296366666695,-0.026,-1.5506666666666669,-1.657333333333333,22.09197531111111,-1.5157777777777752,4.2241926,4.156681,4.171975,4.2142735,4.294935,0,0.0,0,1.0,-0.23,6.1,93.9
2022-12-19 19:00:00,183.930142566664,159.564728272222,159.587782949998,22.50555557333333,-1.657333333333333,21.5,2,5.1764362714980825,70.66250196097344,19,0,12,-0.9659258262890684,0.2588190451025203,0.0,1.0,-2.4492935982947064e-16,1.0,0.0,1.125,21.75,16.3,35.6,100.0,83.0,-3.9,3.6523652,0.6,-1.4,22.31666669,21.5,21.5,21.35,21.0,21.55,-24.162888906666662,0.2888888933333327,-0.0806666666666664,-1.5766666666666669,-1.728,22.219753098888887,-1.5948888888888864,4.294935,4.2241926,4.156681,4.171975,4.2584457,0,0.0,0,1.0,-0.17,5.6,94.4
2022-12-19 19:15:00,149.010706,113.172972883334,113.191861077776,22.31666669,-1.728,21.55,2,5.1764362714980825,70.66250196097344,19,0,12,-0.9659258262890684,0.2588190451025203,0.0,1.0,-2.4492935982947064e-16,1.0,0.0,0.5625,16.1875,15.65,35.35,97.0,83.75,-3.85,3.6725392,0.5,-1.45,21.88333332,21.5,21.5,21.5,21.35,21.966666666666665,-24.04466669,-0.1888888833333339,-0.0706666666666666,-1.657333333333333,-1.71,22.346296314444444,-1.6539999999999977,4.2584457,4.294935,4.2241926,4.156681,4.2337666,0,0.0,0,1.0,-0.21,5.9,94.1
2022-12-19 19:30:00,228.72946178888,176.376000244444,176.400999244444,21.88333332,-1.71,21.966666666666665,2,5.1764362714980825,70.66250196097344,19,0,12,-0.9659258262890684,0.2588190451025203,0.0,1.0,-2.4492935982947064e-16,1.0,0.0,0.1875,11.5625,15.0,35.1,94.0,84.5,-3.8,3.6925237,0.4,-1.5,22.15555555,21.55,21.5,21.5,21.5,21.65,-23.593333320000003,-0.4333333699999961,0.018,-1.728,-1.6393333333333333,22.235185194444444,-1.6984444444444418,4.2337666,4.2584457,4.294935,4.2241926,4.2387266,0,0.0,0,1.0,-0.31,6.9,93.1
2022-12-19 19:45:00,256.923889333332,228.960841216666,228.992506649998,22.15555555,-1.6393333333333333,21.65,2,5.1764362714980825,70.66250196097344,19,0,12,-0.9659258262890684,0.2588190451025203,0.0,1.0,-2.4492935982947064e-16,1.0,0.0,0.0,7.875,14.35,34.85,91.0,85.25,-3.75,3.712318,0.3,-1.55,22.55370372333333,21.966666666666665,21.55,21.5,21.5,21.5,-23.79488888333333,0.272222229999997,0.0706666666666666,-1.71,-1.5726666666666669,22.11851852,-1.692444444444442,4.2387266,4.2337666,4.2584457,4.294935,4.306823,0,0.0,0,1.0,-0.25,6.3,93.7
2022-12-19 20:00:00,154.29993892222,129.894248455556,129.915080972222,22.55370372333333,-1.5726666666666669,21.5,2,5.1764362714980825,70.66250196097344,20,0,12,-0.8660254037844386,0.5000000000000001,0.0,1.0,-2.4492935982947064e-16,1.0,0.0,0.0,5.125,13.7,34.6,88.0,86.0,-3.7,3.7319248,0.2,-1.6,22.43333334,21.65,21.966666666666665,21.55,21.5,21.5,-24.12637039,0.3981481733333361,0.0666666666666666,-1.6393333333333333,-1.5626666666666666,22.197530864444445,-1.6406666666666645,4.306823,4.2387266,4.2337666,4.2584457,4.2771535,0,0.0,0,1.0,-0.15,5.5,94.5
2022-12-19 20:15:00,154.040782722216,118.913576583334,118.933853605554,22.43333334,-1.5626666666666666,21.5,2,5.1764362714980825,70.66250196097344,20,0,12,-0.8660254037844386,0.5000000000000001,0.0,1.0,-2.4492935982947064e-16,1.0,0.0,0.0,3.0,13.25,32.875,87.25,86.0,-3.6,3.7515192,0.175,-1.525,22.07962965333333,21.5,21.65,21.966666666666665,21.55,21.683333333333334,-23.996000006666662,-0.1203703833333342,0.01,-1.5726666666666669,-1.5666666666666669,22.38086420444445,-1.5915555555555532,4.2771535,4.306823,4.2387266,4.2337666,4.226728,0,0.0,0,1.0,-0.18,5.7,94.3
2022-12-19 20:30:00,130.158404638886,101.538993844444,101.557882005554,22.07962965333333,-1.5666666666666669,21.683333333333334,2,5.1764362714980825,70.66250196097344,20,0,12,-0.8660254037844386,0.5000000000000001,0.0,1.0,-2.4492935982947064e-16,1.0,0.0,0.0,1.5,12.8,31.15,86.5,86.0,-3.5,3.7712047,0.15,-1.4500000000000002,21.6666667,21.5,21.5,21.65,21.966666666666665,22.0,-23.64629632,-0.3537036866666696,-0.004,-1.5626666666666666,-1.48,22.355555572222222,-1.567333333333331,4.226728,4.2771535,4.306823,4.2387266,4.187465,0,0.0,0,1.0,-0.26,6.4,93.6
2022-12-19 20:45:00,184.512897055552,143.9492418,143.971740933332,21.6666667,-1.48,22.0,2,5.1764362714980825,70.66250196097344,20,0,12,-0.8660254037844386,0.5000000000000001,0.0,1.0,-2.4492935982947064e-16,1.0,0.0,0.0,0.625,12.35,29.425,85.75,86.0,-3.4,3.79098,0.125,-1.375,21.78148150333333,21.683333333333334,21.5,21.5,21.65,22.0,-23.1466667,-0.4129629533333308,0.0866666666666666,-1.5666666666666669,-1.424,22.059876564444448,-1.5364444444444418,4.187465,4.226728,4.2771535,4.306823,4.215333,0,0.0,0,1.0,-0.36,7.6,92.4
2022-12-19 21:00:00,262.436168833332,216.830215327778,216.859658616666,21.78148150333333,-1.424,22.0,2,5.1764362714980825,70.66250196097344,21,0,12,-0.7071067811865477,0.7071067811865474,0.0,1.0,-2.4492935982947064e-16,1.0,0.0,0.0,0.375,11.9,27.7,85.0,86.0,-3.3,3.8108473,0.1,-1.3,22.30555556,22.0,21.683333333333334,21.5,21.5,21.6,-23.20548150333333,0.1148148033333349,0.056,-1.48,-1.362,21.84259261888889,-1.4902222222222197,4.215333,4.187465,4.226728,4.2771535,4.2656,0,0.0,0,1.0,-0.33,7.3,92.7
2022-12-19 21:15:00,267.065705961106,238.995162027778,239.027938549998,22.30555556,-1.362,21.6,2,5.1764362714980825,70.66250196097344,21,0,12,-0.7071067811865477,0.7071067811865474,0.0,1.0,-2.4492935982947064e-16,1.0,0.0,0.0,0.1875,11.85,27.075,84.75,85.75,-3.425,3.7733777,0.1,-1.4,22.76111110333333,22.0,22.0,21.683333333333334,21.5,21.03333333333333,-23.66755556,0.5240740566666666,0.062,-1.424,-1.2753333333333332,21.91790125444445,-1.4219999999999973,4.2656,4.215333,4.187465,4.226728,4.2637644,0,0.0,0,1.0,-0.21,5.9,94.1
2022-12-19 21:30:00,250.908574622212,226.465940983334,226.497606449998,22.76111110333333,-1.2753333333333332,21.03333333333333,2,5.1764362714980825,70.66250196097344,21,0,12,-0.7071067811865477,0.7071067811865474,0.0,1.0,-2.4492935982947064e-16,1.0,0.0,0.0,0.0625,11.8,26.45,84.5,85.5,-3.55,3.7362218,0.1,-1.5,22.95,21.6,22.0,22.0,21.683333333333334,21.0,-24.036444436666667,0.4555555433333325,0.0866666666666666,-1.362,-1.224,22.28271605555556,-1.3537777777777753,4.2637644,4.2656,4.215333,4.187465,4.303308,0,0.0,0,1.0,-0.11,5.2,94.8
2022-12-19 21:45:00,196.08798958333,164.26231816111,164.284261766664,22.95,-1.224,21.0,2,5.1764362714980825,70.66250196097344,21,0,12,-0.7071067811865477,0.7071067811865474,0.0,1.0,-2.4492935982947064e-16,1.0,0.0,0.0,0.0,11.75,25.825,84.25,85.25,-3.675,3.6993787,0.1,-1.6,22.64074073,21.03333333333333,21.6,22.0,22.0,21.183333333333334,-24.174,0.1888888966666648,0.0513333333333332,-1.2753333333333332,-1.2666666666666666,22.672222221111117,-1.2871111111111084,4.303308,4.2637644,4.2656,4.215333,4.2646365,0,0.0,0,1.0,-0.07,5.1,94.9
2022-12-19 22:00:00,155.955705888892,117.61585076111,117.634183411108,22.64074073,-1.2666666666666666,21.183333333333334,2,5.1764362714980825,70.66250196097344,22,0,12,-0.5000000000000004,0.8660254037844384,0.0,1.0,-2.4492935982947064e-16,1.0,0.0,0.0,0.0,11.7,25.2,84.0,85.0,-3.8,3.6628456,0.1,-1.7,22.21666669,21.0,21.03333333333333,21.6,22.0,21.8,-23.907407396666667,-0.3092592699999983,-0.0426666666666666,-1.224,-1.378,22.783950611111116,-1.2553333333333307,4.2646365,4.303308,4.2637644,4.2656,4.2831345,0,0.0,0,1.0,-0.14,5.4,94.6
2022-12-19 22:15:00,201.264449149998,161.06050177222198,161.082445327778,22.21666669,-1.378,21.8,2,5.1764362714980825,70.66250196097344,22,0,12,-0.5000000000000004,0.8660254037844384,0.0,1.0,-2.4492935982947064e-16,1.0,0.0,0.0,0.0,11.975,25.475,86.25,84.25,-3.95,3.6305263,0.075,-1.7,22.383333316666665,21.183333333333334,21.0,21.03333333333333,21.6,21.53333333333333,-23.59466669,-0.4240740400000007,-0.1113333333333332,-1.2666666666666666,-1.382,22.60246914,-1.289555555555553,4.2831345,4.2646365,4.303308,4.2637644,4.2714934,0,0.0,0,1.0,-0.23,6.1,93.9
2022-12-19 22:30:00,865.713147872222,179.163666516666,179.190054377776,22.383333316666665,-1.382,21.53333333333333,2,5.1764362714980825,70.66250196097344,22,0,12,-0.5000000000000004,0.8660254037844384,0.0,1.0,-2.4492935982947064e-16,1.0,0.0,0.0,0.0,12.25,25.75,88.5,83.5,-4.1,3.598207,0.05,-1.7,22.57777777,21.8,21.183333333333334,21.0,21.03333333333333,21.5,-23.765333316666663,0.1666666266666645,-0.0040000000000002,-1.378,-1.35,22.413580245555558,-1.3422222222222198,4.2714934,4.2831345,4.2646365,4.303308,4.3127785,0,0.0,0,1.0,-0.19,5.8,94.2
2022-12-19 22:45:00,268.33787720555404,170.398183766668,170.42040507778,22.57777777,-1.35,21.5,2,5.1764362714980825,70.66250196097344,22,0,12,-0.5000000000000004,0.8660254037844384,0.0,1.0,-2.4492935982947064e-16,1.0,0.0,0.0,0.0,12.525,26.025,90.75,82.75,-4.25,3.5658882,0.0249999999999999,-1.7,22.549999976666665,21.53333333333333,21.8,21.183333333333334,21.0,21.5,-23.92777777,0.194444453333336,0.032,-1.382,-1.3,22.392592592222226,-1.3699999999999974,4.3127785,4.2714934,4.2831345,4.2646365,4.305908,0,0.0,0,1.0,-0.15,5.5,94.5
2022-12-19 23:00:00,150.643418388892,126.197729672222,126.217728938886,22.549999976666665,-1.3,21.5,2,5.1764362714980825,70.66250196097344,23,0,12,-0.2588190451025215,0.965925826289068,0.0,1.0,-2.4492935982947064e-16,1.0,0.0,0.0,0.0,12.8,26.3,93.0,82.0,-4.4,3.5335686,0.0,-1.7,22.1111111,21.5,21.53333333333333,21.8,21.183333333333334,21.55,-23.849999976666663,-0.0277777933333354,0.05,-1.35,-1.358,22.503703687777783,-1.3439999999999976,4.305908,4.3127785,4.2714934,4.2831345,4.208362,0,0.0,0,1.0,-0.16,5.5,94.5
2022-12-19 23:15:00,448.838156972218,112.3921708,112.410781172222,22.1111111,-1.358,21.55,2,5.1764362714980825,70.66250196097344,23,0,12,-0.2588190451025215,0.965925826289068,0.0,1.0,-2.4492935982947064e-16,1.0,0.0,0.0,0.0,12.825,26.3,74.75,82.25,-4.550000000000001,3.4950905,0.0,-1.9,21.83333335,21.5,21.5,21.53333333333333,21.8,21.966666666666665,-23.469111100000003,-0.4388888766666632,-0.058,-1.3,-1.3,22.41296294888889,-1.3359999999999976,4.208362,4.305908,4.3127785,4.2714934,4.221567,0,0.0,0,1.0,-0.26,6.4,93.6
2022-12-19 23:30:00,215.97913832222,167.494411055556,167.5174657,21.83333335,-1.3,21.966666666666665,2,5.1764362714980825,70.66250196097344,23,0,12,-0.2588190451025215,0.965925826289068,0.0,1.0,-2.4492935982947064e-16,1.0,0.0,0.0,0.0,12.85,26.3,56.5,82.5,-4.7,3.4569168,0.0,-2.1,22.15555555,21.55,21.5,21.5,21.53333333333333,21.6,-23.13333335,-0.2777777500000056,0.058,-1.358,-1.24,22.164814808888888,-1.3193333333333308,4.221567,4.208362,4.305908,4.3127785,4.2289376,0,0.0,0,1.0,-0.32,7.1,92.9
2022-12-19 23:45:00,285.997726316666,246.465141033332,246.498750838886,22.15555555,-1.24,21.6,2,5.1764362714980825,70.66250196097344,23,0,12,-0.2588190451025215,0.965925826289068,0.0,1.0,-2.4492935982947064e-16,1.0,0.0,0.0,0.0,12.875,26.3,38.25,82.75,-4.85,3.4190462,0.0,-2.3,22.65555558333333,21.966666666666665,21.55,21.5,21.5,21.03333333333333,-23.39555555,0.3222222000000023,0.06,-1.3,-1.232,22.03333333333333,-1.2993333333333308,4.2289376,4.221567,4.208362,4.305908,4.238039,0,0.0,0,1.0,-0.25,6.3,93.7
2022-12-20 00:00:00,243.799136611108,217.255753872222,217.286308233332,22.65555558333333,-1.232,21.03333333333333,2,5.1764362714980825,70.66250196097344,0,1,12,0.0,1.0,0.7818314824680298,0.6234898018587336,-2.4492935982947064e-16,1.0,0.0,0.0,0.0,12.9,26.3,20.0,83.0,-5.0,3.3814785,0.0,-2.5,22.86111112,21.6,21.966666666666665,21.55,21.5,21.0,-23.88755558333333,0.5000000333333361,0.008,-1.24,-1.2393333333333334,22.214814827777776,-1.2573333333333307,4.238039,4.2289376,4.221567,4.208362,4.2814655,0,0.0,0,1.0,-0.13,5.4,94.6
2022-12-20 00:15:00,146.386366577776,111.893579627778,111.91080122222,22.86111112,-1.2393333333333334,21.0,2,5.1764362714980825,70.66250196097344,0,1,12,0.0,1.0,0.7818314824680298,0.6234898018587336,-2.4492935982947064e-16,1.0,0.0,0.0,0.0,12.725,26.3,26.0,83.5,-5.125,3.3483484,0.0,-2.725,22.548148146666662,21.03333333333333,21.6,21.966666666666665,21.55,21.0,-24.10044445333333,0.2055555366666652,-0.0073333333333334,-1.232,-1.342,22.55740741777778,-1.2371111111111086,4.2814655,4.238039,4.2289376,4.221567,4.2053227,0,0.0,0,1.0,-0.09,5.2,94.8
2022-12-20 00:30:00,151.257282899996,126.76687353889,126.786595066664,22.548148146666662,-1.342,21.0,2,5.1764362714980825,70.66250196097344,0,1,12,0.0,1.0,0.7818314824680298,0.6234898018587336,-2.4492935982947064e-16,1.0,0.0,0.0,0.0,12.55,26.3,32.0,84.0,-5.25,3.315323,0.0,-2.95,22.34444443,21.0,21.03333333333333,21.6,21.966666666666665,21.0,-23.890148146666665,-0.3129629733333345,-0.1026666666666664,-1.2393333333333334,-1.5006666666666668,22.68827161666667,-1.2711111111111084,4.2053227,4.2814655,4.238039,4.2289376,4.156395,0,0.0,0,1.0,-0.16,5.5,94.5
2022-12-20 00:45:00,165.289777211104,133.818813683334,133.838812949998,22.34444443,-1.5006666666666668,21.0,2,5.1764362714980825,70.66250196097344,0,1,12,0.0,1.0,0.7818314824680298,0.6234898018587336,-2.4492935982947064e-16,1.0,0.0,0.0,0.0,12.375,26.3,38.0,84.5,-5.375,3.2824056,0.0,-3.175,22.2814815,21.0,21.0,21.03333333333333,21.6,21.0,-23.845111096666667,-0.2037037166666664,-0.1586666666666669,-1.342,-1.6226666666666667,22.58456789888889,-1.360666666666664,4.156395,4.2053227,4.2814655,4.238039,4.141372,0,0.0,0,1.0,-0.21,5.9,94.1
2022-12-20 01:00:00,185.75423636666,133.6704863,133.688818999996,22.2814815,-1.6226666666666667,21.0,2,5.1764362714980825,70.66250196097344,1,1,12,0.2588190451025207,0.9659258262890684,0.7818314824680298,0.6234898018587336,-2.4492935982947064e-16,1.0,0.0,0.0,0.0,12.2,26.3,44.0,85.0,-5.5,3.2496028,0.0,-3.4,22.27222224,21.0,21.0,21.0,21.03333333333333,21.0,-23.904148166666666,-0.0629629300000012,-0.1219999999999998,-1.5006666666666668,-1.7,22.39135802555556,-1.4884444444444418,4.141372,4.156395,4.2053227,4.2814655,4.1391673,0,0.0,0,1.0,-0.22,6.0,94.0
2022-12-20 01:15:00,166.813049511108,133.285223894446,133.304945372222,22.27222224,-1.7,21.0,2,5.1764362714980825,70.66250196097344,1,1,12,0.2588190451025207,0.9659258262890684,0.7818314824680298,0.6234898018587336,-2.4492935982947064e-16,1.0,0.0,0.0,0.0,11.875,25.675,41.0,85.5,-5.6,3.2341027,0.0,-3.55,22.225925906666667,21.0,21.0,21.0,21.0,21.0,-23.97222224,-0.0092592599999967,-0.0773333333333332,-1.6226666666666667,-1.764,22.299382723333338,-1.6077777777777753,4.1391673,4.141372,4.156395,4.2053227,4.128155,0,0.0,0,1.0,-0.22,6.0,94.0
2022-12-20 01:30:00,157.64174982776998,133.28689056111,133.305778738886,22.225925906666667,-1.764,21.0,2,5.1764362714980825,70.66250196097344,1,1,12,0.2588190451025207,0.9659258262890684,0.7818314824680298,0.6234898018587336,-2.4492935982947064e-16,1.0,0.0,0.0,0.0,11.55,25.05,38.0,86.0,-5.7,3.218523,0.0,-3.7,22.21111109,21.0,21.0,21.0,21.0,21.0,-23.989925906666667,-0.0462963333333341,-0.064,-1.7,-1.7033333333333334,22.259876548888894,-1.695555555555553,4.128155,4.1391673,4.141372,4.156395,4.124637,0,0.0,0,1.0,-0.23,6.1,93.9
2022-12-20 01:45:00,157.087049633332,120.503513,120.520734611108,22.21111109,-1.7033333333333334,21.0,2,5.1764362714980825,70.66250196097344,1,1,12,0.2588190451025207,0.9659258262890684,0.7818314824680298,0.6234898018587336,-2.4492935982947064e-16,1.0,0.0,0.0,0.0,11.225,24.425,35.0,86.5,-5.800000000000001,3.2028656,0.0,-3.85,22.098148156666664,21.0,21.0,21.0,21.0,21.0,-23.91444442333333,-0.0148148166666679,0.0606666666666666,-1.764,-1.6753333333333331,22.236419745555555,-1.7224444444444422,4.124637,4.128155,4.1391673,4.141372,4.0978956,0,0.0,0,1.0,-0.24,6.2,93.8
2022-12-20 02:00:00,142.307363161106,117.432247005554,117.450024127774,22.098148156666664,-1.6753333333333331,21.0,2,5.1764362714980825,70.66250196097344,2,1,12,0.4999999999999999,0.8660254037844387,0.7818314824680298,0.6234898018587336,-2.4492935982947064e-16,1.0,0.0,0.0,0.0,10.9,23.8,32.0,87.0,-5.9,3.1871345,0.0,-4.0,22.02222224,21.0,21.0,21.0,21.0,21.0,-23.77348149,-0.1129629333333355,0.028,-1.7033333333333334,-1.7033333333333334,22.17839505111111,-1.7142222222222196,4.0978956,4.124637,4.128155,4.1391673,4.080005,0,0.0,0,1.0,-0.26,6.4,93.6
2022-12-20 02:15:00,189.469643177776,152.443346505554,152.46501232222,22.02222224,-1.7033333333333334,21.0,2,5.1764362714980825,70.66250196097344,2,1,12,0.4999999999999999,0.8660254037844387,0.7818314824680298,0.6234898018587336,-2.4492935982947064e-16,1.0,0.0,0.0,0.0,10.75,23.075,32.25,87.25,-6.075,3.14538,0.0,-4.225,22.153703716666666,21.0,21.0,21.0,21.0,21.0,-23.72555557333333,-0.0759259166666623,-0.028,-1.6753333333333331,-1.68,22.11049382888889,-1.6939999999999973,4.080005,4.0978956,4.124637,4.128155,4.1110277,0,0.0,0,1.0,-0.28,6.6,93.4
2022-12-20 02:30:00,243.116108433328,192.322862327778,192.346194711112,22.153703716666666,-1.68,21.0,2,5.1764362714980825,70.66250196097344,2,1,12,0.4999999999999999,0.8660254037844387,0.7818314824680298,0.6234898018587336,-2.4492935982947064e-16,1.0,0.0,0.0,0.0,10.6,22.35,32.5,87.5,-6.25,3.1040502,0.0,-4.45,22.4611111,21.0,21.0,21.0,21.0,20.95,-23.833703716666665,0.1314814766666643,0.0233333333333334,-1.7033333333333334,-1.66,22.09135803777778,-1.6862222222222198,4.1110277,4.080005,4.0978956,4.124637,4.174395,0,0.0,0,1.0,-0.25,6.3,93.7
2022-12-20 02:45:00,215.8313664,186.867525,186.892801772222,22.4611111,-1.66,20.95,2,5.1764362714980825,70.66250196097344,2,1,12,0.4999999999999999,0.8660254037844387,0.7818314824680298,0.6234898018587336,-2.4492935982947064e-16,1.0,0.0,0.0,0.0,10.45,21.625,32.75,87.75,-6.425,3.0631428,0.0,-4.675000000000001,22.603703693333333,21.0,21.0,21.0,21.0,20.53333333333333,-24.1211111,0.3074073833333344,0.02,-1.68,-1.7953333333333332,22.21234568555556,-1.6811111111111086,4.174395,4.1110277,4.080005,4.0978956,4.1250043,0,0.0,0,1.0,-0.18,5.7,94.3
2022-12-20 03:00:00,206.574514288896,182.196322955556,182.22048863889,22.603703693333333,-1.7953333333333332,20.53333333333333,2,5.1764362714980825,70.66250196097344,3,1,12,0.7071067811865476,0.7071067811865476,0.7818314824680298,0.6234898018587336,-2.4492935982947064e-16,1.0,0.0,0.0,0.0,10.3,20.9,33.0,88.0,-6.6,3.0226564,0.0,-4.9,22.52222225,20.95,21.0,21.0,21.0,20.55,-24.399037026666665,0.1425925933333331,-0.1353333333333333,-1.66,-1.7406666666666666,22.406172836666663,-1.7117777777777752,4.1250043,4.174395,4.1110277,4.080005,4.1090894,0,0.0,0,1.0,-0.15,5.5,94.5
2022-12-20 03:15:00,139.758020572222,105.956872655556,105.97298316111,22.52222225,-1.7406666666666666,20.55,2,5.1764362714980825,70.66250196097344,3,1,12,0.7071067811865476,0.7071067811865476,0.7818314824680298,0.6234898018587336,-2.4492935982947064e-16,1.0,0.0,0.0,0.0,10.35,20.35,39.5,88.0,-6.775,2.9848595,0.0,-5.075,21.987037073333333,20.53333333333333,20.95,21.0,21.0,21.15,-24.262888916666668,-0.081481443333331,0.0546666666666666,-1.7953333333333332,-1.834,22.52901234777778,-1.7319999999999975,4.1090894,4.1250043,4.174395,4.1110277,4.1008224,0,0.0,0,1.0,-0.17,5.6,94.4
2022-12-20 03:30:00,164.548973477772,134.144634033332,134.165188811108,21.987037073333333,-1.834,21.15,2,5.1764362714980825,70.66250196097344,3,1,12,0.7071067811865476,0.7071067811865476,0.7818314824680298,0.6234898018587336,-2.4492935982947064e-16,1.0,0.0,0.0,0.0,10.4,19.8,46.0,88.0,-6.949999999999999,2.9474792,0.0,-5.25,21.84999999,20.55,20.53333333333333,20.95,21.0,21.15,-23.821037073333333,-0.5351851766666691,-0.0933333333333334,-1.7406666666666666,-1.8266666666666669,22.370987672222224,-1.7899999999999974,4.1008224,4.1090894,4.1250043,4.174395,4.068532,0,0.0,0,1.0,-0.29,6.7,93.3
2022-12-20 03:45:00,235.149482627774,194.639714083334,194.665824172222,21.84999999,-1.8266666666666669,21.15,2,5.1764362714980825,70.66250196097344,3,1,12,0.7071067811865476,0.7071067811865476,0.7818314824680298,0.6234898018587336,-2.4492935982947064e-16,1.0,0.0,0.0,0.0,10.45,19.25,52.5,88.0,-7.125,2.910512,0.0,-5.425,22.28703707,21.15,20.55,20.53333333333333,20.95,20.816666666666663,-23.67666665666667,-0.1370370833333325,0.0073333333333331,-1.834,-1.8300000000000003,22.119753104444445,-1.800444444444442,4.068532,4.1008224,4.1090894,4.1250043,4.1065297,0,0.0,0,1.0,-0.32,7.1,92.9
2022-12-20 04:00:00,296.985342394442,252.8832176,252.914605311108,22.28703707,-1.8300000000000003,20.816666666666663,2,5.1764362714980825,70.66250196097344,4,1,12,0.8660254037844386,0.5000000000000001,0.7818314824680298,0.6234898018587336,-2.4492935982947064e-16,1.0,0.0,0.0,0.0,10.5,18.7,59.0,88.0,-7.3,2.873954,0.0,-5.6,22.77222222,21.15,21.15,20.55,20.53333333333333,20.45,-24.11703707,0.4370370799999996,-0.0033333333333334,-1.8266666666666669,-1.8300000000000003,22.041358044444447,-1.83022222222222,4.1065297,4.068532,4.1008224,4.1090894,4.148155,0,0.0,0,1.0,-0.22,6.0,94.0
2022-12-20 04:15:00,276.928089199996,247.755367155556,247.786754833332,22.77222222,-1.8300000000000003,20.45,2,5.1764362714980825,70.66250196097344,4,1,12,0.8660254037844386,0.5000000000000001,0.7818314824680298,0.6234898018587336,-2.4492935982947064e-16,1.0,0.0,0.0,0.0,10.4,18.525,65.75,87.75,-7.425,2.850289,0.0,-5.675,23.06111113,20.816666666666663,21.15,21.15,20.55,20.03333333333333,-24.60222222,0.4851851499999995,0.0,-1.8300000000000003,-1.838666666666667,22.303086426666667,-1.8288888888888868,4.148155,4.1065297,4.068532,4.1008224,4.131395,0,0.0,0,1.0,-0.11,5.3,94.7
2022-12-20 04:30:00,167.812731788884,143.207882572222,143.229270649998,23.06111113,-1.838666666666667,20.03333333333333,2,5.1764362714980825,70.66250196097344,4,1,12,0.8660254037844386,0.5000000000000001,0.7818314824680298,0.6234898018587336,-2.4492935982947064e-16,1.0,0.0,0.0,0.0,10.3,18.35,72.5,87.5,-7.55,2.8267872,0.0,-5.75,22.79444443,20.45,20.816666666666663,21.15,21.15,20.05,-24.899777796666665,0.2888889099999971,-0.0086666666666666,-1.8300000000000003,-1.9886666666666664,22.70679014,-1.8328888888888863,4.131395,4.148155,4.1065297,4.068532,4.0722003,0,0.0,0,1.0,-0.05,5.0,95.0
2022-12-20 04:45:00,109.323126966664,78.476305255556,78.489915877776,22.79444443,-1.9886666666666664,20.05,2,5.1764362714980825,70.66250196097344,4,1,12,0.8660254037844386,0.5000000000000001,0.7818314824680298,0.6234898018587336,-2.4492935982947064e-16,1.0,0.0,0.0,0.0,10.2,18.175,79.25,87.25,-7.675,2.8034463,0.0,-5.825,22.28703704,20.03333333333333,20.45,20.816666666666663,21.15,20.466666666666665,-24.783111096666666,-0.2666666999999982,-0.1499999999999997,-1.838666666666667,-2.1346666666666665,22.875925926666667,-1.885777777777776,4.0722003,4.131395,4.148155,4.1065297,4.037484,0,0.0,0,1.0,-0.11,5.2,94.8
2022-12-20 05:00:00,211.978187216666,171.16843073889,171.19009653889,22.28703704,-2.1346666666666665,20.466666666666665,2,5.1764362714980825,70.66250196097344,5,1,12,0.9659258262890684,0.2588190451025207,0.7818314824680298,0.6234898018587336,-2.4492935982947064e-16,1.0,0.0,0.0,0.0,10.1,18.0,86.0,87.0,-7.8,2.7802649,0.0,-5.9,22.41111108,20.05,20.03333333333333,20.45,20.816666666666663,20.45,-24.421703706666666,-0.5074073900000009,-0.1459999999999999,-1.9886666666666664,-2.2333333333333334,22.714197533333333,-1.987333333333331,4.037484,4.0722003,4.131395,4.148155,4.0630784,0,0.0,0,1.0,-0.22,6.0,94.0
2022-12-20 05:15:00,277.131692088888,236.633034283334,236.66108876111,22.41111108,-2.2333333333333334,20.45,2,5.1764362714980825,70.66250196097344,5,1,12,0.9659258262890684,0.2588190451025207,0.7818314824680298,0.6234898018587336,-2.4492935982947064e-16,1.0,0.0,0.0,0.0,9.375,17.65,88.5,86.75,-7.775,2.7823372,0.0,-5.8500000000000005,22.83703704666667,20.466666666666665,20.05,20.03333333333333,20.45,20.03333333333333,-24.644444413333336,0.1240740400000035,-0.0986666666666669,-2.1346666666666665,-2.276,22.49753085,-2.118888888888886,4.0630784,4.037484,4.0722003,4.131395,4.0787535,0,0.0,0,1.0,-0.19,5.8,94.2
2022-12-20 05:30:00,259.56128388333,225.839577172222,225.868464933332,22.83703704666667,-2.276,20.03333333333333,2,5.1764362714980825,70.66250196097344,5,1,12,0.9659258262890684,0.2588190451025207,0.7818314824680298,0.6234898018587336,-2.4492935982947064e-16,1.0,0.0,0.0,0.0,8.65,17.3,91.0,86.5,-7.75,2.7843835,0.0,-5.800000000000001,23.03333336,20.45,20.466666666666665,20.05,20.03333333333333,20.0,-25.11303704666667,0.4259259666666679,-0.0426666666666668,-2.2333333333333334,-2.361333333333333,22.511728388888887,-2.214666666666664,4.0787535,4.0630784,4.037484,4.0722003,4.1179733,0,0.0,0,1.0,-0.1,5.2,94.8
2022-12-20 05:45:00,208.196671750002,175.519090072222,175.542422455556,23.03333336,-2.361333333333333,20.0,2,5.1764362714980825,70.66250196097344,5,1,12,0.9659258262890684,0.2588190451025207,0.7818314824680298,0.6234898018587336,-2.4492935982947064e-16,1.0,0.0,0.0,0.0,7.925,16.950000000000003,93.5,86.25,-7.725,2.7864044,0.0,-5.75,22.98333332,20.03333333333333,20.45,20.466666666666665,20.05,20.0,-25.39466669333333,0.1962963133333275,-0.0853333333333332,-2.276,-2.3793333333333333,22.76049382888889,-2.29022222222222,4.1179733,4.0787535,4.0630784,4.037484,4.106213,0,0.0,0,1.0,-0.05,5.1,94.9
2022-12-20 06:00:00,198.933431194446,174.664402011112,174.687734411112,22.98333332,-2.3793333333333333,20.0,2,5.1764362714980825,70.66250196097344,6,1,12,1.0,6.123233995736766e-17,0.7818314824680298,0.6234898018587336,-2.4492935982947064e-16,1.0,0.0,0.0,0.0,7.2,16.6,96.0,86.0,-7.7,2.788399,0.0,-5.7,22.90555555,20.0,20.03333333333333,20.45,20.466666666666665,20.0,-25.36266665333333,-0.0500000399999969,-0.0179999999999997,-2.361333333333333,-2.374,22.95123457555556,-2.3388888888888864,4.106213,4.1179733,4.0787535,4.0630784,4.0879765,0,0.0,0,1.0,-0.07,5.1,94.9
2022-12-20 06:15:00,199.230641605554,171.676188227778,171.698965066668,22.90555555,-2.374,20.0,2,5.1764362714980825,70.66250196097344,6,1,12,1.0,6.123233995736766e-17,0.7818314824680298,0.6234898018587336,-2.4492935982947064e-16,1.0,0.0,0.0,0.0,7.3,15.425,91.0,86.0,-7.575,2.8137167,0.0,-5.575,22.86851851333333,20.0,20.0,20.03333333333333,20.45,20.0,-25.27955555,-0.0777777700000008,0.0053333333333331,-2.3793333333333333,-2.4233333333333333,22.974074076666668,-2.371555555555553,4.0879765,4.106213,4.1179733,4.0787535,4.079316,0,0.0,0,1.0,-0.08,5.1,94.9
2022-12-20 06:30:00,197.917360922216,147.1132819,147.133836644444,22.86851851333333,-2.4233333333333333,20.0,2,5.1764362714980825,70.66250196097344,6,1,12,1.0,6.123233995736766e-17,0.7818314824680298,0.6234898018587336,-2.4492935982947064e-16,1.0,0.0,0.0,0.0,7.4,14.25,86.0,86.0,-7.45,2.8392363,0.0,-5.45,22.58888891,20.0,20.0,20.0,20.03333333333333,20.05,-25.291851846666667,-0.0370370366666641,-0.0493333333333332,-2.374,-2.385333333333333,22.919135794444443,-2.39222222222222,4.079316,4.0879765,4.106213,4.1179733,4.0244823,0,0.0,0,1.0,-0.09,5.2,94.8
2022-12-20 06:45:00,145.18030363889,106.889890916666,106.906556966664,22.58888891,-2.385333333333333,20.05,2,5.1764362714980825,70.66250196097344,6,1,12,1.0,6.123233995736766e-17,0.7818314824680298,0.6234898018587336,-2.4492935982947064e-16,1.0,0.0,0.0,0.0,7.5,13.075,81.0,86.0,-7.325,2.864959,0.0,-5.325,22.007407423333333,20.0,20.0,20.0,20.0,20.65,-24.97422224333333,-0.279629603333337,0.0379999999999998,-2.4233333333333333,-2.3286666666666664,22.787654324444446,-2.39422222222222,4.0244823,4.079316,4.0879765,4.106213,4.0085807,0,0.0,0,1.0,-0.16,5.5,94.5
2022-12-20 07:00:00,166.63500091667,142.3643052,142.38485996111,22.007407423333333,-2.3286666666666664,20.65,2,5.1764362714980825,70.66250196097344,7,1,12,0.9659258262890684,-0.2588190451025206,0.7818314824680298,0.6234898018587336,-2.4492935982947064e-16,1.0,0.0,0.0,0.0,7.6,11.9,76.0,86.0,-7.2,2.8908875,0.0,-5.2,21.98333332,20.05,20.0,20.0,20.0,20.65,-24.33607409,-0.5814814866666644,0.056666666666667,-2.385333333333333,-2.252,22.48827161555556,-2.3791111111111083,4.0085807,4.0244823,4.079316,4.0879765,4.003021,0,0.0,0,1.0,-0.29,6.7,93.3
2022-12-20 07:15:00,233.965641,197.231832627778,197.25849826111,21.98333332,-2.252,20.65,2,5.1764362714980825,70.66250196097344,7,1,12,0.9659258262890684,-0.2588190451025206,0.7818314824680298,0.6234898018587336,-2.4492935982947064e-16,1.0,0.0,0.0,0.0,7.775,12.25,76.5,86.5,-7.025,2.9287074,0.0,-5.1,22.41296294,20.65,20.05,20.0,20.0,20.316666666666663,-24.23533332,-0.0240741033333335,0.0766666666666662,-2.3286666666666664,-2.217333333333334,22.19320988444445,-2.3219999999999974,4.003021,4.0085807,4.0244823,4.079316,4.0370164,0,0.0,0,1.0,-0.29,6.8,93.2
2022-12-20 07:30:00,271.069434605554,246.779572855556,246.812349344444,22.41296294,-2.217333333333334,20.316666666666663,2,5.1764362714980825,70.66250196097344,7,1,12,0.9659258262890684,-0.2588190451025206,0.7818314824680298,0.6234898018587336,-2.4492935982947064e-16,1.0,0.0,0.0,0.0,7.95,12.6,77.0,87.0,-6.85,2.9669042,0.0,-5.0,22.82777778,20.65,20.65,20.05,20.0,19.95,-24.63029627333333,0.42962962,0.0346666666666664,-2.252,-2.1933333333333334,22.134567894444444,-2.265999999999998,4.0370164,4.003021,4.0085807,4.0244823,4.059634,0,0.0,0,1.0,-0.19,5.8,94.2
2022-12-20 07:45:00,279.759087088884,248.362009572222,248.394786094442,22.82777778,-2.1933333333333334,19.95,2,5.1764362714980825,70.66250196097344,7,1,12,0.9659258262890684,-0.2588190451025206,0.7818314824680298,0.6234898018587336,-2.4492935982947064e-16,1.0,0.0,0.0,0.0,8.125,12.95,77.5,87.5,-6.675,3.0054822,0.0,-4.9,23.11666667333333,20.316666666666663,20.65,20.65,20.05,19.53333333333333,-25.021111113333333,0.4148148400000018,0.0240000000000004,-2.217333333333334,-2.2306666666666666,22.40802468,-2.2208888888888865,4.059634,4.0370164,4.003021,4.0085807,4.041095,0,0.0,0,1.0,-0.1,5.2,94.8
2022-12-20 08:00:00,225.537922522224,174.053593111112,174.077481088888,23.11666667333333,-2.2306666666666666,19.53333333333333,2,5.1764362714980825,70.66250196097344,8,1,12,0.8660254037844387,-0.4999999999999998,0.7818314824680298,0.6234898018587336,-2.4492935982947064e-16,1.0,0.0,0.0,0.0,8.3,13.3,78.0,88.0,-6.5,3.0444427,0.0,-4.8,22.97777776,19.95,20.316666666666663,20.65,20.65,19.85,-25.34733334,0.2888888933333327,-0.0373333333333332,-2.1933333333333334,-2.196,22.785802464444448,-2.2137777777777754,4.041095,4.059634,4.0370164,4.003021,4.074121,0,0.0,0,1.0,-0.04,5.0,95.0
2022-12-20 08:15:00,140.419938594442,106.929333788888,106.947110927774,22.97777776,-2.196,19.85,2,5.1764362714980825,70.66250196097344,8,1,12,0.8660254037844387,-0.4999999999999998,0.7818314824680298,0.6234898018587336,-2.4492935982947064e-16,1.0,1.0,0.25,0.0833333333333333,7.775,13.575,82.0,88.0,-6.475,3.0553877,0.0,-4.75,22.55185184666667,19.53333333333333,19.95,20.316666666666663,20.65,20.183333333333334,-25.17377776,-0.1388889133333357,0.0346666666666668,-2.2306666666666666,-2.179333333333333,22.974074071111115,-2.206666666666664,4.074121,4.041095,4.059634,4.0370164,4.0426426,0,0.0,0,1.0,-0.07,5.1,94.9
2022-12-20 08:30:00,129.970634166672,105.179959283334,105.198569705554,22.55185184666667,-2.179333333333333,20.183333333333334,2,5.1764362714980825,70.66250196097344,8,1,12,0.8660254037844387,-0.4999999999999998,0.7818314824680298,0.6234898018587336,-2.4492935982947064e-16,1.0,2.0,0.75,0.25,7.25,13.85,86.0,88.0,-6.45,3.0663676,0.0,-4.699999999999999,22.25555555,19.85,19.53333333333333,19.95,20.316666666666663,20.5,-24.73118518,-0.4259259133333302,0.0166666666666666,-2.196,-2.116,22.88209876,-2.2019999999999973,4.0426426,4.074121,4.041095,4.059634,4.036743,0,0.0,0,1.0,-0.16,5.6,94.4
2022-12-20 08:45:00,134.359069805558,100.138216544444,100.154882594442,22.25555555,-2.116,20.5,2,5.1764362714980825,70.66250196097344,8,1,12,0.8660254037844387,-0.4999999999999998,0.7818314824680298,0.6234898018587336,-2.4492935982947064e-16,1.0,3.0,1.5,0.5,6.7250000000000005,14.125,90.0,88.0,-6.425000000000001,3.0773811,0.0,-4.65,22.04629632,20.183333333333334,19.85,19.53333333333333,19.95,20.5,-24.37155555,-0.296296296666668,0.063333333333333,-2.179333333333333,-2.04,22.59506171888889,-2.1637777777777747,4.036743,4.0426426,4.074121,4.041095,3.9883928,0,0.0,0,1.0,-0.23,6.1,93.9
2022-12-20 09:00:00,129.083725144452,101.7884283,101.805649894442,22.04629632,-2.04,20.5,2,5.1764362714980825,70.66250196097344,9,1,12,0.7071067811865476,-0.7071067811865475,0.7818314824680298,0.6234898018587336,-2.4492935982947064e-16,1.0,4.0,2.5,0.8333333333333334,6.2,14.4,94.0,88.0,-6.4,3.0884304,0.0,-4.6,21.91666667,20.5,20.183333333333334,19.85,19.53333333333333,20.85,-24.08629632,-0.2092592300000006,0.076,-2.116,-2.032,22.28456790555556,-2.111777777777775,3.9883928,4.036743,4.0426426,4.074121,4.026281,0,0.0,0,1.0,-0.28,6.6,93.4
2022-12-20 09:15:00,148.945708566668,110.796679088888,110.814178438886,21.91666667,-2.032,20.85,2,5.1764362714980825,70.66250196097344,9,1,12,0.7071067811865476,-0.7071067811865475,0.7818314824680298,0.6234898018587336,-2.4492935982947064e-16,1.0,17.75,6.6875,2.3125,5.95,13.95,93.75,86.75,-6.3500000000000005,3.088474,0.0,-4.4,21.877777743333333,20.5,20.5,20.183333333333334,19.85,20.816666666666663,-23.94866667,-0.1296296500000018,0.008,-2.04,-2.083333333333333,22.07283951333333,-2.0626666666666646,4.026281,3.9883928,4.036743,4.0426426,4.010834,0,0.0,0,1.0,-0.31,6.9,93.1
2022-12-20 09:30:00,220.707004683334,173.0355783,173.059188455556,21.877777743333333,-2.083333333333333,20.816666666666663,2,5.1764362714980825,70.66250196097344,9,1,12,0.7071067811865476,-0.7071067811865475,0.7818314824680298,0.6234898018587336,-2.4492935982947064e-16,1.0,31.5,14.0625,4.9375,5.7,13.5,93.5,85.5,-6.300000000000001,3.087801,0.0,-4.199999999999999,22.15555553,20.85,20.5,20.5,20.183333333333334,20.5,-23.961111076666665,-0.0388889266666652,-0.0513333333333334,-2.032,-2.016,21.946913577777774,-2.0517777777777755,4.010834,4.026281,3.9883928,4.036743,4.0135756,0,0.0,0,1.0,-0.31,7.1,92.9
2022-12-20 09:45:00,219.66649090555,189.378535655556,189.403812427778,22.15555553,-2.016,20.5,2,5.1764362714980825,70.66250196097344,9,1,12,0.7071067811865476,-0.7071067811865475,0.7818314824680298,0.6234898018587336,-2.4492935982947064e-16,1.0,45.25,24.625,8.708333333333334,5.45,13.05,93.25,84.25,-6.25,3.0863914,0.0,-4.0,22.43888891,20.816666666666663,20.85,20.5,20.5,20.316666666666663,-24.17155553,0.2777777866666682,0.0673333333333334,-2.083333333333333,-1.909333333333333,21.983333314444447,-2.0437777777777755,4.0135756,4.010834,4.026281,3.9883928,4.043034,0,0.0,0,1.0,-0.25,6.3,93.7
2022-12-20 10:00:00,211.658200133328,187.391115188888,187.417503049998,22.43888891,-1.909333333333333,20.316666666666663,2,5.1764362714980825,70.66250196097344,10,1,12,0.4999999999999999,-0.8660254037844387,0.7818314824680298,0.6234898018587336,-2.4492935982947064e-16,1.0,59.0,38.375,13.625,5.2,12.6,93.0,83.0,-6.2,3.084228,0.0,-3.8,22.63888892,20.5,20.816666666666663,20.85,20.5,20.0,-24.34822224333333,0.2833333799999984,0.1066666666666666,-2.016,-1.9926666666666668,22.157407394444448,-2.0028888888888865,4.043034,4.0135756,4.010834,4.026281,4.02598,0,0.0,0,1.0,-0.19,5.7,94.3
2022-12-20 10:15:00,214.554750916662,183.919031827778,183.946530777776,22.63888892,-1.9926666666666668,20.0,2,5.1764362714980825,70.66250196097344,10,1,12,0.4999999999999999,-0.8660254037844387,0.7818314824680298,0.6234898018587336,-2.4492935982947064e-16,1.0,83.5,54.8125,20.58333333333333,5.8,13.95,85.0,81.0,-6.325,3.063887,0.0,-3.55,22.7185185,20.316666666666663,20.5,20.816666666666663,20.85,20.0,-24.631555586666668,0.2000000100000001,-0.0833333333333334,-1.909333333333333,-1.928,22.41111112,-1.972666666666664,4.02598,4.043034,4.0135756,4.010834,4.0444074,0,0.0,0,1.0,-0.14,5.4,94.6
2022-12-20 10:30:00,186.149498205554,151.351445716666,151.37366706111,22.7185185,-1.928,20.0,2,5.1764362714980825,70.66250196097344,10,1,12,0.4999999999999999,-0.8660254037844387,0.7818314824680298,0.6234898018587336,-2.4492935982947064e-16,1.0,108.0,73.9375,29.58333333333333,6.4,15.3,77.0,79.0,-6.45,3.0417078,0.0,-3.3,22.47777774,20.0,20.316666666666663,20.5,20.816666666666663,19.7,-24.646518500000003,0.0796295800000024,0.0646666666666668,-1.9926666666666668,-1.828,22.59876544333333,-1.943333333333331,4.0444074,4.02598,4.043034,4.0135756,3.9290857,0,0.0,0,1.0,-0.13,5.3,94.7
2022-12-20 10:45:00,146.651355861114,106.437964527778,106.454630577776,22.47777774,-1.828,19.7,2,5.1764362714980825,70.66250196097344,10,1,12,0.4999999999999999,-0.8660254037844387,0.7818314824680298,0.6234898018587336,-2.4492935982947064e-16,1.0,132.5,95.75,40.625,7.0,16.65,69.0,77.0,-6.575,3.0176396,0.0,-3.05,21.937036996666667,20.0,20.0,20.316666666666663,20.5,20.15,-24.30577774,-0.2407407600000013,0.0999999999999998,-1.928,-1.8353333333333333,22.61172838666667,-1.91622222222222,3.9290857,4.0444074,4.02598,4.043034,3.8956802,0,0.0,0,1.0,-0.18,5.7,94.3
2022-12-20 11:00:00,191.51011703889,152.098638027778,152.1197483,21.937036996666667,-1.8353333333333333,20.15,2,5.1764362714980825,70.66250196097344,11,1,12,0.258819045102521,-0.9659258262890682,0.7818314824680298,0.6234898018587336,-2.4492935982947064e-16,1.0,157.0,120.25,53.708333333333336,7.6,18.0,61.0,75.0,-6.7,2.9916286,0.0,-2.8,22.02777779,19.7,20.0,20.0,20.316666666666663,20.45,-23.77237033,-0.540740743333334,-0.0073333333333334,-1.828,-1.7146666666666666,22.37777774555556,-1.8637777777777755,3.8956802,3.9290857,4.0444074,4.02598,3.9744213,0,0.0,0,1.0,-0.31,6.9,93.1
2022-12-20 11:15:00,251.65632226111,219.8403727,219.870093777776,22.02777779,-1.7146666666666666,20.45,2,5.1764362714980825,70.66250196097344,11,1,12,0.258819045102521,-0.9659258262890682,0.7818314824680298,0.6234898018587336,-2.4492935982947064e-16,1.0,184.75,145.5625,69.02083333333333,8.325,19.8,70.5,73.5,-6.75,2.9734309,0.0,-2.6,22.540740726666662,20.15,19.7,20.0,20.0,20.03333333333333,-23.742444456666668,0.0907407933333352,0.1206666666666669,-1.8353333333333333,-1.44,22.147530842222224,-1.7926666666666644,3.9744213,3.8956802,3.9290857,4.0444074,4.01004,0,0.0,0,1.0,-0.28,6.7,93.3
2022-12-20 11:30:00,270.271688799996,245.959883444444,245.991271088888,22.540740726666662,-1.44,20.03333333333333,2,5.1764362714980825,70.66250196097344,11,1,12,0.258819045102521,-0.9659258262890682,0.7818314824680298,0.6234898018587336,-2.4492935982947064e-16,1.0,212.5,171.6875,86.5625,9.05,21.6,80.0,72.0,-6.800000000000001,2.9540415,0.0,-2.4,22.92777778,20.45,20.15,19.7,20.0,19.65,-23.980740726666667,0.5129629366666641,0.2746666666666666,-1.7146666666666666,-1.468,22.16851850444445,-1.6633333333333309,4.01004,3.9744213,3.8956802,3.9290857,4.021549,0,0.0,0,1.0,-0.17,5.6,94.4
2022-12-20 11:45:00,177.174579466664,149.6731795,149.695400877776,22.92777778,-1.468,19.65,2,5.1764362714980825,70.66250196097344,11,1,12,0.258819045102521,-0.9659258262890682,0.7818314824680298,0.6234898018587336,-2.4492935982947064e-16,1.0,240.25,198.625,106.33333333333331,9.775,23.4,89.5,70.5,-6.8500000000000005,2.9334342,0.0,-2.2,22.74444442333333,20.03333333333333,20.45,20.15,19.7,19.683333333333334,-24.39577778,0.3870370533333336,-0.028,-1.44,-1.5146666666666666,22.498765432222225,-1.540888888888886,4.021549,4.01004,3.9744213,3.8956802,3.9862902,0,0.0,0,1.0,-0.08,5.1,94.9
2022-12-20 12:00:00,123.930875916666,78.922676283334,78.936009116666,22.74444442333333,-1.5146666666666666,19.683333333333334,2,5.1764362714980825,70.66250196097344,12,1,12,1.2246467991473532e-16,-1.0,0.7818314824680298,0.6234898018587336,-2.4492935982947064e-16,1.0,268.0,226.375,128.33333333333334,10.5,25.2,99.0,69.0,-6.9,2.9115822,0.0,-2.0,22.27222221,19.65,20.03333333333333,20.45,20.15,20.0,-24.25911109,-0.1833333566666652,-0.0466666666666666,-1.468,-1.318,22.73765431,-1.4742222222222197,3.9862902,4.021549,4.01004,3.9744213,3.9420643,0,0.0,0,1.0,-0.12,5.3,94.7
2022-12-20 12:15:00,175.422982849998,135.512634827778,135.532911866664,22.27222221,-1.318,20.0,2,5.1764362714980825,70.66250196097344,12,1,12,1.2246467991473532e-16,-1.0,0.7818314824680298,0.6234898018587336,-2.4492935982947064e-16,1.0,262.0,245.6875,148.6875,10.375,25.2,99.0,68.75,-6.875,2.9214282,0.0,-1.9,22.242592586666667,19.683333333333334,19.65,20.03333333333333,20.45,20.0,-23.59022221,-0.4722222133333353,0.1966666666666665,-1.5146666666666666,-1.100666666666667,22.648148137777778,-1.433555555555553,3.9420643,3.9862902,4.021549,4.01004,3.93535,0,0.0,0,1.0,-0.23,6.1,93.9
2022-12-20 12:30:00,447.178778816666,136.476207433332,136.49815102222,22.242592586666667,-1.100666666666667,20.0,2,5.1764362714980825,70.66250196097344,12,1,12,1.2246467991473532e-16,-1.0,0.7818314824680298,0.6234898018587336,-2.4492935982947064e-16,1.0,256.0,256.5625,167.39583333333334,10.25,25.2,99.0,68.5,-6.85,2.9312506,0.0,-1.8,22.31666665,20.0,19.683333333333334,19.65,20.03333333333333,20.0,-23.343259253333333,-0.0296296233333315,0.2173333333333333,-1.318,-1.1686666666666667,22.419753073333336,-1.3111111111111085,3.93535,3.9420643,3.9862902,4.021549,3.9521537,0,0.0,0,1.0,-0.24,6.2,93.8
2022-12-20 12:45:00,173.694163022224,137.718935455556,137.738101372222,22.31666665,-1.1686666666666667,20.0,2,5.1764362714980825,70.66250196097344,12,1,12,1.2246467991473532e-16,-1.0,0.7818314824680298,0.6234898018587336,-2.4492935982947064e-16,1.0,250.0,259.0,184.45833333333331,10.125,25.2,99.0,68.25,-6.825,2.9410496,0.0,-1.7000000000000002,22.31296295,20.0,20.0,19.683333333333334,19.65,20.0,-23.485333316666665,0.074074063333331,-0.068,-1.100666666666667,-1.03,22.277160482222214,-1.1957777777777752,3.9521537,3.93535,3.9420643,3.9862902,3.9513128,0,0.0,0,1.0,-0.22,6.0,94.0
2022-12-20 13:00:00,134.472120866668,110.170870772222,110.190036738886,22.31296295,-1.03,20.0,2,5.1764362714980825,70.66250196097344,13,1,12,-0.2588190451025208,-0.9659258262890684,0.7818314824680298,0.6234898018587336,-2.4492935982947064e-16,1.0,244.0,253.0,199.875,10.0,25.2,99.0,68.0,-6.8,2.950824,0.0,-1.6,22.18888892,20.0,20.0,20.0,19.683333333333334,20.35,-23.34296295,-0.003703699999999,0.1386666666666667,-1.1686666666666667,-1.152,22.29074072888889,-1.0997777777777753,3.9513128,3.9521537,3.93535,3.9420643,3.99186,0,0.0,0,1.0,-0.22,6.0,94.0
2022-12-20 13:15:00,139.728854972226,113.986551472222,114.004606333332,22.18888892,-1.152,20.35,2,5.1764362714980825,70.66250196097344,13,1,12,-0.2588190451025208,-0.9659258262890684,0.7818314824680298,0.6234898018587336,-2.4492935982947064e-16,1.0,240.5,247.625,212.95833333333331,9.825,24.925,98.25,67.75,-6.8,2.9502585,0.0,-1.55,22.062963006666667,20.0,20.0,20.0,20.0,20.5,-23.34088892,-0.1240740299999991,-0.1220000000000001,-1.03,-1.1346666666666667,22.272839506666667,-1.1168888888888864,3.99186,3.9513128,3.9521537,3.93535,3.9922254,0,0.0,0,1.0,-0.25,6.3,93.7
2022-12-20 13:30:00,170.395128472218,117.802787666668,117.820009277776,22.062963006666667,-1.1346666666666667,20.5,2,5.1764362714980825,70.66250196097344,13,1,12,-0.2588190451025208,-0.9659258262890684,0.7818314824680298,0.6234898018587336,-2.4492935982947064e-16,1.0,237.0,242.875,223.70833333333331,9.65,24.65,97.5,67.5,-6.8,2.949649,0.0,-1.5,22.04444448,20.35,20.0,20.0,20.0,20.5,-23.19762967333333,-0.125925913333333,0.0173333333333334,-1.152,-1.066,22.18827162555556,-1.1055555555555532,3.9922254,3.99186,3.9513128,3.9521537,3.9879677,0,0.0,0,1.0,-0.27,6.6,93.4
2022-12-20 13:45:00,141.685443338894,103.253091927778,103.270035749998,22.04444448,-1.066,20.5,2,5.1764362714980825,70.66250196097344,13,1,12,-0.2588190451025208,-0.9659258262890684,0.7818314824680298,0.6234898018587336,-2.4492935982947064e-16,1.0,233.5,238.75,232.125,9.475,24.375,96.75,67.25,-6.8,2.9489944,0.0,-1.45,21.9722222,20.5,20.35,20.0,20.0,20.5,-23.11044448,-0.0185185266666678,0.0686666666666666,-1.1346666666666667,-1.0666666666666669,22.09876546888889,-1.1175555555555532,3.9879677,3.9922254,3.99186,3.9513128,3.9713976,0,0.0,0,1.0,-0.28,6.6,93.4
2022-12-20 14:00:00,154.901581538886,130.626163627778,130.647551738886,21.9722222,-1.0666666666666669,20.5,2,5.1764362714980825,70.66250196097344,14,1,12,-0.4999999999999997,-0.8660254037844388,0.7818314824680298,0.6234898018587336,-2.4492935982947064e-16,1.0,230.0,235.25,238.20833333333331,9.3,24.1,96.0,67.0,-6.8,2.9482949,0.0,-1.4,22.07222222,20.5,20.5,20.35,20.0,20.5,-23.038888866666664,-0.0722222800000018,-0.0006666666666665,-1.066,-1.0,22.026543228888887,-1.0891111111111087,3.9713976,3.9879677,3.9922254,3.99186,3.9943552,0,0.0,0,1.0,-0.29,6.8,93.2
2022-12-20 14:15:00,156.728452727782,122.1401142,122.159280133332,22.07222222,-1.0,20.5,2,5.1764362714980825,70.66250196097344,14,1,12,-0.4999999999999997,-0.8660254037844388,0.7818314824680298,0.6234898018587336,-2.4492935982947064e-16,1.0,228.0,232.125,241.8125,9.025,23.825000000000003,96.25,66.75,-6.8,2.9424179,0.0,-1.375,22.0592593,20.5,20.5,20.5,20.35,20.5,-23.07222222,0.100000020000003,0.0666666666666666,-1.0666666666666669,-1.0,22.02962963333333,-1.0442222222222195,3.9943552,3.9713976,3.9879677,3.9922254,3.9913726,0,0.0,0,1.0,-0.27,6.5,93.5
2022-12-20 14:30:00,143.358987594446,116.8653252,116.88365788333,22.0592593,-1.0,20.5,2,5.1764362714980825,70.66250196097344,14,1,12,-0.4999999999999997,-0.8660254037844388,0.7818314824680298,0.6234898018587336,-2.4492935982947064e-16,1.0,226.0,229.375,242.9375,8.75,23.55,96.5,66.5,-6.8,2.9365106,0.0,-1.35,22.01666668,20.5,20.5,20.5,20.5,20.5,-23.0592593,-0.0129629199999996,0.0,-1.0,-1.154,22.034567906666663,-1.0222222222222197,3.9913726,3.9943552,3.9713976,3.9879677,3.9815874,0,0.0,0,1.0,-0.27,6.6,93.4
2022-12-20 14:45:00,150.015110255556,117.551686644444,117.570574788888,22.01666668,-1.154,20.5,2,5.1764362714980825,70.66250196097344,14,1,12,-0.4999999999999997,-0.8660254037844388,0.7818314824680298,0.6234898018587336,-2.4492935982947064e-16,1.0,224.0,227.0,241.58333333333331,8.475,23.275,96.75,66.25,-6.8,2.9305725,0.0,-1.325,21.959259263333333,20.5,20.5,20.5,20.5,20.5,-23.17066668,-0.0425926200000006,-0.1539999999999999,-1.0,-1.1699999999999997,22.04938273333333,-1.0513333333333308,3.9815874,3.9913726,3.9943552,3.9713976,3.9684303,0,0.0,0,1.0,-0.28,6.7,93.3
2022-12-20 15:00:00,158.567546061106,109.637003227778,109.653669294442,21.959259263333333,-1.1699999999999997,20.5,2,5.1764362714980825,70.66250196097344,15,1,12,-0.7071067811865471,-0.7071067811865479,0.7818314824680298,0.6234898018587336,-2.4492935982947064e-16,1.0,222.0,225.0,237.75,8.2,23.0,97.0,66.0,-6.8,2.924604,0.0,-1.3,21.79999999,20.5,20.5,20.5,20.5,20.5,-23.12925926333333,-0.0574074166666669,-0.0159999999999997,-1.154,-1.1699999999999997,22.011728414444445,-1.1079999999999972,3.9684303,3.9815874,3.9913726,3.9943552,3.9321277,0,0.0,0,1.0,-0.3,6.8,93.2
2022-12-20 15:15:00,221.020603272222,185.93061797778,185.956172522224,21.79999999,-1.1699999999999997,20.5,2,5.1764362714980825,70.66250196097344,15,1,12,-0.7071067811865471,-0.7071067811865479,0.7818314824680298,0.6234898018587336,-2.4492935982947064e-16,1.0,202.25,218.5625,232.77083333333331,8.125,22.55,97.0,66.25,-6.8,2.925471,0.0,-1.35,22.124074076666663,20.5,20.5,20.5,20.5,20.316666666666663,-22.96999999,-0.1592592733333333,0.0,-1.1699999999999997,-1.1699999999999997,21.92530864444445,-1.164666666666664,3.9321277,3.9684303,3.9815874,3.9913726,3.9704757,0,0.0,0,1.0,-0.33,7.3,92.7
2022-12-20 15:30:00,230.42106062222,206.111199672222,206.137865288888,22.124074076666663,-1.1699999999999997,20.316666666666663,2,5.1764362714980825,70.66250196097344,15,1,12,-0.7071067811865471,-0.7071067811865479,0.7818314824680298,0.6234898018587336,-2.4492935982947064e-16,1.0,182.5,207.6875,226.64583333333331,8.05,22.1,97.0,66.5,-6.8,2.926293,0.0,-1.4,22.45,20.5,20.5,20.5,20.5,20.0,-23.294074076666664,0.3240740866666662,0.0,-1.1699999999999997,-1.18,21.96111111,-1.1699999999999997,3.9704757,3.9321277,3.9684303,3.9815874,3.9825594,0,0.0,0,1.0,-0.26,6.4,93.6
2022-12-20 15:45:00,148.191849788892,116.407010183334,116.424509533332,22.45,-1.18,20.0,2,5.1764362714980825,70.66250196097344,15,1,12,-0.7071067811865471,-0.7071067811865479,0.7818314824680298,0.6234898018587336,-2.4492935982947064e-16,1.0,162.75,192.375,219.375,7.975,21.65,97.0,66.75,-6.8,2.9270687,0.0,-1.45,22.283333326666664,20.316666666666663,20.5,20.5,20.5,20.0,-23.63,0.3259259233333331,-0.0100000000000002,-1.1699999999999997,-1.2066666666666666,22.124691355555555,-1.1733333333333305,3.9825594,3.9704757,3.9321277,3.9684303,3.9445846,0,0.0,0,1.0,-0.19,5.7,94.3
2022-12-20 16:00:00,128.602633505554,99.187143505554,99.204920611108,22.283333326666664,-1.2066666666666666,20.0,2,5.1764362714980825,70.66250196097344,16,1,12,-0.8660254037844385,-0.5000000000000004,0.7818314824680298,0.6234898018587336,-2.4492935982947064e-16,1.0,143.0,172.625,210.95833333333331,7.9,21.2,97.0,67.0,-6.8,2.9277997,0.0,-1.5,22.0388889,20.0,20.316666666666663,20.5,20.5,20.35,-23.48999999333333,-0.166666673333335,-0.0266666666666666,-1.18,-1.1826666666666663,22.28580246777777,-1.1855555555555528,3.9445846,3.9825594,3.9704757,3.9321277,3.9575198,0,0.0,0,1.0,-0.23,6.1,93.9
2022-12-20 16:15:00,150.13593873889,111.3547123,111.37248942222,22.0388889,-1.1826666666666663,20.35,2,5.1764362714980825,70.66250196097344,16,1,12,-0.8660254037844385,-0.5000000000000004,0.7818314824680298,0.6234898018587336,-2.4492935982947064e-16,1.0,122.25,152.625,201.10416666666663,7.125,20.75,96.5,68.75,-6.675,2.962596,0.0,-1.7,21.95740743,20.0,20.0,20.316666666666663,20.5,20.316666666666663,-23.221555566666662,-0.2444444266666643,0.024,-1.2066666666666666,-1.07,22.25740740888889,-1.1897777777777752,3.9575198,3.9445846,3.9825594,3.9704757,3.9325213,0,0.0,0,1.0,-0.28,6.6,93.4
2022-12-20 16:30:00,222.820809044444,176.9312558,176.95569928888798,21.95740743,-1.07,20.316666666666663,2,5.1764362714980825,70.66250196097344,16,1,12,-0.8660254037844385,-0.5000000000000004,0.7818314824680298,0.6234898018587336,-2.4492935982947064e-16,1.0,101.5,132.375,189.8125,6.35,20.3,96.0,70.5,-6.55,2.9957917,0.0,-1.9,22.26666666,20.35,20.0,20.0,20.316666666666663,20.0,-23.02740743,-0.0814814699999999,0.1126666666666664,-1.1826666666666663,-1.07,22.093209885555552,-1.1531111111111083,3.9325213,3.9575198,3.9445846,3.9825594,3.9408042,0,0.0,0,1.0,-0.3,6.9,93.1
2022-12-20 16:45:00,212.176790372222,180.578332144444,180.601664511112,22.26666666,-1.07,20.0,2,5.1764362714980825,70.66250196097344,16,1,12,-0.8660254037844385,-0.5000000000000004,0.7818314824680298,0.6234898018587336,-2.4492935982947064e-16,1.0,80.75,111.875,177.08333333333334,5.575,19.85,95.5,72.25,-6.425,3.027421,0.0,-2.1,22.52962962333333,20.316666666666663,20.35,20.0,20.0,19.816666666666663,-23.33666666,0.3092592299999985,0.0,-1.07,-1.116,22.087654330000003,-1.107555555555553,3.9408042,3.9325213,3.9575198,3.9445846,3.9641402,0,0.0,0,1.0,-0.23,6.1,93.9
2022-12-20 17:00:00,205.33873070555,181.048313327778,181.073590116666,22.52962962333333,-1.116,19.816666666666663,2,5.1764362714980825,70.66250196097344,17,1,12,-0.9659258262890684,-0.2588190451025206,0.7818314824680298,0.6234898018587336,-2.4492935982947064e-16,1.0,60.0,91.125,162.91666666666666,4.8,19.4,95.0,74.0,-6.3,3.0575159,0.0,-2.3,22.69444443,20.0,20.316666666666663,20.35,20.0,19.5,-23.64562962333333,0.2629629633333366,-0.046,-1.07,-1.1106666666666667,22.251234571111112,-1.0853333333333308,3.9641402,3.9408042,3.9325213,3.9575198,3.9378572,0,0.0,0,1.0,-0.17,5.6,94.4
2022-12-20 17:15:00,210.292698988892,181.423576083334,181.446352905558,22.69444443,-1.1106666666666667,19.5,2,5.1764362714980825,70.66250196097344,17,1,12,-0.9659258262890684,-0.2588190451025206,0.7818314824680298,0.6234898018587336,-2.4492935982947064e-16,1.0,46.25,72.125,147.77083333333334,5.175,16.974999999999998,94.5,75.75,-6.375,3.0429332,0.0,-2.7,22.794444443333337,19.816666666666663,20.0,20.316666666666663,20.35,19.5,-23.805111096666664,0.1648148066666621,0.0053333333333334,-1.116,-1.13,22.49691357111111,-1.0988888888888866,3.9378572,3.9641402,3.9408042,3.9325213,3.9604943,0,0.0,0,1.0,-0.14,5.4,94.6
2022-12-20 17:30:00,218.310156111112,180.82804433889,180.850265666668,22.794444443333337,-1.13,19.5,2,5.1764362714980825,70.66250196097344,17,1,12,-0.9659258262890684,-0.2588190451025206,0.7818314824680298,0.6234898018587336,-2.4492935982947064e-16,1.0,32.5,54.875,131.64583333333334,5.55,14.55,94.0,77.5,-6.449999999999999,3.026512,0.0,-3.1,22.91111107,19.5,19.816666666666663,20.0,20.316666666666663,19.5,-23.924444443333336,0.1000000133333394,-0.0193333333333332,-1.1106666666666667,-1.086666666666667,22.67283949888889,-1.1188888888888864,3.9604943,3.9378572,3.9641402,3.9408042,3.9870446,0,0.0,0,1.0,-0.11,5.3,94.7
2022-12-20 17:45:00,221.406143499996,181.203862672222,181.22719503889,22.91111107,-1.086666666666667,19.5,2,5.1764362714980825,70.66250196097344,17,1,12,-0.9659258262890684,-0.2588190451025206,0.7818314824680298,0.6234898018587336,-2.4492935982947064e-16,1.0,18.75,39.375,114.54166666666669,5.925,12.125,93.5,79.25,-6.525,3.0083535,0.0,-3.5,22.92407405,19.5,19.5,19.816666666666663,20.0,19.5,-23.997777736666663,0.1166666266666638,0.0433333333333332,-1.13,-1.168,22.799999981111117,-1.1091111111111085,3.9870446,3.9604943,3.9378572,3.9641402,3.9900033,0,0.0,0,1.0,-0.09,5.2,94.8
2022-12-20 18:00:00,154.900470416666,117.257531744444,117.274197744444,22.92407405,-1.168,19.5,2,5.1764362714980825,70.66250196097344,18,1,12,-1.0,-1.8369701987210294e-16,0.7818314824680298,0.6234898018587336,-2.4492935982947064e-16,1.0,5.0,25.625,96.45833333333331,6.3,9.7,93.0,81.0,-6.6,2.9885545,0.0,-3.9,22.62777781,19.5,19.5,19.5,19.816666666666663,19.85,-24.09207405,0.0129629799999975,-0.0813333333333332,-1.086666666666667,-1.2033333333333334,22.87654318777778,-1.1282222222222196,3.9900033,3.9870446,3.9604943,3.9378572,3.9932387,0,0.0,0,1.0,-0.08,5.1,94.9
2022-12-20 18:15:00,110.771680055556,76.307225372222,76.3194471,22.62777781,-1.2033333333333334,19.85,2,5.1764362714980825,70.66250196097344,18,1,12,-1.0,-1.8369701987210294e-16,0.7818314824680298,0.6234898018587336,-2.4492935982947064e-16,1.0,3.75,15.0,79.91666666666667,6.275,9.7,94.5,80.25,-6.675,2.9767387,0.0,-3.825,22.19444446,19.5,19.5,19.5,19.5,20.183333333333334,-23.83111114333333,-0.2962962399999966,-0.0353333333333334,-1.168,-1.19,22.820987643333336,-1.152666666666664,3.9932387,3.9900033,3.9870446,3.9604943,3.9604332,0,0.0,0,1.0,-0.15,5.5,94.5
2022-12-20 18:30:00,98.694385333336,74.390913094446,74.404801455556,22.19444446,-1.19,20.183333333333334,2,5.1764362714980825,70.66250196097344,18,1,12,-1.0,-1.8369701987210294e-16,0.7818314824680298,0.6234898018587336,-2.4492935982947064e-16,1.0,2.5,7.5,64.91666666666667,6.25,9.7,96.0,79.5,-6.75,2.9647002,0.0,-3.75,21.88333331,19.85,19.5,19.5,19.5,20.5,-23.38444446,-0.4333333500000016,0.0133333333333334,-1.2033333333333334,-1.228,22.58209877333333,-1.1871111111111086,3.9604332,3.9932387,3.9900033,3.9870446,3.9510868,0,0.0,0,1.0,-0.25,6.3,93.7
2022-12-20 18:45:00,145.2575228,120.417960872222,120.437126838886,21.88333331,-1.228,20.5,2,5.1764362714980825,70.66250196097344,18,1,12,-1.0,-1.8369701987210294e-16,0.7818314824680298,0.6234898018587336,-2.4492935982947064e-16,1.0,1.25,3.125,51.458333333333336,6.225,9.7,97.5,78.75,-6.825,2.9524376,0.0,-3.675,21.91481481,20.183333333333334,19.85,19.5,19.5,20.5,-23.111333310000003,-0.3111111499999985,-0.038,-1.19,-1.232,22.235185193333336,-1.2071111111111084,3.9510868,3.9604332,3.9932387,3.9900033,3.9582694,0,0.0,0,1.0,-0.32,7.1,92.9
2022-12-20 19:00:00,195.472458588888,147.223555288888,147.242721172222,21.91481481,-1.232,20.5,2,5.1764362714980825,70.66250196097344,19,1,12,-0.9659258262890684,0.2588190451025203,0.7818314824680298,0.6234898018587336,-2.4492935982947064e-16,1.0,0.0,1.875,39.54166666666666,6.2,9.7,99.0,78.0,-6.9,2.939949,0.0,-3.6,21.93888891,20.5,20.183333333333334,19.85,19.5,20.5,-23.14681481,0.0314814999999981,-0.004,-1.228,-1.272,21.99753086,-1.216666666666664,3.9582694,3.9510868,3.9604332,3.9932387,3.9637709,0,0.0,0,1.0,-0.31,7.0,93.0
2022-12-20 19:15:00,188.097753588888,148.178794811112,148.1999051,21.93888891,-1.272,20.5,2,5.1764362714980825,70.66250196097344,19,1,12,-0.9659258262890684,0.2588190451025203,0.7818314824680298,0.6234898018587336,-2.4492935982947064e-16,1.0,0.0,0.9375,29.354166666666668,5.85,9.25,99.25,79.5,-6.9750000000000005,2.92278,0.0,-3.95,22.01111111,20.5,20.5,20.183333333333334,19.85,20.316666666666663,-23.21088891,0.0240740999999999,-0.04,-1.232,-1.2073333333333334,21.91234567666667,-1.243999999999997,3.9637709,3.9582694,3.9510868,3.9604332,3.9447157,0,0.0,0,1.0,-0.3,6.9,93.1
2022-12-20 19:30:00,254.717588788884,227.150635811112,227.179523588888,22.01111111,-1.2073333333333334,20.316666666666663,2,5.1764362714980825,70.66250196097344,19,1,12,-0.9659258262890684,0.2588190451025203,0.7818314824680298,0.6234898018587336,-2.4492935982947064e-16,1.0,0.0,0.3125,20.89583333333333,5.5,8.8,99.5,81.0,-7.050000000000001,2.9044585,0.0,-4.3,22.48333335,20.5,20.5,20.5,20.183333333333334,19.95,-23.218444443333336,0.0722222000000023,0.0646666666666666,-1.272,-1.286,21.954938276666667,-1.2371111111111086,3.9447157,3.9637709,3.9582694,3.9510868,3.9802175,0,0.0,0,1.0,-0.29,6.7,93.3
2022-12-20 19:45:00,277.20530034444,240.811478255556,240.840921544444,22.48333335,-1.286,19.95,2,5.1764362714980825,70.66250196097344,19,1,12,-0.9659258262890684,0.2588190451025203,0.7818314824680298,0.6234898018587336,-2.4492935982947064e-16,1.0,0.0,0.0,14.166666666666666,5.15,8.35,99.75,82.5,-7.125,2.885045,0.0,-4.65,22.835185173333333,20.316666666666663,20.5,20.5,20.5,19.53333333333333,-23.76933335,0.4722222399999971,-0.0786666666666666,-1.2073333333333334,-1.2966666666666666,22.144444456666672,-1.2551111111111086,3.9802175,3.9447157,3.9637709,3.9582694,3.9765341,0,0.0,0,1.0,-0.18,5.7,94.3
2022-12-20 20:00:00,206.60451323889,181.610790844444,181.636067616666,22.835185173333333,-1.2966666666666666,19.53333333333333,2,5.1764362714980825,70.66250196097344,20,1,12,-0.8660254037844386,0.5000000000000001,0.7818314824680298,0.6234898018587336,-2.4492935982947064e-16,1.0,0.0,0.0,9.166666666666666,4.8,7.9,100.0,84.0,-7.2,2.864597,0.0,-5.0,22.92777775,19.95,20.316666666666663,20.5,20.5,19.5,-24.13185184,0.3518518233333338,-0.0106666666666666,-1.286,-1.354,22.44320987777778,-1.263333333333331,3.9765341,3.9802175,3.9447157,3.9637709,3.9908504,0,0.0,0,1.0,-0.1,5.2,94.8
2022-12-20 20:15:00,207.705024816666,180.87804233889,180.90304133889,22.92777775,-1.354,19.5,2,5.1764362714980825,70.66250196097344,20,1,12,-0.8660254037844386,0.5000000000000001,0.7818314824680298,0.6234898018587336,-2.4492935982947064e-16,1.0,0.0,0.0,5.3125,4.725,7.550000000000001,82.5,84.5,-7.525,2.804855,0.0,-5.375,22.9444444,19.53333333333333,19.95,20.316666666666663,20.5,19.5,-24.28177775,0.0925925766666679,-0.0573333333333332,-1.2966666666666666,-1.409333333333333,22.748765424444446,-1.3122222222222195,3.9908504,3.9765341,3.9802175,3.9447157,3.9946578,0,0.0,0,1.0,-0.08,5.1,94.9
2022-12-20 20:30:00,231.65101142222,180.6602733,180.683050172222,22.9444444,-1.409333333333333,19.5,2,5.1764362714980825,70.66250196097344,20,1,12,-0.8660254037844386,0.5000000000000001,0.7818314824680298,0.6234898018587336,-2.4492935982947064e-16,1.0,0.0,0.0,2.6041666666666665,4.65,7.2,65.0,85.0,-7.85,2.746022,0.0,-5.75,22.9611111,19.5,19.53333333333333,19.95,20.316666666666663,19.5,-24.35377773333333,0.0166666499999976,-0.0553333333333334,-1.354,-1.4966666666666666,22.90246910777778,-1.3533333333333308,3.9946578,3.9908504,3.9765341,3.9802175,3.9984694,0,0.0,0,1.0,-0.08,5.1,94.9
2022-12-20 20:45:00,145.989438005554,106.4282427,106.444353172222,22.9611111,-1.4966666666666666,19.5,2,5.1764362714980825,70.66250196097344,20,1,12,-0.8660254037844386,0.5000000000000001,0.7818314824680298,0.6234898018587336,-2.4492935982947064e-16,1.0,0.0,0.0,1.0416666666666667,4.575,6.85,47.50000000000001,85.5,-8.175,2.688093,0.0,-6.125,22.62962963,19.5,19.5,19.53333333333333,19.95,19.5,-24.457777766666663,0.0166667000000018,-0.0873333333333332,-1.409333333333333,-1.5713333333333332,22.94444441666667,-1.4199999999999973,3.9984694,3.9946578,3.9908504,3.9765341,3.9232452,0,0.0,0,1.0,-0.07,5.1,94.9
2022-12-20 21:00:00,105.78243536666,81.37646706110999,81.390355455552,22.62962963,-1.5713333333333332,19.5,2,5.1764362714980825,70.66250196097344,21,1,12,-0.7071067811865477,0.7071067811865474,0.7818314824680298,0.6234898018587336,-2.4492935982947064e-16,1.0,0.0,0.0,0.625,4.5,6.5,30.0,86.0,-8.5,2.6310632,0.0,-6.5,22.23333334,19.5,19.5,19.5,19.53333333333333,19.85,-24.20096296333333,-0.3314814699999999,-0.0746666666666666,-1.4966666666666666,-1.6673333333333331,22.84506171,-1.4924444444444418,3.9232452,3.9984694,3.9946578,3.9908504,3.9037538,0,0.0,0,1.0,-0.15,5.5,94.5
2022-12-20 21:15:00,202.731890416666,169.505163988888,169.52766312222,22.23333334,-1.6673333333333331,19.85,2,5.1764362714980825,70.66250196097344,21,1,12,-0.7071067811865477,0.7071067811865474,0.7818314824680298,0.6234898018587336,-2.4492935982947064e-16,1.0,0.0,0.0,0.3125,4.775,7.225,24.5,85.25,-8.45,2.641556,0.0,-6.325,22.42407405333333,19.5,19.5,19.5,19.5,19.816666666666663,-23.900666673333333,-0.3962962899999986,-0.0959999999999998,-1.5713333333333332,-1.7206666666666666,22.608024690000004,-1.5784444444444417,3.9037538,3.9232452,3.9984694,3.9946578,3.9401796,0,0.0,0,1.0,-0.24,6.2,93.8
2022-12-20 21:30:00,250.194714127774,222.054728588888,222.083894172218,22.42407405333333,-1.7206666666666666,19.816666666666663,2,5.1764362714980825,70.66250196097344,21,1,12,-0.7071067811865477,0.7071067811865474,0.7818314824680298,0.6234898018587336,-2.4492935982947064e-16,1.0,0.0,0.0,0.1041666666666666,5.05,7.95,19.0,84.5,-8.4,2.651834,0.0,-6.15,22.77777775,19.85,19.5,19.5,19.5,19.45,-24.14474072,0.1907407133333336,-0.0533333333333334,-1.6673333333333331,-1.8,22.429012341111115,-1.6531111111111083,3.9401796,3.9037538,3.9232452,3.9984694,3.946568,0,0.0,0,1.0,-0.2,5.8,94.2
2022-12-20 21:45:00,250.941073105554,216.953265955556,216.981320449998,22.77777775,-1.8,19.45,2,5.1764362714980825,70.66250196097344,21,1,12,-0.7071067811865477,0.7071067811865474,0.7818314824680298,0.6234898018587336,-2.4492935982947064e-16,1.0,0.0,0.0,0.0,5.324999999999999,8.675,13.5,83.75,-8.350000000000001,2.6618915,0.0,-5.975,22.97777776666667,19.816666666666663,19.85,19.5,19.5,19.03333333333333,-24.57777775,0.3537036966666633,-0.0793333333333334,-1.7206666666666666,-1.8733333333333333,22.47839504777778,-1.7293333333333305,3.946568,3.9401796,3.9037538,3.9232452,3.9065032,0,0.0,0,1.0,-0.12,5.3,94.7
2022-12-20 22:00:00,189.154933549998,141.702109472222,141.720997649998,22.97777776666667,-1.8733333333333333,19.03333333333333,2,5.1764362714980825,70.66250196097344,22,1,12,-0.5000000000000004,0.8660254037844384,0.7818314824680298,0.6234898018587336,-2.4492935982947064e-16,1.0,0.0,0.0,0.0,5.6,9.4,8.0,83.0,-8.3,2.6717207,0.0,-5.8,22.74444448,19.45,19.816666666666663,19.85,19.5,19.05,-24.851111100000004,0.2000000166666709,-0.0733333333333332,-1.8,-1.9806666666666668,22.72654319,-1.7979999999999974,3.9065032,3.946568,3.9401796,3.9037538,3.8580265,0,0.0,0,1.0,-0.07,5.1,94.9
2022-12-20 22:15:00,115.969527883326,81.117310744444,81.131476911108,22.74444448,-1.9806666666666668,19.05,2,5.1764362714980825,70.66250196097344,22,1,12,-0.5000000000000004,0.8660254037844384,0.7818314824680298,0.6234898018587336,-2.4492935982947064e-16,1.0,0.0,0.0,0.0,6.425,10.65,9.5,83.75,-8.700000000000001,2.5950768,0.0,-6.325,22.28333334,19.03333333333333,19.45,19.816666666666663,19.85,19.466666666666665,-24.72511114666667,-0.2333332866666673,-0.1073333333333335,-1.8733333333333333,-2.2046666666666668,22.833333332222224,-1.8846666666666645,3.8580265,3.9065032,3.946568,3.9401796,3.8393953,0,0.0,0,1.0,-0.13,5.3,94.7
2022-12-20 22:30:00,150.686194677772,126.300503327778,126.319669294442,22.28333334,-2.2046666666666668,19.466666666666665,2,5.1764362714980825,70.66250196097344,22,1,12,-0.5000000000000004,0.8660254037844384,0.7818314824680298,0.6234898018587336,-2.4492935982947064e-16,1.0,0.0,0.0,0.0,7.25,11.9,11.0,84.5,-9.1,2.519991,0.0,-6.85,22.17777779,19.05,19.03333333333333,19.45,19.816666666666663,19.55,-24.48800000666667,-0.4611111399999998,-0.2239999999999999,-1.9806666666666668,-2.434,22.66851852888889,-2.019555555555553,3.8393953,3.8580265,3.9065032,3.946568,3.8324804,0,0.0,0,1.0,-0.23,6.1,93.9
2022-12-20 22:45:00,161.25716062222,131.182530272222,131.201140677776,22.17777779,-2.434,19.55,2,5.1764362714980825,70.66250196097344,22,1,12,-0.5000000000000004,0.8660254037844384,0.7818314824680298,0.6234898018587336,-2.4492935982947064e-16,1.0,0.0,0.0,0.0,8.075,13.15,12.5,85.25,-9.5,2.4464562,0.0,-7.375,22.15555554333333,19.466666666666665,19.05,19.03333333333333,19.45,19.78333333333333,-24.61177779,-0.1055555500000018,-0.2293333333333329,-2.2046666666666668,-2.6453333333333333,22.40185187,-2.206444444444442,3.8324804,3.8393953,3.8580265,3.9065032,3.8732634,0,0.0,0,1.0,-0.25,6.3,93.7
2022-12-20 23:00:00,210.243534388888,177.62539470000002,177.647893783334,22.15555554333333,-2.6453333333333333,19.78333333333333,2,5.1764362714980825,70.66250196097344,23,1,12,-0.2588190451025215,0.965925826289068,0.7818314824680298,0.6234898018587336,-2.4492935982947064e-16,1.0,0.0,0.0,0.0,8.9,14.4,14.0,86.0,-9.9,2.3744652,0.0,-7.9,22.30555553,19.55,19.466666666666665,19.05,19.03333333333333,19.5,-24.800888876666665,-0.0222222466666686,-0.2113333333333336,-2.434,-2.76,22.20555555777778,-2.4279999999999973,3.8732634,3.8324804,3.8393953,3.8580265,3.850889,0,0.0,0,1.0,-0.26,6.4,93.6
2022-12-20 23:15:00,210.631296727774,169.9915334,170.015143555556,22.30555553,-2.76,19.5,2,5.1764362714980825,70.66250196097344,23,1,12,-0.2588190451025215,0.965925826289068,0.7818314824680298,0.6234898018587336,-2.4492935982947064e-16,1.0,0.0,0.0,0.0,9.4,15.575,13.5,86.0,-9.9,2.3700912,0.0,-7.925000000000001,22.38518519333333,19.78333333333333,19.55,19.466666666666665,19.05,19.5,-25.06555553,0.1499999866666677,-0.1146666666666664,-2.6453333333333333,-2.708,22.212962954444446,-2.6131111111111083,3.850889,3.8732634,3.8324804,3.8393953,3.8685598,0,0.0,0,1.0,-0.22,6.0,94.0
2022-12-20 23:30:00,173.208071449998,132.04194036111,132.061106294442,22.38518519333333,-2.708,19.5,2,5.1764362714980825,70.66250196097344,23,1,12,-0.2588190451025215,0.965925826289068,0.7818314824680298,0.6234898018587336,-2.4492935982947064e-16,1.0,0.0,0.0,0.0,9.9,16.75,13.0,86.0,-9.9,2.3657248,0.0,-7.95,22.083333340000003,19.5,19.78333333333333,19.55,19.466666666666665,19.55,-25.09318519333333,0.0796296633333319,0.052,-2.76,-2.944666666666667,22.282098755555555,-2.704444444444442,3.8685598,3.850889,3.8732634,3.8324804,3.81169,0,0.0,0,1.0,-0.21,5.9,94.1
2022-12-20 23:45:00,148.394341838886,115.337053016666,115.355385666664,22.083333340000003,-2.944666666666667,19.55,2,5.1764362714980825,70.66250196097344,23,1,12,-0.2588190451025215,0.965925826289068,0.7818314824680298,0.6234898018587336,-2.4492935982947064e-16,1.0,0.0,0.0,0.0,10.4,17.925,12.5,86.0,-9.9,2.3613646,0.0,-7.975,21.70925927,19.5,19.5,19.78333333333333,19.55,19.966666666666665,-25.02800000666667,-0.3018518533333285,-0.2366666666666672,-2.708,-3.1493333333333333,22.258024687777777,-2.80422222222222,3.81169,3.8685598,3.850889,3.8732634,3.8098078,0,0.0,0,1.0,-0.28,6.6,93.4
2022-12-21 00:00:00,179.936691177776,155.483502644444,155.507668344444,21.70925927,-3.1493333333333333,19.966666666666665,2,5.1764362714980825,70.66250196097344,0,2,12,0.0,1.0,0.9749279121818236,-0.2225209339563143,-2.4492935982947064e-16,1.0,0.0,0.0,0.0,10.9,19.1,12.0,86.0,-9.9,2.3570118,0.0,-8.0,21.87777778,19.55,19.5,19.5,19.78333333333333,19.6,-24.85859260333333,-0.3740740700000025,-0.2046666666666663,-2.944666666666667,-3.2493333333333334,22.05925926777778,-2.933999999999997,3.8098078,3.81169,3.8685598,3.850889,3.776414,0,0.0,0,1.0,-0.36,7.7,92.3
2022-12-21 00:15:00,252.63822764999,226.226783883334,226.258449349998,21.87777778,-3.2493333333333334,19.6,2,5.1764362714980825,70.66250196097344,0,2,12,0.0,1.0,0.9749279121818236,-0.2225209339563143,-2.4492935982947064e-16,1.0,0.0,0.0,0.0,10.725,19.175,9.25,86.25,-9.825,2.3682292,0.0,-7.975,22.353703733333337,19.966666666666665,19.55,19.5,19.5,19.03333333333333,-25.12711111333333,0.1685185099999984,-0.1,-3.1493333333333333,-3.492,21.89012346333333,-3.1144444444444424,3.776414,3.8098078,3.81169,3.8685598,3.7691517,0,0.0,0,1.0,-0.32,7.2,92.8
2022-12-21 00:30:00,242.23086604444,198.0562441,198.084298577776,22.353703733333337,-3.492,19.03333333333333,2,5.1764362714980825,70.66250196097344,0,2,12,0.0,1.0,0.9749279121818236,-0.2225209339563143,-2.4492935982947064e-16,1.0,0.0,0.0,0.0,10.55,19.25,6.5,86.5,-9.75,2.3794792,0.0,-7.95,22.50000001,19.6,19.966666666666665,19.55,19.5,19.0,-25.845703733333337,0.4759259533333377,-0.2426666666666666,-3.2493333333333334,-3.365333333333333,21.98024692777778,-3.2968888888888865,3.7691517,3.776414,3.8098078,3.81169,3.7943125,0,0.0,0,1.0,-0.22,6.0,94.0
2022-12-21 00:45:00,515.386050350002,148.933486872222,148.95737483333198,22.50000001,-3.365333333333333,19.0,2,5.1764362714980825,70.66250196097344,0,2,12,0.0,1.0,0.9749279121818236,-0.2225209339563143,-2.4492935982947064e-16,1.0,0.0,0.0,0.0,10.375,19.325,3.75,86.75,-9.675,2.3907604,0.0,-7.925000000000001,22.405555536666668,19.03333333333333,19.6,19.966666666666665,19.55,19.0,-25.865333343333333,0.1462962766666642,0.1266666666666669,-3.492,-3.477333333333333,22.243827174444448,-3.368888888888886,3.7943125,3.7691517,3.776414,3.8098078,3.7737815,0,0.0,0,1.0,-0.18,5.7,94.3
2022-12-21 01:00:00,222.397770449998,192.107037627778,192.134258788888,22.405555536666668,-3.477333333333333,19.0,2,5.1764362714980825,70.66250196097344,1,2,12,0.2588190451025207,0.9659258262890684,0.9749279121818236,-0.2225209339563143,-2.4492935982947064e-16,1.0,0.0,0.0,0.0,10.2,19.4,1.0,87.0,-9.6,2.4020753,0.0,-7.9,22.53888892,19.0,19.03333333333333,19.6,19.966666666666665,19.0,-25.88288887,-0.0944444733333327,-0.1120000000000001,-3.365333333333333,-3.669333333333333,22.419753093333338,-3.4448888888888862,3.7737815,3.7943125,3.7691517,3.776414,3.8027952,0,0.0,0,1.0,-0.21,5.9,94.1
2022-12-21 01:15:00,219.697322805558,183.24628093889,183.273224344444,22.53888892,-3.669333333333333,19.0,2,5.1764362714980825,70.66250196097344,1,2,12,0.2588190451025207,0.9659258262890684,0.9749279121818236,-0.2225209339563143,-2.4492935982947064e-16,1.0,0.0,0.0,0.0,10.45,19.4,0.75,87.25,-9.675,2.3956866,0.0,-7.975,22.57592595,19.0,19.0,19.03333333333333,19.6,19.0,-26.20822225333333,0.1333333833333299,-0.1920000000000001,-3.477333333333333,-3.758000000000001,22.481481488888893,-3.503999999999998,3.8027952,3.7737815,3.7943125,3.7691517,3.810888,0,0.0,0,1.0,-0.17,5.6,94.4
2022-12-21 01:30:00,206.078700922224,181.644122844444,181.67134402222,22.57592595,-3.758000000000001,19.0,2,5.1764362714980825,70.66250196097344,1,2,12,0.2588190451025207,0.9659258262890684,0.9749279121818236,-0.2225209339563143,-2.4492935982947064e-16,1.0,0.0,0.0,0.0,10.7,19.4,0.5,87.5,-9.75,2.3892868,0.0,-8.05,22.60555555,19.0,19.0,19.0,19.03333333333333,18.7,-26.33392595,0.037037030000004,-0.0886666666666671,-3.669333333333333,-3.939333333333333,22.50679013555556,-3.634888888888886,3.810888,3.8027952,3.7737815,3.7943125,3.7570994,0,0.0,0,1.0,-0.17,5.6,94.4
2022-12-21 01:45:00,202.857440911112,176.954032655556,176.979864972222,22.60555555,-3.939333333333333,18.7,2,5.1764362714980825,70.66250196097344,1,2,12,0.2588190451025207,0.9659258262890684,0.9749279121818236,-0.2225209339563143,-2.4492935982947064e-16,1.0,0.0,0.0,0.0,10.95,19.4,0.25,87.75,-9.825,2.3828754,0.0,-8.125,22.498148176666668,19.0,19.0,19.0,19.0,18.966666666666665,-26.544888883333336,0.0296295999999998,-0.1813333333333329,-3.758000000000001,-4.037333333333334,22.573456806666663,-3.7888888888888874,3.7570994,3.810888,3.8027952,3.7737815,3.7872531,0,0.0,0,1.0,-0.16,5.5,94.5
2022-12-21 02:00:00,176.594602666664,123.341177255556,123.359787627778,22.498148176666668,-4.037333333333334,18.966666666666665,2,5.1764362714980825,70.66250196097344,2,2,12,0.4999999999999999,0.8660254037844387,0.9749279121818236,-0.2225209339563143,-2.4492935982947064e-16,1.0,0.0,0.0,0.0,11.2,19.4,0.0,88.0,-9.9,2.3764536,0.0,-8.2,22.01111112,18.7,19.0,19.0,19.0,19.05,-26.53548151,-0.1074073733333342,-0.0980000000000003,-3.939333333333333,-4.061333333333334,22.55987655888889,-3.911555555555553,3.7872531,3.7570994,3.810888,3.8027952,3.6987774,0,0.0,0,1.0,-0.18,5.7,94.3
2022-12-21 02:15:00,146.695243222216,108.633710044444,108.652876011108,22.01111112,-4.061333333333334,19.05,2,5.1764362714980825,70.66250196097344,2,2,12,0.4999999999999999,0.8660254037844387,0.9749279121818236,-0.2225209339563143,-2.4492935982947064e-16,1.0,0.0,0.0,0.0,11.275,19.95,10.75,88.0,-9.875,2.3808498,0.0,-8.174999999999999,21.65000000666667,18.966666666666665,18.7,19.0,19.0,19.466666666666665,-26.072444453333333,-0.4870370566666686,-0.024,-4.037333333333334,-3.868666666666667,22.37160494888889,-4.012666666666664,3.6987774,3.7872531,3.7570994,3.810888,3.7017038,0,0.0,0,1.0,-0.3,6.8,93.2
2022-12-21 02:30:00,195.051641922228,170.558455188888,170.584843033332,21.65000000666667,-3.868666666666667,19.466666666666665,2,5.1764362714980825,70.66250196097344,2,2,12,0.4999999999999999,0.8660254037844387,0.9749279121818236,-0.2225209339563143,-2.4492935982947064e-16,1.0,0.0,0.0,0.0,11.35,20.5,21.5,88.0,-9.85,2.3852534,0.0,-8.149999999999999,21.88888887,19.05,18.966666666666665,18.7,19.0,19.15,-25.518666673333332,-0.3611111133333295,0.1926666666666667,-4.061333333333334,-3.9733333333333336,22.05308643444444,-3.9891111111111086,3.7017038,3.6987774,3.7872531,3.7570994,3.6920774,0,0.0,0,1.0,-0.38,7.9,92.1
2022-12-21 02:45:00,253.111264011112,218.372653627778,218.402374705554,21.88888887,-3.9733333333333336,19.15,2,5.1764362714980825,70.66250196097344,2,2,12,0.4999999999999999,0.8660254037844387,0.9749279121818236,-0.2225209339563143,-2.4492935982947064e-16,1.0,0.0,0.0,0.0,11.425,21.05,32.25,88.0,-9.825,2.3896642,0.0,-8.125,22.30555554,19.466666666666665,19.05,18.966666666666665,18.7,18.816666666666663,-25.86222220333333,0.238888863333333,-0.1046666666666666,-3.868666666666667,-4.037333333333334,21.849999998888894,-3.967777777777776,3.6920774,3.7017038,3.6987774,3.7872531,3.7159436,0,0.0,0,1.0,-0.32,7.2,92.8
2022-12-21 03:00:00,264.13721192222,237.567441355556,237.601051144444,22.30555554,-4.037333333333334,18.816666666666663,2,5.1764362714980825,70.66250196097344,3,2,12,0.7071067811865476,0.7071067811865476,0.9749279121818236,-0.2225209339563143,-2.4492935982947064e-16,1.0,0.0,0.0,0.0,11.5,21.6,43.0,88.0,-9.8,2.394082,0.0,-8.1,22.55555555,19.15,19.466666666666665,19.05,18.966666666666665,18.5,-26.342888873333333,0.4166666699999979,-0.064,-3.9733333333333336,-3.936,21.948148138888893,-3.959777777777776,3.7159436,3.6920774,3.7017038,3.6987774,3.7062657,0,0.0,0,1.0,-0.23,6.1,93.9
2022-12-21 03:15:00,185.652573633332,152.791665872222,152.816109344444,22.55555555,-3.936,18.5,2,5.1764362714980825,70.66250196097344,3,2,12,0.7071067811865476,0.7071067811865476,0.9749279121818236,-0.2225209339563143,-2.4492935982947064e-16,1.0,0.0,0.0,0.0,11.325,21.5,57.25,87.5,-9.825,2.3848796,0.0,-8.075,22.44444445,18.816666666666663,19.15,19.466666666666665,19.05,18.5,-26.49155555,0.2500000100000008,0.1013333333333337,-4.037333333333334,-3.858,22.249999986666666,-3.9822222222222208,3.7062657,3.7159436,3.6920774,3.7017038,3.6826923,0,0.0,0,1.0,-0.17,5.6,94.4
2022-12-21 03:30:00,244.298838772222,195.0813631,195.1071954,22.44444445,-3.858,18.5,2,5.1764362714980825,70.66250196097344,3,2,12,0.7071067811865476,0.7071067811865476,0.9749279121818236,-0.2225209339563143,-2.4492935982947064e-16,1.0,0.0,0.0,0.0,11.15,21.4,71.5,87.0,-9.85,2.3756337,0.0,-8.05,22.53888892,18.5,18.816666666666663,19.15,19.466666666666665,18.5,-26.30244445,-0.1111111000000022,0.0780000000000002,-3.936,-3.9026666666666663,22.43518518,-3.943777777777776,3.6826923,3.7062657,3.7159436,3.6920774,3.7027218,0,0.0,0,1.0,-0.2,5.8,94.2
2022-12-21 03:45:00,216.585502949998,182.5626972,182.591307238886,22.53888892,-3.9026666666666663,18.5,2,5.1764362714980825,70.66250196097344,3,2,12,0.7071067811865476,0.7071067811865476,0.9749279121818236,-0.2225209339563143,-2.4492935982947064e-16,1.0,0.0,0.0,0.0,10.975,21.3,85.75,86.5,-9.875,2.3663445,0.0,-8.025,22.5555556,18.5,18.5,18.816666666666663,19.15,18.5,-26.441555586666663,0.0944444699999991,-0.044666666666667,-3.858,-3.7666666666666666,22.51296297333333,-3.898888888888886,3.7027218,3.6826923,3.7062657,3.7159436,3.7062657,0,0.0,0,1.0,-0.18,5.7,94.3
2022-12-21 04:00:00,205.298454300004,180.827766583334,180.854154444444,22.5555556,-3.7666666666666666,18.5,2,5.1764362714980825,70.66250196097344,4,2,12,0.8660254037844386,0.5000000000000001,0.9749279121818236,-0.2225209339563143,-2.4492935982947064e-16,1.0,0.0,0.0,0.0,10.8,21.2,100.0,86.0,-9.9,2.3570118,0.0,-8.0,22.50000001,18.5,18.5,18.5,18.816666666666663,18.5,-26.322222266666667,0.0166666800000037,0.1360000000000001,-3.9026666666666663,-3.5733333333333333,22.51296299,-3.842444444444442,3.7062657,3.7027218,3.6826923,3.7062657,3.6944625,0,0.0,0,1.0,-0.17,5.6,94.4
2022-12-21 04:15:00,171.103988850002,139.28942821666598,139.311094033332,22.50000001,-3.5733333333333333,18.5,2,5.1764362714980825,70.66250196097344,4,2,12,0.8660254037844386,0.5000000000000001,0.9749279121818236,-0.2225209339563143,-2.4492935982947064e-16,1.0,0.0,0.0,0.0,10.925,21.125,100.0,86.0,-9.8,2.3744652,0.0,-7.9,22.181481466666664,18.5,18.5,18.5,18.5,18.683333333333334,-26.07333334333333,-0.0555555900000008,0.1933333333333333,-3.7666666666666666,-3.3986666666666667,22.531481510000003,-3.747555555555553,3.6944625,3.7062657,3.7027218,3.6826923,3.6633642,0,0.0,0,1.0,-0.19,5.7,94.3
2022-12-21 04:30:00,142.071816999996,112.451612855556,112.470223244444,22.181481466666664,-3.3986666666666667,18.683333333333334,2,5.1764362714980825,70.66250196097344,4,2,12,0.8660254037844386,0.5000000000000001,0.9749279121818236,-0.2225209339563143,-2.4492935982947064e-16,1.0,0.0,0.0,0.0,11.05,21.05,100.0,86.0,-9.7,2.3920326,0.0,-7.8,21.71111111,18.5,18.5,18.5,18.5,19.0,-25.58014813333333,-0.3185185433333366,0.1746666666666665,-3.5733333333333333,-3.4713333333333334,22.41234569222222,-3.579555555555553,3.6633642,3.6944625,3.7062657,3.7027218,3.625747,0,0.0,0,1.0,-0.26,6.4,93.6
2022-12-21 04:45:00,226.140953966668,185.499801944444,185.52646756111,21.71111111,-3.4713333333333334,19.0,2,5.1764362714980825,70.66250196097344,4,2,12,0.8660254037844386,0.5000000000000001,0.9749279121818236,-0.2225209339563143,-2.4492935982947064e-16,1.0,0.0,0.0,0.0,11.175,20.975,100.0,86.0,-9.6,2.409715,0.0,-7.699999999999999,21.92962963333333,18.683333333333334,18.5,18.5,18.5,18.816666666666663,-25.18244444333333,-0.4703703566666632,-0.0726666666666666,-3.3986666666666667,-3.555333333333333,22.13086419555556,-3.4811111111111086,3.625747,3.6633642,3.6944625,3.7062657,3.6363485,0,0.0,0,1.0,-0.36,7.8,92.2
2022-12-21 05:00:00,296.92534476111,252.656282227778,252.689336455556,21.92962963333333,-3.555333333333333,18.816666666666663,2,5.1764362714980825,70.66250196097344,5,2,12,0.9659258262890684,0.2588190451025207,0.9749279121818236,-0.2225209339563143,-2.4492935982947064e-16,1.0,0.0,0.0,0.0,11.3,20.9,100.0,86.0,-9.5,2.4275122,0.0,-7.6,22.43333333,19.0,18.683333333333334,18.5,18.5,18.5,-25.484962966666668,0.2185185233333335,-0.0839999999999996,-3.4713333333333334,-3.3400000000000003,21.94074073666667,-3.4751111111111084,3.6363485,3.625747,3.6633642,3.6944625,3.6803415,0,0.0,0,1.0,-0.32,7.1,92.9
2022-12-21 05:15:00,262.200622905546,230.928262516666,230.959650211108,22.43333333,-3.3400000000000003,18.5,2,5.1764362714980825,70.66250196097344,5,2,12,0.9659258262890684,0.2588190451025207,0.9749279121818236,-0.2225209339563143,-2.4492935982947064e-16,1.0,0.0,0.0,0.0,10.9,21.075,100.0,85.25,-9.375,2.45095,0.0,-7.35,22.696296323333332,18.816666666666663,19.0,18.683333333333334,18.5,18.316666666666663,-25.77333333,0.5037036966666655,0.2153333333333327,-3.555333333333333,-3.3,22.02469135777778,-3.455555555555553,3.6803415,3.6363485,3.625747,3.6633642,3.699287,0,0.0,0,1.0,-0.2,5.8,94.2
2022-12-21 05:30:00,227.839497205554,203.487971272222,203.516859033332,22.696296323333332,-3.3,18.316666666666663,2,5.1764362714980825,70.66250196097344,5,2,12,0.9659258262890684,0.2588190451025207,0.9749279121818236,-0.2225209339563143,-2.4492935982947064e-16,1.0,0.0,0.0,0.0,10.5,21.25,100.0,84.5,-9.25,2.4743235,0.0,-7.1,22.6777778,18.5,18.816666666666663,19.0,18.683333333333334,18.35,-25.996296323333336,0.2629629933333355,0.0400000000000004,-3.3400000000000003,-3.358,22.35308642888889,-3.398444444444442,3.699287,3.6803415,3.6363485,3.625747,3.7020855,0,0.0,0,1.0,-0.14,5.4,94.6
2022-12-21 05:45:00,157.712024833324,129.756198444444,129.778419805554,22.6777778,-3.358,18.35,2,5.1764362714980825,70.66250196097344,5,2,12,0.9659258262890684,0.2588190451025207,0.9749279121818236,-0.2225209339563143,-2.4492935982947064e-16,1.0,0.0,0.0,0.0,10.1,21.425,100.0,83.75,-9.125,2.497624,0.0,-6.85,22.377777746666663,18.316666666666663,18.5,18.816666666666663,19.0,18.5,-26.0357778,-0.0185185233333342,-0.0580000000000002,-3.3,-3.472666666666667,22.602469151111112,-3.332666666666664,3.7020855,3.699287,3.6803415,3.6363485,3.6686096,0,0.0,0,1.0,-0.15,5.4,94.6
2022-12-21 06:00:00,172.144225222216,131.466130044444,131.486407033332,22.377777746666663,-3.472666666666667,18.5,2,5.1764362714980825,70.66250196097344,6,2,12,1.0,6.123233995736766e-17,0.9749279121818236,-0.2225209339563143,-2.4492935982947064e-16,1.0,0.0,0.0,0.0,9.7,21.6,100.0,83.0,-9.0,2.5208418,0.0,-6.6,22.20000001,18.35,18.316666666666663,18.5,18.816666666666663,18.5,-25.85044441333333,-0.3000000533333349,-0.1146666666666669,-3.358,-3.46,22.583950623333337,-3.3768888888888866,3.6686096,3.7020855,3.699287,3.6803415,3.6312861,0,0.0,0,1.0,-0.21,6.0,94.0
2022-12-21 06:15:00,231.252416216666,191.128743427778,191.15540906111,22.20000001,-3.46,18.5,2,5.1764362714980825,70.66250196097344,6,2,12,1.0,6.123233995736766e-17,0.9749279121818236,-0.2225209339563143,-2.4492935982947064e-16,1.0,0.0,0.0,0.0,8.649999999999999,20.700000000000003,99.75,83.0,-9.0,2.5208418,0.0,-6.6,22.34259258,18.5,18.35,18.316666666666663,18.5,18.5,-25.66000001,-0.1777777366666662,0.012666666666667,-3.472666666666667,-3.5660000000000003,22.418518518888888,-3.43022222222222,3.6312861,3.6686096,3.7020855,3.699287,3.661197,0,0.0,0,1.0,-0.26,6.4,93.6
2022-12-21 06:30:00,215.248612011108,181.6702329,181.69800962222,22.34259258,-3.5660000000000003,18.5,2,5.1764362714980825,70.66250196097344,6,2,12,1.0,6.123233995736766e-17,0.9749279121818236,-0.2225209339563143,-2.4492935982947064e-16,1.0,0.0,0.0,0.0,7.6,19.8,99.5,83.0,-9.0,2.5208418,0.0,-6.6,22.4222222,18.5,18.5,18.35,18.316666666666663,18.5,-25.90859258,0.1425925699999979,-0.1060000000000003,-3.46,-3.646,22.30679011222222,-3.499555555555553,3.661197,3.6312861,3.6686096,3.7020855,3.6779928,0,0.0,0,1.0,-0.22,6.0,94.0
2022-12-21 06:45:00,210.623241466664,175.462981216666,175.48853576111,22.4222222,-3.646,18.5,2,5.1764362714980825,70.66250196097344,6,2,12,1.0,6.123233995736766e-17,0.9749279121818236,-0.2225209339563143,-2.4492935982947064e-16,1.0,0.0,0.0,0.0,6.55,18.9,99.25,83.0,-9.0,2.5208418,0.0,-6.6,22.311111126666667,18.5,18.5,18.5,18.35,18.5,-26.0682222,0.0796296200000021,-0.0799999999999996,-3.5660000000000003,-3.78,22.32160493,-3.557333333333331,3.6779928,3.661197,3.6312861,3.6686096,3.6545749,0,0.0,0,1.0,-0.2,5.9,94.1
2022-12-21 07:00:00,340.430271277772,117.319751472222,117.341695094442,22.311111126666667,-3.78,18.5,2,5.1764362714980825,70.66250196097344,7,2,12,0.9659258262890684,-0.2588190451025206,0.9749279121818236,-0.2225209339563143,-2.4492935982947064e-16,1.0,0.0,0.0,0.0,5.5,18.0,99.0,83.0,-9.0,2.5208418,0.0,-6.6,21.79444447,18.5,18.5,18.5,18.5,18.55,-26.091111126666668,-0.1111110733333333,-0.1340000000000003,-3.646,-3.914,22.35864196888889,-3.663999999999998,3.6545749,3.6779928,3.661197,3.6312861,3.5569553,0,0.0,0,1.0,-0.23,6.1,93.9
2022-12-21 07:15:00,660.595241849998,122.357049988888,122.381771266664,21.79444447,-3.914,18.55,2,5.1764362714980825,70.66250196097344,7,2,12,0.9659258262890684,-0.2588190451025206,0.9749279121818236,-0.2225209339563143,-2.4492935982947064e-16,1.0,0.0,0.0,0.0,6.475,16.65,98.5,83.5,-9.15,2.4947214,0.0,-6.824999999999999,21.54074073,18.5,18.5,18.5,18.5,18.966666666666665,-25.70844447,-0.5166666566666684,-0.1339999999999999,-3.78,-4.166,22.175925932222224,-3.7799999999999976,3.5569553,3.6545749,3.6779928,3.661197,3.583909,0,0.0,0,1.0,-0.35,7.5,92.5
2022-12-21 07:30:00,245.187692083334,194.154455727778,194.18112136111,21.54074073,-4.166,18.966666666666665,2,5.1764362714980825,70.66250196097344,7,2,12,0.9659258262890684,-0.2588190451025206,0.9749279121818236,-0.2225209339563143,-2.4492935982947064e-16,1.0,0.0,0.0,0.0,7.45,15.3,98.0,84.0,-9.3,2.4687035,0.0,-7.05,21.88888887,18.55,18.5,18.5,18.5,18.65,-25.70674073,-0.2537037399999988,-0.2520000000000002,-3.914,-4.0906666666666665,21.88209877555556,-3.953333333333331,3.583909,3.5569553,3.6545749,3.6779928,3.5956786,0,0.0,0,1.0,-0.4,8.4,91.6
2022-12-21 07:45:00,285.21247987778,245.083807355556,245.117139355556,21.88888887,-4.0906666666666665,18.65,2,5.1764362714980825,70.66250196097344,7,2,12,0.9659258262890684,-0.2588190451025206,0.9749279121818236,-0.2225209339563143,-2.4492935982947064e-16,1.0,0.0,0.0,0.0,8.425,13.95,97.5,84.5,-9.45,2.4427922,0.0,-7.275,22.30555554,18.966666666666665,18.55,18.5,18.5,18.316666666666663,-25.97955553666667,0.3481481400000028,0.0753333333333339,-4.166,-3.981333333333333,21.741358023333333,-4.056888888888886,3.5956786,3.583909,3.5569553,3.6545749,3.6172025,0,0.0,0,1.0,-0.33,7.2,92.8
2022-12-21 08:00:00,271.56635924444004,246.9159563,246.950954916666,22.30555554,-3.981333333333333,18.316666666666663,2,5.1764362714980825,70.66250196097344,8,2,12,0.8660254037844387,-0.4999999999999998,0.9749279121818236,-0.2225209339563143,-2.4492935982947064e-16,1.0,0.0,0.0,0.0,9.4,12.6,97.0,85.0,-9.6,2.4169898,0.0,-7.5,22.62222224,18.65,18.966666666666665,18.55,18.5,18.0,-26.28688887333333,0.4166666699999979,0.1093333333333332,-4.0906666666666665,-3.7666666666666666,21.91172838,-4.079333333333331,3.6172025,3.5956786,3.583909,3.5569553,3.619919,0,0.0,0,1.0,-0.23,6.1,93.9
2022-12-21 08:15:00,259.915714322212,224.3918573,224.42380052222,22.62222224,-3.7666666666666666,18.0,2,5.1764362714980825,70.66250196097344,8,2,12,0.8660254037844387,-0.4999999999999998,0.9749279121818236,-0.2225209339563143,-2.4492935982947064e-16,1.0,1.25,0.3125,0.1041666666666666,9.9,13.15,74.25,85.25,-9.95,2.3494217,0.0,-7.925,22.65740741333333,18.316666666666663,18.65,18.966666666666665,18.55,18.0,-26.388888906666665,0.3166666999999989,0.2146666666666665,-3.981333333333333,-3.43,22.272222216666663,-3.9462222222222194,3.619919,3.6172025,3.5956786,3.583909,3.6272328,0,0.0,0,1.0,-0.16,5.5,94.5
2022-12-21 08:30:00,156.643734,130.486724755556,130.508112766668,22.65740741333333,-3.43,18.0,2,5.1764362714980825,70.66250196097344,8,2,12,0.8660254037844387,-0.4999999999999998,0.9749279121818236,-0.2225209339563143,-2.4492935982947064e-16,1.0,2.5,0.9375,0.3125,10.4,13.7,51.5,85.5,-10.3,2.2834578,0.0,-8.35,22.34444447,18.0,18.316666666666663,18.65,18.966666666666665,18.05,-26.08740741333333,0.0351851733333319,0.3366666666666664,-3.7666666666666666,-3.1126666666666667,22.52839506444444,-3.725999999999997,3.6272328,3.619919,3.6172025,3.5956786,3.5725203,0,0.0,0,1.0,-0.15,5.5,94.5
2022-12-21 08:45:00,157.111215266668,126.688821127778,126.711320227778,22.34444447,-3.1126666666666667,18.05,2,5.1764362714980825,70.66250196097344,8,2,12,0.8660254037844387,-0.4999999999999998,0.9749279121818236,-0.2225209339563143,-2.4492935982947064e-16,1.0,3.75,1.875,0.625,10.9,14.25,28.75,85.75,-10.65,2.219067,0.0,-8.774999999999999,22.10185186333333,18.0,18.0,18.316666666666663,18.65,18.466666666666665,-25.457111136666665,-0.3129629433333321,0.3173333333333334,-3.43,-2.722666666666667,22.541358041111117,-3.436444444444441,3.5725203,3.6272328,3.619919,3.6172025,3.6043153,0,0.0,0,1.0,-0.23,6.1,93.9
2022-12-21 09:00:00,214.404756783334,164.530085216666,164.55563976111,22.10185186333333,-2.722666666666667,18.466666666666665,2,5.1764362714980825,70.66250196097344,9,2,12,0.7071067811865476,-0.7071067811865475,0.9749279121818236,-0.2225209339563143,-2.4492935982947064e-16,1.0,5.0,3.125,1.0416666666666667,11.4,14.8,6.0,86.0,-11.0,2.1562207,0.0,-9.2,22.15555559,18.05,18.0,18.0,18.316666666666663,18.45,-24.82451853,-0.242592606666669,0.3899999999999997,-3.1126666666666667,-2.0013333333333336,22.367901248888888,-3.0884444444444425,3.6043153,3.5725203,3.6272328,3.619919,3.6122177,0,0.0,0,1.0,-0.28,6.6,93.4
2022-12-21 09:15:00,260.05348627778,222.491655527778,222.523043172222,22.15555559,-2.0013333333333336,18.45,2,5.1764362714980825,70.66250196097344,9,2,12,0.7071067811865476,-0.7071067811865475,0.9749279121818236,-0.2225209339563143,-2.4492935982947064e-16,1.0,28.75,10.0,3.4375,10.1,14.7,7.75,84.5,-10.425,2.256751,0.0,-8.35,22.414814823333334,18.466666666666665,18.05,18.0,18.0,18.03333333333333,-24.156888923333334,0.0537037266666686,0.7213333333333334,-2.722666666666667,-1.6,22.200617307777776,-2.61222222222222,3.6122177,3.6043153,3.5725203,3.6272328,3.5836887,0,0.0,0,1.0,-0.27,6.5,93.5
2022-12-21 09:30:00,183.97736286111,159.3311265,159.356681077776,22.414814823333334,-1.6,18.03333333333333,2,5.1764362714980825,70.66250196097344,9,2,12,0.7071067811865476,-0.7071067811865475,0.9749279121818236,-0.2225209339563143,-2.4492935982947064e-16,1.0,52.5,22.5,7.8125,8.8,14.6,9.5,83.0,-9.85,2.360119,0.0,-7.5,22.18333333,18.45,18.466666666666665,18.05,18.0,18.05,-24.01481482333333,0.259259233333335,0.4013333333333335,-2.0013333333333336,-0.6633333333333333,22.224074092222224,-2.107999999999997,3.5836887,3.6122177,3.6043153,3.5725203,3.5395596,0,0.0,0,1.0,-0.21,5.9,94.1
2022-12-21 09:45:00,146.563026194442,114.553751016666,114.57486132222,22.18333333,-0.6633333333333333,18.05,2,5.1764362714980825,70.66250196097344,9,2,12,0.7071067811865476,-0.7071067811865475,0.9749279121818236,-0.2225209339563143,-2.4492935982947064e-16,1.0,76.25,40.625,14.166666666666666,7.5,14.5,11.25,81.5,-9.275,2.4662747,0.0,-6.65,21.696296326666666,18.03333333333333,18.45,18.466666666666665,18.05,18.65,-22.84666666333333,-0.2314814933333338,0.9366666666666668,-1.6,-0.5273333333333333,22.25123458111111,-1.421555555555553,3.5395596,3.5836887,3.6122177,3.6043153,3.5559123,0,0.0,0,1.0,-0.26,6.4,93.6
2022-12-21 10:00:00,175.35604114444,145.825555644444,145.8483325,21.696296326666666,-0.5273333333333333,18.65,2,5.1764362714980825,70.66250196097344,10,2,12,0.4999999999999999,-0.8660254037844387,0.9749279121818236,-0.2225209339563143,-2.4492935982947064e-16,1.0,100.0,64.375,22.5,6.2,14.4,13.0,80.0,-8.7,2.5751524,0.0,-5.8,21.81666666,18.05,18.03333333333333,18.45,18.466666666666665,19.0,-22.22362966,-0.4870370033333344,0.136,-0.6633333333333333,0.1766666666666666,22.098148160000004,-0.9302222222222196,3.5559123,3.5395596,3.5836887,3.6122177,3.6479194,0,0.0,0,1.0,-0.37,7.8,92.2
2022-12-21 10:15:00,550.5104788166619,205.42567156111,205.457336977776,21.81666666,0.1766666666666666,19.0,2,5.1764362714980825,70.66250196097344,10,2,12,0.4999999999999999,-0.8660254037844387,0.9749279121818236,-0.2225209339563143,-2.4492935982947064e-16,1.0,133.75,90.625,33.645833333333336,5.7250000000000005,14.4,11.0,77.75,-8.325,2.6514573,0.0,-5.0,22.246296296666667,18.65,18.05,18.03333333333333,18.45,18.816666666666663,-21.639999993333333,0.1203703333333336,0.704,-0.5273333333333333,1.136,21.898765438888887,-0.3379999999999973,3.6479194,3.5559123,3.5395596,3.5836887,3.703296,0,0.0,0,1.0,-0.34,7.4,92.6
2022-12-21 10:30:00,281.509572350006,235.958061333332,235.990560049998,22.246296296666667,1.136,18.816666666666663,2,5.1764362714980825,70.66250196097344,10,2,12,0.4999999999999999,-0.8660254037844387,0.9749279121818236,-0.2225209339563143,-2.4492935982947064e-16,1.0,167.5,119.375,47.60416666666666,5.25,14.4,9.0,75.5,-7.949999999999999,2.7266545,0.0,-4.2,22.605555560000003,19.0,18.65,18.05,18.03333333333333,18.5,-21.110296296666668,0.4296296366666681,0.9593333333333331,0.1766666666666666,1.518,21.919753094444445,0.2617777777777804,3.703296,3.6479194,3.5559123,3.5395596,3.716916,0,0.0,0,1.0,-0.24,6.2,93.8
2022-12-21 10:45:00,217.490466716666,184.313738255556,184.341237172222,22.605555560000003,1.518,18.5,2,5.1764362714980825,70.66250196097344,10,2,12,0.4999999999999999,-0.8660254037844387,0.9749279121818236,-0.2225209339563143,-2.4492935982947064e-16,1.0,201.25,150.625,64.375,4.775,14.4,7.0,73.25,-7.575,2.8003929,0.0,-3.4,22.67777776333333,18.816666666666663,19.0,18.65,18.05,18.5,-21.08755556,0.3592592633333353,0.3820000000000001,1.136,2.3366666666666664,22.222839505555555,0.9435555555555584,3.716916,3.703296,3.6479194,3.5559123,3.7323477,0,0.0,0,1.0,-0.16,5.5,94.5
2022-12-21 11:00:00,164.069270399996,139.592193872222,139.614137494442,22.67777776333333,2.3366666666666664,18.5,2,5.1764362714980825,70.66250196097344,11,2,12,0.258819045102521,-0.9659258262890682,0.9749279121818236,-0.2225209339563143,-2.4492935982947064e-16,1.0,235.0,184.375,83.95833333333333,4.3,14.4,5.0,71.0,-7.2,2.8722937,0.0,-2.6,22.52777777,18.5,18.816666666666663,19.0,18.65,18.85,-20.341111096666666,0.0722222033333288,0.8186666666666664,1.518,2.614,22.509876540000004,1.663555555555558,3.7323477,3.716916,3.703296,3.6479194,3.7703667,0,0.0,0,1.0,-0.15,5.4,94.6
2022-12-21 11:15:00,168.77991528333,140.68159472777802,140.70326056111,22.52777777,2.614,18.85,2,5.1764362714980825,70.66250196097344,11,2,12,0.258819045102521,-0.9659258262890682,0.9749279121818236,-0.2225209339563143,-2.4492935982947064e-16,1.0,261.0,216.1875,105.60416666666669,4.175,13.95,4.75,68.75,-6.9,2.9316723,0.0,-1.85,22.448148106666665,18.5,18.5,18.816666666666663,19.0,19.0,-19.91377777,-0.1499999933333313,0.2773333333333334,2.3366666666666664,3.232,22.603703697777775,2.1562222222222247,3.7703667,3.7323477,3.716916,3.703296,3.7830286,0,0.0,0,1.0,-0.18,5.7,94.3
2022-12-21 11:30:00,178.79340347778,141.00408186111,141.024636588888,22.448148106666665,3.232,19.0,2,5.1764362714980825,70.66250196097344,11,2,12,0.258819045102521,-0.9659258262890682,0.9749279121818236,-0.2225209339563143,-2.4492935982947064e-16,1.0,287.0,246.0625,129.3125,4.05,13.5,4.5,66.5,-6.6,2.9880714,0.0,-1.1,22.4444444,18.85,18.5,18.5,18.816666666666663,19.0,-19.216148106666665,-0.0796296633333355,0.6180000000000003,2.614,3.497333333333333,22.551234546666667,2.727555555555558,3.7830286,3.7703667,3.7323477,3.716916,3.782224,0,0.0,0,1.0,-0.2,5.8,94.2
2022-12-21 11:45:00,180.632218988884,140.238279144444,140.259389433332,22.4444444,3.497333333333333,19.0,2,5.1764362714980825,70.66250196097344,11,2,12,0.258819045102521,-0.9659258262890682,0.9749279121818236,-0.2225209339563143,-2.4492935982947064e-16,1.0,313.0,274.0,155.08333333333334,3.925,13.05,4.25,64.25,-6.3,3.0410588,0.0,-0.3500000000000001,22.4444444,19.0,18.85,18.5,18.5,19.183333333333334,-18.947111066666665,-0.0037037066666663,0.265333333333333,3.232,3.3826666666666667,22.473456758888886,3.114444444444447,3.782224,3.7830286,3.7703667,3.7323477,3.818719,0,0.0,0,1.0,-0.2,5.8,94.2
2022-12-21 12:00:00,177.584563099996,140.947973005554,140.968527766664,22.4444444,3.3826666666666667,19.183333333333334,2,5.1764362714980825,70.66250196097344,12,2,12,1.2246467991473532e-16,-1.0,0.9749279121818236,-0.2225209339563143,-2.4492935982947064e-16,1.0,339.0,300.0,182.91666666666663,3.8,12.6,4.0,62.0,-6.0,3.0901725,0.0,0.4,22.48333332,19.0,19.0,18.85,18.5,19.5,-19.061777733333333,0.0,-0.1146666666666664,3.497333333333333,3.686,22.44567896888889,3.370666666666669,3.818719,3.782224,3.7830286,3.7703667,3.8904378,0,0.0,0,1.0,-0.2,5.8,94.2
2022-12-21 12:15:00,176.766540188888,141.549337783334,141.569892577776,22.48333332,3.686,19.5,2,5.1764362714980825,70.66250196097344,12,2,12,1.2246467991473532e-16,-1.0,0.9749279121818236,-0.2225209339563143,-2.4492935982947064e-16,1.0,352.25,322.8125,209.875,4.3,13.775,3.0,61.25,-5.875,3.116256,0.0,0.7000000000000001,22.5,19.183333333333334,19.0,19.0,18.85,19.5,-18.79733332,0.0388889200000015,0.3033333333333332,3.3826666666666667,3.743333333333333,22.457407373333336,3.5220000000000025,3.8904378,3.818719,3.782224,3.7830286,3.894163,0,0.0,0,1.0,-0.18,5.7,94.3
2022-12-21 12:30:00,166.251405244444,141.8051609,141.827104472222,22.5,3.743333333333333,19.5,2,5.1764362714980825,70.66250196097344,12,2,12,1.2246467991473532e-16,-1.0,0.9749279121818236,-0.2225209339563143,-2.4492935982947064e-16,1.0,365.5,342.4375,235.95833333333331,4.8,14.95,2.0,60.5,-5.75,3.1419249,0.0,1.0,22.5,19.5,19.183333333333334,19.0,19.0,19.5,-18.756666666666668,0.0166666800000001,0.0573333333333332,3.686,3.988,22.475925906666664,3.6040000000000014,3.894163,3.8904378,3.818719,3.782224,3.894163,0,0.0,0,1.0,-0.18,5.7,94.3
2022-12-21 12:45:00,166.391955355548,142.089316216666,142.111815333332,22.5,3.988,19.5,2,5.1764362714980825,70.66250196097344,12,2,12,1.2246467991473532e-16,-1.0,0.9749279121818236,-0.2225209339563143,-2.4492935982947064e-16,1.0,378.75,358.875,261.1666666666667,5.3,16.125,1.0,59.75,-5.625,3.167155,0.0,1.3000000000000005,22.520370386666663,19.5,19.5,19.183333333333334,19.0,19.5,-18.512,0.0,0.2446666666666668,3.743333333333333,3.94,22.49444444000001,3.805777777777781,3.894163,3.894163,3.8904378,3.818719,3.8987203,0,0.0,0,1.0,-0.18,5.7,94.3
2022-12-21 13:00:00,191.25429410555,142.0826498,142.102371294442,22.520370386666663,3.94,19.5,2,5.1764362714980825,70.66250196097344,13,2,12,-0.2588190451025208,-0.9659258262890684,0.9749279121818236,-0.2225209339563143,-2.4492935982947064e-16,1.0,392.0,372.125,285.5,5.8,17.3,0.0,59.0,-5.5,3.191919,0.0,1.6,22.5555556,19.5,19.5,19.5,19.183333333333334,19.85,-18.580370386666665,0.0203703866666664,-0.048,3.988,4.141333333333333,22.50679012888889,3.890444444444447,3.8987203,3.894163,3.894163,3.8904378,3.9767232,0,0.0,0,1.0,-0.18,5.6,94.4
2022-12-21 13:15:00,181.70745366111,141.692665383334,141.7143312,22.5555556,4.141333333333333,19.85,2,5.1764362714980825,70.66250196097344,13,2,12,-0.2588190451025208,-0.9659258262890684,0.9749279121818236,-0.2225209339563143,-2.4492935982947064e-16,1.0,393.25,382.375,307.125,6.175,17.925,0.0,58.5,-5.45,3.208158,0.0,1.8,22.5555556,19.5,19.5,19.5,19.5,20.0,-18.41422226666667,0.0351852133333352,0.2013333333333329,3.94,4.218666666666667,22.525308662222223,4.023111111111113,3.9767232,3.8987203,3.894163,3.894163,4.0067744,0,0.0,0,1.0,-0.17,5.6,94.4
2022-12-21 13:30:00,169.22017550555,141.792383611112,141.81488276111,22.5555556,4.218666666666667,20.0,2,5.1764362714980825,70.66250196097344,13,2,12,-0.2588190451025208,-0.9659258262890684,0.9749279121818236,-0.2225209339563143,-2.4492935982947064e-16,1.0,394.5,389.625,326.0416666666667,6.55,18.55,0.0,58.0,-5.4,3.22417,0.0,2.0,22.59444445,19.85,19.5,19.5,19.5,20.0,-18.33688893333333,0.0,0.0773333333333337,4.141333333333333,4.237333333333334,22.54382719555556,4.100000000000002,4.0067744,3.9767232,3.8987203,3.894163,4.0157266,0,0.0,0,1.0,-0.16,5.6,94.4
2022-12-21 13:45:00,177.54734233888598,141.717386627778,141.73766364999798,22.59444445,4.237333333333334,20.0,2,5.1764362714980825,70.66250196097344,13,2,12,-0.2588190451025208,-0.9659258262890684,0.9749279121818236,-0.2225209339563143,-2.4492935982947064e-16,1.0,395.75,393.875,342.25,6.925,19.175,0.0,57.5,-5.35,3.2399468,0.0,2.2,22.6111111,20.0,19.85,19.5,19.5,20.0,-18.357111116666665,0.0388888499999993,0.0186666666666672,4.218666666666667,4.192,22.568518550000004,4.1991111111111135,4.0157266,4.0067744,3.9767232,3.8987203,4.019569,0,0.0,0,1.0,-0.16,5.5,94.5
2022-12-21 14:00:00,142.999835427774,117.529465316666,117.548075705554,22.6111111,4.192,20.0,2,5.1764362714980825,70.66250196097344,14,2,12,-0.4999999999999997,-0.8660254037844388,0.9749279121818236,-0.2225209339563143,-2.4492935982947064e-16,1.0,397.0,395.125,355.75,7.3,19.8,0.0,57.0,-5.3,3.255482,0.0,2.4,22.37777779,20.0,20.0,19.85,19.5,20.0,-18.4191111,0.0166666499999976,-0.0453333333333336,4.237333333333334,4.441999999999999,22.587037050000003,4.216000000000003,4.019569,4.0157266,4.0067744,3.9767232,3.9660647,0,0.0,0,1.0,-0.15,5.5,94.5
2022-12-21 14:15:00,177.618172855552,149.596793655556,149.619292755556,22.37777779,4.441999999999999,20.0,2,5.1764362714980825,70.66250196097344,14,2,12,-0.4999999999999997,-0.8660254037844388,0.9749279121818236,-0.2225209339563143,-2.4492935982947064e-16,1.0,384.0,392.8125,366.0,6.9,19.7,0.0,57.0,-5.25,3.2609818,0.0,2.425,22.359259273333333,20.0,20.0,20.0,19.85,20.0,-17.93577779,-0.233333309999999,0.2499999999999991,4.192,4.104666666666667,22.52777778,4.290444444444447,3.9660647,4.019569,4.0157266,4.0067744,3.961845,0,0.0,0,1.0,-0.2,5.9,94.1
2022-12-21 14:30:00,228.01365700555,177.570952427778,177.594284794446,22.359259273333333,4.104666666666667,20.0,2,5.1764362714980825,70.66250196097344,14,2,12,-0.4999999999999997,-0.8660254037844388,0.9749279121818236,-0.2225209339563143,-2.4492935982947064e-16,1.0,371.0,386.9375,373.0,6.5,19.6,0.0,57.0,-5.199999999999999,3.2664897,0.0,2.45,22.63333335,20.0,20.0,20.0,20.0,20.0,-18.254592606666662,-0.018518516666667,-0.3373333333333326,4.441999999999999,3.9806666666666666,22.44938272111111,4.246222222222225,3.961845,3.9660647,4.019569,4.0157266,4.024697,0,0.0,0,1.0,-0.21,5.9,94.1
2022-12-21 14:45:00,214.886959794442,176.447664011112,176.471274183334,22.63333335,3.9806666666666666,20.0,2,5.1764362714980825,70.66250196097344,14,2,12,-0.4999999999999997,-0.8660254037844388,0.9749279121818236,-0.2225209339563143,-2.4492935982947064e-16,1.0,358.0,377.5,376.75,6.1,19.5,0.0,57.0,-5.15,3.2720058,0.0,2.475,22.781481456666665,20.0,20.0,20.0,20.0,20.0,-18.652666683333333,0.2740740766666683,-0.1240000000000001,4.104666666666667,4.060666666666666,22.456790137777777,4.17577777777778,4.024697,3.961845,3.9660647,4.019569,4.059028,0,0.0,0,1.0,-0.15,5.4,94.6
2022-12-21 15:00:00,130.464781316662,106.062979527778,106.081589933332,22.781481456666665,4.060666666666666,20.0,2,5.1764362714980825,70.66250196097344,15,2,12,-0.7071067811865471,-0.7071067811865479,0.9749279121818236,-0.2225209339563143,-2.4492935982947064e-16,1.0,345.0,364.5,377.25,5.7,19.4,0.0,57.0,-5.1,3.2775304,0.0,2.5,22.55555555,20.0,20.0,20.0,20.0,20.0,-18.72081479,0.1481481066666639,0.0799999999999996,3.9806666666666666,4.008666666666667,22.59135802666667,4.048666666666669,4.059028,4.024697,3.961845,3.9660647,4.0067744,0,0.0,0,1.0,-0.11,5.3,94.7
2022-12-21 15:15:00,147.505488494442,114.802907733332,114.821795927774,22.55555555,4.008666666666667,20.0,2,5.1764362714980825,70.66250196097344,15,2,12,-0.7071067811865471,-0.7071067811865479,0.9749279121818236,-0.2225209339563143,-2.4492935982947064e-16,1.0,320.0,348.5,374.5625,5.35,18.6,0.25,58.75,-4.975,3.3159828,0.0,2.225,22.37592592,20.0,20.0,20.0,20.0,20.0,-18.54688888333333,-0.2259259066666636,-0.0519999999999996,4.060666666666666,3.773333333333333,22.65679011888889,4.016666666666669,4.0067744,4.059028,4.024697,3.961845,3.9656427,0,0.0,0,1.0,-0.16,5.6,94.4
2022-12-21 15:30:00,148.253236200004,119.686045666668,119.705489372222,22.37592592,3.773333333333333,20.0,2,5.1764362714980825,70.66250196097344,15,2,12,-0.7071067811865471,-0.7071067811865479,0.9749279121818236,-0.2225209339563143,-2.4492935982947064e-16,1.0,295.0,329.5,368.6875,5.0,17.799999999999997,0.5,60.5,-4.85,3.3517659,0.0,1.95,22.32777775,20.0,20.0,20.0,20.0,20.35,-18.602592586666667,-0.1796296300000008,-0.2353333333333331,4.008666666666667,3.5326666666666666,22.570987642222224,3.9475555555555584,3.9656427,4.0067744,4.059028,4.024697,4.0238867,0,0.0,0,1.0,-0.21,5.9,94.1
2022-12-21 15:45:00,155.389617533332,119.279395333332,119.298283494442,22.32777775,3.5326666666666666,20.35,2,5.1764362714980825,70.66250196097344,15,2,12,-0.7071067811865471,-0.7071067811865479,0.9749279121818236,-0.2225209339563143,-2.4492935982947064e-16,1.0,270.0,307.5,359.625,4.65,17.0,0.75,62.25,-4.725,3.3849554,0.0,1.6749999999999998,22.2814815,20.0,20.0,20.0,20.0,20.5,-18.79511108333333,-0.048148170000001,-0.2406666666666668,3.773333333333333,3.1966666666666668,22.419753073333336,3.771555555555558,4.0238867,3.9656427,4.0067744,4.059028,4.042768,0,0.0,0,1.0,-0.21,6.0,94.0
2022-12-21 16:00:00,164.51286380555,117.428358227778,117.445579855552,22.2814815,3.1966666666666668,20.5,2,5.1764362714980825,70.66250196097344,16,2,12,-0.8660254037844385,-0.5000000000000004,0.9749279121818236,-0.2225209339563143,-2.4492935982947064e-16,1.0,245.0,282.5,347.375,4.3,16.2,1.0,64.0,-4.6,3.415624,0.0,1.4,22.21666666,20.35,20.0,20.0,20.0,20.5,-19.084814833333333,-0.046296250000001,-0.3359999999999998,3.5326666666666666,3.023333333333333,22.32839505666667,3.500888888888892,4.042768,4.0238867,3.9656427,4.0067744,4.0277185,0,0.0,0,1.0,-0.22,6.0,94.0
2022-12-21 16:15:00,116.055079977772,82.3975373,82.411703433332,22.21666666,3.023333333333333,20.5,2,5.1764362714980825,70.66250196097344,16,2,12,-0.8660254037844385,-0.5000000000000004,0.9749279121818236,-0.2225209339563143,-2.4492935982947064e-16,1.0,211.5,255.375,332.2291666666667,4.95,14.85,9.75,65.0,-4.775,3.3813922,0.0,1.025,21.974074076666668,20.5,20.35,20.0,20.0,20.5,-19.193333326666664,-0.0648148400000003,-0.1733333333333333,3.1966666666666668,2.8906666666666667,22.275308636666665,3.250888888888892,4.0277185,4.042768,4.0238867,3.9656427,3.9718227,0,0.0,0,1.0,-0.24,6.2,93.8
2022-12-21 16:30:00,139.437755649998,114.9687344,114.98817812222,21.974074076666668,2.8906666666666667,20.5,2,5.1764362714980825,70.66250196097344,16,2,12,-0.8660254037844385,-0.5000000000000004,0.9749279121818236,-0.2225209339563143,-2.4492935982947064e-16,1.0,178.0,226.125,314.1875,5.6,13.5,18.5,66.0,-4.949999999999999,3.3464413,0.0,0.6499999999999999,21.99444445,20.5,20.5,20.35,20.0,20.45,-19.08340741,-0.2425925833333302,-0.1326666666666667,3.023333333333333,2.740666666666667,22.157407412222224,3.036888888888892,3.9718227,4.0277185,4.042768,4.0238867,3.9667907,0,0.0,0,1.0,-0.29,6.8,93.2
2022-12-21 16:45:00,216.912156566664,187.183623455556,187.209178,21.99444445,2.740666666666667,20.45,2,5.1764362714980825,70.66250196097344,16,2,12,-0.8660254037844385,-0.5000000000000004,0.9749279121818236,-0.2225209339563143,-2.4492935982947064e-16,1.0,144.5,194.75,293.25,6.25,12.15,27.25,67.0,-5.125,3.3108213,0.0,0.2749999999999999,22.38148149,20.5,20.5,20.5,20.35,19.85,-19.253777783333334,0.020370373333332,-0.1499999999999999,2.8906666666666667,2.466666666666667,22.06172839555556,2.8848888888888915,3.9667907,3.9718227,4.0277185,4.042768,3.937158,0,0.0,0,1.0,-0.29,6.7,93.3
2022-12-21 17:00:00,226.85536975556,192.311473883334,192.336472883334,22.38148149,2.466666666666667,19.85,2,5.1764362714980825,70.66250196097344,17,2,12,-0.9659258262890684,-0.2588190451025206,0.9749279121818236,-0.2225209339563143,-2.4492935982947064e-16,1.0,111.0,161.25,269.4166666666667,6.9,10.8,36.0,68.0,-5.3,3.274584,0.0,-0.1,22.62777779,20.45,20.5,20.5,20.5,19.55,-19.91481482333333,0.3870370399999991,-0.274,2.740666666666667,1.7966666666666666,22.116666672222223,2.6993333333333367,3.937158,3.9667907,3.9718227,4.0277185,3.9328873,0,0.0,0,1.0,-0.21,5.9,94.1
2022-12-21 17:15:00,150.992848761118,110.666962027778,110.683905849998,22.62777779,1.7966666666666666,19.55,2,5.1764362714980825,70.66250196097344,17,2,12,-0.9659258262890684,-0.2588190451025206,0.9749279121818236,-0.2225209339563143,-2.4492935982947064e-16,1.0,85.5,129.75,244.54166666666663,6.300000000000001,10.35,52.0,68.0,-5.175,3.30292,0.0,0.0249999999999999,22.418518483333333,19.85,20.45,20.5,20.5,19.966666666666665,-20.831111123333333,0.2462963000000009,-0.6700000000000002,2.466666666666667,1.2266666666666666,22.33456791,2.3346666666666698,3.9328873,3.937158,3.9667907,3.9718227,3.9687366,0,0.0,0,1.0,-0.15,5.5,94.5
2022-12-21 17:30:00,153.063599411112,112.831319916666,112.848541527774,22.418518483333333,1.2266666666666666,19.966666666666665,2,5.1764362714980825,70.66250196097344,17,2,12,-0.9659258262890684,-0.2588190451025206,0.9749279121818236,-0.2225209339563143,-2.4492935982947064e-16,1.0,60.0,100.25,218.625,5.7,9.9,68.0,68.0,-5.05,3.3314703,0.0,0.15,22.24444442,19.55,19.85,20.45,20.5,20.0,-21.191851816666667,-0.2092593066666666,-0.5700000000000001,1.7966666666666666,0.8866666666666666,22.475925921111116,1.830000000000003,3.9687366,3.9328873,3.937158,3.9667907,3.9357681,0,0.0,0,1.0,-0.2,5.8,94.2
2022-12-21 17:45:00,131.91694536111,98.711884716666,98.72771748333,22.24444442,0.8866666666666666,20.0,2,5.1764362714980825,70.66250196097344,17,2,12,-0.9659258262890684,-0.2588190451025206,0.9749279121818236,-0.2225209339563143,-2.4492935982947064e-16,1.0,34.5,72.75,191.66666666666663,5.1,9.45,84.0,68.0,-4.925,3.360237,0.0,0.275,22.05740738333333,19.966666666666665,19.55,19.85,20.45,20.0,-21.35777775333333,-0.1740740633333359,-0.3399999999999999,1.2266666666666666,0.6853333333333332,22.430246897777774,1.303333333333336,3.9357681,3.9687366,3.9328873,3.937158,3.8936067,0,0.0,0,1.0,-0.24,6.2,93.8
2022-12-21 18:00:00,110.217813427774,85.834344272222,85.849899266664,22.05740738333333,0.6853333333333332,20.0,2,5.1764362714980825,70.66250196097344,18,2,12,-1.0,-1.8369701987210294e-16,0.9749279121818236,-0.2225209339563143,-2.4492935982947064e-16,1.0,9.0,47.25,163.66666666666666,4.5,9.0,100.0,68.0,-4.8,3.3892217,0.0,0.4,21.76666664,20.0,19.966666666666665,19.55,19.85,20.05,-21.37207405,-0.1870370366666627,-0.2013333333333333,0.8866666666666666,0.4586666666666666,22.240123428888893,0.932888888888892,3.8936067,3.9357681,3.9687366,3.9328873,3.8384168,0,0.0,0,1.0,-0.28,6.6,93.4
2022-12-21 18:15:00,138.477516211112,112.159124522224,112.1771794,21.76666664,0.4586666666666666,20.05,2,5.1764362714980825,70.66250196097344,18,2,12,-1.0,-1.8369701987210294e-16,0.9749279121818236,-0.2225209339563143,-2.4492935982947064e-16,1.0,6.75,27.5625,137.5625,4.0,8.375,100.0,71.0,-5.375,3.2744384,0.0,-0.725,21.55555555,20.0,20.0,19.966666666666665,19.55,20.466666666666665,-21.30799997333333,-0.290740743333334,-0.2266666666666665,0.6853333333333332,0.378,22.02283948111111,0.6768888888888918,3.8384168,3.8936067,3.9357681,3.9687366,3.8706627,0,0.0,0,1.0,-0.35,7.5,92.5
2022-12-21 18:30:00,189.272984311112,144.023127744444,144.042293677776,21.55555555,0.378,20.466666666666665,2,5.1764362714980825,70.66250196097344,18,2,12,-1.0,-1.8369701987210294e-16,0.9749279121818236,-0.2225209339563143,-2.4492935982947064e-16,1.0,4.5,13.6875,113.35416666666669,3.5,7.75,100.0,74.0,-5.949999999999999,3.1555457,0.0,-1.85,21.80555553,20.05,20.0,20.0,19.966666666666665,20.15,-21.17755555,-0.2111110899999992,-0.0806666666666666,0.4586666666666666,0.208,21.793209857777786,0.5073333333333362,3.8706627,3.8384168,3.8936067,3.9357681,3.8662343,0,0.0,0,1.0,-0.39,8.2,91.8
2022-12-21 18:45:00,244.544106811108,204.6551468,204.681812416666,21.80555553,0.208,20.15,2,5.1764362714980825,70.66250196097344,18,2,12,-1.0,-1.8369701987210294e-16,0.9749279121818236,-0.2225209339563143,-2.4492935982947064e-16,1.0,2.25,5.625,91.04166666666669,3.0,7.125,100.0,77.0,-6.525,3.033682,0.0,-2.975,22.29814813333333,20.466666666666665,20.05,20.0,20.0,19.816666666666663,-21.59755553,0.2499999799999983,-0.1699999999999999,0.378,-0.04,21.70925924,0.3482222222222251,3.8662343,3.8706627,3.8384168,3.8936067,3.9117572,0,0.0,0,1.0,-0.34,7.3,92.7
2022-12-21 19:00:00,190.527100844444,161.8710249,161.893246277776,22.29814813333333,-0.04,19.816666666666663,2,5.1764362714980825,70.66250196097344,19,2,12,-0.9659258262890684,0.2588190451025203,0.9749279121818236,-0.2225209339563143,-2.4492935982947064e-16,1.0,0.0,3.375,70.625,2.5,6.5,100.0,80.0,-7.1,2.909869,0.0,-4.1,22.40555556,20.15,20.466666666666665,20.05,20.0,19.55,-22.33814813333333,0.4925926033333319,-0.248,0.208,-0.002,21.886419737777786,0.1820000000000029,3.9117572,3.8662343,3.8706627,3.8384168,3.8830228,0,0.0,0,1.0,-0.22,6.0,94.0
2022-12-21 19:15:00,147.786032722224,110.832510955556,110.85001032222,22.40555556,-0.002,19.55,2,5.1764362714980825,70.66250196097344,19,2,12,-0.9659258262890684,0.2588190451025203,0.9749279121818236,-0.2225209339563143,-2.4492935982947064e-16,1.0,0.0,1.6875,53.0,3.55,7.125,100.0,80.75,-7.125,2.9006722,0.0,-4.275,22.192592576666662,19.816666666666663,20.15,20.466666666666665,20.05,19.966666666666665,-22.40755556,0.1074074266666684,0.038,-0.04,-0.2513333333333333,22.169753074444444,0.0553333333333362,3.8830228,3.9117572,3.8662343,3.8706627,3.917501,0,0.0,0,1.0,-0.2,5.8,94.2
2022-12-21 19:30:00,144.339503972222,120.001310888888,120.01992134444,22.192592576666662,-0.2513333333333333,19.966666666666665,2,5.1764362714980825,70.66250196097344,19,2,12,-0.9659258262890684,0.2588190451025203,0.9749279121818236,-0.2225209339563143,-2.4492935982947064e-16,1.0,0.0,0.5625,38.16666666666666,4.6,7.75,100.0,81.5,-7.15,2.8912008,0.0,-4.449999999999999,22.06666669,19.55,19.816666666666663,20.15,20.466666666666665,20.0,-22.44392591,-0.2129629833333339,-0.2493333333333333,-0.002,-0.432,22.29876542333333,-0.0977777777777748,3.917501,3.8830228,3.9117572,3.8662343,3.8956854,0,0.0,0,1.0,-0.25,6.3,93.7
2022-12-21 19:45:00,142.999279833332,116.896157283334,116.914489966664,22.06666669,-0.432,20.0,2,5.1764362714980825,70.66250196097344,19,2,12,-0.9659258262890684,0.2588190451025203,0.9749279121818236,-0.2225209339563143,-2.4492935982947064e-16,1.0,0.0,0.0,26.125,5.65,8.375,100.0,82.25,-7.175,2.881462,0.0,-4.625,22.024074093333336,19.966666666666665,19.55,19.816666666666663,20.15,20.0,-22.49866669,-0.1259258866666677,-0.1806666666666667,-0.2513333333333333,-0.6206666666666667,22.221604942222225,-0.2284444444444415,3.8956854,3.917501,3.8830228,3.9117572,3.8861346,0,0.0,0,1.0,-0.28,6.6,93.4
2022-12-21 20:00:00,209.30607192222,157.091493855556,157.112604144444,22.024074093333336,-0.6206666666666667,20.0,2,5.1764362714980825,70.66250196097344,20,2,12,-0.8660254037844386,0.5000000000000001,0.9749279121818236,-0.2225209339563143,-2.4492935982947064e-16,1.0,0.0,0.0,16.875,6.7,9.0,100.0,83.0,-7.2,2.8714628,0.0,-4.8,22.18888889,20.0,19.966666666666665,19.55,19.816666666666663,19.65,-22.644740760000005,-0.0425925966666618,-0.1886666666666666,-0.432,-0.9006666666666666,22.09444445333333,-0.4346666666666638,3.8861346,3.8956854,3.917501,3.8830228,3.854548,0,0.0,0,1.0,-0.29,6.7,93.3
2022-12-21 20:15:00,216.059412811112,177.654560183334,177.677059250002,22.18888889,-0.9006666666666666,19.65,2,5.1764362714980825,70.66250196097344,20,2,12,-0.8660254037844386,0.5000000000000001,0.9749279121818236,-0.2225209339563143,-2.4492935982947064e-16,1.0,0.0,0.0,9.75,6.575,10.0,100.0,83.75,-7.275,2.8560715,0.0,-5.0,22.43888891,20.0,20.0,19.966666666666665,19.55,19.5,-23.089555556666664,0.1648147966666613,-0.2799999999999999,-0.6206666666666667,-1.1073333333333333,22.093209891111112,-0.6511111111111082,3.854548,3.8861346,3.8956854,3.917501,3.8805165,0,0.0,0,1.0,-0.25,6.3,93.7
2022-12-21 20:30:00,203.337977122228,178.872567027778,178.89645493889,22.43888891,-1.1073333333333333,19.5,2,5.1764362714980825,70.66250196097344,20,2,12,-0.8660254037844386,0.5000000000000001,0.9749279121818236,-0.2225209339563143,-2.4492935982947064e-16,1.0,0.0,0.0,4.75,6.45,11.0,100.0,84.5,-7.35,2.8404653,0.0,-5.199999999999999,22.64444448,19.65,20.0,20.0,19.966666666666665,19.45,-23.54622224333333,0.2500000200000016,-0.2066666666666666,-0.9006666666666666,-1.2226666666666666,22.217283964444448,-0.8762222222222192,3.8805165,3.854548,3.8861346,3.8956854,3.916514,0,0.0,0,1.0,-0.19,5.8,94.2
2022-12-21 20:45:00,213.342576905562,179.0636705,179.086169566668,22.64444448,-1.2226666666666666,19.45,2,5.1764362714980825,70.66250196097344,20,2,12,-0.8660254037844386,0.5000000000000001,0.9749279121818236,-0.2225209339563143,-2.4492935982947064e-16,1.0,0.0,0.0,1.875,6.325,12.0,100.0,85.25,-7.425,2.8246505,0.0,-5.4,22.79074074333333,19.5,19.65,20.0,20.0,19.03333333333333,-23.867111146666662,0.2055555700000013,-0.1153333333333332,-1.1073333333333333,-1.0973333333333335,22.42407409333333,-1.076888888888886,3.916514,3.8805165,3.854548,3.8861346,3.8648922,0,0.0,0,1.0,-0.15,5.4,94.6
2022-12-21 21:00:00,205.48594681667,178.452306055556,178.476471755556,22.79074074333333,-1.0973333333333335,19.03333333333333,2,5.1764362714980825,70.66250196097344,21,2,12,-0.7071067811865477,0.7071067811865474,0.9749279121818236,-0.2225209339563143,-2.4492935982947064e-16,1.0,0.0,0.0,1.125,6.2,13.0,100.0,86.0,-7.5,2.8086371,0.0,-5.6,22.83888886,19.45,19.5,19.65,20.0,19.0,-23.88807407666667,0.1462962633333333,0.125333333333333,-1.2226666666666666,-1.496,22.62469137777778,-1.1424444444444417,3.8648922,3.916514,3.8805165,3.854548,3.8687794,0,0.0,0,1.0,-0.12,5.3,94.7
2022-12-21 21:15:00,211.300992138886,177.450679488888,177.4745674,22.83888886,-1.496,19.0,2,5.1764362714980825,70.66250196097344,21,2,12,-0.7071067811865477,0.7071067811865474,0.9749279121818236,-0.2225209339563143,-2.4492935982947064e-16,1.0,0.0,0.0,0.5625,6.125,12.45,100.0,85.75,-7.75,2.7602415,0.0,-5.8,22.90555554333333,19.03333333333333,19.45,19.5,19.65,19.0,-24.33488886,0.0481481166666668,-0.3986666666666665,-1.0973333333333335,-1.6013333333333333,22.758024694444448,-1.271999999999997,3.8687794,3.8648922,3.916514,3.8805165,3.8835776,0,0.0,0,1.0,-0.11,5.2,94.8
2022-12-21 21:30:00,225.015721211112,176.5237721,176.54654897222198,22.90555554333333,-1.6013333333333333,19.0,2,5.1764362714980825,70.66250196097344,21,2,12,-0.7071067811865477,0.7071067811865474,0.9749279121818236,-0.2225209339563143,-2.4492935982947064e-16,1.0,0.0,0.0,0.1875,6.050000000000001,11.9,100.0,85.5,-8.0,2.71259,0.0,-6.0,22.9444444,19.0,19.03333333333333,19.45,19.5,19.0,-24.506888876666665,0.0666666833333309,-0.1053333333333332,-1.496,-1.68,22.84506171555556,-1.3982222222222191,3.8835776,3.8687794,3.8648922,3.916514,3.892231,0,0.0,0,1.0,-0.09,5.2,94.8
2022-12-21 21:45:00,211.093500438886,176.475718488888,176.499606416666,22.9444444,-1.68,19.0,2,5.1764362714980825,70.66250196097344,21,2,12,-0.7071067811865477,0.7071067811865474,0.9749279121818236,-0.2225209339563143,-2.4492935982947064e-16,1.0,0.0,0.0,0.0,5.9750000000000005,11.35,100.0,85.25,-8.25,2.665671,0.0,-6.2,22.9444444,19.0,19.0,19.03333333333333,19.45,19.0,-24.6244444,0.0388888566666665,-0.0786666666666666,-1.6013333333333333,-1.7446666666666668,22.89629626777777,-1.5924444444444414,3.892231,3.8835776,3.8687794,3.8648922,3.892231,0,0.0,0,1.0,-0.08,5.1,94.9
2022-12-21 22:00:00,199.974778422224,175.544366844444,175.569088072222,22.9444444,-1.7446666666666668,19.0,2,5.1764362714980825,70.66250196097344,22,2,12,-0.5000000000000004,0.8660254037844384,0.9749279121818236,-0.2225209339563143,-2.4492935982947064e-16,1.0,0.0,0.0,0.0,5.9,10.8,100.0,85.0,-8.5,2.619475,0.0,-6.4,22.90555552,19.0,19.0,19.0,19.03333333333333,19.0,-24.689111066666666,0.0,-0.0646666666666668,-1.68,-1.5713333333333332,22.93148144777778,-1.6753333333333302,3.892231,3.892231,3.8835776,3.8687794,3.8835776,0,0.0,0,1.0,-0.08,5.1,94.9
2022-12-21 22:15:00,161.871580394446,130.649218255556,130.667273083334,22.90555552,-1.5713333333333332,19.0,2,5.1764362714980825,70.66250196097344,22,2,12,-0.5000000000000004,0.8660254037844384,0.9749279121818236,-0.2225209339563143,-2.4492935982947064e-16,1.0,0.0,0.0,0.0,6.0,10.9,100.0,84.75,-8.45,2.626063,0.0,-6.325,22.418518536666667,19.0,19.0,19.0,19.0,19.183333333333334,-24.47688885333333,-0.0388888799999982,0.1733333333333335,-1.7446666666666668,-1.6186666666666667,22.93148144,-1.6653333333333304,3.8835776,3.892231,3.892231,3.8835776,3.8130345,0,0.0,0,1.0,-0.09,5.2,94.8
2022-12-21 22:30:00,142.807898638886,112.291619272222,112.308563077776,22.418518536666667,-1.6186666666666667,19.183333333333334,2,5.1764362714980825,70.66250196097344,22,2,12,-0.5000000000000004,0.8660254037844384,0.9749279121818236,-0.2225209339563143,-2.4492935982947064e-16,1.0,0.0,0.0,0.0,6.1,11.0,100.0,84.5,-8.4,2.6326354,0.0,-6.25,22.05,19.0,19.0,19.0,19.0,19.5,-24.037185203333333,-0.4870369833333328,-0.0473333333333334,-1.5713333333333332,-1.8273333333333333,22.75617281888889,-1.644888888888886,3.8130345,3.8835776,3.892231,3.892231,3.7946465,0,0.0,0,1.0,-0.2,5.8,94.2
2022-12-21 22:45:00,214.007550638882,173.34751025555602,173.371675955556,22.05,-1.8273333333333333,19.5,2,5.1764362714980825,70.66250196097344,22,2,12,-0.5000000000000004,0.8660254037844384,0.9749279121818236,-0.2225209339563143,-2.4492935982947064e-16,1.0,0.0,0.0,0.0,6.2,11.1,100.0,84.25,-8.350000000000001,2.6391912,0.0,-6.175,22.277777796666665,19.183333333333334,19.0,19.0,19.0,19.316666666666663,-23.877333333333333,-0.3685185366666665,-0.2086666666666665,-1.6186666666666667,-1.8606666666666667,22.45802468555556,-1.6724444444444415,3.7946465,3.8130345,3.8835776,3.892231,3.808594,0,0.0,0,1.0,-0.28,6.7,93.3
2022-12-21 23:00:00,261.97535393333203,218.269324411112,218.297378888888,22.277777796666665,-1.8606666666666667,19.316666666666663,2,5.1764362714980825,70.66250196097344,23,2,12,-0.2588190451025215,0.965925826289068,0.9749279121818236,-0.2225209339563143,-2.4492935982947064e-16,1.0,0.0,0.0,0.0,6.3,11.2,100.0,84.0,-8.3,2.6457312,0.0,-6.1,22.60000002,19.5,19.183333333333334,19.0,19.0,19.0,-24.13844446333333,0.2277777966666647,-0.0333333333333334,-1.8273333333333333,-1.906,22.248765444444444,-1.7688888888888858,3.808594,3.7946465,3.8130345,3.8835776,3.8161561,0,0.0,0,1.0,-0.23,6.1,93.9
2022-12-21 23:15:00,157.43148048888,125.239434688888,125.257489599996,22.60000002,-1.906,19.0,2,5.1764362714980825,70.66250196097344,23,2,12,-0.2588190451025215,0.965925826289068,0.9749279121818236,-0.2225209339563143,-2.4492935982947064e-16,1.0,0.0,0.0,0.0,6.375,11.1,100.0,84.0,-8.4,2.6313596,0.0,-6.175,22.44999999,19.316666666666663,19.5,19.183333333333334,19.0,19.183333333333334,-24.50600002,0.322222223333334,-0.0453333333333332,-1.8606666666666667,-2.0586666666666664,22.30925927222222,-1.864666666666664,3.8161561,3.808594,3.7946465,3.8130345,3.819938,0,0.0,0,1.0,-0.16,5.5,94.5
2022-12-21 23:30:00,423.144462444444,114.35764776111,114.377091466664,22.44999999,-2.0586666666666664,19.183333333333334,2,5.1764362714980825,70.66250196097344,23,2,12,-0.2588190451025215,0.965925826289068,0.9749279121818236,-0.2225209339563143,-2.4492935982947064e-16,1.0,0.0,0.0,0.0,6.449999999999999,11.0,100.0,84.0,-8.5,2.6170576,0.0,-6.25,22.21111112,19.0,19.316666666666663,19.5,19.183333333333334,19.5,-24.508666656666666,-0.150000030000001,-0.1526666666666665,-1.906,-2.0006666666666666,22.442592602222224,-1.9417777777777747,3.819938,3.8161561,3.808594,3.7946465,3.8300202,0,0.0,0,1.0,-0.19,5.8,94.2
2022-12-21 23:45:00,149.339859633328,122.056506444444,122.075394638886,22.21111112,-2.0006666666666666,19.5,2,5.1764362714980825,70.66250196097344,23,2,12,-0.2588190451025215,0.965925826289068,0.9749279121818236,-0.2225209339563143,-2.4492935982947064e-16,1.0,0.0,0.0,0.0,6.525,10.9,100.0,84.0,-8.6,2.6028233,0.0,-6.325,22.13518519333333,19.183333333333334,19.0,19.316666666666663,19.5,19.5,-24.21177778666667,-0.2388888699999967,0.0579999999999998,-2.0586666666666664,-2.166,22.420370376666668,-1.9884444444444411,3.8300202,3.819938,3.8161561,3.808594,3.8133144,0,0.0,0,1.0,-0.25,6.3,93.7
2022-12-22 00:00:00,203.774071027774,161.552704283334,161.575203416666,22.13518519333333,-2.166,19.5,2,5.1764362714980825,70.66250196097344,0,3,12,0.0,1.0,0.4338837391175582,-0.900968867902419,-2.4492935982947064e-16,1.0,0.0,0.0,0.0,6.6,10.8,100.0,84.0,-8.7,2.5886574,0.0,-6.4,22.29444443,19.5,19.183333333333334,19.0,19.316666666666663,19.15,-24.30118519333333,-0.0759259266666703,-0.1653333333333333,-2.0006666666666666,-2.269333333333333,22.265432101111116,-2.075111111111108,3.8133144,3.8300202,3.819938,3.8161561,3.779354,0,0.0,0,1.0,-0.26,6.4,93.6
2022-12-22 00:15:00,216.30106986111,176.148509311112,176.171563905558,22.29444443,-2.269333333333333,19.15,2,5.1764362714980825,70.66250196097344,0,3,12,0.0,1.0,0.4338837391175582,-0.900968867902419,-2.4492935982947064e-16,1.0,0.0,0.0,0.0,6.625,10.9,98.75,82.75,-8.674999999999999,2.5922024,0.0,-6.175000000000001,22.47777776666667,19.5,19.5,19.183333333333334,19.0,19.0,-24.56377776333333,0.1592592366666672,-0.1033333333333335,-2.166,-2.5746666666666664,22.21358024777778,-2.14533333333333,3.779354,3.8133144,3.8300202,3.819938,3.7894728,0,0.0,0,1.0,-0.23,6.1,93.9
2022-12-22 00:30:00,208.883866461114,176.6471005,176.670710655556,22.47777776666667,-2.5746666666666664,19.0,2,5.1764362714980825,70.66250196097344,0,3,12,0.0,1.0,0.4338837391175582,-0.900968867902419,-2.4492935982947064e-16,1.0,0.0,0.0,0.0,6.65,11.0,97.5,81.5,-8.649999999999999,2.5950782,0.0,-5.95,22.60000001,19.15,19.5,19.5,19.183333333333334,19.0,-25.05244443333333,0.1833333366666707,-0.305333333333333,-2.269333333333333,-2.7666666666666666,22.30246913,-2.336666666666664,3.7894728,3.779354,3.8133144,3.8300202,3.8161561,0,0.0,0,1.0,-0.19,5.7,94.3
2022-12-22 00:45:00,212.261786988888,175.65102926111,175.674917205554,22.60000001,-2.7666666666666666,19.0,2,5.1764362714980825,70.66250196097344,0,3,12,0.0,1.0,0.4338837391175582,-0.900968867902419,-2.4492935982947064e-16,1.0,0.0,0.0,0.0,6.675,11.1,96.25,80.25,-8.625,2.5972624,0.0,-5.725,22.68333334333333,19.0,19.15,19.5,19.5,19.0,-25.366666676666664,0.1222222433333293,-0.1920000000000001,-2.5746666666666664,-2.977333333333333,22.45740740222222,-2.536888888888886,3.8161561,3.7894728,3.779354,3.8133144,3.8344429,0,0.0,0,1.0,-0.16,5.5,94.5
2022-12-22 01:00:00,199.856727677776,175.40659453889,175.431315766668,22.68333334333333,-2.977333333333333,19.0,2,5.1764362714980825,70.66250196097344,1,3,12,0.2588190451025207,0.9659258262890684,0.4338837391175582,-0.900968867902419,-2.4492935982947064e-16,1.0,0.0,0.0,0.0,6.7,11.2,95.0,79.0,-8.6,2.5987356,0.0,-5.5,22.72777776,19.0,19.0,19.15,19.5,18.65,-25.66066667666667,0.0833333333333357,-0.2106666666666665,-2.7666666666666666,-3.112,22.58703704,-2.772888888888886,3.8344429,3.8161561,3.7894728,3.779354,3.7734113,0,0.0,0,1.0,-0.14,5.4,94.6
2022-12-22 01:15:00,200.13504977778,175.762413672222,175.786857127778,22.72777776,-3.112,18.65,2,5.1764362714980825,70.66250196097344,1,3,12,0.2588190451025207,0.9659258262890684,0.4338837391175582,-0.900968867902419,-2.4492935982947064e-16,1.0,0.0,0.0,0.0,7.9,12.1,96.25,79.75,-9.075,2.5118701,0.0,-6.1,22.774074093333333,19.0,19.0,19.0,19.15,18.5,-25.83977776,0.0444444166666642,-0.1346666666666669,-2.977333333333333,-3.086,22.670370371111108,-2.951999999999997,3.7734113,3.8344429,3.8161561,3.7894728,3.753008,0,0.0,0,1.0,-0.13,5.4,94.6
2022-12-22 01:30:00,227.157857705558,175.582698644444,175.6038089,22.774074093333333,-3.086,18.5,2,5.1764362714980825,70.66250196097344,1,3,12,0.2588190451025207,0.9659258262890684,0.4338837391175582,-0.900968867902419,-2.4492935982947064e-16,1.0,0.0,0.0,0.0,9.1,13.0,97.5,80.5,-9.55,2.427143,0.0,-6.7,22.7777778,18.65,19.0,19.0,19.0,18.5,-25.86007409333333,0.0462963333333341,0.0260000000000002,-3.112,-2.9566666666666666,22.72839506555556,-3.0584444444444414,3.753008,3.7734113,3.8344429,3.8161561,3.753805,0,0.0,0,1.0,-0.12,5.3,94.7
2022-12-22 01:45:00,215.27527747778,174.55496193889,174.57857207778,22.7777778,-2.9566666666666666,18.5,2,5.1764362714980825,70.66250196097344,1,3,12,0.2588190451025207,0.9659258262890684,0.4338837391175582,-0.900968867902419,-2.4492935982947064e-16,1.0,0.0,0.0,0.0,10.3,13.9,98.75,81.25,-10.025,2.3445349,0.0,-7.300000000000001,22.7777778,18.5,18.65,19.0,19.0,18.5,-25.734444466666663,0.0037037066666663,0.1293333333333333,-3.086,-2.988,22.75987655111111,-3.051555555555552,3.753805,3.753008,3.7734113,3.8344429,3.753805,0,0.0,0,1.0,-0.12,5.3,94.7
2022-12-22 02:00:00,197.77125558333,173.33695511111202,173.36084303889,22.7777778,-2.988,18.5,2,5.1764362714980825,70.66250196097344,2,3,12,0.4999999999999999,0.8660254037844387,0.4338837391175582,-0.900968867902419,-2.4492935982947064e-16,1.0,0.0,0.0,0.0,11.5,14.8,100.0,82.0,-10.5,2.264025,0.0,-7.9,22.8111111,18.5,18.5,18.65,19.0,18.5,-25.7657778,0.0,-0.0313333333333334,-2.9566666666666666,-3.046,22.77654323111112,-3.0102222222222195,3.753805,3.753805,3.753008,3.7734113,3.7609808,0,0.0,0,1.0,-0.12,5.3,94.7
2022-12-22 02:15:00,206.446186338886,171.6373009,171.66007773889,22.8111111,-3.046,18.5,2,5.1764362714980825,70.66250196097344,2,3,12,0.4999999999999999,0.8660254037844387,0.4338837391175582,-0.900968867902419,-2.4492935982947064e-16,1.0,0.0,0.0,0.0,11.075,14.8,100.0,81.75,-10.175,2.3160472,0.0,-7.550000000000001,22.700000026666665,18.5,18.5,18.5,18.65,18.5,-25.8571111,0.0333333000000024,-0.0579999999999998,-2.988,-2.9493333333333336,22.7888889,-2.996888888888886,3.7609808,3.753805,3.753805,3.753008,3.7371058,0,0.0,0,1.0,-0.12,5.3,94.7
2022-12-22 02:30:00,134.809607499996,108.072621355556,108.089565177776,22.700000026666665,-2.9493333333333336,18.5,2,5.1764362714980825,70.66250196097344,2,3,12,0.4999999999999999,0.8660254037844387,0.4338837391175582,-0.900968867902419,-2.4492935982947064e-16,1.0,0.0,0.0,0.0,10.65,14.8,100.0,81.5,-9.85,2.3690574,0.0,-7.2,22.18333337,18.5,18.5,18.5,18.5,18.9,-25.64933336,-0.1111110733333369,0.0966666666666662,-3.046,-2.869333333333333,22.76296297555556,-2.9944444444444414,3.7371058,3.7609808,3.753805,3.753805,3.706243,0,0.0,0,1.0,-0.14,5.4,94.6
2022-12-22 02:45:00,157.822298155548,126.1274547,126.147176211108,22.18333337,-2.869333333333333,18.9,2,5.1764362714980825,70.66250196097344,2,3,12,0.4999999999999999,0.8660254037844387,0.4338837391175582,-0.900968867902419,-2.4492935982947064e-16,1.0,0.0,0.0,0.0,10.225,14.8,100.0,81.25,-9.525,2.423068,0.0,-6.85,21.90925924333333,18.5,18.5,18.5,18.5,19.28333333333333,-25.052666703333333,-0.5166666566666649,0.0800000000000005,-2.9493333333333336,-2.9313333333333333,22.564814832222226,-2.954888888888886,3.706243,3.7371058,3.7609808,3.753805,3.722155,0,0.0,0,1.0,-0.26,6.4,93.6
2022-12-22 03:00:00,253.8665116,204.342937072222,204.367936088888,21.90925924333333,-2.9313333333333333,19.28333333333333,2,5.1764362714980825,70.66250196097344,3,3,12,0.7071067811865476,0.7071067811865476,0.4338837391175582,-0.900968867902419,-2.4492935982947064e-16,1.0,0.0,0.0,0.0,9.8,14.8,100.0,81.0,-9.2,2.4780946,0.0,-6.5,22.29444445,18.9,18.5,18.5,18.5,18.95,-24.84059257666667,-0.2740741266666653,-0.0620000000000002,-2.869333333333333,-2.9406666666666665,22.26419754666667,-2.916666666666664,3.722155,3.706243,3.7371058,3.7609808,3.7398832,0,0.0,0,1.0,-0.32,7.1,92.9
2022-12-22 03:15:00,251.4032768,215.658595544444,215.686650005554,22.29444445,-2.9406666666666665,18.95,2,5.1764362714980825,70.66250196097344,3,3,12,0.7071067811865476,0.7071067811865476,0.4338837391175582,-0.900968867902419,-2.4492935982947064e-16,1.0,0.0,0.0,0.0,9.675,14.525,100.0,80.25,-9.2,2.4730923,0.0,-6.4,22.53518516333333,19.28333333333333,18.9,18.5,18.5,18.716666666666665,-25.235111116666666,0.3851852066666659,-0.0093333333333331,-2.9313333333333333,-3.12,22.129012354444445,-2.9137777777777747,3.7398832,3.722155,3.706243,3.7371058,3.7452905,0,0.0,0,1.0,-0.23,6.1,93.9
2022-12-22 03:30:00,141.632667949994,117.238921388888,117.258087355552,22.53518516333333,-3.12,18.716666666666665,2,5.1764362714980825,70.66250196097344,3,3,12,0.7071067811865476,0.7071067811865476,0.4338837391175582,-0.900968867902419,-2.4492935982947064e-16,1.0,0.0,0.0,0.0,9.55,14.25,100.0,79.5,-9.2,2.4678693,0.0,-6.3,22.31111111,18.95,19.28333333333333,18.9,18.5,19.0,-25.65518516333333,0.2407407133333308,-0.1793333333333331,-2.9406666666666665,-3.3506666666666667,22.24629628555556,-2.99733333333333,3.7452905,3.7398832,3.722155,3.706243,3.7533472,0,0.0,0,1.0,-0.18,5.7,94.3
2022-12-22 03:45:00,155.806823177772,124.406967988888,124.425856216662,22.31111111,-3.3506666666666667,19.0,2,5.1764362714980825,70.66250196097344,3,3,12,0.7071067811865476,0.7071067811865476,0.4338837391175582,-0.900968867902419,-2.4492935982947064e-16,1.0,0.0,0.0,0.0,9.425,13.975,100.0,78.75,-9.2,2.4624233,0.0,-6.199999999999999,22.183333336666667,18.716666666666665,18.95,19.28333333333333,18.9,19.0,-25.661777776666668,-0.2240740533333287,-0.230666666666667,-3.12,-3.342,22.380246907777774,-3.1371111111111083,3.7533472,3.7452905,3.7398832,3.722155,3.7258527,0,0.0,0,1.0,-0.23,6.1,93.9
2022-12-22 04:00:00,194.714988888888,164.736743583334,164.7592427,22.183333336666667,-3.342,19.0,2,5.1764362714980825,70.66250196097344,4,3,12,0.8660254037844386,0.5000000000000001,0.4338837391175582,-0.900968867902419,-2.4492935982947064e-16,1.0,0.0,0.0,0.0,9.3,13.7,100.0,78.0,-9.2,2.4567504,0.0,-6.1,22.27222224,19.0,18.716666666666665,18.95,19.28333333333333,19.0,-25.525333336666662,-0.1277777733333351,0.0086666666666666,-3.3506666666666667,-3.427333333333333,22.34320987,-3.270888888888886,3.7258527,3.7533472,3.7452905,3.7398832,3.7449608,0,0.0,0,1.0,-0.26,6.4,93.6
2022-12-22 04:15:00,174.90244820555,135.798179005554,135.81762271110802,22.27222224,-3.427333333333333,19.0,2,5.1764362714980825,70.66250196097344,4,3,12,0.8660254037844386,0.5000000000000001,0.4338837391175582,-0.900968867902419,-2.4492935982947064e-16,1.0,0.0,0.0,0.0,9.175,13.425,100.0,77.5,-9.175,2.4677122,0.0,-5.949999999999999,22.205555556666663,19.0,19.0,18.716666666666665,18.95,19.0,-25.69955557333333,0.0888889033333342,-0.0853333333333328,-3.342,-3.472,22.255555562222227,-3.37333333333333,3.7449608,3.7258527,3.7533472,3.7452905,3.7306209,0,0.0,0,1.0,-0.24,6.2,93.8
2022-12-22 04:30:00,171.515639199996,125.769968983334,125.787468349998,22.205555556666663,-3.472,19.0,2,5.1764362714980825,70.66250196097344,4,3,12,0.8660254037844386,0.5000000000000001,0.4338837391175582,-0.900968867902419,-2.4492935982947064e-16,1.0,0.0,0.0,0.0,9.05,13.15,100.0,77.0,-9.15,2.478584,0.0,-5.8,22.09444448,19.0,19.0,19.0,18.716666666666665,19.0,-25.677555556666665,-0.066666683333338,-0.044666666666667,-3.427333333333333,-3.504,22.22037037777778,-3.4137777777777742,3.7306209,3.7449608,3.7258527,3.7533472,3.7068286,0,0.0,0,1.0,-0.25,6.3,93.7
2022-12-22 04:45:00,184.451510527778,152.365016272222,152.386404333332,22.09444448,-3.504,19.0,2,5.1764362714980825,70.66250196097344,4,3,12,0.8660254037844386,0.5000000000000001,0.4338837391175582,-0.900968867902419,-2.4492935982947064e-16,1.0,0.0,0.0,0.0,8.925,12.875,100.0,76.5,-9.125,2.4893649,0.0,-5.65,22.14814813666667,19.0,19.0,19.0,19.0,19.0,-25.59844448,-0.1111110766666634,-0.032,-3.472,-3.4306666666666668,22.190740758888893,-3.4677777777777745,3.7068286,3.7306209,3.7449608,3.7258527,3.7183118,0,0.0,0,1.0,-0.28,6.6,93.4
2022-12-22 05:00:00,198.29678997778,173.884155472222,173.907210083334,22.14814813666667,-3.4306666666666668,19.0,2,5.1764362714980825,70.66250196097344,5,3,12,0.9659258262890684,0.2588190451025207,0.4338837391175582,-0.900968867902419,-2.4492935982947064e-16,1.0,0.0,0.0,0.0,8.8,12.6,100.0,76.0,-9.1,2.5000494,0.0,-5.5,22.30555553,19.0,19.0,19.0,19.0,18.95,-25.578814803333337,0.0537036566666699,0.0733333333333332,-3.504,-3.3753333333333333,22.149382724444447,-3.468888888888886,3.7183118,3.7068286,3.7306209,3.7449608,3.7422743,0,0.0,0,1.0,-0.26,6.4,93.6
2022-12-22 05:15:00,202.006919333336,173.594167055556,173.618054966668,22.30555553,-3.3753333333333333,18.95,2,5.1764362714980825,70.66250196097344,5,3,12,0.9659258262890684,0.2588190451025207,0.4338837391175582,-0.900968867902419,-2.4492935982947064e-16,1.0,0.0,0.0,0.0,8.975000000000001,12.7,100.0,76.0,-9.125,2.4910357,0.0,-5.55,22.40555554333333,19.0,19.0,19.0,19.0,18.716666666666665,-25.680888863333333,0.1574073933333295,0.0553333333333334,-3.4306666666666668,-3.322666666666666,22.18271604888889,-3.436666666666664,3.7422743,3.7183118,3.7068286,3.7306209,3.7175064,0,0.0,0,1.0,-0.23,6.1,93.9
2022-12-22 05:30:00,212.100682166672,173.1005757,173.123630311112,22.40555554333333,-3.322666666666666,18.716666666666665,2,5.1764362714980825,70.66250196097344,5,3,12,0.9659258262890684,0.2588190451025207,0.4338837391175582,-0.900968867902419,-2.4492935982947064e-16,1.0,0.0,0.0,0.0,9.15,12.8,100.0,76.0,-9.15,2.4820511,0.0,-5.6,22.52222224,18.95,19.0,19.0,19.0,19.0,-25.72822221,0.1000000133333323,0.052666666666667,-3.3753333333333333,-3.4040000000000004,22.28641973666667,-3.376222222222219,3.7175064,3.7422743,3.7183118,3.7068286,3.7991579,0,0.0,0,1.0,-0.21,5.9,94.1
2022-12-22 05:45:00,215.036120611104,174.800785455556,174.824951172222,22.52222224,-3.4040000000000004,19.0,2,5.1764362714980825,70.66250196097344,5,3,12,0.9659258262890684,0.2588190451025207,0.4338837391175582,-0.900968867902419,-2.4492935982947064e-16,1.0,0.0,0.0,0.0,9.325,12.9,100.0,76.0,-9.175,2.4730945,0.0,-5.65,22.57592595,18.716666666666665,18.95,19.0,19.0,19.0,-25.92622224,0.1166666966666696,-0.0813333333333341,-3.322666666666666,-3.1866666666666665,22.411111104444444,-3.36733333333333,3.7991579,3.7175064,3.7422743,3.7183118,3.810888,0,0.0,0,1.0,-0.18,5.7,94.3
2022-12-22 06:00:00,206.795061233332,171.193152,171.217873244444,22.57592595,-3.1866666666666665,19.0,2,5.1764362714980825,70.66250196097344,6,3,12,1.0,6.123233995736766e-17,0.4338837391175582,-0.900968867902419,-2.4492935982947064e-16,1.0,0.0,0.0,0.0,9.5,13.0,100.0,76.0,-9.2,2.4641666,0.0,-5.7,22.58888888,19.0,18.716666666666665,18.95,19.0,19.0,-25.76259261666667,0.0537037100000006,0.2173333333333338,-3.4040000000000004,-2.614,22.50123457777778,-3.304444444444441,3.810888,3.7991579,3.7175064,3.7422743,3.8137238,0,0.0,0,1.0,-0.17,5.6,94.4
2022-12-22 06:15:00,167.507466033336,132.68747003889,132.706913744444,22.58888888,-2.614,19.0,2,5.1764362714980825,70.66250196097344,6,3,12,1.0,6.123233995736766e-17,0.4338837391175582,-0.900968867902419,-2.4492935982947064e-16,1.0,0.0,0.0,0.0,10.0,13.525,100.0,76.75,-9.4,2.4305735,0.0,-6.025,22.22037038,19.0,19.0,18.716666666666665,18.95,19.0,-25.20288888,0.0129629299999969,0.5726666666666667,-3.1866666666666665,-2.2966666666666664,22.56234569,-3.0682222222222197,3.8137238,3.810888,3.7991579,3.7175064,3.7338047,0,0.0,0,1.0,-0.16,5.6,94.4
2022-12-22 06:30:00,137.7553229,113.466572255556,113.484627133332,22.22037038,-2.2966666666666664,19.0,2,5.1764362714980825,70.66250196097344,6,3,12,1.0,6.123233995736766e-17,0.4338837391175582,-0.900968867902419,-2.4492935982947064e-16,1.0,0.0,0.0,0.0,10.5,14.05,100.0,77.5,-9.6,2.3970506,0.0,-6.35,21.75555558,19.0,19.0,19.0,18.716666666666665,19.35,-24.51703704666667,-0.3685184999999968,0.3173333333333334,-2.614,-2.286666666666666,22.461728403333336,-2.699111111111108,3.7338047,3.8137238,3.810888,3.7991579,3.7020307,0,0.0,0,1.0,-0.25,6.3,93.7
2022-12-22 06:45:00,204.417378627774,180.1627932,180.187792216666,21.75555558,-2.286666666666666,19.35,2,5.1764362714980825,70.66250196097344,6,3,12,1.0,6.123233995736766e-17,0.4338837391175582,-0.900968867902419,-2.4492935982947064e-16,1.0,0.0,0.0,0.0,11.0,14.575,100.0,78.25,-9.8,2.3636112,0.0,-6.675,22.01666668333333,19.0,19.0,19.0,19.0,19.316666666666663,-24.042222246666665,-0.4648148000000027,0.0099999999999997,-2.2966666666666664,-2.2266666666666666,22.18827161333333,-2.399111111111108,3.7020307,3.7338047,3.8137238,3.810888,3.7517562,0,0.0,0,1.0,-0.35,7.6,92.4
2022-12-22 07:00:00,280.749603016662,230.8257666,230.854098833332,22.01666668333333,-2.2266666666666666,19.316666666666663,2,5.1764362714980825,70.66250196097344,7,3,12,0.9659258262890684,-0.2588190451025206,0.4338837391175582,-0.900968867902419,-2.4492935982947064e-16,1.0,0.0,0.0,0.0,11.5,15.1,100.0,79.0,-10.0,2.3302684,0.0,-7.0,22.42222223,19.35,19.0,19.0,19.0,19.0,-24.24333335,0.2611111033333309,0.06,-2.286666666666666,-2.176,21.997530881111118,-2.2699999999999974,3.7517562,3.7020307,3.7338047,3.8137238,3.777398,0,0.0,0,1.0,-0.29,6.8,93.2
2022-12-22 07:15:00,171.17620809445,131.4022437,131.421687388888,22.42222223,-2.176,19.0,2,5.1764362714980825,70.66250196097344,7,3,12,0.9659258262890684,-0.2588190451025206,0.4338837391175582,-0.900968867902419,-2.4492935982947064e-16,1.0,0.0,0.0,0.0,10.725,15.2,100.0,76.75,-9.15,2.488484,0.0,-5.7,22.314814833333333,19.316666666666663,19.35,19.0,19.0,19.0,-24.59822223,0.4055555466666689,0.0506666666666664,-2.2266666666666666,-2.1533333333333333,22.064814831111107,-2.229777777777775,3.777398,3.7517562,3.7020307,3.7338047,3.7541468,0,0.0,0,1.0,-0.2,5.8,94.2
2022-12-22 07:30:00,144.322837972222,117.493355644444,117.512799349998,22.314814833333333,-2.1533333333333333,19.0,2,5.1764362714980825,70.66250196097344,7,3,12,0.9659258262890684,-0.2588190451025206,0.4338837391175582,-0.900968867902419,-2.4492935982947064e-16,1.0,0.0,0.0,0.0,9.95,15.3,100.0,74.5,-8.3,2.6523495,0.0,-4.4,22.08333337,19.0,19.316666666666663,19.35,19.0,19.35,-24.468148166666666,-0.1074073966666659,0.0226666666666668,-2.176,-1.74,22.251234582222224,-2.1853333333333302,3.7541468,3.777398,3.7517562,3.7020307,3.7726963,0,0.0,0,1.0,-0.23,6.1,93.9
2022-12-22 07:45:00,152.462790127778,116.945322016666,116.96393242222,22.08333337,-1.74,19.35,2,5.1764362714980825,70.66250196097344,7,3,12,0.9659258262890684,-0.2588190451025206,0.4338837391175582,-0.900968867902419,-2.4492935982947064e-16,1.0,0.0,0.0,0.0,9.175,15.4,100.0,72.25,-7.449999999999999,2.8214903,0.0,-3.1,22.024074093333336,19.0,19.0,19.316666666666663,19.35,19.5,-23.82333337,-0.2314814633333348,0.4133333333333333,-2.1533333333333333,-1.3613333333333335,22.273456811111117,-2.023111111111108,3.7726963,3.7541468,3.777398,3.7517562,3.788981,0,0.0,0,1.0,-0.28,6.6,93.4
2022-12-22 08:00:00,167.021374477776,141.230739411112,141.252405227778,22.024074093333336,-1.3613333333333335,19.5,2,5.1764362714980825,70.66250196097344,8,3,12,0.8660254037844387,-0.4999999999999998,0.4338837391175582,-0.900968867902419,-2.4492935982947064e-16,1.0,0.0,0.0,0.0,8.4,15.5,100.0,70.0,-6.6,2.9954383,0.0,-1.8,22.10000001,19.35,19.0,19.0,19.316666666666663,19.5,-23.38540742666667,-0.0592592766666619,0.3786666666666665,-1.74,-1.1006666666666665,22.140740765555552,-1.7515555555555526,3.788981,3.7726963,3.7541468,3.777398,3.8055947,0,0.0,0,1.0,-0.29,6.7,93.3
2022-12-22 08:15:00,166.91526753889,139.115546222224,139.137212072222,22.10000001,-1.1006666666666665,19.5,2,5.1764362714980825,70.66250196097344,8,3,12,0.8660254037844387,-0.4999999999999998,0.4338837391175582,-0.900968867902419,-2.4492935982947064e-16,1.0,0.75,0.1875,0.0625,8.45,15.225,100.0,70.0,-6.75,2.9589586,0.0,-1.975,22.16296299333333,19.5,19.35,19.0,19.0,19.5,-23.200666676666664,0.0759259166666623,0.260666666666667,-1.3613333333333335,-0.644,22.069135824444444,-1.4006666666666636,3.8055947,3.788981,3.7726963,3.7541468,3.8194191,0,0.0,0,1.0,-0.27,6.5,93.5
2022-12-22 08:30:00,173.53111414444,123.4925601,123.511170538886,22.16296299333333,-0.644,19.5,2,5.1764362714980825,70.66250196097344,8,3,12,0.8660254037844387,-0.4999999999999998,0.4338837391175582,-0.900968867902419,-2.4492935982947064e-16,1.0,1.5,0.5625,0.1875,8.5,14.95,100.0,70.0,-6.9,2.9228697,0.0,-2.15,22.11666667,19.5,19.5,19.35,19.0,19.5,-22.80696299333333,0.0629629833333353,0.4566666666666664,-1.1006666666666665,-0.456,22.095679032222225,-1.0353333333333303,3.8194191,3.8055947,3.788981,3.7726963,3.8092494,0,0.0,0,1.0,-0.26,6.4,93.6
2022-12-22 08:45:00,151.837815194442,113.266858027778,113.285468466664,22.11666667,-0.456,19.5,2,5.1764362714980825,70.66250196097344,8,3,12,0.8660254037844387,-0.4999999999999998,0.4338837391175582,-0.900968867902419,-2.4492935982947064e-16,1.0,2.25,1.125,0.375,8.55,14.675,100.0,70.0,-7.05,2.8871677,0.0,-2.325,22.00740740666667,19.5,19.5,19.5,19.35,19.5,-22.57266667,-0.0462963233333368,0.188,-0.644,0.0333333333333333,22.126543224444443,-0.7335555555555525,3.8092494,3.8194191,3.8055947,3.788981,3.7853427,0,0.0,0,1.0,-0.27,6.5,93.5
2022-12-22 09:00:00,151.68254353889,127.301574366668,127.322406883334,22.00740740666667,0.0333333333333333,19.5,2,5.1764362714980825,70.66250196097344,9,3,12,0.7071067811865476,-0.7071067811865475,0.4338837391175582,-0.900968867902419,-2.4492935982947064e-16,1.0,3.0,1.875,0.625,8.6,14.4,100.0,70.0,-7.2,2.8518493,0.0,-2.5,22.03888892,19.5,19.5,19.5,19.5,19.5,-21.97407407333333,-0.1092592633333282,0.4893333333333333,-0.456,0.5473333333333332,22.09567902333333,-0.3555555555555525,3.7853427,3.8092494,3.8194191,3.8055947,3.792218,0,0.0,0,1.0,-0.29,6.8,93.2
2022-12-22 09:15:00,154.521596688888,122.219277733332,122.237054855552,22.03888892,0.5473333333333332,19.5,2,5.1764362714980825,70.66250196097344,9,3,12,0.7071067811865476,-0.7071067811865475,0.4338837391175582,-0.900968867902419,-2.4492935982947064e-16,1.0,15.0,5.4375,1.875,8.225,14.125,100.0,67.75,-7.05,2.8839786,0.0,-1.875,22.0555556,19.5,19.5,19.5,19.5,19.5,-21.491555586666664,0.031481513333329,0.5139999999999999,0.0333333333333333,-0.4846666666666667,22.054320998888887,0.0415555555555584,3.792218,3.7853427,3.8092494,3.8194191,3.7958624,0,0.0,0,1.0,-0.29,6.7,93.3
2022-12-22 09:30:00,151.565048255556,122.4142699,122.433713588888,22.0555556,-0.4846666666666667,19.5,2,5.1764362714980825,70.66250196097344,9,3,12,0.7071067811865476,-0.7071067811865475,0.4338837391175582,-0.900968867902419,-2.4492935982947064e-16,1.0,27.0,11.8125,4.125,7.85,13.85,100.0,65.5,-6.9,2.9125733,0.0,-1.25,22.06111115,19.5,19.5,19.5,19.5,19.5,-22.540222266666667,0.0166666800000037,-1.032,0.5473333333333332,-0.1273333333333333,22.033950642222223,0.0320000000000029,3.7958624,3.792218,3.7853427,3.8092494,3.7970777,0,0.0,0,1.0,-0.28,6.7,93.3
2022-12-22 09:45:00,159.34251496111,123.941708816666,123.96115252222,22.06111115,-0.1273333333333333,19.5,2,5.1764362714980825,70.66250196097344,9,3,12,0.7071067811865476,-0.7071067811865475,0.4338837391175582,-0.900968867902419,-2.4492935982947064e-16,1.0,39.0,21.0,7.375,7.475,13.575,100.0,63.25,-6.75,2.9373024,0.0,-0.625,22.1074074,19.5,19.5,19.5,19.5,19.5,-22.18844448333333,0.0055555499999968,0.3573333333333333,-0.4846666666666667,1.6333333333333333,22.05185189,-0.0215555555555526,3.7970777,3.7958624,3.792218,3.7853427,3.807218,0,0.0,0,1.0,-0.28,6.6,93.4
2022-12-22 10:00:00,169.983755977776,123.70060736111,123.717828955552,22.1074074,1.6333333333333333,19.5,2,5.1764362714980825,70.66250196097344,10,3,12,0.4999999999999999,-0.8660254037844387,0.4338837391175582,-0.900968867902419,-2.4492935982947064e-16,1.0,51.0,33.0,11.625,7.1,13.3,100.0,61.0,-6.6,2.9578142,0.0,-0.0,22.1111111,19.5,19.5,19.5,19.5,19.5,-20.474074066666667,0.046296250000001,1.7606666666666666,-0.1273333333333333,3.798666666666666,22.07469138333333,0.3404444444444474,3.807218,3.7970777,3.7958624,3.792218,3.8080304,0,0.0,0,1.0,-0.27,6.5,93.5
2022-12-22 10:15:00,140.883531149998,105.89881946111,105.91659658333,22.1111111,3.798666666666666,19.5,2,5.1764362714980825,70.66250196097344,10,3,12,0.4999999999999999,-0.8660254037844387,0.4338837391175582,-0.900968867902419,-2.4492935982947064e-16,1.0,72.5,47.375,17.666666666666668,7.8,16.45,100.0,59.5,-6.425,2.9962552,0.0,0.55,22.02962962666667,19.5,19.5,19.5,19.5,19.5,-18.312444433333333,0.003703699999999,2.1653333333333333,1.6333333333333333,3.992,22.093209883333333,1.768222222222225,3.8080304,3.807218,3.7970777,3.7958624,3.7901945,0,0.0,0,1.0,-0.27,6.5,93.5
2022-12-22 10:30:00,110.303921033332,86.031280844444,86.04683582222,22.02962962666667,3.992,19.5,2,5.1764362714980825,70.66250196097344,10,3,12,0.4999999999999999,-0.8660254037844387,0.4338837391175582,-0.900968867902419,-2.4492935982947064e-16,1.0,94.0,64.125,25.5,8.5,19.6,100.0,58.0,-6.25,3.0327353,0.0,1.1,21.86666665,19.5,19.5,19.5,19.5,19.5,-18.037629626666668,-0.08148147333333,0.1933333333333333,3.798666666666666,3.94,22.08271604222222,3.141333333333336,3.7901945,3.8080304,3.807218,3.7970777,3.7547386,0,0.0,0,1.0,-0.29,6.7,93.3
2022-12-22 10:45:00,154.869638183338,125.93551796111,125.956350477776,21.86666665,3.94,19.5,2,5.1764362714980825,70.66250196097344,10,3,12,0.4999999999999999,-0.8660254037844387,0.4338837391175582,-0.900968867902419,-2.4492935982947064e-16,1.0,115.5,83.25,35.125,9.2,22.75,100.0,56.5,-6.075,3.0670743,0.0,1.65,22.00925927333333,19.5,19.5,19.5,19.5,19.5,-17.926666649999998,-0.1629629766666696,-0.052,3.992,4.008,22.002469125555557,3.910222222222225,3.7547386,3.7901945,3.8080304,3.807218,3.7857473,0,0.0,0,1.0,-0.33,7.2,92.8
2022-12-22 11:00:00,705.321230538886,125.35970766111,125.381373511108,22.00925927333333,4.008,19.5,2,5.1764362714980825,70.66250196097344,11,3,12,0.258819045102521,-0.9659258262890682,0.4338837391175582,-0.900968867902419,-2.4492935982947064e-16,1.0,137.0,104.75,46.54166666666666,9.9,25.9,100.0,55.0,-5.9,3.0990798,0.0,2.2,22.0888889,19.5,19.5,19.5,19.5,19.5,-18.001259273333336,0.1425926233333356,0.068,3.94,4.012,21.968518516666663,3.980000000000002,3.7857473,3.7547386,3.7901945,3.8080304,3.803159,0,0.0,0,1.0,-0.29,6.8,93.2
2022-12-22 11:15:00,403.0488773500021,98.30717863889,98.324955727778,22.0888889,4.012,19.5,2,5.1764362714980825,70.66250196097344,11,3,12,0.258819045102521,-0.9659258262890682,0.4338837391175582,-0.900968867902419,-2.4492935982947064e-16,1.0,143.25,122.4375,58.41666666666666,9.375,24.65,100.0,55.5,-5.75,3.1378455,0.0,2.25,22.018518526666664,19.5,19.5,19.5,19.5,19.5,-18.0768889,0.0796296266666622,0.0039999999999995,4.008,3.656,21.98827160777778,3.9866666666666695,3.803159,3.7857473,3.7547386,3.7901945,3.7877676,0,0.0,0,1.0,-0.27,6.6,93.4
2022-12-22 11:30:00,319.514163455552,94.520107927778,94.537329538886,22.018518526666664,3.656,19.5,2,5.1764362714980825,70.66250196097344,11,3,12,0.258819045102521,-0.9659258262890682,0.4338837391175582,-0.900968867902419,-2.4492935982947064e-16,1.0,149.5,136.3125,70.75,8.85,23.4,100.0,56.0,-5.6,3.176834,0.0,2.3,21.89999999,19.5,19.5,19.5,19.5,19.85,-18.362518526666666,-0.0703703733333327,-0.3559999999999998,4.012,3.528,22.0388889,3.8920000000000026,3.7877676,3.803159,3.7857473,3.7547386,3.8294904,0,0.0,0,1.0,-0.29,6.8,93.2
2022-12-22 11:45:00,131.168364355548,96.928344944444,96.944733255552,21.89999999,3.528,19.85,2,5.1764362714980825,70.66250196097344,11,3,12,0.258819045102521,-0.9659258262890682,0.4338837391175582,-0.900968867902419,-2.4492935982947064e-16,1.0,155.75,146.375,83.54166666666667,8.325,22.15,100.0,56.5,-5.45,3.216045,0.0,2.35,21.837037006666662,19.5,19.5,19.5,19.5,20.0,-18.371999990000003,-0.118518536666663,-0.1279999999999996,3.656,3.4406666666666665,22.002469138888888,3.732000000000003,3.8294904,3.7877676,3.803159,3.7857473,3.844433,0,0.0,0,1.0,-0.32,7.1,92.9
2022-12-22 12:00:00,129.298716877772,104.429433788888,104.446377611108,21.837037006666662,3.4406666666666665,20.0,2,5.1764362714980825,70.66250196097344,12,3,12,1.2246467991473532e-16,-1.0,0.4338837391175582,-0.900968867902419,-2.4492935982947064e-16,1.0,162.0,152.625,96.79166666666669,7.8,20.9,100.0,57.0,-5.3,3.255482,0.0,2.4,21.883333330000003,19.85,19.5,19.5,19.5,20.05,-18.39637034,-0.0629629833333353,-0.0873333333333334,3.528,3.062,21.918518507777776,3.5415555555555582,3.844433,3.8294904,3.7877676,3.803159,3.8643556,0,0.0,0,1.0,-0.33,7.3,92.7
2022-12-22 12:15:00,149.480687349994,123.918931944444,123.93893116111,21.883333330000003,3.062,20.05,2,5.1764362714980825,70.66250196097344,12,3,12,1.2246467991473532e-16,-1.0,0.4338837391175582,-0.900968867902419,-2.4492935982947064e-16,1.0,161.75,157.25,109.02083333333331,8.025,22.15,100.0,58.0,-5.0,3.3294096,0.025,2.475,22.01296298,20.0,19.85,19.5,19.5,20.466666666666665,-18.82133333,0.0462963233333368,-0.3786666666666667,3.4406666666666665,2.8913333333333338,21.87345677555556,3.3435555555555587,3.8643556,3.844433,3.8294904,3.7877676,3.974264,0,0.0,0,1.0,-0.32,7.1,92.9
2022-12-22 12:30:00,169.500442027774,123.653387,123.671441894442,22.01296298,2.8913333333333338,20.466666666666665,2,5.1764362714980825,70.66250196097344,12,3,12,1.2246467991473532e-16,-1.0,0.4338837391175582,-0.900968867902419,-2.4492935982947064e-16,1.0,161.5,160.25,120.22916666666669,8.25,23.4,100.0,59.0,-4.699999999999999,3.4039931,0.05,2.55,22.083333340000003,20.05,20.0,19.85,19.5,20.5,-19.12162964666667,0.1296296499999982,-0.170666666666666,3.062,2.7213333333333334,21.91111110555556,3.131333333333336,3.974264,3.8643556,3.844433,3.8294904,3.9969134,0,0.0,0,1.0,-0.29,6.7,93.3
2022-12-22 12:45:00,141.720164366664,101.680377055556,101.697598633332,22.083333340000003,2.7213333333333334,20.5,2,5.1764362714980825,70.66250196097344,12,3,12,1.2246467991473532e-16,-1.0,0.4338837391175582,-0.900968867902419,-2.4492935982947064e-16,1.0,161.25,161.625,130.41666666666666,8.475,24.65,100.0,60.0,-4.4,3.4792376,0.075,2.625,22.00740740666667,20.466666666666665,20.05,20.0,19.85,20.683333333333334,-19.36200000666667,0.0703703600000018,-0.1700000000000003,2.8913333333333338,2.484666666666667,21.993209883333336,2.8915555555555588,3.9969134,3.974264,3.8643556,3.844433,4.0150514,0,0.0,0,1.0,-0.27,6.5,93.5
2022-12-22 13:00:00,134.919880855552,104.5508178,104.568039377776,22.00740740666667,2.484666666666667,20.683333333333334,2,5.1764362714980825,70.66250196097344,13,3,12,-0.2588190451025208,-0.9659258262890684,0.4338837391175582,-0.900968867902419,-2.4492935982947064e-16,1.0,161.0,161.375,139.58333333333334,8.7,25.9,100.0,61.0,-4.1,3.555145,0.1,2.7,21.94999997,20.5,20.466666666666665,20.05,20.0,21.05,-19.522740740000003,-0.0759259333333339,-0.2366666666666663,2.7213333333333334,2.7486666666666664,22.03456790888889,2.699111111111115,4.0150514,3.9969134,3.974264,3.8643556,4.0727243,0,0.0,0,1.0,-0.29,6.7,93.3
2022-12-22 13:15:00,114.635136594446,77.8727183,77.885773327778,21.94999997,2.7486666666666664,21.05,2,5.1764362714980825,70.66250196097344,13,3,12,-0.2588190451025208,-0.9659258262890684,0.4338837391175582,-0.900968867902419,-2.4492935982947064e-16,1.0,148.75,158.125,145.9375,7.949999999999999,24.825,100.0,63.5,-3.65,3.688402,0.1,2.6500000000000004,21.82037035666667,20.683333333333334,20.5,20.466666666666665,20.05,21.466666666666665,-19.20133330333333,-0.0574074366666685,0.2639999999999993,2.484666666666667,3.047333333333333,22.01358023888889,2.6515555555555586,4.0727243,4.0150514,3.9969134,3.974264,4.1223903,0,0.0,0,1.0,-0.3,6.8,93.2
2022-12-22 13:30:00,134.578227755556,109.634503344444,109.652835977776,21.82037035666667,3.047333333333333,21.466666666666665,2,5.1764362714980825,70.66250196097344,13,3,12,-0.2588190451025208,-0.9659258262890684,0.4338837391175582,-0.900968867902419,-2.4492935982947064e-16,1.0,136.5,151.875,149.47916666666666,7.199999999999999,23.75,100.0,66.0,-3.2,3.820717,0.1,2.6,21.81666665,21.05,20.683333333333334,20.5,20.466666666666665,21.5,-18.77303702333333,-0.1296296133333321,0.2986666666666671,2.7486666666666664,3.4406666666666665,21.92592591111111,2.760222222222225,4.1223903,4.0727243,4.0150514,3.9969134,4.127909,0,0.0,0,1.0,-0.32,7.2,92.8
2022-12-22 13:45:00,114.079603449994,89.315593933332,89.33142664999801,21.81666665,3.4406666666666665,21.5,2,5.1764362714980825,70.66250196097344,13,3,12,-0.2588190451025208,-0.9659258262890684,0.4338837391175582,-0.900968867902419,-2.4492935982947064e-16,1.0,124.25,142.625,150.20833333333334,6.45,22.675,100.0,68.5,-2.75,3.952094,0.1,2.55,21.792592563333333,21.466666666666665,21.05,20.683333333333334,20.5,21.683333333333334,-18.375999983333333,-0.0037037066666698,0.3933333333333331,3.047333333333333,3.622666666666667,21.862345658888888,3.078888888888892,4.127909,4.1223903,4.0727243,4.0150514,4.1573253,0,0.0,0,1.0,-0.32,7.2,92.8
2022-12-22 14:00:00,153.390530816666,101.952310611112,101.968143344444,21.792592563333333,3.622666666666667,21.683333333333334,2,5.1764362714980825,70.66250196097344,14,3,12,-0.4999999999999997,-0.8660254037844388,0.4338837391175582,-0.900968867902419,-2.4492935982947064e-16,1.0,112.0,130.375,148.125,5.7,21.6,100.0,71.0,-2.3,4.082538,0.1,2.5,21.77777778,21.5,21.466666666666665,21.05,20.683333333333334,22.0,-18.169925896666665,-0.0240740866666655,0.1820000000000003,3.4406666666666665,3.733333333333333,21.809876523333333,3.370222222222225,4.1573253,4.127909,4.1223903,4.0727243,4.2144337,0,0.0,0,1.0,-0.33,7.2,92.8
2022-12-22 14:15:00,163.710118033332,122.7759221,122.795088049998,21.77777778,3.733333333333333,22.0,2,5.1764362714980825,70.66250196097344,14,3,12,-0.4999999999999997,-0.8660254037844388,0.4338837391175582,-0.900968867902419,-2.4492935982947064e-16,1.0,104.0,119.1875,144.85416666666666,6.15,21.700000000000003,100.0,73.0,-1.95,4.1975393,0.15,2.5,21.974074066666667,21.683333333333334,21.5,21.466666666666665,21.05,22.0,-18.044444446666667,-0.0148147833333318,0.1106666666666664,3.622666666666667,3.76,21.79567899777778,3.598888888888892,4.2144337,4.1573253,4.127909,4.1223903,4.2624435,0,0.0,0,1.0,-0.33,7.3,92.7
2022-12-22 14:30:00,150.138716444444,125.8141339,125.83385536111,21.974074066666667,3.76,22.0,2,5.1764362714980825,70.66250196097344,14,3,12,-0.4999999999999997,-0.8660254037844388,0.4338837391175582,-0.900968867902419,-2.4492935982947064e-16,1.0,96.0,109.0625,140.39583333333334,6.6000000000000005,21.8,100.0,75.0,-1.6,4.31254,0.2,2.5,22.13333337,22.0,21.683333333333334,21.5,21.466666666666665,22.0,-18.21407406666667,0.1962962866666657,0.0266666666666663,3.733333333333333,3.668,21.848148136666666,3.705333333333336,4.2624435,4.2144337,4.1573253,4.127909,4.3017426,0,0.0,0,1.0,-0.29,6.7,93.3
2022-12-22 14:45:00,150.301765538886,116.410898944444,116.428398277776,22.13333337,3.668,22.0,2,5.1764362714980825,70.66250196097344,14,3,12,-0.4999999999999997,-0.8660254037844388,0.4338837391175582,-0.900968867902419,-2.4492935982947064e-16,1.0,88.0,100.0,134.75,7.05,21.9,100.0,77.0,-1.25,4.4275413,0.25,2.5,22.125925963333334,22.0,22.0,21.683333333333334,21.5,22.183333333333334,-18.46533337,0.1592593033333322,-0.092,3.76,3.472,21.96172840555556,3.720444444444448,4.3017426,4.2624435,4.2144337,4.1573253,4.3357396,0,0.0,0,1.0,-0.25,6.3,93.7
2022-12-22 15:00:00,123.201460844436,95.304243244444,95.321464872218,22.125925963333334,3.472,22.183333333333334,2,5.1764362714980825,70.66250196097344,15,3,12,-0.7071067811865471,-0.7071067811865479,0.4338837391175582,-0.900968867902419,-2.4492935982947064e-16,1.0,80.0,92.0,127.91666666666669,7.5,22.0,100.0,79.0,-0.9,4.542542,0.3,2.5,21.9611111,22.0,22.0,22.0,21.683333333333334,22.55,-18.65392596333333,-0.0074074066666653,-0.1959999999999997,3.668,3.484,22.077777800000003,3.633333333333336,4.3357396,4.3017426,4.2624435,4.2144337,4.3657393,0,0.0,0,1.0,-0.25,6.3,93.7
2022-12-22 15:15:00,107.075716899996,74.834784272222,74.848672633332,21.9611111,3.484,22.55,2,5.1764362714980825,70.66250196097344,15,3,12,-0.7071067811865471,-0.7071067811865479,0.4338837391175582,-0.900968867902419,-2.4492935982947064e-16,1.0,70.25,83.5625,120.29166666666669,7.9,21.45,100.0,79.25,-0.8,4.56461,0.275,2.525,21.809259256666667,22.183333333333334,22.0,22.0,22.0,22.966666666666665,-18.4771111,-0.1648148633333335,0.012,3.472,2.796,22.07345681111111,3.5413333333333363,4.3657393,4.3357396,4.3017426,4.2624435,4.407618,0,0.0,0,1.0,-0.28,6.7,93.3
2022-12-22 15:30:00,173.757216166664,125.758025011112,125.776079872222,21.809259256666667,2.796,22.966666666666665,2,5.1764362714980825,70.66250196097344,15,3,12,-0.7071067811865471,-0.7071067811865479,0.4338837391175582,-0.900968867902419,-2.4492935982947064e-16,1.0,60.5,74.6875,111.875,8.3,20.9,100.0,79.5,-0.7,4.586737,0.25,2.55,21.98888891,22.55,22.183333333333334,22.0,22.0,23.0,-19.013259256666668,-0.1518518433333326,-0.6880000000000002,3.484,1.7153333333333334,21.96543210666667,3.2506666666666697,4.407618,4.3657393,4.3357396,4.3017426,4.4599986,0,0.0,0,1.0,-0.32,7.1,92.9
2022-12-22 15:45:00,152.069194872218,115.28927716111,115.30622098333,21.98888891,1.7153333333333334,23.0,2,5.1764362714980825,70.66250196097344,15,3,12,-0.7071067811865471,-0.7071067811865479,0.4338837391175582,-0.900968867902419,-2.4492935982947064e-16,1.0,50.75,65.375,102.66666666666669,8.7,20.35,100.0,79.75,-0.6,4.6089244,0.225,2.575,22.0555556,22.966666666666665,22.55,22.183333333333334,22.0,23.0,-20.273555576666663,0.1796296533333325,-1.0806666666666664,2.796,0.9553333333333334,21.919753088888893,2.665111111111114,4.4599986,4.407618,4.3657393,4.3357396,4.4771714,0,0.0,0,1.0,-0.28,6.6,93.4
2022-12-22 16:00:00,126.310225272218,101.9775874,101.994809011108,22.0555556,0.9553333333333334,23.0,2,5.1764362714980825,70.66250196097344,16,3,12,-0.8660254037844385,-0.5000000000000004,0.4338837391175582,-0.900968867902419,-2.4492935982947064e-16,1.0,41.0,55.625,92.66666666666669,9.1,19.8,100.0,80.0,-0.5,4.6311717,0.2,2.6,21.94444443,23.0,22.966666666666665,22.55,22.183333333333334,23.05,-21.10022226666667,0.0666666900000017,-0.76,1.7153333333333334,0.7666666666666667,21.95123458888889,1.8222222222222253,4.4771714,4.4599986,4.407618,4.3657393,4.458253,0,0.0,0,1.0,-0.26,6.4,93.6
2022-12-22 16:15:00,131.955832705554,100.969849927778,100.986515994442,21.94444443,0.7666666666666667,23.05,2,5.1764362714980825,70.66250196097344,16,3,12,-0.8660254037844385,-0.5000000000000004,0.4338837391175582,-0.900968867902419,-2.4492935982947064e-16,1.0,34.25,46.625,83.125,9.375,20.425,100.0,81.5,-0.375,4.678395,0.325,2.475,21.572222196666665,23.0,23.0,22.966666666666665,22.55,23.466666666666665,-21.17777776333333,-0.1111111700000044,-0.1886666666666666,0.9553333333333334,0.6673333333333333,21.996296313333332,1.145777777777781,4.458253,4.4771714,4.4599986,4.407618,4.442303,0,0.0,0,1.0,-0.29,6.7,93.3
2022-12-22 16:30:00,154.172444088884,123.483116044444,123.501726466664,21.572222196666665,0.6673333333333333,23.466666666666665,2,5.1764362714980825,70.66250196097344,16,3,12,-0.8660254037844385,-0.5000000000000004,0.4338837391175582,-0.900968867902419,-2.4492935982947064e-16,1.0,27.5,38.375,74.04166666666667,9.65,21.05,100.0,83.0,-0.25,4.724456,0.4499999999999999,2.35,21.64444445,23.05,23.0,23.0,22.966666666666665,23.45,-20.904888863333333,-0.372222233333332,-0.0993333333333333,0.7666666666666667,0.7586666666666666,21.85740740888889,0.7964444444444475,4.442303,4.458253,4.4771714,4.4599986,4.457726,0,0.0,0,1.0,-0.37,7.8,92.2
2022-12-22 16:45:00,230.774101983334,191.524283172222,191.5498377,21.64444445,0.7586666666666666,23.45,2,5.1764362714980825,70.66250196097344,16,3,12,-0.8660254037844385,-0.5000000000000004,0.4338837391175582,-0.900968867902419,-2.4492935982947064e-16,1.0,20.75,30.875,65.41666666666667,9.925,21.675,100.0,84.5,-0.125,4.7693715,0.575,2.225,22.22407407,23.466666666666665,23.05,23.0,23.0,22.85,-20.88577778333333,0.0722222533333329,0.0913333333333332,0.6673333333333333,0.584,21.72037035888889,0.7308888888888919,4.457726,4.442303,4.458253,4.4771714,4.4913483,0,0.0,0,1.0,-0.35,7.6,92.4
2022-12-22 17:00:00,276.71948642777403,232.026829672222,232.055995238886,22.22407407,0.584,22.85,2,5.1764362714980825,70.66250196097344,17,3,12,-0.9659258262890684,-0.2588190451025206,0.4338837391175582,-0.900968867902419,-2.4492935982947064e-16,1.0,14.0,24.125,57.25,10.2,22.3,100.0,86.0,0.0,4.8131537,0.7,2.1,22.73333331,23.45,23.466666666666665,23.05,23.0,22.5,-21.64007407,0.5796296199999986,-0.1746666666666666,0.7586666666666666,0.622,21.81358023888889,0.6700000000000029,4.4913483,4.457726,4.442303,4.458253,4.5538235,0,0.0,0,1.0,-0.22,6.0,94.0
2022-12-22 17:15:00,234.804496377776,202.026918616666,202.053306494442,22.73333331,0.622,22.5,2,5.1764362714980825,70.66250196097344,17,3,12,-0.9659258262890684,-0.2588190451025206,0.4338837391175582,-0.900968867902419,-2.4492935982947064e-16,1.0,10.75,18.25,49.47916666666666,10.1,22.3,100.0,86.0,0.075,4.837646,0.6749999999999999,2.175,22.71111109,22.85,23.45,23.466666666666665,23.05,22.5,-22.11133331,0.5092592400000022,0.038,0.584,0.76,22.200617276666662,0.6548888888888919,4.5538235,4.4913483,4.457726,4.442303,4.5480247,0,0.0,0,1.0,-0.11,5.2,94.8
2022-12-22 17:30:00,126.389111016662,102.036473944444,102.054806594442,22.71111109,0.76,22.5,2,5.1764362714980825,70.66250196097344,17,3,12,-0.9659258262890684,-0.2588190451025206,0.4338837391175582,-0.900968867902419,-2.4492935982947064e-16,1.0,7.5,13.25,42.10416666666666,10.0,22.3,100.0,86.0,0.15,4.8622475,0.6499999999999999,2.25,22.15,22.5,22.85,23.45,23.466666666666665,22.85,-21.95111109,-0.0222222199999997,0.138,0.622,0.8173333333333334,22.55617282333333,0.6553333333333362,4.5480247,4.5538235,4.4913483,4.457726,4.4722366,0,0.0,0,1.0,-0.11,5.3,94.7
2022-12-22 17:45:00,154.33882628333,127.344906016666,127.364071949998,22.15,0.8173333333333334,22.85,2,5.1764362714980825,70.66250196097344,17,3,12,-0.9659258262890684,-0.2588190451025206,0.4338837391175582,-0.900968867902419,-2.4492935982947064e-16,1.0,4.25,9.125,35.125,9.9,22.3,100.0,86.0,0.225,4.8869576,0.625,2.325,22.081481473333334,22.5,22.5,22.85,23.45,23.0,-21.332666666666665,-0.5611110900000007,0.0573333333333333,0.76,0.834,22.531481466666666,0.7331111111111142,4.4722366,4.5480247,4.5538235,4.4913483,4.483864,0,0.0,0,1.0,-0.24,6.2,93.8
2022-12-22 18:00:00,217.713235588888,176.539327011112,176.561826111112,22.081481473333334,0.834,23.0,2,5.1764362714980825,70.66250196097344,18,3,12,-1.0,-1.8369701987210294e-16,0.4338837391175582,-0.900968867902419,-2.4492935982947064e-16,1.0,1.0,5.875,28.541666666666668,9.8,22.3,100.0,86.0,0.3,4.91178,0.6,2.4,22.4777778,22.85,22.5,22.5,22.85,22.65,-21.24748147333333,-0.068518526666665,0.0166666666666666,0.8173333333333334,0.8273333333333334,22.31419752111111,0.8037777777777807,4.483864,4.4722366,4.5480247,4.5538235,4.517451,0,0.0,0,1.0,-0.25,6.3,93.7
2022-12-22 18:15:00,223.333566349998,183.0993424,183.123508083334,22.4777778,0.8273333333333334,22.65,2,5.1764362714980825,70.66250196097344,18,3,12,-1.0,-1.8369701987210294e-16,0.4338837391175582,-0.900968867902419,-2.4492935982947064e-16,1.0,0.75,3.375,22.75,10.65,23.3,100.0,86.25,0.3,4.9177475,0.475,2.375,22.7425926,23.0,22.85,22.5,22.5,22.5,-21.65044446666667,0.3962963266666683,-0.0066666666666665,0.834,0.8166666666666667,22.23641975777778,0.8262222222222251,4.517451,4.483864,4.4722366,4.5480247,4.556241,0,0.0,0,1.0,-0.16,5.6,94.4
2022-12-22 18:30:00,177.180134727778,143.590645027778,143.610921966668,22.7425926,0.8166666666666667,22.5,2,5.1764362714980825,70.66250196097344,18,3,12,-1.0,-1.8369701987210294e-16,0.4338837391175582,-0.900968867902419,-2.4492935982947064e-16,1.0,0.5,1.625,17.75,11.5,24.3,100.0,86.5,0.3,4.9236803,0.35,2.35,22.4833333,22.65,23.0,22.85,22.5,22.9,-21.925925933333332,0.2648147999999999,-0.0106666666666667,0.8273333333333334,0.9813333333333334,22.43395062444445,0.8260000000000028,4.556241,4.517451,4.483864,4.4722366,4.568771,0,0.0,0,1.0,-0.1,5.2,94.8
2022-12-22 18:45:00,147.362160827778,111.050557816666,111.068334972218,22.4833333,0.9813333333333334,22.9,2,5.1764362714980825,70.66250196097344,18,3,12,-1.0,-1.8369701987210294e-16,0.4338837391175582,-0.900968867902419,-2.4492935982947064e-16,1.0,0.25,0.625,13.541666666666666,12.35,25.3,100.0,86.75,0.3,4.929577,0.2249999999999999,2.325,21.98888889,22.5,22.65,23.0,22.85,23.466666666666665,-21.50199996666667,-0.2592593000000001,0.1646666666666667,0.8166666666666667,1.0833333333333333,22.56790123333333,0.8751111111111141,4.568771,4.556241,4.517451,4.483864,4.550491,0,0.0,0,1.0,-0.16,5.5,94.5
2022-12-22 19:00:00,157.415369866664,133.035233927778,133.054955372222,21.98888889,1.0833333333333333,23.466666666666665,2,5.1764362714980825,70.66250196097344,19,3,12,-0.9659258262890684,0.2588190451025203,0.4338837391175582,-0.900968867902419,-2.4492935982947064e-16,1.0,0.0,0.375,10.125,13.2,26.3,100.0,87.0,0.3,4.935439,0.1,2.3,22.07777777,22.9,22.5,22.65,23.0,23.45,-20.905555556666663,-0.4944444100000034,0.1019999999999998,0.9813333333333334,1.0293333333333332,22.40493826333333,0.9604444444444472,4.550491,4.568771,4.556241,4.517451,4.5706153,0,0.0,0,1.0,-0.27,6.5,93.5
2022-12-22 19:15:00,211.552648688888,187.239732327778,187.265842416666,22.07777777,1.0293333333333332,23.45,2,5.1764362714980825,70.66250196097344,19,3,12,-0.9659258262890684,0.2588190451025203,0.4338837391175582,-0.900968867902419,-2.4492935982947064e-16,1.0,0.0,0.1875,7.270833333333333,14.175,26.75,100.0,85.5,0.5,4.999839,0.25,2.75,22.50370369,23.466666666666665,22.9,22.5,22.65,23.03333333333333,-21.048444436666667,0.0888888800000025,-0.054,1.0833333333333333,0.8953333333333333,22.183333320000003,1.0313333333333363,4.5706153,4.550491,4.568771,4.556241,4.6007514,0,0.0,0,1.0,-0.25,6.3,93.7
2022-12-22 19:30:00,233.63759862222,183.091287188888,183.113786255556,22.50370369,0.8953333333333333,23.03333333333333,2,5.1764362714980825,70.66250196097344,19,3,12,-0.9659258262890684,0.2588190451025203,0.4338837391175582,-0.900968867902419,-2.4492935982947064e-16,1.0,0.0,0.0625,4.979166666666667,15.15,27.200000000000003,100.0,84.0,0.7,5.062942,0.4,3.2,22.7277778,23.45,23.466666666666665,22.9,22.5,23.0,-21.60837035666667,0.4259259200000009,-0.1339999999999999,1.0293333333333332,1.0153333333333334,22.19012345,1.0026666666666697,4.6007514,4.5706153,4.550491,4.568771,4.653537,0,0.0,0,1.0,-0.16,5.5,94.5
2022-12-22 19:45:00,176.183507977776,135.814567233332,135.834566433332,22.7277778,1.0153333333333334,23.0,2,5.1764362714980825,70.66250196097344,19,3,12,-0.9659258262890684,0.2588190451025203,0.4338837391175582,-0.900968867902419,-2.4492935982947064e-16,1.0,0.0,0.0,3.25,16.125,27.65,100.0,82.5,0.9000000000000001,5.1246276,0.55,3.65,22.43888888,23.03333333333333,23.45,23.466666666666665,22.9,23.183333333333334,-21.712444466666668,0.2240741100000001,0.1200000000000001,0.8953333333333333,0.984,22.436419753333336,0.980000000000003,4.653537,4.6007514,4.5706153,4.550491,4.6135035,0,0.0,0,1.0,-0.1,5.2,94.8
2022-12-22 20:00:00,137.663937755552,111.786917244444,111.80413882222,22.43888888,0.984,23.183333333333334,2,5.1764362714980825,70.66250196097344,20,3,12,-0.8660254037844386,0.5000000000000001,0.4338837391175582,-0.900968867902419,-2.4492935982947064e-16,1.0,0.0,0.0,2.083333333333333,17.1,28.1,100.0,81.0,1.1,5.184763,0.7,4.1,21.97222223,23.0,23.03333333333333,23.45,23.466666666666665,23.5,-21.45488888,-0.2888889200000015,-0.0313333333333334,1.0153333333333334,0.976,22.55679012333334,0.964888888888892,4.6135035,4.653537,4.6007514,4.5706153,4.552578,0,0.0,0,1.0,-0.17,5.6,94.4
2022-12-22 20:15:00,177.991491205554,142.7242908,142.744290049998,21.97222223,0.976,23.5,2,5.1764362714980825,70.66250196097344,20,3,12,-0.8660254037844386,0.5000000000000001,0.4338837391175582,-0.900968867902419,-2.4492935982947064e-16,1.0,0.0,0.0,1.1875,17.0,30.175,100.0,80.75,0.975,5.134449,0.975,4.0,22.187037046666667,23.183333333333334,23.0,23.03333333333333,23.45,23.316666666666663,-20.99622223,-0.4666666500000005,-0.0079999999999998,0.984,1.0033333333333334,22.379629636666667,0.9917777777777808,4.552578,4.6135035,4.653537,4.6007514,4.573314,0,0.0,0,1.0,-0.28,6.6,93.4
2022-12-22 20:30:00,224.181588061106,197.784310511112,197.8104206,22.187037046666667,1.0033333333333334,23.316666666666663,2,5.1764362714980825,70.66250196097344,20,3,12,-0.8660254037844386,0.5000000000000001,0.4338837391175582,-0.900968867902419,-2.4492935982947064e-16,1.0,0.0,0.0,0.5625,16.9,32.25,100.0,80.5,0.8500000000000001,5.084547,1.25,3.9,22.54999998,23.5,23.183333333333334,23.0,23.03333333333333,23.0,-21.183703713333333,0.2148148166666672,0.0273333333333333,0.976,1.106666666666667,22.199382718888888,0.9877777777777808,4.573314,4.552578,4.6135035,4.653537,4.6063204,0,0.0,0,1.0,-0.23,6.1,93.9
2022-12-22 20:45:00,133.028845366664,103.323366949998,103.340032999996,22.54999998,1.106666666666667,23.0,2,5.1764362714980825,70.66250196097344,20,3,12,-0.8660254037844386,0.5000000000000001,0.4338837391175582,-0.900968867902419,-2.4492935982947064e-16,1.0,0.0,0.0,0.2083333333333333,16.8,34.325,100.0,80.25,0.725,5.035053,1.525,3.8,22.425925933333332,23.316666666666663,23.5,23.183333333333334,23.0,23.183333333333334,-21.443333313333333,0.3629629333333319,0.1033333333333332,1.0033333333333334,1.246,22.236419752222226,1.0286666666666695,4.6063204,4.573314,4.552578,4.6135035,4.610069,0,0.0,0,1.0,-0.15,5.4,94.6
2022-12-22 21:00:00,159.32640452222,109.495064472222,109.513397172218,22.425925933333332,1.246,23.183333333333334,2,5.1764362714980825,70.66250196097344,21,3,12,-0.7071067811865477,0.7071067811865474,0.4338837391175582,-0.900968867902419,-2.4492935982947064e-16,1.0,0.0,0.0,0.125,16.7,36.4,100.0,80.0,0.6,4.985964,1.8,3.7,22.16111114,23.0,23.316666666666663,23.5,23.183333333333334,23.55,-21.179925933333337,-0.1240740466666636,0.1393333333333333,1.106666666666667,1.3766666666666665,22.38765432,1.1186666666666696,4.610069,4.6063204,4.573314,4.552578,4.612192,0,0.0,0,1.0,-0.17,5.6,94.4
2022-12-22 21:15:00,136.644534033332,99.329915544444,99.345192733332,22.16111114,1.3766666666666665,23.55,2,5.1764362714980825,70.66250196097344,21,3,12,-0.7071067811865477,0.7071067811865474,0.4338837391175582,-0.900968867902419,-2.4492935982947064e-16,1.0,0.0,0.0,0.0625,17.2,40.0,100.0,80.25,0.5,4.959935,2.075,3.575,21.72222225333333,23.183333333333334,23.0,23.316666666666663,23.5,24.15,-20.78444447333333,-0.2648147933333362,0.1306666666666665,1.246,1.472,22.37901235111111,1.243111111111114,4.612192,4.610069,4.6063204,4.573314,4.6114745,0,0.0,0,1.0,-0.23,6.1,93.9
2022-12-22 21:30:00,146.087767355556,121.6959653,121.714853477776,21.72222225333333,1.472,24.15,2,5.1764362714980825,70.66250196097344,21,3,12,-0.7071067811865477,0.7071067811865474,0.4338837391175582,-0.900968867902419,-2.4492935982947064e-16,1.0,0.0,0.0,0.0208333333333333,17.7,43.6,100.0,80.5,0.4,4.9339514,2.35,3.45,21.73333336,23.55,23.183333333333334,23.0,23.316666666666663,24.15,-20.25022225333333,-0.4388888866666676,0.0953333333333334,1.3766666666666665,1.5153333333333334,22.103086442222224,1.364888888888892,4.6114745,4.612192,4.610069,4.6063204,4.6144366,0,0.0,0,1.0,-0.33,7.3,92.7
2022-12-22 21:45:00,191.992042311108,159.076970016666,159.09919139444202,21.73333336,1.5153333333333334,24.15,2,5.1764362714980825,70.66250196097344,21,3,12,-0.7071067811865477,0.7071067811865474,0.4338837391175582,-0.900968867902419,-2.4492935982947064e-16,1.0,0.0,0.0,0.0,18.2,47.2,100.0,80.75,0.3,4.908014,2.625,3.325,22.12777778333333,24.15,23.55,23.183333333333334,23.0,23.816666666666663,-20.218000026666665,0.011111106666668,0.0433333333333334,1.472,1.76,21.87222225111111,1.4546666666666697,4.6144366,4.6114745,4.612192,4.610069,4.6554723,0,0.0,0,1.0,-0.33,7.2,92.8
2022-12-22 22:00:00,233.632598772222,204.683479016666,204.710144649998,22.12777778333333,1.76,23.816666666666663,2,5.1764362714980825,70.66250196097344,22,3,12,-0.5000000000000004,0.8660254037844384,0.4338837391175582,-0.900968867902419,-2.4492935982947064e-16,1.0,0.0,0.0,0.0,18.7,50.8,100.0,81.0,0.2,4.882123,2.9,3.2,22.63888888,24.15,24.15,23.55,23.183333333333334,23.5,-20.36777778333333,0.3944444233333328,0.2446666666666666,1.5153333333333334,2.027333333333333,21.86111113222222,1.5824444444444474,4.6554723,4.6144366,4.6114745,4.612192,4.7305264,0,0.0,0,1.0,-0.24,6.2,93.8
2022-12-22 22:15:00,235.976671738886,198.924542666668,198.951763844444,22.63888888,2.027333333333333,23.5,2,5.1764362714980825,70.66250196097344,22,3,12,-0.5000000000000004,0.8660254037844384,0.4338837391175582,-0.900968867902419,-2.4492935982947064e-16,1.0,0.0,0.0,0.0,19.425,52.15,100.0,80.5,0.275,4.909236,2.425,3.375,22.816666663333333,23.816666666666663,24.15,24.15,23.55,23.5,-20.611555546666665,0.5111110966666672,0.2673333333333334,1.76,2.2706666666666666,22.166666674444446,1.7675555555555589,4.7305264,4.6554723,4.6144366,4.6114745,4.7789817,0,0.0,0,1.0,-0.12,5.3,94.7
2022-12-22 22:30:00,162.710435788888,116.024803272222,116.040913777776,22.816666663333333,2.2706666666666666,23.5,2,5.1764362714980825,70.66250196097344,22,3,12,-0.5000000000000004,0.8660254037844384,0.4338837391175582,-0.900968867902419,-2.4492935982947064e-16,1.0,0.0,0.0,0.0,20.15,53.5,100.0,80.0,0.35,4.9362245,1.95,3.55,22.34444442,23.5,23.816666666666663,24.15,24.15,23.9,-20.545999996666666,0.1777777833333331,0.2433333333333331,2.027333333333333,2.6406666666666667,22.527777775555556,2.019333333333336,4.7789817,4.7305264,4.6554723,4.6144366,4.730374,0,0.0,0,1.0,-0.08,5.1,94.9
2022-12-22 22:45:00,142.699291866664,109.965323444444,109.981989511108,22.34444442,2.6406666666666667,23.9,2,5.1764362714980825,70.66250196097344,22,3,12,-0.5000000000000004,0.8660254037844384,0.4338837391175582,-0.900968867902419,-2.4492935982947064e-16,1.0,0.0,0.0,0.0,20.875,54.85,100.0,79.5,0.425,4.963082,1.475,3.725,22.00370369333333,23.5,23.5,23.816666666666663,24.15,24.466666666666665,-19.70377775333333,-0.4722222433333343,0.3700000000000001,2.2706666666666666,2.825333333333333,22.599999987777775,2.312888888888892,4.730374,4.7789817,4.7305264,4.6554723,4.748459,0,0.0,0,1.0,-0.19,5.7,94.3
2022-12-22 23:00:00,175.078274305558,150.738414672222,150.760358244444,22.00370369333333,2.825333333333333,24.466666666666665,2,5.1764362714980825,70.66250196097344,23,3,12,-0.2588190451025215,0.965925826289068,0.4338837391175582,-0.900968867902419,-2.4492935982947064e-16,1.0,0.0,0.0,0.0,21.6,56.2,100.0,79.0,0.5,4.989804,1.0,3.9,22.32222224,23.9,23.5,23.5,23.816666666666663,24.45,-19.17837036,-0.3407407266666666,0.1846666666666667,2.6406666666666667,2.9426666666666668,22.388271592222225,2.578888888888892,4.748459,4.730374,4.7789817,4.7305264,4.8330517,0,0.0,0,1.0,-0.26,6.4,93.6
2022-12-22 23:15:00,216.555226394442,186.91557866111,186.940299888888,22.32222224,2.9426666666666668,24.45,2,5.1764362714980825,70.66250196097344,23,3,12,-0.2588190451025215,0.965925826289068,0.4338837391175582,-0.900968867902419,-2.4492935982947064e-16,1.0,0.0,0.0,0.0,22.025,57.0,100.0,78.5,0.625,5.0331097,0.9,4.125,22.720370366666668,24.466666666666665,23.9,23.5,23.5,24.03333333333333,-19.37955557333333,0.3185185466666667,0.1173333333333332,2.825333333333333,3.1713333333333336,22.223456784444448,2.802888888888892,4.8330517,4.748459,4.730374,4.7789817,4.8605447,0,0.0,0,1.0,-0.19,5.7,94.3
2022-12-22 23:30:00,128.261536,92.859896555556,92.874062705554,22.720370366666668,3.1713333333333336,24.03333333333333,2,5.1764362714980825,70.66250196097344,23,3,12,-0.2588190451025215,0.965925826289068,0.4338837391175582,-0.900968867902419,-2.4492935982947064e-16,1.0,0.0,0.0,0.0,22.450000000000003,57.8,100.0,78.0,0.75,5.0764422,0.8,4.35,22.51666665,24.45,24.466666666666665,23.9,23.5,24.4,-19.54903703333333,0.3981481266666691,0.2286666666666668,2.9426666666666668,3.670666666666667,22.34876543333333,2.9797777777777807,4.8605447,4.8330517,4.748459,4.730374,4.8773627,0,0.0,0,1.0,-0.1,5.2,94.8
2022-12-22 23:45:00,127.697114227774,87.48288942777799,87.497888911108,22.51666665,3.670666666666667,24.4,2,5.1764362714980825,70.66250196097344,23,3,12,-0.2588190451025215,0.965925826289068,0.4338837391175582,-0.900968867902419,-2.4492935982947064e-16,1.0,0.0,0.0,0.0,22.875,58.6,100.0,77.5,0.875,5.1197953,0.7,4.575,22.2462963,24.03333333333333,24.45,24.466666666666665,23.9,24.966666666666665,-18.845999983333336,-0.2037037166666664,0.4993333333333334,3.1713333333333336,3.999333333333333,22.51975308555556,3.261555555555559,4.8773627,4.8605447,4.8330517,4.748459,4.913674,0,0.0,0,1.0,-0.14,5.4,94.6
2022-12-23 00:00:00,181.829948611116,142.195978616666,142.215700077776,22.2462963,3.999333333333333,24.966666666666665,2,5.1764362714980825,70.66250196097344,0,4,12,0.0,1.0,-0.433883739117558,-0.9009688679024191,-2.4492935982947064e-16,1.0,0.0,0.0,0.0,23.3,59.4,100.0,77.0,1.0,5.16316,0.6,4.8,22.50000002,24.4,24.03333333333333,24.45,24.466666666666665,24.65,-18.24696296666667,-0.2703703500000003,0.328666666666666,3.670666666666667,4.762666666666666,22.49444443888889,3.6137777777777806,4.913674,4.8773627,4.8605447,4.8330517,4.9226213,0,0.0,0,1.0,-0.2,5.9,94.1
2022-12-23 00:15:00,181.297747766668,147.66048224444398,147.681314777776,22.50000002,4.762666666666666,24.65,2,5.1764362714980825,70.66250196097344,0,4,12,0.0,1.0,-0.433883739117558,-0.9009688679024191,-2.4492935982947064e-16,1.0,0.0,0.0,0.0,22.975,57.325,100.0,76.75,1.1,5.180559,0.875,4.9,22.70000003,24.966666666666665,24.4,24.03333333333333,24.45,24.5,-17.737333353333334,0.2537037200000007,0.7633333333333332,3.999333333333333,5.154,22.420987656666668,4.144222222222225,4.9226213,4.913674,4.8773627,4.8605447,4.949141,0,0.0,0,1.0,-0.15,5.4,94.6
2022-12-23 00:30:00,147.830475511108,123.497282144444,123.516170305554,22.70000003,5.154,24.5,2,5.1764362714980825,70.66250196097344,0,4,12,0.0,1.0,-0.433883739117558,-0.9009688679024191,-2.4492935982947064e-16,1.0,0.0,0.0,0.0,22.65,55.25,100.0,76.5,1.2,5.197933,1.15,5.0,22.61666667,24.65,24.966666666666665,24.4,24.03333333333333,24.85,-17.546000030000002,0.2000000100000001,0.3913333333333337,4.762666666666666,4.788666666666667,22.48209878333334,4.638666666666669,4.949141,4.9226213,4.913674,4.8773627,4.995907,0,0.0,0,1.0,-0.1,5.2,94.8
2022-12-23 00:45:00,69.191398966664,43.333544372222,43.343821777776,22.61666667,4.788666666666667,24.85,1,5.1764362714980825,70.66250196097344,0,4,12,0.0,1.0,-0.433883739117558,-0.9009688679024191,-2.4492935982947064e-16,1.0,0.0,0.0,0.0,22.325,53.175,100.0,76.25,1.2999999999999998,5.2152815,1.425,5.1,22.196296326666666,24.5,24.65,24.966666666666665,24.4,25.183333333333334,-17.82800000333333,-0.0833333600000045,-0.365333333333333,5.154,3.741333333333333,22.605555573333334,4.901777777777781,4.995907,4.949141,4.9226213,4.913674,4.9420753,0,0.0,1,1.0,-0.12,5.3,94.7
2022-12-23 01:00:00,178.843957105554,133.471327616666,133.489938055552,22.196296326666666,3.741333333333333,25.183333333333334,2,5.1764362714980825,70.66250196097344,1,4,12,0.2588190451025207,0.9659258262890684,-0.433883739117558,-0.9009688679024191,-2.4492935982947064e-16,1.0,0.0,0.0,0.0,22.0,51.1,100.0,76.0,1.4,5.232603,1.7,5.2,22.29444443,24.85,24.5,24.65,24.966666666666665,25.15,-18.45496299333333,-0.4203703433333317,-1.047333333333334,4.788666666666667,3.51,22.50432100888889,4.561333333333336,4.9420753,4.995907,4.949141,4.9226213,4.9634867,0,0.0,1,1.0,-0.21,5.9,94.1
2022-12-23 01:15:00,162.772377744444,122.831197672222,122.849252549998,22.29444443,3.51,25.15,2,5.1764362714980825,70.66250196097344,1,4,12,0.2588190451025207,0.9659258262890684,-0.433883739117558,-0.9009688679024191,-2.4492935982947064e-16,1.0,0.0,0.0,0.0,21.95,50.125,100.0,76.75,1.5,5.2842407,2.0,5.2,22.45740738,25.183333333333334,24.85,24.5,24.65,25.0,-18.78444443,0.0981481033333331,-0.2313333333333331,3.741333333333333,3.7,22.36913580888889,4.013333333333336,4.9634867,4.9420753,4.995907,4.949141,4.9803176,0,0.0,0,1.0,-0.19,5.8,94.2
2022-12-23 01:30:00,157.932293488892,127.523509922224,127.54378696111,22.45740738,3.7,25.0,2,5.1764362714980825,70.66250196097344,1,4,12,0.2588190451025207,0.9659258262890684,-0.433883739117558,-0.9009688679024191,-2.4492935982947064e-16,1.0,0.0,0.0,0.0,21.9,49.15,100.0,77.5,1.6,5.335878,2.3,5.2,22.54444447,25.15,25.183333333333334,24.85,24.5,25.0,-18.75740738,0.1629629500000007,0.1900000000000004,3.51,3.602,22.31604937888889,3.6504444444444473,4.9803176,4.9634867,4.9420753,4.995907,5.005275,0,0.0,0,1.0,-0.15,5.5,94.5
2022-12-23 01:45:00,165.75948052222,128.792070344444,128.810403011108,22.54444447,3.602,25.0,2,5.1764362714980825,70.66250196097344,1,4,12,0.2588190451025207,0.9659258262890684,-0.433883739117558,-0.9009688679024191,-2.4492935982947064e-16,1.0,0.0,0.0,0.0,21.85,48.175,100.0,78.25,1.7,5.387516,2.6,5.2,22.62777778666667,25.0,25.15,25.183333333333334,24.85,25.0,-18.94244447,0.087037089999999,-0.0980000000000003,3.7,3.3946666666666667,22.43209876,3.6040000000000023,5.005275,4.9803176,4.9634867,4.9420753,5.029268,0,0.0,0,1.0,-0.13,5.4,94.6
2022-12-23 02:00:00,473.6527198166661,128.999839766668,129.020394544444,22.62777778666667,3.3946666666666667,25.0,2,5.1764362714980825,70.66250196097344,2,4,12,0.4999999999999999,0.8660254037844387,-0.433883739117558,-0.9009688679024191,-2.4492935982947064e-16,1.0,0.0,0.0,0.0,21.8,47.2,100.0,79.0,1.8,5.4391537,2.9,5.2,22.6666667,25.0,25.0,25.15,25.183333333333334,25.0,-19.233111120000004,0.0833333166666712,-0.2073333333333331,3.602,3.2346666666666666,22.543209878888888,3.5655555555555587,5.029268,5.005275,4.9803176,4.9634867,5.0404997,0,0.0,0,1.0,-0.11,5.3,94.7
2022-12-23 02:15:00,124.781953038886,100.453203911112,100.470147733332,22.6666667,3.2346666666666666,25.0,2,5.1764362714980825,70.66250196097344,2,4,12,0.4999999999999999,0.8660254037844387,-0.433883739117558,-0.9009688679024191,-2.4492935982947064e-16,1.0,0.0,0.0,0.0,22.8,52.675,100.0,78.75,1.75,5.413006,3.25,5.175,22.524074103333337,25.0,25.0,25.0,25.15,25.183333333333334,-19.43200003333333,0.0388889133333307,-0.1600000000000001,3.3946666666666667,3.2666666666666666,22.61296298555556,3.4104444444444475,5.0404997,5.029268,5.005275,4.9803176,5.0360847,0,0.0,0,1.0,-0.11,5.2,94.8
2022-12-23 02:30:00,104.61331538333,53.098987072222,53.108708949998,22.524074103333337,3.2666666666666666,25.183333333333334,1,5.1764362714980825,70.66250196097344,2,4,12,0.4999999999999999,0.8660254037844387,-0.433883739117558,-0.9009688679024191,-2.4492935982947064e-16,1.0,0.0,0.0,0.0,23.8,58.15,100.0,78.5,1.7000000000000002,5.3869267,3.6,5.15,22.17777778,25.0,25.0,25.0,25.0,25.5,-19.25740743666667,-0.1425925966666632,0.032,3.2346666666666666,3.44,22.606172863333335,3.2986666666666693,5.0360847,5.0404997,5.029268,5.005275,4.998888,0,0.0,1,1.0,-0.14,5.4,94.6
2022-12-23 02:45:00,163.019312316666,121.963176811112,121.98150946111,22.17777778,3.44,25.5,2,5.1764362714980825,70.66250196097344,2,4,12,0.4999999999999999,0.8660254037844387,-0.433883739117558,-0.9009688679024191,-2.4492935982947064e-16,1.0,0.0,0.0,0.0,24.8,63.625,100.0,78.25,1.65,5.3609166,3.95,5.125,22.2462963,25.183333333333334,25.0,25.0,25.0,25.5,-18.73777778,-0.3462963233333376,0.1733333333333333,3.2666666666666666,3.5766666666666667,22.456172861111117,3.3137777777777804,4.998888,5.0360847,5.0404997,5.029268,5.0186386,0,0.0,1,1.0,-0.22,6.0,94.0
2022-12-23 03:00:00,120.14963840555,95.183136972222,95.199247511108,22.2462963,3.5766666666666667,25.5,2,5.1764362714980825,70.66250196097344,3,4,12,0.7071067811865476,0.7071067811865476,-0.433883739117558,-0.9009688679024191,-2.4492935982947064e-16,1.0,0.0,0.0,0.0,25.8,69.1,100.0,78.0,1.6,5.334976,4.3,5.1,22.17777779,25.5,25.183333333333334,25.0,25.0,25.85,-18.669629633333333,0.0685185200000013,0.1366666666666667,3.44,3.718,22.31604939444445,3.4277777777777807,5.0186386,4.998888,5.0360847,5.0404997,5.0675,0,0.0,0,1.0,-0.2,5.8,94.2
2022-12-23 03:15:00,122.384548855556,87.75676735555601,87.770377927778,22.17777779,3.718,25.85,2,5.1764362714980825,70.66250196097344,3,4,12,0.7071067811865476,0.7071067811865476,-0.433883739117558,-0.9009688679024191,-2.4492935982947064e-16,1.0,0.0,0.0,0.0,26.175,69.82499999999999,100.0,78.0,1.7000000000000002,5.379166,4.1,5.225,22.09444445666667,25.5,25.5,25.183333333333334,25.0,26.0,-18.45977779,-0.0685185100000005,0.1413333333333337,3.5766666666666667,3.94,22.20061729,3.5782222222222253,5.0675,5.0186386,4.998888,5.0360847,5.072502,0,0.0,0,1.0,-0.21,5.9,94.1
2022-12-23 03:30:00,114.644303061106,87.826486816666,87.841764038886,22.09444445666667,3.94,26.0,2,5.1764362714980825,70.66250196097344,3,4,12,0.7071067811865476,0.7071067811865476,-0.433883739117558,-0.9009688679024191,-2.4492935982947064e-16,1.0,0.0,0.0,0.0,26.55,70.55,100.0,78.0,1.8,5.4236765,3.9,5.35,22.05000004,25.85,25.5,25.5,25.183333333333334,26.35,-18.154444456666667,-0.0833333333333321,0.2219999999999995,3.718,4.684,22.17283951555556,3.744888888888892,5.072502,5.0675,5.0186386,4.998888,5.127638,0,0.0,0,1.0,-0.23,6.1,93.9
2022-12-23 03:45:00,113.591289599996,83.382775688888,83.396108505554,22.05000004,4.684,26.35,2,5.1764362714980825,70.66250196097344,3,4,12,0.7071067811865476,0.7071067811865476,-0.433883739117558,-0.9009688679024191,-2.4492935982947064e-16,1.0,0.0,0.0,0.0,26.925,71.275,100.0,78.0,1.9,5.4685087,3.7,5.475,21.96296297,26.0,25.85,25.5,25.5,26.5,-17.36600004,-0.0444444166666677,0.7440000000000002,3.94,5.093999999999999,22.10740742888889,4.114000000000003,5.127638,5.072502,5.0675,5.0186386,5.131019,0,0.0,0,1.0,-0.24,6.2,93.8
2022-12-23 04:00:00,119.270228900004,70.0605308,70.0730303,21.96296297,5.093999999999999,26.5,1,5.1764362714980825,70.66250196097344,4,4,12,0.8660254037844386,0.5000000000000001,-0.433883739117558,-0.9009688679024191,-2.4492935982947064e-16,1.0,0.0,0.0,0.0,27.3,72.0,100.0,78.0,2.0,5.5136633,3.5,5.6,21.805555570000003,26.35,26.0,25.85,25.5,26.85,-16.86896297,-0.0870370700000009,0.4099999999999992,4.684,5.145333333333332,22.03580248888889,4.572666666666669,5.131019,5.127638,5.072502,5.0675,5.1517806,0,0.0,1,1.0,-0.26,6.4,93.6
2022-12-23 04:15:00,112.81187626111,74.090369616666,74.103146905554,21.805555570000003,5.145333333333332,26.85,2,5.1764362714980825,70.66250196097344,4,4,12,0.8660254037844386,0.5000000000000001,-0.433883739117558,-0.9009688679024191,-2.4492935982947064e-16,1.0,0.0,0.0,0.0,26.475,71.825,100.0,78.0,2.05,5.5227337,3.375,5.625,21.725925906666667,26.5,26.35,26.0,25.85,27.0,-16.66022223666667,-0.1574073999999967,0.051333333333333,5.093999999999999,5.202,21.93950619333334,4.974444444444448,5.1517806,5.131019,5.127638,5.072502,5.1567903,0,0.0,1,1.0,-0.29,6.8,93.2
2022-12-23 04:30:00,99.69017898333,75.245601172222,75.260878394442,21.725925906666667,5.202,27.0,2,5.1764362714980825,70.66250196097344,4,4,12,0.8660254037844386,0.5000000000000001,-0.433883739117558,-0.9009688679024191,-2.4492935982947064e-16,1.0,0.0,0.0,0.0,25.65,71.65,100.0,78.0,2.1,5.5318165,3.25,5.65,21.68333335,26.85,26.5,26.35,26.0,27.35,-16.52392590666667,-0.0796296633333355,0.0566666666666675,5.145333333333332,5.341333333333334,21.831481482222227,5.147111111111113,5.1567903,5.1517806,5.131019,5.127638,5.210798,0,0.0,0,1.0,-0.31,7.0,93.0
2022-12-23 04:45:00,104.98441162222,72.849585883334,72.862363155556,21.68333335,5.341333333333334,27.35,2,5.1764362714980825,70.66250196097344,4,4,12,0.8660254037844386,0.5000000000000001,-0.433883739117558,-0.9009688679024191,-2.4492935982947064e-16,1.0,0.0,0.0,0.0,24.825,71.475,100.0,78.0,2.1500000000000004,5.5409126,3.125,5.675,21.6666667,27.0,26.85,26.5,26.35,27.5,-16.342000016666667,-0.0425925566666656,0.1393333333333339,5.202,5.284000000000001,21.73827160888889,5.229555555555558,5.210798,5.1567903,5.1517806,5.131019,5.2343316,0,0.0,0,1.0,-0.32,7.1,92.9
2022-12-23 05:00:00,125.3066542,95.766724727778,95.783113005554,21.6666667,5.284000000000001,27.5,2,5.1764362714980825,70.66250196097344,5,4,12,0.9659258262890684,0.2588190451025207,-0.433883739117558,-0.9009688679024191,-2.4492935982947064e-16,1.0,0.0,0.0,0.0,24.0,71.3,100.0,78.0,2.2,5.5500216,3.0,5.7,21.75000002,27.35,27.0,26.85,26.5,27.5,-16.3826667,-0.0166666500000012,-0.0573333333333332,5.341333333333334,4.878,21.691975318888893,5.2757777777777815,5.2343316,5.210798,5.1567903,5.1517806,5.2595963,0,0.0,0,1.0,-0.32,7.1,92.9
2022-12-23 05:15:00,126.869924966668,91.116077427778,91.132465738886,21.75000002,4.878,27.5,2,5.1764362714980825,70.66250196097344,5,4,12,0.9659258262890684,0.2588190451025207,-0.433883739117558,-0.9009688679024191,-2.4492935982947064e-16,1.0,0.0,0.0,0.0,24.175,66.7,100.0,76.75,2.7750000000000004,5.7641854,2.25,6.525,21.8296296,27.5,27.35,27.0,26.85,27.5,-16.87200002,0.0833333200000012,-0.4060000000000006,5.284000000000001,4.700666666666667,21.70000002333333,5.167777777777782,5.2595963,5.2343316,5.210798,5.1567903,5.2838364,0,0.0,0,1.0,-0.3,6.9,93.1
2022-12-23 05:30:00,138.476127433332,92.487411472222,92.50102206111,21.8296296,4.700666666666667,27.5,2,5.1764362714980825,70.66250196097344,5,4,12,0.9659258262890684,0.2588190451025207,-0.433883739117558,-0.9009688679024191,-2.4492935982947064e-16,1.0,0.0,0.0,0.0,24.35,62.1,100.0,75.5,3.35,5.982834,1.5,7.35,21.87222222,27.5,27.5,27.35,27.0,27.15,-17.12896293333333,0.0796295799999953,-0.1773333333333333,4.878,4.634666666666666,21.74876544,4.954222222222225,5.2838364,5.2595963,5.2343316,5.210798,5.2294273,0,0.0,0,1.0,-0.28,6.7,93.3
2022-12-23 05:45:00,132.853574461114,97.121114966668,97.137503244444,21.87222222,4.634666666666666,27.15,2,5.1764362714980825,70.66250196097344,5,4,12,0.9659258262890684,0.2588190451025207,-0.433883739117558,-0.9009688679024191,-2.4492935982947064e-16,1.0,0.0,0.0,0.0,24.525,57.5,100.0,74.25,3.925,6.2058253,0.75,8.175,21.90925925,27.5,27.5,27.5,27.35,27.0,-17.237555553333337,0.0425926200000041,-0.0660000000000007,4.700666666666667,4.6306666666666665,21.817283946666667,4.73777777777778,5.2294273,5.2838364,5.2595963,5.2343316,5.2116604,0,0.0,0,1.0,-0.28,6.6,93.4
2022-12-23 06:00:00,120.463236761114,96.340868411112,96.356978916666,21.90925925,4.6306666666666665,27.0,2,5.1764362714980825,70.66250196097344,6,4,12,1.0,6.123233995736766e-17,-0.433883739117558,-0.9009688679024191,-2.4492935982947064e-16,1.0,0.0,0.0,0.0,24.7,52.9,100.0,73.0,4.5,6.4329934,0.0,9.0,21.93333329,27.15,27.5,27.5,27.5,27.0,-17.27859258333333,0.0370370299999969,-0.0039999999999995,4.634666666666666,4.660666666666667,21.870370356666665,4.655333333333336,5.2116604,5.2294273,5.2838364,5.2595963,5.2189045,0,0.0,0,1.0,-0.27,6.5,93.5
2022-12-23 06:15:00,97.585263216662,68.716417916666,68.72947296111,21.93333329,4.660666666666667,27.0,1,5.1764362714980825,70.66250196097344,6,4,12,1.0,6.123233995736766e-17,-0.433883739117558,-0.9009688679024191,-2.4492935982947064e-16,1.0,0.0,0.0,0.0,21.45,55.15,100.0,79.25,4.45,6.507369,0.45,7.9,21.79999997,27.0,27.15,27.5,27.5,27.183333333333334,-17.272666623333333,0.0240740400000021,0.0300000000000002,4.6306666666666665,4.8420000000000005,21.90493825333333,4.642000000000003,5.2189045,5.2116604,5.2294273,5.2838364,5.2140656,0,0.0,1,1.0,-0.26,6.4,93.6
2022-12-23 06:30:00,132.556364100004,99.055204316666,99.071592594442,21.79999997,4.8420000000000005,27.183333333333334,2,5.1764362714980825,70.66250196097344,6,4,12,1.0,6.123233995736766e-17,-0.433883739117558,-0.9009688679024191,-2.4492935982947064e-16,1.0,0.0,0.0,0.0,18.2,57.4,100.0,85.5,4.4,6.5374756,0.9,6.8,21.79999997,27.0,27.0,27.15,27.5,27.5,-16.957999969999996,-0.1333333200000019,0.1813333333333338,4.660666666666667,4.972666666666667,21.88086417,4.711111111111115,5.2140656,5.2189045,5.2116604,5.2294273,5.2748055,0,0.0,1,1.0,-0.29,6.8,93.2
2022-12-23 06:45:00,127.887661922228,87.667882011112,87.6823259,21.79999997,4.972666666666667,27.5,2,5.1764362714980825,70.66250196097344,6,4,12,1.0,6.123233995736766e-17,-0.433883739117558,-0.9009688679024191,-2.4492935982947064e-16,1.0,0.0,0.0,0.0,14.95,59.65,100.0,91.75,4.35,6.528391,1.35,5.699999999999999,21.874074036666663,27.183333333333334,27.0,27.0,27.15,27.5,-16.827333303333333,0.0,0.1306666666666665,4.8420000000000005,5.626,21.84444441,4.825111111111114,5.2748055,5.2140656,5.2189045,5.2116604,5.2974076,0,0.0,0,1.0,-0.29,6.8,93.2
2022-12-23 07:00:00,162.421280588892,120.455459355556,120.474069777776,21.874074036666663,5.626,27.5,2,5.1764362714980825,70.66250196097344,7,4,12,0.9659258262890684,-0.2588190451025206,-0.433883739117558,-0.9009688679024191,-2.4492935982947064e-16,1.0,0.0,0.0,0.0,11.7,61.9,100.0,98.0,4.3,6.484805,1.8,4.6,22.05555554,27.5,27.183333333333334,27.0,27.0,27.15,-16.248074036666665,0.0740740666666681,0.6533333333333333,4.972666666666667,5.787999999999999,21.82469132555556,5.146888888888892,5.2974076,5.2748055,5.2140656,5.2189045,5.285009,0,0.0,0,1.0,-0.27,6.6,93.4
2022-12-23 07:15:00,127.73377919445,93.872078250002,93.888188772222,22.05555554,5.787999999999999,27.15,2,5.1764362714980825,70.66250196097344,7,4,12,0.9659258262890684,-0.2588190451025206,-0.433883739117558,-0.9009688679024191,-2.4492935982947064e-16,1.0,0.0,0.0,0.0,11.525,54.7,100.0,98.25,4.725,6.6757774,2.025,5.0,22.03888891333333,27.5,27.5,27.183333333333334,27.0,27.0,-16.26755554,0.1814815033333339,0.161999999999999,5.626,5.604,21.90987651555556,5.462222222222226,5.285009,5.2974076,5.2748055,5.2140656,5.2507634,0,0.0,0,1.0,-0.23,6.1,93.9
2022-12-23 07:30:00,106.480462877776,82.293097044444,82.309763111108,22.03888891333333,5.604,27.0,2,5.1764362714980825,70.66250196097344,7,4,12,0.9659258262890684,-0.2588190451025206,-0.433883739117558,-0.9009688679024191,-2.4492935982947064e-16,1.0,0.0,0.0,0.0,11.35,47.5,100.0,98.5,5.15,6.871728,2.25,5.4,21.90555556,27.15,27.5,27.5,27.183333333333334,27.35,-16.434888913333335,-0.0166666266666659,-0.1839999999999992,5.787999999999999,5.469333333333334,21.98950616333333,5.672666666666669,5.2507634,5.285009,5.2974076,5.2748055,5.278092,0,0.0,0,1.0,-0.24,6.2,93.8
2022-12-23 07:45:00,94.962312488888,69.0739036,69.087236416666,21.90555556,5.469333333333334,27.35,1,5.1764362714980825,70.66250196097344,7,4,12,0.9659258262890684,-0.2588190451025206,-0.433883739117558,-0.9009688679024191,-2.4492935982947064e-16,1.0,0.0,0.0,0.0,11.175,40.3,100.0,98.75,5.575,7.0727663,2.475,5.8,21.71296296333333,27.0,27.15,27.5,27.5,27.5,-16.436222226666665,-0.1333333533333345,-0.134666666666666,5.604,5.568,22.000000004444445,5.620444444444448,5.278092,5.2507634,5.285009,5.2974076,5.2483544,0,0.0,1,1.0,-0.27,6.5,93.5
2022-12-23 08:00:00,134.434344594446,91.409676783334,91.423842916666,21.71296296333333,5.568,27.5,2,5.1764362714980825,70.66250196097344,8,4,12,0.8660254037844387,-0.4999999999999998,-0.433883739117558,-0.9009688679024191,-2.4492935982947064e-16,1.0,0.0,0.0,0.0,11.0,33.1,100.0,99.0,6.0,7.2790084,2.7,6.2,21.755555580000003,27.35,27.0,27.15,27.5,27.5,-16.144962963333334,-0.1925925966666675,0.0986666666666655,5.469333333333334,5.63,21.88580247888889,5.547111111111114,5.2483544,5.278092,5.2507634,5.285009,5.2612844,0,0.0,1,1.0,-0.31,7.0,93.0
2022-12-23 08:15:00,132.902461488888,92.891006444444,92.90656142222,21.755555580000003,5.63,27.5,2,5.1764362714980825,70.66250196097344,8,4,12,0.8660254037844387,-0.4999999999999998,-0.433883739117558,-0.9009688679024191,-2.4492935982947064e-16,1.0,0.0,0.0,0.0,10.675,31.4,99.75,99.0,5.625,7.0906715,2.25,5.8,21.881481493333336,27.5,27.35,27.0,27.15,27.683333333333334,-16.125555580000004,0.0425926166666705,0.0620000000000002,5.568,6.116,21.791358034444443,5.555777777777781,5.2612844,5.2483544,5.278092,5.2507634,5.335004,0,0.0,0,1.0,-0.3,6.9,93.1
2022-12-23 08:30:00,121.706520577772,88.833668744444,88.849501494442,21.881481493333336,6.116,27.683333333333334,2,5.1764362714980825,70.66250196097344,8,4,12,0.8660254037844387,-0.4999999999999998,-0.433883739117558,-0.9009688679024191,-2.4492935982947064e-16,1.0,0.0,0.0,0.0,10.35,29.700000000000003,99.5,99.0,5.25,6.9066095,1.8,5.4,21.8888889,27.5,27.5,27.35,27.0,28.0,-15.765481493333336,0.125925913333333,0.4859999999999997,5.63,6.516,21.78333334555556,5.771333333333335,5.335004,5.2612844,5.2483544,5.278092,5.398338,0,0.0,0,1.0,-0.27,6.5,93.5
2022-12-23 08:45:00,126.02912538333,88.45757265555599,88.472572088888,21.8888889,6.516,28.0,2,5.1764362714980825,70.66250196097344,8,4,12,0.8660254037844387,-0.4999999999999998,-0.433883739117558,-0.9009688679024191,-2.4492935982947064e-16,1.0,0.0,0.0,0.0,10.025,28.0,99.25,99.0,4.875,6.726737,1.35,5.0,21.8888889,27.683333333333334,27.5,27.5,27.35,28.0,-15.3728889,0.0074074066666653,0.4000000000000003,6.116,6.783333333333333,21.841975324444448,6.087333333333336,5.398338,5.335004,5.2612844,5.2483544,5.398338,0,0.0,0,1.0,-0.27,6.5,93.5
2022-12-23 09:00:00,108.18817246666,83.709429305554,83.72526205555201,21.8888889,6.783333333333333,28.0,2,5.1764362714980825,70.66250196097344,9,4,12,0.7071067811865476,-0.7071067811865475,-0.433883739117558,-0.9009688679024191,-2.4492935982947064e-16,1.0,0.0,0.0,0.0,9.7,26.3,99.0,99.0,4.5,6.5509763,0.9,4.6,21.84444443,28.0,27.683333333333334,27.5,27.5,28.05,-15.105555566666668,0.0,0.2673333333333332,6.516,6.892666666666667,21.886419764444444,6.471777777777781,5.398338,5.398338,5.335004,5.2612844,5.394123,0,0.0,0,1.0,-0.27,6.5,93.5
2022-12-23 09:15:00,95.850332599996,71.557415388888,71.571859277776,21.84444443,6.892666666666667,28.05,2,5.1764362714980825,70.66250196097344,9,4,12,0.7071067811865476,-0.7071067811865475,-0.433883739117558,-0.9009688679024191,-2.4492935982947064e-16,1.0,12.75,3.1875,1.0625,10.075,26.75,99.25,99.0,4.6,6.6054645,0.775,4.725,21.7814815,28.0,28.0,27.683333333333334,27.5,28.466666666666665,-14.951777763333332,-0.0444444700000019,0.1093333333333337,6.783333333333333,6.942666666666667,21.87407407666667,6.730666666666669,5.394123,5.398338,5.398338,5.335004,5.4543853,0,0.0,0,1.0,-0.28,6.6,93.4
2022-12-23 09:30:00,148.385453361106,98.11663076111,98.131630194442,21.7814815,6.942666666666667,28.466666666666665,2,5.1764362714980825,70.66250196097344,9,4,12,0.7071067811865476,-0.7071067811865475,-0.433883739117558,-0.9009688679024191,-2.4492935982947064e-16,1.0,25.5,9.5625,3.1875,10.45,27.200000000000003,99.5,99.0,4.7,6.66035,0.65,4.85,21.85555557,28.05,28.0,28.0,27.683333333333334,28.5,-14.83881483333333,-0.0629629300000012,0.0499999999999998,6.892666666666667,7.022666666666667,21.838271610000003,6.872888888888892,5.4543853,5.394123,5.398338,5.398338,5.4841776,0,0.0,0,1.0,-0.29,6.7,93.3
2022-12-23 09:45:00,127.636560933336,86.808194183334,86.824304705554,21.85555557,7.022666666666667,28.5,2,5.1764362714980825,70.66250196097344,9,4,12,0.7071067811865476,-0.7071067811865475,-0.433883739117558,-0.9009688679024191,-2.4492935982947064e-16,1.0,38.25,19.125,6.375,10.825,27.65,99.75,99.0,4.800000000000001,6.7156324,0.525,4.975,21.86851851333333,28.466666666666665,28.05,28.0,28.0,28.5,-14.832888903333334,0.0740740700000017,0.08,6.942666666666667,7.054,21.8271605,6.95266666666667,5.4841776,5.4543853,5.394123,5.398338,5.4882803,0,0.0,0,1.0,-0.27,6.5,93.5
2022-12-23 10:00:00,115.873976005554,88.939775616666,88.956163911108,21.86851851333333,7.054,28.5,2,5.1764362714980825,70.66250196097344,10,4,12,0.4999999999999999,-0.8660254037844387,-0.433883739117558,-0.9009688679024191,-2.4492935982947064e-16,1.0,51.0,31.875,10.625,11.2,28.1,100.0,99.0,4.9,6.7713165,0.4,5.1,21.87222222,28.5,28.466666666666665,28.05,28.0,28.5,-14.814518513333336,0.0129629433333349,0.0313333333333334,7.022666666666667,6.894666666666667,21.83518519444445,7.006444444444448,5.4882803,5.4841776,5.4543853,5.394123,5.489454,0,0.0,0,1.0,-0.27,6.5,93.5
2022-12-23 10:15:00,122.873696055552,87.890373144444,87.906205911108,21.87222222,6.894666666666667,28.5,2,5.1764362714980825,70.66250196097344,10,4,12,0.4999999999999999,-0.8660254037844387,-0.433883739117558,-0.9009688679024191,-2.4492935982947064e-16,1.0,53.0,41.9375,15.041666666666666,11.4,27.1,100.0,99.0,4.800000000000001,6.726737,0.5750000000000001,5.0,21.8888889,28.5,28.5,28.466666666666665,28.05,28.683333333333334,-14.977555553333335,0.0037037066666663,-0.1593333333333335,7.054,6.836666666666667,21.865432101111114,6.990444444444447,5.489454,5.4882803,5.4841776,5.4543853,5.5300827,0,0.0,0,1.0,-0.27,6.5,93.5
2022-12-23 10:30:00,107.710691533328,81.092867255556,81.10842223333199,21.8888889,6.836666666666667,28.683333333333334,2,5.1764362714980825,70.66250196097344,10,4,12,0.4999999999999999,-0.8660254037844387,-0.433883739117558,-0.9009688679024191,-2.4492935982947064e-16,1.0,55.0,49.3125,19.625,11.6,26.1,100.0,99.0,4.7,6.682415,0.75,4.9,21.88333334,28.5,28.5,28.5,28.466666666666665,29.0,-15.052222233333335,0.0166666800000001,-0.0579999999999998,6.894666666666667,6.642,21.876543211111112,6.928444444444447,5.5300827,5.489454,5.4882803,5.4841776,5.5893416,0,0.0,0,1.0,-0.26,6.4,93.6
2022-12-23 10:45:00,110.185592466664,81.13869873889,81.155087049998,21.88333334,6.642,29.0,2,5.1764362714980825,70.66250196097344,10,4,12,0.4999999999999999,-0.8660254037844387,-0.433883739117558,-0.9009688679024191,-2.4492935982947064e-16,1.0,57.0,54.0,24.375,11.8,25.1,100.0,99.0,4.6,6.638348,0.925,4.8,21.837037006666662,28.683333333333334,28.5,28.5,28.5,29.0,-15.24133334,-0.0055555600000012,-0.1946666666666674,6.836666666666667,5.728666666666666,21.881481486666672,6.791111111111114,5.5893416,5.5300827,5.489454,5.4882803,5.5744276,0,0.0,0,1.0,-0.26,6.4,93.6
2022-12-23 11:00:00,122.27788635556,72.653204888888,72.666259933332,21.837037006666662,5.728666666666666,29.0,2,5.1764362714980825,70.66250196097344,11,4,12,0.258819045102521,-0.9659258262890682,-0.433883739117558,-0.9009688679024191,-2.4492935982947064e-16,1.0,59.0,56.0,29.291666666666668,12.0,24.1,100.0,99.0,4.5,6.594536,1.1,4.7,21.74999998,29.0,28.683333333333334,28.5,28.5,28.6,-16.10837034,-0.0462963333333341,-0.9133333333333332,6.642,0.8813333333333333,21.86975308222222,6.402444444444448,5.5744276,5.5893416,5.5300827,5.489454,5.4699802,0,0.0,0,1.0,-0.27,6.5,93.5
2022-12-23 11:15:00,123.207849205558,83.729706211112,83.745261205554,21.74999998,0.8813333333333333,28.6,2,5.1764362714980825,70.66250196097344,11,4,12,0.258819045102521,-0.9659258262890682,-0.433883739117558,-0.9009688679024191,-2.4492935982947064e-16,1.0,54.0,56.25,33.791666666666664,13.3,26.975,100.0,99.0,4.45,6.5727253,1.375,4.65,21.711111136666663,29.0,29.0,28.683333333333334,28.5,27.85,-20.868666646666664,-0.0870370266666675,-4.847333333333333,5.728666666666666,-0.3866666666666667,21.82345677555556,4.417333333333336,5.4699802,5.5744276,5.5893416,5.5300827,5.314582,0,0.0,0,1.0,-0.3,6.8,93.2
2022-12-23 11:30:00,130.275899772226,106.033814011112,106.051035572222,21.711111136666663,-0.3866666666666667,27.85,2,5.1764362714980825,70.66250196097344,11,4,12,0.258819045102521,-0.9659258262890682,-0.433883739117558,-0.9009688679024191,-2.4492935982947064e-16,1.0,49.0,54.75,37.875,14.6,29.85,100.0,99.0,4.4,6.5509763,1.65,4.6,21.78333335,28.6,29.0,29.0,28.683333333333334,27.45,-22.097777803333333,-0.038888843333332,-1.268,0.8813333333333333,-1.4553333333333334,21.76604937444445,2.074444444444447,5.314582,5.4699802,5.5744276,5.5893416,5.26015,0,0.0,0,1.0,-0.31,7.0,93.0
2022-12-23 11:45:00,143.530091916666,110.800290027778,110.81778936111,21.78333335,-1.4553333333333334,27.45,2,5.1764362714980825,70.66250196097344,11,4,12,0.258819045102521,-0.9659258262890682,-0.433883739117558,-0.9009688679024191,-2.4492935982947064e-16,1.0,44.0,51.5,41.54166666666666,15.9,32.725,100.0,99.0,4.35,6.5292916,1.9250000000000005,4.55,21.849999986666667,27.85,28.6,29.0,29.0,26.85,-23.23866668333333,0.0722222133333332,-1.0686666666666669,-0.3866666666666667,-2.1993333333333336,21.748148155555555,-0.3202222222222193,5.26015,5.314582,5.4699802,5.5744276,5.1650157,0,0.0,0,1.0,-0.29,6.8,93.2
2022-12-23 12:00:00,137.566163816666,108.963419072222,108.982307299996,21.849999986666667,-2.1993333333333336,26.85,2,5.1764362714980825,70.66250196097344,12,4,12,1.2246467991473532e-16,-1.0,-0.433883739117558,-0.9009688679024191,-2.4492935982947064e-16,1.0,39.0,46.5,44.79166666666666,17.2,35.6,100.0,99.0,4.3,6.5076694,2.2,4.5,21.8888889,27.45,27.85,28.6,29.0,26.1,-24.04933332,0.0666666366666675,-0.7440000000000002,-1.4553333333333334,-2.6853333333333333,21.781481491111112,-1.3471111111111085,5.1650157,5.26015,5.314582,5.4699802,5.032022,0,0.0,0,1.0,-0.28,6.7,93.3
2022-12-23 12:15:00,147.712424649998,111.60692446111,111.625812672218,21.8888889,-2.6853333333333333,26.1,2,5.1764362714980825,70.66250196097344,12,4,12,1.2246467991473532e-16,-1.0,-0.433883739117558,-0.9009688679024191,-2.4492935982947064e-16,1.0,38.5,42.625,46.9375,20.575,43.9,100.0,94.75,2.125,5.6063814,2.4250000000000003,2.925,21.8888889,26.85,27.45,27.85,28.6,25.35,-24.574222233333334,0.0388889133333343,-0.4859999999999997,-2.1993333333333336,-3.012,21.840740745555557,-2.11333333333333,5.032022,5.1650157,5.26015,5.314582,4.887424,0,0.0,0,1.0,-0.28,6.6,93.4
2022-12-23 12:30:00,156.33763507778,109.362569755556,109.379791333332,21.8888889,-3.012,25.35,2,5.1764362714980825,70.66250196097344,12,4,12,1.2246467991473532e-16,-1.0,-0.433883739117558,-0.9009688679024191,-2.4492935982947064e-16,1.0,38.0,39.875,47.97916666666666,23.95,52.2,100.0,90.5,-0.0499999999999998,4.8134847,2.6500000000000004,1.35,21.90000001,26.1,26.85,27.45,27.85,24.95,-24.9008889,0.0,-0.3266666666666666,-2.6853333333333333,-3.57,21.87592592888889,-2.63222222222222,4.887424,5.032022,5.1650157,5.26015,4.8133893,0,0.0,0,1.0,-0.28,6.7,93.3
2022-12-23 12:45:00,173.813880516666,138.771115583334,138.7911148,21.90000001,-3.57,24.95,2,5.1764362714980825,70.66250196097344,12,4,12,1.2246467991473532e-16,-1.0,-0.433883739117558,-0.9009688679024191,-2.4492935982947064e-16,1.0,37.5,38.25,47.91666666666666,27.325,60.5,100.0,86.25,-2.225,4.117755,2.875,-0.2249999999999996,22.03333333,25.35,26.1,26.85,27.45,24.35,-25.47000001,0.011111109999998,-0.5579999999999998,-3.012,-4.478666666666666,21.892592603333338,-3.0891111111111083,4.8133893,4.887424,5.032022,5.1650157,4.733894,0,0.0,0,1.0,-0.28,6.7,93.3
2022-12-23 13:00:00,159.658613499996,135.46013696111,135.481525005554,22.03333333,-4.478666666666666,24.35,2,5.1764362714980825,70.66250196097344,13,4,12,-0.2588190451025208,-0.9659258262890684,-0.433883739117558,-0.9009688679024191,-2.4492935982947064e-16,1.0,37.0,37.75,46.75,30.7,68.8,100.0,82.0,-4.4,3.5089417,3.1,-1.8,22.11666666,24.95,25.35,26.1,26.85,23.95,-26.511999996666667,0.1333333200000019,-0.9086666666666664,-3.57,-5.229333333333333,21.940740746666663,-3.6868888888888858,4.733894,4.8133893,4.887424,5.032022,4.6785398,0,0.0,0,1.0,-0.26,6.4,93.6
2022-12-23 13:15:00,163.068199194446,133.217726644444,133.239948055552,22.11666666,-5.229333333333333,23.95,2,5.1764362714980825,70.66250196097344,13,4,12,-0.2588190451025208,-0.9659258262890684,-0.433883739117558,-0.9009688679024191,-2.4492935982947064e-16,1.0,80.5,48.25,49.04166666666666,30.075,68.35,100.0,79.25,-5.050000000000001,3.355837,2.5250000000000004,-1.95,22.16296299333333,24.35,24.95,25.35,26.1,23.53333333333333,-27.345999993333333,0.0833333299999985,-0.7506666666666666,-4.478666666666666,-5.963333333333334,22.01666666666667,-4.425999999999997,4.6785398,4.733894,4.8133893,4.887424,4.609419,0,0.0,0,1.0,-0.24,6.2,93.8
2022-12-23 13:30:00,159.82610666666798,125.908574555556,125.927740488888,22.16296299333333,-5.963333333333334,23.53333333333333,2,5.1764362714980825,70.66250196097344,13,4,12,-0.2588190451025208,-0.9659258262890684,-0.433883739117558,-0.9009688679024191,-2.4492935982947064e-16,1.0,124.0,69.75,54.79166666666666,29.45,67.9,100.0,76.5,-5.7,3.2055044,1.95,-2.1,22.07222226,23.95,24.35,24.95,25.35,23.45,-28.12629632666667,0.0462963333333341,-0.7340000000000009,-5.229333333333333,-6.501333333333333,22.104320994444446,-5.223777777777774,4.609419,4.6785398,4.733894,4.8133893,4.5691524,0,0.0,0,1.0,-0.23,6.1,93.9
2022-12-23 13:45:00,147.241332294446,107.062939544444,107.08016112222,22.07222226,-6.501333333333333,23.45,2,5.1764362714980825,70.66250196097344,13,4,12,-0.2588190451025208,-0.9659258262890684,-0.433883739117558,-0.9009688679024191,-2.4492935982947064e-16,1.0,167.5,102.25,64.0,28.825,67.45,100.0,73.75,-6.35,3.0579085,1.3750000000000002,-2.25,21.777777803333333,23.53333333333333,23.95,24.35,24.95,23.216666666666665,-28.57355559333333,-0.0907407333333338,-0.5379999999999994,-5.963333333333334,-6.64,22.11728397111111,-5.897999999999997,4.5691524,4.609419,4.6785398,4.733894,4.447505,0,0.0,0,1.0,-0.25,6.3,93.7
2022-12-23 14:00:00,149.589849516666,108.229559527778,108.248169883334,21.777777803333333,-6.64,23.216666666666665,2,5.1764362714980825,70.66250196097344,14,4,12,-0.4999999999999997,-0.8660254037844388,-0.433883739117558,-0.9009688679024191,-2.4492935982947064e-16,1.0,211.0,145.75,76.66666666666667,28.2,67.0,100.0,71.0,-7.0,2.9130132,0.8,-2.4,21.48888888,23.45,23.53333333333333,23.95,24.35,23.15,-28.417777803333333,-0.2944444566666675,-0.1386666666666665,-6.501333333333333,-7.16,22.00432101888889,-6.36822222222222,4.447505,4.5691524,4.609419,4.6785398,4.3612776,0,0.0,0,1.0,-0.32,7.2,92.8
2022-12-23 14:15:00,186.086722966664,153.151651472222,153.176094944444,21.48888888,-7.16,23.15,2,5.1764362714980825,70.66250196097344,14,4,12,-0.4999999999999997,-0.8660254037844388,-0.433883739117558,-0.9009688679024191,-2.4492935982947064e-16,1.0,177.75,170.0625,86.97916666666667,28.2,66.175,100.0,70.25,-7.875,2.728864,0.7000000000000001,-3.175,21.65000001,23.216666666666665,23.45,23.53333333333333,23.95,22.816666666666663,-28.64888888,-0.2888889233333351,-0.5200000000000005,-6.64,-7.699333333333333,21.779629647777774,-6.767111111111109,4.3612776,4.447505,4.5691524,4.609419,4.3387265,0,0.0,0,1.0,-0.39,8.2,91.8
2022-12-23 14:30:00,222.89858378333,198.611221916666,198.64094296111,21.65000001,-7.699333333333333,22.816666666666663,2,5.1764362714980825,70.66250196097344,14,4,12,-0.4999999999999997,-0.8660254037844388,-0.433883739117558,-0.9009688679024191,-2.4492935982947064e-16,1.0,144.5,175.1875,94.9375,28.2,65.35,100.0,69.5,-8.75,2.5551345,0.6000000000000001,-3.95,22.0888889,23.15,23.216666666666665,23.45,23.53333333333333,21.8,-29.34933334333333,0.1611111300000018,-0.5393333333333326,-7.16,-8.351333333333333,21.638888897777772,-7.1664444444444415,4.3387265,4.3612776,4.447505,4.5691524,4.2517366,0,0.0,0,1.0,-0.35,7.6,92.4
2022-12-23 14:45:00,239.675968294438,212.920371744444,212.952037194442,22.0888889,-8.351333333333333,21.8,2,5.1764362714980825,70.66250196097344,14,4,12,-0.4999999999999997,-0.8660254037844388,-0.433883739117558,-0.9009688679024191,-2.4492935982947064e-16,1.0,111.25,161.125,100.54166666666669,28.2,64.525,100.0,68.75,-9.625,2.391307,0.5,-4.725,22.394444436666667,22.816666666666663,23.15,23.216666666666665,23.45,21.316666666666663,-30.44022223333333,0.4388888899999976,-0.6520000000000001,-7.699333333333333,-8.603333333333333,21.742592596666668,-7.736888888888886,4.2517366,4.3387265,4.3612776,4.447505,4.2312145,0,0.0,0,1.0,-0.26,6.4,93.6
2022-12-23 15:00:00,609.222019127774,197.677370372222,197.706813694442,22.394444436666667,-8.603333333333333,21.316666666666663,2,5.1764362714980825,70.66250196097344,15,4,12,-0.7071067811865471,-0.7071067811865479,-0.433883739117558,-0.9009688679024191,-2.4492935982947064e-16,1.0,78.0,127.875,103.79166666666669,28.2,63.7,100.0,68.0,-10.5,2.2368865,0.4,-5.5,22.48333332,21.8,22.816666666666663,23.15,23.216666666666665,20.95,-30.99777777,0.3055555366666702,-0.2520000000000006,-8.351333333333333,-8.966000000000001,22.04444444888889,-8.217999999999996,4.2312145,4.2517366,4.3387265,4.3612776,4.1797276,0,0.0,0,1.0,-0.19,5.8,94.2
2022-12-23 15:15:00,553.321755194442,173.019190072222,173.047800094442,22.48333332,-8.966000000000001,20.95,2,5.1764362714980825,70.66250196097344,15,4,12,-0.7071067811865471,-0.7071067811865479,-0.433883739117558,-0.9009688679024191,-2.4492935982947064e-16,1.0,65.25,99.75,106.02083333333331,27.625,63.075,100.0,67.5,-11.075,2.137638,0.375,-6.025,22.438888876666667,21.316666666666663,21.8,22.816666666666663,23.15,20.53333333333333,-31.44933332,0.0888888833333325,-0.3626666666666676,-8.603333333333333,-9.552,22.32222221888889,-8.64022222222222,4.1797276,4.2312145,4.2517366,4.3387265,4.0861506,0,0.0,0,1.0,-0.17,5.6,94.4
2022-12-23 15:30:00,456.425908916666,150.097884727778,150.12371706111,22.438888876666667,-9.552,20.53333333333333,2,5.1764362714980825,70.66250196097344,15,4,12,-0.7071067811865471,-0.7071067811865479,-0.433883739117558,-0.9009688679024191,-2.4492935982947064e-16,1.0,52.5,76.75,107.22916666666669,27.05,62.45,100.0,67.0,-11.65,2.0423267,0.35,-6.55,22.33888886,20.95,21.316666666666663,21.8,22.816666666666663,20.45,-31.990888876666663,-0.044444443333333,-0.5859999999999985,-8.966000000000001,-9.84,22.43888887777778,-9.04044444444444,4.0861506,4.1797276,4.2312145,4.2517366,4.0462446,0,0.0,0,1.0,-0.19,5.7,94.3
2022-12-23 15:45:00,268.726750649994,182.394370616666,182.420202933332,22.33888886,-9.84,20.45,2,5.1764362714980825,70.66250196097344,15,4,12,-0.7071067811865471,-0.7071067811865479,-0.433883739117558,-0.9009688679024191,-2.4492935982947064e-16,1.0,39.75,58.875,107.41666666666669,26.475,61.825,100.0,66.5,-12.225,1.950817,0.325,-7.074999999999999,22.36481480666667,20.53333333333333,20.95,21.316666666666663,21.8,20.03333333333333,-32.17888886,-0.1000000166666659,-0.2880000000000002,-9.552,-10.436666666666667,22.420370352222225,-9.452666666666666,4.0462446,4.0861506,4.1797276,4.2312145,3.969716,0,0.0,0,1.0,-0.21,5.9,94.1
2022-12-23 16:00:00,211.430431477772,187.049462172222,187.076961088888,22.36481480666667,-10.436666666666667,20.03333333333333,2,5.1764362714980825,70.66250196097344,16,4,12,-0.8660254037844385,-0.5000000000000004,-0.433883739117558,-0.9009688679024191,-2.4492935982947064e-16,1.0,27.0,46.125,106.58333333333331,25.9,61.2,100.0,66.0,-12.8,1.8629745,0.3,-7.6,22.29999997,20.45,20.53333333333333,20.95,21.316666666666663,20.0,-32.80148147333334,0.0259259466666677,-0.5966666666666676,-9.84,-10.893333333333334,22.38086418111111,-9.942888888888888,3.969716,4.0462446,4.0861506,4.1797276,3.9483685,0,0.0,0,1.0,-0.21,5.9,94.1
2022-12-23 16:15:00,143.875078149998,118.755805144444,118.776637677776,22.29999997,-10.893333333333334,20.0,2,5.1764362714980825,70.66250196097344,16,4,12,-0.8660254037844385,-0.5000000000000004,-0.433883739117558,-0.9009688679024191,-2.4492935982947064e-16,1.0,27.75,36.75,102.1875,26.4,61.025000000000006,100.0,65.5,-13.325,1.7885517,0.35,-8.05,21.859259273333336,20.03333333333333,20.45,20.53333333333333,20.95,20.0,-33.19333330333333,-0.0648148366666703,-0.456666666666667,-10.436666666666667,-11.214666666666666,22.33456787888889,-10.39,3.9483685,3.969716,4.0462446,4.0861506,3.8493679,0,0.0,0,1.0,-0.22,6.0,94.0
2022-12-23 16:30:00,161.91296780555,109.9639346,109.981433933332,21.859259273333336,-11.214666666666666,20.0,2,5.1764362714980825,70.66250196097344,16,4,12,-0.8660254037844385,-0.5000000000000004,-0.433883739117558,-0.9009688679024191,-2.4492935982947064e-16,1.0,28.5,30.75,94.22916666666669,26.9,60.85,100.0,65.0,-13.85,1.7167777,0.4,-8.5,21.49999999,20.0,20.03333333333333,20.45,20.53333333333333,19.95,-33.07392594,-0.440740696666662,-0.3213333333333317,-10.893333333333334,-11.548666666666666,22.174691350000003,-10.84822222222222,3.8493679,3.9483685,3.969716,4.0462446,3.760841,0,0.0,0,1.0,-0.32,7.2,92.8
2022-12-23 16:45:00,236.960243527774,196.771573272222,196.799349994442,21.49999999,-11.548666666666666,19.95,2,5.1764362714980825,70.66250196097344,16,4,12,-0.8660254037844385,-0.5000000000000004,-0.433883739117558,-0.9009688679024191,-2.4492935982947064e-16,1.0,29.25,28.125,82.70833333333333,27.4,60.675,100.0,64.5,-14.375,1.6475704,0.45,-8.95,21.73333335333333,20.0,20.0,20.03333333333333,20.45,19.53333333333333,-33.04866665666667,-0.359259283333337,-0.3339999999999996,-11.214666666666666,-11.788666666666666,21.88641974444444,-11.218888888888886,3.760841,3.8493679,3.9483685,3.969716,3.732312,0,0.0,0,1.0,-0.41,8.4,91.6
2022-12-23 17:00:00,241.294514766656,216.9354889,216.967154366664,21.73333335333333,-11.788666666666666,19.53333333333333,2,5.1764362714980825,70.66250196097344,17,4,12,-0.9659258262890684,-0.2588190451025206,-0.433883739117558,-0.9009688679024191,-2.4492935982947064e-16,1.0,30.0,28.875,67.625,27.9,60.5,100.0,64.0,-14.9,1.5808487,0.5,-9.4,22.01111114,19.95,20.0,20.0,20.03333333333333,19.15,-33.52200002,0.2333333633333332,-0.2400000000000002,-11.548666666666666,-12.086666666666668,21.697530872222227,-11.517333333333331,3.732312,3.760841,3.8493679,3.9483685,3.7181938,0,0.0,0,1.0,-0.36,7.6,92.4
2022-12-23 17:15:00,240.953139388884,206.698953927778,206.727563933332,22.01111114,-12.086666666666668,19.15,2,5.1764362714980825,70.66250196097344,17,4,12,-0.9659258262890684,-0.2588190451025206,-0.433883739117558,-0.9009688679024191,-2.4492935982947064e-16,1.0,23.0,27.6875,54.72916666666666,28.175,60.95,100.0,64.0,-15.275,1.5399803,0.45,-9.75,22.046296276666663,19.53333333333333,19.95,20.0,20.0,19.0,-34.09777780666667,0.2777777866666682,-0.2980000000000018,-11.788666666666666,-12.409333333333333,21.748148161111114,-11.807999999999998,3.7181938,3.732312,3.760841,3.8493679,3.6965592,0,0.0,0,1.0,-0.29,6.8,93.2
2022-12-23 17:30:00,160.951339422224,133.614932988888,133.636598772222,22.046296276666663,-12.409333333333333,19.0,2,5.1764362714980825,70.66250196097344,17,4,12,-0.9659258262890684,-0.2588190451025206,-0.433883739117558,-0.9009688679024191,-2.4492935982947064e-16,1.0,16.0,24.5625,44.020833333333336,28.45,61.4,100.0,64.0,-15.65,1.5000472,0.4,-10.1,21.71111112,19.15,19.53333333333333,19.95,20.0,19.0,-34.45562961,0.0351851366666657,-0.3226666666666649,-12.086666666666668,-12.629333333333332,21.93024692333333,-12.094888888888889,3.6965592,3.7181938,3.732312,3.760841,3.625747,0,0.0,0,1.0,-0.29,6.7,93.3
2022-12-23 17:45:00,132.628861366664,100.845966,100.86402086111,21.71111112,-12.629333333333332,19.0,2,5.1764362714980825,70.66250196097344,17,4,12,-0.9659258262890684,-0.2588190451025206,-0.433883739117558,-0.9009688679024191,-2.4492935982947064e-16,1.0,9.0,19.5,35.5,28.725,61.85,100.0,64.0,-16.025,1.4610313,0.35,-10.45,21.22222225333333,19.0,19.15,19.53333333333333,19.95,19.0,-34.34044445333333,-0.3351851566666646,-0.2200000000000006,-12.409333333333333,-13.0,21.922839512222225,-12.37511111111111,3.625747,3.6965592,3.7181938,3.732312,3.5245693,0,0.0,0,1.0,-0.36,7.8,92.2
2022-12-23 18:00:00,196.51019486111,148.63183223889,148.655164688888,21.22222225333333,-13.0,19.0,2,5.1764362714980825,70.66250196097344,18,4,12,-1.0,-1.8369701987210294e-16,-0.433883739117558,-0.9009688679024191,-2.4492935982947064e-16,1.0,2.0,12.5,29.166666666666668,29.0,62.3,100.0,64.0,-16.4,1.4229138,0.3,-10.8,21.15555559,19.0,19.0,19.15,19.53333333333333,18.95,-34.22222225333333,-0.4888888666666702,-0.3706666666666667,-12.629333333333332,-13.223333333333333,21.659876550000003,-12.679555555555552,3.5245693,3.625747,3.6965592,3.7181938,3.5017252,0,0.0,0,1.0,-0.48,9.7,90.3
2022-12-23 18:15:00,244.24106354999,207.291985755556,207.320318005554,21.15555559,-13.223333333333333,18.95,2,5.1764362714980825,70.66250196097344,18,4,12,-1.0,-1.8369701987210294e-16,-0.433883739117558,-0.9009688679024191,-2.4492935982947064e-16,1.0,1.5,7.125,23.854166666666668,28.7,62.3,100.0,64.25,-16.575,1.4016815,0.35,-11.05,21.45555556,19.0,19.0,19.0,19.15,18.35,-34.378888923333335,-0.0666666633333328,-0.2233333333333327,-13.0,-13.501333333333331,21.362962987777777,-12.950888888888883,3.5017252,3.5245693,3.625747,3.6965592,3.450331,0,0.0,0,1.0,-0.49,10.0,90.0
2022-12-23 18:30:00,247.503433099988,223.133018788888,223.164684255552,21.45555556,-13.501333333333331,18.35,2,5.1764362714980825,70.66250196097344,18,4,12,-1.0,-1.8369701987210294e-16,-0.433883739117558,-0.9009688679024191,-2.4492935982947064e-16,1.0,1.0,3.375,19.5625,28.4,62.3,100.0,64.5,-16.75,1.3806875,0.4,-11.3,21.73333334,18.95,19.0,19.0,19.0,18.0,-34.956888893333335,0.2999999700000018,-0.2780000000000004,-13.223333333333333,-13.556666666666668,21.277777801111117,-13.241555555555552,3.450331,3.5017252,3.5245693,3.625747,3.4393318,0,0.0,0,1.0,-0.43,8.8,91.2
2022-12-23 18:45:00,225.876520261106,196.14326503889,196.171597288888,21.73333334,-13.556666666666668,18.0,2,5.1764362714980825,70.66250196097344,18,4,12,-1.0,-1.8369701987210294e-16,-0.433883739117558,-0.9009688679024191,-2.4492935982947064e-16,1.0,0.5,1.25,16.291666666666668,28.1,62.3,100.0,64.75,-16.925,1.35993,0.45,-11.55,21.788888863333334,18.35,18.95,19.0,19.0,18.0,-35.290000006666666,0.277777780000001,-0.0553333333333334,-13.501333333333331,-13.76,21.44814816333333,-13.427111111111108,3.4393318,3.450331,3.5017252,3.5245693,3.450386,0,0.0,0,1.0,-0.37,7.8,92.2
2022-12-23 19:00:00,206.024536338894,174.432189083334,174.45691031111198,21.788888863333334,-13.76,18.0,2,5.1764362714980825,70.66250196097344,19,4,12,-0.9659258262890684,0.2588190451025203,-0.433883739117558,-0.9009688679024191,-2.4492935982947064e-16,1.0,0.0,0.75,14.041666666666666,27.8,62.3,100.0,65.0,-17.1,1.3394085,0.5,-11.8,21.68333335,18.0,18.35,18.95,19.0,17.65,-35.54888886333333,0.0555555233333322,-0.2033333333333331,-13.556666666666668,-13.965333333333332,21.659259254444446,-13.605999999999996,3.450386,3.4393318,3.450331,3.5017252,3.362727,0,0.0,0,1.0,-0.35,7.6,92.4
2022-12-23 19:15:00,217.622128199996,178.723128572222,178.748405344444,21.68333335,-13.965333333333332,17.65,2,5.1764362714980825,70.66250196097344,19,4,12,-0.9659258262890684,0.2588190451025203,-0.433883739117558,-0.9009688679024191,-2.4492935982947064e-16,1.0,0.0,0.375,11.729166666666666,28.1,61.575,100.0,64.5,-17.450000000000003,1.2989801,0.5,-12.1,21.64629631333333,18.0,18.0,18.35,18.95,17.5,-35.64866668333333,-0.1055555133333321,-0.205333333333332,-13.76,-14.269333333333332,21.735185184444447,-13.760666666666664,3.362727,3.450386,3.4393318,3.450331,3.3270175,0,0.0,0,1.0,-0.38,8.0,92.0
2022-12-23 19:30:00,223.927153772218,180.930818027778,180.956372572222,21.64629631333333,-14.269333333333332,17.5,2,5.1764362714980825,70.66250196097344,19,4,12,-0.9659258262890684,0.2588190451025203,-0.433883739117558,-0.9009688679024191,-2.4492935982947064e-16,1.0,0.0,0.125,9.354166666666666,28.4,60.85,100.0,64.0,-17.8,1.2596195,0.5,-12.4,21.56111113,17.65,18.0,18.0,18.35,17.5,-35.915629646666666,-0.0370370366666676,-0.3040000000000002,-13.965333333333332,-14.321333333333332,21.706172842222227,-13.99822222222222,3.3270175,3.362727,3.450386,3.4393318,3.3106685,0,0.0,0,1.0,-0.39,8.1,91.9
2022-12-23 19:45:00,203.358254394438,168.68297464444402,168.707695872222,21.56111113,-14.321333333333332,17.5,2,5.1764362714980825,70.66250196097344,19,4,12,-0.9659258262890684,0.2588190451025203,-0.433883739117558,-0.9009688679024191,-2.4492935982947064e-16,1.0,0.0,0.0,6.916666666666667,28.7,60.125,100.0,63.5,-18.15,1.2213019,0.5,-12.7,21.390740726666664,17.5,17.65,18.0,18.0,17.5,-35.88244446333333,-0.085185183333337,-0.0520000000000013,-14.269333333333332,-14.381333333333334,21.630246931111117,-14.18533333333333,3.3106685,3.3270175,3.362727,3.450386,3.2781782,0,0.0,0,1.0,-0.41,8.5,91.5
2022-12-23 20:00:00,144.399501605554,120.002977472222,120.023810005554,21.390740726666664,-14.381333333333334,17.5,2,5.1764362714980825,70.66250196097344,20,4,12,-0.8660254037844386,0.5000000000000001,-0.433883739117558,-0.9009688679024191,-2.4492935982947064e-16,1.0,0.0,0.0,4.416666666666667,29.0,59.4,100.0,63.0,-18.5,1.1840034,0.5,-13.0,21.01111109,17.5,17.5,17.65,18.0,17.8,-35.772074059999994,-0.1703704033333331,-0.0600000000000005,-14.321333333333332,-14.42,21.53271605666667,-14.323999999999998,3.2781782,3.3106685,3.3270175,3.362727,3.2617474,0,0.0,0,1.0,-0.45,9.2,90.8
2022-12-23 20:15:00,129.694811966668,104.594427172222,104.612482049998,21.01111109,-14.42,17.8,2,5.1764362714980825,70.66250196097344,20,4,12,-0.8660254037844386,0.5000000000000001,-0.433883739117558,-0.9009688679024191,-2.4492935982947064e-16,1.0,0.0,0.0,2.5,29.2,60.575,100.0,62.75,-18.875,1.1500653,0.475,-13.325,20.61296297,17.5,17.5,17.5,17.65,17.533333333333335,-35.43111109,-0.3796296366666638,-0.0386666666666659,-14.381333333333334,-14.456,21.320987648888888,-14.37422222222222,3.2617474,3.2781782,3.3106685,3.3270175,3.1393044,0,0.0,0,1.0,-0.53,10.9,89.1
2022-12-23 20:30:00,241.347012533328,198.485393616666,198.513448111108,20.61296297,-14.456,17.533333333333335,2,5.1764362714980825,70.66250196097344,20,4,12,-0.8660254037844386,0.5000000000000001,-0.433883739117558,-0.9009688679024191,-2.4492935982947064e-16,1.0,0.0,0.0,1.1666666666666667,29.4,61.75,100.0,62.5,-19.25,1.1170008,0.45,-13.65,20.69444444,17.8,17.5,17.5,17.5,17.45,-35.06896297,-0.3981481199999983,-0.0359999999999995,-14.42,-14.52,21.004938262222225,-14.419111111111109,3.1393044,3.2617474,3.2781782,3.3106685,3.139251,0,0.0,0,1.0,-0.62,13.2,86.8
2022-12-23 20:45:00,277.243631994446,237.098293472222,237.131347749998,20.69444444,-14.52,17.45,2,5.1764362714980825,70.66250196097344,20,4,12,-0.8660254037844386,0.5000000000000001,-0.433883739117558,-0.9009688679024191,-2.4492935982947064e-16,1.0,0.0,0.0,0.4166666666666667,29.6,62.925,100.0,62.25,-19.625,1.0847898,0.425,-13.975,20.99074071,17.533333333333335,17.8,17.5,17.5,17.033333333333335,-35.21444444,0.0814814699999963,-0.0640000000000018,-14.456,-14.604666666666668,20.7728395,-14.465333333333332,3.139251,3.1393044,3.2617474,3.2781782,3.1175673,0,0.0,0,1.0,-0.61,12.7,87.3
2022-12-23 21:00:00,279.973245105554,247.328995344444,247.362327327778,20.99074071,-14.604666666666668,17.033333333333335,2,5.1764362714980825,70.66250196097344,21,4,12,-0.7071067811865477,0.7071067811865474,-0.433883739117558,-0.9009688679024191,-2.4492935982947064e-16,1.0,0.0,0.0,0.25,29.8,64.1,100.0,62.0,-20.0,1.0534134,0.4,-14.3,21.19444443,17.45,17.533333333333335,17.8,17.5,16.95,-35.59540737666667,0.2962962700000027,-0.0846666666666653,-14.52,-14.66,20.76604937333333,-14.526888888888886,3.1175673,3.139251,3.1393044,3.2617474,3.1392245,0,0.0,0,1.0,-0.54,11.1,88.9
2022-12-23 21:15:00,253.69679630555,218.892077283334,218.921798344444,21.19444443,-14.66,16.95,2,5.1764362714980825,70.66250196097344,21,4,12,-0.7071067811865477,0.7071067811865474,-0.433883739117558,-0.9009688679024191,-2.4492935982947064e-16,1.0,0.0,0.0,0.125,29.825,64.89999999999999,100.0,62.0,-20.2,1.0350595,0.4,-14.525,21.294444443333337,17.033333333333335,17.45,17.533333333333335,17.8,16.533333333333335,-35.85444443,0.2037037199999964,-0.0553333333333334,-14.604666666666668,-14.734666666666667,20.959876526666665,-14.594888888888889,3.1392245,3.1175673,3.139251,3.1393044,3.079865,0,0.0,0,1.0,-0.49,10.1,89.9
2022-12-23 21:30:00,243.290823761102,216.95854356111,216.98882018333,21.294444443333337,-14.734666666666667,16.533333333333335,2,5.1764362714980825,70.66250196097344,21,4,12,-0.7071067811865477,0.7071067811865474,-0.433883739117558,-0.9009688679024191,-2.4492935982947064e-16,1.0,0.0,0.0,0.0416666666666666,29.85,65.69999999999999,100.0,62.0,-20.4,1.016989,0.4,-14.75,21.34444441,16.95,17.033333333333335,17.45,17.533333333333335,16.5,-36.02911111,0.1000000133333394,-0.0746666666666673,-14.66,-14.726,21.15987652777778,-14.666444444444442,3.079865,3.1392245,3.1175673,3.139251,3.082575,0,0.0,0,1.0,-0.47,9.7,90.3
2022-12-23 21:45:00,245.512401494438,221.132543211112,221.163375394442,21.34444441,-14.726,16.5,2,5.1764362714980825,70.66250196097344,21,4,12,-0.7071067811865477,0.7071067811865474,-0.433883739117558,-0.9009688679024191,-2.4492935982947064e-16,1.0,0.0,0.0,0.0,29.875,66.5,100.0,62.0,-20.6,0.9991987,0.4,-14.975,21.437036993333333,16.533333333333335,16.95,17.033333333333335,17.45,16.5,-36.07044441,0.049999966666661,0.0086666666666666,-14.734666666666667,-14.752,21.277777761111118,-14.706888888888884,3.082575,3.079865,3.1392245,3.1175673,3.0991533,0,0.0,0,1.0,-0.46,9.5,90.5
2022-12-23 22:00:00,266.453785955552,220.237579011112,220.267022349998,21.437036993333333,-14.752,16.5,2,5.1764362714980825,70.66250196097344,22,4,12,-0.5000000000000004,0.8660254037844384,-0.433883739117558,-0.9009688679024191,-2.4492935982947064e-16,1.0,0.0,0.0,0.0,29.9,67.3,100.0,62.0,-20.8,0.9816843,0.4,-15.2,21.48888888,16.5,16.533333333333335,16.95,17.033333333333335,16.15,-36.18903699333333,0.0925925833333352,-0.0259999999999998,-14.726,-14.736666666666668,21.35864194888889,-14.737555555555554,3.0991533,3.082575,3.079865,3.1392245,3.0425327,0,0.0,0,1.0,-0.44,9.1,90.9
2022-12-23 22:15:00,256.666122077768,212.534553844444,212.564552694442,21.48888888,-14.736666666666668,16.15,2,5.1764362714980825,70.66250196097344,22,4,12,-0.5000000000000004,0.8660254037844384,-0.433883739117558,-0.9009688679024191,-2.4492935982947064e-16,1.0,0.0,0.0,0.0,28.675,66.4,100.0,62.25,-21.05,0.96262074,0.375,-15.5,21.53148150666667,16.5,16.5,16.533333333333335,16.95,16.0,-36.22555554666667,0.0518518866666646,0.0153333333333325,-14.752,-14.776,21.42345676111111,-14.73822222222222,3.0425327,3.0991533,3.082575,3.079865,3.021712,0,0.0,0,1.0,-0.43,8.9,91.1
2022-12-23 22:30:00,216.193018583334,190.6598733,190.689038849998,21.53148150666667,-14.776,16.0,2,5.1764362714980825,70.66250196097344,22,4,12,-0.5000000000000004,0.8660254037844384,-0.433883739117558,-0.9009688679024191,-2.4492935982947064e-16,1.0,0.0,0.0,0.0,27.45,65.5,100.0,62.5,-21.3,0.9438518,0.35,-15.8,21.45555553,16.15,16.5,16.5,16.533333333333335,16.0,-36.30748150666667,0.0425926266666714,-0.0393333333333316,-14.736666666666668,-14.846666666666666,21.48580246,-14.754888888888887,3.021712,3.0425327,3.0991533,3.082575,3.0084627,0,0.0,0,1.0,-0.42,8.7,91.3
2022-12-23 22:45:00,220.242578844444,190.123783627778,190.151004805554,21.45555553,-14.846666666666666,16.0,2,5.1764362714980825,70.66250196097344,22,4,12,-0.5000000000000004,0.8660254037844384,-0.433883739117558,-0.9009688679024191,-2.4492935982947064e-16,1.0,0.0,0.0,0.0,26.225,64.6,100.0,62.75,-21.55,0.9253747,0.325,-16.099999999999998,21.3925926,16.0,16.15,16.5,16.5,16.0,-36.30222219666667,-0.0759259766666673,-0.0706666666666659,-14.776,-14.85,21.49197530555556,-14.786444444444442,3.0084627,3.021712,3.0425327,3.0991533,2.997514,0,0.0,0,1.0,-0.44,9.1,90.9
2022-12-23 23:00:00,220.320353566664,189.343537055556,189.371313794442,21.3925926,-14.85,16.0,2,5.1764362714980825,70.66250196097344,23,4,12,-0.2588190451025215,0.965925826289068,-0.433883739117558,-0.9009688679024191,-2.4492935982947064e-16,1.0,0.0,0.0,0.0,25.0,63.7,100.0,63.0,-21.8,0.90718645,0.3,-16.4,21.34999998,16.0,16.0,16.15,16.5,16.0,-36.2425926,-0.0629629300000012,-0.0033333333333338,-14.846666666666666,-14.846666666666666,21.45987654555556,-14.824222222222218,2.997514,3.0084627,3.021712,3.0425327,2.9901268,0,0.0,0,1.0,-0.46,9.3,90.7
2022-12-23 23:15:00,218.142940649998,188.638009711112,188.666619749998,21.34999998,-14.846666666666666,16.0,2,5.1764362714980825,70.66250196097344,23,4,12,-0.2588190451025215,0.965925826289068,-0.433883739117558,-0.9009688679024191,-2.4492935982947064e-16,1.0,0.0,0.0,0.0,24.9,60.925,100.0,62.75,-21.975,0.89286387,0.3,-16.549999999999997,21.31296295,16.0,16.0,16.0,16.15,16.0,-36.19666664666666,-0.0425926200000006,0.0033333333333338,-14.85,-14.776,21.39938270333333,-14.847777777777774,2.9901268,2.997514,3.0084627,3.021712,2.9837153,0,0.0,0,1.0,-0.47,9.5,90.5
2022-12-23 23:30:00,221.38003336111,178.167039716666,178.193427577776,21.31296295,-14.776,16.0,2,5.1764362714980825,70.66250196097344,23,4,12,-0.2588190451025215,0.965925826289068,-0.433883739117558,-0.9009688679024191,-2.4492935982947064e-16,1.0,0.0,0.0,0.0,24.8,58.150000000000006,100.0,62.5,-22.15,0.8787392,0.3,-16.7,21.23333333,16.0,16.0,16.0,16.0,16.0,-36.08896295,-0.0370370300000004,0.0706666666666659,-14.846666666666666,-14.776,21.351851843333336,-14.82422222222222,2.9837153,2.9901268,2.997514,3.0084627,2.9699714,0,0.0,0,1.0,-0.47,9.7,90.3
2022-12-23 23:45:00,224.759342649998,181.679121411112,181.704953727778,21.23333333,-14.776,16.0,2,5.1764362714980825,70.66250196097344,23,4,12,-0.2588190451025215,0.965925826289068,-0.433883739117558,-0.9009688679024191,-2.4492935982947064e-16,1.0,0.0,0.0,0.0,24.700000000000003,55.375,100.0,62.25,-22.325,0.86480993,0.3,-16.849999999999998,21.129629663333333,16.0,16.0,16.0,16.0,16.0,-36.009333330000004,-0.0796296199999986,0.0,-14.776,-14.693333333333332,21.29876542,-14.799555555555552,2.9699714,2.9837153,2.9901268,2.997514,2.952155,0,0.0,0,1.0,-0.49,10.1,89.9
2022-12-24 00:00:00,190.19544737778,165.85475444444398,165.880864533332,21.129629663333333,-14.693333333333332,16.0,2,5.1764362714980825,70.66250196097344,0,5,12,0.0,1.0,-0.9749279121818236,-0.2225209339563146,-2.4492935982947064e-16,1.0,0.0,0.0,0.0,24.6,52.6,100.0,62.0,-22.5,0.85107386,0.3,-17.0,20.94444443,16.0,16.0,16.0,16.0,16.05,-35.82296299666667,-0.1037036666666679,0.0826666666666664,-14.776,-14.594666666666663,21.22530864777778,-14.748444444444443,2.952155,2.9699714,2.9837153,2.9901268,2.929698,0,0.0,0,1.0,-0.52,10.6,89.4
2022-12-24 00:15:00,135.629019105554,111.236939244444,111.258605111108,20.94444443,-14.594666666666663,16.05,2,5.1764362714980825,70.66250196097344,0,5,12,0.0,1.0,-0.9749279121818236,-0.2225209339563146,-2.4492935982947064e-16,1.0,0.0,0.0,0.0,24.8,53.675,100.0,62.25,-22.225,0.8717403,0.275,-16.75,20.49074072333333,16.0,16.0,16.0,16.0,16.283333333333335,-35.53911109666666,-0.1851852333333354,0.0986666666666682,-14.693333333333332,-14.548,21.10246914111111,-14.687999999999995,2.929698,2.952155,2.9699714,2.9837153,2.894792,0,0.0,0,1.0,-0.56,11.5,88.5
2022-12-24 00:30:00,151.805038672222,115.096784827778,115.115672972222,20.49074072333333,-14.548,16.283333333333335,2,5.1764362714980825,70.66250196097344,0,5,12,0.0,1.0,-0.9749279121818236,-0.2225209339563146,-2.4492935982947064e-16,1.0,0.0,0.0,0.0,25.0,54.75,100.0,62.5,-21.95,0.8928541,0.25,-16.5,20.11666669,16.05,16.0,16.0,16.0,16.0,-35.03874072333333,-0.4537037066666656,0.046666666666665,-14.594666666666663,-14.472,20.854938272222224,-14.611999999999997,2.894792,2.929698,2.952155,2.9699714,2.782938,0,0.0,0,1.0,-0.66,14.1,85.9
2022-12-24 00:45:00,239.363202905554,202.546064516666,202.574952311108,20.11666669,-14.472,16.0,2,5.1764362714980825,70.66250196097344,0,5,12,0.0,1.0,-0.9749279121818236,-0.2225209339563146,-2.4492935982947064e-16,1.0,0.0,0.0,0.0,25.2,55.825,100.0,62.75,-21.675,0.91442305,0.225,-16.25,20.240740766666665,16.283333333333335,16.05,16.0,16.0,16.0,-34.58866669,-0.3740740333333328,0.0760000000000005,-14.548,-14.404666666666666,20.517283947777777,-14.53822222222222,2.782938,2.894792,2.929698,2.952155,2.803202,0,0.0,0,1.0,-0.74,16.6,83.4
2022-12-24 01:00:00,265.65992877777603,225.966516544444,225.996793083334,20.240740766666665,-14.404666666666666,16.0,2,5.1764362714980825,70.66250196097344,1,5,12,0.2588190451025207,0.9659258262890684,-0.9749279121818236,-0.2225209339563146,-2.4492935982947064e-16,1.0,0.0,0.0,0.0,25.4,56.9,100.0,63.0,-21.4,0.93645644,0.2,-16.0,20.48333334,16.0,16.283333333333335,16.05,16.0,16.0,-34.64540743333333,0.1240740766666661,0.0673333333333339,-14.472,-14.401333333333334,20.28271606,-14.474888888888886,2.803202,2.782938,2.894792,2.929698,2.8431935,0,0.0,0,1.0,-0.72,15.8,84.2
2022-12-24 01:15:00,259.534340577772,224.0968691,224.126312405554,20.48333334,-14.401333333333334,16.0,2,5.1764362714980825,70.66250196097344,1,5,12,0.2588190451025207,0.9659258262890684,-0.9749279121818236,-0.2225209339563146,-2.4492935982947064e-16,1.0,0.0,0.0,0.0,26.325,58.525,100.0,62.5,-21.3,0.9438518,0.175,-15.8,20.716666673333336,16.0,16.0,16.283333333333335,16.05,15.816666666666666,-34.884666673333335,0.2425925733333365,0.003333333333332,-14.404666666666666,-14.31,20.280246932222223,-14.425999999999997,2.8431935,2.803202,2.782938,2.894792,2.8490992,0,0.0,0,1.0,-0.66,14.2,85.8
2022-12-24 01:30:00,293.439095416662,266.060746011112,266.096577911112,20.716666673333336,-14.31,15.816666666666666,2,5.1764362714980825,70.66250196097344,1,5,12,0.2588190451025207,0.9659258262890684,-0.9749279121818236,-0.2225209339563146,-2.4492935982947064e-16,1.0,0.0,0.0,0.0,27.25,60.15,100.0,62.0,-21.2,0.9512179,0.15,-15.6,20.96666666,16.0,16.0,16.0,16.283333333333335,15.5,-35.02666667333334,0.2333333333333342,0.091333333333333,-14.401333333333334,-14.323333333333332,20.480246926666663,-14.371999999999998,2.8490992,2.8431935,2.803202,2.782938,2.8329601,0,0.0,0,1.0,-0.61,12.8,87.2
2022-12-24 01:45:00,297.565041388888,273.283512688888,273.3199001,20.96666666,-14.323333333333332,15.5,2,5.1764362714980825,70.66250196097344,1,5,12,0.2588190451025207,0.9659258262890684,-0.9749279121818236,-0.2225209339563146,-2.4492935982947064e-16,1.0,0.0,0.0,0.0,28.175,61.775,100.0,61.5,-21.1,0.9585518,0.125,-15.4,21.196296323333332,15.816666666666666,16.0,16.0,16.0,15.316666666666666,-35.28999999333333,0.249999986666662,-0.0133333333333318,-14.31,-14.293333333333331,20.722222224444447,-14.344888888888889,2.8329601,2.8490992,2.8431935,2.803202,2.8370285,0,0.0,0,1.0,-0.56,11.5,88.5
2022-12-24 02:00:00,310.385639594446,276.408387672222,276.445052888888,21.196296323333332,-14.293333333333331,15.316666666666666,2,5.1764362714980825,70.66250196097344,2,5,12,0.4999999999999999,0.8660254037844387,-0.9749279121818236,-0.2225209339563146,-2.4492935982947064e-16,1.0,0.0,0.0,0.0,29.1,63.4,100.0,61.0,-21.0,0.96585065,0.1,-15.2,21.35555557,15.5,15.816666666666666,16.0,16.0,15.0,-35.489629656666665,0.2296296633333376,0.0299999999999993,-14.323333333333332,-14.334,20.959876552222223,-14.308888888888887,2.8370285,2.8329601,2.8490992,2.8431935,2.804146,0,0.0,0,1.0,-0.5,10.3,89.7
2022-12-24 02:15:00,280.157404488884,234.460343444444,234.491453333332,21.35555557,-14.334,15.0,2,5.1764362714980825,70.66250196097344,2,5,12,0.4999999999999999,0.8660254037844387,-0.9749279121818236,-0.2225209339563146,-2.4492935982947064e-16,1.0,0.0,0.0,0.0,29.025,64.2,100.0,61.25,-20.8,0.9813138,0.1,-15.05,21.36851851333333,15.316666666666666,15.5,15.816666666666666,16.0,15.0,-35.68955557,0.1592592466666644,-0.0406666666666666,-14.293333333333331,-14.302666666666664,21.172839517777778,-14.316888888888885,2.804146,2.8370285,2.8329601,2.8490992,2.8062525,0,0.0,0,1.0,-0.47,9.6,90.4
2022-12-24 02:30:00,250.17138174444,214.87446026111,214.90445914444,21.36851851333333,-14.302666666666664,15.0,2,5.1764362714980825,70.66250196097344,2,5,12,0.4999999999999999,0.8660254037844387,-0.9749279121818236,-0.2225209339563146,-2.4492935982947064e-16,1.0,0.0,0.0,0.0,28.950000000000003,65.0,100.0,61.5,-20.6,0.99699235,0.1,-14.9,21.32777775,15.0,15.316666666666666,15.5,15.816666666666666,15.0,-35.67118518,0.0129629433333349,0.0313333333333343,-14.334,-14.193333333333332,21.30679013555556,-14.309999999999995,2.8062525,2.804146,2.8370285,2.8329601,2.799636,0,0.0,0,1.0,-0.47,9.6,90.4
2022-12-24 02:45:00,249.75028750555,221.478362744444,221.509472649998,21.32777775,-14.193333333333332,15.0,2,5.1764362714980825,70.66250196097344,2,5,12,0.4999999999999999,0.8660254037844387,-0.9749279121818236,-0.2225209339563146,-2.4492935982947064e-16,1.0,0.0,0.0,0.0,28.875,65.8,100.0,61.75,-20.4,1.0128882,0.1,-14.75,21.30185185,15.0,15.0,15.316666666666666,15.5,15.0,-35.52111108333333,-0.0407407633333356,0.1093333333333319,-14.302666666666664,-14.023333333333332,21.350617277777776,-14.276666666666664,2.799636,2.8062525,2.804146,2.8370285,2.7954326,0,0.0,0,1.0,-0.48,9.7,90.3
2022-12-24 03:00:00,253.623188183326,220.9186629,220.949495066664,21.30185185,-14.023333333333332,15.0,2,5.1764362714980825,70.66250196097344,3,5,12,0.7071067811865476,0.7071067811865476,-0.9749279121818236,-0.2225209339563146,-2.4492935982947064e-16,1.0,0.0,0.0,0.0,28.8,66.6,100.0,62.0,-20.2,1.0290046,0.1,-14.6,21.3333333,15.0,15.0,15.0,15.316666666666666,14.65,-35.32518518333333,-0.0259259000000007,0.1699999999999999,-14.193333333333332,-14.055333333333332,21.332716037777782,-14.17311111111111,2.7954326,2.799636,2.8062525,2.804146,2.7351916,0,0.0,0,1.0,-0.48,9.9,90.1
2022-12-24 03:15:00,232.878462388884,208.551657616666,208.582211994442,21.3333333,-14.055333333333332,14.65,2,5.1764362714980825,70.66250196097344,3,5,12,0.7071067811865476,0.7071067811865476,-0.9749279121818236,-0.2225209339563146,-2.4492935982947064e-16,1.0,0.0,0.0,0.0,28.75,66.05,99.0,61.25,-20.325,1.0185474,0.1,-14.575,21.272222213333333,15.0,15.0,15.0,15.0,14.5,-35.38866663333333,0.0314814500000011,-0.032,-14.023333333333332,-14.216,21.32098763333333,-14.090666666666664,2.7351916,2.7954326,2.799636,2.8062525,2.6976137,0,0.0,0,1.0,-0.48,9.8,90.2
2022-12-24 03:30:00,216.531338466664,181.947721783334,181.97494296111,21.272222213333333,-14.216,14.5,2,5.1764362714980825,70.66250196097344,3,5,12,0.7071067811865476,0.7071067811865476,-0.9749279121818236,-0.2225209339563146,-2.4492935982947064e-16,1.0,0.0,0.0,0.0,28.700000000000003,65.5,98.0,60.5,-20.45,1.0080447,0.1,-14.55,21.12222223,14.65,15.0,15.0,15.0,14.5,-35.48822221333333,-0.061111086666667,-0.1606666666666676,-14.055333333333332,-14.413333333333332,21.302469121111116,-14.09822222222222,2.6976137,2.7351916,2.7954326,2.799636,2.6742415,0,0.0,0,1.0,-0.49,10.1,89.9
2022-12-24 03:45:00,239.966789927774,187.8849843,187.91137216111,21.12222223,-14.413333333333332,14.5,2,5.1764362714980825,70.66250196097344,3,5,12,0.7071067811865476,0.7071067811865476,-0.9749279121818236,-0.2225209339563146,-2.4492935982947064e-16,1.0,0.0,0.0,0.0,28.65,64.95,97.0,59.75,-20.575,0.9974969,0.1,-14.525,21.03888891333333,14.5,14.65,15.0,15.0,14.5,-35.53555556333333,-0.149999983333334,-0.1973333333333311,-14.216,-14.612666666666666,21.24259258111111,-14.22822222222222,2.6742415,2.6976137,2.7351916,2.7954326,2.6613326,0,0.0,0,1.0,-0.53,10.8,89.2
2022-12-24 04:00:00,216.618834949998,187.803598672222,187.833042027774,21.03888891333333,-14.612666666666666,14.5,2,5.1764362714980825,70.66250196097344,4,5,12,0.8660254037844386,0.5000000000000001,-0.9749279121818236,-0.2225209339563146,-2.4492935982947064e-16,1.0,0.0,0.0,0.0,28.6,64.4,96.0,59.0,-20.7,0.98690325,0.1,-14.5,20.95555553,14.5,14.5,14.65,15.0,14.5,-35.65155558,-0.0833333166666641,-0.1993333333333335,-14.413333333333332,-14.704,21.14444445222222,-14.413999999999996,2.6613326,2.6742415,2.6976137,2.7351916,2.6484776,0,0.0,0,1.0,-0.54,11.2,88.8
2022-12-24 04:15:00,506.37668853889,187.855541044444,187.884706594442,20.95555553,-14.704,14.5,2,5.1764362714980825,70.66250196097344,4,5,12,0.8660254037844386,0.5000000000000001,-0.9749279121818236,-0.2225209339563146,-2.4492935982947064e-16,1.0,0.0,0.0,0.0,28.4,64.4,97.0,59.25,-20.775,0.98144126,0.075,-14.625,20.79074074,14.5,14.5,14.5,14.65,14.683333333333334,-35.659555530000006,-0.0833333833333327,-0.0913333333333348,-14.612666666666666,-14.915333333333333,21.03888889111111,-14.576666666666664,2.6484776,2.6613326,2.6742415,2.6976137,2.656379,0,0.0,0,1.0,-0.56,11.7,88.3
2022-12-24 04:30:00,128.7965146,94.368725083334,94.38511336111,20.79074074,-14.915333333333333,14.683333333333334,2,5.1764362714980825,70.66250196097344,4,5,12,0.8660254037844386,0.5000000000000001,-0.9749279121818236,-0.2225209339563146,-2.4492935982947064e-16,1.0,0.0,0.0,0.0,28.200000000000003,64.4,98.0,59.5,-20.85,0.9759815,0.05,-14.75,20.26666668,14.5,14.5,14.5,14.5,15.0,-35.70607407333333,-0.1648147900000012,-0.2113333333333322,-14.704,-14.93,20.928395061111114,-14.743999999999998,2.656379,2.6484776,2.6613326,2.6742415,2.6319873,0,0.0,0,1.0,-0.6,12.5,87.5
2022-12-24 04:45:00,164.412867705554,137.45894583889,137.480889427778,20.26666668,-14.93,15.0,2,5.1764362714980825,70.66250196097344,4,5,12,0.8660254037844386,0.5000000000000001,-0.9749279121818236,-0.2225209339563146,-2.4492935982947064e-16,1.0,0.0,0.0,0.0,28.0,64.4,99.0,59.75,-20.925,0.97052425,0.0249999999999999,-14.875,19.875925913333333,14.683333333333334,14.5,14.5,14.5,15.0,-35.19666668,-0.5240740600000002,-0.0146666666666668,-14.915333333333333,-14.972,20.67098765,-14.849777777777774,2.6319873,2.656379,2.6484776,2.6613326,2.5724819,0,0.0,0,1.0,-0.72,15.8,84.2
2022-12-24 05:00:00,264.27803962222004,223.732994755556,223.764382433332,19.875925913333333,-14.972,15.0,2,5.1764362714980825,70.66250196097344,5,5,12,0.9659258262890684,0.2588190451025207,-0.9749279121818236,-0.2225209339563146,-2.4492935982947064e-16,1.0,0.0,0.0,0.0,27.8,64.4,100.0,60.0,-21.0,0.96507,0.0,-15.0,20.07222222,15.0,14.683333333333334,14.5,14.5,14.95,-34.847925913333334,-0.3907407666666671,-0.0419999999999998,-14.93,-15.038,20.311111111111117,-14.939111111111108,2.5724819,2.6319873,2.656379,2.6484776,2.5935533,0,0.0,0,1.0,-0.8,18.6,81.4
2022-12-24 05:15:00,318.61531029445,275.298709794446,275.33509723889,20.07222222,-15.038,14.95,2,5.1764362714980825,70.66250196097344,5,5,12,0.9659258262890684,0.2588190451025207,-0.9749279121818236,-0.2225209339563146,-2.4492935982947064e-16,1.0,0.0,0.0,0.0,27.9,63.425,99.75,59.75,-21.1,0.9572817,0.0,-15.05,20.43148150333333,15.0,15.0,14.683333333333334,14.5,14.533333333333331,-35.11022222,0.1962963066666674,-0.0660000000000007,-14.972,-15.203333333333337,20.071604937777774,-14.979999999999997,2.5935533,2.5724819,2.6319873,2.656379,2.5747662,0,0.0,0,1.0,-0.76,17.1,82.9
2022-12-24 05:30:00,305.637496194446,275.238434455556,275.276488516666,20.43148150333333,-15.203333333333337,14.533333333333331,2,5.1764362714980825,70.66250196097344,5,5,12,0.9659258262890684,0.2588190451025207,-0.9749279121818236,-0.2225209339563146,-2.4492935982947064e-16,1.0,0.0,0.0,0.0,28.0,62.45,99.5,59.5,-21.2,0.9495379,0.0,-15.1,20.64444448,14.95,15.0,15.0,14.683333333333334,14.5,-35.63481483666667,0.3592592833333334,-0.1653333333333346,-15.038,-15.156,20.126543212222224,-15.071111111111108,2.5747662,2.5935533,2.5724819,2.6319873,2.6009603,0,0.0,0,1.0,-0.68,14.8,85.2
2022-12-24 05:45:00,297.567263450002,273.188794244444,273.226014988888,20.64444448,-15.156,14.5,2,5.1764362714980825,70.66250196097344,5,5,12,0.9659258262890684,0.2588190451025207,-0.9749279121818236,-0.2225209339563146,-2.4492935982947064e-16,1.0,0.0,0.0,0.0,28.1,61.475,99.25,59.25,-21.3,0.9418384,0.0,-15.15,20.81111113,14.533333333333331,14.95,15.0,15.0,14.316666666666666,-35.80044448,0.2129629766666667,0.0473333333333343,-15.203333333333337,-15.111333333333333,20.38271606777778,-15.132444444444443,2.6009603,2.5747662,2.5935533,2.5724819,2.593117,0,0.0,0,1.0,-0.63,13.4,86.6
2022-12-24 06:00:00,306.398299094446,279.599926672222,279.637425172222,20.81111113,-15.111333333333333,14.316666666666666,2,5.1764362714980825,70.66250196097344,6,5,12,1.0,6.123233995736766e-17,-0.9749279121818236,-0.2225209339563146,-2.4492935982947064e-16,1.0,0.0,0.0,0.0,28.2,60.5,99.0,59.0,-21.4,0.9341834,0.0,-15.2,20.938888870000003,14.5,14.533333333333331,14.95,15.0,14.0,-35.92244446333333,0.1666666499999962,0.0446666666666679,-15.156,-15.02,20.629012371111116,-15.156888888888886,2.593117,2.6009603,2.5747662,2.5935533,2.5546744,0,0.0,0,1.0,-0.6,12.5,87.5
2022-12-24 06:15:00,322.322939766672,280.409894255556,280.445448350002,20.938888870000003,-15.02,14.0,2,5.1764362714980825,70.66250196097344,6,5,12,1.0,6.123233995736766e-17,-0.9749279121818236,-0.2225209339563146,-2.4492935982947064e-16,1.0,0.0,0.0,0.0,27.675,60.575,99.25,59.25,-21.375,0.93629795,0.0,-15.225,21.048148186666666,14.316666666666666,14.5,14.533333333333331,14.95,14.0,-35.95888887,0.1277777400000062,0.0913333333333312,-15.111333333333333,-14.930666666666667,20.79814816,-15.095777777777776,2.5546744,2.593117,2.6009603,2.5747662,2.570945,0,0.0,0,1.0,-0.57,11.8,88.2
2022-12-24 06:30:00,318.68058568333,278.716350916666,278.753571644444,21.048148186666666,-14.930666666666667,14.0,2,5.1764362714980825,70.66250196097344,6,5,12,1.0,6.123233995736766e-17,-0.9749279121818236,-0.2225209339563146,-2.4492935982947064e-16,1.0,0.0,0.0,0.0,27.15,60.65,99.5,59.5,-21.35,0.9384006,0.0,-15.25,21.13333337,14.0,14.316666666666666,14.5,14.533333333333331,14.0,-35.97881485333333,0.1092593166666624,0.0893333333333341,-15.02,-14.906,20.932716062222223,-15.020666666666664,2.570945,2.5546744,2.593117,2.6009603,2.5836918,0,0.0,0,1.0,-0.55,11.2,88.8
2022-12-24 06:45:00,307.58575166111,277.253909366668,277.29168563889,21.13333337,-14.906,14.0,2,5.1764362714980825,70.66250196097344,6,5,12,1.0,6.123233995736766e-17,-0.9749279121818236,-0.2225209339563146,-2.4492935982947064e-16,1.0,0.0,0.0,0.0,26.625,60.725,99.75,59.75,-21.325,0.94049096,0.0,-15.275,21.18703705,14.0,14.0,14.316666666666666,14.5,13.816666666666666,-36.03933337,0.0851851833333334,0.0246666666666666,-14.930666666666667,-14.894666666666668,21.04012347555556,-14.95222222222222,2.5836918,2.570945,2.5546744,2.593117,2.557816,0,0.0,0,1.0,-0.53,10.8,89.2
2022-12-24 07:00:00,303.662019683334,267.904838927778,267.940393072222,21.18703705,-14.894666666666668,13.816666666666666,2,5.1764362714980825,70.66250196097344,7,5,12,0.9659258262890684,-0.2588190451025206,-0.9749279121818236,-0.2225209339563146,-2.4492935982947064e-16,1.0,0.0,0.0,0.0,26.1,60.8,100.0,60.0,-21.3,0.9425687,0.0,-15.3,21.21111109,14.0,14.0,14.0,14.316666666666666,13.5,-36.08170371666667,0.0537036800000017,0.0113333333333329,-14.906,-14.872000000000002,21.12283953555556,-14.910444444444442,2.557816,2.5836918,2.570945,2.5546744,2.5026858,0,0.0,0,1.0,-0.52,10.6,89.4
2022-12-24 07:15:00,238.80266992777,213.391463983334,213.421740605554,21.21111109,-14.872000000000002,13.5,2,5.1764362714980825,70.66250196097344,7,5,12,0.9659258262890684,-0.2588190451025206,-0.9749279121818236,-0.2225209339563146,-2.4492935982947064e-16,1.0,0.0,0.0,0.0,25.700000000000003,59.65,99.75,60.0,-21.5,0.925999,0.0,-15.525,21.098148156666664,13.816666666666666,14.0,14.0,14.0,13.5,-36.08311109,0.0240740399999985,0.0226666666666659,-14.894666666666668,-14.72,21.177160503333337,-14.890888888888886,2.5026858,2.557816,2.5836918,2.570945,2.486334,0,0.0,0,1.0,-0.51,10.5,89.5
2022-12-24 07:30:00,244.747154538874,220.394517216666,220.42673824444,21.098148156666664,-14.72,13.5,2,5.1764362714980825,70.66250196097344,7,5,12,0.9659258262890684,-0.2588190451025206,-0.9749279121818236,-0.2225209339563146,-2.4492935982947064e-16,1.0,0.0,0.0,0.0,25.3,58.5,99.5,60.0,-21.700000000000003,0.9096878,0.0,-15.75,21.0555556,13.5,13.816666666666666,14.0,14.0,13.5,-35.818148156666666,-0.1129629333333355,0.152000000000001,-14.872000000000002,-14.534,21.16543209888889,-14.828888888888889,2.486334,2.5026858,2.557816,2.5836918,2.4801924,0,0.0,0,1.0,-0.54,11.0,89.0
2022-12-24 07:45:00,273.261013555556,226.451497144444,226.482884838886,21.0555556,-14.534,13.5,2,5.1764362714980825,70.66250196097344,7,5,12,0.9659258262890684,-0.2588190451025206,-0.9749279121818236,-0.2225209339563146,-2.4492935982947064e-16,1.0,0.0,0.0,0.0,24.9,57.35,99.25,60.0,-21.9,0.89363176,0.0,-15.975,21.0555556,13.5,13.5,13.816666666666666,14.0,13.5,-35.5895556,-0.042592556666662,0.1860000000000017,-14.72,-14.440666666666663,21.12160494888889,-14.708666666666666,2.4801924,2.486334,2.5026858,2.557816,2.4801924,0,0.0,0,1.0,-0.55,11.3,88.7
2022-12-24 08:00:00,273.23323698333,229.427489233332,229.458321399996,21.0555556,-14.440666666666663,13.5,2,5.1764362714980825,70.66250196097344,8,5,12,0.8660254037844387,-0.4999999999999998,-0.9749279121818236,-0.2225209339563146,-2.4492935982947064e-16,1.0,0.0,0.0,0.0,24.5,56.2,99.0,60.0,-22.1,0.87782705,0.0,-16.2,21.04444448,13.5,13.5,13.5,13.816666666666666,13.5,-35.49622226666666,0.0,0.0933333333333337,-14.534,-14.318,21.06975311888889,-14.564888888888886,2.4801924,2.4801924,2.486334,2.5026858,2.4785922,0,0.0,0,1.0,-0.55,11.3,88.7
2022-12-24 08:15:00,216.734663666664,192.382026644444,192.410358894442,21.04444448,-14.318,13.5,2,5.1764362714980825,70.66250196097344,8,5,12,0.8660254037844387,-0.4999999999999998,-0.9749279121818236,-0.2225209339563146,-2.4492935982947064e-16,1.0,1.25,0.3125,0.1041666666666666,24.075,55.375,83.25,60.25,-22.1,0.87973666,0.0,-16.225,20.93148146333333,13.5,13.5,13.5,13.5,13.5,-35.36244448,-0.0111111200000024,0.1226666666666655,-14.440666666666663,-14.174666666666669,21.051851893333332,-14.430888888888887,2.4785922,2.4801924,2.4801924,2.486334,2.4623759,0,0.0,0,1.0,-0.55,11.3,88.7
2022-12-24 08:30:00,199.13536768333,170.219857616666,170.246245511108,20.93148146333333,-14.174666666666669,13.5,2,5.1764362714980825,70.66250196097344,8,5,12,0.8660254037844387,-0.4999999999999998,-0.9749279121818236,-0.2225209339563146,-2.4492935982947064e-16,1.0,2.5,0.9375,0.3125,23.65,54.55,67.5,60.5,-22.1,0.88163495,0.0,-16.25,20.68333336,13.5,13.5,13.5,13.5,13.55,-35.10614813,-0.112963016666665,0.1433333333333326,-14.318,-14.005333333333336,21.01049384777778,-14.311111111111108,2.4623759,2.4785922,2.4801924,2.4801924,2.4360652,0,0.0,0,1.0,-0.58,11.9,88.1
2022-12-24 08:45:00,134.80932967777602,102.468956627778,102.487844788888,20.68333336,-14.005333333333336,13.55,2,5.1764362714980825,70.66250196097344,8,5,12,0.8660254037844387,-0.4999999999999998,-0.9749279121818236,-0.2225209339563146,-2.4492935982947064e-16,1.0,3.75,1.875,0.625,23.225,53.725,51.75,60.75,-22.1,0.88352185,0.0,-16.275,20.077777786666665,13.5,13.5,13.5,13.5,13.966666666666669,-34.68866669333333,-0.2481481033333352,0.1693333333333324,-14.174666666666669,-13.496,20.886419767777777,-14.166,2.4360652,2.4623759,2.4785922,2.4801924,2.4237509,0,0.0,0,1.0,-0.63,13.4,86.6
2022-12-24 09:00:00,209.383846511112,180.08001871111202,180.107517627778,20.077777786666665,-13.496,13.966666666666669,2,5.1764362714980825,70.66250196097344,9,5,12,0.7071067811865476,-0.7071067811865475,-0.9749279121818236,-0.2225209339563146,-2.4492935982947064e-16,1.0,5.0,3.125,1.0416666666666667,22.8,52.9,36.0,61.0,-22.1,0.8853974,0.0,-16.3,19.93888885,13.55,13.5,13.5,13.5,13.95,-33.57377778666667,-0.6055555733333335,0.5093333333333341,-14.005333333333336,-13.332666666666666,20.56419753666667,-13.891999999999998,2.4237509,2.4360652,2.4623759,2.4785922,2.4012508,0,0.0,0,1.0,-0.76,17.3,82.7
2022-12-24 09:15:00,326.338334961106,286.212717716666,286.251327305554,19.93888885,-13.332666666666666,13.95,2,5.1764362714980825,70.66250196097344,9,5,12,0.7071067811865476,-0.7071067811865475,-0.9749279121818236,-0.2225209339563146,-2.4492935982947064e-16,1.0,28.25,9.875,3.395833333333333,23.175,52.725,45.25,60.5,-22.025,0.8921939,0.0,-16.1,20.30555554,13.966666666666669,13.55,13.5,13.5,13.533333333333331,-33.271555516666666,-0.1388889366666639,0.163333333333334,-13.496,-13.033333333333331,20.233333332222223,-13.611333333333333,2.4012508,2.4237509,2.4360652,2.4623759,2.3800395,0,0.0,0,1.0,-0.79,18.3,81.7
2022-12-24 09:30:00,339.767242383322,295.160970905554,295.200969355552,20.30555554,-13.033333333333331,13.533333333333331,2,5.1764362714980825,70.66250196097344,9,5,12,0.7071067811865476,-0.7071067811865475,-0.9749279121818236,-0.2225209339563146,-2.4492935982947064e-16,1.0,51.5,22.125,7.6875,23.55,52.55,54.5,60.0,-21.950000000000003,0.89895564,0.0,-15.9,20.63333335,13.95,13.966666666666669,13.55,13.5,13.5,-33.33888887333333,0.3666666899999988,0.2993333333333332,-13.332666666666666,-12.857333333333331,20.107407392222225,-13.287333333333333,2.3800395,2.4012508,2.4237509,2.4360652,2.4200165,0,0.0,0,1.0,-0.72,15.8,84.2
2022-12-24 09:45:00,322.891806127774,297.945859472222,297.986413466664,20.63333335,-12.857333333333331,13.5,2,5.1764362714980825,70.66250196097344,9,5,12,0.7071067811865476,-0.7071067811865475,-0.9749279121818236,-0.2225209339563146,-2.4492935982947064e-16,1.0,74.75,39.875,13.916666666666666,23.925,52.375,63.75,59.5,-21.875,0.90567964,0.0,-15.7,20.86296293,13.533333333333331,13.95,13.966666666666669,13.55,13.316666666666666,-33.49066668333333,0.3277778100000006,0.1760000000000001,-13.033333333333331,-12.896,20.29259258,-13.074444444444444,2.4200165,2.3800395,2.4012508,2.4237509,2.419278,0,0.0,0,1.0,-0.64,13.7,86.3
2022-12-24 10:00:00,318.473093800004,294.039626794446,294.078236350002,20.86296293,-12.896,13.316666666666666,2,5.1764362714980825,70.66250196097344,10,5,12,0.4999999999999999,-0.8660254037844387,-0.9749279121818236,-0.2225209339563146,-2.4492935982947064e-16,1.0,98.0,63.125,22.08333333333333,24.3,52.2,73.0,59.0,-21.8,0.91236335,0.0,-15.5,21.03333332,13.5,13.533333333333331,13.95,13.966666666666669,13.0,-33.75896293,0.2296295799999974,-0.0386666666666659,-12.857333333333331,-12.556666666666668,20.60061727333333,-12.928888888888885,2.419278,2.4200165,2.3800395,2.4012508,2.3852522,0,0.0,0,1.0,-0.59,12.3,87.7
2022-12-24 10:15:00,337.733990133332,304.1061686,304.146167049998,21.03333332,-12.556666666666668,13.0,2,5.1764362714980825,70.66250196097344,10,5,12,0.4999999999999999,-0.8660254037844387,-0.9749279121818236,-0.2225209339563146,-2.4492935982947064e-16,1.0,127.75,88.0,32.729166666666664,24.525,52.475,78.75,58.0,-21.825,0.90935755,0.0,-15.325,21.17962964,13.316666666666666,13.5,13.533333333333331,13.95,13.0,-33.58999998666667,0.1703703900000022,0.3393333333333324,-12.896,-12.623333333333331,20.843209866666665,-12.769999999999996,2.3852522,2.419278,2.4200165,2.3800395,2.4055965,0,0.0,0,1.0,-0.56,11.5,88.5
2022-12-24 10:30:00,343.144884805554,304.252551644444,304.295050011108,21.17962964,-12.623333333333331,13.0,2,5.1764362714980825,70.66250196097344,10,5,12,0.4999999999999999,-0.8660254037844387,-0.9749279121818236,-0.2225209339563146,-2.4492935982947064e-16,1.0,157.5,114.5,45.85416666666666,24.75,52.75,84.5,57.0,-21.85,0.9060724,0.0,-15.15,21.30555553,13.0,13.316666666666666,13.5,13.533333333333331,13.0,-33.80296297333333,0.1462963199999976,-0.0666666666666664,-12.556666666666668,-12.308,21.02530863,-12.691999999999998,2.4055965,2.3852522,2.419278,2.4200165,2.4232285,0,0.0,0,1.0,-0.52,10.7,89.3
2022-12-24 10:45:00,322.119059188888,282.385370783334,282.423702649998,21.30555553,-12.308,13.0,2,5.1764362714980825,70.66250196097344,10,5,12,0.4999999999999999,-0.8660254037844387,-0.9749279121818236,-0.2225209339563146,-2.4492935982947064e-16,1.0,187.25,142.625,61.458333333333336,24.975,53.025,90.25,56.0,-21.875,0.902502,0.0,-14.975,21.36481480666667,13.0,13.0,13.316666666666666,13.5,13.0,-33.61355553,0.1259258900000013,0.3153333333333332,-12.623333333333331,-12.153333333333334,21.17283949666667,-12.495999999999997,2.4232285,2.4055965,2.3852522,2.419278,2.4315639,0,0.0,0,1.0,-0.49,10.1,89.9
2022-12-24 11:00:00,252.541842522216,220.193136372222,220.224801838886,21.36481480666667,-12.153333333333334,13.0,2,5.1764362714980825,70.66250196097344,11,5,12,0.258819045102521,-0.9659258262890682,-0.9749279121818236,-0.2225209339563146,-2.4492935982947064e-16,1.0,217.0,172.375,79.54166666666667,25.2,53.3,96.0,55.0,-21.9,0.8986393,0.0,-14.8,21.30555556,13.0,13.0,13.0,13.316666666666666,13.0,-33.51814814,0.059259276666669,0.1546666666666656,-12.308,-12.119333333333334,21.28333332555556,-12.361555555555556,2.4315639,2.4232285,2.4055965,2.3852522,2.4232285,0,0.0,0,1.0,-0.48,9.8,90.2
2022-12-24 11:15:00,298.410563166664,267.766511127778,267.804009627778,21.30555556,-12.119333333333334,13.0,2,5.1764362714980825,70.66250196097344,11,5,12,0.258819045102521,-0.9659258262890682,-0.9749279121818236,-0.2225209339563146,-2.4492935982947064e-16,1.0,244.75,201.625,99.83333333333331,25.4,55.375,94.75,54.75,-21.725,0.91223884,0.0,-14.55,21.401851843333336,13.0,13.0,13.0,13.0,13.0,-33.42488889333333,-0.0592592466666666,0.0340000000000006,-12.153333333333334,-12.086666666666668,21.325308632222225,-12.193555555555552,2.4232285,2.4315639,2.4232285,2.4055965,2.436786,0,0.0,0,1.0,-0.49,10.1,89.9
2022-12-24 11:30:00,291.975542827774,267.6126284,267.651237988888,21.401851843333336,-12.086666666666668,13.0,2,5.1764362714980825,70.66250196097344,11,5,12,0.258819045102521,-0.9659258262890682,-0.9749279121818236,-0.2225209339563146,-2.4492935982947064e-16,1.0,272.5,230.375,122.33333333333331,25.6,57.45,93.5,54.5,-21.55,0.9259843,0.0,-14.3,21.47777776,13.0,13.0,13.0,13.0,13.0,-33.488518510000006,0.0962962833333342,0.0326666666666657,-12.119333333333334,-11.966666666666669,21.357407403333337,-12.119777777777776,2.436786,2.4232285,2.4315639,2.4232285,2.4475226,0,0.0,0,1.0,-0.47,9.7,90.3
2022-12-24 11:45:00,259.71127796666,230.861320711112,230.8940972,21.47777776,-11.966666666666669,13.0,2,5.1764362714980825,70.66250196097344,11,5,12,0.258819045102521,-0.9659258262890682,-0.9749279121818236,-0.2225209339563146,-2.4492935982947064e-16,1.0,300.25,258.625,147.04166666666666,25.8,59.525,92.25,54.25,-21.375,0.939876,0.0,-14.05,21.448148106666665,13.0,13.0,13.0,13.0,13.0,-33.444444426666664,0.0759259166666623,0.120000000000001,-12.086666666666668,-11.956,21.39506172111111,-12.057555555555552,2.4475226,2.436786,2.4232285,2.4315639,2.4433284,0,0.0,0,1.0,-0.45,9.3,90.7
2022-12-24 12:00:00,276.391166127778,226.406498927778,226.437608849998,21.448148106666665,-11.956,13.0,2,5.1764362714980825,70.66250196097344,12,5,12,1.2246467991473532e-16,-1.0,-0.9749279121818236,-0.2225209339563146,-2.4492935982947064e-16,1.0,328.0,286.375,173.95833333333334,26.0,61.6,91.0,54.0,-21.2,0.95391434,0.0,-13.8,21.4444444,13.0,13.0,13.0,13.0,13.0,-33.40414810666667,-0.029629653333334,0.0106666666666672,-11.966666666666669,-11.903333333333334,21.44259257,-12.00311111111111,2.4433284,2.4475226,2.436786,2.4232285,2.442804,0,0.0,0,1.0,-0.46,9.4,90.6
2022-12-24 12:15:00,262.457001316666,226.474551772222,226.50788382222,21.4444444,-11.903333333333334,13.0,2,5.1764362714980825,70.66250196097344,12,5,12,1.2246467991473532e-16,-1.0,-0.9749279121818236,-0.2225209339563146,-2.4492935982947064e-16,1.0,335.0,308.9375,199.52083333333331,25.7,60.15,93.0,53.75,-21.05,0.96435374,0.0,-13.6,21.46481478666667,13.0,13.0,13.0,13.0,13.0,-33.34777773333333,-0.0037037066666663,0.0526666666666653,-11.956,-12.0,21.45679008888889,-11.941999999999998,2.442804,2.4433284,2.4475226,2.436786,2.445687,0,0.0,0,1.0,-0.46,9.5,90.5
2022-12-24 12:30:00,251.79853898888,227.320351272222,227.354238833332,21.46481478666667,-12.0,13.0,2,5.1764362714980825,70.66250196097344,12,5,12,1.2246467991473532e-16,-1.0,-0.9749279121818236,-0.2225209339563146,-2.4492935982947064e-16,1.0,342.0,326.3125,223.72916666666663,25.4,58.7,95.0,53.5,-20.9,0.9748591,0.0,-13.4,21.48333333,13.0,13.0,13.0,13.0,13.0,-33.464814786666665,0.02037038666667,-0.0966666666666657,-11.903333333333334,-11.981333333333334,21.45246909777778,-11.953111111111108,2.445687,2.442804,2.4433284,2.4475226,2.4483101,0,0.0,0,1.0,-0.46,9.4,90.6
2022-12-24 12:45:00,216.516339233324,180.650829277776,180.678328227774,21.48333333,-11.981333333333334,13.0,2,5.1764362714980825,70.66250196097344,12,5,12,1.2246467991473532e-16,-1.0,-0.9749279121818236,-0.2225209339563146,-2.4492935982947064e-16,1.0,349.0,338.5,246.58333333333331,25.1,57.25,97.0,53.25,-20.75,0.98543024,0.0,-13.2,21.14074073,13.0,13.0,13.0,13.0,13.0,-33.46466666333333,0.0185185433333323,0.0186666666666663,-12.0,-11.84,21.46419750555556,-11.961555555555554,2.4483101,2.445687,2.442804,2.4433284,2.4001737,0,0.0,0,1.0,-0.45,9.3,90.7
2022-12-24 13:00:00,126.343557188888,101.3076142,101.3276134,21.14074073,-11.84,13.0,2,5.1764362714980825,70.66250196097344,13,5,12,-0.2588190451025208,-0.9659258262890684,-0.9749279121818236,-0.2225209339563146,-2.4492935982947064e-16,1.0,356.0,345.5,268.0833333333333,24.8,55.8,99.0,53.0,-20.6,0.9960662,0.0,-13.0,20.4611111,13.0,13.0,13.0,13.0,13.35,-32.98074073,-0.3425925999999997,0.1413333333333337,-11.981333333333334,-11.772666666666668,21.36296294888889,-11.940444444444443,2.4001737,2.4483101,2.445687,2.442804,2.369216,0,0.0,0,1.0,-0.53,10.9,89.1
2022-12-24 13:15:00,198.198460611112,164.974789627778,165.001733016666,20.4611111,-11.772666666666668,13.35,2,5.1764362714980825,70.66250196097344,13,5,12,-0.2588190451025208,-0.9659258262890684,-0.9749279121818236,-0.2225209339563146,-2.4492935982947064e-16,1.0,357.0,351.0,287.1875,24.875,55.9,98.5,52.75,-20.475,1.0067673,0.025,-12.8,20.38333336,13.0,13.0,13.0,13.0,13.5,-32.23377776666667,-0.6796296300000009,0.0673333333333321,-11.84,-11.634,21.028395053333337,-11.864666666666665,2.369216,2.4001737,2.4483101,2.445687,2.3849854,0,0.0,0,1.0,-0.68,14.8,85.2
2022-12-24 13:30:00,307.048550949998,259.156855544444,259.191854144444,20.38333336,-11.634,13.5,2,5.1764362714980825,70.66250196097344,13,5,12,-0.2588190451025208,-0.9659258262890684,-0.9749279121818236,-0.2225209339563146,-2.4492935982947064e-16,1.0,358.0,355.0,303.8958333333333,24.950000000000003,56.0,98.0,52.5,-20.35,1.0175323,0.05,-12.6,20.77222222,13.35,13.0,13.0,13.0,13.45,-32.017333359999995,-0.0777777400000019,0.1386666666666691,-11.772666666666668,-11.416666666666666,20.661728396666664,-11.748888888888883,2.3849854,2.369216,2.4001737,2.4483101,2.4306343,0,0.0,0,1.0,-0.7,15.3,84.7
2022-12-24 13:45:00,290.86892036111,257.905794455556,257.941626372222,20.77222222,-11.416666666666666,13.45,2,5.1764362714980825,70.66250196097344,13,5,12,-0.2588190451025208,-0.9659258262890684,-0.9749279121818236,-0.2225209339563146,-2.4492935982947064e-16,1.0,359.0,357.5,318.2083333333333,25.025,56.1,97.5,52.25,-20.225,1.0283612,0.075,-12.4,21.081481516666667,13.5,13.35,13.0,13.0,13.033333333333331,-32.18888888666667,0.3888888600000015,0.2173333333333325,-11.634,-11.357333333333337,20.538888893333333,-11.607777777777777,2.4306343,2.3849854,2.369216,2.4001737,2.3980646,0,0.0,0,1.0,-0.61,12.8,87.2
2022-12-24 14:00:00,269.073125694438,244.7477097,244.782986105554,21.081481516666667,-11.357333333333337,13.033333333333331,2,5.1764362714980825,70.66250196097344,14,5,12,-0.4999999999999997,-0.8660254037844388,-0.9749279121818236,-0.2225209339563146,-2.4492935982947064e-16,1.0,360.0,358.5,330.125,25.1,56.2,97.0,52.0,-20.1,1.0392531,0.1,-12.2,21.24444447,13.45,13.5,13.35,13.0,13.0,-32.43881485,0.3092592966666672,0.0593333333333312,-11.416666666666666,-11.298666666666666,20.745679032222224,-11.469333333333331,2.3980646,2.4306343,2.3849854,2.369216,2.4146576,0,0.0,0,1.0,-0.54,11.2,88.8
2022-12-24 14:15:00,252.745445544436,224.212420011112,224.245196516666,21.24444447,-11.298666666666666,13.0,2,5.1764362714980825,70.66250196097344,14,5,12,-0.4999999999999997,-0.8660254037844388,-0.9749279121818236,-0.2225209339563146,-2.4492935982947064e-16,1.0,339.5,354.125,338.0208333333333,24.9,56.0,88.0,51.75,-20.05,1.0422051,0.075,-12.1,21.29814815,13.033333333333331,13.45,13.5,13.35,13.0,-32.54311113666667,0.1629629533333343,0.058666666666669,-11.357333333333337,-10.776,21.03271606888889,-11.357555555555557,2.4146576,2.3980646,2.4306343,2.3849854,2.4221873,0,0.0,0,1.0,-0.51,10.4,89.6
2022-12-24 14:30:00,257.985235977768,225.490979966668,225.524034277776,21.29814815,-10.776,13.0,2,5.1764362714980825,70.66250196097344,14,5,12,-0.4999999999999997,-0.8660254037844388,-0.9749279121818236,-0.2225209339563146,-2.4492935982947064e-16,1.0,319.0,344.375,341.8958333333333,24.700000000000003,55.8,79.0,51.5,-20.0,1.045134,0.05,-12.0,21.33888886,13.0,13.033333333333331,13.45,13.5,13.0,-32.07414815,0.0537036799999981,0.522666666666666,-11.298666666666666,-10.556,21.208024712222223,-11.143999999999998,2.4221873,2.4146576,2.3980646,2.4306343,2.427914,0,0.0,0,1.0,-0.5,10.1,89.9
2022-12-24 14:45:00,268.892021655556,228.421418344444,228.454472588888,21.33888886,-10.556,13.0,2,5.1764362714980825,70.66250196097344,14,5,12,-0.4999999999999997,-0.8660254037844388,-0.9749279121818236,-0.2225209339563146,-2.4492935982947064e-16,1.0,298.5,329.25,341.75,24.5,55.6,70.0,51.25,-19.95,1.0480394,0.0249999999999999,-11.9,21.38518519333333,13.0,13.0,13.033333333333331,13.45,13.0,-31.89488886,0.0407407100000014,0.2199999999999988,-10.776,-10.514666666666669,21.293827160000003,-10.876888888888883,2.427914,2.4221873,2.4146576,2.3980646,2.4344347,0,0.0,0,1.0,-0.49,9.9,90.1
2022-12-24 15:00:00,268.145940549994,230.706882455556,230.739103416666,21.38518519333333,-10.514666666666669,13.0,2,5.1764362714980825,70.66250196097344,15,5,12,-0.7071067811865471,-0.7071067811865479,-0.9749279121818236,-0.2225209339563146,-2.4492935982947064e-16,1.0,278.0,308.75,337.5833333333333,24.3,55.4,61.0,51.0,-19.9,1.0509204,0.0,-11.8,21.43333331,13.0,13.0,13.0,13.033333333333331,13.0,-31.89985186,0.0462963333333306,0.0413333333333341,-10.556,-10.534666666666668,21.34074073444444,-10.615555555555554,2.4344347,2.427914,2.4221873,2.4146576,2.4412332,0,0.0,0,1.0,-0.48,9.7,90.3
2022-12-24 15:15:00,685.147593149994,232.235987988888,232.269320005554,21.43333331,-10.534666666666668,13.0,2,5.1764362714980825,70.66250196097344,15,5,12,-0.7071067811865471,-0.7071067811865479,-0.9749279121818236,-0.2225209339563146,-2.4492935982947064e-16,1.0,268.75,291.0625,332.0625,24.375,55.15,50.25,51.0,-19.925,1.0509204,0.0,-11.8,21.496296293333334,13.0,13.0,13.0,13.0,13.0,-31.96799997666667,0.0481481166666704,-0.0200000000000013,-10.514666666666669,-10.529333333333334,21.385802454444445,-10.535111111111108,2.4412332,2.4344347,2.427914,2.4221873,2.4501474,0,0.0,0,1.0,-0.46,9.5,90.5
2022-12-24 15:30:00,516.965987383326,231.997664188888,232.032107277776,21.496296293333334,-10.529333333333334,13.0,2,5.1764362714980825,70.66250196097344,15,5,12,-0.7071067811865471,-0.7071067811865479,-0.9749279121818236,-0.2225209339563146,-2.4492935982947064e-16,1.0,259.5,276.1875,325.1875,24.450000000000003,54.9,39.5,51.0,-19.95,1.0509204,0.0,-11.8,21.5,13.0,13.0,13.0,13.0,13.0,-32.02562962666667,0.0629629833333318,0.0053333333333345,-10.534666666666668,-10.658,21.43827159888889,-10.526222222222222,2.4501474,2.4412332,2.4344347,2.427914,2.4506729,0,0.0,0,1.0,-0.45,9.2,90.8
2022-12-24 15:45:00,509.495452916658,231.7273972,231.761007005554,21.5,-10.658,13.0,2,5.1764362714980825,70.66250196097344,15,5,12,-0.7071067811865471,-0.7071067811865479,-0.9749279121818236,-0.2225209339563146,-2.4492935982947064e-16,1.0,250.25,264.125,316.9583333333333,24.525,54.65,28.75,51.0,-19.975,1.0509204,0.0,-11.8,21.520370386666663,13.0,13.0,13.0,13.0,13.0,-32.158,0.0037037066666663,-0.1286666666666658,-10.529333333333334,-10.734666666666666,21.476543201111117,-10.573999999999998,2.4506729,2.4501474,2.4412332,2.4344347,2.453564,0,0.0,0,1.0,-0.45,9.2,90.8
2022-12-24 16:00:00,329.884581938886,230.81604473889,230.847710155556,21.520370386666663,-10.734666666666666,13.0,2,5.1764362714980825,70.66250196097344,16,5,12,-0.8660254037844385,-0.5000000000000004,-0.9749279121818236,-0.2225209339563146,-2.4492935982947064e-16,1.0,241.0,254.875,307.375,24.6,54.4,18.0,51.0,-20.0,1.0509204,0.0,-11.8,21.5555556,13.0,13.0,13.0,13.0,13.0,-32.25503705333333,0.0203703866666664,-0.0766666666666662,-10.658,-10.842666666666668,21.50555556,-10.640666666666664,2.453564,2.4506729,2.4501474,2.4412332,2.458564,0,0.0,0,1.0,-0.45,9.1,90.9
2022-12-24 16:15:00,272.646871572218,229.153889011112,229.185276688888,21.5555556,-10.842666666666668,13.0,2,5.1764362714980825,70.66250196097344,16,5,12,-0.8660254037844385,-0.5000000000000004,-0.9749279121818236,-0.2225209339563146,-2.4492935982947064e-16,1.0,210.5,240.3125,295.1666666666667,25.3,55.65,27.5,51.25,-19.875,1.0580889,0.0,-11.775,21.5555556,13.0,13.0,13.0,13.0,13.0,-32.39822226666667,0.0351852133333352,-0.1080000000000023,-10.734666666666666,-10.842,21.525308662222223,-10.745111111111108,2.458564,2.453564,2.4506729,2.4501474,2.458564,0,0.0,0,1.0,-0.44,9.0,91.0
2022-12-24 16:30:00,262.668937388884,231.557126227778,231.589902716666,21.5555556,-10.842,13.0,2,5.1764362714980825,70.66250196097344,16,5,12,-0.8660254037844385,-0.5000000000000004,-0.9749279121818236,-0.2225209339563146,-2.4492935982947064e-16,1.0,180.0,220.4375,280.3333333333333,26.0,56.9,37.0,51.5,-19.75,1.0652802,0.0,-11.75,21.5888889,13.0,13.0,13.0,13.0,13.0,-32.397555600000004,0.0,0.0006666666666674,-10.842666666666668,-10.913333333333332,21.54382719555556,-10.806444444444445,2.458564,2.458564,2.453564,2.4506729,2.4633083,0,0.0,0,1.0,-0.44,9.0,91.0
2022-12-24 16:45:00,260.605964327774,231.220750766668,231.253249516666,21.5888889,-10.913333333333332,13.0,2,5.1764362714980825,70.66250196097344,16,5,12,-0.8660254037844385,-0.5000000000000004,-0.9749279121818236,-0.2225209339563146,-2.4492935982947064e-16,1.0,149.5,195.25,262.875,26.7,58.15,46.5,51.75,-19.625,1.0724946,0.0,-11.725,21.53888891333333,13.0,13.0,13.0,13.0,13.0,-32.50222223333333,0.0333332999999953,-0.0713333333333317,-10.842,-11.016,21.566666700000003,-10.865999999999998,2.4633083,2.458564,2.458564,2.453564,2.4561944,0,0.0,0,1.0,-0.43,8.8,91.2
2022-12-24 17:00:00,195.876609238882,164.402034805554,164.426478311108,21.53888891333333,-11.016,13.0,2,5.1764362714980825,70.66250196097344,17,5,12,-0.9659258262890684,-0.2588190451025206,-0.9749279121818236,-0.2225209339563146,-2.4492935982947064e-16,1.0,119.0,164.75,242.79166666666663,27.4,59.4,56.0,52.0,-19.5,1.0797325,0.0,-11.7,21.09444444,13.0,13.0,13.0,13.0,13.0,-32.554888913333336,-0.0499999866666627,-0.1026666666666678,-10.913333333333332,-11.164,21.56111113777777,-10.923777777777778,2.4561944,2.4633083,2.458564,2.458564,2.3937323,0,0.0,0,1.0,-0.44,9.1,90.9
2022-12-24 17:15:00,127.46240138333,103.051433327778,103.070321505554,21.09444444,-11.164,13.0,2,5.1764362714980825,70.66250196097344,17,5,12,-0.9659258262890684,-0.2588190451025206,-0.9749279121818236,-0.2225209339563146,-2.4492935982947064e-16,1.0,91.75,135.0625,222.14583333333331,26.9,59.3,64.5,53.0,-19.375,1.0963078,0.0,-11.75,20.440740703333333,13.0,13.0,13.0,13.0,13.183333333333334,-32.25844444,-0.4444444733333341,-0.1479999999999997,-11.016,-11.263333333333332,21.40740741777778,-11.031111111111109,2.3937323,2.4561944,2.4633083,2.458564,2.3368585,0,0.0,0,1.0,-0.54,11.1,88.9
2022-12-24 17:30:00,211.456541466664,172.446990744444,172.47282306111,20.440740703333333,-11.263333333333332,13.183333333333334,2,5.1764362714980825,70.66250196097344,17,5,12,-0.9659258262890684,-0.2588190451025206,-0.9749279121818236,-0.2225209339563146,-2.4492935982947064e-16,1.0,64.5,106.1875,200.9375,26.4,59.2,73.0,54.0,-19.25,1.1127394,0.0,-11.8,20.4333333,13.0,13.0,13.0,13.0,13.45,-31.704074036666665,-0.6537037366666674,-0.0993333333333321,-11.164,-11.187333333333331,21.024691352222224,-11.147777777777774,2.3368585,2.3937323,2.4561944,2.4633083,2.3830972,0,0.0,0,1.0,-0.69,14.9,85.1
2022-12-24 17:45:00,276.331168527778,225.488202344444,225.518201211108,20.4333333,-11.187333333333331,13.45,2,5.1764362714980825,70.66250196097344,17,5,12,-0.9659258262890684,-0.2588190451025206,-0.9749279121818236,-0.2225209339563146,-2.4492935982947064e-16,1.0,37.24999999999999,78.125,179.16666666666666,25.9,59.1,81.5,55.0,-19.125,1.1290282,0.0,-11.85,20.712962966666662,13.183333333333334,13.0,13.0,13.0,13.033333333333331,-31.620666633333336,-0.0074074033333317,0.0759999999999987,-11.263333333333332,-11.197333333333336,20.65617281444445,-11.204888888888886,2.3830972,2.3368585,2.3937323,2.4561944,2.3472242,0,0.0,0,1.0,-0.69,14.9,85.1
2022-12-24 18:00:00,248.238681372214,223.54716883889,223.57827876111,20.712962966666662,-11.197333333333336,13.033333333333331,2,5.1764362714980825,70.66250196097344,18,5,12,-1.0,-1.8369701987210294e-16,-0.9749279121818236,-0.2225209339563146,-2.4492935982947064e-16,1.0,10.0,50.875,156.83333333333334,25.4,59.0,90.0,56.0,-19.0,1.1451747,0.0,-11.9,20.91666663,13.45,13.183333333333334,13.0,13.0,13.0,-31.9102963,0.2796296666666649,-0.0100000000000015,-11.187333333333331,-11.278666666666668,20.529012323333333,-11.215999999999996,2.3472242,2.3830972,2.3368585,2.3937323,2.3691354,0,0.0,0,1.0,-0.63,13.3,86.7
2022-12-24 18:15:00,253.27181338888,228.881122155556,228.913620888888,20.91666663,-11.278666666666668,13.0,2,5.1764362714980825,70.66250196097344,18,5,12,-1.0,-1.8369701987210294e-16,-0.9749279121818236,-0.2225209339563146,-2.4492935982947064e-16,1.0,7.5,29.8125,135.0625,25.65,58.3,92.5,56.25,-18.925,1.1502872,0.0,-11.9,21.03703703,13.033333333333331,13.45,13.183333333333334,13.0,13.0,-32.19533329666667,0.2037036633333357,-0.0813333333333332,-11.197333333333336,-11.364666666666666,20.68765429888889,-11.221111111111108,2.3691354,2.3472242,2.3830972,2.3368585,2.3857653,0,0.0,0,1.0,-0.58,12.1,87.9
2022-12-24 18:30:00,264.42220060555,230.723826227778,230.756324994442,21.03703703,-11.364666666666666,13.0,2,5.1764362714980825,70.66250196097344,18,5,12,-1.0,-1.8369701987210294e-16,-0.9749279121818236,-0.2225209339563146,-2.4492935982947064e-16,1.0,5.0,14.937499999999996,113.85416666666669,25.9,57.6,95.0,56.5,-18.85,1.1553994,0.0,-11.9,21.15555557,13.0,13.033333333333331,13.45,13.183333333333334,13.0,-32.401703696666665,0.1203703999999987,-0.0859999999999985,-11.278666666666668,-11.360666666666669,20.88888887555556,-11.28022222222222,2.3857653,2.3691354,2.3472242,2.3830972,2.4022388,0,0.0,0,1.0,-0.55,11.4,88.6
2022-12-24 18:45:00,261.034836172214,228.55891286111,228.591689399996,21.15555557,-11.360666666666669,13.0,2,5.1764362714980825,70.66250196097344,18,5,12,-1.0,-1.8369701987210294e-16,-0.9749279121818236,-0.2225209339563146,-2.4492935982947064e-16,1.0,2.5,6.25,93.20833333333331,26.15,56.900000000000006,97.5,56.75,-18.775,1.160512,0.0,-11.9,21.238888886666665,13.0,13.0,13.033333333333331,13.45,13.0,-32.516222236666664,0.1185185400000001,0.0039999999999995,-11.364666666666666,-11.35,21.036419743333337,-11.334666666666664,2.4022388,2.3857653,2.3691354,2.3472242,2.4138796,0,0.0,0,1.0,-0.53,10.8,89.2
2022-12-24 19:00:00,271.830793133328,231.721008588888,231.752951827774,21.238888886666665,-11.35,13.0,2,5.1764362714980825,70.66250196097344,19,5,12,-0.9659258262890684,0.2588190451025203,-0.9749279121818236,-0.2225209339563146,-2.4492935982947064e-16,1.0,0.0,3.75,73.125,26.4,56.2,100.0,57.0,-18.7,1.1656243,0.0,-11.9,21.2777778,13.0,13.0,13.0,13.033333333333331,13.0,-32.588888886666666,0.0833333166666641,0.0106666666666672,-11.360666666666669,-11.316666666666666,21.143827162222223,-11.358444444444444,2.4138796,2.4022388,2.3857653,2.3691354,2.4193296,0,0.0,0,1.0,-0.51,10.4,89.6
2022-12-24 19:15:00,264.843294811108,226.9784205,227.009252666664,21.2777778,-11.316666666666666,13.0,2,5.1764362714980825,70.66250196097344,19,5,12,-0.9659258262890684,0.2588190451025203,-0.9749279121818236,-0.2225209339563146,-2.4492935982947064e-16,1.0,0.0,1.875,55.583333333333336,26.375,56.375,100.0,58.0,-18.6,1.1747961,0.0,-12.025,21.2777778,13.0,13.0,13.0,13.0,12.816666666666666,-32.594444466666666,0.0388889133333343,0.0333333333333332,-11.35,-11.283333333333331,21.224074085555557,-11.342444444444444,2.4193296,2.4138796,2.4022388,2.3857653,2.3852108,0,0.0,0,1.0,-0.5,10.2,89.8
2022-12-24 19:30:00,260.452637261102,229.164999733332,229.196942955552,21.2777778,-11.283333333333331,12.816666666666666,2,5.1764362714980825,70.66250196097344,19,5,12,-0.9659258262890684,0.2588190451025203,-0.9749279121818236,-0.2225209339563146,-2.4492935982947064e-16,1.0,0.0,0.625,40.583333333333336,26.35,56.55,100.0,59.0,-18.5,1.183676,0.0,-12.15,21.32222221,13.0,13.0,13.0,13.0,12.5,-32.561111133333334,0.0,0.0333333333333332,-11.316666666666666,-11.224666666666668,21.264814828888888,-11.316666666666665,2.3852108,2.4193296,2.4138796,2.4022388,2.3322787,0,0.0,0,1.0,-0.5,10.2,89.8
2022-12-24 19:45:00,251.961865822212,227.598117944444,227.630338955552,21.32222221,-11.224666666666668,12.5,2,5.1764362714980825,70.66250196097344,19,5,12,-0.9659258262890684,0.2588190451025203,-0.9749279121818236,-0.2225209339563146,-2.4492935982947064e-16,1.0,0.0,0.0,28.125,26.325,56.725,100.0,60.0,-18.4,1.1922673,0.0,-12.275,21.38518519333333,12.816666666666666,13.0,13.0,13.0,12.5,-32.54688887666667,0.0444444100000005,0.0586666666666655,-11.283333333333331,-11.200666666666669,21.292592603333333,-11.274888888888889,2.3322787,2.3852108,2.4193296,2.4138796,2.3408027,0,0.0,0,1.0,-0.49,10.1,89.9
2022-12-24 20:00:00,251.726041822216,226.534827127778,226.566492544444,21.38518519333333,-11.200666666666669,12.5,2,5.1764362714980825,70.66250196097344,20,5,12,-0.8660254037844386,0.5000000000000001,-0.9749279121818236,-0.2225209339563146,-2.4492935982947064e-16,1.0,0.0,0.0,18.20833333333333,26.3,56.9,100.0,61.0,-18.3,1.2005749,0.0,-12.4,21.3888889,12.5,12.816666666666666,13.0,13.0,12.5,-32.58585186,0.0629629833333318,0.0240000000000009,-11.224666666666668,-11.165333333333333,21.32839506777778,-11.23622222222222,2.3408027,2.3322787,2.3852108,2.4193296,2.3413055,0,0.0,0,1.0,-0.48,9.8,90.2
2022-12-24 20:15:00,274.90539226111,226.751485127778,226.781483994442,21.3888889,-11.165333333333333,12.5,2,5.1764362714980825,70.66250196097344,20,5,12,-0.8660254037844386,0.5000000000000001,-0.9749279121818236,-0.2225209339563146,-2.4492935982947064e-16,1.0,0.0,0.0,10.562499999999998,26.3,56.725,97.75,61.0,-18.375,1.1982738,0.0,-12.425,21.3888889,12.5,12.5,12.816666666666666,13.0,12.5,-32.554222233333334,0.0037037066666698,0.0353333333333338,-11.200666666666669,-11.127333333333333,21.36543210111111,-11.196888888888887,2.3413055,2.3408027,2.3322787,2.3852108,2.3413055,0,0.0,0,1.0,-0.48,9.8,90.2
2022-12-24 20:30:00,266.925433738886,227.102859988888,227.135636527774,21.3888889,-11.127333333333333,12.5,2,5.1764362714980825,70.66250196097344,20,5,12,-0.8660254037844386,0.5000000000000001,-0.9749279121818236,-0.2225209339563146,-2.4492935982947064e-16,1.0,0.0,0.0,5.187499999999999,26.3,56.55,95.5,61.0,-18.450000000000003,1.195977,0.0,-12.45,21.39444445,12.5,12.5,12.5,12.816666666666666,12.5,-32.51622223333334,0.0,0.0380000000000002,-11.165333333333333,-10.992,21.38765433111111,-11.164444444444442,2.3413055,2.3413055,2.3408027,2.3322787,2.342059,0,0.0,0,1.0,-0.48,9.8,90.2
2022-12-24 20:45:00,251.566048255548,225.7593026,225.791245838886,21.39444445,-10.992,12.5,2,5.1764362714980825,70.66250196097344,20,5,12,-0.8660254037844386,0.5000000000000001,-0.9749279121818236,-0.2225209339563146,-2.4492935982947064e-16,1.0,0.0,0.0,2.083333333333333,26.3,56.375,93.25,61.0,-18.525,1.1936836,0.0,-12.475,21.4407407,12.5,12.5,12.5,12.5,12.5,-32.38644445,0.0055555499999968,0.1353333333333335,-11.127333333333333,-10.936666666666666,21.390740750000003,-11.094888888888889,2.342059,2.3413055,2.3413055,2.3408027,2.3483467,0,0.0,0,1.0,-0.48,9.7,90.3
2022-12-24 21:00:00,258.850201227774,224.803507483334,224.834339616666,21.4407407,-10.936666666666666,12.5,2,5.1764362714980825,70.66250196097344,21,5,12,-0.7071067811865477,0.7071067811865474,-0.9749279121818236,-0.2225209339563146,-2.4492935982947064e-16,1.0,0.0,0.0,1.25,26.3,56.2,91.0,61.0,-18.6,1.1913943,0.0,-12.5,21.36666666,12.5,12.5,12.5,12.5,12.5,-32.37740736666667,0.046296250000001,0.0553333333333334,-10.992,-10.916666666666666,21.40802468333333,-11.018666666666665,2.3483467,2.342059,2.3413055,2.3413055,2.3382933,0,0.0,0,1.0,-0.47,9.5,90.5
2022-12-24 21:15:00,167.958281616658,141.075190116666,141.098522599996,21.36666666,-10.916666666666666,12.5,2,5.1764362714980825,70.66250196097344,21,5,12,-0.7071067811865477,0.7071067811865474,-0.9749279121818236,-0.2225209339563146,-2.4492935982947064e-16,1.0,0.0,0.0,0.625,26.425,56.375,91.25,61.0,-18.525,1.1936836,0.0,-12.475,20.822222206666662,12.5,12.5,12.5,12.5,12.683333333333334,-32.283333326666664,-0.0740740399999992,0.0199999999999995,-10.936666666666666,-10.881333333333334,21.40061727,-10.94844444444444,2.3382933,2.3483467,2.342059,2.3413055,2.2987633,0,0.0,0,1.0,-0.48,9.9,90.1
2022-12-24 21:30:00,157.50536628333,129.703145016666,129.72453306111,20.822222206666662,-10.881333333333334,12.683333333333334,2,5.1764362714980825,70.66250196097344,21,5,12,-0.7071067811865477,0.7071067811865474,-0.9749279121818236,-0.2225209339563146,-2.4492935982947064e-16,1.0,0.0,0.0,0.2083333333333333,26.55,56.55,91.5,61.0,-18.450000000000003,1.195977,0.0,-12.45,20.38888886,12.5,12.5,12.5,12.5,13.0,-31.70355554,-0.5444444533333339,0.0353333333333321,-10.916666666666666,-10.842,21.20987652222222,-10.911555555555552,2.2987633,2.3382933,2.3483467,2.342059,2.2973974,0,0.0,0,1.0,-0.6,12.7,87.3
2022-12-24 21:45:00,294.632936511108,248.658386583334,248.691718616666,20.38888886,-10.842,13.0,2,5.1764362714980825,70.66250196097344,21,5,12,-0.7071067811865477,0.7071067811865474,-0.9749279121818236,-0.2225209339563146,-2.4492935982947064e-16,1.0,0.0,0.0,0.0,26.675,56.725,91.75,61.0,-18.375,1.1982738,0.0,-12.425,20.64259260333333,12.683333333333334,12.5,12.5,12.5,13.0,-31.23088886,-0.4333333466666644,0.0393333333333334,-10.881333333333334,-10.795333333333334,20.859259242222222,-10.879999999999995,2.2973974,2.2987633,2.3382933,2.3483467,2.331644,0,0.0,0,1.0,-0.7,15.3,84.7
2022-12-24 22:00:00,313.021367577776,272.567985727778,272.604095433332,20.64259260333333,-10.795333333333334,13.0,2,5.1764362714980825,70.66250196097344,22,5,12,-0.5000000000000004,0.8660254037844384,-0.9749279121818236,-0.2225209339563146,-2.4492935982947064e-16,1.0,0.0,0.0,0.0,26.8,56.9,92.0,61.0,-18.3,1.2005749,0.0,-12.4,20.94999999,13.0,12.683333333333334,12.5,12.5,13.0,-31.437925936666662,0.2537037433333324,0.0466666666666668,-10.842,-10.69,20.61790122333333,-10.839555555555554,2.331644,2.2973974,2.2987633,2.3382933,2.3737307,0,0.0,0,1.0,-0.64,13.7,86.3
2022-12-24 22:15:00,234.454232638886,210.033265,210.062430549998,20.94999999,-10.69,13.0,2,5.1764362714980825,70.66250196097344,22,5,12,-0.5000000000000004,0.8660254037844384,-0.9749279121818236,-0.2225209339563146,-2.4492935982947064e-16,1.0,0.0,0.0,0.0,26.85,57.175,91.75,61.0,-18.325,1.2005749,0.0,-12.4,20.979629613333334,13.0,13.0,12.683333333333334,12.5,13.0,-31.63999999,0.3074073866666644,0.1053333333333341,-10.795333333333334,-10.689333333333334,20.66049381777778,-10.775777777777776,2.3737307,2.331644,2.2973974,2.2987633,2.377822,0,0.0,0,1.0,-0.57,11.9,88.1
2022-12-24 22:30:00,230.911596616662,205.493724372222,205.524556538886,20.979629613333334,-10.689333333333334,13.0,2,5.1764362714980825,70.66250196097344,22,5,12,-0.5000000000000004,0.8660254037844384,-0.9749279121818236,-0.2225209339563146,-2.4492935982947064e-16,1.0,0.0,0.0,0.0,26.9,57.45,91.5,61.0,-18.35,1.2005749,0.0,-12.4,20.9444444,13.0,13.0,13.0,12.683333333333334,13.0,-31.668962946666667,0.029629623333335,0.0006666666666657,-10.69,-10.586666666666668,20.857407402222226,-10.724888888888886,2.377822,2.3737307,2.331644,2.2973974,2.372964,0,0.0,0,1.0,-0.57,11.7,88.3
2022-12-24 22:45:00,236.928578127774,201.206118116666,201.23528368333,20.9444444,-10.586666666666668,13.0,2,5.1764362714980825,70.66250196097344,22,5,12,-0.5000000000000004,0.8660254037844384,-0.9749279121818236,-0.2225209339563146,-2.4492935982947064e-16,1.0,0.0,0.0,0.0,26.95,57.725,91.25,61.0,-18.375,1.2005749,0.0,-12.4,20.96481478666667,13.0,13.0,13.0,13.0,13.0,-31.531111066666668,-0.0351852133333352,0.102666666666666,-10.689333333333334,-10.524,20.958024667777774,-10.655333333333331,2.372964,2.377822,2.3737307,2.331644,2.3757753,0,0.0,0,1.0,-0.58,11.9,88.1
2022-12-24 23:00:00,245.039087011108,210.205480327778,210.234923666664,20.96481478666667,-10.524,13.0,2,5.1764362714980825,70.66250196097344,23,5,12,-0.2588190451025215,0.965925826289068,-0.9749279121818236,-0.2225209339563146,-2.4492935982947064e-16,1.0,0.0,0.0,0.0,27.0,58.0,91.0,61.0,-18.4,1.2005749,0.0,-12.4,21.0,13.0,13.0,13.0,13.0,13.0,-31.48881478666667,0.02037038666667,0.0626666666666668,-10.586666666666668,-10.57,20.962962933333333,-10.6,2.3757753,2.372964,2.377822,2.3737307,2.380638,0,0.0,0,1.0,-0.57,11.8,88.2
2022-12-24 23:15:00,248.525336288892,208.459716827778,208.4883268,21.0,-10.57,13.0,2,5.1764362714980825,70.66250196097344,23,5,12,-0.2588190451025215,0.965925826289068,-0.9749279121818236,-0.2225209339563146,-2.4492935982947064e-16,1.0,0.0,0.0,0.0,26.825,57.9,90.0,61.0,-18.4,1.1982738,0.0,-12.425,21.020370386666663,13.0,13.0,13.0,13.0,13.0,-31.57,0.0351852133333316,-0.0459999999999993,-10.524,-10.542666666666667,20.969753062222225,-10.56022222222222,2.380638,2.3757753,2.372964,2.377822,2.3834567,0,0.0,0,1.0,-0.56,11.6,88.4
2022-12-24 23:30:00,246.161264288888,209.39190173889,209.420511744444,21.020370386666663,-10.542666666666667,13.0,2,5.1764362714980825,70.66250196097344,23,5,12,-0.2588190451025215,0.965925826289068,-0.9749279121818236,-0.2225209339563146,-2.4492935982947064e-16,1.0,0.0,0.0,0.0,26.65,57.8,89.0,61.0,-18.4,1.195977,0.0,-12.45,21.0555556,13.0,13.0,13.0,13.0,12.95,-31.56303705333333,0.0203703866666664,0.0273333333333329,-10.57,-10.606,20.995061724444447,-10.545555555555554,2.3834567,2.380638,2.3757753,2.372964,2.3791475,0,0.0,0,1.0,-0.56,11.5,88.5
2022-12-24 23:45:00,235.796401149998,208.524992,208.554435338886,21.0555556,-10.606,12.95,2,5.1764362714980825,70.66250196097344,23,5,12,-0.2588190451025215,0.965925826289068,-0.9749279121818236,-0.2225209339563146,-2.4492935982947064e-16,1.0,0.0,0.0,0.0,26.475,57.7,88.0,61.0,-18.4,1.1936836,0.0,-12.475,21.0555556,13.0,13.0,13.0,13.0,12.533333333333331,-31.6615556,0.0351852133333352,-0.0633333333333325,-10.542666666666667,-10.663333333333332,21.025308662222223,-10.572888888888889,2.3791475,2.3834567,2.380638,2.3757753,2.3025985,0,0.0,0,1.0,-0.55,11.3,88.7
2022-12-25 00:00:00,235.177259299996,210.815733683334,210.84684362222,21.0555556,-10.663333333333332,12.533333333333331,2,5.1764362714980825,70.66250196097344,0,6,12,0.0,1.0,-0.7818314824680299,0.6234898018587334,-2.4492935982947064e-16,1.0,0.0,0.0,0.0,26.3,57.6,87.0,61.0,-18.4,1.1913943,0.0,-12.5,21.06111115,12.95,13.0,13.0,13.0,12.5,-31.71888893333333,0.0,-0.0573333333333323,-10.606,-10.57,21.04382719555556,-10.603999999999996,2.3025985,2.3791475,2.3834567,2.380638,2.2972152,0,0.0,0,1.0,-0.55,11.4,88.6
2022-12-25 00:15:00,237.109959822216,205.515945716666,205.545666811108,21.06111115,-10.57,12.5,2,5.1764362714980825,70.66250196097344,0,6,12,0.0,1.0,-0.7818314824680299,0.6234898018587334,-2.4492935982947064e-16,1.0,0.0,0.0,0.0,26.075,57.25,88.0,61.25,-18.35,1.1985756,0.0,-12.475,21.08703705,12.533333333333331,12.95,13.0,13.0,12.5,-31.63111115,0.0055555499999968,0.0933333333333319,-10.663333333333332,-10.535333333333334,21.057407450000003,-10.613111111111108,2.2972152,2.3025985,2.3791475,2.3834567,2.3006759,0,0.0,0,1.0,-0.55,11.4,88.6
2022-12-25 00:30:00,255.752825127774,208.421385044444,208.451383894442,21.08703705,-10.535333333333334,12.5,2,5.1764362714980825,70.66250196097344,0,6,12,0.0,1.0,-0.7818314824680299,0.6234898018587334,-2.4492935982947064e-16,1.0,0.0,0.0,0.0,25.85,56.900000000000006,89.0,61.5,-18.3,1.20578,0.0,-12.45,21.0555556,12.5,12.533333333333331,12.95,13.0,12.85,-31.622370383333333,0.0259259000000007,0.0346666666666664,-10.57,-10.658,21.067901266666667,-10.589555555555554,2.3006759,2.2972152,2.3025985,2.3791475,2.3607755,0,0.0,0,1.0,-0.55,11.2,88.8
2022-12-25 00:45:00,242.804454249994,207.398370416666,207.428647055552,21.0555556,-10.658,12.85,2,5.1764362714980825,70.66250196097344,0,6,12,0.0,1.0,-0.7818314824680299,0.6234898018587334,-2.4492935982947064e-16,1.0,0.0,0.0,0.0,25.625,56.55,90.0,61.75,-18.25,1.2130066,0.0,-12.425,21.0555556,12.5,12.5,12.533333333333331,12.95,12.816666666666666,-31.7135556,-0.0314814499999975,-0.1226666666666655,-10.535333333333334,-10.65,21.067901266666667,-10.587777777777776,2.3607755,2.3006759,2.2972152,2.3025985,2.3546515,0,0.0,0,1.0,-0.55,11.4,88.6
2022-12-25 01:00:00,236.390544149994,211.366822755556,211.397099377776,21.0555556,-10.65,12.816666666666666,2,5.1764362714980825,70.66250196097344,1,6,12,0.2588190451025207,0.9659258262890684,-0.7818314824680299,0.6234898018587334,-2.4492935982947064e-16,1.0,0.0,0.0,0.0,25.4,56.2,91.0,62.0,-18.2,1.2202564,0.0,-12.4,21.0555556,12.85,12.5,12.5,12.533333333333331,12.85,-31.705555600000004,0.0,0.0079999999999991,-10.658,-10.583333333333334,21.06604941666667,-10.614444444444445,2.3546515,2.3607755,2.3006759,2.2972152,2.3607755,0,0.0,0,1.0,-0.55,11.4,88.6
2022-12-25 01:15:00,236.728863899996,200.651695844444,200.680028094442,21.0555556,-10.583333333333334,12.85,2,5.1764362714980825,70.66250196097344,1,6,12,0.2588190451025207,0.9659258262890684,-0.7818314824680299,0.6234898018587334,-2.4492935982947064e-16,1.0,0.0,0.0,0.0,24.925,55.475,87.0,62.25,-18.125,1.2275289,0.0,-12.375,20.95370374,12.816666666666666,12.85,12.5,12.5,13.0,-31.63888893333333,0.0,0.0666666666666664,-10.65,-10.554666666666666,21.0555556,-10.630444444444445,2.3607755,2.3546515,2.3607755,2.3006759,2.3742414,0,0.0,0,1.0,-0.55,11.4,88.6
2022-12-25 01:30:00,141.920156483326,117.515576955556,117.53668726111,20.95370374,-10.554666666666666,13.0,2,5.1764362714980825,70.66250196097344,1,6,12,0.2588190451025207,0.9659258262890684,-0.7818314824680299,0.6234898018587334,-2.4492935982947064e-16,1.0,0.0,0.0,0.0,24.45,54.75,83.0,62.5,-18.05,1.2348244,0.0,-12.35,20.36666666,12.85,12.816666666666666,12.85,12.5,13.0,-31.508370406666664,-0.1018518600000035,0.0286666666666679,-10.583333333333334,-10.504,21.021604980000003,-10.595999999999998,2.3742414,2.3607755,2.3546515,2.3607755,2.2944186,0,0.0,0,1.0,-0.57,11.9,88.1
2022-12-25 01:45:00,192.031485083334,158.3444993,158.368387244444,20.36666666,-10.504,13.0,2,5.1764362714980825,70.66250196097344,1,6,12,0.2588190451025207,0.9659258262890684,-0.7818314824680299,0.6234898018587334,-2.4492935982947064e-16,1.0,0.0,0.0,0.0,23.975,54.025,79.0,62.75,-17.974999999999998,1.2421428,0.0,-12.325,20.11666667333333,13.0,12.85,12.816666666666666,12.85,13.0,-30.87066666,-0.5870370799999982,0.0506666666666664,-10.554666666666666,-10.512,20.791975333333337,-10.547333333333327,2.2944186,2.3742414,2.3607755,2.3546515,2.261137,0,0.0,0,1.0,-0.71,15.5,84.5
2022-12-25 02:00:00,314.06799236111,264.878848822224,264.914403,20.11666667333333,-10.512,13.0,2,5.1764362714980825,70.66250196097344,2,6,12,0.4999999999999999,0.8660254037844387,-0.7818314824680299,0.6234898018587334,-2.4492935982947064e-16,1.0,0.0,0.0,0.0,23.5,53.3,75.0,63.0,-17.9,1.2494841,0.0,-12.3,20.53333333,13.0,13.0,12.85,12.816666666666666,13.0,-30.62866667333333,-0.2499999866666655,-0.0080000000000008,-10.504,-10.454,20.479012357777776,-10.523555555555554,2.261137,2.2944186,2.3742414,2.3607755,2.3168418,0,0.0,0,1.0,-0.76,17.2,82.8
2022-12-25 02:15:00,322.16266847778,291.327513083334,291.365011583334,20.53333333,-10.454,13.0,2,5.1764362714980825,70.66250196097344,2,6,12,0.4999999999999999,0.8660254037844387,-0.7818314824680299,0.6234898018587334,-2.4492935982947064e-16,1.0,0.0,0.0,0.0,23.075,52.3,77.25,63.5,-17.75,1.2666599,0.0,-12.225,20.85925922333333,13.0,13.0,13.0,12.85,13.0,-30.98733333,0.416666656666667,0.0579999999999998,-10.512,-10.31,20.33888888777778,-10.489999999999997,2.3168418,2.261137,2.2944186,2.3742414,2.3612394,0,0.0,0,1.0,-0.67,14.4,85.6
2022-12-25 02:30:00,264.343314894438,239.9520682,239.98567802222,20.85925922333333,-10.31,13.0,2,5.1764362714980825,70.66250196097344,2,6,12,0.4999999999999999,0.8660254037844387,-0.7818314824680299,0.6234898018587334,-2.4492935982947064e-16,1.0,0.0,0.0,0.0,22.65,51.3,79.5,64.0,-17.6,1.2839874,0.0,-12.15,20.98888888,13.0,13.0,13.0,13.0,12.7,-31.16925922333333,0.3259258933333306,0.1440000000000001,-10.454,-10.135333333333334,20.50308640888889,-10.425333333333333,2.3612394,2.3168418,2.261137,2.2944186,2.3241994,0,0.0,0,1.0,-0.59,12.4,87.6
2022-12-25 02:45:00,260.605964411104,231.153531288888,231.186030055552,20.98888888,-10.135333333333334,12.7,2,5.1764362714980825,70.66250196097344,2,6,12,0.4999999999999999,0.8660254037844387,-0.7818314824680299,0.6234898018587334,-2.4492935982947064e-16,1.0,0.0,0.0,0.0,22.225,50.3,81.75,64.5,-17.45,1.3014675,0.0,-12.075,21.07222224333333,13.0,13.0,13.0,13.0,12.966666666666669,-31.124222213333333,0.1296296566666654,0.1746666666666669,-10.31,-9.913333333333332,20.79382714444445,-10.299777777777775,2.3241994,2.3612394,2.3168418,2.261137,2.3845153,0,0.0,0,1.0,-0.57,11.7,88.3
2022-12-25 03:00:00,267.74151224444,235.734736883334,235.76779116111,21.07222224333333,-9.913333333333332,12.966666666666669,2,5.1764362714980825,70.66250196097344,3,6,12,0.7071067811865476,0.7071067811865476,-0.7818314824680299,0.6234898018587334,-2.4492935982947064e-16,1.0,0.0,0.0,0.0,21.8,49.3,84.0,65.0,-17.3,1.319101,0.0,-12.0,21.15000002,12.7,13.0,13.0,13.0,13.0,-30.985555576666663,0.0833333633333346,0.2220000000000013,-10.135333333333334,-9.766,20.973456782222215,-10.119555555555554,2.3845153,2.3241994,2.3612394,2.3168418,2.401464,0,0.0,0,1.0,-0.55,11.3,88.7
2022-12-25 03:15:00,273.021578650002,232.4373688,232.47097862222,21.15000002,-9.766,13.0,2,5.1764362714980825,70.66250196097344,3,6,12,0.7071067811865476,0.7071067811865476,-0.7818314824680299,0.6234898018587334,-2.4492935982947064e-16,1.0,0.0,0.0,0.0,22.225,49.125,76.25,65.0,-17.15,1.336855,0.0,-11.825,21.18703705,12.966666666666669,12.7,13.0,13.0,13.0,-30.91600002,0.077777776666668,0.1473333333333322,-9.913333333333332,-9.582666666666666,21.070370381111115,-9.93822222222222,2.401464,2.3845153,2.3241994,2.3612394,2.4066303,0,0.0,0,1.0,-0.53,10.9,89.1
2022-12-25 03:30:00,269.604770894446,232.937904311112,232.970958605554,21.18703705,-9.582666666666666,13.0,2,5.1764362714980825,70.66250196097344,3,6,12,0.7071067811865476,0.7071067811865476,-0.7818314824680299,0.6234898018587334,-2.4492935982947064e-16,1.0,0.0,0.0,0.0,22.65,48.95,68.5,65.0,-17.0,1.3548198,0.0,-11.65,21.26666667,13.0,12.966666666666669,12.7,13.0,13.0,-30.76970371666667,0.0370370300000004,0.1833333333333335,-9.766,-9.488,21.13641977111111,-9.753999999999996,2.4066303,2.401464,2.3845153,2.3241994,2.4177709,0,0.0,0,1.0,-0.52,10.7,89.3
2022-12-25 03:45:00,275.220657499996,238.469905272222,238.503515127774,21.26666667,-9.488,13.0,2,5.1764362714980825,70.66250196097344,3,6,12,0.7071067811865476,0.7071067811865476,-0.7818314824680299,0.6234898018587334,-2.4492935982947064e-16,1.0,0.0,0.0,0.0,23.075,48.775,60.75,65.0,-16.85,1.3729975,0.0,-11.475,21.349999986666667,13.0,13.0,12.966666666666669,12.7,13.0,-30.75466667,0.0796296199999986,0.0946666666666669,-9.582666666666666,-9.358,21.20123458,-9.61222222222222,2.4177709,2.4066303,2.401464,2.3845153,2.429478,0,0.0,0,1.0,-0.5,10.3,89.7
2022-12-25 04:00:00,263.531680844432,239.139322977776,239.172377238886,21.349999986666667,-9.358,13.0,2,5.1764362714980825,70.66250196097344,4,6,12,0.8660254037844386,0.5000000000000001,-0.7818314824680299,0.6234898018587334,-2.4492935982947064e-16,1.0,0.0,0.0,0.0,23.5,48.6,53.0,65.0,-16.7,1.3913904,0.0,-11.3,21.39444445,13.0,13.0,13.0,12.966666666666669,13.0,-30.707999986666668,0.0833333166666676,0.129999999999999,-9.488,-9.186666666666666,21.26790123555556,-9.47622222222222,2.429478,2.4177709,2.4066303,2.401464,2.435741,0,0.0,0,1.0,-0.48,9.9,90.1
2022-12-25 04:15:00,544.656268494442,239.704022555556,239.7379101,21.39444445,-9.186666666666666,13.0,2,5.1764362714980825,70.66250196097344,4,6,12,0.8660254037844386,0.5000000000000001,-0.7818314824680299,0.6234898018587334,-2.4492935982947064e-16,1.0,0.0,0.0,0.0,24.1,49.85,51.75,65.0,-16.65,1.3940359,0.0,-11.275,21.4407407,13.0,13.0,13.0,13.0,13.0,-30.581111116666666,0.0444444633333311,0.1713333333333349,-9.358,-9.032000000000002,21.33703703555556,-9.34422222222222,2.435741,2.429478,2.4177709,2.4066303,2.4422805,0,0.0,0,1.0,-0.47,9.7,90.3
2022-12-25 04:30:00,281.225972661114,240.1095619,240.141505088888,21.4407407,-9.032000000000002,13.0,2,5.1764362714980825,70.66250196097344,4,6,12,0.8660254037844386,0.5000000000000001,-0.7818314824680299,0.6234898018587334,-2.4492935982947064e-16,1.0,0.0,0.0,0.0,24.7,51.1,50.5,65.0,-16.6,1.3966855,0.0,-11.25,21.44999996,13.0,13.0,13.0,13.0,13.0,-30.472740700000003,0.046296250000001,0.1546666666666638,-9.186666666666666,-9.0,21.39506171222222,-9.19222222222222,2.4422805,2.435741,2.429478,2.4177709,2.4435904,0,0.0,0,1.0,-0.46,9.5,90.5
2022-12-25 04:45:00,284.378346627778,240.782590527778,240.814533749998,21.44999996,-9.0,13.0,2,5.1764362714980825,70.66250196097344,4,6,12,0.8660254037844386,0.5000000000000001,-0.7818314824680299,0.6234898018587334,-2.4492935982947064e-16,1.0,0.0,0.0,0.0,25.3,52.35,49.25,65.0,-16.55,1.3993396,0.0,-11.225,21.496296293333334,13.0,13.0,13.0,13.0,13.0,-30.44999996,0.0092592600000003,0.0320000000000018,-9.032000000000002,-8.972,21.428395036666668,-9.072888888888889,2.4435904,2.4422805,2.435741,2.429478,2.4501474,0,0.0,0,1.0,-0.46,9.4,90.6
2022-12-25 05:00:00,270.623341349998,240.785090427778,240.818422444444,21.496296293333334,-8.972,13.0,2,5.1764362714980825,70.66250196097344,5,6,12,0.9659258262890684,0.2588190451025207,-0.7818314824680299,0.6234898018587334,-2.4492935982947064e-16,1.0,0.0,0.0,0.0,25.9,53.6,48.0,65.0,-16.5,1.4019984,0.0,-11.2,21.53888892,13.0,13.0,13.0,13.0,13.0,-30.46829629333333,0.0462963333333341,0.0280000000000004,-9.0,-8.984,21.46234565111111,-9.001333333333333,2.4501474,2.4435904,2.4422805,2.435741,2.4561944,0,0.0,0,1.0,-0.45,9.2,90.8
2022-12-25 05:15:00,270.16697063889,241.032302772222,241.06591256111,21.53888892,-8.984,13.0,2,5.1764362714980825,70.66250196097344,5,6,12,0.9659258262890684,0.2588190451025207,-0.7818314824680299,0.6234898018587334,-2.4492935982947064e-16,1.0,0.0,0.0,0.0,25.95,54.25,60.5,65.0,-16.475,1.4073288,0.0,-11.15,21.57592595,13.0,13.0,13.0,13.0,13.0,-30.52288892,0.0425926266666643,-0.0120000000000004,-8.972,-8.927999999999999,21.495061724444444,-8.985333333333331,2.4561944,2.4501474,2.4435904,2.4422805,2.461462,0,0.0,0,1.0,-0.44,9.1,90.9
2022-12-25 05:30:00,269.123957077768,237.118848233332,237.153291355552,21.57592595,-8.927999999999999,13.0,2,5.1764362714980825,70.66250196097344,5,6,12,0.9659258262890684,0.2588190451025207,-0.7818314824680299,0.6234898018587334,-2.4492935982947064e-16,1.0,0.0,0.0,0.0,26.0,54.900000000000006,73.0,65.0,-16.45,1.4126772,0.0,-11.1,21.45555553,13.0,13.0,13.0,13.0,13.0,-30.503925950000003,0.037037030000004,0.0560000000000009,-8.984,-8.842,21.537037054444443,-8.96133333333333,2.461462,2.4561944,2.4501474,2.4435904,2.4443758,0,0.0,0,1.0,-0.43,8.9,91.1
2022-12-25 05:45:00,177.147636094442,152.751111927778,152.775555416666,21.45555553,-8.842,13.0,2,5.1764362714980825,70.66250196097344,5,6,12,0.9659258262890684,0.2588190451025207,-0.7818314824680299,0.6234898018587334,-2.4492935982947064e-16,1.0,0.0,0.0,0.0,26.05,55.55,85.5,65.0,-16.424999999999997,1.4180435,0.0,-11.05,21.10185187,13.0,13.0,13.0,13.0,13.0,-30.297555530000004,-0.1203704200000004,0.0859999999999985,-8.927999999999999,-8.76,21.5234568,-8.917999999999997,2.4443758,2.461462,2.4561944,2.4501474,2.3947618,0,0.0,0,1.0,-0.46,9.4,90.6
2022-12-25 06:00:00,265.004954861114,225.557088455556,225.587642849998,21.10185187,-8.76,13.0,2,5.1764362714980825,70.66250196097344,6,6,12,1.0,6.123233995736766e-17,-0.7818314824680299,0.6234898018587334,-2.4492935982947064e-16,1.0,0.0,0.0,0.0,26.1,56.2,98.0,65.0,-16.4,1.423428,0.0,-11.0,21.16666668,13.0,13.0,13.0,13.0,13.0,-29.86185187,-0.3537036600000007,0.0820000000000007,-8.842,-8.706666666666667,21.37777778333334,-8.843333333333332,2.3947618,2.4443758,2.461462,2.4561944,2.403788,0,0.0,0,1.0,-0.54,11.1,88.9
2022-12-25 06:15:00,332.21921061667,281.5629037,281.600124444444,21.16666668,-8.706666666666667,13.0,2,5.1764362714980825,70.66250196097344,6,6,12,1.0,6.123233995736766e-17,-0.7818314824680299,0.6234898018587334,-2.4492935982947064e-16,1.0,0.0,0.0,0.0,25.825000000000003,56.0,96.25,64.75,-16.25,1.4341527,0.0,-10.85,21.36296293,13.0,13.0,13.0,13.0,13.0,-29.873333346666666,0.0648148099999978,0.0533333333333327,-8.76,-8.697333333333335,21.24135802666667,-8.769555555555554,2.403788,2.3947618,2.4443758,2.461462,2.4313025,0,0.0,0,1.0,-0.53,10.8,89.2
2022-12-25 06:30:00,286.04050242222,261.681754527778,261.717864233332,21.36296293,-8.697333333333335,13.0,2,5.1764362714980825,70.66250196097344,6,6,12,1.0,6.123233995736766e-17,-0.7818314824680299,0.6234898018587334,-2.4492935982947064e-16,1.0,0.0,0.0,0.0,25.55,55.8,94.5,64.5,-16.1,1.4449148,0.0,-10.7,21.48888888,13.0,13.0,13.0,13.0,13.0,-30.06029626333333,0.1962962499999996,0.0093333333333323,-8.706666666666667,-8.669333333333332,21.210493826666667,-8.721333333333332,2.4313025,2.403788,2.3947618,2.4443758,2.4490976,0,0.0,0,1.0,-0.48,9.8,90.2
2022-12-25 06:45:00,265.011066116654,240.661762011112,240.695649588888,21.48888888,-8.669333333333332,13.0,2,5.1764362714980825,70.66250196097344,6,6,12,1.0,6.123233995736766e-17,-0.7818314824680299,0.6234898018587334,-2.4492935982947064e-16,1.0,0.0,0.0,0.0,25.275,55.6,92.75,64.25,-15.95,1.4557137,0.0,-10.55,21.551851893333332,13.0,13.0,13.0,13.0,13.0,-30.15822221333333,0.1259259499999991,0.0280000000000022,-8.697333333333335,-8.516,21.33950616333333,-8.69111111111111,2.4490976,2.4313025,2.403788,2.3947618,2.4580367,0,0.0,0,1.0,-0.45,9.3,90.7
2022-12-25 07:00:00,272.205778133328,239.423200488888,239.454865905554,21.551851893333332,-8.516,13.0,2,5.1764362714980825,70.66250196097344,7,6,12,0.9659258262890684,-0.2588190451025206,-0.7818314824680299,0.6234898018587334,-2.4492935982947064e-16,1.0,0.0,0.0,0.0,25.0,55.4,91.0,64.0,-15.8,1.4665496,0.0,-10.4,21.59444445,13.0,13.0,13.0,13.0,13.0,-30.067851893333334,0.0629630133333378,0.1533333333333324,-8.669333333333332,-8.398666666666667,21.467901234444444,-8.627555555555553,2.4580367,2.4490976,2.4313025,2.403788,2.4641,0,0.0,0,1.0,-0.44,9.0,91.0
2022-12-25 07:15:00,277.279463944444,242.881395472222,242.9144497,21.59444445,-8.398666666666667,13.0,2,5.1764362714980825,70.66250196097344,7,6,12,0.9659258262890684,-0.2588190451025206,-0.7818314824680299,0.6234898018587334,-2.4492935982947064e-16,1.0,0.0,0.0,0.0,25.1,54.875,87.5,64.75,-15.55,1.5034226,0.0,-10.225,21.6111111,13.0,13.0,13.0,13.0,13.0,-29.993111116666668,0.0425925566666656,0.1173333333333328,-8.516,-8.358,21.545061741111112,-8.527999999999997,2.4641,2.4580367,2.4490976,2.4313025,2.4664762,0,0.0,0,1.0,-0.43,8.8,91.2
2022-12-25 07:30:00,280.394339561102,240.22177966111,240.256778311108,21.6111111,-8.358,13.0,2,5.1764362714980825,70.66250196097344,7,6,12,0.9659258262890684,-0.2588190451025206,-0.7818314824680299,0.6234898018587334,-2.4492935982947064e-16,1.0,0.0,0.0,0.0,25.2,54.35,84.0,65.5,-15.3,1.5409847,0.0,-10.05,21.65000002,13.0,13.0,13.0,13.0,13.0,-29.9691111,0.0166666499999976,0.0406666666666666,-8.398666666666667,-8.263333333333334,21.585802481111116,-8.424222222222221,2.4664762,2.4641,2.4580367,2.4490976,2.4720278,0,0.0,0,1.0,-0.42,8.8,91.2
2022-12-25 07:45:00,279.059948338886,243.529147294446,243.563034822224,21.65000002,-8.263333333333334,13.0,2,5.1764362714980825,70.66250196097344,7,6,12,0.9659258262890684,-0.2588190451025206,-0.7818314824680299,0.6234898018587334,-2.4492935982947064e-16,1.0,0.0,0.0,0.0,25.3,53.825,80.5,66.25,-15.05,1.579247,0.0,-9.875,21.68703705,13.0,13.0,13.0,13.0,13.0,-29.913333353333336,0.0388889200000015,0.0946666666666669,-8.358,-8.26,21.618518523333336,-8.339999999999998,2.4720278,2.4664762,2.4641,2.4580367,2.4773257,0,0.0,0,1.0,-0.42,8.6,91.4
2022-12-25 08:00:00,273.578500872222,241.398399211112,241.432286772222,21.68703705,-8.26,13.0,2,5.1764362714980825,70.66250196097344,8,6,12,0.8660254037844387,-0.4999999999999998,-0.7818314824680299,0.6234898018587334,-2.4492935982947064e-16,1.0,0.0,0.0,0.0,25.4,53.3,77.0,67.0,-14.8,1.6182187,0.0,-9.7,21.7222222,13.0,13.0,13.0,13.0,13.0,-29.94703705,0.0370370300000004,0.0033333333333338,-8.263333333333334,-8.198666666666666,21.649382723333336,-8.293777777777775,2.4773257,2.4720278,2.4664762,2.4641,2.4823675,0,0.0,0,1.0,-0.41,8.5,91.5
2022-12-25 08:15:00,262.868651699992,238.458516844444,238.492126616666,21.7222222,-8.198666666666666,13.0,2,5.1764362714980825,70.66250196097344,8,6,12,0.8660254037844387,-0.4999999999999998,-0.7818314824680299,0.6234898018587334,-2.4492935982947064e-16,1.0,1.25,0.3125,0.1041666666666666,25.3,53.375,75.75,66.75,-14.775,1.6152023,0.0,-9.675,21.742592586666667,13.0,13.0,13.0,13.0,13.0,-29.920888866666665,0.0351851500000002,0.0613333333333336,-8.26,-7.840666666666666,21.68641975666667,-8.240666666666664,2.4823675,2.4773257,2.4720278,2.4664762,2.4852905,0,0.0,0,1.0,-0.4,8.3,91.7
2022-12-25 08:30:00,270.878331166664,246.299036527778,246.334035144444,21.742592586666667,-7.840666666666666,13.0,2,5.1764362714980825,70.66250196097344,8,6,12,0.8660254037844387,-0.4999999999999998,-0.7818314824680299,0.6234898018587334,-2.4492935982947064e-16,1.0,2.5,0.9375,0.3125,25.2,53.45,74.5,66.5,-14.75,1.6121687,0.0,-9.65,21.78333335,13.0,13.0,13.0,13.0,13.0,-29.58325925333333,0.0203703866666664,0.3579999999999996,-8.198666666666666,-7.515333333333333,21.71728394555556,-8.099777777777774,2.4852905,2.4823675,2.4773257,2.4720278,2.4911454,0,0.0,0,1.0,-0.39,8.2,91.8
2022-12-25 08:45:00,291.672776938894,241.304236327778,241.338123888888,21.78333335,-7.515333333333333,13.0,2,5.1764362714980825,70.66250196097344,8,6,12,0.8660254037844387,-0.4999999999999998,-0.7818314824680299,0.6234898018587334,-2.4492935982947064e-16,1.0,3.75,1.875,0.625,25.1,53.525,73.25,66.25,-14.725,1.6091172,0.0,-9.625,21.8296296,13.0,13.0,13.0,13.0,13.0,-29.29866668333333,0.0407407633333321,0.325333333333333,-7.840666666666666,-7.114000000000001,21.749382712222225,-7.851555555555553,2.4911454,2.4852905,2.4823675,2.4773257,2.4978132,0,0.0,0,1.0,-0.39,8.1,91.9
2022-12-25 09:00:00,287.42461382221603,247.6575933,247.691758616666,21.8296296,-7.114000000000001,13.0,2,5.1764362714980825,70.66250196097344,9,6,12,0.7071067811865476,-0.7071067811865475,-0.7818314824680299,0.6234898018587334,-2.4492935982947064e-16,1.0,5.0,3.125,1.0416666666666667,25.0,53.6,72.0,66.0,-14.7,1.6060479,0.0,-9.6,21.87222222,13.0,13.0,13.0,13.0,13.0,-28.9436296,0.0462962499999974,0.4013333333333326,-7.515333333333333,-6.826666666666667,21.785185178888884,-7.489999999999997,2.4978132,2.4911454,2.4852905,2.4823675,2.5039616,0,0.0,0,1.0,-0.38,7.9,92.1
2022-12-25 09:15:00,270.64278502222,245.991548827778,246.0268252,21.87222222,-6.826666666666667,13.0,2,5.1764362714980825,70.66250196097344,9,6,12,0.7071067811865476,-0.7071067811865475,-0.7818314824680299,0.6234898018587334,-2.4492935982947064e-16,1.0,28.25,9.875,3.395833333333333,25.3,54.15,59.0,65.0,-14.625,1.6175855,0.0,-9.3,21.929629636666668,13.0,13.0,13.0,13.0,13.0,-28.69888888666667,0.0425926200000041,0.2873333333333336,-7.114000000000001,-6.554666666666667,21.82839505666667,-7.1519999999999975,2.5039616,2.4978132,2.4911454,2.4852905,2.512269,0,0.0,0,1.0,-0.37,7.8,92.2
2022-12-25 09:30:00,279.583538444444,246.642633916666,246.676521427778,21.929629636666668,-6.554666666666667,13.0,2,5.1764362714980825,70.66250196097344,9,6,12,0.7071067811865476,-0.7071067811865475,-0.7818314824680299,0.6234898018587334,-2.4492935982947064e-16,1.0,51.5,22.125,7.6875,25.6,54.7,46.0,64.0,-14.55,1.6287249,0.0,-9.0,21.916666640000003,13.0,13.0,13.0,13.0,13.05,-28.48429630333333,0.0574074166666669,0.2720000000000002,-6.826666666666667,-6.310666666666666,21.877160485555557,-6.831777777777776,2.512269,2.5039616,2.4978132,2.4911454,2.5200467,0,0.0,0,1.0,-0.35,7.6,92.4
2022-12-25 09:45:00,155.473503094442,127.329628844444,127.35212796111,21.916666640000003,-6.310666666666666,13.05,2,5.1764362714980825,70.66250196097344,9,6,12,0.7071067811865476,-0.7071067811865475,-0.7818314824680299,0.6234898018587334,-2.4492935982947064e-16,1.0,74.75,39.875,13.916666666666666,25.9,55.25,33.0,63.0,-14.475,1.6394439,0.0,-8.7,21.44814815333333,13.0,13.0,13.0,13.0,13.466666666666669,-28.22733330666667,-0.0129629966666655,0.2440000000000006,-6.554666666666667,-6.274666666666667,21.906172832222225,-6.563999999999997,2.5200467,2.512269,2.5039616,2.4978132,2.5310378,0,0.0,0,1.0,-0.35,7.6,92.4
2022-12-25 10:00:00,240.2270572,210.462136744444,210.492413333332,21.44814815333333,-6.274666666666667,13.466666666666669,2,5.1764362714980825,70.66250196097344,10,6,12,0.4999999999999999,-0.8660254037844387,-0.7818314824680299,0.6234898018587334,-2.4492935982947064e-16,1.0,98.0,63.125,22.08333333333333,26.2,55.8,20.0,62.0,-14.4,1.6497213,0.0,-8.4,21.41111109,13.05,13.0,13.0,13.0,13.5,-27.72281482,-0.4685184866666709,0.0359999999999995,-6.310666666666666,-5.931333333333333,21.76481481,-6.379999999999998,2.5310378,2.5200467,2.512269,2.5039616,2.5318668,0,0.0,0,1.0,-0.46,9.4,90.6
2022-12-25 10:15:00,294.893481555556,250.160270972222,250.194436255556,21.41111109,-5.931333333333333,13.5,2,5.1764362714980825,70.66250196097344,10,6,12,0.4999999999999999,-0.8660254037844387,-0.7818314824680299,0.6234898018587334,-2.4492935982947064e-16,1.0,132.5,89.1875,33.125,26.075,56.425,25.5,61.25,-14.325,1.6571256,0.0,-8.175,21.640740723333334,13.466666666666669,13.05,13.0,13.0,13.5,-27.342444423333333,-0.0370370633333294,0.3433333333333337,-6.274666666666667,-5.664000000000001,21.59197529444445,-6.17222222222222,2.5318668,2.5310378,2.5200467,2.512269,2.5657325,0,0.0,0,1.0,-0.47,9.5,90.5
2022-12-25 10:30:00,299.506074827778,258.554379627778,258.589656,21.640740723333334,-5.664000000000001,13.5,2,5.1764362714980825,70.66250196097344,10,6,12,0.4999999999999999,-0.8660254037844387,-0.7818314824680299,0.6234898018587334,-2.4492935982947064e-16,1.0,167.0,118.0625,47.04166666666666,25.95,57.05,31.0,60.5,-14.25,1.66426,0.0,-7.95,21.85,13.5,13.466666666666669,13.05,13.0,13.5,-27.30474072333333,0.2296296333333316,0.2673333333333323,-5.931333333333333,-5.485333333333333,21.49999998888889,-5.956666666666664,2.5657325,2.5318668,2.5310378,2.5200467,2.5969355,0,0.0,0,1.0,-0.41,8.6,91.4
2022-12-25 10:45:00,290.451992488892,265.998804105554,266.03658037777603,21.85,-5.485333333333333,13.5,2,5.1764362714980825,70.66250196097344,10,6,12,0.4999999999999999,-0.8660254037844387,-0.7818314824680299,0.6234898018587334,-2.4492935982947064e-16,1.0,201.5,149.75,63.833333333333336,25.825,57.675,36.5,59.75,-14.175,1.6711129,0.0,-7.725,22.03333333,13.5,13.5,13.466666666666669,13.05,13.5,-27.33533333333333,0.2092592766666676,0.1786666666666674,-5.664000000000001,-5.407333333333333,21.633950604444447,-5.693555555555553,2.5969355,2.5657325,2.5318668,2.5310378,2.6245408,0,0.0,0,1.0,-0.37,7.8,92.2
2022-12-25 11:00:00,291.764440088888,267.340139333332,267.379026694442,22.03333333,-5.407333333333333,13.5,2,5.1764362714980825,70.66250196097344,11,6,12,0.258819045102521,-0.9659258262890682,-0.7818314824680299,0.6234898018587334,-2.4492935982947064e-16,1.0,236.0,184.25,83.5,25.7,58.3,42.0,59.0,-14.1,1.6776751,0.0,-7.5,22.15555557,13.5,13.5,13.5,13.466666666666669,13.5,-27.44066666333333,0.1833333299999999,0.0780000000000002,-5.485333333333333,-5.355333333333333,21.84135801777778,-5.518888888888886,2.6245408,2.5969355,2.5657325,2.5318668,2.6430862,0,0.0,0,1.0,-0.33,7.2,92.8
2022-12-25 11:15:00,304.682812100004,267.950392655556,267.986502311112,22.15555557,-5.355333333333333,13.5,2,5.1764362714980825,70.66250196097344,11,6,12,0.258819045102521,-0.9659258262890682,-0.7818314824680299,0.6234898018587334,-2.4492935982947064e-16,1.0,263.0,216.875,105.3125,26.375,59.025,36.25,58.5,-14.05,1.6880652,0.0,-7.3,22.259259236666665,13.5,13.5,13.5,13.5,13.5,-27.51088890333333,0.1222222399999992,0.0519999999999996,-5.407333333333333,-5.456666666666666,22.012962966666667,-5.415999999999997,2.6430862,2.6245408,2.5969355,2.5657325,2.6589098,0,0.0,0,1.0,-0.3,6.8,93.2
2022-12-25 11:30:00,297.143669294446,259.819329027778,259.85682756111,22.259259236666665,-5.456666666666666,13.5,2,5.1764362714980825,70.66250196097344,11,6,12,0.258819045102521,-0.9659258262890682,-0.7818314824680299,0.6234898018587334,-2.4492935982947064e-16,1.0,290.0,247.625,129.27083333333334,27.05,59.75,30.5,58.0,-14.0,1.6983522,0.0,-7.1,22.3333333,13.5,13.5,13.5,13.5,13.5,-27.71592590333333,0.1037036666666644,-0.1013333333333328,-5.355333333333333,-5.384666666666666,22.149382712222224,-5.406444444444442,2.6589098,2.6430862,2.6245408,2.5969355,2.6702619,0,0.0,0,1.0,-0.27,6.6,93.4
2022-12-25 11:45:00,271.533860361114,231.544071166668,231.576847622224,22.3333333,-5.384666666666666,13.5,2,5.1764362714980825,70.66250196097344,11,6,12,0.258819045102521,-0.9659258262890682,-0.7818314824680299,0.6234898018587334,-2.4492935982947064e-16,1.0,317.0,276.5,155.375,27.725,60.475,24.75,57.5,-13.95,1.7085314,0.0,-6.9,22.3333333,13.5,13.5,13.5,13.5,13.5,-27.717999966666667,0.0740740633333345,0.072,-5.456666666666666,-5.228666666666667,22.24938270222222,-5.398888888888886,2.6702619,2.6589098,2.6430862,2.6245408,2.6702619,0,0.0,0,1.0,-0.26,6.4,93.6
2022-12-25 12:00:00,267.879562238886,233.732872527778,233.767871177776,22.3333333,-5.228666666666667,13.5,2,5.1764362714980825,70.66250196097344,12,6,12,1.2246467991473532e-16,-1.0,-0.7818314824680299,0.6234898018587334,-2.4492935982947064e-16,1.0,344.0,303.5,183.625,28.4,61.2,19.0,57.0,-13.9,1.718598,0.0,-6.7,22.33888886,13.5,13.5,13.5,13.5,13.5,-27.56199996666667,0.0,0.1559999999999988,-5.384666666666666,-5.153333333333333,22.308641945555557,-5.356666666666665,2.6702619,2.6702619,2.6589098,2.6430862,2.671115,0,0.0,0,1.0,-0.26,6.4,93.6
2022-12-25 12:15:00,265.095506955552,236.858025333332,236.890801788888,22.33888886,-5.153333333333333,13.5,2,5.1764362714980825,70.66250196097344,12,6,12,1.2246467991473532e-16,-1.0,-0.7818314824680299,0.6234898018587334,-2.4492935982947064e-16,1.0,358.5,327.375,211.14583333333331,28.375,62.275000000000006,19.5,56.5,-13.825,1.7222606,0.0,-6.55,22.38518519333333,13.5,13.5,13.5,13.5,13.5,-27.492222193333333,0.0055555600000012,0.0753333333333339,-5.228666666666667,-5.057333333333333,22.33518515333333,-5.255555555555553,2.671115,2.6702619,2.6702619,2.6589098,2.6782339,0,0.0,0,1.0,-0.26,6.4,93.6
2022-12-25 12:30:00,260.695960694442,236.1030555,236.136665288888,22.38518519333333,-5.057333333333333,13.5,2,5.1764362714980825,70.66250196097344,12,6,12,1.2246467991473532e-16,-1.0,-0.7818314824680299,0.6234898018587334,-2.4492935982947064e-16,1.0,373.0,348.125,237.9375,28.35,63.35,20.0,56.0,-13.75,1.7257718,0.0,-6.4,22.39444445,13.5,13.5,13.5,13.5,13.5,-27.442518526666664,0.0462963333333306,0.096,-5.153333333333333,-4.969333333333334,22.352469117777776,-5.146444444444442,2.6782339,2.671115,2.6702619,2.6702619,2.6796591,0,0.0,0,1.0,-0.25,6.3,93.7
2022-12-25 12:45:00,270.189747611108,236.596369116666,236.62942336111,22.39444445,-4.969333333333334,13.5,2,5.1764362714980825,70.66250196097344,12,6,12,1.2246467991473532e-16,-1.0,-0.7818314824680299,0.6234898018587334,-2.4492935982947064e-16,1.0,387.5,365.75,264.0,28.325,64.425,20.5,55.5,-13.675,1.7291273,0.0,-6.25,22.4407407,13.5,13.5,13.5,13.5,13.5,-27.363777783333333,0.0092592566666667,0.0879999999999991,-5.057333333333333,-4.8533333333333335,22.372839501111116,-5.059999999999998,2.6796591,2.6782339,2.671115,2.6702619,2.6867983,0,0.0,0,1.0,-0.24,6.2,93.8
2022-12-25 13:00:00,284.626669994446,236.447208383334,236.478873816666,22.4407407,-4.8533333333333335,13.5,2,5.1764362714980825,70.66250196097344,13,6,12,-0.2588190451025208,-0.9659258262890684,-0.7818314824680299,0.6234898018587334,-2.4492935982947064e-16,1.0,402.0,380.25,289.3333333333333,28.3,65.5,21.0,55.0,-13.6,1.7323241,0.0,-6.1,22.44999996,13.5,13.5,13.5,13.5,13.5,-27.29407403333333,0.046296250000001,0.1160000000000005,-4.969333333333334,-4.804,22.406790114444444,-4.959999999999998,2.6867983,2.6796591,2.6782339,2.671115,2.6882277,0,0.0,0,1.0,-0.23,6.1,93.9
2022-12-25 13:15:00,269.471720749998,235.958616827778,235.991671055556,22.44999996,-4.804,13.5,2,5.1764362714980825,70.66250196097344,13,6,12,-0.2588190451025208,-0.9659258262890684,-0.7818314824680299,0.6234898018587334,-2.4492935982947064e-16,1.0,402.75,391.3125,311.8541666666667,28.35,65.6,21.0,54.0,-13.625,1.7319448,0.0,-5.85,22.475925906666664,13.5,13.5,13.5,13.5,13.5,-27.25399996,0.0092592600000003,0.0493333333333332,-4.8533333333333335,-4.91,22.428395036666668,-4.875555555555554,2.6882277,2.6867983,2.6796591,2.6782339,2.6922343,0,0.0,0,1.0,-0.23,6.1,93.9
2022-12-25 13:30:00,260.61346396111,236.216939827778,236.251660688888,22.475925906666664,-4.91,13.5,2,5.1764362714980825,70.66250196097344,13,6,12,-0.2588190451025208,-0.9659258262890684,-0.7818314824680299,0.6234898018587334,-2.4492935982947064e-16,1.0,403.5,398.9375,331.5625,28.4,65.7,21.0,53.0,-13.65,1.7309041,0.0,-5.6,22.44999999,13.5,13.5,13.5,13.5,13.5,-27.385925906666664,0.0259259466666641,-0.1059999999999998,-4.804,-4.949333333333333,22.455555522222223,-4.855777777777775,2.6922343,2.6882277,2.6867983,2.6796591,2.6882277,0,0.0,0,1.0,-0.23,6.1,93.9
2022-12-25 13:45:00,189.077158911108,152.34196166111002,152.366127394442,22.44999999,-4.949333333333333,13.5,2,5.1764362714980825,70.66250196097344,13,6,12,-0.2588190451025208,-0.9659258262890684,-0.7818314824680299,0.6234898018587334,-2.4492935982947064e-16,1.0,404.25,403.125,348.4583333333333,28.45,65.80000000000001,21.0,52.0,-13.675,1.7291802,0.0,-5.35,22.046296323333333,13.5,13.5,13.5,13.5,13.683333333333334,-27.39933332333333,-0.0259259166666652,-0.0393333333333325,-4.91,-4.804,22.458641952222223,-4.887777777777775,2.6882277,2.6922343,2.6882277,2.6867983,2.6621716,0,0.0,0,1.0,-0.23,6.1,93.9
2022-12-25 14:00:00,172.96335903888598,148.528780827778,148.554335388888,22.046296323333333,-4.804,13.683333333333334,2,5.1764362714980825,70.66250196097344,14,6,12,-0.4999999999999997,-0.8660254037844388,-0.7818314824680299,0.6234898018587334,-2.4492935982947064e-16,1.0,405.0,403.875,362.5416666666667,28.5,65.9,21.0,51.0,-13.7,1.7267522,0.0,-5.1,21.75555555,13.5,13.5,13.5,13.5,14.0,-26.85029632333333,-0.4037036666666651,0.1453333333333324,-4.949333333333333,-4.6066666666666665,22.32407407333333,-4.887777777777775,2.6621716,2.6882277,2.6922343,2.6882277,2.678472,0,0.0,0,1.0,-0.32,7.1,92.9
2022-12-25 14:15:00,266.956265838886,230.210235688888,230.242178877776,21.75555555,-4.6066666666666665,14.0,2,5.1764362714980825,70.66250196097344,14,6,12,-0.4999999999999997,-0.8660254037844388,-0.7818314824680299,0.6234898018587334,-2.4492935982947064e-16,1.0,392.25,401.25,373.3125,28.475,65.0,30.0,51.0,-13.65,1.7329758,0.0,-5.05,21.95925926,13.683333333333334,13.5,13.5,13.5,14.0,-26.362222216666662,-0.2907407733333329,0.1973333333333338,-4.804,-4.666666666666667,22.083950621111114,-4.786666666666664,2.678472,2.6621716,2.6882277,2.6922343,2.7101476,0,0.0,0,1.0,-0.39,8.1,91.9
2022-12-25 14:30:00,295.973716111112,246.725408355556,246.7584626,21.95925926,-4.666666666666667,14.0,2,5.1764362714980825,70.66250196097344,14,6,12,-0.4999999999999997,-0.8660254037844388,-0.7818314824680299,0.6234898018587334,-2.4492935982947064e-16,1.0,379.5,395.25,380.7708333333333,28.45,64.1,39.0,51.0,-13.6,1.7392198,0.0,-5.0,22.19999998,14.0,13.683333333333334,13.5,13.5,13.95,-26.625925926666667,0.2037037099999992,-0.0600000000000005,-4.6066666666666665,-5.037999999999999,21.920370377777783,-4.692444444444442,2.7101476,2.678472,2.6621716,2.6882277,2.7381856,0,0.0,0,1.0,-0.34,7.4,92.6
2022-12-25 14:45:00,286.343823505558,257.006663755556,257.04249563889,22.19999998,-5.037999999999999,13.95,2,5.1764362714980825,70.66250196097344,14,6,12,-0.4999999999999997,-0.8660254037844388,-0.7818314824680299,0.6234898018587334,-2.4492935982947064e-16,1.0,366.75,385.875,384.9166666666667,28.425,63.2,48.0,51.0,-13.55,1.7454834,0.0,-4.95,22.34629628,14.0,14.0,13.683333333333334,13.5,13.533333333333331,-27.23799998,0.240740719999998,-0.3713333333333324,-4.666666666666667,-5.244666666666666,21.97160493,-4.7704444444444425,2.7381856,2.7101476,2.678472,2.6621716,2.6788516,0,0.0,0,1.0,-0.28,6.7,93.3
2022-12-25 15:00:00,282.912849666668,258.510214744444,258.546046644444,22.34629628,-5.244666666666666,13.533333333333331,2,5.1764362714980825,70.66250196097344,15,6,12,-0.7071067811865471,-0.7071067811865479,-0.7818314824680299,0.6234898018587334,-2.4492935982947064e-16,1.0,354.0,373.125,385.75,28.4,62.3,57.0,51.0,-13.5,1.7517667,0.0,-4.9,22.47222223,13.95,14.0,14.0,13.683333333333334,13.5,-27.590962946666668,0.146296300000003,-0.206666666666667,-5.037999999999999,-5.3100000000000005,22.16851850666667,-4.983111111111109,2.6788516,2.7381856,2.7101476,2.678472,2.6916616,0,0.0,0,1.0,-0.25,6.3,93.7
2022-12-25 15:15:00,284.917769366672,255.285065955556,255.320620066668,22.47222223,-5.3100000000000005,13.5,2,5.1764362714980825,70.66250196097344,15,6,12,-0.7071067811865471,-0.7071067811865479,-0.7818314824680299,0.6234898018587334,-2.4492935982947064e-16,1.0,327.25,356.875,383.1458333333333,27.225,61.925,50.75,51.0,-13.55,1.7486222,0.0,-4.925000000000001,22.551851893333332,13.533333333333331,13.95,14.0,14.0,13.5,-27.78222223,0.1259259499999991,-0.0653333333333341,-5.244666666666666,-5.384666666666666,22.339506163333336,-5.197555555555553,2.6916616,2.6788516,2.7381856,2.7101476,2.7039974,0,0.0,0,1.0,-0.23,6.1,93.9
2022-12-25 15:30:00,625.750802233336,257.287485855556,257.323595544444,22.551851893333332,-5.384666666666666,13.5,2,5.1764362714980825,70.66250196097344,15,6,12,-0.7071067811865471,-0.7071067811865479,-0.7818314824680299,0.6234898018587334,-2.4492935982947064e-16,1.0,300.5,337.125,377.1041666666667,26.05,61.55,44.5,51.0,-13.6,1.7454834,0.0,-4.95,22.60000001,13.5,13.533333333333331,13.95,14.0,13.5,-27.936518560000003,0.0796296633333355,-0.0746666666666655,-5.3100000000000005,-5.607333333333333,22.456790134444446,-5.313111111111108,2.7039974,2.6916616,2.6788516,2.7381856,2.7114797,0,0.0,0,1.0,-0.21,5.9,94.1
2022-12-25 15:45:00,296.121487900004,255.873098,255.907263266668,22.60000001,-5.607333333333333,13.5,2,5.1764362714980825,70.66250196097344,15,6,12,-0.7071067811865471,-0.7071067811865479,-0.7818314824680299,0.6234898018587334,-2.4492935982947064e-16,1.0,273.75,313.875,367.625,24.875,61.175,38.25,51.0,-13.65,1.7423491,0.0,-4.975,22.66296299333333,13.5,13.5,13.533333333333331,13.95,13.5,-28.20733334333333,0.0481481166666633,-0.222666666666667,-5.384666666666666,-5.859333333333334,22.541358044444447,-5.4339999999999975,2.7114797,2.7039974,2.6916616,2.6788516,2.7212915,0,0.0,0,1.0,-0.2,5.8,94.2
2022-12-25 16:00:00,289.645358105558,254.36843593889,254.403990083334,22.66296299333333,-5.859333333333334,13.5,2,5.1764362714980825,70.66250196097344,16,6,12,-0.8660254037844385,-0.5000000000000004,-0.7818314824680299,0.6234898018587334,-2.4492935982947064e-16,1.0,247.0,287.125,354.7083333333333,23.7,60.8,32.0,51.0,-13.7,1.7392198,0.0,-5.0,22.6666667,13.5,13.5,13.5,13.533333333333331,13.5,-28.52229632666667,0.0629629833333353,-0.2520000000000006,-5.607333333333333,-5.936666666666667,22.60493829888889,-5.617111111111108,2.7212915,2.7114797,2.7039974,2.6916616,2.72187,0,0.0,0,1.0,-0.18,5.7,94.3
2022-12-25 16:15:00,288.965940933332,252.977936011112,253.012101327778,22.6666667,-5.936666666666667,13.5,2,5.1764362714980825,70.66250196097344,16,6,12,-0.8660254037844385,-0.5000000000000004,-0.7818314824680299,0.6234898018587334,-2.4492935982947064e-16,1.0,214.75,259.0,339.0416666666667,22.725,58.375,49.0,52.0,-13.625,1.7479784,0.0,-5.2,22.6666667,13.5,13.5,13.5,13.5,13.5,-28.603333366666668,0.0037037066666663,-0.0773333333333337,-5.859333333333334,-6.004,22.64320990111111,-5.801111111111109,2.72187,2.7212915,2.7114797,2.7039974,2.72187,0,0.0,0,1.0,-0.18,5.7,94.3
2022-12-25 16:30:00,277.821664538886,253.223481772222,253.258480372222,22.6666667,-6.004,13.5,2,5.1764362714980825,70.66250196097344,16,6,12,-0.8660254037844385,-0.5000000000000004,-0.7818314824680299,0.6234898018587334,-2.4492935982947064e-16,1.0,182.5,229.5,320.625,21.75,55.95,66.0,53.0,-13.55,1.7560877,0.0,-5.4,22.70555555,13.5,13.5,13.5,13.5,13.5,-28.6706667,0.0,-0.067333333333333,-5.936666666666667,-6.06,22.665432131111118,-5.933333333333331,2.72187,2.72187,2.7212915,2.7114797,2.727946,0,0.0,0,1.0,-0.18,5.7,94.3
2022-12-25 16:45:00,277.21835548888,252.8665516,252.902661272222,22.70555555,-6.06,13.5,2,5.1764362714980825,70.66250196097344,16,6,12,-0.8660254037844385,-0.5000000000000004,-0.7818314824680299,0.6234898018587334,-2.4492935982947064e-16,1.0,150.25,198.625,299.4583333333333,20.775,53.525,83.0,54.0,-13.475,1.7635628,0.0,-5.6,22.7222222,13.5,13.5,13.5,13.5,13.5,-28.76555555,0.0388888499999993,-0.0559999999999991,-6.004,-6.069999999999999,22.67962965,-6.00022222222222,2.727946,2.72187,2.72187,2.7212915,2.7305543,0,0.0,0,1.0,-0.17,5.6,94.4
2022-12-25 17:00:00,298.989151088888,252.744056516666,252.779055116666,22.7222222,-6.069999999999999,13.5,2,5.1764362714980825,70.66250196097344,17,6,12,-0.9659258262890684,-0.2588190451025206,-0.7818314824680299,0.6234898018587334,-2.4492935982947064e-16,1.0,118.0,166.375,275.5416666666667,19.8,51.1,100.0,55.0,-13.4,1.7704175,0.0,-5.8,22.7222222,13.5,13.5,13.5,13.5,13.5,-28.7922222,0.0166666500000012,-0.0099999999999997,-6.06,-6.096666666666667,22.698148150000005,-6.044666666666664,2.7305543,2.727946,2.72187,2.72187,2.7305543,0,0.0,0,1.0,-0.17,5.6,94.4
2022-12-25 17:15:00,294.392668355552,252.192689672222,252.227688305554,22.7222222,-6.096666666666667,13.5,2,5.1764362714980825,70.66250196097344,17,6,12,-0.9659258262890684,-0.2588190451025206,-0.7818314824680299,0.6234898018587334,-2.4492935982947064e-16,1.0,90.75,135.375,250.41666666666663,19.75,49.025,77.75,56.25,-13.35,1.781365,0.0,-6.025,22.7222222,13.5,13.5,13.5,13.5,13.5,-28.81888886666667,0.0,-0.0266666666666672,-6.069999999999999,-6.093333333333334,22.71666665,-6.075555555555553,2.7305543,2.7305543,2.727946,2.72187,2.7305543,0,0.0,0,1.0,-0.17,5.6,94.4
2022-12-25 17:30:00,277.50362182777,250.417760688888,250.45359262222,22.7222222,-6.093333333333334,13.5,2,5.1764362714980825,70.66250196097344,17,6,12,-0.9659258262890684,-0.2588190451025206,-0.7818314824680299,0.6234898018587334,-2.4492935982947064e-16,1.0,63.49999999999999,105.625,224.08333333333331,19.700000000000003,46.95,55.5,57.5,-13.3,1.7914382,0.0,-6.25,22.70555554,13.5,13.5,13.5,13.5,13.5,-28.81555553333333,0.0,0.0033333333333329,-6.096666666666667,-6.09,22.7222222,-6.086666666666663,2.7305543,2.7305543,2.7305543,2.727946,2.727946,0,0.0,0,1.0,-0.17,5.6,94.4
2022-12-25 17:45:00,219.817595811112,188.982718155556,189.011050355556,22.70555554,-6.09,13.5,2,5.1764362714980825,70.66250196097344,17,6,12,-0.9659258262890684,-0.2588190451025206,-0.7818314824680299,0.6234898018587334,-2.4492935982947064e-16,1.0,36.24999999999999,77.125,196.54166666666663,19.65,44.875,33.25,58.75,-13.25,1.8006593,0.0,-6.475,22.383333373333336,13.5,13.5,13.5,13.5,13.683333333333334,-28.79555554,-0.016666660000002,0.0033333333333338,-6.093333333333334,-6.09,22.716666646666667,-6.093333333333331,2.727946,2.7305543,2.7305543,2.7305543,2.7143161,0,0.0,0,1.0,-0.17,5.6,94.4
2022-12-25 18:00:00,178.543969105554,148.39684163889,148.420729583334,22.383333373333336,-6.09,13.683333333333334,2,5.1764362714980825,70.66250196097344,18,6,12,-1.0,-1.8369701987210294e-16,-0.7818314824680299,0.6234898018587334,-2.4492935982947064e-16,1.0,9.0,49.87499999999999,167.79166666666666,19.6,42.8,11.0,60.0,-13.2,1.8090506,0.0,-6.7,21.99444443,13.5,13.5,13.5,13.5,14.0,-28.473333373333336,-0.3222221666666627,0.0,-6.09,-6.008,22.603703704444445,-6.0911111111111085,2.7143161,2.727946,2.7305543,2.7305543,2.7156513,0,0.0,0,1.0,-0.24,6.2,93.8
2022-12-25 18:15:00,261.046224599992,233.521214327778,233.555101872222,21.99444443,-6.008,14.0,2,5.1764362714980825,70.66250196097344,18,6,12,-1.0,-1.8369701987210294e-16,-0.7818314824680299,0.6234898018587334,-2.4492935982947064e-16,1.0,6.75,28.874999999999996,141.08333333333334,19.35,42.45,30.75,61.0,-13.225,1.8092191,0.0,-6.925,22.140740723333334,13.683333333333334,13.5,13.5,13.5,14.0,-28.00244443,-0.3888889433333382,0.0819999999999998,-6.09,-5.850666666666667,22.361111114444444,-6.062666666666664,2.7156513,2.7143161,2.727946,2.7305543,2.7386403,0,0.0,0,1.0,-0.33,7.3,92.7
2022-12-25 18:30:00,288.255136116662,245.308798355556,245.342963672222,22.140740723333334,-5.850666666666667,14.0,2,5.1764362714980825,70.66250196097344,18,6,12,-1.0,-1.8369701987210294e-16,-0.7818314824680299,0.6234898018587334,-2.4492935982947064e-16,1.0,4.5,14.124999999999996,116.41666666666669,19.1,42.1,50.5,62.0,-13.25,1.8088431,0.0,-7.15,22.31111108,14.0,13.683333333333334,13.5,13.5,14.0,-27.99140739,0.1462962933333358,0.1573333333333328,-6.008,-5.712000000000001,22.172839508888888,-5.982888888888887,2.7386403,2.7156513,2.7143161,2.727946,2.7656243,0,0.0,0,1.0,-0.3,6.8,93.2
2022-12-25 18:45:00,298.137796294442,253.579856416666,253.613466172222,22.31111108,-5.712000000000001,14.0,2,5.1764362714980825,70.66250196097344,18,6,12,-1.0,-1.8369701987210294e-16,-0.7818314824680299,0.6234898018587334,-2.4492935982947064e-16,1.0,2.25,5.625,93.79166666666669,18.85,41.75,70.25,63.0,-13.275,1.8079383,0.0,-7.375,22.45740738,14.0,14.0,13.683333333333334,13.5,14.0,-28.02311108,0.1703703566666661,0.1386666666666665,-5.850666666666667,-5.576,22.14876541111111,-5.856888888888887,2.7656243,2.7386403,2.7156513,2.7143161,2.788978,0,0.0,0,1.0,-0.26,6.4,93.6
2022-12-25 19:00:00,277.654171255552,253.255980455556,253.292367866668,22.45740738,-5.576,14.0,2,5.1764362714980825,70.66250196097344,19,6,12,-0.9659258262890684,0.2588190451025203,-0.7818314824680299,0.6234898018587334,-2.4492935982947064e-16,1.0,0.0,3.375,73.20833333333333,18.6,41.4,90.0,64.0,-13.3,1.8065205,0.0,-7.6,22.54444447,14.0,14.0,14.0,13.683333333333334,13.65,-28.03340738,0.1462962999999995,0.136000000000001,-5.712000000000001,-5.54,22.30308639444445,-5.712888888888887,2.788978,2.7656243,2.7386403,2.7156513,2.73288,0,0.0,0,1.0,-0.23,6.1,93.9
2022-12-25 19:15:00,281.25819372222,256.887779611112,256.92361151111203,22.54444447,-5.54,13.65,2,5.1764362714980825,70.66250196097344,19,6,12,-0.9659258262890684,0.2588190451025203,-0.7818314824680299,0.6234898018587334,-2.4492935982947064e-16,1.0,0.0,1.6875,55.3125,18.625,40.675,75.25,64.75,-13.1,1.8310541,0.0,-7.574999999999999,22.62777778666667,14.0,14.0,14.0,14.0,13.5,-28.08444447,0.087037089999999,0.0359999999999995,-5.576,-5.548,22.43765431,-5.609333333333331,2.73288,2.788978,2.7656243,2.7386403,2.7158046,0,0.0,0,1.0,-0.21,5.9,94.1
2022-12-25 19:30:00,293.359098549998,256.99860856111,257.033884933332,22.62777778666667,-5.548,13.5,2,5.1764362714980825,70.66250196097344,19,6,12,-0.9659258262890684,0.2588190451025203,-0.7818314824680299,0.6234898018587334,-2.4492935982947064e-16,1.0,0.0,0.5625,40.10416666666666,18.65,39.95,60.5,65.5,-12.9,1.8556708,0.0,-7.55,22.67222225,13.65,14.0,14.0,14.0,13.5,-28.17577778666667,0.0833333166666712,-0.008,-5.54,-5.626666666666667,22.543209878888888,-5.554666666666665,2.7158046,2.73288,2.788978,2.7656243,2.7227376,0,0.0,0,1.0,-0.19,5.8,94.2
2022-12-25 19:45:00,293.176605833332,257.50775486111,257.542475688888,22.67222225,-5.626666666666667,13.5,2,5.1764362714980825,70.66250196097344,19,6,12,-0.9659258262890684,0.2588190451025203,-0.7818314824680299,0.6234898018587334,-2.4492935982947064e-16,1.0,0.0,0.0,27.58333333333333,18.675,39.225,45.75,66.25,-12.7,1.880372,0.0,-7.525,22.7185185,13.5,13.65,14.0,14.0,13.5,-28.29888891666667,0.0444444633333311,-0.0786666666666668,-5.548,-5.768,22.61481483555556,-5.571555555555553,2.7227376,2.7158046,2.73288,2.788978,2.7299747,0,0.0,0,1.0,-0.18,5.7,94.3
2022-12-25 20:00:00,296.936455533328,257.001663955556,257.038329188888,22.7185185,-5.768,13.5,2,5.1764362714980825,70.66250196097344,20,6,12,-0.8660254037844386,0.5000000000000001,-0.7818314824680299,0.6234898018587334,-2.4492935982947064e-16,1.0,0.0,0.0,17.749999999999996,18.7,38.5,31.0,67.0,-12.5,1.9051567,0.0,-7.5,22.76111112,13.5,13.5,13.65,14.0,13.5,-28.486518500000003,0.046296250000001,-0.1413333333333328,-5.626666666666667,-5.807333333333333,22.672839512222225,-5.647555555555553,2.7299747,2.7227376,2.7158046,2.73288,2.7366476,0,0.0,0,1.0,-0.17,5.6,94.4
2022-12-25 20:15:00,293.115497094446,256.804171888888,256.839726016666,22.76111112,-5.807333333333333,13.5,2,5.1764362714980825,70.66250196097344,20,6,12,-0.8660254037844386,0.5000000000000001,-0.7818314824680299,0.6234898018587334,-2.4492935982947064e-16,1.0,0.0,0.0,10.187499999999998,18.6,38.325,31.25,67.75,-12.475,1.9123715,0.0,-7.6,22.79814815,13.5,13.5,13.5,13.65,13.5,-28.56844445333333,0.042592619999997,-0.0393333333333334,-5.768,-5.8580000000000005,22.717283956666662,-5.733999999999997,2.7366476,2.7299747,2.7227376,2.7158046,2.7424622,0,0.0,0,1.0,-0.16,5.5,94.5
2022-12-25 20:30:00,285.34330814444,257.040273511112,257.076383183334,22.79814815,-5.8580000000000005,13.5,2,5.1764362714980825,70.66250196097344,20,6,12,-0.8660254037844386,0.5000000000000001,-0.7818314824680299,0.6234898018587334,-2.4492935982947064e-16,1.0,0.0,0.0,4.895833333333332,18.5,38.15,31.5,68.5,-12.45,1.919366,0.0,-7.7,22.8333333,13.5,13.5,13.5,13.5,13.5,-28.65614815,0.0370370300000004,-0.0506666666666673,-5.807333333333333,-5.906666666666666,22.759259256666667,-5.811111111111109,2.7424622,2.7366476,2.7299747,2.7227376,2.747996,0,0.0,0,1.0,-0.15,5.5,94.5
2022-12-25 20:45:00,280.99264884444,256.611957327778,256.647789227778,22.8333333,-5.906666666666666,13.5,2,5.1764362714980825,70.66250196097344,20,6,12,-0.8660254037844386,0.5000000000000001,-0.7818314824680299,0.6234898018587334,-2.4492935982947064e-16,1.0,0.0,0.0,1.875,18.4,37.975,31.75,69.25,-12.425,1.9261426,0.0,-7.800000000000001,22.853703686666663,13.5,13.5,13.5,13.5,13.5,-28.739999966666662,0.0351851500000002,-0.0486666666666657,-5.8580000000000005,-5.923333333333334,22.79753085666667,-5.85733333333333,2.747996,2.7424622,2.7366476,2.7299747,2.7512035,0,0.0,0,1.0,-0.14,5.4,94.6
2022-12-25 21:00:00,288.90733224444,256.264471227778,256.298636527778,22.853703686666663,-5.923333333333334,13.5,2,5.1764362714980825,70.66250196097344,21,6,12,-0.7071067811865477,0.7071067811865474,-0.7818314824680299,0.6234898018587334,-2.4492935982947064e-16,1.0,0.0,0.0,1.125,18.3,37.8,32.0,70.0,-12.4,1.9327042,0.0,-7.9,22.8888889,13.5,13.5,13.5,13.5,13.5,-28.77703702,0.0203703866666664,-0.0166666666666674,-5.906666666666666,-5.984,22.82839504555556,-5.895999999999998,2.7512035,2.747996,2.7424622,2.7366476,2.7567527,0,0.0,0,1.0,-0.14,5.4,94.6
2022-12-25 21:15:00,304.706422355556,256.794450027778,256.828893116666,22.8888889,-5.984,13.5,2,5.1764362714980825,70.66250196097344,21,6,12,-0.7071067811865477,0.7071067811865474,-0.7818314824680299,0.6234898018587334,-2.4492935982947064e-16,1.0,0.0,0.0,0.5625,18.425,38.15,41.25,70.0,-12.45,1.9291438,0.0,-7.925000000000001,22.8888889,13.5,13.5,13.5,13.5,13.5,-28.8728889,0.0351852133333352,-0.0606666666666662,-5.923333333333334,-6.036,22.858641962222222,-5.937999999999998,2.7567527,2.7512035,2.747996,2.7424622,2.7567527,0,0.0,0,1.0,-0.13,5.4,94.6
2022-12-25 21:30:00,291.657499999996,256.195862872222,256.230861455556,22.8888889,-6.036,13.5,2,5.1764362714980825,70.66250196097344,21,6,12,-0.7071067811865477,0.7071067811865474,-0.7818314824680299,0.6234898018587334,-2.4492935982947064e-16,1.0,0.0,0.0,0.1875,18.55,38.5,50.5,70.0,-12.5,1.92559,0.0,-7.95,22.9222222,13.5,13.5,13.5,13.5,13.5,-28.9248889,0.0,-0.0519999999999996,-5.984,-6.08,22.87716049555556,-5.981111111111109,2.7567527,2.7567527,2.7512035,2.747996,2.7620177,0,0.0,0,1.0,-0.13,5.4,94.6
2022-12-25 21:45:00,255.610608599996,230.555777366668,230.588831611112,22.9222222,-6.08,13.5,2,5.1764362714980825,70.66250196097344,21,6,12,-0.7071067811865477,0.7071067811865474,-0.7818314824680299,0.6234898018587334,-2.4492935982947064e-16,1.0,0.0,0.0,0.0,18.675,38.85,59.75,70.0,-12.55,1.9220408,0.0,-7.975,22.729629616666667,13.5,13.5,13.5,13.5,13.5,-29.0022222,0.0333332999999989,-0.0440000000000004,-6.036,-6.154,22.9,-6.033333333333331,2.7620177,2.7567527,2.7567527,2.7512035,2.7317142,0,0.0,0,1.0,-0.12,5.3,94.7
2022-12-25 22:00:00,827.512176072218,170.7240041,170.751780788888,22.729629616666667,-6.154,13.5,2,5.1764362714980825,70.66250196097344,22,6,12,-0.5000000000000004,0.8660254037844384,-0.7818314824680299,0.6234898018587334,-2.4492935982947064e-16,1.0,0.0,0.0,0.0,18.8,39.2,69.0,70.0,-12.6,1.918498,0.0,-8.0,22.37222219,13.5,13.5,13.5,13.5,13.85,-28.883629616666667,-0.192592583333333,-0.0739999999999998,-6.08,-6.226,22.846913572222224,-6.089999999999997,2.7317142,2.7620177,2.7567527,2.7567527,2.745623,0,0.0,0,1.0,-0.17,5.6,94.4
2022-12-25 22:15:00,305.953872538886,216.531893944444,216.563837149998,22.37222219,-6.226,13.85,2,5.1764362714980825,70.66250196097344,22,6,12,-0.5000000000000004,0.8660254037844384,-0.7818314824680299,0.6234898018587334,-2.4492935982947064e-16,1.0,0.0,0.0,0.0,18.825,39.475,68.5,69.75,-12.675,1.9081216,0.0,-8.025,22.38518519333333,13.5,13.5,13.5,13.5,14.0,-28.59822219,-0.3574074266666684,-0.072,-6.154,-6.3133333333333335,22.674691335555558,-6.153333333333332,2.745623,2.7317142,2.7620177,2.7567527,2.7774277,0,0.0,0,1.0,-0.25,6.3,93.7
2022-12-25 22:30:00,275.17288147778,240.078452027778,240.111506288888,22.38518519333333,-6.3133333333333335,14.0,2,5.1764362714980825,70.66250196097344,22,6,12,-0.5000000000000004,0.8660254037844384,-0.7818314824680299,0.6234898018587334,-2.4492935982947064e-16,1.0,0.0,0.0,0.0,18.85,39.75,68.0,69.5,-12.75,1.8977764,0.0,-8.05,22.438888870000003,13.85,13.5,13.5,13.5,14.0,-28.698518526666664,0.0129630033333327,-0.0873333333333334,-6.226,-6.306666666666668,22.495679,-6.231111111111109,2.7774277,2.745623,2.7317142,2.7620177,2.786012,0,0.0,0,1.0,-0.24,6.2,93.8
2022-12-25 22:45:00,302.581785061114,252.126581183334,252.160468727778,22.438888870000003,-6.306666666666668,14.0,2,5.1764362714980825,70.66250196097344,22,6,12,-0.5000000000000004,0.8660254037844384,-0.7818314824680299,0.6234898018587334,-2.4492935982947064e-16,1.0,0.0,0.0,0.0,18.875,40.025,67.5,69.25,-12.825,1.8874618,0.0,-8.075,22.568518536666662,14.0,13.85,13.5,13.5,14.0,-28.74555553666667,0.0537036766666716,0.0066666666666659,-6.3133333333333335,-6.232,22.398765417777778,-6.281999999999997,2.786012,2.7774277,2.745623,2.7317142,2.8068292,0,0.0,0,1.0,-0.23,6.1,93.9
2022-12-25 23:00:00,284.784997111108,254.49704196111,254.531762788888,22.568518536666662,-6.232,14.0,2,5.1764362714980825,70.66250196097344,23,6,12,-0.2588190451025215,0.965925826289068,-0.7818314824680299,0.6234898018587334,-2.4492935982947064e-16,1.0,0.0,0.0,0.0,18.9,40.3,67.0,69.0,-12.9,1.8771781,0.0,-8.1,22.65555557,14.0,14.0,13.85,13.5,13.65,-28.800518536666665,0.1296296666666627,0.0746666666666673,-6.306666666666668,-6.22,22.464197533333333,-6.283999999999999,2.8068292,2.786012,2.7774277,2.745623,2.7503595,0,0.0,0,1.0,-0.2,5.8,94.2
2022-12-25 23:15:00,279.764920072222,255.3164536,255.351729955556,22.65555557,-6.22,13.65,2,5.1764362714980825,70.66250196097344,23,6,12,-0.2588190451025215,0.965925826289068,-0.7818314824680299,0.6234898018587334,-2.4492935982947064e-16,1.0,0.0,0.0,0.0,18.975,40.4,74.75,69.25,-12.925,1.8701069,0.0,-8.2,22.738888886666665,14.0,14.0,14.0,13.85,13.5,-28.87555557,0.0870370333333347,0.0120000000000004,-6.232,-6.224,22.554320992222227,-6.252888888888887,2.7503595,2.8068292,2.786012,2.7774277,2.7331648,0,0.0,0,1.0,-0.18,5.7,94.3
2022-12-25 23:30:00,286.8026941,255.353952116666,255.38867296111,22.738888886666665,-6.224,13.5,2,5.1764362714980825,70.66250196097344,23,6,12,-0.2588190451025215,0.965925826289068,-0.7818314824680299,0.6234898018587334,-2.4492935982947064e-16,1.0,0.0,0.0,0.0,19.05,40.5,82.5,69.5,-12.95,1.8630263,0.0,-8.3,22.78333335,13.65,14.0,14.0,14.0,13.5,-28.962888886666665,0.0833333166666641,-0.0040000000000004,-6.22,-6.274,22.654320997777777,-6.225333333333331,2.7331648,2.7503595,2.8068292,2.786012,2.7401354,0,0.0,0,1.0,-0.17,5.6,94.4
2022-12-25 23:45:00,286.720197350002,254.788141416666,254.822584488888,22.78333335,-6.274,13.5,2,5.1764362714980825,70.66250196097344,23,6,12,-0.2588190451025215,0.965925826289068,-0.7818314824680299,0.6234898018587334,-2.4492935982947064e-16,1.0,0.0,0.0,0.0,19.125,40.6,90.25,69.75,-12.975,1.8559364,0.0,-8.4,22.8296296,13.5,13.65,14.0,14.0,13.5,-29.05733335,0.0444444633333347,-0.0499999999999998,-6.224,-6.3580000000000005,22.725925935555555,-6.239333333333331,2.7401354,2.7331648,2.7503595,2.8068292,2.747413,0,0.0,0,1.0,-0.16,5.5,94.5
2022-12-26 00:00:00,294.865149238894,254.399823583334,254.432877794446,22.8296296,-6.3580000000000005,13.5,2,5.1764362714980825,70.66250196097344,0,0,12,0.0,1.0,0.0,1.0,-2.4492935982947064e-16,1.0,0.0,0.0,0.0,19.2,40.7,98.0,70.0,-13.0,1.8488377,0.0,-8.5,22.8333333,13.5,13.5,13.65,14.0,13.5,-29.1876296,0.0462962499999974,-0.0840000000000005,-6.274,-6.41,22.783950612222224,-6.285333333333331,2.747413,2.7401354,2.7331648,2.7503595,2.747996,0,0.0,0,1.0,-0.14,5.4,94.6
2022-12-26 00:15:00,294.04657100000003,254.394823783334,254.428989083334,22.8333333,-6.41,13.5,2,5.1764362714980825,70.66250196097344,0,0,12,0.0,1.0,0.0,1.0,-2.4492935982947064e-16,1.0,0.0,0.0,0.0,19.275,40.875,76.25,70.25,-13.05,1.8417311,0.0,-8.6,22.853703686666663,13.5,13.5,13.5,13.65,13.5,-29.2433333,0.0037037000000026,-0.0519999999999996,-6.3580000000000005,-6.445333333333334,22.81543208333333,-6.347333333333332,2.747996,2.747413,2.7401354,2.7331648,2.7512035,0,0.0,0,1.0,-0.14,5.4,94.6
2022-12-26 00:30:00,614.755131027778,254.070392344444,254.105668716666,22.853703686666663,-6.445333333333334,13.5,2,5.1764362714980825,70.66250196097344,0,0,12,0.0,1.0,0.0,1.0,-2.4492935982947064e-16,1.0,0.0,0.0,0.0,19.35,41.05,54.5,70.5,-13.1,1.8346158,0.0,-8.7,22.8888889,13.5,13.5,13.5,13.5,13.5,-29.29903702,0.0203703866666664,-0.0353333333333338,-6.41,-6.54,22.83888886222222,-6.404444444444443,2.7512035,2.747996,2.747413,2.7401354,2.7567527,0,0.0,0,1.0,-0.14,5.4,94.6
2022-12-26 00:45:00,278.349421127778,253.952619255556,253.988728911112,22.8888889,-6.54,13.5,2,5.1764362714980825,70.66250196097344,0,0,12,0.0,1.0,0.0,1.0,-2.4492935982947064e-16,1.0,0.0,0.0,0.0,19.425,41.225,32.75,70.75,-13.15,1.8274933,0.0,-8.8,22.8888889,13.5,13.5,13.5,13.5,13.5,-29.4288889,0.0351852133333352,-0.094666666666666,-6.445333333333334,-6.628666666666666,22.858641962222222,-6.465111111111109,2.7567527,2.7512035,2.747996,2.747413,2.7567527,0,0.0,0,1.0,-0.13,5.4,94.6
2022-12-26 01:00:00,276.889757366664,252.502121744444,252.53684253889,22.8888889,-6.628666666666666,13.5,2,5.1764362714980825,70.66250196097344,1,0,12,0.2588190451025207,0.9659258262890684,0.0,1.0,-2.4492935982947064e-16,1.0,0.0,0.0,0.0,19.5,41.4,11.0,71.0,-13.2,1.8203645,0.0,-8.9,22.8888889,13.5,13.5,13.5,13.5,13.5,-29.517555566666665,0.0,-0.0886666666666657,-6.54,-6.69,22.87716049555556,-6.537999999999998,2.7567527,2.7567527,2.7512035,2.747996,2.7567527,0,0.0,0,1.0,-0.13,5.4,94.6
2022-12-26 01:15:00,297.72253500555803,250.073052211112,250.106384227778,22.8888889,-6.69,13.5,2,5.1764362714980825,70.66250196097344,1,0,12,0.2588190451025207,0.9659258262890684,0.0,1.0,-2.4492935982947064e-16,1.0,0.0,0.0,0.0,19.225,41.4,10.25,71.5,-13.275,1.8094548,0.0,-9.075,22.86851851333333,13.5,13.5,13.5,13.5,13.5,-29.578888900000003,0.0,-0.0613333333333336,-6.628666666666666,-6.736,22.8888889,-6.619555555555553,2.7567527,2.7567527,2.7567527,2.7512035,2.7535384,0,0.0,0,1.0,-0.13,5.4,94.6
2022-12-26 01:30:00,290.013676838886,249.962501133332,249.99833308333,22.86851851333333,-6.736,13.5,2,5.1764362714980825,70.66250196097344,1,0,12,0.2588190451025207,0.9659258262890684,0.0,1.0,-2.4492935982947064e-16,1.0,0.0,0.0,0.0,18.95,41.4,9.5,72.0,-13.35,1.7984865,0.0,-9.25,22.8333333,13.5,13.5,13.5,13.5,13.5,-29.604518513333336,-0.0203703866666664,-0.0460000000000002,-6.69,-6.793333333333334,22.88209877111112,-6.684888888888886,2.7535384,2.7567527,2.7567527,2.7567527,2.747996,0,0.0,0,1.0,-0.14,5.4,94.6
2022-12-26 01:45:00,275.933406655556,247.851474444444,247.886195272222,22.8333333,-6.793333333333334,13.5,2,5.1764362714980825,70.66250196097344,1,0,12,0.2588190451025207,0.9659258262890684,0.0,1.0,-2.4492935982947064e-16,1.0,0.0,0.0,0.0,18.675,41.4,8.75,72.5,-13.425,1.7874626,0.0,-9.425,22.71111109,13.5,13.5,13.5,13.5,13.5,-29.626666633333333,-0.0351852133333352,-0.0573333333333341,-6.736,-6.9,22.86358023777778,-6.739777777777775,2.747996,2.7535384,2.7567527,2.7567527,2.7288148,0,0.0,0,1.0,-0.14,5.4,94.6
2022-12-26 02:00:00,145.62973024444,111.758862783334,111.777750977776,22.71111109,-6.9,13.5,2,5.1764362714980825,70.66250196097344,2,0,12,0.4999999999999999,0.8660254037844387,0.0,1.0,-2.4492935982947064e-16,1.0,0.0,0.0,0.0,18.4,41.4,8.0,73.0,-13.5,1.7763863,0.0,-9.6,22.14444444,13.5,13.5,13.5,13.5,13.85,-29.61111109,-0.1222222100000003,-0.1066666666666664,-6.793333333333334,-6.992,22.80432096777778,-6.809777777777776,2.7288148,2.747996,2.7535384,2.7567527,2.7098758,0,0.0,0,1.0,-0.17,5.6,94.4
2022-12-26 02:15:00,220.225912977772,192.820620183334,192.848674627778,22.14444444,-6.992,13.85,2,5.1764362714980825,70.66250196097344,2,0,12,0.4999999999999999,0.8660254037844387,0.0,1.0,-2.4492935982947064e-16,1.0,0.0,0.0,0.0,18.225,40.6,8.75,73.25,-13.5,1.7758099,0.0,-9.65,21.98888888,13.5,13.5,13.5,13.5,14.0,-29.13644444,-0.5666666500000019,-0.0919999999999996,-6.9,-7.098666666666667,22.56296294333333,-6.895111111111109,2.7098758,2.7288148,2.747996,2.7535384,2.7147818,0,0.0,0,1.0,-0.3,6.8,93.2
2022-12-26 02:30:00,261.444541949994,234.1622998,234.194798533332,21.98888888,-7.098666666666667,14.0,2,5.1764362714980825,70.66250196097344,2,0,12,0.4999999999999999,0.8660254037844387,0.0,1.0,-2.4492935982947064e-16,1.0,0.0,0.0,0.0,18.05,39.8,9.5,73.5,-13.5,1.77521,0.0,-9.7,22.14444448,13.85,13.5,13.5,13.5,14.0,-29.087555546666664,-0.1555555599999998,-0.1066666666666673,-6.992,-7.206666666666666,22.28148147,-6.996888888888887,2.7147818,2.7098758,2.7288148,2.747996,2.7392251,0,0.0,0,1.0,-0.33,7.3,92.7
2022-12-26 02:45:00,283.51254779445003,236.945799572222,236.978298272222,22.14444448,-7.206666666666666,14.0,2,5.1764362714980825,70.66250196097344,2,0,12,0.4999999999999999,0.8660254037844387,0.0,1.0,-2.4492935982947064e-16,1.0,0.0,0.0,0.0,17.875,39.0,10.25,73.75,-13.5,1.7745868,0.0,-9.75,22.270370393333334,14.0,13.85,13.5,13.5,13.816666666666666,-29.351111146666668,0.1555556000000031,-0.1079999999999987,-7.098666666666667,-7.286,22.0925926,-7.099111111111109,2.7392251,2.7147818,2.7098758,2.7288148,2.7230191,0,0.0,0,1.0,-0.3,6.8,93.2
2022-12-26 03:00:00,279.537429172222,237.266897827778,237.29856326111,22.270370393333334,-7.286,13.816666666666666,2,5.1764362714980825,70.66250196097344,3,0,12,0.7071067811865476,0.7071067811865476,0.0,1.0,-2.4492935982947064e-16,1.0,0.0,0.0,0.0,17.7,38.2,11.0,74.0,-13.5,1.7739403,0.0,-9.8,22.31666665,14.0,14.0,13.85,13.5,13.5,-29.55637039333333,0.125925913333333,-0.0793333333333343,-7.206666666666666,-7.361999999999999,22.134567917777776,-7.197111111111109,2.7230191,2.7392251,2.7147818,2.7098758,2.6677039,0,0.0,0,1.0,-0.27,6.5,93.5
2022-12-26 03:15:00,260.72568188888,236.360267427778,236.394710533332,22.31666665,-7.361999999999999,13.5,2,5.1764362714980825,70.66250196097344,3,0,12,0.7071067811865476,0.7071067811865476,0.0,1.0,-2.4492935982947064e-16,1.0,0.0,0.0,0.0,17.35,37.825,8.25,74.5,-13.5,1.7759078,0.0,-9.875,22.353703686666663,13.816666666666666,14.0,14.0,13.85,13.5,-29.67866665,0.0462962566666647,-0.0759999999999987,-7.286,-7.436666666666667,22.243827174444448,-7.2848888888888865,2.6677039,2.7230191,2.7392251,2.7147818,2.6733916,0,0.0,0,1.0,-0.26,6.4,93.6
2022-12-26 03:30:00,262.69143658888004,236.111666255556,236.144720533332,22.353703686666663,-7.436666666666667,13.5,2,5.1764362714980825,70.66250196097344,3,0,12,0.7071067811865476,0.7071067811865476,0.0,1.0,-2.4492935982947064e-16,1.0,0.0,0.0,0.0,17.0,37.45,5.5,75.0,-13.5,1.7777908,0.0,-9.95,22.38333334,13.5,13.816666666666666,14.0,14.0,13.5,-29.790370353333333,0.0370370366666676,-0.0746666666666682,-7.361999999999999,-7.515333333333333,22.31358024333333,-7.361555555555554,2.6733916,2.6677039,2.7230191,2.7392251,2.677949,0,0.0,0,1.0,-0.25,6.3,93.7
2022-12-26 03:45:00,268.736472377776,234.185076655556,234.218408705554,22.38333334,-7.515333333333333,13.5,2,5.1764362714980825,70.66250196097344,3,0,12,0.7071067811865476,0.7071067811865476,0.0,1.0,-2.4492935982947064e-16,1.0,0.0,0.0,0.0,16.65,37.075,2.75,75.5,-13.5,1.77959,0.0,-10.025,22.35740739333333,13.5,13.5,13.816666666666666,14.0,13.5,-29.89866667333333,0.029629653333334,-0.078666666666666,-7.436666666666667,-7.684666666666667,22.351234558888887,-7.437999999999998,2.677949,2.6733916,2.6677039,2.7230191,2.673961,0,0.0,0,1.0,-0.25,6.3,93.7
2022-12-26 04:00:00,270.326130972222,235.681127927778,235.715015488888,22.35740739333333,-7.684666666666667,13.5,2,5.1764362714980825,70.66250196097344,4,0,12,0.8660254037844386,0.5000000000000001,0.0,1.0,-2.4492935982947064e-16,1.0,0.0,0.0,0.0,16.3,36.7,0.0,76.0,-13.5,1.781306,0.0,-10.1,22.38333334,13.5,13.5,13.5,13.816666666666666,13.5,-30.04207406,-0.0259259466666677,-0.1693333333333333,-7.515333333333333,-7.762666666666666,22.36481480666667,-7.545555555555553,2.673961,2.677949,2.6733916,2.6677039,2.677949,0,0.0,0,1.0,-0.25,6.3,93.7
2022-12-26 04:15:00,272.293830011112,232.274042016666,232.30709626111,22.38333334,-7.762666666666666,13.5,2,5.1764362714980825,70.66250196097344,4,0,12,0.8660254037844386,0.5000000000000001,0.0,1.0,-2.4492935982947064e-16,1.0,0.0,0.0,0.0,16.25,35.975,1.75,76.5,-13.5,1.7829401,0.0,-10.175,22.337037006666662,13.5,13.5,13.5,13.5,13.5,-30.146000006666668,0.0259259466666677,-0.0779999999999994,-7.684666666666667,-7.861999999999999,22.374691357777778,-7.65422222222222,2.677949,2.673961,2.677949,2.6733916,2.6708305,0,0.0,0,1.0,-0.25,6.3,93.7
2022-12-26 04:30:00,274.848450138886,234.764497927778,234.796718905554,22.337037006666662,-7.861999999999999,13.5,2,5.1764362714980825,70.66250196097344,4,0,12,0.8660254037844386,0.5000000000000001,0.0,1.0,-2.4492935982947064e-16,1.0,0.0,0.0,0.0,16.200000000000003,35.25,3.5,77.0,-13.5,1.784493,0.0,-10.25,22.32777775,13.5,13.5,13.5,13.5,13.5,-30.199037006666664,-0.0462963333333341,-0.099333333333333,-7.762666666666666,-7.903333333333333,22.359259246666667,-7.769777777777775,2.6708305,2.677949,2.673961,2.677949,2.669409,0,0.0,0,1.0,-0.26,6.4,93.6
2022-12-26 04:45:00,255.156460183326,229.590538227778,229.624425805554,22.32777775,-7.903333333333333,13.5,2,5.1764362714980825,70.66250196097344,4,0,12,0.8660254037844386,0.5000000000000001,0.0,1.0,-2.4492935982947064e-16,1.0,0.0,0.0,0.0,16.150000000000002,34.525,5.25,77.5,-13.5,1.7859648,0.0,-10.325,22.26111111333333,13.5,13.5,13.5,13.5,13.5,-30.23111108333333,-0.0092592566666667,-0.0413333333333341,-7.861999999999999,-7.954,22.34938269888889,-7.842666666666664,2.669409,2.6708305,2.677949,2.673961,2.6591926,0,0.0,0,1.0,-0.26,6.4,93.6
2022-12-26 05:00:00,224.634903277772,200.163659816666,200.193658649998,22.26111111333333,-7.954,13.5,2,5.1764362714980825,70.66250196097344,5,0,12,0.9659258262890684,0.2588190451025207,0.0,1.0,-2.4492935982947064e-16,1.0,0.0,0.0,0.0,16.1,33.8,7.0,78.0,-13.5,1.7873572,0.0,-10.4,21.93333333,13.5,13.5,13.5,13.5,13.55,-30.215111113333336,-0.0666666366666639,-0.0506666666666664,-7.903333333333333,-8.057333333333334,22.308641956666676,-7.906444444444442,2.6591926,2.669409,2.6708305,2.677949,2.6191165,0,0.0,0,1.0,-0.27,6.6,93.4
2022-12-26 05:15:00,131.31752495555202,97.155002527778,97.172501877776,21.93333333,-8.057333333333334,13.55,2,5.1764362714980825,70.66250196097344,5,0,12,0.9659258262890684,0.2588190451025207,0.0,1.0,-2.4492935982947064e-16,1.0,0.0,0.0,0.0,16.075000000000003,33.724999999999994,6.25,78.5,-13.525,1.7853,0.0,-10.5,21.22777774333333,13.5,13.5,13.5,13.5,13.966666666666669,-29.990666663333336,-0.3277777833333353,-0.1033333333333343,-7.954,-8.158,22.174074064444444,-7.971555555555554,2.6191165,2.6591926,2.669409,2.6708305,2.5917025,0,0.0,0,1.0,-0.35,7.5,92.5
2022-12-26 05:30:00,179.177832699996,134.496286583334,134.517119116666,21.22777774333333,-8.158,13.966666666666669,2,5.1764362714980825,70.66250196097344,5,0,12,0.9659258262890684,0.2588190451025207,0.0,1.0,-2.4492935982947064e-16,1.0,0.0,0.0,0.0,16.05,33.65,5.5,79.0,-13.55,1.7831612,0.0,-10.6,20.93333333,13.55,13.5,13.5,13.5,14.0,-29.385777743333332,-0.7055555866666658,-0.1006666666666653,-8.057333333333334,-8.213333333333333,21.80740739555556,-8.056444444444443,2.5917025,2.6191165,2.6591926,2.669409,2.5538502,0,0.0,0,1.0,-0.51,10.3,89.7
2022-12-26 05:45:00,250.36442960555,214.719188688888,214.749743049998,20.93333333,-8.213333333333333,14.0,2,5.1764362714980825,70.66250196097344,5,0,12,0.9659258262890684,0.2588190451025207,0.0,1.0,-2.4492935982947064e-16,1.0,0.0,0.0,0.0,16.025,33.575,4.75,79.5,-13.575,1.7809417,0.0,-10.7,21.229629653333333,13.966666666666669,13.55,13.5,13.5,14.0,-29.14666666333333,-0.2944444133333341,-0.0553333333333334,-8.158,-8.216666666666667,21.364814801111116,-8.142888888888885,2.5538502,2.5917025,2.6191165,2.6591926,2.5981674,0,0.0,0,1.0,-0.57,11.8,88.2
2022-12-26 06:00:00,258.94964168333,230.390506194446,230.423838244444,21.229629653333333,-8.216666666666667,14.0,2,5.1764362714980825,70.66250196097344,6,0,12,1.0,6.123233995736766e-17,0.0,1.0,-2.4492935982947064e-16,1.0,0.0,0.0,0.0,16.0,33.5,4.0,80.0,-13.6,1.7786423,0.0,-10.8,21.5166667,14.0,13.966666666666669,13.55,13.5,13.65,-29.44629632,0.2962963233333333,-0.0033333333333338,-8.213333333333333,-8.21,21.13024690888889,-8.195999999999998,2.5981674,2.5538502,2.5917025,2.6191165,2.57569,0,0.0,0,1.0,-0.5,10.3,89.7
2022-12-26 06:15:00,266.604057794438,234.457288016666,234.490342311108,21.5166667,-8.21,13.65,2,5.1764362714980825,70.66250196097344,6,0,12,1.0,6.123233995736766e-17,0.0,1.0,-2.4492935982947064e-16,1.0,0.0,0.0,0.0,15.625,33.5,3.75,80.25,-13.625,1.7741033,0.0,-10.875,21.67962964333333,14.0,14.0,13.966666666666669,13.55,13.5,-29.7266667,0.2870370466666649,0.0066666666666659,-8.216666666666667,-8.196666666666667,21.22654322777778,-8.213333333333331,2.57569,2.5981674,2.5538502,2.5917025,2.5715075,0,0.0,0,1.0,-0.44,9.1,90.9
2022-12-26 06:30:00,253.144596194438,228.694740711112,228.727794988888,21.67962964333333,-8.196666666666667,13.5,2,5.1764362714980825,70.66250196097344,6,0,12,1.0,6.123233995736766e-17,0.0,1.0,-2.4492935982947064e-16,1.0,0.0,0.0,0.0,15.25,33.5,3.5,80.5,-13.65,1.769552,0.0,-10.95,21.76666667,13.65,14.0,14.0,13.966666666666669,13.5,-29.87629631,0.1629629433333335,0.0133333333333336,-8.21,-8.186,21.47530866555556,-8.207777777777777,2.5715075,2.57569,2.5981674,2.5538502,2.5844705,0,0.0,0,1.0,-0.41,8.4,91.6
2022-12-26 06:45:00,265.07495224444,231.020758816666,231.052979794442,21.76666667,-8.186,13.5,2,5.1764362714980825,70.66250196097344,6,0,12,1.0,6.123233995736766e-17,0.0,1.0,-2.4492935982947064e-16,1.0,0.0,0.0,0.0,14.875,33.5,3.25,80.75,-13.675,1.7649885,0.0,-11.025,21.8296296,13.5,13.65,14.0,14.0,13.5,-29.95266667,0.0870370266666675,0.0106666666666672,-8.196666666666667,-8.234,21.654321004444444,-8.197555555555553,2.5844705,2.5715075,2.57569,2.5981674,2.5938833,0,0.0,0,1.0,-0.39,8.1,91.9
2022-12-26 07:00:00,286.193273994446,234.290905755556,234.323126733332,21.8296296,-8.234,13.5,2,5.1764362714980825,70.66250196097344,7,0,12,0.9659258262890684,-0.2588190451025206,0.0,1.0,-2.4492935982947064e-16,1.0,0.0,0.0,0.0,14.5,33.5,3.0,81.0,-13.7,1.7604132,0.0,-11.1,21.87777777,13.5,13.5,13.65,14.0,13.5,-30.0636296,0.0629629299999976,-0.048,-8.186,-8.224,21.758641971111118,-8.205555555555554,2.5938833,2.5844705,2.5715075,2.57569,2.6011014,0,0.0,0,1.0,-0.37,7.9,92.1
2022-12-26 07:15:00,263.750282999996,235.230034872222,235.264200205554,21.87777777,-8.224,13.5,2,5.1764362714980825,70.66250196097344,7,0,12,0.9659258262890684,-0.2588190451025206,0.0,1.0,-2.4492935982947064e-16,1.0,0.0,0.0,0.0,14.9,32.5,2.25,81.25,-13.6,1.7759172,0.0,-11.025,21.9407407,13.5,13.5,13.5,13.65,13.5,-30.10177777,0.0481481700000046,0.0099999999999997,-8.234,-8.21,21.82469134666667,-8.214666666666664,2.6011014,2.5938833,2.5844705,2.5715075,2.6105673,0,0.0,0,1.0,-0.36,7.7,92.3
2022-12-26 07:30:00,250.804689844436,226.40761,226.4401087,21.9407407,-8.21,13.5,2,5.1764362714980825,70.66250196097344,7,0,12,0.9659258262890684,-0.2588190451025206,0.0,1.0,-2.4492935982947064e-16,1.0,0.0,0.0,0.0,15.3,31.5,1.5,81.5,-13.5,1.791534,0.0,-10.95,21.90555555,13.5,13.5,13.5,13.5,13.5,-30.1507407,0.0629629299999976,0.0139999999999993,-8.224,-8.127333333333333,21.88271602333333,-8.222666666666663,2.6105673,2.6011014,2.5938833,2.5844705,2.6052742,0,0.0,0,1.0,-0.35,7.5,92.5
2022-12-26 07:45:00,263.852223288888,229.596371344444,229.628036744444,21.90555555,-8.127333333333333,13.5,2,5.1764362714980825,70.66250196097344,7,0,12,0.9659258262890684,-0.2588190451025206,0.0,1.0,-2.4492935982947064e-16,1.0,0.0,0.0,0.0,15.7,30.5,0.75,81.75,-13.4,1.8072641,0.0,-10.875,21.8888889,13.5,13.5,13.5,13.5,13.5,-30.03288888333333,-0.0351851500000002,0.0826666666666682,-8.21,-7.916666666666667,21.908024673333333,-8.18711111111111,2.6052742,2.6105673,2.6011014,2.5938833,2.60277,0,0.0,0,1.0,-0.35,7.6,92.4
2022-12-26 08:00:00,253.544580194438,226.063457083334,226.097622416666,21.8888889,-7.916666666666667,13.5,2,5.1764362714980825,70.66250196097344,8,0,12,0.8660254037844387,-0.4999999999999998,0.0,1.0,-2.4492935982947064e-16,1.0,0.0,0.0,0.0,16.1,29.5,0.0,82.0,-13.3,1.8231083,0.0,-10.8,21.87777779,13.5,13.5,13.5,13.5,13.5,-29.80555556666667,-0.0166666499999976,0.2106666666666656,-8.127333333333333,-7.700666666666667,21.911728383333337,-8.084666666666665,2.60277,2.6052742,2.6105673,2.6011014,2.6011014,0,0.0,0,1.0,-0.36,7.7,92.3
2022-12-26 08:15:00,258.74353876111,218.2554361,218.286545972222,21.87777779,-7.700666666666667,13.5,2,5.1764362714980825,70.66250196097344,8,0,12,0.8660254037844387,-0.4999999999999998,0.0,1.0,-2.4492935982947064e-16,1.0,1.25,0.3125,0.1041666666666666,15.6,30.05,0.0,81.75,-13.275,1.8244362,0.0,-10.75,21.64259261,13.5,13.5,13.5,13.5,13.5,-29.578444456666663,-0.0111111100000016,0.2160000000000002,-7.916666666666667,-7.444,21.89074074666667,-7.914888888888886,2.6011014,2.60277,2.6052742,2.6105673,2.5660071,0,0.0,0,1.0,-0.36,7.7,92.3
2022-12-26 08:30:00,148.312956111112,101.485107083334,101.503439716666,21.64259261,-7.444,13.5,2,5.1764362714980825,70.66250196097344,8,0,12,0.8660254037844387,-0.4999999999999998,0.0,1.0,-2.4492935982947064e-16,1.0,2.5,0.9375,0.3125,15.1,30.6,0.0,81.5,-13.25,1.8257451,0.0,-10.7,20.97777776,13.5,13.5,13.5,13.5,13.85,-29.08659261,-0.2351851799999984,0.2566666666666668,-7.700666666666667,-7.326,21.80308643333333,-7.687111111111109,2.5660071,2.6011014,2.60277,2.6052742,2.5330224,0,0.0,0,1.0,-0.41,8.6,91.4
2022-12-26 08:45:00,182.892683850006,136.70036508333402,136.7228642,20.97777776,-7.326,13.85,2,5.1764362714980825,70.66250196097344,8,0,12,0.8660254037844387,-0.4999999999999998,0.0,1.0,-2.4492935982947064e-16,1.0,3.75,1.875,0.625,14.6,31.15,0.0,81.25,-13.225,1.8270341,0.0,-10.65,20.707407386666667,13.5,13.5,13.5,13.5,14.0,-28.30377776,-0.6648148500000026,0.1180000000000003,-7.444,-6.884,21.49938272,-7.4902222222222195,2.5330224,2.5660071,2.6011014,2.60277,2.5204992,0,0.0,0,1.0,-0.56,11.6,88.4
2022-12-26 09:00:00,361.908300888888,244.589382683334,244.620214849998,20.707407386666667,-6.884,14.0,2,5.1764362714980825,70.66250196097344,9,0,12,0.7071067811865476,-0.7071067811865475,0.0,1.0,-2.4492935982947064e-16,1.0,5.0,3.125,1.0416666666666667,14.1,31.7,0.0,81.0,-13.2,1.8283043,0.0,-10.6,21.10000001,13.85,13.5,13.5,13.5,13.95,-27.591407386666667,-0.270370373333332,0.4419999999999993,-7.326,-6.667333333333334,21.109259252222223,-7.217999999999997,2.5204992,2.5330224,2.5660071,2.6011014,2.5694873,0,0.0,0,1.0,-0.62,13.1,86.9
2022-12-26 09:15:00,379.780919222224,297.830586316666,297.86864036111,21.10000001,-6.667333333333334,13.95,2,5.1764362714980825,70.66250196097344,9,0,12,0.7071067811865476,-0.7071067811865475,0.0,1.0,-2.4492935982947064e-16,1.0,28.0,9.8125,3.375,12.9,30.875,9.0,80.0,-13.05,1.8540187,0.0,-10.25,21.538888903333334,14.0,13.85,13.5,13.5,13.716666666666669,-27.76733334333333,0.3925926233333321,0.2166666666666667,-6.884,-6.372,20.928395052222225,-6.959111111111109,2.5694873,2.5204992,2.5330224,2.5660071,2.5916,0,0.0,0,1.0,-0.53,11.0,89.0
2022-12-26 09:30:00,291.386399594446,238.367687127778,238.399908105554,21.538888903333334,-6.372,13.716666666666669,2,5.1764362714980825,70.66250196097344,9,0,12,0.7071067811865476,-0.7071067811865475,0.0,1.0,-2.4492935982947064e-16,1.0,51.0,21.9375,7.625,11.7,30.05,18.0,79.0,-12.9,1.879648,0.0,-9.9,21.71111111,13.95,14.0,13.85,13.5,14.05,-27.910888903333333,0.4388888933333348,0.2953333333333336,-6.667333333333334,-6.112,21.115432100000003,-6.641111111111108,2.5916,2.5694873,2.5204992,2.5330224,2.6811447,0,0.0,0,1.0,-0.44,9.0,91.0
2022-12-26 09:45:00,273.137685172222,230.639107383334,230.672439416666,21.71111111,-6.112,14.05,2,5.1764362714980825,70.66250196097344,9,0,12,0.7071067811865476,-0.7071067811865475,0.0,1.0,-2.4492935982947064e-16,1.0,74.0,39.5,13.791666666666666,10.5,29.225,27.0,78.0,-12.75,1.9051719,0.0,-9.55,21.794444443333337,13.716666666666669,13.95,14.0,13.85,14.466666666666669,-27.82311111,0.1722222066666674,0.2599999999999998,-6.372,-5.832666666666666,21.450000007777778,-6.383777777777776,2.6811447,2.5916,2.5694873,2.5204992,2.7739778,0,0.0,0,1.0,-0.4,8.3,91.7
2022-12-26 10:00:00,278.373031283334,237.398559227778,237.43244673889,21.794444443333337,-5.832666666666666,14.466666666666669,2,5.1764362714980825,70.66250196097344,10,0,12,0.4999999999999999,-0.8660254037844387,0.0,1.0,-2.4492935982947064e-16,1.0,97.0,62.5,21.875,9.3,28.4,36.0,77.0,-12.6,1.9305696,0.0,-9.2,21.87777777,14.05,13.716666666666669,13.95,14.0,14.5,-27.62711111,0.0833333333333357,0.2793333333333336,-6.112,-5.407333333333333,21.681481485555555,-6.105555555555553,2.7739778,2.6811447,2.5916,2.5694873,2.7937753,0,0.0,0,1.0,-0.37,7.9,92.1
2022-12-26 10:15:00,281.183752066672,229.4508216,229.48220926111,21.87777777,-5.407333333333333,14.5,2,5.1764362714980825,70.66250196097344,10,0,12,0.4999999999999999,-0.8660254037844387,0.0,1.0,-2.4492935982947064e-16,1.0,130.75,88.1875,32.770833333333336,9.55,27.6,45.5,74.75,-12.5,1.9416047,0.0,-8.725,21.981481473333336,14.466666666666669,14.05,13.716666666666669,13.95,14.5,-27.285111103333332,0.0833333266666649,0.4253333333333335,-5.832666666666666,-5.3853333333333335,21.794444441111114,-5.783999999999998,2.7937753,2.7739778,2.6811447,2.5916,2.8105378,0,0.0,0,1.0,-0.35,7.6,92.4
2022-12-26 10:30:00,281.052368605554,240.2537228,240.287054783334,21.981481473333336,-5.3853333333333335,14.5,2,5.1764362714980825,70.66250196097344,10,0,12,0.4999999999999999,-0.8660254037844387,0.0,1.0,-2.4492935982947064e-16,1.0,164.5,116.5625,46.47916666666666,9.8,26.8,55.0,72.5,-12.4,1.9506475,0.0,-8.25,22.105555560000003,14.5,14.466666666666669,14.05,13.716666666666669,14.5,-27.366814806666667,0.1037037033333341,0.0219999999999993,-5.407333333333333,-5.178,21.88456789555556,-5.541777777777774,2.8105378,2.7937753,2.7739778,2.6811447,2.8307068,0,0.0,0,1.0,-0.33,7.3,92.7
2022-12-26 10:45:00,268.257047255548,243.022778716666,243.0586106,22.105555560000003,-5.178,14.5,2,5.1764362714980825,70.66250196097344,10,0,12,0.4999999999999999,-0.8660254037844387,0.0,1.0,-2.4492935982947064e-16,1.0,198.25,147.625,63.0,10.05,26.0,64.5,70.25,-12.3,1.9575591,0.0,-7.774999999999999,22.214814793333336,14.5,14.5,14.466666666666669,14.05,14.5,-27.283555560000003,0.1240740866666669,0.2073333333333336,-5.3853333333333335,-4.644666666666667,21.98827160111112,-5.323555555555553,2.8307068,2.8105378,2.7937753,2.7739778,2.848571,0,0.0,0,1.0,-0.3,6.9,93.1
2022-12-26 11:00:00,277.022529938882,244.44994386111,244.485220249998,22.214814793333336,-4.644666666666667,14.5,2,5.1764362714980825,70.66250196097344,11,0,12,0.258819045102521,-0.9659258262890682,0.0,1.0,-2.4492935982947064e-16,1.0,232.0,181.375,82.33333333333333,10.3,25.2,74.0,68.0,-12.2,1.9621956,0.0,-7.3,22.30555553,14.5,14.5,14.5,14.466666666666669,14.45,-26.85948146,0.1092592333333328,0.5333333333333332,-5.178,-4.718,22.10061727555556,-5.069333333333331,2.848571,2.8307068,2.8105378,2.7937753,2.8536074,0,0.0,0,1.0,-0.28,6.6,93.4
2022-12-26 11:15:00,270.205024766664,241.790327983334,241.824493250002,22.30555553,-4.718,14.45,2,5.1764362714980825,70.66250196097344,11,0,12,0.258819045102521,-0.9659258262890682,0.0,1.0,-2.4492935982947064e-16,1.0,258.5,213.3125,103.77083333333331,10.45,25.825,80.5,67.0,-12.075,1.9835455,0.0,-6.95,22.38518519333333,14.5,14.5,14.5,14.5,14.216666666666669,-27.02355553,0.0907407366666639,-0.0733333333333332,-4.644666666666667,-4.607333333333333,22.208641961111116,-4.846888888888887,2.8536074,2.848571,2.8307068,2.8105378,2.8204112,0,0.0,0,1.0,-0.26,6.4,93.6
2022-12-26 11:30:00,286.217995338886,246.729852627778,246.765129,22.38518519333333,-4.607333333333333,14.216666666666669,2,5.1764362714980825,70.66250196097344,11,0,12,0.258819045102521,-0.9659258262890682,0.0,1.0,-2.4492935982947064e-16,1.0,285.0,243.4375,127.3125,10.6,26.45,87.0,66.0,-11.95,2.0045247,0.0,-6.6,22.43333331,14.45,14.5,14.5,14.5,14.5,-26.992518526666665,0.0796296633333319,0.1106666666666669,-4.718,-4.782,22.301851838888894,-4.656666666666664,2.8204112,2.8536074,2.848571,2.8307068,2.8845918,0,0.0,0,1.0,-0.24,6.2,93.8
2022-12-26 11:45:00,292.576907605554,247.98980226111,248.024245333332,22.43333331,-4.782,14.5,2,5.1764362714980825,70.66250196097344,11,0,12,0.258819045102521,-0.9659258262890682,0.0,1.0,-2.4492935982947064e-16,1.0,311.5,271.75,152.95833333333334,10.75,27.075,93.5,65.0,-11.825,2.025104,0.0,-6.25,22.51666668,14.216666666666669,14.45,14.5,14.5,14.5,-27.21533331,0.0481481166666704,-0.1746666666666669,-4.607333333333333,-4.282,22.374691344444443,-4.702444444444442,2.8845918,2.8204112,2.8536074,2.848571,2.8984327,0,0.0,0,1.0,-0.23,6.1,93.9
2022-12-26 12:00:00,276.682265733328,243.23804783889,243.272768650002,22.51666668,-4.282,14.5,2,5.1764362714980825,70.66250196097344,12,0,12,1.2246467991473532e-16,-1.0,0.0,1.0,-2.4492935982947064e-16,1.0,338.0,298.25,180.70833333333331,10.9,27.7,100.0,64.0,-11.7,2.0452523,0.0,-5.9,22.5888889,14.5,14.216666666666669,14.45,14.5,14.5,-26.79866668,0.0833333699999983,0.5,-4.782,-4.244666666666666,22.44506172777778,-4.557111111111109,2.8984327,2.8845918,2.8204112,2.8536074,2.910473,0,0.0,0,1.0,-0.21,5.9,94.1
2022-12-26 12:15:00,243.21943766666,218.869578216666,218.901521388888,22.5888889,-4.244666666666666,14.5,2,5.1764362714980825,70.66250196097344,12,0,12,1.2246467991473532e-16,-1.0,0.0,1.0,-2.4492935982947064e-16,1.0,347.25,320.4375,207.3125,11.65,29.425,99.75,63.0,-11.65,2.0463617,0.0,-5.675000000000001,22.5592593,14.5,14.5,14.216666666666669,14.45,14.5,-26.833555566666664,0.0722222199999969,0.0373333333333336,-4.282,-4.6866666666666665,22.512962963333337,-4.43622222222222,2.910473,2.8984327,2.8845918,2.8204112,2.9055278,0,0.0,0,1.0,-0.19,5.8,94.2
2022-12-26 12:30:00,222.08778296666,196.69602076111,196.72685286111,22.5592593,-4.6866666666666665,14.5,2,5.1764362714980825,70.66250196097344,12,0,12,1.2246467991473532e-16,-1.0,0.0,1.0,-2.4492935982947064e-16,1.0,356.5,338.3125,232.77083333333331,12.4,31.15,99.5,62.0,-11.6,2.0468912,0.0,-5.45,22.30555558,14.5,14.5,14.5,14.216666666666669,14.2,-27.245925966666668,-0.0296295999999962,-0.4420000000000001,-4.244666666666666,-4.898666666666667,22.554938293333333,-4.404444444444442,2.9055278,2.910473,2.8984327,2.8845918,2.8042371,0,0.0,0,1.0,-0.2,5.8,94.2
2022-12-26 12:45:00,177.03736270555402,133.630487916666,133.652153733332,22.30555558,-4.898666666666667,14.2,2,5.1764362714980825,70.66250196097344,12,0,12,1.2246467991473532e-16,-1.0,0.0,1.0,-2.4492935982947064e-16,1.0,365.75,351.875,257.0833333333333,13.15,32.875,99.25,61.0,-11.55,2.0468237,0.0,-5.225,21.77962962666667,14.5,14.5,14.5,14.5,14.65,-27.204222246666667,-0.2537037200000007,-0.2120000000000006,-4.6866666666666665,-4.796,22.484567926666667,-4.609999999999998,2.8042371,2.9055278,2.910473,2.8984327,2.8067293,0,0.0,0,1.0,-0.26,6.4,93.6
2022-12-26 13:00:00,273.020745433332,232.909294355556,232.942070811112,21.77962962666667,-4.796,14.65,2,5.1764362714980825,70.66250196097344,13,0,12,-0.2588190451025208,-0.9659258262890684,0.0,1.0,-2.4492935982947064e-16,1.0,375.0,361.125,280.25,13.9,34.6,99.0,60.0,-11.5,2.046141,0.0,-5.0,21.95000001,14.2,14.5,14.5,14.5,14.95,-26.575629626666668,-0.5259259533333314,0.1026666666666669,-4.898666666666667,-4.710666666666667,22.21481483555556,-4.793777777777776,2.8067293,2.8042371,2.9055278,2.910473,2.892505,0,0.0,0,1.0,-0.38,7.9,92.1
2022-12-26 13:15:00,564.906291811108,245.994326483334,246.030158383334,21.95000001,-4.710666666666667,14.95,2,5.1764362714980825,70.66250196097344,13,0,12,-0.2588190451025208,-0.9659258262890684,0.0,1.0,-2.4492935982947064e-16,1.0,376.5,368.4375,300.7291666666667,13.525,34.225,99.0,59.75,-11.475,2.0560045,0.0,-4.875,22.216666673333336,14.65,14.2,14.5,14.5,14.533333333333331,-26.660666676666665,0.1703703833333314,0.0853333333333337,-4.796,-4.822,22.01172840555556,-4.801777777777776,2.892505,2.8067293,2.8042371,2.9055278,2.8554232,0,0.0,0,1.0,-0.34,7.3,92.7
2022-12-26 13:30:00,290.41727192777,255.938373155556,255.974205072222,22.216666673333336,-4.822,14.533333333333331,2,5.1764362714980825,70.66250196097344,13,0,12,-0.2588190451025208,-0.9659258262890684,0.0,1.0,-2.4492935982947064e-16,1.0,378.0,373.8125,318.5208333333333,13.15,33.85,99.0,59.5,-11.45,2.0658588,0.0,-4.75,22.42222219,14.95,14.65,14.2,14.5,14.5,-27.03866667333333,0.2666666633333356,-0.1113333333333335,-4.710666666666667,-4.822666666666667,21.982098770000004,-4.77622222222222,2.8554232,2.892505,2.8067293,2.8042371,2.882751,0,0.0,0,1.0,-0.28,6.6,93.4
2022-12-26 13:45:00,286.865469555548,260.321531122224,260.358474094446,22.42222219,-4.822666666666667,14.5,2,5.1764362714980825,70.66250196097344,13,0,12,-0.2588190451025208,-0.9659258262890684,0.0,1.0,-2.4492935982947064e-16,1.0,379.5,377.25,333.625,12.775,33.475,99.0,59.25,-11.425,2.0757036,0.0,-4.625,22.568518536666662,14.533333333333331,14.95,14.65,14.2,14.5,-27.244888856666662,0.2055555166666636,-0.0006666666666665,-4.822,-4.723333333333333,22.196296291111118,-4.785111111111109,2.882751,2.8554232,2.892505,2.8067293,2.9070728,0,0.0,0,1.0,-0.23,6.1,93.9
2022-12-26 14:00:00,267.477356161106,243.140551755556,243.174994761114,22.568518536666662,-4.723333333333333,14.5,2,5.1764362714980825,70.66250196097344,14,0,12,-0.4999999999999997,-0.8660254037844388,0.0,1.0,-2.4492935982947064e-16,1.0,381.0,378.75,346.0416666666667,12.4,33.1,99.0,59.0,-11.4,2.0855384,0.0,-4.5,22.65000002,14.5,14.533333333333331,14.95,14.65,14.2,-27.29185187,0.1462963466666664,0.0993333333333339,-4.822666666666667,-4.778666666666666,22.402469133333337,-4.789333333333331,2.9070728,2.882751,2.8554232,2.892505,2.8602684,0,0.0,0,1.0,-0.2,5.8,94.2
2022-12-26 14:15:00,284.85110558333,238.802392005554,238.837668394442,22.65000002,-4.778666666666666,14.2,2,5.1764362714980825,70.66250196097344,14,0,12,-0.4999999999999997,-0.8660254037844388,0.0,1.0,-2.4492935982947064e-16,1.0,368.5,376.75,355.2083333333333,11.875,32.2,99.25,58.75,-11.425,2.0767012,0.0,-4.5,22.6666667,14.5,14.5,14.533333333333331,14.95,14.466666666666669,-27.428666686666663,0.0814814833333343,-0.0553333333333334,-4.723333333333333,-4.868666666666667,22.54691358222222,-4.774888888888886,2.8602684,2.9070728,2.882751,2.8554232,2.9167688,0,0.0,0,1.0,-0.18,5.7,94.3
2022-12-26 14:30:00,283.40644112222,238.127418955556,238.160473183334,22.6666667,-4.868666666666667,14.466666666666669,2,5.1764362714980825,70.66250196097344,14,0,12,-0.4999999999999997,-0.8660254037844388,0.0,1.0,-2.4492935982947064e-16,1.0,356.0,371.25,361.125,11.35,31.3,99.5,58.5,-11.45,2.0678644,0.0,-4.5,22.70555555,14.2,14.5,14.5,14.533333333333331,14.45,-27.535333366666663,0.0166666800000001,-0.0900000000000007,-4.778666666666666,-5.0600000000000005,22.62839508555556,-4.790222222222219,2.9167688,2.8602684,2.9070728,2.882751,2.9199126,0,0.0,0,1.0,-0.18,5.6,94.4
2022-12-26 14:45:00,261.956465888884,237.587440572222,237.622161416666,22.70555555,-5.0600000000000005,14.45,2,5.1764362714980825,70.66250196097344,14,0,12,-0.4999999999999997,-0.8660254037844388,0.0,1.0,-2.4492935982947064e-16,1.0,343.5,362.25,363.7916666666667,10.825,30.4,99.75,58.25,-11.475,2.0590272,0.0,-4.5,22.742592586666667,14.466666666666669,14.2,14.5,14.5,14.033333333333331,-27.76555555,0.0388888499999993,-0.1913333333333335,-4.868666666666667,-5.272666666666667,22.67407409,-4.902444444444442,2.9199126,2.9167688,2.8602684,2.9070728,2.8417447,0,0.0,0,1.0,-0.17,5.6,94.4
2022-12-26 15:00:00,263.602233355552,236.286659255556,236.321935644444,22.742592586666667,-5.272666666666667,14.033333333333331,2,5.1764362714980825,70.66250196097344,15,0,12,-0.7071067811865471,-0.7071067811865479,0.0,1.0,-2.4492935982947064e-16,1.0,331.0,349.75,363.2083333333333,10.3,29.5,100.0,58.0,-11.5,2.0501902,0.0,-4.5,22.7777778,14.45,14.466666666666669,14.2,14.5,14.0,-28.015259253333333,0.0370370366666676,-0.2126666666666663,-5.0600000000000005,-5.263333333333334,22.70493827888889,-5.067111111111109,2.8417447,2.9199126,2.9167688,2.8602684,2.840717,0,0.0,0,1.0,-0.16,5.5,94.5
2022-12-26 15:15:00,269.826428777776,236.03500263889,236.068056866668,22.7777778,-5.263333333333334,14.0,2,5.1764362714980825,70.66250196097344,15,0,12,-0.7071067811865471,-0.7071067811865479,0.0,1.0,-2.4492935982947064e-16,1.0,309.0,334.875,360.0208333333333,10.025,28.525,100.0,58.0,-11.55,2.0465233,0.0,-4.525,22.7777778,14.033333333333331,14.45,14.466666666666669,14.2,14.0,-28.04111113333333,0.0351852133333316,0.0093333333333331,-5.272666666666667,-5.3100000000000005,22.741975312222223,-5.198666666666665,2.840717,2.8417447,2.9199126,2.9167688,2.840717,0,0.0,0,1.0,-0.15,5.5,94.5
2022-12-26 15:30:00,266.78071727777603,235.84667683889,235.880842122224,22.7777778,-5.3100000000000005,14.0,2,5.1764362714980825,70.66250196097344,15,0,12,-0.7071067811865471,-0.7071067811865479,0.0,1.0,-2.4492935982947064e-16,1.0,287.0,317.625,354.2291666666667,9.75,27.55,100.0,58.0,-11.6,2.0428617,0.0,-4.55,22.7777778,14.0,14.033333333333331,14.45,14.466666666666669,14.0,-28.0877778,0.0,-0.0466666666666668,-5.263333333333334,-5.3,22.766049395555555,-5.281999999999998,2.840717,2.840717,2.8417447,2.9199126,2.840717,0,0.0,0,1.0,-0.15,5.5,94.5
2022-12-26 15:45:00,274.361524966672,234.287850327778,234.321182311112,22.7777778,-5.3,14.0,2,5.1764362714980825,70.66250196097344,15,0,12,-0.7071067811865471,-0.7071067811865479,0.0,1.0,-2.4492935982947064e-16,1.0,265.0,298.0,345.8333333333333,9.475,26.575,100.0,58.0,-11.65,2.0392063,0.0,-4.574999999999999,22.7777778,14.0,14.0,14.033333333333331,14.45,14.0,-28.0777778,0.0,0.0100000000000006,-5.3100000000000005,-5.327333333333333,22.7777778,-5.2911111111111095,2.840717,2.840717,2.840717,2.8417447,2.840717,0,0.0,0,1.0,-0.15,5.5,94.5
2022-12-26 16:00:00,278.261369116666,234.220908555556,234.2539628,22.7777778,-5.327333333333333,14.0,2,5.1764362714980825,70.66250196097344,16,0,12,-0.8660254037844385,-0.5000000000000004,0.0,1.0,-2.4492935982947064e-16,1.0,243.0,276.0,334.8333333333333,9.2,25.6,100.0,58.0,-11.7,2.0355563,0.0,-4.6,22.7777778,14.0,14.0,14.0,14.033333333333331,14.0,-28.10511113333333,0.0,-0.0273333333333329,-5.3,-5.2860000000000005,22.7777778,-5.312444444444442,2.840717,2.840717,2.840717,2.840717,2.840717,0,0.0,0,1.0,-0.15,5.5,94.5
2022-12-26 16:15:00,259.320182461106,234.535062688888,234.569783533332,22.7777778,-5.2860000000000005,14.0,2,5.1764362714980825,70.66250196097344,16,0,12,-0.8660254037844385,-0.5000000000000004,0.0,1.0,-2.4492935982947064e-16,1.0,204.5,249.875,320.5,9.075,24.875,100.0,59.25,-11.65,2.0424633,0.0,-4.85,22.7777778,14.0,14.0,14.0,14.0,14.0,-28.0637778,0.0,0.0413333333333323,-5.327333333333333,-5.252,22.7777778,-5.304444444444442,2.840717,2.840717,2.840717,2.840717,2.840717,0,0.0,0,1.0,-0.15,5.5,94.5
2022-12-26 16:30:00,259.957934649998,235.144482744444,235.178925849998,22.7777778,-5.252,14.0,2,5.1764362714980825,70.66250196097344,16,0,12,-0.8660254037844385,-0.5000000000000004,0.0,1.0,-2.4492935982947064e-16,1.0,166.0,219.625,302.8333333333333,8.95,24.15,100.0,60.5,-11.6,2.048402,0.0,-5.1,22.78888888,14.0,14.0,14.0,14.0,14.05,-28.0297778,0.0,0.0340000000000006,-5.2860000000000005,-5.282,22.7777778,-5.288444444444441,2.840717,2.840717,2.840717,2.840717,2.8526783,0,0.0,0,1.0,-0.15,5.5,94.5
2022-12-26 16:45:00,192.391192977776,159.04086034444398,159.06474823889002,22.78888888,-5.282,14.05,2,5.1764362714980825,70.66250196097344,16,0,12,-0.8660254037844385,-0.5000000000000004,0.0,1.0,-2.4492935982947064e-16,1.0,127.5,185.25,281.8333333333333,8.825,23.425,100.0,61.75,-11.55,2.0534017,0.0,-5.35,22.39074078,14.0,14.0,14.0,14.0,14.466666666666669,-28.07088888,0.0111110799999991,-0.0300000000000002,-5.252,-5.252,22.78148149333333,-5.273333333333331,2.8526783,2.840717,2.840717,2.840717,2.8709245,0,0.0,0,1.0,-0.15,5.5,94.5
2022-12-26 17:00:00,176.079345527774,133.81353616111,133.833535377776,22.39074078,-5.252,14.466666666666669,2,5.1764362714980825,70.66250196097344,17,0,12,-0.9659258262890684,-0.2588190451025206,0.0,1.0,-2.4492935982947064e-16,1.0,89.0,146.75,257.5,8.7,22.7,100.0,63.0,-11.5,2.0574899,0.0,-5.6,21.95555558,14.05,14.0,14.0,14.0,14.5,-27.64274078,-0.3981481000000002,0.0300000000000002,-5.282,-5.286666666666666,22.65246915333333,-5.261999999999997,2.8709245,2.8526783,2.840717,2.840717,2.8063385,0,0.0,0,1.0,-0.24,6.2,93.8
2022-12-26 17:15:00,257.775244094446,218.233770283334,218.265157944444,21.95555558,-5.286666666666666,14.5,2,5.1764362714980825,70.66250196097344,17,0,12,-0.9659258262890684,-0.2588190451025206,0.0,1.0,-2.4492935982947064e-16,1.0,68.75,112.8125,232.52083333333331,8.95,21.7,100.0,65.0,-11.475,2.0659456,0.0,-5.975,22.105555573333334,14.466666666666669,14.05,14.0,14.0,14.5,-27.242222246666667,-0.4351851999999958,-0.0346666666666664,-5.252,-5.282666666666668,22.37839508,-5.273555555555553,2.8063385,2.8709245,2.8526783,2.840717,2.8307068,0,0.0,0,1.0,-0.34,7.4,92.6
2022-12-26 17:30:00,278.417751711112,248.229792611112,248.263680122224,22.105555573333334,-5.282666666666668,14.5,2,5.1764362714980825,70.66250196097344,17,0,12,-0.9659258262890684,-0.2588190451025206,0.0,1.0,-2.4492935982947064e-16,1.0,48.5,83.4375,206.89583333333331,9.2,20.7,100.0,67.0,-11.45,2.0722892,0.0,-6.35,22.355555560000003,14.5,14.466666666666669,14.05,14.0,14.5,-27.38822224,0.1499999933333313,0.0039999999999986,-5.286666666666666,-5.264,22.15061731111111,-5.273777777777776,2.8307068,2.8063385,2.8709245,2.8526783,2.871726,0,0.0,0,1.0,-0.3,6.9,93.1
2022-12-26 17:45:00,283.648653649998,252.5807297,252.615450511112,22.355555560000003,-5.264,14.5,2,5.1764362714980825,70.66250196097344,17,0,12,-0.9659258262890684,-0.2588190451025206,0.0,1.0,-2.4492935982947064e-16,1.0,28.25,58.625,180.625,9.45,19.7,100.0,69.0,-11.425,2.0766158,0.0,-6.725,22.564814836666663,14.5,14.5,14.466666666666669,14.05,14.316666666666666,-27.61955556,0.2499999866666691,0.0186666666666672,-5.282666666666668,-5.272,22.13888890444445,-5.277777777777775,2.871726,2.8307068,2.8063385,2.8709245,2.8697069,0,0.0,0,1.0,-0.25,6.3,93.7
2022-12-26 18:00:00,281.16347542777,256.814449227778,256.850558883334,22.564814836666663,-5.272,14.316666666666666,2,5.1764362714980825,70.66250196097344,18,0,12,-1.0,-1.8369701987210294e-16,0.0,1.0,-2.4492935982947064e-16,1.0,8.0,38.375,153.70833333333334,9.7,18.7,100.0,71.0,-11.4,2.0790174,0.0,-7.1,22.69444443,14.5,14.5,14.5,14.466666666666669,14.0,-27.83681483666666,0.2092592766666605,-0.008,-5.264,-5.237333333333334,22.341975323333333,-5.272888888888887,2.8697069,2.871726,2.8307068,2.8063385,2.8271797,0,0.0,0,1.0,-0.2,5.8,94.2
2022-12-26 18:15:00,290.40588338333,257.413036383334,257.449423811112,22.69444443,-5.237333333333334,14.0,2,5.1764362714980825,70.66250196097344,18,0,12,-1.0,-1.8369701987210294e-16,0.0,1.0,-2.4492935982947064e-16,1.0,6.0,22.6875,128.45833333333334,10.3,19.875,100.0,71.5,-11.475,2.0707712,0.0,-7.25,22.794444443333337,14.316666666666666,14.5,14.5,14.5,14.0,-27.93177776333333,0.129629593333334,0.0346666666666664,-5.272,-5.230666666666666,22.53827160888889,-5.257777777777775,2.8271797,2.8697069,2.871726,2.8307068,2.8434317,0,0.0,0,1.0,-0.17,5.6,94.4
2022-12-26 18:30:00,307.660192950006,257.013607911112,257.04805096666803,22.794444443333337,-5.230666666666666,14.0,2,5.1764362714980825,70.66250196097344,18,0,12,-1.0,-1.8369701987210294e-16,0.0,1.0,-2.4492935982947064e-16,1.0,4.0,11.5625,104.875,10.9,21.05,100.0,72.0,-11.55,2.0624266,0.0,-7.4,22.83888886,14.0,14.316666666666666,14.5,14.5,14.0,-28.025111110000005,0.1000000133333394,0.0066666666666677,-5.237333333333334,-5.263333333333334,22.68456790333333,-5.246666666666665,2.8434317,2.8271797,2.8697069,2.871726,2.8506796,0,0.0,0,1.0,-0.15,5.5,94.5
2022-12-26 18:45:00,288.746782966668,257.199989372222,257.236099044444,22.83888886,-5.263333333333334,14.0,2,5.1764362714980825,70.66250196097344,18,0,12,-1.0,-1.8369701987210294e-16,0.0,1.0,-2.4492935982947064e-16,1.0,2.0,5.0,82.95833333333333,11.5,22.225,100.0,72.5,-11.625,2.053987,0.0,-7.55,22.88518519333333,14.0,14.0,14.316666666666666,14.5,14.0,-28.102222193333333,0.0444444166666642,-0.0326666666666675,-5.230666666666666,-5.334666666666666,22.775925911111116,-5.243777777777775,2.8506796,2.8434317,2.8271797,2.8697069,2.8582475,0,0.0,0,1.0,-0.14,5.4,94.6
2022-12-26 19:00:00,261.456208149994,237.03662923889,237.070794588888,22.88518519333333,-5.334666666666666,14.0,2,5.1764362714980825,70.66250196097344,19,0,12,-0.9659258262890684,0.2588190451025203,0.0,1.0,-2.4492935982947064e-16,1.0,0.0,3.0,62.708333333333336,12.1,23.4,100.0,73.0,-11.7,2.0454557,0.0,-7.7,22.8888889,14.0,14.0,14.0,14.316666666666666,14.0,-28.21985186,0.0462963333333306,-0.0713333333333325,-5.263333333333334,-5.354,22.83950616555556,-5.27622222222222,2.8582475,2.8506796,2.8434317,2.8271797,2.8588545,0,0.0,0,1.0,-0.13,5.3,94.7
2022-12-26 19:15:00,272.038006911112,236.108888566668,236.142776127778,22.8888889,-5.354,14.0,2,5.1764362714980825,70.66250196097344,19,0,12,-0.9659258262890684,0.2588190451025203,0.0,1.0,-2.4492935982947064e-16,1.0,0.0,1.5,45.66666666666666,12.575,23.575,100.0,72.25,-11.725,2.0431454,0.0,-7.575,22.8888889,14.0,14.0,14.0,14.0,14.0,-28.2428889,0.0037037066666698,-0.0193333333333338,-5.334666666666666,-5.41,22.87098765111111,-5.31733333333333,2.8588545,2.8582475,2.8506796,2.8434317,2.8588545,0,0.0,0,1.0,-0.13,5.3,94.7
2022-12-26 19:30:00,262.32589554444,236.8413593,236.875524633332,22.8888889,-5.41,14.0,2,5.1764362714980825,70.66250196097344,19,0,12,-0.9659258262890684,0.2588190451025203,0.0,1.0,-2.4492935982947064e-16,1.0,0.0,0.5,31.83333333333333,13.05,23.75,100.0,71.5,-11.75,2.0405974,0.0,-7.45,22.8888889,14.0,14.0,14.0,14.0,14.0,-28.2988889,0.0,-0.056,-5.354,-5.389333333333334,22.88765433111111,-5.36622222222222,2.8588545,2.8588545,2.8582475,2.8506796,2.8588545,0,0.0,0,1.0,-0.13,5.3,94.7
2022-12-26 19:45:00,276.735041188892,236.959132388888,236.993575494442,22.8888889,-5.389333333333334,14.0,2,5.1764362714980825,70.66250196097344,19,0,12,-0.9659258262890684,0.2588190451025203,0.0,1.0,-2.4492935982947064e-16,1.0,0.0,0.0,21.20833333333333,13.525,23.925,100.0,70.75,-11.775,2.037808,0.0,-7.325,22.8888889,14.0,14.0,14.0,14.0,14.0,-28.27822223333333,0.0,0.0206666666666661,-5.41,-5.337999999999999,22.8888889,-5.384444444444443,2.8588545,2.8588545,2.8588545,2.8582475,2.8588545,0,0.0,0,1.0,-0.13,5.3,94.7
2022-12-26 20:00:00,284.84860551667,237.308840616666,237.341894894442,22.8888889,-5.337999999999999,14.0,2,5.1764362714980825,70.66250196097344,20,0,12,-0.8660254037844386,0.5000000000000001,0.0,1.0,-2.4492935982947064e-16,1.0,0.0,0.0,13.791666666666666,14.0,24.1,100.0,70.0,-11.8,2.034773,0.0,-7.2,22.92777775,14.0,14.0,14.0,14.0,14.0,-28.2268889,0.0,0.0513333333333347,-5.389333333333334,-5.3,22.8888889,-5.379111111111109,2.8588545,2.8588545,2.8588545,2.8588545,2.8652263,0,0.0,0,1.0,-0.13,5.3,94.7
2022-12-26 20:15:00,266.043246794442,237.66910393889,237.702991466668,22.92777775,-5.3,14.0,2,5.1764362714980825,70.66250196097344,20,0,12,-0.8660254037844386,0.5000000000000001,0.0,1.0,-2.4492935982947064e-16,1.0,0.0,0.0,8.0625,13.75,24.65,100.0,69.75,-11.75,2.042415,0.0,-7.1,22.9444444,14.0,14.0,14.0,14.0,14.0,-28.22777775,0.0388888499999993,0.0379999999999993,-5.337999999999999,-5.232666666666666,22.901851850000003,-5.3424444444444426,2.8652263,2.8588545,2.8588545,2.8588545,2.8679597,0,0.0,0,1.0,-0.12,5.3,94.7
2022-12-26 20:30:00,262.19423414444,237.561608272222,237.595218094442,22.9444444,-5.232666666666666,14.0,2,5.1764362714980825,70.66250196097344,20,0,12,-0.8660254037844386,0.5000000000000001,0.0,1.0,-2.4492935982947064e-16,1.0,0.0,0.0,4.020833333333333,13.5,25.200000000000003,100.0,69.5,-11.7,2.050046,0.0,-7.0,22.93888885,14.0,14.0,14.0,14.0,14.0,-28.177111066666665,0.0166666499999976,0.0673333333333339,-5.3,-5.154,22.92037035,-5.290222222222219,2.8679597,2.8652263,2.8588545,2.8588545,2.8670478,0,0.0,0,1.0,-0.12,5.3,94.7
2022-12-26 20:45:00,239.559861905546,209.872993644444,209.903547988888,22.93888885,-5.154,14.0,2,5.1764362714980825,70.66250196097344,20,0,12,-0.8660254037844386,0.5000000000000001,0.0,1.0,-2.4492935982947064e-16,1.0,0.0,0.0,1.6666666666666667,13.25,25.75,100.0,69.25,-11.65,2.057666,0.0,-6.9,22.709259266666667,14.0,14.0,14.0,14.0,14.0,-28.09288885,-0.0055555499999968,0.078666666666666,-5.232666666666666,-5.105333333333333,22.937037000000004,-5.228888888888887,2.8670478,2.8679597,2.8652263,2.8588545,2.8295822,0,0.0,0,1.0,-0.12,5.3,94.7
2022-12-26 21:00:00,151.89114644444,113.110197611112,113.12853026111,22.709259266666667,-5.105333333333333,14.0,2,5.1764362714980825,70.66250196097344,21,0,12,-0.7071067811865477,0.7071067811865474,0.0,1.0,-2.4492935982947064e-16,1.0,0.0,0.0,1.0,13.0,26.3,100.0,69.0,-11.6,2.065274,0.0,-6.8,22.12222223,14.0,14.0,14.0,14.0,14.35,-27.8145926,-0.2296295833333346,0.0486666666666666,-5.154,-5.055999999999999,22.86419750555556,-5.163999999999998,2.8295822,2.8670478,2.8679597,2.8652263,2.8041143,0,0.0,0,1.0,-0.17,5.6,94.4
2022-12-26 21:15:00,232.920127255556,192.458968016666,192.487300233332,22.12222223,-5.055999999999999,14.35,2,5.1764362714980825,70.66250196097344,21,0,12,-0.7071067811865477,0.7071067811865474,0.0,1.0,-2.4492935982947064e-16,1.0,0.0,0.0,0.5,12.975,26.575,100.0,68.75,-11.45,2.0880466,0.0,-6.6,22.133333366666665,14.0,14.0,14.0,14.0,14.5,-27.17822223,-0.5870370366666684,0.0493333333333341,-5.105333333333333,-4.964,22.59012344888889,-5.105111111111108,2.8041143,2.8295822,2.8670478,2.8679597,2.8352394,0,0.0,0,1.0,-0.3,6.9,93.1
2022-12-26 21:30:00,282.724246111112,249.235307988888,249.270584394442,22.133333366666665,-4.964,14.5,2,5.1764362714980825,70.66250196097344,21,0,12,-0.7071067811865477,0.7071067811865474,0.0,1.0,-2.4492935982947064e-16,1.0,0.0,0.0,0.1666666666666666,12.95,26.85,100.0,68.5,-11.3,2.1109886,0.0,-6.4,22.44444445,14.35,14.0,14.0,14.0,14.15,-27.097333366666668,0.0111111366666669,0.0919999999999987,-5.055999999999999,-4.88,22.32160495444445,-5.041777777777775,2.8352394,2.8041143,2.8295822,2.8670478,2.8167615,0,0.0,0,1.0,-0.3,6.8,93.2
2022-12-26 21:45:00,291.650555661114,256.740007755556,256.775006355556,22.44444445,-4.88,14.15,2,5.1764362714980825,70.66250196097344,21,0,12,-0.7071067811865477,0.7071067811865474,0.0,1.0,-2.4492935982947064e-16,1.0,0.0,0.0,0.0,12.925,27.125,100.0,68.25,-11.15,2.1341002,0.0,-6.2,22.64444443,14.5,14.35,14.0,14.0,14.0,-27.32444445,0.3111110833333335,0.0840000000000005,-4.964,-4.7860000000000005,22.23333334888889,-4.966666666666664,2.8167615,2.8352394,2.8041143,2.8295822,2.8190842,0,0.0,0,1.0,-0.23,6.1,93.9
2022-12-26 22:00:00,284.433622166668,259.974878388888,260.010988027778,22.64444443,-4.7860000000000005,14.0,2,5.1764362714980825,70.66250196097344,22,0,12,-0.5000000000000004,0.8660254037844384,0.0,1.0,-2.4492935982947064e-16,1.0,0.0,0.0,0.0,12.9,27.4,100.0,68.0,-11.0,2.1573815,0.0,-6.0,22.76666667,14.15,14.5,14.35,14.0,14.0,-27.43044443,0.1999999800000012,0.0939999999999994,-4.88,-4.772,22.407407415555557,-4.876666666666665,2.8190842,2.8167615,2.8352394,2.8041143,2.8389087,0,0.0,0,1.0,-0.18,5.7,94.3
2022-12-26 22:15:00,270.231412594442,245.77294643889,245.806556194446,22.76666667,-4.772,14.0,2,5.1764362714980825,70.66250196097344,22,0,12,-0.5000000000000004,0.8660254037844384,0.0,1.0,-2.4492935982947064e-16,1.0,0.0,0.0,0.0,12.8,27.4,100.0,68.75,-10.85,2.185135,0.0,-5.975,22.8296296,14.0,14.15,14.5,14.35,14.0,-27.53866667,0.1222222399999992,0.0140000000000002,-4.7860000000000005,-4.764,22.61851851666667,-4.812666666666664,2.8389087,2.8190842,2.8167615,2.8352394,2.8491688,0,0.0,0,1.0,-0.16,5.5,94.5
2022-12-26 22:30:00,291.26196005556,239.241541055556,239.272650911112,22.8296296,-4.764,14.0,2,5.1764362714980825,70.66250196097344,22,0,12,-0.5000000000000004,0.8660254037844384,0.0,1.0,-2.4492935982947064e-16,1.0,0.0,0.0,0.0,12.7,27.4,100.0,69.5,-10.7,2.2129807,0.0,-5.95,22.87222222,14.0,14.0,14.15,14.5,14.0,-27.5936296,0.0629629299999976,0.008,-4.772,-4.692666666666667,22.746913566666667,-4.773999999999998,2.8491688,2.8389087,2.8190842,2.8167615,2.8561273,0,0.0,0,1.0,-0.14,5.4,94.6
2022-12-26 22:45:00,278.57996748888803,239.460976711112,239.494308711112,22.87222222,-4.692666666666667,14.0,2,5.1764362714980825,70.66250196097344,22,0,12,-0.5000000000000004,0.8660254037844384,0.0,1.0,-2.4492935982947064e-16,1.0,0.0,0.0,0.0,12.6,27.4,100.0,70.25,-10.55,2.240919,0.0,-5.925000000000001,22.8888889,14.0,14.0,14.0,14.15,14.0,-27.56488888666667,0.0425926200000041,0.0713333333333334,-4.764,-4.63,22.82283949666667,-4.742888888888888,2.8561273,2.8491688,2.8389087,2.8190842,2.8588545,0,0.0,0,1.0,-0.13,5.4,94.6
2022-12-26 23:00:00,264.25137418888,239.768464444444,239.802074266664,22.8888889,-4.63,14.0,2,5.1764362714980825,70.66250196097344,23,0,12,-0.2588190451025215,0.965925826289068,0.0,1.0,-2.4492935982947064e-16,1.0,0.0,0.0,0.0,12.5,27.4,100.0,71.0,-10.4,2.2689517,0.0,-5.9,22.92777775,14.0,14.0,14.0,14.0,14.0,-27.5188889,0.0166666800000001,0.0626666666666668,-4.692666666666667,-4.566,22.86358024,-4.695555555555553,2.8588545,2.8561273,2.8491688,2.8389087,2.8652263,0,0.0,0,1.0,-0.13,5.3,94.7
2022-12-26 23:15:00,272.849363472218,239.707911316666,239.74096556111,22.92777775,-4.566,14.0,2,5.1764362714980825,70.66250196097344,23,0,12,-0.2588190451025215,0.965925826289068,0.0,1.0,-2.4492935982947064e-16,1.0,0.0,0.0,0.0,12.55,27.2,100.0,71.5,-10.325,2.2807934,0.0,-5.925000000000001,22.96481478666667,14.0,14.0,14.0,14.0,14.0,-27.49377775,0.0388888499999993,0.064,-4.63,-4.5280000000000005,22.89629629000001,-4.6295555555555525,2.8652263,2.8588545,2.8561273,2.8491688,2.8713052,0,0.0,0,1.0,-0.12,5.3,94.7
2022-12-26 23:30:00,267.437357761106,239.58986043889,239.62402573889,22.96481478666667,-4.5280000000000005,14.0,2,5.1764362714980825,70.66250196097344,23,0,12,-0.2588190451025215,0.965925826289068,0.0,1.0,-2.4492935982947064e-16,1.0,0.0,0.0,0.0,12.6,27.0,100.0,72.0,-10.25,2.2925844,0.0,-5.95,23.0,14.0,14.0,14.0,14.0,14.0,-27.49281478666667,0.0370370366666676,0.0379999999999993,-4.566,-4.476,22.92716047888889,-4.574666666666665,2.8713052,2.8652263,2.8588545,2.8561273,2.8770912,0,0.0,0,1.0,-0.11,5.3,94.7
2022-12-26 23:45:00,817.520075688888,239.906792194446,239.942624094446,23.0,-4.476,14.0,2,5.1764362714980825,70.66250196097344,23,0,12,-0.2588190451025215,0.965925826289068,0.0,1.0,-2.4492935982947064e-16,1.0,0.0,0.0,0.0,12.65,26.8,100.0,72.5,-10.175,2.3043242,0.0,-5.975,23.020370386666663,14.0,14.0,14.0,14.0,14.0,-27.476,0.0351852133333316,0.0520000000000004,-4.5280000000000005,-4.468000000000001,22.964197512222228,-4.523333333333331,2.8770912,2.8713052,2.8652263,2.8588545,2.8804457,0,0.0,0,1.0,-0.1,5.2,94.8
2022-12-27 00:00:00,743.907742516666,239.770964327778,239.805129644444,23.020370386666663,-4.468000000000001,14.0,2,5.1764362714980825,70.66250196097344,0,1,12,0.0,1.0,0.7818314824680298,0.6234898018587336,-2.4492935982947064e-16,1.0,0.0,0.0,0.0,12.7,26.6,100.0,73.0,-10.1,2.3160124,0.0,-6.0,23.0555556,14.0,14.0,14.0,14.0,14.0,-27.488370386666663,0.0203703866666664,0.0079999999999991,-4.476,-4.464666666666667,22.995061724444444,-4.490666666666665,2.8804457,2.8770912,2.8713052,2.8652263,2.886247,0,0.0,0,1.0,-0.1,5.2,94.8
2022-12-27 00:15:00,275.228434872222,239.63819183889,239.671801627778,23.0555556,-4.464666666666667,14.0,2,5.1764362714980825,70.66250196097344,0,1,12,0.0,1.0,0.7818314824680298,0.6234898018587336,-2.4492935982947064e-16,1.0,0.0,0.0,0.0,12.775,26.8,100.0,73.5,-10.1,2.3108168,0.0,-6.125,23.0555556,14.0,14.0,14.0,14.0,14.0,-27.520222266666668,0.0351852133333352,0.0033333333333338,-4.468000000000001,-4.406666666666666,23.025308662222223,-4.469555555555553,2.886247,2.8804457,2.8770912,2.8713052,2.886247,0,0.0,0,1.0,-0.09,5.2,94.8
2022-12-27 00:30:00,264.22415291110804,239.614581666668,239.648746983334,23.0555556,-4.406666666666666,14.0,2,5.1764362714980825,70.66250196097344,0,1,12,0.0,1.0,0.7818314824680298,0.6234898018587336,-2.4492935982947064e-16,1.0,0.0,0.0,0.0,12.85,27.0,100.0,74.0,-10.1,2.3055034,0.0,-6.25,23.0555556,14.0,14.0,14.0,14.0,14.0,-27.462222266666668,0.0,0.0580000000000007,-4.464666666666667,-4.316666666666666,23.04382719555556,-4.446444444444443,2.886247,2.886247,2.8804457,2.8770912,2.886247,0,0.0,0,1.0,-0.09,5.2,94.8
2022-12-27 00:45:00,267.253753988884,239.860127427778,239.894848272222,23.0555556,-4.316666666666666,14.0,2,5.1764362714980825,70.66250196097344,0,1,12,0.0,1.0,0.7818314824680298,0.6234898018587336,-2.4492935982947064e-16,1.0,0.0,0.0,0.0,12.925,27.2,100.0,74.5,-10.1,2.300074,0.0,-6.375,22.97407409,14.0,14.0,14.0,14.0,14.0,-27.372222266666668,0.0,0.0899999999999998,-4.406666666666666,-4.337999999999999,23.0555556,-4.395999999999997,2.886247,2.886247,2.886247,2.8804457,2.8728266,0,0.0,0,1.0,-0.09,5.2,94.8
2022-12-27 01:00:00,162.27684206666402,126.121899388888,126.143009694442,22.97407409,-4.337999999999999,14.0,2,5.1764362714980825,70.66250196097344,1,1,12,0.2588190451025207,0.9659258262890684,0.7818314824680298,0.6234898018587336,-2.4492935982947064e-16,1.0,0.0,0.0,0.0,13.0,27.4,100.0,75.0,-10.1,2.2945316,0.0,-6.5,22.46111108,14.0,14.0,14.0,14.0,14.35,-27.31207409,-0.0814815100000032,-0.0213333333333327,-4.316666666666666,-4.323333333333333,23.028395096666667,-4.353777777777775,2.8728266,2.886247,2.886247,2.886247,2.8593109,0,0.0,0,1.0,-0.11,5.2,94.8
2022-12-27 01:15:00,186.714197999992,146.186652316666,146.210540244444,22.46111108,-4.323333333333333,14.35,2,5.1764362714980825,70.66250196097344,1,1,12,0.2588190451025207,0.9659258262890684,0.7818314824680298,0.6234898018587336,-2.4492935982947064e-16,1.0,0.0,0.0,0.0,12.95,27.4,100.0,75.0,-10.075,2.3070984,0.025,-6.425,22.125925913333333,14.0,14.0,14.0,14.0,14.5,-26.784444413333336,-0.5129630099999964,0.0146666666666659,-4.337999999999999,-4.33,22.83024692333333,-4.325999999999997,2.8593109,2.8728266,2.886247,2.886247,2.8340302,0,0.0,0,1.0,-0.22,6.0,94.0
2022-12-27 01:30:00,232.124603761102,196.267704544444,196.296314566664,22.125925913333333,-4.33,14.5,2,5.1764362714980825,70.66250196097344,1,1,12,0.2588190451025207,0.9659258262890684,0.7818314824680298,0.6234898018587336,-2.4492935982947064e-16,1.0,0.0,0.0,0.0,12.9,27.4,100.0,75.0,-10.05,2.3197265,0.05,-6.35,22.25000001,14.35,14.0,14.0,14.0,14.45,-26.45592591333333,-0.335185166666669,-0.0066666666666668,-4.323333333333333,-4.324666666666667,22.52037036111111,-4.330444444444442,2.8340302,2.8593109,2.8728266,2.886247,2.844502,0,0.0,0,1.0,-0.3,6.8,93.2
2022-12-27 01:45:00,275.77841283889,238.8554454,238.888221872222,22.25000001,-4.324666666666667,14.45,2,5.1764362714980825,70.66250196097344,1,1,12,0.2588190451025207,0.9659258262890684,0.7818314824680298,0.6234898018587336,-2.4492935982947064e-16,1.0,0.0,0.0,0.0,12.85,27.4,100.0,75.0,-10.025,2.3324153,0.075,-6.275,22.52592592333333,14.5,14.35,14.0,14.0,14.033333333333331,-26.574666676666663,0.1240740966666678,0.0053333333333327,-4.33,-4.326666666666667,22.279012334444445,-4.325999999999998,2.844502,2.8340302,2.8593109,2.8728266,2.806641,0,0.0,0,1.0,-0.27,6.5,93.5
2022-12-27 02:00:00,272.754089449998,248.156462244444,248.192294144444,22.52592592333333,-4.326666666666667,14.033333333333331,2,5.1764362714980825,70.66250196097344,2,1,12,0.4999999999999999,0.8660254037844387,0.7818314824680298,0.6234898018587336,-2.4492935982947064e-16,1.0,0.0,0.0,0.0,12.8,27.4,100.0,75.0,-10.0,2.345165,0.1,-6.2,22.69444443,14.45,14.5,14.35,14.0,14.0,-26.85259259,0.2759259133333316,-0.0019999999999997,-4.324666666666667,-4.33,22.300617282222223,-4.327111111111109,2.806641,2.844502,2.8340302,2.8593109,2.8271797,0,0.0,0,1.0,-0.21,5.9,94.1
2022-12-27 02:15:00,273.925987005554,249.516407844444,249.551128672222,22.69444443,-4.33,14.0,2,5.1764362714980825,70.66250196097344,2,1,12,0.4999999999999999,0.8660254037844387,0.7818314824680298,0.6234898018587336,-2.4492935982947064e-16,1.0,0.0,0.0,0.0,12.775,27.4,99.75,75.0,-9.975,2.3409083,0.1,-6.225,22.81481483,14.033333333333331,14.45,14.5,14.35,14.0,-27.02444443,0.1685185066666648,-0.0033333333333329,-4.326666666666667,-4.404666666666667,22.490123454444443,-4.327111111111109,2.8271797,2.806641,2.844502,2.8340302,2.8467517,0,0.0,0,1.0,-0.17,5.6,94.4
2022-12-27 02:30:00,280.321008894446,234.721721872222,234.753109516666,22.81481483,-4.404666666666667,14.0,2,5.1764362714980825,70.66250196097344,2,1,12,0.4999999999999999,0.8660254037844387,0.7818314824680298,0.6234898018587336,-2.4492935982947064e-16,1.0,0.0,0.0,0.0,12.75,27.4,99.5,75.0,-9.95,2.3366587,0.1,-6.25,22.84999998,14.0,14.033333333333331,14.45,14.5,14.0,-27.219481496666667,0.1203704000000023,-0.0746666666666673,-4.33,-4.46,22.678395061111114,-4.353777777777776,2.8467517,2.8271797,2.806641,2.844502,2.8524952,0,0.0,0,1.0,-0.14,5.4,94.6
2022-12-27 02:45:00,263.904999027774,220.513956855556,220.544789005554,22.84999998,-4.46,14.0,2,5.1764362714980825,70.66250196097344,2,1,12,0.4999999999999999,0.8660254037844387,0.7818314824680298,0.6234898018587336,-2.4492935982947064e-16,1.0,0.0,0.0,0.0,12.725,27.4,99.25,75.0,-9.925,2.3324153,0.1,-6.275,22.8333333,14.0,14.0,14.033333333333331,14.45,14.0,-27.30999998,0.0351851500000002,-0.0553333333333325,-4.404666666666667,-4.464,22.786419746666667,-4.39822222222222,2.8524952,2.8467517,2.8271797,2.806641,2.8497734,0,0.0,0,1.0,-0.14,5.4,94.6
2022-12-27 03:00:00,247.047062255552,220.096473588888,220.128416777776,22.8333333,-4.464,14.0,2,5.1764362714980825,70.66250196097344,3,1,12,0.7071067811865476,0.7071067811865476,0.7818314824680298,0.6234898018587336,-2.4492935982947064e-16,1.0,0.0,0.0,0.0,12.7,27.4,99.0,75.0,-9.9,2.328179,0.1,-6.3,22.86666666,14.0,14.0,14.0,14.033333333333331,14.0,-27.2973333,-0.0166666800000001,-0.0040000000000004,-4.46,-4.444000000000001,22.832716036666667,-4.442888888888887,2.8497734,2.8524952,2.8467517,2.8271797,2.855219,0,0.0,0,1.0,-0.14,5.4,94.6
2022-12-27 03:15:00,251.23217264444,220.033420544444,220.065085994442,22.86666666,-4.444000000000001,14.0,2,5.1764362714980825,70.66250196097344,3,1,12,0.7071067811865476,0.7071067811865476,0.7818314824680298,0.6234898018587336,-2.4492935982947064e-16,1.0,0.0,0.0,0.0,12.45,27.125,99.0,76.0,-9.95,2.3251257,0.075,-6.5,22.85740739333333,14.0,14.0,14.0,14.0,14.0,-27.310666660000003,0.0333333600000003,0.0199999999999995,-4.464,-4.399333333333333,22.84999998,-4.455999999999999,2.855219,2.8497734,2.8524952,2.8467517,2.853705,0,0.0,0,1.0,-0.13,5.4,94.6
2022-12-27 03:30:00,250.04888672777,220.144804988888,220.176192649998,22.85740739333333,-4.399333333333333,14.0,2,5.1764362714980825,70.66250196097344,3,1,12,0.7071067811865476,0.7071067811865476,0.7818314824680298,0.6234898018587336,-2.4492935982947064e-16,1.0,0.0,0.0,0.0,12.2,26.85,99.0,77.0,-10.0,2.321615,0.05,-6.699999999999999,22.8888889,14.0,14.0,14.0,14.0,14.0,-27.256740726666663,-0.0092592666666675,0.0446666666666679,-4.444000000000001,-4.3340000000000005,22.852469117777776,-4.435777777777775,2.853705,2.855219,2.8497734,2.8524952,2.8588545,0,0.0,0,1.0,-0.13,5.4,94.6
2022-12-27 03:45:00,250.065830483326,220.336741744444,220.367573911108,22.8888889,-4.3340000000000005,14.0,2,5.1764362714980825,70.66250196097344,3,1,12,0.7071067811865476,0.7071067811865476,0.7818314824680298,0.6234898018587336,-2.4492935982947064e-16,1.0,0.0,0.0,0.0,11.95,26.575,99.0,78.0,-10.05,2.3176596,0.0249999999999999,-6.9,22.8888889,14.0,14.0,14.0,14.0,14.0,-27.2228889,0.0314815066666689,0.0653333333333323,-4.399333333333333,-4.326666666666667,22.87098765111111,-4.392444444444442,2.8588545,2.853705,2.855219,2.8497734,2.8588545,0,0.0,0,1.0,-0.13,5.3,94.7
2022-12-27 04:00:00,265.087174055548,220.5153457,220.545622288888,22.8888889,-4.326666666666667,14.0,2,5.1764362714980825,70.66250196097344,4,1,12,0.8660254037844386,0.5000000000000001,0.7818314824680298,0.6234898018587336,-2.4492935982947064e-16,1.0,0.0,0.0,0.0,11.7,26.3,99.0,79.0,-10.1,2.313273,0.0,-7.1,22.85555554,14.0,14.0,14.0,14.0,14.0,-27.21555556666667,0.0,0.0073333333333334,-4.3340000000000005,-4.346666666666667,22.878395064444447,-4.353333333333332,2.8588545,2.8588545,2.853705,2.855219,2.8534024,0,0.0,0,1.0,-0.13,5.3,94.7
2022-12-27 04:15:00,262.064239311108,220.690616505554,220.721448655552,22.85555554,-4.346666666666667,14.0,2,5.1764362714980825,70.66250196097344,4,1,12,0.8660254037844386,0.5000000000000001,0.7818314824680298,0.6234898018587336,-2.4492935982947064e-16,1.0,0.0,0.0,0.0,11.95,26.2,99.25,79.0,-10.05,2.3260095,0.0,-7.025,22.88518519333333,14.0,14.0,14.0,14.0,14.0,-27.20222220666667,-0.0333333600000003,-0.0199999999999995,-4.326666666666667,-4.512,22.87777778,-4.335777777777776,2.8534024,2.8588545,2.8588545,2.853705,2.8582475,0,0.0,0,1.0,-0.14,5.4,94.6
2022-12-27 04:30:00,245.79461248888,220.880053377776,220.912552111108,22.88518519333333,-4.512,14.0,2,5.1764362714980825,70.66250196097344,4,1,12,0.8660254037844386,0.5000000000000001,0.7818314824680298,0.6234898018587336,-2.4492935982947064e-16,1.0,0.0,0.0,0.0,12.2,26.1,99.5,79.0,-10.0,2.3388076,0.0,-6.949999999999999,22.8888889,14.0,14.0,14.0,14.0,14.05,-27.39718519333333,0.0296296533333304,-0.1653333333333329,-4.346666666666667,-4.531999999999999,22.876543211111112,-4.395111111111109,2.8582475,2.8534024,2.8588545,2.8588545,2.869065,0,0.0,0,1.0,-0.13,5.3,94.7
2022-12-27 04:45:00,246.495695477772,220.976438372222,221.008659333332,22.8888889,-4.531999999999999,14.05,2,5.1764362714980825,70.66250196097344,4,1,12,0.8660254037844386,0.5000000000000001,0.7818314824680298,0.6234898018587336,-2.4492935982947064e-16,1.0,0.0,0.0,0.0,12.45,26.0,99.75,79.0,-9.95,2.3516674,0.0,-6.875,22.86851851333333,14.0,14.0,14.0,14.0,14.466666666666669,-27.4208889,0.0037037066666698,-0.0199999999999995,-4.512,-4.561999999999999,22.876543211111112,-4.463555555555552,2.869065,2.8582475,2.8534024,2.8588545,2.950705,0,0.0,0,1.0,-0.13,5.3,94.7
2022-12-27 05:00:00,189.812407233332,153.764126972222,153.788292705554,22.86851851333333,-4.561999999999999,14.466666666666669,2,5.1764362714980825,70.66250196097344,5,1,12,0.9659258262890684,0.2588190451025207,0.7818314824680298,0.6234898018587336,-2.4492935982947064e-16,1.0,0.0,0.0,0.0,12.7,25.9,100.0,79.0,-9.9,2.3645895,0.0,-6.8,22.49444444,14.05,14.0,14.0,14.0,14.55,-27.43051851333333,-0.0203703866666664,-0.0300000000000002,-4.531999999999999,-4.6033333333333335,22.880864202222224,-4.53533333333333,2.950705,2.869065,2.8582475,2.8534024,2.904718,0,0.0,0,1.0,-0.13,5.3,94.7
2022-12-27 05:15:00,192.244809933332,153.397474988888,153.42080742222,22.49444444,-4.6033333333333335,14.55,2,5.1764362714980825,70.66250196097344,5,1,12,0.9659258262890684,0.2588190451025207,0.7818314824680298,0.6234898018587336,-2.4492935982947064e-16,1.0,0.0,0.0,0.0,12.9,26.625,100.0,78.25,-9.85,2.3679264,0.0,-6.65,22.190740743333333,14.466666666666669,14.05,14.0,14.0,14.966666666666669,-27.09777777333333,-0.3740740733333361,-0.0413333333333341,-4.561999999999999,-4.618,22.750617284444445,-4.565777777777774,2.904718,2.950705,2.869065,2.8582475,2.936178,0,0.0,0,1.0,-0.21,5.9,94.1
2022-12-27 05:30:00,277.1964117,237.145791588888,237.17912362222,22.190740743333333,-4.618,14.966666666666669,2,5.1764362714980825,70.66250196097344,5,1,12,0.9659258262890684,0.2588190451025207,0.7818314824680298,0.6234898018587336,-2.4492935982947064e-16,1.0,0.0,0.0,0.0,13.1,27.35,100.0,77.5,-9.8,2.3710163,0.0,-6.5,22.45000001,14.55,14.466666666666669,14.05,14.0,14.65,-26.80874074333333,-0.3037036966666662,-0.0146666666666668,-4.6033333333333335,-4.662000000000001,22.517901232222226,-4.594444444444442,2.936178,2.904718,2.950705,2.869065,2.9172246,0,0.0,0,1.0,-0.28,6.6,93.4
2022-12-27 05:45:00,293.42687353889,257.913571927778,257.948292755556,22.45000001,-4.662000000000001,14.65,2,5.1764362714980825,70.66250196097344,5,1,12,0.9659258262890684,0.2588190451025207,0.7818314824680298,0.6234898018587336,-2.4492935982947064e-16,1.0,0.0,0.0,0.0,13.3,28.075,100.0,76.75,-9.75,2.3738537,0.0,-6.35,22.696296323333332,14.966666666666669,14.55,14.466666666666669,14.05,14.5,-27.112000010000003,0.2592592666666675,-0.0440000000000004,-4.618,-4.723333333333333,22.378395064444447,-4.627777777777776,2.9172246,2.936178,2.904718,2.950705,2.9284616,0,0.0,0,1.0,-0.22,6.0,94.0
2022-12-27 06:00:00,270.71805977777603,244.886315255556,244.920480572222,22.696296323333332,-4.723333333333333,14.5,2,5.1764362714980825,70.66250196097344,6,1,12,1.0,6.123233995736766e-17,0.7818314824680298,0.6234898018587336,-2.4492935982947064e-16,1.0,0.0,0.0,0.0,13.5,28.8,100.0,76.0,-9.7,2.3764338,0.0,-6.2,22.82222221,14.65,14.966666666666669,14.55,14.466666666666669,14.5,-27.419629656666668,0.2462963133333353,-0.0613333333333319,-4.662000000000001,-4.778666666666667,22.44567902555556,-4.667777777777776,2.9284616,2.9172246,2.936178,2.904718,2.949672,0,0.0,0,1.0,-0.17,5.6,94.4
2022-12-27 06:15:00,264.890793044436,240.460103444444,240.4945465,22.82222221,-4.778666666666667,14.5,2,5.1764362714980825,70.66250196097344,6,1,12,1.0,6.123233995736766e-17,0.7818314824680298,0.6234898018587336,-2.4492935982947064e-16,1.0,0.0,0.0,0.0,13.75,29.25,99.75,75.75,-9.675,2.3815558,0.0,-6.125,22.88518519333333,14.5,14.65,14.966666666666669,14.55,14.5,-27.600888876666662,0.1259258866666641,-0.0553333333333343,-4.723333333333333,-4.830666666666668,22.656172847777786,-4.721333333333331,2.949672,2.9284616,2.9172246,2.936178,2.9603276,0,0.0,0,1.0,-0.14,5.4,94.6
2022-12-27 06:30:00,280.431282250002,240.429271294446,240.460936727778,22.88518519333333,-4.830666666666668,14.5,2,5.1764362714980825,70.66250196097344,6,1,12,1.0,6.123233995736766e-17,0.7818314824680298,0.6234898018587336,-2.4492935982947064e-16,1.0,0.0,0.0,0.0,14.0,29.700000000000003,99.5,75.5,-9.65,2.3866541,0.0,-6.050000000000001,22.93333331,14.5,14.5,14.65,14.966666666666669,14.5,-27.71585186,0.0629629833333318,-0.0520000000000004,-4.778666666666667,-4.793333333333334,22.80123457555556,-4.777555555555554,2.9603276,2.949672,2.9284616,2.9172246,2.9684987,0,0.0,0,1.0,-0.13,5.3,94.7
2022-12-27 06:45:00,289.470642944444,245.016310072222,245.04991986111,22.93333331,-4.793333333333334,14.5,2,5.1764362714980825,70.66250196097344,6,1,12,1.0,6.123233995736766e-17,0.7818314824680298,0.6234898018587336,-2.4492935982947064e-16,1.0,0.0,0.0,0.0,14.25,30.15,99.25,75.25,-9.625,2.3917296,0.0,-5.9750000000000005,23.01666668,14.5,14.5,14.5,14.65,14.5,-27.72666664333333,0.0481481166666704,0.0373333333333336,-4.830666666666668,-4.768,22.880246904444444,-4.800888888888887,2.9684987,2.9603276,2.949672,2.9284616,2.9826863,0,0.0,0,1.0,-0.11,5.3,94.7
2022-12-27 07:00:00,277.309740566664,245.9768272,246.012103572222,23.01666668,-4.768,14.5,2,5.1764362714980825,70.66250196097344,7,1,12,0.9659258262890684,-0.2588190451025206,0.7818314824680298,0.6234898018587336,-2.4492935982947064e-16,1.0,0.0,0.0,0.0,14.5,30.6,99.0,75.0,-9.6,2.39678,0.0,-5.9,23.046666704,14.5,14.5,14.5,14.5,14.5,-27.78466668,0.0833333699999983,0.025333333333334,-4.793333333333334,-4.728666666666666,22.94506172777778,-4.797333333333332,2.9826863,2.9684987,2.9603276,2.949672,2.9878082,0,0.0,0,1.0,-0.1,5.2,94.8
2022-12-27 07:15:00,268.461483511104,239.558750616666,239.59319372222,23.046666704,-4.728666666666666,14.5,2,5.1764362714980825,70.66250196097344,7,1,12,0.9659258262890684,-0.2588190451025206,0.7818314824680298,0.6234898018587336,-2.4492935982947064e-16,1.0,0.0,0.0,0.0,14.725,30.775,99.25,75.25,-9.45,2.431037,0.0,-5.75,23.030000024,14.5,14.5,14.5,14.5,14.5,-27.775333370666665,0.0300000239999995,0.0393333333333334,-4.768,-4.736,22.998888898,-4.763333333333331,2.9878082,2.9826863,2.9684987,2.9603276,2.9849615,0,0.0,0,1.0,-0.09,5.2,94.8
2022-12-27 07:30:00,249.537796072214,218.758749316666,218.791525838886,23.030000024,-4.736,14.5,2,5.1764362714980825,70.66250196097344,7,1,12,0.9659258262890684,-0.2588190451025206,0.7818314824680298,0.6234898018587336,-2.4492935982947064e-16,1.0,0.0,0.0,0.0,14.95,30.950000000000003,99.5,75.5,-9.3,2.4657218,0.0,-5.6,23.013333344,14.5,14.5,14.5,14.5,14.5,-27.766000024,-0.0166666800000001,-0.0073333333333334,-4.728666666666666,-4.724,23.031111136000003,-4.74422222222222,2.9849615,2.9878082,2.9826863,2.9684987,2.9821181,0,0.0,0,1.0,-0.09,5.2,94.8
2022-12-27 07:45:00,242.023096572218,218.733750316666,218.767915616666,23.013333344,-4.724,14.5,2,5.1764362714980825,70.66250196097344,7,1,12,0.9659258262890684,-0.2588190451025206,0.7818314824680298,0.6234898018587336,-2.4492935982947064e-16,1.0,0.0,0.0,0.0,15.175,31.125,99.75,75.75,-9.15,2.500839,0.0,-5.45,22.996666664,14.5,14.5,14.5,14.5,14.5,-27.737333344,-0.0166666800000001,0.0119999999999995,-4.736,-4.683333333333334,23.030000024000003,-4.729555555555553,2.9821181,2.9849615,2.9878082,2.9826863,2.9792755,0,0.0,0,1.0,-0.1,5.2,94.8
2022-12-27 08:00:00,260.02515416111,218.079887572222,218.110997477776,22.996666664,-4.683333333333334,14.5,2,5.1764362714980825,70.66250196097344,8,1,12,0.8660254037844387,-0.4999999999999998,0.7818314824680298,0.6234898018587336,-2.4492935982947064e-16,1.0,0.0,0.0,0.0,15.4,31.3,100.0,76.0,-9.0,2.5363925,0.0,-5.3,22.979999984000003,14.5,14.5,14.5,14.5,14.5,-27.679999997333333,-0.0166666800000001,0.0406666666666666,-4.724,-4.658,23.013333344,-4.714444444444442,2.9792755,2.9821181,2.9849615,2.9878082,2.976436,0,0.0,0,1.0,-0.1,5.2,94.8
2022-12-27 08:15:00,267.225421505562,217.280475083334,217.310751672222,22.979999984000003,-4.658,14.5,2,5.1764362714980825,70.66250196097344,8,1,12,0.8660254037844387,-0.4999999999999998,0.7818314824680298,0.6234898018587336,-2.4492935982947064e-16,1.0,1.0,0.25,0.0833333333333333,15.025,31.4,85.5,77.0,-9.025,2.5329447,0.0,-5.5,22.963333304,14.5,14.5,14.5,14.5,14.5,-27.637999984000004,-0.0166666799999966,0.0253333333333332,-4.683333333333334,-4.6066666666666665,22.996666664000003,-4.688444444444442,2.976436,2.9792755,2.9821181,2.9849615,2.9735992,0,0.0,0,1.0,-0.1,5.2,94.8
2022-12-27 08:30:00,240.104006505558,215.303887483334,215.337497288888,22.963333304,-4.6066666666666665,14.5,2,5.1764362714980825,70.66250196097344,8,1,12,0.8660254037844387,-0.4999999999999998,0.7818314824680298,0.6234898018587336,-2.4492935982947064e-16,1.0,2.0,0.75,0.25,14.65,31.5,71.0,78.0,-9.05,2.529013,0.0,-5.699999999999999,22.947777736,14.5,14.5,14.5,14.5,14.5,-27.569999970666665,-0.0166666800000037,0.0513333333333339,-4.658,-4.5280000000000005,22.979999984,-4.649333333333331,2.9735992,2.976436,2.9792755,2.9821181,2.9709532,0,0.0,0,1.0,-0.11,5.2,94.8
2022-12-27 08:45:00,244.671323988884,213.919220655556,213.9506083,22.947777736,-4.5280000000000005,14.5,2,5.1764362714980825,70.66250196097344,8,1,12,0.8660254037844387,-0.4999999999999998,0.7818314824680298,0.6234898018587336,-2.4492935982947064e-16,1.0,3.0,1.5,0.5,14.275,31.6,56.5,79.0,-9.075,2.5246081,0.0,-5.9,22.92407405,14.5,14.5,14.5,14.5,14.683333333333334,-27.475777736,-0.0155555679999999,0.078666666666666,-4.6066666666666665,-4.427333333333333,22.963703674666665,-4.597555555555554,2.9709532,2.9735992,2.976436,2.9792755,3.0044384,0,0.0,0,1.0,-0.11,5.3,94.7
2022-12-27 09:00:00,228.55280202222,189.883793227778,189.912403249998,22.92407405,-4.427333333333333,14.683333333333334,2,5.1764362714980825,70.66250196097344,9,1,12,0.7071067811865476,-0.7071067811865475,0.7818314824680298,0.6234898018587336,-2.4492935982947064e-16,1.0,4.0,2.5,0.8333333333333334,13.9,31.7,42.0,80.0,-9.1,2.5197442,0.0,-6.1,22.67222225,14.5,14.5,14.5,14.5,15.0,-27.35140738333333,-0.023703686000001,0.1006666666666671,-4.5280000000000005,-4.2,22.945061696666667,-4.520666666666664,3.0044384,2.9709532,2.9735992,2.976436,3.025264,0,0.0,0,1.0,-0.12,5.3,94.7
2022-12-27 09:15:00,148.210460311108,110.363640811112,110.383640044444,22.67222225,-4.2,15.0,2,5.1764362714980825,70.66250196097344,9,1,12,0.7071067811865476,-0.7071067811865475,0.7818314824680298,0.6234898018587336,-2.4492935982947064e-16,1.0,26.0,8.75,3.0,13.4,31.075,33.75,79.25,-9.025,2.5325975,0.0,-5.9,21.974074093333336,14.683333333333334,14.5,14.5,14.5,15.183333333333334,-26.87222225,-0.2518517999999972,0.2273333333333331,-4.427333333333333,-3.963333333333333,22.848024678666665,-4.385111111111109,3.025264,3.0044384,2.9709532,2.9735992,2.9417324,0,0.0,0,1.0,-0.17,5.6,94.4
2022-12-27 09:30:00,197.146558438882,154.127445788888,154.153000349998,21.974074093333336,-3.963333333333333,15.183333333333334,2,5.1764362714980825,70.66250196097344,9,1,12,0.7071067811865476,-0.7071067811865475,0.7818314824680298,0.6234898018587336,-2.4492935982947064e-16,1.0,48.0,20.25,7.0,12.9,30.45,25.5,78.5,-8.95,2.545225,0.0,-5.699999999999999,21.86666667,15.0,14.683333333333334,14.5,14.5,15.5,-25.93740742666667,-0.6981481566666652,0.2366666666666668,-4.2,-3.6166666666666663,22.523456797777783,-4.1968888888888864,2.9417324,3.025264,3.0044384,2.9709532,2.9845357,0,0.0,0,1.0,-0.33,7.2,92.8
2022-12-27 09:45:00,265.96047223889,225.211824516666,225.243767688888,21.86666667,-3.6166666666666663,15.5,2,5.1764362714980825,70.66250196097344,9,1,12,0.7071067811865476,-0.7071067811865475,0.7818314824680298,0.6234898018587336,-2.4492935982947064e-16,1.0,70.0,37.0,12.833333333333334,12.4,29.825,17.25,77.75,-8.875,2.5576162,0.0,-5.5,22.250000003333334,15.183333333333334,15.0,14.683333333333334,14.5,15.316666666666666,-25.483333336666664,-0.1074074233333384,0.3466666666666667,-3.963333333333333,-3.559333333333333,22.17098767111111,-3.926666666666665,2.9845357,2.9417324,3.025264,3.0044384,3.0151064,0,0.0,0,1.0,-0.35,7.6,92.4
2022-12-27 10:00:00,277.301963011112,246.671799383334,246.706520194446,22.250000003333334,-3.559333333333333,15.316666666666666,2,5.1764362714980825,70.66250196097344,10,1,12,0.4999999999999999,-0.8660254037844387,0.7818314824680298,0.6234898018587336,-2.4492935982947064e-16,1.0,92.0,59.0,20.5,11.9,29.2,9.0,77.0,-8.8,2.569766,0.0,-5.3,22.56666665,15.5,15.183333333333334,15.0,14.683333333333334,15.0,-25.80933333666667,0.3833333333333364,0.0573333333333332,-3.6166666666666663,-3.23,22.030246922222226,-3.713111111111109,3.0151064,2.9845357,2.9417324,3.025264,3.0069976,0,0.0,0,1.0,-0.26,6.5,93.5
2022-12-27 10:15:00,250.62358565556,223.280512855556,223.3127338,22.56666665,-3.23,15.0,2,5.1764362714980825,70.66250196097344,10,1,12,0.4999999999999999,-0.8660254037844387,0.7818314824680298,0.6234898018587336,-2.4492935982947064e-16,1.0,125.0,83.75,30.916666666666668,12.45,29.9,9.75,74.75,-8.8,2.5629318,0.0,-4.925,22.70370373,15.316666666666666,15.5,15.183333333333334,15.0,15.0,-25.79666665,0.3166666466666683,0.3293333333333335,-3.559333333333333,-2.8006666666666664,22.227777774444448,-3.4686666666666643,3.0069976,3.0151064,2.9845357,2.9417324,3.0307295,0,0.0,0,1.0,-0.19,5.8,94.2
2022-12-27 10:30:00,260.452359205558,224.308249544444,224.341303805554,22.70370373,-2.8006666666666664,15.0,2,5.1764362714980825,70.66250196097344,10,1,12,0.4999999999999999,-0.8660254037844387,0.7818314824680298,0.6234898018587336,-2.4492935982947064e-16,1.0,158.0,111.25,44.083333333333336,13.0,30.6,10.5,72.5,-8.8,2.5535772,0.0,-4.55,22.82777776,15.0,15.316666666666666,15.5,15.183333333333334,15.0,-25.504370396666665,0.1370370799999953,0.4293333333333335,-3.23,-2.374,22.506790127777776,-3.196666666666664,3.0307295,3.0069976,3.0151064,2.9845357,3.0523562,0,0.0,0,1.0,-0.16,5.6,94.4
2022-12-27 10:45:00,280.467391788896,231.195751783334,231.227972727778,22.82777776,-2.374,15.0,2,5.1764362714980825,70.66250196097344,10,1,12,0.4999999999999999,-0.8660254037844387,0.7818314824680298,0.6234898018587336,-2.4492935982947064e-16,1.0,191.0,141.5,60.0,13.55,31.3,11.25,70.25,-8.8,2.5415857,0.0,-4.175,22.95740738,15.0,15.0,15.316666666666666,15.5,15.0,-25.20177776,0.1240740300000027,0.4266666666666663,-2.8006666666666664,-2.466,22.699382713333332,-2.8015555555555536,3.0523562,3.0307295,3.0069976,3.0151064,3.075095,0,0.0,0,1.0,-0.13,5.4,94.6
2022-12-27 11:00:00,264.207208922228,225.523478683334,225.556532911112,22.95740738,-2.466,15.0,2,5.1764362714980825,70.66250196097344,11,1,12,0.258819045102521,-0.9659258262890682,0.7818314824680298,0.6234898018587336,-2.4492935982947064e-16,1.0,224.0,174.5,78.66666666666667,14.1,32.0,12.0,68.0,-8.8,2.5268376,0.0,-3.8,23.04444447,15.0,15.0,15.0,15.316666666666666,15.0,-25.42340738,0.1296296199999993,-0.092,-2.374,-2.318,22.82962962333333,-2.5468888888888865,3.075095,3.0523562,3.0307295,3.0069976,3.0904436,0,0.0,0,1.0,-0.11,5.2,94.8
2022-12-27 11:15:00,255.775601866668,224.976000616666,225.00822156111,23.04444447,-2.318,15.0,2,5.1764362714980825,70.66250196097344,11,1,12,0.258819045102521,-0.9659258262890682,0.7818314824680298,0.6234898018587336,-2.4492935982947064e-16,1.0,249.5,205.625,99.375,15.125,34.0,10.75,67.25,-8.75,2.5392697,0.0,-3.575,23.12777778666667,15.0,15.0,15.0,15.0,15.0,-25.36244447,0.087037089999999,0.1480000000000005,-2.466,-2.3846666666666665,22.94320987,-2.385999999999997,3.0904436,3.075095,3.0523562,3.0307295,3.105201,0,0.0,0,1.0,-0.09,5.2,94.8
2022-12-27 11:30:00,261.936744477772,226.086789483334,226.118177194442,23.12777778666667,-2.3846666666666665,15.0,2,5.1764362714980825,70.66250196097344,11,1,12,0.258819045102521,-0.9659258262890682,0.7818314824680298,0.6234898018587336,-2.4492935982947064e-16,1.0,275.0,234.875,122.125,16.15,36.0,9.5,66.5,-8.7,2.5513663,0.0,-3.35,23.17222225,15.0,15.0,15.0,15.0,15.0,-25.512444453333337,0.0833333166666712,-0.0666666666666668,-2.318,-2.465333333333333,23.043209878888888,-2.3895555555555528,3.105201,3.0904436,3.075095,3.0523562,3.1130972,0,0.0,0,1.0,-0.07,5.1,94.9
2022-12-27 11:45:00,243.00916832777,215.786923744444,215.817755877776,23.17222225,-2.465333333333333,15.0,2,5.1764362714980825,70.66250196097344,11,1,12,0.258819045102521,-0.9659258262890682,0.7818314824680298,0.6234898018587336,-2.4492935982947064e-16,1.0,300.5,262.25,146.91666666666666,17.175,38.0,8.25,65.75,-8.65,2.563116,0.0,-3.125,23.13703702666667,15.0,15.0,15.0,15.0,15.0,-25.63755558333333,0.0444444633333311,-0.0806666666666666,-2.3846666666666665,-2.3,23.11481483555556,-2.389333333333331,3.1130972,3.105201,3.0904436,3.075095,3.106845,0,0.0,0,1.0,-0.06,5.1,94.9
2022-12-27 12:00:00,159.303627733328,118.98746256111,119.006628477776,23.13703702666667,-2.3,15.0,2,5.1764362714980825,70.66250196097344,12,1,12,1.2246467991473532e-16,-1.0,0.7818314824680298,0.6234898018587336,-2.4492935982947064e-16,1.0,326.0,287.75,173.75,18.2,40.0,7.0,65.0,-8.6,2.5745053,0.0,-2.9,22.75000002,15.0,15.0,15.0,15.0,15.35,-25.43703702666667,-0.0351852233333325,0.1653333333333333,-2.465333333333333,-2.227333333333333,23.14567902111111,-2.38333333333333,3.106845,3.1130972,3.105201,3.0904436,3.109689,0,0.0,0,1.0,-0.06,5.1,94.9
2022-12-27 12:15:00,173.760549533324,119.0235722,119.04134932222,22.75000002,-2.227333333333333,15.35,2,5.1764362714980825,70.66250196097344,12,1,12,1.2246467991473532e-16,-1.0,0.7818314824680298,0.6234898018587336,-2.4492935982947064e-16,1.0,342.25,310.9375,200.10416666666663,17.975,40.625,22.75,64.75,-8.55,2.5873325,0.0,-2.775,22.5314815,15.0,15.0,15.0,15.0,15.5,-24.977333353333336,-0.3870370066666666,0.0726666666666666,-2.3,-2.036666666666666,23.019753098888888,-2.3308888888888863,3.109689,3.106845,3.1130972,3.105201,3.1009603,0,0.0,0,1.0,-0.15,5.5,94.5
2022-12-27 12:30:00,257.107770961106,199.417023016666,199.44646632222,22.5314815,-2.036666666666666,15.5,2,5.1764362714980825,70.66250196097344,12,1,12,1.2246467991473532e-16,-1.0,0.7818314824680298,0.6234898018587336,-2.4492935982947064e-16,1.0,358.5,331.8125,225.97916666666663,17.75,41.25,38.5,64.5,-8.5,2.6001604,0.0,-2.65,22.66111111,15.35,15.0,15.0,15.0,15.5,-24.568148166666663,-0.2185185200000035,0.1906666666666665,-2.227333333333333,-2.420666666666667,22.80617284888889,-2.187999999999997,3.1009603,3.109689,3.106845,3.1130972,3.1241145,0,0.0,0,1.0,-0.2,5.8,94.2
2022-12-27 12:45:00,419.31433783889,140.462159072222,140.485213716666,22.66111111,-2.420666666666667,15.5,2,5.1764362714980825,70.66250196097344,12,1,12,1.2246467991473532e-16,-1.0,0.7818314824680298,0.6234898018587336,-2.4492935982947064e-16,1.0,374.75,350.375,251.375,17.525,41.875,54.25,64.25,-8.45,2.612988,0.0,-2.525,22.598148156666664,15.5,15.35,15.0,15.0,15.683333333333334,-25.081777776666662,0.129629610000002,-0.3840000000000003,-2.036666666666666,-1.907333333333333,22.647530876666668,-2.22822222222222,3.1241145,3.1009603,3.109689,3.106845,3.1496685,0,0.0,0,1.0,-0.17,5.6,94.4
2022-12-27 13:00:00,207.299207849994,168.92296506111,168.948241833332,22.598148156666664,-1.907333333333333,15.683333333333334,2,5.1764362714980825,70.66250196097344,13,1,12,-0.2588190451025208,-0.9659258262890684,0.7818314824680298,0.6234898018587336,-2.4492935982947064e-16,1.0,391.0,366.625,276.2916666666667,17.3,42.5,70.0,64.0,-8.4,2.6258144,0.0,-2.4,22.5888889,15.5,15.5,15.35,15.0,15.95,-24.50548149,-0.0629629533333364,0.5133333333333336,-2.420666666666667,-2.04,22.596913588888885,-2.1215555555555534,3.1496685,3.1241145,3.1009603,3.109689,3.2015207,0,0.0,0,1.0,-0.18,5.7,94.3
2022-12-27 13:15:00,193.463372372218,159.436955583334,159.462232405554,22.5888889,-2.04,15.95,2,5.1764362714980825,70.66250196097344,13,1,12,-0.2588190451025208,-0.9659258262890684,0.7818314824680298,0.6234898018587336,-2.4492935982947064e-16,1.0,378.0,375.5625,297.375,17.125,41.775,77.5,63.5,-8.425,2.6144755,0.0,-2.35,22.43703705333333,15.683333333333334,15.5,15.5,15.35,15.716666666666669,-24.6288889,-0.0092592566666667,-0.1326666666666667,-1.907333333333333,-2.215333333333333,22.61604938888889,-2.1226666666666643,3.2015207,3.1496685,3.1241145,3.1009603,3.1272979,0,0.0,0,1.0,-0.18,5.7,94.3
2022-12-27 13:30:00,158.003401761114,114.837906266668,114.857072183334,22.43703705333333,-2.215333333333333,15.716666666666669,2,5.1764362714980825,70.66250196097344,13,1,12,-0.2588190451025208,-0.9659258262890684,0.7818314824680298,0.6234898018587336,-2.4492935982947064e-16,1.0,365.0,377.1875,314.625,16.950000000000003,41.05,85.0,63.0,-8.45,2.6030202,0.0,-2.3,22.08333333,15.95,15.683333333333334,15.5,15.5,16.0,-24.652370386666664,-0.1518518466666663,-0.1753333333333331,-2.04,-2.3320000000000003,22.541358036666665,-2.05422222222222,3.1272979,3.2015207,3.1496685,3.1241145,3.1195421,0,0.0,0,1.0,-0.22,6.0,94.0
2022-12-27 13:45:00,224.922669449998,179.966412172222,179.994466649998,22.08333333,-2.3320000000000003,16.0,2,5.1764362714980825,70.66250196097344,13,1,12,-0.2588190451025208,-0.9659258262890684,0.7818314824680298,0.6234898018587336,-2.4492935982947064e-16,1.0,352.0,371.5,328.0416666666667,16.775000000000002,40.325,92.5,62.5,-8.475,2.5914478,0.0,-2.25,22.277777796666665,15.716666666666669,15.95,15.683333333333334,15.5,16.0,-24.415333330000003,-0.3537037233333286,-0.1166666666666671,-2.215333333333333,-2.18,22.369753094444444,-2.195777777777776,3.1195421,3.1272979,3.2015207,3.1496685,3.1546595,0,0.0,0,1.0,-0.3,6.8,93.2
2022-12-27 14:00:00,288.978440433332,258.0988423,258.135785272222,22.277777796666665,-2.18,16.0,2,5.1764362714980825,70.66250196097344,14,1,12,-0.4999999999999997,-0.8660254037844388,0.7818314824680298,0.6234898018587336,-2.4492935982947064e-16,1.0,339.0,358.5,337.625,16.6,39.6,100.0,62.0,-8.5,2.5797577,0.0,-2.2,22.71111112,16.0,15.716666666666669,15.95,15.683333333333334,15.95,-24.457777796666665,0.1944444666666633,0.1520000000000005,-2.3320000000000003,-2.2626666666666666,22.266049393333333,-2.2424444444444425,3.1546595,3.1195421,3.1272979,3.2015207,3.2240446,0,0.0,0,1.0,-0.25,6.3,93.7
2022-12-27 14:15:00,268.153440149998,240.820922344444,240.857309788888,22.71111112,-2.2626666666666666,15.95,2,5.1764362714980825,70.66250196097344,14,1,12,-0.4999999999999997,-0.8660254037844388,0.7818314824680298,0.6234898018587336,-2.4492935982947064e-16,1.0,293.25,337.3125,341.2708333333333,16.3,39.325,100.0,61.75,-8.575,2.5693557,0.0,-2.2,22.912962943333333,16.0,16.0,15.716666666666669,15.95,15.716666666666669,-24.97377778666667,0.4333333233333363,-0.0826666666666668,-2.18,-2.4,22.35740741555556,-2.25822222222222,3.2240446,3.1546595,3.1195421,3.1272979,3.21383,0,0.0,0,1.0,-0.16,5.5,94.5
2022-12-27 14:30:00,176.76876246666,142.91733866111,142.941504411108,22.912962943333333,-2.4,15.716666666666669,2,5.1764362714980825,70.66250196097344,14,1,12,-0.4999999999999997,-0.8660254037844388,0.7818314824680298,0.6234898018587336,-2.4492935982947064e-16,1.0,247.5,307.9375,338.9791666666667,16.0,39.05,100.0,61.5,-8.65,2.5589533,0.0,-2.2,22.7277778,15.95,16.0,16.0,15.716666666666669,16.0,-25.31296294333333,0.2018518233333317,-0.1373333333333333,-2.2626666666666666,-2.44,22.633950620000004,-2.2808888888888865,3.21383,3.2240446,3.1546595,3.1195421,3.237243,0,0.0,0,1.0,-0.11,5.3,94.7
2022-12-27 14:45:00,216.601891261106,168.919354055556,168.945741933332,22.7277778,-2.44,16.0,2,5.1764362714980825,70.66250196097344,14,1,12,-0.4999999999999997,-0.8660254037844388,0.7818314824680298,0.6234898018587336,-2.4492935982947064e-16,1.0,201.75,270.375,330.75,15.7,38.775,100.0,61.25,-8.725,2.548551,0.0,-2.2,22.69629628,15.716666666666669,15.95,16.0,16.0,16.0,-25.167777800000003,-0.1851851433333315,-0.04,-2.4,-2.361333333333333,22.783950621111117,-2.367555555555553,3.237243,3.21383,3.2240446,3.1546595,3.2314057,0,0.0,0,1.0,-0.15,5.5,94.5
2022-12-27 15:00:00,236.028058450002,193.174772683334,193.2039382,22.69629628,-2.361333333333333,16.0,2,5.1764362714980825,70.66250196097344,15,1,12,-0.7071067811865471,-0.7071067811865479,0.7818314824680298,0.6234898018587336,-2.4492935982947064e-16,1.0,156.0,224.625,316.5833333333333,15.4,38.5,100.0,61.0,-8.8,2.5381489,0.0,-2.2,22.74444442,16.0,15.716666666666669,15.95,16.0,16.0,-25.057629613333336,-0.0314815199999998,0.0786666666666664,-2.44,-2.178,22.77901234111112,-2.400444444444442,3.2314057,3.237243,3.21383,3.2240446,3.2403374,0,0.0,0,1.0,-0.16,5.5,94.5
2022-12-27 15:15:00,174.989944672218,143.290101516666,143.315100533332,22.74444442,-2.178,16.0,2,5.1764362714980825,70.66250196097344,15,1,12,-0.7071067811865471,-0.7071067811865479,0.7818314824680298,0.6234898018587336,-2.4492935982947064e-16,1.0,146.25,187.875,300.25,15.05,37.6,100.0,60.5,-8.875,2.51293,0.0,-2.225,22.63888889333333,16.0,16.0,15.716666666666669,15.95,16.0,-24.92244442,0.048148139999995,0.1833333333333335,-2.361333333333333,-2.061333333333333,22.722839500000003,-2.326444444444442,3.2403374,3.2314057,3.237243,3.21383,3.220784,0,0.0,0,1.0,-0.15,5.4,94.6
2022-12-27 15:30:00,255.269511127774,219.271228849998,219.303449811108,22.63888889333333,-2.061333333333333,16.0,2,5.1764362714980825,70.66250196097344,15,1,12,-0.7071067811865471,-0.7071067811865479,0.7818314824680298,0.6234898018587336,-2.4492935982947064e-16,1.0,136.5,160.125,281.75,14.7,36.7,100.0,60.0,-8.95,2.4877899,0.0,-2.25,22.81111113,16.0,16.0,16.0,15.716666666666669,16.0,-24.700222226666668,-0.105555526666663,0.1166666666666667,-2.178,-2.219333333333333,22.693209864444444,-2.20022222222222,3.220784,3.2403374,3.2314057,3.237243,3.25274,0,0.0,0,1.0,-0.17,5.6,94.4
2022-12-27 15:45:00,189.530196255556,162.26184258333402,162.290452605554,22.81111113,-2.219333333333333,16.0,2,5.1764362714980825,70.66250196097344,15,1,12,-0.7071067811865471,-0.7071067811865479,0.7818314824680298,0.6234898018587336,-2.4492935982947064e-16,1.0,126.75,141.375,261.0833333333333,14.35,35.8,100.0,59.5,-9.025,2.4627297,0.0,-2.275,22.72407408333333,16.0,16.0,16.0,16.0,16.0,-25.03044446333333,0.1722222366666628,-0.1579999999999999,-2.061333333333333,-2.2266666666666666,22.731481481111118,-2.1528888888888864,3.25274,3.220784,3.2403374,3.2314057,3.2365565,0,0.0,0,1.0,-0.13,5.4,94.6
2022-12-27 16:00:00,213.34535476111,177.469012072222,177.496788777776,22.72407408333333,-2.2266666666666666,16.0,2,5.1764362714980825,70.66250196097344,16,1,12,-0.8660254037844385,-0.5000000000000004,0.7818314824680298,0.6234898018587336,-2.4492935982947064e-16,1.0,117.0,131.625,238.25,14.0,34.9,100.0,59.0,-9.1,2.4377491,0.0,-2.3,22.69999998,16.0,16.0,16.0,16.0,16.0,-24.95074075,-0.0870370466666621,-0.0073333333333334,-2.219333333333333,-2.2066666666666666,22.724691368888887,-2.1691111111111088,3.2365565,3.25274,3.220784,3.2403374,3.2320917,0,0.0,0,1.0,-0.15,5.5,94.5
2022-12-27 16:15:00,241.026747427778,186.3658784,186.394210616666,22.69999998,-2.2066666666666666,16.0,2,5.1764362714980825,70.66250196097344,16,1,12,-0.8660254037844385,-0.5000000000000004,0.7818314824680298,0.6234898018587336,-2.4492935982947064e-16,1.0,103.0,120.8125,215.33333333333331,12.8,34.275,87.75,59.75,-9.025,2.4600773,0.0,-2.35,22.764814806666667,16.0,16.0,16.0,16.0,16.0,-24.906666646666665,-0.0240741033333371,0.02,-2.2266666666666666,-2.252,22.74506173111111,-2.217555555555553,3.2320917,3.2365565,3.25274,3.220784,3.2441232,0,0.0,0,1.0,-0.16,5.5,94.5
2022-12-27 16:30:00,197.625150244444,163.11375297222202,163.139863077776,22.764814806666667,-2.252,16.0,2,5.1764362714980825,70.66250196097344,16,1,12,-0.8660254037844385,-0.5000000000000004,0.7818314824680298,0.6234898018587336,-2.4492935982947064e-16,1.0,89.0,108.9375,192.33333333333331,11.6,33.65,75.5,60.5,-8.95,2.4822156,0.0,-2.4,22.72222222,16.0,16.0,16.0,16.0,16.0,-25.016814806666662,0.0648148266666694,-0.0453333333333336,-2.2066666666666666,-2.329333333333333,22.72962962333333,-2.2284444444444422,3.2441232,3.2320917,3.2365565,3.25274,3.2362125,0,0.0,0,1.0,-0.14,5.4,94.6
2022-12-27 16:45:00,236.541926911108,209.284406072222,209.316071488888,22.72222222,-2.329333333333333,16.0,2,5.1764362714980825,70.66250196097344,16,1,12,-0.8660254037844385,-0.5000000000000004,0.7818314824680298,0.6234898018587336,-2.4492935982947064e-16,1.0,75.0,96.0,169.25,10.4,33.025,63.25,61.25,-8.875,2.5041642,0.0,-2.45,22.816666663333333,16.0,16.0,16.0,16.0,16.0,-25.051555553333333,-0.0425925866666681,-0.0773333333333328,-2.252,-2.4033333333333338,22.72901233555556,-2.2626666666666644,3.2362125,3.2441232,3.2320917,3.2365565,3.2537751,0,0.0,0,1.0,-0.15,5.5,94.5
2022-12-27 17:00:00,192.391470716666,153.590800588888,153.614688549998,22.816666663333333,-2.4033333333333338,16.0,2,5.1764362714980825,70.66250196097344,17,1,12,-0.9659258262890684,-0.2588190451025206,0.7818314824680298,0.6234898018587336,-2.4492935982947064e-16,1.0,61.0,82.0,146.08333333333334,9.2,32.4,51.0,62.0,-8.8,2.525924,0.0,-2.5,22.73888887,16.0,16.0,16.0,16.0,16.0,-25.219999996666665,0.0944444433333338,-0.0740000000000007,-2.329333333333333,-2.4166666666666665,22.76790123,-2.32822222222222,3.2537751,3.2362125,3.2441232,3.2320917,3.2393062,0,0.0,0,1.0,-0.13,5.4,94.6
2022-12-27 17:15:00,244.36966932222,215.841643755556,215.872753644444,22.73888887,-2.4166666666666665,16.0,2,5.1764362714980825,70.66250196097344,17,1,12,-0.9659258262890684,-0.2588190451025206,0.7818314824680298,0.6234898018587336,-2.4492935982947064e-16,1.0,48.25,68.3125,125.66666666666669,8.725,29.35,42.5,65.5,-8.75,2.5533702,0.0,-3.125,22.755555576666666,16.0,16.0,16.0,16.0,16.0,-25.155555536666668,-0.0777777933333325,-0.0133333333333327,-2.4033333333333338,-2.43,22.759259251111114,-2.3831111111111087,3.2393062,3.2537751,3.2362125,3.2441232,3.2424016,0,0.0,0,1.0,-0.15,5.5,94.5
2022-12-27 17:30:00,158.067843849994,114.537640544444,114.557917533332,22.755555576666666,-2.43,16.0,2,5.1764362714980825,70.66250196097344,17,1,12,-0.9659258262890684,-0.2588190451025206,0.7818314824680298,0.6234898018587336,-2.4492935982947064e-16,1.0,35.5,54.9375,108.0,8.25,26.3,34.0,69.0,-8.7,2.573136,0.0,-3.75,22.33888889,16.0,16.0,16.0,16.0,16.35,-25.185555576666665,0.0166667066666654,-0.0133333333333336,-2.4166666666666665,-2.492,22.77037037,-2.4166666666666643,3.2424016,3.2393062,3.2537751,3.2362125,3.2350168,0,0.0,0,1.0,-0.14,5.4,94.6
2022-12-27 17:45:00,266.154631188888,215.491102244444,215.520823305554,22.33888889,-2.492,16.35,2,5.1764362714980825,70.66250196097344,17,1,12,-0.9659258262890684,-0.2588190451025206,0.7818314824680298,0.6234898018587336,-2.4492935982947064e-16,1.0,22.75,41.875,93.08333333333331,7.774999999999999,23.25,25.5,72.5,-8.65,2.585766,0.0,-4.375,22.499999996666663,16.0,16.0,16.0,16.0,16.316666666666666,-24.83088889,-0.4166666866666659,-0.0619999999999998,-2.43,-2.472,22.611111112222225,-2.44622222222222,3.2350168,3.2424016,3.2393062,3.2537751,3.258449,0,0.0,0,1.0,-0.24,6.2,93.8
2022-12-27 18:00:00,291.70583146666,261.58342516111003,261.619534833332,22.499999996666663,-2.472,16.316666666666666,2,5.1764362714980825,70.66250196097344,18,1,12,-1.0,-1.8369701987210294e-16,0.7818314824680298,0.6234898018587336,-2.4492935982947064e-16,1.0,10.0,29.125,80.91666666666667,7.3,20.2,17.0,76.0,-8.6,2.5917783,0.0,-5.0,22.89444441,16.35,16.0,16.0,16.0,16.0,-24.971999996666668,0.1611111066666666,0.02,-2.492,-2.43,22.53148148777778,-2.4646666666666643,3.258449,3.2350168,3.2424016,3.2393062,3.268301,0,0.0,0,1.0,-0.2,5.8,94.2
2022-12-27 18:15:00,278.18081682222,250.909129883334,250.94523953889,22.89444441,-2.43,16.0,2,5.1764362714980825,70.66250196097344,18,1,12,-1.0,-1.8369701987210294e-16,0.7818314824680298,0.6234898018587336,-2.4492935982947064e-16,1.0,7.5,18.9375,69.35416666666667,7.825,19.2,37.5,77.25,-8.75,2.5688303,0.0,-5.35,23.120370373333333,16.316666666666666,16.35,16.0,16.0,16.0,-25.32444441,0.394444413333332,0.0419999999999998,-2.472,-2.4473333333333334,22.57777776555556,-2.4646666666666643,3.268301,3.258449,3.2350168,3.2424016,3.3108125,0,0.0,0,1.0,-0.11,5.3,94.7
2022-12-27 18:30:00,278.150817955556,243.5844229,243.618310444444,23.120370373333333,-2.4473333333333334,16.0,2,5.1764362714980825,70.66250196097344,18,1,12,-1.0,-1.8369701987210294e-16,0.7818314824680298,0.6234898018587336,-2.4492935982947064e-16,1.0,5.0,11.3125,58.395833333333336,8.35,18.2,58.0,78.5,-8.899999999999999,2.545225,0.0,-5.7,23.18333333,16.0,16.316666666666666,16.35,16.0,16.0,-25.567703706666663,0.225925963333335,-0.0173333333333332,-2.43,-2.552,22.83827159333333,-2.449777777777775,3.3108125,3.268301,3.258449,3.2350168,3.3227448,0,0.0,0,1.0,-0.06,5.1,94.9
2022-12-27 18:45:00,191.320958005554,149.34180387222202,149.363191949998,23.18333333,-2.552,16.0,2,5.1764362714980825,70.66250196097344,18,1,12,-1.0,-1.8369701987210294e-16,0.7818314824680298,0.6234898018587336,-2.4492935982947064e-16,1.0,2.5,6.25,48.04166666666666,8.875,17.2,78.5,79.75,-9.05,2.5210023,0.0,-6.050000000000001,22.91296295333333,16.0,16.0,16.316666666666666,16.35,16.0,-25.73533333,0.0629629566666665,-0.1046666666666666,-2.4473333333333334,-2.563333333333333,23.06604937111111,-2.4764444444444424,3.3227448,3.3108125,3.268301,3.258449,3.2717676,0,0.0,0,1.0,-0.05,5.0,95.0
2022-12-27 19:00:00,184.445955183334,141.517116855556,141.538227144444,22.91296295333333,-2.563333333333333,16.0,2,5.1764362714980825,70.66250196097344,19,1,12,-0.9659258262890684,0.2588190451025203,0.7818314824680298,0.6234898018587336,-2.4492935982947064e-16,1.0,0.0,3.75,38.29166666666666,9.4,16.2,99.0,81.0,-9.2,2.4962053,0.0,-6.4,22.70555557,16.0,16.0,16.0,16.316666666666666,16.0,-25.476296286666663,-0.2703703766666692,-0.0113333333333334,-2.552,-2.552,23.07222221888889,-2.5208888888888867,3.2717676,3.3227448,3.3108125,3.268301,3.2331212,0,0.0,0,1.0,-0.11,5.2,94.8
2022-12-27 19:15:00,257.749689716662,220.109528583334,220.13841636111,22.70555557,-2.552,16.0,2,5.1764362714980825,70.66250196097344,19,1,12,-0.9659258262890684,0.2588190451025203,0.7818314824680298,0.6234898018587336,-2.4492935982947064e-16,1.0,0.0,1.875,29.70833333333333,9.875,16.475,99.25,82.25,-9.1,2.5117564,0.0,-6.525,22.914814823333334,16.0,16.0,16.0,16.0,16.0,-25.25755557,-0.2074073833333294,0.0113333333333334,-2.563333333333333,-2.472,22.933950617777786,-2.5557777777777755,3.2331212,3.2717676,3.3227448,3.3108125,3.272114,0,0.0,0,1.0,-0.16,5.5,94.5
2022-12-27 19:30:00,216.895490516666,182.1102153,182.136047649998,22.914814823333334,-2.472,16.0,2,5.1764362714980825,70.66250196097344,19,1,12,-0.9659258262890684,0.2588190451025203,0.7818314824680298,0.6234898018587336,-2.4492935982947064e-16,1.0,0.0,0.625,22.291666666666668,10.35,16.75,99.5,83.5,-9.0,2.5267966,0.0,-6.65,22.86111109,16.0,16.0,16.0,16.0,16.0,-25.38681482333333,0.2092592533333324,0.08,-2.552,-2.444,22.84444444888889,-2.5291111111111086,3.272114,3.2331212,3.2717676,3.3227448,3.262069,0,0.0,0,1.0,-0.11,5.2,94.8
2022-12-27 19:45:00,173.517781111116,146.2699823,146.291925888888,22.86111109,-2.444,16.0,2,5.1764362714980825,70.66250196097344,19,1,12,-0.9659258262890684,0.2588190451025203,0.7818314824680298,0.6234898018587336,-2.4492935982947064e-16,1.0,0.0,0.0,16.041666666666668,10.825,17.025,99.75,84.75,-8.9,2.5413318,0.0,-6.775,22.687037036666663,16.0,16.0,16.0,16.0,16.0,-25.30511109,-0.0537037333333323,0.028,-2.472,-2.43,22.82716049444445,-2.489333333333331,3.262069,3.272114,3.2331212,3.2717676,3.2296903,0,0.0,0,1.0,-0.12,5.3,94.7
2022-12-27 20:00:00,244.196898416666,211.902356883334,211.930689116666,22.687037036666663,-2.43,16.0,2,5.1764362714980825,70.66250196097344,20,1,12,-0.8660254037844386,0.5000000000000001,0.7818314824680298,0.6234898018587336,-2.4492935982947064e-16,1.0,0.0,0.0,10.958333333333334,11.3,17.3,100.0,86.0,-8.8,2.555369,0.0,-6.9,22.75555558,16.0,16.0,16.0,16.0,16.0,-25.117037036666662,-0.1740740533333351,0.0139999999999997,-2.444,-2.4166666666666665,22.820987650000003,-2.4486666666666643,3.2296903,3.262069,3.272114,3.2331212,3.2424016,0,0.0,0,1.0,-0.16,5.5,94.5
2022-12-27 20:15:00,178.198427461106,124.634458872222,124.652235994442,22.75555558,-2.4166666666666665,16.0,2,5.1764362714980825,70.66250196097344,20,1,12,-0.8660254037844386,0.5000000000000001,0.7818314824680298,0.6234898018587336,-2.4492935982947064e-16,1.0,0.0,0.0,6.9375,11.1,18.475,100.0,84.75,-8.725000000000001,2.5693038,0.0,-6.625,22.50925929,16.0,16.0,16.0,16.0,16.183333333333334,-25.172222246666667,0.068518543333333,0.0133333333333336,-2.43,-2.43,22.76790123555556,-2.43022222222222,3.2424016,3.2296903,3.262069,3.272114,3.2335417,0,0.0,0,1.0,-0.14,5.4,94.6
2022-12-27 20:30:00,174.29663897222198,135.119317211112,135.139871988888,22.50925929,-2.43,16.183333333333334,2,5.1764362714980825,70.66250196097344,20,1,12,-0.8660254037844386,0.5000000000000001,0.7818314824680298,0.6234898018587336,-2.4492935982947064e-16,1.0,0.0,0.0,3.9791666666666665,10.9,19.65,100.0,83.5,-8.65,2.582629,0.0,-6.35,22.40555557,16.0,16.0,16.0,16.0,16.45,-24.93925929,-0.24629629,-0.0133333333333336,-2.4166666666666665,-2.44,22.65061730222222,-2.425555555555553,3.2335417,3.2424016,3.2296903,3.262069,3.2673008,0,0.0,0,1.0,-0.2,5.8,94.2
2022-12-27 20:45:00,226.967032155552,199.710066827778,199.738399077776,22.40555557,-2.44,16.45,2,5.1764362714980825,70.66250196097344,20,1,12,-0.8660254037844386,0.5000000000000001,0.7818314824680298,0.6234898018587336,-2.4492935982947064e-16,1.0,0.0,0.0,2.083333333333333,10.7,20.825,100.0,82.25,-8.575000000000001,2.5953176,0.0,-6.075,22.62592596,16.183333333333334,16.0,16.0,16.0,16.033333333333335,-24.84555557,-0.1037037199999986,-0.0099999999999997,-2.43,-2.433333333333333,22.556790146666668,-2.4288888888888867,3.2673008,3.2335417,3.2424016,3.2296903,3.225095,0,0.0,0,1.0,-0.22,6.0,94.0
2022-12-27 21:00:00,273.45878342777803,233.826202144444,233.856756538886,22.62592596,-2.433333333333333,16.033333333333335,2,5.1764362714980825,70.66250196097344,21,1,12,-0.7071067811865477,0.7071067811865474,0.7818314824680298,0.6234898018587336,-2.4492935982947064e-16,1.0,0.0,0.0,1.25,10.5,22.0,100.0,81.0,-8.5,2.607342,0.0,-5.8,22.85000001,16.45,16.183333333333334,16.0,16.0,16.0,-25.059259293333334,0.2203703899999993,0.0066666666666668,-2.44,-2.389333333333333,22.51358027333333,-2.434444444444442,3.225095,3.2673008,3.2335417,3.2424016,3.259994,0,0.0,0,1.0,-0.17,5.6,94.4
2022-12-27 21:15:00,197.806809694442,170.536789372222,170.560677316666,22.85000001,-2.389333333333333,16.0,2,5.1764362714980825,70.66250196097344,21,1,12,-0.7071067811865477,0.7071067811865474,0.7818314824680298,0.6234898018587336,-2.4492935982947064e-16,1.0,0.0,0.0,0.625,10.675,22.0,99.75,80.75,-8.55,2.5992944,0.0,-5.8,22.73518518333333,16.033333333333335,16.45,16.183333333333334,16.0,16.0,-25.23933334333333,0.2240740499999987,0.0439999999999995,-2.433333333333333,-2.386,22.627160513333333,-2.420888888888886,3.259994,3.225095,3.2673008,3.2335417,3.2386177,0,0.0,0,1.0,-0.12,5.3,94.7
2022-12-27 21:30:00,154.57048351667,115.120672755556,115.138172072222,22.73518518333333,-2.386,16.0,2,5.1764362714980825,70.66250196097344,21,1,12,-0.7071067811865477,0.7071067811865474,0.7818314824680298,0.6234898018587336,-2.4492935982947064e-16,1.0,0.0,0.0,0.2083333333333333,10.85,22.0,99.5,80.5,-8.6,2.5912473,0.0,-5.8,22.21111112,16.0,16.033333333333335,16.45,16.183333333333334,16.35,-25.12118518333333,-0.1148148266666666,0.0033333333333334,-2.389333333333333,-2.362,22.737037051111116,-2.402888888888887,3.2386177,3.259994,3.225095,3.2673008,3.211325,0,0.0,0,1.0,-0.15,5.5,94.5
2022-12-27 21:45:00,167.001375244444,113.286579472222,113.306023144444,22.21111112,-2.362,16.35,2,5.1764362714980825,70.66250196097344,21,1,12,-0.7071067811865477,0.7071067811865474,0.7818314824680298,0.6234898018587336,-2.4492935982947064e-16,1.0,0.0,0.0,0.0,11.025,22.0,99.25,80.25,-8.649999999999999,2.5832,0.0,-5.8,21.861111106666662,16.0,16.0,16.033333333333335,16.45,16.5,-24.57311112,-0.5240740633333303,0.024,-2.386,-2.313333333333333,22.59876543777777,-2.379111111111109,3.211325,3.2386177,3.259994,3.225095,3.176068,0,0.0,0,1.0,-0.27,6.5,93.5
2022-12-27 22:00:00,244.621325888888,213.427018144444,213.458128033332,21.861111106666662,-2.313333333333333,16.5,2,5.1764362714980825,70.66250196097344,22,1,12,-0.5000000000000004,0.8660254037844384,0.7818314824680298,0.6234898018587336,-2.4492935982947064e-16,1.0,0.0,0.0,0.0,11.2,22.0,99.0,80.0,-8.7,2.5751524,0.0,-5.8,22.20555556,16.35,16.0,16.0,16.033333333333335,16.45,-24.17444444,-0.3500000133333358,0.0486666666666666,-2.362,-2.3233333333333333,22.26913580333333,-2.3537777777777755,3.176068,3.211325,3.2386177,3.259994,3.2299323,0,0.0,0,1.0,-0.35,7.5,92.5
2022-12-27 22:15:00,269.745043083334,242.357249772222,242.391970583334,22.20555556,-2.3233333333333333,16.45,2,5.1764362714980825,70.66250196097344,22,1,12,-0.5000000000000004,0.8660254037844384,0.7818314824680298,0.6234898018587336,-2.4492935982947064e-16,1.0,0.0,0.0,0.0,11.3,22.45,99.25,79.25,-8.575,2.5928726,0.0,-5.575,22.598148166666665,16.5,16.35,16.0,16.0,16.033333333333335,-24.52888889333333,0.3444444533333346,-0.0099999999999997,-2.313333333333333,-2.33,22.09259259555556,-2.3328888888888866,3.2299323,3.176068,3.211325,3.2386177,3.2199585,0,0.0,0,1.0,-0.27,6.5,93.5
2022-12-27 22:30:00,267.19014538333,230.891875055556,230.924373772222,22.598148166666665,-2.33,16.033333333333335,2,5.1764362714980825,70.66250196097344,22,1,12,-0.5000000000000004,0.8660254037844384,0.7818314824680298,0.6234898018587336,-2.4492935982947064e-16,1.0,0.0,0.0,0.0,11.4,22.9,99.5,78.5,-8.45,2.610397,0.0,-5.35,22.85,16.45,16.5,16.35,16.0,16.0,-24.928148166666663,0.392592606666664,-0.0066666666666668,-2.3233333333333333,-2.3273333333333337,22.221604944444447,-2.32222222222222,3.2199585,3.2299323,3.176068,3.211325,3.259994,0,0.0,0,1.0,-0.18,5.7,94.3
2022-12-27 22:45:00,275.60869744444403,239.359869672222,239.393479511108,22.85,-2.3273333333333337,16.0,2,5.1764362714980825,70.66250196097344,22,1,12,-0.5000000000000004,0.8660254037844384,0.7818314824680298,0.6234898018587336,-2.4492935982947064e-16,1.0,0.0,0.0,0.0,11.5,23.35,99.75,77.75,-8.325,2.627718,0.0,-5.125,23.03333333,16.033333333333335,16.45,16.5,16.35,16.0,-25.177333333333337,0.2518518333333368,0.0026666666666663,-2.33,-2.338,22.551234575555554,-2.326888888888887,3.259994,3.2199585,3.2299323,3.176068,3.2943785,0,0.0,0,1.0,-0.12,5.3,94.7
2022-12-27 23:00:00,273.363509372226,230.19218086111,230.224679594442,23.03333333,-2.338,16.0,2,5.1764362714980825,70.66250196097344,23,1,12,-0.2588190451025215,0.965925826289068,0.7818314824680298,0.6234898018587336,-2.4492935982947064e-16,1.0,0.0,0.0,0.0,11.6,23.8,100.0,77.0,-8.2,2.644824,0.0,-4.9,23.15555557,16.0,16.033333333333335,16.45,16.5,16.0,-25.37133333,0.1833333299999999,-0.0106666666666663,-2.3273333333333337,-2.3233333333333333,22.82716049888889,-2.3317777777777757,3.2943785,3.259994,3.2199585,3.2299323,3.3174758,0,0.0,0,1.0,-0.08,5.1,94.9
2022-12-27 23:15:00,273.119352472226,229.752476183334,229.784141616666,23.15555557,-2.3233333333333333,16.0,2,5.1764362714980825,70.66250196097344,23,1,12,-0.2588190451025215,0.965925826289068,0.7818314824680298,0.6234898018587336,-2.4492935982947064e-16,1.0,0.0,0.0,0.0,11.775,24.15,100.0,77.25,-8.1,2.667744,0.0,-4.825,23.238888886666665,16.0,16.0,16.033333333333335,16.45,15.816666666666666,-25.47888890333333,0.1222222399999992,0.0146666666666668,-2.338,-2.401333333333333,23.012962966666667,-2.329555555555553,3.3174758,3.2943785,3.259994,3.2199585,3.2951105,0,0.0,0,1.0,-0.05,5.1,94.9
2022-12-27 23:30:00,260.705127094438,227.645616044444,227.676170438886,23.238888886666665,-2.401333333333333,15.816666666666666,2,5.1764362714980825,70.66250196097344,23,1,12,-0.2588190451025215,0.965925826289068,0.7818314824680298,0.6234898018587336,-2.4492935982947064e-16,1.0,0.0,0.0,0.0,11.95,24.5,100.0,77.5,-8.0,2.6908243,0.0,-4.75,23.3111111,16.0,16.0,16.0,16.033333333333335,15.5,-25.64022222,0.0833333166666641,-0.0780000000000002,-2.3233333333333333,-2.476,23.14259259555556,-2.35422222222222,3.2951105,3.3174758,3.2943785,3.259994,3.242479,0,0.0,0,1.0,-0.04,5.0,95.0
2022-12-27 23:45:00,254.222886294442,226.951477127778,226.98147596111,23.3111111,-2.476,15.5,2,5.1764362714980825,70.66250196097344,23,1,12,-0.2588190451025215,0.965925826289068,0.7818314824680298,0.6234898018587336,-2.4492935982947064e-16,1.0,0.0,0.0,0.0,12.125,24.85,100.0,77.75,-7.899999999999999,2.7140667,0.0,-4.675,23.30185185,15.816666666666666,16.0,16.0,16.0,15.5,-25.7871111,0.0722222133333367,-0.0746666666666664,-2.401333333333333,-2.556,23.235185185555554,-2.40022222222222,3.242479,3.2951105,3.3174758,3.2943785,3.2407658,0,0.0,0,1.0,-0.02,5.0,95.0
2022-12-28 00:00:00,258.458828116658,226.79648336111,226.827315494442,23.30185185,-2.556,15.5,2,5.1764362714980825,70.66250196097344,0,2,12,0.0,1.0,0.9749279121818236,-0.2225209339563143,-2.4492935982947064e-16,1.0,0.0,0.0,0.0,12.3,25.2,100.0,78.0,-7.8,2.7374725,0.0,-4.6,23.33888886,15.5,15.816666666666666,16.0,16.0,15.5,-25.85785185,-0.009259250000003,-0.08,-2.476,-2.544,23.283950612222224,-2.477777777777776,3.2407658,3.242479,3.2951105,3.3174758,3.2476215,0,0.0,0,1.0,-0.02,5.0,95.0
2022-12-28 00:15:00,277.799443177776,227.856718716666,227.88755088333,23.33888886,-2.544,15.5,2,5.1764362714980825,70.66250196097344,0,2,12,0.0,1.0,0.9749279121818236,-0.2225209339563143,-2.4492935982947064e-16,1.0,0.0,0.0,0.0,12.2,25.3,100.0,79.0,-7.8,2.742905,0.0,-4.75,23.40555554333333,15.5,15.5,15.816666666666666,16.0,15.5,-25.88288886,0.0370370100000023,0.012,-2.556,-2.54,23.31728393666667,-2.525333333333331,3.2476215,3.2407658,3.242479,3.2951105,3.2599952,0,0.0,0,1.0,-0.01,5.0,95.0
2022-12-28 00:30:00,371.829015127778,228.058377283334,228.088376133332,23.40555554333333,-2.54,15.5,2,5.1764362714980825,70.66250196097344,0,2,12,0.0,1.0,0.9749279121818236,-0.2225209339563143,-2.4492935982947064e-16,1.0,0.0,0.0,0.0,12.1,25.4,100.0,80.0,-7.8,2.7478695,0.0,-4.9,23.4444444,15.5,15.5,15.5,15.816666666666666,15.5,-25.94555554333333,0.0666666833333309,0.004,-2.544,-2.5,23.34876541777778,-2.546666666666664,3.2599952,3.2476215,3.2407658,3.242479,3.2672315,0,0.0,0,1.0,0.0,5.0,95.0
2022-12-28 00:45:00,492.218088538878,227.8200535,227.851441211108,23.4444444,-2.5,15.5,2,5.1764362714980825,70.66250196097344,0,2,12,0.0,1.0,0.9749279121818236,-0.2225209339563143,-2.4492935982947064e-16,1.0,0.0,0.0,0.0,12.0,25.5,100.0,81.0,-7.8,2.7523737,0.0,-5.05,23.4444444,15.5,15.5,15.5,15.5,15.5,-25.9444444,0.0388888566666665,0.04,-2.54,-2.464,23.39629626777778,-2.5279999999999974,3.2672315,3.2599952,3.2476215,3.2407658,3.2672315,0,0.0,0,1.0,0.01,5.0,95.0
2022-12-28 01:00:00,264.904959077772,227.314240383334,227.3434059,23.4444444,-2.464,15.5,2,5.1764362714980825,70.66250196097344,1,2,12,0.2588190451025207,0.9659258262890684,0.9749279121818236,-0.2225209339563143,-2.4492935982947064e-16,1.0,0.0,0.0,0.0,11.9,25.6,100.0,82.0,-7.8,2.7564275,0.0,-5.2,23.39999996,15.5,15.5,15.5,15.5,15.55,-25.9084444,0.0,0.036,-2.5,-2.3873333333333333,23.43148144777778,-2.501333333333331,3.2672315,3.2672315,3.2599952,3.2476215,3.2694755,0,0.0,0,1.0,0.01,5.0,95.0
2022-12-28 01:15:00,106.546015788888,79.285161816666,79.30016126666399,23.39999996,-2.3873333333333333,15.55,2,5.1764362714980825,70.66250196097344,1,2,12,0.2588190451025207,0.9659258262890684,0.9749279121818236,-0.2225209339563143,-2.4492935982947064e-16,1.0,0.0,0.0,0.0,12.1,25.4,100.0,82.0,-7.725,2.7713554,0.0,-5.125,22.84629629333333,15.5,15.5,15.5,15.5,16.15,-25.787333293333333,-0.0444444399999994,0.0766666666666666,-2.464,-2.2633333333333336,23.429629586666664,-2.4504444444444418,3.2694755,3.2672315,3.2672315,3.2599952,3.2898586,0,0.0,0,1.0,0.0,5.0,95.0
2022-12-28 01:30:00,153.721628755552,118.35637663889,118.376375888888,22.84629629333333,-2.2633333333333336,16.15,2,5.1764362714980825,70.66250196097344,1,2,12,0.2588190451025207,0.9659258262890684,0.9749279121818236,-0.2225209339563143,-2.4492935982947064e-16,1.0,0.0,0.0,0.0,12.3,25.200000000000003,100.0,82.0,-7.65,2.7863536,0.0,-5.050000000000001,22.46111108,15.55,15.5,15.5,15.5,16.5,-25.109629626666667,-0.5537036666666637,0.1239999999999996,-2.3873333333333333,-2.12,23.230246884444444,-2.371555555555553,3.2898586,3.2694755,3.2672315,3.2672315,3.2877095,0,0.0,0,1.0,-0.12,5.3,94.7
2022-12-28 01:45:00,213.984218022224,158.613377444444,158.634487716666,22.46111108,-2.12,16.5,2,5.1764362714980825,70.66250196097344,1,2,12,0.2588190451025207,0.9659258262890684,0.9749279121818236,-0.2225209339563143,-2.4492935982947064e-16,1.0,0.0,0.0,0.0,12.5,25.0,100.0,82.0,-7.575,2.801424,0.0,-4.9750000000000005,22.30185184,16.15,15.55,15.5,15.5,16.5,-24.581111080000003,-0.3851852133333331,0.1433333333333335,-2.2633333333333336,-1.984,22.90246911111112,-2.2568888888888865,3.2877095,3.2898586,3.2694755,3.2672315,3.2577503,0,0.0,0,1.0,-0.21,5.9,94.1
2022-12-28 02:00:00,156.530960877772,122.436769016666,122.457323794442,22.30185184,-1.984,16.5,2,5.1764362714980825,70.66250196097344,2,2,12,0.4999999999999999,0.8660254037844387,0.9749279121818236,-0.2225209339563143,-2.4492935982947064e-16,1.0,0.0,0.0,0.0,12.7,24.8,100.0,82.0,-7.5,2.816566,0.0,-4.9,21.88333336,16.5,16.15,15.55,15.5,16.85,-24.28585184,-0.1592592400000043,0.1360000000000003,-2.12,-1.948,22.536419737777777,-2.1224444444444424,3.2577503,3.2877095,3.2898586,3.2694755,3.2476008,0,0.0,0,1.0,-0.25,6.2,93.8
2022-12-28 02:15:00,216.477451755552,189.111046372222,189.139656394442,21.88333336,-1.948,16.85,2,5.1764362714980825,70.66250196097344,2,2,12,0.4999999999999999,0.8660254037844387,0.9749279121818236,-0.2225209339563143,-2.4492935982947064e-16,1.0,0.0,0.0,0.0,12.375,24.8,100.0,82.5,-7.4,2.8388343,0.0,-4.875,22.107407396666662,16.5,16.5,16.15,15.55,16.816666666666666,-23.83133336,-0.4185184799999994,0.0359999999999998,-1.984,-1.972,22.21543209333333,-2.017333333333331,3.2476008,3.2577503,3.2877095,3.2898586,3.2833192,0,0.0,0,1.0,-0.34,7.4,92.6
2022-12-28 02:30:00,282.384259694446,244.1610665,244.195509572222,22.107407396666662,-1.972,16.816666666666666,2,5.1764362714980825,70.66250196097344,2,2,12,0.4999999999999999,0.8660254037844387,0.9749279121818236,-0.2225209339563143,-2.4492935982947064e-16,1.0,0.0,0.0,0.0,12.05,24.8,100.0,83.0,-7.3,2.8611724,0.0,-4.85,22.583333340000003,16.85,16.5,16.5,16.15,16.5,-24.079407396666667,0.2240740366666678,-0.024,-1.948,-1.952,22.097530865555555,-1.9679999999999973,3.2833192,3.2476008,3.2577503,3.2877095,3.3108625,0,0.0,0,1.0,-0.29,6.7,93.3
2022-12-28 02:45:00,261.328990938886,232.036829288888,232.071550166664,22.583333340000003,-1.952,16.5,2,5.1764362714980825,70.66250196097344,2,2,12,0.4999999999999999,0.8660254037844387,0.9749279121818236,-0.2225209339563143,-2.4492935982947064e-16,1.0,0.0,0.0,0.0,11.725,24.8,100.0,83.5,-7.199999999999999,2.8835807,0.0,-4.825,22.86296293,16.816666666666666,16.85,16.5,16.5,16.5,-24.535333340000005,0.4759259433333369,0.0199999999999997,-1.972,-1.944,22.191358032222222,-1.957333333333331,3.3108625,3.2833192,3.2476008,3.2577503,3.3643646,0,0.0,0,1.0,-0.18,5.7,94.3
2022-12-28 03:00:00,283.661152916674,240.0203988,240.053453011112,22.86296293,-1.944,16.5,2,5.1764362714980825,70.66250196097344,3,2,12,0.7071067811865476,0.7071067811865476,0.9749279121818236,-0.2225209339563143,-2.4492935982947064e-16,1.0,0.0,0.0,0.0,11.4,24.8,100.0,84.0,-7.1,2.9060588,0.0,-4.8,23.033333350000003,16.5,16.816666666666666,16.85,16.5,16.45,-24.80696293,0.2796295899999954,0.0080000000000002,-1.952,-1.824,22.517901222222225,-1.9559999999999975,3.3643646,3.3108625,3.2833192,3.2476008,3.3870332,0,0.0,0,1.0,-0.12,5.3,94.7
2022-12-28 03:15:00,282.937015466664,233.125119055556,233.155951205554,23.033333350000003,-1.824,16.45,2,5.1764362714980825,70.66250196097344,3,2,12,0.7071067811865476,0.7071067811865476,0.9749279121818236,-0.2225209339563143,-2.4492935982947064e-16,1.0,0.0,0.0,0.0,11.275,24.175,100.0,84.0,-7.025,2.9217424,0.0,-4.725,23.13888890666667,16.5,16.5,16.816666666666666,16.85,16.216666666666665,-24.857333350000005,0.1703704200000046,0.1199999999999998,-1.944,-1.6406666666666667,22.82654320666667,-1.9066666666666643,3.3870332,3.3643646,3.3108625,3.2833192,3.3592,0,0.0,0,1.0,-0.08,5.1,94.9
2022-12-28 03:30:00,174.271362333328,143.340932816666,143.36315416111,23.13888890666667,-1.6406666666666667,16.216666666666665,2,5.1764362714980825,70.66250196097344,3,2,12,0.7071067811865476,0.7071067811865476,0.9749279121818236,-0.2225209339563143,-2.4492935982947064e-16,1.0,0.0,0.0,0.0,11.15,23.55,100.0,84.0,-6.949999999999999,2.9375002,0.0,-4.65,22.85000001,16.45,16.5,16.5,16.816666666666666,16.55,-24.779555573333337,0.1055555566666655,0.1833333333333333,-1.824,-1.5513333333333332,23.011728395555554,-1.8028888888888863,3.3592,3.3870332,3.3643646,3.3108625,3.3720562,0,0.0,0,1.0,-0.06,5.1,94.9
2022-12-28 03:45:00,142.620683877776,115.328720016666,115.347608211108,22.85000001,-1.5513333333333332,16.55,2,5.1764362714980825,70.66250196097344,3,2,12,0.7071067811865476,0.7071067811865476,0.9749279121818236,-0.2225209339563143,-2.4492935982947064e-16,1.0,0.0,0.0,0.0,11.025,22.925,100.0,84.0,-6.875,2.9533334,0.0,-4.575,22.457407396666667,16.216666666666665,16.45,16.5,16.5,16.966666666666665,-24.40133334333333,-0.2888888966666698,0.0893333333333334,-1.6406666666666667,-1.4606666666666668,23.007407422222222,-1.6719999999999977,3.3720562,3.3592,3.3870332,3.3643646,3.3799758,0,0.0,0,1.0,-0.12,5.3,94.7
2022-12-28 04:00:00,152.708891449998,118.619977244444,118.639143194442,22.457407396666667,-1.4606666666666668,16.966666666666665,2,5.1764362714980825,70.66250196097344,4,2,12,0.8660254037844386,0.5000000000000001,0.9749279121818236,-0.2225209339563143,-2.4492935982947064e-16,1.0,0.0,0.0,0.0,10.9,22.3,100.0,84.0,-6.8,2.9692411,0.0,-4.5,22.24999998,16.55,16.216666666666665,16.45,16.5,17.0,-23.918074063333336,-0.3925926133333313,0.0906666666666664,-1.5513333333333332,-1.3653333333333333,22.815432104444444,-1.5508888888888863,3.3799758,3.3720562,3.3592,3.3870332,3.3464732,0,0.0,0,1.0,-0.21,5.9,94.1
2022-12-28 04:15:00,190.413494305554,146.485806983334,146.50636176111,22.24999998,-1.3653333333333333,17.0,2,5.1764362714980825,70.66250196097344,4,2,12,0.8660254037844386,0.5000000000000001,0.9749279121818236,-0.2225209339563143,-2.4492935982947064e-16,1.0,0.0,0.0,0.0,10.825,22.125,100.0,83.75,-6.65,2.9977045,0.0,-4.325,22.29259261,16.966666666666665,16.55,16.216666666666665,16.45,17.0,-23.61533331333333,-0.207407416666669,0.0953333333333334,-1.4606666666666668,-1.2186666666666668,22.51913579555556,-1.4591111111111086,3.3464732,3.3799758,3.3720562,3.3592,3.3546824,0,0.0,0,1.0,-0.25,6.3,93.7
2022-12-28 04:30:00,271.890512827778,228.8350129,228.86528952222,22.29259261,-1.2186666666666668,17.0,2,5.1764362714980825,70.66250196097344,4,2,12,0.8660254037844386,0.5000000000000001,0.9749279121818236,-0.2225209339563143,-2.4492935982947064e-16,1.0,0.0,0.0,0.0,10.75,21.950000000000003,100.0,83.5,-6.5,3.0263565,0.0,-4.15,22.67222221,17.0,16.966666666666665,16.55,16.216666666666665,17.0,-23.511259276666667,0.0425926300000014,0.1466666666666665,-1.3653333333333333,-1.0766666666666669,22.333333328888887,-1.34822222222222,3.3546824,3.3464732,3.3799758,3.3720562,3.4286323,0,0.0,0,1.0,-0.24,6.2,93.8
2022-12-28 04:45:00,263.016145749994,226.713986627778,226.743429933332,22.67222221,-1.0766666666666669,17.0,2,5.1764362714980825,70.66250196097344,4,2,12,0.8660254037844386,0.5000000000000001,0.9749279121818236,-0.2225209339563143,-2.4492935982947064e-16,1.0,0.0,0.0,0.0,10.675,21.775,100.0,83.25,-6.35,3.0551982,0.0,-3.975,22.918518523333333,17.0,17.0,16.966666666666665,16.55,16.816666666666666,-23.748888876666665,0.3796295999999977,0.1419999999999999,-1.2186666666666668,-0.9766666666666668,22.404938266666665,-1.22022222222222,3.4286323,3.3546824,3.3464732,3.3799758,3.4398582,0,0.0,0,1.0,-0.16,5.5,94.5
2022-12-28 05:00:00,268.421484977776,233.363720594446,233.394552777776,22.918518523333333,-0.9766666666666668,16.816666666666666,2,5.1764362714980825,70.66250196097344,5,2,12,0.9659258262890684,0.2588190451025207,0.9749279121818236,-0.2225209339563143,-2.4492935982947064e-16,1.0,0.0,0.0,0.0,10.6,21.6,100.0,83.0,-6.2,3.084228,0.0,-3.8,23.10555558,17.0,17.0,17.0,16.966666666666665,16.5,-23.89518519,0.2462963133333353,0.1000000000000002,-1.0766666666666669,-0.85,22.62777778111111,-1.0906666666666645,3.4398582,3.4286323,3.3546824,3.3464732,3.4113855,0,0.0,0,1.0,-0.1,5.2,94.8
2022-12-28 05:15:00,207.636972038886,180.036131583334,180.062241705554,23.10555558,-0.85,16.5,2,5.1764362714980825,70.66250196097344,5,2,12,0.9659258262890684,0.2588190451025207,0.9749279121818236,-0.2225209339563143,-2.4492935982947064e-16,1.0,0.0,0.0,0.0,10.75,21.950000000000003,100.0,82.5,-6.0,3.131724,0.0,-3.5,22.981481496666667,16.816666666666666,17.0,17.0,17.0,16.683333333333334,-23.95555558,0.1870370566666679,0.1266666666666667,-0.9766666666666668,-0.7866666666666667,22.89876543777778,-0.9677777777777756,3.4113855,3.4398582,3.4286323,3.3546824,3.4249034,0,0.0,0,1.0,-0.06,5.1,94.9
2022-12-28 05:30:00,137.096738027782,103.224204183334,103.240870216666,22.981481496666667,-0.7866666666666667,16.683333333333334,2,5.1764362714980825,70.66250196097344,5,2,12,0.9659258262890684,0.2588190451025207,0.9749279121818236,-0.2225209339563143,-2.4492935982947064e-16,1.0,0.0,0.0,0.0,10.9,22.3,100.0,82.0,-5.800000000000001,3.1796603,0.0,-3.2,22.58333332,16.5,16.816666666666666,17.0,17.0,17.05,-23.768148163333333,-0.1240740833333333,0.0633333333333332,-0.85,-0.6753333333333333,23.00185186666667,-0.8711111111111087,3.4249034,3.4113855,3.4398582,3.4286323,3.421224,0,0.0,0,1.0,-0.09,5.2,94.8
2022-12-28 05:45:00,172.268664461114,118.834690855556,118.851356888888,22.58333332,-0.6753333333333333,17.05,2,5.1764362714980825,70.66250196097344,5,2,12,0.9659258262890684,0.2588190451025207,0.9749279121818236,-0.2225209339563143,-2.4492935982947064e-16,1.0,0.0,0.0,0.0,11.05,22.65,100.0,81.5,-5.6000000000000005,3.2280338,0.0,-2.9,22.32407406333333,16.683333333333334,16.5,16.816666666666666,17.0,17.466666666666665,-23.258666653333336,-0.3981481766666661,0.1113333333333334,-0.7866666666666667,-0.5933333333333334,22.89012346555556,-0.7706666666666644,3.421224,3.4249034,3.4113855,3.4398582,3.4530191,0,0.0,0,1.0,-0.18,5.7,94.3
2022-12-28 06:00:00,172.49337782222,134.358514327778,134.379624633332,22.32407406333333,-0.5933333333333334,17.466666666666665,2,5.1764362714980825,70.66250196097344,6,2,12,1.0,6.123233995736766e-17,0.9749279121818236,-0.2225209339563143,-2.4492935982947064e-16,1.0,0.0,0.0,0.0,11.2,23.0,100.0,81.0,-5.4,3.2768419,0.0,-2.6,21.97777779,17.05,16.683333333333334,16.5,16.816666666666666,17.55,-22.91740739666667,-0.2592592566666667,0.0819999999999999,-0.6753333333333333,-0.5633333333333334,22.629629626666667,-0.6851111111111088,3.4530191,3.421224,3.4249034,3.4113855,3.400993,0,0.0,0,1.0,-0.23,6.1,93.9
2022-12-28 06:15:00,144.092013938886,116.7961613,116.816438288888,21.97777779,-0.5633333333333334,17.55,2,5.1764362714980825,70.66250196097344,6,2,12,1.0,6.123233995736766e-17,0.9749279121818236,-0.2225209339563143,-2.4492935982947064e-16,1.0,0.0,0.0,0.0,10.85,23.0,100.0,80.75,-5.300000000000001,3.295606,0.0,-2.475,21.690740743333333,17.466666666666665,17.05,16.683333333333334,16.5,17.966666666666665,-22.541111123333334,-0.3462962733333334,0.03,-0.5933333333333334,-0.488,22.295061724444448,-0.6106666666666644,3.400993,3.4530191,3.421224,3.4249034,3.4245248,0,0.0,0,1.0,-0.31,7.0,93.0
2022-12-28 06:30:00,222.077505477776,182.447424011112,182.474089627778,21.690740743333333,-0.488,17.966666666666665,2,5.1764362714980825,70.66250196097344,6,2,12,1.0,6.123233995736766e-17,0.9749279121818236,-0.2225209339563143,-2.4492935982947064e-16,1.0,0.0,0.0,0.0,10.5,23.0,100.0,80.5,-5.2,3.3144138,0.0,-2.35,22.08333336,17.55,17.466666666666665,17.05,16.683333333333334,17.65,-22.17874074333333,-0.2870370466666685,0.0753333333333333,-0.5633333333333334,-0.41,21.99753086555556,-0.5482222222222198,3.4245248,3.400993,3.4530191,3.421224,3.4412448,0,0.0,0,1.0,-0.38,7.9,92.1
2022-12-28 06:45:00,278.40941876111,251.153009011112,251.187452066668,22.08333336,-0.41,17.65,2,5.1764362714980825,70.66250196097344,6,2,12,1.0,6.123233995736766e-17,0.9749279121818236,-0.2225209339563143,-2.4492935982947064e-16,1.0,0.0,0.0,0.0,10.15,23.0,100.0,80.25,-5.1,3.3332663,0.0,-2.225,22.57962964,17.966666666666665,17.55,17.466666666666665,17.05,17.5,-22.49333336,0.3925926166666649,0.078,-0.488,-0.3546666666666667,21.917283964444447,-0.4871111111111088,3.4412448,3.4245248,3.400993,3.4530191,3.5107746,0,0.0,0,1.0,-0.29,6.7,93.3
2022-12-28 07:00:00,238.398241538886,198.465672155556,198.494837688888,22.57962964,-0.3546666666666667,17.5,2,5.1764362714980825,70.66250196097344,7,2,12,0.9659258262890684,-0.2588190451025206,0.9749279121818236,-0.2225209339563143,-2.4492935982947064e-16,1.0,0.0,0.0,0.0,9.8,23.0,100.0,80.0,-5.0,3.3521614,0.0,-2.1,22.68333336,17.65,17.966666666666665,17.55,17.466666666666665,17.5,-22.934296306666667,0.4962962800000028,0.0553333333333333,-0.41,-0.2406666666666667,22.11790124777778,-0.4175555555555532,3.5107746,3.4412448,3.4245248,3.400993,3.5317237,0,0.0,0,1.0,-0.18,5.6,94.4
2022-12-28 07:15:00,179.505041794442,125.806356444444,125.826077905554,22.68333336,-0.2406666666666667,17.5,2,5.1764362714980825,70.66250196097344,7,2,12,0.9659258262890684,-0.2588190451025206,0.9749279121818236,-0.2225209339563143,-2.4492935982947064e-16,1.0,0.0,0.0,0.0,10.225,22.025,100.0,80.25,-4.75,3.4220612,0.0,-1.85,22.51111111333333,17.5,17.65,17.966666666666665,17.55,17.5,-22.924000026666665,0.1037037199999986,0.1139999999999999,-0.3546666666666667,-0.1133333333333333,22.448765453333333,-0.3351111111111087,3.5317237,3.5107746,3.4412448,3.4245248,3.4969926,0,0.0,0,1.0,-0.15,5.5,94.5
2022-12-28 07:30:00,236.28582593889,205.034853827778,205.065963733332,22.51111111333333,-0.1133333333333333,17.5,2,5.1764362714980825,70.66250196097344,7,2,12,0.9659258262890684,-0.2588190451025206,0.9749279121818236,-0.2225209339563143,-2.4492935982947064e-16,1.0,0.0,0.0,0.0,10.65,21.05,100.0,80.5,-4.5,3.493255,0.0,-1.6,22.71666668,17.5,17.5,17.65,17.966666666666665,17.5,-22.62444444666667,-0.1722222466666636,0.1273333333333333,-0.2406666666666667,0.116,22.59135803777778,-0.2362222222222198,3.4969926,3.5317237,3.5107746,3.4412448,3.5384798,0,0.0,0,1.0,-0.19,5.8,94.2
2022-12-28 07:45:00,257.058606211108,229.829417572222,229.862194027778,22.71666668,0.116,17.5,2,5.1764362714980825,70.66250196097344,7,2,12,0.9659258262890684,-0.2588190451025206,0.9749279121818236,-0.2225209339563143,-2.4492935982947064e-16,1.0,0.0,0.0,0.0,11.075,20.075,100.0,80.75,-4.25,3.5657628,0.0,-1.35,22.98518518666667,17.5,17.5,17.5,17.65,17.5,-22.60066668,0.2055555666666642,0.2293333333333333,-0.1133333333333333,0.38,22.63703705111111,-0.0793333333333309,3.5384798,3.4969926,3.5317237,3.5107746,3.5933163,0,0.0,0,1.0,-0.14,5.4,94.6
2022-12-28 08:00:00,902.48945456111,178.459805772222,178.489249077776,22.98518518666667,0.38,17.5,2,5.1764362714980825,70.66250196097344,8,2,12,0.8660254037844387,-0.4999999999999998,0.9749279121818236,-0.2225209339563143,-2.4492935982947064e-16,1.0,0.0,0.0,0.0,11.5,19.1,100.0,81.0,-4.0,3.6396058,0.0,-1.1,22.97777778,17.5,17.5,17.5,17.5,17.5,-22.60518518666667,0.2685185066666697,0.264,0.116,0.6706666666666667,22.737654326666668,0.1275555555555579,3.5933163,3.5384798,3.4969926,3.5317237,3.5917938,0,0.0,0,1.0,-0.08,5.1,94.9
2022-12-28 08:15:00,156.242361155556,119.599104744444,119.618270677776,22.97777778,0.6706666666666667,17.5,2,5.1764362714980825,70.66250196097344,8,2,12,0.8660254037844387,-0.4999999999999998,0.9749279121818236,-0.2225209339563143,-2.4492935982947064e-16,1.0,0.25,0.0625,0.0208333333333333,12.15,21.525,100.0,80.25,-3.95,3.6436985,0.0,-0.95,22.71111114,17.5,17.5,17.5,17.5,17.683333333333334,-22.30711111333333,-0.0074074066666689,0.2906666666666667,0.38,1.0186666666666668,22.893209882222227,0.3888888888888913,3.5917938,3.5933163,3.5384798,3.4969926,3.5744104,0,0.0,0,1.0,-0.08,5.1,94.9
2022-12-28 08:30:00,166.0400248,123.045355755556,123.064521672222,22.71111114,1.0186666666666668,17.683333333333334,2,5.1764362714980825,70.66250196097344,8,2,12,0.8660254037844387,-0.4999999999999998,0.9749279121818236,-0.2225209339563143,-2.4492935982947064e-16,1.0,0.5,0.1875,0.0625,12.8,23.950000000000003,100.0,79.5,-3.9,3.647427,0.0,-0.8,22.47222221,17.5,17.5,17.5,17.5,18.0,-21.69244447333333,-0.2666666400000004,0.3480000000000001,0.6706666666666667,1.3106666666666666,22.891358035555555,0.6897777777777803,3.5744104,3.5917938,3.5933163,3.5384798,3.588882,0,0.0,0,1.0,-0.14,5.4,94.6
2022-12-28 08:45:00,170.802889794446,127.347683655556,127.366849605554,22.47222221,1.3106666666666666,18.0,2,5.1764362714980825,70.66250196097344,8,2,12,0.8660254037844387,-0.4999999999999998,0.9749279121818236,-0.2225209339563143,-2.4492935982947064e-16,1.0,0.75,0.375,0.125,13.45,26.375,100.0,78.75,-3.85,3.6507869,0.0,-0.65,22.41296295,17.683333333333334,17.5,17.5,17.5,18.0,-21.16155554333333,-0.2388889300000016,0.2919999999999998,1.0186666666666668,1.5599999999999998,22.720370376666665,1.0000000000000024,3.588882,3.5744104,3.5917938,3.5933163,3.5766838,0,0.0,0,1.0,-0.2,5.8,94.2
2022-12-28 09:00:00,200.709471283334,168.335488494446,168.360487544444,22.41296295,1.5599999999999998,18.0,2,5.1764362714980825,70.66250196097344,9,2,12,0.7071067811865476,-0.7071067811865475,0.9749279121818236,-0.2225209339563143,-2.4492935982947064e-16,1.0,1.0,0.625,0.2083333333333333,14.1,28.8,100.0,78.0,-3.8,3.65377,0.0,-0.5,22.5722222,18.0,17.683333333333334,17.5,17.5,18.0,-20.85296295,-0.0592592599999974,0.2493333333333331,1.3106666666666666,1.836,22.532098766666667,1.296444444444447,3.5766838,3.588882,3.5744104,3.5917938,3.6095476,0,0.0,0,1.0,-0.21,5.9,94.1
2022-12-28 09:15:00,189.435755633332,162.221566427778,162.247121005554,22.5722222,1.836,18.0,2,5.1764362714980825,70.66250196097344,9,2,12,0.7071067811865476,-0.7071067811865475,0.9749279121818236,-0.2225209339563143,-2.4492935982947064e-16,1.0,9.75,3.0,1.0208333333333333,14.05,29.425,100.0,76.75,-3.725,3.6705344,0.0,-0.2,22.653703706666665,18.0,18.0,17.683333333333334,17.5,18.183333333333334,-20.7362222,0.159259249999998,0.276,1.5599999999999998,2.116,22.48580245333333,1.5688888888888914,3.6095476,3.5766838,3.588882,3.5744104,3.663398,0,0.0,0,1.0,-0.17,5.6,94.4
2022-12-28 09:30:00,136.642034133332,103.824457955556,103.842512866664,22.653703706666665,2.116,18.183333333333334,2,5.1764362714980825,70.66250196097344,9,2,12,0.7071067811865476,-0.7071067811865475,0.9749279121818236,-0.2225209339563143,-2.4492935982947064e-16,1.0,18.5,7.5,2.5625,14.0,30.05,100.0,75.5,-3.65,3.6862028,0.0,0.0999999999999999,22.38888888,18.0,18.0,18.0,17.683333333333334,18.5,-20.537703706666665,0.081481506666666,0.2800000000000002,1.836,2.448,22.54629628555556,1.8373333333333357,3.663398,3.6095476,3.5766838,3.588882,3.6709542,0,0.0,0,1.0,-0.15,5.5,94.5
2022-12-28 09:45:00,153.649409344444,104.528596472222,104.545262505554,22.38888888,2.448,18.5,2,5.1764362714980825,70.66250196097344,9,2,12,0.7071067811865476,-0.7071067811865475,0.9749279121818236,-0.2225209339563143,-2.4492935982947064e-16,1.0,27.25,14.125,4.833333333333333,13.95,30.675,100.0,74.25,-3.575,3.7007308,0.0,0.4,22.188888870000003,18.183333333333334,18.0,18.0,18.0,18.683333333333334,-19.94088888,-0.2648148266666652,0.3319999999999998,2.116,2.767333333333333,22.53827159555556,2.133333333333336,3.6709542,3.663398,3.6095476,3.5766838,3.664926,0,0.0,0,1.0,-0.21,5.9,94.1
2022-12-28 10:00:00,147.129947949998,104.489431372222,104.506097372222,22.188888870000003,2.767333333333333,18.683333333333334,2,5.1764362714980825,70.66250196097344,10,2,12,0.4999999999999999,-0.8660254037844387,0.9749279121818236,-0.2225209339563143,-2.4492935982947064e-16,1.0,36.0,22.875,7.833333333333333,13.9,31.3,100.0,73.0,-3.5,3.714068,0.0,0.7,22.06666669,18.5,18.183333333333334,18.0,18.0,19.0,-19.42155553666667,-0.2000000099999965,0.3193333333333332,2.448,3.1333333333333333,22.41049381888889,2.4437777777777803,3.664926,3.6709542,3.663398,3.6095476,3.7009008,0,0.0,0,1.0,-0.26,6.4,93.6
2022-12-28 10:15:00,438.133862794446,105.203569455556,105.222179827778,22.06666669,3.1333333333333333,19.0,2,5.1764362714980825,70.66250196097344,10,2,12,0.4999999999999999,-0.8660254037844387,0.9749279121818236,-0.2225209339563143,-2.4492935982947064e-16,1.0,45.5,31.8125,11.625,12.75,30.775,100.0,72.5,-3.425,3.7394683,0.0,0.8999999999999999,21.98333332,18.683333333333334,18.5,18.183333333333334,18.0,19.0,-18.933333356666665,-0.1222221800000049,0.3660000000000001,2.767333333333333,3.4873333333333334,22.214814813333334,2.782888888888891,3.7009008,3.664926,3.6709542,3.663398,3.6831667,0,0.0,0,1.0,-0.28,6.7,93.3
2022-12-28 10:30:00,141.521838966664,105.413561055556,105.43189372222,21.98333332,3.4873333333333334,19.0,2,5.1764362714980825,70.66250196097344,10,2,12,0.4999999999999999,-0.8660254037844387,0.9749279121818236,-0.2225209339563143,-2.4492935982947064e-16,1.0,55.0,40.9375,16.208333333333332,11.6,30.25,100.0,72.0,-3.35,3.7647753,0.0,1.1,21.93888885,19.0,18.683333333333334,18.5,18.183333333333334,19.05,-18.495999986666668,-0.0833333699999983,0.3540000000000001,3.1333333333333333,3.5766666666666667,22.07962962666667,3.1293333333333355,3.6831667,3.7009008,3.664926,3.6709542,3.6834068,0,0.0,0,1.0,-0.3,6.9,93.1
2022-12-28 10:45:00,132.612750961106,105.439115583334,105.457170477776,21.93888885,3.5766666666666667,19.05,2,5.1764362714980825,70.66250196097344,10,2,12,0.4999999999999999,-0.8660254037844387,0.9749279121818236,-0.2225209339563143,-2.4492935982947064e-16,1.0,64.5,50.25,21.58333333333333,10.45,29.725,100.0,71.5,-3.2750000000000004,3.7899842,0.0,1.3,21.8925926,19.0,19.0,18.683333333333334,18.5,19.466666666666665,-18.362222183333333,-0.0444444699999984,0.0893333333333332,3.4873333333333334,3.8006666666666655,21.996296286666663,3.399111111111113,3.6834068,3.6831667,3.7009008,3.664926,3.7539327,0,0.0,0,1.0,-0.31,7.0,93.0
2022-12-28 11:00:00,142.175701811104,105.513557055556,105.531889705554,21.8925926,3.8006666666666655,19.466666666666665,2,5.1764362714980825,70.66250196097344,11,2,12,0.258819045102521,-0.9659258262890682,0.9749279121818236,-0.2225209339563143,-2.4492935982947064e-16,1.0,74.0,59.75,27.75,9.3,29.2,100.0,71.0,-3.2,3.8150878,0.0,1.5,21.8888889,19.05,19.0,19.0,18.683333333333334,19.5,-18.091925933333336,-0.046296250000001,0.2239999999999997,3.5766666666666667,4.207333333333334,21.93827159,3.621555555555558,3.7539327,3.6834068,3.6831667,3.7009008,3.7595565,0,0.0,0,1.0,-0.32,7.1,92.9
2022-12-28 11:15:00,162.401281588884,108.2306706,108.247614455552,21.8888889,4.207333333333334,19.5,2,5.1764362714980825,70.66250196097344,11,2,12,0.258819045102521,-0.9659258262890682,0.9749279121818236,-0.2225209339563143,-2.4492935982947064e-16,1.0,84.25,69.4375,34.75,8.950000000000001,27.3,99.5,70.75,-3.125,3.8406281,0.0,1.65,21.90925925,19.466666666666665,19.05,19.0,19.0,19.5,-17.681555566666667,-0.003703699999999,0.4066666666666672,3.8006666666666655,4.567333333333334,21.90679011666667,3.861555555555558,3.7595565,3.7539327,3.6834068,3.6831667,3.763977,0,0.0,0,1.0,-0.32,7.1,92.9
2022-12-28 11:30:00,166.634445338894,132.162491055556,132.1830458,21.90925925,4.567333333333334,19.5,2,5.1764362714980825,70.66250196097344,11,2,12,0.258819045102521,-0.9659258262890682,0.9749279121818236,-0.2225209339563143,-2.4492935982947064e-16,1.0,94.5,79.3125,42.583333333333336,8.600000000000001,25.4,99.0,70.5,-3.05,3.8662417,0.0,1.8,22.11666667,19.5,19.466666666666665,19.05,19.0,19.45,-17.341925916666664,0.0203703499999967,0.3600000000000003,4.207333333333334,4.8580000000000005,21.896913583333333,4.19177777777778,3.763977,3.7595565,3.7539327,3.6834068,3.7994828,0,0.0,0,1.0,-0.32,7.1,92.9
2022-12-28 11:45:00,179.758364744452,152.554730933332,152.57945219444198,22.11666667,4.8580000000000005,19.45,2,5.1764362714980825,70.66250196097344,11,2,12,0.258819045102521,-0.9659258262890682,0.9749279121818236,-0.2225209339563143,-2.4492935982947064e-16,1.0,104.75,89.375,51.25,8.25,23.5,98.5,70.25,-2.975,3.8919263,0.0,1.95,22.383333316666665,19.5,19.5,19.466666666666665,19.05,19.03333333333333,-17.258666669999997,0.2074074199999991,0.2906666666666666,4.567333333333334,5.1466666666666665,21.97160494,4.544222222222225,3.7994828,3.763977,3.7595565,3.7539327,3.775577,0,0.0,0,1.0,-0.27,6.5,93.5
2022-12-28 12:00:00,190.014621294446,150.493979966668,150.516756855556,22.383333316666665,5.1466666666666665,19.03333333333333,2,5.1764362714980825,70.66250196097344,12,2,12,1.2246467991473532e-16,-1.0,0.9749279121818236,-0.2225209339563143,-2.4492935982947064e-16,1.0,115.0,99.625,60.75,7.9,21.6,98.0,70.0,-2.9,3.9176831,0.0,2.1,22.58333333,19.45,19.5,19.5,19.466666666666665,19.0,-17.236666649999997,0.2666666466666676,0.2886666666666659,4.8580000000000005,5.322,22.136419745555557,4.857333333333336,3.775577,3.7994828,3.763977,3.7595565,3.812508,0,0.0,0,1.0,-0.21,5.9,94.1
2022-12-28 12:15:00,179.530873877784,150.876742488888,150.898686011112,22.58333333,5.322,19.0,2,5.1764362714980825,70.66250196097344,12,2,12,1.2246467991473532e-16,-1.0,0.9749279121818236,-0.2225209339563143,-2.4492935982947064e-16,1.0,166.5,120.1875,73.8125,8.75,23.3,98.25,67.5,-2.875,3.9141424,0.0,2.625,22.70370373,19.03333333333333,19.45,19.5,19.5,19.0,-17.261333330000003,0.2000000133333372,0.1753333333333335,5.1466666666666665,5.448666666666667,22.361111105555555,5.108888888888891,3.812508,3.775577,3.7994828,3.763977,3.8389242,0,0.0,0,1.0,-0.16,5.6,94.4
2022-12-28 12:30:00,194.165288511116,150.76924673889,150.792023561114,22.70370373,5.448666666666667,19.0,2,5.1764362714980825,70.66250196097344,12,2,12,1.2246467991473532e-16,-1.0,0.9749279121818236,-0.2225209339563143,-2.4492935982947064e-16,1.0,218.0,151.0625,90.4375,9.6,25.0,98.5,65.0,-2.85,3.9046328,0.0,3.1500000000000004,22.81666665,19.0,19.03333333333333,19.45,19.5,19.0,-17.25503706333333,0.1203703999999952,0.1266666666666669,5.322,5.6866666666666665,22.556790125555555,5.305777777777781,3.8389242,3.812508,3.775577,3.7994828,3.8638577,0,0.0,0,1.0,-0.14,5.4,94.6
2022-12-28 12:45:00,203.023823288884,151.186174544444,151.207562588888,22.81666665,5.6866666666666665,19.0,2,5.1764362714980825,70.66250196097344,12,2,12,1.2246467991473532e-16,-1.0,0.9749279121818236,-0.2225209339563143,-2.4492935982947064e-16,1.0,269.5,192.25,110.625,10.45,26.7,98.75,62.5,-2.825,3.888784,0.0,3.675,22.853703686666663,19.0,19.0,19.03333333333333,19.45,19.0,-17.12999998333333,0.112962920000001,0.2379999999999995,5.448666666666667,5.8133333333333335,22.70123457,5.48577777777778,3.8638577,3.8389242,3.812508,3.775577,3.872064,0,0.0,0,1.0,-0.11,5.3,94.7
2022-12-28 13:00:00,137.568386077772,108.464550127778,108.483438288888,22.853703686666663,5.8133333333333335,19.0,2,5.1764362714980825,70.66250196097344,13,2,12,-0.2588190451025208,-0.9659258262890684,0.9749279121818236,-0.2225209339563143,-2.4492935982947064e-16,1.0,321.0,243.75,134.375,11.3,28.4,99.0,60.0,-2.8,3.8662095,0.0,4.2,22.70000002,19.0,19.0,19.0,19.03333333333333,19.05,-17.040370353333333,0.0370370366666676,0.1266666666666669,5.6866666666666665,5.819999999999999,22.791358022222223,5.649555555555558,3.872064,3.8638577,3.8389242,3.812508,3.8482094,0,0.0,0,1.0,-0.1,5.2,94.8
2022-12-28 13:15:00,96.022825699996,68.814191755556,68.827524555556,22.70000002,5.819999999999999,19.05,1,5.1764362714980825,70.66250196097344,13,2,12,-0.2588190451025208,-0.9659258262890684,0.9749279121818236,-0.2225209339563143,-2.4492935982947064e-16,1.0,325.0,283.375,157.66666666666666,10.6,28.325,99.25,59.25,-2.775,3.8754005,0.0,4.425,22.274074053333333,19.0,19.0,19.0,19.0,19.466666666666665,-16.88000002,-0.1537036666666651,0.0066666666666659,5.8133333333333335,5.962000000000001,22.790123452222225,5.773333333333336,3.8482094,3.872064,3.8638577,3.8389242,3.8373506,0,0.0,1,1.0,-0.14,5.4,94.6
2022-12-28 13:30:00,114.856794511108,78.418807588888,78.432695949998,22.274074053333333,5.962000000000001,19.466666666666665,2,5.1764362714980825,70.66250196097344,13,2,12,-0.2588190451025208,-0.9659258262890684,0.9749279121818236,-0.2225209339563143,-2.4492935982947064e-16,1.0,329.0,311.125,180.5,9.9,28.25,99.5,58.5,-2.75,3.883883,0.0,4.65,22.05555555,19.05,19.0,19.0,19.0,19.5,-16.312074053333333,-0.4259259666666679,0.1420000000000012,5.819999999999999,6.12,22.60925925333333,5.865111111111113,3.8373506,3.8482094,3.872064,3.8638577,3.7958624,0,0.0,1,1.0,-0.23,6.1,93.9
2022-12-28 13:45:00,163.922887305554,122.255665127778,122.275386588888,22.05555555,6.12,19.5,2,5.1764362714980825,70.66250196097344,13,2,12,-0.2588190451025208,-0.9659258262890684,0.9749279121818236,-0.2225209339563143,-2.4492935982947064e-16,1.0,333.0,327.0,202.875,9.2,28.175,99.75,57.75,-2.725,3.8916345,0.0,4.875,22.187037036666663,19.466666666666665,19.05,19.0,19.0,19.5,-15.93555555,-0.2185185033333319,0.1579999999999994,5.962000000000001,6.232,22.343209874444444,5.967333333333336,3.7958624,3.8373506,3.8482094,3.872064,3.8247156,0,0.0,0,1.0,-0.28,6.7,93.3
2022-12-28 14:00:00,138.375853794438,95.508401727778,95.525345566664,22.187037036666663,6.232,19.5,2,5.1764362714980825,70.66250196097344,14,2,12,-0.4999999999999997,-0.8660254037844388,0.9749279121818236,-0.2225209339563143,-2.4492935982947064e-16,1.0,337.0,331.0,224.79166666666663,8.5,28.1,100.0,57.0,-2.7,3.8986366,0.0,5.1,22.12222223,19.5,19.466666666666665,19.05,19.0,19.85,-15.955037036666669,0.1314814866666651,0.1120000000000001,6.12,6.3100000000000005,22.17222221333333,6.104666666666669,3.8247156,3.7958624,3.8373506,3.8482094,3.8788621,0,0.0,0,1.0,-0.25,6.3,93.7
2022-12-28 14:15:00,136.20594054444,96.3778114,96.394755255552,22.12222223,6.3100000000000005,19.85,2,5.1764362714980825,70.66250196097344,14,2,12,-0.4999999999999997,-0.8660254037844388,0.9749279121818236,-0.2225209339563143,-2.4492935982947064e-16,1.0,311.75,327.6875,243.75,8.3,26.925,99.75,56.75,-2.6750000000000003,3.9072402,0.0,5.199999999999999,22.0592593,19.5,19.5,19.466666666666665,19.05,20.0,-15.812222229999998,-0.0648148066666678,0.0780000000000002,6.232,6.428,22.12160493888889,6.22066666666667,3.8788621,3.8247156,3.7958624,3.8373506,3.8940222,0,0.0,0,1.0,-0.26,6.5,93.5
2022-12-28 14:30:00,128.629854699996,96.410032344444,96.426976149998,22.0592593,6.428,20.0,2,5.1764362714980825,70.66250196097344,14,2,12,-0.4999999999999997,-0.8660254037844388,0.9749279121818236,-0.2225209339563143,-2.4492935982947064e-16,1.0,286.5,317.0625,259.75,8.1,25.75,99.5,56.5,-2.6500000000000004,3.9157646,0.0,5.3,22.0555556,19.85,19.5,19.5,19.466666666666665,20.0,-15.6312593,-0.0629629299999976,0.1179999999999994,6.3100000000000005,6.708,22.122839522222225,6.323333333333335,3.8940222,3.8788621,3.8247156,3.7958624,3.8931925,0,0.0,0,1.0,-0.28,6.6,93.4
2022-12-28 14:45:00,124.01059512777,96.78140642222,96.79835024444,22.0555556,6.708,20.0,2,5.1764362714980825,70.66250196097344,14,2,12,-0.4999999999999997,-0.8660254037844388,0.9749279121818236,-0.2225209339563143,-2.4492935982947064e-16,1.0,261.25,299.125,272.7916666666667,7.9,24.575,99.25,56.25,-2.625,3.9242098,0.0,5.4,22.03518521333333,20.0,19.85,19.5,19.5,20.183333333333334,-15.347555600000002,-0.003703699999999,0.2800000000000002,6.428,6.950666666666667,22.079012376666668,6.482000000000003,3.8931925,3.8940222,3.8788621,3.8247156,3.9242692,0,0.0,0,1.0,-0.28,6.6,93.4
2022-12-28 15:00:00,133.37272046111,96.1028224,96.118655149998,22.03518521333333,6.950666666666667,20.183333333333334,2,5.1764362714980825,70.66250196097344,15,2,12,-0.7071067811865471,-0.7071067811865479,0.9749279121818236,-0.2225209339563143,-2.4492935982947064e-16,1.0,236.0,273.875,282.875,7.7,23.4,99.0,56.0,-2.6,3.9325738,0.0,5.5,22.0,20.0,20.0,19.85,19.5,20.15,-15.084518546666663,-0.02037038666667,0.2426666666666666,6.708,7.066666666666666,22.050000037777775,6.695555555555558,3.9242692,3.8931925,3.8940222,3.8788621,3.9098504,0,0.0,0,1.0,-0.28,6.7,93.3
2022-12-28 15:15:00,146.010826049998,96.5569709,96.572803649998,22.0,7.066666666666666,20.15,2,5.1764362714980825,70.66250196097344,15,2,12,-0.7071067811865471,-0.7071067811865479,0.9749279121818236,-0.2225209339563143,-2.4492935982947064e-16,1.0,227.0,252.6875,287.9166666666667,7.525,22.6,99.25,56.5,-2.575,3.9351652,0.0,5.375,22.0,20.183333333333334,20.0,20.0,19.85,20.183333333333334,-14.933333333333334,-0.0351852133333316,0.1159999999999996,6.950666666666667,7.13,22.03024693777778,6.908444444444446,3.9098504,3.9242692,3.8931925,3.8940222,3.916318,0,0.0,0,1.0,-0.29,6.8,93.2
2022-12-28 15:30:00,134.946824227774,96.181985916666,96.19865198333,22.0,7.13,20.183333333333334,2,5.1764362714980825,70.66250196097344,15,2,12,-0.7071067811865471,-0.7071067811865479,0.9749279121818236,-0.2225209339563143,-2.4492935982947064e-16,1.0,218.0,235.5625,287.9166666666667,7.35,21.8,99.5,57.0,-2.55,3.937416,0.0,5.25,21.99444444,20.15,20.183333333333334,20.0,20.0,20.5,-14.87,0.0,0.0633333333333334,7.066666666666666,7.114000000000001,22.011728404444444,7.049111111111113,3.916318,3.9098504,3.9242692,3.8931925,3.9764895,0,0.0,0,1.0,-0.29,6.8,93.2
2022-12-28 15:45:00,128.25070318333,96.067823816666,96.084767638886,21.99444444,7.114000000000001,20.5,2,5.1764362714980825,70.66250196097344,15,2,12,-0.7071067811865471,-0.7071067811865479,0.9749279121818236,-0.2225209339563143,-2.4492935982947064e-16,1.0,209.0,222.5,282.875,7.175,21.0,99.75,57.5,-2.525,3.9393318,0.0,5.125,21.948148106666665,20.183333333333334,20.15,20.183333333333334,20.0,20.5,-14.880444439999998,-0.0055555600000012,-0.0159999999999991,7.13,7.154,21.998148146666665,7.103555555555558,3.9764895,3.916318,3.9098504,3.9242692,3.9658883,0,0.0,0,1.0,-0.29,6.7,93.3
2022-12-28 16:00:00,130.354230188884,95.6995052,95.715337966664,21.948148106666665,7.154,20.5,2,5.1764362714980825,70.66250196097344,16,2,12,-0.8660254037844385,-0.5000000000000004,0.9749279121818236,-0.2225209339563143,-2.4492935982947064e-16,1.0,200.0,213.5,272.7916666666667,7.0,20.2,100.0,58.0,-2.5,3.9409165,0.0,5.0,21.911111100000003,20.5,20.183333333333334,20.15,20.183333333333334,20.5,-14.794148106666665,-0.0462963333333341,0.0399999999999991,7.114000000000001,7.076,21.980864182222223,7.132666666666669,3.9658883,3.9764895,3.916318,3.9098504,3.9574254,0,0.0,0,1.0,-0.3,6.9,93.1
2022-12-28 16:15:00,123.635888016654,96.268371344444,96.287259555552,21.911111100000003,7.076,20.5,2,5.1764362714980825,70.66250196097344,16,2,12,-0.8660254037844385,-0.5000000000000004,0.9749279121818236,-0.2225209339563143,-2.4492935982947064e-16,1.0,170.0,199.25,259.875,7.225,19.3,99.75,59.25,-2.45,3.9663815,0.0,4.775,21.9407407,20.5,20.5,20.183333333333334,20.15,20.5,-14.835111100000002,-0.0370370066666616,-0.0780000000000002,7.154,7.0280000000000005,21.95123454888889,7.114666666666669,3.9574254,3.9658883,3.9764895,3.916318,3.9641948,0,0.0,0,1.0,-0.31,7.0,93.0
2022-12-28 16:30:00,151.854481311104,107.351816872222,107.369038466664,21.9407407,7.0280000000000005,20.5,2,5.1764362714980825,70.66250196097344,16,2,12,-0.8660254037844385,-0.5000000000000004,0.9749279121818236,-0.2225209339563143,-2.4492935982947064e-16,1.0,140.0,179.75,244.125,7.45,18.4,99.5,60.5,-2.4,3.9901228,0.0,4.55,22.055555570000003,20.5,20.5,20.5,20.183333333333334,20.15,-14.9127407,0.0296295999999962,-0.0479999999999991,7.076,6.906666666666666,21.933333302222223,7.086000000000003,3.9641948,3.9574254,3.9658883,3.9764895,3.9223912,0,0.0,0,1.0,-0.3,6.9,93.1
2022-12-28 16:45:00,230.38467316111,178.635076544444,178.658131188888,22.055555570000003,6.906666666666666,20.15,2,5.1764362714980825,70.66250196097344,16,2,12,-0.8660254037844385,-0.5000000000000004,0.9749279121818236,-0.2225209339563143,-2.4492935982947064e-16,1.0,110.0,155.0,225.54166666666663,7.675000000000001,17.5,99.25,61.75,-2.35,4.0121794,0.0,4.324999999999999,22.42777780333333,20.5,20.5,20.5,20.5,20.0,-15.148888903333336,0.1148148700000035,-0.1213333333333341,7.0280000000000005,6.793333333333334,21.969135790000006,7.0035555555555575,3.9223912,3.9641948,3.9574254,3.9658883,3.977478,0,0.0,0,1.0,-0.28,6.6,93.4
2022-12-28 17:00:00,136.037613911108,106.432131444444,106.449630794442,22.42777780333333,6.793333333333334,20.0,2,5.1764362714980825,70.66250196097344,17,2,12,-0.9659258262890684,-0.2588190451025206,0.9749279121818236,-0.2225209339563143,-2.4492935982947064e-16,1.0,80.0,125.0,204.125,7.9,16.6,99.0,63.0,-2.3,4.0325937,0.0,4.1,22.42222224,20.15,20.5,20.5,20.5,20.0,-15.634444470000002,0.372222233333332,-0.1133333333333324,6.906666666666666,6.685333333333333,22.141358024444447,6.909333333333336,3.977478,3.9223912,3.9641948,3.9574254,3.9762082,0,0.0,0,1.0,-0.19,5.8,94.2
2022-12-28 17:15:00,124.66140234444,95.655340250002,95.672561877776,22.42222224,6.685333333333333,20.0,2,5.1764362714980825,70.66250196097344,17,2,12,-0.9659258262890684,-0.2588190451025206,0.9749279121818236,-0.2225209339563143,-2.4492935982947064e-16,1.0,62.75,98.1875,183.375,9.15,17.575000000000003,99.25,64.5,-2.325,4.033379,0.0,3.75,22.21296296333333,20.0,20.15,20.5,20.5,20.0,-15.736888906666668,-0.0055555633333348,-0.1080000000000005,6.793333333333334,6.44,22.301851871111115,6.795111111111114,3.9762082,3.977478,3.9223912,3.9641948,3.9286451,0,0.0,0,1.0,-0.19,5.8,94.2
2022-12-28 17:30:00,133.9146432,95.808945255556,95.824500249998,22.21296296333333,6.44,20.0,2,5.1764362714980825,70.66250196097344,17,2,12,-0.9659258262890684,-0.2588190451025206,0.9749279121818236,-0.2225209339563143,-2.4492935982947064e-16,1.0,45.5,74.5625,163.29166666666666,10.4,18.55,99.5,66.0,-2.35,4.0317087,0.0,3.4,22.12222223,20.0,20.0,20.15,20.5,20.0,-15.772962963333333,-0.2092592766666676,-0.2453333333333338,6.685333333333333,6.246666666666667,22.354321002222225,6.639555555555558,3.9286451,3.9762082,3.977478,3.9223912,3.9081733,0,0.0,0,1.0,-0.24,6.2,93.8
2022-12-28 17:45:00,129.939246772218,95.953106155556,95.969494449998,22.12222223,6.246666666666667,20.0,2,5.1764362714980825,70.66250196097344,17,2,12,-0.9659258262890684,-0.2588190451025206,0.9749279121818236,-0.2225209339563143,-2.4492935982947064e-16,1.0,28.250000000000007,54.125,143.875,11.65,19.525,99.75,67.5,-2.375,4.0276804,0.0,3.05,22.0592593,20.0,20.0,20.0,20.15,20.183333333333334,-15.875555563333332,-0.0907407333333338,-0.1933333333333324,6.44,6.196666666666667,22.252469144444444,6.457333333333335,3.9081733,3.9286451,3.9762082,3.977478,3.929717,0,0.0,0,1.0,-0.26,6.4,93.6
2022-12-28 18:00:00,142.835675244444,99.706567127778,99.722955405554,22.0592593,6.196666666666667,20.183333333333334,2,5.1764362714980825,70.66250196097344,18,2,12,-1.0,-1.8369701987210294e-16,0.9749279121818236,-0.2225209339563143,-2.4492935982947064e-16,1.0,11.0,36.875,125.125,12.9,20.5,100.0,69.0,-2.4,4.021393,0.0,2.7,22.11666667,20.0,20.0,20.0,20.0,20.15,-15.862592633333334,-0.0629629299999976,-0.0499999999999998,6.246666666666667,6.0633333333333335,22.13148149777778,6.294444444444447,3.929717,3.9081733,3.9286451,3.9762082,3.9362245,0,0.0,0,1.0,-0.28,6.6,93.4
2022-12-28 18:15:00,195.439682166664,146.577470033332,146.59830256666402,22.11666667,6.0633333333333335,20.15,2,5.1764362714980825,70.66250196097344,18,2,12,-1.0,-1.8369701987210294e-16,0.9749279121818236,-0.2225209339563143,-2.4492935982947064e-16,1.0,8.25,23.25,106.89583333333331,12.7,20.95,100.0,69.5,-2.375,4.0301166,0.0,2.625,22.37962961,20.183333333333334,20.0,20.0,20.0,20.0,-16.053333336666665,0.0574073699999964,-0.1333333333333337,6.196666666666667,5.884666666666666,22.09938273333333,6.168888888888891,3.9362245,3.929717,3.9081733,3.9286451,3.9664872,0,0.0,0,1.0,-0.26,6.4,93.6
2022-12-28 18:30:00,176.083789516674,148.858767594446,148.880711183334,22.37962961,5.884666666666666,20.0,2,5.1764362714980825,70.66250196097344,18,2,12,-1.0,-1.8369701987210294e-16,0.9749279121818236,-0.2225209339563143,-2.4492935982947064e-16,1.0,5.5,13.250000000000002,89.1875,12.5,21.4,100.0,70.0,-2.35,4.038636,0.0,2.55,22.62222224,20.15,20.183333333333334,20.0,20.0,19.95,-16.494962943333334,0.2629629400000013,-0.1786666666666674,6.0633333333333335,5.816666666666666,22.185185193333336,6.048222222222225,3.9664872,3.9362245,3.929717,3.9081733,4.0120764,0,0.0,0,1.0,-0.2,5.9,94.1
2022-12-28 18:45:00,176.371555988888,149.147367216666,149.170421894442,22.62222224,5.816666666666666,19.95,2,5.1764362714980825,70.66250196097344,18,2,12,-1.0,-1.8369701987210294e-16,0.9749279121818236,-0.2225209339563143,-2.4492935982947064e-16,1.0,2.75,6.875,72.0,12.3,21.85,100.0,70.5,-2.325,4.046955,0.0,2.475,22.738888886666665,20.0,20.15,20.183333333333334,20.0,19.53333333333333,-16.805555573333333,0.2425926300000007,-0.0679999999999996,5.884666666666666,5.8100000000000005,22.372839506666665,5.921555555555557,4.0120764,3.9664872,3.9362245,3.929717,3.9546528,0,0.0,0,1.0,-0.15,5.5,94.5
2022-12-28 19:00:00,188.380242222224,149.316527083334,149.33624851111202,22.738888886666665,5.8100000000000005,19.53333333333333,2,5.1764362714980825,70.66250196097344,19,2,12,-0.9659258262890684,0.2588190451025203,0.9749279121818236,-0.2225209339563143,-2.4492935982947064e-16,1.0,0.0,4.125,55.333333333333336,12.1,22.3,100.0,71.0,-2.3,4.055074,0.0,2.4,22.86111112,19.95,20.0,20.15,20.183333333333334,19.5,-16.928888886666662,0.1166666466666654,-0.0066666666666659,5.816666666666666,5.7733333333333325,22.580246912222226,5.837111111111113,3.9546528,4.0120764,3.9664872,3.9362245,3.9756467,0,0.0,0,1.0,-0.12,5.3,94.7
2022-12-28 19:15:00,193.264491411108,148.757660588888,148.777659805554,22.86111112,5.7733333333333325,19.5,2,5.1764362714980825,70.66250196097344,19,2,12,-0.9659258262890684,0.2588190451025203,0.9749279121818236,-0.2225209339563143,-2.4492935982947064e-16,1.0,0.0,2.0625,41.16666666666666,12.65,22.3,100.0,71.25,-2.2,4.0831122,0.0,2.45,22.961111086666666,19.53333333333333,19.95,20.0,20.15,19.5,-17.087777786666663,0.122222233333332,-0.0366666666666679,5.8100000000000005,5.782,22.74074074888889,5.800000000000002,3.9756467,3.9546528,4.0120764,3.9664872,3.9984694,0,0.0,0,1.0,-0.1,5.2,94.8
2022-12-28 19:30:00,192.012319249998,149.687623388888,149.709566994442,22.961111086666666,5.782,19.5,2,5.1764362714980825,70.66250196097344,19,2,12,-0.9659258262890684,0.2588190451025203,0.9749279121818236,-0.2225209339563143,-2.4492935982947064e-16,1.0,0.0,0.6875,29.5,13.2,22.3,100.0,71.5,-2.1,4.111288,0.0,2.5,22.99444444,19.5,19.53333333333333,19.95,20.0,19.5,-17.179111086666666,0.0999999666666688,0.0086666666666674,5.7733333333333325,5.849333333333333,22.853703697777775,5.788444444444447,3.9984694,3.9756467,3.9546528,4.0120764,4.0061035,0,0.0,0,1.0,-0.07,5.1,94.9
2022-12-28 19:45:00,145.763335949998,107.825964555556,107.842352849998,22.99444444,5.849333333333333,19.5,2,5.1764362714980825,70.66250196097344,19,2,12,-0.9659258262890684,0.2588190451025203,0.9749279121818236,-0.2225209339563143,-2.4492935982947064e-16,1.0,0.0,0.0,20.33333333333333,13.75,22.3,100.0,71.75,-2.0,4.1396017,0.0,2.55,22.76481477333333,19.5,19.5,19.53333333333333,19.95,19.683333333333334,-17.145111106666665,0.033333353333333,0.067333333333333,5.782,5.869333333333333,22.93888888222222,5.801555555555557,4.0061035,3.9984694,3.9756467,3.9546528,3.9909472,0,0.0,0,1.0,-0.07,5.1,94.9
2022-12-28 20:00:00,84.402734955552,55.170570872222,55.182792666664,22.76481477333333,5.869333333333333,19.683333333333334,1,5.1764362714980825,70.66250196097344,20,2,12,-0.8660254037844386,0.5000000000000001,0.9749279121818236,-0.2225209339563143,-2.4492935982947064e-16,1.0,0.0,0.0,13.666666666666666,14.3,22.3,100.0,72.0,-1.9,4.1680546,0.0,2.6,22.35,19.5,19.5,19.5,19.53333333333333,20.0,-16.89548144,-0.2296296666666641,0.0199999999999995,5.849333333333333,5.792666666666666,22.90679010000001,5.833555555555557,3.9909472,4.0061035,3.9984694,3.9756467,3.959736,0,0.0,1,1.0,-0.12,5.3,94.7
2022-12-28 20:15:00,182.670748477776,155.371007144444,155.393228488888,22.35,5.792666666666666,20.0,2,5.1764362714980825,70.66250196097344,20,2,12,-0.8660254037844386,0.5000000000000001,0.9749279121818236,-0.2225209339563143,-2.4492935982947064e-16,1.0,0.0,0.0,8.4375,14.375,23.75,100.0,71.5,-2.025,4.1321387,0.0,2.575,22.58703704666667,19.683333333333334,19.5,19.5,19.5,19.816666666666663,-16.557333333333336,-0.4148147733333331,-0.0766666666666662,5.869333333333333,5.767333333333334,22.703086404444445,5.837111111111113,3.959736,3.9909472,4.0061035,3.9984694,3.9772248,0,0.0,1,1.0,-0.21,5.9,94.1
2022-12-28 20:30:00,198.97204088333,152.151969227778,152.174190605554,22.58703704666667,5.767333333333334,19.816666666666663,2,5.1764362714980825,70.66250196097344,20,2,12,-0.8660254037844386,0.5000000000000001,0.9749279121818236,-0.2225209339563143,-2.4492935982947064e-16,1.0,0.0,0.0,4.645833333333334,14.45,25.200000000000003,100.0,71.0,-2.15,4.0963306,0.0,2.55,22.72222222,20.0,19.683333333333334,19.5,19.5,19.55,-16.819703713333336,0.2370370466666678,-0.0253333333333323,5.792666666666666,5.902666666666666,22.567283940000006,5.80977777777778,3.9772248,3.959736,3.9909472,4.0061035,3.9542468,0,0.0,0,1.0,-0.16,5.5,94.5
2022-12-28 20:45:00,140.495491005558,94.156511388888,94.172621911108,22.72222222,5.902666666666666,19.55,2,5.1764362714980825,70.66250196097344,20,2,12,-0.8660254037844386,0.5000000000000001,0.9749279121818236,-0.2225209339563143,-2.4492935982947064e-16,1.0,0.0,0.0,2.2916666666666665,14.525,26.65,100.0,70.5,-2.275,4.060631,0.0,2.525,22.505555583333333,19.816666666666663,20.0,19.683333333333334,19.5,19.966666666666665,-16.819555553333334,0.1351851733333298,0.1353333333333317,5.767333333333334,6.047333333333333,22.553086422222226,5.8208888888888906,3.9542468,3.9772248,3.959736,3.9909472,3.9886296,0,0.0,0,1.0,-0.13,5.3,94.7
2022-12-28 21:00:00,130.869209472222,97.998302127778,98.014690438886,22.505555583333333,6.047333333333333,19.966666666666665,2,5.1764362714980825,70.66250196097344,21,2,12,-0.7071067811865477,0.7071067811865474,0.9749279121818236,-0.2225209339563143,-2.4492935982947064e-16,1.0,0.0,0.0,1.375,14.6,28.1,100.0,70.0,-2.4,4.0250373,0.0,2.5,22.34444443,19.55,19.816666666666663,20.0,19.683333333333334,20.0,-16.45822225,-0.216666636666666,0.1446666666666667,5.902666666666666,6.004,22.604938283333336,5.90577777777778,3.9886296,3.9542468,3.9772248,3.959736,3.9584718,0,0.0,0,1.0,-0.18,5.6,94.4
2022-12-28 21:15:00,130.230068455552,94.8095408,94.82426246111,22.34444443,6.004,20.0,2,5.1764362714980825,70.66250196097344,21,2,12,-0.7071067811865477,0.7071067811865474,0.9749279121818236,-0.2225209339563143,-2.4492935982947064e-16,1.0,0.0,0.0,0.6875,14.65,28.55,99.25,69.0,-2.45,4.0078697,0.0,2.65,22.220370376666665,19.966666666666665,19.55,19.816666666666663,20.0,20.0,-16.340444429999998,-0.1611111533333336,-0.0433333333333321,6.047333333333333,6.037999999999999,22.52407407777778,5.984666666666669,3.9584718,3.9886296,3.9542468,3.9772248,3.9303207,0,0.0,0,1.0,-0.21,5.9,94.1
2022-12-28 21:30:00,121.615413005554,89.53697392777799,89.553084433332,22.220370376666665,6.037999999999999,20.0,2,5.1764362714980825,70.66250196097344,21,2,12,-0.7071067811865477,0.7071067811865474,0.9749279121818236,-0.2225209339563143,-2.4492935982947064e-16,1.0,0.0,0.0,0.2291666666666666,14.7,29.0,98.5,68.0,-2.5,3.9898868,0.0,2.8,22.12222221,20.0,19.966666666666665,19.55,19.816666666666663,20.0,-16.182370376666665,-0.1240740533333344,0.0339999999999989,6.004,6.080666666666667,22.35679013,6.02977777777778,3.9303207,3.9584718,3.9886296,3.9542468,3.9081733,0,0.0,0,1.0,-0.24,6.2,93.8
2022-12-28 21:45:00,151.055624183334,119.864094144444,119.88214902222,22.12222221,6.080666666666667,20.0,2,5.1764362714980825,70.66250196097344,21,2,12,-0.7071067811865477,0.7071067811865474,0.9749279121818236,-0.2225209339563143,-2.4492935982947064e-16,1.0,0.0,0.0,0.0,14.75,29.45,97.75,67.0,-2.55,3.971074,0.0,2.95,22.214814793333336,20.0,20.0,19.966666666666665,19.55,20.0,-16.041555543333335,-0.0981481666666646,0.0426666666666673,6.037999999999999,6.173333333333333,22.22901233888889,6.040888888888891,3.9081733,3.9303207,3.9584718,3.9886296,3.9290638,0,0.0,0,1.0,-0.26,6.4,93.6
2022-12-28 22:00:00,149.991777855556,99.965723427778,99.981556194442,22.214814793333336,6.173333333333333,20.0,2,5.1764362714980825,70.66250196097344,22,2,12,-0.5000000000000004,0.8660254037844384,0.9749279121818236,-0.2225209339563143,-2.4492935982947064e-16,1.0,0.0,0.0,0.0,14.8,29.9,97.0,66.0,-2.6,3.951421,0.0,3.1,22.17777779,20.0,20.0,20.0,19.966666666666665,20.05,-16.041481460000004,0.0925925833333352,0.0926666666666662,6.080666666666667,6.174666666666667,22.18580246,6.097333333333335,3.9290638,3.9081733,3.9303207,3.9584718,3.930498,0,0.0,0,1.0,-0.24,6.2,93.8
2022-12-28 22:15:00,141.912656583334,97.047506844444,97.061395188888,22.17777779,6.174666666666667,20.05,2,5.1764362714980825,70.66250196097344,22,2,12,-0.5000000000000004,0.8660254037844384,0.9749279121818236,-0.2225209339563143,-2.4492935982947064e-16,1.0,0.0,0.0,0.0,14.9,29.9,97.75,66.5,-2.675,3.9414394,0.0,2.95,22.09444445666667,20.0,20.0,20.0,20.0,20.466666666666665,-16.003111123333333,-0.0370370033333351,0.001333333333334,6.173333333333333,6.024,22.17160493111112,6.142888888888891,3.930498,3.9290638,3.9081733,3.9303207,3.9929695,0,0.0,0,1.0,-0.25,6.3,93.7
2022-12-28 22:30:00,123.246458894442,95.937828950002,95.953939472222,22.09444445666667,6.024,20.466666666666665,2,5.1764362714980825,70.66250196097344,22,2,12,-0.5000000000000004,0.8660254037844384,0.9749279121818236,-0.2225209339563143,-2.4492935982947064e-16,1.0,0.0,0.0,0.0,15.0,29.9,98.5,67.0,-2.75,3.931212,0.0,2.8,22.05000004,20.05,20.0,20.0,20.0,20.5,-16.070444456666667,-0.0833333333333321,-0.1506666666666669,6.174666666666667,5.924,22.16234568,6.124000000000002,3.9929695,3.930498,3.9290638,3.9081733,3.9892435,0,0.0,0,1.0,-0.27,6.5,93.5
2022-12-28 22:45:00,129.064559494442,96.370033944444,96.385588938886,22.05000004,5.924,20.5,2,5.1764362714980825,70.66250196097344,22,2,12,-0.5000000000000004,0.8660254037844384,0.9749279121818236,-0.2225209339563143,-2.4492935982947064e-16,1.0,0.0,0.0,0.0,15.1,29.9,99.25,67.5,-2.825,3.9207423,0.0,2.65,22.003703706666663,20.466666666666665,20.05,20.0,20.0,20.5,-16.12600004,-0.0444444166666677,-0.0999999999999996,6.024,5.85,22.10740742888889,6.040888888888891,3.9892435,3.9929695,3.930498,3.9290638,3.9786131,0,0.0,0,1.0,-0.28,6.6,93.4
2022-12-28 23:00:00,130.52394558333,96.077267872222,96.092267288888,22.003703706666663,5.85,20.5,2,5.1764362714980825,70.66250196097344,23,2,12,-0.2588190451025215,0.965925826289068,0.9749279121818236,-0.2225209339563143,-2.4492935982947064e-16,1.0,0.0,0.0,0.0,15.2,29.9,100.0,68.0,-2.9,3.9100363,0.0,2.5,22.0,20.5,20.466666666666665,20.05,20.0,20.5,-16.15370370666667,-0.0462963333333341,-0.0740000000000007,5.924,5.952,22.04938273444445,5.93266666666667,3.9786131,3.9892435,3.9929695,3.930498,3.9777634,0,0.0,0,1.0,-0.29,6.7,93.3
2022-12-28 23:15:00,137.738379144444,96.165875427778,96.181152633332,22.0,5.952,20.5,2,5.1764362714980825,70.66250196097344,23,2,12,-0.2588190451025215,0.965925826289068,0.9749279121818236,-0.2225209339563143,-2.4492935982947064e-16,1.0,0.0,0.0,0.0,15.55,30.425,100.0,68.0,-2.9,3.9034462,0.0,2.475,21.979629613333334,20.5,20.5,20.466666666666665,20.05,20.5,-16.048000000000002,-0.0037037066666663,0.1020000000000003,5.85,6.142,22.01790124888889,5.908666666666669,3.9777634,3.9786131,3.9892435,3.9929695,3.9730952,0,0.0,0,1.0,-0.29,6.7,93.3
2022-12-28 23:30:00,143.640920866664,96.034491816666,96.050046811108,21.979629613333334,6.142,20.5,2,5.1764362714980825,70.66250196097344,23,2,12,-0.2588190451025215,0.965925826289068,0.9749279121818236,-0.2225209339563143,-2.4492935982947064e-16,1.0,0.0,0.0,0.0,15.9,30.95,100.0,68.0,-2.9,3.8968651,0.0,2.45,21.9444444,20.5,20.5,20.5,20.466666666666665,20.5,-15.837629613333334,-0.0203703866666664,0.1899999999999995,5.952,6.065333333333333,21.99444444,5.981333333333335,3.9730952,3.9777634,3.9786131,3.9892435,3.9650407,0,0.0,0,1.0,-0.29,6.8,93.2
2022-12-28 23:45:00,420.702615772218,95.937829033332,95.955606172218,21.9444444,6.065333333333333,20.5,2,5.1764362714980825,70.66250196097344,23,2,12,-0.2588190451025215,0.965925826289068,0.9749279121818236,-0.2225209339563143,-2.4492935982947064e-16,1.0,0.0,0.0,0.0,16.25,31.475,100.0,68.0,-2.9,3.890294,0.0,2.425,21.9444444,20.5,20.5,20.5,20.5,20.5,-15.879111066666663,-0.0351852133333352,-0.0766666666666662,6.142,5.901333333333333,21.974691337777774,6.0531111111111136,3.9650407,3.9730952,3.9777634,3.9786131,3.9650407,0,0.0,0,1.0,-0.3,6.9,93.1
2022-12-29 00:00:00,141.91432328333,114.603749,114.62208168333,21.9444444,5.901333333333333,20.5,2,5.1764362714980825,70.66250196097344,0,3,12,0.0,1.0,0.4338837391175582,-0.900968867902419,-2.4492935982947064e-16,1.0,0.0,0.0,0.0,16.6,32.0,100.0,68.0,-2.9,3.883733,0.0,2.4,22.06111109,20.5,20.5,20.5,20.5,20.45,-16.043111066666665,0.0,-0.1640000000000006,6.065333333333333,5.5520000000000005,21.95617280444445,6.036222222222224,3.9650407,3.9650407,3.9730952,3.9777634,3.982064,0,0.0,0,1.0,-0.3,6.9,93.1
2022-12-29 00:15:00,136.307603127774,106.411854455556,106.427687188888,22.06111109,5.5520000000000005,20.45,2,5.1764362714980825,70.66250196097344,0,3,12,0.0,1.0,0.4338837391175582,-0.900968867902419,-2.4492935982947064e-16,1.0,0.0,0.0,0.0,16.85,32.65,100.0,68.25,-2.9,3.8914351,0.0,2.375,22.09074075,20.5,20.5,20.5,20.5,20.216666666666665,-16.50911109,0.1166666900000024,-0.3493333333333321,5.901333333333333,5.3773333333333335,21.983333296666668,5.839555555555559,3.982064,3.9650407,3.9650407,3.9730952,3.9433544,0,0.0,0,1.0,-0.27,6.6,93.4
2022-12-29 00:30:00,153.663853216666,107.374315972222,107.389870966664,22.09074075,5.3773333333333335,20.216666666666665,2,5.1764362714980825,70.66250196097344,0,3,12,0.0,1.0,0.4338837391175582,-0.900968867902419,-2.4492935982947064e-16,1.0,0.0,0.0,0.0,17.1,33.3,100.0,68.5,-2.9,3.899099,0.0,2.35,22.10000001,20.45,20.5,20.5,20.5,20.15,-16.71340741666667,0.0296296600000012,-0.1746666666666669,5.5520000000000005,5.3726666666666665,22.032098746666676,5.610222222222224,3.9433544,3.982064,3.9650407,3.9650407,3.9324477,0,0.0,0,1.0,-0.27,6.5,93.5
2022-12-29 00:45:00,160.215813344444,117.033096272222,117.049484533332,22.10000001,5.3726666666666665,20.15,2,5.1764362714980825,70.66250196097344,0,3,12,0.0,1.0,0.4338837391175582,-0.900968867902419,-2.4492935982947064e-16,1.0,0.0,0.0,0.0,17.35,33.95,100.0,68.75,-2.9,3.9067254,0.0,2.325,22.142592606666668,20.216666666666665,20.45,20.5,20.5,20.0,-16.72733334333333,0.0092592599999967,-0.004666666666667,5.3773333333333335,5.3966666666666665,22.08395061666667,5.434000000000002,3.9324477,3.9433544,3.982064,3.9650407,3.9127607,0,0.0,0,1.0,-0.27,6.5,93.5
2022-12-29 01:00:00,129.918136383334,94.866482988888,94.882037949998,22.142592606666668,5.3966666666666665,20.0,2,5.1764362714980825,70.66250196097344,1,3,12,0.2588190451025207,0.9659258262890684,0.4338837391175582,-0.900968867902419,-2.4492935982947064e-16,1.0,0.0,0.0,0.0,17.6,34.6,100.0,69.0,-2.9,3.9143138,0.0,2.3,22.06666669,20.15,20.216666666666665,20.45,20.5,20.05,-16.74592594,0.0425925966666689,0.024,5.3726666666666665,5.403333333333333,22.111111122222223,5.382222222222225,3.9127607,3.9324477,3.9433544,3.982064,3.905424,0,0.0,0,1.0,-0.26,6.4,93.6
2022-12-29 01:15:00,134.954045988892,95.396183983334,95.410072344444,22.06666669,5.403333333333333,20.05,2,5.1764362714980825,70.66250196097344,1,3,12,0.2588190451025207,0.9659258262890684,0.4338837391175582,-0.900968867902419,-2.4492935982947064e-16,1.0,0.0,0.0,0.0,17.55,34.95,100.0,68.5,-2.85,3.9122896,0.0,2.4,22.003703706666663,20.0,20.15,20.216666666666665,20.45,20.466666666666665,-16.663333356666666,-0.0759259166666694,0.0066666666666668,5.3966666666666665,5.41,22.103086435555557,5.390888888888892,3.905424,3.9127607,3.9324477,3.9433544,3.9721444,0,0.0,0,1.0,-0.28,6.6,93.4
2022-12-29 01:30:00,123.21090478333,95.879498,95.895608538886,22.003703706666663,5.41,20.466666666666665,2,5.1764362714980825,70.66250196097344,1,3,12,0.2588190451025207,0.9659258262890684,0.4338837391175582,-0.900968867902419,-2.4492935982947064e-16,1.0,0.0,0.0,0.0,17.5,35.3,100.0,68.0,-2.8,3.9100363,0.0,2.5,22.01666667,20.05,20.0,20.15,20.216666666666665,20.45,-16.593703706666666,-0.0629629833333318,0.0066666666666668,5.403333333333333,5.411333333333333,22.07098766777777,5.403333333333336,3.9721444,3.905424,3.9127607,3.9324477,3.9718769,0,0.0,0,1.0,-0.29,6.7,93.3
2022-12-29 01:45:00,167.074149983338,137.41533648333402,137.4353357,22.01666667,5.411333333333333,20.45,2,5.1764362714980825,70.66250196097344,1,3,12,0.2588190451025207,0.9659258262890684,0.4338837391175582,-0.900968867902419,-2.4492935982947064e-16,1.0,0.0,0.0,0.0,17.45,35.65,100.0,67.5,-2.75,3.9075515,0.0,2.6,22.175925936666665,20.466666666666665,20.05,20.0,20.15,20.03333333333333,-16.605333336666668,0.012962963333333,0.0013333333333331,5.41,5.508,22.029012355555555,5.408222222222225,3.9718769,3.9721444,3.905424,3.9127607,3.9268115,0,0.0,0,1.0,-0.29,6.7,93.3
2022-12-29 02:00:00,153.511914811112,97.804421,97.818587133332,22.175925936666665,5.508,20.03333333333333,2,5.1764362714980825,70.66250196097344,2,3,12,0.4999999999999999,0.8660254037844387,0.4338837391175582,-0.900968867902419,-2.4492935982947064e-16,1.0,0.0,0.0,0.0,17.4,36.0,100.0,67.0,-2.7,3.9048312,0.0,2.7,22.138888880000003,20.45,20.466666666666665,20.05,20.0,20.0,-16.667925936666666,0.1592592666666661,0.0966666666666666,5.411333333333333,5.524,22.065432104444444,5.443111111111114,3.9268115,3.9718769,3.9721444,3.905424,3.9119267,0,0.0,0,1.0,-0.25,6.3,93.7
2022-12-29 02:15:00,136.98618691667,95.82561123889,95.840055144444,22.138888880000003,5.524,20.0,2,5.1764362714980825,70.66250196097344,2,3,12,0.4999999999999999,0.8660254037844387,0.4338837391175582,-0.900968867902419,-2.4492935982947064e-16,1.0,0.0,0.0,0.0,16.724999999999998,35.725,100.0,67.5,-2.75,3.90097,0.0,2.575,22.0592593,20.03333333333333,20.45,20.466666666666665,20.05,20.0,-16.614888880000002,-0.0370370566666622,0.016,5.508,5.612,22.110493828888888,5.481111111111114,3.9119267,3.9268115,3.9718769,3.9721444,3.8940222,0,0.0,0,1.0,-0.26,6.4,93.6
2022-12-29 02:30:00,123.149518305554,95.846721527778,95.862554294442,22.0592593,5.612,20.0,2,5.1764362714980825,70.66250196097344,2,3,12,0.4999999999999999,0.8660254037844387,0.4338837391175582,-0.900968867902419,-2.4492935982947064e-16,1.0,0.0,0.0,0.0,16.049999999999997,35.45,100.0,68.0,-2.8,3.8968651,0.0,2.45,22.01111112,20.0,20.03333333333333,20.45,20.466666666666665,20.0,-16.4472593,-0.0796295800000024,0.088,5.524,5.544666666666667,22.124691372222227,5.548000000000002,3.8940222,3.9119267,3.9268115,3.9718769,3.8832314,0,0.0,0,1.0,-0.28,6.6,93.4
2022-12-29 02:45:00,133.836868544444,95.581176616666,95.596453805554,22.01111112,5.544666666666667,20.0,2,5.1764362714980825,70.66250196097344,2,3,12,0.4999999999999999,0.8660254037844387,0.4338837391175582,-0.900968867902419,-2.4492935982947064e-16,1.0,0.0,0.0,0.0,15.375,35.175,100.0,68.5,-2.85,3.8925192,0.0,2.325,21.948148106666665,20.0,20.0,20.03333333333333,20.45,20.0,-16.466444453333335,-0.0481481799999983,-0.067333333333333,5.612,5.416666666666667,22.069753100000003,5.560222222222225,3.8832314,3.8940222,3.9119267,3.9268115,3.8691592,0,0.0,0,1.0,-0.29,6.7,93.3
2022-12-29 03:00:00,125.19388096111,95.841721727778,95.857276705554,21.948148106666665,5.416666666666667,20.0,2,5.1764362714980825,70.66250196097344,3,3,12,0.7071067811865476,0.7071067811865476,0.4338837391175582,-0.900968867902419,-2.4492935982947064e-16,1.0,0.0,0.0,0.0,14.7,34.9,100.0,69.0,-2.9,3.8879366,0.0,2.2,21.90555555,20.0,20.0,20.0,20.03333333333333,20.0,-16.531481439999997,-0.0629630133333378,-0.1280000000000001,5.544666666666667,5.280666666666667,22.006172842222224,5.524444444444447,3.8691592,3.8832314,3.8940222,3.9119267,3.8596654,0,0.0,0,1.0,-0.3,6.9,93.1
2022-12-29 03:15:00,134.936546805554,95.442015516666,95.45784828333,21.90555555,5.280666666666667,20.0,2,5.1764362714980825,70.66250196097344,3,3,12,0.7071067811865476,0.7071067811865476,0.4338837391175582,-0.900968867902419,-2.4492935982947064e-16,1.0,0.0,0.0,0.0,14.475,33.55,100.0,69.25,-2.9,3.8888464,0.0,2.1500000000000004,21.929629636666668,20.0,20.0,20.0,20.0,20.0,-16.624888883333334,-0.0425925566666656,-0.1360000000000001,5.416666666666667,5.0906666666666665,21.954938258888888,5.414000000000002,3.8596654,3.8691592,3.8832314,3.8940222,3.865029,0,0.0,0,1.0,-0.31,7.0,93.0
2022-12-29 03:30:00,175.284932755556,122.630650111112,122.648427216666,21.929629636666668,5.0906666666666665,20.0,2,5.1764362714980825,70.66250196097344,3,3,12,0.7071067811865476,0.7071067811865476,0.4338837391175582,-0.900968867902419,-2.4492935982947064e-16,1.0,0.0,0.0,0.0,14.25,32.2,100.0,69.5,-2.9,3.8897,0.0,2.1,22.03888892,20.0,20.0,20.0,20.0,20.0,-16.83896297,0.0240740866666691,-0.1900000000000004,5.280666666666667,5.126,21.927777764444446,5.262666666666669,3.865029,3.8596654,3.8691592,3.8832314,3.8894544,0,0.0,0,1.0,-0.31,7.0,93.0
2022-12-29 03:45:00,130.462559072222,95.928107155556,95.943106572222,22.03888892,5.126,20.0,2,5.1764362714980825,70.66250196097344,3,3,12,0.7071067811865476,0.7071067811865476,0.4338837391175582,-0.900968867902419,-2.4492935982947064e-16,1.0,0.0,0.0,0.0,14.025,30.85,100.0,69.75,-2.9,3.8904974,0.0,2.05,22.01481482666667,20.0,20.0,20.0,20.0,20.0,-16.912888919999997,0.1092592833333299,0.0353333333333338,5.0906666666666665,5.172,21.95802470222222,5.16577777777778,3.8894544,3.865029,3.8596654,3.8691592,3.884061,0,0.0,0,1.0,-0.28,6.7,93.3
2022-12-29 04:00:00,123.33923298333,96.054491,96.071712594442,22.01481482666667,5.172,20.0,2,5.1764362714980825,70.66250196097344,4,3,12,0.8660254037844386,0.5000000000000001,0.4338837391175582,-0.900968867902419,-2.4492935982947064e-16,1.0,0.0,0.0,0.0,13.8,29.5,100.0,70.0,-2.9,3.8912396,0.0,2.0,21.97777776,20.0,20.0,20.0,20.0,20.0,-16.842814826666668,-0.0240740933333292,0.0459999999999993,5.126,5.13,21.99444446111111,5.129555555555558,3.884061,3.8894544,3.865029,3.8596654,3.8757758,0,0.0,0,1.0,-0.29,6.7,93.3
2022-12-29 04:15:00,131.111977427782,95.637007650002,95.651729311112,21.97777776,5.13,20.0,2,5.1764362714980825,70.66250196097344,4,3,12,0.8660254037844386,0.5000000000000001,0.4338837391175582,-0.900968867902419,-2.4492935982947064e-16,1.0,0.0,0.0,0.0,13.875,28.975,100.0,69.75,-2.95,3.8707793,0.0,1.975,21.948148106666665,20.0,20.0,20.0,20.0,20.0,-16.84777776,-0.0370370666666701,-0.0419999999999998,5.172,5.203333333333333,22.010493835555557,5.14266666666667,3.8757758,3.884061,3.8894544,3.865029,3.8691592,0,0.0,0,1.0,-0.3,6.8,93.2
2022-12-29 04:30:00,163.955941450002,126.657155727778,126.675210588888,21.948148106666665,5.203333333333333,20.0,2,5.1764362714980825,70.66250196097344,4,3,12,0.8660254037844386,0.5000000000000001,0.4338837391175582,-0.900968867902419,-2.4492935982947064e-16,1.0,0.0,0.0,0.0,13.95,28.45,100.0,69.5,-3.0,3.850376,0.0,1.95,22.06666665,20.0,20.0,20.0,20.0,20.0,-16.74481477333333,-0.029629653333334,0.0733333333333332,5.13,5.112,21.98024689777778,5.168444444444447,3.8691592,3.8757758,3.884061,3.8894544,3.8956854,0,0.0,0,1.0,-0.3,6.9,93.1
2022-12-29 04:45:00,155.064630549998,111.749974255556,111.765806988888,22.06666665,5.112,20.0,2,5.1764362714980825,70.66250196097344,4,3,12,0.8660254037844386,0.5000000000000001,0.4338837391175582,-0.900968867902419,-2.4492935982947064e-16,1.0,0.0,0.0,0.0,14.025,27.925,100.0,69.25,-3.05,3.8300295,0.0,1.925,22.142592606666668,20.0,20.0,20.0,20.0,20.0,-16.95466665,0.1185185433333373,-0.091333333333333,5.203333333333333,5.069999999999999,21.99753083888889,5.148444444444447,3.8956854,3.8691592,3.8757758,3.884061,3.9127607,0,0.0,0,1.0,-0.28,6.6,93.4
2022-12-29 05:00:00,141.801549861114,97.074450166668,97.090560688888,22.142592606666668,5.069999999999999,20.0,2,5.1764362714980825,70.66250196097344,5,3,12,0.9659258262890684,0.2588190451025207,0.4338837391175582,-0.900968867902419,-2.4492935982947064e-16,1.0,0.0,0.0,0.0,14.1,27.4,100.0,69.0,-3.1,3.8097394,0.0,1.9,22.06666669,20.0,20.0,20.0,20.0,20.0,-17.072592606666667,0.0759259566666656,-0.0420000000000007,5.112,5.041333333333333,22.052469121111116,5.128444444444447,3.9127607,3.8956854,3.8691592,3.8757758,3.8956854,0,0.0,0,1.0,-0.26,6.4,93.6
2022-12-29 05:15:00,129.460654916658,96.787517227778,96.802516677776,22.06666669,5.041333333333333,20.0,2,5.1764362714980825,70.66250196097344,5,3,12,0.9659258262890684,0.2588190451025207,0.4338837391175582,-0.900968867902419,-2.4492935982947064e-16,1.0,0.0,0.0,0.0,13.75,27.475,99.75,69.0,-3.15,3.8032854,0.0,1.875,22.003703706666663,20.0,20.0,20.0,20.0,20.0,-17.025333356666664,-0.0759259166666694,-0.0286666666666661,5.069999999999999,5.298666666666667,22.09197531555556,5.074444444444446,3.8956854,3.9127607,3.8956854,3.8691592,3.8815742,0,0.0,0,1.0,-0.28,6.6,93.4
2022-12-29 05:30:00,121.965121416658,94.5670505,94.582049933332,22.003703706666663,5.298666666666667,20.0,2,5.1764362714980825,70.66250196097344,5,3,12,0.9659258262890684,0.2588190451025207,0.4338837391175582,-0.900968867902419,-2.4492935982947064e-16,1.0,0.0,0.0,0.0,13.4,27.55,99.5,69.0,-3.2,3.796841,0.0,1.85,21.966666640000003,20.0,20.0,20.0,20.0,20.0,-16.70503704,-0.0629629833333318,0.2573333333333334,5.041333333333333,5.244666666666666,22.07098766777777,5.136666666666669,3.8815742,3.8956854,3.9127607,3.8956854,3.8732939,0,0.0,0,1.0,-0.29,6.8,93.2
2022-12-29 05:45:00,149.680957088884,116.369233894446,116.387288788888,21.966666640000003,5.244666666666666,20.0,2,5.1764362714980825,70.66250196097344,5,3,12,0.9659258262890684,0.2588190451025207,0.4338837391175582,-0.900968867902419,-2.4492935982947064e-16,1.0,0.0,0.0,0.0,13.05,27.625,99.25,69.0,-3.25,3.7904067,0.0,1.825,22.03703703,20.0,20.0,20.0,20.0,20.0,-16.721999973333336,-0.037037066666663,-0.0540000000000002,5.298666666666667,4.83,22.01234567888889,5.194888888888891,3.8732939,3.8815742,3.8956854,3.9127607,3.8890386,0,0.0,0,1.0,-0.3,6.9,93.1
2022-12-29 06:00:00,148.09685363889,99.276306588888,99.291028249998,22.03703703,4.83,20.0,2,5.1764362714980825,70.66250196097344,6,3,12,1.0,6.123233995736766e-17,0.4338837391175582,-0.900968867902419,-2.4492935982947064e-16,1.0,0.0,0.0,0.0,12.7,27.7,99.0,69.0,-3.3,3.783981,0.0,1.8,22.02777777,20.0,20.0,20.0,20.0,20.0,-17.207037030000002,0.0703703899999972,-0.4146666666666663,5.244666666666666,4.583333333333333,22.00246912555556,5.124444444444446,3.8890386,3.8732939,3.8815742,3.8956854,3.8869643,0,0.0,0,1.0,-0.28,6.7,93.3
2022-12-29 06:15:00,138.42168516111,95.690616688888,95.705060594442,22.02777777,4.583333333333333,20.0,2,5.1764362714980825,70.66250196097344,6,3,12,1.0,6.123233995736766e-17,0.4338837391175582,-0.900968867902419,-2.4492935982947064e-16,1.0,0.0,0.0,0.0,12.325,26.975,98.25,69.25,-3.35,3.7719934,0.0,1.7,21.948148106666665,20.0,20.0,20.0,20.0,20.0,-17.444444436666668,-0.0092592600000003,-0.246666666666667,4.83,4.593999999999999,22.010493813333337,4.886000000000002,3.8869643,3.8890386,3.8732939,3.8815742,3.8691592,0,0.0,0,1.0,-0.29,6.7,93.3
2022-12-29 06:30:00,154.091058494438,120.995993316666,121.013770438886,21.948148106666665,4.593999999999999,20.0,2,5.1764362714980825,70.66250196097344,6,3,12,1.0,6.123233995736766e-17,0.4338837391175582,-0.900968867902419,-2.4492935982947064e-16,1.0,0.0,0.0,0.0,11.95,26.25,97.5,69.5,-3.4,3.7599726,0.0,1.6,22.02777779,20.0,20.0,20.0,20.0,20.0,-17.354148106666663,-0.0796296633333355,0.0106666666666663,4.583333333333333,4.685333333333333,22.00432096888889,4.669111111111113,3.8691592,3.8869643,3.8890386,3.8732939,3.8869643,0,0.0,0,1.0,-0.3,6.9,93.1
2022-12-29 06:45:00,139.408034688884,104.093613888888,104.109446638886,22.02777779,4.685333333333333,20.0,2,5.1764362714980825,70.66250196097344,6,3,12,1.0,6.123233995736766e-17,0.4338837391175582,-0.900968867902419,-2.4492935982947064e-16,1.0,0.0,0.0,0.0,11.575,25.525,96.75,69.75,-3.45,3.747921,0.0,1.5,22.066666663333333,20.0,20.0,20.0,20.0,20.0,-17.34244445666667,0.0796296833333372,0.0913333333333339,4.593999999999999,4.887333333333333,22.00123455555556,4.620888888888891,3.8869643,3.8691592,3.8869643,3.8890386,3.8956854,0,0.0,0,1.0,-0.29,6.7,93.3
2022-12-29 07:00:00,123.40867478888,96.206429372222,96.221428805554,22.066666663333333,4.887333333333333,20.0,2,5.1764362714980825,70.66250196097344,7,3,12,0.9659258262890684,-0.2588190451025206,0.4338837391175582,-0.900968867902419,-2.4492935982947064e-16,1.0,0.0,0.0,0.0,11.2,24.8,96.0,70.0,-3.5,3.7358387,0.0,1.4,21.99444444,20.0,20.0,20.0,20.0,20.0,-17.17933333,0.038888873333331,0.2019999999999999,4.685333333333333,5.211333333333333,22.01419752,4.722222222222224,3.8956854,3.8869643,3.8691592,3.8869643,3.879502,0,0.0,0,1.0,-0.28,6.6,93.4
2022-12-29 07:15:00,134.86016102777398,96.14059863889,96.156431388888,21.99444444,5.211333333333333,20.0,2,5.1764362714980825,70.66250196097344,7,3,12,0.9659258262890684,-0.2588190451025206,0.4338837391175582,-0.900968867902419,-2.4492935982947064e-16,1.0,0.0,0.0,0.0,12.825,24.175,97.0,68.25,-3.25,3.7939587,0.0,2.0,21.948148106666665,20.0,20.0,20.0,20.0,20.0,-16.783111106666667,-0.072222223333334,0.3239999999999998,4.887333333333333,5.672,22.02962963111111,4.928000000000002,3.879502,3.8956854,3.8869643,3.8691592,3.8691592,0,0.0,0,1.0,-0.29,6.8,93.2
2022-12-29 07:30:00,148.982651655552,96.443086555556,96.458086005554,21.948148106666665,5.672,20.0,2,5.1764362714980825,70.66250196097344,7,3,12,0.9659258262890684,-0.2588190451025206,0.4338837391175582,-0.900968867902419,-2.4492935982947064e-16,1.0,0.0,0.0,0.0,14.45,23.55,98.0,66.5,-3.0,3.8496616,0.0,2.6,21.911111100000003,20.0,20.0,20.0,20.0,20.0,-16.276148106666664,-0.0462963333333341,0.4606666666666665,5.211333333333333,5.985333333333333,22.00308640333333,5.256888888888891,3.8691592,3.879502,3.8956854,3.8869643,3.8609025,0,0.0,0,1.0,-0.3,6.9,93.1
2022-12-29 07:45:00,131.675843988884,96.519750172222,96.535860694442,21.911111100000003,5.985333333333333,20.0,2,5.1764362714980825,70.66250196097344,7,3,12,0.9659258262890684,-0.2588190451025206,0.4338837391175582,-0.900968867902419,-2.4492935982947064e-16,1.0,0.0,0.0,0.0,16.075,22.925,99.0,64.75,-2.75,3.9026842,0.0,3.2,21.9407407,20.0,20.0,20.0,20.0,20.0,-15.92577776666667,-0.0370370066666616,0.3133333333333334,5.672,6.570666666666667,21.95123454888889,5.622888888888891,3.8609025,3.8691592,3.879502,3.8956854,3.8675072,0,0.0,0,1.0,-0.31,7.0,93.0
2022-12-29 08:00:00,125.59580938333,96.763907055556,96.779739788888,21.9407407,6.570666666666667,20.0,2,5.1764362714980825,70.66250196097344,8,3,12,0.8660254037844387,-0.4999999999999998,0.4338837391175582,-0.900968867902419,-2.4492935982947064e-16,1.0,0.0,0.0,0.0,17.7,22.3,100.0,63.0,-2.5,3.9527516,0.0,3.8,21.94999996,20.0,20.0,20.0,20.0,20.0,-15.370074033333331,0.0296295999999962,0.5853333333333337,5.985333333333333,7.041333333333333,21.933333302222223,6.076000000000003,3.8675072,3.8609025,3.8691592,3.879502,3.8695722,0,0.0,0,1.0,-0.31,6.9,93.1
2022-12-29 08:15:00,138.685841327774,100.418205344444,100.434871411108,21.94999996,7.041333333333333,20.0,2,5.1764362714980825,70.66250196097344,8,3,12,0.8660254037844387,-0.4999999999999998,0.4338837391175582,-0.900968867902419,-2.4492935982947064e-16,1.0,1.0,0.25,0.0833333333333333,18.15,26.35,89.25,62.5,-2.725,3.8952842,0.0,3.7,21.996296293333334,20.0,20.0,20.0,20.0,20.0,-14.908666626666664,0.0092592600000003,0.4706666666666663,6.570666666666667,7.332666666666666,21.93395058666667,6.532444444444447,3.8695722,3.8675072,3.8609025,3.8691592,3.8799162,0,0.0,0,1.0,-0.3,6.9,93.1
2022-12-29 08:30:00,122.038451866656,93.9437421,93.961241433332,21.996296293333334,7.332666666666666,20.0,2,5.1764362714980825,70.66250196097344,8,3,12,0.8660254037844387,-0.4999999999999998,0.4338837391175582,-0.900968867902419,-2.4492935982947064e-16,1.0,2.0,0.75,0.25,18.6,30.4,78.5,62.0,-2.95,3.838385,0.0,3.6,21.96111108,20.0,20.0,20.0,20.0,20.0,-14.663629626666667,0.0462963333333341,0.2913333333333332,7.041333333333333,7.81,21.96234565111111,6.981555555555558,3.8799162,3.8695722,3.8675072,3.8609025,3.8720527,0,0.0,0,1.0,-0.29,6.8,93.2
2022-12-29 08:45:00,140.27966652221602,96.889457633332,96.905845927774,21.96111108,7.81,20.0,2,5.1764362714980825,70.66250196097344,8,3,12,0.8660254037844387,-0.4999999999999998,0.4338837391175582,-0.900968867902419,-2.4492935982947064e-16,1.0,3.0,1.5,0.5,19.05,34.45,67.75,61.5,-3.175,3.7820508,0.0,3.5,21.92407405,20.0,20.0,20.0,20.0,20.0,-14.151111080000002,-0.0351852133333316,0.477333333333334,7.332666666666666,8.168,21.96913577777778,7.3946666666666685,3.8720527,3.8799162,3.8695722,3.8675072,3.863791,0,0.0,0,1.0,-0.3,6.9,93.1
2022-12-29 09:00:00,146.434975666668,91.779662,91.79355036111,21.92407405,8.168,20.0,2,5.1764362714980825,70.66250196097344,9,3,12,0.7071067811865476,-0.7071067811865475,0.4338837391175582,-0.900968867902419,-2.4492935982947064e-16,1.0,4.0,2.5,0.8333333333333334,19.5,38.5,57.0,61.0,-3.4,3.726276,0.0,3.4,21.94444442,20.0,20.0,20.0,20.0,20.0,-13.75607405,-0.037037030000004,0.3579999999999987,7.81,8.466,21.960493807777777,7.770222222222224,3.863791,3.8720527,3.8799162,3.8695722,3.8683324,0,0.0,0,1.0,-0.31,7.0,93.0
2022-12-29 09:15:00,153.104153205562,125.901352611112,125.920796316666,21.94444442,8.466,20.0,2,5.1764362714980825,70.66250196097344,9,3,12,0.7071067811865476,-0.7071067811865475,0.4338837391175582,-0.900968867902419,-2.4492935982947064e-16,1.0,26.25,8.8125,3.020833333333333,19.2,38.675,42.75,60.25,-3.35,3.736283,0.0,3.625,22.140740723333334,20.0,20.0,20.0,20.0,20.0,-13.47844442,0.0203703700000019,0.298,8.168,8.848666666666666,21.94320985,8.148000000000001,3.8683324,3.863791,3.8720527,3.8799162,3.912343,0,0.0,0,1.0,-0.3,6.9,93.1
2022-12-29 09:30:00,154.374102472226,127.15713576111,127.17713496111,22.140740723333334,8.848666666666666,20.0,2,5.1764362714980825,70.66250196097344,9,3,12,0.7071067811865476,-0.7071067811865475,0.4338837391175582,-0.900968867902419,-2.4492935982947064e-16,1.0,48.5,20.4375,7.0625,18.9,38.85,28.5,59.5,-3.3,3.7456305,0.0,3.85,22.31666664,20.0,20.0,20.0,20.0,20.0,-13.292074056666667,0.1962963033333338,0.3826666666666671,8.466,9.207333333333334,22.00308639777778,8.494222222222225,3.912343,3.8683324,3.863791,3.8720527,3.9521537,0,0.0,0,1.0,-0.26,6.4,93.6
2022-12-29 09:45:00,170.635952055556,131.683343555556,131.70278724444398,22.31666664,9.207333333333334,20.0,2,5.1764362714980825,70.66250196097344,9,3,12,0.7071067811865476,-0.7071067811865475,0.4338837391175582,-0.900968867902419,-2.4492935982947064e-16,1.0,70.75,37.375,12.958333333333334,18.6,39.025000000000006,14.25,58.75,-3.25,3.7542994,0.0,4.075,22.50925927333333,20.0,20.0,20.0,20.0,19.816666666666663,-13.109333306666668,0.1759259166666673,0.358666666666668,8.848666666666666,9.404666666666666,22.13395059444445,8.84066666666667,3.9521537,3.912343,3.8683324,3.863791,3.959507,0,0.0,0,1.0,-0.22,6.0,94.0
2022-12-29 10:00:00,134.37823573889,95.105084544444,95.121472805554,22.50925927333333,9.404666666666666,19.816666666666663,2,5.1764362714980825,70.66250196097344,10,3,12,0.4999999999999999,-0.8660254037844387,0.4338837391175582,-0.900968867902419,-2.4492935982947064e-16,1.0,93.0,59.625,20.70833333333333,18.3,39.2,0.0,58.0,-3.2,3.7622688,0.0,4.3,22.45555554,20.0,20.0,20.0,20.0,19.85,-13.10459260666667,0.1925926333333336,0.1973333333333311,9.207333333333334,10.017333333333331,22.322222212222226,9.153555555555558,3.959507,3.9521537,3.912343,3.8683324,3.9539516,0,0.0,0,1.0,-0.18,5.6,94.4
2022-12-29 10:15:00,83.74665016666,40.871976205554,40.881420311108,22.45555554,10.017333333333331,19.85,1,5.1764362714980825,70.66250196097344,10,3,12,0.4999999999999999,-0.8660254037844387,0.4338837391175582,-0.900968867902419,-2.4492935982947064e-16,1.0,126.0,84.5625,31.20833333333333,16.275,38.85,0.0,57.5,-2.975,3.8174922,0.0,4.65,22.23703701333333,19.816666666666663,20.0,20.0,20.0,20.0,-12.438222206666666,-0.0537037333333358,0.6126666666666676,9.404666666666666,10.226,22.427160484444443,9.543111111111116,3.9539516,3.959507,3.9521537,3.912343,3.934092,0,0.0,1,1.0,-0.19,5.7,94.3
2022-12-29 10:30:00,197.96152580555,154.949912872222,154.971856444444,22.23703701333333,10.226,20.0,2,5.1764362714980825,70.66250196097344,10,3,12,0.4999999999999999,-0.8660254037844387,0.4338837391175582,-0.900968867902419,-2.4492935982947064e-16,1.0,159.0,112.1875,44.458333333333336,14.25,38.5,0.0,57.0,-2.75,3.8729696,0.0,5.0,22.48333335,19.85,19.816666666666663,20.0,20.0,20.0,-12.011037013333334,-0.2185185266666636,0.2086666666666676,10.017333333333331,10.594666666666663,22.40061727555556,9.882666666666667,3.934092,3.9539516,3.959507,3.9521537,3.990193,0,0.0,1,1.0,-0.24,6.2,93.8
2022-12-29 10:45:00,150.685361277776,121.464863427778,121.483751588888,22.48333335,10.594666666666663,20.0,2,5.1764362714980825,70.66250196097344,10,3,12,0.4999999999999999,-0.8660254037844387,0.4338837391175582,-0.900968867902419,-2.4492935982947064e-16,1.0,192.0,142.5,60.458333333333336,12.225,38.15,0.0,56.5,-2.525,3.928689,0.0,5.35,22.7537037,20.0,19.85,19.816666666666663,20.0,20.0,-11.888666683333334,0.2462963366666635,0.3686666666666642,10.226,10.856,22.391975301111117,10.279333333333335,3.990193,3.934092,3.9539516,3.959507,4.0525727,0,0.0,0,1.0,-0.18,5.7,94.3
2022-12-29 11:00:00,64.675468594438,37.4751676,37.485167266664,22.7537037,10.856,20.0,1,5.1764362714980825,70.66250196097344,11,3,12,0.258819045102521,-0.9659258262890682,0.4338837391175582,-0.900968867902419,-2.4492935982947064e-16,1.0,225.0,175.5,79.20833333333333,10.2,37.8,0.0,56.0,-2.3,3.9846315,0.0,5.7,22.51111109,20.0,20.0,19.85,19.816666666666663,20.35,-11.8977037,0.2703703500000003,0.2613333333333347,10.594666666666663,11.284666666666668,22.491358021111115,10.558888888888893,4.0525727,3.990193,3.934092,3.9539516,4.066503,0,0.0,1,1.0,-0.12,5.3,94.7
2022-12-29 11:15:00,160.61913072777,119.787430544444,119.806041016662,22.51111109,11.284666666666668,20.35,2,5.1764362714980825,70.66250196097344,11,3,12,0.258819045102521,-0.9659258262890682,0.4338837391175582,-0.900968867902419,-2.4492935982947064e-16,1.0,251.0,206.75,100.04166666666669,10.05,34.925,3.75,55.0,-2.2,4.01751,0.0,6.1,22.50555552333333,20.0,20.0,20.0,19.85,20.5,-11.226444423333332,-0.2425926099999991,0.4286666666666683,10.856,11.48,22.582716046666672,10.91177777777778,4.066503,4.0525727,3.990193,3.934092,4.0951705,0,0.0,1,1.0,-0.17,5.6,94.4
2022-12-29 11:30:00,172.284219555552,126.014125883334,126.033291833332,22.50555552333333,11.48,20.5,2,5.1764362714980825,70.66250196097344,11,3,12,0.258819045102521,-0.9659258262890682,0.4338837391175582,-0.900968867902419,-2.4492935982947064e-16,1.0,277.0,236.25,122.95833333333331,9.9,32.05,7.5,54.0,-2.1,4.048972,0.0,6.5,22.69444443,20.35,20.0,20.0,20.0,20.5,-11.025555523333333,-0.0055555666666684,0.1953333333333304,11.284666666666668,11.914666666666667,22.590123437777777,11.20688888888889,4.0951705,4.066503,4.0525727,3.990193,4.1397986,0,0.0,0,1.0,-0.17,5.6,94.4
2022-12-29 11:45:00,153.5921894,114.431533655556,114.4487552,22.69444443,11.914666666666667,20.5,2,5.1764362714980825,70.66250196097344,11,3,12,0.258819045102521,-0.9659258262890682,0.4338837391175582,-0.900968867902419,-2.4492935982947064e-16,1.0,303.0,264.0,147.95833333333334,9.75,29.175,11.25,53.0,-2.0,4.078929,0.0,6.9,22.753703706666663,20.5,20.35,20.0,20.0,20.5,-10.77977776333333,0.1888889066666657,0.4346666666666685,11.48,11.995333333333331,22.57037034777778,11.55977777777778,4.1397986,4.0951705,4.066503,4.0525727,4.1538873,0,0.0,0,1.0,-0.13,5.3,94.7
2022-12-29 12:00:00,46.293703811108,10.595687272222,10.601242666664,22.753703706666663,11.995333333333331,20.5,1,5.1764362714980825,70.66250196097344,12,3,12,1.2246467991473532e-16,-1.0,0.4338837391175582,-0.900968867902419,-2.4492935982947064e-16,1.0,329.0,290.0,175.04166666666666,9.6,26.3,15.0,52.0,-1.9,4.1072936,0.0,7.3,22.64999999,20.5,20.5,20.35,20.0,20.85,-10.758370373333332,0.059259276666669,0.0806666666666657,11.914666666666667,12.202666666666666,22.65123455333333,11.796666666666669,4.1538873,4.1397986,4.0951705,4.066503,4.19976,0,0.0,1,1.0,-0.12,5.3,94.7
2022-12-29 12:15:00,149.674846033336,118.607755516666,118.626365905554,22.64999999,12.202666666666666,20.85,2,5.1764362714980825,70.66250196097344,12,3,12,1.2246467991473532e-16,-1.0,0.4338837391175582,-0.900968867902419,-2.4492935982947064e-16,1.0,343.0,313.0,201.4375,10.85,28.1,30.5,49.5,-1.95,4.090837,0.0,8.0,22.68333334333333,20.5,20.5,20.5,20.35,21.0,-10.447333323333336,-0.103703716666665,0.2073333333333327,11.995333333333331,12.216,22.69938270888889,12.037555555555558,4.19976,4.1538873,4.1397986,4.0951705,4.2380686,0,0.0,1,1.0,-0.14,5.4,94.6
2022-12-29 12:30:00,495.290743144444,125.248323216666,125.269989033332,22.68333334333333,12.216,21.0,2,5.1764362714980825,70.66250196097344,12,3,12,1.2246467991473532e-16,-1.0,0.4338837391175582,-0.900968867902419,-2.4492935982947064e-16,1.0,357.0,333.0,227.14583333333331,12.1,29.9,46.0,47.0,-2.0,4.0630026,0.0,8.7,22.80555553,20.85,20.5,20.5,20.5,21.0,-10.467333343333332,0.033333353333333,0.0133333333333354,12.202666666666666,12.566666666666666,22.695679013333336,12.138000000000003,4.2380686,4.19976,4.1538873,4.1397986,4.267863,0,0.0,0,1.0,-0.13,5.3,94.7
2022-12-29 12:45:00,117.569463799996,69.241952444444,69.255563066664,22.80555553,12.566666666666666,21.0,1,5.1764362714980825,70.66250196097344,12,3,12,1.2246467991473532e-16,-1.0,0.4338837391175582,-0.900968867902419,-2.4492935982947064e-16,1.0,371.0,350.0,252.16666666666663,13.35,31.7,61.5,44.5,-2.05,4.0229077,0.0,9.4,22.80370372,21.0,20.85,20.5,20.5,21.183333333333334,-10.238888863333331,0.122222186666665,0.3506666666666653,12.216,13.103333333333332,22.712962954444446,12.328444444444443,4.267863,4.2380686,4.19976,4.1538873,4.3046646,0,0.0,1,1.0,-0.1,5.2,94.8
2022-12-29 13:00:00,101.148731755552,53.575079144444,53.587300972218,22.80370372,13.103333333333332,21.183333333333334,1,5.1764362714980825,70.66250196097344,13,3,12,-0.2588190451025208,-0.9659258262890684,0.4338837391175582,-0.900968867902419,-2.4492935982947064e-16,1.0,385.0,364.0,276.5,14.6,33.5,77.0,42.0,-2.1,3.9696248,0.0,10.1,22.555555570000003,21.0,21.0,20.85,20.5,21.5,-9.700370386666664,-0.0018518100000015,0.5366666666666671,12.566666666666666,13.478000000000002,22.76419753111111,12.62866666666667,4.3046646,4.267863,4.2380686,4.19976,4.307282,0,0.0,0,1.0,-0.1,5.2,94.8
2022-12-29 13:15:00,147.696869655556,117.599740272222,117.61973952222,22.555555570000003,13.478000000000002,21.5,2,5.1764362714980825,70.66250196097344,13,3,12,-0.2588190451025208,-0.9659258262890684,0.4338837391175582,-0.900968867902419,-2.4492935982947064e-16,1.0,385.5,374.625,298.125,14.025,33.225,57.75,42.0,-1.975,4.020216,0.0,10.3,22.59259263,21.183333333333334,21.0,21.0,20.85,21.5,-9.07755557,-0.2481481499999951,0.374666666666668,13.103333333333332,13.904666666666666,22.72160494,13.049333333333337,4.307282,4.3046646,4.267863,4.2380686,4.3164477,0,0.0,1,1.0,-0.15,5.5,94.5
2022-12-29 13:30:00,160.371084883334,126.391332994446,126.410221155556,22.59259263,13.904666666666666,21.5,2,5.1764362714980825,70.66250196097344,13,3,12,-0.2588190451025208,-0.9659258262890684,0.4338837391175582,-0.900968867902419,-2.4492935982947064e-16,1.0,386.0,381.875,317.0416666666667,13.45,32.95,38.5,42.0,-1.85,4.071368,0.0,10.5,22.78888888,21.5,21.183333333333334,21.0,21.0,21.55,-8.687925963333337,0.0370370599999994,0.4266666666666641,13.478000000000002,13.788666666666668,22.650617306666664,13.495333333333337,4.3164477,4.307282,4.3046646,4.267863,4.3754597,0,0.0,0,1.0,-0.15,5.4,94.6
2022-12-29 13:45:00,137.083960938886,104.106113388888,104.123890511108,22.78888888,13.788666666666668,21.55,2,5.1764362714980825,70.66250196097344,13,3,12,-0.2588190451025208,-0.9659258262890684,0.4338837391175582,-0.900968867902419,-2.4492935982947064e-16,1.0,386.5,385.75,333.25,12.875,32.675,19.25,42.0,-1.725,4.123086,0.0,10.7,22.76296298333333,21.5,21.5,21.183333333333334,21.0,22.15,-9.00022221333333,0.196296249999996,-0.1159999999999978,13.904666666666666,13.445333333333334,22.64567902666667,13.723777777777782,4.3754597,4.3164477,4.307282,4.3046646,4.4906054,0,0.0,0,1.0,-0.1,5.2,94.8
2022-12-29 14:00:00,66.556504433328,32.720080077776,32.729801972218,22.76296298333333,13.445333333333334,22.15,1,5.1764362714980825,70.66250196097344,14,3,12,-0.4999999999999997,-0.8660254037844388,0.4338837391175582,-0.900968867902419,-2.4492935982947064e-16,1.0,387.0,386.25,346.75,12.3,32.4,0.0,42.0,-1.6,4.175376,0.0,10.9,22.37222225,21.55,21.5,21.5,21.183333333333334,22.5,-9.31762965,-0.0259258966666635,-0.3433333333333337,13.788666666666668,13.208,22.714814831111116,13.712888888888893,4.4906054,4.3754597,4.3164477,4.307282,4.460398,0,0.0,1,1.0,-0.1,5.2,94.8
2022-12-29 14:15:00,159.097802549998,110.063652844444,110.08142998333,22.37222225,13.208,22.5,2,5.1764362714980825,70.66250196097344,14,3,12,-0.4999999999999997,-0.8660254037844388,0.4338837391175582,-0.900968867902419,-2.4492935982947064e-16,1.0,375.0,383.625,357.0833333333333,12.05,31.4,0.0,42.5,-1.4,4.231738,0.0,10.925,22.442592616666666,22.15,21.55,21.5,21.5,22.5,-9.16422225,-0.3907407333333346,-0.2373333333333338,13.445333333333334,13.097333333333331,22.64135803777778,13.48066666666667,4.460398,4.4906054,4.3754597,4.3164477,4.478472,0,0.0,1,1.0,-0.19,5.7,94.3
2022-12-29 14:30:00,168.013834744444,124.666124255556,124.685290238886,22.442592616666666,13.097333333333331,22.5,2,5.1764362714980825,70.66250196097344,14,3,12,-0.4999999999999997,-0.8660254037844388,0.4338837391175582,-0.900968867902419,-2.4492935982947064e-16,1.0,363.0,377.875,364.25,11.8,30.4,0.0,43.0,-1.2000000000000002,4.288265,0.0,10.95,22.68333333,22.5,22.15,21.55,21.5,22.5,-9.345259283333332,0.0703703666666655,-0.1106666666666669,13.208,13.0,22.52592595,13.250222222222224,4.478472,4.460398,4.4906054,4.3754597,4.5407877,0,0.0,0,1.0,-0.17,5.6,94.4
2022-12-29 14:45:00,156.91400085556,129.857583272222,129.877304716666,22.68333333,13.0,22.5,2,5.1764362714980825,70.66250196097344,14,3,12,-0.4999999999999997,-0.8660254037844388,0.4338837391175582,-0.900968867902419,-2.4492935982947064e-16,1.0,351.0,369.0,368.25,11.55,29.4,0.0,43.5,-1.0,4.344959,0.0,10.975,22.764814806666667,22.5,22.5,22.15,21.55,22.683333333333334,-9.68333333,0.2407407133333343,-0.0973333333333332,13.097333333333331,12.956,22.49938273222222,13.101777777777782,4.5407877,4.478472,4.460398,4.4906054,4.5992203,0,0.0,0,1.0,-0.12,5.3,94.7
2022-12-29 15:00:00,45.622341716666,13.652787183334,13.6594536,22.764814806666667,12.956,22.683333333333334,1,5.1764362714980825,70.66250196097344,15,3,12,-0.7071067811865471,-0.7071067811865479,0.4338837391175582,-0.900968867902419,-2.4492935982947064e-16,1.0,339.0,357.0,369.0833333333333,11.3,28.4,0.0,44.0,-0.8,4.4018197,0.0,11.0,22.40000002,22.5,22.5,22.5,22.15,23.0,-9.808814806666668,0.0814814766666671,-0.0440000000000004,13.0,12.813333333333333,22.630246917777782,13.01777777777778,4.5992203,4.5407877,4.478472,4.460398,4.5668035,0,0.0,1,1.0,-0.1,5.2,94.8
2022-12-29 15:15:00,148.804047583334,114.268206855556,114.286261766664,22.40000002,12.813333333333333,23.0,2,5.1764362714980825,70.66250196097344,15,3,12,-0.7071067811865471,-0.7071067811865479,0.4338837391175582,-0.900968867902419,-2.4492935982947064e-16,1.0,314.5,341.875,366.7083333333333,11.2,27.775,3.25,46.0,-0.4,4.551481,0.0,10.825,22.390740723333334,22.683333333333334,22.5,22.5,22.5,23.0,-9.586666686666668,-0.3648147866666669,-0.1426666666666669,12.956,12.675999999999998,22.61604938555556,12.923111111111114,4.5668035,4.5992203,4.5407877,4.478472,4.5643735,0,0.0,1,1.0,-0.18,5.7,94.3
2022-12-29 15:30:00,165.80114560555,122.986191472222,123.005635177776,22.390740723333334,12.675999999999998,23.0,2,5.1764362714980825,70.66250196097344,15,3,12,-0.7071067811865471,-0.7071067811865479,0.4338837391175582,-0.900968867902419,-2.4492935982947064e-16,1.0,290.0,323.625,361.125,11.1,27.15,6.5,48.0,0.0,4.6972613,0.0,10.65,22.6277778,23.0,22.683333333333334,22.5,22.5,23.0,-9.714740723333335,-0.0092592966666664,-0.1373333333333342,12.813333333333333,12.654,22.51851851666667,12.815111111111111,4.5643735,4.5668035,4.5992203,4.5407877,4.6269264,0,0.0,0,1.0,-0.18,5.7,94.3
2022-12-29 15:45:00,175.361318583334,128.401252627778,128.419307488888,22.6277778,12.654,23.0,2,5.1764362714980825,70.66250196097344,15,3,12,-0.7071067811865471,-0.7071067811865479,0.4338837391175582,-0.900968867902419,-2.4492935982947064e-16,1.0,265.5,302.25,352.3333333333333,11.0,26.525,9.75,50.0,0.4000000000000001,4.8392186,0.0,10.475,22.770370393333334,23.0,23.0,22.683333333333334,22.5,23.0,-9.9737778,0.2370370766666667,-0.0219999999999984,12.675999999999998,12.431333333333331,22.472839514444445,12.714444444444446,4.6269264,4.5643735,4.5668035,4.5992203,4.6649113,0,0.0,0,1.0,-0.13,5.3,94.7
2022-12-29 16:00:00,75.900852794442,39.079547872222,39.08926978333,22.770370393333334,12.431333333333331,23.0,1,5.1764362714980825,70.66250196097344,16,3,12,-0.8660254037844385,-0.5000000000000004,0.4338837391175582,-0.900968867902419,-2.4492935982947064e-16,1.0,241.0,277.75,340.3333333333333,10.9,25.9,13.0,52.0,0.8,4.9774103,0.0,10.3,22.4611111,23.0,23.0,23.0,22.683333333333334,23.35,-10.33903706,0.1425925933333331,-0.222666666666667,12.654,12.127333333333333,22.596296305555555,12.587111111111112,4.6649113,4.6269264,4.5643735,4.5668035,4.652607,0,0.0,1,1.0,-0.09,5.2,94.8
2022-12-29 16:15:00,116.854492366664,89.688079033332,89.704745099996,22.4611111,12.127333333333333,23.35,2,5.1764362714980825,70.66250196097344,16,3,12,-0.8660254037844385,-0.5000000000000004,0.4338837391175582,-0.900968867902419,-2.4492935982947064e-16,1.0,208.25,251.1875,325.5625,11.1,25.1,17.5,54.5,0.875,5.0299115,0.0,9.725,22.36296297333333,23.0,23.0,23.0,23.0,23.5,-10.333777766666667,-0.3092592933333336,-0.3040000000000002,12.431333333333331,12.112666666666666,22.619753097777775,12.404222222222224,4.652607,4.6649113,4.6269264,4.5643735,4.656159,0,0.0,1,1.0,-0.16,5.6,94.4
2022-12-29 16:30:00,157.664526466668,127.418791911112,127.437957827778,22.36296297333333,12.112666666666666,23.5,2,5.1764362714980825,70.66250196097344,16,3,12,-0.8660254037844385,-0.5000000000000004,0.4338837391175582,-0.900968867902419,-2.4492935982947064e-16,1.0,175.5,222.5625,308.0208333333333,11.3,24.3,22.0,57.0,0.95,5.0714016,0.0,9.15,22.6277778,23.35,23.0,23.0,23.0,23.5,-10.250296306666666,-0.0981481266666683,-0.0146666666666668,12.127333333333333,12.196666666666664,22.53148148888889,12.223777777777778,4.656159,4.652607,4.6649113,4.6269264,4.7275114,0,0.0,0,1.0,-0.19,5.7,94.3
2022-12-29 16:45:00,173.641943077772,128.3415328,128.358754377776,22.6277778,12.196666666666664,23.5,2,5.1764362714980825,70.66250196097344,16,3,12,-0.8660254037844385,-0.5000000000000004,0.4338837391175582,-0.900968867902419,-2.4492935982947064e-16,1.0,142.75,191.875,287.7083333333333,11.5,23.5,26.5,59.5,1.025,5.1025205,0.0,8.575000000000001,22.79074074333333,23.5,23.35,23.0,23.0,23.5,-10.431111133333337,0.2648148266666688,0.0839999999999996,12.112666666666666,11.947333333333336,22.483950624444446,12.145555555555555,4.7275114,4.656159,4.652607,4.6649113,4.7718897,0,0.0,0,1.0,-0.12,5.3,94.7
2022-12-29 17:00:00,109.392568722216,66.419287572222,66.430398277776,22.79074074333333,11.947333333333336,23.5,1,5.1764362714980825,70.66250196097344,17,3,12,-0.9659258262890684,-0.2588190451025206,0.4338837391175582,-0.900968867902419,-2.4492935982947064e-16,1.0,110.0,159.125,264.625,11.7,22.7,31.0,62.0,1.1,5.1238766,0.0,8.0,22.57777777,23.5,23.5,23.35,23.0,23.9,-10.84340741,0.1629629433333335,-0.2493333333333307,12.196666666666664,11.872000000000002,22.593827172222223,12.085555555555558,4.7718897,4.7275114,4.656159,4.652607,4.7942047,0,0.0,1,1.0,-0.09,5.2,94.8
2022-12-29 17:15:00,102.001753216662,65.249612127778,65.262667238886,22.57777777,11.872000000000002,23.9,1,5.1764362714980825,70.66250196097344,17,3,12,-0.9659258262890684,-0.2588190451025206,0.4338837391175582,-0.900968867902419,-2.4492935982947064e-16,1.0,85.25,128.375,240.47916666666663,12.475,23.775,48.25,63.5,1.05,5.11403,0.0,7.6,22.3537037,23.5,23.5,23.5,23.35,24.466666666666665,-10.70577777,-0.2129629733333331,-0.075333333333333,11.947333333333336,12.024,22.665432104444445,12.005333333333336,4.7942047,4.7718897,4.7275114,4.656159,4.8451095,0,0.0,0,1.0,-0.13,5.4,94.6
2022-12-29 17:30:00,163.214860011112,125.391095272222,125.408039044444,22.3537037,12.024,24.466666666666665,2,5.1764362714980825,70.66250196097344,17,3,12,-0.9659258262890684,-0.2588190451025206,0.4338837391175582,-0.900968867902419,-2.4492935982947064e-16,1.0,60.5,99.625,215.27083333333331,13.25,24.85,65.5,65.0,1.0,5.100921,0.0,7.2,22.61111112,23.9,23.5,23.5,23.5,24.45,-10.329703699999996,-0.2240740700000039,0.1519999999999992,11.872000000000002,11.891333333333334,22.574074071111117,11.947777777777782,4.8451095,4.7942047,4.7718897,4.7275114,4.913923,0,0.0,1,1.0,-0.18,5.7,94.3
2022-12-29 17:45:00,153.810791755556,126.602157927778,126.621879405554,22.61111112,11.891333333333334,24.45,2,5.1764362714980825,70.66250196097344,17,3,12,-0.9659258262890684,-0.2588190451025206,0.4338837391175582,-0.900968867902419,-2.4492935982947064e-16,1.0,35.75,72.875,189.0,14.025,25.925,82.75,66.5,0.95,5.0847034,0.0,6.800000000000001,22.770370393333334,24.466666666666665,23.9,23.5,23.5,24.216666666666665,-10.719777786666668,0.2574074200000034,-0.1326666666666671,12.024,11.85,22.51419753,11.929111111111114,4.913923,4.8451095,4.7942047,4.7718897,4.9116783,0,0.0,0,1.0,-0.12,5.3,94.7
2022-12-29 18:00:00,78.062710716666,47.991969127778,48.004190938886,22.770370393333334,11.85,24.216666666666665,1,5.1764362714980825,70.66250196097344,18,3,12,-1.0,-1.8369701987210294e-16,0.4338837391175582,-0.900968867902419,-2.4492935982947064e-16,1.0,11.0,48.125,161.66666666666666,14.8,27.0,100.0,68.0,0.9,5.0655227,0.0,6.4,22.49444446,24.45,24.466666666666665,23.9,23.5,24.85,-10.920370393333334,0.1592592733333333,-0.0413333333333341,11.891333333333334,11.942,22.578395071111117,11.921777777777782,4.9116783,4.913923,4.8451095,4.7942047,4.960979,0,0.0,1,1.0,-0.09,5.2,94.8
2022-12-29 18:15:00,143.541758133332,88.154529211112,88.16786207777601,22.49444446,11.942,24.85,2,5.1764362714980825,70.66250196097344,18,3,12,-1.0,-1.8369701987210294e-16,0.4338837391175582,-0.900968867902419,-2.4492935982947064e-16,1.0,8.25,28.875,136.14583333333334,14.65,27.35,100.0,68.0,1.1,5.1404505,0.0,6.625,22.36666668,24.216666666666665,24.45,24.466666666666665,23.9,25.0,-10.55244446,-0.2759259333333332,0.0920000000000005,11.85,12.051333333333334,22.62530865777778,11.894444444444446,4.960979,4.9116783,4.913923,4.8451095,4.9544153,0,0.0,1,1.0,-0.15,5.4,94.6
2022-12-29 18:30:00,165.636985355556,124.3658585,124.383357866664,22.36666668,12.051333333333334,25.0,2,5.1764362714980825,70.66250196097344,18,3,12,-1.0,-1.8369701987210294e-16,0.4338837391175582,-0.900968867902419,-2.4492935982947064e-16,1.0,5.5,15.125,112.4375,14.5,27.7,100.0,68.0,1.3,5.2163453,0.0,6.85,22.6277778,24.85,24.216666666666665,24.45,24.466666666666665,25.0,-10.315333346666664,-0.1277777800000024,0.1093333333333337,11.942,12.268666666666666,22.54382717777777,11.94777777777778,4.9544153,4.960979,4.9116783,4.913923,5.029268,0,0.0,0,1.0,-0.17,5.6,94.4
2022-12-29 18:45:00,155.394061788888,128.207927027778,128.226815205554,22.6277778,12.268666666666666,25.0,2,5.1764362714980825,70.66250196097344,18,3,12,-1.0,-1.8369701987210294e-16,0.4338837391175582,-0.900968867902419,-2.4492935982947064e-16,1.0,2.75,6.875,90.54166666666669,14.35,28.05,100.0,68.0,1.5,5.293216,0.0,7.075,22.79074074333333,25.0,24.85,24.216666666666665,24.45,25.183333333333334,-10.359111133333334,0.2611111200000025,0.2173333333333325,12.051333333333334,12.128000000000002,22.496296313333332,12.087333333333335,5.029268,4.9544153,4.960979,4.9116783,5.1137056,0,0.0,0,1.0,-0.11,5.3,94.7
2022-12-29 19:00:00,88.76644936666,48.927765044444,48.93804248333,22.79074074333333,12.128000000000002,25.183333333333334,1,5.1764362714980825,70.66250196097344,19,3,12,-0.9659258262890684,0.2588190451025203,0.4338837391175582,-0.900968867902419,-2.4492935982947064e-16,1.0,0.0,4.125,70.45833333333333,14.2,28.4,100.0,68.0,1.7,5.3710766,0.0,7.3,22.54999996,25.0,25.0,24.85,24.216666666666665,25.85,-10.662740743333332,0.1629629433333335,-0.1406666666666645,12.268666666666666,11.856666666666666,22.595061741111117,12.149333333333336,5.1137056,5.029268,4.9544153,4.960979,5.177104,0,0.0,1,1.0,-0.08,5.1,94.9
2022-12-29 19:15:00,108.562046311108,81.173141844444,81.18675248333,22.54999996,11.856666666666666,25.85,2,5.1764362714980825,70.66250196097344,19,3,12,-0.9659258262890684,0.2588190451025203,0.4338837391175582,-0.900968867902419,-2.4492935982947064e-16,1.0,0.0,2.0625,53.10416666666666,14.3,28.225,100.0,67.0,1.85,5.413381,0.0,7.649999999999999,22.38148144333333,25.183333333333334,25.0,25.0,24.85,25.816666666666663,-10.693333293333332,-0.2407407833333366,-0.2713333333333363,12.128000000000002,11.806666666666668,22.656172834444448,12.084444444444449,5.177104,5.1137056,5.029268,4.9544153,5.120619,0,0.0,1,1.0,-0.13,5.3,94.7
2022-12-29 19:30:00,466.382177166672,124.117535066668,124.136700983334,22.38148144333333,11.806666666666668,25.816666666666663,2,5.1764362714980825,70.66250196097344,19,3,12,-0.9659258262890684,0.2588190451025203,0.4338837391175582,-0.900968867902419,-2.4492935982947064e-16,1.0,0.0,0.6875,38.47916666666666,14.4,28.05,100.0,66.0,2.0,5.45445,0.0,8.0,22.61666667,25.85,25.183333333333334,25.0,25.0,25.15,-10.574814776666663,-0.1685185166666656,-0.0499999999999989,11.856666666666666,11.666666666666666,22.57407404888889,11.930444444444449,5.120619,5.177104,5.1137056,5.029268,5.0562196,0,0.0,0,1.0,-0.17,5.6,94.4
2022-12-29 19:45:00,585.536022088888,127.777388683334,127.796554633332,22.61666667,11.666666666666666,25.15,2,5.1764362714980825,70.66250196097344,19,3,12,-0.9659258262890684,0.2588190451025203,0.4338837391175582,-0.900968867902419,-2.4492935982947064e-16,1.0,0.0,0.0,26.58333333333333,14.5,27.875,100.0,65.0,2.15,5.494213,0.0,8.35,22.80185184333333,25.816666666666663,25.85,25.183333333333334,25.0,25.0,-10.950000003333331,0.2351852266666654,-0.1400000000000005,11.806666666666668,11.306666666666668,22.51604935777777,11.776666666666667,5.0562196,5.120619,5.177104,5.1137056,5.079711,0,0.0,0,1.0,-0.12,5.3,94.7
2022-12-29 20:00:00,73.551502305554,39.865627527778,39.875349438886,22.80185184333333,11.306666666666668,25.0,1,5.1764362714980825,70.66250196097344,20,3,12,-0.8660254037844386,0.5000000000000001,0.4338837391175582,-0.900968867902419,-2.4492935982947064e-16,1.0,0.0,0.0,17.416666666666668,14.6,27.7,100.0,64.0,2.3,5.5325994,0.0,8.7,22.50000001,25.15,25.816666666666663,25.85,25.183333333333334,25.35,-11.495185176666668,0.1851851733333376,-0.3599999999999994,11.666666666666666,11.13,22.59999998555556,11.593333333333334,5.079711,5.0562196,5.120619,5.177104,5.062412,0,0.0,1,1.0,-0.07,5.1,94.9
2022-12-29 20:15:00,123.47478306111,96.05504656111,96.070879311108,22.50000001,11.13,25.35,2,5.1764362714980825,70.66250196097344,20,3,12,-0.8660254037844386,0.5000000000000001,0.4338837391175582,-0.900968867902419,-2.4492935982947064e-16,1.0,0.0,0.0,10.3125,14.6,27.975,100.0,64.25,2.275,5.5187087,0.0,8.6,22.39814813,25.0,25.15,25.816666666666663,25.85,25.316666666666663,-11.370000010000002,-0.301851833333334,-0.1766666666666676,11.306666666666668,11.256666666666666,22.639506174444445,11.36777777777778,5.062412,5.079711,5.0562196,5.120619,5.026259,0,0.0,1,1.0,-0.14,5.4,94.6
2022-12-29 20:30:00,160.027487494446,122.320662544444,122.337606366664,22.39814813,11.256666666666666,25.316666666666663,2,5.1764362714980825,70.66250196097344,20,3,12,-0.8660254037844386,0.5000000000000001,0.4338837391175582,-0.900968867902419,-2.4492935982947064e-16,1.0,0.0,0.0,5.270833333333333,14.6,28.25,100.0,64.5,2.25,5.5047407,0.0,8.5,22.63333335,25.35,25.0,25.15,25.816666666666663,25.0,-11.141481463333331,-0.1018518800000016,0.1266666666666669,11.13,11.264,22.56666666111111,11.231111111111112,5.026259,5.062412,5.079711,5.0562196,5.030871,0,0.0,0,1.0,-0.17,5.6,94.4
2022-12-29 20:45:00,162.113515249998,127.381571183334,127.401292694442,22.63333335,11.264,25.0,2,5.1764362714980825,70.66250196097344,20,3,12,-0.8660254037844386,0.5000000000000001,0.4338837391175582,-0.900968867902419,-2.4492935982947064e-16,1.0,0.0,0.0,2.2916666666666665,14.6,28.525,100.0,64.75,2.225,5.4906974,0.0,8.4,22.781481456666665,25.316666666666663,25.35,25.0,25.15,25.183333333333334,-11.36933335,0.2351852200000017,0.0073333333333351,11.256666666666666,11.279333333333334,22.51049383,11.21688888888889,5.030871,5.026259,5.062412,5.079711,5.1109924,0,0.0,0,1.0,-0.11,5.3,94.7
2022-12-29 21:00:00,82.90335048333,39.615359755556,39.624526155552,22.781481456666665,11.279333333333334,25.183333333333334,1,5.1764362714980825,70.66250196097344,21,3,12,-0.7071067811865477,0.7071067811865474,0.4338837391175582,-0.900968867902419,-2.4492935982947064e-16,1.0,0.0,0.0,1.375,14.6,28.8,100.0,65.0,2.2,5.476579,0.0,8.3,22.44444442,25.0,25.316666666666663,25.35,25.0,25.85,-11.502148123333331,0.1481481066666639,0.0153333333333325,11.264,11.244666666666664,22.60432097888889,11.266666666666673,5.1109924,5.030871,5.026259,5.062412,5.145816,0,0.0,1,1.0,-0.08,5.1,94.9
2022-12-29 21:15:00,140.330219883334,92.7362904,92.750456566664,22.44444442,11.244666666666664,25.85,2,5.1764362714980825,70.66250196097344,21,3,12,-0.7071067811865477,0.7071067811865474,0.4338837391175582,-0.900968867902419,-2.4492935982947064e-16,1.0,0.0,0.0,0.6875,14.675,29.15,100.0,65.0,2.2,5.485389,0.0,8.325000000000001,22.34259258666667,25.183333333333334,25.0,25.316666666666663,25.35,26.0,-11.199777753333334,-0.3370370366666648,-0.0346666666666681,11.279333333333334,11.193333333333332,22.619753075555558,11.262666666666668,5.145816,5.1109924,5.030871,5.026259,5.145466,0,0.0,1,1.0,-0.15,5.5,94.5
2022-12-29 21:30:00,155.156848961114,124.649180483334,124.667513133332,22.34259258666667,11.193333333333332,26.0,2,5.1764362714980825,70.66250196097344,21,3,12,-0.7071067811865477,0.7071067811865474,0.4338837391175582,-0.900968867902419,-2.4492935982947064e-16,1.0,0.0,0.0,0.2291666666666666,14.75,29.5,100.0,65.0,2.2,5.494213,0.0,8.350000000000001,22.61666667,25.85,25.183333333333334,25.0,25.316666666666663,25.65,-11.149259253333335,-0.1018518333333311,-0.0513333333333321,11.244666666666664,11.218,22.522839487777777,11.239111111111114,5.145466,5.145816,5.1109924,5.030871,5.15674,0,0.0,0,1.0,-0.17,5.6,94.4
2022-12-29 21:45:00,155.780712755564,128.489582427778,128.509026116666,22.61666667,11.218,25.65,2,5.1764362714980825,70.66250196097344,21,3,12,-0.7071067811865477,0.7071067811865474,0.4338837391175582,-0.900968867902419,-2.4492935982947064e-16,1.0,0.0,0.0,0.0,14.825,29.85,100.0,65.0,2.2,5.5030484,0.0,8.375,22.80185184333333,26.0,25.85,25.183333333333334,25.0,25.683333333333334,-11.398666669999995,0.2740740833333284,0.0246666666666666,11.193333333333332,11.179333333333334,22.467901225555558,11.21866666666667,5.15674,5.145466,5.145816,5.1109924,5.218556,0,0.0,0,1.0,-0.11,5.3,94.7
2022-12-29 22:00:00,67.035651949994,31.0345919,31.042091649998,22.80185184333333,11.179333333333334,25.683333333333334,1,5.1764362714980825,70.66250196097344,22,3,12,-0.5000000000000004,0.8660254037844384,0.4338837391175582,-0.900968867902419,-2.4492935982947064e-16,1.0,0.0,0.0,0.0,14.9,30.2,100.0,65.0,2.2,5.5118976,0.0,8.4,22.50000001,25.65,26.0,25.85,25.183333333333334,26.35,-11.62251851,0.1851851733333376,-0.0386666666666659,11.218,11.295333333333334,22.58703703333333,11.196888888888893,5.218556,5.15674,5.145466,5.145816,5.2621126,0,0.0,1,1.0,-0.07,5.1,94.9
2022-12-29 22:15:00,144.835317505554,98.354954527778,98.369953994442,22.50000001,11.295333333333334,26.35,2,5.1764362714980825,70.66250196097344,22,3,12,-0.5000000000000004,0.8660254037844384,0.4338837391175582,-0.900968867902419,-2.4492935982947064e-16,1.0,0.0,0.0,0.0,14.875,30.2,100.0,65.5,2.3000000000000003,5.5542965,0.0,8.4,22.39814813,25.683333333333334,25.65,26.0,25.85,26.5,-11.204666676666667,-0.301851833333334,0.1159999999999996,11.179333333333334,11.428,22.63950617444445,11.230888888888892,5.2621126,5.218556,5.15674,5.145466,5.2611923,0,0.0,1,1.0,-0.14,5.4,94.6
2022-12-29 22:30:00,470.765057461114,121.144598488888,121.161820049998,22.39814813,11.428,26.5,2,5.1764362714980825,70.66250196097344,22,3,12,-0.5000000000000004,0.8660254037844384,0.4338837391175582,-0.900968867902419,-2.4492935982947064e-16,1.0,0.0,0.0,0.0,14.85,30.2,100.0,66.0,2.4000000000000004,5.596696,0.0,8.4,22.6277778,26.35,25.683333333333334,25.65,26.0,26.5,-10.97014813,-0.1018518800000016,0.1326666666666653,11.295333333333334,11.508,22.566666661111118,11.300888888888892,5.2611923,5.2621126,5.218556,5.15674,5.331023,0,0.0,0,1.0,-0.16,5.5,94.5
2022-12-29 22:45:00,156.402632527778,120.11880613889,120.137138805554,22.6277778,11.508,26.5,2,5.1764362714980825,70.66250196097344,22,3,12,-0.5000000000000004,0.8660254037844384,0.4338837391175582,-0.900968867902419,-2.4492935982947064e-16,1.0,0.0,0.0,0.0,14.825,30.2,100.0,66.5,2.5,5.639095,0.0,8.4,22.68888892,26.5,26.35,25.683333333333334,25.65,26.683333333333334,-11.1197778,0.2296296700000013,0.0800000000000018,11.428,11.496,22.508641980000004,11.410444444444446,5.331023,5.2611923,5.2621126,5.218556,5.386753,0,0.0,0,1.0,-0.1,5.2,94.8
2022-12-29 23:00:00,51.10823358888,18.856745683334,18.863134394442,22.68888892,11.496,26.683333333333334,1,5.1764362714980825,70.66250196097344,23,3,12,-0.2588190451025215,0.965925826289068,0.4338837391175582,-0.900968867902419,-2.4492935982947064e-16,1.0,0.0,0.0,0.0,14.8,30.2,100.0,67.0,2.6,5.6814947,0.0,8.4,22.37222225,26.5,26.5,26.35,25.683333333333334,27.0,-11.19288892,0.0611111199999996,-0.0120000000000004,11.508,11.562,22.571604950000005,11.477333333333336,5.386753,5.331023,5.2611923,5.2621126,5.3524785,0,0.0,1,1.0,-0.09,5.2,94.8
2022-12-29 23:15:00,147.20188952222,119.874649255556,119.893537449998,22.37222225,11.562,27.0,2,5.1764362714980825,70.66250196097344,23,3,12,-0.2588190451025215,0.965925826289068,0.4338837391175582,-0.900968867902419,-2.4492935982947064e-16,1.0,0.0,0.0,0.0,15.15,30.85,100.0,67.5,2.7,5.7238936,0.0,8.4,22.462962966666662,26.683333333333334,26.5,26.5,26.35,27.0,-10.81022225,-0.31666667,0.0660000000000007,11.496,11.663333333333332,22.562962990000003,11.522000000000004,5.3524785,5.386753,5.331023,5.2611923,5.380461,0,0.0,1,1.0,-0.16,5.5,94.5
2022-12-29 23:30:00,169.114068566664,125.6791393,125.697194194442,22.462962966666662,11.663333333333332,27.0,2,5.1764362714980825,70.66250196097344,23,3,12,-0.2588190451025215,0.965925826289068,0.4338837391175582,-0.900968867902419,-2.4492935982947064e-16,1.0,0.0,0.0,0.0,15.5,31.5,100.0,68.0,2.8,5.7662926,0.0,8.4,22.74999998,27.0,26.683333333333334,26.5,26.5,27.05,-10.799629633333334,0.0907407166666658,0.101333333333331,11.562,11.782,22.508024712222223,11.57377777777778,5.380461,5.3524785,5.386753,5.331023,5.4799404,0,0.0,0,1.0,-0.14,5.4,94.6
2022-12-29 23:45:00,109.132856861106,59.771497944444,59.781775399996,22.74999998,11.782,27.05,1,5.1764362714980825,70.66250196097344,23,3,12,-0.2588190451025215,0.965925826289068,0.4338837391175582,-0.900968867902419,-2.4492935982947064e-16,1.0,0.0,0.0,0.0,15.85,32.15,100.0,68.5,2.9,5.808692,0.0,8.4,22.55555556,27.0,27.0,26.683333333333334,26.5,27.466666666666665,-10.967999979999998,0.2870370133333324,0.1186666666666678,11.663333333333332,11.824000000000002,22.52839506555556,11.669111111111112,5.4799404,5.380461,5.3524785,5.386753,5.5026364,0,0.0,1,1.0,-0.07,5.1,94.9
2022-12-30 00:00:00,102.646727483326,68.285601816666,68.298379138886,22.55555556,11.824000000000002,27.466666666666665,1,5.1764362714980825,70.66250196097344,0,4,12,0.0,1.0,-0.433883739117558,-0.9009688679024191,-2.4492935982947064e-16,1.0,0.0,0.0,0.0,16.2,32.8,100.0,69.0,3.0,5.851091,0.0,8.4,22.32222223,27.05,27.0,27.0,26.683333333333334,27.5,-10.73155556,-0.1944444199999964,0.0420000000000015,11.782,11.803333333333333,22.58950616888889,11.756444444444448,5.5026364,5.4799404,5.380461,5.3524785,5.4359474,0,0.0,0,1.0,-0.11,5.3,94.7
2022-12-30 00:15:00,158.076454405558,125.181381427778,125.198880777776,22.32222223,11.803333333333333,27.5,2,5.1764362714980825,70.66250196097344,0,4,12,0.0,1.0,-0.433883739117558,-0.9009688679024191,-2.4492935982947064e-16,1.0,0.0,0.0,0.0,16.125,32.875,100.0,69.5,3.125,5.902964,0.0,8.425,22.598148166666665,27.466666666666665,27.05,27.0,27.0,27.5,-10.518888896666668,-0.2333333300000006,-0.0206666666666688,11.824000000000002,11.83,22.54259259,11.803111111111114,5.4359474,5.5026364,5.4799404,5.380461,5.522798,0,0.0,1,1.0,-0.17,5.6,94.4
2022-12-30 00:30:00,162.627383494446,128.205704883334,128.224315288888,22.598148166666665,11.83,27.5,2,5.1764362714980825,70.66250196097344,0,4,12,0.0,1.0,-0.433883739117558,-0.9009688679024191,-2.4492935982947064e-16,1.0,0.0,0.0,0.0,16.05,32.95,100.0,70.0,3.25,5.9549866,0.0,8.45,22.72222223,27.5,27.466666666666665,27.05,27.0,27.55,-10.768148166666665,0.2759259366666633,0.0266666666666672,11.803333333333333,11.796,22.49197531888889,11.819111111111113,5.522798,5.4359474,5.5026364,5.4799404,5.572353,0,0.0,0,1.0,-0.1,5.2,94.8
2022-12-30 00:45:00,41.07196813889,11.293437111112,11.300103577776,22.72222223,11.796,27.55,1,5.1764362714980825,70.66250196097344,0,4,12,0.0,1.0,-0.433883739117558,-0.9009688679024191,-2.4492935982947064e-16,1.0,0.0,0.0,0.0,15.975,33.025,100.0,70.5,3.375,6.0071588,0.0,8.475,22.37407409,27.5,27.5,27.466666666666665,27.05,27.966666666666665,-10.92622223,0.1240740633333352,-0.0340000000000006,11.83,11.712,22.547530875555555,11.80977777777778,5.572353,5.522798,5.4359474,5.5026364,5.5446997,0,0.0,1,1.0,-0.08,5.1,94.9
2022-12-30 01:00:00,162.32572904444,114.465143411112,114.481253933332,22.37407409,11.712,27.966666666666665,2,5.1764362714980825,70.66250196097344,1,4,12,0.2588190451025207,0.9659258262890684,-0.433883739117558,-0.9009688679024191,-2.4492935982947064e-16,1.0,0.0,0.0,0.0,15.9,33.1,100.0,71.0,3.5,6.059482,0.0,8.5,22.416666650000003,27.55,27.5,27.5,27.466666666666665,27.65,-10.66207409,-0.3481481399999993,-0.0839999999999996,11.796,11.503333333333334,22.56481482888889,11.779333333333335,5.5446997,5.572353,5.522798,5.4359474,5.4953527,0,0.0,1,1.0,-0.15,5.5,94.5
2022-12-30 01:15:00,174.102757811112,124.9941667,125.012499349998,22.416666650000003,11.503333333333334,27.65,2,5.1764362714980825,70.66250196097344,1,4,12,0.2588190451025207,0.9659258262890684,-0.433883739117558,-0.9009688679024191,-2.4492935982947064e-16,1.0,0.0,0.0,0.0,15.9,32.825,100.0,71.0,3.525,6.078962,0.0,8.55,22.712962966666662,27.966666666666665,27.55,27.5,27.5,27.5,-10.91333331666667,0.0425925600000027,-0.2086666666666659,11.712,11.496,22.504320990000007,11.670444444444447,5.4953527,5.5446997,5.572353,5.522798,5.5592895,0,0.0,0,1.0,-0.15,5.4,94.6
2022-12-30 01:30:00,106.013259316666,78.78657062777799,78.800181233332,22.712962966666662,11.496,27.5,2,5.1764362714980825,70.66250196097344,1,4,12,0.2588190451025207,0.9659258262890684,-0.433883739117558,-0.9009688679024191,-2.4492935982947064e-16,1.0,0.0,0.0,0.0,15.9,32.55,100.0,71.0,3.55,6.0984955,0.0,8.6,22.61111113,27.65,27.966666666666665,27.55,27.5,27.85,-11.216962966666664,0.2962963166666625,-0.0073333333333334,11.503333333333334,11.415333333333333,22.50123456888889,11.570444444444448,5.5592895,5.4953527,5.5446997,5.572353,5.597249,0,0.0,0,1.0,-0.08,5.1,94.9
2022-12-30 01:45:00,85.394917533328,54.274773388888,54.28643970555,22.61111113,11.415333333333333,27.85,1,5.1764362714980825,70.66250196097344,1,4,12,0.2588190451025207,0.9659258262890684,-0.433883739117558,-0.9009688679024191,-2.4492935982947064e-16,1.0,0.0,0.0,0.0,15.9,32.275,100.0,71.0,3.575,6.118084,0.0,8.649999999999999,22.357407406666667,27.5,27.65,27.966666666666665,27.55,28.0,-11.195777796666665,-0.1018518366666683,-0.0806666666666675,11.496,11.316666666666666,22.580246915555552,11.47155555555556,5.597249,5.5592895,5.4953527,5.5446997,5.5459924,0,0.0,1,1.0,-0.1,5.2,94.8
2022-12-30 02:00:00,159.938880055552,123.50561516111,123.523114527774,22.357407406666667,11.316666666666666,28.0,2,5.1764362714980825,70.66250196097344,2,4,12,0.4999999999999999,0.8660254037844387,-0.433883739117558,-0.9009688679024191,-2.4492935982947064e-16,1.0,0.0,0.0,0.0,15.9,32.0,100.0,71.0,3.6,6.1377273,0.0,8.7,22.57777776,27.85,27.5,27.65,27.966666666666665,27.65,-11.04074074,-0.2537037233333308,-0.0986666666666664,11.415333333333333,11.366,22.560493834444447,11.409333333333336,5.5459924,5.597249,5.5592895,5.4953527,5.5464334,0,0.0,1,1.0,-0.16,5.5,94.5
2022-12-30 02:15:00,166.307514166664,126.889646444444,126.906868038886,22.57777776,11.366,27.65,2,5.1764362714980825,70.66250196097344,2,4,12,0.4999999999999999,0.8660254037844387,-0.433883739117558,-0.9009688679024191,-2.4492935982947064e-16,1.0,0.0,0.0,0.0,15.55,31.825,100.0,71.0,3.6,6.118084,0.0,8.649999999999999,22.70555556333333,28.0,27.85,27.5,27.65,27.683333333333334,-11.21177776,0.2203703533333332,0.049333333333335,11.316666666666666,11.358,22.51543209888889,11.366,5.5464334,5.5459924,5.597249,5.5592895,5.5939727,0,0.0,0,1.0,-0.11,5.2,94.8
2022-12-30 02:30:00,57.284652938890005,11.702865166668,11.708420594442,22.70555556333333,11.358,27.683333333333334,1,5.1764362714980825,70.66250196097344,2,4,12,0.4999999999999999,0.8660254037844387,-0.433883739117558,-0.9009688679024191,-2.4492935982947064e-16,1.0,0.0,0.0,0.0,15.2,31.65,100.0,71.0,3.6,6.0984955,0.0,8.6,22.38333334,27.65,28.0,27.85,27.5,28.0,-11.347555563333334,0.1277778033333341,-0.0080000000000008,11.366,11.330666666666668,22.546913576666668,11.346888888888891,5.5939727,5.5464334,5.5459924,5.597249,5.5542645,0,0.0,1,1.0,-0.08,5.1,94.9
2022-12-30 02:45:00,154.756309533332,113.147418372222,113.164084438886,22.38333334,11.330666666666668,28.0,2,5.1764362714980825,70.66250196097344,2,4,12,0.4999999999999999,0.8660254037844387,-0.433883739117558,-0.9009688679024191,-2.4492935982947064e-16,1.0,0.0,0.0,0.0,14.85,31.475,100.0,71.0,3.6,6.078962,0.0,8.55,22.41111111,27.683333333333334,27.65,28.0,27.85,28.0,-11.052666673333333,-0.322222223333334,-0.0273333333333329,11.358,11.408,22.55555555444445,11.351555555555558,5.5542645,5.5939727,5.5464334,5.5459924,5.563139,0,0.0,1,1.0,-0.15,5.5,94.5
2022-12-30 03:00:00,151.903923633332,124.690845516666,124.710289238886,22.41111111,11.408,28.0,2,5.1764362714980825,70.66250196097344,3,4,12,0.7071067811865476,0.7071067811865476,-0.433883739117558,-0.9009688679024191,-2.4492935982947064e-16,1.0,0.0,0.0,0.0,14.5,31.3,100.0,71.0,3.6,6.059482,0.0,8.5,22.66111111,28.0,27.683333333333334,27.65,28.0,27.7,-11.00311111,0.0277777700000001,0.0773333333333319,11.330666666666668,11.406666666666666,22.500000004444445,11.36555555555556,5.563139,5.5542645,5.5939727,5.5464334,5.583095,0,0.0,0,1.0,-0.15,5.4,94.6
2022-12-30 03:15:00,83.325000266664,54.647536227778,54.660313566664,22.66111111,11.406666666666666,27.7,1,5.1764362714980825,70.66250196097344,3,4,12,0.7071067811865476,0.7071067811865476,-0.433883739117558,-0.9009688679024191,-2.4492935982947064e-16,1.0,0.0,0.0,0.0,14.625,30.85,100.0,71.25,3.6,6.061325,0.0,8.45,22.496296296666667,28.0,28.0,27.683333333333334,27.65,28.15,-11.254444443333334,0.25,-0.0013333333333331,11.408,11.510666666666667,22.48518518666667,11.38177777777778,5.583095,5.563139,5.5542645,5.5939727,5.620378,0,0.0,1,1.0,-0.09,5.2,94.8
2022-12-30 03:30:00,115.52648992222,71.338813016666,71.350479266664,22.496296296666667,11.510666666666667,28.15,2,5.1764362714980825,70.66250196097344,3,4,12,0.7071067811865476,0.7071067811865476,-0.433883739117558,-0.9009688679024191,-2.4492935982947064e-16,1.0,0.0,0.0,0.0,14.75,30.4,100.0,71.5,3.6,6.063087,0.0,8.4,22.30555558,27.7,28.0,28.0,27.683333333333334,28.45,-10.98562963,-0.1648148133333329,0.1040000000000009,11.406666666666666,11.552666666666664,22.52283950555556,11.44177777777778,5.620378,5.583095,5.563139,5.5542645,5.618348,0,0.0,1,1.0,-0.12,5.3,94.7
2022-12-30 03:45:00,165.013399316662,121.885957683334,121.904012594442,22.30555558,11.552666666666664,28.45,2,5.1764362714980825,70.66250196097344,3,4,12,0.7071067811865476,0.7071067811865476,-0.433883739117558,-0.9009688679024191,-2.4492935982947064e-16,1.0,0.0,0.0,0.0,14.875,29.95,100.0,71.75,3.6,6.064766,0.0,8.350000000000001,22.598148166666665,28.15,27.7,28.0,28.0,28.03333333333333,-10.752888913333331,-0.1907407166666708,0.041999999999998,11.510666666666667,11.664666666666667,22.48765432888889,11.490000000000002,5.618348,5.620378,5.583095,5.563139,5.6299067,0,0.0,0,1.0,-0.17,5.6,94.4
2022-12-30 04:00:00,147.37299376111,108.972585372222,108.99008472222,22.598148166666665,11.664666666666667,28.03333333333333,2,5.1764362714980825,70.66250196097344,4,4,12,0.8660254037844386,0.5000000000000001,-0.433883739117558,-0.9009688679024191,-2.4492935982947064e-16,1.0,0.0,0.0,0.0,15.0,29.5,100.0,72.0,3.6,6.066365,0.0,8.3,22.64444446,28.45,28.15,27.7,28.0,28.05,-10.933481499999996,0.2925925866666681,0.1120000000000018,11.552666666666664,11.783333333333331,22.46666668111111,11.576000000000002,5.6299067,5.618348,5.620378,5.583095,5.6482363,0,0.0,0,1.0,-0.1,5.2,94.8
2022-12-30 04:15:00,60.502024355552,20.508624072222,20.515846099996,22.64444446,11.783333333333331,28.05,1,5.1764362714980825,70.66250196097344,4,4,12,0.8660254037844386,0.5000000000000001,-0.433883739117558,-0.9009688679024191,-2.4492935982947064e-16,1.0,0.0,0.0,0.0,15.125,29.775,100.0,72.25,3.675,6.116851,0.0,8.375,22.324074076666665,28.03333333333333,28.45,28.15,27.7,28.466666666666665,-10.861111126666666,0.0462962933333344,0.118666666666666,11.664666666666667,11.882666666666667,22.516049402222222,11.666888888888892,5.6482363,5.6299067,5.618348,5.620378,5.62763,0,0.0,1,1.0,-0.09,5.2,94.8
2022-12-30 04:30:00,154.097724711112,126.900757083334,126.919367472222,22.324074076666665,11.882666666666667,28.466666666666665,2,5.1764362714980825,70.66250196097344,4,4,12,0.8660254037844386,0.5000000000000001,-0.433883739117558,-0.9009688679024191,-2.4492935982947064e-16,1.0,0.0,0.0,0.0,15.25,30.05,100.0,72.5,3.75,6.1676645,0.0,8.45,22.511111130000003,28.05,28.03333333333333,28.45,28.15,28.15,-10.441407409999998,-0.3203703833333335,0.0993333333333339,11.783333333333331,11.92,22.522222234444445,11.776888888888893,5.62763,5.6482363,5.6299067,5.618348,5.6251616,0,0.0,1,1.0,-0.16,5.5,94.5
2022-12-30 04:45:00,153.981062644448,126.673266183334,126.692154377776,22.511111130000003,11.92,28.15,2,5.1764362714980825,70.66250196097344,4,4,12,0.8660254037844386,0.5000000000000001,-0.433883739117558,-0.9009688679024191,-2.4492935982947064e-16,1.0,0.0,0.0,0.0,15.375,30.325000000000003,100.0,72.75,3.825,6.218809,0.0,8.525,22.72222225,28.466666666666665,28.05,28.03333333333333,28.45,28.0,-10.591111130000003,0.1870370533333378,0.0373333333333327,11.882666666666667,11.996,22.493209888888888,11.862000000000002,5.6251616,5.62763,5.6482363,5.6299067,5.6633716,0,0.0,0,1.0,-0.12,5.3,94.7
2022-12-30 05:00:00,77.113304211112,21.924678494446,21.929678344444,22.72222225,11.996,28.0,1,5.1764362714980825,70.66250196097344,5,4,12,0.9659258262890684,0.2588190451025207,-0.433883739117558,-0.9009688679024191,-2.4492935982947064e-16,1.0,0.0,0.0,0.0,15.5,30.6,100.0,73.0,3.9,6.270284,0.0,8.6,22.43333332,28.15,28.466666666666665,28.05,28.03333333333333,28.35,-10.72622225,0.2111111199999982,0.0760000000000005,11.92,12.082666666666666,22.519135818888888,11.932888888888892,5.6633716,5.6251616,5.62763,5.6482363,5.639875,0,0.0,1,1.0,-0.07,5.1,94.9
2022-12-30 05:15:00,145.53223406111,102.772277827778,102.787555049998,22.43333332,12.082666666666666,28.35,2,5.1764362714980825,70.66250196097344,5,4,12,0.9659258262890684,0.2588190451025207,-0.433883739117558,-0.9009688679024191,-2.4492935982947064e-16,1.0,0.0,0.0,0.0,15.4,30.6,100.0,72.5,3.95,6.277447,0.0,8.725,22.41481481,28.0,28.15,28.466666666666665,28.05,28.5,-10.350666653333333,-0.2888889300000024,0.086666666666666,11.996,12.123333333333331,22.55555556666667,11.99955555555556,5.639875,5.6633716,5.6251616,5.62763,5.663685,0,0.0,1,1.0,-0.14,5.4,94.6
2022-12-30 05:30:00,153.606633188892,124.322249127778,124.340304005554,22.41481481,12.123333333333331,28.5,2,5.1764362714980825,70.66250196097344,5,4,12,0.9659258262890684,0.2588190451025207,-0.433883739117558,-0.9009688679024191,-2.4492935982947064e-16,1.0,0.0,0.0,0.0,15.3,30.6,100.0,72.0,4.0,6.2842693,0.0,8.85,22.70000003,28.35,28.0,28.15,28.466666666666665,28.2,-10.291481476666666,-0.0185185099999998,0.0406666666666666,12.082666666666666,12.159333333333333,22.52345679333333,12.067333333333336,5.663685,5.639875,5.6633716,5.6251616,5.6965623,0,0.0,0,1.0,-0.14,5.4,94.6
2022-12-30 05:45:00,98.403841505554,59.374847127778,59.385402338886,22.70000003,12.159333333333333,28.2,1,5.1764362714980825,70.66250196097344,5,4,12,0.9659258262890684,0.2588190451025207,-0.433883739117558,-0.9009688679024191,-2.4492935982947064e-16,1.0,0.0,0.0,0.0,15.2,30.6,100.0,71.5,4.05,6.290745,0.0,8.975,22.53148151,28.5,28.35,28.0,28.15,28.466666666666665,-10.540666696666667,0.2851852200000024,0.0359999999999995,12.123333333333331,12.325333333333331,22.51604938666667,12.12177777777778,5.6965623,5.663685,5.639875,5.6633716,5.695097,0,0.0,1,1.0,-0.08,5.1,94.9
2022-12-30 06:00:00,87.984536277768,60.098707072222,60.111206672218,22.53148151,12.325333333333331,28.466666666666665,1,5.1764362714980825,70.66250196097344,6,4,12,1.0,6.123233995736766e-17,-0.433883739117558,-0.9009688679024191,-2.4492935982947064e-16,1.0,0.0,0.0,0.0,15.1,30.6,100.0,71.0,4.1,6.296867,0.0,9.1,22.33888888,28.2,28.5,28.35,28.0,28.5,-10.206148176666666,-0.1685185200000027,0.1660000000000003,12.159333333333333,12.364666666666666,22.54876545,12.202666666666667,5.695097,5.6965623,5.663685,5.639875,5.63902,0,0.0,0,1.0,-0.11,5.3,94.7
2022-12-30 06:15:00,157.332595411108,122.196500844444,122.215389055552,22.33888888,12.364666666666666,28.5,2,5.1764362714980825,70.66250196097344,6,4,12,1.0,6.123233995736766e-17,-0.433883739117558,-0.9009688679024191,-2.4492935982947064e-16,1.0,0.0,0.0,0.0,15.3,31.05,100.0,70.5,4.1,6.29258,0.0,9.2,22.622222253333334,28.466666666666665,28.2,28.5,28.35,28.5,-9.974222213333332,-0.19259263,0.0393333333333334,12.325333333333331,12.527333333333331,22.52345680666667,12.283111111111111,5.63902,5.695097,5.6965623,5.663685,5.7315383,0,0.0,1,1.0,-0.16,5.5,94.5
2022-12-30 06:30:00,141.852936838886,87.63260563889,87.645382977776,22.622222253333334,12.527333333333331,28.5,2,5.1764362714980825,70.66250196097344,6,4,12,1.0,6.123233995736766e-17,-0.433883739117558,-0.9009688679024191,-2.4492935982947064e-16,1.0,0.0,0.0,0.0,15.5,31.5,100.0,70.0,4.1,6.2879496,0.0,9.3,22.59444448,28.5,28.466666666666665,28.2,28.5,28.55,-10.09488892,0.2833333733333347,0.1626666666666665,12.364666666666666,12.975333333333332,22.497530881111118,12.40577777777778,5.7315383,5.63902,5.695097,5.6965623,5.7324495,0,0.0,0,1.0,-0.09,5.2,94.8
2022-12-30 06:45:00,72.03350752777399,35.062208555556,35.070819394442,22.59444448,12.975333333333332,28.55,1,5.1764362714980825,70.66250196097344,6,4,12,1.0,6.123233995736766e-17,-0.433883739117558,-0.9009688679024191,-2.4492935982947064e-16,1.0,0.0,0.0,0.0,15.7,31.95,100.0,69.5,4.1,6.282968,0.0,9.4,22.29629632,28.5,28.5,28.466666666666665,28.2,28.78333333333333,-9.619111146666668,-0.0277777733333337,0.4480000000000004,12.527333333333331,12.580666666666668,22.518518537777776,12.622444444444447,5.7324495,5.7315383,5.63902,5.695097,5.68115,0,0.0,1,1.0,-0.1,5.2,94.8
2022-12-30 07:00:00,140.504935211108,113.332688744444,113.350465833332,22.29629632,12.580666666666668,28.78333333333333,2,5.1764362714980825,70.66250196097344,7,4,12,0.9659258262890684,-0.2588190451025206,-0.433883739117558,-0.9009688679024191,-2.4492935982947064e-16,1.0,0.0,0.0,0.0,15.9,32.4,100.0,69.0,4.1,6.2776327,0.0,9.5,22.45555556,28.55,28.5,28.5,28.466666666666665,28.5,-9.715629653333332,-0.2981481600000002,-0.3946666666666658,12.975333333333332,12.342,22.50432101777778,12.694444444444448,5.68115,5.7324495,5.7315383,5.63902,5.6769576,0,0.0,1,1.0,-0.17,5.6,94.4
2022-12-30 07:15:00,164.578138844444,126.659655611112,126.678543772222,22.45555556,12.342,28.5,2,5.1764362714980825,70.66250196097344,7,4,12,0.9659258262890684,-0.2588190451025206,-0.433883739117558,-0.9009688679024191,-2.4492935982947064e-16,1.0,0.0,0.0,0.0,16.725,32.95,100.0,68.0,3.95,6.206378,0.0,9.55,22.646296300000003,28.78333333333333,28.55,28.5,28.5,28.5,-10.11355556,0.1592592400000008,-0.238666666666667,12.580666666666668,12.438666666666666,22.448765453333333,12.63266666666667,5.6769576,5.68115,5.7324495,5.7315383,5.739459,0,0.0,0,1.0,-0.13,5.4,94.6
2022-12-30 07:30:00,39.032049972214,0.0,0.0,22.646296300000003,12.438666666666666,28.5,0,5.1764362714980825,70.66250196097344,7,4,12,0.9659258262890684,-0.2588190451025206,-0.433883739117558,-0.9009688679024191,-2.4492935982947064e-16,1.0,0.0,0.0,0.0,17.55,33.5,100.0,67.0,3.8,6.1345983,0.0,9.6,22.36111114,28.5,28.78333333333333,28.55,28.5,28.85,-10.207629633333337,0.1907407400000025,0.0966666666666657,12.342,12.52,22.466049393333336,12.45377777777778,5.739459,5.6769576,5.68115,5.7324495,5.7155704,1,1.0,1,0.75,-0.09,5.2,94.8
2022-12-30 07:45:00,147.350494761106,103.957785972222,103.975007566664,22.36111114,12.52,28.85,2,5.1764362714980825,70.66250196097344,7,4,12,0.9659258262890684,-0.2588190451025206,-0.433883739117558,-0.9009688679024191,-2.4492935982947064e-16,1.0,0.0,0.0,0.0,18.375,34.05,100.0,66.0,3.65,6.06229,0.0,9.65,22.37962966,28.5,28.5,28.78333333333333,28.55,28.816666666666663,-9.841111139999995,-0.2851851600000046,0.081333333333335,12.438666666666666,12.476,22.48765433333333,12.43355555555556,5.7155704,5.739459,5.6769576,5.68115,5.715047,0,1.0,1,0.75,-0.15,5.5,94.5
2022-12-30 08:00:00,178.750072011108,126.051346627778,126.070234805554,22.37962966,12.476,28.816666666666663,2,5.1764362714980825,70.66250196097344,8,4,12,0.8660254037844387,-0.4999999999999998,-0.433883739117558,-0.9009688679024191,-2.4492935982947064e-16,1.0,0.0,0.0,0.0,19.2,34.6,100.0,65.0,3.5,5.98945,0.0,9.7,22.65,28.85,28.5,28.5,28.78333333333333,28.55,-9.90362966,0.0185185200000006,-0.0440000000000022,12.52,12.582,22.4623457,12.478222222222223,5.715047,5.7155704,5.739459,5.6769576,5.75075,0,1.0,0,0.75,-0.15,5.4,94.6
2022-12-30 08:15:00,58.412941155556,28.463861383334,28.473861049998,22.65,12.582,28.55,1,5.1764362714980825,70.66250196097344,8,4,12,0.8660254037844387,-0.4999999999999998,-0.433883739117558,-0.9009688679024191,-2.4492935982947064e-16,1.0,0.25,0.0625,0.0208333333333333,19.15,35.75,100.0,64.5,3.425,5.9528303,0.0,9.725,22.41296295333333,28.816666666666663,28.85,28.5,28.5,28.966666666666665,-10.068,0.2703703399999995,0.1059999999999998,12.476,12.627333333333333,22.463580266666668,12.526000000000002,5.75075,5.715047,5.7155704,5.739459,5.755812,0,1.0,1,0.75,-0.09,5.2,94.8
2022-12-30 08:30:00,113.36324312222,86.163497805554,86.17821948333,22.41296295333333,12.627333333333333,28.966666666666665,2,5.1764362714980825,70.66250196097344,8,4,12,0.8660254037844387,-0.4999999999999998,-0.433883739117558,-0.9009688679024191,-2.4492935982947064e-16,1.0,0.5,0.1875,0.0625,19.1,36.900000000000006,100.0,64.0,3.35,5.9160776,0.0,9.75,22.36666667,28.55,28.816666666666663,28.85,28.5,29.0,-9.785629619999998,-0.2370370466666678,0.0453333333333336,12.582,12.828,22.480864204444444,12.561777777777776,5.755812,5.75075,5.715047,5.7155704,5.747122,0,0.0,1,1.0,-0.14,5.4,94.6
2022-12-30 08:45:00,162.4310025,125.846354844444,125.865243005554,22.36666667,12.828,29.0,2,5.1764362714980825,70.66250196097344,8,4,12,0.8660254037844387,-0.4999999999999998,-0.433883739117558,-0.9009688679024191,-2.4492935982947064e-16,1.0,0.75,0.375,0.125,19.05,38.05,100.0,63.5,3.2750000000000004,5.8791904,0.0,9.775,22.66851853,28.966666666666665,28.55,28.816666666666663,28.85,29.0,-9.538666669999998,-0.0462962833333335,0.2006666666666667,12.627333333333333,13.015333333333333,22.476543207777777,12.679111111111112,5.747122,5.755812,5.75075,5.715047,5.8475995,0,0.0,0,1.0,-0.15,5.5,94.5
2022-12-30 09:00:00,80.56149966111,39.656747,39.667579966664,22.66851853,13.015333333333333,29.0,1,5.1764362714980825,70.66250196097344,9,4,12,0.7071067811865476,-0.7071067811865475,-0.433883739117558,-0.9009688679024191,-2.4492935982947064e-16,1.0,1.0,0.625,0.2083333333333333,19.0,39.2,100.0,63.0,3.2,5.84217,0.0,9.8,22.47777778,29.0,28.966666666666665,28.55,28.816666666666663,29.35,-9.653185196666664,0.3018518599999993,0.1873333333333331,12.828,13.514666666666669,22.48271605111111,12.823555555555558,5.8475995,5.747122,5.755812,5.75075,5.853739,0,0.0,1,1.0,-0.08,5.1,94.9
2022-12-30 09:15:00,110.62863026111,67.888673227778,67.90256162222,22.47777778,13.514666666666669,29.35,1,5.1764362714980825,70.66250196097344,9,4,12,0.7071067811865476,-0.7071067811865475,-0.433883739117558,-0.9009688679024191,-2.4492935982947064e-16,1.0,4.75,1.75,0.6041666666666666,19.1,39.400000000000006,100.0,63.0,3.2750000000000004,5.879385,0.0,9.9,22.34629629333333,29.0,29.0,28.966666666666665,28.55,29.5,-8.963111113333333,-0.1907407499999962,0.4993333333333343,13.015333333333333,13.715333333333332,22.504320993333334,13.119333333333335,5.853739,5.8475995,5.747122,5.755812,5.8393683,0,0.0,0,1.0,-0.12,5.3,94.7
2022-12-30 09:30:00,150.48759133889,107.4832005,107.500144355552,22.34629629333333,13.715333333333332,29.5,2,5.1764362714980825,70.66250196097344,9,4,12,0.7071067811865476,-0.7071067811865475,-0.433883739117558,-0.9009688679024191,-2.4492935982947064e-16,1.0,8.5,3.75,1.3125,19.2,39.6,100.0,63.0,3.35,5.9168077,0.0,10.0,22.55555554,29.35,29.0,29.0,28.966666666666665,29.5,-8.630962960000003,-0.1314814866666651,0.200666666666665,13.514666666666669,13.944,22.49753086777778,13.415111111111113,5.8393683,5.853739,5.8475995,5.747122,5.9099913,0,0.0,1,1.0,-0.15,5.5,94.5
2022-12-30 09:45:00,75.645029844436,44.411279011112,44.42266752222,22.55555554,13.944,29.5,1,5.1764362714980825,70.66250196097344,9,4,12,0.7071067811865476,-0.7071067811865475,-0.433883739117558,-0.9009688679024191,-2.4492935982947064e-16,1.0,12.25,6.625,2.333333333333333,19.3,39.8,100.0,63.0,3.425,5.9544377,0.0,10.1,22.47777779,29.5,29.35,29.0,29.0,29.683333333333334,-8.611555540000001,0.2092592466666651,0.2286666666666672,13.715333333333332,14.485333333333331,22.459876537777777,13.72466666666667,5.9099913,5.8393683,5.853739,5.8475995,5.9202204,0,0.0,1,1.0,-0.1,5.2,94.8
2022-12-30 10:00:00,70.76716928332999,43.580756716666,43.592700738886,22.47777779,14.485333333333331,29.683333333333334,1,5.1764362714980825,70.66250196097344,10,4,12,0.4999999999999999,-0.8660254037844387,-0.433883739117558,-0.9009688679024191,-2.4492935982947064e-16,1.0,16.0,10.375,3.6666666666666665,19.4,40.0,100.0,63.0,3.5,5.992276,0.0,10.2,22.35555553,29.5,29.5,29.35,29.0,30.0,-7.992444456666668,-0.0777777499999992,0.5413333333333341,13.944,15.278,22.459876541111115,14.048222222222222,5.9202204,5.9099913,5.8393683,5.853739,5.941501,0,0.0,0,1.0,-0.12,5.3,94.7
2022-12-30 10:15:00,145.253634138886,107.647638372222,107.664859999996,22.35555553,15.278,30.0,2,5.1764362714980825,70.66250196097344,10,4,12,0.4999999999999999,-0.8660254037844387,-0.433883739117558,-0.9009688679024191,-2.4492935982947064e-16,1.0,25.75,15.625,5.8125,19.075,40.0,90.25,63.25,3.7,6.083042,0.0,10.375,22.581481516666667,29.683333333333334,29.5,29.5,29.35,30.0,-7.07755553,-0.1222222600000009,0.7926666666666673,14.485333333333331,15.946666666666664,22.46296295333333,14.569111111111113,5.941501,5.9202204,5.9099913,5.8393683,6.0191107,0,0.0,1,1.0,-0.14,5.4,94.6
2022-12-30 10:30:00,116.615890794442,68.532814144444,68.545869238886,22.581481516666667,15.946666666666664,30.0,1,5.1764362714980825,70.66250196097344,10,4,12,0.4999999999999999,-0.8660254037844387,-0.433883739117558,-0.9009688679024191,-2.4492935982947064e-16,1.0,35.5,22.375,8.770833333333334,18.75,40.0,80.5,63.5,3.9,6.1749887,0.0,10.55,22.66111114,30.0,29.683333333333334,29.5,29.5,30.05,-6.6348148500000015,0.2259259866666667,0.668666666666665,15.278,16.670666666666666,22.471604945555555,15.23666666666667,6.0191107,5.941501,5.9202204,5.9099913,6.0567513,0,0.0,1,1.0,-0.09,5.2,94.8
2022-12-30 10:45:00,54.442822233332,13.528625516666,13.536680827774,22.66111114,16.670666666666666,30.05,1,5.1764362714980825,70.66250196097344,10,4,12,0.4999999999999999,-0.8660254037844387,-0.433883739117558,-0.9009688679024191,-2.4492935982947064e-16,1.0,45.25,30.625,12.541666666666666,18.425,40.0,70.75,63.75,4.1,6.268129,0.0,10.725,22.61481480666667,30.0,30.0,29.683333333333334,29.5,30.466666666666665,-5.9904444733333335,0.0796296233333322,0.7240000000000002,15.946666666666664,16.796,22.53271606222222,15.965111111111112,6.0567513,6.0191107,5.941501,5.9202204,6.1244445,0,0.0,0,1.0,-0.07,5.1,94.9
2022-12-30 11:00:00,123.300067849998,88.863112016666,88.877278116666,22.61481480666667,16.796,30.466666666666665,2,5.1764362714980825,70.66250196097344,11,4,12,0.258819045102521,-0.9659258262890682,-0.433883739117558,-0.9009688679024191,-2.4492935982947064e-16,1.0,55.0,40.375,17.125,18.1,40.0,61.0,64.0,4.3,6.3624783,0.0,10.9,22.60555555,30.05,30.0,30.0,29.683333333333334,30.9,-5.818814806666669,-0.0462963333333306,0.1253333333333337,16.670666666666666,16.021333333333335,22.61913582111111,16.471111111111114,6.1244445,6.0567513,6.0191107,5.941501,6.208254,0,0.0,1,1.0,-0.08,5.1,94.9
2022-12-30 11:15:00,115.536211916658,82.80752091666601,82.822520366664,22.60555555,16.021333333333335,30.9,2,5.1764362714980825,70.66250196097344,11,4,12,0.258819045102521,-0.9659258262890682,-0.433883739117558,-0.9009688679024191,-2.4492935982947064e-16,1.0,115.5,62.8125,26.729166666666668,16.85,39.35,70.75,63.25,4.75,6.5293984,0.0,11.5,22.57962965,30.466666666666665,30.05,30.0,30.0,31.65,-6.584222216666667,-0.0092592566666667,-0.7746666666666648,16.796,15.201333333333334,22.62716049888889,16.496000000000002,6.208254,6.1244445,6.0567513,6.0191107,6.349487,0,0.0,0,1.0,-0.08,5.1,94.9
2022-12-30 11:30:00,93.198772099992,66.010692783334,66.024303388888,22.57962965,15.201333333333334,31.65,1,5.1764362714980825,70.66250196097344,11,4,12,0.258819045102521,-0.9659258262890682,-0.433883739117558,-0.9009688679024191,-2.4492935982947064e-16,1.0,176.0,97.9375,41.35416666666666,15.6,38.7,80.5,62.5,5.2,6.6985354,0.0,12.1,22.51111111,30.9,30.466666666666665,30.05,30.0,32.4,-7.378296316666667,-0.0259259000000007,-0.8200000000000003,16.021333333333335,14.870666666666668,22.60000000222222,16.006222222222224,6.349487,6.208254,6.1244445,6.0567513,6.4744315,0,0.0,1,1.0,-0.08,5.1,94.9
2022-12-30 11:45:00,53.983951788884,0.0,0.0,22.51111111,14.870666666666668,32.4,0,5.1764362714980825,70.66250196097344,11,4,12,0.258819045102521,-0.9659258262890682,-0.433883739117558,-0.9009688679024191,-2.4492935982947064e-16,1.0,236.5,145.75,61.0,14.35,38.05,90.25,61.75,5.65,6.86982,0.0,12.7,22.272222226666667,31.65,30.9,30.466666666666665,30.05,32.96666666666667,-7.640444443333335,-0.0685185399999994,-0.3306666666666675,15.201333333333334,14.696666666666667,22.565432103333336,15.364444444444446,6.4744315,6.349487,6.208254,6.1244445,6.4978366,1,1.0,1,0.75,-0.09,5.2,94.8
2022-12-30 12:00:00,144.10145796111,95.072585827778,95.089251877776,22.272222226666667,14.696666666666667,32.96666666666667,2,5.1764362714980825,70.66250196097344,12,4,12,1.2246467991473532e-16,-1.0,-0.433883739117558,-0.9009688679024191,-2.4492935982947064e-16,1.0,297.0,206.25,85.66666666666667,13.1,37.4,100.0,61.0,6.1,7.043178,0.0,13.3,22.361111110000003,32.4,31.65,30.9,30.466666666666665,32.7,-7.57555556,-0.2388888833333347,-0.1739999999999995,14.870666666666668,14.756,22.45432099555556,14.922888888888892,6.4978366,6.4744315,6.349487,6.208254,6.478307,0,1.0,1,0.75,-0.15,5.4,94.6
2022-12-30 12:15:00,133.186061327774,101.555104283334,101.572603633332,22.361111110000003,14.756,32.7,2,5.1764362714980825,70.66250196097344,12,4,12,1.2246467991473532e-16,-1.0,-0.433883739117558,-0.9009688679024191,-2.4492935982947064e-16,1.0,310.75,255.0625,111.16666666666669,13.5,36.25,96.25,60.5,6.3,7.1378565,0.0,13.65,22.575925936666668,32.96666666666667,32.4,31.65,30.9,32.96666666666667,-7.605111110000003,0.0888888833333361,0.059333333333333,14.696666666666667,14.907333333333332,22.381481482222224,14.774444444444446,6.478307,6.4978366,6.4744315,6.349487,6.612226,0,1.0,0,0.75,-0.13,5.3,94.7
2022-12-30 12:30:00,41.691943322224,0.0,0.0,22.575925936666668,14.907333333333332,32.96666666666667,0,5.1764362714980825,70.66250196097344,12,4,12,1.2246467991473532e-16,-1.0,-0.433883739117558,-0.9009688679024191,-2.4492935982947064e-16,1.0,324.5,292.1875,137.5,13.9,35.099999999999994,92.5,60.0,6.5,7.2328753,0.0,14.0,22.39444444,32.7,32.96666666666667,32.4,31.65,33.35,-7.668592603333336,0.2148148266666645,0.1513333333333317,14.756,15.314666666666666,22.40308642444445,14.786666666666669,6.612226,6.478307,6.4978366,6.4744315,6.6197505,1,2.0,1,0.5,-0.07,5.1,94.9
2022-12-30 12:45:00,99.051315722216,64.941846655556,64.955457294442,22.39444444,15.314666666666666,33.35,1,5.1764362714980825,70.66250196097344,12,4,12,1.2246467991473532e-16,-1.0,-0.433883739117558,-0.9009688679024191,-2.4492935982947064e-16,1.0,338.25,317.625,164.66666666666666,14.3,33.95,88.75,59.5,6.7,7.328209,0.0,14.35,22.34259258666667,32.96666666666667,32.7,32.96666666666667,32.4,33.31666666666667,-7.079777773333332,-0.1814814966666702,0.4073333333333337,14.907333333333332,15.678666666666668,22.443827162222224,14.992666666666668,6.6197505,6.612226,6.478307,6.4978366,6.593453,0,1.0,1,0.75,-0.11,5.3,94.7
2022-12-30 13:00:00,129.307049894438,96.303369927778,96.32059152222,22.34259258666667,15.678666666666668,33.31666666666667,2,5.1764362714980825,70.66250196097344,13,4,12,-0.2588190451025208,-0.9659258262890684,-0.433883739117558,-0.9009688679024191,-2.4492935982947064e-16,1.0,352.0,331.375,192.66666666666663,14.7,32.8,85.0,59.0,6.9,7.423828,0.0,14.7,22.55555554,33.35,32.96666666666667,32.7,32.96666666666667,33.0,-6.663925920000002,-0.0518518533333285,0.3640000000000007,15.314666666666666,16.208000000000002,22.43765432111111,15.300222222222224,6.593453,6.6197505,6.612226,6.478307,6.611177,0,1.0,1,0.75,-0.13,5.3,94.7
2022-12-30 13:15:00,396.233872327774,29.486876027778003,29.496597888888,22.55555554,16.208000000000002,33.0,1,5.1764362714980825,70.66250196097344,13,4,12,-0.2588190451025208,-0.9659258262890684,-0.433883739117558,-0.9009688679024191,-2.4492935982947064e-16,1.0,349.5,341.0625,219.64583333333331,14.9,33.425,83.0,59.25,6.9750000000000005,7.4780793,0.0,14.75,22.498148176666668,33.31666666666667,33.35,32.96666666666667,32.7,33.18333333333333,-6.347555539999998,0.2129629533333314,0.5293333333333354,15.678666666666668,16.637333333333334,22.43086418888889,15.73377777777778,6.611177,6.593453,6.6197505,6.612226,6.626029,0,1.0,1,0.75,-0.08,5.1,94.9
2022-12-30 13:30:00,79.329604622216,33.136174533332,33.146174199996004,22.498148176666668,16.637333333333334,33.18333333333333,1,5.1764362714980825,70.66250196097344,13,4,12,-0.2588190451025208,-0.9659258262890684,-0.433883739117558,-0.9009688679024191,-2.4492935982947064e-16,1.0,347.0,346.6875,245.60416666666663,15.1,34.05,81.0,59.5,7.050000000000001,7.5325828,0.0,14.8,22.36111109,33.0,33.31666666666667,33.35,32.96666666666667,33.45,-5.860814843333333,-0.0574073633333327,0.4293333333333322,16.208000000000002,16.560666666666666,22.46543210111112,16.17466666666667,6.626029,6.611177,6.593453,6.6197505,6.6268916,0,0.0,0,1.0,-0.09,5.2,94.8
2022-12-30 13:45:00,110.734737299992,83.586100855556,83.600822533332,22.36111109,16.560666666666666,33.45,2,5.1764362714980825,70.66250196097344,13,4,12,-0.2588190451025208,-0.9659258262890684,-0.433883739117558,-0.9009688679024191,-2.4492935982947064e-16,1.0,344.5,348.25,270.5416666666667,15.3,34.675,79.0,59.75,7.125,7.5873394,0.0,14.85,22.47777776666667,33.18333333333333,33.0,33.31666666666667,33.35,33.03333333333333,-5.800444423333335,-0.1370370866666661,-0.0766666666666679,16.637333333333334,16.891333333333332,22.47160493555556,16.468666666666667,6.6268916,6.626029,6.611177,6.593453,6.588364,0,0.0,1,1.0,-0.12,5.3,94.7
2022-12-30 14:00:00,100.314320816658,68.746972227778,68.760305077776,22.47777776666667,16.891333333333332,33.03333333333333,1,5.1764362714980825,70.66250196097344,14,4,12,-0.4999999999999997,-0.8660254037844388,-0.433883739117558,-0.9009688679024191,-2.4492935982947064e-16,1.0,342.0,345.75,294.4583333333333,15.5,35.3,77.0,60.0,7.2,7.642351,0.0,14.9,22.53333337,33.45,33.18333333333333,33.0,33.31666666666667,33.4,-5.586444433333337,0.1166666766666679,0.3306666666666658,16.560666666666666,17.332,22.445679011111118,16.696444444444445,6.588364,6.6268916,6.626029,6.611177,6.682782,0,0.0,1,1.0,-0.1,5.2,94.8
2022-12-30 14:15:00,39.763131694442,0.0,0.0,22.53333337,17.332,33.4,0,5.1764362714980825,70.66250196097344,14,4,12,-0.4999999999999997,-0.8660254037844388,-0.433883739117558,-0.9009688679024191,-2.4492935982947064e-16,1.0,308.0,335.375,310.5,15.675,35.75,73.25,60.25,7.05,7.569549,0.0,14.675,22.28703703333333,33.03333333333333,33.45,33.18333333333333,33.0,33.96666666666667,-5.20133337,0.0555556033333317,0.4406666666666687,16.891333333333332,17.51066666666667,22.45740740888889,16.928,6.682782,6.588364,6.6268916,6.626029,6.700646,1,1.0,1,0.75,-0.08,5.1,94.9
2022-12-30 14:30:00,115.156782361114,73.20179402777799,73.21540461666599,22.28703703333333,17.51066666666667,33.96666666666667,2,5.1764362714980825,70.66250196097344,14,4,12,-0.4999999999999997,-0.8660254037844388,-0.433883739117558,-0.9009688679024191,-2.4492935982947064e-16,1.0,274.0,317.125,318.6666666666667,15.85,36.2,69.5,60.5,6.9,7.497123,0.0,14.45,22.25000002,33.4,33.03333333333333,33.45,33.18333333333333,33.65,-4.776370366666665,-0.246296336666667,0.1786666666666683,17.332,17.384,22.432716056666667,17.24466666666667,6.700646,6.682782,6.588364,6.6268916,6.6240487,0,1.0,1,0.75,-0.14,5.4,94.6
2022-12-30 14:45:00,121.735408038894,75.411983416666,75.425316216666,22.25000002,17.384,33.65,2,5.1764362714980825,70.66250196097344,14,4,12,-0.4999999999999997,-0.8660254037844388,-0.433883739117558,-0.9009688679024191,-2.4492935982947064e-16,1.0,240.0,291.0,318.9583333333333,16.025,36.65,65.75,60.75,6.75,7.4250813,0.0,14.225,22.370370336666667,33.96666666666667,33.4,33.03333333333333,33.45,33.5,-4.866000020000001,-0.0370370133333324,-0.1266666666666687,17.51066666666667,17.088666666666665,22.35679014111112,17.408888888888892,6.6240487,6.700646,6.682782,6.588364,6.640331,0,1.0,0,0.75,-0.15,5.4,94.6
2022-12-30 15:00:00,114.72402193889,75.3894843,75.40337266111,22.370370336666667,17.088666666666665,33.5,2,5.1764362714980825,70.66250196097344,15,4,12,-0.7071067811865471,-0.7071067811865479,-0.433883739117558,-0.9009688679024191,-2.4492935982947064e-16,1.0,206.0,257.0,311.375,16.2,37.1,62.0,61.0,6.6,7.353423,0.0,14.0,22.43888885,33.65,33.96666666666667,33.4,33.03333333333333,33.2,-5.281703670000002,0.1203703166666656,-0.2953333333333354,17.384,16.952,22.30246913,17.32777777777778,6.640331,6.6240487,6.700646,6.682782,6.606829,0,1.0,0,0.75,-0.12,5.3,94.7
2022-12-30 15:15:00,54.674757455552,27.498900016666003,27.50917742222,22.43888885,16.952,33.2,1,5.1764362714980825,70.66250196097344,15,4,12,-0.7071067811865471,-0.7071067811865479,-0.433883739117558,-0.9009688679024191,-2.4492935982947064e-16,1.0,195.75,228.9375,301.7916666666667,16.525,38.075,71.5,61.25,6.625,7.3835607,0.0,14.0,22.29074074,33.5,33.65,33.96666666666667,33.4,33.46666666666667,-5.48688885,0.0685185133333341,-0.1366666666666631,17.088666666666665,16.715333333333334,22.35308640222222,17.141555555555556,6.606829,6.640331,6.6240487,6.700646,6.6034184,0,0.0,1,1.0,-0.1,5.2,94.8
2022-12-30 15:30:00,82.19921198333,52.344017272222,52.357627927774,22.29074074,16.715333333333334,33.46666666666667,1,5.1764362714980825,70.66250196097344,15,4,12,-0.7071067811865471,-0.7071067811865479,-0.433883739117558,-0.9009688679024191,-2.4492935982947064e-16,1.0,185.5,206.8125,290.2083333333333,16.85,39.05,81.0,61.5,6.65,7.413697,0.0,14.0,22.22222221,33.2,33.5,33.65,33.96666666666667,33.45,-5.575407406666667,-0.148148110000001,-0.2366666666666681,16.952,16.37066666666667,22.366666642222224,16.918666666666667,6.6034184,6.606829,6.640331,6.6240487,6.57416,0,0.0,0,1.0,-0.14,5.4,94.6
2022-12-30 15:45:00,154.353270088888,109.13868986111,109.155355894442,22.22222221,16.37066666666667,33.45,2,5.1764362714980825,70.66250196097344,15,4,12,-0.7071067811865471,-0.7071067811865479,-0.433883739117558,-0.9009688679024191,-2.4492935982947064e-16,1.0,175.25,190.625,276.625,17.175,40.025,90.5,61.75,6.675,7.443835,0.0,14.0,22.55370372333333,33.46666666666667,33.2,33.5,33.65,33.03333333333333,-5.85155554333333,-0.0685185300000021,-0.3446666666666651,16.715333333333334,15.819333333333333,22.31728393333333,16.679333333333336,6.57416,6.6034184,6.606829,6.640331,6.6171494,0,0.0,1,1.0,-0.15,5.5,94.5
2022-12-30 16:00:00,77.786332972218,34.635558988888,34.644447533332,22.55370372333333,15.819333333333333,33.03333333333333,1,5.1764362714980825,70.66250196097344,16,4,12,-0.8660254037844385,-0.5000000000000004,-0.433883739117558,-0.9009688679024191,-2.4492935982947064e-16,1.0,165.0,180.375,261.0416666666667,17.5,41.0,100.0,62.0,6.7,7.473971,0.0,14.0,22.41111109,33.45,33.46666666666667,33.2,33.5,33.0,-6.734370390000002,0.3314815133333368,-0.5513333333333357,16.37066666666667,15.403333333333334,22.35555555777778,16.30177777777778,6.6171494,6.57416,6.6034184,6.606829,6.556557,0,0.0,1,1.0,-0.08,5.1,94.9
2022-12-30 16:15:00,106.489629227774,64.894070816666,64.907403649998,22.41111109,15.403333333333334,33.0,1,5.1764362714980825,70.66250196097344,16,4,12,-0.8660254037844385,-0.5000000000000004,-0.433883739117558,-0.9009688679024191,-2.4492935982947064e-16,1.0,131.5,164.3125,242.875,17.175,39.925,94.5,63.25,6.725,7.4853115,0.0,13.7,22.38333336,33.03333333333333,33.45,33.46666666666667,33.2,32.81666666666667,-7.007777756666668,-0.1425926333333329,-0.4159999999999986,15.819333333333333,15.064,22.395679007777783,15.864444444444446,6.556557,6.6171494,6.57416,6.6034184,6.50973,0,0.0,0,1.0,-0.11,5.3,94.7
2022-12-30 16:30:00,163.558179777772,125.62803026111,125.646362911108,22.38333336,15.064,32.81666666666667,2,5.1764362714980825,70.66250196097344,16,4,12,-0.8660254037844385,-0.5000000000000004,-0.433883739117558,-0.9009688679024191,-2.4492935982947064e-16,1.0,98.0,142.4375,222.125,16.85,38.85,89.0,64.5,6.75,7.493408,0.0,13.4,22.68333336,33.0,33.03333333333333,33.45,33.46666666666667,32.2,-7.319333359999998,-0.0277777300000039,-0.3393333333333341,15.403333333333334,14.828666666666669,22.449382724444447,15.42888888888889,6.50973,6.556557,6.6171494,6.57416,6.4983716,0,0.0,1,1.0,-0.12,5.3,94.7
2022-12-30 16:45:00,33.972807833328,0.0,0.0,22.68333336,14.828666666666669,32.2,0,5.1764362714980825,70.66250196097344,16,4,12,-0.8660254037844385,-0.5000000000000004,-0.433883739117558,-0.9009688679024191,-2.4492935982947064e-16,1.0,64.49999999999999,114.75,198.79166666666663,16.525,37.775000000000006,83.5,65.75,6.775,7.4983625,0.0,13.1,22.457407396666667,32.81666666666667,33.0,33.03333333333333,33.45,32.46666666666667,-7.854666693333332,0.3000000000000007,-0.2353333333333331,15.064,14.740666666666668,22.492592603333332,15.098666666666668,6.4983716,6.50973,6.556557,6.6171494,6.467773,1,1.0,1,0.75,-0.05,5.1,94.9
2022-12-30 17:00:00,116.79393930555,87.44566868333399,87.459557044444,22.457407396666667,14.740666666666668,32.46666666666667,2,5.1764362714980825,70.66250196097344,17,4,12,-0.9659258262890684,-0.2588190451025206,-0.433883739117558,-0.9009688679024191,-2.4492935982947064e-16,1.0,31.0,81.25,172.875,16.2,36.7,78.0,67.0,6.8,7.5002737,0.0,12.8,22.47222221,32.2,32.81666666666667,33.0,33.03333333333333,32.45,-7.71674073,-0.2259259633333314,-0.0879999999999991,14.828666666666669,14.575333333333331,22.50802470555556,14.87777777777778,6.467773,6.4983716,6.50973,6.556557,6.4699564,0,1.0,1,0.75,-0.1,5.2,94.8
2022-12-30 17:15:00,163.627899138886,108.569823733332,108.584267638886,22.47222221,14.575333333333331,32.45,2,5.1764362714980825,70.66250196097344,17,4,12,-0.9659258262890684,-0.2588190451025206,-0.433883739117558,-0.9009688679024191,-2.4492935982947064e-16,1.0,26.25,54.9375,149.39583333333334,16.375,35.800000000000004,83.25,68.0,6.65,7.4370055,0.0,12.425,22.666666650000003,32.46666666666667,32.2,32.81666666666667,33.0,32.03333333333333,-7.896888876666665,0.0148148133333307,-0.1653333333333346,14.740666666666668,14.410666666666666,22.537654322222224,14.714888888888888,6.4699564,6.467773,6.4983716,6.50973,6.4585605,0,1.0,0,0.75,-0.1,5.2,94.8
2022-12-30 17:30:00,51.227117599996,0.0,0.0,22.666666650000003,14.410666666666666,32.03333333333333,0,5.1764362714980825,70.66250196097344,17,4,12,-0.9659258262890684,-0.2588190451025206,-0.433883739117558,-0.9009688679024191,-2.4492935982947064e-16,1.0,21.5,35.8125,128.35416666666666,16.549999999999997,34.900000000000006,88.5,69.0,6.5,7.372159,0.0,12.05,22.416666640000003,32.45,32.46666666666667,32.2,32.81666666666667,32.35,-8.255999983333338,0.1944444400000051,-0.1646666666666671,14.575333333333331,14.35,22.532098752222225,14.575555555555558,6.4585605,6.4699564,6.467773,6.4983716,6.429463,1,2.0,1,0.5,-0.06,5.1,94.9
2022-12-30 17:45:00,112.721879977772,84.867716305554,84.881604666664,22.416666640000003,14.35,32.35,2,5.1764362714980825,70.66250196097344,17,4,12,-0.9659258262890684,-0.2588190451025206,-0.433883739117558,-0.9009688679024191,-2.4492935982947064e-16,1.0,16.75,23.875,109.75,16.724999999999998,34.0,93.75,70.0,6.35,7.305826,0.0,11.675,22.41481481,32.03333333333333,32.45,32.46666666666667,32.2,32.31666666666667,-8.066666640000003,-0.2500000100000008,-0.0606666666666662,14.410666666666666,14.393333333333334,22.518518500000003,14.445333333333332,6.429463,6.4585605,6.4699564,6.467773,6.422155,0,1.0,1,0.75,-0.12,5.3,94.7
2022-12-30 18:00:00,148.840157222224,109.2272974,109.243963466664,22.41481481,14.393333333333334,32.31666666666667,2,5.1764362714980825,70.66250196097344,18,4,12,-1.0,-1.8369701987210294e-16,-0.433883739117558,-0.9009688679024191,-2.4492935982947064e-16,1.0,12.0,19.125,93.58333333333331,16.9,33.1,99.0,71.0,6.2,7.2380967,0.0,11.3,22.69444447,32.35,32.03333333333333,32.45,32.46666666666667,32.0,-8.021481476666665,-0.0018518300000032,0.0433333333333347,14.35,14.34,22.4993827,14.384666666666668,6.422155,6.429463,6.4585605,6.4699564,6.4621243,0,1.0,0,0.75,-0.12,5.3,94.7
2022-12-30 18:15:00,60.448970961106,33.257558544444,33.266724927774,22.69444447,14.34,32.0,1,5.1764362714980825,70.66250196097344,18,4,12,-1.0,-1.8369701987210294e-16,-0.433883739117558,-0.9009688679024191,-2.4492935982947064e-16,1.0,9.0,14.8125,78.02083333333333,17.125,33.825,98.75,71.0,6.025,7.1589837,0.0,11.125,22.52037035333333,32.31666666666667,32.35,32.03333333333333,32.45,32.18333333333333,-8.35444447,0.2796296600000012,-0.0533333333333345,14.393333333333334,14.264,22.508641973333336,14.361111111111114,6.4621243,6.422155,6.429463,6.4585605,6.434555,0,1.0,1,0.75,-0.05,5.1,94.9
2022-12-30 18:30:00,102.772833472218,65.329331172222,65.341275194442,22.52037035333333,14.264,32.18333333333333,1,5.1764362714980825,70.66250196097344,18,4,12,-1.0,-1.8369701987210294e-16,-0.433883739117558,-0.9009688679024191,-2.4492935982947064e-16,1.0,6.0,10.9375,63.0625,17.35,34.55,98.5,71.0,5.85,7.0806227,0.0,10.95,22.4333333,32.0,32.31666666666667,32.35,32.03333333333333,32.45,-8.25637035333333,-0.1740741166666701,-0.0759999999999987,14.34,14.244666666666664,22.54320987777778,14.332444444444446,6.434555,6.4621243,6.422155,6.429463,6.455518,0,0.0,0,1.0,-0.09,5.2,94.8
2022-12-30 18:45:00,163.522625516666,108.083732044444,108.09928702222,22.4333333,14.244666666666664,32.45,2,5.1764362714980825,70.66250196097344,18,4,12,-1.0,-1.8369701987210294e-16,-0.433883739117558,-0.9009688679024191,-2.4492935982947064e-16,1.0,3.0,7.5,48.708333333333336,17.575,35.275,98.25,71.0,5.675,7.003013,0.0,10.775,22.67222223,32.18333333333333,32.0,32.31666666666667,32.35,32.03333333333333,-8.188666633333336,-0.0870370533333293,-0.0193333333333356,14.264,14.176666666666668,22.54938270777778,14.282888888888891,6.455518,6.434555,6.4621243,6.422155,6.4606185,0,0.0,1,1.0,-0.11,5.3,94.7
2022-12-30 19:00:00,69.317782894438,35.157760316666,35.167204472218,22.67222223,14.176666666666668,32.03333333333333,1,5.1764362714980825,70.66250196097344,19,4,12,-0.9659258262890684,0.2588190451025203,-0.433883739117558,-0.9009688679024191,-2.4492935982947064e-16,1.0,0.0,4.5,34.958333333333336,17.8,36.0,98.0,71.0,5.5,6.926144,0.0,10.6,22.51666663,32.45,32.18333333333333,32.0,32.31666666666667,32.35,-8.495555563333332,0.2388889299999981,-0.0679999999999978,14.244666666666664,14.193333333333332,22.541975294444445,14.228444444444447,6.4606185,6.455518,6.434555,6.4621243,6.4665027,0,0.0,1,1.0,-0.06,5.1,94.9
2022-12-30 19:15:00,89.725855472214,62.554719911112,62.567497249998,22.51666663,14.193333333333332,32.35,1,5.1764362714980825,70.66250196097344,19,4,12,-0.9659258262890684,0.2588190451025203,-0.433883739117558,-0.9009688679024191,-2.4492935982947064e-16,1.0,0.0,2.25,24.0,18.775,35.825,89.75,70.75,5.5,6.923568,0.0,10.65,22.40185183,32.03333333333333,32.45,32.18333333333333,32.0,32.5,-8.323333296666666,-0.1555555999999995,0.0166666666666657,14.176666666666668,14.165333333333333,22.54074072,14.204888888888888,6.4665027,6.4606185,6.455518,6.434555,6.4537787,0,0.0,0,1.0,-0.09,5.2,94.8
2022-12-30 19:30:00,140.794368016666,100.928740472222,100.944017677776,22.40185183,14.165333333333333,32.5,2,5.1764362714980825,70.66250196097344,19,4,12,-0.9659258262890684,0.2588190451025203,-0.433883739117558,-0.9009688679024191,-2.4492935982947064e-16,1.0,0.0,0.75,15.833333333333334,19.75,35.65,81.5,70.5,5.5,6.9208946,0.0,10.7,22.61111113,32.35,32.03333333333333,32.45,32.18333333333333,32.5,-8.236518496666665,-0.1148148000000013,-0.0280000000000004,14.193333333333332,14.165333333333333,22.530246896666668,14.178444444444446,6.4537787,6.4665027,6.4606185,6.455518,6.5317984,0,0.0,1,1.0,-0.12,5.3,94.7
2022-12-30 19:45:00,79.07461475555199,48.479171888888,48.48944934444,22.61111113,14.165333333333333,32.5,1,5.1764362714980825,70.66250196097344,19,4,12,-0.9659258262890684,0.2588190451025203,-0.433883739117558,-0.9009688679024191,-2.4492935982947064e-16,1.0,0.0,0.0,10.458333333333334,20.725,35.474999999999994,73.25,70.25,5.5,6.9181275,0.0,10.75,22.51296294666667,32.5,32.35,32.03333333333333,32.45,32.68333333333333,-8.445777796666665,0.2092592999999993,0.0,14.165333333333333,14.253333333333332,22.50987653,14.174666666666669,6.5317984,6.4537787,6.4665027,6.4606185,6.5317435,0,0.0,1,1.0,-0.07,5.1,94.9
2022-12-30 20:00:00,91.653833816662,48.404730383334,48.414452277776,22.51296294666667,14.253333333333332,32.68333333333333,1,5.1764362714980825,70.66250196097344,20,4,12,-0.8660254037844386,0.5000000000000001,-0.433883739117558,-0.9009688679024191,-2.4492935982947064e-16,1.0,0.0,0.0,7.875,21.7,35.3,65.0,70.0,5.5,6.915266,0.0,10.8,22.35555553,32.5,32.5,32.35,32.03333333333333,32.95,-8.259629613333336,-0.098148183333329,0.0879999999999991,14.165333333333333,14.342,22.50864196888889,14.194666666666668,6.5317435,6.5317984,6.4537787,6.4665027,6.525749,0,0.0,0,1.0,-0.09,5.2,94.8
2022-12-30 20:15:00,151.914478711112,98.829657788888,98.842990605554,22.35555553,14.342,32.95,2,5.1764362714980825,70.66250196097344,20,4,12,-0.8660254037844386,0.5000000000000001,-0.433883739117558,-0.9009688679024191,-2.4492935982947064e-16,1.0,0.0,0.0,5.6875,21.825,37.625,73.75,70.0,5.45,6.882652,0.0,10.725,22.581481516666667,32.68333333333333,32.5,32.5,32.35,32.53333333333333,-8.01355553,-0.1574074166666683,0.0886666666666684,14.253333333333332,14.317333333333332,22.493209868888886,14.253555555555556,6.525749,6.5317435,6.5317984,6.4537787,6.5273905,0,0.0,1,1.0,-0.13,5.3,94.7
2022-12-30 20:30:00,91.582170049994,63.808280949998,63.822169361106,22.581481516666667,14.317333333333332,32.53333333333333,1,5.1764362714980825,70.66250196097344,20,4,12,-0.8660254037844386,0.5000000000000001,-0.433883739117558,-0.9009688679024191,-2.4492935982947064e-16,1.0,0.0,0.0,3.8958333333333335,21.95,39.95,82.5,70.0,5.4,6.8501725,0.0,10.65,22.56111115,32.95,32.68333333333333,32.5,32.5,32.85,-8.264148183333335,0.2259259866666667,-0.0246666666666683,14.342,14.234,22.483333331111112,14.304222222222222,6.5273905,6.525749,6.5317435,6.5317984,6.583225,0,0.0,1,1.0,-0.08,5.1,94.9
2022-12-30 20:45:00,55.249179061102,28.05693326111,28.065821888884003,22.56111115,14.234,32.85,1,5.1764362714980825,70.66250196097344,20,4,12,-0.8660254037844386,0.5000000000000001,-0.433883739117558,-0.9009688679024191,-2.4492935982947064e-16,1.0,0.0,0.0,2.5,22.075,42.275,91.25,70.0,5.35,6.817826,0.0,10.575,22.31666667,32.53333333333333,32.95,32.68333333333333,32.5,33.0,-8.327111149999999,-0.0203703666666683,-0.0833333333333321,14.317333333333332,14.112,22.499382732222227,14.29777777777778,6.583225,6.5273905,6.525749,6.5317435,6.521054,0,0.0,0,1.0,-0.08,5.1,94.9
2022-12-30 21:00:00,147.86880726111,108.796203527778,108.812036277776,22.31666667,14.112,33.0,2,5.1764362714980825,70.66250196097344,21,4,12,-0.7071067811865477,0.7071067811865474,-0.433883739117558,-0.9009688679024191,-2.4492935982947064e-16,1.0,0.0,0.0,1.5,22.2,44.6,100.0,70.0,5.3,6.785613,0.0,10.5,22.53333332,32.85,32.53333333333333,32.95,32.68333333333333,33.0,-8.20466667,-0.2444444799999985,-0.1219999999999998,14.234,14.121333333333332,22.486419778888887,14.221111111111112,6.521054,6.583225,6.5273905,6.525749,6.6027484,0,0.0,1,1.0,-0.13,5.4,94.6
2022-12-30 21:15:00,111.580258794446,70.357463372222,70.370240711108,22.53333332,14.121333333333332,33.0,1,5.1764362714980825,70.66250196097344,21,4,12,-0.7071067811865477,0.7071067811865474,-0.433883739117558,-0.9009688679024191,-2.4492935982947064e-16,1.0,0.0,0.0,0.75,22.125,44.7,100.0,70.25,5.225,6.756264,0.0,10.375,22.56111113333333,33.0,32.85,32.53333333333333,32.95,33.0,-8.411999986666668,0.2166666500000005,0.0093333333333323,14.112,14.103333333333332,22.47037038,14.15577777777778,6.6027484,6.521054,6.583225,6.5273905,6.6132855,0,0.0,1,1.0,-0.08,5.1,94.9
2022-12-30 21:30:00,66.336235494438,23.438506872222,23.445173338886,22.56111113333333,14.103333333333332,33.0,1,5.1764362714980825,70.66250196097344,21,4,12,-0.7071067811865477,0.7071067811865474,-0.433883739117558,-0.9009688679024191,-2.4492935982947064e-16,1.0,0.0,0.0,0.25,22.05,44.8,100.0,70.5,5.15,6.726902,0.0,10.25,22.28888888,33.0,33.0,32.85,32.53333333333333,33.3,-8.457777800000002,0.0277778133333335,-0.0180000000000006,14.121333333333332,14.118666666666666,22.47037037444445,14.112222222222222,6.6132855,6.6027484,6.521054,6.583225,6.5698323,0,0.0,0,1.0,-0.08,5.1,94.9
2022-12-30 21:45:00,136.060946211112,92.998502144444,93.012112733332,22.28888888,14.118666666666666,33.3,2,5.1764362714980825,70.66250196097344,21,4,12,-0.7071067811865477,0.7071067811865474,-0.433883739117558,-0.9009688679024191,-2.4492935982947064e-16,1.0,0.0,0.0,0.0,21.975,44.9,100.0,70.75,5.075,6.6975303,0.0,10.125,22.45925926,33.0,33.0,33.0,32.85,33.03333333333333,-8.170222213333332,-0.2722222533333358,0.0153333333333343,14.103333333333332,14.124,22.461111111111112,14.114444444444445,6.5698323,6.6132855,6.6027484,6.521054,6.5813603,0,0.0,1,1.0,-0.14,5.4,94.6
2022-12-30 22:00:00,109.300905605554,80.424282916666,80.437337977776,22.45925926,14.124,33.03333333333333,2,5.1764362714980825,70.66250196097344,22,4,12,-0.5000000000000004,0.8660254037844384,-0.433883739117558,-0.9009688679024191,-2.4492935982947064e-16,1.0,0.0,0.0,0.0,21.9,45.0,100.0,71.0,5.0,6.668148,0.0,10.0,22.54444447,33.3,33.0,33.0,33.0,33.0,-8.33525926,0.1703703800000013,0.0053333333333327,14.118666666666666,13.967999999999998,22.43641975777778,14.115333333333332,6.5813603,6.5698323,6.6132855,6.6027484,6.6069627,0,0.0,0,1.0,-0.1,5.2,94.8
2022-12-30 22:15:00,38.737617283326,11.451764094445998,11.458430544444,22.54444447,13.967999999999998,33.0,1,5.1764362714980825,70.66250196097344,22,4,12,-0.5000000000000004,0.8660254037844384,-0.433883739117558,-0.9009688679024191,-2.4492935982947064e-16,1.0,0.0,0.0,0.0,21.9,44.825,100.0,70.75,4.9,6.623626,0.0,9.95,22.29629632,33.03333333333333,33.3,33.0,33.0,33.0,-8.57644447,0.0851852099999987,-0.1560000000000005,14.124,13.886666666666668,22.43086420333333,14.070222222222222,6.6069627,6.5813603,6.5698323,6.6132855,6.513421,0,0.0,1,1.0,-0.08,5.1,94.9
2022-12-30 22:30:00,146.292481466664,102.646449544444,102.661726766664,22.29629632,13.886666666666668,33.0,2,5.1764362714980825,70.66250196097344,22,4,12,-0.5000000000000004,0.8660254037844384,-0.433883739117558,-0.9009688679024191,-2.4492935982947064e-16,1.0,0.0,0.0,0.0,21.9,44.65,100.0,70.5,4.8,6.5793114,0.0,9.9,22.44444445,33.0,33.03333333333333,33.3,33.0,32.95,-8.409629653333333,-0.2481481499999986,-0.0813333333333314,13.967999999999998,13.778,22.43333335,13.99288888888889,6.513421,6.6069627,6.5813603,6.5698323,6.559173,0,0.0,1,1.0,-0.14,5.4,94.6
2022-12-30 22:45:00,134.598226905558,89.284761783334,89.297539088888,22.44444445,13.778,32.95,2,5.1764362714980825,70.66250196097344,22,4,12,-0.5000000000000004,0.8660254037844384,-0.433883739117558,-0.9009688679024191,-2.4492935982947064e-16,1.0,0.0,0.0,0.0,21.9,44.475,100.0,70.25,4.699999999999999,6.5352035,0.0,9.85,22.54259257,33.0,33.0,33.03333333333333,33.3,32.71666666666667,-8.66644445,0.1481481299999991,-0.108666666666668,13.886666666666668,13.694666666666668,22.42839508,13.877555555555556,6.559173,6.513421,6.6069627,6.5813603,6.5495377,0,0.0,0,1.0,-0.1,5.2,94.8
2022-12-30 23:00:00,42.549131433328,0.0,0.0,22.54259257,13.694666666666668,32.71666666666667,0,5.1764362714980825,70.66250196097344,23,4,12,-0.2588190451025215,0.965925826289068,-0.433883739117558,-0.9009688679024191,-2.4492935982947064e-16,1.0,0.0,0.0,0.0,21.9,44.3,100.0,70.0,4.6,6.4912996,0.0,9.8,22.25555556,32.95,33.0,33.0,33.03333333333333,33.3,-8.847925903333334,0.0981481200000011,-0.0833333333333321,13.778,13.616,22.42777778,13.786444444444449,6.5495377,6.559173,6.513421,6.6069627,6.5572457,1,1.0,1,0.75,-0.08,5.1,94.9
2022-12-30 23:15:00,129.8523057,92.3079742,92.32186256111,22.25555556,13.616,33.3,2,5.1764362714980825,70.66250196097344,23,4,12,-0.2588190451025215,0.965925826289068,-0.433883739117558,-0.9009688679024191,-2.4492935982947064e-16,1.0,0.0,0.0,0.0,22.125,45.025,100.0,69.5,4.449999999999999,6.4142904,0.0,9.725,22.32037036,32.71666666666667,32.95,33.0,33.0,32.85,-8.63955556,-0.2870370099999988,-0.0786666666666651,13.694666666666668,13.621999999999998,22.41419752666667,13.696222222222223,6.5572457,6.5495377,6.559173,6.513421,6.492795,0,1.0,1,0.75,-0.15,5.4,94.6
2022-12-30 23:30:00,131.118921816662,101.006515127778,101.021514577776,22.32037036,13.621999999999998,32.85,2,5.1764362714980825,70.66250196097344,23,4,12,-0.2588190451025215,0.965925826289068,-0.433883739117558,-0.9009688679024191,-2.4492935982947064e-16,1.0,0.0,0.0,0.0,22.35,45.75,100.0,69.0,4.3,6.337848,0.0,9.65,22.5611111,33.3,32.71666666666667,32.95,33.0,32.5,-8.698370360000004,0.0648148000000006,0.0059999999999966,13.616,13.507333333333332,22.372839496666668,13.644222222222224,6.492795,6.5572457,6.5495377,6.559173,6.5130844,0,1.0,0,0.75,-0.13,5.4,94.6
2022-12-30 23:45:00,54.853639233328,27.594173988888,27.602229249998,22.5611111,13.507333333333332,32.5,1,5.1764362714980825,70.66250196097344,23,4,12,-0.2588190451025215,0.965925826289068,-0.433883739117558,-0.9009688679024191,-2.4492935982947064e-16,1.0,0.0,0.0,0.0,22.575,46.475,100.0,68.5,4.15,6.261969,0.0,9.575,22.37407404,32.85,33.3,32.71666666666667,32.95,32.68333333333333,-9.053777766666668,0.2407407399999996,-0.1146666666666647,13.621999999999998,13.3,22.379012340000003,13.58177777777778,6.5130844,6.492795,6.5572457,6.5495377,6.4798307,0,1.0,1,0.75,-0.08,5.1,94.9
2022-12-31 00:00:00,121.77374002222,69.511663888888,69.52249682222,22.37407404,13.3,32.68333333333333,1,5.1764362714980825,70.66250196097344,0,5,12,0.0,1.0,-0.9749279121818236,-0.2225209339563146,-2.4492935982947064e-16,1.0,0.0,0.0,0.0,22.8,47.2,100.0,68.0,4.0,6.1866527,0.0,9.5,22.30555553,32.5,32.85,33.3,32.71666666666667,32.65,-9.07407404,-0.1870370600000015,-0.2073333333333327,13.507333333333332,13.209333333333335,22.4185185,13.476444444444446,6.4798307,6.5130844,6.492795,6.5572457,6.4477706,0,0.0,0,1.0,-0.12,5.3,94.7
2022-12-31 00:15:00,127.71211347778,81.313413983334,81.3267468,22.30555553,13.209333333333335,32.65,2,5.1764362714980825,70.66250196097344,0,5,12,0.0,1.0,-0.9749279121818236,-0.2225209339563146,-2.4492935982947064e-16,1.0,0.0,0.0,0.0,22.325,47.0,100.0,68.25,4.075,6.2291956,0.0,9.55,22.40555554333333,32.68333333333333,32.5,32.85,33.3,32.31666666666667,-9.096222196666664,-0.0685185100000005,-0.0906666666666655,13.3,13.025333333333332,22.413580223333337,13.33888888888889,6.4477706,6.4798307,6.5130844,6.492795,6.4187393,0,0.0,1,1.0,-0.14,5.4,94.6
2022-12-31 00:30:00,108.693152166664,79.227108555556,79.240719144444,22.40555554333333,13.025333333333332,32.31666666666667,2,5.1764362714980825,70.66250196097344,0,5,12,0.0,1.0,-0.9749279121818236,-0.2225209339563146,-2.4492935982947064e-16,1.0,0.0,0.0,0.0,21.85,46.8,100.0,68.5,4.15,6.2719398,0.0,9.6,22.47222221,32.65,32.68333333333333,32.5,32.85,32.0,-9.38022221,0.1000000133333323,-0.1840000000000028,13.209333333333335,12.923333333333334,22.36172837111111,13.178222222222225,6.4187393,6.4477706,6.4798307,6.5130844,6.3802347,0,0.0,0,1.0,-0.12,5.3,94.7
2022-12-31 00:45:00,69.366391949998,33.267835866668,33.276168916666,22.47222221,12.923333333333334,32.0,1,5.1764362714980825,70.66250196097344,0,5,12,0.0,1.0,-0.9749279121818236,-0.2225209339563146,-2.4492935982947064e-16,1.0,0.0,0.0,0.0,21.375,46.6,100.0,68.75,4.225,6.3148847,0.0,9.65,22.294444446666667,32.31666666666667,32.65,32.68333333333333,32.5,32.0,-9.548888876666664,0.0666666666666664,-0.1019999999999985,13.025333333333332,12.828,22.39444442777777,13.052666666666669,6.3802347,6.4187393,6.4477706,6.4798307,6.3153696,0,0.0,1,1.0,-0.1,5.2,94.8
2022-12-31 01:00:00,83.471383411104,52.117637444444,52.128470411108,22.294444446666667,12.828,32.0,1,5.1764362714980825,70.66250196097344,1,5,12,0.2588190451025207,0.9659258262890684,-0.9749279121818236,-0.2225209339563146,-2.4492935982947064e-16,1.0,0.0,0.0,0.0,20.9,46.4,100.0,69.0,4.3,6.3580317,0.0,9.7,22.22222221,32.0,32.31666666666667,32.65,32.68333333333333,31.95,-9.466444446666667,-0.1777777633333315,-0.0953333333333343,12.923333333333334,12.778666666666668,22.39074073333333,12.925555555555556,6.3153696,6.3802347,6.4187393,6.4477706,6.279354,0,0.0,0,1.0,-0.15,5.4,94.6
2022-12-31 01:15:00,159.715555605554,124.138645355556,124.156978005554,22.22222221,12.778666666666668,31.95,2,5.1764362714980825,70.66250196097344,1,5,12,0.2588190451025207,0.9659258262890684,-0.9749279121818236,-0.2225209339563146,-2.4492935982947064e-16,1.0,0.0,0.0,0.0,21.3,46.6,100.0,69.0,4.225,6.337848,0.0,9.65,22.55370372333333,32.0,32.0,32.31666666666667,32.65,31.35,-9.44355554333333,-0.0722222366666685,-0.0493333333333314,12.828,12.725333333333332,22.329629622222217,12.843333333333334,6.279354,6.3153696,6.3802347,6.4187393,6.2799487,0,0.0,1,1.0,-0.16,5.6,94.4
2022-12-31 01:30:00,135.013210305558,35.499135527778,35.506635277776,22.55370372333333,12.725333333333332,31.35,1,5.1764362714980825,70.66250196097344,1,5,12,0.2588190451025207,0.9659258262890684,-0.9749279121818236,-0.2225209339563146,-2.4492935982947064e-16,1.0,0.0,0.0,0.0,21.7,46.8,100.0,69.0,4.15,6.31772,0.0,9.6,22.40555553,31.95,32.0,32.0,32.31666666666667,31.35,-9.828370390000002,0.3314815133333368,-0.0533333333333345,12.778666666666668,12.732666666666669,22.356790126666667,12.777333333333337,6.2799487,6.279354,6.3153696,6.3802347,6.22674,0,0.0,1,1.0,-0.09,5.2,94.8
2022-12-31 01:45:00,763.339465299996,58.0926762,58.106009049998,22.40555553,12.732666666666669,31.35,1,5.1764362714980825,70.66250196097344,1,5,12,0.2588190451025207,0.9659258262890684,-0.9749279121818236,-0.2225209339563146,-2.4492935982947064e-16,1.0,0.0,0.0,0.0,22.1,47.0,100.0,69.0,4.075,6.2976484,0.0,9.55,22.31111108,31.35,31.95,32.0,32.0,31.316666666666663,-9.672888863333334,-0.1481481933333341,0.0073333333333334,12.725333333333332,12.736666666666668,22.39382715444445,12.745555555555557,6.22674,6.2799487,6.279354,6.3153696,6.186438,0,0.0,0,1.0,-0.12,5.3,94.7
2022-12-31 02:00:00,136.953688316666,109.714777866668,109.73255502222,22.31111108,12.736666666666668,31.316666666666663,2,5.1764362714980825,70.66250196097344,2,5,12,0.4999999999999999,0.8660254037844387,-0.9749279121818236,-0.2225209339563146,-2.4492935982947064e-16,1.0,0.0,0.0,0.0,22.5,47.2,100.0,69.0,4.0,6.2776327,0.0,9.5,22.55555554,31.35,31.35,31.95,32.0,31.0,-9.574444413333332,-0.094444450000001,0.0040000000000013,12.732666666666669,12.7,22.423456777777783,12.731555555555556,6.186438,6.22674,6.2799487,6.279354,6.2104993,0,0.0,1,1.0,-0.15,5.4,94.6
2022-12-31 02:15:00,82.268931411108,47.600318144444,47.610040055552,22.55555554,12.7,31.0,1,5.1764362714980825,70.66250196097344,2,5,12,0.4999999999999999,0.8660254037844387,-0.9749279121818236,-0.2225209339563146,-2.4492935982947064e-16,1.0,0.0,0.0,0.0,22.675,47.375,100.0,69.25,4.0,6.2703485,0.0,9.425,22.43703705333333,31.316666666666663,31.35,31.35,31.95,31.0,-9.85555554,0.2444444600000004,-0.0366666666666688,12.736666666666668,12.54,22.42407405,12.723111111111114,6.2104993,6.186438,6.22674,6.2799487,6.168371,0,0.0,1,1.0,-0.09,5.2,94.8
2022-12-31 02:30:00,403.57524534444,46.515917055556,46.527583305554,22.43703705333333,12.54,31.0,1,5.1764362714980825,70.66250196097344,2,5,12,0.4999999999999999,0.8660254037844387,-0.9749279121818236,-0.2225209339563146,-2.4492935982947064e-16,1.0,0.0,0.0,0.0,22.85,47.55,100.0,69.5,4.0,6.262974,0.0,9.35,22.24444442,31.0,31.316666666666663,31.35,31.35,31.0,-9.897037053333332,-0.1185184866666695,-0.1600000000000001,12.7,12.438666666666666,22.43456789111111,12.65888888888889,6.168371,6.2104993,6.186438,6.22674,6.1004405,0,0.0,0,1.0,-0.12,5.3,94.7
2022-12-31 02:45:00,151.3197803,107.70874706111,107.725968672218,22.24444442,12.438666666666666,31.0,2,5.1764362714980825,70.66250196097344,2,5,12,0.4999999999999999,0.8660254037844387,-0.9749279121818236,-0.2225209339563146,-2.4492935982947064e-16,1.0,0.0,0.0,0.0,23.025,47.725,100.0,69.75,4.0,6.2555084,0.0,9.275,22.49074071,31.0,31.0,31.316666666666663,31.35,30.816666666666663,-9.805777753333334,-0.1925926333333301,-0.1013333333333328,12.54,12.296666666666663,22.41234567111111,12.559555555555557,6.1004405,6.168371,6.2104993,6.186438,6.1508365,0,0.0,1,1.0,-0.16,5.6,94.4
2022-12-31 03:00:00,105.922707405554,56.629123644444,56.638567766664,22.49074071,12.296666666666663,30.816666666666663,1,5.1764362714980825,70.66250196097344,3,5,12,0.7071067811865476,0.7071067811865476,-0.9749279121818236,-0.2225209339563146,-2.4492935982947064e-16,1.0,0.0,0.0,0.0,23.2,47.9,100.0,70.0,4.0,6.2479525,0.0,9.2,22.43333334,31.0,31.0,31.0,31.316666666666663,30.85,-10.194074043333336,0.24629629,-0.1420000000000012,12.438666666666666,12.224,22.39074072777778,12.425111111111113,6.1508365,6.1004405,6.168371,6.2104993,6.137218,0,0.0,1,1.0,-0.11,5.2,94.8
2022-12-31 03:15:00,72.577374672218,39.294817027778,39.302316777776,22.43333334,12.224,30.85,1,5.1764362714980825,70.66250196097344,3,5,12,0.7071067811865476,0.7071067811865476,-0.9749279121818236,-0.2225209339563146,-2.4492935982947064e-16,1.0,0.0,0.0,0.0,22.9,47.725,100.0,71.0,4.15,6.3170094,0.0,9.15,22.2425926,30.816666666666663,31.0,31.0,31.0,31.0,-10.20933334,-0.0574073699999999,-0.0726666666666648,12.296666666666663,12.022,22.38950615666667,12.319777777777778,6.137218,6.1508365,6.1004405,6.168371,6.0997925,0,0.0,0,1.0,-0.12,5.3,94.7
2022-12-31 03:30:00,148.23240388333,120.961272472222,120.979049594442,22.2425926,12.022,31.0,2,5.1764362714980825,70.66250196097344,3,5,12,0.7071067811865476,0.7071067811865476,-0.9749279121818236,-0.2225209339563146,-2.4492935982947064e-16,1.0,0.0,0.0,0.0,22.6,47.55,100.0,72.0,4.3,6.385555,0.0,9.1,22.53333332,30.85,30.816666666666663,31.0,31.0,30.65,-10.220592600000002,-0.1907407399999989,-0.2019999999999999,12.224,11.76,22.388888883333333,12.180888888888887,6.0997925,6.137218,6.1508365,6.1004405,6.1325526,0,0.0,1,1.0,-0.16,5.6,94.4
2022-12-31 03:45:00,108.632599038886,75.105329016666,75.118661899996,22.53333332,11.76,30.65,2,5.1764362714980825,70.66250196097344,3,5,12,0.7071067811865476,0.7071067811865476,-0.9749279121818236,-0.2225209339563146,-2.4492935982947064e-16,1.0,0.0,0.0,0.0,22.3,47.375,100.0,73.0,4.449999999999999,6.45359,0.0,9.05,22.540740746666664,31.0,30.85,30.816666666666663,31.0,30.683333333333334,-10.77333332,0.2907407199999987,-0.2620000000000004,12.022,11.664,22.403086420000005,12.002,6.1325526,6.0997925,6.137218,6.1508365,6.141833,0,0.0,0,1.0,-0.1,5.2,94.8
2022-12-31 04:00:00,85.085763116666,39.564528472222,39.573694855552,22.540740746666664,11.664,30.683333333333334,1,5.1764362714980825,70.66250196097344,4,5,12,0.8660254037844386,0.5000000000000001,-0.9749279121818236,-0.2225209339563146,-2.4492935982947064e-16,1.0,0.0,0.0,0.0,22.0,47.2,100.0,74.0,4.6,6.521117,0.0,9.0,22.2722222,30.65,31.0,30.85,30.816666666666663,31.0,-10.876740746666664,0.0074074266666634,-0.096,11.76,11.293333333333331,22.438888888888886,11.815333333333337,6.141833,6.1325526,6.0997925,6.137218,6.1101995,0,0.0,1,1.0,-0.1,5.2,94.8
2022-12-31 04:15:00,147.19050106111,104.046949055556,104.063337333332,22.2722222,11.293333333333331,31.0,2,5.1764362714980825,70.66250196097344,4,5,12,0.8660254037844386,0.5000000000000001,-0.9749279121818236,-0.2225209339563146,-2.4492935982947064e-16,1.0,0.0,0.0,0.0,20.4,46.75,100.0,75.5,4.699999999999999,6.568691,0.0,8.8,22.43888891,30.683333333333334,30.65,31.0,30.85,30.816666666666663,-10.978888866666663,-0.2685185466666659,-0.3706666666666667,11.664,11.244,22.448765422222223,11.572444444444445,6.1101995,6.141833,6.1325526,6.0997925,6.1325436,0,0.0,1,1.0,-0.16,5.5,94.5
2022-12-31 04:30:00,135.512634977772,97.123614883334,97.14028098333,22.43888891,11.244,30.816666666666663,2,5.1764362714980825,70.66250196097344,4,5,12,0.8660254037844386,0.5000000000000001,-0.9749279121818236,-0.2225209339563146,-2.4492935982947064e-16,1.0,0.0,0.0,0.0,18.8,46.3,100.0,77.0,4.8,6.613861,0.0,8.6,22.52777782,31.0,30.683333333333334,30.65,31.0,30.55,-11.19488891,0.1666667100000012,-0.0493333333333332,11.293333333333331,11.354,22.41728395222222,11.400444444444446,6.1325436,6.1101995,6.141833,6.1325526,6.1105947,0,0.0,0,1.0,-0.12,5.3,94.7
2022-12-31 04:45:00,39.263429699988,0.0,0.0,22.52777782,11.354,30.55,0,5.1764362714980825,70.66250196097344,4,5,12,0.8660254037844386,0.5000000000000001,-0.9749279121818236,-0.2225209339563146,-2.4492935982947064e-16,1.0,0.0,0.0,0.0,17.2,45.85,100.0,78.5,4.9,6.656676,0.0,8.399999999999999,22.275925933333333,30.816666666666663,31.0,30.683333333333334,30.65,31.15,-11.17377782,0.0888889100000014,0.1100000000000012,11.244,11.582666666666666,22.412962976666662,11.297111111111112,6.1105947,6.1325436,6.1101995,6.141833,6.141072,1,1.0,1,0.75,-0.1,5.2,94.8
2022-12-31 05:00:00,137.819487066664,110.422249633332,110.440860088884,22.275925933333333,11.582666666666666,31.15,2,5.1764362714980825,70.66250196097344,5,5,12,0.9659258262890684,0.2588190451025207,-0.9749279121818236,-0.2225209339563146,-2.4492935982947064e-16,1.0,0.0,0.0,0.0,15.6,45.4,100.0,80.0,5.0,6.6971784,0.0,8.2,22.40555552,30.55,30.816666666666663,31.0,30.683333333333334,31.1,-10.693259266666669,-0.2518518866666674,0.2286666666666654,11.354,11.721333333333332,22.41419755444445,11.393555555555558,6.141072,6.1105947,6.1325436,6.1101995,6.177085,0,1.0,1,0.75,-0.16,5.5,94.5
2022-12-31 05:15:00,162.66210433889,125.3791513,125.398317249998,22.40555552,11.721333333333332,31.1,2,5.1764362714980825,70.66250196097344,5,5,12,0.9659258262890684,0.2588190451025207,-0.9749279121818236,-0.2225209339563146,-2.4492935982947064e-16,1.0,0.0,0.0,0.0,14.125,42.425,100.0,83.0,4.7,6.5984993,0.0,7.399999999999999,22.662962943333333,31.15,30.55,30.816666666666663,31.0,30.716666666666665,-10.684222186666668,0.1296295866666668,0.1386666666666656,11.582666666666666,11.902666666666669,22.40308642444445,11.552666666666669,6.177085,6.141072,6.1105947,6.1325436,6.191778,0,1.0,0,0.75,-0.13,5.3,94.7
2022-12-31 05:30:00,60.525356855548,0.0,0.0,22.662962943333333,11.902666666666669,30.716666666666665,0,5.1764362714980825,70.66250196097344,5,5,12,0.9659258262890684,0.2588190451025207,-0.9749279121818236,-0.2225209339563146,-2.4492935982947064e-16,1.0,0.0,0.0,0.0,12.65,39.45,100.0,86.0,4.4,6.490569,0.0,6.6,22.38333334,31.1,31.15,30.55,30.816666666666663,31.0,-10.760296276666669,0.2574074233333334,0.1813333333333346,11.721333333333332,11.992,22.448148132222222,11.735555555555557,6.191778,6.177085,6.141072,6.1105947,6.149364,1,2.0,1,0.5,-0.07,5.1,94.9
2022-12-31 05:45:00,135.577076749998,96.76557363889,96.78223972222,22.38333334,11.992,31.0,2,5.1764362714980825,70.66250196097344,5,5,12,0.9659258262890684,0.2588190451025207,-0.9749279121818236,-0.2225209339563146,-2.4492935982947064e-16,1.0,0.0,0.0,0.0,11.175,36.475,100.0,89.0,4.1,6.374442,0.0,5.8,22.43148146,30.716666666666665,31.1,31.15,30.55,31.0,-10.39133334,-0.2796296033333334,0.0893333333333323,11.902666666666669,12.008,22.483950601111115,11.872,6.149364,6.191778,6.177085,6.141072,6.166403,0,1.0,1,0.75,-0.13,5.4,94.6
2022-12-31 06:00:00,154.535762805554,123.666442044444,123.684219133332,22.43148146,12.008,31.0,2,5.1764362714980825,70.66250196097344,6,5,12,1.0,6.123233995736766e-17,-0.9749279121818236,-0.2225209339563146,-2.4492935982947064e-16,1.0,0.0,0.0,0.0,9.7,33.5,100.0,92.0,3.8,6.2511096,0.0,5.0,22.66111109,31.0,30.716666666666665,31.1,31.15,30.7,-10.42348146,0.0481481200000004,0.0160000000000017,11.992,11.952666666666666,22.492592581111115,11.967555555555556,6.166403,6.149364,6.191778,6.177085,6.1877627,0,1.0,0,0.75,-0.12,5.3,94.7
2022-12-31 06:15:00,41.183352649998,0.0,0.0,22.66111109,11.952666666666666,30.7,0,5.1764362714980825,70.66250196097344,6,5,12,1.0,6.123233995736766e-17,-0.9749279121818236,-0.2225209339563146,-2.4492935982947064e-16,1.0,0.0,0.0,0.0,9.1,28.625,100.0,92.75,3.85,6.281277,0.0,4.95,22.381481446666665,31.0,31.0,30.716666666666665,31.1,31.15,-10.708444423333336,0.2296296300000015,-0.0553333333333352,12.008,11.85,22.491975296666663,11.984222222222222,6.1877627,6.166403,6.149364,6.191778,6.1784606,1,2.0,1,0.5,-0.07,5.1,94.9
2022-12-31 06:30:00,129.48398718333,102.234521555556,102.250076533332,22.381481446666665,11.85,31.15,2,5.1764362714980825,70.66250196097344,6,5,12,1.0,6.123233995736766e-17,-0.9749279121818236,-0.2225209339563146,-2.4492935982947064e-16,1.0,0.0,0.0,0.0,8.5,23.75,100.0,93.5,3.9,6.311169,0.0,4.9,22.35,30.7,31.0,31.0,30.716666666666665,31.15,-10.531481446666666,-0.2796296433333367,-0.102666666666666,11.952666666666666,11.700666666666669,22.49135799888889,11.93688888888889,6.1784606,6.1877627,6.166403,6.149364,6.1672883,0,1.0,1,0.75,-0.13,5.4,94.6
2022-12-31 06:45:00,130.3506191,85.698516372222,85.711849188888,22.35,11.700666666666669,31.15,2,5.1764362714980825,70.66250196097344,6,5,12,1.0,6.123233995736766e-17,-0.9749279121818236,-0.2225209339563146,-2.4492935982947064e-16,1.0,0.0,0.0,0.0,7.899999999999999,18.875,100.0,94.25,3.95,6.340788,0.0,4.85,22.49259259333333,31.15,30.7,31.0,31.0,31.0,-10.649333333333336,-0.0314814466666639,-0.1493333333333328,11.85,11.459333333333335,22.464197512222228,11.834444444444443,6.1672883,6.1784606,6.1877627,6.166403,6.188087,0,1.0,0,0.75,-0.14,5.4,94.6
2022-12-31 07:00:00,138.385019861114,84.928547205554,84.940213405554,22.49259259333333,11.459333333333335,31.0,2,5.1764362714980825,70.66250196097344,7,5,12,0.9659258262890684,-0.2588190451025206,-0.9749279121818236,-0.2225209339563146,-2.4492935982947064e-16,1.0,0.0,0.0,0.0,7.3,14.0,100.0,95.0,4.0,6.3701324,0.0,4.8,22.47777778,31.15,31.15,30.7,31.0,31.05,-11.033259259999996,0.1425925933333296,-0.2413333333333316,11.700666666666669,11.342,22.40802468,11.670000000000002,6.188087,6.1672883,6.1784606,6.1877627,6.192797,0,1.0,0,0.75,-0.11,5.2,94.8
2022-12-31 07:15:00,49.423023049998,19.593660672222,19.601715933332,22.47777778,11.342,31.05,1,5.1764362714980825,70.66250196097344,7,5,12,0.9659258262890684,-0.2588190451025206,-0.9749279121818236,-0.2225209339563146,-2.4492935982947064e-16,1.0,0.0,0.0,0.0,7.1,14.0,100.0,95.5,4.05,6.382497,0.025,4.75,22.21111114,31.0,31.15,31.15,30.7,31.466666666666665,-11.13577778,-0.0148148133333307,-0.1173333333333346,11.459333333333335,11.262666666666666,22.440123457777776,11.50066666666667,6.192797,6.188087,6.1672883,6.1784606,6.1804085,0,0.0,1,1.0,-0.11,5.2,94.8
2022-12-31 07:30:00,105.329120049998,76.2952814,76.309447549998,22.21111114,11.262666666666666,31.466666666666665,2,5.1764362714980825,70.66250196097344,7,5,12,0.9659258262890684,-0.2588190451025206,-0.9749279121818236,-0.2225209339563146,-2.4492935982947064e-16,1.0,0.0,0.0,0.0,6.9,14.0,100.0,96.0,4.1,6.3947015,0.05,4.699999999999999,22.20555556,31.05,31.0,31.15,31.15,31.5,-10.948444473333334,-0.2666666400000004,-0.0793333333333343,11.342,11.258666666666668,22.393827171111116,11.354666666666668,6.1804085,6.192797,6.188087,6.1672883,6.1849766,0,0.0,1,1.0,-0.17,5.6,94.4
2022-12-31 07:45:00,161.796861249998,123.3817312,123.400341638886,22.20555556,11.258666666666668,31.5,2,5.1764362714980825,70.66250196097344,7,5,12,0.9659258262890684,-0.2588190451025206,-0.9749279121818236,-0.2225209339563146,-2.4492935982947064e-16,1.0,0.0,0.0,0.0,6.7,14.0,100.0,96.5,4.15,6.4067473,0.075,4.65,22.53333337333333,31.466666666666665,31.05,31.0,31.15,31.5,-10.946888893333334,-0.0055555799999993,-0.0039999999999995,11.262666666666666,11.609333333333332,22.29814816,11.287777777777778,6.1849766,6.1804085,6.192797,6.188087,6.3026233,0,0.0,0,1.0,-0.17,5.6,94.4
2022-12-31 08:00:00,66.051524649994,30.557111,30.565721788888,22.53333337333333,11.609333333333332,31.5,1,5.1764362714980825,70.66250196097344,8,5,12,0.8660254037844387,-0.4999999999999998,-0.9749279121818236,-0.2225209339563146,-2.4492935982947064e-16,1.0,0.0,0.0,0.0,6.5,14.0,100.0,97.0,4.2,6.4186335,0.1,4.6,22.35000003,31.5,31.466666666666665,31.05,31.0,31.85,-10.924000040000005,0.3277778133333342,0.3506666666666653,11.258666666666668,11.781333333333333,22.316666691111116,11.37688888888889,6.3026233,6.1849766,6.1804085,6.192797,6.30588,0,0.0,1,1.0,-0.09,5.2,94.8
2022-12-31 08:15:00,112.011908361106,67.81450956111,67.828397988884,22.35000003,11.781333333333333,31.85,1,5.1764362714980825,70.66250196097344,8,5,12,0.8660254037844387,-0.4999999999999998,-0.9749279121818236,-0.2225209339563146,-2.4492935982947064e-16,1.0,0.5,0.125,0.0416666666666666,7.075,14.0,100.0,96.0,4.575,6.587834,0.075,5.15,22.255555580000003,31.5,31.5,31.466666666666665,31.05,32.0,-10.568666696666668,-0.1833333433333344,0.1720000000000006,11.609333333333332,11.823333333333332,22.36296298777778,11.549777777777775,6.30588,6.3026233,6.1849766,6.1804085,6.3012576,0,0.0,0,1.0,-0.13,5.4,94.6
2022-12-31 08:30:00,156.100700005562,108.173728411112,108.189838949998,22.255555580000003,11.823333333333332,32.0,2,5.1764362714980825,70.66250196097344,8,5,12,0.8660254037844387,-0.4999999999999998,-0.9749279121818236,-0.2225209339563146,-2.4492935982947064e-16,1.0,1.0,0.375,0.125,7.65,14.0,100.0,95.0,4.95,6.7596416,0.05,5.699999999999999,22.53333333,31.85,31.5,31.5,31.466666666666665,31.7,-10.43222224666667,-0.0944444499999974,0.0419999999999998,11.781333333333333,11.793333333333331,22.379629661111117,11.738,6.3012576,6.30588,6.3026233,6.1849766,6.3426394,0,0.0,1,1.0,-0.16,5.5,94.5
2022-12-31 08:45:00,78.061044033336,50.866020811112,50.8779648,22.53333333,11.793333333333331,31.7,1,5.1764362714980825,70.66250196097344,8,5,12,0.8660254037844387,-0.4999999999999998,-0.9749279121818236,-0.2225209339563146,-2.4492935982947064e-16,1.0,1.5,0.75,0.25,8.225,14.0,100.0,94.0,5.325,6.9340243,0.0249999999999999,6.25,22.40555554666667,32.0,31.85,31.5,31.5,32.15,-10.739999996666668,0.2777777499999985,-0.0299999999999993,11.823333333333332,11.92,22.379629646666668,11.799333333333337,6.3426394,6.3012576,6.30588,6.3026233,6.385636,0,0.0,1,1.0,-0.09,5.2,94.8
2022-12-31 09:00:00,70.44968206666,42.86967406111,42.882173611108,22.40555554666667,11.92,32.15,1,5.1764362714980825,70.66250196097344,9,5,12,0.7071067811865476,-0.7071067811865475,-0.9749279121818236,-0.2225209339563146,-2.4492935982947064e-16,1.0,2.0,1.25,0.4166666666666667,8.8,14.0,100.0,93.0,5.7,7.1109385,0.0,6.8,22.20000001,31.7,32.0,31.85,31.5,32.5,-10.485555546666667,-0.1277777833333324,0.1266666666666669,11.793333333333331,12.03,22.398148152222223,11.845555555555556,6.385636,6.3426394,6.3012576,6.30588,6.379286,0,0.0,0,1.0,-0.12,5.3,94.7
2022-12-31 09:15:00,127.823497988888,87.376782572222,87.39178202222,22.20000001,12.03,32.5,2,5.1764362714980825,70.66250196097344,9,5,12,0.7071067811865476,-0.7071067811865475,-0.9749279121818236,-0.2225209339563146,-2.4492935982947064e-16,1.0,13.5,4.5,1.5416666666666667,8.75,14.275,100.0,92.0,5.925,7.208063,0.0,7.175,22.34259258,32.15,31.7,32.0,31.85,32.5,-10.17000001,-0.2055555366666688,0.1099999999999994,11.92,12.144666666666666,22.379629628888893,11.914444444444449,6.379286,6.385636,6.3426394,6.3012576,6.4318323,0,0.0,1,1.0,-0.17,5.6,94.4
2022-12-31 09:30:00,123.819213683334,80.29151039444601,80.3059543,22.34259258,12.144666666666666,32.5,2,5.1764362714980825,70.66250196097344,9,5,12,0.7071067811865476,-0.7071067811865475,-0.9749279121818236,-0.2225209339563146,-2.4492935982947064e-16,1.0,25.0,10.5,3.625,8.7,14.55,100.0,91.0,6.15,7.305101,0.0,7.550000000000001,22.37222223,32.5,32.15,31.7,32.0,32.9,-10.197925913333332,0.1425925699999979,0.1146666666666664,12.03,12.382666666666667,22.31604937888889,12.031555555555556,6.4318323,6.379286,6.385636,6.3426394,6.522094,0,0.0,0,1.0,-0.13,5.4,94.6
2022-12-31 09:45:00,58.664320033332,15.928529483334,15.936306988888,22.37222223,12.382666666666667,32.9,1,5.1764362714980825,70.66250196097344,9,5,12,0.7071067811865476,-0.7071067811865475,-0.9749279121818236,-0.2225209339563146,-2.4492935982947064e-16,1.0,36.5,19.25,6.666666666666667,8.65,14.825,100.0,90.0,6.375,7.4020004,0.0,7.925000000000001,22.15185184,32.5,32.5,32.15,31.7,33.46666666666667,-9.989555563333331,0.0296296500000003,0.2380000000000013,12.144666666666666,12.598666666666666,22.30493827333333,12.185777777777778,6.522094,6.4318323,6.379286,6.385636,6.5508447,0,0.0,1,1.0,-0.12,5.3,94.7
2022-12-31 10:00:00,112.168846350002,71.489640283334,71.502139833332,22.15185184,12.598666666666666,33.46666666666667,2,5.1764362714980825,70.66250196097344,10,5,12,0.4999999999999999,-0.8660254037844387,-0.9749279121818236,-0.2225209339563146,-2.4492935982947064e-16,1.0,48.0,30.75,10.666666666666666,8.6,15.1,100.0,89.0,6.6,7.4987,0.0,8.3,22.22222224,32.9,32.5,32.5,32.15,33.45,-9.553185173333333,-0.2203703899999993,0.2159999999999993,12.382666666666667,12.839333333333334,22.28888888333333,12.375333333333336,6.5508447,6.522094,6.4318323,6.379286,6.57416,0,0.0,1,1.0,-0.17,5.6,94.4
2022-12-31 10:15:00,147.59881797778,120.284910627778,120.303798788888,22.22222224,12.839333333333334,33.45,2,5.1764362714980825,70.66250196097344,10,5,12,0.4999999999999999,-0.8660254037844387,-0.9749279121818236,-0.2225209339563146,-2.4492935982947064e-16,1.0,65.25,43.6875,16.104166666666668,8.8,15.825,100.0,88.25,6.925,7.6656876,0.025,8.775,22.496296306666668,33.46666666666667,32.9,32.5,32.5,33.21666666666667,-9.382888906666668,0.0703704000000016,0.2406666666666677,12.598666666666666,13.027333333333331,22.24876543666667,12.60688888888889,6.57416,6.5508447,6.522094,6.4318323,6.6319795,0,0.0,0,1.0,-0.15,5.5,94.5
2022-12-31 10:30:00,31.44429776111,0.0,0.0,22.496296306666668,13.027333333333331,33.21666666666667,0,5.1764362714980825,70.66250196097344,10,5,12,0.4999999999999999,-0.8660254037844387,-0.9749279121818236,-0.2225209339563146,-2.4492935982947064e-16,1.0,82.5,58.0625,22.979166666666668,9.0,16.55,100.0,87.5,7.25,7.834904,0.05,9.25,22.25000001,33.45,33.46666666666667,32.9,32.5,33.85,-9.468962973333335,0.2740740666666674,0.1879999999999988,12.839333333333334,13.142,22.290123462222223,12.82177777777778,6.6319795,6.57416,6.5508447,6.522094,6.6634183,1,1.0,1,0.75,-0.09,5.2,94.8
2022-12-31 10:45:00,128.544024633336,78.777404344444,78.790181633332,22.25000001,13.142,33.85,2,5.1764362714980825,70.66250196097344,10,5,12,0.4999999999999999,-0.8660254037844387,-0.9749279121818236,-0.2225209339563146,-2.4492935982947064e-16,1.0,99.75,73.875,31.291666666666668,9.2,17.275,100.0,86.75,7.575,8.006327,0.075,9.725,22.24814817333333,33.21666666666667,33.45,33.46666666666667,32.9,34.0,-9.10800001,-0.2462962966666673,0.1146666666666664,13.027333333333331,13.216,22.32283951888889,13.00288888888889,6.6634183,6.6319795,6.57416,6.5508447,6.6922326,0,1.0,1,0.75,-0.14,5.4,94.6
2022-12-31 11:00:00,138.491404572222,95.1228616,95.138972138886,22.24814817333333,13.216,34.0,2,5.1764362714980825,70.66250196097344,11,5,12,0.258819045102521,-0.9659258262890682,-0.9749279121818236,-0.2225209339563146,-2.4492935982947064e-16,1.0,117.0,91.125,41.04166666666666,9.4,18.0,100.0,86.0,7.9,8.179933,0.1,10.2,22.45,33.85,33.21666666666667,33.45,33.46666666666667,34.05,-9.032148173333333,-0.0018518366666668,0.0740000000000016,13.142,13.382666666666667,22.33148149666667,13.128444444444446,6.6922326,6.6634183,6.6319795,6.57416,6.780307,0,1.0,0,0.75,-0.14,5.4,94.6
2022-12-31 11:15:00,56.308025322224,21.545804783334,21.554137833332,22.45,13.382666666666667,34.05,1,5.1764362714980825,70.66250196097344,11,5,12,0.258819045102521,-0.9659258262890682,-0.9749279121818236,-0.2225209339563146,-2.4492935982947064e-16,1.0,117.0,104.0625,50.75,9.85,18.725,100.0,85.75,8.05,8.260015,0.075,10.4,22.26296294,34.0,33.85,33.21666666666667,33.45,34.46666666666667,-9.067333333333332,0.2018518266666653,0.166666666666666,13.216,13.46,22.31604939444445,13.24688888888889,6.780307,6.6922326,6.6634183,6.6319795,6.789871,0,1.0,1,0.75,-0.1,5.2,94.8
2022-12-31 11:30:00,98.836046499996,59.358458949998,59.370958499996,22.26296294,13.46,34.46666666666667,1,5.1764362714980825,70.66250196097344,11,5,12,0.258819045102521,-0.9659258262890682,-0.9749279121818236,-0.2225209339563146,-2.4492935982947064e-16,1.0,117.0,112.6875,60.41666666666666,10.3,19.45,100.0,85.5,8.2,8.34064,0.05,10.6,22.21666665,34.05,34.0,33.85,33.21666666666667,34.45,-8.80296294,-0.1870370599999979,0.0773333333333337,13.382666666666667,13.336666666666668,22.32037037111111,13.35288888888889,6.789871,6.780307,6.6922326,6.6634183,6.768532,0,0.0,0,1.0,-0.14,5.4,94.6
2022-12-31 11:45:00,136.533982888888,108.740650183334,108.758982833332,22.21666665,13.336666666666668,34.45,2,5.1764362714980825,70.66250196097344,11,5,12,0.258819045102521,-0.9659258262890682,-0.9749279121818236,-0.2225209339563146,-2.4492935982947064e-16,1.0,117.0,117.0,70.04166666666667,10.75,20.175,100.0,85.25,8.35,8.421806,0.0249999999999999,10.8,22.48148148,34.46666666666667,34.05,34.0,33.85,34.21666666666667,-8.879999983333333,-0.0462962900000007,-0.123333333333333,13.46,13.3,22.30987653,13.393111111111113,6.768532,6.789871,6.780307,6.6922326,6.8258286,0,0.0,1,1.0,-0.15,5.5,94.5
2022-12-31 12:00:00,55.39806182222,25.721193311112,25.72952636111,22.48148148,13.3,34.21666666666667,1,5.1764362714980825,70.66250196097344,12,5,12,1.2246467991473532e-16,-1.0,-0.9749279121818236,-0.2225209339563146,-2.4492935982947064e-16,1.0,117.0,117.0,79.625,11.2,20.9,100.0,85.0,8.5,8.503515,0.0,11.0,22.33333335,34.45,34.46666666666667,34.05,34.0,34.85,-9.18148148,0.2648148299999988,-0.036666666666667,13.336666666666668,13.374,22.32037035666667,13.365555555555558,6.8258286,6.768532,6.789871,6.780307,6.893231,0,0.0,1,1.0,-0.09,5.2,94.8
2022-12-31 12:15:00,114.26959561667,59.031527527778,59.042916005554,22.33333335,13.374,34.85,1,5.1764362714980825,70.66250196097344,12,5,12,1.2246467991473532e-16,-1.0,-0.9749279121818236,-0.2225209339563146,-2.4492935982947064e-16,1.0,106.75,114.4375,87.39583333333333,11.275,21.075,100.0,86.0,8.6,8.54958,0.325,10.9,22.255555580000003,34.21666666666667,34.45,34.46666666666667,34.05,35.0,-8.95933335,-0.1481481299999991,0.0739999999999998,13.3,13.424666666666669,22.34382716,13.336888888888891,6.893231,6.8258286,6.768532,6.789871,6.892,0,0.0,0,1.0,-0.12,5.3,94.7
2022-12-31 12:30:00,151.948643911116,109.339237355556,109.357847794442,22.255555580000003,13.424666666666669,35.0,2,5.1764362714980825,70.66250196097344,12,5,12,1.2246467991473532e-16,-1.0,-0.9749279121818236,-0.2225209339563146,-2.4492935982947064e-16,1.0,96.5,109.3125,93.35416666666669,11.35,21.25,100.0,87.0,8.7,8.594687,0.65,10.8,22.52222222,34.85,34.21666666666667,34.45,34.46666666666667,35.05,-8.830888913333336,-0.0777777699999973,0.0506666666666664,13.374,13.528,22.35679013666667,13.366222222222223,6.892,6.893231,6.8258286,6.768532,7.0084467,0,0.0,1,1.0,-0.14,5.4,94.6
2022-12-31 12:45:00,47.34810608333,20.176415144444,20.185025966664,22.52222222,13.528,35.05,1,5.1764362714980825,70.66250196097344,12,5,12,1.2246467991473532e-16,-1.0,-0.9749279121818236,-0.2225209339563146,-2.4492935982947064e-16,1.0,86.25,101.625,97.5,11.425,21.425,100.0,88.0,8.8,8.638846,0.975,10.7,22.32222224,35.0,34.85,34.21666666666667,34.45,35.65,-8.99422222,0.2666666399999968,0.1033333333333335,13.424666666666669,13.659333333333333,22.37037038333333,13.442222222222222,7.0084467,6.892,6.893231,6.8258286,7.0469646,0,0.0,1,1.0,-0.07,5.1,94.9
2022-12-31 13:00:00,92.406859194442,53.315922827778,53.327866849998,22.32222224,13.659333333333333,35.65,1,5.1764362714980825,70.66250196097344,13,5,12,-0.2588190451025208,-0.9659258262890684,-0.9749279121818236,-0.2225209339563146,-2.4492935982947064e-16,1.0,76.0,91.375,99.83333333333331,11.5,21.6,100.0,89.0,8.9,8.682068,1.3,10.6,22.23888889,35.05,35.0,34.85,34.21666666666667,35.65,-8.662888906666666,-0.1999999800000012,0.1313333333333322,13.528,13.84,22.36666668,13.537333333333336,7.0469646,7.0084467,6.892,6.893231,7.013266,0,0.0,0,1.0,-0.12,5.3,94.7
2022-12-31 13:15:00,136.57564783889,108.5331585,108.55176892222,22.23888889,13.84,35.65,2,5.1764362714980825,70.66250196097344,13,5,12,-0.2588190451025208,-0.9659258262890684,-0.9749279121818236,-0.2225209339563146,-2.4492935982947064e-16,1.0,79.0,84.4375,100.97916666666669,11.425,21.05,100.0,88.5,8.95,8.701638,1.0,10.725,22.4925926,35.65,35.05,35.0,34.85,35.5,-8.398888889999998,-0.0833333500000002,0.1806666666666672,13.659333333333333,13.886,22.361111116666667,13.67577777777778,7.013266,7.0469646,7.0084467,6.892,7.0863576,0,0.0,1,1.0,-0.14,5.4,94.6
2022-12-31 13:30:00,45.277077911104,0.0,0.0,22.4925926,13.886,35.5,0,5.1764362714980825,70.66250196097344,13,5,12,-0.2588190451025208,-0.9659258262890684,-0.9749279121818236,-0.2225209339563146,-2.4492935982947064e-16,1.0,82.0,80.8125,100.9375,11.35,20.5,100.0,88.0,9.0,8.720904,0.7000000000000001,10.85,22.24444445,35.65,35.65,35.05,35.0,35.85,-8.6065926,0.2537037100000034,0.0460000000000011,13.84,13.832666666666666,22.351234576666663,13.795111111111112,7.0863576,7.013266,7.0469646,7.0084467,7.054864,1,1.0,1,0.75,-0.08,5.1,94.9
2022-12-31 13:45:00,117.609739805558,62.974703177776,62.986091638886,22.24444445,13.832666666666666,35.85,1,5.1764362714980825,70.66250196097344,13,5,12,-0.2588190451025208,-0.9659258262890684,-0.9749279121818236,-0.2225209339563146,-2.4492935982947064e-16,1.0,85.0,80.5,99.70833333333331,11.275,19.95,100.0,87.5,9.05,8.73986,0.4,10.975,22.17592593,35.5,35.65,35.65,35.05,36.0,-8.411777783333333,-0.2481481500000022,-0.0533333333333345,13.886,13.74,22.325308646666667,13.85288888888889,7.054864,7.0863576,7.013266,7.0469646,7.0565004,0,1.0,1,0.75,-0.13,5.4,94.6
2022-12-31 14:00:00,112.08551648333,78.378531416666,78.39436418333,22.17592593,13.74,36.0,2,5.1764362714980825,70.66250196097344,14,5,12,-0.4999999999999997,-0.8660254037844388,-0.9749279121818236,-0.2225209339563146,-2.4492935982947064e-16,1.0,88.0,83.5,97.29166666666669,11.2,19.4,100.0,87.0,9.1,8.758502,0.1,11.1,22.35000001,35.85,35.5,35.65,35.65,36.05,-8.435925930000002,-0.0685185199999978,-0.0926666666666662,13.832666666666666,13.612,22.30432099333333,13.819555555555558,7.0565004,7.054864,7.0863576,7.013266,7.1374245,0,1.0,1,0.75,-0.15,5.5,94.5
2022-12-31 14:15:00,70.67050656666,43.4549284,43.465761349998,22.35000001,13.612,36.05,1,5.1764362714980825,70.66250196097344,14,5,12,-0.4999999999999997,-0.8660254037844388,-0.9749279121818236,-0.2225209339563146,-2.4492935982947064e-16,1.0,92.5,86.875,95.25,11.45,20.3,100.0,87.0,9.275,8.869218,0.075,11.3,22.25555553333333,36.0,35.85,35.5,35.65,36.65,-8.738000009999999,0.1740740799999969,-0.1280000000000001,13.74,13.306666666666668,22.25679013,13.728222222222223,7.1374245,7.0565004,7.054864,7.0863576,7.2169094,0,1.0,1,0.75,-0.11,5.2,94.8
2022-12-31 14:30:00,66.43150946666,27.056417716666,27.066417416662,22.25555553333333,13.306666666666668,36.65,1,5.1764362714980825,70.66250196097344,14,5,12,-0.4999999999999997,-0.8660254037844388,-0.9749279121818236,-0.2225209339563146,-2.4492935982947064e-16,1.0,97.0,90.625,93.58333333333331,11.7,21.2,100.0,87.0,9.45,8.98115,0.05,11.5,22.08888891,36.05,36.0,35.85,35.5,36.95,-8.948888866666666,-0.0944444766666663,-0.3053333333333334,13.612,13.091333333333331,22.26049382444444,13.552888888888887,7.2169094,7.1374245,7.0565004,7.054864,7.2064996,0,0.0,0,1.0,-0.13,5.3,94.7
2022-12-31 14:45:00,121.872624883334,89.42308958333399,89.43975561666599,22.08888891,13.091333333333331,36.95,2,5.1764362714980825,70.66250196097344,14,5,12,-0.4999999999999997,-0.8660254037844388,-0.9749279121818236,-0.2225209339563146,-2.4492935982947064e-16,1.0,101.5,94.75,92.29166666666669,11.95,22.1,100.0,87.0,9.625,9.094311,0.0249999999999999,11.7,22.25185183,36.65,36.05,36.0,35.85,36.53333333333333,-8.997555576666665,-0.1666666233333344,-0.2153333333333336,13.306666666666668,12.928,22.231481484444444,13.336666666666668,7.2064996,7.2169094,7.1374245,7.0565004,7.1924014,0,0.0,1,1.0,-0.16,5.5,94.5
2022-12-31 15:00:00,122.371216005558,79.100446955556,79.114057544444,22.25185183,12.928,36.53333333333333,2,5.1764362714980825,70.66250196097344,15,5,12,-0.7071067811865471,-0.7071067811865479,-0.9749279121818236,-0.2225209339563146,-2.4492935982947064e-16,1.0,106.0,99.25,91.375,12.2,23.0,100.0,87.0,9.8,9.208712,0.0,11.9,22.31111108,36.95,36.65,36.05,36.0,36.9,-9.32385183,0.1629629200000018,-0.163333333333334,13.091333333333331,12.803333333333336,22.19876542444445,13.108666666666666,7.1924014,7.2064996,7.2169094,7.1374245,7.2893953,0,0.0,0,1.0,-0.13,5.3,94.7
2022-12-31 15:15:00,56.355801494434,0.0,0.0,22.31111108,12.803333333333336,36.9,0,5.1764362714980825,70.66250196097344,15,5,12,-0.7071067811865471,-0.7071067811865479,-0.9749279121818236,-0.2225209339563146,-2.4492935982947064e-16,1.0,90.75,98.8125,90.04166666666667,11.225,22.925,100.0,90.0,9.75,9.203881,0.075,11.35,22.06481479,36.53333333333333,36.95,36.65,36.05,37.65,-9.507777746666664,0.0592592500000002,-0.1246666666666644,12.928,12.451333333333334,22.21728394,12.94088888888889,7.2893953,7.1924014,7.2064996,7.2169094,7.3328447,1,1.0,1,0.75,-0.11,5.3,94.7
2022-12-31 15:30:00,101.010959466664,73.21179362777801,73.227626377776,22.06481479,12.451333333333334,37.65,2,5.1764362714980825,70.66250196097344,15,5,12,-0.7071067811865471,-0.7071067811865479,-0.9749279121818236,-0.2225209339563146,-2.4492935982947064e-16,1.0,75.5,93.4375,88.29166666666667,10.25,22.85,100.0,93.0,9.7,9.187426,0.15,10.8,22.12222223,36.9,36.53333333333333,36.95,36.65,37.6,-9.613481456666666,-0.24629629,-0.3520000000000003,12.803333333333336,12.287333333333333,22.209259233333334,12.72755555555556,7.3328447,7.2893953,7.1924014,7.2064996,7.3473654,0,1.0,1,0.75,-0.16,5.6,94.4
2022-12-31 15:45:00,127.750723133332,100.619030594446,100.63625213889,22.12222223,12.287333333333333,37.6,2,5.1764362714980825,70.66250196097344,15,5,12,-0.7071067811865471,-0.7071067811865479,-0.9749279121818236,-0.2225209339563146,-2.4492935982947064e-16,1.0,60.25,83.125,86.125,9.275,22.775,100.0,96.0,9.65,9.160038,0.225,10.25,22.374074086666667,37.65,36.9,36.53333333333333,36.95,37.4,-9.834888896666666,0.0574074399999986,-0.1640000000000014,12.451333333333334,11.944666666666668,22.166049366666662,12.514,7.3473654,7.3328447,7.2893953,7.1924014,7.414962,0,1.0,0,0.75,-0.15,5.5,94.5
2022-12-31 16:00:00,55.80860098333,16.582114455556,16.590169766663998,22.374074086666667,11.944666666666668,37.4,1,5.1764362714980825,70.66250196097344,16,5,12,-0.8660254037844385,-0.5000000000000004,-0.9749279121818236,-0.2225209339563146,-2.4492935982947064e-16,1.0,45.0,67.875,83.54166666666667,8.3,22.7,100.0,99.0,9.6,9.122394,0.3,9.7,22.19444444,37.6,37.65,36.9,36.53333333333333,38.3,-10.42940742,0.2518518566666685,-0.3426666666666662,12.287333333333333,11.692666666666668,22.18703703555556,12.22777777777778,7.414962,7.3473654,7.3328447,7.2893953,7.5153384,0,1.0,1,0.75,-0.09,5.2,94.8
2022-12-31 16:15:00,110.797512288892,69.179732683334,69.19278776111,22.19444444,11.692666666666668,38.3,1,5.1764362714980825,70.66250196097344,16,5,12,-0.8660254037844385,-0.5000000000000004,-0.9749279121818236,-0.2225209339563146,-2.4492935982947064e-16,1.0,36.75,54.375,80.02083333333333,9.225,23.225,100.0,99.25,9.575,9.130904,0.425,9.675,22.17222222333333,37.4,37.6,37.65,36.9,37.85,-10.50177777333333,-0.1796296466666689,-0.2519999999999989,11.944666666666668,11.657333333333332,22.23024691888889,11.97488888888889,7.5153384,7.414962,7.3473654,7.3328447,7.417544,0,0.0,0,1.0,-0.13,5.3,94.7
2022-12-31 16:30:00,127.744056766664,84.86688295555601,84.88132686111,22.17222222333333,11.657333333333332,37.85,2,5.1764362714980825,70.66250196097344,16,5,12,-0.8660254037844385,-0.5000000000000004,-0.9749279121818236,-0.2225209339563146,-2.4492935982947064e-16,1.0,28.5,42.625,75.5625,10.15,23.75,100.0,99.5,9.55,9.13936,0.55,9.65,22.35000001,38.3,37.4,37.6,37.65,37.55,-10.51488889,-0.0222222166666661,-0.0353333333333356,11.692666666666668,11.616,22.24691358333333,11.76488888888889,7.417544,7.5153384,7.414962,7.3473654,7.4344044,0,0.0,1,1.0,-0.14,5.4,94.6
2022-12-31 16:45:00,90.00667733889,47.044229272222,47.053951149998,22.35000001,11.616,37.55,1,5.1764362714980825,70.66250196097344,16,5,12,-0.8660254037844385,-0.5000000000000004,-0.9749279121818236,-0.2225209339563146,-2.4492935982947064e-16,1.0,20.25,32.625,70.16666666666667,11.075,24.275,100.0,99.75,9.525,9.147764,0.675,9.625,22.25555553333333,37.85,38.3,37.4,37.6,38.15,-10.734000009999995,0.1777777866666667,-0.0413333333333305,11.657333333333332,11.669333333333332,22.238888891111117,11.655333333333337,7.4344044,7.417544,7.5153384,7.414962,7.512281,0,0.0,1,1.0,-0.1,5.2,94.8
2022-12-31 17:00:00,52.279019988884,24.005428627778,24.013483955552,22.25555553333333,11.669333333333332,38.15,1,5.1764362714980825,70.66250196097344,17,5,12,-0.9659258262890684,-0.2588190451025206,-0.9749279121818236,-0.2225209339563146,-2.4492935982947064e-16,1.0,12.0,24.375,63.833333333333336,12.0,24.8,100.0,100.0,9.5,9.1561165,0.8,9.6,22.05,37.55,37.85,38.3,37.4,38.5,-10.5862222,-0.0944444766666663,0.053333333333331,11.616,11.776666666666667,22.25925925555556,11.647555555555556,7.512281,7.4344044,7.417544,7.5153384,7.491994,0,0.0,0,1.0,-0.12,5.3,94.7
2022-12-31 17:15:00,109.513675211096,81.9808873,81.995331188888,22.05,11.776666666666667,38.5,2,5.1764362714980825,70.66250196097344,17,5,12,-0.9659258262890684,-0.2588190451025206,-0.9749279121818236,-0.2225209339563146,-2.4492935982947064e-16,1.0,9.5,17.5625,56.91666666666666,12.35,25.075,100.0,100.0,9.475,9.1270275,0.7000000000000001,9.55,22.175925936666665,38.15,37.55,37.85,38.3,38.31666666666667,-10.273333333333332,-0.2055555333333316,0.1073333333333348,11.669333333333332,11.85,22.218518514444444,11.687333333333337,7.491994,7.512281,7.4344044,7.417544,7.510599,0,0.0,1,1.0,-0.16,5.5,94.5
2022-12-31 17:30:00,429.002005866668,78.614910844444,78.629076994442,22.175925936666665,11.85,38.31666666666667,2,5.1764362714980825,70.66250196097344,17,5,12,-0.9659258262890684,-0.2588190451025206,-0.9749279121818236,-0.2225209339563146,-2.4492935982947064e-16,1.0,7.0,12.1875,49.41666666666666,12.7,25.35,100.0,100.0,9.45,9.098019,0.6000000000000001,9.5,22.28888886,38.5,38.15,37.55,37.85,38.05,-10.325925936666666,0.1259259366666647,0.0733333333333323,11.776666666666667,11.834666666666667,22.160493823333336,11.765333333333336,7.510599,7.491994,7.512281,7.4344044,7.5069704,0,0.0,0,1.0,-0.13,5.4,94.6
2022-12-31 17:45:00,78.985173916662,34.5161193,34.525563438886,22.28888886,11.834666666666667,38.05,1,5.1764362714980825,70.66250196097344,17,5,12,-0.9659258262890684,-0.2588190451025206,-0.9749279121818236,-0.2225209339563146,-2.4492935982947064e-16,1.0,4.5,8.25,41.333333333333336,13.05,25.625,100.0,100.0,9.425,9.069088,0.5,9.45,22.148148133333333,38.31666666666667,38.5,38.15,37.55,38.65,-10.454222193333331,0.1129629233333346,-0.0153333333333325,11.85,11.796666666666663,22.171604932222223,11.820444444444446,7.5069704,7.510599,7.491994,7.512281,7.563829,0,0.0,1,1.0,-0.11,5.2,94.8
2022-12-31 18:00:00,73.222348888884,35.174148511112,35.183870422220004,22.148148133333333,11.796666666666663,38.65,1,5.1764362714980825,70.66250196097344,18,5,12,-1.0,-1.8369701987210294e-16,-0.9749279121818236,-0.2225209339563146,-2.4492935982947064e-16,1.0,2.0,5.75,32.666666666666664,13.4,25.9,100.0,100.0,9.4,9.040241,0.4,9.4,22.03333333,38.05,38.31666666666667,38.5,38.15,38.6,-10.351481466666668,-0.1407407266666673,-0.038000000000002,11.834666666666667,11.789333333333332,22.20432097666667,11.827111111111114,7.563829,7.5069704,7.510599,7.491994,7.5042415,0,0.0,0,1.0,-0.14,5.4,94.6
2022-12-31 18:15:00,148.311567233336,109.678946016666,109.694500994442,22.03333333,11.789333333333332,38.6,2,5.1764362714980825,70.66250196097344,18,5,12,-1.0,-1.8369701987210294e-16,-0.9749279121818236,-0.2225209339563146,-2.4492935982947064e-16,1.0,1.5,3.75,25.229166666666668,14.0,27.525,100.0,99.75,9.4,9.032019,0.45,9.425,22.39259259,38.65,38.05,38.31666666666667,38.5,38.03333333333333,-10.243999996666668,-0.1148148033333313,-0.0073333333333316,11.796666666666663,11.782666666666666,22.15679010777778,11.80688888888889,7.5042415,7.563829,7.5069704,7.510599,7.548559,0,0.0,1,1.0,-0.17,5.6,94.4
2022-12-31 18:30:00,79.21683128333,50.567143916666,50.577421338886,22.39259259,11.782666666666666,38.03333333333333,1,5.1764362714980825,70.66250196097344,18,5,12,-1.0,-1.8369701987210294e-16,-0.9749279121818236,-0.2225209339563146,-2.4492935982947064e-16,1.0,1.0,2.25,19.02083333333333,14.6,29.15,100.0,99.5,9.4,9.023743,0.5,9.45,22.397222215,38.6,38.65,38.05,38.31666666666667,38.35,-10.609925923333334,0.3592592599999982,-0.0066666666666677,11.789333333333332,11.874,22.191358017777777,11.789555555555555,7.548559,7.5042415,7.563829,7.5069704,7.613433,0,0.0,1,1.0,-0.08,5.1,94.9
2022-12-31 18:45:00,67.29591932221601,40.1508939,40.161171372218,22.397222215,11.874,38.35,1,5.1764362714980825,70.66250196097344,18,5,12,-1.0,-1.8369701987210294e-16,-0.9749279121818236,-0.2225209339563146,-2.4492935982947064e-16,1.0,0.5,1.25,14.041666666666666,15.2,30.775,100.0,99.25,9.4,9.015419,0.55,9.475,22.297222225,38.03333333333333,38.6,38.65,38.05,38.5,-10.523222215,0.0046296249999997,0.0913333333333348,11.782666666666666,11.862,22.274382711666664,11.815333333333331,7.613433,7.548559,7.5042415,7.563829,7.5993934,0,0.0,0,1.0,-0.08,5.1,94.9
2022-12-31 19:00:00,162.537942588892,108.185394627778,108.200116305554,22.297222225,11.862,38.5,2,5.1764362714980825,70.66250196097344,19,5,12,-0.9659258262890684,0.2588190451025203,-0.9749279121818236,-0.2225209339563146,-2.4492935982947064e-16,1.0,0.0,0.75,10.291666666666666,15.8,32.4,100.0,99.0,9.4,9.007038,0.6,9.5,22.42222223,38.35,38.03333333333333,38.6,38.65,38.2,-10.435222225,-0.0999999900000006,-0.0120000000000004,11.874,11.874,22.362345676666667,11.839555555555556,7.5993934,7.613433,7.548559,7.5042415,7.594558,0,0.0,1,1.0,-0.1,5.2,94.8
2022-12-31 19:15:00,73.779270977776,30.031020927778,30.039076205554,22.42222223,11.874,38.2,1,5.1764362714980825,70.66250196097344,19,5,12,-0.9659258262890684,0.2588190451025203,-0.9749279121818236,-0.2225209339563146,-2.4492935982947064e-16,1.0,0.0,0.375,7.229166666666667,15.675,32.125,100.0,99.25,9.45,9.044169,0.55,9.525,22.294444446666667,38.5,38.35,38.03333333333333,38.6,38.65,-10.54822223,0.1250000050000004,0.0120000000000004,11.862,11.631333333333334,22.37222222333333,11.870000000000005,7.594558,7.5993934,7.613433,7.548559,7.627784,0,0.0,1,1.0,-0.08,5.1,94.9
2022-12-31 19:30:00,79.04322706111,49.8913376,49.902726094442,22.294444446666667,11.631333333333334,38.65,1,5.1764362714980825,70.66250196097344,19,5,12,-0.9659258262890684,0.2588190451025203,-0.9749279121818236,-0.2225209339563146,-2.4492935982947064e-16,1.0,0.0,0.125,4.854166666666667,15.55,31.85,100.0,99.5,9.5,9.081392,0.5,9.55,22.17777779,38.2,38.5,38.35,38.03333333333333,38.95,-10.663111113333333,-0.1277777833333324,-0.2426666666666666,11.874,11.440666666666663,22.33796296722222,11.789111111111112,7.627784,7.594558,7.5993934,7.613433,7.635557,0,0.0,0,1.0,-0.1,5.2,94.8
2022-12-31 19:45:00,146.698020561118,107.477089611112,107.493200116666,22.17777779,11.440666666666663,38.95,2,5.1764362714980825,70.66250196097344,19,5,12,-0.9659258262890684,0.2588190451025203,-0.9749279121818236,-0.2225209339563146,-2.4492935982947064e-16,1.0,0.0,0.0,3.1666666666666665,15.425,31.575,100.0,99.75,9.55,9.118707,0.45,9.575,22.46666666,38.65,38.2,38.5,38.35,38.53333333333333,-10.737111123333335,-0.1166666566666663,-0.1906666666666687,11.631333333333334,11.43,22.298148155555555,11.648666666666664,7.635557,7.627784,7.594558,7.5993934,7.680415,0,0.0,1,1.0,-0.13,5.3,94.7
2022-12-31 20:00:00,67.013152799996,39.279262066668,39.288428433332,22.46666666,11.43,38.53333333333333,1,5.1764362714980825,70.66250196097344,20,5,12,-0.8660254037844386,0.5000000000000001,-0.9749279121818236,-0.2225209339563146,-2.4492935982947064e-16,1.0,0.0,0.0,2.1666666666666665,15.3,31.3,100.0,100.0,9.6,9.1561165,0.4,9.6,22.34444447,38.95,38.65,38.2,38.5,38.85,-11.036666660000002,0.2888888700000009,-0.0106666666666654,11.440666666666663,11.403333333333334,22.31296296555556,11.500666666666667,7.680415,7.635557,7.627784,7.594558,7.6893306,0,0.0,1,1.0,-0.06,5.1,94.9
2022-12-31 20:15:00,83.237781555552,47.0056197,47.016174894442,22.34444447,11.403333333333334,38.85,1,5.1764362714980825,70.66250196097344,20,5,12,-0.8660254037844386,0.5000000000000001,-0.9749279121818236,-0.2225209339563146,-2.4492935982947064e-16,1.0,0.0,0.0,1.375,14.85,31.025,100.0,100.0,9.6,9.1561165,0.425,9.6,22.203703686666664,38.53333333333333,38.95,38.65,38.2,38.81666666666667,-10.941111136666663,-0.1222221900000022,-0.0266666666666655,11.43,11.472,22.329629640000004,11.424666666666669,7.6893306,7.680415,7.635557,7.627784,7.620782,0,0.0,0,1.0,-0.09,5.2,94.8
2022-12-31 20:30:00,163.44568407778002,108.096787072222,108.112342066664,22.203703686666664,11.472,38.81666666666667,2,5.1764362714980825,70.66250196097344,20,5,12,-0.8660254037844386,0.5000000000000001,-0.9749279121818236,-0.2225209339563146,-2.4492935982947064e-16,1.0,0.0,0.0,0.7916666666666666,14.4,30.75,100.0,100.0,9.6,9.1561165,0.45,9.6,22.47222224,38.85,38.53333333333333,38.95,38.65,38.55,-10.731703686666664,-0.1407407833333351,0.0686666666666653,11.403333333333334,11.664,22.33827160555556,11.435111111111112,7.620782,7.6893306,7.680415,7.635557,7.686188,0,0.0,1,1.0,-0.12,5.3,94.7
2022-12-31 20:45:00,62.27806436111,26.177286183334,26.185619266664,22.47222224,11.664,38.55,1,5.1764362714980825,70.66250196097344,20,5,12,-0.8660254037844386,0.5000000000000001,-0.9749279121818236,-0.2225209339563146,-2.4492935982947064e-16,1.0,0.0,0.0,0.4166666666666667,13.95,30.475,100.0,100.0,9.6,9.1561165,0.475,9.6,22.298148153333333,38.81666666666667,38.85,38.53333333333333,38.95,39.15,-10.80822224,0.2685185533333367,0.1920000000000001,11.472,11.916666666666666,22.340123465555557,11.513111111111114,7.686188,7.620782,7.6893306,7.680415,7.728106,0,0.0,1,1.0,-0.06,5.1,94.9
2022-12-31 21:00:00,89.07949242777,61.84863703889,61.860858833332,22.298148153333333,11.916666666666666,39.15,1,5.1764362714980825,70.66250196097344,21,5,12,-0.7071067811865477,0.7071067811865474,-0.9749279121818236,-0.2225209339563146,-2.4492935982947064e-16,1.0,0.0,0.0,0.25,13.5,30.2,100.0,100.0,9.6,9.1561165,0.5,9.6,22.21111109,38.55,38.81666666666667,38.85,38.53333333333333,39.1,-10.381481486666669,-0.1740740866666676,0.2526666666666664,11.664,11.98,22.32469136,11.684222222222225,7.728106,7.686188,7.620782,7.6893306,7.6796813,0,0.0,0,1.0,-0.1,5.2,94.8
2022-12-31 21:15:00,147.001897488888,107.417092011112,107.433758077776,22.21111109,11.98,39.1,2,5.1764362714980825,70.66250196097344,21,5,12,-0.7071067811865477,0.7071067811865474,-0.9749279121818236,-0.2225209339563146,-2.4492935982947064e-16,1.0,0.0,0.0,0.125,13.5,29.675,100.0,100.0,9.575,9.141561,0.55,9.575,22.429629586666668,39.15,38.55,38.81666666666667,38.85,38.71666666666667,-10.23111109,-0.0870370633333337,0.0633333333333325,11.916666666666666,11.891333333333334,22.32716049444445,11.853555555555555,7.6796813,7.728106,7.686188,7.620782,7.7005544,0,0.0,1,1.0,-0.12,5.3,94.7
2022-12-31 21:30:00,43.662698055548,13.590567455556,13.597789449998,22.429629586666668,11.891333333333334,38.71666666666667,1,5.1764362714980825,70.66250196097344,21,5,12,-0.7071067811865477,0.7071067811865474,-0.9749279121818236,-0.2225209339563146,-2.4492935982947064e-16,1.0,0.0,0.0,0.0416666666666666,13.5,29.15,100.0,100.0,9.55,9.1270275,0.6,9.55,22.25000001,39.1,39.15,38.55,38.81666666666667,39.3,-10.538296253333334,0.2185184966666682,-0.0886666666666649,11.98,11.816666666666666,22.31296294333333,11.929333333333332,7.7005544,7.6796813,7.728106,7.686188,7.736258,0,0.0,1,1.0,-0.07,5.1,94.9
2022-12-31 21:45:00,122.883973311112,79.416267688888,79.42960052222,22.25000001,11.816666666666666,39.3,2,5.1764362714980825,70.66250196097344,21,5,12,-0.7071067811865477,0.7071067811865474,-0.9749279121818236,-0.2225209339563146,-2.4492935982947064e-16,1.0,0.0,0.0,0.0,13.5,28.625,100.0,100.0,9.525,9.112514,0.6499999999999999,9.525,22.26851852333333,38.71666666666667,39.1,39.15,38.55,38.85,-10.433333343333334,-0.1796295766666666,-0.0746666666666673,11.891333333333334,11.771333333333333,22.296913562222223,11.896,7.736258,7.7005544,7.6796813,7.728106,7.6558256,0,0.0,1,1.0,-0.11,5.2,94.8
2022-12-31 22:00:00,151.524494344444,97.31555163889,97.329162244444,22.26851852333333,11.771333333333333,38.85,2,5.1764362714980825,70.66250196097344,22,5,12,-0.5000000000000004,0.8660254037844384,-0.9749279121818236,-0.2225209339563146,-2.4492935982947064e-16,1.0,0.0,0.0,0.0,13.5,28.1,100.0,100.0,9.5,9.098019,0.7,9.5,22.45555554,39.3,38.71666666666667,39.1,39.15,38.9,-10.49718519,0.0185185133333334,-0.0453333333333336,11.816666666666666,11.674,22.31604937333333,11.826444444444446,7.6558256,7.736258,7.7005544,7.6796813,7.74855,0,0.0,0,1.0,-0.11,5.2,94.8
2022-12-31 22:15:00,31.710953961102003,0.0,0.0,22.45555554,11.674,38.9,0,5.1764362714980825,70.66250196097344,22,5,12,-0.5000000000000004,0.8660254037844384,-0.9749279121818236,-0.2225209339563146,-2.4492935982947064e-16,1.0,0.0,0.0,0.0,13.35,27.925,100.0,100.0,9.325,8.997118,0.575,9.325,22.19999998333333,38.85,39.3,38.71666666666667,39.1,39.46666666666667,-10.781555539999998,0.1870370166666646,-0.0973333333333315,11.771333333333333,11.558666666666666,22.32469135777778,11.754,7.74855,7.6558256,7.736258,7.7005544,7.7467437,1,1.0,1,0.75,-0.06,5.1,94.9
2022-12-31 22:30:00,121.607357694446,94.2395636,94.25567412222,22.19999998333333,11.558666666666666,39.46666666666667,2,5.1764362714980825,70.66250196097344,22,5,12,-0.5000000000000004,0.8660254037844384,-0.9749279121818236,-0.2225209339563146,-2.4492935982947064e-16,1.0,0.0,0.0,0.0,13.2,27.75,100.0,100.0,9.15,8.897197,0.4499999999999999,9.15,22.32222223,38.9,38.85,39.3,38.71666666666667,39.1,-10.64133331666667,-0.2555555566666641,-0.1153333333333357,11.674,11.427333333333332,22.308024682222225,11.668,7.7467437,7.74855,7.6558256,7.736258,7.728928,0,1.0,1,0.75,-0.12,5.3,94.7
2022-12-31 22:45:00,132.111104244444,92.4113034,92.42574732222,22.32222223,11.427333333333332,39.1,2,5.1764362714980825,70.66250196097344,22,5,12,-0.5000000000000004,0.8660254037844384,-0.9749279121818236,-0.2225209339563146,-2.4492935982947064e-16,1.0,0.0,0.0,0.0,13.05,27.575,100.0,100.0,8.975000000000001,8.798244,0.325,8.975000000000001,22.483333363333333,39.46666666666667,38.9,38.85,39.3,38.71666666666667,-10.894888896666668,0.1222222466666664,-0.1313333333333322,11.558666666666666,11.254666666666669,22.32592591777778,11.553333333333336,7.728928,7.7467437,7.74855,7.6558256,7.7243485,0,1.0,0,0.75,-0.09,5.2,94.8
2022-12-31 23:00:00,43.607700255548,0.0,0.0,22.483333363333333,11.254666666666669,38.71666666666667,0,5.1764362714980825,70.66250196097344,23,5,12,-0.2588190451025215,0.965925826289068,-0.9749279121818236,-0.2225209339563146,-2.4492935982947064e-16,1.0,0.0,0.0,0.0,12.9,27.4,100.0,100.0,8.8,8.700253,0.2,8.8,22.20555555,39.1,39.46666666666667,38.9,38.85,39.3,-11.228666696666666,0.1611111333333319,-0.1726666666666663,11.427333333333332,11.053333333333336,22.335185192222223,11.413555555555556,7.7243485,7.728928,7.7467437,7.74855,7.7164946,1,2.0,1,0.5,-0.06,5.1,94.9
2022-12-31 23:15:00,130.76004722222,87.712602488888,87.725657533332,22.20555555,11.053333333333336,39.3,2,5.1764362714980825,70.66250196097344,23,5,12,-0.2588190451025215,0.965925826289068,-0.9749279121818236,-0.2225209339563146,-2.4492935982947064e-16,1.0,0.0,0.0,0.0,13.425,28.55,100.0,100.0,8.775,8.686332,0.2,8.775,22.25555553,38.71666666666667,39.1,39.46666666666667,38.9,38.85,-11.152222216666663,-0.2777778133333335,-0.2013333333333324,11.254666666666669,10.741333333333332,22.33703704777778,11.245111111111113,7.7164946,7.7243485,7.728928,7.7467437,7.6501193,0,1.0,1,0.75,-0.12,5.3,94.7
2022-12-31 23:30:00,127.642949594446,82.279208666668,82.291985955556,22.25555553,10.741333333333332,38.85,2,5.1764362714980825,70.66250196097344,23,5,12,-0.2588190451025215,0.965925826289068,-0.9749279121818236,-0.2225209339563146,-2.4492935982947064e-16,1.0,0.0,0.0,0.0,13.95,29.7,100.0,100.0,8.75,8.672432,0.2,8.75,22.39999996,39.3,38.71666666666667,39.1,39.46666666666667,38.5,-11.514222196666664,0.049999979999999,-0.3120000000000011,11.053333333333336,10.523333333333332,22.314814814444446,11.016444444444446,7.6501193,7.7164946,7.7243485,7.728928,7.644432,0,1.0,0,0.75,-0.11,5.3,94.7
2022-12-31 23:45:00,66.28679300555,38.9692745,38.979274149998,22.39999996,10.523333333333332,38.5,1,5.1764362714980825,70.66250196097344,23,5,12,-0.2588190451025215,0.965925826289068,-0.9749279121818236,-0.2225209339563146,-2.4492935982947064e-16,1.0,0.0,0.0,0.0,14.475,30.85,100.0,100.0,8.725,8.658548,0.2,8.725,22.23888888333333,38.85,39.3,38.71666666666667,39.1,38.68333333333333,-11.876666626666664,0.14444443,-0.2179999999999999,10.741333333333332,10.343333333333334,22.28703701333333,10.772666666666668,7.644432,7.6501193,7.7164946,7.7243485,7.61,0,1.0,1,0.75,-0.08,5.1,94.9
2023-01-01 00:00:00,71.516583855548,44.323782511112,44.334059949998,22.23888888333333,10.343333333333334,38.68333333333333,1,5.1764362714980825,70.66250196097344,0,6,1,0.0,1.0,-0.7818314824680299,0.6234898018587334,0.4999999999999999,0.8660254037844387,0.0,0.0,0.0,15.0,32.0,100.0,100.0,8.7,8.644687,0.2,8.7,22.11111112,38.5,38.85,39.3,38.71666666666667,38.95,-11.89555555,-0.1611110766666641,-0.1799999999999997,10.523333333333332,10.152666666666669,22.29814812444445,10.536,7.61,7.644432,7.6501193,7.7164946,7.606298,0,0.0,0,1.0,-0.12,5.3,94.7
2023-01-01 00:15:00,138.561679511112,93.031000811112,93.045444716666,22.11111112,10.152666666666669,38.95,2,5.1764362714980825,70.66250196097344,0,6,1,0.0,1.0,-0.7818314824680299,0.6234898018587334,0.4999999999999999,0.8660254037844387,0.0,0.0,0.0,15.25,32.275,100.0,99.25,8.524999999999999,8.538691,0.15,8.625,22.30740742333333,38.68333333333333,38.5,38.85,39.3,38.35,-11.95844445333333,-0.1277777633333379,-0.1906666666666669,10.343333333333334,10.0,22.24999998777778,10.339777777777778,7.606298,7.61,7.644432,7.6501193,7.574221,0,0.0,1,1.0,-0.14,5.4,94.6
2023-01-01 00:30:00,106.970165455556,63.589956283334,63.602178094442,22.30740742333333,10.0,38.35,1,5.1764362714980825,70.66250196097344,0,6,1,0.0,1.0,-0.7818314824680299,0.6234898018587334,0.4999999999999999,0.8660254037844387,0.0,0.0,0.0,15.5,32.55,100.0,98.5,8.35,8.43349,0.1,8.55,22.28333335,38.95,38.68333333333333,38.5,38.85,38.05,-12.307407423333334,0.1962963033333373,-0.1526666666666667,10.152666666666669,9.740666666666668,22.21913580888889,10.165333333333336,7.574221,7.606298,7.61,7.644432,7.504571,0,0.0,1,1.0,-0.1,5.2,94.8
2023-01-01 00:45:00,49.347748444436,10.428471711112,10.434027138886002,22.28333335,9.740666666666668,38.05,1,5.1764362714980825,70.66250196097344,0,6,1,0.0,1.0,-0.7818314824680299,0.6234898018587334,0.4999999999999999,0.8660254037844387,0.0,0.0,0.0,15.75,32.825,100.0,97.75,8.175,8.329075,0.0499999999999999,8.475,22.038888906666667,38.35,38.95,38.68333333333333,38.5,38.28333333333333,-12.542666683333332,-0.0240740733333346,-0.2593333333333323,10.0,9.434,22.23395063111111,9.964444444444446,7.504571,7.574221,7.606298,7.61,7.4450636,0,0.0,0,1.0,-0.11,5.2,94.8
2023-01-01 01:00:00,159.54611781667,119.720488755556,119.73743256111,22.038888906666667,9.434,38.28333333333333,2,5.1764362714980825,70.66250196097344,1,6,1,0.2588190451025207,0.9659258262890684,-0.7818314824680299,0.6234898018587334,0.4999999999999999,0.8660254037844387,0.0,0.0,0.0,16.0,33.1,100.0,97.0,8.0,8.225447,0.0,8.4,22.30000002,38.05,38.35,38.95,38.68333333333333,37.6,-12.604888906666668,-0.2444444433333323,-0.3066666666666684,9.740666666666668,9.128000000000002,22.20987656,9.72488888888889,7.4450636,7.504571,7.574221,7.606298,7.422932,0,0.0,1,1.0,-0.17,5.6,94.4
2023-01-01 01:15:00,104.08916951667,76.780817511112,76.79331706111,22.30000002,9.128000000000002,37.6,2,5.1764362714980825,70.66250196097344,1,6,1,0.2588190451025207,0.9659258262890684,-0.7818314824680299,0.6234898018587334,0.4999999999999999,0.8660254037844387,0.0,0.0,0.0,15.625,32.925,100.0,97.25,7.825,8.141258,0.0,8.2,22.39074073333333,38.28333333333333,38.05,38.35,38.95,37.03333333333333,-13.17200002,0.2611111133333352,-0.3059999999999974,9.434,8.916666666666666,22.20740742555556,9.434222222222225,7.422932,7.4450636,7.504571,7.574221,7.3493023,0,0.0,0,1.0,-0.11,5.2,94.8
2023-01-01 01:30:00,57.877407177772,30.627663744444,30.636274566664,22.39074073333333,8.916666666666666,37.03333333333333,1,5.1764362714980825,70.66250196097344,1,6,1,0.2588190451025207,0.9659258262890684,-0.7818314824680299,0.6234898018587334,0.4999999999999999,0.8660254037844387,0.0,0.0,0.0,15.25,32.75,100.0,97.5,7.65,8.05771,0.0,8.0,22.161111100000003,37.6,38.28333333333333,38.05,38.35,37.3,-13.474074066666669,0.0907407133333322,-0.2113333333333358,9.128000000000002,8.671333333333333,22.243209886666666,9.159555555555556,7.3493023,7.422932,7.4450636,7.504571,7.305086,0,0.0,1,1.0,-0.09,5.2,94.8
2023-01-01 01:45:00,158.457272522224,103.937509,103.95223066111,22.161111100000003,8.671333333333333,37.3,2,5.1764362714980825,70.66250196097344,1,6,1,0.2588190451025207,0.9659258262890684,-0.7818314824680299,0.6234898018587334,0.4999999999999999,0.8660254037844387,0.0,0.0,0.0,14.875,32.575,100.0,97.75,7.475,7.9747987,0.0,7.8,22.32777777333333,37.03333333333333,37.6,38.28333333333333,38.05,36.85,-13.48977776666667,-0.2296296333333316,-0.2453333333333329,8.916666666666666,8.342,22.28395061777778,8.905333333333337,7.305086,7.3493023,7.422932,7.4450636,7.286497,0,0.0,1,1.0,-0.14,5.4,94.6
2023-01-01 02:00:00,139.88301553889,96.801961083334,96.816127216666,22.32777777333333,8.342,36.85,2,5.1764362714980825,70.66250196097344,2,6,1,0.4999999999999999,0.8660254037844387,-0.7818314824680299,0.6234898018587334,0.4999999999999999,0.8660254037844387,0.0,0.0,0.0,14.5,32.4,100.0,98.0,7.3,7.89252,0.0,7.6,22.41666663,37.3,37.03333333333333,37.6,38.28333333333333,36.2,-13.98577777333333,0.1666666733333279,-0.3293333333333326,8.671333333333333,7.385333333333333,22.29320986888889,8.643333333333334,7.286497,7.305086,7.3493023,7.422932,7.1946397,0,0.0,0,1.0,-0.11,5.2,94.8
2023-01-01 02:15:00,37.120459855544,0.0,0.0,22.41666663,7.385333333333333,36.2,0,5.1764362714980825,70.66250196097344,2,6,1,0.4999999999999999,0.8660254037844387,-0.7818314824680299,0.6234898018587334,0.4999999999999999,0.8660254037844387,0.0,0.0,0.0,14.75,32.4,100.0,98.25,7.175,7.823535,0.0,7.425,22.164814826666667,36.85,37.3,37.03333333333333,37.6,36.46666666666667,-15.031333296666668,0.0888888566666707,-0.956666666666667,8.342,6.574,22.30185183444445,8.13288888888889,7.1946397,7.286497,7.305086,7.3493023,7.1434,1,1.0,1,0.75,-0.09,5.2,94.8
2023-01-01 02:30:00,156.55012656111398,116.70227613889,116.718942188888,22.164814826666667,6.574,36.46666666666667,2,5.1764362714980825,70.66250196097344,2,6,1,0.4999999999999999,0.8660254037844387,-0.7818314824680299,0.6234898018587334,0.4999999999999999,0.8660254037844387,0.0,0.0,0.0,15.0,32.4,100.0,98.5,7.05,7.754974,0.0,7.25,22.28888887,36.2,36.85,37.3,37.03333333333333,35.75,-15.590814826666668,-0.2518518033333343,-0.8113333333333337,7.385333333333333,6.066,22.30308641,7.43377777777778,7.1434,7.1946397,7.286497,7.305086,7.053198,0,1.0,1,0.75,-0.15,5.5,94.5
2023-01-01 02:45:00,148.15268463889402,120.902385944444,120.91988526111,22.28888887,6.066,35.75,2,5.1764362714980825,70.66250196097344,2,6,1,0.4999999999999999,0.8660254037844387,-0.7818314824680299,0.6234898018587334,0.4999999999999999,0.8660254037844387,0.0,0.0,0.0,15.25,32.4,100.0,98.75,6.925,7.6868396,0.0,7.075,22.500000006666667,36.46666666666667,36.2,36.85,37.3,34.85,-16.222888870000002,0.1240740433333336,-0.508,6.574,5.611999999999999,22.290123442222225,6.675111111111112,7.053198,7.1434,7.1946397,7.286497,6.959568,0,1.0,0,0.75,-0.12,5.3,94.7
2023-01-01 03:00:00,40.634763661102,0.0,0.0,22.500000006666667,5.611999999999999,34.85,0,5.1764362714980825,70.66250196097344,3,6,1,0.7071067811865476,0.7071067811865476,-0.7818314824680299,0.6234898018587334,0.4999999999999999,0.8660254037844387,0.0,0.0,0.0,15.5,32.4,100.0,99.0,6.8,7.619132,0.0,6.9,22.22777776,35.75,36.46666666666667,36.2,36.85,34.5,-16.88800000666667,0.2111111366666662,-0.4540000000000006,6.066,5.316,22.31790123444445,6.0840000000000005,6.959568,7.053198,7.1434,7.1946397,6.782693,1,2.0,1,0.5,-0.08,5.1,94.9
2023-01-01 03:15:00,177.14374738333,121.266260272222,121.28292632222,22.22777776,5.316,34.5,2,5.1764362714980825,70.66250196097344,3,6,1,0.7071067811865476,0.7071067811865476,-0.7818314824680299,0.6234898018587334,0.4999999999999999,0.8660254037844387,0.0,0.0,0.0,15.7,32.75,100.0,98.75,6.575,7.5015736,0.0,6.7,22.34814816,34.85,35.75,36.46666666666667,36.2,34.31666666666667,-16.91177776,-0.2722222466666686,-0.2959999999999994,5.611999999999999,5.197333333333334,22.33888887888889,5.664666666666668,6.782693,6.959568,7.053198,7.1434,6.7935247,0,1.0,1,0.75,-0.15,5.4,94.6
2023-01-01 03:30:00,159.00308395556,122.370105016666,122.389270949998,22.34814816,5.197333333333334,34.31666666666667,2,5.1764362714980825,70.66250196097344,3,6,1,0.7071067811865476,0.7071067811865476,-0.7818314824680299,0.6234898018587334,0.4999999999999999,0.8660254037844387,0.0,0.0,0.0,15.9,33.099999999999994,100.0,98.5,6.35,7.3856254,0.0,6.5,22.54999999,34.5,34.85,35.75,36.46666666666667,33.6,-17.150814826666668,0.1203704000000023,-0.118666666666666,5.316,5.02,22.35864197555556,5.375111111111113,6.7935247,6.782693,6.959568,7.053198,6.7292333,0,1.0,0,0.75,-0.12,5.3,94.7
2023-01-01 03:45:00,49.16914440555,21.690521211112,21.699132033332,22.54999999,5.02,33.6,1,5.1764362714980825,70.66250196097344,3,6,1,0.7071067811865476,0.7071067811865476,-0.7818314824680299,0.6234898018587334,0.4999999999999999,0.8660254037844387,0.0,0.0,0.0,16.1,33.45,100.0,98.25,6.125,7.2712636,0.0,6.3,22.270370346666667,34.31666666666667,34.5,34.85,35.75,33.21666666666667,-17.52999999,0.2018518299999989,-0.1773333333333342,5.197333333333334,4.88,22.37530863666667,5.177777777777779,6.7292333,6.7935247,6.782693,6.959568,6.5464144,0,1.0,1,0.75,-0.08,5.1,94.9
2023-01-01 04:00:00,138.227803983334,98.561335188888,98.576056899996,22.270370346666667,4.88,33.21666666666667,2,5.1764362714980825,70.66250196097344,4,6,1,0.8660254037844386,0.5000000000000001,-0.7818314824680299,0.6234898018587334,0.4999999999999999,0.8660254037844387,0.0,0.0,0.0,16.3,33.8,100.0,98.0,5.9,7.1584725,0.0,6.1,22.2388889,33.6,34.31666666666667,34.5,34.85,33.45,-17.390370346666668,-0.2796296433333332,-0.1399999999999996,5.02,4.769333333333334,22.38950616555556,5.032444444444445,6.5464144,6.7292333,6.7935247,6.782693,6.5804696,0,0.0,1,1.0,-0.14,5.4,94.6
2023-01-01 04:15:00,133.388275355556,105.064130550002,105.081629916666,22.2388889,4.769333333333334,33.45,2,5.1764362714980825,70.66250196097344,4,6,1,0.8660254037844386,0.5000000000000001,-0.7818314824680299,0.6234898018587334,0.4999999999999999,0.8660254037844387,0.0,0.0,0.0,16.7,34.625,100.0,97.75,5.5,6.9781976,0.0,5.75,22.381481493333336,33.21666666666667,33.6,34.31666666666667,34.5,33.03333333333333,-17.469555566666664,-0.0314814466666675,-0.110666666666666,4.88,4.6786666666666665,22.353086412222225,4.88977777777778,6.5804696,6.5464144,6.7292333,6.7935247,6.5520115,0,0.0,0,1.0,-0.15,5.5,94.5
2023-01-01 04:30:00,132.337484005558,88.683952516666,88.69839642222,22.381481493333336,4.6786666666666665,33.03333333333333,2,5.1764362714980825,70.66250196097344,4,6,1,0.8660254037844386,0.5000000000000001,-0.7818314824680299,0.6234898018587334,0.4999999999999999,0.8660254037844387,0.0,0.0,0.0,17.1,35.45,100.0,97.5,5.1,6.8019643,0.0,5.4,22.3888889,33.45,33.21666666666667,33.6,34.31666666666667,32.65,-17.702814826666668,0.1425925933333367,-0.0906666666666673,4.769333333333334,4.586666666666667,22.296913580000005,4.776000000000001,6.5520115,6.5804696,6.5464144,6.7292333,6.4787383,0,0.0,0,1.0,-0.12,5.3,94.7
2023-01-01 04:45:00,139.94079089445,84.762164911112,84.773831094446,22.3888889,4.586666666666667,32.65,2,5.1764362714980825,70.66250196097344,4,6,1,0.8660254037844386,0.5000000000000001,-0.7818314824680299,0.6234898018587334,0.4999999999999999,0.8660254037844387,0.0,0.0,0.0,17.5,36.275,100.0,97.25,4.7,6.629695,0.0,5.05,22.36851851333333,33.03333333333333,33.45,33.21666666666667,33.6,32.5,-17.802222233333335,0.0074074066666653,-0.0919999999999996,4.6786666666666665,4.512,22.336419764444447,4.678222222222224,6.4787383,6.5520115,6.5804696,6.5464144,6.441426,0,0.0,0,1.0,-0.12,5.3,94.7
2023-01-01 05:00:00,116.872547194442,87.91120566111,87.925371777776,22.36851851333333,4.512,32.5,2,5.1764362714980825,70.66250196097344,5,6,1,0.9659258262890684,0.2588190451025207,-0.7818314824680299,0.6234898018587334,0.4999999999999999,0.8660254037844387,0.0,0.0,0.0,17.9,37.1,100.0,97.0,4.3,6.4613137,0.0,4.7,22.32222219,32.65,33.03333333333333,33.45,33.21666666666667,32.1,-17.856518513333334,-0.0203703866666664,-0.0746666666666673,4.586666666666667,4.3806666666666665,22.37962963555556,4.592444444444446,6.441426,6.4787383,6.5520115,6.5804696,6.345233,0,0.0,0,1.0,-0.13,5.3,94.7
2023-01-01 05:15:00,68.380042588884,41.121688350002,41.133354616666,22.32222219,4.3806666666666665,32.1,1,5.1764362714980825,70.66250196097344,5,6,1,0.9659258262890684,0.2588190451025207,-0.7818314824680299,0.6234898018587334,0.4999999999999999,0.8660254037844387,0.0,0.0,0.0,17.95,37.725,100.0,96.5,3.95,6.322318,0.0,4.45,22.148148133333333,32.5,32.65,33.03333333333333,33.45,31.716666666666665,-17.94155552333333,-0.0462963233333368,-0.131333333333333,4.512,4.319999999999999,22.35987653444444,4.493111111111112,6.345233,6.441426,6.4787383,6.5520115,6.2069716,0,0.0,1,1.0,-0.14,5.4,94.6
2023-01-01 05:30:00,110.420305211112,71.192707711112,71.204096205554,22.148148133333333,4.319999999999999,31.716666666666665,2,5.1764362714980825,70.66250196097344,5,6,1,0.9659258262890684,0.2588190451025207,-0.7818314824680299,0.6234898018587334,0.4999999999999999,0.8660254037844387,0.0,0.0,0.0,18.0,38.35,100.0,96.0,3.6,6.1859345,0.0,4.2,22.09444444,32.1,32.5,32.65,33.03333333333333,31.65,-17.828148133333332,-0.1740740566666652,-0.060666666666667,4.3806666666666665,4.276,22.279629612222223,4.404222222222223,6.2069716,6.345233,6.441426,6.4787383,6.174796,0,0.0,1,1.0,-0.18,5.7,94.3
2023-01-01 05:45:00,150.868409505554,112.839375127778,112.85659672222,22.09444444,4.276,31.65,2,5.1764362714980825,70.66250196097344,5,6,1,0.9659258262890684,0.2588190451025207,-0.7818314824680299,0.6234898018587334,0.4999999999999999,0.8660254037844387,0.0,0.0,0.0,18.05,38.975,100.0,95.5,3.25,6.0521193,0.0,3.95,22.287037036666668,31.716666666666665,32.1,32.5,32.65,31.316666666666663,-17.81844444,-0.0537036933333325,-0.0439999999999995,4.319999999999999,4.26,22.188271587777777,4.325555555555557,6.174796,6.2069716,6.345233,6.441426,6.1778774,0,0.0,0,1.0,-0.2,5.8,94.2
2023-01-01 06:00:00,143.994517705558,100.93651796111,100.953184011108,22.287037036666668,4.26,31.316666666666663,2,5.1764362714980825,70.66250196097344,6,6,1,1.0,6.123233995736766e-17,-0.7818314824680299,0.6234898018587334,0.4999999999999999,0.8660254037844387,0.0,0.0,0.0,18.1,39.6,100.0,95.0,2.9,5.9208317,0.0,3.7,22.37222222,31.65,31.716666666666665,32.1,32.5,31.0,-18.02703703666667,0.1925925966666675,-0.016,4.276,4.22,22.17654320333333,4.285333333333335,6.1778774,6.174796,6.2069716,6.345233,6.1454377,0,0.0,0,1.0,-0.15,5.5,94.5
2023-01-01 06:15:00,142.310418455556,95.96255026111,95.97643862222,22.37222222,4.22,31.0,2,5.1764362714980825,70.66250196097344,6,6,1,1.0,6.123233995736766e-17,-0.7818314824680299,0.6234898018587334,0.4999999999999999,0.8660254037844387,0.0,0.0,0.0,17.650000000000002,39.325,95.75,94.25,2.65,5.81549,0.0,3.5500000000000003,22.3888889,31.316666666666663,31.65,31.716666666666665,32.1,30.816666666666663,-18.15222222,0.0851851833333334,-0.04,4.26,4.264,22.251234565555556,4.252000000000002,6.1454377,6.1778774,6.174796,6.2069716,6.1149497,0,0.0,0,1.0,-0.13,5.4,94.6
2023-01-01 06:30:00,124.393635288884,96.397532827778,96.413921138886,22.3888889,4.264,30.816666666666663,2,5.1764362714980825,70.66250196097344,6,6,1,1.0,6.123233995736766e-17,-0.7818314824680299,0.6234898018587334,0.4999999999999999,0.8660254037844387,0.0,0.0,0.0,17.200000000000003,39.05,91.5,93.5,2.4,5.711587,0.0,3.4000000000000004,22.37777779,31.0,31.316666666666663,31.65,31.716666666666665,30.45,-18.1248889,0.0166666800000001,0.0440000000000004,4.22,4.306666666666668,22.34938271888889,4.248000000000001,6.1149497,6.1454377,6.1778774,6.174796,6.0383334,0,0.0,0,1.0,-0.13,5.4,94.6
2023-01-01 06:45:00,73.233737316662,46.021214644444,46.03315868333,22.37777779,4.306666666666668,30.45,1,5.1764362714980825,70.66250196097344,6,6,1,1.0,6.123233995736766e-17,-0.7818314824680299,0.6234898018587334,0.4999999999999999,0.8660254037844387,0.0,0.0,0.0,16.75,38.775,87.25,92.75,2.15,5.60911,0.0,3.25,22.183333346666664,30.816666666666663,31.0,31.316666666666663,31.65,30.216666666666665,-18.07111112333333,-0.0111111100000016,0.0426666666666673,4.264,4.33,22.379629636666667,4.263555555555556,6.0383334,6.1149497,6.1454377,6.1778774,5.925413,0,0.0,1,1.0,-0.14,5.4,94.6
2023-01-01 07:00:00,104.25777402222,62.325284672222,62.337506499996,22.183333346666664,4.33,30.216666666666665,1,5.1764362714980825,70.66250196097344,7,6,1,0.9659258262890684,-0.2588190451025206,-0.7818314824680299,0.6234898018587334,0.4999999999999999,0.8660254037844387,0.0,0.0,0.0,16.3,38.5,83.0,92.0,1.9,5.5080414,0.0,3.1,22.02222222,30.45,30.816666666666663,31.0,31.316666666666663,30.5,-17.853333346666666,-0.1944444433333352,0.0233333333333325,4.306666666666668,4.3340000000000005,22.31666667888889,4.300222222222224,5.925413,6.0383334,6.1149497,6.1454377,5.9257226,0,0.0,0,1.0,-0.18,5.7,94.3
2023-01-01 07:15:00,518.060943333336,118.87496706111,118.893299694442,22.02222222,4.3340000000000005,30.5,2,5.1764362714980825,70.66250196097344,7,6,1,0.9659258262890684,-0.2588190451025206,-0.7818314824680299,0.6234898018587334,0.4999999999999999,0.8660254037844387,0.0,0.0,0.0,15.65,37.325,87.25,91.75,1.65,5.4106474,0.0,2.875,22.26851851,30.216666666666665,30.45,30.816666666666663,31.0,30.316666666666663,-17.68822222,-0.1611111266666647,0.0040000000000004,4.33,4.346,22.194444452222225,4.323555555555557,5.9257226,5.925413,6.0383334,6.1149497,5.9742384,0,0.0,1,1.0,-0.22,6.0,94.0
2023-01-01 07:30:00,164.451477311108,122.730368405554,122.747589999996,22.26851851,4.346,30.316666666666663,2,5.1764362714980825,70.66250196097344,7,6,1,0.9659258262890684,-0.2588190451025206,-0.7818314824680299,0.6234898018587334,0.4999999999999999,0.8660254037844387,0.0,0.0,0.0,15.0,36.15,91.5,91.5,1.4,5.3147845,0.0,2.65,22.39444442,30.5,30.216666666666665,30.45,30.816666666666663,29.65,-17.92251851,0.24629629,0.0119999999999995,4.3340000000000005,4.3340000000000005,22.158024692222224,4.336666666666669,5.9742384,5.9257226,5.925413,6.0383334,5.8853254,0,0.0,0,1.0,-0.16,5.6,94.4
2023-01-01 07:45:00,51.656822744436,12.753934272222,12.760322966664,22.39444442,4.3340000000000005,29.65,1,5.1764362714980825,70.66250196097344,7,6,1,0.9659258262890684,-0.2588190451025206,-0.7818314824680299,0.6234898018587334,0.4999999999999999,0.8660254037844387,0.0,0.0,0.0,14.35,34.974999999999994,95.75,91.25,1.15,5.2204323,0.0,2.4250000000000003,22.11296297,30.316666666666663,30.5,30.216666666666665,30.45,29.683333333333334,-18.06044442,0.1259259099999994,-0.0119999999999995,4.346,4.330666666666668,22.22839505,4.338000000000001,5.8853254,5.9742384,5.9257226,5.925413,5.797287,0,0.0,1,1.0,-0.14,5.4,94.6
2023-01-01 08:00:00,147.316051572222,118.831635427778,118.851079133332,22.11296297,4.330666666666668,29.683333333333334,2,5.1764362714980825,70.66250196097344,8,6,1,0.8660254037844387,-0.4999999999999998,-0.7818314824680299,0.6234898018587334,0.4999999999999999,0.8660254037844387,0.0,0.0,0.0,13.7,33.8,100.0,91.0,0.9,5.1275687,0.0,2.2,22.17777778,29.65,30.316666666666663,30.5,30.216666666666665,29.95,-17.782296303333332,-0.2814814499999976,-0.0033333333333329,4.3340000000000005,4.389333333333334,22.25864196666667,4.336888888888891,5.797287,5.8853254,5.9742384,5.9257226,5.8712435,0,0.0,1,1.0,-0.2,5.9,94.1
2023-01-01 08:15:00,131.10336673889,103.840290655556,103.857512216666,22.17777778,4.389333333333334,29.95,2,5.1764362714980825,70.66250196097344,8,6,1,0.8660254037844387,-0.4999999999999998,-0.7818314824680299,0.6234898018587334,0.4999999999999999,0.8660254037844387,0.5,0.125,0.0416666666666666,13.425,32.275,100.0,90.25,0.8,5.0939145,0.0,2.225,22.294444443333337,29.683333333333334,29.65,30.316666666666663,30.5,29.53333333333333,-17.788444446666666,0.0648148099999978,0.0586666666666664,4.330666666666668,4.426666666666667,22.22839505666667,4.351333333333336,5.8712435,5.797287,5.8853254,5.9742384,5.8285604,0,0.0,0,1.0,-0.19,5.7,94.3
2023-01-01 08:30:00,147.841308244448,97.774699972222,97.78969942222,22.294444443333337,4.426666666666667,29.53333333333333,2,5.1764362714980825,70.66250196097344,8,6,1,0.8660254037844387,-0.4999999999999998,-0.7818314824680299,0.6234898018587334,0.4999999999999999,0.8660254037844387,1.0,0.375,0.125,13.15,30.75,100.0,89.5,0.7,5.060129,0.0,2.25,22.36666666,29.95,29.683333333333334,29.65,30.316666666666663,29.45,-17.86777777666667,0.116666663333337,0.0373333333333327,4.389333333333334,4.426666666666667,22.195061731111117,4.382222222222224,5.8285604,5.8712435,5.797287,5.8853254,5.8363013,0,0.0,0,1.0,-0.16,5.5,94.5
2023-01-01 08:45:00,129.744254472222,85.146038472222,85.161037955552,22.36666666,4.426666666666667,29.45,2,5.1764362714980825,70.66250196097344,8,6,1,0.8660254037844387,-0.4999999999999998,-0.7818314824680299,0.6234898018587334,0.4999999999999999,0.8660254037844387,1.5,0.75,0.25,12.875,29.225,100.0,88.75,0.6,5.026214,0.0,2.275,22.23518518333333,29.53333333333333,29.95,29.683333333333334,29.65,29.03333333333333,-17.939999993333334,0.0722222166666632,0.0,4.426666666666667,4.54,22.27962962777778,4.414222222222223,5.8363013,5.8285604,5.8712435,5.797287,5.7103796,0,0.0,0,1.0,-0.15,5.4,94.6
2023-01-01 09:00:00,70.006921894442,36.642700883334,36.652700549998,22.23518518333333,4.54,29.03333333333333,1,5.1764362714980825,70.66250196097344,9,6,1,0.7071067811865476,-0.7071067811865475,-0.7818314824680299,0.6234898018587334,0.4999999999999999,0.8660254037844387,2.0,1.25,0.4166666666666667,12.6,27.7,100.0,88.0,0.5,4.992168,0.0,2.3,22.033333350000003,29.45,29.53333333333333,29.95,29.683333333333334,29.35,-17.695185183333333,-0.1314814766666678,0.1133333333333332,4.426666666666667,4.624,22.298765428888892,4.464444444444446,5.7103796,5.8363013,5.8285604,5.8712435,5.705946,0,0.0,1,1.0,-0.18,5.7,94.3
2023-01-01 09:15:00,154.78436387778,116.645333983334,116.663388827778,22.033333350000003,4.624,29.35,2,5.1764362714980825,70.66250196097344,9,6,1,0.7071067811865476,-0.7071067811865475,-0.7818314824680299,0.6234898018587334,0.4999999999999999,0.8660254037844387,10.5,3.75,1.2916666666666667,12.325,27.7,99.5,86.5,0.45,4.973796,0.0,2.5,22.175925936666665,29.03333333333333,29.45,29.53333333333333,29.95,29.5,-17.409333350000004,-0.201851833333329,0.0839999999999996,4.54,4.711333333333333,22.21172839777778,4.530222222222224,5.705946,5.7103796,5.8363013,5.8285604,5.7824097,0,0.0,1,1.0,-0.22,6.0,94.0
2023-01-01 09:30:00,123.607833372218,94.726488522224,94.742876783334,22.175925936666665,4.711333333333333,29.5,2,5.1764362714980825,70.66250196097344,9,6,1,0.7071067811865476,-0.7071067811865475,-0.7818314824680299,0.6234898018587334,0.4999999999999999,0.8660254037844387,19.0,8.25,2.875,12.05,27.7,99.0,85.0,0.4,4.9538903,0.0,2.7,22.26666667,29.35,29.03333333333333,29.45,29.53333333333333,29.45,-17.464592603333333,0.1425925866666624,0.0873333333333334,4.624,4.8100000000000005,22.148148156666668,4.625111111111113,5.7824097,5.705946,5.7103796,5.8363013,5.8028336,0,0.0,0,1.0,-0.19,5.7,94.3
2023-01-01 09:45:00,133.658264555556,102.339795111112,102.356738949998,22.26666667,4.8100000000000005,29.45,2,5.1764362714980825,70.66250196097344,9,6,1,0.7071067811865476,-0.7071067811865475,-0.7818314824680299,0.6234898018587334,0.4999999999999999,0.8660254037844387,27.500000000000004,14.75,5.166666666666667,11.775,27.7,98.5,83.5,0.35,4.9324164,0.0,2.9,22.3296296,29.5,29.35,29.03333333333333,29.45,29.03333333333333,-17.456666669999997,0.0907407333333338,0.0986666666666673,4.711333333333333,4.906666666666666,22.15864198555556,4.715111111111113,5.8028336,5.7824097,5.705946,5.7103796,5.7414894,0,0.0,0,1.0,-0.17,5.6,94.4
2023-01-01 10:00:00,141.963210111112,87.7389903,87.753989749998,22.3296296,4.906666666666666,29.03333333333333,2,5.1764362714980825,70.66250196097344,10,6,1,0.4999999999999999,-0.8660254037844387,-0.7818314824680299,0.6234898018587334,0.4999999999999999,0.8660254037844387,36.0,23.25,8.166666666666666,11.5,27.7,98.0,82.0,0.3,4.909341,0.0,3.1,22.32777775,29.45,29.5,29.35,29.03333333333333,29.0,-17.42296293333333,0.0629629299999976,0.0966666666666657,4.8100000000000005,4.976,22.257407402222224,4.809333333333335,5.7414894,5.8028336,5.7824097,5.705946,5.734286,0,0.0,0,1.0,-0.16,5.5,94.5
2023-01-01 10:15:00,119.332170905558,77.301352272222,77.314407333332,22.32777775,4.976,29.0,2,5.1764362714980825,70.66250196097344,10,6,1,0.4999999999999999,-0.8660254037844387,-0.7818314824680299,0.6234898018587334,0.4999999999999999,0.8660254037844387,50.75,33.3125,12.395833333333334,11.325,27.075,98.5,81.0,0.3,4.9067388,0.0,3.275,22.17962964,29.03333333333333,29.45,29.5,29.35,29.0,-17.35177775,-0.0018518499999977,0.0693333333333336,4.906666666666666,4.984,22.308024673333332,4.897555555555557,5.734286,5.7414894,5.8028336,5.7824097,5.6856155,0,0.0,0,1.0,-0.16,5.5,94.5
2023-01-01 10:30:00,50.59714286666,23.353510272222,23.362398866664,22.17962964,4.984,29.0,1,5.1764362714980825,70.66250196097344,10,6,1,0.4999999999999999,-0.8660254037844387,-0.7818314824680299,0.6234898018587334,0.4999999999999999,0.8660254037844387,65.5,44.9375,17.854166666666668,11.15,26.45,99.0,80.0,0.3,4.9033055,0.0,3.45,21.89999998,29.0,29.03333333333333,29.45,29.5,29.35,-17.19562964,-0.148148110000001,0.008,4.976,4.988,22.27901233,4.955555555555557,5.6856155,5.734286,5.7414894,5.8028336,5.6622434,0,0.0,1,1.0,-0.19,5.8,94.2
2023-01-01 10:45:00,145.934995766664,107.745412227778,107.762356066664,21.89999998,4.988,29.35,2,5.1764362714980825,70.66250196097344,10,6,1,0.4999999999999999,-0.8660254037844387,-0.7818314824680299,0.6234898018587334,0.4999999999999999,0.8660254037844387,80.25,58.125,24.541666666666668,10.975,25.825,99.5,79.0,0.3,4.899027,0.0,3.625,22.02962962333333,29.0,29.0,29.03333333333333,29.45,29.5,-16.91199998,-0.2796296599999976,0.0040000000000004,4.984,5.152666666666666,22.135802456666667,4.982666666666668,5.6622434,5.6856155,5.734286,5.7414894,5.733884,0,0.0,1,1.0,-0.26,6.4,93.6
2023-01-01 11:00:00,133.97908510555402,104.9199697,104.937469049998,22.02962962333333,5.152666666666666,29.5,2,5.1764362714980825,70.66250196097344,11,6,1,0.258819045102521,-0.9659258262890682,-0.7818314824680299,0.6234898018587334,0.4999999999999999,0.8660254037844387,95.0,72.875,32.458333333333336,10.8,25.2,100.0,78.0,0.3,4.8938828,0.0,3.8,22.22777779,29.35,29.0,29.0,29.03333333333333,29.15,-16.87696295666667,0.1296296433333346,0.1646666666666654,4.988,5.285333333333333,22.03641974777778,5.041555555555557,5.733884,5.6622434,5.6856155,5.734286,5.730884,0,0.0,0,1.0,-0.22,6.0,94.0
2023-01-01 11:15:00,137.31700701667,96.968065555556,96.985287149998,22.22777779,5.285333333333333,29.15,2,5.1764362714980825,70.66250196097344,11,6,1,0.258819045102521,-0.9659258262890682,-0.7818314824680299,0.6234898018587334,0.4999999999999999,0.8660254037844387,89.5,82.5625,39.875,11.625,26.55,100.0,77.75,0.325,4.8945,0.0,3.85,22.29814815,29.5,29.35,29.0,29.0,29.0,-16.942444456666667,0.198148166666666,0.1326666666666671,5.152666666666666,5.477333333333333,22.052469131111117,5.142,5.730884,5.733884,5.6622434,5.6856155,5.7245226,0,0.0,0,1.0,-0.18,5.7,94.3
2023-01-01 11:30:00,143.892855155556,90.142505272222,90.15611586111,22.29814815,5.477333333333333,29.0,2,5.1764362714980825,70.66250196097344,11,6,1,0.258819045102521,-0.9659258262890682,-0.7818314824680299,0.6234898018587334,0.4999999999999999,0.8660254037844387,84.0,87.1875,46.79166666666666,12.45,27.9,100.0,77.5,0.35,4.89506,0.0,3.9,22.27777778,29.15,29.5,29.35,29.0,28.95,-16.820814816666665,0.0703703599999983,0.1920000000000001,5.285333333333333,5.5600000000000005,22.18518518777778,5.305111111111112,5.7245226,5.730884,5.733884,5.6622434,5.707962,0,0.0,0,1.0,-0.16,5.6,94.4
2023-01-01 11:45:00,67.037874011108,32.929793855556,32.939793488888,22.27777778,5.5600000000000005,28.95,1,5.1764362714980825,70.66250196097344,11,6,1,0.258819045102521,-0.9659258262890682,-0.7818314824680299,0.6234898018587334,0.4999999999999999,0.8660254037844387,78.5,86.75,53.208333333333336,13.275,29.25,100.0,77.25,0.375,4.8955626,0.0,3.95,22.02037035333333,29.0,29.15,29.5,29.35,28.716666666666665,-16.71777778,-0.0203703699999984,0.0826666666666673,5.477333333333333,5.634,22.26790124,5.44088888888889,5.707962,5.7245226,5.730884,5.733884,5.5786505,0,0.0,1,1.0,-0.17,5.6,94.4
2023-01-01 12:00:00,102.17480176111,74.946724211112,74.961445888888,22.02037035333333,5.634,28.716666666666665,2,5.1764362714980825,70.66250196097344,12,6,1,1.2246467991473532e-16,-1.0,-0.7818314824680299,0.6234898018587334,0.4999999999999999,0.8660254037844387,73.0,81.25,59.125,14.1,30.6,100.0,77.0,0.4,4.896007,0.0,4.0,21.9611111,28.95,29.0,29.15,29.5,29.0,-16.38637035333333,-0.2574074266666706,0.0739999999999998,5.5600000000000005,5.63,22.198765427777776,5.557111111111112,5.5786505,5.707962,5.7245226,5.730884,5.6144767,0,0.0,1,1.0,-0.23,6.1,93.9
2023-01-01 12:15:00,142.476800516674,104.821084755556,104.837473033332,21.9611111,5.63,29.0,2,5.1764362714980825,70.66250196097344,12,6,1,1.2246467991473532e-16,-1.0,-0.7818314824680299,0.6234898018587334,0.4999999999999999,0.8660254037844387,83.25,79.6875,65.1875,13.475,30.5,100.0,76.75,0.425,4.912723,0.0,4.1,22.14444443,28.716666666666665,28.95,29.0,29.15,29.0,-16.3311111,-0.0592592533333302,-0.0040000000000004,5.634,5.772,22.08641974444444,5.608000000000001,5.6144767,5.5786505,5.707962,5.7245226,5.674108,0,0.0,0,1.0,-0.24,6.2,93.8
2023-01-01 12:30:00,133.951586272218,98.527725383334,98.544113677776,22.14444443,5.772,29.0,2,5.1764362714980825,70.66250196097344,12,6,1,1.2246467991473532e-16,-1.0,-0.7818314824680299,0.6234898018587334,0.4999999999999999,0.8660254037844387,93.5,82.0625,71.39583333333333,12.85,30.4,100.0,76.5,0.45,4.9294167,0.0,4.2,22.26111112,29.0,28.716666666666665,28.95,29.0,28.65,-16.37244443,0.1833333299999999,0.1420000000000003,5.63,5.760000000000001,22.041975294444445,5.678666666666668,5.674108,5.6144767,5.5786505,5.707962,5.6433973,0,0.0,0,1.0,-0.2,5.8,94.2
2023-01-01 12:45:00,124.251140872222,81.0025931,81.017870355552,22.26111112,5.760000000000001,28.65,2,5.1764362714980825,70.66250196097344,12,6,1,1.2246467991473532e-16,-1.0,-0.7818314824680299,0.6234898018587334,0.4999999999999999,0.8660254037844387,103.75,88.375,77.75,12.225,30.3,100.0,76.25,0.475,4.9460864,0.0,4.300000000000001,22.196296326666666,29.0,29.0,28.716666666666665,28.95,28.5,-16.501111119999997,0.1166666899999988,-0.0119999999999995,5.772,5.772,22.122222216666668,5.720666666666669,5.6433973,5.674108,5.6144767,5.5786505,5.592951,0,0.0,0,1.0,-0.18,5.6,94.4
2023-01-01 13:00:00,69.569439411108,20.883053527778,20.89110882222,22.196296326666666,5.772,28.5,1,5.1764362714980825,70.66250196097344,13,6,1,-0.2588190451025208,-0.9659258262890684,-0.7818314824680299,0.6234898018587334,0.4999999999999999,0.8660254037844387,114.0,98.625,84.25,11.6,30.2,100.0,76.0,0.5,4.962733,0.0,4.4,21.91666666,28.65,29.0,29.0,28.716666666666665,28.8,-16.424296326666664,-0.0648147933333334,0.0119999999999995,5.760000000000001,5.792666666666666,22.200617292222223,5.768000000000002,5.592951,5.6433973,5.674108,5.6144767,5.5614815,0,0.0,1,1.0,-0.19,5.8,94.2
2023-01-01 13:15:00,142.096260372222,112.314118372222,112.33217328333,21.91666666,5.792666666666666,28.8,2,5.1764362714980825,70.66250196097344,13,6,1,-0.2588190451025208,-0.9659258262890684,-0.7818314824680299,0.6234898018587334,0.4999999999999999,0.8660254037844387,116.75,107.0,89.75,11.95,30.025,100.0,75.5,0.5,4.9546914,0.0,4.4750000000000005,22.07037036,28.5,28.65,29.0,29.0,28.53333333333333,-16.12399999333333,-0.2796296666666684,0.0206666666666661,5.772,5.660666666666667,22.12469136888889,5.774888888888889,5.5614815,5.592951,5.6433973,5.674108,5.559029,0,0.0,1,1.0,-0.26,6.4,93.6
2023-01-01 13:30:00,146.784683894446,119.5577175,119.577438977776,22.07037036,5.660666666666667,28.53333333333333,2,5.1764362714980825,70.66250196097344,13,6,1,-0.2588190451025208,-0.9659258262890684,-0.7818314824680299,0.6234898018587334,0.4999999999999999,0.8660254037844387,119.5,113.5,94.25,12.3,29.85,100.0,75.0,0.5,4.946433,0.0,4.550000000000001,22.31666667,28.8,28.5,28.65,29.0,28.15,-16.409703693333334,0.1537037000000047,-0.1319999999999996,5.792666666666666,5.674,22.06111111555556,5.74177777777778,5.559029,5.5614815,5.592951,5.6433973,5.562656,0,0.0,0,1.0,-0.22,6.0,94.0
2023-01-01 13:45:00,73.633443561106,36.502428727778,36.512150655552,22.31666667,5.674,28.15,1,5.1764362714980825,70.66250196097344,13,6,1,-0.2588190451025208,-0.9659258262890684,-0.7818314824680299,0.6234898018587334,0.4999999999999999,0.8660254037844387,122.25,118.125,97.75,12.65,29.675,100.0,74.5,0.5,4.937952,0.0,4.625,22.10000000333333,28.53333333333333,28.8,28.5,28.65,28.183333333333334,-16.64266667,0.2462963099999982,0.0133333333333336,5.660666666666667,5.422,22.10123456333333,5.709111111111112,5.562656,5.559029,5.5614815,5.592951,5.500222,0,0.0,1,1.0,-0.17,5.6,94.4
2023-01-01 14:00:00,132.61663962222,87.966758972222,87.981202877776,22.10000000333333,5.422,28.183333333333334,2,5.1764362714980825,70.66250196097344,14,6,1,-0.4999999999999997,-0.8660254037844388,-0.7818314824680299,0.6234898018587334,0.4999999999999999,0.8660254037844387,125.0,120.875,100.25,13.0,29.5,100.0,74.0,0.5,4.9292493,0.0,4.7,22.033333350000003,28.15,28.53333333333333,28.8,28.5,28.5,-16.67800000333333,-0.2166666666666685,-0.2520000000000006,5.674,5.188666666666666,22.16234567777778,5.585555555555557,5.500222,5.562656,5.559029,5.5614815,5.540697,0,0.0,1,1.0,-0.22,6.0,94.0
2023-01-01 14:15:00,148.41406303334,105.526612083334,105.544389205554,22.033333350000003,5.188666666666666,28.5,2,5.1764362714980825,70.66250196097344,14,6,1,-0.4999999999999997,-0.8660254037844388,-0.7818314824680299,0.6234898018587334,0.4999999999999999,0.8660254037844387,118.0,121.1875,102.625,12.775,29.6,100.0,74.0,0.55,4.9455996,0.025,4.75,22.17962964333333,28.183333333333334,28.15,28.53333333333333,28.8,28.5,-16.844666683333337,-0.0666666533333284,-0.2333333333333334,5.422,5.1080000000000005,22.150000007777777,5.428222222222224,5.540697,5.500222,5.562656,5.559029,5.5875874,0,0.0,0,1.0,-0.23,6.1,93.9
2023-01-01 14:30:00,131.100866705562,91.396343983334,91.410787872222,22.17962964333333,5.1080000000000005,28.5,2,5.1764362714980825,70.66250196097344,14,6,1,-0.4999999999999997,-0.8660254037844388,-0.7818314824680299,0.6234898018587334,0.4999999999999999,0.8660254037844387,111.0,119.0625,104.875,12.55,29.7,100.0,74.0,0.6,4.961998,0.05,4.800000000000001,22.2222222,28.5,28.183333333333334,28.15,28.53333333333333,28.5,-17.07162964333333,0.1462962933333287,-0.0806666666666657,5.188666666666666,5.096666666666667,22.10432099888889,5.239555555555557,5.5875874,5.540697,5.500222,5.562656,5.601302,0,0.0,0,1.0,-0.2,5.8,94.2
2023-01-01 14:45:00,446.1818742777761,87.843430588888,87.858985549998,22.2222222,5.096666666666667,28.5,2,5.1764362714980825,70.66250196097344,14,6,1,-0.4999999999999997,-0.8660254037844388,-0.7818314824680299,0.6234898018587334,0.4999999999999999,0.8660254037844387,104.0,114.5,107.0,12.325,29.8,100.0,74.0,0.6499999999999999,4.9784436,0.075,4.8500000000000005,22.2222222,28.5,28.5,28.183333333333334,28.15,28.5,-17.125555533333333,0.0425925566666691,-0.0113333333333338,5.1080000000000005,5.045333333333334,22.145061731111117,5.131111111111113,5.601302,5.5875874,5.540697,5.500222,5.601302,0,0.0,0,1.0,-0.19,5.7,94.3
2023-01-01 15:00:00,502.256297794446,87.662048927778,87.67927048888801,22.2222222,5.045333333333334,28.5,2,5.1764362714980825,70.66250196097344,15,6,1,-0.7071067811865471,-0.7071067811865479,-0.7818314824680299,0.6234898018587334,0.4999999999999999,0.8660254037844387,97.0,107.5,109.0,12.1,29.9,100.0,74.0,0.7,4.9949365,0.1,4.9,22.22777776,28.5,28.5,28.5,28.183333333333334,28.5,-17.176888866666665,0.0,-0.051333333333333,5.096666666666667,4.893333333333333,22.208024681111112,5.083333333333335,5.601302,5.601302,5.5875874,5.540697,5.603094,0,0.0,0,1.0,-0.19,5.7,94.3
2023-01-01 15:15:00,131.923333988888,87.896761788888,87.91092792222,22.22777776,4.893333333333333,28.5,2,5.1764362714980825,70.66250196097344,15,6,1,-0.7071067811865471,-0.7071067811865479,-0.7818314824680299,0.6234898018587334,0.4999999999999999,0.8660254037844387,91.0,100.75,109.64583333333331,11.125,28.725,100.0,76.25,0.975,5.1044154,0.15,4.775,22.21296297,28.5,28.5,28.5,28.5,28.5,-17.334444426666664,0.0055555599999976,-0.152000000000001,5.045333333333334,4.822666666666667,22.224074053333336,5.011777777777779,5.603094,5.601302,5.601302,5.5875874,5.598319,0,0.0,0,1.0,-0.18,5.7,94.3
2023-01-01 15:30:00,62.702213994446005,15.8335333,15.840199733332,22.21296297,4.822666666666667,28.5,1,5.1764362714980825,70.66250196097344,15,6,1,-0.7071067811865471,-0.7071067811865479,-0.7818314824680299,0.6234898018587334,0.4999999999999999,0.8660254037844387,85.0,94.25,108.9375,10.15,27.55,100.0,78.5,1.25,5.2117066,0.2,4.65,21.9222222,28.5,28.5,28.5,28.5,28.85,-17.390296303333333,-0.014814789999999,-0.0706666666666659,4.893333333333333,4.741333333333333,22.22098764333333,4.9204444444444455,5.598319,5.603094,5.601302,5.601302,5.5729227,0,0.0,1,1.0,-0.19,5.7,94.3
2023-01-01 15:45:00,133.234948155556,96.476418555556,96.493084605554,21.9222222,4.741333333333333,28.85,2,5.1764362714980825,70.66250196097344,15,6,1,-0.7071067811865471,-0.7071067811865479,-0.7818314824680299,0.6234898018587334,0.4999999999999999,0.8660254037844387,79.0,88.0,106.875,9.175,26.375,100.0,80.75,1.525,5.3168344,0.25,4.525,21.966666666666665,28.5,28.5,28.5,28.5,29.0,-17.180888866666667,-0.2907407699999993,-0.0813333333333332,4.822666666666667,4.7,22.120987643333336,4.819111111111113,5.5729227,5.598319,5.603094,5.601302,5.616276,0,0.0,1,1.0,-0.25,6.3,93.7
2023-01-01 16:00:00,153.164706366672,117.181979183334,117.1994785,21.966666666666665,4.7,29.0,2,5.1764362714980825,70.66250196097344,16,6,1,-0.8660254037844385,-0.5000000000000004,-0.7818314824680299,0.6234898018587334,0.4999999999999999,0.8660254037844387,73.0,82.0,103.45833333333331,8.2,25.2,100.0,83.0,1.8,5.419826,0.3,4.4,22.24444445,28.85,28.5,28.5,28.5,28.95,-17.266666666666666,0.0444444666666647,-0.0413333333333332,4.741333333333333,4.696666666666667,22.033950612222224,4.754666666666668,5.616276,5.5729227,5.598319,5.603094,5.6970243,0,0.0,0,1.0,-0.24,6.2,93.8
2023-01-01 16:15:00,139.289428216666,108.158451272222,108.17595062222,22.24444445,4.696666666666667,28.95,2,5.1764362714980825,70.66250196097344,16,6,1,-0.8660254037844385,-0.5000000000000004,-0.7818314824680299,0.6234898018587334,0.4999999999999999,0.8660254037844387,66.75,75.9375,99.29166666666669,8.1,23.05,100.0,84.5,1.9,5.472137,0.275,4.275,22.331481470000003,29.0,28.85,28.5,28.5,28.716666666666665,-17.54777778333333,0.2777777833333346,-0.0033333333333329,4.7,4.6866666666666665,22.04444443888889,4.712666666666668,5.6970243,5.616276,5.5729227,5.598319,5.679471,0,0.0,0,1.0,-0.18,5.7,94.3
2023-01-01 16:30:00,46.073712494446,18.882577983334,18.890633277776,22.331481470000003,4.6866666666666665,28.716666666666665,1,5.1764362714980825,70.66250196097344,16,6,1,-0.8660254037844385,-0.5000000000000004,-0.7818314824680299,0.6234898018587334,0.4999999999999999,0.8660254037844387,60.5,69.8125,94.375,8.0,20.9,100.0,86.0,2.0,5.5231624,0.25,4.15,22.02777776,28.95,29.0,28.85,28.5,29.0,-17.644814803333336,0.0870370200000039,-0.0100000000000006,4.696666666666667,4.748,22.18086419555556,4.694444444444446,5.679471,5.6970243,5.616276,5.5729227,5.6360984,0,0.0,1,1.0,-0.16,5.5,94.5
2023-01-01 16:45:00,172.605595616662,120.41379433889,120.43212702222,22.02777776,4.748,29.0,2,5.1764362714980825,70.66250196097344,16,6,1,-0.8660254037844385,-0.5000000000000004,-0.7818314824680299,0.6234898018587334,0.4999999999999999,0.8660254037844387,54.25,63.625,88.70833333333333,7.899999999999999,18.75,100.0,87.5,2.1,5.57292,0.225,4.025,22.16111111,28.716666666666665,28.95,29.0,28.85,29.0,-17.279777759999998,-0.3037037100000042,0.0613333333333336,4.6866666666666665,4.772,22.201234560000003,4.7104444444444455,5.6360984,5.679471,5.6970243,5.616276,5.679557,0,0.0,1,1.0,-0.23,6.1,93.9
2023-01-01 17:00:00,145.884719927778,99.190476655556,99.205476088888,22.16111111,4.772,29.0,2,5.1764362714980825,70.66250196097344,17,6,1,-0.9659258262890684,-0.2588190451025206,-0.7818314824680299,0.6234898018587334,0.4999999999999999,0.8660254037844387,48.0,57.375,82.29166666666667,7.8,16.6,100.0,89.0,2.2,5.621424,0.2,3.9,22.2777778,29.0,28.716666666666665,28.95,29.0,29.0,-17.38911111,0.1333333500000009,0.024,4.748,4.822666666666667,22.17345678,4.735555555555557,5.679557,5.6360984,5.679471,5.6970243,5.71782,0,0.0,0,1.0,-0.2,5.8,94.2
2023-01-01 17:15:00,124.382247027766,95.659506816666,95.674228494442,22.2777778,4.822666666666667,29.0,2,5.1764362714980825,70.66250196097344,17,6,1,-0.9659258262890684,-0.2588190451025206,-0.7818314824680299,0.6234898018587334,0.4999999999999999,0.8660254037844387,37.75,50.125,75.60416666666667,7.125,16.05,100.0,89.75,2.1500000000000004,5.5936275,0.15,3.7,22.29814815,29.0,29.0,28.716666666666665,28.95,29.0,-17.455111133333332,0.1166666899999988,0.0506666666666664,4.772,4.866,22.155555556666663,4.78088888888889,5.71782,5.679557,5.6360984,5.679471,5.7245226,0,0.0,0,1.0,-0.17,5.6,94.4
2023-01-01 17:30:00,344.410667555552,96.854736772222,96.871125066664,22.29814815,4.866,29.0,2,5.1764362714980825,70.66250196097344,17,6,1,-0.9659258262890684,-0.2588190451025206,-0.7818314824680299,0.6234898018587334,0.4999999999999999,0.8660254037844387,27.5,41.875,68.64583333333333,6.449999999999999,15.5,100.0,90.5,2.1,5.5654573,0.1,3.5,22.31666664,29.0,29.0,29.0,28.716666666666665,29.0,-17.43214815,0.0203703500000003,0.043333333333333,4.822666666666667,4.848,22.24567902,4.820222222222223,5.7245226,5.71782,5.679557,5.6360984,5.730623,0,0.0,0,1.0,-0.16,5.6,94.4
2023-01-01 17:45:00,174.147200549998,41.516950372222,41.527227777776,22.31666664,4.848,29.0,1,5.1764362714980825,70.66250196097344,17,6,1,-0.9659258262890684,-0.2588190451025206,-0.7818314824680299,0.6234898018587334,0.4999999999999999,0.8660254037844387,17.25,32.625,61.41666666666666,5.775,14.95,100.0,91.25,2.05,5.5369244,0.0499999999999999,3.3,22.075925946666665,29.0,29.0,29.0,29.0,29.0,-17.468666640000002,0.0185184900000017,-0.0179999999999997,4.866,4.730666666666666,22.297530863333336,4.845555555555556,5.730623,5.7245226,5.71782,5.679557,5.6517577,0,0.0,1,1.0,-0.16,5.5,94.5
2023-01-01 18:00:00,104.665535561106,68.509481744444,68.522536855552,22.075925946666665,4.730666666666666,29.0,1,5.1764362714980825,70.66250196097344,18,6,1,-1.0,-1.8369701987210294e-16,-0.7818314824680299,0.6234898018587334,0.4999999999999999,0.8660254037844387,7.0,22.375,53.91666666666666,5.1,14.4,100.0,92.0,2.0,5.5080414,0.0,3.1,21.94999998,29.0,29.0,29.0,29.0,29.3,-17.34525928,-0.2407406933333362,-0.1173333333333337,4.848,4.576,22.230246912222224,4.81488888888889,5.6517577,5.730623,5.7245226,5.71782,5.668923,0,0.0,0,1.0,-0.22,6.0,94.0
2023-01-01 18:15:00,166.598058077776,115.553433227778,115.569543733332,21.94999998,4.576,29.3,2,5.1764362714980825,70.66250196097344,18,6,1,-1.0,-1.8369701987210294e-16,-0.7818314824680299,0.6234898018587334,0.4999999999999999,0.8660254037844387,5.25,14.25,46.770833333333336,5.225,13.15,100.0,93.0,1.825,5.456757,0.0,2.8,22.23333335333333,29.0,29.0,29.0,29.0,29.03333333333333,-17.373999979999997,-0.1259259666666672,-0.1546666666666665,4.730666666666666,4.536666666666666,22.114197522222224,4.718222222222223,5.668923,5.6517577,5.730623,5.7245226,5.709772,0,0.0,1,1.0,-0.24,6.2,93.8
2023-01-01 18:30:00,164.720910949998,124.461965755556,124.479187333332,22.23333335333333,4.536666666666666,29.03333333333333,2,5.1764362714980825,70.66250196097344,18,6,1,-1.0,-1.8369701987210294e-16,-0.7818314824680299,0.6234898018587334,0.4999999999999999,0.8660254037844387,3.5,8.25,39.97916666666666,5.35,11.9,100.0,94.0,1.65,5.4050503,0.0,2.5,22.36111112,29.3,29.0,29.0,29.0,28.7,-17.696666686666667,0.2833333733333347,-0.0393333333333334,4.576,4.67,22.08641976,4.614444444444445,5.709772,5.668923,5.6517577,5.730623,5.685853,0,0.0,0,1.0,-0.18,5.7,94.3
2023-01-01 18:45:00,37.014630455556,0.0,0.0,22.36111112,4.67,28.7,0,5.1764362714980825,70.66250196097344,18,6,1,-1.0,-1.8369701987210294e-16,-0.7818314824680299,0.6234898018587334,0.4999999999999999,0.8660254037844387,1.75,4.375,33.541666666666664,5.475,10.65,100.0,95.0,1.475,5.352956,0.0,2.2,22.068518496666663,29.03333333333333,29.3,29.0,29.0,28.966666666666665,-17.691111120000002,0.1277777666666679,0.1333333333333337,4.536666666666666,4.67,22.181481484444447,4.594222222222224,5.685853,5.709772,5.668923,5.6517577,5.642853,1,1.0,1,0.75,-0.15,5.5,94.5
2023-01-01 19:00:00,148.303234316666,113.482127183334,113.498515477776,22.068518496666663,4.67,28.966666666666665,2,5.1764362714980825,70.66250196097344,19,6,1,-0.9659258262890684,0.2588190451025203,-0.7818314824680299,0.6234898018587334,0.4999999999999999,0.8660254037844387,0.0,2.625,27.45833333333333,5.6,9.4,100.0,96.0,1.3,5.300507,0.0,1.9,22.06666665,28.7,29.03333333333333,29.3,29.0,29.0,-17.398518496666668,-0.2925926233333342,0.0,4.67,4.67,22.220987656666665,4.6255555555555565,5.642853,5.685853,5.709772,5.668923,5.648743,0,1.0,1,0.75,-0.22,6.0,94.0
2023-01-01 19:15:00,130.726159794438,97.044729172222,97.05972862222,22.06666665,4.67,29.0,2,5.1764362714980825,70.66250196097344,19,6,1,-0.9659258262890684,0.2588190451025203,-0.7818314824680299,0.6234898018587334,0.4999999999999999,0.8660254037844387,0.0,1.3125,21.89583333333333,5.8,9.125,99.75,96.0,1.425,5.3456035,0.0,2.025,22.18333334333333,28.966666666666665,28.7,29.03333333333333,29.3,29.0,-17.39666665,-0.0018518466666641,0.0,4.67,4.67,22.16543208888889,4.67,5.648743,5.642853,5.685853,5.709772,5.686828,0,1.0,0,0.75,-0.22,6.0,94.0
2023-01-01 19:30:00,144.717822155556,101.202896155556,101.21872892222,22.18333334333333,4.67,29.0,2,5.1764362714980825,70.66250196097344,19,6,1,-0.9659258262890684,0.2588190451025203,-0.7818314824680299,0.6234898018587334,0.4999999999999999,0.8660254037844387,0.0,0.4375,16.854166666666668,6.0,8.850000000000001,99.5,96.0,1.55,5.391036,0.0,2.15,22.26111112,29.0,28.966666666666665,28.7,29.03333333333333,29.0,-17.513333343333336,0.1166666933333324,0.0,4.67,4.67,22.10617283,4.67,5.686828,5.648743,5.642853,5.685853,5.712339,0,1.0,0,0.75,-0.19,5.8,94.2
2023-01-01 19:45:00,143.496204222228,93.559313027778,93.574590249998,22.26111112,4.67,29.0,2,5.1764362714980825,70.66250196097344,19,6,1,-0.9659258262890684,0.2588190451025203,-0.7818314824680299,0.6234898018587334,0.4999999999999999,0.8660254037844387,0.0,0.0,12.333333333333334,6.2,8.575000000000001,99.25,96.0,1.675,5.436806,0.0,2.275,22.2777778,29.0,29.0,28.966666666666665,28.7,29.0,-17.59111112,0.0777777766666645,0.0,4.67,4.366,22.170370371111115,4.67,5.712339,5.686828,5.648743,5.642853,5.71782,0,0.0,0,1.0,-0.17,5.6,94.4
2023-01-01 20:00:00,120.095751594442,87.70343613889,87.718713327778,22.2777778,4.366,29.0,2,5.1764362714980825,70.66250196097344,20,6,1,-0.8660254037844386,0.5000000000000001,-0.7818314824680299,0.6234898018587334,0.4999999999999999,0.8660254037844387,0.0,0.0,8.333333333333334,6.4,8.3,99.0,96.0,1.8,5.4829173,0.0,2.4,22.23333333,29.0,29.0,29.0,28.966666666666665,29.0,-17.9117778,0.0166666800000001,-0.3040000000000002,4.67,4.262666666666666,22.240740754444445,4.568666666666668,5.71782,5.712339,5.686828,5.648743,5.703217,0,0.0,0,1.0,-0.17,5.6,94.4
2023-01-01 20:15:00,109.015083755552,81.764507055556,81.778673188888,22.23333333,4.262666666666666,29.0,2,5.1764362714980825,70.66250196097344,20,6,1,-0.8660254037844386,0.5000000000000001,-0.7818314824680299,0.6234898018587334,0.4999999999999999,0.8660254037844387,0.0,0.0,5.1875,5.525,8.375,99.25,94.75,1.875,5.5128393,0.025,2.675,22.150000013333333,29.0,29.0,29.0,29.0,29.0,-17.970666663333333,-0.0444444699999984,-0.1033333333333335,4.366,4.232,22.257407416666663,4.43288888888889,5.703217,5.71782,5.712339,5.686828,5.675923,0,0.0,0,1.0,-0.18,5.7,94.3
2023-01-01 20:30:00,104.236941472222,69.369447311112,69.381946827778,22.150000013333333,4.232,29.0,1,5.1764362714980825,70.66250196097344,20,6,1,-0.8660254037844386,0.5000000000000001,-0.7818314824680299,0.6234898018587334,0.4999999999999999,0.8660254037844387,0.0,0.0,2.895833333333333,4.65,8.45,99.5,93.5,1.95,5.541723,0.05,2.95,22.02222222,29.0,29.0,29.0,29.0,29.0,-17.918000013333334,-0.0833333166666676,-0.0306666666666659,4.262666666666666,4.142,22.22037038111111,4.28688888888889,5.675923,5.703217,5.71782,5.712339,5.6342936,0,0.0,1,1.0,-0.2,5.8,94.2
2023-01-01 20:45:00,106.163808811112,62.693603272222,62.705825016666,22.02222222,4.142,29.0,1,5.1764362714980825,70.66250196097344,20,6,1,-0.8660254037844386,0.5000000000000001,-0.7818314824680299,0.6234898018587334,0.4999999999999999,0.8660254037844387,0.0,0.0,1.4583333333333333,3.775,8.525,99.75,92.25,2.025,5.5695267,0.075,3.225,21.87592592,29.0,29.0,29.0,29.0,29.0,-17.88022222,-0.1277777933333332,-0.0899999999999998,4.232,4.203333333333333,22.13518518777778,4.212222222222223,5.6342936,5.675923,5.703217,5.71782,5.5869546,0,0.0,0,1.0,-0.23,6.1,93.9
2023-01-01 21:00:00,111.253605227778,68.25449196111,68.26615816111,21.87592592,4.203333333333333,29.0,1,5.1764362714980825,70.66250196097344,21,6,1,-0.7071067811865477,0.7071067811865474,-0.7818314824680299,0.6234898018587334,0.4999999999999999,0.8660254037844387,0.0,0.0,0.875,2.9,8.6,100.0,91.0,2.1,5.596205,0.1,3.5,21.78888889,29.0,29.0,29.0,29.0,29.35,-17.672592586666667,-0.1462962999999995,0.0613333333333327,4.142,4.234,22.016049384444443,4.192444444444445,5.5869546,5.6342936,5.675923,5.703217,5.626046,0,0.0,0,1.0,-0.26,6.4,93.6
2023-01-01 21:15:00,109.406456800004,68.1564403,68.168939816666,21.78888889,4.234,29.35,1,5.1764362714980825,70.66250196097344,21,6,1,-0.7071067811865477,0.7071067811865474,-0.7818314824680299,0.6234898018587334,0.4999999999999999,0.8660254037844387,0.0,0.0,0.4375,2.975,7.699999999999999,100.0,92.0,2.05,5.5730863,0.075,3.275,21.725925906666667,29.0,29.0,29.0,29.0,29.5,-17.55488889,-0.0870370300000011,0.0306666666666668,4.203333333333333,4.06,21.89567901,4.193111111111112,5.626046,5.5869546,5.6342936,5.675923,5.63427,0,0.0,0,1.0,-0.28,6.6,93.4
2023-01-01 21:30:00,102.298130227774,69.90137051666599,69.913870016666,21.725925906666667,4.06,29.5,1,5.1764362714980825,70.66250196097344,21,6,1,-0.7071067811865477,0.7071067811865474,-0.7818314824680299,0.6234898018587334,0.4999999999999999,0.8660254037844387,0.0,0.0,0.1458333333333333,3.05,6.8,100.0,93.0,2.0,5.549248,0.05,3.05,21.71666665,29.35,29.0,29.0,29.0,29.5,-17.66592590666667,-0.0629629833333318,-0.1740000000000003,4.234,4.101333333333334,21.796913572222223,4.165777777777779,5.63427,5.626046,5.5869546,5.6342936,5.631258,0,0.0,0,1.0,-0.3,6.8,93.2
2023-01-01 21:45:00,95.668395494438,68.439206755556,68.45365066111,21.71666665,4.101333333333334,29.5,1,5.1764362714980825,70.66250196097344,21,6,1,-0.7071067811865477,0.7071067811865474,-0.7818314824680299,0.6234898018587334,0.4999999999999999,0.8660254037844387,0.0,0.0,0.0,3.125,5.9,100.0,94.0,1.95,5.524718,0.0249999999999999,2.825,21.670370400000003,29.5,29.35,29.0,29.0,29.5,-17.615333316666668,-0.0092592566666667,0.0413333333333341,4.06,4.0,21.743827148888887,4.131777777777779,5.631258,5.63427,5.626046,5.5869546,5.616212,0,0.0,0,1.0,-0.3,6.8,93.2
2023-01-01 22:00:00,108.221226544444,69.585827588888,69.59777156111001,21.670370400000003,4.0,29.5,1,5.1764362714980825,70.66250196097344,22,6,1,-0.5000000000000004,0.8660254037844384,-0.7818314824680299,0.6234898018587334,0.4999999999999999,0.8660254037844387,0.0,0.0,0.0,3.2,5.0,100.0,95.0,1.9,5.4995165,0.0,2.6,21.66111114,29.5,29.5,29.35,29.0,29.5,-17.670370400000003,-0.0462962499999974,-0.1013333333333337,4.101333333333334,3.920666666666667,21.70432098555556,4.053777777777778,5.616212,5.631258,5.63427,5.626046,5.613208,0,0.0,0,1.0,-0.31,7.0,93.0
2023-01-01 22:15:00,114.63458101667,66.029303188888,66.040969388888,21.66111114,3.920666666666667,29.5,1,5.1764362714980825,70.66250196097344,22,6,1,-0.5000000000000004,0.8660254037844384,-0.7818314824680299,0.6234898018587334,0.4999999999999999,0.8660254037844387,0.0,0.0,0.0,3.4000000000000004,5.375,100.0,95.0,1.925,5.4995165,0.0,2.6,21.59444445666667,29.5,29.5,29.5,29.35,29.5,-17.740444473333334,-0.0092592600000038,-0.079333333333333,4.0,3.9653333333333336,21.68271606333333,4.007333333333334,5.613208,5.616212,5.631258,5.63427,5.5916114,0,0.0,0,1.0,-0.31,7.0,93.0
2023-01-01 22:30:00,113.06464373334,72.608762216666,72.620706172222,21.59444445666667,3.9653333333333336,29.5,2,5.1764362714980825,70.66250196097344,22,6,1,-0.5000000000000004,0.8660254037844384,-0.7818314824680299,0.6234898018587334,0.4999999999999999,0.8660254037844387,0.0,0.0,0.0,3.6,5.75,100.0,95.0,1.95,5.4995165,0.0,2.6,21.59444445,29.5,29.5,29.5,29.5,29.5,-17.629111123333335,-0.0666666833333309,0.0446666666666666,3.920666666666667,4.076,21.641975332222227,3.9620000000000015,5.5916114,5.613208,5.616212,5.631258,5.5916114,0,0.0,1,1.0,-0.33,7.2,92.8
2023-01-01 22:45:00,103.860012083334,69.302783327778,69.315005072222,21.59444445,4.076,29.5,1,5.1764362714980825,70.66250196097344,22,6,1,-0.5000000000000004,0.8660254037844384,-0.7818314824680299,0.6234898018587334,0.4999999999999999,0.8660254037844387,0.0,0.0,0.0,3.8,6.125,100.0,95.0,1.975,5.4995165,0.0,2.6,21.6111111,29.5,29.5,29.5,29.5,29.683333333333334,-17.51844445,-6.666667218269141e-09,0.110666666666666,3.9653333333333336,4.204,21.61666668222222,3.9873333333333343,5.5916114,5.5916114,5.613208,5.616212,5.6317873,0,0.0,1,1.0,-0.33,7.2,92.8
2023-01-01 23:00:00,101.548993477776,68.846134944444,68.859189988888,21.6111111,4.204,29.683333333333334,1,5.1764362714980825,70.66250196097344,23,6,1,-0.2588190451025215,0.965925826289068,-0.7818314824680299,0.6234898018587334,0.4999999999999999,0.8660254037844387,0.0,0.0,0.0,4.0,6.5,100.0,95.0,2.0,5.4995165,0.0,2.6,21.60555555,29.5,29.5,29.5,29.5,30.0,-17.407111099999998,0.0166666499999976,0.1280000000000001,4.076,4.324,21.60000000222222,4.081777777777778,5.6317873,5.5916114,5.5916114,5.613208,5.6900396,0,0.0,0,1.0,-0.32,7.1,92.9
2023-01-01 23:15:00,100.736803816662,73.47594976111,73.490393666664,21.60555555,4.324,30.0,2,5.1764362714980825,70.66250196097344,23,6,1,-0.2588190451025215,0.965925826289068,-0.7818314824680299,0.6234898018587334,0.4999999999999999,0.8660254037844387,0.0,0.0,0.0,4.125,6.775,100.0,94.75,2.05,5.531437,0.0,2.725,21.5592593,29.683333333333334,29.5,29.5,29.5,30.0,-17.28155555,-0.0055555499999968,0.1200000000000001,4.204,4.396,21.6037037,4.201333333333334,5.6900396,5.6317873,5.5916114,5.5916114,5.674824,0,0.0,1,1.0,-0.32,7.1,92.9
2023-01-01 23:30:00,120.022143322224,72.059061955556,72.070450366668,21.5592593,4.396,30.0,2,5.1764362714980825,70.66250196097344,23,6,1,-0.2588190451025215,0.965925826289068,-0.7818314824680299,0.6234898018587334,0.4999999999999999,0.8660254037844387,0.0,0.0,0.0,4.25,7.05,100.0,94.5,2.1,5.563455,0.0,2.85,21.5888889,30.0,29.683333333333334,29.5,29.5,30.0,-17.1632593,-0.046296250000001,0.072,4.324,4.388,21.591975316666662,4.308000000000001,5.674824,5.6900396,5.6317873,5.5916114,5.684558,0,0.0,0,1.0,-0.33,7.3,92.7
2023-01-01 23:45:00,115.619541550006,66.9848205,66.996208911112,21.5888889,4.388,30.0,1,5.1764362714980825,70.66250196097344,23,6,1,-0.2588190451025215,0.965925826289068,-0.7818314824680299,0.6234898018587334,0.4999999999999999,0.8660254037844387,0.0,0.0,0.0,4.375,7.324999999999999,100.0,94.25,2.1500000000000004,5.59557,0.0,2.975,21.5592593,30.0,30.0,29.683333333333334,29.5,30.0,-17.200888899999995,0.0296295999999962,-0.008,4.396,4.573333333333334,21.584567916666668,4.369333333333334,5.684558,5.674824,5.6900396,5.6317873,5.674824,0,0.0,1,1.0,-0.32,7.2,92.8
2023-01-02 00:00:00,98.44356218333,67.267864727778,67.28036422777801,21.5592593,4.573333333333334,30.0,1,5.1764362714980825,70.66250196097344,0,0,1,0.0,1.0,0.0,1.0,0.4999999999999999,0.8660254037844387,0.0,0.0,0.0,4.5,7.6,100.0,94.0,2.2,5.6277814,0.0,3.1,21.5555556,30.0,30.0,30.0,29.683333333333334,30.0,-16.985925966666667,-0.0296295999999962,0.1853333333333342,4.388,5.078666666666667,21.56913583333333,4.4524444444444455,5.674824,5.684558,5.674824,5.6900396,5.6736097,0,0.0,0,1.0,-0.33,7.3,92.7
2023-01-02 00:15:00,105.268011294446,70.981327283334,70.9946601,21.5555556,5.078666666666667,30.0,2,5.1764362714980825,70.66250196097344,0,0,1,0.0,1.0,0.0,1.0,0.4999999999999999,0.8660254037844387,0.0,0.0,0.0,6.2,10.2,100.0,92.75,2.2750000000000004,5.656294,0.0,3.375,21.5555556,30.0,30.0,30.0,30.0,30.0,-16.476888933333335,-0.003703699999999,0.5053333333333327,4.573333333333334,5.27,21.567901266666667,4.6800000000000015,5.6736097,5.674824,5.684558,5.674824,5.6736097,0,0.0,1,1.0,-0.33,7.3,92.7
2023-01-02 00:30:00,103.331144488884,70.198303055556,70.21080257222201,21.5555556,5.27,30.0,1,5.1764362714980825,70.66250196097344,0,0,1,0.0,1.0,0.0,1.0,0.4999999999999999,0.8660254037844387,0.0,0.0,0.0,7.9,12.8,100.0,91.5,2.35,5.6836777,0.0,3.65,21.5555556,30.0,30.0,30.0,30.0,30.0,-16.285555600000002,0.0,0.1913333333333327,5.078666666666667,5.391333333333334,21.55679016666667,4.974000000000001,5.6736097,5.6736097,5.674824,5.684558,5.6736097,0,0.0,1,1.0,-0.33,7.3,92.7
2023-01-02 00:45:00,102.21563354444,68.194494327778,68.206993827778,21.5555556,5.391333333333334,30.0,1,5.1764362714980825,70.66250196097344,0,0,1,0.0,1.0,0.0,1.0,0.4999999999999999,0.8660254037844387,0.0,0.0,0.0,9.6,15.4,100.0,90.25,2.425,5.709888,0.0,3.925,21.53518521333333,30.0,30.0,30.0,30.0,30.0,-16.16422226666667,0.0,0.1213333333333341,5.27,5.456,21.5555556,5.246666666666668,5.6736097,5.6736097,5.6736097,5.674824,5.666926,0,0.0,0,1.0,-0.33,7.3,92.7
2023-01-02 01:00:00,118.32832234444,68.207549388888,68.219215588888,21.53518521333333,5.456,30.0,1,5.1764362714980825,70.66250196097344,1,0,1,0.2588190451025207,0.9659258262890684,0.0,1.0,0.4999999999999999,0.8660254037844387,0.0,0.0,0.0,11.3,18.0,100.0,89.0,2.5,5.7348766,0.0,4.2,21.50555556,30.0,30.0,30.0,30.0,30.0,-16.079185213333332,-0.02037038666667,0.0646666666666666,5.391333333333334,5.476,21.548765471111118,5.372444444444446,5.666926,5.6736097,5.6736097,5.6736097,5.6572194,0,0.0,0,1.0,-0.34,7.4,92.6
2023-01-02 01:15:00,113.386297666668,69.944979855556,69.957201583334,21.50555556,5.476,30.0,1,5.1764362714980825,70.66250196097344,1,0,1,0.2588190451025207,0.9659258262890684,0.0,1.0,0.4999999999999999,0.8660254037844387,0.0,0.0,0.0,12.175,20.875,100.0,90.25,2.75,5.834794,0.0,4.25,21.551851893333332,30.0,30.0,30.0,30.0,30.0,-16.029555560000002,-0.0296296533333304,0.0199999999999995,5.456,5.464,21.53209879111111,5.441111111111113,5.6572194,5.666926,5.6736097,5.6736097,5.672393,0,0.0,0,1.0,-0.34,7.5,92.5
2023-01-02 01:30:00,95.62673036111,68.34282176111,68.354765716666,21.551851893333332,5.464,30.0,1,5.1764362714980825,70.66250196097344,1,0,1,0.2588190451025207,0.9659258262890684,0.0,1.0,0.4999999999999999,0.8660254037844387,0.0,0.0,0.0,13.05,23.75,100.0,91.5,3.0,5.9353046,0.0,4.300000000000001,21.52222224,30.0,30.0,30.0,30.0,30.35,-16.087851893333337,0.0462963333333341,-0.0119999999999995,5.476,5.52,21.530864222222224,5.465333333333335,5.672393,5.6572194,5.666926,5.6736097,5.728742,0,0.0,0,1.0,-0.33,7.3,92.7
2023-01-02 01:45:00,108.59926693889,74.4203564,74.433133672222,21.52222224,5.52,30.35,2,5.1764362714980825,70.66250196097344,1,0,1,0.2588190451025207,0.9659258262890684,0.0,1.0,0.4999999999999999,0.8660254037844387,0.0,0.0,0.0,13.925,26.625,100.0,92.75,3.25,6.0364103,0.0,4.3500000000000005,21.551851893333332,30.0,30.0,30.0,30.0,30.5,-16.002222240000002,-0.029629653333334,0.0559999999999991,5.464,5.531999999999999,21.52654323111112,5.486666666666668,5.728742,5.672393,5.6572194,5.666926,5.7669325,0,0.0,1,1.0,-0.34,7.4,92.6
2023-01-02 02:00:00,96.50308430555,63.224137616666,63.236359344444,21.551851893333332,5.531999999999999,30.5,1,5.1764362714980825,70.66250196097344,2,0,1,0.4999999999999999,0.8660254037844387,0.0,1.0,0.4999999999999999,0.8660254037844387,0.0,0.0,0.0,14.8,29.5,100.0,94.0,3.5,6.1381164,0.0,4.4,21.52222224,30.35,30.0,30.0,30.0,30.5,-16.019851893333335,0.029629653333334,0.0119999999999995,5.52,5.536,21.541975342222223,5.505333333333334,5.7669325,5.728742,5.672393,5.6572194,5.7570558,0,0.0,1,1.0,-0.33,7.3,92.7
2023-01-02 02:15:00,127.308240750002,83.798036827778,83.810814083334,21.52222224,5.536,30.5,2,5.1764362714980825,70.66250196097344,2,0,1,0.4999999999999999,0.8660254037844387,0.0,1.0,0.4999999999999999,0.8660254037844387,0.0,0.0,0.0,14.525,29.425,100.0,94.25,3.5,6.1442304,0.0,4.375,21.59259263,30.5,30.35,30.0,30.0,30.316666666666663,-15.986222240000002,-0.029629653333334,0.0040000000000004,5.531999999999999,5.561999999999999,21.532098791111117,5.529333333333334,5.7570558,5.7669325,5.728742,5.672393,5.745793,0,0.0,1,1.0,-0.34,7.4,92.6
2023-01-02 02:30:00,125.082774205558,75.539756105554,75.55281114999799,21.59259263,5.561999999999999,30.316666666666663,2,5.1764362714980825,70.66250196097344,2,0,1,0.4999999999999999,0.8660254037844387,0.0,1.0,0.4999999999999999,0.8660254037844387,0.0,0.0,0.0,14.25,29.35,100.0,94.5,3.5,6.150305,0.0,4.35,21.62777778,30.5,30.5,30.35,30.0,30.0,-16.03059263,0.0703703900000007,0.0259999999999998,5.536,5.61,21.55555558777778,5.543333333333334,5.745793,5.7570558,5.7669325,5.728742,5.697356,0,0.0,0,1.0,-0.32,7.1,92.9
2023-01-02 02:45:00,103.022545566668,68.305600983334,68.317267183334,21.62777778,5.61,30.0,1,5.1764362714980825,70.66250196097344,2,0,1,0.4999999999999999,0.8660254037844387,0.0,1.0,0.4999999999999999,0.8660254037844387,0.0,0.0,0.0,13.975,29.275,100.0,94.75,3.5,6.1563406,0.0,4.325,21.6111111,30.316666666666663,30.5,30.5,30.35,30.0,-16.01777778,0.0351851499999966,0.0480000000000009,5.561999999999999,5.573333333333333,21.58086421666667,5.569333333333334,5.697356,5.745793,5.7570558,5.7669325,5.6918683,0,0.0,1,1.0,-0.31,7.1,92.9
2023-01-02 03:00:00,93.147385088888,65.91180788888799,65.924307388888,21.6111111,5.573333333333333,30.0,1,5.1764362714980825,70.66250196097344,3,0,1,0.7071067811865476,0.7071067811865476,0.0,1.0,0.4999999999999999,0.8660254037844387,0.0,0.0,0.0,13.7,29.2,100.0,95.0,3.5,6.162338,0.0,4.3,21.57222225,30.0,30.316666666666663,30.5,30.5,30.0,-16.037777766666665,-0.0166666800000001,-0.036666666666667,5.61,5.59,21.610493836666667,5.58177777777778,5.6918683,5.697356,5.745793,5.7570558,5.6790805,0,0.0,0,1.0,-0.32,7.1,92.9
2023-01-02 03:15:00,103.982784872226,69.795819155556,69.808040883334,21.57222225,5.59,30.0,1,5.1764362714980825,70.66250196097344,3,0,1,0.7071067811865476,0.7071067811865476,0.0,1.0,0.4999999999999999,0.8660254037844387,0.0,0.0,0.0,13.55,28.825,100.0,94.0,3.35,6.087347,0.0,4.275,21.5555556,30.0,30.0,30.316666666666663,30.5,30.183333333333334,-15.98222225,-0.0388888499999993,0.0166666666666666,5.573333333333333,5.634,21.60370371,5.591111111111112,5.6790805,5.6918683,5.697356,5.745793,5.708281,0,0.0,0,1.0,-0.33,7.2,92.8
2023-01-02 03:30:00,110.782235066672,68.209493744444,68.2214377,21.5555556,5.634,30.183333333333334,1,5.1764362714980825,70.66250196097344,3,0,1,0.7071067811865476,0.7071067811865476,0.0,1.0,0.4999999999999999,0.8660254037844387,0.0,0.0,0.0,13.4,28.45,100.0,93.0,3.2,6.012585,0.0,4.25,21.5555556,30.0,30.0,30.0,30.316666666666663,30.45,-15.9215556,-0.0166666499999976,0.0440000000000004,5.59,5.665333333333334,21.57962965,5.599111111111113,5.708281,5.6790805,5.6918683,5.697356,5.7587137,0,0.0,0,1.0,-0.33,7.3,92.7
2023-01-02 03:45:00,113.886277550006,70.82161143889,70.834666483334,21.5555556,5.665333333333334,30.45,2,5.1764362714980825,70.66250196097344,3,0,1,0.7071067811865476,0.7071067811865476,0.0,1.0,0.4999999999999999,0.8660254037844387,0.0,0.0,0.0,13.25,28.075,100.0,92.0,3.05,5.9380536,0.0,4.225,21.53518521333333,30.183333333333334,30.0,30.0,30.0,30.216666666666665,-15.890222266666669,0.0,0.0313333333333334,5.634,5.781333333333333,21.56111115,5.629777777777779,5.7587137,5.708281,5.6790805,5.6918683,5.7078533,0,0.0,1,1.0,-0.33,7.2,92.8
2023-01-02 04:00:00,110.097540322224,68.0189458,68.0314453,21.53518521333333,5.781333333333333,30.216666666666665,1,5.1764362714980825,70.66250196097344,4,0,1,0.8660254037844386,0.5000000000000001,0.0,1.0,0.4999999999999999,0.8660254037844387,0.0,0.0,0.0,13.1,27.7,100.0,91.0,2.9,5.8637505,0.0,4.2,21.50555556,30.45,30.183333333333334,30.0,30.0,30.5,-15.75385188,-0.02037038666667,0.1159999999999996,5.665333333333334,5.908,21.548765471111118,5.693555555555556,5.7078533,5.7587137,5.708281,5.6790805,5.7515063,0,0.0,1,1.0,-0.34,7.3,92.7
2023-01-02 04:15:00,105.613830911108,72.190723372222,72.20433396111,21.50555556,5.908,30.5,2,5.1764362714980825,70.66250196097344,4,0,1,0.8660254037844386,0.5000000000000001,0.0,1.0,0.4999999999999999,0.8660254037844387,0.0,0.0,0.0,12.35,27.25,100.0,91.25,2.875,5.8603325,0.0,4.15,21.53148150666667,30.216666666666665,30.45,30.183333333333334,30.0,30.5,-15.59755556,-0.0296296533333304,0.1266666666666669,5.781333333333333,6.0280000000000005,21.53209879111111,5.78488888888889,5.7515063,5.7078533,5.7587137,5.708281,5.7601395,0,0.0,1,1.0,-0.34,7.4,92.6
2023-01-02 04:30:00,95.670895377772,68.4172632,68.4297627,21.53148150666667,6.0280000000000005,30.5,1,5.1764362714980825,70.66250196097344,4,0,1,0.8660254037844386,0.5000000000000001,0.0,1.0,0.4999999999999999,0.8660254037844387,0.0,0.0,0.0,11.6,26.8,100.0,91.5,2.85,5.8568625,0.0,4.1,21.50555556,30.5,30.216666666666665,30.45,30.183333333333334,30.5,-15.503481506666668,0.0259259466666677,0.1200000000000001,5.908,6.1033333333333335,21.524074093333336,5.905777777777779,5.7601395,5.7515063,5.7078533,5.7587137,5.7515063,0,0.0,1,1.0,-0.33,7.3,92.7
2023-01-02 04:45:00,106.754618511112,70.927162783334,70.94132891666601,21.50555556,6.1033333333333335,30.5,2,5.1764362714980825,70.66250196097344,4,0,1,0.8660254037844386,0.5000000000000001,0.0,1.0,0.4999999999999999,0.8660254037844387,0.0,0.0,0.0,10.85,26.35,100.0,91.75,2.825,5.8533435,0.0,4.05,21.53148150666667,30.5,30.5,30.216666666666665,30.45,30.5,-15.402222226666668,-0.0259259466666677,0.075333333333333,6.0280000000000005,6.142666666666667,21.514197542222224,6.013111111111113,5.7515063,5.7601395,5.7515063,5.7078533,5.7601395,0,0.0,1,1.0,-0.34,7.4,92.6
2023-01-02 05:00:00,117.38669309445,67.692847727778,67.704513911112,21.53148150666667,6.142666666666667,30.5,1,5.1764362714980825,70.66250196097344,5,0,1,0.9659258262890684,0.2588190451025207,0.0,1.0,0.4999999999999999,0.8660254037844387,0.0,0.0,0.0,10.1,25.9,100.0,92.0,2.8,5.8497753,0.0,4.0,21.5,30.5,30.5,30.5,30.216666666666665,30.5,-15.388814840000002,0.0259259466666677,0.0393333333333334,6.1033333333333335,6.213333333333334,21.522839524444446,6.091333333333335,5.7601395,5.7515063,5.7601395,5.7515063,5.749656,0,0.0,1,1.0,-0.33,7.3,92.7
2023-01-02 05:15:00,110.73695917778,68.081165544444,68.09505392222,21.5,6.213333333333334,30.5,1,5.1764362714980825,70.66250196097344,5,0,1,0.9659258262890684,0.2588190451025207,0.0,1.0,0.4999999999999999,0.8660254037844387,0.0,0.0,0.0,9.575,24.475,100.0,92.5,2.825,5.8620005,0.0,3.95,21.5,30.5,30.5,30.5,30.5,30.5,-15.286666666666664,-0.0314815066666689,0.0706666666666668,6.142666666666667,6.2,21.51234568888889,6.153111111111112,5.749656,5.7601395,5.7515063,5.7601395,5.749656,0,0.0,0,1.0,-0.34,7.4,92.6
2023-01-02 05:30:00,107.943460022216,73.987318188888,73.999539916666,21.5,6.2,30.5,2,5.1764362714980825,70.66250196097344,5,0,1,0.9659258262890684,0.2588190451025207,0.0,1.0,0.4999999999999999,0.8660254037844387,0.0,0.0,0.0,9.05,23.05,100.0,93.0,2.85,5.8740726,0.0,3.9,21.5,30.5,30.5,30.5,30.5,30.5,-15.3,0.0,-0.0133333333333336,6.213333333333334,6.22,21.510493835555557,6.185333333333335,5.749656,5.749656,5.7601395,5.7515063,5.749656,0,0.0,1,1.0,-0.34,7.4,92.6
2023-01-02 05:45:00,97.614984111112,64.527974377776,64.54047387777601,21.5,6.22,30.5,1,5.1764362714980825,70.66250196097344,5,0,1,0.9659258262890684,0.2588190451025207,0.0,1.0,0.4999999999999999,0.8660254037844387,0.0,0.0,0.0,8.525,21.625,100.0,93.5,2.875,5.88599,0.0,3.85,21.479629613333334,30.5,30.5,30.5,30.5,30.5,-15.28,0.0,0.0199999999999995,6.2,6.180000000000001,21.5,6.211111111111112,5.749656,5.749656,5.749656,5.7601395,5.742882,0,0.0,1,1.0,-0.34,7.4,92.6
2023-01-02 06:00:00,100.94429548333,73.76232715555601,73.77482663889,21.479629613333334,6.180000000000001,30.5,2,5.1764362714980825,70.66250196097344,6,0,1,1.0,6.123233995736766e-17,0.0,1.0,0.4999999999999999,0.8660254037844387,0.0,0.0,0.0,8.0,20.2,100.0,94.0,2.9,5.8977566,0.0,3.8,21.47777776,30.5,30.5,30.5,30.5,30.5,-15.299629613333334,-0.0203703866666664,-0.0399999999999991,6.22,6.15,21.49320987111112,6.2,5.742882,5.749656,5.749656,5.749656,5.7422647,0,0.0,1,1.0,-0.35,7.5,92.5
2023-01-02 06:15:00,108.62787687778,63.937164611112,63.947997494446,21.47777776,6.15,30.5,1,5.1764362714980825,70.66250196097344,6,0,1,1.0,6.123233995736766e-17,0.0,1.0,0.4999999999999999,0.8660254037844387,0.0,0.0,0.0,8.525,19.75,99.75,93.5,2.8,5.856604,0.0,3.775,21.448148106666665,30.5,30.5,30.5,30.5,30.5,-15.327777759999998,-0.0018518533333349,-0.0300000000000002,6.180000000000001,6.106666666666667,21.48580245777778,6.183333333333335,5.7422647,5.742882,5.749656,5.749656,5.7324243,0,0.0,1,1.0,-0.35,7.5,92.5
2023-01-02 06:30:00,121.689854361114,72.939026755556,72.950415166668,21.448148106666665,6.106666666666667,30.5,2,5.1764362714980825,70.66250196097344,6,0,1,1.0,6.123233995736766e-17,0.0,1.0,0.4999999999999999,0.8660254037844387,0.0,0.0,0.0,9.05,19.3,99.5,93.0,2.7,5.8155704,0.0,3.75,21.48333332,30.5,30.5,30.5,30.5,30.5,-15.341481439999995,-0.029629653333334,-0.043333333333333,6.15,6.075333333333333,21.46851849333333,6.145555555555558,5.7324243,5.7422647,5.742882,5.749656,5.744112,0,0.0,1,1.0,-0.35,7.6,92.4
2023-01-02 06:45:00,102.642560899996,68.551980027778,68.56614616111,21.48333332,6.075333333333333,30.5,1,5.1764362714980825,70.66250196097344,6,0,1,1.0,6.123233995736766e-17,0.0,1.0,0.4999999999999999,0.8660254037844387,0.0,0.0,0.0,9.575,18.85,99.25,92.5,2.6,5.7746553,0.0,3.725,21.5,30.5,30.5,30.5,30.5,30.5,-15.407999986666669,0.0351852133333352,-0.0313333333333343,6.106666666666667,5.98,21.469753062222225,6.110666666666668,5.744112,5.7324243,5.7422647,5.742882,5.749656,0,0.0,1,1.0,-0.35,7.5,92.5
2023-01-02 07:00:00,106.234361738882,72.3929375,72.405992544444,21.5,5.98,30.5,2,5.1764362714980825,70.66250196097344,7,0,1,0.9659258262890684,-0.2588190451025206,0.0,1.0,0.4999999999999999,0.8660254037844387,0.0,0.0,0.0,10.1,18.4,99.0,92.0,2.5,5.733858,0.0,3.7,21.5,30.5,30.5,30.5,30.5,30.5,-15.52,0.0166666800000001,-0.0953333333333326,6.075333333333333,6.08,21.477160475555557,6.054000000000002,5.749656,5.744112,5.7324243,5.7422647,5.749656,0,0.0,1,1.0,-0.34,7.4,92.6
2023-01-02 07:15:00,104.254718694438,71.1371544,71.1496539,21.5,6.08,30.5,2,5.1764362714980825,70.66250196097344,7,0,1,0.9659258262890684,-0.2588190451025206,0.0,1.0,0.4999999999999999,0.8660254037844387,0.0,0.0,0.0,10.45,19.3,99.25,91.5,2.55,5.760087,0.0,3.85,21.5,30.5,30.5,30.5,30.5,30.5,-15.42,0.0,0.0999999999999996,5.98,6.226666666666668,21.49444444000001,6.045111111111112,5.749656,5.749656,5.744112,5.7324243,5.749656,0,0.0,0,1.0,-0.34,7.4,92.6
2023-01-02 07:30:00,260.41069443888205,67.628405805558,67.642571922224,21.5,6.226666666666668,30.5,1,5.1764362714980825,70.66250196097344,7,0,1,0.9659258262890684,-0.2588190451025206,0.0,1.0,0.4999999999999999,0.8660254037844387,0.0,0.0,0.0,10.8,20.2,99.5,91.0,2.6,5.7861905,0.0,4.0,21.5,30.5,30.5,30.5,30.5,30.5,-15.273333333333332,0.0,0.1466666666666674,6.08,6.381333333333333,21.5,6.095555555555557,5.749656,5.749656,5.749656,5.744112,5.749656,0,0.0,1,1.0,-0.34,7.4,92.6
2023-01-02 07:45:00,248.105075433332,74.762564911112,74.775897727778,21.5,6.381333333333333,30.5,2,5.1764362714980825,70.66250196097344,7,0,1,0.9659258262890684,-0.2588190451025206,0.0,1.0,0.4999999999999999,0.8660254037844387,0.0,0.0,0.0,11.15,21.1,99.75,90.5,2.6500000000000004,5.812165,0.0,4.15,21.5,30.5,30.5,30.5,30.5,30.5,-15.118666666666666,0.0,0.1546666666666656,6.226666666666668,6.416666666666667,21.5,6.229333333333334,5.749656,5.749656,5.749656,5.749656,5.749656,0,0.0,1,1.0,-0.34,7.4,92.6
2023-01-02 08:00:00,115.090951811108,67.218977833332,67.23175512222,21.5,6.416666666666667,30.5,1,5.1764362714980825,70.66250196097344,8,0,1,0.8660254037844387,-0.4999999999999998,0.0,1.0,0.4999999999999999,0.8660254037844387,0.0,0.0,0.0,11.5,22.0,100.0,90.0,2.7,5.838004,0.0,4.3,21.5,30.5,30.5,30.5,30.5,30.5,-15.083333333333332,0.0,0.0353333333333338,6.381333333333333,6.5,21.5,6.341555555555558,5.749656,5.749656,5.749656,5.749656,5.749656,0,0.0,1,1.0,-0.34,7.4,92.6
2023-01-02 08:15:00,101.288448566656,74.072037,74.08592536111,21.5,6.5,30.5,2,5.1764362714980825,70.66250196097344,8,0,1,0.8660254037844387,-0.4999999999999998,0.0,1.0,0.4999999999999999,0.8660254037844387,0.25,0.0625,0.0208333333333333,11.175,21.8,100.0,90.0,2.75,5.847711,0.0,4.325,21.520370386666663,30.5,30.5,30.5,30.5,30.5,-15.0,0.0,0.083333333333333,6.416666666666667,6.5,21.5,6.432666666666669,5.749656,5.749656,5.749656,5.749656,5.7564387,0,0.0,1,1.0,-0.34,7.4,92.6
2023-01-02 08:30:00,115.041509388884,81.319247083334,81.333413216666,21.520370386666663,6.5,30.5,2,5.1764362714980825,70.66250196097344,8,0,1,0.8660254037844387,-0.4999999999999998,0.0,1.0,0.4999999999999999,0.8660254037844387,0.5,0.1875,0.0625,10.85,21.6,100.0,90.0,2.8,5.8574333,0.0,4.35,21.62777781,30.5,30.5,30.5,30.5,30.5,-15.020370386666666,0.0203703866666664,0.0,6.5,6.512,21.50679012888889,6.472222222222224,5.7564387,5.749656,5.749656,5.749656,5.792312,0,0.0,0,1.0,-0.34,7.4,92.6
2023-01-02 08:45:00,104.322771538882,70.697171983334,70.709949255556,21.62777781,6.512,30.5,2,5.1764362714980825,70.66250196097344,8,0,1,0.8660254037844387,-0.4999999999999998,0.0,1.0,0.4999999999999999,0.8660254037844387,0.75,0.375,0.125,10.525,21.4,100.0,90.0,2.85,5.86717,0.0,4.375,21.59444445666667,30.5,30.5,30.5,30.5,30.5,-15.11577781,0.1074074233333348,0.0119999999999995,6.5,6.531999999999999,21.549382732222227,6.504,5.792312,5.7564387,5.749656,5.749656,5.7811575,0,0.0,0,1.0,-0.31,7.0,93.0
2023-01-02 09:00:00,105.547444666664,67.087594188888,67.10037146111,21.59444445666667,6.531999999999999,30.5,1,5.1764362714980825,70.66250196097344,9,0,1,0.7071067811865476,-0.7071067811865475,0.0,1.0,0.4999999999999999,0.8660254037844387,1.0,0.625,0.2083333333333333,10.2,21.2,100.0,90.0,2.9,5.8769197,0.0,4.4,21.52222224,30.5,30.5,30.5,30.5,30.5,-15.062444456666668,-0.033333353333333,0.0199999999999995,6.512,6.566666666666666,21.580864217777783,6.514666666666667,5.7811575,5.792312,5.7564387,5.749656,5.7570558,0,0.0,1,1.0,-0.32,7.1,92.9
2023-01-02 09:15:00,118.774415533332,69.84553939999999,69.858038916666,21.52222224,6.566666666666666,30.5,1,5.1764362714980825,70.66250196097344,9,0,1,0.7071067811865476,-0.7071067811865475,0.0,1.0,0.4999999999999999,0.8660254037844387,7.75,2.5,0.8541666666666666,10.2,20.75,100.0,89.5,2.975,5.912537,0.0,4.575,21.53148150666667,30.5,30.5,30.5,30.5,30.5,-14.955555573333337,-0.0722222166666668,0.0346666666666672,6.531999999999999,6.596666666666667,21.58148150222222,6.536888888888889,5.7570558,5.7811575,5.792312,5.7564387,5.7601395,0,0.0,0,1.0,-0.34,7.4,92.6
2023-01-02 09:30:00,105.454670577776,64.774631127778,64.7874084,21.53148150666667,6.596666666666667,30.5,1,5.1764362714980825,70.66250196097344,9,0,1,0.7071067811865476,-0.7071067811865475,0.0,1.0,0.4999999999999999,0.8660254037844387,14.5,6.0,2.0625,10.2,20.3,100.0,89.0,3.05,5.948086,0.0,4.75,21.5,30.5,30.5,30.5,30.5,30.5,-14.93481484,0.0092592666666675,0.0300000000000002,6.566666666666666,6.678,21.54938273444445,6.565111111111112,5.7601395,5.7570558,5.7811575,5.792312,5.749656,0,0.0,0,1.0,-0.33,7.3,92.7
2023-01-02 09:45:00,93.829580199992,66.616501916666,66.630668033332,21.5,6.678,30.5,1,5.1764362714980825,70.66250196097344,9,0,1,0.7071067811865476,-0.7071067811865475,0.0,1.0,0.4999999999999999,0.8660254037844387,21.25,11.125,3.8333333333333335,10.2,19.85,100.0,88.5,3.125,5.983558,0.0,4.925,21.5,30.5,30.5,30.5,30.5,30.5,-14.822,-0.0314815066666689,0.0813333333333332,6.596666666666667,6.721333333333333,21.51790124888889,6.613777777777778,5.749656,5.7601395,5.7570558,5.7811575,5.749656,0,0.0,0,1.0,-0.34,7.4,92.6
2023-01-02 10:00:00,105.215235788884,72.464323544444,72.47765636111001,21.5,6.721333333333333,30.5,2,5.1764362714980825,70.66250196097344,10,0,1,0.4999999999999999,-0.8660254037844387,0.0,1.0,0.4999999999999999,0.8660254037844387,28.0,17.875,6.166666666666667,10.2,19.4,100.0,88.0,3.2,6.0189476,0.0,5.1,21.5,30.5,30.5,30.5,30.5,30.5,-14.778666666666666,0.0,0.043333333333333,6.678,6.834666666666666,21.510493835555557,6.665333333333334,5.749656,5.749656,5.7601395,5.7570558,5.749656,0,0.0,1,1.0,-0.34,7.4,92.6
2023-01-02 10:15:00,100.514868344436,62.236121572222,62.248898844444,21.5,6.834666666666666,30.5,1,5.1764362714980825,70.66250196097344,10,0,1,0.4999999999999999,-0.8660254037844387,0.0,1.0,0.4999999999999999,0.8660254037844387,45.0,27.1875,9.916666666666666,10.975,21.85,100.0,86.25,3.2750000000000004,6.0369654,0.0,5.449999999999999,21.479629613333334,30.5,30.5,30.5,30.5,30.683333333333334,-14.665333333333333,0.0,0.1133333333333332,6.721333333333333,6.882,21.5,6.744666666666667,5.749656,5.749656,5.749656,5.7601395,5.7774014,0,0.0,1,1.0,-0.34,7.4,92.6
2023-01-02 10:30:00,115.470658838886,72.21822223889001,72.232943916666,21.479629613333334,6.882,30.683333333333334,2,5.1764362714980825,70.66250196097344,10,0,1,0.4999999999999999,-0.8660254037844387,0.0,1.0,0.4999999999999999,0.8660254037844387,62.0,39.0625,15.083333333333334,11.75,24.3,100.0,84.5,3.35,6.0521393,0.0,5.8,21.52222224,30.5,30.5,30.5,30.5,30.65,-14.597629613333334,-0.0203703866666664,0.0473333333333334,6.834666666666666,6.916666666666667,21.49320987111112,6.812666666666668,5.7774014,5.749656,5.749656,5.749656,5.7853684,0,0.0,1,1.0,-0.35,7.5,92.5
2023-01-02 10:45:00,109.837272966668,63.915498827778,63.927720555556,21.52222224,6.916666666666667,30.65,1,5.1764362714980825,70.66250196097344,10,0,1,0.4999999999999999,-0.8660254037844387,0.0,1.0,0.4999999999999999,0.8660254037844387,79.0,53.5,21.666666666666668,12.525,26.75,100.0,82.75,3.425,6.0643463,0.0,6.15,21.53518521333333,30.683333333333334,30.5,30.5,30.5,30.683333333333334,-14.605555573333334,0.0425926266666678,0.0346666666666672,6.882,6.983333333333333,21.500617284444445,6.877777777777779,5.7853684,5.7774014,5.749656,5.749656,5.7960057,0,0.0,1,1.0,-0.34,7.3,92.7
2023-01-02 11:00:00,104.6755353111,69.9272028,69.94248002222,21.53518521333333,6.983333333333333,30.683333333333334,1,5.1764362714980825,70.66250196097344,11,0,1,0.258819045102521,-0.9659258262890682,0.0,1.0,0.4999999999999999,0.8660254037844387,96.0,70.5,29.666666666666668,13.3,29.2,100.0,81.0,3.5,6.073458,0.0,6.5,21.5,30.65,30.683333333333334,30.5,30.5,30.65,-14.551851879999996,0.0129629733333302,0.0666666666666664,6.916666666666667,7.093333333333334,21.51234568888889,6.927333333333334,5.7960057,5.7853684,5.7774014,5.749656,5.777933,0,0.0,0,1.0,-0.33,7.3,92.7
2023-01-02 11:15:00,90.184448194438,62.977480816666,62.991646949998,21.5,7.093333333333334,30.65,1,5.1764362714980825,70.66250196097344,11,0,1,0.258819045102521,-0.9659258262890682,0.0,1.0,0.4999999999999999,0.8660254037844387,108.5,86.375,38.6875,13.075,29.65,100.0,80.5,3.425,6.045823,0.0,6.525,21.479629613333334,30.683333333333334,30.65,30.683333333333334,30.5,30.5,-14.406666666666666,-0.0351852133333316,0.1100000000000003,6.983333333333333,6.983333333333333,21.51913581777778,6.99777777777778,5.777933,5.7960057,5.7853684,5.7774014,5.742882,0,0.0,0,1.0,-0.34,7.4,92.6
2023-01-02 11:30:00,99.707956055552,67.43896898333401,67.452857344444,21.479629613333334,6.983333333333333,30.5,1,5.1764362714980825,70.66250196097344,11,0,1,0.258819045102521,-0.9659258262890682,0.0,1.0,0.4999999999999999,0.8660254037844387,121.0,101.125,48.72916666666666,12.85,30.1,100.0,80.0,3.35,6.0180798,0.0,6.55,21.48333332,30.65,30.683333333333334,30.65,30.683333333333334,30.5,-14.49629628,-0.0203703866666664,-0.1100000000000003,7.093333333333334,6.992,21.50493827555556,7.0200000000000005,5.742882,5.777933,5.7960057,5.7853684,5.744112,0,0.0,0,1.0,-0.35,7.5,92.5
2023-01-02 11:45:00,113.35546551667,65.619597311112,65.631541266668,21.48333332,6.992,30.5,1,5.1764362714980825,70.66250196097344,11,0,1,0.258819045102521,-0.9659258262890682,0.0,1.0,0.4999999999999999,0.8660254037844387,133.5,114.75,59.79166666666666,12.625,30.55,100.0,79.5,3.2750000000000004,5.9902277,0.0,6.574999999999999,21.5,30.5,30.65,30.683333333333334,30.65,30.5,-14.49133332,0.0037037066666663,0.0086666666666666,6.983333333333333,7.116,21.48765431111111,7.02288888888889,5.744112,5.742882,5.777933,5.7960057,5.749656,0,0.0,0,1.0,-0.35,7.5,92.5
2023-01-02 12:00:00,108.104842316666,65.24794556111,65.262945011108,21.5,7.116,30.5,1,5.1764362714980825,70.66250196097344,12,0,1,1.2246467991473532e-16,-1.0,0.0,1.0,0.4999999999999999,0.8660254037844387,146.0,127.25,71.875,12.4,31.0,100.0,79.0,3.2,5.962267,0.0,6.6,21.5,30.5,30.5,30.65,30.683333333333334,30.5,-14.384,0.0166666800000001,0.1239999999999996,6.992,7.035333333333333,21.48765431111111,7.030444444444445,5.749656,5.744112,5.742882,5.777933,5.749656,0,0.0,0,1.0,-0.34,7.4,92.6
2023-01-02 12:15:00,102.470623361106,65.7982013,65.811534116666,21.5,7.035333333333333,30.5,1,5.1764362714980825,70.66250196097344,12,0,1,1.2246467991473532e-16,-1.0,0.0,1.0,0.4999999999999999,0.8660254037844387,158.25,139.6875,84.41666666666667,12.575,30.8,100.0,78.0,3.1,5.925294,0.0,6.699999999999999,21.5,30.5,30.5,30.5,30.65,30.5,-14.464666666666666,0.0,-0.0806666666666666,7.116,6.715333333333334,21.49444444,7.047777777777779,5.749656,5.749656,5.744112,5.742882,5.749656,0,0.0,0,1.0,-0.34,7.4,92.6
2023-01-02 12:30:00,96.53280528333,60.863120927778,60.876175972222,21.5,6.715333333333334,30.5,1,5.1764362714980825,70.66250196097344,12,0,1,1.2246467991473532e-16,-1.0,0.0,1.0,0.4999999999999999,0.8660254037844387,170.5,152.0625,97.41666666666669,12.75,30.6,100.0,77.0,3.0,5.8875513,0.0,6.8,21.49444444,30.5,30.5,30.5,30.5,30.85,-14.784666666666666,0.0,-0.3199999999999994,7.035333333333333,6.39,21.5,6.955555555555556,5.749656,5.749656,5.749656,5.744112,5.813765,0,0.0,0,1.0,-0.34,7.4,92.6
2023-01-02 12:45:00,94.074292677768,66.916489933332,66.93093382222,21.49444444,6.39,30.85,1,5.1764362714980825,70.66250196097344,12,0,1,1.2246467991473532e-16,-1.0,0.0,1.0,0.4999999999999999,0.8660254037844387,182.75,164.375,110.875,12.925,30.4,100.0,76.0,2.9,5.8490305,0.0,6.9,21.46851849333333,30.5,30.5,30.5,30.5,31.0,-15.104444439999998,-0.0055555600000012,-0.3253333333333339,6.715333333333334,6.240666666666667,21.498148146666665,6.713555555555556,5.813765,5.749656,5.749656,5.749656,5.833274,0,0.0,0,1.0,-0.34,7.4,92.6
2023-01-02 13:00:00,106.240194738886,69.450555183334,69.464165772222,21.46851849333333,6.240666666666667,31.0,1,5.1764362714980825,70.66250196097344,13,0,1,-0.2588190451025208,-0.9659258262890684,0.0,1.0,0.4999999999999999,0.8660254037844387,195.0,176.625,124.79166666666669,13.1,30.2,100.0,75.0,2.8,5.809725,0.0,7.0,21.5,30.85,30.5,30.5,30.5,30.95,-15.227851826666663,-0.0259259466666677,-0.1493333333333328,6.39,6.22,21.48765431111111,6.448666666666668,5.833274,5.813765,5.749656,5.749656,5.834487,0,0.0,0,1.0,-0.35,7.5,92.5
2023-01-02 13:15:00,117.654182444448,65.799590144444,65.810978555556,21.5,6.22,30.95,1,5.1764362714980825,70.66250196097344,13,0,1,-0.2588190451025208,-0.9659258262890684,0.0,1.0,0.4999999999999999,0.8660254037844387,191.25,184.875,136.97916666666666,12.9,30.3,100.0,74.5,2.75,5.7803774,0.0,7.025,21.5,31.0,30.85,30.5,30.5,30.716666666666665,-15.28,0.0314815066666689,-0.020666666666667,6.240666666666667,6.282,21.48765431111111,6.283555555555556,5.834487,5.833274,5.813765,5.749656,5.7905006,0,0.0,0,1.0,-0.34,7.4,92.6
2023-01-02 13:30:00,106.160753516662,67.303696644444,67.317585005554,21.5,6.282,30.716666666666665,1,5.1764362714980825,70.66250196097344,13,0,1,-0.2588190451025208,-0.9659258262890684,0.0,1.0,0.4999999999999999,0.8660254037844387,187.5,189.125,147.4375,12.7,30.4,100.0,74.0,2.7,5.750918,0.0,7.05,21.5,30.95,31.0,30.85,30.5,30.65,-15.218,0.0,0.0620000000000002,6.22,6.342666666666667,21.48950616444445,6.247555555555556,5.7905006,5.834487,5.833274,5.813765,5.777933,0,0.0,0,1.0,-0.34,7.4,92.6
2023-01-02 13:45:00,95.256745194442,63.924942883334,63.938553472222,21.5,6.342666666666667,30.65,1,5.1764362714980825,70.66250196097344,13,0,1,-0.2588190451025208,-0.9659258262890684,0.0,1.0,0.4999999999999999,0.8660254037844387,183.75,189.375,156.16666666666666,12.5,30.5,100.0,73.5,2.65,5.721344,0.0,7.074999999999999,21.5,30.716666666666665,30.95,31.0,30.85,30.5,-15.157333333333334,0.0,0.060666666666667,6.282,6.449333333333334,21.5,6.281555555555556,5.777933,5.7905006,5.834487,5.833274,5.749656,0,0.0,0,1.0,-0.34,7.4,92.6
2023-01-02 14:00:00,105.75160326666,70.0255322,70.039698333332,21.5,6.449333333333334,30.5,1,5.1764362714980825,70.66250196097344,14,0,1,-0.4999999999999997,-0.8660254037844388,0.0,1.0,0.4999999999999999,0.8660254037844387,180.0,185.625,163.16666666666666,12.3,30.6,100.0,73.0,2.6,5.6916585,0.0,7.1,21.5,30.65,30.716666666666665,30.95,31.0,30.5,-15.050666666666666,0.0,0.1066666666666664,6.342666666666667,6.48,21.5,6.358000000000001,5.749656,5.777933,5.7905006,5.834487,5.749656,0,0.0,0,1.0,-0.34,7.4,92.6
2023-01-02 14:15:00,96.598636016662,69.375835922224,69.38861317778,21.5,6.48,30.5,1,5.1764362714980825,70.66250196097344,14,0,1,-0.4999999999999997,-0.8660254037844388,0.0,1.0,0.4999999999999999,0.8660254037844387,175.75,181.75,168.77083333333334,12.025,30.05,100.0,72.25,2.525,5.6606803,0.0,7.175,21.520370386666663,30.5,30.65,30.716666666666665,30.95,30.5,-15.02,0.0,0.0306666666666668,6.449333333333334,6.468000000000001,21.5,6.424000000000002,5.749656,5.749656,5.777933,5.7905006,5.7564387,0,0.0,0,1.0,-0.34,7.4,92.6
2023-01-02 14:30:00,127.378515755556,81.278970944444,81.29313706111,21.520370386666663,6.468000000000001,30.5,2,5.1764362714980825,70.66250196097344,14,0,1,-0.4999999999999997,-0.8660254037844388,0.0,1.0,0.4999999999999999,0.8660254037844387,171.5,177.75,172.97916666666666,11.75,29.5,100.0,71.5,2.45,5.629245,0.0,7.25,21.65555559,30.5,30.5,30.65,30.716666666666665,30.45,-15.052370386666666,0.0203703866666664,-0.0119999999999995,6.48,6.512,21.50679012888889,6.46577777777778,5.7564387,5.749656,5.749656,5.777933,5.792111,0,0.0,1,1.0,-0.34,7.4,92.6
2023-01-02 14:45:00,148.814880450002,97.325551272222,97.340828477776,21.65555559,6.512,30.45,2,5.1764362714980825,70.66250196097344,14,0,1,-0.4999999999999997,-0.8660254037844388,0.0,1.0,0.4999999999999999,0.8660254037844387,167.25,173.625,175.79166666666666,11.475,28.95,100.0,70.75,2.375,5.5973535,0.0,7.325,21.914814823333334,30.5,30.5,30.5,30.65,30.03333333333333,-15.143555589999998,0.1351852033333322,0.0439999999999987,6.468000000000001,6.504,21.55864199222222,6.486666666666668,5.792111,5.7564387,5.749656,5.749656,5.799026,0,0.0,0,1.0,-0.31,6.9,93.1
2023-01-02 15:00:00,127.965159122216,97.890806411112,97.90802802222,21.914814823333334,6.504,30.03333333333333,2,5.1764362714980825,70.66250196097344,15,0,1,-0.7071067811865471,-0.7071067811865479,0.0,1.0,0.4999999999999999,0.8660254037844387,163.0,169.375,177.20833333333334,11.2,28.4,100.0,70.0,2.3,5.5649996,0.0,7.4,22.02222225,30.45,30.5,30.5,30.5,29.65,-15.410814823333332,0.259259233333335,-0.0079999999999991,6.512,6.546666666666667,21.6969136,6.494666666666668,5.799026,5.792111,5.7564387,5.749656,5.760579,0,0.0,0,1.0,-0.25,6.3,93.7
2023-01-02 15:15:00,66.78371754444,35.575243566668,35.586076533332,22.02222225,6.546666666666667,29.65,1,5.1764362714980825,70.66250196097344,15,0,1,-0.7071067811865471,-0.7071067811865479,0.0,1.0,0.4999999999999999,0.8660254037844387,154.0,163.9375,176.85416666666666,10.65,27.6,100.0,69.75,2.25,5.5541124,0.0,7.425000000000001,21.81851854,30.03333333333333,30.45,30.5,30.5,29.683333333333334,-15.475555583333335,0.1074074266666684,0.0426666666666664,6.504,6.555999999999999,21.864197554444445,6.520888888888891,5.760579,5.799026,5.792111,5.7564387,5.699683,0,0.0,1,1.0,-0.23,6.1,93.9
2023-01-02 15:30:00,104.295272538886,68.590867388888,68.603922466664,21.81851854,6.555999999999999,29.683333333333334,1,5.1764362714980825,70.66250196097344,15,0,1,-0.7071067811865471,-0.7071067811865479,0.0,1.0,0.4999999999999999,0.8660254037844387,145.0,157.3125,174.72916666666666,10.1,26.8,100.0,69.5,2.2,5.5431724,0.0,7.45,21.73333333,29.65,30.03333333333333,30.45,30.5,29.95,-15.26251854,-0.2037037100000027,0.0093333333333323,6.546666666666667,6.548,21.918518537777786,6.535555555555557,5.699683,5.760579,5.799026,5.792111,5.7226663,0,0.0,0,1.0,-0.27,6.5,93.5
2023-01-02 15:45:00,155.631274533332,120.354907827778,120.373518249998,21.73333333,6.548,29.95,2,5.1764362714980825,70.66250196097344,15,0,1,-0.7071067811865471,-0.7071067811865479,0.0,1.0,0.4999999999999999,0.8660254037844387,136.0,149.5,170.83333333333334,9.55,26.0,100.0,69.25,2.15,5.5321813,0.0,7.475,22.022222216666663,29.683333333333334,29.65,30.03333333333333,30.45,29.35,-15.18533333,-0.0851852099999987,-0.0079999999999991,6.555999999999999,6.504,21.85802470666667,6.550222222222224,5.7226663,5.699683,5.760579,5.799026,5.7022934,0,0.0,1,1.0,-0.29,6.8,93.2
2023-01-02 16:00:00,141.753218611108,94.620659472222,94.635381133332,22.022222216666663,6.504,29.35,2,5.1764362714980825,70.66250196097344,16,0,1,-0.8660254037844385,-0.5000000000000004,0.0,1.0,0.4999999999999999,0.8660254037844387,127.0,140.5,165.16666666666666,9.0,25.2,100.0,69.0,2.1,5.5211377,0.0,7.5,22.11666666,29.95,29.683333333333334,29.65,30.03333333333333,29.0,-15.518222216666665,0.2888888866666654,-0.0439999999999995,6.548,6.46,21.85802469555556,6.536000000000001,5.7022934,5.7226663,5.699683,5.760579,5.6650376,0,0.0,0,1.0,-0.23,6.1,93.9
2023-01-02 16:15:00,142.0809832,96.635856611112,96.651689377776,22.11666666,6.46,29.0,2,5.1764362714980825,70.66250196097344,16,0,1,-0.8660254037844385,-0.5000000000000004,0.0,1.0,0.4999999999999999,0.8660254037844387,109.75,129.4375,158.375,7.55,24.3,99.75,71.5,2.425,5.656689,0.0,7.325,22.18333334333333,29.35,29.95,29.683333333333334,29.65,29.0,-15.65666666,0.0944444433333338,-0.0440000000000004,6.504,6.3613333333333335,21.957407402222227,6.504000000000001,5.6650376,5.7022934,5.7226663,5.699683,5.686828,0,0.0,0,1.0,-0.21,5.9,94.1
2023-01-02 16:30:00,113.818780633324,86.662644488888,86.678755011108,22.18333334333333,6.3613333333333335,29.0,2,5.1764362714980825,70.66250196097344,16,0,1,-0.8660254037844385,-0.5000000000000004,0.0,1.0,0.4999999999999999,0.8660254037844387,92.5,116.3125,150.45833333333334,6.1,23.4,99.5,74.0,2.75,5.7883887,0.0,7.15,22.116666650000003,29.0,29.35,29.95,29.683333333333334,29.0,-15.82200001,0.0666666833333344,-0.0986666666666664,6.46,6.207333333333334,22.107407406666667,6.441777777777779,5.686828,5.6650376,5.7022934,5.7226663,5.6650376,0,0.0,0,1.0,-0.19,5.8,94.2
2023-01-02 16:45:00,47.589762966668005,16.28712623889,16.295459305553997,22.116666650000003,6.207333333333334,29.0,1,5.1764362714980825,70.66250196097344,16,0,1,-0.8660254037844385,-0.5000000000000004,0.0,1.0,0.4999999999999999,0.8660254037844387,75.25,101.125,141.41666666666666,4.65,22.5,99.25,76.5,3.075,5.9162965,0.0,6.975,21.85185182,29.0,29.0,29.35,29.95,29.0,-15.909333316666668,-0.0666666933333317,-0.1539999999999999,6.3613333333333335,6.12,22.138888884444444,6.34288888888889,5.6650376,5.686828,5.6650376,5.7022934,5.579197,0,0.0,1,1.0,-0.21,5.9,94.1
2023-01-02 17:00:00,154.203553727782,117.8244535,117.841675044444,21.85185182,6.12,29.0,2,5.1764362714980825,70.66250196097344,17,0,1,-0.9659258262890684,-0.2588190451025206,0.0,1.0,0.4999999999999999,0.8660254037844387,58.0,83.875,131.25,3.2,21.6,99.0,79.0,3.4,6.0404744,0.0,6.8,21.95555555,29.0,29.0,29.0,29.35,29.0,-15.73185182,-0.2648148300000024,-0.0873333333333334,6.207333333333334,6.05,22.05061727111111,6.229555555555557,5.579197,5.6650376,5.686828,5.6650376,5.612677,0,0.0,1,1.0,-0.27,6.5,93.5
2023-01-02 17:15:00,140.958250477772,97.483044972222,97.498322194442,21.95555555,6.05,29.0,2,5.1764362714980825,70.66250196097344,17,0,1,-0.9659258262890684,-0.2588190451025206,0.0,1.0,0.4999999999999999,0.8660254037844387,46.5,68.0625,120.47916666666669,3.45,18.175,90.25,78.25,3.075,5.9056635,0.0,6.6,22.09259263,29.0,29.0,29.0,29.0,28.816666666666663,-15.90555555,0.1037037299999994,-0.0700000000000002,6.12,5.784666666666666,21.974691340000003,6.125777777777778,5.612677,5.579197,5.6650376,5.686828,5.621423,0,0.0,0,1.0,-0.24,6.2,93.8
2023-01-02 17:30:00,148.018245849994,101.786206172222,101.802038938886,22.09259263,5.784666666666666,28.816666666666663,2,5.1764362714980825,70.66250196097344,17,0,1,-0.9659258262890684,-0.2588190451025206,0.0,1.0,0.4999999999999999,0.8660254037844387,35.0,53.6875,109.10416666666669,3.7,14.75,81.5,77.5,2.75,5.7732058,0.0,6.4,22.20555555,29.0,29.0,29.0,29.0,28.5,-16.307925963333336,0.1370370800000024,-0.2653333333333334,6.05,5.756666666666666,21.96666666666667,5.984888888888889,5.621423,5.612677,5.579197,5.6650376,5.595931,0,0.0,0,1.0,-0.21,5.9,94.1
2023-01-02 17:45:00,132.231655138882,94.710655855556,94.72509976111,22.20555555,5.756666666666666,28.5,2,5.1764362714980825,70.66250196097344,17,0,1,-0.9659258262890684,-0.2588190451025206,0.0,1.0,0.4999999999999999,0.8660254037844387,23.5,40.75,97.125,3.95,11.325,72.75,76.75,2.425,5.6430693,0.0,6.2,22.242592586666667,28.816666666666663,29.0,29.0,29.0,28.5,-16.448888883333332,0.1129629199999975,-0.0280000000000004,5.784666666666666,5.558000000000001,22.084567910000004,5.863777777777778,5.595931,5.621423,5.612677,5.579197,5.6078734,0,0.0,0,1.0,-0.19,5.7,94.3
2023-01-02 18:00:00,115.157060399992,88.014257055556,88.02870096111,22.242592586666667,5.558000000000001,28.5,2,5.1764362714980825,70.66250196097344,18,0,1,-1.0,-1.8369701987210294e-16,0.0,1.0,0.4999999999999999,0.8660254037844387,12.0,29.25,84.54166666666667,4.2,7.9,64.0,76.0,2.1,5.515221,0.0,6.0,22.23333333,28.5,28.816666666666663,29.0,29.0,28.5,-16.684592586666668,0.0370370366666676,-0.1986666666666652,5.756666666666666,5.477333333333333,22.180246922222224,5.699777777777778,5.6078734,5.595931,5.621423,5.612677,5.6048856,0,0.0,0,1.0,-0.18,5.7,94.3
2023-01-02 18:15:00,109.323127099992,78.7160179,78.731017349998,22.23333333,5.477333333333333,28.5,2,5.1764362714980825,70.66250196097344,18,0,1,-1.0,-1.8369701987210294e-16,0.0,1.0,0.4999999999999999,0.8660254037844387,9.0,19.875,72.45833333333333,4.25,7.45,63.75,78.0,2.05,5.5046062,0.0,5.575,22.150000013333333,28.5,28.5,28.816666666666663,29.0,28.5,-16.755999996666667,-0.0092592566666667,-0.0806666666666675,5.558000000000001,5.502666666666667,22.227160488888888,5.597333333333334,5.6048856,5.6078734,5.595931,5.621423,5.5780625,0,0.0,0,1.0,-0.18,5.7,94.3
2023-01-02 18:30:00,117.889173111112,72.001842044444,72.013786,22.150000013333333,5.502666666666667,28.5,2,5.1764362714980825,70.66250196097344,18,0,1,-1.0,-1.8369701987210294e-16,0.0,1.0,0.4999999999999999,0.8660254037844387,6.0,12.625,60.875,4.300000000000001,7.0,63.5,80.0,2.0,5.489862,0.0,5.15,22.02222222,28.5,28.5,28.5,28.816666666666663,28.55,-16.647333346666667,-0.0833333166666676,0.025333333333334,5.477333333333333,5.6146666666666665,22.20864197666667,5.512666666666668,5.5780625,5.6048856,5.6078734,5.595931,5.546865,0,0.0,0,1.0,-0.2,5.9,94.1
2023-01-02 18:45:00,109.249796483334,66.235128255556,66.248183316666,22.02222222,5.6146666666666665,28.55,1,5.1764362714980825,70.66250196097344,18,0,1,-1.0,-1.8369701987210294e-16,0.0,1.0,0.4999999999999999,0.8660254037844387,3.0,7.5,49.79166666666666,4.3500000000000005,6.55,63.25,82.0,1.95,5.471193,0.0,4.725,21.87592592,28.5,28.5,28.5,28.5,28.966666666666665,-16.40755555333333,-0.1277777933333332,0.1119999999999992,5.502666666666667,5.5233333333333325,22.13518518777778,5.531555555555556,5.546865,5.5780625,5.6048856,5.6078734,5.5805335,0,0.0,1,1.0,-0.23,6.1,93.9
2023-01-02 19:00:00,103.611133088892,64.83046224444399,64.841572883334,21.87592592,5.5233333333333325,28.966666666666665,1,5.1764362714980825,70.66250196097344,19,0,1,-0.9659258262890684,0.2588190451025203,0.0,1.0,0.4999999999999999,0.8660254037844387,0.0,4.5,39.208333333333336,4.4,6.1,63.0,84.0,1.9,5.4488034,0.0,4.3,21.78888889,28.55,28.5,28.5,28.5,29.0,-16.352592586666667,-0.1462962999999995,-0.0913333333333339,5.6146666666666665,5.488,22.016049384444447,5.54688888888889,5.5805335,5.546865,5.5780625,5.6048856,5.5589547,0,0.0,0,1.0,-0.26,6.4,93.6
2023-01-02 19:15:00,106.219640011108,69.923036316666,69.93609136111,21.78888889,5.488,29.0,1,5.1764362714980825,70.66250196097344,19,0,1,-0.9659258262890684,0.2588190451025203,0.0,1.0,0.4999999999999999,0.8660254037844387,0.0,2.25,30.0625,5.15,6.925,57.75,86.75,1.375,5.290388,0.0,3.375,21.705555556666663,28.966666666666665,28.55,28.5,28.5,29.0,-16.30088889,-0.0870370300000011,-0.0353333333333321,5.5233333333333325,5.458,21.89567901,5.542000000000002,5.5589547,5.5805335,5.546865,5.5780625,5.5322585,0,0.0,0,1.0,-0.28,6.7,93.3
2023-01-02 19:30:00,94.399557249998,67.155646966668,67.168146466668,21.705555556666663,5.458,29.0,1,5.1764362714980825,70.66250196097344,19,0,1,-0.9659258262890684,0.2588190451025203,0.0,1.0,0.4999999999999999,0.8660254037844387,0.0,0.75,22.354166666666668,5.9,7.75,52.5,89.5,0.8499999999999999,5.128962,0.0,2.45,21.6666667,29.0,28.966666666666665,28.55,28.5,29.0,-16.24755555666666,-0.0833333333333357,-0.0300000000000002,5.488,5.3773333333333335,21.790123455555555,5.489777777777779,5.5322585,5.5589547,5.5805335,5.546865,5.5198402,0,0.0,0,1.0,-0.3,6.9,93.1
2023-01-02 19:45:00,422.238109899996,72.739590283334,72.753200872222,21.6666667,5.3773333333333335,29.0,2,5.1764362714980825,70.66250196097344,19,0,1,-0.9659258262890684,0.2588190451025203,0.0,1.0,0.4999999999999999,0.8660254037844387,0.0,0.0,16.083333333333332,6.65,8.575,47.25,92.25,0.3249999999999999,4.965366,0.0,1.525,21.6666667,29.0,29.0,28.966666666666665,28.55,29.0,-16.289333366666668,-0.0388888566666629,-0.0806666666666666,5.458,5.436000000000001,21.720370382222224,5.441111111111113,5.5198402,5.5322585,5.5589547,5.5805335,5.5198402,0,0.0,1,1.0,-0.31,7.0,93.0
2023-01-02 20:00:00,507.684969488892,64.719077833332,64.732132894442,21.6666667,5.436000000000001,29.0,1,5.1764362714980825,70.66250196097344,20,0,1,-0.8660254037844386,0.5000000000000001,0.0,1.0,0.4999999999999999,0.8660254037844387,0.0,0.0,11.25,7.4,9.4,42.0,95.0,-0.2,4.8003664,0.0,0.6,21.62777778,29.0,29.0,29.0,28.966666666666665,29.0,-16.2306667,0.0,0.0586666666666673,5.3773333333333335,5.391333333333334,21.67962965222222,5.423777777777779,5.5198402,5.5198402,5.5322585,5.5589547,5.507444,0,0.0,1,1.0,-0.31,7.0,93.0
2023-01-02 20:15:00,112.883817683338,70.659951255556,70.67161743889,21.62777778,5.391333333333334,29.0,1,5.1764362714980825,70.66250196097344,20,0,1,-0.8660254037844386,0.5000000000000001,0.0,1.0,0.4999999999999999,0.8660254037844387,0.0,0.0,7.375,6.775,9.2,56.5,94.75,-0.15,4.8041716,0.0,0.65,21.59074075,29.0,29.0,29.0,29.0,29.0,-16.236444446666667,-0.0388889200000015,-0.044666666666667,5.436000000000001,5.320666666666667,21.653703726666667,5.401555555555557,5.507444,5.5198402,5.5198402,5.5322585,5.495662,0,0.0,0,1.0,-0.32,7.1,92.9
2023-01-02 20:30:00,412.019351949998,68.497815527778,68.51198166111,21.59074075,5.320666666666667,29.0,1,5.1764362714980825,70.66250196097344,20,0,1,-0.8660254037844386,0.5000000000000001,0.0,1.0,0.4999999999999999,0.8660254037844387,0.0,0.0,4.458333333333333,6.15,9.0,71.0,94.5,-0.1,4.8079376,0.0,0.7,21.56111115,29.0,29.0,29.0,29.0,29.0,-16.270074083333334,-0.0370370299999969,-0.0706666666666668,5.391333333333334,5.193333333333333,21.628395076666667,5.382666666666669,5.495662,5.507444,5.5198402,5.5198402,5.486251,0,0.0,0,1.0,-0.33,7.3,92.7
2023-01-02 20:45:00,109.308960833332,73.392619744444,73.405119244444,21.56111115,5.193333333333333,29.0,2,5.1764362714980825,70.66250196097344,20,0,1,-0.8660254037844386,0.5000000000000001,0.0,1.0,0.4999999999999999,0.8660254037844387,0.0,0.0,2.5,5.525,8.8,85.5,94.25,-0.0499999999999999,4.811666,0.0,0.75,21.6074074,29.0,29.0,29.0,29.0,29.0,-16.367777816666667,-0.0296296000000033,-0.1273333333333335,5.320666666666667,5.162000000000001,21.59320989333333,5.30177777777778,5.486251,5.495662,5.507444,5.5198402,5.5009604,0,0.0,1,1.0,-0.34,7.4,92.6
2023-01-02 21:00:00,98.53355858333,71.230761788888,71.243539044444,21.6074074,5.162000000000001,29.0,2,5.1764362714980825,70.66250196097344,21,0,1,-0.7071067811865477,0.7071067811865474,0.0,1.0,0.4999999999999999,0.8660254037844387,0.0,0.0,1.5,4.9,8.6,100.0,94.0,-0.0,4.8153577,0.0,0.8,21.5888889,29.0,29.0,29.0,29.0,29.0,-16.4454074,0.046296250000001,-0.0313333333333325,5.193333333333333,5.0553333333333335,21.586419766666666,5.225333333333335,5.5009604,5.486251,5.495662,5.507444,5.495073,0,0.0,0,1.0,-0.33,7.2,92.8
2023-01-02 21:15:00,113.83239093889,71.028825366668,71.04104711111201,21.5888889,5.0553333333333335,29.0,2,5.1764362714980825,70.66250196097344,21,0,1,-0.7071067811865477,0.7071067811865474,0.0,1.0,0.4999999999999999,0.8660254037844387,0.0,0.0,0.75,4.75,8.075,100.0,93.5,-0.075,4.789744,0.0,0.8,21.557407450000003,29.0,29.0,29.0,29.0,29.0,-16.533555566666664,-0.0185185000000025,-0.1066666666666673,5.162000000000001,5.031999999999999,21.58580248333333,5.13688888888889,5.495073,5.5009604,5.486251,5.495662,5.4850764,0,0.0,0,1.0,-0.33,7.3,92.7
2023-01-02 21:30:00,122.405381188896,70.59300950000001,70.60495347222201,21.557407450000003,5.031999999999999,29.0,1,5.1764362714980825,70.66250196097344,21,0,1,-0.7071067811865477,0.7071067811865474,0.0,1.0,0.4999999999999999,0.8660254037844387,0.0,0.0,0.25,4.6,7.55,100.0,93.0,-0.15,4.7641306,0.0,0.8,21.55000004,29.0,29.0,29.0,29.0,29.0,-16.525407450000003,-0.031481449999994,-0.0233333333333343,5.0553333333333335,4.885999999999999,21.584567916666668,5.083111111111113,5.4850764,5.495073,5.5009604,5.486251,5.482725,0,0.0,1,1.0,-0.34,7.4,92.6
2023-01-02 21:45:00,102.46729014444,69.281673055556,69.29500587222199,21.55000004,4.885999999999999,29.0,1,5.1764362714980825,70.66250196097344,21,0,1,-0.7071067811865477,0.7071067811865474,0.0,1.0,0.4999999999999999,0.8660254037844387,0.0,0.0,0.0,4.45,7.025,100.0,92.5,-0.225,4.738517,0.0,0.8,21.503703706666663,29.0,29.0,29.0,29.0,29.0,-16.66400004,-0.0074074100000025,-0.1459999999999999,5.031999999999999,4.731333333333334,21.56543213,4.991111111111112,5.482725,5.4850764,5.495073,5.5009604,5.4680595,0,0.0,0,1.0,-0.34,7.4,92.6
2023-01-02 22:00:00,104.429156016666,73.187350155556,73.20040519999999,21.503703706666663,4.731333333333334,29.0,2,5.1764362714980825,70.66250196097344,22,0,1,-0.5000000000000004,0.8660254037844384,0.0,1.0,0.4999999999999999,0.8660254037844387,0.0,0.0,0.0,4.3,6.5,100.0,92.0,-0.3,4.712903,0.0,0.8,21.53888892,29.0,29.0,29.0,29.0,28.95,-16.77237037333333,-0.0462963333333341,-0.1546666666666656,4.885999999999999,4.694,21.537037065555555,4.883111111111112,5.4680595,5.482725,5.4850764,5.495073,5.4697566,0,0.0,1,1.0,-0.35,7.5,92.5
2023-01-02 22:15:00,109.862272066664,73.753994188888,73.767327005554,21.53888892,4.694,28.95,2,5.1764362714980825,70.66250196097344,22,0,1,-0.5000000000000004,0.8660254037844384,0.0,1.0,0.4999999999999999,0.8660254037844387,0.0,0.0,0.0,4.75,7.125,100.0,92.25,-0.375,4.693463,0.0,0.7000000000000001,21.5555556,29.0,29.0,29.0,29.0,28.53333333333333,-16.84488892,0.0351852133333316,-0.0373333333333336,4.731333333333334,4.703333333333333,21.53086422222222,4.770444444444446,5.4697566,5.4680595,5.482725,5.4850764,5.3962326,0,0.0,0,1.0,-0.34,7.4,92.6
2023-01-02 22:30:00,100.395984049998,68.52420333889,68.53670283889,21.5555556,4.703333333333333,28.53333333333333,1,5.1764362714980825,70.66250196097344,22,0,1,-0.5000000000000004,0.8660254037844384,0.0,1.0,0.4999999999999999,0.8660254037844387,0.0,0.0,0.0,5.2,7.75,100.0,92.5,-0.4499999999999999,4.6740413,0.0,0.6000000000000001,21.52222224,28.95,29.0,29.0,29.0,28.5,-16.85222226666667,0.0166666800000037,0.0093333333333331,4.694,4.676666666666667,21.532716075555555,4.709555555555557,5.3962326,5.4697566,5.4680595,5.482725,5.379544,0,0.0,1,1.0,-0.34,7.4,92.6
2023-01-02 22:45:00,120.523789888892,73.387897683334,73.39928611111199,21.52222224,4.676666666666667,28.5,2,5.1764362714980825,70.66250196097344,22,0,1,-0.5000000000000004,0.8660254037844384,0.0,1.0,0.4999999999999999,0.8660254037844387,0.0,0.0,0.0,5.65,8.375,100.0,92.75,-0.525,4.6546407,0.0,0.5,21.551851893333332,28.53333333333333,28.95,29.0,29.0,28.5,-16.845555573333336,-0.0333333600000003,-0.0266666666666663,4.703333333333333,4.696666666666667,21.53888892,4.691333333333335,5.379544,5.3962326,5.4697566,5.4680595,5.388773,0,0.0,1,1.0,-0.35,7.5,92.5
2023-01-02 23:00:00,121.786794783342,73.340955144444,73.353176888888,21.551851893333332,4.696666666666667,28.5,2,5.1764362714980825,70.66250196097344,23,0,1,-0.2588190451025215,0.965925826289068,0.0,1.0,0.4999999999999999,0.8660254037844387,0.0,0.0,0.0,6.1,9.0,100.0,93.0,-0.6,4.6352587,0.0,0.4,21.5555556,28.5,28.53333333333333,28.95,29.0,28.5,-16.85518522666667,0.029629653333334,0.0200000000000004,4.676666666666667,4.7,21.54320991111112,4.692222222222223,5.388773,5.379544,5.3962326,5.4697566,5.389929,0,0.0,0,1.0,-0.34,7.4,92.6
2023-01-02 23:15:00,100.40070606111,72.989858055556,73.0029131,21.5555556,4.7,28.5,2,5.1764362714980825,70.66250196097344,23,0,1,-0.2588190451025215,0.965925826289068,0.0,1.0,0.4999999999999999,0.8660254037844387,0.0,0.0,0.0,6.125,9.275,100.0,93.25,-0.7,4.600058,0.0,0.25,21.5555556,28.5,28.5,28.53333333333333,28.95,28.5,-16.855555600000002,0.0037037066666663,0.0033333333333329,4.696666666666667,4.752,21.54320991111112,4.691111111111113,5.389929,5.388773,5.379544,5.3962326,5.389929,0,0.0,0,1.0,-0.34,7.4,92.6
2023-01-02 23:30:00,104.445544194446,73.035967344444,73.048744616666,21.5555556,4.752,28.5,2,5.1764362714980825,70.66250196097344,23,0,1,-0.2588190451025215,0.965925826289068,0.0,1.0,0.4999999999999999,0.8660254037844387,0.0,0.0,0.0,6.15,9.55,100.0,93.5,-0.8,4.5650325,0.0,0.0999999999999999,21.55000004,28.5,28.5,28.5,28.53333333333333,28.5,-16.803555600000003,0.0,0.0519999999999996,4.7,4.736666666666666,21.55432103111111,4.716222222222224,5.389929,5.389929,5.388773,5.379544,5.388196,0,0.0,0,1.0,-0.34,7.4,92.6
2023-01-02 23:45:00,108.795370277776,73.178461644444,73.190683372222,21.55000004,4.736666666666666,28.5,2,5.1764362714980825,70.66250196097344,23,0,1,-0.2588190451025215,0.965925826289068,0.0,1.0,0.4999999999999999,0.8660254037844387,0.0,0.0,0.0,6.175,9.825,100.0,93.75,-0.9,4.530183,0.0,-0.05,21.503703706666663,28.5,28.5,28.5,28.5,28.5,-16.813333373333336,-0.0055555600000012,-0.0153333333333334,4.752,4.69,21.553703746666667,4.729555555555557,5.388196,5.389929,5.389929,5.388773,5.373782,0,0.0,0,1.0,-0.34,7.4,92.6
2023-01-03 00:00:00,114.350147877784,73.145962927778,73.157629111112,21.503703706666663,4.69,28.5,2,5.1764362714980825,70.66250196097344,0,1,1,0.0,1.0,0.7818314824680298,0.6234898018587336,0.4999999999999999,0.8660254037844387,0.0,0.0,0.0,6.2,10.1,100.0,94.0,-1.0,4.495508,0.0,-0.2,21.54444445333333,28.5,28.5,28.5,28.5,28.5,-16.813703706666665,-0.0462963333333341,-0.0466666666666668,4.736666666666666,4.715333333333334,21.536419782222225,4.726222222222224,5.373782,5.388196,5.389929,5.389929,5.3864655,0,0.0,0,1.0,-0.35,7.6,92.4
2023-01-03 00:15:00,133.612432938894,85.966283444444,85.979338488888,21.54444445333333,4.715333333333334,28.5,2,5.1764362714980825,70.66250196097344,0,1,1,0.0,1.0,0.7818314824680298,0.6234898018587336,0.4999999999999999,0.8660254037844387,0.0,0.0,0.0,5.775,9.925,100.0,94.25,-1.1,4.476447,0.0,-0.3,21.62777780333333,28.5,28.5,28.5,28.5,28.5,-16.829111119999997,0.040740746666664,0.025333333333334,4.69,4.66,21.532716066666666,4.714000000000001,5.3864655,5.373782,5.388196,5.389929,5.412488,0,0.0,0,1.0,-0.34,7.5,92.5
2023-01-03 00:30:00,128.891788672218,90.294721416666,90.308609777776,21.62777780333333,4.66,28.5,2,5.1764362714980825,70.66250196097344,0,1,1,0.0,1.0,0.7818314824680298,0.6234898018587336,0.4999999999999999,0.8660254037844387,0.0,0.0,0.0,5.35,9.75,100.0,94.5,-1.2,4.4574084,0.0,-0.4,21.66111114,28.5,28.5,28.5,28.5,28.5,-16.967777803333334,0.0833333500000037,-0.0553333333333334,4.715333333333334,4.620666666666667,21.558641987777776,4.688444444444445,5.412488,5.3864655,5.373782,5.388196,5.4229293,0,0.0,0,1.0,-0.32,7.2,92.8
2023-01-03 00:45:00,94.034849638886,66.78232861666599,66.794272572222,21.66111114,4.620666666666667,28.5,1,5.1764362714980825,70.66250196097344,0,1,1,0.0,1.0,0.7818314824680298,0.6234898018587336,0.4999999999999999,0.8660254037844387,0.0,0.0,0.0,4.925,9.575,100.0,94.75,-1.2999999999999998,4.438394,0.0,-0.5,21.59444445666667,28.5,28.5,28.5,28.5,28.5,-17.04044447333333,0.033333336666665,-0.0393333333333334,4.66,4.504,21.61111113222222,4.665333333333335,5.4229293,5.412488,5.3864655,5.373782,5.4020653,0,0.0,1,1.0,-0.32,7.1,92.9
2023-01-03 01:00:00,105.388839911108,73.12596376111,73.13846326111,21.59444445666667,4.504,28.5,2,5.1764362714980825,70.66250196097344,1,1,1,0.2588190451025207,0.9659258262890684,0.7818314824680298,0.6234898018587336,0.4999999999999999,0.8660254037844387,0.0,0.0,0.0,4.5,9.4,100.0,95.0,-1.4,4.419404,0.0,-0.6,21.5555556,28.5,28.5,28.5,28.5,28.5,-17.090444456666667,-0.0666666833333309,-0.1166666666666662,4.620666666666667,4.324666666666667,21.627777800000004,4.59488888888889,5.4020653,5.4229293,5.412488,5.3864655,5.389929,0,0.0,1,1.0,-0.33,7.3,92.7
2023-01-03 01:15:00,115.991193533332,73.505115244444,73.517892516666,21.5555556,4.324666666666667,28.5,2,5.1764362714980825,70.66250196097344,1,1,1,0.2588190451025207,0.9659258262890684,0.7818314824680298,0.6234898018587336,0.4999999999999999,0.8660254037844387,0.0,0.0,0.0,4.45,8.75,100.0,95.0,-1.375,4.419404,0.0,-0.6,21.5555556,28.5,28.5,28.5,28.5,28.5,-17.230888933333333,-0.0388888566666665,-0.1793333333333331,4.504,4.282,21.603703732222225,4.483111111111113,5.389929,5.4020653,5.4229293,5.412488,5.389929,0,0.0,0,1.0,-0.34,7.4,92.6
2023-01-03 01:30:00,116.614223927786,73.328733383334,73.342621744444,21.5555556,4.282,28.5,2,5.1764362714980825,70.66250196097344,1,1,1,0.2588190451025207,0.9659258262890684,0.7818314824680298,0.6234898018587336,0.4999999999999999,0.8660254037844387,0.0,0.0,0.0,4.4,8.1,100.0,95.0,-1.35,4.419404,0.0,-0.6,21.51666668,28.5,28.5,28.5,28.5,28.5,-17.2735556,0.0,-0.0426666666666673,4.324666666666667,4.468666666666667,21.568518552222223,4.370222222222224,5.389929,5.389929,5.4020653,5.4229293,5.3778143,0,0.0,0,1.0,-0.34,7.4,92.6
2023-01-03 01:45:00,116.005637322224,73.97342986111,73.985651588888,21.51666668,4.468666666666667,28.5,2,5.1764362714980825,70.66250196097344,1,1,1,0.2588190451025207,0.9659258262890684,0.7818314824680298,0.6234898018587336,0.4999999999999999,0.8660254037844387,0.0,0.0,0.0,4.35,7.45,100.0,95.0,-1.325,4.419404,0.0,-0.6,21.520370386666663,28.5,28.5,28.5,28.5,28.5,-17.048000013333333,-0.0388889200000015,0.1866666666666665,4.282,4.476,21.54259262666667,4.358444444444445,5.3778143,5.389929,5.389929,5.4020653,5.378967,0,0.0,0,1.0,-0.35,7.5,92.5
2023-01-03 02:00:00,109.254518744436,73.74427232777799,73.756494055556,21.520370386666663,4.476,28.5,2,5.1764362714980825,70.66250196097344,2,1,1,0.4999999999999999,0.8660254037844387,0.7818314824680298,0.6234898018587336,0.4999999999999999,0.8660254037844387,0.0,0.0,0.0,4.3,6.8,100.0,95.0,-1.3,4.419404,0.0,-0.6,21.52222224,28.5,28.5,28.5,28.5,28.5,-17.044370386666667,0.0037037066666663,0.0073333333333334,4.468666666666667,4.539333333333333,21.53086422222222,4.40888888888889,5.378967,5.3778143,5.389929,5.389929,5.379544,0,0.0,0,1.0,-0.35,7.5,92.5
2023-01-03 02:15:00,100.608197861106,73.279013155556,73.2920682,21.52222224,4.539333333333333,28.5,2,5.1764362714980825,70.66250196097344,2,1,1,0.4999999999999999,0.8660254037844387,0.7818314824680298,0.6234898018587336,0.4999999999999999,0.8660254037844387,0.0,0.0,0.0,4.825,7.075,100.0,95.0,-1.275,4.427062,0.0,-0.575,21.53148150666667,28.5,28.5,28.5,28.5,28.5,-16.982888906666666,0.0018518533333349,0.0633333333333334,4.476,4.533333333333333,21.519753102222225,4.494666666666668,5.379544,5.378967,5.3778143,5.389929,5.382425,0,0.0,0,1.0,-0.35,7.5,92.5
2023-01-03 02:30:00,105.513557155552,73.765104811112,73.77732653889,21.53148150666667,4.533333333333333,28.5,2,5.1764362714980825,70.66250196097344,2,1,1,0.4999999999999999,0.8660254037844387,0.7818314824680298,0.6234898018587336,0.4999999999999999,0.8660254037844387,0.0,0.0,0.0,5.35,7.35,100.0,95.0,-1.25,4.4347315,0.0,-0.55,21.53333336,28.5,28.5,28.5,28.5,28.5,-16.998148173333334,0.0092592666666675,-0.0060000000000002,4.539333333333333,4.336,21.52469137777778,4.516222222222223,5.382425,5.379544,5.378967,5.3778143,5.383003,0,0.0,0,1.0,-0.35,7.5,92.5
2023-01-03 02:45:00,125.631918838894,73.595667172222,73.607333355556,21.53333336,4.336,28.5,2,5.1764362714980825,70.66250196097344,2,1,1,0.4999999999999999,0.8660254037844387,0.7818314824680298,0.6234898018587336,0.4999999999999999,0.8660254037844387,0.0,0.0,0.0,5.875,7.625,100.0,95.0,-1.225,4.442413,0.0,-0.525,21.503703706666663,28.5,28.5,28.5,28.5,28.5,-17.197333359999995,0.0018518533333278,-0.1973333333333329,4.533333333333333,4.252666666666666,21.52901236888889,4.469555555555558,5.383003,5.382425,5.379544,5.378967,5.373782,0,0.0,0,1.0,-0.35,7.5,92.5
2023-01-03 03:00:00,116.160908894446,73.155684755556,73.167628711112,21.503703706666663,4.252666666666666,28.5,2,5.1764362714980825,70.66250196097344,3,1,1,0.7071067811865476,0.7071067811865476,0.7818314824680298,0.6234898018587336,0.4999999999999999,0.8660254037844387,0.0,0.0,0.0,6.4,7.9,100.0,95.0,-1.2,4.4501047,0.0,-0.5,21.46111108,28.5,28.5,28.5,28.5,28.5,-17.25103704,-0.0296296533333304,-0.0833333333333339,4.336,4.084,21.522839524444446,4.374000000000001,5.373782,5.383003,5.382425,5.379544,5.3605485,0,0.0,0,1.0,-0.35,7.6,92.4
2023-01-03 03:15:00,105.81882266111,72.797643527778,72.810976344444,21.46111108,4.084,28.5,2,5.1764362714980825,70.66250196097344,3,1,1,0.7071067811865476,0.7071067811865476,0.7818314824680298,0.6234898018587336,0.4999999999999999,0.8660254037844387,0.0,0.0,0.0,6.525,8.175,100.0,95.5,-1.35,4.411989,0.0,-0.7,21.4444444,28.5,28.5,28.5,28.5,28.5,-17.377111080000002,-0.0425926266666643,-0.1686666666666667,4.252666666666666,3.9886666666666666,21.499382715555555,4.224222222222224,5.3605485,5.373782,5.383003,5.382425,5.3553786,0,0.0,0,1.0,-0.36,7.7,92.3
2023-01-03 03:30:00,108.421496433328,72.94235997222201,72.955415016666,21.4444444,3.9886666666666666,28.5,2,5.1764362714980825,70.66250196097344,3,1,1,0.7071067811865476,0.7071067811865476,0.7818314824680298,0.6234898018587336,0.4999999999999999,0.8660254037844387,0.0,0.0,0.0,6.65,8.45,100.0,96.0,-1.5,4.3739777,0.0,-0.9,21.4444444,28.5,28.5,28.5,28.5,28.5,-17.45577773333333,-0.0166666800000037,-0.095333333333333,4.084,3.822666666666666,21.469753062222225,4.108444444444445,5.3553786,5.3605485,5.373782,5.383003,5.3553786,0,0.0,0,1.0,-0.37,7.8,92.2
2023-01-03 03:45:00,98.434673605554,71.185763555556,71.197707511112,21.4444444,3.822666666666666,28.5,2,5.1764362714980825,70.66250196097344,3,1,1,0.7071067811865476,0.7071067811865476,0.7818314824680298,0.6234898018587336,0.4999999999999999,0.8660254037844387,0.0,0.0,0.0,6.775,8.725,100.0,96.5,-1.65,4.336074,0.0,-1.1,21.4444444,28.5,28.5,28.5,28.5,28.5,-17.62177773333333,0.0,-0.1660000000000003,3.9886666666666666,3.736,21.44999996,3.965111111111112,5.3553786,5.3553786,5.3605485,5.373782,5.3553786,0,0.0,0,1.0,-0.37,7.8,92.2
2023-01-03 04:00:00,114.171266349998,73.06846606111,73.08068780555399,21.4444444,3.736,28.5,2,5.1764362714980825,70.66250196097344,4,1,1,0.8660254037844386,0.5000000000000001,0.7818314824680298,0.6234898018587336,0.4999999999999999,0.8660254037844387,0.0,0.0,0.0,6.9,9.0,100.0,97.0,-1.8,4.2982817,0.0,-1.3,21.43888885,28.5,28.5,28.5,28.5,28.5,-17.708444399999998,0.0,-0.0866666666666664,3.822666666666666,3.627333333333333,21.4444444,3.849111111111112,5.3553786,5.3553786,5.3553786,5.3605485,5.353656,0,0.0,0,1.0,-0.37,7.8,92.2
2023-01-03 04:15:00,122.765922450002,71.467974533332,71.48019626111,21.43888885,3.627333333333333,28.5,2,5.1764362714980825,70.66250196097344,4,1,1,0.8660254037844386,0.5000000000000001,0.7818314824680298,0.6234898018587336,0.4999999999999999,0.8660254037844387,0.0,0.0,0.0,6.875,9.0,100.0,97.0,-1.7,4.328318,0.0,-1.2,21.3925926,28.5,28.5,28.5,28.5,28.5,-17.81155551666667,-0.0055555499999968,-0.1086666666666666,3.736,3.559333333333333,21.44259255,3.7286666666666672,5.353656,5.3553786,5.3553786,5.3553786,5.339322,0,0.0,0,1.0,-0.37,7.8,92.2
2023-01-03 04:30:00,106.148809411112,70.993549044444,71.005770788888,21.3925926,3.559333333333333,28.5,2,5.1764362714980825,70.66250196097344,4,1,1,0.8660254037844386,0.5000000000000001,0.7818314824680298,0.6234898018587336,0.4999999999999999,0.8660254037844387,0.0,0.0,0.0,6.85,9.0,100.0,97.0,-1.6,4.3585405,0.0,-1.1,21.37777779,28.5,28.5,28.5,28.5,28.5,-17.833259266666666,-0.046296250000001,-0.0679999999999996,3.627333333333333,3.5853333333333333,21.42530861666667,3.64088888888889,5.339322,5.353656,5.3553786,5.3553786,5.334741,0,0.0,0,1.0,-0.38,8.0,92.0
2023-01-03 04:45:00,95.994215677776,63.987995927778,64.0007732,21.37777779,3.5853333333333333,28.5,1,5.1764362714980825,70.66250196097344,4,1,1,0.8660254037844386,0.5000000000000001,0.7818314824680298,0.6234898018587336,0.4999999999999999,0.8660254037844387,0.0,0.0,0.0,6.825,9.0,100.0,97.0,-1.5,4.3889475,0.0,-1.0,21.285185206666664,28.5,28.5,28.5,28.5,28.5,-17.792444456666665,-0.0148148100000007,0.0259999999999998,3.559333333333333,3.496,21.403086413333337,3.590666666666668,5.334741,5.339322,5.353656,5.3553786,5.306192,0,0.0,1,1.0,-0.38,8.0,92.0
2023-01-03 05:00:00,114.682912483334,78.988507,79.001284272222,21.285185206666664,3.496,28.5,2,5.1764362714980825,70.66250196097344,5,1,1,0.9659258262890684,0.2588190451025207,0.7818314824680298,0.6234898018587336,0.4999999999999999,0.8660254037844387,0.0,0.0,0.0,6.8,9.0,100.0,97.0,-1.4,4.41954,0.0,-0.9,21.38333335,28.5,28.5,28.5,28.5,28.5,-17.789185206666666,-0.0925925833333352,-0.0893333333333332,3.5853333333333333,3.5646666666666667,21.35185186555556,3.5468888888888905,5.306192,5.334741,5.339322,5.353656,5.336458,0,0.0,1,1.0,-0.4,8.4,91.6
2023-01-03 05:15:00,152.979436194442,123.706718216666,123.72532862222,21.38333335,3.5646666666666667,28.5,2,5.1764362714980825,70.66250196097344,5,1,1,0.9659258262890684,0.2588190451025207,0.7818314824680298,0.6234898018587336,0.4999999999999999,0.8660254037844387,0.0,0.0,0.0,6.55,8.825,100.0,96.5,-1.2999999999999998,4.4504685,0.0,-0.7250000000000001,21.729629653333333,28.5,28.5,28.5,28.5,28.316666666666663,-17.81866668333333,0.0981481433333328,0.0686666666666666,3.496,3.642,21.348765448888887,3.548666666666668,5.336458,5.306192,5.334741,5.339322,5.4094205,0,0.0,0,1.0,-0.38,8.0,92.0
2023-01-03 05:30:00,156.40818783889,108.574823483334,108.59176732222,21.729629653333333,3.642,28.316666666666663,2,5.1764362714980825,70.66250196097344,5,1,1,0.9659258262890684,0.2588190451025207,0.7818314824680298,0.6234898018587336,0.4999999999999999,0.8660254037844387,0.0,0.0,0.0,6.3,8.65,100.0,96.0,-1.2,4.481413,0.0,-0.55,21.9222222,28.5,28.5,28.5,28.5,28.0,-18.08762965333333,0.3462963033333359,0.0773333333333332,3.5646666666666667,3.736,21.466049403333333,3.567555555555557,5.4094205,5.336458,5.306192,5.334741,5.408729,0,0.0,0,1.0,-0.3,6.9,93.1
2023-01-03 05:45:00,146.481362794442,96.212540244444,96.226706377776,21.9222222,3.736,28.0,2,5.1764362714980825,70.66250196097344,5,1,1,0.9659258262890684,0.2588190451025207,0.7818314824680298,0.6234898018587336,0.4999999999999999,0.8660254037844387,0.0,0.0,0.0,6.05,8.475000000000001,100.0,95.5,-1.1,4.5123687,0.0,-0.3750000000000001,21.91296295,28.316666666666663,28.5,28.5,28.5,28.0,-18.1862222,0.1925925466666669,0.0939999999999998,3.642,3.6606666666666654,21.67839506777777,3.647555555555556,5.408729,5.4094205,5.336458,5.306192,5.4058414,0,0.0,0,1.0,-0.26,6.4,93.6
2023-01-03 06:00:00,123.461450527766,96.277259855556,96.294203694442,21.91296295,3.6606666666666654,28.0,2,5.1764362714980825,70.66250196097344,6,1,1,1.0,6.123233995736766e-17,0.7818314824680298,0.6234898018587336,0.4999999999999999,0.8660254037844387,0.0,0.0,0.0,5.8,8.3,100.0,95.0,-1.0,4.5433326,0.0,-0.2,21.9444444,28.0,28.316666666666663,28.5,28.5,28.0,-18.252296283333333,-0.0092592499999994,-0.0753333333333334,3.736,3.605333333333333,21.85493826777778,3.679555555555557,5.4058414,5.408729,5.4094205,5.336458,5.4156656,0,0.0,0,1.0,-0.26,6.4,93.6
2023-01-03 06:15:00,125.293599188888,90.143060783334,90.156949144444,21.9444444,3.605333333333333,28.0,2,5.1764362714980825,70.66250196097344,6,1,1,1.0,6.123233995736766e-17,0.7818314824680298,0.6234898018587336,0.4999999999999999,0.8660254037844387,0.0,0.0,0.0,5.725,8.75,100.0,93.5,-0.675,4.6442018,0.0,0.35,21.90370366333333,28.0,28.0,28.316666666666663,28.5,28.0,-18.339111066666664,0.0314814499999975,-0.055333333333333,3.6606666666666654,3.634,21.926543183333337,3.667333333333334,5.4156656,5.4058414,5.408729,5.4094205,5.4029527,0,0.0,0,1.0,-0.25,6.3,93.7
2023-01-03 06:30:00,98.845490472222,63.407463583334,63.418851994446,21.90370366333333,3.634,28.0,1,5.1764362714980825,70.66250196097344,6,1,1,1.0,6.123233995736766e-17,0.7818314824680298,0.6234898018587336,0.4999999999999999,0.8660254037844387,0.0,0.0,0.0,5.65,9.2,100.0,92.0,-0.35,4.745256,0.0,0.9000000000000001,21.70555557,28.0,28.0,28.0,28.316666666666663,28.35,-18.26970366333333,-0.0407407366666667,0.0286666666666666,3.605333333333333,3.7006666666666654,21.92037033777778,3.633333333333334,5.4029527,5.4156656,5.4058414,5.408729,5.40826,0,0.0,1,1.0,-0.26,6.4,93.6
2023-01-03 06:45:00,111.028336555552,72.717091233332,72.729590733332,21.70555557,3.7006666666666654,28.35,2,5.1764362714980825,70.66250196097344,6,1,1,1.0,6.123233995736766e-17,0.7818314824680298,0.6234898018587336,0.4999999999999999,0.8660254037844387,0.0,0.0,0.0,5.575,9.65,100.0,90.5,-0.0249999999999999,4.8463745,0.0,1.4500000000000002,21.562963006666667,28.0,28.0,28.0,28.0,28.5,-18.004888903333335,-0.1981480933333301,0.0666666666666664,3.634,3.814,21.85123454444444,3.646666666666668,5.40826,5.4029527,5.4156656,5.4058414,5.3922386,0,0.0,1,1.0,-0.31,7.0,93.0
2023-01-03 07:00:00,120.2901882,72.944026572222,72.956248316666,21.562963006666667,3.814,28.5,2,5.1764362714980825,70.66250196097344,7,1,1,0.9659258262890684,-0.2588190451025206,0.7818314824680298,0.6234898018587336,0.4999999999999999,0.8660254037844387,0.0,0.0,0.0,5.5,10.1,100.0,89.0,0.3,4.9474335,0.0,2.0,21.5555556,28.35,28.0,28.0,28.0,28.5,-17.748963006666667,-0.1425925633333342,0.1133333333333337,3.7006666666666654,3.817333333333333,21.724074080000005,3.716222222222224,5.3922386,5.40826,5.4029527,5.4156656,5.389929,0,0.0,0,1.0,-0.34,7.4,92.6
2023-01-03 07:15:00,115.613986438886,73.535114011112,73.547057966668,21.5555556,3.817333333333333,28.5,2,5.1764362714980825,70.66250196097344,7,1,1,0.9659258262890684,-0.2588190451025206,0.7818314824680298,0.6234898018587336,0.4999999999999999,0.8660254037844387,0.0,0.0,0.0,5.85,11.45,100.0,88.5,0.3,4.93633,0.025,2.05,21.5555556,28.5,28.35,28.0,28.0,28.5,-17.738222266666668,-0.0074074066666653,0.0033333333333329,3.814,3.7146666666666666,21.60802472555556,3.7773333333333343,5.389929,5.3922386,5.40826,5.4029527,5.389929,0,0.0,0,1.0,-0.34,7.4,92.6
2023-01-03 07:30:00,100.55014483332,73.331233333332,73.345399466664,21.5555556,3.7146666666666666,28.5,2,5.1764362714980825,70.66250196097344,7,1,1,0.9659258262890684,-0.2588190451025206,0.7818314824680298,0.6234898018587336,0.4999999999999999,0.8660254037844387,0.0,0.0,0.0,6.2,12.8,100.0,88.0,0.3,4.9250875,0.05,2.1,21.51666668,28.5,28.5,28.35,28.0,28.5,-17.840888933333336,0.0,-0.1026666666666664,3.817333333333333,3.728666666666667,21.55802473555556,3.782000000000002,5.389929,5.389929,5.3922386,5.40826,5.3778143,0,0.0,0,1.0,-0.34,7.4,92.6
2023-01-03 07:45:00,104.657480333328,73.318456044444,73.3320666,21.51666668,3.728666666666667,28.5,2,5.1764362714980825,70.66250196097344,7,1,1,0.9659258262890684,-0.2588190451025206,0.7818314824680298,0.6234898018587336,0.4999999999999999,0.8660254037844387,0.0,0.0,0.0,6.550000000000001,14.15,100.0,87.5,0.3,4.913705,0.075,2.1500000000000004,21.5,28.5,28.5,28.5,28.35,28.5,-17.788000013333335,-0.0388889200000015,0.0140000000000002,3.7146666666666666,3.852,21.54259262666667,3.753555555555556,5.3778143,5.389929,5.389929,5.3922386,5.372629,0,0.0,0,1.0,-0.35,7.5,92.5
2023-01-03 08:00:00,112.068572677776,73.744272327778,73.757605144444,21.5,3.852,28.5,2,5.1764362714980825,70.66250196097344,8,1,1,0.8660254037844387,-0.4999999999999998,0.7818314824680298,0.6234898018587336,0.4999999999999999,0.8660254037844387,0.0,0.0,0.0,6.9,15.5,100.0,87.0,0.3,4.902181,0.1,2.2,21.49444444,28.5,28.5,28.5,28.5,28.5,-17.648,-0.0166666800000001,0.123333333333333,3.728666666666667,3.922,21.524074093333336,3.765111111111112,5.372629,5.3778143,5.389929,5.389929,5.3709016,0,0.0,0,1.0,-0.35,7.6,92.4
2023-01-03 08:15:00,116.512839349998,73.208460411112,73.222071,21.49444444,3.922,28.5,2,5.1764362714980825,70.66250196097344,8,1,1,0.8660254037844387,-0.4999999999999998,0.7818314824680298,0.6234898018587336,0.4999999999999999,0.8660254037844387,0.0,0.0,0.0,6.8500000000000005,15.4,100.0,87.0,0.375,4.935439,0.075,2.3000000000000003,21.448148106666665,28.5,28.5,28.5,28.5,28.683333333333334,-17.572444439999998,-0.0055555600000012,0.0699999999999998,3.852,4.116666666666666,21.50370370666667,3.8342222222222233,5.3709016,5.372629,5.3778143,5.389929,5.3909845,0,0.0,0,1.0,-0.36,7.6,92.4
2023-01-03 08:30:00,119.7177111,73.687330172222,73.700662988888,21.448148106666665,4.116666666666666,28.683333333333334,2,5.1764362714980825,70.66250196097344,8,1,1,0.8660254037844387,-0.4999999999999998,0.7818314824680298,0.6234898018587336,0.4999999999999999,0.8660254037844387,0.0,0.0,0.0,6.800000000000001,15.3,100.0,87.0,0.4499999999999999,4.9688935,0.05,2.4000000000000004,21.4444444,28.5,28.5,28.5,28.5,29.0,-17.331481439999997,-0.0462963333333341,0.1946666666666665,3.922,4.293333333333334,21.480864182222223,3.9635555555555566,5.3909845,5.3709016,5.372629,5.3778143,5.449332,0,0.0,0,1.0,-0.36,7.8,92.2
2023-01-03 08:45:00,109.168966583326,73.863712,73.878155905554,21.4444444,4.293333333333334,29.0,2,5.1764362714980825,70.66250196097344,8,1,1,0.8660254037844387,-0.4999999999999998,0.7818314824680298,0.6234898018587336,0.4999999999999999,0.8660254037844387,0.0,0.0,0.0,6.75,15.2,100.0,87.0,0.525,5.0025463,0.0249999999999999,2.5,21.4444444,28.683333333333334,28.5,28.5,28.5,29.0,-17.151111066666665,-0.0037037066666663,0.1766666666666676,4.116666666666666,4.376,21.46234564888889,4.110666666666668,5.449332,5.3909845,5.3709016,5.372629,5.449332,0,0.0,0,1.0,-0.36,7.8,92.2
2023-01-03 09:00:00,100.548756038874,73.315400633332,73.330677855552,21.4444444,4.376,29.0,2,5.1764362714980825,70.66250196097344,9,1,1,0.7071067811865476,-0.7071067811865475,0.7818314824680298,0.6234898018587336,0.4999999999999999,0.8660254037844387,0.0,0.0,0.0,6.7,15.1,100.0,87.0,0.6,5.0364,0.0,2.6,21.4444444,29.0,28.683333333333334,28.5,28.5,29.0,-17.068444399999997,0.0,0.0826666666666664,4.293333333333334,4.3726666666666665,21.44567896888889,4.262000000000001,5.449332,5.449332,5.3909845,5.3709016,5.449332,0,0.0,0,1.0,-0.36,7.8,92.2
2023-01-03 09:15:00,105.436615666668,73.796214666668,73.809547483334,21.4444444,4.3726666666666665,29.0,2,5.1764362714980825,70.66250196097344,9,1,1,0.7071067811865476,-0.7071067811865475,0.7818314824680298,0.6234898018587336,0.4999999999999999,0.8660254037844387,2.5,0.625,0.2083333333333333,6.775,14.475,100.0,87.0,0.825,5.1133027,0.0,2.825,21.4444444,29.0,29.0,28.683333333333334,28.5,29.0,-17.07177773333333,0.0,-0.0033333333333338,4.376,4.439333333333334,21.4444444,4.347333333333335,5.449332,5.449332,5.449332,5.3909845,5.449332,0,0.0,0,1.0,-0.36,7.8,92.2
2023-01-03 09:30:00,121.714575522228,74.127034766668,74.140923127778,21.4444444,4.439333333333334,29.0,2,5.1764362714980825,70.66250196097344,9,1,1,0.7071067811865476,-0.7071067811865475,0.7818314824680298,0.6234898018587336,0.4999999999999999,0.8660254037844387,5.0,1.875,0.625,6.85,13.85,100.0,87.0,1.05,5.1912327,0.0,3.0500000000000003,21.4444444,29.0,29.0,29.0,28.683333333333334,29.0,-17.005111066666664,0.0,0.0666666666666673,4.3726666666666665,4.54,21.4444444,4.396000000000002,5.449332,5.449332,5.449332,5.449332,5.449332,0,0.0,0,1.0,-0.36,7.8,92.2
2023-01-03 09:45:00,116.469229927778,73.518725816666,73.532614177776,21.4444444,4.54,29.0,2,5.1764362714980825,70.66250196097344,9,1,1,0.7071067811865476,-0.7071067811865475,0.7818314824680298,0.6234898018587336,0.4999999999999999,0.8660254037844387,7.5,3.75,1.25,6.925,13.225,100.0,87.0,1.275,5.2702007,0.0,3.275,21.4444444,29.0,29.0,29.0,29.0,29.0,-16.9044444,0.0,0.1006666666666662,4.439333333333334,4.656000000000001,21.4444444,4.450666666666668,5.449332,5.449332,5.449332,5.449332,5.449332,0,0.0,0,1.0,-0.36,7.8,92.2
2023-01-03 10:00:00,111.073612494442,74.422300755556,74.435633572222,21.4444444,4.656000000000001,29.0,2,5.1764362714980825,70.66250196097344,10,1,1,0.4999999999999999,-0.8660254037844387,0.7818314824680298,0.6234898018587336,0.4999999999999999,0.8660254037844387,10.0,6.25,2.083333333333333,7.0,12.6,100.0,87.0,1.5,5.350219,0.0,3.5,21.47777776,29.0,29.0,29.0,29.0,29.35,-16.788444399999996,0.0,0.1160000000000005,4.54,4.816666666666666,21.4444444,4.545111111111113,5.449332,5.449332,5.449332,5.449332,5.5257535,0,0.0,0,1.0,-0.36,7.8,92.2
2023-01-03 10:15:00,110.416138744444,74.482853866668,74.496186683334,21.47777776,4.816666666666666,29.35,2,5.1764362714980825,70.66250196097344,10,1,1,0.4999999999999999,-0.8660254037844387,0.7818314824680298,0.6234898018587336,0.4999999999999999,0.8660254037844387,17.25,9.9375,3.520833333333333,7.025,12.875,100.0,86.75,1.775,5.4428763,0.025,3.8,21.448148106666665,29.0,29.0,29.0,29.0,29.5,-16.661111093333332,0.0333333600000003,0.1606666666666658,4.656000000000001,4.825333333333333,21.45555552,4.67088888888889,5.5257535,5.449332,5.449332,5.449332,5.544476,0,0.0,0,1.0,-0.35,7.6,92.4
2023-01-03 10:30:00,100.93374048888,73.752883116666,73.767882566664,21.448148106666665,4.825333333333333,29.5,2,5.1764362714980825,70.66250196097344,10,1,1,0.4999999999999999,-0.8660254037844387,0.7818314824680298,0.6234898018587336,0.4999999999999999,0.8660254037844387,24.5,14.8125,5.5625,7.05,13.15,100.0,86.5,2.05,5.536815,0.05,4.1,21.48333332,29.35,29.0,29.0,29.0,29.5,-16.62281477333333,-0.029629653333334,0.0086666666666666,4.816666666666666,4.84,21.45679008888889,4.766000000000001,5.544476,5.5257535,5.449332,5.449332,5.55578,0,0.0,0,1.0,-0.36,7.7,92.3
2023-01-03 10:45:00,385.555966161106,74.693123255556,74.7070116,21.48333332,4.84,29.5,2,5.1764362714980825,70.66250196097344,10,1,1,0.4999999999999999,-0.8660254037844387,0.7818314824680298,0.6234898018587336,0.4999999999999999,0.8660254037844387,31.75,20.875,8.208333333333334,7.074999999999999,13.425,100.0,86.25,2.325,5.632048,0.075,4.4,21.479629613333334,29.5,29.35,29.0,29.0,29.5,-16.64333332,0.0351852133333352,0.0146666666666668,4.825333333333333,4.928,21.469753062222225,4.827333333333335,5.55578,5.544476,5.5257535,5.449332,5.55459,0,0.0,0,1.0,-0.35,7.6,92.4
2023-01-03 11:00:00,126.717153227782,74.530074227778,74.542295955556,21.479629613333334,4.928,29.5,2,5.1764362714980825,70.66250196097344,11,1,1,0.258819045102521,-0.9659258262890682,0.7818314824680298,0.6234898018587336,0.4999999999999999,0.8660254037844387,39.0,28.125,11.458333333333334,7.1,13.7,100.0,86.0,2.6,5.7285867,0.1,4.7,21.47777776,29.5,29.5,29.35,29.0,29.55,-16.551629613333333,-0.0037037066666663,0.088,4.84,4.865333333333334,21.47037034666667,4.8644444444444455,5.55459,5.55578,5.544476,5.5257535,5.563407,0,0.0,0,1.0,-0.35,7.6,92.4
2023-01-03 11:15:00,108.05539977778,67.945337644444,67.958392688888,21.47777776,4.865333333333334,29.55,1,5.1764362714980825,70.66250196097344,11,1,1,0.258819045102521,-0.9659258262890682,0.7818314824680298,0.6234898018587336,0.4999999999999999,0.8660254037844387,52.75,37.0,15.854166666666666,6.675,13.975,100.0,89.25,3.325,6.034266,0.225,4.925,21.448148106666665,29.5,29.5,29.5,29.35,29.966666666666665,-16.612444426666663,-0.0018518533333349,-0.0626666666666659,4.928,4.854666666666666,21.48024689777778,4.877777777777779,5.563407,5.55459,5.55578,5.544476,5.6321855,0,0.0,1,1.0,-0.35,7.6,92.4
2023-01-03 11:30:00,104.949135466656,74.09425832777801,74.10925776111,21.448148106666665,4.854666666666666,29.966666666666665,2,5.1764362714980825,70.66250196097344,11,1,1,0.258819045102521,-0.9659258262890682,0.7818314824680298,0.6234898018587336,0.4999999999999999,0.8660254037844387,66.5,47.5,21.39583333333333,6.25,14.25,100.0,92.5,4.05,6.3476524,0.35,5.15,21.4444444,29.55,29.5,29.5,29.5,30.0,-16.593481439999998,-0.029629653333334,-0.0106666666666681,4.865333333333334,4.799333333333334,21.46851849333333,4.882666666666668,5.6321855,5.563407,5.55459,5.55578,5.637241,0,0.0,1,1.0,-0.36,7.7,92.3
2023-01-03 11:45:00,110.30419882222,73.626777027778,73.6395543,21.4444444,4.799333333333334,30.0,2,5.1764362714980825,70.66250196097344,11,1,1,0.258819045102521,-0.9659258262890682,0.7818314824680298,0.6234898018587336,0.4999999999999999,0.8660254037844387,80.25,59.625,28.08333333333333,5.825,14.525,100.0,95.75,4.775,6.6688857,0.475,5.375,21.4444444,29.966666666666665,29.55,29.5,29.5,30.0,-16.645111066666665,-0.0037037066666663,-0.0553333333333316,4.854666666666666,4.77,21.45679008888889,4.839777777777779,5.637241,5.6321855,5.563407,5.55459,5.637241,0,0.0,0,1.0,-0.36,7.7,92.3
2023-01-03 12:00:00,101.71620918888,74.518408027778,74.53312970555399,21.4444444,4.77,30.0,2,5.1764362714980825,70.66250196097344,12,1,1,1.2246467991473532e-16,-1.0,0.7818314824680298,0.6234898018587336,0.4999999999999999,0.8660254037844387,94.0,73.375,35.916666666666664,5.4,14.8,100.0,99.0,5.5,6.998111,0.6,5.6,21.44999996,30.0,29.966666666666665,29.55,29.5,30.0,-16.6744444,0.0,-0.0293333333333345,4.799333333333334,5.016,21.44567896888889,4.808000000000001,5.637241,5.637241,5.6321855,5.563407,5.639055,0,0.0,0,1.0,-0.36,7.7,92.3
2023-01-03 12:15:00,125.14554956111,81.4942401,81.509239549998,21.44999996,5.016,30.0,2,5.1764362714980825,70.66250196097344,12,1,1,1.2246467991473532e-16,-1.0,0.7818314824680298,0.6234898018587336,0.4999999999999999,0.8660254037844387,83.25,81.0,42.645833333333336,5.125,13.8,100.0,99.25,5.55,7.0273256,0.7999999999999999,5.625,21.53703703,30.0,30.0,29.966666666666665,29.55,30.0,-16.43399996,0.0055555600000012,0.2460000000000004,4.77,4.854666666666666,21.446296253333333,4.861777777777779,5.639055,5.637241,5.637241,5.6321855,5.6675324,0,0.0,0,1.0,-0.36,7.6,92.4
2023-01-03 12:30:00,146.644411722224,93.9145766,93.929298277776,21.53703703,4.854666666666666,30.0,2,5.1764362714980825,70.66250196097344,12,1,1,1.2246467991473532e-16,-1.0,0.7818314824680298,0.6234898018587336,0.4999999999999999,0.8660254037844387,72.5,82.5,48.270833333333336,4.85,12.8,100.0,99.5,5.6,7.056613,1.0,5.65,21.688888870000003,30.0,30.0,30.0,29.966666666666665,30.0,-16.682370363333334,0.0870370700000009,-0.1613333333333342,5.016,4.924,21.47716046333333,4.880222222222224,5.6675324,5.639055,5.637241,5.637241,5.7175183,0,0.0,0,1.0,-0.34,7.3,92.7
2023-01-03 12:45:00,103.56280190555,72.243499044444,72.258498494442,21.688888870000003,4.924,30.0,2,5.1764362714980825,70.66250196097344,12,1,1,1.2246467991473532e-16,-1.0,0.7818314824680298,0.6234898018587336,0.4999999999999999,0.8660254037844387,61.75,77.875,52.79166666666666,4.575,11.8,100.0,99.75,5.65,7.0859747,1.2,5.675,21.68148146333333,30.0,30.0,30.0,30.0,30.0,-16.764888870000004,0.1518518400000026,0.0693333333333345,4.854666666666666,4.888,21.558641953333336,4.931555555555556,5.7175183,5.6675324,5.639055,5.637241,5.7150702,0,0.0,0,1.0,-0.3,6.9,93.1
2023-01-03 13:00:00,98.394119727774,68.556146527778,68.569757116666,21.68148146333333,4.888,30.0,1,5.1764362714980825,70.66250196097344,13,1,1,-0.2588190451025208,-0.9659258262890684,0.7818314824680298,0.6234898018587336,0.4999999999999999,0.8660254037844387,51.0,67.125,56.208333333333336,4.3,10.8,100.0,100.0,5.7,7.1154127,1.4,5.7,21.57222225,30.0,30.0,30.0,30.0,30.35,-16.793481463333336,-0.0074074066666689,-0.0360000000000004,4.924,4.958666666666667,21.635802454444445,4.88888888888889,5.7150702,5.7175183,5.6675324,5.639055,5.7453365,0,0.0,1,1.0,-0.3,6.9,93.1
2023-01-03 13:15:00,110.524745549998,73.205960527778,73.219293344444,21.57222225,4.958666666666667,30.35,2,5.1764362714980825,70.66250196097344,13,1,1,-0.2588190451025208,-0.9659258262890684,0.7818314824680298,0.6234898018587336,0.4999999999999999,0.8660254037844387,46.25,57.875,58.625,5.05,11.425,100.0,100.0,5.575,7.057188,1.5499999999999998,5.575,21.53518521333333,30.0,30.0,30.0,30.0,30.5,-16.613555583333333,-0.1092592133333347,0.0706666666666668,4.888,5.164,21.64753086111111,4.923555555555557,5.7453365,5.7150702,5.7175183,5.6675324,5.7613745,0,0.0,1,1.0,-0.33,7.2,92.8
2023-01-03 13:30:00,99.481576177776,66.349012583334,66.36151208333399,21.53518521333333,5.164,30.5,1,5.1764362714980825,70.66250196097344,13,1,1,-0.2588190451025208,-0.9659258262890684,0.7818314824680298,0.6234898018587336,0.4999999999999999,0.8660254037844387,41.5,50.125,60.04166666666666,5.8,12.05,100.0,100.0,5.45,6.9993796,1.7,5.45,21.466666640000003,30.35,30.0,30.0,30.0,30.5,-16.371185213333334,-0.0370370366666676,0.2053333333333329,4.958666666666667,5.048,21.59629630888889,5.003555555555557,5.7613745,5.7453365,5.7150702,5.7175183,5.7385726,0,0.0,1,1.0,-0.33,7.3,92.7
2023-01-03 13:45:00,118.40498577778,72.789310527778,72.803198888888,21.466666640000003,5.048,30.5,2,5.1764362714980825,70.66250196097344,13,1,1,-0.2588190451025208,-0.9659258262890684,0.7818314824680298,0.6234898018587336,0.4999999999999999,0.8660254037844387,36.75,43.875,60.458333333333336,6.55,12.675,100.0,100.0,5.325,6.941986,1.85,5.325,21.496296293333334,30.5,30.35,30.0,30.0,30.683333333333334,-16.418666640000005,-0.0685185733333284,-0.1159999999999996,5.164,5.046,21.524691367777777,5.05688888888889,5.7385726,5.7613745,5.7453365,5.7150702,5.782976,0,0.0,1,1.0,-0.35,7.5,92.5
2023-01-03 14:00:00,117.819175827782,68.926965011112,68.937520122224,21.496296293333334,5.046,30.683333333333334,1,5.1764362714980825,70.66250196097344,14,1,1,-0.4999999999999997,-0.8660254037844388,0.7818314824680298,0.6234898018587336,0.4999999999999999,0.8660254037844387,32.0,39.125,59.875,7.3,13.3,100.0,100.0,5.2,6.8850045,2.0,5.2,21.5,30.5,30.5,30.35,30.0,31.0,-16.450296293333334,0.0296296533333304,-0.0019999999999997,5.048,4.996666666666667,21.499382715555555,5.086000000000001,5.782976,5.7385726,5.7613745,5.7453365,5.843913,0,0.0,1,1.0,-0.34,7.4,92.6
2023-01-03 14:15:00,101.64732302777,74.436744644444,74.451188549998,21.5,4.996666666666667,31.0,2,5.1764362714980825,70.66250196097344,14,1,1,-0.4999999999999997,-0.8660254037844388,0.7818314824680298,0.6234898018587336,0.4999999999999999,0.8660254037844387,33.75,36.0,58.29166666666666,7.125,13.675,100.0,100.0,5.125,6.8510118,1.825,5.125,21.5,30.683333333333334,30.5,30.5,30.35,31.0,-16.503333333333334,0.0037037066666663,-0.0493333333333332,5.046,4.849333333333333,21.48765431111111,5.030222222222224,5.843913,5.782976,5.7385726,5.7613745,5.843913,0,0.0,1,1.0,-0.34,7.4,92.6
2023-01-03 14:30:00,96.989453733328,67.608128916666,67.622295049998,21.5,4.849333333333333,31.0,1,5.1764362714980825,70.66250196097344,14,1,1,-0.4999999999999997,-0.8660254037844388,0.7818314824680298,0.6234898018587336,0.4999999999999999,0.8660254037844387,35.5,34.5,55.708333333333336,6.949999999999999,14.05,100.0,100.0,5.050000000000001,6.817167,1.65,5.050000000000001,21.466666640000003,31.0,30.683333333333334,30.5,30.5,31.0,-16.650666666666666,0.0,-0.1473333333333339,4.996666666666667,4.907333333333333,21.49876543111111,4.964000000000001,5.843913,5.843913,5.782976,5.7385726,5.8326473,0,0.0,1,1.0,-0.34,7.4,92.6
2023-01-03 14:45:00,110.86028757778,73.099298127778,73.111797627778,21.466666640000003,4.907333333333333,31.0,2,5.1764362714980825,70.66250196097344,14,1,1,-0.4999999999999997,-0.8660254037844388,0.7818314824680298,0.6234898018587336,0.4999999999999999,0.8660254037844387,37.25,34.625,52.125,6.775,14.425,100.0,100.0,4.9750000000000005,6.7834673,1.475,4.9750000000000005,21.496296293333334,31.0,31.0,30.683333333333334,30.5,31.0,-16.55933330666667,-0.0333333599999967,0.0579999999999998,4.849333333333333,4.9206666666666665,21.488888880000005,4.917777777777779,5.8326473,5.843913,5.843913,5.782976,5.8426595,0,0.0,1,1.0,-0.35,7.5,92.5
2023-01-03 15:00:00,110.540022605558,68.87835585555601,68.891688672222,21.496296293333334,4.9206666666666665,31.0,1,5.1764362714980825,70.66250196097344,15,1,1,-0.7071067811865471,-0.7071067811865479,0.7818314824680298,0.6234898018587336,0.4999999999999999,0.8660254037844387,39.0,36.375,47.54166666666666,6.6,14.8,100.0,100.0,4.9,6.7499137,1.3,4.9,21.5,31.0,31.0,31.0,30.683333333333334,31.0,-16.575629626666668,0.0296296533333304,0.0133333333333336,4.907333333333333,4.930000000000001,21.487654311111115,4.892444444444446,5.8426595,5.8326473,5.843913,5.843913,5.843913,0,0.0,1,1.0,-0.34,7.4,92.6
2023-01-03 15:15:00,118.18416127778,73.375398216666,73.38873103333201,21.5,4.930000000000001,31.0,2,5.1764362714980825,70.66250196097344,15,1,1,-0.7071067811865471,-0.7071067811865479,0.7818314824680298,0.6234898018587336,0.4999999999999999,0.8660254037844387,38.25,37.5,43.79166666666666,6.55,14.525,100.0,100.0,4.9750000000000005,6.7834673,1.1,4.9750000000000005,21.5,31.0,31.0,31.0,31.0,31.0,-16.57,0.0037037066666663,0.009333333333334,4.9206666666666665,5.070666666666667,21.487654311111115,4.919333333333334,5.843913,5.8426595,5.8326473,5.843913,5.843913,0,0.0,1,1.0,-0.34,7.4,92.6
2023-01-03 15:30:00,109.804774250002,68.558368655556,68.571423683334,21.5,5.070666666666667,31.0,1,5.1764362714980825,70.66250196097344,15,1,1,-0.7071067811865471,-0.7071067811865479,0.7818314824680298,0.6234898018587336,0.4999999999999999,0.8660254037844387,37.5,38.0,40.875,6.5,14.25,100.0,100.0,5.050000000000001,6.817167,0.9,5.050000000000001,21.5,31.0,31.0,31.0,31.0,31.0,-16.429333333333332,0.0,0.1406666666666662,4.930000000000001,5.078,21.49876543111111,4.973777777777779,5.843913,5.843913,5.8426595,5.8326473,5.843913,0,0.0,1,1.0,-0.34,7.4,92.6
2023-01-03 15:45:00,101.143731988884,73.967318988888,73.981762894442,21.5,5.078,31.0,2,5.1764362714980825,70.66250196097344,15,1,1,-0.7071067811865471,-0.7071067811865479,0.7818314824680298,0.6234898018587336,0.4999999999999999,0.8660254037844387,36.75,37.875,38.79166666666666,6.45,13.975,100.0,100.0,5.125,6.8510118,0.7,5.125,21.5,31.0,31.0,31.0,31.0,31.0,-16.422,0.0,0.0073333333333334,5.070666666666667,5.0280000000000005,21.5,5.026222222222224,5.843913,5.843913,5.843913,5.8426595,5.843913,0,0.0,1,1.0,-0.34,7.4,92.6
2023-01-03 16:00:00,97.131948049994,68.012557188888,68.026445549998,21.5,5.0280000000000005,31.0,1,5.1764362714980825,70.66250196097344,16,1,1,-0.8660254037844385,-0.5000000000000004,0.7818314824680298,0.6234898018587336,0.4999999999999999,0.8660254037844387,36.0,37.125,37.54166666666666,6.4,13.7,100.0,100.0,5.2,6.8850045,0.5,5.2,21.5,31.0,31.0,31.0,31.0,31.0,-16.472,0.0,-0.0499999999999998,5.078,5.035333333333333,21.5,5.05888888888889,5.843913,5.843913,5.843913,5.843913,5.843913,0,0.0,1,1.0,-0.34,7.4,92.6
2023-01-03 16:15:00,119.207453627782,74.153422627778,74.165644372222,21.5,5.035333333333333,31.0,2,5.1764362714980825,70.66250196097344,16,1,1,-0.8660254037844385,-0.5000000000000004,0.7818314824680298,0.6234898018587336,0.4999999999999999,0.8660254037844387,31.5,35.4375,36.3125,5.925000000000001,13.525,100.0,100.0,5.25,6.9077477,0.45,5.25,21.5,31.0,31.0,31.0,31.0,31.0,-16.464666666666666,0.0,0.0073333333333325,5.0280000000000005,5.093333333333334,21.5,5.047111111111113,5.843913,5.843913,5.843913,5.843913,5.843913,0,0.0,1,1.0,-0.34,7.4,92.6
2023-01-03 16:30:00,110.7322372,67.653682644444,67.66673768888799,21.5,5.093333333333334,31.0,1,5.1764362714980825,70.66250196097344,16,1,1,-0.8660254037844385,-0.5000000000000004,0.7818314824680298,0.6234898018587336,0.4999999999999999,0.8660254037844387,27.0,32.8125,35.104166666666664,5.45,13.35,100.0,100.0,5.300000000000001,6.9305573,0.4,5.300000000000001,21.5,31.0,31.0,31.0,31.0,31.0,-16.406666666666666,0.0,0.0580000000000007,5.035333333333333,5.216666666666667,21.5,5.052222222222223,5.843913,5.843913,5.843913,5.843913,5.843913,0,0.0,1,1.0,-0.34,7.4,92.6
2023-01-03 16:45:00,113.982940566664,74.416745427778,74.43091156111,21.5,5.216666666666667,31.0,2,5.1764362714980825,70.66250196097344,16,1,1,-0.8660254037844385,-0.5000000000000004,0.7818314824680298,0.6234898018587336,0.4999999999999999,0.8660254037844387,22.5,29.25,33.916666666666664,4.975,13.175,100.0,100.0,5.3500000000000005,6.9534316,0.35,5.3500000000000005,21.479629613333334,31.0,31.0,31.0,31.0,31.183333333333334,-16.28333333333333,0.0,0.123333333333333,5.093333333333334,5.248,21.5,5.115111111111112,5.843913,5.843913,5.843913,5.843913,5.8715467,0,0.0,1,1.0,-0.34,7.4,92.6
2023-01-03 17:00:00,100.97846078333,62.834986483334,62.847485983334,21.479629613333334,5.248,31.183333333333334,1,5.1764362714980825,70.66250196097344,17,1,1,-0.9659258262890684,-0.2588190451025206,0.7818314824680298,0.6234898018587336,0.4999999999999999,0.8660254037844387,18.0,24.75,32.75,4.5,13.0,100.0,100.0,5.4,6.9763737,0.3,5.4,21.4444444,31.0,31.0,31.0,31.0,31.5,-16.231629613333332,-0.0203703866666664,0.0313333333333334,5.216666666666667,5.313999999999999,21.49320987111112,5.186000000000001,5.8715467,5.843913,5.843913,5.843913,5.9191027,0,0.0,1,1.0,-0.34,7.4,92.6
2023-01-03 17:15:00,98.821880483326,71.679354944444,71.692965533332,21.4444444,5.313999999999999,31.5,2,5.1764362714980825,70.66250196097344,17,1,1,-0.9659258262890684,-0.2588190451025206,0.7818314824680298,0.6234898018587336,0.4999999999999999,0.8660254037844387,14.0,20.375,31.104166666666668,4.575,11.45,100.0,100.0,5.2250000000000005,6.8963675,0.3999999999999999,5.2250000000000005,21.4444444,31.183333333333334,31.0,31.0,31.0,31.5,-16.1304444,-0.0351852133333352,0.0659999999999989,5.248,5.4,21.47469133777778,5.259555555555557,5.9191027,5.8715467,5.843913,5.843913,5.9191027,0,0.0,1,1.0,-0.35,7.5,92.5
2023-01-03 17:30:00,101.553715672214,72.853752383334,72.867362972222,21.4444444,5.4,31.5,2,5.1764362714980825,70.66250196097344,17,1,1,-0.9659258262890684,-0.2588190451025206,0.7818314824680298,0.6234898018587336,0.4999999999999999,0.8660254037844387,10.0,16.125,28.979166666666668,4.65,9.9,100.0,100.0,5.050000000000001,6.817167,0.5,5.050000000000001,21.44999996,31.5,31.183333333333334,31.0,31.0,31.5,-16.044444399999996,0.0,0.0860000000000011,5.313999999999999,5.296,21.45617280444445,5.320666666666668,5.9191027,5.9191027,5.8715467,5.843913,5.921007,0,0.0,0,1.0,-0.35,7.5,92.5
2023-01-03 17:45:00,126.003570705558,72.4504352,72.462934716666,21.44999996,5.296,31.5,2,5.1764362714980825,70.66250196097344,17,1,1,-0.9659258262890684,-0.2588190451025206,0.7818314824680298,0.6234898018587336,0.4999999999999999,0.8660254037844387,6.0,12.0,26.375,4.725,8.35,100.0,100.0,4.875,6.738762,0.6,4.875,21.496296293333334,31.5,31.5,31.183333333333334,31.0,31.5,-16.15399996,0.0055555600000012,-0.104,5.4,5.334666666666666,21.446296253333333,5.336666666666669,5.921007,5.9191027,5.9191027,5.8715467,5.9368954,0,0.0,0,1.0,-0.35,7.5,92.5
2023-01-03 18:00:00,111.684143638886,68.968630044444,68.98251842222,21.496296293333334,5.334666666666666,31.5,1,5.1764362714980825,70.66250196097344,18,1,1,-1.0,-1.8369701987210294e-16,0.7818314824680298,0.6234898018587336,0.4999999999999999,0.8660254037844387,2.0,8.0,23.291666666666668,4.8,6.8,100.0,100.0,4.7,6.661147,0.7,4.7,21.5,31.5,31.5,31.5,31.183333333333334,31.5,-16.161629626666667,0.0462963333333341,0.0386666666666659,5.296,5.225333333333333,21.46358021777778,5.3435555555555565,5.9368954,5.921007,5.9191027,5.9191027,5.938169,0,0.0,1,1.0,-0.34,7.4,92.6
2023-01-03 18:15:00,105.606609099992,73.904821488888,73.918709849998,21.5,5.225333333333333,31.5,2,5.1764362714980825,70.66250196097344,18,1,1,-1.0,-1.8369701987210294e-16,0.7818314824680298,0.6234898018587336,0.4999999999999999,0.8660254037844387,1.5,4.875,20.229166666666668,5.05,7.0,100.0,100.0,4.7,6.661147,0.725,4.7,21.520370386666663,31.5,31.5,31.5,31.5,31.5,-16.27466666666667,0.0037037066666663,-0.1093333333333328,5.334666666666666,5.37,21.482098751111117,5.285333333333335,5.938169,5.9368954,5.921007,5.9191027,5.945174,0,0.0,1,1.0,-0.34,7.3,92.7
2023-01-03 18:30:00,104.43943333889,66.397899511112,66.408454622224,21.520370386666663,5.37,31.5,1,5.1764362714980825,70.66250196097344,18,1,1,-1.0,-1.8369701987210294e-16,0.7818314824680298,0.6234898018587336,0.4999999999999999,0.8660254037844387,1.0,2.625,17.1875,5.3,7.199999999999999,100.0,100.0,4.7,6.661147,0.75,4.7,21.52777779,31.5,31.5,31.5,31.5,31.5,-16.150370386666665,0.0203703866666664,0.1446666666666667,5.225333333333333,5.306666666666668,21.50555556,5.310000000000001,5.945174,5.938169,5.9368954,5.921007,5.947723,0,0.0,1,1.0,-0.33,7.3,92.7
2023-01-03 18:45:00,121.62152402777,94.468443344444,94.483998305554,21.52777779,5.306666666666668,31.5,2,5.1764362714980825,70.66250196097344,18,1,1,-1.0,-1.8369701987210294e-16,0.7818314824680298,0.6234898018587336,0.4999999999999999,0.8660254037844387,0.5,1.25,14.166666666666666,5.55,7.399999999999999,100.0,100.0,4.7,6.661147,0.775,4.7,21.64444443,31.5,31.5,31.5,31.5,31.5,-16.221111123333333,0.0074074033333353,-0.0633333333333325,5.37,5.232,21.516049392222225,5.300666666666668,5.947723,5.945174,5.938169,5.9368954,5.9879904,0,0.0,1,1.0,-0.33,7.2,92.8
2023-01-03 19:00:00,103.16809536111,66.44206442777799,66.453175066668,21.64444443,5.232,31.5,1,5.1764362714980825,70.66250196097344,19,1,1,-0.9659258262890684,0.2588190451025203,0.7818314824680298,0.6234898018587336,0.4999999999999999,0.8660254037844387,0.0,0.75,11.166666666666666,5.8,7.6,100.0,100.0,4.7,6.661147,0.8,4.7,21.64444443,31.5,31.5,31.5,31.5,31.5,-16.41244443,0.1166666399999982,-0.0746666666666673,5.306666666666668,5.359333333333334,21.56419753555556,5.302888888888891,5.9879904,5.947723,5.945174,5.938169,5.9879904,0,0.0,1,1.0,-0.3,6.9,93.1
2023-01-03 19:15:00,127.37601567223,73.0170792,73.029300944444,21.64444443,5.359333333333334,31.5,2,5.1764362714980825,70.66250196097344,19,1,1,-0.9659258262890684,0.2588190451025203,0.7818314824680298,0.6234898018587336,0.4999999999999999,0.8660254037844387,0.0,0.375,8.541666666666666,5.7,7.85,100.0,100.0,4.725,6.683243,0.675,4.75,21.59074075,31.5,31.5,31.5,31.5,31.5,-16.285111096666668,0.0,0.1273333333333335,5.232,5.42,21.60555555,5.299333333333335,5.9879904,5.9879904,5.947723,5.945174,5.969426,0,0.0,1,1.0,-0.3,6.9,93.1
2023-01-03 19:30:00,101.812871722224,65.011288327778,65.023510072222,21.59074075,5.42,31.5,1,5.1764362714980825,70.66250196097344,19,1,1,-0.9659258262890684,0.2588190451025203,0.7818314824680298,0.6234898018587336,0.4999999999999999,0.8660254037844387,0.0,0.125,6.291666666666667,5.6,8.1,100.0,100.0,4.75,6.705403,0.55,4.800000000000001,21.5555556,31.5,31.5,31.5,31.5,31.5,-16.17074075,-0.0537036799999981,0.0606666666666662,5.359333333333334,5.3726666666666665,21.626543203333338,5.337111111111113,5.969426,5.9879904,5.9879904,5.947723,5.95729,0,0.0,1,1.0,-0.31,7.1,92.9
2023-01-03 19:45:00,102.455901666664,73.907876916666,73.92176527777599,21.5555556,5.3726666666666665,31.5,2,5.1764362714980825,70.66250196097344,19,1,1,-0.9659258262890684,0.2588190451025203,0.7818314824680298,0.6234898018587336,0.4999999999999999,0.8660254037844387,0.0,0.0,4.416666666666667,5.5,8.35,100.0,100.0,4.775,6.7276263,0.425,4.8500000000000005,21.5555556,31.5,31.5,31.5,31.5,31.5,-16.182888933333334,-0.0351851500000002,-0.0473333333333334,5.42,5.406666666666666,21.596913593333337,5.384000000000001,5.95729,5.969426,5.9879904,5.9879904,5.95729,0,0.0,1,1.0,-0.32,7.2,92.8
2023-01-03 20:00:00,105.924651744444,67.261198344444,67.273975616666,21.5555556,5.406666666666666,31.5,1,5.1764362714980825,70.66250196097344,20,1,1,-0.8660254037844386,0.5000000000000001,0.7818314824680298,0.6234898018587336,0.4999999999999999,0.8660254037844387,0.0,0.0,2.9166666666666665,5.4,8.6,100.0,100.0,4.8,6.7499137,0.3,4.9,21.51666668,31.5,31.5,31.5,31.5,31.5,-16.148888933333335,0.0,0.0339999999999998,5.3726666666666665,5.421333333333333,21.567283983333336,5.3997777777777785,5.95729,5.95729,5.969426,5.9879904,5.9439,0,0.0,1,1.0,-0.32,7.2,92.8
2023-01-03 20:15:00,97.55054232222,70.295243644444,70.30857646111,21.51666668,5.421333333333333,31.5,1,5.1764362714980825,70.66250196097344,20,1,1,-0.8660254037844386,0.5000000000000001,0.7818314824680298,0.6234898018587336,0.4999999999999999,0.8660254037844387,0.0,0.0,1.75,5.4,8.15,100.0,100.0,4.825,6.7610826,0.275,4.925000000000001,21.5,31.5,31.5,31.5,31.5,31.5,-16.095333346666667,-0.0388889200000015,0.0146666666666668,5.406666666666666,5.46,21.54259262666667,5.400222222222223,5.9439,5.95729,5.95729,5.969426,5.938169,0,0.0,0,1.0,-0.33,7.3,92.7
2023-01-03 20:30:00,118.78163729445,73.510670555556,73.5237256,21.5,5.46,31.5,2,5.1764362714980825,70.66250196097344,20,1,1,-0.8660254037844386,0.5000000000000001,0.7818314824680298,0.6234898018587336,0.4999999999999999,0.8660254037844387,0.0,0.0,0.9166666666666666,5.4,7.699999999999999,100.0,100.0,4.85,6.7722664,0.25,4.95,21.5,31.5,31.5,31.5,31.5,31.55,-16.04,-0.0166666800000001,0.0386666666666668,5.421333333333333,5.5633333333333335,21.524074093333336,5.429333333333335,5.938169,5.9439,5.95729,5.95729,5.947595,0,0.0,1,1.0,-0.34,7.3,92.7
2023-01-03 20:45:00,119.984089311112,65.707649388888,65.719315572222,21.5,5.5633333333333335,31.55,1,5.1764362714980825,70.66250196097344,20,1,1,-0.8660254037844386,0.5000000000000001,0.7818314824680298,0.6234898018587336,0.4999999999999999,0.8660254037844387,0.0,0.0,0.4166666666666667,5.4,7.25,100.0,100.0,4.875,6.7834673,0.225,4.975,21.5,31.5,31.5,31.5,31.5,31.966666666666665,-15.936666666666667,0.0,0.1033333333333335,5.46,5.524,21.50555556,5.481555555555556,5.947595,5.938169,5.9439,5.95729,6.026142,0,0.0,1,1.0,-0.34,7.3,92.7
2023-01-03 21:00:00,101.945921966668,73.285679572222,73.298179072222,21.5,5.524,31.966666666666665,2,5.1764362714980825,70.66250196097344,21,1,1,-0.7071067811865477,0.7071067811865474,0.7818314824680298,0.6234898018587336,0.4999999999999999,0.8660254037844387,0.0,0.0,0.25,5.4,6.8,100.0,100.0,4.9,6.794684,0.2,5.0,21.5,31.55,31.5,31.5,31.5,32.0,-15.976,0.0,-0.0393333333333334,5.5633333333333335,5.468666666666667,21.5,5.515777777777778,6.026142,5.947595,5.938169,5.9439,6.0324264,0,0.0,1,1.0,-0.33,7.3,92.7
2023-01-03 21:15:00,93.630976844444,65.076563533332,65.08878526111,21.5,5.468666666666667,32.0,1,5.1764362714980825,70.66250196097344,21,1,1,-0.7071067811865477,0.7071067811865474,0.7818314824680298,0.6234898018587336,0.4999999999999999,0.8660254037844387,0.0,0.0,0.125,5.9750000000000005,7.8,100.0,99.75,4.925000000000001,6.7889028,0.15,5.025,21.479629613333334,31.966666666666665,31.55,31.5,31.5,32.0,-16.031333333333333,0.0,-0.0553333333333334,5.524,5.322,21.5,5.518666666666668,6.0324264,6.026142,5.947595,5.938169,6.025318,0,0.0,1,1.0,-0.33,7.3,92.7
2023-01-03 21:30:00,112.50661072222,73.825102444444,73.837879716666,21.479629613333334,5.322,32.0,2,5.1764362714980825,70.66250196097344,21,1,1,-0.7071067811865477,0.7071067811865474,0.7818314824680298,0.6234898018587336,0.4999999999999999,0.8660254037844387,0.0,0.0,0.0416666666666666,6.550000000000001,8.8,100.0,99.5,4.95,6.783081,0.1,5.05,21.48333332,32.0,31.966666666666665,31.55,31.5,32.0,-16.157629613333334,-0.0203703866666664,-0.1466666666666665,5.468666666666667,5.209999999999999,21.49320987111112,5.438222222222223,6.025318,6.0324264,6.026142,5.947595,6.0266085,0,0.0,1,1.0,-0.34,7.4,92.6
2023-01-03 21:45:00,101.289837177776,64.861572133332,64.874627177776,21.48333332,5.209999999999999,32.0,1,5.1764362714980825,70.66250196097344,21,1,1,-0.7071067811865477,0.7071067811865474,0.7818314824680298,0.6234898018587336,0.4999999999999999,0.8660254037844387,0.0,0.0,0.0,7.125,9.8,100.0,99.25,4.975,6.7772183,0.0499999999999999,5.074999999999999,21.5,32.0,32.0,31.966666666666665,31.55,32.0,-16.27333332,0.0037037066666663,-0.1120000000000009,5.322,5.180000000000001,21.48765431111111,5.333555555555556,6.0266085,6.025318,6.0324264,6.026142,6.0324264,0,0.0,1,1.0,-0.34,7.3,92.7
2023-01-03 22:00:00,114.878738033332,70.264133755556,70.2771888,21.5,5.180000000000001,32.0,1,5.1764362714980825,70.66250196097344,22,1,1,-0.5000000000000004,0.8660254037844384,0.7818314824680298,0.6234898018587336,0.4999999999999999,0.8660254037844387,0.0,0.0,0.0,7.7,10.8,100.0,99.0,5.0,6.7713165,0.0,5.1,21.5,32.0,32.0,32.0,31.966666666666665,32.0,-16.32,0.0166666800000001,-0.0299999999999984,5.209999999999999,5.33,21.48765431111111,5.237333333333335,6.0324264,6.0266085,6.025318,6.0324264,6.0324264,0,0.0,0,1.0,-0.33,7.3,92.7
2023-01-03 22:15:00,121.31375833889,73.934264711112,73.945653122224,21.5,5.33,32.0,2,5.1764362714980825,70.66250196097344,22,1,1,-0.5000000000000004,0.8660254037844384,0.7818314824680298,0.6234898018587336,0.4999999999999999,0.8660254037844387,0.0,0.0,0.0,6.875,10.525,100.0,99.25,4.9,6.743724,0.025,5.0,21.5,32.0,32.0,32.0,32.0,32.0,-16.17,0.0,0.1499999999999994,5.180000000000001,5.401333333333333,21.49444444000001,5.240000000000001,6.0324264,6.0324264,6.0266085,6.025318,6.0324264,0,0.0,1,1.0,-0.33,7.3,92.7
2023-01-03 22:30:00,93.604311244444,66.344846066668,66.356790022224,21.5,5.401333333333333,32.0,1,5.1764362714980825,70.66250196097344,22,1,1,-0.5000000000000004,0.8660254037844384,0.7818314824680298,0.6234898018587336,0.4999999999999999,0.8660254037844387,0.0,0.0,0.0,6.050000000000001,10.25,100.0,99.5,4.8,6.7161646,0.05,4.9,21.5,32.0,32.0,32.0,32.0,32.0,-16.098666666666666,0.0,0.0713333333333325,5.33,5.381333333333333,21.5,5.303777777777779,6.0324264,6.0324264,6.0324264,6.0266085,6.0324264,0,0.0,1,1.0,-0.33,7.3,92.7
2023-01-03 22:45:00,102.29979684444,73.734272744444,73.746772244444,21.5,5.381333333333333,32.0,2,5.1764362714980825,70.66250196097344,22,1,1,-0.5000000000000004,0.8660254037844384,0.7818314824680298,0.6234898018587336,0.4999999999999999,0.8660254037844387,0.0,0.0,0.0,5.2250000000000005,9.975,100.0,99.75,4.699999999999999,6.688639,0.075,4.8,21.5,32.0,32.0,32.0,32.0,32.0,-16.118666666666666,0.0,-0.0199999999999995,5.401333333333333,5.508,21.5,5.3708888888888895,6.0324264,6.0324264,6.0324264,6.0324264,6.0324264,0,0.0,1,1.0,-0.33,7.3,92.7
2023-01-03 23:00:00,105.771324544444,65.839310772222,65.8515325,21.5,5.508,32.0,1,5.1764362714980825,70.66250196097344,23,1,1,-0.2588190451025215,0.965925826289068,0.7818314824680298,0.6234898018587336,0.4999999999999999,0.8660254037844387,0.0,0.0,0.0,4.4,9.7,100.0,100.0,4.6,6.661147,0.1,4.7,21.5,32.0,32.0,32.0,32.0,32.0,-15.992,0.0,0.1266666666666669,5.381333333333333,5.488,21.5,5.430222222222223,6.0324264,6.0324264,6.0324264,6.0324264,6.0324264,0,0.0,1,1.0,-0.33,7.3,92.7
2023-01-03 23:15:00,117.461412338894,74.024816688888,74.037316188888,21.5,5.488,32.0,2,5.1764362714980825,70.66250196097344,23,1,1,-0.2588190451025215,0.965925826289068,0.7818314824680298,0.6234898018587336,0.4999999999999999,0.8660254037844387,0.0,0.0,0.0,4.2250000000000005,8.975,100.0,100.0,4.725,6.705403,0.2,4.8,21.5,32.0,32.0,32.0,32.0,32.0,-16.012,0.0,-0.0199999999999995,5.508,5.496,21.5,5.459111111111112,6.0324264,6.0324264,6.0324264,6.0324264,6.0324264,0,0.0,1,1.0,-0.33,7.3,92.7
2023-01-03 23:30:00,112.889095288892,69.015017072222,69.0272388,21.5,5.496,32.0,1,5.1764362714980825,70.66250196097344,23,1,1,-0.2588190451025215,0.965925826289068,0.7818314824680298,0.6234898018587336,0.4999999999999999,0.8660254037844387,0.0,0.0,0.0,4.050000000000001,8.25,100.0,100.0,4.85,6.7499137,0.3,4.9,21.50555556,32.0,32.0,32.0,32.0,32.0,-16.004,0.0,0.0079999999999991,5.488,5.548,21.5,5.497333333333335,6.0324264,6.0324264,6.0324264,6.0324264,6.0343666,0,0.0,1,1.0,-0.33,7.3,92.7
2023-01-03 23:45:00,457.529753644444,72.5287654,72.541542672222,21.50555556,5.548,32.0,2,5.1764362714980825,70.66250196097344,23,1,1,-0.2588190451025215,0.965925826289068,0.7818314824680298,0.6234898018587336,0.4999999999999999,0.8660254037844387,0.0,0.0,0.0,3.875,7.524999999999999,100.0,100.0,4.975,6.794684,0.4,5.0,21.53148150666667,32.0,32.0,32.0,32.0,32.0,-15.95755556,0.0055555600000012,0.0520000000000004,5.496,5.531999999999999,21.50185185333333,5.510666666666668,6.0343666,6.0324264,6.0324264,6.0324264,6.043424,0,0.0,1,1.0,-0.33,7.3,92.7
2023-01-04 00:00:00,446.42325360555,69.7147113,69.729155205554,21.53148150666667,5.531999999999999,32.0,1,5.1764362714980825,70.66250196097344,0,2,1,0.0,1.0,0.9749279121818236,-0.2225209339563143,0.4999999999999999,0.8660254037844387,0.0,0.0,0.0,3.7,6.8,100.0,100.0,5.1,6.8397136,0.5,5.1,21.5,32.0,32.0,32.0,32.0,32.0,-15.999481506666667,0.0259259466666677,-0.0160000000000009,5.548,5.5280000000000005,21.51234568888889,5.525333333333335,6.043424,6.0343666,6.0324264,6.0324264,6.0324264,0,0.0,1,1.0,-0.32,7.2,92.8
2023-01-04 00:15:00,92.324918172214,64.113268733332,64.125212688888,21.5,5.5280000000000005,32.0,1,5.1764362714980825,70.66250196097344,0,2,1,0.0,1.0,0.9749279121818236,-0.2225209339563143,0.4999999999999999,0.8660254037844387,0.0,0.0,0.0,3.1500000000000004,6.625,100.0,98.5,5.0,6.7929225,0.425,5.225,21.5,32.0,32.0,32.0,32.0,32.0,-15.972,-0.0314815066666689,-0.0039999999999986,5.531999999999999,5.2780000000000005,21.51234568888889,5.536000000000001,6.0324264,6.043424,6.0343666,6.0324264,6.0324264,0,0.0,0,1.0,-0.33,7.3,92.7
2023-01-04 00:30:00,431.05970142222,73.72705081666601,73.740105877776,21.5,5.2780000000000005,32.0,2,5.1764362714980825,70.66250196097344,0,2,1,0.0,1.0,0.9749279121818236,-0.2225209339563143,0.4999999999999999,0.8660254037844387,0.0,0.0,0.0,2.6,6.449999999999999,100.0,97.0,4.9,6.744829,0.35,5.35,21.5,32.0,32.0,32.0,32.0,32.0,-16.222,0.0,-0.25,5.5280000000000005,5.093999999999999,21.510493835555557,5.4460000000000015,6.0324264,6.0324264,6.043424,6.0343666,6.0324264,0,0.0,1,1.0,-0.33,7.3,92.7
2023-01-04 00:45:00,111.986909144448,69.073625811112,69.086958627778,21.5,5.093999999999999,32.0,1,5.1764362714980825,70.66250196097344,0,2,1,0.0,1.0,0.9749279121818236,-0.2225209339563143,0.4999999999999999,0.8660254037844387,0.0,0.0,0.0,2.05,6.275,100.0,95.5,4.8,6.6954174,0.275,5.475,21.540740736666667,32.0,32.0,32.0,32.0,32.0,-16.406,0.0,-0.184000000000001,5.2780000000000005,5.010666666666666,21.5,5.300000000000001,6.0324264,6.0324264,6.0324264,6.043424,6.0466647,0,0.0,1,1.0,-0.33,7.3,92.7
2023-01-04 01:00:00,132.103049149994,96.385588872222,96.401143849998,21.540740736666667,5.010666666666666,32.0,2,5.1764362714980825,70.66250196097344,1,2,1,0.2588190451025207,0.9659258262890684,0.9749279121818236,-0.2225209339563143,0.4999999999999999,0.8660254037844387,0.0,0.0,0.0,1.5,6.1,100.0,94.0,4.7,6.644671,0.2,5.6,21.70555554,32.0,32.0,32.0,32.0,31.65,-16.53007407,0.0407407366666667,-0.083333333333333,5.093999999999999,4.953333333333333,21.51358024555556,5.127555555555557,6.0466647,6.0324264,6.0324264,6.0324264,6.0377927,0,0.0,1,1.0,-0.32,7.2,92.8
2023-01-04 01:15:00,137.112293155552,97.443879872222,97.459990411108,21.70555554,4.953333333333333,31.65,2,5.1764362714980825,70.66250196097344,1,2,1,0.2588190451025207,0.9659258262890684,0.9749279121818236,-0.2225209339563143,0.4999999999999999,0.8660254037844387,0.0,0.0,0.0,2.0,6.55,100.0,95.5,4.75,6.673414,0.175,5.425,21.89814813666667,32.0,32.0,32.0,32.0,31.5,-16.752222206666666,0.1648148033333321,-0.0573333333333332,5.010666666666666,5.035333333333333,21.58209875888889,5.019333333333335,6.0377927,6.0466647,6.0324264,6.0324264,6.076375,0,0.0,0,1.0,-0.29,6.7,93.3
2023-01-04 01:30:00,124.895281922216,97.709147027778,97.725813077776,21.89814813666667,5.035333333333333,31.5,2,5.1764362714980825,70.66250196097344,1,2,1,0.2588190451025207,0.9659258262890684,0.9749279121818236,-0.2225209339563143,0.4999999999999999,0.8660254037844387,0.0,0.0,0.0,2.5,7.0,100.0,97.0,4.800000000000001,6.7005157,0.15,5.25,21.98888888,31.65,32.0,32.0,32.0,31.45,-16.862814803333336,0.192592596666671,0.0819999999999998,4.953333333333333,5.02,21.714814804444448,4.999777777777779,6.076375,6.0377927,6.0466647,6.0324264,6.098563,0,0.0,0,1.0,-0.24,6.2,93.8
2023-01-04 01:45:00,126.35522350555,97.589151844444,97.604984594442,21.98888888,5.02,31.45,2,5.1764362714980825,70.66250196097344,1,2,1,0.2588190451025207,0.9659258262890684,0.9749279121818236,-0.2225209339563143,0.4999999999999999,0.8660254037844387,0.0,0.0,0.0,3.0,7.45,100.0,98.5,4.8500000000000005,6.726006,0.125,5.075,21.99074077,31.5,31.65,32.0,32.0,31.216666666666665,-16.968888879999998,0.0907407433333276,-0.0153333333333334,5.035333333333333,5.08,21.86419751888889,5.00288888888889,6.098563,6.076375,6.0377927,6.0466647,6.053963,0,0.0,0,1.0,-0.22,6.0,94.0
2023-01-04 02:00:00,61.036169688884,0.0,0.0,21.99074077,5.08,31.216666666666665,0,5.1764362714980825,70.66250196097344,2,2,1,0.4999999999999999,0.8660254037844387,0.9749279121818236,-0.2225209339563143,0.4999999999999999,0.8660254037844387,0.0,0.0,0.0,3.5,7.9,100.0,100.0,4.9,6.7499137,0.1,4.9,21.71666666,31.45,31.5,31.65,32.0,31.8,-16.910740770000004,0.0018518900000046,0.0600000000000005,5.02,5.242,21.959259262222226,5.045111111111112,6.053963,6.098563,6.076375,6.0377927,6.0703053,1,1.0,1,0.75,-0.22,6.0,94.0
2023-01-04 02:15:00,165.9883602,123.277568666668,123.296456894442,21.71666666,5.242,31.8,2,5.1764362714980825,70.66250196097344,2,2,1,0.4999999999999999,0.8660254037844387,0.9749279121818236,-0.2225209339563143,0.4999999999999999,0.8660254037844387,0.0,0.0,0.0,4.45,9.25,100.0,99.0,4.925000000000001,6.7601476,0.075,5.075,21.85925922333333,31.216666666666665,31.45,31.5,31.65,31.53333333333333,-16.474666659999997,-0.2740741100000043,0.1619999999999999,5.08,5.350666666666667,21.898765436666668,5.114000000000001,6.0703053,6.053963,6.098563,6.076375,6.06917,0,1.0,1,0.75,-0.28,6.7,93.3
2023-01-04 02:30:00,121.444031077772,94.130123527778,94.147622911108,21.85925922333333,5.350666666666667,31.53333333333333,2,5.1764362714980825,70.66250196097344,2,2,1,0.4999999999999999,0.8660254037844387,0.9749279121818236,-0.2225209339563143,0.4999999999999999,0.8660254037844387,0.0,0.0,0.0,5.4,10.6,100.0,98.0,4.95,6.7695932,0.05,5.25,21.98888888,31.8,31.216666666666665,31.45,31.5,31.5,-16.508592556666663,0.1425925633333342,0.1086666666666671,5.242,5.367999999999999,21.85555555111111,5.224222222222223,6.06917,6.0703053,6.053963,6.098563,6.1082582,0,1.0,0,0.75,-0.25,6.3,93.7
2023-01-04 02:45:00,135.88067555556,95.849221411112,95.863387544444,21.98888888,5.367999999999999,31.5,2,5.1764362714980825,70.66250196097344,2,2,1,0.4999999999999999,0.8660254037844387,0.9749279121818236,-0.2225209339563143,0.4999999999999999,0.8660254037844387,0.0,0.0,0.0,6.35,11.95,100.0,97.0,4.975,6.7782326,0.0249999999999999,5.425,22.07222224333333,31.53333333333333,31.8,31.216666666666665,31.45,31.316666666666663,-16.62088888,0.1296296566666654,0.0173333333333323,5.350666666666667,5.423333333333334,21.854938254444445,5.320222222222223,6.1082582,6.06917,6.0703053,6.053963,6.1019464,0,1.0,0,0.75,-0.22,6.0,94.0
2023-01-04 03:00:00,125.021110255548,97.516376988888,97.532487527774,22.07222224333333,5.423333333333334,31.316666666666663,2,5.1764362714980825,70.66250196097344,3,2,1,0.7071067811865476,0.7071067811865476,0.9749279121818236,-0.2225209339563143,0.4999999999999999,0.8660254037844387,0.0,0.0,0.0,7.3,13.3,100.0,96.0,5.0,6.7860475,0.0,5.6,22.15000002,31.5,31.53333333333333,31.8,31.216666666666665,31.0,-16.648888909999997,0.0833333633333346,0.0553333333333343,5.367999999999999,5.342,21.973456782222215,5.380666666666667,6.1019464,6.1082582,6.06917,6.0703053,6.0673666,0,0.0,0,1.0,-0.2,5.9,94.1
2023-01-04 03:15:00,135.04237595555202,97.6852591,97.701091866664,22.15000002,5.342,31.0,2,5.1764362714980825,70.66250196097344,3,2,1,0.7071067811865476,0.7071067811865476,0.9749279121818236,-0.2225209339563143,0.4999999999999999,0.8660254037844387,0.0,0.0,0.0,7.75,14.3,100.0,96.5,5.15,6.8551035,0.0,5.675,22.18703705,31.316666666666663,31.5,31.53333333333333,31.8,31.0,-16.80800002,0.077777776666668,-0.0813333333333341,5.423333333333334,5.381333333333333,22.070370381111115,5.377777777777779,6.0673666,6.1019464,6.1082582,6.06917,6.080318,0,0.0,0,1.0,-0.19,5.7,94.3
2023-01-04 03:30:00,133.083842983338,77.867996272222,77.880495772222,22.18703705,5.381333333333333,31.0,2,5.1764362714980825,70.66250196097344,3,2,1,0.7071067811865476,0.7071067811865476,0.9749279121818236,-0.2225209339563143,0.4999999999999999,0.8660254037844387,0.0,0.0,0.0,8.2,15.3,100.0,97.0,5.3,6.924656,0.0,5.75,22.12777776,31.0,31.316666666666663,31.5,31.53333333333333,31.35,-16.805703716666667,0.0370370300000004,0.0393333333333334,5.342,5.296666666666667,22.13641977111111,5.382222222222224,6.080318,6.0673666,6.1019464,6.1082582,6.1280217,0,0.0,0,1.0,-0.18,5.7,94.3
2023-01-04 03:45:00,107.943737611112,72.100449166668,72.1146153,22.12777776,5.296666666666667,31.35,2,5.1764362714980825,70.66250196097344,3,2,1,0.7071067811865476,0.7071067811865476,0.9749279121818236,-0.2225209339563143,0.4999999999999999,0.8660254037844387,0.0,0.0,0.0,8.65,16.3,100.0,97.5,5.449999999999999,6.994706,0.0,5.825,21.95555551333333,31.0,31.0,31.316666666666663,31.5,31.5,-16.831111093333334,-0.0592592899999999,-0.0846666666666662,5.381333333333333,5.303333333333333,22.15493827666667,5.340000000000001,6.1280217,6.080318,6.0673666,6.1019464,6.096528,0,0.0,0,1.0,-0.19,5.7,94.3
2023-01-04 04:00:00,101.30011466666,73.9128767,73.926209516666,21.95555551333333,5.303333333333333,31.5,2,5.1764362714980825,70.66250196097344,4,2,1,0.8660254037844386,0.5000000000000001,0.9749279121818236,-0.2225209339563143,0.4999999999999999,0.8660254037844387,0.0,0.0,0.0,9.1,17.3,100.0,98.0,5.6,7.0652585,0.0,5.9,21.90555555,31.35,31.0,31.0,31.316666666666663,31.5,-16.652222179999995,-0.1722222466666707,0.0066666666666659,5.296666666666667,5.372,22.090123441111118,5.327111111111112,6.096528,6.1280217,6.080318,6.0673666,6.078972,0,0.0,0,1.0,-0.23,6.1,93.9
2023-01-04 04:15:00,111.414432111112,72.047118,72.059895272222,21.90555555,5.372,31.5,2,5.1764362714980825,70.66250196097344,4,2,1,0.8660254037844386,0.5000000000000001,0.9749279121818236,-0.2225209339563143,0.4999999999999999,0.8660254037844387,0.0,0.0,0.0,8.35,17.2,100.0,98.5,5.625,7.078048,0.025,5.8500000000000005,21.8888889,31.5,31.35,31.0,31.0,31.5,-16.53355555,-0.049999963333331,0.0686666666666671,5.303333333333333,5.347333333333334,21.996296274444443,5.324000000000001,6.078972,6.096528,6.1280217,6.080318,6.07313,0,0.0,0,1.0,-0.24,6.2,93.8
2023-01-04 04:30:00,103.48641612777,73.946764244444,73.96009706111,21.8888889,5.347333333333334,31.5,2,5.1764362714980825,70.66250196097344,4,2,1,0.8660254037844386,0.5000000000000001,0.9749279121818236,-0.2225209339563143,0.4999999999999999,0.8660254037844387,0.0,0.0,0.0,7.6,17.1,100.0,99.0,5.65,7.0906715,0.05,5.800000000000001,21.84999998,31.5,31.5,31.35,31.0,31.55,-16.541555566666666,-0.0166666499999976,-0.0246666666666657,5.372,5.436000000000001,21.916666654444445,5.34088888888889,6.07313,6.078972,6.096528,6.1280217,6.0691338,0,0.0,0,1.0,-0.24,6.2,93.8
2023-01-04 04:45:00,116.721997550002,73.195960927778,73.21012706111,21.84999998,5.436000000000001,31.55,2,5.1764362714980825,70.66250196097344,4,2,1,0.8660254037844386,0.5000000000000001,0.9749279121818236,-0.2225209339563143,0.4999999999999999,0.8660254037844387,0.0,0.0,0.0,6.85,17.0,100.0,99.5,5.675,7.1031265,0.075,5.75,21.8333333,31.5,31.5,31.5,31.35,31.966666666666665,-16.41399998,-0.0388889200000015,0.0886666666666666,5.347333333333334,5.48,21.881481476666668,5.3851111111111125,6.0691338,6.07313,6.078972,6.096528,6.143373,0,0.0,0,1.0,-0.25,6.3,93.7
2023-01-04 05:00:00,127.2493539889,72.6429275,72.655427,21.8333333,5.48,31.966666666666665,2,5.1764362714980825,70.66250196097344,5,2,1,0.9659258262890684,0.2588190451025207,0.9749279121818236,-0.2225209339563143,0.4999999999999999,0.8660254037844387,0.0,0.0,0.0,6.1,16.9,100.0,100.0,5.7,7.1154127,0.1,5.7,21.82777775,31.55,31.5,31.5,31.5,32.0,-16.3533333,-0.0166666800000001,0.0439999999999995,5.436000000000001,5.561333333333334,21.85740739333333,5.421111111111113,6.143373,6.0691338,6.07313,6.078972,6.1478057,0,0.0,0,1.0,-0.25,6.3,93.7
2023-01-04 05:15:00,94.344003955552,65.818756044444,65.83208886111,21.82777775,5.561333333333334,32.0,1,5.1764362714980825,70.66250196097344,5,2,1,0.9659258262890684,0.2588190451025207,0.9749279121818236,-0.2225209339563143,0.4999999999999999,0.8660254037844387,0.0,0.0,0.0,6.125,15.724999999999998,100.0,100.0,5.7,7.1154127,0.075,5.7,21.76111111333333,31.966666666666665,31.55,31.5,31.5,32.0,-16.266444416666666,-0.0055555500000004,0.0813333333333332,5.48,5.538666666666667,21.83703701,5.492444444444446,6.1478057,6.143373,6.0691338,6.07313,6.1241865,0,0.0,1,1.0,-0.26,6.4,93.6
2023-01-04 05:30:00,92.817676294434,65.655707,65.668484272222,21.76111111333333,5.538666666666667,32.0,1,5.1764362714980825,70.66250196097344,5,2,1,0.9659258262890684,0.2588190451025207,0.9749279121818236,-0.2225209339563143,0.4999999999999999,0.8660254037844387,0.0,0.0,0.0,6.15,14.55,100.0,100.0,5.7,7.1154127,0.05,5.7,21.68333335,32.0,31.966666666666665,31.55,31.5,32.0,-16.222444446666668,-0.0666666366666639,-0.0226666666666668,5.561333333333334,5.723333333333333,21.807407387777783,5.526666666666668,6.1241865,6.1478057,6.143373,6.0691338,6.0967283,0,0.0,0,1.0,-0.27,6.5,93.5
2023-01-04 05:45:00,111.864692033328,73.1620734,73.175128444444,21.68333335,5.723333333333333,32.0,2,5.1764362714980825,70.66250196097344,5,2,1,0.9659258262890684,0.2588190451025207,0.9749279121818236,-0.2225209339563143,0.4999999999999999,0.8660254037844387,0.0,0.0,0.0,6.175,13.375,100.0,100.0,5.7,7.1154127,0.0249999999999999,5.7,21.68703705,32.0,32.0,31.966666666666665,31.55,32.18333333333333,-15.960000016666667,-0.0777777633333336,0.1846666666666658,5.538666666666667,5.8133333333333335,21.757407404444447,5.60777777777778,6.0967283,6.1241865,6.1478057,6.143373,6.1329694,0,0.0,1,1.0,-0.29,6.7,93.3
2023-01-04 06:00:00,113.062977333332,74.538407244444,74.551184516666,21.68703705,5.8133333333333335,32.18333333333333,2,5.1764362714980825,70.66250196097344,6,2,1,1.0,6.123233995736766e-17,0.9749279121818236,-0.2225209339563143,0.4999999999999999,0.8660254037844387,0.0,0.0,0.0,6.2,12.2,100.0,100.0,5.7,7.1154127,0.0,5.7,21.72777776,32.0,32.0,32.0,31.966666666666665,32.5,-15.873703716666668,0.003703699999999,0.0900000000000007,5.723333333333333,5.939333333333334,21.71049383777778,5.691777777777779,6.1329694,6.0967283,6.1241865,6.1478057,6.2079115,0,0.0,0,1.0,-0.29,6.7,93.3
2023-01-04 06:15:00,117.274475383338,74.48174279444599,74.49535338333399,21.72777776,5.939333333333334,32.5,2,5.1764362714980825,70.66250196097344,6,2,1,1.0,6.123233995736766e-17,0.9749279121818236,-0.2225209339563143,0.4999999999999999,0.8660254037844387,0.0,0.0,0.0,6.45,12.85,100.0,100.0,5.75,7.13882,0.0,5.75,21.774074093333333,32.18333333333333,32.0,32.0,32.0,32.5,-15.788444426666665,0.0407407099999979,0.1260000000000003,5.8133333333333335,6.071333333333333,21.69938272,5.825333333333334,6.2079115,6.1329694,6.0967283,6.1241865,6.2245345,0,0.0,0,1.0,-0.28,6.6,93.4
2023-01-04 06:30:00,120.99738216111,74.4070236,74.419800872222,21.774074093333333,6.071333333333333,32.5,2,5.1764362714980825,70.66250196097344,6,2,1,1.0,6.123233995736766e-17,0.9749279121818236,-0.2225209339563143,0.4999999999999999,0.8660254037844387,0.0,0.0,0.0,6.7,13.5,100.0,100.0,5.800000000000001,7.162295,0.0,5.800000000000001,21.7777778,32.5,32.18333333333333,32.0,32.0,32.5,-15.70274076,0.0462963333333341,0.1319999999999987,5.939333333333334,5.843999999999999,21.729629634444446,5.941333333333335,6.2245345,6.2079115,6.1329694,6.0967283,6.2258677,0,0.0,0,1.0,-0.27,6.5,93.5
2023-01-04 06:45:00,102.955048516658,74.365358583334,74.3786914,21.7777778,5.843999999999999,32.5,2,5.1764362714980825,70.66250196097344,6,2,1,1.0,6.123233995736766e-17,0.9749279121818236,-0.2225209339563143,0.4999999999999999,0.8660254037844387,0.0,0.0,0.0,6.95,14.15,100.0,100.0,5.8500000000000005,7.185836,0.0,5.8500000000000005,21.79814815,32.5,32.5,32.18333333333333,32.0,32.5,-15.9337778,0.0037037066666663,-0.2273333333333331,6.071333333333333,5.752,21.75987655111111,5.951555555555557,6.2258677,6.2245345,6.2079115,6.1329694,6.233192,0,0.0,0,1.0,-0.26,6.4,93.6
2023-01-04 07:00:00,101.337891022212,74.190643372222,74.203976188888,21.79814815,5.752,32.5,2,5.1764362714980825,70.66250196097344,7,2,1,0.9659258262890684,-0.2588190451025206,0.9749279121818236,-0.2225209339563143,0.4999999999999999,0.8660254037844387,0.0,0.0,0.0,7.2,14.8,100.0,100.0,5.9,7.2094474,0.0,5.9,21.8333333,32.5,32.5,32.5,32.18333333333333,32.5,-16.04614815,0.0203703500000003,-0.0919999999999996,5.843999999999999,5.748,21.78333334777778,5.889111111111112,6.233192,6.2258677,6.2245345,6.2079115,6.2458687,0,0.0,0,1.0,-0.26,6.4,93.6
2023-01-04 07:15:00,114.024883255556,74.169533066668,74.182032583334,21.8333333,5.748,32.5,2,5.1764362714980825,70.66250196097344,7,2,1,0.9659258262890684,-0.2588190451025206,0.9749279121818236,-0.2225209339563143,0.4999999999999999,0.8660254037844387,0.0,0.0,0.0,6.8,14.875,100.0,100.0,5.800000000000001,7.162295,0.0,5.800000000000001,21.8333333,32.5,32.5,32.5,32.5,32.5,-16.0853333,0.0351851500000002,-0.0039999999999995,5.752,5.767333333333334,21.803086416666662,5.781333333333333,6.2458687,6.233192,6.2258677,6.2245345,6.2458687,0,0.0,0,1.0,-0.25,6.3,93.7
2023-01-04 07:30:00,119.456332688888,74.105646788888,74.119257377776,21.8333333,5.767333333333334,32.5,2,5.1764362714980825,70.66250196097344,7,2,1,0.9659258262890684,-0.2588190451025206,0.9749279121818236,-0.2225209339563143,0.4999999999999999,0.8660254037844387,0.0,0.0,0.0,6.4,14.95,100.0,100.0,5.7,7.1154127,0.0,5.7,21.8,32.5,32.5,32.5,32.5,32.5,-16.065999966666666,0.0,0.0193333333333338,5.748,5.981333333333334,21.82160491666667,5.755777777777779,6.2458687,6.2458687,6.233192,6.2258677,6.233861,0,0.0,0,1.0,-0.25,6.3,93.7
2023-01-04 07:45:00,117.017263472226,74.323971372222,74.337859733332,21.8,5.981333333333334,32.5,2,5.1764362714980825,70.66250196097344,7,2,1,0.9659258262890684,-0.2588190451025206,0.9749279121818236,-0.2225209339563143,0.4999999999999999,0.8660254037844387,0.0,0.0,0.0,6.0,15.025,100.0,100.0,5.6,7.068799,0.0,5.6,21.8296296,32.5,32.5,32.5,32.5,32.5,-15.818666666666669,-0.0333332999999989,0.2139999999999995,5.767333333333334,6.0,21.8222222,5.832222222222224,6.233861,6.2458687,6.2458687,6.233192,6.2445335,0,0.0,0,1.0,-0.26,6.4,93.6
2023-01-04 08:00:00,113.512681494446,74.568406027778,74.5811833,21.8296296,6.0,32.5,2,5.1764362714980825,70.66250196097344,8,2,1,0.8660254037844387,-0.4999999999999998,0.9749279121818236,-0.2225209339563143,0.4999999999999999,0.8660254037844387,0.0,0.0,0.0,5.6,15.1,100.0,100.0,5.5,7.0224533,0.0,5.5,21.83888886,32.5,32.5,32.5,32.5,32.5,-15.829629599999995,0.0296295999999962,0.0186666666666663,5.981333333333334,6.1706666666666665,21.82098763333333,5.916222222222224,6.2445335,6.233861,6.2458687,6.2458687,6.247872,0,0.0,0,1.0,-0.25,6.3,93.7
2023-01-04 08:15:00,103.614744361102,74.65090276111,74.664235594442,21.83888886,6.1706666666666665,32.5,2,5.1764362714980825,70.66250196097344,8,2,1,0.8660254037844387,-0.4999999999999998,0.9749279121818236,-0.2225209339563143,0.4999999999999999,0.8660254037844387,0.25,0.0625,0.0208333333333333,5.85,14.825,100.0,99.5,5.375,6.9643826,0.025,5.45,21.88518519333333,32.5,32.5,32.5,32.5,32.5,-15.668222193333335,0.0092592600000038,0.1706666666666665,6.0,6.066000000000001,21.822839486666663,6.050666666666668,6.247872,6.2445335,6.233861,6.2458687,6.264587,0,0.0,0,1.0,-0.25,6.3,93.7
2023-01-04 08:30:00,102.043973761106,74.80561873889,74.82006264444401,21.88518519333333,6.066000000000001,32.5,2,5.1764362714980825,70.66250196097344,8,2,1,0.8660254037844387,-0.4999999999999998,0.9749279121818236,-0.2225209339563143,0.4999999999999999,0.8660254037844387,0.5,0.1875,0.0625,6.1,14.55,100.0,99.0,5.25,6.9066095,0.05,5.4,21.8888889,32.5,32.5,32.5,32.5,32.55,-15.81918519333333,0.0462963333333306,-0.1046666666666658,6.1706666666666665,6.248,21.85123455111111,6.078888888888891,6.264587,6.247872,6.2445335,6.233861,6.2755675,0,0.0,0,1.0,-0.24,6.2,93.8
2023-01-04 08:45:00,122.894250666668,74.780341983334,74.794230344444,21.8888889,6.248,32.55,2,5.1764362714980825,70.66250196097344,8,2,1,0.8660254037844387,-0.4999999999999998,0.9749279121818236,-0.2225209339563143,0.4999999999999999,0.8660254037844387,0.75,0.375,0.125,6.35,14.275,100.0,98.5,5.125,6.8491306,0.075,5.35,21.8888889,32.5,32.5,32.5,32.5,32.96666666666667,-15.6408889,0.0037037066666698,0.1819999999999995,6.066000000000001,6.254666666666666,21.87098765111111,6.161555555555556,6.2755675,6.264587,6.247872,6.2445335,6.3559003,0,0.0,0,1.0,-0.24,6.2,93.8
2023-01-04 09:00:00,119.126067916674,74.75145423889,74.764509283334,21.8888889,6.254666666666666,32.96666666666667,2,5.1764362714980825,70.66250196097344,9,2,1,0.7071067811865476,-0.7071067811865475,0.9749279121818236,-0.2225209339563143,0.4999999999999999,0.8660254037844387,1.0,0.625,0.2083333333333333,6.6,14.0,100.0,98.0,5.0,6.791946,0.1,5.3,21.8888889,32.55,32.5,32.5,32.5,33.0,-15.634222233333336,0.0,0.0066666666666659,6.248,6.107333333333333,21.88765433111111,6.1895555555555575,6.3559003,6.2755675,6.264587,6.247872,6.362327,0,0.0,0,1.0,-0.24,6.1,93.9
2023-01-04 09:15:00,110.718071083334,74.809229727778,74.824229177776,21.8888889,6.107333333333333,33.0,2,5.1764362714980825,70.66250196097344,9,2,1,0.7071067811865476,-0.7071067811865475,0.9749279121818236,-0.2225209339563143,0.4999999999999999,0.8660254037844387,4.0,1.5625,0.5416666666666666,5.775,13.65,100.0,97.75,4.975,6.785792,0.075,5.325,21.90925925,32.96666666666667,32.55,32.5,32.5,33.0,-15.781555566666668,0.0,-0.1473333333333331,6.254666666666666,5.922,21.8888889,6.203333333333334,6.362327,6.3559003,6.2755675,6.264587,6.3698077,0,0.0,0,1.0,-0.23,6.1,93.9
2023-01-04 09:30:00,105.60272030555,66.810660816666,66.82454921110799,21.90925925,5.922,33.0,1,5.1764362714980825,70.66250196097344,9,2,1,0.7071067811865476,-0.7071067811865475,0.9749279121818236,-0.2225209339563143,0.4999999999999999,0.8660254037844387,7.0,3.1875,1.125,4.95,13.3,100.0,97.5,4.95,6.779596,0.05,5.35,21.83888886,33.0,32.96666666666667,32.55,32.5,33.05,-15.987259249999996,0.0203703499999967,-0.1853333333333333,6.107333333333333,5.969333333333334,21.895679016666676,6.094666666666668,6.3698077,6.362327,6.3559003,6.2755675,6.353605,0,0.0,1,1.0,-0.23,6.1,93.9
2023-01-04 09:45:00,53.2070383,24.636514516666,24.645403094442,21.83888886,5.969333333333334,33.05,1,5.1764362714980825,70.66250196097344,9,2,1,0.7071067811865476,-0.7071067811865475,0.9749279121818236,-0.2225209339563143,0.4999999999999999,0.8660254037844387,10.0,5.5,1.9583333333333333,4.125,12.95,100.0,97.25,4.925000000000001,6.77336,0.0249999999999999,5.375,21.61481485,33.0,33.0,32.96666666666667,32.55,33.46666666666667,-15.869555526666666,-0.0703703899999972,0.0473333333333343,5.922,6.2860000000000005,21.879012336666666,5.999555555555557,6.353605,6.3698077,6.362327,6.3559003,6.350957,0,0.0,0,1.0,-0.25,6.3,93.7
2023-01-04 10:00:00,133.275224327778,104.690534427778,104.707200477776,21.61481485,6.2860000000000005,33.46666666666667,2,5.1764362714980825,70.66250196097344,10,2,1,0.4999999999999999,-0.8660254037844387,0.9749279121818236,-0.2225209339563143,0.4999999999999999,0.8660254037844387,13.0,8.5,3.0416666666666665,3.3,12.6,100.0,97.0,4.9,6.7670817,0.0,5.4,21.83888891,33.05,33.0,33.0,32.96666666666667,33.15,-15.32881485,-0.2240740099999989,0.3166666666666664,5.969333333333334,6.473333333333333,21.78765432,6.059111111111112,6.350957,6.353605,6.3698077,6.362327,6.372829,0,0.0,1,1.0,-0.3,6.8,93.2
2023-01-04 10:15:00,153.82301351666598,98.878266911112,98.894377449998,21.83888891,6.473333333333333,33.15,2,5.1764362714980825,70.66250196097344,10,2,1,0.4999999999999999,-0.8660254037844387,0.9749279121818236,-0.2225209339563143,0.4999999999999999,0.8660254037844387,22.0,13.0,4.875,2.8,11.425,100.0,96.75,5.1000000000000005,6.8503137,0.025,5.625,22.064814836666663,33.46666666666667,33.05,33.0,33.0,33.0,-15.365555576666663,0.2240740599999959,0.1873333333333322,6.2860000000000005,6.692666666666667,21.76419754,6.242888888888889,6.372829,6.350957,6.353605,6.3698077,6.427195,0,0.0,0,1.0,-0.25,6.3,93.7
2023-01-04 10:30:00,132.45414595556,88.138696511112,88.15369596111,22.064814836666663,6.692666666666667,33.0,2,5.1764362714980825,70.66250196097344,10,2,1,0.4999999999999999,-0.8660254037844387,0.9749279121818236,-0.2225209339563143,0.4999999999999999,0.8660254037844387,31.0,19.0,7.458333333333333,2.3,10.25,100.0,96.5,5.300000000000001,6.9343314,0.05,5.85,22.09444443,33.15,33.46666666666667,33.05,33.0,33.0,-15.372148169999996,0.2259259266666653,0.219333333333334,6.473333333333333,6.932666666666666,21.839506198888888,6.484000000000002,6.427195,6.372829,6.350957,6.353605,6.4381757,0,0.0,0,1.0,-0.19,5.8,94.2
2023-01-04 10:45:00,86.171830872218,40.854476872222,40.865309872218,22.09444443,6.932666666666666,33.0,1,5.1764362714980825,70.66250196097344,10,2,1,0.4999999999999999,-0.8660254037844387,0.9749279121818236,-0.2225209339563143,0.4999999999999999,0.8660254037844387,40.0,26.5,10.791666666666666,1.8,9.075,100.0,96.25,5.5,7.019142,0.075,6.075,21.87407404,33.0,33.15,33.46666666666667,33.05,33.18333333333333,-15.161777763333331,0.0296295933333361,0.2399999999999993,6.692666666666667,7.084,21.999382725555552,6.699555555555556,6.4381757,6.427195,6.372829,6.350957,6.3922048,0,0.0,1,1.0,-0.19,5.7,94.3
2023-01-04 11:00:00,187.279730794442,53.391197616666,53.398141805554,21.87407404,7.084,33.18333333333333,1,5.1764362714980825,70.66250196097344,11,2,1,0.258819045102521,-0.9659258262890682,0.9749279121818236,-0.2225209339563143,0.4999999999999999,0.8660254037844387,49.0,35.5,14.875,1.3,7.9,100.0,96.0,5.7,7.1047463,0.1,6.3,21.78333334,33.0,33.0,33.15,33.46666666666667,33.5,-14.79007404,-0.2203703899999993,0.1513333333333335,6.932666666666666,7.13,22.01111110222222,6.903111111111111,6.3922048,6.4381757,6.427195,6.372829,6.419491,0,0.0,0,1.0,-0.24,6.2,93.8
2023-01-04 11:15:00,184.504008477776,107.017108011112,107.03294076111,21.78333334,7.13,33.5,2,5.1764362714980825,70.66250196097344,11,2,1,0.258819045102521,-0.9659258262890682,0.9749279121818236,-0.2225209339563143,0.4999999999999999,0.8660254037844387,52.0,43.0,19.1875,1.425,7.9,100.0,96.0,5.825,7.1513257,0.1,6.4,22.00555557333333,33.18333333333333,33.0,33.0,33.15,33.5,-14.653333340000003,-0.0907406999999977,0.0460000000000002,7.084,7.105333333333333,21.917283936666667,7.048888888888889,6.419491,6.3922048,6.4381757,6.427195,6.50233,0,0.0,1,1.0,-0.26,6.4,93.6
2023-01-04 11:30:00,143.208993561114,95.910607855556,95.925607305554,22.00555557333333,7.105333333333333,33.5,2,5.1764362714980825,70.66250196097344,11,2,1,0.258819045102521,-0.9659258262890682,0.9749279121818236,-0.2225209339563143,0.4999999999999999,0.8660254037844387,55.0,49.0,23.729166666666668,1.55,7.9,100.0,96.0,5.95,7.198173,0.1,6.5,22.10000001,33.5,33.18333333333333,33.0,33.0,33.5,-14.900222239999998,0.2222222333333299,-0.0246666666666666,7.13,7.069999999999999,21.887654317777777,7.1064444444444455,6.50233,6.419491,6.3922048,6.4381757,6.537816,0,0.0,0,1.0,-0.2,5.9,94.1
2023-01-04 11:45:00,145.731948388884,85.773235583334,85.78656840000001,22.10000001,7.069999999999999,33.5,2,5.1764362714980825,70.66250196097344,11,2,1,0.258819045102521,-0.9659258262890682,0.9749279121818236,-0.2225209339563143,0.4999999999999999,0.8660254037844387,58.0,53.5,28.5,1.675,7.9,100.0,96.0,6.075,7.245286,0.1,6.6,22.122222256666667,33.5,33.5,33.18333333333333,33.0,33.68333333333333,-15.030000009999998,0.0944444366666665,-0.0353333333333338,7.105333333333333,7.1353333333333335,21.962962974444448,7.101777777777779,6.537816,6.50233,6.419491,6.3922048,6.5820155,0,0.0,0,1.0,-0.18,5.7,94.3
2023-01-04 12:00:00,61.370878533328,15.513546083334,15.521879116666,22.122222256666667,7.1353333333333335,33.68333333333333,1,5.1764362714980825,70.66250196097344,12,2,1,1.2246467991473532e-16,-1.0,0.9749279121818236,-0.2225209339563143,0.4999999999999999,0.8660254037844387,61.0,56.5,33.5,1.8,7.9,100.0,96.0,6.2,7.2926693,0.1,6.7,21.82777778,33.5,33.5,33.5,33.18333333333333,34.4,-14.986888923333334,0.0222222466666686,0.0653333333333341,7.069999999999999,7.274,22.07592594666667,7.103555555555556,6.5820155,6.537816,6.50233,6.419491,6.6088915,0,0.0,1,1.0,-0.18,5.6,94.4
2023-01-04 12:15:00,126.910201172222,83.448606355556,83.464161349998,21.82777778,7.274,34.4,2,5.1764362714980825,70.66250196097344,12,2,1,1.2246467991473532e-16,-1.0,0.9749279121818236,-0.2225209339563143,0.4999999999999999,0.8660254037844387,59.0,58.25,38.083333333333336,2.375,8.525,100.0,96.25,6.25,7.335516,0.075,6.75,21.855555566666663,33.68333333333333,33.5,33.5,33.5,34.78333333333333,-14.55377778,-0.2944444766666656,0.1386666666666665,7.1353333333333335,7.439333333333334,22.016666682222223,7.159777777777779,6.6088915,6.5820155,6.537816,6.50233,6.693262,0,0.0,1,1.0,-0.24,6.2,93.8
2023-01-04 12:30:00,151.88253553889,97.5969293,97.612484277776,21.855555566666663,7.439333333333334,34.78333333333333,2,5.1764362714980825,70.66250196097344,12,2,1,1.2246467991473532e-16,-1.0,0.9749279121818236,-0.2225209339563143,0.4999999999999999,0.8660254037844387,57.0,58.75,42.25,2.95,9.15,100.0,96.5,6.300000000000001,7.378554,0.05,6.800000000000001,22.08333333,34.4,33.68333333333333,33.5,33.5,34.5,-14.416222233333333,0.0277777866666646,0.1653333333333337,7.274,7.449333333333334,21.93518520111111,7.28288888888889,6.693262,6.6088915,6.5820155,6.537816,6.7265124,0,0.0,0,1.0,-0.23,6.1,93.9
2023-01-04 12:45:00,131.162530905562,93.6187551,93.633754533332,22.08333333,7.449333333333334,34.5,2,5.1764362714980825,70.66250196097344,12,2,1,1.2246467991473532e-16,-1.0,0.9749279121818236,-0.2225209339563143,0.4999999999999999,0.8660254037844387,55.0,58.0,46.0,3.525,9.775,100.0,96.75,6.3500000000000005,7.4217844,0.0249999999999999,6.8500000000000005,22.142592606666668,34.78333333333333,34.4,33.68333333333333,33.5,34.5,-14.633999996666669,0.2277777633333357,0.0099999999999997,7.439333333333334,7.369333333333333,21.92222222555556,7.387555555555558,6.7265124,6.693262,6.6088915,6.5820155,6.7495127,0,0.0,0,1.0,-0.18,5.7,94.3
2023-01-04 13:00:00,48.55444674444,21.32609133889,21.335257672222,22.142592606666668,7.369333333333333,34.5,1,5.1764362714980825,70.66250196097344,13,2,1,-0.2588190451025208,-0.9659258262890684,0.9749279121818236,-0.2225209339563143,0.4999999999999999,0.8660254037844387,53.0,56.0,49.333333333333336,4.1,10.4,100.0,97.0,6.4,7.4652104,0.0,6.9,21.87777779,34.5,34.78333333333333,34.4,33.68333333333333,34.5,-14.773259273333334,0.0592592766666655,-0.08,7.449333333333334,7.247333333333333,22.027160501111112,7.419333333333334,6.7495127,6.7265124,6.693262,6.6088915,6.6472588,0,0.0,1,1.0,-0.17,5.6,94.4
2023-01-04 13:15:00,123.53311397778,85.1457607,85.160760133332,21.87777779,7.247333333333333,34.5,2,5.1764362714980825,70.66250196097344,13,2,1,-0.2588190451025208,-0.9659258262890684,0.9749279121818236,-0.2225209339563143,0.4999999999999999,0.8660254037844387,60.25,56.3125,52.520833333333336,4.3,11.05,100.0,96.75,6.5,7.506731,0.0,7.025,21.859259273333333,34.5,34.5,34.78333333333333,34.4,34.5,-14.630444456666666,-0.2648148166666679,-0.1220000000000007,7.369333333333333,7.251333333333333,22.03456790888889,7.355333333333334,6.6472588,6.7495127,6.7265124,6.693262,6.64016,0,0.0,1,1.0,-0.23,6.1,93.9
2023-01-04 13:30:00,133.34161052222402,95.620619455556,95.637285505554,21.859259273333333,7.251333333333333,34.5,2,5.1764362714980825,70.66250196097344,13,2,1,-0.2588190451025208,-0.9659258262890684,0.9749279121818236,-0.2225209339563143,0.4999999999999999,0.8660254037844387,67.5,58.9375,55.5625,4.5,11.7,100.0,96.5,6.6,7.5483713,0.0,7.15,22.08333333,34.5,34.5,34.5,34.78333333333333,34.15,-14.60792594,-0.018518516666667,0.0040000000000004,7.247333333333333,7.462000000000001,21.959876556666668,7.289333333333334,6.64016,6.6472588,6.7495127,6.7265124,6.6582727,0,0.0,0,1.0,-0.23,6.1,93.9
2023-01-04 13:45:00,134.34407043889,91.0996892,91.115521966664,22.08333333,7.462000000000001,34.15,2,5.1764362714980825,70.66250196097344,13,2,1,-0.2588190451025208,-0.9659258262890684,0.9749279121818236,-0.2225209339563143,0.4999999999999999,0.8660254037844387,74.75,63.875,58.458333333333336,4.7,12.35,100.0,96.25,6.7,7.5901275,0.0,7.275,22.16296299333333,34.5,34.5,34.5,34.5,34.0,-14.621333330000002,0.2240740566666694,0.2106666666666674,7.251333333333333,7.528,21.940123464444444,7.320222222222223,6.6582727,6.64016,6.6472588,6.7495127,6.6595,0,0.0,0,1.0,-0.18,5.7,94.3
2023-01-04 14:00:00,107.365427477776,57.644916344444,57.656582577776,22.16296299333333,7.528,34.0,1,5.1764362714980825,70.66250196097344,14,2,1,-0.4999999999999997,-0.8660254037844388,0.9749279121818236,-0.2225209339563143,0.4999999999999999,0.8660254037844387,82.0,71.125,61.208333333333336,4.9,13.0,100.0,96.0,6.8,7.631999,0.0,7.4,22.02222223,34.15,34.5,34.5,34.5,34.4,-14.634962993333334,0.0796296633333319,0.0659999999999998,7.462000000000001,7.620666666666667,22.035185198888893,7.413777777777779,6.6595,6.6582727,6.64016,6.6472588,6.6834383,0,0.0,1,1.0,-0.16,5.6,94.4
2023-01-04 14:15:00,57.53075434444,28.544691533332,28.554691166664,22.02222223,7.620666666666667,34.4,1,5.1764362714980825,70.66250196097344,14,2,1,-0.4999999999999997,-0.8660254037844388,0.9749279121818236,-0.2225209339563143,0.4999999999999999,0.8660254037844387,70.75,73.75,62.770833333333336,5.025,13.0,100.0,97.0,6.85,7.67411,0.2,7.325,21.781481456666665,34.0,34.15,34.5,34.5,34.78333333333333,-14.401555563333334,-0.1407407633333335,0.0926666666666662,7.528,7.608,22.08950618444445,7.536888888888892,6.6834383,6.6595,6.6582727,6.64016,6.664697,0,0.0,0,1.0,-0.19,5.8,94.2
2023-01-04 14:30:00,433.21905946111,107.888739811112,107.906794688888,21.781481456666665,7.608,34.78333333333333,2,5.1764362714980825,70.66250196097344,14,2,1,-0.4999999999999997,-0.8660254037844388,0.9749279121818236,-0.2225209339563143,0.4999999999999999,0.8660254037844387,59.5,71.75,63.145833333333336,5.15,13.0,100.0,98.0,6.9,7.7156086,0.4,7.25,21.99444446,34.4,34.0,34.15,34.5,34.45,-14.173481456666664,-0.2407407733333357,-0.0126666666666661,7.620666666666667,7.643333333333333,21.988888893333336,7.585555555555557,6.664697,6.6834383,6.6595,6.6582727,6.682442,0,0.0,1,1.0,-0.25,6.3,93.7
2023-01-04 14:45:00,129.483709294446,90.38999533889,90.404994755556,21.99444446,7.643333333333333,34.45,2,5.1764362714980825,70.66250196097344,14,2,1,-0.4999999999999997,-0.8660254037844388,0.9749279121818236,-0.2225209339563143,0.4999999999999999,0.8660254037844387,48.25,65.125,62.333333333333336,5.275,13.0,100.0,99.0,6.95,7.756503,0.6000000000000001,7.175,22.12777778666667,34.78333333333333,34.4,34.0,34.15,34.03333333333333,-14.351111126666666,0.2129630033333356,0.0353333333333329,7.608,7.706666666666666,21.93271604888889,7.624000000000001,6.682442,6.664697,6.6834383,6.6595,6.652536,0,0.0,0,1.0,-0.2,5.8,94.2
2023-01-04 15:00:00,133.798814200012,88.36340973889,88.378409188888,22.12777778666667,7.706666666666666,34.03333333333333,2,5.1764362714980825,70.66250196097344,15,2,1,-0.7071067811865471,-0.7071067811865479,0.9749279121818236,-0.2225209339563143,0.4999999999999999,0.8660254037844387,37.0,53.875,60.333333333333336,5.4,13.0,100.0,100.0,7.0,7.796792,0.8,7.1,22.18333333,34.45,34.78333333333333,34.4,34.0,34.35,-14.421111120000004,0.1333333266666692,0.0633333333333325,7.643333333333333,7.608666666666666,21.967901234444444,7.6526666666666685,6.652536,6.682442,6.664697,6.6834383,6.7359495,0,0.0,0,1.0,-0.17,5.6,94.4
2023-01-04 15:15:00,69.106958011104,26.243950216666,26.25311658333,22.18333333,7.608666666666666,34.35,1,5.1764362714980825,70.66250196097344,15,2,1,-0.7071067811865471,-0.7071067811865479,0.9749279121818236,-0.2225209339563143,0.4999999999999999,0.8660254037844387,34.0,44.6875,58.25,5.95,13.525,100.0,100.0,6.975,7.7715106,0.875,7.05,21.93333334,34.03333333333333,34.45,34.78333333333333,34.4,34.68333333333333,-14.574666663333334,0.0555555433333303,-0.0979999999999998,7.706666666666666,7.616,22.10185185888889,7.6528888888888895,6.7359495,6.652536,6.682442,6.664697,6.704037,0,0.0,1,1.0,-0.16,5.5,94.5
2023-01-04 15:30:00,119.724655255556,80.252900872222,80.266789233332,21.93333334,7.616,34.68333333333333,2,5.1764362714980825,70.66250196097344,15,2,1,-0.7071067811865471,-0.7071067811865479,0.9749279121818236,-0.2225209339563143,0.4999999999999999,0.8660254037844387,31.0,37.5625,56.083333333333336,6.5,14.05,100.0,100.0,6.95,7.7462993,0.95,7.0,21.96111112,34.35,34.03333333333333,34.45,34.78333333333333,34.6,-14.31733334,-0.2499999899999991,0.0073333333333334,7.608666666666666,7.660666666666667,22.08148148555556,7.643777777777778,6.704037,6.7359495,6.652536,6.682442,6.6986504,0,0.0,1,1.0,-0.21,5.9,94.1
2023-01-04 15:45:00,152.346127977784,123.393397383334,123.413674355556,21.96111112,7.660666666666667,34.6,2,5.1764362714980825,70.66250196097344,15,2,1,-0.7071067811865471,-0.7071067811865479,0.9749279121818236,-0.2225209339563143,0.4999999999999999,0.8660254037844387,28.0,32.5,53.833333333333336,7.05,14.575,100.0,100.0,6.925000000000001,7.7211604,1.025,6.95,22.27962963,34.68333333333333,34.35,34.03333333333333,34.45,34.21666666666667,-14.300444453333334,0.0277777800000009,0.044666666666667,7.616,7.681333333333333,22.02592593,7.628444444444445,6.6986504,6.704037,6.7359495,6.652536,6.747087,0,0.0,0,1.0,-0.21,5.9,94.1
2023-01-04 16:00:00,106.665455511108,74.688679016666,74.70395623888601,22.27962963,7.681333333333333,34.21666666666667,2,5.1764362714980825,70.66250196097344,16,2,1,-0.8660254037844385,-0.5000000000000004,0.9749279121818236,-0.2225209339563143,0.4999999999999999,0.8660254037844387,25.0,29.5,51.5,7.6,15.1,100.0,100.0,6.9,7.696093,1.1,6.9,22.04444441,34.6,34.68333333333333,34.35,34.03333333333333,36.0,-14.598296296666666,0.318518509999997,0.0206666666666661,7.660666666666667,7.627333333333333,22.058024696666667,7.652666666666668,6.747087,6.6986504,6.704037,6.7359495,7.0032597,0,0.0,0,1.0,-0.14,5.4,94.6
2023-01-04 16:15:00,806.592457311108,85.780457527778,85.798790144444,22.04444441,7.627333333333333,36.0,2,5.1764362714980825,70.66250196097344,16,2,1,-0.8660254037844385,-0.5000000000000004,0.9749279121818236,-0.2225209339563143,0.4999999999999999,0.8660254037844387,23.0,26.75,48.395833333333336,7.824999999999999,15.65,100.0,100.0,6.9750000000000005,7.7462993,1.0750000000000002,7.0,21.66666666,34.21666666666667,34.6,34.68333333333333,34.35,37.43333333333333,-14.417111076666668,-0.2351852199999982,-0.0539999999999993,7.681333333333333,7.555333333333333,22.09506172,7.656444444444446,7.0032597,6.747087,6.6986504,6.704037,7.1250353,0,0.0,0,1.0,-0.18,5.7,94.3
2023-01-04 16:30:00,1283.53004566111,42.320807083334,42.335250988888,21.66666666,7.555333333333333,37.43333333333333,1,5.1764362714980825,70.66250196097344,16,2,1,-0.8660254037844385,-0.5000000000000004,0.9749279121818236,-0.2225209339563143,0.4999999999999999,0.8660254037844387,21.0,24.25,44.520833333333336,8.05,16.2,100.0,100.0,7.050000000000001,7.796792,1.05,7.1,21.14444446,36.0,34.21666666666667,34.6,34.68333333333333,38.25,-14.111333326666664,-0.3777777500000034,-0.072,7.627333333333333,7.524,21.996913566666667,7.621333333333335,7.1250353,7.0032597,6.747087,6.6986504,7.063568,0,0.0,1,1.0,-0.26,6.4,93.6
2023-01-04 16:45:00,1261.302323688888,28.815514,28.829124605554,21.14444446,7.524,38.25,1,5.1764362714980825,70.66250196097344,16,2,1,-0.8660254037844385,-0.5000000000000004,0.9749279121818236,-0.2225209339563143,0.4999999999999999,0.8660254037844387,19.0,22.0,39.875,8.275,16.75,100.0,100.0,7.125,7.8475723,1.025,7.2,20.674074073333333,37.43333333333333,36.0,34.21666666666667,34.6,39.15,-13.620444459999998,-0.5222221999999981,-0.0313333333333334,7.555333333333333,7.495999999999999,21.61851851,7.56888888888889,7.063568,7.1250353,7.0032597,6.747087,7.0347257,0,0.0,0,1.0,-0.38,8.0,92.0
2023-01-04 17:00:00,1307.715744927774,38.459850444444,38.467905738886,20.674074073333333,7.495999999999999,39.15,1,5.1764362714980825,70.66250196097344,17,2,1,-0.9659258262890684,-0.2588190451025206,0.9749279121818236,-0.2225209339563143,0.4999999999999999,0.8660254037844387,17.0,20.0,34.458333333333336,8.5,17.3,100.0,100.0,7.2,7.8986416,1.0,7.3,20.2722222,38.25,37.43333333333333,36.0,34.21666666666667,40.3,-13.178074073333336,-0.4703703866666657,-0.0280000000000004,7.524,7.552,21.16172839777778,7.525111111111112,7.0347257,7.063568,7.1250353,7.0032597,7.0735683,0,0.0,0,1.0,-0.48,9.9,90.1
2023-01-04 17:15:00,854.877192411112,37.466001333332,37.482945155552,20.2722222,7.552,40.3,1,5.1764362714980825,70.66250196097344,17,2,1,-0.9659258262890684,-0.2588190451025206,0.9749279121818236,-0.2225209339563143,0.4999999999999999,0.8660254037844387,13.75,17.6875,29.70833333333333,7.95,17.125,100.0,100.0,7.15,7.8730693,0.875,7.25,20.005555583333333,39.15,38.25,37.43333333333333,36.0,41.8,-12.720222199999998,-0.4018518733333351,0.0560000000000009,7.495999999999999,7.444666666666666,20.696913577777774,7.524000000000001,7.0735683,7.0347257,7.063568,7.1250353,7.223297,0,0.0,0,1.0,-0.57,11.8,88.2
2023-01-04 17:30:00,1282.069548450002,29.779919888888,29.786030794442,20.005555583333333,7.444666666666666,41.8,1,5.1764362714980825,70.66250196097344,17,2,1,-0.9659258262890684,-0.2588190451025206,0.9749279121818236,-0.2225209339563143,0.4999999999999999,0.8660254037844387,10.5,15.0625,25.625,7.4,16.950000000000003,100.0,100.0,7.1,7.8475723,0.75,7.199999999999999,19.7611111,40.3,39.15,38.25,37.43333333333333,42.85,-12.560888916666666,-0.2666666166666651,-0.1073333333333339,7.552,7.415333333333334,20.317283952222223,7.497555555555556,7.223297,7.0735683,7.0347257,7.063568,7.2994113,0,0.0,0,1.0,-0.62,13.1,86.9
2023-01-04 17:45:00,721.09809950555,30.796268133332,30.802379055552,19.7611111,7.415333333333334,42.85,1,5.1764362714980825,70.66250196097344,17,2,1,-0.9659258262890684,-0.2588190451025206,0.9749279121818236,-0.2225209339563143,0.4999999999999999,0.8660254037844387,7.25,12.125,22.20833333333333,6.85,16.775000000000002,100.0,100.0,7.05,7.8221464,0.625,7.15,19.57777777,41.8,40.3,39.15,38.25,43.36666666666667,-12.345777766666668,-0.2444444833333321,-0.0293333333333327,7.444666666666666,7.405333333333333,20.012962961111118,7.470666666666669,7.2994113,7.223297,7.0735683,7.0347257,7.3083344,0,0.0,0,1.0,-0.67,14.6,85.4
2023-01-04 18:00:00,1207.010884416662,30.723493211112,30.729881905554,19.57777777,7.405333333333333,43.36666666666667,1,5.1764362714980825,70.66250196097344,18,2,1,-1.0,-1.8369701987210294e-16,0.9749279121818236,-0.2225209339563143,0.4999999999999999,0.8660254037844387,4.0,8.875,19.45833333333333,6.3,16.6,100.0,100.0,7.0,7.796792,0.5,7.1,19.37777776,42.85,41.8,40.3,39.15,44.0,-12.172444436666668,-0.1833333299999999,-0.0100000000000006,7.415333333333334,7.5,19.781481484444445,7.42177777777778,7.3083344,7.2994113,7.223297,7.0735683,7.3283806,0,0.0,0,1.0,-0.71,15.7,84.3
2023-01-04 18:15:00,400.59730888333,28.937731327778,28.942175666664,19.37777776,7.5,44.0,1,5.1764362714980825,70.66250196097344,18,2,1,-1.0,-1.8369701987210294e-16,0.9749279121818236,-0.2225209339563143,0.4999999999999999,0.8660254037844387,3.0,6.1875,16.875,6.9,16.400000000000002,100.0,100.0,7.225,7.9114532,0.625,7.324999999999999,19.220370376666665,43.36666666666667,42.85,41.8,40.3,44.0,-11.87777776,-0.2000000100000001,0.0946666666666669,7.405333333333333,7.508,19.572222210000003,7.440222222222224,7.3283806,7.3083344,7.2994113,7.223297,7.2607737,0,0.0,0,1.0,-0.76,17.1,82.9
2023-01-04 18:30:00,191.480118372218,32.355927927778,32.362316605554,19.220370376666665,7.508,44.0,1,5.1764362714980825,70.66250196097344,18,2,1,-1.0,-1.8369701987210294e-16,0.9749279121818236,-0.2225209339563143,0.4999999999999999,0.8660254037844387,2.0,4.0625,14.458333333333334,7.5,16.200000000000003,100.0,100.0,7.45,8.027583,0.75,7.55,19.05555558,44.0,43.36666666666667,42.85,41.8,44.05,-11.712370376666666,-0.1574073833333358,0.008,7.5,7.428,19.391975302222225,7.471111111111113,7.2607737,7.3283806,7.3083344,7.2994113,7.198736,0,0.0,0,1.0,-0.79,18.3,81.7
2023-01-04 18:45:00,121.858458849998,17.765678211112,17.768733705554002,19.05555558,7.428,44.05,1,5.1764362714980825,70.66250196097344,18,2,1,-1.0,-1.8369701987210294e-16,0.9749279121818236,-0.2225209339563143,0.4999999999999999,0.8660254037844387,1.0,2.5,12.208333333333334,8.1,16.0,100.0,100.0,7.675000000000001,8.145201,0.875,7.775,18.879629626666667,44.0,44.0,43.36666666666667,42.85,44.65,-11.62755558,-0.1648147966666648,-0.08,7.508,7.366,19.21790123888889,7.478666666666668,7.198736,7.2607737,7.3283806,7.3083344,7.2213984,0,0.0,0,1.0,-0.83,19.6,80.4
2023-01-04 19:00:00,98.547724583334,14.445255516666,14.44719992222,18.879629626666667,7.366,44.65,1,5.1764362714980825,70.66250196097344,19,2,1,-0.9659258262890684,0.2588190451025203,0.9749279121818236,-0.2225209339563143,0.4999999999999999,0.8660254037844387,0.0,1.5,10.125,8.7,15.8,100.0,100.0,7.9,8.2643175,1.0,8.0,18.78333334,44.05,44.0,44.0,43.36666666666667,44.95,-11.513629626666669,-0.1759259533333335,-0.0620000000000002,7.428,7.328666666666667,19.05185186111111,7.434000000000001,7.2213984,7.198736,7.2607737,7.3283806,7.228664,0,0.0,0,1.0,-0.87,21.0,79.0
2023-01-04 19:15:00,91.417176433336,0.0,0.0,18.78333334,7.328666666666667,44.95,0,5.1764362714980825,70.66250196097344,19,2,1,-0.9659258262890684,0.2588190451025203,0.9749279121818236,-0.2225209339563143,0.4999999999999999,0.8660254037844387,0.0,0.75,8.208333333333334,8.049999999999999,16.525,100.0,100.0,8.025,8.331149,1.4,8.125,18.67407410666667,44.65,44.05,44.0,44.0,44.53333333333333,-11.454666673333335,-0.0962962866666643,-0.0373333333333327,7.366,7.293333333333334,18.90617284888889,7.374222222222223,7.228664,7.2213984,7.198736,7.2607737,7.1155267,1,1.0,1,0.75,-0.89,21.8,78.2
2023-01-04 19:30:00,107.011552733332,0.0,0.0,18.67407410666667,7.293333333333334,44.53333333333333,0,5.1764362714980825,70.66250196097344,19,2,1,-0.9659258262890684,0.2588190451025203,0.9749279121818236,-0.2225209339563143,0.4999999999999999,0.8660254037844387,0.0,0.25,6.458333333333333,7.399999999999999,17.25,100.0,100.0,8.15,8.398452,1.8,8.25,18.70555555,44.95,44.65,44.05,44.0,44.15,-11.380740773333336,-0.1092592333333328,-0.0353333333333329,7.328666666666667,7.286666666666666,18.77901235777778,7.329333333333334,7.1155267,7.228664,7.2213984,7.198736,7.067429,0,2.0,0,0.5,-0.92,22.9,77.1
2023-01-04 19:45:00,99.43657796111,0.0,0.0,18.70555555,7.286666666666666,44.15,0,5.1764362714980825,70.66250196097344,19,2,1,-0.9659258262890684,0.2588190451025203,0.9749279121818236,-0.2225209339563143,0.4999999999999999,0.8660254037844387,0.0,0.0,4.875,6.75,17.975,100.0,100.0,8.275,8.466229,2.2,8.375,18.742592586666667,44.53333333333333,44.95,44.65,44.05,44.0,-11.418888883333334,0.0314814433333303,-0.0066666666666677,7.293333333333334,7.334,18.72098766555556,7.30288888888889,7.067429,7.1155267,7.228664,7.2213984,7.0588655,0,3.0,0,0.25,-0.91,22.7,77.3
2023-01-04 20:00:00,85.42436073888601,0.0,0.0,18.742592586666667,7.334,44.0,0,5.1764362714980825,70.66250196097344,20,2,1,-0.8660254037844386,0.5000000000000001,0.9749279121818236,-0.2225209339563143,0.4999999999999999,0.8660254037844387,0.0,0.0,3.458333333333333,6.1,18.7,100.0,100.0,8.4,8.534482,2.6,8.5,18.77222224,44.15,44.53333333333333,44.95,44.65,44.0,-11.408592586666668,0.0370370366666676,0.0473333333333343,7.286666666666666,7.388,18.707407414444447,7.304666666666669,7.0588655,7.067429,7.1155267,7.228664,7.0712423,0,4.0,0,0.0,-0.91,22.4,77.6
2023-01-04 20:15:00,97.903028105558,0.0,0.0,18.77222224,7.388,44.0,0,5.1764362714980825,70.66250196097344,20,2,1,-0.8660254037844386,0.5000000000000001,0.9749279121818236,-0.2225209339563143,0.4999999999999999,0.8660254037844387,0.0,0.0,2.3125,6.475,18.625,99.5,100.0,8.625,8.644687,2.225,8.7,18.746296293333334,44.0,44.15,44.53333333333333,44.95,44.0,-11.38422224,0.029629653333334,0.0539999999999993,7.334,7.549333333333333,18.74012345888889,7.336222222222223,7.0712423,7.0588655,7.067429,7.1155267,7.060409,0,4.0,0,0.0,-0.9,22.1,77.9
2023-01-04 20:30:00,76.466941316662,0.0,0.0,18.746296293333334,7.549333333333333,44.0,0,5.1764362714980825,70.66250196097344,20,2,1,-0.8660254037844386,0.5000000000000001,0.9749279121818236,-0.2225209339563143,0.4999999999999999,0.8660254037844387,0.0,0.0,1.4375,6.85,18.55,99.0,100.0,8.850000000000001,8.756131,1.85,8.9,18.77222224,44.0,44.0,44.15,44.53333333333333,44.0,-11.19696296,-0.0259259466666677,0.1613333333333333,7.388,7.641999999999999,18.75370370666667,7.423777777777779,7.060409,7.0712423,7.0588655,7.067429,7.0712423,0,4.0,0,0.0,-0.91,22.3,77.7
2023-01-04 20:45:00,82.402814988884,0.0,0.0,18.77222224,7.641999999999999,44.0,0,5.1764362714980825,70.66250196097344,20,2,1,-0.8660254037844386,0.5000000000000001,0.9749279121818236,-0.2225209339563143,0.4999999999999999,0.8660254037844387,0.0,0.0,0.8333333333333334,7.225,18.475,98.5,100.0,9.075,8.868827,1.475,9.1,18.725925906666667,44.0,44.0,44.0,44.15,44.18333333333333,-11.130222240000002,0.0259259466666677,0.0926666666666662,7.549333333333333,7.763333333333334,18.76358025777778,7.526444444444446,7.0712423,7.060409,7.0712423,7.0588655,7.081292,0,4.0,0,0.0,-0.9,22.1,77.9
2023-01-04 21:00:00,434.754831344444,0.0,0.0,18.725925906666667,7.763333333333334,44.18333333333333,0,5.1764362714980825,70.66250196097344,21,2,1,-0.7071067811865477,0.7071067811865474,0.9749279121818236,-0.2225209339563143,0.4999999999999999,0.8660254037844387,0.0,0.0,0.5,7.6,18.4,98.0,100.0,9.3,8.982786,1.1,9.3,18.7222222,44.0,44.0,44.0,44.0,44.5,-10.962592573333334,-0.0462963333333341,0.1213333333333341,7.641999999999999,7.871333333333334,18.74814814666667,7.651555555555556,7.081292,7.0712423,7.060409,7.0712423,7.130482,0,4.0,0,0.0,-0.91,22.5,77.5
2023-01-04 21:15:00,83.018068111108,0.0,0.0,18.7222222,7.871333333333334,44.5,0,5.1764362714980825,70.66250196097344,21,2,1,-0.7071067811865477,0.7071067811865474,0.9749279121818236,-0.2225209339563143,0.4999999999999999,0.8660254037844387,0.0,0.0,0.25,6.775,19.375,98.5,100.0,9.025,8.840535,3.0,9.05,18.7222222,44.18333333333333,44.0,44.0,44.0,44.68333333333333,-10.850888866666669,-0.0037037066666663,0.1080000000000005,7.763333333333334,8.07,18.74012344888889,7.75888888888889,7.130482,7.081292,7.0712423,7.060409,7.1598587,0,4.0,0,0.0,-0.91,22.4,77.6
2023-01-04 21:30:00,65.629874716666,0.0,0.0,18.7222222,8.07,44.68333333333333,0,5.1764362714980825,70.66250196097344,21,2,1,-0.7071067811865477,0.7071067811865474,0.9749279121818236,-0.2225209339563143,0.4999999999999999,0.8660254037844387,0.0,0.0,0.0833333333333333,5.95,20.35,99.0,100.0,8.75,8.700253,4.9,8.8,18.68333335,44.5,44.18333333333333,44.0,44.0,45.0,-10.6522222,0.0,0.1986666666666661,7.871333333333334,8.118,18.72345676888889,7.901555555555557,7.1598587,7.130482,7.081292,7.0712423,7.1940312,0,4.0,0,0.0,-0.91,22.4,77.6
2023-01-04 21:45:00,73.14985172222,0.0,0.0,18.68333335,8.118,45.0,0,5.1764362714980825,70.66250196097344,21,2,1,-0.7071067811865477,0.7071067811865474,0.9749279121818236,-0.2225209339563143,0.4999999999999999,0.8660254037844387,0.0,0.0,0.0,5.125,21.325,99.5,100.0,8.475,8.561918,6.799999999999999,8.55,18.6666667,44.68333333333333,44.5,44.18333333333333,44.0,45.18333333333333,-10.56533335,-0.0388888499999993,0.048,8.07,8.248666666666667,18.70925925,8.019777777777781,7.1940312,7.1598587,7.130482,7.081292,7.2162213,0,4.0,0,0.0,-0.92,22.7,77.3
2023-01-04 22:00:00,79.081836666664,0.0,0.0,18.6666667,8.248666666666667,45.18333333333333,0,5.1764362714980825,70.66250196097344,22,2,1,-0.5000000000000004,0.8660254037844384,0.9749279121818236,-0.2225209339563143,0.4999999999999999,0.8660254037844387,0.0,0.0,0.0,4.3,22.3,100.0,100.0,8.2,8.425507,8.7,8.3,18.6666667,45.0,44.68333333333333,44.5,44.18333333333333,45.55,-10.418000033333334,-0.0166666500000012,0.1306666666666665,8.118,7.894666666666667,18.69074075,8.145555555555557,7.2162213,7.1940312,7.1598587,7.130482,7.274781,0,4.0,0,0.0,-0.92,22.8,77.2
2023-01-04 22:15:00,79.733477316662,0.0,0.0,18.6666667,7.894666666666667,45.55,0,5.1764362714980825,70.66250196097344,22,2,1,-0.5000000000000004,0.8660254037844384,0.9749279121818236,-0.2225209339563143,0.4999999999999999,0.8660254037844387,0.0,0.0,0.0,4.6,21.95,100.0,99.75,8.049999999999999,8.32371,6.875,8.15,18.6666667,45.18333333333333,45.0,44.68333333333333,44.5,45.96666666666667,-10.772000033333336,0.0,-0.3540000000000001,8.248666666666667,7.800666666666667,18.67222225,8.087111111111112,7.274781,7.2162213,7.1940312,7.1598587,7.341327,0,4.0,0,0.0,-0.92,22.7,77.3
2023-01-04 22:30:00,73.02457898333,0.0,0.0,18.6666667,7.800666666666667,45.96666666666667,0,5.1764362714980825,70.66250196097344,22,2,1,-0.5000000000000004,0.8660254037844384,0.9749279121818236,-0.2225209339563143,0.4999999999999999,0.8660254037844387,0.0,0.0,0.0,4.9,21.6,100.0,99.5,7.899999999999999,8.222996,5.05,8.0,18.63333334,45.55,45.18333333333333,45.0,44.68333333333333,46.0,-10.866000033333332,0.0,-0.0939999999999994,7.894666666666667,7.738,18.6666667,7.981333333333335,7.341327,7.274781,7.2162213,7.1940312,7.332172,0,4.0,0,0.0,-0.91,22.7,77.3
2023-01-04 22:45:00,69.793319455548,0.0,0.0,18.63333334,7.738,46.0,0,5.1764362714980825,70.66250196097344,22,2,1,-0.5000000000000004,0.8660254037844384,0.9749279121818236,-0.2225209339563143,0.4999999999999999,0.8660254037844387,0.0,0.0,0.0,5.2,21.25,100.0,99.25,7.75,8.123353,3.225,7.85,18.66296299333333,45.96666666666667,45.55,45.18333333333333,45.0,46.0,-10.89533334,-0.0333333600000003,-0.0626666666666668,7.800666666666667,8.075333333333333,18.65555558,7.811111111111113,7.332172,7.341327,7.274781,7.2162213,7.3450394,0,4.0,0,0.0,-0.92,22.9,77.1
2023-01-04 23:00:00,64.13798996111,0.0,0.0,18.66296299333333,8.075333333333333,46.0,0,5.1764362714980825,70.66250196097344,23,2,1,-0.2588190451025215,0.965925826289068,0.9749279121818236,-0.2225209339563143,0.4999999999999999,0.8660254037844387,0.0,0.0,0.0,5.5,20.9,100.0,99.0,7.6,8.024771,1.4,7.7,18.62777778,46.0,45.96666666666667,45.55,45.18333333333333,46.05,-10.58762966,0.029629653333334,0.3373333333333326,7.738,8.215333333333334,18.65432101111111,7.871333333333335,7.3450394,7.332172,7.341327,7.274781,7.337727,0,4.0,0,0.0,-0.91,22.7,77.3
2023-01-04 23:15:00,84.697445399996,0.0,0.0,18.62777778,8.215333333333334,46.05,0,5.1764362714980825,70.66250196097344,23,2,1,-0.2588190451025215,0.965925826289068,0.9749279121818236,-0.2225209339563143,0.4999999999999999,0.8660254037844387,0.0,0.0,0.0,5.075,17.924999999999997,99.25,95.25,7.649999999999999,8.064083,1.0499999999999998,8.375,18.6111111,46.0,46.0,45.96666666666667,45.55,46.46666666666667,-10.412444446666663,-0.0351852133333352,0.1400000000000005,8.075333333333333,8.250666666666666,18.64135803777778,8.009555555555556,7.337727,7.3450394,7.332172,7.341327,7.3968196,0,4.0,0,0.0,-0.92,23.0,77.0
2023-01-04 23:30:00,81.801727816666,0.0,0.0,18.6111111,8.250666666666666,46.46666666666667,0,5.1764362714980825,70.66250196097344,23,2,1,-0.2588190451025215,0.965925826289068,0.9749279121818236,-0.2225209339563143,0.4999999999999999,0.8660254037844387,0.0,0.0,0.0,4.65,14.95,98.5,91.5,7.699999999999999,8.089089,0.7,9.05,18.64444446,46.05,46.0,46.0,45.96666666666667,46.9,-10.360444433333331,-0.0166666800000001,0.0353333333333321,8.215333333333334,8.665333333333333,18.63395062444445,8.180444444444445,7.3968196,7.337727,7.3450394,7.332172,7.4805446,0,4.0,0,0.0,-0.92,23.1,76.9
2023-01-04 23:45:00,64.230764049998,0.0,0.0,18.64444446,8.665333333333333,46.9,0,5.1764362714980825,70.66250196097344,23,2,1,-0.2588190451025215,0.965925826289068,0.9749279121818236,-0.2225209339563143,0.4999999999999999,0.8660254037844387,0.0,0.0,0.0,4.225,11.975,97.75,87.75,7.75,8.0986185,0.3500000000000001,9.725,18.61481480666667,46.46666666666667,46.05,46.0,46.0,47.46666666666667,-9.979111126666666,0.0333333600000003,0.4146666666666672,8.250666666666666,9.044666666666666,18.62777778,8.377111111111113,7.4805446,7.3968196,7.337727,7.3450394,7.557662,0,4.0,0,0.0,-0.91,22.7,77.3
2023-01-05 00:00:00,68.61336652222,0.0,0.0,18.61481480666667,9.044666666666666,47.46666666666667,0,5.1764362714980825,70.66250196097344,0,3,1,0.0,1.0,0.4338837391175582,-0.900968867902419,0.4999999999999999,0.8660254037844387,0.0,0.0,0.0,3.8,9.0,97.0,84.0,7.8,8.091442,0.0,10.4,18.6111111,46.9,46.46666666666667,46.05,46.0,47.1,-9.570148140000002,-0.0296296533333304,0.3793333333333333,8.665333333333333,7.83,18.62345678888889,8.653555555555556,7.557662,7.4805446,7.3968196,7.337727,7.497637,0,4.0,0,0.0,-0.92,22.8,77.2
2023-01-05 00:15:00,89.800574450002,0.0,0.0,18.6111111,7.83,47.1,0,5.1764362714980825,70.66250196097344,0,3,1,0.0,1.0,0.4338837391175582,-0.900968867902419,0.4999999999999999,0.8660254037844387,0.0,0.0,0.0,5.075,11.35,97.75,88.0,7.875,8.173459,0.025,9.825,18.59074075,47.46666666666667,46.9,46.46666666666667,46.05,46.53333333333333,-10.7811111,-0.0037037066666698,-1.214666666666666,9.044666666666666,8.007333333333333,18.62345678888889,8.513333333333334,7.497637,7.557662,7.4805446,7.3968196,7.398504,0,4.0,0,0.0,-0.92,22.9,77.1
2023-01-05 00:30:00,81.257582833336,0.0,0.0,18.59074075,8.007333333333333,46.53333333333333,0,5.1764362714980825,70.66250196097344,0,3,1,0.0,1.0,0.4338837391175582,-0.900968867902419,0.4999999999999999,0.8660254037844387,0.0,0.0,0.0,6.35,13.7,98.5,92.0,7.949999999999999,8.237842,0.05,9.25,18.56111115,47.1,47.46666666666667,46.9,46.46666666666667,46.5,-10.583407416666669,-0.0203703499999967,0.1773333333333333,7.83,8.7,18.605555552222224,8.294000000000002,7.398504,7.497637,7.557662,7.4805446,7.380244,0,4.0,0,0.0,-0.93,23.2,76.8
2023-01-05 00:45:00,51.585992027778005,0.0,0.0,18.56111115,8.7,46.5,0,5.1764362714980825,70.66250196097344,0,3,1,0.0,1.0,0.4338837391175582,-0.900968867902419,0.4999999999999999,0.8660254037844387,0.0,0.0,0.0,7.625,16.049999999999997,99.25,96.0,8.025,8.28561,0.075,8.675,18.58703705,46.53333333333333,47.1,47.46666666666667,46.9,46.5,-9.86111115,-0.0296296000000033,0.6926666666666659,8.007333333333333,9.138666666666667,18.587654333333333,8.179111111111112,7.380244,7.398504,7.497637,7.557662,7.391581,0,4.0,0,0.0,-0.94,23.5,76.5
2023-01-05 01:00:00,45.280966622216,0.0,0.0,18.58703705,9.138666666666667,46.5,0,5.1764362714980825,70.66250196097344,1,3,1,0.2588190451025207,0.9659258262890684,0.4338837391175582,-0.900968867902419,0.4999999999999999,0.8660254037844387,0.0,0.0,0.0,8.9,18.4,100.0,100.0,8.1,8.317745,0.1,8.1,18.5555556,46.5,46.53333333333333,47.1,47.46666666666667,46.55,-9.448370383333332,0.0259259000000007,0.4386666666666681,8.7,9.294,18.57962965,8.615333333333334,7.391581,7.380244,7.398504,7.497637,7.385749,0,4.0,0,0.0,-0.93,23.3,76.7
2023-01-05 01:15:00,36.311603111108,0.0,0.0,18.5555556,9.294,46.55,0,5.1764362714980825,70.66250196097344,1,3,1,0.2588190451025207,0.9659258262890684,0.4338837391175582,-0.900968867902419,0.4999999999999999,0.8660254037844387,0.0,0.0,0.0,10.375,22.35,100.0,100.0,8.8,8.700253,0.75,8.8,18.53518521333333,46.5,46.5,46.53333333333333,47.1,46.78333333333333,-9.2615556,-0.0314814499999975,0.1553333333333331,9.138666666666667,9.106666666666666,18.56790126666667,9.044222222222224,7.385749,7.391581,7.380244,7.398504,7.4138184,0,4.0,0,0.0,-0.94,23.6,76.4
2023-01-05 01:30:00,45.935384944436,0.0,0.0,18.53518521333333,9.106666666666666,46.78333333333333,0,5.1764362714980825,70.66250196097344,1,3,1,0.2588190451025207,0.9659258262890684,0.4338837391175582,-0.900968867902419,0.4999999999999999,0.8660254037844387,0.0,0.0,0.0,11.85,26.3,100.0,100.0,9.5,9.098019,1.4,9.5,18.5,46.55,46.5,46.5,46.53333333333333,46.5,-9.428518546666666,-0.02037038666667,-0.1873333333333349,9.294,8.927999999999999,18.559259287777778,9.17977777777778,7.4138184,7.385749,7.391581,7.380244,7.3535733,0,4.0,0,0.0,-0.94,23.7,76.3
2023-01-05 01:45:00,45.49068038333,0.0,0.0,18.5,8.927999999999999,46.5,0,5.1764362714980825,70.66250196097344,1,3,1,0.2588190451025207,0.9659258262890684,0.4338837391175582,-0.900968867902419,0.4999999999999999,0.8660254037844387,0.0,0.0,0.0,13.325,30.250000000000004,100.0,100.0,10.2,9.511549,2.0500000000000003,10.2,18.5,46.78333333333333,46.55,46.5,46.5,46.31666666666667,-9.572,-0.0351852133333316,-0.1786666666666665,9.106666666666666,8.727333333333332,18.53024693777778,9.109555555555556,7.3535733,7.4138184,7.385749,7.391581,7.3245807,0,4.0,0,0.0,-0.95,24.1,75.9
2023-01-05 02:00:00,363.796280966664,0.0,0.0,18.5,8.727333333333332,46.31666666666667,0,5.1764362714980825,70.66250196097344,2,3,1,0.4999999999999999,0.8660254037844387,0.4338837391175582,-0.900968867902419,0.4999999999999999,0.8660254037844387,0.0,0.0,0.0,14.8,34.2,100.0,100.0,10.9,9.941372,2.7,10.9,18.46111108,46.5,46.78333333333333,46.55,46.5,46.0,-9.772666666666668,0.0,-0.2006666666666667,8.927999999999999,8.554,18.511728404444444,8.920666666666667,7.3245807,7.3535733,7.4138184,7.385749,7.257758,0,4.0,0,0.0,-0.95,24.1,75.9
2023-01-05 02:15:00,29.641869844444,0.0,0.0,18.46111108,8.554,46.0,0,5.1764362714980825,70.66250196097344,2,3,1,0.4999999999999999,0.8660254037844387,0.4338837391175582,-0.900968867902419,0.4999999999999999,0.8660254037844387,0.0,0.0,0.0,15.3,34.650000000000006,100.0,98.75,10.525,9.69416,2.0250000000000004,10.7,18.4444444,46.31666666666667,46.5,46.78333333333333,46.55,45.81666666666667,-9.907111080000002,-0.0388889199999979,-0.173333333333332,8.727333333333332,8.416,18.48703702666667,8.736444444444446,7.257758,7.3245807,7.3535733,7.4138184,7.2216926,0,4.0,0,0.0,-0.96,24.6,75.4
2023-01-05 02:30:00,48.563335255552,0.0,0.0,18.4444444,8.416,45.81666666666667,0,5.1764362714980825,70.66250196097344,2,3,1,0.4999999999999999,0.8660254037844387,0.4338837391175582,-0.900968867902419,0.4999999999999999,0.8660254037844387,0.0,0.0,0.0,15.8,35.1,100.0,97.5,10.15,9.45139,1.35,10.5,18.40555555,46.0,46.31666666666667,46.5,46.78333333333333,45.45,-10.028444399999998,-0.0166666800000037,-0.1379999999999999,8.554,8.238,18.46851849333333,8.565777777777779,7.2216926,7.257758,7.3245807,7.3535733,7.1474023,0,4.0,0,0.0,-0.97,24.8,75.2
2023-01-05 02:45:00,48.07363256111,0.0,0.0,18.40555555,8.238,45.45,0,5.1764362714980825,70.66250196097344,2,3,1,0.4999999999999999,0.8660254037844387,0.4338837391175582,-0.900968867902419,0.4999999999999999,0.8660254037844387,0.0,0.0,0.0,16.3,35.55,100.0,96.25,9.775,9.212996,0.6750000000000003,10.3,18.3888889,45.81666666666667,46.0,46.31666666666667,46.5,45.03333333333333,-10.16755555,-0.0388888499999993,-0.1780000000000008,8.416,8.060666666666666,18.43703701,8.402666666666669,7.1474023,7.2216926,7.257758,7.3245807,7.0748816,0,4.0,0,0.0,-0.98,25.2,74.8
2023-01-05 03:00:00,29.43937796111,0.0,0.0,18.3888889,8.060666666666666,45.03333333333333,0,5.1764362714980825,70.66250196097344,3,3,1,0.7071067811865476,0.7071067811865476,0.4338837391175582,-0.900968867902419,0.4999999999999999,0.8660254037844387,0.0,0.0,0.0,16.8,36.0,100.0,95.0,9.4,8.978914,0.0,10.1,18.34999998,45.45,45.81666666666667,46.0,46.31666666666667,44.65,-10.328222233333337,-0.0166666499999976,-0.1773333333333333,8.238,7.931333333333333,18.41296295,8.238222222222223,7.0748816,7.1474023,7.2216926,7.257758,6.9984965,0,4.0,0,0.0,-0.98,25.5,74.5
2023-01-05 03:15:00,34.88777101667,0.0,0.0,18.34999998,7.931333333333333,44.65,0,5.1764362714980825,70.66250196097344,3,3,1,0.7071067811865476,0.7071067811865476,0.4338837391175582,-0.900968867902419,0.4999999999999999,0.8660254037844387,0.0,0.0,0.0,16.625,35.45,82.25,94.75,9.05,8.772493,0.0,9.775,18.3333333,45.03333333333333,45.45,45.81666666666667,46.0,44.31666666666667,-10.418666646666669,-0.0388889200000015,-0.1293333333333333,8.060666666666666,7.87,18.381481476666668,8.076666666666668,6.9984965,7.0748816,7.1474023,7.2216926,6.939385,0,4.0,0,0.0,-1.0,25.9,74.1
2023-01-05 03:30:00,37.5918296,0.0,0.0,18.3333333,7.87,44.31666666666667,0,5.1764362714980825,70.66250196097344,3,3,1,0.7071067811865476,0.7071067811865476,0.4338837391175582,-0.900968867902419,0.4999999999999999,0.8660254037844387,0.0,0.0,0.0,16.450000000000003,34.9,64.5,94.5,8.7,8.570288,0.0,9.45,18.29444445,44.65,45.03333333333333,45.45,45.81666666666667,43.95,-10.4633333,-0.0166666800000001,-0.0613333333333327,7.931333333333333,7.915999999999999,18.357407393333336,7.954000000000001,6.939385,6.9984965,7.0748816,7.1474023,6.866109,0,4.0,0,0.0,-1.0,26.2,73.8
2023-01-05 03:45:00,45.231524033332,0.0,0.0,18.29444445,7.915999999999999,43.95,0,5.1764362714980825,70.66250196097344,3,3,1,0.7071067811865476,0.7071067811865476,0.4338837391175582,-0.900968867902419,0.4999999999999999,0.8660254037844387,0.0,0.0,0.0,16.275000000000002,34.349999999999994,46.75000000000001,94.25,8.35,8.37223,0.0,9.125,18.2777778,44.31666666666667,44.65,45.03333333333333,45.45,43.53333333333333,-10.37844445,-0.0388888499999993,0.0459999999999993,7.87,7.898666666666667,18.32592591,7.905777777777779,6.866109,6.939385,6.9984965,7.0748816,6.7942905,0,4.0,0,0.0,-1.01,26.6,73.4
2023-01-05 04:00:00,40.662262511104,0.0,0.0,18.2777778,7.898666666666667,43.53333333333333,0,5.1764362714980825,70.66250196097344,4,3,1,0.8660254037844386,0.5000000000000001,0.4338837391175582,-0.900968867902419,0.4999999999999999,0.8660254037844387,0.0,0.0,0.0,16.1,33.8,29.0,94.0,8.0,8.178238,0.0,8.8,18.23888888,43.95,44.31666666666667,44.65,45.03333333333333,43.15,-10.379111133333332,-0.0166666500000012,-0.0173333333333323,7.915999999999999,7.842,18.30185185,7.89488888888889,6.7942905,6.866109,6.939385,6.9984965,6.7189336,0,4.0,0,0.0,-1.02,26.9,73.1
2023-01-05 04:15:00,38.59790052222,0.0,0.0,18.23888888,7.842,43.15,0,5.1764362714980825,70.66250196097344,4,3,1,0.8660254037844386,0.5000000000000001,0.4338837391175582,-0.900968867902419,0.4999999999999999,0.8660254037844387,0.0,0.0,0.0,15.475,33.625,21.75,93.75,7.525,7.949852,0.0,8.4,18.2222222,43.53333333333333,43.95,44.31666666666667,44.65,43.0,-10.396888880000002,-0.0388889199999979,-0.0566666666666675,7.898666666666667,7.732,18.270370376666666,7.885555555555556,6.7189336,6.7942905,6.866109,6.939385,6.6889534,0,4.0,0,0.0,-1.03,27.3,72.7
2023-01-05 04:30:00,30.486280549998,0.0,0.0,18.2222222,7.732,43.0,0,5.1764362714980825,70.66250196097344,4,3,1,0.8660254037844386,0.5000000000000001,0.4338837391175582,-0.900968867902419,0.4999999999999999,0.8660254037844387,0.0,0.0,0.0,14.85,33.45,14.5,93.5,7.05,7.7271376,0.0,8.0,18.17777779,43.15,43.53333333333333,43.95,44.31666666666667,42.65,-10.490222200000002,-0.0166666800000001,-0.1099999999999994,7.842,7.652666666666666,18.246296293333334,7.824222222222223,6.6889534,6.7189336,6.7942905,6.866109,6.6170206,0,4.0,0,0.0,-1.03,27.5,72.5
2023-01-05 04:45:00,37.762100672218,0.0,0.0,18.17777779,7.652666666666666,42.65,0,5.1764362714980825,70.66250196097344,4,3,1,0.8660254037844386,0.5000000000000001,0.4338837391175582,-0.900968867902419,0.4999999999999999,0.8660254037844387,0.0,0.0,0.0,14.225,33.275,7.25,93.25,6.574999999999999,7.5099735,0.0,7.6,18.11481480666667,43.0,43.15,43.53333333333333,43.95,42.31666666666667,-10.525111123333335,-0.0444444100000005,-0.0793333333333343,7.732,7.542666666666666,18.21296295666667,7.742222222222224,6.6170206,6.6889534,6.7189336,6.7942905,6.540788,0,4.0,0,0.0,-1.05,28.1,71.9
2023-01-05 05:00:00,57.184657005554,0.0,0.0,18.11481480666667,7.542666666666666,42.31666666666667,0,5.1764362714980825,70.66250196097344,5,3,1,0.9659258262890684,0.2588190451025207,0.4338837391175582,-0.900968867902419,0.4999999999999999,0.8660254037844387,0.0,0.0,0.0,13.6,33.1,0.0,93.0,6.1,7.298242,0.0,7.2,18.1111111,42.65,43.0,43.15,43.53333333333333,42.0,-10.572148140000005,-0.0629629833333318,-0.1099999999999994,7.652666666666666,7.325333333333333,18.171604932222223,7.642444444444446,6.540788,6.6170206,6.6889534,6.7189336,6.4904113,0,4.0,0,0.0,-1.06,28.8,71.2
2023-01-05 05:15:00,32.055106694442,0.0,0.0,18.1111111,7.325333333333333,42.0,0,5.1764362714980825,70.66250196097344,5,3,1,0.9659258262890684,0.2588190451025207,0.4338837391175582,-0.900968867902419,0.4999999999999999,0.8660254037844387,0.0,0.0,0.0,13.25,31.575000000000003,4.25,92.5,5.699999999999999,7.107316,0.0,6.875,18.09074075,42.31666666666667,42.65,43.0,43.15,41.81666666666667,-10.785777766666666,-0.0037037066666698,-0.2173333333333333,7.542666666666666,7.072,18.13456789888889,7.50688888888889,6.4904113,6.540788,6.6170206,6.6889534,6.4542627,0,4.0,0,0.0,-1.06,28.9,71.1
2023-01-05 05:30:00,29.522152333336,0.0,0.0,18.09074075,7.072,41.81666666666667,0,5.1764362714980825,70.66250196097344,5,3,1,0.9659258262890684,0.2588190451025207,0.4338837391175582,-0.900968867902419,0.4999999999999999,0.8660254037844387,0.0,0.0,0.0,12.9,30.05,8.5,92.0,5.3,6.920792,0.0,6.550000000000001,18.01666668,42.0,42.31666666666667,42.65,43.0,41.5,-11.018740750000005,-0.0203703499999967,-0.2533333333333329,7.325333333333333,6.843333333333334,18.105555552222224,7.313333333333335,6.4542627,6.4904113,6.540788,6.6170206,6.3772345,0,4.0,0,0.0,-1.07,29.2,70.8
2023-01-05 05:45:00,40.270333572222,0.0,0.0,18.01666668,6.843333333333334,41.5,0,5.1764362714980825,70.66250196097344,5,3,1,0.9659258262890684,0.2588190451025207,0.4338837391175582,-0.900968867902419,0.4999999999999999,0.8660254037844387,0.0,0.0,0.0,12.55,28.525,12.750000000000002,91.5,4.9,6.7385807,0.0,6.2250000000000005,18.0,41.81666666666667,42.0,42.31666666666667,42.65,41.31666666666667,-11.173333346666666,-0.0740740700000017,-0.2286666666666663,7.072,6.696666666666667,18.07283951,7.080222222222223,6.3772345,6.4542627,6.4904113,6.540788,6.3427706,0,4.0,0,0.0,-1.09,30.0,70.0
2023-01-05 06:00:00,43.245492377776,0.0,0.0,18.0,6.696666666666667,41.31666666666667,0,5.1764362714980825,70.66250196097344,6,3,1,1.0,6.123233995736766e-17,0.4338837391175582,-0.900968867902419,0.4999999999999999,0.8660254037844387,0.0,0.0,0.0,12.2,27.0,17.0,91.0,4.5,6.560597,0.0,5.9,17.961111080000002,41.5,41.81666666666667,42.0,42.31666666666667,41.0,-11.303333333333333,-0.0166666800000001,-0.1466666666666665,6.843333333333334,6.584,18.03580247666667,6.8706666666666685,6.3427706,6.3772345,6.4542627,6.4904113,6.279611,0,4.0,0,0.0,-1.09,30.2,69.8
2023-01-05 06:15:00,42.412470133332,0.0,0.0,17.961111080000002,6.584,41.0,0,5.1764362714980825,70.66250196097344,6,3,1,1.0,6.123233995736766e-17,0.4338837391175582,-0.900968867902419,0.4999999999999999,0.8660254037844387,0.0,0.0,0.0,11.65,26.2,16.0,90.0,4.1,6.3723855,0.0,5.625,17.924074049999998,41.31666666666667,41.5,41.81666666666667,42.0,41.0,-11.377111080000002,-0.0388889199999979,-0.1126666666666675,6.696666666666667,6.558666666666666,17.99259258666667,6.708000000000002,6.279611,6.3427706,6.3772345,6.4542627,6.265786,0,4.0,0,0.0,-1.1,30.7,69.3
2023-01-05 06:30:00,37.27350891667,0.0,0.0,17.924074049999998,6.558666666666666,41.0,0,5.1764362714980825,70.66250196097344,6,3,1,1.0,6.123233995736766e-17,0.4338837391175582,-0.900968867902419,0.4999999999999999,0.8660254037844387,0.0,0.0,0.0,11.1,25.4,15.0,89.0,3.7,6.1885543,0.0,5.35,17.8888889,41.0,41.31666666666667,41.5,41.81666666666667,40.95,-11.36540738333333,-0.037037030000004,-0.0253333333333332,6.584,6.454666666666666,17.961728376666667,6.613111111111112,6.265786,6.279611,6.3427706,6.3772345,6.245051,0,4.0,0,0.0,-1.11,31.1,68.9
2023-01-05 06:45:00,33.33922204444,0.0,0.0,17.8888889,6.454666666666666,40.95,0,5.1764362714980825,70.66250196097344,6,3,1,1.0,6.123233995736766e-17,0.4338837391175582,-0.900968867902419,0.4999999999999999,0.8660254037844387,0.0,0.0,0.0,10.55,24.6,14.0,88.0,3.3,6.00902,0.0,5.075,17.8888889,41.0,41.0,41.31666666666667,41.5,40.53333333333333,-11.434222233333337,-0.0351851499999966,-0.104,6.558666666666666,6.3340000000000005,17.924691343333336,6.532444444444445,6.245051,6.265786,6.279611,6.3427706,6.181507,0,4.0,0,0.0,-1.12,31.5,68.5
2023-01-05 07:00:00,29.358825550002,0.0,0.0,17.8888889,6.3340000000000005,40.53333333333333,0,5.1764362714980825,70.66250196097344,7,3,1,0.9659258262890684,-0.2588190451025206,0.4338837391175582,-0.900968867902419,0.4999999999999999,0.8660254037844387,0.0,0.0,0.0,10.0,23.8,13.0,87.0,2.9,5.8337007,0.0,4.8,17.84999998,40.95,41.0,41.0,41.31666666666667,40.45,-11.554888900000002,0.0,-0.1206666666666658,6.454666666666666,6.311333333333334,17.900617283333336,6.449111111111112,6.181507,6.245051,6.265786,6.279611,6.1545296,0,4.0,0,0.0,-1.12,31.6,68.4
2023-01-05 07:15:00,50.46020376111,0.0,0.0,17.84999998,6.311333333333334,40.45,0,5.1764362714980825,70.66250196097344,7,3,1,0.9659258262890684,-0.2588190451025206,0.4338837391175582,-0.900968867902419,0.4999999999999999,0.8660254037844387,0.0,0.0,0.0,9.85,22.25,34.75,85.0,2.45,5.6619754,0.0,4.7,17.81296295,40.53333333333333,40.95,41.0,41.0,40.03333333333333,-11.538666646666666,-0.0388889200000015,-0.0226666666666668,6.3340000000000005,5.645333333333334,17.87592592666667,6.366666666666668,6.1545296,6.181507,6.245051,6.265786,6.07771,0,4.0,0,0.0,-1.13,32.1,67.9
2023-01-05 07:30:00,45.714282422224,0.0,0.0,17.81296295,5.645333333333334,40.03333333333333,0,5.1764362714980825,70.66250196097344,7,3,1,0.9659258262890684,-0.2588190451025206,0.4338837391175582,-0.900968867902419,0.4999999999999999,0.8660254037844387,0.0,0.0,0.0,9.7,20.700000000000003,56.5,83.0,2.0,5.492233,0.0,4.6,17.7777778,40.45,40.53333333333333,40.95,41.0,40.0,-12.167629616666666,-0.0370370300000004,-0.6659999999999995,6.311333333333334,5.530666666666666,17.850617276666668,6.096888888888891,6.07771,6.1545296,6.181507,6.245051,6.0599327,0,4.0,0,0.0,-1.14,32.6,67.4
2023-01-05 07:45:00,29.369936188892,0.0,0.0,17.7777778,5.530666666666666,40.0,0,5.1764362714980825,70.66250196097344,7,3,1,0.9659258262890684,-0.2588190451025206,0.4338837391175582,-0.900968867902419,0.4999999999999999,0.8660254037844387,0.0,0.0,0.0,9.55,19.15,78.25,81.0,1.55,5.324457,0.0,4.5,17.757407413333333,40.03333333333333,40.45,40.53333333333333,40.95,39.81666666666667,-12.247111133333334,-0.0351851500000002,-0.1146666666666682,5.645333333333334,5.804,17.813580243333334,5.829111111111113,6.0599327,6.07771,6.1545296,6.181507,6.0248394,0,4.0,0,0.0,-1.15,33.0,67.0
2023-01-05 08:00:00,31.20791821667,0.0,0.0,17.757407413333333,5.804,39.81666666666667,0,5.1764362714980825,70.66250196097344,8,3,1,0.8660254037844387,-0.4999999999999998,0.4338837391175582,-0.900968867902419,0.4999999999999999,0.8660254037844387,0.0,0.0,0.0,9.4,17.6,100.0,79.0,1.1,5.15863,0.0,4.4,17.7222222,40.0,40.03333333333333,40.45,40.53333333333333,39.5,-11.953407413333332,-0.0203703866666664,0.2733333333333343,5.530666666666666,6.0,17.782716054444446,5.660000000000001,6.0248394,6.0599327,6.07771,6.1545296,5.964399,0,4.0,0,0.0,-1.16,33.3,66.7
2023-01-05 08:15:00,43.76074958333,0.0,0.0,17.7222222,6.0,39.5,0,5.1764362714980825,70.66250196097344,8,3,1,0.8660254037844387,-0.4999999999999998,0.4338837391175582,-0.900968867902419,0.4999999999999999,0.8660254037844387,0.75,0.1875,0.0625,9.025,17.150000000000002,96.75,79.75,1.025,5.138836,0.0,4.2,17.70185185,39.81666666666667,40.0,40.03333333333333,40.45,39.5,-11.7222222,-0.0351852133333316,0.1959999999999997,5.804,5.956666666666666,17.752469137777776,5.778222222222223,5.964399,6.0248394,6.0599327,6.07771,5.9571633,0,4.0,0,0.0,-1.17,33.7,66.3
2023-01-05 08:30:00,44.91764772222,0.0,0.0,17.70185185,5.956666666666666,39.5,0,5.1764362714980825,70.66250196097344,8,3,1,0.8660254037844387,-0.4999999999999998,0.4338837391175582,-0.900968867902419,0.4999999999999999,0.8660254037844387,1.5,0.5625,0.1875,8.65,16.700000000000003,93.5,80.5,0.95,5.118553,0.0,4.0,17.6666667,39.5,39.81666666666667,40.0,40.03333333333333,39.45,-11.745185183333334,-0.0203703500000003,-0.0433333333333338,6.0,5.517333333333334,17.72716048777778,5.9202222222222245,5.9571633,5.964399,6.0248394,6.0599327,5.937149,0,4.0,0,0.0,-1.17,34.0,66.0
2023-01-05 08:45:00,388.28669016111,0.0,0.0,17.6666667,5.517333333333334,39.45,0,5.1764362714980825,70.66250196097344,8,3,1,0.8660254037844387,-0.4999999999999998,0.4338837391175582,-0.900968867902419,0.4999999999999999,0.8660254037844387,2.25,1.125,0.375,8.275,16.25,90.25,81.25,0.875,5.0977945,0.0,3.8,17.646296313333334,39.5,39.5,39.81666666666667,40.0,39.03333333333333,-12.149333366666667,-0.0351851500000002,-0.439333333333332,5.956666666666666,5.442666666666667,17.696913583333338,5.824666666666668,5.937149,5.9571633,5.964399,6.0248394,5.867308,0,4.0,0,0.0,-1.18,34.4,65.6
2023-01-05 09:00:00,106.925445044444,0.0,0.0,17.646296313333334,5.442666666666667,39.03333333333333,0,5.1764362714980825,70.66250196097344,9,3,1,0.7071067811865476,-0.7071067811865475,0.4338837391175582,-0.900968867902419,0.4999999999999999,0.8660254037844387,3.0,1.875,0.625,7.9,15.8,87.0,82.0,0.8,5.076574,0.0,3.6,17.61666666,39.45,39.5,39.5,39.81666666666667,39.9,-12.203629646666666,-0.0203703866666664,-0.0746666666666673,5.517333333333334,5.710666666666667,17.671604954444444,5.63888888888889,5.867308,5.937149,5.9571633,5.964399,5.9869895,0,4.0,0,0.0,-1.19,34.7,65.3
2023-01-05 09:15:00,411.898245711108,0.0,0.0,17.61666666,5.710666666666667,39.9,0,5.1764362714980825,70.66250196097344,9,3,1,0.7071067811865476,-0.7071067811865475,0.4338837391175582,-0.900968867902419,0.4999999999999999,0.8660254037844387,25.0,7.9375,2.708333333333333,7.625,15.275,77.5,81.5,1.025,5.147709,0.0,3.9,17.683333343333334,39.03333333333333,39.45,39.5,39.5,42.23333333333333,-11.905999993333332,-0.029629653333334,0.2679999999999998,5.442666666666667,6.1146666666666665,17.643209891111113,5.556888888888889,5.9869895,5.867308,5.937149,5.9571633,6.3623557,0,4.0,0,0.0,-1.19,34.9,65.1
2023-01-05 09:30:00,596.243649416662,0.0,0.0,17.683333343333334,6.1146666666666665,42.23333333333333,0,5.1764362714980825,70.66250196097344,9,3,1,0.7071067811865476,-0.7071067811865475,0.4338837391175582,-0.900968867902419,0.4999999999999999,0.8660254037844387,47.0,19.3125,6.625,7.35,14.75,68.0,81.0,1.25,5.2193823,0.0,4.2,17.76111112,39.9,39.03333333333333,39.45,39.5,42.65,-11.568666676666668,0.0666666833333344,0.4039999999999999,5.710666666666667,6.008666666666667,17.64876543888889,5.756000000000001,6.3623557,5.9869895,5.867308,5.937149,6.454988,0,4.0,0,0.0,-1.17,33.6,66.4
2023-01-05 09:45:00,261.275937511108,0.0,0.0,17.76111112,6.008666666666667,42.65,0,5.1764362714980825,70.66250196097344,9,3,1,0.7071067811865476,-0.7071067811865475,0.4338837391175582,-0.900968867902419,0.4999999999999999,0.8660254037844387,69.0,36.0,12.375,7.075,14.225,58.5,80.5,1.475,5.29159,0.0,4.5,17.737037063333332,42.23333333333333,39.9,39.03333333333333,39.45,41.766666666666666,-11.752444453333332,0.0777777766666645,-0.1059999999999998,6.1146666666666665,6.060666666666666,17.68703704111111,5.944666666666667,6.454988,6.3623557,5.9869895,5.867308,6.312234,0,4.0,0,0.0,-1.14,32.6,67.4
2023-01-05 10:00:00,183.43988444444,0.0,0.0,17.737037063333332,6.060666666666666,41.766666666666666,0,5.1764362714980825,70.66250196097344,10,3,1,0.4999999999999999,-0.8660254037844387,0.4338837391175582,-0.900968867902419,0.4999999999999999,0.8660254037844387,91.0,58.0,19.95833333333333,6.8,13.7,49.0,80.0,1.7,5.364322,0.0,4.8,17.66111114,42.65,42.23333333333333,39.9,39.03333333333333,40.2,-11.676370396666666,-0.0240740566666666,0.0519999999999996,6.008666666666667,6.27,17.72716050888889,6.061333333333335,6.312234,6.454988,6.3623557,5.9869895,6.04802,0,4.0,0,0.0,-1.15,33.0,67.0
2023-01-05 10:15:00,44.477387566664,0.0,0.0,17.66111114,6.27,40.2,0,5.1764362714980825,70.66250196097344,10,3,1,0.4999999999999999,-0.8660254037844387,0.4338837391175582,-0.900968867902419,0.4999999999999999,0.8660254037844387,123.25,82.5625,30.229166666666668,5.475,13.425,61.75,77.25,1.65,5.362684,0.0,5.325,17.59444445666667,41.766666666666666,42.65,42.23333333333333,39.9,40.28333333333333,-11.39111114,-0.0759259233333331,0.2093333333333333,6.060666666666666,6.432,17.719753107777777,6.113111111111112,6.04802,6.312234,6.454988,6.3623557,6.036498,0,4.0,0,0.0,-1.18,34.3,65.7
2023-01-05 10:30:00,69.27195126111,0.0,0.0,17.59444445666667,6.432,40.28333333333333,0,5.1764362714980825,70.66250196097344,10,3,1,0.4999999999999999,-0.8660254037844387,0.4338837391175582,-0.900968867902419,0.4999999999999999,0.8660254037844387,155.5,109.6875,43.1875,4.15,13.15,74.5,74.5,1.6,5.353448,0.0,5.85,17.5555556,40.2,41.766666666666666,42.65,42.23333333333333,40.0,-11.162444456666668,-0.0666666833333309,0.1620000000000008,6.27,6.871333333333333,17.664197553333334,6.254222222222222,6.036498,6.04802,6.312234,6.454988,5.980145,0,4.0,0,0.0,-1.2,35.1,64.9
2023-01-05 10:45:00,74.127312572222,0.0,0.0,17.5555556,6.871333333333333,40.0,0,5.1764362714980825,70.66250196097344,10,3,1,0.4999999999999999,-0.8660254037844387,0.4338837391175582,-0.900968867902419,0.4999999999999999,0.8660254037844387,187.75,139.375,58.833333333333336,2.825,12.875,87.25,71.75,1.55,5.3361497,0.0,6.375,17.53518521333333,40.28333333333333,40.2,41.766666666666666,42.65,39.81666666666667,-10.68422226666667,-0.0388888566666665,0.4393333333333329,6.432,7.248666666666667,17.603703732222225,6.524444444444446,5.980145,6.036498,6.04802,6.312234,5.9455004,0,4.0,0,0.0,-1.21,35.6,64.4
2023-01-05 11:00:00,53.06037741667,0.0,0.0,17.53518521333333,7.248666666666667,39.81666666666667,0,5.1764362714980825,70.66250196097344,11,3,1,0.258819045102521,-0.9659258262890682,0.4338837391175582,-0.900968867902419,0.4999999999999999,0.8660254037844387,220.0,171.625,77.16666666666667,1.5,12.6,100.0,69.0,1.5,5.310304,0.0,6.9,17.5,40.0,40.28333333333333,40.2,41.766666666666666,39.8,-10.286518546666665,-0.02037038666667,0.3773333333333335,6.871333333333333,7.204666666666666,17.561728423333335,6.850666666666668,5.9455004,5.980145,6.036498,6.04802,5.930538,0,4.0,0,0.0,-1.21,35.9,64.1
2023-01-05 11:15:00,52.943715566664,0.0,0.0,17.5,7.204666666666666,39.8,0,5.1764362714980825,70.66250196097344,11,3,1,0.258819045102521,-0.9659258262890682,0.4338837391175582,-0.900968867902419,0.4999999999999999,0.8660254037844387,222.25,196.375,95.625,1.925,11.8,100.0,68.0,1.625,5.3450117,0.0,7.225,17.479629613333334,39.81666666666667,40.0,40.28333333333333,40.2,39.53333333333333,-10.295333333333334,-0.0351852133333316,-0.0440000000000004,7.248666666666667,7.013333333333334,17.53024693777778,7.108222222222223,5.930538,5.9455004,5.980145,6.036498,5.883641,0,4.0,0,0.0,-1.22,36.3,63.7
2023-01-05 11:30:00,62.238343849994,0.0,0.0,17.479629613333334,7.013333333333334,39.53333333333333,0,5.1764362714980825,70.66250196097344,11,3,1,0.258819045102521,-0.9659258262890682,0.4338837391175582,-0.900968867902419,0.4999999999999999,0.8660254037844387,224.5,213.625,114.20833333333331,2.35,11.0,100.0,67.0,1.75,5.3784814,0.0,7.55,17.40555555,39.8,39.81666666666667,40.0,40.28333333333333,39.15,-10.46629628,-0.0203703866666664,-0.1913333333333327,7.204666666666666,6.842,17.504938275555556,7.155555555555558,5.883641,5.930538,5.9455004,5.980145,5.80086,0,4.0,0,0.0,-1.23,36.6,63.4
2023-01-05 11:45:00,68.31282304444,0.0,0.0,17.40555555,6.842,39.15,0,5.1764362714980825,70.66250196097344,11,3,1,0.258819045102521,-0.9659258262890682,0.4338837391175582,-0.900968867902419,0.4999999999999999,0.8660254037844387,226.75,223.375,132.91666666666666,2.7750000000000004,10.2,100.0,66.0,1.875,5.4106507,0.0,7.875,17.3888889,39.53333333333333,39.8,39.81666666666667,40.0,39.18333333333333,-10.56355555,-0.0740740633333345,-0.171333333333334,7.013333333333334,6.784666666666666,17.46172838777778,7.0200000000000005,5.80086,5.883641,5.930538,5.9455004,5.800018,0,4.0,0,0.0,-1.25,37.6,62.4
2023-01-05 12:00:00,55.199458633332,0.0,0.0,17.3888889,6.784666666666666,39.18333333333333,0,5.1764362714980825,70.66250196097344,12,3,1,1.2246467991473532e-16,-1.0,0.4338837391175582,-0.900968867902419,0.4999999999999999,0.8660254037844387,229.0,225.625,151.75,3.2,9.4,100.0,65.0,2.0,5.4414573,0.0,8.2,17.38333334,39.15,39.53333333333333,39.8,39.81666666666667,39.5,-10.604222233333337,-0.0166666499999976,-0.0573333333333332,6.842,6.487333333333334,17.424691354444445,6.880000000000002,5.800018,5.80086,5.883641,5.930538,5.8449507,0,4.0,0,0.0,-1.25,37.8,62.2
2023-01-05 12:15:00,360.851120977776,0.0,0.0,17.38333334,6.487333333333334,39.5,0,5.1764362714980825,70.66250196097344,12,3,1,1.2246467991473532e-16,-1.0,0.4338837391175582,-0.900968867902419,0.4999999999999999,0.8660254037844387,212.0,223.0625,167.33333333333334,4.325,11.825,82.75,64.0,1.875,5.400999,0.0,8.325,17.39814813,39.18333333333333,39.15,39.53333333333333,39.8,39.5,-10.896000006666666,-0.0055555600000012,-0.2973333333333325,6.784666666666666,6.549333333333333,17.39259259666667,6.704666666666668,5.8449507,5.800018,5.80086,5.883641,5.8501287,0,4.0,0,0.0,-1.25,37.8,62.2
2023-01-05 12:30:00,172.384215622216,139.204153844444,139.225819694442,17.39814813,6.549333333333333,39.5,2,5.1764362714980825,70.66250196097344,12,3,1,1.2246467991473532e-16,-1.0,0.4338837391175582,-0.900968867902419,0.4999999999999999,0.8660254037844387,195.0,215.6875,179.66666666666666,5.45,14.25,65.5,63.0,1.75,5.3594875,0.0,8.45,18.08888888,39.5,39.18333333333333,39.15,39.53333333333333,38.7,-10.848814796666666,0.014814789999999,0.0619999999999993,6.487333333333334,6.878,17.390123456666668,6.607111111111112,5.8501287,5.8449507,5.800018,5.80086,5.972556,0,3.0,1,0.25,-1.25,37.6,62.4
2023-01-05 12:45:00,319.317782311112,296.41314296666803,296.450641483334,18.08888888,6.878,38.7,2,5.1764362714980825,70.66250196097344,12,3,1,1.2246467991473532e-16,-1.0,0.4338837391175582,-0.900968867902419,0.4999999999999999,0.8660254037844387,178.0,203.5,188.75,6.575,16.675,48.25000000000001,62.0,1.625,5.3169117,0.0,8.575,19.24444446,39.5,39.5,39.18333333333333,39.15,37.2,-11.21088888,0.6907407499999998,0.3286666666666669,6.549333333333333,7.185333333333333,17.623456783333335,6.638222222222223,5.972556,5.8501287,5.8449507,5.800018,6.1473656,0,2.0,0,0.5,-1.09,29.9,70.1
2023-01-05 13:00:00,271.036935738894,237.511888011112,237.543275672222,19.24444446,7.185333333333333,37.2,2,5.1764362714980825,70.66250196097344,13,3,1,-0.2588190451025208,-0.9659258262890684,0.4338837391175582,-0.900968867902419,0.4999999999999999,0.8660254037844387,161.0,186.5,194.58333333333331,7.7,19.1,31.0,61.0,1.5,5.273259,0.0,8.7,19.98888891,38.7,39.5,39.5,39.18333333333333,35.8,-12.059111126666668,1.1555555800000017,0.3073333333333332,6.878,7.191333333333334,18.24382715666667,6.8708888888888895,6.1473656,5.972556,5.8501287,5.8449507,6.180425,0,1.0,0,0.75,-0.83,19.4,80.6
2023-01-05 13:15:00,287.548775438886,237.371615888888,237.40217028333,19.98888891,7.191333333333334,35.8,2,5.1764362714980825,70.66250196097344,13,3,1,-0.2588190451025208,-0.9659258262890684,0.4338837391175582,-0.900968867902419,0.4999999999999999,0.8660254037844387,212.5,186.625,202.02083333333331,8.65,21.175,37.0,59.0,1.325,5.199269,0.0,9.0,20.46851854,37.2,38.7,39.5,39.5,35.13333333333333,-12.797555576666667,0.7444444499999996,0.0060000000000002,7.185333333333333,7.489333333333334,19.10740741666667,7.084888888888891,6.180425,6.1473656,5.972556,5.8501287,6.237787,0,0.0,0,1.0,-0.66,14.2,85.8
2023-01-05 13:30:00,268.674530322224,243.4135964,243.44581736111,20.46851854,7.489333333333334,35.13333333333333,2,5.1764362714980825,70.66250196097344,13,3,1,-0.2588190451025208,-0.9659258262890684,0.4338837391175582,-0.900968867902419,0.4999999999999999,0.8660254037844387,264.0,203.875,211.0625,9.6,23.25,43.0,57.0,1.15,5.1201878,0.0,9.3,20.84444446,35.8,37.2,38.7,39.5,34.45,-12.979185206666664,0.479629629999998,0.298,7.191333333333334,7.717333333333332,19.90061730333333,7.288666666666668,6.237787,6.180425,6.1473656,5.972556,6.2518935,0,0.0,0,1.0,-0.55,11.4,88.6
2023-01-05 13:45:00,273.230181405558,250.252211711112,250.2849882,20.84444446,7.717333333333332,34.45,2,5.1764362714980825,70.66250196097344,13,3,1,-0.2588190451025208,-0.9659258262890684,0.4338837391175582,-0.900968867902419,0.4999999999999999,0.8660254037844387,315.5,238.25,221.70833333333331,10.55,25.325,49.0,55.0,0.975,5.035864,0.0,9.6,21.198148146666664,35.13333333333333,35.8,37.2,38.7,33.85,-13.127111126666666,0.3759259200000002,0.2279999999999988,7.489333333333334,7.846666666666667,20.433950636666665,7.466000000000001,6.2518935,6.237787,6.180425,6.1473656,6.2705364,0,0.0,0,1.0,-0.47,9.6,90.4
2023-01-05 14:00:00,279.451599338886,246.9592879,246.99067556111,21.198148146666664,7.846666666666667,33.85,2,5.1764362714980825,70.66250196097344,14,3,1,-0.4999999999999997,-0.8660254037844388,0.4338837391175582,-0.900968867902419,0.4999999999999999,0.8660254037844387,367.0,289.75,233.95833333333331,11.5,27.4,55.0,53.0,0.8,4.9461493,0.0,9.9,21.5166667,34.45,35.13333333333333,35.8,37.2,33.15,-13.351481479999997,0.3537036866666661,0.1293333333333342,7.717333333333332,7.847333333333333,20.837037048888888,7.684444444444445,6.2705364,6.2518935,6.237787,6.180425,6.2552476,0,0.0,0,1.0,-0.39,8.2,91.8
2023-01-05 14:15:00,288.052088605554,245.917940688888,245.949606138886,21.5166667,7.847333333333333,33.15,2,5.1764362714980825,70.66250196097344,14,3,1,-0.4999999999999997,-0.8660254037844388,0.4338837391175582,-0.900968867902419,0.4999999999999999,0.8660254037844387,355.0,325.375,245.02083333333331,12.05,28.375,49.0,53.0,0.7250000000000001,4.930474,0.0,9.85,21.72037038,33.85,34.45,35.13333333333333,35.8,32.81666666666667,-13.669333366666663,0.3185185533333339,0.0006666666666665,7.846666666666667,7.748,21.18641976888889,7.803777777777778,6.2552476,6.2705364,6.2518935,6.237787,6.265717,0,0.0,0,1.0,-0.32,7.1,92.9
2023-01-05 14:30:00,288.659286516666,253.1248746,253.158206649998,21.72037038,7.748,32.81666666666667,2,5.1764362714980825,70.66250196097344,14,3,1,-0.4999999999999997,-0.8660254037844388,0.4338837391175582,-0.900968867902419,0.4999999999999999,0.8660254037844387,343.0,345.125,254.89583333333331,12.6,29.35,43.0,53.0,0.65,4.9148417,0.0,9.8,21.9611111,33.15,33.85,34.45,35.13333333333333,32.45,-13.97237038,0.2037036800000038,-0.099333333333333,7.847333333333333,7.744,21.47839507555556,7.814000000000001,6.265717,6.2552476,6.2705364,6.2518935,6.282405,0,0.0,0,1.0,-0.28,6.6,93.4
2023-01-05 14:45:00,278.89495492222,249.140867333332,249.17364382222,21.9611111,7.744,32.45,2,5.1764362714980825,70.66250196097344,14,3,1,-0.4999999999999997,-0.8660254037844388,0.4338837391175582,-0.900968867902419,0.4999999999999999,0.8660254037844387,331.0,349.0,263.5833333333333,13.15,30.325,37.0,53.0,0.575,4.8992515,0.0,9.75,22.14444443,32.81666666666667,33.15,33.85,34.45,31.85,-14.2171111,0.240740719999998,-0.0040000000000004,7.748,7.649333333333333,21.73271606,7.779777777777778,6.282405,6.265717,6.2552476,6.2705364,6.231736,0,0.0,0,1.0,-0.22,6.0,94.0
2023-01-05 15:00:00,419.070736533332,249.857783072222,249.891948355556,22.14444443,7.649333333333333,31.85,2,5.1764362714980825,70.66250196097344,15,3,1,-0.7071067811865471,-0.7071067811865479,0.4338837391175582,-0.900968867902419,0.4999999999999999,0.8660254037844387,319.0,337.0,271.0833333333333,13.7,31.3,31.0,53.0,0.5,4.883705,0.0,9.7,21.96111111,32.45,32.81666666666667,33.15,33.85,30.55,-14.495111096666667,0.1833333299999999,-0.0946666666666669,7.744,7.362,21.941975303333336,7.713777777777778,6.231736,6.282405,6.265717,6.2552476,5.914561,0,0.0,0,1.0,-0.18,5.7,94.3
2023-01-05 15:15:00,1517.335137466668,244.909092127778,244.952145972222,21.96111111,7.362,30.55,2,5.1764362714980825,70.66250196097344,15,3,1,-0.7071067811865471,-0.7071067811865479,0.4338837391175582,-0.900968867902419,0.4999999999999999,0.8660254037844387,299.0,323.0,278.3333333333333,13.55,31.575,46.75,52.75,0.375,4.8375397,0.0,9.625,21.690740743333333,31.85,32.45,32.81666666666667,33.15,31.3,-14.59911111,-0.1833333199999991,-0.2873333333333328,7.649333333333333,7.367333333333334,22.022222213333333,7.585111111111112,5.914561,6.231736,6.282405,6.265717,5.9659157,0,0.0,0,1.0,-0.23,6.1,93.9
2023-01-05 15:30:00,1453.122428377776,244.489108944444,244.529107394442,21.690740743333333,7.367333333333334,31.3,2,5.1764362714980825,70.66250196097344,15,3,1,-0.7071067811865471,-0.7071067811865479,0.4338837391175582,-0.900968867902419,0.4999999999999999,0.8660254037844387,279.0,307.0,285.3333333333333,13.4,31.85,62.5,52.5,0.25,4.791689,0.0,9.55,21.93333334,30.55,31.85,32.45,32.81666666666667,31.65,-14.323407409999998,-0.2703703666666683,0.0053333333333336,7.362,7.258,21.93209876111111,7.459555555555556,5.9659157,5.914561,6.231736,6.282405,6.117716,0,0.0,0,1.0,-0.29,6.8,93.2
2023-01-05 15:45:00,1032.096770127774,181.378855672222,181.40996556111,21.93333334,7.258,31.65,2,5.1764362714980825,70.66250196097344,15,3,1,-0.7071067811865471,-0.7071067811865479,0.4338837391175582,-0.900968867902419,0.4999999999999999,0.8660254037844387,259.0,289.0,292.0833333333333,13.25,32.125,78.25,52.25,0.125,4.7461514,0.0,9.475,21.735185193333333,31.3,30.55,31.85,32.45,31.866666666666667,-14.675333340000002,0.2425925966666682,-0.1093333333333337,7.367333333333334,6.953333333333333,21.861728397777775,7.329111111111113,6.117716,5.9659157,5.914561,6.231736,6.089542,0,0.0,0,1.0,-0.23,6.1,93.9
2023-01-05 16:00:00,55.749714388888,21.9374558,21.94967756111,21.735185193333333,6.953333333333333,31.866666666666667,1,5.1764362714980825,70.66250196097344,16,3,1,-0.8660254037844385,-0.5000000000000004,0.4338837391175582,-0.900968867902419,0.4999999999999999,0.8660254037844387,239.0,269.0,298.5833333333333,13.1,32.4,94.0,52.0,-0.0,4.7009254,0.0,9.4,20.7166667,31.65,31.3,30.55,31.85,32.55,-14.78185186,-0.1981481466666679,-0.3046666666666668,7.258,6.8340000000000005,21.786419758888886,7.19288888888889,6.089542,6.117716,5.9659157,5.914561,5.8633194,0,0.0,1,1.0,-0.28,6.6,93.4
2023-01-05 16:15:00,105.917707555556,0.0,0.0,20.7166667,6.8340000000000005,32.55,0,5.1764362714980825,70.66250196097344,16,3,1,-0.8660254037844385,-0.5000000000000004,0.4338837391175582,-0.900968867902419,0.4999999999999999,0.8660254037844387,202.0,244.75,297.7083333333333,11.675,31.6,78.5,53.75,0.075,4.7366223,0.0,9.0,19.93518518,31.866666666666667,31.65,31.3,30.55,33.516666666666666,-13.8826667,-1.0185184933333318,-0.1193333333333326,6.953333333333333,6.85,21.461728411111118,7.015111111111113,5.8633194,6.089542,6.117716,5.9659157,5.7680626,1,1.0,1,0.75,-0.51,10.5,89.5
2023-01-05 16:30:00,124.049760077776,0.0,0.0,19.93518518,6.85,33.516666666666666,0,5.1764362714980825,70.66250196097344,16,3,1,-0.8660254037844385,-0.5000000000000004,0.4338837391175582,-0.900968867902419,0.4999999999999999,0.8660254037844387,165.0,216.25,289.4583333333333,10.25,30.8,63.0,55.5,0.15,4.7671337,0.0,8.6,19.62777776,32.55,31.866666666666667,31.65,31.3,35.25,-13.085185180000002,-0.7814815199999998,0.0159999999999991,6.8340000000000005,6.9,20.795679024444443,6.879111111111112,5.7680626,5.8633194,6.089542,6.117716,5.9579525,0,2.0,0,0.5,-0.69,14.9,85.1
2023-01-05 16:45:00,111.846637005558,0.0,0.0,19.62777776,6.9,35.25,0,5.1764362714980825,70.66250196097344,16,3,1,-0.8660254037844385,-0.5000000000000004,0.4338837391175582,-0.900968867902419,0.4999999999999999,0.8660254037844387,128.0,183.5,273.8333333333333,8.825,30.0,47.5,57.25,0.225,4.7926683,0.0,8.2,19.414814776666667,33.516666666666666,32.55,31.866666666666667,31.65,36.15,-12.72777776,-0.3074074200000005,0.0500000000000007,6.85,6.8886666666666665,20.093209880000003,6.861333333333334,5.9579525,5.7680626,5.8633194,6.089542,6.034065,0,3.0,0,0.25,-0.75,16.8,83.2
2023-01-05 17:00:00,99.856283555548,0.0,0.0,19.414814776666667,6.8886666666666665,36.15,0,5.1764362714980825,70.66250196097344,17,3,1,-0.9659258262890684,-0.2588190451025206,0.4338837391175582,-0.900968867902419,0.4999999999999999,0.8660254037844387,91.0,146.5,250.83333333333331,7.4,29.2,32.0,59.0,0.3,4.813433,0.0,7.8,19.27777778,35.25,33.516666666666666,32.55,31.866666666666667,36.45,-12.52614811,-0.2129629833333339,-0.0113333333333338,6.9,6.930000000000001,19.65925923888889,6.879555555555556,6.034065,5.9579525,5.7680626,5.8633194,6.035265,0,4.0,0,0.0,-0.79,18.2,81.8
2023-01-05 17:15:00,103.006157405554,0.0,0.0,19.27777778,6.930000000000001,36.45,0,5.1764362714980825,70.66250196097344,17,3,1,-0.9659258262890684,-0.2588190451025206,0.4338837391175582,-0.900968867902419,0.4999999999999999,0.8660254037844387,72.75,114.1875,227.3125,7.300000000000001,25.6,33.5,63.25,0.35,4.8757005,0.0,6.925,19.06111109,36.15,35.25,33.516666666666666,32.55,36.03333333333333,-12.34777778,-0.1370369966666658,0.0413333333333341,6.8886666666666665,6.9126666666666665,19.44012343888889,6.906222222222223,6.035265,6.034065,5.9579525,5.7680626,5.890567,0,4.0,0,0.0,-0.82,19.3,80.7
2023-01-05 17:30:00,115.067897133332,0.0,0.0,19.06111109,6.9126666666666665,36.03333333333333,0,5.1764362714980825,70.66250196097344,17,3,1,-0.9659258262890684,-0.2588190451025206,0.4338837391175582,-0.900968867902419,0.4999999999999999,0.8660254037844387,54.5,86.5625,203.27083333333331,7.2,22.0,35.0,67.5,0.4,4.9144616,0.0,6.05,18.86111108,36.45,36.15,35.25,33.516666666666666,36.0,-12.148444423333334,-0.2166666900000002,-0.017333333333334,6.930000000000001,6.836,19.25123454888889,6.910444444444447,5.890567,6.035265,6.034065,5.9579525,5.8160377,0,4.0,0,0.0,-0.87,21.1,78.9
2023-01-05 17:45:00,105.520779149994,0.0,0.0,18.86111108,6.836,36.0,0,5.1764362714980825,70.66250196097344,17,3,1,-0.9659258262890684,-0.2588190451025206,0.4338837391175582,-0.900968867902419,0.4999999999999999,0.8660254037844387,36.25,63.625,178.70833333333334,7.1,18.4,36.5,71.75,0.45,4.9318495,0.0,5.175,18.74074076333333,36.03333333333333,36.45,36.15,35.25,36.0,-12.02511108,-0.2000000100000001,-0.0766666666666662,6.9126666666666665,6.516,19.06666665,6.892888888888891,5.8160377,5.890567,6.035265,6.034065,5.774801,0,4.0,0,0.0,-0.92,22.9,77.1
2023-01-05 18:00:00,96.468641149998,0.0,0.0,18.74074076333333,6.516,36.0,0,5.1764362714980825,70.66250196097344,18,3,1,-1.0,-1.8369701987210294e-16,0.4338837391175582,-0.900968867902419,0.4999999999999999,0.8660254037844387,18.0,45.375,153.625,7.0,14.8,38.0,76.0,0.5,4.92987,0.0,4.3,18.61666667,36.0,36.03333333333333,36.45,36.15,36.0,-12.224740763333337,-0.1203703166666656,-0.3200000000000003,6.836,6.174,18.887654311111117,6.75488888888889,5.774801,5.8160377,5.890567,6.035265,5.732563,0,4.0,0,0.0,-0.95,24.0,76.0
2023-01-05 18:15:00,102.135081166664,0.0,0.0,18.61666667,6.174,36.0,0,5.1764362714980825,70.66250196097344,18,3,1,-1.0,-1.8369701987210294e-16,0.4338837391175582,-0.900968867902419,0.4999999999999999,0.8660254037844387,13.5,30.5625,129.83333333333334,8.55,17.125,53.5,75.75,0.25,4.84065,0.0,4.075,18.48703702,36.0,36.0,36.03333333333333,36.45,36.0,-12.442666669999998,-0.1240740933333377,-0.3419999999999996,6.516,5.808000000000001,18.739506171111117,6.508666666666668,5.732563,5.774801,5.8160377,5.890567,5.688719,0,4.0,0,0.0,-0.98,25.2,74.8
2023-01-05 18:30:00,81.125643744444,0.0,0.0,18.48703702,5.808000000000001,36.0,0,5.1764362714980825,70.66250196097344,18,3,1,-1.0,-1.8369701987210294e-16,0.4338837391175582,-0.900968867902419,0.4999999999999999,0.8660254037844387,9.0,19.1875,107.33333333333331,10.1,19.450000000000003,69.0,75.5,0.0,4.7528586,0.0,3.85,18.43888885,36.0,36.0,36.0,36.03333333333333,36.05,-12.67903702,-0.1296296499999982,-0.3659999999999996,6.174,5.725333333333333,18.614814817777777,6.166000000000001,5.688719,5.732563,5.774801,5.8160377,5.6803856,0,4.0,0,0.0,-1.01,26.4,73.6
2023-01-05 18:45:00,87.778155466664,0.0,0.0,18.43888885,5.725333333333333,36.05,0,5.1764362714980825,70.66250196097344,18,3,1,-1.0,-1.8369701987210294e-16,0.4338837391175582,-0.900968867902419,0.4999999999999999,0.8660254037844387,4.5,11.25,86.125,11.65,21.775,84.5,75.25,-0.25,4.6664777,0.0,3.625,18.35185186333333,36.0,36.0,36.0,36.0,36.46666666666667,-12.713555516666668,-0.0481481699999974,-0.0826666666666673,5.808000000000001,5.738666666666666,18.514197513333333,5.902444444444446,5.6803856,5.688719,5.732563,5.774801,5.7164593,0,4.0,0,0.0,-1.02,26.9,73.1
2023-01-05 19:00:00,89.193654411108,0.0,0.0,18.35185186333333,5.738666666666666,36.46666666666667,0,5.1764362714980825,70.66250196097344,19,3,1,-0.9659258262890684,0.2588190451025203,0.4338837391175582,-0.900968867902419,0.4999999999999999,0.8660254037844387,0.0,6.75,66.20833333333333,13.2,24.1,100.0,75.0,-0.5,4.5814867,0.0,3.4,18.27222224,36.05,36.0,36.0,36.0,36.55,-12.613185196666665,-0.0870369866666713,0.0133333333333327,5.725333333333333,5.548666666666667,18.42592591111111,5.757333333333335,5.7164593,5.6803856,5.688719,5.732563,5.7025137,0,4.0,0,0.0,-1.04,27.7,72.3
2023-01-05 19:15:00,395.423626822224,0.0,0.0,18.27222224,5.548666666666667,36.55,0,5.1764362714980825,70.66250196097344,19,3,1,-0.9659258262890684,0.2588190451025203,0.4338837391175582,-0.900968867902419,0.4999999999999999,0.8660254037844387,0.0,3.375,49.375,11.45,23.925,99.5,75.75,-0.575,4.573351,0.0,3.225,18.205555556666663,36.46666666666667,36.05,36.0,36.0,37.15,-12.723555573333336,-0.0796296233333286,-0.1899999999999995,5.738666666666666,5.392,18.354320984444445,5.670888888888889,5.7025137,5.7164593,5.6803856,5.688719,5.773227,0,4.0,0,0.0,-1.05,28.5,71.5
2023-01-05 19:30:00,72.950137477776,0.0,0.0,18.205555556666663,5.392,37.15,0,5.1764362714980825,70.66250196097344,19,3,1,-0.9659258262890684,0.2588190451025203,0.4338837391175582,-0.900968867902419,0.4999999999999999,0.8660254037844387,0.0,1.125,35.625,9.7,23.75,99.0,76.5,-0.65,4.5647044,0.0,3.05,18.1666667,36.55,36.46666666666667,36.05,36.0,37.85,-12.813555556666664,-0.066666683333338,-0.1566666666666671,5.548666666666667,5.321333333333333,18.27654322,5.559777777777779,5.773227,5.7025137,5.7164593,5.6803856,5.868439,0,4.0,0,0.0,-1.07,29.0,71.0
2023-01-05 19:45:00,91.173852833336,0.0,0.0,18.1666667,5.321333333333333,37.85,0,5.1764362714980825,70.66250196097344,19,3,1,-0.9659258262890684,0.2588190451025203,0.4338837391175582,-0.900968867902419,0.4999999999999999,0.8660254037844387,0.0,0.0,24.95833333333333,7.95,23.575,98.5,77.25,-0.7250000000000001,4.5555587,0.0,2.875,18.1666667,37.15,36.55,36.46666666666667,36.05,38.18333333333333,-12.845333366666669,-0.0388888566666629,-0.0706666666666668,5.392,5.213333333333334,18.21481483222222,5.4206666666666665,5.868439,5.773227,5.7025137,5.7164593,5.920121,0,4.0,0,0.0,-1.07,29.3,70.7
2023-01-05 20:00:00,90.58165450555,0.0,0.0,18.1666667,5.213333333333334,38.18333333333333,0,5.1764362714980825,70.66250196097344,20,3,1,-0.8660254037844386,0.5000000000000001,0.4338837391175582,-0.900968867902419,0.4999999999999999,0.8660254037844387,0.0,0.0,17.375,6.2,23.4,98.0,78.0,-0.8,4.5459228,0.0,2.7,18.16111114,37.85,37.15,36.55,36.46666666666667,38.5,-12.953333366666666,0.0,-0.1079999999999987,5.321333333333333,5.183333333333334,18.17962965222222,5.30888888888889,5.920121,5.868439,5.773227,5.7025137,5.9672484,0,4.0,0,0.0,-1.07,29.2,70.8
2023-01-05 20:15:00,72.370160677776,0.0,0.0,18.16111114,5.183333333333334,38.5,0,5.1764362714980825,70.66250196097344,20,3,1,-0.8660254037844386,0.5000000000000001,0.4338837391175582,-0.900968867902419,0.4999999999999999,0.8660254037844387,0.0,0.0,11.3125,6.375,20.075,85.5,78.75,-0.8250000000000001,4.5434656,0.0,2.5500000000000003,18.11481480666667,38.18333333333333,37.85,37.15,36.55,38.5,-12.977777806666666,-0.0055555600000012,-0.0300000000000002,5.213333333333334,5.148666666666667,18.16481484666667,5.239333333333335,5.9672484,5.920121,5.868439,5.773227,5.950855,0,4.0,0,0.0,-1.07,29.2,70.8
2023-01-05 20:30:00,83.431662616666,0.0,0.0,18.11481480666667,5.148666666666667,38.5,0,5.1764362714980825,70.66250196097344,20,3,1,-0.8660254037844386,0.5000000000000001,0.4338837391175582,-0.900968867902419,0.4999999999999999,0.8660254037844387,0.0,0.0,6.770833333333333,6.550000000000001,16.75,73.0,79.5,-0.8500000000000001,4.5405407,0.0,2.4000000000000004,18.10555555,38.5,38.18333333333333,37.85,37.15,38.5,-12.96614814,-0.0462963333333306,-0.0346666666666664,5.183333333333334,5.0280000000000005,18.147530882222224,5.181777777777779,5.950855,5.9672484,5.920121,5.868439,5.947581,0,4.0,0,0.0,-1.08,29.6,70.4
2023-01-05 20:45:00,95.63339676111,0.0,0.0,18.10555555,5.0280000000000005,38.5,0,5.1764362714980825,70.66250196097344,20,3,1,-0.8660254037844386,0.5000000000000001,0.4338837391175582,-0.900968867902419,0.4999999999999999,0.8660254037844387,0.0,0.0,3.75,6.7250000000000005,13.425,60.5,80.25,-0.875,4.537155,0.0,2.25,18.0592593,38.5,38.5,38.18333333333333,37.85,38.5,-13.07755555,-0.0092592566666667,-0.1206666666666667,5.148666666666667,5.054,18.12716049888889,5.120000000000002,5.947581,5.950855,5.9672484,5.920121,5.9312334,0,4.0,0,0.0,-1.08,29.7,70.3
2023-01-05 21:00:00,90.483880483334,0.0,0.0,18.0592593,5.054,38.5,0,5.1764362714980825,70.66250196097344,21,3,1,-0.7071067811865477,0.7071067811865474,0.4338837391175582,-0.900968867902419,0.4999999999999999,0.8660254037844387,0.0,0.0,2.25,6.9,10.1,48.0,81.0,-0.9,4.533319,0.0,2.1,18.05000004,38.5,38.5,38.5,38.18333333333333,38.5,-13.0052593,-0.046296250000001,0.0259999999999998,5.0280000000000005,5.098666666666667,18.09320988555556,5.076888888888891,5.9312334,5.947581,5.950855,5.9672484,5.9279695,0,4.0,0,0.0,-1.09,30.2,69.8
2023-01-05 21:15:00,98.476338638886,0.0,0.0,18.05000004,5.098666666666667,38.5,0,5.1764362714980825,70.66250196097344,21,3,1,-0.7071067811865477,0.7071067811865474,0.4338837391175582,-0.900968867902419,0.4999999999999999,0.8660254037844387,0.0,0.0,1.125,7.65,11.9,61.0,81.5,-0.975,4.5075436,0.0,1.925,18.003703706666666,38.5,38.5,38.5,38.5,38.5,-12.951333373333334,-0.0092592600000003,0.044666666666667,5.054,5.004,18.071604963333336,5.060222222222223,5.9279695,5.9312334,5.947581,5.950855,5.9116707,0,4.0,0,0.0,-1.1,30.3,69.7
2023-01-05 21:30:00,106.479907483326,0.0,0.0,18.003703706666666,5.004,38.5,0,5.1764362714980825,70.66250196097344,21,3,1,-0.7071067811865477,0.7071067811865474,0.4338837391175582,-0.900968867902419,0.4999999999999999,0.8660254037844387,0.0,0.0,0.375,8.4,13.7,74.0,82.0,-1.05,4.481668,0.0,1.75,18.0,38.5,38.5,38.5,38.5,38.85,-12.999703706666663,-0.0462963333333341,-0.0946666666666669,5.098666666666667,5.086666666666667,18.037654348888893,5.052222222222224,5.9116707,5.9279695,5.9312334,5.947581,5.9640975,0,4.0,0,0.0,-1.11,30.8,69.2
2023-01-05 21:45:00,96.373644883334,0.0,0.0,18.0,5.086666666666667,38.85,0,5.1764362714980825,70.66250196097344,21,3,1,-0.7071067811865477,0.7071067811865474,0.4338837391175582,-0.900968867902419,0.4999999999999999,0.8660254037844387,0.0,0.0,0.0,9.15,15.5,87.0,82.5,-1.125,4.4556975,0.0,1.575,18.0,38.5,38.5,38.5,38.5,39.0,-12.913333333333334,-0.0037037066666663,0.0826666666666664,5.004,5.076666666666666,18.01790124888889,5.0631111111111125,5.9640975,5.9116707,5.9279695,5.9312334,5.9871254,0,4.0,0,0.0,-1.11,30.8,69.2
2023-01-05 22:00:00,101.559826411108,0.0,0.0,18.0,5.076666666666666,39.0,0,5.1764362714980825,70.66250196097344,22,3,1,-0.5000000000000004,0.8660254037844384,0.4338837391175582,-0.900968867902419,0.4999999999999999,0.8660254037844387,0.0,0.0,0.0,9.9,17.3,100.0,83.0,-1.2,4.4296374,0.0,1.4,18.03888892,38.85,38.5,38.5,38.5,39.35,-12.923333333333334,0.0,-0.0100000000000006,5.086666666666667,4.992,18.00123456888889,5.05577777777778,5.9871254,5.9640975,5.9116707,5.9279695,6.054845,0,4.0,0,0.0,-1.11,30.8,69.2
2023-01-05 22:15:00,125.42692713889,0.0,0.0,18.03888892,4.992,39.35,0,5.1764362714980825,70.66250196097344,22,3,1,-0.5000000000000004,0.8660254037844384,0.4338837391175582,-0.900968867902419,0.4999999999999999,0.8660254037844387,0.0,0.0,0.0,8.775,17.375,100.0,81.25,-1.15,4.440677,0.0,1.75,18.0555556,39.0,38.85,38.5,38.5,39.31666666666667,-13.046888919999995,0.0388889199999979,-0.0846666666666662,5.076666666666666,4.749333333333333,18.012962973333334,5.051777777777779,6.054845,5.9871254,5.9640975,5.9116707,6.055714,0,4.0,0,0.0,-1.09,30.3,69.7
2023-01-05 22:30:00,1272.208276316666,0.0,0.0,18.0555556,4.749333333333333,39.31666666666667,0,5.1764362714980825,70.66250196097344,22,3,1,-0.5000000000000004,0.8660254037844384,0.4338837391175582,-0.900968867902419,0.4999999999999999,0.8660254037844387,0.0,0.0,0.0,7.65,17.450000000000003,100.0,79.5,-1.1,4.4493685,0.0,2.1,18.05000004,39.35,39.0,38.85,38.5,39.0,-13.30622226666667,0.0166666800000037,-0.2426666666666666,4.992,4.678,18.03148150666667,4.939333333333334,6.055714,6.054845,5.9871254,5.9640975,6.004956,0,4.0,0,0.0,-1.09,30.1,69.9
2023-01-05 22:45:00,1267.195976783334,0.0,0.0,18.05000004,4.678,39.0,0,5.1764362714980825,70.66250196097344,22,3,1,-0.5000000000000004,0.8660254037844384,0.4338837391175582,-0.900968867902419,0.4999999999999999,0.8660254037844387,0.0,0.0,0.0,6.525,17.525000000000002,100.0,77.75,-1.05,4.455607,0.0,2.45,18.024074093333336,39.31666666666667,39.35,39.0,38.85,39.0,-13.37200004,-0.0055555600000012,-0.0713333333333334,4.749333333333333,4.48,18.04814818666667,4.806444444444446,6.004956,6.055714,6.054845,5.9871254,5.995705,0,4.0,0,0.0,-1.09,30.2,69.8
2023-01-05 23:00:00,1275.172879911112,0.0,0.0,18.024074093333336,4.48,39.0,0,5.1764362714980825,70.66250196097344,23,3,1,-0.2588190451025215,0.965925826289068,0.4338837391175582,-0.900968867902419,0.4999999999999999,0.8660254037844387,0.0,0.0,0.0,5.4,17.6,100.0,76.0,-1.0,4.459285,0.0,2.8,18.01666668,39.0,39.31666666666667,39.35,39.0,39.0,-13.544074093333336,-0.0259259466666641,-0.1979999999999995,4.678,4.649333333333333,18.04320991111112,4.635777777777779,5.995705,6.004956,6.055714,6.054845,5.993064,0,4.0,0,0.0,-1.1,30.5,69.5
2023-01-05 23:15:00,1285.392748933332,0.0,0.0,18.01666668,4.649333333333333,39.0,0,5.1764362714980825,70.66250196097344,23,3,1,-0.2588190451025215,0.965925826289068,0.4338837391175582,-0.900968867902419,0.4999999999999999,0.8660254037844387,0.0,0.0,0.0,5.050000000000001,15.45,100.0,76.0,-0.925,4.4893856,0.0,2.9,18.0,39.0,39.0,39.31666666666667,39.35,39.0,-13.367333346666667,-0.0074074133333361,0.1693333333333324,4.48,4.602666666666666,18.03024693777778,4.602444444444446,5.993064,5.995705,6.004956,6.055714,5.9871254,0,4.0,0,0.0,-1.1,30.6,69.4
2023-01-05 23:30:00,1286.46437278333,0.0,0.0,18.0,4.602666666666666,39.0,0,5.1764362714980825,70.66250196097344,23,3,1,-0.2588190451025215,0.965925826289068,0.4338837391175582,-0.900968867902419,0.4999999999999999,0.8660254037844387,0.0,0.0,0.0,4.7,13.3,100.0,76.0,-0.85,4.519664,0.0,3.0,18.0,39.0,39.0,39.0,39.31666666666667,39.0,-13.397333333333334,-0.0166666800000001,-0.0466666666666668,4.649333333333333,4.451333333333333,18.01358025777778,4.577333333333335,5.9871254,5.993064,5.995705,6.004956,5.9871254,0,4.0,0,0.0,-1.11,30.8,69.2
2023-01-05 23:45:00,1160.20303452222,0.0,0.0,18.0,4.451333333333333,39.0,0,5.1764362714980825,70.66250196097344,23,3,1,-0.2588190451025215,0.965925826289068,0.4338837391175582,-0.900968867902419,0.4999999999999999,0.8660254037844387,0.0,0.0,0.0,4.35,11.15,100.0,76.0,-0.7749999999999999,4.5501213,0.0,3.1,17.979629613333334,39.0,39.0,39.0,39.0,39.0,-13.548666666666666,0.0,-0.1513333333333326,4.602666666666666,4.153333333333333,18.00555556,4.567777777777779,5.9871254,5.9871254,5.993064,5.995705,5.9798746,0,4.0,0,0.0,-1.11,30.8,69.2
2023-01-06 00:00:00,187.719713044448,0.0,0.0,17.979629613333334,4.153333333333333,39.0,0,5.1764362714980825,70.66250196097344,0,4,1,0.0,1.0,-0.433883739117558,-0.9009688679024191,0.4999999999999999,0.8660254037844387,0.0,0.0,0.0,4.0,9.0,100.0,76.0,-0.7,4.580757,0.0,3.2,17.9444444,39.0,39.0,39.0,39.0,39.3,-13.82629628,-0.0203703866666664,-0.298,4.451333333333333,3.814,17.993209871111112,4.402444444444446,5.9798746,5.9871254,5.9871254,5.993064,6.013271,0,4.0,0,0.0,-1.11,31.0,69.0
2023-01-06 00:15:00,114.094602766664,0.0,0.0,17.9444444,3.814,39.3,0,5.1764362714980825,70.66250196097344,0,4,1,0.0,1.0,-0.433883739117558,-0.9009688679024191,0.4999999999999999,0.8660254037844387,0.0,0.0,0.0,3.775,8.275,98.0,76.5,-0.6,4.6108937,0.0,3.2,17.924074049999998,39.0,39.0,39.0,39.0,39.03333333333333,-14.130444399999998,-0.0351852133333352,-0.3393333333333332,4.153333333333333,3.703333333333333,17.97469133777778,4.139555555555557,6.013271,5.9798746,5.9871254,5.9871254,5.965232,0,4.0,0,0.0,-1.12,31.3,68.7
2023-01-06 00:30:00,115.478158472222,0.0,0.0,17.924074049999998,3.703333333333333,39.03333333333333,0,5.1764362714980825,70.66250196097344,0,4,1,0.0,1.0,-0.433883739117558,-0.9009688679024191,0.4999999999999999,0.8660254037844387,0.0,0.0,0.0,3.55,7.55,96.0,77.0,-0.5,4.6410303,0.0,3.2,17.894444449999998,39.3,39.0,39.0,39.0,38.65,-14.220740716666665,-0.0203703500000003,-0.1106666666666669,3.814,3.44,17.949382687777778,3.890222222222223,5.965232,6.013271,5.9798746,5.9871254,5.8962398,0,4.0,0,0.0,-1.12,31.6,68.4
2023-01-06 00:45:00,68.402263783334,0.0,0.0,17.894444449999998,3.44,38.65,0,5.1764362714980825,70.66250196097344,0,4,1,0.0,1.0,-0.433883739117558,-0.9009688679024191,0.4999999999999999,0.8660254037844387,0.0,0.0,0.0,3.325,6.824999999999999,94.0,77.5,-0.3999999999999999,4.671167,0.0,3.2,17.92037035,39.03333333333333,39.3,39.0,39.0,38.31666666666667,-14.45444445,-0.0296295999999998,-0.2633333333333332,3.703333333333333,3.358,17.92098763333333,3.652444444444445,5.8962398,5.965232,6.013271,5.9798746,5.854417,0,4.0,0,0.0,-1.13,32.0,68.0
2023-01-06 01:00:00,51.332391138886,0.0,0.0,17.92037035,3.358,38.31666666666667,0,5.1764362714980825,70.66250196097344,1,4,1,0.2588190451025207,0.9659258262890684,-0.433883739117558,-0.9009688679024191,0.4999999999999999,0.8660254037844387,0.0,0.0,0.0,3.1,6.1,92.0,78.0,-0.3,4.701303,0.0,3.2,17.84999998,38.65,39.03333333333333,39.3,39.0,37.6,-14.562370349999998,0.0259259000000007,-0.0820000000000003,3.44,3.2993333333333337,17.912962949999997,3.5004444444444456,5.854417,5.8962398,5.965232,6.013271,5.720897,0,4.0,0,0.0,-1.13,31.8,68.2
2023-01-06 01:15:00,62.203622872222,0.0,0.0,17.84999998,3.2993333333333337,37.6,0,5.1764362714980825,70.66250196097344,1,4,1,0.2588190451025207,0.9659258262890684,-0.433883739117558,-0.9009688679024191,0.4999999999999999,0.8660254037844387,0.0,0.0,0.0,3.925,6.824999999999999,74.0,78.5,-0.3999999999999999,4.668337,0.0,3.0,17.81296295,38.31666666666667,38.65,39.03333333333333,39.3,36.85,-14.550666646666668,-0.0703703699999991,-0.0586666666666659,3.358,3.3353333333333333,17.888271593333332,3.365777777777779,5.720897,5.854417,5.8962398,5.965232,5.5944285,0,4.0,0,0.0,-1.15,32.7,67.3
2023-01-06 01:30:00,56.886891199996,0.0,0.0,17.81296295,3.3353333333333333,36.85,0,5.1764362714980825,70.66250196097344,1,4,1,0.2588190451025207,0.9659258262890684,-0.433883739117558,-0.9009688679024191,0.4999999999999999,0.8660254037844387,0.0,0.0,0.0,4.75,7.55,56.0,79.0,-0.5,4.6353097,0.0,2.8,17.73888888,37.6,38.31666666666667,38.65,39.03333333333333,36.55,-14.477629616666666,-0.0370370300000004,0.0359999999999995,3.2993333333333337,3.095333333333333,17.861111093333335,3.33088888888889,5.5944285,5.720897,5.854417,5.8962398,5.5244436,0,4.0,0,0.0,-1.16,33.3,66.7
2023-01-06 01:45:00,32.04399593889,0.0,0.0,17.73888888,3.095333333333333,36.55,0,5.1764362714980825,70.66250196097344,1,4,1,0.2588190451025207,0.9659258262890684,-0.433883739117558,-0.9009688679024191,0.4999999999999999,0.8660254037844387,0.0,0.0,0.0,5.575,8.275,38.0,79.5,-0.6,4.602227,0.0,2.6,17.7222222,36.85,37.6,38.31666666666667,38.65,36.96666666666667,-14.643555546666668,-0.0740740699999982,-0.2399999999999997,3.3353333333333333,3.1786666666666665,17.80061727,3.2433333333333345,5.5244436,5.5944285,5.720897,5.854417,5.581872,0,4.0,0,0.0,-1.18,34.2,65.8
2023-01-06 02:00:00,22.787421833332,0.0,0.0,17.7222222,3.1786666666666665,36.96666666666667,0,5.1764362714980825,70.66250196097344,2,4,1,0.4999999999999999,0.8660254037844387,-0.433883739117558,-0.9009688679024191,0.4999999999999999,0.8660254037844387,0.0,0.0,0.0,6.4,9.0,20.0,80.0,-0.7,4.5690975,0.0,2.4,17.67777779,36.55,36.85,37.6,38.31666666666667,36.65,-14.543555533333334,-0.0166666800000001,0.083333333333333,3.095333333333333,3.337333333333333,17.75802467666667,3.203111111111113,5.581872,5.5244436,5.5944285,5.720897,5.519411,0,4.0,0,0.0,-1.18,34.3,65.7
2023-01-06 02:15:00,28.784959688888,0.0,0.0,17.67777779,3.337333333333333,36.65,0,5.1764362714980825,70.66250196097344,2,4,1,0.4999999999999999,0.8660254037844387,-0.433883739117558,-0.9009688679024191,0.4999999999999999,0.8660254037844387,0.0,0.0,0.0,6.875,9.725,21.5,81.25,-0.85,4.5319414,0.0,2.05,17.61481480666667,36.96666666666667,36.55,36.85,37.6,36.5,-14.340444456666669,-0.0444444100000005,0.1586666666666669,3.1786666666666665,3.466,17.71296295666667,3.203777777777779,5.519411,5.581872,5.5244436,5.5944285,5.4762154,0,4.0,0,0.0,-1.19,34.9,65.1
2023-01-06 02:30:00,28.108320072222,0.0,0.0,17.61481480666667,3.466,36.5,0,5.1764362714980825,70.66250196097344,2,4,1,0.4999999999999999,0.8660254037844387,-0.433883739117558,-0.9009688679024191,0.4999999999999999,0.8660254037844387,0.0,0.0,0.0,7.35,10.45,23.0,82.5,-1.0,4.493711,0.0,1.7,17.566666689999998,36.65,36.96666666666667,36.55,36.85,36.55,-14.148814806666667,-0.0629629833333318,0.1286666666666667,3.337333333333333,3.6713333333333336,17.671604932222223,3.327333333333334,5.4762154,5.519411,5.581872,5.5244436,5.467982,0,4.0,0,0.0,-1.21,35.7,64.3
2023-01-06 02:45:00,35.17803732222,0.0,0.0,17.566666689999998,3.6713333333333336,36.55,0,5.1764362714980825,70.66250196097344,2,4,1,0.4999999999999999,0.8660254037844387,-0.433883739117558,-0.9009688679024191,0.4999999999999999,0.8660254037844387,0.0,0.0,0.0,7.825000000000001,11.175,24.5,83.75,-1.15,4.454468,0.0,1.35,17.503703706666666,36.5,36.65,36.96666666666667,36.55,37.15,-13.895333356666663,-0.0481481166666704,0.2053333333333333,3.466,3.771333333333333,17.619753095555556,3.491555555555557,5.467982,5.4762154,5.519411,5.581872,5.536892,0,4.0,0,0.0,-1.22,36.3,63.7
2023-01-06 03:00:00,380.267288816662,0.0,0.0,17.503703706666666,3.771333333333333,37.15,0,5.1764362714980825,70.66250196097344,3,4,1,0.7071067811865476,0.7071067811865476,-0.433883739117558,-0.9009688679024191,0.4999999999999999,0.8660254037844387,0.0,0.0,0.0,8.3,11.9,26.0,85.0,-1.3,4.4142747,0.0,1.0,17.49444444,36.55,36.5,36.65,36.96666666666667,37.45,-13.732370373333334,-0.0629629833333318,0.0999999999999996,3.6713333333333336,3.646,17.56172840111111,3.636222222222224,5.536892,5.467982,5.4762154,5.519411,5.578517,0,4.0,0,0.0,-1.23,36.9,63.1
2023-01-06 03:15:00,33.909199211108,0.0,0.0,17.49444444,3.646,37.45,0,5.1764362714980825,70.66250196097344,3,4,1,0.7071067811865476,0.7071067811865476,-0.433883739117558,-0.9009688679024191,0.4999999999999999,0.8660254037844387,0.0,0.0,0.0,8.875,13.425,35.75,85.25,-1.35,4.397099,0.0,0.9,17.427777756666668,37.15,36.55,36.5,36.65,37.03333333333333,-13.848444439999998,-0.0092592666666675,-0.1253333333333333,3.771333333333333,3.569333333333333,17.521604945555556,3.696222222222224,5.578517,5.536892,5.467982,5.4762154,5.4945254,0,4.0,0,0.0,-1.23,36.9,63.1
2023-01-06 03:30:00,17.285697477776,0.0,0.0,17.427777756666668,3.569333333333333,37.03333333333333,0,5.1764362714980825,70.66250196097344,3,4,1,0.7071067811865476,0.7071067811865476,-0.433883739117558,-0.9009688679024191,0.4999999999999999,0.8660254037844387,0.0,0.0,0.0,9.45,14.95,45.5,85.5,-1.4,4.379926,0.0,0.8,17.34444443,37.45,37.15,36.55,36.5,36.65,-13.858444423333337,-0.0666666833333309,-0.0766666666666666,3.646,3.780666666666667,17.475308634444445,3.662222222222223,5.4945254,5.578517,5.536892,5.467982,5.4106317,0,4.0,0,0.0,-1.25,37.8,62.2
2023-01-06 03:45:00,28.943008916666,0.0,0.0,17.34444443,3.780666666666667,36.65,0,5.1764362714980825,70.66250196097344,3,4,1,0.7071067811865476,0.7071067811865476,-0.433883739117558,-0.9009688679024191,0.4999999999999999,0.8660254037844387,0.0,0.0,0.0,10.025,16.475,55.25,85.75,-1.45,4.362758,0.0,0.7,17.261111113333335,37.03333333333333,37.45,37.15,36.55,36.5,-13.563777763333333,-0.0833333266666684,0.2113333333333336,3.569333333333333,4.091333333333333,17.42222220888889,3.665333333333335,5.4106317,5.4945254,5.578517,5.536892,5.3616953,0,4.0,0,0.0,-1.27,38.9,61.1
2023-01-06 04:00:00,42.305529911112,0.0,0.0,17.261111113333335,4.091333333333333,36.5,0,5.1764362714980825,70.66250196097344,4,4,1,0.8660254037844386,0.5000000000000001,-0.433883739117558,-0.9009688679024191,0.4999999999999999,0.8660254037844387,0.0,0.0,0.0,10.6,18.0,65.0,86.0,-1.5,4.3455954,0.0,0.6,17.2222222,36.65,37.03333333333333,37.45,37.15,36.5,-13.169777780000002,-0.0833333166666641,0.3106666666666662,3.780666666666667,4.124666666666666,17.344444433333333,3.8137777777777786,5.3616953,5.4106317,5.4945254,5.578517,5.3492317,0,4.0,0,0.0,-1.29,40.0,60.0
2023-01-06 04:15:00,17.360972299996,0.0,0.0,17.2222222,4.124666666666666,36.5,0,5.1764362714980825,70.66250196097344,4,4,1,0.8660254037844386,0.5000000000000001,-0.433883739117558,-0.9009688679024191,0.4999999999999999,0.8660254037844387,0.0,0.0,0.0,10.675,18.55,67.25,84.5,-1.475,4.343535,0.0,0.85,17.20185185,36.5,36.65,37.03333333333333,37.45,36.5,-13.097555533333336,-0.0388889133333343,0.0333333333333332,4.091333333333333,4.186,17.275925914444446,3.99888888888889,5.3492317,5.3616953,5.4106317,5.4945254,5.3427134,0,4.0,0,0.0,-1.3,40.5,59.5
2023-01-06 04:30:00,17.284308649998,0.0,0.0,17.20185185,4.186,36.5,0,5.1764362714980825,70.66250196097344,4,4,1,0.8660254037844386,0.5000000000000001,-0.433883739117558,-0.9009688679024191,0.4999999999999999,0.8660254037844387,0.0,0.0,0.0,10.75,19.1,69.5,83.0,-1.45,4.3399487,0.0,1.1,17.16111114,36.5,36.5,36.65,37.03333333333333,36.5,-13.01585185,-0.0203703500000003,0.0613333333333336,4.124666666666666,4.193333333333333,17.228395054444448,4.134000000000001,5.3427134,5.3492317,5.3616953,5.4106317,5.3296976,0,4.0,0,0.0,-1.31,40.7,59.3
2023-01-06 04:45:00,27.52167692222,0.0,0.0,17.16111114,4.193333333333333,36.5,0,5.1764362714980825,70.66250196097344,4,4,1,0.8660254037844386,0.5000000000000001,-0.433883739117558,-0.9009688679024191,0.4999999999999999,0.8660254037844387,0.0,0.0,0.0,10.825,19.65,71.75,81.5,-1.4249999999999998,4.3347955,0.0,1.35,17.11481480666667,36.5,36.5,36.5,36.65,36.31666666666667,-12.967777806666666,-0.0407407100000014,0.0073333333333334,4.186,4.203333333333333,17.195061730000003,4.168000000000001,5.3296976,5.3427134,5.3492317,5.3616953,5.288244,0,4.0,0,0.0,-1.32,41.2,58.8
2023-01-06 05:00:00,34.237241688884,0.0,0.0,17.11481480666667,4.203333333333333,36.31666666666667,0,5.1764362714980825,70.66250196097344,5,4,1,0.9659258262890684,0.2588190451025207,-0.433883739117558,-0.9009688679024191,0.4999999999999999,0.8660254037844387,0.0,0.0,0.0,10.9,20.2,74.0,80.0,-1.4,4.3280263,0.0,1.6,17.07222225,36.5,36.5,36.5,36.5,36.0,-12.911481473333335,-0.0462963333333306,0.0099999999999997,4.193333333333333,4.156666666666667,17.15925926555556,4.194222222222224,5.288244,5.3296976,5.3427134,5.3492317,5.2287717,0,4.0,0,0.0,-1.33,41.9,58.1
2023-01-06 05:15:00,26.267004961106,0.0,0.0,17.07222225,4.156666666666667,36.0,0,5.1764362714980825,70.66250196097344,5,4,1,0.9659258262890684,0.2588190451025207,-0.433883739117558,-0.9009688679024191,0.4999999999999999,0.8660254037844387,0.0,0.0,0.0,11.075,20.375,74.0,80.25,-1.4249999999999998,4.3268166,0.0,1.55,17.0555556,36.31666666666667,36.5,36.5,36.5,36.0,-12.915555583333331,-0.0425925566666691,-0.0466666666666659,4.203333333333333,4.048,17.11604939888889,4.184444444444446,5.2287717,5.288244,5.3296976,5.3427134,5.2235527,0,4.0,0,0.0,-1.34,42.5,57.5
2023-01-06 05:30:00,23.83210234444,0.0,0.0,17.0555556,4.048,36.0,0,5.1764362714980825,70.66250196097344,5,4,1,0.9659258262890684,0.2588190451025207,-0.433883739117558,-0.9009688679024191,0.4999999999999999,0.8660254037844387,0.0,0.0,0.0,11.25,20.55,74.0,80.5,-1.45,4.3255577,0.0,1.5,17.05000004,36.0,36.31666666666667,36.5,36.5,36.0,-13.007555600000002,-0.0166666499999976,-0.1086666666666671,4.156666666666667,3.806666666666666,17.08086421888889,4.136000000000002,5.2235527,5.2287717,5.288244,5.3296976,5.221813,0,4.0,0,0.0,-1.35,42.7,57.3
2023-01-06 05:45:00,22.346883988884,0.0,0.0,17.05000004,3.806666666666666,36.0,0,5.1764362714980825,70.66250196097344,5,4,1,0.9659258262890684,0.2588190451025207,-0.433883739117558,-0.9009688679024191,0.4999999999999999,0.8660254037844387,0.0,0.0,0.0,11.425,20.725,74.0,80.75,-1.475,4.3242517,0.0,1.45,16.98333332,36.0,36.0,36.31666666666667,36.5,36.0,-13.243333373333334,-0.0055555600000012,-0.2413333333333334,4.048,3.859333333333333,17.059259296666667,4.0037777777777785,5.221813,5.2235527,5.2287717,5.288244,5.200985,0,4.0,0,0.0,-1.35,42.7,57.3
2023-01-06 06:00:00,21.154987199996,0.0,0.0,16.98333332,3.859333333333333,36.0,0,5.1764362714980825,70.66250196097344,6,4,1,1.0,6.123233995736766e-17,-0.433883739117558,-0.9009688679024191,0.4999999999999999,0.8660254037844387,0.0,0.0,0.0,11.6,20.9,74.0,81.0,-1.5,4.3228993,0.0,1.4,16.9444444,36.0,36.0,36.0,36.31666666666667,36.0,-13.123999986666666,-0.0666667200000006,0.0526666666666666,3.806666666666666,3.9166666666666665,17.029629653333334,3.904666666666668,5.200985,5.221813,5.2235527,5.2287717,5.188867,0,4.0,0,0.0,-1.36,43.6,56.4
2023-01-06 06:15:00,35.162204838878,0.0,0.0,16.9444444,3.9166666666666665,36.0,0,5.1764362714980825,70.66250196097344,6,4,1,1.0,6.123233995736766e-17,-0.433883739117558,-0.9009688679024191,0.4999999999999999,0.8660254037844387,0.0,0.0,0.0,11.325,21.075,80.0,80.75,-1.5,4.331616,0.0,1.475,16.924074049999998,36.0,36.0,36.0,36.0,36.0,-13.027777733333332,-0.0388889200000015,0.0573333333333332,3.859333333333333,3.893333333333333,16.992592586666664,3.86088888888889,5.188867,5.200985,5.221813,5.2235527,5.182531,0,4.0,0,0.0,-1.37,44.1,55.9
2023-01-06 06:30:00,31.194585599996,0.0,0.0,16.924074049999998,3.893333333333333,36.0,0,5.1764362714980825,70.66250196097344,6,4,1,1.0,6.123233995736766e-17,-0.433883739117558,-0.9009688679024191,0.4999999999999999,0.8660254037844387,0.0,0.0,0.0,11.05,21.25,86.0,80.5,-1.5,4.340296,0.0,1.5499999999999998,16.9222222,36.0,36.0,36.0,36.0,36.05,-13.030740716666664,-0.0203703500000003,-0.0233333333333334,3.9166666666666665,3.995333333333333,16.950617256666664,3.8897777777777782,5.182531,5.188867,5.200985,5.221813,5.189152,0,4.0,0,0.0,-1.38,44.3,55.7
2023-01-06 06:45:00,17.13570346111,0.0,0.0,16.9222222,3.995333333333333,36.05,0,5.1764362714980825,70.66250196097344,6,4,1,1.0,6.123233995736766e-17,-0.433883739117558,-0.9009688679024191,0.4999999999999999,0.8660254037844387,0.0,0.0,0.0,10.775,21.425,92.0,80.25,-1.5,4.348936,0.0,1.625,16.8925926,36.0,36.0,36.0,36.0,36.46666666666667,-12.926888866666667,-0.0018518499999977,0.1020000000000003,3.893333333333333,4.755333333333334,16.930246883333332,3.935111111111112,5.189152,5.182531,5.188867,5.200985,5.2398057,0,4.0,0,0.0,-1.38,44.3,55.7
2023-01-06 07:00:00,17.182368094450002,0.0,0.0,16.8925926,4.755333333333334,36.46666666666667,0,5.1764362714980825,70.66250196097344,7,4,1,0.9659258262890684,-0.2588190451025206,-0.433883739117558,-0.9009688679024191,0.4999999999999999,0.8660254037844387,0.0,0.0,0.0,10.5,21.6,98.0,80.0,-1.5,4.3575377,0.0,1.7,16.84999998,36.05,36.0,36.0,36.0,36.5,-12.137259266666668,-0.0296295999999998,0.7600000000000002,3.995333333333333,4.212,16.91296295,4.214666666666668,5.2398057,5.189152,5.182531,5.188867,5.231204,0,4.0,0,0.0,-1.38,44.6,55.4
2023-01-06 07:15:00,36.358545649998,0.0,0.0,16.84999998,4.212,36.5,0,5.1764362714980825,70.66250196097344,7,4,1,0.9659258262890684,-0.2588190451025206,-0.433883739117558,-0.9009688679024191,0.4999999999999999,0.8660254037844387,0.0,0.0,0.0,9.175,20.975,97.75,80.5,-1.35,4.399686,0.0,1.75,16.8333333,36.46666666666667,36.05,36.0,36.0,36.5,-12.63799998,-0.0425926200000006,-0.5433333333333339,4.755333333333334,3.964,16.888271593333336,4.3208888888888906,5.231204,5.2398057,5.189152,5.182531,5.225972,0,4.0,0,0.0,-1.39,45.2,54.8
2023-01-06 07:30:00,33.070343816666,0.0,0.0,16.8333333,3.964,36.5,0,5.1764362714980825,70.66250196097344,7,4,1,0.9659258262890684,-0.2588190451025206,-0.433883739117558,-0.9009688679024191,0.4999999999999999,0.8660254037844387,0.0,0.0,0.0,7.85,20.35,97.5,81.0,-1.2,4.4420652,0.0,1.7999999999999998,16.82777775,36.5,36.46666666666667,36.05,36.0,36.5,-12.8693333,-0.0166666800000001,-0.2479999999999997,4.212,3.744,16.858641960000003,4.310444444444445,5.225972,5.231204,5.2398057,5.189152,5.22423,0,4.0,0,0.0,-1.4,45.4,54.6
2023-01-06 07:45:00,17.669015527774,0.0,0.0,16.82777775,3.744,36.5,0,5.1764362714980825,70.66250196097344,7,4,1,0.9659258262890684,-0.2588190451025206,-0.433883739117558,-0.9009688679024191,0.4999999999999999,0.8660254037844387,0.0,0.0,0.0,6.525,19.725,97.25,81.5,-1.05,4.484674,0.0,1.85,16.781481499999998,36.5,36.5,36.46666666666667,36.05,36.5,-13.08377775,-0.0055555500000004,-0.2199999999999997,3.964,3.9486666666666665,16.83703701,3.9733333333333354,5.22423,5.225972,5.231204,5.2398057,5.2097254,0,4.0,0,0.0,-1.4,45.4,54.6
2023-01-06 08:00:00,24.46679912222,0.0,0.0,16.781481499999998,3.9486666666666665,36.5,0,5.1764362714980825,70.66250196097344,8,4,1,0.8660254037844387,-0.4999999999999998,-0.433883739117558,-0.9009688679024191,0.4999999999999999,0.8660254037844387,0.0,0.0,0.0,5.2,19.1,97.0,82.0,-0.9,4.5275164,0.0,1.9,16.77222224,36.5,36.5,36.5,36.46666666666667,36.5,-12.832814833333332,-0.046296250000001,0.2046666666666663,3.744,4.214,16.814197516666667,3.8855555555555568,5.2097254,5.22423,5.225972,5.231204,5.20683,0,4.0,0,0.0,-1.41,46.0,54.0
2023-01-06 08:15:00,21.408310316666,0.0,0.0,16.77222224,4.214,36.5,0,5.1764362714980825,70.66250196097344,8,4,1,0.8660254037844387,-0.4999999999999998,-0.433883739117558,-0.9009688679024191,0.4999999999999999,0.8660254037844387,0.5,0.125,0.0416666666666666,5.25,16.75,97.75,83.0,-0.775,4.5749664,0.0,1.875,16.725925906666667,36.5,36.5,36.5,36.5,36.5,-12.558222240000005,-0.0092592599999967,0.265333333333333,3.9486666666666665,4.098,16.793827163333333,3.96888888888889,5.20683,5.2097254,5.22423,5.225972,5.192368,0,4.0,0,0.0,-1.41,46.2,53.8
2023-01-06 08:30:00,195.031365083334,0.0,0.0,16.725925906666667,4.098,36.5,0,5.1764362714980825,70.66250196097344,8,4,1,0.8660254037844387,-0.4999999999999998,-0.433883739117558,-0.9009688679024191,0.4999999999999999,0.8660254037844387,1.0,0.375,0.125,5.300000000000001,14.4,98.5,84.0,-0.65,4.6222405,0.0,1.85,16.7222222,36.5,36.5,36.5,36.5,36.5,-12.627925906666668,-0.0462963333333341,-0.1159999999999996,4.214,4.091333333333333,16.75987654888889,4.08688888888889,5.192368,5.20683,5.2097254,5.22423,5.1912117,0,4.0,0,0.0,-1.42,46.7,53.3
2023-01-06 08:45:00,160.258589583326,0.0,0.0,16.7222222,4.091333333333333,36.5,0,5.1764362714980825,70.66250196097344,8,4,1,0.8660254037844387,-0.4999999999999998,-0.433883739117558,-0.9009688679024191,0.4999999999999999,0.8660254037844387,1.5,0.75,0.25,5.3500000000000005,12.05,99.25,85.0,-0.525,4.669341,0.0,1.825,16.70185185,36.5,36.5,36.5,36.5,36.68333333333333,-12.630888866666668,-0.0037037066666663,-0.0066666666666668,4.098,4.100666666666667,16.74012344888889,4.134444444444445,5.1912117,5.192368,5.20683,5.2097254,5.210904,0,4.0,0,0.0,-1.42,46.8,53.2
2023-01-06 09:00:00,25.72452656111,0.0,0.0,16.70185185,4.100666666666667,36.68333333333333,0,5.1764362714980825,70.66250196097344,9,4,1,0.7071067811865476,-0.7071067811865475,-0.433883739117558,-0.9009688679024191,0.4999999999999999,0.8660254037844387,2.0,1.25,0.4166666666666667,5.4,9.7,100.0,86.0,-0.4,4.7162666,0.0,1.8,16.70555555,36.5,36.5,36.5,36.5,37.0,-12.601185183333332,-0.0203703500000003,0.009333333333334,4.091333333333333,3.818,16.716666652222223,4.096666666666668,5.210904,5.1912117,5.192368,5.20683,5.257056,0,4.0,0,0.0,-1.43,47.0,53.0
2023-01-06 09:15:00,17.164868894446,0.0,0.0,16.70555555,3.818,37.0,0,5.1764362714980825,70.66250196097344,9,4,1,0.7071067811865476,-0.7071067811865475,-0.433883739117558,-0.9009688679024191,0.4999999999999999,0.8660254037844387,14.75,4.8125,1.6458333333333333,5.825,10.775,100.0,85.25,-0.3,4.738974,0.0,2.0,16.70185185,36.68333333333333,36.5,36.5,36.5,37.0,-12.88755555,0.003703699999999,-0.2826666666666675,4.100666666666667,3.6446666666666663,16.709876533333333,4.003333333333335,5.257056,5.210904,5.1912117,5.192368,5.255887,0,4.0,0,0.0,-1.43,46.9,53.1
2023-01-06 09:30:00,17.217366811112,0.0,0.0,16.70185185,3.6446666666666663,37.0,0,5.1764362714980825,70.66250196097344,9,4,1,0.7071067811865476,-0.7071067811865475,-0.433883739117558,-0.9009688679024191,0.4999999999999999,0.8660254037844387,27.5,11.4375,3.9375,6.25,11.85,100.0,84.5,-0.2,4.761314,0.0,2.2,16.64444446,37.0,36.68333333333333,36.5,36.5,37.0,-13.057185183333337,-0.003703699999999,-0.1733333333333329,3.818,3.528,16.703086416666668,3.854444444444445,5.255887,5.257056,5.210904,5.1912117,5.2377806,0,4.0,0,0.0,-1.43,46.9,53.1
2023-01-06 09:45:00,43.784915299996,0.0,0.0,16.64444446,3.528,37.0,0,5.1764362714980825,70.66250196097344,9,4,1,0.7071067811865476,-0.7071067811865475,-0.433883739117558,-0.9009688679024191,0.4999999999999999,0.8660254037844387,40.25,21.125,7.291666666666667,6.675,12.925,100.0,83.75,-0.0999999999999999,4.783274,0.0,2.4000000000000004,16.63333334,37.0,37.0,36.68333333333333,36.5,37.0,-13.11644446,-0.0574073900000016,-0.1166666666666667,3.6446666666666663,3.4066666666666667,16.68395062,3.663555555555556,5.2377806,5.255887,5.257056,5.210904,5.234283,0,4.0,0,0.0,-1.44,47.7,52.3
2023-01-06 10:00:00,26.366723088888,0.0,0.0,16.63333334,3.4066666666666667,37.0,0,5.1764362714980825,70.66250196097344,10,4,1,0.4999999999999999,-0.8660254037844387,-0.433883739117558,-0.9009688679024191,0.4999999999999999,0.8660254037844387,53.0,33.875,11.708333333333334,7.1,14.0,100.0,83.0,0.0,4.8048406,0.0,2.6,16.66111114,37.0,37.0,37.0,36.68333333333333,37.35,-13.226666673333334,-0.0111111199999989,-0.1213333333333333,3.528,3.302666666666666,16.65987655,3.526444444444446,5.234283,5.2377806,5.255887,5.257056,5.2926273,0,4.0,0,0.0,-1.44,47.8,52.2
2023-01-06 10:15:00,17.145147450002,0.0,0.0,16.66111114,3.302666666666666,37.35,0,5.1764362714980825,70.66250196097344,10,4,1,0.4999999999999999,-0.8660254037844387,-0.433883739117558,-0.9009688679024191,0.4999999999999999,0.8660254037844387,76.75,49.375,18.104166666666668,8.225,16.625,100.0,81.75,0.1,4.8371677,0.0,2.925,16.65555554333333,37.0,37.0,37.0,37.0,37.5,-13.358444473333332,0.027777799999999,-0.104,3.4066666666666667,3.2453333333333334,16.646296313333334,3.412444444444446,5.2926273,5.234283,5.2377806,5.255887,5.312109,0,4.0,0,0.0,-1.43,47.4,52.6
2023-01-06 10:30:00,91.686610255552,68.49253793889,68.5047597,16.65555554333333,3.2453333333333334,37.5,1,5.1764362714980825,70.66250196097344,10,4,1,0.4999999999999999,-0.8660254037844387,-0.433883739117558,-0.9009688679024191,0.4999999999999999,0.8660254037844387,100.5,67.625,26.479166666666668,9.35,19.25,100.0,80.5,0.2,4.8682837,0.0,3.25,16.888888859999998,37.35,37.0,37.0,37.0,37.15,-13.41022221,-0.0055555966666673,-0.0573333333333332,3.302666666666666,3.2920000000000003,16.650000007777777,3.3182222222222237,5.312109,5.2926273,5.234283,5.2377806,5.3368053,0,3.0,1,0.25,-1.44,47.4,52.6
2023-01-06 10:45:00,58.847090488888,36.027169955556,36.036336338886,16.888888859999998,3.2920000000000003,37.15,1,5.1764362714980825,70.66250196097344,10,4,1,0.4999999999999999,-0.8660254037844387,-0.433883739117558,-0.9009688679024191,0.4999999999999999,0.8660254037844387,124.25,88.625,36.833333333333336,10.475,21.875,100.0,79.25,0.3,4.898129,0.0,3.575,17.007407413333333,37.5,37.35,37.0,37.0,37.0,-13.596888859999998,0.2333333166666662,0.0466666666666668,3.2453333333333334,3.4246666666666665,16.73518518111111,3.280000000000001,5.3368053,5.312109,5.2926273,5.234283,5.353178,0,2.0,0,0.5,-1.38,44.5,55.5
2023-01-06 11:00:00,35.421916583326,0.0,0.0,17.007407413333333,3.4246666666666665,37.0,0,5.1764362714980825,70.66250196097344,11,4,1,0.258819045102521,-0.9659258262890682,-0.433883739117558,-0.9009688679024191,0.4999999999999999,0.8660254037844387,148.0,112.375,49.16666666666666,11.6,24.5,100.0,78.0,0.4,4.926642,0.0,3.9,16.89999999,37.15,37.5,37.35,37.0,37.05,-13.582740746666666,0.1185185533333346,0.1326666666666662,3.2920000000000003,3.622,16.850617272222223,3.320666666666668,5.353178,5.3368053,5.312109,5.2926273,5.3259907,1,2.0,1,0.5,-1.35,43.0,57.0
2023-01-06 11:15:00,28.263036083334,0.0,0.0,16.89999999,3.622,37.05,0,5.1764362714980825,70.66250196097344,11,4,1,0.258819045102521,-0.9659258262890682,-0.433883739117558,-0.9009688679024191,0.4999999999999999,0.8660254037844387,143.0,128.9375,61.04166666666666,11.375,25.125,100.0,78.5,0.45,4.9499626,0.0,3.875,16.816666656666666,37.0,37.15,37.5,37.35,37.46666666666667,-13.27799999,-0.1074074233333313,0.1973333333333333,3.4246666666666665,3.707333333333333,16.932098754444443,3.4462222222222234,5.3259907,5.353178,5.3368053,5.312109,5.359011,0,2.0,0,0.5,-1.38,44.4,55.6
2023-01-06 11:30:00,28.597467205554,0.0,0.0,16.816666656666666,3.707333333333333,37.46666666666667,0,5.1764362714980825,70.66250196097344,11,4,1,0.258819045102521,-0.9659258262890682,-0.433883739117558,-0.9009688679024191,0.4999999999999999,0.8660254037844387,138.0,138.3125,72.45833333333333,11.15,25.75,100.0,79.0,0.5,4.97319,0.0,3.85,16.77222224,37.05,37.0,37.15,37.5,37.5,-13.109333323333331,-0.0833333333333357,0.0853333333333332,3.622,3.594,16.908024686666668,3.584666666666668,5.359011,5.3259907,5.353178,5.3368053,5.349483,0,3.0,0,0.25,-1.4,45.3,54.7
2023-01-06 11:45:00,19.71143367778,0.0,0.0,16.77222224,3.594,37.5,0,5.1764362714980825,70.66250196097344,11,4,1,0.258819045102521,-0.9659258262890682,-0.433883739117558,-0.9009688679024191,0.4999999999999999,0.8660254037844387,133.0,140.5,83.41666666666667,10.925,26.375,100.0,79.5,0.55,4.9963245,0.0,3.825,16.725925906666667,37.46666666666667,37.05,37.0,37.15,37.5,-13.178222240000002,-0.0444444166666642,-0.1133333333333332,3.707333333333333,3.5973333333333333,16.829629628888892,3.641111111111112,5.349483,5.359011,5.3259907,5.353178,5.3346243,0,4.0,0,0.0,-1.41,45.9,54.1
2023-01-06 12:00:00,26.374778366664,0.0,0.0,16.725925906666667,3.5973333333333333,37.5,0,5.1764362714980825,70.66250196097344,12,4,1,1.2246467991473532e-16,-1.0,-0.433883739117558,-0.9009688679024191,0.4999999999999999,0.8660254037844387,128.0,135.5,93.91666666666669,10.7,27.0,100.0,80.0,0.6,5.019367,0.0,3.8,16.68333335,37.5,37.46666666666667,37.05,37.0,37.5,-13.128592573333334,-0.0462963333333341,0.0033333333333334,3.594,3.6866666666666665,16.771604934444447,3.6328888888888895,5.3346243,5.349483,5.359011,5.3259907,5.3209867,0,4.0,0,0.0,-1.42,46.5,53.5
2023-01-06 12:15:00,46.003993249994,0.0,0.0,16.68333335,3.6866666666666665,37.5,0,5.1764362714980825,70.66250196097344,12,4,1,1.2246467991473532e-16,-1.0,-0.433883739117558,-0.9009688679024191,0.4999999999999999,0.8660254037844387,115.25,128.5625,102.29166666666669,10.65,26.65,100.0,80.25,0.55,4.993199,0.025,3.675,16.707407436666667,37.5,37.5,37.46666666666667,37.05,37.5,-12.996666683333334,-0.0425925566666656,0.0893333333333332,3.5973333333333333,3.744,16.727160498888892,3.626000000000001,5.3209867,5.3346243,5.349483,5.359011,5.3286915,0,4.0,0,0.0,-1.43,47.0,53.0
2023-01-06 12:30:00,154.538262755552,135.914840972222,135.934562433332,16.707407436666667,3.744,37.5,2,5.1764362714980825,70.66250196097344,12,4,1,1.2246467991473532e-16,-1.0,-0.433883739117558,-0.9009688679024191,0.4999999999999999,0.8660254037844387,102.5,119.6875,108.54166666666669,10.6,26.3,100.0,80.5,0.5,4.9670763,0.05,3.55,17.2888889,37.5,37.5,37.5,37.46666666666667,37.0,-12.963407436666667,0.0240740866666655,0.0573333333333336,3.6866666666666665,3.974,16.705555564444445,3.6760000000000015,5.3286915,5.3209867,5.3346243,5.349483,5.4441833,0,3.0,1,0.25,-1.42,46.7,53.3
2023-01-06 12:45:00,322.474044972222,306.697453844444,306.733841288888,17.2888889,3.974,37.0,2,5.1764362714980825,70.66250196097344,12,4,1,1.2246467991473532e-16,-1.0,-0.433883739117558,-0.9009688679024191,0.4999999999999999,0.8660254037844387,89.75,108.875,112.66666666666669,10.55,25.950000000000003,100.0,80.75,0.45,4.940998,0.075,3.425,18.37037036666667,37.5,37.5,37.5,37.5,35.416666666666664,-13.3148889,0.5814814633333327,0.2299999999999995,3.744,4.153333333333333,16.893209895555557,3.801555555555557,5.4441833,5.3286915,5.3209867,5.3346243,5.5579653,0,2.0,0,0.5,-1.29,39.5,60.5
2023-01-06 13:00:00,319.41722263334,296.66174417222203,296.698409355556,18.37037036666667,4.153333333333333,35.416666666666664,2,5.1764362714980825,70.66250196097344,13,4,1,-0.2588190451025208,-0.9659258262890684,-0.433883739117558,-0.9009688679024191,0.4999999999999999,0.8660254037844387,77.0,96.125,114.66666666666669,10.5,25.6,100.0,81.0,0.4,4.9149685,0.1,3.3,19.11666666,37.0,37.5,37.5,37.5,34.25,-14.217037033333336,1.08148146666667,0.1793333333333335,3.974,4.241333333333333,17.45555556777778,3.957111111111112,5.5579653,5.4441833,5.3286915,5.3209867,5.6174107,0,1.0,0,0.75,-1.04,27.7,72.3
2023-01-06 13:15:00,298.79638108333,267.823175544444,267.85539643889,19.11666666,4.241333333333333,34.25,2,5.1764362714980825,70.66250196097344,13,4,1,-0.2588190451025208,-0.9659258262890684,-0.433883739117558,-0.9009688679024191,0.4999999999999999,0.8660254037844387,76.0,86.3125,114.60416666666669,10.5,25.6,100.0,82.0,0.475,4.9506903,0.125,3.225,19.562962953333333,35.416666666666664,37.0,37.5,37.5,33.53333333333333,-14.875333326666668,0.7462962933333301,0.088,4.153333333333333,4.232666666666666,18.25864197555556,4.12288888888889,5.6174107,5.5579653,5.4441833,5.3286915,5.646263,0,0.0,0,1.0,-0.87,21.0,79.0
2023-01-06 13:30:00,277.83888616666,247.251498427778,247.28288612222,19.562962953333333,4.232666666666666,33.53333333333333,2,5.1764362714980825,70.66250196097344,13,4,1,-0.2588190451025208,-0.9659258262890684,-0.433883739117558,-0.9009688679024191,0.4999999999999999,0.8660254037844387,75.0,79.4375,112.47916666666669,10.5,25.6,100.0,83.0,0.55,4.9859157,0.15,3.15,19.855555560000003,34.25,35.416666666666664,37.0,37.5,33.15,-15.330296286666666,0.446296293333333,-0.0086666666666674,4.241333333333333,4.33,19.01666666,4.209111111111112,5.646263,5.6174107,5.5579653,5.4441833,5.6784,0,0.0,0,1.0,-0.77,17.5,82.5
2023-01-06 13:45:00,279.287717011108,260.758735883334,260.791234616666,19.855555560000003,4.33,33.15,2,5.1764362714980825,70.66250196097344,13,4,1,-0.2588190451025208,-0.9659258262890684,-0.433883739117558,-0.9009688679024191,0.4999999999999999,0.8660254037844387,74.0,75.5,108.29166666666669,10.5,25.6,100.0,84.0,0.625,5.020646,0.175,3.075,20.105555573333334,33.53333333333333,34.25,35.416666666666664,37.0,32.81666666666667,-15.525555560000004,0.2925926066666697,0.0973333333333341,4.232666666666666,4.376,19.511728391111117,4.268000000000002,5.6784,5.646263,5.6174107,5.5579653,5.7042127,0,0.0,0,1.0,-0.71,15.5,84.5
2023-01-06 14:00:00,273.213793477768,248.325344372222,248.355620994442,20.105555573333334,4.376,32.81666666666667,2,5.1764362714980825,70.66250196097344,14,4,1,-0.4999999999999997,-0.8660254037844388,-0.433883739117558,-0.9009688679024191,0.4999999999999999,0.8660254037844387,73.0,74.5,102.04166666666669,10.5,25.6,100.0,85.0,0.7,5.054888,0.2,3.0,20.17777776,33.15,33.53333333333333,34.25,35.416666666666664,32.5,-15.729555573333332,0.2500000133333309,0.0460000000000002,4.33,4.416,19.84135802888889,4.31288888888889,5.7042127,5.6784,5.646263,5.6174107,5.6730847,0,0.0,0,1.0,-0.65,13.9,86.1
2023-01-06 14:15:00,129.84341722222,114.082658727778,114.100158044444,20.17777776,4.416,32.5,2,5.1764362714980825,70.66250196097344,14,4,1,-0.4999999999999997,-0.8660254037844388,-0.433883739117558,-0.9009688679024191,0.4999999999999999,0.8660254037844387,71.25,73.3125,96.0625,10.4,25.05,100.0,85.0,0.725,5.063385,0.175,3.025,19.76666669,32.81666666666667,33.15,33.53333333333333,34.25,32.68333333333333,-15.76177776,0.0722221866666679,0.04,4.376,4.402,20.046296297777783,4.374000000000001,5.6730847,5.7042127,5.6784,5.646263,5.569354,0,0.0,0,1.0,-0.64,13.5,86.5
2023-01-06 14:30:00,298.473338405554,267.897061488888,267.930115716666,19.76666669,4.402,32.68333333333333,2,5.1764362714980825,70.66250196097344,14,4,1,-0.4999999999999997,-0.8660254037844388,-0.433883739117558,-0.9009688679024191,0.4999999999999999,0.8660254037844387,69.5,71.9375,90.35416666666669,10.3,24.5,100.0,85.0,0.75,5.071894,0.15,3.05,19.9666667,32.5,32.81666666666667,33.15,33.53333333333333,32.6,-15.36466669,-0.4111110700000004,-0.0140000000000002,4.416,4.303333333333333,20.016666674444448,4.3980000000000015,5.569354,5.6730847,5.7042127,5.6784,5.620663,0,0.0,0,1.0,-0.73,16.2,83.8
2023-01-06 14:45:00,324.634791888888,285.656628827778,285.690516372222,19.9666667,4.303333333333333,32.6,2,5.1764362714980825,70.66250196097344,14,4,1,-0.4999999999999997,-0.8660254037844388,-0.433883739117558,-0.9009688679024191,0.4999999999999999,0.8660254037844387,67.75,70.375,84.91666666666667,10.2,23.95,100.0,85.0,0.775,5.080416,0.125,3.075,20.416666646666663,32.68333333333333,32.5,32.81666666666667,33.15,31.85,-15.663333366666668,0.2000000100000001,-0.0986666666666673,4.402,4.2733333333333325,19.970370383333336,4.37377777777778,5.620663,5.569354,5.6730847,5.7042127,5.6377587,0,0.0,0,1.0,-0.68,14.8,85.2
2023-01-06 15:00:00,304.582816266664,288.690674144444,288.725672727778,20.416666646666663,4.2733333333333325,31.85,2,5.1764362714980825,70.66250196097344,15,4,1,-0.7071067811865471,-0.7071067811865479,-0.433883739117558,-0.9009688679024191,0.4999999999999999,0.8660254037844387,66.0,68.625,79.75,10.1,23.4,100.0,85.0,0.8,5.088951,0.1,3.1,20.7722222,32.6,32.68333333333333,32.5,32.81666666666667,31.15,-16.143333313333333,0.4499999466666651,-0.0300000000000002,4.303333333333333,4.696,20.050000012222224,4.326222222222223,5.6377587,5.620663,5.569354,5.6730847,5.629313,0,0.0,0,1.0,-0.59,12.2,87.8
2023-01-06 15:15:00,249.696956272218,233.938142083334,233.969529777776,20.7722222,4.696,31.15,2,5.1764362714980825,70.66250196097344,15,4,1,-0.7071067811865471,-0.7071067811865479,-0.433883739117558,-0.9009688679024191,0.4999999999999999,0.8660254037844387,65.25,67.125,75.58333333333333,9.575,23.3,99.25,84.0,0.7000000000000001,5.0544586,0.075,3.175,20.90555554333333,31.85,32.6,32.68333333333333,32.5,31.0,-16.076222199999997,0.3555555533333319,0.4226666666666672,4.2733333333333325,4.8340000000000005,20.385185182222223,4.424222222222223,5.629313,5.6377587,5.620663,5.569354,5.6458287,0,0.0,0,1.0,-0.51,10.4,89.6
2023-01-06 15:30:00,273.450728416658,245.292965672222,245.323242277776,20.90555554333333,4.8340000000000005,31.0,2,5.1764362714980825,70.66250196097344,15,4,1,-0.7071067811865471,-0.7071067811865479,-0.433883739117558,-0.9009688679024191,0.4999999999999999,0.8660254037844387,64.5,65.875,72.41666666666667,9.05,23.2,98.5,83.0,0.6000000000000001,5.0194726,0.05,3.25,21.02222224,31.15,31.85,32.6,32.68333333333333,30.65,-16.071555543333332,0.1333333433333337,0.1380000000000008,4.696,4.752,20.698148130000003,4.601111111111112,5.6458287,5.629313,5.6377587,5.620663,5.6200633,0,0.0,0,1.0,-0.48,9.7,90.3
2023-01-06 15:45:00,283.147284788888,231.822671155556,231.85100342222,21.02222224,4.752,30.65,2,5.1764362714980825,70.66250196097344,15,4,1,-0.7071067811865471,-0.7071067811865479,-0.433883739117558,-0.9009688679024191,0.4999999999999999,0.8660254037844387,63.75,64.875,70.25,8.525,23.1,97.75,82.0,0.5,4.983989,0.0249999999999999,3.325,21.07592595,31.0,31.15,31.85,32.6,30.316666666666663,-16.270222240000003,0.1166666966666696,-0.0820000000000007,4.8340000000000005,4.626,20.89999999444445,4.760666666666668,5.6200633,5.6458287,5.629313,5.6377587,5.5763083,0,0.0,0,1.0,-0.45,9.3,90.7
2023-01-06 16:00:00,547.130336144444,225.1418273,225.171270588888,21.07592595,4.626,30.316666666666663,2,5.1764362714980825,70.66250196097344,16,4,1,-0.8660254037844385,-0.5000000000000004,-0.433883739117558,-0.9009688679024191,0.4999999999999999,0.8660254037844387,63.0,64.125,69.08333333333333,8.0,23.0,97.0,81.0,0.4,4.9480057,0.0,3.4,21.11666666,30.65,31.0,31.15,31.85,30.0,-16.44992595,0.0537037100000006,-0.1259999999999994,4.752,4.606666666666667,21.00123457777778,4.737333333333335,5.5763083,5.6200633,5.6458287,5.629313,5.531129,0,0.0,0,1.0,-0.44,9.1,90.9
2023-01-06 16:15:00,271.85107010555,249.410023216666,249.441133155552,21.11666666,4.606666666666667,30.0,2,5.1764362714980825,70.66250196097344,16,4,1,-0.8660254037844385,-0.5000000000000004,-0.433883739117558,-0.9009688679024191,0.4999999999999999,0.8660254037844387,62.75,63.5,67.97916666666667,7.05,21.575,97.75,80.0,0.3,4.9033055,0.0,3.45,21.18333334333333,30.316666666666663,30.65,31.0,31.15,30.0,-16.50999999333333,0.0407407099999979,-0.0193333333333329,4.626,4.504,21.071604950000005,4.661555555555557,5.531129,5.5763083,5.6200633,5.6458287,5.552571,0,0.0,0,1.0,-0.43,8.9,91.1
2023-01-06 16:30:00,233.837312933328,212.601495583334,212.628994549998,21.18333334333333,4.504,30.0,2,5.1764362714980825,70.66250196097344,16,4,1,-0.8660254037844385,-0.5000000000000004,-0.433883739117558,-0.9009688679024191,0.4999999999999999,0.8660254037844387,62.5,63.0,66.9375,6.1,20.15,98.5,79.0,0.2,4.8582444,0.0,3.5,21.02222222,30.0,30.316666666666663,30.65,31.0,30.1,-16.679333343333333,0.0666666833333344,-0.1026666666666669,4.606666666666667,4.433333333333334,21.125308651111112,4.578888888888891,5.552571,5.531129,5.5763083,5.6200633,5.519214,0,0.0,0,1.0,-0.42,8.6,91.4
2023-01-06 16:45:00,134.940713372218,111.001670872222,111.017781411108,21.02222222,4.433333333333334,30.1,2,5.1764362714980825,70.66250196097344,16,4,1,-0.8660254037844385,-0.5000000000000004,-0.433883739117558,-0.9009688679024191,0.4999999999999999,0.8660254037844387,62.25,62.625,65.95833333333333,5.15,18.725,99.25,78.0,0.0999999999999999,4.812819,0.0,3.55,20.56481484,30.0,30.0,30.316666666666663,30.65,30.933333333333334,-16.588888886666666,-0.1611111233333346,-0.0706666666666668,4.504,4.373333333333333,21.10740740777778,4.514666666666668,5.519214,5.552571,5.531129,5.5763083,5.523023,0,0.0,0,1.0,-0.46,9.3,90.7
2023-01-06 17:00:00,251.241338894442,216.0613572,216.086633988888,20.56481484,4.373333333333333,30.933333333333334,2,5.1764362714980825,70.66250196097344,17,4,1,-0.9659258262890684,-0.2588190451025206,-0.433883739117558,-0.9009688679024191,0.4999999999999999,0.8660254037844387,62.0,62.375,65.04166666666667,4.2,17.3,100.0,77.0,0.0,4.767027,0.0,3.6,20.71666668,30.1,30.0,30.0,30.316666666666663,30.65,-16.19148150666667,-0.4574073799999993,-0.0600000000000005,4.433333333333334,4.3340000000000005,20.92345680111111,4.43688888888889,5.523023,5.519214,5.552571,5.531129,5.5210676,0,0.0,0,1.0,-0.56,11.5,88.5
2023-01-06 17:15:00,294.322115611108,255.077852011112,255.108128649998,20.71666668,4.3340000000000005,30.65,2,5.1764362714980825,70.66250196097344,17,4,1,-0.9659258262890684,-0.2588190451025206,-0.433883739117558,-0.9009688679024191,0.4999999999999999,0.8660254037844387,49.25,59.0,63.208333333333336,4.225,15.125,99.25,78.25,0.025,4.7880263,0.025,3.425,21.04629631,30.933333333333334,30.1,30.0,30.0,30.316666666666663,-16.38266668,0.151851839999999,-0.0393333333333325,4.373333333333333,4.323333333333333,20.767901246666668,4.380222222222224,5.5210676,5.523023,5.519214,5.552571,5.566721,0,0.0,0,1.0,-0.52,10.7,89.3
2023-01-06 17:30:00,343.001557288884,259.462954416666,259.491564438886,21.04629631,4.323333333333333,30.316666666666663,2,5.1764362714980825,70.66250196097344,17,4,1,-0.9659258262890684,-0.2588190451025206,-0.433883739117558,-0.9009688679024191,0.4999999999999999,0.8660254037844387,36.5,52.5,60.458333333333336,4.25,12.95,98.5,79.5,0.05,4.807809,0.05,3.25,21.28888888,30.65,30.933333333333334,30.1,30.0,30.0,-16.722962976666665,0.3296296299999994,-0.0106666666666672,4.3340000000000005,4.3133333333333335,20.77592594333333,4.343555555555557,5.566721,5.5210676,5.523023,5.519214,5.5866656,0,0.0,0,1.0,-0.45,9.2,90.8
2023-01-06 17:45:00,352.361738316666,257.593862516666,257.621083694442,21.28888888,4.3133333333333335,30.0,2,5.1764362714980825,70.66250196097344,17,4,1,-0.9659258262890684,-0.2588190451025206,-0.433883739117558,-0.9009688679024191,0.4999999999999999,0.8660254037844387,23.75,42.875,56.79166666666666,4.275,10.775,97.75,80.75,0.075,4.826395,0.075,3.075,21.34444445666667,30.316666666666663,30.65,30.933333333333334,30.1,29.816666666666663,-16.975555546666666,0.2425925699999993,-0.0099999999999997,4.323333333333333,4.258666666666667,21.01728395666667,4.323555555555557,5.5866656,5.566721,5.5210676,5.523023,5.5704308,0,0.0,0,1.0,-0.39,8.2,91.8
2023-01-06 18:00:00,183.130730077776,139.648580483334,139.664968744444,21.34444445666667,4.258666666666667,29.816666666666663,2,5.1764362714980825,70.66250196097344,18,4,1,-1.0,-1.8369701987210294e-16,-0.433883739117558,-0.9009688679024191,0.4999999999999999,0.8660254037844387,11.0,30.125,52.208333333333336,4.3,8.6,97.0,82.0,0.1,4.8438106,0.1,2.9,21.00555557,30.0,30.316666666666663,30.65,30.933333333333334,29.9,-17.08577779,0.0555555766666699,-0.0546666666666668,4.3133333333333335,4.213333333333333,21.226543215555555,4.298444444444446,5.5704308,5.5866656,5.566721,5.5210676,5.4772344,0,0.0,0,1.0,-0.38,8.0,92.0
2023-01-06 18:15:00,243.874689022224,209.2941279,209.319960216666,21.00555557,4.213333333333333,29.9,2,5.1764362714980825,70.66250196097344,18,4,1,-1.0,-1.8369701987210294e-16,-0.433883739117558,-0.9009688679024191,0.4999999999999999,0.8660254037844387,8.25,19.875,47.458333333333336,5.275,9.95,84.25,82.5,0.05,4.8325324,0.075,2.775,20.97037037333333,29.816666666666663,30.0,30.316666666666663,30.65,30.28333333333333,-16.792222236666667,-0.3388888866666661,-0.0453333333333336,4.258666666666667,4.15,21.21296296888889,4.2617777777777786,5.4772344,5.5704308,5.5866656,5.566721,5.5361257,0,0.0,0,1.0,-0.46,9.4,90.6
2023-01-06 18:30:00,302.474011788884,269.55810616111,269.590327155552,20.97037037333333,4.15,30.28333333333333,2,5.1764362714980825,70.66250196097344,18,4,1,-1.0,-1.8369701987210294e-16,-0.433883739117558,-0.9009688679024191,0.4999999999999999,0.8660254037844387,5.5,12.125,42.54166666666666,6.25,11.3,71.5,83.0,0.0,4.821061,0.05,2.65,21.32222223,29.9,29.816666666666663,30.0,30.316666666666663,29.65,-16.820370373333333,-0.0351851966666707,-0.0633333333333325,4.213333333333333,4.114666666666667,21.10679013333333,4.207333333333335,5.5361257,5.4772344,5.5704308,5.5866656,5.532165,0,0.0,0,1.0,-0.47,9.5,90.5
2023-01-06 18:45:00,325.300320849998,282.052328572222,282.085105077776,21.32222223,4.114666666666667,29.65,2,5.1764362714980825,70.66250196097344,18,4,1,-1.0,-1.8369701987210294e-16,-0.433883739117558,-0.9009688679024191,0.4999999999999999,0.8660254037844387,2.75,6.875,37.458333333333336,7.225,12.65,58.75,83.5,-0.05,4.8093996,0.0249999999999999,2.525,21.585185223333333,30.28333333333333,29.9,29.816666666666663,30.0,29.316666666666663,-17.207555563333333,0.3518518566666699,-0.0353333333333329,4.15,4.0953333333333335,21.09938272444445,4.159333333333335,5.532165,5.5361257,5.4772344,5.5704308,5.553888,0,0.0,0,1.0,-0.39,8.1,91.9
2023-01-06 19:00:00,314.121879022224,281.447630527778,281.479851472222,21.585185223333333,4.0953333333333335,29.316666666666663,2,5.1764362714980825,70.66250196097344,19,4,1,-0.9659258262890684,0.2588190451025203,-0.433883739117558,-0.9009688679024191,0.4999999999999999,0.8660254037844387,0.0,4.125,32.208333333333336,8.2,14.0,46.0,84.0,-0.1,4.7975526,0.0,2.4,21.78888888,29.65,30.28333333333333,29.9,29.816666666666663,29.0,-17.48985189,0.2629629933333319,-0.0193333333333338,4.114666666666667,4.036,21.29259260888889,4.120000000000002,5.553888,5.532165,5.5361257,5.4772344,5.5589547,0,0.0,0,1.0,-0.33,7.3,92.7
2023-01-06 19:15:00,292.589407188884,269.059514972222,269.093124811108,21.78888888,4.036,29.0,2,5.1764362714980825,70.66250196097344,19,4,1,-0.9659258262890684,0.2588190451025203,-0.433883739117558,-0.9009688679024191,0.4999999999999999,0.8660254037844387,0.0,2.0625,26.979166666666668,8.625,14.825,59.5,83.0,-0.325,4.7164826,0.0,2.325,21.92592593,29.316666666666663,29.65,30.28333333333333,29.9,28.816666666666663,-17.75288888,0.203703656666665,-0.0593333333333339,4.0953333333333335,3.935333333333333,21.56543211111111,4.082000000000002,5.5589547,5.553888,5.532165,5.5361257,5.567673,0,0.0,0,1.0,-0.28,6.7,93.3
2023-01-06 19:30:00,307.465756344448,282.56564133889,282.599528916666,21.92592593,3.935333333333333,28.816666666666663,2,5.1764362714980825,70.66250196097344,19,4,1,-0.9659258262890684,0.2588190451025203,-0.433883739117558,-0.9009688679024191,0.4999999999999999,0.8660254037844387,0.0,0.6875,21.77083333333333,9.05,15.65,73.0,82.0,-0.55,4.636096,0.0,2.25,22.08333333,29.0,29.316666666666663,29.65,30.28333333333333,28.45,-17.99059259666667,0.1370370500000035,-0.1006666666666662,4.036,3.830666666666666,21.766666677777778,4.022222222222223,5.567673,5.5589547,5.553888,5.532165,5.546936,0,0.0,0,1.0,-0.25,6.3,93.7
2023-01-06 19:45:00,301.723486227774,282.753133872222,282.787021416666,22.08333333,3.830666666666666,28.45,2,5.1764362714980825,70.66250196097344,19,4,1,-0.9659258262890684,0.2588190451025203,-0.433883739117558,-0.9009688679024191,0.4999999999999999,0.8660254037844387,0.0,0.0,16.583333333333332,9.475,16.475,86.5,81.0,-0.7749999999999999,4.5563874,0.0,2.175,22.18333334333333,28.816666666666663,29.0,29.316666666666663,29.65,28.03333333333333,-18.252666663333336,0.1574074000000003,-0.1046666666666666,3.935333333333333,3.793333333333333,21.93271604666667,3.934000000000001,5.546936,5.567673,5.5589547,5.553888,5.4972672,0,0.0,0,1.0,-0.22,6.0,94.0
2023-01-06 20:00:00,304.38921277778,276.992253166668,277.025029655556,22.18333334333333,3.793333333333333,28.03333333333333,2,5.1764362714980825,70.66250196097344,20,4,1,-0.8660254037844386,0.5000000000000001,-0.433883739117558,-0.9009688679024191,0.4999999999999999,0.8660254037844387,0.0,0.0,11.416666666666666,9.9,17.3,100.0,80.0,-1.0,4.477352,0.0,2.1,22.26666667,28.45,28.816666666666663,29.0,29.316666666666663,28.0,-18.39000001,0.1000000133333323,-0.0373333333333332,3.830666666666666,3.638,22.06419753444445,3.853111111111112,5.4972672,5.546936,5.567673,5.5589547,5.5171256,0,0.0,0,1.0,-0.2,5.8,94.2
2023-01-06 20:15:00,316.835937188888,278.08304288333403,278.11443057777603,22.26666667,3.638,28.0,2,5.1764362714980825,70.66250196097344,20,4,1,-0.8660254037844386,0.5000000000000001,-0.433883739117558,-0.9009688679024191,0.4999999999999999,0.8660254037844387,0.0,0.0,7.3125,10.375,19.0,100.0,80.75,-0.85,4.5269814,0.05,2.125,22.3296296,28.03333333333333,28.45,28.816666666666663,29.0,28.0,-18.62866667,0.0833333266666649,-0.1553333333333335,3.793333333333333,3.544,22.177777781111114,3.754000000000001,5.5171256,5.4972672,5.546936,5.567673,5.5371423,0,0.0,0,1.0,-0.18,5.7,94.3
2023-01-06 20:30:00,263.09447588333,235.710571216666,235.738903449998,22.3296296,3.544,28.0,2,5.1764362714980825,70.66250196097344,20,4,1,-0.8660254037844386,0.5000000000000001,-0.433883739117558,-0.9009688679024191,0.4999999999999999,0.8660254037844387,0.0,0.0,4.270833333333333,10.85,20.700000000000003,100.0,81.5,-0.7,4.576765,0.1,2.1500000000000004,22.12777776,28.0,28.03333333333333,28.45,28.816666666666663,28.05,-18.7856296,0.0629629299999976,-0.0939999999999998,3.638,3.472,22.25987653777777,3.6584444444444455,5.5371423,5.5171256,5.4972672,5.546936,5.4829664,0,0.0,0,1.0,-0.16,5.6,94.4
2023-01-06 20:45:00,117.063650699996,101.269004627778,101.28400406111,22.12777776,3.472,28.05,2,5.1764362714980825,70.66250196097344,20,4,1,-0.8660254037844386,0.5000000000000001,-0.433883739117558,-0.9009688679024191,0.4999999999999999,0.8660254037844387,0.0,0.0,2.2916666666666665,11.325,22.4,100.0,82.25,-0.55,4.6267023,0.15,2.1750000000000003,21.54259257333333,28.0,28.0,28.03333333333333,28.45,28.65,-18.65577776,-0.2018518399999962,-0.072,3.544,3.44,22.24135801,3.5513333333333343,5.4829664,5.5371423,5.5171256,5.4972672,5.4142346,0,0.0,0,1.0,-0.21,5.9,94.1
2023-01-06 21:00:00,193.065332644444,172.279219655556,172.300329944444,21.54259257333333,3.44,28.65,2,5.1764362714980825,70.66250196097344,21,4,1,-0.7071067811865477,0.7071067811865474,-0.433883739117558,-0.9009688679024191,0.4999999999999999,0.8660254037844387,0.0,0.0,1.375,11.8,24.1,100.0,83.0,-0.4,4.676793,0.2,2.2,21.46666666,28.05,28.0,28.0,28.03333333333333,28.65,-18.10259257333333,-0.5851851866666706,-0.032,3.472,3.44,21.999999977777776,3.4853333333333345,5.4142346,5.4829664,5.5371423,5.5171256,5.3904953,0,0.0,0,1.0,-0.34,7.4,92.6
2023-01-06 21:15:00,262.015907894442,230.91437413889,230.9424286,21.46666666,3.44,28.65,2,5.1764362714980825,70.66250196097344,21,4,1,-0.7071067811865477,0.7071067811865474,-0.433883739117558,-0.9009688679024191,0.4999999999999999,0.8660254037844387,0.0,0.0,0.6875,12.35,25.1,100.0,83.25,-0.4,4.6829534,0.15,2.1750000000000003,21.716666673333336,28.65,28.05,28.0,28.0,28.5,-18.02666666,-0.0759259133333323,0.0,3.44,3.46,21.712345664444445,3.450666666666668,5.3904953,5.4142346,5.4829664,5.5371423,5.440368,0,0.0,0,1.0,-0.36,7.7,92.3
2023-01-06 21:30:00,294.406834555548,262.575607672222,262.60782868333,21.716666673333336,3.46,28.5,2,5.1764362714980825,70.66250196097344,21,4,1,-0.7071067811865477,0.7071067811865474,-0.433883739117558,-0.9009688679024191,0.4999999999999999,0.8660254037844387,0.0,0.0,0.2291666666666666,12.9,26.1,100.0,83.5,-0.4,4.6890783,0.1,2.1500000000000004,21.92222219,28.65,28.65,28.05,28.0,28.15,-18.25666667333333,0.250000013333338,0.02,3.44,3.444666666666667,21.57530863555556,3.446666666666668,5.440368,5.3904953,5.4142346,5.4829664,5.4377036,0,0.0,0,1.0,-0.3,6.9,93.1
2023-01-06 21:45:00,276.199229438886,250.394983816666,250.424704927774,21.92222219,3.444666666666667,28.15,2,5.1764362714980825,70.66250196097344,21,4,1,-0.7071067811865477,0.7071067811865474,-0.433883739117558,-0.9009688679024191,0.4999999999999999,0.8660254037844387,0.0,0.0,0.0,13.45,27.1,100.0,83.75,-0.4,4.6951666,0.0499999999999999,2.125,22.088888923333336,28.5,28.65,28.65,28.05,28.0,-18.477555523333333,0.2055555166666636,-0.0153333333333329,3.46,3.508,21.70185184111111,3.448222222222224,5.4377036,5.440368,5.3904953,5.4142346,5.460946,0,0.0,0,1.0,-0.26,6.4,93.6
2023-01-06 22:00:00,275.349818949998,249.476131688888,249.505852766664,22.088888923333336,3.508,28.0,2,5.1764362714980825,70.66250196097344,22,4,1,-0.5000000000000004,0.8660254037844384,-0.433883739117558,-0.9009688679024191,0.4999999999999999,0.8660254037844387,0.0,0.0,0.0,14.0,28.1,100.0,84.0,-0.4,4.7012196,0.0,2.1,22.21111111,28.15,28.5,28.65,28.65,27.95,-18.580888923333337,0.1666667333333364,0.063333333333333,3.444666666666667,3.4166666666666665,21.909259262222225,3.47088888888889,5.460946,5.4377036,5.440368,5.3904953,5.489696,0,0.0,0,1.0,-0.22,6.0,94.0
2023-01-06 22:15:00,280.207958049994,264.297483244444,264.32887092222,22.21111111,3.4166666666666665,27.95,2,5.1764362714980825,70.66250196097344,22,4,1,-0.5000000000000004,0.8660254037844384,-0.433883739117558,-0.9009688679024191,0.4999999999999999,0.8660254037844387,0.0,0.0,0.0,13.775,28.275,100.0,83.5,-0.525,4.6495614,0.0,2.025,22.31481483,28.0,28.15,28.5,28.65,27.53333333333333,-18.794444443333333,0.122222186666665,-0.0913333333333334,3.508,3.2966666666666664,22.07407407444445,3.456444444444445,5.489696,5.460946,5.4377036,5.440368,5.440219,0,0.0,0,1.0,-0.19,5.8,94.2
2023-01-06 22:30:00,289.503975027774,269.44477736111,269.47727611110804,22.31481483,3.2966666666666664,27.53333333333333,2,5.1764362714980825,70.66250196097344,22,4,1,-0.5000000000000004,0.8660254037844384,-0.433883739117558,-0.9009688679024191,0.4999999999999999,0.8660254037844387,0.0,0.0,0.0,13.55,28.450000000000003,100.0,83.0,-0.65,4.59829,0.0,1.95,22.42777775,27.95,28.0,28.15,28.5,27.5,-19.018148163333333,0.1037037199999986,-0.1200000000000001,3.4166666666666665,3.322,22.20493828777778,3.4071111111111123,5.440219,5.489696,5.460946,5.4377036,5.4690323,0,0.0,0,1.0,-0.17,5.6,94.4
2023-01-06 22:45:00,307.655471272214,263.289190244444,263.320300199996,22.42777775,3.322,27.5,2,5.1764362714980825,70.66250196097344,22,4,1,-0.5000000000000004,0.8660254037844384,-0.433883739117558,-0.9009688679024191,0.4999999999999999,0.8660254037844387,0.0,0.0,0.0,13.325,28.625,100.0,82.5,-0.775,4.5474067,0.0,1.875,22.4444444,27.53333333333333,27.95,28.0,28.15,27.5,-19.10577775,0.112962920000001,0.0253333333333336,3.2966666666666664,3.3,22.31790123,3.3451111111111125,5.4690323,5.440219,5.489696,5.460946,5.474272,0,0.0,0,1.0,-0.14,5.4,94.6
2023-01-06 23:00:00,194.23473046666,167.55801964444402,167.580796533332,22.4444444,3.3,27.5,2,5.1764362714980825,70.66250196097344,23,4,1,-0.2588190451025215,0.965925826289068,-0.433883739117558,-0.9009688679024191,0.4999999999999999,0.8660254037844387,0.0,0.0,0.0,13.1,28.8,100.0,82.0,-0.9,4.4969053,0.0,1.8,22.16111109,27.5,27.53333333333333,27.95,28.0,27.55,-19.1444444,0.0166666499999976,-0.0220000000000002,3.322,3.255333333333333,22.39567899333333,3.3062222222222237,5.474272,5.4690323,5.440219,5.489696,5.3955793,0,0.0,0,1.0,-0.14,5.4,94.6
2023-01-06 23:15:00,129.902303883326,114.046826844444,114.062104033332,22.16111109,3.255333333333333,27.55,2,5.1764362714980825,70.66250196097344,23,4,1,-0.2588190451025215,0.965925826289068,-0.433883739117558,-0.9009688679024191,0.4999999999999999,0.8660254037844387,0.0,0.0,0.0,12.9,28.35,100.0,82.75,-0.875,4.5149875,0.05,1.725,21.624074083333333,27.5,27.5,27.53333333333333,27.95,27.966666666666665,-18.90577775666667,-0.2833333099999962,-0.0446666666666666,3.3,3.3266666666666667,22.34444441333333,3.2924444444444454,5.3955793,5.474272,5.4690323,5.440219,5.3100653,0,0.0,0,1.0,-0.21,5.9,94.1
2023-01-06 23:30:00,223.942708616666,196.632689927778,196.656855644444,21.624074083333333,3.3266666666666667,27.966666666666665,2,5.1764362714980825,70.66250196097344,23,4,1,-0.2588190451025215,0.965925826289068,-0.433883739117558,-0.9009688679024191,0.4999999999999999,0.8660254037844387,0.0,0.0,0.0,12.7,27.9,100.0,83.5,-0.8500000000000001,4.532756,0.1,1.65,21.72222225,27.55,27.5,27.5,27.53333333333333,28.0,-18.297407416666665,-0.5370370066666688,0.0713333333333334,3.255333333333333,3.255333333333333,22.076543191111117,3.294000000000001,5.3100653,5.3955793,5.474272,5.4690323,5.3466377,0,0.0,0,1.0,-0.33,7.2,92.8
2023-01-06 23:45:00,238.741005511112,222.093615916666,222.121114833332,21.72222225,3.255333333333333,28.0,2,5.1764362714980825,70.66250196097344,23,4,1,-0.2588190451025215,0.965925826289068,-0.433883739117558,-0.9009688679024191,0.4999999999999999,0.8660254037844387,0.0,0.0,0.0,12.5,27.45,100.0,84.25,-0.8250000000000001,4.550212,0.15,1.575,21.942592616666666,27.966666666666665,27.55,27.5,27.5,27.816666666666663,-18.46688891666667,0.0981481666666681,-0.0713333333333334,3.3266666666666667,3.112,21.83580247444445,3.279111111111112,5.3466377,5.3100653,5.3955793,5.474272,5.3796315,0,0.0,0,1.0,-0.31,6.9,93.1
2023-01-07 00:00:00,625.883019377772,246.724575072222,246.755407205554,21.942592616666666,3.112,27.816666666666663,2,5.1764362714980825,70.66250196097344,0,5,1,0.0,1.0,-0.9749279121818236,-0.2225209339563146,0.4999999999999999,0.8660254037844387,0.0,0.0,0.0,12.3,27.0,100.0,85.0,-0.8,4.567359,0.2,1.5,22.13888892,28.0,27.966666666666665,27.55,27.5,27.5,-18.830592616666664,0.2203703666666641,-0.1433333333333331,3.255333333333333,2.868666666666667,21.76296298333333,3.231333333333335,5.3796315,5.3466377,5.3100653,5.3955793,5.3788986,0,0.0,0,1.0,-0.26,6.4,93.6
2023-01-07 00:15:00,254.022060977776,213.617288316666,213.641731755556,22.13888892,2.868666666666667,27.5,2,5.1764362714980825,70.66250196097344,0,5,1,0.0,1.0,-0.9749279121818236,-0.2225209339563146,0.4999999999999999,0.8660254037844387,0.0,0.0,0.0,12.225,26.825,100.0,85.0,-0.775,4.567359,0.175,1.5,22.2185185,27.816666666666663,28.0,27.966666666666665,27.55,27.5,-19.270222253333333,0.1962963033333338,-0.2433333333333331,3.112,2.66,21.93456792888889,3.078666666666668,5.3788986,5.3796315,5.3466377,5.3100653,5.403615,0,0.0,0,1.0,-0.21,5.9,94.1
2023-01-07 00:30:00,226.860925183334,208.469438672222,208.494993216666,22.2185185,2.66,27.5,2,5.1764362714980825,70.66250196097344,0,5,1,0.0,1.0,-0.9749279121818236,-0.2225209339563146,0.4999999999999999,0.8660254037844387,0.0,0.0,0.0,12.15,26.65,100.0,85.0,-0.75,4.567359,0.15,1.5,22.26111112,27.5,27.816666666666663,28.0,27.966666666666665,27.5,-19.5585185,0.0796295800000024,-0.2086666666666672,2.868666666666667,2.422,22.100000012222225,2.880222222222224,5.403615,5.3788986,5.3796315,5.3466377,5.4168735,0,0.0,0,1.0,-0.19,5.8,94.2
2023-01-07 00:45:00,222.188889905554,206.332301911112,206.359523088888,22.26111112,2.422,27.5,2,5.1764362714980825,70.66250196097344,0,5,1,0.0,1.0,-0.9749279121818236,-0.2225209339563146,0.4999999999999999,0.8660254037844387,0.0,0.0,0.0,12.075,26.475,100.0,85.0,-0.725,4.567359,0.125,1.5,22.2777778,27.5,27.5,27.816666666666663,28.0,27.5,-19.83911112,0.042592619999997,-0.238,2.66,2.346,22.206172846666664,2.650222222222224,5.4168735,5.403615,5.3788986,5.3796315,5.422071,0,0.0,0,1.0,-0.18,5.7,94.3
2023-01-07 01:00:00,223.029689505558,198.881766611112,198.90565453889,22.2777778,2.346,27.5,2,5.1764362714980825,70.66250196097344,1,5,1,0.2588190451025207,0.9659258262890684,-0.9749279121818236,-0.2225209339563146,0.4999999999999999,0.8660254037844387,0.0,0.0,0.0,12.0,26.3,100.0,85.0,-0.7,4.567359,0.1,1.5,22.15555558,27.5,27.5,27.5,27.816666666666663,27.55,-19.9317778,0.0166666800000001,-0.076,2.422,2.334,22.25246914,2.476000000000001,5.422071,5.4168735,5.403615,5.3788986,5.3938537,0,0.0,0,1.0,-0.18,5.7,94.3
2023-01-07 01:15:00,138.7886149,104.30804976111,104.322771438886,22.15555558,2.334,27.55,2,5.1764362714980825,70.66250196097344,1,5,1,0.2588190451025207,0.9659258262890684,-0.9749279121818236,-0.2225209339563146,0.4999999999999999,0.8660254037844387,0.0,0.0,0.0,11.85,25.925,100.0,85.0,-0.7,4.567359,0.1,1.5,21.711111096666663,27.5,27.5,27.5,27.5,27.966666666666665,-19.82155558,-0.1222222199999976,-0.0119999999999995,2.346,2.3646666666666665,22.2314815,2.367333333333334,5.3938537,5.422071,5.4168735,5.403615,5.336845,0,0.0,0,1.0,-0.21,5.9,94.1
2023-01-07 01:30:00,208.875255805554,177.378182388888,177.400959277776,21.711111096666663,2.3646666666666665,27.966666666666665,2,5.1764362714980825,70.66250196097344,1,5,1,0.2588190451025207,0.9659258262890684,-0.9749279121818236,-0.2225209339563146,0.4999999999999999,0.8660254037844387,0.0,0.0,0.0,11.7,25.55,100.0,85.0,-0.7,4.567359,0.1,1.5,21.75000001,27.55,27.5,27.5,27.5,27.95,-19.34644443,-0.4444444833333349,0.0306666666666663,2.334,2.46,22.048148158888893,2.348222222222223,5.336845,5.3938537,5.422071,5.4168735,5.3456626,0,0.0,0,1.0,-0.31,7.0,93.0
2023-01-07 01:45:00,271.790794666664,249.382524316666,249.413078711108,21.75000001,2.46,27.95,2,5.1764362714980825,70.66250196097344,1,5,1,0.2588190451025207,0.9659258262890684,-0.9749279121818236,-0.2225209339563146,0.4999999999999999,0.8660254037844387,0.0,0.0,0.0,11.55,25.175,100.0,85.0,-0.7,4.567359,0.1,1.5,22.06666666,27.966666666666665,27.55,27.5,27.5,27.53333333333333,-19.29000001,0.0388889133333343,0.0953333333333334,2.3646666666666665,2.558,21.87222222888889,2.386222222222224,5.3456626,5.336845,5.3938537,5.422071,5.363059,0,0.0,0,1.0,-0.3,6.9,93.1
2023-01-07 02:00:00,282.96034788333,261.107888566668,261.139554016666,22.06666666,2.558,27.53333333333333,2,5.1764362714980825,70.66250196097344,2,5,1,0.4999999999999999,0.8660254037844387,-0.9749279121818236,-0.2225209339563146,0.4999999999999999,0.8660254037844387,0.0,0.0,0.0,11.4,24.8,100.0,85.0,-0.7,4.567359,0.1,1.5,22.34444444,27.95,27.966666666666665,27.55,27.5,27.15,-19.50866666,0.3166666499999984,0.0979999999999998,2.46,2.704,21.84259258888889,2.46088888888889,5.363059,5.3456626,5.336845,5.3938537,5.3736253,0,0.0,0,1.0,-0.23,6.1,93.9
2023-01-07 02:15:00,256.89750143889,239.646524855556,239.674857088888,22.34444444,2.704,27.15,2,5.1764362714980825,70.66250196097344,2,5,1,0.4999999999999999,0.8660254037844387,-0.9749279121818236,-0.2225209339563146,0.4999999999999999,0.8660254037844387,0.0,0.0,0.0,11.5,24.55,100.0,84.5,-0.7749999999999999,4.540492,0.075,1.5,22.4407407,27.53333333333333,27.95,27.966666666666665,27.55,27.0,-19.64044444,0.277777780000001,0.1460000000000003,2.558,2.786666666666666,22.053703703333337,2.574000000000001,5.3736253,5.363059,5.3456626,5.336845,5.3735967,0,0.0,0,1.0,-0.17,5.6,94.4
2023-01-07 02:30:00,243.774693072222,206.959499072222,206.9842203,22.4407407,2.786666666666666,27.0,2,5.1764362714980825,70.66250196097344,2,5,1,0.4999999999999999,0.8660254037844387,-0.9749279121818236,-0.2225209339563146,0.4999999999999999,0.8660254037844387,0.0,0.0,0.0,11.6,24.3,100.0,84.0,-0.85,4.513625,0.05,1.5,22.4444444,27.15,27.53333333333333,27.95,27.966666666666665,27.0,-19.65407403333333,0.096296259999999,0.0826666666666664,2.704,2.806666666666666,22.2839506,2.6828888888888898,5.3735967,5.3736253,5.363059,5.3456626,5.3747396,0,0.0,0,1.0,-0.14,5.4,94.6
2023-01-07 02:45:00,240.920362866664,205.615663911112,205.640385172222,22.4444444,2.806666666666666,27.0,2,5.1764362714980825,70.66250196097344,2,5,1,0.4999999999999999,0.8660254037844387,-0.9749279121818236,-0.2225209339563146,0.4999999999999999,0.8660254037844387,0.0,0.0,0.0,11.7,24.05,100.0,83.5,-0.925,4.486758,0.0249999999999999,1.5,22.4444444,27.0,27.15,27.53333333333333,27.95,27.0,-19.63777773333333,0.003703699999999,0.02,2.786666666666666,2.842,22.409876513333334,2.7657777777777794,5.3747396,5.3735967,5.3736253,5.363059,5.3747396,0,0.0,0,1.0,-0.14,5.4,94.6
2023-01-07 03:00:00,218.500981794446,202.616339455556,202.642171772222,22.4444444,2.842,27.0,2,5.1764362714980825,70.66250196097344,3,5,1,0.7071067811865476,0.7071067811865476,-0.9749279121818236,-0.2225209339563146,0.4999999999999999,0.8660254037844387,0.0,0.0,0.0,11.8,23.8,100.0,83.0,-1.0,4.4598913,0.0,1.5,22.43333329,27.0,27.0,27.15,27.53333333333333,27.0,-19.6024444,0.0,0.0353333333333334,2.806666666666666,2.9166666666666665,22.44320983333333,2.811777777777779,5.3747396,5.3747396,5.3735967,5.3736253,5.3713093,0,0.0,0,1.0,-0.14,5.4,94.6
2023-01-07 03:15:00,175.049108905554,156.172919533332,156.194029805554,22.43333329,2.9166666666666665,27.0,2,5.1764362714980825,70.66250196097344,3,5,1,0.7071067811865476,0.7071067811865476,-0.9749279121818236,-0.2225209339563146,0.4999999999999999,0.8660254037844387,0.0,0.0,0.0,11.775,23.975,100.0,83.0,-1.025,4.452311,0.0,1.475,22.17777776,27.0,27.0,27.0,27.15,27.0,-19.51666662333333,-0.011111109999998,0.0746666666666664,2.842,2.9033333333333338,22.440740696666666,2.8551111111111123,5.3713093,5.3747396,5.3747396,5.3735967,5.2929406,0,0.0,0,1.0,-0.15,5.4,94.6
2023-01-07 03:30:00,142.24403226111,114.266540272222,114.28237302222,22.17777776,2.9033333333333338,27.0,2,5.1764362714980825,70.66250196097344,3,5,1,0.7071067811865476,0.7071067811865476,-0.9749279121818236,-0.2225209339563146,0.4999999999999999,0.8660254037844387,0.0,0.0,0.0,11.75,24.15,100.0,83.0,-1.05,4.4447412,0.0,1.45,21.75000002,27.0,27.0,27.0,27.0,27.35,-19.27444442666667,-0.2555555299999987,-0.0133333333333327,2.9166666666666665,2.842,22.351851816666667,2.887333333333334,5.2929406,5.3713093,5.3747396,5.3747396,5.2309074,0,0.0,0,1.0,-0.21,5.9,94.1
2023-01-07 03:45:00,220.518401177776,188.57523443889,188.598844611112,21.75000002,2.842,27.35,2,5.1764362714980825,70.66250196097344,3,5,1,0.7071067811865476,0.7071067811865476,-0.9749279121818236,-0.2225209339563146,0.4999999999999999,0.8660254037844387,0.0,0.0,0.0,11.725,24.325,100.0,83.0,-1.0750000000000002,4.437184,0.0,1.4249999999999998,21.90370370333333,27.0,27.0,27.0,27.0,27.316666666666663,-18.908000020000003,-0.4277777399999998,-0.0613333333333336,2.9033333333333338,2.8233333333333333,22.12037035666667,2.887333333333334,5.2309074,5.2929406,5.3713093,5.3747396,5.2710958,0,0.0,0,1.0,-0.3,6.9,93.1
2023-01-07 04:00:00,279.783530494442,251.9849202,252.014363505554,21.90370370333333,2.8233333333333333,27.316666666666663,2,5.1764362714980825,70.66250196097344,4,5,1,0.8660254037844386,0.5000000000000001,-0.9749279121818236,-0.2225209339563146,0.4999999999999999,0.8660254037844387,0.0,0.0,0.0,11.7,24.5,100.0,83.0,-1.1,4.4296374,0.0,1.4,22.18888889,27.35,27.0,27.0,27.0,27.0,-19.08037037,0.1537036833333331,-0.0186666666666668,2.842,2.8,21.943827161111116,2.856222222222224,5.2710958,5.2309074,5.2929406,5.3713093,5.2963257,0,0.0,0,1.0,-0.27,6.5,93.5
2023-01-07 04:15:00,283.705873694438,256.383633127778,256.41335422222,22.18888889,2.8,27.0,2,5.1764362714980825,70.66250196097344,4,5,1,0.8660254037844386,0.5000000000000001,-0.9749279121818236,-0.2225209339563146,0.4999999999999999,0.8660254037844387,0.0,0.0,0.0,11.75,24.775,99.75,83.25,-1.125,4.420338,0.0,1.325,22.418518523333333,27.316666666666663,27.35,27.0,27.0,26.816666666666663,-19.38888889,0.2851851866666628,-0.0233333333333334,2.8233333333333333,2.834,21.947530871111116,2.821777777777779,5.2963257,5.2710958,5.2309074,5.2929406,5.3302975,0,0.0,0,1.0,-0.2,5.9,94.1
2023-01-07 04:30:00,255.938095466664,240.060119411112,240.089562749998,22.418518523333333,2.834,26.816666666666663,2,5.1764362714980825,70.66250196097344,4,5,1,0.8660254037844386,0.5000000000000001,-0.9749279121818236,-0.2225209339563146,0.4999999999999999,0.8660254037844387,0.0,0.0,0.0,11.8,25.05,99.5,83.5,-1.15,4.411005,0.0,1.25,22.53333336,27.0,27.316666666666663,27.35,27.0,26.5,-19.584518523333333,0.2296296333333352,0.0340000000000002,2.8,2.854,22.170370372222223,2.819111111111112,5.3302975,5.2963257,5.2710958,5.2309074,5.3022065,0,0.0,0,1.0,-0.15,5.5,94.5
2023-01-07 04:45:00,197.77514426111,179.692534227778,179.715588872222,22.53333336,2.854,26.5,2,5.1764362714980825,70.66250196097344,4,5,1,0.8660254037844386,0.5000000000000001,-0.9749279121818236,-0.2225209339563146,0.4999999999999999,0.8660254037844387,0.0,0.0,0.0,11.85,25.325000000000003,99.25,83.75,-1.175,4.401639,0.0,1.175,22.422222233333333,26.816666666666663,27.0,27.316666666666663,27.35,26.683333333333334,-19.67933336,0.1148148366666639,0.02,2.834,2.9166666666666665,22.38024692444445,2.8293333333333344,5.3022065,5.3302975,5.2963257,5.2710958,5.3049245,0,0.0,0,1.0,-0.13,5.3,94.7
2023-01-07 05:00:00,159.28335066111,114.763464827778,114.777075416666,22.422222233333333,2.9166666666666665,26.683333333333334,2,5.1764362714980825,70.66250196097344,5,5,1,0.9659258262890684,0.2588190451025207,-0.9749279121818236,-0.2225209339563146,0.4999999999999999,0.8660254037844387,0.0,0.0,0.0,11.9,25.6,99.0,84.0,-1.2,4.3922377,0.0,1.1,22.21111114,26.5,26.816666666666663,27.0,27.316666666666663,27.0,-19.505555566666665,-0.111111126666664,0.0626666666666664,2.854,2.9679999999999995,22.458024705555555,2.868222222222224,5.3049245,5.3022065,5.3302975,5.2963257,5.3031054,0,0.0,0,1.0,-0.15,5.5,94.5
2023-01-07 05:15:00,215.972471888888,188.191360911112,188.215526611112,22.21111114,2.9679999999999995,27.0,2,5.1764362714980825,70.66250196097344,5,5,1,0.9659258262890684,0.2588190451025207,-0.9749279121818236,-0.2225209339563146,0.4999999999999999,0.8660254037844387,0.0,0.0,0.0,11.725,25.5,99.0,84.75,-1.2,4.4012914,0.0,1.0,22.29074074333333,26.683333333333334,26.5,26.816666666666663,27.0,26.816666666666663,-19.24311114,-0.2111110933333329,0.051333333333333,2.9166666666666665,2.942,22.38888891111111,2.91288888888889,5.3031054,5.3049245,5.3022065,5.3302975,5.2912846,0,0.0,0,1.0,-0.2,5.8,94.2
2023-01-07 05:30:00,204.878193277784,189.020216655556,189.04438233889,22.29074074333333,2.942,26.816666666666663,2,5.1764362714980825,70.66250196097344,5,5,1,0.9659258262890684,0.2588190451025207,-0.9749279121818236,-0.2225209339563146,0.4999999999999999,0.8660254037844387,0.0,0.0,0.0,11.55,25.4,99.0,85.5,-1.2,4.4099936,0.0,0.9,22.37777777,27.0,26.683333333333334,26.5,26.816666666666663,26.5,-19.34874074333333,0.0796296033333341,-0.0259999999999993,2.9679999999999995,2.964,22.30802470555556,2.9422222222222234,5.2912846,5.3031054,5.3049245,5.3022065,5.255035,0,0.0,0,1.0,-0.18,5.7,94.3
2023-01-07 05:45:00,215.428049183334,188.192472016666,188.215248855556,22.37777777,2.964,26.5,2,5.1764362714980825,70.66250196097344,5,5,1,0.9659258262890684,0.2588190451025207,-0.9749279121818236,-0.2225209339563146,0.4999999999999999,0.8660254037844387,0.0,0.0,0.0,11.375,25.3,99.0,86.25,-1.2,4.418347,0.0,0.8,22.461111086666666,26.816666666666663,27.0,26.683333333333334,26.5,26.5,-19.413777770000003,0.0870370266666675,0.0219999999999997,2.942,2.93,22.293209884444448,2.9580000000000006,5.255035,5.2912846,5.3031054,5.3049245,5.2802606,0,0.0,0,1.0,-0.16,5.5,94.5
2023-01-07 06:00:00,203.481027116666,184.056526327778,184.080692027778,22.461111086666666,2.93,26.5,2,5.1764362714980825,70.66250196097344,6,5,1,1.0,6.123233995736766e-17,-0.9749279121818236,-0.2225209339563146,0.4999999999999999,0.8660254037844387,0.0,0.0,0.0,11.2,25.2,99.0,87.0,-1.2,4.426355,0.0,0.7,22.43333331,26.5,26.816666666666663,27.0,26.683333333333334,26.5,-19.531111086666662,0.0833333166666641,-0.0339999999999998,2.964,2.872666666666667,22.376543200000004,2.9453333333333345,5.2802606,5.255035,5.2912846,5.3031054,5.27184,0,0.0,0,1.0,-0.14,5.4,94.6
2023-01-07 06:15:00,165.563377216666,133.654931355556,133.672708411112,22.43333331,2.872666666666667,26.5,2,5.1764362714980825,70.66250196097344,6,5,1,1.0,6.123233995736766e-17,-0.9749279121818236,-0.2225209339563146,0.4999999999999999,0.8660254037844387,0.0,0.0,0.0,11.25,24.85,99.25,87.0,-1.2,4.426355,0.0,0.7,22.02222223,26.5,26.5,26.816666666666663,27.0,26.683333333333334,-19.56066664333333,-0.0277777766666638,-0.0573333333333332,2.93,2.732,22.424074055555558,2.922222222222223,5.27184,5.2802606,5.255035,5.2912846,5.1841974,0,0.0,0,1.0,-0.15,5.5,94.5
2023-01-07 06:30:00,152.784444094438,115.891753027778,115.906196949998,22.02222223,2.732,26.683333333333334,2,5.1764362714980825,70.66250196097344,6,5,1,1.0,6.123233995736766e-17,-0.9749279121818236,-0.2225209339563146,0.4999999999999999,0.8660254037844387,0.0,0.0,0.0,11.3,24.5,99.5,87.0,-1.2,4.426355,0.0,0.7,21.661111100000003,26.5,26.5,26.5,26.816666666666663,27.3,-19.29022223,-0.4111110800000013,-0.1406666666666667,2.872666666666667,2.69,22.305555542222223,2.84488888888889,5.1841974,5.27184,5.2802606,5.255035,5.194596,0,0.0,0,1.0,-0.24,6.2,93.8
2023-01-07 06:45:00,181.190529938886,163.033756155556,163.055144216666,21.661111100000003,2.69,27.3,2,5.1764362714980825,70.66250196097344,6,5,1,1.0,6.123233995736766e-17,-0.9749279121818236,-0.2225209339563146,0.4999999999999999,0.8660254037844387,0.0,0.0,0.0,11.35,24.15,99.75,87.0,-1.2,4.426355,0.0,0.7,21.84814816,26.683333333333334,26.5,26.5,26.5,27.03333333333333,-18.9711111,-0.3611111299999976,-0.0420000000000002,2.732,2.722,22.03888888,2.7648888888888905,5.194596,5.1841974,5.27184,5.2802606,5.1997266,0,0.0,0,1.0,-0.32,7.2,92.8
2023-01-07 07:00:00,267.09459353889,251.210506727778,251.241616649998,21.84814816,2.722,27.03333333333333,2,5.1764362714980825,70.66250196097344,7,5,1,0.9659258262890684,-0.2588190451025206,-0.9749279121818236,-0.2225209339563146,0.4999999999999999,0.8660254037844387,0.0,0.0,0.0,11.4,23.8,100.0,87.0,-1.2,4.426355,0.0,0.7,22.21111112,27.3,26.683333333333334,26.5,26.5,26.65,-19.12614816,0.1870370599999979,0.032,2.69,2.744,21.843827163333334,2.714666666666668,5.1997266,5.194596,5.1841974,5.27184,5.234361,0,0.0,0,1.0,-0.28,6.7,93.3
2023-01-07 07:15:00,278.195816255552,246.776239688888,246.80623852222,22.21111112,2.744,26.65,2,5.1764362714980825,70.66250196097344,7,5,1,0.9659258262890684,-0.2588190451025206,-0.9749279121818236,-0.2225209339563146,0.4999999999999999,0.8660254037844387,0.0,0.0,0.0,11.25,24.25,100.0,86.75,-1.05,4.4744673,0.0,0.8999999999999999,22.45370368,27.03333333333333,27.3,26.683333333333334,26.5,26.5,-19.46711112,0.3629629600000008,0.0220000000000002,2.722,2.78,21.906790126666667,2.718666666666668,5.234361,5.1997266,5.194596,5.1841974,5.2780137,0,0.0,0,1.0,-0.2,5.8,94.2
2023-01-07 07:30:00,203.197427494438,167.829675477776,167.851341311108,22.45370368,2.78,26.5,2,5.1764362714980825,70.66250196097344,7,5,1,0.9659258262890684,-0.2588190451025206,-0.9749279121818236,-0.2225209339563146,0.4999999999999999,0.8660254037844387,0.0,0.0,0.0,11.1,24.700000000000003,100.0,86.5,-0.8999999999999999,4.522959,0.0,1.1,22.36666665,26.65,27.03333333333333,27.3,26.683333333333334,26.55,-19.67370368,0.2425925599999985,0.0359999999999995,2.744,2.820666666666667,22.170987653333334,2.748666666666668,5.2780137,5.234361,5.1997266,5.194596,5.2615886,0,0.0,0,1.0,-0.14,5.4,94.6
2023-01-07 07:45:00,582.111714699996,110.218368872222,110.23753482222,22.36666665,2.820666666666667,26.55,2,5.1764362714980825,70.66250196097344,7,5,1,0.9659258262890684,-0.2588190451025206,-0.9749279121818236,-0.2225209339563146,0.4999999999999999,0.8660254037844387,0.0,0.0,0.0,10.95,25.15,100.0,86.25,-0.75,4.5718346,0.0,1.3,22.13703707,26.5,26.65,27.03333333333333,27.3,26.966666666666665,-19.54599998333333,-0.0870370300000011,0.040666666666667,2.78,2.8553333333333333,22.34382715,2.7815555555555567,5.2615886,5.2780137,5.234361,5.1997266,5.2740183,0,0.0,0,1.0,-0.16,5.6,94.4
2023-01-07 08:00:00,411.367989055556,128.798736694446,128.817069311112,22.13703707,2.8553333333333333,26.966666666666665,2,5.1764362714980825,70.66250196097344,8,5,1,0.8660254037844387,-0.4999999999999998,-0.9749279121818236,-0.2225209339563146,0.4999999999999999,0.8660254037844387,0.0,0.0,0.0,10.8,25.6,100.0,86.0,-0.6,4.6210923,0.0,1.5,22.01666668,26.55,26.5,26.65,27.03333333333333,27.0,-19.281703736666667,-0.2296295799999974,0.0346666666666664,2.820666666666667,2.716,22.3191358,2.8186666666666675,5.2740183,5.2615886,5.2780137,5.234361,5.2440424,0,0.0,0,1.0,-0.22,6.0,94.0
2023-01-07 08:15:00,168.305767699992,123.6292213,123.647276177776,22.01666668,2.716,27.0,2,5.1764362714980825,70.66250196097344,8,5,1,0.8660254037844387,-0.4999999999999998,-0.9749279121818236,-0.2225209339563146,0.4999999999999999,0.8660254037844387,0.25,0.0625,0.0208333333333333,10.7,24.950000000000003,100.0,86.5,-0.525,4.647959,0.0,1.5,22.0,26.966666666666665,26.55,26.5,26.65,27.0,-19.30066668,-0.1203703900000014,-0.1393333333333331,2.8553333333333333,2.683333333333333,22.1734568,2.7973333333333343,5.2440424,5.2740183,5.2615886,5.2780137,5.2390056,0,0.0,0,1.0,-0.24,6.2,93.8
2023-01-07 08:30:00,487.831041544444,182.410481072222,182.43575786111,22.0,2.683333333333333,27.0,2,5.1764362714980825,70.66250196097344,8,5,1,0.8660254037844387,-0.4999999999999998,-0.9749279121818236,-0.2225209339563146,0.4999999999999999,0.8660254037844387,0.5,0.1875,0.0625,10.6,24.3,100.0,87.0,-0.4499999999999999,4.6748266,0.0,1.5,22.11666669,27.0,26.966666666666665,26.55,26.5,27.0,-19.316666666666663,-0.0166666800000001,-0.032666666666667,2.716,2.638,22.051234583333336,2.751555555555557,5.2390056,5.2440424,5.2740183,5.2615886,5.274346,0,0.0,0,1.0,-0.25,6.3,93.7
2023-01-07 08:45:00,217.961558955556,179.970578672222,179.993077805554,22.11666669,2.638,27.0,2,5.1764362714980825,70.66250196097344,8,5,1,0.8660254037844387,-0.4999999999999998,-0.9749279121818236,-0.2225209339563146,0.4999999999999999,0.8660254037844387,0.75,0.375,0.125,10.5,23.65,100.0,87.5,-0.375,4.701693,0.0,1.5,22.024074103333337,27.0,27.0,26.966666666666665,26.55,27.183333333333334,-19.47866669,0.1166666899999988,-0.0453333333333332,2.683333333333333,2.704,22.044444456666668,2.679111111111112,5.274346,5.2390056,5.2440424,5.2740183,5.2819047,0,0.0,0,1.0,-0.22,6.0,94.0
2023-01-07 09:00:00,144.96836786666,117.10253796111,117.120037327774,22.024074103333337,2.704,27.183333333333334,2,5.1764362714980825,70.66250196097344,9,5,1,0.7071067811865476,-0.7071067811865475,-0.9749279121818236,-0.2225209339563146,0.4999999999999999,0.8660254037844387,1.0,0.625,0.2083333333333333,10.4,23.0,100.0,88.0,-0.3,4.7285595,0.0,1.5,21.71666669,27.0,27.0,27.0,26.966666666666665,27.5,-19.320074103333337,-0.0925925866666617,0.0660000000000002,2.638,2.877333333333333,22.046913597777777,2.675111111111112,5.2819047,5.274346,5.2390056,5.2440424,5.249478,0,0.0,0,1.0,-0.24,6.2,93.8
2023-01-07 09:15:00,185.639796477772,169.780708533332,169.804596494442,21.71666669,2.877333333333333,27.5,2,5.1764362714980825,70.66250196097344,9,5,1,0.7071067811865476,-0.7071067811865475,-0.9749279121818236,-0.2225209339563146,0.4999999999999999,0.8660254037844387,6.75,2.25,0.7708333333333334,10.6,23.1,100.0,88.0,-0.1999999999999999,4.752744,0.0,1.575,21.883333316666665,27.183333333333334,27.0,27.0,27.0,27.5,-18.839333356666668,-0.3074074133333369,0.1733333333333333,2.704,2.85,21.95246916111111,2.7397777777777788,5.249478,5.2819047,5.274346,5.2390056,5.300238,0,0.0,0,1.0,-0.31,7.0,93.0
2023-01-07 09:30:00,235.927506972222,215.012232483334,215.039731416666,21.883333316666665,2.85,27.5,2,5.1764362714980825,70.66250196097344,9,5,1,0.7071067811865476,-0.7071067811865475,-0.9749279121818236,-0.2225209339563146,0.4999999999999999,0.8660254037844387,12.5,5.25,1.8125,10.8,23.2,100.0,88.0,-0.0999999999999999,4.777036,0.0,1.65,22.16666665,27.5,27.183333333333334,27.0,27.0,27.15,-19.033333316666663,0.1666666266666645,-0.0273333333333334,2.877333333333333,2.7053333333333334,21.874691370000004,2.8104444444444456,5.300238,5.249478,5.2819047,5.274346,5.318941,0,0.0,0,1.0,-0.27,6.5,93.5
2023-01-07 09:45:00,247.730090466664,212.236510233332,212.262898077776,22.16666665,2.7053333333333334,27.15,2,5.1764362714980825,70.66250196097344,9,5,1,0.7071067811865476,-0.7071067811865475,-0.9749279121818236,-0.2225209339563146,0.4999999999999999,0.8660254037844387,18.25,9.625,3.333333333333333,11.0,23.3,100.0,88.0,5.551115123125783e-17,4.801437,0.0,1.725,22.36666663,27.5,27.5,27.183333333333334,27.0,27.0,-19.461333316666668,0.283333333333335,-0.1446666666666667,2.85,2.631333333333333,21.92222221888889,2.81088888888889,5.318941,5.300238,5.249478,5.2819047,5.3507686,0,0.0,0,1.0,-0.21,5.9,94.1
2023-01-07 10:00:00,224.044649005554,192.442857544444,192.46924542222,22.36666663,2.631333333333333,27.0,2,5.1764362714980825,70.66250196097344,10,5,1,0.4999999999999999,-0.8660254037844387,-0.9749279121818236,-0.2225209339563146,0.4999999999999999,0.8660254037844387,24.0,15.375,5.333333333333333,11.2,23.4,100.0,88.0,0.1,4.825947,0.0,1.8,22.388888880000003,27.15,27.5,27.5,27.183333333333334,27.0,-19.735333296666667,0.1999999800000012,-0.0740000000000002,2.7053333333333334,2.7106666666666666,22.13888886555556,2.7288888888888905,5.3507686,5.318941,5.300238,5.249478,5.357609,0,0.0,0,1.0,-0.16,5.5,94.5
2023-01-07 10:15:00,127.221855538882,106.834893116666,106.85072588333,22.388888880000003,2.7106666666666666,27.0,2,5.1764362714980825,70.66250196097344,10,5,1,0.4999999999999999,-0.8660254037844387,-0.9749279121818236,-0.2225209339563146,0.4999999999999999,0.8660254037844387,52.0,26.6875,9.666666666666666,12.225,25.75,100.0,87.0,0.1,4.8280687,0.05,1.975,22.17222222666667,27.0,27.15,27.5,27.5,27.0,-19.67822221333333,0.0222222500000022,0.0793333333333334,2.631333333333333,2.813333333333333,22.30740738666667,2.682444444444446,5.357609,5.3507686,5.318941,5.300238,5.291247,0,0.0,0,1.0,-0.16,5.5,94.5
2023-01-07 10:30:00,158.73976132222,133.615210711112,133.633821116666,22.17222222666667,2.813333333333333,27.0,2,5.1764362714980825,70.66250196097344,10,5,1,0.4999999999999999,-0.8660254037844387,-0.9749279121818236,-0.2225209339563146,0.4999999999999999,0.8660254037844387,80.0,43.5625,16.333333333333332,13.25,28.1,100.0,86.0,0.1,4.8294697,0.1,2.15,22.09444445,27.0,27.0,27.15,27.5,27.0,-19.358888893333337,-0.2166666533333341,0.1026666666666669,2.7106666666666666,2.8286666666666664,22.309259245555563,2.7184444444444456,5.291247,5.357609,5.3507686,5.318941,5.2675986,0,0.0,0,1.0,-0.21,5.9,94.1
2023-01-07 10:45:00,160.495524538882,144.671712916666,144.693378766664,22.09444445,2.8286666666666664,27.0,2,5.1764362714980825,70.66250196097344,10,5,1,0.4999999999999999,-0.8660254037844387,-0.9749279121818236,-0.2225209339563146,0.4999999999999999,0.8660254037844387,108.0,66.0,25.33333333333333,14.275,30.45,100.0,85.0,0.1,4.830133,0.15,2.325,22.131481486666665,27.0,27.0,27.0,27.15,27.0,-19.26577778333333,-0.077777776666668,0.0153333333333329,2.813333333333333,3.0420000000000003,22.218518518888896,2.784222222222223,5.2675986,5.291247,5.357609,5.3507686,5.278848,0,0.0,0,1.0,-0.23,6.1,93.9
2023-01-07 11:00:00,176.967365572218,144.25284077222202,144.273117794442,22.131481486666665,3.0420000000000003,27.0,2,5.1764362714980825,70.66250196097344,11,5,1,0.258819045102521,-0.9659258262890682,-0.9749279121818236,-0.2225209339563146,0.4999999999999999,0.8660254037844387,136.0,94.0,36.66666666666666,15.3,32.8,100.0,84.0,0.1,4.8300447,0.2,2.5,22.1666667,27.0,27.0,27.0,27.0,26.65,-19.089481486666664,0.0370370366666641,0.2133333333333338,2.8286666666666664,3.107333333333333,22.132716054444444,2.894666666666668,5.278848,5.2675986,5.291247,5.357609,5.2209864,0,0.0,0,1.0,-0.22,6.0,94.0
2023-01-07 11:15:00,184.989266916662,143.965630027778,143.985907049998,22.1666667,3.107333333333333,26.65,2,5.1764362714980825,70.66250196097344,11,5,1,0.258819045102521,-0.9659258262890682,-0.9749279121818236,-0.2225209339563146,0.4999999999999999,0.8660254037844387,152.0,119.0,49.3125,15.625,33.775,100.0,81.75,-0.2,4.7324786,0.175,2.6,22.1666667,27.0,27.0,27.0,27.0,26.5,-19.059333366666667,0.0351852133333352,0.0653333333333332,3.0420000000000003,3.015333333333333,22.130864212222225,2.992666666666668,5.2209864,5.278848,5.2675986,5.291247,5.1916,0,0.0,0,1.0,-0.21,5.9,94.1
2023-01-07 11:30:00,159.424733938886,143.535369488888,143.555924266664,22.1666667,3.015333333333333,26.5,2,5.1764362714980825,70.66250196097344,11,5,1,0.258819045102521,-0.9659258262890682,-0.9749279121818236,-0.2225209339563146,0.4999999999999999,0.8660254037844387,168.0,141.0,63.270833333333336,15.95,34.75,100.0,79.5,-0.5000000000000001,4.6333447,0.15,2.7,22.2,26.65,27.0,27.0,27.0,26.5,-19.151333366666663,0.0,-0.0920000000000005,3.107333333333333,2.877333333333333,22.15493829555556,3.0548888888888897,5.1916,5.2209864,5.278848,5.2675986,5.2015715,0,0.0,0,1.0,-0.21,5.9,94.1
2023-01-07 11:45:00,159.527229838886,143.11288633889,143.13260780000002,22.2,2.877333333333333,26.5,2,5.1764362714980825,70.66250196097344,11,5,1,0.258819045102521,-0.9659258262890682,-0.9749279121818236,-0.2225209339563146,0.4999999999999999,0.8660254037844387,184.0,160.0,78.54166666666667,16.275000000000002,35.725,100.0,77.25,-0.8000000000000002,4.532628,0.125,2.8,22.170370400000003,26.5,26.65,27.0,27.0,26.5,-19.322666666666667,0.0333332999999989,-0.1379999999999994,3.015333333333333,2.9493333333333336,22.1777778,3.0000000000000013,5.2015715,5.1916,5.2209864,5.278848,5.192706,0,0.0,0,1.0,-0.2,5.9,94.1
2023-01-07 12:00:00,174.183587944444,142.6292946,142.648182727778,22.170370400000003,2.9493333333333336,26.5,2,5.1764362714980825,70.66250196097344,12,5,1,1.2246467991473532e-16,-1.0,-0.9749279121818236,-0.2225209339563146,0.4999999999999999,0.8660254037844387,200.0,176.0,95.125,16.6,36.7,100.0,75.0,-1.1,4.4303145,0.1,2.9,22.1666667,26.5,26.5,26.65,27.0,26.5,-19.221037066666668,-0.0296295999999962,0.072,2.877333333333333,3.053333333333333,22.17901236666667,2.9473333333333347,5.192706,5.2015715,5.1916,5.2209864,5.1916,0,0.0,0,1.0,-0.21,5.9,94.1
2023-01-07 12:15:00,173.390841972218,141.570170316666,141.589614005554,22.1666667,3.053333333333333,26.5,2,5.1764362714980825,70.66250196097344,12,5,1,1.2246467991473532e-16,-1.0,-0.9749279121818236,-0.2225209339563146,0.4999999999999999,0.8660254037844387,191.5,185.875,110.52083333333331,16.650000000000002,36.975,100.0,73.75,-1.35,4.356476,0.075,2.9,22.14629631333333,26.5,26.5,26.5,26.65,26.5,-19.113333366666662,-0.0037037000000026,0.1039999999999996,2.9493333333333336,2.9673333333333334,22.17901236666667,2.9600000000000013,5.1916,5.192706,5.2015715,5.1916,5.1855125,0,0.0,0,1.0,-0.21,5.9,94.1
2023-01-07 12:30:00,165.026732066664,139.8960706,139.9160698,22.14629631333333,2.9673333333333334,26.5,2,5.1764362714980825,70.66250196097344,12,5,1,1.2246467991473532e-16,-1.0,-0.9749279121818236,-0.2225209339563146,0.4999999999999999,0.8660254037844387,183.0,189.625,124.72916666666669,16.700000000000003,37.25,100.0,72.5,-1.6,4.282637,0.05,2.9,22.10555555,26.5,26.5,26.5,26.5,26.5,-19.17896298,-0.0203703866666664,-0.0859999999999998,3.053333333333333,2.6006666666666667,22.16111113777778,2.990000000000001,5.1855125,5.1916,5.192706,5.2015715,5.1733613,0,0.0,0,1.0,-0.22,6.0,94.0
2023-01-07 12:45:00,152.05863974444,123.724773027778,123.742827905554,22.10555555,2.6006666666666667,26.5,2,5.1764362714980825,70.66250196097344,12,5,1,1.2246467991473532e-16,-1.0,-0.9749279121818236,-0.2225209339563146,0.4999999999999999,0.8660254037844387,174.5,187.25,137.75,16.75,37.525,100.0,71.25,-1.85,4.2087984,0.0249999999999999,2.9,22.018518526666664,26.5,26.5,26.5,26.5,26.5,-19.504888883333336,-0.0407407633333321,-0.3666666666666667,2.9673333333333334,2.57,22.139506187777783,2.8737777777777787,5.1733613,5.1855125,5.1916,5.192706,5.1474786,0,0.0,0,1.0,-0.23,6.1,93.9
2023-01-07 13:00:00,132.720802255548,116.734219344444,116.752552011108,22.018518526666664,2.57,26.5,2,5.1764362714980825,70.66250196097344,13,5,1,-0.2588190451025208,-0.9659258262890684,-0.9749279121818236,-0.2225209339563146,0.4999999999999999,0.8660254037844387,166.0,178.75,149.58333333333334,16.8,37.8,100.0,70.0,-2.1,4.13496,0.0,2.9,21.8333333,26.5,26.5,26.5,26.5,26.5,-19.448518526666664,-0.0870370233333375,-0.0306666666666668,2.6006666666666667,2.6486666666666663,22.09012346333333,2.712666666666668,5.1474786,5.1733613,5.1855125,5.1916,5.092785,0,0.0,0,1.0,-0.25,6.3,93.7
2023-01-07 13:15:00,125.571643666664,101.40122153889,101.41733206111,21.8333333,2.6486666666666663,26.5,2,5.1764362714980825,70.66250196097344,13,5,1,-0.2588190451025208,-0.9659258262890684,-0.9749279121818236,-0.2225209339563146,0.4999999999999999,0.8660254037844387,166.5,172.5,159.125,16.55,37.8,99.75,69.25,-2.2,4.0975394,0.0,2.925,21.461111096666663,26.5,26.5,26.5,26.5,26.683333333333334,-19.18466663333333,-0.1851852266666647,0.0786666666666664,2.57,2.7033333333333336,21.985802458888887,2.606444444444445,5.092785,5.1474786,5.1733613,5.1855125,5.0188527,0,0.0,0,1.0,-0.29,6.7,93.3
2023-01-07 13:30:00,181.097478077776,137.965870027778,137.983647116666,21.461111096666663,2.7033333333333336,26.683333333333334,2,5.1764362714980825,70.66250196097344,13,5,1,-0.2588190451025208,-0.9659258262890684,-0.9749279121818236,-0.2225209339563146,0.4999999999999999,0.8660254037844387,167.0,168.5,166.375,16.3,37.8,99.5,68.5,-2.3,4.0599785,0.0,2.95,21.51666668,26.5,26.5,26.5,26.5,26.65,-18.757777763333333,-0.3722222033333331,0.0546666666666673,2.6486666666666663,2.714,21.77098764111111,2.640666666666668,5.0188527,5.092785,5.1474786,5.1733613,5.028728,0,0.0,0,1.0,-0.37,7.9,92.1
2023-01-07 13:45:00,226.357612049998,205.336786216666,205.364007411108,21.51666668,2.714,26.65,2,5.1764362714980825,70.66250196097344,13,5,1,-0.2588190451025208,-0.9659258262890684,-0.9749279121818236,-0.2225209339563146,0.4999999999999999,0.8660254037844387,167.5,166.75,171.33333333333334,16.05,37.8,99.25,67.75,-2.4,4.02228,0.0,2.975,21.916666646666663,26.683333333333334,26.5,26.5,26.5,26.316666666666663,-18.80266668,0.0555555833333336,0.0106666666666663,2.7033333333333336,2.501333333333333,21.603703692222226,2.688666666666668,5.028728,5.0188527,5.092785,5.1474786,5.0819325,0,0.0,0,1.0,-0.36,7.7,92.3
2023-01-07 14:00:00,249.553906311112,233.670930555556,233.700651633332,21.916666646666663,2.501333333333333,26.316666666666663,2,5.1764362714980825,70.66250196097344,14,5,1,-0.4999999999999997,-0.8660254037844388,-0.9749279121818236,-0.2225209339563146,0.4999999999999999,0.8660254037844387,168.0,167.25,174.0,15.8,37.8,99.0,67.0,-2.5,3.984441,0.0,3.0,22.21111112,26.65,26.683333333333334,26.5,26.5,26.0,-19.41533331333333,0.399999966666666,-0.2126666666666667,2.714,2.492,21.631481474444445,2.6395555555555568,5.0819325,5.028728,5.0188527,5.092785,5.1066937,0,0.0,0,1.0,-0.27,6.5,93.5
2023-01-07 14:15:00,142.375693794438,115.600098027778,115.616486305554,22.21111112,2.492,26.0,2,5.1764362714980825,70.66250196097344,14,5,1,-0.4999999999999997,-0.8660254037844388,-0.9749279121818236,-0.2225209339563146,0.4999999999999999,0.8660254037844387,162.5,166.25,174.875,15.8,37.35,99.25,67.25,-2.6,3.9658425,0.0,2.875,22.081481476666667,26.316666666666663,26.65,26.683333333333334,26.5,26.0,-19.71911112,0.2944444733333355,-0.0093333333333331,2.501333333333333,2.2266666666666666,21.881481482222224,2.569111111111112,5.1066937,5.0819325,5.028728,5.0188527,5.0687146,0,0.0,0,1.0,-0.2,5.9,94.1
2023-01-07 14:30:00,158.911976666664,127.006586216666,127.025196638886,22.081481476666667,2.2266666666666666,26.0,2,5.1764362714980825,70.66250196097344,14,5,1,-0.4999999999999997,-0.8660254037844388,-0.9749279121818236,-0.2225209339563146,0.4999999999999999,0.8660254037844387,157.0,163.75,173.95833333333334,15.8,36.9,99.5,67.5,-2.7,3.9472413,0.0,2.75,22.0,26.0,26.316666666666663,26.65,26.683333333333334,26.0,-19.85481481,-0.1296296433333346,-0.2653333333333334,2.492,2.079333333333333,22.069753081111116,2.406666666666668,5.0687146,5.1066937,5.0819325,5.028728,5.044968,0,0.0,0,1.0,-0.23,6.1,93.9
2023-01-07 14:45:00,165.21977989444198,135.062652844444,135.08181876111,22.0,2.079333333333333,26.0,2,5.1764362714980825,70.66250196097344,14,5,1,-0.4999999999999997,-0.8660254037844388,-0.9749279121818236,-0.2225209339563146,0.4999999999999999,0.8660254037844387,151.5,159.75,171.25,15.8,36.45,99.75,67.75,-2.8,3.928639,0.0,2.625,22.0,26.0,26.0,26.316666666666663,26.65,26.0,-19.920666666666666,-0.0814814766666671,-0.1473333333333335,2.2266666666666666,2.065333333333333,22.09753086555556,2.266000000000001,5.044968,5.0687146,5.1066937,5.0819325,5.044968,0,0.0,0,1.0,-0.25,6.3,93.7
2023-01-07 15:00:00,147.382993411108,121.737908072222,121.755685211108,22.0,2.065333333333333,26.0,2,5.1764362714980825,70.66250196097344,15,5,1,-0.7071067811865471,-0.7071067811865479,-0.9749279121818236,-0.2225209339563146,0.4999999999999999,0.8660254037844387,146.0,154.25,166.75,15.8,36.0,100.0,68.0,-2.9,3.9100363,0.0,2.5,21.99444444,26.0,26.0,26.0,26.316666666666663,26.0,-19.934666666666665,0.0,-0.0139999999999997,2.079333333333333,2.06,22.027160492222222,2.1237777777777787,5.044968,5.044968,5.0687146,5.1066937,5.0433526,0,0.0,0,1.0,-0.25,6.3,93.7
2023-01-07 15:15:00,142.152924955548,123.251736416666,123.269513538886,21.99444444,2.06,26.0,2,5.1764362714980825,70.66250196097344,15,5,1,-0.7071067811865471,-0.7071067811865479,-0.9749279121818236,-0.2225209339563146,0.4999999999999999,0.8660254037844387,142.25,149.1875,162.64583333333334,15.4,36.0,98.0,67.5,-3.125,3.8421779,0.0,2.35,21.948148106666665,26.0,26.0,26.0,26.0,26.0,-19.93444444,-0.0055555600000012,-0.0053333333333331,2.065333333333333,1.852,21.99814814666667,2.0682222222222237,5.0433526,5.044968,5.044968,5.0687146,5.0299067,0,0.0,0,1.0,-0.25,6.3,93.7
2023-01-07 15:30:00,140.335219849994,123.132852255556,123.150351588888,21.948148106666665,1.852,26.0,2,5.1764362714980825,70.66250196097344,15,5,1,-0.7071067811865471,-0.7071067811865479,-0.9749279121818236,-0.2225209339563146,0.4999999999999999,0.8660254037844387,138.5,144.5625,158.9375,15.0,36.0,96.0,67.0,-3.35,3.775243,0.0,2.2,21.911111100000003,26.0,26.0,26.0,26.0,26.0,-20.096148106666664,-0.0462963333333341,-0.2079999999999999,2.06,1.624,21.980864182222223,1.9924444444444456,5.0299067,5.0433526,5.044968,5.044968,5.019173,0,0.0,0,1.0,-0.27,6.5,93.5
2023-01-07 15:45:00,163.36068762777398,122.835364172222,122.852863555552,21.911111100000003,1.624,26.0,2,5.1764362714980825,70.66250196097344,15,5,1,-0.7071067811865471,-0.7071067811865479,-0.9749279121818236,-0.2225209339563146,0.4999999999999999,0.8660254037844387,134.75,140.375,155.625,14.6,36.0,94.0,66.5,-3.575,3.70922,0.0,2.05,21.9407407,26.0,26.0,26.0,26.0,26.0,-20.287111100000004,-0.0370370066666616,-0.2280000000000002,1.852,1.5479999999999998,21.95123454888889,1.8453333333333344,5.019173,5.0299067,5.0433526,5.044968,5.027759,0,0.0,0,1.0,-0.27,6.6,93.4
2023-01-07 16:00:00,160.886342155552,129.360380927778,129.379269088888,21.9407407,1.5479999999999998,26.0,2,5.1764362714980825,70.66250196097344,16,5,1,-0.8660254037844385,-0.5000000000000004,-0.9749279121818236,-0.2225209339563146,0.4999999999999999,0.8660254037844387,131.0,136.625,152.70833333333334,14.2,36.0,92.0,66.0,-3.8,3.6440988,0.0,1.9,21.90555555,26.0,26.0,26.0,26.0,26.0,-20.3927407,0.0296295999999962,-0.076,1.624,1.4513333333333334,21.933333302222223,1.674666666666668,5.027759,5.019173,5.0299067,5.0433526,5.0175643,0,0.0,0,1.0,-0.27,6.5,93.5
2023-01-07 16:15:00,138.623899388884,122.76286703889,122.781199705554,21.90555555,1.4513333333333334,26.0,2,5.1764362714980825,70.66250196097344,16,5,1,-0.8660254037844385,-0.5000000000000004,-0.9749279121818236,-0.2225209339563146,0.4999999999999999,0.8660254037844387,121.75,131.5,148.97916666666666,14.05,35.1,78.25,65.75,-4.025,3.5752742,0.0,1.6749999999999998,21.90925925,26.0,26.0,26.0,26.0,26.0,-20.454222216666665,-0.0351851500000002,-0.0966666666666664,1.5479999999999998,1.354,21.91913578333333,1.5411111111111122,5.0175643,5.027759,5.019173,5.0299067,5.0186357,0,0.0,0,1.0,-0.28,6.6,93.4
2023-01-07 16:30:00,190.94986161667,167.448024027778,167.47024535555602,21.90925925,1.354,26.0,2,5.1764362714980825,70.66250196097344,16,5,1,-0.8660254037844385,-0.5000000000000004,-0.9749279121818236,-0.2225209339563146,0.4999999999999999,0.8660254037844387,112.5,125.0,144.4375,13.9,34.2,64.5,65.5,-4.25,3.507597,0.0,1.45,22.07777776,26.0,26.0,26.0,26.0,25.65,-20.55525925,0.003703699999999,-0.0973333333333335,1.4513333333333334,1.2346666666666666,21.9185185,1.4511111111111124,5.0186357,5.0175643,5.027759,5.019173,4.9994154,0,0.0,0,1.0,-0.27,6.6,93.4
2023-01-07 16:45:00,235.188925333336,207.923071627778,207.948070627778,22.07777776,1.2346666666666666,25.65,2,5.1764362714980825,70.66250196097344,16,5,1,-0.8660254037844385,-0.5000000000000004,-0.9749279121818236,-0.2225209339563146,0.4999999999999999,0.8660254037844387,103.25,117.125,139.08333333333334,13.75,33.3,50.75,65.25,-4.475,3.4410524,0.0,1.225,22.32777777333333,26.0,26.0,26.0,26.0,25.5,-20.84311109333333,0.1685185100000019,-0.1193333333333332,1.354,1.1233333333333335,21.96419752,1.3466666666666676,4.9994154,5.0186357,5.0175643,5.027759,5.042217,0,0.0,0,1.0,-0.24,6.2,93.8
2023-01-07 17:00:00,236.134720883334,204.51320806111,204.537095988888,22.32777777333333,1.1233333333333335,25.5,2,5.1764362714980825,70.66250196097344,17,5,1,-0.9659258262890684,-0.2588190451025206,-0.9749279121818236,-0.2225209339563146,0.4999999999999999,0.8660254037844387,94.0,107.875,132.91666666666666,13.6,32.4,37.0,65.0,-4.7,3.3756218,0.0,1.0,22.52222224,25.65,26.0,26.0,26.0,25.15,-21.20444444,0.2500000133333309,-0.111333333333333,1.2346666666666666,0.8726666666666667,22.104938261111112,1.2373333333333345,5.042217,4.9994154,5.0186357,5.0175643,5.028886,0,0.0,0,1.0,-0.18,5.7,94.3
2023-01-07 17:15:00,232.690136455556,203.670741727778,203.694351883334,22.52222224,0.8726666666666667,25.15,2,5.1764362714980825,70.66250196097344,17,5,1,-0.9659258262890684,-0.2588190451025206,-0.9749279121818236,-0.2225209339563146,0.4999999999999999,0.8660254037844387,75.5,96.3125,125.66666666666669,12.975,31.85,28.5,66.75,-4.9,3.33836,0.0,0.4499999999999999,22.57592595,25.5,25.65,26.0,26.0,25.0,-21.64955557333333,0.1944444666666704,-0.2506666666666668,1.1233333333333335,0.5700000000000001,22.30925925777778,1.07688888888889,5.028886,5.042217,4.9994154,5.0186357,5.0143266,0,0.0,0,1.0,-0.14,5.4,94.6
2023-01-07 17:30:00,221.908345361118,200.090884927778,200.113939555556,22.57592595,0.5700000000000001,25.0,2,5.1764362714980825,70.66250196097344,17,5,1,-0.9659258262890684,-0.2588190451025206,-0.9749279121818236,-0.2225209339563146,0.4999999999999999,0.8660254037844387,57.0,82.4375,117.33333333333331,12.35,31.3,20.0,68.5,-5.1,3.2986622,0.0,-0.1,22.59999999,25.15,25.5,25.65,26.0,25.0,-22.00592595,0.0537037100000006,-0.3026666666666666,0.8726666666666667,0.5633333333333334,22.475308654444444,0.8553333333333346,5.0143266,5.028886,5.042217,4.9994154,5.0212584,0,0.0,0,1.0,-0.13,5.3,94.7
2023-01-07 17:45:00,169.568772444448,153.784681683334,153.803847616666,22.59999999,0.5633333333333334,25.0,2,5.1764362714980825,70.66250196097344,17,5,1,-0.9659258262890684,-0.2588190451025206,-0.9749279121818236,-0.2225209339563146,0.4999999999999999,0.8660254037844387,38.5,66.25,107.91666666666669,11.725,30.75,11.499999999999996,70.25,-5.3,3.2567337,0.0,-0.6500000000000001,22.36481481,25.0,25.15,25.5,25.65,25.0,-22.036666656666668,0.0240740399999985,-0.0066666666666667,0.5700000000000001,0.5766666666666667,22.566049393333333,0.668666666666668,5.0212584,5.0143266,5.028886,5.042217,4.953889,0,0.0,0,1.0,-0.12,5.3,94.7
2023-01-07 18:00:00,148.865434161106,115.444826455556,115.45899262222,22.36481481,0.5766666666666667,25.0,2,5.1764362714980825,70.66250196097344,18,5,1,-1.0,-1.8369701987210294e-16,-0.9749279121818236,-0.2225209339563146,0.4999999999999999,0.8660254037844387,20.0,47.75,97.41666666666669,11.1,30.2,3.0,72.0,-5.5,3.2127726,0.0,-1.2,21.97222223,25.0,25.0,25.15,25.5,25.35,-21.78814814333333,-0.235185180000002,0.0133333333333333,0.5633333333333334,0.5866666666666667,22.51358025,0.5700000000000012,4.953889,5.0212584,5.0143266,5.028886,4.9109726,0,0.0,0,1.0,-0.18,5.6,94.4
2023-01-07 18:15:00,222.519432150002,184.411512127778,184.431789133332,21.97222223,0.5866666666666667,25.35,2,5.1764362714980825,70.66250196097344,18,5,1,-1.0,-1.8369701987210294e-16,-0.9749279121818236,-0.2225209339563146,0.4999999999999999,0.8660254037844387,15.0,32.625,86.8125,10.3,28.325,10.25,73.25,-5.6,3.1953347,0.0,-1.525,22.14629631,25.0,25.0,25.0,25.15,25.316666666666663,-21.38555556333333,-0.3925925799999987,0.01,0.5766666666666667,0.3413333333333333,22.312345676666663,0.5755555555555567,4.9109726,4.953889,5.0212584,5.0143266,4.953959,0,0.0,0,1.0,-0.26,6.4,93.6
2023-01-07 18:30:00,254.200665166656,237.518276705554,237.546608972218,22.14629631,0.3413333333333333,25.316666666666663,2,5.1764362714980825,70.66250196097344,18,5,1,-1.0,-1.8369701987210294e-16,-0.9749279121818236,-0.2225209339563146,0.4999999999999999,0.8660254037844387,10.0,20.875,76.10416666666667,9.5,26.45,17.5,74.5,-5.7,3.1768668,0.0,-1.85,22.44444443,25.35,25.0,25.0,25.0,25.0,-21.804962976666665,0.1740740800000004,-0.2453333333333333,0.5866666666666667,0.1673333333333333,22.16111111666667,0.5015555555555568,4.953959,4.9109726,4.953889,5.0212584,4.9766107,0,0.0,0,1.0,-0.22,6.0,94.0
2023-01-07 18:45:00,185.788957111108,165.154226916666,165.17367062222002,22.44444443,0.1673333333333333,25.0,2,5.1764362714980825,70.66250196097344,18,5,1,-1.0,-1.8369701987210294e-16,-0.9749279121818236,-0.2225209339563146,0.4999999999999999,0.8660254037844387,5.0,12.5,65.29166666666667,8.7,24.575,24.75,75.75,-5.800000000000001,3.1574173,0.0,-2.175,22.38703702,25.316666666666663,25.35,25.0,25.0,25.0,-22.277111096666665,0.2981481199999969,-0.1739999999999999,0.3413333333333333,0.004,22.187654323333334,0.3651111111111123,4.9766107,4.953959,4.9109726,4.953889,4.9602213,0,0.0,0,1.0,-0.16,5.5,94.5
2023-01-07 19:00:00,134.686556888884,110.010599383334,110.022821127778,22.38703702,0.004,25.0,2,5.1764362714980825,70.66250196097344,19,5,1,-0.9659258262890684,0.2588190451025203,-0.9749279121818236,-0.2225209339563146,0.4999999999999999,0.8660254037844387,0.0,7.5,54.375,7.9,22.7,32.0,77.0,-5.9,3.1370347,0.0,-2.5,22.14444444,25.0,25.316666666666663,25.35,25.0,25.0,-22.38303702,-0.0574074099999997,-0.1633333333333333,0.1673333333333333,-0.106,22.325925920000003,0.1708888888888901,4.9602213,4.9766107,4.953959,4.9109726,4.8914723,0,0.0,0,1.0,-0.17,5.6,94.4
2023-01-07 19:15:00,139.58052772221998,107.632638988888,107.645138488888,22.14444444,-0.106,25.0,2,5.1764362714980825,70.66250196097344,19,5,1,-0.9659258262890684,0.2588190451025203,-0.9749279121818236,-0.2225209339563146,0.4999999999999999,0.8660254037844387,0.0,3.75,44.22916666666666,7.825,20.525,48.25,77.25,-5.800000000000001,3.163872,0.0,-2.425,21.95555551333333,25.0,25.0,25.316666666666663,25.35,25.0,-22.25044444,-0.2425925800000001,-0.11,0.004,-0.552,22.32530863,0.0217777777777789,4.8914723,4.9602213,4.9766107,4.953959,4.838515,0,0.0,0,1.0,-0.23,6.1,93.9
2023-01-07 19:30:00,176.327113233336,145.56528823889,145.582232027778,21.95555551333333,-0.552,25.0,2,5.1764362714980825,70.66250196097344,19,5,1,-0.9659258262890684,0.2588190451025203,-0.9749279121818236,-0.2225209339563146,0.4999999999999999,0.8660254037844387,0.0,1.25,34.854166666666664,7.75,18.35,64.5,77.5,-5.7,3.190895,0.0,-2.35,22.04444446,25.0,25.0,25.0,25.316666666666663,24.95,-22.50755551333333,-0.1888889266666673,-0.446,-0.106,-0.834,22.162345657777777,-0.2179999999999988,4.838515,4.8914723,4.9602213,4.9766107,4.853648,0,0.0,0,1.0,-0.27,6.5,93.5
2023-01-07 19:45:00,224.379357766668,199.434244544444,199.455910327778,22.04444446,-0.834,24.95,2,5.1764362714980825,70.66250196097344,19,5,1,-0.9659258262890684,0.2588190451025203,-0.9749279121818236,-0.2225209339563146,0.4999999999999999,0.8660254037844387,0.0,0.0,26.25,7.675,16.175,80.75,77.75,-5.6,3.2181044,0.0,-2.2750000000000004,22.30370372333333,25.0,25.0,25.0,25.0,24.53333333333333,-22.87844446,0.0888889466666711,-0.2819999999999999,-0.552,-0.7926666666666667,22.048148137777776,-0.4973333333333321,4.853648,4.838515,4.8914723,4.9602213,4.8443627,0,0.0,0,1.0,-0.25,6.3,93.7
2023-01-07 20:00:00,213.429240055564,197.550153211112,197.573763350002,22.30370372333333,-0.7926666666666667,24.53333333333333,2,5.1764362714980825,70.66250196097344,20,5,1,-0.8660254037844386,0.5000000000000001,-0.9749279121818236,-0.2225209339563146,0.4999999999999999,0.8660254037844387,0.0,0.0,18.416666666666668,7.6,14.0,97.0,78.0,-5.5,3.2455015,0.0,-2.2,22.43333331,24.95,25.0,25.0,25.0,24.15,-23.09637039,0.2592592633333339,0.0413333333333332,-0.834,-0.8066666666666666,22.10123456555556,-0.726222222222221,4.8443627,4.853648,4.838515,4.8914723,4.8043375,0,0.0,0,1.0,-0.19,5.8,94.2
2023-01-07 20:15:00,217.46630083334,195.291910227778,195.313853750002,22.43333331,-0.8066666666666666,24.15,2,5.1764362714980825,70.66250196097344,20,5,1,-0.8660254037844386,0.5000000000000001,-0.9749279121818236,-0.2225209339563146,0.4999999999999999,0.8660254037844387,0.0,0.0,12.125,7.725,14.725,97.75,77.75,-5.5,3.2521732,0.0,-2.125,22.496296293333334,24.53333333333333,24.95,25.0,25.0,24.0,-23.239999976666667,0.1296295866666668,-0.0139999999999999,-0.7926666666666667,-1.0106666666666666,22.26049383111112,-0.8111111111111099,4.8043375,4.8443627,4.853648,4.838515,4.791796,0,0.0,0,1.0,-0.17,5.6,94.4
2023-01-07 20:30:00,257.428591577768,190.352663388888,190.373773677776,22.496296293333334,-1.0106666666666666,24.0,2,5.1764362714980825,70.66250196097344,20,5,1,-0.8660254037844386,0.5000000000000001,-0.9749279121818236,-0.2225209339563146,0.4999999999999999,0.8660254037844387,0.0,0.0,7.375,7.85,15.45,98.5,77.5,-5.5,3.2588131,0.0,-2.05,22.49444444,24.15,24.53333333333333,24.95,25.0,24.0,-23.50696296,0.0629629833333318,-0.2039999999999999,-0.8066666666666666,-1.256,22.41111110888889,-0.8699999999999989,4.791796,4.8043375,4.8443627,4.853648,4.791287,0,0.0,0,1.0,-0.15,5.5,94.5
2023-01-07 20:45:00,468.393485711112,179.97585626111,179.997799816666,22.49444444,-1.256,24.0,2,5.1764362714980825,70.66250196097344,20,5,1,-0.8660254037844386,0.5000000000000001,-0.9749279121818236,-0.2225209339563146,0.4999999999999999,0.8660254037844387,0.0,0.0,4.166666666666667,7.975,16.174999999999997,99.25,77.25,-5.5,3.2654223,0.0,-1.975,22.36666663333333,24.0,24.15,24.53333333333333,24.95,23.816666666666663,-23.75044444,-0.0018518533333349,-0.2453333333333334,-1.0106666666666666,-1.6900000000000002,22.474691347777775,-1.0244444444444432,4.791287,4.791796,4.8043375,4.8443627,4.7199063,0,0.0,0,1.0,-0.15,5.5,94.5
2023-01-07 21:00:00,123.160629111104,106.019092416666,106.032425266664,22.36666663333333,-1.6900000000000002,23.816666666666663,2,5.1764362714980825,70.66250196097344,21,5,1,-0.7071067811865477,0.7071067811865474,-0.9749279121818236,-0.2225209339563146,0.4999999999999999,0.8660254037844387,0.0,0.0,2.5,8.1,16.9,100.0,77.0,-5.5,3.2719994,0.0,-1.9,21.90000001,24.0,24.0,24.15,24.53333333333333,23.85,-24.056666633333336,-0.1277778066666641,-0.4340000000000001,-1.256,-1.88,22.452469122222222,-1.318888888888888,4.7199063,4.791287,4.791796,4.8043375,4.6011753,0,0.0,0,1.0,-0.18,5.7,94.3
2023-01-07 21:15:00,160.75912514443598,133.5188257,133.534380677776,21.90000001,-1.88,23.85,2,5.1764362714980825,70.66250196097344,21,5,1,-0.7071067811865477,0.7071067811865474,-0.9749279121818236,-0.2225209339563146,0.4999999999999999,0.8660254037844387,0.0,0.0,1.25,8.75,18.425,100.0,76.5,-5.6,3.2393882,0.0,-1.95,21.745370405000003,23.816666666666663,24.0,24.0,24.15,23.90833333333333,-23.78000001,-0.4666666233333352,-0.1899999999999997,-1.6900000000000002,-1.936,22.253703694444443,-1.6086666666666656,4.6011753,4.7199063,4.791287,4.791796,4.5714383,0,0.0,0,1.0,-0.29,6.8,93.2
2023-01-07 21:30:00,219.344003622224,197.217944283334,197.2412767,21.745370405000003,-1.936,23.90833333333333,2,5.1764362714980825,70.66250196097344,21,5,1,-0.7071067811865477,0.7071067811865474,-0.9749279121818236,-0.2225209339563146,0.4999999999999999,0.8660254037844387,0.0,0.0,0.4166666666666667,9.4,19.95,100.0,76.0,-5.7,3.2069602,0.0,-2.0,22.025000035,23.85,23.816666666666663,24.0,24.0,23.575,-23.681370405000003,-0.1546296049999966,-0.056,-1.88,-2.075333333333333,22.004012349444448,-1.835333333333332,4.5714383,4.6011753,4.7199063,4.791287,4.581025,0,0.0,0,1.0,-0.33,7.2,92.8
2023-01-07 21:45:00,287.91570516111,256.2130844,256.24197216111,22.025000035,-2.075333333333333,23.575,2,5.1764362714980825,70.66250196097344,21,5,1,-0.7071067811865477,0.7071067811865474,-0.9749279121818236,-0.2225209339563146,0.4999999999999999,0.8660254037844387,0.0,0.0,0.0,10.05,21.475,100.0,75.5,-5.800000000000001,3.1747146,0.0,-2.05,22.355555523333333,23.90833333333333,23.85,23.816666666666663,24.0,23.316666666666663,-24.10033336833333,0.2796296299999987,-0.1393333333333335,-1.936,-2.294,21.890123483333337,-1.9637777777777767,4.581025,4.5714383,4.6011753,4.7199063,4.617867,0,0.0,0,1.0,-0.26,6.4,93.6
2023-01-07 22:00:00,250.403316700004,214.586138444444,214.608082016666,22.355555523333333,-2.294,23.316666666666663,2,5.1764362714980825,70.66250196097344,22,5,1,-0.5000000000000004,0.8660254037844384,-0.9749279121818236,-0.2225209339563146,0.4999999999999999,0.8660254037844387,0.0,0.0,0.0,10.7,23.0,100.0,75.0,-5.9,3.1426513,0.0,-2.1,22.39444444,23.575,23.90833333333333,23.85,23.816666666666663,23.0,-24.649555523333333,0.3305554883333315,-0.2186666666666665,-2.075333333333333,-2.219333333333333,22.041975321111117,-2.1017777777777766,4.617867,4.581025,4.5714383,4.6011753,4.5653453,0,0.0,0,1.0,-0.19,5.7,94.3
2023-01-07 22:15:00,153.664686699992,137.792821383334,137.809765238886,22.39444444,-2.219333333333333,23.0,2,5.1764362714980825,70.66250196097344,22,5,1,-0.5000000000000004,0.8660254037844384,-0.9749279121818236,-0.2225209339563146,0.4999999999999999,0.8660254037844387,0.0,0.0,0.0,10.45,23.2,100.0,74.75,-6.175000000000001,3.088504,0.0,-2.3,22.24444447,23.316666666666663,23.575,23.90833333333333,23.85,23.0,-24.61377777333333,0.0388889166666643,0.0746666666666668,-2.294,-2.4713333333333334,22.258333332777777,-2.196222222222221,4.5653453,4.617867,4.581025,4.5714383,4.5261335,0,0.0,0,1.0,-0.18,5.7,94.3
2023-01-07 22:30:00,152.630283511108,136.754807355556,136.770640088888,22.24444447,-2.4713333333333334,23.0,2,5.1764362714980825,70.66250196097344,22,5,1,-0.5000000000000004,0.8660254037844384,-0.9749279121818236,-0.2225209339563146,0.4999999999999999,0.8660254037844387,0.0,0.0,0.0,10.2,23.4,100.0,74.5,-6.45,3.035183,0.0,-2.5,22.08888893,23.0,23.316666666666663,23.575,23.90833333333333,23.0,-24.71577780333333,-0.1499999699999961,-0.2520000000000002,-2.219333333333333,-2.6420000000000003,22.331481477777785,-2.3282222222222213,4.5261335,4.5653453,4.617867,4.581025,4.4857774,0,0.0,0,1.0,-0.22,6.0,94.0
2023-01-07 22:45:00,184.38651324444,144.589493972222,144.604771177776,22.08888893,-2.6420000000000003,23.0,2,5.1764362714980825,70.66250196097344,22,5,1,-0.5000000000000004,0.8660254037844384,-0.9749279121818236,-0.2225209339563146,0.4999999999999999,0.8660254037844387,0.0,0.0,0.0,9.95,23.6,100.0,74.25,-6.725,2.9826775,0.0,-2.7,22.07592595,23.0,23.0,23.316666666666663,23.575,23.0,-24.73088893,-0.1555555400000017,-0.1706666666666669,-2.4713333333333334,-2.806666666666666,22.242592613333333,-2.444222222222221,4.4857774,4.5261335,4.5653453,4.617867,4.482429,0,0.0,0,1.0,-0.25,6.3,93.7
2023-01-07 23:00:00,210.747403149998,178.532302855556,178.553968688888,22.07592595,-2.806666666666666,23.0,2,5.1764362714980825,70.66250196097344,23,5,1,-0.2588190451025215,0.965925826289068,-0.9749279121818236,-0.2225209339563146,0.4999999999999999,0.8660254037844387,0.0,0.0,0.0,9.7,23.8,100.0,74.0,-7.0,2.9309754,0.0,-2.9,22.13888891,23.0,23.0,23.0,23.316666666666663,22.95,-24.88259261666667,-0.0129629799999975,-0.1646666666666663,-2.6420000000000003,-3.1886666666666668,22.136419783333334,-2.639999999999999,4.482429,4.4857774,4.5261335,4.5653453,4.488936,0,0.0,0,1.0,-0.26,6.4,93.6
2023-01-07 23:15:00,159.123912688884,142.69956953889,142.716791116666,22.13888891,-3.1886666666666668,22.95,2,5.1764362714980825,70.66250196097344,23,5,1,-0.2588190451025215,0.965925826289068,-0.9749279121818236,-0.2225209339563146,0.4999999999999999,0.8660254037844387,0.0,0.0,0.0,9.075,23.25,99.75,74.0,-7.175,2.8847234,0.0,-3.125,22.10370374333333,23.0,23.0,23.0,23.0,22.53333333333333,-25.327555576666665,0.0629629599999965,-0.3820000000000001,-2.806666666666666,-3.44,22.101234596666668,-2.87911111111111,4.488936,4.482429,4.4857774,4.5261335,4.3985143,0,0.0,0,1.0,-0.24,6.2,93.8
2023-01-07 23:30:00,231.136309627782,204.171555044444,204.194054144444,22.10370374333333,-3.44,22.53333333333333,2,5.1764362714980825,70.66250196097344,23,5,1,-0.2588190451025215,0.965925826289068,-0.9749279121818236,-0.2225209339563146,0.4999999999999999,0.8660254037844387,0.0,0.0,0.0,8.45,22.700000000000003,99.5,74.0,-7.35,2.8391144,0.0,-3.35,22.25000002,22.95,23.0,23.0,23.0,22.5,-25.54370374333333,-0.0351851666666647,-0.2513333333333332,-3.1886666666666668,-3.538,22.106172867777776,-3.14511111111111,4.3985143,4.488936,4.482429,4.4857774,4.4291553,0,0.0,0,1.0,-0.25,6.3,93.7
2023-01-07 23:45:00,209.325515444448,191.751774105554,191.774828716666,22.25000002,-3.538,22.5,2,5.1764362714980825,70.66250196097344,23,5,1,-0.2588190451025215,0.965925826289068,-0.9749279121818236,-0.2225209339563146,0.4999999999999999,0.8660254037844387,0.0,0.0,0.0,7.825,22.15,99.25,74.0,-7.525,2.7941403,0.0,-3.575,22.3296296,22.53333333333333,22.95,23.0,23.0,22.316666666666663,-25.78800002,0.1462962766666677,-0.0979999999999998,-3.44,-3.7006666666666654,22.164197557777783,-3.388888888888888,4.4291553,4.3985143,4.488936,4.482429,4.4132347,0,0.0,0,1.0,-0.22,6.0,94.0
2023-01-08 00:00:00,218.787081633328,186.60614653889,186.628090144444,22.3296296,-3.7006666666666654,22.316666666666663,2,5.1764362714980825,70.66250196097344,0,6,1,0.0,1.0,-0.7818314824680299,0.6234898018587334,0.4999999999999999,0.8660254037844387,0.0,0.0,0.0,7.2,21.6,99.0,74.0,-7.7,2.7497938,0.0,-3.8,22.3333333,22.5,22.53333333333333,22.95,23.0,22.0,-26.030296266666664,0.0796295799999953,-0.1626666666666665,-3.538,-3.838,22.22777778777778,-3.5595555555555545,4.4132347,4.4291553,4.3985143,4.488936,4.3515377,0,0.0,0,1.0,-0.2,5.8,94.2
2023-01-08 00:15:00,222.850530105554,184.6276146,184.648169344444,22.3333333,-3.838,22.0,2,5.1764362714980825,70.66250196097344,0,6,1,0.0,1.0,-0.7818314824680299,0.6234898018587334,0.4999999999999999,0.8660254037844387,0.0,0.0,0.0,6.875,20.425,98.5,73.75,-7.85,2.7210603,0.0,-3.9,22.353703686666663,22.316666666666663,22.5,22.53333333333333,22.95,22.0,-26.1713333,0.0037037000000026,-0.1373333333333337,-3.7006666666666654,-3.874,22.304320973333336,-3.6922222222222207,4.3515377,4.4132347,4.4291553,4.3985143,4.356638,0,0.0,0,1.0,-0.2,5.8,94.2
2023-01-08 00:30:00,207.54003131667,188.874111383334,188.89522163889,22.353703686666663,-3.874,22.0,2,5.1764362714980825,70.66250196097344,0,6,1,0.0,1.0,-0.7818314824680299,0.6234898018587334,0.4999999999999999,0.8660254037844387,0.0,0.0,0.0,6.550000000000001,19.25,98.0,73.5,-8.0,2.6925793,0.0,-4.0,22.3888889,22.0,22.316666666666663,22.5,22.53333333333333,22.0,-26.227703686666665,0.0203703866666664,-0.036,-3.838,-3.896666666666667,22.338888862222223,-3.804222222222221,4.356638,4.3515377,4.4132347,4.4291553,4.3654585,0,0.0,0,1.0,-0.2,5.8,94.2
2023-01-08 00:45:00,201.644711588892,185.785346072222,185.808122944444,22.3888889,-3.896666666666667,22.0,2,5.1764362714980825,70.66250196097344,0,6,1,0.0,1.0,-0.7818314824680299,0.6234898018587334,0.4999999999999999,0.8660254037844387,0.0,0.0,0.0,6.2250000000000005,18.075,97.5,73.25,-8.15,2.6643488,0.0,-4.1,22.3888889,22.0,22.0,22.316666666666663,22.5,22.0,-26.28555556666667,0.0351852133333352,-0.0226666666666668,-3.874,-3.878,22.358641962222222,-3.869555555555554,4.3654585,4.356638,4.3515377,4.4132347,4.3654585,0,0.0,0,1.0,-0.19,5.7,94.3
2023-01-08 01:00:00,172.485044888884,144.003961844444,144.02201672222,22.3888889,-3.878,22.0,2,5.1764362714980825,70.66250196097344,1,6,1,0.2588190451025207,0.9659258262890684,-0.7818314824680299,0.6234898018587334,0.4999999999999999,0.8660254037844387,0.0,0.0,0.0,5.9,16.9,97.0,73.0,-8.3,2.636368,0.0,-4.2,22.15555555,22.0,22.0,22.0,22.316666666666663,21.7,-26.2668889,0.0,0.0186666666666668,-3.896666666666667,-3.992,22.37716049555556,-3.882888888888888,4.3654585,4.3654585,4.356638,4.3515377,4.2485166,0,0.0,0,1.0,-0.19,5.7,94.3
2023-01-08 01:15:00,145.942773172222,110.140316411112,110.153649244444,22.15555555,-3.992,21.7,2,5.1764362714980825,70.66250196097344,1,6,1,0.2588190451025207,0.9659258262890684,-0.7818314824680299,0.6234898018587334,0.4999999999999999,0.8660254037844387,0.0,0.0,0.0,5.775,16.375,87.0,73.25,-8.375,2.6171901,0.0,-4.35,21.70740739,22.0,22.0,22.0,22.0,21.966666666666665,-26.14755555,-0.2333333500000023,-0.1139999999999994,-3.878,-4.056,22.311111116666662,-3.9222222222222207,4.2485166,4.3654585,4.3654585,4.356638,4.190976,0,0.0,0,1.0,-0.25,6.2,93.8
2023-01-08 01:30:00,193.494204538882,168.6007557,168.622977094442,21.70740739,-4.056,21.966666666666665,2,5.1764362714980825,70.66250196097344,1,6,1,0.2588190451025207,0.9659258262890684,-0.7818314824680299,0.6234898018587334,0.4999999999999999,0.8660254037844387,0.0,0.0,0.0,5.65,15.85,77.0,73.5,-8.45,2.598086,0.0,-4.5,21.75000001,21.7,22.0,22.0,22.0,21.95,-25.76340739,-0.4481481599999988,-0.0640000000000005,-3.992,-4.048666666666667,22.08395061333333,-3.975333333333332,4.190976,4.2485166,4.3654585,4.3654585,4.1981144,0,0.0,0,1.0,-0.35,7.5,92.5
2023-01-08 01:45:00,269.040626811112,245.856554194446,245.886553044444,21.75000001,-4.048666666666667,21.95,2,5.1764362714980825,70.66250196097344,1,6,1,0.2588190451025207,0.9659258262890684,-0.7818314824680299,0.6234898018587334,0.4999999999999999,0.8660254037844387,0.0,0.0,0.0,5.525,15.325,67.0,73.75,-8.525,2.5790553,0.0,-4.65,22.06666666,21.966666666666665,21.7,22.0,22.0,21.53333333333333,-25.798666676666667,0.0425926200000006,0.0073333333333334,-4.056,-4.13,21.87098765,-4.032222222222221,4.1981144,4.190976,4.2485166,4.3654585,4.194354,0,0.0,0,1.0,-0.34,7.4,92.6
2023-01-08 02:00:00,276.746152061106,255.45367036111,255.484224755552,22.06666666,-4.13,21.53333333333333,2,5.1764362714980825,70.66250196097344,2,6,1,0.4999999999999999,0.8660254037844387,-0.7818314824680299,0.6234898018587334,0.4999999999999999,0.8660254037844387,0.0,0.0,0.0,5.4,14.8,57.0,74.0,-8.6,2.5600994,0.0,-4.8,22.31111108,21.95,21.966666666666665,21.7,22.0,21.45,-26.19666666,0.3166666499999984,-0.0813333333333332,-4.048666666666667,-4.152666666666667,21.84135802,-4.07822222222222,4.194354,4.1981144,4.190976,4.2485166,4.237332,0,0.0,0,1.0,-0.27,6.5,93.5
2023-01-08 02:15:00,265.951583744444,243.331655244444,243.36137632222,22.31111108,-4.152666666666667,21.45,2,5.1764362714980825,70.66250196097344,2,6,1,0.4999999999999999,0.8660254037844387,-0.7818314824680299,0.6234898018587334,0.4999999999999999,0.8660254037844387,0.0,0.0,0.0,5.2250000000000005,14.525,49.25,75.25,-8.6,2.5708191,0.0,-4.975,22.45740738,21.53333333333333,21.95,21.966666666666665,21.7,21.03333333333333,-26.463777746666665,0.2444444200000006,-0.0226666666666668,-4.13,-4.093333333333333,22.04259258333333,-4.110444444444443,4.237332,4.194354,4.1981144,4.190976,4.1901073,0,0.0,0,1.0,-0.21,5.9,94.1
2023-01-08 02:30:00,280.66016222777,243.09083156111,243.12138600555,22.45740738,-4.093333333333333,21.03333333333333,2,5.1764362714980825,70.66250196097344,2,6,1,0.4999999999999999,0.8660254037844387,-0.7818314824680299,0.6234898018587334,0.4999999999999999,0.8660254037844387,0.0,0.0,0.0,5.050000000000001,14.25,41.5,76.5,-8.6,2.5808218,0.0,-5.15,22.53333336,21.45,21.53333333333333,21.95,21.966666666666665,21.0,-26.550740713333333,0.1462962999999995,0.0593333333333339,-4.152666666666667,-4.057333333333333,22.278395040000003,-4.125333333333333,4.1901073,4.237332,4.194354,4.1981144,4.2017484,0,0.0,0,1.0,-0.18,5.7,94.3
2023-01-08 02:45:00,214.81529596111,185.757013888888,185.781457394442,22.53333336,-4.057333333333333,21.0,2,5.1764362714980825,70.66250196097344,2,6,1,0.4999999999999999,0.8660254037844387,-0.7818314824680299,0.6234898018587334,0.4999999999999999,0.8660254037844387,0.0,0.0,0.0,4.875,13.975,33.75,77.75,-8.6,2.590123,0.0,-5.325,22.422222233333333,21.03333333333333,21.45,21.53333333333333,21.95,21.183333333333334,-26.59066669333333,0.0759259799999974,0.0359999999999995,-4.093333333333333,-4.09,22.433950606666667,-4.10111111111111,4.2017484,4.1901073,4.237332,4.194354,4.2114673,0,0.0,0,1.0,-0.16,5.5,94.5
2023-01-08 03:00:00,141.106577794442,125.044164683334,125.062219577776,22.422222233333333,-4.09,21.183333333333334,2,5.1764362714980825,70.66250196097344,3,6,1,0.7071067811865476,0.7071067811865476,-0.7818314824680299,0.6234898018587334,0.4999999999999999,0.8660254037844387,0.0,0.0,0.0,4.7,13.7,26.0,79.0,-8.6,2.5987356,0.0,-5.5,22.11111114,21.0,21.03333333333333,21.45,21.53333333333333,21.5,-26.512222233333333,-0.111111126666664,-0.0326666666666666,-4.057333333333333,-4.298666666666667,22.470987657777773,-4.080222222222221,4.2114673,4.2017484,4.1901073,4.237332,4.198598,0,0.0,0,1.0,-0.19,5.7,94.3
2023-01-08 03:15:00,141.23907246111,120.9793273,120.997382194442,22.11111114,-4.298666666666667,21.5,2,5.1764362714980825,70.66250196097344,3,6,1,0.7071067811865476,0.7071067811865476,-0.7818314824680299,0.6234898018587334,0.4999999999999999,0.8660254037844387,0.0,0.0,0.0,4.425,12.25,19.5,79.5,-8.575,2.6057546,0.0,-5.55,21.911111076666664,21.183333333333334,21.0,21.03333333333333,21.45,21.5,-26.409777806666664,-0.3111110933333343,-0.2086666666666667,-4.09,-4.123333333333333,22.35555557777778,-4.1486666666666645,4.198598,4.2114673,4.2017484,4.1901073,4.15047,0,0.0,0,1.0,-0.26,6.4,93.6
2023-01-08 03:30:00,167.765511211116,131.620290527778,131.637234316666,21.911111076666664,-4.123333333333333,21.5,2,5.1764362714980825,70.66250196097344,3,6,1,0.7071067811865476,0.7071067811865476,-0.7818314824680299,0.6234898018587334,0.4999999999999999,0.8660254037844387,0.0,0.0,0.0,4.15,10.8,13.0,80.0,-8.55,2.6126854,0.0,-5.6,21.79444445,21.5,21.183333333333334,21.0,21.03333333333333,21.5,-26.03444441,-0.2000000633333343,0.1753333333333335,-4.298666666666667,-3.9166666666666665,22.14814815,-4.170666666666666,4.15047,4.198598,4.2114673,4.2017484,4.122617,0,0.0,0,1.0,-0.3,6.9,93.1
2023-01-08 03:45:00,179.57837207778,148.279346322224,148.300456627778,21.79444445,-3.9166666666666665,21.5,2,5.1764362714980825,70.66250196097344,3,6,1,0.7071067811865476,0.7071067811865476,-0.7818314824680299,0.6234898018587334,0.4999999999999999,0.8660254037844387,0.0,0.0,0.0,3.875,9.35,6.5,80.5,-8.525,2.6195278,0.0,-5.65,21.838888886666663,21.5,21.5,21.183333333333334,21.0,21.5,-25.711111116666668,-0.1166666266666638,0.2066666666666665,-4.123333333333333,-3.826,21.938888888888886,-4.112888888888888,4.122617,4.15047,4.198598,4.2114673,4.1332073,0,0.0,0,1.0,-0.33,7.3,92.7
2023-01-08 04:00:00,220.028976355552,200.4453152,200.4703142,21.838888886666663,-3.826,21.5,2,5.1764362714980825,70.66250196097344,4,6,1,0.8660254037844386,0.5000000000000001,-0.7818314824680299,0.6234898018587334,0.4999999999999999,0.8660254037844387,0.0,0.0,0.0,3.6,7.9,0.0,81.0,-8.5,2.626283,0.0,-5.7,22.02777779,21.5,21.5,21.5,21.183333333333334,21.15,-25.664888886666667,0.0444444366666658,0.0906666666666664,-3.9166666666666665,-3.6486666666666654,21.84814813777778,-3.955333333333332,4.1332073,4.122617,4.15047,4.198598,4.1104646,0,0.0,0,1.0,-0.32,7.1,92.9
2023-01-08 04:15:00,211.451263911108,185.965338872222,185.989226816666,22.02777779,-3.6486666666666654,21.15,2,5.1764362714980825,70.66250196097344,4,6,1,0.8660254037844386,0.5000000000000001,-0.7818314824680299,0.6234898018587334,0.4999999999999999,0.8660254037844387,0.0,0.0,0.0,3.325,7.45,25.0,81.25,-8.45,2.629627,0.0,-5.725,22.1074074,21.5,21.5,21.5,21.5,21.0,-25.67644445666667,0.1888889033333356,0.1773333333333338,-3.826,-3.58,21.88703704222222,-3.797111111111109,4.1104646,4.1332073,4.122617,4.15047,4.100081,0,0.0,0,1.0,-0.28,6.6,93.4
2023-01-08 04:30:00,202.75494497778,185.268700072222,185.291754683334,22.1074074,-3.58,21.0,2,5.1764362714980825,70.66250196097344,4,6,1,0.8660254037844386,0.5000000000000001,-0.7818314824680299,0.6234898018587334,0.4999999999999999,0.8660254037844387,0.0,0.0,0.0,3.05,7.0,50.0,81.5,-8.4,2.63295,0.0,-5.75,22.14444446,21.15,21.5,21.5,21.5,21.0,-25.6874074,0.0796296099999978,0.0686666666666662,-3.6486666666666654,-3.517333333333333,21.99135802555556,-3.6848888888888873,4.100081,4.1104646,4.1332073,4.122617,4.1088367,0,0.0,0,1.0,-0.26,6.4,93.6
2023-01-08 04:45:00,215.718593227774,182.140491872222,182.163268744444,22.14444446,-3.517333333333333,21.0,2,5.1764362714980825,70.66250196097344,4,6,1,0.8660254037844386,0.5000000000000001,-0.7818314824680299,0.6234898018587334,0.4999999999999999,0.8660254037844387,0.0,0.0,0.0,2.775,6.55,75.0,81.75,-8.350000000000001,2.6362517,0.0,-5.775,22.13518519333333,21.0,21.15,21.5,21.5,21.0,-25.66177779333333,0.0370370599999994,0.0626666666666668,-3.58,-3.3826666666666667,22.093209883333333,-3.5819999999999985,4.1088367,4.100081,4.1104646,4.1332073,4.1066465,0,0.0,0,1.0,-0.25,6.3,93.7
2023-01-08 05:00:00,218.245992094442,180.713048988888,180.734159244444,22.13518519333333,-3.3826666666666667,21.0,2,5.1764362714980825,70.66250196097344,5,6,1,0.9659258262890684,0.2588190451025207,-0.7818314824680299,0.6234898018587334,0.4999999999999999,0.8660254037844387,0.0,0.0,0.0,2.5,6.1,100.0,82.0,-8.3,2.6395314,0.0,-5.8,22.11666667,21.0,21.0,21.15,21.5,21.0,-25.51785186,-0.0092592666666675,0.1346666666666665,-3.517333333333333,-3.548,22.12901235111111,-3.4933333333333323,4.1066465,4.1088367,4.100081,4.1104646,4.1022687,0,0.0,0,1.0,-0.25,6.3,93.7
2023-01-08 05:15:00,175.628807916666,159.769997827778,159.790552605554,22.11666667,-3.548,21.0,2,5.1764362714980825,70.66250196097344,5,6,1,0.9659258262890684,0.2588190451025207,-0.7818314824680299,0.6234898018587334,0.4999999999999999,0.8660254037844387,0.0,0.0,0.0,2.55,6.65,100.0,81.25,-8.275,2.648717,0.0,-5.625,21.86481481,21.0,21.0,21.0,21.15,21.0,-25.664666669999995,-0.0185185233333342,-0.1653333333333333,-3.3826666666666667,-3.4953333333333334,22.132098774444444,-3.482666666666665,4.1022687,4.1066465,4.1088367,4.100081,4.0431323,0,0.0,0,1.0,-0.26,6.4,93.6
2023-01-08 05:30:00,130.122850527774,113.999050972222,114.01655032222,21.86481481,-3.4953333333333334,21.0,2,5.1764362714980825,70.66250196097344,5,6,1,0.9659258262890684,0.2588190451025207,-0.7818314824680299,0.6234898018587334,0.4999999999999999,0.8660254037844387,0.0,0.0,0.0,2.6,7.2,100.0,80.5,-8.25,2.6576574,0.0,-5.449999999999999,21.47222223,21.0,21.0,21.0,21.0,21.35,-25.360148143333333,-0.2518518599999986,0.0526666666666666,-3.548,-3.444,22.03888889111111,-3.475333333333332,4.0431323,4.1022687,4.1066465,4.1088367,4.018293,0,0.0,0,1.0,-0.32,7.1,92.9
2023-01-08 05:45:00,217.248254188888,188.832446433332,188.856334394442,21.47222223,-3.444,21.35,2,5.1764362714980825,70.66250196097344,5,6,1,0.9659258262890684,0.2588190451025207,-0.7818314824680299,0.6234898018587334,0.4999999999999999,0.8660254037844387,0.0,0.0,0.0,2.6500000000000004,7.75,100.0,79.75,-8.225,2.666345,0.0,-5.275,21.64629631,21.0,21.0,21.0,21.0,21.316666666666663,-24.91622223,-0.3925925799999987,0.0513333333333334,-3.4953333333333334,-3.39,21.817901236666668,-3.4957777777777763,4.018293,4.0431323,4.1022687,4.1066465,4.052624,0,0.0,0,1.0,-0.4,8.4,91.6
2023-01-08 06:00:00,288.733450349994,256.715564316666,256.745840905554,21.64629631,-3.39,21.316666666666663,2,5.1764362714980825,70.66250196097344,6,6,1,1.0,6.123233995736766e-17,-0.7818314824680299,0.6234898018587334,0.4999999999999999,0.8660254037844387,0.0,0.0,0.0,2.7,8.3,100.0,79.0,-8.2,2.6747732,0.0,-5.1,22.00555557,21.35,21.0,21.0,21.0,21.0,-25.03629631,0.1740740800000004,0.0539999999999998,-3.444,-3.226,21.66111111666667,-3.4431111111111097,4.052624,4.018293,4.0431323,4.1022687,4.076087,0,0.0,0,1.0,-0.36,7.8,92.2
2023-01-08 06:15:00,297.219221905554,267.68151456111,267.71429108333,22.00555557,-3.226,21.0,2,5.1764362714980825,70.66250196097344,6,6,1,1.0,6.123233995736766e-17,-0.7818314824680299,0.6234898018587334,0.4999999999999999,0.8660254037844387,0.0,0.0,0.0,2.9000000000000004,8.65,100.0,78.75,-8.1,2.690392,0.0,-4.975,22.25185183,21.316666666666663,21.35,21.0,21.0,20.816666666666663,-25.23155557,0.3592592600000017,0.1640000000000001,-3.39,-3.1786666666666665,21.708024703333336,-3.353333333333332,4.076087,4.052624,4.018293,4.0431323,4.098225,0,0.0,0,1.0,-0.28,6.7,93.3
2023-01-08 06:30:00,241.897545977776,214.217264266668,214.243374355556,22.25185183,-3.1786666666666665,20.816666666666663,2,5.1764362714980825,70.66250196097344,6,6,1,1.0,6.123233995736766e-17,-0.7818314824680299,0.6234898018587334,0.4999999999999999,0.8660254037844387,0.0,0.0,0.0,3.1,9.0,100.0,78.5,-8.0,2.7060485,0.0,-4.85,22.28333334,21.0,21.316666666666663,21.35,21.0,20.85,-25.430518496666664,0.2462962599999976,0.0473333333333334,-3.226,-3.0,21.967901236666663,-3.2648888888888874,4.098225,4.076087,4.052624,4.018293,4.1122293,0,0.0,0,1.0,-0.23,6.1,93.9
2023-01-08 06:45:00,173.80388094999802,157.07732773889,157.097882466668,22.28333334,-3.0,20.85,2,5.1764362714980825,70.66250196097344,6,6,1,1.0,6.123233995736766e-17,-0.7818314824680299,0.6234898018587334,0.4999999999999999,0.8660254037844387,0.0,0.0,0.0,3.3,9.35,100.0,78.25,-7.899999999999999,2.7217424,0.0,-4.725,22.17407410666667,20.816666666666663,21.0,21.316666666666663,21.35,21.0,-25.28333334,0.0314815100000025,0.1786666666666665,-3.1786666666666665,-2.984666666666667,22.180246913333335,-3.1348888888888875,4.1122293,4.098225,4.076087,4.052624,4.115853,0,0.0,0,1.0,-0.22,6.0,94.0
2023-01-08 07:00:00,196.791017011108,178.09732023889,178.120374850002,22.17407410666667,-2.984666666666667,21.0,2,5.1764362714980825,70.66250196097344,7,6,1,0.9659258262890684,-0.2588190451025206,-0.7818314824680299,0.6234898018587334,0.4999999999999999,0.8660254037844387,0.0,0.0,0.0,3.5,9.7,100.0,78.0,-7.8,2.7374725,0.0,-4.6,22.1666667,20.85,20.816666666666663,21.0,21.316666666666663,21.0,-25.15874077333333,-0.1092592333333328,0.0153333333333329,-3.0,-2.872,22.23641975888889,-3.054444444444444,4.115853,4.1122293,4.098225,4.076087,4.114098,0,0.0,0,1.0,-0.25,6.2,93.8
2023-01-08 07:15:00,218.40237480555,176.324891188888,176.348223605554,22.1666667,-2.872,21.0,2,5.1764362714980825,70.66250196097344,7,6,1,0.9659258262890684,-0.2588190451025206,-0.7818314824680299,0.6234898018587334,0.4999999999999999,0.8660254037844387,0.0,0.0,0.0,4.375,10.425,100.0,77.5,-8.0,2.7053397,0.0,-4.675,22.1666667,21.0,20.85,20.816666666666663,21.0,21.0,-25.0386667,-0.0074074066666689,0.1126666666666671,-2.984666666666667,-2.862,22.20802471555556,-2.9522222222222214,4.114098,4.115853,4.1122293,4.098225,4.114098,0,0.0,0,1.0,-0.25,6.3,93.7
2023-01-08 07:30:00,214.13782306111,185.823955644444,185.847843555556,22.1666667,-2.862,21.0,2,5.1764362714980825,70.66250196097344,7,6,1,0.9659258262890684,-0.2588190451025206,-0.7818314824680299,0.6234898018587334,0.4999999999999999,0.8660254037844387,0.0,0.0,0.0,5.25,11.15,100.0,77.0,-8.2,2.6734643,0.0,-4.75,22.20555555,21.0,21.0,20.85,20.816666666666663,21.0,-25.0286667,0.0,0.0099999999999997,-2.872,-2.803333333333333,22.16913583555556,-2.906222222222221,4.114098,4.114098,4.115853,4.1122293,4.1233172,0,0.0,0,1.0,-0.25,6.3,93.7
2023-01-08 07:45:00,193.891688488888,178.065654822224,178.090376050002,22.20555555,-2.803333333333333,21.0,2,5.1764362714980825,70.66250196097344,7,6,1,0.9659258262890684,-0.2588190451025206,-0.7818314824680299,0.6234898018587334,0.4999999999999999,0.8660254037844387,0.0,0.0,0.0,6.125,11.875,100.0,76.5,-8.4,2.6418436,0.0,-4.825,22.2222222,21.0,21.0,21.0,20.85,21.0,-25.00888888333333,0.0388888499999993,0.0586666666666668,-2.862,-2.6533333333333333,22.17962965,-2.8457777777777764,4.1233172,4.114098,4.114098,4.115853,4.127275,0,0.0,0,1.0,-0.24,6.2,93.8
2023-01-08 08:00:00,199.517852349998,174.79495233889,174.817451455556,22.2222222,-2.6533333333333333,21.0,2,5.1764362714980825,70.66250196097344,8,6,1,0.8660254037844387,-0.4999999999999998,-0.7818314824680299,0.6234898018587334,0.4999999999999999,0.8660254037844387,0.0,0.0,0.0,7.0,12.6,100.0,76.0,-8.6,2.6104758,0.0,-4.9,22.21666665,21.0,21.0,21.0,21.0,20.65,-24.875555533333333,0.0166666500000012,0.1499999999999999,-2.803333333333333,-2.794,22.19814815,-2.772888888888888,4.127275,4.1233172,4.114098,4.114098,4.0571895,0,0.0,0,1.0,-0.23,6.1,93.9
2023-01-08 08:15:00,198.705940377776,174.36413623889,174.387746411112,22.21666665,-2.794,20.65,2,5.1764362714980825,70.66250196097344,8,6,1,0.8660254037844387,-0.4999999999999998,-0.7818314824680299,0.6234898018587334,0.4999999999999999,0.8660254037844387,0.5,0.125,0.0416666666666666,6.55,13.6,100.0,75.25,-8.6,2.6033444,0.0,-4.800000000000001,22.170370400000003,21.0,21.0,21.0,21.0,20.5,-25.01066665,-0.0055555500000004,-0.1406666666666667,-2.6533333333333333,-2.744666666666667,22.2148148,-2.750222222222221,4.0571895,4.127275,4.1233172,4.114098,4.0169992,0,0.0,0,1.0,-0.24,6.2,93.8
2023-01-08 08:30:00,205.301509844444,173.654997972222,173.678330372222,22.170370400000003,-2.744666666666667,20.5,2,5.1764362714980825,70.66250196097344,8,6,1,0.8660254037844387,-0.4999999999999998,-0.7818314824680299,0.6234898018587334,0.4999999999999999,0.8660254037844387,1.0,0.375,0.125,6.1,14.6,100.0,74.5,-8.6,2.595959,0.0,-4.7,22.1666667,20.65,21.0,21.0,21.0,20.8,-24.91503706666667,-0.0462962499999974,0.0493333333333332,-2.794,-2.5733333333333333,22.203086416666668,-2.7306666666666657,4.0169992,4.0571895,4.127275,4.1233172,4.0749164,0,0.0,0,1.0,-0.25,6.3,93.7
2023-01-08 08:45:00,204.543484483338,172.435880055556,172.460045772222,22.1666667,-2.5733333333333333,20.8,2,5.1764362714980825,70.66250196097344,8,6,1,0.8660254037844387,-0.4999999999999998,-0.7818314824680299,0.6234898018587334,0.4999999999999999,0.8660254037844387,1.5,0.75,0.25,5.65,15.6,100.0,73.75,-8.6,2.5883155,0.0,-4.6,22.14629631333333,20.5,20.65,21.0,21.0,20.53333333333333,-24.74000003333333,-0.0037037000000026,0.1713333333333335,-2.744666666666667,-2.524,22.18456791666667,-2.703999999999999,4.0749164,4.0169992,4.0571895,4.127275,4.0179567,0,0.0,0,1.0,-0.25,6.3,93.7
2023-01-08 09:00:00,205.162070988888,184.14291173889,184.168188544444,22.14629631333333,-2.524,20.53333333333333,2,5.1764362714980825,70.66250196097344,9,6,1,0.7071067811865476,-0.7071067811865475,-0.7818314824680299,0.6234898018587334,0.4999999999999999,0.8660254037844387,2.0,1.25,0.4166666666666667,5.2,16.6,100.0,73.0,-8.6,2.580412,0.0,-4.5,22.16666668,20.8,20.5,20.65,21.0,20.5,-24.67029631333333,-0.0203703866666664,0.0493333333333332,-2.5733333333333333,-2.5733333333333333,22.16111113777778,-2.613999999999999,4.0179567,4.0749164,4.0169992,4.0571895,4.0161433,0,0.0,0,1.0,-0.25,6.3,93.7
2023-01-08 09:15:00,241.15757572777,225.307654016666,225.336819566664,22.16666668,-2.5733333333333333,20.5,2,5.1764362714980825,70.66250196097344,9,6,1,0.7071067811865476,-0.7071067811865475,-0.7818314824680299,0.6234898018587334,0.4999999999999999,0.8660254037844387,13.25,4.4375,1.5208333333333333,4.375,15.775,100.0,72.75,-8.55,2.5900462,0.0,-4.4,22.281481456666665,20.53333333333333,20.8,20.5,20.65,20.5,-24.740000013333333,0.0203703666666648,-0.0493333333333332,-2.524,-2.496,22.15987656444445,-2.556888888888887,4.0161433,4.0179567,4.0749164,4.0169992,4.042768,0,0.0,0,1.0,-0.25,6.3,93.7
2023-01-08 09:30:00,494.639935844444,140.366885066668,140.386884316666,22.281481456666665,-2.496,20.5,2,5.1764362714980825,70.66250196097344,9,6,1,0.7071067811865476,-0.7071067811865475,-0.7818314824680299,0.6234898018587334,0.4999999999999999,0.8660254037844387,24.5,10.3125,3.5625,3.55,14.95,100.0,72.5,-8.5,2.5996697,0.0,-4.3,21.88333334,20.5,20.53333333333333,20.8,20.5,20.55,-24.777481456666663,0.114814776666666,0.0773333333333332,-2.5733333333333333,-2.3146666666666667,22.19814815,-2.53111111111111,4.042768,4.0161433,4.0179567,4.0749164,3.9607234,0,0.0,0,1.0,-0.22,6.0,94.0
2023-01-08 09:45:00,151.978365005558,113.945719772222,113.96155252222,21.88333334,-2.3146666666666667,20.55,2,5.1764362714980825,70.66250196097344,9,6,1,0.7071067811865476,-0.7071067811865475,-0.7818314824680299,0.6234898018587334,0.4999999999999999,0.8660254037844387,35.75,18.875,6.541666666666667,2.725,14.125,100.0,72.25,-8.45,2.609282,0.0,-4.199999999999999,21.538888906666667,20.5,20.5,20.53333333333333,20.8,20.966666666666665,-24.198000006666668,-0.3981481166666647,0.1813333333333333,-2.496,-2.3246666666666664,22.110493825555555,-2.461333333333332,3.9607234,4.042768,4.0161433,4.0179567,3.9614007,0,0.0,0,1.0,-0.32,7.1,92.9
2023-01-08 10:00:00,188.128585655556,165.817811455556,165.840310572222,21.538888906666667,-2.3246666666666664,20.966666666666665,2,5.1764362714980825,70.66250196097344,10,6,1,0.4999999999999999,-0.8660254037844387,-0.7818314824680299,0.6234898018587334,0.4999999999999999,0.8660254037844387,47.0,30.125,10.458333333333334,1.9,13.3,100.0,72.0,-8.4,2.6188822,0.0,-4.1,21.7,20.55,20.5,20.5,20.53333333333333,21.0,-23.863555573333333,-0.3444444333333329,-0.0099999999999997,-2.3146666666666667,-2.2633333333333336,21.901234567777777,-2.378444444444443,3.9614007,3.9607234,4.042768,4.0161433,4.0048327,0,0.0,0,1.0,-0.39,8.2,91.8
2023-01-08 10:15:00,267.498466566656,247.010119233332,247.042062455552,21.7,-2.2633333333333336,21.0,2,5.1764362714980825,70.66250196097344,10,6,1,0.4999999999999999,-0.8660254037844387,-0.7818314824680299,0.6234898018587334,0.4999999999999999,0.8660254037844387,79.75,46.75,17.104166666666668,2.65,13.75,98.5,71.25,-8.325,2.6381984,0.0,-3.85,22.042592603333333,20.966666666666665,20.55,20.5,20.5,20.816666666666663,-23.96333333333333,0.1611110933333321,0.0613333333333327,-2.3246666666666664,-2.322,21.707407415555554,-2.300888888888888,4.0048327,3.9614007,3.9607234,4.042768,4.0491376,0,0.0,0,1.0,-0.35,7.6,92.4
2023-01-08 10:30:00,279.706033494446,255.950872672222,255.983093616666,22.042592603333333,-2.322,20.816666666666663,2,5.1764362714980825,70.66250196097344,10,6,1,0.4999999999999999,-0.8660254037844387,-0.7818314824680299,0.6234898018587334,0.4999999999999999,0.8660254037844387,112.5,68.75,26.479166666666668,3.4000000000000004,14.2,97.0,70.5,-8.25,2.6572616,0.0,-3.6,22.28888888,21.0,20.966666666666665,20.55,20.5,20.5,-24.36459260333333,0.3425926033333333,-0.0586666666666664,-2.2633333333333336,-2.3280000000000003,21.76049383666667,-2.3033333333333323,4.0491376,4.0048327,3.9614007,3.9607234,4.0444913,0,0.0,0,1.0,-0.28,6.6,93.4
2023-01-08 10:45:00,258.600489049994,231.01298136111,231.041313611108,22.28888888,-2.3280000000000003,20.5,2,5.1764362714980825,70.66250196097344,10,6,1,0.4999999999999999,-0.8660254037844387,-0.7818314824680299,0.6234898018587334,0.4999999999999999,0.8660254037844387,145.25,96.125,38.583333333333336,4.15,14.65,95.5,69.75,-8.175,2.6760569,0.0,-3.35,22.40555554333333,20.816666666666663,21.0,20.966666666666665,20.55,20.5,-24.61688888,0.2462962766666656,-0.0060000000000002,-2.322,-2.0906666666666665,22.01049382777778,-2.304444444444444,4.0444913,4.0491376,4.0048327,3.9614007,4.071712,0,0.0,0,1.0,-0.22,6.0,94.0
2023-01-08 11:00:00,264.383035555548,229.96468996111,229.993855511108,22.40555554333333,-2.0906666666666665,20.5,2,5.1764362714980825,70.66250196097344,11,6,1,0.258819045102521,-0.9659258262890682,-0.7818314824680299,0.6234898018587334,0.4999999999999999,0.8660254037844387,178.0,128.875,53.41666666666666,4.9,15.1,94.0,69.0,-8.1,2.694572,0.0,-3.1,22.47777776,20.5,20.816666666666663,21.0,20.966666666666665,20.5,-24.49622221,0.1166666633333335,0.2373333333333338,-2.3280000000000003,-1.932,22.245679008888885,-2.246888888888888,4.071712,4.0444913,4.0491376,4.0048327,4.0886416,0,0.0,0,1.0,-0.2,5.8,94.2
2023-01-08 11:15:00,201.298892155556,175.3146538,175.337430738886,22.47777776,-1.932,20.5,2,5.1764362714980825,70.66250196097344,11,6,1,0.258819045102521,-0.9659258262890682,-0.7818314824680299,0.6234898018587334,0.4999999999999999,0.8660254037844387,195.75,157.875,69.6875,5.4,16.55,91.5,67.75,-8.075,2.6976743,0.0,-2.825,22.36666663333333,20.5,20.5,20.816666666666663,21.0,20.5,-24.40977776,0.0722222166666668,0.1586666666666665,-2.0906666666666665,-1.704,22.39074072777778,-2.116888888888888,4.0886416,4.071712,4.0444913,4.0491376,4.0626206,0,0.0,0,1.0,-0.18,5.7,94.3
2023-01-08 11:30:00,122.318718272218,106.5065729,106.520739033332,22.36666663333333,-1.704,20.5,2,5.1764362714980825,70.66250196097344,11,6,1,0.258819045102521,-0.9659258262890682,-0.7818314824680299,0.6234898018587334,0.4999999999999999,0.8660254037844387,213.5,183.125,87.39583333333333,5.9,18.0,89.0,66.5,-8.05,2.6997373,0.0,-2.55,22.04999999,20.5,20.5,20.5,20.816666666666663,20.85,-24.07066663333333,-0.111111126666664,0.2279999999999999,-1.932,-1.584,22.416666645555555,-1.908888888888888,4.0626206,4.0886416,4.071712,4.0444913,4.057353,0,0.0,0,1.0,-0.2,5.9,94.1
2023-01-08 11:45:00,132.834964372214,115.3970506,115.413161105554,22.04999999,-1.584,20.85,2,5.1764362714980825,70.66250196097344,11,6,1,0.258819045102521,-0.9659258262890682,-0.7818314824680299,0.6234898018587334,0.4999999999999999,0.8660254037844387,231.25,204.625,106.54166666666669,6.4,19.45,86.5,65.25,-8.025,2.7007244,0.0,-2.275,21.82407406333333,20.5,20.5,20.5,20.5,21.0,-23.63399999,-0.3166666433333347,0.1199999999999998,-1.704,-1.4,22.29814812777778,-1.7399999999999989,4.057353,4.0626206,4.0886416,4.071712,4.033636,0,0.0,0,1.0,-0.27,6.6,93.4
2023-01-08 12:00:00,158.551713277776,115.5728769,115.587043033332,21.82407406333333,-1.4,21.0,2,5.1764362714980825,70.66250196097344,12,6,1,1.2246467991473532e-16,-1.0,-0.7818314824680299,0.6234898018587334,0.4999999999999999,0.8660254037844387,249.0,222.375,127.125,6.9,20.9,84.0,64.0,-8.0,2.700598,0.0,-2.0,21.72777777,20.85,20.5,20.5,20.5,21.0,-23.224074063333333,-0.2259259266666653,0.1840000000000001,-1.584,-1.2593333333333334,22.08024689555556,-1.562666666666665,4.033636,4.057353,4.0626206,4.0886416,4.0112658,0,0.0,0,1.0,-0.33,7.2,92.8
2023-01-08 12:15:00,143.737028055556,115.6312079,115.646485105554,21.72777777,-1.2593333333333334,21.0,2,5.1764362714980825,70.66250196097344,12,6,1,1.2246467991473532e-16,-1.0,-0.7818314824680299,0.6234898018587334,0.4999999999999999,0.8660254037844387,271.75,241.375,148.66666666666666,5.75,20.625,69.0,63.0,-7.9,2.714815,0.0,-1.7,21.618518506666664,21.0,20.85,20.5,20.5,21.183333333333334,-22.987111103333334,-0.0962962933333351,0.1406666666666665,-1.4,-1.138,21.86728394111111,-1.4144444444444435,4.0112658,4.033636,4.057353,4.0626206,4.0208125,0,0.0,0,1.0,-0.35,7.5,92.5
2023-01-08 12:30:00,131.501684288884,115.742036783334,115.7562029,21.618518506666664,-1.138,21.183333333333334,2,5.1764362714980825,70.66250196097344,12,6,1,1.2246467991473532e-16,-1.0,-0.7818314824680299,0.6234898018587334,0.4999999999999999,0.8660254037844387,294.5,261.625,171.16666666666666,4.6,20.35,54.0,62.0,-7.8,2.7282732,0.0,-1.4,21.57222225,21.0,21.0,20.85,20.5,21.5,-22.756518506666666,-0.1092592633333353,0.1213333333333333,-1.2593333333333334,-1.104,21.723456780000003,-1.2657777777777766,4.0208125,4.0112658,4.033636,4.057353,4.0700073,0,0.0,0,1.0,-0.37,7.9,92.1
2023-01-08 12:45:00,152.614172972222,124.478909544444,124.494186733332,21.57222225,-1.104,21.5,2,5.1764362714980825,70.66250196097344,12,6,1,1.2246467991473532e-16,-1.0,-0.7818314824680299,0.6234898018587334,0.4999999999999999,0.8660254037844387,317.25,283.125,194.625,3.45,20.075,39.0,61.0,-7.699999999999999,2.7409377,0.0,-1.1,21.61666668666667,21.183333333333334,21.0,21.0,20.85,21.316666666666663,-22.67622225,-0.0462962566666647,0.0340000000000002,-1.138,-0.908,21.63950617555556,-1.16711111111111,4.0700073,4.0208125,4.0112658,4.033636,4.045688,0,0.0,0,1.0,-0.38,8.0,92.0
2023-01-08 13:00:00,229.111946172226,207.9341823,207.958348016666,21.61666668666667,-0.908,21.316666666666663,2,5.1764362714980825,70.66250196097344,13,6,1,-0.2588190451025208,-0.9659258262890684,-0.7818314824680299,0.6234898018587334,0.4999999999999999,0.8660254037844387,340.0,305.875,219.04166666666663,2.3,19.8,24.0,60.0,-7.6,2.7527754,0.0,-0.8,21.89444441,21.5,21.183333333333334,21.0,21.0,21.0,-22.52466668666667,0.0444444366666694,0.1959999999999999,-1.104,-0.8806666666666667,21.60246914777778,-1.0499999999999987,4.045688,4.0700073,4.0208125,4.0112658,4.0500507,0,0.0,0,1.0,-0.37,7.9,92.1
2023-01-08 13:15:00,270.717782005554,239.14571153889,239.173766016666,21.89444441,-0.8806666666666667,21.0,2,5.1764362714980825,70.66250196097344,13,6,1,-0.2588190451025208,-0.9659258262890684,-0.7818314824680299,0.6234898018587334,0.4999999999999999,0.8660254037844387,355.75,326.875,242.04166666666663,2.35,18.1,22.75,59.5,-7.475,2.7727392,0.0,-0.5750000000000001,22.140740723333334,21.316666666666663,21.5,21.183333333333334,21.0,21.0,-22.775111076666665,0.2777777233333296,0.0273333333333332,-0.908,-0.9326666666666666,21.69444444888889,-0.9642222222222208,4.0500507,4.045688,4.0700073,4.0208125,4.10796,0,0.0,0,1.0,-0.31,7.0,93.0
2023-01-08 13:30:00,204.957079155556,169.696267444444,169.715988888888,22.140740723333334,-0.9326666666666666,21.0,2,5.1764362714980825,70.66250196097344,13,6,1,-0.2588190451025208,-0.9659258262890684,-0.7818314824680299,0.6234898018587334,0.4999999999999999,0.8660254037844387,371.5,346.125,263.625,2.4,16.4,21.5,59.0,-7.35,2.7925675,0.0,-0.35,22.03333333,21.0,21.316666666666663,21.5,21.183333333333334,20.7,-23.07340739,0.2462963133333353,-0.0519999999999999,-0.8806666666666667,-0.888,21.88395060666667,-0.90711111111111,4.10796,4.0500507,4.045688,4.0700073,4.0242953,0,0.0,0,1.0,-0.25,6.3,93.7
2023-01-08 13:45:00,135.687072316666,119.8902042,119.906036949998,22.03333333,-0.888,20.7,2,5.1764362714980825,70.66250196097344,13,6,1,-0.2588190451025208,-0.9659258262890684,-0.7818314824680299,0.6234898018587334,0.4999999999999999,0.8660254037844387,387.25,363.625,283.7916666666667,2.45,14.7,20.25,58.5,-7.225,2.812252,0.0,-0.1250000000000001,21.70925927,21.0,21.0,21.316666666666663,21.5,20.966666666666665,-22.921333330000003,-0.1074073933333323,0.0446666666666666,-0.9326666666666666,-0.7886666666666666,22.022839487777777,-0.9004444444444433,4.0242953,4.10796,4.0500507,4.045688,4.000616,0,0.0,0,1.0,-0.28,6.6,93.4
2023-01-08 14:00:00,216.917156166672,201.122232555556,201.147231605554,21.70925927,-0.7886666666666666,20.966666666666665,2,5.1764362714980825,70.66250196097344,14,6,1,-0.4999999999999997,-0.8660254037844388,-0.7818314824680299,0.6234898018587334,0.4999999999999999,0.8660254037844387,403.0,379.375,302.5416666666667,2.5,13.0,19.0,58.0,-7.1,2.831785,0.0,0.1,21.89999997,20.7,21.0,21.0,21.316666666666663,20.95,-22.497925936666668,-0.3240740600000009,0.0993333333333333,-0.888,-0.4546666666666666,21.961111107777786,-0.8697777777777765,4.000616,4.0242953,4.10796,4.0500507,4.0417037,0,0.0,0,1.0,-0.35,7.6,92.4
2023-01-08 14:15:00,281.37374471666203,246.842070372222,246.86956932222,21.89999997,-0.4546666666666666,20.95,2,5.1764362714980825,70.66250196097344,14,6,1,-0.4999999999999997,-0.8660254037844388,-0.7818314824680299,0.6234898018587334,0.4999999999999999,0.8660254037844387,392.25,388.5,318.9166666666667,2.0,13.0,39.25,57.75,-7.0,2.8537304,0.0,0.275,22.192592616666666,20.966666666666665,20.7,21.0,21.0,20.53333333333333,-22.354666636666668,0.1907406999999992,0.3339999999999999,-0.7886666666666666,-0.1846666666666666,21.88086419,-0.7104444444444433,4.0417037,4.000616,4.0242953,4.10796,4.0286813,0,0.0,0,1.0,-0.31,7.0,93.0
2023-01-08 14:30:00,217.924616033332,185.252311827778,185.27481096111,22.192592616666666,-0.1846666666666666,20.53333333333333,2,5.1764362714980825,70.66250196097344,14,6,1,-0.4999999999999997,-0.8660254037844388,-0.7818314824680299,0.6234898018587334,0.4999999999999999,0.8660254037844387,381.5,391.0,332.9166666666667,1.5,13.0,59.5,57.5,-6.9,2.8757408,0.0,0.45,22.21666666,20.95,20.966666666666665,20.7,21.0,20.85,-22.37725928333333,0.2925926466666659,0.27,-0.4546666666666666,0.2486666666666666,21.93395061888889,-0.4759999999999988,4.0286813,4.0417037,4.000616,4.0242953,4.0964847,0,0.0,0,1.0,-0.24,6.2,93.8
2023-01-08 14:45:00,143.28176874999,120.939051127778,120.954883894442,22.21666666,0.2486666666666666,20.85,2,5.1764362714980825,70.66250196097344,14,6,1,-0.4999999999999997,-0.8660254037844388,-0.7818314824680299,0.6234898018587334,0.4999999999999999,0.8660254037844387,370.75,386.875,344.5416666666667,1.0,13.0,79.75,57.25,-6.8,2.8978145,0.0,0.625,22.0351852,20.53333333333333,20.95,20.966666666666665,20.7,21.0,-21.967999993333333,0.0240740433333321,0.4333333333333333,-0.1846666666666666,0.142,22.10308641555556,-0.130222222222221,4.0964847,4.0286813,4.0417037,4.000616,4.083055,0,0.0,0,1.0,-0.24,6.2,93.8
2023-01-08 15:00:00,210.491302194446,184.267629,184.289850344444,22.0351852,0.142,21.0,2,5.1764362714980825,70.66250196097344,15,6,1,-0.7071067811865471,-0.7071067811865479,-0.7818314824680299,0.6234898018587334,0.4999999999999999,0.8660254037844387,360.0,376.125,353.7916666666667,0.5,13.0,100.0,57.0,-6.7,2.9199507,0.0,0.8,22.14444448,20.85,20.53333333333333,20.95,20.966666666666665,20.95,-21.8931852,-0.1814814599999969,-0.1066666666666666,0.2486666666666666,0.2346666666666667,22.14814815888889,0.0686666666666678,4.083055,4.0964847,4.0286813,4.0417037,4.099055,0,0.0,0,1.0,-0.28,6.6,93.4
2023-01-08 15:15:00,199.02564957223,181.040535888888,181.062757216666,22.14444448,0.2346666666666667,20.95,2,5.1764362714980825,70.66250196097344,15,6,1,-0.7071067811865471,-0.7071067811865479,-0.7818314824680299,0.6234898018587334,0.4999999999999999,0.8660254037844387,327.75,360.0,358.4583333333333,0.825,11.825,81.75,57.0,-6.65,2.929958,0.0,0.8500000000000001,22.270370393333334,21.0,20.85,20.53333333333333,20.95,20.53333333333333,-21.90977781333333,0.1092592799999998,0.0926666666666667,0.142,0.6666666666666666,22.13209878,0.2084444444444456,4.099055,4.083055,4.0964847,4.0286813,4.0467544,0,0.0,0,1.0,-0.25,6.3,93.7
2023-01-08 15:30:00,205.422615983338,181.160531072222,181.182474677776,22.270370393333334,0.6666666666666666,20.53333333333333,2,5.1764362714980825,70.66250196097344,15,6,1,-0.7071067811865471,-0.7071067811865479,-0.7818314824680299,0.6234898018587334,0.4999999999999999,0.8660254037844387,295.5,338.5,358.5416666666667,1.15,10.65,63.5,57.0,-6.6,2.9399955,0.0,0.9,22.31666665,20.95,21.0,20.85,20.53333333333333,20.5,-21.603703726666662,0.125925913333333,0.4319999999999999,0.2346666666666667,0.7733333333333333,22.15000002444445,0.347777777777779,4.0467544,4.099055,4.083055,4.0964847,4.0509577,0,0.0,0,1.0,-0.23,6.1,93.9
2023-01-08 15:45:00,221.862791750002,181.094978111112,181.115255083334,22.31666665,0.7733333333333333,20.5,2,5.1764362714980825,70.66250196097344,15,6,1,-0.7071067811865471,-0.7071067811865479,-0.7818314824680299,0.6234898018587334,0.4999999999999999,0.8660254037844387,263.25,311.625,354.0416666666667,1.475,9.475,45.25,57.0,-6.55,2.9500628,0.0,0.95,22.353703686666663,20.53333333333333,20.95,21.0,20.85,20.5,-21.543333316666665,0.0462962566666647,0.1066666666666666,0.6666666666666666,0.7126666666666667,22.243827174444448,0.5582222222222234,4.0509577,4.0467544,4.099055,4.083055,4.059594,0,0.0,0,1.0,-0.22,6.0,94.0
2023-01-08 16:00:00,204.99179991667,180.499724155556,180.5219455,22.353703686666663,0.7126666666666667,20.5,2,5.1764362714980825,70.66250196097344,16,6,1,-0.8660254037844385,-0.5000000000000004,-0.7818314824680299,0.6234898018587334,0.4999999999999999,0.8660254037844387,231.0,279.375,344.9583333333333,1.8,8.3,27.0,57.0,-6.5,2.9601607,0.0,1.0,22.39444445,20.5,20.53333333333333,20.95,21.0,20.5,-21.64103702,0.0370370366666676,-0.0606666666666666,0.7733333333333333,0.4306666666666666,22.31358024333333,0.7175555555555567,4.059594,4.0509577,4.0467544,4.099055,4.069112,0,0.0,0,1.0,-0.21,5.9,94.1
2023-01-08 16:15:00,690.1054501111159,180.010021527778,180.033353911112,22.39444445,0.4306666666666666,20.5,2,5.1764362714980825,70.66250196097344,16,6,1,-0.8660254037844385,-0.5000000000000004,-0.7818314824680299,0.6234898018587334,0.4999999999999999,0.8660254037844387,209.75,249.875,332.7916666666667,2.6500000000000004,8.375,20.25,59.5,-6.25,3.032408,0.0,0.725,22.4407407,20.5,20.5,20.53333333333333,20.95,20.5,-21.96377778333333,0.0407407633333321,-0.282,0.7126666666666667,-0.2293333333333333,22.35493826222222,0.6388888888888901,4.069112,4.059594,4.0509577,4.0467544,4.0799527,0,0.0,0,1.0,-0.2,5.8,94.2
2023-01-08 16:30:00,408.128118572226,179.300049944444,179.322271288888,22.4407407,-0.2293333333333333,20.5,2,5.1764362714980825,70.66250196097344,16,6,1,-0.8660254037844385,-0.5000000000000004,-0.7818314824680299,0.6234898018587334,0.4999999999999999,0.8660254037844387,188.5,223.125,317.5416666666667,3.5,8.45,13.5,62.0,-6.0,3.1007986,0.0,0.4499999999999999,22.4444444,20.5,20.5,20.5,20.53333333333333,20.5,-22.67007403333333,0.046296250000001,-0.6599999999999999,0.4306666666666666,-0.2453333333333333,22.396296278888887,0.3046666666666679,4.0799527,4.069112,4.059594,4.0509577,4.0808206,0,0.0,0,1.0,-0.19,5.7,94.3
2023-01-08 16:45:00,210.017710072222,177.977880583334,178.0003797,22.4444444,-0.2453333333333333,20.5,2,5.1764362714980825,70.66250196097344,16,6,1,-0.8660254037844385,-0.5000000000000004,-0.7818314824680299,0.6234898018587334,0.4999999999999999,0.8660254037844387,167.25,199.125,299.2083333333333,4.3500000000000005,8.525,6.75,64.5,-5.75,3.1654382,0.0,0.1749999999999999,22.4444444,20.5,20.5,20.5,20.5,20.5,-22.689777733333333,0.003703699999999,-0.016,-0.2293333333333333,-0.5933333333333334,22.426543183333333,-0.0146666666666654,4.0808206,4.0799527,4.069112,4.059594,4.0808206,0,0.0,0,1.0,-0.19,5.7,94.3
2023-01-08 17:00:00,208.333333116662,177.036529372222,177.056528605554,22.4444444,-0.5933333333333334,20.5,2,5.1764362714980825,70.66250196097344,17,6,1,-0.9659258262890684,-0.2588190451025206,-0.7818314824680299,0.6234898018587334,0.4999999999999999,0.8660254037844387,146.0,177.875,277.7916666666667,5.2,8.6,0.0,67.0,-5.5,3.2264287,0.0,-0.1,22.39444444,20.5,20.5,20.5,20.5,20.5,-23.03777773333333,0.0,-0.348,-0.2453333333333333,-0.8546666666666667,22.443209833333334,-0.3559999999999988,4.0808206,4.0808206,4.0799527,4.069112,4.069112,0,0.0,0,1.0,-0.19,5.7,94.3
2023-01-08 17:15:00,156.208196105546,132.054717616666,132.071105877776,22.39444444,-0.8546666666666667,20.5,2,5.1764362714980825,70.66250196097344,17,6,1,-0.9659258262890684,-0.2588190451025206,-0.7818314824680299,0.6234898018587334,0.4999999999999999,0.8660254037844387,115.5,154.3125,254.72916666666663,6.45,10.6,0.0,69.5,-5.725,3.1831057,0.0,-0.825,22.20370373333333,20.5,20.5,20.5,20.5,20.5,-23.249111106666664,-0.0499999600000009,-0.2613333333333333,-0.5933333333333334,-1.3186666666666669,22.427777746666663,-0.5644444444444433,4.069112,4.0808206,4.0808206,4.0799527,4.024715,0,0.0,0,1.0,-0.2,5.8,94.2
2023-01-08 17:30:00,137.010352816662,115.7270374,115.739814672222,22.20370373333333,-1.3186666666666669,20.5,2,5.1764362714980825,70.66250196097344,17,6,1,-0.9659258262890684,-0.2588190451025206,-0.7818314824680299,0.6234898018587334,0.4999999999999999,0.8660254037844387,85.0,128.4375,230.02083333333331,7.699999999999999,12.6,0.0,72.0,-5.95,3.13533,0.0,-1.55,21.91666669,20.5,20.5,20.5,20.5,20.8,-23.5223704,-0.1907407066666628,-0.4639999999999999,-0.8546666666666667,-1.9366666666666668,22.34753085777778,-0.922222222222221,4.024715,4.069112,4.0808206,4.0808206,4.0166254,0,0.0,0,1.0,-0.24,6.2,93.8
2023-01-08 17:45:00,123.09479834444,107.133214483334,107.145991772222,21.91666669,-1.9366666666666668,20.8,2,5.1764362714980825,70.66250196097344,17,6,1,-0.9659258262890684,-0.2588190451025206,-0.7818314824680299,0.6234898018587334,0.4999999999999999,0.8660254037844387,54.5,100.25,203.66666666666663,8.95,14.6,0.0,74.5,-6.175000000000001,3.083586,0.0,-2.275,21.55925926666667,20.5,20.5,20.5,20.5,20.716666666666665,-23.853333356666667,-0.2870370433333349,-0.6180000000000001,-1.3186666666666669,-2.284666666666667,22.171604954444447,-1.369999999999999,4.0166254,4.024715,4.069112,4.0808206,3.9187813,0,0.0,0,1.0,-0.31,6.9,93.1
2023-01-08 18:00:00,139.239430266664,107.409314555556,107.423480688888,21.55925926666667,-2.284666666666667,20.716666666666665,2,5.1764362714980825,70.66250196097344,18,6,1,-1.0,-1.8369701987210294e-16,-0.7818314824680299,0.6234898018587334,0.4999999999999999,0.8660254037844387,24.0,69.75,175.66666666666666,10.2,16.6,0.0,77.0,-6.4,3.028326,0.0,-3.0,21.31666667,20.8,20.5,20.5,20.5,21.0,-23.84392593333333,-0.3574074233333313,-0.3480000000000001,-1.9366666666666668,-2.496666666666667,21.893209896666672,-1.8466666666666656,3.9187813,4.0166254,4.024715,4.069112,3.9169667,0,0.0,0,1.0,-0.39,8.1,91.9
2023-01-08 18:15:00,215.153615811108,177.343183805554,177.364294094442,21.31666667,-2.496666666666667,21.0,2,5.1764362714980825,70.66250196097344,18,6,1,-1.0,-1.8369701987210294e-16,-0.7818314824680299,0.6234898018587334,0.4999999999999999,0.8660254037844387,18.0,45.375,149.85416666666666,9.825,16.6,1.75,78.5,-6.5,3.017106,0.0,-3.325,21.56666666,20.716666666666665,20.8,20.5,20.5,21.0,-23.813333336666663,-0.2425925966666682,-0.2120000000000002,-2.284666666666667,-2.635333333333333,21.59753087555556,-2.2393333333333323,3.9169667,3.9187813,4.0166254,4.024715,3.974079,0,0.0,0,1.0,-0.44,9.1,90.9
2023-01-08 18:30:00,248.551724233332,227.938104311112,227.96560326111,21.56666666,-2.635333333333333,21.0,2,5.1764362714980825,70.66250196097344,18,6,1,-1.0,-1.8369701987210294e-16,-0.7818314824680299,0.6234898018587334,0.4999999999999999,0.8660254037844387,12.0,27.125,126.22916666666669,9.45,16.6,3.5,80.0,-6.6,3.0046368,0.0,-3.65,21.89444441,21.0,20.716666666666665,20.8,20.5,20.65,-24.20199999333333,0.2499999899999991,-0.1386666666666665,-2.496666666666667,-2.77,21.48086419888889,-2.472222222222221,3.974079,3.9169667,3.9187813,4.0166254,3.98255,0,0.0,0,1.0,-0.38,8.1,91.9
2023-01-08 18:45:00,594.405945011112,266.799605372222,266.83238186111,21.89444441,-2.77,20.65,2,5.1764362714980825,70.66250196097344,18,6,1,-1.0,-1.8369701987210294e-16,-0.7818314824680299,0.6234898018587334,0.4999999999999999,0.8660254037844387,6.0,15.0,104.79166666666669,9.075,16.6,5.25,81.5,-6.7,2.9909747,0.0,-3.975,22.16111111,21.0,21.0,20.716666666666665,20.8,20.5,-24.66444441,0.3277777499999992,-0.1346666666666665,-2.635333333333333,-2.829333333333333,21.59259258,-2.633999999999999,3.98255,3.974079,3.9169667,3.9187813,4.0148597,0,0.0,0,1.0,-0.31,7.0,93.0
2023-01-08 19:00:00,230.194958633328,206.634789827778,206.66117772222,22.16111111,-2.829333333333333,20.5,2,5.1764362714980825,70.66250196097344,19,6,1,-0.9659258262890684,0.2588190451025203,-0.7818314824680299,0.6234898018587334,0.4999999999999999,0.8660254037844387,0.0,9.0,85.54166666666667,8.7,16.6,7.0,83.0,-6.8,2.9761734,0.0,-4.3,22.21666666,20.65,21.0,21.0,20.716666666666665,20.5,-24.99044444333333,0.2666667000000018,-0.059333333333333,-2.77,-2.9146666666666667,21.87407406,-2.7448888888888874,4.0148597,3.98255,3.974079,3.9169667,4.0277185,0,0.0,0,1.0,-0.25,6.3,93.7
2023-01-08 19:15:00,155.02268767778,130.390061972222,130.407839111108,22.21666666,-2.9146666666666667,20.5,2,5.1764362714980825,70.66250196097344,19,6,1,-0.9659258262890684,0.2588190451025203,-0.7818314824680299,0.6234898018587334,0.4999999999999999,0.8660254037844387,0.0,4.5,68.0625,8.174999999999999,16.150000000000002,30.25,83.5,-7.15,2.899146,0.0,-4.75,22.01481481333333,20.5,20.65,21.0,21.0,20.5,-25.131333326666663,0.0555555499999975,-0.0853333333333337,-2.829333333333333,-3.034666666666667,22.090740726666667,-2.8379999999999987,4.0277185,4.0148597,3.98255,3.974079,3.9811625,0,0.0,0,1.0,-0.24,6.2,93.8
2023-01-08 19:30:00,225.392650649998,190.567099244444,190.5907094,22.01481481333333,-3.034666666666667,20.5,2,5.1764362714980825,70.66250196097344,19,6,1,-0.9659258262890684,0.2588190451025203,-0.7818314824680299,0.6234898018587334,0.4999999999999999,0.8660254037844387,0.0,1.5,52.35416666666666,7.649999999999999,15.7,53.5,84.0,-7.5,2.8236575,0.0,-5.2,22.088888880000003,20.5,20.5,20.65,21.0,20.5,-25.04948148,-0.201851846666667,-0.1200000000000001,-2.9146666666666667,-3.1546666666666665,22.13086419444444,-2.9262222222222207,3.9811625,4.0277185,4.0148597,3.98255,3.9981928,0,0.0,0,1.0,-0.29,6.7,93.3
2023-01-08 19:45:00,252.658504538882,222.536653727778,222.563874905554,22.088888880000003,-3.1546666666666665,20.5,2,5.1764362714980825,70.66250196097344,19,6,1,-0.9659258262890684,0.2588190451025203,-0.7818314824680299,0.6234898018587334,0.4999999999999999,0.8660254037844387,0.0,0.0,38.41666666666666,7.125,15.25,76.75,84.5,-7.85,2.7496905,0.0,-5.65,22.23518518,20.5,20.5,20.5,20.65,20.316666666666663,-25.24355554666667,0.0740740666666717,-0.1199999999999996,-3.034666666666667,-3.26,22.10679011777778,-3.034666666666665,3.9981928,3.9811625,4.0277185,4.0148597,3.9959545,0,0.0,0,1.0,-0.27,6.5,93.5
2023-01-08 20:00:00,237.320507016658,221.485862427778,221.512805816666,22.23518518,-3.26,20.316666666666663,2,5.1764362714980825,70.66250196097344,20,6,1,-0.8660254037844386,0.5000000000000001,-0.7818314824680299,0.6234898018587334,0.4999999999999999,0.8660254037844387,0.0,0.0,26.25,6.6,14.8,100.0,85.0,-8.2,2.6772282,0.0,-6.1,22.32222221,20.5,20.5,20.5,20.5,20.0,-25.49518518,0.1462962999999959,-0.1053333333333332,-3.1546666666666665,-3.424,22.11296295777778,-3.149777777777776,3.9959545,3.9981928,3.9811625,4.0277185,3.9534163,0,0.0,0,1.0,-0.24,6.2,93.8
2023-01-08 20:15:00,234.852550072218,217.165201944444,217.19242312222,22.32222221,-3.424,20.0,2,5.1764362714980825,70.66250196097344,20,6,1,-0.8660254037844386,0.5000000000000001,-0.7818314824680299,0.6234898018587334,0.4999999999999999,0.8660254037844387,0.0,0.0,16.625,6.1,13.8,75.0,84.25,-8.225,2.6729321,0.0,-6.0,22.38518519333333,20.316666666666663,20.5,20.5,20.5,20.0,-25.74622221,0.0870370300000011,-0.1640000000000001,-3.26,-3.512,22.215432090000004,-3.2795555555555542,3.9534163,3.9959545,3.9981928,3.9811625,3.9677536,0,0.0,0,1.0,-0.22,6.0,94.0
2023-01-08 20:30:00,239.905959077772,204.4518216,204.476820616666,22.38518519333333,-3.512,20.0,2,5.1764362714980825,70.66250196097344,20,6,1,-0.8660254037844386,0.5000000000000001,-0.7818314824680299,0.6234898018587334,0.4999999999999999,0.8660254037844387,0.0,0.0,9.541666666666666,5.6,12.8,50.0,83.5,-8.25,2.668415,0.0,-5.9,22.22777777,20.0,20.316666666666663,20.5,20.5,20.0,-25.89718519333333,0.0629629833333318,-0.088,-3.424,-3.58,22.31419752777778,-3.3986666666666654,3.9677536,3.9534163,3.9959545,3.9981928,3.9319959,0,0.0,0,1.0,-0.2,5.9,94.1
2023-01-08 20:45:00,130.228957316666,98.698551883334,98.712440277776,22.22777777,-3.58,20.0,2,5.1764362714980825,70.66250196097344,20,6,1,-0.8660254037844386,0.5000000000000001,-0.7818314824680299,0.6234898018587334,0.4999999999999999,0.8660254037844387,0.0,0.0,5.0,5.1,11.8,25.0,82.75,-8.275,2.6636732,0.0,-5.8,21.68518518,20.0,20.0,20.316666666666663,20.5,20.183333333333334,-25.80777777,-0.157407423333332,-0.068,-3.512,-3.6966666666666663,22.311728391111117,-3.5053333333333323,3.9319959,3.9677536,3.9534163,3.9959545,3.845795,0,0.0,0,1.0,-0.24,6.2,93.8
2023-01-08 21:00:00,156.662900016662,135.122928183334,135.141816344444,21.68518518,-3.6966666666666663,20.183333333333334,2,5.1764362714980825,70.66250196097344,21,6,1,-0.7071067811865477,0.7071067811865474,-0.7818314824680299,0.6234898018587334,0.4999999999999999,0.8660254037844387,0.0,0.0,3.0,4.6,10.8,0.0,82.0,-8.3,2.658706,0.0,-5.7,21.50555554,20.0,20.0,20.0,20.316666666666663,20.5,-25.381851846666667,-0.5425925899999982,-0.1166666666666667,-3.58,-3.768,22.099382714444445,-3.596222222222221,3.845795,3.9319959,3.9677536,3.9534163,3.8657665,0,0.0,0,1.0,-0.36,7.7,92.3
2023-01-08 21:15:00,237.964647716666,210.126039072222,210.151593633332,21.50555554,-3.768,20.5,2,5.1764362714980825,70.66250196097344,21,6,1,-0.7071067811865477,0.7071067811865474,-0.7818314824680299,0.6234898018587334,0.4999999999999999,0.8660254037844387,0.0,0.0,1.5,4.074999999999999,9.8,0.5,82.25,-8.225000000000001,2.6716387,0.0,-5.675,21.78888886,20.183333333333334,20.0,20.0,20.0,20.316666666666663,-25.27355554,-0.1796296400000017,-0.071333333333333,-3.6966666666666663,-3.868666666666667,21.806172830000005,-3.6815555555555535,3.8657665,3.845795,3.9319959,3.9677536,3.8944635,0,0.0,0,1.0,-0.4,8.4,91.6
2023-01-08 21:30:00,259.291016961106,243.379986627778,243.411374338886,21.78888886,-3.868666666666667,20.316666666666663,2,5.1764362714980825,70.66250196097344,21,6,1,-0.7071067811865477,0.7071067811865474,-0.7818314824680299,0.6234898018587334,0.4999999999999999,0.8660254037844387,0.0,0.0,0.5,3.55,8.8,1.0,82.5,-8.15,2.6846094,0.0,-5.65,22.0722222,20.5,20.183333333333334,20.0,20.0,20.0,-25.657555526666663,0.2833333200000005,-0.1006666666666671,-3.768,-3.97,21.659876526666668,-3.777777777777777,3.8944635,3.8657665,3.845795,3.9319959,3.896932,0,0.0,0,1.0,-0.34,7.4,92.6
2023-01-08 21:45:00,276.603657644444,248.797269911112,248.826435444444,22.0722222,-3.97,20.0,2,5.1764362714980825,70.66250196097344,21,6,1,-0.7071067811865477,0.7071067811865474,-0.7818314824680299,0.6234898018587334,0.4999999999999999,0.8660254037844387,0.0,0.0,0.0,3.025,7.8,1.5,82.75,-8.075000000000001,2.6976163,0.0,-5.625,22.23518518,20.316666666666663,20.5,20.183333333333334,20.0,20.0,-26.0422222,0.2833333399999986,-0.1013333333333328,-3.868666666666667,-3.944,21.788888866666667,-3.868888888888888,3.896932,3.8944635,3.8657665,3.845795,3.9336717,0,0.0,0,1.0,-0.28,6.6,93.4
2023-01-08 22:00:00,274.566239177776,231.00381506111,231.030758449998,22.23518518,-3.944,20.0,2,5.1764362714980825,70.66250196097344,22,6,1,-0.5000000000000004,0.8660254037844384,-0.7818314824680299,0.6234898018587334,0.4999999999999999,0.8660254037844387,0.0,0.0,0.0,2.5,6.8,2.0,83.0,-8.0,2.7106612,0.0,-5.6,22.27222224,20.0,20.316666666666663,20.5,20.183333333333334,20.0,-26.17918518,0.1629629799999996,0.0259999999999998,-3.97,-4.059333333333333,22.032098746666662,-3.927555555555555,3.9336717,3.896932,3.8944635,3.8657665,3.9420643,0,0.0,0,1.0,-0.24,6.2,93.8
2023-01-08 22:15:00,205.315398155556,187.771655516666,187.795543477776,22.27222224,-4.059333333333333,20.0,2,5.1764362714980825,70.66250196097344,22,6,1,-0.5000000000000004,0.8660254037844384,-0.7818314824680299,0.6234898018587334,0.4999999999999999,0.8660254037844387,0.0,0.0,0.0,2.525,6.275,1.5,83.25,-7.95,2.723743,0.0,-5.574999999999999,22.08333331,20.0,20.0,20.316666666666663,20.5,20.0,-26.331555573333333,0.0370370600000029,-0.115333333333333,-3.944,-4.203333333333333,22.19320987333333,-3.9911111111111097,3.9420643,3.9336717,3.896932,3.8944635,3.899428,0,0.0,0,1.0,-0.23,6.1,93.9
2023-01-08 22:30:00,120.852665799996,105.003855244444,105.018854694442,22.08333331,-4.203333333333333,20.0,2,5.1764362714980825,70.66250196097344,22,6,1,-0.5000000000000004,0.8660254037844384,-0.7818314824680299,0.6234898018587334,0.4999999999999999,0.8660254037844387,0.0,0.0,0.0,2.55,5.75,1.0,83.5,-7.9,2.7368615,0.0,-5.55,21.69999998,20.0,20.0,20.0,20.316666666666663,20.0,-26.286666643333334,-0.1888889300000009,-0.1440000000000001,-4.059333333333333,-4.22,22.19691357666667,-4.068888888888888,3.899428,3.9420643,3.9336717,3.896932,3.814127,0,0.0,0,1.0,-0.27,6.5,93.5
2023-01-08 22:45:00,214.931957944444,188.23441473889,188.256358327778,21.69999998,-4.22,20.0,2,5.1764362714980825,70.66250196097344,22,6,1,-0.5000000000000004,0.8660254037844384,-0.7818314824680299,0.6234898018587334,0.4999999999999999,0.8660254037844387,0.0,0.0,0.0,2.575,5.225,0.5,83.75,-7.85,2.7500184,0.0,-5.525,21.61296297,20.0,20.0,20.0,20.0,20.0,-25.91999998,-0.3833333300000028,-0.0166666666666666,-4.203333333333333,-4.3646666666666665,22.01851851,-4.160888888888888,3.814127,3.899428,3.9420643,3.9336717,3.794985,0,0.0,0,1.0,-0.36,7.7,92.3
2023-01-08 23:00:00,279.97907822222,247.865362772222,247.895639377776,21.61296297,-4.3646666666666665,20.0,2,5.1764362714980825,70.66250196097344,23,6,1,-0.2588190451025215,0.965925826289068,-0.7818314824680299,0.6234898018587334,0.4999999999999999,0.8660254037844387,0.0,0.0,0.0,2.6,4.7,0.0,84.0,-7.8,2.7632122,0.0,-5.5,21.94444445,20.0,20.0,20.0,20.0,19.95,-25.97762963666667,-0.0870370099999959,-0.1446666666666667,-4.22,-4.494666666666666,21.79876542,-4.262666666666665,3.794985,3.814127,3.899428,3.9420643,3.8586617,0,0.0,0,1.0,-0.38,8.0,92.0
2023-01-08 23:15:00,286.305214,256.352523255556,256.382799844444,21.94444445,-4.494666666666666,19.95,2,5.1764362714980825,70.66250196097344,23,6,1,-0.2588190451025215,0.965925826289068,-0.7818314824680299,0.6234898018587334,0.4999999999999999,0.8660254037844387,0.0,0.0,0.0,2.575,4.6,4.25,83.75,-7.8,2.759967,0.0,-5.475,22.14444443,20.0,20.0,20.0,20.0,19.53333333333333,-26.439111116666663,0.3314814799999972,-0.1299999999999999,-4.3646666666666665,-4.704666666666666,21.75246913333333,-4.359777777777777,3.8586617,3.794985,3.814127,3.899428,3.8218708,0,0.0,0,1.0,-0.3,6.9,93.1
2023-01-08 23:30:00,279.342437122216,253.908454372222,253.938730994442,22.14444443,-4.704666666666666,19.53333333333333,2,5.1764362714980825,70.66250196097344,23,6,1,-0.2588190451025215,0.965925826289068,-0.7818314824680299,0.6234898018587334,0.4999999999999999,0.8660254037844387,0.0,0.0,0.0,2.55,4.5,8.5,83.5,-7.8,2.7567003,0.0,-5.45,22.22777778,19.95,20.0,20.0,20.0,19.5,-26.849111096666668,0.1999999800000012,-0.2099999999999999,-4.494666666666666,-4.698,21.90061728333333,-4.521333333333332,3.8218708,3.8586617,3.794985,3.814127,3.8336954,0,0.0,0,1.0,-0.26,6.4,93.6
2023-01-08 23:45:00,169.431555983326,150.5598107,150.579532177776,22.22777778,-4.698,19.5,2,5.1764362714980825,70.66250196097344,23,6,1,-0.2588190451025215,0.965925826289068,-0.7818314824680299,0.6234898018587334,0.4999999999999999,0.8660254037844387,0.0,0.0,0.0,2.525,4.4,12.750000000000002,83.25,-7.8,2.7534103,0.0,-5.425000000000001,21.80370368,19.53333333333333,19.95,20.0,20.0,19.683333333333334,-26.92577778,0.0833333500000002,0.0066666666666668,-4.704666666666666,-4.610666666666666,22.105555553333332,-4.632444444444443,3.8336954,3.8218708,3.8586617,3.794985,3.7762887,0,0.0,0,1.0,-0.24,6.2,93.8
2023-01-09 00:00:00,131.019203622216,114.452921683334,114.469587749998,21.80370368,-4.610666666666666,19.683333333333334,2,5.1764362714980825,70.66250196097344,0,0,1,0.0,1.0,0.0,1.0,0.4999999999999999,0.8660254037844387,0.0,0.0,0.0,2.5,4.3,17.0,83.0,-7.8,2.7500997,0.0,-5.4,21.40555554,19.5,19.53333333333333,19.95,20.0,20.0,-26.41437034666667,-0.4240740999999985,0.0873333333333334,-4.698,-4.456,22.058641963333333,-4.671111111111109,3.7762887,3.8336954,3.8218708,3.8586617,3.749707,0,0.0,0,1.0,-0.34,7.4,92.6
2023-01-09 00:15:00,241.84782578333,201.653600216666,201.677210388888,21.40555554,-4.456,20.0,2,5.1764362714980825,70.66250196097344,0,0,1,0.0,1.0,0.0,1.0,0.4999999999999999,0.8660254037844387,0.0,0.0,0.0,3.0,5.025,31.5,82.25,-7.75,2.7598562,0.0,-5.2250000000000005,21.622222253333334,19.683333333333334,19.5,19.53333333333333,19.95,20.0,-25.86155554,-0.39814814,0.1546666666666656,-4.610666666666666,-4.492,21.81234566666667,-4.588222222222221,3.749707,3.7762887,3.8336954,3.8218708,3.7970178,0,0.0,0,1.0,-0.43,8.8,91.2
2023-01-09 00:30:00,269.905592244444,237.87354026111,237.90215028333,21.622222253333334,-4.492,20.0,2,5.1764362714980825,70.66250196097344,0,0,1,0.0,1.0,0.0,1.0,0.4999999999999999,0.8660254037844387,0.0,0.0,0.0,3.5,5.75,46.0,81.5,-7.699999999999999,2.7693634,0.0,-5.050000000000001,21.90555554,20.0,19.683333333333334,19.5,19.53333333333333,19.95,-26.11422225333333,0.2166667133333319,-0.0359999999999995,-4.456,-4.4126666666666665,21.610493824444447,-4.519555555555554,3.7970178,3.749707,3.7762887,3.8336954,3.8500164,0,0.0,0,1.0,-0.38,8.0,92.0
2023-01-09 00:45:00,276.447830377784,260.635685255556,260.667906233332,21.90555554,-4.4126666666666665,19.95,2,5.1764362714980825,70.66250196097344,0,0,1,0.0,1.0,0.0,1.0,0.4999999999999999,0.8660254037844387,0.0,0.0,0.0,4.0,6.475,60.5,80.75,-7.649999999999999,2.778617,0.0,-4.875,22.088888923333336,20.0,20.0,19.683333333333334,19.5,19.53333333333333,-26.31822220666667,0.283333286666668,0.0793333333333334,-4.492,-4.171333333333333,21.64444444444445,-4.453555555555554,3.8500164,3.7970178,3.749707,3.7762887,3.80966,0,0.0,0,1.0,-0.31,7.0,93.0
2023-01-09 01:00:00,278.554412994442,255.678661327778,255.709771249998,22.088888923333336,-4.171333333333333,19.53333333333333,2,5.1764362714980825,70.66250196097344,1,0,1,0.2588190451025207,0.9659258262890684,0.0,1.0,0.4999999999999999,0.8660254037844387,0.0,0.0,0.0,4.5,7.2,75.0,80.0,-7.6,2.7876072,0.0,-4.7,22.17222222,19.95,20.0,20.0,19.683333333333334,19.5,-26.26022225666667,0.1833333833333341,0.2413333333333334,-4.4126666666666665,-4.074,21.87222223888889,-4.358666666666665,3.80966,3.8500164,3.7970178,3.749707,3.821456,0,0.0,0,1.0,-0.27,6.6,93.4
2023-01-09 01:15:00,163.065421588888,141.832104272222,141.84988136111,22.17222222,-4.074,19.5,2,5.1764362714980825,70.66250196097344,1,0,1,0.2588190451025207,0.9659258262890684,0.0,1.0,0.4999999999999999,0.8660254037844387,0.0,0.0,0.0,5.25,8.375,80.75,81.75,-7.25,2.8690817,0.0,-4.6,21.78888891,19.53333333333333,19.95,20.0,20.0,19.683333333333334,-26.24622222,0.0833332966666624,0.0973333333333332,-4.171333333333333,-3.7626666666666666,22.05555556111112,-4.219333333333332,3.821456,3.80966,3.8500164,3.7970178,3.7730606,0,0.0,0,1.0,-0.26,6.4,93.6
2023-01-09 01:30:00,188.38274238888,156.586514088888,156.607068833332,21.78888891,-3.7626666666666666,19.683333333333334,2,5.1764362714980825,70.66250196097344,1,0,1,0.2588190451025207,0.9659258262890684,0.0,1.0,0.4999999999999999,0.8660254037844387,0.0,0.0,0.0,6.0,9.55,86.5,83.5,-6.9,2.951567,0.0,-4.5,21.61666667,19.5,19.53333333333333,19.95,20.0,20.0,-25.55155557666667,-0.3833333099999976,0.3113333333333332,-4.074,-3.5373333333333337,22.016666684444445,-4.0026666666666655,3.7730606,3.821456,3.80966,3.8500164,3.795798,0,0.0,0,1.0,-0.34,7.4,92.6
2023-01-09 01:45:00,278.659686566664,243.329155311112,243.358876388888,21.61666667,-3.5373333333333337,20.0,2,5.1764362714980825,70.66250196097344,1,0,1,0.2588190451025207,0.9659258262890684,0.0,1.0,0.4999999999999999,0.8660254037844387,0.0,0.0,0.0,6.75,10.725,92.25,85.25,-6.55,3.0350711,0.0,-4.4,21.87962961,19.683333333333334,19.5,19.53333333333333,19.95,19.816666666666663,-25.15400000333333,-0.1722222400000035,0.2253333333333329,-3.7626666666666666,-3.456,21.85925926666667,-3.791333333333332,3.795798,3.7730606,3.821456,3.80966,3.818567,0,0.0,0,1.0,-0.38,8.0,92.0
2023-01-09 02:00:00,284.86832707777603,262.152569011112,262.185623305554,21.87962961,-3.456,19.816666666666663,2,5.1764362714980825,70.66250196097344,2,0,1,0.4999999999999999,0.8660254037844387,0.0,1.0,0.4999999999999999,0.8660254037844387,0.0,0.0,0.0,7.5,11.9,98.0,87.0,-6.2,3.1196036,0.0,-4.3,22.088888880000003,20.0,19.683333333333334,19.5,19.53333333333333,19.5,-25.33562961,0.2629629400000013,0.0813333333333337,-3.5373333333333337,-3.4646666666666666,21.76172839666667,-3.5853333333333324,3.818567,3.795798,3.7730606,3.821456,3.803159,0,0.0,0,1.0,-0.32,7.1,92.9
2023-01-09 02:15:00,278.260813505558,262.3670049,262.399781438886,22.088888880000003,-3.4646666666666666,19.5,2,5.1764362714980825,70.66250196097344,2,0,1,0.4999999999999999,0.8660254037844387,0.0,1.0,0.4999999999999999,0.8660254037844387,0.0,0.0,0.0,7.15,12.425,98.5,87.0,-5.95,3.1701322,0.0,-4.075,22.25555553,19.816666666666663,20.0,19.683333333333334,19.5,19.5,-25.55355554666667,0.209259270000004,-0.0086666666666666,-3.456,-3.83,21.86172838666667,-3.485999999999999,3.803159,3.818567,3.795798,3.7730606,3.8398285,0,0.0,0,1.0,-0.27,6.6,93.4
2023-01-09 02:30:00,264.318315627782,241.396732611112,241.426731477776,22.25555553,-3.83,19.5,2,5.1764362714980825,70.66250196097344,2,0,1,0.4999999999999999,0.8660254037844387,0.0,1.0,0.4999999999999999,0.8660254037844387,0.0,0.0,0.0,6.8,12.95,99.0,87.0,-5.7,3.2213793,0.0,-3.85,22.32222219,19.5,19.816666666666663,20.0,19.683333333333334,19.5,-26.08555553,0.1666666499999962,-0.3653333333333335,-3.4646666666666666,-3.8886666666666665,22.07469134,-3.583555555555554,3.8398285,3.803159,3.818567,3.795798,3.8545806,0,0.0,0,1.0,-0.24,6.2,93.8
2023-01-09 02:45:00,230.388284116666,190.13378326111,190.15683792222,22.32222219,-3.8886666666666665,19.5,2,5.1764362714980825,70.66250196097344,2,0,1,0.4999999999999999,0.8660254037844387,0.0,1.0,0.4999999999999999,0.8660254037844387,0.0,0.0,0.0,6.449999999999999,13.475,99.5,87.0,-5.45,3.2733536,0.0,-3.625,22.06666666,19.5,19.5,19.816666666666663,20.0,19.683333333333334,-26.210888856666664,0.0666666599999992,-0.0586666666666664,-3.83,-3.836,22.2222222,-3.727777777777777,3.8545806,3.8398285,3.803159,3.818567,3.8340032,0,0.0,0,1.0,-0.22,6.0,94.0
2023-01-09 03:00:00,136.42176516111,110.944450944444,110.960839255552,22.06666666,-3.836,19.683333333333334,2,5.1764362714980825,70.66250196097344,3,0,1,0.7071067811865476,0.7071067811865476,0.0,1.0,0.4999999999999999,0.8660254037844387,0.0,0.0,0.0,6.1,14.0,100.0,87.0,-5.2,3.3260639,0.0,-3.4,21.5888889,19.5,19.5,19.5,19.816666666666663,20.0,-25.90266666,-0.2555555299999987,0.0526666666666666,-3.8886666666666665,-3.729333333333333,22.214814793333336,-3.8515555555555534,3.8340032,3.8545806,3.8398285,3.803159,3.7897055,0,0.0,0,1.0,-0.28,6.6,93.4
2023-01-09 03:15:00,186.131998938886,167.88495103333202,167.90661684999802,21.5888889,-3.729333333333333,20.0,2,5.1764362714980825,70.66250196097344,3,0,1,0.7071067811865476,0.7071067811865476,0.0,1.0,0.4999999999999999,0.8660254037844387,0.0,0.0,0.0,5.975,13.1,100.0,87.0,-5.175,3.3319664,0.0,-3.375,21.61296298,19.683333333333334,19.5,19.5,19.5,20.0,-25.31822223333333,-0.4777777600000021,0.1066666666666664,-3.836,-3.538,21.99259258333333,-3.817999999999999,3.7897055,3.8340032,3.8545806,3.8398285,3.794985,0,0.0,0,1.0,-0.39,8.1,91.9
2023-01-09 03:30:00,238.826002111112,212.832875211112,212.858707544444,21.61296298,-3.538,20.0,2,5.1764362714980825,70.66250196097344,3,0,1,0.7071067811865476,0.7071067811865476,0.0,1.0,0.4999999999999999,0.8660254037844387,0.0,0.0,0.0,5.85,12.2,100.0,87.0,-5.15,3.3378775,0.0,-3.35,21.88888886,20.0,19.683333333333334,19.5,19.5,20.0,-25.150962980000003,0.0240740800000054,0.1913333333333335,-3.729333333333333,-3.3146666666666667,21.75617284666667,-3.701111111111109,3.794985,3.7897055,3.8340032,3.8545806,3.8559554,0,0.0,0,1.0,-0.38,8.0,92.0
2023-01-09 03:45:00,278.971618322228,255.103962083334,255.134794233332,21.88888886,-3.3146666666666667,20.0,2,5.1764362714980825,70.66250196097344,3,0,1,0.7071067811865476,0.7071067811865476,0.0,1.0,0.4999999999999999,0.8660254037844387,0.0,0.0,0.0,5.725,11.3,100.0,87.0,-5.125,3.343799,0.0,-3.325,22.088888923333336,20.0,20.0,19.683333333333334,19.5,20.0,-25.20355552666667,0.275925879999999,0.2233333333333331,-3.538,-3.2486666666666664,21.69691358,-3.5273333333333325,3.8559554,3.794985,3.7897055,3.8340032,3.9006758,0,0.0,0,1.0,-0.32,7.1,92.9
2023-01-09 04:00:00,287.846263388892,255.716993111112,255.7472697,22.088888923333336,-3.2486666666666664,20.0,2,5.1764362714980825,70.66250196097344,4,0,1,0.8660254037844386,0.5000000000000001,0.0,1.0,0.4999999999999999,0.8660254037844387,0.0,0.0,0.0,5.6,10.4,100.0,87.0,-5.1,3.3497288,0.0,-3.3,22.24444447,20.0,20.0,20.0,19.683333333333334,20.0,-25.33755559,0.2000000633333343,0.0660000000000002,-3.3146666666666667,-3.066666666666667,21.863580254444447,-3.3671111111111096,3.9006758,3.8559554,3.794985,3.7897055,3.9357681,0,0.0,0,1.0,-0.27,6.5,93.5
2023-01-09 04:15:00,255.197291683334,222.94552623889,222.9719141,22.24444447,-3.066666666666667,20.0,2,5.1764362714980825,70.66250196097344,4,0,1,0.8660254037844386,0.5000000000000001,0.0,1.0,0.4999999999999999,0.8660254037844387,0.0,0.0,0.0,5.824999999999999,10.775,100.0,87.5,-5.175,3.339252,0.0,-3.425,22.216666676666662,20.0,20.0,20.0,20.0,20.0,-25.311111136666668,0.1555555466666653,0.1819999999999995,-3.2486666666666664,-2.8440000000000003,22.074074084444447,-3.209999999999998,3.9357681,3.9006758,3.8559554,3.794985,3.9294813,0,0.0,0,1.0,-0.24,6.2,93.8
2023-01-09 04:30:00,146.016936872222,130.164237655556,130.1822925,22.216666676666662,-2.8440000000000003,20.0,2,5.1764362714980825,70.66250196097344,4,0,1,0.8660254037844386,0.5000000000000001,0.0,1.0,0.4999999999999999,0.8660254037844387,0.0,0.0,0.0,6.05,11.15,100.0,88.0,-5.25,3.3286672,0.0,-3.55,21.77777779,20.0,20.0,20.0,20.0,20.35,-25.060666676666667,-0.0277777933333354,0.2226666666666665,-3.066666666666667,-2.526,22.18333335666667,-3.0531111111111096,3.9294813,3.9357681,3.9006758,3.8559554,3.8983514,0,0.0,0,1.0,-0.24,6.2,93.8
2023-01-09 04:45:00,149.401245927778,133.481604988888,133.499382077776,21.77777779,-2.526,20.35,2,5.1764362714980825,70.66250196097344,4,0,1,0.8660254037844386,0.5000000000000001,0.0,1.0,0.4999999999999999,0.8660254037844387,0.0,0.0,0.0,6.275,11.525,100.0,88.5,-5.325,3.3179774,0.0,-3.675,21.499999993333333,20.0,20.0,20.0,20.0,20.5,-24.30377779,-0.438888886666664,0.318,-2.8440000000000003,-2.6420000000000003,22.07962964555556,-2.8122222222222213,3.8983514,3.9294813,3.9357681,3.9006758,3.864523,0,0.0,0,1.0,-0.34,7.4,92.6
2023-01-09 05:00:00,212.200956072222,175.144660583334,175.165770855556,21.499999993333333,-2.6420000000000003,20.5,2,5.1764362714980825,70.66250196097344,5,0,1,0.9659258262890684,0.2588190451025207,0.0,1.0,0.4999999999999999,0.8660254037844387,0.0,0.0,0.0,6.5,11.9,100.0,89.0,-5.4,3.3071845,0.0,-3.8,21.65000003,20.35,20.0,20.0,20.0,20.5,-24.14199999333333,-0.277777796666669,-0.1160000000000001,-2.526,-2.310666666666666,21.83148148666667,-2.6706666666666656,3.864523,3.8983514,3.9294813,3.9357681,3.8981984,0,0.0,0,1.0,-0.4,8.4,91.6
2023-01-09 05:15:00,239.82540651667,207.554753044444,207.579196466668,21.65000003,-2.310666666666666,20.5,2,5.1764362714980825,70.66250196097344,5,0,1,0.9659258262890684,0.2588190451025207,0.0,1.0,0.4999999999999999,0.8660254037844387,0.0,0.0,0.0,6.7,12.625,100.0,87.75,-5.425000000000001,3.2957108,0.0,-3.65,21.883333316666665,20.5,20.35,20.0,20.0,20.5,-23.960666696666667,0.1500000366666682,0.3313333333333337,-2.6420000000000003,-1.7846666666666666,21.642592604444445,-2.492888888888888,3.8981984,3.864523,3.8983514,3.9294813,3.9510868,0,0.0,0,1.0,-0.37,7.8,92.2
2023-01-09 05:30:00,280.715159961106,260.604853155556,260.637074149998,21.883333316666665,-1.7846666666666666,20.5,2,5.1764362714980825,70.66250196097344,5,0,1,0.9659258262890684,0.2588190451025207,0.0,1.0,0.4999999999999999,0.8660254037844387,0.0,0.0,0.0,6.9,13.35,100.0,86.5,-5.45,3.2835655,0.0,-3.5,22.12222224,20.5,20.5,20.35,20.0,20.5,-23.66799998333333,0.2333332866666637,0.526,-2.310666666666666,-1.5346666666666666,21.677777780000003,-2.2457777777777768,3.9510868,3.8981984,3.864523,3.8983514,4.005877,0,0.0,0,1.0,-0.32,7.1,92.9
2023-01-09 05:45:00,259.481287216658,233.40955216111,233.43955104444,22.12222224,-1.5346666666666666,20.5,2,5.1764362714980825,70.66250196097344,5,0,1,0.9659258262890684,0.2588190451025207,0.0,1.0,0.4999999999999999,0.8660254037844387,0.0,0.0,0.0,7.1,14.075,100.0,85.25,-5.475,3.2707365,0.0,-3.35,22.2185185,20.5,20.5,20.5,20.35,20.5,-23.656888906666666,0.2388889233333344,0.25,-1.7846666666666666,-1.3173333333333332,21.88518519555556,-1.8766666666666647,4.005877,3.9510868,3.8981984,3.864523,4.028149,0,0.0,0,1.0,-0.26,6.4,93.6
2023-01-09 06:00:00,240.44704856666,222.268886655556,222.297496694442,22.2185185,-1.3173333333333332,20.5,2,5.1764362714980825,70.66250196097344,6,0,1,1.0,6.123233995736766e-17,0.0,1.0,0.4999999999999999,0.8660254037844387,0.0,0.0,0.0,7.3,14.8,100.0,84.0,-5.5,3.257213,0.0,-3.2,22.2388889,20.5,20.5,20.5,20.5,20.5,-23.535851833333336,0.0962962600000025,0.2173333333333333,-1.5346666666666666,-1.1053333333333333,22.07469135222222,-1.5455555555555545,4.028149,4.005877,3.9510868,3.8981984,4.0328736,0,0.0,0,1.0,-0.24,6.2,93.8
2023-01-09 06:15:00,183.202949488884,154.912136616666,154.932691394442,22.2388889,-1.1053333333333333,20.5,2,5.1764362714980825,70.66250196097344,6,0,1,1.0,6.123233995736766e-17,0.0,1.0,0.4999999999999999,0.8660254037844387,0.0,0.0,0.0,7.524999999999999,15.05,100.0,82.75,-5.625,3.2315338,0.0,-3.1,21.90740743,20.5,20.5,20.5,20.5,20.5,-23.344222233333333,0.0203703999999973,0.2119999999999999,-1.3173333333333332,-1.024,22.19320988,-1.31911111111111,4.0328736,4.028149,4.005877,3.9510868,3.9565787,0,0.0,0,1.0,-0.23,6.1,93.9
2023-01-09 06:30:00,149.542629122224,109.756720672222,109.770886788888,21.90740743,-1.024,20.5,2,5.1764362714980825,70.66250196097344,6,0,1,1.0,6.123233995736766e-17,0.0,1.0,0.4999999999999999,0.8660254037844387,0.0,0.0,0.0,7.75,15.3,100.0,81.5,-5.75,3.205306,0.0,-3.0,21.43333331,20.5,20.5,20.5,20.5,20.85,-22.93140743,-0.3314814699999999,0.0813333333333332,-1.1053333333333333,-1.012,22.12160494333333,-1.1488888888888875,3.9565787,4.0328736,4.028149,4.005877,3.9153626,0,0.0,0,1.0,-0.31,7.0,93.0
2023-01-09 06:45:00,190.804311972222,170.645396111112,170.667061911112,21.43333331,-1.012,20.85,2,5.1764362714980825,70.66250196097344,6,0,1,1.0,6.123233995736766e-17,0.0,1.0,0.4999999999999999,0.8660254037844387,0.0,0.0,0.0,7.975,15.55,100.0,80.25,-5.875,3.1785243,0.0,-2.9,21.57037036,20.5,20.5,20.5,20.5,21.0,-22.44533331,-0.4740741199999974,0.012,-1.024,-0.976,21.85987654666667,-1.04711111111111,3.9153626,3.9565787,4.0328736,4.028149,3.9749308,0,0.0,0,1.0,-0.42,8.6,91.4
2023-01-09 07:00:00,262.93892652222,247.104004344444,247.13539202222,21.57037036,-0.976,21.0,2,5.1764362714980825,70.66250196097344,7,0,1,0.9659258262890684,-0.2588190451025206,0.0,1.0,0.4999999999999999,0.8660254037844387,0.0,0.0,0.0,8.2,15.8,100.0,79.0,-6.0,3.1511822,0.0,-2.8,21.89444441,20.85,20.5,20.5,20.5,20.65,-22.54637036,0.13703705,0.0359999999999999,-1.012,-1.0233333333333332,21.63703703333333,-1.003999999999999,3.9749308,3.9153626,3.9565787,4.0328736,3.98255,0,0.0,0,1.0,-0.38,8.1,91.9
2023-01-09 07:15:00,297.673092483338,274.890670583334,274.922891544444,21.89444441,-1.0233333333333332,20.65,2,5.1764362714980825,70.66250196097344,7,0,1,0.9659258262890684,-0.2588190451025206,0.0,1.0,0.4999999999999999,0.8660254037844387,0.0,0.0,0.0,8.5,16.9,100.0,79.5,-5.85,3.1823325,0.0,-2.75,22.16111111,21.0,20.85,20.5,20.5,20.5,-22.91777774333333,0.3240740499999965,-0.0473333333333331,-0.976,-1.1386666666666665,21.63271602666667,-1.0037777777777763,3.98255,3.9749308,3.9153626,3.9565787,4.0148597,0,0.0,0,1.0,-0.31,7.0,93.0
2023-01-09 07:30:00,291.362511799996,259.926269233332,259.95904572222,22.16111111,-1.1386666666666665,20.5,2,5.1764362714980825,70.66250196097344,7,0,1,0.9659258262890684,-0.2588190451025206,0.0,1.0,0.4999999999999999,0.8660254037844387,0.0,0.0,0.0,8.8,18.0,100.0,80.0,-5.7,3.213659,0.0,-2.7,22.36111112,20.65,21.0,20.85,20.5,20.45,-23.299777776666662,0.2666667000000018,-0.1153333333333332,-1.0233333333333332,-1.176,21.875308626666666,-1.0459999999999987,4.0148597,3.98255,3.9749308,3.9153626,4.051418,0,0.0,0,1.0,-0.25,6.3,93.7
2023-01-09 07:45:00,286.343268261102,254.918413972222,254.950357144444,22.36111112,-1.176,20.45,2,5.1764362714980825,70.66250196097344,7,0,1,0.9659258262890684,-0.2588190451025206,0.0,1.0,0.4999999999999999,0.8660254037844387,0.0,0.0,0.0,9.1,19.1,100.0,80.5,-5.550000000000001,3.2451618,0.0,-2.65,22.461111086666666,20.5,20.65,21.0,20.85,20.03333333333333,-23.537111119999995,0.2000000099999965,-0.0373333333333334,-1.1386666666666665,-1.172,22.13888888,-1.1126666666666654,4.051418,4.0148597,3.98255,3.9749308,3.991744,0,0.0,0,1.0,-0.21,5.9,94.1
2023-01-09 08:00:00,568.548368305554,252.033529355556,252.06602803889,22.461111086666666,-1.172,20.03333333333333,2,5.1764362714980825,70.66250196097344,8,0,1,0.8660254037844387,-0.4999999999999998,0.0,1.0,0.4999999999999999,0.8660254037844387,0.0,0.0,0.0,9.4,20.2,100.0,81.0,-5.4,3.2768419,0.0,-2.6,22.54444447,20.45,20.5,20.65,21.0,20.0,-23.633111086666663,0.0999999666666688,0.004,-1.176,-1.0273333333333334,22.32777777222222,-1.162222222222221,3.991744,4.051418,4.0148597,3.98255,4.00422,0,0.0,0,1.0,-0.19,5.7,94.3
2023-01-09 08:15:00,272.902416983326,249.936113288888,249.966389927774,22.54444447,-1.0273333333333334,20.0,2,5.1764362714980825,70.66250196097344,8,0,1,0.8660254037844387,-0.4999999999999998,0.0,1.0,0.4999999999999999,0.8660254037844387,0.5,0.125,0.0416666666666666,10.65,22.625,100.0,80.25,-5.45,3.2636933,0.0,-2.525,22.6074074,20.03333333333333,20.45,20.5,20.65,20.0,-23.571777803333333,0.0833333833333327,0.1446666666666665,-1.172,-1.0393333333333332,22.45555555888889,-1.1251111111111098,4.00422,3.991744,4.051418,4.0148597,4.018714,0,0.0,0,1.0,-0.17,5.6,94.4
2023-01-09 08:30:00,264.02277233332,248.203960344444,248.232848138886,22.6074074,-1.0393333333333332,20.0,2,5.1764362714980825,70.66250196097344,8,0,1,0.8660254037844387,-0.4999999999999998,0.0,1.0,0.4999999999999999,0.8660254037844387,1.0,0.375,0.125,11.9,25.05,100.0,79.5,-5.5,3.2503028,0.0,-2.45,22.65000002,20.0,20.03333333333333,20.45,20.5,20.0,-23.64674073333333,0.0629629300000012,-0.0119999999999997,-1.0273333333333334,-0.9946666666666668,22.537654318888887,-1.0795555555555545,4.018714,4.00422,3.991744,4.051418,4.028547,0,0.0,0,1.0,-0.15,5.5,94.5
2023-01-09 08:45:00,269.080625377772,238.210748988888,238.237692394442,22.65000002,-0.9946666666666668,20.0,2,5.1764362714980825,70.66250196097344,8,0,1,0.8660254037844387,-0.4999999999999998,0.0,1.0,0.4999999999999999,0.8660254037844387,1.5,0.75,0.25,13.15,27.475,100.0,78.75,-5.55,3.2366674,0.0,-2.375,22.625925963333334,20.0,20.0,20.03333333333333,20.45,20.0,-23.644666686666667,0.0425926200000006,0.0446666666666665,-1.0393333333333332,-1.106666666666667,22.60061729666667,-1.0204444444444432,4.028547,4.018714,4.00422,3.991744,4.0229874,0,0.0,0,1.0,-0.14,5.4,94.6
2023-01-09 09:00:00,180.765824611112,140.501601911112,140.519101244444,22.625925963333334,-1.106666666666667,20.0,2,5.1764362714980825,70.66250196097344,9,0,1,0.7071067811865476,-0.7071067811865475,0.0,1.0,0.4999999999999999,0.8660254037844387,2.0,1.25,0.4166666666666667,14.4,29.9,100.0,78.0,-5.6,3.222787,0.0,-2.3,22.3277778,20.0,20.0,20.0,20.03333333333333,20.05,-23.73259263,-0.0240740566666666,-0.1119999999999999,-0.9946666666666668,-1.0933333333333335,22.627777794444444,-1.0468888888888876,4.0229874,4.028547,4.018714,4.00422,3.9645665,0,0.0,0,1.0,-0.15,5.5,94.5
2023-01-09 09:15:00,109.764498144444,91.564392844444,91.5763368,22.3277778,-1.0933333333333335,20.05,2,5.1764362714980825,70.66250196097344,9,0,1,0.7071067811865476,-0.7071067811865475,0.0,1.0,0.4999999999999999,0.8660254037844387,16.75,5.3125,1.8125,14.8,31.25,100.0,75.75,-5.824999999999999,3.1629622,0.0,-2.15,21.86481480333333,20.0,20.0,20.0,20.0,20.466666666666665,-23.421111133333333,-0.2981481633333338,0.0133333333333331,-1.106666666666667,-1.032,22.534567927777783,-1.0648888888888877,3.9645665,4.0229874,4.028547,4.018714,3.9404504,0,0.0,0,1.0,-0.22,6.0,94.0
2023-01-09 09:30:00,118.38026476666,100.700138516666,100.71458242222,21.86481480333333,-1.032,20.466666666666665,2,5.1764362714980825,70.66250196097344,9,0,1,0.7071067811865476,-0.7071067811865475,0.0,1.0,0.4999999999999999,0.8660254037844387,31.5,12.9375,4.4375,15.2,32.599999999999994,100.0,73.5,-6.05,3.101468,0.0,-2.0,21.42222221,20.05,20.0,20.0,20.0,20.85,-22.89681480333333,-0.4629629966666648,0.0613333333333334,-1.0933333333333335,-0.92,22.272839522222224,-1.077333333333332,3.9404504,3.9645665,4.0229874,4.028547,3.9128444,0,0.0,0,1.0,-0.32,7.1,92.9
2023-01-09 09:45:00,157.918682983334,131.258638327778,131.276970944444,21.42222221,-0.92,20.85,2,5.1764362714980825,70.66250196097344,9,0,1,0.7071067811865476,-0.7071067811865475,0.0,1.0,0.4999999999999999,0.8660254037844387,46.25,24.125,8.291666666666666,15.6,33.95,100.0,71.25,-6.275,3.0382786,0.0,-1.85,21.331481466666663,20.466666666666665,20.05,20.0,20.0,21.0,-22.34222221,-0.4425925933333374,0.1120000000000001,-1.032,-0.8166666666666667,21.87160493777778,-1.0151111111111095,3.9128444,3.9404504,3.9645665,4.0229874,3.9203315,0,0.0,0,1.0,-0.42,8.7,91.3
2023-01-09 10:00:00,257.775799788884,225.9534615,225.982904788888,21.331481466666663,-0.8166666666666667,21.0,2,5.1764362714980825,70.66250196097344,10,0,1,0.4999999999999999,-0.8660254037844387,0.0,1.0,0.4999999999999999,0.8660254037844387,61.0,38.875,13.375,16.0,35.3,100.0,69.0,-6.5,2.9733686,0.0,-1.7,21.75555554,20.85,20.466666666666665,20.05,20.0,20.65,-22.148148133333333,-0.0907407433333311,0.1033333333333332,-0.92,-0.6606666666666666,21.53950616,-0.9228888888888876,3.9203315,3.9128444,3.9404504,3.9645665,3.9507456,0,0.0,0,1.0,-0.44,9.0,91.0
2023-01-09 10:15:00,297.939748450006,270.236690083334,270.27029983889,21.75555554,-0.6606666666666666,20.65,2,5.1764362714980825,70.66250196097344,10,0,1,0.4999999999999999,-0.8660254037844387,0.0,1.0,0.4999999999999999,0.8660254037844387,68.75,51.875,19.104166666666668,15.55,35.3,92.25,67.5,-6.675,2.9393718,0.0,-1.55,22.101851866666667,21.0,20.85,20.466666666666665,20.05,20.5,-22.416222206666667,0.4240740733333332,0.156,-0.8166666666666667,-0.5193333333333333,21.503086405555557,-0.7991111111111097,3.9507456,3.9203315,3.9128444,3.9404504,4.00118,0,0.0,0,1.0,-0.34,7.5,92.5
2023-01-09 10:30:00,296.94506605556,268.640642811112,268.672863788888,22.101851866666667,-0.5193333333333333,20.5,2,5.1764362714980825,70.66250196097344,10,0,1,0.4999999999999999,-0.8660254037844387,0.0,1.0,0.4999999999999999,0.8660254037844387,76.5,63.125,25.479166666666668,15.1,35.3,84.5,66.0,-6.85,2.904291,0.0,-1.4,22.31111108,20.65,21.0,20.85,20.466666666666665,20.15,-22.6211852,0.3462963266666676,0.1413333333333333,-0.6606666666666666,-0.3946666666666666,21.72962962444444,-0.6655555555555542,4.00118,3.9507456,3.9203315,3.9128444,3.980523,0,0.0,0,1.0,-0.27,6.5,93.5
2023-01-09 10:45:00,275.3589852,259.452121516666,259.484898005554,22.31111108,-0.3946666666666666,20.15,2,5.1764362714980825,70.66250196097344,10,0,1,0.4999999999999999,-0.8660254037844387,0.0,1.0,0.4999999999999999,0.8660254037844387,84.25,72.625,32.5,14.65,35.3,76.75,64.5,-7.025,2.8681064,0.0,-1.25,22.45740738,20.5,20.65,21.0,20.85,20.0,-22.705777746666666,0.2092592133333326,0.1246666666666666,-0.5193333333333333,-0.1973333333333333,22.05617282888889,-0.5248888888888875,3.980523,4.00118,3.9507456,3.9203315,3.9842544,0,0.0,0,1.0,-0.22,6.0,94.0
2023-01-09 11:00:00,192.035096138886,176.208784683334,176.232672644444,22.45740738,-0.1973333333333333,20.0,2,5.1764362714980825,70.66250196097344,11,0,1,0.258819045102521,-0.9659258262890682,0.0,1.0,0.4999999999999999,0.8660254037844387,92.0,80.375,40.16666666666666,14.2,35.3,69.0,63.0,-7.2,2.8308043,0.0,-1.1,22.35555554,20.15,20.5,20.65,21.0,20.05,-22.65474071333333,0.1462962999999995,0.1973333333333333,-0.3946666666666666,-0.1126666666666666,22.290123442222225,-0.3704444444444431,3.9842544,3.980523,4.00118,3.9507456,3.970904,0,0.0,0,1.0,-0.19,5.7,94.3
2023-01-09 11:15:00,150.845354794446,109.477009644444,109.490064688888,22.35555554,-0.1126666666666666,20.05,2,5.1764362714980825,70.66250196097344,11,0,1,0.258819045102521,-0.9659258262890682,0.0,1.0,0.4999999999999999,0.8660254037844387,127.75,95.125,50.770833333333336,14.05,34.575,59.25,62.25,-7.125,2.846113,0.0,-0.8500000000000001,22.053703726666665,20.0,20.15,20.5,20.65,20.466666666666665,-22.468222206666667,-0.1018518399999983,0.0846666666666666,-0.1973333333333333,-0.072,22.37469133333333,-0.2348888888888875,3.970904,3.9842544,3.980523,4.00118,3.9836068,0,0.0,0,1.0,-0.21,5.9,94.1
2023-01-09 11:30:00,159.25835166111,126.626323627778,126.64187862222,22.053703726666665,-0.072,20.466666666666665,2,5.1764362714980825,70.66250196097344,11,0,1,0.258819045102521,-0.9659258262890682,0.0,1.0,0.4999999999999999,0.8660254037844387,163.5,116.875,64.3125,13.9,33.849999999999994,49.5,61.5,-7.050000000000001,2.860983,0.0,-0.6000000000000001,21.9722222,20.05,20.0,20.15,20.5,20.5,-22.125703726666664,-0.3018518133333359,0.0406666666666666,-0.1126666666666666,-0.0313333333333333,22.288888882222224,-0.127333333333332,3.9836068,3.970904,3.9842544,3.980523,3.9713976,0,0.0,0,1.0,-0.28,6.6,93.4
2023-01-09 11:45:00,196.800183027786,180.6986051,180.72082646111,21.9722222,-0.0313333333333333,20.5,2,5.1764362714980825,70.66250196097344,11,0,1,0.258819045102521,-0.9659258262890682,0.0,1.0,0.4999999999999999,0.8660254037844387,199.25,145.625,80.79166666666667,13.75,33.125,39.75,60.75,-6.9750000000000005,2.8753982,0.0,-0.3500000000000001,22.088888923333336,20.466666666666665,20.05,20.0,20.15,20.5,-22.00355553333333,-0.0814815266666677,0.0406666666666666,-0.072,0.0326666666666666,22.12716048888889,-0.0719999999999986,3.9713976,3.9836068,3.970904,3.9842544,3.9981928,0,0.0,0,1.0,-0.29,6.8,93.2
2023-01-09 12:00:00,208.110286272226,182.334095227778,182.35659436111,22.088888923333336,0.0326666666666666,20.5,2,5.1764362714980825,70.66250196097344,12,0,1,1.2246467991473532e-16,-1.0,0.0,1.0,0.4999999999999999,0.8660254037844387,235.0,181.375,100.20833333333331,13.6,32.4,30.0,60.0,-6.9,2.8893392,0.0,-0.1,22.25000002,20.5,20.466666666666665,20.05,20.0,20.5,-22.05622225666667,0.1166667233333385,0.064,-0.0313333333333333,0.0993333333333333,22.038271616666663,-0.0235555555555542,3.9981928,3.9713976,3.9836068,3.970904,4.0354524,0,0.0,0,1.0,-0.27,6.5,93.5
2023-01-09 12:15:00,203.391863816674,185.297310027778,185.31980916111,22.25000002,0.0993333333333333,20.5,2,5.1764362714980825,70.66250196097344,12,0,1,1.2246467991473532e-16,-1.0,0.0,1.0,0.4999999999999999,0.8660254037844387,275.75,218.375,121.79166666666669,14.25,33.475,47.5,58.25,-6.875,2.8982856,0.0,0.375,22.349999986666667,20.5,20.5,20.466666666666665,20.05,20.5,-22.150666686666668,0.1611110966666658,0.0666666666666666,0.0326666666666666,0.3486666666666667,22.10370371444445,0.0335555555555568,4.0354524,3.9981928,3.9713976,3.9836068,4.0587296,0,0.0,0,1.0,-0.23,6.1,93.9
2023-01-09 12:30:00,214.491697605562,185.48702463889,185.510079283334,22.349999986666667,0.3486666666666667,20.5,2,5.1764362714980825,70.66250196097344,12,0,1,1.2246467991473532e-16,-1.0,0.0,1.0,0.4999999999999999,0.8660254037844387,316.5,256.625,145.54166666666666,14.9,34.55,65.0,56.5,-6.85,2.9042568,0.0,0.8500000000000001,22.39444445,20.5,20.5,20.5,20.466666666666665,20.5,-22.00133332,0.0999999666666653,0.2493333333333333,0.0993333333333333,0.5966666666666666,22.229629643333336,0.1602222222222235,4.0587296,4.0354524,3.9981928,3.9713976,4.069112,0,0.0,0,1.0,-0.21,5.9,94.1
2023-01-09 12:45:00,226.863980594446,186.496706483334,186.519205616666,22.39444445,0.5966666666666666,20.5,2,5.1764362714980825,70.66250196097344,12,0,1,1.2246467991473532e-16,-1.0,0.0,1.0,0.4999999999999999,0.8660254037844387,357.25,296.125,171.45833333333334,15.55,35.625,82.5,54.75,-6.825,2.9070697,0.0,1.3250000000000002,22.461111086666666,20.5,20.5,20.5,20.5,20.5,-21.79777778333333,0.0444444633333311,0.2479999999999999,0.3486666666666667,0.7706666666666667,22.33148148555556,0.3482222222222235,4.069112,4.0587296,4.0354524,3.9981928,4.08473,0,0.0,0,1.0,-0.2,5.8,94.2
2023-01-09 13:00:00,208.112508316674,187.742767755556,187.764989083334,22.461111086666666,0.7706666666666667,20.5,2,5.1764362714980825,70.66250196097344,13,0,1,-0.2588190451025208,-0.9659258262890684,0.0,1.0,0.4999999999999999,0.8660254037844387,398.0,336.875,199.54166666666663,16.2,36.7,100.0,53.0,-6.8,2.9065363,0.0,1.8,22.54444447,20.5,20.5,20.5,20.5,20.5,-21.69044442,0.0666666366666675,0.1740000000000001,0.5966666666666666,1.136,22.40185184111111,0.5720000000000013,4.08473,4.069112,4.0587296,4.0354524,4.1043253,0,0.0,0,1.0,-0.18,5.7,94.3
2023-01-09 13:15:00,203.724072694454,187.984424755556,188.008034927778,22.54444447,1.136,20.5,2,5.1764362714980825,70.66250196097344,13,0,1,-0.2588190451025208,-0.9659258262890684,0.0,1.0,0.4999999999999999,0.8660254037844387,390.5,365.5625,226.35416666666663,15.225,36.875,85.0,53.25,-6.575,2.9601216,0.0,2.0,22.58703705,20.5,20.5,20.5,20.5,20.5,-21.40844447,0.0833333833333327,0.3653333333333332,0.7706666666666667,1.9146666666666663,22.466666668888887,0.8344444444444458,4.1043253,4.08473,4.069112,4.0587296,4.1143703,0,0.0,0,1.0,-0.16,5.6,94.4
2023-01-09 13:30:00,211.766250977788,187.810820566668,187.833319666668,22.58703705,1.9146666666666663,20.5,2,5.1764362714980825,70.66250196097344,13,0,1,-0.2588190451025208,-0.9659258262890684,0.0,1.0,0.4999999999999999,0.8660254037844387,383.0,382.1875,251.89583333333331,14.25,37.05,70.0,53.5,-6.35,3.0145597,0.0,2.2,22.48333335,20.5,20.5,20.5,20.5,20.55,-20.67237038333333,0.0425925800000008,0.7786666666666666,1.136,2.056666666666666,22.530864202222222,1.273777777777779,4.1143703,4.1043253,4.08473,4.069112,4.0999227,0,0.0,0,1.0,-0.15,5.5,94.5
2023-01-09 13:45:00,144.125901449998,113.835724155556,113.850168077776,22.48333335,2.056666666666666,20.55,2,5.1764362714980825,70.66250196097344,13,0,1,-0.2588190451025208,-0.9659258262890684,0.0,1.0,0.4999999999999999,0.8660254037844387,375.5,386.75,276.1666666666667,13.275,37.225,55.0,53.75,-6.125,3.0698626,0.0,2.4000000000000004,22.148148183333333,20.5,20.5,20.5,20.5,20.966666666666665,-20.426666683333337,-0.1037036999999969,0.1420000000000001,1.9146666666666663,2.118,22.538271623333333,1.7024444444444455,4.0999227,4.1143703,4.1043253,4.08473,4.1031895,0,0.0,0,1.0,-0.18,5.7,94.3
2023-01-09 14:00:00,156.702620577776,125.319987,125.335541977776,22.148148183333333,2.118,20.966666666666665,2,5.1764362714980825,70.66250196097344,14,0,1,-0.4999999999999997,-0.8660254037844388,0.0,1.0,0.4999999999999999,0.8660254037844387,368.0,379.25,299.1666666666667,12.3,37.4,40.0,54.0,-5.9,3.1260412,0.0,2.6,22.00555557,20.55,20.5,20.5,20.5,21.0,-20.03014818333333,-0.335185166666669,0.0613333333333332,2.056666666666666,2.848,22.406172861111116,2.029777777777779,4.1031895,4.0999227,4.1143703,4.1043253,4.076087,0,0.0,0,1.0,-0.25,6.3,93.7
2023-01-09 14:15:00,133.270502449994,105.4557816,105.469947733332,22.00555557,2.848,21.0,2,5.1764362714980825,70.66250196097344,14,0,1,-0.4999999999999997,-0.8660254037844388,0.0,1.0,0.4999999999999999,0.8660254037844387,366.0,373.125,319.0208333333333,11.575,35.25,54.5,54.0,-5.7250000000000005,3.152481,0.0,2.725,21.896296306666667,20.966666666666665,20.55,20.5,20.5,21.183333333333334,-19.157555570000003,-0.1425926133333313,0.73,2.118,2.9306666666666668,22.212345701111115,2.34088888888889,4.076087,4.1031895,4.0999227,4.1143703,4.085844,0,0.0,0,1.0,-0.28,6.7,93.3
2023-01-09 14:30:00,130.610053288884,109.660613383334,109.674501744444,21.896296306666667,2.9306666666666668,21.183333333333334,2,5.1764362714980825,70.66250196097344,14,0,1,-0.4999999999999997,-0.8660254037844388,0.0,1.0,0.4999999999999999,0.8660254037844387,364.0,368.375,335.7291666666667,10.85,33.1,69.0,54.0,-5.550000000000001,3.1791172,0.0,2.85,21.83888887,21.0,20.966666666666665,20.55,20.5,21.5,-18.96562964,-0.1092592633333353,0.0826666666666668,2.848,2.716,22.016666686666667,2.632222222222224,4.085844,4.076087,4.1031895,4.0999227,4.1332073,0,0.0,0,1.0,-0.31,7.0,93.0
2023-01-09 14:45:00,114.516530305554,98.774382183334,98.788270544444,21.83888887,2.716,21.5,2,5.1764362714980825,70.66250196097344,14,0,1,-0.4999999999999997,-0.8660254037844388,0.0,1.0,0.4999999999999999,0.8660254037844387,362.0,365.0,349.2916666666667,10.125,30.95,83.5,54.0,-5.375,3.20595,0.0,2.975,21.709259256666662,21.183333333333334,21.0,20.966666666666665,20.55,21.5,-19.12288887,-0.057407436666665,-0.2146666666666665,2.9306666666666668,2.815333333333333,21.91358024888889,2.831555555555557,4.1332073,4.085844,4.076087,4.1031895,4.1023803,0,0.0,0,1.0,-0.32,7.1,92.9
2023-01-09 15:00:00,148.699885166664,118.354154527778,118.36832066111,21.709259256666662,2.815333333333333,21.5,2,5.1764362714980825,70.66250196097344,15,0,1,-0.7071067811865471,-0.7071067811865479,0.0,1.0,0.4999999999999999,0.8660254037844387,360.0,363.0,359.7083333333333,9.4,28.8,98.0,54.0,-5.2,3.232981,0.0,3.1,21.76666669,21.5,21.183333333333334,21.0,20.966666666666665,21.5,-18.89392592333333,-0.1296296133333356,0.099333333333333,2.716,2.972,21.81481481111111,2.820666666666668,4.1023803,4.1332073,4.085844,4.076087,4.1160083,0,0.0,0,1.0,-0.35,7.5,92.5
2023-01-09 15:15:00,241.297847749998,203.674908211112,203.698518366668,21.76666669,2.972,21.5,2,5.1764362714980825,70.66250196097344,15,0,1,-0.7071067811865471,-0.7071067811865479,0.0,1.0,0.4999999999999999,0.8660254037844387,317.0,350.75,363.1458333333333,11.025,30.25,98.5,54.5,-5.075,3.2683961,0.0,3.125,22.04629631,21.5,21.5,21.183333333333334,21.0,21.316666666666663,-18.79466669,0.0574074333333349,0.1566666666666667,2.815333333333333,2.992,21.77160493888889,2.8344444444444457,4.1160083,4.1023803,4.1332073,4.085844,4.14728,0,0.0,0,1.0,-0.34,7.3,92.7
2023-01-09 15:30:00,228.622799005562,206.496462011112,206.520905466668,22.04629631,2.992,21.316666666666663,2,5.1764362714980825,70.66250196097344,15,0,1,-0.7071067811865471,-0.7071067811865479,0.0,1.0,0.4999999999999999,0.8660254037844387,274.0,328.25,359.6041666666667,12.65,31.700000000000003,99.0,55.0,-4.95,3.30392,0.0,3.1500000000000004,22.29444443,21.5,21.5,21.5,21.183333333333334,21.0,-19.05429631,0.2796296199999979,0.02,2.972,3.075333333333333,21.84074075222222,2.9264444444444457,4.14728,4.1160083,4.1023803,4.1332073,4.1444616,0,0.0,0,1.0,-0.27,6.5,93.5
2023-01-09 15:45:00,227.033140444448,205.953705972222,205.976760566668,22.29444443,3.075333333333333,21.0,2,5.1764362714980825,70.66250196097344,15,0,1,-0.7071067811865471,-0.7071067811865479,0.0,1.0,0.4999999999999999,0.8660254037844387,231.0,295.5,349.0833333333333,14.275,33.15,99.5,55.5,-4.825,3.3395534,0.0,3.1750000000000003,22.45740738,21.316666666666663,21.5,21.5,21.5,21.0,-19.219111096666666,0.2481481199999997,0.0833333333333334,2.992,3.123333333333333,22.035802476666664,3.013111111111112,4.1444616,4.14728,4.1160083,4.1023803,4.183467,0,0.0,0,1.0,-0.22,6.0,94.0
2023-01-09 16:00:00,162.7318238,139.560528472222,139.576638944444,22.45740738,3.123333333333333,21.0,2,5.1764362714980825,70.66250196097344,16,0,1,-0.8660254037844385,-0.5000000000000004,0.0,1.0,0.4999999999999999,0.8660254037844387,188.0,252.5,331.5833333333333,15.9,34.6,100.0,56.0,-4.7,3.375295,0.0,3.2,22.32222224,21.0,21.316666666666663,21.5,21.5,21.05,-19.334074046666665,0.1629629500000007,0.048,3.075333333333333,2.5773333333333337,22.26604937333333,3.0635555555555576,4.183467,4.1444616,4.14728,4.1160083,4.16097,0,0.0,0,1.0,-0.18,5.7,94.3
2023-01-09 16:15:00,116.09674486111,94.448999655556,94.460388066668,22.32222224,2.5773333333333337,21.05,2,5.1764362714980825,70.66250196097344,16,0,1,-0.8660254037844385,-0.5000000000000004,0.0,1.0,0.4999999999999999,0.8660254037844387,156.5,212.375,312.0833333333333,14.375,34.6,100.0,57.25,-4.525,3.433315,0.0,3.125,22.00925929,21.0,21.0,21.316666666666663,21.5,21.466666666666665,-19.744888906666667,-0.1351851400000008,-0.5459999999999998,3.123333333333333,1.8433333333333333,22.358024683333337,2.9253333333333345,4.16097,4.183467,4.1444616,4.14728,4.1675577,0,0.0,0,1.0,-0.21,5.9,94.1
2023-01-09 16:30:00,142.158202327778,106.659066833332,106.673510738886,22.00925929,1.8433333333333333,21.466666666666665,2,5.1764362714980825,70.66250196097344,16,0,1,-0.8660254037844385,-0.5000000000000004,0.0,1.0,0.4999999999999999,0.8660254037844387,125.0,175.125,290.5833333333333,12.85,34.6,100.0,58.5,-4.35,3.4906561,0.0,3.05,21.85555554,21.05,21.0,21.0,21.316666666666663,21.5,-20.165925956666666,-0.3129629499999993,-0.7340000000000004,2.5773333333333337,1.7166666666666666,22.26296297,2.514666666666668,4.1675577,4.16097,4.183467,4.1444616,4.137186,0,0.0,0,1.0,-0.28,6.6,93.4
2023-01-09 16:45:00,156.363189655556,122.539542688888,122.553986594442,21.85555554,1.7166666666666666,21.5,2,5.1764362714980825,70.66250196097344,16,0,1,-0.8660254037844385,-0.5000000000000004,0.0,1.0,0.4999999999999999,0.8660254037844387,93.5,140.75,267.0833333333333,11.325,34.6,100.0,59.75,-4.175,3.5473244,0.0,2.975,21.88518519333333,21.466666666666665,21.05,21.0,21.0,21.5,-20.138888873333336,-0.1537037499999982,-0.1266666666666667,1.8433333333333333,1.8293333333333333,22.06234569,2.0457777777777792,4.137186,4.1675577,4.16097,4.183467,4.1442657,0,0.0,0,1.0,-0.32,7.1,92.9
2023-01-09 17:00:00,140.756591894438,124.9508351,124.966112305554,21.88518519333333,1.8293333333333333,21.5,2,5.1764362714980825,70.66250196097344,17,0,1,-0.9659258262890684,-0.2588190451025206,0.0,1.0,0.4999999999999999,0.8660254037844387,62.0,109.25,241.58333333333331,9.8,34.6,100.0,61.0,-4.0,3.6033225,0.0,2.9,21.85555554,21.5,21.466666666666665,21.05,21.0,21.5,-20.05585186,0.0296296533333304,0.1126666666666666,1.7166666666666666,1.8926666666666667,21.916666674444443,1.7964444444444456,4.1442657,4.137186,4.1675577,4.16097,4.137186,0,0.0,0,1.0,-0.31,7.0,93.0
2023-01-09 17:15:00,150.328986649998,131.388355355556,131.404188105554,21.85555554,1.8926666666666667,21.5,2,5.1764362714980825,70.66250196097344,17,0,1,-0.9659258262890684,-0.2588190451025206,0.0,1.0,0.4999999999999999,0.8660254037844387,48.75,82.3125,215.14583333333331,9.2,31.075000000000003,100.0,62.5,-3.925,3.6242058,0.0,2.625,21.88518519333333,21.5,21.5,21.466666666666665,21.05,21.5,-19.96288887333333,-0.0296296533333304,0.0633333333333334,1.8293333333333333,1.8966666666666667,21.865432091111117,1.8128888888888903,4.137186,4.1442657,4.137186,4.1675577,4.1442657,0,0.0,0,1.0,-0.32,7.1,92.9
2023-01-09 17:30:00,174.216086761106,143.285379455556,143.300934416666,21.88518519333333,1.8966666666666667,21.5,2,5.1764362714980825,70.66250196097344,17,0,1,-0.9659258262890684,-0.2588190451025206,0.0,1.0,0.4999999999999999,0.8660254037844387,35.5,59.9375,187.77083333333331,8.600000000000001,27.55,100.0,64.0,-3.85,3.6429539,0.0,2.35,21.98333334,21.5,21.5,21.5,21.466666666666665,21.5,-19.988518526666663,0.0296296533333304,0.004,1.8926666666666667,1.929333333333333,21.875308642222222,1.8728888888888904,4.1442657,4.137186,4.1442657,4.137186,4.167794,0,0.0,0,1.0,-0.31,7.0,93.0
2023-01-09 17:45:00,237.169401744444,205.518723372222,205.5434446,21.98333334,1.929333333333333,21.5,2,5.1764362714980825,70.66250196097344,17,0,1,-0.9659258262890684,-0.2588190451025206,0.0,1.0,0.4999999999999999,0.8660254037844387,22.25,42.125,159.45833333333334,8.0,24.025,100.0,65.5,-3.775,3.659632,0.0,2.075,22.216666673333336,21.5,21.5,21.5,21.5,21.5,-20.05400000666667,0.09814814666667,0.0326666666666664,1.8966666666666667,2.013333333333333,21.908024691111116,1.906222222222224,4.167794,4.1442657,4.137186,4.1442657,4.2241926,0,0.0,0,1.0,-0.29,6.7,93.3
2023-01-09 18:00:00,232.254598261114,205.977316144444,206.001481844444,22.216666673333336,2.013333333333333,21.5,2,5.1764362714980825,70.66250196097344,18,0,1,-1.0,-1.8369701987210294e-16,0.0,1.0,0.4999999999999999,0.8660254037844387,9.0,28.875,130.20833333333334,7.4,20.5,100.0,67.0,-3.7,3.6743007,0.0,1.8,22.383333330000003,21.5,21.5,21.5,21.5,21.5,-20.203333340000004,0.2333333333333342,0.084,1.929333333333333,2.177333333333334,22.02839506888889,1.9464444444444453,4.2241926,4.167794,4.1442657,4.137186,4.264881,0,0.0,0,1.0,-0.23,6.1,93.9
2023-01-09 18:15:00,218.190438650002,191.740663416666,191.762607005554,22.383333330000003,2.177333333333334,21.5,2,5.1764362714980825,70.66250196097344,18,0,1,-1.0,-1.8369701987210294e-16,0.0,1.0,0.4999999999999999,0.8660254037844387,6.75,18.375,104.35416666666669,8.8,21.775,100.0,67.25,-3.65,3.6880107,0.0,1.8,22.43148147,21.5,21.5,21.5,21.5,21.5,-20.20599999666667,0.166666656666667,0.1640000000000006,2.013333333333333,2.107333333333333,22.194444447777784,2.0400000000000014,4.264881,4.2241926,4.167794,4.1442657,4.276699,0,0.0,0,1.0,-0.19,5.8,94.2
2023-01-09 18:30:00,121.055157649998,105.300787783334,105.313009511112,22.43148147,2.107333333333333,21.5,2,5.1764362714980825,70.66250196097344,18,0,1,-1.0,-1.8369701987210294e-16,0.0,1.0,0.4999999999999999,0.8660254037844387,4.5,10.625,81.89583333333333,10.2,23.05,100.0,67.5,-3.6,3.7017212,0.0,1.8,22.19444445,21.5,21.5,21.5,21.5,21.55,-20.324148136666665,0.048148139999995,-0.0700000000000002,2.177333333333334,2.035333333333333,22.34382715777778,2.099333333333335,4.276699,4.264881,4.2241926,4.167794,4.228605,0,0.0,0,1.0,-0.18,5.7,94.3
2023-01-09 18:45:00,113.506292966664,90.526101044444,90.538045049998,22.19444445,2.035333333333333,21.55,2,5.1764362714980825,70.66250196097344,18,0,1,-1.0,-1.8369701987210294e-16,0.0,1.0,0.4999999999999999,0.8660254037844387,2.25,5.625,62.833333333333336,11.6,24.325000000000003,100.0,67.75,-3.55,3.7154307,0.0,1.8,21.898148133333333,21.5,21.5,21.5,21.5,21.966666666666665,-20.159111116666665,-0.2370370199999989,-0.072,2.107333333333333,1.842666666666667,22.33641975,2.1066666666666687,4.228605,4.276699,4.264881,4.2241926,4.2373877,0,0.0,0,1.0,-0.24,6.2,93.8
2023-01-09 19:00:00,131.811671855552,88.060644066668,88.068977083334,21.898148133333333,1.842666666666667,21.966666666666665,2,5.1764362714980825,70.66250196097344,19,0,1,-0.9659258262890684,0.2588190451025203,0.0,1.0,0.4999999999999999,0.8660254037844387,0.0,3.375,47.16666666666666,13.0,25.6,100.0,68.0,-3.5,3.729141,0.0,1.8,21.68888892,21.55,21.5,21.5,21.5,22.35,-20.055481466666667,-0.2962963166666661,-0.1926666666666667,2.035333333333333,1.4966666666666666,22.17469135111111,1.9951111111111128,4.2373877,4.228605,4.276699,4.264881,4.259551,0,0.0,0,1.0,-0.3,6.9,93.1
2023-01-09 19:15:00,418.734361172218,110.63918533889,110.652795944444,21.68888892,1.4966666666666666,22.35,2,5.1764362714980825,70.66250196097344,19,0,1,-0.9659258262890684,0.2588190451025203,0.0,1.0,0.4999999999999999,0.8660254037844387,0.0,1.6875,34.125,13.675,27.85,100.0,68.5,-3.6,3.6995792,0.0,1.575,21.583333356666667,21.966666666666665,21.55,21.5,21.5,22.5,-20.19222225333333,-0.2092592133333326,-0.3460000000000001,1.842666666666667,1.338666666666667,21.927160501111118,1.791555555555557,4.259551,4.2373877,4.228605,4.276699,4.262049,0,0.0,0,1.0,-0.35,7.5,92.5
2023-01-09 19:30:00,602.9617138000041,178.864511783334,178.88756642777798,21.583333356666667,1.338666666666667,22.5,2,5.1764362714980825,70.66250196097344,19,0,1,-0.9659258262890684,0.2588190451025203,0.0,1.0,0.4999999999999999,0.8660254037844387,0.0,0.5625,23.70833333333333,14.35,30.1,100.0,69.0,-3.7,3.6699495,0.0,1.35,21.833333340000003,22.35,21.966666666666665,21.55,21.5,22.5,-20.24466669,-0.1055555633333327,-0.1579999999999997,1.4966666666666666,1.2146666666666666,21.72345680333333,1.5593333333333348,4.262049,4.259551,4.2373877,4.228605,4.3240633,0,0.0,0,1.0,-0.37,7.9,92.1
2023-01-09 19:45:00,255.507279349998,227.407292227778,227.43312456111,21.833333340000003,1.2146666666666666,22.5,2,5.1764362714980825,70.66250196097344,19,0,1,-0.9659258262890684,0.2588190451025203,0.0,1.0,0.4999999999999999,0.8660254037844387,0.0,0.0,15.916666666666666,15.025,32.35,100.0,69.5,-3.8,3.640261,0.0,1.125,22.14814818,22.5,22.35,21.966666666666665,21.55,22.5,-20.618666673333337,0.2499999833333355,-0.1240000000000003,1.338666666666667,1.122,21.70185187222222,1.3500000000000014,4.3240633,4.262049,4.259551,4.2373877,4.403264,0,0.0,0,1.0,-0.31,7.1,92.9
2023-01-09 20:00:00,462.322895294442,127.823497972222,127.840164005554,22.14814818,1.122,22.5,2,5.1764362714980825,70.66250196097344,20,0,1,-0.8660254037844386,0.5000000000000001,0.0,1.0,0.4999999999999999,0.8660254037844387,0.0,0.0,10.75,15.7,34.6,100.0,70.0,-3.9,3.610521,0.0,0.9,22.07222226,22.5,22.5,22.35,21.966666666666665,22.5,-21.02614818,0.3148148399999968,-0.0926666666666664,1.2146666666666666,1.066,21.854938292222226,1.2251111111111126,4.403264,4.3240633,4.262049,4.259551,4.384048,0,0.0,0,1.0,-0.24,6.2,93.8
2023-01-09 20:15:00,147.285774983334,115.7395369,115.75342526111,22.07222226,1.066,22.5,2,5.1764362714980825,70.66250196097344,20,0,1,-0.8660254037844386,0.5000000000000001,0.0,1.0,0.4999999999999999,0.8660254037844387,0.0,0.0,6.6875,15.775,34.5,100.0,71.25,-3.8,3.6499383,0.0,0.8,21.900000013333333,22.5,22.5,22.5,22.35,22.5,-21.00622226,-0.0759259199999995,-0.056,1.122,1.008,22.01790126,1.1342222222222234,4.384048,4.403264,4.3240633,4.262049,4.3407316,0,0.0,0,1.0,-0.26,6.4,93.6
2023-01-09 20:30:00,147.374938066668,113.079365544444,113.0921428,21.900000013333333,1.008,22.5,2,5.1764362714980825,70.66250196097344,20,0,1,-0.8660254037844386,0.5000000000000001,0.0,1.0,0.4999999999999999,0.8660254037844387,0.0,0.0,3.7291666666666665,15.85,34.400000000000006,100.0,72.5,-3.7,3.6886296,0.0,0.7,21.83888887,22.5,22.5,22.5,22.5,22.85,-20.89200001333333,-0.1722222466666672,-0.058,1.066,0.9366666666666666,22.040123484444447,1.0653333333333348,4.3407316,4.384048,4.403264,4.3240633,4.3927345,0,0.0,0,1.0,-0.3,6.9,93.1
2023-01-09 20:45:00,124.016428127774,106.900446027778,106.913501072222,21.83888887,0.9366666666666666,22.85,2,5.1764362714980825,70.66250196097344,20,0,1,-0.8660254037844386,0.5000000000000001,0.0,1.0,0.4999999999999999,0.8660254037844387,0.0,0.0,1.875,15.925,34.300000000000004,100.0,73.75,-3.6,3.7266004,0.0,0.6,21.709259256666662,22.5,22.5,22.5,22.5,23.0,-20.90222220333333,-0.0611111433333313,-0.0713333333333333,1.008,0.964,21.93703704777778,1.0035555555555569,4.3927345,4.3407316,4.384048,4.403264,4.388593,0,0.0,0,1.0,-0.31,7.0,93.0
2023-01-09 21:00:00,120.658784688884,104.848861444444,104.861916488888,21.709259256666662,0.964,23.0,2,5.1764362714980825,70.66250196097344,21,0,1,-0.7071067811865477,0.7071067811865474,0.0,1.0,0.4999999999999999,0.8660254037844387,0.0,0.0,1.125,16.0,34.2,100.0,75.0,-3.5,3.7638602,0.0,0.5,21.62777778,22.85,22.5,22.5,22.5,23.05,-20.745259256666667,-0.1296296133333356,0.0273333333333333,0.9366666666666666,1.008,21.81604938,0.9695555555555568,4.388593,4.3927345,4.3407316,4.384048,4.3774686,0,0.0,0,1.0,-0.34,7.4,92.6
2023-01-09 21:15:00,154.817418155556,117.59224053889,117.60474003889,21.62777778,1.008,23.05,2,5.1764362714980825,70.66250196097344,21,0,1,-0.7071067811865477,0.7071067811865474,0.0,1.0,0.4999999999999999,0.8660254037844387,0.0,0.0,0.5625,16.25,34.75,100.0,75.75,-3.4,3.7949822,0.0,0.475,21.57037036333333,23.0,22.85,22.5,22.5,23.466666666666665,-20.61977778,-0.0814814766666671,0.044,0.964,1.0553333333333332,21.725308635555557,0.9695555555555568,4.3774686,4.388593,4.3927345,4.3407316,4.441828,0,0.0,0,1.0,-0.36,7.7,92.3
2023-01-09 21:30:00,143.25954722222,109.3164605,109.330348877776,21.57037036333333,1.0553333333333332,23.466666666666665,2,5.1764362714980825,70.66250196097344,21,0,1,-0.7071067811865477,0.7071067811865474,0.0,1.0,0.4999999999999999,0.8660254037844387,0.0,0.0,0.1875,16.5,35.3,100.0,76.5,-3.3,3.8259857,0.0,0.45,21.29444443,23.05,23.0,22.85,22.5,23.55,-20.51503703,-0.0574074166666669,0.0473333333333332,1.008,1.086666666666667,21.635802466666664,1.0091111111111124,4.441828,4.3774686,4.388593,4.3927345,4.386945,0,0.0,0,1.0,-0.37,7.8,92.2
2023-01-09 21:45:00,131.239472527774,113.898499444444,113.91488772222,21.29444443,1.086666666666667,23.55,2,5.1764362714980825,70.66250196097344,21,0,1,-0.7071067811865477,0.7071067811865474,0.0,1.0,0.4999999999999999,0.8660254037844387,0.0,0.0,0.0,16.75,35.85,100.0,77.25,-3.2,3.8568707,0.0,0.425,21.17962963,23.466666666666665,23.05,23.0,22.85,23.966666666666665,-20.207777763333333,-0.2759259333333332,0.0313333333333334,1.0553333333333332,1.1186666666666667,21.49753085777777,1.0500000000000014,4.386945,4.441828,4.3774686,4.388593,4.4349337,0,0.0,0,1.0,-0.43,8.9,91.1
2023-01-09 22:00:00,181.590236066668,156.772062216666,156.79233922222,21.17962963,1.1186666666666667,23.966666666666665,2,5.1764362714980825,70.66250196097344,22,0,1,-0.5000000000000004,0.8660254037844384,0.0,1.0,0.4999999999999999,0.8660254037844387,0.0,0.0,0.0,17.0,36.4,100.0,78.0,-3.1,3.8876364,0.0,0.4,21.50000003,23.55,23.466666666666665,23.05,23.0,23.65,-20.06096296333333,-0.1148147999999977,0.032,1.086666666666667,1.158,21.34814814111111,1.0868888888888903,4.4349337,4.386945,4.441828,4.3774686,4.4583397,0,0.0,0,1.0,-0.46,9.3,90.7
2023-01-09 22:15:00,240.01234353889,220.027031883334,220.053419727778,21.50000003,1.158,23.65,2,5.1764362714980825,70.66250196097344,22,0,1,-0.5000000000000004,0.8660254037844384,0.0,1.0,0.4999999999999999,0.8660254037844387,0.0,0.0,0.0,17.1,36.75,97.5,78.5,-3.025,3.9058444,0.0,0.375,21.896296296666662,23.966666666666665,23.55,23.466666666666665,23.05,23.316666666666663,-20.34200003,0.3203704000000016,0.0393333333333334,1.1186666666666667,1.1966666666666663,21.324691363333336,1.1211111111111125,4.4583397,4.4349337,4.386945,4.441828,4.497322,0,0.0,0,1.0,-0.38,8.1,91.9
2023-01-09 22:30:00,283.97419616111,251.9549214,251.98519800555405,21.896296296666662,1.1966666666666663,23.316666666666663,2,5.1764362714980825,70.66250196097344,22,0,1,-0.5000000000000004,0.8660254037844384,0.0,1.0,0.4999999999999999,0.8660254037844387,0.0,0.0,0.0,17.2,37.1,95.0,79.0,-2.95,3.9239776,0.0,0.35,22.22222225,23.65,23.966666666666665,23.55,23.466666666666665,23.0,-20.69962963,0.3962962666666634,0.0386666666666664,1.158,1.2253333333333332,21.525308652222225,1.1577777777777791,4.497322,4.4583397,4.4349337,4.386945,4.520349,0,0.0,0,1.0,-0.29,6.8,93.2
2023-01-09 22:45:00,276.911700872222,241.951154883334,241.97976492222,22.22222225,1.2253333333333332,23.0,2,5.1764362714980825,70.66250196097344,22,0,1,-0.5000000000000004,0.8660254037844384,0.0,1.0,0.4999999999999999,0.8660254037844387,0.0,0.0,0.0,17.299999999999997,37.45,92.5,79.5,-2.875,3.9420362,0.0,0.325,22.42222223,23.316666666666663,23.65,23.966666666666665,23.55,22.816666666666663,-20.99688891666667,0.3259259533333356,0.0286666666666666,1.1966666666666663,1.276,21.87283952555556,1.1933333333333345,4.520349,4.497322,4.4583397,4.4349337,4.536191,0,0.0,0,1.0,-0.22,6.0,94.0
2023-01-09 23:00:00,252.683781261106,231.9182229,231.946555149998,22.42222223,1.276,22.816666666666663,2,5.1764362714980825,70.66250196097344,23,0,1,-0.2588190451025215,0.965925826289068,0.0,1.0,0.4999999999999999,0.8660254037844387,0.0,0.0,0.0,17.4,37.8,90.0,80.0,-2.8,3.9600196,0.0,0.3,22.46111111,23.0,23.316666666666663,23.65,23.966666666666665,22.55,-21.14622223,0.1999999799999976,0.0506666666666668,1.2253333333333332,1.3313333333333333,22.180246925555554,1.232666666666668,4.536191,4.520349,4.497322,4.4583397,4.4932027,0,0.0,0,1.0,-0.18,5.6,94.4
2023-01-09 23:15:00,134.250463233328,118.414152144444,118.42831826111,22.46111111,1.3313333333333333,22.55,2,5.1764362714980825,70.66250196097344,23,0,1,-0.2588190451025215,0.965925826289068,0.0,1.0,0.4999999999999999,0.8660254037844387,0.0,0.0,0.0,17.025,37.525,92.5,80.25,-2.825,3.945173,0.0,0.1999999999999999,22.014814816666668,22.816666666666663,23.0,23.316666666666663,23.65,23.15,-21.129777776666668,0.0388888800000017,0.0553333333333332,1.276,1.3893333333333333,22.368518530000003,1.2775555555555569,4.4932027,4.536191,4.520349,4.497322,4.4958005,0,0.0,0,1.0,-0.17,5.6,94.4
2023-01-09 23:30:00,179.679479333328,156.55679306111,156.57540348333,22.014814816666668,1.3893333333333333,23.15,2,5.1764362714980825,70.66250196097344,23,0,1,-0.2588190451025215,0.965925826289068,0.0,1.0,0.4999999999999999,0.8660254037844387,0.0,0.0,0.0,16.65,37.25,95.0,80.5,-2.85,3.930322,0.0,0.0999999999999999,21.916666650000003,22.55,22.816666666666663,23.0,23.316666666666663,23.15,-20.62548148333333,-0.446296293333333,0.058,1.3313333333333333,1.4,22.299382718888893,1.3322222222222235,4.4958005,4.4932027,4.536191,4.520349,4.470427,0,0.0,0,1.0,-0.27,6.5,93.5
2023-01-09 23:45:00,251.376611416658,212.785099372222,212.808987316666,21.916666650000003,1.4,23.15,2,5.1764362714980825,70.66250196097344,23,0,1,-0.2588190451025215,0.965925826289068,0.0,1.0,0.4999999999999999,0.8660254037844387,0.0,0.0,0.0,16.275,36.975,97.5,80.75,-2.875,3.9154673,0.0,-5.551115123125783e-17,22.212962966666662,23.15,22.55,22.816666666666663,23.0,23.0,-20.516666650000005,-0.0981481666666646,0.0106666666666666,1.3893333333333333,1.393333333333333,22.130864192222223,1.3735555555555568,4.470427,4.4958005,4.4932027,4.536191,4.517942,0,0.0,0,1.0,-0.29,6.8,93.2
2023-01-10 00:00:00,232.555419677776,203.928231444444,203.952397144444,22.212962966666662,1.393333333333333,23.0,2,5.1764362714980825,70.66250196097344,0,1,1,0.0,1.0,0.7818314824680298,0.6234898018587336,0.4999999999999999,0.8660254037844387,0.0,0.0,0.0,15.9,36.7,100.0,81.0,-2.9,3.9006073,0.0,-0.1,22.383333330000003,23.15,23.15,22.55,22.816666666666663,22.95,-20.81962963333333,0.2962963166666625,-0.0066666666666665,1.4,1.3893333333333333,22.04814814444445,1.3942222222222236,4.517942,4.470427,4.4958005,4.4932027,4.5525136,0,0.0,0,1.0,-0.22,6.0,94.0
2023-01-10 00:15:00,226.677321411112,206.050646544444,206.0742567,22.383333330000003,1.3893333333333333,22.95,2,5.1764362714980825,70.66250196097344,0,1,1,0.0,1.0,0.7818314824680298,0.6234898018587336,0.4999999999999999,0.8660254037844387,0.0,0.0,0.0,16.1,36.35,100.0,80.5,-2.925,3.8966255,0.0,-0.0249999999999999,22.51296298,23.0,23.15,23.15,22.55,22.53333333333333,-20.99399999666667,0.1703703633333368,-0.004,1.393333333333333,1.386,22.170987648888893,1.3942222222222236,4.5525136,4.517942,4.470427,4.4958005,4.5032725,0,0.0,0,1.0,-0.18,5.7,94.3
2023-01-10 00:30:00,186.639200766668,162.892650683334,162.910705544444,22.51296298,1.386,22.53333333333333,2,5.1764362714980825,70.66250196097344,0,1,1,0.0,1.0,0.7818314824680298,0.6234898018587336,0.4999999999999999,0.8660254037844387,0.0,0.0,0.0,16.3,36.0,100.0,80.0,-2.95,3.892486,0.0,0.05,22.42222224,22.95,23.0,23.15,23.15,22.55,-21.12696298,0.1296296499999982,-0.0033333333333334,1.3893333333333333,1.4306666666666668,22.369753092222226,1.3895555555555568,4.5032725,4.5525136,4.517942,4.470427,4.483175,0,0.0,0,1.0,-0.16,5.5,94.5
2023-01-10 00:45:00,139.818018255552,122.458712572222,122.473989794442,22.42222224,1.4306666666666668,22.55,2,5.1764362714980825,70.66250196097344,0,1,1,0.0,1.0,0.7818314824680298,0.6234898018587336,0.4999999999999999,0.8660254037844387,0.0,0.0,0.0,16.5,35.65,100.0,79.5,-2.975,3.8881845,0.0,0.125,22.192592576666662,22.53333333333333,22.95,23.0,23.15,22.966666666666665,-20.991555573333333,-0.0907407400000011,0.0446666666666668,1.386,1.476,22.439506183333336,1.4020000000000012,4.483175,4.5032725,4.5525136,4.517942,4.506107,0,0.0,0,1.0,-0.18,5.7,94.3
2023-01-10 01:00:00,156.624568066668,121.32848,121.342923905554,22.192592576666662,1.476,22.966666666666665,2,5.1764362714980825,70.66250196097344,1,1,1,0.2588190451025207,0.9659258262890684,0.7818314824680298,0.6234898018587336,0.4999999999999999,0.8660254037844387,0.0,0.0,0.0,16.7,35.3,100.0,79.0,-3.0,3.8837218,0.0,0.2,22.06666669,22.55,22.53333333333333,22.95,23.0,23.0,-20.716592576666667,-0.2296296633333341,0.0453333333333332,1.4306666666666668,1.52,22.37592593222222,1.4308888888888902,4.506107,4.483175,4.5032725,4.5525136,4.480038,0,0.0,0,1.0,-0.23,6.1,93.9
2023-01-10 01:15:00,158.973640866664,121.1843191,121.197374144444,22.06666669,1.52,23.0,2,5.1764362714980825,70.66250196097344,1,1,1,0.2588190451025207,0.9659258262890684,0.7818314824680298,0.6234898018587336,0.4999999999999999,0.8660254037844387,0.0,0.0,0.0,16.775,35.474999999999994,100.0,79.0,-3.0,3.8837218,0.0,0.2,21.98333332,22.966666666666665,22.55,22.53333333333333,22.95,23.0,-20.54666669,-0.1259258866666677,0.044,1.476,1.544,22.227160502222223,1.4755555555555568,4.480038,4.506107,4.483175,4.5032725,4.4585705,0,0.0,0,1.0,-0.26,6.4,93.6
2023-01-10 01:30:00,136.76814030555,120.9734942,120.987938105554,21.98333332,1.544,23.0,2,5.1764362714980825,70.66250196097344,1,1,1,0.2588190451025207,0.9659258262890684,0.7818314824680298,0.6234898018587336,0.4999999999999999,0.8660254037844387,0.0,0.0,0.0,16.85,35.65,100.0,79.0,-3.0,3.8837218,0.0,0.2,21.90555555,23.0,22.966666666666665,22.55,22.53333333333333,23.0,-20.43933332,-0.0833333699999983,0.024,1.52,1.6,22.080864195555552,1.5133333333333348,4.4585705,4.480038,4.506107,4.483175,4.438615,0,0.0,0,1.0,-0.28,6.6,93.4
2023-01-10 01:45:00,139.017772549994,121.373755955556,121.388755405554,21.90555555,1.6,23.0,2,5.1764362714980825,70.66250196097344,1,1,1,0.2588190451025207,0.9659258262890684,0.7818314824680298,0.6234898018587336,0.4999999999999999,0.8660254037844387,0.0,0.0,0.0,16.925,35.825,100.0,79.0,-3.0,3.8837218,0.0,0.2,21.8888889,23.0,23.0,22.966666666666665,22.55,23.0,-20.30555555,-0.0777777700000008,0.056,1.544,1.61,21.985185186666666,1.554666666666668,4.438615,4.4585705,4.480038,4.506107,4.4343486,0,0.0,0,1.0,-0.29,6.8,93.2
2023-01-10 02:00:00,181.755507338886,152.796943411112,152.813053916666,21.8888889,1.61,23.0,2,5.1764362714980825,70.66250196097344,2,1,1,0.4999999999999999,0.8660254037844387,0.7818314824680298,0.6234898018587336,0.4999999999999999,0.8660254037844387,0.0,0.0,0.0,17.0,36.0,100.0,79.0,-3.0,3.8837218,0.0,0.2,21.9222222,23.0,23.0,23.0,22.966666666666665,23.0,-20.2788889,-0.0166666499999976,0.01,1.6,1.638,21.92592592333333,1.584666666666668,4.4343486,4.438615,4.4585705,4.480038,4.4428844,0,0.0,0,1.0,-0.3,6.8,93.2
2023-01-10 02:15:00,152.968880866672,121.146820583334,121.16154226111,21.9222222,1.638,23.0,2,5.1764362714980825,70.66250196097344,2,1,1,0.4999999999999999,0.8660254037844387,0.7818314824680298,0.6234898018587336,0.4999999999999999,0.8660254037844387,0.0,0.0,0.0,16.975,36.1,100.0,79.0,-3.025,3.8770485,0.025,0.175,21.8925926,23.0,23.0,23.0,23.0,23.0,-20.2842222,0.0333332999999989,0.028,1.61,1.6733333333333331,21.905555550000003,1.6160000000000014,4.4428844,4.4343486,4.438615,4.4585705,4.435297,0,0.0,0,1.0,-0.29,6.8,93.2
2023-01-10 02:30:00,183.147951572222,155.477391722224,155.496835427778,21.8925926,1.6733333333333331,23.0,2,5.1764362714980825,70.66250196097344,2,1,1,0.4999999999999999,0.8660254037844387,0.7818314824680298,0.6234898018587336,0.4999999999999999,0.8660254037844387,0.0,0.0,0.0,16.95,36.2,100.0,79.0,-3.05,3.8703845,0.05,0.15,21.91111109,23.0,23.0,23.0,23.0,23.0,-20.21925926666667,-0.0296295999999998,0.0353333333333329,1.638,1.6933333333333331,21.90123456666667,1.6404444444444457,4.435297,4.4428844,4.4343486,4.438615,4.440038,0,0.0,0,1.0,-0.3,6.8,93.2
2023-01-10 02:45:00,140.560766277776,111.807471972222,111.82163812222,21.91111109,1.6933333333333331,23.0,2,5.1764362714980825,70.66250196097344,2,1,1,0.4999999999999999,0.8660254037844387,0.7818314824680298,0.6234898018587336,0.4999999999999999,0.8660254037844387,0.0,0.0,0.0,16.924999999999997,36.3,100.0,79.0,-3.075,3.8637307,0.075,0.125,21.64629631,23.0,23.0,23.0,23.0,23.183333333333334,-20.21777775666667,0.0185184900000017,0.02,1.6733333333333331,1.7406666666666666,21.908641963333334,1.6682222222222236,4.440038,4.435297,4.4428844,4.4343486,4.407506,0,0.0,0,1.0,-0.29,6.8,93.2
2023-01-10 03:00:00,131.882502338886,116.082856483334,116.097578144444,21.64629631,1.7406666666666666,23.183333333333334,2,5.1764362714980825,70.66250196097344,3,1,1,0.7071067811865476,0.7071067811865476,0.7818314824680298,0.6234898018587336,0.4999999999999999,0.8660254037844387,0.0,0.0,0.0,16.9,36.4,100.0,79.0,-3.1,3.8570864,0.1,0.1,21.327777790000003,23.0,23.0,23.0,23.0,23.5,-19.90562964333333,-0.2648147800000018,0.0473333333333334,1.6933333333333331,1.776,21.816666666666663,1.7024444444444455,4.407506,4.440038,4.435297,4.4428844,4.386096,0,0.0,0,1.0,-0.35,7.6,92.4
2023-01-10 03:15:00,176.852370155552,159.323904588888,159.34529268333,21.327777790000003,1.776,23.5,2,5.1764362714980825,70.66250196097344,3,1,1,0.7071067811865476,0.7071067811865476,0.7818314824680298,0.6234898018587336,0.4999999999999999,0.8660254037844387,0.0,0.0,0.0,16.65,36.2,100.0,79.0,-3.125,3.850453,0.1,0.075,21.55555554,23.183333333333334,23.0,23.0,23.0,23.316666666666663,-19.551777790000003,-0.3185185199999978,0.0353333333333334,1.7406666666666666,1.8033333333333332,21.628395063333333,1.736666666666668,4.386096,4.407506,4.440038,4.435297,4.4096556,0,0.0,0,1.0,-0.42,8.8,91.2
2023-01-10 03:30:00,293.353821027774,250.006388227778,250.035831516666,21.55555554,1.8033333333333332,23.316666666666663,2,5.1764362714980825,70.66250196097344,3,1,1,0.7071067811865476,0.7071067811865476,0.7818314824680298,0.6234898018587336,0.4999999999999999,0.8660254037844387,0.0,0.0,0.0,16.4,36.0,100.0,79.0,-3.1500000000000004,3.8438299,0.1,0.05,21.98888892,23.5,23.183333333333334,23.0,23.0,22.95,-19.752222206666666,0.2277777499999977,0.0273333333333334,1.776,1.846,21.50987654666667,1.7733333333333343,4.4096556,4.386096,4.407506,4.440038,4.4503026,0,0.0,0,1.0,-0.37,7.9,92.1
2023-01-10 03:45:00,245.471291955552,216.690776472222,216.717442105554,21.98888892,1.846,22.95,2,5.1764362714980825,70.66250196097344,3,1,1,0.7071067811865476,0.7071067811865476,0.7818314824680298,0.6234898018587336,0.4999999999999999,0.8660254037844387,0.0,0.0,0.0,16.15,35.8,100.0,79.0,-3.1750000000000003,3.8372161,0.1,0.0249999999999999,22.25185183,23.316666666666663,23.5,23.183333333333334,23.0,22.53333333333333,-20.14288892,0.4333333800000005,0.0426666666666666,1.8033333333333332,1.842666666666667,21.624074083333337,1.808444444444446,4.4503026,4.4096556,4.386096,4.407506,4.436189,0,0.0,0,1.0,-0.28,6.6,93.4
2023-01-10 04:00:00,222.527209672222,206.515350188888,206.54062696111,22.25185183,1.842666666666667,22.53333333333333,2,5.1764362714980825,70.66250196097344,4,1,1,0.8660254037844386,0.5000000000000001,0.7818314824680298,0.6234898018587336,0.4999999999999999,0.8660254037844387,0.0,0.0,0.0,15.9,35.6,100.0,79.0,-3.2,3.8306122,0.1,-0.0,22.37777777,22.95,23.316666666666663,23.5,23.183333333333334,22.5,-20.409185163333333,0.2629629099999988,-0.0033333333333334,1.846,1.7186666666666668,21.93209876333333,1.830666666666668,4.436189,4.4503026,4.4096556,4.386096,4.4618225,0,0.0,0,1.0,-0.22,6.0,94.0
2023-01-10 04:15:00,215.848310272218,189.683801227778,189.7057448,22.37777777,1.7186666666666668,22.5,2,5.1764362714980825,70.66250196097344,4,1,1,0.8660254037844386,0.5000000000000001,0.7818314824680298,0.6234898018587336,0.4999999999999999,0.8660254037844387,0.0,0.0,0.0,15.7,34.975,100.0,79.5,-3.1500000000000004,3.8482208,0.1,-0.025,22.399999963333336,22.53333333333333,22.95,23.316666666666663,23.5,22.5,-20.65911110333333,0.1259259400000019,-0.1239999999999998,1.842666666666667,1.6406666666666667,22.206172840000004,1.8024444444444456,4.4618225,4.436189,4.4503026,4.4096556,4.4675255,0,0.0,0,1.0,-0.19,5.7,94.3
2023-01-10 04:30:00,141.413232427766,122.942026588888,122.956748266664,22.399999963333336,1.6406666666666667,22.5,2,5.1764362714980825,70.66250196097344,4,1,1,0.8660254037844386,0.5000000000000001,0.7818314824680298,0.6234898018587336,0.4999999999999999,0.8660254037844387,0.0,0.0,0.0,15.5,34.35,100.0,80.0,-3.1,3.8657563,0.1,-0.05,22.23333331,22.5,22.53333333333333,22.95,23.316666666666663,22.55,-20.759333296666668,0.0222221933333344,-0.078,1.7186666666666668,1.6386666666666665,22.34320985444445,1.7340000000000015,4.4675255,4.4618225,4.436189,4.4503026,4.4347425,0,0.0,0,1.0,-0.18,5.7,94.3
2023-01-10 04:45:00,122.123448100004,90.088062983334,90.098895866668,22.23333331,1.6386666666666665,22.55,2,5.1764362714980825,70.66250196097344,4,1,1,0.8660254037844386,0.5000000000000001,0.7818314824680298,0.6234898018587336,0.4999999999999999,0.8660254037844387,0.0,0.0,0.0,15.3,33.725,100.0,80.5,-3.05,3.8832188,0.1,-0.075,21.93333334,22.5,22.5,22.53333333333333,22.95,22.966666666666665,-20.594666643333333,-0.1666666533333369,-0.0020000000000002,1.6406666666666667,1.6246666666666667,22.337037014444448,1.6660000000000013,4.4347425,4.4675255,4.4618225,4.436189,4.4392896,0,0.0,0,1.0,-0.22,6.0,94.0
2023-01-10 05:00:00,117.548631233332,78.115764177776,78.12437493333199,21.93333334,1.6246666666666667,22.966666666666665,2,5.1764362714980825,70.66250196097344,5,1,1,0.9659258262890684,0.2588190451025207,0.7818314824680298,0.6234898018587336,0.4999999999999999,0.8660254037844387,0.0,0.0,0.0,15.1,33.1,100.0,81.0,-3.0,3.9006073,0.1,-0.1,21.66666667,22.55,22.5,22.5,22.53333333333333,23.0,-20.30866667333333,-0.2999999699999982,-0.0139999999999997,1.6386666666666665,1.1846666666666663,22.188888871111114,1.634666666666668,4.4392896,4.4347425,4.4675255,4.4618225,4.3778043,0,0.0,0,1.0,-0.29,6.7,93.3
2023-01-10 05:15:00,144.32311609443,125.399150516666,125.415261055552,21.66666667,1.1846666666666663,23.0,2,5.1764362714980825,70.66250196097344,5,1,1,0.9659258262890684,0.2588190451025207,0.7818314824680298,0.6234898018587336,0.4999999999999999,0.8660254037844387,0.0,0.0,0.0,14.85,32.75,100.0,81.25,-2.95,3.9126468,0.1,-0.1,21.744444466666668,22.966666666666665,22.55,22.5,22.5,23.0,-20.482000003333333,-0.2666666700000029,-0.4400000000000001,1.6246666666666667,1.004,21.94444444,1.482666666666668,4.3778043,4.4392896,4.4347425,4.4675255,4.3975234,0,0.0,0,1.0,-0.35,7.5,92.5
2023-01-10 05:30:00,206.16147521112,190.387384216666,190.408772227778,21.744444466666668,1.004,23.0,2,5.1764362714980825,70.66250196097344,5,1,1,0.9659258262890684,0.2588190451025207,0.7818314824680298,0.6234898018587336,0.4999999999999999,0.8660254037844387,0.0,0.0,0.0,14.6,32.4,100.0,81.5,-2.9,3.9246857,0.1,-0.1,22.05555555,23.0,22.966666666666665,22.55,22.5,23.0,-20.740444466666663,0.0777777966666697,-0.1806666666666665,1.1846666666666663,0.6666666666666666,21.781481492222223,1.2711111111111124,4.3975234,4.3778043,4.4392896,4.4347425,4.4771714,0,0.0,0,1.0,-0.33,7.3,92.7
2023-01-10 05:45:00,209.508563622228,185.425638211112,185.446192972222,22.05555555,0.6666666666666666,23.0,2,5.1764362714980825,70.66250196097344,5,1,1,0.9659258262890684,0.2588190451025207,0.7818314824680298,0.6234898018587336,0.4999999999999999,0.8660254037844387,0.0,0.0,0.0,14.35,32.05,100.0,81.75,-2.85,3.9367242,0.1,-0.1,22.214814793333336,23.0,23.0,22.966666666666665,22.55,23.0,-21.388888883333333,0.3111110833333335,-0.3373333333333334,1.004,0.3686666666666667,21.82222222888889,0.951777777777779,4.4771714,4.3975234,4.3778043,4.4392896,4.5184236,0,0.0,0,1.0,-0.26,6.4,93.6
2023-01-10 06:00:00,175.886019794446,141.474618555556,141.490729044444,22.214814793333336,0.3686666666666667,23.0,2,5.1764362714980825,70.66250196097344,6,1,1,1.0,6.123233995736766e-17,0.7818314824680298,0.6234898018587336,0.4999999999999999,0.8660254037844387,0.0,0.0,0.0,14.1,31.7,100.0,82.0,-2.8,3.9487631,0.1,-0.1,21.95555556,23.0,23.0,23.0,22.966666666666665,23.05,-21.84614812666667,0.1592592433333344,-0.2979999999999999,0.6666666666666666,0.3466666666666667,22.00493827,0.6797777777777791,4.5184236,4.4771714,4.3975234,4.3778043,4.4611106,0,0.0,0,1.0,-0.22,6.0,94.0
2023-01-10 06:15:00,147.116059522224,115.958417044444,115.972583194442,21.95555556,0.3466666666666667,23.05,2,5.1764362714980825,70.66250196097344,6,1,1,1.0,6.123233995736766e-17,0.7818314824680298,0.6234898018587336,0.4999999999999999,0.8660254037844387,0.0,0.0,0.0,13.4,31.15,100.0,83.25,-2.625,3.995155,0.15,-0.15,21.59814817,23.0,23.0,23.0,23.0,23.466666666666665,-21.608888893333333,-0.259259233333335,-0.022,0.3686666666666667,0.3533333333333333,22.07530863444445,0.460666666666668,4.4611106,4.5184236,4.4771714,4.3975234,4.44897,0,0.0,0,1.0,-0.28,6.7,93.3
2023-01-10 06:30:00,165.478936227774,141.849048027778,141.865991849998,21.59814817,0.3533333333333333,23.466666666666665,2,5.1764362714980825,70.66250196097344,6,1,1,1.0,6.123233995736766e-17,0.7818314824680298,0.6234898018587336,0.4999999999999999,0.8660254037844387,0.0,0.0,0.0,12.7,30.6,100.0,84.5,-2.45,4.041175,0.2,-0.2,21.69444443,23.05,23.0,23.0,23.0,23.45,-21.244814836666663,-0.3574073900000023,0.0066666666666666,0.3466666666666667,0.1833333333333333,21.92283950777778,0.3562222222222235,4.44897,4.4611106,4.5184236,4.4771714,4.470628,0,0.0,0,1.0,-0.36,7.7,92.3
2023-01-10 06:45:00,159.871105116658,138.863611866668,138.88027791666602,21.69444443,0.1833333333333333,23.45,2,5.1764362714980825,70.66250196097344,6,1,1,1.0,6.123233995736766e-17,0.7818314824680298,0.6234898018587336,0.4999999999999999,0.8660254037844387,0.0,0.0,0.0,12.0,30.05,100.0,85.75,-2.275,4.0868244,0.25,-0.25,21.794444443333337,23.466666666666665,23.05,23.0,23.0,23.03333333333333,-21.511111096666664,0.096296259999999,-0.17,0.3533333333333333,0.2213333333333333,21.74938272,0.2944444444444458,4.470628,4.44897,4.4611106,4.5184236,4.4166327,0,0.0,0,1.0,-0.34,7.4,92.6
2023-01-10 07:00:00,156.329580116658,140.596320372222,140.614097527774,21.794444443333337,0.2213333333333333,23.03333333333333,2,5.1764362714980825,70.66250196097344,7,1,1,0.9659258262890684,-0.2588190451025206,0.7818314824680298,0.6234898018587336,0.4999999999999999,0.8660254037844387,0.0,0.0,0.0,11.3,29.5,100.0,87.0,-2.1,4.1321044,0.3,-0.3,21.87777777,23.45,23.466666666666665,23.05,23.0,23.0,-21.573111110000003,0.1000000133333394,0.038,0.1833333333333333,0.1933333333333333,21.695679014444448,0.252666666666668,4.4166327,4.470628,4.44897,4.4611106,4.431506,0,0.0,0,1.0,-0.32,7.1,92.9
2023-01-10 07:15:00,194.835539649998,162.116015083334,162.133236594446,21.87777777,0.1933333333333333,23.0,2,5.1764362714980825,70.66250196097344,7,1,1,0.9659258262890684,-0.2588190451025206,0.7818314824680298,0.6234898018587336,0.4999999999999999,0.8660254037844387,0.0,0.0,0.0,10.8,28.075,100.0,87.25,-2.125,4.129687,0.275,-0.35,22.00185182333333,23.03333333333333,23.45,23.466666666666665,23.05,22.816666666666663,-21.68444443666667,0.0833333266666649,-0.028,0.2213333333333333,0.2306666666666667,21.78888888111111,0.1993333333333346,4.431506,4.4166327,4.470628,4.44897,4.4277563,0,0.0,0,1.0,-0.3,6.9,93.1
2023-01-10 07:30:00,245.562121722216,207.79113243889,207.81557596111,22.00185182333333,0.2306666666666667,22.816666666666663,2,5.1764362714980825,70.66250196097344,7,1,1,0.9659258262890684,-0.2588190451025206,0.7818314824680298,0.6234898018587336,0.4999999999999999,0.8660254037844387,0.0,0.0,0.0,10.3,26.65,100.0,87.5,-2.1500000000000004,4.12723,0.25,-0.4,22.19999998,23.0,23.03333333333333,23.45,23.466666666666665,22.5,-21.771185156666665,0.1240740533333308,0.0373333333333333,0.1933333333333333,0.282,21.891358012222224,0.2151111111111124,4.4277563,4.431506,4.4166327,4.470628,4.4164286,0,0.0,0,1.0,-0.27,6.6,93.4
2023-01-10 07:45:00,220.745336599996,200.416983033332,200.441982049998,22.19999998,0.282,22.5,2,5.1764362714980825,70.66250196097344,7,1,1,0.9659258262890684,-0.2588190451025206,0.7818314824680298,0.6234898018587336,0.4999999999999999,0.8660254037844387,0.0,0.0,0.0,9.8,25.225,100.0,87.75,-2.1750000000000003,4.1247354,0.225,-0.45,22.36666663,22.816666666666663,23.0,23.03333333333333,23.45,22.5,-21.91799998,0.1981481566666652,0.0513333333333333,0.2306666666666667,0.234,22.026543191111116,0.2353333333333346,4.4164286,4.4277563,4.431506,4.4166327,4.4589734,0,0.0,0,1.0,-0.23,6.1,93.9
2023-01-10 08:00:00,219.846205750002,198.857878683334,198.883155455556,22.36666663,0.234,22.5,2,5.1764362714980825,70.66250196097344,8,1,1,0.8660254037844387,-0.4999999999999998,0.7818314824680298,0.6234898018587336,0.4999999999999999,0.8660254037844387,0.0,0.0,0.0,9.3,23.8,100.0,88.0,-2.2,4.1222024,0.2,-0.5,22.4444444,22.5,22.816666666666663,23.0,23.03333333333333,22.15,-22.13266663,0.1666666500000033,-0.048,0.282,0.2093333333333333,22.189506144444447,0.2488888888888902,4.4589734,4.4164286,4.4277563,4.431506,4.409277,0,0.0,0,1.0,-0.19,5.8,94.2
2023-01-10 08:15:00,217.110759522228,193.6980851,193.721139727778,22.4444444,0.2093333333333333,22.15,2,5.1764362714980825,70.66250196097344,8,1,1,0.8660254037844387,-0.4999999999999998,0.7818314824680298,0.6234898018587336,0.4999999999999999,0.8660254037844387,0.25,0.0625,0.0208333333333333,9.05,23.35,100.0,84.5,-2.975,3.8970428,0.175,-0.725,22.4444444,22.5,22.5,22.816666666666663,23.0,22.0,-22.235111066666665,0.0777777699999973,-0.0246666666666666,0.234,0.2306666666666667,22.337037003333336,0.2417777777777791,4.409277,4.4589734,4.4164286,4.4277563,4.3794174,0,0.0,0,1.0,-0.18,5.6,94.4
2023-01-10 08:30:00,190.15239351667,159.9736008,159.993600016666,22.4444444,0.2306666666666667,22.0,2,5.1764362714980825,70.66250196097344,8,1,1,0.8660254037844387,-0.4999999999999998,0.7818314824680298,0.6234898018587336,0.4999999999999999,0.8660254037844387,0.5,0.1875,0.0625,8.8,22.9,100.0,81.0,-3.75,3.6777515,0.15,-0.95,22.24444442,22.15,22.5,22.5,22.816666666666663,22.05,-22.21377773333333,0.0,0.0213333333333333,0.2093333333333333,0.2053333333333333,22.418518476666662,0.2246666666666679,4.3794174,4.409277,4.4589734,4.4164286,4.3391843,0,0.0,0,1.0,-0.18,5.6,94.4
2023-01-10 08:45:00,147.0682837,113.370742755556,113.385464416666,22.24444442,0.2053333333333333,22.05,2,5.1764362714980825,70.66250196097344,8,1,1,0.8660254037844387,-0.4999999999999998,0.7818314824680298,0.6234898018587336,0.4999999999999999,0.8660254037844387,0.75,0.375,0.125,8.55,22.45,100.0,77.5,-4.525,3.4642153,0.125,-1.1749999999999998,21.78703704,22.0,22.15,22.5,22.5,22.466666666666665,-22.039111086666665,-0.1999999800000012,-0.0253333333333333,0.2306666666666667,0.182,22.37777774,0.2151111111111124,4.3391843,4.3794174,4.409277,4.4589734,4.306131,0,0.0,0,1.0,-0.22,6.0,94.0
2023-01-10 09:00:00,174.426633705558,149.540407027778,149.558461888888,21.78703704,0.182,22.466666666666665,2,5.1764362714980825,70.66250196097344,9,1,1,0.7071067811865476,-0.7071067811865475,0.7818314824680298,0.6234898018587336,0.4999999999999999,0.8660254037844387,1.0,0.625,0.2083333333333333,8.3,22.0,100.0,74.0,-5.3,3.2563257,0.1,-1.4,21.8222222,22.05,22.0,22.15,22.5,22.5,-21.60503704,-0.4574073799999993,-0.0233333333333333,0.2053333333333333,0.0746666666666666,22.15864195333333,0.2060000000000013,4.306131,4.3391843,4.3794174,4.409277,4.32129,0,0.0,0,1.0,-0.33,7.2,92.8
2023-01-10 09:15:00,260.850398833336,180.6811058,180.705827044444,21.8222222,0.0746666666666666,22.5,2,5.1764362714980825,70.66250196097344,9,1,1,0.7071067811865476,-0.7071067811865475,0.7818314824680298,0.6234898018587336,0.4999999999999999,0.8660254037844387,6.75,2.25,0.7708333333333334,7.775,21.1,100.0,73.0,-5.525,3.2123215,0.075,-1.4,22.101851866666667,22.466666666666665,22.05,22.0,22.15,22.5,-21.747555533333333,0.035185160000001,-0.1073333333333333,0.182,-0.7253333333333334,21.951234553333336,0.1540000000000013,4.32129,4.306131,4.3391843,4.3794174,4.391539,0,0.0,0,1.0,-0.32,7.1,92.9
2023-01-10 09:30:00,444.71276627778,200.613919555556,200.639196311112,22.101851866666667,-0.7253333333333334,22.5,2,5.1764362714980825,70.66250196097344,9,1,1,0.7071067811865476,-0.7071067811865475,0.7818314824680298,0.6234898018587336,0.4999999999999999,0.8660254037844387,12.5,5.25,1.8125,7.25,20.2,100.0,72.0,-5.75,3.168317,0.05,-1.4,22.30555553,22.5,22.466666666666665,22.05,22.0,22.15,-22.8271852,0.2796296666666684,-0.8,0.0746666666666666,-0.8426666666666667,21.90370370222222,-0.1562222222222209,4.391539,4.32129,4.306131,4.3391843,4.3742146,0,0.0,0,1.0,-0.25,6.3,93.7
2023-01-10 09:45:00,239.020994394442,199.976167283334,199.999221927778,22.30555553,-0.8426666666666667,22.15,2,5.1764362714980825,70.66250196097344,9,1,1,0.7071067811865476,-0.7071067811865475,0.7818314824680298,0.6234898018587336,0.4999999999999999,0.8660254037844387,18.25,9.625,3.333333333333333,6.7250000000000005,19.3,100.0,71.0,-5.975,3.1243124,0.0249999999999999,-1.4,22.40555554333333,22.5,22.5,22.466666666666665,22.05,22.0,-23.148222196666666,0.2037036633333322,-0.1173333333333332,-0.7253333333333334,-0.9293333333333332,22.07654319888889,-0.4977777777777765,4.3742146,4.391539,4.32129,4.306131,4.3696423,0,0.0,0,1.0,-0.21,5.9,94.1
2023-01-10 10:00:00,228.526969655556,197.225166211112,197.249331911112,22.40555554333333,-0.9293333333333332,22.0,2,5.1764362714980825,70.66250196097344,10,1,1,0.4999999999999999,-0.8660254037844387,0.7818314824680298,0.6234898018587336,0.4999999999999999,0.8660254037844387,24.0,15.375,5.333333333333333,6.2,18.4,100.0,70.0,-6.2,3.0803082,0.0,-1.4,22.4444444,22.15,22.5,22.5,22.466666666666665,22.0,-23.334888876666664,0.1000000133333323,-0.0866666666666666,-0.8426666666666667,-0.9133333333333332,22.27098764666667,-0.8324444444444431,4.3696423,4.3742146,4.391539,4.32129,4.3794174,0,0.0,0,1.0,-0.19,5.7,94.3
2023-01-10 10:15:00,195.41940499445,176.808760683334,176.830148711112,22.4444444,-0.9133333333333332,22.0,2,5.1764362714980825,70.66250196097344,10,1,1,0.4999999999999999,-0.8660254037844387,0.7818314824680298,0.6234898018587336,0.4999999999999999,0.8660254037844387,32.0,21.6875,8.0,6.0,17.674999999999997,100.0,69.75,-6.225,3.0746613,0.0,-1.375,22.30185184,22.0,22.15,22.5,22.5,22.0,-23.35777773333333,0.0388888566666665,0.016,-0.9293333333333332,-0.988,22.38518515777778,-0.8951111111111097,4.3794174,4.3696423,4.3742146,4.391539,4.3436666,0,0.0,0,1.0,-0.18,5.6,94.4
2023-01-10 10:30:00,134.217408972218,105.786323911112,105.799378972222,22.30185184,-0.988,22.0,2,5.1764362714980825,70.66250196097344,10,1,1,0.4999999999999999,-0.8660254037844387,0.7818314824680298,0.6234898018587336,0.4999999999999999,0.8660254037844387,40.0,28.5625,11.333333333333334,5.800000000000001,16.95,100.0,69.5,-6.25,3.0689847,0.0,-1.35,21.86111114,22.0,22.0,22.15,22.5,22.35,-23.28985184,-0.1425925600000006,-0.0746666666666666,-0.9133333333333332,-0.9226666666666666,22.383950594444443,-0.9435555555555544,4.3436666,4.3794174,4.3696423,4.3742146,4.3021283,0,0.0,0,1.0,-0.21,5.9,94.1
2023-01-10 10:45:00,161.96435466666,146.250816433332,146.269149066664,21.86111114,-0.9226666666666666,22.35,2,5.1764362714980825,70.66250196097344,10,1,1,0.4999999999999999,-0.8660254037844387,0.7818314824680298,0.6234898018587336,0.4999999999999999,0.8660254037844387,48.0,36.0,15.333333333333334,5.6000000000000005,16.225,100.0,69.25,-6.275,3.0632777,0.0,-1.325,21.859259273333333,22.0,22.0,22.0,22.15,22.5,-22.783777806666667,-0.4407406999999992,0.0653333333333333,-0.988,-0.9846666666666668,22.202469126666667,-0.941333333333332,4.3021283,4.3436666,4.3794174,4.3696423,4.330539,0,0.0,0,1.0,-0.31,7.0,93.0
2023-01-10 11:00:00,244.95853451667,217.534353844444,217.56018616111,21.859259273333333,-0.9846666666666668,22.5,2,5.1764362714980825,70.66250196097344,11,1,1,0.258819045102521,-0.9659258262890682,0.7818314824680298,0.6234898018587336,0.4999999999999999,0.8660254037844387,56.0,44.0,20.0,5.4,15.5,100.0,69.0,-6.3,3.0575404,0.0,-1.3,22.17222221,22.35,22.0,22.0,22.0,22.15,-22.84392594,-0.0018518666666658,-0.062,-0.9226666666666666,-1.092666666666667,22.00740741777777,-0.9651111111111098,4.330539,4.3021283,4.3436666,4.3794174,4.340782,0,0.0,0,1.0,-0.31,7.0,93.0
2023-01-10 11:15:00,283.304500666668,240.336497288888,240.363162938886,22.17222221,-1.092666666666667,22.15,2,5.1764362714980825,70.66250196097344,11,1,1,0.258819045102521,-0.9659258262890682,0.7818314824680298,0.6234898018587336,0.4999999999999999,0.8660254037844387,66.5,52.625,25.52083333333333,5.15,15.4,100.0,68.5,-6.325,3.0512807,0.0,-1.225,22.37777778666667,22.5,22.35,22.0,22.0,22.0,-23.264888876666664,0.3129629366666648,-0.1079999999999999,-0.9846666666666668,-1.1446666666666667,21.96419754111111,-0.9999999999999988,4.340782,4.330539,4.3021283,4.3436666,4.3626704,0,0.0,0,1.0,-0.24,6.2,93.8
2023-01-10 11:30:00,166.023914661098,146.662744388888,146.682188094442,22.37777778666667,-1.1446666666666667,22.0,2,5.1764362714980825,70.66250196097344,11,1,1,0.258819045102521,-0.9659258262890682,0.7818314824680298,0.6234898018587336,0.4999999999999999,0.8660254037844387,77.0,61.875,31.89583333333333,4.9,15.3,100.0,68.0,-6.35,3.0448623,0.0,-1.15,22.30000002,22.15,22.5,22.35,22.0,22.0,-23.522444453333332,0.2055555766666721,-0.052,-1.092666666666667,-1.1133333333333333,22.13641975666667,-1.0739999999999987,4.3626704,4.340782,4.330539,4.3021283,4.343205,0,0.0,0,1.0,-0.19,5.8,94.2
2023-01-10 11:45:00,155.896264166656,140.14967155555598,140.168004205554,22.30000002,-1.1133333333333333,22.0,2,5.1764362714980825,70.66250196097344,11,1,1,0.258819045102521,-0.9659258262890682,0.7818314824680298,0.6234898018587336,0.4999999999999999,0.8660254037844387,87.5,71.75,39.125,4.65,15.2,100.0,67.5,-6.375,3.038283,0.0,-1.075,22.17407410666667,22.0,22.15,22.5,22.35,22.0,-23.413333353333336,-0.0777777666666672,0.0313333333333334,-1.1446666666666667,-0.992,22.28333333888889,-1.1168888888888877,4.343205,4.3626704,4.340782,4.330539,4.311846,0,0.0,0,1.0,-0.21,5.9,94.1
2023-01-10 12:00:00,164.423700638886,137.871429355556,137.888095405554,22.17407410666667,-0.992,22.0,2,5.1764362714980825,70.66250196097344,12,1,1,1.2246467991473532e-16,-1.0,0.7818314824680298,0.6234898018587336,0.4999999999999999,0.8660254037844387,98.0,82.25,47.208333333333336,4.4,15.1,100.0,67.0,-6.4,3.0315413,0.0,-1.0,22.111111110000003,22.0,22.0,22.15,22.5,22.0,-23.16607410666667,-0.125925913333333,0.1213333333333334,-1.1133333333333333,-0.824,22.28395063777778,-1.083333333333332,4.311846,4.343205,4.3626704,4.340782,4.29624,0,0.0,0,1.0,-0.24,6.2,93.8
2023-01-10 12:15:00,127.904328138886,101.424831727778,101.439275633332,22.111111110000003,-0.824,22.0,2,5.1764362714980825,70.66250196097344,12,1,1,1.2246467991473532e-16,-1.0,0.7818314824680298,0.6234898018587336,0.4999999999999999,0.8660254037844387,114.0,94.125,56.145833333333336,4.325,14.75,100.0,66.5,-6.375,3.0351543,0.0,-0.875,21.935185163333337,22.0,22.0,22.0,22.15,22.0,-22.935111110000005,-0.0629629966666662,0.1679999999999999,-0.992,-0.6873333333333334,22.19506174555556,-0.976444444444443,4.29624,4.311846,4.343205,4.3626704,4.2528944,0,0.0,0,1.0,-0.25,6.3,93.7
2023-01-10 12:30:00,181.581625394442,150.31648710000002,150.334264172222,21.935185163333337,-0.6873333333333334,22.0,2,5.1764362714980825,70.66250196097344,12,1,1,1.2246467991473532e-16,-1.0,0.7818314824680298,0.6234898018587336,0.4999999999999999,0.8660254037844387,130.0,107.375,65.9375,4.25,14.4,100.0,66.0,-6.35,3.0385723,0.0,-0.75,21.97222223,22.0,22.0,22.0,22.0,22.0,-22.62251849666667,-0.1759259466666662,0.1366666666666666,-0.824,-0.5760000000000001,22.07345679333334,-0.8344444444444431,4.2528944,4.29624,4.311846,4.343205,4.2619877,0,0.0,0,1.0,-0.29,6.8,93.2
2023-01-10 12:45:00,179.646147383326,147.066339344444,147.083838644444,21.97222223,-0.5760000000000001,22.0,2,5.1764362714980825,70.66250196097344,12,1,1,1.2246467991473532e-16,-1.0,0.7818314824680298,0.6234898018587336,0.4999999999999999,0.8660254037844387,146.0,122.0,76.58333333333333,4.175,14.05,100.0,65.5,-6.325,3.0417912,0.0,-0.625,22.01111112,22.0,22.0,22.0,22.0,22.0,-22.54822223,0.037037066666663,0.1113333333333332,-0.6873333333333334,-0.3393333333333333,22.006172834444445,-0.6957777777777764,4.2619877,4.2528944,4.29624,4.311846,4.271554,0,0.0,0,1.0,-0.29,6.7,93.3
2023-01-10 13:00:00,140.67659526109802,122.163724372222,122.180112649998,22.01111112,-0.3393333333333333,22.0,2,5.1764362714980825,70.66250196097344,13,1,1,-0.2588190451025208,-0.9659258262890684,0.7818314824680298,0.6234898018587336,0.4999999999999999,0.8660254037844387,162.0,138.0,88.08333333333333,4.1,13.7,100.0,65.0,-6.3,3.0448084,0.0,-0.5,21.911111100000003,22.0,22.0,22.0,22.0,22.0,-22.35044445333333,0.0388888900000026,0.2366666666666667,-0.5760000000000001,-0.362,21.972839504444448,-0.5342222222222209,4.271554,4.2619877,4.2528944,4.29624,4.2469926,0,0.0,0,1.0,-0.28,6.6,93.4
2023-01-10 13:15:00,153.78523734444,138.062810566668,138.081143216666,21.911111100000003,-0.362,22.0,2,5.1764362714980825,70.66250196097344,13,1,1,-0.2588190451025208,-0.9659258262890684,0.7818314824680298,0.6234898018587336,0.4999999999999999,0.8660254037844387,163.25,150.3125,99.02083333333331,4.3,13.975,100.0,64.75,-6.25,3.0541503,0.0,-0.4,21.961111086666666,22.0,22.0,22.0,22.0,21.816666666666663,-22.2731111,-0.1000000199999995,-0.0226666666666667,-0.3393333333333333,-0.4346666666666667,21.96481481666667,-0.4257777777777765,4.2469926,4.271554,4.2619877,4.2528944,4.2237644,0,0.0,0,1.0,-0.3,6.9,93.1
2023-01-10 13:30:00,177.23263266111,144.986422544444,145.00447742222,21.961111086666666,-0.4346666666666667,21.816666666666663,2,5.1764362714980825,70.66250196097344,13,1,1,-0.2588190451025208,-0.9659258262890684,0.7818314824680298,0.6234898018587336,0.4999999999999999,0.8660254037844387,164.5,158.9375,109.39583333333331,4.5,14.25,100.0,64.5,-6.199999999999999,3.0634568,0.0,-0.3,21.96111108,22.0,22.0,22.0,22.0,21.5,-22.39577775333333,0.0499999866666627,-0.0726666666666666,-0.362,-0.2886666666666667,21.961111102222223,-0.3786666666666654,4.2237644,4.2469926,4.271554,4.2619877,4.162457,0,0.0,0,1.0,-0.29,6.7,93.3
2023-01-10 13:45:00,164.194820827778,128.707629272222,128.723184249998,21.96111108,-0.2886666666666667,21.5,2,5.1764362714980825,70.66250196097344,13,1,1,-0.2588190451025208,-0.9659258262890684,0.7818314824680298,0.6234898018587336,0.4999999999999999,0.8660254037844387,165.75,163.875,119.20833333333331,4.7,14.525,100.0,64.25,-6.15,3.0727274,0.0,-0.1999999999999999,21.9444444,21.816666666666663,22.0,22.0,22.0,21.5,-22.24977774666667,-6.666663665555461e-09,0.146,-0.4346666666666667,-0.2226666666666666,21.944444422222222,-0.3617777777777765,4.162457,4.2237644,4.2469926,4.271554,4.1584573,0,0.0,0,1.0,-0.29,6.8,93.2
2023-01-10 14:00:00,179.861971666676,157.360094244444,157.380371233332,21.9444444,-0.2226666666666666,21.5,2,5.1764362714980825,70.66250196097344,14,1,1,-0.4999999999999997,-0.8660254037844388,0.7818314824680298,0.6234898018587336,0.4999999999999999,0.8660254037844387,167.0,165.125,128.45833333333334,4.9,14.8,100.0,64.0,-6.1,3.0819614,0.0,-0.1,21.98888888,21.5,21.816666666666663,22.0,22.0,21.5,-22.167111066666664,-0.0166666800000037,0.066,-0.2886666666666667,-0.4366666666666666,21.955555522222227,-0.315333333333332,4.1584573,4.162457,4.2237644,4.2469926,4.169129,0,0.0,0,1.0,-0.3,6.8,93.2
2023-01-10 14:15:00,175.719082005558,152.350572383334,152.36946056111,21.98888888,-0.4366666666666666,21.5,2,5.1764362714980825,70.66250196097344,14,1,1,-0.4999999999999997,-0.8660254037844388,0.7818314824680298,0.6234898018587336,0.4999999999999999,0.8660254037844387,165.75,165.75,136.72916666666666,5.075,15.325,100.0,63.75,-6.05,3.0911582,0.0,0.0,22.01111112,21.5,21.5,21.816666666666663,22.0,21.5,-22.425555546666665,0.0444444799999992,-0.2139999999999999,-0.2226666666666666,-0.35,21.964814786666665,-0.3159999999999986,4.169129,4.1584573,4.162457,4.2237644,4.174474,0,0.0,0,1.0,-0.28,6.7,93.3
2023-01-10 14:30:00,139.572750216666,118.656364672222,118.672752949998,22.01111112,-0.35,21.5,2,5.1764362714980825,70.66250196097344,14,1,1,-0.4999999999999997,-0.8660254037844388,0.7818314824680298,0.6234898018587336,0.4999999999999999,0.8660254037844387,164.5,165.75,144.02083333333334,5.25,15.85,100.0,63.5,-6.0,3.100316,0.0,0.1,21.688888870000003,21.5,21.5,21.5,21.816666666666663,21.55,-22.361111120000004,0.0222222400000049,0.0866666666666666,-0.4366666666666666,-0.2806666666666667,21.98148146666667,-0.336444444444443,4.174474,4.169129,4.1584573,4.162457,4.1070833,0,0.0,0,1.0,-0.28,6.6,93.4
2023-01-10 14:45:00,140.261056133328,117.594184927778,117.609739888888,21.688888870000003,-0.2806666666666667,21.55,2,5.1764362714980825,70.66250196097344,14,1,1,-0.4999999999999997,-0.8660254037844388,0.7818314824680298,0.6234898018587336,0.4999999999999999,0.8660254037844387,163.25,165.125,150.33333333333334,5.425,16.375,100.0,63.25,-5.95,3.1094356,0.0,0.2,21.46481483666667,21.5,21.5,21.5,21.5,21.966666666666665,-21.969555536666668,-0.3222222499999994,0.0693333333333333,-0.35,-0.46,21.89629629000001,-0.3557777777777764,4.1070833,4.174474,4.169129,4.1584573,4.1325846,0,0.0,0,1.0,-0.35,7.6,92.4
2023-01-10 15:00:00,206.942277611108,168.967129927778,168.9865736,21.46481483666667,-0.46,21.966666666666665,2,5.1764362714980825,70.66250196097344,15,1,1,-0.7071067811865471,-0.7071067811865479,0.7818314824680298,0.6234898018587336,0.4999999999999999,0.8660254037844387,162.0,163.875,155.66666666666666,5.6,16.9,100.0,63.0,-5.9,3.1185155,0.0,0.3,21.73333336,21.55,21.5,21.5,21.5,21.65,-21.92481483666667,-0.2240740333333342,-0.1793333333333333,-0.2806666666666667,-0.522,21.721604942222225,-0.3635555555555542,4.1325846,4.1070833,4.174474,4.169129,4.1367517,0,0.0,0,1.0,-0.4,8.4,91.6
2023-01-10 15:15:00,253.779015199996,224.524629772222,224.550184333332,21.73333336,-0.522,21.65,2,5.1764362714980825,70.66250196097344,15,1,1,-0.7071067811865471,-0.7071067811865479,0.7818314824680298,0.6234898018587336,0.4999999999999999,0.8660254037844387,153.75,160.875,158.97916666666666,5.5,16.625,100.0,63.0,-5.875,3.1238775,0.0,0.325,22.06666666,21.966666666666665,21.55,21.5,21.5,21.316666666666663,-22.25533336,0.2685185233333307,-0.062,-0.46,-0.5906666666666667,21.62901235555556,-0.4208888888888875,4.1367517,4.1325846,4.1070833,4.174474,4.152151,0,0.0,0,1.0,-0.34,7.4,92.6
2023-01-10 15:30:00,250.341652783326,234.541451283334,234.570061305554,22.06666666,-0.5906666666666667,21.316666666666663,2,5.1764362714980825,70.66250196097344,15,1,1,-0.7071067811865471,-0.7071067811865479,0.7818314824680298,0.6234898018587336,0.4999999999999999,0.8660254037844387,145.5,156.125,160.27083333333334,5.4,16.35,100.0,63.0,-5.85,3.1292481,0.0,0.35,22.30555553,21.65,21.966666666666665,21.55,21.5,21.0,-22.657333326666667,0.3333332999999996,-0.0686666666666666,-0.522,-0.686,21.75493828555556,-0.5242222222222209,4.152151,4.1367517,4.1325846,4.1070833,4.1471114,0,0.0,0,1.0,-0.27,6.5,93.5
2023-01-10 15:45:00,207.216155455556,186.3492124,186.370878216666,22.30555553,-0.686,21.0,2,5.1764362714980825,70.66250196097344,15,1,1,-0.7071067811865471,-0.7071067811865479,0.7818314824680298,0.6234898018587336,0.4999999999999999,0.8660254037844387,137.25,149.625,159.54166666666666,5.3,16.075,100.0,63.0,-5.825,3.1346264,0.0,0.375,22.30370372,21.316666666666663,21.65,21.966666666666665,21.55,21.0,-22.99155553,0.2388888700000002,-0.0953333333333333,-0.5906666666666667,-0.8213333333333334,22.035185183333336,-0.5995555555555543,4.1471114,4.152151,4.1367517,4.1325846,4.146669,0,0.0,0,1.0,-0.22,6.0,94.0
2023-01-10 16:00:00,145.155026883334,110.73834803889,110.751958627778,22.30370372,-0.8213333333333334,21.0,2,5.1764362714980825,70.66250196097344,16,1,1,-0.8660254037844385,-0.5000000000000004,0.7818314824680298,0.6234898018587336,0.4999999999999999,0.8660254037844387,129.0,141.375,156.79166666666666,5.2,15.8,100.0,63.0,-5.8,3.140014,0.0,0.4,22.0388889,21.0,21.316666666666663,21.65,21.966666666666665,21.0,-23.12503705333333,-0.0018518100000015,-0.1353333333333333,-0.686,-1.04,22.225308636666664,-0.6993333333333321,4.146669,4.1471114,4.152151,4.1367517,4.0839267,0,0.0,0,1.0,-0.22,6.0,94.0
2023-01-10 16:15:00,144.632547949994,113.29685686111,113.31352294444,22.0388889,-1.04,21.0,2,5.1764362714980825,70.66250196097344,16,1,1,-0.8660254037844385,-0.5000000000000004,0.7818314824680298,0.6234898018587336,0.4999999999999999,0.8660254037844387,115.25,131.75,152.79166666666666,5.35,15.45,99.75,63.25,-5.85,3.1362739,0.0,0.325,21.87592592,21.0,21.0,21.316666666666663,21.65,21.0,-23.0788889,-0.264814819999998,-0.2186666666666666,-0.8213333333333334,-1.292,22.21604938333333,-0.8491111111111098,4.0839267,4.146669,4.1471114,4.152151,4.045726,0,0.0,0,1.0,-0.28,6.6,93.4
2023-01-10 16:30:00,158.95030856666,137.281730727778,137.299785655552,21.87592592,-1.292,21.0,2,5.1764362714980825,70.66250196097344,16,1,1,-0.8660254037844385,-0.5000000000000004,0.7818314824680298,0.6234898018587336,0.4999999999999999,0.8660254037844387,101.5,120.75,147.54166666666666,5.5,15.1,99.5,63.5,-5.9,3.1324792,0.0,0.25,21.88888889,21.0,21.0,21.0,21.316666666666663,21.0,-23.16792592,-0.1629629799999996,-0.252,-1.04,-1.5893333333333333,22.07283951333333,-1.05111111111111,4.045726,4.0839267,4.146669,4.1471114,4.048753,0,0.0,0,1.0,-0.31,7.0,93.0
2023-01-10 16:45:00,206.002592933332,181.712175655556,181.734952544444,21.88888889,-1.5893333333333333,21.0,2,5.1764362714980825,70.66250196097344,16,1,1,-0.8660254037844385,-0.5000000000000004,0.7818314824680298,0.6234898018587336,0.4999999999999999,0.8660254037844387,87.75,108.375,141.04166666666666,5.65,14.75,99.25,63.75,-5.95,3.1286309,0.0,0.175,22.064814836666663,21.0,21.0,21.0,21.0,21.0,-23.47822222333333,0.0129629699999966,-0.2973333333333332,-1.292,-1.7733333333333334,21.93456790333333,-1.3071111111111098,4.048753,4.045726,4.0839267,4.146669,4.090033,0,0.0,0,1.0,-0.31,7.0,93.0
2023-01-10 17:00:00,155.013521561106,139.206931516666,139.22415309444202,22.064814836666663,-1.7733333333333334,21.0,2,5.1764362714980825,70.66250196097344,17,1,1,-0.9659258262890684,-0.2588190451025206,0.7818314824680298,0.6234898018587336,0.4999999999999999,0.8660254037844387,74.0,94.625,133.29166666666666,5.8,14.4,99.0,64.0,-6.0,3.1247282,0.0,0.1,22.02777777,21.0,21.0,21.0,21.0,21.0,-23.83814817,0.1759259466666662,-0.1840000000000001,-1.5893333333333333,-1.838,21.94320988222222,-1.5515555555555542,4.090033,4.048753,4.045726,4.0839267,4.081312,0,0.0,0,1.0,-0.27,6.5,93.5
2023-01-10 17:15:00,171.502306233336,136.46287458333398,136.477596244444,22.02777777,-1.838,21.0,2,5.1764362714980825,70.66250196097344,17,1,1,-0.9659258262890684,-0.2588190451025206,0.7818314824680298,0.6234898018587336,0.4999999999999999,0.8660254037844387,59.0,80.5625,124.39583333333331,6.3,14.125,98.25,65.25,-6.05,3.109799,0.0,-0.25,21.948148106666665,21.0,21.0,21.0,21.0,21.0,-23.86577777,-0.037037066666663,-0.0646666666666666,-1.7733333333333334,-2.022,21.993827165555555,-1.7335555555555544,4.081312,4.090033,4.048753,4.045726,4.062617,0,0.0,0,1.0,-0.28,6.6,93.4
2023-01-10 17:30:00,173.980540450002,136.148164972222,136.16233110555402,21.948148106666665,-2.022,21.0,2,5.1764362714980825,70.66250196097344,17,1,1,-0.9659258262890684,-0.2588190451025206,0.7818314824680298,0.6234898018587336,0.4999999999999999,0.8660254037844387,44.0,66.1875,114.35416666666669,6.8,13.85,97.5,66.5,-6.1,3.093583,0.0,-0.6000000000000001,21.90555555,21.0,21.0,21.0,21.0,20.65,-23.970148106666663,-0.0796296633333355,-0.1839999999999997,-1.838,-2.13,22.013580237777777,-1.8777777777777764,4.062617,4.081312,4.090033,4.048753,3.985104,0,0.0,0,1.0,-0.3,6.8,93.2
2023-01-10 17:45:00,151.93697802777,135.966505572222,135.983449394442,21.90555555,-2.13,20.65,2,5.1764362714980825,70.66250196097344,17,1,1,-0.9659258262890684,-0.2588190451025206,0.7818314824680298,0.6234898018587336,0.4999999999999999,0.8660254037844387,29.0,51.5,103.16666666666669,7.3,13.575,96.75,67.75,-6.15,3.076144,0.0,-0.95,21.90925925,21.0,21.0,21.0,21.0,20.5,-24.03555555,-0.0425925566666656,-0.1080000000000001,-2.022,-2.2493333333333334,21.960493808888888,-1.9966666666666653,3.985104,4.062617,4.081312,4.090033,3.9570014,0,0.0,0,1.0,-0.31,7.0,93.0
2023-01-10 18:00:00,210.838510555556,192.687569955556,192.710624633332,21.90925925,-2.2493333333333334,20.5,2,5.1764362714980825,70.66250196097344,18,1,1,-1.0,-1.8369701987210294e-16,0.7818314824680298,0.6234898018587336,0.4999999999999999,0.8660254037844387,14.0,36.5,90.83333333333331,7.8,13.3,96.0,69.0,-6.2,3.0575404,0.0,-1.3,22.0722222,20.65,21.0,21.0,21.0,20.45,-24.15859258333333,0.003703699999999,-0.1193333333333335,-2.13,-2.2966666666666664,21.92098763555556,-2.133777777777776,3.9570014,3.985104,4.062617,4.081312,3.984613,0,0.0,0,1.0,-0.31,7.0,93.0
2023-01-10 18:15:00,224.721288555556,198.166239716666,198.188738816666,22.0722222,-2.2966666666666664,20.45,2,5.1764362714980825,70.66250196097344,18,1,1,-1.0,-1.8369701987210294e-16,0.7818314824680298,0.6234898018587336,0.4999999999999999,0.8660254037844387,10.5,24.375,78.89583333333333,7.5,13.475,91.25,69.75,-6.325,3.037351,0.0,-1.55,22.23518518,20.5,20.65,21.0,21.0,20.03333333333333,-24.368888866666666,0.1629629500000007,-0.047333333333333,-2.2493333333333334,-2.3793333333333333,21.962345666666664,-2.225333333333332,3.984613,3.9570014,3.985104,4.062617,3.9402275,0,0.0,0,1.0,-0.27,6.5,93.5
2023-01-10 18:30:00,223.634665405554,191.720941988888,191.743996616666,22.23518518,-2.3793333333333333,20.03333333333333,2,5.1764362714980825,70.66250196097344,18,1,1,-1.0,-1.8369701987210294e-16,0.7818314824680298,0.6234898018587336,0.4999999999999999,0.8660254037844387,7.0,15.125,67.35416666666667,7.199999999999999,13.65,86.5,70.5,-6.45,3.0168343,0.0,-1.7999999999999998,22.24444446,20.45,20.5,20.65,21.0,20.0,-24.61451851333333,0.1629629799999996,-0.0826666666666668,-2.2966666666666664,-2.551333333333333,22.07222221,-2.308444444444443,3.9402275,3.984613,3.9570014,3.985104,3.9357681,0,0.0,0,1.0,-0.24,6.2,93.8
2023-01-10 18:45:00,141.27462670555,111.231106144444,111.244994538886,22.24444446,-2.551333333333333,20.0,2,5.1764362714980825,70.66250196097344,18,1,1,-1.0,-1.8369701987210294e-16,0.7818314824680298,0.6234898018587336,0.4999999999999999,0.8660254037844387,3.5,8.75,56.208333333333336,6.9,13.825,81.75,71.25,-6.575,2.9960055,0.0,-2.05,21.90555554,20.03333333333333,20.45,20.5,20.65,20.183333333333334,-24.795777793333333,0.0092592800000019,-0.1720000000000001,-2.3793333333333333,-2.6506666666666665,22.183950613333337,-2.409111111111109,3.9357681,3.9402275,3.984613,3.9570014,3.895045,0,0.0,0,1.0,-0.24,6.2,93.8
2023-01-10 19:00:00,191.972043094442,165.697816272222,165.717259977776,21.90555554,-2.6506666666666665,20.183333333333334,2,5.1764362714980825,70.66250196097344,19,1,1,-0.9659258262890684,0.2588190451025203,0.7818314824680298,0.6234898018587336,0.4999999999999999,0.8660254037844387,0.0,5.25,45.458333333333336,6.6,14.0,77.0,72.0,-6.7,2.9748805,0.0,-2.3,21.88333335,20.0,20.03333333333333,20.45,20.5,20.15,-24.556222206666668,-0.3388889199999987,-0.099333333333333,-2.551333333333333,-2.672,22.128395060000003,-2.5271111111111093,3.895045,3.9357681,3.9402275,3.984613,3.8836293,0,0.0,0,1.0,-0.31,7.0,93.0
2023-01-10 19:15:00,255.132294533324,239.351536655556,239.380146677776,21.88333335,-2.672,20.15,2,5.1764362714980825,70.66250196097344,19,1,1,-0.9659258262890684,0.2588190451025203,0.7818314824680298,0.6234898018587336,0.4999999999999999,0.8660254037844387,0.0,2.625,35.854166666666664,6.55,13.55,78.25,72.5,-7.0,2.9123785,0.0,-2.7,22.188888916666667,20.183333333333334,20.0,20.03333333333333,20.45,20.0,-24.55533335,-0.0222221900000043,-0.0213333333333332,-2.6506666666666665,-2.583333333333333,22.01111111666667,-2.624666666666665,3.8836293,3.895045,3.9357681,3.9402275,3.9232042,0,0.0,0,1.0,-0.32,7.1,92.9
2023-01-10 19:30:00,265.165226483326,245.735447972222,245.763224694442,22.188888916666667,-2.583333333333333,20.0,2,5.1764362714980825,70.66250196097344,19,1,1,-0.9659258262890684,0.2588190451025203,0.7818314824680298,0.6234898018587336,0.4999999999999999,0.8660254037844387,0.0,0.875,27.39583333333333,6.5,13.1,79.5,73.0,-7.300000000000001,2.8507793,0.0,-3.1,22.35555557,20.15,20.183333333333334,20.0,20.03333333333333,19.7,-24.77222225,0.3055555666666691,0.0886666666666662,-2.672,-2.6966666666666668,21.99259260222222,-2.635333333333332,3.9232042,3.8836293,3.895045,3.9357681,3.9015872,0,0.0,0,1.0,-0.25,6.3,93.7
2023-01-10 19:45:00,239.906792311108,196.412698727778,196.434086788888,22.35555557,-2.6966666666666668,19.7,2,5.1764362714980825,70.66250196097344,19,1,1,-0.9659258262890684,0.2588190451025203,0.7818314824680298,0.6234898018587336,0.4999999999999999,0.8660254037844387,0.0,0.0,20.08333333333333,6.45,12.65,80.75,73.5,-7.6,2.7900817,0.0,-3.5,22.327777776666668,20.0,20.15,20.183333333333334,20.0,19.966666666666665,-25.052222236666665,0.1666666533333334,-0.1133333333333332,-2.583333333333333,-2.852,22.14259261222222,-2.6506666666666656,3.9015872,3.9232042,3.8836293,3.895045,3.9480886,0,0.0,0,1.0,-0.21,5.9,94.1
2023-01-10 20:00:00,137.276453105558,110.630296811112,110.644740716666,22.327777776666668,-2.852,19.966666666666665,2,5.1764362714980825,70.66250196097344,20,1,1,-0.8660254037844386,0.5000000000000001,0.7818314824680298,0.6234898018587336,0.4999999999999999,0.8660254037844387,0.0,0.0,13.916666666666666,6.4,12.2,82.0,74.0,-7.9,2.7302842,0.0,-3.9,22.0611111,19.7,20.0,20.15,20.183333333333334,20.0,-25.17977777666667,-0.0277777933333318,-0.1553333333333331,-2.6966666666666668,-2.98,22.29074075444445,-2.710666666666665,3.9480886,3.9015872,3.9232042,3.8836293,3.8944387,0,0.0,0,1.0,-0.22,6.0,94.0
2023-01-10 20:15:00,164.517030155556,148.711551283334,148.730161672222,22.0611111,-2.98,20.0,2,5.1764362714980825,70.66250196097344,20,1,1,-0.8660254037844386,0.5000000000000001,0.7818314824680298,0.6234898018587336,0.4999999999999999,0.8660254037844387,0.0,0.0,9.0,6.2,12.65,71.5,75.25,-7.925000000000001,2.7224817,0.0,-4.175,21.98888888,19.966666666666665,19.7,20.0,20.15,20.0,-25.0411111,-0.2666666766666665,-0.1280000000000001,-2.852,-2.9873333333333334,22.24814814888889,-2.842888888888888,3.8944387,3.9480886,3.9015872,3.9232042,3.8782597,0,0.0,0,1.0,-0.28,6.6,93.4
2023-01-10 20:30:00,208.1983384,179.853083355556,179.873638116666,21.98888888,-2.9873333333333334,20.0,2,5.1764362714980825,70.66250196097344,20,1,1,-0.8660254037844386,0.5000000000000001,0.7818314824680298,0.6234898018587336,0.4999999999999999,0.8660254037844387,0.0,0.0,5.333333333333333,6.0,13.1,61.0,76.5,-7.95,2.7138264,0.0,-4.45,22.10000001,20.0,19.966666666666665,19.7,20.0,20.0,-24.97622221333333,-0.072222220000004,-0.0073333333333334,-2.98,-3.135333333333333,22.125925918888893,-2.9397777777777763,3.8782597,3.8944387,3.9480886,3.9015872,3.903174,0,0.0,0,1.0,-0.29,6.8,93.2
2023-01-10 20:45:00,196.477418222228,175.863520711112,175.88435326111,22.10000001,-3.135333333333333,20.0,2,5.1764362714980825,70.66250196097344,20,1,1,-0.8660254037844386,0.5000000000000001,0.7818314824680298,0.6234898018587336,0.4999999999999999,0.8660254037844387,0.0,0.0,2.9166666666666665,5.8,13.55,50.5,77.75,-7.975,2.704351,0.0,-4.725,22.16296299333333,20.0,20.0,19.966666666666665,19.7,20.0,-25.23533334333333,0.1111111300000011,-0.1480000000000001,-2.9873333333333334,-3.008,22.049999996666667,-3.034222222222221,3.903174,3.8782597,3.8944387,3.9480886,3.9173534,0,0.0,0,1.0,-0.27,6.5,93.5
2023-01-10 21:00:00,185.630074350006,153.9696743,153.986895894442,22.16296299333333,-3.008,20.0,2,5.1764362714980825,70.66250196097344,21,1,1,-0.7071067811865477,0.7071067811865474,0.7818314824680298,0.6234898018587336,0.4999999999999999,0.8660254037844387,0.0,0.0,1.75,5.6,14.0,40.0,79.0,-8.0,2.6940856,0.0,-5.0,22.13333334,20.0,20.0,20.0,19.966666666666665,19.65,-25.170962993333333,0.0629629833333353,0.1273333333333335,-3.135333333333333,-3.044666666666666,22.083950627777774,-3.0435555555555545,3.9173534,3.903174,3.8782597,3.8944387,3.8422384,0,0.0,0,1.0,-0.25,6.3,93.7
2023-01-10 21:15:00,207.540309255552,171.67729930000002,171.6956319,22.13333334,-3.044666666666666,19.65,2,5.1764362714980825,70.66250196097344,21,1,1,-0.7071067811865477,0.7071067811865474,0.7818314824680298,0.6234898018587336,0.4999999999999999,0.8660254037844387,0.0,0.0,0.875,4.949999999999999,13.2,32.25,80.0,-8.0,2.6940446,0.0,-5.175,22.122222256666667,20.0,20.0,20.0,20.0,19.5,-25.178000006666668,-0.029629653333334,-0.0366666666666666,-3.008,-3.2633333333333336,22.132098781111115,-3.062666666666665,3.8422384,3.9173534,3.903174,3.8782597,3.8104684,0,0.0,0,1.0,-0.26,6.4,93.6
2023-01-10 21:30:00,155.014077122216,137.9953133,138.013368211108,22.122222256666667,-3.2633333333333336,19.5,2,5.1764362714980825,70.66250196097344,21,1,1,-0.7071067811865477,0.7071067811865474,0.7818314824680298,0.6234898018587336,0.4999999999999999,0.8660254037844387,0.0,0.0,0.2916666666666667,4.3,12.4,24.5,81.0,-8.0,2.6935308,0.0,-5.35,22.033333350000003,19.65,20.0,20.0,20.0,19.5,-25.385555590000003,-0.0111110833333327,-0.218666666666667,-3.044666666666666,-3.380666666666667,22.13950619666667,-3.105333333333332,3.8104684,3.8422384,3.9173534,3.903174,3.7910032,0,0.0,0,1.0,-0.27,6.5,93.5
2023-01-10 21:45:00,916.962764588884,225.8784645,225.908185594442,22.033333350000003,-3.380666666666667,19.5,2,5.1764362714980825,70.66250196097344,21,1,1,-0.7071067811865477,0.7071067811865474,0.7818314824680298,0.6234898018587336,0.4999999999999999,0.8660254037844387,0.0,0.0,0.0,3.65,11.6,16.75,82.0,-8.0,2.6925554,0.0,-5.525,22.196296323333332,19.5,19.65,20.0,20.0,19.316666666666663,-25.41400001666667,-0.0888889066666642,-0.1173333333333332,-3.2633333333333336,-3.6386666666666665,22.09629631555556,-3.2295555555555544,3.7910032,3.8104684,3.8422384,3.9173534,3.7907784,0,0.0,0,1.0,-0.29,6.7,93.3
2023-01-10 22:00:00,580.036519877776,238.9421086,238.970440866664,22.196296323333332,-3.6386666666666665,19.316666666666663,2,5.1764362714980825,70.66250196097344,22,1,1,-0.5000000000000004,0.8660254037844384,0.7818314824680298,0.6234898018587336,0.4999999999999999,0.8660254037844387,0.0,0.0,0.0,3.0,10.8,9.0,83.0,-8.0,2.6911292,0.0,-5.7,22.36111112,19.5,19.5,19.65,20.0,19.0,-25.83496299,0.1629629733333324,-0.2579999999999995,-3.380666666666667,-4.083333333333333,22.11728397666667,-3.427555555555555,3.7907784,3.7910032,3.8104684,3.8422384,3.7641532,0,0.0,0,1.0,-0.25,6.3,93.7
2023-01-10 22:15:00,259.870715872222,226.260393655556,226.285392655556,22.36111112,-4.083333333333333,19.0,2,5.1764362714980825,70.66250196097344,22,1,1,-0.5000000000000004,0.8660254037844384,0.7818314824680298,0.6234898018587336,0.4999999999999999,0.8660254037844387,0.0,0.0,0.0,3.425,10.0,7.25,83.5,-7.975,2.7024474,0.0,-5.725,22.4407407,19.316666666666663,19.5,19.5,19.65,19.0,-26.44444445333333,0.1648147966666613,-0.4446666666666665,-3.6386666666666665,-4.238666666666666,22.19691359777778,-3.7008888888888873,3.7641532,3.7907784,3.7910032,3.8104684,3.78142,0,0.0,0,1.0,-0.22,6.0,94.0
2023-01-10 22:30:00,242.847507977776,216.5321717,216.557170716666,22.4407407,-4.238666666666666,19.0,2,5.1764362714980825,70.66250196097344,22,1,1,-0.5000000000000004,0.8660254037844384,0.7818314824680298,0.6234898018587336,0.4999999999999999,0.8660254037844387,0.0,0.0,0.0,3.85,9.2,5.5,84.0,-7.95,2.7137156,0.0,-5.75,22.45555554,19.0,19.316666666666663,19.5,19.5,19.0,-26.679407366666663,0.0796295800000024,-0.1553333333333331,-4.083333333333333,-4.6080000000000005,22.33271604777778,-3.986888888888887,3.78142,3.7641532,3.7907784,3.7910032,3.7846384,0,0.0,0,1.0,-0.2,5.8,94.2
2023-01-10 22:45:00,182.559919661106,157.076216716666,157.093716016666,22.45555554,-4.6080000000000005,19.0,2,5.1764362714980825,70.66250196097344,22,1,1,-0.5000000000000004,0.8660254037844384,0.7818314824680298,0.6234898018587336,0.4999999999999999,0.8660254037844387,0.0,0.0,0.0,4.275,8.4,3.75,84.5,-7.925000000000001,2.7249331,0.0,-5.775,22.07777777333333,19.0,19.0,19.316666666666663,19.5,19.0,-27.06355554,0.0148148399999996,-0.3693333333333344,-4.238666666666666,-4.825333333333333,22.41913578666667,-4.309999999999999,3.7846384,3.78142,3.7641532,3.7907784,3.7032704,0,0.0,0,1.0,-0.19,5.8,94.2
2023-01-10 23:00:00,125.845243955548,107.156269177776,107.168768694442,22.07777777333333,-4.825333333333333,19.0,2,5.1764362714980825,70.66250196097344,23,1,1,-0.2588190451025215,0.965925826289068,0.7818314824680298,0.6234898018587336,0.4999999999999999,0.8660254037844387,0.0,0.0,0.0,4.7,7.6,2.0,85.0,-7.9,2.7360997,0.0,-5.8,21.62777781,19.0,19.0,19.0,19.316666666666663,19.3,-26.903111106666664,-0.3777777666666679,-0.2173333333333325,-4.6080000000000005,-4.981333333333334,22.32469133777778,-4.557333333333332,3.7032704,3.7846384,3.78142,3.7641532,3.6652987,0,0.0,0,1.0,-0.28,6.6,93.4
2023-01-10 23:15:00,181.827448711116,165.49338,165.51615687222198,21.62777781,-4.981333333333334,19.3,2,5.1764362714980825,70.66250196097344,23,1,1,-0.2588190451025215,0.965925826289068,0.7818314824680298,0.6234898018587336,0.4999999999999999,0.8660254037844387,0.0,0.0,0.0,4.975,8.05,1.5,85.5,-7.9,2.7372832,0.0,-5.875,21.688888873333333,19.0,19.0,19.0,19.0,19.03333333333333,-26.609111143333337,-0.4499999633333296,-0.1560000000000005,-4.825333333333333,-5.086666666666667,22.05370370777778,-4.804888888888888,3.6652987,3.7032704,3.7846384,3.78142,3.6274474,0,0.0,0,1.0,-0.38,8.0,92.0
2023-01-10 23:30:00,278.265813388888,237.7996543,237.829097638886,21.688888873333333,-5.086666666666667,19.03333333333333,2,5.1764362714980825,70.66250196097344,23,1,1,-0.2588190451025215,0.965925826289068,0.7818314824680298,0.6234898018587336,0.4999999999999999,0.8660254037844387,0.0,0.0,0.0,5.25,8.5,1.0,86.0,-7.9,2.7383647,0.0,-5.949999999999999,21.96666666,19.3,19.0,19.0,19.0,18.95,-26.77555554,0.0611110633333318,-0.1053333333333332,-4.981333333333334,-5.168666666666667,21.798148152222225,-4.964444444444442,3.6274474,3.6652987,3.7032704,3.7846384,3.6699457,0,0.0,0,1.0,-0.37,7.8,92.2
2023-01-10 23:45:00,289.204542505554,255.110628483334,255.140905088888,21.96666666,-5.168666666666667,18.95,2,5.1764362714980825,70.66250196097344,23,1,1,-0.2588190451025215,0.965925826289068,0.7818314824680298,0.6234898018587336,0.4999999999999999,0.8660254037844387,0.0,0.0,0.0,5.525,8.95,0.5,86.5,-7.9,2.7393434,0.0,-6.025,22.196296323333332,19.03333333333333,19.3,19.0,19.0,18.53333333333333,-27.135333326666665,0.2777777866666646,-0.0819999999999998,-5.086666666666667,-5.368666666666667,21.761111114444446,-5.078888888888887,3.6699457,3.6274474,3.6652987,3.7032704,3.6370533,0,0.0,0,1.0,-0.31,6.9,93.1
2023-01-11 00:00:00,273.08129847778,257.213877716666,257.24665422222,22.196296323333332,-5.368666666666667,18.53333333333333,2,5.1764362714980825,70.66250196097344,0,2,1,0.0,1.0,0.9749279121818236,-0.2225209339563143,0.4999999999999999,0.8660254037844387,0.0,0.0,0.0,5.8,9.4,0.0,87.0,-7.9,2.7402217,0.0,-6.1,22.32222221,18.95,19.03333333333333,19.3,19.0,18.5,-27.56496299,0.2296296633333376,-0.2000000000000001,-5.168666666666667,-5.536666666666666,21.950617285555555,-5.207999999999999,3.6370533,3.6699457,3.6274474,3.6652987,3.6569102,0,0.0,0,1.0,-0.26,6.4,93.6
2023-01-11 00:15:00,258.751593922224,236.206106927778,236.23527246111,22.32222221,-5.536666666666666,18.5,2,5.1764362714980825,70.66250196097344,0,2,1,0.0,1.0,0.9749279121818236,-0.2225209339563143,0.4999999999999999,0.8660254037844387,0.0,0.0,0.0,5.725,9.4,0.0,87.5,-7.925000000000001,2.7409997,0.0,-6.175,22.40555554333333,18.53333333333333,18.95,19.03333333333333,19.3,18.5,-27.858888876666665,0.1259258866666641,-0.1679999999999992,-5.368666666666667,-5.726,22.16172839777778,-5.357999999999998,3.6569102,3.6370533,3.6699457,3.6274474,3.6744719,0,0.0,0,1.0,-0.23,6.1,93.9
2023-01-11 00:30:00,258.850756672222,233.2456698,233.273168749998,22.40555554333333,-5.726,18.5,2,5.1764362714980825,70.66250196097344,0,2,1,0.0,1.0,0.9749279121818236,-0.2225209339563143,0.4999999999999999,0.8660254037844387,0.0,0.0,0.0,5.65,9.4,0.0,88.0,-7.95,2.7416794,0.0,-6.25,22.44999996,18.5,18.53333333333333,18.95,19.03333333333333,18.15,-28.13155554333333,0.0833333333333321,-0.1893333333333338,-5.536666666666666,-5.796666666666667,22.308024692222222,-5.543777777777777,3.6744719,3.6569102,3.6370533,3.6699457,3.6141727,0,0.0,0,1.0,-0.21,5.9,94.1
2023-01-11 00:45:00,262.568941388884,230.719659777776,230.749380888884,22.44999996,-5.796666666666667,18.15,2,5.1764362714980825,70.66250196097344,0,2,1,0.0,1.0,0.9749279121818236,-0.2225209339563143,0.4999999999999999,0.8660254037844387,0.0,0.0,0.0,5.575,9.4,0.0,88.5,-7.975,2.7422605,0.0,-6.325,22.475925906666664,18.5,18.5,18.53333333333333,18.95,18.0,-28.246666626666663,0.0444444166666677,-0.0706666666666668,-5.726,-5.818,22.392592571111116,-5.686444444444443,3.6141727,3.6744719,3.6569102,3.6370533,3.5896456,0,0.0,0,1.0,-0.2,5.8,94.2
2023-01-11 01:00:00,251.390221755556,221.353923272222,221.380866677776,22.475925906666664,-5.818,18.0,2,5.1764362714980825,70.66250196097344,1,2,1,0.2588190451025207,0.9659258262890684,0.9749279121818236,-0.2225209339563143,0.4999999999999999,0.8660254037844387,0.0,0.0,0.0,5.5,9.4,0.0,89.0,-8.0,2.7427442,0.0,-6.4,22.36666666,18.15,18.5,18.5,18.53333333333333,18.05,-28.293925906666665,0.0259259466666641,-0.0213333333333327,-5.796666666666667,-5.756,22.443827136666663,-5.780222222222221,3.5896456,3.6141727,3.6744719,3.6569102,3.5770876,0,0.0,0,1.0,-0.2,5.8,94.2
2023-01-11 01:15:00,146.46525240555,123.615888516666,123.63033242222,22.36666666,-5.756,18.05,2,5.1764362714980825,70.66250196097344,1,2,1,0.2588190451025207,0.9659258262890684,0.9749279121818236,-0.2225209339563143,0.4999999999999999,0.8660254037844387,0.0,0.0,0.0,5.3,9.3,0.0,89.25,-8.0,2.740455,0.0,-6.45,21.86296298,18.0,18.15,18.5,18.5,18.466666666666665,-28.12266666,-0.1092592466666637,0.0619999999999993,-5.818,-5.684,22.43086417555556,-5.790222222222222,3.5770876,3.5896456,3.6141727,3.6744719,3.5550091,0,0.0,0,1.0,-0.22,6.0,94.0
2023-01-11 01:30:00,137.223399744444,121.376533644444,121.391533044444,21.86296298,-5.684,18.466666666666665,2,5.1764362714980825,70.66250196097344,1,2,1,0.2588190451025207,0.9659258262890684,0.9749279121818236,-0.2225209339563143,0.4999999999999999,0.8660254037844387,0.0,0.0,0.0,5.1,9.2,0.0,89.5,-8.0,2.738141,0.0,-6.5,21.49999999,18.05,18.0,18.15,18.5,18.5,-27.546962980000004,-0.5037036799999974,0.072,-5.756,-5.575333333333333,22.23518518222222,-5.7526666666666655,3.5550091,3.5770876,3.5896456,3.6141727,3.4874964,0,0.0,0,1.0,-0.33,7.3,92.7
2023-01-11 01:45:00,241.597280155556,214.81612926111,214.843628211108,21.49999999,-5.575333333333333,18.5,2,5.1764362714980825,70.66250196097344,1,2,1,0.2588190451025207,0.9659258262890684,0.9749279121818236,-0.2225209339563143,0.4999999999999999,0.8660254037844387,0.0,0.0,0.0,4.9,9.1,0.0,89.75,-8.0,2.7358034,0.0,-6.55,21.73333335333333,18.466666666666665,18.05,18.0,18.15,18.5,-27.07533332333333,-0.3629629900000033,0.1086666666666671,-5.684,-5.536666666666666,21.909876543333336,-5.671777777777776,3.4874964,3.5550091,3.5770876,3.5896456,3.534869,0,0.0,0,1.0,-0.42,8.6,91.4
2023-01-11 02:00:00,283.051177400004,242.70306923889,242.73167926111,21.73333335333333,-5.536666666666666,18.5,2,5.1764362714980825,70.66250196097344,2,2,1,0.4999999999999999,0.8660254037844387,0.9749279121818236,-0.2225209339563143,0.4999999999999999,0.8660254037844387,0.0,0.0,0.0,4.7,9.0,0.0,90.0,-8.0,2.7334428,0.0,-6.6,21.97777778,18.5,18.466666666666665,18.05,18.0,18.45,-27.27000002,0.2333333633333332,0.0386666666666668,-5.575333333333333,-5.6080000000000005,21.69876544111111,-5.598666666666664,3.534869,3.4874964,3.5550091,3.5770876,3.5754032,0,0.0,0,1.0,-0.36,7.7,92.3
2023-01-11 02:15:00,273.524336472218,251.539104716666,251.571047938886,21.97777778,-5.6080000000000005,18.45,2,5.1764362714980825,70.66250196097344,2,2,1,0.4999999999999999,0.8660254037844387,0.9749279121818236,-0.2225209339563143,0.4999999999999999,0.8660254037844387,0.0,0.0,0.0,4.55,8.725,6.25,90.0,-8.025,2.7234933,0.0,-6.65,22.14444443,18.5,18.5,18.466666666666665,18.05,18.03333333333333,-27.58577778,0.2444444266666678,-0.0713333333333343,-5.536666666666666,-5.648666666666667,21.73703704111111,-5.573333333333332,3.5754032,3.534869,3.4874964,3.5550091,3.5283823,0,0.0,0,1.0,-0.31,7.0,93.0
2023-01-11 02:30:00,267.6242946,249.639458455556,249.66945732222,22.14444443,-5.648666666666667,18.03333333333333,2,5.1764362714980825,70.66250196097344,2,2,1,0.4999999999999999,0.8660254037844387,0.9749279121818236,-0.2225209339563143,0.4999999999999999,0.8660254037844387,0.0,0.0,0.0,4.4,8.45,12.5,90.0,-8.05,2.7135758,0.0,-6.699999999999999,22.25555556,18.45,18.5,18.5,18.466666666666665,18.0,-27.793111096666667,0.1666666499999998,-0.0406666666666666,-5.6080000000000005,-5.847333333333333,21.951851854444445,-5.597777777777776,3.5283823,3.5754032,3.534869,3.4874964,3.5444574,0,0.0,0,1.0,-0.27,6.5,93.5
2023-01-11 02:45:00,229.386935355552,202.854385516666,202.878273477776,22.25555556,-5.847333333333333,18.0,2,5.1764362714980825,70.66250196097344,2,2,1,0.4999999999999999,0.8660254037844387,0.9749279121818236,-0.2225209339563143,0.4999999999999999,0.8660254037844387,0.0,0.0,0.0,4.25,8.175,18.75,90.0,-8.075,2.7036905,0.0,-6.75,22.06296296,18.03333333333333,18.45,18.5,18.5,18.0,-28.102888893333336,0.1111111300000011,-0.1986666666666661,-5.648666666666667,-5.842,22.125925923333337,-5.701333333333333,3.5444574,3.5283823,3.5754032,3.534869,3.5053685,0,0.0,0,1.0,-0.25,6.3,93.7
2023-01-11 03:00:00,131.33946846111,107.542087027778,107.556530933332,22.06296296,-5.842,18.0,2,5.1764362714980825,70.66250196097344,3,2,1,0.7071067811865476,0.7071067811865476,0.9749279121818236,-0.2225209339563143,0.4999999999999999,0.8660254037844387,0.0,0.0,0.0,4.1,7.9,25.0,90.0,-8.1,2.6938357,0.0,-6.8,21.51111112,18.0,18.03333333333333,18.45,18.5,18.35,-27.90496296,-0.1925926000000011,0.0053333333333336,-5.847333333333333,-5.930666666666667,22.15432098333333,-5.779333333333333,3.5053685,3.5444574,3.5283823,3.5754032,3.4614444,0,0.0,0,1.0,-0.29,6.7,93.3
2023-01-11 03:15:00,216.133576377784,184.447344011112,184.470120883334,21.51111112,-5.930666666666667,18.35,2,5.1764362714980825,70.66250196097344,3,2,1,0.7071067811865476,0.7071067811865476,0.9749279121818236,-0.2225209339563143,0.4999999999999999,0.8660254037844387,0.0,0.0,0.0,3.7,7.625,34.0,90.25,-8.15,2.6914694,0.0,-6.85,21.52222221,18.0,18.0,18.03333333333333,18.45,18.5,-27.441777786666663,-0.5518518400000012,-0.0886666666666675,-5.842,-6.006,21.94320988,-5.873333333333332,3.4614444,3.5053685,3.5444574,3.5283823,3.4919846,0,0.0,0,1.0,-0.41,8.6,91.4
2023-01-11 03:30:00,276.501717272222,242.841119283334,242.870007044444,21.52222221,-6.006,18.5,2,5.1764362714980825,70.66250196097344,3,2,1,0.7071067811865476,0.7071067811865476,0.9749279121818236,-0.2225209339563143,0.4999999999999999,0.8660254037844387,0.0,0.0,0.0,3.3,7.35,43.0,90.5,-8.2,2.6890798,0.0,-6.9,21.791666655,18.35,18.0,18.0,18.03333333333333,18.15,-27.52822221,0.0111110899999999,-0.075333333333333,-5.930666666666667,-6.452,21.69876543,-5.926222222222221,3.4919846,3.4614444,3.5053685,3.5444574,3.4796968,0,0.0,0,1.0,-0.41,8.5,91.5
2023-01-11 03:45:00,252.78155508333,236.950799372222,236.97996492222,21.791666655,-6.452,18.15,2,5.1764362714980825,70.66250196097344,3,2,1,0.7071067811865476,0.7071067811865476,0.9749279121818236,-0.2225209339563143,0.4999999999999999,0.8660254037844387,0.0,0.0,0.0,2.9,7.075,52.0,90.75,-8.25,2.6866677,0.0,-6.95,21.941666655,18.5,18.35,18.0,18.0,18.0,-28.243666655,0.2694444449999977,-0.4459999999999997,-6.006,-6.791333333333333,21.60833332833333,-6.129555555555554,3.4796968,3.4919846,3.4614444,3.5053685,3.4809415,0,0.0,0,1.0,-0.35,7.6,92.4
2023-01-11 04:00:00,241.283403927774,225.406538927778,225.43542672222,21.941666655,-6.791333333333333,18.0,2,5.1764362714980825,70.66250196097344,4,2,1,0.8660254037844386,0.5000000000000001,0.9749279121818236,-0.2225209339563143,0.4999999999999999,0.8660254037844387,0.0,0.0,0.0,2.5,6.8,61.0,91.0,-8.3,2.6842334,0.0,-7.0,21.98333333,18.15,18.5,18.35,18.0,18.0,-28.732999988333336,0.1500000000000056,-0.3393333333333332,-6.452,-6.566666666666666,21.75185184,-6.416444444444443,3.4809415,3.4796968,3.4919846,3.4614444,3.489316,0,0.0,0,1.0,-0.32,7.1,92.9
2023-01-11 04:15:00,203.321033633328,168.325488927778,168.346599233332,21.98333333,-6.566666666666666,18.0,2,5.1764362714980825,70.66250196097344,4,2,1,0.8660254037844386,0.5000000000000001,0.9749279121818236,-0.2225209339563143,0.4999999999999999,0.8660254037844387,0.0,0.0,0.0,2.325,6.45,63.25,91.25,-8.3,2.6817763,0.0,-7.05,21.681481466666664,18.0,18.15,18.5,18.35,18.0,-28.549999996666667,0.0416666749999983,0.2246666666666668,-6.791333333333333,-6.682,21.905555546666665,-6.603333333333332,3.489316,3.4809415,3.4796968,3.4919846,3.429042,0,0.0,0,1.0,-0.31,7.0,93.0
2023-01-11 04:30:00,138.351132333336,105.61521963889,105.630219088888,21.681481466666664,-6.682,18.0,2,5.1764362714980825,70.66250196097344,4,2,1,0.8660254037844386,0.5000000000000001,0.9749279121818236,-0.2225209339563143,0.4999999999999999,0.8660254037844387,0.0,0.0,0.0,2.15,6.1,65.5,91.5,-8.3,2.6792972,0.0,-7.1,21.15555559,18.0,18.0,18.15,18.5,18.35,-28.363481466666663,-0.3018518633333364,-0.1153333333333339,-6.566666666666666,-6.968666666666667,21.86882715055556,-6.679999999999999,3.429042,3.489316,3.4809415,3.4796968,3.390853,0,0.0,0,1.0,-0.38,8.0,92.0
2023-01-11 04:45:00,179.300605472222,157.959792472222,157.981458305554,21.15555559,-6.968666666666667,18.35,2,5.1764362714980825,70.66250196097344,4,2,1,0.8660254037844386,0.5000000000000001,0.9749279121818236,-0.2225209339563143,0.4999999999999999,0.8660254037844387,0.0,0.0,0.0,1.975,5.75,67.75,91.75,-8.3,2.6767962,0.0,-7.15,21.13703707333333,18.0,18.0,18.0,18.15,18.316666666666663,-28.12422225666667,-0.5259258766666619,-0.2866666666666662,-6.682,-6.83,21.60679012888889,-6.73911111111111,3.390853,3.429042,3.489316,3.4809415,3.3810575,0,0.0,0,1.0,-0.5,10.1,89.9
2023-01-11 05:00:00,254.893415088884,229.4391554,229.467487649998,21.13703707333333,-6.83,18.316666666666663,2,5.1764362714980825,70.66250196097344,5,2,1,0.9659258262890684,0.2588190451025207,0.9749279121818236,-0.2225209339563143,0.4999999999999999,0.8660254037844387,0.0,0.0,0.0,1.8,5.4,70.0,92.0,-8.3,2.6742737,0.0,-7.2,21.45000001,18.35,18.0,18.0,18.0,18.0,-27.96703707333333,-0.0185185166666705,0.1386666666666665,-6.968666666666667,-6.7780000000000005,21.324691376666667,-6.826888888888887,3.3810575,3.390853,3.429042,3.489316,3.3834329,0,0.0,0,1.0,-0.5,10.2,89.8
2023-01-11 05:15:00,259.85516096111,241.073689966668,241.103133288888,21.45000001,-6.7780000000000005,18.0,2,5.1764362714980825,70.66250196097344,5,2,1,0.9659258262890684,0.2588190451025207,0.9749279121818236,-0.2225209339563143,0.4999999999999999,0.8660254037844387,0.0,0.0,0.0,2.5250000000000004,6.025,77.0,92.0,-8.3,2.6742737,0.0,-7.2,21.696296323333332,18.316666666666663,18.35,18.0,18.0,18.0,-28.22800001,0.3129629366666684,0.0519999999999996,-6.83,-6.673333333333333,21.24753089111111,-6.858888888888888,3.3834329,3.3810575,3.390853,3.429042,3.4319801,0,0.0,0,1.0,-0.43,8.9,91.1
2023-01-11 05:30:00,261.60453548333,240.097340188888,240.125672438886,21.696296323333332,-6.673333333333333,18.0,2,5.1764362714980825,70.66250196097344,5,2,1,0.9659258262890684,0.2588190451025207,0.9749279121818236,-0.2225209339563143,0.4999999999999999,0.8660254037844387,0.0,0.0,0.0,3.25,6.65,84.0,92.0,-8.3,2.6742737,0.0,-7.2,21.74444446,18.0,18.316666666666663,18.35,18.0,18.0,-28.369629656666667,0.2462963133333353,0.1046666666666675,-6.7780000000000005,-6.682666666666666,21.427777802222224,-6.760444444444443,3.4319801,3.3834329,3.3810575,3.390853,3.4415402,0,0.0,0,1.0,-0.37,7.9,92.1
2023-01-11 05:45:00,180.295288033328,140.9976932,141.01435923333202,21.74444446,-6.682666666666666,18.0,2,5.1764362714980825,70.66250196097344,5,2,1,0.9659258262890684,0.2588190451025207,0.9749279121818236,-0.2225209339563143,0.4999999999999999,0.8660254037844387,0.0,0.0,0.0,3.975000000000001,7.275,91.0,92.0,-8.3,2.6742737,0.0,-7.2,21.324074066666665,18.0,18.0,18.316666666666663,18.35,18.0,-28.427111126666667,0.0481481366666649,-0.0093333333333331,-6.673333333333333,-6.798666666666667,21.630246931111117,-6.711333333333331,3.4415402,3.4319801,3.3834329,3.3810575,3.3588428,0,0.0,0,1.0,-0.36,7.7,92.3
2023-01-11 06:00:00,145.736114805554,117.384471083334,117.401137116666,21.324074066666665,-6.798666666666667,18.0,2,5.1764362714980825,70.66250196097344,6,2,1,1.0,6.123233995736766e-17,0.9749279121818236,-0.2225209339563143,0.4999999999999999,0.8660254037844387,0.0,0.0,0.0,4.7,7.9,98.0,92.0,-8.3,2.6742737,0.0,-7.2,20.99999999,18.0,18.0,18.0,18.316666666666663,18.3,-28.12274073333333,-0.4203703933333358,-0.1160000000000005,-6.682666666666666,-6.969333333333334,21.58827161666667,-6.71822222222222,3.3588428,3.4415402,3.4319801,3.3834329,3.3512058,0,0.0,0,1.0,-0.46,9.4,90.6
2023-01-11 06:15:00,236.75108516111,220.956716927778,220.983938088888,20.99999999,-6.969333333333334,18.3,2,5.1764362714980825,70.66250196097344,6,2,1,1.0,6.123233995736766e-17,0.9749279121818236,-0.2225209339563143,0.4999999999999999,0.8660254037844387,0.0,0.0,0.0,4.875,8.175,93.5,91.5,-8.325000000000001,2.6646166,0.0,-7.175,21.23333335333333,18.0,18.0,18.0,18.0,18.03333333333333,-27.96933332333333,-0.3240740766666654,-0.1706666666666674,-6.798666666666667,-7.116666666666666,21.35617283888889,-6.816888888888887,3.3512058,3.3588428,3.4415402,3.4319801,3.3474054,0,0.0,0,1.0,-0.53,10.9,89.1
2023-01-11 06:30:00,260.845676938886,238.816558072222,238.84627918333,21.23333335333333,-7.116666666666666,18.03333333333333,2,5.1764362714980825,70.66250196097344,6,2,1,1.0,6.123233995736766e-17,0.9749279121818236,-0.2225209339563143,0.4999999999999999,0.8660254037844387,0.0,0.0,0.0,5.050000000000001,8.45,89.0,91.0,-8.350000000000001,2.654915,0.0,-7.15,21.47777778,18.3,18.0,18.0,18.0,17.95,-28.35000002,0.2333333633333332,-0.1473333333333322,-6.969333333333334,-7.348,21.18580247,-6.961555555555555,3.3474054,3.3512058,3.3588428,3.4415402,3.3794644,0,0.0,0,1.0,-0.48,9.8,90.2
2023-01-11 06:45:00,270.295854499996,242.777788483334,242.80667626111,21.47777778,-7.348,17.95,2,5.1764362714980825,70.66250196097344,6,2,1,1.0,6.123233995736766e-17,0.9749279121818236,-0.2225209339563143,0.4999999999999999,0.8660254037844387,0.0,0.0,0.0,5.2250000000000005,8.725,84.5,90.5,-8.375,2.6451674,0.0,-7.125,21.62407408,18.03333333333333,18.3,18.0,18.0,17.533333333333335,-28.82577778,0.2444444266666678,-0.2313333333333336,-7.116666666666666,-7.347333333333333,21.237037041111112,-7.144666666666666,3.3794644,3.3474054,3.3512058,3.3588428,3.3290753,0,0.0,0,1.0,-0.42,8.8,91.2
2023-01-11 07:00:00,226.392610699996,194.947201783334,194.971367533332,21.62407408,-7.347333333333333,17.533333333333335,2,5.1764362714980825,70.66250196097344,7,2,1,0.9659258262890684,-0.2588190451025206,0.9749279121818236,-0.2225209339563143,0.4999999999999999,0.8660254037844387,0.0,0.0,0.0,5.4,9.0,80.0,90.0,-8.4,2.635374,0.0,-7.1,21.46666665,17.95,18.03333333333333,18.3,18.0,17.55,-28.97140741333333,0.1462962999999995,0.0006666666666665,-7.348,-7.321333333333333,21.445061737777777,-7.270666666666664,3.3290753,3.3794644,3.3474054,3.3512058,3.3020308,0,0.0,0,1.0,-0.39,8.2,91.8
2023-01-11 07:15:00,134.12963468333,106.746841072222,106.762951627774,21.46666665,-7.321333333333333,17.55,2,5.1764362714980825,70.66250196097344,7,2,1,0.9659258262890684,-0.2588190451025206,0.9749279121818236,-0.2225209339563143,0.4999999999999999,0.8660254037844387,0.0,0.0,0.0,5.15,9.725,61.75,90.25,-8.4,2.6378603,0.0,-7.125,20.92777776666667,17.533333333333335,17.95,18.03333333333333,18.3,17.966666666666665,-28.78799998333333,-0.1574074300000028,0.0260000000000006,-7.347333333333333,-7.265333333333333,21.522839503333334,-7.338888888888888,3.3020308,3.3290753,3.3794644,3.3474054,3.276383,0,0.0,0,1.0,-0.43,8.8,91.2
2023-01-11 07:30:00,185.006766166664,161.140498572222,161.162719966664,20.92777776666667,-7.265333333333333,17.966666666666665,2,5.1764362714980825,70.66250196097344,7,2,1,0.9659258262890684,-0.2588190451025206,0.9749279121818236,-0.2225209339563143,0.4999999999999999,0.8660254037844387,0.0,0.0,0.0,4.9,10.45,43.5,90.5,-8.4,2.6403275,0.0,-7.15,20.82777775,17.55,17.533333333333335,17.95,18.03333333333333,18.0,-28.193111100000003,-0.5388888833333283,0.0559999999999991,-7.321333333333333,-7.140666666666666,21.33950616555556,-7.311333333333333,3.276383,3.3020308,3.3290753,3.3794644,3.2634263,0,0.0,0,1.0,-0.55,11.3,88.7
2023-01-11 07:45:00,239.540418116662,223.764660155556,223.792992405554,20.82777775,-7.140666666666666,18.0,2,5.1764362714980825,70.66250196097344,7,2,1,0.9659258262890684,-0.2588190451025206,0.9749279121818236,-0.2225209339563143,0.4999999999999999,0.8660254037844387,0.0,0.0,0.0,4.65,11.175,25.25,90.75,-8.4,2.6427758,0.0,-7.175,21.17407405333333,17.966666666666665,17.55,17.533333333333335,17.95,17.816666666666666,-27.968444416666664,-0.1000000166666694,0.1246666666666671,-7.265333333333333,-6.822,21.07407405555556,-7.242444444444442,3.2634263,3.276383,3.3020308,3.3290753,3.2958386,0,0.0,0,1.0,-0.57,11.9,88.1
2023-01-11 08:00:00,263.233359027782,240.587320555556,240.616486088888,21.17407405333333,-6.822,17.816666666666666,2,5.1764362714980825,70.66250196097344,8,2,1,0.8660254037844387,-0.4999999999999998,0.9749279121818236,-0.2225209339563143,0.4999999999999999,0.8660254037844387,0.0,0.0,0.0,4.4,11.9,7.0,91.0,-8.4,2.6452053,0.0,-7.2,21.42222219,18.0,17.966666666666665,17.55,17.533333333333335,17.5,-27.99607405333333,0.3462963033333359,0.3186666666666662,-7.140666666666666,-6.646,20.97654319,-7.075999999999998,3.2958386,3.2634263,3.276383,3.3020308,3.2841618,0,0.0,0,1.0,-0.49,10.1,89.9
2023-01-11 08:15:00,286.183552150002,243.804969627778,243.835524038886,21.42222219,-6.646,17.5,2,5.1764362714980825,70.66250196097344,8,2,1,0.8660254037844387,-0.4999999999999998,0.9749279121818236,-0.2225209339563143,0.4999999999999999,0.8660254037844387,1.25,0.3125,0.1041666666666666,4.775,11.525,28.25,90.75,-8.45,2.6379383,0.0,-7.2,21.588888923333336,17.816666666666666,18.0,17.966666666666665,17.55,17.5,-28.06822219,0.2481481366666642,0.1760000000000001,-6.822,-6.3580000000000005,21.141357997777774,-6.869555555555554,3.2841618,3.2958386,3.2634263,3.276383,3.315992,0,0.0,0,1.0,-0.44,9.0,91.0
2023-01-11 08:30:00,265.031065049998,241.635611955556,241.664777488888,21.588888923333336,-6.3580000000000005,17.5,2,5.1764362714980825,70.66250196097344,8,2,1,0.8660254037844387,-0.4999999999999998,0.9749279121818236,-0.2225209339563143,0.4999999999999999,0.8660254037844387,2.5,0.9375,0.3125,5.15,11.15,49.5,90.5,-8.5,2.630671,0.0,-7.2,21.63333336,17.5,17.816666666666666,18.0,17.966666666666665,17.5,-27.946888923333336,0.1666667333333364,0.2879999999999993,-6.646,-5.926,21.395061722222223,-6.608666666666665,3.315992,3.2841618,3.2958386,3.2634263,3.3245256,0,0.0,0,1.0,-0.4,8.4,91.6
2023-01-11 08:45:00,152.51001050555402,136.728141755556,136.748141005554,21.63333336,-5.926,17.5,2,5.1764362714980825,70.66250196097344,8,2,1,0.8660254037844387,-0.4999999999999998,0.9749279121818236,-0.2225209339563143,0.4999999999999999,0.8660254037844387,3.75,1.875,0.625,5.525,10.775,70.75,90.25,-8.55,2.6234038,0.0,-7.2,21.21296293,17.5,17.5,17.816666666666666,18.0,17.683333333333334,-27.55933336,0.0444444366666623,0.4320000000000004,-6.3580000000000005,-5.712000000000001,21.548148157777774,-6.309999999999999,3.3245256,3.315992,3.2841618,3.2958386,3.278562,0,0.0,0,1.0,-0.39,8.2,91.8
2023-01-11 09:00:00,150.166770988884,122.272886688888,122.290108266664,21.21296293,-5.712000000000001,17.683333333333334,2,5.1764362714980825,70.66250196097344,9,2,1,0.7071067811865476,-0.7071067811865475,0.9749279121818236,-0.2225209339563143,0.4999999999999999,0.8660254037844387,5.0,3.125,1.0416666666666667,5.9,10.4,92.0,90.0,-8.6,2.616137,0.0,-7.2,20.89444441,17.5,17.5,17.5,17.816666666666666,18.0,-26.92496293,-0.4203704299999984,0.2139999999999995,-5.926,-5.71,21.478395071111112,-5.998666666666665,3.278562,3.3245256,3.315992,3.2841618,3.2761052,0,0.0,0,1.0,-0.49,9.9,90.1
2023-01-11 09:15:00,249.473076244444,228.568912427778,228.598077994442,20.89444441,-5.71,18.0,2,5.1764362714980825,70.66250196097344,9,2,1,0.7071067811865476,-0.7071067811865475,0.9749279121818236,-0.2225209339563143,0.4999999999999999,0.8660254037844387,21.5,8.1875,2.833333333333333,5.325,10.95,88.75,86.5,-8.625,2.61281,0.0,-6.675,21.17407405333333,17.683333333333334,17.5,17.5,17.5,18.0,-26.604444410000003,-0.3185185199999978,0.0020000000000006,-5.712000000000001,-5.101333333333333,21.246913566666667,-5.782666666666665,3.2761052,3.278562,3.3245256,3.315992,3.3297527,0,0.0,0,1.0,-0.56,11.5,88.5
2023-01-11 09:30:00,268.985073533332,237.390781755556,237.420502816666,21.17407405333333,-5.101333333333333,18.0,2,5.1764362714980825,70.66250196097344,9,2,1,0.7071067811865476,-0.7071067811865475,0.9749279121818236,-0.2225209339563143,0.4999999999999999,0.8660254037844387,38.0,17.0625,6.0,4.75,11.5,85.5,83.0,-8.649999999999999,2.60476,0.0,-6.15,21.4611111,18.0,17.683333333333334,17.5,17.5,18.0,-26.275407386666668,0.2796296433333332,0.6086666666666671,-5.71,-4.633333333333334,21.09382713111112,-5.507777777777776,3.3297527,3.2761052,3.278562,3.3245256,3.3856094,0,0.0,0,1.0,-0.49,10.1,89.9
2023-01-11 09:45:00,275.608975299996,241.318402444444,241.348956855552,21.4611111,-4.633333333333334,18.0,2,5.1764362714980825,70.66250196097344,9,2,1,0.7071067811865476,-0.7071067811865475,0.9749279121818236,-0.2225209339563143,0.4999999999999999,0.8660254037844387,54.5,29.75,10.541666666666666,4.175000000000001,12.05,82.25,79.5,-8.674999999999999,2.5916677,0.0,-5.625,21.64444443,18.0,18.0,17.683333333333334,17.5,18.0,-26.094444433333333,0.2870370466666649,0.4679999999999991,-5.101333333333333,-4.454,21.17654318777778,-5.148222222222221,3.3856094,3.3297527,3.2761052,3.278562,3.4217088,0,0.0,0,1.0,-0.43,8.8,91.2
2023-01-11 10:00:00,266.270460105546,248.664497472222,248.69616292222,21.64444443,-4.454,18.0,2,5.1764362714980825,70.66250196097344,10,2,1,0.4999999999999999,-0.8660254037844387,0.9749279121818236,-0.2225209339563143,0.4999999999999999,0.8660254037844387,71.0,46.25,16.458333333333332,3.6,12.6,79.0,76.0,-8.7,2.5731993,0.0,-5.1,21.77222223,18.0,18.0,18.0,17.683333333333334,18.0,-26.09844443,0.1833333299999999,0.179333333333334,-4.633333333333334,-4.400666666666667,21.426543194444445,-4.729555555555554,3.4217088,3.3856094,3.3297527,3.2761052,3.4470665,0,0.0,0,1.0,-0.39,8.1,91.9
2023-01-11 10:15:00,275.458148049994,259.637669627778,259.671557205554,21.77222223,-4.400666666666667,18.0,2,5.1764362714980825,70.66250196097344,10,2,1,0.4999999999999999,-0.8660254037844387,0.9749279121818236,-0.2225209339563143,0.4999999999999999,0.8660254037844387,96.25,64.9375,24.479166666666668,3.6,12.875,84.25,72.5,-8.7,2.5719273,0.0,-4.449999999999999,21.901851843333336,18.0,18.0,18.0,18.0,18.0,-26.172888896666667,0.1277778000000005,0.0533333333333327,-4.454,-4.212,21.625925920000004,-4.495999999999999,3.4470665,3.4217088,3.3856094,3.3297527,3.4729562,0,0.0,0,1.0,-0.36,7.6,92.4
2023-01-11 10:30:00,571.694909238882,257.1072153,257.139714033332,21.901851843333336,-4.212,18.0,2,5.1764362714980825,70.66250196097344,10,2,1,0.4999999999999999,-0.8660254037844387,0.9749279121818236,-0.2225209339563143,0.4999999999999999,0.8660254037844387,121.5,85.8125,34.604166666666664,3.6,13.15,89.5,69.0,-8.7,2.5639968,0.0,-3.8,21.98333332,18.0,18.0,18.0,18.0,18.0,-26.113851843333336,0.1296296133333356,0.1886666666666672,-4.400666666666667,-3.945333333333333,21.77283950111111,-4.355555555555554,3.4729562,3.4470665,3.4217088,3.3856094,3.489316,0,0.0,0,1.0,-0.33,7.2,92.8
2023-01-11 10:45:00,260.373195788888,225.094884727778,225.122661433332,21.98333332,-3.945333333333333,18.0,2,5.1764362714980825,70.66250196097344,10,2,1,0.4999999999999999,-0.8660254037844387,0.9749279121818236,-0.2225209339563143,0.4999999999999999,0.8660254037844387,146.75,108.875,46.833333333333336,3.6,13.425,94.75,65.5,-8.7,2.5488565,0.0,-3.15,21.87777779,18.0,18.0,18.0,18.0,18.0,-25.92866665333333,0.0814814766666636,0.2666666666666666,-4.212,-3.139333333333333,21.88580246444445,-4.185999999999998,3.489316,3.4729562,3.4470665,3.4217088,3.4681354,0,0.0,0,1.0,-0.31,7.0,93.0
2023-01-11 11:00:00,129.23927472222,104.887748772222,104.90358152222,21.87777779,-3.139333333333333,18.0,2,5.1764362714980825,70.66250196097344,11,2,1,0.258819045102521,-0.9659258262890682,0.9749279121818236,-0.2225209339563143,0.4999999999999999,0.8660254037844387,172.0,134.125,61.16666666666666,3.6,13.7,100.0,62.0,-8.7,2.525924,0.0,-2.5,21.38333336,18.0,18.0,18.0,18.0,18.35,-25.017111123333333,-0.1055555300000001,0.8059999999999996,-3.945333333333333,-2.9806666666666666,21.920987651111115,-3.765555555555554,3.4681354,3.489316,3.4729562,3.4470665,3.43593,0,0.0,0,1.0,-0.33,7.3,92.7
2023-01-11 11:15:00,169.34378151111198,146.835793,146.855792183334,21.38333336,-2.9806666666666666,18.35,2,5.1764362714980825,70.66250196097344,11,2,1,0.258819045102521,-0.9659258262890682,0.9749279121818236,-0.2225209339563143,0.4999999999999999,0.8660254037844387,195.0,158.8125,77.3125,4.05,14.6,100.0,59.75,-8.649999999999999,2.538987,0.0,-1.9,21.255555580000003,18.0,18.0,18.0,18.0,18.5,-24.364000026666663,-0.4944444300000015,0.1586666666666669,-3.139333333333333,-2.242,21.74814815666667,-3.355111111111109,3.43593,3.4681354,3.489316,3.4729562,3.4384582,0,0.0,0,1.0,-0.44,9.1,90.9
2023-01-11 11:30:00,268.693140794442,247.06650586111,247.096782433332,21.255555580000003,-2.242,18.5,2,5.1764362714980825,70.66250196097344,11,2,1,0.258819045102521,-0.9659258262890682,0.9749279121818236,-0.2225209339563143,0.4999999999999999,0.8660254037844387,218.0,182.9375,95.27083333333331,4.5,15.5,100.0,57.5,-8.6,2.5479503,0.0,-1.3,21.56666666,18.35,18.0,18.0,18.0,18.5,-23.497555580000004,-0.1277777799999953,0.7386666666666666,-2.9806666666666666,-1.792,21.505555576666666,-2.7873333333333314,3.4384582,3.43593,3.4681354,3.489316,3.500974,0,0.0,0,1.0,-0.47,9.6,90.4
2023-01-11 11:45:00,283.197560694438,262.43089122777803,262.462834416666,21.56666666,-1.792,18.5,2,5.1764362714980825,70.66250196097344,11,2,1,0.258819045102521,-0.9659258262890682,0.9749279121818236,-0.2225209339563143,0.4999999999999999,0.8660254037844387,241.0,206.5,115.04166666666669,4.95,16.4,100.0,55.25,-8.55,2.5524862,0.0,-0.7,21.83888887333333,18.5,18.35,18.0,18.0,18.5,-23.35866666,0.3111110799999963,0.4499999999999999,-2.242,-1.6933333333333331,21.40185186666667,-2.3382222222222206,3.500974,3.4384582,3.43593,3.4681354,3.5564806,0,0.0,0,1.0,-0.4,8.3,91.7
2023-01-11 12:00:00,307.267431011112,271.043324483334,271.076378744444,21.83888887333333,-1.6933333333333331,18.5,2,5.1764362714980825,70.66250196097344,12,2,1,1.2246467991473532e-16,-1.0,0.9749279121818236,-0.2225209339563143,0.4999999999999999,0.8660254037844387,264.0,229.5,136.625,5.4,17.3,100.0,53.0,-8.5,2.5522494,0.0,-0.1,22.01111114,18.5,18.5,18.35,18.0,18.5,-23.532222206666667,0.272222213333336,0.0986666666666669,-1.792,-1.6053333333333335,21.553703704444445,-1.9091111111111096,3.5564806,3.500974,3.4384582,3.43593,3.5919886,0,0.0,0,1.0,-0.34,7.4,92.6
2023-01-11 12:15:00,290.531989472218,258.649653583334,258.681596772222,22.01111114,-1.6053333333333335,18.5,2,5.1764362714980825,70.66250196097344,12,2,1,1.2246467991473532e-16,-1.0,0.9749279121818236,-0.2225209339563143,0.4999999999999999,0.8660254037844387,253.25,244.0625,155.9375,5.95,18.275,100.0,52.25,-8.4,2.573085,0.0,0.225,22.12777778666667,18.5,18.5,18.5,18.35,18.5,-23.61644447333333,0.1722222666666653,0.0879999999999996,-1.6933333333333331,-1.4326666666666663,21.80555555777778,-1.6968888888888871,3.5919886,3.5564806,3.500974,3.4384582,3.616217,0,0.0,0,1.0,-0.3,6.9,93.1
2023-01-11 12:30:00,265.166892966664,249.33613723889,249.368080444444,22.12777778666667,-1.4326666666666663,18.5,2,5.1764362714980825,70.66250196097344,12,2,1,1.2246467991473532e-16,-1.0,0.9749279121818236,-0.2225209339563143,0.4999999999999999,0.8660254037844387,242.5,250.1875,172.97916666666666,6.5,19.25,100.0,51.5,-8.3,2.5933974,0.0,0.55,22.21111111,18.5,18.5,18.5,18.5,18.5,-23.560444453333336,0.116666646666669,0.1726666666666669,-1.6053333333333335,-0.8606666666666667,21.992592600000005,-1.5771111111111098,3.616217,3.5919886,3.5564806,3.500974,3.633609,0,0.0,0,1.0,-0.27,6.5,93.5
2023-01-11 12:45:00,258.12161930555,239.83679506111,239.867627194442,22.21111111,-0.8606666666666667,18.5,2,5.1764362714980825,70.66250196097344,12,2,1,1.2246467991473532e-16,-1.0,0.9749279121818236,-0.2225209339563143,0.4999999999999999,0.8660254037844387,231.75,247.875,187.75,7.05,20.225,100.0,50.75,-8.2,2.6131556,0.0,0.8750000000000001,22.253703706666663,18.5,18.5,18.5,18.5,18.5,-23.071777776666668,0.0833333233333313,0.5719999999999998,-1.4326666666666663,-0.3253333333333333,22.11666667888889,-1.299555555555554,3.633609,3.616217,3.5919886,3.5564806,3.6425264,0,0.0,0,1.0,-0.25,6.3,93.7
2023-01-11 13:00:00,224.996277555556,193.69752953889,193.722528555556,22.253703706666663,-0.3253333333333333,18.5,2,5.1764362714980825,70.66250196097344,13,2,1,-0.2588190451025208,-0.9659258262890684,0.9749279121818236,-0.2225209339563143,0.4999999999999999,0.8660254037844387,221.0,237.125,200.25,7.6,21.2,100.0,50.0,-8.1,2.6323292,0.0,1.2,22.2222222,18.5,18.5,18.5,18.5,18.5,-22.57903704,0.0425925966666653,0.5353333333333334,-0.8606666666666667,-0.0973333333333333,22.197530867777783,-0.8728888888888874,3.6425264,3.633609,3.616217,3.5919886,3.635933,0,0.0,0,1.0,-0.24,6.2,93.8
2023-01-11 13:15:00,256.47085200555,224.822951155556,224.851838949998,22.2222222,-0.0973333333333333,18.5,2,5.1764362714980825,70.66250196097344,13,2,1,-0.2588190451025208,-0.9659258262890684,0.9749279121818236,-0.2225209339563143,0.4999999999999999,0.8660254037844387,225.5,230.1875,211.02083333333331,7.875,21.575,100.0,49.0,-7.949999999999999,2.655425,0.0,1.625,22.242592586666667,18.5,18.5,18.5,18.5,18.683333333333334,-22.319555533333336,-0.0314815066666653,0.2279999999999999,-0.3253333333333333,-0.0299999999999999,22.22901233888889,-0.4277777777777762,3.635933,3.6425264,3.633609,3.616217,3.6762724,0,0.0,0,1.0,-0.25,6.3,93.7
2023-01-11 13:30:00,241.018970072218,216.980764872222,217.008819366664,22.242592586666667,-0.0299999999999999,18.683333333333334,2,5.1764362714980825,70.66250196097344,13,2,1,-0.2588190451025208,-0.9659258262890684,0.9749279121818236,-0.2225209339563143,0.4999999999999999,0.8660254037844387,230.0,227.0625,220.0625,8.149999999999999,21.95,100.0,48.0,-7.8,2.6773314,0.0,2.05,22.19999999,18.5,18.5,18.5,18.5,19.0,-22.27259258666667,0.0203703866666664,0.0673333333333333,-0.0973333333333333,0.6466666666666666,22.23950616444445,-0.1508888888888873,3.6762724,3.635933,3.6425264,3.633609,3.7294288,0,0.0,0,1.0,-0.24,6.2,93.8
2023-01-11 13:45:00,157.08316092222,129.148167183334,129.165666516666,22.19999999,0.6466666666666666,19.0,2,5.1764362714980825,70.66250196097344,13,2,1,-0.2588190451025208,-0.9659258262890684,0.9749279121818236,-0.2225209339563143,0.4999999999999999,0.8660254037844387,234.5,227.75,227.375,8.424999999999999,22.325,100.0,47.0,-7.65,2.69797,0.0,2.475,21.71666663,18.683333333333334,18.5,18.5,18.5,19.183333333333334,-21.55333332333333,-0.0425925966666689,0.6766666666666666,-0.0299999999999999,0.7086666666666667,22.22160492555556,0.1731111111111125,3.7294288,3.6762724,3.635933,3.6425264,3.6619081,0,0.0,0,1.0,-0.25,6.3,93.7
2023-01-11 14:00:00,153.133041083334,137.297563427778,137.317007083334,21.71666663,0.7086666666666667,19.183333333333334,2,5.1764362714980825,70.66250196097344,14,2,1,-0.4999999999999997,-0.8660254037844388,0.9749279121818236,-0.2225209339563143,0.4999999999999999,0.8660254037844387,239.0,232.25,232.95833333333331,8.7,22.7,100.0,46.0,-7.5,2.7172596,0.0,2.9,21.46111107,19.0,18.683333333333334,18.5,18.5,19.5,-21.007999963333337,-0.483333359999996,0.062,0.6466666666666666,0.904,22.05308640222222,0.4417777777777793,3.6619081,3.7294288,3.6762724,3.635933,3.6677434,0,0.0,0,1.0,-0.36,7.7,92.3
2023-01-11 14:15:00,192.094260372222,173.223626327778,173.24779206111,21.46111107,0.904,19.5,2,5.1764362714980825,70.66250196097344,14,2,1,-0.4999999999999997,-0.8660254037844388,0.9749279121818236,-0.2225209339563143,0.4999999999999999,0.8660254037844387,243.75,236.8125,237.02083333333331,8.0,22.7,100.0,46.5,-7.05,2.8121142,0.0,3.25,21.68148146,19.183333333333334,19.0,18.683333333333334,18.5,19.5,-20.55711107,-0.2555555600000012,0.1953333333333333,0.7086666666666667,0.7953333333333333,21.79259256333334,0.7531111111111125,3.6677434,3.6619081,3.7294288,3.6762724,3.7147954,0,0.0,0,1.0,-0.42,8.6,91.4
2023-01-11 14:30:00,289.434255516666,245.797945472222,245.82794432222,21.68148146,0.7953333333333333,19.5,2,5.1764362714980825,70.66250196097344,14,2,1,-0.4999999999999997,-0.8660254037844388,0.9749279121818236,-0.2225209339563143,0.4999999999999999,0.8660254037844387,248.5,241.4375,239.5625,7.3,22.7,100.0,47.0,-6.6,2.9097435,0.0,3.6,21.96666666,19.5,19.183333333333334,19.0,18.683333333333334,19.5,-20.88614812666667,0.2203703899999993,-0.1086666666666666,0.904,0.9626666666666668,21.619753053333337,0.8026666666666681,3.7147954,3.6677434,3.6619081,3.7294288,3.7764614,0,0.0,0,1.0,-0.37,7.8,92.2
2023-01-11 14:45:00,289.789519172218,262.041462372222,262.074238894442,21.96666666,0.9626666666666668,19.5,2,5.1764362714980825,70.66250196097344,14,2,1,-0.4999999999999997,-0.8660254037844388,0.9749279121818236,-0.2225209339563143,0.4999999999999999,0.8660254037844387,253.25,246.125,240.58333333333331,6.6,22.7,100.0,47.5,-6.15,3.0102165,0.0,3.95,22.175925936666665,19.5,19.5,19.183333333333334,19.0,19.5,-21.00399999333333,0.2851851999999972,0.1673333333333333,0.7953333333333333,1.09,21.703086396666667,0.8873333333333348,3.7764614,3.7147954,3.6677434,3.6619081,3.8222709,0,0.0,0,1.0,-0.3,6.9,93.1
2023-01-11 15:00:00,205.004577288888,189.16798856111,189.193820911108,22.175925936666665,1.09,19.5,2,5.1764362714980825,70.66250196097344,15,2,1,-0.7071067811865471,-0.7071067811865479,0.9749279121818236,-0.2225209339563143,0.4999999999999999,0.8660254037844387,258.0,250.875,240.08333333333331,5.9,22.7,100.0,48.0,-5.7,3.1136022,0.0,4.3,22.1888889,19.5,19.5,19.5,19.183333333333334,19.5,-21.085925936666666,0.2092592766666676,0.1273333333333334,0.9626666666666668,1.028,21.941358018888888,0.9493333333333348,3.8222709,3.7764614,3.7147954,3.6677434,3.825124,0,0.0,0,1.0,-0.25,6.3,93.7
2023-01-11 15:15:00,227.410347822216,201.544160144444,201.569714688888,22.1888889,1.028,19.5,2,5.1764362714980825,70.66250196097344,15,2,1,-0.7071067811865471,-0.7071067811865479,0.9749279121818236,-0.2225209339563143,0.4999999999999999,0.8660254037844387,233.25,248.25,238.41666666666663,5.300000000000001,20.8,100.0,50.25,-5.1,3.264972,0.0,4.325,22.238888886666665,19.5,19.5,19.5,19.5,19.5,-21.1608889,0.012962963333333,-0.062,1.09,1.042,22.11049383222222,1.0268888888888903,3.825124,3.8222709,3.7764614,3.7147954,3.836148,0,0.0,0,1.0,-0.25,6.3,93.7
2023-01-11 15:30:00,240.383717633332,218.278212972222,218.305156344444,22.238888886666665,1.042,19.5,2,5.1764362714980825,70.66250196097344,15,2,1,-0.7071067811865471,-0.7071067811865479,0.9749279121818236,-0.2225209339563143,0.4999999999999999,0.8660254037844387,208.5,238.25,235.58333333333331,4.7,18.9,100.0,52.5,-4.5,3.416836,0.0,4.35,22.26111113,19.5,19.5,19.5,19.5,19.5,-21.196888886666663,0.0499999866666662,0.014,1.028,0.88,22.20123457444444,1.0533333333333348,3.836148,3.825124,3.8222709,3.7764614,3.8410554,0,0.0,0,1.0,-0.24,6.2,93.8
2023-01-11 15:45:00,158.076454505554,126.332168711112,126.35077918333,22.26111113,0.88,19.5,2,5.1764362714980825,70.66250196097344,15,2,1,-0.7071067811865471,-0.7071067811865479,0.9749279121818236,-0.2225209339563143,0.4999999999999999,0.8660254037844387,183.75,220.875,231.58333333333331,4.1,17.0,100.0,54.75,-3.9,3.5691953,0.0,4.375,22.081481476666667,19.5,19.5,19.5,19.5,19.5,-21.38111113,0.022222243333335,-0.162,1.042,0.8873333333333334,22.22962963888889,0.9833333333333348,3.8410554,3.836148,3.825124,3.8222709,3.801536,0,0.0,0,1.0,-0.24,6.1,93.9
2023-01-11 16:00:00,195.149693683334,161.105222183334,161.127165772222,22.081481476666667,0.8873333333333334,19.5,2,5.1764362714980825,70.66250196097344,16,2,1,-0.8660254037844385,-0.5000000000000004,0.9749279121818236,-0.2225209339563143,0.4999999999999999,0.8660254037844387,159.0,196.125,226.41666666666663,3.5,15.1,100.0,57.0,-3.3,3.7220492,0.0,4.4,22.088888880000003,19.5,19.5,19.5,19.5,19.5,-21.194148143333333,-0.1796296533333325,0.0073333333333334,0.88,0.7273333333333334,22.193827164444446,0.936444444444446,3.801536,3.8410554,3.836148,3.825124,3.803159,0,0.0,0,1.0,-0.28,6.6,93.4
2023-01-11 16:15:00,246.558748405554,226.884813111112,226.9134231,22.088888880000003,0.7273333333333334,19.5,2,5.1764362714980825,70.66250196097344,16,2,1,-0.8660254037844385,-0.5000000000000004,0.9749279121818236,-0.2225209339563143,0.4999999999999999,0.8660254037844387,130.75,170.5,218.52083333333331,4.475,14.3,100.0,58.25,-3.325,3.7223482,0.0,4.075,22.25555553,19.5,19.5,19.5,19.5,19.5,-21.36155554666667,0.0074074033333353,-0.16,0.8873333333333334,0.5766666666666667,22.143827162222223,0.831555555555557,3.803159,3.801536,3.8410554,3.836148,3.8398285,0,0.0,0,1.0,-0.27,6.6,93.4
2023-01-11 16:30:00,212.639271855556,196.788239288888,196.81407162222,22.25555553,0.5766666666666667,19.5,2,5.1764362714980825,70.66250196097344,16,2,1,-0.8660254037844385,-0.5000000000000004,0.9749279121818236,-0.2225209339563143,0.4999999999999999,0.8660254037844387,102.5,144.0,207.89583333333331,5.45,13.5,100.0,59.5,-3.35,3.7207146,0.0,3.75,22.23888887,19.5,19.5,19.5,19.5,19.5,-21.67888886333333,0.1666666499999962,-0.1506666666666667,0.7273333333333334,0.512,22.14197529555556,0.730444444444446,3.8398285,3.803159,3.801536,3.8410554,3.836148,0,0.0,0,1.0,-0.24,6.2,93.8
2023-01-11 16:45:00,146.753574088888,122.019841227778,122.03706282222,22.23888887,0.512,19.5,2,5.1764362714980825,70.66250196097344,16,2,1,-0.8660254037844385,-0.5000000000000004,0.9749279121818236,-0.2225209339563143,0.4999999999999999,0.8660254037844387,74.25000000000001,116.625,194.54166666666663,6.425000000000001,12.7,100.0,60.75,-3.375,3.7172215,0.0,3.4250000000000003,22.04629632,19.5,19.5,19.5,19.5,19.683333333333334,-21.72688887,-0.0166666599999985,-0.0646666666666666,0.5766666666666667,0.416,22.194444426666667,0.6053333333333348,3.836148,3.8398285,3.803159,3.801536,3.829506,0,0.0,0,1.0,-0.24,6.2,93.8
2023-01-11 17:00:00,237.73687914444,200.378928972222,200.40392802222,22.04629632,0.416,19.683333333333334,2,5.1764362714980825,70.66250196097344,17,2,1,-0.9659258262890684,-0.2588190451025206,0.9749279121818236,-0.2225209339563143,0.4999999999999999,0.8660254037844387,46.0,88.375,178.45833333333334,7.4,11.9,100.0,62.0,-3.4,3.7119405,0.0,3.1,22.1277778,19.5,19.5,19.5,19.5,19.65,-21.63029632,-0.1925925500000005,-0.0959999999999999,0.512,0.264,22.180246906666667,0.501555555555557,3.829506,3.836148,3.8398285,3.803159,3.8410084,0,0.0,0,1.0,-0.28,6.7,93.3
2023-01-11 17:15:00,227.229799377776,198.444006388888,198.469005388888,22.1277778,0.264,19.65,2,5.1764362714980825,70.66250196097344,17,2,1,-0.9659258262890684,-0.2588190451025206,0.9749279121818236,-0.2225209339563143,0.4999999999999999,0.8660254037844387,37.25,65.0,161.25,8.0,13.075,100.0,63.75,-3.325,3.7468164,0.0,2.825,22.29074074333333,19.683333333333334,19.5,19.5,19.5,19.5,-21.8637778,0.0814814800000007,-0.152,0.416,0.1773333333333333,22.137654330000004,0.3973333333333348,3.8410084,3.829506,3.836148,3.8398285,3.8476088,0,0.0,0,1.0,-0.26,6.5,93.5
2023-01-11 17:30:00,218.532091816662,197.0237854,197.05017326111,22.29074074333333,0.1773333333333333,19.5,2,5.1764362714980825,70.66250196097344,17,2,1,-0.9659258262890684,-0.2588190451025206,0.9749279121818236,-0.2225209339563143,0.4999999999999999,0.8660254037844387,28.5,46.5,142.91666666666666,8.600000000000001,14.25,100.0,65.5,-3.25,3.7790093,0.0,2.55,22.3333333,19.65,19.683333333333334,19.5,19.5,19.5,-22.11340741,0.1629629433333335,-0.0866666666666666,0.264,0.0599999999999999,22.15493828777778,0.2857777777777793,3.8476088,3.8410084,3.829506,3.836148,3.8570445,0,0.0,0,1.0,-0.23,6.1,93.9
2023-01-11 17:45:00,218.775970677784,196.162986533332,196.184930105554,22.3333333,0.0599999999999999,19.5,2,5.1764362714980825,70.66250196097344,17,2,1,-0.9659258262890684,-0.2588190451025206,0.9749279121818236,-0.2225209339563143,0.4999999999999999,0.8660254037844387,19.750000000000004,32.875,123.45833333333331,9.2,15.425,100.0,67.25,-3.175,3.8085961,0.0,2.275,22.231481476666666,19.5,19.65,19.683333333333334,19.5,19.5,-22.2733333,0.0425925566666656,-0.1173333333333333,0.1773333333333333,-0.06,22.250617281111115,0.1671111111111125,3.8570445,3.8476088,3.8410084,3.829506,3.8345132,0,0.0,0,1.0,-0.22,6.0,94.0
2023-01-11 18:00:00,117.814453883334,102.048695655556,102.060917416666,22.231481476666666,-0.06,19.5,2,5.1764362714980825,70.66250196097344,18,2,1,-1.0,-1.8369701987210294e-16,0.9749279121818236,-0.2225209339563143,0.4999999999999999,0.8660254037844387,11.0,24.125,102.875,9.8,16.6,100.0,69.0,-3.1,3.8356507,0.0,2.0,21.700000040000003,19.5,19.5,19.65,19.683333333333334,19.85,-22.291481476666664,-0.1018518233333338,-0.12,0.0599999999999999,-0.1006666666666666,22.28518517333333,0.0591111111111125,3.8345132,3.8570445,3.8476088,3.8410084,3.7855206,0,0.0,0,1.0,-0.24,6.2,93.8
2023-01-11 18:15:00,173.673886050002,139.263040372222,139.28053972222,21.700000040000003,-0.1006666666666666,19.85,2,5.1764362714980825,70.66250196097344,18,2,1,-1.0,-1.8369701987210294e-16,0.9749279121818236,-0.2225209339563143,0.4999999999999999,0.8660254037844387,8.25,16.875,84.125,9.525,16.6,100.0,70.25,-3.025,3.8590732,0.0,1.825,21.524074093333336,19.5,19.5,19.5,19.65,20.0,-21.800666706666668,-0.5314814366666631,-0.0406666666666666,-0.06,-0.138,22.08827160555556,-0.033555555555554,3.7855206,3.8345132,3.8570445,3.8476088,3.7755234,0,0.0,0,1.0,-0.36,7.7,92.3
2023-01-11 18:30:00,181.554404183334,141.393788472222,141.41156556111,21.524074093333336,-0.138,20.0,2,5.1764362714980825,70.66250196097344,18,2,1,-1.0,-1.8369701987210294e-16,0.9749279121818236,-0.2225209339563143,0.4999999999999999,0.8660254037844387,5.5,11.125,67.20833333333333,9.25,16.6,100.0,71.5,-2.95,3.8813417,0.0,1.65,21.60000001,19.85,19.5,19.5,19.5,20.0,-21.662074093333334,-0.1759259466666662,-0.0373333333333333,-0.1006666666666666,-0.116,21.81851853666667,-0.099555555555554,3.7755234,3.7855206,3.8345132,3.8570445,3.7921417,0,0.0,0,1.0,-0.4,8.3,91.7
2023-01-11 18:45:00,166.684165650002,150.130105655556,150.150104855556,21.60000001,-0.116,20.0,2,5.1764362714980825,70.66250196097344,18,2,1,-1.0,-1.8369701987210294e-16,0.9749279121818236,-0.2225209339563143,0.4999999999999999,0.8660254037844387,2.75,6.875,52.125,8.975,16.6,100.0,72.75,-2.875,3.9024775,0.0,1.475,21.72407408,20.0,19.85,19.5,19.5,20.0,-21.71600001,0.0759259166666623,0.022,-0.138,-0.0866666666666666,21.60802471444445,-0.1182222222222207,3.7921417,3.7755234,3.7855206,3.8345132,3.8194358,0,0.0,0,1.0,-0.38,8.1,91.9
2023-01-11 19:00:00,216.163575427774,198.4245627,198.450117244444,21.72407408,-0.0866666666666666,20.0,2,5.1764362714980825,70.66250196097344,19,2,1,-0.9659258262890684,0.2588190451025203,0.9749279121818236,-0.2225209339563143,0.4999999999999999,0.8660254037844387,0.0,4.125,38.875,8.7,16.6,100.0,74.0,-2.8,3.9225013,0.0,1.3,21.96666666,20.0,20.0,19.85,19.5,20.0,-21.810740746666664,0.1240740699999989,0.0293333333333333,-0.116,-0.1673333333333333,21.616049394444445,-0.113555555555554,3.8194358,3.7921417,3.7755234,3.7855206,3.8732939,0,0.0,0,1.0,-0.36,7.6,92.4
2023-01-11 19:15:00,279.404379011108,252.5215654,252.552119777776,21.96666666,-0.1673333333333333,20.0,2,5.1764362714980825,70.66250196097344,19,2,1,-0.9659258262890684,0.2588190451025203,0.9749279121818236,-0.2225209339563143,0.4999999999999999,0.8660254037844387,0.0,2.0625,27.979166666666668,8.85,16.225,100.0,74.5,-2.8,3.9221709,0.0,1.2,22.196296323333332,20.0,20.0,20.0,19.85,19.816666666666663,-22.13399999333333,0.2425925800000001,-0.0806666666666666,-0.0866666666666666,-0.1426666666666666,21.76358025,-0.1233333333333318,3.8732939,3.8194358,3.7921417,3.7755234,3.8889,0,0.0,0,1.0,-0.3,6.9,93.1
2023-01-11 19:30:00,269.55921738332603,237.581885227778,237.61021746111,22.196296323333332,-0.1426666666666666,19.816666666666663,2,5.1764362714980825,70.66250196097344,19,2,1,-0.9659258262890684,0.2588190451025203,0.9749279121818236,-0.2225209339563143,0.4999999999999999,0.8660254037844387,0.0,0.6875,19.437500000000004,9.0,15.85,100.0,75.0,-2.8,3.9216404,0.0,1.1,22.29999999,20.0,20.0,20.0,20.0,19.55,-22.33896299,0.2296296633333376,0.0246666666666666,-0.1673333333333333,-0.024,21.96234568777778,-0.1322222222222207,3.8889,3.8732939,3.8194358,3.7921417,3.8595297,0,0.0,0,1.0,-0.25,6.3,93.7
2023-01-11 19:45:00,162.291563611112,134.347959150002,134.367680644444,22.29999999,-0.024,19.55,2,5.1764362714980825,70.66250196097344,19,2,1,-0.9659258262890684,0.2588190451025203,0.9749279121818236,-0.2225209339563143,0.4999999999999999,0.8660254037844387,0.0,0.0,13.25,9.15,15.475,100.0,75.5,-2.8,3.9209146,0.0,1.0,22.11666668333333,19.816666666666663,20.0,20.0,20.0,19.966666666666665,-22.32399999,0.1037036666666644,0.1186666666666666,-0.1426666666666666,0.07,22.15432099111111,-0.1113333333333318,3.8595297,3.8889,3.8732939,3.8194358,3.9004111,0,0.0,0,1.0,-0.23,6.1,93.9
2023-01-11 20:00:00,165.824200066668,137.4595014,137.47727852222,22.11666668333333,0.07,19.966666666666665,2,5.1764362714980825,70.66250196097344,20,2,1,-0.8660254037844386,0.5000000000000001,0.9749279121818236,-0.2225209339563143,0.4999999999999999,0.8660254037844387,0.0,0.0,9.416666666666666,9.3,15.1,100.0,76.0,-2.8,3.9199944,0.0,0.9,22.01666667,19.55,19.816666666666663,20.0,20.0,20.0,-22.04666668333333,-0.1833333066666647,0.094,-0.024,0.1953333333333333,22.20432099888889,-0.0322222222222207,3.9004111,3.8595297,3.8889,3.8732939,3.884476,0,0.0,0,1.0,-0.27,6.5,93.5
2023-01-11 20:15:00,245.755447238886,229.87774893889,229.907470016666,22.01666667,0.1953333333333333,20.0,2,5.1764362714980825,70.66250196097344,20,2,1,-0.8660254037844386,0.5000000000000001,0.9749279121818236,-0.2225209339563143,0.4999999999999999,0.8660254037844387,0.0,0.0,6.3125,9.025,15.275,100.0,76.25,-2.8,3.9261699,0.025,0.875,22.216666673333336,19.966666666666665,19.55,19.816666666666663,20.0,19.816666666666663,-21.821333336666665,-0.1000000133333358,0.1253333333333333,0.07,0.2746666666666666,22.144444447777783,0.0804444444444459,3.884476,3.9004111,3.8595297,3.8889,3.8934612,0,0.0,0,1.0,-0.29,6.7,93.3
2023-01-11 20:30:00,240.064285944444,224.194642955556,224.22241966111,22.216666673333336,0.2746666666666666,19.816666666666663,2,5.1764362714980825,70.66250196097344,20,2,1,-0.8660254037844386,0.5000000000000001,0.9749279121818236,-0.2225209339563143,0.4999999999999999,0.8660254037844387,0.0,0.0,3.9375,8.75,15.45,100.0,76.5,-2.8,3.932312,0.05,0.8500000000000001,22.32777775,20.0,19.966666666666665,19.55,19.816666666666663,19.85,-21.942000006666667,0.2000000033333364,0.0793333333333333,0.1953333333333333,0.436,22.11666667555556,0.1800000000000015,3.8934612,3.884476,3.9004111,3.8595297,3.9250197,0,0.0,0,1.0,-0.24,6.2,93.8
2023-01-11 20:45:00,182.88351778333,140.016065783334,140.03078746111,22.32777775,0.436,19.85,2,5.1764362714980825,70.66250196097344,20,2,1,-0.8660254037844386,0.5000000000000001,0.9749279121818236,-0.2225209339563143,0.4999999999999999,0.8660254037844387,0.0,0.0,2.2916666666666665,8.475,15.625,100.0,76.75,-2.8,3.93842,0.075,0.8250000000000001,22.24074076333333,19.816666666666663,20.0,19.966666666666665,19.55,20.0,-21.89177775,0.1111110766666634,0.1613333333333333,0.2746666666666666,0.738,22.187037031111117,0.3020000000000014,3.9250197,3.8934612,3.884476,3.9004111,3.934929,0,0.0,0,1.0,-0.22,6.0,94.0
2023-01-11 21:00:00,169.030738466668,136.947021883334,136.962576844444,22.24074076333333,0.738,20.0,2,5.1764362714980825,70.66250196097344,21,2,1,-0.7071067811865477,0.7071067811865474,0.9749279121818236,-0.2225209339563143,0.4999999999999999,0.8660254037844387,0.0,0.0,1.375,8.2,15.8,100.0,77.0,-2.8,3.9444952,0.1,0.8,22.13333334,19.85,19.816666666666663,20.0,19.966666666666665,20.0,-21.502740763333332,-0.0870369866666642,0.302,0.436,0.9753333333333332,22.261728395555554,0.4828888888888903,3.934929,3.9250197,3.8934612,3.884476,3.9106753,0,0.0,0,1.0,-0.24,6.2,93.8
2023-01-11 21:15:00,192.382859927778,176.545715688888,176.566825994442,22.13333334,0.9753333333333332,20.0,2,5.1764362714980825,70.66250196097344,21,2,1,-0.7071067811865477,0.7071067811865474,0.9749279121818236,-0.2225209339563143,0.4999999999999999,0.8660254037844387,0.0,0.0,0.6875,8.2,15.35,100.0,77.0,-2.75,3.951249,0.15,0.8250000000000001,22.20370373,20.0,19.85,19.816666666666663,20.0,20.0,-21.15800000666667,-0.1074074233333348,0.2373333333333332,0.738,1.3353333333333337,22.23395061777778,0.7164444444444459,3.9106753,3.934929,3.9250197,3.8934612,3.9265516,0,0.0,0,1.0,-0.26,6.4,93.6
2023-01-11 21:30:00,227.365627211112,201.075845577776,201.098622433332,22.20370373,1.3353333333333337,20.0,2,5.1764362714980825,70.66250196097344,21,2,1,-0.7071067811865477,0.7071067811865474,0.9749279121818236,-0.2225209339563143,0.4999999999999999,0.8660254037844387,0.0,0.0,0.2291666666666666,8.2,14.9,100.0,77.0,-2.7,3.9580135,0.2,0.8500000000000001,22.36111112,20.0,20.0,19.85,19.816666666666663,20.0,-20.868370396666663,0.0703703899999972,0.3600000000000002,0.9753333333333332,1.6053333333333333,22.192592611111117,1.0162222222222237,3.9265516,3.9106753,3.934929,3.9250197,3.962267,0,0.0,0,1.0,-0.25,6.2,93.8
2023-01-11 21:45:00,220.727281655556,201.205284783334,201.229172727778,22.36111112,1.6053333333333333,20.0,2,5.1764362714980825,70.66250196097344,21,2,1,-0.7071067811865477,0.7071067811865474,0.9749279121818236,-0.2225209339563143,0.4999999999999999,0.8660254037844387,0.0,0.0,0.0,8.2,14.45,100.0,77.0,-2.65,3.9647882,0.25,0.875,22.461111086666666,20.0,20.0,20.0,19.85,20.0,-20.755777786666663,0.1574073899999994,0.2699999999999998,1.3353333333333337,2.901333333333333,22.23271606333333,1.3053333333333348,3.962267,3.9265516,3.9106753,3.934929,3.9851022,0,0.0,0,1.0,-0.21,5.9,94.1
2023-01-11 22:00:00,232.904294655552,200.763913572222,200.78641263889,22.461111086666666,2.901333333333333,20.0,2,5.1764362714980825,70.66250196097344,22,2,1,-0.5000000000000004,0.8660254037844384,0.9749279121818236,-0.2225209339563143,0.4999999999999999,0.8660254037844387,0.0,0.0,0.0,8.2,14.0,100.0,77.0,-2.6,3.971573,0.3,0.9,22.50555556,20.0,20.0,20.0,20.0,20.0,-19.55977775333333,0.0999999666666688,1.2960000000000005,1.6053333333333333,3.1,22.341975312222218,1.9473333333333347,3.9851022,3.962267,3.9265516,3.9106753,3.9952881,0,0.0,0,1.0,-0.19,5.7,94.3
2023-01-11 22:15:00,235.631130077772,198.992873283334,199.0162057,22.50555556,3.1,20.0,2,5.1764362714980825,70.66250196097344,22,2,1,-0.5000000000000004,0.8660254037844384,0.9749279121818236,-0.2225209339563143,0.4999999999999999,0.8660254037844387,0.0,0.0,0.0,8.35,14.275,100.0,76.25,-2.675,3.959864,0.25,1.0,22.551851893333332,20.0,20.0,20.0,20.0,20.0,-19.40555556,0.0444444733333355,0.1986666666666665,2.901333333333333,2.996,22.44259258888889,2.535555555555557,3.9952881,3.9851022,3.962267,3.9265516,4.005922,0,0.0,0,1.0,-0.18,5.6,94.4
2023-01-11 22:30:00,216.010803688888,196.535193844444,196.557970733332,22.551851893333332,2.996,20.0,2,5.1764362714980825,70.66250196097344,22,2,1,-0.5000000000000004,0.8660254037844384,0.9749279121818236,-0.2225209339563143,0.4999999999999999,0.8660254037844387,0.0,0.0,0.0,8.5,14.55,100.0,75.5,-2.75,3.9477847,0.2,1.1,22.5555556,20.0,20.0,20.0,20.0,20.0,-19.555851893333337,0.0462963333333341,-0.104,3.1,2.93,22.50617284666667,2.999111111111113,4.005922,3.9952881,3.9851022,3.962267,4.0067744,0,0.0,0,1.0,-0.16,5.6,94.4
2023-01-11 22:45:00,208.119452505562,192.2748087,192.298418855556,22.5555556,2.93,20.0,2,5.1764362714980825,70.66250196097344,22,2,1,-0.5000000000000004,0.8660254037844384,0.9749279121818236,-0.2225209339563143,0.4999999999999999,0.8660254037844387,0.0,0.0,0.0,8.65,14.825,100.0,74.75,-2.825,3.9353323,0.15,1.2000000000000002,22.5555556,20.0,20.0,20.0,20.0,20.183333333333334,-19.6255556,0.0037037066666663,-0.0659999999999998,2.996,2.93,22.537654351111115,3.0086666666666684,4.0067744,4.005922,3.9952881,3.9851022,4.0435023,0,0.0,0,1.0,-0.16,5.6,94.4
2023-01-11 23:00:00,211.923189250006,188.259969283334,188.282190611112,22.5555556,2.93,20.183333333333334,2,5.1764362714980825,70.66250196097344,23,2,1,-0.2588190451025215,0.965925826289068,0.9749279121818236,-0.2225209339563143,0.4999999999999999,0.8660254037844387,0.0,0.0,0.0,8.8,15.1,100.0,74.0,-2.9,3.9225013,0.1,1.3,22.53888893,20.0,20.0,20.0,20.0,20.5,-19.6255556,0.0,0.0,2.93,2.822,22.554321031111115,2.9520000000000017,4.0435023,4.0067744,4.005922,3.9952881,4.103016,0,0.0,0,1.0,-0.16,5.5,94.5
2023-01-11 23:15:00,189.318538022224,152.818609211112,152.836108511112,22.53888893,2.822,20.5,2,5.1764362714980825,70.66250196097344,23,2,1,-0.2588190451025215,0.965925826289068,0.9749279121818236,-0.2225209339563143,0.4999999999999999,0.8660254037844387,0.0,0.0,0.0,9.125,16.175,88.25,73.25,-3.0,3.889367,0.075,1.325,22.25740741666667,20.183333333333334,20.0,20.0,20.0,20.5,-19.71688893,-0.0166666700000028,-0.1080000000000001,2.93,2.820666666666667,22.550000043333338,2.894000000000001,4.103016,4.0435023,4.0067744,4.005922,4.037173,0,0.0,0,1.0,-0.16,5.6,94.4
2023-01-11 23:30:00,412.131847416666,114.962623494446,114.978734016666,22.25740741666667,2.820666666666667,20.5,2,5.1764362714980825,70.66250196097344,23,2,1,-0.2588190451025215,0.965925826289068,0.9749279121818236,-0.2225209339563143,0.4999999999999999,0.8660254037844387,0.0,0.0,0.0,9.45,17.25,76.5,72.5,-3.1,3.856107,0.05,1.35,21.8111111,20.5,20.183333333333334,20.0,20.0,20.85,-19.43674075,-0.281481513333329,-0.0013333333333331,2.822,2.675333333333333,22.45061731555556,2.857555555555557,4.037173,4.103016,4.0435023,4.0067744,4.001828,0,0.0,0,1.0,-0.23,6.1,93.9
2023-01-11 23:45:00,251.752707422216,150.510645966668,150.52814531666598,21.8111111,2.675333333333333,20.85,2,5.1764362714980825,70.66250196097344,23,2,1,-0.2588190451025215,0.965925826289068,0.9749279121818236,-0.2225209339563143,0.4999999999999999,0.8660254037844387,0.0,0.0,0.0,9.775,18.325,64.75,71.75,-3.2,3.8227203,0.0249999999999999,1.375,21.875925953333333,20.5,20.5,20.183333333333334,20.0,21.0,-19.135777766666667,-0.4462963166666682,-0.1453333333333337,2.820666666666667,2.710666666666667,22.20246914888889,2.772666666666668,4.001828,4.037173,4.103016,4.0435023,4.045726,0,0.0,0,1.0,-0.33,7.3,92.7
2023-01-12 00:00:00,274.22764162222,251.810482727778,251.83881496111,21.875925953333333,2.710666666666667,21.0,2,5.1764362714980825,70.66250196097344,0,3,1,0.0,1.0,0.4338837391175582,-0.900968867902419,0.4999999999999999,0.8660254037844387,0.0,0.0,0.0,10.1,19.4,53.0,71.0,-3.3,3.7892077,0.0,1.4,22.21111114,20.85,20.5,20.5,20.183333333333334,20.65,-19.165259286666664,0.0648148533333312,0.0353333333333338,2.675333333333333,2.563333333333333,21.981481490000004,2.735555555555557,4.045726,4.001828,4.037173,4.103016,4.055893,0,0.0,0,1.0,-0.31,7.0,93.0
2023-01-12 00:15:00,177.067361655548,161.226050716666,161.245772211108,22.21111114,2.563333333333333,20.65,2,5.1764362714980825,70.66250196097344,0,3,1,0.0,1.0,0.4338837391175582,-0.900968867902419,0.4999999999999999,0.8660254037844387,0.0,0.0,0.0,10.15,19.4,51.75,72.25,-3.325,3.7907627,0.0,1.15,22.216666676666662,21.0,20.85,20.5,20.5,20.683333333333334,-19.647777806666667,0.3351851866666671,-0.1473333333333335,2.710666666666667,2.5906666666666665,21.96604939777778,2.64977777777778,4.055893,4.045726,4.001828,4.037173,4.063739,0,0.0,0,1.0,-0.24,6.2,93.8
2023-01-12 00:30:00,147.31438485556,114.24404113889,114.257096183334,22.216666676666662,2.5906666666666665,20.683333333333334,2,5.1764362714980825,70.66250196097344,0,3,1,0.0,1.0,0.4338837391175582,-0.900968867902419,0.4999999999999999,0.8660254037844387,0.0,0.0,0.0,10.2,19.4,50.5,73.5,-3.35,3.7910476,0.0,0.8999999999999999,22.03333333,20.65,21.0,20.85,20.5,21.0,-19.62600001,0.0055555366666659,0.0273333333333329,2.563333333333333,2.508,22.10123459,2.6215555555555574,4.063739,4.055893,4.045726,4.001828,4.0826187,0,0.0,0,1.0,-0.24,6.2,93.8
2023-01-12 00:45:00,178.452861633332,138.954163844444,138.969996611108,22.03333333,2.508,21.0,2,5.1764362714980825,70.66250196097344,0,3,1,0.0,1.0,0.4338837391175582,-0.900968867902419,0.4999999999999999,0.8660254037844387,0.0,0.0,0.0,10.25,19.4,49.25,74.75,-3.375,3.7900984,0.0,0.65,22.0,20.683333333333334,20.65,21.0,20.85,21.0,-19.52533333,-0.1833333466666644,-0.0826666666666664,2.5906666666666665,2.4553333333333334,22.153703715555555,2.5540000000000016,4.0826187,4.063739,4.055893,4.045726,4.074782,0,0.0,0,1.0,-0.28,6.6,93.4
2023-01-12 01:00:00,162.162680016662,144.042293627778,144.060626294442,22.0,2.4553333333333334,21.0,2,5.1764362714980825,70.66250196097344,1,3,1,0.2588190451025207,0.9659258262890684,0.4338837391175582,-0.900968867902419,0.4999999999999999,0.8660254037844387,0.0,0.0,0.0,10.3,19.4,48.0,76.0,-3.4,3.7879534,0.0,0.4,22.05555558,21.0,20.683333333333334,20.65,21.0,21.0,-19.544666666666668,-0.0333333300000013,-0.0526666666666666,2.508,2.37,22.083333335555555,2.518000000000001,4.074782,4.0826187,4.063739,4.055893,4.087852,0,0.0,0,1.0,-0.29,6.7,93.3
2023-01-12 01:15:00,211.253216216666,192.2781419,192.301474316666,22.05555558,2.37,21.0,2,5.1764362714980825,70.66250196097344,1,3,1,0.2588190451025207,0.9659258262890684,0.4338837391175582,-0.900968867902419,0.4999999999999999,0.8660254037844387,0.0,0.0,0.0,10.4,18.95,58.5,76.5,-3.425,3.7867687,0.0,0.3,22.25185183,21.0,21.0,20.683333333333334,20.65,21.0,-19.68555558,0.05555558,-0.0853333333333332,2.4553333333333334,2.4033333333333338,22.02962963666667,2.444444444444446,4.087852,4.074782,4.0826187,4.063739,4.1343184,0,0.0,0,1.0,-0.27,6.5,93.5
2023-01-12 01:30:00,215.665817405558,190.460159055556,190.481824872222,22.25185183,2.4033333333333338,21.0,2,5.1764362714980825,70.66250196097344,1,3,1,0.2588190451025207,0.9659258262890684,0.4338837391175582,-0.900968867902419,0.4999999999999999,0.8660254037844387,0.0,0.0,0.0,10.5,18.5,69.0,77.0,-3.45,3.7853997,0.0,0.2,22.33888886,21.0,21.0,21.0,20.683333333333334,21.0,-19.848518496666667,0.1962962499999996,0.0333333333333336,2.37,2.393333333333333,22.102469136666667,2.4095555555555577,4.1343184,4.087852,4.074782,4.0826187,4.1550674,0,0.0,0,1.0,-0.23,6.1,93.9
2023-01-12 01:45:00,219.421222933328,191.034025,191.056801872222,22.33888886,2.393333333333333,21.0,2,5.1764362714980825,70.66250196097344,1,3,1,0.2588190451025207,0.9659258262890684,0.4338837391175582,-0.900968867902419,0.4999999999999999,0.8660254037844387,0.0,0.0,0.0,10.6,18.05,79.5,77.5,-3.475,3.7838504,0.0,0.0999999999999999,22.40555554333333,21.0,21.0,21.0,21.0,20.816666666666663,-19.945555526666663,0.0870370300000011,-0.0100000000000006,2.4033333333333338,2.4066666666666667,22.21543209,2.3888888888888906,4.1550674,4.1343184,4.087852,4.074782,4.1346083,0,0.0,0,1.0,-0.21,5.9,94.1
2023-01-12 02:00:00,224.46852098333,190.578765411112,190.601264544444,22.40555554333333,2.4066666666666667,20.816666666666663,2,5.1764362714980825,70.66250196097344,2,3,1,0.4999999999999999,0.8660254037844387,0.4338837391175582,-0.900968867902419,0.4999999999999999,0.8660254037844387,0.0,0.0,0.0,10.7,17.6,90.0,78.0,-3.5,3.7821226,0.0,-0.0,22.48888888,21.0,21.0,21.0,21.0,20.8,-19.998888876666665,0.0666666833333309,0.0133333333333336,2.393333333333333,2.454,22.332098744444448,2.401111111111113,4.1346083,4.1550674,4.1343184,4.087852,4.1511245,0,0.0,0,1.0,-0.19,5.8,94.2
2023-01-12 02:15:00,220.028976055564,191.601502283334,191.622612522224,22.48888888,2.454,20.8,2,5.1764362714980825,70.66250196097344,2,3,1,0.4999999999999999,0.8660254037844387,0.4338837391175582,-0.900968867902419,0.4999999999999999,0.8660254037844387,0.0,0.0,0.0,10.125,17.425,89.25,78.25,-3.5,3.774682,0.0,-0.075,22.551851893333332,20.816666666666663,21.0,21.0,21.0,20.53333333333333,-20.03488888,0.0833333366666657,0.0473333333333334,2.4066666666666667,2.707333333333333,22.411111094444447,2.418000000000001,4.1511245,4.1346083,4.1550674,4.1343184,4.1127462,0,0.0,0,1.0,-0.17,5.6,94.4
2023-01-12 02:30:00,206.83061527778,190.929584727778,190.952361616666,22.551851893333332,2.707333333333333,20.53333333333333,2,5.1764362714980825,70.66250196097344,2,3,1,0.4999999999999999,0.8660254037844387,0.4338837391175582,-0.900968867902419,0.4999999999999999,0.8660254037844387,0.0,0.0,0.0,9.55,17.25,88.5,78.5,-3.5,3.7672033,0.0,-0.15,22.59444445,20.8,20.816666666666663,21.0,21.0,20.5,-19.84451856,0.0629630133333378,0.2533333333333329,2.454,2.838,22.482098772222223,2.522666666666668,4.1127462,4.1511245,4.1346083,4.1550674,4.11612,0,0.0,0,1.0,-0.16,5.5,94.5
2023-01-12 02:45:00,208.876922322224,192.267864527778,192.289808083334,22.59444445,2.838,20.5,2,5.1764362714980825,70.66250196097344,2,3,1,0.4999999999999999,0.8660254037844387,0.4338837391175582,-0.900968867902419,0.4999999999999999,0.8660254037844387,0.0,0.0,0.0,8.975,17.075,87.75,78.75,-3.5,3.7596893,0.0,-0.225,22.631481486666665,20.53333333333333,20.8,20.816666666666663,21.0,20.683333333333334,-19.75644445,0.0425925566666656,0.1306666666666669,2.707333333333333,3.119333333333333,22.545061741111112,2.666444444444446,4.11612,4.1127462,4.1511245,4.1346083,4.161765,0,0.0,0,1.0,-0.15,5.5,94.5
2023-01-12 03:00:00,226.53621602222,186.753918427778,186.775306505554,22.631481486666665,3.119333333333333,20.683333333333334,2,5.1764362714980825,70.66250196097344,3,3,1,0.7071067811865476,0.7071067811865476,0.4338837391175582,-0.900968867902419,0.4999999999999999,0.8660254037844387,0.0,0.0,0.0,8.4,16.9,87.0,79.0,-3.5,3.752141,0.0,-0.3,22.605555560000003,20.5,20.53333333333333,20.8,20.816666666666663,21.0,-19.51214815333333,0.0370370366666641,0.281333333333333,2.838,3.286666666666666,22.59259261,2.888222222222224,4.161765,4.11612,4.1127462,4.1511245,4.219202,0,0.0,0,1.0,-0.14,5.4,94.6
2023-01-12 03:15:00,133.566323833332,102.152858172222,102.165079883334,22.605555560000003,3.286666666666666,21.0,2,5.1764362714980825,70.66250196097344,3,3,1,0.7071067811865476,0.7071067811865476,0.4338837391175582,-0.900968867902419,0.4999999999999999,0.8660254037844387,0.0,0.0,0.0,8.4,16.375,90.25,79.25,-3.425,3.7705204,0.0,-0.275,22.32222224,20.683333333333334,20.5,20.53333333333333,20.8,21.183333333333334,-19.318888893333337,-0.0259259266666624,0.1673333333333335,3.119333333333333,3.29,22.61049383222222,3.081333333333335,4.219202,4.161765,4.11612,4.1127462,4.1873264,0,0.0,0,1.0,-0.15,5.4,94.6
2023-01-12 03:30:00,113.691007827774,94.2153979,94.227619644444,22.32222224,3.29,21.183333333333334,2,5.1764362714980825,70.66250196097344,3,3,1,0.7071067811865476,0.7071067811865476,0.4338837391175582,-0.900968867902419,0.4999999999999999,0.8660254037844387,0.0,0.0,0.0,8.4,15.85,93.5,79.5,-3.35,3.7889507,0.0,-0.25,22.0388889,21.0,20.683333333333334,20.5,20.53333333333333,21.5,-19.03222224,-0.2833333200000041,0.0033333333333329,3.286666666666666,3.26,22.51975309555556,3.232000000000001,4.1873264,4.219202,4.161765,4.11612,4.1811633,0,0.0,0,1.0,-0.21,5.9,94.1
2023-01-12 03:45:00,128.146818572214,100.09377383889,100.105995566668,22.0388889,3.26,21.5,2,5.1764362714980825,70.66250196097344,3,3,1,0.7071067811865476,0.7071067811865476,0.4338837391175582,-0.900968867902419,0.4999999999999999,0.8660254037844387,0.0,0.0,0.0,8.4,15.325,96.75,79.75,-3.2750000000000004,3.807432,0.0,-0.225,21.896296306666667,21.183333333333334,21.0,20.683333333333334,20.5,21.5,-18.7788889,-0.2833333399999986,-0.0299999999999998,3.29,3.293333333333333,22.32222223333333,3.27888888888889,4.1811633,4.1873264,4.219202,4.161765,4.146923,0,0.0,0,1.0,-0.27,6.6,93.4
2023-01-12 04:00:00,153.89162200555,137.393948455556,137.410892311108,21.896296306666667,3.293333333333333,21.5,2,5.1764362714980825,70.66250196097344,4,3,1,0.8660254037844386,0.5000000000000001,0.4338837391175582,-0.900968867902419,0.4999999999999999,0.8660254037844387,0.0,0.0,0.0,8.4,14.8,100.0,80.0,-3.2,3.8259642,0.0,-0.2,21.92777775,21.5,21.183333333333334,21.0,20.683333333333334,21.5,-18.602962973333334,-0.1425925933333331,0.0333333333333336,3.26,3.394,22.08580248222222,3.2811111111111124,4.146923,4.1811633,4.1873264,4.219202,4.154463,0,0.0,0,1.0,-0.31,6.9,93.1
2023-01-12 04:15:00,148.127130244444,123.837546266668,123.853379016666,21.92777775,3.394,21.5,2,5.1764362714980825,70.66250196097344,4,3,1,0.8660254037844386,0.5000000000000001,0.4338837391175582,-0.900968867902419,0.4999999999999999,0.8660254037844387,0.0,0.0,0.0,8.0,14.425,99.25,79.5,-3.2,3.8283741,0.0,-0.1,21.92407405,21.5,21.5,21.183333333333334,21.0,21.683333333333334,-18.53377775,0.0314814433333339,0.1006666666666666,3.293333333333333,3.41,21.954320985555555,3.3157777777777797,4.154463,4.146923,4.1811633,4.1873264,4.188993,0,0.0,0,1.0,-0.3,6.9,93.1
2023-01-12 04:30:00,161.287714949998,118.7885816,118.801081116666,21.92407405,3.41,21.683333333333334,2,5.1764362714980825,70.66250196097344,4,3,1,0.8660254037844386,0.5000000000000001,0.4338837391175582,-0.900968867902419,0.4999999999999999,0.8660254037844387,0.0,0.0,0.0,7.6,14.05,98.5,79.0,-3.2,3.8306122,0.0,0.0,21.88333334,21.5,21.5,21.5,21.183333333333334,22.0,-18.51407405,-0.0037037000000026,0.0159999999999995,3.394,3.5,21.91604936888889,3.3657777777777795,4.188993,4.154463,4.146923,4.1811633,4.2401905,0,0.0,0,1.0,-0.3,6.9,93.1
2023-01-12 04:45:00,136.532594094442,111.8905242,111.90580142222,21.88333334,3.5,22.0,2,5.1764362714980825,70.66250196097344,4,3,1,0.8660254037844386,0.5000000000000001,0.4338837391175582,-0.900968867902419,0.4999999999999999,0.8660254037844387,0.0,0.0,0.0,7.2,13.675,97.75,78.5,-3.2,3.8326745,0.0,0.1,21.837037006666662,21.683333333333334,21.5,21.5,21.5,22.0,-18.38333334,-0.0407407099999979,0.0900000000000003,3.41,3.4679999999999995,21.91172838,3.4346666666666685,4.2401905,4.188993,4.154463,4.146923,4.228876,0,0.0,0,1.0,-0.31,6.9,93.1
2023-01-12 05:00:00,143.926742899992,128.091820572222,128.107931094442,21.837037006666662,3.4679999999999995,22.0,2,5.1764362714980825,70.66250196097344,5,3,1,0.9659258262890684,0.2588190451025207,0.4338837391175582,-0.900968867902419,0.4999999999999999,0.8660254037844387,0.0,0.0,0.0,6.8,13.3,97.0,78.0,-3.2,3.8345609,0.0,0.2,21.8333333,22.0,21.683333333333334,21.5,21.5,22.0,-18.369037006666662,-0.0462963333333341,-0.0320000000000004,3.5,3.504,21.88148146555556,3.4593333333333347,4.228876,4.2401905,4.188993,4.154463,4.227973,0,0.0,0,1.0,-0.32,7.1,92.9
2023-01-12 05:15:00,149.250696449998,123.902821422224,123.918098644444,21.8333333,3.504,22.0,2,5.1764362714980825,70.66250196097344,5,3,1,0.9659258262890684,0.2588190451025207,0.4338837391175582,-0.900968867902419,0.4999999999999999,0.8660254037844387,0.0,0.0,0.0,6.725,12.675,97.75,78.0,-3.225,3.8279717,0.0,0.175,21.8333333,22.0,22.0,21.683333333333334,21.5,22.0,-18.3293333,-0.0037037066666663,0.0360000000000004,3.4679999999999995,3.4526666666666666,21.85123454888889,3.490666666666668,4.227973,4.228876,4.2401905,4.188993,4.227973,0,0.0,0,1.0,-0.32,7.1,92.9
2023-01-12 05:30:00,147.361605433328,123.682830255556,123.697551916666,21.8333333,3.4526666666666666,22.0,2,5.1764362714980825,70.66250196097344,5,3,1,0.9659258262890684,0.2588190451025207,0.4338837391175582,-0.900968867902419,0.4999999999999999,0.8660254037844387,0.0,0.0,0.0,6.65,12.05,98.5,78.0,-3.25,3.8213923,0.0,0.15,21.8333333,22.0,22.0,22.0,21.683333333333334,22.0,-18.38066663333333,0.0,-0.0513333333333334,3.504,3.496,21.834567868888893,3.47488888888889,4.227973,4.227973,4.228876,4.2401905,4.227973,0,0.0,0,1.0,-0.32,7.1,92.9
2023-01-12 05:45:00,155.58127633334,123.953652772222,123.967541133332,21.8333333,3.496,22.0,2,5.1764362714980825,70.66250196097344,5,3,1,0.9659258262890684,0.2588190451025207,0.4338837391175582,-0.900968867902419,0.4999999999999999,0.8660254037844387,0.0,0.0,0.0,6.575,11.425,99.25,78.0,-3.275,3.8148222,0.0,0.125,21.853703686666663,22.0,22.0,22.0,22.0,22.0,-18.3373333,0.0,0.0433333333333334,3.4526666666666666,3.5,21.8333333,3.484222222222224,4.227973,4.227973,4.227973,4.228876,4.232947,0,0.0,0,1.0,-0.32,7.1,92.9
2023-01-12 06:00:00,159.011972633332,123.835601944444,123.84893476111,21.853703686666663,3.5,22.0,2,5.1764362714980825,70.66250196097344,6,3,1,1.0,6.123233995736766e-17,0.4338837391175582,-0.900968867902419,0.4999999999999999,0.8660254037844387,0.0,0.0,0.0,6.5,10.8,100.0,78.0,-3.3,3.8082623,0.0,0.1,21.84999998,22.0,22.0,22.0,22.0,22.0,-18.353703686666663,0.0203703866666664,0.004,3.496,3.4526666666666666,21.840123428888887,3.4828888888888905,4.232947,4.227973,4.227973,4.227973,4.2320423,0,0.0,0,1.0,-0.31,7.0,93.0
2023-01-12 06:15:00,141.875158299992,122.392326344444,122.407603566664,21.84999998,3.4526666666666666,22.0,2,5.1764362714980825,70.66250196097344,6,3,1,1.0,6.123233995736766e-17,0.4338837391175582,-0.900968867902419,0.4999999999999999,0.8660254037844387,0.0,0.0,0.0,6.875,12.15,100.0,77.5,-3.275,3.8165376,0.0,0.225,21.8333333,22.0,22.0,22.0,22.0,22.0,-18.39733331333333,-0.0037037066666663,-0.0473333333333334,3.5,3.448,21.84567898888889,3.4828888888888905,4.2320423,4.232947,4.227973,4.227973,4.227973,0,0.0,0,1.0,-0.31,7.0,93.0
2023-01-12 06:30:00,197.353217005542,124.095591527778,124.111702049998,21.8333333,3.448,22.0,2,5.1764362714980825,70.66250196097344,6,3,1,1.0,6.123233995736766e-17,0.4338837391175582,-0.900968867902419,0.4999999999999999,0.8660254037844387,0.0,0.0,0.0,7.25,13.5,100.0,77.0,-3.25,3.8246365,0.0,0.35,21.8333333,22.0,22.0,22.0,22.0,22.0,-18.3853333,-0.0166666800000001,-0.0046666666666665,3.4526666666666666,3.5073333333333334,21.84567898888889,3.46688888888889,4.227973,4.2320423,4.232947,4.227973,4.227973,0,0.0,0,1.0,-0.32,7.1,92.9
2023-01-12 06:45:00,777.618060749998,124.420578527778,124.437522316666,21.8333333,3.5073333333333334,22.0,2,5.1764362714980825,70.66250196097344,6,3,1,1.0,6.123233995736766e-17,0.4338837391175582,-0.900968867902419,0.4999999999999999,0.8660254037844387,0.0,0.0,0.0,7.625,14.85,100.0,76.5,-3.225,3.832556,0.0,0.475,21.853703686666663,22.0,22.0,22.0,22.0,22.0,-18.325999966666664,0.0,0.0593333333333334,3.448,3.5933333333333333,21.83888886,3.469333333333335,4.227973,4.227973,4.2320423,4.232947,4.232947,0,0.0,0,1.0,-0.32,7.1,92.9
2023-01-12 07:00:00,163.790392405562,127.26213147778,127.276575383334,21.853703686666663,3.5933333333333333,22.0,2,5.1764362714980825,70.66250196097344,7,3,1,0.9659258262890684,-0.2588190451025206,0.4338837391175582,-0.900968867902419,0.4999999999999999,0.8660254037844387,0.0,0.0,0.0,8.0,16.2,100.0,76.0,-3.2,3.8402932,0.0,0.6,21.8888889,22.0,22.0,22.0,22.0,22.35,-18.26037035333333,0.0203703866666664,0.0859999999999998,3.5073333333333334,3.2886666666666664,21.840123428888887,3.516222222222224,4.232947,4.227973,4.227973,4.2320423,4.30903,0,0.0,0,1.0,-0.31,7.0,93.0
2023-01-12 07:15:00,149.17569966665602,123.863934144444,123.879766911108,21.8888889,3.2886666666666664,22.35,2,5.1764362714980825,70.66250196097344,7,3,1,0.9659258262890684,-0.2588190451025206,0.4338837391175582,-0.900968867902419,0.4999999999999999,0.8660254037844387,0.0,0.0,0.0,8.55,16.025,100.0,76.25,-2.9000000000000004,3.9194613,0.0,0.85,21.86851851333333,22.0,22.0,22.0,22.0,22.5,-18.600222233333334,0.0351852133333352,-0.3046666666666668,3.5933333333333333,3.204,21.858641962222222,3.4631111111111124,4.30903,4.232947,4.227973,4.227973,4.3328524,0,0.0,0,1.0,-0.3,6.9,93.1
2023-01-12 07:30:00,146.27081579999202,124.078092227778,124.094480538886,21.86851851333333,3.204,22.5,2,5.1764362714980825,70.66250196097344,7,3,1,0.9659258262890684,-0.2588190451025206,0.4338837391175582,-0.900968867902419,0.4999999999999999,0.8660254037844387,0.0,0.0,0.0,9.1,15.85,100.0,76.5,-2.6,4.000073,0.0,1.1,21.86666666,22.35,22.0,22.0,22.0,22.5,-18.66451851333333,-0.0203703866666664,-0.0846666666666662,3.2886666666666664,3.2486666666666664,21.870370366666663,3.362000000000001,4.3328524,4.30903,4.232947,4.227973,4.332391,0,0.0,0,1.0,-0.31,6.9,93.1
2023-01-12 07:45:00,140.123561533332,118.0311119,118.045833577776,21.86666666,3.2486666666666664,22.5,2,5.1764362714980825,70.66250196097344,7,3,1,0.9659258262890684,-0.2588190451025206,0.4338837391175582,-0.900968867902419,0.4999999999999999,0.8660254037844387,0.0,0.0,0.0,9.65,15.675,100.0,76.75,-2.3,4.082154,0.0,1.35,21.85740739333333,22.5,22.35,22.0,22.0,22.5,-18.61799999333333,-0.0018518533333349,0.0446666666666661,3.204,3.3786666666666667,21.874691357777778,3.247111111111112,4.332391,4.3328524,4.30903,4.232947,4.330075,0,0.0,0,1.0,-0.31,7.0,93.0
2023-01-12 08:00:00,150.394261788888,132.486366983334,132.503588544444,21.85740739333333,3.3786666666666667,22.5,2,5.1764362714980825,70.66250196097344,8,3,1,0.8660254037844387,-0.4999999999999998,0.4338837391175582,-0.900968867902419,0.4999999999999999,0.8660254037844387,0.0,0.0,0.0,10.2,15.5,100.0,77.0,-2.0,4.1657257,0.0,1.6,21.88333334,22.5,22.5,22.35,22.0,22.5,-18.478740726666665,-0.0092592666666675,0.1300000000000003,3.2486666666666664,3.492,21.864197522222224,3.2771111111111124,4.330075,4.332391,4.3328524,4.30903,4.336559,0,0.0,0,1.0,-0.31,7.0,93.0
2023-01-12 08:15:00,155.356563172226,118.306934183334,118.321378088888,21.88333334,3.492,22.5,2,5.1764362714980825,70.66250196097344,8,3,1,0.8660254037844387,-0.4999999999999998,0.4338837391175582,-0.900968867902419,0.4999999999999999,0.8660254037844387,0.25,0.0625,0.0208333333333333,10.8,17.65,100.0,77.5,-1.875,4.207049,0.05,1.65,21.837037006666662,22.5,22.5,22.5,22.35,22.683333333333334,-18.39133334,0.0259259466666677,0.1133333333333332,3.3786666666666667,3.4886666666666666,21.869135797777776,3.3731111111111125,4.336559,4.330075,4.332391,4.3328524,4.360228,0,0.0,0,1.0,-0.3,6.9,93.1
2023-01-12 08:30:00,158.739483450002,122.827308927778,122.8417528,21.837037006666662,3.4886666666666666,22.683333333333334,2,5.1764362714980825,70.66250196097344,8,3,1,0.8660254037844387,-0.4999999999999998,0.4338837391175582,-0.900968867902419,0.4999999999999999,0.8660254037844387,0.5,0.1875,0.0625,11.4,19.8,100.0,78.0,-1.75,4.248599,0.1,1.7000000000000002,21.87222222,22.5,22.5,22.5,22.5,23.0,-18.34837034,-0.0462963333333341,-0.0033333333333334,3.492,3.322,21.859259246666667,3.453111111111113,4.360228,4.336559,4.330075,4.332391,4.430086,0,0.0,0,1.0,-0.31,7.0,93.0
2023-01-12 08:45:00,148.05907748333,132.313040566668,132.330262111112,21.87222222,3.322,23.0,2,5.1764362714980825,70.66250196097344,8,3,1,0.8660254037844387,-0.4999999999999998,0.4338837391175582,-0.900968867902419,0.4999999999999999,0.8660254037844387,0.75,0.375,0.125,12.0,21.950000000000003,100.0,78.5,-1.625,4.290377,0.15,1.75,21.90925925,22.683333333333334,22.5,22.5,22.5,23.0,-18.55022222,0.0351852133333352,-0.1666666666666665,3.4886666666666666,3.4506666666666663,21.864197522222224,3.4342222222222234,4.430086,4.360228,4.336559,4.330075,4.439563,0,0.0,0,1.0,-0.3,6.9,93.1
2023-01-12 09:00:00,131.422243116658,111.04861346111,111.063335138886,21.90925925,3.4506666666666663,23.0,2,5.1764362714980825,70.66250196097344,9,3,1,0.7071067811865476,-0.7071067811865475,0.4338837391175582,-0.900968867902419,0.4999999999999999,0.8660254037844387,1.0,0.625,0.2083333333333333,12.6,24.1,100.0,79.0,-1.5,4.332384,0.2,1.8,21.85555552,23.0,22.683333333333334,22.5,22.5,23.35,-18.45859258333333,0.0370370299999969,0.1286666666666662,3.322,3.7,21.872839492222223,3.420444444444445,4.439563,4.430086,4.360228,4.336559,4.4931765,0,0.0,0,1.0,-0.29,6.8,93.2
2023-01-12 09:15:00,130.254512144432,106.339357372222,106.35435682222,21.85555552,3.7,23.35,2,5.1764362714980825,70.66250196097344,9,3,1,0.7071067811865476,-0.7071067811865475,0.4338837391175582,-0.900968867902419,0.4999999999999999,0.8660254037844387,3.0,1.3125,0.4583333333333333,13.0,25.1,100.0,81.75,-1.075,4.4755936,0.4,1.775,21.770370343333333,23.0,23.0,22.683333333333334,22.5,23.5,-18.15555552,-0.0537037299999987,0.2493333333333338,3.4506666666666663,3.9386666666666663,21.87901233,3.49088888888889,4.4931765,4.439563,4.430086,4.360228,4.499854,0,0.0,0,1.0,-0.3,6.9,93.1
2023-01-12 09:30:00,165.519490005558,134.4337891,134.45184399444202,21.770370343333333,3.9386666666666663,23.5,2,5.1764362714980825,70.66250196097344,9,3,1,0.7071067811865476,-0.7071067811865475,0.4338837391175582,-0.900968867902419,0.4999999999999999,0.8660254037844387,5.0,2.4375,0.875,13.4,26.1,100.0,84.5,-0.6499999999999999,4.6183043,0.6000000000000001,1.75,21.861111110000003,23.35,23.0,23.0,22.683333333333334,23.5,-17.831703676666667,-0.0851851766666662,0.2386666666666665,3.7,4.233333333333333,21.845061704444447,3.6964444444444458,4.499854,4.4931765,4.439563,4.430086,4.5234904,0,0.0,0,1.0,-0.32,7.2,92.8
2023-01-12 09:45:00,446.28520337778,101.2651159,101.280115333332,21.861111110000003,4.233333333333333,23.5,2,5.1764362714980825,70.66250196097344,9,3,1,0.7071067811865476,-0.7071067811865475,0.4338837391175582,-0.900968867902419,0.4999999999999999,0.8660254037844387,7.0,4.0,1.4583333333333333,13.8,27.1,100.0,87.25,-0.2249999999999998,4.7605157,0.8,1.725,21.76481482,23.5,23.35,23.0,23.0,23.683333333333334,-17.62777777666667,0.0907407666666699,0.2946666666666666,3.9386666666666663,4.324,21.829012324444445,3.957333333333335,4.5234904,4.499854,4.4931765,4.439563,4.533505,0,0.0,0,1.0,-0.3,6.9,93.1
2023-01-12 10:00:00,121.469585555552,95.585898611112,95.598675883334,21.76481482,4.324,23.683333333333334,2,5.1764362714980825,70.66250196097344,10,3,1,0.4999999999999999,-0.8660254037844387,0.4338837391175582,-0.900968867902419,0.4999999999999999,0.8660254037844387,9.0,6.0,2.208333333333333,14.2,28.1,100.0,90.0,0.2,4.9022293,1.0,1.7,21.67777779,23.5,23.5,23.35,23.0,24.05,-17.44081482,-0.0962962900000015,0.0906666666666664,4.233333333333333,4.511333333333334,21.79876542444445,4.165333333333335,4.533505,4.5234904,4.499854,4.4931765,4.5806017,0,0.0,0,1.0,-0.32,7.2,92.8
2023-01-12 10:15:00,111.515539266664,95.782835216666,95.796168033332,21.67777779,4.511333333333334,24.05,2,5.1764362714980825,70.66250196097344,10,3,1,0.4999999999999999,-0.8660254037844387,0.4338837391175582,-0.900968867902419,0.4999999999999999,0.8660254037844387,13.0,8.5,3.2916666666666665,13.725,28.1,100.0,88.75,0.275,4.9168468,0.75,1.95,21.61481480666667,23.683333333333334,23.5,23.5,23.35,24.466666666666665,-17.166444456666667,-0.0870370300000011,0.187333333333334,4.324,4.785333333333333,21.767901240000004,4.356222222222224,4.5806017,4.533505,4.5234904,4.499854,4.64303,0,0.0,0,1.0,-0.34,7.4,92.6
2023-01-12 10:30:00,113.848501427778,95.824222427778,95.83838856111,21.61481480666667,4.785333333333333,24.466666666666665,2,5.1764362714980825,70.66250196097344,10,3,1,0.4999999999999999,-0.8660254037844387,0.4338837391175582,-0.900968867902419,0.4999999999999999,0.8660254037844387,17.0,11.5,4.708333333333333,13.25,28.1,100.0,87.5,0.35,4.9303546,0.5,2.2,21.60555555,24.05,23.683333333333334,23.5,23.5,24.5,-16.829481473333335,-0.0629629833333318,0.2739999999999991,4.511333333333334,4.966666666666667,21.685802472222225,4.540222222222224,4.64303,4.5806017,4.533505,4.5234904,4.646866,0,0.0,0,1.0,-0.35,7.6,92.4
2023-01-12 10:45:00,136.417320822224,95.706171616666,95.7178378,21.60555555,4.966666666666667,24.5,2,5.1764362714980825,70.66250196097344,10,3,1,0.4999999999999999,-0.8660254037844387,0.4338837391175582,-0.900968867902419,0.4999999999999999,0.8660254037844387,21.0,15.0,6.458333333333333,12.775,28.1,100.0,86.25,0.425,4.942715,0.25,2.45,21.57962965,24.466666666666665,24.05,23.683333333333334,23.5,24.683333333333334,-16.638888883333337,-0.0092592566666667,0.1813333333333338,4.785333333333333,5.152666666666667,21.63271604888889,4.754444444444446,4.646866,4.64303,4.5806017,4.533505,4.6746254,0,0.0,0,1.0,-0.35,7.6,92.4
2023-01-12 11:00:00,127.249354272222,95.875609272222,95.888942088888,21.57962965,5.152666666666667,24.683333333333334,2,5.1764362714980825,70.66250196097344,11,3,1,0.258819045102521,-0.9659258262890682,0.4338837391175582,-0.900968867902419,0.4999999999999999,0.8660254037844387,25.0,19.0,8.541666666666666,12.3,28.1,100.0,85.0,0.5,4.9538903,0.0,2.7,21.57222225,24.5,24.466666666666665,24.05,23.683333333333334,25.0,-16.426962983333333,-0.0259259000000007,0.1859999999999999,4.966666666666667,5.3646666666666665,21.60000000222222,4.9682222222222245,4.6746254,4.646866,4.64303,4.5806017,4.732567,0,0.0,0,1.0,-0.36,7.7,92.3
2023-01-12 11:15:00,114.222930999996,97.165002111112,97.179168244444,21.57222225,5.3646666666666665,25.0,2,5.1764362714980825,70.66250196097344,11,3,1,0.258819045102521,-0.9659258262890682,0.4338837391175582,-0.900968867902419,0.4999999999999999,0.8660254037844387,40.5,25.875,11.895833333333334,12.325,27.200000000000003,100.0,82.25,0.45,4.940862,0.0,3.1500000000000004,21.5555556,24.683333333333334,24.5,24.466666666666665,24.05,25.0,-16.20755558333333,-0.0074074000000017,0.2119999999999997,5.152666666666667,5.674,21.58580248333333,5.161333333333335,4.732567,4.6746254,4.646866,4.64303,4.728008,0,0.0,0,1.0,-0.36,7.7,92.3
2023-01-12 11:30:00,133.246614572214,105.496613316666,105.509390588888,21.5555556,5.674,25.0,2,5.1764362714980825,70.66250196097344,11,3,1,0.258819045102521,-0.9659258262890682,0.4338837391175582,-0.900968867902419,0.4999999999999999,0.8660254037844387,56.0,35.625,16.520833333333332,12.35,26.3,100.0,79.5,0.4,4.9218006,0.0,3.6,21.64444448,25.0,24.683333333333334,24.5,24.466666666666665,25.0,-15.881555600000002,-0.0166666499999976,0.3093333333333339,5.3646666666666665,5.834666666666666,21.56913583333333,5.397111111111113,4.728008,4.732567,4.6746254,4.646866,4.7523746,0,0.0,0,1.0,-0.36,7.7,92.3
2023-01-12 11:45:00,149.235141555552,133.487715827778,133.504104088888,21.64444448,5.834666666666666,25.0,2,5.1764362714980825,70.66250196097344,11,3,1,0.258819045102521,-0.9659258262890682,0.4338837391175582,-0.900968867902419,0.4999999999999999,0.8660254037844387,71.5,48.25,22.416666666666668,12.375,25.4,100.0,76.75,0.35,4.896394,0.0,4.05,21.79074074333333,25.0,25.0,24.683333333333334,24.5,25.0,-15.809777813333334,0.0888888799999989,0.1606666666666658,5.674,5.939333333333334,21.590740776666667,5.624444444444446,4.7523746,4.728008,4.732567,4.6746254,4.7927146,0,0.0,0,1.0,-0.34,7.4,92.6
2023-01-12 12:00:00,155.576832294442,128.121541633332,128.13931880555,21.79074074333333,5.939333333333334,25.0,2,5.1764362714980825,70.66250196097344,12,3,1,1.2246467991473532e-16,-1.0,0.4338837391175582,-0.900968867902419,0.4999999999999999,0.8660254037844387,87.0,63.75,29.58333333333333,12.4,24.5,100.0,74.0,0.3,4.8643184,0.0,4.5,21.91666663,25.0,25.0,25.0,24.683333333333334,25.0,-15.85140741,0.1462962633333333,0.1046666666666675,5.834666666666666,6.194,21.663580274444445,5.8160000000000025,4.7927146,4.7523746,4.728008,4.732567,4.8276753,0,0.0,0,1.0,-0.31,7.0,93.0
2023-01-12 12:15:00,169.186287927774,124.9716676,124.986944805554,21.91666663,6.194,25.0,2,5.1764362714980825,70.66250196097344,12,3,1,1.2246467991473532e-16,-1.0,0.4338837391175582,-0.900968867902419,0.4999999999999999,0.8660254037844387,87.5,75.5,36.625,14.075,28.175,100.0,74.25,0.525,4.937717,0.0,4.675,21.975925906666664,25.0,25.0,25.0,25.0,25.183333333333334,-15.722666630000004,0.1259258866666677,0.2546666666666661,5.939333333333334,6.373333333333333,21.783950617777776,5.989333333333335,4.8276753,4.7927146,4.7523746,4.728008,4.8797264,0,0.0,0,1.0,-0.28,6.6,93.4
2023-01-12 12:30:00,116.107300205546,96.200596272222,96.21420686111,21.975925906666664,6.373333333333333,25.183333333333334,2,5.1764362714980825,70.66250196097344,12,3,1,1.2246467991473532e-16,-1.0,0.4338837391175582,-0.900968867902419,0.4999999999999999,0.8660254037844387,88.0,83.5,43.54166666666666,15.75,31.85,100.0,74.5,0.75,5.012082,0.0,4.85,21.86666663,25.0,25.0,25.0,25.0,25.5,-15.60259257333333,0.0592592766666619,0.1793333333333331,6.194,6.52,21.894444426666663,6.16888888888889,4.8797264,4.8276753,4.7927146,4.7523746,4.910043,0,0.0,0,1.0,-0.26,6.5,93.5
2023-01-12 12:45:00,112.886317849994,97.200556288888,97.215277966664,21.86666663,6.52,25.5,2,5.1764362714980825,70.66250196097344,12,3,1,1.2246467991473532e-16,-1.0,0.4338837391175582,-0.900968867902419,0.4999999999999999,0.8660254037844387,88.5,87.75,50.333333333333336,17.425,35.525,100.0,74.75,0.975,5.0874233,0.0,5.025,21.81296295,25.183333333333334,25.0,25.0,25.0,25.5,-15.34666663,-0.1092592766666626,0.1466666666666665,6.373333333333333,6.616,21.91975305555556,6.362444444444446,4.910043,4.8797264,4.8276753,4.7927146,4.894845,0,0.0,0,1.0,-0.29,6.7,93.3
2023-01-12 13:00:00,123.654498138886,95.942551027778,95.954772755556,21.81296295,6.616,25.5,2,5.1764362714980825,70.66250196097344,13,3,1,-0.2588190451025208,-0.9659258262890684,0.4338837391175582,-0.900968867902419,0.4999999999999999,0.8660254037844387,89.0,88.25,57.0,19.1,39.2,100.0,75.0,1.2,5.1637535,0.0,5.2,21.7777778,25.5,25.183333333333334,25.0,25.0,25.85,-15.19696295,-0.0537036800000017,0.096,6.52,6.779333333333333,21.885185162222218,6.503111111111113,4.894845,4.910043,4.8797264,4.8276753,4.95196,0,0.0,0,1.0,-0.3,6.9,93.1
2023-01-12 13:15:00,121.758462816666,96.858347711112,96.871124983334,21.7777778,6.779333333333333,25.85,2,5.1764362714980825,70.66250196097344,13,3,1,-0.2588190451025208,-0.9659258262890684,0.4338837391175582,-0.900968867902419,0.4999999999999999,0.8660254037844387,118.25,95.9375,65.77083333333333,18.35,40.2,100.0,74.25,1.325,5.2055993,0.0,5.475,21.757407413333333,25.5,25.5,25.183333333333334,25.0,26.0,-14.998444466666664,-0.0351851500000002,0.1633333333333331,6.616,6.820666666666667,21.81913579333333,6.6384444444444455,4.95196,4.894845,4.910043,4.8797264,4.974837,0,0.0,0,1.0,-0.31,6.9,93.1
2023-01-12 13:30:00,127.244632394438,95.736170416666,95.749781005554,21.757407413333333,6.820666666666667,26.0,2,5.1764362714980825,70.66250196097344,13,3,1,-0.2588190451025208,-0.9659258262890684,0.4338837391175582,-0.900968867902419,0.4999999999999999,0.8660254037844387,147.5,110.8125,76.64583333333333,17.6,41.2,100.0,73.5,1.45,5.2470336,0.0,5.75,21.71666665,25.85,25.5,25.5,25.183333333333334,26.05,-14.936740746666665,-0.0203703866666664,0.0413333333333341,6.779333333333333,6.752,21.78271605444445,6.738666666666668,4.974837,4.95196,4.894845,4.910043,4.9726872,0,0.0,0,1.0,-0.31,7.0,93.0
2023-01-12 13:45:00,115.504546399996,81.132865672222,81.143976377776,21.71666665,6.752,26.05,2,5.1764362714980825,70.66250196097344,13,3,1,-0.2588190451025208,-0.9659258262890684,0.4338837391175582,-0.900968867902419,0.4999999999999999,0.8660254037844387,176.75,132.875,89.625,16.85,42.2,100.0,72.75,1.575,5.2880287,0.0,6.025,21.670370400000003,26.0,25.85,25.5,25.5,26.466666666666665,-14.964666650000002,-0.0407407633333321,-0.0686666666666671,6.820666666666667,6.704,21.750617287777786,6.784000000000002,4.9726872,4.974837,4.95196,4.894845,5.038726,0,0.0,0,1.0,-0.32,7.1,92.9
2023-01-12 14:00:00,134.362958733328,116.570614755556,116.586447505554,21.670370400000003,6.704,26.466666666666665,2,5.1764362714980825,70.66250196097344,14,3,1,-0.4999999999999997,-0.8660254037844388,0.4338837391175582,-0.900968867902419,0.4999999999999999,0.8660254037844387,206.0,162.125,104.70833333333331,16.1,43.2,100.0,72.0,1.7,5.32856,0.0,6.3,21.69444444,26.05,26.0,25.85,25.5,26.6,-14.966370400000002,-0.0462962499999974,-0.048,6.752,6.432666666666666,21.71481482111112,6.75888888888889,5.038726,4.9726872,4.974837,4.95196,5.07116,0,0.0,0,1.0,-0.33,7.2,92.8
2023-01-12 14:15:00,138.801669927778,120.017143572222,120.035198433332,21.69444444,6.432666666666666,26.6,2,5.1764362714980825,70.66250196097344,14,3,1,-0.4999999999999997,-0.8660254037844388,0.4338837391175582,-0.900968867902419,0.4999999999999999,0.8660254037844387,205.25,183.875,118.4375,15.5,41.125,100.0,71.75,1.75,5.3623514,0.025,6.45,21.55740738333333,26.466666666666665,26.05,26.0,25.85,27.433333333333334,-15.261777773333332,0.024074039999995,-0.2713333333333336,6.704,6.3133333333333335,21.69382716333333,6.629555555555556,5.07116,5.038726,4.9726872,4.974837,5.188756,0,0.0,0,1.0,-0.32,7.1,92.9
2023-01-12 14:30:00,170.39623946111,133.976029611112,133.997139883334,21.55740738333333,6.3133333333333335,27.433333333333334,2,5.1764362714980825,70.66250196097344,14,3,1,-0.4999999999999997,-0.8660254037844388,0.4338837391175582,-0.900968867902419,0.4999999999999999,0.8660254037844387,204.5,198.125,130.8125,14.9,39.05,100.0,71.5,1.7999999999999998,5.396229,0.05,6.6,21.5111111,26.6,26.466666666666665,26.05,26.0,27.45,-15.244074050000002,-0.1370370566666636,-0.1193333333333326,6.432666666666666,6.426666666666667,21.640740741111117,6.483333333333334,5.188756,5.07116,5.038726,4.9726872,5.178019,0,0.0,0,1.0,-0.35,7.5,92.5
2023-01-12 14:45:00,256.852781094442,216.785494916666,216.814104938886,21.5111111,6.426666666666667,27.45,2,5.1764362714980825,70.66250196097344,14,3,1,-0.4999999999999997,-0.8660254037844388,0.4338837391175582,-0.900968867902419,0.4999999999999999,0.8660254037844387,203.75,204.875,141.83333333333334,14.3,36.975,100.0,71.25,1.85,5.4301867,0.075,6.75,21.84074075333333,27.433333333333334,26.6,26.466666666666665,26.05,26.85,-15.084444433333337,-0.0462962833333335,0.1133333333333332,6.3133333333333335,6.507333333333333,21.58765430777778,6.390888888888891,5.178019,5.188756,5.07116,5.038726,5.162256,0,0.0,0,1.0,-0.36,7.7,92.3
2023-01-12 15:00:00,273.380175538886,241.305347383334,241.338123855556,21.84074075333333,6.507333333333333,26.85,2,5.1764362714980825,70.66250196097344,15,3,1,-0.7071067811865471,-0.7071067811865479,0.4338837391175582,-0.900968867902419,0.4999999999999999,0.8660254037844387,203.0,204.125,151.5,13.7,34.9,100.0,71.0,1.9,5.464226,0.1,6.9,22.16666665,27.45,27.433333333333334,26.6,26.466666666666665,26.5,-15.33340742,0.3296296533333311,0.0806666666666666,6.426666666666667,6.576666666666666,21.63641974555556,6.415777777777779,5.162256,5.178019,5.188756,5.07116,5.1916,0,0.0,0,1.0,-0.29,6.7,93.3
2023-01-12 15:15:00,251.781595033332,221.571414572222,221.60085786111,22.16666665,6.576666666666666,26.5,2,5.1764362714980825,70.66250196097344,15,3,1,-0.7071067811865471,-0.7071067811865479,0.4338837391175582,-0.900968867902419,0.4999999999999999,0.8660254037844387,163.5,193.6875,157.83333333333334,13.15,33.55,100.0,73.75,2.075,5.538875,0.175,6.525,22.34629628,26.85,27.45,27.433333333333334,26.6,26.5,-15.589999983333334,0.3259258966666678,0.0693333333333328,6.507333333333333,6.512,21.83950616777778,6.5035555555555575,5.1916,5.162256,5.178019,5.188756,5.2455344,0,0.0,0,1.0,-0.21,5.9,94.1
2023-01-12 15:30:00,254.43760000555,228.801958688888,228.833068594442,22.34629628,6.512,26.5,2,5.1764362714980825,70.66250196097344,15,3,1,-0.7071067811865471,-0.7071067811865479,0.4338837391175582,-0.900968867902419,0.4999999999999999,0.8660254037844387,124.0,173.5625,160.83333333333334,12.6,32.2,100.0,76.5,2.25,5.606314,0.25,6.15,22.47777778,26.5,26.85,27.45,27.433333333333334,26.5,-15.83429628,0.1796296300000008,-0.0646666666666666,6.576666666666666,6.533333333333333,22.11790122777778,6.532000000000001,5.2455344,5.1916,5.162256,5.178019,5.2853174,0,0.0,0,1.0,-0.17,5.6,94.4
2023-01-12 15:45:00,257.094438027778,234.482564772222,234.513119149998,22.47777778,6.533333333333333,26.5,2,5.1764362714980825,70.66250196097344,15,3,1,-0.7071067811865471,-0.7071067811865479,0.4338837391175582,-0.900968867902419,0.4999999999999999,0.8660254037844387,84.5,143.75,160.5,12.05,30.85,100.0,79.25,2.425,5.6668105,0.325,5.775,22.62407408,26.5,26.5,26.85,27.45,26.316666666666663,-15.944444446666669,0.1314814999999995,0.0213333333333336,6.512,6.642,22.33024690333333,6.540666666666668,5.2853174,5.2455344,5.1916,5.162256,5.293017,0,0.0,0,1.0,-0.14,5.4,94.6
2023-01-12 16:00:00,268.122608049998,222.4652677,222.493322177776,22.62407408,6.642,26.316666666666663,2,5.1764362714980825,70.66250196097344,16,3,1,-0.8660254037844385,-0.5000000000000004,0.4338837391175582,-0.900968867902419,0.4999999999999999,0.8660254037844387,45.0,104.25,156.83333333333334,11.5,29.5,100.0,82.0,2.6,5.7206264,0.4,5.4,22.74444447,26.5,26.5,26.5,26.85,26.35,-15.98207408,0.1462962999999995,0.1086666666666662,6.533333333333333,6.722666666666667,22.482716046666667,6.562444444444446,5.293017,5.2853174,5.2455344,5.1916,5.3364305,0,0.0,0,1.0,-0.11,5.2,94.8
2023-01-12 16:15:00,264.079158677776,223.1969051,223.225237366664,22.74444447,6.722666666666667,26.35,2,5.1764362714980825,70.66250196097344,16,3,1,-0.8660254037844385,-0.5000000000000004,0.4338837391175582,-0.900968867902419,0.4999999999999999,0.8660254037844387,39.5,73.25,150.27083333333334,11.35,27.35,100.0,86.25,2.3,5.641406,0.35,4.425000000000001,22.79814815,26.316666666666663,26.5,26.5,26.5,26.5,-16.021777803333336,0.1203703900000014,0.0806666666666675,6.642,6.6273333333333335,22.61543211,6.632666666666668,5.3364305,5.293017,5.2853174,5.2455344,5.383351,0,0.0,0,1.0,-0.08,5.1,94.9
2023-01-12 16:30:00,245.482402594442,223.7185509,223.747438694442,22.79814815,6.6273333333333335,26.5,2,5.1764362714980825,70.66250196097344,16,3,1,-0.8660254037844385,-0.5000000000000004,0.4338837391175582,-0.900968867902419,0.4999999999999999,0.8660254037844387,34.0,50.75,140.8125,11.2,25.2,100.0,90.5,2.0,5.5468645,0.3,3.45,22.87777777,26.35,26.316666666666663,26.5,26.5,26.5,-16.170814816666667,0.0537036799999981,-0.0953333333333334,6.722666666666667,6.569999999999999,22.722222233333337,6.6640000000000015,5.383351,5.3364305,5.293017,5.2853174,5.40796,0,0.0,0,1.0,-0.06,5.1,94.9
2023-01-12 16:45:00,250.525812099992,221.87418026111,221.903623616662,22.87777777,6.569999999999999,26.5,2,5.1764362714980825,70.66250196097344,16,3,1,-0.8660254037844385,-0.5000000000000004,0.4338837391175582,-0.900968867902419,0.4999999999999999,0.8660254037844387,28.5,36.75,128.45833333333334,11.05,23.05,100.0,94.75,1.7,5.4389925,0.25,2.475,22.9407407,26.5,26.35,26.316666666666663,26.5,26.5,-16.30777777,0.0796296200000021,-0.0573333333333341,6.6273333333333335,6.652666666666667,22.80679013,6.6400000000000015,5.40796,5.383351,5.3364305,5.293017,5.427488,0,0.0,0,1.0,-0.05,5.0,95.0
2023-01-12 17:00:00,221.96139902222,194.21584213889,194.240563383334,22.9407407,6.652666666666667,26.5,2,5.1764362714980825,70.66250196097344,17,3,1,-0.9659258262890684,-0.2588190451025206,0.4338837391175582,-0.900968867902419,0.4999999999999999,0.8660254037844387,23.0,31.25,113.20833333333331,10.9,20.9,100.0,99.0,1.4,5.31963,0.2,1.5,22.85555552,26.5,26.5,26.35,26.316666666666663,26.55,-16.28807403333333,0.0629629299999976,0.0826666666666673,6.569999999999999,6.606,22.872222206666667,6.616666666666668,5.427488,5.40796,5.383351,5.3364305,5.411273,0,0.0,0,1.0,-0.03,5.0,95.0
2023-01-12 17:15:00,189.932402466664,153.741072344444,153.760793788888,22.85555552,6.606,26.55,2,5.1764362714980825,70.66250196097344,17,3,1,-0.9659258262890684,-0.2588190451025206,0.4338837391175582,-0.900968867902419,0.4999999999999999,0.8660254037844387,18.0,25.875,97.60416666666669,10.225,19.725,100.0,99.0,1.5499999999999998,5.3741655,0.275,1.65,22.688888870000003,26.5,26.5,26.5,26.35,26.966666666666665,-16.24955552,-0.0851851799999998,-0.0466666666666668,6.652666666666667,6.496,22.89135799666667,6.6095555555555565,5.411273,5.427488,5.40796,5.383351,5.4439516,0,0.0,0,1.0,-0.05,5.1,94.9
2023-01-12 17:30:00,181.617735033332,138.507237288888,138.52556992222,22.688888870000003,6.496,26.966666666666665,2,5.1764362714980825,70.66250196097344,17,3,1,-0.9659258262890684,-0.2588190451025206,0.4338837391175582,-0.900968867902419,0.4999999999999999,0.8660254037844387,13.0,20.625,81.64583333333333,9.55,18.55,100.0,99.0,1.7,5.4291906,0.35,1.8,22.51111111,26.55,26.5,26.5,26.5,27.05,-16.192888870000004,-0.1666666499999962,-0.1100000000000003,6.606,6.395333333333332,22.82839503,6.584888888888891,5.4439516,5.411273,5.427488,5.40796,5.405351,0,0.0,0,1.0,-0.09,5.2,94.8
2023-01-12 17:45:00,128.426529433332,97.700536272222,97.713869088888,22.51111111,6.395333333333332,27.05,2,5.1764362714980825,70.66250196097344,17,3,1,-0.9659258262890684,-0.2588190451025206,0.4338837391175582,-0.900968867902419,0.4999999999999999,0.8660254037844387,8.0,15.5,65.33333333333333,8.875,17.375,100.0,99.0,1.85,5.484708,0.425,1.95,22.23148149,26.966666666666665,26.55,26.5,26.5,27.65,-16.11577777666667,-0.1777777600000014,-0.1006666666666671,6.496,6.3053333333333335,22.68518516666667,6.499111111111112,5.405351,5.4439516,5.411273,5.427488,5.437143,0,0.0,0,1.0,-0.13,5.3,94.7
2023-01-12 18:00:00,99.530740827778,77.816331672222,77.828831172222,22.23148149,6.3053333333333335,27.65,2,5.1764362714980825,70.66250196097344,18,3,1,-1.0,-1.8369701987210294e-16,0.4338837391175582,-0.900968867902419,0.4999999999999999,0.8660254037844387,3.0,10.5,48.66666666666666,8.2,16.2,100.0,99.0,2.0,5.540724,0.5,2.1,21.98888886,27.05,26.966666666666665,26.55,26.5,28.05,-15.926148156666668,-0.2796296200000014,-0.0899999999999989,6.395333333333332,6.0633333333333335,22.477160490000003,6.398888888888891,5.437143,5.405351,5.4439516,5.411273,5.4392586,0,0.0,0,1.0,-0.19,5.7,94.3
2023-01-12 18:15:00,150.689527727778,124.061148455556,124.078370049998,21.98888886,6.0633333333333335,28.05,2,5.1764362714980825,70.66250196097344,18,3,1,-1.0,-1.8369701987210294e-16,0.4338837391175582,-0.900968867902419,0.4999999999999999,0.8660254037844387,2.25,6.5625,35.229166666666664,7.875,16.65,100.0,99.25,2.225,5.630371,0.875,2.3,21.97407407333333,27.65,27.05,26.966666666666665,26.55,28.28333333333333,-15.925555526666669,-0.2425926300000007,-0.242,6.3053333333333335,5.574,22.24382715333333,6.254666666666669,5.4392586,5.437143,5.405351,5.4439516,5.4798236,0,0.0,0,1.0,-0.24,6.2,93.8
2023-01-12 18:30:00,222.602762216666,182.3643718,182.38659316111,21.97407407333333,5.574,28.28333333333333,2,5.1764362714980825,70.66250196097344,18,3,1,-1.0,-1.8369701987210294e-16,0.4338837391175582,-0.900968867902419,0.4999999999999999,0.8660254037844387,1.5,3.6875,25.02083333333333,7.55,17.1,100.0,99.5,2.45,5.721303,1.25,2.5,22.22777779,28.05,27.65,27.05,26.966666666666665,28.0,-16.400074073333336,-0.0148147866666654,-0.4893333333333336,6.0633333333333335,4.804,22.06481480777778,5.980888888888891,5.4798236,5.4392586,5.437143,5.405351,5.504794,0,0.0,0,1.0,-0.25,6.2,93.8
2023-01-12 18:45:00,182.662693216666,145.365574027778,145.38390666111,22.22777779,4.804,28.0,2,5.1764362714980825,70.66250196097344,18,3,1,-1.0,-1.8369701987210294e-16,0.4338837391175582,-0.900968867902419,0.4999999999999999,0.8660254037844387,0.75,1.875,18.041666666666668,7.225,17.55,100.0,99.75,2.675,5.813536,1.625,2.7,22.257407413333333,28.28333333333333,28.05,27.65,27.05,28.0,-17.423777790000003,0.2537037166666671,-0.7699999999999996,5.574,4.289333333333333,22.06358024111111,5.480444444444447,5.504794,5.4798236,5.4392586,5.437143,5.514187,0,0.0,0,1.0,-0.19,5.7,94.3
2023-01-12 19:00:00,147.326606749998,116.02980303889,116.046746877776,22.257407413333333,4.289333333333333,28.0,2,5.1764362714980825,70.66250196097344,19,3,1,-0.9659258262890684,0.2588190451025203,0.4338837391175582,-0.900968867902419,0.4999999999999999,0.8660254037844387,0.0,1.125,14.291666666666666,6.9,18.0,100.0,100.0,2.9,5.907086,2.0,2.9,22.15555554,28.0,28.28333333333333,28.05,27.65,28.0,-17.96807408,0.0296296233333315,-0.5146666666666668,4.804,4.172,22.15308642555556,4.889111111111113,5.514187,5.504794,5.4798236,5.4392586,5.4819565,0,0.0,0,1.0,-0.18,5.7,94.3
2023-01-12 19:15:00,208.76081598333,178.592578227778,178.615355116666,22.15555554,4.172,28.0,2,5.1764362714980825,70.66250196097344,19,3,1,-0.9659258262890684,0.2588190451025203,0.4338837391175582,-0.900968867902419,0.4999999999999999,0.8660254037844387,0.0,0.5625,11.0,7.275,16.825,100.0,100.0,2.4,5.7113724,2.1,2.4,22.275925916666665,28.0,28.0,28.28333333333333,28.05,27.816666666666663,-17.98355554,-0.1018518733333309,-0.1173333333333337,4.289333333333333,4.142666666666667,22.21358024777778,4.42177777777778,5.4819565,5.514187,5.504794,5.4798236,5.483922,0,0.0,0,1.0,-0.2,5.9,94.1
2023-01-12 19:30:00,220.780890644444,198.993151055556,199.01731673889,22.275925916666665,4.142666666666667,27.816666666666663,2,5.1764362714980825,70.66250196097344,19,3,1,-0.9659258262890684,0.2588190451025203,0.4338837391175582,-0.900968867902419,0.4999999999999999,0.8660254037844387,0.0,0.1875,8.166666666666666,7.65,15.65,100.0,100.0,1.9,5.5213614,2.2,1.9,22.47777778,28.0,28.0,28.0,28.28333333333333,27.5,-18.13325925,0.1203703766666635,-0.0293333333333327,4.172,4.174,22.22962962333333,4.201333333333335,5.483922,5.4819565,5.514187,5.504794,5.4847636,0,0.0,0,1.0,-0.18,5.7,94.3
2023-01-12 19:45:00,232.81540917778,200.182547911112,200.207824683334,22.47777778,4.174,27.5,2,5.1764362714980825,70.66250196097344,19,3,1,-0.9659258262890684,0.2588190451025203,0.4338837391175582,-0.900968867902419,0.4999999999999999,0.8660254037844387,0.0,0.0,5.791666666666667,8.025,14.475,100.0,100.0,1.4,5.3369126,2.3,1.4,22.62407408,27.816666666666663,28.0,28.0,28.0,27.5,-18.30377778,0.201851863333335,0.0313333333333334,4.142666666666667,4.099333333333333,22.303086412222225,4.16288888888889,5.4847636,5.483922,5.4819565,5.514187,5.5310187,0,0.0,0,1.0,-0.13,5.4,94.6
2023-01-12 20:00:00,247.872862372226,200.6878055,200.711971216666,22.62407408,4.099333333333333,27.5,2,5.1764362714980825,70.66250196097344,20,3,1,-0.8660254037844386,0.5000000000000001,0.4338837391175582,-0.900968867902419,0.4999999999999999,0.8660254037844387,0.0,0.0,3.875,8.4,13.3,100.0,100.0,0.9,5.157887,2.4,0.9,22.71111111,27.5,27.816666666666663,28.0,28.0,27.15,-18.524740746666662,0.1462962999999995,-0.0746666666666673,4.174,3.939333333333333,22.45925925888889,4.138666666666668,5.5310187,5.4847636,5.483922,5.4819565,5.48795,0,0.0,0,1.0,-0.1,5.2,94.8
2023-01-12 20:15:00,231.435742133336,200.888075272222,200.91140763889,22.71111111,3.939333333333333,27.15,2,5.1764362714980825,70.66250196097344,20,3,1,-0.8660254037844386,0.5000000000000001,0.4338837391175582,-0.900968867902419,0.4999999999999999,0.8660254037844387,0.0,0.0,2.375,8.025,12.95,100.0,100.0,0.85,5.1402774,1.9,0.85,22.774074093333333,27.5,27.5,27.816666666666663,28.0,27.0,-18.771777776666667,0.0870370300000011,-0.1599999999999997,4.099333333333333,3.832,22.60432099,4.0708888888888906,5.48795,5.5310187,5.4847636,5.483922,5.477363,0,0.0,0,1.0,-0.08,5.1,94.9
2023-01-12 20:30:00,224.687401011112,200.582809683334,200.608364227778,22.774074093333333,3.832,27.0,2,5.1764362714980825,70.66250196097344,20,3,1,-0.8660254037844386,0.5000000000000001,0.4338837391175582,-0.900968867902419,0.4999999999999999,0.8660254037844387,0.0,0.0,1.2916666666666667,7.65,12.6,100.0,100.0,0.8,5.1227207,1.4,0.8,22.80555554,27.15,27.5,27.5,27.816666666666663,27.0,-18.94207409333333,0.0629629833333318,-0.107333333333333,3.939333333333333,3.814666666666666,22.70308642777778,3.9568888888888902,5.477363,5.48795,5.5310187,5.4847636,5.4872527,0,0.0,0,1.0,-0.07,5.1,94.9
2023-01-12 20:45:00,176.259893805554,143.917854188888,143.936464594442,22.80555554,3.814666666666666,27.0,2,5.1764362714980825,70.66250196097344,20,3,1,-0.8660254037844386,0.5000000000000001,0.4338837391175582,-0.900968867902419,0.4999999999999999,0.8660254037844387,0.0,0.0,0.625,7.275,12.25,100.0,100.0,0.75,5.105216,0.8999999999999999,0.75,22.648148133333333,27.0,27.15,27.5,27.5,27.183333333333334,-18.990888873333333,0.0314814466666675,-0.0173333333333336,3.832,3.810666666666666,22.76358024777778,3.862000000000002,5.4872527,5.477363,5.48795,5.5310187,5.474885,0,0.0,0,1.0,-0.06,5.1,94.9
2023-01-12 21:00:00,120.76822466111,95.106195583334,95.120917244444,22.648148133333333,3.810666666666666,27.183333333333334,2,5.1764362714980825,70.66250196097344,21,3,1,-0.7071067811865477,0.7071067811865474,0.4338837391175582,-0.900968867902419,0.4999999999999999,0.8660254037844387,0.0,0.0,0.375,6.9,11.9,100.0,100.0,0.7,5.0877643,0.4,0.7,22.327777790000003,27.0,27.0,27.15,27.5,27.5,-18.837481466666667,-0.1574074066666675,-0.004,3.814666666666666,3.8546666666666662,22.742592588888886,3.8191111111111127,5.474885,5.4872527,5.477363,5.48795,5.437685,0,0.0,0,1.0,-0.1,5.2,94.8
2023-01-12 21:15:00,135.590965161106,96.24309453889,96.256149583334,22.327777790000003,3.8546666666666662,27.5,2,5.1764362714980825,70.66250196097344,21,3,1,-0.7071067811865477,0.7071067811865474,0.4338837391175582,-0.900968867902419,0.4999999999999999,0.8660254037844387,0.0,0.0,0.1875,6.425000000000001,11.525,100.0,99.75,0.7,5.0837426,0.55,0.725,22.10185186333333,27.183333333333334,27.0,27.0,27.15,27.683333333333334,-18.473111123333336,-0.3203703433333302,0.044,3.810666666666666,3.84,22.593827154444444,3.826666666666669,5.437685,5.474885,5.4872527,5.477363,5.403219,0,0.0,0,1.0,-0.17,5.6,94.4
2023-01-12 21:30:00,167.072483549998,122.2984412,122.31399616111,22.10185186333333,3.84,27.683333333333334,2,5.1764362714980825,70.66250196097344,21,3,1,-0.7071067811865477,0.7071067811865474,0.4338837391175582,-0.900968867902419,0.4999999999999999,0.8660254037844387,0.0,0.0,0.0625,5.95,11.15,100.0,99.5,0.7,5.07969,0.7,0.75,22.0888889,27.5,27.183333333333334,27.0,27.0,27.95,-18.26185186333333,-0.2259259266666724,-0.0146666666666663,3.8546666666666662,3.8546666666666662,22.359259262222224,3.835111111111113,5.403219,5.437685,5.474885,5.4872527,5.451195,0,0.0,0,1.0,-0.22,6.0,94.0
2023-01-12 21:45:00,150.645362994438,128.797625655556,128.814569477776,22.0888889,3.8546666666666662,27.95,2,5.1764362714980825,70.66250196097344,21,3,1,-0.7071067811865477,0.7071067811865474,0.4338837391175582,-0.900968867902419,0.4999999999999999,0.8660254037844387,0.0,0.0,0.0,5.475,10.775,100.0,99.25,0.7,5.0756073,0.8500000000000001,0.775,22.0592593,27.683333333333334,27.5,27.183333333333334,27.0,27.53333333333333,-18.23422223333333,-0.012962963333333,0.0146666666666663,3.84,3.8546666666666662,22.172839517777778,3.84977777777778,5.451195,5.403219,5.437685,5.474885,5.36077,0,0.0,0,1.0,-0.22,6.0,94.0
2023-01-12 22:00:00,156.37291163332802,133.037733844444,133.056066494442,22.0592593,3.8546666666666662,27.53333333333333,2,5.1764362714980825,70.66250196097344,22,3,1,-0.5000000000000004,0.8660254037844384,0.4338837391175582,-0.900968867902419,0.4999999999999999,0.8660254037844387,0.0,0.0,0.0,5.0,10.4,100.0,99.0,0.7,5.071494,1.0,0.8,22.14444448,27.95,27.683333333333334,27.5,27.183333333333334,27.5,-18.20459263333333,-0.0296295999999962,0.0,3.8546666666666662,3.81,22.083333354444445,3.84977777777778,5.36077,5.451195,5.403219,5.437685,5.380621,0,0.0,0,1.0,-0.23,6.1,93.9
2023-01-12 22:15:00,212.6956585,179.390046311112,179.412545427778,22.14444448,3.81,27.5,2,5.1764362714980825,70.66250196097344,22,3,1,-0.5000000000000004,0.8660254037844384,0.4338837391175582,-0.900968867902419,0.4999999999999999,0.8660254037844387,0.0,0.0,0.0,5.025,9.875,100.0,99.25,0.8,5.119203,1.05,0.9,22.33148148,27.53333333333333,27.95,27.683333333333334,27.5,27.5,-18.33444448,0.0851851799999998,-0.0446666666666666,3.8546666666666662,3.8386666666666662,22.09753089333333,3.83977777777778,5.380621,5.36077,5.451195,5.403219,5.4388433,0,0.0,0,1.0,-0.21,5.9,94.1
2023-01-12 22:30:00,233.750927322224,195.422738344444,195.446626288888,22.33148148,3.8386666666666662,27.5,2,5.1764362714980825,70.66250196097344,22,3,1,-0.5000000000000004,0.8660254037844384,0.4338837391175582,-0.900968867902419,0.4999999999999999,0.8660254037844387,0.0,0.0,0.0,5.05,9.35,100.0,99.5,0.9,5.1672983,1.1,1.0,22.533333350000003,27.5,27.53333333333333,27.95,27.683333333333334,27.45,-18.49281481333333,0.1870369999999965,0.0286666666666666,3.81,3.9653333333333336,22.178395086666665,3.834444444444447,5.4388433,5.380621,5.36077,5.451195,5.492286,0,0.0,0,1.0,-0.17,5.6,94.4
2023-01-12 22:45:00,237.489111022228,199.960334616666,199.984778072222,22.533333350000003,3.9653333333333336,27.45,2,5.1764362714980825,70.66250196097344,22,3,1,-0.5000000000000004,0.8660254037844384,0.4338837391175582,-0.900968867902419,0.4999999999999999,0.8660254037844387,0.0,0.0,0.0,5.074999999999999,8.825000000000001,100.0,99.75,1.0,5.215782,1.15,1.1,22.67962964333333,27.5,27.5,27.53333333333333,27.95,27.03333333333333,-18.56800001666667,0.2018518700000058,0.1266666666666669,3.8386666666666662,3.9133333333333336,22.336419770000003,3.871333333333336,5.492286,5.4388433,5.380621,5.36077,5.4545135,0,0.0,0,1.0,-0.12,5.3,94.7
2023-01-12 23:00:00,235.058930566668,200.636974216666,200.662250988888,22.67962964333333,3.9133333333333336,27.03333333333333,2,5.1764362714980825,70.66250196097344,23,3,1,-0.2588190451025215,0.965925826289068,0.4338837391175582,-0.900968867902419,0.4999999999999999,0.8660254037844387,0.0,0.0,0.0,5.1,8.3,100.0,100.0,1.1,5.2646585,1.2,1.2,22.76666667,27.45,27.5,27.5,27.53333333333333,27.0,-18.76629631,0.1462962933333287,-0.052,3.9653333333333336,3.91,22.514814824444443,3.90577777777778,5.4545135,5.492286,5.4388433,5.380621,5.4750385,0,0.0,0,1.0,-0.09,5.2,94.8
2023-01-12 23:15:00,221.586136100004,199.827562127778,199.853672216666,22.76666667,3.91,27.0,2,5.1764362714980825,70.66250196097344,23,3,1,-0.2588190451025215,0.965925826289068,0.4338837391175582,-0.900968867902419,0.4999999999999999,0.8660254037844387,0.0,0.0,0.0,5.275,9.2,100.0,100.0,1.15,5.2736435,1.375,1.225,22.849999986666667,27.03333333333333,27.45,27.5,27.5,27.0,-18.85666667,0.0870370266666675,-0.0033333333333338,3.9133333333333336,3.938,22.65987655444445,3.929555555555557,5.4750385,5.4545135,5.492286,5.4388433,5.5012407,0,0.0,0,1.0,-0.07,5.1,94.9
2023-01-12 23:30:00,200.548088822224,177.584007455556,177.606784344444,22.849999986666667,3.938,27.0,2,5.1764362714980825,70.66250196097344,23,3,1,-0.2588190451025215,0.965925826289068,0.4338837391175582,-0.900968867902419,0.4999999999999999,0.8660254037844387,0.0,0.0,0.0,5.449999999999999,10.1,100.0,100.0,1.2000000000000002,5.282641,1.5499999999999998,1.25,22.78888891,27.0,27.03333333333333,27.45,27.5,27.05,-18.911999986666668,0.0833333166666676,0.0280000000000004,3.91,3.9493333333333336,22.7654321,3.920444444444446,5.5012407,5.4750385,5.4545135,5.492286,5.492167,0,0.0,0,1.0,-0.05,5.1,94.9
2023-01-12 23:45:00,159.363903088884,108.695374227778,108.710095905554,22.78888891,3.9493333333333336,27.05,2,5.1764362714980825,70.66250196097344,23,3,1,-0.2588190451025215,0.965925826289068,0.4338837391175582,-0.900968867902419,0.4999999999999999,0.8660254037844387,0.0,0.0,0.0,5.625,11.0,100.0,100.0,1.25,5.2916527,1.725,1.275,22.488888903333336,27.0,27.0,27.03333333333333,27.45,27.466666666666665,-18.83955557666667,-0.0611110766666662,0.0113333333333334,3.938,3.91,22.80185185555556,3.932444444444446,5.492167,5.5012407,5.4750385,5.4545135,5.4816136,0,0.0,0,1.0,-0.06,5.1,94.9
2023-01-13 00:00:00,206.29424798333,79.979300716666,79.991800216666,22.488888903333336,3.91,27.466666666666665,2,5.1764362714980825,70.66250196097344,0,4,1,0.0,1.0,-0.433883739117558,-0.9009688679024191,0.4999999999999999,0.8660254037844387,0.0,0.0,0.0,5.8,11.9,100.0,100.0,1.3,5.300678,1.9,1.3,22.20000001,27.05,27.0,27.0,27.03333333333333,27.85,-18.578888903333336,-0.3000000066666644,-0.0393333333333338,3.9493333333333336,3.956,22.709259266666667,3.932444444444446,5.4816136,5.492167,5.5012407,5.4750385,5.4665575,0,0.0,0,1.0,-0.13,5.4,94.6
2023-01-13 00:15:00,314.046048855552,85.7232376,85.738237033332,22.20000001,3.956,27.85,2,5.1764362714980825,70.66250196097344,0,4,1,0.0,1.0,-0.433883739117558,-0.9009688679024191,0.4999999999999999,0.8660254037844387,0.0,0.0,0.0,6.25,12.425,100.0,100.0,1.25,5.282641,1.85,1.25,22.0314815,27.466666666666665,27.05,27.0,27.0,28.0,-18.24400001,-0.2888888933333362,0.0460000000000002,3.91,4.008,22.49259260777778,3.938444444444446,5.4665575,5.4816136,5.492167,5.5012407,5.4429097,0,0.0,0,1.0,-0.2,5.8,94.2
2023-01-13 00:30:00,188.48329386666,154.577150016666,154.59576042222,22.0314815,4.008,28.0,2,5.1764362714980825,70.66250196097344,0,4,1,0.0,1.0,-0.433883739117558,-0.9009688679024191,0.4999999999999999,0.8660254037844387,0.0,0.0,0.0,6.7,12.95,100.0,100.0,1.2000000000000002,5.2646585,1.7999999999999998,1.2000000000000002,22.13333337,27.85,27.466666666666665,27.05,27.0,28.0,-18.0234815,-0.1685185100000019,0.052,3.956,4.124,22.240123471111115,3.958000000000002,5.4429097,5.4665575,5.4816136,5.492167,5.4749455,0,0.0,0,1.0,-0.23,6.1,93.9
2023-01-13 00:45:00,145.44223782777,123.040911516666,123.058410899996,22.13333337,4.124,28.0,2,5.1764362714980825,70.66250196097344,0,4,1,0.0,1.0,-0.433883739117558,-0.9009688679024191,0.4999999999999999,0.8660254037844387,0.0,0.0,0.0,7.15,13.475,100.0,100.0,1.15,5.24673,1.75,1.15,22.14629631333333,28.0,27.85,27.466666666666665,27.05,28.0,-18.00933337,0.1018518700000008,0.1159999999999996,4.008,4.13,22.121604960000003,4.029333333333335,5.4749455,5.4429097,5.4665575,5.4816136,5.479033,0,0.0,0,1.0,-0.21,5.9,94.1
2023-01-13 01:00:00,163.687619133324,126.828815527778,126.845481577776,22.14629631333333,4.13,28.0,2,5.1764362714980825,70.66250196097344,1,4,1,0.2588190451025207,0.9659258262890684,-0.433883739117558,-0.9009688679024191,0.4999999999999999,0.8660254037844387,0.0,0.0,0.0,7.6,14.0,100.0,100.0,1.1,5.2288537,1.7,1.1,22.1111111,28.0,28.0,27.85,27.466666666666665,28.0,-18.01629631333333,0.0129629433333349,0.0060000000000002,4.124,4.028,22.10370372777778,4.087333333333334,5.479033,5.4749455,5.4429097,5.4665575,5.4679413,0,0.0,0,1.0,-0.21,5.9,94.1
2023-01-13 01:15:00,176.235450533324,127.160468944444,127.176579466664,22.1111111,4.028,28.0,2,5.1764362714980825,70.66250196097344,1,4,1,0.2588190451025207,0.9659258262890684,-0.433883739117558,-0.9009688679024191,0.4999999999999999,0.8660254037844387,0.0,0.0,0.0,6.9,14.2,100.0,100.0,1.05,5.2110333,1.4,1.05,22.1111111,28.0,28.0,28.0,27.85,28.0,-18.0831111,-0.0351852133333352,-0.1020000000000003,4.13,4.12,22.13024692777778,4.094000000000002,5.4679413,5.479033,5.4749455,5.4429097,5.4679413,0,0.0,0,1.0,-0.21,6.0,94.0
2023-01-13 01:30:00,155.42711616666,131.787506055556,131.805560916666,22.1111111,4.12,28.0,2,5.1764362714980825,70.66250196097344,1,4,1,0.2588190451025207,0.9659258262890684,-0.433883739117558,-0.9009688679024191,0.4999999999999999,0.8660254037844387,0.0,0.0,0.0,6.199999999999999,14.4,100.0,100.0,1.0,5.1932645,1.1,1.0,22.15000002,28.0,28.0,28.0,28.0,28.0,-17.991111099999998,0.0,0.0920000000000005,4.028,4.165333333333333,22.122839504444443,4.092666666666669,5.4679413,5.4679413,5.479033,5.4749455,5.480202,0,0.0,0,1.0,-0.21,6.0,94.0
2023-01-13 01:45:00,150.345097155552,128.645409511112,128.662908877776,22.15000002,4.165333333333333,28.0,2,5.1764362714980825,70.66250196097344,1,4,1,0.2588190451025207,0.9659258262890684,-0.433883739117558,-0.9009688679024191,0.4999999999999999,0.8660254037844387,0.0,0.0,0.0,5.5,14.6,100.0,100.0,0.95,5.175549,0.7999999999999999,0.95,22.14629631333333,28.0,28.0,28.0,28.0,28.0,-17.984666686666667,0.0388889200000015,0.0453333333333327,4.12,4.244,22.124074073333333,4.104444444444447,5.480202,5.4679413,5.4679413,5.479033,5.479033,0,0.0,0,1.0,-0.21,5.9,94.1
2023-01-13 02:00:00,160.31469857221,127.042140344444,127.05991748333,22.14629631333333,4.244,28.0,2,5.1764362714980825,70.66250196097344,2,4,1,0.4999999999999999,0.8660254037844387,-0.433883739117558,-0.9009688679024191,0.4999999999999999,0.8660254037844387,0.0,0.0,0.0,4.8,14.8,100.0,100.0,0.9,5.157887,0.5,0.9,22.14444446,28.0,28.0,28.0,28.0,28.0,-17.902296313333334,-0.0037037066666663,0.0786666666666668,4.165333333333333,4.228666666666666,22.135802477777776,4.176444444444446,5.479033,5.480202,5.4679413,5.4679413,5.4784493,0,0.0,0,1.0,-0.21,5.9,94.1
2023-01-13 02:15:00,158.153673833324,122.855641144444,122.873140527774,22.14444446,4.228666666666666,28.0,2,5.1764362714980825,70.66250196097344,2,4,1,0.4999999999999999,0.8660254037844387,-0.433883739117558,-0.9009688679024191,0.4999999999999999,0.8660254037844387,0.0,0.0,0.0,4.875,13.075,100.0,100.0,0.8,5.1227207,0.875,0.8,22.11481480666667,28.0,28.0,28.0,28.0,28.0,-17.915777793333334,-0.0018518533333349,-0.0153333333333334,4.244,4.201333333333333,22.14691359777778,4.212666666666668,5.4784493,5.479033,5.480202,5.4679413,5.469109,0,0.0,0,1.0,-0.21,5.9,94.1
2023-01-13 02:30:00,164.289539538878,126.932978011112,126.950199605554,22.11481480666667,4.201333333333333,28.0,2,5.1764362714980825,70.66250196097344,2,4,1,0.4999999999999999,0.8660254037844387,-0.433883739117558,-0.9009688679024191,0.4999999999999999,0.8660254037844387,0.0,0.0,0.0,4.949999999999999,11.35,100.0,100.0,0.7,5.0877643,1.25,0.7,22.1111111,28.0,28.0,28.0,28.0,28.0,-17.913481473333334,-0.0296296533333304,-0.0273333333333329,4.228666666666666,4.208666666666667,22.13518519333333,4.224666666666669,5.469109,5.4784493,5.479033,5.480202,5.4679413,0,0.0,0,1.0,-0.21,6.0,94.0
2023-01-13 02:45:00,163.294301433328,126.546326844444,126.562715155552,22.1111111,4.208666666666667,28.0,2,5.1764362714980825,70.66250196097344,2,4,1,0.4999999999999999,0.8660254037844387,-0.433883739117558,-0.9009688679024191,0.4999999999999999,0.8660254037844387,0.0,0.0,0.0,5.025,9.625,100.0,100.0,0.6,5.0530176,1.625,0.6,22.1111111,28.0,28.0,28.0,28.0,28.0,-17.902444433333333,-0.0037037066666698,0.0073333333333334,4.201333333333333,4.064666666666667,22.123456788888888,4.212888888888891,5.4679413,5.469109,5.4784493,5.479033,5.4679413,0,0.0,0,1.0,-0.21,6.0,94.0
2023-01-13 03:00:00,149.26125172777,125.790245988888,125.807745338886,22.1111111,4.064666666666667,28.0,2,5.1764362714980825,70.66250196097344,3,4,1,0.7071067811865476,0.7071067811865476,-0.433883739117558,-0.9009688679024191,0.4999999999999999,0.8660254037844387,0.0,0.0,0.0,5.1,7.9,100.0,100.0,0.5,5.0184803,2.0,0.5,22.1111111,28.0,28.0,28.0,28.0,28.0,-18.04644443333333,0.0,-0.1440000000000001,4.208666666666667,4.303333333333333,22.11234566888889,4.158222222222224,5.4679413,5.4679413,5.469109,5.4784493,5.4679413,0,0.0,0,1.0,-0.21,6.0,94.0
2023-01-13 03:15:00,146.606913305554,124.924725027778,124.942502149998,22.1111111,4.303333333333333,28.0,2,5.1764362714980825,70.66250196097344,3,4,1,0.7071067811865476,0.7071067811865476,-0.433883739117558,-0.9009688679024191,0.4999999999999999,0.8660254037844387,0.0,0.0,0.0,4.025,7.45,100.0,99.0,0.675,5.071494,2.025,0.8,22.1111111,28.0,28.0,28.0,28.0,28.0,-17.807777766666668,0.0,0.2386666666666661,4.064666666666667,4.386666666666667,22.1111111,4.192222222222224,5.4679413,5.4679413,5.4679413,5.469109,5.4679413,0,0.0,0,1.0,-0.21,6.0,94.0
2023-01-13 03:30:00,168.472705455548,127.03019633889,127.046029088888,22.1111111,4.386666666666667,28.0,2,5.1764362714980825,70.66250196097344,3,4,1,0.7071067811865476,0.7071067811865476,-0.433883739117558,-0.9009688679024191,0.4999999999999999,0.8660254037844387,0.0,0.0,0.0,2.95,7.0,100.0,98.0,0.85,5.124277,2.05,1.1,22.1111111,28.0,28.0,28.0,28.0,28.0,-17.724444433333332,0.0,0.0833333333333339,4.303333333333333,4.3133333333333335,22.1111111,4.251555555555558,5.4679413,5.4679413,5.4679413,5.4679413,5.4679413,0,0.0,0,1.0,-0.21,6.0,94.0
2023-01-13 03:45:00,163.016534794438,123.112019772222,123.128685855552,22.1111111,4.3133333333333335,28.0,2,5.1764362714980825,70.66250196097344,3,4,1,0.7071067811865476,0.7071067811865476,-0.433883739117558,-0.9009688679024191,0.4999999999999999,0.8660254037844387,0.0,0.0,0.0,1.875,6.55,100.0,97.0,1.025,5.176805,2.075,1.4,22.1111111,28.0,28.0,28.0,28.0,28.0,-17.797777766666666,0.0,-0.0733333333333332,4.386666666666667,4.256,22.1111111,4.334444444444446,5.4679413,5.4679413,5.4679413,5.4679413,5.4679413,0,0.0,0,1.0,-0.21,6.0,94.0
2023-01-13 04:00:00,147.424936216662,118.303601,118.320267049998,22.1111111,4.256,28.0,2,5.1764362714980825,70.66250196097344,4,4,1,0.8660254037844386,0.5000000000000001,-0.433883739117558,-0.9009688679024191,0.4999999999999999,0.8660254037844387,0.0,0.0,0.0,0.8,6.1,100.0,96.0,1.2,5.229045,2.1,1.7,22.07222225,28.0,28.0,28.0,28.0,28.35,-17.8551111,0.0,-0.0573333333333332,4.3133333333333335,4.26,22.1111111,4.318666666666669,5.4679413,5.4679413,5.4679413,5.4679413,5.523901,0,0.0,0,1.0,-0.21,6.0,94.0
2023-01-13 04:15:00,156.728453094434,125.096384844444,125.113606455552,22.07222225,4.26,28.35,2,5.1764362714980825,70.66250196097344,4,4,1,0.8660254037844386,0.5000000000000001,-0.433883739117558,-0.9009688679024191,0.4999999999999999,0.8660254037844387,0.0,0.0,0.0,2.825,8.45,100.0,97.0,1.15,5.2210355,2.0,1.525,22.0555556,28.0,28.0,28.0,28.0,28.5,-17.812222249999998,-0.0388888499999993,0.0039999999999995,4.256,4.186,22.09814815,4.276444444444446,5.523901,5.4679413,5.4679413,5.4679413,5.5477996,0,0.0,0,1.0,-0.22,6.0,94.0
2023-01-13 04:30:00,138.00809053889,113.173806216666,113.189916738886,22.0555556,4.186,28.5,2,5.1764362714980825,70.66250196097344,4,4,1,0.8660254037844386,0.5000000000000001,-0.433883739117558,-0.9009688679024191,0.4999999999999999,0.8660254037844387,0.0,0.0,0.0,4.85,10.8,100.0,98.0,1.1,5.2123923,1.9,1.35,22.0555556,28.35,28.0,28.0,28.0,28.5,-17.8695556,-0.0166666499999976,-0.0739999999999998,4.26,4.120666666666667,22.07962965,4.234000000000002,5.5477996,5.523901,5.4679413,5.4679413,5.5477996,0,0.0,0,1.0,-0.22,6.0,94.0
2023-01-13 04:45:00,149.383746694442,121.992064572222,122.00873062222,22.0555556,4.120666666666667,28.5,2,5.1764362714980825,70.66250196097344,4,4,1,0.8660254037844386,0.5000000000000001,-0.433883739117558,-0.9009688679024191,0.4999999999999999,0.8660254037844387,0.0,0.0,0.0,6.875,13.15,100.0,99.0,1.05,5.203131,1.8,1.175,22.0555556,28.5,28.35,28.0,28.0,28.5,-17.934888933333333,0.0,-0.0653333333333332,4.186,3.8886666666666665,22.06111115,4.188888888888891,5.5477996,5.5477996,5.523901,5.4679413,5.5477996,0,0.0,0,1.0,-0.22,6.0,94.0
2023-01-13 05:00:00,170.191247594446,123.225904083334,123.240625744444,22.0555556,3.8886666666666665,28.5,2,5.1764362714980825,70.66250196097344,5,4,1,0.9659258262890684,0.2588190451025207,-0.433883739117558,-0.9009688679024191,0.4999999999999999,0.8660254037844387,0.0,0.0,0.0,8.9,15.5,100.0,100.0,1.0,5.1932645,1.7,1.0,22.05000004,28.5,28.5,28.35,28.0,28.5,-18.166888933333336,0.0,-0.2320000000000002,4.120666666666667,3.5106666666666664,22.0555556,4.065111111111112,5.5477996,5.5477996,5.5477996,5.523901,5.546022,0,0.0,0,1.0,-0.22,6.0,94.0
2023-01-13 05:15:00,142.783732888888,107.049884516666,107.064606194442,22.05000004,3.5106666666666664,28.5,2,5.1764362714980825,70.66250196097344,5,4,1,0.9659258262890684,0.2588190451025207,-0.433883739117558,-0.9009688679024191,0.4999999999999999,0.8660254037844387,0.0,0.0,0.0,8.775,16.125,100.0,100.0,0.975,5.1844,1.75,0.975,21.98333332,28.5,28.5,28.5,28.35,28.5,-18.53933337333333,-0.0055555600000012,-0.3780000000000001,3.8886666666666665,3.1226666666666665,22.053703746666667,3.8400000000000016,5.546022,5.5477996,5.5477996,5.5477996,5.52475,0,0.0,0,1.0,-0.23,6.1,93.9
2023-01-13 05:30:00,122.841197205558,101.145398488888,101.160675711108,21.98333332,3.1226666666666665,28.5,2,5.1764362714980825,70.66250196097344,5,4,1,0.9659258262890684,0.2588190451025207,-0.433883739117558,-0.9009688679024191,0.4999999999999999,0.8660254037844387,0.0,0.0,0.0,8.65,16.75,100.0,100.0,0.95,5.175549,1.7999999999999998,0.95,21.91666666,28.5,28.5,28.5,28.5,28.45,-18.86066665333333,-0.0666667200000006,-0.3879999999999999,3.5106666666666664,2.482,22.02962965333333,3.507333333333335,5.52475,5.546022,5.5477996,5.5477996,5.493894,0,0.0,0,1.0,-0.24,6.2,93.8
2023-01-13 05:45:00,180.030576388884,149.643736227778,149.66290219444198,21.91666666,2.482,28.45,2,5.1764362714980825,70.66250196097344,5,4,1,0.9659258262890684,0.2588190451025207,-0.433883739117558,-0.9009688679024191,0.4999999999999999,0.8660254037844387,0.0,0.0,0.0,8.525,17.375,100.0,100.0,0.925,5.166712,1.85,0.925,22.01296298,28.5,28.5,28.5,28.5,27.85,-19.43466666,-0.0666666600000027,-0.6406666666666667,3.1226666666666665,1.8306666666666669,21.98333334,3.038444444444446,5.493894,5.52475,5.546022,5.5477996,5.4079766,0,0.0,0,1.0,-0.26,6.4,93.6
2023-01-13 06:00:00,170.414294388884,136.514261444444,136.532038566664,22.01296298,1.8306666666666669,27.85,2,5.1764362714980825,70.66250196097344,6,4,1,1.0,6.123233995736766e-17,-0.433883739117558,-0.9009688679024191,0.4999999999999999,0.8660254037844387,0.0,0.0,0.0,8.4,18.0,100.0,100.0,0.9,5.157887,1.9,0.9,21.9888889,28.45,28.5,28.5,28.5,27.5,-20.18229631333333,0.0962963200000039,-0.6513333333333331,2.482,1.3153333333333337,21.97098765333333,2.478444444444446,5.4079766,5.493894,5.52475,5.546022,5.332607,0,0.0,0,1.0,-0.24,6.2,93.8
2023-01-13 06:15:00,144.843372816662,107.512921511112,107.528754277776,21.9888889,1.3153333333333337,27.5,2,5.1764362714980825,70.66250196097344,6,4,1,1.0,6.123233995736766e-17,-0.433883739117558,-0.9009688679024191,0.4999999999999999,0.8660254037844387,0.0,0.0,0.0,8.725,18.45,100.0,100.0,0.9,5.157887,1.7999999999999998,0.9,21.74074072,27.85,28.45,28.5,28.5,27.5,-20.673555566666664,-0.0240740800000018,-0.5153333333333332,1.8306666666666669,1.0526666666666666,21.97283951333333,1.8760000000000017,5.332607,5.4079766,5.493894,5.52475,5.2567825,0,0.0,0,1.0,-0.25,6.3,93.7
2023-01-13 06:30:00,195.079418961102,159.73583256111,159.75694288333,21.74074072,1.0526666666666666,27.5,2,5.1764362714980825,70.66250196097344,6,4,1,1.0,6.123233995736766e-17,-0.433883739117558,-0.9009688679024191,0.4999999999999999,0.8660254037844387,0.0,0.0,0.0,9.05,18.9,100.0,100.0,0.9,5.157887,1.7,0.9,21.861111110000003,27.5,27.85,28.45,28.5,27.45,-20.68807405333333,-0.2481481799999976,-0.2626666666666668,1.3153333333333337,0.96,21.914197533333336,1.3995555555555574,5.2567825,5.332607,5.4079766,5.493894,5.283822,0,0.0,0,1.0,-0.3,6.9,93.1
2023-01-13 06:45:00,247.11594838333,220.045920011112,220.072030116666,21.861111110000003,0.96,27.45,2,5.1764362714980825,70.66250196097344,6,4,1,1.0,6.123233995736766e-17,-0.433883739117558,-0.9009688679024191,0.4999999999999999,0.8660254037844387,0.0,0.0,0.0,9.375,19.35,100.0,100.0,0.9,5.157887,1.6,0.9,22.13703702333333,27.5,27.5,27.85,28.45,27.03333333333333,-20.90111111,0.1203703900000014,-0.0926666666666667,1.0526666666666666,0.908,21.86358024333333,1.109333333333335,5.283822,5.2567825,5.332607,5.4079766,5.2870564,0,0.0,0,1.0,-0.28,6.6,93.4
2023-01-13 07:00:00,208.482771388892,186.745307655556,186.769195616666,22.13703702333333,0.908,27.03333333333333,2,5.1764362714980825,70.66250196097344,7,4,1,0.9659258262890684,-0.2588190451025206,-0.433883739117558,-0.9009688679024191,0.4999999999999999,0.8660254037844387,0.0,0.0,0.0,9.7,19.8,100.0,100.0,0.9,5.157887,1.5,0.9,22.07222224,27.45,27.5,27.5,27.85,27.0,-21.229037023333333,0.2759259133333316,-0.0519999999999999,0.96,0.8093333333333333,21.912962951111115,0.9735555555555572,5.2870564,5.283822,5.2567825,5.332607,5.260858,0,0.0,0,1.0,-0.22,6.0,94.0
2023-01-13 07:15:00,143.279824211108,108.8098141,108.825369077776,22.07222224,0.8093333333333333,27.0,2,5.1764362714980825,70.66250196097344,7,4,1,0.9659258262890684,-0.2588190451025206,-0.433883739117558,-0.9009688679024191,0.4999999999999999,0.8660254037844387,0.0,0.0,0.0,10.3,20.525,100.0,100.0,0.675,5.079058,1.575,0.675,21.724074076666668,27.03333333333333,27.45,27.5,27.5,27.0,-21.262888906666664,-0.0648147833333361,-0.0986666666666665,0.908,0.7006666666666667,22.023456791111112,0.8924444444444463,5.260858,5.2870564,5.283822,5.2567825,5.1562386,0,0.0,0,1.0,-0.23,6.1,93.9
2023-01-13 07:30:00,195.056919544448,151.401721472222,151.42116516111,21.724074076666668,0.7006666666666667,27.0,2,5.1764362714980825,70.66250196097344,7,4,1,0.9659258262890684,-0.2588190451025206,-0.433883739117558,-0.9009688679024191,0.4999999999999999,0.8660254037844387,0.0,0.0,0.0,10.9,21.25,100.0,100.0,0.45,5.0012884,1.65,0.45,21.8111111,27.0,27.03333333333333,27.45,27.5,26.95,-21.02340741,-0.348148163333331,-0.1086666666666666,0.8093333333333333,0.5433333333333333,21.97777778,0.8060000000000017,5.1562386,5.260858,5.2870564,5.283822,5.172628,0,0.0,0,1.0,-0.31,7.0,93.0
2023-01-13 07:45:00,262.566163633332,231.47962936111,231.509072649998,21.8111111,0.5433333333333333,26.95,2,5.1764362714980825,70.66250196097344,7,4,1,0.9659258262890684,-0.2588190451025206,-0.433883739117558,-0.9009688679024191,0.4999999999999999,0.8660254037844387,0.0,0.0,0.0,11.5,21.975,100.0,100.0,0.2250000000000001,4.924565,1.725,0.2250000000000001,22.17407405333333,27.0,27.0,27.03333333333333,27.45,26.53333333333333,-21.26777776666667,0.0870370233333339,-0.1573333333333333,0.7006666666666667,0.4059999999999999,21.86913580555556,0.6844444444444462,5.172628,5.1562386,5.260858,5.2870564,5.200348,0,0.0,0,1.0,-0.29,6.8,93.2
2023-01-13 08:00:00,261.470374149998,234.139800716666,234.16952176111,22.17407405333333,0.4059999999999999,26.53333333333333,2,5.1764362714980825,70.66250196097344,8,4,1,0.8660254037844387,-0.4999999999999998,-0.433883739117558,-0.9009688679024191,0.4999999999999999,0.8660254037844387,0.0,0.0,0.0,12.1,22.7,100.0,100.0,0.0,4.8488755,1.8,0.0,22.26111111,26.95,27.0,27.0,27.03333333333333,26.2,-21.768074053333336,0.3629629533333336,-0.1373333333333333,0.5433333333333333,0.374,21.903086410000004,0.5500000000000017,5.200348,5.172628,5.1562386,5.260858,5.1608033,0,0.0,0,1.0,-0.21,5.9,94.1
2023-01-13 08:15:00,141.536282788888,112.497444405554,112.513554927774,22.26111111,0.374,26.2,2,5.1764362714980825,70.66250196097344,8,4,1,0.8660254037844387,-0.4999999999999998,-0.433883739117558,-0.9009688679024191,0.4999999999999999,0.8660254037844387,0.25,0.0625,0.0208333333333333,13.2,25.575,100.0,99.5,-0.125,4.808034,1.65,-0.05,21.88518515333333,26.53333333333333,26.95,27.0,27.0,26.466666666666665,-21.887111110000003,0.0870370566666665,-0.0319999999999999,0.4059999999999999,0.3466666666666667,22.082098754444445,0.4411111111111128,5.1608033,5.200348,5.172628,5.1562386,5.101623,0,0.0,0,1.0,-0.19,5.8,94.2
2023-01-13 08:30:00,155.942373205554,130.236457016666,130.254789633332,21.88518515333333,0.3466666666666667,26.466666666666665,2,5.1764362714980825,70.66250196097344,8,4,1,0.8660254037844387,-0.4999999999999998,-0.433883739117558,-0.9009688679024191,0.4999999999999999,0.8660254037844387,0.5,0.1875,0.0625,14.3,28.450000000000003,100.0,99.0,-0.25,4.7674093,1.5,-0.1,21.78333334,26.2,26.53333333333333,26.95,27.0,26.45,-21.538518486666668,-0.3759259566666664,-0.0273333333333333,0.374,0.236,22.10679010555556,0.3755555555555573,5.101623,5.1608033,5.200348,5.172628,5.0685234,0,0.0,0,1.0,-0.28,6.6,93.4
2023-01-13 08:45:00,265.70131593889,223.804936294446,223.832435227778,21.78333334,0.236,26.45,2,5.1764362714980825,70.66250196097344,8,4,1,0.8660254037844387,-0.4999999999999998,-0.433883739117558,-0.9009688679024191,0.4999999999999999,0.8660254037844387,0.75,0.375,0.125,15.4,31.325000000000003,100.0,98.5,-0.375,4.727,1.35,-0.15,22.08703704666667,26.466666666666665,26.2,26.53333333333333,26.95,26.03333333333333,-21.54733334,-0.101851813333333,-0.1106666666666666,0.3466666666666667,0.304,21.97654320111112,0.3188888888888907,5.0685234,5.101623,5.1608033,5.200348,5.0768375,0,0.0,0,1.0,-0.3,6.9,93.1
2023-01-13 09:00:00,293.798525438886,252.957936827778,252.98793566111,22.08703704666667,0.304,26.03333333333333,2,5.1764362714980825,70.66250196097344,9,4,1,0.7071067811865476,-0.7071067811865475,-0.433883739117558,-0.9009688679024191,0.4999999999999999,0.8660254037844387,1.0,0.625,0.2083333333333333,16.5,34.2,100.0,98.0,-0.5,4.686806,1.2,-0.2,22.28888888,26.45,26.466666666666665,26.2,26.53333333333333,25.95,-21.78303704666667,0.303703706666667,0.068,0.236,0.2773333333333333,21.91851851333334,0.2955555555555573,5.0768375,5.0685234,5.101623,5.1608033,5.1197343,0,0.0,0,1.0,-0.23,6.1,93.9
2023-01-13 09:15:00,165.184225749998,143.456205955556,143.47620522222,22.28888888,0.2773333333333333,25.95,2,5.1764362714980825,70.66250196097344,9,4,1,0.7071067811865476,-0.7071067811865475,-0.433883739117558,-0.9009688679024191,0.4999999999999999,0.8660254037844387,3.75,1.5,0.5208333333333334,16.55,34.550000000000004,100.0,97.5,-0.575,4.654854,0.975,-0.225,21.95185186666667,26.03333333333333,26.45,26.466666666666665,26.2,25.716666666666665,-22.011555546666663,0.201851833333329,-0.0266666666666667,0.304,0.1773333333333333,22.053086422222226,0.2724444444444462,5.1197343,5.0768375,5.0685234,5.101623,4.976158,0,0.0,0,1.0,-0.19,5.7,94.3
2023-01-13 09:30:00,143.77647104444,118.716640077776,118.73525048333,21.95185186666667,0.1773333333333333,25.716666666666665,2,5.1764362714980825,70.66250196097344,9,4,1,0.7071067811865476,-0.7071067811865475,-0.433883739117558,-0.9009688679024191,0.4999999999999999,0.8660254037844387,6.5,3.0,1.0625,16.6,34.900000000000006,100.0,97.0,-0.65,4.6229963,0.75,-0.25,21.68333335,25.95,26.03333333333333,26.45,26.466666666666665,26.0,-21.77451853333333,-0.3370370133333296,-0.0999999999999999,0.2773333333333333,0.1053333333333333,22.109259264444447,0.2528888888888906,4.976158,5.1197343,5.0768375,5.0685234,4.953592,0,0.0,0,1.0,-0.27,6.5,93.5
2023-01-13 09:45:00,156.587625211108,124.619459455556,124.640014233332,21.68333335,0.1053333333333333,26.0,2,5.1764362714980825,70.66250196097344,9,4,1,0.7071067811865476,-0.7071067811865475,-0.433883739117558,-0.9009688679024191,0.4999999999999999,0.8660254037844387,9.25,5.125,1.8333333333333333,16.65,35.25,100.0,96.5,-0.7250000000000001,4.5912333,0.525,-0.275,21.68703705,25.716666666666665,25.95,26.03333333333333,26.45,26.0,-21.578000016666667,-0.268518516666667,-0.072,0.1773333333333333,0.0406666666666666,21.97469136555556,0.1866666666666684,4.953592,4.976158,5.1197343,5.0768375,4.9546514,0,0.0,0,1.0,-0.33,7.2,92.8
2023-01-13 10:00:00,202.622450377776,164.6784126,164.70341161666602,21.68703705,0.0406666666666666,26.0,2,5.1764362714980825,70.66250196097344,10,4,1,0.4999999999999999,-0.8660254037844387,-0.433883739117558,-0.9009688679024191,0.4999999999999999,0.8660254037844387,12.0,7.875,2.833333333333333,16.7,35.6,100.0,96.0,-0.8,4.5595636,0.3,-0.3,21.861111110000003,26.0,25.716666666666665,25.95,26.03333333333333,25.95,-21.64637038333333,0.003703699999999,-0.0646666666666666,0.1053333333333333,0.0133333333333333,21.77407408888889,0.1077777777777795,4.9546514,4.953592,4.976158,5.1197343,4.9950886,0,0.0,0,1.0,-0.33,7.2,92.8
2023-01-13 10:15:00,252.845996905554,214.991677772222,215.02112106111,21.861111110000003,0.0133333333333333,25.95,2,5.1764362714980825,70.66250196097344,10,4,1,0.4999999999999999,-0.8660254037844387,-0.433883739117558,-0.9009688679024191,0.4999999999999999,0.8660254037844387,14.5,10.5625,4.041666666666667,16.675,35.6,100.0,95.75,-0.875,4.539842,0.3,-0.325,22.096296286666664,26.0,26.0,25.716666666666665,25.95,25.53333333333333,-21.84777777666667,0.1740740600000023,-0.0273333333333333,0.0406666666666666,0.016,21.743827170000003,0.0531111111111128,4.9950886,4.9546514,4.953592,4.976158,4.981989,0,0.0,0,1.0,-0.29,6.7,93.3
2023-01-13 10:30:00,183.59571154444,150.546477883334,150.568421505554,22.096296286666664,0.016,25.53333333333333,2,5.1764362714980825,70.66250196097344,10,4,1,0.4999999999999999,-0.8660254037844387,-0.433883739117558,-0.9009688679024191,0.4999999999999999,0.8660254037844387,17.0,13.1875,5.458333333333333,16.65,35.6,100.0,95.5,-0.95,4.5201726,0.3,-0.35,21.86666668,25.95,26.0,26.0,25.716666666666665,25.55,-22.080296286666663,0.2351851766666612,0.0026666666666666,0.0133333333333333,0.0,21.881481482222227,0.0233333333333351,4.981989,4.9950886,4.9546514,4.953592,4.91967,0,0.0,0,1.0,-0.23,6.1,93.9
2023-01-13 10:45:00,726.574269333328,137.064239411112,137.087849616666,21.86666668,0.0,25.55,2,5.1764362714980825,70.66250196097344,10,4,1,0.4999999999999999,-0.8660254037844387,-0.433883739117558,-0.9009688679024191,0.4999999999999999,0.8660254037844387,19.5,15.75,7.083333333333333,16.625,35.6,100.0,95.25,-1.025,4.500556,0.3,-0.375,21.714814843333333,25.53333333333333,25.95,26.0,26.0,25.78333333333333,-21.86666668,-0.2296296066666663,-0.016,0.016,-0.1826666666666666,21.94135802555556,0.0097777777777795,4.91967,4.981989,4.9950886,4.9546514,4.921256,0,0.0,0,1.0,-0.29,6.7,93.3
2023-01-13 11:00:00,323.112352788888,200.045053411112,200.073663383334,21.714814843333333,-0.1826666666666666,25.78333333333333,2,5.1764362714980825,70.66250196097344,11,4,1,0.258819045102521,-0.9659258262890682,-0.433883739117558,-0.9009688679024191,0.4999999999999999,0.8660254037844387,22.0,18.25,8.916666666666666,16.6,35.6,100.0,95.0,-1.1,4.480993,0.3,-0.4,21.99444448,25.55,25.53333333333333,25.95,26.0,25.45,-21.89748151,-0.1518518366666654,-0.1826666666666666,0.0,-0.2853333333333333,21.89259260333333,-0.0555555555555537,4.921256,4.91967,4.981989,4.9950886,4.9366665,0,0.0,0,1.0,-0.32,7.1,92.9
2023-01-13 11:15:00,303.44563952222,255.907818811112,255.941984144444,21.99444448,-0.2853333333333333,25.45,2,5.1764362714980825,70.66250196097344,11,4,1,0.258819045102521,-0.9659258262890682,-0.433883739117558,-0.9009688679024191,0.4999999999999999,0.8660254037844387,28.25,21.6875,11.25,17.05,36.425,100.0,94.25,-1.25,4.4302716,0.275,-0.45,22.30370372333333,25.78333333333333,25.55,25.53333333333333,25.95,25.03333333333333,-22.279777813333336,0.2796296366666695,-0.1026666666666666,-0.1826666666666666,-0.4506666666666666,21.85864200111111,-0.1559999999999982,4.9366665,4.921256,4.91967,4.981989,4.943093,0,0.0,0,1.0,-0.26,6.4,93.6
2023-01-13 11:30:00,280.537389288884,243.235547972222,243.267491177776,22.30370372333333,-0.4506666666666666,25.03333333333333,2,5.1764362714980825,70.66250196097344,11,4,1,0.258819045102521,-0.9659258262890682,-0.433883739117558,-0.9009688679024191,0.4999999999999999,0.8660254037844387,34.5,26.0625,14.083333333333334,17.5,37.25,100.0,93.5,-1.4,4.37984,0.25,-0.5,22.39999998,25.45,25.78333333333333,25.55,25.53333333333333,25.0,-22.75437039,0.309259243333333,-0.1653333333333333,-0.2853333333333333,-0.55,22.00432101555556,-0.3062222222222204,4.943093,4.9366665,4.921256,4.91967,4.9639173,0,0.0,0,1.0,-0.19,5.7,94.3
2023-01-13 11:45:00,161.254660755552,136.966187783334,136.986742594442,22.39999998,-0.55,25.0,2,5.1764362714980825,70.66250196097344,11,4,1,0.258819045102521,-0.9659258262890682,-0.433883739117558,-0.9009688679024191,0.4999999999999999,0.8660254037844387,40.75,31.375,17.416666666666668,17.95,38.075,100.0,92.75,-1.55,4.3296986,0.225,-0.55,22.04259261666667,25.03333333333333,25.45,25.78333333333333,25.55,25.0,-22.94999998,0.0962962566666654,-0.0993333333333333,-0.4506666666666666,-0.516,22.23271606111112,-0.4286666666666649,4.9639173,4.943093,4.9366665,4.921256,4.862855,0,0.0,0,1.0,-0.17,5.6,94.4
2023-01-13 12:00:00,175.32187587777202,141.570448072222,141.590725077776,22.04259261666667,-0.516,25.0,2,5.1764362714980825,70.66250196097344,12,4,1,1.2246467991473532e-16,-1.0,-0.433883739117558,-0.9009688679024191,0.4999999999999999,0.8660254037844387,47.0,37.625,21.25,18.4,38.9,100.0,92.0,-1.7,4.279844,0.2,-0.6,21.83888888,25.0,25.03333333333333,25.45,25.78333333333333,25.0,-22.558592616666672,-0.3574073633333299,0.034,-0.55,-0.524,22.248765440000003,-0.5055555555555539,4.862855,4.9639173,4.943093,4.9366665,4.806055,0,0.0,0,1.0,-0.25,6.3,93.7
2023-01-13 12:15:00,541.06557876111,209.347181327778,209.378291233332,21.83888888,-0.524,25.0,2,5.1764362714980825,70.66250196097344,12,4,1,1.2246467991473532e-16,-1.0,-0.433883739117558,-0.9009688679024191,0.4999999999999999,0.8660254037844387,52.5,43.6875,25.3125,18.225,39.25,100.0,91.0,-1.9,4.226001,0.2,-0.625,22.122222253333334,25.0,25.0,25.03333333333333,25.45,24.816666666666663,-22.36288888,-0.2037037366666716,-0.008,-0.516,-0.524,22.09382715888889,-0.5299999999999983,4.806055,4.862855,4.9639173,4.943093,4.8493915,0,0.0,0,1.0,-0.3,6.8,93.2
2023-01-13 12:30:00,295.6431738,262.6094952,262.645882644444,22.122222253333334,-0.524,24.816666666666663,2,5.1764362714980825,70.66250196097344,12,4,1,1.2246467991473532e-16,-1.0,-0.433883739117558,-0.9009688679024191,0.4999999999999999,0.8660254037844387,58.0,49.5625,29.604166666666668,18.05,39.6,100.0,90.0,-2.1,4.172328,0.2,-0.6499999999999999,22.4388889,25.0,25.0,25.0,25.03333333333333,24.45,-22.64622225333333,0.2833333733333347,0.0,-0.524,-0.484,22.00123458333333,-0.5213333333333315,4.8493915,4.806055,4.862855,4.9639173,4.865571,0,0.0,0,1.0,-0.23,6.1,93.9
2023-01-13 12:45:00,283.627821299992,235.413360888888,235.443359738886,22.4388889,-0.484,24.45,2,5.1764362714980825,70.66250196097344,12,4,1,1.2246467991473532e-16,-1.0,-0.433883739117558,-0.9009688679024191,0.4999999999999999,0.8660254037844387,63.5,55.25,34.125,17.875,39.95,100.0,89.0,-2.3,4.1188273,0.2,-0.6749999999999999,22.551851893333332,24.816666666666663,25.0,25.0,25.0,24.03333333333333,-22.9228889,0.3166666466666648,0.04,-0.524,-0.568,22.13333334444444,-0.5106666666666649,4.865571,4.8493915,4.806055,4.862855,4.8137827,0,0.0,0,1.0,-0.16,5.5,94.5
2023-01-13 13:00:00,228.867511616666,201.2594493,201.288614849998,22.551851893333332,-0.568,24.03333333333333,2,5.1764362714980825,70.66250196097344,13,4,1,-0.2588190451025208,-0.9659258262890684,-0.433883739117558,-0.9009688679024191,0.4999999999999999,0.8660254037844387,69.0,60.75,38.875,17.7,40.3,100.0,88.0,-2.5,4.0654984,0.2,-0.7,22.40000002,24.45,24.816666666666663,25.0,25.0,24.0,-23.119851893333337,0.1129629933333369,-0.0839999999999999,-0.484,-0.5733333333333335,22.37098768222222,-0.5253333333333315,4.8137827,4.865571,4.8493915,4.806055,4.7653604,0,0.0,0,1.0,-0.14,5.4,94.6
2023-01-13 13:15:00,128.990951305554,107.254320772222,107.272653405554,22.40000002,-0.5733333333333335,24.0,2,5.1764362714980825,70.66250196097344,13,4,1,-0.2588190451025208,-0.9659258262890684,-0.433883739117558,-0.9009688679024191,0.4999999999999999,0.8660254037844387,71.25,65.4375,43.60416666666666,17.6,39.95,100.0,86.5,-2.75,3.9962,0.2,-0.7,21.944444453333336,24.03333333333333,24.45,24.816666666666663,25.0,24.183333333333334,-22.97333335333333,-0.1518518733333351,-0.0053333333333335,-0.568,-0.7073333333333333,22.463580271111116,-0.541777777777776,4.7653604,4.8137827,4.865571,4.8493915,4.677459,0,0.0,0,1.0,-0.17,5.6,94.4
2023-01-13 13:30:00,184.56928368333,153.059988488888,153.08276537777598,21.944444453333336,-0.7073333333333333,24.183333333333334,2,5.1764362714980825,70.66250196097344,13,4,1,-0.2588190451025208,-0.9659258262890684,-0.433883739117558,-0.9009688679024191,0.4999999999999999,0.8660254037844387,73.5,69.3125,48.3125,17.5,39.6,100.0,85.0,-3.0,3.9269016,0.2,-0.7,21.916666650000003,24.0,24.03333333333333,24.45,24.816666666666663,24.45,-22.65177778666667,-0.4555555666666642,-0.1339999999999997,-0.5733333333333335,-0.7026666666666668,22.29876545555556,-0.6162222222222205,4.677459,4.7653604,4.8137827,4.865571,4.7214665,0,0.0,0,1.0,-0.28,6.6,93.4
2023-01-13 13:45:00,278.466360800004,245.934606655556,245.968216444444,21.916666650000003,-0.7026666666666668,24.45,2,5.1764362714980825,70.66250196097344,13,4,1,-0.2588190451025208,-0.9659258262890684,-0.433883739117558,-0.9009688679024191,0.4999999999999999,0.8660254037844387,75.75,72.375,53.0,17.4,39.25,100.0,83.5,-3.25,3.857603,0.2,-0.7,22.23333335333333,24.183333333333334,24.0,24.03333333333333,24.45,24.03333333333333,-22.61933331666667,-0.0277778033333326,0.0046666666666664,-0.7073333333333333,-0.8266666666666665,22.08703704111112,-0.6611111111111094,4.7214665,4.677459,4.7653604,4.8137827,4.726459,0,0.0,0,1.0,-0.28,6.7,93.3
2023-01-13 14:00:00,303.741738811108,266.243238727778,266.278792905554,22.23333335333333,-0.8266666666666665,24.03333333333333,2,5.1764362714980825,70.66250196097344,14,4,1,-0.4999999999999997,-0.8660254037844388,-0.433883739117558,-0.9009688679024191,0.4999999999999999,0.8660254037844387,78.0,74.625,57.66666666666666,17.3,38.9,100.0,82.0,-3.5,3.788305,0.2,-0.7,22.51111114,24.45,24.183333333333334,24.0,24.03333333333333,23.65,-23.06000002,0.316666703333329,-0.1239999999999997,-0.7026666666666668,-0.87,22.03148148555556,-0.7455555555555539,4.726459,4.7214665,4.677459,4.7653604,4.7259355,0,0.0,0,1.0,-0.21,5.9,94.1
2023-01-13 14:15:00,277.161968594446,239.186265533332,239.21765316111,22.51111114,-0.87,23.65,2,5.1764362714980825,70.66250196097344,14,4,1,-0.4999999999999997,-0.8660254037844388,-0.433883739117558,-0.9009688679024191,0.4999999999999999,0.8660254037844387,102.25,82.375,63.833333333333336,17.425,39.525,100.0,80.75,-3.625,3.749995,0.175,-0.625,22.566666663333333,24.03333333333333,24.45,24.183333333333334,24.0,23.5,-23.38111114,0.2777777866666682,-0.0433333333333334,-0.8266666666666665,-0.908,22.220370381111117,-0.799777777777776,4.7259355,4.726459,4.7214665,4.677459,4.710963,0,0.0,0,1.0,-0.15,5.5,94.5
2023-01-13 14:30:00,195.139138605554,169.311838355556,169.337115127778,22.566666663333333,-0.908,23.5,2,5.1764362714980825,70.66250196097344,14,4,1,-0.4999999999999997,-0.8660254037844388,-0.433883739117558,-0.9009688679024191,0.4999999999999999,0.8660254037844387,126.5,95.625,71.5,17.55,40.15,100.0,79.5,-3.75,3.71117,0.15,-0.55,22.3888889,23.65,24.03333333333333,24.45,24.183333333333334,23.5,-23.47466666333333,0.0555555233333322,-0.0379999999999999,-0.87,-0.9393333333333334,22.437037052222223,-0.8682222222222205,4.710963,4.7259355,4.726459,4.7214665,4.6631036,0,0.0,0,1.0,-0.14,5.4,94.6
2023-01-13 14:45:00,140.125505905554,118.424985044444,118.442484377776,22.3888889,-0.9393333333333334,23.5,2,5.1764362714980825,70.66250196097344,14,4,1,-0.4999999999999997,-0.8660254037844388,-0.433883739117558,-0.9009688679024191,0.4999999999999999,0.8660254037844387,150.75,114.375,80.66666666666667,17.675,40.775,100.0,78.25,-3.875,3.6718278,0.125,-0.475,21.97592596,23.5,23.65,24.03333333333333,24.45,23.683333333333334,-23.32822223333333,-0.177777763333335,-0.0313333333333334,-0.908,-1.032,22.48888890111111,-0.905777777777776,4.6631036,4.710963,4.7259355,4.726459,4.5890746,0,0.0,0,1.0,-0.18,5.7,94.3
2023-01-13 15:00:00,203.351865816658,168.482704872222,168.504926249998,21.97592596,-1.032,23.683333333333334,2,5.1764362714980825,70.66250196097344,15,4,1,-0.7071067811865471,-0.7071067811865479,-0.433883739117558,-0.9009688679024191,0.4999999999999999,0.8660254037844387,175.0,138.625,91.33333333333331,17.8,41.4,100.0,77.0,-4.0,3.6319623,0.1,-0.4,21.88333335,23.5,23.5,23.65,24.03333333333333,23.95,-23.00792596,-0.4129629399999999,-0.0926666666666666,-0.9393333333333334,-1.068,22.31049384111111,-0.959777777777776,4.5890746,4.6631036,4.710963,4.7259355,4.616026,0,0.0,0,1.0,-0.27,6.6,93.4
2023-01-13 15:15:00,288.587900555552,245.8793311,245.910718777776,21.88333335,-1.068,23.95,2,5.1764362714980825,70.66250196097344,15,4,1,-0.7071067811865471,-0.7071067811865479,-0.433883739117558,-0.9009688679024191,0.4999999999999999,0.8660254037844387,152.0,151.0625,99.625,17.5,41.05,100.0,77.25,-4.125,3.5936735,0.1,-0.6,22.229629653333333,23.683333333333334,23.5,23.5,23.65,23.53333333333333,-22.95133335,-0.0925926100000005,-0.036,-1.032,-1.048,22.08271607,-1.0131111111111093,4.616026,4.5890746,4.6631036,4.710963,4.627141,0,0.0,0,1.0,-0.29,6.8,93.2
2023-01-13 15:30:00,302.53623148333,271.392199444444,271.42636477777603,22.229629653333333,-1.048,23.53333333333333,2,5.1764362714980825,70.66250196097344,15,4,1,-0.7071067811865471,-0.7071067811865479,-0.433883739117558,-0.9009688679024191,0.4999999999999999,0.8660254037844387,129.0,151.6875,105.54166666666669,17.200000000000003,40.7,100.0,77.5,-4.25,3.5556679,0.1,-0.8,22.505555590000004,23.95,23.683333333333334,23.5,23.5,23.15,-23.27762965333333,0.3462963033333359,0.02,-1.068,-1.1486666666666667,22.029629654444445,-1.0493333333333317,4.627141,4.616026,4.5890746,4.6631036,4.6245465,0,0.0,0,1.0,-0.22,6.0,94.0
2023-01-13 15:45:00,271.049435372222,243.056943966668,243.0877761,22.505555590000004,-1.1486666666666667,23.15,2,5.1764362714980825,70.66250196097344,15,4,1,-0.7071067811865471,-0.7071067811865479,-0.433883739117558,-0.9009688679024191,0.4999999999999999,0.8660254037844387,106.0,140.5,109.08333333333331,16.900000000000002,40.35,100.0,77.75,-4.375,3.517945,0.1,-1.0,22.49444447666667,23.53333333333333,23.95,23.683333333333334,23.5,23.0,-23.65422225666667,0.2759259366666704,-0.1006666666666666,-1.048,-1.356,22.206172864444444,-1.0882222222222204,4.6245465,4.627141,4.616026,4.5890746,4.59165,0,0.0,0,1.0,-0.15,5.5,94.5
2023-01-13 16:00:00,162.813764972222,134.5337851,134.552951033332,22.49444447666667,-1.356,23.0,2,5.1764362714980825,70.66250196097344,16,4,1,-0.8660254037844385,-0.5000000000000004,-0.433883739117558,-0.9009688679024191,0.4999999999999999,0.8660254037844387,83.0,117.5,110.25,16.6,40.0,100.0,78.0,-4.5,3.480503,0.1,-1.2,22.05555553,23.15,23.53333333333333,23.95,23.683333333333334,23.35,-23.85044447666667,-0.0111111133333352,-0.2073333333333333,-1.1486666666666667,-1.464,22.40987657333333,-1.1842222222222205,4.59165,4.6245465,4.627141,4.616026,4.5453024,0,0.0,0,1.0,-0.16,5.5,94.5
2023-01-13 16:15:00,143.038167311104,119.193843172222,119.213564649998,22.05555553,-1.464,23.35,2,5.1764362714980825,70.66250196097344,16,4,1,-0.8660254037844385,-0.5000000000000004,-0.433883739117558,-0.9009688679024191,0.4999999999999999,0.8660254037844387,70.5,97.125,110.1875,16.475,39.175,100.0,78.5,-4.575,3.472452,0.1,-1.325,21.77777775,23.0,23.15,23.53333333333333,23.95,23.5,-23.51955553,-0.438888946666669,-0.1079999999999998,-1.356,-1.536,22.35185186555556,-1.322888888888887,4.5453024,4.59165,4.6245465,4.627141,4.501782,0,0.0,0,1.0,-0.26,6.4,93.6
2023-01-13 16:30:00,228.202538349994,185.569521372222,185.596187005554,21.77777775,-1.536,23.5,2,5.1764362714980825,70.66250196097344,16,4,1,-0.8660254037844385,-0.5000000000000004,-0.433883739117558,-0.9009688679024191,0.4999999999999999,0.8660254037844387,58.0,79.375,108.89583333333331,16.35,38.35,100.0,79.0,-4.65,3.4642463,0.1,-1.45,21.97222221,23.35,23.0,23.15,23.53333333333333,23.45,-23.31377775,-0.277777780000001,-0.072,-1.464,-1.736,22.109259252222227,-1.4519999999999982,4.501782,4.5453024,4.59165,4.6245465,4.5428915,0,0.0,0,1.0,-0.32,7.1,92.9
2023-01-13 16:45:00,296.319813350002,253.394030516666,253.425695883334,21.97222221,-1.736,23.45,2,5.1764362714980825,70.66250196097344,16,4,1,-0.8660254037844385,-0.5000000000000004,-0.433883739117558,-0.9009688679024191,0.4999999999999999,0.8660254037844387,45.5,64.25,106.375,16.225,37.525000000000006,100.0,79.5,-4.725,3.4558895,0.1,-1.575,22.28888886,23.5,23.35,23.0,23.15,23.03333333333333,-23.70822221,0.1944444599999997,-0.1999999999999999,-1.536,-1.88,21.935185163333333,-1.578666666666665,4.5428915,4.501782,4.5453024,4.59165,4.544298,0,0.0,0,1.0,-0.28,6.6,93.4
2023-01-13 17:00:00,292.622738922228,270.826944255556,270.861387311112,22.28888886,-1.88,23.03333333333333,2,5.1764362714980825,70.66250196097344,17,4,1,-0.9659258262890684,-0.2588190451025206,-0.433883739117558,-0.9009688679024191,0.4999999999999999,0.8660254037844387,33.0,51.75,102.625,16.1,36.7,100.0,80.0,-4.8,3.4473844,0.1,-1.7,22.48888888,23.45,23.5,23.35,23.0,22.65,-24.16888886,0.3166666500000019,-0.1439999999999999,-1.736,-2.0460000000000003,22.01296294,-1.7173333333333314,4.544298,4.5428915,4.501782,4.5453024,4.520335,0,0.0,0,1.0,-0.21,5.9,94.1
2023-01-13 17:15:00,271.019714261114,245.541566877776,245.574898911108,22.48888888,-2.0460000000000003,22.65,2,5.1764362714980825,70.66250196097344,17,4,1,-0.9659258262890684,-0.2588190451025206,-0.433883739117558,-0.9009688679024191,0.4999999999999999,0.8660254037844387,26.5,40.75,96.3125,15.5,36.075,100.0,80.25,-4.85,3.4280543,0.1,-1.825,22.53148150666667,23.03333333333333,23.45,23.5,23.35,22.5,-24.53488888,0.2000000199999974,-0.1660000000000003,-1.88,-2.266,22.249999983333336,-1.887333333333332,4.520335,4.544298,4.5428915,4.501782,4.501394,0,0.0,0,1.0,-0.16,5.5,94.5
2023-01-13 17:30:00,207.615306122224,176.805983027778,176.82987102222,22.53148150666667,-2.266,22.5,2,5.1764362714980825,70.66250196097344,17,4,1,-0.9659258262890684,-0.2588190451025206,-0.433883739117558,-0.9009688679024191,0.4999999999999999,0.8660254037844387,20.0,31.25,87.4375,14.9,35.45,100.0,80.5,-4.9,3.408768,0.1,-1.95,22.26666665,22.65,23.03333333333333,23.45,23.5,22.55,-24.79748150666667,0.0425926266666714,-0.2199999999999997,-2.0460000000000003,-2.317333333333333,22.43641974888889,-2.0639999999999983,4.501394,4.520335,4.544298,4.5428915,4.443256,0,0.0,0,1.0,-0.15,5.5,94.5
2023-01-13 17:45:00,148.155462611104,112.330228827778,112.348839249998,22.26666665,-2.317333333333333,22.55,2,5.1764362714980825,70.66250196097344,17,4,1,-0.9659258262890684,-0.2588190451025206,-0.433883739117558,-0.9009688679024191,0.4999999999999999,0.8660254037844387,13.5,23.25,76.0,14.3,34.825,100.0,80.75,-4.95,3.389526,0.1,-2.075,21.859259226666666,22.5,22.65,23.03333333333333,23.45,22.966666666666665,-24.58399998333333,-0.2648148566666712,-0.051333333333333,-2.266,-2.320666666666667,22.42901234555556,-2.209777777777776,4.443256,4.501394,4.520335,4.544298,4.4203577,0,0.0,0,1.0,-0.21,6.0,94.0
2023-01-13 18:00:00,234.781163911112,195.441904227778,195.46856986111,21.859259226666666,-2.320666666666667,22.966666666666665,2,5.1764362714980825,70.66250196097344,18,4,1,-1.0,-1.8369701987210294e-16,-0.433883739117558,-0.9009688679024191,0.4999999999999999,0.8660254037844387,7.0,16.75,62.0,13.7,34.2,100.0,81.0,-5.0,3.3703287,0.1,-2.2,21.97222221,22.55,22.5,22.65,23.03333333333333,22.65,-24.179925893333333,-0.407407423333332,-0.0033333333333338,-2.317333333333333,-2.4186666666666667,22.219135794444444,-2.301333333333332,4.4203577,4.443256,4.501394,4.520335,4.38791,0,0.0,0,1.0,-0.31,6.9,93.1
2023-01-13 18:15:00,297.91780509444203,264.191931866668,264.225819394446,21.97222221,-2.4186666666666667,22.65,2,5.1764362714980825,70.66250196097344,18,4,1,-1.0,-1.8369701987210294e-16,-0.433883739117558,-0.9009688679024191,0.4999999999999999,0.8660254037844387,5.25,11.4375,49.770833333333336,13.725,33.575,100.0,81.25,-5.05,3.362971,0.1,-2.2750000000000004,22.28888886,22.966666666666665,22.55,22.5,22.65,22.316666666666663,-24.390888876666665,0.1129629833333325,-0.0979999999999998,-2.320666666666667,-2.5626666666666664,22.03271602888889,-2.3522222222222204,4.38791,4.4203577,4.443256,4.501394,4.4029055,0,0.0,0,1.0,-0.28,6.6,93.4
2023-01-13 18:30:00,288.509847994446,266.717108672222,266.75238506111,22.28888886,-2.5626666666666664,22.316666666666663,2,5.1764362714980825,70.66250196097344,18,4,1,-1.0,-1.8369701987210294e-16,-0.433883739117558,-0.9009688679024191,0.4999999999999999,0.8660254037844387,3.5,7.3125,39.3125,13.75,32.95,100.0,81.5,-5.1,3.3555865,0.1,-2.35,22.48888888,22.65,22.966666666666665,22.55,22.5,22.0,-24.851555526666665,0.3166666500000019,-0.1439999999999996,-2.4186666666666667,-2.6893333333333334,22.04012343222222,-2.433999999999998,4.4029055,4.38791,4.4203577,4.443256,4.3906126,0,0.0,0,1.0,-0.21,5.9,94.1
2023-01-13 18:45:00,272.158557622224,249.587238327778,249.620570377776,22.48888888,-2.6893333333333334,22.0,2,5.1764362714980825,70.66250196097344,18,4,1,-1.0,-1.8369701987210294e-16,-0.433883739117558,-0.9009688679024191,0.4999999999999999,0.8660254037844387,1.75,4.375,30.625,13.775,32.325,100.0,81.75,-5.15,3.348175,0.1,-2.425,22.57222224333333,22.316666666666663,22.65,22.966666666666665,22.55,22.0,-25.17822221333333,0.2000000199999974,-0.1266666666666669,-2.5626666666666664,-2.720666666666667,22.24999998333333,-2.556888888888887,4.3906126,4.4029055,4.38791,4.4203577,4.4116697,0,0.0,0,1.0,-0.17,5.6,94.4
2023-01-13 19:00:00,286.925466988888,243.143884972222,243.174994877776,22.57222224333333,-2.720666666666667,22.0,2,5.1764362714980825,70.66250196097344,19,4,1,-0.9659258262890684,0.2588190451025203,-0.433883739117558,-0.9009688679024191,0.4999999999999999,0.8660254037844387,0.0,2.625,23.70833333333333,13.8,31.7,100.0,82.0,-5.2,3.340738,0.1,-2.5,22.59999999,22.0,22.316666666666663,22.65,22.966666666666665,21.95,-25.29288891,0.0833333633333346,-0.0313333333333334,-2.6893333333333334,-2.728,22.449999994444443,-2.657555555555554,4.4116697,4.3906126,4.4029055,4.38791,4.408665,0,0.0,0,1.0,-0.15,5.4,94.6
2023-01-13 19:15:00,248.564779277776,211.267937827778,211.295714566664,22.59999999,-2.728,21.95,2,5.1764362714980825,70.66250196097344,19,4,1,-0.9659258262890684,0.2588190451025203,-0.433883739117558,-0.9009688679024191,0.4999999999999999,0.8660254037844387,0.0,1.3125,17.833333333333332,13.925,31.975,100.0,81.5,-5.45,3.273915,0.075,-2.7,22.38518519666667,22.0,22.0,22.316666666666663,22.65,21.53333333333333,-25.32799999,0.0277777466666684,-0.0073333333333334,-2.720666666666667,-2.7513333333333336,22.553703704444445,-2.712666666666665,4.408665,4.4116697,4.3906126,4.4029055,4.2719483,0,0.0,0,1.0,-0.14,5.4,94.6
2023-01-13 19:30:00,131.98444264444402,104.056948672222,104.070837016666,22.38518519666667,-2.7513333333333336,21.53333333333333,2,5.1764362714980825,70.66250196097344,19,4,1,-0.9659258262890684,0.2588190451025203,-0.433883739117558,-0.9009688679024191,0.4999999999999999,0.8660254037844387,0.0,0.4375,13.0,14.05,32.25,100.0,81.0,-5.7,3.2082298,0.05,-2.9,21.92222221,21.95,22.0,22.0,22.316666666666663,21.85,-25.136518530000004,-0.2148147933333319,-0.0233333333333334,-2.728,-2.917333333333333,22.519135810000005,-2.733333333333332,4.2719483,4.408665,4.4116697,4.3906126,4.2207403,0,0.0,0,1.0,-0.19,5.8,94.2
2023-01-13 19:45:00,181.634401033332,147.45382386111,147.474378638886,21.92222221,-2.917333333333333,21.85,2,5.1764362714980825,70.66250196097344,19,4,1,-0.9659258262890684,0.2588190451025203,-0.433883739117558,-0.9009688679024191,0.4999999999999999,0.8660254037844387,0.0,0.0,9.208333333333334,14.175,32.525,100.0,80.5,-5.95,3.1436672,0.0249999999999999,-3.1,21.79074073,21.53333333333333,21.95,22.0,22.0,22.0,-24.83955554333333,-0.4629629866666711,-0.1659999999999994,-2.7513333333333336,-3.082666666666667,22.302469132222225,-2.798888888888887,4.2207403,4.2719483,4.408665,4.4116697,4.217589,0,0.0,0,1.0,-0.3,6.8,93.2
2023-01-13 20:00:00,258.981584772222,236.904134572222,236.934688949998,21.79074073,-3.082666666666667,22.0,2,5.1764362714980825,70.66250196097344,20,4,1,-0.8660254037844386,0.5000000000000001,-0.433883739117558,-0.9009688679024191,0.4999999999999999,0.8660254037844387,0.0,0.0,6.458333333333333,14.3,32.8,100.0,80.0,-6.2,3.0802102,0.0,-3.3,22.06666666,21.85,21.53333333333333,21.95,22.0,21.65,-24.873407396666668,-0.1314814799999979,-0.1653333333333337,-2.917333333333333,-3.1766666666666667,22.03271604555556,-2.917111111111109,4.217589,4.2207403,4.2719483,4.408665,4.217079,0,0.0,0,1.0,-0.33,7.2,92.8
2023-01-13 20:15:00,294.200731450002,267.1426472,267.177368027778,22.06666666,-3.1766666666666667,21.65,2,5.1764362714980825,70.66250196097344,20,4,1,-0.8660254037844386,0.5000000000000001,-0.433883739117558,-0.9009688679024191,0.4999999999999999,0.8660254037844387,0.0,0.0,4.25,14.275,32.425,100.0,79.5,-6.35,3.0501297,0.0,-3.35,22.33888887333333,22.0,21.85,21.53333333333333,21.95,21.5,-25.243333326666665,0.2759259299999996,-0.0939999999999998,-3.082666666666667,-3.2006666666666663,21.9265432,-3.0588888888888874,4.217079,4.217589,4.2207403,4.2719483,4.253998,0,0.0,0,1.0,-0.27,6.5,93.5
2023-01-13 20:30:00,320.99438196111,272.03939573889,272.073838844444,22.33888887333333,-3.2006666666666663,21.5,2,5.1764362714980825,70.66250196097344,20,4,1,-0.8660254037844386,0.5000000000000001,-0.433883739117558,-0.9009688679024191,0.4999999999999999,0.8660254037844387,0.0,0.0,2.583333333333333,14.25,32.05,100.0,79.0,-6.5,3.020219,0.0,-3.4,22.47222223,21.65,22.0,21.85,21.53333333333333,21.45,-25.53955554,0.272222213333336,-0.0239999999999995,-3.1766666666666667,-3.28,22.06543208777778,-3.153333333333331,4.253998,4.217079,4.217589,4.2207403,4.2767515,0,0.0,0,1.0,-0.2,5.9,94.1
2023-01-13 20:45:00,300.93518427778,268.269824311112,268.305378455556,22.47222223,-3.28,21.45,2,5.1764362714980825,70.66250196097344,20,4,1,-0.8660254037844386,0.5000000000000001,-0.433883739117558,-0.9009688679024191,0.4999999999999999,0.8660254037844387,0.0,0.0,1.4583333333333333,14.225,31.675,100.0,78.5,-6.65,2.9904768,0.0,-3.45,22.57222224333333,21.5,21.65,22.0,21.85,21.03333333333333,-25.75222223,0.1333333566666645,-0.0793333333333334,-3.2006666666666663,-3.434,22.29259258777778,-3.219111111111109,4.2767515,4.253998,4.217079,4.217589,4.217823,0,0.0,0,1.0,-0.17,5.6,94.4
2023-01-13 21:00:00,264.19304283889403,242.322251188888,242.355027694442,22.57222224333333,-3.434,21.03333333333333,2,5.1764362714980825,70.66250196097344,21,4,1,-0.7071067811865477,0.7071067811865474,-0.433883739117558,-0.9009688679024191,0.4999999999999999,0.8660254037844387,0.0,0.0,0.875,14.2,31.3,100.0,78.0,-6.8,2.960903,0.0,-3.5,22.60555555,21.45,21.5,21.65,22.0,21.0,-26.006222243333333,0.1000000133333323,-0.1539999999999999,-3.28,-3.583333333333333,22.46111111555556,-3.3048888888888865,4.217823,4.2767515,4.253998,4.217079,4.219202,0,0.0,0,1.0,-0.15,5.5,94.5
2023-01-13 21:15:00,242.867229372222,210.384639844444,210.41186102222,22.60555555,-3.583333333333333,21.0,2,5.1764362714980825,70.66250196097344,21,4,1,-0.7071067811865477,0.7071067811865474,-0.433883739117558,-0.9009688679024191,0.4999999999999999,0.8660254037844387,0.0,0.0,0.4375,14.025,31.3,100.0,78.0,-6.875,2.9504094,0.025,-3.55,22.43703705333333,21.03333333333333,21.45,21.5,21.65,21.0,-26.18888888333333,0.0333333066666696,-0.1493333333333337,-3.434,-3.710666666666667,22.55000000777778,-3.4324444444444424,4.219202,4.217823,4.2767515,4.253998,4.178574,0,0.0,0,1.0,-0.15,5.4,94.6
2023-01-13 21:30:00,126.345779349998,100.489869144444,100.503479733332,22.43703705333333,-3.710666666666667,21.0,2,5.1764362714980825,70.66250196097344,21,4,1,-0.7071067811865477,0.7071067811865474,-0.433883739117558,-0.9009688679024191,0.4999999999999999,0.8660254037844387,0.0,0.0,0.1458333333333333,13.85,31.3,100.0,78.0,-6.949999999999999,2.939949,0.05,-3.6,21.93888886,21.0,21.03333333333333,21.45,21.5,21.35,-26.14770372,-0.168518496666671,-0.1273333333333335,-3.583333333333333,-3.792,22.538271615555555,-3.5759999999999983,4.178574,4.219202,4.217823,4.2767515,4.1281223,0,0.0,0,1.0,-0.18,5.7,94.3
2023-01-13 21:45:00,189.30631627778,151.393110683334,151.4147765,21.93888886,-3.792,21.35,2,5.1764362714980825,70.66250196097344,21,4,1,-0.7071067811865477,0.7071067811865474,-0.433883739117558,-0.9009688679024191,0.4999999999999999,0.8660254037844387,0.0,0.0,0.0,13.675,31.3,100.0,78.0,-7.025,2.9295206,0.075,-3.65,21.770370343333333,21.0,21.0,21.03333333333333,21.45,21.5,-25.730888860000004,-0.4981481933333285,-0.0813333333333332,-3.710666666666667,-3.8506666666666662,22.32716048777778,-3.695333333333332,4.1281223,4.178574,4.219202,4.217823,4.116888,0,0.0,0,1.0,-0.3,6.8,93.2
2023-01-13 22:00:00,269.397279294442,225.58903166111,225.618197227774,21.770370343333333,-3.8506666666666662,21.5,2,5.1764362714980825,70.66250196097344,22,4,1,-0.5000000000000004,0.8660254037844384,-0.433883739117558,-0.9009688679024191,0.4999999999999999,0.8660254037844387,0.0,0.0,0.0,13.5,31.3,100.0,78.0,-7.1,2.9191253,0.1,-3.7,22.00000002,21.35,21.0,21.0,21.03333333333333,21.15,-25.62103701,-0.1685185166666691,-0.0586666666666664,-3.792,-3.964,22.04876541888889,-3.7844444444444423,4.116888,4.1281223,4.178574,4.219202,4.1038876,0,0.0,0,1.0,-0.34,7.3,92.7
2023-01-13 22:15:00,271.84023700555804,246.393754955556,246.42708702222,22.00000002,-3.964,21.15,2,5.1764362714980825,70.66250196097344,22,4,1,-0.5000000000000004,0.8660254037844384,-0.433883739117558,-0.9009688679024191,0.4999999999999999,0.8660254037844387,0.0,0.0,0.0,13.5,30.85,100.0,77.75,-7.199999999999999,2.8942864,0.1,-3.775,22.20000003,21.5,21.35,21.0,21.0,20.816666666666663,-25.96400002,0.2296296766666685,-0.1133333333333332,-3.8506666666666662,-4.004,21.90308640777778,-3.868888888888888,4.1038876,4.116888,4.1281223,4.178574,4.086015,0,0.0,0,1.0,-0.28,6.7,93.3
2023-01-13 22:30:00,276.552270766668,254.688145416666,254.72119966111,22.20000003,-4.004,20.816666666666663,2,5.1764362714980825,70.66250196097344,22,4,1,-0.5000000000000004,0.8660254037844384,-0.433883739117558,-0.9009688679024191,0.4999999999999999,0.8660254037844387,0.0,0.0,0.0,13.5,30.4,100.0,77.5,-7.3,2.8696191,0.1,-3.85,22.36111112,21.15,21.5,21.35,21.0,20.5,-26.204000030000003,0.2000000100000001,-0.0399999999999995,-3.964,-4.075333333333334,21.990123464444448,-3.939555555555554,4.086015,4.1038876,4.116888,4.1281223,4.0613236,0,0.0,0,1.0,-0.24,6.2,93.8
2023-01-13 22:45:00,284.179465683334,254.5289851,254.562594872222,22.36111112,-4.075333333333334,20.5,2,5.1764362714980825,70.66250196097344,22,4,1,-0.5000000000000004,0.8660254037844384,-0.433883739117558,-0.9009688679024191,0.4999999999999999,0.8660254037844387,0.0,0.0,0.0,13.5,29.95,100.0,77.25,-7.4,2.8451233,0.1,-3.925,22.461111086666666,20.816666666666663,21.15,21.5,21.35,20.5,-26.43644445333333,0.161111089999995,-0.0713333333333343,-4.004,-4.114666666666667,22.187037056666668,-4.014444444444443,4.0613236,4.086015,4.1038876,4.116888,4.08473,0,0.0,0,1.0,-0.21,5.9,94.1
2023-01-13 23:00:00,293.757693772218,251.9840869,252.016307877776,22.461111086666666,-4.114666666666667,20.5,2,5.1764362714980825,70.66250196097344,23,4,1,-0.2588190451025215,0.965925826289068,-0.433883739117558,-0.9009688679024191,0.4999999999999999,0.8660254037844387,0.0,0.0,0.0,13.5,29.5,100.0,77.0,-7.5,2.8207972,0.1,-4.0,22.5,20.5,20.816666666666663,21.15,21.5,20.5,-26.57577775333333,0.0999999666666688,-0.0393333333333334,-4.075333333333334,-4.266,22.340740745555557,-4.064666666666665,4.08473,4.0613236,4.086015,4.1038876,4.0938635,0,0.0,0,1.0,-0.18,5.7,94.3
2023-01-13 23:15:00,278.633298855548,241.329790888888,241.361734111108,22.5,-4.266,20.5,2,5.1764362714980825,70.66250196097344,23,4,1,-0.2588190451025215,0.965925826289068,-0.433883739117558,-0.9009688679024191,0.4999999999999999,0.8660254037844387,0.0,0.0,0.0,13.325,29.6,100.0,76.75,-7.65,2.7916555,0.1,-4.1,22.438888876666667,20.5,20.5,20.816666666666663,21.15,20.5,-26.766,0.0388889133333343,-0.1513333333333326,-4.114666666666667,-4.346,22.440740735555558,-4.151999999999998,4.0938635,4.08473,4.0613236,4.086015,4.0795174,0,0.0,0,1.0,-0.17,5.6,94.4
2023-01-13 23:30:00,159.672224005554,130.850043555556,130.866709588888,22.438888876666667,-4.346,20.5,2,5.1764362714980825,70.66250196097344,23,4,1,-0.2588190451025215,0.965925826289068,-0.433883739117558,-0.9009688679024191,0.4999999999999999,0.8660254037844387,0.0,0.0,0.0,13.15,29.7,100.0,76.5,-7.8,2.762769,0.1,-4.2,21.99444444,20.5,20.5,20.5,20.816666666666663,20.55,-26.784888876666667,-0.0611111233333332,-0.08,-4.266,-4.465333333333334,22.46666665444444,-4.242222222222221,4.0795174,4.0938635,4.08473,4.0613236,3.986188,0,0.0,0,1.0,-0.19,5.7,94.3
2023-01-13 23:45:00,143.760082716666,115.898141655556,115.916196516666,21.99444444,-4.465333333333334,20.55,2,5.1764362714980825,70.66250196097344,23,4,1,-0.2588190451025215,0.965925826289068,-0.433883739117558,-0.9009688679024191,0.4999999999999999,0.8660254037844387,0.0,0.0,0.0,12.975,29.8,100.0,76.25,-7.949999999999999,2.7341352,0.1,-4.300000000000001,21.67037035666667,20.5,20.5,20.5,20.5,20.78333333333333,-26.45977777333333,-0.444444436666668,-0.1193333333333335,-4.346,-4.549333333333333,22.31111110555556,-4.359111111111109,3.986188,4.0795174,4.0938635,4.08473,3.9567323,0,0.0,0,1.0,-0.29,6.7,93.3
2023-01-14 00:00:00,258.75826042222,236.895246044444,236.928300355552,21.67037035666667,-4.549333333333333,20.78333333333333,2,5.1764362714980825,70.66250196097344,0,5,1,0.0,1.0,-0.9749279121818236,-0.2225209339563146,0.4999999999999999,0.8660254037844387,0.0,0.0,0.0,12.8,29.9,100.0,76.0,-8.1,2.7057524,0.1,-4.4,21.89444441,20.55,20.5,20.5,20.5,20.5,-26.219703690000003,-0.3240740833333291,-0.0839999999999996,-4.465333333333334,-4.5520000000000005,22.034567891111116,-4.453555555555554,3.9567323,3.986188,4.0795174,4.0938635,3.9536211,0,0.0,0,1.0,-0.36,7.7,92.3
2023-01-14 00:15:00,296.86618046111,255.295065555556,255.328119849998,21.89444441,-4.5520000000000005,20.5,2,5.1764362714980825,70.66250196097344,0,5,1,0.0,1.0,-0.9749279121818236,-0.2225209339563146,0.4999999999999999,0.8660254037844387,0.0,0.0,0.0,12.875,29.625,100.0,75.5,-8.225,2.6687822,0.075,-4.5,22.140740723333334,20.78333333333333,20.55,20.5,20.5,20.316666666666663,-26.44644441,0.2240740533333287,-0.0026666666666672,-4.549333333333333,-4.574,21.85308640222222,-4.522222222222221,3.9536211,3.9567323,3.986188,4.0795174,3.9742887,0,0.0,0,1.0,-0.31,7.0,93.0
2023-01-14 00:30:00,308.721261888884,263.961663344444,263.994717572222,22.140740723333334,-4.574,20.316666666666663,2,5.1764362714980825,70.66250196097344,0,5,1,0.0,1.0,-0.9749279121818236,-0.2225209339563146,0.4999999999999999,0.8660254037844387,0.0,0.0,0.0,12.95,29.35,100.0,75.0,-8.35,2.6321852,0.05,-4.6,22.30555553,20.5,20.78333333333333,20.55,20.5,20.0,-26.714740723333332,0.2462963133333353,-0.0219999999999993,-4.5520000000000005,-4.5906666666666665,21.90185183,-4.558444444444443,3.9742887,3.9536211,3.9567323,3.986188,3.9496295,0,0.0,0,1.0,-0.26,6.4,93.6
2023-01-14 00:45:00,286.10244427778,264.295816644444,264.330815244444,22.30555553,-4.5906666666666665,20.0,2,5.1764362714980825,70.66250196097344,0,5,1,0.0,1.0,-0.9749279121818236,-0.2225209339563146,0.4999999999999999,0.8660254037844387,0.0,0.0,0.0,13.025,29.075,100.0,74.5,-8.475,2.595959,0.0249999999999999,-4.7,22.40555554333333,20.316666666666663,20.5,20.78333333333333,20.55,20.0,-26.896222196666667,0.1648148066666657,-0.0166666666666666,-4.574,-4.747333333333334,22.11358022111111,-4.57222222222222,3.9496295,3.9742887,3.9536211,3.9567323,3.972402,0,0.0,0,1.0,-0.22,6.0,94.0
2023-01-14 01:00:00,287.25128737221803,261.937577644444,261.971465205554,22.40555554333333,-4.747333333333334,20.0,2,5.1764362714980825,70.66250196097344,1,5,1,0.2588190451025207,0.9659258262890684,-0.9749279121818236,-0.2225209339563146,0.4999999999999999,0.8660254037844387,0.0,0.0,0.0,13.1,28.8,100.0,74.0,-8.6,2.5600994,0.0,-4.8,22.48333332,20.0,20.316666666666663,20.5,20.78333333333333,20.0,-27.152888876666665,0.1000000133333323,-0.1566666666666671,-4.5906666666666665,-4.790000000000001,22.28395059888889,-4.637333333333332,3.972402,3.9496295,3.9742887,3.9536211,3.990193,0,0.0,0,1.0,-0.2,5.8,94.2
2023-01-14 01:15:00,275.00177742221604,243.991073316666,244.022738749998,22.48333332,-4.790000000000001,20.0,2,5.1764362714980825,70.66250196097344,1,5,1,0.2588190451025207,0.9659258262890684,-0.9749279121818236,-0.2225209339563146,0.4999999999999999,0.8660254037844387,0.0,0.0,0.0,13.25,29.15,100.0,73.75,-8.725,2.542307,0.0,-4.85,22.37777779,20.0,20.0,20.316666666666663,20.5,20.0,-27.27333332,0.077777776666668,-0.0426666666666673,-4.747333333333334,-4.994,22.39814813111111,-4.709333333333332,3.990193,3.972402,3.9496295,3.9742887,3.9660647,0,0.0,0,1.0,-0.18,5.7,94.3
2023-01-14 01:30:00,132.15471376666,98.553557716666,98.570779311108,22.37777779,-4.994,20.0,2,5.1764362714980825,70.66250196097344,1,5,1,0.2588190451025207,0.9659258262890684,-0.9749279121818236,-0.2225209339563146,0.4999999999999999,0.8660254037844387,0.0,0.0,0.0,13.4,29.5,100.0,73.5,-8.85,2.524605,0.0,-4.9,21.84444444,20.0,20.0,20.0,20.316666666666663,20.05,-27.37177779,-0.1055555300000001,-0.2039999999999988,-4.790000000000001,-5.1066666666666665,22.422222217777783,-4.843777777777777,3.9660647,3.990193,3.972402,3.9496295,3.855692,0,0.0,0,1.0,-0.2,5.9,94.1
2023-01-14 01:45:00,469.768986438882,144.667546416666,144.690045566664,21.84444444,-5.1066666666666665,20.05,2,5.1764362714980825,70.66250196097344,1,5,1,0.2588190451025207,0.9659258262890684,-0.9749279121818236,-0.2225209339563146,0.4999999999999999,0.8660254037844387,0.0,0.0,0.0,13.55,29.85,100.0,73.25,-8.975,2.5069935,0.0,-4.95,21.67962963,20.0,20.0,20.0,20.0,20.28333333333333,-26.951111106666666,-0.5333333499999995,-0.1126666666666666,-4.994,-5.190666666666667,22.23518518333333,-4.963555555555554,3.855692,3.9660647,3.990193,3.972402,3.86361,0,0.0,0,1.0,-0.33,7.2,92.8
2023-01-14 02:00:00,277.529453944444,242.287530327778,242.319751305554,21.67962963,-5.190666666666667,20.28333333333333,2,5.1764362714980825,70.66250196097344,2,5,1,0.4999999999999999,0.8660254037844387,-0.9749279121818236,-0.2225209339563146,0.4999999999999999,0.8660254037844387,0.0,0.0,0.0,13.7,30.2,100.0,73.0,-9.1,2.4894714,0.0,-5.0,21.94444445,20.05,20.0,20.0,20.0,20.0,-26.870296296666663,-0.1648148099999993,-0.0840000000000005,-5.1066666666666665,-5.154,21.967283953333336,-5.097111111111109,3.86361,3.855692,3.9660647,3.990193,3.8683324,0,0.0,0,1.0,-0.36,7.8,92.2
2023-01-14 02:15:00,256.0389247,234.194520727778,234.22618616111,21.94444445,-5.154,20.0,2,5.1764362714980825,70.66250196097344,2,5,1,0.4999999999999999,0.8660254037844387,-0.9749279121818236,-0.2225209339563146,0.4999999999999999,0.8660254037844387,0.0,0.0,0.0,13.325,30.2,100.0,72.75,-9.2,2.467597,0.0,-5.075,22.12407408,20.28333333333333,20.05,20.0,20.0,19.816666666666663,-27.09844445,0.264814819999998,0.036666666666667,-5.190666666666667,-5.256,21.822839506666668,-5.150444444444442,3.8683324,3.86361,3.855692,3.9660647,3.8727608,0,0.0,0,1.0,-0.3,6.9,93.1
2023-01-14 02:30:00,272.893528288888,250.557199527778,250.589976016666,22.12407408,-5.256,19.816666666666663,2,5.1764362714980825,70.66250196097344,2,5,1,0.4999999999999999,0.8660254037844387,-0.9749279121818236,-0.2225209339563146,0.4999999999999999,0.8660254037844387,0.0,0.0,0.0,12.95,30.2,100.0,72.5,-9.3,2.445877,0.0,-5.15,22.25000002,20.0,20.28333333333333,20.05,20.0,19.5,-27.38007408,0.1796296300000008,-0.1020000000000003,-5.154,-5.299333333333333,21.916049386666668,-5.20022222222222,3.8727608,3.8683324,3.86361,3.855692,3.838601,0,0.0,0,1.0,-0.26,6.5,93.5
2023-01-14 02:45:00,302.39429282777,259.615726105554,259.649335877776,22.25000002,-5.299333333333333,19.5,2,5.1764362714980825,70.66250196097344,2,5,1,0.4999999999999999,0.8660254037844387,-0.9749279121818236,-0.2225209339563146,0.4999999999999999,0.8660254037844387,0.0,0.0,0.0,12.575,30.2,100.0,72.25,-9.4,2.4243114,0.0,-5.225,22.3296296,19.816666666666663,20.0,20.28333333333333,20.05,19.5,-27.54933335333333,0.1259259400000019,-0.043333333333333,-5.256,-5.395333333333332,22.106172850000004,-5.236444444444442,3.838601,3.8727608,3.8683324,3.86361,3.8562243,0,0.0,0,1.0,-0.24,6.2,93.8
2023-01-14 03:00:00,292.20053384444,254.527040744444,254.559261705554,22.3296296,-5.395333333333332,19.5,2,5.1764362714980825,70.66250196097344,3,5,1,0.7071067811865476,0.7071067811865476,-0.9749279121818236,-0.2225209339563146,0.4999999999999999,0.8660254037844387,0.0,0.0,0.0,12.2,30.2,100.0,72.0,-9.5,2.402898,0.0,-5.3,22.31666664,19.5,19.816666666666663,20.0,20.28333333333333,19.5,-27.72496293333333,0.0796295799999953,-0.0959999999999992,-5.299333333333333,-5.53,22.2345679,-5.316888888888887,3.8562243,3.838601,3.8727608,3.8683324,3.85335,0,0.0,0,1.0,-0.22,6.0,94.0
2023-01-14 03:15:00,196.235205927774,168.152440316666,168.17605052221998,22.31666664,-5.53,19.5,2,5.1764362714980825,70.66250196097344,3,5,1,0.7071067811865476,0.7071067811865476,-0.9749279121818236,-0.2225209339563146,0.4999999999999999,0.8660254037844387,0.0,0.0,0.0,12.225,29.4,100.0,72.0,-9.55,2.3942497,0.0,-5.35,22.01481482333333,19.5,19.5,19.816666666666663,20.0,19.5,-27.84666664,-0.0129629599999958,-0.1346666666666678,-5.395333333333332,-5.682,22.29876542,-5.4082222222222205,3.85335,3.8562243,3.838601,3.8727608,3.7869594,0,0.0,0,1.0,-0.22,6.0,94.0
2023-01-14 03:30:00,145.091140588888,111.268049083334,111.285826205554,22.01481482333333,-5.682,19.5,2,5.1764362714980825,70.66250196097344,3,5,1,0.7071067811865476,0.7071067811865476,-0.9749279121818236,-0.2225209339563146,0.4999999999999999,0.8660254037844387,0.0,0.0,0.0,12.25,28.6,100.0,72.0,-9.6,2.3856287,0.0,-5.4,21.57222222,19.5,19.5,19.5,19.816666666666663,19.5,-27.69681482333333,-0.3018518166666695,-0.1520000000000001,-5.53,-5.8213333333333335,22.220370354444444,-5.535777777777775,3.7869594,3.85335,3.8562243,3.838601,3.691402,0,0.0,0,1.0,-0.29,6.8,93.2
2023-01-14 03:45:00,210.260478111112,187.676937088888,187.702769372222,21.57222222,-5.8213333333333335,19.5,2,5.1764362714980825,70.66250196097344,3,5,1,0.7071067811865476,0.7071067811865476,-0.9749279121818236,-0.2225209339563146,0.4999999999999999,0.8660254037844387,0.0,0.0,0.0,12.275,27.8,100.0,72.0,-9.65,2.3770351,0.0,-5.45,21.633333366666665,19.5,19.5,19.5,19.5,19.5,-27.393555553333336,-0.4425926033333311,-0.1393333333333331,-5.682,-5.820666666666667,21.967901227777777,-5.677777777777776,3.691402,3.7869594,3.85335,3.8562243,3.7044709,0,0.0,0,1.0,-0.39,8.2,91.8
2023-01-14 04:00:00,272.75520043889,245.966827566668,246.000715144444,21.633333366666665,-5.820666666666667,19.5,2,5.1764362714980825,70.66250196097344,4,5,1,0.8660254037844386,0.5000000000000001,-0.9749279121818236,-0.2225209339563146,0.4999999999999999,0.8660254037844387,0.0,0.0,0.0,12.3,27.0,100.0,72.0,-9.7,2.3684678,0.0,-5.5,21.90555554,19.5,19.5,19.5,19.5,19.45,-27.454000033333333,0.0611111466666649,0.0006666666666665,-5.8213333333333335,-5.752,21.74012347,-5.774666666666665,3.7044709,3.691402,3.7869594,3.85335,3.7535243,0,0.0,0,1.0,-0.38,8.0,92.0
2023-01-14 04:15:00,295.308742894438,247.070672311112,247.101226688888,21.90555554,-5.752,19.45,2,5.1764362714980825,70.66250196097344,4,5,1,0.8660254037844386,0.5000000000000001,-0.9749279121818236,-0.2225209339563146,0.4999999999999999,0.8660254037844387,0.0,0.0,0.0,12.175,27.1,100.0,71.75,-9.75,2.3559859,0.0,-5.525,22.048148186666666,19.5,19.5,19.5,19.5,19.03333333333333,-27.65755554,0.2722221733333363,0.0686666666666671,-5.820666666666667,-5.858666666666666,21.70370370888889,-5.797999999999998,3.7535243,3.7044709,3.691402,3.7869594,3.7034392,0,0.0,0,1.0,-0.32,7.1,92.9
2023-01-14 04:30:00,274.061814955552,240.438437627778,240.470936377776,22.048148186666666,-5.858666666666666,19.03333333333333,2,5.1764362714980825,70.66250196097344,4,5,1,0.8660254037844386,0.5000000000000001,-0.9749279121818236,-0.2225209339563146,0.4999999999999999,0.8660254037844387,0.0,0.0,0.0,12.05,27.2,100.0,71.5,-9.8,2.3435402,0.0,-5.55,22.10000001,19.45,19.5,19.5,19.5,19.0,-27.90681485333333,0.1425926466666638,-0.1066666666666664,-5.752,-6.227333333333333,21.86234569777778,-5.8104444444444425,3.7034392,3.7535243,3.7044709,3.691402,3.7080147,0,0.0,0,1.0,-0.29,6.7,93.3
2023-01-14 04:45:00,268.772304144448,246.8409593,246.873735772222,22.10000001,-6.227333333333333,19.0,2,5.1764362714980825,70.66250196097344,4,5,1,0.8660254037844386,0.5000000000000001,-0.9749279121818236,-0.2225209339563146,0.4999999999999999,0.8660254037844387,0.0,0.0,0.0,11.925,27.3,100.0,71.25,-9.85,2.3311315,0.0,-5.574999999999999,22.16296299333333,19.03333333333333,19.45,19.5,19.5,19.0,-28.327333343333333,0.0518518233333331,-0.3686666666666669,-5.858666666666666,-6.281333333333333,22.01790124555556,-5.945999999999998,3.7080147,3.7034392,3.7535243,3.7044709,3.7214856,0,0.0,0,1.0,-0.28,6.6,93.4
2023-01-14 05:00:00,223.084131927774,192.211200127778,192.238143533332,22.16296299333333,-6.281333333333333,19.0,2,5.1764362714980825,70.66250196097344,5,5,1,0.9659258262890684,0.2588190451025207,-0.9749279121818236,-0.2225209339563146,0.4999999999999999,0.8660254037844387,0.0,0.0,0.0,11.8,27.4,100.0,71.0,-9.9,2.3187585,0.0,-5.6,21.97222221,19.0,19.03333333333333,19.45,19.5,19.0,-28.444296326666667,0.0629629833333353,-0.0540000000000002,-6.227333333333333,-6.374,22.10370373,-6.122444444444443,3.7214856,3.7080147,3.7034392,3.7535243,3.6808076,0,0.0,0,1.0,-0.26,6.4,93.6
2023-01-14 05:15:00,130.887542138886,103.814736127778,103.830568877776,21.97222221,-6.374,19.0,2,5.1764362714980825,70.66250196097344,5,5,1,0.9659258262890684,0.2588190451025207,-0.9749279121818236,-0.2225209339563146,0.4999999999999999,0.8660254037844387,0.0,0.0,0.0,11.825,27.2,100.0,71.25,-9.95,2.3185263,0.0,-5.65,21.50000001,19.0,19.0,19.03333333333333,19.45,19.183333333333334,-28.34622221,-0.1907407833333358,-0.0926666666666662,-6.281333333333333,-6.549333333333333,22.078395071111107,-6.29422222222222,3.6808076,3.7214856,3.7080147,3.7034392,3.6163135,0,0.0,0,1.0,-0.3,6.9,93.1
2023-01-14 05:30:00,190.263222516666,152.3664051,152.38695986111,21.50000001,-6.549333333333333,19.183333333333334,2,5.1764362714980825,70.66250196097344,5,5,1,0.9659258262890684,0.2588190451025207,-0.9749279121818236,-0.2225209339563146,0.4999999999999999,0.8660254037844387,0.0,0.0,0.0,11.85,27.0,100.0,71.5,-10.0,2.3182616,0.0,-5.699999999999999,21.39444444,19.0,19.0,19.0,19.03333333333333,19.45,-28.04933334333333,-0.4722221999999973,-0.1753333333333335,-6.374,-6.531999999999999,21.87839507111111,-6.401555555555554,3.6163135,3.6808076,3.7214856,3.7080147,3.6442437,0,0.0,0,1.0,-0.41,8.5,91.5
2023-01-14 05:45:00,279.33882608333,237.807709527778,237.837986133332,21.39444444,-6.531999999999999,19.45,2,5.1764362714980825,70.66250196097344,5,5,1,0.9659258262890684,0.2588190451025207,-0.9749279121818236,-0.2225209339563146,0.4999999999999999,0.8660254037844387,0.0,0.0,0.0,11.875,26.8,100.0,71.75,-10.05,2.3179653,0.0,-5.75,21.65740741,19.183333333333334,19.0,19.0,19.0,19.03333333333333,-27.92644444,-0.1055555700000034,0.017333333333334,-6.549333333333333,-6.631333333333333,21.62222222,-6.4851111111111095,3.6442437,3.6163135,3.6808076,3.7214856,3.620853,0,0.0,0,1.0,-0.43,8.9,91.1
2023-01-14 06:00:00,274.067092411112,247.060394972222,247.093171477776,21.65740741,-6.631333333333333,19.03333333333333,2,5.1764362714980825,70.66250196097344,6,5,1,1.0,6.123233995736766e-17,-0.9749279121818236,-0.2225209339563146,0.4999999999999999,0.8660254037844387,0.0,0.0,0.0,11.9,26.6,100.0,72.0,-10.1,2.3176374,0.0,-5.8,21.86111112,19.45,19.183333333333334,19.0,19.0,18.95,-28.28874074333333,0.2629629700000038,-0.0993333333333339,-6.531999999999999,-6.73,21.517283953333333,-6.570888888888887,3.620853,3.6442437,3.6163135,3.6808076,3.6476657,0,0.0,0,1.0,-0.38,7.9,92.1
2023-01-14 06:15:00,269.354780777784,247.519820994446,247.55287523889,21.86111112,-6.73,18.95,2,5.1764362714980825,70.66250196097344,6,5,1,1.0,6.123233995736766e-17,-0.9749279121818236,-0.2225209339563146,0.4999999999999999,0.8660254037844387,0.0,0.0,0.0,11.95,26.875,100.0,72.0,-10.15,2.305081,0.0,-5.875,21.961111086666666,19.03333333333333,19.45,19.183333333333334,19.0,18.53333333333333,-28.59111112,0.2037037099999956,-0.0986666666666673,-6.631333333333333,-6.726666666666668,21.637654323333333,-6.631111111111109,3.6476657,3.620853,3.6442437,3.6163135,3.588102,0,0.0,0,1.0,-0.33,7.3,92.7
2023-01-14 06:30:00,274.505130472222,246.8584586,246.89067956111,21.961111086666666,-6.726666666666668,18.53333333333333,2,5.1764362714980825,70.66250196097344,6,5,1,1.0,6.123233995736766e-17,-0.9749279121818236,-0.2225209339563146,0.4999999999999999,0.8660254037844387,0.0,0.0,0.0,12.0,27.15,100.0,72.0,-10.2,2.2925844,0.0,-5.949999999999999,22.03888892,18.95,19.03333333333333,19.45,19.183333333333334,18.5,-28.68777775333333,0.0999999666666688,0.0033333333333329,-6.73,-6.700666666666667,21.82654320555556,-6.695999999999998,3.588102,3.6476657,3.620853,3.6442437,3.5977454,0,0.0,0,1.0,-0.31,7.0,93.0
2023-01-14 06:45:00,274.354581011108,230.231623733332,230.262733672218,22.03888892,-6.700666666666667,18.5,2,5.1764362714980825,70.66250196097344,6,5,1,1.0,6.123233995736766e-17,-0.9749279121818236,-0.2225209339563146,0.4999999999999999,0.8660254037844387,0.0,0.0,0.0,12.05,27.425,100.0,72.0,-10.25,2.2801473,0.0,-6.025,21.95370374,18.53333333333333,18.95,19.03333333333333,19.45,18.5,-28.739555586666665,0.0777778333333323,0.0260000000000006,-6.726666666666668,-6.8020000000000005,21.953703708888884,-6.71911111111111,3.5977454,3.588102,3.6476657,3.620853,3.5801194,0,0.0,0,1.0,-0.29,6.8,93.2
2023-01-14 07:00:00,134.250741022216,98.163017788888,98.179406116662,21.95370374,-6.8020000000000005,18.5,2,5.1764362714980825,70.66250196097344,7,5,1,0.9659258262890684,-0.2588190451025206,-0.9749279121818236,-0.2225209339563146,0.4999999999999999,0.8660254037844387,0.0,0.0,0.0,12.1,27.7,100.0,72.0,-10.3,2.2677698,0.0,-6.1,21.49444446,18.5,18.53333333333333,18.95,19.03333333333333,18.85,-28.75570374,-0.0851851799999998,-0.1013333333333337,-6.700666666666667,-6.865333333333334,21.984567915555555,-6.7431111111111095,3.5801194,3.5977454,3.588102,3.6476657,3.552333,0,0.0,0,1.0,-0.31,7.0,93.0
2023-01-14 07:15:00,182.569085877776,157.01066373889,157.033996172222,21.49444446,-6.865333333333334,18.85,2,5.1764362714980825,70.66250196097344,7,5,1,0.9659258262890684,-0.2588190451025206,-0.9749279121818236,-0.2225209339563146,0.4999999999999999,0.8660254037844387,0.0,0.0,0.0,12.25,27.875,100.0,72.5,-10.4,2.254668,0.0,-6.275,21.32592594333333,18.5,18.5,18.53333333333333,18.95,19.0,-28.359777793333336,-0.4592592799999977,-0.0633333333333334,-6.8020000000000005,-6.764,21.82901237333333,-6.789333333333332,3.552333,3.5801194,3.5977454,3.588102,3.5458245,0,0.0,0,1.0,-0.41,8.6,91.4
2023-01-14 07:30:00,266.342679166668,235.701682655556,235.732514772222,21.32592594333333,-6.764,19.0,2,5.1764362714980825,70.66250196097344,7,5,1,0.9659258262890684,-0.2588190451025206,-0.9749279121818236,-0.2225209339563146,0.4999999999999999,0.8660254037844387,0.0,0.0,0.0,12.4,28.05,100.0,73.0,-10.5,2.2414925,0.0,-6.449999999999999,21.55555555,18.85,18.5,18.5,18.53333333333333,18.65,-28.08992594333333,-0.1685185166666656,0.1013333333333337,-6.865333333333334,-6.808000000000001,21.591358047777774,-6.810444444444443,3.5458245,3.552333,3.5801194,3.5977454,3.527094,0,0.0,0,1.0,-0.45,9.3,90.7
2023-01-14 07:45:00,270.027531583342,248.2109045,248.244514272222,21.55555555,-6.808000000000001,18.65,2,5.1764362714980825,70.66250196097344,7,5,1,0.9659258262890684,-0.2588190451025206,-0.9749279121818236,-0.2225209339563146,0.4999999999999999,0.8660254037844387,0.0,0.0,0.0,12.55,28.225,100.0,73.5,-10.6,2.2282457,0.0,-6.625,21.75555553,19.0,18.85,18.5,18.5,18.5,-28.36355555,0.2296296066666663,-0.0440000000000004,-6.764,-7.0793333333333335,21.458641984444444,-6.812444444444442,3.527094,3.5458245,3.552333,3.5801194,3.5394094,0,0.0,0,1.0,-0.4,8.4,91.6
2023-01-14 08:00:00,287.562941488888,251.319113483334,251.353001044444,21.75555553,-7.0793333333333335,18.5,2,5.1764362714980825,70.66250196097344,8,5,1,0.8660254037844387,-0.4999999999999998,-0.9749279121818236,-0.2225209339563146,0.4999999999999999,0.8660254037844387,0.0,0.0,0.0,12.7,28.4,100.0,74.0,-10.7,2.2149317,0.0,-6.8,21.91111107,18.65,19.0,18.85,18.5,18.5,-28.834888863333333,0.1999999799999976,-0.2713333333333327,-6.808000000000001,-7.070666666666667,21.54567900777778,-6.883777777777777,3.5394094,3.527094,3.5458245,3.552333,3.5713348,0,0.0,0,1.0,-0.36,7.7,92.3
2023-01-14 08:15:00,294.795152288884,246.675688111112,246.70735356111,21.91111107,-7.070666666666667,18.5,2,5.1764362714980825,70.66250196097344,8,5,1,0.8660254037844387,-0.4999999999999998,-0.9749279121818236,-0.2225209339563146,0.4999999999999999,0.8660254037844387,0.75,0.1875,0.0625,13.025,28.95,100.0,74.0,-10.675,2.2149317,0.0,-6.8,21.96481478666667,18.5,18.65,19.0,18.85,18.316666666666663,-28.98177773666667,0.1555555400000017,0.0086666666666666,-7.0793333333333335,-6.9673333333333325,21.740740716666668,-6.986,3.5713348,3.5394094,3.527094,3.5458245,3.5469131,0,0.0,0,1.0,-0.32,7.2,92.8
2023-01-14 08:30:00,233.133174349998,209.384679827778,209.414123116666,21.96481478666667,-6.9673333333333325,18.316666666666663,2,5.1764362714980825,70.66250196097344,8,5,1,0.8660254037844387,-0.4999999999999998,-0.9749279121818236,-0.2225209339563146,0.4999999999999999,0.8660254037844387,1.5,0.5625,0.1875,13.35,29.5,100.0,74.0,-10.65,2.2149317,0.0,-6.8,21.805555570000003,18.5,18.5,18.65,19.0,18.05,-28.93214812,0.0537037166666678,0.1033333333333343,-7.070666666666667,-7.063999999999999,21.87716046222222,-7.039111111111109,3.5469131,3.5713348,3.5394094,3.527094,3.4633014,0,0.0,0,1.0,-0.31,7.0,93.0
2023-01-14 08:45:00,123.577001238886,101.747041055556,101.765373672222,21.805555570000003,-7.063999999999999,18.05,2,5.1764362714980825,70.66250196097344,8,5,1,0.8660254037844387,-0.4999999999999998,-0.9749279121818236,-0.2225209339563146,0.4999999999999999,0.8660254037844387,2.25,1.125,0.375,13.675,30.05,100.0,74.0,-10.625,2.2149317,0.0,-6.8,21.33333335333333,18.316666666666663,18.5,18.5,18.65,18.466666666666665,-28.869555570000003,-0.1592592166666655,-0.0966666666666666,-6.9673333333333325,-7.022666666666667,21.893827142222225,-7.033999999999998,3.4633014,3.5469131,3.5713348,3.5394094,3.447773,0,0.0,0,1.0,-0.35,7.5,92.5
2023-01-14 09:00:00,200.12977223889,165.6300412,165.6533736,21.33333335333333,-7.022666666666667,18.466666666666665,2,5.1764362714980825,70.66250196097344,9,5,1,0.7071067811865476,-0.7071067811865475,-0.9749279121818236,-0.2225209339563146,0.4999999999999999,0.8660254037844387,3.0,1.875,0.625,14.0,30.6,100.0,74.0,-10.6,2.2149317,0.0,-6.8,21.26111113,18.05,18.316666666666663,18.5,18.5,18.5,-28.35600002,-0.4722222166666689,0.0413333333333323,-7.063999999999999,-6.938000000000001,21.70123457,-7.017999999999998,3.447773,3.4633014,3.5469131,3.5713348,3.439566,0,0.0,0,1.0,-0.45,9.3,90.7
2023-01-14 09:15:00,265.63520754999803,234.987822311112,235.020598783334,21.26111113,-6.938000000000001,18.5,2,5.1764362714980825,70.66250196097344,9,5,1,0.7071067811865476,-0.7071067811865475,-0.9749279121818236,-0.2225209339563146,0.4999999999999999,0.8660254037844387,11.75,4.625,1.6041666666666667,14.175,31.225,100.0,74.0,-10.575,2.2230344,0.0,-6.75,21.494444416666667,18.466666666666665,18.05,18.316666666666663,18.5,18.5,-28.19911113,-0.072222223333334,0.0846666666666662,-7.022666666666667,-6.92,21.466666684444448,-7.00822222222222,3.439566,3.447773,3.4633014,3.5469131,3.4863749,0,0.0,0,1.0,-0.47,9.6,90.4
2023-01-14 09:30:00,282.196767244444,244.754098311112,244.78715253889,21.494444416666667,-6.92,18.5,2,5.1764362714980825,70.66250196097344,9,5,1,0.7071067811865476,-0.7071067811865475,-0.9749279121818236,-0.2225209339563146,0.4999999999999999,0.8660254037844387,20.5,9.375,3.3125,14.35,31.85,100.0,74.0,-10.55,2.2311623,0.0,-6.699999999999999,21.69444443,18.5,18.466666666666665,18.05,18.316666666666663,18.45,-28.41444441666667,0.2333332866666673,0.0180000000000006,-6.938000000000001,-6.789333333333333,21.362962966666668,-6.960222222222221,3.4863749,3.439566,3.447773,3.4633014,3.5174022,0,0.0,0,1.0,-0.42,8.6,91.4
2023-01-14 09:45:00,290.198669472218,252.14046956111,252.174079349998,21.69444443,-6.789333333333333,18.45,2,5.1764362714980825,70.66250196097344,9,5,1,0.7071067811865476,-0.7071067811865475,-0.9749279121818236,-0.2225209339563146,0.4999999999999999,0.8660254037844387,29.25,16.125,5.75,14.525,32.475,100.0,74.0,-10.525,2.239317,0.0,-6.65,21.81481483,18.5,18.5,18.466666666666665,18.05,18.03333333333333,-28.48377776333333,0.2000000133333301,0.1306666666666665,-6.92,-6.503333333333333,21.48333332555556,-6.882444444444443,3.5174022,3.4863749,3.439566,3.447773,3.4619536,0,0.0,0,1.0,-0.37,7.9,92.1
2023-01-14 10:00:00,271.935788533344,248.545057783334,248.579223066668,21.81481483,-6.503333333333333,18.03333333333333,2,5.1764362714980825,70.66250196097344,10,5,1,0.4999999999999999,-0.8660254037844387,-0.9749279121818236,-0.2225209339563146,0.4999999999999999,0.8660254037844387,38.0,24.875,8.916666666666666,14.7,33.1,100.0,74.0,-10.5,2.2474976,0.0,-6.6,21.86666668,18.45,18.5,18.5,18.466666666666665,18.0,-28.318148163333333,0.1203704000000023,0.2860000000000005,-6.789333333333333,-6.292666666666666,21.66790122555556,-6.737555555555553,3.4619536,3.5174022,3.4863749,3.439566,3.4659126,0,0.0,0,1.0,-0.35,7.5,92.5
2023-01-14 10:15:00,177.080138694446,155.276844211112,155.301009944444,21.86666668,-6.292666666666666,18.0,2,5.1764362714980825,70.66250196097344,10,5,1,0.4999999999999999,-0.8660254037844387,-0.9749279121818236,-0.2225209339563146,0.4999999999999999,0.8660254037844387,46.0,33.4375,12.75,14.175,33.2,100.0,73.75,-10.5,2.2480836,0.0,-6.55,21.538888916666668,18.03333333333333,18.45,18.5,18.5,18.183333333333334,-28.159333346666664,0.0518518499999984,0.2106666666666665,-6.503333333333333,-6.115333333333334,21.79197531333333,-6.5284444444444425,3.4659126,3.4619536,3.5174022,3.4863749,3.4355233,0,0.0,0,1.0,-0.34,7.3,92.7
2023-01-14 10:30:00,140.794090294442,104.456099355556,104.473598705554,21.538888916666668,-6.115333333333334,18.183333333333334,2,5.1764362714980825,70.66250196097344,10,5,1,0.4999999999999999,-0.8660254037844387,-0.9749279121818236,-0.2225209339563146,0.4999999999999999,0.8660254037844387,54.0,41.8125,17.25,13.65,33.3,100.0,73.5,-10.5,2.2486413,0.0,-6.5,21.17222222,18.0,18.03333333333333,18.45,18.5,18.5,-27.654222250000004,-0.3277777633333301,0.1773333333333324,-6.292666666666666,-5.971333333333333,21.74012347555556,-6.303777777777776,3.4355233,3.4659126,3.4619536,3.5174022,3.4218779,0,0.0,0,1.0,-0.41,8.5,91.5
2023-01-14 10:45:00,246.077934138894,205.495113183334,205.52288983889,21.17222222,-5.971333333333333,18.5,2,5.1764362714980825,70.66250196097344,10,5,1,0.4999999999999999,-0.8660254037844387,-0.9749279121818236,-0.2225209339563146,0.4999999999999999,0.8660254037844387,62.0,50.0,22.416666666666668,13.125,33.4,100.0,73.25,-10.5,2.249169,0.0,-6.45,21.296296266666666,18.183333333333334,18.0,18.03333333333333,18.45,18.5,-27.14355555333333,-0.3666666966666696,0.144000000000001,-6.115333333333334,-5.91,21.52592593888889,-6.126444444444442,3.4218779,3.4355233,3.4659126,3.4619536,3.4465904,0,0.0,0,1.0,-0.49,10.0,90.0
2023-01-14 11:00:00,278.330255244444,246.850125616666,246.883457616666,21.296296266666666,-5.91,18.5,2,5.1764362714980825,70.66250196097344,11,5,1,0.258819045102521,-0.9659258262890682,-0.9749279121818236,-0.2225209339563146,0.4999999999999999,0.8660254037844387,70.0,58.0,28.25,12.6,33.5,100.0,73.0,-10.5,2.2496667,0.0,-6.4,21.605555560000003,18.5,18.183333333333334,18.0,18.03333333333333,18.5,-27.206296266666666,0.1240740466666672,0.0613333333333327,-5.971333333333333,-5.842,21.33580246777778,-5.998888888888888,3.4465904,3.4218779,3.4355233,3.4659126,3.5088575,0,0.0,0,1.0,-0.46,9.5,90.5
2023-01-14 11:15:00,286.2102178,256.92416705555604,256.959165622224,21.605555560000003,-5.842,18.5,2,5.1764362714980825,70.66250196097344,11,5,1,0.258819045102521,-0.9659258262890682,-0.9749279121818236,-0.2225209339563146,0.4999999999999999,0.8660254037844387,77.5,65.875,34.645833333333336,12.475,32.6,100.0,72.5,-10.475,2.250573,0.0,-6.300000000000001,21.759259236666665,18.5,18.5,18.183333333333334,18.0,18.316666666666663,-27.44755556,0.3092592933333371,0.0680000000000005,-5.91,-5.826,21.358024682222226,-5.907777777777777,3.5088575,3.4465904,3.4218779,3.4355233,3.5050843,0,0.0,0,1.0,-0.39,8.2,91.8
2023-01-14 11:30:00,280.31017597778,253.609577444444,253.643464988888,21.759259236666665,-5.826,18.316666666666663,2,5.1764362714980825,70.66250196097344,11,5,1,0.258819045102521,-0.9659258262890682,-0.9749279121818236,-0.2225209339563146,0.4999999999999999,0.8660254037844387,85.0,73.625,41.60416666666666,12.35,31.7,100.0,72.0,-10.45,2.2513585,0.0,-6.2,21.87777777,18.5,18.5,18.5,18.183333333333334,18.0,-27.585259236666666,0.1537036766666624,0.016,-5.842,-5.77,21.55370368777778,-5.859333333333331,3.5050843,3.5088575,3.4465904,3.4218779,3.4681354,0,0.0,0,1.0,-0.36,7.7,92.3
2023-01-14 11:45:00,270.81194483889,249.020316572222,249.055592944444,21.87777777,-5.77,18.0,2,5.1764362714980825,70.66250196097344,11,5,1,0.258819045102521,-0.9659258262890682,-0.9749279121818236,-0.2225209339563146,0.4999999999999999,0.8660254037844387,92.5,81.25,49.125,12.225,30.8,100.0,71.5,-10.425,2.252021,0.0,-6.1,21.961111086666666,18.316666666666663,18.5,18.5,18.5,18.0,-27.64777777,0.1185185333333365,0.056,-5.826,-5.665333333333334,21.74753085555556,-5.812666666666664,3.4681354,3.5050843,3.5088575,3.4465904,3.4848475,0,0.0,0,1.0,-0.33,7.3,92.7
2023-01-14 12:00:00,296.144264938886,252.367682672222,252.401570233332,21.961111086666666,-5.665333333333334,18.0,2,5.1764362714980825,70.66250196097344,12,5,1,1.2246467991473532e-16,-1.0,-0.9749279121818236,-0.2225209339563146,0.4999999999999999,0.8660254037844387,100.0,88.75,57.208333333333336,12.1,29.9,100.0,71.0,-10.4,2.25256,0.0,-6.0,22.03888892,18.0,18.316666666666663,18.5,18.5,18.0,-27.62644442,0.0833333166666641,0.1046666666666658,-5.77,-5.472,21.866049364444446,-5.753777777777775,3.4848475,3.4681354,3.5050843,3.5088575,3.5005088,0,0.0,0,1.0,-0.31,7.0,93.0
2023-01-14 12:15:00,296.10843293889,253.394030466668,253.427084711112,22.03888892,-5.472,18.0,2,5.1764362714980825,70.66250196097344,12,5,1,1.2246467991473532e-16,-1.0,-0.9749279121818236,-0.2225209339563146,0.4999999999999999,0.8660254037844387,115.75,98.3125,65.875,12.475,30.525,100.0,70.25,-10.4,2.2531316,0.0,-5.85,22.0555556,18.0,18.0,18.316666666666663,18.5,18.0,-27.51088892,0.0777778333333323,0.1933333333333342,-5.665333333333334,-5.506666666666666,21.95925925888889,-5.635777777777776,3.5005088,3.4848475,3.4681354,3.5050843,3.5038738,0,0.0,0,1.0,-0.3,6.8,93.2
2023-01-14 12:30:00,259.199353661118,237.409669866668,237.442724094446,22.0555556,-5.506666666666666,18.0,2,5.1764362714980825,70.66250196097344,12,5,1,1.2246467991473532e-16,-1.0,-0.9749279121818236,-0.2225209339563146,0.4999999999999999,0.8660254037844387,131.5,109.9375,75.125,12.85,31.15,100.0,69.5,-10.4,2.2534153,0.0,-5.7,21.97222224,18.0,18.0,18.0,18.316666666666663,18.0,-27.562222266666662,0.0166666800000037,-0.0346666666666664,-5.472,-5.642,22.01851853555556,-5.547999999999997,3.5038738,3.5005088,3.4848475,3.4681354,3.487081,0,0.0,0,1.0,-0.29,6.8,93.2
2023-01-14 12:45:00,128.192649888888,102.2200777,102.237021472222,21.97222224,-5.642,18.0,2,5.1764362714980825,70.66250196097344,12,5,1,1.2246467991473532e-16,-1.0,-0.9749279121818236,-0.2225209339563146,0.4999999999999999,0.8660254037844387,147.25,123.625,84.95833333333333,13.225,31.775,100.0,68.75,-10.4,2.253404,0.0,-5.550000000000001,21.483333366666667,18.0,18.0,18.0,18.0,18.183333333333334,-27.61422224,-0.083333360000001,-0.1353333333333335,-5.506666666666666,-5.542,22.022222253333336,-5.540222222222219,3.487081,3.5038738,3.5005088,3.4848475,3.424495,0,0.0,0,1.0,-0.31,7.0,93.0
2023-01-14 13:00:00,825.680304833332,141.1318545,141.156575744444,21.483333366666667,-5.542,18.183333333333334,2,5.1764362714980825,70.66250196097344,13,5,1,-0.2588190451025208,-0.9659258262890684,-0.9749279121818236,-0.2225209339563146,0.4999999999999999,0.8660254037844387,163.0,139.375,95.375,13.6,32.4,100.0,68.0,-10.4,2.2530935,0.0,-5.4,21.33333332,18.0,18.0,18.0,18.0,18.5,-27.025333366666665,-0.4888888733333338,0.0999999999999996,-5.642,-5.472666666666667,21.83703706888889,-5.563555555555553,3.424495,3.487081,3.5038738,3.5005088,3.4539962,0,0.0,0,1.0,-0.42,8.7,91.3
2023-01-14 13:15:00,291.212517766664,229.426100372222,229.45693252222,21.33333332,-5.472666666666667,18.5,2,5.1764362714980825,70.66250196097344,13,5,1,-0.2588190451025208,-0.9659258262890684,-0.9749279121818236,-0.2225209339563146,0.4999999999999999,0.8660254037844387,181.5,155.8125,106.66666666666669,14.025,33.4,100.0,67.25,-10.375,2.256539,0.0,-5.2250000000000005,21.55000001,18.183333333333334,18.0,18.0,18.0,18.5,-26.80599998666667,-0.1500000466666655,0.0693333333333328,-5.542,-5.460666666666667,21.59629630888889,-5.55222222222222,3.4539962,3.424495,3.487081,3.5038738,3.4976008,0,0.0,0,1.0,-0.45,9.3,90.7
2023-01-14 13:30:00,585.058541072226,248.50783703889,248.540613494446,21.55000001,-5.460666666666667,18.5,2,5.1764362714980825,70.66250196097344,13,5,1,-0.2588190451025208,-0.9659258262890684,-0.9749279121818236,-0.2225209339563146,0.4999999999999999,0.8660254037844387,200.0,172.9375,118.83333333333331,14.45,34.4,100.0,66.5,-10.35,2.2596648,0.0,-5.050000000000001,21.755555580000003,18.5,18.183333333333334,18.0,18.0,18.15,-27.010666676666663,0.2166666900000002,0.0120000000000004,-5.472666666666667,-5.454666666666666,21.45555556555556,-5.491777777777776,3.4976008,3.4539962,3.424495,3.487081,3.4724476,0,0.0,0,1.0,-0.4,8.4,91.6
2023-01-14 13:45:00,287.557108355556,252.907383283334,252.941270827778,21.755555580000003,-5.454666666666666,18.15,2,5.1764362714980825,70.66250196097344,13,5,1,-0.2588190451025208,-0.9659258262890684,-0.9749279121818236,-0.2225209339563146,0.4999999999999999,0.8660254037844387,218.5,190.75,131.875,14.875,35.4,100.0,65.75,-10.325,2.262465,0.0,-4.875,21.901851843333336,18.5,18.5,18.183333333333334,18.0,18.0,-27.210222246666667,0.2055555700000013,0.0060000000000002,-5.460666666666667,-5.550666666666666,21.54629630333333,-5.462666666666665,3.4724476,3.4976008,3.4539962,3.424495,3.4729562,0,0.0,0,1.0,-0.36,7.7,92.3
2023-01-14 14:00:00,270.387239477784,248.561168222224,248.595333572222,21.901851843333336,-5.550666666666666,18.0,2,5.1764362714980825,70.66250196097344,14,5,1,-0.4999999999999997,-0.8660254037844388,-0.9749279121818236,-0.2225209339563146,0.4999999999999999,0.8660254037844387,237.0,209.25,145.79166666666666,15.3,36.4,100.0,65.0,-10.3,2.2649305,0.0,-4.7,22.02222224,18.15,18.5,18.5,18.183333333333334,18.0,-27.452518510000004,0.1462962633333333,-0.096,-5.454666666666666,-5.571333333333333,21.73580247777778,-5.488666666666664,3.4729562,3.4724476,3.4976008,3.4539962,3.4971478,0,0.0,0,1.0,-0.33,7.2,92.8
2023-01-14 14:15:00,276.74920725556,254.9223027,254.957856827778,22.02222224,-5.571333333333333,18.0,2,5.1764362714980825,70.66250196097344,14,5,1,-0.4999999999999997,-0.8660254037844388,-0.9749279121818236,-0.2225209339563146,0.4999999999999999,0.8660254037844387,232.25,221.9375,158.6875,15.175,36.4,100.0,65.25,-10.225,2.2818081,0.0,-4.65,22.0555556,18.0,18.15,18.5,18.5,18.0,-27.593555573333333,0.1203703966666651,-0.0206666666666661,-5.550666666666666,-5.646,21.893209887777783,-5.525555555555553,3.4971478,3.4729562,3.4724476,3.4976008,3.5038738,0,0.0,0,1.0,-0.3,6.9,93.1
2023-01-14 14:30:00,285.503023972218,242.255587155556,242.288085888888,22.0555556,-5.646,18.0,2,5.1764362714980825,70.66250196097344,14,5,1,-0.4999999999999997,-0.8660254037844388,-0.9749279121818236,-0.2225209339563146,0.4999999999999999,0.8660254037844387,227.5,228.8125,170.5625,15.05,36.4,100.0,65.5,-10.15,2.298775,0.0,-4.6,22.02777782,18.0,18.0,18.15,18.5,18.0,-27.7015556,0.0333333600000003,-0.0746666666666673,-5.571333333333333,-5.609333333333334,21.993209894444448,-5.589333333333332,3.5038738,3.4971478,3.4729562,3.4724476,3.4982681,0,0.0,0,1.0,-0.29,6.8,93.2
2023-01-14 14:45:00,180.51805690555,143.119830527778,143.141774149998,22.02777782,-5.609333333333334,18.0,2,5.1764362714980825,70.66250196097344,14,5,1,-0.4999999999999997,-0.8660254037844388,-0.9749279121818236,-0.2225209339563146,0.4999999999999999,0.8660254037844387,222.75,229.875,181.41666666666663,14.925,36.4,100.0,65.75,-10.075,2.3158302,0.0,-4.55,21.653703723333333,18.0,18.0,18.0,18.15,18.183333333333334,-27.637111153333336,-0.0277777800000009,0.0366666666666661,-5.646,-5.652,22.03518522,-5.608888888888887,3.4982681,3.5038738,3.4971478,3.4729562,3.4584098,0,0.0,0,1.0,-0.3,6.8,93.2
2023-01-14 15:00:00,152.488622677768,125.033887344444,125.053331049998,21.653703723333333,-5.652,18.183333333333334,2,5.1764362714980825,70.66250196097344,15,5,1,-0.7071067811865471,-0.7071067811865479,-0.9749279121818236,-0.2225209339563146,0.4999999999999999,0.8660254037844387,218.0,225.125,191.25,14.8,36.4,100.0,66.0,-10.0,2.3329751,0.0,-4.5,21.327777790000003,18.0,18.0,18.0,18.0,18.5,-27.30570372333333,-0.3740740966666678,-0.0426666666666664,-5.609333333333334,-5.715333333333334,21.912345714444445,-5.635777777777776,3.4584098,3.4982681,3.5038738,3.4971478,3.4528842,0,0.0,0,1.0,-0.38,8.0,92.0
2023-01-14 15:15:00,246.034880444444,213.380908888888,213.410352194442,21.327777790000003,-5.715333333333334,18.5,2,5.1764362714980825,70.66250196097344,15,5,1,-0.7071067811865471,-0.7071067811865479,-0.9749279121818236,-0.2225209339563146,0.4999999999999999,0.8660254037844387,193.75,215.5,197.75,14.6,36.025,100.0,67.0,-9.9,2.3472092,0.0,-4.625,21.494444416666667,18.183333333333334,18.0,18.0,18.0,18.5,-27.043111123333336,-0.3259259333333304,-0.0633333333333334,-5.652,-5.724,21.66975311111111,-5.658888888888888,3.4528842,3.4584098,3.4982681,3.5038738,3.4863749,0,0.0,0,1.0,-0.46,9.3,90.7
2023-01-14 15:30:00,274.350969838894,251.093011427778,251.126621183334,21.494444416666667,-5.724,18.5,2,5.1764362714980825,70.66250196097344,15,5,1,-0.7071067811865471,-0.7071067811865479,-0.9749279121818236,-0.2225209339563146,0.4999999999999999,0.8660254037844387,169.5,201.0,200.91666666666663,14.4,35.65,100.0,68.0,-9.8,2.3609812,0.0,-4.75,21.7388889,18.5,18.183333333333334,18.0,18.0,18.45,-27.218444416666667,0.1666666266666645,-0.0086666666666666,-5.715333333333334,-5.826666666666667,21.49197531,-5.697111111111109,3.4863749,3.4528842,3.4584098,3.4982681,3.5264466,0,0.0,0,1.0,-0.42,8.6,91.4
2023-01-14 15:45:00,280.835710438894,254.300938655556,254.33427063889,21.7388889,-5.826666666666667,18.45,2,5.1764362714980825,70.66250196097344,15,5,1,-0.7071067811865471,-0.7071067811865479,-0.9749279121818236,-0.2225209339563146,0.4999999999999999,0.8660254037844387,145.25,181.625,200.75,14.2,35.275,100.0,69.0,-9.7,2.3742979,0.0,-4.875,21.901851843333336,18.5,18.5,18.183333333333334,18.0,18.03333333333333,-27.565555566666667,0.2444444833333321,-0.1026666666666669,-5.724,-5.893333333333333,21.52037036888889,-5.755333333333332,3.5264466,3.4863749,3.4528842,3.4584098,3.4793875,0,0.0,0,1.0,-0.36,7.7,92.3
2023-01-14 16:00:00,291.382510916666,244.492164355556,244.525218616666,21.901851843333336,-5.893333333333333,18.03333333333333,2,5.1764362714980825,70.66250196097344,16,5,1,-0.8660254037844385,-0.5000000000000004,-0.9749279121818236,-0.2225209339563146,0.4999999999999999,0.8660254037844387,121.0,157.375,197.25,14.0,34.9,100.0,70.0,-9.6,2.3871644,0.0,-5.0,21.93333329,18.45,18.5,18.5,18.183333333333334,18.0,-27.79518517666667,0.162962943333337,-0.0666666666666655,-5.826666666666667,-5.928666666666667,21.711728386666667,-5.814666666666665,3.4793875,3.5264466,3.4863749,3.4528842,3.4792693,0,0.0,0,1.0,-0.33,7.2,92.8
2023-01-14 16:15:00,215.015565849994,180.508612716666,180.53527838333,21.93333329,-5.928666666666667,18.0,2,5.1764362714980825,70.66250196097344,16,5,1,-0.8660254037844385,-0.5000000000000004,-0.9749279121818236,-0.2225209339563146,0.4999999999999999,0.8660254037844387,103.75,134.875,190.77083333333331,14.0,34.45,100.0,71.25,-9.575,2.3950665,0.0,-5.2,21.718518496666665,18.03333333333333,18.45,18.5,18.5,18.183333333333334,-27.86199995666667,0.0314814466666639,-0.0353333333333347,-5.893333333333333,-5.858666666666666,21.85802467777778,-5.882888888888886,3.4792693,3.4793875,3.5264466,3.4863749,3.4713893,0,0.0,0,1.0,-0.32,7.1,92.9
2023-01-14 16:30:00,125.42581626666,103.616688483334,103.633632272222,21.718518496666665,-5.858666666666666,18.183333333333334,2,5.1764362714980825,70.66250196097344,16,5,1,-0.8660254037844385,-0.5000000000000004,-0.9749279121818236,-0.2225209339563146,0.4999999999999999,0.8660254037844387,86.5,114.125,181.3125,14.0,34.0,100.0,72.5,-9.55,2.4021957,0.0,-5.4,21.22777777,18.0,18.03333333333333,18.45,18.5,18.5,-27.577185163333333,-0.2148147933333355,0.0700000000000011,-5.928666666666667,-5.837999999999999,21.851234543333334,-5.893555555555554,3.4713893,3.4792693,3.4793875,3.5264466,3.4329238,0,0.0,0,1.0,-0.37,7.8,92.2
2023-01-14 16:45:00,188.725506311108,159.560284016666,159.583338677776,21.22777777,-5.837999999999999,18.5,2,5.1764362714980825,70.66250196097344,16,5,1,-0.8660254037844385,-0.5000000000000004,-0.9749279121818236,-0.2225209339563146,0.4999999999999999,0.8660254037844387,69.25,95.125,168.875,14.0,33.55,100.0,73.75,-9.525,2.4085693,0.0,-5.6,21.19259257333333,18.183333333333334,18.0,18.03333333333333,18.45,18.5,-27.06577777,-0.4907407266666652,0.020666666666667,-5.858666666666666,-5.78,21.62654318555556,-5.875111111111109,3.4329238,3.4713893,3.4792693,3.4793875,3.4259243,0,0.0,0,1.0,-0.48,9.8,90.2
2023-01-14 17:00:00,274.797340850006,247.124836844444,247.155946733332,21.19259257333333,-5.78,18.5,2,5.1764362714980825,70.66250196097344,17,5,1,-0.9659258262890684,-0.2588190451025206,-0.9749279121818236,-0.2225209339563146,0.4999999999999999,0.8660254037844387,52.0,77.875,153.45833333333334,14.0,33.1,100.0,75.0,-9.5,2.4142053,0.0,-5.8,21.46666666,18.5,18.183333333333334,18.0,18.03333333333333,18.5,-26.972592573333333,-0.0351851966666671,0.0579999999999989,-5.837999999999999,-5.720666666666667,21.37962961333333,-5.825555555555553,3.4259243,3.4329238,3.4713893,3.4792693,3.4807734,0,0.0,0,1.0,-0.49,9.9,90.1
2023-01-14 17:15:00,286.219661905554,248.408118794446,248.440617544444,21.46666666,-5.720666666666667,18.5,2,5.1764362714980825,70.66250196097344,17,5,1,-0.9659258262890684,-0.2588190451025206,-0.9749279121818236,-0.2225209339563146,0.4999999999999999,0.8660254037844387,42.5,62.5625,137.64583333333334,14.0,32.825,100.0,75.75,-9.475,2.416365,0.0,-5.925,21.696296323333332,18.5,18.5,18.183333333333334,18.0,18.316666666666663,-27.187333326666664,0.2740740866666655,0.059333333333333,-5.78,-5.664,21.29567900111111,-5.779555555555554,3.4807734,3.4259243,3.4329238,3.4713893,3.4923575,0,0.0,0,1.0,-0.42,8.7,91.3
2023-01-14 17:30:00,295.60623094444,255.294232255556,255.326453233332,21.696296323333332,-5.664,18.316666666666663,2,5.1764362714980825,70.66250196097344,17,5,1,-0.9659258262890684,-0.2588190451025206,-0.9749279121818236,-0.2225209339563146,0.4999999999999999,0.8660254037844387,33.0,49.1875,121.4375,14.0,32.55,100.0,76.5,-9.45,2.4182653,0.0,-6.05,21.82222221,18.5,18.5,18.5,18.183333333333334,18.0,-27.360296323333337,0.2296296633333376,0.0566666666666675,-5.720666666666667,-5.739999999999999,21.451851852222223,-5.721555555555554,3.4923575,3.4807734,3.4259243,3.4329238,3.457032,0,0.0,0,1.0,-0.37,7.9,92.1
2023-01-14 17:45:00,279.826306516666,251.043846711112,251.075789933332,21.82222221,-5.739999999999999,18.0,2,5.1764362714980825,70.66250196097344,17,5,1,-0.9659258262890684,-0.2588190451025206,-0.9749279121818236,-0.2225209339563146,0.4999999999999999,0.8660254037844387,23.5,37.75,104.83333333333331,14.0,32.275,100.0,77.25,-9.425,2.4199111,0.0,-6.175,21.86481480666667,18.316666666666663,18.5,18.5,18.5,18.0,-27.56222221,0.1259258866666641,-0.0759999999999996,-5.664,-5.694,21.66172839777778,-5.708222222222221,3.457032,3.4923575,3.4807734,3.4259243,3.4655426,0,0.0,0,1.0,-0.35,7.5,92.5
2023-01-14 18:00:00,175.635474333332,153.839679483334,153.861067527778,21.86481480666667,-5.694,18.0,2,5.1764362714980825,70.66250196097344,18,5,1,-1.0,-1.8369701987210294e-16,-0.9749279121818236,-0.2225209339563146,0.4999999999999999,0.8660254037844387,14.0,28.25,87.83333333333333,14.0,32.0,100.0,78.0,-9.4,2.421306,0.0,-6.3,21.52222219,18.0,18.316666666666663,18.5,18.5,18.05,-27.558814806666668,0.0425925966666689,0.0459999999999993,-5.739999999999999,-5.598666666666667,21.79444444666667,-5.699333333333332,3.4655426,3.457032,3.4923575,3.4807734,3.4070442,0,0.0,0,1.0,-0.34,7.3,92.7
2023-01-14 18:15:00,133.847145999996,108.826202311112,108.843423905554,21.52222219,-5.598666666666667,18.05,2,5.1764362714980825,70.66250196097344,18,5,1,-1.0,-1.8369701987210294e-16,-0.9749279121818236,-0.2225209339563146,0.4999999999999999,0.8660254037844387,10.5,20.25,72.5625,13.95,31.825,100.0,78.5,-9.4,2.4279804,0.0,-6.35,21.10185187,18.0,18.0,18.316666666666663,18.5,18.466666666666665,-27.120888856666664,-0.3425926166666713,0.0953333333333326,-5.694,-5.623333333333333,21.73641973555556,-5.6775555555555535,3.4070442,3.4655426,3.457032,3.4923575,3.4017901,0,0.0,0,1.0,-0.41,8.6,91.4
2023-01-14 18:30:00,266.94043320555,222.309718355556,222.337217288888,21.10185187,-5.623333333333333,18.466666666666665,2,5.1764362714980825,70.66250196097344,18,5,1,-1.0,-1.8369701987210294e-16,-0.9749279121818236,-0.2225209339563146,0.4999999999999999,0.8660254037844387,7.0,13.75,59.020833333333336,13.9,31.65,100.0,79.0,-9.4,2.4345708,0.0,-6.4,21.28333331,18.05,18.0,18.0,18.316666666666663,18.5,-26.72518520333333,-0.4203703199999964,-0.0246666666666657,-5.598666666666667,-5.613333333333333,21.49629628888889,-5.638666666666666,3.4017901,3.4070442,3.4655426,3.457032,3.4440007,0,0.0,0,1.0,-0.51,10.4,89.6
2023-01-14 18:45:00,284.35223653889,247.174834827778,247.206778016666,21.28333331,-5.613333333333333,18.5,2,5.1764362714980825,70.66250196097344,18,5,1,-1.0,-1.8369701987210294e-16,-0.9749279121818236,-0.2225209339563146,0.4999999999999999,0.8660254037844387,3.5,8.75,47.208333333333336,13.85,31.475,100.0,79.5,-9.4,2.4410775,0.0,-6.45,21.55000001,18.466666666666665,18.05,18.0,18.0,18.316666666666663,-26.896666643333333,0.1814814399999988,0.0099999999999997,-5.623333333333333,-5.576666666666666,21.30246912333333,-5.611777777777777,3.4440007,3.4017901,3.4070442,3.4655426,3.4629402,0,0.0,0,1.0,-0.47,9.5,90.5
2023-01-14 19:00:00,274.677623355564,251.662155311112,251.693820744444,21.55000001,-5.576666666666666,18.316666666666663,2,5.1764362714980825,70.66250196097344,19,5,1,-0.9659258262890684,0.2588190451025203,-0.9749279121818236,-0.2225209339563146,0.4999999999999999,0.8660254037844387,0.0,5.25,37.125,13.8,31.3,100.0,80.0,-9.4,2.4475007,0.0,-6.5,21.71666666,18.5,18.466666666666665,18.05,18.0,18.0,-27.126666676666662,0.2666667000000018,0.036666666666667,-5.613333333333333,-5.496,21.31172839666667,-5.604444444444442,3.4629402,3.4440007,3.4017901,3.4070442,3.436022,0,0.0,0,1.0,-0.41,8.4,91.6
2023-01-14 19:15:00,289.689245250002,256.351412166668,256.3839109,21.71666666,-5.496,18.0,2,5.1764362714980825,70.66250196097344,19,5,1,-0.9659258262890684,0.2588190451025203,-0.9749279121818236,-0.2225209339563146,0.4999999999999999,0.8660254037844387,0.0,2.625,28.479166666666668,13.4,31.3,100.0,79.5,-9.625,2.4057527,0.0,-6.65,21.84629628,18.316666666666663,18.5,18.466666666666665,18.05,18.0,-27.21266666,0.1666666499999962,0.0806666666666666,-5.576666666666666,-5.412000000000001,21.51666666,-5.561999999999998,3.436022,3.4629402,3.4440007,3.4017901,3.4618404,0,0.0,0,1.0,-0.37,7.8,92.2
2023-01-14 19:30:00,270.42140479445,248.591167055556,248.623388033332,21.84629628,-5.412000000000001,18.0,2,5.1764362714980825,70.66250196097344,19,5,1,-0.9659258262890684,0.2588190451025203,-0.9749279121818236,-0.2225209339563146,0.4999999999999999,0.8660254037844387,0.0,0.875,21.27083333333333,13.0,31.3,100.0,79.0,-9.85,2.3645895,0.0,-6.8,21.86666668,18.0,18.316666666666663,18.5,18.466666666666665,18.0,-27.258296280000003,0.1296296200000029,0.0839999999999987,-5.496,-5.4093333333333335,21.70432098333333,-5.494888888888887,3.4618404,3.436022,3.4629402,3.4440007,3.4659126,0,0.0,0,1.0,-0.34,7.4,92.6
2023-01-14 19:45:00,191.352623322224,159.305294183334,159.328348827778,21.86666668,-5.4093333333333335,18.0,2,5.1764362714980825,70.66250196097344,19,5,1,-0.9659258262890684,0.2588190451025203,-0.9749279121818236,-0.2225209339563146,0.4999999999999999,0.8660254037844387,0.0,0.0,15.5,12.6,31.3,100.0,78.5,-10.075,2.3240047,0.0,-6.949999999999999,21.51851853,18.0,18.0,18.316666666666663,18.5,18.183333333333334,-27.27600001333333,0.0203703999999973,0.0026666666666672,-5.412000000000001,-5.3580000000000005,21.80987654,-5.43911111111111,3.4659126,3.4618404,3.436022,3.4629402,3.4314759,0,0.0,0,1.0,-0.34,7.3,92.7
2023-01-14 20:00:00,155.970149927774,106.310747433332,106.32713574444,21.51851853,-5.3580000000000005,18.183333333333334,2,5.1764362714980825,70.66250196097344,20,5,1,-0.8660254037844386,0.5000000000000001,-0.9749279121818236,-0.2225209339563146,0.4999999999999999,0.8660254037844387,0.0,0.0,11.166666666666666,12.2,31.3,100.0,78.0,-10.3,2.2839909,0.0,-7.1,21.07777777,18.0,18.0,18.0,18.316666666666663,18.5,-26.87651853,-0.3481481500000001,0.051333333333333,-5.4093333333333335,-5.215999999999999,21.74382716333333,-5.393111111111111,3.4314759,3.4659126,3.4618404,3.436022,3.40317,0,0.0,0,1.0,-0.41,8.6,91.4
2023-01-14 20:15:00,221.92778928333,196.202984916666,196.229928355552,21.07777777,-5.215999999999999,18.5,2,5.1764362714980825,70.66250196097344,20,5,1,-0.8660254037844386,0.5000000000000001,-0.9749279121818236,-0.2225209339563146,0.4999999999999999,0.8660254037844387,0.0,0.0,7.625,12.025,30.325,100.0,78.5,-10.15,2.3112879,0.0,-7.025,21.185185166666667,18.183333333333334,18.0,18.0,18.0,18.5,-26.29377777,-0.440740759999997,0.1420000000000012,-5.3580000000000005,-5.288,21.487654326666668,-5.327777777777776,3.40317,3.4314759,3.4659126,3.4618404,3.4244523,0,0.0,0,1.0,-0.51,10.5,89.5
2023-01-14 20:30:00,261.778139505558,239.947623911112,239.9795671,21.185185166666667,-5.288,18.5,2,5.1764362714980825,70.66250196097344,20,5,1,-0.8660254037844386,0.5000000000000001,-0.9749279121818236,-0.2225209339563146,0.4999999999999999,0.8660254037844387,0.0,0.0,4.875,11.85,29.35,100.0,79.0,-10.0,2.3388076,0.0,-6.949999999999999,21.4611111,18.5,18.183333333333334,18.0,18.0,18.45,-26.473185166666667,0.1074073966666659,-0.0720000000000009,-5.215999999999999,-5.196666666666667,21.260493822222227,-5.287333333333332,3.4244523,3.40317,3.4314759,3.4659126,3.4702497,0,0.0,0,1.0,-0.49,10.0,90.0
2023-01-14 20:45:00,269.935591094442,237.839097172222,237.869929338886,21.4611111,-5.196666666666667,18.45,2,5.1764362714980825,70.66250196097344,20,5,1,-0.8660254037844386,0.5000000000000001,-0.9749279121818236,-0.2225209339563146,0.4999999999999999,0.8660254037844387,0.0,0.0,2.9166666666666665,11.675,28.375,100.0,79.5,-9.85,2.3665514,0.0,-6.875,21.64444443,18.5,18.5,18.183333333333334,18.0,18.03333333333333,-26.65777776666667,0.2759259333333332,0.091333333333333,-5.288,-5.102666666666666,21.241358012222225,-5.2335555555555535,3.4702497,3.4244523,3.40317,3.4314759,3.428045,0,0.0,0,1.0,-0.42,8.8,91.2
2023-01-14 21:00:00,277.686947711108,246.431531244444,246.464029994442,21.64444443,-5.102666666666666,18.03333333333333,2,5.1764362714980825,70.66250196097344,21,5,1,-0.7071067811865477,0.7071067811865474,-0.9749279121818236,-0.2225209339563146,0.4999999999999999,0.8660254037844387,0.0,0.0,1.75,11.5,27.4,100.0,80.0,-9.7,2.3945208,0.0,-6.8,21.76111112,18.45,18.5,18.5,18.183333333333334,18.0,-26.747111096666664,0.1833333299999999,0.0940000000000012,-5.196666666666667,-5.216666666666667,21.430246898888885,-5.195777777777776,3.428045,3.4702497,3.4244523,3.40317,3.4448552,0,0.0,0,1.0,-0.39,8.1,91.9
2023-01-14 21:15:00,282.355372116662,244.7702088,244.80242976111,21.76111112,-5.216666666666667,18.0,2,5.1764362714980825,70.66250196097344,21,5,1,-0.7071067811865477,0.7071067811865474,-0.9749279121818236,-0.2225209339563146,0.4999999999999999,0.8660254037844387,0.0,0.0,0.875,11.275,26.75,100.0,80.25,-9.575,2.419605,0.0,-6.7,21.79814815,18.03333333333333,18.45,18.5,18.5,18.0,-26.977777786666664,0.1166666899999988,-0.1140000000000007,-5.102666666666666,-5.534000000000001,21.622222216666668,-5.171999999999998,3.4448552,3.428045,3.4702497,3.4244523,3.45223,0,0.0,0,1.0,-0.36,7.7,92.3
2023-01-14 21:30:00,255.700049405554,218.693751883334,218.721528588888,21.79814815,-5.534000000000001,18.0,2,5.1764362714980825,70.66250196097344,21,5,1,-0.7071067811865477,0.7071067811865474,-0.9749279121818236,-0.2225209339563146,0.4999999999999999,0.8660254037844387,0.0,0.0,0.2916666666666667,11.05,26.1,100.0,80.5,-9.45,2.4449127,0.0,-6.6,21.63888887,18.0,18.03333333333333,18.45,18.5,18.0,-27.33214815,0.0370370300000004,-0.3173333333333339,-5.216666666666667,-5.912000000000001,21.7345679,-5.284444444444443,3.45223,3.4448552,3.428045,3.4702497,3.4206102,0,0.0,0,1.0,-0.35,7.6,92.4
2023-01-14 21:45:00,124.482520616662,98.739939127778,98.75632742222,21.63888887,-5.912000000000001,18.0,2,5.1764362714980825,70.66250196097344,21,5,1,-0.7071067811865477,0.7071067811865474,-0.9749279121818236,-0.2225209339563146,0.4999999999999999,0.8660254037844387,0.0,0.0,0.0,10.825,25.45,100.0,80.75,-9.325,2.4704459,0.0,-6.5,21.146296266666663,18.0,18.0,18.03333333333333,18.45,18.183333333333334,-27.55088887,-0.159259279999997,-0.3780000000000001,-5.534000000000001,-6.086,21.732716046666667,-5.554222222222221,3.4206102,3.45223,3.4448552,3.428045,3.358249,0,0.0,0,1.0,-0.39,8.1,91.9
2023-01-14 22:00:00,170.457070544436,148.650164888888,148.671552949998,21.146296266666663,-6.086,18.183333333333334,2,5.1764362714980825,70.66250196097344,22,5,1,-0.5000000000000004,0.8660254037844384,-0.9749279121818236,-0.2225209339563146,0.4999999999999999,0.8660254037844387,0.0,0.0,0.0,10.6,24.8,100.0,81.0,-9.2,2.4962053,0.0,-6.4,21.0388889,18.0,18.0,18.0,18.03333333333333,18.45,-27.232296266666665,-0.492592603333339,-0.1739999999999995,-5.912000000000001,-6.176666666666667,21.527777762222225,-5.843999999999999,3.358249,3.4206102,3.45223,3.4448552,3.3863168,0,0.0,0,1.0,-0.5,10.2,89.8
2023-01-14 22:15:00,274.668457288888,242.775566355556,242.807231805554,21.0388889,-6.176666666666667,18.45,2,5.1764362714980825,70.66250196097344,22,5,1,-0.5000000000000004,0.8660254037844384,-0.9749279121818236,-0.2225209339563146,0.4999999999999999,0.8660254037844387,0.0,0.0,0.0,10.6,24.8,100.0,80.75,-9.2,2.4930332,0.0,-6.375,21.272222216666663,18.183333333333334,18.0,18.0,18.0,18.03333333333333,-27.215555566666666,-0.1074073666666635,-0.0906666666666664,-6.086,-6.160666666666667,21.27469134555556,-6.058222222222221,3.3863168,3.358249,3.4206102,3.45223,3.3549635,0,0.0,0,1.0,-0.52,10.7,89.3
2023-01-14 22:30:00,270.790556977772,227.115915,227.145080549998,21.272222216666663,-6.160666666666667,18.03333333333333,2,5.1764362714980825,70.66250196097344,22,5,1,-0.5000000000000004,0.8660254037844384,-0.9749279121818236,-0.2225209339563146,0.4999999999999999,0.8660254037844387,0.0,0.0,0.0,10.6,24.8,100.0,80.5,-9.2,2.4898398,0.0,-6.35,21.47777778,18.45,18.183333333333334,18.0,18.0,18.0,-27.432888883333334,0.2333333166666662,0.016,-6.176666666666667,-6.120666666666667,21.152469127777778,-6.141111111111109,3.3549635,3.3863168,3.358249,3.4206102,3.3888779,0,0.0,0,1.0,-0.47,9.6,90.4
2023-01-14 22:45:00,281.46068570555,249.560850483334,249.594182533332,21.47777778,-6.120666666666667,18.0,2,5.1764362714980825,70.66250196097344,22,5,1,-0.5000000000000004,0.8660254037844384,-0.9749279121818236,-0.2225209339563146,0.4999999999999999,0.8660254037844387,0.0,0.0,0.0,10.6,24.8,100.0,80.25,-9.2,2.486626,0.0,-6.325,21.62407408,18.03333333333333,18.45,18.183333333333334,18.0,18.0,-27.59844444666667,0.2055555633333341,0.04,-6.160666666666667,-6.166666666666667,21.262962965555555,-6.152666666666665,3.3888779,3.3549635,3.3863168,3.358249,3.4176822,0,0.0,0,1.0,-0.42,8.7,91.3
2023-01-14 23:00:00,276.75281836111003,250.272488716666,250.304987449998,21.62407408,-6.166666666666667,18.0,2,5.1764362714980825,70.66250196097344,23,5,1,-0.2588190451025215,0.965925826289068,-0.9749279121818236,-0.2225209339563146,0.4999999999999999,0.8660254037844387,0.0,0.0,0.0,10.6,24.8,100.0,80.0,-9.2,2.4833908,0.0,-6.3,21.70555555,18.0,18.03333333333333,18.45,18.183333333333334,17.65,-27.790740746666668,0.1462962999999995,-0.0460000000000002,-6.120666666666667,-6.208,21.458024692222224,-6.149333333333332,3.4176822,3.3888779,3.3549635,3.3863168,3.367047,0,0.0,0,1.0,-0.39,8.2,91.8
2023-01-14 23:15:00,275.143993783334,245.325464372222,245.356852066664,21.70555555,-6.208,17.65,2,5.1764362714980825,70.66250196097344,23,5,1,-0.2588190451025215,0.965925826289068,-0.9749279121818236,-0.2225209339563146,0.4999999999999999,0.8660254037844387,0.0,0.0,0.0,10.55,24.8,100.0,79.75,-9.3,2.4666429,0.0,-6.35,21.742592586666667,18.0,18.0,18.03333333333333,18.45,17.5,-27.91355555,0.0814814699999999,-0.0413333333333332,-6.166666666666667,-6.233333333333333,21.602469136666667,-6.165111111111109,3.367047,3.4176822,3.3888779,3.3549635,3.3455837,0,0.0,0,1.0,-0.37,7.9,92.1
2023-01-14 23:30:00,262.983924622224,240.636485255556,240.66759516111,21.742592586666667,-6.233333333333333,17.5,2,5.1764362714980825,70.66250196097344,23,5,1,-0.2588190451025215,0.965925826289068,-0.9749279121818236,-0.2225209339563146,0.4999999999999999,0.8660254037844387,0.0,0.0,0.0,10.5,24.8,100.0,79.5,-9.4,2.4499795,0.0,-6.4,21.72222222,17.65,18.0,18.0,18.03333333333333,17.5,-27.97592592,0.0370370366666676,-0.0253333333333332,-6.208,-6.355333333333333,21.69074073888889,-6.202666666666666,3.3455837,3.367047,3.4176822,3.3888779,3.3416483,0,0.0,0,1.0,-0.37,7.8,92.2
2023-01-14 23:45:00,198.94259764444,158.616710611112,158.638098672222,21.72222222,-6.355333333333333,17.5,2,5.1764362714980825,70.66250196097344,23,5,1,-0.2588190451025215,0.965925826289068,-0.9749279121818236,-0.2225209339563146,0.4999999999999999,0.8660254037844387,0.0,0.0,0.0,10.45,24.8,100.0,79.25,-9.5,2.433401,0.0,-6.45,21.403703723333333,17.5,17.65,18.0,18.0,17.683333333333334,-28.077555553333333,-0.0203703666666683,-0.1219999999999998,-6.233333333333333,-6.615333333333334,21.723456785555555,-6.2655555555555535,3.3416483,3.3455837,3.367047,3.4176822,3.3150098,0,0.0,0,1.0,-0.37,7.9,92.1
2023-01-15 00:00:00,156.565403949994,111.603035716666,111.620257327774,21.403703723333333,-6.615333333333334,17.683333333333334,2,5.1764362714980825,70.66250196097344,0,6,1,0.0,1.0,-0.7818314824680299,0.6234898018587334,0.4999999999999999,0.8660254037844387,0.0,0.0,0.0,10.4,24.8,100.0,79.0,-9.6,2.4169068,0.0,-6.5,20.96666667,17.5,17.5,17.65,18.0,18.0,-28.01903705666667,-0.3185184966666661,-0.2600000000000007,-6.355333333333333,-6.848666666666667,21.62283951,-6.401333333333333,3.3150098,3.3416483,3.3455837,3.367047,3.2898893,0,0.0,0,1.0,-0.44,9.1,90.9
2023-01-15 00:15:00,222.976913883334,201.158342227778,201.1861189,20.96666667,-6.848666666666667,18.0,2,5.1764362714980825,70.66250196097344,0,6,1,0.0,1.0,-0.7818314824680299,0.6234898018587334,0.4999999999999999,0.8660254037844387,0.0,0.0,0.0,10.25,24.625,99.0,79.25,-9.65,2.4069486,0.0,-6.6,21.074074066666665,17.683333333333334,17.5,17.5,17.65,17.816666666666666,-27.815333336666665,-0.4370370533333343,-0.2333333333333334,-6.615333333333334,-7.215999999999999,21.364197537777773,-6.606444444444443,3.2898893,3.3150098,3.3416483,3.3455837,3.2767632,0,0.0,0,1.0,-0.54,11.1,88.9
2023-01-15 00:30:00,260.607353072222,238.645453783334,238.676563688888,21.074074066666665,-7.215999999999999,17.816666666666666,2,5.1764362714980825,70.66250196097344,0,6,1,0.0,1.0,-0.7818314824680299,0.6234898018587334,0.4999999999999999,0.8660254037844387,0.0,0.0,0.0,10.1,24.450000000000003,98.0,79.5,-9.7,2.396992,0.0,-6.7,21.30555553,18.0,17.683333333333334,17.5,17.5,17.5,-28.290074066666666,0.1074073966666659,-0.3673333333333319,-6.848666666666667,-7.536666666666666,21.14814815333333,-6.893333333333331,3.2767632,3.2898893,3.3150098,3.3416483,3.2620385,0,0.0,0,1.0,-0.52,10.6,89.4
2023-01-15 00:45:00,252.61628386111,218.398208172222,218.426540455552,21.30555553,-7.536666666666666,17.5,2,5.1764362714980825,70.66250196097344,0,6,1,0.0,1.0,-0.7818314824680299,0.6234898018587334,0.4999999999999999,0.8660254037844387,0.0,0.0,0.0,9.95,24.275,97.0,79.75,-9.75,2.3870378,0.0,-6.800000000000001,21.40555554333333,17.816666666666666,18.0,17.683333333333334,17.5,17.5,-28.842222196666665,0.2314814633333348,-0.3206666666666669,-7.215999999999999,-7.822,21.11543208888889,-7.200444444444443,3.2620385,3.2767632,3.2898893,3.3150098,3.2809932,0,0.0,0,1.0,-0.47,9.5,90.5
2023-01-15 01:00:00,264.97717832222,229.575538827778,229.605537677776,21.40555554333333,-7.822,17.5,2,5.1764362714980825,70.66250196097344,1,6,1,0.2588190451025207,0.9659258262890684,-0.7818314824680299,0.6234898018587334,0.4999999999999999,0.8660254037844387,0.0,0.0,0.0,9.8,24.1,96.0,80.0,-9.8,2.377087,0.0,-6.9,21.48888888,17.5,17.816666666666666,18.0,17.683333333333334,17.45,-29.22755554333333,0.1000000133333323,-0.2853333333333339,-7.536666666666666,-7.850666666666667,21.26172838,-7.524888888888886,3.2809932,3.2620385,3.2767632,3.2898893,3.2874427,0,0.0,0,1.0,-0.44,9.1,90.9
2023-01-15 01:15:00,276.211451133332,238.832390772222,238.863778466664,21.48888888,-7.850666666666667,17.45,2,5.1764362714980825,70.66250196097344,1,6,1,0.2588190451025207,0.9659258262890684,-0.7818314824680299,0.6234898018587334,0.4999999999999999,0.8660254037844387,0.0,0.0,0.0,9.625,23.575000000000003,90.0,79.75,-9.95,2.3480916,0.0,-7.025,21.551851893333332,17.5,17.5,17.816666666666666,18.0,17.033333333333335,-29.339555546666663,0.0833333366666657,-0.028666666666667,-7.822,-7.843333333333334,21.399999984444445,-7.736444444444442,3.2874427,3.2809932,3.2620385,3.2767632,3.2206583,0,0.0,0,1.0,-0.42,8.8,91.2
2023-01-15 01:30:00,275.403427722228,242.749178544444,242.780010677776,21.551851893333332,-7.843333333333334,17.033333333333335,2,5.1764362714980825,70.66250196097344,1,6,1,0.2588190451025207,0.9659258262890684,-0.7818314824680299,0.6234898018587334,0.4999999999999999,0.8660254037844387,0.0,0.0,0.0,9.45,23.05,84.0,79.5,-10.1,2.319404,0.0,-7.15,21.59444445,17.45,17.5,17.5,17.816666666666666,17.0,-29.39518522666667,0.0629630133333378,0.0073333333333334,-7.850666666666667,-8.044666666666666,21.48209877222222,-7.838666666666666,3.2206583,3.2874427,3.2809932,3.2620385,3.2222846,0,0.0,0,1.0,-0.41,8.6,91.4
2023-01-15 01:45:00,259.2971277,235.700293827778,235.731403766664,21.59444445,-8.044666666666666,17.0,2,5.1764362714980825,70.66250196097344,1,6,1,0.2588190451025207,0.9659258262890684,-0.7818314824680299,0.6234898018587334,0.4999999999999999,0.8660254037844387,0.0,0.0,0.0,9.275,22.525,78.0,79.25,-10.25,2.291021,0.0,-7.275,21.549999976666665,17.033333333333335,17.45,17.5,17.5,17.0,-29.63911111666667,0.0425925566666656,-0.2013333333333324,-7.843333333333334,-8.152,21.545061741111112,-7.912888888888887,3.2222846,3.2206583,3.2874427,3.2809932,3.2140117,0,0.0,0,1.0,-0.4,8.4,91.6
2023-01-15 02:00:00,152.101415766664,130.24479,130.265344794442,21.549999976666665,-8.152,17.0,2,5.1764362714980825,70.66250196097344,2,6,1,0.4999999999999999,0.8660254037844387,-0.7818314824680299,0.6234898018587334,0.4999999999999999,0.8660254037844387,0.0,0.0,0.0,9.1,22.0,72.0,79.0,-10.4,2.2629402,0.0,-7.4,21.1111111,17.0,17.033333333333335,17.45,17.5,17.05,-29.701999976666663,-0.0444444733333355,-0.107333333333333,-8.044666666666666,-8.183333333333334,21.565432106666677,-8.01333333333333,3.2140117,3.2222846,3.2206583,3.2874427,3.142511,0,0.0,0,1.0,-0.41,8.6,91.4
2023-01-15 02:15:00,160.332197638886,118.613866372222,118.630810194442,21.1111111,-8.183333333333334,17.05,2,5.1764362714980825,70.66250196097344,2,6,1,0.4999999999999999,0.8660254037844387,-0.7818314824680299,0.6234898018587334,0.4999999999999999,0.8660254037844387,0.0,0.0,0.0,9.0,21.625,62.25,78.25,-10.7,2.2128186,0.0,-7.575,20.812962963333334,17.0,17.0,17.033333333333335,17.45,17.283333333333335,-29.294444433333336,-0.4388888766666632,-0.0313333333333343,-8.152,-8.203333333333335,21.41851850888889,-8.126666666666665,3.142511,3.2140117,3.2222846,3.2206583,3.1307943,0,0.0,0,1.0,-0.51,10.5,89.5
2023-01-15 02:30:00,536.42493114444,217.066039227778,217.093815883334,20.812962963333334,-8.203333333333335,17.283333333333335,2,5.1764362714980825,70.66250196097344,2,6,1,0.4999999999999999,0.8660254037844387,-0.7818314824680299,0.6234898018587334,0.4999999999999999,0.8660254037844387,0.0,0.0,0.0,8.899999999999999,21.25,52.5,77.5,-11.0,2.163565,0.0,-7.75,20.96666666,17.05,17.0,17.0,17.033333333333335,17.0,-29.016296296666667,-0.2981481366666685,-0.0200000000000013,-8.183333333333334,-7.944,21.15802468,-8.179555555555554,3.1307943,3.142511,3.2140117,3.2222846,3.1071177,0,0.0,0,1.0,-0.58,12.0,88.0
2023-01-15 02:45:00,255.935040005554,231.64767813889,231.679065849998,20.96666666,-7.944,17.0,2,5.1764362714980825,70.66250196097344,2,6,1,0.4999999999999999,0.8660254037844387,-0.7818314824680299,0.6234898018587334,0.4999999999999999,0.8660254037844387,0.0,0.0,0.0,8.799999999999999,20.875,42.75,76.75,-11.3,2.1151683,0.0,-7.925,21.175925936666665,17.283333333333335,17.05,17.0,17.0,17.0,-28.91066666,0.153703696666664,0.2593333333333349,-8.203333333333335,-7.86,20.963580241111117,-8.110222222222221,3.1071177,3.1307943,3.142511,3.2140117,3.1451042,0,0.0,0,1.0,-0.55,11.2,88.8
2023-01-15 03:00:00,267.050706427778,238.36102076111,238.39129738333,21.175925936666665,-7.86,17.0,2,5.1764362714980825,70.66250196097344,3,6,1,0.7071067811865476,0.7071067811865476,-0.7818314824680299,0.6234898018587334,0.4999999999999999,0.8660254037844387,0.0,0.0,0.0,8.7,20.5,33.0,76.0,-11.6,2.0676162,0.0,-8.1,21.26666667,17.0,17.283333333333335,17.05,17.0,16.65,-29.035925936666665,0.2092592766666676,0.0839999999999996,-7.944,-7.964,20.985185186666666,-8.002444444444443,3.1451042,3.1071177,3.1307943,3.142511,3.0966067,0,0.0,0,1.0,-0.5,10.2,89.8
2023-01-15 03:15:00,263.878055638886,236.152775744444,236.183052349998,21.26666667,-7.964,16.65,2,5.1764362714980825,70.66250196097344,3,6,1,0.7071067811865476,0.7071067811865476,-0.7818314824680299,0.6234898018587334,0.4999999999999999,0.8660254037844387,0.0,0.0,0.0,8.45,19.975,27.25,75.75,-11.8,2.0380905,0.0,-8.25,21.3296296,17.0,17.0,17.283333333333335,17.05,16.5,-29.23066667,0.0907407333333338,-0.104,-7.86,-8.132,21.136419755555558,-7.922666666666664,3.0966067,3.1451042,3.1071177,3.1307943,3.0799308,0,0.0,0,1.0,-0.48,9.8,90.2
2023-01-15 03:30:00,247.456490194446,217.5421313,217.572130116666,21.3296296,-8.132,16.5,2,5.1764362714980825,70.66250196097344,3,6,1,0.7071067811865476,0.7071067811865476,-0.7818314824680299,0.6234898018587334,0.4999999999999999,0.8660254037844387,0.0,0.0,0.0,8.2,19.45,21.5,75.5,-12.0,2.0089347,0.0,-8.399999999999999,21.17777779,16.65,17.0,17.0,17.283333333333335,16.55,-29.461629599999995,0.0629629299999976,-0.1679999999999992,-7.964,-8.076666666666666,21.257407402222224,-7.985333333333332,3.0799308,3.0966067,3.1451042,3.1071177,3.0621805,0,0.0,0,1.0,-0.47,9.5,90.5
2023-01-15 03:45:00,140.035787411104,98.2477366,98.262736033332,21.17777779,-8.076666666666666,16.55,2,5.1764362714980825,70.66250196097344,3,6,1,0.7071067811865476,0.7071067811865476,-0.7818314824680299,0.6234898018587334,0.4999999999999999,0.8660254037844387,0.0,0.0,0.0,7.95,18.925,15.75,75.25,-12.2,1.9801451,0.0,-8.549999999999999,20.72222225333333,16.5,16.65,17.0,17.0,16.966666666666665,-29.25444445666667,-0.1518518099999966,0.0553333333333334,-8.132,-8.114,21.25802468666667,-8.057555555555554,3.0621805,3.0799308,3.0966067,3.1451042,3.057241,0,0.0,0,1.0,-0.5,10.2,89.8
2023-01-15 04:00:00,203.569912477776,168.51131486111,168.53409178332998,20.72222225333333,-8.114,16.966666666666665,2,5.1764362714980825,70.66250196097344,4,6,1,0.8660254037844386,0.5000000000000001,-0.7818314824680299,0.6234898018587334,0.4999999999999999,0.8660254037844387,0.0,0.0,0.0,7.7,18.4,10.0,75.0,-12.4,1.951719,0.0,-8.7,20.65555559,16.55,16.5,16.65,17.0,17.0,-28.83622225333333,-0.4555555366666688,-0.0373333333333345,-8.076666666666666,-8.084,21.076543214444445,-8.107555555555555,3.057241,3.0621805,3.0799308,3.0966067,3.0513766,0,0.0,0,1.0,-0.6,12.6,87.4
2023-01-15 04:15:00,272.303551738894,250.382206527778,250.415260788888,20.65555559,-8.084,17.0,2,5.1764362714980825,70.66250196097344,4,6,1,0.8660254037844386,0.5000000000000001,-0.7818314824680299,0.6234898018587334,0.4999999999999999,0.8660254037844387,0.0,0.0,0.0,8.025,17.849999999999998,7.5,75.0,-12.475,1.940875,0.0,-8.774999999999999,20.93518521,16.966666666666665,16.55,16.5,16.65,16.816666666666666,-28.73955559,-0.0666666633333328,0.0300000000000011,-8.114,-7.936000000000001,20.85185187777778,-8.091555555555553,3.0513766,3.057241,3.0621805,3.0799308,3.067991,0,0.0,0,1.0,-0.62,13.0,87.0
2023-01-15 04:30:00,306.534126927782,283.135896344444,283.171728227778,20.93518521,-7.936000000000001,16.816666666666666,2,5.1764362714980825,70.66250196097344,4,6,1,0.8660254037844386,0.5000000000000001,-0.7818314824680299,0.6234898018587334,0.4999999999999999,0.8660254037844387,0.0,0.0,0.0,8.35,17.299999999999997,5.0,75.0,-12.55,1.9300845,0.0,-8.85,21.16666667,17.0,16.966666666666665,16.55,16.5,16.5,-28.87118521,0.2796296200000014,0.1479999999999988,-8.084,-7.956,20.77098768444445,-8.044666666666666,3.067991,3.0513766,3.057241,3.0621805,3.050962,0,0.0,0,1.0,-0.55,11.4,88.6
2023-01-15 04:45:00,263.582511827778,226.624268,226.652878005554,21.16666667,-7.956,16.5,2,5.1764362714980825,70.66250196097344,4,6,1,0.8660254037844386,0.5000000000000001,-0.7818314824680299,0.6234898018587334,0.4999999999999999,0.8660254037844387,0.0,0.0,0.0,8.675,16.75,2.5,75.0,-12.625,1.9193467,0.0,-8.924999999999999,21.048148153333333,16.816666666666666,17.0,16.966666666666665,16.55,16.5,-29.12266667,0.2314814599999977,-0.0199999999999995,-7.936000000000001,-7.939333333333334,20.91913582333333,-7.991999999999998,3.050962,3.067991,3.0513766,3.057241,3.0300417,0,0.0,0,1.0,-0.5,10.3,89.7
2023-01-15 05:00:00,141.581003349994,103.823346883334,103.839457388888,21.048148153333333,-7.939333333333334,16.5,2,5.1764362714980825,70.66250196097344,5,6,1,0.9659258262890684,0.2588190451025207,-0.7818314824680299,0.6234898018587334,0.4999999999999999,0.8660254037844387,0.0,0.0,0.0,9.0,16.2,0.0,75.0,-12.7,1.9086622,0.0,-9.0,20.55555552,16.5,16.816666666666666,17.0,16.966666666666665,16.85,-28.987481486666667,-0.1185185166666649,0.0166666666666666,-7.956,-7.906666666666666,21.05000001111111,-7.943777777777776,3.0300417,3.050962,3.067991,3.0513766,3.0068772,0,0.0,0,1.0,-0.53,10.9,89.1
2023-01-15 05:15:00,186.152275961106,155.902930316666,155.925429449998,20.55555552,-7.906666666666666,16.85,2,5.1764362714980825,70.66250196097344,5,6,1,0.9659258262890684,0.2588190451025207,-0.7818314824680299,0.6234898018587334,0.4999999999999999,0.8660254037844387,0.0,0.0,0.0,8.975,16.375,0.0,75.5,-12.675,1.9106829,0.0,-9.075,20.47407407333333,16.5,16.5,16.816666666666666,17.0,17.0,-28.462222186666665,-0.4925926333333343,0.0326666666666675,-7.939333333333334,-7.912666666666666,20.92345678111111,-7.933999999999998,3.0068772,3.0300417,3.050962,3.067991,3.0192626,0,0.0,0,1.0,-0.64,13.6,86.4
2023-01-15 05:30:00,290.898363483338,256.420298311112,256.45335253889,20.47407407333333,-7.912666666666666,17.0,2,5.1764362714980825,70.66250196097344,5,6,1,0.9659258262890684,0.2588190451025207,-0.7818314824680299,0.6234898018587334,0.4999999999999999,0.8660254037844387,0.0,0.0,0.0,8.95,16.549999999999997,0.0,76.0,-12.65,1.9126151,0.0,-9.15,20.7722222,16.85,16.5,16.5,16.816666666666666,16.65,-28.38674074,-0.0814814466666646,-0.0060000000000002,-7.906666666666666,-7.824666666666667,20.692592582222225,-7.919555555555554,3.0192626,3.0068772,3.0300417,3.050962,3.0089266,0,0.0,0,1.0,-0.66,14.1,85.9
2023-01-15 05:45:00,258.563823683334,236.7088646,236.74108556111003,20.7722222,-7.824666666666667,16.65,2,5.1764362714980825,70.66250196097344,5,6,1,0.9659258262890684,0.2588190451025207,-0.7818314824680299,0.6234898018587334,0.4999999999999999,0.8660254037844387,0.0,0.0,0.0,8.925,16.724999999999998,0.0,76.5,-12.625,1.9144596,0.0,-9.225,20.88518519333333,17.0,16.85,16.5,16.5,16.5,-28.596888866666667,0.2981481266666641,0.0879999999999991,-7.912666666666666,-7.813333333333333,20.600617264444445,-7.881333333333331,3.0089266,3.0192626,3.0068772,3.0300417,3.00148,0,0.0,0,1.0,-0.59,12.4,87.6
2023-01-15 06:00:00,215.40666122222,192.862840727778,192.888950816666,20.88518519333333,-7.813333333333333,16.5,2,5.1764362714980825,70.66250196097344,6,6,1,1.0,6.123233995736766e-17,-0.7818314824680299,0.6234898018587334,0.4999999999999999,0.8660254037844387,0.0,0.0,0.0,8.9,16.9,0.0,77.0,-12.6,1.9162167,0.0,-9.3,20.70000002,16.65,17.0,16.85,16.5,16.55,-28.698518526666664,0.1129629933333333,0.0113333333333338,-7.824666666666667,-7.854,20.710493822222222,-7.850222222222221,3.00148,3.0089266,3.0192626,3.0068772,2.9783044,0,0.0,0,1.0,-0.57,11.8,88.2
2023-01-15 06:15:00,145.457514899996,97.185001311112,97.1986119,20.70000002,-7.854,16.55,2,5.1764362714980825,70.66250196097344,6,6,1,1.0,6.123233995736766e-17,-0.7818314824680299,0.6234898018587334,0.4999999999999999,0.8660254037844387,0.0,0.0,0.0,8.725,16.724999999999998,0.0,77.75,-12.6,1.9168994,0.0,-9.425,20.274074053333333,16.5,16.65,17.0,16.85,16.966666666666665,-28.55400002,-0.1851851733333305,-0.0406666666666666,-7.813333333333333,-7.923333333333334,20.78580247111111,-7.830666666666666,2.9783044,3.00148,3.0089266,3.0192626,2.9783587,0,0.0,0,1.0,-0.61,12.8,87.2
2023-01-15 06:30:00,178.280368616662,142.990113483334,143.010946033332,20.274074053333333,-7.923333333333334,16.966666666666665,2,5.1764362714980825,70.66250196097344,6,6,1,1.0,6.123233995736766e-17,-0.7818314824680299,0.6234898018587334,0.4999999999999999,0.8660254037844387,0.0,0.0,0.0,8.55,16.549999999999997,0.0,78.5,-12.6,1.9173845,0.0,-9.55,20.17222224,16.55,16.5,16.65,17.0,17.0,-28.19740738666667,-0.4259259666666679,-0.0693333333333336,-7.854,-7.820666666666667,20.61975308888889,-7.863555555555554,2.9783587,2.9783044,3.00148,3.0089266,2.9664962,0,0.0,0,1.0,-0.7,15.4,84.6
2023-01-15 06:45:00,265.238278944444,243.352487711112,243.38415316111,20.17222224,-7.820666666666667,17.0,2,5.1764362714980825,70.66250196097344,6,6,1,1.0,6.123233995736766e-17,-0.7818314824680299,0.6234898018587334,0.4999999999999999,0.8660254037844387,0.0,0.0,0.0,8.375,16.375,0.0,79.25,-12.6,1.9176748,0.0,-9.675,20.45555556,16.966666666666665,16.55,16.5,16.65,16.816666666666666,-27.992888906666668,-0.101851813333333,0.1026666666666669,-7.923333333333334,-7.602,20.382098771111117,-7.865999999999999,2.9664962,2.9783587,2.9783044,3.00148,2.983476,0,0.0,0,1.0,-0.73,16.1,83.9
2023-01-15 07:00:00,267.0376514,237.53244273889,237.563552677776,20.45555556,-7.602,16.816666666666666,2,5.1764362714980825,70.66250196097344,7,6,1,0.9659258262890684,-0.2588190451025206,-0.7818314824680299,0.6234898018587334,0.4999999999999999,0.8660254037844387,0.0,0.0,0.0,8.2,16.2,0.0,80.0,-12.6,1.9177735,0.0,-9.8,20.69999998,17.0,16.966666666666665,16.55,16.5,16.5,-28.05755556,0.2833333200000005,0.2186666666666665,-7.820666666666667,-7.487333333333334,20.30061728444445,-7.781999999999999,2.983476,2.9664962,2.9783587,2.9783044,2.9693067,0,0.0,0,1.0,-0.66,14.2,85.8
2023-01-15 07:15:00,256.900001388888,230.167459616666,230.198569572218,20.69999998,-7.487333333333334,16.5,2,5.1764362714980825,70.66250196097344,7,6,1,0.9659258262890684,-0.2588190451025206,-0.7818314824680299,0.6234898018587334,0.4999999999999999,0.8660254037844387,0.0,0.0,0.0,7.924999999999999,16.75,0.0,81.25,-12.575,1.9223279,0.0,-9.975,20.764814806666667,16.816666666666666,17.0,16.966666666666665,16.55,16.5,-28.187333313333333,0.2444444199999971,0.1146666666666664,-7.602,-7.415333333333334,20.44259259333333,-7.636666666666666,2.9693067,2.983476,2.9664962,2.9783587,2.9805336,0,0.0,0,1.0,-0.61,12.8,87.2
2023-01-15 07:30:00,167.65551586110598,132.099993572222,132.120548366664,20.764814806666667,-7.415333333333334,16.5,2,5.1764362714980825,70.66250196097344,7,6,1,0.9659258262890684,-0.2588190451025206,-0.7818314824680299,0.6234898018587334,0.4999999999999999,0.8660254037844387,0.0,0.0,0.0,7.649999999999999,17.299999999999997,0.0,82.5,-12.55,1.9263982,0.0,-10.15,20.3777778,16.5,16.816666666666666,17.0,16.966666666666665,16.85,-28.18014814,0.0648148266666694,0.072,-7.487333333333334,-7.173333333333333,20.64012344888889,-7.501555555555554,2.9805336,2.9693067,2.983476,2.9664962,2.9758499,0,0.0,0,1.0,-0.6,12.4,87.6
2023-01-15 07:45:00,171.180930222224,129.756198411112,129.774808766668,20.3777778,-7.173333333333333,16.85,2,5.1764362714980825,70.66250196097344,7,6,1,0.9659258262890684,-0.2588190451025206,-0.7818314824680299,0.6234898018587334,0.4999999999999999,0.8660254037844387,0.0,0.0,0.0,7.375,17.849999999999998,0.0,83.75,-12.525,1.9299943,0.0,-10.325,20.183333336666667,16.5,16.5,16.816666666666666,17.0,17.0,-27.551111133333333,-0.3870370066666666,0.2420000000000008,-7.415333333333334,-7.117333333333334,20.61419752888889,-7.358666666666664,2.9758499,2.9805336,2.9693067,2.983476,2.9684243,0,0.0,0,1.0,-0.68,14.7,85.3
2023-01-15 08:00:00,264.514141227778,235.375862372222,235.407805577776,20.183333336666667,-7.117333333333334,17.0,2,5.1764362714980825,70.66250196097344,8,6,1,0.8660254037844387,-0.4999999999999998,-0.7818314824680299,0.6234898018587334,0.4999999999999999,0.8660254037844387,0.0,0.0,0.0,7.1,18.4,0.0,85.0,-12.5,1.9331273,0.0,-10.5,20.45000001,16.85,16.5,16.5,16.816666666666666,17.0,-27.30066667,-0.1944444633333333,0.0559999999999991,-7.173333333333333,-6.951333333333333,20.441975314444445,-7.235333333333332,2.9684243,2.9758499,2.9805336,2.9693067,3.0150235,0,0.0,0,1.0,-0.72,16.0,84.0
2023-01-15 08:15:00,261.607868583334,239.714299911112,239.746520888888,20.45000001,-6.951333333333333,17.0,2,5.1764362714980825,70.66250196097344,8,6,1,0.8660254037844387,-0.4999999999999998,-0.7818314824680299,0.6234898018587334,0.4999999999999999,0.8660254037844387,1.5,0.375,0.125,7.65,18.65,14.0,84.5,-12.3,1.9656907,0.0,-10.2,20.696296323333332,17.0,16.85,16.5,16.5,17.0,-27.40133334333333,0.2666666733333329,0.1660000000000003,-7.117333333333334,-6.777333333333333,20.337037048888888,-7.080666666666665,3.0150235,2.9684243,2.9758499,2.9805336,3.0586262,0,0.0,0,1.0,-0.66,14.3,85.7
2023-01-15 08:30:00,241.369511566664,217.350472283334,217.381859994442,20.696296323333332,-6.777333333333333,17.0,2,5.1764362714980825,70.66250196097344,8,6,1,0.8660254037844387,-0.4999999999999998,-0.7818314824680299,0.6234898018587334,0.4999999999999999,0.8660254037844387,3.0,1.125,0.375,8.2,18.9,28.0,84.0,-12.1,1.998613,0.0,-9.9,20.7777778,17.0,17.0,16.85,16.5,17.0,-27.473629656666667,0.2462963133333353,0.1740000000000003,-6.951333333333333,-6.875333333333333,20.44320989,-6.948666666666665,3.0586262,3.0150235,2.9684243,2.9758499,3.0731707,0,0.0,0,1.0,-0.61,12.7,87.3
2023-01-15 08:45:00,229.31110493889,187.273064294446,187.298896644444,20.7777778,-6.875333333333333,17.0,2,5.1764362714980825,70.66250196097344,8,6,1,0.8660254037844387,-0.4999999999999998,-0.7818314824680299,0.6234898018587334,0.4999999999999999,0.8660254037844387,4.5,2.25,0.75,8.75,19.15,42.0,83.5,-11.9,2.0318937,0.0,-9.6,20.63518520333333,17.0,17.0,17.0,16.85,17.183333333333334,-27.653111133333333,0.0814814766666636,-0.0979999999999998,-6.777333333333333,-6.760000000000001,20.64135804444445,-6.867999999999998,3.0731707,3.0586262,3.0150235,2.9684243,3.0806243,0,0.0,0,1.0,-0.59,12.3,87.7
2023-01-15 09:00:00,142.664015511108,105.239401372222,105.256622949998,20.63518520333333,-6.760000000000001,17.183333333333334,2,5.1764362714980825,70.66250196097344,9,6,1,0.7071067811865476,-0.7071067811865475,-0.7818314824680299,0.6234898018587334,0.4999999999999999,0.8660254037844387,6.0,3.75,1.25,9.3,19.4,56.0,83.0,-11.7,2.0655324,0.0,-9.3,20.2,17.0,17.0,17.0,17.0,17.5,-27.39518520333333,-0.1425925966666668,0.1153333333333321,-6.875333333333333,-6.666,20.703086442222222,-6.80422222222222,3.0806243,3.0731707,3.0586262,3.0150235,3.0587094,0,0.0,0,1.0,-0.62,13.1,86.9
2023-01-15 09:15:00,194.866371749998,170.348741311112,170.372907027778,20.2,-6.666,17.5,2,5.1764362714980825,70.66250196097344,9,6,1,0.7071067811865476,-0.7071067811865475,-0.7818314824680299,0.6234898018587334,0.4999999999999999,0.8660254037844387,26.0,9.875,3.4166666666666665,10.125,22.025,66.5,82.5,-11.35,2.1191494,0.0,-8.875,20.264814816666668,17.183333333333334,17.0,17.0,17.0,17.5,-26.866,-0.435185203333333,0.0940000000000012,-6.760000000000001,-6.609999999999999,20.537654334444444,-6.7671111111111095,3.0587094,3.0806243,3.0731707,3.0586262,3.07032,0,0.0,0,1.0,-0.72,15.8,84.2
2023-01-15 09:30:00,318.655031172218,284.785552572222,284.821940016666,20.264814816666668,-6.609999999999999,17.5,2,5.1764362714980825,70.66250196097344,9,6,1,0.7071067811865476,-0.7071067811865475,-0.7818314824680299,0.6234898018587334,0.4999999999999999,0.8660254037844387,46.0,20.625,7.25,10.95,24.65,77.0,82.0,-11.0,2.1738224,0.0,-8.45,20.64999997,17.5,17.183333333333334,17.0,17.0,17.5,-26.874814816666667,0.0648148166666686,0.056,-6.666,-6.445333333333334,20.366666673333334,-6.678666666666665,3.07032,3.0587094,3.0806243,3.0731707,3.1401057,0,0.0,0,1.0,-0.7,15.4,84.6
2023-01-15 09:45:00,270.66361727223,248.681441211112,248.713384383334,20.64999997,-6.445333333333334,17.5,2,5.1764362714980825,70.66250196097344,9,6,1,0.7071067811865476,-0.7071067811865475,-0.7818314824680299,0.6234898018587334,0.4999999999999999,0.8660254037844387,66.0,36.0,12.75,11.775,27.275,87.5,81.5,-10.65,2.2295616,0.0,-8.025,20.86666663,17.5,17.5,17.183333333333334,17.0,17.5,-27.095333303333334,0.3851851533333317,0.1646666666666654,-6.609999999999999,-6.328666666666667,20.37160492888889,-6.573777777777775,3.1401057,3.07032,3.0587094,3.0806243,3.1799612,0,0.0,0,1.0,-0.62,12.9,87.1
2023-01-15 10:00:00,274.301527450002,245.604342116666,245.63878522222,20.86666663,-6.328666666666667,17.5,2,5.1764362714980825,70.66250196097344,10,6,1,0.4999999999999999,-0.8660254037844387,-0.7818314824680299,0.6234898018587334,0.4999999999999999,0.8660254037844387,86.0,56.0,19.916666666666668,12.6,29.9,98.0,81.0,-10.3,2.2863777,0.0,-7.6,20.97222221,17.5,17.5,17.5,17.183333333333334,17.2,-27.195333296666668,0.2166666600000013,0.1166666666666671,-6.445333333333334,-6.234,20.593827138888887,-6.461333333333331,3.1799612,3.1401057,3.07032,3.0587094,3.144687,0,0.0,0,1.0,-0.57,11.7,88.3
2023-01-15 10:15:00,223.71882880555,176.258504944444,176.28350404444,20.97222221,-6.234,17.2,2,5.1764362714980825,70.66250196097344,10,6,1,0.4999999999999999,-0.8660254037844387,-0.7818314824680299,0.6234898018587334,0.4999999999999999,0.8660254037844387,99.75,74.4375,28.229166666666668,12.875,30.425,98.5,79.0,-10.325,2.2837937,0.0,-7.274999999999999,20.733333323333333,17.5,17.5,17.5,17.5,17.466666666666665,-27.20622221,0.1055555799999972,0.0946666666666669,-6.328666666666667,-5.934666666666667,20.82962960333333,-6.335999999999999,3.144687,3.1799612,3.1401057,3.07032,3.149373,0,0.0,0,1.0,-0.54,11.2,88.8
2023-01-15 10:30:00,137.897261655556,107.681803655556,107.699025216666,20.733333323333333,-5.934666666666667,17.466666666666665,2,5.1764362714980825,70.66250196097344,10,6,1,0.4999999999999999,-0.8660254037844387,-0.7818314824680299,0.6234898018587334,0.4999999999999999,0.8660254037844387,113.5,91.3125,37.6875,13.15,30.95,99.0,77.0,-10.35,2.279597,0.0,-6.949999999999999,20.29444442,17.2,17.5,17.5,17.5,17.85,-26.66799999,-0.2388888866666647,0.2993333333333332,-6.234,-5.733333333333333,20.85740738777778,-6.165777777777777,3.149373,3.144687,3.1799612,3.1401057,3.1371527,0,0.0,0,1.0,-0.6,12.5,87.5
2023-01-15 10:45:00,178.284535066664,156.507350555556,156.529849655556,20.29444442,-5.733333333333333,17.85,2,5.1764362714980825,70.66250196097344,10,6,1,0.4999999999999999,-0.8660254037844387,-0.7818314824680299,0.6234898018587334,0.4999999999999999,0.8660254037844387,127.25,106.625,48.29166666666666,13.425,31.475,99.5,75.0,-10.375,2.27372,0.0,-6.625,20.33518518,17.466666666666665,17.2,17.5,17.5,17.816666666666666,-26.02777775333333,-0.4388889033333356,0.2013333333333333,-5.934666666666667,-5.734,20.66666665111111,-5.967333333333332,3.1371527,3.149373,3.144687,3.1799612,3.1387546,0,0.0,0,1.0,-0.69,15.1,84.9
2023-01-15 11:00:00,275.151215727778,245.765724544444,245.79877882222,20.33518518,-5.734,17.816666666666666,2,5.1764362714980825,70.66250196097344,11,6,1,0.258819045102521,-0.9659258262890682,-0.7818314824680299,0.6234898018587334,0.4999999999999999,0.8660254037844387,141.0,120.375,60.04166666666666,13.7,32.0,100.0,73.0,-10.4,2.266094,0.0,-6.3,20.62222223,17.85,17.466666666666665,17.2,17.5,17.5,-26.06918518,0.040740760000002,-0.0006666666666665,-5.733333333333333,-5.624666666666667,20.45432097444445,-5.800666666666665,3.1387546,3.1371527,3.149373,3.144687,3.135028,0,0.0,0,1.0,-0.68,14.9,85.1
2023-01-15 11:15:00,282.150658005554,252.425735883334,252.457956811112,20.62222223,-5.624666666666667,17.5,2,5.1764362714980825,70.66250196097344,11,6,1,0.258819045102521,-0.9659258262890682,-0.7818314824680299,0.6234898018587334,0.4999999999999999,0.8660254037844387,163.25,136.25,73.52083333333333,13.5,31.925,97.0,71.25,-10.375,2.264594,0.0,-5.975,20.914814823333334,17.816666666666666,17.85,17.466666666666665,17.2,17.5,-26.246888896666665,0.2870370499999986,0.1093333333333328,-5.734,-5.564666666666667,20.41728394333333,-5.697333333333332,3.135028,3.1387546,3.1371527,3.149373,3.188877,0,0.0,0,1.0,-0.62,13.1,86.9
2023-01-15 11:30:00,289.585916299992,251.792150144444,251.82464886111,20.914814823333334,-5.564666666666667,17.5,2,5.1764362714980825,70.66250196097344,11,6,1,0.258819045102521,-0.9659258262890682,-0.7818314824680299,0.6234898018587334,0.4999999999999999,0.8660254037844387,185.5,154.25,88.72916666666667,13.3,31.85,94.0,69.5,-10.35,2.2615798,0.0,-5.65,21.05000003,17.5,17.816666666666666,17.85,17.466666666666665,17.5,-26.47948149,0.2925925933333353,0.0600000000000005,-5.624666666666667,-5.373333333333333,20.624074077777777,-5.641111111111109,3.188877,3.135028,3.1387546,3.1371527,3.214027,0,0.0,0,1.0,-0.56,11.5,88.5
2023-01-15 11:45:00,289.440921966664,252.783777094446,252.817664672222,21.05000003,-5.373333333333333,17.5,2,5.1764362714980825,70.66250196097344,11,6,1,0.258819045102521,-0.9659258262890682,-0.7818314824680299,0.6234898018587334,0.4999999999999999,0.8660254037844387,207.75,174.375,105.66666666666669,13.1,31.775,91.0,67.75,-10.325,2.2569883,0.0,-5.325,21.17962964333333,17.5,17.5,17.816666666666666,17.85,17.5,-26.42333336333333,0.1351852066666659,0.1913333333333335,-5.564666666666667,-5.126,20.862345694444446,-5.520888888888887,3.214027,3.188877,3.135028,3.1387546,3.2383034,0,0.0,0,1.0,-0.52,10.8,89.2
2023-01-15 12:00:00,281.755673722224,252.540453527778,252.575174372222,21.17962964333333,-5.126,17.5,2,5.1764362714980825,70.66250196097344,12,6,1,1.2246467991473532e-16,-1.0,-0.7818314824680299,0.6234898018587334,0.4999999999999999,0.8660254037844387,230.0,196.625,124.33333333333331,12.9,31.7,88.0,66.0,-10.3,2.2507548,0.0,-5.0,21.24444445,17.5,17.5,17.5,17.816666666666666,17.5,-26.305629643333333,0.1296296133333321,0.2473333333333327,-5.373333333333333,-4.911333333333333,21.04814816555556,-5.354666666666664,3.2383034,3.214027,3.188877,3.135028,3.2505004,0,0.0,0,1.0,-0.49,10.1,89.9
2023-01-15 12:15:00,198.031245116666,176.186007811112,176.210729088888,21.24444445,-4.911333333333333,17.5,2,5.1764362714980825,70.66250196097344,12,6,1,1.2246467991473532e-16,-1.0,-0.7818314824680299,0.6234898018587334,0.4999999999999999,0.8660254037844387,264.75,222.0,144.22916666666666,12.675,31.775,76.0,64.5,-10.275,2.2515407,0.0,-4.675,20.959259266666667,17.5,17.5,17.5,17.5,17.5,-26.15577778333333,0.0648148066666678,0.214666666666667,-5.126,-4.998,21.15802470777778,-5.136888888888887,3.2505004,3.2383034,3.214027,3.188877,3.1971266,0,0.0,0,1.0,-0.48,9.8,90.2
2023-01-15 12:30:00,133.826035594446,109.434233555556,109.452288433332,20.959259266666667,-4.998,17.5,2,5.1764362714980825,70.66250196097344,12,6,1,1.2246467991473532e-16,-1.0,-0.7818314824680299,0.6234898018587334,0.4999999999999999,0.8660254037844387,299.5,250.5,165.35416666666666,12.45,31.85,64.0,63.0,-10.25,2.250962,0.0,-4.35,20.51666665,17.5,17.5,17.5,17.5,17.85,-25.957259266666668,-0.2851851833333327,-0.0866666666666668,-4.911333333333333,-4.7733333333333325,21.127777786666663,-5.011777777777777,3.1971266,3.2505004,3.2383034,3.214027,3.178111,0,0.0,0,1.0,-0.55,11.2,88.8
2023-01-15 12:45:00,212.552330833336,165.49338,165.515323572222,20.51666665,-4.7733333333333325,17.85,2,5.1764362714980825,70.66250196097344,12,6,1,1.2246467991473532e-16,-1.0,-0.7818314824680299,0.6234898018587334,0.4999999999999999,0.8660254037844387,334.25,282.125,187.70833333333331,12.225,31.925,52.0,61.5,-10.225,2.248962,0.0,-4.025,20.577777766666667,17.5,17.5,17.5,17.5,18.0,-25.28999998333333,-0.4425926166666691,0.2246666666666676,-4.998,-4.932,20.906790122222223,-4.89422222222222,3.178111,3.1971266,3.2505004,3.2383034,3.216258,0,0.0,0,1.0,-0.64,13.7,86.3
2023-01-15 13:00:00,287.511832533328,252.380459911112,252.414625227778,20.577777766666667,-4.932,18.0,2,5.1764362714980825,70.66250196097344,13,6,1,-0.2588190451025208,-0.9659258262890684,-0.7818314824680299,0.6234898018587334,0.4999999999999999,0.8660254037844387,369.0,316.875,211.29166666666663,12.0,32.0,40.0,60.0,-10.2,2.2454813,0.0,-3.7,20.88888886,17.85,17.5,17.5,17.5,17.95,-25.509777766666662,0.0611111166666695,-0.1586666666666678,-4.7733333333333325,-4.878,20.684567894444445,-4.901111111111109,3.216258,3.178111,3.1971266,3.2505004,3.2659502,0,0.0,0,1.0,-0.63,13.3,86.7
2023-01-15 13:15:00,263.80722503889,241.975598355556,242.008652633332,20.88888886,-4.878,17.95,2,5.1764362714980825,70.66250196097344,13,6,1,-0.2588190451025208,-0.9659258262890684,-0.7818314824680299,0.6234898018587334,0.4999999999999999,0.8660254037844387,384.5,346.8125,235.02083333333331,12.125,31.825,30.75,59.0,-10.225,2.2476194,0.0,-3.45,21.088888923333336,18.0,17.85,17.5,17.5,17.533333333333335,-25.76688886,0.3111110933333343,0.0540000000000002,-4.932,-4.663333333333333,20.661111092222225,-4.86111111111111,3.2659502,3.216258,3.178111,3.1971266,3.2274277,0,0.0,0,1.0,-0.56,11.5,88.5
2023-01-15 13:30:00,284.991100016662,250.85635426111,250.887464149998,21.088888923333336,-4.663333333333333,17.533333333333335,2,5.1764362714980825,70.66250196097344,13,6,1,-0.2588190451025208,-0.9659258262890684,-0.7818314824680299,0.6234898018587334,0.4999999999999999,0.8660254037844387,400.0,371.9375,258.8958333333333,12.25,31.65,21.5,58.0,-10.25,2.2490282,0.0,-3.2,21.25000002,17.95,18.0,17.85,17.5,17.5,-25.75222225666667,0.2000000633333343,0.214666666666667,-4.878,-4.672,20.851851850000003,-4.824444444444443,3.2274277,3.2659502,3.216258,3.178111,3.2515476,0,0.0,0,1.0,-0.52,10.6,89.4
2023-01-15 13:45:00,272.794087783334,250.95190593889,250.985515744444,21.25000002,-4.672,17.5,2,5.1764362714980825,70.66250196097344,13,6,1,-0.2588190451025208,-0.9659258262890684,-0.7818314824680299,0.6234898018587334,0.4999999999999999,0.8660254037844387,415.5,392.25,282.9166666666667,12.375,31.475,12.25,57.0,-10.275,2.2496836,0.0,-2.95,21.349999986666667,17.533333333333335,17.95,18.0,17.85,17.5,-25.92200002,0.1611110966666658,-0.0086666666666666,-4.663333333333333,-4.576,21.075925934444445,-4.737777777777776,3.2515476,3.2274277,3.2659502,3.216258,3.270451,0,0.0,0,1.0,-0.48,9.8,90.2
2023-01-15 14:00:00,262.609495266664,228.59974456111,228.629465638886,21.349999986666667,-4.576,17.5,2,5.1764362714980825,70.66250196097344,14,6,1,-0.4999999999999997,-0.8660254037844388,-0.7818314824680299,0.6234898018587334,0.4999999999999999,0.8660254037844387,431.0,407.75,307.0833333333333,12.5,31.3,3.0,56.0,-10.3,2.2495613,0.0,-2.7,21.3888889,17.5,17.533333333333335,17.95,18.0,17.5,-25.925999986666667,0.0999999666666653,0.096,-4.672,-4.8726666666666665,21.229629643333336,-4.63711111111111,3.270451,3.2515476,3.2274277,3.2659502,3.2778275,0,0.0,0,1.0,-0.46,9.3,90.7
2023-01-15 14:15:00,290.490879999996,242.018096655556,242.049762105554,21.3888889,-4.8726666666666665,17.5,2,5.1764362714980825,70.66250196097344,14,6,1,-0.4999999999999997,-0.8660254037844388,-0.7818314824680299,0.6234898018587334,0.4999999999999999,0.8660254037844387,424.75,417.8125,328.875,12.425,31.4,2.25,55.0,-10.35,2.240739,0.0,-2.5,21.40925925,17.5,17.5,17.533333333333335,17.95,17.5,-26.26155556666667,0.0388889133333343,-0.2966666666666668,-4.576,-4.896,21.32962963555556,-4.706888888888886,3.2778275,3.270451,3.2515476,3.2274277,3.281697,0,0.0,0,1.0,-0.45,9.2,90.8
2023-01-15 14:30:00,913.627342411108,230.476613883334,230.509945916666,21.40925925,-4.896,17.5,2,5.1764362714980825,70.66250196097344,14,6,1,-0.4999999999999997,-0.8660254037844388,-0.7818314824680299,0.6234898018587334,0.4999999999999999,0.8660254037844387,418.5,422.4375,348.2916666666667,12.35,31.5,1.5,54.0,-10.4,2.2311602,0.0,-2.3,21.42777774,17.5,17.5,17.5,17.533333333333335,17.5,-26.30525925,0.0203703499999967,-0.0233333333333334,-4.8726666666666665,-5.104666666666668,21.382716045555554,-4.781555555555554,3.281697,3.2778275,3.270451,3.2515476,3.285219,0,0.0,0,1.0,-0.44,9.1,90.9
2023-01-15 14:45:00,509.8626602944421,168.656309027778,168.68241911666598,21.42777774,-5.104666666666668,17.5,2,5.1764362714980825,70.66250196097344,14,6,1,-0.4999999999999997,-0.8660254037844388,-0.7818314824680299,0.6234898018587334,0.4999999999999999,0.8660254037844387,412.25,421.625,365.3333333333333,12.275,31.6,0.75,53.0,-10.45,2.220807,0.0,-2.1,21.12592592333333,17.5,17.5,17.5,17.5,17.683333333333334,-26.532444406666663,0.0185184900000017,-0.2086666666666676,-4.896,-5.15,21.40864196333333,-4.957777777777776,3.285219,3.281697,3.2778275,3.270451,3.2620466,0,0.0,0,1.0,-0.44,9.0,91.0
2023-01-15 15:00:00,138.920276449994,107.644027433332,107.66208234444,21.12592592333333,-5.15,17.683333333333334,2,5.1764362714980825,70.66250196097344,15,6,1,-0.7071067811865471,-0.7071067811865479,-0.7818314824680299,0.6234898018587334,0.4999999999999999,0.8660254037844387,406.0,415.375,380.0,12.2,31.7,0.0,52.0,-10.5,2.209662,0.0,-1.9,20.68333332,17.5,17.5,17.5,17.5,18.0,-26.27592592333333,-0.3018518166666659,-0.0453333333333327,-5.104666666666668,-5.3100000000000005,21.32098763777778,-5.050222222222221,3.2620466,3.285219,3.281697,3.2778275,3.2361016,0,0.0,0,1.0,-0.51,10.4,89.6
2023-01-15 15:15:00,218.09155382222,184.7534429,184.779275216666,20.68333332,-5.3100000000000005,18.0,2,5.1764362714980825,70.66250196097344,15,6,1,-0.7071067811865471,-0.7071067811865479,-0.7818314824680299,0.6234898018587334,0.4999999999999999,0.8660254037844387,382.5,404.8125,389.8125,12.025,31.425,0.0,52.0,-10.5,2.209662,0.0,-1.9,20.744444466666668,17.683333333333334,17.5,17.5,17.5,18.0,-25.99333332,-0.4425926033333347,-0.1600000000000001,-5.15,-5.252666666666667,21.07901232777778,-5.188222222222221,3.2361016,3.2620466,3.285219,3.281697,3.2476375,0,0.0,0,1.0,-0.6,12.7,87.3
2023-01-15 15:30:00,289.066214855548,251.548548772222,251.581880772222,20.744444466666668,-5.252666666666667,18.0,2,5.1764362714980825,70.66250196097344,15,6,1,-0.7071067811865471,-0.7071067811865479,-0.7818314824680299,0.6234898018587334,0.4999999999999999,0.8660254037844387,359.0,389.9375,394.7708333333333,11.85,31.15,0.0,52.0,-10.5,2.209662,0.0,-1.9,21.0166667,18.0,17.683333333333334,17.5,17.5,17.95,-25.99711113333333,0.0611111466666685,0.0573333333333332,-5.3100000000000005,-5.3933333333333335,20.851234570000003,-5.237555555555555,3.2476375,3.2361016,3.2620466,3.285219,3.2902963,0,0.0,0,1.0,-0.59,12.3,87.7
2023-01-15 15:45:00,281.407076566668,248.004246133332,248.036744833332,21.0166667,-5.3933333333333335,17.95,2,5.1764362714980825,70.66250196097344,15,6,1,-0.7071067811865471,-0.7071067811865479,-0.7818314824680299,0.6234898018587334,0.4999999999999999,0.8660254037844387,335.5,370.75,394.875,11.675,30.875,0.0,52.0,-10.5,2.209662,0.0,-1.9,21.20000003,18.0,18.0,17.683333333333334,17.5,17.533333333333335,-26.410000033333333,0.2722222333333306,-0.1406666666666662,-5.252666666666667,-5.6193333333333335,20.81481482888889,-5.318666666666665,3.2902963,3.2476375,3.2361016,3.2620466,3.2483072,0,0.0,0,1.0,-0.53,10.9,89.1
2023-01-15 16:00:00,281.967054216666,255.0222987,255.055908472222,21.20000003,-5.6193333333333335,17.533333333333335,2,5.1764362714980825,70.66250196097344,16,6,1,-0.8660254037844385,-0.5000000000000004,-0.7818314824680299,0.6234898018587334,0.4999999999999999,0.8660254037844387,312.0,347.25,390.125,11.5,30.6,0.0,52.0,-10.5,2.209662,0.0,-1.9,21.32222221,17.95,18.0,18.0,17.683333333333334,17.5,-26.81933336333333,0.1833333300000035,-0.2259999999999999,-5.3933333333333335,-5.500666666666667,20.987037065555555,-5.421777777777777,3.2483072,3.2902963,3.2476375,3.2361016,3.26519,0,0.0,0,1.0,-0.49,10.0,90.0
2023-01-15 16:15:00,273.269901966672,251.40355453889,251.438830944444,21.32222221,-5.500666666666667,17.5,2,5.1764362714980825,70.66250196097344,16,6,1,-0.8660254037844385,-0.5000000000000004,-0.7818314824680299,0.6234898018587334,0.4999999999999999,0.8660254037844387,278.0,321.125,381.25,11.35,29.875,0.0,53.25,-10.425,2.2234685,0.0,-2.15,21.38518519333333,17.533333333333335,17.95,18.0,18.0,17.5,-26.822888876666667,0.1222221799999978,0.1186666666666669,-5.6193333333333335,-5.593333333333334,21.17962964666667,-5.5044444444444425,3.26519,3.2483072,3.2902963,3.2476375,3.2771237,0,0.0,0,1.0,-0.46,9.5,90.5
2023-01-15 16:30:00,223.476338322224,190.835421811112,190.861809688888,21.38518519333333,-5.593333333333334,17.5,2,5.1764362714980825,70.66250196097344,16,6,1,-0.8660254037844385,-0.5000000000000004,-0.7818314824680299,0.6234898018587334,0.4999999999999999,0.8660254037844387,244.0,292.375,368.25,11.2,29.15,0.0,54.5,-10.35,2.2360454,0.0,-2.4,21.15555555,17.5,17.533333333333335,17.95,18.0,17.55,-26.978518526666665,0.0629629833333318,-0.0926666666666671,-5.500666666666667,-5.452666666666667,21.302469144444444,-5.571111111111109,3.2771237,3.26519,3.2483072,3.2902963,3.2430224,0,0.0,0,1.0,-0.45,9.2,90.8
2023-01-15 16:45:00,150.69619416111,106.019092383334,106.03464736111,21.15555555,-5.452666666666667,17.55,2,5.1764362714980825,70.66250196097344,16,6,1,-0.8660254037844385,-0.5000000000000004,-0.7818314824680299,0.6234898018587334,0.4999999999999999,0.8660254037844387,210.0,261.0,351.125,11.05,28.425,0.0,55.75,-10.275,2.2474258,0.0,-2.65,20.68703704,17.5,17.5,17.533333333333335,17.95,17.966666666666665,-26.608222216666668,-0.2296296433333324,0.1406666666666662,-5.593333333333334,-5.2860000000000005,21.28765431777778,-5.515555555555554,3.2430224,3.2771237,3.26519,3.2483072,3.230805,0,0.0,0,1.0,-0.5,10.2,89.8
2023-01-15 17:00:00,202.0460845,172.679481411112,172.703091583334,20.68703704,-5.2860000000000005,17.966666666666665,2,5.1764362714980825,70.66250196097344,17,6,1,-0.9659258262890684,-0.2588190451025206,-0.7818314824680299,0.6234898018587334,0.4999999999999999,0.8660254037844387,176.0,227.0,329.875,10.9,27.7,0.0,57.0,-10.2,2.2576432,0.0,-2.9,20.68888889,17.55,17.5,17.5,17.533333333333335,18.0,-25.97303704,-0.4685185099999991,0.1666666666666669,-5.452666666666667,-5.248,21.075925927777774,-5.443999999999998,3.230805,3.2430224,3.2771237,3.26519,3.2371488,0,0.0,0,1.0,-0.6,12.7,87.3
2023-01-15 17:15:00,257.687469872222,233.4373288,233.468160949998,20.68888889,-5.248,18.0,2,5.1764362714980825,70.66250196097344,17,6,1,-0.9659258262890684,-0.2588190451025206,-0.7818314824680299,0.6234898018587334,0.4999999999999999,0.8660254037844387,141.25,192.8125,306.25,11.15,26.35,0.0,61.75,-9.875,2.339891,0.0,-3.525,20.93888891,17.966666666666665,17.55,17.5,17.5,18.0,-25.93688889,0.0018518499999977,0.0380000000000002,-5.2860000000000005,-5.215333333333334,20.84382716,-5.328888888888887,3.2371488,3.230805,3.2430224,3.2771237,3.2845817,0,0.0,0,1.0,-0.6,12.6,87.4
2023-01-15 17:30:00,283.226170383338,251.643544955556,251.676043705554,20.93888891,-5.215333333333334,18.0,2,5.1764362714980825,70.66250196097344,17,6,1,-0.9659258262890684,-0.2588190451025206,-0.7818314824680299,0.6234898018587334,0.4999999999999999,0.8660254037844387,106.5,158.4375,280.25,11.4,25.0,0.0,66.5,-9.55,2.4102123,0.0,-4.15,21.13888892,18.0,17.966666666666665,17.55,17.5,17.65,-26.154222243333333,0.2500000200000016,0.0326666666666666,-5.248,-5.15,20.771604946666667,-5.249777777777776,3.2845817,3.2371488,3.230805,3.2430224,3.2583475,0,0.0,0,1.0,-0.55,11.3,88.7
2023-01-15 17:45:00,272.573818794446,249.393079444444,249.426133738886,21.13888892,-5.15,17.65,2,5.1764362714980825,70.66250196097344,17,6,1,-0.9659258262890684,-0.2588190451025206,-0.7818314824680299,0.6234898018587334,0.4999999999999999,0.8660254037844387,71.75,123.875,251.875,11.65,23.65,0.0,71.25,-9.225,2.4693878,0.0,-4.775,21.238888886666665,18.0,18.0,17.966666666666665,17.55,17.5,-26.28888892,0.2000000100000001,0.0653333333333332,-5.215333333333334,-5.236666666666666,20.92222224,-5.204444444444444,3.2583475,3.2845817,3.2371488,3.230805,3.2494533,0,0.0,0,1.0,-0.5,10.3,89.7
2023-01-15 18:00:00,277.944992955552,240.098451211112,240.129838888888,21.238888886666665,-5.236666666666666,17.5,2,5.1764362714980825,70.66250196097344,18,6,1,-1.0,-1.8369701987210294e-16,-0.7818314824680299,0.6234898018587334,0.4999999999999999,0.8660254037844387,37.0,89.125,221.125,11.9,22.3,0.0,76.0,-8.9,2.5181632,0.0,-5.4,21.25000002,17.65,18.0,18.0,17.966666666666665,17.5,-26.47555555333333,0.0999999666666653,-0.086666666666666,-5.15,-5.328,21.10555557222222,-5.200666666666664,3.2494533,3.2583475,3.2845817,3.2371488,3.2515476,0,0.0,0,1.0,-0.48,9.8,90.2
2023-01-15 18:15:00,190.523212199996,141.028247527778,141.047135688888,21.25000002,-5.328,17.5,2,5.1764362714980825,70.66250196097344,18,6,1,-1.0,-1.8369701987210294e-16,-0.7818314824680299,0.6234898018587334,0.4999999999999999,0.8660254037844387,27.75,60.75,191.5625,11.7,22.3,0.0,79.0,-8.775,2.5568066,0.0,-5.7250000000000005,20.855555573333334,17.5,17.65,18.0,18.0,17.683333333333334,-26.57800002,0.0111111333333369,-0.0913333333333339,-5.236666666666666,-5.348,21.20925927555556,-5.238222222222221,3.2515476,3.2494533,3.2583475,3.2845817,3.2111993,0,0.0,0,1.0,-0.48,9.8,90.2
2023-01-15 18:30:00,157.070105877776,108.135952172222,108.152895994442,20.855555573333334,-5.348,17.683333333333334,2,5.1764362714980825,70.66250196097344,18,6,1,-1.0,-1.8369701987210294e-16,-0.7818314824680299,0.6234898018587334,0.4999999999999999,0.8660254037844387,18.5,38.75,163.1875,11.5,22.3,0.0,82.0,-8.65,2.5921276,0.0,-6.050000000000001,20.49444443,17.5,17.5,17.65,18.0,18.0,-26.203555573333333,-0.3944444466666681,-0.0199999999999995,-5.328,-5.412000000000001,21.11481482666667,-5.30422222222222,3.2111993,3.2515476,3.2494533,3.2583475,3.2006664,0,0.0,0,1.0,-0.57,11.7,88.3
2023-01-15 18:45:00,336.468207416666,222.400548055556,222.425824844444,20.49444443,-5.412000000000001,18.0,2,5.1764362714980825,70.66250196097344,18,6,1,-1.0,-1.8369701987210294e-16,-0.7818314824680299,0.6234898018587334,0.4999999999999999,0.8660254037844387,9.25,23.125,136.0,11.3,22.3,0.0,85.0,-8.525,2.6242454,0.0,-6.375,20.701851846666667,17.683333333333334,17.5,17.5,17.65,18.0,-25.90644443,-0.3611111433333356,-0.0640000000000009,-5.348,-5.288666666666667,20.86666667444445,-5.362666666666666,3.2006664,3.2111993,3.2515476,3.2494533,3.239594,0,0.0,0,1.0,-0.65,13.8,86.2
2023-01-15 19:00:00,359.801718488888,279.47909813889,279.511874611112,20.701851846666667,-5.288666666666667,18.0,2,5.1764362714980825,70.66250196097344,19,6,1,-0.9659258262890684,0.2588190451025203,-0.7818314824680299,0.6234898018587334,0.4999999999999999,0.8660254037844387,0.0,13.875,110.0,11.1,22.3,0.0,88.0,-8.4,2.653274,0.0,-6.7,21.0166667,18.0,17.683333333333334,17.5,17.5,18.0,-25.99051851333333,0.207407416666669,0.1233333333333339,-5.412000000000001,-5.255333333333334,20.683950616666667,-5.349555555555554,3.239594,3.2006664,3.2111993,3.2515476,3.2994614,0,0.0,0,1.0,-0.6,12.6,87.4
2023-01-15 19:15:00,300.952961466664,258.911309783334,258.943808483334,21.0166667,-5.255333333333334,18.0,2,5.1764362714980825,70.66250196097344,19,6,1,-0.9659258262890684,0.2588190451025203,-0.7818314824680299,0.6234898018587334,0.4999999999999999,0.8660254037844387,0.0,6.9375,86.83333333333333,9.875,21.675,0.0,88.75,-8.85,2.5703628,0.0,-7.25,21.20000003,18.0,18.0,17.683333333333334,17.5,18.0,-26.27200003333333,0.3148148533333312,0.0333333333333332,-5.288666666666667,-5.241333333333333,20.73765432555556,-5.318666666666665,3.2994614,3.239594,3.2006664,3.2111993,3.3347642,0,0.0,0,1.0,-0.53,10.9,89.1
2023-01-15 19:30:00,307.443535249994,267.45902346111,267.49291102222,21.20000003,-5.241333333333333,18.0,2,5.1764362714980825,70.66250196097344,19,6,1,-0.9659258262890684,0.2588190451025203,-0.7818314824680299,0.6234898018587334,0.4999999999999999,0.8660254037844387,0.0,2.3125,66.5,8.65,21.05,0.0,89.5,-9.3,2.4893827,0.0,-7.800000000000001,21.32222221,18.0,18.0,18.0,17.683333333333334,18.0,-26.44133336333333,0.1833333300000035,0.0140000000000002,-5.255333333333334,-5.259333333333333,20.97283952555556,-5.261777777777776,3.3347642,3.2994614,3.239594,3.2006664,3.3584816,0,0.0,0,1.0,-0.49,10.0,90.0
2023-01-15 19:45:00,308.619876927778,260.9570613,260.989282227778,21.32222221,-5.259333333333333,18.0,2,5.1764362714980825,70.66250196097344,19,6,1,-0.9659258262890684,0.2588190451025203,-0.7818314824680299,0.6234898018587334,0.4999999999999999,0.8660254037844387,0.0,0.0,49.0,7.425000000000001,20.425,0.0,90.25,-9.75,2.4103167,0.0,-8.35,21.40555554333333,18.0,18.0,18.0,18.0,18.0,-26.581555543333334,0.1222221799999978,-0.0179999999999997,-5.241333333333333,-5.308666666666666,21.17962964666667,-5.251999999999998,3.3584816,3.3347642,3.2994614,3.239594,3.3747363,0,0.0,0,1.0,-0.46,9.4,90.6
2023-01-15 20:00:00,291.02974726111,249.856671950002,249.888615155556,21.40555554333333,-5.308666666666666,18.0,2,5.1764362714980825,70.66250196097344,20,6,1,-0.8660254037844386,0.5000000000000001,-0.7818314824680299,0.6234898018587334,0.4999999999999999,0.8660254037844387,0.0,0.0,34.333333333333336,6.2,19.8,0.0,91.0,-10.2,2.3331432,0.0,-8.9,21.32777774,18.0,18.0,18.0,18.0,18.0,-26.71422221,0.0833333333333321,-0.0493333333333332,-5.259333333333333,-5.465333333333334,21.309259261111112,-5.269777777777776,3.3747363,3.3584816,3.3347642,3.2994614,3.359563,0,0.0,0,1.0,-0.44,9.0,91.0
2023-01-15 20:15:00,143.959519205554,106.491851288888,106.508239533332,21.32777774,-5.465333333333334,18.0,2,5.1764362714980825,70.66250196097344,20,6,1,-0.8660254037844386,0.5000000000000001,-0.7818314824680299,0.6234898018587334,0.4999999999999999,0.8660254037844387,0.0,0.0,22.5625,7.05,19.525,14.0,90.25,-10.075,2.3485687,0.0,-8.7,20.848148116666668,18.0,18.0,18.0,18.0,18.183333333333334,-26.79311107333333,-0.0777778033333334,-0.1566666666666671,-5.308666666666666,-5.593999999999999,21.35185183111111,-5.344444444444442,3.359563,3.3747363,3.3584816,3.3347642,3.3005738,0,0.0,0,1.0,-0.46,9.4,90.6
2023-01-15 20:30:00,164.996733216666,135.234590416666,135.2545896,20.848148116666668,-5.593999999999999,18.183333333333334,2,5.1764362714980825,70.66250196097344,20,6,1,-0.8660254037844386,0.5000000000000001,-0.7818314824680299,0.6234898018587334,0.4999999999999999,0.8660254037844387,0.0,0.0,13.6875,7.9,19.25,28.0,89.5,-9.95,2.363871,0.0,-8.5,20.63333332,18.0,18.0,18.0,18.0,18.45,-26.442148116666665,-0.4796296233333308,-0.1286666666666658,-5.465333333333334,-5.768,21.193827133333333,-5.455999999999999,3.3005738,3.359563,3.3747363,3.3584816,3.3073556,0,0.0,0,1.0,-0.57,11.7,88.3
2023-01-15 20:45:00,253.215981988892,225.990404422224,226.020125483334,20.63333332,-5.768,18.45,2,5.1764362714980825,70.66250196097344,20,6,1,-0.8660254037844386,0.5000000000000001,-0.7818314824680299,0.6234898018587334,0.4999999999999999,0.8660254037844387,0.0,0.0,7.708333333333333,8.75,18.975,42.0,88.75,-9.825,2.379044,0.0,-8.3,20.87962961,18.183333333333334,18.0,18.0,18.0,18.03333333333333,-26.401333320000003,-0.2148147966666656,-0.1740000000000003,-5.593999999999999,-5.806666666666668,20.93641972555556,-5.609111111111109,3.3073556,3.3005738,3.359563,3.3747363,3.2793455,0,0.0,0,1.0,-0.61,12.9,87.1
2023-01-15 21:00:00,275.476758188892,250.874409072222,250.906630049998,20.87962961,-5.806666666666668,18.03333333333333,2,5.1764362714980825,70.66250196097344,21,6,1,-0.7071067811865477,0.7071067811865474,-0.7818314824680299,0.6234898018587334,0.4999999999999999,0.8660254037844387,0.0,0.0,4.625,9.6,18.7,56.0,88.0,-9.7,2.394082,0.0,-8.1,21.08333333,18.45,18.183333333333334,18.0,18.0,18.0,-26.686296276666667,0.2462962899999965,-0.0386666666666677,-5.768,-5.912000000000001,20.78703701555556,-5.722888888888886,3.2793455,3.3073556,3.3005738,3.359563,3.312261,0,0.0,0,1.0,-0.56,11.6,88.4
2023-01-15 21:15:00,289.571472461102,247.0267852,247.057061805554,21.08333333,-5.912000000000001,18.0,2,5.1764362714980825,70.66250196097344,21,6,1,-0.7071067811865477,0.7071067811865474,-0.7818314824680299,0.6234898018587334,0.4999999999999999,0.8660254037844387,0.0,0.0,2.3125,9.675,18.8,44.0,87.75,-9.775,2.378477,0.0,-8.15,21.18333334333333,18.03333333333333,18.45,18.183333333333334,18.0,18.0,-26.99533333,0.2037037200000035,-0.1053333333333332,-5.806666666666668,-5.974666666666667,20.86543208666667,-5.828888888888888,3.312261,3.2793455,3.3073556,3.3005738,3.3315425,0,0.0,0,1.0,-0.51,10.5,89.5
2023-01-15 21:30:00,288.607899755552,246.598468983334,246.630689994442,21.18333334333333,-5.974666666666667,18.0,2,5.1764362714980825,70.66250196097344,21,6,1,-0.7071067811865477,0.7071067811865474,-0.7818314824680299,0.6234898018587334,0.4999999999999999,0.8660254037844387,0.0,0.0,0.7708333333333334,9.75,18.9,32.0,87.5,-9.85,2.362951,0.0,-8.2,21.26666667,18.0,18.03333333333333,18.45,18.183333333333334,17.95,-27.15800001,0.1000000133333323,-0.0626666666666659,-5.912000000000001,-6.004,21.04876542777778,-5.897777777777776,3.3315425,3.312261,3.2793455,3.3073556,3.3383842,0,0.0,0,1.0,-0.49,10.0,90.0
2023-01-15 21:45:00,270.484457888892,248.599777811112,248.632832088888,21.26666667,-6.004,17.95,2,5.1764362714980825,70.66250196097344,21,6,1,-0.7071067811865477,0.7071067811865474,-0.7818314824680299,0.6234898018587334,0.4999999999999999,0.8660254037844387,0.0,0.0,0.0,9.825,19.0,20.0,87.25,-9.925,2.3475034,0.0,-8.25,21.3296296,18.0,18.0,18.03333333333333,18.45,17.533333333333335,-27.27066667,0.0833333266666649,-0.0293333333333336,-5.974666666666667,-5.873333333333333,21.177777781111114,-5.963555555555554,3.3383842,3.3315425,3.312261,3.2793455,3.2728152,0,0.0,0,1.0,-0.47,9.7,90.3
2023-01-15 22:00:00,263.708895755552,240.044008955556,240.075118877776,21.3296296,-5.873333333333333,17.533333333333335,2,5.1764362714980825,70.66250196097344,22,6,1,-0.5000000000000004,0.8660254037844384,-0.7818314824680299,0.6234898018587334,0.4999999999999999,0.8660254037844387,0.0,0.0,0.0,9.9,19.1,8.0,87.0,-10.0,2.3321335,0.0,-8.3,21.25555556,17.95,18.0,18.0,18.03333333333333,17.5,-27.20296293333333,0.0629629299999976,0.1306666666666673,-6.004,-5.790000000000001,21.25987653777778,-5.950666666666666,3.2728152,3.3383842,3.3315425,3.312261,3.2525954,0,0.0,0,1.0,-0.46,9.4,90.6
2023-01-15 22:15:00,145.28029987221402,111.547204633332,111.563592927774,21.25555556,-5.790000000000001,17.5,2,5.1764362714980825,70.66250196097344,22,6,1,-0.5000000000000004,0.8660254037844384,-0.7818314824680299,0.6234898018587334,0.4999999999999999,0.8660254037844387,0.0,0.0,0.0,10.075,19.275,6.0,87.0,-10.125,2.3106484,0.0,-8.425,20.792592616666663,17.533333333333335,17.95,18.0,18.0,17.683333333333334,-27.045555560000004,-0.0740740399999957,0.0833333333333321,-5.873333333333333,-5.649333333333333,21.28395061,-5.889111111111109,3.2525954,3.2728152,3.3383842,3.3315425,3.1994567,0,0.0,0,1.0,-0.48,9.8,90.2
2023-01-15 22:30:00,167.764122599996,129.753420755556,129.772864477776,20.792592616666663,-5.649333333333333,17.683333333333334,2,5.1764362714980825,70.66250196097344,22,6,1,-0.5000000000000004,0.8660254037844384,-0.7818314824680299,0.6234898018587334,0.4999999999999999,0.8660254037844387,0.0,0.0,0.0,10.25,19.450000000000003,4.0,87.0,-10.25,2.2893376,0.0,-8.55,20.57777782,17.5,17.533333333333335,17.95,18.0,18.0,-26.44192595,-0.4629629433333377,0.140666666666668,-5.790000000000001,-5.531999999999999,21.125925925555556,-5.770888888888887,3.1994567,3.2525954,3.2728152,3.3383842,3.216258,0,0.0,0,1.0,-0.58,12.1,87.9
2023-01-15 22:45:00,281.06403482222,247.632872072222,247.66453752222,20.57777782,-5.531999999999999,18.0,2,5.1764362714980825,70.66250196097344,22,6,1,-0.5000000000000004,0.8660254037844384,-0.7818314824680299,0.6234898018587334,0.4999999999999999,0.8660254037844387,0.0,0.0,0.0,10.425,19.625,2.0,87.0,-10.375,2.2682004,0.0,-8.675,20.84444446,17.683333333333334,17.5,17.533333333333335,17.95,18.0,-26.10977782,-0.214814796666662,0.1173333333333337,-5.649333333333333,-5.5953333333333335,20.875308665555558,-5.657111111111109,3.216258,3.1994567,3.2525954,3.2728152,3.2665918,0,0.0,0,1.0,-0.63,13.3,86.7
2023-01-15 23:00:00,320.050253161106,286.233827922224,286.26910429444604,20.84444446,-5.5953333333333335,18.0,2,5.1764362714980825,70.66250196097344,23,6,1,-0.2588190451025215,0.965925826289068,-0.7818314824680299,0.6234898018587334,0.4999999999999999,0.8660254037844387,0.0,0.0,0.0,10.6,19.8,0.0,87.0,-10.5,2.247236,0.0,-8.8,21.12222224,18.0,17.683333333333334,17.5,17.533333333333335,17.65,-26.43977779333333,0.2666666399999968,-0.0633333333333343,-5.531999999999999,-5.624,20.738271632222222,-5.59222222222222,3.2665918,3.216258,3.1994567,3.2525954,3.2551968,0,0.0,0,1.0,-0.57,11.8,88.2
2023-01-15 23:15:00,286.450763644448,264.030271683334,264.064436983334,21.12222224,-5.624,17.65,2,5.1764362714980825,70.66250196097344,23,6,1,-0.2588190451025215,0.965925826289068,-0.7818314824680299,0.6234898018587334,0.4999999999999999,0.8660254037844387,0.0,0.0,0.0,10.65,20.075,0.0,87.25,-10.55,2.2369974,0.0,-8.9,21.238888886666665,18.0,18.0,17.683333333333334,17.5,17.683333333333334,-26.74622224,0.277777780000001,-0.0286666666666661,-5.5953333333333335,-5.65,20.84814817333333,-5.583777777777776,3.2551968,3.2665918,3.216258,3.1994567,3.2834954,0,0.0,0,1.0,-0.51,10.4,89.6
2023-01-15 23:30:00,310.168148377776,256.939166472222,256.994997638886,21.238888886666665,-5.65,17.683333333333334,2,5.1764362714980825,70.66250196097344,23,6,1,-0.2588190451025215,0.965925826289068,-0.7818314824680299,0.6234898018587334,0.4999999999999999,0.8660254037844387,0.0,0.0,0.0,10.7,20.35,0.0,87.5,-10.6,2.2267723,0.0,-9.0,21.25555558,17.65,18.0,18.0,17.683333333333334,18.05,-26.888888886666663,0.1166666466666654,-0.0260000000000006,-5.624,-5.828,21.068518528888887,-5.62311111111111,3.2834954,3.2551968,3.2665918,3.216258,3.35482,0,0.0,0,1.0,-0.48,9.8,90.2
2023-01-15 23:45:00,252.1782458,159.9461019,159.996933233332,21.25555558,-5.828,18.05,2,5.1764362714980825,70.66250196097344,23,6,1,-0.2588190451025215,0.965925826289068,-0.7818314824680299,0.6234898018587334,0.4999999999999999,0.8660254037844387,0.0,0.0,0.0,10.75,20.625,0.0,87.75,-10.65,2.2165613,0.0,-9.1,20.88703708,17.683333333333334,17.65,18.0,18.0,18.466666666666665,-27.08355558,0.0166666933333345,-0.1779999999999999,-5.65,-5.955333333333333,21.205555568888887,-5.700666666666666,3.35482,3.2834954,3.2551968,3.2665918,3.3595948,0,0.0,0,1.0,-0.47,9.7,90.3
2023-01-16 00:00:00,192.991724538886,112.367727344444,112.414947755552,20.88703708,-5.955333333333333,18.466666666666665,2,5.1764362714980825,70.66250196097344,0,0,1,0.0,1.0,0.0,1.0,0.4999999999999999,0.8660254037844387,0.0,0.0,0.0,10.8,20.9,0.0,88.0,-10.7,2.206365,0.0,-9.2,20.36666669,18.05,17.683333333333334,17.65,18.0,18.5,-26.84237041333333,-0.3685184999999968,-0.1273333333333326,-5.828,-6.270666666666667,21.12716051555556,-5.81111111111111,3.3595948,3.35482,3.2834954,3.2551968,3.2651343,0,0.0,0,1.0,-0.56,11.5,88.5
2023-01-16 00:15:00,280.734325727778,220.408405527778,220.462847833332,20.36666669,-6.270666666666667,18.5,2,5.1764362714980825,70.66250196097344,0,0,1,0.0,1.0,0.0,1.0,0.4999999999999999,0.8660254037844387,0.0,0.0,0.0,10.5,20.625,0.0,88.75,-10.7,2.2127523,0.0,-9.275,20.390740723333334,18.466666666666665,18.05,17.683333333333334,17.65,18.316666666666663,-26.637333356666662,-0.5203703900000036,-0.3153333333333341,-5.955333333333333,-6.17,20.836419783333337,-6.017999999999998,3.2651343,3.3595948,3.35482,3.2834954,3.2373247,0,0.0,0,1.0,-0.67,14.5,85.5
2023-01-16 00:30:00,347.714701888892,293.1141083,293.163828544444,20.390740723333334,-6.17,18.316666666666663,2,5.1764362714980825,70.66250196097344,0,0,1,0.0,1.0,0.0,1.0,0.4999999999999999,0.8660254037844387,0.0,0.0,0.0,10.2,20.35,0.0,89.5,-10.7,2.2189908,0.0,-9.35,20.62222224,18.5,18.466666666666665,18.05,17.683333333333334,18.0,-26.56074072333333,0.0240740333333349,0.1006666666666671,-6.270666666666667,-6.06,20.548148164444445,-6.131999999999998,3.2373247,3.2651343,3.3595948,3.35482,3.2246006,0,0.0,0,1.0,-0.67,14.4,85.6
2023-01-16 00:45:00,329.423766922224,270.401127972222,270.443070744444,20.62222224,-6.06,18.0,2,5.1764362714980825,70.66250196097344,0,0,1,0.0,1.0,0.0,1.0,0.4999999999999999,0.8660254037844387,0.0,0.0,0.0,9.9,20.075,0.0,90.25,-10.7,2.2250826,0.0,-9.425,20.67777776333333,18.316666666666663,18.5,18.466666666666665,18.05,18.0,-26.68222224,0.2314815166666655,0.1100000000000003,-6.17,-5.96,20.459876551111112,-6.166888888888887,3.2246006,3.2373247,3.2651343,3.3595948,3.235055,0,0.0,0,1.0,-0.62,13.0,87.0
2023-01-16 01:00:00,298.823324372222,229.934691144444,229.97802276111,20.67777776333333,-5.96,18.0,2,5.1764362714980825,70.66250196097344,1,0,1,0.2588190451025207,0.9659258262890684,0.0,1.0,0.4999999999999999,0.8660254037844387,0.0,0.0,0.0,9.6,19.8,0.0,91.0,-10.7,2.231029,0.0,-9.5,20.48333333,18.0,18.316666666666663,18.5,18.466666666666665,18.35,-26.63777776333333,0.0555555233333322,0.0999999999999996,-6.06,-6.270666666666667,20.563580242222223,-6.063333333333332,3.235055,3.2246006,3.2373247,3.2651343,3.260788,0,0.0,0,1.0,-0.61,12.7,87.3
2023-01-16 01:15:00,203.709629155552,102.359794344444,102.40618142222,20.48333333,-6.270666666666667,18.35,2,5.1764362714980825,70.66250196097344,1,0,1,0.2588190451025207,0.9659258262890684,0.0,1.0,0.4999999999999999,0.8660254037844387,0.0,0.0,0.0,9.95,19.8,0.0,91.25,-10.675,2.2329793,0.0,-9.525,19.992592596666668,18.0,18.0,18.316666666666663,18.5,18.683333333333334,-26.753999996666668,-0.1944444333333308,-0.3106666666666671,-5.96,-6.234666666666667,20.594444444444445,-6.096888888888887,3.260788,3.235055,3.2246006,3.2373247,3.2261453,0,0.0,0,1.0,-0.65,13.8,86.2
2023-01-16 01:30:00,420.959827633332,320.49606849444604,320.564121322224,19.992592596666668,-6.234666666666667,18.683333333333334,2,5.1764362714980825,70.66250196097344,1,0,1,0.2588190451025207,0.9659258262890684,0.0,1.0,0.4999999999999999,0.8660254037844387,0.0,0.0,0.0,10.3,19.8,0.0,91.5,-10.65,2.2349133,0.0,-9.55,20.15555555,18.35,18.0,18.0,18.316666666666663,18.65,-26.22725926333333,-0.4907407333333324,0.0360000000000004,-6.270666666666667,-6.098,20.384567896666667,-6.15511111111111,3.2261453,3.260788,3.235055,3.2246006,3.25125,0,0.0,0,1.0,-0.76,17.0,83.0
2023-01-16 01:45:00,398.837934777776,332.781132655556,332.850296588888,20.15555555,-6.098,18.65,2,5.1764362714980825,70.66250196097344,1,0,1,0.2588190451025207,0.9659258262890684,0.0,1.0,0.4999999999999999,0.8660254037844387,0.0,0.0,0.0,10.65,19.8,0.0,91.75,-10.625,2.2368312,0.0,-9.575,20.65555558333333,18.683333333333334,18.35,18.0,18.0,18.5,-26.25355555,0.1629629533333307,0.1366666666666667,-6.234666666666667,-5.883333333333334,20.21049382555556,-6.20111111111111,3.25125,3.2261453,3.260788,3.235055,3.320616,0,0.0,0,1.0,-0.72,15.9,84.1
2023-01-16 02:00:00,387.587273522228,340.533600344444,340.592764627778,20.65555558333333,-5.883333333333334,18.5,2,5.1764362714980825,70.66250196097344,2,0,1,0.4999999999999999,0.8660254037844387,0.0,1.0,0.4999999999999999,0.8660254037844387,0.0,0.0,0.0,11.0,19.8,0.0,92.0,-10.6,2.2387333,0.0,-9.6,21.05555555,18.65,18.683333333333334,18.35,18.0,18.5,-26.538888916666668,0.5000000333333361,0.2146666666666661,-6.098,-5.728666666666666,20.26790124333333,-6.071999999999998,3.320616,3.25125,3.2261453,3.260788,3.3987823,0,0.0,0,1.0,-0.61,12.8,87.2
2023-01-16 02:15:00,310.786734633336,239.230708172222,239.279317344444,21.05555555,-5.728666666666666,18.5,2,5.1764362714980825,70.66250196097344,2,0,1,0.4999999999999999,0.8660254037844387,0.0,1.0,0.4999999999999999,0.8660254037844387,0.0,0.0,0.0,11.0,19.975,0.0,92.0,-10.575,2.2429261,0.0,-9.575,21.19444444333333,18.5,18.65,18.683333333333334,18.35,18.5,-26.784222216666667,0.399999966666666,0.1546666666666674,-5.883333333333334,-5.671333333333334,20.62222222777778,-5.903333333333332,3.3987823,3.320616,3.25125,3.2261453,3.4262924,0,0.0,0,1.0,-0.52,10.6,89.4
2023-01-16 02:30:00,504.990355127778,174.995499883334,175.020221144444,21.19444444333333,-5.671333333333334,18.5,2,5.1764362714980825,70.66250196097344,2,0,1,0.4999999999999999,0.8660254037844387,0.0,1.0,0.4999999999999999,0.8660254037844387,0.0,0.0,0.0,11.0,20.15,0.0,92.0,-10.55,2.2471256,0.0,-9.55,20.88333332,18.5,18.5,18.65,18.683333333333334,18.5,-26.86577777666667,0.1388888933333341,0.0573333333333323,-5.728666666666666,-5.876666666666667,20.96851852555556,-5.761111111111109,3.4262924,3.3987823,3.320616,3.25125,3.364934,0,0.0,0,1.0,-0.49,9.9,90.1
2023-01-16 02:45:00,147.540209438882,107.908461272222,107.924571827774,20.88333332,-5.876666666666667,18.5,2,5.1764362714980825,70.66250196097344,2,0,1,0.4999999999999999,0.8660254037844387,0.0,1.0,0.4999999999999999,0.8660254037844387,0.0,0.0,0.0,11.0,20.325,0.0,92.0,-10.525,2.2513325,0.0,-9.525,20.34629628333333,18.5,18.5,18.5,18.65,18.683333333333334,-26.75999998666667,-0.3111111233333332,-0.2053333333333329,-5.671333333333334,-5.847333333333334,21.04444443777778,-5.758888888888888,3.364934,3.4262924,3.3987823,3.320616,3.2935717,0,0.0,0,1.0,-0.56,11.5,88.5
2023-01-16 03:00:00,221.488640149998,173.093909283334,173.118075,20.34629628333333,-5.847333333333334,18.683333333333334,2,5.1764362714980825,70.66250196097344,3,0,1,0.7071067811865476,0.7071067811865476,0.0,1.0,0.4999999999999999,0.8660254037844387,0.0,0.0,0.0,11.0,20.5,0.0,92.0,-10.5,2.255546,0.0,-9.5,20.46666667,18.5,18.5,18.5,18.5,18.65,-26.19362961666667,-0.5370370366666677,0.0293333333333327,-5.876666666666667,-5.925333333333333,20.808024682222225,-5.798444444444443,3.2935717,3.364934,3.4262924,3.3987823,3.3108764,0,0.0,0,1.0,-0.68,14.6,85.4
2023-01-16 03:15:00,284.236407738894,246.092655883334,246.124043527778,20.46666667,-5.925333333333333,18.65,2,5.1764362714980825,70.66250196097344,3,0,1,0.7071067811865476,0.7071067811865476,0.0,1.0,0.4999999999999999,0.8660254037844387,0.0,0.0,0.0,10.75,20.325,0.0,91.75,-10.5,2.2536259,0.0,-9.475,20.872222203333333,18.683333333333334,18.5,18.5,18.5,18.316666666666663,-26.39200000333333,0.1203703866666643,-0.0779999999999985,-5.847333333333334,-6.065333333333333,20.565432091111116,-5.88311111111111,3.3108764,3.2935717,3.364934,3.4262924,3.3294356,0,0.0,0,1.0,-0.65,13.9,86.1
2023-01-16 03:30:00,293.906021105554,248.090075983334,248.12368582222,20.872222203333333,-6.065333333333333,18.316666666666663,2,5.1764362714980825,70.66250196097344,3,0,1,0.7071067811865476,0.7071067811865476,0.0,1.0,0.4999999999999999,0.8660254037844387,0.0,0.0,0.0,10.5,20.15,0.0,91.5,-10.5,2.2516901,0.0,-9.45,21.09444444,18.65,18.683333333333334,18.5,18.5,18.0,-26.937555536666665,0.4055555333333345,-0.1400000000000005,-5.925333333333333,-6.173333333333333,20.56172838555556,-5.945999999999998,3.3294356,3.3108764,3.2935717,3.364934,3.3143988,0,0.0,0,1.0,-0.56,11.6,88.4
2023-01-16 03:45:00,298.492782044444,248.035911533332,248.066465927774,21.09444444,-6.173333333333333,18.0,2,5.1764362714980825,70.66250196097344,3,0,1,0.7071067811865476,0.7071067811865476,0.0,1.0,0.4999999999999999,0.8660254037844387,0.0,0.0,0.0,10.25,19.975,0.0,91.25,-10.5,2.2497375,0.0,-9.425,21.30740742333333,18.316666666666663,18.65,18.683333333333334,18.5,18.0,-27.26777777333333,0.222222236666667,-0.1079999999999996,-6.065333333333333,-6.030666666666666,20.811111104444446,-6.054666666666665,3.3143988,3.3294356,3.3108764,3.2935717,3.3555992,0,0.0,0,1.0,-0.51,10.5,89.5
2023-01-16 04:00:00,203.731294872222,168.872967044444,168.890744116666,21.30740742333333,-6.030666666666666,18.0,2,5.1764362714980825,70.66250196097344,4,0,1,0.8660254037844386,0.5000000000000001,0.0,1.0,0.4999999999999999,0.8660254037844387,0.0,0.0,0.0,10.0,19.8,0.0,91.0,-10.5,2.2477694,0.0,-9.4,21.03333331,18.0,18.316666666666663,18.65,18.683333333333334,18.4,-27.33807409,0.2129629833333339,0.1426666666666669,-6.173333333333333,-6.041333333333333,21.091358022222224,-6.089777777777776,3.3555992,3.3143988,3.3294356,3.3108764,3.3760495,0,0.0,0,1.0,-0.46,9.5,90.5
2023-01-16 04:15:00,143.20843814999802,115.665095444444,115.678150488888,21.03333331,-6.041333333333333,18.4,2,5.1764362714980825,70.66250196097344,4,0,1,0.8660254037844386,0.5000000000000001,0.0,1.0,0.4999999999999999,0.8660254037844387,0.0,0.0,0.0,9.675,19.35,0.0,91.0,-10.575,2.2393858,0.0,-9.45,20.57037036333333,18.0,18.0,18.316666666666663,18.65,18.966666666666665,-27.07466664333333,-0.2740741133333344,-0.0106666666666672,-6.030666666666666,-6.237333333333334,21.14506172444445,-6.081777777777776,3.3760495,3.3555992,3.3143988,3.3294356,3.3875191,0,0.0,0,1.0,-0.52,10.7,89.3
2023-01-16 04:30:00,258.761593505558,228.532802755556,228.556968455556,20.57037036333333,-6.237333333333334,18.966666666666665,2,5.1764362714980825,70.66250196097344,4,0,1,0.8660254037844386,0.5000000000000001,0.0,1.0,0.4999999999999999,0.8660254037844387,0.0,0.0,0.0,9.35,18.9,0.0,91.0,-10.65,2.231029,0.0,-9.5,20.87222219,18.4,18.0,18.0,18.316666666666663,18.65,-26.807703696666664,-0.4629629466666678,-0.1960000000000006,-6.041333333333333,-6.252,20.97037036555556,-6.103111111111109,3.3875191,3.3760495,3.3555992,3.3143988,3.3900256,0,0.0,0,1.0,-0.62,13.2,86.8
2023-01-16 04:45:00,285.659961961114,241.4911733,241.518116705554,20.87222219,-6.252,18.65,2,5.1764362714980825,70.66250196097344,4,0,1,0.8660254037844386,0.5000000000000001,0.0,1.0,0.4999999999999999,0.8660254037844387,0.0,0.0,0.0,9.025,18.45,0.0,91.0,-10.725,2.2227006,0.0,-9.55,21.28518515333333,18.966666666666665,18.4,18.0,18.0,18.316666666666663,-27.12422219,0.3018518266666667,-0.0146666666666659,-6.237333333333334,-6.1033333333333335,20.82530862111111,-6.176888888888887,3.3900256,3.3875191,3.3760495,3.3555992,3.4102373,0,0.0,0,1.0,-0.56,11.5,88.5
2023-01-16 05:00:00,289.002050522224,248.303956311112,248.332566316666,21.28518515333333,-6.1033333333333335,18.316666666666663,2,5.1764362714980825,70.66250196097344,5,0,1,0.9659258262890684,0.2588190451025207,0.0,1.0,0.4999999999999999,0.8660254037844387,0.0,0.0,0.0,8.7,18.0,0.0,91.0,-10.8,2.2143993,0.0,-9.6,21.52777779,18.65,18.966666666666665,18.4,18.0,18.0,-27.38851848666667,0.4129629633333351,0.1486666666666662,-6.252,-6.131333333333333,20.90925923555556,-6.197555555555553,3.4102373,3.3900256,3.3875191,3.3760495,3.3986993,0,0.0,0,1.0,-0.47,9.5,90.5
2023-01-16 05:15:00,270.531678316666,243.800803127778,243.829690905554,21.52777779,-6.131333333333333,18.0,2,5.1764362714980825,70.66250196097344,5,0,1,0.9659258262890684,0.2588190451025207,0.0,1.0,0.4999999999999999,0.8660254037844387,0.0,0.0,0.0,8.75,17.375,0.0,91.0,-10.9,2.197879,0.0,-9.7,21.546296276666663,18.316666666666663,18.65,18.966666666666665,18.4,18.0,-27.659111123333336,0.2425926366666679,-0.0279999999999995,-6.1033333333333335,-6.073333333333333,21.228395044444444,-6.16222222222222,3.3986993,3.4102373,3.3900256,3.3875191,3.4023426,0,0.0,0,1.0,-0.41,8.5,91.5
2023-01-16 05:30:00,175.097995849998,139.503864072222,139.521641177776,21.546296276666663,-6.073333333333333,18.0,2,5.1764362714980825,70.66250196097344,5,0,1,0.9659258262890684,0.2588190451025207,0.0,1.0,0.4999999999999999,0.8660254037844387,0.0,0.0,0.0,8.8,16.75,0.0,91.0,-11.0,2.1814673,0.0,-9.8,21.05555552,18.0,18.316666666666663,18.65,18.966666666666665,18.05,-27.61962961,0.0185184866666645,0.0579999999999998,-6.131333333333333,-5.964666666666667,21.45308640666667,-6.102666666666664,3.4023426,3.3986993,3.4102373,3.3900256,3.3161087,0,0.0,0,1.0,-0.41,8.5,91.5
2023-01-16 05:45:00,147.345217172218,123.356454444444,123.37284272222,21.05555552,-5.964666666666667,18.05,2,5.1764362714980825,70.66250196097344,5,0,1,0.9659258262890684,0.2588190451025207,0.0,1.0,0.4999999999999999,0.8660254037844387,0.0,0.0,0.0,8.85,16.125,0.0,91.0,-11.1,2.165164,0.0,-9.9,20.66296299333333,18.0,18.0,18.316666666666663,18.65,18.466666666666665,-27.020222186666665,-0.4907407566666677,0.1086666666666662,-6.073333333333333,-5.956,21.37654319555556,-6.056444444444442,3.3161087,3.4023426,3.3986993,3.4102373,3.3160634,0,0.0,0,1.0,-0.52,10.7,89.3
2023-01-16 06:00:00,268.296767799996,228.647520433332,228.67501938333,20.66296299333333,-5.956,18.466666666666665,2,5.1764362714980825,70.66250196097344,6,0,1,1.0,6.123233995736766e-17,0.0,1.0,0.4999999999999999,0.8660254037844387,0.0,0.0,0.0,8.9,15.5,0.0,91.0,-11.2,2.1489682,0.0,-10.0,21.03888889,18.05,18.0,18.0,18.316666666666663,18.45,-26.618962993333334,-0.3925925266666645,0.0086666666666666,-5.964666666666667,-5.946,21.08827159666667,-5.9979999999999976,3.3160634,3.3161087,3.4023426,3.3986993,3.3863168,0,0.0,0,1.0,-0.61,12.7,87.3
2023-01-16 06:15:00,305.733603549998,260.144038272222,260.173203788888,21.03888889,-5.946,18.45,2,5.1764362714980825,70.66250196097344,6,0,1,1.0,6.123233995736766e-17,0.0,1.0,0.4999999999999999,0.8660254037844387,0.0,0.0,0.0,9.425,16.575,0.0,91.0,-11.2,2.1489682,0.0,-10.0,21.43148150333333,18.466666666666665,18.05,18.0,18.0,18.03333333333333,-26.98488889,0.375925896666665,0.0100000000000006,-5.956,-5.822666666666667,20.919135801111118,-5.955555555555553,3.3863168,3.3160634,3.3161087,3.4023426,3.3860655,0,0.0,0,1.0,-0.52,10.7,89.3
2023-01-16 06:30:00,272.834086349994,247.837586116666,247.866473911108,21.43148150333333,-5.822666666666667,18.03333333333333,2,5.1764362714980825,70.66250196097344,6,0,1,1.0,6.123233995736766e-17,0.0,1.0,0.4999999999999999,0.8660254037844387,0.0,0.0,0.0,9.95,17.65,0.0,91.0,-11.2,2.1489682,0.0,-10.0,21.64444448,18.45,18.466666666666665,18.05,18.0,18.0,-27.25414817,0.3925926133333348,0.123333333333333,-5.946,-5.6306666666666665,21.04444446222222,-5.908222222222221,3.3860655,3.3863168,3.3160634,3.3161087,3.42171,0,0.0,0,1.0,-0.43,8.9,91.1
2023-01-16 06:45:00,269.579771927778,245.777668483334,245.806278488888,21.64444448,-5.6306666666666665,18.0,2,5.1764362714980825,70.66250196097344,6,0,1,1.0,6.123233995736766e-17,0.0,1.0,0.4999999999999999,0.8660254037844387,0.0,0.0,0.0,10.475,18.725,0.0,91.0,-11.2,2.1489682,0.0,-10.0,21.729629656666667,18.03333333333333,18.45,18.466666666666665,18.05,18.0,-27.275111146666667,0.2129629766666667,0.1920000000000001,-5.822666666666667,-5.455333333333333,21.371604957777777,-5.799777777777776,3.42171,3.3860655,3.3863168,3.3160634,3.438596,0,0.0,0,1.0,-0.39,8.1,91.9
2023-01-16 07:00:00,198.805936411108,163.977329544444,163.996773233332,21.729629656666667,-5.455333333333333,18.0,2,5.1764362714980825,70.66250196097344,7,0,1,0.9659258262890684,-0.2588190451025206,0.0,1.0,0.4999999999999999,0.8660254037844387,0.0,0.0,0.0,11.0,19.8,0.0,91.0,-11.2,2.1489682,0.0,-10.0,21.30555555,18.0,18.03333333333333,18.45,18.466666666666665,18.05,-27.18496299,0.0851851766666662,0.1753333333333335,-5.6306666666666665,-5.292,21.60185188,-5.63622222222222,3.438596,3.42171,3.3860655,3.3863168,3.3645594,0,0.0,0,1.0,-0.37,7.8,92.2
2023-01-16 07:15:00,157.646471738886,113.976829627778,113.990717988888,21.30555555,-5.292,18.05,2,5.1764362714980825,70.66250196097344,7,0,1,0.9659258262890684,-0.2588190451025206,0.0,1.0,0.4999999999999999,0.8660254037844387,0.0,0.0,0.0,10.925,20.525,0.0,90.25,-11.25,2.1392748,0.0,-9.95,20.73518518333333,18.0,18.0,18.03333333333333,18.45,18.466666666666665,-26.597555550000003,-0.4240741066666658,0.1633333333333331,-5.455333333333333,-5.22,21.559876562222225,-5.459333333333331,3.3645594,3.438596,3.42171,3.3860655,3.3300395,0,0.0,0,1.0,-0.46,9.5,90.5
2023-01-16 07:30:00,240.262333755548,206.566736983334,206.59312486111,20.73518518333333,-5.22,18.466666666666665,2,5.1764362714980825,70.66250196097344,7,0,1,0.9659258262890684,-0.2588190451025206,0.0,1.0,0.4999999999999999,0.8660254037844387,0.0,0.0,0.0,10.85,21.25,0.0,89.5,-11.3,2.1294744,0.0,-9.9,20.9666667,18.05,18.0,18.0,18.03333333333333,18.45,-25.95518518333333,-0.5703703666666691,0.072,-5.292,-5.314666666666667,21.25679013,-5.322444444444442,3.3300395,3.3645594,3.438596,3.42171,3.3721368,0,0.0,0,1.0,-0.59,12.3,87.7
2023-01-16 07:45:00,295.510123655552,264.721632944444,264.753298394442,20.9666667,-5.314666666666667,18.45,2,5.1764362714980825,70.66250196097344,7,0,1,0.9659258262890684,-0.2588190451025206,0.0,1.0,0.4999999999999999,0.8660254037844387,0.0,0.0,0.0,10.775,21.975,0.0,88.75,-11.35,2.1195664,0.0,-9.85,21.396296296666662,18.466666666666665,18.05,18.0,18.0,18.03333333333333,-26.28133336666667,0.231481516666669,-0.0946666666666669,-5.22,-5.404666666666667,21.002469144444447,-5.275555555555553,3.3721368,3.3300395,3.3645594,3.438596,3.3791723,0,0.0,0,1.0,-0.54,11.0,89.0
2023-01-16 08:00:00,279.621870327774,247.208444633332,247.238165711108,21.396296296666662,-5.404666666666667,18.03333333333333,2,5.1764362714980825,70.66250196097344,8,0,1,0.8660254037844387,-0.4999999999999998,0.0,1.0,0.4999999999999999,0.8660254037844387,0.0,0.0,0.0,10.7,22.7,0.0,88.0,-11.4,2.109551,0.0,-9.8,21.63888892,18.45,18.466666666666665,18.05,18.0,17.95,-26.800962963333333,0.4296295966666648,-0.0900000000000007,-5.314666666666667,-5.33,21.03271606,-5.31311111111111,3.3791723,3.3721368,3.3300395,3.3645594,3.411109,0,0.0,0,1.0,-0.44,9.1,90.9
2023-01-16 08:15:00,270.596675833328,239.317926883334,239.347647977776,21.63888892,-5.33,17.95,2,5.1764362714980825,70.66250196097344,8,0,1,0.8660254037844387,-0.4999999999999998,0.0,1.0,0.4999999999999999,0.8660254037844387,1.5,0.375,0.125,10.475,22.25,0.0,88.0,-11.25,2.1333961,0.0,-9.65,21.67777776333333,18.03333333333333,18.45,18.466666666666665,18.05,17.533333333333335,-26.96888892,0.2425926233333335,0.0746666666666673,-5.404666666666667,-5.124666666666667,21.33395063888889,-5.349777777777777,3.411109,3.3791723,3.3721368,3.3300395,3.339427,0,0.0,0,1.0,-0.39,8.1,91.9
2023-01-16 08:30:00,198.125130277776,154.90824783889,154.927691544444,21.67777776333333,-5.124666666666667,17.533333333333335,2,5.1764362714980825,70.66250196097344,8,0,1,0.8660254037844387,-0.4999999999999998,0.0,1.0,0.4999999999999999,0.8660254037844387,3.0,1.125,0.375,10.25,21.8,0.0,88.0,-11.1,2.1574788,0.0,-9.5,21.21666666,17.95,18.03333333333333,18.45,18.466666666666665,17.9,-26.80244443,0.038888843333332,0.2053333333333329,-5.33,-5.113333333333333,21.57098766,-5.2864444444444425,3.339427,3.411109,3.3791723,3.3721368,3.3194456,0,0.0,0,1.0,-0.38,8.0,92.0
2023-01-16 08:45:00,150.325097988884,110.397528355556,110.412250033332,21.21666666,-5.113333333333333,17.9,2,5.1764362714980825,70.66250196097344,8,0,1,0.8660254037844387,-0.4999999999999998,0.0,1.0,0.4999999999999999,0.8660254037844387,4.5,2.25,0.75,10.025,21.35,0.0,88.0,-10.95,2.181801,0.0,-9.35,20.716666676666662,17.533333333333335,17.95,18.03333333333333,18.45,18.466666666666665,-26.32999999333333,-0.4611111033333337,0.0113333333333338,-5.124666666666667,-4.822666666666667,21.511111114444446,-5.189333333333331,3.3194456,3.339427,3.411109,3.3791723,3.326451,0,0.0,0,1.0,-0.48,9.9,90.1
2023-01-16 09:00:00,244.607159722224,214.2897614,214.315871488888,20.716666676666662,-4.822666666666667,18.466666666666665,2,5.1764362714980825,70.66250196097344,9,0,1,0.7071067811865476,-0.7071067811865475,0.0,1.0,0.4999999999999999,0.8660254037844387,6.0,3.75,1.25,9.8,20.9,0.0,88.0,-10.8,2.206365,0.0,-9.2,20.86666667,17.9,17.533333333333335,17.95,18.03333333333333,18.5,-25.53933334333333,-0.4999999833333319,0.2906666666666666,-5.113333333333333,-4.250666666666667,21.2037037,-5.020222222222221,3.326451,3.3194456,3.339427,3.411109,3.3616736,0,0.0,0,1.0,-0.59,12.4,87.6
2023-01-16 09:15:00,296.90201236111,269.096180172222,269.12812336111,20.86666667,-4.250666666666667,18.5,2,5.1764362714980825,70.66250196097344,9,0,1,0.7071067811865476,-0.7071067811865475,0.0,1.0,0.4999999999999999,0.8660254037844387,32.0,11.375,3.9166666666666665,9.5,20.45,0.0,85.5,-10.575,2.2456985,0.0,-8.575,21.250000003333334,18.466666666666665,17.9,17.533333333333335,17.95,18.5,-25.117333336666665,0.1499999933333313,0.5720000000000001,-4.822666666666667,-4.174,20.93333333555556,-4.728888888888887,3.3616736,3.326451,3.3194456,3.339427,3.4373507,0,0.0,0,1.0,-0.56,11.6,88.4
2023-01-16 09:30:00,290.718926477772,243.53664706111,243.56692368333,21.250000003333334,-4.174,18.5,2,5.1764362714980825,70.66250196097344,9,0,1,0.7071067811865476,-0.7071067811865475,0.0,1.0,0.4999999999999999,0.8660254037844387,58.0,25.125,8.75,9.2,20.0,0.0,83.0,-10.35,2.2831995,0.0,-7.949999999999999,21.66111108,18.5,18.466666666666665,17.9,17.533333333333335,18.15,-25.424000003333333,0.3833333333333364,0.0766666666666662,-4.250666666666667,-4.537333333333334,20.94444445,-4.415777777777776,3.4373507,3.3616736,3.326451,3.3194456,3.4535499,0,0.0,0,1.0,-0.47,9.7,90.3
2023-01-16 09:45:00,297.80169862222,258.536602572222,258.569101288888,21.66111108,-4.537333333333334,18.15,2,5.1764362714980825,70.66250196097344,9,0,1,0.7071067811865476,-0.7071067811865475,0.0,1.0,0.4999999999999999,0.8660254037844387,84.0,45.0,15.75,8.9,19.55,0.0,80.5,-10.125,2.3186367,0.0,-7.325,21.97037036,18.5,18.5,18.466666666666665,17.9,18.0,-26.19844441333333,0.4111110766666677,-0.3633333333333333,-4.174,-4.289333333333333,21.259259251111114,-4.320666666666665,3.4535499,3.4373507,3.3616736,3.326451,3.4867096,0,0.0,0,1.0,-0.38,8.0,92.0
2023-01-16 10:00:00,283.770870844448,258.669652766668,258.701040394446,21.97037036,-4.289333333333333,18.0,2,5.1764362714980825,70.66250196097344,10,0,1,0.4999999999999999,-0.8660254037844387,0.0,1.0,0.4999999999999999,0.8660254037844387,110.0,71.0,24.916666666666668,8.6,19.1,0.0,78.0,-9.9,2.3517656,0.0,-6.7,22.0555556,18.15,18.5,18.5,18.466666666666665,18.0,-26.259703693333336,0.3092592799999991,0.2480000000000002,-4.537333333333334,-3.5973333333333333,21.627160481111115,-4.333555555555553,3.4867096,3.4535499,3.4373507,3.3616736,3.5038738,0,0.0,0,1.0,-0.31,7.0,93.0
2023-01-16 10:15:00,286.093000355552,251.917978444444,251.949921666664,22.0555556,-3.5973333333333333,18.0,2,5.1764362714980825,70.66250196097344,10,0,1,0.4999999999999999,-0.8660254037844387,0.0,1.0,0.4999999999999999,0.8660254037844387,146.5,99.625,37.125,8.45,19.55,0.0,73.75,-10.1,2.322889,0.0,-6.1,22.01481482666667,18.0,18.15,18.5,18.5,18.0,-25.652888933333337,0.0851852400000012,0.6920000000000002,-4.289333333333333,-2.67,21.895679013333336,-4.141333333333332,3.5038738,3.4867096,3.4535499,3.4373507,3.495655,0,0.0,0,1.0,-0.29,6.8,93.2
2023-01-16 10:30:00,278.866344949998,255.033409372222,255.065074805554,22.01481482666667,-2.67,18.0,2,5.1764362714980825,70.66250196097344,10,0,1,0.4999999999999999,-0.8660254037844387,0.0,1.0,0.4999999999999999,0.8660254037844387,183.0,130.875,52.375,8.3,20.0,0.0,69.5,-10.3,2.2862291,0.0,-5.5,21.86111108,18.0,18.0,18.15,18.5,18.0,-24.684814826666667,-0.0407407733333329,0.9273333333333332,-3.5973333333333333,-2.1746666666666665,22.013580262222224,-3.518888888888887,3.495655,3.5038738,3.4867096,3.4535499,3.4648015,0,0.0,0,1.0,-0.3,6.9,93.1
2023-01-16 10:45:00,278.730239377772,239.5437512,239.574305594442,21.86111108,-2.1746666666666665,18.0,2,5.1764362714980825,70.66250196097344,10,0,1,0.4999999999999999,-0.8660254037844387,0.0,1.0,0.4999999999999999,0.8660254037844387,219.5,164.75,70.66666666666667,8.15,20.45,0.0,65.25,-10.5,2.2412307,0.0,-4.9,21.76111111333333,18.0,18.0,18.0,18.15,18.0,-24.035777746666668,-0.1537037466666682,0.4953333333333334,-2.67,-1.578,21.977160502222223,-2.8139999999999983,3.4648015,3.495655,3.5038738,3.4867096,3.4448552,0,0.0,0,1.0,-0.34,7.4,92.6
2023-01-16 11:00:00,144.583660855556,99.493242344444,99.506297388888,21.76111111333333,-1.578,18.0,2,5.1764362714980825,70.66250196097344,11,0,1,0.258819045102521,-0.9659258262890682,0.0,1.0,0.4999999999999999,0.8660254037844387,256.0,201.25,92.0,8.0,20.9,0.0,61.0,-10.7,2.1873083,0.0,-4.3,21.67222224,18.0,18.0,18.0,18.0,18.35,-23.33911111333333,-0.0999999666666653,0.5966666666666665,-2.1746666666666665,-1.2153333333333334,21.879012340000003,-2.140888888888887,3.4448552,3.4648015,3.495655,3.5038738,3.4938483,0,0.0,0,1.0,-0.36,7.7,92.3
2023-01-16 11:15:00,190.309887283334,160.498302044444,160.518301277776,21.67222224,-1.2153333333333334,18.35,2,5.1764362714980825,70.66250196097344,11,0,1,0.258819045102521,-0.9659258262890682,0.0,1.0,0.4999999999999999,0.8660254037844387,285.25,235.9375,115.64583333333331,8.0,21.525,0.0,57.25,-11.0,2.142563,0.0,-3.7,21.562963006666667,18.0,18.0,18.0,18.0,18.5,-22.887555573333334,-0.0888888733333352,0.3626666666666667,-1.578,-1.0053333333333334,21.764814811111112,-1.655999999999998,3.4938483,3.4448552,3.4648015,3.495655,3.500225,0,0.0,0,1.0,-0.38,8.0,92.0
2023-01-16 11:30:00,398.489059700004,262.947259472222,262.988646733332,21.562963006666667,-1.0053333333333334,18.5,2,5.1764362714980825,70.66250196097344,11,0,1,0.258819045102521,-0.9659258262890682,0.0,1.0,0.4999999999999999,0.8660254037844387,314.5,268.8125,141.60416666666666,8.0,22.15,0.0,53.5,-11.3,2.0892699,0.0,-3.1,21.62777781,18.35,18.0,18.0,18.0,18.75,-22.56829634,-0.1092592333333328,0.2099999999999999,-1.2153333333333334,-0.738,21.66543212,-1.2662222222222204,3.500225,3.4938483,3.4448552,3.4648015,3.5608475,0,0.0,0,1.0,-0.4,8.4,91.6
2023-01-16 11:45:00,356.271304227774,264.836906116666,264.87496016111,21.62777781,-0.738,18.75,2,5.1764362714980825,70.66250196097344,11,0,1,0.258819045102521,-0.9659258262890682,0.0,1.0,0.4999999999999999,0.8660254037844387,343.75,299.875,169.875,8.0,22.775,0.0,49.75,-11.6,2.0268502,0.0,-2.5,21.55370368333333,18.5,18.35,18.0,18.0,18.25,-22.36577781,0.0648148033333342,0.2673333333333334,-1.0053333333333334,-0.3213333333333333,21.62098768555556,-0.9862222222222204,3.5608475,3.500225,3.4938483,3.4448552,3.4510756,0,0.0,0,1.0,-0.38,8.1,91.9
2023-01-16 12:00:00,312.61416151667,257.669137272222,257.707746827778,21.55370368333333,-0.3213333333333333,18.25,2,5.1764362714980825,70.66250196097344,12,0,1,1.2246467991473532e-16,-1.0,0.0,1.0,0.4999999999999999,0.8660254037844387,373.0,329.125,200.45833333333331,8.0,23.4,0.0,46.0,-11.9,1.954701,0.0,-1.9,21.5111111,18.75,18.5,18.35,18.0,18.5,-21.875037016666663,-0.0740741266666695,0.4166666666666666,-0.738,-0.17,21.5814815,-0.6882222222222204,3.4510756,3.5608475,3.500225,3.4938483,3.4897392,0,0.0,0,1.0,-0.4,8.4,91.6
2023-01-16 12:15:00,342.624905588888,252.176301411112,252.234354672222,21.5111111,-0.17,18.5,2,5.1764362714980825,70.66250196097344,12,0,1,1.2246467991473532e-16,-1.0,0.0,1.0,0.4999999999999999,0.8660254037844387,390.5,355.4375,230.33333333333331,7.675,23.225,0.0,43.0,-12.35,1.8987962,0.0,-1.35,21.82037036666667,18.25,18.75,18.5,18.35,18.5,-21.681111100000003,-0.0425925833333309,0.1513333333333333,-0.3213333333333333,0.2546666666666667,21.56419753111112,-0.409777777777776,3.4897392,3.4510756,3.5608475,3.500225,3.5526812,0,0.0,0,1.0,-0.41,8.6,91.4
2023-01-16 12:30:00,404.94102404444,269.723099511112,269.782541616666,21.82037036666667,0.2546666666666667,18.5,2,5.1764362714980825,70.66250196097344,12,0,1,1.2246467991473532e-16,-1.0,0.0,1.0,0.4999999999999999,0.8660254037844387,408.0,378.8125,259.5,7.35,23.05,0.0,40.0,-12.8,1.8351835,0.0,-0.8,22.08333331,18.5,18.25,18.75,18.5,18.5,-21.565703700000004,0.3092592666666682,0.4246666666666667,-0.17,0.344,21.628395050000005,-0.0788888888888871,3.5526812,3.4897392,3.4510756,3.5608475,3.6069705,0,0.0,0,1.0,-0.34,7.4,92.6
2023-01-16 12:45:00,1502.192687772218,281.8853908,281.946499488888,22.08333331,0.344,18.5,2,5.1764362714980825,70.66250196097344,12,0,1,1.2246467991473532e-16,-1.0,0.0,1.0,0.4999999999999999,0.8660254037844387,425.5,399.25,287.9583333333333,7.025,22.875,0.0,37.0,-13.25,1.7634109,0.0,-0.2500000000000002,22.44074073333333,18.5,18.5,18.25,18.75,18.683333333333334,-21.73933331,0.2629629433333313,0.0893333333333333,0.2546666666666667,0.7546666666666667,21.80493825888889,0.1428888888888906,3.6069705,3.5526812,3.4897392,3.4510756,3.7183962,0,0.0,0,1.0,-0.28,6.7,93.3
2023-01-16 13:00:00,1095.562842333336,283.814758022224,283.8769778,22.44074073333333,0.7546666666666667,18.683333333333334,2,5.1764362714980825,70.66250196097344,13,0,1,-0.2588190451025208,-0.9659258262890684,0.0,1.0,0.4999999999999999,0.8660254037844387,443.0,416.75,315.7083333333333,6.7,22.7,0.0,34.0,-13.7,1.6830082,0.0,0.3,22.65000003,18.5,18.5,18.5,18.25,19.8,-21.686074066666663,0.3574074233333313,0.4106666666666667,0.344,1.04,22.11481480333333,0.4511111111111129,3.7183962,3.6069705,3.5526812,3.4897392,3.9882615,0,0.0,0,1.0,-0.2,5.8,94.2
2023-01-16 13:15:00,410.78551250555,284.75388718888803,284.843328111108,22.65000003,1.04,19.8,2,5.1764362714980825,70.66250196097344,13,0,1,-0.2588190451025208,-0.9659258262890684,0.0,1.0,0.4999999999999999,0.8660254037844387,446.25,430.6875,340.6875,7.625,23.675,1.0,32.75,-13.85,1.6690984,0.0,0.7250000000000001,22.470370376666665,18.683333333333334,18.5,18.5,18.5,20.933333333333334,-21.61000003,0.2092592966666693,0.2853333333333333,0.7546666666666667,1.16,22.391358024444447,0.7128888888888908,3.9882615,3.7183962,3.6069705,3.5526812,4.1732926,0,0.0,0,1.0,-0.14,5.4,94.6
2023-01-16 13:30:00,388.486126783326,278.2863681,278.39219728333,22.470370376666665,1.16,20.933333333333334,2,5.1764362714980825,70.66250196097344,13,0,1,-0.2588190451025208,-0.9659258262890684,0.0,1.0,0.4999999999999999,0.8660254037844387,449.5,441.0625,362.8958333333333,8.55,24.65,2.0,31.5,-14.0,1.6527199,0.0,1.15,22.4222222,19.8,18.683333333333334,18.5,18.5,21.35,-21.310370376666665,-0.1796296533333361,0.1199999999999998,1.04,1.274,22.520370380000003,0.9848888888888908,4.1732926,3.9882615,3.7183962,3.6069705,4.2446027,0,0.0,0,1.0,-0.18,5.7,94.3
2023-01-16 13:45:00,375.726637133328,260.83012196111,260.93428454444,22.4222222,1.274,21.35,2,5.1764362714980825,70.66250196097344,13,0,1,-0.2588190451025208,-0.9659258262890684,0.0,1.0,0.4999999999999999,0.8660254037844387,452.75,447.875,382.3333333333333,9.475,25.625,3.0,30.25,-14.15,1.6337558,0.0,1.5750000000000002,22.37222221333333,20.933333333333334,19.8,18.683333333333334,18.5,21.316666666666663,-21.1482222,-0.0481481766666647,0.1140000000000001,1.16,1.5006666666666668,22.51419753555556,1.158000000000002,4.2446027,4.1732926,3.9882615,3.7183962,4.2258143,0,0.0,0,1.0,-0.19,5.7,94.3
2023-01-16 14:00:00,1073.0262439,259.736554572222,259.841550388888,22.37222221333333,1.5006666666666668,21.316666666666663,2,5.1764362714980825,70.66250196097344,14,0,1,-0.4999999999999997,-0.8660254037844388,0.0,1.0,0.4999999999999999,0.8660254037844387,456.0,451.125,399.0,10.4,26.6,4.0,29.0,-14.3,1.612085,0.0,2.0,22.28888889,21.35,20.933333333333334,19.8,18.683333333333334,21.0,-20.871555546666663,-0.0499999866666698,0.2266666666666668,1.274,1.4813333333333332,22.42160493,1.3115555555555574,4.2258143,4.2446027,4.1732926,3.9882615,4.1431375,0,0.0,0,1.0,-0.2,5.8,94.2
2023-01-16 14:15:00,383.70076260555,257.707746827778,257.810520566664,22.28888889,1.4813333333333332,21.0,2,5.1764362714980825,70.66250196097344,14,0,1,-0.4999999999999997,-0.8660254037844388,0.0,1.0,0.4999999999999999,0.8660254037844387,444.75,450.75,412.2916666666667,11.275,28.225,3.0,29.5,-13.95,1.6510236,0.0,2.1,22.225925906666667,21.316666666666663,21.35,20.933333333333334,19.8,20.816666666666663,-20.807555556666667,-0.0833333233333313,-0.0193333333333336,1.5006666666666668,1.23,22.36111110111111,1.4186666666666683,4.1431375,4.2258143,4.2446027,4.1732926,4.0921164,0,0.0,0,1.0,-0.22,6.0,94.0
2023-01-16 14:30:00,402.034751366664,279.184387711112,279.289105805554,22.225925906666667,1.23,20.816666666666663,2,5.1764362714980825,70.66250196097344,14,0,1,-0.4999999999999997,-0.8660254037844388,0.0,1.0,0.4999999999999999,0.8660254037844387,433.5,446.75,422.2083333333333,12.15,29.85,2.0,30.0,-13.6,1.6904074,0.0,2.2,22.23333334,21.0,21.316666666666663,21.35,20.933333333333334,20.45,-20.995925906666667,-0.0629629833333318,-0.2513333333333332,1.4813333333333332,1.2186666666666668,22.295679003333333,1.4040000000000017,4.0921164,4.1431375,4.2258143,4.2446027,4.0217514,0,0.0,0,1.0,-0.23,6.1,93.9
2023-01-16 14:45:00,517.076260672218,136.848136955556,136.93757786111,22.23333334,1.2186666666666668,20.45,2,5.1764362714980825,70.66250196097344,14,0,1,-0.4999999999999997,-0.8660254037844388,0.0,1.0,0.4999999999999999,0.8660254037844387,422.25,439.125,428.75,13.025,31.475,1.0,30.5,-13.25,1.73024,0.0,2.3,21.79444445,20.816666666666663,21.0,21.316666666666663,21.35,20.216666666666665,-21.01466667333333,0.0074074333333342,-0.0113333333333331,1.23,1.2086666666666666,22.249382712222225,1.3100000000000018,4.0217514,4.0921164,4.1431375,4.2258143,3.876538,0,0.0,0,1.0,-0.24,6.1,93.9
2023-01-16 15:00:00,202.808554,0.0,0.0,21.79444445,1.2086666666666666,20.216666666666665,0,5.1764362714980825,70.66250196097344,15,0,1,-0.7071067811865471,-0.7071067811865479,0.0,1.0,0.4999999999999999,0.8660254037844387,411.0,427.875,431.9166666666667,13.9,33.1,0.0,31.0,-12.9,1.7705255,0.0,2.4,21.00555557,20.45,20.816666666666663,21.0,21.316666666666663,20.5,-20.58577778333333,-0.4388888900000012,-0.0100000000000002,1.2186666666666668,1.2046666666666668,22.08456789888889,1.219111111111113,3.876538,4.0217514,4.0921164,4.1431375,3.7552946,1,1.0,1,0.75,-0.34,7.4,92.6
2023-01-16 15:15:00,140.149949394442,0.0,0.0,21.00555557,1.2046666666666668,20.5,0,5.1764362714980825,70.66250196097344,15,0,1,-0.7071067811865471,-0.7071067811865479,0.0,1.0,0.4999999999999999,0.8660254037844387,387.0,413.4375,431.625,13.625,33.2,0.0,33.25,-12.4,1.8672079,0.0,2.15,20.45555557333333,20.216666666666665,20.45,20.816666666666663,21.0,20.683333333333334,-19.80088890333333,-0.7888888799999982,-0.0039999999999997,1.2086666666666666,1.2346666666666666,21.677777786666667,1.2106666666666683,3.7552946,3.876538,4.0217514,4.0921164,3.669468,0,2.0,0,0.5,-0.52,10.6,89.4
2023-01-16 15:30:00,135.038764783338,0.0,0.0,20.45555557333333,1.2346666666666666,20.683333333333334,0,5.1764362714980825,70.66250196097344,15,0,1,-0.7071067811865471,-0.7071067811865479,0.0,1.0,0.4999999999999999,0.8660254037844387,363.0,395.8125,427.875,13.35,33.3,0.0,35.5,-11.9,1.9600834,0.0,1.9,20.04444444,20.5,20.216666666666665,20.45,20.816666666666663,21.05,-19.22088890666667,-0.5499999966666671,0.0299999999999998,1.2046666666666668,1.1926666666666668,21.08518519777778,1.2160000000000015,3.669468,3.7552946,3.876538,4.0217514,3.6458607,0,3.0,0,0.25,-0.64,13.6,86.4
2023-01-16 15:45:00,129.20455394444,0.0,0.0,20.04444444,1.1926666666666668,21.05,0,5.1764362714980825,70.66250196097344,15,0,1,-0.7071067811865471,-0.7071067811865479,0.0,1.0,0.4999999999999999,0.8660254037844387,339.0,375.0,420.6666666666667,13.075,33.4,0.0,37.75,-11.4,2.0492399,0.0,1.65,19.71111114,20.683333333333334,20.5,20.216666666666665,20.45,21.466666666666665,-18.85177777333333,-0.4111111333333355,-0.0419999999999998,1.2346666666666666,1.186,20.50185186111111,1.2106666666666683,3.6458607,3.669468,3.7552946,3.876538,3.6460896,0,4.0,0,0.0,-0.73,16.2,83.8
2023-01-16 16:00:00,140.724093094442,0.0,0.0,19.71111114,1.186,21.466666666666665,0,5.1764362714980825,70.66250196097344,16,0,1,-0.8660254037844385,-0.5000000000000004,0.0,1.0,0.4999999999999999,0.8660254037844387,315.0,351.0,410.0,12.8,33.5,0.0,40.0,-10.9,2.134765,0.0,1.4,19.42222224,21.05,20.683333333333334,20.5,20.216666666666665,21.5,-18.52511114,-0.3333332999999996,-0.0066666666666668,1.1926666666666668,0.84,20.070370384444445,1.2044444444444462,3.6460896,3.6458607,3.669468,3.7552946,3.590289,0,4.0,0,0.0,-0.8,18.6,81.4
2023-01-16 16:15:00,134.14157870555,0.0,0.0,19.42222224,0.84,21.5,0,5.1764362714980825,70.66250196097344,16,0,1,-0.8660254037844385,-0.5000000000000004,0.0,1.0,0.4999999999999999,0.8660254037844387,281.0,324.5,396.2291666666667,11.65,32.425,0.0,42.0,-10.675,2.177448,0.0,0.975,19.17222222666667,21.466666666666665,21.05,20.683333333333334,20.5,21.5,-18.58222224,-0.2888888999999999,-0.346,1.186,0.6533333333333334,19.72592594,1.0728888888888908,3.590289,3.6460896,3.6458607,3.669468,3.5378258,0,4.0,0,0.0,-0.87,21.0,79.0
2023-01-16 16:30:00,122.219833294442,0.0,0.0,19.17222222666667,0.6533333333333334,21.5,0,5.1764362714980825,70.66250196097344,16,0,1,-0.8660254037844385,-0.5000000000000004,0.0,1.0,0.4999999999999999,0.8660254037844387,247.0,295.5,379.3541666666667,10.5,31.35,0.0,44.0,-10.45,2.215718,0.0,0.5499999999999998,18.97777776,21.5,21.466666666666665,21.05,20.683333333333334,21.85,-18.518888893333337,-0.2500000133333309,-0.1866666666666665,0.84,0.222,19.435185202222225,0.8931111111111129,3.5378258,3.590289,3.6460896,3.6458607,3.5544171,0,4.0,0,0.0,-0.93,23.1,76.9
2023-01-16 16:45:00,166.348901394442,78.949619672222,78.983784972222,18.97777776,0.222,21.85,2,5.1764362714980825,70.66250196097344,16,0,1,-0.8660254037844385,-0.5000000000000004,0.0,1.0,0.4999999999999999,0.8660254037844387,213.0,264.0,359.375,9.35,30.275,0.0,46.0,-10.225,2.2497673,0.0,0.1249999999999997,18.98518517333333,21.5,21.5,21.466666666666665,21.05,22.0,-18.75577776,-0.1944444666666704,-0.4313333333333334,0.6533333333333334,-0.2253333333333333,19.19074074222222,0.5717777777777796,3.5544171,3.5378258,3.590289,3.6460896,3.5803828,0,3.0,1,0.25,-0.97,24.8,75.2
2023-01-16 17:00:00,115.853421244444,60.400083900000006,60.426471777776,18.98518517333333,-0.2253333333333333,22.0,1,5.1764362714980825,70.66250196097344,17,0,1,-0.9659258262890684,-0.2588190451025206,0.0,1.0,0.4999999999999999,0.8660254037844387,179.0,230.0,336.2916666666667,8.2,29.2,0.0,48.0,-10.0,2.2797818,0.0,-0.3,19.00000001,21.85,21.5,21.5,21.466666666666665,21.7,-19.210518506666663,0.0074074133333326,-0.4473333333333333,0.222,-0.542,19.045061720000003,0.2166666666666684,3.5803828,3.5544171,3.5378258,3.590289,3.5346498,0,2.0,1,0.5,-0.97,24.7,75.3
2023-01-16 17:15:00,65.83736630000399,0.0,0.0,19.00000001,-0.542,21.7,0,5.1764362714980825,70.66250196097344,17,0,1,-0.9659258262890684,-0.2588190451025206,0.0,1.0,0.4999999999999999,0.8660254037844387,144.0,195.75,311.2291666666667,8.85,26.125,0.0,51.25,-9.9,2.3148768,0.0,-1.025,18.84444441333333,22.0,21.85,21.5,21.5,21.966666666666665,-19.54200001,0.0148148366666696,-0.3166666666666667,-0.2253333333333333,-0.676,18.987654314444445,-0.181777777777776,3.5346498,3.5803828,3.5544171,3.5378258,3.5453668,1,2.0,1,0.5,-0.96,24.6,75.4
2023-01-16 17:30:00,181.27997076111,109.7889416,109.816440533332,18.84444441333333,-0.676,21.966666666666665,2,5.1764362714980825,70.66250196097344,17,0,1,-0.9659258262890684,-0.2588190451025206,0.0,1.0,0.4999999999999999,0.8660254037844387,109.0,161.25,284.1875,9.5,23.05,0.0,54.5,-9.8,2.340334,0.0,-1.7500000000000002,18.98333335,21.7,22.0,21.85,21.5,21.95,-19.520444413333333,-0.1555555966666659,-0.134,-0.542,-0.874,18.94320986555556,-0.4811111111111093,3.5453668,3.5346498,3.5803828,3.5544171,3.5718563,0,1.0,1,0.75,-1.0,26.1,73.9
2023-01-16 17:45:00,95.866720911104,33.865312033332,33.883644666664,18.98333335,-0.874,21.95,1,5.1764362714980825,70.66250196097344,17,0,1,-0.9659258262890684,-0.2588190451025206,0.0,1.0,0.4999999999999999,0.8660254037844387,74.00000000000001,126.5,255.16666666666663,10.15,19.975,0.0,57.75,-9.7,2.3569193,0.0,-2.475,18.922222233333333,21.966666666666665,21.7,22.0,21.85,21.53333333333333,-19.85733335,0.1388889366666674,-0.1979999999999999,-0.676,-1.1133333333333333,18.942592591111115,-0.6973333333333316,3.5718563,3.5453668,3.5346498,3.5803828,3.491433,0,1.0,1,0.75,-0.97,24.7,75.3
2023-01-16 18:00:00,80.44928188333401,32.094271744444,32.112326605554,18.922222233333333,-1.1133333333333333,21.53333333333333,1,5.1764362714980825,70.66250196097344,18,0,1,-1.0,-1.8369701987210294e-16,0.0,1.0,0.4999999999999999,0.8660254037844387,39.0,91.5,224.16666666666663,10.8,16.9,0.0,61.0,-9.6,2.3653572,0.0,-3.2,18.76666666,21.95,21.966666666666665,21.7,22.0,21.85,-20.035555566666662,-0.0611111166666695,-0.2393333333333333,-0.874,-1.2646666666666666,18.91666666555556,-0.8877777777777761,3.491433,3.5718563,3.5453668,3.5346498,3.5103617,0,1.0,0,0.75,-0.98,25.4,74.6
2023-01-16 18:15:00,194.217230966668,136.097333672222,136.126221449998,18.76666666,-1.2646666666666666,21.85,2,5.1764362714980825,70.66250196097344,18,0,1,-1.0,-1.8369701987210294e-16,0.0,1.0,0.4999999999999999,0.8660254037844387,29.25,62.8125,194.35416666666663,10.75,17.0,0.5,63.0,-9.525,2.3872573,0.0,-3.5250000000000004,19.001851866666662,21.53333333333333,21.95,21.966666666666665,21.7,21.816666666666663,-20.031333326666665,-0.1555555733333342,-0.1513333333333333,-1.1133333333333333,-1.366,18.89074074777778,-1.083999999999998,3.5103617,3.491433,3.5718563,3.5453668,3.5540411,0,0.0,1,1.0,-1.02,26.8,73.2
2023-01-16 18:30:00,90.793312722216,15.236890483334,15.257723049998,19.001851866666662,-1.366,21.816666666666663,1,5.1764362714980825,70.66250196097344,18,0,1,-1.0,-1.8369701987210294e-16,0.0,1.0,0.4999999999999999,0.8660254037844387,19.5,40.4375,165.72916666666666,10.7,17.1,1.0,65.0,-9.45,2.4067774,0.0,-3.85,18.85555558,21.85,21.53333333333333,21.95,21.966666666666665,21.55,-20.367851866666665,0.2351852066666673,-0.1013333333333332,-1.2646666666666666,-1.41,18.896913586666667,-1.2479999999999982,3.5540411,3.5103617,3.491433,3.5718563,3.4804018,0,0.0,1,1.0,-0.96,24.6,75.4
2023-01-16 18:45:00,180.654440266664,75.275322183334,75.316709444444,18.85555558,-1.41,21.55,2,5.1764362714980825,70.66250196097344,18,0,1,-1.0,-1.8369701987210294e-16,0.0,1.0,0.4999999999999999,0.8660254037844387,9.75,24.375,138.29166666666666,10.65,17.2,1.5,67.0,-9.375,2.4240036,0.0,-4.175,18.78703703,21.816666666666663,21.85,21.53333333333333,21.95,21.966666666666665,-20.26555558,-0.146296286666665,-0.044,-1.366,-1.5833333333333333,18.87469136888889,-1.346888888888887,3.4804018,3.5540411,3.5103617,3.491433,3.5333571,0,0.0,1,1.0,-1.0,26.0,74.0
2023-01-16 19:00:00,267.565408172218,177.207633627778,177.259020488888,18.78703703,-1.5833333333333333,21.966666666666665,2,5.1764362714980825,70.66250196097344,19,0,1,-0.9659258262890684,0.2588190451025203,0.0,1.0,0.4999999999999999,0.8660254037844387,0.0,14.625,112.04166666666669,10.6,17.3,2.0,69.0,-9.3,2.4390194,0.0,-4.5,19.06111113,21.55,21.816666666666663,21.85,21.53333333333333,21.65,-20.370370363333333,-0.0685185500000002,-0.1733333333333333,-1.41,-1.658,18.881481492222225,-1.4531111111111092,3.5333571,3.4804018,3.5540411,3.5103617,3.5392444,0,0.0,0,1.0,-1.01,26.6,73.4
2023-01-16 19:15:00,64.842684005554,0.0,0.0,19.06111113,-1.658,21.65,0,5.1764362714980825,70.66250196097344,19,0,1,-0.9659258262890684,0.2588190451025203,0.0,1.0,0.4999999999999999,0.8660254037844387,0.0,7.3125,88.625,9.925,17.125,4.25,71.25,-9.175,2.4738224,0.0,-4.75,18.877777746666663,21.966666666666665,21.55,21.816666666666663,21.85,21.5,-20.71911113,0.2740740999999964,-0.0746666666666668,-1.5833333333333333,-1.6246666666666667,18.901234580000004,-1.5504444444444427,3.5392444,3.5333571,3.4804018,3.5540411,3.4768884,1,1.0,1,0.75,-0.95,24.1,75.9
2023-01-16 19:30:00,136.09761146111,81.123143844444,81.147309577776,18.877777746666663,-1.6246666666666667,21.5,2,5.1764362714980825,70.66250196097344,19,0,1,-0.9659258262890684,0.2588190451025203,0.0,1.0,0.4999999999999999,0.8660254037844387,0.0,2.4375,68.04166666666667,9.25,16.950000000000003,6.5,73.5,-9.05,2.5065224,0.0,-5.0,18.75555554,21.65,21.966666666666665,21.55,21.816666666666663,21.5,-20.502444413333333,-0.1833333833333306,0.0333333333333334,-1.658,-1.69,18.90864196888889,-1.621999999999998,3.4768884,3.5392444,3.5333571,3.4804018,3.4518633,0,1.0,1,0.75,-0.99,25.8,74.2
2023-01-16 19:45:00,250.89801926111,174.140534116666,174.17358836111,18.75555554,-1.69,21.5,2,5.1764362714980825,70.66250196097344,19,0,1,-0.9659258262890684,0.2588190451025203,0.0,1.0,0.4999999999999999,0.8660254037844387,0.0,0.0,50.29166666666666,8.575,16.775000000000002,8.75,75.75,-8.925,2.5371768,0.0,-5.25,19.03333337333333,21.5,21.65,21.966666666666665,21.55,21.316666666666663,-20.44555554,-0.1222222066666667,-0.0653333333333332,-1.6246666666666667,-1.792,18.89814813888889,-1.657555555555554,3.4518633,3.4768884,3.5392444,3.5333571,3.479046,0,1.0,0,0.75,-1.02,27.0,73.0
2023-01-16 20:00:00,101.344279466664,40.3433862,40.361718816666,19.03333337333333,-1.792,21.316666666666663,1,5.1764362714980825,70.66250196097344,20,0,1,-0.8660254037844386,0.5000000000000001,0.0,1.0,0.4999999999999999,0.8660254037844387,0.0,0.0,35.375,7.9,16.6,11.0,78.0,-8.8,2.56584,0.0,-5.5,18.82222222,21.5,21.5,21.65,21.966666666666665,20.7,-20.825333373333336,0.2777778333333351,-0.102,-1.69,-2.348666666666667,18.888888886666667,-1.7022222222222203,3.479046,3.4518633,3.4768884,3.5392444,3.336545,0,1.0,1,0.75,-0.96,24.4,75.6
2023-01-16 20:15:00,471.925011194442,136.979520583334,137.00924164444402,18.82222222,-2.348666666666667,20.7,2,5.1764362714980825,70.66250196097344,20,0,1,-0.8660254037844386,0.5000000000000001,0.0,1.0,0.4999999999999999,0.8660254037844387,0.0,0.0,23.375,7.625,16.05,8.5,78.25,-8.725000000000001,2.574064,0.0,-5.5,18.82407406,21.316666666666663,21.5,21.5,21.65,20.966666666666665,-21.170888886666667,-0.2111111533333343,-0.5566666666666669,-1.792,-2.682666666666667,18.87037037777778,-1.943555555555554,3.336545,3.479046,3.4518633,3.4768884,3.3798983,0,0.0,1,1.0,-1.01,26.5,73.5
2023-01-16 20:30:00,228.960841316662,168.11994161666598,168.151607066664,18.82407406,-2.682666666666667,20.966666666666665,2,5.1764362714980825,70.66250196097344,20,0,1,-0.8660254037844386,0.5000000000000001,0.0,1.0,0.4999999999999999,0.8660254037844387,0.0,0.0,14.291666666666666,7.35,15.5,6.0,78.5,-8.65,2.582288,0.0,-5.5,19.13333335,20.7,21.316666666666663,21.5,21.5,20.65,-21.506740726666667,0.0018518400000004,-0.3340000000000001,-2.348666666666667,-2.8546666666666667,18.893209884444445,-2.274444444444443,3.3798983,3.336545,3.479046,3.4518633,3.3901777,0,0.0,0,1.0,-1.01,26.5,73.5
2023-01-16 20:45:00,225.345708011112,159.37168046111,159.40529024999802,19.13333335,-2.8546666666666667,20.65,2,5.1764362714980825,70.66250196097344,20,0,1,-0.8660254037844386,0.5000000000000001,0.0,1.0,0.4999999999999999,0.8660254037844387,0.0,0.0,8.125,7.075,14.95,3.5,78.75,-8.575000000000001,2.5905118,0.0,-5.5,19.24074072,20.966666666666665,20.7,21.316666666666663,21.5,20.5,-21.988000016666668,0.3092592899999999,-0.1719999999999997,-2.682666666666667,-2.927333333333333,18.92654321,-2.6286666666666654,3.3901777,3.3798983,3.336545,3.479046,3.3869216,0,0.0,0,1.0,-0.94,23.7,76.3
2023-01-16 21:00:00,85.78990168333,0.0,0.0,19.24074072,-2.927333333333333,20.5,0,5.1764362714980825,70.66250196097344,21,0,1,-0.7071067811865477,0.7071067811865474,0.0,1.0,0.4999999999999999,0.8660254037844387,0.0,0.0,4.875,6.8,14.4,1.0,79.0,-8.5,2.5987356,0.0,-5.5,18.87777779,20.65,20.966666666666665,20.7,21.316666666666663,20.85,-22.16807405333333,0.1074073700000006,-0.0726666666666662,-2.8546666666666667,-3.0146666666666664,19.06604937666667,-2.821555555555554,3.3869216,3.3901777,3.3798983,3.336545,3.371773,1,1.0,1,0.75,-0.92,22.7,77.3
2023-01-16 21:15:00,197.431269149998,116.095355983334,116.137854333332,18.87777779,-3.0146666666666664,20.85,2,5.1764362714980825,70.66250196097344,21,0,1,-0.7071067811865477,0.7071067811865474,0.0,1.0,0.4999999999999999,0.8660254037844387,0.0,0.0,2.4375,5.85,13.325,0.75,78.75,-8.55,2.5858383,0.0,-5.525,18.838888886666663,20.5,20.65,20.966666666666665,20.7,21.0,-21.892444456666663,-0.3629629300000019,-0.0873333333333334,-2.927333333333333,-3.272,19.08395062,-2.93222222222222,3.371773,3.3869216,3.3901777,3.3798983,3.388236,0,1.0,1,0.75,-1.0,26.0,74.0
2023-01-16 21:30:00,259.76099814444,173.767493455556,173.826935527778,18.838888886666663,-3.272,21.0,2,5.1764362714980825,70.66250196097344,21,0,1,-0.7071067811865477,0.7071067811865474,0.0,1.0,0.4999999999999999,0.8660254037844387,0.0,0.0,0.8125,4.9,12.25,0.5,78.5,-8.6,2.5729778,0.0,-5.55,19.10000001,20.85,20.5,20.65,20.966666666666665,21.0,-22.110888886666665,-0.0388889033333335,-0.2573333333333334,-3.0146666666666664,-3.3546666666666667,18.985802465555555,-3.0713333333333317,3.388236,3.371773,3.3869216,3.3901777,3.4408681,0,1.0,0,0.75,-1.0,26.3,73.7
2023-01-16 21:45:00,219.27483982222,157.214822255556,157.259264944444,19.10000001,-3.3546666666666667,21.0,2,5.1764362714980825,70.66250196097344,21,0,1,-0.7071067811865477,0.7071067811865474,0.0,1.0,0.4999999999999999,0.8660254037844387,0.0,0.0,0.0,3.95,11.175,0.25,78.25,-8.649999999999999,2.5601552,0.0,-5.574999999999999,19.1666667,21.0,20.85,20.5,20.65,21.0,-22.454666676666665,0.2611111233333325,-0.0826666666666668,-3.272,-3.4546666666666668,18.938888895555557,-3.2137777777777763,3.4408681,3.388236,3.371773,3.3869216,3.4544191,0,1.0,0,0.75,-0.95,23.9,76.1
2023-01-16 22:00:00,193.121163861106,126.580214372222,126.613268666664,19.1666667,-3.4546666666666668,21.0,2,5.1764362714980825,70.66250196097344,22,0,1,-0.5000000000000004,0.8660254037844384,0.0,1.0,0.4999999999999999,0.8660254037844387,0.0,0.0,0.0,3.0,10.1,0.0,78.0,-8.7,2.5473683,0.0,-5.6,19.02222223,21.0,21.0,20.85,20.5,20.7,-22.62133336666667,0.0666666900000017,-0.1,-3.3546666666666667,-3.579333333333333,19.035185198888893,-3.360444444444443,3.4544191,3.4408681,3.388236,3.371773,3.3761868,0,0.0,0,1.0,-0.93,23.3,76.7
2023-01-16 22:15:00,84.786330711108,22.701036372222003,22.719369005554,19.02222223,-3.579333333333333,20.7,1,5.1764362714980825,70.66250196097344,22,0,1,-0.5000000000000004,0.8660254037844384,0.0,1.0,0.4999999999999999,0.8660254037844387,0.0,0.0,0.0,3.85,10.55,0.0,78.5,-8.799999999999999,2.536032,0.0,-5.75,18.69999998333333,21.0,21.0,21.0,20.85,20.966666666666665,-22.60155556333333,-0.1444444699999998,-0.1246666666666662,-3.4546666666666668,-3.492,19.096296313333337,-3.462888888888888,3.3761868,3.4544191,3.4408681,3.388236,3.3551922,0,0.0,1,1.0,-0.96,24.7,75.3
2023-01-16 22:30:00,210.9273959,136.647033916666,136.67397732222,18.69999998333333,-3.492,20.966666666666665,2,5.1764362714980825,70.66250196097344,22,0,1,-0.5000000000000004,0.8660254037844384,0.0,1.0,0.4999999999999999,0.8660254037844387,0.0,0.0,0.0,4.7,11.0,0.0,79.0,-8.899999999999999,2.5246081,0.0,-5.9,18.63888891,20.7,21.0,21.0,21.0,21.0,-22.191999983333336,-0.3222222466666657,0.087333333333333,-3.579333333333333,-3.4566666666666666,18.962962971111114,-3.508666666666665,3.3551922,3.3761868,3.4544191,3.4408681,3.3483965,0,0.0,1,1.0,-1.04,27.7,72.3
2023-01-16 22:45:00,206.23675028333,112.830208827778,112.851041377776,18.63888891,-3.4566666666666666,21.0,2,5.1764362714980825,70.66250196097344,22,0,1,-0.5000000000000004,0.8660254037844384,0.0,1.0,0.4999999999999999,0.8660254037844387,0.0,0.0,0.0,5.550000000000001,11.45,0.0,79.5,-9.0,2.5130994,0.0,-6.05,18.50185188333333,20.966666666666665,20.7,21.0,21.0,21.183333333333334,-22.095555576666666,-0.0611110733333362,0.0353333333333334,-3.492,-3.747333333333333,18.787037041111116,-3.509333333333332,3.3483965,3.3551922,3.3761868,3.4544191,3.3503287,0,0.0,0,1.0,-1.05,28.3,71.7
2023-01-16 23:00:00,243.126107916666,127.44379096111,127.461568049998,18.50185188333333,-3.747333333333333,21.183333333333334,2,5.1764362714980825,70.66250196097344,23,0,1,-0.2588190451025215,0.965925826289068,0.0,1.0,0.4999999999999999,0.8660254037844387,0.0,0.0,0.0,6.4,11.9,0.0,80.0,-9.1,2.5015094,0.0,-6.2,18.48888889,21.0,20.966666666666665,20.7,21.0,21.85,-22.249185216666667,-0.1370370266666647,-0.2906666666666666,-3.4566666666666666,-3.91,18.613580258888888,-3.5653333333333315,3.3503287,3.3483965,3.3551922,3.3761868,3.453115,0,0.0,0,1.0,-1.08,29.6,70.4
2023-01-16 23:15:00,303.54563535556,177.474845172222,177.49623321666598,18.48888889,-3.91,21.85,2,5.1764362714980825,70.66250196097344,23,0,1,-0.2588190451025215,0.965925826289068,0.0,1.0,0.4999999999999999,0.8660254037844387,0.0,0.0,0.0,6.7,12.25,4.5,79.0,-9.175,2.4837348,0.0,-6.125,18.78888886,21.183333333333334,21.0,20.966666666666665,20.7,21.816666666666663,-22.39888889,-0.0129629933333355,-0.1626666666666665,-3.747333333333333,-3.996,18.543209894444445,-3.704666666666665,3.453115,3.3503287,3.3483965,3.3551922,3.5096145,0,0.0,0,1.0,-1.08,29.6,70.4
2023-01-16 23:30:00,215.247778594446,99.3951907,99.412412244444,18.78888886,-3.996,21.816666666666663,2,5.1764362714980825,70.66250196097344,23,0,1,-0.2588190451025215,0.965925826289068,0.0,1.0,0.4999999999999999,0.8660254037844387,0.0,0.0,0.0,7.0,12.6,9.0,78.0,-9.25,2.4656823,0.0,-6.050000000000001,18.8,21.85,21.183333333333334,21.0,20.966666666666665,21.5,-22.78488886,0.2999999700000018,-0.0860000000000003,-3.91,-4.158,18.593209877777777,-3.8844444444444415,3.5096145,3.453115,3.3503287,3.3483965,3.4609454,0,0.0,0,1.0,-1.01,26.6,73.4
2023-01-16 23:45:00,121.713742405554,31.29847026111,31.309858738886,18.8,-4.158,21.5,1,5.1764362714980825,70.66250196097344,23,0,1,-0.2588190451025215,0.965925826289068,0.0,1.0,0.4999999999999999,0.8660254037844387,0.0,0.0,0.0,7.3,12.95,13.5,77.0,-9.325,2.447351,0.0,-5.9750000000000005,18.51851852,21.816666666666663,21.85,21.183333333333334,21.0,21.5,-22.958,0.0111111400000005,-0.1619999999999994,-3.996,-4.281333333333333,18.692592583333333,-4.021333333333331,3.4609454,3.5096145,3.453115,3.3503287,3.4037724,0,0.0,1,1.0,-1.01,26.6,73.4
2023-01-17 00:00:00,190.04767553889,135.565688272222,135.578743333332,18.51851852,-4.281333333333333,21.5,2,5.1764362714980825,70.66250196097344,0,1,1,0.0,1.0,0.7818314824680298,0.6234898018587336,0.4999999999999999,0.8660254037844387,0.0,0.0,0.0,7.6,13.3,18.0,76.0,-9.4,2.428737,0.0,-5.9,18.67777779,21.5,21.816666666666663,21.85,21.183333333333334,21.45,-22.799851853333333,-0.28148148,-0.1233333333333339,-4.158,-4.370666666666667,18.702469126666667,-4.145111111111109,3.4037724,3.4609454,3.5096145,3.453115,3.4280283,0,0.0,1,1.0,-1.07,29.4,70.6
2023-01-17 00:15:00,82.35948323889,33.910865744444,33.917254455552,18.67777779,-4.370666666666667,21.45,1,5.1764362714980825,70.66250196097344,0,1,1,0.0,1.0,0.7818314824680298,0.6234898018587336,0.4999999999999999,0.8660254037844387,0.0,0.0,0.0,7.225,13.3,38.5,75.0,-9.55,2.4011257,0.0,-5.875,18.56111109,21.5,21.5,21.816666666666663,21.85,21.03333333333333,-23.048444456666665,0.1592592699999997,-0.0893333333333332,-4.281333333333333,-4.367999999999999,18.66543210333333,-4.269999999999998,3.4280283,3.4037724,3.4609454,3.5096145,3.3383038,0,0.0,1,1.0,-1.04,27.8,72.2
2023-01-17 00:30:00,128.670130855552,87.160680083334,87.173457388888,18.56111109,-4.367999999999999,21.03333333333333,2,5.1764362714980825,70.66250196097344,0,1,1,0.0,1.0,0.7818314824680298,0.6234898018587336,0.4999999999999999,0.8660254037844387,0.0,0.0,0.0,6.85,13.3,59.0,74.0,-9.7,2.373406,0.0,-5.85,18.5111111,21.45,21.5,21.5,21.816666666666663,21.0,-22.92911109,-0.1166666999999996,0.0026666666666672,-4.370666666666667,-4.38,18.585802466666667,-4.339999999999997,3.3383038,3.4280283,3.4037724,3.4609454,3.323156,0,0.0,1,1.0,-1.07,29.0,71.0
2023-01-17 00:45:00,173.71638431667,126.856314411112,126.873813711112,18.5111111,-4.38,21.0,2,5.1764362714980825,70.66250196097344,0,1,1,0.0,1.0,0.7818314824680298,0.6234898018587336,0.4999999999999999,0.8660254037844387,0.0,0.0,0.0,6.475,13.3,79.5,73.0,-9.85,2.3455768,0.0,-5.825,18.677777806666665,21.03333333333333,21.45,21.5,21.5,20.816666666666663,-22.8911111,-0.0499999899999998,-0.0120000000000004,-4.367999999999999,-4.382666666666666,18.583333326666672,-4.372888888888887,3.323156,3.3383038,3.4280283,3.4037724,3.3268123,0,0.0,0,1.0,-1.08,29.6,70.4
2023-01-17 01:00:00,89.296428116662,31.784006405554,31.791506172218,18.677777806666665,-4.382666666666666,20.816666666666663,1,5.1764362714980825,70.66250196097344,1,1,1,0.2588190451025207,0.9659258262890684,0.7818314824680298,0.6234898018587336,0.4999999999999999,0.8660254037844387,0.0,0.0,0.0,6.1,13.3,100.0,72.0,-10.0,2.3176374,0.0,-5.8,18.45000002,21.0,21.03333333333333,21.45,21.5,20.85,-23.06044447333333,0.166666706666664,-0.0026666666666663,-4.38,-4.438000000000001,18.58333333222222,-4.376888888888886,3.3268123,3.323156,3.3383038,3.4280283,3.2874916,0,0.0,1,1.0,-1.04,27.9,72.1
2023-01-17 01:15:00,180.486391405554,132.847741444444,132.868851733332,18.45000002,-4.438000000000001,20.85,2,5.1764362714980825,70.66250196097344,1,1,1,0.2588190451025207,0.9659258262890684,0.7818314824680298,0.6234898018587336,0.4999999999999999,0.8660254037844387,0.0,0.0,0.0,6.074999999999999,12.85,100.0,72.0,-10.125,2.2925844,0.0,-5.95,18.553703716666668,20.816666666666663,21.0,21.03333333333333,21.45,20.816666666666663,-22.88800002,-0.2277777866666639,-0.0553333333333343,-4.382666666666666,-4.534666666666666,18.546296308888888,-4.400222222222221,3.2874916,3.3268123,3.323156,3.3383038,3.3024657,0,0.0,1,1.0,-1.09,30.2,69.8
2023-01-17 01:30:00,93.495982294442,52.159302427778,52.17013536111,18.553703716666668,-4.534666666666666,20.816666666666663,1,5.1764362714980825,70.66250196097344,1,1,1,0.2588190451025207,0.9659258262890684,0.7818314824680298,0.6234898018587336,0.4999999999999999,0.8660254037844387,0.0,0.0,0.0,6.05,12.4,100.0,72.0,-10.25,2.2677698,0.0,-6.1,18.50555554,20.85,20.816666666666663,21.0,21.03333333333333,20.5,-23.08837038333333,0.1037036966666669,-0.0966666666666657,-4.438000000000001,-4.637333333333333,18.560493847777774,-4.451777777777775,3.3024657,3.2874916,3.3268123,3.323156,3.2429657,0,0.0,1,1.0,-1.07,29.2,70.8
2023-01-17 01:45:00,127.352961361106,86.97207654444401,86.988187099996,18.50555554,-4.637333333333333,20.5,2,5.1764362714980825,70.66250196097344,1,1,1,0.2588190451025207,0.9659258262890684,0.7818314824680298,0.6234898018587336,0.4999999999999999,0.8660254037844387,0.0,0.0,0.0,6.025,11.95,100.0,72.0,-10.375,2.2431922,0.0,-6.25,18.453703723333334,20.816666666666663,20.85,20.816666666666663,21.0,20.5,-23.14288887333333,-0.0481481766666682,-0.1026666666666669,-4.534666666666666,-4.552666666666667,18.503086425555555,-4.536666666666665,3.2429657,3.3024657,3.2874916,3.3268123,3.2330158,0,0.0,1,1.0,-1.08,29.7,70.3
2023-01-17 02:00:00,176.383499827782,140.618263944444,140.639374233332,18.453703723333334,-4.552666666666667,20.5,2,5.1764362714980825,70.66250196097344,2,1,1,0.4999999999999999,0.8660254037844387,0.7818314824680298,0.6234898018587336,0.4999999999999999,0.8660254037844387,0.0,0.0,0.0,6.0,11.5,100.0,72.0,-10.5,2.2188494,0.0,-6.4,18.64444444,20.5,20.816666666666663,20.85,20.816666666666663,20.2,-23.00637039,-0.0518518166666659,0.0846666666666662,-4.637333333333333,-4.448666666666667,18.504320993333334,-4.574888888888887,3.2330158,3.2429657,3.3024657,3.2874916,3.2218978,0,0.0,0,1.0,-1.09,30.3,69.7
2023-01-17 02:15:00,87.811765155556,37.021574627778,37.030741011108,18.64444444,-4.448666666666667,20.2,1,5.1764362714980825,70.66250196097344,2,1,1,0.4999999999999999,0.8660254037844387,0.7818314824680298,0.6234898018587336,0.4999999999999999,0.8660254037844387,0.0,0.0,0.0,6.275,11.675,82.25,71.0,-10.625,2.204009,0.0,-6.300000000000001,18.48333330666667,20.5,20.5,20.816666666666663,20.85,20.466666666666665,-23.093111106666665,0.1907407166666637,0.104,-4.552666666666667,-4.154,18.534567901111117,-4.54622222222222,3.2218978,3.2330158,3.2429657,3.3024657,3.2334316,0,0.0,1,1.0,-1.05,28.4,71.6
2023-01-17 02:30:00,213.148973749998,155.903208072222,155.926540488888,18.48333330666667,-4.154,20.466666666666665,2,5.1764362714980825,70.66250196097344,2,1,1,0.4999999999999999,0.8660254037844387,0.7818314824680298,0.6234898018587336,0.4999999999999999,0.8660254037844387,0.0,0.0,0.0,6.55,11.85,64.5,70.0,-10.75,2.1888206,0.0,-6.2,18.63888888,20.2,20.5,20.5,20.816666666666663,20.15,-22.63733330666667,-0.1611111333333283,0.2946666666666671,-4.448666666666667,-3.795333333333333,18.52716049,-4.385111111111109,3.2334316,3.2218978,3.2330158,3.2429657,3.2128663,0,0.0,1,1.0,-1.09,30.0,70.0
2023-01-17 02:45:00,70.81188966111,25.484813883334,25.495091288888,18.63888888,-3.795333333333333,20.15,1,5.1764362714980825,70.66250196097344,2,1,1,0.4999999999999999,0.8660254037844387,0.7818314824680298,0.6234898018587336,0.4999999999999999,0.8660254037844387,0.0,0.0,0.0,6.824999999999999,12.025,46.75000000000001,69.0,-10.875,2.1732793,0.0,-6.1,18.485185196666663,20.466666666666665,20.2,20.5,20.5,20.0,-22.43422221333333,0.1555555733333307,0.3586666666666667,-4.154,-3.606,18.588888875555558,-4.1326666666666645,3.2128663,3.2334316,3.2218978,3.2330158,3.1600523,0,0.0,1,1.0,-1.05,28.5,71.5
2023-01-17 03:00:00,145.86527620555802,101.913701055556,101.932033672222,18.485185196666663,-3.606,20.0,2,5.1764362714980825,70.66250196097344,3,1,1,0.7071067811865476,0.7071067811865476,0.7818314824680298,0.6234898018587336,0.4999999999999999,0.8660254037844387,0.0,0.0,0.0,7.1,12.2,29.0,68.0,-11.0,2.1573815,0.0,-6.0,18.43888885,20.15,20.466666666666665,20.2,20.5,20.0,-22.091185196666665,-0.1537036833333331,0.1893333333333333,-3.795333333333333,-3.574,18.535802461111118,-3.851777777777776,3.1600523,3.2128663,3.2334316,3.2218978,3.1513932,0,0.0,1,1.0,-1.09,30.1,69.9
2023-01-17 03:15:00,176.630434566664,137.28506396111,137.305618705554,18.43888885,-3.574,20.0,2,5.1764362714980825,70.66250196097344,3,1,1,0.7071067811865476,0.7071067811865476,0.7818314824680298,0.6234898018587336,0.4999999999999999,0.8660254037844387,0.0,0.0,0.0,7.199999999999999,12.125,33.0,67.0,-11.125,2.137247,0.0,-5.925,18.622222206666667,20.0,20.15,20.466666666666665,20.2,20.0,-22.012888850000003,-0.046296346666665,0.032,-3.606,-3.9266666666666663,18.520987642222224,-3.658444444444443,3.1513932,3.1600523,3.2128663,3.2334316,3.185805,0,0.0,0,1.0,-1.1,30.5,69.5
2023-01-17 03:30:00,65.80708994444,30.070186027778,30.07907462222,18.622222206666667,-3.9266666666666663,20.0,1,5.1764362714980825,70.66250196097344,3,1,1,0.7071067811865476,0.7071067811865476,0.7818314824680298,0.6234898018587336,0.4999999999999999,0.8660254037844387,0.0,0.0,0.0,7.3,12.05,37.0,66.0,-11.25,2.1168218,0.0,-5.85,18.39444442,20.0,20.0,20.15,20.466666666666665,20.0,-22.548888873333333,0.1833333566666652,-0.3526666666666669,-3.574,-4.426,18.515432084444445,-3.70222222222222,3.185805,3.1513932,3.1600523,3.2128663,3.1430993,0,0.0,1,1.0,-1.06,28.7,71.3
2023-01-17 03:45:00,199.013983688884,141.840992783334,141.862380844444,18.39444442,-4.426,20.0,2,5.1764362714980825,70.66250196097344,3,1,1,0.7071067811865476,0.7071067811865476,0.7818314824680298,0.6234898018587336,0.4999999999999999,0.8660254037844387,0.0,0.0,0.0,7.4,11.975,41.0,65.0,-11.375,2.0961022,0.0,-5.775,18.518518503333333,20.0,20.0,20.0,20.15,19.816666666666663,-22.82044442,-0.2277777866666674,-0.4993333333333334,-3.9266666666666663,-4.443333333333333,18.485185158888893,-3.9755555555555535,3.1430993,3.185805,3.1513932,3.1600523,3.1372752,0,0.0,1,1.0,-1.11,31.0,69.0
2023-01-17 04:00:00,118.094998277776,64.6849125,64.69713426111,18.518518503333333,-4.443333333333333,19.816666666666663,1,5.1764362714980825,70.66250196097344,4,1,1,0.8660254037844386,0.5000000000000001,0.7818314824680298,0.6234898018587336,0.4999999999999999,0.8660254037844387,0.0,0.0,0.0,7.5,11.9,45.0,64.0,-11.5,2.0750875,0.0,-5.7,18.45555557,20.0,20.0,20.0,20.0,19.85,-22.961851836666668,0.1240740833333333,-0.0173333333333332,-4.426,-4.208666666666667,18.511728376666667,-4.265333333333332,3.1372752,3.1430993,3.185805,3.1513932,3.1308486,0,0.0,1,1.0,-1.08,29.8,70.2
2023-01-17 04:15:00,118.759138477772,81.587014172222,81.602013638886,18.45555557,-4.208666666666667,19.85,2,5.1764362714980825,70.66250196097344,4,1,1,0.8660254037844386,0.5000000000000001,0.7818314824680298,0.6234898018587336,0.4999999999999999,0.8660254037844387,0.0,0.0,0.0,7.65,12.35,34.5,63.0,-11.6,2.0500653,0.0,-5.65,18.335185173333333,19.816666666666663,20.0,20.0,20.0,20.0,-22.664222236666667,-0.0629629333333312,0.2346666666666665,-4.443333333333333,-4.348,18.456172831111115,-4.359333333333332,3.1308486,3.1372752,3.1430993,3.185805,3.1320715,0,0.0,1,1.0,-1.1,30.4,69.6
2023-01-17 04:30:00,218.878744566664,174.6446806,174.668568527778,18.335185173333333,-4.348,20.0,2,5.1764362714980825,70.66250196097344,4,1,1,0.8660254037844386,0.5000000000000001,0.7818314824680298,0.6234898018587336,0.4999999999999999,0.8660254037844387,0.0,0.0,0.0,7.8,12.8,24.0,62.0,-11.7,2.0248313,0.0,-5.6,18.59444446,19.85,19.816666666666663,20.0,20.0,19.65,-22.68318517333333,-0.1203703966666687,-0.1393333333333331,-4.208666666666667,-4.470666666666667,18.43641974888889,-4.333333333333331,3.1320715,3.1308486,3.1372752,3.1430993,3.1249099,0,0.0,0,1.0,-1.12,31.6,68.4
2023-01-17 04:45:00,328.74046102222,18.517870355556,18.527036755552,18.59444446,-4.470666666666667,19.65,1,5.1764362714980825,70.66250196097344,4,1,1,0.8660254037844386,0.5000000000000001,0.7818314824680298,0.6234898018587336,0.4999999999999999,0.8660254037844387,0.0,0.0,0.0,7.949999999999999,13.25,13.5,61.0,-11.8,1.9993839,0.0,-5.55,18.398148133333333,20.0,19.85,19.816666666666663,20.0,19.683333333333334,-23.065111126666665,0.2592592866666656,-0.1226666666666673,-4.348,-4.688666666666666,18.461728401111117,-4.3424444444444426,3.1249099,3.1320715,3.1308486,3.1372752,3.0940132,0,0.0,1,1.0,-1.07,29.0,71.0
2023-01-17 05:00:00,136.17233078888398,97.709424816666,97.725535355552,18.398148133333333,-4.688666666666666,19.683333333333334,2,5.1764362714980825,70.66250196097344,5,1,1,0.9659258262890684,0.2588190451025207,0.7818314824680298,0.6234898018587336,0.4999999999999999,0.8660254037844387,0.0,0.0,0.0,8.1,13.7,3.0,60.0,-11.9,1.9737233,0.0,-5.5,18.1166667,19.65,20.0,19.85,19.816666666666663,20.0,-23.0868148,-0.1962963266666655,-0.217999999999999,-4.470666666666667,-4.363333333333333,18.44259258888889,-4.502444444444443,3.0940132,3.1249099,3.1320715,3.1308486,3.0916932,0,0.0,1,1.0,-1.11,31.0,69.0
2023-01-17 05:15:00,184.664279949994,123.929209316666,123.946708649998,18.1166667,-4.363333333333333,20.0,2,5.1764362714980825,70.66250196097344,5,1,1,0.9659258262890684,0.2588190451025207,0.7818314824680298,0.6234898018587336,0.4999999999999999,0.8660254037844387,0.0,0.0,0.0,7.774999999999999,13.775,16.75,59.5,-12.025,1.9608126,0.0,-5.475,18.146296303333333,19.683333333333334,19.65,20.0,19.85,20.0,-22.480000033333333,-0.2814814333333331,0.325333333333333,-4.688666666666666,-3.988,18.369753097777775,-4.507555555555554,3.0916932,3.0940132,3.1249099,3.1320715,3.0971413,0,0.0,0,1.0,-1.17,34.0,66.0
2023-01-17 05:30:00,236.698864983334,188.219693111112,188.24635876111,18.146296303333333,-3.988,20.0,2,5.1764362714980825,70.66250196097344,5,1,1,0.9659258262890684,0.2588190451025207,0.7818314824680298,0.6234898018587336,0.4999999999999999,0.8660254037844387,0.0,0.0,0.0,7.449999999999999,13.85,30.5,59.0,-12.15,1.9478481,0.0,-5.45,18.60555555,20.0,19.683333333333334,19.65,20.0,19.65,-22.134296303333333,0.0296296033333334,0.3753333333333333,-4.363333333333333,-3.947333333333333,18.22037037888889,-4.346666666666665,3.0971413,3.0916932,3.0940132,3.1249099,3.1269667,0,0.0,0,1.0,-1.17,33.6,66.4
2023-01-17 05:45:00,80.14540522222,44.467110144444,44.477109827774,18.60555555,-3.947333333333333,19.65,1,5.1764362714980825,70.66250196097344,5,1,1,0.9659258262890684,0.2588190451025207,0.7818314824680298,0.6234898018587336,0.4999999999999999,0.8660254037844387,0.0,0.0,0.0,7.125,13.925,44.25,58.5,-12.275,1.9348289,0.0,-5.425000000000001,18.485185196666663,20.0,20.0,19.683333333333334,19.65,19.5,-22.55288888333333,0.4592592466666687,0.0406666666666666,-3.988,-4.000666666666667,18.28950618444445,-4.099555555555554,3.1269667,3.0971413,3.0916932,3.0940132,3.0810509,0,0.0,1,1.0,-1.06,28.9,71.1
2023-01-17 06:00:00,162.571274605558,117.359194311112,117.377526977776,18.485185196666663,-4.000666666666667,19.5,2,5.1764362714980825,70.66250196097344,6,1,1,1.0,6.123233995736766e-17,0.7818314824680298,0.6234898018587336,0.4999999999999999,0.8660254037844387,0.0,0.0,0.0,6.8,14.0,58.0,58.0,-12.4,1.9217563,0.0,-5.4,18.47222221,19.65,20.0,20.0,19.683333333333334,19.5,-22.48585186333333,-0.1203703533333353,-0.0533333333333332,-3.947333333333333,-3.8626666666666662,18.41234568333333,-3.978666666666665,3.0810509,3.1269667,3.0971413,3.0916932,3.078684,0,0.0,1,1.0,-1.09,30.2,69.8
2023-01-17 06:15:00,187.144180733328,151.4622746,151.48310711666602,18.47222221,-3.8626666666666662,19.5,2,5.1764362714980825,70.66250196097344,6,1,1,1.0,6.123233995736766e-17,0.7818314824680298,0.6234898018587336,0.4999999999999999,0.8660254037844387,0.0,0.0,0.0,6.975,13.475,62.75,57.5,-12.5,1.9051893,0.0,-5.4,18.625925913333333,19.5,19.65,20.0,20.0,19.5,-22.334888876666664,-0.0129629866666682,0.1379999999999999,-4.000666666666667,-3.7046666666666663,18.52098765222222,-3.936888888888888,3.078684,3.0810509,3.1269667,3.0971413,3.1068404,0,0.0,0,1.0,-1.1,30.3,69.7
2023-01-17 06:30:00,80.981482911108,38.749561072222,38.759005211108,18.625925913333333,-3.7046666666666663,19.5,1,5.1764362714980825,70.66250196097344,6,1,1,1.0,6.123233995736766e-17,0.7818314824680298,0.6234898018587336,0.4999999999999999,0.8660254037844387,0.0,0.0,0.0,7.15,12.95,67.5,57.0,-12.6,1.8886225,0.0,-5.4,18.36666668,19.5,19.5,19.65,20.0,19.85,-22.33059258,0.1537037033333348,0.1579999999999999,-3.8626666666666662,-3.719333333333333,18.527777773333334,-3.855999999999998,3.1068404,3.078684,3.0810509,3.1269667,3.114392,0,0.0,1,1.0,-1.06,28.7,71.3
2023-01-17 06:45:00,208.845812533332,148.07046586111,148.090742833332,18.36666668,-3.719333333333333,19.85,2,5.1764362714980825,70.66250196097344,6,1,1,1.0,6.123233995736766e-17,0.7818314824680298,0.6234898018587336,0.4999999999999999,0.8660254037844387,0.0,0.0,0.0,7.325,12.425,72.25,56.5,-12.7,1.8720556,0.0,-5.4,18.52592592333333,19.5,19.5,19.5,19.65,19.816666666666663,-22.086000013333333,-0.259259233333335,-0.0146666666666663,-3.7046666666666663,-3.541333333333333,18.48827160111111,-3.7622222222222206,3.114392,3.1068404,3.078684,3.0810509,3.1386518,0,0.0,1,1.0,-1.12,31.3,68.7
2023-01-17 07:00:00,89.470865588884,46.279537627778,46.290370611108,18.52592592333333,-3.541333333333333,19.816666666666663,1,5.1764362714980825,70.66250196097344,7,1,1,0.9659258262890684,-0.2588190451025206,0.7818314824680298,0.6234898018587336,0.4999999999999999,0.8660254037844387,0.0,0.0,0.0,7.5,11.9,77.0,56.0,-12.8,1.8554888,0.0,-5.4,18.37222223,19.85,19.5,19.5,19.5,19.85,-22.067259256666667,0.1592592433333344,0.1779999999999999,-3.719333333333333,-3.2006666666666663,18.506172838888887,-3.655111111111109,3.1386518,3.114392,3.1068404,3.078684,3.1154184,0,0.0,1,1.0,-1.08,29.7,70.3
2023-01-17 07:15:00,138.050311133332,102.716446727778,102.733946077776,18.37222223,-3.2006666666666663,19.85,2,5.1764362714980825,70.66250196097344,7,1,1,0.9659258262890684,-0.2588190451025206,0.7818314824680298,0.6234898018587336,0.4999999999999999,0.8660254037844387,0.0,0.0,0.0,6.975,11.725,82.75,56.5,-12.85,1.8518884,0.0,-5.550000000000001,18.327777766666667,19.816666666666663,19.85,19.5,19.5,20.0,-21.572888896666665,-0.153703693333334,0.3406666666666669,-3.541333333333333,-3.4806666666666666,18.421604944444443,-3.4871111111111097,3.1154184,3.1386518,3.114392,3.1068404,3.1306949,0,0.0,1,1.0,-1.12,31.3,68.7
2023-01-17 07:30:00,191.00263742222,145.41696088888798,145.438626705554,18.327777766666667,-3.4806666666666666,20.0,2,5.1764362714980825,70.66250196097344,7,1,1,0.9659258262890684,-0.2588190451025206,0.7818314824680298,0.6234898018587336,0.4999999999999999,0.8660254037844387,0.0,0.0,0.0,6.45,11.55,88.5,57.0,-12.9,1.8481249,0.0,-5.7,18.51111114,19.85,19.816666666666663,19.85,19.5,19.7,-21.80844443333333,-0.0444444633333311,-0.2800000000000002,-3.2006666666666663,-3.3513333333333333,18.40864197333333,-3.407555555555554,3.1306949,3.1154184,3.1386518,3.114392,3.117437,0,0.0,0,1.0,-1.13,31.7,68.3
2023-01-17 07:45:00,65.63876334444,30.203236272222,30.213513694442,18.51111114,-3.3513333333333333,19.7,1,5.1764362714980825,70.66250196097344,7,1,1,0.9659258262890684,-0.2588190451025206,0.7818314824680298,0.6234898018587336,0.4999999999999999,0.8660254037844387,0.0,0.0,0.0,5.925000000000001,11.375,94.25,57.5,-12.95,1.8442004,0.0,-5.85,18.255555583333333,20.0,19.85,19.816666666666663,19.85,19.966666666666665,-21.862444473333333,0.1833333733333333,0.1293333333333333,-3.4806666666666666,-2.994,18.403703712222224,-3.34422222222222,3.117437,3.1306949,3.1154184,3.1386518,3.1121092,0,0.0,1,1.0,-1.09,29.9,70.1
2023-01-17 08:00:00,191.106244344444,136.192329855556,136.212051316666,18.255555583333333,-2.994,19.966666666666665,2,5.1764362714980825,70.66250196097344,8,1,1,0.8660254037844387,-0.4999999999999998,0.7818314824680298,0.6234898018587336,0.4999999999999999,0.8660254037844387,0.0,0.0,0.0,5.4,11.2,100.0,58.0,-13.0,1.8401194,0.0,-6.0,18.41111112,19.7,20.0,19.85,19.816666666666663,20.45,-21.249555583333333,-0.2555555566666676,0.3573333333333335,-3.3513333333333333,-2.5646666666666667,18.36481483,-3.275333333333331,3.1121092,3.117437,3.1306949,3.1154184,3.2169976,0,0.0,1,1.0,-1.14,32.5,67.5
2023-01-17 08:15:00,249.051981955556,119.514941444444,119.53410736111,18.41111112,-2.5646666666666667,20.45,2,5.1764362714980825,70.66250196097344,8,1,1,0.8660254037844387,-0.4999999999999998,0.7818314824680298,0.6234898018587336,0.4999999999999999,0.8660254037844387,1.25,0.3125,0.1041666666666666,5.325,11.45,100.0,55.25,-13.175,1.8141913,0.0,-5.525,18.501851833333333,19.966666666666665,19.7,20.0,19.85,21.616666666666667,-20.97577778666667,0.1555555366666681,0.4293333333333331,-2.994,-2.405333333333333,18.39259261444444,-2.9699999999999984,3.2169976,3.1121092,3.117437,3.1306949,3.4188645,0,0.0,0,1.0,-1.1,30.7,69.3
2023-01-17 08:30:00,414.332314861114,16.8209938,16.832104488888,18.501851833333333,-2.405333333333333,21.616666666666667,1,5.1764362714980825,70.66250196097344,8,1,1,0.8660254037844387,-0.4999999999999998,0.7818314824680298,0.6234898018587336,0.4999999999999999,0.8660254037844387,2.5,0.9375,0.3125,5.25,11.7,100.0,52.5,-13.35,1.7839457,0.0,-5.05,18.14444446,20.45,19.966666666666665,19.7,20.0,22.35,-20.907185166666665,0.0907407133333322,0.1593333333333335,-2.5646666666666667,-2.067333333333333,18.38950617888889,-2.6546666666666647,3.4188645,3.2169976,3.1121092,3.117437,3.4606745,0,0.0,1,1.0,-1.08,29.5,70.5
2023-01-17 08:45:00,148.421007305558,110.170315211112,110.189758883334,18.14444446,-2.067333333333333,22.35,2,5.1764362714980825,70.66250196097344,8,1,1,0.8660254037844387,-0.4999999999999998,0.7818314824680298,0.6234898018587336,0.4999999999999999,0.8660254037844387,3.75,1.875,0.625,5.175,11.95,100.0,49.75,-13.525,1.749147,0.0,-4.574999999999999,18.20925926,21.616666666666667,20.45,19.966666666666665,19.7,22.316666666666663,-20.211777793333333,-0.3574073733333343,0.3379999999999996,-2.405333333333333,-1.6153333333333333,18.352469137777778,-2.345777777777776,3.4606745,3.4188645,3.2169976,3.1121092,3.4688435,0,0.0,1,1.0,-1.16,33.1,66.9
2023-01-17 09:00:00,174.87383793334,129.801196611112,129.82036247778,18.20925926,-1.6153333333333333,22.316666666666663,2,5.1764362714980825,70.66250196097344,9,1,1,0.7071067811865476,-0.7071067811865475,0.7818314824680298,0.6234898018587336,0.4999999999999999,0.8660254037844387,5.0,3.125,1.0416666666666667,5.1,12.2,100.0,47.0,-13.7,1.7095481,0.0,-4.1,18.35555557,22.35,21.616666666666667,20.45,19.966666666666665,22.0,-19.82459259333333,0.0648148000000006,0.4520000000000002,-2.067333333333333,-1.2693333333333332,18.285185184444444,-2.0293333333333314,3.4688435,3.4606745,3.4188645,3.2169976,3.449444,0,0.0,0,1.0,-1.14,32.4,67.6
2023-01-17 09:15:00,73.622610661106,38.5759569,38.588734238886,18.35555557,-1.2693333333333332,22.0,1,5.1764362714980825,70.66250196097344,9,1,1,0.7071067811865476,-0.7071067811865475,0.7818314824680298,0.6234898018587336,0.4999999999999999,0.8660254037844387,11.0,5.5625,1.9583333333333333,4.475,12.025,100.0,44.75,-13.625,1.7199426,0.0,-3.325,18.118518556666668,22.316666666666663,22.35,21.616666666666667,20.45,22.183333333333334,-19.62488890333333,0.1462963100000003,0.3460000000000001,-1.6153333333333333,-1.1406666666666667,18.23641976333333,-1.650666666666665,3.449444,3.4688435,3.4606745,3.4188645,3.42958,0,0.0,1,1.0,-1.11,30.9,69.1
2023-01-17 09:30:00,183.78209292222,147.850474644444,147.874362605554,18.118518556666668,-1.1406666666666667,22.183333333333334,2,5.1764362714980825,70.66250196097344,9,1,1,0.7071067811865476,-0.7071067811865475,0.7818314824680298,0.6234898018587336,0.4999999999999999,0.8660254037844387,17.0,9.1875,3.375,3.85,11.85,100.0,42.5,-13.55,1.725396,0.0,-2.55,18.34999998,22.0,22.316666666666663,22.35,21.616666666666667,22.15,-19.259185223333336,-0.2370370133333317,0.1286666666666664,-1.2693333333333332,-1.22,18.22777779555556,-1.341777777777776,3.42958,3.449444,3.4688435,3.4606745,3.4718184,0,0.0,1,1.0,-1.16,33.4,66.6
2023-01-17 09:45:00,121.370700594442,62.973869811112,62.9883137,18.34999998,-1.22,22.15,1,5.1764362714980825,70.66250196097344,9,1,1,0.7071067811865476,-0.7071067811865475,0.7818314824680298,0.6234898018587336,0.4999999999999999,0.8660254037844387,23.0,14.0,5.291666666666667,3.225,11.675,100.0,40.25,-13.475,1.725392,0.0,-1.775,18.23888888333333,22.183333333333334,22.0,22.316666666666663,22.35,22.183333333333334,-19.56999998,0.2314814233333315,-0.0793333333333332,-1.1406666666666667,-1.164,18.27469136888889,-1.2099999999999982,3.4718184,3.42958,3.449444,3.4688435,3.4541907,0,0.0,1,1.0,-1.11,31.0,69.0
2023-01-17 10:00:00,129.445933105554,79.152944855556,79.16849983333199,18.23888888333333,-1.164,22.183333333333334,2,5.1764362714980825,70.66250196097344,10,1,1,0.4999999999999999,-0.8660254037844387,0.7818314824680298,0.6234898018587336,0.4999999999999999,0.8660254037844387,29.0,20.0,7.708333333333333,2.6,11.5,100.0,38.0,-13.4,1.7193816,0.0,-1.0,18.12777778,22.15,22.183333333333334,22.0,22.316666666666663,22.8,-19.402888883333336,-0.111111096666665,0.0559999999999998,-1.22,-1.0146666666666666,18.235802473333337,-1.174888888888887,3.4541907,3.4718184,3.42958,3.449444,3.5268579,0,0.0,1,1.0,-1.13,32.1,67.9
2023-01-17 10:15:00,204.712922272222,166.999986416666,167.025540977776,18.12777778,-1.0146666666666666,22.8,2,5.1764362714980825,70.66250196097344,10,1,1,0.4999999999999999,-0.8660254037844387,0.7818314824680298,0.6234898018587336,0.4999999999999999,0.8660254037844387,30.5,24.875,10.25,3.35,11.15,100.0,40.25,-12.575,1.8466535,0.125,-0.8,18.40185183,22.183333333333334,22.15,22.183333333333334,22.0,22.53333333333333,-19.142444446666666,-0.1111111033333358,0.1493333333333335,-1.164,-0.9066666666666666,18.238888881111112,-1.132888888888887,3.5268579,3.4541907,3.4718184,3.42958,3.542781,0,0.0,0,1.0,-1.16,33.2,66.8
2023-01-17 10:30:00,66.265682749994,23.432673772222,23.442395649998,18.40185183,-0.9066666666666666,22.53333333333333,1,5.1764362714980825,70.66250196097344,10,1,1,0.4999999999999999,-0.8660254037844387,0.7818314824680298,0.6234898018587336,0.4999999999999999,0.8660254037844387,32.0,28.625,12.916666666666666,4.1,10.8,100.0,42.5,-11.75,1.977102,0.25,-0.6,18.2,22.8,22.183333333333334,22.15,22.183333333333334,22.9,-19.308518496666668,0.2740740500000029,0.1079999999999999,-1.0146666666666666,-0.8266666666666667,18.25617283111111,-1.0284444444444427,3.542781,3.5268579,3.4541907,3.4718184,3.5575583,0,0.0,1,1.0,-1.1,30.3,69.7
2023-01-17 10:45:00,182.556030866664,134.37351376111,134.39267967777602,18.2,-0.8266666666666667,22.9,2,5.1764362714980825,70.66250196097344,10,1,1,0.4999999999999999,-0.8660254037844387,0.7818314824680298,0.6234898018587336,0.4999999999999999,0.8660254037844387,33.5,31.25,15.708333333333334,4.85,10.45,100.0,44.75,-10.925,2.1107833,0.375,-0.3999999999999999,18.18333334333333,22.53333333333333,22.8,22.183333333333334,22.15,23.83333333333333,-19.026666666666667,-0.2018518300000025,0.0799999999999999,-0.9066666666666666,-0.756,18.24320987,-0.915999999999998,3.5575583,3.542781,3.5268579,3.4541907,3.6988904,0,0.0,1,1.0,-1.14,32.4,67.6
2023-01-17 11:00:00,724.148255111112,123.39284183889,123.412007772222,18.18333334333333,-0.756,23.83333333333333,2,5.1764362714980825,70.66250196097344,11,1,1,0.258819045102521,-0.9659258262890682,0.7818314824680298,0.6234898018587336,0.4999999999999999,0.8660254037844387,35.0,32.75,18.625,5.6,10.1,100.0,47.0,-10.1,2.247754,0.5,-0.2,18.01666663,22.9,22.53333333333333,22.8,22.183333333333334,24.95,-18.93933334333333,-0.0166666566666648,0.0706666666666666,-0.8266666666666667,-0.634,18.26172839111111,-0.829777777777776,3.6988904,3.5575583,3.542781,3.5268579,3.8340244,0,0.0,0,1.0,-1.14,32.3,67.7
2023-01-17 11:15:00,164.123990327778,106.567681588888,106.586569766664,18.01666663,-0.634,24.95,2,5.1764362714980825,70.66250196097344,11,1,1,0.258819045102521,-0.9659258262890682,0.7818314824680298,0.6234898018587336,0.4999999999999999,0.8660254037844387,36.25,34.1875,21.541666666666668,5.55,10.45,100.0,59.5,-7.9,2.8113713,0.6,-0.375,17.90185183,23.83333333333333,22.9,22.53333333333333,22.8,26.3,-18.65066663,-0.1666667133333348,0.122,-0.756,-0.272,18.133333324444447,-0.7388888888888872,3.8340244,3.6988904,3.5575583,3.542781,4.0139585,0,0.0,0,1.0,-1.17,33.9,66.1
2023-01-17 11:30:00,231.5599039,184.194854094446,184.222908572222,17.90185183,-0.272,26.3,2,5.1764362714980825,70.66250196097344,11,1,1,0.258819045102521,-0.9659258262890682,0.7818314824680298,0.6234898018587336,0.4999999999999999,0.8660254037844387,37.5,35.5625,24.45833333333333,5.5,10.8,100.0,72.0,-5.7,3.3610597,0.7,-0.55,18.24999998,24.95,23.83333333333333,22.9,22.53333333333333,26.95,-18.17385183,-0.1148148000000013,0.362,-0.634,-0.0266666666666666,18.033950601111112,-0.5539999999999982,4.0139585,3.8340244,3.6988904,3.5575583,4.1991825,0,0.0,0,1.0,-1.19,34.8,65.2
2023-01-17 11:45:00,216.648000466664,177.589562816666,177.61678399444202,18.24999998,-0.0266666666666666,26.95,2,5.1764362714980825,70.66250196097344,11,1,1,0.258819045102521,-0.9659258262890682,0.7818314824680298,0.6234898018587336,0.4999999999999999,0.8660254037844387,38.75,36.875,27.375,5.45,11.15,100.0,84.5,-3.500000000000001,3.8970428,0.8,-0.7249999999999999,18.52962962333333,26.3,24.95,23.83333333333333,22.9,26.53333333333333,-18.276666646666666,0.3481481500000001,0.2453333333333333,-0.272,0.2313333333333333,18.056172813333333,-0.3108888888888871,4.1991825,4.0139585,3.8340244,3.6988904,4.2033906,0,0.0,0,1.0,-1.11,30.9,69.1
2023-01-17 12:00:00,208.881088905554,167.757178344444,167.781899605554,18.52962962333333,0.2313333333333333,26.53333333333333,2,5.1764362714980825,70.66250196097344,12,1,1,1.2246467991473532e-16,-1.0,0.7818314824680298,0.6234898018587336,0.4999999999999999,0.8660254037844387,40.0,38.125,30.291666666666668,5.4,11.5,100.0,97.0,-1.3,4.41954,0.9,-0.9,18.6111111,26.95,26.3,24.95,23.83333333333333,26.5,-18.298296290000003,0.2796296433333367,0.258,-0.0266666666666666,0.2506666666666667,18.227160477777776,-0.0224444444444426,4.2033906,4.1991825,4.0139585,3.8340244,4.2184153,0,0.0,0,1.0,-1.05,28.1,71.9
2023-01-17 12:15:00,170.979271755552,135.9645612,135.986782544444,18.6111111,0.2506666666666667,26.5,2,5.1764362714980825,70.66250196097344,12,1,1,1.2246467991473532e-16,-1.0,0.7818314824680298,0.6234898018587336,0.4999999999999999,0.8660254037844387,36.75,38.25,32.4375,5.550000000000001,11.325,100.0,97.25,-1.225,4.446337,0.825,-0.85,18.6111111,26.53333333333333,26.95,26.3,24.95,26.5,-18.36044443333333,0.0814814766666636,0.0193333333333333,0.2313333333333333,0.534,18.463580234444446,0.1517777777777795,4.2184153,4.2033906,4.1991825,4.0139585,4.2184153,0,0.0,0,1.0,-1.03,27.3,72.7
2023-01-17 12:30:00,193.194216388888,148.031300777776,148.053799877776,18.6111111,0.534,26.5,2,5.1764362714980825,70.66250196097344,12,1,1,1.2246467991473532e-16,-1.0,0.7818314824680298,0.6234898018587336,0.4999999999999999,0.8660254037844387,33.5,37.25,33.8125,5.7,11.15,100.0,97.5,-1.15,4.47326,0.75,-0.8,18.46666667,26.5,26.53333333333333,26.95,26.3,26.5,-18.0771111,0.0,0.2833333333333333,0.2506666666666667,0.458,18.583950607777776,0.3386666666666684,4.2184153,4.2184153,4.2033906,4.1991825,4.1824756,0,0.0,0,1.0,-1.03,27.3,72.7
2023-01-17 12:45:00,298.518336572222,242.870007011112,242.905561172222,18.46666667,0.458,26.5,2,5.1764362714980825,70.66250196097344,12,1,1,1.2246467991473532e-16,-1.0,0.7818314824680298,0.6234898018587336,0.4999999999999999,0.8660254037844387,30.25,35.125,34.416666666666664,5.85,10.975,100.0,97.75,-1.075,4.50031,0.675,-0.75,18.675925926666665,26.5,26.5,26.53333333333333,26.95,26.316666666666663,-18.00866667,-0.14444443,-0.076,0.534,0.6579999999999999,18.562962956666667,0.414222222222224,4.1824756,4.2184153,4.2184153,4.2033906,4.2053323,0,0.0,0,1.0,-1.06,28.8,71.2
2023-01-17 13:00:00,411.7843613,367.318917722224,367.366415822224,18.675925926666665,0.6579999999999999,26.316666666666663,2,5.1764362714980825,70.66250196097344,13,1,1,-0.2588190451025208,-0.9659258262890684,0.7818314824680298,0.6234898018587336,0.4999999999999999,0.8660254037844387,27.0,31.875,34.25,6.0,10.8,100.0,98.0,-1.0,4.527487,0.6,-0.7,19.29444445,26.5,26.5,26.5,26.53333333333333,25.95,-18.017925926666663,0.209259256666666,0.1999999999999999,0.458,0.9726666666666668,18.58456789888889,0.5500000000000017,4.2053323,4.1824756,4.2184153,4.2184153,4.30093,0,0.0,0,1.0,-1.01,26.7,73.3
2023-01-17 13:15:00,313.808558305554,272.738534488888,272.775755216666,19.29444445,0.9726666666666668,25.95,2,5.1764362714980825,70.66250196097344,13,1,1,-0.2588190451025208,-0.9659258262890684,0.7818314824680298,0.6234898018587336,0.4999999999999999,0.8660254037844387,30.5,30.3125,34.25,5.825,10.525,100.0,97.5,-0.875,4.559318,0.475,-0.5249999999999999,19.63703702333333,26.316666666666663,26.5,26.5,26.5,25.53333333333333,-18.32177778333333,0.6185185233333357,0.3146666666666667,0.6579999999999999,1.0813333333333333,18.81234568222222,0.696222222222224,4.30093,4.2053323,4.1824756,4.2184153,4.3179913,0,0.0,0,1.0,-0.87,21.2,78.8
2023-01-17 13:30:00,263.061699294446,224.0202055,224.0510376,19.63703702333333,1.0813333333333333,25.53333333333333,2,5.1764362714980825,70.66250196097344,13,1,1,-0.2588190451025208,-0.9659258262890684,0.7818314824680298,0.6234898018587336,0.4999999999999999,0.8660254037844387,34.0,30.4375,34.416666666666664,5.65,10.25,100.0,97.0,-0.75,4.591171,0.35,-0.35,19.48888886,25.95,26.316666666666663,26.5,26.5,25.55,-18.55570369,0.3425925733333343,0.1086666666666665,0.9726666666666668,1.06,19.20246913333333,0.9040000000000016,4.3179913,4.30093,4.2053323,4.1824756,4.2833595,0,0.0,0,1.0,-0.8,18.4,81.6
2023-01-17 13:45:00,149.724844133332,114.730132827778,114.749854272222,19.48888886,1.06,25.55,2,5.1764362714980825,70.66250196097344,13,1,1,-0.2588190451025208,-0.9659258262890684,0.7818314824680298,0.6234898018587336,0.4999999999999999,0.8660254037844387,37.5,32.25,34.75,5.475,9.975,100.0,96.5,-0.625,4.623039,0.2249999999999999,-0.175,19.122222256666667,25.53333333333333,25.95,26.316666666666663,26.5,25.966666666666665,-18.42888886,-0.1481481633333352,-0.0213333333333332,1.0813333333333333,1.06,19.47345677777778,1.0380000000000018,4.2833595,4.3179913,4.30093,4.2053323,4.2602406,0,0.0,0,1.0,-0.83,19.6,80.4
2023-01-17 14:00:00,410.227201322224,358.858978383334,358.906198711112,19.122222256666667,1.06,25.966666666666665,2,5.1764362714980825,70.66250196097344,14,1,1,-0.4999999999999997,-0.8660254037844388,0.7818314824680298,0.6234898018587336,0.4999999999999999,0.8660254037844387,41.0,35.75,35.25,5.3,9.7,100.0,96.0,-0.5,4.6549206,0.1,0.0,19.47222226,25.55,25.53333333333333,25.95,26.316666666666663,25.65,-18.06222225666667,-0.3666666033333321,0.0,1.06,1.06,19.41604938,1.067111111111113,4.2602406,4.2833595,4.3179913,4.30093,4.2959123,0,0.0,0,1.0,-0.91,22.6,77.4
2023-01-17 14:15:00,375.429982249998,321.884624116666,321.92684466111,19.47222226,1.06,25.65,2,5.1764362714980825,70.66250196097344,14,1,1,-0.4999999999999997,-0.8660254037844388,0.7818314824680298,0.6234898018587336,0.4999999999999999,0.8660254037844387,43.0,38.875,35.8125,4.525,9.075,100.0,92.0,-0.675,4.601186,0.075,0.45,19.90740741666667,25.966666666666665,25.55,25.53333333333333,25.95,25.5,-18.412222260000004,0.350000003333335,0.0,1.06,1.06,19.36111112555556,1.06,4.2959123,4.2602406,4.2833595,4.3179913,4.3812947,0,0.0,0,1.0,-0.84,19.7,80.3
2023-01-17 14:30:00,308.652653366668,267.322639983334,267.359027427778,19.90740741666667,1.06,25.5,2,5.1764362714980825,70.66250196097344,14,1,1,-0.4999999999999997,-0.8660254037844388,0.7818314824680298,0.6234898018587336,0.4999999999999999,0.8660254037844387,45.0,41.625,36.4375,3.75,8.45,100.0,88.0,-0.85,4.538941,0.05,0.9,19.916666640000003,25.65,25.966666666666665,25.55,25.53333333333333,25.55,-18.84740741666667,0.435185156666666,0.0,1.06,1.06,19.500617311111117,1.06,4.3812947,4.2959123,4.2602406,4.2833595,4.392268,0,0.0,0,1.0,-0.74,16.4,83.6
2023-01-17 14:45:00,163.371242655556,119.782986305554,119.802152188888,19.916666640000003,1.06,25.55,2,5.1764362714980825,70.66250196097344,14,1,1,-0.4999999999999997,-0.8660254037844388,0.7818314824680298,0.6234898018587336,0.4999999999999999,0.8660254037844387,47.0,44.0,37.125,2.975,7.825,100.0,84.0,-1.025,4.4677644,0.0249999999999999,1.35,19.50925924,25.5,25.65,25.966666666666665,25.55,25.966666666666665,-18.856666640000004,0.0092592233333341,0.0,1.06,1.06,19.76543210555556,1.06,4.392268,4.3812947,4.2959123,4.2602406,4.3584294,0,0.0,0,1.0,-0.73,16.4,83.6
2023-01-17 15:00:00,372.620094616666,335.774901816666,335.819622244444,19.50925924,1.06,25.966666666666665,2,5.1764362714980825,70.66250196097344,15,1,1,-0.7071067811865471,-0.7071067811865479,0.7818314824680298,0.6234898018587336,0.4999999999999999,0.8660254037844387,49.0,46.0,37.875,2.2,7.2,100.0,80.0,-1.2,4.3872247,0.0,1.8,19.73888886,25.55,25.5,25.65,25.966666666666665,25.65,-18.44925924,-0.4074074000000038,0.0,1.06,1.118,19.777777765555555,1.06,4.3584294,4.392268,4.3812947,4.2959123,4.363733,0,0.0,0,1.0,-0.83,19.4,80.6
2023-01-17 15:15:00,311.522538533336,276.443941816666,276.480607016666,19.73888886,1.118,25.65,2,5.1764362714980825,70.66250196097344,15,1,1,-0.7071067811865471,-0.7071067811865479,0.7818314824680298,0.6234898018587336,0.4999999999999999,0.8660254037844387,70.5,52.875,40.6875,2.8,8.0,100.0,80.75,-0.725,4.5423245,0.0,2.175,20.081481516666667,25.966666666666665,25.55,25.5,25.65,25.5,-18.62088886,0.2296296200000007,0.0579999999999998,1.06,1.163333333333333,19.721604913333334,1.0793333333333353,4.363733,4.3584294,4.392268,4.3812947,4.4261856,0,0.0,0,1.0,-0.77,17.6,82.4
2023-01-17 15:30:00,338.822002211108,260.660684255556,260.689849788888,20.081481516666667,1.163333333333333,25.5,2,5.1764362714980825,70.66250196097344,15,1,1,-0.7071067811865471,-0.7071067811865479,0.7818314824680298,0.6234898018587336,0.4999999999999999,0.8660254037844387,92.0,64.625,45.5625,3.4,8.8,100.0,81.5,-0.25,4.702126,0.0,2.55,20.083333340000003,25.65,25.966666666666665,25.55,25.5,25.55,-18.918148183333333,0.3425926566666675,0.0453333333333334,1.118,1.4199999999999997,19.776543205555555,1.1137777777777795,4.4261856,4.363733,4.3584294,4.392268,4.4353447,0,0.0,0,1.0,-0.7,15.2,84.8
2023-01-17 15:45:00,196.04632458333,123.864767444444,123.881433477776,20.083333340000003,1.4199999999999997,25.55,2,5.1764362714980825,70.66250196097344,15,1,1,-0.7071067811865471,-0.7071067811865479,0.7818314824680298,0.6234898018587336,0.4999999999999999,0.8660254037844387,113.5,81.25,52.5,4.0,9.6,100.0,82.25,0.2249999999999998,4.866753,0.0,2.925,19.61481481666667,25.5,25.65,25.966666666666665,25.55,26.15,-18.663333340000005,0.001851823333336,0.2566666666666664,1.163333333333333,1.362,19.96790123888889,1.2337777777777796,4.4353447,4.4261856,4.363733,4.3584294,4.416508,0,0.0,0,1.0,-0.7,15.2,84.8
2023-01-17 16:00:00,321.595746805554,276.953365872222,276.99030886111,19.61481481666667,1.362,26.15,2,5.1764362714980825,70.66250196097344,16,1,1,-0.8660254037844385,-0.5000000000000004,0.7818314824680298,0.6234898018587336,0.4999999999999999,0.8660254037844387,135.0,102.75,61.5,4.6,10.4,100.0,83.0,0.7,5.036325,0.0,3.3,19.71666667,25.55,25.5,25.65,25.966666666666665,26.45,-18.25281481666667,-0.4685185233333335,-0.0579999999999998,1.4199999999999997,1.346,19.926543224444448,1.315111111111113,4.416508,4.4353447,4.4261856,4.363733,4.493969,0,0.0,0,1.0,-0.8,18.5,81.5
2023-01-17 16:15:00,395.54945530555,343.605421933332,343.64736472222,19.71666667,1.346,26.45,2,5.1764362714980825,70.66250196097344,16,1,1,-0.8660254037844385,-0.5000000000000004,0.7818314824680298,0.6234898018587336,0.4999999999999999,0.8660254037844387,110.25,112.6875,68.14583333333333,4.675,10.5,100.0,84.5,0.6749999999999999,5.0420594,0.0,3.05,20.16111112333333,26.15,25.55,25.5,25.65,26.03333333333333,-18.37066667,0.1018518533333292,-0.0159999999999997,1.362,1.3433333333333333,19.80493827555556,1.376000000000002,4.493969,4.416508,4.4353447,4.4261856,4.53986,0,0.0,0,1.0,-0.78,17.7,82.3
2023-01-17 16:30:00,598.436061550002,227.245354272222,227.27646416111,20.16111112333333,1.3433333333333333,26.03333333333333,2,5.1764362714980825,70.66250196097344,16,1,1,-0.8660254037844385,-0.5000000000000004,0.7818314824680298,0.6234898018587336,0.4999999999999999,0.8660254037844387,85.5,111.0625,72.4375,4.75,10.6,100.0,86.0,0.6499999999999999,5.0460334,0.0,2.8,20.05555558,26.45,26.15,25.55,25.5,26.05,-18.81777779,0.444444453333336,-0.0026666666666668,1.346,1.4393333333333334,19.83086420333333,1.3504444444444463,4.53986,4.493969,4.416508,4.4353447,4.514796,0,0.0,0,1.0,-0.68,14.6,85.4
2023-01-17 16:45:00,148.900988188888,106.531849655556,106.550182305554,20.05555558,1.4393333333333334,26.05,2,5.1764362714980825,70.66250196097344,16,1,1,-0.8660254037844385,-0.5000000000000004,0.7818314824680298,0.6234898018587336,0.4999999999999999,0.8660254037844387,60.75,97.875,74.375,4.825,10.7,100.0,87.5,0.625,5.048295,0.0,2.55,19.54814816,26.03333333333333,26.45,26.15,25.55,26.65,-18.616222246666663,-0.1055555433333346,0.096,1.3433333333333333,1.3833333333333333,19.977777791111112,1.376222222222224,4.514796,4.53986,4.493969,4.416508,4.48336,0,0.0,0,1.0,-0.7,15.3,84.7
2023-01-17 17:00:00,375.98662676666,306.28497036111,306.321357855552,19.54814816,1.3833333333333333,26.65,2,5.1764362714980825,70.66250196097344,17,1,1,-0.9659258262890684,-0.2588190451025206,0.7818314824680298,0.6234898018587336,0.4999999999999999,0.8660254037844387,36.0,73.125,73.95833333333333,4.9,10.8,100.0,89.0,0.6,5.0488973,0.0,2.3,19.78888888,26.05,26.03333333333333,26.45,26.15,26.65,-18.164814826666667,-0.5074074199999998,-0.056,1.4393333333333334,1.5306666666666666,19.921604954444447,1.3886666666666685,4.48336,4.514796,4.53986,4.493969,4.547177,0,0.0,0,1.0,-0.81,18.9,81.1
2023-01-17 17:15:00,419.436833038886,361.288047916666,361.3322128,19.78888888,1.5306666666666666,26.65,2,5.1764362714980825,70.66250196097344,17,1,1,-0.9659258262890684,-0.2588190451025206,0.7818314824680298,0.6234898018587336,0.4999999999999999,0.8660254037844387,28.5,52.6875,72.75,5.575,10.625,100.0,91.25,0.35,4.9703164,0.025,1.6999999999999995,20.240740716666668,26.65,26.05,26.03333333333333,26.45,26.5,-18.258222213333333,0.240740719999998,0.1473333333333333,1.3833333333333333,1.5153333333333334,19.797530873333333,1.451111111111113,4.547177,4.48336,4.514796,4.53986,4.6428027,0,0.0,0,1.0,-0.76,17.1,82.9
2023-01-17 17:30:00,253.872622422224,213.944219672222,213.972274116666,20.240740716666668,1.5153333333333334,26.5,2,5.1764362714980825,70.66250196097344,17,1,1,-0.9659258262890684,-0.2588190451025206,0.7818314824680298,0.6234898018587336,0.4999999999999999,0.8660254037844387,21.0,36.5625,70.75,6.25,10.45,100.0,93.5,0.0999999999999999,4.8889785,0.05,1.1,20.05555552,26.65,26.65,26.05,26.03333333333333,26.5,-18.725407383333334,0.4518518366666697,-0.0153333333333331,1.5306666666666666,1.396,19.85925925222222,1.4764444444444462,4.6428027,4.547177,4.48336,4.514796,4.5927873,0,0.0,0,1.0,-0.66,14.1,85.9
2023-01-17 17:45:00,290.493657655552,240.676761427778,240.706482472222,20.05555552,1.396,26.5,2,5.1764362714980825,70.66250196097344,17,1,1,-0.9659258262890684,-0.2588190451025206,0.7818314824680298,0.6234898018587336,0.4999999999999999,0.8660254037844387,13.5,24.75,67.95833333333333,6.925,10.275,100.0,95.75,-0.15,4.805195,0.075,0.4999999999999998,20.01481481,26.5,26.65,26.65,26.05,26.5,-18.65955552,-0.1851851966666693,-0.1193333333333335,1.5153333333333334,1.5213333333333334,20.02839503888889,1.4806666666666686,4.5927873,4.6428027,4.547177,4.48336,4.5818467,0,0.0,0,1.0,-0.7,15.2,84.8
2023-01-17 18:00:00,348.842156905554,308.995973,309.033749255556,20.01481481,1.5213333333333334,26.5,2,5.1764362714980825,70.66250196097344,18,1,1,-1.0,-1.8369701987210294e-16,0.7818314824680298,0.6234898018587336,0.4999999999999999,0.8660254037844387,6.0,17.25,64.375,7.6,10.1,100.0,98.0,-0.4,4.719254,0.1,-0.1,20.32777778,26.5,26.5,26.65,26.65,26.55,-18.493481476666663,-0.0407407099999979,0.1253333333333335,1.396,1.6633333333333336,20.10370368222222,1.4775555555555575,4.5818467,4.5927873,4.6428027,4.547177,4.675278,0,0.0,0,1.0,-0.71,15.5,84.5
2023-01-17 18:15:00,238.95683026111,193.005335044444,193.031445166664,20.32777778,1.6633333333333336,26.55,2,5.1764362714980825,70.66250196097344,18,1,1,-1.0,-1.8369701987210294e-16,0.7818314824680298,0.6234898018587336,0.4999999999999999,0.8660254037844387,4.5,11.25,58.875,7.949999999999999,10.55,100.0,98.25,-0.35,4.7312927,0.15,-0.1,20.14259261,26.5,26.5,26.5,26.65,27.15,-18.664444446666668,0.3129629700000009,0.1420000000000001,1.5213333333333334,2.796666666666667,20.132716036666668,1.526888888888891,4.675278,4.5818467,4.5927873,4.6428027,4.729465,0,0.0,0,1.0,-0.64,13.5,86.5
2023-01-17 18:30:00,617.1469798499979,172.69559191666602,172.737812477776,20.14259261,2.796666666666667,27.15,2,5.1764362714980825,70.66250196097344,18,1,1,-1.0,-1.8369701987210294e-16,0.7818314824680298,0.6234898018587336,0.4999999999999999,0.8660254037844387,3.0,6.75,51.458333333333336,8.3,11.0,100.0,98.5,-0.3,4.7433314,0.2,-0.1,19.97777775,26.55,26.5,26.5,26.5,27.85,-17.345925943333334,-0.1851851700000004,1.1333333333333333,1.6633333333333336,3.992,20.1617284,1.99377777777778,4.729465,4.675278,4.5818467,4.5927873,4.8048277,0,0.0,0,1.0,-0.68,14.6,85.4
2023-01-17 18:45:00,347.866918149998,263.059477216666,263.116141616666,19.97777775,3.992,27.85,2,5.1764362714980825,70.66250196097344,18,1,1,-1.0,-1.8369701987210294e-16,0.7818314824680298,0.6234898018587336,0.4999999999999999,0.8660254037844387,1.5,3.75,42.125,8.65,11.45,100.0,98.75,-0.25,4.7553706,0.25,-0.1,20.57407405,27.15,26.55,26.5,26.5,27.816666666666663,-15.985777749999995,-0.1648148600000034,1.1953333333333331,2.796666666666667,4.866666666666666,20.14938271333333,2.8173333333333352,4.8048277,4.729465,4.675278,4.5818467,4.9692373,0,0.0,0,1.0,-0.71,15.5,84.5
2023-01-17 19:00:00,381.516683172222,268.3600985,268.4450951,20.57407405,4.866666666666666,27.816666666666663,2,5.1764362714980825,70.66250196097344,19,1,1,-0.9659258262890684,0.2588190451025203,0.7818314824680298,0.6234898018587336,0.4999999999999999,0.8660254037844387,0.0,2.25,30.875,9.0,11.9,100.0,99.0,-0.2,4.7674093,0.3,-0.1,21.14444443,27.85,27.15,26.55,26.5,27.5,-15.707407383333331,0.5962963000000023,0.8746666666666663,3.992,5.076666666666666,20.23148147,3.885111111111113,4.9692373,4.8048277,4.729465,4.675278,5.078383,0,0.0,0,1.0,-0.57,11.9,88.1
2023-01-17 19:15:00,392.362082738886,266.351567744444,266.447952788888,21.14444443,5.076666666666666,27.5,2,5.1764362714980825,70.66250196097344,19,1,1,-0.9659258262890684,0.2588190451025203,0.7818314824680298,0.6234898018587336,0.4999999999999999,0.8660254037844387,0.0,1.125,21.6875,9.05,12.8,100.0,99.0,-0.2,4.7674093,0.275,-0.1,21.511111096666664,27.816666666666663,27.85,27.15,26.55,27.316666666666663,-16.067777763333332,0.57037038,0.2099999999999999,4.866666666666666,5.197333333333334,20.565432076666667,4.645111111111113,5.078383,4.9692373,4.8048277,4.729465,5.152868,0,0.0,0,1.0,-0.44,9.1,90.9
2023-01-17 19:30:00,380.28173245556,263.026700727778,263.120863627778,21.511111096666664,5.197333333333334,27.316666666666663,2,5.1764362714980825,70.66250196097344,19,1,1,-0.9659258262890684,0.2588190451025203,0.7818314824680298,0.6234898018587336,0.4999999999999999,0.8660254037844387,0.0,0.375,14.5625,9.1,13.7,100.0,99.0,-0.2,4.7674093,0.25,-0.1,21.755555580000003,27.5,27.816666666666663,27.85,27.15,27.0,-16.31377776333333,0.3666666666666636,0.1206666666666675,5.076666666666666,5.256,21.07654319222222,5.0468888888888905,5.152868,5.078383,4.9692373,4.8048277,5.1656246,0,0.0,0,1.0,-0.36,7.7,92.3
2023-01-17 19:45:00,361.185829755556,247.320384588888,247.398714805554,21.755555580000003,5.256,27.0,2,5.1764362714980825,70.66250196097344,19,1,1,-0.9659258262890684,0.2588190451025203,0.7818314824680298,0.6234898018587336,0.4999999999999999,0.8660254037844387,0.0,0.0,9.5,9.15,14.6,100.0,99.0,-0.2,4.7674093,0.225,-0.1,21.718518510000003,27.316666666666663,27.5,27.816666666666663,27.85,27.183333333333334,-16.499555580000003,0.2444444833333392,0.0586666666666664,5.197333333333334,5.008666666666667,21.470370368888894,5.1766666666666685,5.1656246,5.152868,5.078383,4.9692373,5.1895843,0,0.0,0,1.0,-0.3,6.9,93.1
2023-01-17 20:00:00,261.436764294446,106.313525072222,106.38879986111,21.718518510000003,5.008666666666667,27.183333333333334,2,5.1764362714980825,70.66250196097344,20,1,1,-0.8660254037844386,0.5000000000000001,0.7818314824680298,0.6234898018587336,0.4999999999999999,0.8660254037844387,0.0,0.0,6.5,9.2,15.5,100.0,99.0,-0.2,4.7674093,0.2,-0.1,21.10555552,27.0,27.316666666666663,27.5,27.816666666666663,28.2,-16.709851843333336,-0.0370370700000002,-0.2473333333333336,5.256,4.391333333333334,21.66172839555556,5.154000000000003,5.1895843,5.1656246,5.152868,5.078383,5.195908,0,0.0,0,1.0,-0.31,7.0,93.0
2023-01-17 20:15:00,410.87911984444,280.558499444444,280.654606766664,21.10555552,4.391333333333334,28.2,2,5.1764362714980825,70.66250196097344,20,1,1,-0.8660254037844386,0.5000000000000001,0.7818314824680298,0.6234898018587336,0.4999999999999999,0.8660254037844387,0.0,0.0,4.125,9.35,15.225,86.5,99.25,-0.0499999999999999,4.8291154,0.15,0.0499999999999999,21.15000001,27.183333333333334,27.0,27.316666666666663,27.5,28.316666666666663,-16.714222186666667,-0.6129629900000033,-0.6173333333333328,5.008666666666667,4.533333333333333,21.526543203333336,4.885333333333336,5.195908,5.1895843,5.1656246,5.152868,5.2308817,0,0.0,0,1.0,-0.45,9.2,90.8
2023-01-17 20:30:00,392.206533311112,269.498664088888,269.596437994442,21.15000001,4.533333333333333,28.316666666666663,2,5.1764362714980825,70.66250196097344,20,1,1,-0.8660254037844386,0.5000000000000001,0.7818314824680298,0.6234898018587336,0.4999999999999999,0.8660254037844387,0.0,0.0,2.375,9.5,14.95,73.0,99.5,0.1,4.8915234,0.1,0.1999999999999999,21.511111130000003,28.2,27.183333333333334,27.0,27.316666666666663,27.95,-16.616666676666668,0.04444449,0.1419999999999994,4.391333333333334,3.993333333333333,21.32469134666667,4.644444444444447,5.2308817,5.195908,5.1895843,5.1656246,5.272336,0,0.0,0,1.0,-0.44,9.0,91.0
2023-01-17 20:45:00,395.00475476111,224.542406811112,224.627403394446,21.511111130000003,3.993333333333333,27.95,2,5.1764362714980825,70.66250196097344,20,1,1,-0.8660254037844386,0.5000000000000001,0.7818314824680298,0.6234898018587336,0.4999999999999999,0.8660254037844387,0.0,0.0,1.25,9.65,14.675,59.5,99.75,0.25,4.9546423,0.0499999999999999,0.35,21.824074073333332,28.316666666666663,28.2,27.183333333333334,27.0,27.53333333333333,-17.51777779666667,0.3611111200000039,-0.54,4.533333333333333,3.8406666666666665,21.255555553333338,4.306000000000002,5.272336,5.2308817,5.195908,5.1895843,5.2885447,0,0.0,0,1.0,-0.35,7.6,92.4
2023-01-17 21:00:00,393.592033422224,223.540502455556,223.626887883334,21.824074073333332,3.8406666666666665,27.53333333333333,2,5.1764362714980825,70.66250196097344,21,1,1,-0.7071067811865477,0.7071067811865474,0.7818314824680298,0.6234898018587336,0.4999999999999999,0.8660254037844387,0.0,0.0,0.75,9.8,14.4,46.0,100.0,0.4,5.0184803,0.0,0.5,21.93888885,27.95,28.316666666666663,28.2,27.183333333333334,27.55,-17.983407406666668,0.3129629433333321,-0.1526666666666667,3.993333333333333,4.556,21.495061737777775,4.122444444444446,5.2885447,5.272336,5.2308817,5.195908,5.3269215,0,0.0,0,1.0,-0.28,6.7,93.3
2023-01-17 21:15:00,387.322006599996,232.841797072222,232.926793672222,21.93888885,4.556,27.55,2,5.1764362714980825,70.66250196097344,21,1,1,-0.7071067811865477,0.7071067811865474,0.7818314824680298,0.6234898018587336,0.4999999999999999,0.8660254037844387,0.0,0.0,0.375,10.325,15.2,59.5,99.5,-0.2749999999999999,4.77499,0.0,-0.15,21.831481476666667,27.53333333333333,27.95,28.316666666666663,28.2,27.966666666666665,-17.38288885,0.114814776666666,0.7153333333333336,3.8406666666666665,4.960666666666667,21.75802468444445,4.130000000000002,5.3269215,5.2885447,5.272336,5.2308817,5.374076,0,0.0,0,1.0,-0.26,6.4,93.6
2023-01-17 21:30:00,331.385355155556,181.2435833,181.3244134,21.831481476666667,4.960666666666667,27.966666666666665,2,5.1764362714980825,70.66250196097344,21,1,1,-0.7071067811865477,0.7071067811865474,0.7818314824680298,0.6234898018587336,0.4999999999999999,0.8660254037844387,0.0,0.0,0.125,10.85,16.0,73.0,99.0,-0.9499999999999998,4.542079,0.0,-0.8,21.39999997,27.55,27.53333333333333,27.95,28.316666666666663,28.4,-16.87081481,-0.1074073733333342,0.4046666666666665,4.556,4.016,21.864814800000005,4.452444444444446,5.374076,5.3269215,5.2885447,5.272336,5.3228707,0,0.0,0,1.0,-0.28,6.6,93.4
2023-01-17 21:45:00,261.11594386111,115.033454044444,115.108173305554,21.39999997,4.016,28.4,2,5.1764362714980825,70.66250196097344,21,1,1,-0.7071067811865477,0.7071067811865474,0.7818314824680298,0.6234898018587336,0.4999999999999999,0.8660254037844387,0.0,0.0,0.0,11.375,16.8,86.5,98.5,-1.625,4.319345,0.0,-1.4500000000000002,20.825925896666668,27.966666666666665,27.55,27.53333333333333,27.95,28.966666666666665,-17.383999969999998,-0.4314815066666675,-0.9446666666666664,4.960666666666667,2.9733333333333336,21.72345676555556,4.510888888888891,5.3228707,5.374076,5.3269215,5.2885447,5.251134,0,0.0,0,1.0,-0.38,8.0,92.0
2023-01-17 22:00:00,362.837430455552,197.165446416666,197.247387588888,20.825925896666668,2.9733333333333336,28.966666666666665,2,5.1764362714980825,70.66250196097344,22,1,1,-0.5000000000000004,0.8660254037844384,0.7818314824680298,0.6234898018587336,0.4999999999999999,0.8660254037844387,0.0,0.0,0.0,11.9,17.6,100.0,98.0,-2.3,4.1063976,0.0,-2.1,20.89999997,28.4,27.966666666666665,27.55,27.53333333333333,28.95,-17.852592563333335,-0.5740740733333318,-1.0426666666666664,4.016,2.8993333333333333,21.35246911444445,3.983333333333336,5.251134,5.3228707,5.374076,5.3269215,5.2707725,0,0.0,0,1.0,-0.51,10.4,89.6
2023-01-17 22:15:00,410.562188072218,253.043766711112,253.132374316666,20.89999997,2.8993333333333333,28.95,2,5.1764362714980825,70.66250196097344,22,1,1,-0.5000000000000004,0.8660254037844384,0.7818314824680298,0.6234898018587336,0.4999999999999999,0.8660254037844387,0.0,0.0,0.0,11.5,17.150000000000002,100.0,98.5,-1.725,4.2893057,0.125,-1.55,21.212962966666662,28.966666666666665,28.4,27.966666666666665,27.55,28.35,-18.000666636666665,0.0740740733333318,-0.0740000000000002,2.9733333333333336,2.868666666666667,21.04197527888889,3.2962222222222244,5.2707725,5.251134,5.3228707,5.374076,5.256206,0,0.0,0,1.0,-0.49,10.0,90.0
2023-01-17 22:30:00,400.541199861114,257.418036166668,257.506921527778,21.212962966666662,2.868666666666667,28.35,2,5.1764362714980825,70.66250196097344,22,1,1,-0.5000000000000004,0.8660254037844384,0.7818314824680298,0.6234898018587336,0.4999999999999999,0.8660254037844387,0.0,0.0,0.0,11.1,16.700000000000003,100.0,99.0,-1.15,4.4794416,0.25,-1.0,21.41666663,28.95,28.966666666666665,28.4,27.966666666666665,28.05,-18.3442963,0.3129629966666662,-0.0306666666666663,2.8993333333333333,3.003333333333333,20.97962961111111,2.91377777777778,5.256206,5.2707725,5.251134,5.3228707,5.2623487,0,0.0,0,1.0,-0.42,8.7,91.3
2023-01-17 22:45:00,404.234941188884,248.633665388888,248.723939611108,21.41666663,3.003333333333333,28.05,2,5.1764362714980825,70.66250196097344,22,1,1,-0.5000000000000004,0.8660254037844384,0.7818314824680298,0.6234898018587336,0.4999999999999999,0.8660254037844387,0.0,0.0,0.0,10.7,16.25,100.0,99.5,-0.575,4.6770506,0.375,-0.4499999999999999,21.41481482,28.35,28.95,28.966666666666665,28.4,28.65,-18.413333296666668,0.2037036633333357,0.134666666666666,2.868666666666667,4.1113333333333335,21.17654318888889,2.92377777777778,5.2623487,5.256206,5.2707725,5.251134,5.3743343,0,0.0,0,1.0,-0.38,7.9,92.1
2023-01-17 23:00:00,291.16890844444,127.293241416666,127.371571649998,21.41481482,4.1113333333333335,28.65,2,5.1764362714980825,70.66250196097344,23,1,1,-0.2588190451025215,0.965925826289068,0.7818314824680298,0.6234898018587336,0.4999999999999999,0.8660254037844387,0.0,0.0,0.0,10.3,15.8,100.0,100.0,0.0,4.8823876,0.5,0.1,20.94444443,28.05,28.35,28.95,28.966666666666665,29.75,-17.303481486666666,-0.0018518100000015,1.1080000000000003,3.003333333333333,5.17,21.34814813888889,3.32777777777778,5.3743343,5.2623487,5.256206,5.2707725,5.4304376,0,0.0,0,1.0,-0.37,7.9,92.1
2023-01-17 23:15:00,300.928240238886,128.732906044444,128.812347366664,20.94444443,5.17,29.75,2,5.1764362714980825,70.66250196097344,23,1,1,-0.2588190451025215,0.965925826289068,0.7818314824680298,0.6234898018587336,0.4999999999999999,0.8660254037844387,0.0,0.0,0.0,9.85,15.8,100.0,100.0,0.375,5.009877,0.5,0.475,20.687037036666663,28.65,28.05,28.35,28.95,30.466666666666665,-15.774444429999996,-0.4703703900000029,1.0586666666666664,4.1113333333333335,5.486666666666666,21.25864196,4.094888888888891,5.4304376,5.3743343,5.2623487,5.256206,5.478582,0,0.0,0,1.0,-0.48,9.7,90.3
2023-01-17 23:30:00,401.334779200004,227.244243183334,227.332017422224,20.687037036666663,5.486666666666666,30.466666666666665,2,5.1764362714980825,70.66250196097344,23,1,1,-0.2588190451025215,0.965925826289068,0.7818314824680298,0.6234898018587336,0.4999999999999999,0.8660254037844387,0.0,0.0,0.0,9.4,15.8,100.0,100.0,0.75,5.1402774,0.5,0.85,20.98888892,29.75,28.65,28.05,28.35,30.5,-15.20037037,-0.2574073933333309,0.3166666666666664,5.17,5.73,21.015432095555557,4.922666666666669,5.478582,5.4304376,5.3743343,5.2623487,5.5817385,0,0.0,0,1.0,-0.53,10.9,89.1
2023-01-17 23:45:00,376.25744901667,221.971120816666,222.05917286111,20.98888892,5.73,30.5,2,5.1764362714980825,70.66250196097344,23,1,1,-0.2588190451025215,0.965925826289068,0.7818314824680298,0.6234898018587336,0.4999999999999999,0.8660254037844387,0.0,0.0,0.0,8.95,15.8,100.0,100.0,1.125,5.2736435,0.5,1.225,21.272222216666663,30.466666666666665,29.75,28.65,28.05,30.5,-15.25888892,0.3018518833333345,0.243333333333334,5.486666666666666,6.137333333333333,20.873456795555555,5.462222222222223,5.5817385,5.478582,5.4304376,5.3743343,5.674291,0,0.0,0,1.0,-0.46,9.4,90.6
2023-01-18 00:00:00,348.285512472222,238.2129711,238.297689977776,21.272222216666663,6.137333333333333,30.5,2,5.1764362714980825,70.66250196097344,0,2,1,0.0,1.0,0.9749279121818236,-0.2225209339563143,0.4999999999999999,0.8660254037844387,0.0,0.0,0.0,8.5,15.8,100.0,100.0,1.5,5.410033,0.5,1.6,21.48333334,30.5,30.466666666666665,29.75,28.65,30.5,-15.134888883333332,0.2833332966666653,0.4073333333333329,5.73,6.504666666666666,20.98271605777778,5.784666666666669,5.674291,5.5817385,5.478582,5.4304376,5.744112,0,0.0,0,1.0,-0.39,8.2,91.8
2023-01-18 00:15:00,386.785361416662,245.1885254,245.283243894442,21.48333334,6.504666666666666,30.5,2,5.1764362714980825,70.66250196097344,0,2,1,0.0,1.0,0.9749279121818236,-0.2225209339563143,0.4999999999999999,0.8660254037844387,0.0,0.0,0.0,9.625,18.25,98.25,99.75,2.0,5.582699,0.375,2.1,21.716666673333336,30.5,30.5,30.466666666666665,29.75,30.316666666666663,-14.978666673333336,0.2111111233333353,0.3673333333333328,6.137333333333333,6.576666666666666,21.24814815888889,6.124000000000002,5.744112,5.674291,5.5817385,5.478582,5.787152,0,0.0,0,1.0,-0.35,7.5,92.5
2023-01-18 00:30:00,340.39832793889,239.520974344444,239.591527072222,21.716666673333336,6.576666666666666,30.316666666666663,2,5.1764362714980825,70.66250196097344,0,2,1,0.0,1.0,0.9749279121818236,-0.2225209339563143,0.4999999999999999,0.8660254037844387,0.0,0.0,0.0,10.75,20.700000000000003,96.5,99.5,2.5,5.7600203,0.25,2.6,21.96666666,30.5,30.5,30.5,30.466666666666665,29.95,-15.14000000666667,0.2333333333333342,0.072,6.504666666666666,6.561999999999999,21.490740743333333,6.406222222222223,5.787152,5.744112,5.674291,5.5817385,5.800258,0,0.0,0,1.0,-0.29,6.8,93.2
2023-01-18 00:45:00,589.32448157778,206.956443627778,206.98477586111,21.96666666,6.561999999999999,29.95,2,5.1764362714980825,70.66250196097344,0,2,1,0.0,1.0,0.9749279121818236,-0.2225209339563143,0.4999999999999999,0.8660254037844387,0.0,0.0,0.0,11.875,23.15,94.75,99.25,3.0,5.9420986,0.125,3.1,22.216666673333336,30.316666666666663,30.5,30.5,30.5,29.53333333333333,-15.404666659999998,0.249999986666662,-0.0146666666666668,6.576666666666666,6.395333333333332,21.722222224444447,6.547777777777779,5.800258,5.787152,5.744112,5.674291,5.8025346,0,0.0,0,1.0,-0.24,6.2,93.8
2023-01-18 01:00:00,256.858614194442,210.051597616666,210.080207655552,22.216666673333336,6.395333333333332,29.53333333333333,2,5.1764362714980825,70.66250196097344,1,2,1,0.2588190451025207,0.9659258262890684,0.9749279121818236,-0.2225209339563143,0.4999999999999999,0.8660254037844387,0.0,0.0,0.0,13.0,25.6,93.0,99.0,3.5,6.129034,0.0,3.6,22.36666666,29.95,30.316666666666663,30.5,30.5,29.15,-15.821333340000002,0.250000013333338,-0.1666666666666669,6.561999999999999,6.444000000000001,21.96666666888889,6.511333333333334,5.8025346,5.800258,5.787152,5.744112,5.776849,0,0.0,0,1.0,-0.18,5.7,94.3
2023-01-18 01:15:00,195.76800238333,155.0754634,155.09685144444398,22.36666666,6.444000000000001,29.15,2,5.1764362714980825,70.66250196097344,1,2,1,0.2588190451025207,0.9659258262890684,0.9749279121818236,-0.2225209339563143,0.4999999999999999,0.8660254037844387,0.0,0.0,0.0,13.625,26.85,94.75,99.0,3.425,6.0983715,0.025,3.525,22.316666656666666,29.53333333333333,29.95,30.316666666666663,30.5,29.0,-15.92266666,0.1499999866666641,0.0486666666666684,6.395333333333332,6.37,22.183333331111115,6.467111111111112,5.776849,5.8025346,5.800258,5.787152,5.730623,0,0.0,0,1.0,-0.15,5.5,94.5
2023-01-18 01:30:00,211.237661222224,153.2563695,153.277202016666,22.316666656666666,6.37,29.0,2,5.1764362714980825,70.66250196097344,1,2,1,0.2588190451025207,0.9659258262890684,0.9749279121818236,-0.2225209339563143,0.4999999999999999,0.8660254037844387,0.0,0.0,0.0,14.25,28.1,96.5,99.0,3.35,6.0678406,0.05,3.45,22.3111111,29.15,29.53333333333333,29.95,30.316666666666663,29.0,-15.946666656666665,-0.0500000033333343,-0.0740000000000007,6.444000000000001,6.255333333333334,22.299999996666667,6.403111111111113,5.730623,5.776849,5.8025346,5.800258,5.728793,0,0.0,0,1.0,-0.16,5.5,94.5
2023-01-18 01:45:00,208.738039077776,152.926382683334,152.946104177776,22.3111111,6.255333333333334,29.0,2,5.1764362714980825,70.66250196097344,1,2,1,0.2588190451025207,0.9659258262890684,0.9749279121818236,-0.2225209339563143,0.4999999999999999,0.8660254037844387,0.0,0.0,0.0,14.875,29.35,98.25,99.0,3.2750000000000004,6.0374455,0.075,3.375,22.30185185,29.0,29.15,29.53333333333333,29.95,29.0,-16.05577776666667,-0.005555556666664,-0.1146666666666664,6.37,6.1353333333333335,22.331481472222222,6.356444444444446,5.728793,5.730623,5.776849,5.8025346,5.7257423,0,0.0,0,1.0,-0.16,5.5,94.5
2023-01-18 02:00:00,190.84903248333,153.080265444444,153.099709149998,22.30185185,6.1353333333333335,29.0,2,5.1764362714980825,70.66250196097344,2,2,1,0.4999999999999999,0.8660254037844387,0.9749279121818236,-0.2225209339563143,0.4999999999999999,0.8660254037844387,0.0,0.0,0.0,15.5,30.6,100.0,99.0,3.2,6.0071836,0.1,3.3,22.3333333,29.0,29.0,29.15,29.53333333333333,29.0,-16.166518516666663,-0.009259250000003,-0.1200000000000001,6.255333333333334,6.031999999999999,22.30987653555556,6.2535555555555575,5.7257423,5.728793,5.730623,5.776849,5.7361174,0,0.0,0,1.0,-0.16,5.6,94.4
2023-01-18 02:15:00,196.976009661106,152.775833172222,152.794999138886,22.3333333,6.031999999999999,29.0,2,5.1764362714980825,70.66250196097344,2,2,1,0.4999999999999999,0.8660254037844387,0.9749279121818236,-0.2225209339563143,0.4999999999999999,0.8660254037844387,0.0,0.0,0.0,15.9,32.225,100.0,99.0,3.225,6.017255,0.1,3.325,22.3333333,29.0,29.0,29.0,29.15,29.0,-16.3013333,0.0314814500000011,-0.1033333333333343,6.1353333333333335,5.988,22.31543208333333,6.140888888888891,5.7361174,5.7257423,5.728793,5.730623,5.7361174,0,0.0,0,1.0,-0.16,5.5,94.5
2023-01-18 02:30:00,205.240679111104,152.676114927778,152.696669672222,22.3333333,5.988,29.0,2,5.1764362714980825,70.66250196097344,2,2,1,0.4999999999999999,0.8660254037844387,0.9749279121818236,-0.2225209339563143,0.4999999999999999,0.8660254037844387,0.0,0.0,0.0,16.3,33.85,100.0,99.0,3.25,6.0273423,0.1,3.35,22.33888886,29.0,29.0,29.0,29.0,29.0,-16.3453333,0.0,-0.0439999999999987,6.031999999999999,5.96,22.322839483333336,6.05177777777778,5.7361174,5.7361174,5.7257423,5.728793,5.73795,0,0.0,0,1.0,-0.16,5.5,94.5
2023-01-18 02:45:00,204.705422738882,152.513621427778,152.53445396111,22.33888886,5.96,29.0,2,5.1764362714980825,70.66250196097344,2,2,1,0.4999999999999999,0.8660254037844387,0.9749279121818236,-0.2225209339563143,0.4999999999999999,0.8660254037844387,0.0,0.0,0.0,16.700000000000003,35.475,100.0,99.0,3.275,6.0374455,0.1,3.375,22.38518519333333,29.0,29.0,29.0,29.0,28.816666666666663,-16.37888886,0.0055555600000012,-0.0280000000000004,5.988,5.936666666666667,22.335185153333335,5.993333333333335,5.73795,5.7361174,5.7361174,5.7257423,5.716872,0,0.0,0,1.0,-0.16,5.5,94.5
2023-01-18 03:00:00,198.723717449998,152.270297827778,152.290852605554,22.38518519333333,5.936666666666667,28.816666666666663,2,5.1764362714980825,70.66250196097344,3,2,1,0.7071067811865476,0.7071067811865476,0.9749279121818236,-0.2225209339563143,0.4999999999999999,0.8660254037844387,0.0,0.0,0.0,17.1,37.1,100.0,99.0,3.3,6.047563,0.1,3.4,22.42777775,29.0,29.0,29.0,29.0,28.5,-16.448518526666664,0.0462963333333306,-0.0233333333333325,5.96,5.857333333333333,22.352469117777776,5.961555555555559,5.716872,5.73795,5.7361174,5.7361174,5.667906,0,0.0,0,1.0,-0.15,5.4,94.6
2023-01-18 03:15:00,189.832684255552,152.218911,152.238910249998,22.42777775,5.857333333333333,28.5,2,5.1764362714980825,70.66250196097344,3,2,1,0.7071067811865476,0.7071067811865476,0.9749279121818236,-0.2225209339563143,0.4999999999999999,0.8660254037844387,0.0,0.0,0.0,16.825000000000003,36.55,100.0,99.0,3.15,5.9870815,0.125,3.25,22.4444444,28.816666666666663,29.0,29.0,29.0,28.5,-16.570444416666668,0.0425925566666691,-0.0793333333333343,5.936666666666667,5.816666666666666,22.38395060111111,5.918000000000002,5.667906,5.716872,5.73795,5.7361174,5.673336,0,0.0,0,1.0,-0.14,5.4,94.6
2023-01-18 03:30:00,192.703402688888,152.216688855556,152.237243616666,22.4444444,5.816666666666666,28.5,2,5.1764362714980825,70.66250196097344,3,2,1,0.7071067811865476,0.7071067811865476,0.9749279121818236,-0.2225209339563143,0.4999999999999999,0.8660254037844387,0.0,0.0,0.0,16.55,36.0,100.0,99.0,3.0,5.927131,0.15,3.1,22.48333332,28.5,28.816666666666663,29.0,29.0,28.5,-16.627777733333332,0.0166666499999976,-0.0406666666666666,5.857333333333333,5.775333333333333,22.419135781111112,5.870222222222225,5.673336,5.667906,5.716872,5.73795,5.6860247,0,0.0,0,1.0,-0.13,5.4,94.6
2023-01-18 03:45:00,214.388090899996,152.2464099,152.266409149998,22.48333332,5.775333333333333,28.5,2,5.1764362714980825,70.66250196097344,3,2,1,0.7071067811865476,0.7071067811865476,0.9749279121818236,-0.2225209339563143,0.4999999999999999,0.8660254037844387,0.0,0.0,0.0,16.275,35.45,100.0,99.0,2.85,5.867707,0.175,2.95,22.5,28.5,28.5,28.816666666666663,29.0,28.5,-16.707999986666668,0.0388889200000015,-0.0413333333333332,5.816666666666666,5.664,22.45185182333333,5.816444444444446,5.6860247,5.673336,5.667906,5.716872,5.6914687,0,0.0,0,1.0,-0.12,5.3,94.7
2023-01-18 04:00:00,195.77827972222,152.075027872222,152.096415949998,22.5,5.664,28.5,2,5.1764362714980825,70.66250196097344,4,2,1,0.8660254037844386,0.5000000000000001,0.9749279121818236,-0.2225209339563143,0.4999999999999999,0.8660254037844387,0.0,0.0,0.0,16.0,34.9,100.0,99.0,2.7,5.8088055,0.2,2.8,22.53888892,28.5,28.5,28.5,28.816666666666663,28.5,-16.836,0.0166666800000001,-0.1113333333333335,5.775333333333333,5.541333333333333,22.475925906666664,5.752000000000002,5.6914687,5.6860247,5.673336,5.667906,5.704193,0,0.0,0,1.0,-0.12,5.3,94.7
2023-01-18 04:15:00,188.21747108333,152.552231,152.572785744444,22.53888892,5.541333333333333,28.5,2,5.1764362714980825,70.66250196097344,4,2,1,0.8660254037844386,0.5000000000000001,0.9749279121818236,-0.2225209339563143,0.4999999999999999,0.8660254037844387,0.0,0.0,0.0,16.0,34.45,100.0,98.25,2.575,5.764799,0.175,2.8,22.5555556,28.5,28.5,28.5,28.5,28.5,-16.997555586666664,0.0388889199999979,-0.1226666666666664,5.664,5.33,22.507407413333336,5.660222222222224,5.704193,5.6914687,5.6860247,5.673336,5.709653,0,0.0,0,1.0,-0.11,5.3,94.7
2023-01-18 04:30:00,198.86760047778,152.323351272222,152.343628244444,22.5555556,5.33,28.5,2,5.1764362714980825,70.66250196097344,4,2,1,0.8660254037844386,0.5000000000000001,0.9749279121818236,-0.2225209339563143,0.4999999999999999,0.8660254037844387,0.0,0.0,0.0,16.0,34.0,100.0,97.5,2.45,5.7207932,0.15,2.8,22.5555556,28.5,28.5,28.5,28.5,28.5,-17.2255556,0.0166666800000037,-0.2113333333333331,5.541333333333333,5.1933333333333325,22.531481506666665,5.51177777777778,5.709653,5.704193,5.6914687,5.6860247,5.709653,0,0.0,0,1.0,-0.11,5.2,94.8
2023-01-18 04:45:00,195.496902127774,152.064472744444,152.084194205554,22.5555556,5.1933333333333325,28.5,2,5.1764362714980825,70.66250196097344,4,2,1,0.8660254037844386,0.5000000000000001,0.9749279121818236,-0.2225209339563143,0.4999999999999999,0.8660254037844387,0.0,0.0,0.0,16.0,33.55,100.0,96.75,2.325,5.6767864,0.125,2.8,22.57592595,28.5,28.5,28.5,28.5,28.5,-17.36222226666667,0.0,-0.1366666666666676,5.33,5.137333333333333,22.55000004,5.35488888888889,5.709653,5.709653,5.704193,5.6914687,5.7163324,0,0.0,0,1.0,-0.11,5.2,94.8
2023-01-18 05:00:00,205.9684276,151.571159111112,151.591158344444,22.57592595,5.137333333333333,28.5,2,5.1764362714980825,70.66250196097344,5,2,1,0.9659258262890684,0.2588190451025207,0.9749279121818236,-0.2225209339563143,0.4999999999999999,0.8660254037844387,0.0,0.0,0.0,16.0,33.1,100.0,96.0,2.2,5.632781,0.1,2.8,22.60555555,28.5,28.5,28.5,28.5,28.15,-17.438592616666668,0.0203703500000003,-0.0559999999999991,5.1933333333333325,5.016,22.56234571666667,5.220222222222223,5.7163324,5.709653,5.709653,5.704193,5.6557393,0,0.0,0,1.0,-0.1,5.2,94.8
2023-01-18 05:15:00,178.555912994446,128.518192366668,128.535413944444,22.60555555,5.016,28.15,2,5.1764362714980825,70.66250196097344,5,2,1,0.9659258262890684,0.2588190451025207,0.9749279121818236,-0.2225209339563143,0.4999999999999999,0.8660254037844387,0.0,0.0,0.0,15.675,32.75,100.0,97.0,2.2,5.634252,0.125,2.65,22.41666670333333,28.5,28.5,28.5,28.5,28.183333333333334,-17.58955555,0.0296295999999998,-0.1213333333333333,5.137333333333333,4.839333333333333,22.57901236666667,5.115555555555557,5.6557393,5.7163324,5.709653,5.709653,5.601351,0,0.0,0,1.0,-0.1,5.2,94.8
2023-01-18 05:30:00,86.890413227774,51.455997244444,51.466274666664,22.41666670333333,4.839333333333333,28.183333333333334,1,5.1764362714980825,70.66250196097344,5,2,1,0.9659258262890684,0.2588190451025207,0.9749279121818236,-0.2225209339563143,0.4999999999999999,0.8660254037844387,0.0,0.0,0.0,15.35,32.4,100.0,98.0,2.2,5.6350527,0.15,2.5,21.97777779,28.15,28.5,28.5,28.5,28.85,-17.577333369999998,-0.1888888466666713,-0.1766666666666667,5.016,4.640666666666666,22.53271606777778,4.997555555555557,5.601351,5.6557393,5.7163324,5.709653,5.590807,0,0.0,1,1.0,-0.14,5.4,94.6
2023-01-18 05:45:00,172.13700316111,130.554777616666,130.571999211108,21.97777779,4.640666666666666,28.85,2,5.1764362714980825,70.66250196097344,5,2,1,0.9659258262890684,0.2588190451025207,0.9749279121818236,-0.2225209339563143,0.4999999999999999,0.8660254037844387,0.0,0.0,0.0,15.025,32.05,100.0,99.0,2.2,5.6351943,0.175,2.35,22.02222221,28.183333333333334,28.15,28.5,28.5,28.816666666666663,-17.337111123333337,-0.4388889133333293,-0.198666666666667,4.839333333333333,4.566,22.33333334777778,4.832000000000002,5.590807,5.601351,5.6557393,5.7163324,5.5986743,0,0.0,1,1.0,-0.24,6.2,93.8
2023-01-18 06:00:00,229.990799966668,190.491824455556,190.515434611112,22.02222221,4.566,28.816666666666663,2,5.1764362714980825,70.66250196097344,6,2,1,1.0,6.123233995736766e-17,0.9749279121818236,-0.2225209339563143,0.4999999999999999,0.8660254037844387,0.0,0.0,0.0,14.7,31.7,100.0,100.0,2.2,5.6346908,0.2,2.2,22.31666668,28.85,28.183333333333334,28.15,28.5,28.5,-17.45622221,0.0444444199999978,-0.0746666666666664,4.640666666666666,4.5280000000000005,22.138888901111116,4.682000000000001,5.5986743,5.590807,5.601351,5.6557393,5.6318192,0,0.0,0,1.0,-0.23,6.1,93.9
2023-01-18 06:15:00,182.376315805554,130.920596316666,130.938651211108,22.31666668,4.5280000000000005,28.5,2,5.1764362714980825,70.66250196097344,6,2,1,1.0,6.123233995736766e-17,0.9749279121818236,-0.2225209339563143,0.4999999999999999,0.8660254037844387,0.0,0.0,0.0,14.575,31.325,100.0,100.0,2.125,5.615663,0.175,2.1500000000000004,22.27592592,28.816666666666663,28.85,28.183333333333334,28.15,28.5,-17.78866668,0.2944444700000019,-0.0379999999999993,4.566,4.48,22.10555556,4.578222222222224,5.6318192,5.5986743,5.590807,5.601351,5.6186376,0,0.0,0,1.0,-0.16,5.6,94.4
2023-01-18 06:30:00,156.524294427774,96.153931488888,96.168930938886,22.27592592,4.48,28.5,2,5.1764362714980825,70.66250196097344,6,2,1,1.0,6.123233995736766e-17,0.9749279121818236,-0.2225209339563143,0.4999999999999999,0.8660254037844387,0.0,0.0,0.0,14.45,30.95,100.0,100.0,2.05,5.59669,0.15,2.1,22.0388889,28.5,28.816666666666663,28.85,28.183333333333334,28.55,-17.795925920000002,-0.0407407599999984,-0.048,4.5280000000000005,4.452,22.204938270000003,4.524666666666668,5.6186376,5.6318192,5.5986743,5.590807,5.5521955,0,0.0,0,1.0,-0.17,5.6,94.4
2023-01-18 06:45:00,139.687745500004,102.267575783334,102.283408549998,22.0388889,4.452,28.55,2,5.1764362714980825,70.66250196097344,6,2,1,1.0,6.123233995736766e-17,0.9749279121818236,-0.2225209339563143,0.4999999999999999,0.8660254037844387,0.0,0.0,0.0,14.325,30.575,100.0,100.0,1.975,5.577774,0.125,2.05,21.896296306666667,28.5,28.5,28.816666666666663,28.85,28.78333333333333,-17.586888899999998,-0.2370370200000024,-0.0280000000000004,4.48,4.372,22.21049383333333,4.486666666666669,5.5521955,5.6186376,5.6318192,5.5986743,5.551733,0,0.0,0,1.0,-0.23,6.1,93.9
2023-01-18 07:00:00,164.439533305554,129.008450555556,129.02761652222,21.896296306666667,4.372,28.78333333333333,2,5.1764362714980825,70.66250196097344,7,2,1,0.9659258262890684,-0.2588190451025206,0.9749279121818236,-0.2225209339563143,0.4999999999999999,0.8660254037844387,0.0,0.0,0.0,14.2,30.2,100.0,100.0,1.9,5.558914,0.1,2.0,21.93333331,28.55,28.5,28.5,28.816666666666663,28.5,-17.524296306666667,-0.1425925933333331,-0.08,4.452,4.226666666666667,22.07037037555556,4.4346666666666685,5.551733,5.5521955,5.6186376,5.6318192,5.5088434,0,0.0,0,1.0,-0.26,6.4,93.6
2023-01-18 07:15:00,172.945859705554,126.771040088888,126.788539455552,21.93333331,4.226666666666667,28.5,2,5.1764362714980825,70.66250196097344,7,2,1,0.9659258262890684,-0.2588190451025206,0.9749279121818236,-0.2225209339563143,0.4999999999999999,0.8660254037844387,0.0,0.0,0.0,14.075,30.3,100.0,100.0,2.0,5.5872245,0.1,2.075,21.996296293333334,28.78333333333333,28.55,28.5,28.5,28.5,-17.706666643333335,0.0370370033333351,-0.1453333333333333,4.372,4.128666666666667,21.95617283888889,4.350222222222224,5.5088434,5.551733,5.5521955,5.6186376,5.5288806,0,0.0,0,1.0,-0.25,6.3,93.7
2023-01-18 07:30:00,168.4365956,126.462719072222,126.481051705554,21.996296293333334,4.128666666666667,28.5,2,5.1764362714980825,70.66250196097344,7,2,1,0.9659258262890684,-0.2588190451025206,0.9749279121818236,-0.2225209339563143,0.4999999999999999,0.8660254037844387,0.0,0.0,0.0,13.95,30.4,100.0,100.0,2.1,5.615663,0.1,2.15,22.03333336,28.5,28.78333333333333,28.55,28.5,28.5,-17.867629626666666,0.0629629833333318,-0.0979999999999998,4.226666666666667,4.06,21.941975303333336,4.242444444444446,5.5288806,5.5088434,5.551733,5.5521955,5.540697,0,0.0,0,1.0,-0.24,6.2,93.8
2023-01-18 07:45:00,179.295605738886,126.495495527778,126.514383772218,22.03333336,4.06,28.5,2,5.1764362714980825,70.66250196097344,7,2,1,0.9659258262890684,-0.2588190451025206,0.9749279121818236,-0.2225209339563143,0.4999999999999999,0.8660254037844387,0.0,0.0,0.0,13.825,30.5,100.0,100.0,2.2,5.6442266,0.1,2.225,22.024074093333336,28.5,28.5,28.78333333333333,28.55,28.5,-17.973333359999998,0.037037066666663,-0.0686666666666671,4.128666666666667,4.036,21.98765432111111,4.138444444444446,5.540697,5.5288806,5.5088434,5.551733,5.5377417,0,0.0,0,1.0,-0.23,6.1,93.9
2023-01-18 08:00:00,182.542142588884,126.775762083334,126.794928066664,22.024074093333336,4.036,28.5,2,5.1764362714980825,70.66250196097344,8,2,1,0.8660254037844387,-0.4999999999999998,0.9749279121818236,-0.2225209339563143,0.4999999999999999,0.8660254037844387,0.0,0.0,0.0,13.7,30.6,100.0,100.0,2.3,5.6729183,0.1,2.3,22.0555556,28.5,28.5,28.5,28.78333333333333,28.5,-17.98807409333334,-0.0092592666666604,-0.024,4.06,4.028,22.01790124888889,4.07488888888889,5.5377417,5.540697,5.5288806,5.5088434,5.5477996,0,0.0,0,1.0,-0.23,6.1,93.9
2023-01-18 08:15:00,156.21236225556,120.842943855556,120.860720994442,22.0555556,4.028,28.5,2,5.1764362714980825,70.66250196097344,8,2,1,0.8660254037844387,-0.4999999999999998,0.9749279121818236,-0.2225209339563143,0.4999999999999999,0.8660254037844387,0.25,0.0625,0.0208333333333333,14.0,30.5,100.0,100.0,2.325,5.6825094,0.125,2.325,22.03518521333333,28.5,28.5,28.5,28.5,28.5,-18.027555600000003,0.0314815066666653,-0.008,4.036,3.972,22.037654351111115,4.041333333333334,5.5477996,5.5377417,5.540697,5.5288806,5.541289,0,0.0,0,1.0,-0.22,6.0,94.0
2023-01-18 08:30:00,146.002770788888,104.454155016666,104.470265538886,22.03518521333333,3.972,28.5,2,5.1764362714980825,70.66250196097344,8,2,1,0.8660254037844387,-0.4999999999999998,0.9749279121818236,-0.2225209339563143,0.4999999999999999,0.8660254037844387,0.5,0.1875,0.0625,14.3,30.4,100.0,100.0,2.35,5.6921153,0.15,2.35,21.90000001,28.5,28.5,28.5,28.5,28.55,-18.06318521333333,-0.02037038666667,-0.0559999999999996,4.028,3.941333333333333,22.03827163555556,4.012000000000001,5.541289,5.5477996,5.5377417,5.540697,5.5079064,0,0.0,0,1.0,-0.23,6.1,93.9
2023-01-18 08:45:00,167.94967064444398,110.0489312,110.063097333332,21.90000001,3.941333333333333,28.55,2,5.1764362714980825,70.66250196097344,8,2,1,0.8660254037844387,-0.4999999999999998,0.9749279121818236,-0.2225209339563143,0.4999999999999999,0.8660254037844387,0.75,0.375,0.125,14.6,30.3,100.0,100.0,2.375,5.7017365,0.175,2.375,21.68148151333333,28.5,28.5,28.5,28.5,28.966666666666665,-17.958666676666667,-0.1351852033333322,-0.0306666666666668,3.972,3.976,21.99691360777778,3.980444444444446,5.5079064,5.541289,5.5477996,5.5377417,5.518218,0,0.0,0,1.0,-0.26,6.4,93.6
2023-01-18 09:00:00,587.828430405554,183.939031027778,183.965141149998,21.68148151333333,3.976,28.966666666666665,2,5.1764362714980825,70.66250196097344,9,2,1,0.7071067811865476,-0.7071067811865475,0.9749279121818236,-0.2225209339563143,0.4999999999999999,0.8660254037844387,1.0,0.625,0.2083333333333333,14.9,30.2,100.0,100.0,2.4,5.7113724,0.2,2.4,21.83333335,28.55,28.5,28.5,28.5,29.0,-17.705481513333332,-0.2185184966666682,0.0346666666666668,3.941333333333333,3.988,21.87222224555555,3.963111111111113,5.518218,5.5079064,5.541289,5.5477996,5.573237,0,0.0,0,1.0,-0.31,7.0,93.0
2023-01-18 09:15:00,278.215815472218,215.241389966668,215.268888916666,21.83333335,3.988,29.0,2,5.1764362714980825,70.66250196097344,9,2,1,0.7071067811865476,-0.7071067811865475,0.9749279121818236,-0.2225209339563143,0.4999999999999999,0.8660254037844387,3.75,1.5,0.5208333333333334,15.025,30.75,100.0,100.0,2.4,5.721021,0.2,2.425,22.053703716666668,28.966666666666665,28.55,28.5,28.5,29.0,-17.845333349999997,0.1518518366666654,0.012,3.976,4.0,21.80493829111111,3.968444444444446,5.573237,5.518218,5.5079064,5.541289,5.644524,0,0.0,0,1.0,-0.27,6.6,93.4
2023-01-18 09:30:00,305.14696038333,245.50740156111,245.53601158333,22.053703716666668,4.0,29.0,2,5.1764362714980825,70.66250196097344,9,2,1,0.7071067811865476,-0.7071067811865475,0.9749279121818236,-0.2225209339563143,0.4999999999999999,0.8660254037844387,6.5,3.0,1.0625,15.15,31.3,100.0,100.0,2.4,5.7306843,0.2,2.45,22.28333332,29.0,28.966666666666665,28.55,28.5,29.0,-18.053703716666668,0.2203703666666712,0.012,3.988,4.088,21.85617286,3.9880000000000018,5.644524,5.573237,5.518218,5.5079064,5.7196474,0,0.0,0,1.0,-0.22,6.0,94.0
2023-01-18 09:45:00,264.900792344448,222.82219783889,222.851085633332,22.28333332,4.088,29.0,2,5.1764362714980825,70.66250196097344,9,2,1,0.7071067811865476,-0.7071067811865475,0.9749279121818236,-0.2225209339563143,0.4999999999999999,0.8660254037844387,9.25,5.125,1.8333333333333333,15.275,31.85,100.0,100.0,2.4,5.7403617,0.2,2.475,22.3333333,29.0,29.0,28.966666666666665,28.55,29.0,-18.19533332,0.2296296033333327,0.088,4.0,4.222666666666666,22.05679012888889,4.025333333333335,5.7196474,5.644524,5.573237,5.518218,5.7361174,0,0.0,0,1.0,-0.17,5.6,94.4
2023-01-18 10:00:00,271.982731405554,214.302260916666,214.32920432222,22.3333333,4.222666666666666,29.0,2,5.1764362714980825,70.66250196097344,10,2,1,0.4999999999999999,-0.8660254037844387,0.9749279121818236,-0.2225209339563143,0.4999999999999999,0.8660254037844387,12.0,7.875,2.833333333333333,15.4,32.4,100.0,100.0,2.4,5.7500534,0.2,2.5,22.29444445,29.0,29.0,29.0,28.966666666666665,28.95,-18.11066663333333,0.049999979999999,0.134666666666666,4.088,4.332,22.22345677888889,4.103555555555557,5.7361174,5.7196474,5.644524,5.573237,5.713436,0,0.0,0,1.0,-0.16,5.5,94.5
2023-01-18 10:15:00,267.94150416111,212.209844583334,212.236510216666,22.29444445,4.332,28.95,2,5.1764362714980825,70.66250196097344,10,2,1,0.4999999999999999,-0.8660254037844387,0.9749279121818236,-0.2225209339563143,0.4999999999999999,0.8660254037844387,16.5,11.0625,4.208333333333333,15.65,32.575,100.0,99.0,2.375,5.7310753,0.175,2.6,22.257407413333333,29.0,29.0,29.0,29.0,28.53333333333333,-17.96244445,-0.0388888499999993,0.1093333333333337,4.222666666666666,4.387333333333333,22.303703690000003,4.214222222222223,5.713436,5.7361174,5.7196474,5.644524,5.6192193,0,0.0,0,1.0,-0.17,5.6,94.4
2023-01-18 10:30:00,284.71999966111,236.205551383334,236.235827972222,22.257407413333333,4.387333333333333,28.53333333333333,2,5.1764362714980825,70.66250196097344,10,2,1,0.4999999999999999,-0.8660254037844387,0.9749279121818236,-0.2225209339563143,0.4999999999999999,0.8660254037844387,21.0,14.6875,5.958333333333333,15.9,32.75,100.0,98.0,2.35,5.7115445,0.15,2.7,22.30555553,28.95,29.0,29.0,29.0,28.5,-17.87007408,-0.0370370366666676,0.0553333333333334,4.332,4.186,22.295061721111114,4.314000000000001,5.6192193,5.713436,5.7361174,5.7196474,5.628222,0,0.0,0,1.0,-0.18,5.7,94.3
2023-01-18 10:45:00,303.615910427778,252.8873841,252.917382933332,22.30555553,4.186,28.5,2,5.1764362714980825,70.66250196097344,10,2,1,0.4999999999999999,-0.8660254037844387,0.9749279121818236,-0.2225209339563143,0.4999999999999999,0.8660254037844387,25.5,18.75,8.083333333333334,16.15,32.925,100.0,97.0,2.325,5.691456,0.125,2.8,22.262962965,28.53333333333333,28.95,29.0,29.0,28.591666666666665,-18.11955553,0.0481481166666668,-0.2013333333333333,4.387333333333333,4.13,22.285802464444444,4.30177777777778,5.628222,5.6192193,5.713436,5.7361174,5.632507,0,0.0,0,1.0,-0.17,5.6,94.4
2023-01-18 11:00:00,165.097840355552,125.028609788888,125.04666468333,22.262962965,4.13,28.591666666666665,2,5.1764362714980825,70.66250196097344,11,2,1,0.258819045102521,-0.9659258262890682,0.9749279121818236,-0.2225209339563143,0.4999999999999999,0.8660254037844387,30.0,23.25,10.583333333333334,16.4,33.1,100.0,96.0,2.3,5.670802,0.1,2.9,21.794444425,28.5,28.53333333333333,28.95,29.0,28.975,-18.132962965,-0.0425925649999996,-0.056,4.186,4.184666666666667,22.27530863611111,4.234444444444446,5.632507,5.628222,5.6192193,5.713436,5.5559454,0,0.0,0,1.0,-0.18,5.6,94.4
2023-01-18 11:15:00,189.5157524,131.663344372222,131.682232533332,21.794444425,4.184666666666667,28.975,2,5.1764362714980825,70.66250196097344,11,2,1,0.258819045102521,-0.9659258262890682,0.9749279121818236,-0.2225209339563143,0.4999999999999999,0.8660254037844387,34.0,27.625,13.395833333333334,16.474999999999998,33.475,100.0,96.0,2.35,5.689897,0.1,2.95,21.54444443,28.591666666666665,28.5,28.53333333333333,28.95,29.466666666666665,-17.60977775833333,-0.4685185400000016,0.0546666666666668,4.13,4.28,22.12098764,4.166888888888891,5.5559454,5.632507,5.628222,5.6192193,5.5691648,0,0.0,0,1.0,-0.28,6.7,93.3
2023-01-18 11:30:00,297.744201038882,236.665810772222,236.697198449998,21.54444443,4.28,29.466666666666665,2,5.1764362714980825,70.66250196097344,11,2,1,0.258819045102521,-0.9659258262890682,0.9749279121818236,-0.2225209339563143,0.4999999999999999,0.8660254037844387,38.0,31.875,16.520833333333332,16.549999999999997,33.85,100.0,96.0,2.4,5.7090487,0.1,3.0,21.88333332,28.975,28.591666666666665,28.5,28.53333333333333,29.1,-17.264444429999998,-0.2499999949999996,0.0953333333333334,4.184666666666667,4.326666666666667,21.86728394,4.198222222222224,5.5691648,5.5559454,5.632507,5.628222,5.608616,0,0.0,0,1.0,-0.34,7.4,92.6
2023-01-18 11:45:00,312.899705794442,272.706869072222,272.74270093889,21.88333332,4.326666666666667,29.1,2,5.1764362714980825,70.66250196097344,11,2,1,0.258819045102521,-0.9659258262890682,0.9749279121818236,-0.2225209339563143,0.4999999999999999,0.8660254037844387,42.0,36.0,19.95833333333333,16.625,34.225,100.0,96.0,2.45,5.728256,0.1,3.05,22.192592616666666,29.466666666666665,28.975,28.591666666666665,28.5,28.53333333333333,-17.556666653333334,0.3388888900000033,0.0466666666666668,4.28,4.319999999999999,21.740740725,4.26377777777778,5.608616,5.5691648,5.5559454,5.632507,5.598298,0,0.0,0,1.0,-0.26,6.4,93.6
2023-01-18 12:00:00,301.749596316662,256.263082416666,256.297525472222,22.192592616666666,4.319999999999999,28.53333333333333,2,5.1764362714980825,70.66250196097344,12,2,1,1.2246467991473532e-16,-1.0,0.9749279121818236,-0.2225209339563143,0.4999999999999999,0.8660254037844387,46.0,40.0,23.70833333333333,16.7,34.6,100.0,96.0,2.5,5.747521,0.1,3.1,22.36666668,29.1,29.466666666666665,28.975,28.591666666666665,28.45,-17.872592616666665,0.3092592966666636,-0.0066666666666677,4.326666666666667,4.39,21.873456788888888,4.30888888888889,5.598298,5.608616,5.5691648,5.5559454,5.6381245,0,0.0,0,1.0,-0.19,5.8,94.2
2023-01-18 12:15:00,308.417662816666,254.4014902,254.434822233332,22.36666668,4.39,28.45,2,5.1764362714980825,70.66250196097344,12,2,1,1.2246467991473532e-16,-1.0,0.9749279121818236,-0.2225209339563143,0.4999999999999999,0.8660254037844387,46.5,43.125,27.27083333333333,16.575,34.6,100.0,95.75,2.5,5.7421823,0.1,3.125,22.49259259333333,28.53333333333333,29.1,29.466666666666665,28.975,28.03333333333333,-17.976666679999997,0.1740740633333324,0.0700000000000002,4.319999999999999,4.472,22.147530872222223,4.345555555555557,5.6381245,5.598298,5.608616,5.5691648,5.595894,0,0.0,0,1.0,-0.15,5.5,94.5
2023-01-18 12:30:00,289.884515372218,234.318682444444,234.348681294442,22.49259259333333,4.472,28.03333333333333,2,5.1764362714980825,70.66250196097344,12,2,1,1.2246467991473532e-16,-1.0,0.9749279121818236,-0.2225209339563143,0.4999999999999999,0.8660254037844387,47.0,45.375,30.64583333333333,16.45,34.6,100.0,95.5,2.5,5.7368064,0.1,3.1500000000000004,22.50555556,28.45,28.53333333333333,29.1,29.466666666666665,28.0,-18.020592593333333,0.125925913333333,0.0819999999999998,4.39,4.484,22.350617296666663,4.394000000000001,5.595894,5.6381245,5.598298,5.608616,5.593404,0,0.0,0,1.0,-0.13,5.3,94.7
2023-01-18 12:45:00,290.130061149994,238.545180027778,238.574067838886,22.50555556,4.484,28.0,2,5.1764362714980825,70.66250196097344,12,2,1,1.2246467991473532e-16,-1.0,0.9749279121818236,-0.2225209339563143,0.4999999999999999,0.8660254037844387,47.5,46.75,33.833333333333336,16.325,34.6,100.0,95.25,2.5,5.7313952,0.1,3.1750000000000003,22.53148150666667,28.03333333333333,28.45,28.53333333333333,29.1,28.0,-18.021555560000003,0.0129629666666701,0.0120000000000004,4.472,4.476,22.45493827777778,4.448666666666668,5.593404,5.595894,5.6381245,5.598298,5.601734,0,0.0,0,1.0,-0.12,5.3,94.7
2023-01-18 13:00:00,285.812178288884,243.204160327778,243.234159194442,22.53148150666667,4.476,28.0,2,5.1764362714980825,70.66250196097344,13,2,1,-0.2588190451025208,-0.9659258262890684,0.9749279121818236,-0.2225209339563143,0.4999999999999999,0.8660254037844387,48.0,47.25,36.833333333333336,16.2,34.6,100.0,95.0,2.5,5.725946,0.1,3.2,22.4222222,28.0,28.03333333333333,28.45,28.53333333333333,28.05,-18.05548150666667,0.0259259466666677,-0.008,4.484,4.426666666666667,22.50987655333334,4.477333333333335,5.601734,5.593404,5.595894,5.6381245,5.576632,0,0.0,0,1.0,-0.12,5.3,94.7
2023-01-18 13:15:00,162.319895894442,122.390104183334,122.407881255556,22.4222222,4.426666666666667,28.05,2,5.1764362714980825,70.66250196097344,13,2,1,-0.2588190451025208,-0.9659258262890684,0.9749279121818236,-0.2225209339563143,0.4999999999999999,0.8660254037844387,47.0,47.375,39.375,16.3,34.5,100.0,95.0,2.5,5.725946,0.1,3.2,21.938888923333334,28.0,28.0,28.03333333333333,28.45,28.65,-17.995555533333334,-0.1092593066666687,-0.0493333333333332,4.476,4.3853333333333335,22.48641975555556,4.462222222222223,5.576632,5.601734,5.593404,5.595894,5.539612,0,0.0,0,1.0,-0.14,5.4,94.6
2023-01-18 13:30:00,191.696498549998,128.025989855556,128.043211449998,21.938888923333334,4.3853333333333335,28.65,2,5.1764362714980825,70.66250196097344,13,2,1,-0.2588190451025208,-0.9659258262890684,0.9749279121818236,-0.2225209339563143,0.4999999999999999,0.8660254037844387,46.0,47.125,41.458333333333336,16.4,34.400000000000006,100.0,95.0,2.5,5.725946,0.1,3.2,21.64444445,28.05,28.0,28.0,28.03333333333333,29.0,-17.553555590000002,-0.4833332766666665,-0.0413333333333332,4.426666666666667,4.371333333333334,22.29753087666667,4.429333333333336,5.539612,5.576632,5.601734,5.593404,5.5127525,0,0.0,0,1.0,-0.25,6.3,93.7
2023-01-18 13:45:00,246.397643650002,191.087078427778,191.1115219,21.64444445,4.371333333333334,29.0,2,5.1764362714980825,70.66250196097344,13,2,1,-0.2588190451025208,-0.9659258262890684,0.9749279121818236,-0.2225209339563143,0.4999999999999999,0.8660254037844387,45.0,46.5,43.083333333333336,16.5,34.300000000000004,100.0,95.0,2.5,5.725946,0.1,3.2,21.82777777333333,28.65,28.05,28.0,28.0,29.0,-17.273111116666662,-0.2944444733333355,-0.0139999999999993,4.3853333333333335,4.37,22.00185185777778,4.394444444444447,5.5127525,5.539612,5.576632,5.601734,5.571449,0,0.0,0,1.0,-0.32,7.1,92.9
2023-01-18 14:00:00,266.504339433332,226.303725255556,226.332057505554,21.82777777333333,4.37,29.0,2,5.1764362714980825,70.66250196097344,14,2,1,-0.4999999999999997,-0.8660254037844388,0.9749279121818236,-0.2225209339563143,0.4999999999999999,0.8660254037844387,44.0,45.5,44.25,16.6,34.2,100.0,95.0,2.5,5.725946,0.1,3.2,22.07777776,29.0,28.65,28.05,28.0,28.65,-17.45777777333333,0.1833333233333327,-0.001333333333334,4.371333333333334,4.42,21.803703715555557,4.375555555555558,5.571449,5.5127525,5.539612,5.576632,5.584142,0,0.0,0,1.0,-0.27,6.6,93.4
2023-01-18 14:15:00,303.052877499996,252.410458727778,252.440457577776,22.07777776,4.42,28.65,2,5.1764362714980825,70.66250196097344,14,2,1,-0.4999999999999997,-0.8660254037844388,0.9749279121818236,-0.2225209339563143,0.4999999999999999,0.8660254037844387,45.75,45.1875,45.22916666666666,16.425,34.2,100.0,95.0,2.525,5.7355556,0.1,3.225,22.287037036666668,29.0,29.0,28.65,28.05,28.5,-17.657777760000002,0.2499999866666691,0.0499999999999998,4.37,4.393333333333333,21.849999994444445,4.387111111111113,5.584142,5.571449,5.5127525,5.539612,5.6222296,0,0.0,0,1.0,-0.22,6.0,94.0
2023-01-18 14:30:00,265.911029733336,225.883186544444,225.912074305554,22.287037036666668,4.393333333333333,28.5,2,5.1764362714980825,70.66250196097344,14,2,1,-0.4999999999999997,-0.8660254037844388,0.9749279121818236,-0.2225209339563143,0.4999999999999999,0.8660254037844387,47.5,45.5625,46.020833333333336,16.25,34.2,100.0,95.0,2.55,5.745179,0.1,3.25,22.37222222,28.65,29.0,29.0,28.65,28.15,-17.893703703333337,0.2092592766666676,-0.0266666666666672,4.42,4.476666666666668,22.06419752333333,4.394444444444447,5.6222296,5.584142,5.571449,5.5127525,5.5804534,0,0.0,0,1.0,-0.17,5.6,94.4
2023-01-18 14:45:00,274.590682666664,214.724744,214.751409633332,22.37222222,4.476666666666668,28.15,2,5.1764362714980825,70.66250196097344,14,2,1,-0.4999999999999997,-0.8660254037844388,0.9749279121818236,-0.2225209339563143,0.4999999999999999,0.8660254037844387,49.25,46.625,46.625,16.075,34.2,100.0,95.0,2.575,5.7548165,0.1,3.275,22.40925925,28.5,28.65,29.0,29.0,28.0,-17.895555553333335,0.0851851833333334,0.0833333333333348,4.393333333333333,4.576666666666666,22.24567900555556,4.430000000000002,5.5804534,5.6222296,5.584142,5.571449,5.562546,0,0.0,0,1.0,-0.15,5.5,94.5
2023-01-18 15:00:00,273.5357248,212.798709911112,212.825097772222,22.40925925,4.576666666666666,28.0,2,5.1764362714980825,70.66250196097344,15,2,1,-0.7071067811865471,-0.7071067811865479,0.9749279121818236,-0.2225209339563143,0.4999999999999999,0.8660254037844387,51.0,48.375,47.04166666666666,15.9,34.2,100.0,95.0,2.6,5.7644687,0.1,3.3,22.4444444,28.15,28.5,28.65,29.0,28.0,-17.83259258333333,0.0370370299999969,0.0999999999999987,4.476666666666668,4.652,22.356172835555554,4.482222222222224,5.562546,5.5804534,5.6222296,5.584142,5.573804,0,0.0,0,1.0,-0.15,5.4,94.6
2023-01-18 15:15:00,250.457481283334,210.419360655556,210.446581833332,22.4444444,4.652,28.0,2,5.1764362714980825,70.66250196097344,15,2,1,-0.7071067811865471,-0.7071067811865479,0.9749279121818236,-0.2225209339563143,0.4999999999999999,0.8660254037844387,46.5,48.5625,47.04166666666666,15.75,34.025000000000006,100.0,95.25,2.575,5.7602987,0.075,3.25,22.42407405,28.0,28.15,28.5,28.65,28.0,-17.792444399999997,0.0351851500000002,0.0753333333333339,4.576666666666666,4.5906666666666665,22.408641956666667,4.568444444444446,5.573804,5.562546,5.5804534,5.6222296,5.567284,0,0.0,0,1.0,-0.14,5.4,94.6
2023-01-18 15:30:00,486.846914311108,208.054733027778,208.08056536111,22.42407405,4.5906666666666665,28.0,2,5.1764362714980825,70.66250196097344,15,2,1,-0.7071067811865471,-0.7071067811865479,0.9749279121818236,-0.2225209339563143,0.4999999999999999,0.8660254037844387,42.0,47.1875,46.625,15.6,33.85,100.0,95.5,2.55,5.7560825,0.05,3.2,22.38333334,28.0,28.0,28.15,28.5,28.4,-17.83340738333333,-0.0203703500000003,-0.0613333333333336,4.652,4.402,22.4259259,4.606444444444446,5.567284,5.573804,5.562546,5.5804534,5.633611,0,0.0,0,1.0,-0.14,5.4,94.6
2023-01-18 15:45:00,1121.732351277772,190.231279327778,190.264055833332,22.38333334,4.402,28.4,2,5.1764362714980825,70.66250196097344,15,2,1,-0.7071067811865471,-0.7071067811865479,0.9749279121818236,-0.2225209339563143,0.4999999999999999,0.8660254037844387,37.5,44.25,45.79166666666666,15.45,33.675,100.0,95.75,2.525,5.7518244,0.0249999999999999,3.15,22.214814796666666,28.0,28.0,28.0,28.15,29.15,-17.98133334,-0.0407407099999979,-0.1886666666666663,4.5906666666666665,4.319999999999999,22.41728393,4.548222222222224,5.633611,5.567284,5.573804,5.562546,5.7266107,0,0.0,0,1.0,-0.15,5.5,94.5
2023-01-18 16:00:00,174.109702016666,108.488715811112,108.5198257,22.214814796666666,4.319999999999999,29.15,2,5.1764362714980825,70.66250196097344,16,2,1,-0.8660254037844385,-0.5000000000000004,0.9749279121818236,-0.2225209339563143,0.4999999999999999,0.8660254037844387,33.0,39.75,44.54166666666666,15.3,33.5,100.0,96.0,2.5,5.747521,0.0,3.1,21.74444444,28.4,28.0,28.0,28.0,30.65,-17.894814796666665,-0.1685185433333345,-0.0820000000000007,4.402,4.26,22.34074072888889,4.437555555555558,5.7266107,5.633611,5.567284,5.573804,5.860177,0,0.0,0,1.0,-0.18,5.7,94.3
2023-01-18 16:15:00,248.68727444444,173.331677572222,173.363065216666,21.74444444,4.26,30.65,2,5.1764362714980825,70.66250196097344,16,2,1,-0.8660254037844385,-0.5000000000000004,0.9749279121818236,-0.2225209339563143,0.4999999999999999,0.8660254037844387,29.0,35.375,43.04166666666666,15.625,33.575,100.0,95.75,2.45,5.722939,0.0,3.075,21.84814816,29.15,28.4,28.0,28.0,31.933333333333334,-17.484444439999997,-0.4703703566666668,-0.0599999999999996,4.319999999999999,4.144666666666667,22.114197525555557,4.327333333333335,5.860177,5.7266107,5.633611,5.567284,6.1422167,0,0.0,0,1.0,-0.28,6.7,93.3
2023-01-18 16:30:00,276.155064488888,216.142187333332,216.17663042222,21.84814816,4.144666666666667,31.933333333333334,2,5.1764362714980825,70.66250196097344,16,2,1,-0.8660254037844385,-0.5000000000000004,0.9749279121818236,-0.2225209339563143,0.4999999999999999,0.8660254037844387,25.0,31.125,41.29166666666666,15.95,33.65,100.0,95.5,2.4,5.6984215,0.0,3.05,22.21111112,30.65,29.15,28.4,28.0,31.95,-17.703481493333335,0.1037037200000021,-0.115333333333333,4.26,4.128,21.93580246555556,4.241555555555557,6.1422167,5.860177,5.7266107,5.633611,6.2753415,0,0.0,0,1.0,-0.25,6.3,93.7
2023-01-18 16:45:00,288.528458516662,234.615892772222,234.653946833332,22.21111112,4.128,31.95,2,5.1764362714980825,70.66250196097344,16,2,1,-0.8660254037844385,-0.5000000000000004,0.9749279121818236,-0.2225209339563143,0.4999999999999999,0.8660254037844387,21.0,27.0,39.29166666666666,16.275000000000002,33.724999999999994,100.0,95.25,2.35,5.6739693,0.0,3.025,22.45370368,31.933333333333334,30.65,29.15,28.4,31.35,-18.08311112,0.3629629600000008,-0.0166666666666666,4.144666666666667,4.053999999999999,21.93456790666667,4.177555555555557,6.2753415,6.1422167,5.860177,5.7266107,6.24399,0,0.0,0,1.0,-0.17,5.6,94.4
2023-01-18 17:00:00,276.64587822222,213.822002344444,213.855334394442,22.45370368,4.053999999999999,31.35,2,5.1764362714980825,70.66250196097344,17,2,1,-0.9659258262890684,-0.2588190451025206,0.9749279121818236,-0.2225209339563143,0.4999999999999999,0.8660254037844387,17.0,23.0,37.04166666666666,16.6,33.8,100.0,95.0,2.3,5.64958,0.0,3.0,22.57777777,31.95,31.933333333333334,30.65,29.15,30.65,-18.39970368,0.2425925599999985,-0.0740000000000007,4.128,4.166,22.170987653333334,4.108888888888891,6.24399,6.2753415,6.1422167,5.860177,6.1482162,0,0.0,0,1.0,-0.11,5.3,94.7
2023-01-18 17:15:00,264.86329387778,212.169846183334,212.203733744444,22.57777777,4.166,30.65,2,5.1764362714980825,70.66250196097344,17,2,1,-0.9659258262890684,-0.2588190451025206,0.9749279121818236,-0.2225209339563143,0.4999999999999999,0.8660254037844387,14.0,19.25,34.395833333333336,16.325000000000003,33.8,100.0,94.5,2.225,5.619845,0.025,3.0,22.631481486666665,31.35,31.95,31.933333333333334,30.65,30.316666666666663,-18.41177777,0.1240740900000005,0.1120000000000009,4.053999999999999,4.193333333333333,22.41419752333333,4.116000000000002,6.1482162,6.24399,6.2753415,6.1422167,6.1001225,0,0.0,0,1.0,-0.09,5.2,94.8
2023-01-18 17:30:00,279.901025811108,209.113024027778,209.146911572222,22.631481486666665,4.193333333333333,30.316666666666663,2,5.1764362714980825,70.66250196097344,17,2,1,-0.9659258262890684,-0.2588190451025206,0.9749279121818236,-0.2225209339563143,0.4999999999999999,0.8660254037844387,11.0,15.75,31.354166666666668,16.05,33.8,100.0,94.0,2.15,5.5901103,0.05,3.0,22.65555559,30.65,31.35,31.95,31.933333333333334,30.0,-18.43814815333333,0.0537037166666642,0.0273333333333329,4.166,4.18,22.55432097888889,4.137777777777779,6.1001225,6.1482162,6.24399,6.2753415,6.0447464,0,0.0,0,1.0,-0.08,5.1,94.9
2023-01-18 17:45:00,265.068841355552,187.440835433332,187.473056411108,22.65555559,4.18,30.0,2,5.1764362714980825,70.66250196097344,17,2,1,-0.9659258262890684,-0.2588190451025206,0.9749279121818236,-0.2225209339563143,0.4999999999999999,0.8660254037844387,8.0,12.5,27.916666666666668,15.775,33.8,100.0,93.5,2.075,5.560376,0.075,3.0,22.44074076,30.316666666666663,30.65,31.35,31.95,30.0,-18.475555590000003,0.0240741033333371,-0.0133333333333336,4.193333333333333,4.221333333333333,22.62160494888889,4.17977777777778,6.0447464,6.1001225,6.1482162,6.24399,5.9706626,0,0.0,0,1.0,-0.07,5.1,94.9
2023-01-18 18:00:00,156.947055166668,103.343643872222,103.367254044444,22.44074076,4.221333333333333,30.0,2,5.1764362714980825,70.66250196097344,18,2,1,-1.0,-1.8369701987210294e-16,0.9749279121818236,-0.2225209339563143,0.4999999999999999,0.8660254037844387,5.0,9.5,24.08333333333333,15.5,33.8,100.0,93.0,2.0,5.5306416,0.1,3.0,21.94444442,30.0,30.316666666666663,30.65,31.35,30.35,-18.219407426666667,-0.2148148300000016,0.0413333333333332,4.18,4.306666666666668,22.57592594555556,4.198222222222224,5.9706626,6.0447464,6.1001225,6.1482162,5.870194,0,0.0,0,1.0,-0.13,5.3,94.7
2023-01-18 18:15:00,489.35820272222,134.9629346,134.989600216666,21.94444442,4.306666666666668,30.35,2,5.1764362714980825,70.66250196097344,18,2,1,-1.0,-1.8369701987210294e-16,0.9749279121818236,-0.2225209339563143,0.4999999999999999,0.8660254037844387,3.75,6.9375,20.52083333333333,15.35,33.175,100.0,93.0,1.95,5.5120883,0.075,2.95,21.86296297333333,30.0,30.0,30.316666666666663,30.65,30.683333333333334,-17.63777775333333,-0.4962963400000006,0.0853333333333346,4.221333333333333,4.247333333333334,22.34691359,4.2360000000000015,5.870194,5.9706626,6.0447464,6.1001225,5.906832,0,0.0,0,1.0,-0.24,6.2,93.8
2023-01-18 18:30:00,855.5216110833339,190.7907014,190.837643955556,21.86296297333333,4.247333333333334,30.683333333333334,2,5.1764362714980825,70.66250196097344,18,2,1,-1.0,-1.8369701987210294e-16,0.9749279121818236,-0.2225209339563143,0.4999999999999999,0.8660254037844387,2.5,4.8125,17.229166666666668,15.2,32.55,100.0,93.0,1.9,5.49359,0.05,2.9,22.20000001,30.35,30.0,30.0,30.316666666666663,31.75,-17.615629639999998,-0.0814814466666682,-0.0593333333333339,4.306666666666668,4.060666666666666,22.08271605111111,4.258444444444447,5.906832,5.870194,5.9706626,6.0447464,6.232072,0,0.0,0,1.0,-0.26,6.4,93.6
2023-01-18 18:45:00,497.186500694442,146.662744355556,146.687743388888,22.20000001,4.060666666666666,31.75,2,5.1764362714980825,70.66250196097344,18,2,1,-1.0,-1.8369701987210294e-16,0.9749279121818236,-0.2225209339563143,0.4999999999999999,0.8660254037844387,1.25,3.125,14.208333333333334,15.05,31.925,100.0,93.0,1.85,5.4751463,0.0249999999999999,2.85,22.248148126666667,30.683333333333334,30.35,30.0,30.0,32.833333333333336,-18.13933334333333,0.3370370366666684,-0.1866666666666674,4.247333333333334,4.028,22.002469134444443,4.204888888888891,6.232072,5.906832,5.870194,5.9706626,6.462597,0,0.0,0,1.0,-0.17,5.6,94.4
2023-01-18 19:00:00,145.890275388884,40.825033649998,40.836977638886005,22.248148126666667,4.028,32.833333333333336,1,5.1764362714980825,70.66250196097344,19,2,1,-0.9659258262890684,0.2588190451025203,0.9749279121818236,-0.2225209339563143,0.4999999999999999,0.8660254037844387,0.0,1.875,11.458333333333334,14.9,31.3,100.0,93.0,1.8,5.456757,0.0,2.8,21.88333331,31.75,30.683333333333334,30.35,30.0,33.8,-18.22014812666667,0.0481481166666668,-0.0326666666666666,4.060666666666666,3.976,22.10370370333333,4.112000000000001,6.462597,6.232072,5.906832,5.870194,6.514475,0,0.0,1,1.0,-0.15,5.5,94.5
2023-01-18 19:15:00,129.065948388884,55.2202911,55.2386237,21.88333331,3.976,33.8,1,5.1764362714980825,70.66250196097344,19,2,1,-0.9659258262890684,0.2588190451025203,0.9749279121818236,-0.2225209339563143,0.4999999999999999,0.8660254037844387,0.0,0.9375,9.041666666666666,14.725,31.125,100.0,93.5,1.775,5.4492793,0.0,2.7,21.52222222,32.833333333333336,31.75,30.683333333333334,30.35,33.35,-17.907333310000002,-0.3648148166666658,-0.0519999999999996,4.028,3.938,22.11049381555556,4.021555555555557,6.514475,6.462597,6.232072,5.906832,6.29501,0,0.0,0,1.0,-0.23,6.1,93.9
2023-01-18 19:30:00,170.620119272226,116.058690783334,116.083412011112,21.52222222,3.938,33.35,2,5.1764362714980825,70.66250196097344,19,2,1,-0.9659258262890684,0.2588190451025203,0.9749279121818236,-0.2225209339563143,0.4999999999999999,0.8660254037844387,0.0,0.3125,6.958333333333333,14.55,30.950000000000003,100.0,94.0,1.75,5.441627,0.0,2.6,21.55000003,33.8,32.833333333333336,31.75,30.683333333333334,32.95,-17.58422222,-0.3611110900000014,-0.0379999999999998,3.976,3.9033333333333338,21.88456788555556,3.980666666666669,6.29501,6.514475,6.462597,6.232072,6.229511,0,0.0,1,1.0,-0.32,7.1,92.9
2023-01-18 19:45:00,172.53143171667,112.379393511112,112.40328143889,21.55000003,3.9033333333333338,32.95,2,5.1764362714980825,70.66250196097344,19,2,1,-0.9659258262890684,0.2588190451025203,0.9749279121818236,-0.2225209339563143,0.4999999999999999,0.8660254037844387,0.0,0.0,5.208333333333333,14.375,30.775,100.0,94.5,1.725,5.4338,0.0,2.5,21.70000003,33.35,33.8,32.833333333333336,31.75,32.53333333333333,-17.646666696666667,0.0277778099999999,-0.0346666666666664,3.938,3.810666666666666,21.651851853333337,3.939111111111113,6.229511,6.29501,6.514475,6.462597,6.2043123,0,0.0,0,1.0,-0.31,7.1,92.9
2023-01-18 20:00:00,176.885424283334,107.910683416666,107.933460255556,21.70000003,3.810666666666666,32.53333333333333,2,5.1764362714980825,70.66250196097344,20,2,1,-0.8660254037844386,0.5000000000000001,0.9749279121818236,-0.2225209339563143,0.4999999999999999,0.8660254037844387,0.0,0.0,3.7916666666666665,14.2,30.6,100.0,95.0,1.7,5.4258037,0.0,2.4,21.8388889,32.95,33.35,33.8,32.833333333333336,32.2,-17.889333363333336,0.1500000000000021,-0.0926666666666671,3.9033333333333338,3.618,21.590740760000003,3.884000000000002,6.2043123,6.229511,6.29501,6.514475,6.190199,0,0.0,0,1.0,-0.28,6.7,93.3
2023-01-18 20:15:00,422.593095616666,60.594520572222,60.611742116666,21.8388889,3.618,32.2,1,5.1764362714980825,70.66250196097344,20,2,1,-0.8660254037844386,0.5000000000000001,0.9749279121818236,-0.2225209339563143,0.4999999999999999,0.8660254037844387,0.0,0.0,2.625,13.925,30.15,100.0,95.0,1.7,5.4258037,0.0,2.4,21.590740716666662,32.53333333333333,32.95,33.35,33.8,33.016666666666666,-18.2208889,0.1388888699999952,-0.1926666666666667,3.810666666666666,3.653333333333333,21.69629632,3.777333333333335,6.190199,6.2043123,6.229511,6.29501,6.2568436,0,0.0,1,1.0,-0.25,6.3,93.7
2023-01-18 20:30:00,1263.475014627774,25.018443655556,25.036220794442,21.590740716666662,3.653333333333333,33.016666666666666,1,5.1764362714980825,70.66250196097344,20,2,1,-0.8660254037844386,0.5000000000000001,0.9749279121818236,-0.2225209339563143,0.4999999999999999,0.8660254037844387,0.0,0.0,1.7083333333333333,13.65,29.700000000000003,100.0,95.0,1.7,5.4258037,0.0,2.4,20.98333333,32.2,32.53333333333333,32.95,33.35,33.65,-17.937407383333333,-0.2481481833333312,0.0353333333333334,3.618,3.508,21.70987654888889,3.694000000000001,6.2568436,6.190199,6.2043123,6.229511,6.156225,0,0.0,0,1.0,-0.3,6.9,93.1
2023-01-18 20:45:00,1057.71546743889,33.761705027778,33.775871177776004,20.98333333,3.508,33.65,1,5.1764362714980825,70.66250196097344,20,2,1,-0.8660254037844386,0.5000000000000001,0.9749279121818236,-0.2225209339563143,0.4999999999999999,0.8660254037844387,0.0,0.0,1.0416666666666667,13.375,29.25,100.0,95.0,1.7,5.4258037,0.0,2.4,20.424074066666662,33.016666666666666,32.2,32.53333333333333,32.95,33.68333333333333,-17.47533333,-0.6074073866666652,-0.1453333333333333,3.653333333333333,3.4366666666666665,21.47098764888889,3.593111111111113,6.156225,6.2568436,6.190199,6.2043123,5.9648557,0,0.0,0,1.0,-0.44,9.1,90.9
2023-01-18 21:00:00,102.093693938886,0.0,0.0,20.424074066666662,3.4366666666666665,33.68333333333333,0,5.1764362714980825,70.66250196097344,21,2,1,-0.7071067811865477,0.7071067811865474,0.9749279121818236,-0.2225209339563143,0.4999999999999999,0.8660254037844387,0.0,0.0,0.625,13.1,28.8,100.0,95.0,1.7,5.4258037,0.0,2.4,20.08888891,33.65,33.016666666666666,32.2,32.53333333333333,34.4,-16.9874074,-0.5592592633333346,-0.0713333333333334,3.508,3.44,20.999382704444447,3.532666666666669,5.9648557,6.156225,6.2568436,6.190199,5.973599,1,1.0,1,0.75,-0.57,11.9,88.1
2023-01-18 21:15:00,137.786988349998,12.197289872222,12.201456438886,20.08888891,3.44,34.4,1,5.1764362714980825,70.66250196097344,21,2,1,-0.7071067811865477,0.7071067811865474,0.9749279121818236,-0.2225209339563143,0.4999999999999999,0.8660254037844387,0.0,0.0,0.3125,12.625,28.075,100.0,95.25,1.675,5.42174,0.0,2.35,19.83888889,33.68333333333333,33.65,33.016666666666666,32.2,35.15,-16.648888909999997,-0.3351851566666681,0.0033333333333334,3.4366666666666665,3.409333333333333,20.498765435555555,3.4615555555555573,5.973599,5.9648557,6.156225,6.2568436,6.0151067,0,1.0,1,0.75,-0.64,13.7,86.3
2023-01-18 21:30:00,148.067688205554,24.959279355556,24.962334849998,19.83888889,3.409333333333333,35.15,1,5.1764362714980825,70.66250196097344,21,2,1,-0.7071067811865477,0.7071067811865474,0.9749279121818236,-0.2225209339563143,0.4999999999999999,0.8660254037844387,0.0,0.0,0.1041666666666666,12.15,27.35,100.0,95.5,1.65,5.4176364,0.0,2.3,19.54999999,34.4,33.68333333333333,33.65,33.016666666666666,35.55,-16.429555556666667,-0.2500000199999981,-0.0306666666666663,3.44,3.44,20.117283955555557,3.4286666666666683,6.0151067,5.973599,5.9648557,6.156225,5.9812684,0,1.0,0,0.75,-0.7,15.3,84.7
2023-01-18 21:45:00,135.858176688884,21.555248888888,21.55913768333,19.54999999,3.44,35.55,1,5.1764362714980825,70.66250196097344,21,2,1,-0.7071067811865477,0.7071067811865474,0.9749279121818236,-0.2225209339563143,0.4999999999999999,0.8660254037844387,0.0,0.0,0.0,11.675,26.625,100.0,95.75,1.625,5.41349,0.0,2.25,19.283333326666664,35.15,34.4,33.68333333333333,33.65,36.15,-16.10999999,-0.2888888999999999,0.0306666666666663,3.409333333333333,3.372,19.82592593,3.42977777777778,5.9812684,6.0151067,5.973599,5.9648557,5.98755,0,1.0,0,0.75,-0.76,17.3,82.7
2023-01-18 22:00:00,127.051028872222,21.853570288888,21.857459099996,19.283333326666664,3.372,36.15,1,5.1764362714980825,70.66250196097344,22,2,1,-0.5000000000000004,0.8660254037844384,0.9749279121818236,-0.2225209339563143,0.4999999999999999,0.8660254037844387,0.0,0.0,0.0,11.2,25.9,100.0,96.0,1.6,5.409303,0.0,2.2,19.03333334,35.55,35.15,34.4,33.68333333333333,36.5,-15.911333326666664,-0.2666666633333356,-0.068,3.44,3.2966666666666664,19.55740740222222,3.407111111111113,5.98755,5.9812684,6.0151067,5.973599,5.9570847,0,0.0,0,1.0,-0.82,19.3,80.7
2023-01-18 22:15:00,194.164733216662,12.899761772222,12.903928338886,19.03333334,3.2966666666666664,36.5,1,5.1764362714980825,70.66250196097344,22,2,1,-0.5000000000000004,0.8660254037844384,0.9749279121818236,-0.2225209339563143,0.4999999999999999,0.8660254037844387,0.0,0.0,0.0,10.925,24.925,100.0,96.0,1.55,5.391036,0.0,2.1500000000000004,18.803703676666665,36.15,35.55,35.15,34.4,36.5,-15.736666673333335,-0.249999986666662,-0.0753333333333334,3.372,3.264,19.288888885555554,3.369555555555557,5.9570847,5.98755,5.9812684,6.0151067,5.8768435,0,0.0,0,1.0,-0.88,21.3,78.7
2023-01-18 22:30:00,503.00599012222,0.0,0.0,18.803703676666665,3.264,36.5,0,5.1764362714980825,70.66250196097344,22,2,1,-0.5000000000000004,0.8660254037844384,0.9749279121818236,-0.2225209339563143,0.4999999999999999,0.8660254037844387,0.0,0.0,0.0,10.65,23.95,100.0,96.0,1.5,5.3728228,0.0,2.1,18.68333335,36.5,36.15,35.55,35.15,36.55,-15.539703676666663,-0.2296296633333376,-0.0326666666666661,3.2966666666666664,3.26,19.040123447777777,3.3108888888888903,5.8768435,5.9570847,5.98755,5.9812684,5.843152,1,1.0,1,0.75,-0.93,23.3,76.7
2023-01-18 22:45:00,114.133767983326,0.0,0.0,18.68333335,3.26,36.55,0,5.1764362714980825,70.66250196097344,22,2,1,-0.5000000000000004,0.8660254037844384,0.9749279121818236,-0.2225209339563143,0.4999999999999999,0.8660254037844387,0.0,0.0,0.0,10.375,22.975,100.0,96.0,1.45,5.354663,0.0,2.05,18.6666667,36.5,36.5,36.15,35.55,36.78333333333333,-15.423333350000002,-0.1203703266666629,-0.0040000000000004,3.264,3.2746666666666666,18.84012345555556,3.273555555555557,5.843152,5.8768435,5.9570847,5.98755,5.874658,0,2.0,0,0.5,-0.96,24.4,75.6
2023-01-18 23:00:00,119.797985672222,0.0,0.0,18.6666667,3.2746666666666666,36.78333333333333,0,5.1764362714980825,70.66250196097344,23,2,1,-0.2588190451025215,0.965925826289068,0.9749279121818236,-0.2225209339563143,0.4999999999999999,0.8660254037844387,0.0,0.0,0.0,10.1,22.0,100.0,96.0,1.4,5.3365574,0.0,2.0,18.6666667,36.55,36.5,36.5,36.15,36.1,-15.392000033333334,-0.0166666500000012,0.0146666666666668,3.26,3.29,18.717901242222226,3.266222222222224,5.874658,5.843152,5.8768435,5.9570847,5.7655234,0,3.0,0,0.25,-0.96,24.5,75.5
2023-01-18 23:15:00,112.559664166664,0.0,0.0,18.6666667,3.29,36.1,0,5.1764362714980825,70.66250196097344,23,2,1,-0.2588190451025215,0.965925826289068,0.9749279121818236,-0.2225209339563143,0.4999999999999999,0.8660254037844387,0.0,0.0,0.0,9.65,21.45,100.0,96.0,1.375,5.318504,0.0,1.95,18.64629631333333,36.78333333333333,36.55,36.5,36.5,35.53333333333333,-15.3766667,0.0,0.0153333333333329,3.2746666666666666,3.3433333333333333,18.67222225,3.2748888888888907,5.7655234,5.874658,5.843152,5.8768435,5.6681833,0,4.0,0,0.0,-0.97,24.7,75.3
2023-01-18 23:30:00,112.319673766664,0.0,0.0,18.64629631333333,3.3433333333333333,35.53333333333333,0,5.1764362714980825,70.66250196097344,23,2,1,-0.2588190451025215,0.965925826289068,0.9749279121818236,-0.2225209339563143,0.4999999999999999,0.8660254037844387,0.0,0.0,0.0,9.2,20.9,100.0,96.0,1.35,5.300507,0.0,1.9,18.60555555,36.1,36.78333333333333,36.55,36.5,35.45,-15.30296298,-0.0203703866666664,0.0533333333333336,3.29,3.422,18.659876571111116,3.3026666666666684,5.6681833,5.7655234,5.874658,5.843152,5.6412697,0,4.0,0,0.0,-0.97,25.0,75.0
2023-01-18 23:45:00,128.094598394438,0.0,0.0,18.60555555,3.422,35.45,0,5.1764362714980825,70.66250196097344,23,2,1,-0.2588190451025215,0.965925826289068,0.9749279121818236,-0.2225209339563143,0.4999999999999999,0.8660254037844387,0.0,0.0,0.0,8.75,20.35,100.0,96.0,1.325,5.2825613,0.0,1.85,18.5592593,35.53333333333333,36.1,36.78333333333333,36.55,35.03333333333333,-15.18355555,-0.0407407633333321,0.0786666666666664,3.3433333333333333,3.31,18.63950618777778,3.35177777777778,5.6412697,5.6681833,5.7655234,5.874658,5.5597024,0,4.0,0,0.0,-0.98,25.4,74.6
2023-01-19 00:00:00,128.5681904,0.0,0.0,18.5592593,3.31,35.03333333333333,0,5.1764362714980825,70.66250196097344,0,3,1,0.0,1.0,0.4338837391175582,-0.900968867902419,0.4999999999999999,0.8660254037844387,0.0,0.0,0.0,8.3,19.8,100.0,96.0,1.3,5.2646694,0.0,1.8,18.51666668,35.45,35.53333333333333,36.1,36.78333333333333,35.0,-15.2492593,-0.046296250000001,-0.1119999999999996,3.422,3.256666666666667,18.603703721111117,3.358444444444446,5.5597024,5.6412697,5.6681833,5.7655234,5.5404162,0,4.0,0,0.0,-1.0,25.9,74.1
2023-01-19 00:15:00,115.84647712222,0.0,0.0,18.51666668,3.256666666666667,35.0,0,5.1764362714980825,70.66250196097344,0,3,1,0.0,1.0,0.4338837391175582,-0.900968867902419,0.4999999999999999,0.8660254037844387,0.0,0.0,0.0,8.125,18.55,99.75,96.5,1.25,5.2562795,0.0,1.7,18.479629613333334,35.03333333333333,35.45,35.53333333333333,36.1,35.0,-15.260000013333332,-0.0425926200000006,-0.0533333333333332,3.31,3.0773333333333333,18.560493843333337,3.3295555555555567,5.5404162,5.5597024,5.6412697,5.6681833,5.528272,0,4.0,0,0.0,-1.01,26.4,73.6
2023-01-19 00:30:00,93.901799461106,0.0,0.0,18.479629613333334,3.0773333333333333,35.0,0,5.1764362714980825,70.66250196097344,0,3,1,0.0,1.0,0.4338837391175582,-0.900968867902419,0.4999999999999999,0.8660254037844387,0.0,0.0,0.0,7.95,17.3,99.5,97.0,1.2000000000000002,5.247732,0.0,1.6,18.43888885,35.0,35.03333333333333,35.45,35.53333333333333,35.0,-15.40229628,-0.0370370666666666,-0.1793333333333335,3.256666666666667,2.808,18.518518531111116,3.2146666666666683,5.528272,5.5404162,5.5597024,5.6412697,5.5149374,0,4.0,0,0.0,-1.01,26.7,73.3
2023-01-19 00:45:00,436.041168805554,0.0,0.0,18.43888885,2.808,35.0,0,5.1764362714980825,70.66250196097344,0,3,1,0.0,1.0,0.4338837391175582,-0.900968867902419,0.4999999999999999,0.8660254037844387,0.0,0.0,0.0,7.775,16.05,99.25,97.5,1.15,5.2390294,0.0,1.5,18.3925926,35.0,35.0,35.03333333333333,35.45,34.81666666666667,-15.630888850000002,-0.0407407633333321,-0.2693333333333334,3.0773333333333333,2.4106666666666667,18.478395047777777,3.047333333333335,5.5149374,5.528272,5.5404162,5.5597024,5.471012,0,4.0,0,0.0,-1.02,27.1,72.9
2023-01-19 01:00:00,45.063475155556,0.0,0.0,18.3925926,2.4106666666666667,34.81666666666667,0,5.1764362714980825,70.66250196097344,1,3,1,0.2588190451025207,0.9659258262890684,0.4338837391175582,-0.900968867902419,0.4999999999999999,0.8660254037844387,0.0,0.0,0.0,7.6,14.8,99.0,98.0,1.1,5.230174,0.0,1.4,18.31111113,35.0,35.0,35.0,35.03333333333333,34.5,-15.981925933333333,-0.046296250000001,-0.3973333333333331,2.808,2.3873333333333333,18.437037021111117,2.7653333333333348,5.471012,5.5149374,5.528272,5.5404162,5.3951116,0,4.0,0,0.0,-1.04,27.6,72.4
2023-01-19 01:15:00,59.763720572218,0.0,0.0,18.31111113,2.3873333333333333,34.5,0,5.1764362714980825,70.66250196097344,1,3,1,0.2588190451025207,0.9659258262890684,0.4338837391175582,-0.900968867902419,0.4999999999999999,0.8660254037844387,0.0,0.0,0.0,7.25,14.525,99.25,98.0,0.925,5.168171,0.0,1.225,18.257407413333333,34.81666666666667,35.0,35.0,35.0,34.31666666666667,-15.923777796666664,-0.0814814700000035,-0.0233333333333334,2.4106666666666667,2.266,18.38086419333333,2.535333333333335,5.3951116,5.471012,5.5149374,5.528272,5.349362,0,4.0,0,0.0,-1.06,28.5,71.5
2023-01-19 01:30:00,64.451588549998,0.0,0.0,18.257407413333333,2.266,34.31666666666667,0,5.1764362714980825,70.66250196097344,1,3,1,0.2588190451025207,0.9659258262890684,0.4338837391175582,-0.900968867902419,0.4999999999999999,0.8660254037844387,0.0,0.0,0.0,6.9,14.25,99.5,98.0,0.75,5.106813,0.0,1.0499999999999998,18.17777779,34.5,34.81666666666667,35.0,35.0,34.0,-15.991407413333333,-0.0537037166666642,-0.1213333333333333,2.3873333333333333,2.1893333333333334,18.320370381111115,2.3546666666666685,5.349362,5.3951116,5.471012,5.5149374,5.2749987,0,4.0,0,0.0,-1.07,29.1,70.9
2023-01-19 01:45:00,39.382313594442,0.0,0.0,18.17777779,2.1893333333333334,34.0,0,5.1764362714980825,70.66250196097344,1,3,1,0.2588190451025207,0.9659258262890684,0.4338837391175582,-0.900968867902419,0.4999999999999999,0.8660254037844387,0.0,0.0,0.0,6.55,13.975,99.75,98.0,0.5750000000000001,5.046094,0.0,0.875,18.09444445666667,34.31666666666667,34.5,34.81666666666667,35.0,33.81666666666667,-15.988444456666668,-0.0796296233333322,-0.0766666666666666,2.266,2.056,18.248765444444444,2.280888888888891,5.2749987,5.349362,5.3951116,5.471012,5.2206373,0,4.0,0,0.0,-1.09,30.0,70.0
2023-01-19 02:00:00,38.774560155552,0.0,0.0,18.09444445666667,2.056,33.81666666666667,0,5.1764362714980825,70.66250196097344,2,3,1,0.4999999999999999,0.8660254037844387,0.4338837391175582,-0.900968867902419,0.4999999999999999,0.8660254037844387,0.0,0.0,0.0,6.2,13.7,100.0,98.0,0.4,4.9860096,0.0,0.7,18.01666668,34.0,34.31666666666667,34.5,34.81666666666667,33.5,-16.038444456666667,-0.0833333333333321,-0.1333333333333333,2.1893333333333334,1.9493333333333327,18.176543220000003,2.1704444444444464,5.2206373,5.2749987,5.349362,5.3951116,5.147888,0,4.0,0,0.0,-1.11,30.9,69.1
2023-01-19 02:15:00,51.052124400004,0.0,0.0,18.01666668,1.9493333333333327,33.5,0,5.1764362714980825,70.66250196097344,2,3,1,0.4999999999999999,0.8660254037844387,0.4338837391175582,-0.900968867902419,0.4999999999999999,0.8660254037844387,0.0,0.0,0.0,5.75,12.875,100.0,98.25,0.05,4.863399,0.0,0.2999999999999999,17.979629613333334,33.81666666666667,34.0,34.31666666666667,34.5,33.5,-16.06733334666667,-0.077777776666668,-0.1066666666666669,2.056,1.8306666666666669,18.09629630888889,2.0648888888888908,5.147888,5.2206373,5.2749987,5.349362,5.1365595,0,4.0,0,0.0,-1.13,31.8,68.2
2023-01-19 02:30:00,42.251643216666,0.0,0.0,17.979629613333334,1.8306666666666669,33.5,0,5.1764362714980825,70.66250196097344,2,3,1,0.4999999999999999,0.8660254037844387,0.4338837391175582,-0.900968867902419,0.4999999999999999,0.8660254037844387,0.0,0.0,0.0,5.3,12.05,100.0,98.5,-0.2999999999999999,4.7433314,0.0,-0.1,17.89999999,33.5,33.81666666666667,34.0,34.31666666666667,33.5,-16.148962946666668,-0.0370370666666666,-0.1186666666666664,1.9493333333333327,1.8,18.03024691666667,1.9453333333333351,5.1365595,5.147888,5.2206373,5.2749987,5.112274,0,4.0,0,0.0,-1.14,32.2,67.8
2023-01-19 02:45:00,53.851734644448,0.0,0.0,17.89999999,1.8,33.5,0,5.1764362714980825,70.66250196097344,2,3,1,0.4999999999999999,0.8660254037844387,0.4338837391175582,-0.900968867902419,0.4999999999999999,0.8660254037844387,0.0,0.0,0.0,4.8500000000000005,11.225,100.0,98.75,-0.6499999999999998,4.6257668,0.0,-0.5000000000000002,17.816666656666666,33.5,33.5,33.81666666666667,34.0,33.5,-16.09999999,-0.0796296233333322,-0.0306666666666666,1.8306666666666669,1.7826666666666668,17.96543209444445,1.8600000000000017,5.112274,5.1365595,5.147888,5.2206373,5.086966,0,4.0,0,0.0,-1.16,33.1,66.9
2023-01-19 03:00:00,58.296279155556,0.0,0.0,17.816666656666666,1.7826666666666668,33.5,0,5.1764362714980825,70.66250196097344,3,3,1,0.7071067811865476,0.7071067811865476,0.4338837391175582,-0.900968867902419,0.4999999999999999,0.8660254037844387,0.0,0.0,0.0,4.4,10.4,100.0,99.0,-1.0,4.5106645,0.0,-0.9,17.73888888,33.5,33.5,33.5,33.81666666666667,33.15,-16.033999989999998,-0.0833333333333357,-0.0173333333333332,1.8,1.7866666666666666,17.898765420000004,1.8044444444444463,5.086966,5.112274,5.1365595,5.147888,5.010542,0,4.0,0,0.0,-1.18,34.1,65.9
2023-01-19 03:15:00,40.527545516666,0.0,0.0,17.73888888,1.7866666666666666,33.15,0,5.1764362714980825,70.66250196097344,3,3,1,0.7071067811865476,0.7071067811865476,0.4338837391175582,-0.900968867902419,0.4999999999999999,0.8660254037844387,0.0,0.0,0.0,4.6000000000000005,10.15,100.0,99.0,-1.225,4.4406786,0.0,-1.125,17.70185185,33.5,33.5,33.5,33.5,33.0,-15.952222213333334,-0.0777777766666645,0.0039999999999997,1.7826666666666668,1.74,17.81851850888889,1.7897777777777797,5.010542,5.086966,5.112274,5.1365595,4.97687,0,4.0,0,0.0,-1.2,35.1,64.9
2023-01-19 03:30:00,37.914039027774,0.0,0.0,17.70185185,1.74,33.0,0,5.1764362714980825,70.66250196097344,3,3,1,0.7071067811865476,0.7071067811865476,0.4338837391175582,-0.900968867902419,0.4999999999999999,0.8660254037844387,0.0,0.0,0.0,4.800000000000001,9.9,100.0,99.0,-1.45,4.371647,0.0,-1.35,17.62222223,33.15,33.5,33.5,33.5,33.0,-15.96185185,-0.0370370300000004,-0.0466666666666666,1.7866666666666666,1.6213333333333333,17.75246912888889,1.7697777777777797,4.97687,5.010542,5.086966,5.112274,4.953287,0,4.0,0,0.0,-1.21,35.5,64.5
2023-01-19 03:45:00,45.029587594446,0.0,0.0,17.62222223,1.6213333333333333,33.0,0,5.1764362714980825,70.66250196097344,3,3,1,0.7071067811865476,0.7071067811865476,0.4338837391175582,-0.900968867902419,0.4999999999999999,0.8660254037844387,0.0,0.0,0.0,5.0,9.65,100.0,99.0,-1.6749999999999998,4.3035607,0.0,-1.575,17.5592593,33.0,33.15,33.5,33.5,33.0,-16.000888896666666,-0.0796296200000021,-0.1186666666666667,1.74,1.4253333333333331,17.687654320000004,1.7160000000000015,4.953287,4.97687,5.010542,5.086966,4.93471,0,4.0,0,0.0,-1.22,36.5,63.5
2023-01-19 04:00:00,50.555755555552,0.0,0.0,17.5592593,1.4253333333333331,33.0,0,5.1764362714980825,70.66250196097344,4,3,1,0.8660254037844386,0.5000000000000001,0.4338837391175582,-0.900968867902419,0.4999999999999999,0.8660254037844387,0.0,0.0,0.0,5.2,9.4,100.0,99.0,-1.9,4.236406,0.0,-1.8,17.511111120000002,33.0,33.0,33.15,33.5,33.0,-16.133925966666666,-0.0629629299999976,-0.1959999999999999,1.6213333333333333,1.2006666666666663,17.627777793333333,1.5955555555555574,4.93471,4.953287,4.97687,5.010542,4.920545,0,4.0,0,0.0,-1.24,37.2,62.8
2023-01-19 04:15:00,53.535913911116,0.0,0.0,17.511111120000002,1.2006666666666663,33.0,0,5.1764362714980825,70.66250196097344,4,3,1,0.8660254037844386,0.5000000000000001,0.4338837391175582,-0.900968867902419,0.4999999999999999,0.8660254037844387,0.0,0.0,0.0,4.65,8.75,100.0,99.0,-1.875,4.2512484,0.0,-1.75,17.427777756666668,33.0,33.0,33.0,33.15,33.0,-16.310444453333336,-0.0481481799999983,-0.2246666666666668,1.4253333333333331,1.0546666666666666,17.564197550000003,1.4157777777777794,4.920545,4.93471,4.953287,4.97687,4.896112,0,4.0,0,0.0,-1.25,37.8,62.2
2023-01-19 04:30:00,48.322789277776,0.0,0.0,17.427777756666668,1.0546666666666666,33.0,0,5.1764362714980825,70.66250196097344,4,3,1,0.8660254037844386,0.5000000000000001,0.4338837391175582,-0.900968867902419,0.4999999999999999,0.8660254037844387,0.0,0.0,0.0,4.1,8.1,100.0,99.0,-1.85,4.2661376,0.0,-1.7000000000000002,17.34999998,33.0,33.0,33.0,33.0,33.0,-16.373111090000002,-0.0833333633333346,-0.1459999999999999,1.2006666666666663,0.8866666666666666,17.49938272555556,1.2268888888888905,4.896112,4.920545,4.93471,4.953287,4.8734016,0,4.0,0,0.0,-1.27,38.8,61.2
2023-01-19 04:45:00,47.584485394446,0.0,0.0,17.34999998,0.8866666666666666,33.0,0,5.1764362714980825,70.66250196097344,4,3,1,0.8660254037844386,0.5000000000000001,0.4338837391175582,-0.900968867902419,0.4999999999999999,0.8660254037844387,0.0,0.0,0.0,3.55,7.45,100.0,99.0,-1.825,4.281072,0.0,-1.65,17.31296295,33.0,33.0,33.0,33.0,33.0,-16.463333313333333,-0.077777776666668,-0.168,1.0546666666666666,0.756,17.429629618888892,1.047333333333335,4.8734016,4.896112,4.920545,4.93471,4.862621,0,4.0,0,0.0,-1.29,39.7,60.3
2023-01-19 05:00:00,40.099506972226,0.0,0.0,17.31296295,0.756,33.0,0,5.1764362714980825,70.66250196097344,5,3,1,0.9659258262890684,0.2588190451025207,0.4338837391175582,-0.900968867902419,0.4999999999999999,0.8660254037844387,0.0,0.0,0.0,3.0,6.8,100.0,99.0,-1.8,4.296053,0.0,-1.6,17.23888888,33.0,33.0,33.0,33.0,33.0,-16.55696295,-0.0370370300000004,-0.1306666666666666,0.8866666666666666,0.718,17.36358022888889,0.8991111111111129,4.862621,4.8734016,4.896112,4.920545,4.8411183,0,4.0,0,0.0,-1.3,40.2,59.8
2023-01-19 05:15:00,37.34156169445,0.0,0.0,17.23888888,0.718,33.0,0,5.1764362714980825,70.66250196097344,5,3,1,0.9659258262890684,0.2588190451025207,0.4338837391175582,-0.900968867902419,0.4999999999999999,0.8660254037844387,0.0,0.0,0.0,2.45,7.45,100.0,99.0,-1.625,4.341271,0.0,-1.4500000000000002,17.20185185,33.0,33.0,33.0,33.0,33.0,-16.52088888,-0.0740740699999982,-0.038,0.756,0.8433333333333334,17.300617270000004,0.7868888888888906,4.8411183,4.862621,4.8734016,4.896112,4.830398,0,4.0,0,0.0,-1.32,41.1,58.9
2023-01-19 05:30:00,59.127912638886,0.0,0.0,17.20185185,0.8433333333333334,33.0,0,5.1764362714980825,70.66250196097344,5,3,1,0.9659258262890684,0.2588190451025207,0.4338837391175582,-0.900968867902419,0.4999999999999999,0.8660254037844387,0.0,0.0,0.0,1.9,8.1,100.0,99.0,-1.4500000000000002,4.3869057,0.0,-1.3,17.12777778,33.0,33.0,33.0,33.0,33.0,-16.358518516666667,-0.0370370300000004,0.1253333333333334,0.718,0.9413333333333334,17.25123456,0.7724444444444462,4.830398,4.8411183,4.862621,4.8734016,4.8090196,0,4.0,0,0.0,-1.33,41.6,58.4
2023-01-19 05:45:00,53.6178552,0.0,0.0,17.12777778,0.9413333333333334,33.0,0,5.1764362714980825,70.66250196097344,5,3,1,0.9659258262890684,0.2588190451025207,0.4338837391175582,-0.900968867902419,0.4999999999999999,0.8660254037844387,0.0,0.0,0.0,1.35,8.75,100.0,99.0,-1.275,4.432961,0.0,-1.15,17.090740750000002,33.0,33.0,33.0,33.0,33.0,-16.186444446666666,-0.0740740700000017,0.0979999999999999,0.8433333333333334,1.0593333333333337,17.18950617,0.8342222222222241,4.8090196,4.830398,4.8411183,4.862621,4.7983623,0,4.0,0,0.0,-1.34,42.5,57.5
2023-01-19 06:00:00,381.858891666668,0.0,0.0,17.090740750000002,1.0593333333333337,33.0,0,5.1764362714980825,70.66250196097344,6,3,1,1.0,6.123233995736766e-17,0.4338837391175582,-0.900968867902419,0.4999999999999999,0.8660254037844387,0.0,0.0,0.0,0.8,9.4,100.0,99.0,-1.1,4.4794416,0.0,-1.0,17.01111112,33.0,33.0,33.0,33.0,33.0,-16.031407416666667,-0.0370370299999969,0.1180000000000001,0.9413333333333334,0.988,17.14012346,0.9480000000000018,4.7983623,4.8090196,4.830398,4.8411183,4.7755165,0,4.0,0,0.0,-1.35,43.0,57.0
2023-01-19 06:15:00,45.939551277776,0.0,0.0,17.01111112,0.988,33.0,0,5.1764362714980825,70.66250196097344,6,3,1,1.0,6.123233995736766e-17,0.4338837391175582,-0.900968867902419,0.4999999999999999,0.8660254037844387,0.0,0.0,0.0,1.2,8.05,100.0,99.0,-1.175,4.4639,0.0,-1.05,16.948148106666665,33.0,33.0,33.0,33.0,33.0,-16.02311112,-0.079629630000003,-0.0713333333333334,1.0593333333333337,1.024,17.076543216666668,0.996222222222224,4.7755165,4.7983623,4.8090196,4.830398,4.7575197,0,4.0,0,0.0,-1.37,44.0,56.0
2023-01-19 06:30:00,41.3808447,0.0,0.0,16.948148106666665,1.024,33.0,0,5.1764362714980825,70.66250196097344,6,3,1,1.0,6.123233995736766e-17,0.4338837391175582,-0.900968867902419,0.4999999999999999,0.8660254037844387,0.0,0.0,0.0,1.6,6.7,100.0,99.0,-1.25,4.448407,0.0,-1.1,16.89999999,33.0,33.0,33.0,33.0,33.0,-15.924148106666664,-0.0629630133333343,0.036,0.988,0.964,17.01666665888889,1.0237777777777797,4.7575197,4.7755165,4.7983623,4.8090196,4.7437973,0,4.0,0,0.0,-1.39,44.8,55.2
2023-01-19 06:45:00,37.465723444448,0.0,0.0,16.89999999,0.964,33.0,0,5.1764362714980825,70.66250196097344,6,3,1,1.0,6.123233995736766e-17,0.4338837391175582,-0.900968867902419,0.4999999999999999,0.8660254037844387,0.0,0.0,0.0,2.0,5.3500000000000005,100.0,99.0,-1.325,4.432961,0.0,-1.15,16.837037006666666,33.0,33.0,33.0,33.0,33.0,-15.93599999,-0.0481481166666633,-0.06,1.024,0.8513333333333333,16.953086405555556,0.9920000000000018,4.7437973,4.7575197,4.7755165,4.7983623,4.725903,0,4.0,0,0.0,-1.4,45.4,54.6
2023-01-19 07:00:00,54.821973749998,0.0,0.0,16.837037006666666,0.8513333333333333,33.0,0,5.1764362714980825,70.66250196097344,7,3,1,0.9659258262890684,-0.2588190451025206,0.4338837391175582,-0.900968867902419,0.4999999999999999,0.8660254037844387,0.0,0.0,0.0,2.4,4.0,100.0,99.0,-1.4,4.4175615,0.0,-1.2,16.78888889,33.0,33.0,33.0,33.0,33.0,-15.985703673333331,-0.0629629833333353,-0.1126666666666666,0.964,0.6626666666666666,16.895061701111114,0.9464444444444462,4.725903,4.7437973,4.7575197,4.7755165,4.71226,0,4.0,0,0.0,-1.41,46.2,53.8
2023-01-19 07:15:00,60.712571416666,0.0,0.0,16.78888889,0.6626666666666666,33.0,0,5.1764362714980825,70.66250196097344,7,3,1,0.9659258262890684,-0.2588190451025206,0.4338837391175582,-0.900968867902419,0.4999999999999999,0.8660254037844387,0.0,0.0,0.0,2.325,4.0,100.0,99.25,-1.225,4.4751725,0.0,-1.05,16.725925906666667,33.0,33.0,33.0,33.0,33.0,-16.126222223333333,-0.0481481166666668,-0.1886666666666666,0.8513333333333333,0.5926666666666667,16.841975295555557,0.8260000000000017,4.71226,4.725903,4.7437973,4.7575197,4.69447,0,4.0,0,0.0,-1.42,46.8,53.2
2023-01-19 07:30:00,38.670119700004,0.0,0.0,16.725925906666667,0.5926666666666667,33.0,0,5.1764362714980825,70.66250196097344,7,3,1,0.9659258262890684,-0.2588190451025206,0.4338837391175582,-0.900968867902419,0.4999999999999999,0.8660254037844387,0.0,0.0,0.0,2.25,4.0,100.0,99.5,-1.0499999999999998,4.533446,0.0,-0.8999999999999999,16.71666665,33.0,33.0,33.0,33.0,33.0,-16.13325924,-0.0629629833333318,-0.0699999999999999,0.6626666666666666,0.4473333333333333,16.783950601111112,0.702222222222224,4.69447,4.71226,4.725903,4.7437973,4.691859,0,4.0,0,0.0,-1.44,47.6,52.4
2023-01-19 07:45:00,37.407670150006,0.0,0.0,16.71666665,0.4473333333333333,33.0,0,5.1764362714980825,70.66250196097344,7,3,1,0.9659258262890684,-0.2588190451025206,0.4338837391175582,-0.900968867902419,0.4999999999999999,0.8660254037844387,0.0,0.0,0.0,2.175,4.0,100.0,99.75,-0.875,4.592387,0.0,-0.75,16.650000013333333,33.0,33.0,33.0,33.0,33.18333333333333,-16.269333316666668,-0.0092592566666667,-0.1453333333333333,0.5926666666666667,0.3213333333333333,16.743827148888894,0.5675555555555573,4.691859,4.69447,4.71226,4.725903,4.699056,0,4.0,0,0.0,-1.44,47.7,52.3
2023-01-19 08:00:00,56.030258650002,0.0,0.0,16.650000013333333,0.3213333333333333,33.18333333333333,0,5.1764362714980825,70.66250196097344,8,3,1,0.8660254037844387,-0.4999999999999998,0.4338837391175582,-0.900968867902419,0.4999999999999999,0.8660254037844387,0.0,0.0,0.0,2.1,4.0,100.0,100.0,-0.7,4.6520047,0.0,-0.6,16.5777778,33.0,33.0,33.0,33.0,33.6,-16.32866668,-0.0666666366666675,-0.1259999999999999,0.4473333333333333,0.392,16.69753085666667,0.4537777777777796,4.699056,4.691859,4.69447,4.71226,4.737437,0,4.0,0,0.0,-1.46,48.5,51.5
2023-01-19 08:15:00,578.679351966664,0.0,0.0,16.5777778,0.392,33.6,0,5.1764362714980825,70.66250196097344,8,3,1,0.8660254037844387,-0.4999999999999998,0.4338837391175582,-0.900968867902419,0.4999999999999999,0.8660254037844387,0.5,0.125,0.0416666666666666,2.85,5.6,100.0,99.75,-0.625,4.6645336,0.0,-0.525,16.6074074,33.18333333333333,33.0,33.0,33.0,34.43333333333333,-16.1857778,-0.0722222133333332,0.0706666666666667,0.3213333333333333,0.6373333333333334,16.648148154444446,0.3868888888888906,4.737437,4.699056,4.691859,4.69447,4.863593,0,4.0,0,0.0,-1.47,49.4,50.6
2023-01-19 08:30:00,64.629914766664,0.0,0.0,16.6074074,0.6373333333333334,34.43333333333333,0,5.1764362714980825,70.66250196097344,8,3,1,0.8660254037844387,-0.4999999999999998,0.4338837391175582,-0.900968867902419,0.4999999999999999,0.8660254037844387,1.0,0.375,0.125,3.6,7.2,100.0,99.5,-0.55,4.6770506,0.0,-0.4499999999999999,16.566666689999998,33.6,33.18333333333333,33.0,33.0,34.15,-15.970074066666664,0.0296295999999998,0.2453333333333333,0.392,0.408,16.611728404444445,0.450222222222224,4.863593,4.737437,4.699056,4.691859,4.811768,0,4.0,0,0.0,-1.46,48.8,51.2
2023-01-19 08:45:00,72.902083833332,0.0,0.0,16.566666689999998,0.408,34.15,0,5.1764362714980825,70.66250196097344,8,3,1,0.8660254037844387,-0.4999999999999998,0.4338837391175582,-0.900968867902419,0.4999999999999999,0.8660254037844387,1.5,0.75,0.25,4.35,8.8,100.0,99.25,-0.475,4.689556,0.0,-0.375,16.503703706666666,34.43333333333333,33.6,33.18333333333333,33.0,34.0,-16.158666689999997,-0.0407407100000014,-0.2293333333333334,0.6373333333333334,0.318,16.58395063,0.479111111111113,4.811768,4.863593,4.737437,4.699056,4.7725153,0,4.0,0,0.0,-1.47,49.4,50.6
2023-01-19 09:00:00,53.474527799992,0.0,0.0,16.503703706666666,0.318,34.0,0,5.1764362714980825,70.66250196097344,9,3,1,0.7071067811865476,-0.7071067811865475,0.4338837391175582,-0.900968867902419,0.4999999999999999,0.8660254037844387,2.0,1.25,0.4166666666666667,5.1,10.4,100.0,99.0,-0.4,4.70205,0.0,-0.3,16.45555553,34.15,34.43333333333333,33.6,33.18333333333333,33.65,-16.185703706666665,-0.0629629833333318,-0.09,0.408,0.2226666666666666,16.559259265555557,0.4544444444444462,4.7725153,4.811768,4.863593,4.737437,4.709713,0,4.0,0,0.0,-1.49,50.2,49.8
2023-01-19 09:15:00,49.821896077772,0.0,0.0,16.45555553,0.2226666666666666,33.65,0,5.1764362714980825,70.66250196097344,9,3,1,0.7071067811865476,-0.7071067811865475,0.4338837391175582,-0.900968867902419,0.4999999999999999,0.8660254037844387,7.0,2.875,1.0,5.625,11.4,100.0,98.5,-0.35,4.727,0.0,-0.15,16.3925926,34.0,34.15,34.43333333333333,33.6,33.5,-16.232888863333336,-0.0481481766666647,-0.0953333333333333,0.318,0.194,16.50864197555556,0.316222222222224,4.709713,4.7725153,4.811768,4.863593,4.670972,0,4.0,0,0.0,-1.5,50.9,49.1
2023-01-19 09:30:00,54.069781688884,0.0,0.0,16.3925926,0.194,33.5,0,5.1764362714980825,70.66250196097344,9,3,1,0.7071067811865476,-0.7071067811865475,0.4338837391175582,-0.900968867902419,0.4999999999999999,0.8660254037844387,12.0,5.625,2.0,6.15,12.4,100.0,98.0,-0.3,4.7518983,0.0,0.0,16.34999998,33.65,34.0,34.15,34.43333333333333,33.5,-16.1985926,-0.0629629300000012,-0.0286666666666666,0.2226666666666666,0.9053333333333332,16.45061727888889,0.2448888888888906,4.670972,4.709713,4.7725153,4.811768,4.6589994,0,4.0,0,0.0,-1.52,51.8,48.2
2023-01-19 09:45:00,62.564441888884,0.0,0.0,16.34999998,0.9053333333333332,33.5,0,5.1764362714980825,70.66250196097344,9,3,1,0.7071067811865476,-0.7071067811865475,0.4338837391175582,-0.900968867902419,0.4999999999999999,0.8660254037844387,17.0,9.5,3.4166666666666665,6.675,13.4,100.0,97.5,-0.25,4.7767406,0.0,0.15,16.31296295,33.5,33.65,34.0,34.15,33.5,-15.444666646666668,-0.0425926200000006,0.7113333333333334,0.194,0.8786666666666666,16.399382703333334,0.4406666666666685,4.6589994,4.670972,4.709713,4.7725153,4.648609,0,4.0,0,0.0,-1.53,52.4,47.6
2023-01-19 10:00:00,67.152313733336,0.0,0.0,16.31296295,0.8786666666666666,33.5,0,5.1764362714980825,70.66250196097344,10,3,1,0.4999999999999999,-0.8660254037844387,0.4338837391175582,-0.900968867902419,0.4999999999999999,0.8660254037844387,22.0,14.5,5.25,7.2,14.4,100.0,97.0,-0.2,4.8015237,0.0,0.3,16.27222224,33.5,33.5,33.65,34.0,33.55,-15.434296283333332,-0.0370370300000004,-0.0266666666666667,0.9053333333333332,0.7333333333333333,16.351851843333336,0.6593333333333352,4.648609,4.6589994,4.670972,4.709713,4.6441255,0,4.0,0,0.0,-1.54,52.8,47.2
2023-01-19 10:15:00,66.722886544444,0.0,0.0,16.27222224,0.7333333333333333,33.55,0,5.1764362714980825,70.66250196097344,10,3,1,0.4999999999999999,-0.8660254037844387,0.4338837391175582,-0.900968867902419,0.4999999999999999,0.8660254037844387,24.25,18.8125,7.270833333333333,7.85,15.65,100.0,97.0,-0.1,4.8263297,0.025,0.375,16.225925906666667,33.5,33.5,33.5,33.65,33.96666666666667,-15.538888906666669,-0.0407407099999979,-0.1453333333333333,0.8786666666666666,1.0066666666666666,16.311728390000003,0.8391111111111128,4.6441255,4.648609,4.6589994,4.670972,4.68869,0,4.0,0,0.0,-1.55,53.4,46.6
2023-01-19 10:30:00,175.93601781111198,0.0,0.0,16.225925906666667,1.0066666666666666,33.96666666666667,0,5.1764362714980825,70.66250196097344,10,3,1,0.4999999999999999,-0.8660254037844387,0.4338837391175582,-0.900968867902419,0.4999999999999999,0.8660254037844387,26.5,22.4375,9.479166666666666,8.5,16.9,100.0,97.0,0.0,4.8512497,0.05,0.4499999999999999,16.23333331,33.55,33.5,33.5,33.5,34.8,-15.21925924,-0.0462963333333341,0.2733333333333333,0.7333333333333333,1.112,16.270370365555557,0.8728888888888906,4.68869,4.6441255,4.648609,4.6589994,4.805869,0,4.0,0,0.0,-1.55,53.9,46.1
2023-01-19 10:45:00,722.404436133328,92.192978816666,92.214644649998,16.23333331,1.112,34.8,2,5.1764362714980825,70.66250196097344,10,3,1,0.4999999999999999,-0.8660254037844387,0.4338837391175582,-0.900968867902419,0.4999999999999999,0.8660254037844387,28.75,25.375,11.875,9.15,18.15,100.0,97.0,0.1,4.8762827,0.075,0.525,16.387037016666667,33.96666666666667,33.55,33.5,33.5,36.11666666666667,-15.12133331,0.0074074033333317,0.1053333333333332,1.0066666666666666,0.8033333333333333,16.243827152222224,0.9506666666666682,4.805869,4.68869,4.6441255,4.648609,5.034134,0,3.0,1,0.25,-1.55,53.6,46.4
2023-01-19 11:00:00,130.094796149994,30.496280116666,30.511279516666,16.387037016666667,0.8033333333333333,36.11666666666667,1,5.1764362714980825,70.66250196097344,11,3,1,0.258819045102521,-0.9659258262890682,0.4338837391175582,-0.900968867902419,0.4999999999999999,0.8660254037844387,31.0,27.625,14.458333333333334,9.8,19.4,100.0,97.0,0.2,4.901427,0.1,0.6,16.41111112,34.8,33.96666666666667,33.55,33.5,36.15,-15.583703683333336,0.1537037066666684,-0.3086666666666665,1.112,0.7346666666666667,16.282098744444443,0.9740000000000016,5.034134,4.805869,4.68869,4.6441255,5.0460925,0,2.0,1,0.5,-1.51,51.2,48.8
2023-01-19 11:15:00,91.619112988884,11.343435144444,11.359545666664,16.41111112,0.7346666666666667,36.15,1,5.1764362714980825,70.66250196097344,11,3,1,0.258819045102521,-0.9659258262890682,0.4338837391175582,-0.900968867902419,0.4999999999999999,0.8660254037844387,39.0,31.3125,17.666666666666668,9.7,19.675,100.0,96.5,0.275,4.926533,0.175,0.75,16.325925943333335,36.11666666666667,34.8,33.96666666666667,33.55,36.18333333333333,-15.676444453333334,0.0240741033333335,-0.0686666666666666,0.8033333333333333,0.7773333333333333,16.34382714888889,0.8833333333333351,5.0460925,5.034134,4.805869,4.68869,5.024885,0,1.0,0,0.75,-1.5,50.9,49.1
2023-01-19 11:30:00,175.29243252222,99.118535083334,99.144089644444,16.325925943333335,0.7773333333333333,36.18333333333333,2,5.1764362714980825,70.66250196097344,11,3,1,0.258819045102521,-0.9659258262890682,0.4338837391175582,-0.900968867902419,0.4999999999999999,0.8660254037844387,47.0,36.4375,21.5,9.6,19.95,100.0,96.0,0.35,4.9515715,0.25,0.8999999999999999,16.46111111,36.15,36.11666666666667,34.8,33.96666666666667,36.15,-15.548592610000002,-0.0851851766666662,0.0426666666666666,0.7346666666666667,0.8366666666666667,16.37469136,0.7717777777777796,5.024885,5.0460925,5.034134,4.805869,5.0613103,0,0.0,1,1.0,-1.52,52.0,48.0
2023-01-19 11:45:00,76.47388550555,0.0,0.0,16.46111111,0.8366666666666667,36.15,0,5.1764362714980825,70.66250196097344,11,3,1,0.258819045102521,-0.9659258262890682,0.4338837391175582,-0.900968867902419,0.4999999999999999,0.8660254037844387,55.0,43.0,25.95833333333333,9.5,20.225,100.0,95.5,0.425,4.976537,0.325,1.05,16.40740737,36.18333333333333,36.15,36.11666666666667,34.8,36.0,-15.624444443333337,0.1351851666666661,0.0593333333333333,0.7773333333333333,0.5866666666666667,16.399382724444447,0.7828888888888907,5.0613103,5.024885,5.0460925,5.034134,5.0240326,1,1.0,1,0.75,-1.49,50.3,49.7
2023-01-19 12:00:00,96.585858694442,22.132170227778,22.148558472222,16.40740737,0.5866666666666667,36.0,1,5.1764362714980825,70.66250196097344,12,3,1,1.2246467991473532e-16,-1.0,0.4338837391175582,-0.900968867902419,0.4999999999999999,0.8660254037844387,63.0,51.0,31.041666666666668,9.4,20.5,100.0,95.0,0.5,5.0014253,0.4,1.2,16.35555553,36.15,36.18333333333333,36.15,36.11666666666667,36.0,-15.820740703333335,-0.0537037399999995,-0.25,0.8366666666666667,0.4386666666666666,16.39814814111111,0.7335555555555574,5.0240326,5.0613103,5.024885,5.0460925,5.0083613,0,1.0,1,0.75,-1.5,51.0,49.0
2023-01-19 12:15:00,179.458377094438,99.4926868,99.517130255556,16.35555553,0.4386666666666666,36.0,2,5.1764362714980825,70.66250196097344,12,3,1,1.2246467991473532e-16,-1.0,0.4338837391175582,-0.900968867902419,0.4999999999999999,0.8660254037844387,57.75,55.6875,35.270833333333336,9.6,20.5,100.0,96.25,0.6,5.0413685,1.05,1.125,16.601851866666667,36.0,36.15,36.18333333333333,36.15,35.81666666666667,-15.916888863333334,-0.0518518400000012,-0.148,0.5866666666666667,0.6753333333333333,16.408024670000003,0.6206666666666684,5.0083613,5.0240326,5.0613103,5.024885,5.057295,0,1.0,1,0.75,-1.51,51.7,48.3
2023-01-19 12:30:00,221.119766005554,156.705953744444,156.736230333332,16.601851866666667,0.6753333333333333,35.81666666666667,2,5.1764362714980825,70.66250196097344,12,3,1,1.2246467991473532e-16,-1.0,0.4338837391175582,-0.900968867902419,0.4999999999999999,0.8660254037844387,52.5,57.0625,38.645833333333336,9.8,20.5,100.0,97.5,0.7,5.0807576,1.7000000000000002,1.05,17.09444446,36.0,36.0,36.15,36.18333333333333,35.4,-15.926518533333336,0.246296336666667,0.2366666666666667,0.4386666666666666,0.824,16.454938255555557,0.5668888888888907,5.057295,5.0083613,5.0240326,5.0613103,5.1484756,0,1.0,0,0.75,-1.46,48.5,51.5
2023-01-19 12:45:00,408.140062694442,332.59058476111,332.638360616666,17.09444446,0.824,35.4,2,5.1764362714980825,70.66250196097344,12,3,1,1.2246467991473532e-16,-1.0,0.4338837391175582,-0.900968867902419,0.4999999999999999,0.8660254037844387,47.25,55.125,41.16666666666666,10.0,20.5,100.0,98.75,0.8,5.119595,2.35,0.975,17.83888892,35.81666666666667,36.0,36.0,36.15,34.38333333333333,-16.270444459999997,0.492592593333331,0.1486666666666666,0.6753333333333333,0.878,16.68395061888889,0.6460000000000017,5.1484756,5.057295,5.0083613,5.0240326,5.2280164,0,0.0,0,1.0,-1.34,42.3,57.7
2023-01-19 13:00:00,303.26036918333,212.444835183334,212.479833816666,17.83888892,0.878,34.38333333333333,2,5.1764362714980825,70.66250196097344,13,3,1,-0.2588190451025208,-0.9659258262890684,0.4338837391175582,-0.900968867902419,0.4999999999999999,0.8660254037844387,42.0,49.875,42.833333333333336,10.2,20.5,100.0,100.0,0.9,5.157887,3.0,0.9,17.87777777,35.4,35.81666666666667,36.0,36.0,34.05,-16.96088892,0.7444444600000004,0.054,0.824,0.8646666666666666,17.178395082222224,0.7924444444444463,5.2280164,5.1484756,5.057295,5.0083613,5.189336,0,0.0,0,1.0,-1.17,33.6,66.4
2023-01-19 13:15:00,244.203564899996,150.663973183334,150.695360877776,17.87777777,0.8646666666666666,34.05,2,5.1764362714980825,70.66250196097344,13,3,1,-0.2588190451025208,-0.9659258262890684,0.4338837391175582,-0.900968867902419,0.4999999999999999,0.8660254037844387,42.5,46.0625,44.35416666666666,10.825,22.025,100.0,100.0,0.95,5.175549,2.725,0.95,17.788888896666666,34.38333333333333,35.4,35.81666666666667,36.0,34.28333333333333,-17.013111103333333,0.0388888500000028,-0.0133333333333334,0.878,0.8386666666666667,17.60370371666667,0.8555555555555573,5.189336,5.2280164,5.1484756,5.057295,5.197307,0,0.0,0,1.0,-1.16,33.2,66.8
2023-01-19 13:30:00,438.173583672214,362.439112972222,362.492722011108,17.788888896666666,0.8386666666666667,34.28333333333333,2,5.1764362714980825,70.66250196097344,13,3,1,-0.2588190451025208,-0.9659258262890684,0.4338837391175582,-0.900968867902419,0.4999999999999999,0.8660254037844387,43.0,43.6875,45.72916666666666,11.45,23.55,100.0,100.0,1.0,5.1932645,2.45,1.0,18.44444448,34.05,34.38333333333333,35.4,35.81666666666667,33.25,-16.95022223,-0.0888888733333352,-0.0259999999999999,0.8646666666666666,1.0,17.835185195555557,0.8604444444444462,5.197307,5.189336,5.2280164,5.1484756,5.2409163,0,0.0,0,1.0,-1.18,34.2,65.8
2023-01-19 13:45:00,419.530162672218,340.959138872222,341.008859149998,18.44444448,1.0,33.25,2,5.1764362714980825,70.66250196097344,13,3,1,-0.2588190451025208,-0.9659258262890684,0.4338837391175582,-0.900968867902419,0.4999999999999999,0.8660254037844387,43.5,42.75,46.958333333333336,12.075,25.075000000000003,100.0,100.0,1.05,5.2110333,2.175,1.05,18.877777743333333,34.28333333333333,34.05,34.38333333333333,35.4,32.35,-17.44444448,0.6555555833333351,0.1613333333333333,0.8386666666666667,1.0366666666666666,18.03703704888889,0.9011111111111128,5.2409163,5.197307,5.189336,5.2280164,5.231504,0,0.0,0,1.0,-1.03,27.5,72.5
2023-01-19 14:00:00,185.172592783334,126.0166258,126.044124733332,18.877777743333333,1.0366666666666666,32.35,2,5.1764362714980825,70.66250196097344,14,3,1,-0.4999999999999997,-0.8660254037844388,0.4338837391175582,-0.900968867902419,0.4999999999999999,0.8660254037844387,44.0,43.25,48.04166666666666,12.7,26.6,100.0,100.0,1.1,5.2288537,1.9,1.1,18.54444444,33.25,34.28333333333333,34.05,34.38333333333333,32.35,-17.841111076666667,0.4333332633333313,0.0366666666666666,1.0,1.328,18.370370373333333,0.9584444444444462,5.231504,5.2409163,5.197307,5.189336,5.1293626,0,0.0,0,1.0,-0.94,23.5,76.5
2023-01-19 14:15:00,363.620454783326,309.9534347,310.000099549998,18.54444444,1.328,32.35,2,5.1764362714980825,70.66250196097344,14,3,1,-0.4999999999999997,-0.8660254037844388,0.4338837391175582,-0.900968867902419,0.4999999999999999,0.8660254037844387,44.25,43.6875,48.47916666666666,13.1,27.15,100.0,99.75,1.225,5.2694345,1.875,1.25,18.77962962,32.35,33.25,34.28333333333333,34.05,32.13333333333333,-17.21644444,-0.3333333033333332,0.2913333333333334,1.0366666666666666,1.302,18.622222221111112,1.1215555555555572,5.1293626,5.231504,5.2409163,5.197307,5.1664114,0,0.0,0,1.0,-1.01,26.7,73.3
2023-01-19 14:30:00,389.433866588884,330.822877672222,330.872597966664,18.77962962,1.302,32.13333333333333,2,5.1764362714980825,70.66250196097344,14,3,1,-0.4999999999999997,-0.8660254037844388,0.4338837391175582,-0.900968867902419,0.4999999999999999,0.8660254037844387,44.5,44.0625,48.270833333333336,13.5,27.700000000000003,100.0,99.5,1.35,5.310228,1.85,1.4,19.28888889,32.35,32.35,33.25,34.28333333333333,31.15,-17.47762962,0.2351851799999984,-0.026,1.328,1.145333333333333,18.733950601111108,1.222222222222224,5.1664114,5.1293626,5.231504,5.2409163,5.161084,0,0.0,0,1.0,-0.96,24.5,75.5
2023-01-19 14:45:00,266.869602522224,194.506941611112,194.539995855556,19.28888889,1.145333333333333,31.15,2,5.1764362714980825,70.66250196097344,14,3,1,-0.4999999999999997,-0.8660254037844388,0.4338837391175582,-0.900968867902419,0.4999999999999999,0.8660254037844387,44.75,44.375,47.41666666666666,13.9,28.25,100.0,99.25,1.475,5.351234,1.825,1.55,19.04999998,32.13333333333333,32.35,32.35,33.25,31.183333333333334,-18.143555556666666,0.5092592700000012,-0.1566666666666667,1.302,1.094,18.87098765,1.2584444444444465,5.161084,5.1664114,5.1293626,5.231504,5.09437,0,0.0,0,1.0,-0.85,20.2,79.8
2023-01-19 15:00:00,252.737112394442,182.708246927778,182.742134488888,19.04999998,1.094,31.183333333333334,2,5.1764362714980825,70.66250196097344,15,3,1,-0.7071067811865471,-0.7071067811865479,0.4338837391175582,-0.900968867902419,0.4999999999999999,0.8660254037844387,45.0,44.625,45.91666666666666,14.3,28.8,100.0,99.0,1.6,5.3924527,1.8,1.7,18.84444442,31.15,32.13333333333333,32.35,32.35,31.45,-17.955999979999998,-0.23888891,-0.0513333333333332,1.145333333333333,1.2373333333333332,19.03950616333333,1.1804444444444462,5.09437,5.161084,5.1664114,5.1293626,5.0759535,0,0.0,0,1.0,-0.9,22.2,77.8
2023-01-19 15:15:00,410.189425149998,350.080162883334,350.13238306111,18.84444442,1.2373333333333332,31.45,2,5.1764362714980825,70.66250196097344,15,3,1,-0.7071067811865471,-0.7071067811865479,0.4338837391175582,-0.900968867902419,0.4999999999999999,0.8660254037844387,38.5,43.1875,44.3125,12.9,29.25,100.0,99.0,1.675,5.4199853,2.15,1.775,19.370370376666664,31.183333333333334,31.15,32.13333333333333,32.35,31.03333333333333,-17.607111086666666,-0.2055555600000005,0.1433333333333331,1.094,1.5226666666666666,19.061111096666668,1.1588888888888906,5.0759535,5.09437,5.161084,5.1664114,5.166477,0,0.0,0,1.0,-0.95,24.0,76.0
2023-01-19 15:30:00,333.183616688884,266.9051567,266.946543977776,19.370370376666664,1.5226666666666666,31.03333333333333,2,5.1764362714980825,70.66250196097344,15,3,1,-0.7071067811865471,-0.7071067811865479,0.4338837391175582,-0.900968867902419,0.4999999999999999,0.8660254037844387,32.0,40.0625,42.60416666666666,11.5,29.700000000000003,100.0,99.0,1.75,5.4476414,2.5,1.85,19.527777800000003,31.45,31.183333333333334,31.15,32.13333333333333,31.0,-17.847703709999998,0.525925956666665,0.2853333333333334,1.2373333333333332,1.6493333333333335,19.08827159222222,1.2846666666666684,5.166477,5.0759535,5.09437,5.161084,5.2089257,0,0.0,0,1.0,-0.83,19.5,80.5
2023-01-19 15:45:00,514.1847096555521,131.1330878,131.163086633332,19.527777800000003,1.6493333333333335,31.0,2,5.1764362714980825,70.66250196097344,15,3,1,-0.7071067811865471,-0.7071067811865479,0.4338837391175582,-0.900968867902419,0.4999999999999999,0.8660254037844387,25.5,35.25,40.79166666666666,10.1,30.15,100.0,99.0,1.825,5.475421,2.85,1.925,19.01851852333333,31.03333333333333,31.45,31.183333333333334,31.15,31.183333333333334,-17.878444466666668,0.1574074233333391,0.1266666666666669,1.5226666666666666,1.6846666666666663,19.24753086555556,1.4697777777777796,5.2089257,5.166477,5.0759535,5.09437,5.0849156,0,0.0,0,1.0,-0.79,18.3,81.7
2023-01-19 16:00:00,321.733241372218,265.198558316666,265.24161216111,19.01851852333333,1.6846666666666663,31.183333333333334,2,5.1764362714980825,70.66250196097344,16,3,1,-0.8660254037844385,-0.5000000000000004,0.4338837391175582,-0.900968867902419,0.4999999999999999,0.8660254037844387,19.0,28.75,38.875,8.7,30.6,100.0,99.0,1.9,5.503325,3.2,2.0,19.12777777,31.0,31.03333333333333,31.45,31.183333333333334,31.45,-17.33385185666667,-0.5092592766666684,0.0353333333333329,1.6493333333333335,1.87,19.305555566666666,1.6188888888888908,5.0849156,5.2089257,5.166477,5.0759535,5.161557,0,0.0,0,1.0,-0.91,22.5,77.5
2023-01-19 16:15:00,396.299980683334,315.845421244444,315.893197166664,19.12777777,1.87,31.45,2,5.1764362714980825,70.66250196097344,16,3,1,-0.8660254037844385,-0.5000000000000004,0.4338837391175582,-0.900968867902419,0.4999999999999999,0.8660254037844387,17.25,23.4375,36.770833333333336,9.25,28.175,100.0,99.25,1.875,5.498558,3.225,1.95,19.62592591,31.183333333333334,31.0,31.03333333333333,31.45,31.03333333333333,-17.25777777,0.1092592466666673,0.1853333333333335,1.6846666666666663,1.6873333333333334,19.22469136444445,1.7346666666666686,5.161557,5.0849156,5.2089257,5.166477,5.244683,0,0.0,0,1.0,-0.88,21.5,78.5
2023-01-19 16:30:00,299.118312555556,228.6875188,228.726961705554,19.62592591,1.6873333333333334,31.03333333333333,2,5.1764362714980825,70.66250196097344,16,3,1,-0.8660254037844385,-0.5000000000000004,0.4338837391175582,-0.900968867902419,0.4999999999999999,0.8660254037844387,15.5,19.3125,34.479166666666664,9.8,25.75,100.0,99.5,1.85,5.4937544,3.25,1.9,19.52222222,31.45,31.183333333333334,31.0,31.03333333333333,31.05,-17.938592576666665,0.4981481399999978,-0.1826666666666667,1.87,1.68,19.257407401111116,1.7473333333333352,5.244683,5.161557,5.0849156,5.2089257,5.215624,0,0.0,0,1.0,-0.77,17.5,82.5
2023-01-19 16:45:00,154.759364927778,100.3009878,100.325986833332,19.52222222,1.68,31.05,2,5.1764362714980825,70.66250196097344,16,3,1,-0.8660254037844385,-0.5000000000000004,0.4338837391175582,-0.900968867902419,0.4999999999999999,0.8660254037844387,13.75,16.375,32.0,10.35,23.325,100.0,99.75,1.825,5.4889116,3.275,1.85,19.06481484,31.03333333333333,31.45,31.183333333333334,31.0,31.83333333333333,-17.84222222,-0.1037036899999996,-0.0073333333333334,1.6873333333333334,1.7106666666666668,19.425308633333334,1.7457777777777796,5.215624,5.244683,5.161557,5.0849156,5.2051063,0,0.0,0,1.0,-0.79,18.3,81.7
2023-01-19 17:00:00,1143.20871423889,328.191594044444,328.24659186111,19.06481484,1.7106666666666668,31.83333333333333,2,5.1764362714980825,70.66250196097344,17,3,1,-0.9659258262890684,-0.2588190451025206,0.4338837391175582,-0.900968867902419,0.4999999999999999,0.8660254037844387,12.0,14.625,29.33333333333333,10.9,20.9,100.0,100.0,1.8,5.4840307,3.3,1.8,19.383333330000003,31.05,31.03333333333333,31.45,31.183333333333334,33.25,-17.354148173333332,-0.4574073799999993,0.0306666666666668,1.68,1.7893333333333332,19.40432099,1.6926666666666683,5.2051063,5.215624,5.244683,5.161557,5.5397353,0,0.0,0,1.0,-0.9,21.9,78.1
2023-01-19 17:15:00,460.924617977772,331.793949927778,331.859225149998,19.383333330000003,1.7893333333333332,33.25,2,5.1764362714980825,70.66250196097344,17,3,1,-0.9659258262890684,-0.2588190451025206,0.4338837391175582,-0.900968867902419,0.4999999999999999,0.8660254037844387,10.0,12.8125,26.479166666666668,10.925,21.625,100.0,100.0,1.85,5.5026684,2.6,1.85,19.79074073,31.83333333333333,31.05,31.03333333333333,31.45,33.96666666666667,-17.59399999666667,0.3185184900000024,0.0786666666666664,1.7106666666666668,1.82,19.323456796666665,1.7266666666666683,5.5397353,5.2051063,5.215624,5.244683,5.796218,0,0.0,0,1.0,-0.81,19.0,81.0
2023-01-19 17:30:00,264.155822194446,170.672061727778,170.725670683334,19.79074073,1.82,33.96666666666667,2,5.1764362714980825,70.66250196097344,17,3,1,-0.9659258262890684,-0.2588190451025206,0.4338837391175582,-0.900968867902419,0.4999999999999999,0.8660254037844387,8.0,10.9375,23.4375,10.95,22.35,100.0,100.0,1.9,5.5213614,1.9,1.9,19.46666668,33.25,31.83333333333333,31.05,31.03333333333333,33.75,-17.97074073,0.4074073999999967,0.0306666666666668,1.7893333333333332,1.8306666666666669,19.41296296666667,1.7733333333333352,5.796218,5.5397353,5.2051063,5.215624,5.650669,0,0.0,0,1.0,-0.72,15.8,84.2
2023-01-19 17:45:00,259.829606466664,170.266800188888,170.312353949998,19.46666668,1.8306666666666669,33.75,2,5.1764362714980825,70.66250196097344,17,3,1,-0.9659258262890684,-0.2588190451025206,0.4338837391175582,-0.900968867902419,0.4999999999999999,0.8660254037844387,6.0,9.0,20.20833333333333,10.975,23.075,100.0,100.0,1.95,5.5401087,1.2000000000000002,1.95,19.168518523333333,33.96666666666667,33.25,31.83333333333333,31.05,34.25,-17.636000013333334,-0.3240740500000001,0.0106666666666666,1.82,1.8273333333333333,19.546913580000005,1.8133333333333352,5.650669,5.796218,5.5397353,5.2051063,5.6346083,0,0.0,0,1.0,-0.79,18.3,81.7
2023-01-19 18:00:00,433.067676666664,356.447963727778,356.508516905554,19.168518523333333,1.8273333333333333,34.25,2,5.1764362714980825,70.66250196097344,18,3,1,-1.0,-1.8369701987210294e-16,0.4338837391175582,-0.900968867902419,0.4999999999999999,0.8660254037844387,4.0,7.0,16.791666666666668,11.0,23.8,100.0,100.0,2.0,5.558914,0.5,2.0,19.71111109,33.75,33.96666666666667,33.25,31.83333333333333,33.6,-17.34118519,-0.2981481566666666,-0.0033333333333334,1.8306666666666669,1.7933333333333334,19.475308644444443,1.8260000000000016,5.6346083,5.650669,5.796218,5.5397353,5.7069225,0,0.0,0,1.0,-0.86,20.6,79.4
2023-01-19 18:15:00,319.025016305554,265.478269344444,265.520212166664,19.71111109,1.7933333333333334,33.6,2,5.1764362714980825,70.66250196097344,18,3,1,-1.0,-1.8369701987210294e-16,0.4338837391175582,-0.900968867902419,0.4999999999999999,0.8660254037844387,3.0,5.25,13.833333333333334,10.325,23.425,100.0,98.5,2.0,5.5501704,0.375,2.2,19.896296256666663,34.25,33.75,33.96666666666667,33.25,32.85,-17.917777756666666,0.5425925666666664,-0.0339999999999998,1.8273333333333333,1.748,19.448765431111116,1.817111111111113,5.7069225,5.6346083,5.650669,5.796218,5.640464,0,0.0,0,1.0,-0.74,16.4,83.6
2023-01-19 18:30:00,211.163497572222,155.2637892,155.292954716666,19.896296256666663,1.748,32.85,2,5.1764362714980825,70.66250196097344,18,3,1,-1.0,-1.8369701987210294e-16,0.4338837391175582,-0.900968867902419,0.4999999999999999,0.8660254037844387,2.0,3.75,11.333333333333334,9.65,23.05,100.0,97.0,2.0,5.5400314,0.25,2.4,19.5,33.6,34.25,33.75,33.96666666666667,32.9,-18.148296256666665,0.1851851666666668,-0.0453333333333334,1.7933333333333334,1.8033333333333332,19.59197529,1.7895555555555571,5.640464,5.7069225,5.6346083,5.650669,5.519163,0,0.0,0,1.0,-0.7,15.3,84.7
2023-01-19 18:45:00,283.76364896666803,209.889381822224,209.922436083334,19.5,1.8033333333333332,32.9,2,5.1764362714980825,70.66250196097344,18,3,1,-1.0,-1.8369701987210294e-16,0.4338837391175582,-0.900968867902419,0.4999999999999999,0.8660254037844387,1.0,2.5,9.291666666666666,8.975000000000001,22.675,100.0,95.5,2.0,5.528461,0.125,2.6,19.32407411,32.85,33.6,34.25,33.75,33.46666666666667,-17.696666666666665,-0.3962962566666661,0.0553333333333334,1.748,1.834,19.702469115555555,1.7815555555555571,5.519163,5.640464,5.7069225,5.6346083,5.556421,0,0.0,0,1.0,-0.79,18.1,81.9
2023-01-19 19:00:00,408.392552577776,333.43443983889,333.481660216666,19.32407411,1.834,33.46666666666667,2,5.1764362714980825,70.66250196097344,19,3,1,-0.9659258262890684,0.2588190451025203,0.4338837391175582,-0.900968867902419,0.4999999999999999,0.8660254037844387,0.0,1.5,7.708333333333333,8.3,22.3,100.0,94.0,2.0,5.515432,0.0,2.8,19.7611111,32.9,32.85,33.6,34.25,33.1,-17.490074110000002,-0.1759258899999984,0.0306666666666666,1.8033333333333332,1.9326666666666668,19.57345678888889,1.7951111111111129,5.556421,5.519163,5.640464,5.7069225,5.6385174,0,0.0,0,1.0,-0.83,19.4,80.6
2023-01-19 19:15:00,350.786245772222,262.139236211112,262.176456988888,19.7611111,1.9326666666666668,33.1,2,5.1764362714980825,70.66250196097344,19,3,1,-0.9659258262890684,0.2588190451025203,0.4338837391175582,-0.900968867902419,0.4999999999999999,0.8660254037844387,0.0,0.75,6.270833333333333,7.950000000000001,20.15,100.0,95.5,1.8,5.45436,0.025,2.4,19.875925906666662,33.46666666666667,32.9,32.85,33.6,32.53333333333333,-17.828444433333335,0.4370369899999993,0.0986666666666666,1.834,3.1713333333333336,19.52839507,1.8566666666666685,5.6385174,5.556421,5.519163,5.640464,5.579427,0,0.0,0,1.0,-0.73,16.2,83.8
2023-01-19 19:30:00,241.762829166664,153.729406144444,153.755793972222,19.875925906666662,3.1713333333333336,32.53333333333333,2,5.1764362714980825,70.66250196097344,19,3,1,-0.9659258262890684,0.2588190451025203,0.4338837391175582,-0.900968867902419,0.4999999999999999,0.8660254037844387,0.0,0.25,4.979166666666667,7.6,18.0,100.0,97.0,1.6,5.392147,0.05,2.0,19.47777776,33.1,33.46666666666667,32.9,32.85,32.85,-16.704592573333333,0.1148148066666649,1.2386666666666668,1.9326666666666668,4.026666666666666,19.65370370555556,2.3126666666666686,5.579427,5.6385174,5.556421,5.519163,5.5035787,0,0.0,0,1.0,-0.7,15.4,84.6
2023-01-19 19:45:00,323.530669405554,246.274037527778,246.31153606111,19.47777776,4.026666666666666,32.85,2,5.1764362714980825,70.66250196097344,19,3,1,-0.9659258262890684,0.2588190451025203,0.4338837391175582,-0.900968867902419,0.4999999999999999,0.8660254037844387,0.0,0.0,3.8333333333333335,7.25,15.85,100.0,98.5,1.4,5.328883,0.075,1.6,19.599999976666663,32.53333333333333,33.1,33.46666666666667,32.9,33.36666666666667,-15.451111093333331,-0.3981481466666672,0.8553333333333328,3.1713333333333336,4.782,19.70493825555556,3.043555555555557,5.5035787,5.579427,5.6385174,5.556421,5.6304383,0,0.0,0,1.0,-0.8,18.3,81.7
2023-01-19 20:00:00,821.4679732999999,279.800751988888,279.856027594442,19.599999976666663,4.782,33.36666666666667,2,5.1764362714980825,70.66250196097344,20,3,1,-0.8660254037844386,0.5000000000000001,0.4338837391175582,-0.900968867902419,0.4999999999999999,0.8660254037844387,0.0,0.0,2.833333333333333,6.9,13.7,100.0,100.0,1.2,5.2646585,0.1,1.2,20.13333332,32.85,32.53333333333333,33.1,33.46666666666667,35.15,-14.817999976666666,0.1222222166666675,0.7553333333333336,4.026666666666666,5.346,19.65123454777778,3.9933333333333354,5.6304383,5.5035787,5.579427,5.6385174,6.119731,0,0.0,0,1.0,-0.76,17.3,82.7
2023-01-19 20:15:00,797.664758816666,217.04020696111,217.076038894442,20.13333332,5.346,35.15,2,5.1764362714980825,70.66250196097344,20,3,1,-0.8660254037844386,0.5000000000000001,0.4338837391175582,-0.900968867902419,0.4999999999999999,0.8660254037844387,0.0,0.0,2.0,6.800000000000001,13.25,100.0,99.75,1.325,5.3054705,0.075,1.35,20.36666663,33.36666666666667,32.85,32.53333333333333,33.1,36.8,-14.787333320000002,0.5333333433333358,0.5640000000000001,4.782,5.460666666666667,19.737037018888888,4.718222222222224,6.119731,5.6304383,5.5035787,5.579427,6.49497,0,0.0,0,1.0,-0.63,13.3,86.7
2023-01-19 20:30:00,585.017153911112,227.876717883334,227.9300491,20.36666663,5.460666666666667,36.8,2,5.1764362714980825,70.66250196097344,20,3,1,-0.8660254037844386,0.5000000000000001,0.4338837391175582,-0.900968867902419,0.4999999999999999,0.8660254037844387,0.0,0.0,1.3333333333333333,6.7,12.8,100.0,99.5,1.45,5.3464966,0.05,1.5,20.61666667,35.15,33.36666666666667,32.85,32.53333333333333,37.85,-14.905999963333334,0.233333309999999,0.1146666666666664,5.346,4.981333333333334,20.03333330888889,5.196222222222224,6.49497,6.119731,5.6304383,5.5035787,6.7784214,0,0.0,0,1.0,-0.57,11.8,88.2
2023-01-19 20:45:00,943.875021338886,238.7629491,238.826557672222,20.61666667,4.981333333333334,37.85,2,5.1764362714980825,70.66250196097344,20,3,1,-0.8660254037844386,0.5000000000000001,0.4338837391175582,-0.900968867902419,0.4999999999999999,0.8660254037844387,0.0,0.0,0.8333333333333334,6.6,12.35,100.0,99.25,1.575,5.387737,0.0249999999999999,1.65,20.86296293,36.8,35.15,33.36666666666667,32.85,38.36666666666667,-15.635333336666664,0.2500000399999962,-0.4793333333333329,5.460666666666667,5.112666666666667,20.372222206666667,5.262666666666668,6.7784214,6.49497,6.119731,5.6304383,6.970184,0,0.0,0,1.0,-0.5,10.3,89.7
2023-01-19 21:00:00,1000.35470637778,228.187816588888,228.2483697,20.86296293,5.112666666666667,38.36666666666667,2,5.1764362714980825,70.66250196097344,21,3,1,-0.7071067811865477,0.7071067811865474,0.4338837391175582,-0.900968867902419,0.4999999999999999,0.8660254037844387,0.0,0.0,0.5,6.5,11.9,100.0,99.0,1.7,5.4291906,0.0,1.8,21.02777779,37.85,36.8,35.15,33.36666666666667,38.9,-15.750296263333333,0.2462962600000011,0.131333333333333,4.981333333333334,4.200666666666667,20.615432076666668,5.18488888888889,6.970184,6.7784214,6.49497,6.119731,7.1351085,0,0.0,0,1.0,-0.44,9.1,90.9
2023-01-19 21:15:00,843.535146094446,237.936871044444,237.973814049998,21.02777779,4.200666666666667,38.9,2,5.1764362714980825,70.66250196097344,21,3,1,-0.7071067811865477,0.7071067811865474,0.4338837391175582,-0.900968867902419,0.4999999999999999,0.8660254037844387,0.0,0.0,0.25,6.775,12.175,96.25,99.25,1.675,5.433672,0.0,1.775,21.08703705,38.36666666666667,37.85,36.8,35.15,37.88333333333333,-16.827111123333335,0.1648148600000034,-0.912,5.112666666666667,3.1266666666666665,20.835802463333334,4.7648888888888905,7.1351085,6.970184,6.7784214,6.49497,6.972582,0,0.0,0,1.0,-0.4,8.3,91.7
2023-01-19 21:30:00,299.853005350002,220.507568211112,220.541733544444,21.08703705,3.1266666666666665,37.88333333333333,2,5.1764362714980825,70.66250196097344,21,3,1,-0.7071067811865477,0.7071067811865474,0.4338837391175582,-0.900968867902419,0.4999999999999999,0.8660254037844387,0.0,0.0,0.0833333333333333,7.05,12.45,92.5,99.5,1.65,5.4381213,0.0,1.75,21.06111115,38.9,38.36666666666667,37.85,36.8,36.4,-17.960370383333334,0.0592592599999974,-1.0740000000000005,4.200666666666667,2.798666666666666,20.99259259,4.146666666666668,6.972582,7.1351085,6.970184,6.7784214,6.6894913,0,0.0,0,1.0,-0.39,8.2,91.8
2023-01-19 21:45:00,338.433406605554,237.792710127778,237.825764405554,21.06111115,2.798666666666666,36.4,2,5.1764362714980825,70.66250196097344,21,3,1,-0.7071067811865477,0.7071067811865474,0.4338837391175582,-0.900968867902419,0.4999999999999999,0.8660254037844387,0.0,0.0,0.0,7.324999999999999,12.725,88.75,99.75,1.625,5.442538,0.0,1.725,21.1074074,37.88333333333333,38.9,38.36666666666667,37.85,35.53333333333333,-18.262444483333333,-0.0259259000000007,-0.3279999999999998,3.1266666666666665,2.23,21.05864199666667,3.375333333333335,6.6894913,6.972582,7.1351085,6.970184,6.547793,0,0.0,0,1.0,-0.41,8.5,91.5
2023-01-19 22:00:00,1489.926789477776,225.944572988888,225.993459916666,21.1074074,2.23,35.53333333333333,2,5.1764362714980825,70.66250196097344,22,3,1,-0.5000000000000004,0.8660254037844384,0.4338837391175582,-0.900968867902419,0.4999999999999999,0.8660254037844387,0.0,0.0,0.0,7.6,13.0,85.0,100.0,1.6,5.446922,0.0,1.7,21.15000002,36.4,37.88333333333333,38.9,38.36666666666667,35.6,-18.8774074,0.046296250000001,-0.5686666666666667,2.798666666666666,1.5773333333333333,21.0851852,2.718444444444446,6.547793,6.6894913,6.972582,7.1351085,6.5763164,0,0.0,0,1.0,-0.4,8.4,91.6
2023-01-19 22:15:00,1137.852539677776,196.967121,197.010452633332,21.15000002,1.5773333333333333,35.6,2,5.1764362714980825,70.66250196097344,22,3,1,-0.5000000000000004,0.8660254037844384,0.4338837391175582,-0.900968867902419,0.4999999999999999,0.8660254037844387,0.0,0.0,0.0,7.824999999999999,13.175,76.25,100.0,1.35,5.35511,0.0,1.45,21.1666667,35.53333333333333,36.4,37.88333333333333,38.9,36.43333333333333,-19.57266668666667,0.0425926200000006,-0.6526666666666667,2.23,1.3039999999999998,21.106172856666664,2.2020000000000013,6.5763164,6.547793,6.6894913,6.972582,6.7367697,0,0.0,0,1.0,-0.39,8.2,91.8
2023-01-19 22:30:00,250.06221927778,186.5517043,186.575314472222,21.1666667,1.3039999999999998,36.43333333333333,2,5.1764362714980825,70.66250196097344,22,3,1,-0.5000000000000004,0.8660254037844384,0.4338837391175582,-0.900968867902419,0.4999999999999999,0.8660254037844387,0.0,0.0,0.0,8.05,13.35,67.5,100.0,1.1,5.2646585,0.0,1.2,21.03888893,35.6,35.53333333333333,36.4,37.88333333333333,36.1,-19.8626667,0.0166666800000001,-0.2733333333333334,1.5773333333333333,1.26,21.14135804,1.7037777777777794,6.7367697,6.5763164,6.547793,6.6894913,6.6258,0,0.0,0,1.0,-0.38,8.1,91.9
2023-01-19 22:45:00,135.382084599996,54.438100188888,54.445877677776,21.03888893,1.26,36.1,1,5.1764362714980825,70.66250196097344,22,3,1,-0.5000000000000004,0.8660254037844384,0.4338837391175582,-0.900968867902419,0.4999999999999999,0.8660254037844387,0.0,0.0,0.0,8.275,13.525,58.75,100.0,0.8500000000000001,5.175549,0.0,0.95,20.385185213333333,36.43333333333333,35.6,35.53333333333333,36.4,35.53333333333333,-19.77888893,-0.1277777700000015,-0.0439999999999998,1.3039999999999998,1.3246666666666669,21.11851855,1.3804444444444457,6.6258,6.7367697,6.5763164,6.547793,6.278196,0,0.0,1,1.0,-0.42,8.6,91.4
2023-01-19 23:00:00,79.262940472222,14.011939516666,14.019161477776,20.385185213333333,1.3246666666666669,35.53333333333333,1,5.1764362714980825,70.66250196097344,23,3,1,-0.2588190451025215,0.965925826289068,0.4338837391175582,-0.900968867902419,0.4999999999999999,0.8660254037844387,0.0,0.0,0.0,8.5,13.7,50.0,100.0,0.6,5.0877643,0.0,0.7,19.69999999,36.1,36.43333333333333,35.6,35.53333333333333,35.9,-19.060518546666668,-0.6537037166666657,0.0646666666666666,1.26,2.156,20.863580281111112,1.2962222222222235,6.278196,6.6258,6.7367697,6.5763164,6.0936017,0,0.0,0,1.0,-0.57,11.8,88.2
2023-01-19 23:15:00,66.252905294446,0.0,0.0,19.69999999,2.156,35.9,0,5.1764362714980825,70.66250196097344,23,3,1,-0.2588190451025215,0.965925826289068,0.4338837391175582,-0.900968867902419,0.4999999999999999,0.8660254037844387,0.0,0.0,0.0,9.0,13.875,49.5,99.75,0.275,4.9631586,0.0,0.375,19.270370346666667,35.53333333333333,36.1,36.43333333333333,35.6,36.65,-17.54399999,-0.6851852233333346,0.8313333333333335,1.3246666666666669,2.562,20.37469137777778,1.5802222222222235,6.0936017,6.278196,6.6258,6.7367697,6.0657325,1,1.0,1,0.75,-0.73,16.1,83.9
2023-01-19 23:30:00,78.2852018,0.0,0.0,19.270370346666667,2.562,36.65,0,5.1764362714980825,70.66250196097344,23,3,1,-0.2588190451025215,0.965925826289068,0.4338837391175582,-0.900968867902419,0.4999999999999999,0.8660254037844387,0.0,0.0,0.0,9.5,14.05,49.0,99.5,-0.0499999999999999,4.8412795,0.0,0.05,18.93888889,35.9,35.53333333333333,36.1,36.43333333333333,37.35,-16.708370346666666,-0.4296296433333317,0.4059999999999997,2.156,2.256666666666667,19.785185183333336,2.0142222222222235,6.0657325,6.0936017,6.278196,6.6258,6.061923,0,2.0,0,0.5,-0.82,19.3,80.7
2023-01-19 23:45:00,66.21873997778,0.0,0.0,18.93888889,2.256666666666667,37.35,0,5.1764362714980825,70.66250196097344,23,3,1,-0.2588190451025215,0.965925826289068,0.4338837391175582,-0.900968867902419,0.4999999999999999,0.8660254037844387,0.0,0.0,0.0,10.0,14.225,48.5,99.25,-0.3749999999999999,4.722071,0.0,-0.2749999999999999,18.67222222666667,36.65,35.9,35.53333333333333,36.1,37.68333333333333,-16.68222222333333,-0.331481456666669,-0.305333333333333,2.562,2.396666666666667,19.30308640888889,2.3248888888888906,6.061923,6.0657325,6.0936017,6.278196,6.020376,0,3.0,0,0.25,-0.9,21.9,78.1
2023-01-20 00:00:00,65.136283244448,0.0,0.0,18.67222222666667,2.396666666666667,37.68333333333333,0,5.1764362714980825,70.66250196097344,0,4,1,0.0,1.0,-0.433883739117558,-0.9009688679024191,0.4999999999999999,0.8660254037844387,0.0,0.0,0.0,10.5,14.4,48.0,99.0,-0.7,4.605485,0.0,-0.6,18.46666665,37.35,36.65,35.9,35.53333333333333,38.4,-16.27555556,-0.2666666633333285,0.1400000000000001,2.256666666666667,3.418,18.96049382111111,2.4051111111111125,6.020376,6.061923,6.0657325,6.0936017,6.0606446,0,4.0,0,0.0,-0.96,24.3,75.7
2023-01-20 00:15:00,71.453808516662,0.0,0.0,18.46666665,3.418,38.4,0,5.1764362714980825,70.66250196097344,0,4,1,0.0,1.0,-0.433883739117558,-0.9009688679024191,0.4999999999999999,0.8660254037844387,0.0,0.0,0.0,10.7,14.85,60.75,99.0,-0.925,4.542079,0.0,-0.7999999999999999,18.29999997,37.68333333333333,37.35,36.65,35.9,38.96666666666667,-15.048666649999998,-0.2055555766666721,1.0213333333333328,2.396666666666667,3.902,18.69259258888889,2.690444444444445,6.0606446,6.020376,6.061923,6.0657325,6.089592,0,4.0,0,0.0,-1.0,26.1,73.9
2023-01-20 00:30:00,66.045691466664,0.0,0.0,18.29999997,3.902,38.96666666666667,0,5.1764362714980825,70.66250196097344,0,4,1,0.0,1.0,-0.433883739117558,-0.9009688679024191,0.4999999999999999,0.8660254037844387,0.0,0.0,0.0,10.9,15.3,73.5,99.0,-1.15,4.4794416,0.0,-1.0,18.14999999,38.4,37.68333333333333,37.35,36.65,39.35,-14.397999969999995,-0.1666666799999987,0.4840000000000004,3.418,4.152666666666667,18.47962961555556,3.2388888888888907,6.089592,6.0606446,6.020376,6.061923,6.094966,0,4.0,0,0.0,-1.04,27.6,72.4
2023-01-20 00:45:00,484.9211579277781,60.36036323889,60.372029472222,18.14999999,4.152666666666667,39.35,1,5.1764362714980825,70.66250196097344,0,4,1,0.0,1.0,-0.433883739117558,-0.9009688679024191,0.4999999999999999,0.8660254037844387,0.0,0.0,0.0,11.1,15.75,86.25,99.0,-1.375,4.4175615,0.0,-1.2,18.264814816666668,38.96666666666667,38.4,37.68333333333333,37.35,39.31666666666667,-13.997333323333336,-0.1499999799999969,0.2506666666666666,3.902,4.561333333333334,18.305555536666663,3.824222222222224,6.094966,6.089592,6.0606446,6.020376,6.13147,0,3.0,1,0.25,-1.07,29.1,70.9
2023-01-20 01:00:00,119.242174588888,55.761658311112,55.772213472222,18.264814816666668,4.561333333333334,39.31666666666667,1,5.1764362714980825,70.66250196097344,1,4,1,0.2588190451025207,0.9659258262890684,-0.433883739117558,-0.9009688679024191,0.4999999999999999,0.8660254037844387,0.0,0.0,0.0,11.3,16.2,99.0,99.0,-1.6,4.356436,0.0,-1.4,18.42777774,39.35,38.96666666666667,38.4,37.68333333333333,39.0,-13.703481483333334,0.1148148266666666,0.4086666666666669,4.152666666666667,4.8806666666666665,18.238271592222222,4.205333333333336,6.13147,6.094966,6.089592,6.0606446,6.1411705,0,2.0,0,0.5,-1.04,27.9,72.1
2023-01-20 01:15:00,68.908076949998,0.0,0.0,18.42777774,4.8806666666666665,39.0,0,5.1764362714980825,70.66250196097344,1,4,1,0.2588190451025207,0.9659258262890684,-0.433883739117558,-0.9009688679024191,0.4999999999999999,0.8660254037844387,0.0,0.0,0.0,11.1,15.85,94.25,99.0,-1.4500000000000002,4.394552,0.0,-1.275,18.24814817,39.31666666666667,39.35,38.96666666666667,38.4,39.18333333333333,-13.547111073333332,0.1629629233333318,0.3193333333333328,4.561333333333334,5.117333333333333,18.28086418222222,4.531555555555557,6.1411705,6.13147,6.094966,6.089592,6.1046333,1,2.0,1,0.5,-1.01,26.4,73.6
2023-01-20 01:30:00,61.490873699996,0.0,0.0,18.24814817,5.117333333333333,39.18333333333333,0,5.1764362714980825,70.66250196097344,1,4,1,0.2588190451025207,0.9659258262890684,-0.433883739117558,-0.9009688679024191,0.4999999999999999,0.8660254037844387,0.0,0.0,0.0,10.9,15.5,89.5,99.0,-1.3,4.432961,0.0,-1.15,18.1166667,39.0,39.31666666666667,39.35,38.96666666666667,39.5,-13.130814836666667,-0.1796295699999994,0.2366666666666663,4.8806666666666665,5.312666666666667,18.313580242222223,4.8531111111111125,6.1046333,6.1411705,6.13147,6.094966,6.1060934,0,2.0,0,0.5,-1.05,28.1,71.9
2023-01-20 01:45:00,153.178594977772,100.5951427,100.611531011108,18.1166667,5.312666666666667,39.5,2,5.1764362714980825,70.66250196097344,1,4,1,0.2588190451025207,0.9659258262890684,-0.433883739117558,-0.9009688679024191,0.4999999999999999,0.8660254037844387,0.0,0.0,0.0,10.7,15.15,84.75,99.0,-1.15,4.471665,0.0,-1.025,18.396296296666662,39.18333333333333,39.0,39.31666666666667,39.35,39.31666666666667,-12.804000033333333,-0.1314814700000006,0.195333333333334,5.117333333333333,5.336666666666667,18.264197536666668,5.103555555555556,6.1060934,6.1046333,6.1411705,6.13147,6.179487,0,2.0,1,0.5,-1.08,29.4,70.6
2023-01-20 02:00:00,67.343417338886,14.34220403889,14.349703805554,18.396296296666662,5.336666666666667,39.31666666666667,1,5.1764362714980825,70.66250196097344,2,4,1,0.4999999999999999,0.8660254037844387,-0.433883739117558,-0.9009688679024191,0.4999999999999999,0.8660254037844387,0.0,0.0,0.0,10.5,14.8,80.0,99.0,-1.0,4.5106645,0.0,-0.9,18.42222224,39.5,39.18333333333333,39.0,39.31666666666667,39.05,-13.05962963,0.2796295966666662,0.024,5.312666666666667,4.994,18.253703722222223,5.255555555555557,6.179487,6.1060934,6.1046333,6.1411705,6.1470194,0,2.0,1,0.5,-1.01,26.6,73.4
2023-01-20 02:15:00,47.003953249994,0.0,0.0,18.42222224,4.994,39.05,0,5.1764362714980825,70.66250196097344,2,4,1,0.4999999999999999,0.8660254037844387,-0.433883739117558,-0.9009688679024191,0.4999999999999999,0.8660254037844387,0.0,0.0,0.0,10.3,14.425,85.0,99.0,-1.075,4.4950294,0.025,-0.95,18.27407405,39.31666666666667,39.5,39.18333333333333,39.0,39.46666666666667,-13.42822224,0.025925943333334,-0.3426666666666671,5.336666666666667,5.024666666666666,18.311728412222223,5.214444444444446,6.1470194,6.179487,6.1060934,6.1046333,6.158247,1,2.0,1,0.5,-1.01,26.4,73.6
2023-01-20 02:30:00,167.47468966111,109.962823527778,109.981711705554,18.27407405,5.024666666666666,39.46666666666667,2,5.1764362714980825,70.66250196097344,2,4,1,0.4999999999999999,0.8660254037844387,-0.433883739117558,-0.9009688679024191,0.4999999999999999,0.8660254037844387,0.0,0.0,0.0,10.1,14.05,90.0,99.0,-1.15,4.4794416,0.05,-1.0,18.51666665,39.05,39.31666666666667,39.5,39.18333333333333,39.15,-13.249407383333336,-0.1481481900000005,0.0306666666666659,4.994,5.289333333333333,18.36419752888889,5.118444444444446,6.158247,6.1470194,6.179487,6.1060934,6.197352,0,1.0,1,0.75,-1.04,27.8,72.2
2023-01-20 02:45:00,72.74625673333199,0.0,0.0,18.51666665,5.289333333333333,39.15,0,5.1764362714980825,70.66250196097344,2,4,1,0.4999999999999999,0.8660254037844387,-0.433883739117558,-0.9009688679024191,0.4999999999999999,0.8660254037844387,0.0,0.0,0.0,9.9,13.675,95.0,99.0,-1.225,4.4639,0.075,-1.05,18.44629628333333,39.46666666666667,39.05,39.31666666666667,39.5,39.0,-13.227333316666668,0.2425926000000018,0.2646666666666677,5.024666666666666,5.561333333333334,18.40432098,5.102666666666668,6.197352,6.158247,6.1470194,6.179487,6.147916,1,2.0,1,0.5,-0.98,25.5,74.5
2023-01-20 03:00:00,62.576663466668,0.0,0.0,18.44629628333333,5.561333333333334,39.0,0,5.1764362714980825,70.66250196097344,3,4,1,0.7071067811865476,0.7071067811865476,-0.433883739117558,-0.9009688679024191,0.4999999999999999,0.8660254037844387,0.0,0.0,0.0,9.7,13.3,100.0,99.0,-1.3,4.448407,0.1,-1.1,18.2388889,39.15,39.46666666666667,39.05,39.31666666666667,39.35,-12.884962949999998,-0.070370366666669,0.2720000000000002,5.289333333333333,5.593999999999999,18.41234566111111,5.291777777777779,6.147916,6.197352,6.158247,6.1470194,6.1272306,0,3.0,0,0.25,-1.0,26.2,73.8
2023-01-20 03:15:00,134.231019561106,87.590940672222,87.607606738886,18.2388889,5.593999999999999,39.35,2,5.1764362714980825,70.66250196097344,3,4,1,0.7071067811865476,0.7071067811865476,-0.433883739117558,-0.9009688679024191,0.4999999999999999,0.8660254037844387,0.0,0.0,0.0,8.924999999999999,13.125,100.0,99.25,-0.7250000000000001,4.633127,0.325,-0.55,18.475925946666667,39.0,39.15,39.46666666666667,39.05,39.31666666666667,-12.6448889,-0.2074073833333329,0.0326666666666657,5.561333333333334,5.671333333333333,18.40061727777778,5.481555555555556,6.1272306,6.147916,6.197352,6.158247,6.208728,0,2.0,1,0.5,-1.05,28.2,71.8
2023-01-20 03:30:00,85.967950044444,35.99383793889,36.003837605554,18.475925946666667,5.671333333333333,39.31666666666667,1,5.1764362714980825,70.66250196097344,3,4,1,0.7071067811865476,0.7071067811865476,-0.433883739117558,-0.9009688679024191,0.4999999999999999,0.8660254037844387,0.0,0.0,0.0,8.149999999999999,12.95,100.0,99.5,-0.1500000000000001,4.824631,0.55,0.0,18.57222226,39.35,39.0,39.15,39.46666666666667,38.65,-12.804592613333334,0.2370370466666678,0.0773333333333337,5.593999999999999,5.13,18.387037043333333,5.608888888888891,6.208728,6.1272306,6.147916,6.197352,6.1383686,0,2.0,1,0.5,-0.99,25.8,74.2
2023-01-20 03:45:00,50.707138283334,0.0,0.0,18.57222226,5.13,38.65,0,5.1764362714980825,70.66250196097344,3,4,1,0.7071067811865476,0.7071067811865476,-0.433883739117558,-0.9009688679024191,0.4999999999999999,0.8660254037844387,0.0,0.0,0.0,7.375,12.775,100.0,99.75,0.4249999999999998,5.0231338,0.7749999999999999,0.55,18.400000013333333,39.31666666666667,39.35,39.0,39.15,38.68333333333333,-13.44222226,0.0962963133333332,-0.5413333333333332,5.671333333333333,4.48,18.42901236888889,5.465111111111113,6.1383686,6.208728,6.1272306,6.147916,6.081281,1,2.0,1,0.5,-0.97,25.0,75.0
2023-01-20 04:00:00,169.517385733332,112.31189626111,112.330784455552,18.400000013333333,4.48,38.68333333333333,2,5.1764362714980825,70.66250196097344,4,4,1,0.8660254037844386,0.5000000000000001,-0.433883739117558,-0.9009688679024191,0.4999999999999999,0.8660254037844387,0.0,0.0,0.0,6.6,12.6,100.0,100.0,1.0,5.2288537,1.0,1.1,18.6111111,38.65,39.31666666666667,39.35,39.0,38.3,-13.920000013333333,-0.1722222466666672,-0.6499999999999995,5.13,4.182,18.48271607333333,5.093777777777779,6.081281,6.1383686,6.208728,6.1272306,6.0968046,0,1.0,1,0.75,-1.01,26.7,73.3
2023-01-20 04:15:00,73.10124241667,11.088445344444,11.095945077776,18.6111111,4.182,38.3,1,5.1764362714980825,70.66250196097344,4,4,1,0.8660254037844386,0.5000000000000001,-0.433883739117558,-0.9009688679024191,0.4999999999999999,0.8660254037844387,0.0,0.0,0.0,6.675,13.775,100.0,100.0,1.325,5.346005,1.275,1.425,18.55740738333333,38.68333333333333,38.65,39.31666666666667,39.35,38.0,-14.429111100000004,0.2111110866666692,-0.2980000000000009,4.48,3.872666666666667,18.527777791111117,4.597333333333335,6.0968046,6.081281,6.1383686,6.208728,6.029843,0,1.0,1,0.75,-0.97,24.7,75.3
2023-01-20 04:30:00,66.380400311108,0.0,0.0,18.55740738333333,3.872666666666667,38.0,0,5.1764362714980825,70.66250196097344,4,4,1,0.8660254037844386,0.5000000000000001,-0.433883739117558,-0.9009688679024191,0.4999999999999999,0.8660254037844387,0.0,0.0,0.0,6.75,14.95,100.0,100.0,1.65,5.4654484,1.55,1.75,18.38888886,38.3,38.68333333333333,38.65,39.31666666666667,38.0,-14.684740716666669,-0.0537037166666678,-0.3093333333333325,4.182,3.713333333333333,18.52283949888889,4.178222222222224,6.029843,6.0968046,6.081281,6.1383686,5.9699225,1,2.0,1,0.5,-0.98,25.3,74.7
2023-01-20 04:45:00,152.560841872218,110.644185172222,110.662795577776,18.38888886,3.713333333333333,38.0,2,5.1764362714980825,70.66250196097344,4,4,1,0.8660254037844386,0.5000000000000001,-0.433883739117558,-0.9009688679024191,0.4999999999999999,0.8660254037844387,0.0,0.0,0.0,6.825,16.125,100.0,100.0,1.975,5.5872245,1.825,2.075,18.581481516666667,38.0,38.3,38.68333333333333,38.65,37.63333333333333,-14.675555526666669,-0.1685185233333328,-0.159333333333334,3.872666666666667,3.6113333333333335,18.519135781111117,3.922666666666668,5.9699225,6.029843,6.0968046,6.081281,5.9801807,0,1.0,1,0.75,-1.02,27.0,73.0
2023-01-20 05:00:00,139.923014072218,13.28002436111,13.289190694442002,18.581481516666667,3.6113333333333335,37.63333333333333,1,5.1764362714980825,70.66250196097344,5,4,1,0.9659258262890684,0.2588190451025207,-0.433883739117558,-0.9009688679024191,0.4999999999999999,0.8660254037844387,0.0,0.0,0.0,6.9,17.3,100.0,100.0,2.3,5.7113724,2.1,2.4,18.5388889,38.0,38.0,38.3,38.68333333333333,37.05,-14.970148183333333,0.1925926566666653,-0.1019999999999994,3.713333333333333,3.4166666666666665,18.509259253333337,3.7324444444444462,5.9801807,5.9699225,6.029843,6.0968046,5.8726525,0,1.0,1,0.75,-0.98,25.2,74.8
2023-01-20 05:15:00,346.054768405554,43.581312227778,43.593811794442,18.5388889,3.4166666666666665,37.05,1,5.1764362714980825,70.66250196097344,5,4,1,0.9659258262890684,0.2588190451025207,-0.433883739117558,-0.9009688679024191,0.4999999999999999,0.8660254037844387,0.0,0.0,0.0,6.775,16.225,100.0,100.0,2.125,5.6346908,1.75,2.2,18.498148166666667,37.63333333333333,38.0,38.0,38.3,37.28333333333333,-15.122222233333334,-0.042592616666667,-0.194666666666667,3.6113333333333335,3.248,18.50308642555556,3.5804444444444457,5.8726525,5.9801807,5.9699225,6.029843,5.8953915,0,1.0,0,0.75,-0.99,25.7,74.3
2023-01-20 05:30:00,144.079514322224,86.7148646,86.730975072222,18.498148166666667,3.248,37.28333333333333,2,5.1764362714980825,70.66250196097344,5,4,1,0.9659258262890684,0.2588190451025207,-0.433883739117558,-0.9009688679024191,0.4999999999999999,0.8660254037844387,0.0,0.0,0.0,6.65,15.15,100.0,100.0,1.95,5.558914,1.4,2.0,18.72222225,37.05,37.63333333333333,38.0,38.0,36.65,-15.250148166666667,-0.0407407333333331,-0.1686666666666667,3.4166666666666665,3.2066666666666666,18.53950619444445,3.4253333333333345,5.8953915,5.8726525,5.9801807,5.9699225,5.872633,0,0.0,1,1.0,-1.0,26.1,73.9
2023-01-20 05:45:00,60.941728966664,0.0,0.0,18.72222225,3.2066666666666666,36.65,0,5.1764362714980825,70.66250196097344,5,4,1,0.9659258262890684,0.2588190451025207,-0.433883739117558,-0.9009688679024191,0.4999999999999999,0.8660254037844387,0.0,0.0,0.0,6.525,14.075,100.0,100.0,1.775,5.4840307,1.05,1.8,18.52962964,37.28333333333333,37.05,37.63333333333333,38.0,36.68333333333333,-15.515555583333336,0.2240740833333347,-0.0413333333333332,3.248,3.224666666666667,18.586419772222225,3.290444444444446,5.872633,5.8953915,5.8726525,5.9801807,5.8113456,1,1.0,1,0.75,-0.95,24.1,75.9
2023-01-20 06:00:00,133.696874194442,78.360476555556,78.375753777776,18.52962964,3.224666666666667,36.68333333333333,2,5.1764362714980825,70.66250196097344,6,4,1,1.0,6.123233995736766e-17,-0.433883739117558,-0.9009688679024191,0.4999999999999999,0.8660254037844387,0.0,0.0,0.0,6.4,13.0,100.0,100.0,1.6,5.410033,0.7,1.6,18.64444442,36.65,37.28333333333333,37.05,37.63333333333333,36.65,-15.304962973333332,-0.1925926100000019,0.0180000000000002,3.2066666666666666,3.232,18.583333352222223,3.226444444444446,5.8113456,5.872633,5.8953915,5.8726525,5.845671,0,1.0,1,0.75,-0.99,25.9,74.1
2023-01-20 06:15:00,92.208256072218,48.160851255556,48.171684155556,18.64444442,3.232,36.65,1,5.1764362714980825,70.66250196097344,6,4,1,1.0,6.123233995736766e-17,-0.433883739117558,-0.9009688679024191,0.4999999999999999,0.8660254037844387,0.0,0.0,0.0,7.15,14.15,100.0,100.0,1.75,5.4747324,0.575,1.775,18.692592620000003,36.68333333333333,36.65,37.28333333333333,37.05,36.5,-15.41244442,0.1148147799999996,0.0073333333333334,3.224666666666667,3.256,18.63209877,3.2211111111111124,5.845671,5.8113456,5.872633,5.8953915,5.838356,0,1.0,1,0.75,-0.97,24.8,75.2
2023-01-20 06:30:00,61.646978338894,19.72809967778,19.736710466668,18.692592620000003,3.256,36.5,1,5.1764362714980825,70.66250196097344,6,4,1,1.0,6.123233995736766e-17,-0.433883739117558,-0.9009688679024191,0.4999999999999999,0.8660254037844387,0.0,0.0,0.0,7.9,15.3,100.0,100.0,1.9,5.5401087,0.4499999999999999,1.95,18.54444446,36.65,36.68333333333333,36.65,37.28333333333333,36.5,-15.436592620000004,0.0481482000000035,0.0239999999999995,3.232,3.194,18.62222222666667,3.237555555555557,5.838356,5.845671,5.8113456,5.872633,5.7873797,0,1.0,0,0.75,-0.96,24.4,75.6
2023-01-20 06:45:00,171.536471566668,112.293008116666,112.311063011108,18.54444446,3.194,36.5,2,5.1764362714980825,70.66250196097344,6,4,1,1.0,6.123233995736766e-17,-0.433883739117558,-0.9009688679024191,0.4999999999999999,0.8660254037844387,0.0,0.0,0.0,8.65,16.45,100.0,100.0,2.0500000000000003,5.606169,0.325,2.125,18.75925928,36.5,36.65,36.68333333333333,36.65,36.31666666666667,-15.350444460000002,-0.1481481600000016,-0.0619999999999998,3.256,3.1166666666666667,18.6271605,3.2273333333333345,5.7873797,5.838356,5.845671,5.8113456,5.831982,0,0.0,1,1.0,-0.99,25.8,74.2
2023-01-20 07:00:00,66.20235171667,0.0,0.0,18.75925928,3.1166666666666667,36.31666666666667,0,5.1764362714980825,70.66250196097344,7,4,1,0.9659258262890684,-0.2588190451025206,-0.433883739117558,-0.9009688679024191,0.4999999999999999,0.8660254037844387,0.0,0.0,0.0,9.4,17.6,100.0,100.0,2.2,5.6729183,0.2,2.3,18.6166667,36.5,36.5,36.65,36.68333333333333,36.0,-15.642592613333331,0.2148148199999973,-0.0773333333333332,3.194,2.9166666666666665,18.66543212,3.18888888888889,5.831982,5.7873797,5.838356,5.845671,5.732563,1,1.0,1,0.75,-0.94,23.8,76.2
2023-01-20 07:15:00,94.622881466672,43.300490127778,43.313267433332,18.6166667,2.9166666666666665,36.0,1,5.1764362714980825,70.66250196097344,7,4,1,0.9659258262890684,-0.2588190451025206,-0.433883739117558,-0.9009688679024191,0.4999999999999999,0.8660254037844387,0.0,0.0,0.0,10.6,19.15,100.0,100.0,2.0,5.5872245,0.2,2.075,18.58518518,36.31666666666667,36.5,36.5,36.65,36.0,-15.700000033333334,-0.1425925799999987,-0.2000000000000001,3.1166666666666667,2.832666666666667,18.640123480000003,3.075777777777779,5.732563,5.831982,5.7873797,5.838356,5.721888,0,1.0,1,0.75,-0.98,25.2,74.8
2023-01-20 07:30:00,141.991820133332,96.6636333,96.68168816111,18.58518518,2.832666666666667,36.0,2,5.1764362714980825,70.66250196097344,7,4,1,0.9659258262890684,-0.2588190451025206,-0.433883739117558,-0.9009688679024191,0.4999999999999999,0.8660254037844387,0.0,0.0,0.0,11.8,20.700000000000003,100.0,100.0,1.8,5.5026684,0.2,1.85,18.81666667,36.0,36.31666666666667,36.5,36.5,35.65,-15.752518513333332,-0.0314815199999998,-0.0839999999999996,2.9166666666666665,2.5373333333333337,18.65370372,2.955333333333335,5.721888,5.732563,5.831982,5.7873797,5.7443857,0,1.0,1,0.75,-0.98,25.5,74.5
2023-01-20 07:45:00,54.135056777776,0.0,0.0,18.81666667,2.5373333333333337,35.65,0,5.1764362714980825,70.66250196097344,7,4,1,0.9659258262890684,-0.2588190451025206,-0.433883739117558,-0.9009688679024191,0.4999999999999999,0.8660254037844387,0.0,0.0,0.0,13.0,22.25,100.0,100.0,1.6,5.4192348,0.2,1.625,18.62037039,36.0,36.0,36.31666666666667,36.5,35.68333333333333,-16.279333336666667,0.2314814900000001,-0.2953333333333332,2.832666666666667,2.344666666666667,18.672839516666667,2.762222222222224,5.7443857,5.721888,5.732563,5.831982,5.6833835,1,2.0,1,0.5,-0.93,23.4,76.6
2023-01-20 08:00:00,129.450377377776,87.5473313,87.56594172222,18.62037039,2.344666666666667,35.68333333333333,2,5.1764362714980825,70.66250196097344,8,4,1,0.8660254037844387,-0.4999999999999998,-0.433883739117558,-0.9009688679024191,0.4999999999999999,0.8660254037844387,0.0,0.0,0.0,14.2,23.8,100.0,100.0,1.4,5.3369126,0.2,1.4,18.70000001,35.65,36.0,36.0,36.31666666666667,35.6,-16.275703723333336,-0.1962962799999985,-0.1926666666666667,2.5373333333333337,2.213333333333333,18.67407408,2.5715555555555576,5.6833835,5.7443857,5.721888,5.732563,5.696892,0,1.0,1,0.75,-0.98,25.2,74.8
2023-01-20 08:15:00,105.566888188892,48.103353572222,48.116686388888,18.70000001,2.213333333333333,35.6,1,5.1764362714980825,70.66250196097344,8,4,1,0.8660254037844387,-0.4999999999999998,-0.433883739117558,-0.9009688679024191,0.4999999999999999,0.8660254037844387,0.25,0.0625,0.0208333333333333,14.05,25.05,100.0,100.0,1.325,5.3097157,0.375,1.325,18.748148126666667,35.68333333333333,35.65,36.0,36.0,35.03333333333333,-16.486666676666665,0.0796296199999986,-0.1313333333333339,2.344666666666667,1.8906666666666667,18.712345690000003,2.3651111111111125,5.696892,5.6833835,5.7443857,5.721888,5.6222,0,1.0,1,0.75,-0.96,24.5,75.5
2023-01-20 08:30:00,82.561697383334,13.455017327778,13.464183694442,18.748148126666667,1.8906666666666667,35.03333333333333,1,5.1764362714980825,70.66250196097344,8,4,1,0.8660254037844387,-0.4999999999999998,-0.433883739117558,-0.9009688679024191,0.4999999999999999,0.8660254037844387,0.5,0.1875,0.0625,13.9,26.3,100.0,100.0,1.25,5.282641,0.55,1.25,18.56111111,35.6,35.68333333333333,35.65,36.0,35.35,-16.85748146,0.0481481166666668,-0.3226666666666662,2.213333333333333,1.9853333333333332,18.689506175555557,2.149555555555557,5.6222,5.696892,5.6833835,5.7443857,5.610572,0,1.0,0,0.75,-0.95,24.1,75.9
2023-01-20 08:45:00,161.917689650002,118.365542955556,118.386375472222,18.56111111,1.9853333333333332,35.35,2,5.1764362714980825,70.66250196097344,8,4,1,0.8660254037844387,-0.4999999999999998,-0.433883739117558,-0.9009688679024191,0.4999999999999999,0.8660254037844387,0.75,0.375,0.125,13.75,27.55,100.0,100.0,1.175,5.2556877,0.7249999999999999,1.175,18.800000016666665,35.03333333333333,35.6,35.68333333333333,35.65,35.31666666666667,-16.57577777666667,-0.1870370166666646,0.0946666666666666,1.8906666666666667,2.2,18.669753082222226,2.0297777777777792,5.610572,5.6222,5.696892,5.6833835,5.685072,0,0.0,1,1.0,-0.99,25.9,74.1
2023-01-20 09:00:00,57.331039950002,13.6769529,13.686119233332,18.800000016666665,2.2,35.31666666666667,1,5.1764362714980825,70.66250196097344,9,4,1,0.7071067811865476,-0.7071067811865475,-0.433883739117558,-0.9009688679024191,0.4999999999999999,0.8660254037844387,1.0,0.625,0.2083333333333333,13.6,28.8,100.0,100.0,1.1,5.2288537,0.9,1.1,18.72222225,35.35,35.03333333333333,35.6,35.68333333333333,35.05,-16.600000016666666,0.2388889066666628,0.2146666666666667,1.9853333333333332,2.2626666666666666,18.70308641777778,2.025333333333335,5.685072,5.610572,5.6222,5.696892,5.6162558,0,0.0,1,1.0,-0.94,23.6,76.4
2023-01-20 09:15:00,98.296345855552,46.995342344444,47.006730805554,18.72222225,2.2626666666666666,35.05,1,5.1764362714980825,70.66250196097344,9,4,1,0.7071067811865476,-0.7071067811865475,-0.433883739117558,-0.9009688679024191,0.4999999999999999,0.8660254037844387,4.75,1.75,0.6041666666666666,13.025,28.525,100.0,100.0,1.15,5.24673,0.75,1.15,18.64444448,35.31666666666667,35.35,35.03333333333333,35.6,35.46666666666667,-16.459555583333334,-0.0777777666666637,0.0626666666666664,2.2,2.134,18.69444445888889,2.1493333333333347,5.6162558,5.685072,5.610572,5.6222,5.656931,0,0.0,0,1.0,-0.96,24.4,75.6
2023-01-20 09:30:00,146.172208411112,95.394795172222,95.41340556111,18.64444448,2.134,35.46666666666667,2,5.1764362714980825,70.66250196097344,9,4,1,0.7071067811865476,-0.7071067811865475,-0.433883739117558,-0.9009688679024191,0.4999999999999999,0.8660254037844387,8.5,3.75,1.3125,12.45,28.25,100.0,100.0,1.2000000000000002,5.2646585,0.6,1.2000000000000002,18.83333335,35.05,35.31666666666667,35.35,35.03333333333333,35.15,-16.51044448,-0.0777777700000008,-0.1286666666666667,2.2626666666666666,2.158,18.72222224888889,2.1988888888888902,5.656931,5.6162558,5.685072,5.610572,5.6694007,0,0.0,1,1.0,-0.97,25.0,75.0
2023-01-20 09:45:00,61.324213533336,0.0,0.0,18.83333335,2.158,35.15,0,5.1764362714980825,70.66250196097344,9,4,1,0.7071067811865476,-0.7071067811865475,-0.433883739117558,-0.9009688679024191,0.4999999999999999,0.8660254037844387,12.25,6.625,2.333333333333333,11.875,27.975,100.0,100.0,1.25,5.282641,0.4499999999999999,1.25,18.640740776666668,35.46666666666667,35.05,35.31666666666667,35.35,35.18333333333333,-16.675333349999995,0.188888869999996,0.024,2.134,2.2233333333333336,18.73333336,2.1848888888888904,5.6694007,5.656931,5.6162558,5.685072,5.6105075,1,1.0,1,0.75,-0.93,23.3,76.7
2023-01-20 10:00:00,142.220422105554,84.045526927778,84.062470733332,18.640740776666668,2.2233333333333336,35.18333333333333,2,5.1764362714980825,70.66250196097344,10,4,1,0.4999999999999999,-0.8660254037844387,-0.433883739117558,-0.9009688679024191,0.4999999999999999,0.8660254037844387,16.0,10.375,3.6666666666666665,11.3,27.7,100.0,100.0,1.3,5.300678,0.3,1.3,18.75555555,35.15,35.46666666666667,35.05,35.31666666666667,35.15,-16.417407443333335,-0.1925925733333287,0.0653333333333336,2.158,2.1820000000000004,18.70617286888889,2.171777777777779,5.6105075,5.6694007,5.656931,5.6162558,5.6433954,0,1.0,1,0.75,-0.98,25.1,74.9
2023-01-20 10:15:00,105.028854194446,57.489922544444,57.502977572222,18.75555555,2.1820000000000004,35.15,1,5.1764362714980825,70.66250196097344,10,4,1,0.4999999999999999,-0.8660254037844387,-0.433883739117558,-0.9009688679024191,0.4999999999999999,0.8660254037844387,22.5,14.8125,5.541666666666667,11.125,26.45,100.0,100.0,1.275,5.2916527,0.3,1.275,18.80370372,35.18333333333333,35.15,35.46666666666667,35.05,35.0,-16.573555550000002,0.1148147733333324,-0.0413333333333332,2.2233333333333336,2.164,18.74320989222222,2.187777777777779,5.6433954,5.6105075,5.6694007,5.656931,5.6353292,0,1.0,1,0.75,-0.95,24.1,75.9
2023-01-20 10:30:00,61.365878633332,19.660046916666,19.670879833332,18.80370372,2.164,35.0,1,5.1764362714980825,70.66250196097344,10,4,1,0.4999999999999999,-0.8660254037844387,-0.433883739117558,-0.9009688679024191,0.4999999999999999,0.8660254037844387,29.0,19.9375,7.958333333333333,10.95,25.2,100.0,100.0,1.25,5.282641,0.3,1.25,18.6166667,35.15,35.18333333333333,35.15,35.46666666666667,35.0,-16.639703719999996,0.0481481699999974,-0.0180000000000002,2.1820000000000004,2.018,18.73333334888889,2.18977777777778,5.6353292,5.6433954,5.6105075,5.6694007,5.5733247,0,1.0,0,0.75,-0.94,23.6,76.4
2023-01-20 10:45:00,305.258344727778,114.968734433332,114.99290018333,18.6166667,2.018,35.0,2,5.1764362714980825,70.66250196097344,10,4,1,0.4999999999999999,-0.8660254037844387,-0.433883739117558,-0.9009688679024191,0.4999999999999999,0.8660254037844387,35.5,25.75,10.916666666666666,10.775,23.95,100.0,100.0,1.225,5.2736435,0.3,1.225,18.814814786666663,35.0,35.15,35.18333333333333,35.15,35.0,-16.5986667,-0.1870370199999982,-0.1460000000000003,2.164,1.81,18.725308656666662,2.121333333333335,5.5733247,5.6353292,5.6433954,5.6105075,5.6390324,0,0.0,1,1.0,-0.98,25.4,74.6
2023-01-20 11:00:00,841.0335795111121,0.0,0.0,18.814814786666663,1.81,35.0,0,5.1764362714980825,70.66250196097344,11,4,1,0.258819045102521,-0.9659258262890682,-0.433883739117558,-0.9009688679024191,0.4999999999999999,0.8660254037844387,42.0,32.25,14.416666666666666,10.6,22.7,100.0,100.0,1.2,5.2646585,0.3,1.2,18.67222221,35.0,35.0,35.15,35.18333333333333,35.45,-17.004814786666667,0.1981480866666665,-0.2079999999999999,2.018,1.7546666666666666,18.74506173555556,1.9973333333333343,5.6390324,5.5733247,5.6353292,5.6433954,5.6635737,1,1.0,1,0.75,-0.94,23.5,76.5
2023-01-20 11:15:00,138.332522161106,63.958552688888,63.979107466664,18.67222221,1.7546666666666666,35.45,1,5.1764362714980825,70.66250196097344,11,4,1,0.258819045102521,-0.9659258262890682,-0.433883739117558,-0.9009688679024191,0.4999999999999999,0.8660254037844387,41.0,36.875,17.8125,10.8,22.875,100.0,100.0,1.125,5.237786,0.275,1.125,18.64074077333333,35.0,35.0,35.0,35.15,36.61666666666667,-16.917555543333332,-0.1425925766666687,-0.0553333333333332,1.81,1.7386666666666668,18.70123456555556,1.8608888888888904,5.6635737,5.6390324,5.5733247,5.6353292,5.8390737,0,1.0,1,0.75,-0.97,24.8,75.2
2023-01-20 11:30:00,219.37761346111,159.4636212,159.494453349998,18.64074077333333,1.7386666666666668,36.61666666666667,2,5.1764362714980825,70.66250196097344,11,4,1,0.258819045102521,-0.9659258262890682,-0.433883739117558,-0.9009688679024191,0.4999999999999999,0.8660254037844387,40.0,39.625,21.104166666666668,11.0,23.05,100.0,100.0,1.05,5.2110333,0.25,1.05,18.977777810000003,35.45,35.0,35.0,35.0,36.9,-16.902074106666667,-0.0314814366666631,-0.0159999999999997,1.7546666666666666,1.742,18.70925925666667,1.7677777777777794,5.8390737,5.6635737,5.6390324,5.5733247,6.002654,0,1.0,1,0.75,-0.97,24.8,75.2
2023-01-20 11:45:00,173.272235549998,107.379038,107.403203716666,18.977777810000003,1.742,36.9,2,5.1764362714980825,70.66250196097344,11,4,1,0.258819045102521,-0.9659258262890682,-0.433883739117558,-0.9009688679024191,0.4999999999999999,0.8660254037844387,39.0,40.5,24.291666666666668,11.2,23.225,100.0,100.0,0.975,5.1844,0.225,0.975,19.00555554,36.61666666666667,35.45,35.0,35.0,35.88333333333333,-17.235777810000002,0.3370370366666684,0.0033333333333331,1.7386666666666668,1.7006666666666663,18.76358026444445,1.7451111111111128,6.002654,5.8390737,5.6635737,5.6390324,5.8468494,0,1.0,0,0.75,-0.89,21.7,78.3
2023-01-20 12:00:00,489.027104833332,33.621432872222,33.640321049998,19.00555554,1.7006666666666663,35.88333333333333,1,5.1764362714980825,70.66250196097344,12,4,1,1.2246467991473532e-16,-1.0,-0.433883739117558,-0.9009688679024191,0.4999999999999999,0.8660254037844387,38.0,39.5,27.375,11.4,23.4,100.0,100.0,0.9,5.157887,0.2,0.9,18.73333334,36.9,36.61666666666667,35.45,35.0,35.9,-17.304888873333333,0.0277777299999968,-0.0413333333333334,1.742,1.6826666666666663,18.87469137444445,1.7271111111111124,5.8468494,6.002654,5.8390737,5.6635737,5.756239,0,0.0,1,1.0,-0.89,21.7,78.3
2023-01-20 12:15:00,472.427768783334,142.735956966668,142.7667891,18.73333334,1.6826666666666663,35.9,2,5.1764362714980825,70.66250196097344,12,4,1,1.2246467991473532e-16,-1.0,-0.433883739117558,-0.9009688679024191,0.4999999999999999,0.8660254037844387,39.0,39.0,30.229166666666668,11.25,23.5,100.0,99.75,0.8,5.1274266,0.225,0.85,18.98518517666667,35.88333333333333,36.9,36.61666666666667,35.45,36.46666666666667,-17.050666673333335,-0.2722221999999981,-0.018,1.7006666666666663,1.6566666666666667,18.905555563333337,1.7084444444444458,5.756239,5.8468494,6.002654,5.8390737,5.934756,0,0.0,1,1.0,-0.95,24.1,75.9
2023-01-20 12:30:00,304.463932188884,174.051648772222,174.082480938886,18.98518517666667,1.6566666666666667,36.46666666666667,2,5.1764362714980825,70.66250196097344,12,4,1,1.2246467991473532e-16,-1.0,-0.433883739117558,-0.9009688679024191,0.4999999999999999,0.8660254037844387,40.0,39.0,32.854166666666664,11.1,23.6,100.0,99.5,0.7,5.0971074,0.25,0.8,19.28333332,35.9,35.88333333333333,36.9,36.61666666666667,36.65,-17.328518510000002,0.2518518366666669,-0.0259999999999998,1.6826666666666663,1.7020000000000002,18.90802468555556,1.6800000000000015,5.934756,5.756239,5.8468494,6.002654,6.0703654,0,0.0,0,1.0,-0.89,21.7,78.3
2023-01-20 12:45:00,1230.260787749994,0.0,0.0,19.28333332,1.7020000000000002,36.65,0,5.1764362714980825,70.66250196097344,12,4,1,1.2246467991473532e-16,-1.0,-0.433883739117558,-0.9009688679024191,0.4999999999999999,0.8660254037844387,41.0,39.5,35.25,10.95,23.7,100.0,99.25,0.6,5.066927,0.275,0.75,18.940740746666663,36.46666666666667,35.9,35.88333333333333,36.9,37.71666666666667,-17.58133332,0.2981481433333321,0.0453333333333334,1.6566666666666667,1.386,19.000617278888893,1.680444444444446,6.0703654,5.934756,5.756239,5.8468494,6.1221023,1,1.0,1,0.75,-0.82,19.2,80.8
2023-01-20 13:00:00,1144.403111061106,0.0,0.0,18.940740746666663,1.386,37.71666666666667,0,5.1764362714980825,70.66250196097344,13,4,1,-0.2588190451025208,-0.9659258262890684,-0.433883739117558,-0.9009688679024191,0.4999999999999999,0.8660254037844387,42.0,40.5,37.41666666666666,10.8,23.8,100.0,99.0,0.5,5.036887,0.3,0.7,18.61111114,36.65,36.46666666666667,35.9,35.88333333333333,37.15,-17.554740746666667,-0.3425925733333343,-0.3160000000000003,1.7020000000000002,1.1113333333333335,19.069753081111116,1.5815555555555572,6.1221023,6.0703654,5.934756,5.756239,5.9137416,0,2.0,0,0.5,-0.89,21.9,78.1
2023-01-20 13:15:00,142.561519594442,34.633059088888004,34.671113116666,18.61111114,1.1113333333333335,37.15,1,5.1764362714980825,70.66250196097344,13,4,1,-0.2588190451025208,-0.9659258262890684,-0.433883739117558,-0.9009688679024191,0.4999999999999999,0.8660254037844387,42.5,41.375,39.083333333333336,10.5,23.6,100.0,98.75,0.45,5.01557,0.25,0.6749999999999999,18.4722222,37.71666666666667,36.65,36.46666666666667,35.9,36.81666666666667,-17.499777806666664,-0.3296296066666677,-0.2746666666666664,1.386,1.296,18.945061735555555,1.3997777777777791,5.9137416,6.1221023,6.0703654,5.934756,5.812661,0,2.0,1,0.5,-0.97,25.0,75.0
2023-01-20 13:30:00,197.114337511104,118.182216972222,118.208604783334,18.4722222,1.296,36.81666666666667,2,5.1764362714980825,70.66250196097344,13,4,1,-0.2588190451025208,-0.9659258262890684,-0.433883739117558,-0.9009688679024191,0.4999999999999999,0.8660254037844387,43.0,42.125,40.25,10.2,23.4,100.0,98.5,0.4,4.99431,0.2,0.6499999999999999,18.64999999,37.15,37.71666666666667,36.65,36.46666666666667,35.75,-17.176222199999998,-0.138888940000001,0.1846666666666665,1.1113333333333335,1.218,18.674691362222223,1.264444444444446,5.812661,5.9137416,6.1221023,6.0703654,5.7039967,0,2.0,1,0.5,-1.01,26.4,73.6
2023-01-20 13:45:00,132.313040616666,65.02517665555601,65.044898133332,18.64999999,1.218,35.75,1,5.1764362714980825,70.66250196097344,13,4,1,-0.2588190451025208,-0.9659258262890684,-0.433883739117558,-0.9009688679024191,0.4999999999999999,0.8660254037844387,43.5,42.75,40.91666666666666,9.9,23.2,100.0,98.25,0.35,4.9731054,0.15,0.625,18.609259276666663,36.81666666666667,37.15,37.71666666666667,36.65,35.03333333333333,-17.43199999,0.1777777900000039,-0.078,1.296,1.1273333333333333,18.577777776666668,1.208444444444446,5.7039967,5.812661,5.9137416,6.1221023,5.576186,0,1.0,1,0.75,-0.97,24.9,75.1
2023-01-20 14:00:00,188.415518627778,92.722957616666,92.742679027778,18.609259276666663,1.1273333333333333,35.03333333333333,2,5.1764362714980825,70.66250196097344,14,4,1,-0.4999999999999997,-0.8660254037844388,-0.433883739117558,-0.9009688679024191,0.4999999999999999,0.8660254037844387,44.0,43.25,41.083333333333336,9.6,23.0,100.0,98.0,0.3,4.951957,0.1,0.6,18.51111111,35.75,36.81666666666667,37.15,37.71666666666667,34.65,-17.481925943333334,-0.040740713333335,-0.0906666666666666,1.218,1.0213333333333334,18.57716048888889,1.2137777777777794,5.576186,5.7039967,5.812661,5.9137416,5.4832077,0,0.0,1,1.0,-0.98,25.5,74.5
2023-01-20 14:15:00,283.272835399996,184.095413672222,184.125968049998,18.51111111,1.0213333333333334,34.65,2,5.1764362714980825,70.66250196097344,14,4,1,-0.4999999999999997,-0.8660254037844388,-0.433883739117558,-0.9009688679024191,0.4999999999999999,0.8660254037844387,46.25,44.1875,41.520833333333336,9.875,22.925,100.0,97.5,0.25,4.935143,0.1,0.625,18.64444443,35.03333333333333,35.75,36.81666666666667,37.15,34.31666666666667,-17.489777776666667,-0.0981481666666646,-0.1059999999999998,1.1273333333333333,1.0426666666666666,18.590123458888893,1.1222222222222238,5.4832077,5.576186,5.7039967,5.812661,5.4735036,0,0.0,0,1.0,-1.01,26.5,73.5
2023-01-20 14:30:00,226.244838727778,147.053839827778,147.082449783334,18.64444443,1.0426666666666666,34.31666666666667,2,5.1764362714980825,70.66250196097344,14,4,1,-0.4999999999999997,-0.8660254037844388,-0.433883739117558,-0.9009688679024191,0.4999999999999999,0.8660254037844387,48.5,45.5625,42.22916666666666,10.15,22.85,100.0,97.0,0.2,4.9182544,0.1,0.6499999999999999,18.58888891,34.65,35.03333333333333,35.75,36.81666666666667,34.0,-17.601777763333335,0.1333333199999984,0.0213333333333332,1.0213333333333334,1.132,18.58827160555556,1.0637777777777793,5.4735036,5.4832077,5.576186,5.7039967,5.4051905,0,0.0,0,1.0,-0.98,25.3,74.7
2023-01-20 14:45:00,163.117364011108,103.283368466668,103.308089711112,18.58888891,1.132,34.0,2,5.1764362714980825,70.66250196097344,14,4,1,-0.4999999999999997,-0.8660254037844388,-0.433883739117558,-0.9009688679024191,0.4999999999999999,0.8660254037844387,50.75,47.375,43.208333333333336,10.425,22.775,100.0,96.5,0.15,4.901291,0.1,0.6749999999999999,18.420370363333333,34.31666666666667,34.65,35.03333333333333,35.75,33.45,-17.456888909999996,-0.0555555200000021,0.0893333333333334,1.0426666666666666,1.004,18.58148148333333,1.0653333333333348,5.4051905,5.4735036,5.4832077,5.576186,5.264921,0,0.0,0,1.0,-0.99,25.9,74.1
2023-01-20 15:00:00,252.011030355552,192.124536944444,192.15842452222,18.420370363333333,1.004,33.45,2,5.1764362714980825,70.66250196097344,15,4,1,-0.7071067811865471,-0.7071067811865479,-0.433883739117558,-0.9009688679024191,0.4999999999999999,0.8660254037844387,53.0,49.625,44.458333333333336,10.7,22.7,100.0,96.0,0.1,4.884254,0.1,0.7,18.47777774,34.0,34.31666666666667,34.65,35.03333333333333,31.45,-17.416370363333332,-0.1685185466666645,-0.1280000000000001,1.132,0.9153333333333332,18.55123456777778,1.059555555555557,5.264921,5.4051905,5.4735036,5.4832077,4.967001,0,0.0,0,1.0,-1.04,27.7,72.3
2023-01-20 15:15:00,732.84096293889,281.079867455556,281.125143444444,18.47777774,0.9153333333333332,31.45,2,5.1764362714980825,70.66250196097344,15,4,1,-0.7071067811865471,-0.7071067811865479,-0.433883739117558,-0.9009688679024191,0.4999999999999999,0.8660254037844387,53.5,51.4375,45.66666666666666,11.075,23.5,100.0,96.0,0.1,4.884254,0.075,0.7,18.89814817,33.45,34.0,34.31666666666667,34.65,31.0,-17.562444406666668,0.0574073766666671,-0.0886666666666667,1.004,0.7200000000000001,18.495679004444444,1.0171111111111126,4.967001,5.264921,5.4051905,5.4735036,5.019224,0,0.0,0,1.0,-1.03,27.5,72.5
2023-01-20 15:30:00,299.769675333336,242.989168927778,243.030278466664,18.89814817,0.7200000000000001,31.0,2,5.1764362714980825,70.66250196097344,15,4,1,-0.7071067811865471,-0.7071067811865479,-0.433883739117558,-0.9009688679024191,0.4999999999999999,0.8660254037844387,54.0,52.8125,46.833333333333336,11.45,24.3,100.0,96.0,0.1,4.884254,0.05,0.7,19.05000004,31.45,33.45,34.0,34.31666666666667,30.75,-18.178148170000004,0.4203704300000019,-0.1953333333333331,0.9153333333333332,0.756,18.598765424444448,0.8797777777777792,5.019224,4.967001,5.264921,5.4051905,5.0235777,0,0.0,0,1.0,-0.94,23.6,76.4
2023-01-20 15:45:00,163.678730472218,109.691167727778,109.718111133332,19.05000004,0.756,30.75,2,5.1764362714980825,70.66250196097344,15,4,1,-0.7071067811865471,-0.7071067811865479,-0.433883739117558,-0.9009688679024191,0.4999999999999999,0.8660254037844387,54.5,53.75,47.958333333333336,11.825,25.1,100.0,96.0,0.1,4.884254,0.0249999999999999,0.7,18.65185189,31.0,31.45,33.45,34.0,31.433333333333334,-18.29400004,0.151851869999998,0.0359999999999999,0.7200000000000001,0.728,18.80864198333333,0.7971111111111125,5.0235777,5.019224,4.967001,5.264921,5.0158114,0,0.0,0,1.0,-0.91,22.3,77.7
2023-01-20 16:00:00,200.345319166668,151.497828744444,151.529216388888,18.65185189,0.728,31.433333333333334,2,5.1764362714980825,70.66250196097344,16,4,1,-0.8660254037844385,-0.5000000000000004,-0.433883739117558,-0.9009688679024191,0.4999999999999999,0.8660254037844387,55.0,54.25,49.04166666666666,12.2,25.9,100.0,96.0,0.1,4.884254,0.0,0.7,18.69444444,30.75,31.0,31.45,33.45,31.15,-17.923851889999998,-0.3981481500000008,-0.028,0.756,0.7153333333333334,18.8666667,0.734666666666668,5.0158114,5.0235777,5.019224,4.967001,4.983143,0,0.0,0,1.0,-0.99,25.8,74.2
2023-01-20 16:15:00,215.991082161114,174.608848666668,174.642180683334,18.69444444,0.7153333333333334,31.15,2,5.1764362714980825,70.66250196097344,16,4,1,-0.8660254037844385,-0.5000000000000004,-0.433883739117558,-0.9009688679024191,0.4999999999999999,0.8660254037844387,47.25,52.6875,49.4375,12.6,26.625,100.0,95.75,-0.0249999999999999,4.8382645,0.025,0.6,18.94999997333333,31.433333333333334,30.75,31.0,31.45,30.816666666666663,-17.979111106666664,0.0425925499999984,-0.0126666666666666,0.728,0.6733333333333335,18.79876545666667,0.7331111111111127,4.983143,5.0158114,5.0235777,5.019224,5.0048423,0,0.0,0,1.0,-0.98,25.5,74.5
2023-01-20 16:30:00,174.140256427774,131.4730742,131.503628594442,18.94999997333333,0.6733333333333335,30.816666666666663,2,5.1764362714980825,70.66250196097344,16,4,1,-0.8660254037844385,-0.5000000000000004,-0.433883739117558,-0.9009688679024191,0.4999999999999999,0.8660254037844387,39.5,49.0625,49.145833333333336,13.0,27.35,100.0,95.5,-0.15,4.792649,0.05,0.5,18.96111108,31.15,31.433333333333334,30.75,31.0,30.5,-18.27666664,0.2555555333333323,-0.0419999999999999,0.7153333333333334,0.7053333333333334,18.765432101111116,0.705555555555557,5.0048423,4.983143,5.0158114,5.0235777,4.956664,0,0.0,0,1.0,-0.93,23.2,76.8
2023-01-20 16:45:00,222.819142494442,155.655717972222,155.685439049998,18.96111108,0.7053333333333334,30.5,2,5.1764362714980825,70.66250196097344,16,4,1,-0.8660254037844385,-0.5000000000000004,-0.433883739117558,-0.9009688679024191,0.4999999999999999,0.8660254037844387,31.75,43.375,48.16666666666666,13.4,28.075,100.0,95.25,-0.275,4.7474017,0.075,0.3999999999999999,18.92407405,30.816666666666663,31.15,31.433333333333334,30.75,30.5,-18.25577774666667,0.0111111066666715,0.0319999999999999,0.6733333333333335,0.8026666666666666,18.86851849777777,0.6980000000000016,4.956664,5.0048423,4.983143,5.0158114,4.9458365,0,0.0,0,1.0,-0.93,23.1,76.9
2023-01-20 17:00:00,172.218111016666,115.183447994446,115.210946911112,18.92407405,0.8026666666666666,30.5,2,5.1764362714980825,70.66250196097344,17,4,1,-0.9659258262890684,-0.2588190451025206,-0.433883739117558,-0.9009688679024191,0.4999999999999999,0.8660254037844387,24.0,35.625,46.5,13.8,28.8,100.0,95.0,-0.4,4.702523,0.1,0.3,18.65000003,30.5,30.816666666666663,31.15,31.433333333333334,30.5,-18.12140738333333,-0.037037030000004,0.0973333333333332,0.7053333333333334,0.7033333333333334,18.94506170111111,0.7271111111111126,4.9458365,4.956664,5.0048423,4.983143,4.866347,0,0.0,0,1.0,-0.94,23.5,76.5
2023-01-20 17:15:00,177.271242249998,135.349863588888,135.37902913888598,18.65000003,0.7033333333333334,30.5,2,5.1764362714980825,70.66250196097344,17,4,1,-0.9659258262890684,-0.2588190451025206,-0.433883739117558,-0.9009688679024191,0.4999999999999999,0.8660254037844387,20.75,29.0,44.375,13.525,29.075,100.0,94.75,-0.525,4.658008,0.1,0.1999999999999999,18.58518518,30.5,30.5,30.816666666666663,31.15,30.5,-17.946666696666668,-0.2740740199999969,-0.0993333333333332,0.8026666666666666,0.5913333333333334,18.84506172,0.7371111111111127,4.866347,4.9458365,4.956664,5.0048423,4.8477106,0,0.0,0,1.0,-1.0,26.0,74.0
2023-01-20 17:30:00,219.52594077778,168.388819711112,168.421040672222,18.58518518,0.5913333333333334,30.5,2,5.1764362714980825,70.66250196097344,17,4,1,-0.9659258262890684,-0.2588190451025206,-0.433883739117558,-0.9009688679024191,0.4999999999999999,0.8660254037844387,17.5,23.5,41.79166666666666,13.25,29.35,100.0,94.5,-0.65,4.6138563,0.1,0.0999999999999999,18.84444444,30.5,30.5,30.5,30.816666666666663,30.15,-17.993851846666665,-0.0648148500000012,-0.1119999999999999,0.7033333333333334,0.5106666666666667,18.719753086666667,0.6991111111111126,4.8477106,4.866347,4.9458365,4.956664,4.8661366,0,0.0,0,1.0,-1.01,26.7,73.3
2023-01-20 17:45:00,195.024698849994,150.888408672222,150.919240838886,18.84444444,0.5106666666666667,30.15,2,5.1764362714980825,70.66250196097344,17,4,1,-0.9659258262890684,-0.2588190451025206,-0.433883739117558,-0.9009688679024191,0.4999999999999999,0.8660254037844387,14.25,19.125,38.75,12.975,29.625,100.0,94.25,-0.775,4.5700655,0.1,-5.551115123125783e-17,18.92037035,30.5,30.5,30.5,30.5,30.0,-18.33377777333333,0.2592592600000003,-0.0806666666666666,0.5913333333333334,0.4606666666666666,18.69320988333333,0.6017777777777793,4.8661366,4.8477106,4.866347,4.9458365,4.8636937,0,0.0,0,1.0,-0.96,24.3,75.7
2023-01-20 18:00:00,191.604002249998,146.924956116666,146.955232738886,18.92037035,0.4606666666666666,30.0,2,5.1764362714980825,70.66250196097344,18,4,1,-1.0,-1.8369701987210294e-16,-0.433883739117558,-0.9009688679024191,0.4999999999999999,0.8660254037844387,11.0,15.875,35.25,12.7,29.9,100.0,94.0,-0.9,4.5266314,0.1,-0.1,18.77777779,30.15,30.5,30.5,30.5,30.0,-18.45970368333333,0.0759259099999987,-0.05,0.5106666666666667,0.46,18.78333332333333,0.5208888888888904,4.8636937,4.8661366,4.8477106,4.866347,4.822886,0,0.0,0,1.0,-0.94,23.6,76.4
2023-01-20 18:15:00,164.039827011112,101.13039903889,101.156231388888,18.77777779,0.46,30.0,2,5.1764362714980825,70.66250196097344,18,4,1,-1.0,-1.8369701987210294e-16,-0.433883739117558,-0.9009688679024191,0.4999999999999999,0.8660254037844387,8.25,12.75,31.479166666666668,12.375,29.0,100.0,94.25,-0.9,4.5308504,0.1,-0.125,18.446296276666665,30.0,30.15,30.5,30.5,30.183333333333334,-18.31777779,-0.1425925599999971,-0.0006666666666666,0.4606666666666666,0.414,18.847530860000003,0.4771111111111126,4.822886,4.8636937,4.8661366,4.8477106,4.7580667,0,0.0,0,1.0,-0.97,24.9,75.1
2023-01-20 18:30:00,613.85266716111,154.671868427778,154.701033944444,18.446296276666665,0.414,30.183333333333334,2,5.1764362714980825,70.66250196097344,18,4,1,-1.0,-1.8369701987210294e-16,-0.433883739117558,-0.9009688679024191,0.4999999999999999,0.8660254037844387,5.5,9.75,27.4375,12.05,28.1,100.0,94.5,-0.9,4.535041,0.1,-0.15,18.60000002,30.0,30.0,30.15,30.5,30.5,-18.032296276666663,-0.3314815133333368,-0.046,0.46,0.3766666666666667,18.714814805555555,0.4448888888888904,4.7580667,4.822886,4.8636937,4.8661366,4.851965,0,0.0,0,1.0,-1.05,28.1,71.9
2023-01-20 18:45:00,211.008781444448,154.163833166668,154.195776388888,18.60000002,0.3766666666666667,30.5,2,5.1764362714980825,70.66250196097344,18,4,1,-1.0,-1.8369701987210294e-16,-0.433883739117558,-0.9009688679024191,0.4999999999999999,0.8660254037844387,2.75,6.875,23.125,11.725,27.2,100.0,94.75,-0.9,4.5392013,0.1,-0.175,18.82222219333333,30.183333333333334,30.0,30.0,30.15,30.5,-18.22333335333333,0.1537037433333345,-0.0373333333333332,0.414,0.3346666666666667,18.60802469555556,0.4168888888888903,4.851965,4.7580667,4.822886,4.8636937,4.9161654,0,0.0,0,1.0,-1.01,26.5,73.5
2023-01-20 19:00:00,188.36913151667,133.96491893889,133.993251205554,18.82222219333333,0.3346666666666667,30.5,2,5.1764362714980825,70.66250196097344,19,4,1,-0.9659258262890684,0.2588190451025203,-0.433883739117558,-0.9009688679024191,0.4999999999999999,0.8660254037844387,0.0,4.125,18.541666666666668,11.4,26.3,100.0,95.0,-0.9,4.5433326,0.1,-0.2,18.8,30.5,30.183333333333334,30.0,30.0,30.5,-18.487555526666668,0.2222221733333356,-0.0419999999999999,0.3766666666666667,0.358,18.622839496666668,0.3751111111111126,4.9161654,4.851965,4.7580667,4.822886,4.909713,0,0.0,0,1.0,-0.96,24.4,75.6
2023-01-20 19:15:00,201.016959066664,149.473465255556,149.502353049998,18.8,0.358,30.5,2,5.1764362714980825,70.66250196097344,19,4,1,-0.9659258262890684,0.2588190451025203,-0.433883739117558,-0.9009688679024191,0.4999999999999999,0.8660254037844387,0.0,2.0625,14.604166666666666,11.1,25.75,100.0,94.75,-0.975,4.515762,0.175,-0.25,18.788888863333334,30.5,30.5,30.183333333333334,30.0,30.5,-18.442,-0.0222221933333344,0.0233333333333332,0.3346666666666667,0.3466666666666667,18.74074073777778,0.3564444444444459,4.909713,4.9161654,4.851965,4.7580667,4.9064894,0,0.0,0,1.0,-0.96,24.6,75.4
2023-01-20 19:30:00,169.310727349998,109.42423393889,109.463121316666,18.788888863333334,0.3466666666666667,30.5,2,5.1764362714980825,70.66250196097344,19,4,1,-0.9659258262890684,0.2588190451025203,-0.433883739117558,-0.9009688679024191,0.4999999999999999,0.8660254037844387,0.0,0.6875,11.3125,10.8,25.200000000000003,100.0,94.5,-1.05,4.4883204,0.25,-0.3,18.52777774,30.5,30.5,30.5,30.183333333333334,30.85,-18.442222196666663,-0.0111111366666669,-0.0113333333333333,0.358,0.108,18.80370368555556,0.3464444444444459,4.9064894,4.909713,4.9161654,4.851965,4.8866973,0,0.0,0,1.0,-0.97,24.7,75.3
2023-01-20 19:45:00,204.194609738886,135.302921016666,135.346252633332,18.52777774,0.108,30.85,2,5.1764362714980825,70.66250196097344,19,4,1,-0.9659258262890684,0.2588190451025203,-0.433883739117558,-0.9009688679024191,0.4999999999999999,0.8660254037844387,0.0,0.0,8.666666666666666,10.5,24.65,100.0,94.25,-1.125,4.4610085,0.325,-0.35,18.52592591,30.5,30.5,30.5,30.5,30.816666666666663,-18.41977774,-0.2611111233333361,-0.2386666666666666,0.3466666666666667,-0.1413333333333333,18.705555534444446,0.2708888888888904,4.8866973,4.9064894,4.909713,4.9161654,4.8808813,0,0.0,0,1.0,-1.02,27.2,72.8
2023-01-20 20:00:00,293.576312111108,182.294652388888,182.338261794442,18.52592591,-0.1413333333333333,30.816666666666663,2,5.1764362714980825,70.66250196097344,20,4,1,-0.8660254037844386,0.5000000000000001,-0.433883739117558,-0.9009688679024191,0.4999999999999999,0.8660254037844387,0.0,0.0,6.666666666666667,10.2,24.1,100.0,94.0,-1.2,4.4338245,0.4,-0.4,18.77777777,30.85,30.5,30.5,30.5,30.15,-18.667259243333334,-0.0018518299999961,-0.2493333333333333,0.108,-0.2113333333333333,18.614197504444444,0.1044444444444459,4.8808813,4.8866973,4.9064894,4.909713,4.8470006,0,0.0,0,1.0,-1.03,27.2,72.8
2023-01-20 20:15:00,264.965512188884,147.430491444444,147.468267733332,18.77777777,-0.2113333333333333,30.15,2,5.1764362714980825,70.66250196097344,20,4,1,-0.8660254037844386,0.5000000000000001,-0.433883739117558,-0.9009688679024191,0.4999999999999999,0.8660254037844387,0.0,0.0,4.9375,10.1,23.375,100.0,93.75,-1.325,4.406769,0.35,-0.45,18.76111111333333,30.816666666666663,30.85,30.5,30.5,30.0,-18.98911110333333,0.2518518599999986,-0.0699999999999999,-0.1413333333333333,-0.054,18.610493806666668,-0.081555555555554,4.8470006,4.8808813,4.8866973,4.9064894,4.8181343,0,0.0,0,1.0,-0.97,24.9,75.1
2023-01-20 20:30:00,232.53792036111,137.994479966668,138.024201044444,18.76111111333333,-0.054,30.0,2,5.1764362714980825,70.66250196097344,20,4,1,-0.8660254037844386,0.5000000000000001,-0.433883739117558,-0.9009688679024191,0.4999999999999999,0.8660254037844387,0.0,0.0,3.4791666666666665,10.0,22.65,100.0,93.5,-1.45,4.37984,0.3,-0.5,18.50555552,30.15,30.816666666666663,30.85,30.5,30.05,-18.815111113333334,-0.0166666566666648,0.1573333333333333,-0.2113333333333333,-0.0713333333333333,18.68827159777778,-0.135555555555554,4.8181343,4.8470006,4.8808813,4.8866973,4.753713,0,0.0,0,1.0,-0.98,25.1,74.9
2023-01-20 20:45:00,223.296623461106,110.622241616666,110.63585222222,18.50555552,-0.0713333333333333,30.05,2,5.1764362714980825,70.66250196097344,20,4,1,-0.8660254037844386,0.5000000000000001,-0.433883739117558,-0.9009688679024191,0.4999999999999999,0.8660254037844387,0.0,0.0,2.2916666666666665,9.9,21.925,100.0,93.25,-1.575,4.3530393,0.25,-0.55,18.29814813666667,30.0,30.15,30.816666666666663,30.85,30.466666666666665,-18.57688885333333,-0.2555555933333373,-0.0173333333333333,-0.054,-0.1733333333333333,18.681481467777783,-0.1122222222222207,4.753713,4.8181343,4.8470006,4.8808813,4.760714,0,0.0,0,1.0,-1.03,27.6,72.4
2023-01-20 21:00:00,284.64583596111,176.203784916666,176.225172994442,18.29814813666667,-0.1733333333333333,30.466666666666665,2,5.1764362714980825,70.66250196097344,21,4,1,-0.7071067811865477,0.7071067811865474,-0.433883739117558,-0.9009688679024191,0.4999999999999999,0.8660254037844387,0.0,0.0,1.375,9.8,21.2,100.0,93.0,-1.7,4.326364,0.2,-0.6,18.56111111,30.05,30.0,30.15,30.816666666666663,30.1,-18.47148147,-0.2074073833333294,-0.102,-0.0713333333333333,-0.154,18.52160492333334,-0.099555555555554,4.760714,4.753713,4.8181343,4.8470006,4.777319,0,0.0,0,1.0,-1.08,29.6,70.4
2023-01-20 21:15:00,314.421033872218,174.748565344444,174.764398094442,18.56111111,-0.154,30.1,2,5.1764362714980825,70.66250196097344,21,4,1,-0.7071067811865477,0.7071067811865474,-0.433883739117558,-0.9009688679024191,0.4999999999999999,0.8660254037844387,0.0,0.0,0.6875,10.125,21.75,100.0,92.5,-1.825,4.2808037,0.175,-0.675,18.7462963,30.466666666666665,30.05,30.0,30.15,29.53333333333333,-18.71511111,0.2629629733333338,0.0193333333333333,-0.1733333333333333,-0.1866666666666666,18.45493825555556,-0.1328888888888874,4.777319,4.760714,4.753713,4.8181343,4.739032,0,0.0,0,1.0,-1.02,27.0,73.0
2023-01-20 21:30:00,280.038520144448,133.643542927778,133.654931355556,18.7462963,-0.1866666666666666,29.53333333333333,2,5.1764362714980825,70.66250196097344,21,4,1,-0.7071067811865477,0.7071067811865474,-0.433883739117558,-0.9009688679024191,0.4999999999999999,0.8660254037844387,0.0,0.0,0.2291666666666666,10.45,22.3,100.0,92.0,-1.95,4.235585,0.15,-0.75,18.62777776,30.1,30.466666666666665,30.05,30.0,29.5,-18.93296296666667,0.1851851899999985,-0.0326666666666666,-0.154,-0.2033333333333333,18.535185182222225,-0.1713333333333318,4.739032,4.777319,4.760714,4.753713,4.7006063,0,0.0,0,1.0,-0.98,25.3,74.7
2023-01-20 21:45:00,266.366844916666,132.52830973889002,132.540809305554,18.62777776,-0.2033333333333333,29.5,2,5.1764362714980825,70.66250196097344,21,4,1,-0.7071067811865477,0.7071067811865474,-0.433883739117558,-0.9009688679024191,0.4999999999999999,0.8660254037844387,0.0,0.0,0.0,10.775,22.85,100.0,91.5,-2.075,4.1907077,0.125,-0.825,18.35370369,29.53333333333333,30.1,30.466666666666665,30.05,29.5,-18.83111109333333,-0.1185185400000001,-0.0166666666666666,-0.1866666666666666,-0.228,18.645061723333335,-0.1813333333333318,4.7006063,4.739032,4.777319,4.760714,4.6248837,0,0.0,0,1.0,-1.01,26.5,73.5
2023-01-20 22:00:00,236.7446965,115.0345651,115.04595356111,18.35370369,-0.228,29.5,2,5.1764362714980825,70.66250196097344,22,4,1,-0.5000000000000004,0.8660254037844384,-0.433883739117558,-0.9009688679024191,0.4999999999999999,0.8660254037844387,0.0,0.0,0.0,11.1,23.4,100.0,91.0,-2.2,4.1461663,0.1,-0.9,18.22777777,29.5,29.53333333333333,30.1,30.466666666666665,29.5,-18.58170369,-0.274074070000001,-0.0246666666666666,-0.2033333333333333,-0.228,18.57592591666667,-0.2059999999999985,4.6248837,4.7006063,4.739032,4.777319,4.5904465,0,0.0,0,1.0,-1.07,29.2,70.8
2023-01-20 22:15:00,292.366082838882,174.182199133332,174.20108734444,18.22777777,-0.228,29.5,2,5.1764362714980825,70.66250196097344,22,4,1,-0.5000000000000004,0.8660254037844384,-0.433883739117558,-0.9009688679024191,0.4999999999999999,0.8660254037844387,0.0,0.0,0.0,11.15,23.575,100.0,90.5,-2.2750000000000004,4.116233,0.15,-0.925,18.47037036,29.5,29.5,29.53333333333333,30.1,29.316666666666663,-18.45577777,-0.1259259200000002,0.0,-0.228,-0.1746666666666666,18.40308640666667,-0.2197777777777763,4.5904465,4.6248837,4.7006063,4.739032,4.628046,0,0.0,0,1.0,-1.1,30.5,69.5
2023-01-20 22:30:00,298.644164888888,157.591751644444,157.60813992222,18.47037036,-0.1746666666666666,29.316666666666663,2,5.1764362714980825,70.66250196097344,22,4,1,-0.5000000000000004,0.8660254037844384,-0.433883739117558,-0.9009688679024191,0.4999999999999999,0.8660254037844387,0.0,0.0,0.0,11.2,23.75,100.0,90.0,-2.35,4.0863905,0.2,-0.95,18.61666667,29.5,29.5,29.5,29.53333333333333,29.0,-18.645037026666667,0.242592590000001,0.0533333333333333,-0.228,-0.214,18.35061727333333,-0.2102222222222207,4.628046,4.5904465,4.6248837,4.7006063,4.617898,0,0.0,0,1.0,-1.05,28.1,71.9
2023-01-20 22:45:00,288.654842311108,167.249698644444,167.268309049998,18.61666667,-0.214,29.0,2,5.1764362714980825,70.66250196097344,22,4,1,-0.5000000000000004,0.8660254037844384,-0.433883739117558,-0.9009688679024191,0.4999999999999999,0.8660254037844387,0.0,0.0,0.0,11.25,23.925,100.0,89.5,-2.425,4.056637,0.25,-0.975,18.77777775,29.316666666666663,29.5,29.5,29.5,29.0,-18.83066667,0.1462963099999967,-0.0393333333333333,-0.1746666666666666,-0.256,18.438271600000004,-0.205555555555554,4.617898,4.628046,4.5904465,4.6248837,4.662123,0,0.0,0,1.0,-1.01,26.7,73.3
2023-01-20 23:00:00,132.898017249998,23.001857672222,23.006302011108,18.77777775,-0.256,29.0,1,5.1764362714980825,70.66250196097344,23,4,1,-0.2588190451025215,0.965925826289068,-0.433883739117558,-0.9009688679024191,0.4999999999999999,0.8660254037844387,0.0,0.0,0.0,11.3,24.1,100.0,89.0,-2.5,4.026973,0.3,-1.0,18.52777774,29.0,29.316666666666663,29.5,29.5,29.4,-19.03377775,0.1611110800000013,-0.042,-0.214,-0.3426666666666667,18.621604926666667,-0.2148888888888874,4.662123,4.617898,4.628046,4.5904465,4.6570153,0,0.0,1,1.0,-0.98,25.2,74.8
2023-01-20 23:15:00,250.083885194442,136.981187166668,137.000075344444,18.52777774,-0.3426666666666667,29.4,2,5.1764362714980825,70.66250196097344,23,4,1,-0.2588190451025215,0.965925826289068,-0.433883739117558,-0.9009688679024191,0.4999999999999999,0.8660254037844387,0.0,0.0,0.0,11.05,23.925,100.0,88.75,-2.575,4.015661,0.275,-1.0,18.42407405,29.0,29.0,29.316666666666663,29.5,29.78333333333333,-18.870444406666664,-0.2500000100000008,-0.0866666666666667,-0.256,-0.41,18.64074072,-0.2708888888888874,4.6570153,4.662123,4.617898,4.628046,4.6888294,0,0.0,1,1.0,-1.03,27.5,72.5
2023-01-20 23:30:00,214.426144844444,94.948146355556,94.970089944444,18.42407405,-0.41,29.78333333333333,2,5.1764362714980825,70.66250196097344,23,4,1,-0.2588190451025215,0.965925826289068,-0.433883739117558,-0.9009688679024191,0.4999999999999999,0.8660254037844387,0.0,0.0,0.0,10.8,23.75,100.0,88.5,-2.65,4.004349,0.25,-1.0,18.20555555,29.4,29.0,29.0,29.316666666666663,29.85,-18.83407405,-0.1037036899999996,-0.0673333333333333,-0.3426666666666667,-0.322,18.57654318,-0.3362222222222207,4.6888294,4.6570153,4.662123,4.617898,4.638784,0,0.0,0,1.0,-1.05,28.4,71.6
2023-01-20 23:45:00,472.634704872226,133.902976983334,133.929920372222,18.20555555,-0.322,29.85,2,5.1764362714980825,70.66250196097344,23,4,1,-0.2588190451025215,0.965925826289068,-0.433883739117558,-0.9009688679024191,0.4999999999999999,0.8660254037844387,0.0,0.0,0.0,10.55,23.575,100.0,88.25,-2.725,3.9930372,0.225,-1.0,18.35740739,29.78333333333333,29.4,29.0,29.0,29.816666666666663,-18.52755555,-0.2185184999999982,0.088,-0.41,-0.358,18.385802446666663,-0.3582222222222207,4.638784,4.6888294,4.6570153,4.662123,4.6755557,0,0.0,0,1.0,-1.1,30.7,69.3
2023-01-21 00:00:00,197.749589766664,132.620806088888,132.64608286111,18.35740739,-0.358,29.816666666666663,2,5.1764362714980825,70.66250196097344,0,5,1,0.0,1.0,-0.9749279121818236,-0.2225209339563146,0.4999999999999999,0.8660254037844387,0.0,0.0,0.0,10.3,23.4,100.0,88.0,-2.8,3.9817255,0.2,-1.0,18.61666668,29.85,29.78333333333333,29.4,29.0,29.5,-18.71540739,0.151851839999999,-0.0359999999999999,-0.322,-0.5673333333333334,18.32901233,-0.3633333333333319,4.6755557,4.638784,4.6888294,4.6570153,4.6975164,0,0.0,0,1.0,-1.07,29.1,70.9
2023-01-21 00:15:00,90.4305493,33.4419956,33.4578283,18.61666668,-0.5673333333333334,29.5,1,5.1764362714980825,70.66250196097344,0,5,1,0.0,1.0,-0.9749279121818236,-0.2225209339563146,0.4999999999999999,0.8660254037844387,0.0,0.0,0.0,10.325,22.95,100.0,87.75,-2.85,3.9635208,0.175,-1.025,18.375925913333333,29.816666666666663,29.85,29.78333333333333,29.4,29.683333333333334,-19.18400001333333,0.2592592899999992,-0.2093333333333333,-0.358,-0.536,18.393209873333333,-0.4157777777777762,4.6975164,4.6755557,4.638784,4.6888294,4.6597633,0,0.0,1,1.0,-1.01,26.6,73.4
2023-01-21 00:30:00,201.64832266111,148.98792912777802,149.013483688888,18.375925913333333,-0.536,29.683333333333334,2,5.1764362714980825,70.66250196097344,0,5,1,0.0,1.0,-0.9749279121818236,-0.2225209339563146,0.4999999999999999,0.8660254037844387,0.0,0.0,0.0,10.35,22.5,100.0,87.5,-2.9,3.9453661,0.15,-1.05,18.61666666,29.5,29.816666666666663,29.85,29.78333333333333,29.6,-18.91192591333333,-0.240740766666665,0.0313333333333333,-0.5673333333333334,-0.5833333333333334,18.449999994444443,-0.4871111111111095,4.6597633,4.6975164,4.6755557,4.638784,4.713441,0,0.0,1,1.0,-1.07,29.0,71.0
2023-01-21 00:45:00,129.9298026,70.32468688333401,70.339408511112,18.61666666,-0.5833333333333334,29.6,1,5.1764362714980825,70.66250196097344,0,5,1,0.0,1.0,-0.9749279121818236,-0.2225209339563146,0.4999999999999999,0.8660254037844387,0.0,0.0,0.0,10.375,22.05,100.0,87.25,-2.95,3.927262,0.125,-1.0750000000000002,18.548148153333333,29.683333333333334,29.5,29.816666666666663,29.85,29.216666666666665,-19.19999999333333,0.2407407466666669,-0.0473333333333333,-0.536,-0.508,18.53641975111111,-0.5622222222222207,4.713441,4.6597633,4.6975164,4.6755557,4.633561,0,0.0,1,1.0,-1.01,26.6,73.4
2023-01-21 01:00:00,149.067092727774,71.304369944444,71.320758188888,18.548148153333333,-0.508,29.216666666666665,2,5.1764362714980825,70.66250196097344,1,5,1,0.2588190451025207,0.9659258262890684,-0.9749279121818236,-0.2225209339563146,0.4999999999999999,0.8660254037844387,0.0,0.0,0.0,10.4,21.6,100.0,87.0,-3.0,3.9092062,0.1,-1.1,18.4,29.6,29.683333333333334,29.5,29.816666666666663,29.5,-19.05614815333333,-0.0685185066666669,0.0753333333333333,-0.5833333333333334,-0.378,18.513580242222226,-0.542444444444443,4.633561,4.713441,4.6597633,4.6975164,4.6375995,0,0.0,1,1.0,-1.03,27.3,72.7
2023-01-21 01:15:00,229.870249188892,172.08117201111202,172.112559672222,18.4,-0.378,29.5,2,5.1764362714980825,70.66250196097344,1,5,1,0.2588190451025207,0.9659258262890684,-0.9749279121818236,-0.2225209339563146,0.4999999999999999,0.8660254037844387,0.0,0.0,0.0,10.275,21.5,100.0,87.0,-3.0,3.9092062,0.125,-1.1,18.66851853,29.216666666666665,29.6,29.683333333333334,29.5,29.316666666666663,-18.778,-0.1481481533333344,0.13,-0.508,-0.3066666666666667,18.521604937777777,-0.4897777777777762,4.6375995,4.633561,4.713441,4.6597633,4.6826715,0,0.0,0,1.0,-1.06,28.7,71.3
2023-01-21 01:30:00,114.365703005554,65.344330555556,65.36432980555401,18.66851853,-0.3066666666666667,29.316666666666663,1,5.1764362714980825,70.66250196097344,1,5,1,0.2588190451025207,0.9659258262890684,-0.9749279121818236,-0.2225209339563146,0.4999999999999999,0.8660254037844387,0.0,0.0,0.0,10.15,21.4,100.0,87.0,-3.0,3.9092062,0.15,-1.1,18.50555552,29.5,29.216666666666665,29.6,29.683333333333334,29.05,-18.975185196666665,0.2685185299999979,0.0713333333333333,-0.378,-0.346,18.538888894444444,-0.397555555555554,4.6826715,4.6375995,4.633561,4.713441,4.5955195,0,0.0,1,1.0,-1.0,26.1,73.9
2023-01-21 01:45:00,132.69663633889002,72.59876261666601,72.618484044444,18.50555552,-0.346,29.05,2,5.1764362714980825,70.66250196097344,1,5,1,0.2588190451025207,0.9659258262890684,-0.9749279121818236,-0.2225209339563146,0.4999999999999999,0.8660254037844387,0.0,0.0,0.0,10.025,21.3,100.0,87.0,-3.0,3.9092062,0.175,-1.1,18.15555554,29.316666666666663,29.5,29.216666666666665,29.6,29.466666666666665,-18.85155552,-0.1629630099999985,-0.0393333333333333,-0.3066666666666667,-0.346,18.52469135,-0.343555555555554,4.5955195,4.6826715,4.6375995,4.633561,4.565634,0,0.0,1,1.0,-1.04,27.8,72.2
2023-01-21 02:00:00,157.687025666664,103.647242844444,103.67224186111,18.15555554,-0.346,29.466666666666665,2,5.1764362714980825,70.66250196097344,2,5,1,0.4999999999999999,0.8660254037844387,-0.9749279121818236,-0.2225209339563146,0.4999999999999999,0.8660254037844387,0.0,0.0,0.0,9.9,21.2,100.0,87.0,-3.0,3.9092062,0.2,-1.1,18.00555553,29.05,29.316666666666663,29.5,29.216666666666665,29.8,-18.50155554,-0.3499999799999962,0.0,-0.346,-0.358,18.443209863333333,-0.3328888888888874,4.565634,4.5955195,4.6826715,4.6375995,4.57629,0,0.0,0,1.0,-1.12,31.3,68.7
2023-01-21 02:15:00,230.629941050002,165.510045966668,165.542266944444,18.00555553,-0.358,29.8,2,5.1764362714980825,70.66250196097344,2,5,1,0.4999999999999999,0.8660254037844387,-0.9749279121818236,-0.2225209339563146,0.4999999999999999,0.8660254037844387,0.0,0.0,0.0,9.525,21.125,100.0,87.0,-3.025,3.9024146,0.2,-1.125,18.461111126666665,29.466666666666665,29.05,29.316666666666663,29.5,29.35,-18.36355553,-0.1500000100000029,-0.0119999999999999,-0.346,-0.3893333333333333,18.222222196666667,-0.3499999999999985,4.57629,4.565634,4.5955195,4.6826715,4.6307645,0,0.0,0,1.0,-1.15,32.8,67.2
2023-01-21 02:30:00,179.700589505554,114.416534255556,114.44181106111,18.461111126666665,-0.3893333333333333,29.35,2,5.1764362714980825,70.66250196097344,2,5,1,0.4999999999999999,0.8660254037844387,-0.9749279121818236,-0.2225209339563146,0.4999999999999999,0.8660254037844387,0.0,0.0,0.0,9.15,21.05,100.0,87.0,-3.05,3.8956325,0.2,-1.15,18.58888889,29.8,29.466666666666665,29.05,29.316666666666663,28.7,-18.85044446,0.4555555966666667,-0.0313333333333333,-0.358,-0.2913333333333333,18.20740739888889,-0.3644444444444429,4.6307645,4.57629,4.565634,4.5955195,4.5626163,0,0.0,0,1.0,-1.05,28.2,71.8
2023-01-21 02:45:00,82.19921180000401,27.816665072222,27.831664455556,18.58888889,-0.2913333333333333,28.7,1,5.1764362714980825,70.66250196097344,2,5,1,0.4999999999999999,0.8660254037844387,-0.9749279121818236,-0.2225209339563146,0.4999999999999999,0.8660254037844387,0.0,0.0,0.0,8.775,20.975,100.0,87.0,-3.075,3.888861,0.2,-1.175,18.248148126666667,29.35,29.8,29.466666666666665,29.05,28.966666666666665,-18.88022222333333,0.1277777633333343,0.0979999999999999,-0.3893333333333333,-0.168,18.351851848888888,-0.3462222222222206,4.5626163,4.6307645,4.57629,4.565634,4.512911,0,0.0,1,1.0,-1.02,27.0,73.0
2023-01-21 03:00:00,187.798321216662,138.568623733332,138.59778928333,18.248148126666667,-0.168,28.966666666666665,2,5.1764362714980825,70.66250196097344,3,5,1,0.7071067811865476,0.7071067811865476,-0.9749279121818236,-0.2225209339563146,0.4999999999999999,0.8660254037844387,0.0,0.0,0.0,8.4,20.9,100.0,87.0,-3.1,3.8821,0.2,-1.2,18.46666669,28.7,29.35,29.8,29.466666666666665,29.0,-18.416148126666663,-0.3407407633333328,0.1233333333333333,-0.2913333333333333,-0.1106666666666666,18.432716047777777,-0.2828888888888873,4.512911,4.5626163,4.6307645,4.57629,4.577049,0,0.0,1,1.0,-1.1,30.4,69.6
2023-01-21 03:15:00,178.394530649998,125.074441255556,125.1008291,18.46666669,-0.1106666666666666,29.0,2,5.1764362714980825,70.66250196097344,3,5,1,0.7071067811865476,0.7071067811865476,-0.9749279121818236,-0.2225209339563146,0.4999999999999999,0.8660254037844387,0.0,0.0,0.0,8.325,20.175,100.0,87.0,-3.125,3.8753493,0.175,-1.225,18.57777778333333,28.966666666666665,28.7,29.35,29.8,28.816666666666663,-18.577333356666667,0.2185185633333333,0.0573333333333333,-0.168,-0.1573333333333333,18.434567902222224,-0.1899999999999984,4.577049,4.512911,4.5626163,4.6307645,4.5781503,0,0.0,0,1.0,-1.05,28.2,71.8
2023-01-21 03:30:00,93.281824127778,19.1559004,19.169788744444,18.57777778333333,-0.1573333333333333,28.816666666666663,1,5.1764362714980825,70.66250196097344,3,5,1,0.7071067811865476,0.7071067811865476,-0.9749279121818236,-0.2225209339563146,0.4999999999999999,0.8660254037844387,0.0,0.0,0.0,8.25,19.45,100.0,87.0,-3.1500000000000004,3.868609,0.15,-1.25,18.25555556,29.0,28.966666666666665,28.7,29.35,28.85,-18.735111116666666,0.1111110933333314,-0.0466666666666666,-0.1106666666666666,-0.078,18.4308642,-0.1453333333333318,4.5781503,4.577049,4.512911,4.5626163,4.496712,0,0.0,1,1.0,-1.02,27.1,72.9
2023-01-21 03:45:00,176.760429349998,114.530974144444,114.556528672222,18.25555556,-0.078,28.85,2,5.1764362714980825,70.66250196097344,3,5,1,0.7071067811865476,0.7071067811865476,-0.9749279121818236,-0.2225209339563146,0.4999999999999999,0.8660254037844387,0.0,0.0,0.0,8.175,18.725,100.0,87.0,-3.1750000000000003,3.8618796,0.125,-1.275,18.340740746666665,28.816666666666663,29.0,28.966666666666665,28.7,28.816666666666663,-18.33355556,-0.3222222233333305,0.0793333333333333,-0.1573333333333333,-0.054,18.43333334444445,-0.1153333333333318,4.496712,4.5781503,4.577049,4.512911,4.51428,0,0.0,1,1.0,-1.1,30.4,69.6
2023-01-21 04:00:00,177.777888583334,128.100431344444,128.127374716666,18.340740746666665,-0.054,28.816666666666663,2,5.1764362714980825,70.66250196097344,4,5,1,0.8660254037844386,0.5000000000000001,-0.9749279121818236,-0.2225209339563146,0.4999999999999999,0.8660254037844387,0.0,0.0,0.0,8.1,18.0,100.0,87.0,-3.2,3.8551595,0.1,-1.3,18.4888889,28.85,28.816666666666663,29.0,28.966666666666665,28.55,-18.394740746666663,0.0851851866666635,0.024,-0.078,-0.222,18.391358030000003,-0.0964444444444429,4.51428,4.496712,4.5781503,4.577049,4.511965,0,0.0,0,1.0,-1.08,29.5,70.5
2023-01-21 04:15:00,102.139525305558,41.43306486111,41.448619772222,18.4888889,-0.222,28.55,1,5.1764362714980825,70.66250196097344,4,5,1,0.8660254037844386,0.5000000000000001,-0.9749279121818236,-0.2225209339563146,0.4999999999999999,0.8660254037844387,0.0,0.0,0.0,7.774999999999999,17.725,100.0,87.5,-3.225,3.8571017,0.075,-1.375,18.22037037,28.816666666666663,28.85,28.816666666666663,29.0,28.966666666666665,-18.7108889,0.1481481533333344,-0.168,-0.054,-0.636,18.361728402222223,-0.1179999999999984,4.511965,4.51428,4.496712,4.5781503,4.505475,0,0.0,1,1.0,-1.05,28.1,71.9
2023-01-21 04:30:00,179.229219394446,130.110073155556,130.136183244444,18.22037037,-0.636,28.966666666666665,2,5.1764362714980825,70.66250196097344,4,5,1,0.8660254037844386,0.5000000000000001,-0.9749279121818236,-0.2225209339563146,0.4999999999999999,0.8660254037844387,0.0,0.0,0.0,7.449999999999999,17.45,100.0,88.0,-3.25,3.858907,0.05,-1.4500000000000002,18.17777777,28.55,28.816666666666663,28.85,28.816666666666663,28.7,-18.85637037,-0.2685185299999979,-0.414,-0.222,-0.7633333333333333,18.350000005555557,-0.3039999999999985,4.505475,4.511965,4.51428,4.496712,4.452719,0,0.0,1,1.0,-1.1,30.7,69.3
2023-01-21 04:45:00,161.70908696111,102.013141544444,102.038696105554,18.17777777,-0.7633333333333333,28.7,2,5.1764362714980825,70.66250196097344,4,5,1,0.8660254037844386,0.5000000000000001,-0.9749279121818236,-0.2225209339563146,0.4999999999999999,0.8660254037844387,0.0,0.0,0.0,7.125,17.174999999999997,100.0,88.5,-3.275,3.860575,0.0249999999999999,-1.525,17.96296292,28.966666666666665,28.55,28.816666666666663,28.85,28.966666666666665,-18.94111110333333,-0.0425926000000025,-0.1273333333333333,-0.636,-0.8733333333333333,18.29567901333333,-0.540444444444443,4.452719,4.505475,4.511965,4.51428,4.437061,0,0.0,0,1.0,-1.12,31.2,68.8
2023-01-21 05:00:00,222.031396188888,148.407396783334,148.4348957,17.96296292,-0.8733333333333333,28.966666666666665,2,5.1764362714980825,70.66250196097344,5,5,1,0.9659258262890684,0.2588190451025207,-0.9749279121818236,-0.2225209339563146,0.4999999999999999,0.8660254037844387,0.0,0.0,0.0,6.8,16.9,100.0,89.0,-3.3,3.862108,0.0,-1.6,18.244444410000003,28.7,28.966666666666665,28.55,28.816666666666663,28.6,-18.83629625333333,-0.2148148499999997,-0.1099999999999999,-0.7633333333333333,-1.044,18.12037035333333,-0.757555555555554,4.437061,4.452719,4.505475,4.511965,4.454806,0,0.0,0,1.0,-1.16,33.5,66.5
2023-01-21 05:15:00,539.261206488888,150.9322958,150.96201686111,18.244444410000003,-1.044,28.6,2,5.1764362714980825,70.66250196097344,5,5,1,0.9659258262890684,0.2588190451025207,-0.9749279121818236,-0.2225209339563146,0.4999999999999999,0.8660254037844387,0.0,0.0,0.0,6.7,16.174999999999997,100.0,89.0,-3.3,3.8553693,0.025,-1.625,18.511111106666664,28.966666666666665,28.7,28.966666666666665,28.55,28.03333333333333,-19.288444410000004,0.2814814900000044,-0.1706666666666667,-0.8733333333333333,-1.004,18.128395033333337,-0.893555555555554,4.454806,4.437061,4.452719,4.505475,4.4361496,0,0.0,0,1.0,-1.1,30.6,69.4
2023-01-21 05:30:00,69.772764544444,20.506124188888,20.520290288888,18.511111106666664,-1.004,28.03333333333333,1,5.1764362714980825,70.66250196097344,5,5,1,0.9659258262890684,0.2588190451025207,-0.9749279121818236,-0.2225209339563146,0.4999999999999999,0.8660254037844387,0.0,0.0,0.0,6.6,15.45,100.0,89.0,-3.3,3.8486404,0.05,-1.65,18.20555555,28.6,28.966666666666665,28.7,28.966666666666665,28.0,-19.515111106666662,0.2666666966666611,0.04,-1.044,-1.0626666666666666,18.23950614555556,-0.9737777777777762,4.4361496,4.454806,4.437061,4.452719,4.3512883,0,0.0,1,1.0,-1.04,28.0,72.0
2023-01-21 05:45:00,193.771137661114,140.04967553889,140.078007788888,18.20555555,-1.0626666666666666,28.0,2,5.1764362714980825,70.66250196097344,5,5,1,0.9659258262890684,0.2588190451025207,-0.9749279121818236,-0.2225209339563146,0.4999999999999999,0.8660254037844387,0.0,0.0,0.0,6.5,14.725,100.0,89.0,-3.3,3.8419225,0.075,-1.675,18.35740739,28.03333333333333,28.6,28.966666666666665,28.7,27.816666666666663,-19.268222216666665,-0.3055555566666648,-0.0586666666666666,-1.004,-1.0353333333333334,18.32037035555556,-1.0368888888888872,4.3512883,4.4361496,4.454806,4.437061,4.3619356,0,0.0,1,1.0,-1.11,31.1,68.9
2023-01-21 06:00:00,200.99473772222,139.71580002777802,139.743298977776,18.35740739,-1.0353333333333334,27.816666666666663,2,5.1764362714980825,70.66250196097344,6,5,1,1.0,6.123233995736766e-17,-0.9749279121818236,-0.2225209339563146,0.4999999999999999,0.8660254037844387,0.0,0.0,0.0,6.4,14.0,100.0,89.0,-3.3,3.8352149,0.1,-1.7,18.53333336,28.0,28.03333333333333,28.6,28.966666666666665,27.5,-19.392740723333333,0.151851839999999,0.0273333333333332,-1.0626666666666666,-0.936,18.358024682222226,-1.0339999999999985,4.3619356,4.3512883,4.4361496,4.454806,4.357485,0,0.0,0,1.0,-1.08,29.6,70.4
2023-01-21 06:15:00,101.15456473889,35.711071516666,35.729126394442,18.53333336,-0.936,27.5,1,5.1764362714980825,70.66250196097344,6,5,1,1.0,6.123233995736766e-17,-0.9749279121818236,-0.2225209339563146,0.4999999999999999,0.8660254037844387,0.0,0.0,0.0,6.1000000000000005,13.925,100.0,89.0,-3.325,3.8285174,0.075,-1.725,18.212962976666667,27.816666666666663,28.0,28.03333333333333,28.6,27.683333333333334,-19.46933336,0.175925969999998,0.0993333333333335,-1.0353333333333334,-0.8946666666666666,18.3654321,-1.011333333333332,4.357485,4.3619356,4.3512883,4.4361496,4.303971,0,0.0,1,1.0,-1.04,27.9,72.1
2023-01-21 06:30:00,212.736768005554,153.675519383334,153.70440716111,18.212962976666667,-0.8946666666666666,27.683333333333334,2,5.1764362714980825,70.66250196097344,6,5,1,1.0,6.123233995736766e-17,-0.9749279121818236,-0.2225209339563146,0.4999999999999999,0.8660254037844387,0.0,0.0,0.0,5.800000000000001,13.85,100.0,89.0,-3.35,3.8218296,0.05,-1.75,18.42777777,27.5,27.816666666666663,28.0,28.03333333333333,27.65,-19.107629643333333,-0.32037038333333,0.0413333333333333,-0.936,-0.902,18.36790124222222,-0.9553333333333316,4.303971,4.357485,4.3619356,4.3512883,4.3539324,0,0.0,1,1.0,-1.11,31.1,68.9
2023-01-21 06:45:00,199.822006933328,139.167488644444,139.19526538333,18.42777777,-0.902,27.65,2,5.1764362714980825,70.66250196097344,6,5,1,1.0,6.123233995736766e-17,-0.9749279121818236,-0.2225209339563146,0.4999999999999999,0.8660254037844387,0.0,0.0,0.0,5.5,13.775,100.0,89.0,-3.375,3.8151526,0.0249999999999999,-1.775,18.501851833333333,27.683333333333334,27.5,27.816666666666663,28.0,27.5,-19.32977777,0.2148147933333319,-0.0073333333333333,-0.8946666666666666,-0.642,18.391358035555555,-0.9108888888888872,4.3539324,4.303971,4.357485,4.3619356,4.3493648,0,0.0,0,1.0,-1.06,28.9,71.1
2023-01-21 07:00:00,86.872080427782,38.324578072222,38.340410755556,18.501851833333333,-0.642,27.5,1,5.1764362714980825,70.66250196097344,7,5,1,0.9659258262890684,-0.2588190451025206,-0.9749279121818236,-0.2225209339563146,0.4999999999999999,0.8660254037844387,0.0,0.0,0.0,5.2,13.7,100.0,89.0,-3.4,3.8084857,0.0,-1.8,18.12222224,27.65,27.683333333333334,27.5,27.816666666666663,27.85,-19.143851833333333,0.0740740633333345,0.2599999999999999,-0.902,-0.5,18.38086419333333,-0.8128888888888873,4.3493648,4.3539324,4.303971,4.357485,4.306605,0,0.0,1,1.0,-1.05,28.2,71.8
2023-01-21 07:15:00,156.804283211108,108.317056044444,108.342332849998,18.12222224,-0.5,27.85,2,5.1764362714980825,70.66250196097344,7,5,1,0.9659258262890684,-0.2588190451025206,-0.9749279121818236,-0.2225209339563146,0.4999999999999999,0.8660254037844387,0.0,0.0,0.0,4.825,13.15,99.5,89.75,-3.3,3.8338673,0.0,-1.825,17.81851854,27.5,27.65,27.683333333333334,27.5,28.183333333333334,-18.62222224,-0.379629593333334,0.142,-0.642,-0.4926666666666667,18.350617281111116,-0.6813333333333317,4.306605,4.3493648,4.3539324,4.303971,4.2801037,0,0.0,1,1.0,-1.13,32.0,68.0
2023-01-21 07:30:00,273.311567116666,120.131583411112,120.161026683334,17.81851854,-0.4926666666666667,28.183333333333334,2,5.1764362714980825,70.66250196097344,7,5,1,0.9659258262890684,-0.2588190451025206,-0.9749279121818236,-0.2225209339563146,0.4999999999999999,0.8660254037844387,0.0,0.0,0.0,4.45,12.6,99.0,90.5,-3.2,3.8591466,0.0,-1.85,17.866666650000003,27.85,27.5,27.65,27.683333333333334,28.9,-18.311185206666668,-0.3037036999999998,0.0073333333333333,-0.5,-0.3293333333333333,18.147530871111112,-0.5448888888888873,4.2801037,4.306605,4.3493648,4.3539324,4.401546,0,0.0,0,1.0,-1.2,35.3,64.7
2023-01-21 07:45:00,192.8872842,66.015137055556,66.040969405554,17.866666650000003,-0.3293333333333333,28.9,1,5.1764362714980825,70.66250196097344,7,5,1,0.9659258262890684,-0.2588190451025206,-0.9749279121818236,-0.2225209339563146,0.4999999999999999,0.8660254037844387,0.0,0.0,0.0,4.075,12.05,98.5,91.25,-3.1,3.8843253,0.0,-1.875,17.894444433333334,28.183333333333334,27.85,27.5,27.65,29.466666666666665,-18.195999983333337,0.0481481100000031,0.1633333333333333,-0.4926666666666667,-0.3793333333333333,17.935802476666666,-0.440666666666665,4.401546,4.2801037,4.306605,4.3493648,4.4952793,0,0.0,1,1.0,-1.19,34.6,65.4
2023-01-21 08:00:00,92.405470283334,27.6580603,27.675837388888,17.894444433333334,-0.3793333333333333,29.466666666666665,1,5.1764362714980825,70.66250196097344,8,5,1,0.8660254037844387,-0.4999999999999998,-0.9749279121818236,-0.2225209339563146,0.4999999999999999,0.8660254037844387,0.0,0.0,0.0,3.7,11.5,98.0,92.0,-3.0,3.909402,0.0,-1.9,17.666666650000003,28.9,28.183333333333334,27.85,27.5,29.8,-18.27377776666667,0.027777783333331,-0.0499999999999999,-0.3293333333333333,-0.3106666666666667,17.85987654111111,-0.4004444444444428,4.4952793,4.401546,4.2801037,4.306605,4.484842,0,0.0,0,1.0,-1.18,34.1,65.9
2023-01-21 08:15:00,269.417000655556,135.964005655556,135.989837972222,17.666666650000003,-0.3106666666666667,29.8,2,5.1764362714980825,70.66250196097344,8,5,1,0.8660254037844387,-0.4999999999999998,-0.9749279121818236,-0.2225209339563146,0.4999999999999999,0.8660254037844387,1.25,0.3125,0.1041666666666666,4.4,11.875,98.5,91.0,-3.05,3.89407,0.025,-1.7999999999999998,17.89999999666667,29.466666666666665,28.9,28.183333333333334,27.85,29.35,-17.97733331666667,-0.2277777833333303,0.0686666666666666,-0.3793333333333333,-0.0866666666666666,17.809259244444448,-0.3397777777777762,4.484842,4.4952793,4.401546,4.2801037,4.478963,0,0.0,1,1.0,-1.23,36.7,63.3
2023-01-21 08:30:00,166.005859549998,49.756620772222,49.774953372222,17.89999999666667,-0.0866666666666666,29.35,1,5.1764362714980825,70.66250196097344,8,5,1,0.8660254037844387,-0.4999999999999998,-0.9749279121818236,-0.2225209339563146,0.4999999999999999,0.8660254037844387,2.5,0.9375,0.3125,5.1,12.25,99.0,90.0,-3.1,3.8783069,0.05,-1.7,17.85555558,29.8,29.466666666666665,28.9,28.183333333333334,29.05,-17.986666663333335,0.2333333466666651,0.224,-0.3106666666666667,-0.1606666666666666,17.820370360000002,-0.2588888888888873,4.478963,4.484842,4.4952793,4.401546,4.4214644,0,0.0,1,1.0,-1.18,34.1,65.9
2023-01-21 08:45:00,156.482073833332,97.101115783334,97.126670377776,17.85555558,-0.1606666666666666,29.05,2,5.1764362714980825,70.66250196097344,8,5,1,0.8660254037844387,-0.4999999999999998,-0.9749279121818236,-0.2225209339563146,0.4999999999999999,0.8660254037844387,3.75,1.875,0.625,5.8,12.625,99.5,89.0,-3.1500000000000004,3.862108,0.075,-1.6,17.848148153333334,29.35,29.8,29.466666666666665,28.9,29.28333333333333,-18.01622224666667,-0.0444444166666677,-0.074,-0.0866666666666666,-0.1666666666666666,17.807407408888892,-0.1859999999999984,4.4214644,4.478963,4.484842,4.4952793,4.4550133,0,0.0,1,1.0,-1.19,34.7,65.3
2023-01-21 09:00:00,179.125890244444,115.921474072222,115.949806305554,17.848148153333334,-0.1666666666666666,29.28333333333333,2,5.1764362714980825,70.66250196097344,9,5,1,0.7071067811865476,-0.7071067811865475,-0.9749279121818236,-0.2225209339563146,0.4999999999999999,0.8660254037844387,5.0,3.125,1.0416666666666667,6.5,13.0,100.0,88.0,-3.2,3.8454683,0.1,-1.5,18.02222226,29.05,29.35,29.8,29.466666666666665,29.05,-18.01481482,-0.007407426666667,-0.0059999999999999,-0.1606666666666666,-0.0726666666666666,17.867901243333336,-0.1379999999999983,4.4550133,4.4214644,4.478963,4.484842,4.46554,0,0.0,0,1.0,-1.19,34.7,65.3
2023-01-21 09:15:00,93.143774116666,22.928249483334,22.944915516666,18.02222226,-0.0726666666666666,29.05,1,5.1764362714980825,70.66250196097344,9,5,1,0.7071067811865476,-0.7071067811865475,-0.9749279121818236,-0.2225209339563146,0.4999999999999999,0.8660254037844387,15.5,6.6875,2.333333333333333,6.975,14.8,100.0,86.25,-3.3000000000000003,3.8219256,0.075,-1.3,17.744444426666668,29.28333333333333,29.05,29.35,29.8,29.65,-18.094888926666663,0.1740741066666657,0.0939999999999999,-0.1666666666666666,0.182,17.90864199777778,-0.1333333333333317,4.46554,4.4550133,4.4214644,4.478963,4.4830084,0,0.0,1,1.0,-1.15,32.8,67.2
2023-01-21 09:30:00,189.775186488888,129.8006411,129.830362177776,17.744444426666668,0.182,29.65,2,5.1764362714980825,70.66250196097344,9,5,1,0.7071067811865476,-0.7071067811865475,-0.9749279121818236,-0.2225209339563146,0.4999999999999999,0.8660254037844387,26.0,12.5625,4.5,7.45,16.6,100.0,84.5,-3.4000000000000004,3.7968729,0.05,-1.1,17.95000002,29.05,29.28333333333333,29.05,29.35,29.65,-17.56244442666667,-0.2777778333333316,0.2546666666666666,-0.0726666666666666,0.2366666666666667,17.871604946666668,-0.0191111111111094,4.4830084,4.46554,4.4550133,4.4214644,4.538229,0,0.0,1,1.0,-1.21,35.8,64.2
2023-01-21 09:45:00,117.563908455552,57.997680016666,58.018790338886,17.95000002,0.2366666666666667,29.65,1,5.1764362714980825,70.66250196097344,9,5,1,0.7071067811865476,-0.7071067811865475,-0.9749279121818236,-0.2225209339563146,0.4999999999999999,0.8660254037844387,36.5,20.75,7.541666666666667,7.925000000000001,18.4,100.0,82.75,-3.5,3.7702777,0.0249999999999999,-0.8999999999999999,17.922222233333333,29.65,29.05,29.28333333333333,29.05,29.683333333333334,-17.713333353333333,0.205555593333333,0.0546666666666667,0.182,0.1333333333333333,17.90555556888889,0.1153333333333349,4.538229,4.4830084,4.46554,4.4550133,4.5358276,0,0.0,1,1.0,-1.16,33.5,66.5
2023-01-21 10:00:00,141.1326878,71.677410555556,71.6996319,17.922222233333333,0.1333333333333333,29.683333333333334,2,5.1764362714980825,70.66250196097344,10,5,1,0.4999999999999999,-0.8660254037844387,-0.9749279121818236,-0.2225209339563146,0.4999999999999999,0.8660254037844387,47.0,31.25,11.458333333333334,8.4,20.2,100.0,81.0,-3.6,3.7421064,0.0,-0.7,17.84999999,29.65,29.65,29.05,29.28333333333333,29.95,-17.7888889,-0.0277777866666681,-0.1033333333333333,0.2366666666666667,0.2,17.87222222666667,0.1840000000000016,4.5358276,4.538229,4.4830084,4.46554,4.5569386,0,0.0,1,1.0,-1.17,33.8,66.2
2023-01-21 10:15:00,205.901763566668,158.453661583334,158.485604772222,17.84999999,0.2,29.95,2,5.1764362714980825,70.66250196097344,10,5,1,0.4999999999999999,-0.8660254037844387,-0.9749279121818236,-0.2225209339563146,0.4999999999999999,0.8660254037844387,60.25,42.4375,16.479166666666668,8.5,20.45,100.0,79.5,-3.725,3.7047522,0.0,-0.575,18.124074086666667,29.683333333333334,29.65,29.65,29.05,29.53333333333333,-17.64999999,-0.0722222433333321,0.0666666666666666,0.1333333333333333,0.2333333333333333,17.907407414444446,0.1900000000000016,4.5569386,4.5358276,4.538229,4.4830084,4.567411,0,0.0,0,1.0,-1.19,34.5,65.5
2023-01-21 10:30:00,55.686661394442,12.956426172222,12.973647733332,18.124074086666667,0.2333333333333333,29.53333333333333,1,5.1764362714980825,70.66250196097344,10,5,1,0.4999999999999999,-0.8660254037844387,-0.9749279121818236,-0.2225209339563146,0.4999999999999999,0.8660254037844387,73.5,54.3125,22.604166666666668,8.600000000000001,20.7,100.0,78.0,-3.85,3.6664314,0.0,-0.4499999999999999,17.888888899999998,29.95,29.683333333333334,29.65,29.65,29.5,-17.890740753333333,0.2740740966666664,0.0333333333333333,0.2,0.036,17.965432103333335,0.1888888888888905,4.567411,4.5569386,4.5358276,4.538229,4.498876,0,0.0,1,1.0,-1.12,31.6,68.4
2023-01-21 10:45:00,179.660591088888,129.564817183334,129.593704944444,17.888888899999998,0.036,29.5,2,5.1764362714980825,70.66250196097344,10,5,1,0.4999999999999999,-0.8660254037844387,-0.9749279121818236,-0.2225209339563146,0.4999999999999999,0.8660254037844387,86.75,66.875,29.83333333333333,8.700000000000001,20.95,100.0,76.5,-3.975,3.6271324,0.0,-0.325,17.901851843333336,29.53333333333333,29.95,29.683333333333334,29.65,29.5,-17.852888899999996,-0.2351851866666692,-0.1973333333333333,0.2333333333333333,0.0433333333333333,17.95432099222222,0.156444444444446,4.498876,4.567411,4.5569386,4.5358276,4.502349,0,0.0,1,1.0,-1.18,34.2,65.8
2023-01-21 11:00:00,406.14736462222,112.743545644444,112.77243342222,17.901851843333336,0.0433333333333333,29.5,2,5.1764362714980825,70.66250196097344,11,5,1,0.258819045102521,-0.9659258262890682,-0.9749279121818236,-0.2225209339563146,0.4999999999999999,0.8660254037844387,100.0,80.125,38.16666666666666,8.8,21.2,100.0,75.0,-4.1,3.5868416,0.0,-0.2,17.794444419999998,29.5,29.53333333333333,29.95,29.683333333333334,29.85,-17.858518510000003,0.0129629433333384,0.0073333333333333,0.036,0.1666666666666666,17.971604943333332,0.1042222222222238,4.502349,4.498876,4.567411,4.5569386,4.526718,0,0.0,0,1.0,-1.18,34.0,66.0
2023-01-21 11:15:00,284.0186388,118.692752133332,118.722473211108,17.794444419999998,0.1666666666666666,29.85,2,5.1764362714980825,70.66250196097344,11,5,1,0.258819045102521,-0.9659258262890682,-0.9749279121818236,-0.2225209339563146,0.4999999999999999,0.8660254037844387,104.75,91.25,46.79166666666666,8.700000000000001,21.3,100.0,73.75,-4.199999999999999,3.563744,0.0,-0.0499999999999999,17.93703704,29.5,29.5,29.53333333333333,29.95,29.816666666666663,-17.62777775333333,-0.1074074233333384,0.1233333333333333,0.0433333333333333,0.1553333333333333,17.861728387777777,0.0820000000000016,4.526718,4.502349,4.498876,4.567411,4.56022,0,0.0,0,1.0,-1.2,35.2,64.8
2023-01-21 11:30:00,185.8109006,134.869605016666,134.899881588888,17.93703704,0.1553333333333333,29.816666666666663,2,5.1764362714980825,70.66250196097344,11,5,1,0.258819045102521,-0.9659258262890682,-0.9749279121818236,-0.2225209339563146,0.4999999999999999,0.8660254037844387,109.5,100.25,55.708333333333336,8.600000000000001,21.4,100.0,72.5,-4.3,3.5397313,0.0,0.1,18.194444420000004,29.85,29.5,29.5,29.53333333333333,29.2,-17.781703706666665,0.142592620000002,-0.0113333333333333,0.1666666666666666,0.2193333333333333,17.877777767777776,0.1217777777777793,4.56022,4.526718,4.502349,4.498876,4.534778,0,0.0,0,1.0,-1.17,33.6,66.4
2023-01-21 11:45:00,97.453323894446,47.131170211112,47.151724988888,18.194444420000004,0.2193333333333333,29.2,1,5.1764362714980825,70.66250196097344,11,5,1,0.258819045102521,-0.9659258262890682,-0.9749279121818236,-0.2225209339563146,0.4999999999999999,0.8660254037844387,114.25,107.125,64.91666666666667,8.5,21.5,100.0,71.25,-4.4,3.5147896,0.0,0.25,18.02407404333333,29.816666666666663,29.85,29.5,29.5,29.65,-17.97511108666667,0.2574073800000036,0.0639999999999999,0.1553333333333333,0.2726666666666666,17.97530862666667,0.180444444444446,4.534778,4.56022,4.526718,4.502349,4.558273,0,0.0,1,1.0,-1.11,30.9,69.1
2023-01-21 12:00:00,205.9142631,164.12371255555598,164.156766816666,18.02407404333333,0.2726666666666666,29.65,2,5.1764362714980825,70.66250196097344,12,5,1,1.2246467991473532e-16,-1.0,-0.9749279121818236,-0.2225209339563146,0.4999999999999999,0.8660254037844387,119.0,111.875,74.41666666666667,8.4,21.6,100.0,70.0,-4.5,3.4889042,0.0,0.4,18.31666667,29.2,29.816666666666663,29.85,29.5,29.65,-17.751407376666666,-0.1703703766666713,0.0533333333333333,0.2193333333333333,0.336,18.051851834444445,0.2157777777777794,4.558273,4.534778,4.56022,4.526718,4.6381965,0,0.0,1,1.0,-1.15,32.7,67.3
2023-01-21 12:15:00,198.819546999996,136.277326472222,136.305103177776,18.31666667,0.336,29.65,2,5.1764362714980825,70.66250196097344,12,5,1,1.2246467991473532e-16,-1.0,-0.9749279121818236,-0.2225209339563146,0.4999999999999999,0.8660254037844387,133.25,119.0,84.22916666666667,8.275,21.325000000000003,100.0,69.5,-4.475,3.4938314,0.0,0.525,18.553703716666668,29.65,29.2,29.816666666666663,29.85,29.683333333333334,-17.98066667,0.2925926266666678,0.0633333333333333,0.2726666666666666,0.384,18.178395044444446,0.2760000000000016,4.6381965,4.558273,4.534778,4.56022,4.7091203,0,0.0,0,1.0,-1.08,29.6,70.4
2023-01-21 12:30:00,313.590789183334,233.780648383334,233.817591388888,18.553703716666668,0.384,29.683333333333334,2,5.1764362714980825,70.66250196097344,12,5,1,1.2246467991473532e-16,-1.0,-0.9749279121818236,-0.2225209339563146,0.4999999999999999,0.8660254037844387,147.5,128.5,94.35416666666669,8.15,21.05,100.0,69.0,-4.45,3.498552,0.0,0.65,18.75555555,29.65,29.65,29.2,29.816666666666663,29.95,-18.169703716666668,0.2370370466666678,0.0479999999999999,0.336,0.4933333333333333,18.298148143333336,0.3308888888888905,4.7091203,4.6381965,4.558273,4.534778,4.808526,0,0.0,0,1.0,-1.02,27.2,72.8
2023-01-21 12:45:00,102.870607294442,53.918954272222,53.941731177776,18.75555555,0.4933333333333333,29.95,1,5.1764362714980825,70.66250196097344,12,5,1,1.2246467991473532e-16,-1.0,-0.9749279121818236,-0.2225209339563146,0.4999999999999999,0.8660254037844387,161.75,140.375,104.79166666666669,8.025,20.775,100.0,68.5,-4.425000000000001,3.5030644,0.0,0.775,18.47222225333333,29.683333333333334,29.65,29.65,29.2,29.9,-18.262222216666668,0.2018518333333325,0.1093333333333333,0.384,0.5826666666666667,18.541975312222224,0.4044444444444461,4.808526,4.7091203,4.6381965,4.558273,4.7206492,0,0.0,1,1.0,-0.98,25.2,74.8
2023-01-21 13:00:00,155.218513327774,113.258802816666,113.287690611108,18.47222225333333,0.5826666666666667,29.9,2,5.1764362714980825,70.66250196097344,13,5,1,-0.2588190451025208,-0.9659258262890684,-0.9749279121818236,-0.2225209339563146,0.4999999999999999,0.8660254037844387,176.0,154.625,115.54166666666669,7.9,20.5,100.0,68.0,-4.4,3.5073636,0.0,0.9,18.28888891,29.95,29.683333333333334,29.65,29.65,30.5,-17.889555586666663,-0.2833332966666688,0.0893333333333333,0.4933333333333333,0.4959999999999999,18.59382717333333,0.4866666666666683,4.7206492,4.808526,4.7091203,4.6381965,4.7633057,0,0.0,1,1.0,-1.04,27.9,72.1
2023-01-21 13:15:00,211.1965518,160.636074283334,160.668850788888,18.28888891,0.4959999999999999,30.5,2,5.1764362714980825,70.66250196097344,13,5,1,-0.2588190451025208,-0.9659258262890684,-0.9749279121818236,-0.2225209339563146,0.4999999999999999,0.8660254037844387,174.0,164.8125,125.02083333333331,7.825,20.425,100.0,68.0,-4.325,3.5193734,0.0,0.95,18.42222223,29.9,29.95,29.683333333333334,29.65,30.5,-17.792888910000002,-0.1833333433333308,-0.0866666666666667,0.5826666666666667,0.5606666666666666,18.505555571111117,0.5240000000000017,4.7633057,4.7206492,4.808526,4.7091203,4.8011293,0,0.0,0,1.0,-1.08,29.7,70.3
2023-01-21 13:30:00,219.914536433332,167.360527527778,167.394137349998,18.42222223,0.5606666666666666,30.5,2,5.1764362714980825,70.66250196097344,13,5,1,-0.2588190451025208,-0.9659258262890684,-0.9749279121818236,-0.2225209339563146,0.4999999999999999,0.8660254037844387,172.0,170.9375,133.22916666666666,7.75,20.35,100.0,68.0,-4.25,3.5314198,0.0,1.0,18.588888880000003,30.5,29.9,29.95,29.683333333333334,30.15,-17.861555563333333,0.1333333199999984,0.0646666666666667,0.4959999999999999,0.682,18.394444464444447,0.5464444444444461,4.8011293,4.7633057,4.7206492,4.808526,4.793132,0,0.0,0,1.0,-1.05,28.3,71.7
2023-01-21 13:45:00,233.620932555556,172.6914254,172.727535055556,18.588888880000003,0.682,30.15,2,5.1764362714980825,70.66250196097344,13,5,1,-0.2588190451025208,-0.9659258262890684,-0.9749279121818236,-0.2225209339563146,0.4999999999999999,0.8660254037844387,170.0,173.0,140.16666666666666,7.675,20.275,100.0,68.0,-4.175,3.5435026,0.0,1.05,18.714814793333336,30.5,30.5,29.9,29.95,29.816666666666663,-17.906888880000004,0.1666666500000033,0.1213333333333334,0.5606666666666666,0.5660000000000001,18.43333334,0.5795555555555572,4.793132,4.8011293,4.7633057,4.7206492,4.7755985,0,0.0,0,1.0,-1.01,26.7,73.3
2023-01-21 14:00:00,142.100149199996,53.931176,53.96423026111,18.714814793333336,0.5660000000000001,29.816666666666663,1,5.1764362714980825,70.66250196097344,14,5,1,-0.4999999999999997,-0.8660254037844388,-0.9749279121818236,-0.2225209339563146,0.4999999999999999,0.8660254037844387,168.0,171.0,145.83333333333334,7.6,20.2,100.0,68.0,-4.1,3.555621,0.0,1.1,18.48333333,30.15,30.5,30.5,29.9,29.55,-18.148814793333337,0.125925913333333,-0.1159999999999999,0.682,0.538,18.575308634444443,0.6028888888888906,4.7755985,4.793132,4.8011293,4.7633057,4.668464,0,0.0,1,1.0,-0.99,25.6,74.4
2023-01-21 14:15:00,234.136745172226,93.615144111112,93.642365305554,18.48333333,0.538,29.55,2,5.1764362714980825,70.66250196097344,14,5,1,-0.4999999999999997,-0.8660254037844388,-0.9749279121818236,-0.2225209339563146,0.4999999999999999,0.8660254037844387,158.75,167.1875,150.33333333333334,7.675,20.0,100.0,68.5,-4.05,3.575657,0.0,1.0750000000000002,18.438888866666662,29.816666666666663,30.15,30.5,30.5,29.78333333333333,-17.94533333,-0.2314814633333348,-0.028,0.5660000000000001,0.6126666666666666,18.59567900111111,0.5953333333333349,4.668464,4.7755985,4.793132,4.8011293,4.6929493,0,0.0,1,1.0,-1.04,27.9,72.1
2023-01-21 14:30:00,254.411489849998,118.55386873889,118.58247876111,18.438888866666662,0.6126666666666666,29.78333333333333,2,5.1764362714980825,70.66250196097344,14,5,1,-0.4999999999999997,-0.8660254037844388,-0.9749279121818236,-0.2225209339563146,0.4999999999999999,0.8660254037844387,149.5,161.5625,153.66666666666666,7.75,19.8,100.0,69.0,-4.0,3.5956132,0.0,1.05,18.54444447,29.55,29.816666666666663,30.15,30.5,28.9,-17.8262222,-0.0444444633333347,0.0746666666666665,0.538,0.464,18.54567899666667,0.5722222222222239,4.6929493,4.668464,4.7755985,4.793132,4.5823364,0,0.0,0,1.0,-1.05,28.3,71.7
2023-01-21 14:45:00,190.320720299996,56.708287127778,56.738008188888,18.54444447,0.464,28.9,1,5.1764362714980825,70.66250196097344,14,5,1,-0.4999999999999997,-0.8660254037844388,-0.9749279121818236,-0.2225209339563146,0.4999999999999999,0.8660254037844387,140.25,154.125,155.83333333333334,7.825,19.6,100.0,69.5,-3.95,3.6154888,0.0,1.025,18.31666667,29.78333333333333,29.55,29.816666666666663,30.15,29.616666666666667,-18.08044447,0.1055556033333324,-0.1486666666666665,0.6126666666666666,0.492,18.48888888888889,0.5382222222222238,4.5823364,4.6929493,4.668464,4.7755985,4.6329823,0,0.0,1,1.0,-1.03,27.4,72.6
2023-01-21 15:00:00,373.346176688888,155.147960483334,155.226568472222,18.31666667,0.492,29.616666666666667,2,5.1764362714980825,70.66250196097344,15,5,1,-0.7071067811865471,-0.7071067811865479,-0.9749279121818236,-0.2225209339563146,0.4999999999999999,0.8660254037844387,131.0,144.875,156.83333333333334,7.9,19.4,100.0,70.0,-3.9,3.6352847,0.0,1.0,18.50555557,28.9,29.78333333333333,29.55,29.816666666666663,29.95,-17.82466667,-0.2277777999999983,0.0279999999999999,0.464,0.496,18.43333333555556,0.5228888888888905,4.6329823,4.5823364,4.6929493,4.668464,4.7378936,0,0.0,1,1.0,-1.08,29.6,70.4
2023-01-21 15:15:00,365.39232813889,164.84257271666598,164.92340288333,18.50555557,0.496,29.95,2,5.1764362714980825,70.66250196097344,15,5,1,-0.7071067811865471,-0.7071067811865479,-0.9749279121818236,-0.2225209339563146,0.4999999999999999,0.8660254037844387,120.5,135.3125,155.77083333333334,7.9,19.4,100.0,70.25,-3.875,3.642041,0.0,0.975,18.73148148,29.616666666666667,28.9,29.78333333333333,29.55,29.35,-18.009555570000003,0.188888900000002,0.004,0.492,0.4433333333333333,18.45555557,0.4840000000000016,4.7378936,4.6329823,4.5823364,4.6929493,4.70549,0,0.0,0,1.0,-1.03,27.6,72.4
2023-01-21 15:30:00,247.859529855548,67.39674845555601,67.462856994442,18.73148148,0.4433333333333333,29.35,1,5.1764362714980825,70.66250196097344,15,5,1,-0.7071067811865471,-0.7071067811865479,-0.9749279121818236,-0.2225209339563146,0.4999999999999999,0.8660254037844387,110.0,125.4375,152.64583333333334,7.9,19.4,100.0,70.5,-3.85,3.6487617,0.0,0.95,18.561111120000003,29.95,29.616666666666667,28.9,29.78333333333333,29.1,-18.288148146666664,0.2259259099999973,-0.0526666666666666,0.496,0.5066666666666666,18.51790124,0.4771111111111127,4.70549,4.7378936,4.6329823,4.5823364,4.618604,0,0.0,1,1.0,-0.99,25.5,74.5
2023-01-21 15:45:00,536.731307605558,73.167350988888,73.200683005554,18.561111120000003,0.5066666666666666,29.1,2,5.1764362714980825,70.66250196097344,15,5,1,-0.7071067811865471,-0.7071067811865479,-0.9749279121818236,-0.2225209339563146,0.4999999999999999,0.8660254037844387,99.5,115.25,147.45833333333334,7.9,19.4,100.0,70.75,-3.825,3.6554484,0.0,0.925,18.312962963333334,29.35,29.95,29.616666666666667,28.9,29.933333333333334,-18.054444453333332,-0.1703703599999961,0.0633333333333332,0.4433333333333333,0.6006666666666667,18.59938272333333,0.4820000000000017,4.618604,4.70549,4.7378936,4.6329823,4.6814904,0,0.0,1,1.0,-1.03,27.2,72.8
2023-01-21 16:00:00,256.35002342222,168.962963444444,168.99462886111,18.312962963333334,0.6006666666666667,29.933333333333334,2,5.1764362714980825,70.66250196097344,16,5,1,-0.8660254037844385,-0.5000000000000004,-0.9749279121818236,-0.2225209339563146,0.4999999999999999,0.8660254037844387,89.0,104.75,140.20833333333334,7.9,19.4,100.0,71.0,-3.8,3.6621,0.0,0.9,18.52222221,29.1,29.35,29.95,29.616666666666667,29.6,-17.71229629666667,-0.2481481566666694,0.094,0.5066666666666666,0.6913333333333332,18.53518518777778,0.5168888888888905,4.6814904,4.618604,4.70549,4.7378936,4.6871524,0,0.0,0,1.0,-1.08,29.5,70.5
2023-01-21 16:15:00,236.407765527778,142.887062072222,142.9134499,18.52222221,0.6913333333333332,29.6,2,5.1764362714980825,70.66250196097344,16,5,1,-0.8660254037844385,-0.5000000000000004,-0.9749279121818236,-0.2225209339563146,0.4999999999999999,0.8660254037844387,76.75,93.8125,132.10416666666666,7.625,19.225,100.0,71.5,-3.75,3.6752982,0.0,0.85,18.43703705333333,29.933333333333334,29.1,29.35,29.95,29.216666666666665,-17.830888876666666,0.2092592466666651,0.0906666666666665,0.6006666666666667,0.7126666666666667,18.465432097777786,0.5995555555555572,4.6871524,4.6814904,4.618604,4.70549,4.6031547,0,0.0,0,1.0,-1.03,27.5,72.5
2023-01-21 16:30:00,200.996682027778,107.149047166668,107.172101827778,18.43703705333333,0.7126666666666667,29.216666666666665,2,5.1764362714980825,70.66250196097344,16,5,1,-0.8660254037844385,-0.5000000000000004,-0.9749279121818236,-0.2225209339563146,0.4999999999999999,0.8660254037844387,64.5,82.4375,123.14583333333331,7.35,19.05,100.0,72.0,-3.7,3.688359,0.0,0.8,18.24999998,29.6,29.933333333333334,29.1,29.35,29.8,-17.724370386666664,-0.0851851566666681,0.0213333333333334,0.6913333333333332,0.642,18.42407407555556,0.6682222222222238,4.6031547,4.6871524,4.6814904,4.618604,4.643251,0,0.0,0,1.0,-1.05,28.4,71.6
2023-01-21 16:45:00,260.454581350002,176.443497527778,176.472663044444,18.24999998,0.642,29.8,2,5.1764362714980825,70.66250196097344,16,5,1,-0.8660254037844385,-0.5000000000000004,-0.9749279121818236,-0.2225209339563146,0.4999999999999999,0.8660254037844387,52.25,70.625,113.33333333333331,7.075,18.875,100.0,72.5,-3.65,3.7012818,0.0,0.75,18.562962953333333,29.216666666666665,29.6,29.933333333333334,29.1,29.53333333333333,-17.60799998,-0.1870370733333324,-0.0706666666666666,0.7126666666666667,0.6046666666666667,18.403086414444445,0.6820000000000016,4.643251,4.6031547,4.6871524,4.6814904,4.687894,0,0.0,0,1.0,-1.09,30.2,69.8
2023-01-21 17:00:00,243.125274666664,165.052564316666,165.080618777776,18.562962953333333,0.6046666666666667,29.53333333333333,2,5.1764362714980825,70.66250196097344,17,5,1,-0.9659258262890684,-0.2588190451025206,-0.9749279121818236,-0.2225209339563146,0.4999999999999999,0.8660254037844387,40.0,58.375,102.66666666666669,6.8,18.7,100.0,73.0,-3.6,3.714068,0.0,0.7,18.76111112,29.8,29.216666666666665,29.6,29.933333333333334,29.15,-17.958296286666666,0.3129629733333345,-0.0373333333333333,0.642,0.676,18.416666662222223,0.6531111111111128,4.687894,4.643251,4.6031547,4.6871524,4.6816206,0,0.0,0,1.0,-1.02,27.1,72.9
2023-01-21 17:15:00,214.315871505554,134.63766982777798,134.661835511112,18.76111112,0.676,29.15,2,5.1764362714980825,70.66250196097344,17,5,1,-0.9659258262890684,-0.2588190451025206,-0.9749279121818236,-0.2225209339563146,0.4999999999999999,0.8660254037844387,33.75,47.625,92.25,5.9,17.724999999999998,100.0,74.75,-3.45,3.764203,0.0,0.5499999999999999,18.7777778,29.53333333333333,29.8,29.216666666666665,29.6,29.0,-18.08511112,0.198148166666666,0.0713333333333333,0.6046666666666667,0.6739999999999999,18.524691351111112,0.6408888888888905,4.6816206,4.687894,4.643251,4.6031547,4.662123,0,0.0,0,1.0,-0.98,25.3,74.7
2023-01-21 17:30:00,239.334592933332,134.942935433332,134.968212205554,18.7777778,0.6739999999999999,29.0,2,5.1764362714980825,70.66250196097344,17,5,1,-0.9659258262890684,-0.2588190451025206,-0.9749279121818236,-0.2225209339563146,0.4999999999999999,0.8660254037844387,27.5,38.375,82.08333333333333,5.0,16.75,100.0,76.5,-3.3,3.8128738,0.0,0.3999999999999999,18.82222221,29.15,29.53333333333333,29.8,29.216666666666665,29.0,-18.1037778,0.0166666800000001,-0.0020000000000001,0.676,0.5866666666666667,18.70061729111111,0.6515555555555572,4.662123,4.6816206,4.687894,4.643251,4.6743865,0,0.0,0,1.0,-0.98,25.2,74.8
2023-01-21 17:45:00,226.994253233332,135.098206972222,135.12431706111,18.82222221,0.5866666666666667,29.0,2,5.1764362714980825,70.66250196097344,17,5,1,-0.9659258262890684,-0.2588190451025206,-0.9749279121818236,-0.2225209339563146,0.4999999999999999,0.8660254037844387,21.25,30.625,72.16666666666667,4.1,15.775,100.0,78.25,-3.15,3.8601027,0.0,0.2499999999999999,18.84444445666667,29.0,29.15,29.53333333333333,29.8,28.816666666666663,-18.235555543333334,0.0444444100000005,-0.0873333333333332,0.6739999999999999,0.5886666666666667,18.78703704333333,0.6455555555555572,4.6743865,4.662123,4.6816206,4.687894,4.6509404,0,0.0,0,1.0,-0.97,24.7,75.3
2023-01-21 18:00:00,102.565897266664,25.018999183334003,25.032887527778,18.84444445666667,0.5886666666666667,28.816666666666663,1,5.1764362714980825,70.66250196097344,18,5,1,-1.0,-1.8369701987210294e-16,-0.9749279121818236,-0.2225209339563146,0.4999999999999999,0.8660254037844387,15.0,24.375,62.5,3.2,14.8,100.0,80.0,-3.0,3.9059105,0.0,0.1,18.53888887,29.0,29.0,29.15,29.53333333333333,28.55,-18.255777790000003,0.0222222466666686,0.002,0.5866666666666667,0.5966666666666666,18.814814822222225,0.616444444444446,4.6509404,4.6743865,4.662123,4.6816206,4.5253506,0,0.0,1,1.0,-0.96,24.6,75.4
2023-01-21 18:15:00,183.517381311108,95.180359316666,95.200080727778,18.53888887,0.5966666666666666,28.55,2,5.1764362714980825,70.66250196097344,18,5,1,-1.0,-1.8369701987210294e-16,-0.9749279121818236,-0.2225209339563146,0.4999999999999999,0.8660254037844387,11.25,18.75,53.395833333333336,3.1750000000000003,12.45,100.0,80.25,-3.0,3.9046497,0.0,0.05,18.49444446,28.816666666666663,29.0,29.0,29.15,28.966666666666665,-17.942222203333333,-0.3055555866666672,0.0079999999999998,0.5886666666666667,0.6066666666666667,18.73518517888889,0.5906666666666682,4.5253506,4.6509404,4.6743865,4.662123,4.5793204,0,0.0,1,1.0,-1.03,27.6,72.4
2023-01-21 18:30:00,255.946150761106,176.635712072222,176.665988694442,18.49444446,0.6066666666666667,28.966666666666665,2,5.1764362714980825,70.66250196097344,18,5,1,-1.0,-1.8369701987210294e-16,-0.9749279121818236,-0.2225209339563146,0.4999999999999999,0.8660254037844387,7.5,13.75,44.85416666666666,3.1500000000000004,10.1,100.0,80.5,-3.0,3.9033449,0.0,0.0,18.866666650000003,28.55,28.816666666666663,29.0,29.0,28.6,-17.887777793333335,-0.0444444100000005,0.0100000000000001,0.5966666666666666,0.6373333333333334,18.62592592888889,0.5973333333333349,4.5793204,4.5253506,4.6509404,4.6743865,4.6220355,0,0.0,0,1.0,-1.04,27.9,72.1
2023-01-21 18:45:00,213.188138733336,125.5608107,125.584976449998,18.866666650000003,0.6373333333333334,28.6,2,5.1764362714980825,70.66250196097344,18,5,1,-1.0,-1.8369701987210294e-16,-0.9749279121818236,-0.2225209339563146,0.4999999999999999,0.8660254037844387,3.75,9.375,36.875,3.125,7.75,100.0,80.75,-3.0,3.9019978,0.0,-0.05,18.874074083333333,28.966666666666665,28.55,28.816666666666663,29.0,28.216666666666665,-18.22933331666667,0.3722221900000022,0.0306666666666667,0.6066666666666667,0.6933333333333334,18.63333332666667,0.6135555555555572,4.6220355,4.5793204,4.5253506,4.6509404,4.562081,0,0.0,0,1.0,-0.96,24.4,75.6
2023-01-21 19:00:00,126.286059488888,23.116297527778,23.129630327778,18.874074083333333,0.6933333333333334,28.216666666666665,1,5.1764362714980825,70.66250196097344,19,5,1,-0.9659258262890684,0.2588190451025203,-0.9749279121818236,-0.2225209339563146,0.4999999999999999,0.8660254037844387,0.0,5.625,29.45833333333333,3.1,5.4,100.0,81.0,-3.0,3.9006073,0.0,-0.1,18.52222221,28.6,28.966666666666665,28.55,28.816666666666663,28.85,-18.18074075,0.0074074333333307,0.0559999999999999,0.6373333333333334,0.7366666666666667,18.745061731111115,0.6457777777777794,4.562081,4.6220355,4.5793204,4.5253506,4.56839,0,0.0,1,1.0,-0.96,24.4,75.6
2023-01-21 19:15:00,259.836828244448,141.689609972222,141.71322016111,18.52222221,0.7366666666666667,28.85,2,5.1764362714980825,70.66250196097344,19,5,1,-0.9659258262890684,0.2588190451025203,-0.9749279121818236,-0.2225209339563146,0.4999999999999999,0.8660254037844387,0.0,2.8125,23.0625,3.8,5.300000000000001,100.0,81.5,-3.275,3.8309512,0.0,-0.4499999999999999,18.609259273333336,28.216666666666665,28.6,28.966666666666665,28.55,29.0,-17.78555554333333,-0.3518518733333344,0.0433333333333333,0.6933333333333334,0.6833333333333333,18.75432098111111,0.6891111111111128,4.56839,4.562081,4.6220355,4.5793204,4.6158724,0,0.0,1,1.0,-1.04,27.7,72.3
2023-01-21 19:30:00,285.580520872218,168.405763483334,168.433540205554,18.609259273333336,0.6833333333333333,29.0,2,5.1764362714980825,70.66250196097344,19,5,1,-0.9659258262890684,0.2588190451025203,-0.9749279121818236,-0.2225209339563146,0.4999999999999999,0.8660254037844387,0.0,0.9375,17.6875,4.5,5.2,100.0,82.0,-3.55,3.7621262,0.0,-0.7999999999999999,18.73333334,28.85,28.216666666666665,28.6,28.966666666666665,29.2,-17.925925940000003,0.0870370633333372,-0.0533333333333333,0.7366666666666667,0.6933333333333334,18.668518522222225,0.7044444444444461,4.6158724,4.56839,4.562081,4.6220355,4.681954,0,0.0,0,1.0,-1.02,26.8,73.2
2023-01-21 19:45:00,299.349692216666,101.049013427778,101.06401286111,18.73333334,0.6933333333333334,29.2,2,5.1764362714980825,70.66250196097344,19,5,1,-0.9659258262890684,0.2588190451025203,-0.9749279121818236,-0.2225209339563146,0.4999999999999999,0.8660254037844387,0.0,0.0,13.333333333333334,5.2,5.1,100.0,82.5,-3.825,3.6941342,0.0,-1.15,18.49814813333333,29.0,28.85,28.216666666666665,28.6,31.05,-18.040000006666663,0.1240740666666653,0.01,0.6833333333333333,0.6966666666666667,18.621604941111112,0.7044444444444461,4.681954,4.6158724,4.56839,4.562081,4.9097514,0,0.0,0,1.0,-0.99,25.5,74.5
2023-01-21 20:00:00,285.28803235556,143.617310627778,143.639532005554,18.49814813333333,0.6966666666666667,31.05,2,5.1764362714980825,70.66250196097344,20,5,1,-0.8660254037844386,0.5000000000000001,-0.9749279121818236,-0.2225209339563146,0.4999999999999999,0.8660254037844387,0.0,0.0,10.0,5.9,5.0,100.0,83.0,-4.1,3.6269755,0.0,-1.5,18.66111108,29.2,29.0,28.85,28.216666666666665,31.55,-17.80148146666667,-0.2351852066666673,0.0033333333333332,0.6933333333333334,0.7420000000000001,18.61358024888889,0.6911111111111127,4.9097514,4.681954,4.6158724,4.56839,5.037188,0,0.0,0,1.0,-1.03,27.4,72.6
2023-01-21 20:15:00,261.542593477776,135.737903616666,135.758736116666,18.66111108,0.7420000000000001,31.55,2,5.1764362714980825,70.66250196097344,20,5,1,-0.8660254037844386,0.5000000000000001,-0.9749279121818236,-0.2225209339563146,0.4999999999999999,0.8660254037844387,0.0,0.0,7.1875,6.050000000000001,6.8,100.0,82.25,-4.175,3.6004772,0.0,-1.475,18.8685185,31.05,29.2,29.0,28.85,32.88333333333333,-17.91911108,0.1629629466666671,0.0453333333333334,0.6966666666666667,0.7886666666666666,18.630864184444448,0.7106666666666683,5.037188,4.9097514,4.681954,4.6158724,5.3148446,0,0.0,0,1.0,-0.99,25.7,74.3
2023-01-21 20:30:00,118.408874555556,0.0,0.0,18.8685185,0.7886666666666666,32.88333333333333,0,5.1764362714980825,70.66250196097344,20,5,1,-0.8660254037844386,0.5000000000000001,-0.9749279121818236,-0.2225209339563146,0.4999999999999999,0.8660254037844387,0.0,0.0,4.895833333333333,6.2,8.6,100.0,81.5,-4.25,3.5738742,0.0,-1.45,18.68333336,31.55,31.05,29.2,29.0,35.3,-18.079851833333333,0.2074074199999991,0.0466666666666665,0.7420000000000001,0.83,18.675925904444444,0.7424444444444461,5.3148446,5.037188,4.9097514,4.681954,5.6433177,1,1.0,1,0.75,-0.94,23.5,76.5
2023-01-21 20:45:00,138.642509644444,0.0,0.0,18.68333336,0.83,35.3,0,5.1764362714980825,70.66250196097344,20,5,1,-0.8660254037844386,0.5000000000000001,-0.9749279121818236,-0.2225209339563146,0.4999999999999999,0.8660254037844387,0.0,0.0,3.125,6.35,10.4,100.0,80.75,-4.325,3.5471656,0.0,-1.4249999999999998,18.5314815,32.88333333333333,31.55,31.05,29.2,36.06666666666667,-17.85333336,-0.1851851400000015,0.0413333333333333,0.7886666666666666,0.81,18.737654313333337,0.7868888888888904,5.6433177,5.3148446,5.037188,4.9097514,5.714279,0,2.0,0,0.5,-0.97,24.7,75.3
2023-01-21 21:00:00,224.905447938886,100.637363227778,100.659029027778,18.5314815,0.81,36.06666666666667,2,5.1764362714980825,70.66250196097344,21,5,1,-0.7071067811865477,0.7071067811865474,-0.9749279121818236,-0.2225209339563146,0.4999999999999999,0.8660254037844387,0.0,0.0,1.875,6.5,12.2,100.0,80.0,-4.4,3.5203524,0.0,-1.4,18.65555559,35.3,32.88333333333333,31.55,31.05,35.1,-17.7214815,-0.1518518600000007,-0.0199999999999999,0.83,0.6853333333333332,18.69444445333333,0.8095555555555572,5.714279,5.6433177,5.3148446,5.037188,5.6021285,0,2.0,1,0.5,-1.0,26.0,74.0
2023-01-21 21:15:00,261.815360349998,126.738541355556,126.761873772222,18.65555559,0.6853333333333332,35.1,2,5.1764362714980825,70.66250196097344,21,5,1,-0.7071067811865477,0.7071067811865474,-0.9749279121818236,-0.2225209339563146,0.4999999999999999,0.8660254037844387,0.0,0.0,0.9375,6.85,12.65,100.0,80.0,-4.45,3.5019841,0.0,-1.475,18.83333335,36.06666666666667,35.3,32.88333333333333,31.55,34.53333333333333,-17.970222256666666,0.1240740900000005,-0.1246666666666668,0.81,0.6973333333333334,18.623456816666664,0.7751111111111126,5.6021285,5.714279,5.6433177,5.3148446,5.5699377,0,2.0,0,0.5,-0.97,25.0,75.0
2023-01-21 21:30:00,496.377366311112,0.0,0.0,18.83333335,0.6973333333333334,34.53333333333333,0,5.1764362714980825,70.66250196097344,21,5,1,-0.7071067811865477,0.7071067811865474,-0.9749279121818236,-0.2225209339563146,0.4999999999999999,0.8660254037844387,0.0,0.0,0.3125,7.2,13.1,100.0,80.0,-4.5,3.4837,0.0,-1.5499999999999998,18.61111114,35.1,36.06666666666667,35.3,32.88333333333333,35.15,-18.136000016666664,0.1777777599999979,0.0120000000000001,0.6853333333333332,0.5466666666666667,18.67345681333333,0.7308888888888906,5.5699377,5.6021285,5.714279,5.6433177,5.5953703,1,2.0,1,0.5,-0.94,23.5,76.5
2023-01-21 21:45:00,849.7129546055539,13.702507444444,13.71084046111,18.61111114,0.5466666666666667,35.15,1,5.1764362714980825,70.66250196097344,21,5,1,-0.7071067811865477,0.7071067811865474,-0.9749279121818236,-0.2225209339563146,0.4999999999999999,0.8660254037844387,0.0,0.0,0.0,7.550000000000001,13.55,100.0,80.0,-4.55,3.4655004,0.0,-1.625,18.43148146333333,34.53333333333333,35.1,36.06666666666667,35.3,35.21666666666667,-18.06444447333333,-0.2222222099999982,-0.1506666666666666,0.6973333333333334,0.5800000000000001,18.700000026666668,0.6431111111111127,5.5953703,5.5699377,5.6021285,5.714279,5.5466423,0,1.0,1,0.75,-0.98,25.4,74.6
2023-01-21 22:00:00,1398.060464311108,122.3059409,122.330384388888,18.43148146333333,0.5800000000000001,35.21666666666667,2,5.1764362714980825,70.66250196097344,22,5,1,-0.5000000000000004,0.8660254037844384,-0.9749279121818236,-0.2225209339563146,0.4999999999999999,0.8660254037844387,0.0,0.0,0.0,7.9,14.0,100.0,80.0,-4.6,3.4473844,0.0,-1.7,18.57222222,35.15,34.53333333333333,35.1,36.06666666666667,36.2,-17.851481463333336,-0.1796296766666643,0.0333333333333333,0.5466666666666667,0.6266666666666667,18.625308651111112,0.6080000000000018,5.5466423,5.5953703,5.5699377,5.6021285,5.7492614,0,1.0,1,0.75,-1.02,27.2,72.8
2023-01-21 22:15:00,1435.65923816666,155.049908855556,155.077685611108,18.57222222,0.6266666666666667,36.2,2,5.1764362714980825,70.66250196097344,22,5,1,-0.5000000000000004,0.8660254037844384,-0.9749279121818236,-0.2225209339563146,0.4999999999999999,0.8660254037844387,0.0,0.0,0.0,7.925000000000001,14.2,100.0,79.75,-4.65,3.4366112,0.0,-1.7,18.82962964333333,35.21666666666667,35.15,34.53333333333333,35.1,36.31666666666667,-17.945555553333335,0.1407407566666663,0.0466666666666666,0.5800000000000001,0.7573333333333333,18.538271607777776,0.5844444444444462,5.7492614,5.5466423,5.5953703,5.5699377,5.8562937,0,1.0,0,0.75,-0.99,25.6,74.4
2023-01-21 22:30:00,1292.216364761114,0.0,0.0,18.82962964333333,0.7573333333333333,36.31666666666667,0,5.1764362714980825,70.66250196097344,22,5,1,-0.5000000000000004,0.8660254037844384,-0.9749279121818236,-0.2225209339563146,0.4999999999999999,0.8660254037844387,0.0,0.0,0.0,7.95,14.4,100.0,79.5,-4.699999999999999,3.425838,0.0,-1.7,18.60555559,36.2,35.21666666666667,35.15,34.53333333333333,36.0,-18.07229631,0.2574074233333299,0.1306666666666666,0.6266666666666667,0.66,18.61111110888889,0.6546666666666683,5.8562937,5.7492614,5.5466423,5.5953703,5.7287936,1,1.0,1,0.75,-0.93,23.1,76.9
2023-01-21 22:45:00,174.74023227778,20.237523766668,20.245579027778,18.60555559,0.66,36.0,1,5.1764362714980825,70.66250196097344,22,5,1,-0.5000000000000004,0.8660254037844384,-0.9749279121818236,-0.2225209339563146,0.4999999999999999,0.8660254037844387,0.0,0.0,0.0,7.975,14.6,100.0,79.25,-4.75,3.4150648,0.0,-1.7,18.420370363333333,36.31666666666667,36.2,35.21666666666667,35.15,36.0,-17.94555559,-0.2240740533333287,-0.0973333333333332,0.7573333333333333,0.5586666666666668,18.66913581777778,0.681333333333335,5.7287936,5.8562937,5.7492614,5.5466423,5.666283,0,1.0,1,0.75,-0.98,25.3,74.7
2023-01-21 23:00:00,220.17952588333,114.199042972222,114.21959778333,18.420370363333333,0.5586666666666668,36.0,2,5.1764362714980825,70.66250196097344,23,5,1,-0.2588190451025215,0.965925826289068,-0.9749279121818236,-0.2225209339563146,0.4999999999999999,0.8660254037844387,0.0,0.0,0.0,8.0,14.8,100.0,79.0,-4.8,3.4042919,0.0,-1.7,18.58333331,36.0,36.31666666666667,36.2,35.21666666666667,35.2,-17.861703696666666,-0.1851852266666682,-0.1013333333333332,0.66,0.516,18.61851853222222,0.6586666666666683,5.666283,5.7287936,5.8562937,5.7492614,5.594122,0,1.0,1,0.75,-1.02,27.1,72.9
2023-01-21 23:15:00,256.363356238886,163.5176257,163.542069172222,18.58333331,0.516,35.2,2,5.1764362714980825,70.66250196097344,23,5,1,-0.2588190451025215,0.965925826289068,-0.9749279121818236,-0.2225209339563146,0.4999999999999999,0.8660254037844387,0.0,0.0,0.0,7.975,14.875,99.5,78.75,-4.85,3.3994539,0.0,-1.675,18.79814813666667,36.0,36.0,36.31666666666667,36.2,33.7,-18.06733331,0.1629629466666671,-0.0426666666666667,0.5586666666666668,0.516,18.53641975444445,0.5782222222222239,5.594122,5.666283,5.7287936,5.8562937,5.4242363,0,1.0,0,0.75,-0.99,25.7,74.3
2023-01-21 23:30:00,92.370749488888,12.94337116111,12.952259705554,18.79814813666667,0.516,33.7,1,5.1764362714980825,70.66250196097344,23,5,1,-0.2588190451025215,0.965925826289068,-0.9749279121818236,-0.2225209339563146,0.4999999999999999,0.8660254037844387,0.0,0.0,0.0,7.95,14.95,99.0,78.5,-4.9,3.3945875,0.0,-1.65,18.57777778,35.2,36.0,36.0,36.31666666666667,33.05,-18.28214813666667,0.214814826666668,0.0,0.516,0.6266666666666667,18.60061727,0.5302222222222239,5.4242363,5.594122,5.666283,5.7287936,5.250707,0,0.0,1,1.0,-0.95,24.0,76.0
2023-01-21 23:45:00,174.65106931110802,96.71668676111,96.73640822222,18.57777778,0.6266666666666667,33.05,2,5.1764362714980825,70.66250196097344,23,5,1,-0.2588190451025215,0.965925826289068,-0.9749279121818236,-0.2225209339563146,0.4999999999999999,0.8660254037844387,0.0,0.0,0.0,7.925000000000001,15.025,98.5,78.25,-4.95,3.3896928,0.0,-1.625,18.529629616666668,33.7,35.2,36.0,36.0,33.28333333333333,-17.951111113333337,-0.2203703566666668,0.1106666666666666,0.516,0.536,18.653086408888893,0.5528888888888904,5.250707,5.4242363,5.594122,5.666283,5.2727203,0,0.0,1,1.0,-1.0,26.2,73.8
2023-01-22 00:00:00,251.422164977776,156.256527272222,156.282081849998,18.529629616666668,0.536,33.28333333333333,2,5.1764362714980825,70.66250196097344,0,6,1,0.0,1.0,-0.7818314824680299,0.6234898018587334,0.4999999999999999,0.8660254037844387,0.0,0.0,0.0,7.9,15.1,98.0,78.0,-5.0,3.3847685,0.0,-1.6,18.67777777,33.05,33.7,35.2,36.0,32.35,-17.993629616666666,-0.0481481633333338,-0.0906666666666666,0.6266666666666667,0.512,18.63518517777778,0.5595555555555571,5.2727203,5.250707,5.4242363,5.594122,5.1700096,0,0.0,0,1.0,-1.01,26.6,73.4
2023-01-22 00:15:00,199.88811515556,106.219084416666,106.237139277776,18.67777777,0.512,32.35,2,5.1764362714980825,70.66250196097344,0,6,1,0.0,1.0,-0.7818314824680299,0.6234898018587334,0.4999999999999999,0.8660254037844387,0.0,0.0,0.0,8.025,15.1,98.5,77.5,-5.075,3.3630714,0.0,-1.6,18.48333330666667,33.28333333333333,33.05,33.7,35.2,32.46666666666667,-18.16577777,0.1481481533333308,-0.024,0.536,0.528,18.595061722222223,0.5582222222222238,5.1700096,5.2727203,5.250707,5.4242363,5.1292553,0,0.0,0,1.0,-0.98,25.4,74.6
2023-01-22 00:30:00,235.146704888888,151.424220555556,151.44949734444398,18.48333330666667,0.528,32.46666666666667,2,5.1764362714980825,70.66250196097344,0,6,1,0.0,1.0,-0.7818314824680299,0.6234898018587334,0.4999999999999999,0.8660254037844387,0.0,0.0,0.0,8.15,15.1,99.0,77.0,-5.15,3.3413742,0.0,-1.6,18.71666668,32.35,33.28333333333333,33.05,33.7,32.05,-17.95533330666667,-0.1944444633333297,0.016,0.512,0.5,18.563580231111118,0.525333333333335,5.1292553,5.1700096,5.2727203,5.250707,5.133862,0,0.0,0,1.0,-1.03,27.2,72.8
2023-01-22 00:45:00,207.929738027778,123.493115627778,123.514503672222,18.71666668,0.5,32.05,2,5.1764362714980825,70.66250196097344,0,6,1,0.0,1.0,-0.7818314824680299,0.6234898018587334,0.4999999999999999,0.8660254037844387,0.0,0.0,0.0,8.275,15.1,99.5,76.5,-5.225,3.3196769,0.0,-1.6,18.883333326666666,32.46666666666667,32.35,33.28333333333333,33.05,31.066666666666663,-18.21666668,0.2333333733333304,-0.028,0.528,0.5126666666666667,18.625925918888893,0.513333333333335,5.133862,5.1292553,5.1700096,5.2727203,5.025619,0,0.0,0,1.0,-0.97,25.1,74.9
2023-01-22 01:00:00,108.462050227778,23.095465027778,23.10713126111,18.883333326666666,0.5126666666666667,31.066666666666663,1,5.1764362714980825,70.66250196097344,1,6,1,0.2588190451025207,0.9659258262890684,-0.7818314824680299,0.6234898018587334,0.4999999999999999,0.8660254037844387,0.0,0.0,0.0,8.4,15.1,100.0,76.0,-5.3,3.2979798,0.0,-1.6,18.59444444,32.05,32.46666666666667,32.35,33.28333333333333,31.35,-18.37066666,0.1666666466666662,0.0126666666666667,0.5,0.3966666666666666,18.69444443777778,0.5135555555555572,5.025619,5.133862,5.1292553,5.1700096,4.9855437,0,0.0,1,1.0,-0.94,23.7,76.3
2023-01-22 01:15:00,214.789463677776,143.984240383334,143.99729546111,18.59444444,0.3966666666666666,31.35,2,5.1764362714980825,70.66250196097344,1,6,1,0.2588190451025207,0.9659258262890684,-0.7818314824680299,0.6234898018587334,0.4999999999999999,0.8660254037844387,0.0,0.0,0.0,8.55,15.55,100.0,75.75,-5.375,3.2756686,0.0,-1.65,18.84074075333333,31.066666666666663,32.05,32.46666666666667,32.35,31.133333333333333,-18.19777777333333,-0.2888888866666654,-0.116,0.5126666666666667,0.472,18.731481482222225,0.4697777777777794,4.9855437,5.025619,5.133862,5.1292553,5.0237455,0,0.0,1,1.0,-1.01,26.4,73.6
2023-01-22 01:30:00,130.64144089999598,51.147676244444,51.155175994442,18.84074075333333,0.472,31.133333333333333,1,5.1764362714980825,70.66250196097344,1,6,1,0.2588190451025207,0.9659258262890684,-0.7818314824680299,0.6234898018587334,0.4999999999999999,0.8660254037844387,0.0,0.0,0.0,8.7,16.0,100.0,75.5,-5.449999999999999,3.2534685,0.0,-1.7000000000000002,18.79444443,31.35,31.066666666666663,32.05,32.46666666666667,30.55,-18.36874075333333,0.2462963133333318,0.0753333333333333,0.3966666666666666,0.424,18.772839506666667,0.4604444444444461,5.0237455,4.9855437,5.025619,5.133862,4.916147,0,0.0,1,1.0,-0.95,24.1,75.9
2023-01-22 01:45:00,175.471036394446,79.88680438333401,79.895415188888,18.79444443,0.424,30.55,2,5.1764362714980825,70.66250196097344,1,6,1,0.2588190451025207,0.9659258262890684,-0.7818314824680299,0.6234898018587334,0.4999999999999999,0.8660254037844387,0.0,0.0,0.0,8.85,16.45,100.0,75.25,-5.525,3.2313788,0.0,-1.75,18.720370366666668,31.133333333333333,31.35,31.066666666666663,32.05,30.78333333333333,-18.37044443,-0.0462963233333333,-0.0479999999999999,0.472,0.4266666666666667,18.74320987444445,0.4308888888888906,4.916147,5.0237455,4.9855437,5.025619,4.932045,0,0.0,1,1.0,-0.96,24.7,75.3
2023-01-22 02:00:00,211.998464172222,132.384704383334,132.397759444444,18.720370366666668,0.4266666666666667,30.78333333333333,2,5.1764362714980825,70.66250196097344,2,6,1,0.4999999999999999,0.8660254037844387,-0.7818314824680299,0.6234898018587334,0.4999999999999999,0.8660254037844387,0.0,0.0,0.0,9.0,16.9,100.0,75.0,-5.6,3.209398,0.0,-1.8,18.89999998,30.55,31.133333333333333,31.35,31.066666666666663,29.8,-18.2937037,-0.074074063333331,0.0026666666666666,0.424,0.444,18.785185183333333,0.4408888888888905,4.932045,4.916147,5.0237455,4.9855437,4.8254595,0,0.0,0,1.0,-0.98,25.3,74.7
2023-01-22 02:15:00,406.082089466664,18.039000627778,18.04372272222,18.89999998,0.444,29.8,1,5.1764362714980825,70.66250196097344,2,6,1,0.4999999999999999,0.8660254037844387,-0.7818314824680299,0.6234898018587334,0.4999999999999999,0.8660254037844387,0.0,0.0,0.0,9.1,17.349999999999998,99.0,74.75,-5.6,3.2099075,0.0,-1.75,18.664814826666667,30.78333333333333,30.55,31.133333333333333,31.35,29.683333333333334,-18.45599998,0.1796296133333328,0.0173333333333333,0.4266666666666667,0.392,18.80493825888889,0.4315555555555572,4.8254595,4.932045,4.916147,5.0237455,4.740198,0,0.0,1,1.0,-0.94,23.8,76.2
2023-01-22 02:30:00,222.033340577776,137.999757572222,138.011423805554,18.664814826666667,0.392,29.683333333333334,2,5.1764362714980825,70.66250196097344,2,6,1,0.4999999999999999,0.8660254037844387,-0.7818314824680299,0.6234898018587334,0.4999999999999999,0.8660254037844387,0.0,0.0,0.0,9.2,17.799999999999997,98.0,74.5,-5.6,3.2103763,0.0,-1.7000000000000002,18.84444441,29.8,30.78333333333333,30.55,31.133333333333333,29.55,-18.272814826666668,-0.2351851533333331,-0.0519999999999999,0.444,0.41,18.761728391111117,0.4208888888888905,4.740198,4.8254595,4.932045,4.916147,4.769298,0,0.0,1,1.0,-1.0,26.1,73.9
2023-01-22 02:45:00,116.115910877772,76.404443666668,76.413887755556,18.84444441,0.41,29.55,2,5.1764362714980825,70.66250196097344,2,6,1,0.4999999999999999,0.8660254037844387,-0.7818314824680299,0.6234898018587334,0.4999999999999999,0.8660254037844387,0.0,0.0,0.0,9.3,18.25,97.0,74.25,-5.6,3.210804,0.0,-1.65,18.842592576666668,29.683333333333334,29.8,30.78333333333333,30.55,28.75,-18.43444441,0.1796295833333303,0.018,0.392,0.4,18.80308640555556,0.4153333333333349,4.769298,4.740198,4.8254595,4.932045,4.6396728,0,0.0,0,1.0,-0.96,24.4,75.6
2023-01-22 03:00:00,99.987667066664,56.866614144444,56.876613811108,18.842592576666668,0.4,28.75,1,5.1764362714980825,70.66250196097344,3,6,1,0.7071067811865476,0.7071067811865476,-0.7818314824680299,0.6234898018587334,0.4999999999999999,0.8660254037844387,0.0,0.0,0.0,9.4,18.7,96.0,74.0,-5.6,3.211191,0.0,-1.6,18.66111111,29.55,29.683333333333334,29.8,30.78333333333333,29.0,-18.44259257666667,-0.0018518333333297,-0.01,0.41,0.484,18.78395060444445,0.4006666666666683,4.6396728,4.769298,4.740198,4.8254595,4.6300616,0,0.0,1,1.0,-0.96,24.6,75.4
2023-01-22 03:15:00,208.766371294442,147.233277116666,147.253276399996,18.66111111,0.484,29.0,2,5.1764362714980825,70.66250196097344,3,6,1,0.7071067811865476,0.7071067811865476,-0.7818314824680299,0.6234898018587334,0.4999999999999999,0.8660254037844387,0.0,0.0,0.0,9.75,19.425,90.5,73.75,-5.6,3.211536,0.0,-1.55,18.90185183,28.75,29.55,29.683333333333334,29.8,28.633333333333333,-18.17711111,-0.1814814666666677,0.0839999999999999,0.4,0.528,18.782716032222226,0.4313333333333349,4.6300616,4.6396728,4.769298,4.740198,4.6370506,0,0.0,1,1.0,-1.0,26.3,73.7
2023-01-22 03:30:00,63.880500311108,13.0861432,13.092254155552,18.90185183,0.528,28.633333333333333,1,5.1764362714980825,70.66250196097344,3,6,1,0.7071067811865476,0.7071067811865476,-0.7818314824680299,0.6234898018587334,0.4999999999999999,0.8660254037844387,0.0,0.0,0.0,10.1,20.15,85.0,73.5,-5.6,3.21184,0.0,-1.5,18.69444444,29.0,28.75,29.55,29.683333333333334,28.35,-18.373851830000003,0.2407407200000015,0.044,0.484,0.4446666666666666,18.80185183888889,0.4706666666666683,4.6370506,4.6300616,4.6396728,4.769298,4.5352206,0,0.0,1,1.0,-0.95,24.1,75.9
2023-01-22 03:45:00,142.876784833328,106.631845672222,106.64851172222,18.69444444,0.4446666666666666,28.35,2,5.1764362714980825,70.66250196097344,3,6,1,0.7071067811865476,0.7071067811865476,-0.7818314824680299,0.6234898018587334,0.4999999999999999,0.8660254037844387,0.0,0.0,0.0,10.45,20.875,79.5,73.25,-5.6,3.2121017,0.0,-1.45,18.73333331,28.633333333333333,29.0,28.75,29.55,28.316666666666663,-18.24977777333333,-0.2074073900000037,-0.0833333333333333,0.528,0.4406666666666667,18.752469126666668,0.4855555555555572,4.5352206,4.6370506,4.6300616,4.6396728,4.54032,0,0.0,1,1.0,-1.0,26.1,73.9
2023-01-22 04:00:00,152.039751533332,110.46946996111,110.486413766664,18.73333331,0.4406666666666667,28.316666666666663,2,5.1764362714980825,70.66250196097344,4,6,1,0.8660254037844386,0.5000000000000001,-0.7818314824680299,0.6234898018587334,0.4999999999999999,0.8660254037844387,0.0,0.0,0.0,10.8,21.6,74.0,73.0,-5.6,3.2123215,0.0,-1.4,18.87777777,28.35,28.633333333333333,29.0,28.75,27.7,-18.29266664333333,0.0388888700000009,-0.0039999999999999,0.4446666666666666,0.4353333333333333,18.77654319333333,0.4711111111111127,4.54032,4.5352206,4.6370506,4.6300616,4.479526,0,0.0,0,1.0,-0.99,25.7,74.3
2023-01-22 04:15:00,84.428567205554,41.235850466668,41.244183533332,18.87777777,0.4353333333333333,27.7,1,5.1764362714980825,70.66250196097344,4,6,1,0.8660254037844386,0.5000000000000001,-0.7818314824680299,0.6234898018587334,0.4999999999999999,0.8660254037844387,0.0,0.0,0.0,10.9,21.700000000000003,72.75,74.25,-5.625,3.210804,0.0,-1.65,18.65000000666667,28.316666666666663,28.35,28.633333333333333,29.0,27.966666666666665,-18.44244443666667,0.1444444600000025,-0.0053333333333333,0.4406666666666667,0.3926666666666667,18.76851850666667,0.4402222222222238,4.479526,4.54032,4.5352206,4.6370506,4.462147,0,0.0,1,1.0,-0.96,24.5,75.5
2023-01-22 04:30:00,190.642651705558,152.229466111112,152.250576383334,18.65000000666667,0.3926666666666667,27.966666666666665,2,5.1764362714980825,70.66250196097344,4,6,1,0.8660254037844386,0.5000000000000001,-0.7818314824680299,0.6234898018587334,0.4999999999999999,0.8660254037844387,0.0,0.0,0.0,11.0,21.8,71.5,75.5,-5.65,3.2082593,0.0,-1.9,18.87777779,27.7,28.316666666666663,28.35,28.633333333333333,27.65,-18.25733334,-0.2277777633333322,-0.0426666666666666,0.4353333333333333,0.33,18.75370369555556,0.4228888888888906,4.462147,4.479526,4.54032,4.5352206,4.47144,0,0.0,1,1.0,-1.01,26.6,73.4
2023-01-22 04:45:00,82.620584027774,29.195776572222,29.205498449998,18.87777779,0.33,27.65,1,5.1764362714980825,70.66250196097344,4,6,1,0.8660254037844386,0.5000000000000001,-0.7818314824680299,0.6234898018587334,0.4999999999999999,0.8660254037844387,0.0,0.0,0.0,11.1,21.9,70.25,76.75,-5.675,3.2047179,0.0,-2.15,18.690740753333333,27.966666666666665,27.7,28.316666666666663,28.35,27.683333333333334,-18.54777779,0.2277777833333303,-0.0626666666666667,0.3926666666666667,0.3339999999999999,18.80185185555556,0.3860000000000016,4.47144,4.462147,4.479526,4.54032,4.4276004,0,0.0,1,1.0,-0.96,24.5,75.5
2023-01-22 05:00:00,148.59711137778,87.853707927778,87.867596305554,18.690740753333333,0.3339999999999999,27.683333333333334,2,5.1764362714980825,70.66250196097344,5,6,1,0.9659258262890684,0.2588190451025207,-0.7818314824680299,0.6234898018587334,0.4999999999999999,0.8660254037844387,0.0,0.0,0.0,11.2,22.0,69.0,78.0,-5.7,3.2002115,0.0,-2.4,18.64444446,27.65,27.966666666666665,27.7,28.316666666666663,27.95,-18.356740753333334,-0.1870370366666662,0.0039999999999999,0.33,0.3493333333333333,18.739506183333333,0.3522222222222238,4.4276004,4.47144,4.462147,4.479526,4.4580216,0,0.0,1,1.0,-1.0,26.3,73.7
2023-01-22 05:15:00,167.554408605558,131.59445824444398,131.613624144444,18.64444446,0.3493333333333333,27.95,2,5.1764362714980825,70.66250196097344,5,6,1,0.9659258262890684,0.2588190451025207,-0.7818314824680299,0.6234898018587334,0.4999999999999999,0.8660254037844387,0.0,0.0,0.0,11.275,21.9,71.5,78.75,-5.7,3.20269,0.0,-2.525,18.84444441333333,27.683333333333334,27.65,27.966666666666665,27.7,27.35,-18.295111126666665,-0.0462962933333344,0.0153333333333333,0.3339999999999999,0.372,18.737654334444446,0.3377777777777793,4.4580216,4.4276004,4.47144,4.462147,4.4142237,0,0.0,0,1.0,-1.01,26.7,73.3
2023-01-22 05:30:00,67.242310266664,31.034314144444,31.043480511108,18.84444441333333,0.372,27.35,1,5.1764362714980825,70.66250196097344,5,6,1,0.9659258262890684,0.2588190451025207,-0.7818314824680299,0.6234898018587334,0.4999999999999999,0.8660254037844387,0.0,0.0,0.0,11.35,21.8,74.0,79.5,-5.7,3.204849,0.0,-2.65,18.58333333,27.95,27.683333333333334,27.65,27.966666666666665,27.35,-18.47244441333333,0.1999999533333358,0.0226666666666666,0.3493333333333333,0.2933333333333333,18.726543208888888,0.3517777777777793,4.4142237,4.4580216,4.4276004,4.47144,4.346569,0,0.0,1,1.0,-0.97,24.9,75.1
2023-01-22 05:45:00,182.492422144448,136.35260126111,136.37287828333,18.58333333,0.2933333333333333,27.35,2,5.1764362714980825,70.66250196097344,5,6,1,0.9659258262890684,0.2588190451025207,-0.7818314824680299,0.6234898018587334,0.4999999999999999,0.8660254037844387,0.0,0.0,0.0,11.425,21.700000000000003,76.5,80.25,-5.7,3.2066941,0.0,-2.775,18.73703706,27.35,27.95,27.683333333333334,27.65,27.316666666666663,-18.28999999666667,-0.2611110833333327,-0.0786666666666666,0.372,0.3693333333333333,18.690740734444447,0.3382222222222238,4.346569,4.4142237,4.4580216,4.4276004,4.380939,0,0.0,1,1.0,-1.03,27.4,72.6
2023-01-22 06:00:00,94.070681405558,55.961094783334,55.971372172222,18.73703706,0.3693333333333333,27.316666666666663,1,5.1764362714980825,70.66250196097344,6,6,1,1.0,6.123233995736766e-17,-0.7818314824680299,0.6234898018587334,0.4999999999999999,0.8660254037844387,0.0,0.0,0.0,11.5,21.6,79.0,81.0,-5.7,3.2082298,0.0,-2.9,18.68333333,27.35,27.35,27.95,27.683333333333334,27.05,-18.367703726666665,0.1537037299999966,0.076,0.2933333333333333,0.412,18.721604934444446,0.3448888888888906,4.380939,4.346569,4.4142237,4.4580216,4.3244123,0,0.0,1,1.0,-0.99,25.9,74.1
2023-01-22 06:15:00,134.3046276,82.017274711112,82.032829688888,18.68333333,0.412,27.05,2,5.1764362714980825,70.66250196097344,6,6,1,1.0,6.123233995736766e-17,-0.7818314824680299,0.6234898018587334,0.4999999999999999,0.8660254037844387,0.0,0.0,0.0,11.775,22.05,84.25,80.75,-5.725,3.2039795,0.0,-2.875,18.56851853,27.316666666666663,27.35,27.35,27.95,27.28333333333333,-18.27133333,-0.0537037299999987,0.0426666666666666,0.3693333333333333,0.4286666666666666,18.667901240000003,0.3582222222222238,4.3244123,4.380939,4.346569,4.4142237,4.332172,0,0.0,1,1.0,-1.01,26.5,73.5
2023-01-22 06:30:00,189.998510872222,132.1072155,132.128048016666,18.56851853,0.4286666666666666,27.28333333333333,2,5.1764362714980825,70.66250196097344,6,6,1,1.0,6.123233995736766e-17,-0.7818314824680299,0.6234898018587334,0.4999999999999999,0.8660254037844387,0.0,0.0,0.0,12.05,22.5,89.5,80.5,-5.75,3.1997032,0.0,-2.85,18.6,27.05,27.316666666666663,27.35,27.35,27.05,-18.13985186333333,-0.1148147999999977,0.0166666666666666,0.412,0.332,18.662962973333336,0.4033333333333349,4.332172,4.3244123,4.380939,4.346569,4.303136,0,0.0,0,1.0,-1.03,27.6,72.4
2023-01-22 06:45:00,147.257442866664,105.469392205554,105.485502727774,18.6,0.332,27.05,2,5.1764362714980825,70.66250196097344,6,6,1,1.0,6.123233995736766e-17,-0.7818314824680299,0.6234898018587334,0.4999999999999999,0.8660254037844387,0.0,0.0,0.0,12.325,22.95,94.75,80.25,-5.775,3.1954002,0.0,-2.825,18.45370368,27.28333333333333,27.05,27.316666666666663,27.35,27.28333333333333,-18.268,0.0314814699999992,-0.0966666666666666,0.4286666666666666,0.3419999999999999,18.61728395333333,0.3908888888888905,4.303136,4.332172,4.3244123,4.380939,4.3028016,0,0.0,0,1.0,-1.03,27.3,72.7
2023-01-22 07:00:00,169.57571653334,133.648820483334,133.668541927778,18.45370368,0.3419999999999999,27.28333333333333,2,5.1764362714980825,70.66250196097344,7,6,1,0.9659258262890684,-0.2588190451025206,-0.7818314824680299,0.6234898018587334,0.4999999999999999,0.8660254037844387,0.0,0.0,0.0,12.6,23.4,100.0,80.0,-5.8,3.1910708,0.0,-2.8,18.62777779,27.05,27.28333333333333,27.05,27.316666666666663,27.0,-18.11170368,-0.1462963200000011,0.0099999999999999,0.332,0.434,18.540740736666667,0.3675555555555572,4.3028016,4.303136,4.332172,4.3244123,4.3022504,0,0.0,0,1.0,-1.06,28.7,71.3
2023-01-22 07:15:00,80.064297349998,41.905268188888,41.91582338333,18.62777779,0.434,27.0,1,5.1764362714980825,70.66250196097344,7,6,1,0.9659258262890684,-0.2588190451025206,-0.7818314824680299,0.6234898018587334,0.4999999999999999,0.8660254037844387,0.0,0.0,0.0,12.275,24.125,100.0,79.25,-5.55,3.2514973,0.0,-2.4,18.479629606666663,27.28333333333333,27.05,27.28333333333333,27.05,27.0,-18.19377779,0.1740741099999994,0.092,0.3419999999999999,0.6020000000000001,18.56049382333333,0.3693333333333349,4.3022504,4.3028016,4.303136,4.332172,4.2646675,0,0.0,1,1.0,-1.02,27.0,73.0
2023-01-22 07:30:00,195.83772167778,149.946501850002,149.968723161114,18.479629606666663,0.6020000000000001,27.0,2,5.1764362714980825,70.66250196097344,7,6,1,0.9659258262890684,-0.2588190451025206,-0.7818314824680299,0.6234898018587334,0.4999999999999999,0.8660254037844387,0.0,0.0,0.0,11.95,24.85,100.0,78.5,-5.3,3.3124523,0.0,-2.0,18.71666665,27.0,27.28333333333333,27.05,27.28333333333333,26.95,-17.877629606666666,-0.1481481833333333,0.1680000000000001,0.434,0.6706666666666667,18.520370358888886,0.459333333333335,4.2646675,4.3022504,4.3028016,4.303136,4.3169293,0,0.0,1,1.0,-1.06,28.5,71.5
2023-01-22 07:45:00,89.796130161114,39.336204272222,39.347870488888,18.71666665,0.6706666666666667,26.95,1,5.1764362714980825,70.66250196097344,7,6,1,0.9659258262890684,-0.2588190451025206,-0.7818314824680299,0.6234898018587334,0.4999999999999999,0.8660254037844387,0.0,0.0,0.0,11.625,25.575,100.0,77.75,-5.05,3.3739197,0.0,-1.6,18.575925946666665,27.0,27.0,27.28333333333333,27.05,26.716666666666665,-18.04599998333333,0.2370370433333306,0.0686666666666666,0.6020000000000001,0.672,18.608024682222226,0.5688888888888904,4.3169293,4.2646675,4.3022504,4.3028016,4.244055,0,0.0,1,1.0,-1.0,26.2,73.8
2023-01-22 08:00:00,152.190578733336,100.920685227778,100.93901786111,18.575925946666665,0.672,26.716666666666665,2,5.1764362714980825,70.66250196097344,8,6,1,0.8660254037844387,-0.4999999999999998,-0.7818314824680299,0.6234898018587334,0.4999999999999999,0.8660254037844387,0.0,0.0,0.0,11.3,26.3,100.0,77.0,-4.8,3.4358816,0.0,-1.2,18.56111111,26.95,27.0,27.0,27.28333333333333,26.95,-17.903925946666664,-0.1407407033333321,0.0013333333333332,0.6706666666666667,0.73,18.590740734444445,0.6482222222222239,4.244055,4.3169293,4.2646675,4.3022504,4.277367,0,0.0,1,1.0,-1.03,27.6,72.4
2023-01-22 08:15:00,161.859636455556,113.614621866668,113.632954466668,18.56111111,0.73,26.95,2,5.1764362714980825,70.66250196097344,8,6,1,0.8660254037844387,-0.4999999999999998,-0.7818314824680299,0.6234898018587334,0.4999999999999999,0.8660254037844387,1.75,0.4375,0.1458333333333333,11.1,25.4,97.75,77.75,-4.775,3.4332886,0.0,-1.35,18.664814826666667,26.716666666666665,26.95,27.0,27.0,26.53333333333333,-17.831111110000002,-0.0148148366666625,0.0579999999999999,0.672,0.6773333333333333,18.617901235555557,0.6908888888888906,4.277367,4.244055,4.3169293,4.2646675,4.2371674,0,0.0,0,1.0,-1.04,27.7,72.3
2023-01-22 08:30:00,374.768897511112,42.700514111112,42.7132914,18.664814826666667,0.6773333333333333,26.53333333333333,1,5.1764362714980825,70.66250196097344,8,6,1,0.8660254037844387,-0.4999999999999998,-0.7818314824680299,0.6234898018587334,0.4999999999999999,0.8660254037844387,3.5,1.3125,0.4375,10.9,24.5,95.5,78.5,-4.75,3.4303324,0.0,-1.5,18.45000001,26.95,26.716666666666665,26.95,27.0,26.85,-17.987481493333334,0.103703716666665,-0.0526666666666666,0.73,0.6080000000000001,18.600617294444447,0.6931111111111127,4.2371674,4.277367,4.244055,4.3169293,4.233533,0,0.0,1,1.0,-1.02,26.8,73.2
2023-01-22 08:45:00,189.338537172226,153.681074727778,153.704129355556,18.45000001,0.6080000000000001,26.85,2,5.1764362714980825,70.66250196097344,8,6,1,0.8660254037844387,-0.4999999999999998,-0.7818314824680299,0.6234898018587334,0.4999999999999999,0.8660254037844387,5.25,2.625,0.875,10.7,23.6,93.25,79.25,-4.725,3.4270198,0.0,-1.65,18.66851853,26.53333333333333,26.95,26.716666666666665,26.95,26.816666666666663,-17.84200001,-0.2148148166666672,-0.0693333333333332,0.6773333333333333,0.7233333333333333,18.558641982222223,0.6717777777777793,4.233533,4.2371674,4.277367,4.244055,4.2833533,0,0.0,1,1.0,-1.06,28.8,71.2
2023-01-22 09:00:00,75.54392262222001,31.995664555556,32.006497538885995,18.66851853,0.7233333333333333,26.816666666666663,1,5.1764362714980825,70.66250196097344,9,6,1,0.7071067811865476,-0.7071067811865475,-0.7818314824680299,0.6234898018587334,0.4999999999999999,0.8660254037844387,7.0,4.375,1.4583333333333333,10.5,22.7,91.0,80.0,-4.7,3.423358,0.0,-1.8,18.52777774,26.85,26.53333333333333,26.95,26.716666666666665,26.85,-17.945185196666664,0.2185185199999963,0.1153333333333331,0.6080000000000001,0.756,18.59444445555556,0.6695555555555571,4.2833533,4.233533,4.2371674,4.277367,4.2530904,0,0.0,1,1.0,-1.01,26.7,73.3
2023-01-22 09:15:00,157.153713699996,104.1266681,104.144445205554,18.52777774,0.756,26.85,2,5.1764362714980825,70.66250196097344,9,6,1,0.7071067811865476,-0.7071067811865475,-0.7818314824680299,0.6234898018587334,0.4999999999999999,0.8660254037844387,30.0,11.4375,3.9583333333333335,9.975,21.975,93.25,78.5,-4.55,3.4664073,0.0,-1.35,18.54629626,26.816666666666663,26.85,26.53333333333333,26.95,27.0,-17.771777739999997,-0.1407407899999988,0.0326666666666667,0.7233333333333333,0.756,18.548765426666662,0.6957777777777793,4.2530904,4.2833533,4.233533,4.2371674,4.2815447,0,0.0,1,1.0,-1.05,28.1,71.9
2023-01-22 09:30:00,159.905270150002,100.736248188888,100.754303,18.54629626,0.756,27.0,2,5.1764362714980825,70.66250196097344,9,6,1,0.7071067811865476,-0.7071067811865475,-0.7818314824680299,0.6234898018587334,0.4999999999999999,0.8660254037844387,53.0,23.8125,8.375,9.45,21.25,95.5,77.0,-4.4,3.5082946,0.0,-0.9,18.6111111,26.85,26.816666666666663,26.85,26.53333333333333,27.05,-17.79029626,0.0185185200000042,0.0,0.756,0.9513333333333333,18.580864176666665,0.7451111111111127,4.2815447,4.2530904,4.2833533,4.233533,4.305968,0,0.0,0,1.0,-1.04,27.8,72.2
2023-01-22 09:45:00,137.114515266664,69.31917157222199,69.351114744444,18.6111111,0.9513333333333333,27.05,1,5.1764362714980825,70.66250196097344,9,6,1,0.7071067811865476,-0.7071067811865475,-0.7818314824680299,0.6234898018587334,0.4999999999999999,0.8660254037844387,76.0,41.5,14.708333333333334,8.925,20.525,97.75,75.5,-4.25,3.548918,0.0,-0.4500000000000002,18.32037037,27.0,26.85,26.816666666666663,26.85,27.466666666666665,-17.659777766666668,0.0648148400000003,0.1953333333333332,0.756,1.2073333333333334,18.561728366666667,0.8211111111111128,4.305968,4.2815447,4.2530904,4.2833533,4.297599,0,0.0,1,1.0,-1.03,27.2,72.8
2023-01-22 10:00:00,221.004770588888,164.121768216666,164.157877938886,18.32037037,1.2073333333333334,27.466666666666665,2,5.1764362714980825,70.66250196097344,10,6,1,0.4999999999999999,-0.8660254037844387,-0.7818314824680299,0.6234898018587334,0.4999999999999999,0.8660254037844387,99.0,64.5,22.95833333333333,8.4,19.8,100.0,74.0,-4.1,3.5881681,0.0,0.0,18.46666666,27.05,27.0,26.85,26.816666666666663,27.15,-17.113037036666665,-0.2907407300000031,0.2560000000000001,0.9513333333333333,1.3873333333333333,18.49259257666667,0.9715555555555572,4.297599,4.305968,4.2815447,4.2530904,4.2850647,0,0.0,1,1.0,-1.09,30.0,70.0
2023-01-22 10:15:00,244.492164405554,201.259727055556,201.294170127778,18.46666666,1.3873333333333333,27.15,2,5.1764362714980825,70.66250196097344,10,6,1,0.4999999999999999,-0.8660254037844387,-0.7818314824680299,0.6234898018587334,0.4999999999999999,0.8660254037844387,108.5,84.125,32.0,8.95,20.975,99.75,72.0,-4.074999999999999,3.5885875,0.0,0.4,18.675925936666665,27.466666666666665,27.05,27.0,26.85,26.816666666666663,-17.079333326666664,0.1462962899999986,0.1799999999999999,1.2073333333333334,1.5033333333333334,18.466049376666668,1.1820000000000015,4.2850647,4.297599,4.305968,4.2815447,4.285231,0,0.0,0,1.0,-1.06,28.6,71.4
2023-01-22 10:30:00,219.111235349994,175.966849944444,175.998793149998,18.675925936666665,1.5033333333333334,26.816666666666663,2,5.1764362714980825,70.66250196097344,10,6,1,0.4999999999999999,-0.8660254037844387,-0.7818314824680299,0.6234898018587334,0.4999999999999999,0.8660254037844387,118.0,100.375,41.833333333333336,9.5,22.15,99.5,70.0,-4.05,3.5859046,0.0,0.8,18.80555553,27.15,27.466666666666665,27.05,27.0,26.55,-17.17259260333333,0.2092592766666676,0.1160000000000001,1.3873333333333333,1.8213333333333328,18.487654322222223,1.3660000000000017,4.285231,4.2850647,4.297599,4.305968,4.2752676,0,0.0,0,1.0,-1.01,26.6,73.4
2023-01-22 10:45:00,249.310582727778,179.763086988888,179.794196877776,18.80555553,1.8213333333333328,26.55,2,5.1764362714980825,70.66250196097344,10,6,1,0.4999999999999999,-0.8660254037844387,-0.7818314824680299,0.6234898018587334,0.4999999999999999,0.8660254037844387,127.5,113.25,52.458333333333336,10.05,23.325,99.25,68.0,-4.025,3.5799677,0.0,1.2000000000000002,18.90555554333333,26.816666666666663,27.15,27.466666666666665,27.05,26.966666666666665,-16.984222196666668,0.129629593333334,0.3179999999999998,1.5033333333333334,1.9706666666666663,18.64938270888889,1.5706666666666684,4.2752676,4.285231,4.2850647,4.297599,4.3680964,0,0.0,0,1.0,-0.98,25.4,74.6
2023-01-22 11:00:00,234.69588962222,175.844077072222,175.876575788888,18.90555554333333,1.9706666666666663,26.966666666666665,2,5.1764362714980825,70.66250196097344,11,6,1,0.258819045102521,-0.9659258262890682,-0.7818314824680299,0.6234898018587334,0.4999999999999999,0.8660254037844387,137.0,122.75,63.875,10.6,24.5,99.0,66.0,-4.0,3.570622,0.0,1.6,18.911111100000003,26.55,26.816666666666663,27.15,27.466666666666665,26.95,-16.934888876666665,0.1000000133333323,0.1493333333333333,1.8213333333333328,2.186,18.795679003333333,1.7651111111111126,4.3680964,4.2752676,4.285231,4.2850647,4.3668294,0,0.0,0,1.0,-0.96,24.4,75.6
2023-01-22 11:15:00,228.886677549998,179.5769833,179.609482016666,18.911111100000003,2.186,26.95,2,5.1764362714980825,70.66250196097344,11,6,1,0.258819045102521,-0.9659258262890682,-0.7818314824680299,0.6234898018587334,0.4999999999999999,0.8660254037844387,187.5,142.5,79.35416666666667,11.025,25.675,99.25,64.25,-3.95,3.5897918,0.0,2.075,18.961111086666666,26.966666666666665,26.55,26.816666666666663,27.15,26.53333333333333,-16.725111100000003,0.0055555566666711,0.2153333333333333,1.9706666666666663,2.2006666666666663,18.87407405777778,1.9926666666666684,4.3668294,4.3680964,4.2752676,4.285231,4.312027,0,0.0,0,1.0,-0.96,24.3,75.7
2023-01-22 11:30:00,224.621570394442,171.773406572222,171.805349777776,18.961111086666666,2.2006666666666663,26.53333333333333,2,5.1764362714980825,70.66250196097344,11,6,1,0.258819045102521,-0.9659258262890682,-0.7818314824680299,0.6234898018587334,0.4999999999999999,0.8660254037844387,238.0,172.5,98.89583333333331,11.45,26.85,99.5,62.5,-3.9,3.605925,0.0,2.55,19.0,26.95,26.966666666666665,26.55,26.816666666666663,26.5,-16.76044442,0.0499999866666627,0.0146666666666663,2.186,2.2226666666666666,18.92592591,2.1191111111111125,4.312027,4.3668294,4.3680964,4.2752676,4.316507,0,0.0,0,1.0,-0.95,24.0,76.0
2023-01-22 11:45:00,222.924138227778,176.833481911112,176.865425116666,19.0,2.2226666666666666,26.5,2,5.1764362714980825,70.66250196097344,11,6,1,0.258819045102521,-0.9659258262890682,-0.7818314824680299,0.6234898018587334,0.4999999999999999,0.8660254037844387,288.5,212.75,122.5,11.875,28.025,99.75,60.75,-3.85,3.618831,0.0,3.025,18.979629613333334,26.53333333333333,26.95,26.966666666666665,26.55,26.5,-16.777333333333335,0.0388889133333343,0.0220000000000002,2.2006666666666663,2.272,18.95740739555556,2.203111111111113,4.316507,4.312027,4.3668294,4.3680964,4.3113203,0,0.0,0,1.0,-0.94,23.6,76.4
2023-01-22 12:00:00,179.22699741666202,135.830677672222,135.859287711108,18.979629613333334,2.272,26.5,2,5.1764362714980825,70.66250196097344,12,6,1,1.2246467991473532e-16,-1.0,-0.7818314824680299,0.6234898018587334,0.4999999999999999,0.8660254037844387,339.0,263.25,150.16666666666666,12.3,29.2,100.0,59.0,-3.8,3.6283088,0.0,3.5,18.85555552,26.5,26.53333333333333,26.95,26.966666666666665,26.5,-16.707629613333335,-0.0203703866666664,0.0493333333333332,2.2226666666666666,2.267333333333333,18.9802469,2.231777777777779,4.3113203,4.316507,4.312027,4.3668294,4.2798443,0,0.0,0,1.0,-0.94,23.8,76.2
2023-01-22 12:15:00,166.168908544444,107.45625716111,107.480422877776,18.85555552,2.267333333333333,26.5,2,5.1764362714980825,70.66250196097344,12,6,1,1.2246467991473532e-16,-1.0,-0.7818314824680299,0.6234898018587334,0.4999999999999999,0.8660254037844387,351.25,304.1875,176.9375,13.275,31.25,100.0,57.5,-3.85,3.613694,0.0,3.825,18.749999993333333,26.5,26.5,26.53333333333333,26.95,26.5,-16.588222186666666,-0.1240740933333341,-0.0046666666666665,2.272,2.295333333333333,18.945061711111112,2.2540000000000013,4.2798443,4.3113203,4.316507,4.312027,4.253224,0,0.0,0,1.0,-0.97,25.0,75.0
2023-01-22 12:30:00,302.136802994442,236.955243627778,236.993019933332,18.749999993333333,2.295333333333333,26.5,2,5.1764362714980825,70.66250196097344,12,6,1,1.2246467991473532e-16,-1.0,-0.7818314824680299,0.6234898018587334,0.4999999999999999,0.8660254037844387,363.5,335.5625,202.8125,14.25,33.3,100.0,56.0,-3.9,3.5964782,0.0,4.15,19.01666667,26.5,26.5,26.5,26.53333333333333,26.45,-16.45466666,-0.1055555266666665,0.028,2.267333333333333,2.5073333333333334,18.86172837555556,2.278222222222224,4.253224,4.2798443,4.3113203,4.316507,4.312603,0,0.0,0,1.0,-1.0,26.0,74.0
2023-01-22 12:45:00,240.476769511108,189.641858472222,189.676301544444,19.01666667,2.5073333333333334,26.45,2,5.1764362714980825,70.66250196097344,12,6,1,1.2246467991473532e-16,-1.0,-0.7818314824680299,0.6234898018587334,0.4999999999999999,0.8660254037844387,375.75,357.375,227.79166666666663,15.225,35.35,100.0,54.5,-3.95,3.5765655,0.0,4.475,19.122222256666667,26.5,26.5,26.5,26.5,26.03333333333333,-16.509333336666664,0.2666666766666665,0.2120000000000002,2.295333333333333,2.646,18.874074061111116,2.356666666666668,4.312603,4.253224,4.2798443,4.3113203,4.271178,0,0.0,0,1.0,-0.94,23.5,76.5
2023-01-22 13:00:00,89.191432233332,43.489371472222,43.508815211108,19.122222256666667,2.646,26.03333333333333,1,5.1764362714980825,70.66250196097344,13,6,1,-0.2588190451025208,-0.9659258262890684,-0.7818314824680299,0.6234898018587334,0.4999999999999999,0.8660254037844387,388.0,369.625,251.875,16.2,37.4,100.0,53.0,-4.0,3.5538633,0.0,4.8,18.80555556,26.45,26.5,26.5,26.5,26.4,-16.476222256666667,0.1055555866666679,0.1386666666666665,2.5073333333333334,2.74,18.962962973333333,2.4828888888888905,4.271178,4.312603,4.253224,4.2798443,4.251114,0,0.0,1,1.0,-0.91,22.6,77.4
2023-01-22 13:15:00,174.001373133328,87.630939088888,87.67677062222,18.80555556,2.74,26.4,2,5.1764362714980825,70.66250196097344,13,6,1,-0.2588190451025208,-0.9659258262890684,-0.7818314824680299,0.6234898018587334,0.4999999999999999,0.8660254037844387,339.25,366.625,271.1041666666667,16.2,37.5,100.0,53.5,-3.975,3.5519276,0.0,4.65,18.64814818,26.03333333333333,26.45,26.5,26.5,26.966666666666665,-16.06555556,-0.3166666966666653,0.0940000000000003,2.646,2.8953333333333333,18.98148149555556,2.6311111111111125,4.251114,4.271178,4.312603,4.253224,4.3021226,0,0.0,1,1.0,-0.98,25.5,74.5
2023-01-22 13:30:00,256.804727499996,142.095982616666,142.178757055556,18.64814818,2.8953333333333333,26.966666666666665,2,5.1764362714980825,70.66250196097344,13,6,1,-0.2588190451025208,-0.9659258262890684,-0.7818314824680299,0.6234898018587334,0.4999999999999999,0.8660254037844387,290.5,348.375,285.4791666666667,16.2,37.6,100.0,54.0,-3.95,3.549638,0.0,4.5,18.78333332,26.4,26.03333333333333,26.45,26.5,27.1,-15.752814846666666,-0.1574073800000022,0.1553333333333331,2.74,3.0926666666666667,18.85864199888889,2.760444444444446,4.3021226,4.251114,4.271178,4.312603,4.3581038,0,0.0,0,1.0,-1.02,26.8,73.2
2023-01-22 13:45:00,152.540287027778,0.0,0.0,18.78333332,3.0926666666666667,27.1,0,5.1764362714980825,70.66250196097344,13,6,1,-0.2588190451025208,-0.9659258262890684,-0.7818314824680299,0.6234898018587334,0.4999999999999999,0.8660254037844387,241.75,314.875,295.0,16.2,37.7,100.0,54.5,-3.925,3.5470014,0.0,4.35,18.481481483333333,26.966666666666665,26.4,26.03333333333333,26.45,28.116666666666667,-15.690666653333334,0.1351851400000008,0.1973333333333333,2.8953333333333333,3.087333333333333,18.74567902,2.909333333333335,4.3581038,4.3021226,4.251114,4.271178,4.441532,1,1.0,1,0.75,-0.99,25.5,74.5
2023-01-22 14:00:00,300.098551194442,114.849016972222,114.934291327778,18.481481483333333,3.087333333333333,28.116666666666667,2,5.1764362714980825,70.66250196097344,14,6,1,-0.4999999999999997,-0.8660254037844388,-0.7818314824680299,0.6234898018587334,0.4999999999999999,0.8660254037844387,193.0,266.125,299.6666666666667,16.2,37.8,100.0,55.0,-3.9,3.5440252,0.0,4.2,18.55,27.1,26.966666666666665,26.4,26.03333333333333,28.45,-15.39414815,-0.3018518366666676,-0.0053333333333331,3.0926666666666667,3.091333333333333,18.637654327777778,3.0251111111111126,4.441532,4.3581038,4.3021226,4.251114,4.5124683,0,1.0,1,0.75,-1.05,28.2,71.8
2023-01-22 14:15:00,244.677712450002,80.258456183334,80.337619666668,18.55,3.091333333333333,28.45,2,5.1764362714980825,70.66250196097344,14,6,1,-0.4999999999999997,-0.8660254037844388,-0.7818314824680299,0.6234898018587334,0.4999999999999999,0.8660254037844387,191.5,229.1875,300.0,15.675,37.175,100.0,55.5,-3.825,3.5762434,0.0,4.2,18.58148148333333,28.116666666666667,27.1,26.966666666666665,26.4,28.216666666666665,-15.458666666666668,0.0685185166666677,0.0039999999999995,3.087333333333333,3.14,18.60493826777778,3.090444444444446,4.5124683,4.441532,4.3581038,4.3021226,4.4838114,0,1.0,0,0.75,-1.03,27.5,72.5
2023-01-22 14:30:00,176.746818744444,19.871982872222,19.948924227778,18.58148148333333,3.14,28.216666666666665,1,5.1764362714980825,70.66250196097344,14,6,1,-0.4999999999999997,-0.8660254037844388,-0.7818314824680299,0.6234898018587334,0.4999999999999999,0.8660254037844387,190.0,204.0625,296.0,15.15,36.55,100.0,56.0,-3.75,3.6084616,0.0,4.2,18.34444444,28.45,28.116666666666667,27.1,26.966666666666665,29.2,-15.441481483333334,0.0314814833333336,0.048666666666667,3.091333333333333,3.194,18.537654322222224,3.106222222222224,4.4838114,4.5124683,4.441532,4.3581038,4.575336,0,1.0,1,0.75,-1.03,27.2,72.8
2023-01-22 14:45:00,289.623414533336,126.110233172222,126.197729672222,18.34444444,3.194,29.2,2,5.1764362714980825,70.66250196097344,14,6,1,-0.4999999999999997,-0.8660254037844388,-0.7818314824680299,0.6234898018587334,0.4999999999999999,0.8660254037844387,188.5,190.75,287.6666666666667,14.625,35.925,100.0,56.5,-3.675,3.6406803,0.0,4.2,18.494444416666667,28.216666666666665,28.45,28.116666666666667,27.1,29.316666666666663,-15.15044444,-0.2370370433333342,0.0539999999999998,3.14,3.099333333333333,18.49197530777778,3.14177777777778,4.575336,4.4838114,4.5124683,4.441532,4.634651,0,0.0,1,1.0,-1.08,29.4,70.6
2023-01-22 15:00:00,521.356922755552,47.891139844444,47.966970194442,18.494444416666667,3.099333333333333,29.316666666666663,1,5.1764362714980825,70.66250196097344,15,6,1,-0.7071067811865471,-0.7071067811865479,-0.7818314824680299,0.6234898018587334,0.4999999999999999,0.8660254037844387,187.0,189.25,275.0,14.1,35.3,100.0,57.0,-3.6,3.6728985,0.0,4.2,18.44444445,29.2,28.216666666666665,28.45,28.116666666666667,29.4,-15.395111083333331,0.1499999766666668,-0.0946666666666664,3.194,3.1493333333333333,18.473456780000003,3.144444444444446,4.634651,4.575336,4.4838114,4.5124683,4.6340733,0,0.0,1,1.0,-1.04,27.8,72.2
2023-01-22 15:15:00,233.91786516111,75.812800683334,75.89418631111201,18.44444445,3.1493333333333333,29.4,2,5.1764362714980825,70.66250196097344,15,6,1,-0.7071067811865471,-0.7071067811865479,-0.7818314824680299,0.6234898018587334,0.4999999999999999,0.8660254037844387,164.5,182.5,259.4375,13.075,34.3,100.0,57.75,-3.5,3.7027013,0.0,4.125,18.34629629333333,29.316666666666663,29.2,28.216666666666665,28.45,30.15,-15.295111116666666,-0.0499999666666681,0.0499999999999998,3.099333333333333,3.177333333333333,18.42777776888889,3.147555555555557,4.6340733,4.634651,4.575336,4.4838114,4.724711,0,0.0,1,1.0,-1.05,28.3,71.7
2023-01-22 15:30:00,331.49173988333,161.410765544444,161.50270638333,18.34629629333333,3.177333333333333,30.15,2,5.1764362714980825,70.66250196097344,15,6,1,-0.7071067811865471,-0.7071067811865479,-0.7818314824680299,0.6234898018587334,0.4999999999999999,0.8660254037844387,142.0,170.5,240.97916666666663,12.05,33.3,100.0,58.5,-3.4000000000000004,3.7321045,0.0,4.05,18.64444442,29.4,29.316666666666663,29.2,28.216666666666665,30.15,-15.168962960000002,-0.0981481566666637,0.0279999999999995,3.1493333333333333,3.12,18.428395053333336,3.1420000000000017,4.724711,4.6340733,4.634651,4.575336,4.8089213,0,0.0,0,1.0,-1.07,29.1,70.9
2023-01-22 15:45:00,565.612930127778,127.05380656111,127.134914449998,18.64444442,3.12,30.15,2,5.1764362714980825,70.66250196097344,15,6,1,-0.7071067811865471,-0.7071067811865479,-0.7818314824680299,0.6234898018587334,0.4999999999999999,0.8660254037844387,119.5,153.25,219.625,11.025,32.3,100.0,59.25,-3.3000000000000003,3.7611108,0.0,3.975,18.692592620000003,30.15,29.4,29.316666666666663,29.2,30.55,-15.52444442,0.2981481266666641,-0.0573333333333332,3.177333333333333,3.058666666666667,18.478395054444448,3.1488888888888904,4.8089213,4.724711,4.6340733,4.634651,4.8866243,0,0.0,0,1.0,-1.0,26.2,73.8
2023-01-22 16:00:00,1291.002246694446,0.0,0.0,18.692592620000003,3.058666666666667,30.55,0,5.1764362714980825,70.66250196097344,16,6,1,-0.8660254037844385,-0.5000000000000004,-0.7818314824680299,0.6234898018587334,0.4999999999999999,0.8660254037844387,97.0,130.75,195.375,10.0,31.3,100.0,60.0,-3.2,3.7897243,0.0,3.9,18.36111114,30.15,30.15,29.4,29.316666666666663,31.5,-15.633925953333335,0.0481482000000035,-0.0613333333333327,3.12,2.452,18.561111111111117,3.1186666666666683,4.8866243,4.8089213,4.724711,4.6340733,4.9406047,1,1.0,1,0.75,-0.99,25.6,74.4
2023-01-22 16:15:00,564.063547588892,95.665339883334,95.751725327778,18.36111114,2.452,31.5,2,5.1764362714980825,70.66250196097344,16,6,1,-0.8660254037844385,-0.5000000000000004,-0.7818314824680299,0.6234898018587334,0.4999999999999999,0.8660254037844387,83.5,110.5,174.0625,9.8,28.7,100.0,61.5,-3.075,3.8329592,0.0,3.7,18.37962966,30.55,30.15,30.15,29.4,31.5,-15.909111139999998,-0.3314814800000043,-0.6066666666666669,3.058666666666667,2.044666666666666,18.566049393333333,2.87688888888889,4.9406047,4.8866243,4.8089213,4.724711,4.946034,0,1.0,1,0.75,-1.06,28.7,71.3
2023-01-22 16:30:00,308.000179533332,133.312167283334,133.399663833332,18.37962966,2.044666666666666,31.5,2,5.1764362714980825,70.66250196097344,16,6,1,-0.8660254037844385,-0.5000000000000004,-0.7818314824680299,0.6234898018587334,0.4999999999999999,0.8660254037844387,70.0,92.5,155.6875,9.6,26.1,100.0,63.0,-2.95,3.874296,0.0,3.5,18.53333337,31.5,30.55,30.15,30.15,31.15,-16.33496299333333,0.0185185200000006,-0.4073333333333333,2.452,1.7293333333333334,18.47777780666667,2.5184444444444463,4.946034,4.9406047,4.8866243,4.8089213,4.9358416,0,1.0,0,0.75,-1.06,28.5,71.5
2023-01-22 16:45:00,149.70706706111,0.0,0.0,18.53333337,1.7293333333333334,31.15,0,5.1764362714980825,70.66250196097344,16,6,1,-0.8660254037844385,-0.5000000000000004,-0.7818314824680299,0.6234898018587334,0.4999999999999999,0.8660254037844387,56.5,76.75,140.25,9.4,23.5,100.0,64.5,-2.825,3.913771,0.0,3.3,18.30740738333333,31.5,31.5,30.55,30.15,31.183333333333334,-16.804000036666668,0.153703710000002,-0.3153333333333332,2.044666666666666,1.596666666666667,18.42469139,2.075333333333335,4.9358416,4.946034,4.9406047,4.8866243,4.875378,1,2.0,1,0.5,-1.02,27.0,73.0
2023-01-22 17:00:00,260.227368338886,114.616526272222,114.701245116666,18.30740738333333,1.596666666666667,31.183333333333334,2,5.1764362714980825,70.66250196097344,17,6,1,-0.9659258262890684,-0.2588190451025206,-0.7818314824680299,0.6234898018587334,0.4999999999999999,0.8660254037844387,43.0,63.25,127.75,9.2,20.9,100.0,66.0,-2.7,3.951421,0.0,3.1,18.35,31.15,31.5,31.5,30.55,31.45,-16.710740716666667,-0.2259259866666667,-0.1326666666666667,1.7293333333333334,1.318,18.40679013777778,1.790222222222224,4.875378,4.9358416,4.946034,4.9406047,4.929512,0,1.0,1,0.75,-1.07,29.3,70.7
2023-01-22 17:15:00,290.49143537778,132.498310955556,132.583307555556,18.35,1.318,31.45,2,5.1764362714980825,70.66250196097344,17,6,1,-0.9659258262890684,-0.2588190451025206,-0.7818314824680299,0.6234898018587334,0.4999999999999999,0.8660254037844387,36.5,51.5,114.83333333333331,8.549999999999999,20.35,100.0,68.5,-2.5,4.0192237,0.075,2.8,18.451851856666668,31.183333333333334,31.15,31.5,31.5,31.216666666666665,-17.032,0.042592616666667,-0.2786666666666666,1.596666666666667,1.2346666666666666,18.396913584444444,1.5480000000000018,4.929512,4.875378,4.9358416,4.946034,4.922581,0,1.0,0,0.75,-1.06,28.8,71.2
2023-01-22 17:30:00,270.235023516666,124.556128672222,124.642514133332,18.451851856666668,1.2346666666666666,31.216666666666665,2,5.1764362714980825,70.66250196097344,17,6,1,-0.9659258262890684,-0.2588190451025206,-0.7818314824680299,0.6234898018587334,0.4999999999999999,0.8660254037844387,30.0,41.5,101.5,7.899999999999999,19.8,100.0,71.0,-2.3,4.082538,0.15,2.5,18.48333336,31.45,31.183333333333334,31.15,31.5,31.15,-17.217185190000002,0.1018518566666664,-0.0833333333333334,1.318,1.106666666666667,18.36975308,1.3831111111111127,4.922581,4.929512,4.875378,4.9358416,4.9212403,0,1.0,0,0.75,-1.04,27.8,72.2
2023-01-22 17:45:00,180.011965800004,27.4347359,27.508621827778,18.48333336,1.106666666666667,31.15,1,5.1764362714980825,70.66250196097344,17,6,1,-0.9659258262890684,-0.2588190451025206,-0.7818314824680299,0.6234898018587334,0.4999999999999999,0.8660254037844387,23.5,33.25,87.75,7.25,19.25,100.0,73.5,-2.1,4.1414976,0.225,2.2,18.266666646666668,31.216666666666665,31.45,31.183333333333334,31.15,31.183333333333334,-17.376666693333334,0.0314815033333317,-0.1279999999999999,1.2346666666666666,1.090666666666667,18.428395072222227,1.2197777777777794,4.9212403,4.922581,4.929512,4.875378,4.8636045,0,0.0,1,1.0,-1.03,27.5,72.5
2023-01-22 18:00:00,226.388444000004,85.46019255555599,85.54102263889,18.266666646666668,1.090666666666667,31.183333333333334,2,5.1764362714980825,70.66250196097344,18,6,1,-1.0,-1.8369701987210294e-16,-0.7818314824680299,0.6234898018587334,0.4999999999999999,0.8660254037844387,17.0,26.75,73.58333333333333,6.6,18.7,100.0,76.0,-1.9,4.1962347,0.3,1.9,18.29444442,31.15,31.216666666666665,31.45,31.183333333333334,31.45,-17.17599998,-0.2166667133333319,-0.016,1.106666666666667,1.072,18.400617287777777,1.1440000000000017,4.8636045,4.9212403,4.922581,4.929512,4.913291,0,0.0,1,1.0,-1.08,29.7,70.3
2023-01-22 18:15:00,291.208351316662,162.465167766668,162.555441988888,18.29444442,1.072,31.45,2,5.1764362714980825,70.66250196097344,18,6,1,-1.0,-1.8369701987210294e-16,-0.7818314824680299,0.6234898018587334,0.4999999999999999,0.8660254037844387,12.75,20.8125,60.9375,6.55,17.075,100.0,77.25,-1.825,4.222059,0.275,1.75,18.59259258,31.183333333333334,31.15,31.216666666666665,31.45,30.85,-17.222444420000002,0.0277777733333337,-0.0186666666666666,1.090666666666667,1.048,18.348148142222225,1.0897777777777795,4.913291,4.8636045,4.9212403,4.922581,4.9054904,0,0.0,0,1.0,-1.08,29.4,70.6
2023-01-22 18:30:00,141.271571194442,22.092171827778,22.159669144444,18.59259258,1.048,30.85,1,5.1764362714980825,70.66250196097344,18,6,1,-1.0,-1.8369701987210294e-16,-0.7818314824680299,0.6234898018587334,0.4999999999999999,0.8660254037844387,8.5,15.4375,49.8125,6.5,15.45,100.0,78.5,-1.75,4.2468762,0.25,1.6,18.41111109,31.45,31.183333333333334,31.15,31.216666666666665,30.9,-17.54459258,0.2981481599999966,-0.024,1.072,0.984,18.384567882222225,1.070222222222224,4.9054904,4.913291,4.8636045,4.9212403,4.860891,0,0.0,1,1.0,-1.01,26.5,73.5
2023-01-22 18:45:00,242.524187544444,97.580818827778,97.66553763889,18.41111109,0.984,30.9,2,5.1764362714980825,70.66250196097344,18,6,1,-1.0,-1.8369701987210294e-16,-0.7818314824680299,0.6234898018587334,0.4999999999999999,0.8660254037844387,4.249999999999998,10.625,40.208333333333336,6.45,13.825,100.0,79.75,-1.675,4.270701,0.225,1.45,18.34259258666667,30.85,31.45,31.183333333333334,31.15,31.466666666666665,-17.427111090000004,-0.1814814899999959,-0.064,1.048,1.0273333333333334,18.43271603,1.0346666666666684,4.860891,4.9054904,4.913291,4.8636045,4.9299583,0,0.0,1,1.0,-1.05,28.3,71.7
2023-01-22 19:00:00,319.55249522222,178.02315653889,178.115930644444,18.34259258666667,1.0273333333333334,31.466666666666665,2,5.1764362714980825,70.66250196097344,19,6,1,-0.9659258262890684,0.2588190451025203,-0.7818314824680299,0.6234898018587334,0.4999999999999999,0.8660254037844387,0.0,6.375,32.125,6.4,12.2,100.0,81.0,-1.6,4.2935486,0.2,1.3,18.50555557,30.9,30.85,31.45,31.183333333333334,31.15,-17.315259253333334,-0.0685185033333333,0.0433333333333334,0.984,0.884,18.448765418888893,1.0197777777777794,4.9299583,4.860891,4.9054904,4.913291,4.9277253,0,0.0,0,1.0,-1.06,28.9,71.1
2023-01-22 19:15:00,589.16532136111,96.878346894446,96.965287916666,18.50555557,0.884,31.15,2,5.1764362714980825,70.66250196097344,19,6,1,-0.9659258262890684,0.2588190451025203,-0.7818314824680299,0.6234898018587334,0.4999999999999999,0.8660254037844387,0.0,3.1875,25.166666666666668,6.075,12.025,100.0,82.5,-1.625,4.2917676,0.2,1.025,18.379629626666667,31.466666666666665,30.9,30.85,31.45,31.183333333333334,-17.62155557,0.1629629833333332,-0.1433333333333334,1.0273333333333334,0.8433333333333334,18.419753082222226,0.9651111111111128,4.9277253,4.9299583,4.860891,4.9054904,4.8963118,0,0.0,0,1.0,-1.03,27.3,72.7
2023-01-22 19:30:00,235.3580853,142.82706445555598,142.888728688888,18.379629626666667,0.8433333333333334,31.183333333333334,2,5.1764362714980825,70.66250196097344,19,6,1,-0.9659258262890684,0.2588190451025203,-0.7818314824680299,0.6234898018587334,0.4999999999999999,0.8660254037844387,0.0,1.0624999999999996,19.33333333333333,5.75,11.85,100.0,84.0,-1.65,4.288381,0.2,0.75,18.577777790000003,31.15,31.466666666666665,30.9,30.85,31.45,-17.536296293333333,-0.1259259433333355,-0.0406666666666666,0.884,0.8613333333333333,18.409259261111117,0.9182222222222238,4.8963118,4.9277253,4.9299583,4.860891,4.9965124,0,0.0,0,1.0,-1.06,28.6,71.4
2023-01-22 19:45:00,195.17247062222,106.990442444444,107.028774294442,18.577777790000003,0.8613333333333333,31.45,2,5.1764362714980825,70.66250196097344,19,6,1,-0.9659258262890684,0.2588190451025203,-0.7818314824680299,0.6234898018587334,0.4999999999999999,0.8660254037844387,0.0,0.0,14.625,5.425,11.675,100.0,85.5,-1.675,4.2834454,0.2,0.475,18.68888892,31.183333333333334,31.15,31.466666666666665,30.9,31.03333333333333,-17.716444456666668,0.1981481633333359,0.0179999999999999,0.8433333333333334,0.842,18.48765432888889,0.8628888888888905,4.9965124,4.8963118,4.9277253,4.9299583,4.9628477,0,0.0,0,1.0,-1.01,26.5,73.5
2023-01-22 20:00:00,101.467052388884,17.883729072222,17.910950216666,18.68888892,0.842,31.03333333333333,1,5.1764362714980825,70.66250196097344,20,6,1,-0.8660254037844386,0.5000000000000001,-0.7818314824680299,0.6234898018587334,0.4999999999999999,0.8660254037844387,0.0,0.0,11.041666666666666,5.1,11.5,100.0,87.0,-1.7,4.27701,0.2,0.2,18.411111100000003,31.45,31.183333333333334,31.15,31.466666666666665,31.35,-17.84688892,0.1111111299999976,-0.0193333333333333,0.8613333333333333,0.8306666666666666,18.54876544555556,0.8488888888888906,4.9628477,4.9965124,4.8963118,4.9277253,4.9316807,0,0.0,1,1.0,-0.99,25.6,74.4
2023-01-22 20:15:00,199.062870383338,125.480258355556,125.519701244444,18.411111100000003,0.8306666666666666,31.35,2,5.1764362714980825,70.66250196097344,20,6,1,-0.8660254037844386,0.5000000000000001,-0.7818314824680299,0.6234898018587334,0.4999999999999999,0.8660254037844387,0.0,0.0,8.0,5.199999999999999,10.975,100.0,86.75,-1.725,4.27206,0.2,0.225,18.55925924,31.03333333333333,31.45,31.183333333333334,31.15,31.5,-17.580444433333337,-0.2777778199999972,-0.0113333333333334,0.842,0.7393333333333333,18.55925927,0.8446666666666682,4.9316807,4.9628477,4.9965124,4.8963118,4.998971,0,0.0,1,1.0,-1.05,28.2,71.8
2023-01-22 20:30:00,196.620190511108,131.521405616666,131.549460077776,18.55925924,0.7393333333333333,31.5,2,5.1764362714980825,70.66250196097344,20,6,1,-0.8660254037844386,0.5000000000000001,-0.7818314824680299,0.6234898018587334,0.4999999999999999,0.8660254037844387,0.0,0.0,5.5,5.3,10.45,100.0,86.5,-1.75,4.267078,0.2,0.25,18.75000002,31.35,31.03333333333333,31.45,31.183333333333334,31.2,-17.819925906666665,0.1481481399999964,-0.0913333333333332,0.8306666666666666,0.782,18.553086420000003,0.8040000000000016,4.998971,4.9316807,4.9628477,4.9965124,5.00757,0,0.0,0,1.0,-1.01,26.7,73.3
2023-01-22 20:45:00,67.459523811108,0.0,0.0,18.75000002,0.782,31.2,0,5.1764362714980825,70.66250196097344,20,6,1,-0.8660254037844386,0.5000000000000001,-0.7818314824680299,0.6234898018587334,0.4999999999999999,0.8660254037844387,0.0,0.0,3.5416666666666665,5.4,9.925,100.0,86.25,-1.775,4.262065,0.2,0.275,18.47777778333333,31.5,31.35,31.03333333333333,31.45,31.466666666666665,-17.96800002,0.1907407800000022,0.0426666666666667,0.7393333333333333,0.6226666666666667,18.573456786666668,0.7840000000000016,5.00757,4.998971,4.9316807,4.9628477,4.9696326,1,1.0,1,0.75,-0.97,24.9,75.1
2023-01-22 21:00:00,203.585745111112,138.964996744444,138.995828894442,18.47777778333333,0.6226666666666667,31.466666666666665,2,5.1764362714980825,70.66250196097344,21,6,1,-0.7071067811865477,0.7071067811865474,-0.7818314824680299,0.6234898018587334,0.4999999999999999,0.8660254037844387,0.0,0.0,2.125,5.5,9.4,100.0,86.0,-1.8,4.2570214,0.2,0.3,18.5166667,31.2,31.5,31.35,31.03333333333333,31.45,-17.855111116666667,-0.2722222366666678,-0.1593333333333333,0.782,0.6833333333333333,18.59567901444445,0.7146666666666683,4.9696326,5.00757,4.998971,4.9316807,4.97846,0,1.0,1,0.75,-1.03,27.5,72.5
2023-01-22 21:15:00,217.082982983334,143.961463527778,143.991462311112,18.5166667,0.6833333333333333,31.45,2,5.1764362714980825,70.66250196097344,21,6,1,-0.7071067811865477,0.7071067811865474,-0.7818314824680299,0.6234898018587334,0.4999999999999999,0.8660254037844387,0.0,0.0,1.0624999999999998,5.375,9.4,100.0,85.75,-1.8,4.2519445,0.175,0.325,18.57777778333333,31.466666666666665,31.2,31.5,31.35,31.03333333333333,-17.833333366666665,0.0388889166666643,0.0606666666666666,0.6226666666666667,0.5873333333333334,18.58148150111111,0.6960000000000016,4.97846,4.9696326,5.00757,4.998971,4.930316,0,1.0,0,0.75,-1.02,27.1,72.9
2023-01-22 21:30:00,170.495124355556,109.727277383334,109.75449856111,18.57777778333333,0.5873333333333334,31.03333333333333,2,5.1764362714980825,70.66250196097344,21,6,1,-0.7071067811865477,0.7071067811865474,-0.7818314824680299,0.6234898018587334,0.4999999999999999,0.8660254037844387,0.0,0.0,0.3541666666666665,5.25,9.4,100.0,85.5,-1.8,4.2468367,0.15,0.35,18.54444446,31.45,31.466666666666665,31.2,31.5,30.95,-17.99044445,0.0611110833333334,-0.0959999999999999,0.6833333333333333,0.5586666666666668,18.52407408888889,0.6311111111111128,4.930316,4.97846,4.9696326,5.00757,4.907381,0,1.0,0,0.75,-1.01,26.6,73.4
2023-01-22 21:45:00,145.885831049998,92.068261555556,92.09326062222,18.54444446,0.5586666666666668,30.95,2,5.1764362714980825,70.66250196097344,21,6,1,-0.7071067811865477,0.7071067811865474,-0.7818314824680299,0.6234898018587334,0.4999999999999999,0.8660254037844387,0.0,0.0,0.0,5.125,9.4,100.0,85.25,-1.8,4.2416973,0.125,0.375,18.661111126666665,31.03333333333333,31.45,31.466666666666665,31.2,30.716666666666665,-17.985777793333334,-0.0333333233333306,-0.0286666666666666,0.5873333333333334,0.5393333333333333,18.546296314444444,0.6097777777777794,4.907381,4.930316,4.97846,4.9696326,4.9041405,0,0.0,0,1.0,-1.02,27.0,73.0
2023-01-22 22:00:00,107.605973372222,49.262751644444,49.282750877776,18.661111126666665,0.5393333333333333,30.716666666666665,1,5.1764362714980825,70.66250196097344,22,6,1,-0.5000000000000004,0.8660254037844384,-0.7818314824680299,0.6234898018587334,0.4999999999999999,0.8660254037844387,0.0,0.0,0.0,5.0,9.4,100.0,85.0,-1.8,4.236527,0.1,0.4,18.53333333,30.95,31.03333333333333,31.45,31.466666666666665,30.95,-18.121777793333333,0.1166666666666635,-0.0193333333333334,0.5586666666666668,0.5373333333333333,18.59444445666667,0.5617777777777795,4.9041405,4.907381,4.930316,4.97846,4.9041514,0,0.0,1,1.0,-0.99,25.9,74.1
2023-01-22 22:15:00,212.545942338886,134.00630619999998,134.035193977776,18.53333333,0.5373333333333333,30.95,2,5.1764362714980825,70.66250196097344,22,6,1,-0.5000000000000004,0.8660254037844384,-0.7818314824680299,0.6234898018587334,0.4999999999999999,0.8660254037844387,0.0,0.0,0.0,4.575,8.95,100.0,85.75,-1.8,4.244646,0.1,0.3,18.770370343333333,30.716666666666665,30.95,31.03333333333333,31.45,30.53333333333333,-17.99599999666667,-0.1277777966666633,-0.002,0.5393333333333333,0.468,18.579629638888893,0.5451111111111128,4.9041514,4.9041405,4.907381,4.930316,4.9064765,0,0.0,1,1.0,-1.02,27.1,72.9
2023-01-22 22:30:00,88.71422903889,14.9544018,14.968845705554,18.770370343333333,0.468,30.53333333333333,1,5.1764362714980825,70.66250196097344,22,6,1,-0.5000000000000004,0.8660254037844384,-0.7818314824680299,0.6234898018587334,0.4999999999999999,0.8660254037844387,0.0,0.0,0.0,4.15,8.5,100.0,86.5,-1.8,4.25243,0.1,0.2,18.53888886,30.95,30.716666666666665,30.95,31.03333333333333,30.85,-18.302370343333333,0.2370370133333317,-0.0693333333333333,0.5373333333333333,0.3766666666666667,18.65493826666667,0.5148888888888905,4.9064765,4.9041514,4.9041405,4.907381,4.889915,0,0.0,1,1.0,-0.97,24.9,75.1
2023-01-22 22:45:00,191.577336649998,124.464187916666,124.487520316666,18.53888886,0.3766666666666667,30.85,2,5.1764362714980825,70.66250196097344,22,6,1,-0.5000000000000004,0.8660254037844384,-0.7818314824680299,0.6234898018587334,0.4999999999999999,0.8660254037844387,0.0,0.0,0.0,3.725,8.05,100.0,87.25,-1.8,4.2598834,0.1,0.0999999999999999,18.670370396666662,30.53333333333333,30.95,30.716666666666665,30.95,30.816666666666663,-18.16222219333333,-0.2314814833333329,-0.0913333333333333,0.468,0.358,18.61419751111111,0.4606666666666683,4.889915,4.9064765,4.9041514,4.9041405,4.922801,0,0.0,1,1.0,-1.02,27.1,72.9
2023-01-22 23:00:00,263.221693027774,177.187912183334,177.21652222222,18.670370396666662,0.358,30.816666666666663,2,5.1764362714980825,70.66250196097344,23,6,1,-0.2588190451025215,0.965925826289068,-0.7818314824680299,0.6234898018587334,0.4999999999999999,0.8660254037844387,0.0,0.0,0.0,3.3,7.6,100.0,88.0,-1.8,4.2670107,0.1,-0.0,18.89444442,30.85,30.53333333333333,30.95,30.716666666666665,30.2,-18.312370396666665,0.1314815366666657,-0.0186666666666667,0.3766666666666667,0.2693333333333333,18.659876533333332,0.4008888888888905,4.922801,4.889915,4.9064765,4.9041514,4.8886266,0,0.0,0,1.0,-0.99,25.8,74.2
2023-01-22 23:15:00,167.711902438886,96.148931688888,96.169764205554,18.89444442,0.2693333333333333,30.2,2,5.1764362714980825,70.66250196097344,23,6,1,-0.2588190451025215,0.965925826289068,-0.7818314824680299,0.6234898018587334,0.4999999999999999,0.8660254037844387,0.0,0.0,0.0,3.75,7.6,100.0,88.75,-1.725,4.2885733,0.2,-0.05,18.59259258333333,30.816666666666663,30.85,30.53333333333333,30.95,30.65,-18.625111086666667,0.2240740233333333,-0.0886666666666666,0.358,0.248,18.70123455888889,0.3346666666666683,4.8886266,4.922801,4.889915,4.9064765,4.873688,0,0.0,0,1.0,-0.94,23.8,76.2
2023-01-22 23:30:00,191.496228711112,112.329673283334,112.352727927778,18.59259258333333,0.248,30.65,2,5.1764362714980825,70.66250196097344,23,6,1,-0.2588190451025215,0.965925826289068,-0.7818314824680299,0.6234898018587334,0.4999999999999999,0.8660254037844387,0.0,0.0,0.0,4.2,7.6,100.0,89.5,-1.65,4.309931,0.3,-0.1,18.70000001,30.2,30.816666666666663,30.85,30.53333333333333,30.6,-18.34459258333333,-0.3018518366666676,-0.0213333333333332,0.2693333333333333,0.1433333333333333,18.7191358,0.2917777777777794,4.873688,4.8886266,4.922801,4.889915,4.896767,0,0.0,0,1.0,-1.01,26.6,73.4
2023-01-22 23:45:00,161.50853953332802,72.766811444444,72.787088466664,18.70000001,0.1433333333333333,30.6,2,5.1764362714980825,70.66250196097344,23,6,1,-0.2588190451025215,0.965925826289068,-0.7818314824680299,0.6234898018587334,0.4999999999999999,0.8660254037844387,0.0,0.0,0.0,4.65,7.6,100.0,90.25,-1.575,4.3310843,0.4,-0.15,18.727777776666663,30.65,30.2,30.816666666666663,30.85,30.216666666666665,-18.556666676666666,0.1074074266666684,-0.1046666666666666,0.248,0.1493333333333333,18.729012337777775,0.2202222222222238,4.896767,4.873688,4.8886266,4.922801,4.843376,0,0.0,0,1.0,-0.99,25.5,74.5
2023-01-23 00:00:00,120.26352268333,45.022643472222,45.036254044444,18.727777776666663,0.1493333333333333,30.216666666666665,1,5.1764362714980825,70.66250196097344,0,0,1,0.0,1.0,0.0,1.0,0.4999999999999999,0.8660254037844387,0.0,0.0,0.0,5.1,7.6,100.0,91.0,-1.5,4.3520346,0.5,-0.2,18.58333337,30.6,30.65,30.2,30.816666666666663,30.5,-18.57844444333333,0.0277777666666629,0.006,0.1433333333333333,0.204,18.67345679,0.1802222222222238,4.843376,4.896767,4.873688,4.8886266,4.8471794,0,0.0,1,1.0,-0.98,25.4,74.6
2023-01-23 00:15:00,445.954938938886,146.865514027778,146.891624133332,18.58333337,0.204,30.5,2,5.1764362714980825,70.66250196097344,0,0,1,0.0,1.0,0.0,1.0,0.4999999999999999,0.8660254037844387,0.0,0.0,0.0,5.4,8.3,100.0,92.0,-1.45,4.3771343,0.525,-0.275,18.835185173333333,30.216666666666665,30.6,30.65,30.2,30.316666666666663,-18.37933337,-0.1444444066666648,0.0546666666666666,0.1493333333333333,0.2733333333333334,18.67037038555556,0.1655555555555572,4.8471794,4.843376,4.896767,4.873688,4.8903613,0,0.0,1,1.0,-1.01,26.7,73.3
2023-01-23 00:30:00,199.185087844444,19.396446294446,19.409501305558,18.835185173333333,0.2733333333333334,30.316666666666663,1,5.1764362714980825,70.66250196097344,0,0,1,0.0,1.0,0.0,1.0,0.4999999999999999,0.8660254037844387,0.0,0.0,0.0,5.699999999999999,9.0,100.0,93.0,-1.4,4.4018435,0.55,-0.35,18.65000003,30.5,30.216666666666665,30.6,30.65,30.35,-18.56185184,0.2518518033333343,0.0693333333333333,0.204,0.2446666666666667,18.715432106666665,0.2088888888888905,4.8903613,4.8471794,4.843376,4.896767,4.842414,0,0.0,1,1.0,-0.96,24.3,75.7
2023-01-23 00:45:00,159.917769833328,87.19762308888801,87.220677749998,18.65000003,0.2446666666666667,30.35,2,5.1764362714980825,70.66250196097344,0,0,1,0.0,1.0,0.0,1.0,0.4999999999999999,0.8660254037844387,0.0,0.0,0.0,6.0,9.7,100.0,94.0,-1.35,4.426166,0.575,-0.425,18.56481483,30.316666666666663,30.5,30.216666666666665,30.6,30.5,-18.40533336333333,-0.1851851433333315,-0.0286666666666666,0.2733333333333334,0.2006666666666667,18.68950619111111,0.2406666666666683,4.842414,4.8903613,4.8471794,4.843376,4.841867,0,0.0,1,1.0,-1.0,26.1,73.9
2023-01-23 01:00:00,220.100362366664,150.270377844444,150.300098872222,18.56481483,0.2006666666666667,30.5,2,5.1764362714980825,70.66250196097344,1,0,1,0.2588190451025207,0.9659258262890684,0.0,1.0,0.4999999999999999,0.8660254037844387,0.0,0.0,0.0,6.3,10.4,100.0,95.0,-1.3,4.4501047,0.6,-0.5,18.72222225,30.35,30.316666666666663,30.5,30.216666666666665,30.2,-18.364148163333333,-0.0851852000000015,-0.044,0.2446666666666667,0.2693333333333333,18.68333334444445,0.2395555555555572,4.841867,4.842414,4.8903613,4.8471794,4.839114,0,0.0,0,1.0,-1.02,26.9,73.1
2023-01-23 01:15:00,159.099191411108,99.711289188888,99.73628822222,18.72222225,0.2693333333333333,30.2,2,5.1764362714980825,70.66250196097344,1,0,1,0.2588190451025207,0.9659258262890684,0.0,1.0,0.4999999999999999,0.8660254037844387,0.0,0.0,0.0,6.075,10.6,100.0,95.25,-1.3,4.4464016,0.525,-0.55,18.61111115,30.5,30.35,30.316666666666663,30.5,30.466666666666665,-18.45288891666667,0.1574074200000019,0.0686666666666666,0.2006666666666667,0.3073333333333333,18.645679036666667,0.2382222222222239,4.839114,4.841867,4.842414,4.8903613,4.849852,0,0.0,0,1.0,-0.98,25.4,74.6
2023-01-23 01:30:00,211.9631878,148.057133044444,148.087687455552,18.61111115,0.3073333333333333,30.466666666666665,2,5.1764362714980825,70.66250196097344,1,0,1,0.2588190451025207,0.9659258262890684,0.0,1.0,0.4999999999999999,0.8660254037844387,0.0,0.0,0.0,5.85,10.8,100.0,95.5,-1.3,4.4426646,0.4499999999999999,-0.6,18.87777779,30.2,30.5,30.35,30.316666666666663,30.15,-18.303777816666667,-0.1111111000000022,0.038,0.2693333333333333,0.3106666666666667,18.632716076666668,0.2591111111111128,4.849852,4.839114,4.841867,4.842414,4.8757296,0,0.0,0,1.0,-1.01,26.4,73.6
2023-01-23 01:45:00,76.404721538886,23.1415743,23.158795877776,18.87777779,0.3106666666666667,30.15,1,5.1764362714980825,70.66250196097344,1,0,1,0.2588190451025207,0.9659258262890684,0.0,1.0,0.4999999999999999,0.8660254037844387,0.0,0.0,0.0,5.625,11.0,100.0,95.75,-1.3,4.4388933,0.375,-0.6499999999999999,18.71111114,30.466666666666665,30.2,30.5,30.35,30.183333333333334,-18.567111123333333,0.2666666400000004,0.0033333333333333,0.3073333333333333,0.2393333333333333,18.737037063333336,0.2957777777777794,4.8757296,4.849852,4.839114,4.841867,4.8332644,0,0.0,1,1.0,-0.95,24.0,76.0
2023-01-23 02:00:00,143.928687138886,84.279406455556,84.304127716666,18.71111114,0.2393333333333333,30.183333333333334,2,5.1764362714980825,70.66250196097344,2,0,1,0.4999999999999999,0.8660254037844387,0.0,1.0,0.4999999999999999,0.8660254037844387,0.0,0.0,0.0,5.4,11.2,100.0,96.0,-1.3,4.4350886,0.3,-0.7,18.69444444,30.15,30.466666666666665,30.2,30.5,30.45,-18.471777806666665,-0.1666666499999998,-0.0713333333333333,0.3106666666666667,0.1606666666666666,18.73333336,0.2857777777777794,4.8332644,4.8757296,4.849852,4.839114,4.871163,0,0.0,1,1.0,-0.99,25.5,74.5
2023-01-23 02:15:00,184.953434933332,109.095080455556,109.120357277776,18.69444444,0.1606666666666666,30.45,2,5.1764362714980825,70.66250196097344,2,0,1,0.4999999999999999,0.8660254037844387,0.0,1.0,0.4999999999999999,0.8660254037844387,0.0,0.0,0.0,5.75,11.55,100.0,96.25,-1.3,4.431251,0.3,-0.75,18.827777763333334,30.183333333333334,30.15,30.466666666666665,30.2,30.03333333333333,-18.53377777333333,-0.0166667000000018,-0.0786666666666666,0.2393333333333333,0.1933333333333333,18.761111123333333,0.2368888888888905,4.871163,4.8332644,4.8757296,4.849852,4.842535,0,0.0,0,1.0,-0.99,25.6,74.4
2023-01-23 02:30:00,84.41773423889,21.179986066668,21.196929855556,18.827777763333334,0.1933333333333333,30.03333333333333,1,5.1764362714980825,70.66250196097344,2,0,1,0.4999999999999999,0.8660254037844387,0.0,1.0,0.4999999999999999,0.8660254037844387,0.0,0.0,0.0,6.1,11.9,100.0,96.5,-1.3,4.4273796,0.3,-0.8,18.555555570000003,30.45,30.183333333333334,30.15,30.466666666666665,30.35,-18.63444443,0.1333333233333355,0.0326666666666666,0.1606666666666666,0.1026666666666666,18.744444447777777,0.1977777777777794,4.842535,4.871163,4.8332644,4.8757296,4.815413,0,0.0,1,1.0,-0.96,24.5,75.5
2023-01-23 02:45:00,163.751227422224,111.2505498,111.276659888888,18.555555570000003,0.1026666666666666,30.35,2,5.1764362714980825,70.66250196097344,2,0,1,0.4999999999999999,0.8660254037844387,0.0,1.0,0.4999999999999999,0.8660254037844387,0.0,0.0,0.0,6.45,12.25,100.0,96.75,-1.3,4.423476,0.3,-0.85,18.633333366666665,30.03333333333333,30.45,30.183333333333334,30.15,30.5,-18.45288890333333,-0.2722221933333308,-0.0906666666666666,0.1933333333333333,0.1866666666666666,18.69259259111111,0.1522222222222239,4.815413,4.842535,4.871163,4.8332644,4.861549,0,0.0,1,1.0,-1.02,27.0,73.0
2023-01-23 03:00:00,199.749787588884,143.453706105554,143.48287162222,18.633333366666665,0.1866666666666666,30.5,2,5.1764362714980825,70.66250196097344,3,0,1,0.7071067811865476,0.7071067811865476,0.0,1.0,0.4999999999999999,0.8660254037844387,0.0,0.0,0.0,6.8,12.6,100.0,97.0,-1.3,4.41954,0.3,-0.9,18.72222222,30.35,30.03333333333333,30.45,30.183333333333334,30.2,-18.4466667,0.0777777966666626,0.084,0.1026666666666666,0.1633333333333333,18.672222233333333,0.1608888888888905,4.861549,4.815413,4.842535,4.871163,4.839114,0,0.0,0,1.0,-1.0,26.2,73.8
2023-01-23 03:15:00,173.83499073889,108.371220511112,108.396219527778,18.72222222,0.1633333333333333,30.2,2,5.1764362714980825,70.66250196097344,3,0,1,0.7071067811865476,0.7071067811865476,0.0,1.0,0.4999999999999999,0.8660254037844387,0.0,0.0,0.0,6.375,12.7,100.0,97.0,-1.325,4.411875,0.325,-0.925,18.66851853,30.5,30.35,30.03333333333333,30.45,30.28333333333333,-18.558888886666665,0.0888888533333336,-0.0233333333333333,0.1866666666666666,0.15,18.637037052222222,0.1508888888888905,4.839114,4.861549,4.815413,4.842535,4.8370743,0,0.0,0,1.0,-0.98,25.4,74.6
2023-01-23 03:30:00,176.489606783334,108.324000183334,108.350388044444,18.66851853,0.15,30.28333333333333,2,5.1764362714980825,70.66250196097344,3,0,1,0.7071067811865476,0.7071067811865476,0.0,1.0,0.4999999999999999,0.8660254037844387,0.0,0.0,0.0,5.949999999999999,12.8,100.0,97.0,-1.35,4.404221,0.35,-0.95,18.80555553,30.2,30.5,30.35,30.03333333333333,29.7,-18.51851853,-0.0537036900000025,-0.0133333333333333,0.1633333333333333,0.0633333333333333,18.674691372222224,0.1666666666666683,4.8370743,4.839114,4.861549,4.815413,4.7825036,0,0.0,0,1.0,-1.0,25.9,74.1
2023-01-23 03:45:00,85.21520233889,23.877655972222,23.895155305554,18.80555553,0.0633333333333333,29.7,1,5.1764362714980825,70.66250196097344,3,0,1,0.7071067811865476,0.7071067811865476,0.0,1.0,0.4999999999999999,0.8660254037844387,0.0,0.0,0.0,5.525,12.9,100.0,97.0,-1.375,4.396579,0.375,-0.975,18.59444446333333,30.28333333333333,30.2,30.5,30.35,29.966666666666665,-18.742222196666667,0.1370370000000029,-0.0866666666666666,0.15,-0.0826666666666666,18.73209876,0.1255555555555572,4.7825036,4.8370743,4.839114,4.861549,4.765554,0,0.0,1,1.0,-0.97,24.7,75.3
2023-01-23 04:00:00,205.225957349998,140.6793726,140.707149288888,18.59444446333333,-0.0826666666666666,29.966666666666665,2,5.1764362714980825,70.66250196097344,4,0,1,0.8660254037844386,0.5000000000000001,0.0,1.0,0.4999999999999999,0.8660254037844387,0.0,0.0,0.0,5.1,13.0,100.0,97.0,-1.4,4.3889475,0.4,-1.0,18.87222222,29.7,30.28333333333333,30.2,30.5,29.95,-18.67711113,-0.2111110666666675,-0.146,0.0633333333333333,-0.0953333333333333,18.689506174444443,0.0435555555555572,4.765554,4.7825036,4.8370743,4.839114,4.841798,0,0.0,1,1.0,-1.01,26.7,73.3
2023-01-23 04:15:00,104.331382227774,52.0195858,52.040973911108,18.87222222,-0.0953333333333333,29.95,1,5.1764362714980825,70.66250196097344,4,0,1,0.8660254037844386,0.5000000000000001,0.0,1.0,0.4999999999999999,0.8660254037844387,0.0,0.0,0.0,5.125,12.1,100.0,97.25,-1.4,4.3926196,0.425,-1.025,18.794444446666667,29.966666666666665,29.7,30.28333333333333,30.2,29.716666666666665,-18.967555553333334,0.2777777566666692,-0.0126666666666666,-0.0826666666666666,-0.016,18.757407404444447,-0.0382222222222205,4.841798,4.765554,4.7825036,4.8370743,4.7820463,0,0.0,1,1.0,-0.95,24.1,75.9
2023-01-23 04:30:00,117.106426655556,63.946886472222005,63.967163427778,18.794444446666667,-0.016,29.716666666666665,1,5.1764362714980825,70.66250196097344,4,0,1,0.8660254037844386,0.5000000000000001,0.0,1.0,0.4999999999999999,0.8660254037844387,0.0,0.0,0.0,5.15,11.2,100.0,97.5,-1.4,4.3962655,0.45,-1.05,18.62777777,29.95,29.966666666666665,29.7,30.28333333333333,30.0,-18.810444446666665,-0.0777777733333344,0.0793333333333333,-0.0953333333333333,0.008,18.75370371,-0.064666666666665,4.7820463,4.841798,4.765554,4.7825036,4.780278,0,0.0,0,1.0,-0.97,24.8,75.2
2023-01-23 04:45:00,226.370667077776,150.46231459999998,150.491480116666,18.62777777,0.008,30.0,2,5.1764362714980825,70.66250196097344,4,0,1,0.8660254037844386,0.5000000000000001,0.0,1.0,0.4999999999999999,0.8660254037844387,0.0,0.0,0.0,5.175,10.3,100.0,97.75,-1.4,4.399884,0.475,-1.0750000000000002,18.787037036666668,29.716666666666665,29.95,29.966666666666665,29.7,29.816666666666663,-18.61977777,-0.1666666766666651,0.024,-0.016,-0.016,18.764814812222223,-0.0344444444444427,4.780278,4.7820463,4.841798,4.765554,4.7960362,0,0.0,1,1.0,-1.01,26.4,73.6
2023-01-23 05:00:00,179.058670716666,107.972625355556,107.997624372222,18.787037036666668,-0.016,29.816666666666663,2,5.1764362714980825,70.66250196097344,5,0,1,0.9659258262890684,0.2588190451025207,0.0,1.0,0.4999999999999999,0.8660254037844387,0.0,0.0,0.0,5.2,9.4,100.0,98.0,-1.4,4.403474,0.5,-1.1,18.68333332,30.0,29.716666666666665,29.95,29.966666666666665,29.85,-18.803037036666662,0.1592592666666661,-0.024,0.008,-0.0893333333333333,18.73641975111111,-0.0079999999999983,4.7960362,4.780278,4.7820463,4.841798,4.772041,0,0.0,0,1.0,-0.97,24.9,75.1
2023-01-23 05:15:00,168.168550788888,114.7095781,114.737077033332,18.68333332,-0.0893333333333333,29.85,2,5.1764362714980825,70.66250196097344,5,0,1,0.9659258262890684,0.2588190451025207,0.0,1.0,0.4999999999999999,0.8660254037844387,0.0,0.0,0.0,5.575,11.1,100.0,98.25,-1.4,4.4070373,0.55,-1.125,18.78518520333333,29.816666666666663,30.0,29.716666666666665,29.95,29.816666666666663,-18.77266665333333,-0.1037037166666685,-0.0733333333333333,-0.016,-0.08,18.69938270888889,-0.0324444444444427,4.772041,4.7960362,4.780278,4.7820463,4.7955117,0,0.0,0,1.0,-0.99,25.9,74.1
2023-01-23 05:30:00,144.441999955552,86.405154772222,86.429042749998,18.78518520333333,-0.08,29.816666666666663,2,5.1764362714980825,70.66250196097344,5,0,1,0.9659258262890684,0.2588190451025207,0.0,1.0,0.4999999999999999,0.8660254037844387,0.0,0.0,0.0,5.95,12.8,100.0,98.5,-1.4,4.4105725,0.6,-1.15,18.86111109,29.85,29.816666666666663,30.0,29.716666666666665,29.55,-18.865185203333333,0.1018518833333352,0.0093333333333333,-0.0893333333333333,-0.0166666666666666,18.75185185333333,-0.0617777777777761,4.7955117,4.772041,4.7960362,4.780278,4.7739973,0,0.0,0,1.0,-0.97,24.9,75.1
2023-01-23 05:45:00,97.864696355556,38.882333527778,38.900388388888,18.86111109,-0.0166666666666666,29.55,1,5.1764362714980825,70.66250196097344,5,0,1,0.9659258262890684,0.2588190451025207,0.0,1.0,0.4999999999999999,0.8660254037844387,0.0,0.0,0.0,6.325,14.5,100.0,98.75,-1.4,4.414081,0.6499999999999999,-1.175,18.666666650000003,29.816666666666663,29.85,29.816666666666663,30.0,29.966666666666665,-18.877777756666667,0.075925886666667,0.0633333333333333,-0.08,0.1053333333333333,18.776543204444447,-0.0619999999999983,4.7739973,4.7955117,4.772041,4.7960362,4.78597,0,0.0,1,1.0,-0.95,24.3,75.7
2023-01-23 06:00:00,201.901368088888,149.612348583334,149.643458488888,18.666666650000003,0.1053333333333333,29.966666666666665,2,5.1764362714980825,70.66250196097344,6,0,1,1.0,6.123233995736766e-17,0.0,1.0,0.4999999999999999,0.8660254037844387,0.0,0.0,0.0,6.7,16.2,100.0,99.0,-1.4,4.4175615,0.7,-1.2,18.86666663,29.55,29.816666666666663,29.85,29.816666666666663,29.65,-18.56133331666667,-0.194444439999998,0.122,-0.0166666666666666,0.0386666666666666,18.770987647777783,0.0028888888888905,4.78597,4.7739973,4.7955117,4.772041,4.7917256,0,0.0,1,1.0,-1.0,26.0,74.0
2023-01-23 06:15:00,101.13650996111,36.0168926,36.03550302222,18.86666663,0.0386666666666666,29.65,1,5.1764362714980825,70.66250196097344,6,0,1,1.0,6.123233995736766e-17,0.0,1.0,0.4999999999999999,0.8660254037844387,0.0,0.0,0.0,6.925,16.1,100.0,99.0,-1.4,4.4175615,0.6749999999999999,-1.2,18.73888888333333,29.966666666666665,29.55,29.816666666666663,29.85,29.683333333333334,-18.827999963333333,0.1999999799999976,-0.0666666666666666,0.1053333333333333,0.036,18.798148123333338,0.0424444444444461,4.7917256,4.78597,4.7739973,4.7955117,4.761017,0,0.0,1,1.0,-0.95,24.2,75.8
2023-01-23 06:30:00,155.297399038886,76.6019358,76.623879388888,18.73888888333333,0.036,29.683333333333334,2,5.1764362714980825,70.66250196097344,6,0,1,1.0,6.123233995736766e-17,0.0,1.0,0.4999999999999999,0.8660254037844387,0.0,0.0,0.0,7.15,16.0,100.0,99.0,-1.4,4.4175615,0.6499999999999999,-1.2,18.61666667,29.65,29.966666666666665,29.55,29.816666666666663,30.0,-18.702888883333333,-0.1277777466666663,-0.0026666666666666,0.0386666666666666,0.056,18.75740738777778,0.0600000000000016,4.761017,4.7917256,4.78597,4.7739973,4.7771363,0,0.0,1,1.0,-0.98,25.4,74.6
2023-01-23 06:45:00,490.091784477776,146.843848227778,146.875235872222,18.61666667,0.056,30.0,2,5.1764362714980825,70.66250196097344,6,0,1,1.0,6.123233995736766e-17,0.0,1.0,0.4999999999999999,0.8660254037844387,0.0,0.0,0.0,7.375,15.9,100.0,99.0,-1.4,4.4175615,0.625,-1.2,18.77777775,29.683333333333334,29.65,29.966666666666665,29.55,29.816666666666663,-18.56066667,-0.1222222133333374,0.0199999999999999,0.036,0.1346666666666666,18.74074072777778,0.0435555555555572,4.7771363,4.761017,4.7917256,4.78597,4.7934127,0,0.0,0,1.0,-1.01,26.5,73.5
2023-01-23 07:00:00,227.880051216662,105.827711155556,105.854099033332,18.77777775,0.1346666666666666,29.816666666666663,2,5.1764362714980825,70.66250196097344,7,0,1,0.9659258262890684,-0.2588190451025206,0.0,1.0,0.4999999999999999,0.8660254037844387,0.0,0.0,0.0,7.6,15.8,100.0,99.0,-1.4,4.4175615,0.6,-1.2,18.70000001,30.0,29.683333333333334,29.65,29.966666666666665,29.8,-18.64311108333333,0.1611110800000013,0.0786666666666666,0.056,0.3,18.71111110111111,0.0755555555555572,4.7934127,4.7771363,4.761017,4.7917256,4.768747,0,0.0,0,1.0,-0.97,25.0,75.0
2023-01-23 07:15:00,173.65805331667,111.139998655556,111.166108777776,18.70000001,0.3,29.8,2,5.1764362714980825,70.66250196097344,7,0,1,0.9659258262890684,-0.2588190451025206,0.0,1.0,0.4999999999999999,0.8660254037844387,0.0,0.0,0.0,7.675,15.8,100.0,98.75,-1.4249999999999998,4.3987446,0.5,-1.225,18.761111106666664,29.816666666666663,30.0,29.683333333333334,29.65,29.53333333333333,-18.40000001,-0.0777777399999983,0.1653333333333333,0.1346666666666666,0.3246666666666666,18.69814814333333,0.1635555555555572,4.768747,4.7934127,4.7771363,4.761017,4.7431855,0,0.0,0,1.0,-0.99,25.7,74.3
2023-01-23 07:30:00,75.315598355556,21.4358092,21.453308533332,18.761111106666664,0.3246666666666666,29.53333333333333,1,5.1764362714980825,70.66250196097344,7,0,1,0.9659258262890684,-0.2588190451025206,0.0,1.0,0.4999999999999999,0.8660254037844387,0.0,0.0,0.0,7.75,15.8,100.0,98.5,-1.45,4.3799767,0.4,-1.25,18.61111115,29.8,29.816666666666663,30.0,29.683333333333334,29.85,-18.43644444,0.0611110966666643,0.0246666666666666,0.3,0.3433333333333334,18.74629628888889,0.2531111111111128,4.7431855,4.768747,4.7934127,4.7771363,4.751687,0,0.0,1,1.0,-0.98,25.2,74.8
2023-01-23 07:45:00,187.734712544444,127.612117544444,127.641560849998,18.61111115,0.3433333333333334,29.85,2,5.1764362714980825,70.66250196097344,7,0,1,0.9659258262890684,-0.2588190451025206,0.0,1.0,0.4999999999999999,0.8660254037844387,0.0,0.0,0.0,7.825,15.8,100.0,98.25,-1.475,4.3612604,0.3,-1.275,18.84444446,29.53333333333333,29.8,29.816666666666663,30.0,29.816666666666663,-18.267777816666666,-0.1499999566666652,0.0186666666666667,0.3246666666666666,0.2553333333333333,18.69074075555556,0.3226666666666683,4.751687,4.7431855,4.768747,4.7934127,4.8123374,0,0.0,1,1.0,-1.01,26.6,73.4
2023-01-23 08:00:00,119.612715349998,45.0006999,45.021532466664,18.84444446,0.2553333333333333,29.816666666666663,1,5.1764362714980825,70.66250196097344,8,0,1,0.8660254037844387,-0.4999999999999998,0.0,1.0,0.4999999999999999,0.8660254037844387,0.0,0.0,0.0,7.9,15.8,100.0,98.0,-1.5,4.3425937,0.2,-1.3,18.78888888,29.85,29.53333333333333,29.8,29.816666666666663,29.55,-18.589111126666666,0.233333309999999,-0.088,0.3433333333333334,0.1793333333333333,18.738888905555555,0.3077777777777795,4.8123374,4.751687,4.7431855,4.768747,4.7536635,0,0.0,1,1.0,-0.96,24.4,75.6
2023-01-23 08:15:00,120.719893244444,54.469765572222,54.490598088888,18.78888888,0.1793333333333333,29.55,1,5.1764362714980825,70.66250196097344,8,0,1,0.8660254037844387,-0.4999999999999998,0.0,1.0,0.4999999999999999,0.8660254037844387,0.75,0.1875,0.0625,8.9,17.8,100.0,97.5,-1.525,4.3430643,0.25,-1.225,18.627777793333333,29.816666666666663,29.85,29.53333333333333,29.8,29.966666666666665,-18.609555546666662,-0.05555558,-0.076,0.2553333333333333,0.1833333333333333,18.748148163333337,0.259333333333335,4.7536635,4.8123374,4.751687,4.7431855,4.7749667,0,0.0,0,1.0,-0.97,24.9,75.1
2023-01-23 08:30:00,202.399959244444,150.180659183334,150.212046827778,18.627777793333333,0.1833333333333333,29.966666666666665,2,5.1764362714980825,70.66250196097344,8,0,1,0.8660254037844387,-0.4999999999999998,0.0,1.0,0.4999999999999999,0.8660254037844387,1.5,0.5625,0.1875,9.9,19.8,100.0,97.0,-1.55,4.3434067,0.3,-1.15,18.89444444,29.55,29.816666666666663,29.85,29.53333333333333,29.65,-18.44444446,-0.1611110866666649,0.004,0.1793333333333333,0.114,18.75370371111111,0.2060000000000016,4.7749667,4.7536635,4.8123374,4.751687,4.7995954,0,0.0,1,1.0,-1.01,26.4,73.6
2023-01-23 08:45:00,69.679157288884,14.652469444444,14.671357655552,18.89444444,0.114,29.65,1,5.1764362714980825,70.66250196097344,8,0,1,0.8660254037844387,-0.4999999999999998,0.0,1.0,0.4999999999999999,0.8660254037844387,2.25,1.125,0.375,10.9,21.8,100.0,96.5,-1.5750000000000002,4.3436193,0.35,-1.075,18.73148149,29.966666666666665,29.55,29.816666666666663,29.85,29.683333333333334,-18.78044444,0.266666646666664,-0.0693333333333333,0.1833333333333333,0.1266666666666666,18.770370371111117,0.1588888888888905,4.7995954,4.7749667,4.7536635,4.8123374,4.7589316,0,0.0,1,1.0,-0.95,23.9,76.1
2023-01-23 09:00:00,161.962965672222,99.918780872222,99.94489096111,18.73148149,0.1266666666666666,29.683333333333334,2,5.1764362714980825,70.66250196097344,9,0,1,0.7071067811865476,-0.7071067811865475,0.0,1.0,0.4999999999999999,0.8660254037844387,3.0,1.875,0.625,11.9,23.8,100.0,96.0,-1.6,4.343701,0.4,-1.0,18.70555554,29.65,29.966666666666665,29.55,29.816666666666663,30.0,-18.60481482333333,-0.1629629499999971,0.0126666666666666,0.114,0.0426666666666666,18.75123457444444,0.141333333333335,4.7589316,4.7995954,4.7749667,4.7536635,4.8023305,0,0.0,1,1.0,-0.98,25.4,74.6
2023-01-23 09:15:00,199.519796672222,141.453230527778,141.4835071,18.70555554,0.0426666666666666,30.0,2,5.1764362714980825,70.66250196097344,9,0,1,0.7071067811865476,-0.7071067811865475,0.0,1.0,0.4999999999999999,0.8660254037844387,17.0,5.9375,2.0416666666666665,12.075,24.6,100.0,94.5,-1.65,4.328108,0.325,-0.825,18.796296313333336,29.683333333333334,29.65,29.966666666666665,29.55,30.0,-18.662888873333333,-0.0259259500000013,-0.084,0.1266666666666666,0.0753333333333333,18.77716049,0.0944444444444461,4.8023305,4.7589316,4.7995954,4.7749667,4.828169,0,0.0,0,1.0,-0.99,25.6,74.4
2023-01-23 09:30:00,171.70590940555,103.812236244444,103.839457388888,18.796296313333336,0.0753333333333333,30.0,2,5.1764362714980825,70.66250196097344,9,0,1,0.7071067811865476,-0.7071067811865475,0.0,1.0,0.4999999999999999,0.8660254037844387,31.0,13.3125,4.625,12.25,25.4,100.0,93.0,-1.7000000000000002,4.3114057,0.25,-0.65,18.67222223,30.0,29.683333333333334,29.65,29.966666666666665,29.95,-18.720962980000003,0.0907407733333371,0.0326666666666666,0.0426666666666666,-0.16,18.74444444777778,0.0815555555555572,4.828169,4.8023305,4.7589316,4.7995954,4.784881,0,0.0,0,1.0,-0.97,24.8,75.2
2023-01-23 09:45:00,228.857512066664,154.846583688888,154.878526894442,18.67222223,-0.16,29.95,2,5.1764362714980825,70.66250196097344,9,0,1,0.7071067811865476,-0.7071067811865475,0.0,1.0,0.4999999999999999,0.8660254037844387,45.0,24.0,8.375,12.425,26.2,100.0,91.5,-1.75,4.2935743,0.175,-0.4750000000000001,19.005555580000003,30.0,30.0,29.683333333333334,29.65,29.35,-18.83222223,-0.1240740833333369,-0.2353333333333333,0.0753333333333333,-0.314,18.724691361111116,-0.0139999999999983,4.784881,4.828169,4.8023305,4.7589316,4.7823043,0,0.0,0,1.0,-1.0,26.0,74.0
2023-01-23 10:00:00,352.140636111108,0.0,0.0,19.005555580000003,-0.314,29.35,0,5.1764362714980825,70.66250196097344,10,0,1,0.4999999999999999,-0.8660254037844387,0.0,1.0,0.4999999999999999,0.8660254037844387,59.0,38.0,13.291666666666666,12.6,27.0,100.0,90.0,-1.8,4.274591,0.1,-0.3,18.77222224,29.95,30.0,30.0,29.683333333333334,29.85,-19.319555580000003,0.3333333500000037,-0.154,-0.16,-0.3766666666666667,18.824691374444445,-0.1328888888888872,4.7823043,4.784881,4.828169,4.8023305,4.797195,1,1.0,1,0.75,-0.92,23.0,77.0
2023-01-23 10:15:00,1155.146014744436,98.1552403,98.18051712222,18.77222224,-0.3766666666666667,29.85,2,5.1764362714980825,70.66250196097344,10,0,1,0.4999999999999999,-0.8660254037844387,0.0,1.0,0.4999999999999999,0.8660254037844387,70.75,51.4375,19.1875,13.0,27.9,100.0,89.25,-1.85,4.253633,0.075,-0.25,18.840740746666665,29.35,29.95,30.0,30.0,31.766666666666666,-19.148888906666667,-0.2333333400000015,-0.0626666666666667,-0.314,-0.3626666666666667,18.81666668333333,-0.2835555555555539,4.797195,4.7823043,4.784881,4.828169,5.1259418,0,1.0,1,0.75,-0.97,25.0,75.0
2023-01-23 10:30:00,229.810251788884,162.182401327778,162.21212237222198,18.840740746666665,-0.3626666666666667,31.766666666666666,2,5.1764362714980825,70.66250196097344,10,0,1,0.4999999999999999,-0.8660254037844387,0.0,1.0,0.4999999999999999,0.8660254037844387,82.5,64.3125,26.0625,13.4,28.8,100.0,88.5,-1.9,4.232473,0.05,-0.2,19.17222222,29.85,29.35,29.95,30.0,32.5,-19.20340741333333,0.0685185066666633,0.014,-0.3766666666666667,-0.3586666666666666,18.872839522222225,-0.3511111111111094,5.1259418,4.797195,4.7823043,4.784881,5.347876,0,1.0,0,0.75,-0.95,24.0,76.0
2023-01-23 10:45:00,174.58162770555,102.93616013889,102.961714733332,19.17222222,-0.3586666666666666,32.5,2,5.1764362714980825,70.66250196097344,10,0,1,0.4999999999999999,-0.8660254037844387,0.0,1.0,0.4999999999999999,0.8660254037844387,94.25,76.625,33.916666666666664,13.8,29.700000000000003,100.0,87.75,-1.95,4.211109,0.0249999999999999,-0.15,19.09999999,31.766666666666666,29.85,29.35,29.95,32.86666666666667,-19.530888886666663,0.3314814733333335,0.004,-0.3626666666666667,-0.3666666666666666,18.92839506888889,-0.3659999999999983,5.347876,5.1259418,4.797195,4.7823043,5.3852315,0,1.0,0,0.75,-0.87,20.9,79.1
2023-01-23 11:00:00,258.901032394446,0.0,0.0,19.09999999,-0.3666666666666666,32.86666666666667,0,5.1764362714980825,70.66250196097344,11,0,1,0.258819045102521,-0.9659258262890682,0.0,1.0,0.4999999999999999,0.8660254037844387,106.0,88.375,42.75,14.2,30.6,100.0,87.0,-2.0,4.1895413,0.0,-0.1,18.68888889,32.5,31.766666666666666,29.85,29.35,33.5,-19.466666656666668,-0.0722222299999977,-0.008,-0.3586666666666666,-0.536,19.037654318888887,-0.3626666666666649,5.3852315,5.347876,5.1259418,4.797195,5.357317,1,1.0,1,0.75,-0.88,21.4,78.6
2023-01-23 11:15:00,209.928546838894,56.723008755556,56.751063216666,18.68888889,-0.536,33.5,1,5.1764362714980825,70.66250196097344,11,0,1,0.258819045102521,-0.9659258262890682,0.0,1.0,0.4999999999999999,0.8660254037844387,110.25,98.25,51.875,14.7,32.05,100.0,86.75,-2.025,4.184711,0.0,-0.075,18.57962965,32.86666666666667,32.5,31.766666666666666,29.85,33.5,-19.22488889,-0.4111111000000029,-0.1693333333333334,-0.3666666666666666,-0.6173333333333333,18.987037033333333,-0.4204444444444428,5.357317,5.3852315,5.347876,5.1259418,5.322784,0,1.0,1,0.75,-0.97,25.0,75.0
2023-01-23 11:30:00,174.84661702222002,78.575745727778,78.596856016666,18.57962965,-0.6173333333333333,33.5,2,5.1764362714980825,70.66250196097344,11,0,1,0.258819045102521,-0.9659258262890682,0.0,1.0,0.4999999999999999,0.8660254037844387,114.5,106.25,61.29166666666666,15.2,33.5,100.0,86.5,-2.05,4.1798487,0.0,-0.05,18.55555558,33.5,32.86666666666667,32.5,31.766666666666666,33.15,-19.196962983333336,-0.1092592399999965,-0.0813333333333332,-0.536,-0.6953333333333334,18.789506176666663,-0.5066666666666649,5.322784,5.357317,5.3852315,5.347876,5.2596693,0,1.0,1,0.75,-1.0,26.1,73.9
2023-01-23 11:45:00,103.846401511112,23.808769827778,23.825435844444,18.55555558,-0.6953333333333334,33.15,1,5.1764362714980825,70.66250196097344,11,0,1,0.258819045102521,-0.9659258262890682,0.0,1.0,0.4999999999999999,0.8660254037844387,118.75,112.375,71.0,15.7,34.95,100.0,86.25,-2.075,4.1749563,0.0,-0.0249999999999999,18.420370363333333,33.5,33.5,32.86666666666667,32.5,33.0,-19.25088891333333,-0.024074070000001,-0.078,-0.6173333333333333,-0.8033333333333333,18.60802470666667,-0.6162222222222206,5.2596693,5.322784,5.357317,5.3852315,5.1940928,0,1.0,1,0.75,-1.01,26.4,73.6
2023-01-23 12:00:00,180.647218388884,124.602793472222,124.632236777776,18.420370363333333,-0.8033333333333333,33.0,2,5.1764362714980825,70.66250196097344,12,0,1,1.2246467991473532e-16,-1.0,0.0,1.0,0.4999999999999999,0.8660254037844387,123.0,116.625,81.0,16.2,36.4,100.0,86.0,-2.1,4.1700335,0.0,0.0,18.50555557,33.15,33.5,33.5,32.86666666666667,32.65,-19.223703696666668,-0.1351852166666667,-0.1079999999999999,-0.6953333333333334,-0.834,18.518518531111116,-0.7053333333333316,5.1940928,5.2596693,5.322784,5.357317,5.165016,0,0.0,1,1.0,-1.04,27.8,72.2
2023-01-23 12:15:00,164.323149211104,95.093973872222,95.117861816666,18.50555557,-0.834,32.65,2,5.1764362714980825,70.66250196097344,12,0,1,1.2246467991473532e-16,-1.0,0.0,1.0,0.4999999999999999,0.8660254037844387,132.5,122.1875,90.625,16.0,36.475,100.0,85.0,-2.2,4.1286497,0.025,0.025,18.44074075,33.0,33.15,33.5,33.5,32.5,-19.33955557,0.0851852066666687,-0.0306666666666666,-0.8033333333333333,-0.784,18.49382717111111,-0.7775555555555539,5.165016,5.1940928,5.2596693,5.322784,5.121576,0,0.0,0,1.0,-1.02,27.0,73.0
2023-01-23 12:30:00,329.992077655552,262.501443955556,262.54505336111004,18.44074075,-0.784,32.5,2,5.1764362714980825,70.66250196097344,12,0,1,1.2246467991473532e-16,-1.0,0.0,1.0,0.4999999999999999,0.8660254037844387,142.0,129.0625,99.875,15.8,36.55,100.0,84.0,-2.3,4.08711,0.05,0.05,18.78888886,32.65,33.0,33.15,33.5,31.75,-19.22474075,-0.0648148200000022,0.0499999999999999,-0.834,-0.67,18.45555556111111,-0.8071111111111096,5.121576,5.165016,5.1940928,5.2596693,5.107575,0,0.0,0,1.0,-1.04,27.7,72.3
2023-01-23 12:45:00,82.905572577776,21.3174806,21.336646549998,18.78888886,-0.67,31.75,1,5.1764362714980825,70.66250196097344,12,0,1,1.2246467991473532e-16,-1.0,0.0,1.0,0.4999999999999999,0.8660254037844387,151.5,137.25,108.75,15.6,36.625,100.0,83.0,-2.4,4.0454125,0.075,0.075,18.65555554,32.5,32.65,33.0,33.15,31.216666666666665,-19.45888886,0.3481481100000003,0.1139999999999999,-0.784,-0.7153333333333334,18.57839506,-0.7626666666666649,5.107575,5.121576,5.165016,5.1940928,4.9823303,0,0.0,1,1.0,-0.96,24.5,75.5
2023-01-23 13:00:00,138.028923072222,79.964856811112,79.988467,18.65555554,-0.7153333333333334,31.216666666666665,2,5.1764362714980825,70.66250196097344,13,0,1,-0.2588190451025208,-0.9659258262890684,0.0,1.0,0.4999999999999999,0.8660254037844387,161.0,146.75,117.25,15.4,36.7,100.0,82.0,-2.5,4.003558,0.1,0.1,18.60555555,31.75,32.5,32.65,33.0,31.45,-19.37088887333333,-0.1333333199999984,-0.0453333333333333,-0.67,-0.654,18.62839505,-0.7231111111111095,4.9823303,5.107575,5.121576,5.165016,5.004738,0,0.0,1,1.0,-0.99,25.8,74.2
2023-01-23 13:15:00,564.04243731667,152.599451311112,152.634172155556,18.60555555,-0.654,31.45,2,5.1764362714980825,70.66250196097344,13,0,1,-0.2588190451025208,-0.9659258262890684,0.0,1.0,0.4999999999999999,0.8660254037844387,164.25,154.6875,125.04166666666669,15.975,37.6,100.0,81.5,-2.6,3.979146,0.1,0.1,18.87037038,31.216666666666665,31.75,32.5,32.65,30.85,-19.25955555,-0.0499999899999998,0.0613333333333333,-0.7153333333333334,-0.5906666666666667,18.683333316666676,-0.6797777777777761,5.004738,4.9823303,5.107575,5.121576,4.986748,0,0.0,0,1.0,-1.0,26.3,73.7
2023-01-23 13:30:00,81.927833938886,29.943524427778,29.965468049998,18.87037038,-0.5906666666666667,30.85,1,5.1764362714980825,70.66250196097344,13,0,1,-0.2588190451025208,-0.9659258262890684,0.0,1.0,0.4999999999999999,0.8660254037844387,167.5,161.0625,132.125,16.55,38.5,100.0,81.0,-2.7,3.954734,0.1,0.1,18.7277778,31.45,31.216666666666665,31.75,32.5,30.55,-19.461037046666668,0.2648148299999988,0.0633333333333333,-0.654,-0.4333333333333333,18.710493823333337,-0.6533333333333317,4.986748,5.004738,4.9823303,5.107575,4.896805,0,0.0,1,1.0,-0.95,23.9,76.1
2023-01-23 13:45:00,158.425885094438,95.375629272222,95.404239327774,18.7277778,-0.4333333333333333,30.55,2,5.1764362714980825,70.66250196097344,13,0,1,-0.2588190451025208,-0.9659258262890684,0.0,1.0,0.4999999999999999,0.8660254037844387,170.75,165.875,138.5,17.125,39.4,100.0,80.5,-2.8,3.930322,0.1,0.1,18.716666666666665,30.85,31.45,31.216666666666665,31.75,30.78333333333333,-19.161111133333332,-0.1425925799999987,0.1573333333333333,-0.5906666666666667,-0.4326666666666667,18.73456791,-0.5593333333333317,4.896805,4.986748,5.004738,4.9823303,4.9309635,0,0.0,1,1.0,-0.98,25.3,74.7
2023-01-23 14:00:00,249.571683366668,173.599166872222,173.634443244444,18.716666666666665,-0.4326666666666667,30.78333333333333,2,5.1764362714980825,70.66250196097344,14,0,1,-0.4999999999999997,-0.8660254037844388,0.0,1.0,0.4999999999999999,0.8660254037844387,174.0,169.125,144.16666666666666,17.7,40.3,100.0,80.0,-2.9,3.9059105,0.1,0.1,18.94444445,30.55,30.85,31.45,31.216666666666665,30.15,-19.14933333333333,-0.0111111333333369,0.0006666666666666,-0.4333333333333333,-0.4013333333333334,18.77160494888889,-0.4855555555555539,4.9309635,4.896805,4.986748,5.004738,4.894965,0,0.0,0,1.0,-0.98,25.3,74.7
2023-01-23 14:15:00,69.426111861106,0.0,0.0,18.94444445,-0.4013333333333334,30.15,0,5.1764362714980825,70.66250196097344,14,0,1,-0.4999999999999997,-0.8660254037844388,0.0,1.0,0.4999999999999999,0.8660254037844387,167.75,170.0,148.95833333333334,17.625,40.3,100.0,80.0,-2.95,3.892486,0.1,0.05,18.73148149,30.78333333333333,30.55,30.85,31.45,30.183333333333334,-19.34577778333333,0.2277777833333338,0.0313333333333333,-0.4326666666666667,-0.318,18.796296305555558,-0.4224444444444428,4.894965,4.9309635,4.896805,4.986748,4.839093,1,1.0,1,0.75,-0.93,23.4,76.6
2023-01-23 14:30:00,160.6885722,108.612877544444,108.643154149998,18.73148149,-0.318,30.183333333333334,2,5.1764362714980825,70.66250196097344,14,0,1,-0.4999999999999997,-0.8660254037844388,0.0,1.0,0.4999999999999999,0.8660254037844387,161.5,168.5,152.875,17.549999999999997,40.3,100.0,80.0,-3.0,3.879101,0.1,0.0,18.69999998,30.15,30.78333333333333,30.55,30.85,30.45,-19.04948149,-0.2129629599999987,0.0833333333333333,-0.4013333333333334,-0.2953333333333334,18.797530868888888,-0.3839999999999983,4.839093,4.894965,4.9309635,4.896805,4.8727636,0,1.0,1,0.75,-0.98,25.3,74.7
2023-01-23 14:45:00,203.75823817778,138.9436087,138.976385188888,18.69999998,-0.2953333333333334,30.45,2,5.1764362714980825,70.66250196097344,14,0,1,-0.4999999999999997,-0.8660254037844388,0.0,1.0,0.4999999999999999,0.8660254037844387,155.25,164.625,155.91666666666666,17.474999999999998,40.3,100.0,80.0,-3.05,3.8657563,0.1,-0.05,18.74444442,30.183333333333334,30.15,30.78333333333333,30.55,30.03333333333333,-18.99533331333333,-0.0314815100000025,0.0226666666666666,-0.318,-0.186,18.791975306666668,-0.3382222222222206,4.8727636,4.839093,4.894965,4.9309635,4.8187375,0,1.0,0,0.75,-0.99,25.6,74.4
2023-01-23 15:00:00,156.11653300555,103.524469972222,103.552524416666,18.74444442,-0.186,30.03333333333333,2,5.1764362714980825,70.66250196097344,15,0,1,-0.7071067811865471,-0.7071067811865479,0.0,1.0,0.4999999999999999,0.8660254037844387,149.0,158.375,158.08333333333334,17.4,40.3,100.0,80.0,-3.1,3.852452,0.1,-0.1,18.60000002,30.45,30.183333333333334,30.15,30.78333333333333,30.3,-18.93044442,0.0444444399999994,0.1093333333333334,-0.2953333333333334,-0.2733333333333334,18.72530863,-0.2664444444444427,4.8187375,4.8727636,4.839093,4.894965,4.820149,0,1.0,0,0.75,-0.98,25.2,74.8
2023-01-23 15:15:00,224.946279522224,163.491237888888,163.52651426111,18.60000002,-0.2733333333333334,30.3,2,5.1764362714980825,70.66250196097344,15,0,1,-0.7071067811865471,-0.7071067811865479,0.0,1.0,0.4999999999999999,0.8660254037844387,139.75,151.375,158.6875,17.45,40.025,100.0,80.0,-3.15,3.8391883,0.1,-0.15,18.95740738333333,30.03333333333333,30.45,30.183333333333334,30.15,29.85,-18.873333353333333,-0.1444443999999975,-0.0873333333333333,-0.186,-0.318,18.68148147333333,-0.2515555555555539,4.820149,4.8187375,4.8727636,4.839093,4.8499703,0,0.0,0,1.0,-1.01,26.6,73.4
2023-01-23 15:30:00,194.906647872222,118.1294413,118.159162344444,18.95740738333333,-0.318,29.85,2,5.1764362714980825,70.66250196097344,15,0,1,-0.7071067811865471,-0.7071067811865479,0.0,1.0,0.4999999999999999,0.8660254037844387,130.5,143.625,157.72916666666666,17.5,39.75,100.0,80.0,-3.2,3.8259642,0.1,-0.2,19.07222224,30.3,30.03333333333333,30.45,30.183333333333334,29.15,-19.27540738333333,0.3574073633333299,-0.0446666666666666,-0.2733333333333334,-0.362,18.76728394111111,-0.2591111111111094,4.8499703,4.820149,4.8187375,4.8727636,4.768434,0,0.0,0,1.0,-0.93,23.3,76.7
2023-01-23 15:45:00,89.504752983334,25.17538186111,25.197047694442,19.07222224,-0.362,29.15,1,5.1764362714980825,70.66250196097344,15,0,1,-0.7071067811865471,-0.7071067811865479,0.0,1.0,0.4999999999999999,0.8660254037844387,121.25,135.125,155.20833333333334,17.55,39.475,100.0,80.0,-3.25,3.8127801,0.1,-0.25,18.724074076666668,29.85,30.3,30.03333333333333,30.45,29.183333333333334,-19.43422224,0.1148148566666691,-0.044,-0.318,-0.244,18.87654321444444,-0.3177777777777761,4.768434,4.8499703,4.820149,4.8187375,4.6767197,0,0.0,1,1.0,-0.91,22.4,77.6
2023-01-23 16:00:00,184.895381738886,133.399663783334,133.430773672222,18.724074076666668,-0.244,29.183333333333334,2,5.1764362714980825,70.66250196097344,16,0,1,-0.8660254037844385,-0.5000000000000004,0.0,1.0,0.4999999999999999,0.8660254037844387,112.0,125.875,151.125,17.6,39.2,100.0,80.0,-3.3,3.7996364,0.1,-0.3,18.88888887,29.15,29.85,30.3,30.03333333333333,29.45,-18.968074076666667,-0.348148163333331,0.118,-0.362,-0.2213333333333333,18.917901233333332,-0.3079999999999983,4.6767197,4.768434,4.8499703,4.820149,4.765656,0,0.0,1,1.0,-0.99,25.6,74.4
2023-01-23 16:15:00,212.915094272218,157.7136912,157.746189883334,18.88888887,-0.2213333333333333,29.45,2,5.1764362714980825,70.66250196097344,16,0,1,-0.8660254037844385,-0.5000000000000004,0.0,1.0,0.4999999999999999,0.8660254037844387,95.75,114.875,145.41666666666666,16.950000000000003,39.650000000000006,100.0,80.0,-3.35,3.7930799,0.1,-0.325,19.122222206666667,29.183333333333334,29.15,29.85,30.3,28.85,-19.110222203333336,0.1648147933333348,0.0226666666666666,-0.244,-0.2226666666666666,18.89506172888889,-0.2757777777777761,4.765656,4.6767197,4.768434,4.8499703,4.733297,0,0.0,0,1.0,-0.95,24.0,76.0
2023-01-23 16:30:00,72.393770916662,10.088207555556,10.10487362222,19.122222206666667,-0.2226666666666666,28.85,1,5.1764362714980825,70.66250196097344,16,0,1,-0.8660254037844385,-0.5000000000000004,0.0,1.0,0.4999999999999999,0.8660254037844387,79.5,102.125,138.08333333333334,16.3,40.1,100.0,80.0,-3.4,3.7865322,0.1,-0.35,18.80555554,29.45,29.183333333333334,29.15,29.85,28.85,-19.34488887333333,0.2333333366666643,-0.0013333333333333,-0.2213333333333333,-0.3006666666666667,18.911728384444448,-0.2293333333333317,4.733297,4.765656,4.6767197,4.768434,4.6456304,0,0.0,1,1.0,-0.9,22.1,77.9
2023-01-23 16:45:00,172.053395538882,106.298525688888,106.326302411108,18.80555554,-0.3006666666666667,28.85,2,5.1764362714980825,70.66250196097344,16,0,1,-0.8660254037844385,-0.5000000000000004,0.0,1.0,0.4999999999999999,0.8660254037844387,63.25,87.625,129.125,15.65,40.55,100.0,80.0,-3.45,3.779995,0.1,-0.375,18.80370367333333,28.85,29.45,29.183333333333334,29.15,29.0,-19.10622220666667,-0.3166666666666664,-0.078,-0.2226666666666666,-0.232,18.938888872222226,-0.2482222222222205,4.6456304,4.733297,4.765656,4.6767197,4.669273,0,0.0,1,1.0,-0.97,24.9,75.1
2023-01-23 17:00:00,229.720533027778,170.2106913,170.244023349998,18.80370367333333,-0.232,29.0,2,5.1764362714980825,70.66250196097344,17,0,1,-0.9659258262890684,-0.2588190451025206,0.0,1.0,0.4999999999999999,0.8660254037844387,47.0,71.375,118.54166666666669,15.0,41.0,100.0,80.0,-3.5,3.7734675,0.1,-0.4,19.04444442,28.85,28.85,29.45,29.183333333333334,28.65,-19.03570367333333,-0.0018518666666658,0.0686666666666666,-0.3006666666666667,-0.1033333333333333,18.91049380666667,-0.2517777777777761,4.669273,4.6456304,4.733297,4.765656,4.6789703,0,0.0,0,1.0,-0.97,24.9,75.1
2023-01-23 17:15:00,177.268186872218,115.619263944444,115.646762877776,19.04444442,-0.1033333333333333,28.65,2,5.1764362714980825,70.66250196097344,17,0,1,-0.9659258262890684,-0.2588190451025206,0.0,1.0,0.4999999999999999,0.8660254037844387,39.25,57.25,107.83333333333331,14.425,38.675,100.0,80.75,-3.4,3.7956972,0.125,-0.45,18.87407404,29.0,28.85,28.85,29.45,28.683333333333334,-19.14777775333333,0.2407407466666633,0.1286666666666666,-0.232,0.012,18.88456787777778,-0.2119999999999983,4.6789703,4.669273,4.6456304,4.733297,4.6375318,0,0.0,0,1.0,-0.92,22.8,77.2
2023-01-23 17:30:00,174.179976905558,124.051148855556,124.078092244444,18.87407404,0.012,28.683333333333334,2,5.1764362714980825,70.66250196097344,17,0,1,-0.9659258262890684,-0.2588190451025206,0.0,1.0,0.4999999999999999,0.8660254037844387,31.5,45.25,97.0,13.85,36.35,100.0,81.5,-3.3,3.8177214,0.15,-0.5,18.90555552,28.65,29.0,28.85,28.85,28.6,-18.86207404,-0.1703703799999978,0.1153333333333333,-0.1033333333333333,0.032,18.90740737777778,-0.1077777777777761,4.6375318,4.6789703,4.669273,4.6456304,4.6326666,0,0.0,0,1.0,-0.96,24.3,75.7
2023-01-23 17:45:00,205.765657861114,150.905907955556,150.936740072222,18.90555552,0.032,28.6,2,5.1764362714980825,70.66250196097344,17,0,1,-0.9659258262890684,-0.2588190451025206,0.0,1.0,0.4999999999999999,0.8660254037844387,23.75,35.375,86.04166666666667,13.275,34.025,100.0,82.25,-3.2,3.8395438,0.175,-0.55,19.122222206666667,28.683333333333334,28.65,29.0,28.85,28.03333333333333,-18.87355552,0.03148148,0.02,0.012,-0.0333333333333333,18.94135799333333,-0.0197777777777761,4.6326666,4.6375318,4.6789703,4.669273,4.5993094,0,0.0,0,1.0,-0.95,24.0,76.0
2023-01-23 18:00:00,81.262860372226,0.0,0.0,19.122222206666667,-0.0333333333333333,28.03333333333333,0,5.1764362714980825,70.66250196097344,18,0,1,-1.0,-1.8369701987210294e-16,0.0,1.0,0.4999999999999999,0.8660254037844387,16.0,27.625,74.95833333333333,12.7,31.7,100.0,83.0,-3.1,3.861164,0.2,-0.6,18.80555554,28.6,28.683333333333334,28.65,29.0,28.4,-19.15555554,0.2166666866666666,-0.0653333333333333,0.032,-0.158,18.967283922222222,0.0035555555555572,4.5993094,4.6326666,4.6375318,4.6789703,4.5731683,1,1.0,1,0.75,-0.9,22.2,77.8
2023-01-23 18:15:00,187.96553657778,118.147773916666,118.181383705554,18.80555554,-0.158,28.4,2,5.1764362714980825,70.66250196097344,18,0,1,-1.0,-1.8369701987210294e-16,0.0,1.0,0.4999999999999999,0.8660254037844387,12.0,20.8125,64.3125,12.825,31.15,100.0,83.5,-3.1,3.8642929,0.2,-0.675,18.844444446666667,28.03333333333333,28.6,28.683333333333334,28.65,28.966666666666665,-18.96355554,-0.3166666666666664,-0.1246666666666666,-0.0333333333333333,-0.1306666666666666,18.944444422222222,-0.0531111111111094,4.5731683,4.5993094,4.6326666,4.6375318,4.67515,0,1.0,1,0.75,-0.97,25.0,75.0
2023-01-23 18:30:00,530.137960266668,150.707582572222,150.763691444444,18.844444446666667,-0.1306666666666666,28.966666666666665,2,5.1764362714980825,70.66250196097344,18,0,1,-1.0,-1.8369701987210294e-16,0.0,1.0,0.4999999999999999,0.8660254037844387,8.0,14.9375,54.10416666666666,12.95,30.6,100.0,84.0,-3.1,3.8672736,0.2,-0.75,19.1166667,28.4,28.03333333333333,28.6,28.683333333333334,30.6,-18.97511111333333,0.0388889066666671,0.0273333333333333,-0.158,-0.0833333333333333,18.924074064444444,-0.1073333333333316,4.67515,4.5731683,4.5993094,4.6326666,5.018767,0,1.0,0,0.75,-0.96,24.5,75.5
2023-01-23 18:45:00,751.470217772222,0.0,0.0,19.1166667,-0.0833333333333333,30.6,0,5.1764362714980825,70.66250196097344,18,0,1,-1.0,-1.8369701987210294e-16,0.0,1.0,0.4999999999999999,0.8660254037844387,4.0,10.0,44.333333333333336,13.075,30.05,100.0,84.5,-3.1,3.8701072,0.2,-0.825,18.92962964,28.966666666666665,28.4,28.03333333333333,28.6,32.86666666666667,-19.20000003333333,0.2722222533333323,0.0473333333333333,-0.1306666666666666,-0.104,18.922222228888888,-0.1239999999999983,5.018767,4.67515,4.5731683,4.5993094,5.3313613,1,2.0,1,0.5,-0.89,21.7,78.3
2023-01-23 19:00:00,116.774773255556,0.0,0.0,18.92962964,-0.104,32.86666666666667,0,5.1764362714980825,70.66250196097344,19,0,1,-0.9659258262890684,0.2588190451025203,0.0,1.0,0.4999999999999999,0.8660254037844387,0.0,6.0,35.0,13.2,29.5,100.0,85.0,-3.1,3.8727932,0.2,-0.9,18.60555559,30.6,28.966666666666665,28.4,28.03333333333333,32.6,-19.03362964,-0.1870370600000015,-0.0206666666666666,-0.0833333333333333,-0.1966666666666666,18.963580262222223,-0.1059999999999983,5.3313613,5.018767,4.67515,4.5731683,5.187741,0,2.0,0,0.5,-0.92,22.9,77.1
2023-01-23 19:15:00,83.569156966672,0.0,0.0,18.60555559,-0.1966666666666666,32.6,0,5.1764362714980825,70.66250196097344,19,0,1,-0.9659258262890684,0.2588190451025203,0.0,1.0,0.4999999999999999,0.8660254037844387,0.0,3.0,27.02083333333333,12.8,29.325,100.0,84.75,-3.25,3.828016,0.175,-1.025,18.33888889,32.86666666666667,30.6,28.966666666666665,28.4,32.03333333333333,-18.802222256666667,-0.3240740499999965,-0.0926666666666666,-0.104,-0.1766666666666667,18.88395064333333,-0.1279999999999983,5.187741,5.3313613,5.018767,4.67515,5.0176363,0,3.0,0,0.25,-1.0,26.0,74.0
2023-01-23 19:30:00,108.142063044444,49.853561327778,49.8721717,18.33888889,-0.1766666666666667,32.03333333333333,1,5.1764362714980825,70.66250196097344,19,0,1,-0.9659258262890684,0.2588190451025203,0.0,1.0,0.4999999999999999,0.8660254037844387,0.0,1.0,20.39583333333333,12.4,29.15,100.0,84.5,-3.4000000000000004,3.7836893,0.15,-1.15,18.32777775,32.6,32.86666666666667,30.6,28.966666666666665,32.0,-18.515555556666666,-0.2666667000000018,0.0199999999999999,-0.1966666666666666,-0.2,18.62469137333333,-0.1591111111111094,5.0176363,5.187741,5.3313613,5.018767,5.009112,0,3.0,1,0.25,-1.06,28.8,71.2
2023-01-23 19:45:00,229.23249708333,144.29728346111,144.343392799996,18.32777775,-0.2,32.0,2,5.1764362714980825,70.66250196097344,19,0,1,-0.9659258262890684,0.2588190451025203,0.0,1.0,0.4999999999999999,0.8660254037844387,0.0,0.0,15.125,12.0,28.975,100.0,84.25,-3.5500000000000003,3.7398083,0.125,-1.275,18.612962966666664,32.03333333333333,32.6,32.86666666666667,30.6,31.633333333333333,-18.52777775,-0.0111111400000005,-0.0233333333333333,-0.1766666666666667,-0.22,18.424074076666667,-0.1911111111111094,5.009112,5.0176363,5.187741,5.3313613,5.0361185,0,2.0,1,0.5,-1.06,28.9,71.1
2023-01-23 20:00:00,89.886959994442,21.4391424,21.466085788888,18.612962966666664,-0.22,31.633333333333333,1,5.1764362714980825,70.66250196097344,20,0,1,-0.8660254037844386,0.5000000000000001,0.0,1.0,0.4999999999999999,0.8660254037844387,0.0,0.0,11.208333333333334,11.6,28.8,100.0,84.0,-3.7,3.6963696,0.1,-1.4,18.52222221,32.0,32.03333333333333,32.6,32.86666666666667,31.0,-18.832962966666663,0.2851852166666653,-0.0199999999999999,-0.2,-0.1733333333333333,18.426543202222224,-0.1988888888888872,5.0361185,5.009112,5.0176363,5.187741,4.9088416,0,1.0,1,0.75,-1.0,26.2,73.8
2023-01-23 20:15:00,187.819709111112,116.073967988888,116.110633205554,18.52222221,-0.1733333333333333,31.0,2,5.1764362714980825,70.66250196097344,20,0,1,-0.8660254037844386,0.5000000000000001,0.0,1.0,0.4999999999999999,0.8660254037844387,0.0,0.0,7.9375,11.55,27.55,100.0,84.25,-3.725,3.6944647,0.1,-1.45,18.62962966,31.633333333333333,32.0,32.03333333333333,32.6,30.816666666666663,-18.69555554333333,-0.0907407566666655,0.0466666666666666,-0.22,-0.166,18.48765430888889,-0.1977777777777761,4.9088416,5.0361185,5.009112,5.0176363,4.910946,0,0.0,1,1.0,-1.03,27.2,72.8
2023-01-23 20:30:00,218.107108733332,122.203722772222,122.2426101,18.62962966,-0.166,30.816666666666663,2,5.1764362714980825,70.66250196097344,20,0,1,-0.8660254037844386,0.5000000000000001,0.0,1.0,0.4999999999999999,0.8660254037844387,0.0,0.0,5.3125,11.5,26.3,100.0,84.5,-3.75,3.6925237,0.1,-1.5,18.75000002,31.0,31.633333333333333,32.0,32.03333333333333,30.2,-18.79562966,0.1074074500000001,0.0073333333333333,-0.1733333333333333,-0.1073333333333333,18.588271612222226,-0.1864444444444427,4.910946,4.9088416,5.0361185,5.009112,4.847071,0,0.0,0,1.0,-1.0,26.2,73.8
2023-01-23 20:45:00,112.096349233336,25.538978416666,25.569532794442,18.75000002,-0.1073333333333333,30.2,1,5.1764362714980825,70.66250196097344,20,0,1,-0.8660254037844386,0.5000000000000001,0.0,1.0,0.4999999999999999,0.8660254037844387,0.0,0.0,3.333333333333333,11.45,25.05,100.0,84.75,-3.775,3.6905448,0.1,-1.55,18.538888906666667,30.816666666666663,31.0,31.633333333333333,32.0,30.466666666666665,-18.85733335333333,0.1203703600000025,0.0586666666666666,-0.166,-0.0866666666666666,18.63395063,-0.1488888888888872,4.847071,4.910946,4.9088416,5.0361185,4.829154,0,0.0,1,1.0,-0.98,25.2,74.8
2023-01-23 21:00:00,221.381422238886,146.9457886,146.989675777776,18.538888906666667,-0.0866666666666666,30.466666666666665,2,5.1764362714980825,70.66250196097344,21,0,1,-0.7071067811865477,0.7071067811865474,0.0,1.0,0.4999999999999999,0.8660254037844387,0.0,0.0,2.0,11.4,23.8,100.0,85.0,-3.8,3.6885302,0.1,-1.6,18.66666667,30.2,30.816666666666663,31.0,31.633333333333333,30.4,-18.625555573333333,-0.2111111133333345,0.0206666666666666,-0.1073333333333333,0.0573333333333333,18.63950619555556,-0.1199999999999983,4.829154,4.847071,4.910946,4.9088416,4.8551774,0,0.0,1,1.0,-1.02,27.1,72.9
2023-01-23 21:15:00,208.39138634444,128.8856777,128.927342716666,18.66666667,0.0573333333333333,30.4,2,5.1764362714980825,70.66250196097344,21,0,1,-0.7071067811865477,0.7071067811865474,0.0,1.0,0.4999999999999999,0.8660254037844387,0.0,0.0,1.0,11.7,24.5,100.0,84.75,-3.8,3.6905448,0.1,-1.55,18.58888889,30.466666666666665,30.2,30.816666666666663,31.0,29.933333333333334,-18.609333336666666,0.1277777633333308,0.144,-0.0866666666666666,0.182,18.65185186555556,-0.0455555555555538,4.8551774,4.829154,4.847071,4.910946,4.758687,0,0.0,0,1.0,-1.0,25.9,74.1
2023-01-23 21:30:00,191.973987366668,109.416178727778,109.4564549,18.58888889,0.182,29.933333333333334,2,5.1764362714980825,70.66250196097344,21,0,1,-0.7071067811865477,0.7071067811865474,0.0,1.0,0.4999999999999999,0.8660254037844387,0.0,0.0,0.3333333333333333,12.0,25.200000000000003,100.0,84.5,-3.8,3.6925237,0.1,-1.5,18.63333334,30.4,30.466666666666665,30.2,30.816666666666663,30.45,-18.40688889,-0.0777777799999981,0.1246666666666666,0.0573333333333333,0.228,18.598148155555556,0.0508888888888905,4.758687,4.8551774,4.829154,4.847071,4.853579,0,0.0,0,1.0,-1.02,26.8,73.2
2023-01-23 21:45:00,262.419225027778,173.896932727778,173.94581963889,18.63333334,0.228,30.45,2,5.1764362714980825,70.66250196097344,21,0,1,-0.7071067811865477,0.7071067811865474,0.0,1.0,0.4999999999999999,0.8660254037844387,0.0,0.0,0.0,12.3,25.9,100.0,84.25,-3.8,3.6944647,0.1,-1.45,18.97777778,29.933333333333334,30.4,30.466666666666665,30.2,29.85,-18.40533334,0.0444444500000003,0.046,0.182,0.31,18.629629633333334,0.1557777777777794,4.853579,4.758687,4.8551774,4.829154,4.855806,0,0.0,0,1.0,-1.0,26.2,73.8
2023-01-23 22:00:00,104.8774714,12.448390944444,12.479223077776,18.97777778,0.31,29.85,1,5.1764362714980825,70.66250196097344,22,0,1,-0.5000000000000004,0.8660254037844384,0.0,1.0,0.4999999999999999,0.8660254037844387,0.0,0.0,0.0,12.6,26.6,100.0,84.0,-3.8,3.6963696,0.1,-1.4,18.777777800000003,30.45,29.933333333333334,30.4,30.466666666666665,29.55,-18.66777778,0.3444444400000002,0.0819999999999999,0.228,0.378,18.733333336666668,0.2400000000000016,4.855806,4.853579,4.758687,4.8551774,4.750542,0,0.0,1,1.0,-0.93,23.1,76.9
2023-01-23 22:15:00,201.78720610555,119.867982872222,119.90464812222,18.777777800000003,0.378,29.55,2,5.1764362714980825,70.66250196097344,22,0,1,-0.5000000000000004,0.8660254037844384,0.0,1.0,0.4999999999999999,0.8660254037844387,0.0,0.0,0.0,12.675,26.875,98.5,83.25,-3.85,3.6825683,0.075,-1.325,18.872222253333334,29.85,30.45,29.933333333333334,30.4,29.78333333333333,-18.399777800000003,-0.1999999799999976,0.068,0.31,0.4966666666666667,18.79629630666667,0.3053333333333349,4.750542,4.855806,4.853579,4.758687,4.814853,0,0.0,1,1.0,-0.97,25.0,75.0
2023-01-23 22:30:00,126.490773466668,85.076874555556,85.093540572222,18.872222253333334,0.4966666666666667,29.78333333333333,2,5.1764362714980825,70.66250196097344,22,0,1,-0.5000000000000004,0.8660254037844384,0.0,1.0,0.4999999999999999,0.8660254037844387,0.0,0.0,0.0,12.75,27.15,97.0,82.5,-3.9,3.6685083,0.05,-1.25,18.91666669,29.55,29.85,30.45,29.933333333333334,29.15,-18.375555586666668,0.094444453333331,0.1186666666666667,0.378,0.5833333333333334,18.875925944444447,0.3948888888888905,4.814853,4.750542,4.855806,4.853579,4.7248554,0,0.0,0,1.0,-0.95,24.1,75.9
2023-01-23 22:45:00,100.12738374444,58.752927572222,58.766260438886,18.91666669,0.5833333333333334,29.15,1,5.1764362714980825,70.66250196097344,22,0,1,-0.5000000000000004,0.8660254037844384,0.0,1.0,0.4999999999999999,0.8660254037844387,0.0,0.0,0.0,12.825,27.425,95.5,81.75,-3.95,3.6541886,0.0249999999999999,-1.175,18.7425926,29.78333333333333,29.55,29.85,30.45,29.0,-18.333333356666667,0.0444444366666658,0.0866666666666666,0.4966666666666667,0.56,18.85555558111112,0.4860000000000017,4.7248554,4.814853,4.750542,4.855806,4.652434,0,0.0,1,1.0,-0.94,23.8,76.2
2023-01-23 23:00:00,216.969654266664,157.759800455556,157.781466255556,18.7425926,0.56,29.0,2,5.1764362714980825,70.66250196097344,23,0,1,-0.2588190451025215,0.965925826289068,0.0,1.0,0.4999999999999999,0.8660254037844387,0.0,0.0,0.0,12.9,27.7,94.0,81.0,-4.0,3.6396058,0.0,-1.1,19.04444443,29.15,29.78333333333333,29.55,29.85,28.95,-18.182592600000003,-0.1740740899999977,-0.0233333333333333,0.5833333333333334,0.748,18.843827181111116,0.5466666666666683,4.652434,4.7248554,4.814853,4.750542,4.727965,0,0.0,1,1.0,-0.98,25.5,74.5
2023-01-23 23:15:00,195.93938444444,130.24423443889,130.263678144444,19.04444443,0.748,28.95,2,5.1764362714980825,70.66250196097344,23,0,1,-0.2588190451025215,0.965925826289068,0.0,1.0,0.4999999999999999,0.8660254037844387,0.0,0.0,0.0,13.375,28.425,85.5,80.75,-4.05,3.6220686,0.0,-1.125,19.164814826666667,29.0,29.15,29.78333333333333,29.55,28.53333333333333,-18.29644443,0.3018518299999968,0.1879999999999999,0.56,1.026,18.901234573333337,0.6304444444444461,4.727965,4.652434,4.7248554,4.814853,4.693111,0,0.0,0,1.0,-0.92,22.7,77.3
2023-01-23 23:30:00,67.618684161106,0.0,0.0,19.164814826666667,1.026,28.53333333333333,0,5.1764362714980825,70.66250196097344,23,0,1,-0.2588190451025215,0.965925826289068,0.0,1.0,0.4999999999999999,0.8660254037844387,0.0,0.0,0.0,13.85,29.15,77.0,80.5,-4.1,3.6045797,0.0,-1.15,18.82777776,28.95,29.0,29.15,29.78333333333333,28.85,-18.138814826666668,0.1203703966666687,0.278,0.748,1.162,18.98395061888889,0.7780000000000017,4.693111,4.727965,4.652434,4.7248554,4.6517363,1,1.0,1,0.75,-0.89,21.7,78.3
2023-01-23 23:45:00,186.92335618333,135.719570983334,135.736237033332,18.82777776,1.162,28.85,2,5.1764362714980825,70.66250196097344,23,0,1,-0.2588190451025215,0.965925826289068,0.0,1.0,0.4999999999999999,0.8660254037844387,0.0,0.0,0.0,14.325,29.875,68.5,80.25,-4.15,3.5871391,0.0,-1.175,19.031481446666664,28.53333333333333,28.95,29.0,29.15,28.816666666666663,-17.66577776,-0.3370370666666673,0.1359999999999999,1.026,1.162,19.01234567222222,0.9786666666666684,4.6517363,4.693111,4.727965,4.652434,4.7025895,0,1.0,1,0.75,-0.97,24.7,75.3
2023-01-24 00:00:00,114.334870938886,63.864112,63.874944949998,19.031481446666664,1.162,28.816666666666663,1,5.1764362714980825,70.66250196097344,0,1,1,0.0,1.0,0.7818314824680298,0.6234898018587336,0.4999999999999999,0.8660254037844387,0.0,0.0,0.0,14.8,30.6,60.0,80.0,-4.2,3.5697472,0.0,-1.2,19.00555552,28.85,28.53333333333333,28.95,29.0,28.55,-17.869481446666665,0.2037036866666639,0.0,1.162,1.134,19.00802467777778,1.1166666666666685,4.7025895,4.6517363,4.693111,4.727965,4.6519523,0,1.0,1,0.75,-0.92,22.9,77.1
2023-01-24 00:15:00,96.211706977776,53.634243444444,53.645076411108,19.00555552,1.134,28.55,1,5.1764362714980825,70.66250196097344,0,1,1,0.0,1.0,0.7818314824680298,0.6234898018587336,0.4999999999999999,0.8660254037844387,0.0,0.0,0.0,15.025,31.05,67.0,81.0,-4.2,3.5705743,0.0,-1.375,18.79814813666667,28.816666666666663,28.85,28.53333333333333,28.95,28.966666666666665,-17.871555519999998,-0.025925926666666,-0.0279999999999998,1.162,1.086666666666667,18.954938242222223,1.1526666666666685,4.6519523,4.7025895,4.6517363,4.693111,4.662375,0,1.0,0,0.75,-0.93,23.1,76.9
2023-01-24 00:30:00,201.00973703889,150.8906308,150.9131299,18.79814813666667,1.086666666666667,28.966666666666665,2,5.1764362714980825,70.66250196097344,0,1,1,0.0,1.0,0.7818314824680298,0.6234898018587336,0.4999999999999999,0.8660254037844387,0.0,0.0,0.0,15.25,31.5,74.0,82.0,-4.2,3.5707922,0.0,-1.5499999999999998,19.05555558,28.55,28.816666666666663,28.85,28.53333333333333,28.65,-17.711481470000003,-0.2074073833333294,-0.0473333333333334,1.134,1.0733333333333337,18.94506170111111,1.1275555555555572,4.662375,4.6519523,4.7025895,4.6517363,4.682039,0,0.0,1,1.0,-0.97,25.0,75.0
2023-01-24 00:45:00,72.856252483326,0.0,0.0,19.05555558,1.0733333333333337,28.65,0,5.1764362714980825,70.66250196097344,0,1,1,0.0,1.0,0.7818314824680298,0.6234898018587336,0.4999999999999999,0.8660254037844387,0.0,0.0,0.0,15.475,31.95,81.0,83.0,-4.2,3.570415,0.0,-1.725,18.846296296666665,28.966666666666665,28.55,28.816666666666663,28.85,28.683333333333334,-17.982222246666666,0.2574074433333315,-0.0133333333333331,1.086666666666667,1.1826666666666663,18.953086412222223,1.098000000000002,4.682039,4.662375,4.6519523,4.7025895,4.6299276,1,1.0,1,0.75,-0.91,22.7,77.3
2023-01-24 01:00:00,142.134592172222,94.583716483334,94.600938077776,18.846296296666665,1.1826666666666663,28.683333333333334,2,5.1764362714980825,70.66250196097344,1,1,1,0.2588190451025207,0.9659258262890684,0.7818314824680298,0.6234898018587336,0.4999999999999999,0.8660254037844387,0.0,0.0,0.0,15.7,32.4,88.0,84.0,-4.2,3.569454,0.0,-1.9,18.861111110000003,28.65,28.966666666666665,28.55,28.816666666666663,28.95,-17.66362963,-0.2092592833333348,0.109333333333333,1.0733333333333337,1.256,18.900000004444447,1.114222222222224,4.6299276,4.682039,4.662375,4.6519523,4.6770635,0,1.0,1,0.75,-0.96,24.6,75.4
2023-01-24 01:15:00,161.63658969445,120.266022466668,120.285188350002,18.861111110000003,1.256,28.95,2,5.1764362714980825,70.66250196097344,1,1,1,0.2588190451025207,0.9659258262890684,0.7818314824680298,0.6234898018587336,0.4999999999999999,0.8660254037844387,0.0,0.0,0.0,15.425,32.4,91.0,84.5,-4.075,3.603292,0.0,-1.85,19.01481481333333,28.683333333333334,28.65,28.966666666666665,28.55,28.53333333333333,-17.605111110000003,0.0148148133333378,0.0733333333333334,1.1826666666666663,1.224,18.92098766222222,1.1706666666666683,4.6770635,4.6299276,4.682039,4.662375,4.6517773,0,1.0,0,0.75,-0.96,24.4,75.6
2023-01-24 01:30:00,154.512985916666,27.602506955556,27.611117744444,19.01481481333333,1.224,28.53333333333333,1,5.1764362714980825,70.66250196097344,1,1,1,0.2588190451025207,0.9659258262890684,0.7818314824680298,0.6234898018587336,0.4999999999999999,0.8660254037844387,0.0,0.0,0.0,15.15,32.4,94.0,85.0,-3.95,3.6373181,0.0,-1.7999999999999998,18.73333336,28.95,28.683333333333334,28.65,28.966666666666665,28.85,-17.79081481333333,0.1537037033333277,-0.032,1.256,1.2133333333333334,18.907407406666668,1.220888888888891,4.6517773,4.6770635,4.6299276,4.682039,4.625835,0,1.0,1,0.75,-0.92,23.1,76.9
2023-01-24 01:45:00,426.821537572222,96.541693744444,96.560026394442,18.73333336,1.2133333333333334,28.85,2,5.1764362714980825,70.66250196097344,1,1,1,0.2588190451025207,0.9659258262890684,0.7818314824680298,0.6234898018587336,0.4999999999999999,0.8660254037844387,0.0,0.0,0.0,14.875,32.4,97.0,85.5,-3.825,3.6715333,0.0,-1.75,18.605555576666667,28.53333333333333,28.95,28.683333333333334,28.65,29.0,-17.520000026666665,-0.2814814533333312,-0.0106666666666666,1.224,1.3173333333333337,18.869753094444444,1.2311111111111128,4.625835,4.6517773,4.6770635,4.6299276,4.614861,0,0.0,1,1.0,-0.99,25.6,74.4
2023-01-24 02:00:00,153.53913593889,98.535780627778,98.553002205554,18.605555576666667,1.3173333333333337,29.0,2,5.1764362714980825,70.66250196097344,2,1,1,0.4999999999999999,0.8660254037844387,0.7818314824680298,0.6234898018587336,0.4999999999999999,0.8660254037844387,0.0,0.0,0.0,14.6,32.4,100.0,86.0,-3.7,3.705938,0.0,-1.7,18.54444444,28.85,28.53333333333333,28.95,28.683333333333334,28.95,-17.288222243333333,-0.1277777833333324,0.104,1.2133333333333334,1.4066666666666665,18.784567916666667,1.2515555555555573,4.614861,4.625835,4.6517773,4.6770635,4.5902643,0,0.0,0,1.0,-1.02,26.8,73.2
2023-01-24 02:15:00,224.577683183334,162.251287488888,162.273786572222,18.54444444,1.4066666666666665,28.95,2,5.1764362714980825,70.66250196097344,2,1,1,0.4999999999999999,0.8660254037844387,0.7818314824680298,0.6234898018587336,0.4999999999999999,0.8660254037844387,0.0,0.0,0.0,14.45,31.775,100.0,85.0,-3.625,3.7273536,0.0,-1.45,18.955555546666663,29.0,28.85,28.53333333333333,28.95,28.35,-17.137777773333333,-0.0611111366666676,0.089333333333333,1.3173333333333337,1.4199999999999997,18.627777792222226,1.312444444444446,4.5902643,4.614861,4.625835,4.6517773,4.605749,0,0.0,0,1.0,-1.03,27.4,72.6
2023-01-24 02:30:00,66.298736811112,17.988447083334,17.996502377776,18.955555546666663,1.4199999999999997,28.35,1,5.1764362714980825,70.66250196097344,2,1,1,0.4999999999999999,0.8660254037844387,0.7818314824680298,0.6234898018587336,0.4999999999999999,0.8660254037844387,0.0,0.0,0.0,14.3,31.15,100.0,84.0,-3.55,3.7482345,0.0,-1.2,18.86111114,28.95,29.0,28.85,28.53333333333333,28.35,-17.535555546666668,0.4111111066666666,0.0133333333333331,1.4066666666666665,1.403333333333333,18.701851854444445,1.3813333333333349,4.605749,4.5902643,4.614861,4.625835,4.58013,0,0.0,1,1.0,-0.94,23.6,76.4
2023-01-24 02:45:00,145.576954488888,104.291383744444,104.309716427774,18.86111114,1.403333333333333,28.35,2,5.1764362714980825,70.66250196097344,2,1,1,0.4999999999999999,0.8660254037844387,0.7818314824680298,0.6234898018587336,0.4999999999999999,0.8660254037844387,0.0,0.0,0.0,14.15,30.525,100.0,83.0,-3.475,3.7685597,0.0,-0.95,18.90000001,28.35,28.95,29.0,28.85,28.316666666666663,-17.457777806666666,-0.0944444066666676,-0.0166666666666666,1.4199999999999997,1.378,18.78703704222222,1.4100000000000017,4.58013,4.605749,4.5902643,4.614861,4.585266,0,0.0,1,1.0,-0.96,24.5,75.5
2023-01-24 03:00:00,135.710960227778,93.21182696111,93.227937449998,18.90000001,1.378,28.316666666666663,2,5.1764362714980825,70.66250196097344,3,1,1,0.7071067811865476,0.7071067811865476,0.7818314824680298,0.6234898018587336,0.4999999999999999,0.8660254037844387,0.0,0.0,0.0,14.0,29.9,100.0,82.0,-3.4,3.788305,0.0,-0.7,19.00555555,28.35,28.35,28.95,29.0,28.0,-17.52200001,0.0388888700000009,-0.0253333333333332,1.403333333333333,1.3113333333333337,18.90555556555556,1.400444444444446,4.585266,4.58013,4.605749,4.5902643,4.5623345,0,0.0,0,1.0,-0.95,24.2,75.8
2023-01-24 03:15:00,93.441817777776,38.291523827778,38.302356777776,19.00555555,1.3113333333333337,28.0,1,5.1764362714980825,70.66250196097344,3,1,1,0.7071067811865476,0.7071067811865476,0.7818314824680298,0.6234898018587336,0.4999999999999999,0.8660254037844387,0.0,0.0,0.0,14.375,30.625,100.0,81.0,-3.5,3.7616048,0.0,-0.625,18.761111106666664,28.316666666666663,28.35,28.35,28.95,28.183333333333334,-17.694222216666667,0.105555540000001,-0.0666666666666664,1.378,1.252,18.922222233333333,1.3642222222222238,4.5623345,4.585266,4.58013,4.605749,4.5263696,0,0.0,1,1.0,-0.93,23.3,76.7
2023-01-24 03:30:00,189.696856222224,131.940277744444,131.96027696111,18.761111106666664,1.252,28.183333333333334,2,5.1764362714980825,70.66250196097344,3,1,1,0.7071067811865476,0.7071067811865476,0.7818314824680298,0.6234898018587336,0.4999999999999999,0.8660254037844387,0.0,0.0,0.0,14.75,31.35,100.0,80.0,-3.6,3.7345107,0.0,-0.55,18.99444444,28.0,28.316666666666663,28.35,28.35,28.1,-17.509111106666666,-0.2444444433333359,-0.0593333333333334,1.3113333333333337,1.2066666666666666,18.88888888888889,1.3137777777777797,4.5263696,4.5623345,4.585266,4.58013,4.5756264,0,0.0,1,1.0,-0.98,25.5,74.5
2023-01-24 03:45:00,78.624910494442,25.125383811112,25.133994633332,18.99444444,1.2066666666666666,28.1,1,5.1764362714980825,70.66250196097344,3,1,1,0.7071067811865476,0.7071067811865476,0.7818314824680298,0.6234898018587336,0.4999999999999999,0.8660254037844387,0.0,0.0,0.0,15.125,32.075,100.0,79.0,-3.7,3.707021,0.0,-0.475,18.87407404,28.183333333333334,28.0,28.316666666666663,28.35,27.716666666666665,-17.78777777333333,0.2333333333333342,-0.0453333333333334,1.252,1.138,18.92037036555556,1.2566666666666684,4.5756264,4.5263696,4.5623345,4.585266,4.4812407,0,0.0,1,1.0,-0.93,23.3,76.7
2023-01-24 04:00:00,148.906821372218,96.714186844444,96.729741838886,18.87407404,1.138,27.716666666666665,2,5.1764362714980825,70.66250196097344,4,1,1,0.8660254037844386,0.5000000000000001,0.7818314824680298,0.6234898018587336,0.4999999999999999,0.8660254037844387,0.0,0.0,0.0,15.5,32.8,100.0,78.0,-3.8,3.6791308,0.0,-0.4,18.93888888,28.1,28.183333333333334,28.0,28.316666666666663,27.95,-17.73607404,-0.1203703999999987,-0.0686666666666664,1.2066666666666666,1.106666666666667,18.87654319555556,1.198888888888891,4.4812407,4.5756264,4.5263696,4.5623345,4.536299,0,0.0,1,1.0,-0.96,24.5,75.5
2023-01-24 04:15:00,149.068759227778,104.773308866668,104.789974883334,18.93888888,1.106666666666667,27.95,2,5.1764362714980825,70.66250196097344,4,1,1,0.8660254037844386,0.5000000000000001,0.7818314824680298,0.6234898018587336,0.4999999999999999,0.8660254037844387,0.0,0.0,0.0,15.525,33.05,100.0,77.5,-3.9,3.6492329,0.0,-0.425,19.085185176666663,27.716666666666665,28.1,28.183333333333334,28.0,27.53333333333333,-17.83222221333333,0.0648148399999968,-0.0313333333333334,1.138,1.114666666666667,18.93580245333333,1.1504444444444462,4.536299,4.4812407,4.5756264,4.5263696,4.5074215,0,0.0,0,1.0,-0.95,23.9,76.1
2023-01-24 04:30:00,81.609513372218,39.903126044444,39.913681205554,19.085185176666663,1.114666666666667,27.53333333333333,1,5.1764362714980825,70.66250196097344,4,1,1,0.8660254037844386,0.5000000000000001,0.7818314824680298,0.6234898018587336,0.4999999999999999,0.8660254037844387,0.0,0.0,0.0,15.55,33.3,100.0,77.0,-4.0,3.619426,0.0,-0.45,18.84444446,27.95,27.716666666666665,28.1,28.183333333333334,27.85,-17.970518509999998,0.1462962966666694,0.0080000000000002,1.106666666666667,1.016,18.96604936555556,1.1197777777777795,4.5074215,4.536299,4.4812407,4.5756264,4.494922,0,0.0,1,1.0,-0.91,22.6,77.4
2023-01-24 04:45:00,198.321789111108,143.549257833332,143.570645894442,18.84444446,1.016,27.85,2,5.1764362714980825,70.66250196097344,4,1,1,0.8660254037844386,0.5000000000000001,0.7818314824680298,0.6234898018587336,0.4999999999999999,0.8660254037844387,0.0,0.0,0.0,15.575,33.55,100.0,76.5,-4.1,3.5897098,0.0,-0.475,19.109259266666665,27.53333333333333,27.95,27.716666666666665,28.1,27.816666666666663,-17.82844446,-0.2407407166666679,-0.0986666666666669,1.114666666666667,1.004,18.95617283888889,1.079111111111113,4.494922,4.5074215,4.536299,4.4812407,4.560275,0,0.0,1,1.0,-0.97,24.8,75.2
2023-01-24 05:00:00,85.508246166668,22.113004344444,22.121337394442,19.109259266666665,1.004,27.816666666666663,1,5.1764362714980825,70.66250196097344,5,1,1,0.9659258262890684,0.2588190451025207,0.7818314824680298,0.6234898018587336,0.4999999999999999,0.8660254037844387,0.0,0.0,0.0,15.6,33.8,100.0,76.0,-4.2,3.5600839,0.0,-0.5,18.91666666,27.85,27.53333333333333,27.95,27.716666666666665,27.55,-18.105259266666664,0.2648148066666671,-0.012,1.016,0.9053333333333332,19.012962967777774,1.0448888888888903,4.560275,4.494922,4.5074215,4.536299,4.465515,0,0.0,1,1.0,-0.91,22.4,77.6
2023-01-24 05:15:00,101.725097433336,53.6211884,53.63341016111,18.91666666,0.9053333333333332,27.55,1,5.1764362714980825,70.66250196097344,5,1,1,0.9659258262890684,0.2588190451025207,0.7818314824680298,0.6234898018587336,0.4999999999999999,0.8660254037844387,0.0,0.0,0.0,15.65,33.8,100.0,76.5,-4.325,3.5280917,0.0,-0.725,18.704938297777783,27.816666666666663,27.85,27.53333333333333,27.95,27.966666666666665,-18.011333326666662,-0.1925926066666683,-0.0986666666666666,1.004,0.834,18.956790128888887,0.9751111111111128,4.465515,4.560275,4.494922,4.5074215,4.476676,0,0.0,0,1.0,-0.95,24.2,75.8
2023-01-24 05:30:00,208.434995583334,157.953126072222,157.974514083334,18.704938297777783,0.834,27.966666666666665,2,5.1764362714980825,70.66250196097344,5,1,1,0.9659258262890684,0.2588190451025207,0.7818314824680298,0.6234898018587336,0.4999999999999999,0.8660254037844387,0.0,0.0,0.0,15.7,33.8,100.0,77.0,-4.45,3.496134,0.0,-0.95,18.80000002,27.55,27.816666666666663,27.85,27.53333333333333,28.0,-17.870938297777784,-0.2117283622222139,-0.0713333333333333,0.9053333333333332,0.8846666666666666,18.91028807481482,0.9144444444444462,4.476676,4.465515,4.560275,4.494922,4.507278,0,0.0,1,1.0,-1.0,26.1,73.9
2023-01-24 05:45:00,134.564339494442,0.0,0.0,18.80000002,0.8846666666666666,28.0,0,5.1764362714980825,70.66250196097344,5,1,1,0.9659258262890684,0.2588190451025207,0.7818314824680298,0.6234898018587336,0.4999999999999999,0.8660254037844387,0.0,0.0,0.0,15.75,33.8,100.0,77.5,-4.575,3.4642153,0.0,-1.1749999999999998,18.802469155555556,27.966666666666665,27.55,27.816666666666663,27.85,28.183333333333334,-17.915333353333335,0.0950617222222192,0.0506666666666666,0.834,0.9333333333333332,18.807201659259263,0.8746666666666684,4.507278,4.476676,4.465515,4.560275,4.5374513,1,1.0,1,0.75,-0.98,25.2,74.8
2023-01-24 06:00:00,202.781055216662,56.216362388888,56.233028455552,18.802469155555556,0.9333333333333332,28.183333333333334,1,5.1764362714980825,70.66250196097344,6,1,1,1.0,6.123233995736766e-17,0.7818314824680298,0.6234898018587336,0.4999999999999999,0.8660254037844387,0.0,0.0,0.0,15.8,33.8,100.0,78.0,-4.7,3.4323432,0.0,-1.4,18.72777777,28.0,27.966666666666665,27.55,27.816666666666663,28.8,-17.86913582222222,0.0024691355555503,0.0486666666666667,0.8846666666666666,0.94,18.769135824444447,0.8840000000000017,4.5374513,4.507278,4.476676,4.465515,4.616301,0,1.0,1,0.75,-0.98,25.1,74.9
2023-01-24 06:15:00,170.341797272218,111.8321932,111.849970355552,18.72777777,0.94,28.8,2,5.1764362714980825,70.66250196097344,6,1,1,1.0,6.123233995736766e-17,0.7818314824680298,0.6234898018587336,0.4999999999999999,0.8660254037844387,0.0,0.0,0.0,16.0,34.175,99.75,78.0,-4.8,3.408483,0.0,-1.5,18.88888885,28.183333333333334,28.0,27.966666666666665,27.55,28.53333333333333,-17.787777769999998,-0.0746913855555533,0.0066666666666665,0.9333333333333332,0.98,18.776748981851853,0.919333333333335,4.616301,4.5374513,4.507278,4.476676,4.6173196,0,1.0,1,0.75,-0.99,25.7,74.3
2023-01-24 06:30:00,62.358616622224,0.0,0.0,18.88888885,0.98,28.53333333333333,0,5.1764362714980825,70.66250196097344,6,1,1,1.0,6.123233995736766e-17,0.7818314824680298,0.6234898018587336,0.4999999999999999,0.8660254037844387,0.0,0.0,0.0,16.200000000000003,34.55,99.5,78.0,-4.9,3.3847685,0.0,-1.6,18.64444446,28.8,28.183333333333334,28.0,27.966666666666665,28.85,-17.90888885,0.1611110800000013,0.04,0.94,0.976,18.806378591851853,0.9511111111111128,4.6173196,4.616301,4.5374513,4.507278,4.6015716,1,2.0,1,0.5,-0.95,24.2,75.8
2023-01-24 06:45:00,163.306522994446,118.92413176111,118.943297694442,18.64444446,0.976,28.85,2,5.1764362714980825,70.66250196097344,6,1,1,1.0,6.123233995736766e-17,0.7818314824680298,0.6234898018587336,0.4999999999999999,0.8660254037844387,0.0,0.0,0.0,16.400000000000002,34.925,99.25,78.0,-5.0,3.3611994,0.0,-1.7,18.72962961,28.53333333333333,28.8,28.183333333333334,28.0,29.0,-17.66844446,-0.2444443900000017,-0.0039999999999998,0.98,0.8320000000000001,18.75370369333333,0.965333333333335,4.6015716,4.6173196,4.616301,4.5374513,4.6488676,0,1.0,1,0.75,-1.01,26.5,73.5
2023-01-24 07:00:00,200.398094855556,159.00725058888798,159.030582988888,18.72962961,0.8320000000000001,29.0,2,5.1764362714980825,70.66250196097344,7,1,1,0.9659258262890684,-0.2588190451025206,0.7818314824680298,0.6234898018587336,0.4999999999999999,0.8660254037844387,0.0,0.0,0.0,16.6,35.3,99.0,78.0,-5.1,3.337774,0.0,-1.8,18.99444446,28.85,28.53333333333333,28.8,28.183333333333334,28.65,-17.89762961,0.0851851500000009,-0.144,0.976,0.5373333333333333,18.754320973333336,0.929333333333335,4.6488676,4.6015716,4.6173196,4.616301,4.6651845,0,1.0,0,0.75,-0.99,25.6,74.4
2023-01-24 07:15:00,57.474367783326,0.0,0.0,18.99444446,0.5373333333333333,28.65,0,5.1764362714980825,70.66250196097344,7,1,1,0.9659258262890684,-0.2588190451025206,0.7818314824680298,0.6234898018587336,0.4999999999999999,0.8660254037844387,0.0,0.0,0.0,16.625,36.2,99.25,76.5,-5.35,3.2850556,0.025,-1.75,18.755555583333333,29.0,28.85,28.53333333333333,28.8,28.5,-18.457111126666668,0.2648148500000005,-0.2946666666666667,0.8320000000000001,0.39,18.789506176666663,0.7817777777777796,4.6651845,4.6488676,4.6015716,4.6173196,4.5757256,1,2.0,1,0.5,-0.93,23.2,76.8
2023-01-24 07:30:00,199.968389927774,136.30510312777798,136.326768944444,18.755555583333333,0.39,28.5,2,5.1764362714980825,70.66250196097344,7,1,1,0.9659258262890684,-0.2588190451025206,0.7818314824680298,0.6234898018587336,0.4999999999999999,0.8660254037844387,0.0,0.0,0.0,16.65,37.1,99.5,75.0,-5.6,3.2319224,0.05,-1.7000000000000002,18.84444446,28.65,29.0,28.85,28.53333333333333,28.45,-18.36555558333333,-0.2388888766666674,-0.1473333333333333,0.5373333333333333,0.41,18.82654321777778,0.5864444444444462,4.5757256,4.6651845,4.6488676,4.6015716,4.591761,0,1.0,1,0.75,-0.98,25.5,74.5
2023-01-24 07:45:00,211.4848736,162.492666716666,162.51822126111,18.84444446,0.41,28.45,2,5.1764362714980825,70.66250196097344,7,1,1,0.9659258262890684,-0.2588190451025206,0.7818314824680298,0.6234898018587336,0.4999999999999999,0.8660254037844387,0.0,0.0,0.0,16.675,38.0,99.75,73.5,-5.85,3.1783717,0.075,-1.65,19.05555555,28.5,28.65,29.0,28.85,28.03333333333333,-18.43444446,0.0888888766666653,0.02,0.39,0.4306666666666666,18.864814834444445,0.4457777777777794,4.591761,4.5757256,4.6651845,4.6488676,4.5812616,0,1.0,0,0.75,-0.96,24.6,75.4
2023-01-24 08:00:00,54.39587966111,12.657827016666,12.66671556111,19.05555555,0.4306666666666666,28.03333333333333,1,5.1764362714980825,70.66250196097344,8,1,1,0.8660254037844387,-0.4999999999999998,0.7818314824680298,0.6234898018587336,0.4999999999999999,0.8660254037844387,0.0,0.0,0.0,16.7,38.9,100.0,72.0,-6.1,3.124402,0.1,-1.6,18.8388889,28.45,28.5,28.65,29.0,28.05,-18.62488888333333,0.2111110900000028,0.0206666666666666,0.41,0.516,18.88518519777778,0.410222222222224,4.5812616,4.591761,4.5757256,4.6651845,4.5257154,0,1.0,1,0.75,-0.92,22.8,77.2
2023-01-24 08:15:00,163.278468733328,110.327253416666,110.347252649998,18.8388889,0.516,28.05,2,5.1764362714980825,70.66250196097344,8,1,1,0.8660254037844387,-0.4999999999999998,0.7818314824680298,0.6234898018587336,0.4999999999999999,0.8660254037844387,0.5,0.125,0.0416666666666666,17.1,38.975,100.0,71.25,-6.0,3.1353135,0.1,-1.4,18.80740738,28.03333333333333,28.45,28.5,28.65,28.28333333333333,-18.322888899999995,-0.216666650000004,0.0853333333333333,0.4306666666666666,0.638,18.91296297,0.4522222222222239,4.5257154,4.5812616,4.591761,4.5757256,4.554881,0,0.0,1,1.0,-0.97,24.8,75.2
2023-01-24 08:30:00,194.096402616662,145.287521633332,145.310576294442,18.80740738,0.638,28.28333333333333,2,5.1764362714980825,70.66250196097344,8,1,1,0.8660254037844387,-0.4999999999999998,0.7818314824680298,0.6234898018587336,0.4999999999999999,0.8660254037844387,1.0,0.375,0.125,17.5,39.05,100.0,70.5,-5.9,3.1458395,0.1,-1.2000000000000002,18.91666663,28.05,28.03333333333333,28.45,28.5,27.7,-18.16940738,-0.0314815199999998,0.122,0.516,0.7446666666666667,18.90061727666667,0.5282222222222239,4.554881,4.5257154,4.5812616,4.591761,4.489828,0,0.0,0,1.0,-0.97,25.0,75.0
2023-01-24 08:45:00,553.7920141,111.056113127778,111.078056716666,18.91666663,0.7446666666666667,27.7,2,5.1764362714980825,70.66250196097344,8,1,1,0.8660254037844387,-0.4999999999999998,0.7818314824680298,0.6234898018587336,0.4999999999999999,0.8660254037844387,1.5,0.75,0.25,17.9,39.125,100.0,69.75,-5.8,3.15597,0.1,-1.0,18.70555556333333,28.28333333333333,28.05,28.03333333333333,28.45,28.15,-18.17199996333333,0.1092592500000044,0.1066666666666666,0.638,0.8166666666666667,18.85432097,0.6328888888888907,4.489828,4.554881,4.5257154,4.5812616,4.506186,0,0.0,0,1.0,-0.95,24.1,75.9
2023-01-24 09:00:00,302.770666572218,121.334590855556,121.351534677776,18.70555556333333,0.8166666666666667,28.15,2,5.1764362714980825,70.66250196097344,9,1,1,0.7071067811865476,-0.7071067811865475,0.7818314824680298,0.6234898018587336,0.4999999999999999,0.8660254037844387,2.0,1.25,0.4166666666666667,18.3,39.2,100.0,69.0,-5.7,3.1656914,0.1,-0.8,18.74444445,27.7,28.28333333333333,28.05,28.03333333333333,28.5,-17.888888896666668,-0.2111110666666675,0.0719999999999999,0.7446666666666667,0.7833333333333333,18.809876524444444,0.7331111111111128,4.506186,4.489828,4.554881,4.5257154,4.5727196,0,0.0,0,1.0,-1.0,26.0,74.0
2023-01-24 09:15:00,77.453012722228,33.127563727778,33.139507716666,18.74444445,0.7833333333333333,28.5,1,5.1764362714980825,70.66250196097344,9,1,1,0.7071067811865476,-0.7071067811865475,0.7818314824680298,0.6234898018587336,0.4999999999999999,0.8660254037844387,9.5,3.5,1.2083333333333333,18.35,39.575,100.0,69.5,-5.525,3.2108197,0.075,-0.7000000000000001,18.62222221333333,28.15,27.7,28.28333333333333,28.05,28.683333333333334,-17.961111116666665,0.0388888866666654,-0.0333333333333333,0.8166666666666667,0.7086666666666667,18.78888888111112,0.7815555555555572,4.5727196,4.506186,4.489828,4.554881,4.568975,0,0.0,1,1.0,-0.99,25.6,74.4
2023-01-24 09:30:00,182.732968072226,141.519338983334,141.54294915555602,18.62222221333333,0.7086666666666667,28.683333333333334,2,5.1764362714980825,70.66250196097344,9,1,1,0.7071067811865476,-0.7071067811865475,0.7818314824680298,0.6234898018587336,0.4999999999999999,0.8660254037844387,17.0,7.5,2.625,18.4,39.95,100.0,70.0,-5.35,3.2564032,0.05,-0.6000000000000001,18.83888889,28.5,28.15,27.7,28.28333333333333,28.6,-17.913555546666664,-0.1222222366666692,-0.0746666666666666,0.7833333333333333,0.7066666666666667,18.69074074222222,0.7695555555555572,4.568975,4.5727196,4.506186,4.489828,4.614455,0,0.0,1,1.0,-1.01,26.7,73.3
2023-01-24 09:45:00,214.298650011108,168.396597216666,168.423262866664,18.83888889,0.7066666666666667,28.6,2,5.1764362714980825,70.66250196097344,9,1,1,0.7071067811865476,-0.7071067811865475,0.7818314824680298,0.6234898018587336,0.4999999999999999,0.8660254037844387,24.5,13.25,4.666666666666667,18.45,40.325,100.0,70.5,-5.175,3.3024464,0.0249999999999999,-0.5,19.118518506666664,28.683333333333334,28.5,28.15,27.7,28.03333333333333,-18.132222223333333,0.2166666766666694,-0.002,0.7086666666666667,0.748,18.735185184444443,0.7328888888888906,4.614455,4.568975,4.5727196,4.506186,4.5983047,0,0.0,0,1.0,-0.96,24.7,75.3
2023-01-24 10:00:00,55.192792083338,0.0,0.0,19.118518506666664,0.748,28.03333333333333,0,5.1764362714980825,70.66250196097344,10,1,1,0.4999999999999999,-0.8660254037844387,0.7818314824680298,0.6234898018587336,0.4999999999999999,0.8660254037844387,32.0,20.75,7.333333333333333,18.5,40.7,100.0,71.0,-5.0,3.3489525,0.0,-0.4,18.8111111,28.6,28.683333333333334,28.5,28.15,28.05,-18.370518506666663,0.2796296166666643,0.0413333333333333,0.7066666666666667,0.8033333333333333,18.859876536666665,0.7211111111111128,4.5983047,4.614455,4.568975,4.5727196,4.518292,1,1.0,1,0.75,-0.9,22.3,77.7
2023-01-24 10:15:00,165.230890599996,108.356776705554,108.37649818333,18.8111111,0.8033333333333333,28.05,2,5.1764362714980825,70.66250196097344,10,1,1,0.4999999999999999,-0.8660254037844387,0.7818314824680298,0.6234898018587336,0.4999999999999999,0.8660254037844387,44.5,29.5,11.041666666666666,17.5,40.7,100.0,71.5,-4.75,3.4076724,0.0,-0.25,18.875925953333333,28.03333333333333,28.6,28.683333333333334,28.5,28.466666666666665,-18.007777766666667,-0.3074074066666625,0.0553333333333333,0.748,0.858,18.92283949888889,0.7526666666666683,4.518292,4.5983047,4.614455,4.568975,4.603005,0,1.0,1,0.75,-0.97,25.0,75.0
2023-01-24 10:30:00,223.689663288884,172.228943866668,172.256442816666,18.875925953333333,0.858,28.466666666666665,2,5.1764362714980825,70.66250196097344,10,1,1,0.4999999999999999,-0.8660254037844387,0.7818314824680298,0.6234898018587336,0.4999999999999999,0.8660254037844387,57.0,39.5,15.791666666666666,16.5,40.7,100.0,72.0,-4.5,3.467207,0.0,-0.0999999999999999,19.22777777,28.05,28.03333333333333,28.6,28.683333333333334,28.1,-18.01792595333333,0.0648148533333312,0.0546666666666666,0.8033333333333333,0.9766666666666668,18.93518518666667,0.8031111111111128,4.603005,4.518292,4.5983047,4.614455,4.6390176,0,1.0,0,0.75,-0.96,24.3,75.7
2023-01-24 10:45:00,103.601689133332,50.191881127778,50.203547344444,19.22777777,0.9766666666666668,28.1,1,5.1764362714980825,70.66250196097344,10,1,1,0.4999999999999999,-0.8660254037844387,0.7818314824680298,0.6234898018587336,0.4999999999999999,0.8660254037844387,69.5,50.75,21.58333333333333,15.5,40.7,100.0,72.5,-4.25,3.5275655,0.0,0.05,19.024074053333333,28.466666666666665,28.05,28.03333333333333,28.6,27.716666666666665,-18.251111103333333,0.3518518166666666,0.1186666666666667,0.858,1.1246666666666667,18.971604941111117,0.8793333333333351,4.6390176,4.603005,4.518292,4.5983047,4.5211053,0,1.0,1,0.75,-0.88,21.3,78.7
2023-01-24 11:00:00,103.41141887778,62.203900611112,62.220288905554,19.024074053333333,1.1246666666666667,27.716666666666665,1,5.1764362714980825,70.66250196097344,11,1,1,0.258819045102521,-0.9659258262890682,0.7818314824680298,0.6234898018587336,0.4999999999999999,0.8660254037844387,82.0,63.25,28.416666666666668,14.5,40.7,100.0,73.0,-4.0,3.5887556,0.0,0.2,18.85555553,28.1,28.466666666666665,28.05,28.03333333333333,28.35,-17.899407386666667,-0.2037037166666664,0.148,0.9766666666666668,1.3326666666666669,19.042592592222224,0.9864444444444462,4.5211053,4.6390176,4.603005,4.518292,4.5786266,0,0.0,0,1.0,-0.93,23.2,76.8
2023-01-24 11:15:00,189.778519755552,145.800001116666,145.82388907777602,18.85555553,1.3326666666666669,28.35,2,5.1764362714980825,70.66250196097344,11,1,1,0.258819045102521,-0.9659258262890682,0.7818314824680298,0.6234898018587336,0.4999999999999999,0.8660254037844387,107.75,79.0625,37.35416666666666,14.95,40.150000000000006,97.75,73.0,-3.825,3.6384292,0.0,0.4,19.101851866666667,27.716666666666665,28.1,28.466666666666665,28.05,28.316666666666663,-17.522888863333332,-0.1685185233333328,0.2079999999999999,1.1246666666666667,1.4353333333333331,19.035802451111117,1.1446666666666685,4.5786266,4.5211053,4.6390176,4.603005,4.6402173,0,0.0,1,1.0,-0.96,24.6,75.4
2023-01-24 11:30:00,144.93586908333,79.016005933332,79.03211642222,19.101851866666667,1.4353333333333331,28.316666666666663,2,5.1764362714980825,70.66250196097344,11,1,1,0.258819045102521,-0.9659258262890682,0.7818314824680298,0.6234898018587336,0.4999999999999999,0.8660254037844387,133.5,98.1875,48.395833333333336,15.4,39.6,95.5,73.0,-3.65,3.6887026,0.0,0.6000000000000001,19.0777778,28.35,27.716666666666665,28.1,28.466666666666665,28.0,-17.666518533333335,0.246296336666667,0.1026666666666664,1.3326666666666669,1.512,18.99382715,1.2975555555555571,4.6402173,4.5786266,4.5211053,4.6390176,4.5818152,0,0.0,0,1.0,-0.91,22.3,77.7
2023-01-24 11:45:00,76.707487127778,24.128757044444,24.139867733332,19.0777778,1.512,28.0,1,5.1764362714980825,70.66250196097344,11,1,1,0.258819045102521,-0.9659258262890682,0.7818314824680298,0.6234898018587336,0.4999999999999999,0.8660254037844387,159.25,120.625,61.54166666666666,15.85,39.05,93.25,73.0,-3.475,3.7395864,0.0,0.8,18.79629632,28.316666666666663,28.35,27.716666666666665,28.1,28.183333333333334,-17.5657778,-0.0240740666666674,0.0766666666666668,1.4353333333333331,1.512,19.011728398888888,1.4266666666666683,4.5818152,4.6402173,4.5786266,4.5211053,4.535796,0,0.0,1,1.0,-0.91,22.6,77.4
2023-01-24 12:00:00,171.405365577784,130.165070955556,130.187292283334,18.79629632,1.512,28.183333333333334,2,5.1764362714980825,70.66250196097344,12,1,1,1.2246467991473532e-16,-1.0,0.7818314824680298,0.6234898018587336,0.4999999999999999,0.8660254037844387,185.0,146.375,76.79166666666667,16.3,38.5,91.0,73.0,-3.3,3.791083,0.0,1.0,18.95555556,28.0,28.316666666666663,28.35,27.716666666666665,28.45,-17.28429632,-0.28148148,0.0,1.512,1.5586666666666669,18.991975328888888,1.4864444444444462,4.535796,4.5818152,4.6402173,4.5786266,4.621995,0,0.0,1,1.0,-0.98,25.2,74.8
2023-01-24 12:15:00,178.82312445556,132.655249127778,132.6771927,18.95555556,1.5586666666666669,28.45,2,5.1764362714980825,70.66250196097344,12,1,1,1.2246467991473532e-16,-1.0,0.7818314824680298,0.6234898018587336,0.4999999999999999,0.8660254037844387,225.25,175.75,94.77083333333331,18.175,41.925,93.25,71.0,-3.4,3.7570734,0.0,1.275,19.187037036666663,28.183333333333334,28.0,28.316666666666663,28.35,28.03333333333333,-17.396888893333333,0.1592592400000008,0.0466666666666668,1.512,1.6346666666666667,18.943209893333336,1.527555555555557,4.621995,4.535796,4.5818152,4.6402173,4.6169147,0,0.0,0,1.0,-0.94,23.6,76.4
2023-01-24 12:30:00,169.699045216662,116.570337016666,116.590336266664,19.187037036666663,1.6346666666666667,28.03333333333333,2,5.1764362714980825,70.66250196097344,12,1,1,1.2246467991473532e-16,-1.0,0.7818314824680298,0.6234898018587336,0.4999999999999999,0.8660254037844387,265.5,208.75,115.47916666666669,20.05,45.35,95.5,69.0,-3.5,3.7202532,0.0,1.55,19.18888889,28.45,28.183333333333334,28.0,28.316666666666663,27.95,-17.55237037,0.2314814766666657,0.0759999999999998,1.5586666666666669,1.854,18.97962963888889,1.5684444444444463,4.6169147,4.621995,4.535796,4.5818152,4.603693,0,0.0,0,1.0,-0.89,21.7,78.3
2023-01-24 12:45:00,68.450595233332,11.438709083334,11.449542033332,19.18888889,1.854,27.95,1,5.1764362714980825,70.66250196097344,12,1,1,1.2246467991473532e-16,-1.0,0.7818314824680298,0.6234898018587336,0.4999999999999999,0.8660254037844387,305.75,245.375,138.91666666666666,21.925,48.775000000000006,97.75,67.0,-3.6,3.6805396,0.0,1.825,18.985185196666663,28.03333333333333,28.45,28.183333333333334,28.0,27.716666666666665,-17.33488889,0.0018518533333313,0.2193333333333331,1.6346666666666667,2.059333333333333,19.110493828888888,1.6824444444444462,4.603693,4.6169147,4.621995,4.535796,4.51074,0,0.0,1,1.0,-0.89,21.7,78.3
2023-01-24 13:00:00,98.891877516666,51.291003827778,51.304614416666,18.985185196666663,2.059333333333333,27.716666666666665,1,5.1764362714980825,70.66250196097344,13,1,1,-0.2588190451025208,-0.9659258262890684,0.7818314824680298,0.6234898018587336,0.4999999999999999,0.8660254037844387,346.0,285.625,165.08333333333334,23.8,52.2,100.0,65.0,-3.7,3.6378489,0.0,2.1,18.86111108,27.95,28.03333333333333,28.45,28.183333333333334,28.35,-16.92585186333333,-0.2037036933333311,0.2053333333333336,1.854,2.228666666666667,19.120370374444445,1.849333333333335,4.51074,4.603693,4.6169147,4.621995,4.58013,0,0.0,0,1.0,-0.94,23.5,76.5
2023-01-24 13:15:00,206.099533422224,152.479456111112,152.503621827778,18.86111108,2.228666666666667,28.35,2,5.1764362714980825,70.66250196097344,13,1,1,-0.2588190451025208,-0.9659258262890684,0.7818314824680298,0.6234898018587336,0.4999999999999999,0.8660254037844387,313.0,307.5625,187.45833333333331,23.025,52.3,99.25,64.5,-3.75,3.6221025,0.0,2.15,19.13333331666667,27.716666666666665,27.95,28.03333333333333,28.45,28.316666666666663,-16.632444413333335,-0.1240741166666659,0.1693333333333333,2.059333333333333,2.1886666666666668,19.011728388888887,2.047333333333335,4.58013,4.51074,4.603693,4.6169147,4.6488395,0,0.0,1,1.0,-0.96,24.5,75.5
2023-01-24 13:30:00,81.277582050002,39.986456044444,39.998677772222,19.13333331666667,2.1886666666666668,28.316666666666663,1,5.1764362714980825,70.66250196097344,13,1,1,-0.2588190451025208,-0.9659258262890684,0.7818314824680298,0.6234898018587336,0.4999999999999999,0.8660254037844387,280.0,311.1875,206.04166666666663,22.25,52.400000000000006,98.5,64.0,-3.8,3.606202,0.0,2.2,19.08888891,28.35,27.716666666666665,27.95,28.03333333333333,27.7,-16.944666650000002,0.2722222366666678,-0.04,2.228666666666667,2.1746666666666665,18.993209864444445,2.158888888888891,4.6488395,4.58013,4.51074,4.603693,4.535696,0,0.0,1,1.0,-0.9,22.1,77.9
2023-01-24 13:45:00,89.64002533889,44.122957194446,44.135456727778,19.08888891,2.1746666666666665,27.7,1,5.1764362714980825,70.66250196097344,13,1,1,-0.2588190451025208,-0.9659258262890684,0.7818314824680298,0.6234898018587336,0.4999999999999999,0.8660254037844387,247.0,296.5,220.83333333333331,21.475,52.5,97.75,63.5,-3.85,3.5901475,0.0,2.25,18.900000013333333,28.316666666666663,28.35,27.716666666666665,27.95,28.15,-16.91422224333333,-0.0444444066666704,-0.0140000000000002,2.1886666666666668,2.226,19.02777776888889,2.197333333333335,4.535696,4.6488395,4.58013,4.51074,4.558278,0,0.0,0,1.0,-0.91,22.6,77.4
2023-01-24 14:00:00,208.846923572222,142.7542896,142.776233172222,18.900000013333333,2.226,28.15,2,5.1764362714980825,70.66250196097344,14,1,1,-0.4999999999999997,-0.8660254037844388,0.7818314824680298,0.6234898018587336,0.4999999999999999,0.8660254037844387,214.0,263.5,231.83333333333331,20.7,52.6,97.0,63.0,-3.9,3.5739384,0.0,2.3,19.12222221,27.7,28.316666666666663,28.35,27.716666666666665,28.1,-16.674000013333334,-0.1888888966666648,0.0513333333333334,2.1746666666666665,2.2133333333333334,19.040740746666668,2.1964444444444458,4.558278,4.535696,4.6488395,4.58013,4.610247,0,0.0,1,1.0,-0.95,24.2,75.8
2023-01-24 14:15:00,117.07476123889,66.337068627778,66.353456888888,19.12222221,2.2133333333333334,28.1,1,5.1764362714980825,70.66250196097344,14,1,1,-0.4999999999999997,-0.8660254037844388,0.7818314824680298,0.6234898018587336,0.4999999999999999,0.8660254037844387,203.25,236.0625,239.79166666666663,20.7,52.225,97.0,62.75,-4.0,3.559756,0.0,2.3,19.09999999,28.15,27.7,28.316666666666663,28.35,27.716666666666665,-16.908888876666666,0.2222221966666673,-0.0126666666666666,2.226,2.208,19.03703704444445,2.204666666666669,4.610247,4.558278,4.535696,4.6488395,4.5413995,0,0.0,1,1.0,-0.9,22.2,77.8
2023-01-24 14:30:00,80.300954466668,39.025105616666,39.037882905554,19.09999999,2.208,27.716666666666665,1,5.1764362714980825,70.66250196097344,14,1,1,-0.4999999999999997,-0.8660254037844388,0.7818314824680298,0.6234898018587336,0.4999999999999999,0.8660254037844387,192.5,214.1875,244.70833333333331,20.7,51.85,97.0,62.5,-4.1,3.5455737,0.0,2.3,18.86111109,28.1,28.15,27.7,28.316666666666663,28.0,-16.891999990000002,-0.0222222199999997,-0.0053333333333336,2.2133333333333334,2.2133333333333334,19.040740737777774,2.21577777777778,4.5413995,4.610247,4.558278,4.535696,4.523585,0,0.0,0,1.0,-0.91,22.5,77.5
2023-01-24 14:45:00,180.20112508333,133.644376244444,133.666319816666,18.86111109,2.2133333333333334,28.0,2,5.1764362714980825,70.66250196097344,14,1,1,-0.4999999999999997,-0.8660254037844388,0.7818314824680298,0.6234898018587336,0.4999999999999999,0.8660254037844387,181.75,197.875,246.58333333333331,20.7,51.475,97.0,62.25,-4.2,3.5313916,0.0,2.3,19.038888853333333,27.716666666666665,28.1,28.15,27.7,27.816666666666663,-16.647777756666667,-0.2388888999999991,0.0053333333333336,2.208,2.226,19.027777763333336,2.2115555555555573,4.523585,4.5413995,4.610247,4.558278,4.541386,0,0.0,1,1.0,-0.96,24.6,75.4
2023-01-24 15:00:00,142.38347101667,92.311585155556,92.32964,19.038888853333333,2.226,27.816666666666663,2,5.1764362714980825,70.66250196097344,15,1,1,-0.7071067811865471,-0.7071067811865479,0.7818314824680298,0.6234898018587336,0.4999999999999999,0.8660254037844387,171.0,187.125,245.41666666666663,20.7,51.1,97.0,62.0,-4.3,3.517209,0.0,2.3,19.116666650000003,28.0,27.716666666666665,28.1,28.15,27.5,-16.812888853333334,0.1777777633333315,0.0126666666666666,2.2133333333333334,2.065333333333333,18.99999997777778,2.21577777777778,4.541386,4.523585,4.5413995,4.610247,4.5103297,0,0.0,0,1.0,-0.92,23.0,77.0
2023-01-24 15:15:00,86.468207833332,29.513541644444,29.524930105554,19.116666650000003,2.065333333333333,27.5,1,5.1764362714980825,70.66250196097344,15,1,1,-0.7071067811865471,-0.7071067811865479,0.7818314824680298,0.6234898018587336,0.4999999999999999,0.8660254037844387,170.5,178.9375,240.85416666666663,20.35,50.925,97.75,62.25,-4.275,3.5254292,0.0,2.275,18.872222206666667,27.816666666666663,28.0,27.716666666666665,28.1,27.683333333333334,-17.05133331666667,0.0777777966666697,-0.1606666666666667,2.226,2.04,19.005555531111117,2.1682222222222243,4.5103297,4.541386,4.523585,4.5413995,4.4753623,0,0.0,1,1.0,-0.91,22.4,77.6
2023-01-24 15:30:00,196.1379875,142.9884469,143.010946,18.872222206666667,2.04,27.683333333333334,2,5.1764362714980825,70.66250196097344,15,1,1,-0.7071067811865471,-0.7071067811865479,0.7818314824680298,0.6234898018587336,0.4999999999999999,0.8660254037844387,170.0,173.3125,232.89583333333331,20.0,50.75,98.5,62.5,-4.25,3.5336099,0.0,2.25,19.10000002,27.5,27.816666666666663,28.0,27.716666666666665,27.65,-16.832222206666668,-0.2444444433333359,-0.0253333333333332,2.065333333333333,1.976,19.00925923666667,2.1104444444444463,4.4753623,4.5103297,4.541386,4.523585,4.530476,0,0.0,1,1.0,-0.96,24.6,75.4
2023-01-24 15:45:00,850.201268272226,97.194167594446,97.215833427778,19.10000002,1.976,27.65,2,5.1764362714980825,70.66250196097344,15,1,1,-0.7071067811865471,-0.7071067811865479,0.7818314824680298,0.6234898018587336,0.4999999999999999,0.8660254037844387,169.5,170.25,221.54166666666663,19.65,50.575,99.25,62.75,-4.225,3.5417523,0.0,2.225,19.22037037,27.683333333333334,27.5,27.816666666666663,28.0,27.316666666666663,-17.12400002,0.2277778133333328,-0.064,2.04,1.944,19.02962962555556,2.027111111111113,4.530476,4.4753623,4.5103297,4.541386,4.507731,0,0.0,0,1.0,-0.91,22.5,77.5
2023-01-24 16:00:00,72.9654146,31.709842688888003,31.721786677776,19.22037037,1.944,27.316666666666663,1,5.1764362714980825,70.66250196097344,16,1,1,-0.8660254037844385,-0.5000000000000004,0.7818314824680298,0.6234898018587336,0.4999999999999999,0.8660254037844387,169.0,169.75,206.79166666666663,19.3,50.4,100.0,63.0,-4.2,3.549855,0.0,2.2,18.95555558,27.65,27.683333333333334,27.5,27.816666666666663,27.35,-17.276370370000002,0.1203703500000017,-0.032,1.976,1.8306666666666669,19.064197532222224,1.9866666666666684,4.507731,4.530476,4.4753623,4.5103297,4.443289,0,0.0,1,1.0,-0.88,21.5,78.5
2023-01-24 16:15:00,179.33254866111,133.442162116666,133.464383494442,18.95555558,1.8306666666666669,27.35,2,5.1764362714980825,70.66250196097344,16,1,1,-0.8660254037844385,-0.5000000000000004,0.7818314824680298,0.6234898018587336,0.4999999999999999,0.8660254037844387,148.0,164.125,193.04166666666663,17.975,48.05,98.0,64.75,-3.975,3.6116085,0.0,2.0500000000000003,19.12592596,27.316666666666663,27.65,27.683333333333334,27.5,27.5,-17.124888913333336,-0.2648147899999991,-0.1133333333333332,1.944,1.8300000000000003,19.091975323333337,1.9168888888888904,4.443289,4.507731,4.530476,4.4753623,4.512793,0,0.0,1,1.0,-0.94,23.9,76.1
2023-01-24 16:30:00,197.50515489445,139.661635511112,139.684690155556,19.12592596,1.8300000000000003,27.5,2,5.1764362714980825,70.66250196097344,16,1,1,-0.8660254037844385,-0.5000000000000004,0.7818314824680298,0.6234898018587336,0.4999999999999999,0.8660254037844387,127.0,153.375,180.29166666666663,16.65,45.7,96.0,66.5,-3.75,3.6717055,0.0,1.9,19.29444443,27.35,27.316666666666663,27.65,27.683333333333334,27.15,-17.295925959999998,0.1703703799999978,-0.0006666666666663,1.8306666666666669,1.8133333333333328,19.100617303333337,1.868222222222224,4.512793,4.443289,4.507731,4.530476,4.4998164,0,0.0,0,1.0,-0.9,22.3,77.7
2023-01-24 16:45:00,70.66772876111,13.941386772222,13.951108633332,19.29444443,1.8133333333333328,27.15,1,5.1764362714980825,70.66250196097344,16,1,1,-0.8660254037844385,-0.5000000000000004,0.7818314824680298,0.6234898018587336,0.4999999999999999,0.8660254037844387,106.0,137.5,168.54166666666666,15.325,43.35,94.0,68.25,-3.525,3.7301686,0.0,1.75,19.003703703333333,27.5,27.35,27.316666666666663,27.65,27.183333333333334,-17.481111096666666,0.1685184699999986,-0.016666666666667,1.8300000000000003,1.772,19.12530865666667,1.8246666666666684,4.4998164,4.512793,4.443289,4.507731,4.4287815,0,0.0,1,1.0,-0.87,20.9,79.1
2023-01-24 17:00:00,118.70914036111,70.704671716666,70.719393394442,19.003703703333333,1.772,27.183333333333334,2,5.1764362714980825,70.66250196097344,17,1,1,-0.9659258262890684,-0.2588190451025206,0.7818314824680298,0.6234898018587336,0.4999999999999999,0.8660254037844387,85.0,116.5,157.79166666666666,14.0,41.0,92.0,70.0,-3.3,3.787023,0.0,1.6,18.63333337,27.15,27.5,27.35,27.316666666666663,27.55,-17.231703703333334,-0.2907407266666659,-0.0413333333333332,1.8133333333333328,1.764,19.14135803111111,1.805111111111113,4.4287815,4.4998164,4.512793,4.443289,4.3913336,0,0.0,1,1.0,-0.93,23.4,76.6
2023-01-24 17:15:00,168.062166194442,121.375422588888,121.395421805554,18.63333337,1.764,27.55,2,5.1764362714980825,70.66250196097344,17,1,1,-0.9659258262890684,-0.2588190451025206,0.7818314824680298,0.6234898018587336,0.4999999999999999,0.8660254037844387,72.5,97.625,146.89583333333334,13.5,38.4,88.25,71.5,-3.225,3.8094008,0.0,1.375,18.78148150333333,27.183333333333334,27.15,27.5,27.35,27.78333333333333,-16.86933337,-0.3703703333333337,-0.008,1.772,1.7153333333333334,18.97716050111111,1.783111111111113,4.3913336,4.4287815,4.4998164,4.512793,4.467505,0,0.0,0,1.0,-1.02,26.9,73.1
2023-01-24 17:30:00,213.69922943889,172.501155244444,172.526709788888,18.78148150333333,1.7153333333333334,27.78333333333333,2,5.1764362714980825,70.66250196097344,17,1,1,-0.9659258262890684,-0.2588190451025206,0.7818314824680298,0.6234898018587336,0.4999999999999999,0.8660254037844387,60.0,80.875,135.85416666666666,13.0,35.8,84.5,73.0,-3.15,3.8301132,0.0,1.15,19.27777778,27.55,27.183333333333334,27.15,27.5,27.45,-17.06614817,0.1481481333333363,-0.0486666666666666,1.764,1.65,18.80617285888889,1.7504444444444462,4.467505,4.3913336,4.4287815,4.4998164,4.545076,0,0.0,0,1.0,-0.98,25.4,74.6
2023-01-24 17:45:00,491.699220211108,109.886715488888,109.906436933332,19.27777778,1.65,27.45,2,5.1764362714980825,70.66250196097344,17,1,1,-0.9659258262890684,-0.2588190451025206,0.7818314824680298,0.6234898018587336,0.4999999999999999,0.8660254037844387,47.5,66.25,124.66666666666669,12.5,33.2,80.75,74.5,-3.075,3.8492002,0.0,0.925,19.31851849,27.78333333333333,27.55,27.183333333333334,27.15,27.03333333333333,-17.627777780000002,0.4962962766666656,-0.0653333333333334,1.7153333333333334,1.576,18.897530884444446,1.7097777777777796,4.545076,4.467505,4.3913336,4.4287815,4.486835,0,0.0,0,1.0,-0.87,21.0,79.0
2023-01-24 18:00:00,87.74843447221801,25.073719244444,25.082885611108,19.31851849,1.576,27.03333333333333,1,5.1764362714980825,70.66250196097344,18,1,1,-1.0,-1.8369701987210294e-16,0.7818314824680298,0.6234898018587336,0.4999999999999999,0.8660254037844387,35.0,53.75,113.33333333333331,12.0,30.6,77.0,76.0,-3.0,3.8667006,0.0,0.7,18.97222223,27.45,27.78333333333333,27.55,27.183333333333334,27.35,-17.74251849,0.0407407099999979,-0.0739999999999998,1.65,1.454,19.125925924444445,1.647111111111113,4.486835,4.545076,4.467505,4.3913336,4.4476624,0,0.0,1,1.0,-0.86,20.7,79.3
2023-01-24 18:15:00,187.485555877776,134.458510311112,134.480453933332,18.97222223,1.454,27.35,2,5.1764362714980825,70.66250196097344,18,1,1,-1.0,-1.8369701987210294e-16,0.7818314824680298,0.6234898018587336,0.4999999999999999,0.8660254037844387,26.25,42.1875,101.3125,12.325,29.875,82.75,76.25,-3.125,3.839739,0.0,0.5499999999999999,19.166666696666667,27.03333333333333,27.45,27.78333333333333,27.55,27.316666666666663,-17.51822223,-0.346296259999999,-0.1220000000000001,1.576,1.402,19.189506166666664,1.5600000000000016,4.4476624,4.486835,4.545076,4.467505,4.493487,0,0.0,1,1.0,-0.94,23.7,76.3
2023-01-24 18:30:00,191.974543061106,146.364145233332,146.387199911108,19.166666696666667,1.402,27.316666666666663,2,5.1764362714980825,70.66250196097344,18,1,1,-1.0,-1.8369701987210294e-16,0.7818314824680298,0.6234898018587336,0.4999999999999999,0.8660254037844387,17.5,31.5625,88.60416666666667,12.65,29.15,88.5,76.5,-3.25,3.8128738,0.0,0.3999999999999999,19.35555557,27.35,27.03333333333333,27.45,27.78333333333333,26.7,-17.764666696666666,0.1944444666666669,-0.052,1.454,1.48,19.15246913888889,1.4773333333333352,4.493487,4.4476624,4.486835,4.545076,4.441183,0,0.0,0,1.0,-0.9,22.0,78.0
2023-01-24 18:45:00,57.018830272222,10.498746716666,10.507079749998,19.35555557,1.48,26.7,1,5.1764362714980825,70.66250196097344,18,1,1,-1.0,-1.8369701987210294e-16,0.7818314824680298,0.6234898018587336,0.4999999999999999,0.8660254037844387,8.750000000000004,21.875,75.20833333333333,12.975,28.425,94.25,76.75,-3.375,3.7861068,0.0,0.2499999999999999,19.016666696666668,27.316666666666663,27.35,27.03333333333333,27.45,26.966666666666665,-17.87555557,0.1888888733333331,0.078,1.402,1.492,19.164814832222223,1.445333333333335,4.441183,4.493487,4.4476624,4.486835,4.396844,0,0.0,1,1.0,-0.86,20.5,79.5
2023-01-24 19:00:00,162.79709902222,121.570414755556,121.590414005554,19.016666696666668,1.492,26.966666666666665,2,5.1764362714980825,70.66250196097344,19,1,1,-0.9659258262890684,0.2588190451025203,0.7818314824680298,0.6234898018587336,0.4999999999999999,0.8660254037844387,0.0,13.125,61.125,13.3,27.7,100.0,77.0,-3.5,3.7594383,0.0,0.1,19.06666666,26.7,27.316666666666663,27.35,27.03333333333333,27.35,-17.524666696666667,-0.3388888733333317,0.012,1.48,1.4026666666666665,19.179629654444444,1.4580000000000015,4.396844,4.441183,4.493487,4.4476624,4.47252,0,0.0,1,1.0,-0.93,23.4,76.6
2023-01-24 19:15:00,248.037855905554,148.526003172222,148.569057033332,19.06666666,1.4026666666666665,27.35,2,5.1764362714980825,70.66250196097344,19,1,1,-0.9659258262890684,0.2588190451025203,0.7818314824680298,0.6234898018587336,0.4999999999999999,0.8660254037844387,0.0,6.562500000000001,48.79166666666666,12.8,27.7,100.0,78.25,-3.25,3.8270495,0.0,0.125,19.31851848666667,26.966666666666665,26.7,27.316666666666663,27.35,27.5,-17.663999993333334,0.049999963333331,-0.0893333333333334,1.492,1.39,19.14629630888889,1.458222222222224,4.47252,4.396844,4.441183,4.493487,4.56429,0,0.0,0,1.0,-0.92,22.8,77.2
2023-01-24 19:30:00,147.923805077776,34.440566755556,34.470565555556,19.31851848666667,1.39,27.5,1,5.1764362714980825,70.66250196097344,19,1,1,-0.9659258262890684,0.2588190451025203,0.7818314824680298,0.6234898018587336,0.4999999999999999,0.8660254037844387,0.0,2.187500000000001,38.208333333333336,12.3,27.7,100.0,79.5,-3.0,3.8948805,0.0,0.15,19.07777777,27.35,26.966666666666665,26.7,27.316666666666663,27.6,-17.92851848666667,0.2518518266666696,-0.0126666666666666,1.4026666666666665,1.409333333333333,19.133950614444448,1.4282222222222238,4.56429,4.47252,4.396844,4.441183,4.5163608,0,0.0,1,1.0,-0.86,20.6,79.4
2023-01-24 19:45:00,133.519936755556,51.096567155556,51.120732888888,19.07777777,1.409333333333333,27.6,1,5.1764362714980825,70.66250196097344,19,1,1,-0.9659258262890684,0.2588190451025203,0.7818314824680298,0.6234898018587336,0.4999999999999999,0.8660254037844387,0.0,0.0,29.375,11.8,27.7,100.0,80.75,-2.75,3.9629326,0.0,0.175,18.83333335,27.5,27.35,26.966666666666665,26.7,28.433333333333334,-17.668444436666668,-0.2407407166666679,0.0193333333333334,1.39,1.358,19.154320972222223,1.4006666666666685,4.5163608,4.56429,4.47252,4.396844,4.586058,0,0.0,0,1.0,-0.92,22.7,77.3
2023-01-24 20:00:00,203.824624572218,144.9700343,145.001144255552,18.83333335,1.358,28.433333333333334,2,5.1764362714980825,70.66250196097344,20,1,1,-0.8660254037844386,0.5000000000000001,0.7818314824680298,0.6234898018587336,0.4999999999999999,0.8660254037844387,0.0,0.0,22.291666666666668,11.3,27.7,100.0,82.0,-2.5,4.031205,0.0,0.2,19.11666666,27.6,27.5,27.35,26.966666666666665,28.45,-17.475333349999996,-0.2444444200000042,-0.0513333333333332,1.409333333333333,1.354,19.076543202222226,1.3857777777777798,4.586058,4.5163608,4.56429,4.47252,4.666141,0,0.0,1,1.0,-0.97,24.8,75.2
2023-01-24 20:15:00,110.74418113889,58.061288588888,58.07989896111,19.11666666,1.354,28.45,1,5.1764362714980825,70.66250196097344,20,1,1,-0.8660254037844386,0.5000000000000001,0.7818314824680298,0.6234898018587336,0.4999999999999999,0.8660254037844387,0.0,0.0,16.25,11.475,26.9,100.0,82.25,-2.575,4.0157638,0.0,0.1,19.06851854,28.433333333333334,27.6,27.5,27.35,28.03333333333333,-17.76266666,0.2833333100000033,-0.0040000000000002,1.358,1.37,19.00925926,1.3737777777777795,4.666141,4.586058,4.5163608,4.56429,4.584765,0,0.0,1,1.0,-0.9,22.2,77.8
2023-01-24 20:30:00,88.88283337778,27.916661055556,27.938326855556003,19.06851854,1.37,28.03333333333333,1,5.1764362714980825,70.66250196097344,20,1,1,-0.8660254037844386,0.5000000000000001,0.7818314824680298,0.6234898018587336,0.4999999999999999,0.8660254037844387,0.0,0.0,11.25,11.65,26.1,100.0,82.5,-2.65,4.0003223,0.0,0.0,18.827777790000003,28.45,28.433333333333334,27.6,27.5,28.7,-17.69851854,-0.0481481200000004,0.0160000000000002,1.354,1.2866666666666666,19.00617285,1.3606666666666685,4.584765,4.666141,4.586058,4.5163608,4.62755,0,0.0,0,1.0,-0.92,22.7,77.3
2023-01-24 20:45:00,273.929042366668,136.0370583,136.1212216,18.827777790000003,1.2866666666666666,28.7,2,5.1764362714980825,70.66250196097344,20,1,1,-0.8660254037844386,0.5000000000000001,0.7818314824680298,0.6234898018587336,0.4999999999999999,0.8660254037844387,0.0,0.0,7.291666666666667,11.825,25.3,100.0,82.75,-2.725,3.98488,0.0,-0.1,19.03518515333333,28.03333333333333,28.45,28.433333333333334,27.6,28.816666666666663,-17.541111123333337,-0.2407407499999969,-0.0833333333333334,1.37,1.2753333333333332,19.004320996666667,1.3368888888888906,4.62755,4.584765,4.666141,4.586058,4.7036185,0,0.0,1,1.0,-0.97,24.7,75.3
2023-01-24 21:00:00,202.783277244444,74.179254944444,74.259807272222,19.03518515333333,1.2753333333333332,28.816666666666663,2,5.1764362714980825,70.66250196097344,21,1,1,-0.7071067811865477,0.7071067811865474,0.7818314824680298,0.6234898018587336,0.4999999999999999,0.8660254037844387,0.0,0.0,4.375,12.0,24.5,100.0,83.0,-2.8,3.9694374,0.0,-0.2,19.04444444,28.7,28.03333333333333,28.45,28.433333333333334,28.5,-17.75985182,0.2074073633333313,-0.0113333333333334,1.2866666666666666,1.232,18.977160494444448,1.3106666666666682,4.7036185,4.62755,4.584765,4.666141,4.654473,0,0.0,0,1.0,-0.92,22.8,77.2
2023-01-24 21:15:00,152.02752982222,32.885073461110004,32.963681433332,19.04444444,1.232,28.5,1,5.1764362714980825,70.66250196097344,21,1,1,-0.7071067811865477,0.7071067811865474,0.7818314824680298,0.6234898018587336,0.4999999999999999,0.8660254037844387,0.0,0.0,2.1875000000000004,11.975,24.675,100.0,83.25,-2.725,3.988269,0.025,-0.175,18.812962963333334,28.816666666666663,28.7,28.03333333333333,28.45,28.683333333333334,-17.81244444,0.0092592866666656,-0.0433333333333332,1.2753333333333332,1.248,18.969135794444444,1.2646666666666684,4.654473,4.7036185,4.62755,4.584765,4.620816,0,0.0,1,1.0,-0.92,22.8,77.2
2023-01-24 21:30:00,255.874486811112,135.956783727778,136.04178036111,18.812962963333334,1.248,28.683333333333334,2,5.1764362714980825,70.66250196097344,21,1,1,-0.7071067811865477,0.7071067811865474,0.7818314824680298,0.6234898018587336,0.4999999999999999,0.8660254037844387,0.0,0.0,0.729166666666667,11.95,24.85,100.0,83.5,-2.65,4.0071526,0.05,-0.15,19.10555553,28.5,28.816666666666663,28.7,28.03333333333333,28.95,-17.564962963333333,-0.2314814766666657,0.016,1.232,1.1700000000000002,18.96419751888889,1.2517777777777797,4.620816,4.654473,4.7036185,4.62755,4.745036,0,0.0,1,1.0,-0.97,24.9,75.1
2023-01-24 21:45:00,192.844230438886,73.890099811112,73.969541116666,19.10555553,1.1700000000000002,28.95,2,5.1764362714980825,70.66250196097344,21,1,1,-0.7071067811865477,0.7071067811865474,0.7818314824680298,0.6234898018587336,0.4999999999999999,0.8660254037844387,0.0,0.0,0.0,11.925,25.025,100.0,83.75,-2.575,4.0260873,0.075,-0.125,19.09999999,28.683333333333334,28.5,28.816666666666663,28.7,28.53333333333333,-17.93555553,0.2925925666666664,-0.0779999999999998,1.248,1.0633333333333337,18.98765431111111,1.2166666666666686,4.745036,4.620816,4.654473,4.7036185,4.675211,0,0.0,0,1.0,-0.9,22.2,77.8
2023-01-24 22:00:00,135.819567049998,31.062368555556,31.118755249998,19.09999999,1.0633333333333337,28.53333333333333,1,5.1764362714980825,70.66250196097344,22,1,1,-0.5000000000000004,0.8660254037844384,0.7818314824680298,0.6234898018587336,0.4999999999999999,0.8660254037844387,0.0,0.0,0.0,11.9,25.2,100.0,84.0,-2.5,4.0450745,0.1,-0.1,18.83333335,28.95,28.683333333333334,28.5,28.816666666666663,28.9,-18.036666656666668,-0.0055555399999995,-0.1066666666666666,1.1700000000000002,1.052,19.006172827777775,1.1604444444444464,4.675211,4.745036,4.620816,4.654473,4.6613283,0,0.0,1,1.0,-0.91,22.3,77.7
2023-01-24 22:15:00,272.96463664444,137.22645517222202,137.311451805554,18.83333335,1.052,28.9,2,5.1764362714980825,70.66250196097344,22,1,1,-0.5000000000000004,0.8660254037844384,0.7818314824680298,0.6234898018587336,0.4999999999999999,0.8660254037844387,0.0,0.0,0.0,11.65,25.2,96.5,84.25,-2.475,4.0501237,0.1,-0.125,19.06666666,28.53333333333333,28.95,28.683333333333334,28.5,29.28333333333333,-17.781333349999997,-0.2666666400000039,-0.0113333333333334,1.0633333333333337,0.988,19.012962956666662,1.095111111111113,4.6613283,4.675211,4.745036,4.620816,4.7886753,0,0.0,1,1.0,-0.96,24.7,75.3
2023-01-24 22:30:00,175.37492923888598,53.721184416666,53.798959072222,19.06666666,0.988,29.28333333333333,1,5.1764362714980825,70.66250196097344,22,1,1,-0.5000000000000004,0.8660254037844384,0.7818314824680298,0.6234898018587336,0.4999999999999999,0.8660254037844387,0.0,0.0,0.0,11.4,25.2,93.0,84.5,-2.45,4.0551424,0.1,-0.15,19.04444444,28.9,28.53333333333333,28.95,28.683333333333334,29.0,-18.07866666,0.2333333100000025,-0.064,1.052,0.924,19.0,1.0344444444444465,4.7886753,4.6613283,4.675211,4.745036,4.73613,0,0.0,1,1.0,-0.91,22.5,77.5
2023-01-24 22:45:00,175.67936146111,55.975538655556,56.050813444444,19.04444444,0.924,29.0,1,5.1764362714980825,70.66250196097344,22,1,1,-0.5000000000000004,0.8660254037844384,0.7818314824680298,0.6234898018587336,0.4999999999999999,0.8660254037844387,0.0,0.0,0.0,11.15,25.2,89.5,84.75,-2.425,4.0601296,0.1,-0.175,18.874074086666667,29.28333333333333,28.9,28.53333333333333,28.95,29.183333333333334,-18.12044444,-0.0222222199999997,-0.064,0.988,1.0133333333333332,18.981481483333337,0.9880000000000018,4.73613,4.7886753,4.6613283,4.675211,4.7183714,0,0.0,0,1.0,-0.92,22.7,77.3
2023-01-24 23:00:00,281.839837022224,153.004990688888,153.089153955556,18.874074086666667,1.0133333333333332,29.183333333333334,2,5.1764362714980825,70.66250196097344,23,1,1,-0.2588190451025215,0.965925826289068,0.7818314824680298,0.6234898018587336,0.4999999999999999,0.8660254037844387,0.0,0.0,0.0,10.9,25.2,86.0,85.0,-2.4,4.065087,0.1,-0.2,19.17222224,29.0,29.28333333333333,28.9,28.53333333333333,29.05,-17.860740753333335,-0.1703703533333325,0.0893333333333332,0.924,1.088,18.99506172888889,0.9751111111111128,4.7183714,4.73613,4.7886753,4.6613283,4.780178,0,0.0,1,1.0,-0.95,24.2,75.8
2023-01-24 23:15:00,108.650654066656,27.1055824,27.126970494442,19.17222224,1.088,29.05,1,5.1764362714980825,70.66250196097344,23,1,1,-0.2588190451025215,0.965925826289068,0.7818314824680298,0.6234898018587336,0.4999999999999999,0.8660254037844387,0.0,0.0,0.0,10.525,24.65,89.0,86.5,-2.475,4.0589533,0.075,-0.475,18.988888903333336,29.183333333333334,29.0,29.28333333333333,28.9,28.25,-18.08422224,0.298148153333333,0.0746666666666668,1.0133333333333332,1.142,19.030246922222226,1.0084444444444465,4.780178,4.7183714,4.73613,4.7886753,4.598543,0,0.0,1,1.0,-0.89,21.6,78.4
2023-01-24 23:30:00,114.187099116662,61.716142355556,61.729752994442,18.988888903333336,1.142,28.25,1,5.1764362714980825,70.66250196097344,23,1,1,-0.2588190451025215,0.965925826289068,0.7818314824680298,0.6234898018587336,0.4999999999999999,0.8660254037844387,0.0,0.0,0.0,10.15,24.1,92.0,88.0,-2.55,4.0514297,0.05,-0.75,18.73888887,29.05,29.183333333333334,29.0,29.28333333333333,28.5,-17.846888903333337,-0.1833333366666636,0.0539999999999998,1.088,1.0973333333333335,19.011728410000003,1.081111111111113,4.598543,4.780178,4.7183714,4.73613,4.5712175,0,0.0,0,1.0,-0.93,23.4,76.6
2023-01-24 23:45:00,155.798212272222,105.100240255556,105.117184111108,18.73888887,1.0973333333333335,28.5,2,5.1764362714980825,70.66250196097344,23,1,1,-0.2588190451025215,0.965925826289068,0.7818314824680298,0.6234898018587336,0.4999999999999999,0.8660254037844387,0.0,0.0,0.0,9.775,23.55,95.0,89.5,-2.625,4.0425653,0.0249999999999999,-1.025,18.66851853,28.25,29.05,29.183333333333334,29.0,28.5,-17.641555536666665,-0.2500000333333361,-0.0446666666666664,1.142,1.036,18.966666671111117,1.109111111111113,4.5712175,4.598543,4.780178,4.7183714,4.5522275,0,0.0,1,1.0,-0.99,25.6,74.4
2023-01-25 00:00:00,201.846092466668,155.737936883334,155.759324911112,18.66851853,1.036,28.5,2,5.1764362714980825,70.66250196097344,0,2,1,0.0,1.0,0.9749279121818236,-0.2225209339563143,0.4999999999999999,0.8660254037844387,0.0,0.0,0.0,9.4,23.0,98.0,91.0,-2.7,4.0324087,0.0,-1.3,19.09444442,28.5,28.25,29.05,29.183333333333334,28.1,-17.632518529999995,-0.0703703400000037,-0.0613333333333334,1.0973333333333335,0.952,18.798765434444448,1.0917777777777795,4.5522275,4.5712175,4.598543,4.780178,4.602701,0,0.0,0,1.0,-1.0,26.3,73.7
2023-01-25 00:15:00,94.451777344444,45.091251844444,45.102362549998,19.09444442,0.952,28.1,1,5.1764362714980825,70.66250196097344,0,2,1,0.0,1.0,0.9749279121818236,-0.2225209339563143,0.4999999999999999,0.8660254037844387,0.0,0.0,0.0,9.375,21.65,98.25,91.5,-2.85,3.9844818,0.05,-1.55,19.016666646666668,28.5,28.5,28.25,29.05,27.716666666666665,-18.14244442,0.425925890000002,-0.084,1.036,0.9153333333333332,18.833950606666665,1.0284444444444465,4.602701,4.5522275,4.5712175,4.598543,4.5191293,0,0.0,1,1.0,-0.91,22.4,77.6
2023-01-25 00:30:00,155.16851526111,86.825137955556,86.838470805554,19.016666646666668,0.9153333333333332,27.716666666666665,2,5.1764362714980825,70.66250196097344,0,2,1,0.0,1.0,0.9749279121818236,-0.2225209339563143,0.4999999999999999,0.8660254037844387,0.0,0.0,0.0,9.35,20.3,98.5,92.0,-3.0,3.9368618,0.1,-1.7999999999999998,18.97777777,28.1,28.5,28.5,28.25,27.9,-18.10133331333333,-0.0777777733333309,-0.0366666666666667,0.952,0.7933333333333333,18.92654319888889,0.9677777777777796,4.5191293,4.602701,4.5522275,4.5712175,4.538592,0,0.0,1,1.0,-0.93,23.2,76.8
2023-01-25 00:45:00,184.153466916666,132.562475055556,132.583307588888,18.97777777,0.7933333333333333,27.9,2,5.1764362714980825,70.66250196097344,0,2,1,0.0,1.0,0.9749279121818236,-0.2225209339563143,0.4999999999999999,0.8660254037844387,0.0,0.0,0.0,9.325,18.950000000000003,98.75,92.5,-3.15,3.889551,0.15,-2.05,19.198148156666665,27.716666666666665,28.1,28.5,28.5,27.066666666666663,-18.184444436666663,-0.0388888766666681,-0.1219999999999998,0.9153333333333332,0.8033333333333333,19.029629612222223,0.8868888888888907,4.538592,4.5191293,4.602701,4.5522275,4.4606314,0,0.0,0,1.0,-0.94,23.5,76.5
2023-01-25 01:00:00,76.73470840555001,34.928325011112,34.938880188888,19.198148156666665,0.8033333333333333,27.066666666666663,1,5.1764362714980825,70.66250196097344,1,2,1,0.2588190451025207,0.9659258262890684,0.9749279121818236,-0.2225209339563143,0.4999999999999999,0.8660254037844387,0.0,0.0,0.0,9.3,17.6,99.0,93.0,-3.3,3.8425534,0.2,-2.3,19.06111111,27.9,27.716666666666665,28.1,28.5,27.3,-18.39481482333333,0.2203703866666657,0.01,0.7933333333333333,0.804,19.06419752444444,0.8373333333333352,4.4606314,4.538592,4.5191293,4.602701,4.462881,0,0.0,1,1.0,-0.89,21.8,78.2
2023-01-25 01:15:00,213.399796950002,162.332673116666,162.355449955556,19.06111111,0.804,27.3,2,5.1764362714980825,70.66250196097344,1,2,1,0.2588190451025207,0.9659258262890684,0.9749279121818236,-0.2225209339563143,0.4999999999999999,0.8660254037844387,0.0,0.0,0.0,9.275,17.975,99.25,92.75,-3.325,3.8254974,0.175,-2.325,19.25925928,27.066666666666663,27.9,27.716666666666665,28.1,26.85,-18.257111110000004,-0.1370370466666628,0.0006666666666667,0.8033333333333333,0.7073333333333333,19.07901234555556,0.800222222222224,4.462881,4.4606314,4.538592,4.5191293,4.440884,0,0.0,1,1.0,-0.92,22.9,77.1
2023-01-25 01:30:00,81.087034172222,19.3167273,19.324504838886,19.25925928,0.7073333333333333,26.85,1,5.1764362714980825,70.66250196097344,1,2,1,0.2588190451025207,0.9659258262890684,0.9749279121818236,-0.2225209339563143,0.4999999999999999,0.8660254037844387,0.0,0.0,0.0,9.25,18.35,99.5,92.5,-3.35,3.808488,0.15,-2.35,19.083333340000003,27.3,27.066666666666663,27.9,27.716666666666665,26.85,-18.551925946666664,0.198148169999996,-0.0966666666666667,0.804,0.5973333333333334,19.172839515555555,0.7715555555555573,4.440884,4.462881,4.4606314,4.538592,4.395074,0,0.0,1,1.0,-0.88,21.3,78.7
2023-01-25 01:45:00,171.198151833332,109.955601583334,109.973100933332,19.083333340000003,0.5973333333333334,26.85,2,5.1764362714980825,70.66250196097344,1,2,1,0.2588190451025207,0.9659258262890684,0.9749279121818236,-0.2225209339563143,0.4999999999999999,0.8660254037844387,0.0,0.0,0.0,9.225,18.725,99.75,92.25,-3.375,3.7915244,0.125,-2.375,19.142592596666667,26.85,27.3,27.066666666666663,27.9,26.816666666666663,-18.486000006666668,-0.1759259399999955,-0.1099999999999998,0.7073333333333333,0.4866666666666667,19.13456791,0.7028888888888907,4.395074,4.440884,4.462881,4.4606314,4.404984,0,0.0,1,1.0,-0.92,22.8,77.2
2023-01-25 02:00:00,170.827055527778,118.807191955556,118.82580236111,19.142592596666667,0.4866666666666667,26.816666666666663,2,5.1764362714980825,70.66250196097344,2,2,1,0.4999999999999999,0.8660254037844387,0.9749279121818236,-0.2225209339563143,0.4999999999999999,0.8660254037844387,0.0,0.0,0.0,9.2,19.1,100.0,92.0,-3.4,3.7746086,0.1,-2.4,19.28333335,26.85,26.85,27.3,27.066666666666663,26.55,-18.65592593,0.0592592566666638,-0.1106666666666666,0.5973333333333334,0.382,19.16172840555556,0.5971111111111128,4.404984,4.395074,4.440884,4.462881,4.397495,0,0.0,0,1.0,-0.9,22.3,77.7
2023-01-25 02:15:00,91.364123022224,44.840428527778,44.851261477776,19.28333335,0.382,26.55,1,5.1764362714980825,70.66250196097344,2,2,1,0.4999999999999999,0.8660254037844387,0.9749279121818236,-0.2225209339563143,0.4999999999999999,0.8660254037844387,0.0,0.0,0.0,8.75,18.65,100.0,92.0,-3.575,3.7415552,0.075,-2.525,19.038888906666667,26.816666666666663,26.85,26.85,27.3,26.966666666666665,-18.90133335,0.1407407533333327,-0.1046666666666666,0.4866666666666667,0.236,19.16975309555556,0.4886666666666685,4.397495,4.404984,4.395074,4.440884,4.4026136,0,0.0,1,1.0,-0.87,21.1,78.9
2023-01-25 02:30:00,191.514283605554,148.7707156,148.793770244444,19.038888906666667,0.236,26.966666666666665,2,5.1764362714980825,70.66250196097344,2,2,1,0.4999999999999999,0.8660254037844387,0.9749279121818236,-0.2225209339563143,0.4999999999999999,0.8660254037844387,0.0,0.0,0.0,8.3,18.200000000000003,100.0,92.0,-3.75,3.7087564,0.05,-2.65,19.22777777,26.55,26.816666666666663,26.85,26.85,26.65,-18.802888906666663,-0.2444444433333323,-0.146,0.382,0.0993333333333333,19.154938284444444,0.368222222222224,4.4026136,4.397495,4.404984,4.395074,4.3996367,0,0.0,1,1.0,-0.93,23.2,76.8
2023-01-25 02:45:00,89.033383088884,27.003364272222,27.012808394442,19.22777777,0.0993333333333333,26.65,1,5.1764362714980825,70.66250196097344,2,2,1,0.4999999999999999,0.8660254037844387,0.9749279121818236,-0.2225209339563143,0.4999999999999999,0.8660254037844387,0.0,0.0,0.0,7.85,17.75,100.0,92.0,-3.925,3.6762102,0.0249999999999999,-2.775,19.04444444,26.966666666666665,26.55,26.816666666666663,26.85,26.683333333333334,-19.128444436666665,0.1888888633333323,-0.1366666666666667,0.236,0.138,19.183333342222223,0.2391111111111129,4.3996367,4.4026136,4.397495,4.404984,4.3577847,0,0.0,1,1.0,-0.89,21.6,78.4
2023-01-25 03:00:00,158.473383111108,98.492171272222,98.509115077776,19.04444444,0.138,26.683333333333334,2,5.1764362714980825,70.66250196097344,3,2,1,0.7071067811865476,0.7071067811865476,0.9749279121818236,-0.2225209339563143,0.4999999999999999,0.8660254037844387,0.0,0.0,0.0,7.4,17.3,100.0,92.0,-4.1,3.6439154,0.0,-2.9,18.9222222,26.65,26.966666666666665,26.55,26.816666666666663,27.0,-18.90644444,-0.1833333299999999,0.0386666666666666,0.0993333333333333,0.1826666666666666,19.10370370555556,0.1577777777777795,4.3577847,4.3996367,4.4026136,4.397495,4.377803,0,0.0,1,1.0,-0.93,23.2,76.8
2023-01-25 03:15:00,159.367791716666,116.553393227778,116.572836933332,18.9222222,0.1826666666666666,27.0,2,5.1764362714980825,70.66250196097344,3,2,1,0.7071067811865476,0.7071067811865476,0.9749279121818236,-0.2225209339563143,0.4999999999999999,0.8660254037844387,0.0,0.0,0.0,7.275,17.2,100.0,91.75,-4.125,3.6340137,0.025,-2.9,18.811111126666667,26.683333333333334,26.65,26.966666666666665,26.55,27.183333333333334,-18.73955553333333,-0.1222222399999992,0.0446666666666666,0.138,0.3573333333333333,19.06481480333333,0.1400000000000018,4.377803,4.3577847,4.3996367,4.4026136,4.37869,0,0.0,0,1.0,-0.95,24.2,75.8
2023-01-25 03:30:00,160.250534255552,110.582243216666,110.600298127774,18.811111126666667,0.3573333333333333,27.183333333333334,2,5.1764362714980825,70.66250196097344,3,2,1,0.7071067811865476,0.7071067811865476,0.9749279121818236,-0.2225209339563143,0.4999999999999999,0.8660254037844387,0.0,0.0,0.0,7.15,17.1,100.0,91.5,-4.15,3.6241117,0.05,-2.9,18.88888887,27.0,26.683333333333334,26.65,26.966666666666665,27.45,-18.45377779333333,-0.1111110733333333,0.1746666666666666,0.1826666666666666,0.4066666666666667,18.925925922222223,0.2260000000000017,4.37869,4.377803,4.3577847,4.3996367,4.4420123,0,0.0,0,1.0,-0.98,25.2,74.8
2023-01-25 03:45:00,157.93840444444402,111.798583394446,111.818304872222,18.88888887,0.4066666666666667,27.45,2,5.1764362714980825,70.66250196097344,3,2,1,0.7071067811865476,0.7071067811865476,0.9749279121818236,-0.2225209339563143,0.4999999999999999,0.8660254037844387,0.0,0.0,0.0,7.025,17.0,100.0,91.25,-4.175,3.6142094,0.075,-2.9,19.10185182,27.183333333333334,27.0,26.683333333333334,26.65,27.03333333333333,-18.482222203333336,0.0777777433333355,0.0493333333333333,0.3573333333333333,0.4679999999999999,18.87407406555556,0.3155555555555573,4.4420123,4.37869,4.377803,4.3577847,4.429919,0,0.0,0,1.0,-0.96,24.4,75.6
2023-01-25 04:00:00,108.418163083334,51.3496126,51.36100106111,19.10185182,0.4679999999999999,27.03333333333333,1,5.1764362714980825,70.66250196097344,4,2,1,0.8660254037844386,0.5000000000000001,0.9749279121818236,-0.2225209339563143,0.4999999999999999,0.8660254037844387,0.0,0.0,0.0,6.9,16.9,100.0,91.0,-4.2,3.604308,0.1,-2.9,18.93888888,27.45,27.183333333333334,27.0,26.683333333333334,27.3,-18.63385182,0.2129629499999978,0.0613333333333332,0.4066666666666667,0.5586666666666668,18.933950605555555,0.4106666666666684,4.429919,4.4420123,4.37869,4.377803,4.4308033,0,0.0,1,1.0,-0.91,22.6,77.4
2023-01-25 04:15:00,221.155042427774,159.881660044444,159.903603633332,18.93888888,0.5586666666666668,27.3,2,5.1764362714980825,70.66250196097344,4,2,1,0.8660254037844386,0.5000000000000001,0.9749279121818236,-0.2225209339563143,0.4999999999999999,0.8660254037844387,0.0,0.0,0.0,6.175000000000001,15.825,100.0,91.25,-4.225,3.588763,0.1,-3.0,19.19999998,27.03333333333333,27.45,27.183333333333334,27.0,26.85,-18.380222213333333,-0.1629629399999999,0.0906666666666667,0.4679999999999999,0.5633333333333334,18.97654319,0.4777777777777796,4.4308033,4.429919,4.4420123,4.37869,4.4254065,0,0.0,1,1.0,-0.95,24.0,76.0
2023-01-25 04:30:00,53.242870299996,0.0,0.0,19.19999998,0.5633333333333334,26.85,0,5.1764362714980825,70.66250196097344,4,2,1,0.8660254037844386,0.5000000000000001,0.9749279121818236,-0.2225209339563143,0.4999999999999999,0.8660254037844387,0.0,0.0,0.0,5.45,14.75,100.0,91.5,-4.25,3.573237,0.1,-3.1,19.03888886,27.3,27.03333333333333,27.45,27.183333333333334,26.85,-18.636666646666665,0.2611110999999972,0.0046666666666665,0.5586666666666668,0.43,19.08024689333333,0.5300000000000017,4.4254065,4.4308033,4.429919,4.4420123,4.383567,1,1.0,1,0.75,-0.89,21.8,78.2
2023-01-25 04:45:00,170.37707356111,127.0374183,127.05713976111,19.03888886,0.43,26.85,2,5.1764362714980825,70.66250196097344,4,2,1,0.8660254037844386,0.5000000000000001,0.9749279121818236,-0.2225209339563143,0.4999999999999999,0.8660254037844387,0.0,0.0,0.0,4.725,13.675,100.0,91.75,-4.275,3.5577302,0.1,-3.2,19.15000001,26.85,27.3,27.03333333333333,27.45,27.0,-18.60888886,-0.1611111199999975,-0.1333333333333333,0.5633333333333334,0.388,19.05925924,0.5173333333333351,4.383567,4.4254065,4.4308033,4.429919,4.437035,0,1.0,1,0.75,-0.93,23.2,76.8
2023-01-25 05:00:00,126.1524537,76.207229388888,76.22139552221999,19.15000001,0.388,27.0,2,5.1764362714980825,70.66250196097344,5,2,1,0.9659258262890684,0.2588190451025207,0.9749279121818236,-0.2225209339563143,0.4999999999999999,0.8660254037844387,0.0,0.0,0.0,4.0,12.6,100.0,92.0,-4.3,3.5422418,0.1,-3.3,19.15555554,26.85,26.85,27.3,27.03333333333333,26.7,-18.76200001,0.1111111499999992,-0.0419999999999999,0.43,0.31,19.129629616666666,0.4604444444444462,4.437035,4.383567,4.4254065,4.4308033,4.3891726,0,1.0,0,0.75,-0.9,22.2,77.8
2023-01-25 05:15:00,126.3241135,63.739394772222,63.751338777776,19.15555554,0.31,26.7,1,5.1764362714980825,70.66250196097344,5,2,1,0.9659258262890684,0.2588190451025207,0.9749279121818236,-0.2225209339563143,0.4999999999999999,0.8660254037844387,0.0,0.0,0.0,4.725,12.25,100.0,92.0,-4.475,3.5047626,0.075,-3.45,19.00555557333333,27.0,26.85,26.85,27.3,26.966666666666665,-18.845555540000003,0.0055555300000023,-0.078,0.388,0.2553333333333333,19.11481480333333,0.3760000000000018,4.3891726,4.437035,4.383567,4.4254065,4.393963,0,1.0,1,0.75,-0.9,22.2,77.8
2023-01-25 05:30:00,195.49440216111,142.301252172222,142.323195744444,19.00555557333333,0.2553333333333333,26.966666666666665,2,5.1764362714980825,70.66250196097344,5,2,1,0.9659258262890684,0.2588190451025207,0.9749279121818236,-0.2225209339563143,0.4999999999999999,0.8660254037844387,0.0,0.0,0.0,5.45,11.9,100.0,92.0,-4.65,3.467632,0.05,-3.6,19.24999999,26.7,27.0,26.85,26.85,26.65,-18.75022224,-0.1499999666666696,-0.0546666666666666,0.31,0.24,19.10370370777778,0.3177777777777795,4.393963,4.3891726,4.437035,4.383567,4.4054008,0,0.0,1,1.0,-0.94,23.5,76.5
2023-01-25 05:45:00,61.841692916666,11.834526616666,11.841193066664,19.24999999,0.24,26.65,1,5.1764362714980825,70.66250196097344,5,2,1,0.9659258262890684,0.2588190451025207,0.9749279121818236,-0.2225209339563143,0.4999999999999999,0.8660254037844387,0.0,0.0,0.0,6.175000000000001,11.55,100.0,92.0,-4.825,3.430848,0.0249999999999999,-3.75,19.001851833333333,26.966666666666665,26.7,27.0,26.85,26.683333333333334,-19.00999999,0.244444416666667,-0.0153333333333333,0.2553333333333333,0.2926666666666667,19.137037034444443,0.2684444444444462,4.4054008,4.393963,4.3891726,4.437035,4.3468447,0,0.0,1,1.0,-0.88,21.4,78.6
2023-01-25 06:00:00,179.965301149998,134.127968016666,134.148800516666,19.001851833333333,0.2926666666666667,26.683333333333334,2,5.1764362714980825,70.66250196097344,6,2,1,1.0,6.123233995736766e-17,0.9749279121818236,-0.2225209339563143,0.4999999999999999,0.8660254037844387,0.0,0.0,0.0,6.9,11.2,100.0,92.0,-5.0,3.3944073,0.0,-3.9,19.13888886,26.65,26.966666666666665,26.7,27.0,26.65,-18.709185166666668,-0.2481481566666659,0.0526666666666666,0.24,0.226,19.08580246555556,0.2626666666666684,4.3468447,4.4054008,4.393963,4.3891726,4.3766503,0,0.0,1,1.0,-0.94,23.6,76.4
2023-01-25 06:15:00,103.512248144448,60.166759883334,60.180092683334,19.13888886,0.226,26.65,1,5.1764362714980825,70.66250196097344,6,2,1,1.0,6.123233995736766e-17,0.9749279121818236,-0.2225209339563143,0.4999999999999999,0.8660254037844387,0.0,0.0,0.0,7.0,12.1,100.0,91.75,-5.0,3.397259,0.0,-3.85,19.12037034,26.683333333333334,26.65,26.966666666666665,26.7,26.5,-18.91288886,0.1370370266666682,-0.0666666666666666,0.2926666666666667,0.162,19.130246894444447,0.2528888888888906,4.3766503,4.3468447,4.4054008,4.393963,4.3472676,0,0.0,1,1.0,-0.91,22.4,77.6
2023-01-25 06:30:00,135.623463727778,69.63832543889,69.651380516666,19.12037034,0.162,26.5,1,5.1764362714980825,70.66250196097344,6,2,1,1.0,6.123233995736766e-17,0.9749279121818236,-0.2225209339563143,0.4999999999999999,0.8660254037844387,0.0,0.0,0.0,7.1,13.0,100.0,91.5,-5.0,3.400083,0.0,-3.8,18.97777774,26.65,26.683333333333334,26.65,26.966666666666665,26.8,-18.95837034,-0.0185185200000006,-0.064,0.226,0.208,19.087037011111114,0.2268888888888906,4.3472676,4.3766503,4.3468447,4.4054008,4.359651,0,0.0,0,1.0,-0.91,22.5,77.5
2023-01-25 06:45:00,190.730981588888,136.316769344444,136.337879649998,18.97777774,0.208,26.8,2,5.1764362714980825,70.66250196097344,6,2,1,1.0,6.123233995736766e-17,0.9749279121818236,-0.2225209339563143,0.4999999999999999,0.8660254037844387,0.0,0.0,0.0,7.2,13.9,100.0,91.25,-5.0,3.4028792,0.0,-3.75,19.19444445,26.5,26.65,26.683333333333334,26.65,26.35,-18.76977774,-0.1425926000000004,0.046,0.162,0.376,19.079012313333333,0.1986666666666684,4.359651,4.3472676,4.3766503,4.3468447,4.341575,0,0.0,1,1.0,-0.94,23.8,76.2
2023-01-25 07:00:00,66.640667583334,24.152644988888,24.161533566664,19.19444445,0.376,26.35,1,5.1764362714980825,70.66250196097344,7,2,1,0.9659258262890684,-0.2588190451025206,0.9749279121818236,-0.2225209339563143,0.4999999999999999,0.8660254037844387,0.0,0.0,0.0,7.3,14.8,100.0,91.0,-5.0,3.4056463,0.0,-3.7,18.96666667,26.8,26.5,26.65,26.683333333333334,26.35,-18.81844445,0.2166667099999983,0.168,0.208,0.3946666666666666,19.09753084333333,0.2486666666666684,4.341575,4.359651,4.3472676,4.3766503,4.2836375,0,0.0,1,1.0,-0.9,21.9,78.1
2023-01-25 07:15:00,478.295589711108,119.999644272222,120.019643472222,18.96666667,0.3946666666666666,26.35,2,5.1764362714980825,70.66250196097344,7,2,1,0.9659258262890684,-0.2588190451025206,0.9749279121818236,-0.2225209339563143,0.4999999999999999,0.8660254037844387,0.0,0.0,0.0,8.1,14.8,100.0,89.5,-4.95,3.4095244,0.0,-3.45,19.074074066666665,26.35,26.8,26.5,26.65,26.5,-18.572000003333333,-0.2277777800000002,0.0186666666666666,0.376,0.1893333333333333,19.046296286666664,0.326222222222224,4.2836375,4.341575,4.359651,4.3472676,4.335414,0,0.0,1,1.0,-0.95,24.0,76.0
2023-01-25 07:30:00,108.925642683338,63.396630683334,63.410519011112,19.074074066666665,0.1893333333333333,26.5,1,5.1764362714980825,70.66250196097344,7,2,1,0.9659258262890684,-0.2588190451025206,0.9749279121818236,-0.2225209339563143,0.4999999999999999,0.8660254037844387,0.0,0.0,0.0,8.9,14.8,100.0,88.0,-4.9,3.4123182,0.0,-3.2,19.04999999,26.35,26.35,26.8,26.5,26.2,-18.88474073333333,0.1074073966666659,-0.2053333333333333,0.3946666666666666,0.1606666666666666,19.078395062222224,0.3200000000000018,4.335414,4.2836375,4.341575,4.359651,4.280251,0,0.0,1,1.0,-0.92,23.0,77.0
2023-01-25 07:45:00,123.77449332222,65.271277927778,65.285999588888,19.04999999,0.1606666666666666,26.2,1,5.1764362714980825,70.66250196097344,7,2,1,0.9659258262890684,-0.2588190451025206,0.9749279121818236,-0.2225209339563143,0.4999999999999999,0.8660254037844387,0.0,0.0,0.0,9.7,14.8,100.0,86.5,-4.85,3.4139936,0.0,-2.95,18.92592592333333,26.5,26.35,26.35,26.8,26.466666666666665,-18.88933332333333,-0.0240740766666647,-0.0286666666666666,0.1893333333333333,0.1353333333333333,19.030246908888888,0.248222222222224,4.280251,4.335414,4.2836375,4.341575,4.2922664,0,0.0,0,1.0,-0.93,23.2,76.8
2023-01-25 08:00:00,209.884937583334,149.244863333332,149.2673624,18.92592592333333,0.1353333333333333,26.466666666666665,2,5.1764362714980825,70.66250196097344,8,2,1,0.8660254037844387,-0.4999999999999998,0.9749279121818236,-0.2225209339563143,0.4999999999999999,0.8660254037844387,0.0,0.0,0.0,10.5,14.8,100.0,85.0,-4.8,3.4145126,0.0,-2.7,19.14444444,26.2,26.5,26.35,26.35,26.15,-18.790592590000003,-0.1240740666666653,-0.0253333333333333,0.1606666666666666,0.3593333333333334,19.01666666,0.1617777777777795,4.2922664,4.280251,4.335414,4.2836375,4.2959433,0,0.0,1,1.0,-0.96,24.3,75.7
2023-01-25 08:15:00,53.498415511112,0.0,0.0,19.14444444,0.3593333333333334,26.15,0,5.1764362714980825,70.66250196097344,8,2,1,0.8660254037844387,-0.4999999999999998,0.9749279121818236,-0.2225209339563143,0.4999999999999999,0.8660254037844387,1.0,0.25,0.0833333333333333,10.2,16.225,100.0,84.75,-4.725,3.434591,0.025,-2.575,18.922222183333336,26.466666666666665,26.2,26.5,26.35,26.183333333333334,-18.785111106666665,0.2185185166666627,0.224,0.1353333333333333,0.6073333333333333,19.040123451111118,0.2184444444444462,4.2959433,4.2922664,4.280251,4.335414,4.245387,1,1.0,1,0.75,-0.91,22.4,77.6
2023-01-25 08:30:00,158.205338266664,115.713704616666,115.732592777776,18.922222183333336,0.6073333333333333,26.183333333333334,2,5.1764362714980825,70.66250196097344,8,2,1,0.8660254037844387,-0.4999999999999998,0.9749279121818236,-0.2225209339563143,0.4999999999999999,0.8660254037844387,2.0,0.75,0.25,9.9,17.65,100.0,84.5,-4.65,3.4547243,0.05,-2.45,19.00555557,26.15,26.466666666666665,26.2,26.5,26.45,-18.314888850000003,-0.2222222566666616,0.2479999999999999,0.3593333333333334,0.6093333333333334,18.99753084888889,0.3673333333333351,4.245387,4.2959433,4.2922664,4.280251,4.3097773,0,1.0,1,0.75,-0.96,24.4,75.6
2023-01-25 08:45:00,159.193632116662,108.6764861,108.695652049998,19.00555557,0.6093333333333334,26.45,2,5.1764362714980825,70.66250196097344,8,2,1,0.8660254037844387,-0.4999999999999998,0.9749279121818236,-0.2225209339563143,0.4999999999999999,0.8660254037844387,3.0,1.5,0.5,9.6,19.075,100.0,84.25,-4.575,3.4749122,0.075,-2.325,19.109259233333333,26.183333333333334,26.15,26.466666666666665,26.2,26.03333333333333,-18.39622223666667,0.0833333866666663,0.0020000000000001,0.6073333333333333,0.7406666666666666,19.024074064444445,0.5253333333333351,4.3097773,4.245387,4.2959433,4.2922664,4.267915,0,1.0,0,0.75,-0.94,23.6,76.4
2023-01-25 09:00:00,107.337928611108,44.871260644444,44.88348242222,19.109259233333333,0.7406666666666666,26.03333333333333,1,5.1764362714980825,70.66250196097344,9,2,1,0.7071067811865476,-0.7071067811865475,0.9749279121818236,-0.2225209339563143,0.4999999999999999,0.8660254037844387,4.0,2.5,0.8333333333333334,9.3,20.5,100.0,84.0,-4.5,3.4951556,0.1,-2.2,18.89999997,26.45,26.183333333333334,26.15,26.466666666666665,26.35,-18.368592566666667,0.1037036633333308,0.1313333333333332,0.6093333333333334,0.7266666666666667,19.012345662222227,0.6524444444444462,4.267915,4.3097773,4.245387,4.2959433,4.2668076,0,1.0,1,0.75,-0.92,22.7,77.3
2023-01-25 09:15:00,216.994375411112,158.466994383334,158.490326783334,18.89999997,0.7266666666666667,26.35,2,5.1764362714980825,70.66250196097344,9,2,1,0.7071067811865476,-0.7071067811865475,0.9749279121818236,-0.2225209339563143,0.4999999999999999,0.8660254037844387,7.75,4.1875,1.4791666666666667,8.950000000000001,19.975,100.0,83.5,-4.425,3.5172677,0.1,-2.0250000000000004,19.144444473333333,26.03333333333333,26.45,26.183333333333334,26.15,26.316666666666663,-18.173333303333333,-0.2092592633333332,-0.0139999999999999,0.7406666666666666,0.7766666666666667,19.00493825777778,0.692222222222224,4.2668076,4.267915,4.3097773,4.245387,4.3233237,0,0.0,1,1.0,-0.96,24.6,75.4
2023-01-25 09:30:00,182.527976322224,17.222088855556,17.235421705554,19.144444473333333,0.7766666666666667,26.316666666666663,1,5.1764362714980825,70.66250196097344,9,2,1,0.7071067811865476,-0.7071067811865475,0.9749279121818236,-0.2225209339563143,0.4999999999999999,0.8660254037844387,11.5,6.5625,2.4375,8.600000000000001,19.45,100.0,83.0,-4.35,3.539328,0.1,-1.85,18.96111113,26.35,26.03333333333333,26.45,26.183333333333334,26.8,-18.367777806666663,0.2444445033333337,0.05,0.7266666666666667,0.7613333333333333,19.05123455888889,0.7480000000000019,4.3233237,4.2668076,4.267915,4.3097773,4.355364,0,0.0,1,1.0,-0.91,22.4,77.6
2023-01-25 09:45:00,134.680168194442,83.145285188888,83.16139572777399,18.96111113,0.7613333333333333,26.8,2,5.1764362714980825,70.66250196097344,9,2,1,0.7071067811865476,-0.7071067811865475,0.9749279121818236,-0.2225209339563143,0.4999999999999999,0.8660254037844387,15.25,9.625,3.7083333333333335,8.25,18.925,100.0,82.5,-4.275,3.5613325,0.1,-1.675,18.76481482,26.316666666666663,26.35,26.03333333333333,26.45,27.75,-18.199777796666663,-0.1833333433333344,-0.0153333333333334,0.7766666666666667,0.072,19.00185185777778,0.7548888888888907,4.355364,4.3233237,4.2668076,4.267915,4.4577518,0,0.0,1,1.0,-0.95,23.9,76.1
2023-01-25 10:00:00,150.64480721667,92.457134866668,92.474911955556,18.76481482,0.072,27.75,2,5.1764362714980825,70.66250196097344,10,2,1,0.4999999999999999,-0.8660254037844387,0.9749279121818236,-0.2225209339563143,0.4999999999999999,0.8660254037844387,19.0,13.375,5.291666666666667,7.9,18.4,100.0,82.0,-4.2,3.5832772,0.1,-1.5,18.61666669,26.8,26.316666666666663,26.35,26.03333333333333,27.85,-18.69281482,-0.1962963099999974,-0.6893333333333334,0.7613333333333333,-0.1266666666666666,18.956790141111117,0.5366666666666685,4.4577518,4.355364,4.3233237,4.2668076,4.434774,0,0.0,0,1.0,-0.99,25.5,74.5
2023-01-25 10:15:00,181.829393166668,124.442522083334,124.463632388888,18.61666669,-0.1266666666666666,27.85,2,5.1764362714980825,70.66250196097344,10,2,1,0.4999999999999999,-0.8660254037844387,0.9749279121818236,-0.2225209339563143,0.4999999999999999,0.8660254037844387,27.5,18.3125,7.583333333333333,7.45,18.025,100.0,82.0,-4.05,3.6209602,0.125,-1.35,18.78148150333333,27.75,26.8,26.316666666666663,26.35,27.816666666666663,-18.743333356666664,-0.1481481300000027,-0.1986666666666666,0.072,-0.108,18.78086421333333,0.2355555555555573,4.434774,4.4577518,4.355364,4.3233237,4.472866,0,0.0,0,1.0,-1.02,27.0,73.0
2023-01-25 10:30:00,106.56073748333,50.79019056111,50.803523411108,18.78148150333333,-0.108,27.816666666666663,1,5.1764362714980825,70.66250196097344,10,2,1,0.4999999999999999,-0.8660254037844387,0.9749279121818236,-0.2225209339563143,0.4999999999999999,0.8660254037844387,36.0,24.4375,10.583333333333334,7.0,17.65,100.0,82.0,-3.9,3.6589906,0.15,-1.2,18.80555554,27.85,27.75,26.8,26.316666666666663,27.6,-18.889481503333336,0.1648148133333364,0.0186666666666666,-0.1266666666666666,-0.4393333333333333,18.720987671111114,-0.0542222222222204,4.472866,4.434774,4.4577518,4.355364,4.4443464,0,0.0,1,1.0,-0.98,25.4,74.6
2023-01-25 10:45:00,921.543970116666,98.360509905554,98.37884252222,18.80555554,-0.4393333333333333,27.6,2,5.1764362714980825,70.66250196097344,10,2,1,0.4999999999999999,-0.8660254037844387,0.9749279121818236,-0.2225209339563143,0.4999999999999999,0.8660254037844387,44.5,31.75,14.291666666666666,6.55,17.275,100.0,82.0,-3.75,3.697372,0.175,-1.05,18.844444446666667,27.816666666666663,27.85,27.75,26.8,28.98333333333333,-19.24488887333333,0.0240740366666649,-0.3313333333333332,-0.108,-0.3366666666666666,18.734567911111117,-0.2246666666666648,4.4443464,4.472866,4.434774,4.4577518,4.6778398,0,0.0,1,1.0,-0.98,25.2,74.8
2023-01-25 11:00:00,1303.952562027778,153.911065511112,153.936064527778,18.844444446666667,-0.3366666666666666,28.98333333333333,2,5.1764362714980825,70.66250196097344,11,2,1,0.258819045102521,-0.9659258262890682,0.9749279121818236,-0.2225209339563143,0.4999999999999999,0.8660254037844387,53.0,40.25,18.70833333333333,6.1,16.9,100.0,82.0,-3.6,3.7361057,0.2,-0.9,19.10555559,27.6,27.816666666666663,27.85,27.75,29.7,-19.181111113333333,0.0388889066666671,0.1026666666666666,-0.4393333333333333,-0.204,18.81049383,-0.2946666666666648,4.6778398,4.4443464,4.472866,4.434774,4.8679657,0,0.0,0,1.0,-0.96,24.5,75.5
2023-01-25 11:15:00,105.563555105554,0.0,0.0,19.10555559,-0.204,29.7,0,5.1764362714980825,70.66250196097344,11,2,1,0.258819045102521,-0.9659258262890682,0.9749279121818236,-0.2225209339563143,0.4999999999999999,0.8660254037844387,60.25,48.4375,23.64583333333333,6.275,17.45,100.0,81.5,-3.525,3.7521763,0.225,-0.75,18.86666668333333,28.98333333333333,27.6,27.816666666666663,27.85,30.33333333333333,-19.30955559,0.2611111433333306,0.1326666666666666,-0.3366666666666666,-0.168,18.918518525555555,-0.3266666666666649,4.8679657,4.6778398,4.4443464,4.472866,4.9021587,1,1.0,1,0.75,-0.9,22.0,78.0
2023-01-25 11:30:00,182.224933027774,120.7260041,120.747114405554,18.86666668333333,-0.168,30.33333333333333,2,5.1764362714980825,70.66250196097344,11,2,1,0.258819045102521,-0.9659258262890682,0.9749279121818236,-0.2225209339563143,0.4999999999999999,0.8660254037844387,67.5,56.3125,29.104166666666668,6.449999999999999,18.0,100.0,81.0,-3.45,3.7681236,0.25,-0.6,18.916666650000003,29.7,28.98333333333333,27.6,27.816666666666663,31.65,-19.03466668333333,-0.2388889066666664,0.036,-0.204,-0.3286666666666667,18.938888906666666,-0.2362222222222204,4.9021587,4.8679657,4.6778398,4.4443464,5.1300745,0,1.0,1,0.75,-0.95,24.0,76.0
2023-01-25 11:45:00,180.390839644444,132.256931744444,132.279708666664,18.916666650000003,-0.3286666666666667,31.65,2,5.1764362714980825,70.66250196097344,11,2,1,0.258819045102521,-0.9659258262890682,0.9749279121818236,-0.2225209339563143,0.4999999999999999,0.8660254037844387,74.75,63.875,35.083333333333336,6.625,18.55,100.0,80.5,-3.375,3.7839458,0.275,-0.4499999999999999,19.07037037,30.33333333333333,29.7,28.98333333333333,27.6,31.166666666666668,-19.24533331666667,0.0499999666666717,-0.1606666666666667,-0.168,-0.2433333333333333,18.962962974444448,-0.2335555555555538,5.1300745,4.9021587,4.8679657,4.6778398,5.0977683,0,1.0,0,0.75,-0.93,23.3,76.7
2023-01-25 12:00:00,62.836097488892,15.103284711112,15.113284294446,19.07037037,-0.2433333333333333,31.166666666666668,1,5.1764362714980825,70.66250196097344,12,2,1,1.2246467991473532e-16,-1.0,0.9749279121818236,-0.2225209339563143,0.4999999999999999,0.8660254037844387,82.0,71.125,41.583333333333336,6.8,19.1,100.0,80.0,-3.3,3.7996364,0.3,-0.3,18.79999997,31.65,30.33333333333333,29.7,28.98333333333333,30.9,-19.31370370333333,0.1537037199999957,0.0853333333333334,-0.3286666666666667,-0.2026666666666666,18.951234567777774,-0.2466666666666649,5.0977683,5.1300745,4.9021587,4.8679657,4.974103,0,1.0,1,0.75,-0.9,22.0,78.0
2023-01-25 12:15:00,172.345605949998,123.336455244444,123.357009988888,18.79999997,-0.2026666666666666,30.9,2,5.1764362714980825,70.66250196097344,12,2,1,1.2246467991473532e-16,-1.0,0.9749279121818236,-0.2225209339563143,0.4999999999999999,0.8660254037844387,78.5,75.6875,47.47916666666666,7.825,20.175,100.0,80.0,-3.3,3.8062036,0.325,-0.275,18.988888876666667,31.166666666666668,31.65,30.33333333333333,29.7,31.28333333333333,-19.002666636666664,-0.2703704000000009,0.0406666666666666,-0.2433333333333333,-0.1306666666666666,18.929012330000003,-0.2582222222222204,4.974103,5.0977683,5.1300745,4.9021587,5.0923104,0,0.0,1,1.0,-0.96,24.5,75.5
2023-01-25 12:30:00,337.908705261114,295.722337316666,295.763169033332,18.988888876666667,-0.1306666666666666,31.28333333333333,2,5.1764362714980825,70.66250196097344,12,2,1,1.2246467991473532e-16,-1.0,0.9749279121818236,-0.2225209339563143,0.4999999999999999,0.8660254037844387,75.0,77.5625,52.770833333333336,8.85,21.25,100.0,80.0,-3.3,3.8127801,0.35,-0.25,19.48333333,30.9,31.166666666666668,31.65,30.33333333333333,30.25,-19.11955554333333,0.1888889066666692,0.072,-0.2026666666666666,-0.3,18.95308640555556,-0.1922222222222204,5.0923104,4.974103,5.0977683,5.1300745,5.06964,0,0.0,0,1.0,-0.92,22.7,77.3
2023-01-25 12:45:00,74.028427694442,15.094118411112,15.1043958,19.48333333,-0.3,30.25,1,5.1764362714980825,70.66250196097344,12,2,1,1.2246467991473532e-16,-1.0,0.9749279121818236,-0.2225209339563143,0.4999999999999999,0.8660254037844387,71.5,76.75,57.458333333333336,9.875,22.325,100.0,80.0,-3.3,3.8193672,0.375,-0.225,19.209259223333333,31.28333333333333,30.9,31.166666666666668,31.65,29.716666666666665,-19.78333333,0.4944444533333332,-0.1693333333333333,-0.1306666666666666,-0.23,19.09074072555556,-0.2111111111111093,5.06964,5.0923104,4.974103,5.0977683,4.900563,0,0.0,1,1.0,-0.81,18.8,81.2
2023-01-25 13:00:00,114.929847055556,47.957526088888,47.969747866664,19.209259223333333,-0.23,29.716666666666665,1,5.1764362714980825,70.66250196097344,13,2,1,-0.2588190451025208,-0.9659258262890684,0.9749279121818236,-0.2225209339563143,0.4999999999999999,0.8660254037844387,68.0,73.25,61.54166666666666,10.9,23.4,100.0,80.0,-3.3,3.8259642,0.4,-0.2,18.8833333,30.25,31.28333333333333,30.9,31.166666666666668,30.35,-19.43925922333333,-0.2740741066666672,0.0699999999999999,-0.3,-0.1246666666666666,19.22716047666667,-0.2202222222222204,4.900563,5.06964,5.0923104,4.974103,4.909684,0,0.0,0,1.0,-0.87,21.1,78.9
2023-01-25 13:15:00,185.667850855552,143.55314656111,143.578423333332,18.8833333,-0.1246666666666666,30.35,2,5.1764362714980825,70.66250196097344,13,2,1,-0.2588190451025208,-0.9659258262890684,0.9749279121818236,-0.2225209339563143,0.4999999999999999,0.8660254037844387,72.75,71.8125,65.3125,10.85,23.95,100.0,79.5,-3.275,3.8283741,0.375,-0.1,19.02962962333333,29.716666666666665,30.25,31.28333333333333,30.9,30.133333333333333,-19.007999966666667,-0.3259259233333331,0.1053333333333333,-0.23,0.024,19.19197528444445,-0.2182222222222204,4.909684,4.900563,5.06964,5.0923104,4.91692,0,0.0,1,1.0,-0.95,23.9,76.1
2023-01-25 13:30:00,167.88383987778,125.715526727778,125.736081472222,19.02962962333333,0.024,30.133333333333333,2,5.1764362714980825,70.66250196097344,13,2,1,-0.2588190451025208,-0.9659258262890684,0.9749279121818236,-0.2225209339563143,0.4999999999999999,0.8660254037844387,77.5,72.4375,68.77083333333333,10.8,24.5,100.0,79.0,-3.25,3.8306122,0.35,0.0,18.95,30.35,29.716666666666665,30.25,31.28333333333333,29.55,-19.00562962333333,0.1462963233333347,0.1486666666666666,-0.1246666666666666,-0.0619999999999999,19.04074071555556,-0.1102222222222204,4.91692,4.909684,4.900563,5.06964,4.799126,0,0.0,0,1.0,-0.91,22.6,77.4
2023-01-25 13:45:00,555.28806533889,119.049126744444,119.072181388888,18.95,-0.0619999999999999,29.55,2,5.1764362714980825,70.66250196097344,13,2,1,-0.2588190451025208,-0.9659258262890684,0.9749279121818236,-0.2225209339563143,0.4999999999999999,0.8660254037844387,82.25,75.125,71.91666666666667,10.75,25.05,100.0,78.5,-3.225,3.8326745,0.325,0.1,18.918518516666666,30.133333333333333,30.35,29.716666666666665,30.25,29.966666666666665,-19.012,-0.0796296233333357,-0.086,0.024,-0.2733333333333334,18.95432097444445,-0.0542222222222204,4.799126,4.91692,4.909684,4.900563,4.857758,0,0.0,0,1.0,-0.93,23.4,76.6
2023-01-25 14:00:00,218.928742516666,168.269935633332,168.297156811108,18.918518516666666,-0.2733333333333334,29.966666666666665,2,5.1764362714980825,70.66250196097344,14,2,1,-0.4999999999999997,-0.8660254037844388,0.9749279121818236,-0.2225209339563143,0.4999999999999999,0.8660254037844387,87.0,79.875,74.75,10.7,25.6,100.0,78.0,-3.2,3.8345609,0.3,0.2,19.22777777,29.55,30.133333333333333,30.35,29.716666666666665,29.6,-19.19185185,-0.0314814833333336,-0.2113333333333333,-0.0619999999999999,-0.3686666666666667,18.96604938,-0.103777777777776,4.857758,4.799126,4.91692,4.909684,4.8866515,0,0.0,0,1.0,-0.94,23.6,76.4
2023-01-25 14:15:00,87.42066968333401,29.319938288888,29.33271556111,19.22777777,-0.3686666666666667,29.6,1,5.1764362714980825,70.66250196097344,14,2,1,-0.4999999999999997,-0.8660254037844388,0.9749279121818236,-0.2225209339563143,0.4999999999999999,0.8660254037844387,88.75,83.875,77.125,11.375,26.675,100.0,78.5,-3.1,3.8591416,0.425,0.2,19.024074053333333,29.966666666666665,29.55,30.133333333333333,30.35,29.216666666666665,-19.596444436666665,0.3092592533333338,-0.0953333333333333,-0.2733333333333334,-0.488,19.032098762222223,-0.2346666666666649,4.8866515,4.857758,4.799126,4.91692,4.7657833,0,0.0,1,1.0,-0.87,21.0,79.0
2023-01-25 14:30:00,133.65048710000002,77.82466463889,77.841886233332,19.024074053333333,-0.488,29.216666666666665,2,5.1764362714980825,70.66250196097344,14,2,1,-0.4999999999999997,-0.8660254037844388,0.9749279121818236,-0.2225209339563143,0.4999999999999999,0.8660254037844387,90.5,87.125,79.04166666666667,12.05,27.75,100.0,79.0,-3.0,3.8837218,0.55,0.2,18.86666664,29.6,29.966666666666665,29.55,30.133333333333333,29.8,-19.512074053333333,-0.2037037166666664,-0.1193333333333333,-0.3686666666666667,-0.512,19.05679011333333,-0.3766666666666649,4.7657833,4.8866515,4.857758,4.799126,4.8159666,0,0.0,1,1.0,-0.92,22.8,77.2
2023-01-25 14:45:00,210.797123211116,162.72987946111,162.755156249998,18.86666664,-0.512,29.8,2,5.1764362714980825,70.66250196097344,14,2,1,-0.4999999999999997,-0.8660254037844388,0.9749279121818236,-0.2225209339563143,0.4999999999999999,0.8660254037844387,92.25,89.625,80.5,12.725,28.825,100.0,79.5,-2.9,3.9083028,0.675,0.2,19.20555556,29.216666666666665,29.6,29.966666666666665,29.55,29.53333333333333,-19.37866664,-0.1574074133333312,-0.0239999999999999,-0.488,-0.532,19.03950615444445,-0.4562222222222205,4.8159666,4.7657833,4.8866515,4.857758,4.8692656,0,0.0,0,1.0,-0.95,24.2,75.8
2023-01-25 15:00:00,197.237388005554,154.901025927778,154.92685826111,19.20555556,-0.532,29.53333333333333,2,5.1764362714980825,70.66250196097344,15,2,1,-0.7071067811865471,-0.7071067811865479,0.9749279121818236,-0.2225209339563143,0.4999999999999999,0.8660254037844387,94.0,91.375,81.5,13.4,29.9,100.0,80.0,-2.8,3.932883,0.8,0.2,19.26666667,29.8,29.216666666666665,29.6,29.966666666666665,29.15,-19.73755556,0.3388889199999987,-0.02,-0.512,-0.4533333333333333,19.032098751111118,-0.5106666666666649,4.8692656,4.8159666,4.7657833,4.8866515,4.823398,0,0.0,0,1.0,-0.88,21.2,78.8
2023-01-25 15:15:00,61.398932711116,16.411287972222,16.422120905554,19.26666667,-0.4533333333333333,29.15,1,5.1764362714980825,70.66250196097344,15,2,1,-0.7071067811865471,-0.7071067811865479,0.9749279121818236,-0.2225209339563143,0.4999999999999999,0.8660254037844387,83.25,90.0,81.89583333333333,14.1,30.975,100.0,81.0,-2.7,3.9752014,1.05,0.175,18.937037046666667,29.53333333333333,29.8,29.216666666666665,29.6,29.0,-19.72000000333333,0.0611111099999988,0.0786666666666667,-0.532,-0.3266666666666667,19.112962956666667,-0.4991111111111093,4.823398,4.8692656,4.8159666,4.7657833,4.7061987,0,0.0,1,1.0,-0.86,20.8,79.2
2023-01-25 15:30:00,154.69464521667,89.621137211112,89.639192055556,18.937037046666667,-0.3266666666666667,29.0,2,5.1764362714980825,70.66250196097344,15,2,1,-0.7071067811865471,-0.7071067811865479,0.9749279121818236,-0.2225209339563143,0.4999999999999999,0.8660254037844387,72.5,85.5,81.6875,14.8,32.05,100.0,82.0,-2.6,4.0173616,1.3,0.15,18.73333333,29.15,29.53333333333333,29.8,29.216666666666665,29.3,-19.26370371333333,-0.3296296233333322,0.1266666666666666,-0.4533333333333333,-0.1006666666666666,19.136419758888888,-0.4373333333333316,4.7061987,4.823398,4.8692656,4.8159666,4.697988,0,0.0,1,1.0,-0.94,23.7,76.3
2023-01-25 15:45:00,173.264735750002,115.45899253889,115.47982503889,18.73333333,-0.1006666666666666,29.3,2,5.1764362714980825,70.66250196097344,15,2,1,-0.7071067811865471,-0.7071067811865479,0.9749279121818236,-0.2225209339563143,0.4999999999999999,0.8660254037844387,61.75,77.875,80.875,15.5,33.125,100.0,83.0,-2.5,4.059362,1.55,0.125,18.609259276666663,29.0,29.15,29.53333333333333,29.8,29.03333333333333,-18.833999996666662,-0.2037037166666664,0.226,-0.3266666666666667,0.344,18.97901234888889,-0.2935555555555538,4.697988,4.7061987,4.823398,4.8692656,4.6211786,0,0.0,0,1.0,-0.99,25.5,74.5
2023-01-25 16:00:00,146.307480766668,103.4741942,103.493360133332,18.609259276666663,0.344,29.03333333333333,2,5.1764362714980825,70.66250196097344,16,2,1,-0.8660254037844385,-0.5000000000000004,0.9749279121818236,-0.2225209339563143,0.4999999999999999,0.8660254037844387,51.0,67.125,79.45833333333333,16.2,34.2,100.0,84.0,-2.4,4.1012053,1.8,0.1,18.61666666,29.3,29.0,29.15,29.53333333333333,29.3,-18.265259276666665,-0.1240740533333344,0.4446666666666667,-0.1006666666666666,0.9526666666666668,18.75987655111111,-0.027777777777776,4.6211786,4.697988,4.7061987,4.823398,4.665669,0,0.0,0,1.0,-1.02,26.8,73.2
2023-01-25 16:15:00,230.276622033328,176.424887155556,176.450719488888,18.61666666,0.9526666666666668,29.3,2,5.1764362714980825,70.66250196097344,16,2,1,-0.8660254037844385,-0.5000000000000004,0.9749279121818236,-0.2225209339563143,0.4999999999999999,0.8660254037844387,41.0,56.5625,76.8125,16.35,34.650000000000006,100.0,83.0,-2.475,4.066353,1.55,0.15,19.09629628333333,29.03333333333333,29.3,29.0,29.15,28.85,-17.663999993333334,0.0074073833333336,0.6086666666666667,0.344,1.12,18.653086422222227,0.3986666666666684,4.665669,4.6211786,4.697988,4.7061987,4.726066,0,0.0,0,1.0,-1.01,26.6,73.4
2023-01-25 16:30:00,187.748045377776,144.305894183334,144.330337688888,19.09629628333333,1.12,28.85,2,5.1764362714980825,70.66250196097344,16,2,1,-0.8660254037844385,-0.5000000000000004,0.9749279121818236,-0.2225209339563143,0.4999999999999999,0.8660254037844387,31.0,46.1875,72.9375,16.5,35.1,100.0,82.0,-2.55,4.031205,1.3,0.2,19.26111111,29.3,29.03333333333333,29.3,29.0,28.15,-17.976296283333333,0.4796296233333343,0.1673333333333334,0.9526666666666668,1.194,18.77407407333333,0.8055555555555575,4.726066,4.665669,4.6211786,4.697988,4.6564054,0,0.0,0,1.0,-0.9,22.3,77.7
2023-01-25 16:45:00,61.528649788892,14.907737016666,14.917736616666,19.26111111,1.194,28.15,1,5.1764362714980825,70.66250196097344,16,2,1,-0.8660254037844385,-0.5000000000000004,0.9749279121818236,-0.2225209339563143,0.4999999999999999,0.8660254037844387,21.0,36.0,67.83333333333333,16.65,35.55,100.0,81.0,-2.625,3.995761,1.05,0.25,18.946296276666665,28.85,29.3,29.03333333333333,29.3,28.183333333333334,-18.067111110000003,0.1648148266666673,0.0739999999999998,1.12,1.2773333333333334,18.99135801777778,1.0888888888888906,4.6564054,4.726066,4.665669,4.6211786,4.576171,0,0.0,1,1.0,-0.87,21.0,79.0
2023-01-25 17:00:00,199.233974755556,133.555213127778,133.57576792222,18.946296276666665,1.2773333333333334,28.183333333333334,2,5.1764362714980825,70.66250196097344,17,2,1,-0.9659258262890684,-0.2588190451025206,0.9749279121818236,-0.2225209339563143,0.4999999999999999,0.8660254037844387,11.0,26.0,61.5,16.8,36.0,100.0,80.0,-2.7,3.9600196,0.8,0.3,19.07222222,28.15,28.85,29.3,29.03333333333333,28.45,-17.66896294333333,-0.3148148333333367,0.0833333333333334,1.194,1.392,19.101234556666668,1.197111111111113,4.576171,4.6564054,4.726066,4.665669,4.6539264,0,0.0,1,1.0,-0.94,23.8,76.2
2023-01-25 17:15:00,227.966714266668,172.100893455556,172.125892472222,19.07222222,1.392,28.45,2,5.1764362714980825,70.66250196097344,17,2,1,-0.9659258262890684,-0.2588190451025206,0.9749279121818236,-0.2225209339563143,0.4999999999999999,0.8660254037844387,9.75,18.1875,54.91666666666666,16.325,38.8,100.0,79.0,-2.7750000000000004,3.937478,0.625,0.3999999999999999,19.37037038,28.183333333333334,28.15,28.85,29.3,28.03333333333333,-17.68022222,0.1259259433333355,0.1146666666666664,1.2773333333333334,1.5493333333333337,19.09320986888889,1.2877777777777797,4.6539264,4.576171,4.6564054,4.726066,4.6670322,0,0.0,0,1.0,-0.91,22.6,77.4
2023-01-25 17:30:00,80.30289883889,38.055699944444,38.067643933332,19.37037038,1.5493333333333337,28.03333333333333,1,5.1764362714980825,70.66250196097344,17,2,1,-0.9659258262890684,-0.2588190451025206,0.9749279121818236,-0.2225209339563143,0.4999999999999999,0.8660254037844387,8.5,12.5625,48.083333333333336,15.85,41.6,100.0,78.0,-2.85,3.9144142,0.45,0.5,19.13888892,28.45,28.183333333333334,28.15,28.85,28.05,-17.821037046666667,0.2981481600000002,0.1573333333333335,1.392,1.6306666666666667,19.129629625555555,1.4062222222222245,4.6670322,4.6539264,4.576171,4.6564054,4.606568,0,0.0,1,1.0,-0.85,20.1,79.9
2023-01-25 17:45:00,110.762513705558,64.569083766668,64.582416633332,19.13888892,1.6306666666666667,28.05,1,5.1764362714980825,70.66250196097344,17,2,1,-0.9659258262890684,-0.2588190451025206,0.9749279121818236,-0.2225209339563143,0.4999999999999999,0.8660254037844387,7.25,9.125,41.0,15.375,44.400000000000006,100.0,77.0,-2.925,3.8908234,0.275,0.6,18.94074075,28.03333333333333,28.45,28.183333333333334,28.15,28.65,-17.508222253333333,-0.2314814600000012,0.0813333333333332,1.5493333333333337,1.6813333333333331,19.19382717333333,1.5240000000000018,4.606568,4.6670322,4.6539264,4.576171,4.6504173,0,0.0,0,1.0,-0.9,22.1,77.9
2023-01-25 18:00:00,202.608839672226,151.7889282,151.81087173889,18.94074075,1.6813333333333331,28.65,2,5.1764362714980825,70.66250196097344,18,2,1,-1.0,-1.8369701987210294e-16,0.9749279121818236,-0.2225209339563143,0.4999999999999999,0.8660254037844387,6.0,7.875,33.666666666666664,14.9,47.2,100.0,76.0,-3.0,3.8667006,0.1,0.7,19.2222222,28.05,28.03333333333333,28.45,28.183333333333334,28.75,-17.259407416666665,-0.1981481699999996,0.0506666666666666,1.6306666666666667,2.2613333333333334,19.150000016666667,1.6204444444444464,4.6504173,4.606568,4.6670322,4.6539264,4.7447724,0,0.0,1,1.0,-0.94,23.7,76.3
2023-01-25 18:15:00,895.329185333336,61.141443127778,61.158664688888,19.2222222,2.2613333333333334,28.75,1,5.1764362714980825,70.66250196097344,18,2,1,-1.0,-1.8369701987210294e-16,0.9749279121818236,-0.2225209339563143,0.4999999999999999,0.8660254037844387,4.5,6.5625,27.104166666666668,13.7,43.05,100.0,76.5,-2.825,3.9255915,0.1,0.825,19.127777746666663,28.65,28.05,28.03333333333333,28.45,30.53333333333333,-16.960888866666664,0.2814814499999976,0.5800000000000001,1.6813333333333331,2.46,19.10061729,1.85777777777778,4.7447724,4.6504173,4.606568,4.6670322,5.011114,0,0.0,1,1.0,-0.88,21.2,78.8
2023-01-25 18:30:00,1290.029507955552,0.0,0.0,19.127777746666663,2.46,30.53333333333333,0,5.1764362714980825,70.66250196097344,18,2,1,-1.0,-1.8369701987210294e-16,0.9749279121818236,-0.2225209339563143,0.4999999999999999,0.8660254037844387,3.0,5.1875,21.3125,12.5,38.900000000000006,100.0,77.0,-2.65,3.9851725,0.1,0.95,18.77777775,28.75,28.65,28.05,28.03333333333333,33.85,-16.667777746666665,-0.094444453333331,0.1986666666666665,2.2613333333333334,1.942,19.09691356555556,2.134222222222224,5.011114,4.7447724,4.6504173,4.606568,5.4418225,1,1.0,1,0.75,-0.89,21.7,78.3
2023-01-25 18:45:00,1394.776428944444,40.1542271,40.16506,18.77777775,1.942,33.85,1,5.1764362714980825,70.66250196097344,18,2,1,-1.0,-1.8369701987210294e-16,0.9749279121818236,-0.2225209339563143,0.4999999999999999,0.8660254037844387,1.5,3.75,16.291666666666668,11.3,34.75,100.0,77.5,-2.475,4.045451,0.1,1.075,18.720370366666668,30.53333333333333,28.75,28.65,28.05,37.16666666666666,-16.83577775,-0.3499999966666678,-0.518,2.46,1.1893333333333334,19.042592565555555,2.221111111111113,5.4418225,5.011114,4.7447724,4.6504173,5.95477,0,1.0,1,0.75,-0.95,24.1,75.9
2023-01-25 19:00:00,1461.785415094446,75.972516511112,75.98196060000001,18.720370366666668,1.1893333333333334,37.16666666666666,2,5.1764362714980825,70.66250196097344,19,2,1,-0.9659258262890684,0.2588190451025203,0.9749279121818236,-0.2225209339563143,0.4999999999999999,0.8660254037844387,0.0,2.25,12.041666666666666,10.1,30.6,100.0,78.0,-2.3,4.1064334,0.1,1.2,18.86666668,33.85,30.53333333333333,28.75,28.65,37.25,-17.531037033333334,-0.0574073833333308,-0.7526666666666666,1.942,0.7846666666666666,18.875308621111117,1.86377777777778,5.95477,5.4418225,5.011114,4.7447724,6.019959,0,1.0,1,0.75,-0.95,24.0,76.0
2023-01-25 19:15:00,1330.89731772777,0.0,0.0,18.86666668,0.7846666666666666,37.25,0,5.1764362714980825,70.66250196097344,19,2,1,-0.9659258262890684,0.2588190451025203,0.9749279121818236,-0.2225209339563143,0.4999999999999999,0.8660254037844387,0.0,1.125,8.625,10.45,28.35,100.0,79.25,-1.85,4.236709,0.1,1.425,18.62037039,37.16666666666666,33.85,30.53333333333333,28.75,36.9,-18.08200001333333,0.1462963133333303,-0.4046666666666667,1.1893333333333334,0.6533333333333334,18.788271598888887,1.3053333333333352,6.019959,5.95477,5.4418225,5.011114,5.877166,1,2.0,1,0.5,-0.91,22.6,77.4
2023-01-25 19:30:00,1270.74777930555,0.0,0.0,18.62037039,0.6533333333333334,36.9,0,5.1764362714980825,70.66250196097344,19,2,1,-0.9659258262890684,0.2588190451025203,0.9749279121818236,-0.2225209339563143,0.4999999999999999,0.8660254037844387,0.0,0.375,6.041666666666667,10.8,26.1,100.0,80.5,-1.4,4.3699026,0.1,1.65,18.45555553,37.25,37.16666666666666,33.85,30.53333333333333,39.2,-17.96703705666667,-0.2462962899999965,-0.1313333333333332,0.7846666666666666,0.626,18.73580247888889,0.8757777777777798,5.877166,6.019959,5.95477,5.4418225,6.182835,0,2.0,0,0.5,-0.97,25.0,75.0
2023-01-25 19:45:00,1244.175508872218,0.0,0.0,18.45555553,0.626,39.2,0,5.1764362714980825,70.66250196097344,19,2,1,-0.9659258262890684,0.2588190451025203,0.9749279121818236,-0.2225209339563143,0.4999999999999999,0.8660254037844387,0.0,0.0,4.291666666666667,11.15,23.85,100.0,81.75,-0.95,4.5060663,0.1,1.875,18.37222221333333,36.9,37.25,37.16666666666666,33.85,39.35,-17.82955553,-0.1648148599999999,-0.0273333333333334,0.6533333333333334,0.61,18.647530866666667,0.6880000000000019,6.182835,5.877166,6.019959,5.95477,6.1759043,0,3.0,0,0.25,-1.0,26.1,73.9
2023-01-25 20:00:00,558.655986383326,41.784995216666,41.79582818333,18.37222221333333,0.61,39.35,1,5.1764362714980825,70.66250196097344,20,2,1,-0.8660254037844386,0.5000000000000001,0.9749279121818236,-0.2225209339563143,0.4999999999999999,0.8660254037844387,0.0,0.0,3.375,11.5,21.6,100.0,83.0,-0.5,4.6452527,0.1,2.1,18.39444444,39.2,36.9,37.25,37.16666666666666,38.95,-17.76222221333333,-0.0833333166666712,-0.016,0.626,0.5673333333333334,18.482716044444444,0.6297777777777798,6.1759043,6.182835,5.877166,6.019959,6.1211863,0,3.0,1,0.25,-1.02,26.8,73.2
2023-01-25 20:15:00,293.292712455548,141.471285355556,141.53572726111,18.39444444,0.5673333333333334,38.95,2,5.1764362714980825,70.66250196097344,20,2,1,-0.8660254037844386,0.5000000000000001,0.9749279121818236,-0.2225209339563143,0.4999999999999999,0.8660254037844387,0.0,0.0,2.5625,11.1,26.55,99.5,83.0,-0.55,4.6295524,2.0,2.05,18.63703702333333,39.35,39.2,36.9,37.25,38.16666666666666,-17.827111106666663,0.0222222266666669,-0.0426666666666666,0.61,0.3466666666666667,18.407407394444444,0.601111111111113,6.1211863,6.1759043,6.182835,5.877166,6.0849104,0,2.0,1,0.5,-1.01,26.7,73.3
2023-01-25 20:30:00,215.83942166111,44.298228016666,44.369614094442,18.63703702333333,0.3466666666666667,38.16666666666666,1,5.1764362714980825,70.66250196097344,20,2,1,-0.8660254037844386,0.5000000000000001,0.9749279121818236,-0.2225209339563143,0.4999999999999999,0.8660254037844387,0.0,0.0,1.8541666666666667,10.7,31.5,99.0,83.0,-0.6,4.6138983,3.9,2.0,18.60000002,38.95,39.35,39.2,36.9,37.15,-18.290370356666667,0.2425925833333373,-0.2206666666666666,0.5673333333333334,0.362,18.467901225555558,0.5080000000000019,6.0849104,6.1211863,6.1759043,6.182835,5.9098525,0,1.0,1,0.75,-0.96,24.5,75.5
2023-01-25 20:45:00,220.821444572222,55.663051122224,55.735548288888,18.60000002,0.362,37.15,1,5.1764362714980825,70.66250196097344,20,2,1,-0.8660254037844386,0.5000000000000001,0.9749279121818236,-0.2225209339563143,0.4999999999999999,0.8660254037844387,0.0,0.0,1.25,10.3,36.45,98.5,83.0,-0.6499999999999999,4.59829,5.800000000000001,1.95,18.544444443333337,38.16666666666666,38.95,39.35,39.2,37.0,-18.23800002,-0.0370370033333351,0.0153333333333333,0.3466666666666667,0.682,18.543827161111118,0.4253333333333353,5.9098525,6.0849104,6.1211863,6.1759043,5.866659,0,0.0,0,1.0,-0.98,25.1,74.9
2023-01-25 21:00:00,311.363933811112,143.384819911112,143.466483327778,18.544444443333337,0.682,37.0,2,5.1764362714980825,70.66250196097344,21,2,1,-0.7071067811865477,0.7071067811865474,0.9749279121818236,-0.2225209339563143,0.4999999999999999,0.8660254037844387,0.0,0.0,0.75,9.9,41.4,98.0,83.0,-0.7,4.5827303,7.7,1.9,18.77777775,37.15,38.16666666666666,38.95,39.35,36.95,-17.862444443333338,-0.0555555766666628,0.32,0.362,0.9546666666666668,18.593827162222222,0.4635555555555575,5.866659,5.9098525,6.0849104,6.1211863,5.940188,0,0.0,1,1.0,-0.99,25.7,74.3
2023-01-25 21:15:00,289.006217188884,113.968774383334,114.047937949998,18.77777775,0.9546666666666668,36.95,2,5.1764362714980825,70.66250196097344,21,2,1,-0.7071067811865477,0.7071067811865474,0.9749279121818236,-0.2225209339563143,0.4999999999999999,0.8660254037844387,0.0,0.0,0.375,9.225,41.125,98.5,83.5,-0.625,4.6103363,7.125,1.9,18.875925906666662,37.0,37.15,38.16666666666666,38.95,36.35,-17.82311108333333,0.2333333066666618,0.2726666666666666,0.682,1.152,18.64074073777778,0.6662222222222242,5.940188,5.866659,5.9098525,6.0849104,5.8777246,0,0.0,0,1.0,-0.94,23.5,76.5
2023-01-25 21:30:00,153.994117922216,0.0,0.0,18.875925906666662,1.152,36.35,0,5.1764362714980825,70.66250196097344,21,2,1,-0.7071067811865477,0.7071067811865474,0.9749279121818236,-0.2225209339563143,0.4999999999999999,0.8660254037844387,0.0,0.0,0.125,8.55,40.85,99.0,84.0,-0.55,4.6379433,6.550000000000001,1.9,18.62777781,36.95,37.0,37.15,38.16666666666666,36.05,-17.723925906666665,0.0981481566666673,0.1973333333333334,0.9546666666666668,1.396,18.732716033333336,0.9295555555555576,5.8777246,5.940188,5.866659,5.9098525,5.7443004,1,1.0,1,0.75,-0.92,22.7,77.3
2023-01-25 21:45:00,229.86469396111,99.735454855556,99.798230177776,18.62777781,1.396,36.05,2,5.1764362714980825,70.66250196097344,21,2,1,-0.7071067811865477,0.7071067811865474,0.9749279121818236,-0.2225209339563143,0.4999999999999999,0.8660254037844387,0.0,0.0,0.0,7.875,40.575,99.5,84.5,-0.475,4.6655507,5.9750000000000005,1.9,18.688888873333333,36.35,36.95,37.0,37.15,36.28333333333333,-17.23177781,-0.2481480966666644,0.244,1.152,1.5513333333333332,18.760493822222223,1.1675555555555577,5.7443004,5.8777246,5.940188,5.866659,5.8024263,0,1.0,1,0.75,-0.97,25.1,74.9
2023-01-25 22:00:00,223.19384972222,138.207527044444,138.225026394442,18.688888873333333,1.5513333333333332,36.28333333333333,2,5.1764362714980825,70.66250196097344,22,2,1,-0.5000000000000004,0.8660254037844384,0.9749279121818236,-0.2225209339563143,0.4999999999999999,0.8660254037844387,0.0,0.0,0.0,7.2,40.3,100.0,85.0,-0.4,4.6931577,5.4,1.9,18.77777778,36.05,36.35,36.95,37.0,35.7,-17.13755554,0.0611110633333318,0.1553333333333331,1.396,1.6353333333333333,18.73086419666667,1.3664444444444463,5.8024263,5.7443004,5.8777246,5.940188,5.739234,0,1.0,0,0.75,-0.96,24.4,75.6
2023-01-25 22:15:00,581.358966844448,106.979331755556,106.994608944444,18.77777778,1.6353333333333333,35.7,2,5.1764362714980825,70.66250196097344,22,2,1,-0.5000000000000004,0.8660254037844384,0.9749279121818236,-0.2225209339563143,0.4999999999999999,0.8660254037844387,0.0,0.0,0.0,7.8,35.175,100.0,85.0,-0.35,4.709092,4.075,1.95,18.703703686666664,36.28333333333333,36.05,36.35,36.95,35.96666666666667,-17.14244444666667,0.0888889066666678,0.084,1.5513333333333332,2.226,18.698148154444446,1.5275555555555576,5.739234,5.8024263,5.7443004,5.8777246,5.7568293,0,1.0,0,0.75,-0.94,23.7,76.3
2023-01-25 22:30:00,184.892881772222,98.615777427778,98.629110277776,18.703703686666664,2.226,35.96666666666667,2,5.1764362714980825,70.66250196097344,22,2,1,-0.5000000000000004,0.8660254037844384,0.9749279121818236,-0.2225209339563143,0.4999999999999999,0.8660254037844387,0.0,0.0,0.0,8.4,30.05,100.0,85.0,-0.3,4.7250767,2.75,2.0,18.85,35.7,36.28333333333333,36.05,36.35,35.65,-16.477703686666665,-0.074074093333337,0.5906666666666667,1.6353333333333333,2.071333333333333,18.72345678,1.804222222222224,5.7568293,5.739234,5.8024263,5.7443004,5.755712,0,0.0,0,1.0,-0.96,24.4,75.6
2023-01-25 22:45:00,96.16365338333,0.0,0.0,18.85,2.071333333333333,35.65,0,5.1764362714980825,70.66250196097344,22,2,1,-0.5000000000000004,0.8660254037844384,0.9749279121818236,-0.2225209339563143,0.4999999999999999,0.8660254037844387,0.0,0.0,0.0,9.0,24.925,100.0,85.0,-0.25,4.741108,1.4250000000000005,2.05,18.68148151333333,35.96666666666667,35.7,36.28333333333333,36.05,35.68333333333333,-16.778666666666666,0.1462963133333374,-0.1546666666666665,2.226,1.6926666666666668,18.77716048888889,1.9775555555555575,5.755712,5.7568293,5.739234,5.8024263,5.7039757,1,1.0,1,0.75,-0.93,23.1,76.9
2023-01-25 23:00:00,183.703207144444,110.803901,110.81917822222,18.68148151333333,1.6926666666666668,35.68333333333333,2,5.1764362714980825,70.66250196097344,23,2,1,-0.2588190451025215,0.965925826289068,0.9749279121818236,-0.2225209339563143,0.4999999999999999,0.8660254037844387,0.0,0.0,0.0,9.6,19.8,100.0,85.0,-0.2,4.7571874,0.1,2.1,18.86111109,35.65,35.96666666666667,35.7,36.28333333333333,35.55,-16.988814846666664,-0.1685184866666702,-0.3786666666666667,2.071333333333333,1.3413333333333337,18.745061733333333,1.9966666666666688,5.7039757,5.755712,5.7568293,5.739234,5.7433367,0,1.0,1,0.75,-0.96,24.6,75.4
2023-01-25 23:15:00,112.07440576111,43.8590789,43.866856438886,18.86111109,1.3413333333333337,35.55,1,5.1764362714980825,70.66250196097344,23,2,1,-0.2588190451025215,0.965925826289068,0.9749279121818236,-0.2225209339563143,0.4999999999999999,0.8660254037844387,0.0,0.0,0.0,8.775,19.8,100.0,85.0,-0.0499999999999999,4.8057094,0.1,2.25,18.842592576666668,35.68333333333333,35.65,35.96666666666667,35.7,34.56666666666667,-17.519777756666667,0.1796295766666702,-0.3513333333333333,1.6926666666666668,1.1966666666666663,18.797530867777777,1.7017777777777798,5.7433367,5.7039757,5.755712,5.7568293,5.5783653,0,1.0,1,0.75,-0.92,23.0,77.0
2023-01-25 23:30:00,117.9902802,44.759598411112,44.768487005554,18.842592576666668,1.1966666666666663,34.56666666666667,1,5.1764362714980825,70.66250196097344,23,2,1,-0.2588190451025215,0.965925826289068,0.9749279121818236,-0.2225209339563143,0.4999999999999999,0.8660254037844387,0.0,0.0,0.0,7.95,19.8,100.0,85.0,0.1,4.8546667,0.1,2.4000000000000004,18.73888889,35.55,35.68333333333333,35.65,35.96666666666667,34.75,-17.645925910000003,-0.0185185133333334,-0.1446666666666669,1.3413333333333337,1.1693333333333331,18.795061726666667,1.410222222222224,5.5783653,5.7433367,5.7039757,5.755712,5.5736775,0,1.0,0,0.75,-0.93,23.4,76.6
2023-01-25 23:45:00,216.393288355556,126.595491544444,126.613824177776,18.73888889,1.1693333333333331,34.75,2,5.1764362714980825,70.66250196097344,23,2,1,-0.2588190451025215,0.965925826289068,0.9749279121818236,-0.2225209339563143,0.4999999999999999,0.8660254037844387,0.0,0.0,0.0,7.125,19.8,100.0,85.0,0.25,4.9040585,0.1,2.5500000000000003,19.012962986666665,34.56666666666667,35.55,35.68333333333333,35.65,33.88333333333333,-17.569555556666664,-0.1037036866666696,-0.0273333333333332,1.1966666666666663,1.0426666666666666,18.81419751888889,1.2357777777777796,5.5736775,5.5783653,5.7433367,5.7039757,5.5233803,0,0.0,1,1.0,-0.96,24.3,75.7
2023-01-26 00:00:00,83.76942698888399,0.0,0.0,19.012962986666665,1.0426666666666666,33.88333333333333,0,5.1764362714980825,70.66250196097344,0,3,1,0.0,1.0,0.4338837391175582,-0.900968867902419,0.4999999999999999,0.8660254037844387,0.0,0.0,0.0,6.3,19.8,100.0,85.0,0.4,4.9538903,0.1,2.7,18.8111111,34.75,34.56666666666667,35.55,35.68333333333333,33.85,-17.97029632,0.2740740966666664,-0.1266666666666667,1.1693333333333331,1.048,18.86481481777778,1.136222222222224,5.5233803,5.5736775,5.5783653,5.7433367,5.4525557,1,1.0,1,0.75,-0.9,22.0,78.0
2023-01-26 00:15:00,162.897650616662,98.319955944444,98.334399866664,18.8111111,1.048,33.85,2,5.1764362714980825,70.66250196097344,0,3,1,0.0,1.0,0.4338837391175582,-0.900968867902419,0.4999999999999999,0.8660254037844387,0.0,0.0,0.0,6.625,17.65,100.0,86.25,0.45,4.9677935,0.125,2.5250000000000004,18.91666669,33.88333333333333,34.75,34.56666666666667,35.55,33.81666666666667,-17.763111100000003,-0.2018518866666632,0.0053333333333334,1.0426666666666666,1.0466666666666666,18.854320992222224,1.086666666666669,5.4525557,5.5233803,5.5736775,5.5783653,5.481264,0,1.0,1,0.75,-0.94,23.8,76.2
2023-01-26 00:30:00,153.479416211108,77.523010072222,77.53578736111,18.91666669,1.0466666666666666,33.81666666666667,2,5.1764362714980825,70.66250196097344,0,3,1,0.0,1.0,0.4338837391175582,-0.900968867902419,0.4999999999999999,0.8660254037844387,0.0,0.0,0.0,6.949999999999999,15.5,100.0,87.5,0.5,4.9806013,0.15,2.35,19.06111115,33.85,33.88333333333333,34.75,34.56666666666667,33.2,-17.870000023333333,0.105555589999998,-0.0013333333333334,1.048,0.9646666666666666,18.91358025888889,1.04577777777778,5.481264,5.4525557,5.5233803,5.5736775,5.4273868,0,1.0,0,0.75,-0.92,22.9,77.1
2023-01-26 00:45:00,89.28753952222,25.416205544444,25.424260838886,19.06111115,0.9646666666666666,33.2,1,5.1764362714980825,70.66250196097344,0,3,1,0.0,1.0,0.4338837391175582,-0.900968867902419,0.4999999999999999,0.8660254037844387,0.0,0.0,0.0,7.274999999999999,13.35,100.0,88.75,0.55,4.9923387,0.175,2.175,18.81666667,33.81666666666667,33.85,33.88333333333333,34.75,33.46666666666667,-18.09644448333333,0.144444459999999,-0.082,1.0466666666666666,1.024,18.929629646666665,1.0197777777777797,5.4273868,5.481264,5.4525557,5.5233803,5.392578,0,1.0,1,0.75,-0.89,21.7,78.3
2023-01-26 01:00:00,196.275204277776,118.8569122,118.87468932222,18.81666667,1.024,33.46666666666667,2,5.1764362714980825,70.66250196097344,1,3,1,0.2588190451025207,0.9659258262890684,0.4338837391175582,-0.900968867902419,0.4999999999999999,0.8660254037844387,0.0,0.0,0.0,7.6,11.2,100.0,90.0,0.6,5.003022,0.2,2.0,19.01666665,33.2,33.81666666666667,33.85,33.88333333333333,33.15,-17.79266667,-0.2444444799999985,0.0593333333333334,0.9646666666666666,1.004,18.93148150333333,1.0117777777777797,5.392578,5.4273868,5.481264,5.4525557,5.40502,0,0.0,1,1.0,-0.94,23.8,76.2
2023-01-26 01:15:00,117.775288899996,28.597467155556,28.605522466664,19.01666665,1.004,33.15,1,5.1764362714980825,70.66250196097344,1,3,1,0.2588190451025207,0.9659258262890684,0.4338837391175582,-0.900968867902419,0.4999999999999999,0.8660254037844387,0.0,0.0,0.0,7.425,11.275,99.75,88.5,0.95,5.1318755,0.15,2.625,18.925925933333332,33.46666666666667,33.2,33.81666666666667,33.85,33.0,-18.01266665,0.1999999800000012,-0.02,1.024,1.0800000000000003,18.96481482333333,0.9975555555555574,5.40502,5.392578,5.4273868,5.481264,5.351819,0,0.0,1,1.0,-0.9,22.1,77.9
2023-01-26 01:30:00,124.717788905554,57.025218933332,57.037718516662,18.925925933333332,1.0800000000000003,33.0,1,5.1764362714980825,70.66250196097344,1,3,1,0.2588190451025207,0.9659258262890684,0.4338837391175582,-0.900968867902419,0.4999999999999999,0.8660254037844387,0.0,0.0,0.0,7.25,11.35,99.5,87.0,1.2999999999999998,5.261375,0.1,3.25,18.84444443,33.15,33.46666666666667,33.2,33.81666666666667,33.3,-17.845925933333334,-0.0907407166666658,0.0760000000000002,1.004,1.1526666666666665,18.919753084444448,1.036000000000002,5.351819,5.40502,5.392578,5.4273868,5.374539,0,0.0,0,1.0,-0.92,22.9,77.1
2023-01-26 01:45:00,175.407983449998,111.677477205554,111.694976505554,18.84444443,1.1526666666666665,33.3,2,5.1764362714980825,70.66250196097344,1,3,1,0.2588190451025207,0.9659258262890684,0.4338837391175582,-0.900968867902419,0.4999999999999999,0.8660254037844387,0.0,0.0,0.0,7.075,11.425,99.25,85.5,1.65,5.3913608,0.0499999999999999,3.875,19.05185184333333,33.0,33.15,33.46666666666667,33.2,32.85,-17.691777763333334,-0.081481503333336,0.0726666666666662,1.0800000000000003,1.2806666666666666,18.92901233777778,1.0788888888888908,5.374539,5.351819,5.40502,5.392578,5.367236,0,0.0,1,1.0,-0.94,23.6,76.4
2023-01-26 02:00:00,74.034260877772,0.0,0.0,19.05185184333333,1.2806666666666666,32.85,0,5.1764362714980825,70.66250196097344,2,3,1,0.4999999999999999,0.8660254037844387,0.4338837391175582,-0.900968867902419,0.4999999999999999,0.8660254037844387,0.0,0.0,0.0,6.9,11.5,99.0,84.0,2.0,5.521659,0.0,4.5,18.85555557,33.3,33.0,33.15,33.46666666666667,32.85,-17.77118517666667,0.2074074133333354,0.1280000000000001,1.1526666666666665,1.405333333333333,18.94074073555556,1.171111111111113,5.367236,5.374539,5.351819,5.40502,5.305392,1,1.0,1,0.75,-0.89,21.9,78.1
2023-01-26 02:15:00,192.22842180555,112.369671683334,112.385782172222,18.85555557,1.405333333333333,32.85,2,5.1764362714980825,70.66250196097344,2,3,1,0.4999999999999999,0.8660254037844387,0.4338837391175582,-0.900968867902419,0.4999999999999999,0.8660254037844387,0.0,0.0,0.0,6.7250000000000005,11.225,99.25,85.75,1.9,5.47968,0.075,4.075,18.98333335333333,32.85,33.3,33.0,33.15,32.81666666666667,-17.450222236666665,-0.1962962733333348,0.1246666666666667,1.2806666666666666,1.606,18.91728394777778,1.2795555555555576,5.305392,5.367236,5.374539,5.351819,5.340155,0,1.0,1,0.75,-0.94,23.6,76.4
2023-01-26 02:30:00,497.841752316662,67.551464533332,67.56590842222,18.98333335333333,1.606,32.81666666666667,1,5.1764362714980825,70.66250196097344,2,3,1,0.4999999999999999,0.8660254037844387,0.4338837391175582,-0.900968867902419,0.4999999999999999,0.8660254037844387,0.0,0.0,0.0,6.550000000000001,10.95,99.5,87.5,1.8,5.4352107,0.15,3.65,19.02777779,32.85,32.85,33.3,33.0,32.55,-17.37733335333333,0.1277777833333324,0.2006666666666667,1.405333333333333,2.7146666666666666,18.96358025555556,1.4306666666666688,5.340155,5.305392,5.367236,5.374539,5.3106723,0,1.0,1,0.75,-0.91,22.5,77.5
2023-01-26 02:45:00,105.886042272218,33.018123672222,33.027290055552,19.02777779,2.7146666666666666,32.55,1,5.1764362714980825,70.66250196097344,2,3,1,0.4999999999999999,0.8660254037844387,0.4338837391175582,-0.900968867902419,0.4999999999999999,0.8660254037844387,0.0,0.0,0.0,6.375,10.675,99.75,89.25,1.7000000000000002,5.388404,0.225,3.225,18.83333335,32.81666666666667,32.85,32.85,33.3,32.96666666666667,-16.313111123333336,0.0444444366666694,1.1086666666666665,1.606,2.9993333333333334,18.955555571111116,1.9086666666666685,5.3106723,5.340155,5.305392,5.367236,5.317248,0,1.0,0,0.75,-0.9,22.1,77.9
2023-01-26 03:00:00,212.221233127774,137.302007716666,137.32145143888602,18.83333335,2.9993333333333334,32.96666666666667,2,5.1764362714980825,70.66250196097344,3,3,1,0.7071067811865476,0.7071067811865476,0.4338837391175582,-0.900968867902419,0.4999999999999999,0.8660254037844387,0.0,0.0,0.0,6.2,10.4,100.0,91.0,1.6,5.339407,0.3,2.8,19.02777777,32.55,32.81666666666667,32.85,32.85,32.65,-15.834000016666664,-0.1944444400000051,0.2846666666666668,2.7146666666666666,3.504,18.948148164444444,2.4400000000000017,5.317248,5.3106723,5.340155,5.305392,5.3269887,0,0.0,1,1.0,-0.94,23.8,76.2
2023-01-26 03:15:00,78.662408994442,14.385257883334,14.391646594442,19.02777777,3.504,32.65,1,5.1764362714980825,70.66250196097344,3,3,1,0.7071067811865476,0.7071067811865476,0.4338837391175582,-0.900968867902419,0.4999999999999999,0.8660254037844387,0.0,0.0,0.0,7.9,13.65,100.0,90.25,1.75,5.403269,0.325,3.1,18.894444426666663,32.96666666666667,32.55,32.81666666666667,32.85,32.68333333333333,-15.52377777,0.1944444200000035,0.5046666666666666,2.9993333333333334,3.710666666666667,18.962962970000003,3.0726666666666684,5.3269887,5.317248,5.3106723,5.340155,5.290616,0,0.0,1,1.0,-0.9,22.1,77.9
2023-01-26 03:30:00,124.890004383326,74.497853333332,74.511186199996,18.894444426666663,3.710666666666667,32.68333333333333,2,5.1764362714980825,70.66250196097344,3,3,1,0.7071067811865476,0.7071067811865476,0.4338837391175582,-0.900968867902419,0.4999999999999999,0.8660254037844387,0.0,0.0,0.0,9.6,16.9,100.0,89.5,1.9,5.4672413,0.35,3.4,18.88333335,32.65,32.96666666666667,32.55,32.81666666666667,33.3,-15.18377776,-0.1333333433333337,0.206666666666667,3.504,3.748,18.91851851555556,3.4046666666666687,5.290616,5.3269887,5.317248,5.3106723,5.3869023,0,0.0,1,1.0,-0.93,23.3,76.7
2023-01-26 03:45:00,187.836375111112,118.7269174,118.743861188888,18.88333335,3.748,33.3,2,5.1764362714980825,70.66250196097344,3,3,1,0.7071067811865476,0.7071067811865476,0.4338837391175582,-0.900968867902419,0.4999999999999999,0.8660254037844387,0.0,0.0,0.0,11.3,20.15,100.0,88.75,2.0500000000000003,5.531303,0.375,3.7,19.06666667,32.68333333333333,32.65,32.96666666666667,32.55,33.03333333333333,-15.135333349999998,-0.0111110766666691,0.0373333333333327,3.710666666666667,3.656,18.935185182222224,3.654222222222224,5.3869023,5.290616,5.3269887,5.317248,5.4019094,0,0.0,0,1.0,-0.93,23.3,76.7
2023-01-26 04:00:00,61.968076794442,0.0,0.0,19.06666667,3.656,33.03333333333333,0,5.1764362714980825,70.66250196097344,4,3,1,0.8660254037844386,0.5000000000000001,0.4338837391175582,-0.900968867902419,0.4999999999999999,0.8660254037844387,0.0,0.0,0.0,13.0,23.4,100.0,88.0,2.2,5.5954366,0.4,4.0,18.83333333,33.3,32.68333333333333,32.65,32.96666666666667,33.35,-15.41066667,0.1833333200000027,-0.092,3.748,4.132666666666667,18.948148148888887,3.7048888888888905,5.4019094,5.3869023,5.290616,5.3269887,5.3790755,1,1.0,1,0.75,-0.89,21.7,78.3
2023-01-26 04:15:00,152.968325455556,110.173648427778,110.191147794442,18.83333333,4.132666666666667,33.35,2,5.1764362714980825,70.66250196097344,4,3,1,0.8660254037844386,0.5000000000000001,0.4338837391175582,-0.900968867902419,0.4999999999999999,0.8660254037844387,0.0,0.0,0.0,13.825,25.825,100.0,87.0,2.1750000000000003,5.5780954,0.425,4.125,18.80925925,33.03333333333333,33.3,32.68333333333333,32.65,33.31666666666667,-14.700666663333337,-0.2333333399999979,0.4766666666666674,3.656,4.677333333333333,18.927777783333337,3.8455555555555576,5.3790755,5.4019094,5.3869023,5.290616,5.3660593,0,1.0,1,0.75,-0.94,23.7,76.3
2023-01-26 04:30:00,141.85460333889,92.75073423889,92.767400288888,18.80925925,4.677333333333333,33.31666666666667,2,5.1764362714980825,70.66250196097344,4,3,1,0.8660254037844386,0.5000000000000001,0.4338837391175582,-0.900968867902419,0.4999999999999999,0.8660254037844387,0.0,0.0,0.0,14.65,28.25,100.0,86.0,2.1500000000000004,5.560025,0.45,4.25,18.69444444,33.35,33.03333333333333,33.3,32.68333333333333,33.35,-14.131925916666669,-0.0240740800000018,0.5446666666666662,4.132666666666667,5.21,18.903086416666667,4.155333333333335,5.3660593,5.3790755,5.4019094,5.3869023,5.3350825,0,1.0,0,0.75,-0.95,23.9,76.1
2023-01-26 04:45:00,204.953468249998,155.228235055556,155.251845277776,18.69444444,5.21,33.35,2,5.1764362714980825,70.66250196097344,4,3,1,0.8660254037844386,0.5000000000000001,0.4338837391175582,-0.900968867902419,0.4999999999999999,0.8660254037844387,0.0,0.0,0.0,15.475,30.675,100.0,85.0,2.125,5.541216,0.475,4.375,18.94259256666667,33.31666666666667,33.35,33.03333333333333,33.3,33.31666666666667,-13.484444439999995,-0.1148148100000021,0.5326666666666666,4.677333333333333,5.336666666666667,18.77901234,4.673333333333335,5.3350825,5.3660593,5.3790755,5.4019094,5.4084935,0,1.0,0,0.75,-0.97,25.0,75.0
2023-01-26 05:00:00,63.356354494446,0.0,0.0,18.94259256666667,5.336666666666667,33.31666666666667,0,5.1764362714980825,70.66250196097344,5,3,1,0.9659258262890684,0.2588190451025207,0.4338837391175582,-0.900968867902419,0.4999999999999999,0.8660254037844387,0.0,0.0,0.0,16.3,33.1,100.0,84.0,2.1,5.521659,0.5,4.5,18.86111112,33.35,33.31666666666667,33.35,33.03333333333333,33.0,-13.605925900000004,0.2481481266666705,0.1266666666666669,5.21,5.328666666666667,18.81543208555556,5.074666666666668,5.4084935,5.3350825,5.3660593,5.3790755,5.331368,1,1.0,1,0.75,-0.92,22.7,77.3
2023-01-26 05:15:00,170.05458637778,113.82100256111,113.83933516111,18.86111112,5.328666666666667,33.0,2,5.1764362714980825,70.66250196097344,5,3,1,0.9659258262890684,0.2588190451025207,0.4338837391175582,-0.900968867902419,0.4999999999999999,0.8660254037844387,0.0,0.0,0.0,16.925,34.725,78.75,83.0,1.775,5.401855,0.375,4.35,19.03518515333333,33.31666666666667,33.35,33.31666666666667,33.35,32.81666666666667,-13.532444453333332,-0.0814814466666682,-0.008,5.336666666666667,4.874666666666667,18.832716042222224,5.291777777777779,5.331368,5.4084935,5.3350825,5.3660593,5.3565207,0,1.0,1,0.75,-0.94,23.5,76.5
2023-01-26 05:30:00,110.711960277776,57.884351216666005,57.897406294442,19.03518515333333,4.874666666666667,32.81666666666667,1,5.1764362714980825,70.66250196097344,5,3,1,0.9659258262890684,0.2588190451025207,0.4338837391175582,-0.900968867902419,0.4999999999999999,0.8660254037844387,0.0,0.0,0.0,17.55,36.35,57.5,82.0,1.4500000000000002,5.283819,0.25,4.2,19.04999999,33.0,33.31666666666667,33.35,33.31666666666667,32.55,-14.160518486666668,0.1740740333333335,-0.4539999999999997,5.328666666666667,3.938,18.94629628,5.1800000000000015,5.3565207,5.331368,5.4084935,5.3350825,5.3176403,0,1.0,1,0.75,-0.9,22.0,78.0
2023-01-26 05:45:00,88.132585538894,45.72372656111,45.735948305554,19.04999999,3.938,32.55,1,5.1764362714980825,70.66250196097344,5,3,1,0.9659258262890684,0.2588190451025207,0.4338837391175582,-0.900968867902419,0.4999999999999999,0.8660254037844387,0.0,0.0,0.0,18.175,37.975,36.25,81.0,1.125,5.1675296,0.125,4.05,18.88518515,32.81666666666667,33.0,33.31666666666667,33.35,32.96666666666667,-15.11199999,0.014814836666666,-0.936666666666667,4.874666666666667,3.844,18.982098754444447,4.713777777777779,5.3176403,5.3565207,5.331368,5.4084935,5.333563,0,1.0,0,0.75,-0.9,21.9,78.1
2023-01-26 06:00:00,180.964705688884,128.517359083334,128.538191666664,18.88518515,3.844,32.96666666666667,2,5.1764362714980825,70.66250196097344,6,3,1,1.0,6.123233995736766e-17,0.4338837391175582,-0.900968867902419,0.4999999999999999,0.8660254037844387,0.0,0.0,0.0,18.8,39.6,15.0,80.0,0.8,5.052966,0.0,3.9,19.11111108,32.55,32.81666666666667,33.0,33.31666666666667,33.05,-15.041185149999995,-0.1648148400000018,-0.0939999999999998,3.938,3.768,18.990123431111112,4.21888888888889,5.333563,5.3176403,5.3565207,5.331368,5.4188204,0,0.0,1,1.0,-0.93,23.3,76.7
2023-01-26 06:15:00,125.700527211116,11.699254211112,11.70758726111,19.11111108,3.768,33.05,1,5.1764362714980825,70.66250196097344,6,3,1,1.0,6.123233995736766e-17,0.4338837391175582,-0.900968867902419,0.4999999999999999,0.8660254037844387,0.0,0.0,0.0,18.7,39.7,36.25,80.75,0.6000000000000001,4.990838,0.0,3.575,18.901851833333332,32.96666666666667,32.55,32.81666666666667,33.0,33.46666666666667,-15.34311108,0.2259259300000025,-0.0760000000000005,3.844,3.7066666666666666,19.015432073333333,3.8500000000000014,5.4188204,5.333563,5.3176403,5.3565207,5.4197893,0,0.0,1,1.0,-0.88,21.3,78.7
2023-01-26 06:30:00,146.551082255552,87.177346116666,87.19401218333,18.901851833333332,3.7066666666666666,33.46666666666667,2,5.1764362714980825,70.66250196097344,6,3,1,1.0,6.123233995736766e-17,0.4338837391175582,-0.900968867902419,0.4999999999999999,0.8660254037844387,0.0,0.0,0.0,18.6,39.8,57.5,81.5,0.4,4.9287596,0.0,3.25,18.8888889,33.05,32.96666666666667,32.55,32.81666666666667,33.5,-15.195185166666668,-0.2092592466666651,-0.0613333333333332,3.768,3.94,18.966049354444447,3.77288888888889,5.4197893,5.4188204,5.333563,5.3176403,5.421035,0,0.0,1,1.0,-0.92,23.1,76.9
2023-01-26 06:45:00,207.828630922224,161.3418794,161.367433944444,18.8888889,3.94,33.5,2,5.1764362714980825,70.66250196097344,6,3,1,1.0,6.123233995736766e-17,0.4338837391175582,-0.900968867902419,0.4999999999999999,0.8660254037844387,0.0,0.0,0.0,18.5,39.9,78.75,82.25,0.1999999999999999,4.866753,0.0,2.925,19.19999998,33.46666666666667,33.05,32.96666666666667,32.55,33.13333333333333,-14.948888899999998,-0.0129629333333376,0.2333333333333334,3.7066666666666666,3.758666666666667,18.96728393777778,3.80488888888889,5.421035,5.4197893,5.4188204,5.333563,5.461023,0,0.0,0,1.0,-0.93,23.2,76.8
2023-01-26 07:00:00,81.18369702222,32.255654155556,32.265653805554,19.19999998,3.758666666666667,33.13333333333333,1,5.1764362714980825,70.66250196097344,7,3,1,0.9659258262890684,-0.2588190451025206,0.4338837391175582,-0.900968867902419,0.4999999999999999,0.8660254037844387,0.0,0.0,0.0,18.4,40.0,100.0,83.0,-0.0,4.8048406,0.0,2.6,19.00555552,33.5,33.46666666666667,33.05,32.96666666666667,32.5,-15.441333313333333,0.3111110799999999,-0.1813333333333329,3.94,3.496,18.99691357111111,3.80177777777778,5.461023,5.421035,5.4197893,5.4188204,5.295567,0,0.0,1,1.0,-0.86,20.5,79.5
2023-01-26 07:15:00,89.597249266668,41.793605988888,41.804161166664,19.00555552,3.496,32.5,1,5.1764362714980825,70.66250196097344,7,3,1,0.9659258262890684,-0.2588190451025206,0.4338837391175582,-0.900968867902419,0.4999999999999999,0.8660254037844387,0.0,0.0,0.0,19.0,40.075,100.0,82.25,-0.075,4.7855515,0.0,2.675,18.77777775,33.13333333333333,33.5,33.46666666666667,33.05,32.68333333333333,-15.509555519999996,-0.1944444599999997,-0.262666666666667,3.758666666666667,3.6966666666666663,19.031481466666666,3.731555555555557,5.295567,5.461023,5.421035,5.4197893,5.2542663,0,0.0,0,1.0,-0.91,22.3,77.7
2023-01-26 07:30:00,188.659675611108,138.432518027778,138.454183844444,18.77777775,3.6966666666666663,32.68333333333333,2,5.1764362714980825,70.66250196097344,7,3,1,0.9659258262890684,-0.2588190451025206,0.4338837391175582,-0.900968867902419,0.4999999999999999,0.8660254037844387,0.0,0.0,0.0,19.6,40.15,100.0,81.5,-0.15,4.7659287,0.0,2.75,19.03888887,32.5,33.13333333333333,33.5,33.46666666666667,32.55,-15.081111083333331,-0.2277777699999994,0.2006666666666667,3.496,3.668,18.994444416666667,3.650444444444446,5.2542663,5.295567,5.461023,5.421035,5.3141556,0,0.0,1,1.0,-0.96,24.4,75.6
2023-01-26 07:45:00,160.776068799996,100.686250172222,100.703471716666,19.03888887,3.668,32.55,2,5.1764362714980825,70.66250196097344,7,3,1,0.9659258262890684,-0.2588190451025206,0.4338837391175582,-0.900968867902419,0.4999999999999999,0.8660254037844387,0.0,0.0,0.0,20.2,40.225,100.0,80.75,-0.225,4.745968,0.0,2.825,19.13333332,32.68333333333333,32.5,33.13333333333333,33.5,31.566666666666663,-15.370888870000002,0.2611111200000025,-0.028666666666667,3.6966666666666663,3.4886666666666666,18.94074071333333,3.6202222222222233,5.3141556,5.2542663,5.295567,5.461023,5.182403,0,0.0,0,1.0,-0.9,22.0,78.0
2023-01-26 08:00:00,73.175961727778,17.931782716666,17.94039352222,19.13333332,3.4886666666666666,31.566666666666663,1,5.1764362714980825,70.66250196097344,8,3,1,0.8660254037844387,-0.4999999999999998,0.4338837391175582,-0.900968867902419,0.4999999999999999,0.8660254037844387,0.0,0.0,0.0,20.8,40.3,100.0,80.0,-0.3,4.7256684,0.0,2.9,18.85555557,32.55,32.68333333333333,32.5,33.13333333333333,31.85,-15.644666653333337,0.094444450000001,-0.1793333333333331,3.668,2.877333333333333,18.983333313333336,3.617777777777779,5.182403,5.3141556,5.2542663,5.295567,5.1438885,0,0.0,1,1.0,-0.88,21.4,78.6
2023-01-26 08:15:00,530.20129101667,126.079956583334,126.10356673889,18.85555557,2.877333333333333,31.85,2,5.1764362714980825,70.66250196097344,8,3,1,0.8660254037844387,-0.4999999999999998,0.4338837391175582,-0.900968867902419,0.4999999999999999,0.8660254037844387,0.75,0.1875,0.0625,20.925,41.575,100.0,80.75,-0.45,4.666716,0.025,2.575,19.003703703333333,31.566666666666663,32.55,32.68333333333333,32.5,32.0,-15.978222236666667,-0.277777750000002,-0.6113333333333335,3.4886666666666666,2.541333333333333,19.009259253333337,3.344666666666668,5.1438885,5.182403,5.3141556,5.2542663,5.2135262,0,0.0,1,1.0,-0.94,23.8,76.2
2023-01-26 08:30:00,182.344928144444,139.821073583334,139.844961544444,19.003703703333333,2.541333333333333,32.0,2,5.1764362714980825,70.66250196097344,8,3,1,0.8660254037844387,-0.4999999999999998,0.4338837391175582,-0.900968867902419,0.4999999999999999,0.8660254037844387,1.5,0.5625,0.1875,21.05,42.85,100.0,81.5,-0.6000000000000001,4.607827,0.05,2.25,19.23333334,31.85,31.566666666666663,32.55,32.68333333333333,31.35,-16.46237037,0.1481481333333327,-0.3359999999999998,2.877333333333333,2.296666666666667,18.99753086444445,2.9691111111111126,5.2135262,5.1438885,5.182403,5.3141556,5.1772532,0,0.0,0,1.0,-0.91,22.5,77.5
2023-01-26 08:45:00,66.189296755556,0.0,0.0,19.23333334,2.296666666666667,31.35,0,5.1764362714980825,70.66250196097344,8,3,1,0.8660254037844387,-0.4999999999999998,0.4338837391175582,-0.900968867902419,0.4999999999999999,0.8660254037844387,2.25,1.125,0.375,21.175,44.125,100.0,82.25,-0.75,4.549024,0.075,1.925,18.957407396666667,32.0,31.85,31.566666666666663,32.55,31.466666666666665,-16.936666673333335,0.2296296366666688,-0.2446666666666663,2.541333333333333,1.622,19.030864204444445,2.571777777777779,5.1772532,5.2135262,5.1438885,5.182403,5.112643,1,1.0,1,0.75,-0.86,20.6,79.4
2023-01-26 09:00:00,153.076932311108,93.8029144,93.82069152222,18.957407396666667,1.622,31.466666666666665,2,5.1764362714980825,70.66250196097344,9,3,1,0.7071067811865476,-0.7071067811865475,0.4338837391175582,-0.900968867902419,0.4999999999999999,0.8660254037844387,3.0,1.875,0.625,21.3,45.4,100.0,83.0,-0.9,4.490328,0.1,1.6,18.94444441,31.35,32.0,31.85,31.566666666666663,31.45,-17.335407396666668,-0.2759259433333341,-0.674666666666667,2.296666666666667,0.8713333333333334,19.06481481333334,2.1533333333333347,5.112643,5.1772532,5.2135262,5.1438885,5.106025,0,1.0,1,0.75,-0.92,23.0,77.0
2023-01-26 09:15:00,220.447292688896,175.824355611112,175.850743472222,18.94444441,0.8713333333333334,31.45,2,5.1764362714980825,70.66250196097344,9,3,1,0.7071067811865476,-0.7071067811865475,0.4338837391175582,-0.900968867902419,0.4999999999999999,0.8660254037844387,8.75,3.875,1.3541666666666667,21.375,45.575,100.0,84.0,-0.975,4.47538,0.15,1.375,19.25555557333333,31.466666666666665,31.35,32.0,31.85,30.85,-18.073111076666667,-0.0129629866666682,-0.7506666666666665,1.622,0.0886666666666666,19.04506171555556,1.5966666666666682,5.106025,5.112643,5.1772532,5.2135262,5.1013546,0,1.0,0,0.75,-0.93,23.1,76.9
2023-01-26 09:30:00,59.215686927774,0.0,0.0,19.25555557333333,0.0886666666666666,30.85,0,5.1764362714980825,70.66250196097344,9,3,1,0.7071067811865476,-0.7071067811865475,0.4338837391175582,-0.900968867902419,0.4999999999999999,0.8660254037844387,14.5,7.125,2.5625,21.450000000000003,45.75,100.0,85.0,-1.05,4.459721,0.2,1.15,19.03888887,31.45,31.466666666666665,31.35,32.0,30.5,-19.166888906666664,0.311111163333333,-0.7826666666666667,0.8713333333333334,-0.108,19.05246912666667,0.8606666666666681,5.1013546,5.106025,5.112643,5.1772532,4.9794703,1,2.0,1,0.5,-0.86,20.5,79.5
2023-01-26 09:45:00,130.008966066668,82.372260527778,82.38781548888801,19.03888887,-0.108,30.5,2,5.1764362714980825,70.66250196097344,9,3,1,0.7071067811865476,-0.7071067811865475,0.4338837391175582,-0.900968867902419,0.4999999999999999,0.8660254037844387,20.25,11.625,4.25,21.525,45.925,100.0,86.0,-1.125,4.443372,0.25,0.925,18.953703723333334,30.85,31.45,31.466666666666665,31.35,30.5,-19.14688887,-0.2166667033333311,-0.1966666666666666,0.0886666666666666,-0.3506666666666666,19.07962961777778,0.2840000000000015,4.9794703,5.1013546,5.106025,5.112643,4.9544964,0,1.0,1,0.75,-0.91,22.4,77.6
2023-01-26 10:00:00,218.569312494442,166.161964388888,166.188907794442,18.953703723333334,-0.3506666666666666,30.5,2,5.1764362714980825,70.66250196097344,10,3,1,0.4999999999999999,-0.8660254037844387,0.4338837391175582,-0.900968867902419,0.4999999999999999,0.8660254037844387,26.0,17.375,6.416666666666667,21.6,46.1,100.0,87.0,-1.2,4.426355,0.3,0.7,19.24444444,30.5,30.85,31.45,31.466666666666665,30.1,-19.30437039,-0.0851851466666673,-0.2426666666666666,-0.108,-0.4646666666666667,19.082716055555554,-0.1233333333333318,4.9544964,4.9794703,5.1013546,5.106025,4.9740777,0,1.0,0,0.75,-0.93,23.2,76.8
2023-01-26 10:15:00,132.789966038886,71.9754542,71.99239802222,19.24444444,-0.4646666666666667,30.1,2,5.1764362714980825,70.66250196097344,10,3,1,0.4999999999999999,-0.8660254037844387,0.4338837391175582,-0.900968867902419,0.4999999999999999,0.8660254037844387,45.0,26.4375,10.166666666666666,23.125,49.6,100.0,85.25,-1.85,4.227152,0.275,0.3249999999999999,19.15925925333333,30.5,30.5,30.85,31.45,29.53333333333333,-19.709111106666665,0.2907407166666651,-0.114,-0.3506666666666666,-0.3913333333333333,19.079012344444447,-0.3077777777777763,4.9740777,4.9544964,4.9794703,5.1013546,4.8559985,0,1.0,0,0.75,-0.86,20.8,79.2
2023-01-26 10:30:00,93.808747533332,40.832533283334,40.844199533332,19.15925925333333,-0.3913333333333333,29.53333333333333,1,5.1764362714980825,70.66250196097344,10,3,1,0.4999999999999999,-0.8660254037844387,0.4338837391175582,-0.900968867902419,0.4999999999999999,0.8660254037844387,64.0,38.8125,15.5,24.65,53.1,100.0,83.5,-2.5,4.034883,0.25,-0.05,18.8833333,30.1,30.5,30.5,30.85,29.5,-19.550592586666667,-0.0851851866666635,0.0733333333333333,-0.4646666666666667,-0.412,19.119135805555555,-0.4022222222222207,4.8559985,4.9740777,4.9544964,4.9794703,4.7721806,0,0.0,1,1.0,-0.89,21.6,78.4
2023-01-26 10:45:00,183.369053827778,141.033247327778,141.057135305554,18.8833333,-0.412,29.5,2,5.1764362714980825,70.66250196097344,10,3,1,0.4999999999999999,-0.8660254037844387,0.4338837391175582,-0.900968867902419,0.4999999999999999,0.8660254037844387,83.0,54.5,22.416666666666668,26.175,56.6,100.0,81.75,-3.1499999999999995,3.8493521,0.225,-0.425,19.090740746666665,29.53333333333333,30.1,30.5,30.5,29.5,-19.2953333,-0.2759259533333349,-0.0206666666666666,-0.3913333333333333,-0.3926666666666667,19.09567899777778,-0.4226666666666652,4.7721806,4.8559985,4.9740777,4.9544964,4.8309627,0,0.0,1,1.0,-0.95,24.1,75.9
2023-01-26 11:00:00,213.581456333336,171.19370756111,171.22009542222,19.090740746666665,-0.3926666666666667,29.5,2,5.1764362714980825,70.66250196097344,11,3,1,0.258819045102521,-0.9659258262890682,0.4338837391175582,-0.900968867902419,0.4999999999999999,0.8660254037844387,102.0,73.5,30.916666666666668,27.7,60.1,100.0,80.0,-3.8,3.670367,0.2,-0.8,19.3388889,29.5,29.53333333333333,30.1,30.5,29.1,-19.48340741333333,0.2074074466666644,0.0193333333333332,-0.412,-0.474,19.044444433333336,-0.3986666666666652,4.8309627,4.7721806,4.8559985,4.9740777,4.8356442,0,0.0,0,1.0,-0.9,22.2,77.8
2023-01-26 11:15:00,98.729661872218,34.911659011112,34.922214188888,19.3388889,-0.474,29.1,1,5.1764362714980825,70.66250196097344,11,3,1,0.258819045102521,-0.9659258262890682,0.4338837391175582,-0.900968867902419,0.4999999999999999,0.8660254037844387,104.0,88.25,39.520833333333336,27.275,60.025,100.0,79.5,-4.0,3.6222003,0.175,-0.9,19.131481453333333,29.5,29.5,29.53333333333333,30.1,28.9,-19.8128889,0.2481481533333323,-0.0813333333333333,-0.3926666666666667,-0.5786666666666667,19.104320982222223,-0.4262222222222208,4.8356442,4.8309627,4.7721806,4.8559985,4.744089,0,0.0,1,1.0,-0.85,20.2,79.8
2023-01-26 11:30:00,129.234552644444,70.359407727778,70.374407144444,19.131481453333333,-0.5786666666666667,28.9,1,5.1764362714980825,70.66250196097344,11,3,1,0.258819045102521,-0.9659258262890682,0.4338837391175582,-0.900968867902419,0.4999999999999999,0.8660254037844387,106.0,98.75,48.22916666666666,26.85,59.95,100.0,79.0,-4.199999999999999,3.574504,0.15,-1.0,18.96111107,29.1,29.5,29.5,29.53333333333333,29.85,-19.71014812,-0.2074074466666644,-0.1046666666666666,-0.474,-0.5553333333333333,19.187037033333333,-0.4817777777777763,4.744089,4.8356442,4.8309627,4.7721806,4.85103,0,0.0,0,1.0,-0.9,22.0,78.0
2023-01-26 11:45:00,171.597302549998,128.956785988888,128.980118438886,18.96111107,-0.5553333333333333,29.85,2,5.1764362714980825,70.66250196097344,11,3,1,0.258819045102521,-0.9659258262890682,0.4338837391175582,-0.900968867902419,0.4999999999999999,0.8660254037844387,108.0,105.0,57.04166666666666,26.425,59.875,100.0,78.5,-4.4,3.5272722,0.125,-1.1,19.038888863333334,28.9,29.1,29.5,29.5,30.183333333333334,-19.51644440333333,-0.1703703833333314,0.0233333333333333,-0.5786666666666667,-0.5766666666666667,19.143827141111117,-0.5359999999999986,4.85103,4.744089,4.8356442,4.8309627,4.927771,0,0.0,1,1.0,-0.93,23.3,76.7
2023-01-26 12:00:00,150.532034077776,100.624863727778,100.643751888888,19.038888863333334,-0.5766666666666667,30.183333333333334,2,5.1764362714980825,70.66250196097344,12,3,1,1.2246467991473532e-16,-1.0,0.4338837391175582,-0.900968867902419,0.4999999999999999,0.8660254037844387,110.0,107.0,65.95833333333333,26.0,59.8,100.0,78.0,-4.6,3.480503,0.1,-1.2,18.89444441,29.85,28.9,29.1,29.5,30.85,-19.61555553,0.0777777933333325,-0.0213333333333333,-0.5553333333333333,-0.504,19.04382712888889,-0.5702222222222207,4.927771,4.85103,4.744089,4.8356442,4.9938445,0,0.0,0,1.0,-0.91,22.5,77.5
2023-01-26 12:15:00,203.179094661114,155.710437983334,155.734048172222,18.89444441,-0.504,30.85,2,5.1764362714980825,70.66250196097344,12,3,1,1.2246467991473532e-16,-1.0,0.4338837391175582,-0.900968867902419,0.4999999999999999,0.8660254037844387,114.25,109.5625,74.75,25.625,58.8,100.0,77.0,-4.75,3.4358816,0.1,-1.2,19.27592591333333,30.183333333333334,29.85,28.9,29.1,30.816666666666663,-19.398444410000003,-0.1444444533333317,0.0726666666666666,-0.5766666666666667,-0.512,18.96481478111112,-0.5453333333333319,4.9938445,4.927771,4.85103,4.744089,5.1019597,0,0.0,0,1.0,-0.94,23.7,76.3
2023-01-26 12:30:00,313.520514161114,260.282088283334,260.3187535,19.27592591333333,-0.512,30.816666666666663,2,5.1764362714980825,70.66250196097344,12,3,1,1.2246467991473532e-16,-1.0,0.4338837391175582,-0.900968867902419,0.4999999999999999,0.8660254037844387,118.5,112.6875,83.41666666666667,25.25,57.8,100.0,76.0,-4.9,3.3912597,0.1,-1.2,19.73888887,30.85,30.183333333333334,29.85,28.9,30.2,-19.78792591333333,0.3814815033333296,-0.008,-0.504,-0.548,19.069753062222222,-0.5308888888888874,5.1019597,4.9938445,4.927771,4.85103,5.137807,0,0.0,0,1.0,-0.85,20.3,79.7
2023-01-26 12:45:00,72.553764433332,11.876747127778,11.885080144444,19.73888887,-0.548,30.2,1,5.1764362714980825,70.66250196097344,12,3,1,1.2246467991473532e-16,-1.0,0.4338837391175582,-0.900968867902419,0.4999999999999999,0.8660254037844387,122.75,116.375,91.95833333333331,24.875,56.8,100.0,75.0,-5.05,3.346638,0.1,-1.2,19.47222225333333,30.816666666666663,30.85,30.183333333333334,29.85,30.83333333333333,-20.28688887,0.4629629566666686,-0.036,-0.512,-0.532,19.30308639777778,-0.5213333333333319,5.137807,5.1019597,4.9938445,4.927771,5.1640267,0,0.0,1,1.0,-0.75,16.8,83.2
2023-01-26 13:00:00,55.461670411108,0.0,0.0,19.47222225333333,-0.532,30.83333333333333,0,5.1764362714980825,70.66250196097344,13,3,1,-0.2588190451025208,-0.9659258262890684,0.4338837391175582,-0.900968867902419,0.4999999999999999,0.8660254037844387,127.0,120.625,100.375,24.5,55.8,100.0,74.0,-5.2,3.302016,0.1,-1.2,19.10000003,30.2,30.816666666666663,30.85,30.183333333333334,31.5,-20.00422225333333,-0.2666666166666687,0.016,-0.548,-0.588,19.495679012222222,-0.5306666666666652,5.1640267,5.137807,5.1019597,4.9938445,5.161302,1,1.0,1,0.75,-0.81,18.7,81.3
2023-01-26 13:15:00,79.306549761114,36.916856583334,36.9301894,19.10000003,-0.588,31.5,1,5.1764362714980825,70.66250196097344,13,3,1,-0.2588190451025208,-0.9659258262890684,0.4338837391175582,-0.900968867902419,0.4999999999999999,0.8660254037844387,137.5,126.4375,108.08333333333331,24.325,55.525,100.0,73.25,-5.3,3.2742424,0.1,-1.175,18.888888856666664,30.83333333333333,30.2,30.816666666666663,30.85,31.5,-19.68800003,-0.3722222233333312,-0.0559999999999999,-0.532,-0.7626666666666666,19.437037051111112,-0.5559999999999986,5.161302,5.1640267,5.137807,5.1019597,5.0973907,0,1.0,1,0.75,-0.89,21.7,78.3
2023-01-26 13:30:00,173.984429294442,131.523349988888,131.54529356111,18.888888856666664,-0.7626666666666666,31.5,2,5.1764362714980825,70.66250196097344,13,3,1,-0.2588190451025208,-0.9659258262890684,0.4338837391175582,-0.900968867902419,0.4999999999999999,0.8660254037844387,148.0,133.8125,115.08333333333331,24.15,55.25,100.0,72.5,-5.4,3.2463605,0.1,-1.15,19.13888886,31.5,30.83333333333333,30.2,30.816666666666663,31.45,-19.65155552333333,-0.2111111733333359,-0.1746666666666666,-0.588,-0.8819999999999999,19.15370371333333,-0.6275555555555541,5.0973907,5.161302,5.1640267,5.137807,5.16494,0,1.0,1,0.75,-0.94,23.6,76.4
2023-01-26 13:45:00,122.96397016111,58.006846316666,58.021012499996,19.13888886,-0.8819999999999999,31.45,1,5.1764362714980825,70.66250196097344,13,3,1,-0.2588190451025208,-0.9659258262890684,0.4338837391175582,-0.900968867902419,0.4999999999999999,0.8660254037844387,158.5,142.75,121.375,23.975,54.975,100.0,71.75,-5.5,3.2183704,0.1,-1.125,19.140740726666667,31.5,31.5,30.83333333333333,30.2,31.216666666666665,-20.020888860000003,0.2500000033333371,-0.1193333333333332,-0.7626666666666666,-0.9126666666666666,19.042592582222223,-0.7442222222222207,5.16494,5.0973907,5.161302,5.1640267,5.127179,0,1.0,1,0.75,-0.88,21.4,78.6
2023-01-26 14:00:00,63.091087355556,0.0,0.0,19.140740726666667,-0.9126666666666666,31.216666666666665,0,5.1764362714980825,70.66250196097344,14,3,1,-0.4999999999999997,-0.8660254037844388,0.4338837391175582,-0.900968867902419,0.4999999999999999,0.8660254037844387,169.0,153.25,126.95833333333331,23.8,54.7,100.0,71.0,-5.6,3.1902719,0.1,-1.1,18.84444446,31.45,31.5,31.5,30.83333333333333,31.45,-20.05340739333333,0.0018518666666658,-0.0306666666666667,-0.8819999999999999,-0.9053333333333332,19.056172814444444,-0.8524444444444429,5.127179,5.16494,5.0973907,5.161302,5.0759535,1,1.0,1,0.75,-0.88,21.4,78.6
2023-01-26 14:15:00,181.769117794446,93.611810894446,93.667642027778,18.84444446,-0.9053333333333332,31.45,2,5.1764362714980825,70.66250196097344,14,3,1,-0.4999999999999997,-0.8660254037844388,0.4338837391175582,-0.900968867902419,0.4999999999999999,0.8660254037844387,156.0,157.875,131.29166666666666,23.25,53.975,100.0,71.5,-5.625,3.1960182,0.1,-1.175,18.859259273333333,31.216666666666665,31.45,31.5,31.5,31.03333333333333,-19.749777793333333,-0.2962962666666691,0.0073333333333333,-0.9126666666666666,-0.92,19.04135801555556,-0.8999999999999986,5.0759535,5.127179,5.16494,5.0973907,5.013091,0,1.0,1,0.75,-0.95,24.0,76.0
2023-01-26 14:30:00,243.32498886111,175.307431872222,175.348819133332,18.859259273333333,-0.92,31.03333333333333,2,5.1764362714980825,70.66250196097344,14,3,1,-0.4999999999999997,-0.8660254037844388,0.4338837391175582,-0.900968867902419,0.4999999999999999,0.8660254037844387,143.0,156.625,134.375,22.700000000000003,53.25,100.0,72.0,-5.65,3.2016077,0.1,-1.25,19.17777779,31.45,31.216666666666665,31.45,31.5,30.25,-19.77925927333333,0.0148148133333343,-0.0146666666666666,-0.9053333333333332,-0.9453333333333334,18.94814815333333,-0.9126666666666652,5.013091,5.0759535,5.127179,5.16494,4.979269,0,1.0,0,0.75,-0.95,24.0,76.0
2023-01-26 14:45:00,78.312145105558,30.383229088888,30.396006344444,19.17777779,-0.9453333333333334,30.25,1,5.1764362714980825,70.66250196097344,14,3,1,-0.4999999999999997,-0.8660254037844388,0.4338837391175582,-0.900968867902419,0.4999999999999999,0.8660254037844387,130.0,149.5,136.20833333333334,22.15,52.525,100.0,72.5,-5.675,3.2070417,0.1,-1.325,19.02037035333333,31.03333333333333,31.45,31.216666666666665,31.45,29.53333333333333,-20.12311112333333,0.3185185166666677,-0.0253333333333334,-0.92,-1.036,18.960493841111116,-0.9235555555555542,4.979269,5.013091,5.0759535,5.127179,4.8163834,0,1.0,1,0.75,-0.88,21.3,78.7
2023-01-26 15:00:00,136.870080444448,83.711095872222,83.729706211112,19.02037035333333,-1.036,29.53333333333333,2,5.1764362714980825,70.66250196097344,15,3,1,-0.7071067811865471,-0.7071067811865479,0.4338837391175582,-0.900968867902419,0.4999999999999999,0.8660254037844387,117.0,136.5,136.79166666666666,21.6,51.8,100.0,73.0,-5.7,3.2123215,0.1,-1.4,18.94444441,30.25,31.03333333333333,31.45,31.216666666666665,29.85,-20.05637035333333,-0.15740743666667,-0.0906666666666666,-0.9453333333333334,-0.982,19.019135805555557,-0.9671111111111096,4.8163834,4.979269,5.013091,5.0759535,4.8462596,0,0.0,1,1.0,-0.92,22.8,77.2
2023-01-26 15:15:00,355.22356832222,171.987842427778,172.030896288888,18.94444441,-0.982,29.85,2,5.1764362714980825,70.66250196097344,15,3,1,-0.7071067811865471,-0.7071067811865479,0.4338837391175582,-0.900968867902419,0.4999999999999999,0.8660254037844387,105.75,123.9375,136.08333333333334,21.125,51.275,100.0,73.5,-5.65,3.2230644,0.1,-1.45,19.29629631,29.53333333333333,30.25,31.03333333333333,31.45,29.633333333333333,-19.92644441,-0.0759259433333312,0.054,-1.036,-0.9153333333333332,19.04753085111111,-0.9877777777777764,4.8462596,4.8163834,4.979269,5.013091,4.911938,0,0.0,0,1.0,-0.93,23.4,76.6
2023-01-26 15:30:00,377.118525805554,57.166324388888,57.201323005554,19.29629631,-0.9153333333333332,29.633333333333333,1,5.1764362714980825,70.66250196097344,15,3,1,-0.7071067811865471,-0.7071067811865479,0.4338837391175582,-0.900968867902419,0.4999999999999999,0.8660254037844387,94.5,111.8125,134.08333333333334,20.65,50.75,100.0,74.0,-5.6,3.2336893,0.1,-1.5,19.17222222,29.85,29.53333333333333,30.25,31.03333333333333,29.05,-20.21162964333333,0.3518518999999998,0.0666666666666667,-0.982,-0.862,19.087037024444445,-0.9777777777777764,4.911938,4.8462596,4.8163834,4.979269,4.780178,0,0.0,1,1.0,-0.85,20.4,79.6
2023-01-26 15:45:00,125.27415558333,60.366474111112,60.397306211112,19.17222222,-0.862,29.05,1,5.1764362714980825,70.66250196097344,15,3,1,-0.7071067811865471,-0.7071067811865479,0.4338837391175582,-0.900968867902419,0.4999999999999999,0.8660254037844387,83.25,100.125,130.79166666666666,20.175,50.225,100.0,74.5,-5.55,3.2441957,0.1,-1.55,18.92407406333333,29.633333333333333,29.85,29.53333333333333,30.25,29.466666666666665,-20.03422222,-0.1240740900000005,0.0533333333333332,-0.9153333333333332,-0.7266666666666667,19.13765431333333,-0.9197777777777764,4.780178,4.911938,4.8462596,4.8163834,4.7782736,0,0.0,0,1.0,-0.89,21.6,78.4
2023-01-26 16:00:00,209.799107766664,149.745121055556,149.780119672222,18.92407406333333,-0.7266666666666667,29.466666666666665,2,5.1764362714980825,70.66250196097344,16,3,1,-0.8660254037844385,-0.5000000000000004,0.4338837391175582,-0.900968867902419,0.4999999999999999,0.8660254037844387,72.0,88.875,126.20833333333331,19.7,49.7,100.0,75.0,-5.5,3.2545853,0.1,-1.6,19.15555553,29.05,29.633333333333333,29.85,29.53333333333333,29.1,-19.65074073,-0.2481481566666659,0.1353333333333333,-0.862,-0.67,19.13086419777778,-0.8346666666666652,4.7782736,4.780178,4.911938,4.8462596,4.7837048,0,0.0,1,1.0,-0.94,23.7,76.3
2023-01-26 16:15:00,198.24207,120.186859033332,120.215469038886,19.15555553,-0.67,29.1,2,5.1764362714980825,70.66250196097344,16,3,1,-0.8660254037844385,-0.5000000000000004,0.4338837391175582,-0.900968867902419,0.4999999999999999,0.8660254037844387,68.25,79.5,120.4375,19.125,47.725,100.0,75.25,-5.45,3.2654338,0.1,-1.6,19.275925926666662,29.466666666666665,29.05,29.633333333333333,29.85,28.35,-19.825555530000003,0.2314814666666684,0.0566666666666666,-0.7266666666666667,-0.6113333333333333,19.083950604444443,-0.7528888888888874,4.7837048,4.7782736,4.780178,4.911938,4.693582,0,0.0,0,1.0,-0.89,21.7,78.3
2023-01-26 16:30:00,93.16988422222,20.959994883334,20.978327533332,19.275925926666662,-0.6113333333333333,28.35,1,5.1764362714980825,70.66250196097344,16,3,1,-0.8660254037844385,-0.5000000000000004,0.4338837391175582,-0.900968867902419,0.4999999999999999,0.8660254037844387,64.5,72.0,113.47916666666669,18.55,45.75,100.0,75.5,-5.4,3.2762825,0.1,-1.6,18.96111111,29.1,29.466666666666665,29.05,29.633333333333333,28.35,-19.88725926,0.1203703966666651,0.0586666666666667,-0.67,-0.6226666666666667,19.118518506666668,-0.6693333333333319,4.693582,4.7837048,4.7782736,4.780178,4.60726,0,0.0,1,1.0,-0.87,20.8,79.2
2023-01-26 16:45:00,182.748800805558,127.309907416666,127.33768412222,18.96111111,-0.6226666666666667,28.35,2,5.1764362714980825,70.66250196097344,16,3,1,-0.8660254037844385,-0.5000000000000004,0.4338837391175582,-0.900968867902419,0.4999999999999999,0.8660254037844387,60.75,66.375,105.33333333333331,17.974999999999998,43.775,100.0,75.75,-5.35,3.287131,0.1,-1.6,19.04259256,28.35,29.1,29.466666666666665,29.05,28.5,-19.58377777666667,-0.3148148166666651,-0.0113333333333334,-0.6113333333333333,-0.5920000000000001,19.130864188888893,-0.6346666666666653,4.60726,4.693582,4.7837048,4.7782736,4.6539636,0,0.0,1,1.0,-0.94,23.6,76.4
2023-01-26 17:00:00,234.433400222216,173.900543716666,173.931098111108,19.04259256,-0.5920000000000001,28.5,2,5.1764362714980825,70.66250196097344,17,3,1,-0.9659258262890684,-0.2588190451025206,0.4338837391175582,-0.900968867902419,0.4999999999999999,0.8660254037844387,57.0,62.625,96.0,17.4,41.8,100.0,76.0,-5.3,3.2979798,0.1,-1.6,19.33333333,28.35,28.35,29.1,29.466666666666665,28.1,-19.63459256,0.0814814499999982,0.0306666666666666,-0.6226666666666667,-0.6226666666666667,19.09320986555556,-0.6086666666666652,4.6539636,4.60726,4.693582,4.7837048,4.667944,0,0.0,0,1.0,-0.92,22.8,77.2
2023-01-26 17:15:00,129.505930622224,72.339328527778,72.35738333889,19.33333333,-0.6226666666666667,28.1,2,5.1764362714980825,70.66250196097344,17,3,1,-0.9659258262890684,-0.2588190451025206,0.4338837391175582,-0.900968867902419,0.4999999999999999,0.8660254037844387,47.5,57.4375,86.95833333333333,16.925,40.9,100.0,76.25,-5.275,3.3030548,0.1,-1.625,19.214814796666666,28.5,28.35,28.35,29.1,27.53333333333333,-19.95599999666667,0.2907407700000028,-0.0306666666666666,-0.5920000000000001,-0.5833333333333334,19.11234566666667,-0.6124444444444431,4.667944,4.6539636,4.60726,4.693582,4.5419965,0,0.0,0,1.0,-0.85,20.4,79.6
2023-01-26 17:30:00,115.248723100004,55.444448816666,55.4619481,19.214814796666666,-0.5833333333333334,27.53333333333333,1,5.1764362714980825,70.66250196097344,17,3,1,-0.9659258262890684,-0.2588190451025206,0.4338837391175582,-0.900968867902419,0.4999999999999999,0.8660254037844387,38.0,50.8125,78.20833333333333,16.45,40.0,100.0,76.5,-5.25,3.3081012,0.1,-1.65,18.94444445,28.1,28.5,28.35,28.35,27.85,-19.79814813,-0.1185185333333365,0.0393333333333333,-0.6226666666666667,-0.6646666666666667,19.196913562222225,-0.599333333333332,4.5419965,4.667944,4.6539636,4.60726,4.521552,0,0.0,1,1.0,-0.88,21.5,78.5
2023-01-26 17:45:00,226.922589416666,155.509057188888,155.537667194442,18.94444445,-0.6646666666666667,27.85,2,5.1764362714980825,70.66250196097344,17,3,1,-0.9659258262890684,-0.2588190451025206,0.4338837391175582,-0.900968867902419,0.4999999999999999,0.8660254037844387,28.5,42.75,69.75,15.975,39.1,100.0,76.75,-5.225,3.3131182,0.1,-1.675,19.17777776,27.53333333333333,28.1,28.5,28.35,27.816666666666663,-19.609111116666664,-0.2703703466666667,-0.0813333333333333,-0.5833333333333334,-0.6933333333333334,19.16419752555556,-0.6235555555555542,4.521552,4.5419965,4.667944,4.6539636,4.578733,0,0.0,1,1.0,-0.94,23.8,76.2
2023-01-26 18:00:00,234.385902005554,169.090458327778,169.119346105554,19.17777776,-0.6933333333333334,27.816666666666663,2,5.1764362714980825,70.66250196097344,18,3,1,-1.0,-1.8369701987210294e-16,0.4338837391175582,-0.900968867902419,0.4999999999999999,0.8660254037844387,19.0,33.25,61.583333333333336,15.5,38.2,100.0,77.0,-5.2,3.318107,0.1,-1.7,19.33888889,27.85,27.53333333333333,28.1,28.5,27.15,-19.871111093333333,0.2333333100000025,-0.0286666666666666,-0.6646666666666667,-0.6966666666666667,19.11234566888889,-0.6471111111111097,4.578733,4.521552,4.5419965,4.667944,4.5116053,0,0.0,0,1.0,-0.89,21.8,78.2
2023-01-26 18:15:00,58.808203144444,0.0,0.0,19.33888889,-0.6966666666666667,27.15,0,5.1764362714980825,70.66250196097344,18,3,1,-1.0,-1.8369701987210294e-16,0.4338837391175582,-0.900968867902419,0.4999999999999999,0.8660254037844387,14.25,24.9375,53.958333333333336,15.4,37.1,100.0,77.25,-5.15,3.323067,0.1,-1.725,18.99629631,27.816666666666663,27.85,27.53333333333333,28.1,27.183333333333334,-20.035555556666665,0.1611111299999983,-0.0033333333333332,-0.6933333333333334,-0.858,19.153703700000005,-0.6848888888888874,4.5116053,4.578733,4.521552,4.5419965,4.426845,1,1.0,1,0.75,-0.86,20.5,79.5
2023-01-26 18:30:00,165.939473355552,99.1743662,99.209364816666,18.99629631,-0.858,27.183333333333334,2,5.1764362714980825,70.66250196097344,18,3,1,-1.0,-1.8369701987210294e-16,0.4338837391175582,-0.900968867902419,0.4999999999999999,0.8660254037844387,9.5,17.8125,46.875,15.3,36.0,100.0,77.5,-5.1,3.3279977,0.1,-1.75,18.67777776,27.15,27.816666666666663,27.85,27.53333333333333,27.6,-19.85429631,-0.3425925800000016,-0.1613333333333333,-0.6966666666666667,-0.8933333333333333,19.17098765333333,-0.749333333333332,4.426845,4.5116053,4.578733,4.521552,4.4108896,0,1.0,1,0.75,-0.94,23.5,76.5
2023-01-26 18:45:00,222.03639602222,115.4187164,115.470936544444,18.67777776,-0.8933333333333333,27.6,2,5.1764362714980825,70.66250196097344,18,3,1,-1.0,-1.8369701987210294e-16,0.4338837391175582,-0.900968867902419,0.4999999999999999,0.8660254037844387,4.75,11.875,40.333333333333336,15.2,34.9,100.0,77.75,-5.05,3.3329,0.1,-1.775,18.73333331,27.183333333333334,27.15,27.816666666666663,27.85,28.433333333333334,-19.571111093333336,-0.3185185499999967,-0.0353333333333333,-0.858,-0.8773333333333333,19.004320986666663,-0.8159999999999985,4.4108896,4.426845,4.5116053,4.578733,4.5590262,0,1.0,0,0.75,-1.01,26.4,73.6
2023-01-26 19:00:00,261.730919311108,163.479571655556,163.533180694442,18.73333331,-0.8773333333333333,28.433333333333334,2,5.1764362714980825,70.66250196097344,19,3,1,-0.9659258262890684,0.2588190451025203,0.4338837391175582,-0.900968867902419,0.4999999999999999,0.8660254037844387,0.0,7.125,34.333333333333336,15.1,33.8,100.0,78.0,-5.0,3.337774,0.1,-1.8,19.14999997,27.6,27.183333333333334,27.15,27.816666666666663,27.95,-19.61066664333333,0.0555555499999975,0.016,-0.8933333333333333,-0.9413333333333332,18.80246912666667,-0.8762222222222208,4.5590262,4.4108896,4.426845,4.5116053,4.5931525,0,1.0,0,0.75,-0.99,25.7,74.3
2023-01-26 19:15:00,255.403116733336,176.00851494444402,176.046568972222,19.14999997,-0.9413333333333332,27.95,2,5.1764362714980825,70.66250196097344,19,3,1,-0.9659258262890684,0.2588190451025203,0.4338837391175582,-0.900968867902419,0.4999999999999999,0.8660254037844387,0.0,3.5625,28.64583333333333,14.125,33.45,100.0,79.75,-4.875,3.382928,0.125,-1.925,19.32592589333333,28.433333333333334,27.6,27.183333333333334,27.15,25.95,-20.09133330333333,0.4166666600000006,-0.0639999999999999,-0.8773333333333333,-0.948,18.85370368,-0.9039999999999984,4.5931525,4.5590262,4.4108896,4.426845,4.3089094,0,0.0,0,1.0,-0.9,22.0,78.0
2023-01-26 19:30:00,342.29352987778,252.720724066668,252.745723083334,19.32592589333333,-0.948,25.95,2,5.1764362714980825,70.66250196097344,19,3,1,-0.9659258262890684,0.2588190451025203,0.4338837391175582,-0.900968867902419,0.4999999999999999,0.8660254037844387,0.0,1.1875,23.27083333333333,13.15,33.099999999999994,100.0,81.5,-4.75,3.4270098,0.15,-2.05,19.511111130000003,27.95,28.433333333333334,27.6,27.183333333333334,25.9,-20.27392589333333,0.175925923333331,-0.0066666666666667,-0.9413333333333332,-0.854,19.069753057777778,-0.9222222222222208,4.3089094,4.5931525,4.5590262,4.4108896,4.3477116,0,0.0,0,1.0,-0.87,20.9,79.1
2023-01-26 19:45:00,338.41229638333,252.80210976111,252.827664288888,19.511111130000003,-0.854,25.9,2,5.1764362714980825,70.66250196097344,19,3,1,-0.9659258262890684,0.2588190451025203,0.4338837391175582,-0.900968867902419,0.4999999999999999,0.8660254037844387,0.0,0.0,18.20833333333333,12.175,32.75,100.0,83.25,-4.625,3.4700332,0.175,-2.175,19.824074073333332,25.95,27.95,28.433333333333334,27.6,26.466666666666665,-20.365111130000003,0.1851852366666726,0.0939999999999999,-0.948,-0.8886666666666667,19.329012331111112,-0.914444444444443,4.3477116,4.3089094,4.5931525,4.5590262,4.5252247,0,0.0,0,1.0,-0.83,19.4,80.6
2023-01-26 20:00:00,302.948159405554,212.525109788888,212.54594232222,19.824074073333332,-0.8886666666666667,26.466666666666665,2,5.1764362714980825,70.66250196097344,20,3,1,-0.8660254037844386,0.5000000000000001,0.4338837391175582,-0.900968867902419,0.4999999999999999,0.8660254037844387,0.0,0.0,13.458333333333334,11.2,32.4,100.0,85.0,-4.5,3.5120115,0.2,-2.3,19.89444444,25.9,25.95,27.95,28.433333333333334,26.55,-20.71274074,0.3129629433333321,-0.0346666666666667,-0.854,-0.98,19.55370369888889,-0.8968888888888875,4.5252247,4.3477116,4.3089094,4.5931525,4.5582366,0,0.0,0,1.0,-0.75,16.9,83.1
2023-01-26 20:15:00,234.674779183338,135.033765083334,135.045986811112,19.89444444,-0.98,26.55,2,5.1764362714980825,70.66250196097344,20,3,1,-0.8660254037844386,0.5000000000000001,0.4338837391175582,-0.900968867902419,0.4999999999999999,0.8660254037844387,0.0,0.0,9.5,11.025,30.05,91.5,85.0,-4.5,3.5120115,0.175,-2.3,19.74444447,26.466666666666665,25.9,25.95,27.95,26.966666666666665,-20.87444444,0.0703703666666619,-0.0913333333333332,-0.8886666666666667,-0.98,19.743209881111117,-0.9075555555555542,4.5582366,4.5252247,4.3477116,4.3089094,4.5892267,0,0.0,0,1.0,-0.73,16.3,83.7
2023-01-26 20:30:00,256.89416835555204,142.301252155556,142.312085055556,19.74444447,-0.98,26.966666666666665,2,5.1764362714980825,70.66250196097344,20,3,1,-0.8660254037844386,0.5000000000000001,0.4338837391175582,-0.900968867902419,0.4999999999999999,0.8660254037844387,0.0,0.0,6.333333333333333,10.85,27.7,83.0,85.0,-4.5,3.5120115,0.15,-2.3,19.66111114,26.55,26.466666666666665,25.9,25.95,27.0,-20.72444447,-0.1499999699999961,0.0,-0.98,-0.996,19.82098766111111,-0.9495555555555542,4.5892267,4.5582366,4.5252247,4.3477116,4.5724807,0,0.0,0,1.0,-0.77,17.4,82.6
2023-01-26 20:45:00,229.017783455552,132.918571911112,132.942737627778,19.66111114,-0.996,27.0,2,5.1764362714980825,70.66250196097344,20,3,1,-0.8660254037844386,0.5000000000000001,0.4338837391175582,-0.900968867902419,0.4999999999999999,0.8660254037844387,0.0,0.0,3.9583333333333335,10.675,25.35,74.5,85.0,-4.5,3.5120115,0.125,-2.3,19.61481480666667,26.966666666666665,26.55,26.466666666666665,25.9,27.0,-20.65711114,-0.083333330000002,-0.016,-0.98,-0.976,19.766666683333337,-0.985333333333332,4.5724807,4.5892267,4.5582366,4.5252247,4.560066,0,0.0,0,1.0,-0.79,18.0,82.0
2023-01-26 21:00:00,264.774686472218,132.494144455556,132.552753244444,19.61481480666667,-0.976,27.0,2,5.1764362714980825,70.66250196097344,21,3,1,-0.7071067811865477,0.7071067811865474,0.4338837391175582,-0.900968867902419,0.4999999999999999,0.8660254037844387,0.0,0.0,2.375,10.5,23.0,66.0,85.0,-4.5,3.5120115,0.1,-2.3,19.60555555,27.0,26.966666666666665,26.55,26.466666666666665,27.0,-20.590814806666668,-0.0462963333333306,0.0199999999999999,-0.996,-0.968,19.67345680555556,-0.9839999999999988,4.560066,4.5724807,4.5892267,4.5582366,4.5575867,0,0.0,0,1.0,-0.8,18.3,81.7
2023-01-26 21:15:00,271.963009927778,125.2316572,125.289988233332,19.60555555,-0.968,27.0,2,5.1764362714980825,70.66250196097344,21,3,1,-0.7071067811865477,0.7071067811865474,0.4338837391175582,-0.900968867902419,0.4999999999999999,0.8660254037844387,0.0,0.0,1.1875,10.375,22.75,73.0,85.75,-4.625,3.4812403,0.075,-2.55,19.47777779,27.0,27.0,26.966666666666665,26.55,27.0,-20.57355555,-0.0092592566666667,0.0080000000000001,-0.976,-1.1966666666666663,19.62716049888889,-0.9799999999999986,4.5575867,4.560066,4.5724807,4.5892267,4.5234895,0,0.0,0,1.0,-0.8,18.4,81.6
2023-01-26 21:30:00,155.024076605554,0.0,0.0,19.47777779,-1.1966666666666663,27.0,0,5.1764362714980825,70.66250196097344,21,3,1,-0.7071067811865477,0.7071067811865474,0.4338837391175582,-0.900968867902419,0.4999999999999999,0.8660254037844387,0.0,0.0,0.3958333333333333,10.25,22.5,80.0,86.5,-4.75,3.4503453,0.05,-2.8,19.14444446,27.0,27.0,27.0,26.966666666666665,27.4,-20.674444456666667,-0.1277777600000007,-0.2286666666666665,-0.968,-1.3893333333333333,19.566049382222225,-1.0468888888888876,4.5234895,4.5575867,4.560066,4.5724807,4.501294,1,1.0,1,0.75,-0.83,19.4,80.6
2023-01-26 21:45:00,237.502999533332,122.097338144444,122.163446633332,19.14444446,-1.3893333333333333,27.4,2,5.1764362714980825,70.66250196097344,21,3,1,-0.7071067811865477,0.7071067811865474,0.4338837391175582,-0.900968867902419,0.4999999999999999,0.8660254037844387,0.0,0.0,0.0,10.125,22.25,87.0,87.25,-4.875,3.4193382,0.0249999999999999,-3.05,19.188888873333333,27.0,27.0,27.0,27.0,27.966666666666665,-20.53377779333333,-0.3333333300000021,-0.1926666666666667,-1.1966666666666663,-1.492,19.40925926666667,-1.1846666666666652,4.501294,4.5234895,4.5575867,4.560066,4.6064377,0,1.0,1,0.75,-0.9,22.2,77.8
2023-01-26 22:00:00,279.856305449994,116.697554127778,116.807549744444,19.188888873333333,-1.492,27.966666666666665,2,5.1764362714980825,70.66250196097344,22,3,1,-0.5000000000000004,0.8660254037844384,0.4338837391175582,-0.900968867902419,0.4999999999999999,0.8660254037844387,0.0,0.0,0.0,10.0,22.0,94.0,88.0,-5.0,3.3882313,0.0,-3.3,19.26666667,27.4,27.0,27.0,27.0,27.7,-20.68088887333333,0.0444444133333341,-0.1026666666666666,-1.3893333333333333,-1.598,19.270370374444443,-1.359333333333332,4.6064377,4.501294,4.5234895,4.5575867,4.583469,0,1.0,0,0.75,-0.89,21.7,78.3
2023-01-26 22:15:00,158.24644772222,44.035738533332,44.092402933332,19.26666667,-1.598,27.7,1,5.1764362714980825,70.66250196097344,22,3,1,-0.5000000000000004,0.8660254037844384,0.4338837391175582,-0.900968867902419,0.4999999999999999,0.8660254037844387,0.0,0.0,0.0,10.25,21.8,95.5,87.75,-5.05,3.3726249,0.0,-3.325,19.038888906666667,27.966666666666665,27.4,27.0,27.0,27.966666666666665,-20.86466667,0.0777777966666661,-0.1060000000000001,-1.492,-1.6326666666666665,19.20000000111111,-1.4931111111111095,4.583469,4.6064377,4.501294,4.5234895,4.565875,0,1.0,1,0.75,-0.87,21.0,79.0
2023-01-26 22:30:00,265.708537916666,141.898768288888,141.978209611108,19.038888906666667,-1.6326666666666665,27.966666666666665,2,5.1764362714980825,70.66250196097344,22,3,1,-0.5000000000000004,0.8660254037844384,0.4338837391175582,-0.900968867902419,0.4999999999999999,0.8660254037844387,0.0,0.0,0.0,10.5,21.6,97.0,87.5,-5.1,3.357061,0.0,-3.35,19.14444444,27.7,27.966666666666665,27.4,27.0,27.65,-20.67155557333333,-0.2277777633333322,-0.0346666666666664,-1.598,-1.508,19.164814816666667,-1.5742222222222209,4.565875,4.583469,4.6064377,4.501294,4.5423646,0,0.0,1,1.0,-0.92,23.0,77.0
2023-01-26 22:45:00,838.107863311108,10.522634611112,10.570132727778,19.14444444,-1.508,27.65,1,5.1764362714980825,70.66250196097344,22,3,1,-0.5000000000000004,0.8660254037844384,0.4338837391175582,-0.900968867902419,0.4999999999999999,0.8660254037844387,0.0,0.0,0.0,10.75,21.4,98.5,87.25,-5.15,3.341541,0.0,-3.375,18.901851833333332,27.966666666666665,27.7,27.966666666666665,27.4,27.5,-20.65244444,0.1055555333333302,0.1246666666666664,-1.6326666666666665,-1.56,19.150000005555555,-1.5795555555555545,4.5423646,4.565875,4.583469,4.6064377,4.453512,0,0.0,1,1.0,-0.9,22.1,77.9
2023-01-26 23:00:00,167.985780250002,94.07318133889,94.085403083334,18.901851833333332,-1.56,27.5,2,5.1764362714980825,70.66250196097344,23,3,1,-0.2588190451025215,0.965925826289068,0.4338837391175582,-0.900968867902419,0.4999999999999999,0.8660254037844387,0.0,0.0,0.0,11.0,21.2,100.0,87.0,-5.2,3.3260639,0.0,-3.4,18.68888892,27.65,27.966666666666665,27.7,27.966666666666665,27.6,-20.46185183333333,-0.2425926066666619,-0.052,-1.508,-1.5993333333333335,19.02839506,-1.5668888888888874,4.453512,4.5423646,4.565875,4.583469,4.413789,0,0.0,1,1.0,-0.96,24.3,75.7
2023-01-26 23:15:00,147.066894905554,98.073854655556,98.089131877776,18.68888892,-1.5993333333333335,27.6,2,5.1764362714980825,70.66250196097344,23,3,1,-0.2588190451025215,0.965925826289068,0.4338837391175582,-0.900968867902419,0.4999999999999999,0.8660254037844387,0.0,0.0,0.0,10.775,21.475,100.0,86.5,-5.15,3.3363829,0.0,-3.275,18.64444448,27.5,27.65,27.966666666666665,27.7,28.25,-20.28822225333333,-0.2129629133333352,-0.0393333333333334,-1.56,-1.5573333333333332,18.91172839777778,-1.5557777777777766,4.413789,4.453512,4.5423646,4.565875,4.5058722,0,0.0,0,1.0,-1.0,26.3,73.7
2023-01-26 23:30:00,532.059550149998,157.233432627778,157.25759836110998,18.64444448,-1.5573333333333332,28.25,2,5.1764362714980825,70.66250196097344,23,3,1,-0.2588190451025215,0.965925826289068,0.4338837391175582,-0.900968867902419,0.4999999999999999,0.8660254037844387,0.0,0.0,0.0,10.55,21.75,100.0,86.0,-5.1,3.3465903,0.0,-3.15,19.1277778,27.6,27.5,27.65,27.966666666666665,27.6,-20.201777813333333,-0.0444444399999994,0.0420000000000002,-1.5993333333333335,-1.524,18.745061744444445,-1.572222222222221,4.5058722,4.413789,4.453512,4.5423646,4.5296974,0,0.0,0,1.0,-1.01,26.6,73.4
2023-01-26 23:45:00,140.05967513889,77.443013255556,77.453290627778,19.1277778,-1.524,27.6,2,5.1764362714980825,70.66250196097344,23,3,1,-0.2588190451025215,0.965925826289068,0.4338837391175582,-0.900968867902419,0.4999999999999999,0.8660254037844387,0.0,0.0,0.0,10.325,22.025,100.0,85.5,-5.05,3.356684,0.0,-3.025,19.155555553333333,28.25,27.6,27.5,27.65,27.216666666666665,-20.6517778,0.4833333199999998,0.0333333333333332,-1.5573333333333332,-1.552,18.8203704,-1.5602222222222206,4.5296974,4.5058722,4.413789,4.453512,4.474107,0,0.0,0,1.0,-0.9,22.3,77.7
2023-01-27 00:00:00,140.3618853,75.020054644444,75.032276438886,19.155555553333333,-1.552,27.216666666666665,2,5.1764362714980825,70.66250196097344,0,4,1,0.0,1.0,-0.433883739117558,-0.9009688679024191,0.4999999999999999,0.8660254037844387,0.0,0.0,0.0,10.1,22.3,100.0,85.0,-5.0,3.3666613,0.0,-2.9,19.0111111,27.6,28.25,27.6,27.5,27.45,-20.70755555333333,0.0277777533333321,-0.028,-1.524,-1.5479999999999998,18.975925944444445,-1.5444444444444432,4.474107,4.5296974,4.5058722,4.413789,4.474184,0,0.0,0,1.0,-0.9,22.1,77.9
2023-01-27 00:15:00,222.26444248333,171.323146833332,171.348701394442,19.0111111,-1.5479999999999998,27.45,2,5.1764362714980825,70.66250196097344,0,4,1,0.0,1.0,-0.433883739117558,-0.9009688679024191,0.4999999999999999,0.8660254037844387,0.0,0.0,0.0,9.925,21.675,99.75,85.75,-5.025,3.3724542,0.025,-3.0,19.25925928,27.216666666666665,27.6,28.25,27.6,26.85,-20.5591111,-0.1444444533333317,0.0040000000000002,-1.552,-1.586666666666667,19.09814815111111,-1.541333333333332,4.474184,4.474107,4.5296974,4.5058722,4.440884,0,0.0,0,1.0,-0.93,23.3,76.7
2023-01-27 00:30:00,66.833715394446,19.823373666668,19.833095544444,19.25925928,-1.586666666666667,26.85,1,5.1764362714980825,70.66250196097344,0,4,1,0.0,1.0,-0.433883739117558,-0.9009688679024191,0.4999999999999999,0.8660254037844387,0.0,0.0,0.0,9.75,21.05,99.5,86.5,-5.05,3.3779778,0.05,-3.1,19.04999998,27.45,27.216666666666665,27.6,28.25,26.85,-20.845925946666664,0.2481481799999976,-0.0386666666666668,-1.5479999999999998,-1.6893333333333334,19.14197531111111,-1.5622222222222206,4.440884,4.474184,4.474107,4.5296974,4.3864408,0,0.0,1,1.0,-0.88,21.3,78.7
2023-01-27 00:45:00,183.964307866664,131.43418683889,131.454186072222,19.04999998,-1.6893333333333334,26.85,2,5.1764362714980825,70.66250196097344,0,4,1,0.0,1.0,-0.433883739117558,-0.9009688679024191,0.4999999999999999,0.8660254037844387,0.0,0.0,0.0,9.575,20.425,99.25,87.25,-5.074999999999999,3.3832362,0.075,-3.2,19.01666668,26.85,27.45,27.216666666666665,27.6,27.0,-20.739333313333333,-0.2092592999999993,-0.1026666666666666,-1.586666666666667,-1.756,19.106790120000003,-1.6079999999999983,4.3864408,4.440884,4.474184,4.474107,4.402279,0,0.0,1,1.0,-0.93,23.1,76.9
2023-01-27 01:00:00,170.422627305554,122.174557272222,122.19455652222,19.01666668,-1.756,27.0,2,5.1764362714980825,70.66250196097344,1,4,1,0.2588190451025207,0.9659258262890684,-0.433883739117558,-0.9009688679024191,0.4999999999999999,0.8660254037844387,0.0,0.0,0.0,9.4,19.8,99.0,88.0,-5.1,3.3882313,0.1,-3.3,18.9277778,26.85,26.85,27.45,27.216666666666665,27.05,-20.77266668,-0.0333332999999989,-0.0666666666666666,-1.6893333333333334,-1.6606666666666667,19.10864198,-1.6773333333333318,4.402279,4.3864408,4.440884,4.474184,4.38735,0,0.0,0,1.0,-0.93,23.4,76.6
2023-01-27 01:15:00,169.20573149999998,109.266740272222,109.284795133332,18.9277778,-1.6606666666666667,27.05,2,5.1764362714980825,70.66250196097344,1,4,1,0.2588190451025207,0.9659258262890684,-0.433883739117558,-0.9009688679024191,0.4999999999999999,0.8660254037844387,0.0,0.0,0.0,9.75,20.075,99.25,88.0,-5.15,3.370265,0.075,-3.375,18.92777780333333,27.0,26.85,26.85,27.45,27.28333333333333,-20.58844446666667,-0.0888888799999989,0.0953333333333332,-1.756,-1.71,18.998148153333336,-1.7019999999999984,4.38735,4.402279,4.3864408,4.440884,4.425195,0,0.0,0,1.0,-0.95,24.2,75.8
2023-01-27 01:30:00,190.268222333332,124.923891711112,124.943057644444,18.92777780333333,-1.71,27.28333333333333,2,5.1764362714980825,70.66250196097344,1,4,1,0.2588190451025207,0.9659258262890684,-0.433883739117558,-0.9009688679024191,0.4999999999999999,0.8660254037844387,0.0,0.0,0.0,10.1,20.35,99.5,88.0,-5.199999999999999,3.3523817,0.05,-3.45,19.13888892,27.05,27.0,26.85,26.85,26.7,-20.637777803333336,3.3333336091345704e-09,-0.0493333333333332,-1.6606666666666667,-1.648,18.957407427777778,-1.7088888888888876,4.425195,4.38735,4.402279,4.3864408,4.3848624,0,0.0,0,1.0,-0.95,24.1,75.9
2023-01-27 01:45:00,81.06647956110601,36.573536983334,36.584092144444,19.13888892,-1.648,26.7,1,5.1764362714980825,70.66250196097344,1,4,1,0.2588190451025207,0.9659258262890684,-0.433883739117558,-0.9009688679024191,0.4999999999999999,0.8660254037844387,0.0,0.0,0.0,10.45,20.625,99.75,88.0,-5.25,3.3345816,0.0249999999999999,-3.525,18.92777777,27.28333333333333,27.05,27.0,26.85,26.966666666666665,-20.78688892,0.2111111166666646,0.062,-1.71,-1.5800000000000003,18.99814817444445,-1.6728888888888875,4.3848624,4.425195,4.38735,4.402279,4.373834,0,0.0,1,1.0,-0.91,22.3,77.7
2023-01-27 02:00:00,183.390997449998,139.275817644444,139.29831676111,18.92777777,-1.5800000000000003,26.966666666666665,2,5.1764362714980825,70.66250196097344,2,4,1,0.4999999999999999,0.8660254037844387,-0.433883739117558,-0.9009688679024191,0.4999999999999999,0.8660254037844387,0.0,0.0,0.0,10.8,20.9,100.0,88.0,-5.3,3.3168657,0.0,-3.6,19.17222222,26.7,27.28333333333333,27.05,27.0,26.6,-20.50777777,-0.2111111500000007,0.0679999999999996,-1.648,-1.5733333333333337,18.998148164444448,-1.6459999999999988,4.373834,4.3848624,4.425195,4.38735,4.377031,0,0.0,1,1.0,-0.95,24.2,75.8
2023-01-27 02:15:00,116.523950005554,62.326951255556,62.340839649998,19.17222222,-1.5733333333333337,26.6,1,5.1764362714980825,70.66250196097344,2,4,1,0.4999999999999999,0.8660254037844387,-0.433883739117558,-0.9009688679024191,0.4999999999999999,0.8660254037844387,0.0,0.0,0.0,10.725,21.075,98.0,87.75,-5.3,3.3133218,0.0,-3.575,19.124074046666667,26.966666666666665,26.7,27.28333333333333,27.05,26.216666666666665,-20.74555555333333,0.2444444499999996,0.0066666666666668,-1.5800000000000003,-1.6393333333333333,19.079629636666667,-1.6004444444444432,4.377031,4.373834,4.3848624,4.425195,4.301726,0,0.0,1,1.0,-0.9,22.1,77.9
2023-01-27 02:30:00,135.682628027778,71.639078772222,71.652689377776,19.124074046666667,-1.6393333333333333,26.216666666666665,2,5.1764362714980825,70.66250196097344,2,4,1,0.4999999999999999,0.8660254037844387,-0.433883739117558,-0.9009688679024191,0.4999999999999999,0.8660254037844387,0.0,0.0,0.0,10.65,21.25,96.0,87.5,-5.3,3.3097544,0.0,-3.55,18.97222218,26.6,26.966666666666665,26.7,27.28333333333333,26.5,-20.76340738,-0.0481481733333311,-0.0659999999999998,-1.5733333333333337,-1.6233333333333335,19.07469134555556,-1.5975555555555545,4.301726,4.377031,4.373834,4.3848624,4.3094354,0,0.0,1,1.0,-0.91,22.6,77.4
2023-01-27 02:45:00,219.516219049998,166.030302988888,166.05502424999798,18.97222218,-1.6233333333333335,26.5,2,5.1764362714980825,70.66250196097344,2,4,1,0.4999999999999999,0.8660254037844387,-0.433883739117558,-0.9009688679024191,0.4999999999999999,0.8660254037844387,0.0,0.0,0.0,10.575,21.425,94.0,87.25,-5.3,3.3061619,0.0,-3.525,19.20370368,26.216666666666665,26.6,26.966666666666665,26.7,26.316666666666663,-20.59555551333333,-0.1518518666666679,0.0159999999999997,-1.6393333333333333,-1.7666666666666666,19.08950614888889,-1.6119999999999983,4.3094354,4.301726,4.377031,4.373834,4.3384495,0,0.0,0,1.0,-0.95,23.9,76.1
2023-01-27 03:00:00,73.332899883334,25.127883727778,25.137605605554,19.20370368,-1.7666666666666666,26.316666666666663,1,5.1764362714980825,70.66250196097344,3,4,1,0.7071067811865476,0.7071067811865476,-0.433883739117558,-0.9009688679024191,0.4999999999999999,0.8660254037844387,0.0,0.0,0.0,10.5,21.6,92.0,87.0,-5.3,3.3025458,0.0,-3.5,19.01666663,26.5,26.216666666666665,26.6,26.966666666666665,26.05,-20.970370346666662,0.231481500000001,-0.1433333333333331,-1.6233333333333335,-1.834,19.09999996888889,-1.676444444444443,4.3384495,4.3094354,4.301726,4.377031,4.2473836,0,0.0,1,1.0,-0.89,21.9,78.1
2023-01-27 03:15:00,153.97578522222,101.178730472222,101.195118733332,19.01666663,-1.834,26.05,2,5.1764362714980825,70.66250196097344,3,4,1,0.7071067811865476,0.7071067811865476,-0.433883739117558,-0.9009688679024191,0.4999999999999999,0.8660254037844387,0.0,0.0,0.0,10.375,21.325000000000003,87.25,87.5,-5.45,3.2688432,0.0,-3.725,18.82037035666667,26.316666666666663,26.5,26.216666666666665,26.6,26.466666666666665,-20.85066663,-0.1870370500000007,-0.0673333333333334,-1.7666666666666666,-1.9366666666666668,19.06419749666667,-1.7413333333333318,4.2473836,4.3384495,4.3094354,4.301726,4.265583,0,0.0,1,1.0,-0.94,23.6,76.4
2023-01-27 03:30:00,143.823135811108,96.855014544444,96.872236105554,18.82037035666667,-1.9366666666666668,26.466666666666665,2,5.1764362714980825,70.66250196097344,3,4,1,0.7071067811865476,0.7071067811865476,-0.433883739117558,-0.9009688679024191,0.4999999999999999,0.8660254037844387,0.0,0.0,0.0,10.25,21.05,82.5,88.0,-5.6,3.2352781,0.0,-3.95,18.64444448,26.05,26.316666666666663,26.5,26.216666666666665,26.5,-20.757037023333336,-0.1962962733333313,-0.1026666666666666,-1.834,-2.04,19.013580222222224,-1.8457777777777764,4.265583,4.2473836,4.3384495,4.3094354,4.226747,0,0.0,0,1.0,-0.98,25.3,74.7
2023-01-27 03:45:00,205.220401988888,145.519456755556,145.543066977776,18.64444448,-2.04,26.5,2,5.1764362714980825,70.66250196097344,3,4,1,0.7071067811865476,0.7071067811865476,-0.433883739117558,-0.9009688679024191,0.4999999999999999,0.8660254037844387,0.0,0.0,0.0,10.125,20.775,77.75,88.5,-5.75,3.2018557,0.0,-4.175000000000001,18.925925933333332,26.466666666666665,26.05,26.316666666666663,26.5,26.316666666666663,-20.68444448,-0.1759258766666676,-0.1033333333333332,-1.9366666666666668,-2.0733333333333333,18.827160488888893,-1.9368888888888875,4.226747,4.265583,4.2473836,4.3384495,4.26794,0,0.0,0,1.0,-1.02,27.0,73.0
2023-01-27 04:00:00,190.287388266664,126.2057849,126.225784149998,18.925925933333332,-2.0733333333333333,26.316666666666663,2,5.1764362714980825,70.66250196097344,4,4,1,0.8660254037844386,0.5000000000000001,-0.433883739117558,-0.9009688679024191,0.4999999999999999,0.8660254037844387,0.0,0.0,0.0,10.0,20.5,73.0,89.0,-5.9,3.1685789,0.0,-4.4,19.15555557,26.5,26.466666666666665,26.05,26.316666666666663,25.7,-20.99925926666667,0.2814814533333347,-0.0333333333333332,-2.04,-2.035333333333333,18.796913590000003,-2.0166666666666653,4.26794,4.226747,4.265583,4.2473836,4.224784,0,0.0,0,1.0,-0.96,24.3,75.7
2023-01-27 04:15:00,98.49078254444,53.947564227778,53.959786005554,19.15555557,-2.035333333333333,25.7,1,5.1764362714980825,70.66250196097344,4,4,1,0.8660254037844386,0.5000000000000001,-0.433883739117558,-0.9009688679024191,0.4999999999999999,0.8660254037844387,0.0,0.0,0.0,9.975,19.875,79.5,89.0,-6.025,3.1459816,0.0,-4.5,18.96851854333333,26.316666666666663,26.5,26.466666666666665,26.05,25.966666666666665,-21.19088890333333,0.2296296366666652,0.0379999999999998,-2.0733333333333333,-2.044,18.908641994444448,-2.0495555555555542,4.224784,4.26794,4.226747,4.265583,4.221782,0,0.0,1,1.0,-0.91,22.4,77.6
2023-01-27 04:30:00,198.128741266664,154.435488983334,154.4588214,18.96851854333333,-2.044,25.966666666666665,2,5.1764362714980825,70.66250196097344,4,4,1,0.8660254037844386,0.5000000000000001,-0.433883739117558,-0.9009688679024191,0.4999999999999999,0.8660254037844387,0.0,0.0,0.0,9.95,19.25,86.0,89.0,-6.15,3.1235263,0.0,-4.6,19.23333333,25.7,26.316666666666663,26.5,26.466666666666665,25.65,-21.012518543333336,-0.1870370266666654,-0.0086666666666666,-2.035333333333333,-2.016,19.016666682222223,-2.050888888888888,4.221782,4.224784,4.26794,4.226747,4.2359347,0,0.0,1,1.0,-0.95,24.0,76.0
2023-01-27 04:45:00,94.035127327778,39.388702205554,39.398701838886005,19.23333333,-2.016,25.65,1,5.1764362714980825,70.66250196097344,4,4,1,0.8660254037844386,0.5000000000000001,-0.433883739117558,-0.9009688679024191,0.4999999999999999,0.8660254037844387,0.0,0.0,0.0,9.925,18.625,92.5,89.0,-6.275,3.1012125,0.0,-4.7,19.075925946666665,25.966666666666665,25.7,26.316666666666663,26.5,25.683333333333334,-21.24933333,0.2648147866666619,0.028,-2.044,-2.0,19.119135814444444,-2.0317777777777764,4.2359347,4.221782,4.224784,4.26794,4.2022657,0,0.0,1,1.0,-0.89,21.7,78.3
2023-01-27 05:00:00,166.80166108333,103.387530983334,103.405308105554,19.075925946666665,-2.0,25.683333333333334,2,5.1764362714980825,70.66250196097344,5,4,1,0.9659258262890684,0.2588190451025207,-0.433883739117558,-0.9009688679024191,0.4999999999999999,0.8660254037844387,0.0,0.0,0.0,9.9,18.0,99.0,89.0,-6.4,3.0790386,0.0,-4.8,19.03333336,25.65,25.966666666666665,25.7,26.316666666666663,25.95,-21.075925946666665,-0.1574073833333322,0.016,-2.016,-2.028,19.092592606666667,-2.0199999999999982,4.2022657,4.2359347,4.221782,4.224784,4.235242,0,0.0,1,1.0,-0.93,23.1,76.9
2023-01-27 05:15:00,200.868909355556,149.947612972222,149.969278772222,19.03333336,-2.028,25.95,2,5.1764362714980825,70.66250196097344,5,4,1,0.9659258262890684,0.2588190451025207,-0.433883739117558,-0.9009688679024191,0.4999999999999999,0.8660254037844387,0.0,0.0,0.0,10.05,18.1,91.75,89.0,-6.325,3.095656,0.0,-4.725,19.2537037,25.683333333333334,25.65,25.966666666666665,25.7,25.53333333333333,-21.061333359999995,-0.0425925866666681,-0.028,-2.0,-2.0660000000000003,19.114197545555555,-2.014666666666665,4.235242,4.2022657,4.2359347,4.221782,4.221731,0,0.0,0,1.0,-0.93,23.4,76.6
2023-01-27 05:30:00,69.248063333332,22.564652911112,22.5724304,19.2537037,-2.0660000000000003,25.53333333333333,1,5.1764362714980825,70.66250196097344,5,4,1,0.9659258262890684,0.2588190451025207,-0.433883739117558,-0.9009688679024191,0.4999999999999999,0.8660254037844387,0.0,0.0,0.0,10.2,18.2,84.5,89.0,-6.25,3.1123514,0.0,-4.65,18.98333335,25.95,25.683333333333334,25.65,25.966666666666665,25.85,-21.3197037,0.2203703400000023,-0.0380000000000002,-2.028,-2.004,19.120987668888887,-2.031333333333332,4.221731,4.235242,4.2022657,4.2359347,4.2064915,0,0.0,1,1.0,-0.89,21.6,78.4
2023-01-27 05:45:00,176.41322110555,124.240030216666,124.259473938886,18.98333335,-2.004,25.85,2,5.1764362714980825,70.66250196097344,5,4,1,0.9659258262890684,0.2588190451025207,-0.433883739117558,-0.9009688679024191,0.4999999999999999,0.8660254037844387,0.0,0.0,0.0,10.35,18.3,77.25,89.0,-6.175,3.1291273,0.0,-4.575,19.09444445333333,25.53333333333333,25.95,25.683333333333334,25.65,25.816666666666663,-20.98733335,-0.2703703500000003,0.0620000000000002,-2.0660000000000003,-1.9506666666666663,19.09012347,-2.0326666666666653,4.2064915,4.221731,4.235242,4.2022657,4.2286973,0,0.0,1,1.0,-0.95,23.9,76.1
2023-01-27 06:00:00,161.945466438886,115.308998555556,115.327886716666,19.09444445333333,-1.9506666666666663,25.816666666666663,2,5.1764362714980825,70.66250196097344,6,4,1,1.0,6.123233995736766e-17,-0.433883739117558,-0.9009688679024191,0.4999999999999999,0.8660254037844387,0.0,0.0,0.0,10.5,18.4,70.0,89.0,-6.1,3.1459816,0.0,-4.5,19.16666669,25.85,25.53333333333333,25.95,25.683333333333334,25.55,-21.04511112,0.1111111033333323,0.0533333333333334,-2.004,-2.004,19.110493834444444,-2.006888888888888,4.2286973,4.2064915,4.221731,4.235242,4.2028766,0,0.0,0,1.0,-0.92,22.9,77.1
2023-01-27 06:15:00,100.654029294442,41.816105055556,41.825826933332,19.16666669,-2.004,25.55,1,5.1764362714980825,70.66250196097344,6,4,1,1.0,6.123233995736766e-17,-0.433883739117558,-0.9009688679024191,0.4999999999999999,0.8660254037844387,0.0,0.0,0.0,10.675,18.75,77.5,88.75,-6.1,3.1371446,0.0,-4.5,18.835185176666663,25.816666666666663,25.85,25.53333333333333,25.95,25.966666666666665,-21.17066669,0.0722222366666685,-0.0533333333333334,-1.9506666666666663,-0.8486666666666667,19.081481497777776,-1.9862222222222208,4.2028766,4.2286973,4.2064915,4.221731,4.188666,0,0.0,1,1.0,-0.91,22.3,77.7
2023-01-27 06:30:00,174.991055694442,113.189916688888,113.208249355552,18.835185176666663,-0.8486666666666667,25.966666666666665,2,5.1764362714980825,70.66250196097344,6,4,1,1.0,6.123233995736766e-17,-0.433883739117558,-0.9009688679024191,0.4999999999999999,0.8660254037844387,0.0,0.0,0.0,10.85,19.1,85.0,88.5,-6.1,3.1283076,0.0,-4.5,18.72222222,25.55,25.816666666666663,25.85,25.53333333333333,26.05,-19.683851843333333,-0.3314815133333333,1.155333333333333,-2.004,0.206,19.03209877333333,-1.6011111111111098,4.188666,4.2028766,4.2286973,4.2064915,4.174136,0,0.0,1,1.0,-0.98,25.3,74.7
2023-01-27 06:45:00,145.685283505554,101.593158327778,101.61121322222,18.72222222,0.206,26.05,2,5.1764362714980825,70.66250196097344,6,4,1,1.0,6.123233995736766e-17,-0.433883739117558,-0.9009688679024191,0.4999999999999999,0.8660254037844387,0.0,0.0,0.0,11.025,19.45,92.5,88.25,-6.1,3.1194706,0.0,-4.5,18.64814818,25.966666666666665,25.55,25.816666666666663,25.85,26.466666666666665,-18.51622222,-0.1129629566666672,1.0546666666666666,-0.8486666666666667,-1.142,18.908024695555557,-0.8822222222222207,4.174136,4.188666,4.2028766,4.2286973,4.222355,0,0.0,0,1.0,-1.0,26.3,73.7
2023-01-27 07:00:00,201.914700855556,158.745872111112,158.7703156,18.64814818,-1.142,26.466666666666665,2,5.1764362714980825,70.66250196097344,7,4,1,0.9659258262890684,-0.2588190451025206,-0.433883739117558,-0.9009688679024191,0.4999999999999999,0.8660254037844387,0.0,0.0,0.0,11.2,19.8,100.0,88.0,-6.1,3.1106336,0.0,-4.5,19.08333333,26.05,25.966666666666665,25.55,25.816666666666663,26.1,-19.79014818,-0.0740740399999992,-1.348,0.206,-1.653333333333333,18.73518519222222,-0.5948888888888876,4.222355,4.174136,4.188666,4.2028766,4.2723064,0,0.0,0,1.0,-1.02,27.0,73.0
2023-01-27 07:15:00,121.99150897778,67.787843927778,67.801732305554,19.08333333,-1.653333333333333,26.1,1,5.1764362714980825,70.66250196097344,7,4,1,0.9659258262890684,-0.2588190451025206,-0.433883739117558,-0.9009688679024191,0.4999999999999999,0.8660254037844387,0.0,0.0,0.0,10.85,20.25,100.0,87.25,-5.65,3.2191527,0.05,-3.9,19.048148153333333,26.466666666666665,26.05,25.966666666666665,25.55,25.716666666666665,-20.73666666333333,0.4351851500000023,-0.5113333333333334,-1.142,-1.6699999999999997,18.81790124333333,-0.8631111111111097,4.2723064,4.222355,4.174136,4.188666,4.2008305,0,0.0,1,1.0,-0.92,23.0,77.0
2023-01-27 07:30:00,126.290225872226,62.571663683334,62.585829783334,19.048148153333333,-1.6699999999999997,25.716666666666665,1,5.1764362714980825,70.66250196097344,7,4,1,0.9659258262890684,-0.2588190451025206,-0.433883739117558,-0.9009688679024191,0.4999999999999999,0.8660254037844387,0.0,0.0,0.0,10.5,20.700000000000003,100.0,86.5,-5.199999999999999,3.3304775,0.1,-3.3,18.86666664,26.1,26.466666666666665,26.05,25.966666666666665,26.0,-20.71814815333333,-0.035185176666669,-0.0166666666666663,-1.653333333333333,-1.5273333333333334,18.926543221111118,-1.4884444444444431,4.2008305,4.2723064,4.222355,4.174136,4.20185,0,0.0,0,1.0,-0.93,23.4,76.6
2023-01-27 07:45:00,211.911800888892,161.128276811112,161.151886966668,18.86666664,-1.5273333333333334,26.0,2,5.1764362714980825,70.66250196097344,7,4,1,0.9659258262890684,-0.2588190451025206,-0.433883739117558,-0.9009688679024191,0.4999999999999999,0.8660254037844387,0.0,0.0,0.0,10.15,21.15,100.0,85.75,-4.75,3.4446406,0.15,-2.7,19.144444473333333,25.716666666666665,26.1,26.466666666666665,26.05,25.816666666666663,-20.393999973333337,-0.1814815133333311,0.1426666666666662,-1.6699999999999997,-1.3113333333333337,18.99938270777778,-1.6168888888888877,4.20185,4.2008305,4.2723064,4.222355,4.2411833,0,0.0,1,1.0,-0.97,25.0,75.0
2023-01-27 08:00:00,60.476747616662,13.770282533332,13.779171094442,19.144444473333333,-1.3113333333333337,25.816666666666663,1,5.1764362714980825,70.66250196097344,8,4,1,0.8660254037844387,-0.4999999999999998,-0.433883739117558,-0.9009688679024191,0.4999999999999999,0.8660254037844387,0.0,0.0,0.0,9.8,21.6,100.0,85.0,-4.3,3.5616717,0.2,-2.1,18.97222224,26.0,25.716666666666665,26.1,26.466666666666665,25.9,-20.455777806666667,0.2777778333333316,0.2159999999999999,-1.5273333333333334,-1.094,19.01975308888889,-1.5028888888888876,4.2411833,4.20185,4.2008305,4.2723064,4.2118635,0,0.0,1,1.0,-0.91,22.5,77.5
2023-01-27 08:15:00,167.586629583334,115.225668555556,115.244834488888,18.97222224,-1.094,25.9,2,5.1764362714980825,70.66250196097344,8,4,1,0.8660254037844387,-0.4999999999999998,-0.433883739117558,-0.9009688679024191,0.4999999999999999,0.8660254037844387,1.0,0.25,0.0833333333333333,10.325,22.225,100.0,84.25,-4.25,3.5675616,0.15,-1.95,19.01111111,25.816666666666663,26.0,25.716666666666665,26.1,26.28333333333333,-20.06622224,-0.1722222333333327,0.2173333333333333,-1.3113333333333337,-0.8726666666666667,18.994444451111114,-1.3108888888888874,4.2118635,4.2411833,4.20185,4.2008305,4.284024,0,0.0,1,1.0,-0.95,24.0,76.0
2023-01-27 08:30:00,156.00987052222,109.158966783334,109.177577155556,19.01111111,-0.8726666666666667,26.28333333333333,2,5.1764362714980825,70.66250196097344,8,4,1,0.8660254037844387,-0.4999999999999998,-0.433883739117558,-0.9009688679024191,0.4999999999999999,0.8660254037844387,2.0,0.75,0.25,10.85,22.85,100.0,83.5,-4.199999999999999,3.57313,0.1,-1.8,19.116666650000003,25.9,25.816666666666663,26.0,25.716666666666665,26.05,-19.88377777666667,0.0388888700000009,0.2213333333333333,-1.094,-0.8133333333333332,19.04259260777778,-1.0926666666666656,4.284024,4.2118635,4.2411833,4.20185,4.272512,0,0.0,0,1.0,-0.94,23.6,76.4
2023-01-27 08:45:00,92.406025927774,33.632821316666,33.643654216666,19.116666650000003,-0.8133333333333332,26.05,1,5.1764362714980825,70.66250196097344,8,4,1,0.8660254037844387,-0.4999999999999998,-0.433883739117558,-0.9009688679024191,0.4999999999999999,0.8660254037844387,3.0,1.5,0.5,11.375,23.475,100.0,82.75,-4.15,3.5783708,0.0499999999999999,-1.65,18.85185182,26.28333333333333,25.9,25.816666666666663,26.0,26.466666666666665,-19.92999998333333,0.105555540000001,0.0593333333333334,-0.8726666666666667,-0.7386666666666667,19.03333333333333,-0.9266666666666652,4.272512,4.284024,4.2118635,4.2411833,4.2735267,0,0.0,1,1.0,-0.91,22.7,77.3
2023-01-27 09:00:00,206.517294527778,144.67171290000002,144.694489788888,18.85185182,-0.7386666666666667,26.466666666666665,2,5.1764362714980825,70.66250196097344,9,4,1,0.7071067811865476,-0.7071067811865475,-0.433883739117558,-0.9009688679024191,0.4999999999999999,0.8660254037844387,4.0,2.5,0.8333333333333334,11.9,24.1,100.0,82.0,-4.1,3.5832772,0.0,-1.5,18.93333332,26.05,26.28333333333333,25.9,25.816666666666663,26.5,-19.590518486666667,-0.2648148300000024,0.0746666666666665,-0.8133333333333332,-0.5186666666666667,18.993209860000004,-0.8082222222222208,4.2735267,4.272512,4.284024,4.2118635,4.2995524,0,0.0,1,1.0,-0.97,25.0,75.0
2023-01-27 09:15:00,141.322124622224,97.24138793889,97.260553872222,18.93333332,-0.5186666666666667,26.5,2,5.1764362714980825,70.66250196097344,9,4,1,0.7071067811865476,-0.7071067811865475,-0.433883739117558,-0.9009688679024191,0.4999999999999999,0.8660254037844387,23.25,8.0625,2.770833333333333,12.1,25.55,100.0,80.5,-4.074999999999999,3.592058,0.025,-1.2,18.82407406333333,26.466666666666665,26.05,26.28333333333333,25.9,26.5,-19.451999986666667,0.0814814999999988,0.2199999999999999,-0.7386666666666667,-0.2779999999999999,18.96728393,-0.6902222222222208,4.2995524,4.2735267,4.272512,4.284024,4.27189,0,0.0,0,1.0,-0.95,24.2,75.8
2023-01-27 09:30:00,191.995375511108,148.709051416666,148.734050466664,18.82407406333333,-0.2779999999999999,26.5,2,5.1764362714980825,70.66250196097344,9,4,1,0.7071067811865476,-0.7071067811865475,-0.433883739117558,-0.9009688679024191,0.4999999999999999,0.8660254037844387,42.5,18.1875,6.3125,12.3,27.0,100.0,79.0,-4.05,3.599419,0.05,-0.9,19.03333336,26.5,26.466666666666665,26.05,26.28333333333333,26.45,-19.102074063333333,-0.1092592566666645,0.2406666666666667,-0.5186666666666667,0.0606666666666666,18.86975306777778,-0.5117777777777764,4.27189,4.2995524,4.2735267,4.272512,4.316846,0,0.0,0,1.0,-0.98,25.3,74.7
2023-01-27 09:45:00,91.663277788888,37.8309867,37.842375177776,19.03333336,0.0606666666666666,26.45,1,5.1764362714980825,70.66250196097344,9,4,1,0.7071067811865476,-0.7071067811865475,-0.433883739117558,-0.9009688679024191,0.4999999999999999,0.8660254037844387,61.75,32.875,11.458333333333334,12.5,28.45,100.0,77.5,-4.025,3.6053035,0.075,-0.6,18.92962964,26.5,26.5,26.466666666666665,26.05,26.216666666666665,-18.97266669333333,0.2092592966666622,0.3386666666666666,-0.2779999999999999,0.2113333333333333,18.93024691444444,-0.245333333333332,4.316846,4.27189,4.2995524,4.2735267,4.252653,0,0.0,1,1.0,-0.93,23.3,76.7
2023-01-27 10:00:00,142.685959099996,78.299923427778,78.316033966664,18.92962964,0.2113333333333333,26.216666666666665,2,5.1764362714980825,70.66250196097344,10,4,1,0.4999999999999999,-0.8660254037844387,-0.433883739117558,-0.9009688679024191,0.4999999999999999,0.8660254037844387,81.0,52.125,18.20833333333333,12.7,29.9,100.0,76.0,-4.0,3.6096547,0.1,-0.3,18.88333335,26.45,26.5,26.5,26.466666666666665,26.8,-18.718296306666662,-0.1037037199999986,0.1506666666666666,0.0606666666666666,0.4246666666666667,18.92901235444444,-0.0019999999999986,4.252653,4.316846,4.27189,4.2995524,4.335405,0,0.0,1,1.0,-0.96,24.3,75.7
2023-01-27 10:15:00,171.292870244444,120.423238444444,120.444348716666,18.88333335,0.4246666666666667,26.8,2,5.1764362714980825,70.66250196097344,10,4,1,0.4999999999999999,-0.8660254037844387,-0.433883739117558,-0.9009688679024191,0.4999999999999999,0.8660254037844387,80.5,66.4375,24.916666666666668,13.175,30.35,96.25,74.25,-4.15,3.5632463,0.075,-0.15,19.107407443333333,26.216666666666665,26.45,26.5,26.5,26.35,-18.45866668333333,-0.0462962900000007,0.2133333333333333,0.2113333333333333,0.7293333333333333,18.94876545,0.2322222222222235,4.335405,4.252653,4.316846,4.27189,4.319357,0,0.0,0,1.0,-0.96,24.6,75.4
2023-01-27 10:30:00,56.823560399996,10.425694088888,10.434027105554,19.107407443333333,0.7293333333333333,26.35,1,5.1764362714980825,70.66250196097344,10,4,1,0.4999999999999999,-0.8660254037844387,-0.433883739117558,-0.9009688679024191,0.4999999999999999,0.8660254037844387,80.0,75.8125,31.58333333333333,13.65,30.8,92.5,72.5,-4.3,3.515435,0.05,0.0,18.911111100000003,26.8,26.216666666666665,26.45,26.5,26.35,-18.37807411,0.2240740933333356,0.3046666666666666,0.4246666666666667,1.1073333333333333,18.97345681111111,0.4551111111111123,4.319357,4.335405,4.252653,4.316846,4.2696085,0,0.0,1,1.0,-0.92,22.7,77.3
2023-01-27 10:45:00,173.765826888888,120.864054111112,120.884608888888,18.911111100000003,1.1073333333333333,26.35,2,5.1764362714980825,70.66250196097344,10,4,1,0.4999999999999999,-0.8660254037844387,-0.433883739117558,-0.9009688679024191,0.4999999999999999,0.8660254037844387,79.5,80.25,38.208333333333336,14.125,31.25,88.75,70.75,-4.449999999999999,3.4661987,0.0249999999999999,0.15,19.038888853333333,26.35,26.8,26.216666666666665,26.45,26.5,-17.80377776666667,-0.19629634333333,0.378,0.7293333333333333,1.5219999999999998,18.967283964444444,0.7537777777777791,4.2696085,4.319357,4.335405,4.252653,4.326425,0,0.0,1,1.0,-0.96,24.5,75.5
2023-01-27 11:00:00,113.684341377776,53.413974455556,53.426196266664,19.038888853333333,1.5219999999999998,26.5,1,5.1764362714980825,70.66250196097344,11,4,1,0.258819045102521,-0.9659258262890682,-0.433883739117558,-0.9009688679024191,0.4999999999999999,0.8660254037844387,79.0,79.75,44.79166666666666,14.6,31.7,85.0,69.0,-4.6,3.4155169,0.0,0.3,19.25833334,26.35,26.35,26.8,26.216666666666665,26.9,-17.516888853333334,0.1277777533333299,0.4146666666666665,1.1073333333333333,1.9813333333333327,19.019135798888893,1.119555555555557,4.326425,4.2696085,4.319357,4.335405,4.44891,0,0.0,1,1.0,-0.93,23.3,76.7
2023-01-27 11:15:00,176.459608033332,49.637736644444,49.65051398333,19.25833334,1.9813333333333327,26.9,1,5.1764362714980825,70.66250196097344,11,4,1,0.258819045102521,-0.9659258262890682,-0.433883739117558,-0.9009688679024191,0.4999999999999999,0.8660254037844387,153.0,97.875,57.458333333333336,15.425,34.4,74.25,67.0,-4.824999999999999,3.3739345,0.0,0.55,19.24166666,26.5,26.35,26.35,26.8,27.65,-17.27700000666667,0.2194444866666671,0.4593333333333333,1.5219999999999998,2.324,19.069444431111112,1.53688888888889,4.44891,4.326425,4.2696085,4.319357,4.5684633,0,0.0,0,1.0,-0.88,21.3,78.7
2023-01-27 11:30:00,245.003532816666,145.642229627778,145.662506633332,19.24166666,2.324,27.65,2,5.1764362714980825,70.66250196097344,11,4,1,0.258819045102521,-0.9659258262890682,-0.433883739117558,-0.9009688679024191,0.4999999999999999,0.8660254037844387,227.0,134.625,76.20833333333333,16.25,37.1,63.5,65.0,-5.05,3.3297684,0.0,0.8,19.32222222,26.9,26.5,26.35,26.35,27.7,-16.917666660000002,-0.0166666800000001,0.3426666666666667,1.9813333333333327,1.907333333333333,19.179629617777778,1.9424444444444455,4.5684633,4.44891,4.326425,4.2696085,4.598487,0,0.0,1,1.0,-0.88,21.3,78.7
2023-01-27 11:45:00,714.766963744444,44.824595827778,44.843761744444,19.32222222,1.907333333333333,27.7,1,5.1764362714980825,70.66250196097344,11,4,1,0.258819045102521,-0.9659258262890682,-0.433883739117558,-0.9009688679024191,0.4999999999999999,0.8660254037844387,301.0,190.0,101.04166666666669,17.075,39.8,52.75,63.0,-5.275,3.2829514,0.0,1.05,19.131481453333333,27.65,26.9,26.5,26.35,28.33333333333333,-17.414888886666667,0.0805555600000005,-0.4166666666666665,2.324,1.850666666666667,19.27407407333333,2.07088888888889,4.598487,4.5684633,4.44891,4.326425,4.6510673,0,0.0,1,1.0,-0.86,20.6,79.4
2023-01-27 12:00:00,166.889990916662,0.0,0.0,19.131481453333333,1.850666666666667,28.33333333333333,0,5.1764362714980825,70.66250196097344,12,4,1,1.2246467991473532e-16,-1.0,-0.433883739117558,-0.9009688679024191,0.4999999999999999,0.8660254037844387,375.0,264.0,131.95833333333334,17.9,42.5,42.0,61.0,-5.5,3.2334137,0.0,1.3,18.85555552,27.7,27.65,26.9,26.5,30.45,-17.280814786666667,-0.1907407666666678,-0.0566666666666666,1.907333333333333,1.9393333333333331,19.231790111111117,2.0273333333333348,4.6510673,4.598487,4.5684633,4.44891,4.917784,1,1.0,1,0.75,-0.9,22.1,77.9
2023-01-27 12:15:00,1054.929190077776,0.0,0.0,18.85555552,1.9393333333333331,30.45,0,5.1764362714980825,70.66250196097344,12,4,1,1.2246467991473532e-16,-1.0,-0.433883739117558,-0.9009688679024191,0.4999999999999999,0.8660254037844387,384.5,321.875,162.0625,17.375,42.05,49.25,60.5,-5.55,3.2178545,0.0,1.35,18.749999993333333,28.33333333333333,27.7,27.65,26.9,31.28333333333333,-16.916222186666666,-0.2759259333333332,0.0886666666666666,1.850666666666667,1.913333333333333,19.103086397777776,1.8991111111111127,4.917784,4.6510673,4.598487,4.5684633,5.0209446,0,2.0,0,0.5,-0.95,24.1,75.9
2023-01-27 12:30:00,736.5680361,164.611470827778,164.63258109999998,18.749999993333333,1.913333333333333,31.28333333333333,2,5.1764362714980825,70.66250196097344,12,4,1,1.2246467991473532e-16,-1.0,-0.433883739117558,-0.9009688679024191,0.4999999999999999,0.8660254037844387,394.0,363.625,191.35416666666663,16.85,41.6,56.5,60.0,-5.6,3.2021475,0.0,1.4,19.03333336,30.45,28.33333333333333,27.7,27.65,30.25,-16.83666666,-0.1055555266666665,-0.026,1.9393333333333331,1.8393333333333333,18.912345655555555,1.9011111111111123,5.0209446,4.917784,4.6510673,4.598487,4.937036,0,2.0,1,0.5,-0.97,24.9,75.1
2023-01-27 12:45:00,1217.731288849998,10.640685488888,10.674295277776,19.03333336,1.8393333333333333,30.25,1,5.1764362714980825,70.66250196097344,12,4,1,1.2246467991473532e-16,-1.0,-0.433883739117558,-0.9009688679024191,0.4999999999999999,0.8660254037844387,403.5,389.25,219.83333333333331,16.325,41.150000000000006,63.75,59.5,-5.65,3.1862907,0.0,1.45,18.939814815,31.28333333333333,30.45,28.33333333333333,27.7,29.53333333333333,-17.194000026666664,0.283333366666664,-0.074,1.913333333333333,1.824,18.879629624444444,1.8973333333333349,4.937036,5.0209446,4.917784,4.6510673,4.7935367,0,2.0,1,0.5,-0.91,22.5,77.5
2023-01-27 13:00:00,124.769453472222,0.0,0.0,18.939814815,1.824,29.53333333333333,0,5.1764362714980825,70.66250196097344,13,4,1,-0.2588190451025208,-0.9659258262890684,-0.433883739117558,-0.9009688679024191,0.4999999999999999,0.8660254037844387,413.0,398.75,247.5,15.8,40.7,71.0,59.0,-5.7,3.1702843,0.0,1.5,18.680555545,30.25,31.28333333333333,30.45,28.33333333333333,29.7,-17.115814814999997,-0.0935185449999984,-0.0153333333333331,1.8393333333333333,1.7813333333333332,18.90771605611111,1.8588888888888904,4.7935367,4.937036,5.0209446,4.917784,4.7472806,1,2.0,1,0.5,-0.94,23.5,76.5
2023-01-27 13:15:00,201.509161444448,80.602609116666,80.65927351666599,18.680555545,1.7813333333333332,29.7,2,5.1764362714980825,70.66250196097344,13,4,1,-0.2588190451025208,-0.9659258262890684,-0.433883739117558,-0.9009688679024191,0.4999999999999999,0.8660254037844387,400.25,402.6875,274.1458333333333,15.525,39.8,63.75,58.75,-5.725,3.1676066,0.025,1.55,18.83703704,29.53333333333333,30.25,31.28333333333333,30.45,31.55,-16.899222211666668,-0.2592592699999976,-0.0426666666666668,1.824,1.8333333333333333,18.884567906666664,1.8148888888888903,4.7472806,4.7935367,4.937036,5.0209446,5.0898647,0,1.0,1,0.75,-1.0,25.9,74.1
2023-01-27 13:30:00,196.905456833332,66.817327216666,66.87621376111001,18.83703704,1.8333333333333333,31.55,1,5.1764362714980825,70.66250196097344,13,4,1,-0.2588190451025208,-0.9659258262890684,-0.433883739117558,-0.9009688679024191,0.4999999999999999,0.8660254037844387,387.5,401.0625,299.7708333333333,15.25,38.900000000000006,56.5,58.5,-5.75,3.1648693,0.05,1.6,18.95555554,29.7,29.53333333333333,30.25,31.28333333333333,31.3,-17.003703706666666,0.1564814949999977,0.052,1.7813333333333332,2.0733333333333333,18.8191358,1.8128888888888903,5.0898647,4.7472806,4.7935367,4.937036,5.0850067,0,1.0,1,0.75,-0.95,24.1,75.9
2023-01-27 13:45:00,160.227201838886,24.413745611112,24.483742877776,18.95555554,2.0733333333333333,31.3,1,5.1764362714980825,70.66250196097344,13,4,1,-0.2588190451025208,-0.9659258262890684,-0.433883739117558,-0.9009688679024191,0.4999999999999999,0.8660254037844387,374.75,393.875,324.375,14.975,38.0,49.25,58.25,-5.775,3.1620722,0.075,1.65,18.7574074,31.55,29.7,29.53333333333333,30.25,31.183333333333334,-16.882222206666665,0.1185185000000004,0.24,1.8333333333333333,1.95,18.82438270833333,1.8960000000000012,5.0850067,5.0898647,4.7472806,4.7935367,5.0070868,0,1.0,0,0.75,-0.92,23.0,77.0
2023-01-27 14:00:00,246.717075488884,133.168284188888,133.222170949998,18.7574074,1.95,31.183333333333334,2,5.1764362714980825,70.66250196097344,14,4,1,-0.4999999999999997,-0.8660254037844388,-0.433883739117558,-0.9009688679024191,0.4999999999999999,0.8660254037844387,362.0,381.125,347.9583333333333,14.7,37.1,42.0,58.0,-5.8,3.1592147,0.1,1.7,19.01666667,31.3,31.55,29.7,29.53333333333333,31.05,-16.8074074,-0.1981481400000007,-0.1233333333333333,2.0733333333333333,1.9166666666666667,18.84999999333333,1.952222222222224,5.0070868,5.0850067,5.0898647,4.7472806,5.0626206,0,0.0,1,1.0,-0.97,24.9,75.1
2023-01-27 14:15:00,145.194747611108,87.32595128888799,87.34595052222,19.01666667,1.9166666666666667,31.05,2,5.1764362714980825,70.66250196097344,14,4,1,-0.4999999999999997,-0.8660254037844388,-0.433883739117558,-0.9009688679024191,0.4999999999999999,0.8660254037844387,362.5,371.6875,365.4166666666667,14.225,36.475,47.5,58.0,-5.725,3.1645834,0.1,1.725,19.040740746666664,31.183333333333334,31.3,31.55,29.7,29.883333333333333,-17.10000000333333,0.2592592700000011,-0.0333333333333332,1.95,2.0813333333333333,18.90987653666667,1.980000000000001,5.0626206,5.0070868,5.0850067,5.0898647,4.8793254,0,0.0,0,1.0,-0.91,22.5,77.5
2023-01-27 14:30:00,87.213455722224,40.4275495,40.441437827778,19.040740746666664,2.0813333333333333,29.883333333333333,1,5.1764362714980825,70.66250196097344,14,4,1,-0.4999999999999997,-0.8660254037844388,-0.433883739117558,-0.9009688679024191,0.4999999999999999,0.8660254037844387,363.0,365.5625,376.75,13.75,35.85,53.0,58.0,-5.65,3.1699598,0.1,1.75,18.85555553,31.05,31.183333333333334,31.3,31.55,29.85,-16.95940741333333,0.0240740766666647,0.1646666666666665,1.9166666666666667,2.2293333333333334,18.93827160555556,1.982666666666668,4.8793254,5.0626206,5.0070868,5.0850067,4.8208814,0,0.0,1,1.0,-0.91,22.6,77.4
2023-01-27 14:45:00,198.14401825556,145.480291672222,145.503346316666,18.85555553,2.2293333333333334,29.85,2,5.1764362714980825,70.66250196097344,14,4,1,-0.4999999999999997,-0.8660254037844388,-0.433883739117558,-0.9009688679024191,0.4999999999999999,0.8660254037844387,363.5,362.75,381.9583333333333,13.275,35.225,58.5,58.0,-5.575,3.1753447,0.1,1.775,19.122222253333334,29.883333333333333,31.05,31.183333333333334,31.3,29.816666666666663,-16.626222196666667,-0.1851852166666638,0.1480000000000001,2.0813333333333333,1.8946666666666667,18.97098764888889,2.075777777777779,4.8208814,4.8793254,5.0626206,5.0070868,4.8918934,0,0.0,1,1.0,-0.95,24.2,75.8
2023-01-27 15:00:00,139.66857984999402,92.761011627778,92.781288616666,19.122222253333334,1.8946666666666667,29.816666666666663,2,5.1764362714980825,70.66250196097344,15,4,1,-0.7071067811865471,-0.7071067811865479,-0.433883739117558,-0.9009688679024191,0.4999999999999999,0.8660254037844387,364.0,363.25,381.0416666666667,12.8,34.6,64.0,58.0,-5.5,3.1807377,0.1,1.8,19.133333330000003,29.85,29.883333333333333,31.05,31.183333333333334,28.8,-17.227555586666668,0.2666667233333335,-0.3346666666666666,2.2293333333333334,1.858,19.00617284333333,2.068444444444446,4.8918934,4.8208814,4.8793254,5.0626206,4.72819,0,0.0,0,1.0,-0.89,21.9,78.1
2023-01-27 15:15:00,99.089091844444,38.241248072222,38.255414172222,19.133333330000003,1.858,28.8,1,5.1764362714980825,70.66250196097344,15,4,1,-0.7071067811865471,-0.7071067811865479,-0.433883739117558,-0.9009688679024191,0.4999999999999999,0.8660254037844387,333.75,356.0625,376.8125,12.025,33.5,72.25,58.0,-5.55,3.1753447,0.075,1.775,18.892592556666667,29.816666666666663,29.85,29.883333333333333,31.05,28.683333333333334,-17.275333330000002,0.0111110766666691,-0.0366666666666666,1.8946666666666667,1.7166666666666666,19.03703703777778,1.994000000000001,4.72819,4.8918934,4.8208814,4.8793254,4.6426077,0,0.0,1,1.0,-0.9,22.0,78.0
2023-01-27 15:30:00,209.792719022224,143.031222955556,143.054555322224,18.892592556666667,1.7166666666666666,28.683333333333334,2,5.1764362714980825,70.66250196097344,15,4,1,-0.7071067811865471,-0.7071067811865479,-0.433883739117558,-0.9009688679024191,0.4999999999999999,0.8660254037844387,303.5,341.1875,369.2708333333333,11.25,32.4,80.5,58.0,-5.6,3.1699598,0.05,1.75,19.15555553,28.8,29.816666666666663,29.85,29.883333333333333,28.9,-17.175925890000002,-0.2407407733333357,-0.1413333333333335,1.858,1.69,19.049382713333333,1.8231111111111125,4.6426077,4.72819,4.8918934,4.8208814,4.7508273,0,0.0,1,1.0,-0.95,24.1,75.9
2023-01-27 15:45:00,183.262113505562,140.044398,140.068008172222,19.15555553,1.69,28.9,2,5.1764362714980825,70.66250196097344,15,4,1,-0.7071067811865471,-0.7071067811865479,-0.433883739117558,-0.9009688679024191,0.4999999999999999,0.8660254037844387,273.25,318.625,358.4166666666667,10.475,31.3,88.75,58.0,-5.65,3.1645834,0.0249999999999999,1.725,19.296296313333336,28.683333333333334,28.8,29.816666666666663,29.85,27.883333333333333,-17.46555553,0.2629629733333338,-0.0266666666666666,1.7166666666666666,1.5346666666666666,19.06049380555556,1.7548888888888905,4.7508273,4.6426077,4.72819,4.8918934,4.6218624,0,0.0,0,1.0,-0.89,21.8,78.2
2023-01-27 16:00:00,64.646580500008,20.469736744444,20.481402944444,19.296296313333336,1.5346666666666666,27.883333333333333,1,5.1764362714980825,70.66250196097344,16,4,1,-0.8660254037844385,-0.5000000000000004,-0.433883739117558,-0.9009688679024191,0.4999999999999999,0.8660254037844387,243.0,288.375,344.25,9.7,30.2,97.0,58.0,-5.7,3.1592147,0.0,1.7,18.98888891,28.9,28.683333333333334,28.8,29.816666666666663,28.2,-17.76162964666667,0.1407407833333351,-0.1553333333333333,1.69,1.504,19.1148148,1.6471111111111127,4.6218624,4.7508273,4.6426077,4.72819,4.5904045,0,0.0,1,1.0,-0.86,20.8,79.2
2023-01-27 16:15:00,193.722806227782,138.31641153889,138.340855044444,18.98888891,1.504,28.2,2,5.1764362714980825,70.66250196097344,16,4,1,-0.8660254037844385,-0.5000000000000004,-0.433883739117558,-0.9009688679024191,0.4999999999999999,0.8660254037844387,206.0,256.4375,328.0625,9.0,28.5,93.0,58.75,-5.65,3.1783943,0.0,1.6,19.12592596,27.883333333333333,28.9,28.683333333333334,28.8,28.316666666666663,-17.48488891,-0.307407403333336,-0.0306666666666666,1.5346666666666666,1.582,19.146913584444448,1.5762222222222235,4.5904045,4.6218624,4.7508273,4.6426077,4.64681,0,0.0,1,1.0,-0.93,23.4,76.6
2023-01-27 16:30:00,512.993090605554,117.242532327778,117.266698077776,19.12592596,1.582,28.316666666666663,2,5.1764362714980825,70.66250196097344,16,4,1,-0.8660254037844385,-0.5000000000000004,-0.433883739117558,-0.9009688679024191,0.4999999999999999,0.8660254037844387,169.0,222.8125,309.8541666666667,8.3,26.8,89.0,59.5,-5.6,3.1971517,0.0,1.5,19.20555555,28.2,27.883333333333333,28.9,28.683333333333334,27.65,-17.54392596,0.13703705,0.078,1.504,1.492,19.13703706111112,1.5402222222222235,4.64681,4.5904045,4.6218624,4.7508273,4.5587535,0,0.0,0,1.0,-0.9,22.1,77.9
2023-01-27 16:45:00,75.825855777776,17.484856127778,17.497355594446,19.20555555,1.492,27.65,1,5.1764362714980825,70.66250196097344,16,4,1,-0.8660254037844385,-0.5000000000000004,-0.433883739117558,-0.9009688679024191,0.4999999999999999,0.8660254037844387,132.0,187.5,289.625,7.6,25.1,85.0,60.25,-5.55,3.21549,0.0,1.4,18.951851856666668,28.316666666666663,28.2,27.883333333333333,28.9,27.591666666666665,-17.71355555,0.0796295899999997,-0.09,1.582,1.4366666666666668,19.10679014,1.5260000000000016,4.5587535,4.64681,4.5904045,4.6218624,4.4815707,0,0.0,1,1.0,-0.89,21.6,78.4
2023-01-27 17:00:00,194.408334372226,138.637232022224,138.660842227778,18.951851856666668,1.4366666666666668,27.591666666666665,2,5.1764362714980825,70.66250196097344,17,4,1,-0.9659258262890684,-0.2588190451025206,-0.433883739117558,-0.9009688679024191,0.4999999999999999,0.8660254037844387,95.0,150.5,267.375,6.9,23.4,81.0,61.0,-5.5,3.2334137,0.0,1.3,19.10555555,27.65,28.316666666666663,28.2,27.883333333333333,27.875,-17.51518519,-0.2537036933333318,-0.0553333333333332,1.492,1.3186666666666669,19.09444445555556,1.5035555555555569,4.4815707,4.5587535,4.64681,4.5904045,4.5688396,0,0.0,1,1.0,-0.94,23.8,76.2
2023-01-27 17:15:00,215.504157255556,171.601469,171.628967949998,19.10555555,1.3186666666666669,27.875,2,5.1764362714980825,70.66250196097344,17,4,1,-0.9659258262890684,-0.2588190451025206,-0.433883739117558,-0.9009688679024191,0.4999999999999999,0.8660254037844387,83.25,119.8125,244.10416666666663,6.525,21.5,85.5,63.0,-5.475,3.2439175,0.0,0.875,19.43148150333333,27.591666666666665,27.65,28.316666666666663,28.2,27.35,-17.786888883333337,0.153703693333334,-0.1180000000000001,1.4366666666666668,1.116,19.08765431888889,1.4157777777777794,4.5688396,4.4815707,4.5587535,4.64681,4.5696697,0,0.0,0,1.0,-0.91,22.4,77.6
2023-01-27 17:30:00,196.613801783334,153.386086544444,153.410530016666,19.43148150333333,1.116,27.35,2,5.1764362714980825,70.66250196097344,17,4,1,-0.9659258262890684,-0.2588190451025206,-0.433883739117558,-0.9009688679024191,0.4999999999999999,0.8660254037844387,71.5,95.4375,219.8125,6.15,19.6,90.0,65.0,-5.45,3.250837,0.0,0.4499999999999999,19.48333335,27.875,27.591666666666665,27.65,28.316666666666663,26.65,-18.31548150333333,0.3259259533333321,-0.2026666666666665,1.3186666666666669,0.9353333333333332,19.16296297,1.290444444444446,4.5696697,4.5688396,4.4815707,4.5587535,4.466311,0,0.0,0,1.0,-0.84,19.7,80.3
2023-01-27 17:45:00,77.36690526666399,11.117055316666,11.125388316666,19.48333335,0.9353333333333332,26.65,1,5.1764362714980825,70.66250196097344,17,4,1,-0.9659258262890684,-0.2588190451025206,-0.433883739117558,-0.9009688679024191,0.4999999999999999,0.8660254037844387,59.75,77.375,194.5,5.775,17.7,94.5,67.0,-5.425000000000001,3.2543476,0.0,0.0249999999999999,19.127777796666667,27.35,27.875,27.591666666666665,27.65,26.683333333333334,-18.54800001666667,0.0518518466666684,-0.1806666666666668,1.116,0.81,19.34012346777778,1.1233333333333348,4.466311,4.5696697,4.5688396,4.4815707,4.3792543,0,0.0,1,1.0,-0.83,19.5,80.5
2023-01-27 18:00:00,180.371118133336,120.282410727778,120.304632072222,19.127777796666667,0.81,26.683333333333334,2,5.1764362714980825,70.66250196097344,18,4,1,-1.0,-1.8369701987210294e-16,-0.433883739117558,-0.9009688679024191,0.4999999999999999,0.8660254037844387,48.0,65.625,168.16666666666666,5.4,15.8,99.0,69.0,-5.4,3.2546155,0.0,-0.4,19.1277778,26.65,27.35,27.875,27.591666666666665,26.95,-18.317777796666668,-0.3555555533333354,-0.1253333333333331,0.9353333333333332,0.7593333333333334,19.34753088333333,0.9537777777777792,4.3792543,4.466311,4.5696697,4.5688396,4.42302,0,0.0,1,1.0,-0.91,22.4,77.6
2023-01-27 18:15:00,191.252627405554,145.013088144444,145.037531633332,19.1277778,0.7593333333333334,26.95,2,5.1764362714980825,70.66250196097344,18,4,1,-1.0,-1.8369701987210294e-16,-0.433883739117558,-0.9009688679024191,0.4999999999999999,0.8660254037844387,36.0,53.8125,143.35416666666666,6.575,16.075,99.25,69.25,-5.4750000000000005,3.232686,0.0,-0.55,19.229629656666667,26.683333333333334,26.65,27.35,27.875,26.53333333333333,-18.368444466666663,3.3333336091345704e-09,-0.0506666666666666,0.81,0.634,19.24629631555556,0.8348888888888903,4.42302,4.3792543,4.466311,4.5696697,4.380855,0,0.0,0,1.0,-0.91,22.4,77.6
2023-01-27 18:30:00,178.275090827782,125.476091805558,125.49720207778,19.229629656666667,0.634,26.53333333333333,2,5.1764362714980825,70.66250196097344,18,4,1,-1.0,-1.8369701987210294e-16,-0.433883739117558,-0.9009688679024191,0.4999999999999999,0.8660254037844387,24.0,41.9375,120.0625,7.75,16.35,99.5,69.5,-5.550000000000001,3.2108197,0.0,-0.7,19.255555580000003,26.95,26.683333333333334,26.65,27.35,26.5,-18.595629656666667,0.1018518566666664,-0.1253333333333334,0.7593333333333334,0.5700000000000001,19.161728417777777,0.7344444444444459,4.380855,4.42302,4.3792543,4.466311,4.3820386,0,0.0,0,1.0,-0.89,21.6,78.4
2023-01-27 18:45:00,275.63814061667,171.7331304,171.79868332777798,19.255555580000003,0.5700000000000001,26.5,2,5.1764362714980825,70.66250196097344,18,4,1,-1.0,-1.8369701987210294e-16,-0.433883739117558,-0.9009688679024191,0.4999999999999999,0.8660254037844387,12.0,30.0,98.29166666666669,8.925,16.625,99.75,69.75,-5.625,3.189018,0.0,-0.8500000000000001,19.401851843333336,26.53333333333333,26.95,26.683333333333334,26.65,26.5,-18.685555580000003,0.0259259233333359,-0.0639999999999999,0.634,0.5559999999999999,19.204321012222223,0.6544444444444459,4.3820386,4.380855,4.42302,4.3792543,4.41994,0,0.0,0,1.0,-0.88,21.4,78.6
2023-01-27 19:00:00,249.389190733332,135.581798727778,135.650407133332,19.401851843333336,0.5559999999999999,26.5,2,5.1764362714980825,70.66250196097344,19,4,1,-0.9659258262890684,0.2588190451025203,-0.433883739117558,-0.9009688679024191,0.4999999999999999,0.8660254037844387,0.0,18.0,78.04166666666667,10.1,16.9,100.0,70.0,-5.7,3.1672816,0.0,-1.0,19.44999996,26.5,26.53333333333333,26.95,26.683333333333334,26.5,-18.84585184333333,0.1462962633333333,-0.0140000000000001,0.5700000000000001,0.544,19.29567902666667,0.5866666666666682,4.41994,4.3820386,4.380855,4.42302,4.4324746,0,0.0,0,1.0,-0.85,20.1,79.9
2023-01-27 19:15:00,262.798098872218,135.730403883334,135.795123544444,19.44999996,0.544,26.5,2,5.1764362714980825,70.66250196097344,19,4,1,-0.9659258262890684,0.2588190451025203,-0.433883739117558,-0.9009688679024191,0.4999999999999999,0.8660254037844387,0.0,9.0,60.875,10.65,18.25,100.0,70.0,-6.2,3.058895,0.0,-1.5,19.496296293333334,26.5,26.5,26.53333333333333,26.95,26.5,-18.90599996,0.0481481166666633,-0.0119999999999999,0.5559999999999999,0.5866666666666667,19.36913579444445,0.5566666666666681,4.4324746,4.41994,4.3820386,4.380855,4.4445567,0,0.0,0,1.0,-0.84,19.8,80.2
2023-01-27 19:30:00,253.998173133328,133.733261572222,133.801870011108,19.496296293333334,0.5866666666666667,26.5,2,5.1764362714980825,70.66250196097344,19,4,1,-0.9659258262890684,0.2588190451025203,-0.433883739117558,-0.9009688679024191,0.4999999999999999,0.8660254037844387,0.0,3.0,46.79166666666666,11.2,19.6,100.0,70.0,-6.7,2.9537792,0.0,-2.0,19.43333331,26.5,26.5,26.5,26.53333333333333,26.1,-18.909629626666668,0.0462963333333341,0.0426666666666666,0.544,0.5973333333333334,19.449382698888893,0.5622222222222236,4.4445567,4.4324746,4.41994,4.3820386,4.361294,0,0.0,0,1.0,-0.83,19.4,80.6
2023-01-27 19:45:00,157.24509896110598,18.563979644444,18.649254033332,19.43333331,0.5973333333333334,26.1,1,5.1764362714980825,70.66250196097344,19,4,1,-0.9659258262890684,0.2588190451025203,-0.433883739117558,-0.9009688679024191,0.4999999999999999,0.8660254037844387,0.0,0.0,35.791666666666664,11.75,20.95,100.0,70.0,-7.2,2.8518493,0.0,-2.5,19.12407409,26.5,26.5,26.5,26.5,25.9,-18.835999976666667,-0.0629629833333318,0.0106666666666667,0.5866666666666667,0.7313333333333334,19.459876521111116,0.5760000000000015,4.361294,4.4445567,4.4324746,4.41994,4.249766,0,0.0,1,1.0,-0.84,20.0,80.0
2023-01-27 20:00:00,303.632576477776,108.947030811112,109.087580805554,19.12407409,0.7313333333333334,25.9,2,5.1764362714980825,70.66250196097344,20,4,1,-0.8660254037844386,0.5000000000000001,-0.433883739117558,-0.9009688679024191,0.4999999999999999,0.8660254037844387,0.0,0.0,27.875,12.3,22.3,100.0,70.0,-7.7,2.7530236,0.0,-3.0,19.13888891,26.1,26.5,26.5,26.5,26.5,-18.39274075666667,-0.3092592200000013,0.134,0.5973333333333334,0.736,19.35123456444445,0.638444444444446,4.249766,4.361294,4.4445567,4.4324746,4.352016,0,0.0,1,1.0,-0.91,22.6,77.4
2023-01-27 20:15:00,380.430893172226,179.2403301,179.391157416666,19.13888891,0.736,26.5,2,5.1764362714980825,70.66250196097344,20,4,1,-0.8660254037844386,0.5000000000000001,-0.433883739117558,-0.9009688679024191,0.4999999999999999,0.8660254037844387,0.0,0.0,20.9375,12.325,22.575,100.0,69.75,-7.7,2.7480433,0.0,-2.975,19.43518521,25.9,26.1,26.5,26.5,26.316666666666663,-18.40288891,0.014814819999998,0.0046666666666665,0.7313333333333334,0.638,19.232098770000004,0.6882222222222237,4.352016,4.249766,4.361294,4.4445567,4.397977,0,0.0,0,1.0,-0.91,22.4,77.6
2023-01-27 20:30:00,245.858498649998,80.45400396111,80.55538882222,19.43518521,0.638,26.316666666666663,2,5.1764362714980825,70.66250196097344,20,4,1,-0.8660254037844386,0.5000000000000001,-0.433883739117558,-0.9009688679024191,0.4999999999999999,0.8660254037844387,0.0,0.0,14.979166666666666,12.35,22.85,100.0,69.5,-7.7,2.743035,0.0,-2.95,19.33888892,26.5,25.9,26.1,26.5,25.7,-18.79718521,0.2962963000000016,-0.0979999999999999,0.736,0.6346666666666666,19.23271607,0.7017777777777793,4.397977,4.352016,4.249766,4.361294,4.2706547,0,0.0,0,1.0,-0.84,19.9,80.1
2023-01-27 20:45:00,168.686863405554,60.165648844444,60.215924633332,19.33888892,0.6346666666666666,25.7,1,5.1764362714980825,70.66250196097344,20,4,1,-0.8660254037844386,0.5000000000000001,-0.433883739117558,-0.9009688679024191,0.4999999999999999,0.8660254037844387,0.0,0.0,10.0,12.375,23.125,100.0,69.25,-7.7,2.7379992,0.0,-2.925,19.1314815,26.316666666666663,26.5,25.9,26.1,26.15,-18.70422225333333,-0.0962962900000015,-0.0033333333333334,0.638,0.5386666666666666,19.304321013333333,0.669555555555557,4.2706547,4.397977,4.352016,4.249766,4.292662,0,0.0,1,1.0,-0.87,20.8,79.2
2023-01-27 21:00:00,261.954243694442,161.879357916666,161.94046662222,19.1314815,0.5386666666666666,26.15,2,5.1764362714980825,70.66250196097344,21,4,1,-0.7071067811865477,0.7071067811865474,-0.433883739117558,-0.9009688679024191,0.4999999999999999,0.8660254037844387,0.0,0.0,6.0,12.4,23.4,100.0,69.0,-7.7,2.7329366,0.0,-2.9,19.36111108,25.7,26.316666666666663,26.5,25.9,25.75,-18.59281483333333,-0.2074074199999991,-0.0959999999999999,0.6346666666666666,0.464,19.301851876666667,0.6037777777777792,4.292662,4.2706547,4.397977,4.352016,4.284563,0,0.0,1,1.0,-0.91,22.5,77.5
2023-01-27 21:15:00,121.435420322216,30.913485627778,30.960706005554,19.36111108,0.464,25.75,1,5.1764362714980825,70.66250196097344,21,4,1,-0.7071067811865477,0.7071067811865474,-0.433883739117558,-0.9009688679024191,0.4999999999999999,0.8660254037844387,0.0,0.0,3.0,13.55,26.2,92.25,67.0,-7.8,2.7200363,0.0,-2.55,19.207407433333334,26.15,25.7,26.316666666666663,26.5,25.216666666666665,-18.89711108,0.229629580000001,-0.0746666666666666,0.5386666666666666,0.3326666666666666,19.2771605,0.5457777777777792,4.284563,4.292662,4.2706547,4.397977,4.158016,0,0.0,1,1.0,-0.86,20.6,79.4
2023-01-27 21:30:00,187.105848816666,94.4703877,94.524829988888,19.207407433333334,0.3326666666666666,25.216666666666665,2,5.1764362714980825,70.66250196097344,21,4,1,-0.7071067811865477,0.7071067811865474,-0.433883739117558,-0.9009688679024191,0.4999999999999999,0.8660254037844387,0.0,0.0,1.0,14.7,29.0,84.5,65.0,-7.9,2.7045846,0.0,-2.2,19.16111114,25.75,26.15,25.7,26.316666666666663,25.8,-18.874740766666665,-0.153703646666667,-0.1313333333333333,0.464,0.1786666666666666,19.23333333777778,0.4451111111111125,4.158016,4.284563,4.292662,4.2706547,4.242612,0,0.0,1,1.0,-0.9,22.0,78.0
2023-01-27 21:45:00,276.466163177776,159.843606,159.90971452222,19.16111114,0.1786666666666666,25.8,2,5.1764362714980825,70.66250196097344,21,4,1,-0.7071067811865477,0.7071067811865474,-0.433883739117558,-0.9009688679024191,0.4999999999999999,0.8660254037844387,0.0,0.0,0.0,15.85,31.8,76.75,63.0,-8.0,2.686478,0.0,-1.85,19.3648148,25.216666666666665,25.75,26.15,25.7,25.166666666666668,-18.98244447333333,-0.0462962933333344,-0.154,0.3326666666666666,0.0493333333333333,19.243209884444443,0.3251111111111126,4.242612,4.158016,4.284563,4.292662,4.188415,0,0.0,0,1.0,-0.91,22.3,77.7
2023-01-27 22:00:00,517.723179144444,14.06249306111,14.132490327774,19.3648148,0.0493333333333333,25.166666666666668,1,5.1764362714980825,70.66250196097344,22,4,1,-0.5000000000000004,0.8660254037844384,-0.433883739117558,-0.9009688679024191,0.4999999999999999,0.8660254037844387,0.0,0.0,0.0,17.0,34.6,69.0,61.0,-8.1,2.665609,0.0,-1.5,19.09444445,25.8,25.216666666666665,25.75,26.15,24.9,-19.315481466666665,0.2037036599999986,-0.1293333333333333,0.1786666666666666,-0.0726666666666666,19.244444457777774,0.1868888888888904,4.188415,4.242612,4.158016,4.284563,4.07855,0,0.0,1,1.0,-0.86,20.7,79.3
2023-01-27 22:15:00,386.304824955556,122.325940083334,122.447324144444,19.09444445,-0.0726666666666666,24.9,2,5.1764362714980825,70.66250196097344,22,4,1,-0.5000000000000004,0.8660254037844384,-0.433883739117558,-0.9009688679024191,0.4999999999999999,0.8660254037844387,0.0,0.0,0.0,17.575,35.85,75.0,61.0,-8.125,2.6609614,0.0,-1.525,19.205555553333333,25.166666666666668,25.8,25.216666666666665,25.75,25.1,-19.167111116666668,-0.2703703499999967,-0.122,0.0493333333333333,-0.1026666666666666,19.20679013,0.0517777777777792,4.07855,4.188415,4.242612,4.158016,4.1383266,0,0.0,1,1.0,-0.93,23.1,76.9
2023-01-27 22:30:00,341.28357044444,81.16619768888799,81.276193305554,19.205555553333333,-0.1026666666666666,25.1,2,5.1764362714980825,70.66250196097344,22,4,1,-0.5000000000000004,0.8660254037844384,-0.433883739117558,-0.9009688679024191,0.4999999999999999,0.8660254037844387,0.0,0.0,0.0,18.15,37.1,81.0,61.0,-8.149999999999999,2.6563213,0.0,-1.55,19.24444443,24.9,25.166666666666668,25.8,25.216666666666665,24.55,-19.30822222,0.1111111033333323,-0.03,-0.0726666666666666,-0.142,19.221604934444443,-0.0419999999999985,4.1383266,4.07855,4.188415,4.242612,4.0569305,0,0.0,0,1.0,-0.9,22.1,77.9
2023-01-27 22:45:00,299.831617438886,44.277673255556,44.39127986111,19.24444443,-0.142,24.55,1,5.1764362714980825,70.66250196097344,22,4,1,-0.5000000000000004,0.8660254037844384,-0.433883739117558,-0.9009688679024191,0.4999999999999999,0.8660254037844387,0.0,0.0,0.0,18.725,38.35,87.0,61.0,-8.174999999999999,2.6516888,0.0,-1.5750000000000002,19.00370369333333,25.1,24.9,25.166666666666668,25.8,24.966666666666665,-19.38644443,0.0388888766666646,-0.0393333333333333,-0.1026666666666666,-0.0273333333333333,19.18148147777778,-0.1057777777777763,4.0569305,4.1383266,4.07855,4.188415,4.067637,0,0.0,1,1.0,-0.89,21.9,78.1
2023-01-27 23:00:00,404.282439205554,142.322917988888,142.446801966664,19.00370369333333,-0.0273333333333333,24.966666666666665,2,5.1764362714980825,70.66250196097344,23,4,1,-0.2588190451025215,0.965925826289068,-0.433883739117558,-0.9009688679024191,0.4999999999999999,0.8660254037844387,0.0,0.0,0.0,19.3,39.6,93.0,61.0,-8.2,2.6470628,0.0,-1.6,19.22777777,24.55,25.1,24.9,25.166666666666668,24.6,-19.031037026666667,-0.240740736666666,0.1146666666666666,-0.142,0.1846666666666666,19.151234558888888,-0.0906666666666651,4.067637,4.0569305,4.1383266,4.07855,4.061204,0,0.0,1,1.0,-0.95,23.9,76.1
2023-01-27 23:15:00,234.711444533332,19.424223,19.504775327778,19.22777777,0.1846666666666666,24.6,1,5.1764362714980825,70.66250196097344,23,4,1,-0.2588190451025215,0.965925826289068,-0.433883739117558,-0.9009688679024191,0.4999999999999999,0.8660254037844387,0.0,0.0,0.0,19.675,40.6,94.25,61.25,-8.174999999999999,2.6532736,0.0,-1.625,19.06481479,24.966666666666665,24.55,25.1,24.9,24.216666666666665,-19.04311110333333,0.2240740766666675,0.212,-0.0273333333333333,0.286,19.158641964444445,0.0051111111111126,4.061204,4.067637,4.0569305,4.1383266,3.9596958,0,0.0,1,1.0,-0.9,22.0,78.0
2023-01-27 23:30:00,230.24773413889,101.124843694446,101.199007411112,19.06481479,0.286,24.216666666666665,2,5.1764362714980825,70.66250196097344,23,4,1,-0.2588190451025215,0.965925826289068,-0.433883739117558,-0.9009688679024191,0.4999999999999999,0.8660254037844387,0.0,0.0,0.0,20.05,41.6,95.5,61.5,-8.149999999999999,2.6594539,0.0,-1.65,19.11666667,24.6,24.966666666666665,24.55,25.1,24.45,-18.77881479,-0.1629629799999996,0.1013333333333333,0.1846666666666666,0.2153333333333333,19.09876541777778,0.1477777777777792,3.9596958,4.061204,4.067637,4.0569305,4.010093,0,0.0,1,1.0,-0.94,23.5,76.5
2023-01-27 23:45:00,208.828591005554,91.733274955556,91.806605388888,19.11666667,0.2153333333333333,24.45,2,5.1764362714980825,70.66250196097344,23,4,1,-0.2588190451025215,0.965925826289068,-0.433883739117558,-0.9009688679024191,0.4999999999999999,0.8660254037844387,0.0,0.0,0.0,20.425,42.6,96.75,61.75,-8.125,2.6656034,0.0,-1.675,19.22037037,24.216666666666665,24.6,24.966666666666665,24.55,24.03333333333333,-18.901333336666664,0.0518518799999974,-0.0706666666666666,0.286,0.07,19.13641974333333,0.2286666666666681,4.010093,3.9596958,4.061204,4.067637,3.9659226,0,0.0,0,1.0,-0.92,23.0,77.0
2023-01-28 00:00:00,174.36469181666598,52.539009488888,52.608451194442,19.22037037,0.07,24.03333333333333,1,5.1764362714980825,70.66250196097344,0,5,1,0.0,1.0,-0.9749279121818236,-0.2225209339563146,0.4999999999999999,0.8660254037844387,0.0,0.0,0.0,20.8,43.6,98.0,62.0,-8.1,2.6717227,0.0,-1.7,18.9611111,24.45,24.216666666666665,24.6,24.966666666666665,24.4,-19.15037037,0.103703700000004,-0.1453333333333333,0.2153333333333333,-0.084,19.13395061,0.1904444444444459,3.9659226,4.010093,3.9596958,4.061204,3.9653313,0,0.0,1,1.0,-0.9,22.2,77.8
2023-01-28 00:15:00,215.92525164444,97.768866872222,97.844141677776,18.9611111,-0.084,24.4,2,5.1764362714980825,70.66250196097344,0,5,1,0.0,1.0,-0.9749279121818236,-0.2225209339563146,0.4999999999999999,0.8660254037844387,0.0,0.0,0.0,20.4,43.6,98.5,63.0,-7.899999999999999,2.714815,0.025,-1.7,18.809259256666667,24.03333333333333,24.45,24.216666666666665,24.6,25.15,-19.0451111,-0.2592592700000011,-0.154,0.07,-0.5993333333333334,19.09938271333333,0.0671111111111125,3.9653313,3.9659226,4.010093,3.9596958,4.0507174,0,0.0,1,1.0,-0.96,24.4,75.6
2023-01-28 00:30:00,270.875831266664,143.094276,143.175939416666,18.809259256666667,-0.5993333333333334,25.15,2,5.1764362714980825,70.66250196097344,0,5,1,0.0,1.0,-0.9749279121818236,-0.2225209339563146,0.4999999999999999,0.8660254037844387,0.0,0.0,0.0,20.0,43.6,99.0,64.0,-7.699999999999999,2.7579072,0.05,-1.7,19.13333334,24.4,24.03333333333333,24.45,24.216666666666665,25.1,-19.40859259,-0.1518518433333326,-0.5153333333333334,-0.084,-0.4353333333333333,18.99691357555556,-0.204444444444443,4.0507174,3.9653313,3.9659226,4.010093,4.120749,0,0.0,0,1.0,-0.99,25.7,74.3
2023-01-28 00:45:00,180.343896988892,50.074108072222,50.146049661110006,19.13333334,-0.4353333333333333,25.1,1,5.1764362714980825,70.66250196097344,0,5,1,0.0,1.0,-0.9749279121818236,-0.2225209339563146,0.4999999999999999,0.8660254037844387,0.0,0.0,0.0,19.6,43.6,99.5,65.0,-7.5,2.8009996,0.075,-1.7,19.09259259666667,25.15,24.4,24.03333333333333,24.45,24.716666666666665,-19.568666673333333,0.3240740833333326,0.164,-0.5993333333333334,-0.1893333333333333,18.967901232222225,-0.3728888888888875,4.120749,4.0507174,3.9653313,3.9659226,4.0480785,0,0.0,1,1.0,-0.92,22.7,77.3
2023-01-28 01:00:00,199.442577577776,79.584872027778,79.66042462222,19.09259259666667,-0.1893333333333333,24.716666666666665,2,5.1764362714980825,70.66250196097344,1,5,1,0.2588190451025207,0.9659258262890684,-0.9749279121818236,-0.2225209339563146,0.4999999999999999,0.8660254037844387,0.0,0.0,0.0,19.2,43.6,100.0,66.0,-7.3,2.844092,0.1,-1.7,19.055555570000003,25.1,25.15,24.4,24.03333333333333,25.3,-19.281925930000003,-0.0407407433333304,0.246,-0.4353333333333333,-0.384,19.01172839777778,-0.4079999999999986,4.0480785,4.120749,4.0507174,3.9653313,4.134575,0,0.0,1,1.0,-0.93,23.2,76.8
2023-01-28 01:15:00,246.302369694446,133.55937966111,133.640765288888,19.055555570000003,-0.384,25.3,2,5.1764362714980825,70.66250196097344,1,5,1,0.2588190451025207,0.9659258262890684,-0.9749279121818236,-0.2225209339563146,0.4999999999999999,0.8660254037844387,0.0,0.0,0.0,19.1,42.875,100.0,65.75,-7.075,2.8832176,0.125,-1.45,19.305555556666665,24.716666666666665,25.1,25.15,24.4,25.03333333333333,-19.439555570000003,-0.0370370266666668,-0.1946666666666666,-0.1893333333333333,-0.3513333333333334,19.09382716888889,-0.3362222222222207,4.134575,4.0480785,4.120749,4.0507174,4.1517177,0,0.0,0,1.0,-0.93,23.4,76.6
2023-01-28 01:30:00,123.627554633336,10.677906183334,10.744570233332,19.305555556666665,-0.3513333333333334,25.03333333333333,1,5.1764362714980825,70.66250196097344,1,5,1,0.2588190451025207,0.9659258262890684,-0.9749279121818236,-0.2225209339563146,0.4999999999999999,0.8660254037844387,0.0,0.0,0.0,19.0,42.150000000000006,100.0,65.5,-6.85,2.9227304,0.15,-1.2,19.04444441,25.3,24.716666666666665,25.1,25.15,25.35,-19.65688889,0.249999986666662,0.0326666666666666,-0.384,-0.172,19.151234574444445,-0.3082222222222208,4.1517177,4.134575,4.0480785,4.120749,4.1400313,0,0.0,1,1.0,-0.88,21.2,78.8
2023-01-28 01:45:00,246.953732605554,120.097140355556,120.177414977776,19.04444441,-0.172,25.35,2,5.1764362714980825,70.66250196097344,1,5,1,0.2588190451025207,0.9659258262890684,-0.9749279121818236,-0.2225209339563146,0.4999999999999999,0.8660254037844387,0.0,0.0,0.0,18.9,41.425,100.0,65.25,-6.625,2.962633,0.175,-0.95,19.16111111,25.03333333333333,25.3,24.716666666666665,25.1,25.316666666666663,-19.21644441,-0.2611111466666678,0.1793333333333333,-0.3513333333333334,0.0066666666666666,19.13518517888889,-0.302444444444443,4.1400313,4.1517177,4.134575,4.0480785,4.163131,0,0.0,1,1.0,-0.94,23.5,76.5
2023-01-28 02:00:00,181.294414733328,52.179857155556,52.253465377776,19.16111111,0.0066666666666666,25.316666666666663,1,5.1764362714980825,70.66250196097344,2,5,1,0.4999999999999999,0.8660254037844387,-0.9749279121818236,-0.2225209339563146,0.4999999999999999,0.8660254037844387,0.0,0.0,0.0,18.8,40.7,100.0,65.0,-6.4,3.002925,0.2,-0.7,19.10555559,25.35,25.03333333333333,25.3,24.716666666666665,25.05,-19.154444443333333,0.1166667000000032,0.1786666666666667,-0.172,0.448,19.17037035888889,-0.1722222222222207,4.163131,4.1400313,4.1517177,4.134575,4.105809,0,0.0,1,1.0,-0.91,22.4,77.6
2023-01-28 02:15:00,188.009701661106,62.016963655556,62.09168298333,19.10555559,0.448,25.05,1,5.1764362714980825,70.66250196097344,2,5,1,0.4999999999999999,0.8660254037844387,-0.9749279121818236,-0.2225209339563146,0.4999999999999999,0.8660254037844387,0.0,0.0,0.0,19.15,41.225,98.75,65.0,-6.275,3.0395455,0.2,-0.5249999999999999,19.022222223333333,25.316666666666663,25.35,25.03333333333333,25.3,25.466666666666665,-18.65755559,-0.0555555199999986,0.4413333333333334,0.0066666666666666,0.788,19.10370370333333,0.0942222222222237,4.105809,4.163131,4.1400313,4.1517177,4.1536345,0,0.0,0,1.0,-0.92,23.0,77.0
2023-01-28 02:30:00,216.771328766668,130.568943666668,130.61449737778,19.022222223333333,0.788,25.466666666666665,2,5.1764362714980825,70.66250196097344,2,5,1,0.4999999999999999,0.8660254037844387,-0.9749279121818236,-0.2225209339563146,0.4999999999999999,0.8660254037844387,0.0,0.0,0.0,19.5,41.75,97.5,65.0,-6.15,3.0765574,0.2,-0.35,19.26666664,25.05,25.316666666666663,25.35,25.03333333333333,25.15,-18.234222223333333,-0.0833333666666682,0.3399999999999999,0.448,1.248,19.09629630777778,0.4142222222222237,4.1536345,4.105809,4.163131,4.1400313,4.1615252,0,0.0,1,1.0,-0.94,23.6,76.4
2023-01-28 02:45:00,59.405679111116,12.737268255556,12.746990083334,19.26666664,1.248,25.15,1,5.1764362714980825,70.66250196097344,2,5,1,0.4999999999999999,0.8660254037844387,-0.9749279121818236,-0.2225209339563146,0.4999999999999999,0.8660254037844387,0.0,0.0,0.0,19.85,42.275,96.25,65.0,-6.025,3.1139638,0.2,-0.175,19.001851833333333,25.466666666666665,25.05,25.316666666666663,25.35,25.183333333333334,-18.01866664,0.244444416666667,0.4599999999999999,0.788,1.6693333333333331,19.131481484444446,0.8280000000000015,4.1615252,4.1536345,4.105809,4.163131,4.102487,0,0.0,1,1.0,-0.89,21.6,78.4
2023-01-28 03:00:00,167.911061188884,122.4001038,122.42232516111,19.001851833333333,1.6693333333333331,25.183333333333334,2,5.1764362714980825,70.66250196097344,3,5,1,0.7071067811865476,0.7071067811865476,-0.9749279121818236,-0.2225209339563146,0.4999999999999999,0.8660254037844387,0.0,0.0,0.0,20.2,42.8,95.0,65.0,-5.9,3.1517692,0.2,-0.0,19.17777778,25.15,25.466666666666665,25.05,25.316666666666663,25.1,-17.3325185,-0.2648148066666671,0.4213333333333333,1.248,1.858,19.09691356555556,1.2351111111111124,4.102487,4.1615252,4.1536345,4.105809,4.131559,0,0.0,1,1.0,-0.95,23.9,76.1
2023-01-28 03:15:00,120.285188433332,63.866056372222,63.881333577776005,19.17777778,1.858,25.1,1,5.1764362714980825,70.66250196097344,3,5,1,0.7071067811865476,0.7071067811865476,-0.9749279121818236,-0.2225209339563146,0.4999999999999999,0.8660254037844387,0.0,0.0,0.0,20.65,43.8,95.75,63.75,-5.95,3.134016,0.15,0.2,19.17592594,25.183333333333334,25.15,25.466666666666665,25.05,24.716666666666665,-17.31977778,0.1759259466666662,0.1886666666666667,1.6693333333333331,2.056666666666666,19.14876541777778,1.5917777777777793,4.131559,4.102487,4.1615252,4.1536345,4.0680165,0,0.0,1,1.0,-0.91,22.3,77.7
2023-01-28 03:30:00,115.42316072222,51.4962734,51.508772949998,19.17592594,2.056666666666666,24.716666666666665,1,5.1764362714980825,70.66250196097344,3,5,1,0.7071067811865476,0.7071067811865476,-0.9749279121818236,-0.2225209339563146,0.4999999999999999,0.8660254037844387,0.0,0.0,0.0,21.1,44.8,96.5,62.5,-6.0,3.1150932,0.1,0.4,19.03333333,25.1,25.183333333333334,25.15,25.466666666666665,25.3,-17.119259273333334,-0.0018518400000004,0.1986666666666665,1.858,2.232666666666667,19.118518517777776,1.8613333333333344,4.0680165,4.131559,4.102487,4.1615252,4.1291566,0,0.0,0,1.0,-0.91,22.4,77.6
2023-01-28 03:45:00,190.611264144444,131.51446144444398,131.537516105554,19.03333333,2.232666666666667,25.3,2,5.1764362714980825,70.66250196097344,3,5,1,0.7071067811865476,0.7071067811865476,-0.9749279121818236,-0.2225209339563146,0.4999999999999999,0.8660254037844387,0.0,0.0,0.0,21.55,45.8,97.25,61.25,-6.05,3.094973,0.0499999999999999,0.6000000000000001,19.270370343333333,24.716666666666665,25.1,25.183333333333334,25.15,24.85,-16.800666663333335,-0.1425926099999976,0.1760000000000001,2.056666666666666,2.4593333333333334,19.12901235,2.0491111111111127,4.1291566,4.0680165,4.131559,4.102487,4.112782,0,0.0,1,1.0,-0.94,23.6,76.4
2023-01-28 04:00:00,55.622219622216,0.0,0.0,19.270370343333333,2.4593333333333334,24.85,0,5.1764362714980825,70.66250196097344,4,5,1,0.8660254037844386,0.5000000000000001,-0.9749279121818236,-0.2225209339563146,0.4999999999999999,0.8660254037844387,0.0,0.0,0.0,22.0,46.8,98.0,60.0,-6.1,3.0736327,0.0,0.8,19.07777777,25.3,24.716666666666665,25.1,25.183333333333334,24.9,-16.81103701,0.2370370133333317,0.2266666666666665,2.232666666666667,2.9953333333333334,19.15987653777778,2.249555555555557,4.112782,4.1291566,4.0680165,4.131559,4.074543,1,1.0,1,0.75,-0.89,21.6,78.4
2023-01-28 04:15:00,173.094464811112,122.803976527778,122.824531288888,19.07777777,2.9953333333333334,24.9,2,5.1764362714980825,70.66250196097344,4,5,1,0.8660254037844386,0.5000000000000001,-0.9749279121818236,-0.2225209339563146,0.4999999999999999,0.8660254037844387,0.0,0.0,0.0,22.175,47.25,97.75,60.25,-5.975,3.1076272,0.0,0.9,19.205555553333333,24.85,25.3,24.716666666666665,25.1,25.28333333333333,-16.082444436666666,-0.1925925733333322,0.536,2.4593333333333334,3.945333333333333,19.127160481111115,2.5624444444444463,4.074543,4.112782,4.1291566,4.0680165,4.1685534,0,1.0,1,0.75,-0.93,23.3,76.7
2023-01-28 04:30:00,101.198174194442,57.261042783334,57.2752089,19.205555553333333,3.945333333333333,25.28333333333333,1,5.1764362714980825,70.66250196097344,4,5,1,0.8660254037844386,0.5000000000000001,-0.9749279121818236,-0.2225209339563146,0.4999999999999999,0.8660254037844387,0.0,0.0,0.0,22.35,47.7,97.5,60.5,-5.85,3.1419249,0.0,1.0,19.18333333,24.9,24.85,25.3,24.716666666666665,25.05,-15.26022222,0.1277777833333324,0.9499999999999996,2.9953333333333334,3.892,19.18456788888889,3.133333333333334,4.1685534,4.074543,4.112782,4.1291566,4.124678,0,1.0,1,0.75,-0.9,22.1,77.9
2023-01-28 04:45:00,120.852110155556,71.84101512777801,71.85768116111001,19.18333333,3.892,25.05,2,5.1764362714980825,70.66250196097344,4,5,1,0.8660254037844386,0.5000000000000001,-0.9749279121818236,-0.2225209339563146,0.4999999999999999,0.8660254037844387,0.0,0.0,0.0,22.525,48.15,97.25,60.75,-5.725,3.1765287,0.0,1.1,19.109259266666665,25.28333333333333,24.9,24.85,25.3,25.466666666666665,-15.29133333,-0.0222222233333333,-0.0533333333333327,3.945333333333333,3.579333333333333,19.155555551111117,3.6108888888888906,4.124678,4.1685534,4.074543,4.112782,4.1750154,0,1.0,1,0.75,-0.9,22.3,77.7
2023-01-28 05:00:00,516.271848316666,100.594309383334,100.614586388888,19.109259266666665,3.579333333333333,25.466666666666665,2,5.1764362714980825,70.66250196097344,5,5,1,0.9659258262890684,0.2588190451025207,-0.9749279121818236,-0.2225209339563146,0.4999999999999999,0.8660254037844387,0.0,0.0,0.0,22.7,48.6,97.0,61.0,-5.6,3.2114418,0.0,1.2,19.25000002,25.05,25.28333333333333,24.9,24.85,25.5,-15.529925933333333,-0.0740740633333345,-0.3126666666666673,3.892,3.3746666666666667,19.16604938333333,3.805555555555557,4.1750154,4.124678,4.1685534,4.074543,4.2152987,0,0.0,0,1.0,-0.92,22.9,77.1
2023-01-28 05:15:00,72.904583633336,15.536878516666,15.547155855556,19.25000002,3.3746666666666667,25.5,1,5.1764362714980825,70.66250196097344,5,5,1,0.9659258262890684,0.2588190451025207,-0.9749279121818236,-0.2225209339563146,0.4999999999999999,0.8660254037844387,0.0,0.0,0.0,21.85,48.7,97.75,62.5,-5.375,3.268034,0.025,1.1,18.99814813333333,25.466666666666665,25.05,25.28333333333333,24.9,25.683333333333334,-15.875333353333335,0.1407407533333362,-0.2046666666666663,3.579333333333333,3.3953333333333333,19.180864205555554,3.6153333333333344,4.2152987,4.1750154,4.124678,4.1685534,4.1830254,0,0.0,1,1.0,-0.89,21.6,78.4
2023-01-28 05:30:00,157.258709283338,114.125157027778,114.146545105554,18.99814813333333,3.3953333333333333,25.683333333333334,2,5.1764362714980825,70.66250196097344,5,5,1,0.9659258262890684,0.2588190451025207,-0.9749279121818236,-0.2225209339563146,0.4999999999999999,0.8660254037844387,0.0,0.0,0.0,21.0,48.8,98.5,64.0,-5.15,3.3236892,0.05,1.0,19.13888886,25.5,25.466666666666665,25.05,25.28333333333333,25.95,-15.6028148,-0.2518518866666674,0.0206666666666666,3.3746666666666667,3.606666666666667,19.11913580666667,3.449777777777779,4.1830254,4.2152987,4.1750154,4.124678,4.2616916,0,0.0,1,1.0,-0.94,23.8,76.2
2023-01-28 05:45:00,107.27876417778,51.574881388888,51.587658644444,19.13888886,3.606666666666667,25.95,1,5.1764362714980825,70.66250196097344,5,5,1,0.9659258262890684,0.2588190451025207,-0.9749279121818236,-0.2225209339563146,0.4999999999999999,0.8660254037844387,0.0,0.0,0.0,20.15,48.9,99.25,65.5,-4.925,3.378416,0.075,0.9,19.12037034,25.683333333333334,25.5,25.466666666666665,25.05,25.716666666666665,-15.532222193333334,0.1407407266666673,0.2113333333333336,3.3953333333333333,3.7306666666666666,19.12901233777778,3.458888888888891,4.2616916,4.1830254,4.2152987,4.1750154,4.2187634,0,0.0,1,1.0,-0.91,22.5,77.5
2023-01-28 06:00:00,96.176986033336,53.157873583334,53.17176192777801,19.12037034,3.7306666666666666,25.716666666666665,1,5.1764362714980825,70.66250196097344,6,5,1,1.0,6.123233995736766e-17,-0.9749279121818236,-0.2225209339563146,0.4999999999999999,0.8660254037844387,0.0,0.0,0.0,19.3,49.0,100.0,67.0,-4.7,3.4322228,0.1,0.8,19.01666665,25.95,25.683333333333334,25.5,25.466666666666665,26.0,-15.389703673333337,-0.0185185200000006,0.1239999999999996,3.606666666666667,4.126666666666667,19.085802444444447,3.5775555555555574,4.2187634,4.2616916,4.1830254,4.2152987,4.239231,0,0.0,0,1.0,-0.92,22.7,77.3
2023-01-28 06:15:00,187.329450972222,135.013488111112,135.03709828333402,19.01666665,4.126666666666667,26.0,2,5.1764362714980825,70.66250196097344,6,5,1,1.0,6.123233995736766e-17,-0.9749279121818236,-0.2225209339563146,0.4999999999999999,0.8660254037844387,0.0,0.0,0.0,18.475,46.925,100.0,67.25,-4.6,3.4568365,0.1,0.8500000000000001,19.29074073,25.716666666666665,25.95,25.683333333333334,25.5,25.816666666666663,-14.88999998333333,-0.1037036900000032,0.3960000000000003,3.7306666666666666,4.24,19.091975283333333,3.8213333333333352,4.239231,4.2187634,4.2616916,4.1830254,4.277898,0,0.0,1,1.0,-0.94,23.6,76.4
2023-01-28 06:30:00,72.695425366668,0.0,0.0,19.29074073,4.24,25.816666666666663,0,5.1764362714980825,70.66250196097344,6,5,1,1.0,6.123233995736766e-17,-0.9749279121818236,-0.2225209339563146,0.4999999999999999,0.8660254037844387,0.0,0.0,0.0,17.65,44.85,100.0,67.5,-4.5,3.481574,0.1,0.9,19.04999998,26.0,25.716666666666665,25.95,25.683333333333334,25.85,-15.05074073,0.2740740800000019,0.1133333333333332,4.126666666666667,4.451333333333333,19.14259257333333,4.032444444444447,4.277898,4.239231,4.2187634,4.2616916,4.2230725,1,1.0,1,0.75,-0.88,21.2,78.8
2023-01-28 06:45:00,147.83130874444402,97.797199105554,97.815809527774,19.04999998,4.451333333333333,25.85,2,5.1764362714980825,70.66250196097344,6,5,1,1.0,6.123233995736766e-17,-0.9749279121818236,-0.2225209339563146,0.4999999999999999,0.8660254037844387,0.0,0.0,0.0,16.825,42.775000000000006,100.0,67.75,-4.4,3.5064342,0.1,0.95,19.098148153333334,25.816666666666663,26.0,25.716666666666665,25.95,26.0,-14.598666646666665,-0.2407407500000005,0.2113333333333331,4.24,4.418,19.119135786666668,4.272666666666669,4.2230725,4.277898,4.239231,4.2187634,4.259659,0,1.0,1,0.75,-0.93,23.3,76.7
2023-01-28 07:00:00,114.670413049998,71.599358144444,71.61602412777799,19.098148153333334,4.418,26.0,2,5.1764362714980825,70.66250196097344,7,5,1,0.9659258262890684,-0.2588190451025206,-0.9749279121818236,-0.2225209339563146,0.4999999999999999,0.8660254037844387,0.0,0.0,0.0,16.0,40.7,100.0,68.0,-4.3,3.5314198,0.1,1.0,19.13888889,25.85,25.816666666666663,26.0,25.716666666666665,25.7,-14.680148153333334,0.0481481733333346,-0.0333333333333332,4.451333333333333,4.6193333333333335,19.14629628777778,4.36977777777778,4.259659,4.2230725,4.277898,4.239231,4.220635,0,1.0,0,0.75,-0.92,22.8,77.2
2023-01-28 07:15:00,92.276308783334,41.709442672222,41.7224977,19.13888889,4.6193333333333335,25.7,1,5.1764362714980825,70.66250196097344,7,5,1,0.9659258262890684,-0.2588190451025206,-0.9749279121818236,-0.2225209339563146,0.4999999999999999,0.8660254037844387,0.0,0.0,0.0,16.525,39.35,100.0,68.5,-3.75,3.6620133,0.075,1.425,18.96481483666667,26.0,25.85,25.816666666666663,26.0,25.966666666666665,-14.519555556666663,0.0407407366666632,0.2013333333333333,4.418,4.770666666666667,19.09567900777778,4.496222222222224,4.220635,4.259659,4.2230725,4.277898,4.2208586,0,1.0,1,0.75,-0.91,22.6,77.4
2023-01-28 07:30:00,168.121330277784,118.3969306,118.419707472222,18.96481483666667,4.770666666666667,25.966666666666665,2,5.1764362714980825,70.66250196097344,7,5,1,0.9659258262890684,-0.2588190451025206,-0.9749279121818236,-0.2225209339563146,0.4999999999999999,0.8660254037844387,0.0,0.0,0.0,17.05,38.0,100.0,69.0,-3.2,3.796841,0.05,1.85,19.18333336,25.7,26.0,25.85,25.816666666666663,25.7,-14.194148170000002,-0.174074053333328,0.1513333333333335,4.6193333333333335,4.734,19.06728396,4.602666666666669,4.2208586,4.220635,4.259659,4.2230725,4.231706,0,0.0,1,1.0,-0.95,24.1,75.9
2023-01-28 07:45:00,68.180050455556,0.0,0.0,19.18333336,4.734,25.7,0,5.1764362714980825,70.66250196097344,7,5,1,0.9659258262890684,-0.2588190451025206,-0.9749279121818236,-0.2225209339563146,0.4999999999999999,0.8660254037844387,0.0,0.0,0.0,17.575000000000003,36.65,100.0,69.5,-2.6500000000000004,3.9360213,0.0249999999999999,2.2750000000000004,18.99814813333333,25.966666666666665,25.7,26.0,25.85,26.15,-14.44933336,0.21851852333333,-0.036666666666667,4.770666666666667,4.612,19.09567902888889,4.708000000000002,4.231706,4.2208586,4.220635,4.259659,4.2590313,1,1.0,1,0.75,-0.9,22.2,77.8
2023-01-28 08:00:00,326.453330211112,117.586407472222,117.616961833332,18.99814813333333,4.612,26.15,2,5.1764362714980825,70.66250196097344,8,5,1,0.8660254037844387,-0.4999999999999998,-0.9749279121818236,-0.2225209339563146,0.4999999999999999,0.8660254037844387,0.0,0.0,0.0,18.1,35.3,100.0,70.0,-2.1,4.0796742,0.0,2.7,19.083333340000003,25.7,25.966666666666665,25.7,26.0,26.9,-14.386148133333334,-0.1851852266666647,-0.1219999999999998,4.734,4.550666666666666,19.04876544333333,4.7055555555555575,4.2590313,4.231706,4.2208586,4.220635,4.4032583,0,1.0,1,0.75,-0.94,23.7,76.3
2023-01-28 08:15:00,76.749152061114,0.0,0.0,19.083333340000003,4.550666666666666,26.9,0,5.1764362714980825,70.66250196097344,8,5,1,0.8660254037844387,-0.4999999999999998,-0.9749279121818236,-0.2225209339563146,0.4999999999999999,0.8660254037844387,2.75,0.6875,0.2291666666666666,18.700000000000003,37.275,78.75,69.0,-2.375,4.014627,0.0,2.6750000000000003,18.92962964,26.15,25.7,25.966666666666665,25.7,27.466666666666665,-14.532666673333337,0.0851852066666687,-0.0613333333333336,4.612,4.586666666666667,19.088271611111114,4.632222222222224,4.4032583,4.2590313,4.231706,4.2208586,4.4554176,1,2.0,1,0.5,-0.92,22.8,77.2
2023-01-28 08:30:00,59.962601200008,17.068206094446,17.080705577779998,18.92962964,4.586666666666667,27.466666666666665,1,5.1764362714980825,70.66250196097344,8,5,1,0.8660254037844387,-0.4999999999999998,-0.9749279121818236,-0.2225209339563146,0.4999999999999999,0.8660254037844387,5.5,2.0625,0.6875,19.3,39.25,57.5,68.0,-2.6500000000000004,3.9497852,0.0,2.6500000000000004,18.72222225,26.9,26.15,25.7,25.966666666666665,27.85,-14.342962973333332,-0.1537037000000047,0.0360000000000004,4.550666666666666,4.406000000000001,19.003703704444444,4.583111111111113,4.4554176,4.4032583,4.2590313,4.231706,4.46256,0,2.0,1,0.5,-0.95,24.1,75.9
2023-01-28 08:45:00,167.67384819445,123.916987555556,123.940319972222,18.72222225,4.406000000000001,27.85,2,5.1764362714980825,70.66250196097344,8,5,1,0.8660254037844387,-0.4999999999999998,-0.9749279121818236,-0.2225209339563146,0.4999999999999999,0.8660254037844387,8.25,4.125,1.375,19.9,41.225,36.25,67.0,-2.9250000000000003,3.8851488,0.0,2.625,18.975925946666667,27.466666666666665,26.9,26.15,25.7,27.816666666666663,-14.31622225,-0.2074073899999966,-0.1806666666666663,4.586666666666667,4.48,18.91172841,4.514444444444447,4.46256,4.4554176,4.4032583,4.2590313,4.524541,0,1.0,1,0.75,-1.0,25.9,74.1
2023-01-28 09:00:00,130.536445033332,68.386708872222,68.40281936111,18.975925946666667,4.48,27.816666666666663,1,5.1764362714980825,70.66250196097344,9,5,1,0.7071067811865476,-0.7071067811865475,-0.9749279121818236,-0.2225209339563146,0.4999999999999999,0.8660254037844387,11.0,6.875,2.2916666666666665,20.5,43.2,15.0,66.0,-3.2,3.820717,0.0,2.6,19.02777779,27.85,27.466666666666665,26.9,26.15,27.15,-14.495925946666668,0.2537036966666655,0.0739999999999998,4.406000000000001,4.496,18.875925945555554,4.4908888888888905,4.524541,4.46256,4.4554176,4.4032583,4.4296393,0,1.0,1,0.75,-0.94,23.6,76.4
2023-01-28 09:15:00,62.419447588888,0.0,0.0,19.02777779,4.496,27.15,0,5.1764362714980825,70.66250196097344,9,5,1,0.7071067811865476,-0.7071067811865475,-0.9749279121818236,-0.2225209339563146,0.4999999999999999,0.8660254037844387,41.25,16.5,5.729166666666667,20.025,43.375,18.75,64.75,-3.375,3.7673497,0.0,2.675,18.751851876666667,27.816666666666663,27.85,27.466666666666665,26.9,27.183333333333334,-14.531777790000003,0.0518518433333348,0.0159999999999991,4.48,4.446,18.90864199555556,4.460666666666669,4.4296393,4.524541,4.46256,4.4554176,4.3633757,1,1.0,1,0.75,-0.93,23.2,76.8
2023-01-28 09:30:00,141.937100005558,94.365947394446,94.387057650002,18.751851876666667,4.446,27.183333333333334,2,5.1764362714980825,70.66250196097344,9,5,1,0.7071067811865476,-0.7071067811865475,-0.9749279121818236,-0.2225209339563146,0.4999999999999999,0.8660254037844387,71.5,33.0,11.6875,19.55,43.55,22.5,63.5,-3.55,3.7133307,0.0,2.75,18.85000002,27.15,27.816666666666663,27.85,27.466666666666665,27.4,-14.305851876666669,-0.2759259133333351,-0.0499999999999998,4.496,4.362,18.91851853777778,4.474000000000002,4.3633757,4.4296393,4.524541,4.46256,4.4237447,0,1.0,1,0.75,-0.99,25.8,74.2
2023-01-28 09:45:00,155.614330744444,101.867869572222,101.887035455556,18.85000002,4.362,27.4,2,5.1764362714980825,70.66250196097344,9,5,1,0.7071067811865476,-0.7071067811865475,-0.9749279121818236,-0.2225209339563146,0.4999999999999999,0.8660254037844387,101.75,56.375,20.166666666666668,19.075000000000003,43.725,26.25,62.25,-3.725,3.6586566,0.0,2.825,19.14814818,27.183333333333334,27.15,27.816666666666663,27.85,26.566666666666663,-14.48800002,0.0981481433333328,-0.0839999999999996,4.446,4.220666666666666,18.87654322888889,4.434666666666668,4.4237447,4.3633757,4.4296393,4.524541,4.365347,0,1.0,0,0.75,-0.97,24.8,75.2
2023-01-28 10:00:00,48.423340538898,0.0,0.0,19.14814818,4.220666666666666,26.566666666666663,0,5.1764362714980825,70.66250196097344,10,5,1,0.4999999999999999,-0.8660254037844387,-0.9749279121818236,-0.2225209339563146,0.4999999999999999,0.8660254037844387,132.0,86.625,31.166666666666668,18.6,43.9,30.0,61.0,-3.9,3.6033225,0.0,2.9,19.11666667,27.4,27.183333333333334,27.15,27.816666666666663,26.2,-14.927481513333332,0.2981481600000002,-0.1413333333333337,4.362,4.266666666666667,18.916666692222226,4.342888888888891,4.365347,4.4237447,4.3633757,4.4296393,4.297114,1,2.0,1,0.5,-0.9,22.3,77.7
2023-01-28 10:15:00,129.37454687778398,86.1815526,86.200718483334,19.11666667,4.266666666666667,26.2,2,5.1764362714980825,70.66250196097344,10,5,1,0.4999999999999999,-0.8660254037844387,-0.9749279121818236,-0.2225209339563146,0.4999999999999999,0.8660254037844387,168.25,118.375,45.1875,19.725,45.975,29.75,61.0,-3.8,3.6276252,0.0,3.0,19.109259266666665,26.566666666666663,27.4,27.183333333333334,27.15,26.466666666666665,-14.850000003333331,-0.0314815100000025,0.0460000000000002,4.220666666666666,4.108666666666666,19.038271623333333,4.283111111111112,4.297114,4.365347,4.4237447,4.3633757,4.3389554,0,1.0,1,0.75,-0.91,22.6,77.4
2023-01-28 10:30:00,177.331239849998,110.600020272222,110.62168612222,19.109259266666665,4.108666666666666,26.466666666666665,2,5.1764362714980825,70.66250196097344,10,5,1,0.4999999999999999,-0.8660254037844387,-0.9749279121818236,-0.2225209339563146,0.4999999999999999,0.8660254037844387,204.5,151.625,62.22916666666666,20.85,48.05,29.5,61.0,-3.7,3.652071,0.0,3.1,19.36666668,26.2,26.566666666666663,27.4,27.183333333333334,26.45,-15.0005926,-0.0074074033333317,-0.1580000000000003,4.266666666666667,4.046666666666666,19.12469137222222,4.198666666666668,4.3389554,4.297114,4.365347,4.4237447,4.402477,0,1.0,0,0.75,-0.91,22.7,77.3
2023-01-28 10:45:00,65.59320948333401,0.0,0.0,19.36666668,4.046666666666666,26.45,0,5.1764362714980825,70.66250196097344,10,5,1,0.4999999999999999,-0.8660254037844387,-0.9749279121818236,-0.2225209339563146,0.4999999999999999,0.8660254037844387,240.75,186.375,82.29166666666667,21.975,50.125,29.25,61.0,-3.6,3.6766605,0.0,3.2,19.553703716666668,26.466666666666665,26.2,26.566666666666663,27.4,26.03333333333333,-15.320000013333331,0.2574074133333326,-0.0620000000000002,4.108666666666666,4.075333333333334,19.19753087222222,4.140666666666668,4.402477,4.3389554,4.297114,4.365347,4.3810463,1,2.0,1,0.5,-0.86,20.4,79.6
2023-01-28 11:00:00,106.212417900004,63.316911672222,63.333299883334,19.553703716666668,4.075333333333334,26.03333333333333,1,5.1764362714980825,70.66250196097344,11,5,1,0.258819045102521,-0.9659258262890682,-0.9749279121818236,-0.2225209339563146,0.4999999999999999,0.8660254037844387,277.0,222.625,105.375,23.1,52.2,29.0,61.0,-3.5,3.7013958,0.0,3.3,19.88888887,26.45,26.466666666666665,26.2,26.566666666666663,25.65,-15.478370383333337,0.1870370366666698,0.0286666666666679,4.046666666666666,4.218666666666667,19.34320988777778,4.076888888888891,4.3810463,4.402477,4.3389554,4.297114,4.402287,0,1.0,1,0.75,-0.82,19.0,81.0
2023-01-28 11:15:00,149.218475422224,101.643711888888,101.663711088888,19.88888887,4.218666666666667,25.65,2,5.1764362714980825,70.66250196097344,11,5,1,0.258819045102521,-0.9659258262890682,-0.9749279121818236,-0.2225209339563146,0.4999999999999999,0.8660254037844387,304.0,256.5625,130.47916666666666,22.75,52.2,46.5,60.75,-3.475,3.7047963,0.0,3.375,20.224074066666667,26.03333333333333,26.45,26.466666666666665,26.2,25.316666666666663,-15.670222203333337,0.3351851533333345,0.1433333333333326,4.075333333333334,4.6080000000000005,19.603086422222223,4.113555555555557,4.402287,4.3810463,4.402477,4.3389554,4.4311657,0,1.0,1,0.75,-0.74,16.5,83.5
2023-01-28 11:30:00,54.745865611112,0.0,0.0,20.224074066666667,4.6080000000000005,25.316666666666663,0,5.1764362714980825,70.66250196097344,11,5,1,0.258819045102521,-0.9659258262890682,-0.9749279121818236,-0.2225209339563146,0.4999999999999999,0.8660254037844387,331.0,288.1875,157.60416666666666,22.4,52.2,64.0,60.5,-3.45,3.7081249,0.0,3.45,20.18333336,25.65,26.03333333333333,26.45,26.466666666666665,25.0,-15.616074066666666,0.3351851966666643,0.389333333333334,4.218666666666667,4.556666666666667,19.888888884444448,4.300666666666669,4.4311657,4.402287,4.3810463,4.402477,4.3653297,1,2.0,1,0.5,-0.67,14.4,85.6
2023-01-28 11:45:00,118.03805612222,60.255645244444,60.272033472222,20.18333336,4.556666666666667,25.0,1,5.1764362714980825,70.66250196097344,11,5,1,0.258819045102521,-0.9659258262890682,-0.9749279121818236,-0.2225209339563146,0.4999999999999999,0.8660254037844387,358.0,317.5,186.75,22.05,52.2,81.5,60.25,-3.425,3.7113824,0.0,3.525,19.990740726666665,25.316666666666663,25.65,26.03333333333333,26.45,25.0,-15.626666693333332,-0.0407407066666678,-0.0513333333333339,4.6080000000000005,4.506666666666666,20.098765432222223,4.461111111111113,4.3653297,4.4311657,4.402287,4.3810463,4.316407,0,1.0,1,0.75,-0.68,14.7,85.3
2023-01-28 12:00:00,201.035569355556,143.667308627778,143.692029888888,19.990740726666665,4.506666666666666,25.0,2,5.1764362714980825,70.66250196097344,12,5,1,1.2246467991473532e-16,-1.0,-0.9749279121818236,-0.2225209339563146,0.4999999999999999,0.8660254037844387,385.0,344.5,217.91666666666663,21.7,52.2,99.0,60.0,-3.4,3.7145662,0.0,3.6,19.97777776,25.0,25.316666666666663,25.65,26.03333333333333,24.95,-15.48407406,-0.1925926333333336,-0.0500000000000007,4.556666666666667,4.248,20.13271605111111,4.557111111111113,4.316407,4.3653297,4.4311657,4.402287,4.304505,0,1.0,1,0.75,-0.72,15.9,84.1
2023-01-28 12:15:00,58.669875211116,0.0,0.0,19.97777776,4.248,24.95,0,5.1764362714980825,70.66250196097344,12,5,1,1.2246467991473532e-16,-1.0,-0.9749279121818236,-0.2225209339563146,0.4999999999999999,0.8660254037844387,350.0,356.0,243.64583333333331,20.7,51.3,99.25,59.75,-3.475,3.6867433,0.0,3.55,19.927777756666668,25.0,25.0,25.316666666666663,25.65,24.716666666666665,-15.729777759999996,-0.0129629666666666,-0.2586666666666657,4.506666666666666,4.268666666666666,20.05061728222222,4.437111111111112,4.304505,4.316407,4.3653297,4.4311657,4.2517786,1,2.0,1,0.5,-0.72,16.0,84.0
2023-01-28 12:30:00,219.056237499996,176.109622016666,176.138509811108,19.927777756666668,4.268666666666666,24.716666666666665,2,5.1764362714980825,70.66250196097344,12,5,1,1.2246467991473532e-16,-1.0,-0.9749279121818236,-0.2225209339563146,0.4999999999999999,0.8660254037844387,315.0,352.0,263.9375,19.7,50.400000000000006,99.5,59.5,-3.55,3.6590574,0.0,3.5,20.08888891,24.95,25.0,25.0,25.316666666666663,24.65,-15.65911109,-0.0500000033333307,0.0206666666666661,4.248,4.498666666666666,19.965432081111118,4.341111111111112,4.2517786,4.304505,4.316407,4.3653297,4.2805,0,1.0,1,0.75,-0.74,16.4,83.6
2023-01-28 12:45:00,410.73690311667,0.0,0.0,20.08888891,4.498666666666666,24.65,0,5.1764362714980825,70.66250196097344,12,5,1,1.2246467991473532e-16,-1.0,-0.9749279121818236,-0.2225209339563146,0.4999999999999999,0.8660254037844387,280.0,332.5,278.7916666666667,18.7,49.5,99.75,59.25,-3.625,3.6315105,0.0,3.45,20.2185185,24.716666666666665,24.95,25.0,25.0,24.316666666666663,-15.590222243333333,0.16111115333333,0.2299999999999995,4.268666666666666,4.620666666666667,19.99814814222222,4.338444444444446,4.2805,4.2517786,4.304505,4.316407,4.2547545,1,2.0,1,0.5,-0.7,15.3,84.7
2023-01-28 13:00:00,105.721882222216,33.730872927778,33.743650216666,20.2185185,4.620666666666667,24.316666666666663,1,5.1764362714980825,70.66250196097344,13,5,1,-0.2588190451025208,-0.9659258262890684,-0.9749279121818236,-0.2225209339563146,0.4999999999999999,0.8660254037844387,245.0,297.5,288.2083333333333,17.7,48.6,100.0,59.0,-3.7,3.6041026,0.0,3.4,20.18333335,24.65,24.716666666666665,24.95,25.0,24.4,-15.597851833333335,0.1296295900000039,0.1220000000000007,4.498666666666666,4.894,20.07839505555556,4.462666666666668,4.2547545,4.2805,4.2517786,4.304505,4.260562,0,2.0,1,0.5,-0.67,14.6,85.4
2023-01-28 13:15:00,170.282077311112,99.782397427778,99.799341216666,20.18333335,4.894,24.4,2,5.1764362714980825,70.66250196097344,13,5,1,-0.2588190451025208,-0.9659258262890684,-0.9749279121818236,-0.2225209339563146,0.4999999999999999,0.8660254037844387,258.5,274.625,295.7291666666667,17.6,46.975,100.0,58.75,-3.775,3.6008646,0.0,3.45,20.18703705,24.316666666666663,24.65,24.716666666666665,24.95,24.78333333333333,-15.28933335,-0.0351851500000002,0.2733333333333334,4.620666666666667,4.833333333333333,20.163580253333333,4.671111111111112,4.260562,4.2547545,4.2805,4.2517786,4.3284326,0,1.0,1,0.75,-0.68,14.8,85.2
2023-01-28 13:30:00,48.25334745556,0.0,0.0,20.18703705,4.833333333333333,24.78333333333333,0,5.1764362714980825,70.66250196097344,13,5,1,-0.2588190451025208,-0.9659258262890684,-0.9749279121818236,-0.2225209339563146,0.4999999999999999,0.8660254037844387,272.0,263.875,301.3541666666667,17.5,45.35,100.0,58.5,-3.85,3.5975604,0.0,3.5,20.17222224,24.4,24.316666666666663,24.65,24.716666666666665,24.5,-15.353703716666669,0.003703699999999,-0.060666666666667,4.894,4.649333333333333,20.196296300000004,4.782666666666668,4.3284326,4.260562,4.2547545,4.2805,4.2752447,1,2.0,1,0.5,-0.68,14.7,85.3
2023-01-28 13:45:00,133.193560861114,80.740103583334,80.757047355556,20.17222224,4.649333333333333,24.5,2,5.1764362714980825,70.66250196097344,13,5,1,-0.2588190451025208,-0.9659258262890684,-0.9749279121818236,-0.2225209339563146,0.4999999999999999,0.8660254037844387,285.5,265.25,305.0833333333333,17.4,43.725,100.0,58.25,-3.925,3.5941882,0.0,3.55,20.10370374333333,24.78333333333333,24.4,24.316666666666663,24.65,24.5,-15.522888906666669,-0.0148148100000007,-0.1840000000000001,4.833333333333333,4.7733333333333325,20.180864213333336,4.792222222222224,4.2752447,4.3284326,4.260562,4.2547545,4.2581434,0,1.0,1,0.75,-0.68,14.8,85.2
2023-01-28 14:00:00,114.79818563889,65.19100335555599,65.206558266668,20.10370374333333,4.7733333333333325,24.5,1,5.1764362714980825,70.66250196097344,14,5,1,-0.4999999999999997,-0.8660254037844388,-0.9749279121818236,-0.2225209339563146,0.4999999999999999,0.8660254037844387,299.0,278.75,306.9166666666667,17.3,42.1,100.0,58.0,-4.0,3.590747,0.0,3.6,20.111111110000003,24.5,24.78333333333333,24.4,24.316666666666663,24.15,-15.33037041,-0.0685184966666661,0.1239999999999996,4.649333333333333,4.77,20.15432101111111,4.752000000000002,4.2581434,4.2752447,4.3284326,4.260562,4.1991315,0,1.0,1,0.75,-0.7,15.2,84.8
2023-01-28 14:15:00,73.945930977776,14.632470244444,14.643858655556,20.111111110000003,4.77,24.15,1,5.1764362714980825,70.66250196097344,14,5,1,-0.4999999999999997,-0.8660254037844388,-0.9749279121818236,-0.2225209339563146,0.4999999999999999,0.8660254037844387,292.25,287.1875,305.9375,16.95,41.65,100.0,57.25,-4.175,3.5443153,0.0,3.6,19.894444426666663,24.5,24.5,24.78333333333333,24.4,24.183333333333334,-15.341111110000003,0.0074073666666691,-0.0033333333333329,4.7733333333333325,4.89,20.12901236444445,4.730888888888891,4.1991315,4.2581434,4.2752447,4.3284326,4.1519156,0,1.0,0,0.75,-0.7,15.2,84.8
2023-01-28 14:30:00,162.13212558888802,102.052028855556,102.074250233332,19.894444426666663,4.89,24.183333333333334,2,5.1764362714980825,70.66250196097344,14,5,1,-0.4999999999999997,-0.8660254037844388,-0.9749279121818236,-0.2225209339563146,0.4999999999999999,0.8660254037844387,285.5,290.5625,302.1458333333333,16.6,41.2,100.0,56.5,-4.35,3.4978833,0.0,3.6,19.85555557,24.15,24.5,24.5,24.78333333333333,24.45,-15.004444426666666,-0.2166666833333366,0.1200000000000001,4.77,4.820666666666667,20.03641976,4.811111111111113,4.1519156,4.1991315,4.2581434,4.2752447,4.1881413,0,0.0,1,1.0,-0.75,16.8,83.2
2023-01-28 14:45:00,89.497808894442,38.269024744444,38.283746405554,19.85555557,4.820666666666667,24.45,1,5.1764362714980825,70.66250196097344,14,5,1,-0.4999999999999997,-0.8660254037844388,-0.9749279121818236,-0.2225209339563146,0.4999999999999999,0.8660254037844387,278.75,288.875,295.5416666666667,16.25,40.75,100.0,55.75,-4.525,3.451451,0.0,3.6,19.827777776666668,24.183333333333334,24.15,24.5,24.5,24.03333333333333,-15.034888903333332,-0.0388888566666665,-0.0693333333333328,4.89,4.907333333333333,19.953703702222224,4.826888888888891,4.1881413,4.1519156,4.1991315,4.2581434,4.1100693,0,0.0,1,1.0,-0.75,17.0,83.0
2023-01-28 15:00:00,73.504281944444,30.531000927778,30.544333794442,19.827777776666668,4.907333333333333,24.03333333333333,1,5.1764362714980825,70.66250196097344,15,5,1,-0.7071067811865471,-0.7071067811865479,-0.9749279121818236,-0.2225209339563146,0.4999999999999999,0.8660254037844387,272.0,282.125,286.125,15.9,40.3,100.0,55.0,-4.7,3.405019,0.0,3.6,19.62222224,24.45,24.183333333333334,24.15,24.5,24.4,-14.920444443333334,-0.0277777933333318,0.086666666666666,4.820666666666667,4.748666666666667,19.85925925777778,4.872666666666668,4.1100693,4.1881413,4.1519156,4.1991315,4.1227417,0,0.0,0,1.0,-0.76,17.3,82.7
2023-01-28 15:15:00,164.752298411116,121.831793183334,121.8559589,19.62222224,4.748666666666667,24.4,2,5.1764362714980825,70.66250196097344,15,5,1,-0.7071067811865471,-0.7071067811865479,-0.9749279121818236,-0.2225209339563146,0.4999999999999999,0.8660254037844387,259.0,273.8125,278.5416666666667,14.925,39.4,100.0,54.75,-4.725,3.383881,0.0,3.575,19.690740743333333,24.03333333333333,24.45,24.183333333333334,24.15,24.78333333333333,-14.873555573333332,-0.2055555366666688,-0.158666666666666,4.907333333333333,4.77,19.76851852888889,4.825555555555557,4.1227417,4.1100693,4.1881413,4.1519156,4.2043924,0,0.0,1,1.0,-0.81,18.8,81.2
2023-01-28 15:30:00,67.925893872226,0.0,0.0,19.690740743333333,4.77,24.78333333333333,0,5.1764362714980825,70.66250196097344,15,5,1,-0.7071067811865471,-0.7071067811865479,-0.9749279121818236,-0.2225209339563146,0.4999999999999999,0.8660254037844387,246.0,263.9375,272.7916666666667,13.95,38.5,100.0,54.5,-4.75,3.3628032,0.0,3.55,19.49999998,24.4,24.03333333333333,24.45,24.183333333333334,24.55,-14.920740743333331,0.0685185033333333,0.0213333333333327,4.748666666666667,4.78,19.713580253333333,4.808666666666668,4.2043924,4.1227417,4.1100693,4.1881413,4.1184025,1,1.0,1,0.75,-0.79,18.2,81.8
2023-01-28 15:45:00,132.307485272222,70.389962055556,70.4071836,19.49999998,4.78,24.55,1,5.1764362714980825,70.66250196097344,15,5,1,-0.7071067811865471,-0.7071067811865479,-0.9749279121818236,-0.2225209339563146,0.4999999999999999,0.8660254037844387,233.0,252.5,268.875,12.975,37.6,100.0,54.25,-4.775,3.3417842,0.0,3.525,19.44259256666667,24.78333333333333,24.4,24.03333333333333,24.45,24.966666666666665,-14.719999979999995,-0.1907407633333342,0.0100000000000006,4.77,4.562666666666667,19.60432098777778,4.766222222222224,4.1184025,4.2043924,4.1227417,4.1100693,4.174186,0,1.0,1,0.75,-0.84,19.7,80.3
2023-01-28 16:00:00,127.463790044448,72.885140027778,72.902083783334,19.44259256666667,4.562666666666667,24.966666666666665,2,5.1764362714980825,70.66250196097344,16,5,1,-0.8660254037844385,-0.5000000000000004,-0.9749279121818236,-0.2225209339563146,0.4999999999999999,0.8660254037844387,220.0,239.5,266.7916666666667,12.0,36.7,100.0,54.0,-4.8,3.3208256,0.0,3.5,19.50555555,24.55,24.78333333333333,24.4,24.03333333333333,24.7,-14.879925900000002,-0.0574074133333297,-0.2173333333333333,4.78,3.9613333333333336,19.54444443,4.704222222222223,4.174186,4.1184025,4.2043924,4.1227417,4.144919,0,1.0,1,0.75,-0.85,20.1,79.9
2023-01-28 16:15:00,83.736928205554,25.912852344444,25.92368526111,19.50555555,3.9613333333333336,24.7,1,5.1764362714980825,70.66250196097344,16,5,1,-0.8660254037844385,-0.5000000000000004,-0.9749279121818236,-0.2225209339563146,0.4999999999999999,0.8660254037844387,203.5,225.625,262.2083333333333,11.0,34.825,100.0,55.0,-4.65,3.365386,0.0,3.425,19.261111106666664,24.966666666666665,24.55,24.78333333333333,24.4,25.15,-15.544222216666666,0.0629629833333318,-0.6013333333333333,4.562666666666667,3.8246666666666655,19.482716032222225,4.434666666666669,4.144919,4.174186,4.1184025,4.2043924,4.160164,0,1.0,1,0.75,-0.83,19.7,80.3
2023-01-28 16:30:00,162.541831416666,108.612044244444,108.63287676111,19.261111106666664,3.8246666666666655,25.15,2,5.1764362714980825,70.66250196097344,16,5,1,-0.8660254037844385,-0.5000000000000004,-0.9749279121818236,-0.2225209339563146,0.4999999999999999,0.8660254037844387,187.0,210.875,255.125,10.0,32.95,100.0,56.0,-4.5,3.4094057,0.0,3.35,19.37777776,24.7,24.966666666666665,24.55,24.78333333333333,25.15,-15.43644444,-0.2444444433333359,-0.1366666666666671,3.9613333333333336,3.848,19.403086407777774,4.116222222222224,4.160164,4.144919,4.174186,4.1184025,4.188836,0,0.0,1,1.0,-0.89,21.6,78.4
2023-01-28 16:45:00,62.65943793889,0.0,0.0,19.37777776,3.848,25.15,0,5.1764362714980825,70.66250196097344,16,5,1,-0.8660254037844385,-0.5000000000000004,-0.9749279121818236,-0.2225209339563146,0.4999999999999999,0.8660254037844387,170.5,195.25,245.54166666666663,9.0,31.075,100.0,57.0,-4.35,3.4528902,0.0,3.2750000000000004,19.24814817,25.15,24.7,24.966666666666665,24.55,25.183333333333334,-15.529777760000002,0.1166666533333362,0.0233333333333334,3.8246666666666655,3.5806666666666667,19.381481472222223,3.878000000000002,4.188836,4.160164,4.144919,4.174186,4.1624985,1,1.0,1,0.75,-0.86,20.6,79.4
2023-01-28 17:00:00,177.940104211116,106.430464811112,106.449630727778,19.24814817,3.5806666666666667,25.183333333333334,2,5.1764362714980825,70.66250196097344,17,5,1,-0.9659258262890684,-0.2588190451025206,-0.9749279121818236,-0.2225209339563146,0.4999999999999999,0.8660254037844387,154.0,178.75,233.45833333333331,8.0,29.2,100.0,58.0,-4.2,3.4958408,0.0,3.2,19.29444443,25.15,25.15,24.7,24.966666666666665,25.15,-15.667481503333336,-0.1296295900000004,-0.2673333333333332,3.848,3.44,19.295679012222223,3.7511111111111126,4.1624985,4.188836,4.160164,4.144919,4.168339,0,1.0,1,0.75,-0.89,21.7,78.3
2023-01-28 17:15:00,165.960028049998,106.263527055556,106.282415216666,19.29444443,3.44,25.15,2,5.1764362714980825,70.66250196097344,17,5,1,-0.9659258262890684,-0.2588190451025206,-0.9749279121818236,-0.2225209339563146,0.4999999999999999,0.8660254037844387,127.25,159.6875,219.70833333333331,7.45,26.3,100.0,61.25,-4.15,3.5397692,0.0,2.575,19.416666643333333,25.183333333333334,25.15,25.15,24.7,25.0,-15.85444443,0.0462962599999983,-0.1406666666666667,3.5806666666666667,3.406,19.30679012,3.622888888888891,4.168339,4.1624985,4.188836,4.160164,4.1733904,0,1.0,0,0.75,-0.88,21.3,78.7
2023-01-28 17:30:00,62.571941538886,13.531403188888,13.540847277776,19.416666643333333,3.406,25.0,1,5.1764362714980825,70.66250196097344,17,5,1,-0.9659258262890684,-0.2588190451025206,-0.9749279121818236,-0.2225209339563146,0.4999999999999999,0.8660254037844387,100.5,138.0625,204.29166666666663,6.9,23.4,100.0,64.5,-4.1,3.57337,0.0,1.95,19.2,25.15,25.183333333333334,25.15,25.15,25.05,-16.010666643333334,0.1222222133333339,-0.0339999999999998,3.44,3.382,19.319753081111116,3.475555555555557,4.1733904,4.168339,4.1624985,4.188836,4.1287313,0,1.0,1,0.75,-0.85,20.3,79.7
2023-01-28 17:45:00,145.281688616662,90.90914123889,90.925807272222,19.2,3.382,25.05,2,5.1764362714980825,70.66250196097344,17,5,1,-0.9659258262890684,-0.2588190451025206,-0.9749279121818236,-0.2225209339563146,0.4999999999999999,0.8660254037844387,73.74999999999999,113.875,187.20833333333331,6.35,20.5,100.0,67.75,-4.05,3.5973327,0.0,1.3250000000000002,19.264814816666668,25.0,25.15,25.183333333333334,25.15,25.466666666666665,-15.818,-0.2166666433333333,-0.024,3.406,3.2653333333333334,19.30370369111111,3.409333333333335,4.1287313,4.1733904,4.168339,4.1624985,4.2134643,0,0.0,1,1.0,-0.9,22.1,77.9
2023-01-28 18:00:00,145.711671316666,86.279882016666,86.29627026111,19.264814816666668,3.2653333333333334,25.466666666666665,2,5.1764362714980825,70.66250196097344,18,5,1,-1.0,-1.8369701987210294e-16,-0.9749279121818236,-0.2225209339563146,0.4999999999999999,0.8660254037844387,47.0,87.125,168.45833333333334,5.8,17.6,100.0,71.0,-4.0,3.6123128,0.0,0.7,19.37777777,25.05,25.0,25.15,25.183333333333334,25.2,-15.999481483333334,0.0648148166666686,-0.1166666666666667,3.382,3.0786666666666664,19.293827153333336,3.3511111111111127,4.2134643,4.1287313,4.1733904,4.168339,4.1971636,0,0.0,0,1.0,-0.88,21.5,78.5
2023-01-28 18:15:00,144.532274077776,33.107009,33.143952055552,19.37777777,3.0786666666666664,25.2,1,5.1764362714980825,70.66250196097344,18,5,1,-1.0,-1.8369701987210294e-16,-0.9749279121818236,-0.2225209339563146,0.4999999999999999,0.8660254037844387,35.25,64.125,149.8125,6.0,16.0,100.0,72.0,-4.225,3.5578976,0.0,0.2749999999999999,19.15000000666667,25.466666666666665,25.05,25.0,25.15,25.83333333333333,-16.299111103333335,0.1129629533333336,-0.1866666666666669,3.2653333333333334,2.888,19.28086419555556,3.2420000000000013,4.1971636,4.2134643,4.1287313,4.1733904,4.245311,0,0.0,1,1.0,-0.86,20.6,79.4
2023-01-28 18:30:00,283.50588156111,139.92995812777798,140.005510672222,19.15000000666667,2.888,25.83333333333333,2,5.1764362714980825,70.66250196097344,18,5,1,-1.0,-1.8369701987210294e-16,-0.9749279121818236,-0.2225209339563146,0.4999999999999999,0.8660254037844387,23.5,44.875,131.27083333333334,6.199999999999999,14.4,100.0,73.0,-4.45,3.5032592,0.0,-0.1500000000000001,19.39444445,25.2,25.466666666666665,25.05,25.0,26.75,-16.262000006666668,-0.2277777633333322,-0.1906666666666665,3.0786666666666664,2.5966666666666667,19.26419753111111,3.077333333333335,4.245311,4.1971636,4.2134643,4.1287313,4.459694,0,0.0,1,1.0,-0.91,22.4,77.6
2023-01-28 18:45:00,184.878993494442,59.0493046,59.121246238886,19.39444445,2.5966666666666667,26.75,1,5.1764362714980825,70.66250196097344,18,5,1,-1.0,-1.8369701987210294e-16,-0.9749279121818236,-0.2225209339563146,0.4999999999999999,0.8660254037844387,11.75,29.375,112.83333333333331,6.4,12.8,100.0,74.0,-4.675000000000001,3.4484484,0.0,-0.5750000000000002,19.34629628333333,25.83333333333333,25.2,25.466666666666665,25.05,26.066666666666663,-16.79777778333333,0.2444444433333288,-0.2913333333333332,2.888,2.294666666666666,19.30740740888889,2.854444444444446,4.459694,4.245311,4.1971636,4.2134643,4.3334746,0,0.0,1,1.0,-0.85,20.2,79.8
2023-01-28 19:00:00,176.892924099996,61.441708916666,61.516150455552,19.34629628333333,2.294666666666666,26.066666666666663,1,5.1764362714980825,70.66250196097344,19,5,1,-0.9659258262890684,0.2588190451025203,-0.9749279121818236,-0.2225209339563146,0.4999999999999999,0.8660254037844387,0.0,17.625,94.5,6.6,11.2,100.0,75.0,-4.9,3.3935163,0.0,-1.0,19.23333333,26.75,25.83333333333333,25.2,25.466666666666665,26.7,-17.051629616666666,-0.0481481666666638,-0.302,2.5966666666666667,2.131333333333333,19.29691358,2.5931111111111127,4.3334746,4.459694,4.245311,4.1971636,4.409336,0,0.0,0,1.0,-0.86,20.7,79.3
2023-01-28 19:15:00,266.214906611108,152.095304827778,152.1780793,19.23333333,2.131333333333333,26.7,2,5.1764362714980825,70.66250196097344,19,5,1,-0.9659258262890684,0.2588190451025203,-0.9749279121818236,-0.2225209339563146,0.4999999999999999,0.8660254037844387,0.0,8.8125,77.54166666666667,6.85,11.55,99.5,74.75,-4.7,3.4414132,0.0,-0.75,19.461111093333333,26.066666666666663,26.75,25.83333333333333,25.2,26.633333333333333,-17.101999996666667,-0.1129629533333336,-0.1633333333333335,2.294666666666666,1.9426666666666668,19.324691354444443,2.3408888888888906,4.409336,4.3334746,4.459694,4.245311,4.4576893,0,0.0,1,1.0,-0.88,21.5,78.5
2023-01-28 19:30:00,131.704176022224,0.0,0.0,19.461111093333333,1.9426666666666668,26.633333333333333,0,5.1764362714980825,70.66250196097344,19,5,1,-0.9659258262890684,0.2588190451025203,-0.9749279121818236,-0.2225209339563146,0.4999999999999999,0.8660254037844387,0.0,2.9375,61.958333333333336,7.1,11.9,99.0,74.5,-4.5,3.489819,0.0,-0.5,19.25000001,26.7,26.066666666666663,26.75,25.83333333333333,26.45,-17.518444426666665,0.2277777633333322,-0.1886666666666663,2.131333333333333,1.8893333333333333,19.34691356888889,2.1228888888888906,4.4576893,4.409336,4.3334746,4.459694,4.3723397,1,1.0,1,0.75,-0.83,19.6,80.4
2023-01-28 19:45:00,218.229881638886,96.541693744444,96.606413438886,19.25000001,1.8893333333333333,26.45,2,5.1764362714980825,70.66250196097344,19,5,1,-0.9659258262890684,0.2588190451025203,-0.9749279121818236,-0.2225209339563146,0.4999999999999999,0.8660254037844387,0.0,0.0,47.75,7.35,12.25,98.5,74.25,-4.3,3.5387368,0.0,-0.25,19.227777786666667,26.633333333333333,26.7,26.066666666666663,26.75,27.25,-17.360666676666668,-0.211111083333332,-0.0533333333333334,1.9426666666666668,1.7913333333333334,19.314814811111116,1.9877777777777796,4.3723397,4.4576893,4.409336,4.3334746,4.498691,0,1.0,1,0.75,-0.88,21.4,78.6
2023-01-28 20:00:00,727.407291411112,83.7149846,83.76526042222,19.227777786666667,1.7913333333333334,27.25,2,5.1764362714980825,70.66250196097344,20,5,1,-0.8660254037844386,0.5000000000000001,-0.9749279121818236,-0.2225209339563146,0.4999999999999999,0.8660254037844387,0.0,0.0,34.916666666666664,7.6,12.6,98.0,74.0,-4.1,3.5881681,0.0,-0.0,19.19444445,26.45,26.633333333333333,26.7,26.066666666666663,26.7,-17.436444453333333,-0.0222222233333333,-0.0979999999999998,1.8893333333333333,1.666,19.312962963333334,1.874444444444446,4.498691,4.3723397,4.4576893,4.409336,4.3992434,0,1.0,0,0.75,-0.88,21.5,78.5
2023-01-28 20:15:00,336.047113111112,59.44567766111,59.492620266664,19.19444445,1.666,26.7,1,5.1764362714980825,70.66250196097344,20,5,1,-0.8660254037844386,0.5000000000000001,-0.9749279121818236,-0.2225209339563146,0.4999999999999999,0.8660254037844387,0.0,0.0,24.3125,6.949999999999999,12.6,98.5,76.0,-4.1,3.5972054,0.0,-0.35,19.020370343333333,27.25,26.45,26.633333333333333,26.7,26.966666666666665,-17.52844445,-0.0333333366666686,-0.1253333333333335,1.7913333333333334,1.5806666666666669,19.224074082222227,1.782222222222224,4.3992434,4.498691,4.3723397,4.4576893,4.3978043,0,1.0,1,0.75,-0.89,21.9,78.1
2023-01-28 20:30:00,244.85409436111,152.657226783334,152.714446744444,19.020370343333333,1.5806666666666669,26.966666666666665,2,5.1764362714980825,70.66250196097344,20,5,1,-0.8660254037844386,0.5000000000000001,-0.9749279121818236,-0.2225209339563146,0.4999999999999999,0.8660254037844387,0.0,0.0,15.9375,6.3,12.6,99.0,78.0,-4.1,3.60351,0.0,-0.7,19.32777778,26.7,27.25,26.45,26.633333333333333,26.95,-17.439703676666667,-0.1740741066666657,-0.0853333333333332,1.666,1.528,19.14753086,1.6793333333333351,4.3978043,4.3992434,4.498691,4.3723397,4.4754424,0,0.0,1,1.0,-0.93,23.3,76.7
2023-01-28 20:45:00,268.598977827778,184.111524094446,184.16957733889,19.32777778,1.528,26.95,2,5.1764362714980825,70.66250196097344,20,5,1,-0.8660254037844386,0.5000000000000001,-0.9749279121818236,-0.2225209339563146,0.4999999999999999,0.8660254037844387,0.0,0.0,9.791666666666666,5.65,12.6,99.5,80.0,-4.1,3.6071923,0.0,-1.0499999999999998,19.575925936666668,26.966666666666665,26.7,27.25,26.45,26.35,-17.799777780000003,0.3074074366666686,-0.0526666666666666,1.5806666666666669,1.415333333333333,19.180864191111112,1.5915555555555574,4.4754424,4.3978043,4.3992434,4.498691,4.4401317,0,0.0,0,1.0,-0.86,20.7,79.3
2023-01-28 21:00:00,124.836395244444,37.669604255556,37.71071376111,19.575925936666668,1.415333333333333,26.35,1,5.1764362714980825,70.66250196097344,21,5,1,-0.7071067811865477,0.7071067811865474,-0.9749279121818236,-0.2225209339563146,0.4999999999999999,0.8660254037844387,0.0,0.0,5.875,5.0,12.6,100.0,82.0,-4.1,3.608361,0.0,-1.4,19.31111111,26.95,26.966666666666665,26.7,27.25,26.05,-18.16059260333333,0.2481481566666659,-0.1126666666666666,1.528,0.8106666666666666,19.30802468666667,1.5080000000000018,4.4401317,4.4754424,4.3978043,4.3992434,4.321743,0,0.0,1,1.0,-0.81,18.8,81.2
2023-01-28 21:15:00,534.317237588888,88.61951066111,88.667842077776,19.31111111,0.8106666666666666,26.05,2,5.1764362714980825,70.66250196097344,21,5,1,-0.7071067811865477,0.7071067811865474,-0.9749279121818236,-0.2225209339563146,0.4999999999999999,0.8660254037844387,0.0,0.0,2.9375,5.05,12.425,97.0,81.5,-4.449999999999999,3.5243173,0.0,-1.65,19.220370366666668,26.35,26.95,26.966666666666665,26.7,26.466666666666665,-18.500444443333336,-0.2648148266666652,-0.6046666666666667,1.415333333333333,0.47,19.40493827555556,1.2513333333333352,4.321743,4.4401317,4.4754424,4.3978043,4.3674655,0,0.0,1,1.0,-0.87,21.0,79.0
2023-01-28 21:30:00,291.406121105554,172.531431816666,172.598373588888,19.220370366666668,0.47,26.466666666666665,2,5.1764362714980825,70.66250196097344,21,5,1,-0.7071067811865477,0.7071067811865474,-0.9749279121818236,-0.2225209339563146,0.4999999999999999,0.8660254037844387,0.0,0.0,0.9791666666666666,5.1,12.25,94.0,81.0,-4.8,3.4419737,0.0,-1.9,19.48333336,26.05,26.35,26.95,26.966666666666665,26.45,-18.75037036666667,-0.0907407433333347,-0.3406666666666667,0.8106666666666666,0.2666666666666666,19.36913580444445,0.8986666666666684,4.3674655,4.321743,4.4401317,4.4754424,4.432793,0,0.0,0,1.0,-0.89,21.7,78.3
2023-01-28 21:45:00,134.14463408333,0.0,0.0,19.48333336,0.2666666666666666,26.45,0,5.1764362714980825,70.66250196097344,21,5,1,-0.7071067811865477,0.7071067811865474,-0.9749279121818236,-0.2225209339563146,0.4999999999999999,0.8660254037844387,0.0,0.0,0.0,5.15,12.075,91.0,80.5,-5.15,3.3612998,0.0,-2.15,19.28703703333333,26.466666666666665,26.05,26.35,26.95,26.4,-19.21666669333333,0.2629629933333319,-0.2033333333333333,0.47,0.1706666666666666,19.338271612222226,0.5157777777777796,4.432793,4.3674655,4.321743,4.4401317,4.373604,1,1.0,1,0.75,-0.83,19.5,80.5
2023-01-28 22:00:00,225.173770488888,96.558637483334,96.636689977776,19.28703703333333,0.1706666666666666,26.4,2,5.1764362714980825,70.66250196097344,22,5,1,-0.5000000000000004,0.8660254037844384,-0.9749279121818236,-0.2225209339563146,0.4999999999999999,0.8660254037844387,0.0,0.0,0.0,5.2,11.9,88.0,80.0,-5.5,3.2822683,0.0,-2.4,19.26666669,26.45,26.466666666666665,26.05,26.35,26.95,-19.11637036666667,-0.1962963266666655,-0.096,0.2666666666666666,0.016,19.330246920000004,0.3024444444444462,4.373604,4.432793,4.3674655,4.321743,4.4593678,0,1.0,1,0.75,-0.87,21.1,78.9
2023-01-28 22:15:00,246.394588355552,127.422958411112,127.504066316666,19.26666669,0.016,26.95,2,5.1764362714980825,70.66250196097344,22,5,1,-0.5000000000000004,0.8660254037844384,-0.9749279121818236,-0.2225209339563146,0.4999999999999999,0.8660254037844387,0.0,0.0,0.0,5.35,11.175,83.75,81.5,-6.15,3.1268625,0.0,-3.35,19.403703713333336,26.4,26.45,26.466666666666665,26.05,26.35,-19.250666690000003,-0.020370343333333,-0.1546666666666666,0.1706666666666666,0.04,19.34567902777778,0.1511111111111129,4.4593678,4.373604,4.432793,4.3674655,4.3953996,0,1.0,0,0.75,-0.88,21.2,78.8
2023-01-28 22:30:00,135.309309627778,16.560170916666,16.62794602222,19.403703713333336,0.04,26.35,1,5.1764362714980825,70.66250196097344,22,5,1,-0.5000000000000004,0.8660254037844384,-0.9749279121818236,-0.2225209339563146,0.4999999999999999,0.8660254037844387,0.0,0.0,0.0,5.5,10.45,79.5,83.0,-6.8,2.9761734,0.0,-4.3,19.13888892,26.95,26.4,26.45,26.466666666666665,26.4,-19.363703713333337,0.1370370233333346,0.024,0.016,-0.1113333333333333,19.319135812222225,0.0755555555555573,4.3953996,4.4593678,4.373604,4.432793,4.335593,0,1.0,1,0.75,-0.85,20.2,79.8
2023-01-28 22:45:00,261.315658072222,123.5317252,123.612555349998,19.13888892,-0.1113333333333333,26.4,2,5.1764362714980825,70.66250196097344,22,5,1,-0.5000000000000004,0.8660254037844384,-0.9749279121818236,-0.2225209339563146,0.4999999999999999,0.8660254037844387,0.0,0.0,0.0,5.65,9.725,75.25,84.5,-7.449999999999999,2.8302503,0.0,-5.25,19.272222216666663,26.35,26.95,26.4,26.45,26.966666666666665,-19.25022225333333,-0.2648147933333362,-0.1513333333333333,0.04,-0.104,19.269753107777778,-0.0184444444444426,4.335593,4.3953996,4.4593678,4.373604,4.4635863,0,0.0,1,1.0,-0.91,22.4,77.6
2023-01-28 23:00:00,193.150051405558,55.94498436111,56.018870288888,19.272222216666663,-0.104,26.966666666666665,1,5.1764362714980825,70.66250196097344,23,5,1,-0.2588190451025215,0.965925826289068,-0.9749279121818236,-0.2225209339563146,0.4999999999999999,0.8660254037844387,0.0,0.0,0.0,5.8,9.0,71.0,86.0,-8.1,2.6891224,0.0,-6.2,19.21666669,26.4,26.35,26.95,26.4,26.7,-19.376222216666665,0.1333332966666667,0.0073333333333333,-0.1113333333333333,-0.1733333333333333,19.27160495,-0.0584444444444426,4.4635863,4.335593,4.3953996,4.4593678,4.405008,0,0.0,1,1.0,-0.87,21.1,78.9
2023-01-28 23:15:00,195.246634372218,62.999702144444,63.073588155552,19.21666669,-0.1733333333333333,26.7,1,5.1764362714980825,70.66250196097344,23,5,1,-0.2588190451025215,0.965925826289068,-0.9749279121818236,-0.2225209339563146,0.4999999999999999,0.8660254037844387,0.0,0.0,0.0,5.875,9.175,78.25,86.75,-8.175,2.678274,0.0,-6.375,19.11296297333333,26.966666666666665,26.4,26.35,26.95,27.15,-19.39000002333333,-0.0555555266666658,-0.0693333333333333,-0.104,-0.19,19.20925927555556,-0.1295555555555538,4.405008,4.4635863,4.335593,4.3953996,4.4519525,0,0.0,0,1.0,-0.89,21.7,78.3
2023-01-28 23:30:00,264.703855955552,136.395932827778,136.477040733332,19.11296297333333,-0.19,27.15,2,5.1764362714980825,70.66250196097344,23,5,1,-0.2588190451025215,0.965925826289068,-0.9749279121818236,-0.2225209339563146,0.4999999999999999,0.8660254037844387,0.0,0.0,0.0,5.949999999999999,9.35,85.5,87.5,-8.25,2.667218,0.0,-6.550000000000001,19.327777790000003,26.7,26.966666666666665,26.4,26.35,27.1,-19.302962973333333,-0.1037037166666685,-0.0166666666666666,-0.1733333333333333,-0.0813333333333333,19.20061729333333,-0.155777777777776,4.4519525,4.405008,4.4635863,4.335593,4.5003524,0,0.0,1,1.0,-0.91,22.5,77.5
2023-01-28 23:45:00,127.070472694438,0.0,0.0,19.327777790000003,-0.0813333333333333,27.1,0,5.1764362714980825,70.66250196097344,23,5,1,-0.2588190451025215,0.965925826289068,-0.9749279121818236,-0.2225209339563146,0.4999999999999999,0.8660254037844387,0.0,0.0,0.0,6.025,9.525,92.75,88.25,-8.325,2.6559615,0.0,-6.7250000000000005,19.088888883333333,27.15,26.7,26.966666666666665,26.4,26.716666666666665,-19.409111123333336,0.2148148166666708,0.1086666666666666,-0.19,0.138,19.21913581777778,-0.1482222222222204,4.5003524,4.4519525,4.405008,4.4635863,4.374682,1,1.0,1,0.75,-0.86,20.6,79.4
2023-01-29 00:00:00,219.90898095556,100.9251295,101.00318196111,19.088888883333333,0.138,26.716666666666665,2,5.1764362714980825,70.66250196097344,0,6,1,0.0,1.0,-0.7818314824680299,0.6234898018587334,0.4999999999999999,0.8660254037844387,0.0,0.0,0.0,6.1,9.7,100.0,89.0,-8.4,2.6445096,0.0,-6.9,19.01111111,27.1,27.15,26.7,26.966666666666665,27.05,-18.95088888333333,-0.2388889066666699,0.2193333333333333,-0.0813333333333333,0.2626666666666667,19.17654321555556,-0.0444444444444426,4.374682,4.5003524,4.4519525,4.405008,4.4089856,0,1.0,1,0.75,-0.92,22.8,77.2
2023-01-29 00:15:00,256.121143794438,129.458988116666,129.540373794442,19.01111111,0.2626666666666667,27.05,2,5.1764362714980825,70.66250196097344,0,6,1,0.0,1.0,-0.7818314824680299,0.6234898018587334,0.4999999999999999,0.8660254037844387,0.0,0.0,0.0,6.275,10.075,98.75,89.0,-8.15,2.6932323,0.0,-6.65,19.164814816666667,26.716666666666665,27.1,27.15,26.7,27.28333333333333,-18.748444443333334,-0.0777777733333309,0.1246666666666667,0.138,0.3653333333333333,19.142592594444448,0.1064444444444462,4.4089856,4.374682,4.5003524,4.4519525,4.4875126,0,1.0,0,0.75,-0.93,23.4,76.6
2023-01-29 00:30:00,197.041284683334,50.6763062,50.7513032,19.164814816666667,0.3653333333333333,27.28333333333333,1,5.1764362714980825,70.66250196097344,0,6,1,0.0,1.0,-0.7818314824680299,0.6234898018587334,0.4999999999999999,0.8660254037844387,0.0,0.0,0.0,6.449999999999999,10.45,97.5,89.0,-7.9,2.7427442,0.0,-6.4,19.10555559,27.05,26.716666666666665,27.1,27.15,26.7,-18.79948148333333,0.1537037066666648,0.1026666666666666,0.2626666666666667,0.484,19.088271603333336,0.2553333333333351,4.4875126,4.4089856,4.374682,4.5003524,4.3762517,0,1.0,1,0.75,-0.9,22.0,78.0
2023-01-29 00:45:00,194.916647488888,58.9718077,59.046249188888,19.10555559,0.484,26.7,1,5.1764362714980825,70.66250196097344,0,6,1,0.0,1.0,-0.7818314824680299,0.6234898018587334,0.4999999999999999,0.8660254037844387,0.0,0.0,0.0,6.625,10.825,96.25,89.0,-7.65,2.7930558,0.0,-6.15,18.981481486666667,27.28333333333333,27.05,26.716666666666665,27.1,27.15,-18.62155559,-0.0592592266666649,0.1186666666666666,0.3653333333333333,0.4986666666666667,19.093827172222223,0.3706666666666685,4.3762517,4.4875126,4.4089856,4.374682,4.417552,0,0.0,0,1.0,-0.91,22.6,77.4
2023-01-29 01:00:00,270.67500598333,146.158875644444,146.24137236111,18.981481486666667,0.4986666666666667,27.15,2,5.1764362714980825,70.66250196097344,1,6,1,0.2588190451025207,0.9659258262890684,-0.7818314824680299,0.6234898018587334,0.4999999999999999,0.8660254037844387,0.0,0.0,0.0,6.8,11.2,95.0,89.0,-7.4,2.844179,0.0,-5.9,19.23888887,26.7,27.28333333333333,27.05,26.716666666666665,27.15,-18.48281482,-0.124074103333335,0.0146666666666667,0.484,0.416,19.08395063111111,0.4493333333333351,4.417552,4.3762517,4.4875126,4.4089856,4.485118,0,0.0,1,1.0,-0.94,23.7,76.3
2023-01-29 01:15:00,151.09006722222398,15.04300933889,15.107728983334,19.23888887,0.416,27.15,1,5.1764362714980825,70.66250196097344,1,6,1,0.2588190451025207,0.9659258262890684,-0.7818314824680299,0.6234898018587334,0.4999999999999999,0.8660254037844387,0.0,0.0,0.0,7.7,12.0,89.25,89.0,-7.725,2.7728348,0.0,-6.25,19.053703726666665,27.15,26.7,27.28333333333333,27.05,27.183333333333334,-18.82288887,0.2574073833333337,-0.0826666666666666,0.4986666666666667,0.274,19.108641982222224,0.466222222222224,4.485118,4.417552,4.3762517,4.4875126,4.4418654,0,0.0,1,1.0,-0.88,21.4,78.6
2023-01-29 01:30:00,260.10903972222,136.695087527778,136.773417777776,19.053703726666665,0.274,27.183333333333334,2,5.1764362714980825,70.66250196097344,1,6,1,0.2588190451025207,0.9659258262890684,-0.7818314824680299,0.6234898018587334,0.4999999999999999,0.8660254037844387,0.0,0.0,0.0,8.6,12.8,83.5,89.0,-8.05,2.703071,0.0,-6.6,19.21666668,27.15,27.15,26.7,27.28333333333333,27.5,-18.779703726666664,-0.1851851433333351,-0.142,0.416,0.376,19.091358027777776,0.396222222222224,4.4418654,4.485118,4.417552,4.3762517,4.5369925,0,0.0,1,1.0,-0.92,23.0,77.0
2023-01-29 01:45:00,286.647978022224,165.723648555556,165.805589711112,19.21666668,0.376,27.5,2,5.1764362714980825,70.66250196097344,1,6,1,0.2588190451025207,0.9659258262890684,-0.7818314824680299,0.6234898018587334,0.4999999999999999,0.8660254037844387,0.0,0.0,0.0,9.5,13.6,77.75,89.0,-8.375,2.6348588,0.0,-6.95,19.42407406333333,27.183333333333334,27.15,27.15,26.7,27.133333333333333,-18.84066668,0.1629629533333343,0.102,0.274,0.52,19.169753092222223,0.3553333333333351,4.5369925,4.4418654,4.485118,4.417552,4.5314937,0,0.0,0,1.0,-0.88,21.5,78.5
2023-01-29 02:00:00,143.942297711108,0.0,0.0,19.42407406333333,0.52,27.133333333333333,0,5.1764362714980825,70.66250196097344,2,6,1,0.4999999999999999,0.8660254037844387,-0.7818314824680299,0.6234898018587334,0.4999999999999999,0.8660254037844387,0.0,0.0,0.0,10.4,14.4,72.0,89.0,-8.7,2.5681677,0.0,-7.3,19.1111111,27.5,27.183333333333334,27.15,27.15,26.9,-18.904074063333333,0.2074073833333329,0.1439999999999999,0.376,0.448,19.23148149,0.3900000000000018,4.5314937,4.5369925,4.4418654,4.485118,4.4104767,1,1.0,1,0.75,-0.84,19.8,80.2
2023-01-29 02:15:00,242.93194916666,111.188885616666,111.267493655552,19.1111111,0.448,26.9,2,5.1764362714980825,70.66250196097344,2,6,1,0.4999999999999999,0.8660254037844387,-0.7818314824680299,0.6234898018587334,0.4999999999999999,0.8660254037844387,0.0,0.0,0.0,9.775,14.5,74.25,88.75,-8.549999999999999,2.5987718,0.0,-7.1,19.205555553333333,27.133333333333333,27.5,27.183333333333334,27.15,27.466666666666665,-18.6631111,-0.3129629633333302,-0.072,0.52,0.7226666666666667,19.250617281111115,0.4480000000000018,4.4104767,4.5314937,4.5369925,4.4418654,4.5285273,0,1.0,1,0.75,-0.91,22.5,77.5
2023-01-29 02:30:00,220.27646633889,95.077863383334,95.156749144444,19.205555553333333,0.7226666666666667,27.466666666666665,2,5.1764362714980825,70.66250196097344,2,6,1,0.4999999999999999,0.8660254037844387,-0.7818314824680299,0.6234898018587334,0.4999999999999999,0.8660254037844387,0.0,0.0,0.0,9.15,14.6,76.5,88.5,-8.399999999999999,2.6296527,0.0,-6.9,19.28333335,26.9,27.133333333333333,27.5,27.183333333333334,27.15,-18.482888886666668,0.094444453333331,0.2746666666666666,0.448,0.7420000000000001,19.246913572222223,0.5635555555555574,4.5285273,4.4104767,4.5314937,4.5369925,4.496873,0,1.0,0,0.75,-0.89,21.6,78.4
2023-01-29 02:45:00,160.041098133332,37.0126861,37.083516583334,19.28333335,0.7420000000000001,27.15,1,5.1764362714980825,70.66250196097344,2,6,1,0.4999999999999999,0.8660254037844387,-0.7818314824680299,0.6234898018587334,0.4999999999999999,0.8660254037844387,0.0,0.0,0.0,8.525,14.7,78.75,88.25,-8.25,2.660812,0.0,-6.7,19.059259256666667,27.466666666666665,26.9,27.133333333333333,27.5,27.183333333333334,-18.54133335,0.0777777966666661,0.0193333333333334,0.7226666666666667,0.6053333333333334,19.200000001111118,0.6375555555555574,4.496873,4.5285273,4.4104767,4.5314937,4.4433227,0,1.0,1,0.75,-0.87,21.0,79.0
2023-01-29 03:00:00,261.79674996111,142.211533544444,142.29458582222,19.059259256666667,0.6053333333333334,27.183333333333334,2,5.1764362714980825,70.66250196097344,3,6,1,0.7071067811865476,0.7071067811865476,-0.7818314824680299,0.6234898018587334,0.4999999999999999,0.8660254037844387,0.0,0.0,0.0,7.9,14.8,81.0,88.0,-8.1,2.6922507,0.0,-6.5,19.23888887,27.15,27.466666666666665,26.9,27.133333333333333,27.15,-18.453925923333333,-0.224074093333332,-0.1366666666666667,0.7420000000000001,0.448,19.182716053333333,0.6900000000000018,4.4433227,4.496873,4.5285273,4.4104767,4.485118,0,0.0,1,1.0,-0.92,23.0,77.0
2023-01-29 03:15:00,127.472956427778,0.0,0.0,19.23888887,0.448,27.15,0,5.1764362714980825,70.66250196097344,3,6,1,0.7071067811865476,0.7071067811865476,-0.7818314824680299,0.6234898018587334,0.4999999999999999,0.8660254037844387,0.0,0.0,0.0,7.225,14.425,85.0,86.75,-7.675,2.777302,0.0,-5.875,19.03333334,27.183333333333334,27.15,27.466666666666665,26.9,27.183333333333334,-18.79088887,0.1796296133333328,-0.1573333333333333,0.6053333333333334,0.2226666666666666,19.19382715888889,0.5984444444444462,4.485118,4.4433227,4.496873,4.5285273,4.4365315,1,1.0,1,0.75,-0.88,21.4,78.6
2023-01-29 03:30:00,245.79961203889,120.754614055556,120.834333083334,19.03333334,0.2226666666666666,27.183333333333334,2,5.1764362714980825,70.66250196097344,3,6,1,0.7071067811865476,0.7071067811865476,-0.7818314824680299,0.6234898018587334,0.4999999999999999,0.8660254037844387,0.0,0.0,0.0,6.550000000000001,14.05,89.0,85.5,-7.25,2.8637443,0.0,-5.25,19.18333333,27.15,27.183333333333334,27.15,27.466666666666665,27.45,-18.810666673333333,-0.2055555300000016,-0.2253333333333333,0.448,0.1486666666666666,19.110493822222224,0.4253333333333351,4.4365315,4.485118,4.4433227,4.496873,4.5198574,0,1.0,1,0.75,-0.93,23.2,76.8
2023-01-29 03:45:00,225.5109792,86.73014173889,86.80763872221999,19.18333333,0.1486666666666666,27.45,2,5.1764362714980825,70.66250196097344,3,6,1,0.7071067811865476,0.7071067811865476,-0.7818314824680299,0.6234898018587334,0.4999999999999999,0.8660254037844387,0.0,0.0,0.0,5.875,13.675,93.0,84.25,-6.825,2.9515278,0.0,-4.625,19.227777776666663,27.183333333333334,27.15,27.183333333333334,27.15,27.03333333333333,-19.034666663333333,0.1499999900000013,-0.074,0.2226666666666666,0.1386666666666666,19.15185184666667,0.2731111111111129,4.5198574,4.4365315,4.485118,4.4433227,4.462921,0,1.0,0,0.75,-0.89,21.8,78.2
2023-01-29 04:00:00,169.72348858888802,40.318942744444,40.392273177776,19.227777776666663,0.1386666666666666,27.03333333333333,1,5.1764362714980825,70.66250196097344,4,6,1,0.8660254037844386,0.5000000000000001,-0.7818314824680299,0.6234898018587334,0.4999999999999999,0.8660254037844387,0.0,0.0,0.0,5.2,13.3,97.0,83.0,-6.4,3.0405996,0.0,-4.0,19.0388889,27.45,27.183333333333334,27.15,27.183333333333334,27.35,-19.08911111,0.0444444466666631,-0.01,0.1486666666666666,0.1646666666666666,19.14814814888889,0.1700000000000018,4.462921,4.5198574,4.4365315,4.485118,4.465197,0,1.0,1,0.75,-0.88,21.5,78.5
2023-01-29 04:15:00,262.714490900004,146.192207627778,146.276648733332,19.0388889,0.1646666666666666,27.35,2,5.1764362714980825,70.66250196097344,4,6,1,0.8660254037844386,0.5000000000000001,-0.7818314824680299,0.6234898018587334,0.4999999999999999,0.8660254037844387,0.0,0.0,0.0,5.675,12.575,97.75,83.0,-6.25,3.078745,0.0,-3.825,19.207407386666667,27.03333333333333,27.45,27.183333333333334,27.15,27.133333333333333,-18.87422223333333,-0.1888888766666632,0.026,0.1386666666666666,0.2,19.150000002222225,0.1506666666666684,4.465197,4.462921,4.5198574,4.4365315,4.4740586,0,0.0,1,1.0,-0.93,23.1,76.9
2023-01-29 04:30:00,132.459979288884,0.0,0.0,19.207407386666667,0.2,27.133333333333333,0,5.1764362714980825,70.66250196097344,4,6,1,0.8660254037844386,0.5000000000000001,-0.7818314824680299,0.6234898018587334,0.4999999999999999,0.8660254037844387,0.0,0.0,0.0,6.15,11.85,98.5,83.0,-6.1,3.1173105,0.0,-3.65,19.0333333,27.35,27.03333333333333,27.45,27.183333333333334,26.9,-19.007407386666667,0.1685184866666667,0.0353333333333333,0.1646666666666666,0.204,19.15802468777778,0.1677777777777795,4.4740586,4.465197,4.462921,4.5198574,4.3902893,1,1.0,1,0.75,-0.89,21.7,78.3
2023-01-29 04:45:00,217.54546458333,102.498399916666,102.57700792222,19.0333333,0.204,26.9,2,5.1764362714980825,70.66250196097344,4,6,1,0.8660254037844386,0.5000000000000001,-0.7818314824680299,0.6234898018587334,0.4999999999999999,0.8660254037844387,0.0,0.0,0.0,6.625,11.125,99.25,83.0,-5.95,3.1563005,0.0,-3.475,19.11851850333333,27.133333333333333,27.35,27.03333333333333,27.45,27.28333333333333,-18.8293333,-0.1740740866666676,0.004,0.2,0.3133333333333333,19.093209862222224,0.1895555555555573,4.3902893,4.4740586,4.465197,4.462921,4.475282,0,1.0,1,0.75,-0.93,23.2,76.8
2023-01-29 05:00:00,215.926918227774,99.285472888888,99.364636438886,19.11851850333333,0.3133333333333333,27.28333333333333,2,5.1764362714980825,70.66250196097344,5,6,1,0.9659258262890684,0.2588190451025207,-0.7818314824680299,0.6234898018587334,0.4999999999999999,0.8660254037844387,0.0,0.0,0.0,7.1,10.4,100.0,83.0,-5.8,3.1957178,0.0,-3.3,19.22777775,26.9,27.133333333333333,27.35,27.03333333333333,26.7,-18.80518517,0.0851852033333351,0.1093333333333333,0.204,0.31,19.11975306333333,0.2391111111111129,4.475282,4.3902893,4.4740586,4.465197,4.4078918,0,1.0,0,0.75,-0.91,22.4,77.6
2023-01-29 05:15:00,178.716462172222,35.3085876,35.379695905554,19.22777775,0.31,26.7,1,5.1764362714980825,70.66250196097344,5,6,1,0.9659258262890684,0.2588190451025207,-0.7818314824680299,0.6234898018587334,0.4999999999999999,0.8660254037844387,0.0,0.0,0.0,7.425,10.675,99.75,81.0,-5.875,3.1800165,0.0,-3.025,19.00370369333333,27.28333333333333,26.9,27.133333333333333,27.35,27.15,-18.91777775,0.1092592466666637,-0.0033333333333333,0.3133333333333333,0.2813333333333334,19.126543184444447,0.2757777777777796,4.4078918,4.475282,4.3902893,4.4740586,4.4233513,0,1.0,1,0.75,-0.89,21.6,78.4
2023-01-29 05:30:00,207.046717783334,138.120863811112,138.147529411112,19.00370369333333,0.2813333333333334,27.15,2,5.1764362714980825,70.66250196097344,5,6,1,0.9659258262890684,0.2588190451025207,-0.7818314824680299,0.6234898018587334,0.4999999999999999,0.8660254037844387,0.0,0.0,0.0,7.75,10.95,99.5,79.0,-5.949999999999999,3.1623178,0.0,-2.75,19.22777777,26.7,27.28333333333333,26.9,27.133333333333333,27.1,-18.72237036,-0.2240740566666659,-0.0286666666666666,0.31,0.3073333333333333,19.11666664888889,0.3015555555555573,4.4233513,4.4078918,4.475282,4.3902893,4.4739275,0,0.0,1,1.0,-0.93,23.5,76.5
2023-01-29 05:45:00,60.02704332222,12.756156416666002,12.766711544444,19.22777777,0.3073333333333333,27.1,1,5.1764362714980825,70.66250196097344,5,6,1,0.9659258262890684,0.2588190451025207,-0.7818314824680299,0.6234898018587334,0.4999999999999999,0.8660254037844387,0.0,0.0,0.0,8.075,11.225,99.25,77.0,-6.025,3.1425593,0.0,-2.475,19.04444444,27.15,26.7,27.28333333333333,26.9,26.716666666666665,-18.920444436666667,0.2240740766666675,0.0259999999999999,0.2813333333333334,0.6066666666666667,19.153086404444444,0.2995555555555573,4.4739275,4.4233513,4.4078918,4.475282,4.3632283,0,0.0,1,1.0,-0.88,21.5,78.5
2023-01-29 06:00:00,140.596042566668,89.152544872222,89.171155277776,19.04444444,0.6066666666666667,26.716666666666665,2,5.1764362714980825,70.66250196097344,6,6,1,1.0,6.123233995736766e-17,-0.7818314824680299,0.6234898018587334,0.4999999999999999,0.8660254037844387,0.0,0.0,0.0,8.4,11.5,99.0,75.0,-6.1,3.1206746,0.0,-2.2,19.09444447,27.1,27.15,26.7,27.28333333333333,26.95,-18.43777777333333,-0.1833333299999999,0.2993333333333333,0.3073333333333333,2.112,19.091975301111116,0.3984444444444462,4.3632283,4.4739275,4.4233513,4.4078918,4.414335,0,0.0,1,1.0,-0.93,23.2,76.8
2023-01-29 06:15:00,123.242292411108,72.211000311112,72.227666311112,19.09444447,2.112,26.95,2,5.1764362714980825,70.66250196097344,6,6,1,1.0,6.123233995736766e-17,-0.7818314824680299,0.6234898018587334,0.4999999999999999,0.8660254037844387,0.0,0.0,0.0,8.65,12.85,99.25,74.5,-5.85,3.1768668,0.0,-1.85,19.168518533333334,26.716666666666665,27.1,27.15,26.7,26.53333333333333,-16.982444469999997,0.0500000299999996,1.5053333333333334,0.6066666666666667,4.184666666666667,19.12222222666667,1.0086666666666686,4.414335,4.3632283,4.4739275,4.4233513,4.365108,0,0.0,0,1.0,-0.92,22.7,77.3
2023-01-29 06:30:00,78.7893483,34.591671827778,34.605282433332,19.168518533333334,4.184666666666667,26.53333333333333,1,5.1764362714980825,70.66250196097344,6,6,1,1.0,6.123233995736766e-17,-0.7818314824680299,0.6234898018587334,0.4999999999999999,0.8660254037844387,0.0,0.0,0.0,8.9,14.2,99.5,74.0,-5.6,3.2336893,0.0,-1.5,18.95555556,26.95,26.716666666666665,27.1,27.15,26.85,-14.983851866666669,0.0740740633333345,2.0726666666666667,2.112,5.867333333333334,19.10246914777778,2.3011111111111133,4.365108,4.414335,4.3632283,4.4739275,4.3620586,0,0.0,1,1.0,-0.9,22.1,77.9
2023-01-29 06:45:00,174.456354700004,118.409985644444,118.4310959,18.95555556,5.867333333333334,26.85,2,5.1764362714980825,70.66250196097344,6,6,1,1.0,6.123233995736766e-17,-0.7818314824680299,0.6234898018587334,0.4999999999999999,0.8660254037844387,0.0,0.0,0.0,9.15,15.55,99.75,73.5,-5.35,3.2911382,0.0,-1.15,19.17962963,26.53333333333333,26.95,26.716666666666665,27.1,26.816666666666663,-13.088222226666666,-0.2129629733333331,1.682666666666667,4.184666666666667,6.171333333333334,19.072839521111117,4.054666666666669,4.3620586,4.365108,4.414335,4.3632283,4.414611,0,0.0,1,1.0,-0.95,24.0,76.0
2023-01-29 07:00:00,74.0953694,0.0,0.0,19.17962963,6.171333333333334,26.816666666666663,0,5.1764362714980825,70.66250196097344,7,6,1,0.9659258262890684,-0.2588190451025206,-0.7818314824680299,0.6234898018587334,0.4999999999999999,0.8660254037844387,0.0,0.0,0.0,9.4,16.9,100.0,73.0,-5.1,3.34921,0.0,-0.8,18.97222224,26.85,26.53333333333333,26.95,26.716666666666665,26.85,-13.008296296666668,0.2240740700000003,0.3040000000000002,5.867333333333334,6.376666666666667,19.101234574444444,5.40777777777778,4.414611,4.3620586,4.365108,4.414335,4.3663526,1,1.0,1,0.75,-0.9,22.0,78.0
2023-01-29 07:15:00,125.19832511667,74.3820246,74.400357233332,18.97222224,6.376666666666667,26.85,2,5.1764362714980825,70.66250196097344,7,6,1,0.9659258262890684,-0.2588190451025206,-0.7818314824680299,0.6234898018587334,0.4999999999999999,0.8660254037844387,0.0,0.0,0.0,12.45,21.225,100.0,69.25,-4.55,3.4932225,0.0,0.575,19.01111111,26.816666666666663,26.85,26.53333333333333,26.95,27.0,-12.595555573333334,-0.2074073900000002,0.2053333333333329,6.171333333333334,6.484,19.035802476666667,6.138444444444446,4.3663526,4.414611,4.3620586,4.365108,4.4008365,0,1.0,1,0.75,-0.94,23.8,76.2
2023-01-29 07:30:00,128.83067981667,85.474636427778,85.494635627778,19.01111111,6.484,27.0,2,5.1764362714980825,70.66250196097344,7,6,1,0.9659258262890684,-0.2588190451025206,-0.7818314824680299,0.6234898018587334,0.4999999999999999,0.8660254037844387,0.0,0.0,0.0,15.5,25.55,100.0,65.5,-4.0,3.628771,0.0,1.95,19.194444420000004,26.85,26.816666666666663,26.85,26.53333333333333,26.7,-12.527111110000002,0.0388888700000009,0.107333333333333,6.376666666666667,6.668666666666667,19.05432099333333,6.344000000000002,4.4008365,4.3663526,4.414611,4.3620586,4.3992434,0,1.0,0,0.75,-0.93,23.4,76.6
2023-01-29 07:45:00,66.645944988896,12.455890627778,12.467001283334,19.194444420000004,6.668666666666667,26.7,1,5.1764362714980825,70.66250196097344,7,6,1,0.9659258262890684,-0.2588190451025206,-0.7818314824680299,0.6234898018587334,0.4999999999999999,0.8660254037844387,0.0,0.0,0.0,18.55,29.875,100.0,61.75,-3.45,3.7531872,0.0,3.325,18.96296292,27.0,26.85,26.816666666666663,26.85,26.966666666666665,-12.525777753333337,0.1833333100000018,0.1846666666666667,6.484,6.623333333333333,19.05925925666667,6.5097777777777805,4.3992434,4.4008365,4.3663526,4.414611,4.3829293,0,1.0,1,0.75,-0.89,21.9,78.1
2023-01-29 08:00:00,161.122443727778,116.796439072222,116.818938172222,18.96296292,6.623333333333333,26.966666666666665,2,5.1764362714980825,70.66250196097344,8,6,1,0.8660254037844387,-0.4999999999999998,-0.7818314824680299,0.6234898018587334,0.4999999999999999,0.8660254037844387,0.0,0.0,0.0,21.6,34.2,100.0,58.0,-2.9,3.8634653,0.0,4.7,19.16111111,26.7,27.0,26.85,26.816666666666663,27.0,-12.339629586666666,-0.2314815000000045,-0.0453333333333336,6.668666666666667,6.5873333333333335,19.05617281666667,6.592000000000002,4.3829293,4.3992434,4.4008365,4.3663526,4.4399424,0,0.0,1,1.0,-0.95,23.9,76.1
2023-01-29 08:15:00,63.613010811116,15.201614094446,15.213835805558,19.16111111,6.5873333333333335,27.0,1,5.1764362714980825,70.66250196097344,8,6,1,0.8660254037844387,-0.4999999999999998,-0.7818314824680299,0.6234898018587334,0.4999999999999999,0.8660254037844387,1.0,0.25,0.0833333333333333,20.825000000000003,36.725,100.0,57.75,-2.8,3.8916345,0.0,4.875,19.04074074,26.966666666666665,26.7,27.0,26.85,27.0,-12.573777776666669,0.1981481900000012,-0.0359999999999995,6.623333333333333,6.77,19.10617281666667,6.626444444444446,4.4399424,4.3829293,4.3992434,4.4008365,4.408537,0,0.0,1,1.0,-0.9,22.1,77.9
2023-01-29 08:30:00,133.889921888892,67.584518727778,67.6006292,19.04074074,6.77,27.0,1,5.1764362714980825,70.66250196097344,8,6,1,0.8660254037844387,-0.4999999999999998,-0.7818314824680299,0.6234898018587334,0.4999999999999999,0.8660254037844387,2.0,0.75,0.25,20.05,39.25,100.0,57.5,-2.7,3.9198706,0.0,5.050000000000001,19.02777781,27.0,26.966666666666665,26.7,27.0,27.3,-12.27074074,-0.1203703699999998,0.1826666666666661,6.5873333333333335,6.919333333333333,19.054938256666667,6.660222222222224,4.408537,4.4399424,4.3829293,4.3992434,4.4541125,0,0.0,0,1.0,-0.93,23.2,76.8
2023-01-29 08:45:00,134.007695011112,74.844783872222,74.863672,19.02777781,6.919333333333333,27.3,2,5.1764362714980825,70.66250196097344,8,6,1,0.8660254037844387,-0.4999999999999998,-0.7818314824680299,0.6234898018587334,0.4999999999999999,0.8660254037844387,3.0,1.5,0.5,19.275,41.775,100.0,57.25,-2.6,3.9481702,0.0,5.2250000000000005,19.161111126666665,27.0,27.0,26.966666666666665,26.7,27.03333333333333,-12.108444476666666,-0.0129629300000004,0.1493333333333337,6.77,7.052666666666667,19.07654322,6.75888888888889,4.4541125,4.408537,4.4399424,4.3829293,4.4454236,0,0.0,1,1.0,-0.93,23.2,76.8
2023-01-29 09:00:00,57.452146172226,14.362481027778,14.374147227778,19.161111126666665,7.052666666666667,27.03333333333333,1,5.1764362714980825,70.66250196097344,9,6,1,0.7071067811865476,-0.7071067811865475,-0.7818314824680299,0.6234898018587334,0.4999999999999999,0.8660254037844387,4.0,2.5,0.8333333333333334,18.5,44.3,100.0,57.0,-2.5,3.9765325,0.0,5.4,18.91111109,27.3,27.0,27.0,26.966666666666665,27.05,-12.108444459999998,0.1333333166666648,0.1333333333333337,6.919333333333333,7.116666666666666,19.07654322555556,6.9140000000000015,4.4454236,4.4541125,4.408537,4.4399424,4.3830323,0,0.0,1,1.0,-0.9,22.1,77.9
2023-01-29 09:15:00,160.988837955556,113.954330511112,113.976829627778,18.91111109,7.116666666666666,27.05,2,5.1764362714980825,70.66250196097344,9,6,1,0.7071067811865476,-0.7071067811865475,-0.7818314824680299,0.6234898018587334,0.4999999999999999,0.8660254037844387,7.25,4.0625,1.4375,18.2,42.675,100.0,57.25,-2.325,4.0269737,0.0,5.525,19.15370370333333,27.03333333333333,27.3,27.0,27.0,27.28333333333333,-11.794444423333337,-0.2500000366666626,0.0639999999999991,7.052666666666667,6.953333333333333,19.033333342222225,7.029555555555557,4.3830323,4.4454236,4.4541125,4.408537,4.484575,0,0.0,1,1.0,-0.96,24.3,75.7
2023-01-29 09:30:00,70.77355777778,21.980231872222003,21.992731355556003,19.15370370333333,6.953333333333333,27.28333333333333,1,5.1764362714980825,70.66250196097344,9,6,1,0.7071067811865476,-0.7071067811865475,-0.7818314824680299,0.6234898018587334,0.4999999999999999,0.8660254037844387,10.5,6.1875,2.3125,17.9,41.05,100.0,57.5,-2.15,4.077942,0.0,5.65,19.07222223,27.05,27.03333333333333,27.3,27.0,27.0,-12.200370370000002,0.2425926133333327,-0.1633333333333331,7.116666666666666,7.057333333333333,19.075308640000003,7.04088888888889,4.484575,4.3830323,4.4454236,4.4541125,4.4167314,0,0.0,1,1.0,-0.9,22.1,77.9
2023-01-29 09:45:00,100.97957165556,49.742454655556,49.757731811112,19.07222223,7.057333333333333,27.0,1,5.1764362714980825,70.66250196097344,9,6,1,0.7071067811865476,-0.7071067811865475,-0.7818314824680299,0.6234898018587334,0.4999999999999999,0.8660254037844387,13.75,8.875,3.458333333333333,17.6,39.425,100.0,57.75,-1.975,4.129442,0.0,5.775,18.998148166666667,27.28333333333333,27.05,27.03333333333333,27.3,27.0,-12.014888896666667,-0.0814814733333335,0.104,6.953333333333333,7.306666666666667,19.04567900777778,7.042444444444446,4.4167314,4.484575,4.3830323,4.4454236,4.3974705,0,0.0,0,1.0,-0.92,22.9,77.1
2023-01-29 10:00:00,149.338748427778,85.880731283334,85.900730466668,18.998148166666667,7.306666666666667,27.0,2,5.1764362714980825,70.66250196097344,10,6,1,0.4999999999999999,-0.8660254037844387,-0.7818314824680299,0.6234898018587334,0.4999999999999999,0.8660254037844387,17.0,12.125,4.875,17.3,37.8,100.0,58.0,-1.8,4.181479,0.0,5.9,19.17777777,27.0,27.28333333333333,27.05,27.03333333333333,27.0,-11.6914815,-0.0740740633333345,0.2493333333333334,7.057333333333333,7.523333333333331,19.07469136666667,7.105777777777779,4.3974705,4.4167314,4.484575,4.3830323,4.4443064,0,0.0,1,1.0,-0.94,23.5,76.5
2023-01-29 10:15:00,58.248780972226,0.0,0.0,19.17777777,7.523333333333331,27.0,0,5.1764362714980825,70.66250196097344,10,6,1,0.4999999999999999,-0.8660254037844387,-0.7818314824680299,0.6234898018587334,0.4999999999999999,0.8660254037844387,21.75,15.75,6.6875,17.85,38.15,100.0,57.75,-1.75,4.1908426,0.0,6.0,18.94259257,27.0,27.0,27.28333333333333,27.05,27.183333333333334,-11.654444436666664,0.179629603333332,0.2166666666666659,7.306666666666667,7.798666666666667,19.082716055555554,7.295777777777779,4.4443064,4.3974705,4.4167314,4.484575,4.4128327,1,1.0,1,0.75,-0.9,21.9,78.1
2023-01-29 10:30:00,133.828535527778,90.8588655,90.879142472222,18.94259257,7.798666666666667,27.183333333333334,2,5.1764362714980825,70.66250196097344,10,6,1,0.4999999999999999,-0.8660254037844387,-0.7818314824680299,0.6234898018587334,0.4999999999999999,0.8660254037844387,26.5,19.75,8.895833333333334,18.4,38.5,100.0,57.5,-1.7000000000000002,4.200124,0.0,6.1,19.05555555,27.0,27.0,27.0,27.28333333333333,27.45,-11.143925903333333,-0.2351852000000001,0.2753333333333341,7.523333333333331,7.518666666666666,19.039506168888888,7.542888888888892,4.4128327,4.4443064,4.3974705,4.4167314,4.4859324,0,1.0,1,0.75,-0.95,24.0,76.0
2023-01-29 10:45:00,235.51530117778,55.543055988888,55.559166444444,19.05555555,7.518666666666666,27.45,1,5.1764362714980825,70.66250196097344,10,6,1,0.4999999999999999,-0.8660254037844387,-0.7818314824680299,0.6234898018587334,0.4999999999999999,0.8660254037844387,31.25,24.125,11.5,18.95,38.85,100.0,57.25,-1.65,4.209326,0.0,6.2,19.11296293333333,27.183333333333334,27.0,27.0,27.0,27.216666666666665,-11.536888883333337,0.1129629800000024,-0.2800000000000002,7.798666666666667,7.164,19.058641963333333,7.613555555555557,4.4859324,4.4128327,4.4443064,4.3974705,4.462885,0,1.0,1,0.75,-0.92,22.9,77.1
2023-01-29 11:00:00,1222.45054435556,30.943762183334,30.959039355556,19.11296293333333,7.164,27.216666666666665,1,5.1764362714980825,70.66250196097344,11,6,1,0.258819045102521,-0.9659258262890682,-0.7818314824680299,0.6234898018587334,0.4999999999999999,0.8660254037844387,36.0,28.875,14.5,19.5,39.2,100.0,57.0,-1.6,4.2184434,0.0,6.3,18.97222218,27.45,27.183333333333334,27.0,27.0,29.75,-11.948962933333332,0.0574073833333308,-0.3546666666666667,7.518666666666666,6.939333333333334,19.037037017777777,7.49377777777778,4.462885,4.4859324,4.4128327,4.4443064,4.837951,0,1.0,0,0.75,-0.91,22.5,77.5
2023-01-29 11:15:00,216.340234994442,103.271424527778,103.293923627778,18.97222218,6.939333333333334,29.75,2,5.1764362714980825,70.66250196097344,11,6,1,0.258819045102521,-0.9659258262890682,-0.7818314824680299,0.6234898018587334,0.4999999999999999,0.8660254037844387,43.5,34.3125,18.041666666666668,19.7,40.3,100.0,57.25,-1.5,4.250814,0.025,6.35,19.20370368,27.216666666666665,27.45,27.183333333333334,27.0,31.9,-12.032888846666664,-0.1407407533333327,-0.2246666666666659,7.164,6.736666666666666,19.046913554444444,7.207333333333335,4.837951,4.462885,4.4859324,4.4128327,5.2588935,0,0.0,1,1.0,-0.93,23.2,76.8
2023-01-29 11:30:00,68.59558943333201,0.0,0.0,19.20370368,6.736666666666666,31.9,0,5.1764362714980825,70.66250196097344,11,6,1,0.258819045102521,-0.9659258262890682,-0.7818314824680299,0.6234898018587334,0.4999999999999999,0.8660254037844387,51.0,40.4375,22.125,19.9,41.400000000000006,100.0,57.5,-1.4,4.283346,0.05,6.4,19.02222219,29.75,27.216666666666665,27.45,27.183333333333334,32.45,-12.467037013333334,0.231481500000001,-0.2026666666666674,6.939333333333334,6.551333333333333,19.096296264444447,6.946666666666668,5.2588935,4.837951,4.462885,4.4859324,5.2926216,1,1.0,1,0.75,-0.86,20.7,79.3
2023-01-29 11:45:00,102.925882783334,53.071765944444,53.087598627778,19.02222219,6.551333333333333,32.45,1,5.1764362714980825,70.66250196097344,11,6,1,0.258819045102521,-0.9659258262890682,-0.7818314824680299,0.6234898018587334,0.4999999999999999,0.8660254037844387,58.5,47.25,26.75,20.1,42.5,100.0,57.75,-1.3,4.3160396,0.075,6.45,18.99444446,31.9,29.75,27.216666666666665,27.45,33.61666666666667,-12.470888856666663,-0.181481490000003,-0.1853333333333333,6.736666666666666,6.3806666666666665,19.06604935,6.742444444444447,5.2926216,5.2588935,4.837951,4.462885,5.4739246,0,1.0,1,0.75,-0.9,22.2,77.8
2023-01-29 12:00:00,123.114519422232,80.37289603889,80.391784150002,18.99444446,6.3806666666666665,33.61666666666667,2,5.1764362714980825,70.66250196097344,12,6,1,1.2246467991473532e-16,-1.0,-0.7818314824680299,0.6234898018587334,0.4999999999999999,0.8660254037844387,66.0,54.75,31.916666666666668,20.3,43.6,100.0,58.0,-1.2,4.3488955,0.1,6.5,19.14444447,32.45,31.9,29.75,27.216666666666665,34.0,-12.613777793333334,-0.0277777299999968,-0.1706666666666665,6.551333333333333,6.36,19.073456776666664,6.556222222222225,5.4739246,5.2926216,5.2588935,4.837951,5.585548,0,1.0,1,0.75,-0.9,22.2,77.8
2023-01-29 12:15:00,53.250092127778,0.0,0.0,19.14444447,6.36,34.0,0,5.1764362714980825,70.66250196097344,12,6,1,1.2246467991473532e-16,-1.0,-0.7818314824680299,0.6234898018587334,0.4999999999999999,0.8660254037844387,67.25,60.6875,36.91666666666666,19.35,43.4,100.0,58.75,-1.025,4.3979487,0.15,6.475,18.999999993333333,33.61666666666667,32.45,31.9,29.75,34.0,-12.78444447,0.1500000099999994,-0.0206666666666661,6.3806666666666665,6.508,19.053703706666667,6.430666666666668,5.585548,5.4739246,5.2926216,5.2588935,5.5381603,1,2.0,1,0.5,-0.87,20.8,79.2
2023-01-29 12:30:00,223.110797344448,176.512939183334,176.540993644444,18.999999993333333,6.508,34.0,2,5.1764362714980825,70.66250196097344,12,6,1,1.2246467991473532e-16,-1.0,-0.7818314824680299,0.6234898018587334,0.4999999999999999,0.8660254037844387,68.5,65.0625,41.75,18.4,43.2,100.0,59.5,-0.85,4.446829,0.2,6.45,19.35000001,34.0,33.61666666666667,32.45,31.9,33.6,-12.491999993333334,-0.144444476666667,0.1479999999999997,6.36,6.592666666666667,19.04629630777778,6.416222222222224,5.5381603,5.585548,5.4739246,5.2926216,5.587077,0,1.0,1,0.75,-0.9,22.1,77.9
2023-01-29 12:45:00,57.768244627782,0.0,0.0,19.35000001,6.592666666666667,33.6,0,5.1764362714980825,70.66250196097344,12,6,1,1.2246467991473532e-16,-1.0,-0.7818314824680299,0.6234898018587334,0.4999999999999999,0.8660254037844387,69.75,67.875,46.41666666666666,17.45,43.0,100.0,60.25,-0.675,4.4955373,0.25,6.425000000000001,19.24259259,34.0,34.0,33.61666666666667,32.45,33.21666666666667,-12.757333343333332,0.3500000166666659,0.0846666666666671,6.508,6.722,19.164814824444445,6.486888888888892,5.587077,5.5381603,5.585548,5.4739246,5.4885135,1,2.0,1,0.5,-0.82,19.2,80.8
2023-01-29 13:00:00,99.472687649998,34.2686292,34.283628633332,19.24259259,6.722,33.21666666666667,1,5.1764362714980825,70.66250196097344,13,6,1,-0.2588190451025208,-0.9659258262890684,-0.7818314824680299,0.6234898018587334,0.4999999999999999,0.8660254037844387,71.0,69.125,50.91666666666666,16.5,42.8,100.0,61.0,-0.5,4.544072,0.3,6.4,19.08333337,33.6,34.0,34.0,33.61666666666667,33.45,-12.52059259,-0.1074074199999977,0.1293333333333324,6.592666666666667,6.720666666666667,19.197530864444445,6.607555555555558,5.4885135,5.587077,5.5381603,5.585548,5.475427,0,2.0,1,0.5,-0.85,20.2,79.8
2023-01-29 13:15:00,154.829917588892,100.310987416666,100.3318199,19.08333337,6.720666666666667,33.45,2,5.1764362714980825,70.66250196097344,13,6,1,-0.2588190451025208,-0.9659258262890684,-0.7818314824680299,0.6234898018587334,0.4999999999999999,0.8660254037844387,63.75,68.25,54.41666666666666,16.425,41.2,100.0,66.75,0.0999999999999999,4.804421,0.3999999999999999,5.875,19.27407405,33.21666666666667,33.6,34.0,34.0,33.03333333333333,-12.362666703333332,-0.1592592200000027,-0.0013333333333322,6.722,6.818666666666667,19.22530865666667,6.678444444444447,5.475427,5.4885135,5.587077,5.5381603,5.468352,0,1.0,1,0.75,-0.88,21.5,78.5
2023-01-29 13:30:00,46.878680094454,0.0,0.0,19.27407405,6.818666666666667,33.03333333333333,0,5.1764362714980825,70.66250196097344,13,6,1,-0.2588190451025208,-0.9659258262890684,-0.7818314824680299,0.6234898018587334,0.4999999999999999,0.8660254037844387,56.5,65.25,56.91666666666666,16.35,39.6,100.0,72.5,0.7,5.0412383,0.5,5.35,19.06666666,33.45,33.21666666666667,33.6,34.0,33.05,-12.455407383333332,0.1907406800000011,0.0979999999999998,6.720666666666667,7.218666666666667,19.200000003333333,6.75377777777778,5.468352,5.475427,5.4885135,5.587077,5.404635,1,2.0,1,0.5,-0.84,19.9,80.1
2023-01-29 13:45:00,289.951179338886,79.182110355556,79.200720744444,19.06666666,7.218666666666667,33.05,2,5.1764362714980825,70.66250196097344,13,6,1,-0.2588190451025208,-0.9659258262890684,-0.7818314824680299,0.6234898018587334,0.4999999999999999,0.8660254037844387,49.25,60.125,58.41666666666666,16.275,38.0,100.0,78.25,1.3,5.2556663,0.6,4.825,19.12222221,33.03333333333333,33.45,33.21666666666667,33.6,33.28333333333333,-11.847999993333332,-0.2074073900000002,0.3999999999999994,6.818666666666667,7.513333333333334,19.141358026666666,6.919333333333335,5.404635,5.468352,5.475427,5.4885135,5.460654,0,1.0,1,0.75,-0.89,21.7,78.3
2023-01-29 14:00:00,377.452401399996,53.07815453889,53.089820788888,19.12222221,7.513333333333334,33.28333333333333,1,5.1764362714980825,70.66250196097344,14,6,1,-0.4999999999999997,-0.8660254037844388,-0.7818314824680299,0.6234898018587334,0.4999999999999999,0.8660254037844387,42.0,52.875,58.91666666666666,16.2,36.4,100.0,84.0,1.9,5.4488034,0.7,4.3,19.22777775,33.05,33.03333333333333,33.45,33.21666666666667,33.0,-11.608888876666668,0.0555555500000011,0.2946666666666671,7.218666666666667,7.672,19.15432097333333,7.183555555555557,5.460654,5.404635,5.468352,5.475427,5.447956,0,1.0,1,0.75,-0.87,21.2,78.8
2023-01-29 14:15:00,83.72831746666401,0.0,0.0,19.22777775,7.672,33.0,0,5.1764362714980825,70.66250196097344,14,6,1,-0.4999999999999997,-0.8660254037844388,-0.7818314824680299,0.6234898018587334,0.4999999999999999,0.8660254037844387,47.75,48.875,59.270833333333336,16.125,35.225,100.0,84.5,2.1,5.5361233,0.5249999999999999,4.45,18.94259257,33.28333333333333,33.05,33.03333333333333,33.45,33.18333333333333,-11.555777749999995,0.1055555399999974,0.158666666666666,7.513333333333334,7.67,19.13888887333333,7.468000000000003,5.447956,5.460654,5.404635,5.468352,5.386849,1,2.0,1,0.5,-0.85,20.3,79.7
2023-01-29 14:30:00,259.522118849994,104.547484616666,104.56665058333,18.94259257,7.67,33.18333333333333,2,5.1764362714980825,70.66250196097344,14,6,1,-0.4999999999999997,-0.8660254037844388,-0.7818314824680299,0.6234898018587334,0.4999999999999999,0.8660254037844387,53.5,48.125,59.47916666666666,16.05,34.05,100.0,85.0,2.3,5.624576,0.35,4.6,19.08333336,33.0,33.28333333333333,33.05,33.03333333333333,33.55,-11.27259257,-0.2851851799999991,-0.0019999999999997,7.672,7.67,19.09753084333333,7.618444444444446,5.386849,5.447956,5.460654,5.404635,5.491796,0,1.0,1,0.75,-0.92,22.8,77.2
2023-01-29 14:45:00,203.408530033332,33.1511739,33.16172906111,19.08333336,7.67,33.55,1,5.1764362714980825,70.66250196097344,14,6,1,-0.4999999999999997,-0.8660254037844388,-0.7818314824680299,0.6234898018587334,0.4999999999999999,0.8660254037844387,59.25,50.625,59.54166666666666,15.975,32.875,100.0,85.5,2.5,5.7141724,0.175,4.75,19.105555576666667,33.18333333333333,33.0,33.28333333333333,33.05,34.15,-11.413333359999998,0.1407407899999988,0.0,7.67,7.732,19.08456789333333,7.670666666666669,5.491796,5.386849,5.447956,5.460654,5.597341,0,1.0,1,0.75,-0.88,21.4,78.6
2023-01-29 15:00:00,81.629790194446,0.0,0.0,19.105555576666667,7.732,34.15,0,5.1764362714980825,70.66250196097344,15,6,1,-0.7071067811865471,-0.7071067811865479,-0.7818314824680299,0.6234898018587334,0.4999999999999999,0.8660254037844387,65.0,56.375,59.458333333333336,15.9,31.7,100.0,86.0,2.7,5.8049264,0.0,4.9,18.91111112,33.55,33.18333333333333,33.0,33.28333333333333,34.5,-11.373555576666668,0.0222222166666696,0.0620000000000002,7.67,7.703333333333333,19.04382716888889,7.690666666666669,5.597341,5.491796,5.386849,5.447956,5.59019,1,2.0,1,0.5,-0.87,21.1,78.9
2023-01-29 15:15:00,118.609144461106,42.4391357,42.453024094442,18.91111112,7.703333333333333,34.5,1,5.1764362714980825,70.66250196097344,15,6,1,-0.7071067811865471,-0.7071067811865479,-0.7818314824680299,0.6234898018587334,0.4999999999999999,0.8660254037844387,67.5,61.3125,59.47916666666666,16.025,32.15,97.75,85.5,2.8000000000000003,5.83831,0.0,5.075,18.86666668,34.15,33.55,33.18333333333333,33.0,34.5,-11.207777786666664,-0.1944444566666696,-0.028666666666667,7.732,7.706666666666666,19.033333352222225,7.701777777777781,5.59019,5.597341,5.491796,5.386849,5.5755324,0,1.0,1,0.75,-0.92,22.8,77.2
2023-01-29 15:30:00,189.003550755552,120.844888227778,120.8668318,18.86666668,7.706666666666666,34.5,2,5.1764362714980825,70.66250196097344,15,6,1,-0.7071067811865471,-0.7071067811865479,-0.7818314824680299,0.6234898018587334,0.4999999999999999,0.8660254037844387,70.0,65.4375,59.60416666666666,16.15,32.6,95.5,85.0,2.9000000000000004,5.871586,0.0,5.25,19.13888888,34.5,34.15,33.55,33.18333333333333,34.15,-11.160000013333333,-0.0444444399999994,0.0033333333333329,7.703333333333333,7.772,18.96111112555556,7.714000000000002,5.5755324,5.59019,5.597341,5.491796,5.608353,0,1.0,1,0.75,-0.93,23.2,76.8
2023-01-29 15:45:00,77.066639411112,0.0,0.0,19.13888888,7.772,34.15,0,5.1764362714980825,70.66250196097344,15,6,1,-0.7071067811865471,-0.7071067811865479,-0.7818314824680299,0.6234898018587334,0.4999999999999999,0.8660254037844387,72.5,68.75,59.833333333333336,16.275,33.05,93.25,84.5,3.0,5.9047494,0.0,5.425,18.985185196666663,34.5,34.5,34.15,33.55,34.0,-11.36688888,0.2722222000000016,0.0653333333333341,7.706666666666666,7.674,18.972222226666663,7.727333333333335,5.608353,5.5755324,5.59019,5.597341,5.533319,1,2.0,1,0.5,-0.87,20.8,79.2
2023-01-29 16:00:00,139.414701038886,47.196167677776,47.210333811108,18.985185196666663,7.674,34.0,1,5.1764362714980825,70.66250196097344,16,6,1,-0.8660254037844385,-0.5000000000000004,-0.7818314824680299,0.6234898018587334,0.4999999999999999,0.8660254037844387,75.0,71.25,60.16666666666666,16.4,33.5,91.0,84.0,3.1,5.937791,0.0,5.6,18.9,34.15,34.5,34.5,34.15,34.0,-11.311185196666669,-0.1537036833333331,-0.0979999999999998,7.772,7.413333333333333,18.99691358555556,7.717555555555559,5.533319,5.608353,5.5755324,5.59019,5.505558,0,1.0,1,0.75,-0.9,22.2,77.8
2023-01-29 16:15:00,537.64293792222,122.72397976111,122.748145494442,18.9,7.413333333333333,34.0,2,5.1764362714980825,70.66250196097344,16,6,1,-0.8660254037844385,-0.5000000000000004,-0.7818314824680299,0.6234898018587334,0.4999999999999999,0.8660254037844387,89.25,76.6875,62.29166666666666,16.049999999999997,33.675,93.25,82.5,3.0,5.889527,0.0,5.75,19.127777793333333,34.0,34.15,34.5,34.5,34.0,-11.486666666666665,-0.0851851966666679,-0.2606666666666672,7.674,7.185333333333333,19.008024692222225,7.61977777777778,5.505558,5.533319,5.608353,5.5755324,5.5800614,0,1.0,1,0.75,-0.92,23.0,77.0
2023-01-29 16:30:00,70.952995216662,0.0,0.0,19.127777793333333,7.185333333333333,34.0,0,5.1764362714980825,70.66250196097344,16,6,1,-0.8660254037844385,-0.5000000000000004,-0.7818314824680299,0.6234898018587334,0.4999999999999999,0.8660254037844387,103.5,85.0625,66.20833333333333,15.7,33.85,95.5,81.0,2.9000000000000004,5.8396525,0.0,5.9,18.98888886,34.0,34.0,34.15,34.5,34.0,-11.94244446,0.2277777933333347,-0.2279999999999997,7.413333333333333,7.054,19.004320996666667,7.424222222222224,5.5800614,5.505558,5.533319,5.608353,5.53453,1,2.0,1,0.5,-0.87,21.0,79.0
2023-01-29 16:45:00,148.639331972222,69.549717916666,69.565272877776,18.98888886,7.054,34.0,1,5.1764362714980825,70.66250196097344,16,6,1,-0.8660254037844385,-0.5000000000000004,-0.7818314824680299,0.6234898018587334,0.4999999999999999,0.8660254037844387,117.75,96.375,71.91666666666667,15.35,34.025000000000006,97.75,79.5,2.8000000000000003,5.7881436,0.0,6.05,18.99444446,34.0,34.0,34.0,34.15,34.0,-11.93488886,-0.1388889333333338,-0.131333333333333,7.185333333333333,7.0,19.00555555111111,7.217555555555559,5.53453,5.5800614,5.505558,5.533319,5.536345,0,1.0,1,0.75,-0.9,22.2,77.8
2023-01-29 17:00:00,194.866371733332,109.628114683334,109.648947233332,18.99444446,7.0,34.0,2,5.1764362714980825,70.66250196097344,17,6,1,-0.9659258262890684,-0.2588190451025206,-0.7818314824680299,0.6234898018587334,0.4999999999999999,0.8660254037844387,132.0,110.625,79.41666666666667,15.0,34.2,100.0,78.0,2.7,5.7349753,0.0,6.2,19.22222225,34.0,34.0,34.0,34.0,33.7,-11.99444446,0.0055556000000009,-0.0540000000000002,7.054,6.92,19.03703703777778,7.079777777777781,5.536345,5.53453,5.5800614,5.505558,5.5616984,0,1.0,1,0.75,-0.9,22.1,77.9
2023-01-29 17:15:00,90.899419411112,0.0,0.0,19.22222225,6.92,33.7,0,5.1764362714980825,70.66250196097344,17,6,1,-0.9659258262890684,-0.2588190451025206,-0.7818314824680299,0.6234898018587334,0.4999999999999999,0.8660254037844387,104.5,114.4375,84.14583333333333,14.825,33.400000000000006,100.0,78.25,2.625,5.7158213,0.0,6.1,18.988888903333336,34.0,34.0,34.0,34.0,33.96666666666667,-12.302222250000002,0.2277777900000011,-0.08,7.0,6.89,19.06851852333333,6.991333333333336,5.5616984,5.536345,5.53453,5.5800614,5.5291038,1,2.0,1,0.5,-0.85,20.2,79.8
2023-01-29 17:30:00,146.10526663889,59.032360844444,59.043193794442,18.988888903333336,6.89,33.96666666666667,1,5.1764362714980825,70.66250196097344,17,6,1,-0.9659258262890684,-0.2588190451025206,-0.7818314824680299,0.6234898018587334,0.4999999999999999,0.8660254037844387,77.0,107.8125,86.10416666666667,14.65,32.6,100.0,78.5,2.55,5.6966434,0.0,6.0,18.93888885,33.7,34.0,34.0,34.0,34.0,-12.098888903333336,-0.2333333466666651,-0.0300000000000002,6.92,6.83,19.06851853777778,6.936666666666668,5.5291038,5.5616984,5.536345,5.53453,5.5182166,0,1.0,1,0.75,-0.9,22.2,77.8
2023-01-29 17:45:00,221.996397555556,120.059919611112,120.08297432222,18.93888885,6.83,34.0,2,5.1764362714980825,70.66250196097344,17,6,1,-0.9659258262890684,-0.2588190451025206,-0.7818314824680299,0.6234898018587334,0.4999999999999999,0.8660254037844387,49.5,90.75,85.29166666666667,14.475,31.8,100.0,78.75,2.475,5.67744,0.0,5.9,19.18333333,33.96666666666667,33.7,34.0,34.0,34.0,-12.10888885,-0.0500000533333349,-0.0599999999999996,6.89,6.7733333333333325,19.050000001111115,6.880000000000002,5.5182166,5.5291038,5.5616984,5.536345,5.5983663,0,1.0,1,0.75,-0.91,22.6,77.4
2023-01-29 18:00:00,144.2875616,28.056933227778,28.101098211108003,19.18333333,6.7733333333333325,34.0,1,5.1764362714980825,70.66250196097344,18,6,1,-1.0,-1.8369701987210294e-16,-0.7818314824680299,0.6234898018587334,0.4999999999999999,0.8660254037844387,22.0,63.25,81.70833333333333,14.3,31.0,100.0,79.0,2.4,5.658213,0.0,5.8,19.077777790000003,34.0,33.96666666666667,33.7,34.0,34.0,-12.409999996666668,0.2444444799999985,-0.0566666666666675,6.83,6.5633333333333335,19.03703702777778,6.831111111111113,5.5983663,5.5182166,5.5291038,5.5616984,5.563633,0,1.0,1,0.75,-0.86,20.5,79.5
2023-01-29 18:15:00,236.501372966664,144.250896416666,144.287006138886,19.077777790000003,6.5633333333333335,34.0,2,5.1764362714980825,70.66250196097344,18,6,1,-1.0,-1.8369701987210294e-16,-0.7818314824680299,0.6234898018587334,0.4999999999999999,0.8660254037844387,16.5,41.25,77.45833333333333,13.925,30.35,100.0,79.75,2.425,5.6652284,0.025,5.675,19.34074075333333,34.0,34.0,33.96666666666667,33.7,34.0,-12.51444445666667,-0.1055555399999974,-0.209999999999999,6.7733333333333325,6.33,19.06666665666667,6.722222222222224,5.563633,5.5983663,5.5182166,5.5291038,5.650509,0,0.0,1,1.0,-0.88,21.4,78.6
2023-01-29 18:30:00,142.208477966672,60.9267295,60.941173322224,19.34074075333333,6.33,34.0,1,5.1764362714980825,70.66250196097344,18,6,1,-1.0,-1.8369701987210294e-16,-0.7818314824680299,0.6234898018587334,0.4999999999999999,0.8660254037844387,11.0,24.75,72.54166666666667,13.55,29.7,100.0,80.5,2.45,5.6717024,0.05,5.55,19.35555554,34.0,34.0,34.0,33.96666666666667,34.0,-13.010740753333332,0.2629629633333294,-0.2333333333333334,6.5633333333333335,6.068666666666667,19.20061729111111,6.555555555555557,5.650509,5.563633,5.5983663,5.5182166,5.6554384,0,0.0,1,1.0,-0.82,19.2,80.8
2023-01-29 18:45:00,85.587965127782,0.0,0.0,19.35555554,6.068666666666667,34.0,0,5.1764362714980825,70.66250196097344,18,6,1,-1.0,-1.8369701987210294e-16,-0.7818314824680299,0.6234898018587334,0.4999999999999999,0.8660254037844387,5.5,13.75,66.95833333333333,13.175,29.05,100.0,81.25,2.475,5.6776433,0.075,5.425,19.07407411333333,34.0,34.0,34.0,34.0,34.18333333333333,-13.286888873333334,0.014814786666669,-0.261333333333333,6.33,5.944000000000001,19.258024694444444,6.320666666666669,5.6554384,5.650509,5.563633,5.5983663,5.592412,1,1.0,1,0.75,-0.82,19.1,80.9
2023-01-29 19:00:00,195.440793205554,119.68215693889,119.702711683334,19.07407411333333,5.944000000000001,34.18333333333333,2,5.1764362714980825,70.66250196097344,19,6,1,-0.9659258262890684,0.2588190451025203,-0.7818314824680299,0.6234898018587334,0.4999999999999999,0.8660254037844387,0.0,8.25,60.708333333333336,12.8,28.4,100.0,82.0,2.5,5.683057,0.1,5.3,19.21666669,34.0,34.0,34.0,34.0,34.15,-13.130074113333334,-0.2814814266666658,-0.1246666666666662,6.068666666666667,5.878666666666667,19.25679013555556,6.114222222222224,5.592412,5.6554384,5.650509,5.563633,5.63412,0,1.0,1,0.75,-0.88,21.4,78.6
2023-01-29 19:15:00,118.287212722224,52.892606427778,52.907883583334,19.21666669,5.878666666666667,34.15,1,5.1764362714980825,70.66250196097344,19,6,1,-0.9659258262890684,0.2588190451025203,-0.7818314824680299,0.6234898018587334,0.4999999999999999,0.8660254037844387,0.0,4.125,53.270833333333336,12.95,27.5,100.0,86.5,2.725,5.8097777,0.225,4.825,19.248148126666667,34.18333333333333,34.0,34.0,34.0,34.18333333333333,-13.338000023333333,0.1425925766666651,-0.0653333333333341,5.944000000000001,5.652,19.215432114444443,5.963777777777781,5.63412,5.592412,5.6554384,5.650509,5.6500897,0,1.0,1,0.75,-0.85,20.2,79.8
2023-01-29 19:30:00,75.74919207778001,10.310698672222,10.321809311112,19.248148126666667,5.652,34.18333333333333,1,5.1764362714980825,70.66250196097344,19,6,1,-0.9659258262890684,0.2588190451025203,-0.7818314824680299,0.6234898018587334,0.4999999999999999,0.8660254037844387,0.0,1.375,44.645833333333336,13.1,26.6,100.0,91.0,2.95,5.9225163,0.35,4.35,19.01666664,34.15,34.18333333333333,34.0,34.0,34.45,-13.596148126666666,0.0314814366666666,-0.2266666666666665,5.878666666666667,4.263333333333334,19.17962964333333,5.824888888888892,5.6500897,5.63412,5.592412,5.6554384,5.616982,0,1.0,0,0.75,-0.84,19.9,80.1
2023-01-29 19:45:00,197.235721538882,121.590413972222,121.611802033332,19.01666664,4.263333333333334,34.45,2,5.1764362714980825,70.66250196097344,19,6,1,-0.9659258262890684,0.2588190451025203,-0.7818314824680299,0.6234898018587334,0.4999999999999999,0.8660254037844387,0.0,0.0,34.833333333333336,13.25,25.7,100.0,95.5,3.175,6.021929,0.475,3.875,19.212962966666662,34.18333333333333,34.15,34.18333333333333,34.0,33.85,-14.753333306666669,-0.2314814866666665,-1.3886666666666665,5.652,3.508666666666667,19.16049381888889,5.2646666666666695,5.616982,5.6500897,5.63412,5.592412,5.583408,0,0.0,1,1.0,-0.89,21.8,78.2
2023-01-29 20:00:00,165.673095027778,57.034940744444,57.06993936111,19.212962966666662,3.508666666666667,33.85,1,5.1764362714980825,70.66250196097344,20,6,1,-0.8660254037844386,0.5000000000000001,-0.7818314824680299,0.6234898018587334,0.4999999999999999,0.8660254037844387,0.0,0.0,23.83333333333333,13.4,24.8,100.0,100.0,3.4,6.1086493,0.6,3.4,19.23333331,34.45,34.18333333333333,34.15,34.18333333333333,33.5,-15.7042963,0.1962963266666655,-0.7546666666666666,4.263333333333334,3.3406666666666665,19.15925924444445,4.474666666666669,5.583408,5.616982,5.6500897,5.63412,5.5323124,0,0.0,1,1.0,-0.85,20.3,79.7
2023-01-29 20:15:00,133.819647033332,15.011066183334,15.048009188888,19.23333331,3.3406666666666665,33.5,1,5.1764362714980825,70.66250196097344,20,6,1,-0.8660254037844386,0.5000000000000001,-0.7818314824680299,0.6234898018587334,0.4999999999999999,0.8660254037844387,0.0,0.0,15.125,12.9,25.975,100.0,100.0,2.925,5.917025,0.575,2.925,19.01481481333333,33.85,34.45,34.18333333333333,34.15,33.68333333333333,-15.892666643333332,0.020370343333333,-0.1680000000000006,3.508666666666667,3.1013333333333333,19.154320972222223,3.704222222222224,5.5323124,5.583408,5.616982,5.6500897,5.4913797,0,0.0,0,1.0,-0.85,20.2,79.8
2023-01-29 20:30:00,231.717397649998,117.049484483334,117.095871544444,19.01481481333333,3.1013333333333333,33.68333333333333,2,5.1764362714980825,70.66250196097344,20,6,1,-0.8660254037844386,0.5000000000000001,-0.7818314824680299,0.6234898018587334,0.4999999999999999,0.8660254037844387,0.0,0.0,8.708333333333334,12.4,27.15,100.0,100.0,2.45,5.7306843,0.55,2.45,19.18333335,33.5,33.85,34.45,34.18333333333333,33.65,-15.913481479999998,-0.2185184966666682,-0.2393333333333331,3.3406666666666665,2.8286666666666664,19.153703696666668,3.3168888888888914,5.4913797,5.5323124,5.583408,5.616982,5.540736,0,0.0,1,1.0,-0.9,22.0,78.0
2023-01-29 20:45:00,812.49972096111,11.6928656,11.706476188888,19.18333335,2.8286666666666664,33.65,1,5.1764362714980825,70.66250196097344,20,6,1,-0.8660254037844386,0.5000000000000001,-0.7818314824680299,0.6234898018587334,0.4999999999999999,0.8660254037844387,0.0,0.0,4.583333333333333,11.9,28.325,100.0,100.0,1.975,5.5495043,0.525,1.975,19.09259259666667,33.68333333333333,33.5,33.85,34.45,33.5,-16.354666683333335,0.1685185366666708,-0.2726666666666668,3.1013333333333333,2.586,19.14382715777778,3.090222222222224,5.540736,5.4913797,5.5323124,5.583408,5.486607,0,0.0,1,1.0,-0.86,20.6,79.4
2023-01-29 21:00:00,313.054699577776,46.026492183334,46.0431582,19.09259259666667,2.586,33.5,1,5.1764362714980825,70.66250196097344,21,6,1,-0.7071067811865477,0.7071067811865474,-0.7818314824680299,0.6234898018587334,0.4999999999999999,0.8660254037844387,0.0,0.0,2.75,11.4,29.5,100.0,100.0,1.5,5.3733635,0.5,1.5,18.97222218,33.65,33.68333333333333,33.5,33.85,34.95,-16.50659259666667,-0.0907407533333319,-0.2426666666666666,2.8286666666666664,1.688,19.09691358666667,2.8386666666666684,5.486607,5.540736,5.4913797,5.5323124,5.683576,0,0.0,0,1.0,-0.88,21.4,78.6
2023-01-29 21:15:00,233.916476266668,95.083696516666,95.142583077776,18.97222218,1.688,34.95,2,5.1764362714980825,70.66250196097344,21,6,1,-0.7071067811865477,0.7071067811865474,-0.7818314824680299,0.6234898018587334,0.4999999999999999,0.8660254037844387,0.0,0.0,1.375,11.575,28.325,100.0,100.0,1.325,5.3097157,0.4,1.325,19.162962943333333,33.5,33.65,33.68333333333333,33.5,35.78333333333333,-17.28422218,-0.1203704166666703,-0.8979999999999999,2.586,0.6353333333333333,19.082716042222227,2.3675555555555574,5.683576,5.486607,5.540736,5.4913797,5.8849354,0,0.0,1,1.0,-0.9,22.1,77.9
2023-01-29 21:30:00,155.073519027778,0.0,0.0,19.162962943333333,0.6353333333333333,35.78333333333333,0,5.1764362714980825,70.66250196097344,21,6,1,-0.7071067811865477,0.7071067811865474,-0.7818314824680299,0.6234898018587334,0.4999999999999999,0.8660254037844387,0.0,0.0,0.4583333333333333,11.75,27.15,100.0,100.0,1.15,5.24673,0.3,1.15,18.98888886,34.95,33.5,33.65,33.68333333333333,35.5,-18.52762961,0.1907407633333342,-1.0526666666666666,1.688,0.1053333333333333,19.07592590666667,1.6364444444444466,5.8849354,5.683576,5.486607,5.540736,5.7787004,1,1.0,1,0.75,-0.85,20.3,79.7
2023-01-29 21:45:00,208.872755888888,70.69578313889,70.7696691,18.98888886,0.1053333333333333,35.5,2,5.1764362714980825,70.66250196097344,21,6,1,-0.7071067811865477,0.7071067811865474,-0.7818314824680299,0.6234898018587334,0.4999999999999999,0.8660254037844387,0.0,0.0,0.0,11.925,25.975,100.0,100.0,0.975,5.1844,0.1999999999999999,0.975,18.831481476666667,35.78333333333333,34.95,33.5,33.65,35.31666666666667,-18.883555526666665,-0.174074083333334,-0.53,0.6353333333333333,0.038,19.041357994444443,0.8095555555555576,5.7787004,5.8849354,5.683576,5.486607,5.69566,0,1.0,1,0.75,-0.89,21.9,78.1
2023-01-29 22:00:00,221.055879711108,99.7326772,99.810174149998,18.831481476666667,0.038,35.31666666666667,2,5.1764362714980825,70.66250196097344,22,6,1,-0.5000000000000004,0.8660254037844384,-0.7818314824680299,0.6234898018587334,0.4999999999999999,0.8660254037844387,0.0,0.0,0.0,12.1,24.8,100.0,100.0,0.8,5.1227207,0.1,0.8,18.83888886,35.5,35.78333333333333,34.95,33.5,35.25,-18.793481476666667,-0.1574073833333322,-0.0673333333333333,0.1053333333333333,-0.4013333333333334,18.994444426666668,0.2595555555555576,5.69566,5.7787004,5.8849354,5.683576,5.6873956,0,1.0,0,0.75,-0.93,23.3,76.7
2023-01-29 22:15:00,199.105091161106,131.587514105554,131.62723478333,18.83888886,-0.4013333333333334,35.25,2,5.1764362714980825,70.66250196097344,22,6,1,-0.5000000000000004,0.8660254037844384,-0.7818314824680299,0.6234898018587334,0.4999999999999999,0.8660254037844387,0.0,0.0,0.0,12.25,25.075,100.0,99.25,0.55,5.0323377,0.1,0.65,19.155555536666668,35.31666666666667,35.5,35.78333333333333,34.95,34.016666666666666,-19.24022219333333,0.0074073833333336,-0.4393333333333333,0.038,-0.5433333333333333,18.886419732222222,-0.0859999999999979,5.6873956,5.69566,5.7787004,5.8849354,5.591948,0,1.0,0,0.75,-0.93,23.3,76.7
2023-01-29 22:30:00,85.7374037,17.4818007,17.49096708333,19.155555536666668,-0.5433333333333333,34.016666666666666,1,5.1764362714980825,70.66250196097344,22,6,1,-0.5000000000000004,0.8660254037844384,-0.7818314824680299,0.6234898018587334,0.4999999999999999,0.8660254037844387,0.0,0.0,0.0,12.4,25.35,100.0,98.5,0.3,4.943203,0.1,0.5,18.97777778,35.25,35.31666666666667,35.5,35.78333333333333,33.35,-19.69888887,0.3166666766666672,-0.1419999999999999,-0.4013333333333334,-0.6966666666666667,18.94197529111111,-0.3022222222222201,5.591948,5.6873956,5.69566,5.7787004,5.4251633,0,0.0,1,1.0,-0.86,20.7,79.3
2023-01-29 22:45:00,218.496815344444,143.461761266668,143.479816111112,18.97777778,-0.6966666666666667,33.35,2,5.1764362714980825,70.66250196097344,22,6,1,-0.5000000000000004,0.8660254037844384,-0.7818314824680299,0.6234898018587334,0.4999999999999999,0.8660254037844387,0.0,0.0,0.0,12.55,25.625,100.0,97.75,0.05,4.855302,0.1,0.35,19.218518496666665,34.016666666666666,35.25,35.31666666666667,35.5,33.31666666666667,-19.674444446666666,-0.1777777566666678,-0.1533333333333333,-0.5433333333333333,-0.7959999999999999,18.99074072555556,-0.547111111111109,5.4251633,5.591948,5.6873956,5.69566,5.497236,0,0.0,1,1.0,-0.91,22.4,77.6
2023-01-29 23:00:00,162.64960483889,106.121310544444,106.134921116666,19.218518496666665,-0.7959999999999999,33.31666666666667,2,5.1764362714980825,70.66250196097344,23,6,1,-0.2588190451025215,0.965925826289068,-0.7818314824680299,0.6234898018587334,0.4999999999999999,0.8660254037844387,0.0,0.0,0.0,12.7,25.9,100.0,97.0,-0.2,4.768621,0.1,0.2,19.3333333,33.35,34.016666666666666,35.25,35.31666666666667,32.35,-20.014518496666664,0.2407407166666644,-0.0993333333333332,-0.6966666666666667,-0.8973333333333333,19.11728393777778,-0.6786666666666644,5.497236,5.4251633,5.591948,5.6873956,5.373949,0,0.0,0,1.0,-0.85,20.3,79.7
2023-01-29 23:15:00,83.57887906110601,28.356643505554,28.363865516662,19.3333333,-0.8973333333333333,32.35,1,5.1764362714980825,70.66250196097344,23,6,1,-0.2588190451025215,0.965925826289068,-0.7818314824680299,0.6234898018587334,0.4999999999999999,0.8660254037844387,0.0,0.0,0.0,12.4,26.075,100.0,96.5,-0.5,4.67111,0.075,-0.0249999999999999,19.02222222,33.31666666666667,33.35,34.016666666666666,35.25,32.65,-20.23066663333333,0.1148148033333349,-0.1013333333333333,-0.7959999999999999,-1.034,19.176543192222223,-0.7966666666666645,5.373949,5.497236,5.4251633,5.591948,5.3252425,0,0.0,1,1.0,-0.83,19.6,80.4
2023-01-29 23:30:00,201.328057838882,135.246812144444,135.265700305554,19.02222222,-1.034,32.65,2,5.1764362714980825,70.66250196097344,23,6,1,-0.2588190451025215,0.965925826289068,-0.7818314824680299,0.6234898018587334,0.4999999999999999,0.8660254037844387,0.0,0.0,0.0,12.1,26.25,100.0,96.0,-0.8,4.5753365,0.05,-0.25,19.24999998,32.35,33.31666666666667,33.35,34.016666666666666,32.55,-20.05622222,-0.3111110799999999,-0.1366666666666667,-0.8973333333333333,-1.2033333333333334,19.19135800555556,-0.909111111111109,5.3252425,5.373949,5.497236,5.4251633,5.380705,0,0.0,1,1.0,-0.9,22.2,77.8
2023-01-29 23:45:00,188.227192811112,122.895917333332,122.915916566664,19.24999998,-1.2033333333333334,32.55,2,5.1764362714980825,70.66250196097344,23,6,1,-0.2588190451025215,0.965925826289068,-0.7818314824680299,0.6234898018587334,0.4999999999999999,0.8660254037844387,0.0,0.0,0.0,11.8,26.425,100.0,95.5,-1.1,4.481272,0.0249999999999999,-0.4749999999999999,19.38703702666667,32.65,32.35,33.31666666666667,33.35,31.383333333333333,-20.45333331333333,0.2277777599999986,-0.1693333333333333,-1.034,-1.358,19.201851833333333,-1.044888888888887,5.380705,5.3252425,5.373949,5.497236,5.2298713,0,0.0,0,1.0,-0.85,20.2,79.8
2023-01-30 00:00:00,78.022712416662,21.131376944444,21.138876711108,19.38703702666667,-1.358,31.383333333333333,1,5.1764362714980825,70.66250196097344,0,0,1,0.0,1.0,0.0,1.0,0.4999999999999999,0.8660254037844387,0.0,0.0,0.0,11.5,26.6,100.0,95.0,-1.4,4.3888903,0.0,-0.7,19.08333333,32.55,32.65,32.35,33.31666666666667,31.7,-20.74503702666667,0.1370370466666699,-0.1546666666666667,-1.2033333333333334,-1.57,19.219753075555555,-1.1984444444444424,5.2298713,5.380705,5.3252425,5.373949,5.1889696,0,0.0,1,1.0,-0.82,19.3,80.7
2023-01-30 00:15:00,536.965464872226,135.116539572222,135.137649844444,19.08333333,-1.57,31.7,2,5.1764362714980825,70.66250196097344,0,0,1,0.0,1.0,0.0,1.0,0.4999999999999999,0.8660254037844387,0.0,0.0,0.0,11.8,26.6,100.0,94.75,-1.65,4.3170247,0.0,-0.8999999999999999,19.23703706,31.383333333333333,32.55,32.65,32.35,31.816666666666663,-20.65333333,-0.3037036966666662,-0.2119999999999999,-1.358,-1.588,19.24012344555556,-1.377111111111109,5.1889696,5.2298713,5.380705,5.3252425,5.2554674,0,0.0,1,1.0,-0.89,21.8,78.2
2023-01-30 00:30:00,193.239214672218,145.160582227778,145.183636905554,19.23703706,-1.588,31.816666666666663,2,5.1764362714980825,70.66250196097344,0,0,1,0.0,1.0,0.0,1.0,0.4999999999999999,0.8660254037844387,0.0,0.0,0.0,12.1,26.6,100.0,94.5,-1.9,4.2462063,0.0,-1.1,19.25555555,31.7,31.383333333333333,32.55,32.65,31.2,-20.82503706,0.1537037299999966,-0.018,-1.57,-1.6753333333333331,19.235802472222225,-1.5053333333333316,5.2554674,5.1889696,5.2298713,5.380705,5.159231,0,0.0,0,1.0,-0.86,20.5,79.5
2023-01-30 00:45:00,169.47099863889,109.142023011112,109.160077872222,19.25555555,-1.6753333333333331,31.2,2,5.1764362714980825,70.66250196097344,0,0,1,0.0,1.0,0.0,1.0,0.4999999999999999,0.8660254037844387,0.0,0.0,0.0,12.4,26.6,100.0,94.25,-2.15,4.176423,0.0,-1.3,19.14814818,31.816666666666663,31.7,31.383333333333333,32.55,31.28333333333333,-20.93088888333333,0.0185184900000017,-0.0873333333333332,-1.588,-1.9726666666666663,19.191975313333334,-1.611111111111109,5.159231,5.2554674,5.1889696,5.2298713,5.140374,0,0.0,0,1.0,-0.86,20.4,79.6
2023-01-30 01:00:00,160.017765733332,92.1204817,92.137981,19.14814818,-1.9726666666666663,31.28333333333333,2,5.1764362714980825,70.66250196097344,1,0,1,0.2588190451025207,0.9659258262890684,0.0,1.0,0.4999999999999999,0.8660254037844387,0.0,0.0,0.0,12.7,26.6,100.0,94.0,-2.4,4.1076593,0.0,-1.5,19.21666666,31.2,31.816666666666663,31.7,31.383333333333333,30.65,-21.120814846666665,-0.1074073700000006,-0.2973333333333332,-1.6753333333333331,-2.267333333333333,19.213580263333338,-1.7453333333333312,5.140374,5.159231,5.2554674,5.1889696,5.056684,0,0.0,0,1.0,-0.88,21.3,78.7
2023-01-30 01:15:00,89.478920733332,44.877649272222,44.891537633332,19.21666666,-2.267333333333333,30.65,1,5.1764362714980825,70.66250196097344,1,0,1,0.2588190451025207,0.9659258262890684,0.0,1.0,0.4999999999999999,0.8660254037844387,0.0,0.0,0.0,11.95,26.700000000000003,100.0,93.5,-2.625,4.0361767,0.0,-1.675,19.075925936666668,31.28333333333333,31.2,31.816666666666663,31.7,30.5,-21.48399999333333,0.068518479999998,-0.2946666666666666,-1.9726666666666663,-2.361333333333333,19.20679013,-1.971777777777776,5.056684,5.140374,5.159231,5.2554674,4.990361,0,0.0,1,1.0,-0.87,20.9,79.1
2023-01-30 01:30:00,201.88442438333,151.888646411112,151.911978827778,19.075925936666668,-2.361333333333333,30.5,2,5.1764362714980825,70.66250196097344,1,0,1,0.2588190451025207,0.9659258262890684,0.0,1.0,0.4999999999999999,0.8660254037844387,0.0,0.0,0.0,11.2,26.8,100.0,93.0,-2.85,3.9657533,0.0,-1.85,19.33888887,30.65,31.28333333333333,31.2,31.816666666666663,30.1,-21.43725927,-0.1407407233333302,-0.0940000000000003,-2.267333333333333,-2.402,19.146913592222223,-2.200444444444442,4.990361,5.056684,5.140374,5.159231,5.0018167,0,0.0,1,1.0,-0.9,22.1,77.9
2023-01-30 01:45:00,70.558566561106,14.5194192,14.527474477776,19.33888887,-2.402,30.1,1,5.1764362714980825,70.66250196097344,1,0,1,0.2588190451025207,0.9659258262890684,0.0,1.0,0.4999999999999999,0.8660254037844387,0.0,0.0,0.0,10.45,26.9,100.0,92.5,-3.075,3.896375,0.0,-2.0250000000000004,19.15555554,30.5,30.65,31.28333333333333,31.2,29.716666666666665,-21.740888870000003,0.2629629333333341,-0.0406666666666666,-2.361333333333333,-2.4266666666666667,19.210493822222222,-2.3435555555555534,5.0018167,4.990361,5.056684,5.140374,4.885078,0,0.0,1,1.0,-0.84,20.0,80.0
2023-01-30 02:00:00,145.941106488892,84.581061055556,84.59633826111,19.15555554,-2.4266666666666667,29.716666666666665,2,5.1764362714980825,70.66250196097344,2,0,1,0.4999999999999999,0.8660254037844387,0.0,1.0,0.4999999999999999,0.8660254037844387,0.0,0.0,0.0,9.7,27.0,100.0,92.0,-3.3,3.828028,0.0,-2.2,19.13888891,30.1,30.5,30.65,31.28333333333333,29.95,-21.582222206666668,-0.1833333299999999,-0.0246666666666666,-2.402,-2.586,19.19012344888889,-2.3966666666666647,4.885078,5.0018167,4.990361,5.056684,4.9185996,0,0.0,1,1.0,-0.89,21.6,78.4
2023-01-30 02:15:00,183.686818916666,120.126028116666,120.143805172222,19.13888891,-2.586,29.95,2,5.1764362714980825,70.66250196097344,2,0,1,0.4999999999999999,0.8660254037844387,0.0,1.0,0.4999999999999999,0.8660254037844387,0.0,0.0,0.0,9.5,25.75,100.0,91.75,-3.475,3.7842522,0.0,-2.325,19.292592613333333,29.716666666666665,30.1,30.5,30.65,29.35,-21.72488891,-0.0166666300000031,-0.1593333333333331,-2.4266666666666667,-2.6540000000000004,19.211111106666667,-2.471555555555553,4.9185996,4.885078,5.0018167,4.990361,4.863912,0,0.0,0,1.0,-0.89,21.7,78.3
2023-01-30 02:30:00,78.402697199996,22.9782475,22.985747249998,19.292592613333333,-2.6540000000000004,29.35,1,5.1764362714980825,70.66250196097344,2,0,1,0.4999999999999999,0.8660254037844387,0.0,1.0,0.4999999999999999,0.8660254037844387,0.0,0.0,0.0,9.3,24.5,100.0,91.5,-3.65,3.7409146,0.0,-2.45,19.02777776,29.95,29.716666666666665,30.1,30.5,29.35,-21.946592613333333,0.1537037033333348,-0.0680000000000005,-2.586,-2.6093333333333333,19.19567902111111,-2.5555555555555536,4.863912,4.9185996,4.885078,5.0018167,4.788579,0,0.0,1,1.0,-0.86,20.5,79.5
2023-01-30 02:45:00,173.580001005554,125.302209944444,125.322209177776,19.02777776,-2.6093333333333333,29.35,2,5.1764362714980825,70.66250196097344,2,0,1,0.4999999999999999,0.8660254037844387,0.0,1.0,0.4999999999999999,0.8660254037844387,0.0,0.0,0.0,9.1,23.25,100.0,91.25,-3.825,3.6980107,0.0,-2.575,19.201851846666667,29.35,29.95,29.716666666666665,30.1,29.316666666666663,-21.63711109333333,-0.2648148533333341,0.044666666666667,-2.6540000000000004,-2.594,19.153086427777776,-2.616444444444442,4.788579,4.863912,4.9185996,4.885078,4.83249,0,0.0,1,1.0,-0.92,22.8,77.2
2023-01-30 03:00:00,131.056702088884,82.8666852,82.881406844444,19.201851846666667,-2.594,29.316666666666663,2,5.1764362714980825,70.66250196097344,3,0,1,0.7071067811865476,0.7071067811865476,0.0,1.0,0.4999999999999999,0.8660254037844387,0.0,0.0,0.0,8.9,22.0,100.0,91.0,-4.0,3.6555374,0.0,-2.7,19.24444443,29.35,29.35,29.95,29.716666666666665,28.7,-21.795851846666668,0.1740740866666676,0.0153333333333334,-2.6093333333333333,-2.726,19.174074073333333,-2.619111111111109,4.83249,4.788579,4.863912,4.9185996,4.7427254,0,0.0,0,1.0,-0.88,21.3,78.7
2023-01-30 03:15:00,111.565537216666,47.723368755556,47.735035005554,19.24444443,-2.726,28.7,1,5.1764362714980825,70.66250196097344,3,0,1,0.7071067811865476,0.7071067811865476,0.0,1.0,0.4999999999999999,0.8660254037844387,0.0,0.0,0.0,8.7,21.45,100.0,90.25,-4.2,3.5999265,0.0,-2.8000000000000003,18.98333330666667,29.316666666666663,29.35,29.35,29.95,28.966666666666665,-21.97044443,0.0425925833333309,-0.1320000000000001,-2.594,-2.795333333333333,19.15802467888889,-2.643111111111109,4.7427254,4.83249,4.788579,4.863912,4.713657,0,0.0,1,1.0,-0.87,21.0,79.0
2023-01-30 03:30:00,201.595547122216,144.79393026111,144.815873849998,18.98333330666667,-2.795333333333333,28.966666666666665,2,5.1764362714980825,70.66250196097344,3,0,1,0.7071067811865476,0.7071067811865476,0.0,1.0,0.4999999999999999,0.8660254037844387,0.0,0.0,0.0,8.5,20.9,100.0,89.5,-4.4,3.5448956,0.0,-2.9000000000000004,19.14444443,28.7,29.316666666666663,29.35,29.35,28.65,-21.77866664,-0.261111123333329,-0.0693333333333332,-2.726,-2.6846666666666668,19.143209861111117,-2.705111111111109,4.713657,4.7427254,4.83249,4.788579,4.7066455,0,0.0,1,1.0,-0.93,23.3,76.7
2023-01-30 03:45:00,162.096016016662,114.582638744444,114.602360238886,19.14444443,-2.6846666666666668,28.65,2,5.1764362714980825,70.66250196097344,3,0,1,0.7071067811865476,0.7071067811865476,0.0,1.0,0.4999999999999999,0.8660254037844387,0.0,0.0,0.0,8.3,20.35,100.0,88.75,-4.6,3.4904408,0.0,-3.0,19.03703703333333,28.966666666666665,28.7,29.316666666666663,29.35,28.5,-21.829111096666665,0.1611111233333311,0.1106666666666664,-2.795333333333333,-2.4606666666666666,19.12407405555556,-2.7353333333333314,4.7066455,4.713657,4.7427254,4.83249,4.652438,0,0.0,0,1.0,-0.89,21.9,78.1
2023-01-30 04:00:00,179.991966799996,132.122214883334,132.142214116666,19.03703703333333,-2.4606666666666666,28.5,2,5.1764362714980825,70.66250196097344,4,0,1,0.8660254037844386,0.5000000000000001,0.0,1.0,0.4999999999999999,0.8660254037844387,0.0,0.0,0.0,8.1,19.8,100.0,88.0,-4.8,3.4365554,0.0,-3.1,19.13333332,28.65,28.966666666666665,28.7,29.316666666666663,28.45,-21.4977037,-0.1074073966666659,0.2240000000000002,-2.6846666666666668,-2.552,19.05493825666667,-2.646888888888886,4.652438,4.7066455,4.713657,4.7427254,4.6707296,0,0.0,0,1.0,-0.92,22.9,77.1
2023-01-30 04:15:00,120.008532666672,77.276631027778,77.2919082,19.13333332,-2.552,28.45,2,5.1764362714980825,70.66250196097344,4,0,1,0.8660254037844386,0.5000000000000001,0.0,1.0,0.4999999999999999,0.8660254037844387,0.0,0.0,0.0,7.925,19.45,100.0,87.25,-4.925,3.4012449,0.0,-3.125,19.20370368333333,28.5,28.65,28.966666666666665,28.7,28.03333333333333,-21.68533332,0.0962962866666679,-0.0913333333333334,-2.4606666666666666,-2.553333333333333,19.104938261111112,-2.565777777777776,4.6707296,4.652438,4.7066455,4.713657,4.6214523,0,0.0,0,1.0,-0.9,22.0,78.0
2023-01-30 04:30:00,118.399152644448,57.678526066668,57.691303322224,19.20370368333333,-2.553333333333333,28.03333333333333,1,5.1764362714980825,70.66250196097344,4,0,1,0.8660254037844386,0.5000000000000001,0.0,1.0,0.4999999999999999,0.8660254037844387,0.0,0.0,0.0,7.75,19.1,100.0,86.5,-5.05,3.3660474,0.0,-3.1500000000000004,19.02777778,28.45,28.5,28.65,28.966666666666665,28.3,-21.75703701666667,0.0703703633333319,-0.0013333333333331,-2.552,-2.2626666666666666,19.12469134555556,-2.521999999999998,4.6214523,4.6707296,4.652438,4.7066455,4.6172667,0,0.0,1,1.0,-0.88,21.5,78.5
2023-01-30 04:45:00,210.986560299996,148.58711182777802,148.610444311108,19.02777778,-2.2626666666666666,28.3,2,5.1764362714980825,70.66250196097344,4,0,1,0.8660254037844386,0.5000000000000001,0.0,1.0,0.4999999999999999,0.8660254037844387,0.0,0.0,0.0,7.575,18.75,100.0,85.75,-5.175,3.330962,0.0,-3.1750000000000003,19.25925928,28.03333333333333,28.45,28.5,28.65,27.85,-21.29044444666667,-0.1759259033333329,0.2906666666666666,-2.553333333333333,-2.071333333333333,19.12160492777778,-2.455999999999998,4.6172667,4.6214523,4.6707296,4.652438,4.60628,0,0.0,1,1.0,-0.92,23.0,77.0
2023-01-30 05:00:00,50.06521947778,0.0,0.0,19.25925928,-2.071333333333333,27.85,0,5.1764362714980825,70.66250196097344,5,0,1,0.9659258262890684,0.2588190451025207,0.0,1.0,0.4999999999999999,0.8660254037844387,0.0,0.0,0.0,7.4,18.4,100.0,85.0,-5.3,3.2959895,0.0,-3.2,19.083333340000003,28.3,28.03333333333333,28.45,28.5,27.85,-21.33059261333333,0.2314814999999974,0.1913333333333331,-2.2626666666666666,-1.9506666666666663,19.163580247777777,-2.295777777777776,4.60628,4.6172667,4.6214523,4.6707296,4.5587635,1,1.0,1,0.75,-0.87,21.1,78.9
2023-01-30 05:15:00,164.223986411108,114.862071983334,114.881237933332,19.083333340000003,-1.9506666666666663,27.85,2,5.1764362714980825,70.66250196097344,5,0,1,0.9659258262890684,0.2588190451025207,0.0,1.0,0.4999999999999999,0.8660254037844387,0.0,0.0,0.0,7.275,18.125,100.0,84.5,-5.4,3.2708056,0.0,-3.225,19.12222221,27.85,28.3,28.03333333333333,28.45,27.816666666666663,-21.03400000666667,-0.1759259399999955,0.1206666666666669,-2.071333333333333,-2.1866666666666665,19.123456800000003,-2.094888888888887,4.5587635,4.60628,4.6172667,4.6214523,4.563762,0,1.0,1,0.75,-0.91,22.6,77.4
2023-01-30 05:30:00,133.304945372222,86.952910627778,86.969298888888,19.12222221,-2.1866666666666665,27.816666666666663,2,5.1764362714980825,70.66250196097344,5,0,1,0.9659258262890684,0.2588190451025207,0.0,1.0,0.4999999999999999,0.8660254037844387,0.0,0.0,0.0,7.15,17.85,100.0,84.0,-5.5,3.2456992,0.0,-3.25,19.19444445,27.85,27.85,28.3,28.03333333333333,27.55,-21.308888876666668,0.0388888699999974,-0.236,-1.9506666666666663,-2.204,19.15493827666667,-2.0695555555555534,4.563762,4.5587635,4.60628,4.6172667,4.539294,0,1.0,0,0.75,-0.9,22.3,77.7
2023-01-30 05:45:00,102.095638294442,50.94768426111,50.959628233332,19.19444445,-2.204,27.55,1,5.1764362714980825,70.66250196097344,5,0,1,0.9659258262890684,0.2588190451025207,0.0,1.0,0.4999999999999999,0.8660254037844387,0.0,0.0,0.0,7.025,17.575,100.0,83.5,-5.6,3.2206697,0.0,-3.275,19.020370343333333,27.816666666666663,27.85,27.85,28.3,27.966666666666665,-21.39844445,0.0722222399999985,-0.0173333333333336,-2.1866666666666665,-2.148,19.133333333333336,-2.113777777777776,4.539294,4.563762,4.5587635,4.60628,4.5608873,0,1.0,1,0.75,-0.89,21.7,78.3
2023-01-30 06:00:00,210.729070516666,145.7283373,145.749725344444,19.020370343333333,-2.148,27.966666666666665,2,5.1764362714980825,70.66250196097344,6,0,1,1.0,6.123233995736766e-17,0.0,1.0,0.4999999999999999,0.8660254037844387,0.0,0.0,0.0,6.9,17.3,100.0,83.0,-5.7,3.1957178,0.0,-3.3,19.20555557,27.55,27.816666666666663,27.85,27.85,27.65,-21.168370343333333,-0.1740741066666657,0.056,-2.204,-2.36,19.112345667777777,-2.1795555555555537,4.5608873,4.539294,4.563762,4.5587635,4.5587535,0,0.0,1,1.0,-0.93,23.1,76.9
2023-01-30 06:15:00,378.763460005554,0.0,0.0,19.20555557,-2.36,27.65,0,5.1764362714980825,70.66250196097344,6,0,1,1.0,6.123233995736766e-17,0.0,1.0,0.4999999999999999,0.8660254037844387,0.0,0.0,0.0,6.65,17.025,99.25,82.75,-5.8,3.1804523,0.0,-3.325,19.05000002666667,27.966666666666665,27.55,27.816666666666663,27.85,27.683333333333334,-21.56555557,0.1851852266666682,-0.2119999999999997,-2.148,-2.664,19.14012345444445,-2.237333333333332,4.5587535,4.5608873,4.539294,4.563762,4.5225806,1,1.0,1,0.75,-0.89,21.6,78.4
2023-01-30 06:30:00,175.563810516666,132.48608921111202,132.508032816666,19.05000002666667,-2.664,27.683333333333334,2,5.1764362714980825,70.66250196097344,6,0,1,1.0,6.123233995736766e-17,0.0,1.0,0.4999999999999999,0.8660254037844387,0.0,0.0,0.0,6.4,16.75,98.5,82.5,-5.9,3.1652288,0.0,-3.35,19.16666665,27.65,27.966666666666665,27.55,27.816666666666663,27.6,-21.71400002666667,-0.1555555433333317,-0.3040000000000002,-2.36,-2.9766666666666666,19.091975313333336,-2.3906666666666645,4.5225806,4.5587535,4.5608873,4.539294,4.540094,0,1.0,1,0.75,-0.92,22.9,77.1
2023-01-30 06:45:00,132.943293088892,82.326151272222,82.340872933332,19.16666665,-2.9766666666666666,27.6,2,5.1764362714980825,70.66250196097344,6,0,1,1.0,6.123233995736766e-17,0.0,1.0,0.4999999999999999,0.8660254037844387,0.0,0.0,0.0,6.15,16.475,97.75,82.25,-6.0,3.1500485,0.0,-3.375,19.20370368333333,27.683333333333334,27.65,27.966666666666665,27.55,27.03333333333333,-22.143333316666663,0.1166666233333302,-0.3126666666666664,-2.664,-2.909333333333333,19.14074074888889,-2.666888888888886,4.540094,4.5225806,4.5587535,4.5608873,4.456596,0,1.0,0,0.75,-0.9,21.9,78.1
2023-01-30 07:00:00,89.781964111112,46.126765955556,46.13870996111,19.20370368333333,-2.909333333333333,27.03333333333333,1,5.1764362714980825,70.66250196097344,7,0,1,0.9659258262890684,-0.2588190451025206,0.0,1.0,0.4999999999999999,0.8660254037844387,0.0,0.0,0.0,5.9,16.2,97.0,82.0,-6.1,3.1349108,0.0,-3.4,18.94444445,27.6,27.683333333333334,27.65,27.966666666666665,27.35,-22.113037016666667,0.037037033333334,0.067333333333333,-2.9766666666666666,-2.836,19.14012345333333,-2.849999999999998,4.456596,4.540094,4.5225806,4.5587535,4.440375,0,1.0,1,0.75,-0.89,21.7,78.3
2023-01-30 07:15:00,197.54570893889,146.417754172222,146.44191992222,18.94444445,-2.836,27.35,2,5.1764362714980825,70.66250196097344,7,0,1,0.9659258262890684,-0.2588190451025206,0.0,1.0,0.4999999999999999,0.8660254037844387,0.0,0.0,0.0,5.675000000000001,15.575,97.5,82.25,-6.15,3.116697,0.0,-3.525,19.15740741,27.03333333333333,27.6,27.683333333333334,27.65,27.316666666666663,-21.78044445,-0.259259233333335,0.0733333333333337,-2.909333333333333,-2.6206666666666667,19.104938261111112,-2.9073333333333315,4.440375,4.456596,4.540094,4.5225806,4.491035,0,0.0,1,1.0,-0.95,24.0,76.0
2023-01-30 07:30:00,126.456608249998,59.29901686111,59.312905272218,19.15740741,-2.6206666666666667,27.316666666666663,1,5.1764362714980825,70.66250196097344,7,0,1,0.9659258262890684,-0.2588190451025206,0.0,1.0,0.4999999999999999,0.8660254037844387,0.0,0.0,0.0,5.45,14.95,98.0,82.5,-6.199999999999999,3.0985315,0.0,-3.65,19.06666667,27.35,27.03333333333333,27.6,27.683333333333334,27.05,-21.77807407666667,0.2129629600000022,0.2153333333333331,-2.836,-2.6426666666666665,19.10185184777778,-2.7886666666666646,4.491035,4.440375,4.456596,4.540094,4.423461,0,0.0,1,1.0,-0.9,22.1,77.9
2023-01-30 07:45:00,115.697871966664,66.660666816666,66.676499599996,19.06666667,-2.6426666666666665,27.05,1,5.1764362714980825,70.66250196097344,7,0,1,0.9659258262890684,-0.2588190451025206,0.0,1.0,0.4999999999999999,0.8660254037844387,0.0,0.0,0.0,5.225,14.325,98.5,82.75,-6.25,3.080414,0.0,-3.775,18.803703676666665,27.316666666666663,27.35,27.03333333333333,27.6,27.28333333333333,-21.709333336666667,-0.0907407400000011,-0.0219999999999997,-2.6206666666666667,-2.7006666666666663,19.056172843333336,-2.699777777777776,4.423461,4.491035,4.440375,4.456596,4.3928733,0,0.0,0,1.0,-0.92,22.9,77.1
2023-01-30 08:00:00,136.216217933328,93.951241816666,93.970130011108,18.803703676666665,-2.7006666666666663,27.28333333333333,2,5.1764362714980825,70.66250196097344,8,0,1,0.8660254037844387,-0.4999999999999998,0.0,1.0,0.4999999999999999,0.8660254037844387,0.0,0.0,0.0,5.0,13.7,99.0,83.0,-6.3,3.0623457,0.0,-3.9,18.61666669,27.05,27.316666666666663,27.35,27.03333333333333,27.35,-21.50437034333333,-0.2629629933333355,-0.0579999999999998,-2.6426666666666665,-2.6093333333333333,19.009259252222225,-2.6546666666666643,4.3928733,4.423461,4.491035,4.440375,4.3551555,0,0.0,1,1.0,-0.98,25.3,74.7
2023-01-30 08:15:00,166.299458888888,114.224597466668,114.244596716666,18.61666669,-2.6093333333333333,27.35,2,5.1764362714980825,70.66250196097344,8,0,1,0.8660254037844387,-0.4999999999999998,0.0,1.0,0.4999999999999999,0.8660254037844387,3.0,0.75,0.25,4.675,12.8,99.25,83.0,-6.3,3.0623457,0.0,-3.9,18.82222224,27.28333333333333,27.05,27.316666666666663,27.35,27.316666666666663,-21.22600002333333,-0.1870369866666656,0.091333333333333,-2.7006666666666663,-2.545333333333333,18.829012345555554,-2.650888888888886,4.3551555,4.3928733,4.423461,4.491035,4.4030576,0,0.0,0,1.0,-1.02,27.1,72.9
2023-01-30 08:30:00,190.461825688888,147.912416616666,147.93713786111,18.82222224,-2.545333333333333,27.316666666666663,2,5.1764362714980825,70.66250196097344,8,0,1,0.8660254037844387,-0.4999999999999998,0.0,1.0,0.4999999999999999,0.8660254037844387,6.0,2.25,0.75,4.35,11.9,99.5,83.0,-6.3,3.0623457,0.0,-3.9,19.16111109,27.35,27.28333333333333,27.05,27.316666666666663,26.65,-21.36755557333333,0.2055555499999997,0.064,-2.6093333333333333,-2.4686666666666666,18.747530868888887,-2.6184444444444424,4.4030576,4.3551555,4.3928733,4.423461,4.3823876,0,0.0,0,1.0,-0.98,25.1,74.9
2023-01-30 08:45:00,76.242783549998,26.421998611112,26.433664811112,19.16111109,-2.4686666666666666,26.65,1,5.1764362714980825,70.66250196097344,8,0,1,0.8660254037844387,-0.4999999999999998,0.0,1.0,0.4999999999999999,0.8660254037844387,9.0,4.5,1.5,4.025,11.0,99.75,83.0,-6.3,3.0623457,0.0,-3.9,18.98333330666667,27.316666666666663,27.35,27.28333333333333,27.05,26.683333333333334,-21.62977775666667,0.3388888500000035,0.0766666666666666,-2.545333333333333,-2.3393333333333337,18.866666673333334,-2.5411111111111087,4.3823876,4.4030576,4.3551555,4.3928733,4.342097,0,0.0,1,1.0,-0.9,22.2,77.8
2023-01-30 09:00:00,211.749307372226,144.10173571666598,144.1242348,18.98333330666667,-2.3393333333333337,26.683333333333334,2,5.1764362714980825,70.66250196097344,9,0,1,0.7071067811865476,-0.7071067811865475,0.0,1.0,0.4999999999999999,0.8660254037844387,12.0,7.5,2.5,3.7,10.1,100.0,83.0,-6.3,3.0623457,0.0,-3.9,19.22777776,26.65,27.316666666666663,27.35,27.28333333333333,26.65,-21.32266664,-0.1777777833333331,0.1293333333333328,-2.4686666666666666,-2.168,18.98888887888889,-2.451111111111109,4.342097,4.3823876,4.4030576,4.3551555,4.3996367,0,0.0,1,1.0,-0.94,23.7,76.3
2023-01-30 09:15:00,121.85595881667,63.8191138,63.833835427778,19.22777776,-2.168,26.65,1,5.1764362714980825,70.66250196097344,9,0,1,0.7071067811865476,-0.7071067811865475,0.0,1.0,0.4999999999999999,0.8660254037844387,25.75,13.1875,4.645833333333333,3.25,10.275,96.25,81.5,-6.325,3.0609736,0.0,-3.65,19.15925925333333,26.683333333333334,26.65,27.316666666666663,27.35,26.683333333333334,-21.39577776,0.2444444533333296,0.171333333333334,-2.3393333333333337,-2.042,19.124074052222223,-2.3253333333333317,4.3996367,4.342097,4.3823876,4.4030576,4.3873897,0,0.0,1,1.0,-0.89,21.6,78.4
2023-01-30 09:30:00,182.163546549998,64.658802427778,64.670468694442,19.15925925333333,-2.042,26.683333333333334,1,5.1764362714980825,70.66250196097344,9,0,1,0.7071067811865476,-0.7071067811865475,0.0,1.0,0.4999999999999999,0.8660254037844387,39.5,21.5625,7.9375,2.8,10.45,92.5,80.0,-6.35,3.0584495,0.0,-3.4,18.96666663,26.65,26.683333333333334,26.65,27.316666666666663,27.4,-21.201259253333333,-0.0685185066666633,0.1259999999999999,-2.168,-2.054,19.12345677333333,-2.183111111111109,4.3873897,4.3996367,4.342097,4.3823876,4.4543324,0,0.0,0,1.0,-0.9,22.2,77.8
2023-01-30 09:45:00,341.976875927778,146.008603872222,146.028047527778,18.96666663,-2.054,27.4,2,5.1764362714980825,70.66250196097344,9,0,1,0.7071067811865476,-0.7071067811865475,0.0,1.0,0.4999999999999999,0.8660254037844387,53.25,32.625,12.375,2.35,10.625,88.75,78.5,-6.375,3.0547366,0.0,-3.15,19.090740756666666,26.683333333333334,26.65,26.683333333333334,26.65,27.78333333333333,-21.02066663,-0.1925926233333363,-0.012,-2.042,-1.913333333333333,19.117901214444448,-2.087999999999998,4.4543324,4.3873897,4.3996367,4.342097,4.549839,0,0.0,1,1.0,-0.94,23.7,76.3
2023-01-30 10:00:00,109.552006727774,39.216209072222,39.22870862222,19.090740756666666,-1.913333333333333,27.78333333333333,1,5.1764362714980825,70.66250196097344,10,0,1,0.4999999999999999,-0.8660254037844387,0.0,1.0,0.4999999999999999,0.8660254037844387,67.0,46.375,17.958333333333332,1.9,10.8,85.0,77.0,-6.4,3.0497985,0.0,-2.9,18.91666665,27.4,26.683333333333334,26.65,26.683333333333334,27.15,-21.00407409,0.1240741266666667,0.1406666666666665,-2.054,-1.9446666666666663,19.072222213333333,-2.003111111111109,4.549839,4.4543324,4.3873897,4.3996367,4.4006796,0,0.0,1,1.0,-0.91,22.5,77.5
2023-01-30 10:15:00,220.371740311112,160.056097483334,160.082207605554,18.91666665,-1.9446666666666663,27.15,2,5.1764362714980825,70.66250196097344,10,0,1,0.4999999999999999,-0.8660254037844387,0.0,1.0,0.4999999999999999,0.8660254037844387,108.25,67.0,26.979166666666668,2.2,11.525,88.75,75.5,-6.275,3.0705152,0.0,-2.525,19.20555556,27.78333333333333,27.4,26.683333333333334,26.65,26.816666666666663,-20.861333316666663,-0.1740741066666657,-0.0313333333333332,-1.913333333333333,-1.9213333333333331,18.991358012222225,-1.9706666666666648,4.4006796,4.549839,4.4543324,4.3873897,4.421359,0,0.0,1,1.0,-0.95,24.3,75.7
2023-01-30 10:30:00,116.981987316662,47.837530872222,47.850030405554,19.20555556,-1.9213333333333331,26.816666666666663,1,5.1764362714980825,70.66250196097344,10,0,1,0.4999999999999999,-0.8660254037844387,0.0,1.0,0.4999999999999999,0.8660254037844387,149.5,94.5,39.4375,2.5,12.25,92.5,74.0,-6.15,3.0898905,0.0,-2.15,19.08333332,27.15,27.78333333333333,27.4,26.683333333333334,26.9,-21.126888893333334,0.2888889100000007,0.0233333333333332,-1.9446666666666663,-1.7833333333333334,19.07098765555556,-1.9264444444444424,4.421359,4.4006796,4.549839,4.4543324,4.4032583,0,0.0,1,1.0,-0.89,21.7,78.3
2023-01-30 10:45:00,124.163644322224,65.972916527778,65.98791596111,19.08333332,-1.7833333333333334,26.9,1,5.1764362714980825,70.66250196097344,10,0,1,0.4999999999999999,-0.8660254037844387,0.0,1.0,0.4999999999999999,0.8660254037844387,190.75,128.875,55.333333333333336,2.8,12.975,96.25,72.5,-6.025,3.1078491,0.0,-1.775,18.905555536666668,26.816666666666663,27.15,27.78333333333333,27.4,27.466666666666665,-20.866666653333336,-0.1222222399999992,0.1379999999999999,-1.9213333333333331,-1.6346666666666667,19.06851851,-1.8831111111111087,4.4032583,4.421359,4.4006796,4.549839,4.449087,0,0.0,0,1.0,-0.92,22.8,77.2
2023-01-30 11:00:00,205.28651054444,147.35910541666598,147.38382666111,18.905555536666668,-1.6346666666666667,27.466666666666665,2,5.1764362714980825,70.66250196097344,11,0,1,0.258819045102521,-0.9659258262890682,0.0,1.0,0.4999999999999999,0.8660254037844387,232.0,170.125,74.66666666666667,3.1,13.7,100.0,71.0,-5.9,3.1243124,0.0,-1.4,19.12777776,26.9,26.816666666666663,27.15,27.78333333333333,27.2,-20.540222203333336,-0.1777777833333331,0.1486666666666667,-1.7833333333333334,-1.6700000000000002,19.06481480555556,-1.7797777777777757,4.449087,4.4032583,4.421359,4.4006796,4.46405,0,0.0,1,1.0,-0.96,24.3,75.7
2023-01-30 11:15:00,71.902679377776,0.0,0.0,19.12777776,-1.6700000000000002,27.2,0,5.1764362714980825,70.66250196097344,11,0,1,0.258819045102521,-0.9659258262890682,0.0,1.0,0.4999999999999999,0.8660254037844387,191.75,191.0,90.39583333333331,3.3,13.7,100.0,71.75,-5.875,3.1353674,0.05,-1.5,18.901851833333332,27.466666666666665,26.9,26.816666666666663,27.15,27.65,-20.79777776,0.2222222233333326,-0.0353333333333334,-1.6346666666666667,-2.0326666666666666,19.038888872222227,-1.695999999999998,4.46405,4.449087,4.4032583,4.421359,4.4778037,1,1.0,1,0.75,-0.91,22.3,77.7
2023-01-30 11:30:00,531.669010172222,107.775411044444,107.79513252222,18.901851833333332,-2.0326666666666666,27.65,2,5.1764362714980825,70.66250196097344,11,0,1,0.258819045102521,-0.9659258262890682,0.0,1.0,0.4999999999999999,0.8660254037844387,151.5,191.5,102.52083333333331,3.5,13.7,100.0,72.5,-5.85,3.1460993,0.1,-1.6,18.82777776,27.2,27.466666666666665,26.9,26.816666666666663,28.35,-20.934518500000003,-0.2259259266666653,-0.3626666666666664,-1.6700000000000002,-1.8613333333333333,18.978395043333336,-1.779111111111109,4.4778037,4.46405,4.449087,4.4032583,4.571117,0,1.0,1,0.75,-0.96,24.3,75.7
2023-01-30 11:45:00,1362.683268272222,146.53774933889,146.562748372222,18.82777776,-1.8613333333333333,28.35,2,5.1764362714980825,70.66250196097344,11,0,1,0.258819045102521,-0.9659258262890682,0.0,1.0,0.4999999999999999,0.8660254037844387,111.25,171.625,111.04166666666669,3.7,13.7,100.0,73.25,-5.825,3.156511,0.15,-1.7,18.85555552,27.65,27.2,27.466666666666665,26.9,28.316666666666663,-20.68911109333333,-0.0740740733333353,0.1713333333333331,-2.0326666666666666,-1.9953333333333332,18.952469117777778,-1.854666666666665,4.571117,4.4778037,4.46405,4.449087,4.5732427,0,1.0,0,0.75,-0.97,24.8,75.2
2023-01-30 12:00:00,609.929768483334,104.367769572222,104.3866577,18.85555552,-1.9953333333333332,28.316666666666663,2,5.1764362714980825,70.66250196097344,12,0,1,1.2246467991473532e-16,-1.0,0.0,1.0,0.4999999999999999,0.8660254037844387,71.0,131.375,115.95833333333331,3.9,13.7,100.0,74.0,-5.8,3.1666062,0.2,-1.8,18.67222221,28.35,27.65,27.2,27.466666666666665,29.2,-20.85088885333333,0.0277777599999993,-0.1339999999999999,-1.8613333333333333,-1.948,18.861728371111116,-1.9631111111111093,4.5732427,4.571117,4.4778037,4.46405,4.6650596,0,1.0,0,0.75,-0.96,24.6,75.4
2023-01-30 12:15:00,216.283292805554,158.550602172222,158.575601205554,18.67222221,-1.948,29.2,2,5.1764362714980825,70.66250196097344,12,0,1,1.2246467991473532e-16,-1.0,0.0,1.0,0.4999999999999999,0.8660254037844387,67.25,100.25,119.41666666666669,3.475,13.425,100.0,74.75,-5.7,3.1931098,0.25,-1.825,19.05370371333333,28.316666666666663,28.35,27.65,27.2,31.08333333333333,-20.62022221,-0.1833333100000018,0.0473333333333334,-1.9953333333333332,-1.864,18.78518516333333,-1.9348888888888869,4.6650596,4.5732427,4.571117,4.4778037,5.079141,0,0.0,0,1.0,-1.0,26.1,73.9
2023-01-30 12:30:00,359.209520011108,301.7329302,301.773484177776,19.05370371333333,-1.864,31.08333333333333,2,5.1764362714980825,70.66250196097344,12,0,1,1.2246467991473532e-16,-1.0,0.0,1.0,0.4999999999999999,0.8660254037844387,63.5,78.25,121.41666666666669,3.05,13.15,100.0,75.5,-5.6,3.2195094,0.3,-1.85,19.51111111,29.2,28.316666666666663,28.35,27.65,30.75,-20.91770371333333,0.3814815033333367,0.0839999999999998,-1.948,-1.8533333333333333,18.860493814444443,-1.935777777777776,5.079141,4.6650596,4.5732427,4.571117,5.1618586,0,0.0,0,1.0,-0.9,22.2,77.8
2023-01-30 12:45:00,59.720666561114,0.0,0.0,19.51111111,-1.8533333333333333,30.75,0,5.1764362714980825,70.66250196097344,12,0,1,1.2246467991473532e-16,-1.0,0.0,1.0,0.4999999999999999,0.8660254037844387,59.75,65.375,121.95833333333331,2.625,12.875,100.0,76.25,-5.5,3.245806,0.35,-1.875,19.19814816,31.08333333333333,29.2,28.316666666666663,28.35,30.216666666666665,-21.364444443333333,0.4574073966666674,0.0106666666666668,-1.864,-1.712,19.079012344444447,-1.8884444444444424,5.1618586,5.079141,4.6650596,4.5732427,4.979756,1,1.0,1,0.75,-0.8,18.5,81.5
2023-01-30 13:00:00,135.087651911108,93.214326844444,93.232937249998,19.19814816,-1.712,30.216666666666665,2,5.1764362714980825,70.66250196097344,13,0,1,-0.2588190451025208,-0.9659258262890684,0.0,1.0,0.4999999999999999,0.8660254037844387,56.0,61.625,121.04166666666669,2.2,12.6,100.0,77.0,-5.4,3.2719994,0.4,-1.9,19.06111114,30.75,31.08333333333333,29.2,28.316666666666663,30.8,-20.91014816,-0.3129629499999993,0.1413333333333333,-1.8533333333333333,-1.7066666666666668,19.254320994444445,-1.809777777777776,4.979756,5.1618586,5.079141,4.6650596,5.035045,0,1.0,1,0.75,-0.87,21.1,78.9
2023-01-30 13:15:00,350.805689427778,177.413736516666,177.441513238886,19.06111114,-1.7066666666666668,30.8,2,5.1764362714980825,70.66250196097344,13,0,1,-0.2588190451025208,-0.9659258262890684,0.0,1.0,0.4999999999999999,0.8660254037844387,60.5,59.9375,117.0625,2.5250000000000004,12.425,100.0,77.25,-5.300000000000001,3.2941334,0.375,-1.85,19.30370372333333,30.216666666666665,30.75,31.08333333333333,29.2,30.35,-20.767777806666665,-0.1370370200000046,0.0053333333333331,-1.712,-1.7846666666666666,19.256790136666663,-1.7573333333333314,5.035045,4.979756,5.1618586,5.079141,5.0329247,0,1.0,0,0.75,-0.9,22.2,77.8
2023-01-30 13:30:00,693.321154927778,79.987355894446,80.004577472222,19.30370372333333,-1.7846666666666666,30.35,2,5.1764362714980825,70.66250196097344,13,0,1,-0.2588190451025208,-0.9659258262890684,0.0,1.0,0.4999999999999999,0.8660254037844387,65.0,60.3125,110.02083333333331,2.85,12.25,100.0,77.5,-5.2,3.3163779,0.35,-1.7999999999999998,19.16666666,30.8,30.216666666666665,30.75,31.08333333333333,29.65,-21.08837039,0.2425925833333373,-0.0779999999999998,-1.7066666666666668,-1.654,19.187654341111116,-1.7344444444444422,5.0329247,5.035045,4.979756,5.1618586,4.877311,0,1.0,0,0.75,-0.85,20.2,79.8
2023-01-30 13:45:00,100.981793916666,43.887133344444,43.900188405554,19.16666666,-1.654,29.65,1,5.1764362714980825,70.66250196097344,13,0,1,-0.2588190451025208,-0.9659258262890684,0.0,1.0,0.4999999999999999,0.8660254037844387,69.5,62.75,99.91666666666669,3.175,12.075,100.0,77.75,-5.1,3.3387332,0.325,-1.75,18.831481470000003,30.35,30.8,30.216666666666665,30.75,29.683333333333334,-20.82066666,-0.1370370633333379,0.1306666666666667,-1.7846666666666666,-1.5993333333333335,19.17716050777777,-1.715111111111109,4.877311,5.0329247,5.035045,4.979756,4.78715,0,0.0,1,1.0,-0.88,21.5,78.5
2023-01-30 14:00:00,547.945581433328,124.9350024,124.958612588888,18.831481470000003,-1.5993333333333335,29.683333333333334,2,5.1764362714980825,70.66250196097344,14,0,1,-0.4999999999999997,-0.8660254037844388,0.0,1.0,0.4999999999999999,0.8660254037844387,74.0,67.25,86.75,3.5,11.9,100.0,78.0,-5.0,3.3611994,0.3,-1.7,18.76111113,29.65,30.35,30.8,30.216666666666665,29.65,-20.430814803333337,-0.3351851899999936,0.0546666666666664,-1.654,-1.4293333333333331,19.100617284444446,-1.6793333333333311,4.78715,4.877311,5.0329247,5.035045,4.761923,0,0.0,1,1.0,-0.96,24.5,75.5
2023-01-30 14:15:00,155.295454616666,100.273211127778,100.290988233332,18.76111113,-1.4293333333333331,29.65,2,5.1764362714980825,70.66250196097344,14,0,1,-0.4999999999999997,-0.8660254037844388,0.0,1.0,0.4999999999999999,0.8660254037844387,87.0,73.875,78.02083333333333,3.625,12.425,100.0,77.5,-4.975,3.3689487,0.25,-1.575,18.62222221333333,29.683333333333334,29.65,30.35,30.8,29.683333333333334,-20.19044446333333,-0.0703703400000037,0.1700000000000001,-1.5993333333333335,-1.3153333333333337,18.91975308666667,-1.560888888888887,4.761923,4.78715,4.877311,5.0329247,4.728266,0,0.0,0,1.0,-0.98,25.2,74.8
2023-01-30 14:30:00,185.9750607,144.013961394446,144.038682655556,18.62222221333333,-1.3153333333333337,29.683333333333334,2,5.1764362714980825,70.66250196097344,14,0,1,-0.4999999999999997,-0.8660254037844388,0.0,1.0,0.4999999999999999,0.8660254037844387,100.0,82.625,73.72916666666667,3.75,12.95,100.0,77.0,-4.95,3.3765438,0.2,-1.45,18.83888889,29.65,29.683333333333334,29.65,30.35,29.6,-19.937555546666665,-0.1388889166666693,0.1139999999999998,-1.4293333333333331,-1.3733333333333333,18.73827160444445,-1.447999999999998,4.728266,4.761923,4.78715,4.877311,4.7757993,0,0.0,0,1.0,-1.01,26.5,73.5
2023-01-30 14:45:00,211.369322655556,169.435166755556,169.463221249998,18.83888889,-1.3733333333333333,29.6,2,5.1764362714980825,70.66250196097344,14,0,1,-0.4999999999999997,-0.8660254037844388,0.0,1.0,0.4999999999999999,0.8660254037844387,113.0,93.5,73.875,3.875,13.475,100.0,76.5,-4.925000000000001,3.3839817,0.15,-1.325,19.19999998,29.683333333333334,29.65,29.683333333333334,29.65,28.85,-20.21222222333333,0.2166666766666694,-0.0579999999999998,-1.3153333333333337,-1.32,18.740740744444448,-1.3726666666666645,4.7757993,4.728266,4.761923,4.78715,4.7550454,0,0.0,0,1.0,-0.96,24.5,75.5
2023-01-30 15:00:00,96.24337227778,44.2523965,44.264062716666,19.19999998,-1.32,28.85,1,5.1764362714980825,70.66250196097344,15,0,1,-0.7071067811865471,-0.7071067811865479,0.0,1.0,0.4999999999999999,0.8660254037844387,126.0,106.5,78.45833333333333,4.0,14.0,100.0,76.0,-4.9,3.3912597,0.1,-1.2,19.01666663,29.6,29.683333333333334,29.65,29.683333333333334,28.55,-20.51999998,0.3611110899999978,0.0533333333333332,-1.3733333333333333,-1.31,18.887037027777776,-1.3362222222222202,4.7550454,4.7757993,4.728266,4.761923,4.655002,0,0.0,1,1.0,-0.88,21.4,78.6
2023-01-30 15:15:00,134.650724772226,80.0376317,80.05401994444401,19.01666663,-1.31,28.55,2,5.1764362714980825,70.66250196097344,15,0,1,-0.7071067811865471,-0.7071067811865479,0.0,1.0,0.4999999999999999,0.8660254037844387,109.75,112.1875,82.0,3.7,13.825,100.0,76.25,-4.875,3.4024153,0.075,-1.2,18.90185183,28.85,29.6,29.683333333333334,29.65,28.966666666666665,-20.32666663,-0.183333349999998,0.01,-1.32,-1.1493333333333335,19.0185185,-1.3344444444444423,4.655002,4.7550454,4.7757993,4.728266,4.6910334,0,0.0,1,1.0,-0.92,23.0,77.0
2023-01-30 15:30:00,218.340710488888,160.695238583334,160.72162644444398,18.90185183,-1.1493333333333335,28.966666666666665,2,5.1764362714980825,70.66250196097344,15,0,1,-0.7071067811865471,-0.7071067811865479,0.0,1.0,0.4999999999999999,0.8660254037844387,93.5,110.5625,84.5,3.4,13.65,100.0,76.5,-4.85,3.4135704,0.05,-1.2,19.20000001,28.55,28.85,29.6,29.683333333333334,28.6,-20.051185163333333,-0.1148148000000013,0.1606666666666665,-1.31,-0.976,19.039506146666668,-1.259777777777776,4.6910334,4.655002,4.7550454,4.7757993,4.7138405,0,0.0,0,1.0,-0.95,24.0,76.0
2023-01-30 15:45:00,150.178992550002,93.717362272222,93.735694905554,19.20000001,-0.976,28.6,2,5.1764362714980825,70.66250196097344,15,0,1,-0.7071067811865471,-0.7071067811865479,0.0,1.0,0.4999999999999999,0.8660254037844387,77.25,101.625,85.95833333333333,3.1,13.475,100.0,76.75,-4.825,3.4247262,0.0249999999999999,-1.2,19.187037003333334,28.966666666666665,28.55,28.85,29.6,28.03333333333333,-20.17600001,0.2981481800000019,0.1733333333333334,-1.1493333333333335,-0.9533333333333333,19.039506156666665,-1.145111111111109,4.7138405,4.6910334,4.655002,4.7550454,4.6169147,0,0.0,0,1.0,-0.88,21.4,78.6
2023-01-30 16:00:00,70.233301688888,28.274424511112,28.286646255556,19.187037003333334,-0.9533333333333333,28.03333333333333,1,5.1764362714980825,70.66250196097344,16,0,1,-0.8660254037844385,-0.5000000000000004,0.0,1.0,0.4999999999999999,0.8660254037844387,61.0,85.375,86.375,2.8,13.3,100.0,77.0,-4.8,3.4358816,0.0,-1.2,18.84444444,28.6,28.966666666666665,28.55,28.85,28.35,-20.140370336666667,-0.0129630066666663,0.0226666666666668,-0.976,-0.842,19.096296281111112,-1.02622222222222,4.6169147,4.7138405,4.6910334,4.655002,4.5756216,0,0.0,1,1.0,-0.89,21.7,78.3
2023-01-30 16:15:00,186.213384516666,144.269784527778,144.29395026111,18.84444444,-0.842,28.35,2,5.1764362714980825,70.66250196097344,16,0,1,-0.8660254037844385,-0.5000000000000004,0.0,1.0,0.4999999999999999,0.8660254037844387,54.25,71.5,85.85416666666667,3.375,13.225,100.0,77.25,-4.75,3.4410427,0.025,-1.225,19.05555554,28.03333333333333,28.6,28.966666666666665,28.55,28.316666666666663,-19.68644444,-0.3425925633333335,0.1113333333333332,-0.9533333333333333,-0.936,19.077160484444445,-0.9237777777777756,4.5756216,4.6169147,4.7138405,4.6910334,4.627565,0,0.0,1,1.0,-0.96,24.7,75.3
2023-01-30 16:30:00,228.02310096111,175.778524144444,175.805467549998,19.05555554,-0.936,28.316666666666663,2,5.1764362714980825,70.66250196097344,16,0,1,-0.8660254037844385,-0.5000000000000004,0.0,1.0,0.4999999999999999,0.8660254037844387,47.5,60.0,84.39583333333333,3.95,13.15,100.0,77.5,-4.699999999999999,3.4461744,0.05,-1.25,19.32222224,28.35,28.03333333333333,28.6,28.966666666666665,27.65,-19.99155554,0.2111111000000001,-0.0939999999999999,-0.842,-0.9766666666666668,19.029012327777775,-0.9104444444444424,4.627565,4.5756216,4.6169147,4.7138405,4.5901856,0,0.0,0,1.0,-0.92,22.7,77.3
2023-01-30 16:45:00,67.865896288892,14.856627911112,14.86634973889,19.32222224,-0.9766666666666668,27.65,1,5.1764362714980825,70.66250196097344,16,0,1,-0.8660254037844385,-0.5000000000000004,0.0,1.0,0.4999999999999999,0.8660254037844387,40.75,50.875,82.0,4.525,13.075,100.0,77.75,-4.65,3.451277,0.075,-1.275,18.97592596,28.316666666666663,28.35,28.03333333333333,28.6,27.683333333333334,-20.298888906666665,0.2666666999999982,-0.0406666666666667,-0.936,-1.1366666666666667,19.074074073333332,-0.9182222222222202,4.5901856,4.627565,4.5756216,4.6169147,4.5028534,0,0.0,1,1.0,-0.86,20.6,79.4
2023-01-30 17:00:00,165.082840788892,107.448479688888,107.467923344444,18.97592596,-1.1366666666666667,27.683333333333334,2,5.1764362714980825,70.66250196097344,17,0,1,-0.9659258262890684,-0.2588190451025206,0.0,1.0,0.4999999999999999,0.8660254037844387,34.0,44.125,78.66666666666667,5.1,13.0,100.0,78.0,-4.6,3.4563498,0.1,-1.3,18.90555554,27.65,28.316666666666663,28.35,28.03333333333333,27.95,-20.112592626666665,-0.3462962800000007,-0.16,-0.9766666666666668,-1.2733333333333334,19.117901246666666,-1.0164444444444425,4.5028534,4.5901856,4.627565,4.5756216,4.5273786,0,0.0,1,1.0,-0.94,23.6,76.4
2023-01-30 17:15:00,213.3464658,155.920707355556,155.944595316666,18.90555554,-1.2733333333333334,27.95,2,5.1764362714980825,70.66250196097344,17,0,1,-0.9659258262890684,-0.2588190451025206,0.0,1.0,0.4999999999999999,0.8660254037844387,27.75,37.5,73.72916666666667,4.975,13.0,100.0,78.75,-4.574999999999999,3.471392,0.125,-1.375,18.966666676666662,27.683333333333334,27.65,28.316666666666663,28.35,27.53333333333333,-20.17888887333333,-0.0703704199999961,-0.1366666666666667,-1.1366666666666667,-1.4226666666666667,19.067901246666665,-1.1288888888888868,4.5273786,4.5028534,4.5901856,4.627565,4.476008,0,0.0,0,1.0,-0.95,24.2,75.8
2023-01-30 17:30:00,149.62957024444,107.754023033332,107.772911194442,18.966666676666662,-1.4226666666666667,27.53333333333333,2,5.1764362714980825,70.66250196097344,17,0,1,-0.9659258262890684,-0.2588190451025206,0.0,1.0,0.4999999999999999,0.8660254037844387,21.5,31.0,67.1875,4.85,13.0,100.0,79.5,-4.55,3.486172,0.15,-1.4500000000000002,18.78333331,27.95,27.683333333333334,27.65,28.316666666666663,27.85,-20.38933334333333,0.0611111366666641,-0.1493333333333333,-1.2733333333333334,-1.4520000000000002,18.949382725555555,-1.2775555555555536,4.476008,4.5273786,4.5028534,4.5901856,4.478716,0,0.0,0,1.0,-0.94,23.7,76.3
2023-01-30 17:45:00,204.669035111112,162.802932055556,162.8276533,18.78333331,-1.4520000000000002,27.85,2,5.1764362714980825,70.66250196097344,17,0,1,-0.9659258262890684,-0.2588190451025206,0.0,1.0,0.4999999999999999,0.8660254037844387,15.25,24.625,59.04166666666666,4.725,13.0,100.0,80.25,-4.525,3.5006907,0.175,-1.525,19.083333340000003,27.53333333333333,27.95,27.683333333333334,27.65,27.816666666666663,-20.23533331,-0.1833333666666661,-0.0293333333333334,-1.4226666666666667,-1.4426666666666668,18.88518517555556,-1.3826666666666647,4.478716,4.476008,4.5273786,4.5028534,4.5533075,0,0.0,0,1.0,-0.98,25.3,74.7
2023-01-30 18:00:00,201.775262049998,149.800396627778,149.82289572777802,19.083333340000003,-1.4426666666666668,27.816666666666663,2,5.1764362714980825,70.66250196097344,18,0,1,-1.0,-1.8369701987210294e-16,0.0,1.0,0.4999999999999999,0.8660254037844387,9.0,18.375,49.29166666666666,4.6,13.0,100.0,81.0,-4.5,3.5149522,0.2,-1.6,19.24444446,27.85,27.53333333333333,27.95,27.683333333333334,27.15,-20.52600000666667,0.3000000300000032,0.0093333333333334,-1.4520000000000002,-1.492,18.944444442222224,-1.4391111111111092,4.5533075,4.478716,4.476008,4.5273786,4.486585,0,0.0,0,1.0,-0.91,22.6,77.4
2023-01-30 18:15:00,58.58932291667,0.0,0.0,19.24444446,-1.492,27.15,0,5.1764362714980825,70.66250196097344,18,0,1,-1.0,-1.8369701987210294e-16,0.0,1.0,0.4999999999999999,0.8660254037844387,6.75,13.125,40.708333333333336,4.6,12.35,100.0,81.5,-4.45,3.5243173,0.2,-1.65,18.90555554,27.816666666666663,27.85,27.53333333333333,27.95,27.183333333333334,-20.73644446,0.1611111199999975,-0.0493333333333332,-1.4426666666666668,-1.5033333333333334,19.03703703666667,-1.46222222222222,4.486585,4.5533075,4.478716,4.476008,4.4031925,1,1.0,1,0.75,-0.88,21.3,78.7
2023-01-30 18:30:00,171.138431988888,107.1382143,107.162380066664,18.90555554,-1.5033333333333334,27.183333333333334,2,5.1764362714980825,70.66250196097344,18,0,1,-1.0,-1.8369701987210294e-16,0.0,1.0,0.4999999999999999,0.8660254037844387,4.5,8.875,33.291666666666664,4.6,11.7,100.0,82.0,-4.4,3.5335686,0.2,-1.7000000000000002,18.87777779,27.15,27.816666666666663,27.85,27.53333333333333,27.5,-20.408888873333336,-0.3388889199999987,-0.0113333333333334,-1.492,-1.634,19.07777778,-1.4793333333333314,4.4031925,4.486585,4.5533075,4.478716,4.4471827,0,1.0,1,0.75,-0.96,24.3,75.7
2023-01-30 18:45:00,297.723924033328,169.620992705554,169.68571238333,18.87777779,-1.634,27.5,2,5.1764362714980825,70.66250196097344,18,0,1,-1.0,-1.8369701987210294e-16,0.0,1.0,0.4999999999999999,0.8660254037844387,2.25,5.625,27.041666666666668,4.6,11.05,100.0,82.5,-4.35,3.5427072,0.2,-1.75,19.13703702333333,27.183333333333334,27.15,27.816666666666663,27.85,27.5,-20.51177779,-0.027777750000002,-0.1306666666666667,-1.5033333333333334,-1.6566666666666667,19.00925926333333,-1.543111111111109,4.4471827,4.4031925,4.486585,4.5533075,4.515751,0,1.0,0,0.75,-0.96,24.5,75.5
2023-01-30 19:00:00,259.381846544444,135.097929183334,135.174592833332,19.13703702333333,-1.6566666666666667,27.5,2,5.1764362714980825,70.66250196097344,19,0,1,-0.9659258262890684,0.2588190451025203,0.0,1.0,0.4999999999999999,0.8660254037844387,0.0,3.375,21.95833333333333,4.6,10.4,100.0,83.0,-4.3,3.551734,0.2,-1.8,19.02222219,27.5,27.183333333333334,27.15,27.816666666666663,27.55,-20.79370369,0.259259233333335,-0.0226666666666666,-1.634,-1.5,18.973456784444448,-1.597999999999998,4.515751,4.4471827,4.4031925,4.486585,4.4934273,0,1.0,0,0.75,-0.9,22.2,77.8
2023-01-30 19:15:00,203.39047513889,116.814216127778,116.8719916,19.02222219,-1.5,27.55,2,5.1764362714980825,70.66250196097344,19,0,1,-0.9659258262890684,0.2588190451025203,0.0,1.0,0.4999999999999999,0.8660254037844387,0.0,1.6875,17.4375,4.175,10.95,100.0,83.5,-4.425,3.5172677,0.2,-2.025,19.035185196666664,27.5,27.5,27.183333333333334,27.15,27.966666666666665,-20.52222219,-0.1148148333333374,0.1566666666666667,-1.6566666666666667,-1.6346666666666667,19.012345667777776,-1.5968888888888868,4.4934273,4.515751,4.4471827,4.4031925,4.5648766,0,0.0,0,1.0,-0.93,23.2,76.8
2023-01-30 19:30:00,274.852616588888,129.157333516666,129.214553477776,19.035185196666664,-1.6346666666666667,27.966666666666665,2,5.1764362714980825,70.66250196097344,19,0,1,-0.9659258262890684,0.2588190451025203,0.0,1.0,0.4999999999999999,0.8660254037844387,0.0,0.5625,13.479166666666666,3.75,11.5,100.0,84.0,-4.55,3.4829059,0.2,-2.25,19.17222225,27.55,27.5,27.5,27.183333333333334,27.7,-20.66985186333333,0.0129630066666663,-0.1346666666666667,-1.5,-1.7366666666666668,19.06481480333333,-1.597111111111109,4.5648766,4.4934273,4.515751,4.4471827,4.5580363,0,0.0,0,1.0,-0.92,23.0,77.0
2023-01-30 19:45:00,375.790801133332,37.117126372222,37.176290672222,19.17222225,-1.7366666666666668,27.7,1,5.1764362714980825,70.66250196097344,19,0,1,-0.9659258262890684,0.2588190451025203,0.0,1.0,0.4999999999999999,0.8660254037844387,0.0,0.0,10.083333333333334,3.325,12.05,100.0,84.5,-4.675,3.4486527,0.2,-2.475,18.92777777,27.966666666666665,27.55,27.5,27.5,27.966666666666665,-20.90888891666667,0.1370370533333371,-0.102,-1.6346666666666667,-1.71,19.076543212222223,-1.6237777777777758,4.5580363,4.5648766,4.4934273,4.515751,4.536028,0,0.0,1,1.0,-0.89,21.8,78.2
2023-01-30 20:00:00,260.420138411108,139.9877336,140.068563733332,18.92777777,-1.71,27.966666666666665,2,5.1764362714980825,70.66250196097344,20,0,1,-0.8660254037844386,0.5000000000000001,0.0,1.0,0.4999999999999999,0.8660254037844387,0.0,0.0,7.25,2.9,12.6,100.0,85.0,-4.8,3.4145126,0.2,-2.7,19.13333331,27.7,27.966666666666665,27.55,27.5,27.6,-20.63777777,-0.244444480000002,0.0266666666666668,-1.7366666666666668,-1.8173333333333328,19.045061738888887,-1.6937777777777756,4.536028,4.5580363,4.5648766,4.4934273,4.531182,0,0.0,1,1.0,-0.95,24.0,76.0
2023-01-30 20:15:00,177.079583233332,55.210847044444,55.287232905554,19.13333331,-1.8173333333333328,27.6,1,5.1764362714980825,70.66250196097344,20,0,1,-0.8660254037844386,0.5000000000000001,0.0,1.0,0.4999999999999999,0.8660254037844387,0.0,0.0,4.9375,3.5,11.975,100.0,85.25,-4.725,3.4366467,0.2,-2.6500000000000004,19.048148153333333,27.966666666666665,27.7,27.966666666666665,27.55,27.03333333333333,-20.95066664333333,0.2055555400000024,-0.1073333333333332,-1.71,-2.06,19.077777776666668,-1.7546666666666646,4.531182,4.536028,4.5580363,4.5648766,4.415908,0,0.0,1,1.0,-0.9,22.2,77.8
2023-01-30 20:30:00,180.389450933328,73.729272944444,73.80732542222,19.048148153333333,-2.06,27.03333333333333,2,5.1764362714980825,70.66250196097344,20,0,1,-0.8660254037844386,0.5000000000000001,0.0,1.0,0.4999999999999999,0.8660254037844387,0.0,0.0,3.145833333333333,4.1,11.35,100.0,85.5,-4.65,3.4588888,0.2,-2.6,18.84999997,27.6,27.966666666666665,27.7,27.966666666666665,27.3,-21.10814815333333,-0.0851851566666681,-0.2426666666666668,-1.8173333333333328,-1.9386666666666663,19.036419744444444,-1.8624444444444423,4.415908,4.531182,4.536028,4.5580363,4.4076,0,0.0,1,1.0,-0.93,23.1,76.9
2023-01-30 20:45:00,259.572116799996,150.060664,150.14788276111,18.84999997,-1.9386666666666663,27.3,2,5.1764362714980825,70.66250196097344,20,0,1,-0.8660254037844386,0.5000000000000001,0.0,1.0,0.4999999999999999,0.8660254037844387,0.0,0.0,1.875,4.7,10.725,100.0,85.75,-4.575,3.4812403,0.2,-2.55,18.94814815,27.03333333333333,27.6,27.966666666666665,27.7,27.03333333333333,-20.788666636666665,-0.198148183333334,0.1213333333333335,-2.06,-1.8033333333333332,19.010493811111115,-1.9386666666666643,4.4076,4.415908,4.531182,4.536028,4.3899226,0,0.0,0,1.0,-0.97,24.8,75.2
2023-01-30 21:00:00,218.779304011112,105.683272533332,105.762436066664,18.94814815,-1.8033333333333332,27.03333333333333,2,5.1764362714980825,70.66250196097344,21,0,1,-0.7071067811865477,0.7071067811865474,0.0,1.0,0.4999999999999999,0.8660254037844387,0.0,0.0,1.125,5.3,10.1,100.0,86.0,-4.5,3.503701,0.2,-2.5,18.88333332,27.3,27.03333333333333,27.6,27.966666666666665,27.0,-20.751481483333336,0.0981481800000025,0.135333333333333,-1.9386666666666663,-1.9126666666666663,18.94876542444445,-1.9339999999999984,4.3899226,4.4076,4.415908,4.531182,4.3677588,0,0.0,0,1.0,-0.95,24.0,76.0
2023-01-30 21:15:00,278.274979572226,163.691229872222,163.778726405554,18.88333332,-1.9126666666666663,27.0,2,5.1764362714980825,70.66250196097344,21,0,1,-0.7071067811865477,0.7071067811865474,0.0,1.0,0.4999999999999999,0.8660254037844387,0.0,0.0,0.5625,5.75,11.0,100.0,85.5,-4.55,3.489465,0.175,-2.475,19.124074086666667,27.03333333333333,27.3,27.03333333333333,27.6,26.816666666666663,-20.79599998666667,-0.0648148299999995,-0.109333333333333,-1.8033333333333332,-1.9206666666666663,18.89382714666667,-1.8848888888888868,4.3677588,4.3899226,4.4076,4.415908,4.400176,0,0.0,0,1.0,-0.96,24.6,75.4
2023-01-30 21:30:00,136.264271427778,11.454264077776,11.525650138886,19.124074086666667,-1.9206666666666663,26.816666666666663,1,5.1764362714980825,70.66250196097344,21,0,1,-0.7071067811865477,0.7071067811865474,0.0,1.0,0.4999999999999999,0.8660254037844387,0.0,0.0,0.1875,6.2,11.9,100.0,85.0,-4.6,3.4751663,0.15,-2.45,18.92777775,27.0,27.03333333333333,27.3,27.03333333333333,26.85,-21.044740753333333,0.240740766666665,-0.008,-1.9126666666666663,-1.9586666666666663,18.98518518555556,-1.8788888888888868,4.400176,4.3677588,4.3899226,4.4076,4.3549113,0,0.0,1,1.0,-0.91,22.5,77.5
2023-01-30 21:45:00,222.045840127774,117.179201544444,117.245587805554,18.92777775,-1.9586666666666663,26.85,2,5.1764362714980825,70.66250196097344,21,0,1,-0.7071067811865477,0.7071067811865474,0.0,1.0,0.4999999999999999,0.8660254037844387,0.0,0.0,0.0,6.65,12.8,100.0,84.5,-4.65,3.460805,0.125,-2.425,19.05925924,26.816666666666663,27.0,27.03333333333333,27.3,27.0,-20.886444416666667,-0.1962963366666663,-0.038,-1.9206666666666663,-1.85,18.978395052222226,-1.9306666666666643,4.3549113,4.400176,4.3677588,4.3899226,4.413356,0,0.0,1,1.0,-0.95,24.2,75.8
2023-01-30 22:00:00,156.28735942222,111.008337272222,111.026392116666,19.05925924,-1.85,27.0,2,5.1764362714980825,70.66250196097344,22,0,1,-0.5000000000000004,0.8660254037844384,0.0,1.0,0.4999999999999999,0.8660254037844387,0.0,0.0,0.0,7.1,13.7,100.0,84.0,-4.7,3.4463818,0.1,-2.4,19.17222225,26.85,26.816666666666663,27.0,27.03333333333333,26.7,-20.90925924,0.1314814899999987,0.1086666666666664,-1.9586666666666663,-1.9406666666666663,19.03703702555556,-1.909777777777776,4.413356,4.3549113,4.400176,4.3677588,4.393486,0,0.0,0,1.0,-0.92,23.0,77.0
2023-01-30 22:15:00,87.62316176666,40.127839255556,40.139227733332,19.17222225,-1.9406666666666663,26.7,1,5.1764362714980825,70.66250196097344,22,0,1,-0.5000000000000004,0.8660254037844384,0.0,1.0,0.4999999999999999,0.8660254037844387,0.0,0.0,0.0,7.449999999999999,14.325,99.75,83.5,-4.775,3.4318948,0.075,-2.375,18.92777777,27.0,26.85,26.816666666666663,27.0,26.966666666666665,-21.112888916666662,0.1129630100000014,-0.0906666666666664,-1.85,-2.056,19.053086413333336,-1.9164444444444424,4.393486,4.413356,4.3549113,4.400176,4.373834,0,0.0,1,1.0,-0.9,22.1,77.9
2023-01-30 22:30:00,197.76931124444,142.834564188888,142.855118966664,18.92777777,-2.056,26.966666666666665,2,5.1764362714980825,70.66250196097344,22,0,1,-0.5000000000000004,0.8660254037844384,0.0,1.0,0.4999999999999999,0.8660254037844387,0.0,0.0,0.0,7.8,14.95,99.5,83.0,-4.85,3.4173462,0.05,-2.35,19.17222222,26.7,27.0,26.85,26.816666666666663,26.95,-20.98377777,-0.244444480000002,-0.1153333333333335,-1.9406666666666663,-2.019333333333333,19.053086420000003,-1.948888888888887,4.373834,4.393486,4.413356,4.3549113,4.4346237,0,0.0,1,1.0,-0.95,24.2,75.8
2023-01-30 22:45:00,125.263878061114,72.810698572222,72.8254202,19.17222222,-2.019333333333333,26.95,2,5.1764362714980825,70.66250196097344,22,0,1,-0.5000000000000004,0.8660254037844384,0.0,1.0,0.4999999999999999,0.8660254037844387,0.0,0.0,0.0,8.15,15.575,99.25,82.5,-4.925,3.4027333,0.0249999999999999,-2.325,19.103703696666667,26.966666666666665,26.7,27.0,26.85,26.53333333333333,-21.19155555333333,0.2444444499999996,0.0366666666666666,-2.056,-1.964,19.09074074666667,-2.0053333333333314,4.4346237,4.373834,4.393486,4.413356,4.34846,0,0.0,0,1.0,-0.9,22.0,78.0
2023-01-30 23:00:00,128.810680799996,67.743401288888,67.758400772218,19.103703696666667,-1.964,26.53333333333333,1,5.1764362714980825,70.66250196097344,23,0,1,-0.2588190451025215,0.965925826289068,0.0,1.0,0.4999999999999999,0.8660254037844387,0.0,0.0,0.0,8.5,16.2,99.0,82.0,-5.0,3.388058,0.0,-2.3,18.89444445,26.95,26.966666666666665,26.7,27.0,26.5,-21.067703696666666,-0.0685185233333314,0.0553333333333334,-2.019333333333333,-1.8986666666666667,19.06790122888889,-2.013111111111109,4.34846,4.4346237,4.373834,4.393486,4.289688,0,0.0,1,1.0,-0.92,22.7,77.3
2023-01-30 23:15:00,195.619119405554,136.425098344444,136.445653088888,18.89444445,-1.8986666666666667,26.5,2,5.1764362714980825,70.66250196097344,23,0,1,-0.2588190451025215,0.965925826289068,0.0,1.0,0.4999999999999999,0.8660254037844387,0.0,0.0,0.0,8.775,16.925,99.25,81.75,-5.05,3.3717995,0.0,-2.325,18.879629613333336,26.53333333333333,26.95,26.966666666666665,26.7,26.5,-20.793111116666665,-0.2092592466666687,0.0653333333333332,-1.964,-1.834666666666667,19.05679012222222,-1.9606666666666648,4.289688,4.34846,4.4346237,4.373834,4.2859364,0,0.0,1,1.0,-0.96,24.6,75.4
2023-01-30 23:30:00,151.445608699996,105.3199537,105.338841894442,18.879629613333336,-1.834666666666667,26.5,2,5.1764362714980825,70.66250196097344,23,0,1,-0.2588190451025215,0.965925826289068,0.0,1.0,0.4999999999999999,0.8660254037844387,0.0,0.0,0.0,9.05,17.65,99.5,81.5,-5.1,3.3555865,0.0,-2.35,18.73333336,26.5,26.53333333333333,26.95,26.966666666666665,27.15,-20.714296280000003,-0.0148148366666625,0.064,-1.8986666666666667,-1.736,18.95925925333333,-1.8991111111111088,4.2859364,4.289688,4.34846,4.4346237,4.3532553,0,0.0,0,1.0,-0.97,24.7,75.3
2023-01-30 23:45:00,214.025327594442,164.698411816666,164.719522088888,18.73333336,-1.736,27.15,2,5.1764362714980825,70.66250196097344,23,0,1,-0.2588190451025215,0.965925826289068,0.0,1.0,0.4999999999999999,0.8660254037844387,0.0,0.0,0.0,9.325,18.375,99.75,81.25,-5.15,3.3394186,0.0,-2.375,19.05925925333333,26.5,26.5,26.53333333333333,26.95,26.85,-20.46933336,-0.146296253333336,0.0986666666666666,-1.834666666666667,-1.69,18.83580247444445,-1.823111111111109,4.3532553,4.2859364,4.289688,4.34846,4.388837,0,0.0,0,1.0,-1.0,26.0,74.0
2023-01-31 00:00:00,104.735254955552,51.589603,51.597936049998005,19.05925925333333,-1.69,26.85,1,5.1764362714980825,70.66250196097344,0,1,1,0.0,1.0,0.7818314824680298,0.6234898018587336,0.4999999999999999,0.8660254037844387,0.0,0.0,0.0,9.6,19.1,100.0,81.0,-5.2,3.3232968,0.0,-2.4,19.02222219,27.15,26.5,26.5,26.53333333333333,26.55,-20.74925925333333,0.3259258933333342,0.046,-1.736,-1.7106666666666668,18.890740742222224,-1.753555555555553,4.388837,4.3532553,4.2859364,4.289688,4.3303266,0,0.0,1,1.0,-0.92,23.0,77.0
2023-01-31 00:15:00,151.507828294446,95.029254227778,95.043698133332,19.02222219,-1.7106666666666668,26.55,2,5.1764362714980825,70.66250196097344,0,1,1,0.0,1.0,0.7818314824680298,0.6234898018587336,0.4999999999999999,0.8660254037844387,0.0,0.0,0.0,9.925,20.0,100.0,80.5,-5.275,3.3085933,0.025,-2.375,18.99444446,26.85,27.15,26.5,26.5,26.78333333333333,-20.732888856666666,-0.0370370633333365,-0.0206666666666668,-1.69,-1.744,18.93827160111111,-1.71222222222222,4.3303266,4.388837,4.3532553,4.2859364,4.3612285,0,0.0,1,1.0,-0.93,23.4,76.6
2023-01-31 00:30:00,185.98950445556,124.920280755556,124.938891144444,18.99444446,-1.744,26.78333333333333,2,5.1764362714980825,70.66250196097344,0,1,1,0.0,1.0,0.7818314824680298,0.6234898018587336,0.4999999999999999,0.8660254037844387,0.0,0.0,0.0,10.25,20.9,100.0,80.0,-5.35,3.2938275,0.05,-2.35,19.13888892,26.55,26.85,27.15,26.5,26.2,-20.73844446,-0.0277777299999968,-0.0333333333333332,-1.7106666666666668,-1.756,19.025308634444443,-1.714888888888887,4.3612285,4.3303266,4.388837,4.3532553,4.302748,0,0.0,0,1.0,-0.94,23.6,76.4
2023-01-31 00:45:00,86.78763952222,32.440369016666004,32.451757494442,19.13888892,-1.756,26.2,1,5.1764362714980825,70.66250196097344,0,1,1,0.0,1.0,0.7818314824680298,0.6234898018587336,0.4999999999999999,0.8660254037844387,0.0,0.0,0.0,10.575,21.8,100.0,79.5,-5.425,3.2789974,0.075,-2.325,18.948148156666665,26.78333333333333,26.55,26.85,27.15,26.466666666666665,-20.89488892,0.144444459999999,-0.012,-1.744,-1.7526666666666666,19.05185185666667,-1.7368888888888867,4.302748,4.3612285,4.3303266,4.388837,4.2979026,0,0.0,1,1.0,-0.91,22.4,77.6
2023-01-31 01:00:00,191.135409911108,149.83789516111,149.861505333332,18.948148156666665,-1.7526666666666666,26.466666666666665,2,5.1764362714980825,70.66250196097344,1,1,1,0.2588190451025207,0.9659258262890684,0.7818314824680298,0.6234898018587336,0.4999999999999999,0.8660254037844387,0.0,0.0,0.0,10.9,22.7,100.0,79.0,-5.5,3.2641046,0.1,-2.3,19.18333335,26.2,26.78333333333333,26.55,26.85,26.15,-20.70081482333333,-0.1907407633333342,0.0033333333333334,-1.756,-1.7,19.027160512222224,-1.7508888888888867,4.2979026,4.302748,4.3612285,4.3303266,4.3058023,0,0.0,1,1.0,-0.95,24.1,75.9
2023-01-31 01:15:00,87.936482433332,43.642976411112,43.6540871,19.18333335,-1.7,26.15,1,5.1764362714980825,70.66250196097344,1,1,1,0.2588190451025207,0.9659258262890684,0.7818314824680298,0.6234898018587336,0.4999999999999999,0.8660254037844387,0.0,0.0,0.0,11.375,23.6,100.0,78.25,-5.575,3.2388,0.1,-2.275,19.07222224666667,26.466666666666665,26.2,26.78333333333333,26.55,26.183333333333334,-20.88333335,0.2351851933333364,0.0526666666666666,-1.7526666666666666,-1.6933333333333331,19.09012347555556,-1.73622222222222,4.3058023,4.2979026,4.302748,4.3612285,4.2831388,0,0.0,1,1.0,-0.9,22.1,77.9
2023-01-31 01:30:00,139.540807111108,88.610066555556,88.625343777776,19.07222224666667,-1.6933333333333331,26.183333333333334,2,5.1764362714980825,70.66250196097344,1,1,1,0.2588190451025207,0.9659258262890684,0.7818314824680298,0.6234898018587336,0.4999999999999999,0.8660254037844387,0.0,0.0,0.0,11.85,24.5,100.0,77.5,-5.65,3.213395,0.1,-2.25,18.99444445,26.15,26.466666666666665,26.2,26.78333333333333,26.45,-20.76555558,-0.1111111033333323,0.0066666666666668,-1.7,-1.81,19.067901251111117,-1.7153333333333312,4.2831388,4.3058023,4.2979026,4.302748,4.3069506,0,0.0,1,1.0,-0.92,23.0,77.0
2023-01-31 01:45:00,185.260922616666,129.744809983334,129.767309116666,18.99444445,-1.81,26.45,2,5.1764362714980825,70.66250196097344,1,1,1,0.2588190451025207,0.9659258262890684,0.7818314824680298,0.6234898018587336,0.4999999999999999,0.8660254037844387,0.0,0.0,0.0,12.325,25.4,100.0,76.75,-5.725,3.18789,0.1,-2.225,19.177777806666665,26.183333333333334,26.15,26.466666666666665,26.2,26.03333333333333,-20.80444445,-0.0777777966666697,-0.1166666666666669,-1.6933333333333331,-1.8300000000000003,19.083333348888893,-1.7344444444444422,4.3069506,4.2831388,4.3058023,4.2979026,4.2851887,0,0.0,0,1.0,-0.94,23.7,76.3
2023-01-31 02:00:00,83.211393594446,25.557866527778,25.568421672222,19.177777806666665,-1.8300000000000003,26.03333333333333,1,5.1764362714980825,70.66250196097344,2,1,1,0.4999999999999999,0.8660254037844387,0.7818314824680298,0.6234898018587336,0.4999999999999999,0.8660254037844387,0.0,0.0,0.0,12.8,26.3,100.0,76.0,-5.8,3.1622837,0.1,-2.2,18.92222222,26.45,26.183333333333334,26.15,26.466666666666665,26.35,-21.007777806666667,0.1833333566666652,-0.0200000000000002,-1.81,-1.912,19.081481501111117,-1.7777777777777757,4.2851887,4.3069506,4.2831388,4.3058023,4.2724113,0,0.0,1,1.0,-0.9,22.1,77.9
2023-01-31 02:15:00,207.9225161,151.53504943888998,151.557270816666,18.92222222,-1.912,26.35,2,5.1764362714980825,70.66250196097344,2,1,1,0.4999999999999999,0.8660254037844387,0.7818314824680298,0.6234898018587336,0.4999999999999999,0.8660254037844387,0.0,0.0,0.0,13.4,27.65,100.0,75.5,-5.95,3.13597,0.075,-2.225,19.101851866666667,26.03333333333333,26.45,26.183333333333334,26.15,26.316666666666663,-20.83422222,-0.2555555866666665,-0.0819999999999996,-1.8300000000000003,-2.0033333333333334,19.031481492222223,-1.850666666666665,4.2724113,4.2851887,4.3069506,4.2831388,4.3124795,0,0.0,1,1.0,-0.96,24.4,75.6
2023-01-31 02:30:00,79.948746372222,38.444573272222,38.456239505554,19.101851866666667,-2.0033333333333334,26.316666666666663,1,5.1764362714980825,70.66250196097344,2,1,1,0.4999999999999999,0.8660254037844387,0.7818314824680298,0.6234898018587336,0.4999999999999999,0.8660254037844387,0.0,0.0,0.0,14.0,29.0,100.0,75.0,-6.1,3.1097372,0.05,-2.25,19.02222219,26.35,26.03333333333333,26.45,26.183333333333334,26.05,-21.1051852,0.1796296466666689,-0.0913333333333334,-1.912,-2.2453333333333334,19.06728396444444,-1.9151111111111088,4.3124795,4.2724113,4.2851887,4.3069506,4.248776,0,0.0,1,1.0,-0.92,22.8,77.2
2023-01-31 02:45:00,140.201058499996,98.523836705554,98.541613811108,19.02222219,-2.2453333333333334,26.05,2,5.1764362714980825,70.66250196097344,2,1,1,0.4999999999999999,0.8660254037844387,0.7818314824680298,0.6234898018587336,0.4999999999999999,0.8660254037844387,0.0,0.0,0.0,14.6,30.35,100.0,74.5,-6.25,3.083586,0.0249999999999999,-2.275,18.97407407333333,26.316666666666663,26.35,26.03333333333333,26.45,26.28333333333333,-21.26755552333333,-0.0796296766666699,-0.242,-2.0033333333333334,-2.3306666666666667,19.015432092222223,-2.0535555555555534,4.248776,4.3124795,4.2724113,4.2851887,4.274669,0,0.0,1,1.0,-0.94,23.5,76.5
2023-01-31 03:00:00,178.845345966664,127.135192155556,127.15546916111,18.97407407333333,-2.3306666666666667,26.28333333333333,2,5.1764362714980825,70.66250196097344,3,1,1,0.7071067811865476,0.7071067811865476,0.7818314824680298,0.6234898018587336,0.4999999999999999,0.8660254037844387,0.0,0.0,0.0,15.2,31.7,100.0,74.0,-6.4,3.0575159,0.0,-2.3,19.12222224,26.05,26.316666666666663,26.35,26.03333333333333,26.0,-21.30474074,-0.0481481166666633,-0.0853333333333332,-2.2453333333333334,-2.4633333333333334,19.03271604333333,-2.193111111111109,4.274669,4.248776,4.3124795,4.2724113,4.265709,0,0.0,0,1.0,-0.95,23.9,76.1
2023-01-31 03:15:00,81.701731750002,26.2931149,26.303392272222,19.12222224,-2.4633333333333334,26.0,1,5.1764362714980825,70.66250196097344,3,1,1,0.7071067811865476,0.7071067811865476,0.7818314824680298,0.6234898018587336,0.4999999999999999,0.8660254037844387,0.0,0.0,0.0,15.15,32.05,99.5,74.25,-6.425000000000001,3.0410032,0.0,-2.425,18.86666668333333,26.28333333333333,26.05,26.316666666666663,26.35,26.183333333333334,-21.58555557333333,0.1481481666666653,-0.1326666666666667,-2.3306666666666667,-2.457333333333333,19.039506167777777,-2.346444444444442,4.265709,4.274669,4.248776,4.3124795,4.2314787,0,0.0,1,1.0,-0.91,22.6,77.4
2023-01-31 03:30:00,183.480716161106,126.404110283334,126.42466506111,18.86666668333333,-2.457333333333333,26.183333333333334,2,5.1764362714980825,70.66250196097344,3,1,1,0.7071067811865476,0.7071067811865476,0.7818314824680298,0.6234898018587336,0.4999999999999999,0.8660254037844387,0.0,0.0,0.0,15.1,32.4,99.0,74.5,-6.45,3.024518,0.0,-2.55,18.98333337,26.0,26.28333333333333,26.05,26.316666666666663,26.1,-21.324000016666663,-0.2555555566666676,0.0060000000000002,-2.4633333333333334,-2.784666666666667,18.987654332222224,-2.417111111111109,4.2314787,4.265709,4.274669,4.248776,4.247173,0,0.0,1,1.0,-0.97,24.9,75.1
2023-01-31 03:45:00,161.353267811112,106.613790827778,106.631567916666,18.98333337,-2.784666666666667,26.1,2,5.1764362714980825,70.66250196097344,3,1,1,0.7071067811865476,0.7071067811865476,0.7818314824680298,0.6234898018587336,0.4999999999999999,0.8660254037844387,0.0,0.0,0.0,15.05,32.75,98.5,74.75,-6.475,3.0080593,0.0,-2.675,19.05740743333333,26.183333333333334,26.0,26.28333333333333,26.05,25.53333333333333,-21.768000036666667,0.1166666866666688,-0.3273333333333337,-2.457333333333333,-2.873333333333333,18.990740764444443,-2.568444444444442,4.247173,4.2314787,4.265709,4.274669,4.1731615,0,0.0,0,1.0,-0.95,23.9,76.1
2023-01-31 04:00:00,92.97378098333,51.4387757,51.452108566664,19.05740743333333,-2.873333333333333,25.53333333333333,1,5.1764362714980825,70.66250196097344,4,1,1,0.8660254037844386,0.5000000000000001,0.7818314824680298,0.6234898018587336,0.4999999999999999,0.8660254037844387,0.0,0.0,0.0,15.0,33.1,98.0,75.0,-6.5,2.9916286,0.0,-2.8,18.79444446,26.1,26.183333333333334,26.0,26.28333333333333,25.8,-21.930740766666663,0.074074063333331,-0.0886666666666666,-2.784666666666667,-2.8986666666666667,18.969135828888888,-2.7051111111111097,4.1731615,4.247173,4.2314787,4.265709,4.1517706,0,0.0,1,1.0,-0.93,23.3,76.7
2023-01-31 04:15:00,144.286172772222,101.75315196111,101.771484594442,18.79444446,-2.8986666666666667,25.8,2,5.1764362714980825,70.66250196097344,4,1,1,0.8660254037844386,0.5000000000000001,0.7818314824680298,0.6234898018587336,0.4999999999999999,0.8660254037844387,0.0,0.0,0.0,14.8,32.825,90.0,74.75,-6.675,2.9606812,0.0,-2.9,18.56111109,25.53333333333333,26.1,26.183333333333334,26.0,25.716666666666665,-21.69311112666667,-0.2629629733333303,-0.0253333333333332,-2.873333333333333,-2.9546666666666668,18.94506175444445,-2.8522222222222204,4.1517706,4.1731615,4.247173,4.2314787,4.081619,0,0.0,1,1.0,-0.99,25.7,74.3
2023-01-31 04:30:00,148.704051566668,96.723908655556,96.740296949998,18.56111109,-2.9546666666666668,25.716666666666665,2,5.1764362714980825,70.66250196097344,4,1,1,0.8660254037844386,0.5000000000000001,0.7818314824680298,0.6234898018587336,0.4999999999999999,0.8660254037844387,0.0,0.0,0.0,14.6,32.55,82.0,74.5,-6.85,2.9300036,0.0,-3.0,18.561111120000003,25.8,25.53333333333333,26.1,26.183333333333334,25.95,-21.51577775666667,-0.2333333700000004,-0.056,-2.8986666666666667,-2.836,18.80432099444444,-2.908888888888887,4.081619,4.1517706,4.1731615,4.247173,4.118652,0,0.0,0,1.0,-1.04,28.0,72.0
2023-01-31 04:45:00,514.483586433336,167.791621416666,167.816342644444,18.561111120000003,-2.836,25.95,2,5.1764362714980825,70.66250196097344,4,1,1,0.8660254037844386,0.5000000000000001,0.7818314824680298,0.6234898018587336,0.4999999999999999,0.8660254037844387,0.0,0.0,0.0,14.4,32.275,74.0,74.25,-7.025,2.8995938,0.0,-3.1,19.040740726666662,25.716666666666665,25.8,25.53333333333333,26.1,25.35,-21.39711112,3.000000248221113e-08,0.1186666666666669,-2.9546666666666668,-2.9233333333333333,18.638888890000004,-2.8964444444444424,4.118652,4.081619,4.1517706,4.1731615,4.139127,0,0.0,0,1.0,-1.04,27.9,72.1
2023-01-31 05:00:00,147.833808527782,90.709704833332,90.72609306111,19.040740726666662,-2.9233333333333333,25.35,2,5.1764362714980825,70.66250196097344,5,1,1,0.9659258262890684,0.2588190451025207,0.7818314824680298,0.6234898018587336,0.4999999999999999,0.8660254037844387,0.0,0.0,0.0,14.2,32.0,66.0,74.0,-7.2,2.8694499,0.0,-3.2,19.10000003,25.95,25.716666666666665,25.8,25.53333333333333,24.7,-21.96407406,0.4796296066666627,-0.0873333333333334,-2.836,-3.0,18.72098764555556,-2.9046666666666643,4.139127,4.118652,4.081619,4.1517706,4.0471163,0,0.0,0,1.0,-0.94,23.5,76.5
2023-01-31 05:15:00,113.167417572222,60.807012072222,60.820622677776,19.10000003,-3.0,24.7,1,5.1764362714980825,70.66250196097344,5,1,1,0.9659258262890684,0.2588190451025207,0.7818314824680298,0.6234898018587336,0.4999999999999999,0.8660254037844387,0.0,0.0,0.0,13.975,31.55,74.0,74.25,-7.425,2.8235579,0.0,-3.475,18.90925924333333,25.35,25.95,25.716666666666665,25.8,24.966666666666665,-22.10000003,0.0592593033333344,-0.0766666666666666,-2.9233333333333333,-3.054666666666667,18.900617292222226,-2.919777777777776,4.0471163,4.139127,4.118652,4.081619,4.0450187,0,0.0,1,1.0,-0.93,23.1,76.9
2023-01-31 05:30:00,196.806571805558,155.608775383334,155.6329411,18.90925924333333,-3.054666666666667,24.966666666666665,2,5.1764362714980825,70.66250196097344,5,1,1,0.9659258262890684,0.2588190451025207,0.7818314824680298,0.6234898018587336,0.4999999999999999,0.8660254037844387,0.0,0.0,0.0,13.75,31.1,82.0,74.5,-7.65,2.7782412,0.0,-3.75,19.17777779,24.7,25.35,25.95,25.716666666666665,24.6,-21.96392591,-0.1907407866666659,-0.0546666666666668,-3.0,-3.255333333333333,19.01666666666667,-2.992666666666665,4.0450187,4.0471163,4.139127,4.118652,4.0492563,0,0.0,1,1.0,-0.97,24.8,75.2
2023-01-31 05:45:00,81.349523705554,38.888999944444,38.900388355556,19.17777779,-3.255333333333333,24.6,1,5.1764362714980825,70.66250196097344,5,1,1,0.9659258262890684,0.2588190451025207,0.7818314824680298,0.6234898018587336,0.4999999999999999,0.8660254037844387,0.0,0.0,0.0,13.525,30.65,90.0,74.75,-7.875,2.733494,0.0,-4.025,19.04074074,24.966666666666665,24.7,25.35,25.95,24.216666666666665,-22.433111123333333,0.2685185466666659,-0.2006666666666663,-3.054666666666667,-3.6266666666666665,19.06234568777778,-3.1033333333333317,4.0492563,4.0450187,4.0471163,4.139127,3.9540763,0,0.0,1,1.0,-0.91,22.4,77.6
2023-01-31 06:00:00,170.036531616666,110.784457344444,110.801123377776,19.04074074,-3.6266666666666665,24.216666666666665,2,5.1764362714980825,70.66250196097344,6,1,1,1.0,6.123233995736766e-17,0.7818314824680298,0.6234898018587336,0.4999999999999999,0.8660254037844387,0.0,0.0,0.0,13.3,30.2,98.0,75.0,-8.1,2.6893137,0.0,-4.3,18.98333334,24.6,24.966666666666665,24.7,25.35,24.9,-22.667407406666666,-0.13703705,-0.3713333333333333,-3.255333333333333,-3.829333333333333,19.042592591111116,-3.31222222222222,3.9540763,4.0492563,4.0450187,4.0471163,4.0519004,0,0.0,1,1.0,-0.94,23.7,76.3
2023-01-31 06:15:00,288.229303716666,104.962745755556,104.98885586111,18.98333334,-3.829333333333333,24.9,2,5.1764362714980825,70.66250196097344,6,1,1,1.0,6.123233995736766e-17,0.7818314824680298,0.6234898018587336,0.4999999999999999,0.8660254037844387,0.0,0.0,0.0,13.675,30.3,98.5,74.5,-8.275,2.6523495,0.0,-4.4,19.053703726666665,24.216666666666665,24.6,24.966666666666665,24.7,25.466666666666665,-22.812666673333336,-0.0574073999999988,-0.2026666666666665,-3.6266666666666665,-3.964,19.067283956666667,-3.5704444444444423,4.0519004,3.9540763,4.0492563,4.0450187,4.1613555,0,0.0,0,1.0,-0.95,24.1,75.9
2023-01-31 06:30:00,90.967472305554,31.852614727778,31.863447627778,19.053703726666665,-3.964,25.466666666666665,1,5.1764362714980825,70.66250196097344,6,1,1,1.0,6.123233995736766e-17,0.7818314824680298,0.6234898018587336,0.4999999999999999,0.8660254037844387,0.0,0.0,0.0,14.05,30.4,99.0,74.0,-8.45,2.61576,0.0,-4.5,18.78333332,24.9,24.216666666666665,24.6,24.966666666666665,25.85,-23.017703726666664,0.0703703866666636,-0.1346666666666669,-3.829333333333333,-4.124,19.02592593555556,-3.806666666666665,4.1613555,4.0519004,3.9540763,4.0492563,4.157085,0,0.0,1,1.0,-0.93,23.4,76.6
2023-01-31 06:45:00,217.462690044444,153.258036149998,153.281090794442,18.78333332,-4.124,25.85,2,5.1764362714980825,70.66250196097344,6,1,1,1.0,6.123233995736766e-17,0.7818314824680298,0.6234898018587336,0.4999999999999999,0.8660254037844387,0.0,0.0,0.0,14.425,30.5,99.5,73.5,-8.625,2.5795414,0.0,-4.6,18.92777775333333,25.466666666666665,24.9,24.216666666666665,24.6,26.0,-22.90733332,-0.2703704066666645,-0.1599999999999997,-3.964,-4.164,18.94012346222222,-3.972444444444442,4.157085,4.1613555,4.0519004,3.9540763,4.2170463,0,0.0,1,1.0,-0.99,25.8,74.2
2023-01-31 07:00:00,242.747234105558,199.749231927778,199.779230777776,18.92777775333333,-4.164,26.0,2,5.1764362714980825,70.66250196097344,7,1,1,0.9659258262890684,-0.2588190451025206,0.7818314824680298,0.6234898018587336,0.4999999999999999,0.8660254037844387,0.0,0.0,0.0,14.8,30.6,100.0,73.0,-8.8,2.5436914,0.0,-4.7,19.20000001,25.85,25.466666666666665,24.9,24.216666666666665,25.6,-23.09177775333333,0.1444444333333301,-0.04,-4.124,-4.405333333333333,18.92160493333333,-4.083999999999998,4.2170463,4.157085,4.1613555,4.0519004,4.2193823,0,0.0,0,1.0,-0.96,24.4,75.6
2023-01-31 07:15:00,69.369725116666,25.959517127778,25.970905572222,19.20000001,-4.405333333333333,25.6,1,5.1764362714980825,70.66250196097344,7,1,1,0.9659258262890684,-0.2588190451025206,0.7818314824680298,0.6234898018587336,0.4999999999999999,0.8660254037844387,0.0,0.0,0.0,14.7,31.15,100.0,73.5,-8.65,2.5749235,0.025,-4.625,18.937037046666667,26.0,25.85,25.466666666666665,24.9,25.216666666666665,-23.60533334333333,0.2722222566666694,-0.2413333333333334,-4.164,-4.616666666666666,18.97037036111111,-4.231111111111109,4.2193823,4.2170463,4.157085,4.1613555,4.0922294,0,0.0,1,1.0,-0.9,22.0,78.0
2023-01-31 07:30:00,161.10716662222,112.0588508,112.079683349998,18.937037046666667,-4.616666666666666,25.216666666666665,2,5.1764362714980825,70.66250196097344,7,1,1,0.9659258262890684,-0.2588190451025206,0.7818314824680298,0.6234898018587336,0.4999999999999999,0.8660254037844387,0.0,0.0,0.0,14.6,31.7,100.0,74.0,-8.5,2.6064098,0.05,-4.550000000000001,18.83888888,25.6,26.0,25.85,25.466666666666665,25.5,-23.55370371333333,-0.262962963333333,-0.2113333333333331,-4.405333333333333,-4.726666666666668,19.021604936666662,-4.395333333333331,4.0922294,4.2193823,4.2170463,4.157085,4.1142864,0,0.0,1,1.0,-0.96,24.5,75.5
2023-01-31 07:45:00,240.079007688884,183.417385227778,183.44543972222,18.83888888,-4.726666666666668,25.5,2,5.1764362714980825,70.66250196097344,7,1,1,0.9659258262890684,-0.2588190451025206,0.7818314824680298,0.6234898018587336,0.4999999999999999,0.8660254037844387,0.0,0.0,0.0,14.5,32.25,100.0,74.5,-8.35,2.6381516,0.075,-4.4750000000000005,19.122222253333334,25.216666666666665,25.6,26.0,25.85,25.316666666666663,-23.565555546666666,-0.0981481666666681,-0.1100000000000012,-4.616666666666666,-4.683333333333334,18.991975312222223,-4.582888888888888,4.1142864,4.0922294,4.2193823,4.2170463,4.153598,0,0.0,0,1.0,-0.98,25.3,74.7
2023-01-31 08:00:00,215.518323305558,159.721110883334,159.746943183334,19.122222253333334,-4.683333333333334,25.316666666666663,2,5.1764362714980825,70.66250196097344,8,1,1,0.8660254037844387,-0.4999999999999998,0.7818314824680298,0.6234898018587336,0.4999999999999999,0.8660254037844387,0.0,0.0,0.0,14.4,32.8,100.0,75.0,-8.2,2.6701505,0.1,-4.4,19.31666665,25.5,25.216666666666665,25.6,26.0,24.95,-23.805555586666667,0.2833333733333347,0.0433333333333338,-4.726666666666668,-4.779333333333333,18.966049393333336,-4.675555555555554,4.153598,4.1142864,4.0922294,4.2193823,4.140605,0,0.0,0,1.0,-0.92,22.8,77.2
2023-01-31 08:15:00,204.175443722224,155.799878822224,155.825155611112,19.31666665,-4.779333333333333,24.95,2,5.1764362714980825,70.66250196097344,8,1,1,0.8660254037844387,-0.4999999999999998,0.7818314824680298,0.6234898018587336,0.4999999999999999,0.8660254037844387,1.0,0.25,0.0833333333333333,13.95,32.425,100.0,75.5,-8.149999999999999,2.673563,0.275,-4.4750000000000005,19.251851826666663,25.316666666666663,25.5,25.216666666666665,25.6,24.35,-24.09599998333333,0.1944443966666647,-0.0959999999999992,-4.683333333333334,-4.946666666666667,19.092592594444444,-4.729777777777776,4.140605,4.153598,4.1142864,4.0922294,4.025636,0,0.0,0,1.0,-0.88,21.2,78.8
2023-01-31 08:30:00,57.007997388888,16.217406827778,16.228517516666,19.251851826666663,-4.946666666666667,24.35,1,5.1764362714980825,70.66250196097344,8,1,1,0.8660254037844387,-0.4999999999999998,0.7818314824680298,0.6234898018587336,0.4999999999999999,0.8660254037844387,2.0,0.75,0.25,13.5,32.05,100.0,76.0,-8.1,2.6768532,0.45,-4.550000000000001,18.916666640000003,24.95,25.316666666666663,25.5,25.216666666666665,24.35,-24.19851849333333,-0.0648148233333323,-0.1673333333333344,-4.779333333333333,-5.02,19.23024691,-4.80311111111111,4.025636,4.140605,4.153598,4.1142864,3.9468346,0,0.0,1,1.0,-0.89,21.8,78.2
2023-01-31 08:45:00,183.024900861114,133.401330416666,133.423829533332,18.916666640000003,-5.02,24.35,2,5.1764362714980825,70.66250196097344,8,1,1,0.8660254037844387,-0.4999999999999998,0.7818314824680298,0.6234898018587336,0.4999999999999999,0.8660254037844387,3.0,1.5,0.5,13.05,31.675,100.0,76.5,-8.05,2.6800225,0.625,-4.625,18.93518516,24.35,24.95,25.316666666666663,25.5,24.5,-23.93666664,-0.3351851866666635,-0.0733333333333323,-4.946666666666667,-5.198,19.161728372222225,-4.915333333333332,3.9468346,4.025636,4.140605,4.153598,3.9754932,0,0.0,1,1.0,-0.97,24.9,75.1
2023-01-31 09:00:00,258.346332416666,195.301076544444,195.330797638886,18.93518516,-5.198,24.5,2,5.1764362714980825,70.66250196097344,9,1,1,0.7071067811865476,-0.7071067811865475,0.7818314824680298,0.6234898018587336,0.4999999999999999,0.8660254037844387,4.0,2.5,0.8333333333333334,12.6,31.3,100.0,77.0,-8.0,2.6830716,0.8,-4.7,19.26666664,24.35,24.35,24.95,25.316666666666663,24.45,-24.13318516,0.018518519999997,-0.1779999999999999,-5.02,-5.048666666666667,19.03456787555556,-5.054888888888887,3.9754932,3.9468346,4.025636,4.140605,4.045697,0,0.0,0,1.0,-0.96,24.6,75.4
2023-01-31 09:15:00,156.466518955552,109.623670427778,109.644225155556,19.26666664,-5.048666666666667,24.45,2,5.1764362714980825,70.66250196097344,9,1,1,0.7071067811865476,-0.7071067811865475,0.7818314824680298,0.6234898018587336,0.4999999999999999,0.8660254037844387,14.25,5.8125,2.020833333333333,12.275,30.5,100.0,76.0,-8.25,2.6387439,0.7250000000000001,-4.75,19.21111109,24.5,24.35,24.35,24.95,24.03333333333333,-24.315333306666663,0.3314814800000007,0.1493333333333328,-5.198,-5.026666666666667,19.039506146666668,-5.088888888888886,4.045697,3.9754932,3.9468346,4.025636,3.963759,0,0.0,0,1.0,-0.89,21.7,78.3
2023-01-31 09:30:00,102.930326988892,57.789354966668,57.803798855556,19.21111109,-5.026666666666667,24.03333333333333,1,5.1764362714980825,70.66250196097344,9,1,1,0.7071067811865476,-0.7071067811865475,0.7818314824680298,0.6234898018587336,0.4999999999999999,0.8660254037844387,24.5,11.4375,4.0625,11.95,29.700000000000003,100.0,75.0,-8.5,2.5946953,0.65,-4.800000000000001,18.89444442,24.45,24.5,24.35,24.35,24.0,-24.237777756666667,-0.0555555500000011,0.0219999999999993,-5.048666666666667,-5.038666666666667,19.137654296666668,-5.0911111111111085,3.963759,4.045697,3.9754932,3.9468346,3.885001,0,0.0,1,1.0,-0.9,22.3,77.7
2023-01-31 09:45:00,184.159299950002,137.294230227778,137.316173816666,18.89444442,-5.038666666666667,24.0,2,5.1764362714980825,70.66250196097344,9,1,1,0.7071067811865476,-0.7071067811865475,0.7818314824680298,0.6234898018587336,0.4999999999999999,0.8660254037844387,34.75,19.375,6.958333333333333,11.625,28.9,100.0,74.0,-8.75,2.5509248,0.575,-4.8500000000000005,18.875925906666662,24.03333333333333,24.45,24.5,24.35,23.816666666666663,-23.933111086666667,-0.31666667,-0.0119999999999995,-5.026666666666667,-4.890000000000001,19.12407405,-5.037999999999998,3.885001,3.963759,4.045697,3.9754932,3.8511093,0,0.0,1,1.0,-0.98,25.1,74.9
2023-01-31 10:00:00,154.4429887,102.27785313889,102.297574566668,18.875925906666662,-4.890000000000001,23.816666666666663,2,5.1764362714980825,70.66250196097344,10,1,1,0.4999999999999999,-0.8660254037844387,0.7818314824680298,0.6234898018587336,0.4999999999999999,0.8660254037844387,45.0,29.625,10.708333333333334,11.3,28.1,100.0,73.0,-9.0,2.5074308,0.5,-4.9,18.66666667,24.0,24.03333333333333,24.45,24.5,23.85,-23.765925906666663,-0.0185185133333334,0.1486666666666662,-5.038666666666667,-5.182,18.99382713888889,-4.9851111111111095,3.8511093,3.885001,3.963759,4.045697,3.8090787,0,0.0,0,1.0,-0.98,25.3,74.7
2023-01-31 10:15:00,206.91811169445,147.161057755556,147.184667927778,18.66666667,-5.182,23.85,2,5.1764362714980825,70.66250196097344,10,1,1,0.4999999999999999,-0.8660254037844387,0.7818314824680298,0.6234898018587336,0.4999999999999999,0.8660254037844387,50.75,38.75,14.9375,11.025,27.725,100.0,72.25,-9.2,2.4727683,0.45,-4.95,18.78518520333333,23.816666666666663,24.0,24.03333333333333,24.45,24.0,-23.84866667,-0.2092592366666679,-0.2919999999999998,-4.890000000000001,-5.811333333333334,18.812345665555554,-5.036888888888887,3.8090787,3.8511093,3.885001,3.963759,3.8599982,0,0.0,0,1.0,-1.03,27.4,72.6
2023-01-31 10:30:00,239.355147544448,192.599517911112,192.627294616666,18.78518520333333,-5.811333333333334,24.0,2,5.1764362714980825,70.66250196097344,10,1,1,0.4999999999999999,-0.8660254037844387,0.7818314824680298,0.6234898018587336,0.4999999999999999,0.8660254037844387,56.5,46.75,19.64583333333333,10.75,27.35,100.0,71.5,-9.4,2.4383178,0.4,-5.0,19.17222221,23.85,23.816666666666663,24.0,24.03333333333333,23.65,-24.596518536666668,0.1185185333333365,-0.6293333333333333,-5.182,-6.080666666666667,18.77592592666667,-5.294444444444443,3.8599982,3.8090787,3.8511093,3.885001,3.8916082,0,0.0,0,1.0,-1.0,26.2,73.8
2023-01-31 10:45:00,238.435184427778,197.49265556111,197.52293218333,19.17222221,-6.080666666666667,23.65,2,5.1764362714980825,70.66250196097344,10,1,1,0.4999999999999999,-0.8660254037844387,0.7818314824680298,0.6234898018587336,0.4999999999999999,0.8660254037844387,62.25,53.625,24.83333333333333,10.475,26.975,100.0,70.75,-9.6,2.4040797,0.35,-5.05,19.39814813666667,24.0,23.85,23.816666666666663,24.0,23.5,-25.252888876666663,0.3870370066666631,-0.269333333333333,-5.811333333333334,-5.92,18.87469136111111,-5.691333333333332,3.8916082,3.8599982,3.8090787,3.8511093,3.9187155,0,0.0,0,1.0,-0.92,22.7,77.3
2023-01-31 11:00:00,204.054059794442,153.985506983334,154.010505983334,19.39814813666667,-5.92,23.5,2,5.1764362714980825,70.66250196097344,11,1,1,0.258819045102521,-0.9659258262890682,0.7818314824680298,0.6234898018587336,0.4999999999999999,0.8660254037844387,68.0,59.375,30.5,10.2,26.6,100.0,70.0,-9.8,2.370052,0.3,-5.1,19.43333329,23.65,24.0,23.85,23.816666666666663,23.1,-25.31814813666667,0.2259259266666724,0.1606666666666667,-6.080666666666667,-5.665333333333334,19.11851851666667,-5.937333333333331,3.9187155,3.8916082,3.8599982,3.8090787,3.8599958,0,0.0,0,1.0,-0.86,20.8,79.2
2023-01-31 11:15:00,166.992486883326,87.932315916666,87.947037627774,19.43333329,-5.665333333333334,23.1,2,5.1764362714980825,70.66250196097344,11,1,1,0.258819045102521,-0.9659258262890682,0.7818314824680298,0.6234898018587336,0.4999999999999999,0.8660254037844387,79.5,66.5625,37.04166666666666,10.075,26.25,100.0,69.0,-9.975,2.336194,0.275,-5.1,19.19814811,23.5,23.65,24.0,23.85,22.716666666666665,-25.098666623333333,0.0351851533333302,0.2546666666666661,-5.92,-5.752666666666667,19.33456787888889,-5.888666666666665,3.8599958,3.9187155,3.8916082,3.8599982,3.743744,0,0.0,0,1.0,-0.86,20.6,79.4
2023-01-31 11:30:00,132.013608211108,67.768955816666,67.781177594442,19.19814811,-5.752666666666667,22.716666666666665,1,5.1764362714980825,70.66250196097344,11,1,1,0.258819045102521,-0.9659258262890682,0.7818314824680298,0.6234898018587336,0.4999999999999999,0.8660254037844387,91.0,75.1875,44.458333333333336,9.95,25.9,100.0,68.0,-10.15,2.3023362,0.25,-5.1,18.92777777,23.1,23.5,23.65,24.0,23.35,-24.950814776666665,-0.235185180000002,-0.0873333333333334,-5.665333333333334,-5.734666666666667,19.34320984555556,-5.779333333333331,3.743744,3.8599958,3.9187155,3.8916082,3.7872322,0,0.0,1,1.0,-0.91,22.6,77.4
2023-01-31 11:45:00,224.44491067778,175.435204527778,175.460759072222,18.92777777,-5.734666666666667,23.35,2,5.1764362714980825,70.66250196097344,11,1,1,0.258819045102521,-0.9659258262890682,0.7818314824680298,0.6234898018587336,0.4999999999999999,0.8660254037844387,102.5,85.25,52.75,9.825,25.55,100.0,67.0,-10.325,2.2684784,0.225,-5.1,19.198148146666664,22.716666666666665,23.1,23.5,23.65,23.316666666666663,-24.662444436666664,-0.2703703399999995,0.0180000000000006,-5.752666666666667,-5.774,19.186419723333334,-5.7175555555555535,3.7872322,3.743744,3.8599958,3.9187155,3.842625,0,0.0,1,1.0,-0.97,25.0,75.0
2023-01-31 12:00:00,226.730652694442,176.792928,176.819593649998,19.198148146666664,-5.774,23.316666666666663,2,5.1764362714980825,70.66250196097344,12,1,1,1.2246467991473532e-16,-1.0,0.7818314824680298,0.6234898018587336,0.4999999999999999,0.8660254037844387,114.0,96.75,61.91666666666666,9.7,25.2,100.0,66.0,-10.5,2.2346208,0.2,-5.1,19.36666668,23.35,22.716666666666665,23.1,23.5,22.3,-24.972148146666665,0.2703703766666656,-0.0393333333333334,-5.734666666666667,-5.689333333333334,19.108024675555555,-5.753777777777777,3.842625,3.7872322,3.743744,3.8599958,3.7117286,0,0.0,0,1.0,-0.91,22.5,77.5
2023-01-31 12:15:00,63.376631433336,0.0,0.0,19.36666668,-5.689333333333334,22.3,0,5.1764362714980825,70.66250196097344,12,1,1,1.2246467991473532e-16,-1.0,0.7818314824680298,0.6234898018587336,0.4999999999999999,0.8660254037844387,130.25,109.4375,71.58333333333333,9.55,25.3,100.0,65.5,-10.625,2.2097232,0.175,-5.15,19.12037039,23.316666666666663,23.35,22.716666666666665,23.1,22.183333333333334,-25.05600001333333,0.1685185333333336,0.0846666666666662,-5.774,-5.612,19.16419753222222,-5.732666666666664,3.7117286,3.842625,3.7872322,3.743744,3.6391273,1,1.0,1,0.75,-0.88,21.3,78.7
2023-01-31 12:30:00,234.61811498333,180.436671111112,180.46417006111,19.12037039,-5.612,22.183333333333334,2,5.1764362714980825,70.66250196097344,12,1,1,1.2246467991473532e-16,-1.0,0.7818314824680298,0.6234898018587336,0.4999999999999999,0.8660254037844387,146.5,123.3125,81.75,9.4,25.4,100.0,65.0,-10.75,2.184973,0.15,-5.199999999999999,19.22222224,22.3,23.316666666666663,23.35,22.716666666666665,22.45,-24.73237039,-0.2462962899999965,0.0773333333333337,-5.689333333333334,-5.229333333333333,19.228395072222224,-5.6917777777777765,3.6391273,3.7117286,3.842625,3.7872322,3.705048,0,1.0,1,0.75,-0.93,23.4,76.6
2023-01-31 12:45:00,274.762064777772,229.302771972222,229.336381777776,19.22222224,-5.229333333333333,22.45,2,5.1764362714980825,70.66250196097344,12,1,1,1.2246467991473532e-16,-1.0,0.7818314824680298,0.6234898018587336,0.4999999999999999,0.8660254037844387,162.75,138.375,92.41666666666669,9.25,25.5,100.0,64.5,-10.875,2.1603682,0.125,-5.25,19.51666669333333,22.183333333333334,22.3,23.316666666666663,23.35,21.666666666666668,-24.451555573333334,0.1018518499999991,0.3826666666666671,-5.612,-5.307333333333333,19.23641977,-5.510222222222221,3.705048,3.6391273,3.7117286,3.842625,3.6382694,0,1.0,0,0.75,-0.91,22.5,77.5
2023-01-31 13:00:00,56.708286944452,15.72909306111,15.739648172222,19.51666669333333,-5.307333333333333,21.666666666666668,1,5.1764362714980825,70.66250196097344,13,1,1,-0.2588190451025208,-0.9659258262890684,0.7818314824680298,0.6234898018587336,0.4999999999999999,0.8660254037844387,179.0,154.625,103.58333333333331,9.1,25.6,100.0,64.0,-11.0,2.1359093,0.1,-5.3,19.36666665,22.45,22.183333333333334,22.3,23.316666666666663,21.1,-24.824000026666663,0.2944444533333303,-0.0780000000000002,-5.229333333333333,-5.019333333333333,19.286419774444447,-5.382888888888886,3.6382694,3.705048,3.6391273,3.7117286,3.5119948,0,1.0,1,0.75,-0.85,20.2,79.8
2023-01-31 13:15:00,154.80464081667,101.513161527778,101.53316076111,19.36666665,-5.019333333333333,21.1,2,5.1764362714980825,70.66250196097344,13,1,1,-0.2588190451025208,-0.9659258262890684,0.7818314824680298,0.6234898018587336,0.4999999999999999,0.8660254037844387,190.5,169.6875,115.22916666666669,9.025,25.325000000000003,100.0,62.5,-11.25,2.0933802,0.1,-5.25,19.198148156666665,21.666666666666668,22.45,22.183333333333334,22.3,21.933333333333334,-24.38599998333333,-0.1500000433333319,0.2880000000000002,-5.307333333333333,-4.913333333333333,19.368518527777777,-5.185333333333332,3.5119948,3.6382694,3.705048,3.6391273,3.614649,0,0.0,1,1.0,-0.88,21.5,78.5
2023-01-31 13:30:00,235.427527005554,174.929113672222,174.956057077776,19.198148156666665,-4.913333333333333,21.933333333333334,2,5.1764362714980825,70.66250196097344,13,1,1,-0.2588190451025208,-0.9659258262890684,0.7818314824680298,0.6234898018587336,0.4999999999999999,0.8660254037844387,202.0,183.5625,127.35416666666669,8.95,25.05,100.0,61.0,-11.5,2.0505133,0.1,-5.199999999999999,19.33888889,21.1,21.666666666666668,22.45,22.183333333333334,21.6,-24.11148149,-0.1685184933333339,0.1059999999999998,-5.019333333333333,-4.587999999999999,19.360493833333333,-5.079999999999997,3.614649,3.5119948,3.6382694,3.705048,3.589344,0,0.0,0,1.0,-0.92,22.8,77.2
2023-01-31 13:45:00,152.93443787778,108.15095153889,108.171506283334,19.33888889,-4.587999999999999,21.6,2,5.1764362714980825,70.66250196097344,13,1,1,-0.2588190451025208,-0.9659258262890684,0.7818314824680298,0.6234898018587336,0.4999999999999999,0.8660254037844387,213.5,196.25,139.95833333333334,8.875,24.775,100.0,59.5,-11.75,2.007306,0.1,-5.15,19.3888889,21.933333333333334,21.1,21.666666666666668,22.45,20.85,-23.92688889,0.1407407333333346,0.3253333333333339,-4.913333333333333,-4.3613333333333335,19.30123456555556,-4.840222222222219,3.589344,3.614649,3.5119948,3.6382694,3.4749246,0,0.0,0,1.0,-0.89,21.7,78.3
2023-01-31 14:00:00,82.586696383334,34.692501144444,34.704445149998,19.3888889,-4.3613333333333335,20.85,1,5.1764362714980825,70.66250196097344,14,1,1,-0.4999999999999997,-0.8660254037844388,0.7818314824680298,0.6234898018587336,0.4999999999999999,0.8660254037844387,225.0,207.75,153.04166666666666,8.8,24.5,100.0,58.0,-12.0,1.9637574,0.1,-5.1,19.305555570000003,21.6,21.933333333333334,21.1,21.666666666666668,20.9,-23.750222233333336,0.0500000100000015,0.2266666666666656,-4.587999999999999,-4.440666666666667,19.308641982222223,-4.620888888888886,3.4749246,3.589344,3.614649,3.5119948,3.4662142,0,0.0,1,1.0,-0.88,21.4,78.6
2023-01-31 14:15:00,500.714137433328,146.131098972222,146.15609802222,19.305555570000003,-4.440666666666667,20.9,2,5.1764362714980825,70.66250196097344,14,1,1,-0.4999999999999997,-0.8660254037844388,0.7818314824680298,0.6234898018587336,0.4999999999999999,0.8660254037844387,225.0,216.375,165.16666666666666,8.600000000000001,24.225,100.0,57.0,-12.225,1.9298996,0.075,-5.1,19.28703703,20.85,21.6,21.933333333333334,21.1,21.28333333333333,-23.746222236666668,-0.0833333299999985,-0.0793333333333334,-4.3613333333333335,-4.782,19.34444445333333,-4.463333333333331,3.4662142,3.4749246,3.589344,3.614649,3.525942,0,0.0,1,1.0,-0.9,22.1,77.9
2023-01-31 14:30:00,238.23908122222,189.76185363889,189.790185888888,19.28703703,-4.782,21.28333333333333,2,5.1764362714980825,70.66250196097344,14,1,1,-0.4999999999999997,-0.8660254037844388,0.7818314824680298,0.6234898018587336,0.4999999999999999,0.8660254037844387,225.0,222.125,176.33333333333334,8.4,23.95,100.0,56.0,-12.45,1.8960416,0.05,-5.1,19.45,20.9,20.85,21.6,21.933333333333334,20.9,-24.06903703,-0.0185185400000023,-0.341333333333333,-4.440666666666667,-4.633333333333334,19.3271605,-4.527999999999999,3.525942,3.4662142,3.4749246,3.589344,3.495801,0,0.0,0,1.0,-0.9,22.2,77.8
2023-01-31 14:45:00,113.715729055552,49.644958555556,49.658291388888,19.45,-4.633333333333334,20.9,1,5.1764362714980825,70.66250196097344,14,1,1,-0.4999999999999997,-0.8660254037844388,0.7818314824680298,0.6234898018587336,0.4999999999999999,0.8660254037844387,225.0,225.0,186.54166666666663,8.2,23.675,100.0,55.0,-12.675,1.8621838,0.0249999999999999,-5.1,19.22222220333333,21.28333333333333,20.9,20.85,21.6,20.25,-24.08333333333333,0.1629629699999988,0.1486666666666662,-4.782,-4.532,19.34753086666667,-4.618666666666665,3.495801,3.525942,3.4662142,3.4749246,3.3419702,0,0.0,1,1.0,-0.87,20.9,79.1
2023-01-31 15:00:00,123.633387866664,76.753318644444,76.77026240000001,19.22222220333333,-4.532,20.25,2,5.1764362714980825,70.66250196097344,15,1,1,-0.7071067811865471,-0.7071067811865479,0.7818314824680298,0.6234898018587336,0.4999999999999999,0.8660254037844387,225.0,225.0,195.79166666666663,8.0,23.4,100.0,54.0,-12.9,1.8283259,0.0,-5.1,18.966666640000003,20.9,21.28333333333333,20.9,20.85,20.8,-23.75422220333333,-0.2277777966666647,0.1013333333333337,-4.633333333333334,-4.92,19.31975307777778,-4.649111111111109,3.3419702,3.495801,3.525942,3.4662142,3.381391,0,0.0,1,1.0,-0.92,22.9,77.1
2023-01-31 15:15:00,168.50853705556,127.411292211112,127.433791344444,18.966666640000003,-4.92,20.8,2,5.1764362714980825,70.66250196097344,15,1,1,-0.7071067811865471,-0.7071067811865479,0.7818314824680298,0.6234898018587336,0.4999999999999999,0.8660254037844387,224.5,224.875,203.64583333333331,8.425,23.75,100.0,52.5,-13.1,1.8065308,0.0,-4.875,18.93518517,20.25,20.9,21.28333333333333,20.9,20.53333333333333,-23.88666664,-0.2555555633333313,-0.3879999999999999,-4.532,-5.001333333333333,19.21296294777778,-4.6951111111111095,3.381391,3.3419702,3.495801,3.525942,3.3318415,0,0.0,0,1.0,-0.98,25.2,74.8
2023-01-31 15:30:00,161.912412094446,112.61077313889,112.630494583334,18.93518517,-5.001333333333333,20.53333333333333,2,5.1764362714980825,70.66250196097344,15,1,1,-0.7071067811865471,-0.7071067811865479,0.7818314824680298,0.6234898018587336,0.4999999999999999,0.8660254037844387,224.0,224.625,210.10416666666663,8.85,24.1,100.0,51.0,-13.3,1.7834823,0.0,-4.65,18.9,20.8,20.25,20.9,21.28333333333333,20.5,-23.93651850333333,-0.0314814700000027,-0.0813333333333332,-4.92,-5.193333333333333,19.041358004444447,-4.817777777777776,3.3318415,3.381391,3.3419702,3.495801,3.3195276,0,0.0,0,1.0,-0.99,25.5,74.5
2023-01-31 15:45:00,246.27320426111,197.488211272222,197.51821012222,18.9,-5.193333333333333,20.5,2,5.1764362714980825,70.66250196097344,15,1,1,-0.7071067811865471,-0.7071067811865479,0.7818314824680298,0.6234898018587336,0.4999999999999999,0.8660254037844387,223.5,224.25,215.16666666666663,9.275,24.45,100.0,49.5,-13.5,1.7591499,0.0,-4.425,19.250000003333334,20.53333333333333,20.8,20.25,20.9,20.316666666666663,-24.093333333333334,-0.0351851700000018,-0.1920000000000001,-5.001333333333333,-5.149333333333333,18.933950603333336,-5.03822222222222,3.3195276,3.3318415,3.381391,3.3419702,3.358464,0,0.0,0,1.0,-0.99,25.8,74.2
2023-01-31 16:00:00,252.407958911108,195.588287255556,195.618008333332,19.250000003333334,-5.149333333333333,20.316666666666663,2,5.1764362714980825,70.66250196097344,16,1,1,-0.8660254037844385,-0.5000000000000004,0.7818314824680298,0.6234898018587336,0.4999999999999999,0.8660254037844387,223.0,223.75,218.83333333333331,9.7,24.8,100.0,48.0,-13.7,1.7335023,0.0,-4.2,19.41111107,20.5,20.53333333333333,20.8,20.25,19.65,-24.399333336666665,0.350000003333335,0.0440000000000004,-5.193333333333333,-5.304666666666666,19.02839505777778,-5.114666666666664,3.358464,3.3195276,3.3318415,3.381391,3.2792132,0,0.0,0,1.0,-0.92,22.7,77.3
2023-01-31 16:15:00,84.577450149998,29.307438788888,29.31854946111,19.41111107,-5.304666666666666,19.65,1,5.1764362714980825,70.66250196097344,16,1,1,-0.8660254037844385,-0.5000000000000004,0.7818314824680298,0.6234898018587336,0.4999999999999999,0.8660254037844387,200.5,217.75,219.66666666666663,9.45,24.8,100.0,47.5,-13.9,1.7001907,0.0,-4.325,19.072222196666665,20.316666666666663,20.5,20.53333333333333,20.8,19.683333333333334,-24.715777736666663,0.1611110666666668,-0.1553333333333331,-5.149333333333333,-5.3613333333333335,19.187037024444447,-5.215777777777775,3.2792132,3.358464,3.3195276,3.3318415,3.2198517,0,0.0,1,1.0,-0.88,21.4,78.6
2023-01-31 16:30:00,182.34048400555,140.22939060000002,140.254667405554,19.072222196666665,-5.3613333333333335,19.683333333333334,2,5.1764362714980825,70.66250196097344,16,1,1,-0.8660254037844385,-0.5000000000000004,0.7818314824680298,0.6234898018587336,0.4999999999999999,0.8660254037844387,178.0,206.25,217.66666666666663,9.2,24.8,100.0,47.0,-14.1,1.6673183,0.0,-4.45,19.08333331,19.65,20.316666666666663,20.5,20.53333333333333,19.95,-24.43355553,-0.3388888733333353,-0.0566666666666675,-5.304666666666666,-5.392,19.24444442333333,-5.271777777777776,3.2198517,3.2792132,3.358464,3.3195276,3.2656138,0,0.0,1,1.0,-0.96,24.4,75.6
2023-01-31 16:45:00,233.87592217223,192.94922613889,192.978391705554,19.08333331,-5.392,19.95,2,5.1764362714980825,70.66250196097344,16,1,1,-0.8660254037844385,-0.5000000000000004,0.7818314824680298,0.6234898018587336,0.4999999999999999,0.8660254037844387,155.5,189.25,212.83333333333331,8.95,24.8,100.0,46.5,-14.3,1.6348813,0.0,-4.575,19.35925922333333,19.683333333333334,19.65,20.316666666666663,20.5,19.53333333333333,-24.47533331,0.0111111133333352,-0.0306666666666659,-5.3613333333333335,-5.452,19.188888858888888,-5.352666666666664,3.2656138,3.2198517,3.2792132,3.358464,3.249813,0,0.0,0,1.0,-0.95,24.3,75.7
2023-01-31 17:00:00,221.963621083334,167.864951816666,167.890784133332,19.35925922333333,-5.452,19.53333333333333,2,5.1764362714980825,70.66250196097344,17,1,1,-0.9659258262890684,-0.2588190451025206,0.7818314824680298,0.6234898018587336,0.4999999999999999,0.8660254037844387,133.0,166.75,205.16666666666663,8.7,24.8,100.0,46.0,-14.5,1.602874,0.0,-4.7,19.48333332,19.95,19.683333333333334,19.65,20.316666666666663,19.5,-24.81125922333333,0.2759259133333316,-0.0600000000000005,-5.392,-5.665333333333334,19.17160491,-5.401777777777775,3.249813,3.2656138,3.2198517,3.2792132,3.2680326,0,0.0,0,1.0,-0.89,21.9,78.1
2023-01-31 17:15:00,218.414874172222,161.5460379,161.572703533332,19.48333332,-5.665333333333334,19.5,2,5.1764362714980825,70.66250196097344,17,1,1,-0.9659258262890684,-0.2588190451025206,0.7818314824680298,0.6234898018587336,0.4999999999999999,0.8660254037844387,111.5,144.5,195.70833333333331,8.524999999999999,24.1,100.0,45.75,-14.725,1.5742627,0.0,-4.875,19.520370386666663,19.53333333333333,19.95,19.683333333333334,19.65,19.5,-25.148666653333333,0.1240740966666678,-0.2133333333333338,-5.452,-5.795333333333334,19.308641951111117,-5.503111111111109,3.2680326,3.249813,3.2656138,3.2198517,3.2751558,0,0.0,0,1.0,-0.87,20.9,79.1
2023-01-31 17:30:00,198.284568316666,149.506519483334,149.5306852,19.520370386666663,-5.795333333333334,19.5,2,5.1764362714980825,70.66250196097344,17,1,1,-0.9659258262890684,-0.2588190451025206,0.7818314824680298,0.6234898018587336,0.4999999999999999,0.8660254037844387,90.0,122.5,184.45833333333331,8.35,23.4,100.0,45.5,-14.95,1.5460865,0.0,-5.050000000000001,19.50555557,19.5,19.53333333333333,19.95,19.683333333333334,19.2,-25.31570372,0.0370370666666666,-0.1299999999999999,-5.665333333333334,-6.041333333333333,19.45432097666667,-5.637555555555553,3.2751558,3.2680326,3.249813,3.2656138,3.2219613,0,0.0,0,1.0,-0.86,20.6,79.4
2023-01-31 17:45:00,173.048633344444,121.770406755556,121.792628133332,19.50555557,-6.041333333333333,19.2,2,5.1764362714980825,70.66250196097344,17,1,1,-0.9659258262890684,-0.2588190451025206,0.7818314824680298,0.6234898018587336,0.4999999999999999,0.8660254037844387,68.5,100.75,171.41666666666666,8.175,22.7,100.0,45.25,-15.175,1.5183402,0.0,-5.2250000000000005,19.35555557,19.5,19.5,19.53333333333333,19.95,19.28333333333333,-25.546888903333336,-0.0148148166666643,-0.2459999999999995,-5.795333333333334,-6.15,19.503086425555555,-5.833999999999999,3.2219613,3.2751558,3.2680326,3.249813,3.2075207,0,0.0,0,1.0,-0.86,20.7,79.3
2023-01-31 18:00:00,128.976507549994,87.978147366668,87.99675782221999,19.35555557,-6.15,19.28333333333333,2,5.1764362714980825,70.66250196097344,18,1,1,-1.0,-1.8369701987210294e-16,0.7818314824680298,0.6234898018587336,0.4999999999999999,0.8660254037844387,47.0,79.25,156.58333333333334,8.0,22.0,100.0,45.0,-15.4,1.4910177,0.0,-5.4,19.1777778,19.2,19.5,19.5,19.53333333333333,19.0,-25.50555557,-0.1500000000000021,-0.1086666666666671,-6.041333333333333,-6.157333333333333,19.460493842222224,-5.995555555555554,3.2075207,3.2219613,3.2751558,3.2680326,3.1274745,0,0.0,0,1.0,-0.9,22.0,78.0
2023-01-31 18:15:00,104.451932805558,63.487460383334,63.503570905554,19.1777778,-6.157333333333333,19.0,1,5.1764362714980825,70.66250196097344,18,1,1,-1.0,-1.8369701987210294e-16,0.7818314824680298,0.6234898018587336,0.4999999999999999,0.8660254037844387,35.5,60.25,140.83333333333334,8.075,21.0,99.25,46.0,-15.325,1.5022942,0.0,-5.6000000000000005,18.898148133333333,19.28333333333333,19.2,19.5,19.5,19.0,-25.33511113333333,-0.1777777699999987,-0.0073333333333325,-6.15,-6.252,19.346296313333337,-6.11622222222222,3.1274745,3.2075207,3.2219613,3.2751558,3.0762985,0,0.0,1,1.0,-0.94,23.6,76.4
2023-01-31 18:30:00,139.553862138886,73.806492088888,73.822602611108,18.898148133333333,-6.252,19.0,2,5.1764362714980825,70.66250196097344,18,1,1,-1.0,-1.8369701987210294e-16,0.7818314824680298,0.6234898018587336,0.4999999999999999,0.8660254037844387,24.0,43.75,124.16666666666669,8.15,20.0,98.5,47.0,-15.25,1.512902,0.0,-5.800000000000001,18.716666695,19.0,19.28333333333333,19.2,19.5,19.45,-25.15014813333333,-0.2796296666666684,-0.0946666666666669,-6.157333333333333,-6.244,19.14382716777778,-6.186444444444443,3.0762985,3.1274745,3.2075207,3.2219613,3.1155577,0,0.0,1,1.0,-1.0,26.2,73.8
2023-01-31 18:45:00,268.308989444444,139.244152244444,139.272206705554,18.716666695,-6.244,19.45,2,5.1764362714980825,70.66250196097344,18,1,1,-1.0,-1.8369701987210294e-16,0.7818314824680298,0.6234898018587336,0.4999999999999999,0.8660254037844387,12.5,29.75,106.58333333333331,8.225,19.0,97.75,48.0,-15.175,1.5228574,0.0,-6.0,18.883333345,19.0,19.0,19.28333333333333,19.2,20.8,-24.960666695,-0.181481438333332,0.008,-6.252,-6.209999999999999,18.930864209444447,-6.217777777777775,3.1155577,3.0762985,3.1274745,3.2075207,3.3647919,0,0.0,0,1.0,-1.04,27.9,72.1
2023-01-31 19:00:00,662.304062344444,92.999890972222,93.037667244444,18.883333345,-6.209999999999999,20.8,2,5.1764362714980825,70.66250196097344,19,1,1,-0.9659258262890684,0.2588190451025203,0.7818314824680298,0.6234898018587336,0.4999999999999999,0.8660254037844387,1.0,18.25,88.08333333333333,8.3,18.0,97.0,49.0,-15.1,1.5321745,0.0,-6.2,18.95555553,19.45,19.0,19.0,19.28333333333333,26.05,-25.093333345,0.1666666499999998,0.0340000000000006,-6.244,-6.274666666666667,18.832716057777777,-6.2353333333333305,3.3647919,3.1155577,3.0762985,3.1274745,4.23209,0,0.0,0,1.0,-1.0,25.9,74.1
2023-01-31 19:15:00,454.27293943889,0.0,0.0,18.95555553,-6.274666666666667,26.05,0,5.1764362714980825,70.66250196097344,19,1,1,-0.9659258262890684,0.2588190451025203,0.7818314824680298,0.6234898018587336,0.4999999999999999,0.8660254037844387,0.75,9.5625,71.4375,7.825000000000001,17.275,97.75,52.5,-15.025,1.562817,0.0,-6.875,18.831481476666667,20.8,19.45,19.0,19.0,29.85,-25.230222196666663,0.0722221850000011,-0.0646666666666675,-6.209999999999999,-6.1866666666666665,18.851851856666663,-6.242888888888886,4.23209,3.3647919,3.1155577,3.0762985,4.8140287,1,1.0,1,0.75,-0.95,24.1,75.9
2023-01-31 19:30:00,65.103229033336,0.0,0.0,18.831481476666667,-6.1866666666666665,29.85,0,5.1764362714980825,70.66250196097344,19,1,1,-0.9659258262890684,0.2588190451025203,0.7818314824680298,0.6234898018587336,0.4999999999999999,0.8660254037844387,0.5,3.6875,56.645833333333336,7.35,16.55,98.5,56.0,-14.95,1.5865278,0.0,-7.550000000000001,18.58333335,26.05,20.8,19.45,19.0,27.3,-25.01814814333333,-0.1240740533333344,0.088,-6.274666666666667,-6.167333333333334,18.89012345055556,-6.223777777777776,4.8140287,4.23209,3.3647919,3.1155577,4.338623,0,2.0,0,0.5,-0.96,24.5,75.5
2023-01-31 19:45:00,64.854627844448,10.521523555556,10.531523188888,18.58333335,-6.167333333333334,27.3,1,5.1764362714980825,70.66250196097344,19,1,1,-0.9659258262890684,0.2588190451025203,0.7818314824680298,0.6234898018587336,0.4999999999999999,0.8660254037844387,0.25,0.625,43.708333333333336,6.875,15.825,99.25,59.5,-14.875,1.6038392,0.0,-8.225,18.34814812,29.85,26.05,20.8,19.45,25.416666666666668,-24.75066668333333,-0.2481481266666705,0.0193333333333329,-6.1866666666666665,-6.252,18.790123452222225,-6.2095555555555535,4.338623,4.8140287,4.23209,3.3647919,3.983403,0,2.0,1,0.5,-1.03,27.4,72.6
2023-01-31 20:00:00,153.75523846111,102.886995472222,102.905050333332,18.34814812,-6.252,25.416666666666668,2,5.1764362714980825,70.66250196097344,20,1,1,-0.8660254037844386,0.5000000000000001,0.7818314824680298,0.6234898018587336,0.4999999999999999,0.8660254037844387,0.0,0.375,32.625,6.4,15.1,100.0,63.0,-14.8,1.615253,0.0,-8.9,18.4333333,27.3,29.85,26.05,20.8,24.25,-24.60014812,-0.2351852299999954,-0.0846666666666662,-6.167333333333334,-6.211333333333333,18.58765431555556,-6.201999999999998,3.983403,4.338623,4.8140287,4.23209,3.819806,0,2.0,1,0.5,-1.09,30.2,69.8
2023-01-31 20:15:00,297.4056033,173.168906316666,173.20418272222,18.4333333,-6.211333333333333,24.25,2,5.1764362714980825,70.66250196097344,20,1,1,-0.8660254037844386,0.5000000000000001,0.7818314824680298,0.6234898018587336,0.4999999999999999,0.8660254037844387,0.0,0.1875,23.33333333333333,5.375,13.75,100.0,60.5,-14.9,1.600888,0.0,-8.475,18.65185188,25.416666666666668,27.3,29.85,26.05,24.633333333333333,-24.644666633333333,0.0851851799999998,0.0406666666666666,-6.252,-6.282666666666667,18.45493825666667,-6.21022222222222,3.819806,3.983403,4.338623,4.8140287,3.9307365,0,1.0,0,0.75,-1.08,29.6,70.4
2023-01-31 20:30:00,1258.716038227778,0.0,0.0,18.65185188,-6.282666666666667,24.633333333333333,0,5.1764362714980825,70.66250196097344,20,1,1,-0.8660254037844386,0.5000000000000001,0.7818314824680298,0.6234898018587336,0.4999999999999999,0.8660254037844387,0.0,0.0625,15.833333333333334,4.35,12.4,100.0,58.0,-15.0,1.5837557,0.0,-8.05,18.49444443,24.25,25.416666666666668,27.3,29.85,25.4,-24.934518546666663,0.2185185799999978,-0.0713333333333334,-6.211333333333333,-6.276666666666667,18.477777766666662,-6.248666666666665,3.9307365,3.819806,3.983403,4.338623,4.015468,1,1.0,1,0.75,-1.03,27.3,72.7
2023-01-31 20:45:00,1114.103489761106,101.550660027778,101.581769933332,18.49444443,-6.276666666666667,25.4,2,5.1764362714980825,70.66250196097344,20,1,1,-0.8660254037844386,0.5000000000000001,0.7818314824680298,0.6234898018587336,0.4999999999999999,0.8660254037844387,0.0,0.0,10.125,3.325,11.05,100.0,55.5,-15.1,1.5637138,0.0,-7.625,18.34999999333333,24.633333333333333,24.25,25.416666666666668,27.3,24.53333333333333,-24.771111096666665,-0.1574074500000009,0.0059999999999993,-6.282666666666667,-6.763333333333334,18.526543203333333,-6.256888888888887,4.015468,3.9307365,3.819806,3.983403,3.8453848,0,1.0,1,0.75,-1.06,28.7,71.3
2023-01-31 21:00:00,328.528802838886,172.295607883334,172.395048372222,18.34999999333333,-6.763333333333334,24.53333333333333,2,5.1764362714980825,70.66250196097344,21,1,1,-0.7071067811865477,0.7071067811865474,0.7818314824680298,0.6234898018587336,0.4999999999999999,0.8660254037844387,0.0,0.0,6.208333333333333,2.3,9.7,100.0,53.0,-15.2,1.540614,0.0,-7.2,18.70555552,25.4,24.633333333333333,24.25,25.416666666666668,23.7,-25.113333326666663,-0.1444444366666673,-0.4866666666666663,-6.276666666666667,-6.831333333333333,18.498765434444444,-6.440888888888888,3.8453848,4.015468,3.9307365,3.819806,3.793841,0,1.0,0,0.75,-1.1,30.4,69.6
2023-01-31 21:15:00,237.69326955556,63.834668694446,63.952997294446,18.70555552,-6.831333333333333,23.7,1,5.1764362714980825,70.66250196097344,21,1,1,-0.7071067811865477,0.7071067811865474,0.7818314824680298,0.6234898018587336,0.4999999999999999,0.8660254037844387,0.0,0.0,3.25,2.4,8.725,100.0,52.25,-15.275,1.5271822,0.0,-7.125,18.668518520000003,24.53333333333333,25.4,24.633333333333333,24.25,22.566666666666663,-25.53688885333333,0.3555555266666701,-0.0679999999999996,-6.763333333333334,-6.571333333333333,18.51666664777778,-6.623777777777776,3.793841,3.8453848,4.015468,3.9307365,3.6045122,0,1.0,1,0.75,-1.02,27.0,73.0
2023-01-31 21:30:00,782.358148855556,106.420465227778,106.519627944444,18.668518520000003,-6.571333333333333,22.566666666666663,2,5.1764362714980825,70.66250196097344,21,1,1,-0.7071067811865477,0.7071067811865474,0.7818314824680298,0.6234898018587336,0.4999999999999999,0.8660254037844387,0.0,0.0,1.25,2.5,7.75,100.0,51.5,-15.35,1.5135503,0.0,-7.050000000000001,18.67222226,23.7,24.53333333333333,25.4,24.633333333333333,22.45,-25.23985185333333,-0.0370369999999979,0.2600000000000007,-6.831333333333333,-6.810666666666666,18.57469134444445,-6.721999999999998,3.6045122,3.793841,3.8453848,4.015468,3.5866637,0,0.0,1,1.0,-1.04,27.6,72.4
2023-01-31 21:45:00,896.765794649998,191.337346183334,191.43956436111,18.67222226,-6.810666666666666,22.45,2,5.1764362714980825,70.66250196097344,21,1,1,-0.7071067811865477,0.7071067811865474,0.7818314824680298,0.6234898018587336,0.4999999999999999,0.8660254037844387,0.0,0.0,0.2083333333333333,2.6,6.775,100.0,50.75,-15.425,1.4997165,0.0,-6.9750000000000005,19.05000002333333,22.566666666666663,23.7,24.53333333333333,25.4,21.666666666666668,-25.482888926666668,0.0037037399999988,-0.2393333333333336,-6.571333333333333,-6.701333333333333,18.68209876666667,-6.737777777777775,3.5866637,3.6045122,3.793841,3.8453848,3.5396473,0,0.0,0,1.0,-1.04,27.6,72.4
2023-01-31 22:00:00,174.20997582222,30.214069172222,30.294621599996,19.05000002333333,-6.701333333333333,21.666666666666668,1,5.1764362714980825,70.66250196097344,22,1,1,-0.5000000000000004,0.8660254037844384,0.7818314824680298,0.6234898018587336,0.4999999999999999,0.8660254037844387,0.0,0.0,0.125,2.7,5.8,100.0,50.0,-15.5,1.4856795,0.0,-6.9,18.83888887,22.45,22.566666666666663,23.7,24.53333333333333,21.05,-25.751333356666667,0.3777777633333308,0.1093333333333328,-6.810666666666666,-6.522,18.796913601111115,-6.694444444444442,3.5396473,3.5866637,3.6045122,3.793841,3.3963032,0,0.0,1,1.0,-0.95,24.2,75.8
2023-01-31 22:15:00,273.034356005554,118.703585,118.794970244444,18.83888887,-6.522,21.05,2,5.1764362714980825,70.66250196097344,22,1,1,-0.5000000000000004,0.8660254037844384,0.7818314824680298,0.6234898018587336,0.4999999999999999,0.8660254037844387,0.0,0.0,0.0625,2.95,6.5,100.0,50.5,-15.55,1.4814475,0.0,-7.075,18.80370367333333,21.666666666666668,22.45,22.566666666666663,23.7,21.28333333333333,-25.360888870000004,-0.2111111533333307,0.1793333333333331,-6.701333333333333,-6.380666666666667,18.85370371777778,-6.677999999999998,3.3963032,3.5396473,3.5866637,3.6045122,3.4268167,0,0.0,1,1.0,-1.0,26.3,73.7
2023-01-31 22:30:00,322.640427050006,191.526227527778,191.623723594446,18.80370367333333,-6.380666666666667,21.28333333333333,2,5.1764362714980825,70.66250196097344,22,1,1,-0.5000000000000004,0.8660254037844384,0.7818314824680298,0.6234898018587336,0.4999999999999999,0.8660254037844387,0.0,0.0,0.0208333333333333,3.2,7.199999999999999,100.0,51.0,-15.6,1.4770534,0.0,-7.25,19.11111108,21.05,21.666666666666668,22.45,22.566666666666663,20.7,-25.18437034,-0.0351851966666671,0.1413333333333328,-6.522,-6.42,18.89753085555556,-6.5346666666666655,3.4268167,3.3963032,3.5396473,3.5866637,3.393936,0,0.0,0,1.0,-1.01,26.6,73.4
2023-01-31 22:45:00,194.691100927778,46.1506539,46.218151183334,19.11111108,-6.42,20.7,1,5.1764362714980825,70.66250196097344,22,1,1,-0.5000000000000004,0.8660254037844384,0.7818314824680298,0.6234898018587336,0.4999999999999999,0.8660254037844387,0.0,0.0,0.0,3.45,7.899999999999999,100.0,51.5,-15.65,1.4725021,0.0,-7.425,18.881481446666665,21.28333333333333,21.05,21.666666666666668,22.45,21.15,-25.53111108,0.3074074066666661,-0.0393333333333325,-6.380666666666667,-6.529333333333333,18.917901207777778,-6.440888888888888,3.393936,3.4268167,3.3963032,3.5396473,3.4210367,0,0.0,1,1.0,-0.94,23.8,76.2
2023-01-31 23:00:00,281.983164755552,124.666679816666,124.738621405554,18.881481446666665,-6.529333333333333,21.15,2,5.1764362714980825,70.66250196097344,23,1,1,-0.2588190451025215,0.965925826289068,0.7818314824680298,0.6234898018587336,0.4999999999999999,0.8660254037844387,0.0,0.0,0.0,3.7,8.6,100.0,52.0,-15.7,1.467798,0.0,-7.6,18.77777778,20.7,21.28333333333333,21.05,21.666666666666668,21.55,-25.41081478,-0.2296296333333352,-0.1093333333333328,-6.42,-6.516,18.932098733333333,-6.443333333333332,3.4210367,3.393936,3.4268167,3.3963032,3.4644396,0,0.0,1,1.0,-0.99,25.9,74.1
2023-01-31 23:15:00,319.24445204444,197.804309727778,197.845419216666,18.77777778,-6.516,21.55,2,5.1764362714980825,70.66250196097344,23,1,1,-0.2588190451025215,0.965925826289068,0.7818314824680298,0.6234898018587336,0.4999999999999999,0.8660254037844387,0.0,0.0,0.0,3.8,8.525,100.0,52.75,-15.65,1.4780519,0.0,-7.699999999999999,19.03518515333333,21.15,20.7,21.28333333333333,21.05,21.78333333333333,-25.29377778,-0.1037036666666644,0.0133333333333327,-6.529333333333333,-6.462666666666666,18.92345676888889,-6.4884444444444425,3.4644396,3.4210367,3.393936,3.4268167,3.5555975,0,0.0,0,1.0,-1.02,26.8,73.2
2023-01-31 23:30:00,291.39445483889,209.617448283334,209.641613983334,19.03518515333333,-6.462666666666666,21.78333333333333,2,5.1764362714980825,70.66250196097344,23,1,1,-0.2588190451025215,0.965925826289068,0.7818314824680298,0.6234898018587336,0.4999999999999999,0.8660254037844387,0.0,0.0,0.0,3.9,8.45,100.0,53.5,-15.6,1.4880669,0.0,-7.8,19.31111111,21.55,21.15,20.7,21.28333333333333,21.45,-25.49785182,0.2574073733333328,0.0533333333333336,-6.516,-6.8340000000000005,18.89814812666667,-6.502666666666664,3.5555975,3.4644396,3.4210367,3.393936,3.5585947,0,0.0,0,1.0,-0.96,24.3,75.7
2023-01-31 23:45:00,101.256505094446,30.693772216666,30.698772066664,19.31111111,-6.8340000000000005,21.45,1,5.1764362714980825,70.66250196097344,23,1,1,-0.2588190451025215,0.965925826289068,0.7818314824680298,0.6234898018587336,0.4999999999999999,0.8660254037844387,0.0,0.0,0.0,4.0,8.375,100.0,54.25,-15.55,1.4978458,0.0,-7.9,19.048148146666662,21.78333333333333,21.55,21.15,20.7,21.216666666666665,-26.14511111,0.2759259566666685,-0.3713333333333342,-6.462666666666666,-6.941333333333334,19.041358014444445,-6.60422222222222,3.5585947,3.5555975,3.4644396,3.4210367,3.4657528,0,0.0,1,1.0,-0.9,21.9,78.1
2023-02-01 00:00:00,187.649438205554,131.996942127778,132.01499702222,19.048148146666662,-6.941333333333334,21.216666666666665,2,5.1764362714980825,70.66250196097344,0,2,2,0.0,1.0,0.9749279121818236,-0.2225209339563143,0.8660254037844386,0.5000000000000001,0.0,0.0,0.0,4.1,8.3,100.0,55.0,-15.5,1.5073912,0.0,-8.0,19.0,21.45,21.78333333333333,21.55,21.15,21.45,-25.98948148,-0.2629629633333366,-0.107333333333333,-6.8340000000000005,-7.007333333333333,19.13148147,-6.745999999999998,3.4657528,3.5585947,3.5555975,3.4644396,3.493928,0,0.0,1,1.0,-0.96,24.3,75.7
2023-02-01 00:15:00,246.186541044444,192.0081527,192.033151733332,19.0,-7.007333333333333,21.45,2,5.1764362714980825,70.66250196097344,0,2,2,0.0,1.0,0.9749279121818236,-0.2225209339563143,0.8660254037844386,0.5000000000000001,0.0,0.0,0.0,4.35,8.65,100.0,57.25,-15.325,1.5346512,0.0,-8.3,19.29074073,21.216666666666665,21.45,21.78333333333333,21.55,20.85,-26.00733333333333,-0.0481481466666657,-0.0659999999999998,-6.941333333333334,-7.168666666666667,19.11975308555556,-6.9275555555555535,3.493928,3.4657528,3.5585947,3.5555975,3.4549067,0,0.0,0,1.0,-0.97,24.7,75.3
2023-02-01 00:30:00,91.504395361106,31.2745823,31.283193155552,19.29074073,-7.168666666666667,20.85,1,5.1764362714980825,70.66250196097344,0,2,2,0.0,1.0,0.9749279121818236,-0.2225209339563143,0.8660254037844386,0.5000000000000001,0.0,0.0,0.0,4.6,9.0,100.0,59.5,-15.15,1.5599003,0.0,-8.6,19.03888887,21.45,21.216666666666665,21.45,21.78333333333333,20.5,-26.459407396666663,0.2907407299999995,-0.1613333333333333,-7.007333333333333,-7.12,19.11296295888889,-7.039111111111109,3.4549067,3.493928,3.4657528,3.5585947,3.346857,0,0.0,1,1.0,-0.9,22.2,77.8
2023-02-01 00:45:00,274.3548587,125.977738472222,125.99773772222,19.03888887,-7.12,20.5,2,5.1764362714980825,70.66250196097344,0,2,2,0.0,1.0,0.9749279121818236,-0.2225209339563143,0.8660254037844386,0.5000000000000001,0.0,0.0,0.0,4.85,9.35,100.0,61.75,-14.975,1.5832044,0.0,-8.899999999999999,19.01481481,20.85,21.45,21.216666666666665,21.45,20.5,-26.15888887,-0.2518518599999986,0.0486666666666666,-7.168666666666667,-7.134,19.10987653333333,-7.098666666666666,3.346857,3.4549067,3.493928,3.4657528,3.342106,0,0.0,1,1.0,-0.96,24.6,75.4
2023-02-01 01:00:00,478.04004438333,193.919187388888,193.946964111108,19.01481481,-7.134,20.5,2,5.1764362714980825,70.66250196097344,1,2,2,0.2588190451025207,0.9659258262890684,0.9749279121818236,-0.2225209339563143,0.8660254037844386,0.5000000000000001,0.0,0.0,0.0,5.1,9.7,100.0,64.0,-14.8,1.6046294,0.0,-9.2,19.31111111,20.5,20.85,21.45,21.216666666666665,20.15,-26.14881481,-0.0240740600000002,-0.0140000000000002,-7.12,-7.101333333333333,19.11481480333333,-7.140888888888887,3.342106,3.346857,3.4549067,3.493928,3.3429224,0,0.0,0,1.0,-0.97,24.8,75.2
2023-02-01 01:15:00,78.090765111112,26.466719055556,26.476440949998,19.31111111,-7.101333333333333,20.15,1,5.1764362714980825,70.66250196097344,1,2,2,0.2588190451025207,0.9659258262890684,0.9749279121818236,-0.2225209339563143,0.8660254037844386,0.5000000000000001,0.0,0.0,0.0,4.824999999999999,9.7,100.0,60.25,-15.1,1.5707941,0.0,-8.674999999999999,19.048148146666662,20.5,20.5,20.85,21.45,20.0,-26.41244444333333,0.2962963000000016,0.0326666666666675,-7.134,-7.068666666666667,19.121604930000004,-7.118444444444442,3.3429224,3.342106,3.346857,3.4549067,3.26701,0,0.0,1,1.0,-0.9,22.2,77.8
2023-02-01 01:30:00,165.56976586111,120.686283472222,120.705171666664,19.048148146666662,-7.068666666666667,20.0,2,5.1764362714980825,70.66250196097344,1,2,2,0.2588190451025207,0.9659258262890684,0.9749279121818236,-0.2225209339563143,0.8660254037844386,0.5000000000000001,0.0,0.0,0.0,4.55,9.7,100.0,56.5,-15.4,1.5314412,0.0,-8.149999999999999,18.966666640000003,20.15,20.5,20.5,20.85,20.0,-26.11681481333333,-0.2629629633333366,0.0326666666666657,-7.101333333333333,-7.244666666666666,19.124691355555555,-7.101333333333332,3.26701,3.3429224,3.342106,3.346857,3.2513375,0,0.0,1,1.0,-0.96,24.6,75.4
2023-02-01 01:45:00,250.240823316666,201.542215772222,201.569436949998,18.966666640000003,-7.244666666666666,20.0,2,5.1764362714980825,70.66250196097344,1,2,2,0.2588190451025207,0.9659258262890684,0.9749279121818236,-0.2225209339563143,0.8660254037844386,0.5000000000000001,0.0,0.0,0.0,4.275,9.7,100.0,52.75,-15.7,1.4862324,0.0,-7.625,19.32777776,20.0,20.15,20.5,20.5,19.816666666666663,-26.21133330666667,-0.0814815066666625,-0.1759999999999992,-7.068666666666667,-7.556666666666667,19.10864196555556,-7.138222222222221,3.2513375,3.26701,3.3429224,3.342106,3.290848,0,0.0,0,1.0,-0.98,25.3,74.7
2023-02-01 02:00:00,122.566208305554,57.058550883334,57.070217133332,19.32777776,-7.556666666666667,19.816666666666663,1,5.1764362714980825,70.66250196097344,2,2,2,0.4999999999999999,0.8660254037844387,0.9749279121818236,-0.2225209339563143,0.8660254037844386,0.5000000000000001,0.0,0.0,0.0,4.0,9.7,100.0,49.0,-16.0,1.4348148,0.0,-7.1,19.12777781,20.0,20.0,20.15,20.5,19.5,-26.88444442666667,0.3611111199999968,-0.3120000000000003,-7.244666666666666,-7.836,19.11419751555556,-7.289999999999998,3.290848,3.2513375,3.26701,3.3429224,3.2003295,0,0.0,1,1.0,-0.9,22.1,77.9
2023-02-01 02:15:00,153.45080630555,98.595778244444,98.61355538333,19.12777781,-7.836,19.5,2,5.1764362714980825,70.66250196097344,2,2,2,0.4999999999999999,0.8660254037844387,0.9749279121818236,-0.2225209339563143,0.8660254037844386,0.5000000000000001,0.0,0.0,0.0,3.675,9.25,98.0,49.75,-15.9,1.4487945,0.0,-7.175,18.857407406666667,19.816666666666663,20.0,20.0,20.15,19.5,-26.963777810000003,-0.1999999499999987,-0.2793333333333336,-7.556666666666667,-7.992,19.140740736666668,-7.545777777777776,3.2003295,3.290848,3.2513375,3.26701,3.1496642,0,0.0,1,1.0,-0.95,24.0,76.0
2023-02-01 02:30:00,250.577754222224,202.972158572222,203.000490838886,18.857407406666667,-7.992,19.5,2,5.1764362714980825,70.66250196097344,2,2,2,0.4999999999999999,0.8660254037844387,0.9749279121818236,-0.2225209339563143,0.8660254037844386,0.5000000000000001,0.0,0.0,0.0,3.35,8.8,96.0,50.5,-15.8,1.4625726,0.0,-7.25,19.20555556,19.5,19.816666666666663,20.0,20.0,19.45,-26.849407406666668,-0.2703704033333345,-0.1559999999999997,-7.836,-7.88,19.104320992222224,-7.794888888888887,3.1496642,3.2003295,3.290848,3.2513375,3.2067912,0,0.0,0,1.0,-1.01,26.5,73.5
2023-02-01 02:45:00,252.768777777776,203.791014666668,203.820180249998,19.20555556,-7.88,19.45,2,5.1764362714980825,70.66250196097344,2,2,2,0.4999999999999999,0.8660254037844387,0.9749279121818236,-0.2225209339563143,0.8660254037844386,0.5000000000000001,0.0,0.0,0.0,3.0250000000000004,8.35,94.0,51.25,-15.7,1.4761506,0.0,-7.325,19.45555557,19.5,19.5,19.816666666666663,20.0,19.03333333333333,-27.08555556,0.3481481533333337,0.1120000000000001,-7.992,-7.642666666666667,19.06358025888889,-7.902666666666665,3.2067912,3.1496642,3.2003295,3.290848,3.1846166,0,0.0,0,1.0,-0.93,23.3,76.7
2023-02-01 03:00:00,72.78375521666601,29.38104696111,29.39243542222,19.45555557,-7.642666666666667,19.03333333333333,1,5.1764362714980825,70.66250196097344,3,2,2,0.7071067811865476,0.7071067811865476,0.9749279121818236,-0.2225209339563143,0.8660254037844386,0.5000000000000001,0.0,0.0,0.0,2.7,7.9,92.0,52.0,-15.6,1.4895302,0.0,-7.4,19.09999999,19.45,19.5,19.5,19.816666666666663,19.35,-27.09822223666667,0.2500000100000008,0.2373333333333329,-7.88,-7.266,19.172839512222225,-7.83822222222222,3.1846166,3.2067912,3.1496642,3.2003295,3.170514,0,0.0,1,1.0,-0.88,21.2,78.8
2023-02-01 03:15:00,200.056997549994,139.801074383334,139.822740216666,19.09999999,-7.266,19.35,2,5.1764362714980825,70.66250196097344,3,2,2,0.7071067811865476,0.7071067811865476,0.9749279121818236,-0.2225209339563143,0.8660254037844386,0.5000000000000001,0.0,0.0,0.0,2.8000000000000003,7.0,93.25,52.5,-15.6,1.4873699,0.0,-7.550000000000001,19.12222221,19.03333333333333,19.45,19.5,19.5,19.316666666666663,-26.36599999,-0.3555555800000007,0.3766666666666669,-7.642666666666667,-7.508,19.25370370666667,-7.59622222222222,3.170514,3.1846166,3.2067912,3.1496642,3.1692033,0,0.0,1,1.0,-0.95,24.2,75.8
2023-02-01 03:30:00,263.582511811112,199.362580744444,199.390912977776,19.12222221,-7.508,19.316666666666663,2,5.1764362714980825,70.66250196097344,3,2,2,0.7071067811865476,0.7071067811865476,0.9749279121818236,-0.2225209339563143,0.8660254037844386,0.5000000000000001,0.0,0.0,0.0,2.9000000000000004,6.1,94.5,53.0,-15.6,1.4850568,0.0,-7.7,19.37777774,19.35,19.03333333333333,19.45,19.5,19.0,-26.63022221,0.0222222199999997,-0.242,-7.266,-7.578666666666667,19.22592592333333,-7.4722222222222205,3.1692033,3.170514,3.1846166,3.2067912,3.164528,0,0.0,0,1.0,-0.95,24.0,76.0
2023-02-01 03:45:00,79.056004150006,36.251327655556,36.2627161,19.37777774,-7.578666666666667,19.0,1,5.1764362714980825,70.66250196097344,3,2,2,0.7071067811865476,0.7071067811865476,0.9749279121818236,-0.2225209339563143,0.8660254037844386,0.5000000000000001,0.0,0.0,0.0,3.0,5.199999999999999,95.75,53.5,-15.6,1.4825938,0.0,-7.85,19.09259258333333,19.316666666666663,19.35,19.03333333333333,19.45,19.0,-26.956444406666662,0.2555555299999987,-0.0706666666666668,-7.508,-7.531999999999999,19.19999998,-7.450888888888887,3.164528,3.1692033,3.170514,3.1846166,3.1118069,0,0.0,1,1.0,-0.89,21.9,78.1
2023-02-01 04:00:00,191.206795955552,144.456999255556,144.48060946111,19.09259258333333,-7.531999999999999,19.0,2,5.1764362714980825,70.66250196097344,4,2,2,0.8660254037844386,0.5000000000000001,0.9749279121818236,-0.2225209339563143,0.8660254037844386,0.5000000000000001,0.0,0.0,0.0,3.1,4.3,97.0,54.0,-15.6,1.4799843,0.0,-8.0,19.18333332,19.0,19.316666666666663,19.35,19.03333333333333,19.0,-26.62459258333333,-0.2851851566666674,0.0466666666666677,-7.578666666666667,-7.516,19.197530844444444,-7.539555555555553,3.1118069,3.164528,3.1692033,3.170514,3.128499,0,0.0,1,1.0,-0.96,24.4,75.6
2023-02-01 04:15:00,242.758344844444,195.970494166668,195.99854866111,19.18333332,-7.516,19.0,2,5.1764362714980825,70.66250196097344,4,2,2,0.8660254037844386,0.5000000000000001,0.9749279121818236,-0.2225209339563143,0.8660254037844386,0.5000000000000001,0.0,0.0,0.0,3.15,4.75,94.25,54.0,-15.575,1.4827174,0.0,-7.975,19.440740743333333,19.0,19.0,19.316666666666663,19.35,18.816666666666663,-26.69933332,0.0907407366666674,0.0159999999999991,-7.531999999999999,-7.48,19.21790121444444,-7.542222222222219,3.128499,3.1118069,3.164528,3.1692033,3.1456232,0,0.0,0,1.0,-0.94,23.6,76.4
2023-02-01 04:30:00,81.491740183334,31.355690172222,31.367078616666,19.440740743333333,-7.48,18.816666666666663,1,5.1764362714980825,70.66250196097344,4,2,2,0.8660254037844386,0.5000000000000001,0.9749279121818236,-0.2225209339563143,0.8660254037844386,0.5000000000000001,0.0,0.0,0.0,3.2,5.2,91.5,54.0,-15.55,1.4854552,0.0,-7.95,19.11666667,19.0,19.0,19.0,19.316666666666663,18.85,-26.920740743333333,0.2574074233333334,0.0359999999999995,-7.516,-7.536,19.238888882222223,-7.50933333333333,3.1456232,3.128499,3.1118069,3.164528,3.091626,0,0.0,1,1.0,-0.88,21.4,78.6
2023-02-01 04:45:00,194.82665103889,131.8538923,131.875280327778,19.11666667,-7.536,18.85,2,5.1764362714980825,70.66250196097344,4,2,2,0.8660254037844386,0.5000000000000001,0.9749279121818236,-0.2225209339563143,0.8660254037844386,0.5000000000000001,0.0,0.0,0.0,3.25,5.65,88.75,54.0,-15.525,1.4881967,0.0,-7.925000000000001,19.10185186,18.816666666666663,19.0,19.0,19.0,19.0,-26.652666669999995,-0.3240740733333354,-0.0559999999999991,-7.48,-7.546,19.24691357777778,-7.510666666666665,3.091626,3.1456232,3.128499,3.1118069,3.1135068,0,0.0,1,1.0,-0.95,24.2,75.8
2023-02-01 05:00:00,244.325504405554,194.501941794446,194.52916293889,19.10185186,-7.546,19.0,2,5.1764362714980825,70.66250196097344,5,2,2,0.9659258262890684,0.2588190451025207,0.9749279121818236,-0.2225209339563143,0.8660254037844386,0.5000000000000001,0.0,0.0,0.0,3.3,6.1,86.0,54.0,-15.5,1.4909432,0.0,-7.9,19.366666650000003,18.85,18.816666666666663,19.0,19.0,18.95,-26.64785186,-0.0148148099999971,-0.0100000000000006,-7.536,-7.440666666666667,19.219753091111112,-7.520666666666664,3.1135068,3.091626,3.1456232,3.128499,3.1541371,0,0.0,0,1.0,-0.96,24.3,75.7
2023-02-01 05:15:00,80.01124383889,38.467072355556,38.479571872222,19.366666650000003,-7.440666666666667,18.95,1,5.1764362714980825,70.66250196097344,5,2,2,0.9659258262890684,0.2588190451025207,0.9749279121818236,-0.2225209339563143,0.8660254037844386,0.5000000000000001,0.0,0.0,0.0,4.575,7.725,68.75,57.0,-15.65,1.4833064,0.0,-8.7,19.08333335333333,19.0,18.85,18.816666666666663,19.0,18.716666666666665,-26.80733331666667,0.2648147900000026,0.1053333333333332,-7.546,-7.47,19.195061726666665,-7.507555555555554,3.1541371,3.1135068,3.091626,3.1456232,3.0637295,0,0.0,1,1.0,-0.9,22.0,78.0
2023-02-01 05:30:00,160.005544038886,112.687992333332,112.707436038886,19.08333335333333,-7.47,18.716666666666665,2,5.1764362714980825,70.66250196097344,5,2,2,0.9659258262890684,0.2588190451025207,0.9749279121818236,-0.2225209339563143,0.8660254037844386,0.5000000000000001,0.0,0.0,0.0,5.85,9.35,51.5,60.0,-15.8,1.4710083,0.0,-9.5,18.96111109,18.95,19.0,18.85,18.816666666666663,19.0,-26.553333353333333,-0.2833332966666688,-0.0293333333333327,-7.440666666666667,-7.614,19.183950621111112,-7.485555555555553,3.0637295,3.1541371,3.1135068,3.091626,3.0877578,0,0.0,1,1.0,-0.96,24.5,75.5
2023-02-01 05:45:00,249.903614655552,199.5961825,199.625070277776,18.96111109,-7.614,19.0,2,5.1764362714980825,70.66250196097344,5,2,2,0.9659258262890684,0.2588190451025207,0.9749279121818236,-0.2225209339563143,0.8660254037844386,0.5000000000000001,0.0,0.0,0.0,7.125,10.975,34.25000000000001,63.0,-15.95,1.4545531,0.0,-10.3,19.31666666,18.716666666666665,18.95,19.0,18.85,18.816666666666663,-26.57511109,-0.1222222633333345,-0.1440000000000001,-7.47,-7.654,19.13703703111112,-7.50822222222222,3.0877578,3.0637295,3.1541371,3.1135068,3.1227412,0,0.0,0,1.0,-0.99,25.6,74.4
2023-02-01 06:00:00,130.44117106111,73.163740016666,73.179294977776,19.31666666,-7.654,18.816666666666663,2,5.1764362714980825,70.66250196097344,6,2,2,1.0,6.123233995736766e-17,0.9749279121818236,-0.2225209339563143,0.8660254037844386,0.5000000000000001,0.0,0.0,0.0,8.4,12.6,17.0,66.0,-16.1,1.4344108,0.0,-11.1,19.16111112,19.0,18.716666666666665,18.95,19.0,18.55,-26.97066666,0.3555555699999999,-0.04,-7.614,-7.7,19.120370367777777,-7.579333333333331,3.1227412,3.0877578,3.0637295,3.1541371,3.050405,0,0.0,0,1.0,-0.91,22.4,77.6
2023-02-01 06:15:00,182.808798555552,128.305423144444,128.325977872222,19.16111112,-7.7,18.55,2,5.1764362714980825,70.66250196097344,6,2,2,1.0,6.123233995736766e-17,0.9749279121818236,-0.2225209339563143,0.8660254037844386,0.5000000000000001,0.0,0.0,0.0,8.4,13.6,12.75,67.5,-16.05,1.4449055,0.0,-11.3,19.05370367333333,18.816666666666663,19.0,18.716666666666665,18.95,18.966666666666665,-26.86111112,-0.1555555399999981,-0.0460000000000002,-7.654,-7.646,19.14629629,-7.655999999999999,3.050405,3.1227412,3.0877578,3.0637295,3.0992293,0,0.0,0,1.0,-0.94,23.9,76.1
2023-02-01 06:30:00,250.448037327774,204.793752355556,204.822917872222,19.05370367333333,-7.646,18.966666666666665,2,5.1764362714980825,70.66250196097344,6,2,2,1.0,6.123233995736766e-17,0.9749279121818236,-0.2225209339563143,0.8660254037844386,0.5000000000000001,0.0,0.0,0.0,8.4,14.6,8.5,69.0,-16.0,1.4547192,0.0,-11.5,19.34999997,18.55,18.816666666666663,19.0,18.716666666666665,18.65,-26.69970367333333,-0.1074074466666665,0.0540000000000002,-7.7,-7.7266666666666675,19.17716048444445,-7.666666666666664,3.0992293,3.050405,3.1227412,3.0877578,3.1011603,0,0.0,0,1.0,-0.97,24.7,75.3
2023-02-01 06:45:00,89.174210572226,47.8322533,47.846141644444,19.34999997,-7.7266666666666675,18.65,1,5.1764362714980825,70.66250196097344,6,2,2,1.0,6.123233995736766e-17,0.9749279121818236,-0.2225209339563143,0.8660254037844386,0.5000000000000001,0.0,0.0,0.0,8.4,15.6,4.249999999999998,70.5,-15.95,1.4638681,0.0,-11.7,19.10370370333333,18.966666666666665,18.55,18.816666666666663,19.0,18.5,-27.076666636666666,0.2962962966666644,-0.0806666666666675,-7.646,-7.706666666666666,19.18827158777778,-7.690888888888888,3.1011603,3.0992293,3.050405,3.1227412,3.0319037,0,0.0,1,1.0,-0.9,22.2,77.8
2023-02-01 07:00:00,174.161922111112,126.612435266668,126.634378855556,19.10370370333333,-7.706666666666666,18.5,2,5.1764362714980825,70.66250196097344,7,2,2,0.9659258262890684,-0.2588190451025206,0.9749279121818236,-0.2225209339563143,0.8660254037844386,0.5000000000000001,0.0,0.0,0.0,8.4,16.6,0.0,72.0,-15.9,1.4723676,0.0,-11.9,19.0111111,18.65,18.966666666666665,18.55,18.816666666666663,18.5,-26.81037037,-0.2462962666666648,0.0200000000000013,-7.7266666666666675,-7.548,19.169135782222224,-7.693111111111109,3.0319037,3.1011603,3.0992293,3.050405,3.0153878,0,0.0,1,1.0,-0.96,24.4,75.6
2023-02-01 07:15:00,262.1928452,201.823593383334,201.8535922,19.0111111,-7.548,18.5,2,5.1764362714980825,70.66250196097344,7,2,2,0.9659258262890684,-0.2588190451025206,0.9749279121818236,-0.2225209339563143,0.8660254037844386,0.5000000000000001,0.0,0.0,0.0,8.475,17.05,0.0,72.25,-15.275,1.5465842,0.0,-11.3,19.27962963,18.5,18.65,18.966666666666665,18.55,18.5,-26.559111100000003,-0.0925926033333333,0.158666666666666,-7.706666666666666,-7.462666666666666,19.15493825777778,-7.660444444444443,3.0153878,3.0319037,3.1011603,3.0992293,3.0634995,0,0.0,0,1.0,-0.98,25.2,74.8
2023-02-01 07:30:00,172.780033005554,118.372209388888,118.394708538886,19.27962963,-7.462666666666666,18.5,2,5.1764362714980825,70.66250196097344,7,2,2,0.9659258262890684,-0.2588190451025206,0.9749279121818236,-0.2225209339563143,0.8660254037844386,0.5000000000000001,0.0,0.0,0.0,8.55,17.5,0.0,72.5,-14.65,1.624129,0.0,-10.7,19.10555555,18.5,18.5,18.65,18.966666666666665,18.5,-26.742296296666662,0.2685185299999979,0.0853333333333337,-7.548,-7.586666666666667,19.13148147777778,-7.572444444444443,3.0634995,3.0153878,3.0319037,3.1011603,3.0322342,0,0.0,0,1.0,-0.92,22.8,77.2
2023-02-01 07:45:00,218.454039272222,171.168708527778,171.196207477776,19.10555555,-7.586666666666667,18.5,2,5.1764362714980825,70.66250196097344,7,2,2,0.9659258262890684,-0.2588190451025206,0.9749279121818236,-0.2225209339563143,0.8660254037844386,0.5000000000000001,0.0,0.0,0.0,8.625,17.95,0.0,72.75,-14.025,1.7051318,0.0,-10.1,19.153703716666666,18.5,18.5,18.5,18.65,18.5,-26.692222216666668,-0.1740740799999969,-0.1240000000000005,-7.462666666666666,-7.343999999999999,19.13209876,-7.532444444444443,3.0322342,3.0634995,3.0153878,3.0319037,3.0408545,0,0.0,0,1.0,-0.96,24.4,75.6
2023-02-01 08:00:00,240.38038448333,194.49333103889,194.52332992222,19.153703716666666,-7.343999999999999,18.5,2,5.1764362714980825,70.66250196097344,8,2,2,0.8660254037844387,-0.4999999999999998,0.9749279121818236,-0.2225209339563143,0.8660254037844386,0.5000000000000001,0.0,0.0,0.0,8.7,18.4,0.0,73.0,-13.4,1.7897267,0.0,-9.5,19.33333333,18.5,18.5,18.5,18.5,18.2,-26.497703716666663,0.0481481666666638,0.2426666666666674,-7.586666666666667,-7.074666666666667,19.179629632222227,-7.464444444444442,3.0408545,3.0322342,3.0634995,3.0153878,3.0233657,0,0.0,0,1.0,-0.95,23.9,76.1
2023-02-01 08:15:00,346.390310549998,28.0747103,28.086932077776,19.33333333,-7.074666666666667,18.2,1,5.1764362714980825,70.66250196097344,8,2,2,0.8660254037844387,-0.4999999999999998,0.9749279121818236,-0.2225209339563143,0.8660254037844386,0.5000000000000001,4.75,1.1875,0.3958333333333333,9.3,19.2,0.25,74.0,-13.225,1.8210391,0.0,-9.45,18.964814803333336,18.5,18.5,18.5,18.5,18.466666666666665,-26.407999996666668,0.1796296133333363,0.2693333333333321,-7.343999999999999,-6.925333333333333,19.19753086555556,-7.335111111111108,3.0233657,3.0408545,3.0322342,3.0634995,3.0017405,0,0.0,1,1.0,-0.91,22.4,77.6
2023-02-01 08:30:00,181.28663707778,126.373833727778,126.395221788888,18.964814803333336,-6.925333333333333,18.466666666666665,2,5.1764362714980825,70.66250196097344,8,2,2,0.8660254037844387,-0.4999999999999998,0.9749279121818236,-0.2225209339563143,0.8660254037844386,0.5000000000000001,9.5,3.5625,1.1875,9.9,20.0,0.5,75.0,-13.05,1.8525572,0.0,-9.4,18.98333332,18.2,18.5,18.5,18.5,18.5,-25.890148136666667,-0.3685185266666657,0.1493333333333346,-7.074666666666667,-7.02,19.150617283333336,-7.114666666666665,3.0017405,3.0233657,3.0408545,3.0322342,3.010448,0,0.0,1,1.0,-0.99,25.7,74.3
2023-02-01 08:45:00,257.666637372222,196.346868027778,196.375200277776,18.98333332,-7.02,18.5,2,5.1764362714980825,70.66250196097344,8,2,2,0.8660254037844387,-0.4999999999999998,0.9749279121818236,-0.2225209339563143,0.8660254037844386,0.5000000000000001,14.25,7.125,2.375,10.5,20.8,0.75,76.0,-12.875,1.8842827,0.0,-9.35,19.249999993333333,18.466666666666665,18.2,18.5,18.5,18.316666666666663,-26.00333332,0.0185185166666634,-0.0946666666666669,-6.925333333333333,-7.1786666666666665,19.093827151111118,-7.006666666666664,3.010448,3.0017405,3.0233657,3.0408545,3.0278523,0,0.0,0,1.0,-0.99,25.5,74.5
2023-02-01 09:00:00,77.80660977778,31.478185222224,31.49068473889,19.249999993333333,-7.1786666666666665,18.316666666666663,1,5.1764362714980825,70.66250196097344,9,2,2,0.7071067811865476,-0.7071067811865475,0.9749279121818236,-0.2225209339563143,0.8660254037844386,0.5000000000000001,19.0,11.875,3.9583333333333335,11.1,21.6,1.0,77.0,-12.7,1.9162167,0.0,-9.3,18.97222224,18.5,18.466666666666665,18.2,18.5,18.4,-26.42866666,0.2666666733333329,-0.1586666666666669,-7.02,-6.970666666666667,19.066049372222224,-7.041333333333331,3.0278523,3.010448,3.0017405,3.0233657,2.9922116,0,0.0,1,1.0,-0.93,23.1,76.9
2023-02-01 09:15:00,194.793596811112,141.403788105554,141.426287188888,18.97222224,-6.970666666666667,18.4,2,5.1764362714980825,70.66250196097344,9,2,2,0.7071067811865476,-0.7071067811865475,0.9749279121818236,-0.2225209339563143,0.8660254037844386,0.5000000000000001,52.0,23.6875,8.291666666666666,11.6,23.675,1.5,75.0,-12.6,1.9264996,0.0,-8.875,18.99074076,18.316666666666663,18.5,18.466666666666665,18.2,18.966666666666665,-25.942888906666667,-0.2777777533333321,0.2079999999999993,-7.1786666666666665,-6.77,19.06851851777778,-7.056444444444442,2.9922116,3.0278523,3.010448,3.0017405,3.0877364,0,0.0,1,1.0,-0.99,25.6,74.4
2023-02-01 09:30:00,288.78400376111,175.555199727778,175.584643049998,18.99074076,-6.77,18.966666666666665,2,5.1764362714980825,70.66250196097344,9,2,2,0.7071067811865476,-0.7071067811865475,0.9749279121818236,-0.2225209339563143,0.8660254037844386,0.5000000000000001,85.0,42.5625,15.375,12.1,25.75,2.0,73.0,-12.5,1.9352322,0.0,-8.45,19.45555557,18.4,18.316666666666663,18.5,18.466666666666665,19.0,-25.76074076,0.0185185200000006,0.2006666666666676,-6.970666666666667,-6.614,19.07098766444445,-6.973111111111109,3.0877364,2.9922116,3.0278523,3.010448,3.1790392,0,0.0,0,1.0,-0.98,25.3,74.7
2023-02-01 09:45:00,65.5532111,0.0,0.0,19.45555557,-6.614,19.0,0,5.1764362714980825,70.66250196097344,9,2,2,0.7071067811865476,-0.7071067811865475,0.9749279121818236,-0.2225209339563143,0.8660254037844386,0.5000000000000001,118.0,68.5,25.20833333333333,12.6,27.825,2.5,71.0,-12.4,1.9423175,0.0,-8.025,20.181481506666668,18.966666666666665,18.4,18.316666666666663,18.5,18.633333333333333,-26.06955557,0.46481481,0.1559999999999997,-6.77,-6.493333333333334,19.13950619,-6.784888888888887,3.1790392,3.0877364,2.9922116,3.0278523,3.2532728,1,1.0,1,0.75,-0.88,21.2,78.8
2023-02-01 10:00:00,170.247912011112,106.531016372222,106.551848872222,20.181481506666668,-6.493333333333334,18.633333333333333,2,5.1764362714980825,70.66250196097344,10,2,2,0.4999999999999999,-0.8660254037844387,0.9749279121818236,-0.2225209339563143,0.8660254037844386,0.5000000000000001,151.0,101.5,37.79166666666666,13.1,29.9,3.0,69.0,-12.3,1.9476551,0.0,-7.6,20.70555557,19.0,18.966666666666665,18.4,18.316666666666663,17.95,-26.674814840000003,0.7259259366666662,0.1206666666666658,-6.614,-6.166666666666667,19.542592612222226,-6.625777777777777,3.2532728,3.1790392,3.0877364,2.9922116,3.2312915,0,1.0,1,0.75,-0.72,15.8,84.2
2023-02-01 10:15:00,188.222193044444,82.81446503888999,82.831686566668,20.70555557,-6.166666666666667,17.95,2,5.1764362714980825,70.66250196097344,10,2,2,0.4999999999999999,-0.8660254037844387,0.9749279121818236,-0.2225209339563143,0.8660254037844386,0.5000000000000001,190.0,136.0,53.625,14.125,32.325,2.25,64.75,-12.95,1.861572,0.0,-7.35,20.80000002,18.633333333333333,19.0,18.966666666666665,18.4,17.533333333333335,-26.87222223666667,0.5240740633333338,0.3266666666666671,-6.493333333333334,-6.115333333333334,20.11419754888889,-6.424666666666664,3.2312915,3.2532728,3.1790392,3.0877364,3.1736858,0,1.0,0,0.75,-0.6,12.5,87.5
2023-02-01 10:30:00,1263.39085134444,49.898281772222,49.915225544444,20.80000002,-6.115333333333334,17.533333333333335,1,5.1764362714980825,70.66250196097344,10,2,2,0.4999999999999999,-0.8660254037844387,0.9749279121818236,-0.2225209339563143,0.8660254037844386,0.5000000000000001,229.0,172.0,72.70833333333333,15.15,34.75,1.5,60.5,-13.6,1.7715571,0.0,-7.1,20.6666667,17.95,18.633333333333333,19.0,18.966666666666665,18.3,-26.915333353333335,0.094444450000001,0.051333333333333,-6.166666666666667,-5.682,20.56234569888889,-6.258444444444443,3.1736858,3.2312915,3.2532728,3.1790392,3.2868438,0,1.0,1,0.75,-0.58,12.1,87.9
2023-02-01 10:45:00,1238.987105100004,149.571239144444,149.598460288888,20.6666667,-5.682,18.3,2,5.1764362714980825,70.66250196097344,10,2,2,0.4999999999999999,-0.8660254037844387,0.9749279121818236,-0.2225209339563143,0.8660254037844386,0.5000000000000001,268.0,209.5,95.04166666666669,16.175,37.175,0.75,56.25,-14.25,1.6775087,0.0,-6.85,20.64629631333333,17.533333333333335,17.95,18.633333333333333,19.0,19.98333333333333,-26.348666700000003,-0.1333333200000019,0.4333333333333335,-6.115333333333334,-5.648666666666667,20.72407409666667,-5.987999999999999,3.2868438,3.1736858,3.2312915,3.2532728,3.5849278,0,0.0,1,1.0,-0.61,12.7,87.3
2023-02-01 11:00:00,198.417896333332,139.038327144444,139.06304842222,20.64629631333333,-5.648666666666667,19.98333333333333,2,5.1764362714980825,70.66250196097344,11,2,2,0.258819045102521,-0.9659258262890682,0.9749279121818236,-0.2225209339563143,0.8660254037844386,0.5000000000000001,307.0,248.5,120.625,17.2,39.6,0.0,52.0,-14.9,1.5793225,0.0,-6.6,20.72777779,18.3,17.533333333333335,17.95,18.633333333333333,21.3,-26.29496298,-0.0203703866666664,0.0333333333333332,-5.682,-4.787999999999999,20.70432101111112,-5.815333333333332,3.5849278,3.2868438,3.1736858,3.2312915,3.8393102,0,0.0,0,1.0,-0.6,12.6,87.4
2023-02-01 11:15:00,76.739708022224,22.967970127778,22.980469594446,20.72777779,-4.787999999999999,21.3,1,5.1764362714980825,70.66250196097344,11,2,2,0.258819045102521,-0.9659258262890682,0.9749279121818236,-0.2225209339563143,0.8660254037844386,0.5000000000000001,339.0,285.75,148.47916666666666,16.95,40.05,2.0,49.75,-15.275,1.5303752,0.0,-6.425,20.757407413333333,19.98333333333333,18.3,17.533333333333335,17.95,21.03333333333333,-25.51577779,0.0814814766666671,0.8606666666666678,-5.648666666666667,-4.888000000000001,20.680246934444448,-5.372888888888888,3.8393102,3.5849278,3.2868438,3.1736858,3.7977896,0,0.0,1,1.0,-0.58,11.9,88.1
2023-02-01 11:30:00,173.285290627774,123.714495672222,123.736161488888,20.757407413333333,-4.888000000000001,21.03333333333333,2,5.1764362714980825,70.66250196097344,11,2,2,0.258819045102521,-0.9659258262890682,0.9749279121818236,-0.2225209339563143,0.8660254037844386,0.5000000000000001,371.0,321.25,178.60416666666666,16.7,40.5,4.0,47.5,-15.65,1.4798838,0.0,-6.25,20.62777776,21.3,19.98333333333333,18.3,17.533333333333335,21.7,-25.64540741333333,0.0296296233333315,-0.1000000000000014,-4.787999999999999,-4.594666666666667,20.71049383888889,-5.10822222222222,3.7977896,3.8393102,3.5849278,3.2868438,3.8886936,0,0.0,1,1.0,-0.57,11.8,88.2
2023-02-01 11:45:00,215.122505972218,172.120337144444,172.148391638886,20.62777776,-4.594666666666667,21.7,2,5.1764362714980825,70.66250196097344,11,2,2,0.258819045102521,-0.9659258262890682,0.9749279121818236,-0.2225209339563143,0.8660254037844386,0.5000000000000001,403.0,355.0,211.0,16.45,40.95,6.0,45.25,-16.025,1.4278191,0.0,-6.075,20.414814776666667,21.03333333333333,21.3,19.98333333333333,18.3,22.0,-25.22244442666667,-0.1296296533333318,0.2933333333333339,-4.888000000000001,-4.708,20.70432098777778,-4.756888888888887,3.8886936,3.7977896,3.8393102,3.5849278,3.893792,0,0.0,0,1.0,-0.6,12.4,87.6
2023-02-01 12:00:00,169.866538433332,128.74429448888802,128.767349133332,20.414814776666667,-4.708,22.0,2,5.1764362714980825,70.66250196097344,12,2,2,1.2246467991473532e-16,-1.0,0.9749279121818236,-0.2225209339563143,0.8660254037844386,0.5000000000000001,435.0,387.0,245.66666666666663,16.2,41.4,8.0,43.0,-16.4,1.3741539,0.0,-5.9,20.25555553,21.7,21.03333333333333,21.3,19.98333333333333,21.6,-25.122814776666665,-0.2129629833333339,-0.1133333333333332,-4.594666666666667,-4.620666666666667,20.599999983333337,-4.7302222222222206,3.893792,3.8886936,3.7977896,3.8393102,3.7876017,0,0.0,0,1.0,-0.64,13.7,86.3
2023-02-01 12:15:00,80.631496811112,16.0201925,16.0310254,20.25555553,-4.620666666666667,21.6,1,5.1764362714980825,70.66250196097344,12,2,2,1.2246467991473532e-16,-1.0,0.9749279121818236,-0.2225209339563143,0.8660254037844386,0.5000000000000001,454.0,415.75,279.1666666666667,16.125,40.6,22.5,42.5,-16.2,1.3980539,0.0,-5.5,20.242592586666667,22.0,21.7,21.03333333333333,21.3,21.03333333333333,-24.876222196666667,-0.159259246666668,0.0873333333333334,-4.708,-4.788666666666667,20.432716022222223,-4.641111111111109,3.7876017,3.893792,3.8886936,3.7977896,3.6854422,0,0.0,1,1.0,-0.68,14.8,85.2
2023-02-01 12:30:00,256.210862288888,201.4802738,201.5111059,20.242592586666667,-4.788666666666667,21.03333333333333,2,5.1764362714980825,70.66250196097344,12,2,2,1.2246467991473532e-16,-1.0,0.9749279121818236,-0.2225209339563143,0.8660254037844386,0.5000000000000001,473.0,441.25,311.5,16.05,39.8,37.0,42.0,-16.0,1.4220312,0.0,-5.1,20.32777776,21.6,22.0,21.7,21.03333333333333,20.95,-25.03125925333333,-0.0129629433333313,-0.1680000000000001,-4.620666666666667,-4.600666666666667,20.304320964444447,-4.705777777777776,3.6854422,3.7876017,3.893792,3.8886936,3.6891558,0,0.0,1,1.0,-0.69,14.9,85.1
2023-02-01 12:45:00,153.921065111112,112.805209794446,112.827153366668,20.32777776,-4.600666666666667,20.95,2,5.1764362714980825,70.66250196097344,12,2,2,1.2246467991473532e-16,-1.0,0.9749279121818236,-0.2225209339563143,0.8660254037844386,0.5000000000000001,492.0,463.5,342.6666666666667,15.975,39.0,51.5,41.5,-15.8,1.4460709,0.0,-4.7,20.437036993333333,21.03333333333333,21.6,22.0,21.7,20.35,-24.928444426666665,0.0851851733333326,0.1879999999999997,-4.788666666666667,-4.374,20.27530862555556,-4.669999999999998,3.6891558,3.6854422,3.7876017,3.893792,3.606432,0,0.0,0,1.0,-0.67,14.4,85.6
2023-02-01 13:00:00,398.161572933332,47.76864476111,47.783644144444,20.437036993333333,-4.374,20.35,1,5.1764362714980825,70.66250196097344,13,2,2,-0.2588190451025208,-0.9659258262890684,0.9749279121818236,-0.2225209339563143,0.8660254037844386,0.5000000000000001,511.0,482.5,372.6666666666667,15.9,38.2,66.0,41.0,-15.6,1.470158,0.0,-4.3,20.31111111,20.95,21.03333333333333,21.6,22.0,20.3,-24.81103699333333,0.1092592333333328,0.2266666666666674,-4.600666666666667,-4.295333333333334,20.335802446666666,-4.587777777777776,3.606432,3.6891558,3.6854422,3.7876017,3.5712178,0,0.0,1,1.0,-0.65,13.8,86.2
2023-02-01 13:15:00,252.098248983334,139.053326511112,139.078881072222,20.31111111,-4.295333333333334,20.3,2,5.1764362714980825,70.66250196097344,13,2,2,-0.2588190451025208,-0.9659258262890684,0.9749279121818236,-0.2225209339563143,0.8660254037844386,0.5000000000000001,511.0,496.75,399.4166666666667,16.25,39.1,63.75,41.5,-15.325,1.501435,0.0,-4.175,20.06111109,20.35,20.95,21.03333333333333,21.6,20.03333333333333,-24.606444443333334,-0.1259258833333305,0.078666666666666,-4.374,-3.7753333333333337,20.358641954444447,-4.423333333333331,3.5712178,3.606432,3.6891558,3.6854422,3.4731605,0,0.0,1,1.0,-0.68,14.6,85.4
2023-02-01 13:30:00,200.086718477776,146.801349927778,146.825237888888,20.06111109,-3.7753333333333337,20.03333333333333,2,5.1764362714980825,70.66250196097344,13,2,2,-0.2588190451025208,-0.9659258262890684,0.9749279121818236,-0.2225209339563143,0.8660254037844386,0.5000000000000001,511.0,506.25,422.9166666666667,16.6,40.0,61.5,42.0,-15.05,1.5331403,0.0,-4.05,19.911111100000003,20.3,20.35,20.95,21.03333333333333,20.3,-23.836444423333333,-0.2500000200000016,0.52,-4.295333333333334,-3.243333333333333,20.269753064444444,-4.148222222222221,3.4731605,3.5712178,3.606432,3.6891558,3.4886115,0,0.0,0,1.0,-0.73,16.3,83.7
2023-02-01 13:45:00,266.28018178333,199.73228813889,199.762564777776,19.911111100000003,-3.243333333333333,20.3,2,5.1764362714980825,70.66250196097344,13,2,2,-0.2588190451025208,-0.9659258262890684,0.9749279121818236,-0.2225209339563143,0.8660254037844386,0.5000000000000001,511.0,511.0,443.1666666666667,16.95,40.9,59.25,42.5,-14.775,1.5652784,0.0,-3.925,19.961111086666666,20.03333333333333,20.3,20.35,20.95,19.85,-23.15444443333333,-0.1499999899999977,0.5320000000000005,-3.7753333333333337,-3.4006666666666665,20.094444433333337,-3.771333333333331,3.4886115,3.4731605,3.5712178,3.606432,3.4212844,0,0.0,0,1.0,-0.77,17.3,82.7
2023-02-01 14:00:00,65.407939111112,24.202920727778,24.215697950002,19.961111086666666,-3.4006666666666665,19.85,1,5.1764362714980825,70.66250196097344,14,2,2,-0.4999999999999997,-0.8660254037844388,0.9749279121818236,-0.2225209339563143,0.8660254037844386,0.5000000000000001,511.0,511.0,460.1666666666667,17.3,41.8,57.0,43.0,-14.5,1.5978531,0.0,-3.8,19.82222224,20.3,20.03333333333333,20.3,20.35,19.55,-23.36177775333333,0.0499999866666627,-0.1573333333333333,-3.243333333333333,-3.470666666666667,19.97777775888889,-3.473111111111109,3.4212844,3.4886115,3.4731605,3.5712178,3.3422608,0,0.0,1,1.0,-0.76,17.1,82.9
2023-02-01 14:15:00,143.144273950002,102.070639227778,102.091193955556,19.82222224,-3.470666666666667,19.55,2,5.1764362714980825,70.66250196097344,14,2,2,-0.4999999999999997,-0.8660254037844388,0.9749279121818236,-0.2225209339563143,0.8660254037844386,0.5000000000000001,503.25,509.0625,473.8541666666667,16.975,41.35,67.5,44.25,-14.15,1.6472305,0.0,-3.775,19.590740763333333,19.85,20.3,20.03333333333333,20.3,19.966666666666665,-23.292888906666665,-0.1388888466666671,-0.0700000000000002,-3.4006666666666665,-3.752666666666667,19.898148142222222,-3.371555555555553,3.3422608,3.4212844,3.4886115,3.4731605,3.367432,0,0.0,1,1.0,-0.79,18.1,81.9
2023-02-01 14:30:00,222.392770566668,171.159819983334,171.187596688888,19.590740763333333,-3.752666666666667,19.966666666666665,2,5.1764362714980825,70.66250196097344,14,2,2,-0.4999999999999997,-0.8660254037844388,0.9749279121818236,-0.2225209339563143,0.8660254037844386,0.5000000000000001,495.5,505.1875,484.2291666666667,16.65,40.9,78.0,45.5,-13.8,1.6967782,0.0,-3.75,19.688888870000003,19.55,19.85,20.3,20.03333333333333,20.0,-23.34340743,-0.2314814766666657,-0.282,-3.470666666666667,-3.7746666666666666,19.79135803,-3.541333333333332,3.367432,3.3422608,3.4212844,3.4886115,3.3925498,0,0.0,0,1.0,-0.84,19.9,80.1
2023-02-01 14:45:00,193.035889322224,144.147289411112,144.171177355556,19.688888870000003,-3.7746666666666666,20.0,2,5.1764362714980825,70.66250196097344,14,2,2,-0.4999999999999997,-0.8660254037844388,0.9749279121818236,-0.2225209339563143,0.8660254037844386,0.5000000000000001,487.75,499.375,491.2916666666667,16.325,40.45,88.5,46.75,-13.45,1.7464962,0.0,-3.725,19.70185185,19.966666666666665,19.55,19.85,20.3,20.0,-23.463555536666668,0.0981481066666702,-0.0219999999999997,-3.752666666666667,-3.685333333333333,19.70061729111111,-3.665999999999998,3.3925498,3.367432,3.3422608,3.4212844,3.3951328,0,0.0,0,1.0,-0.82,19.1,80.9
2023-02-01 15:00:00,194.614715133332,138.069199227778,138.093642716666,19.70185185,-3.685333333333333,20.0,2,5.1764362714980825,70.66250196097344,15,2,2,-0.7071067811865471,-0.7071067811865479,0.9749279121818236,-0.2225209339563143,0.8660254037844386,0.5000000000000001,480.0,491.625,495.0416666666667,16.0,40.0,99.0,48.0,-13.1,1.7963848,0.0,-3.7,19.59444445,20.0,19.966666666666665,19.55,19.85,19.65,-23.387185183333333,0.0129629799999975,0.0893333333333332,-3.7746666666666666,-3.634666666666667,19.66049382777778,-3.7375555555555535,3.3951328,3.3925498,3.367432,3.3422608,3.3147457,0,0.0,0,1.0,-0.81,19.0,81.0
2023-02-01 15:15:00,80.06124183889,24.241530316666,24.253474288888,19.59444445,-3.634666666666667,19.65,1,5.1764362714980825,70.66250196097344,15,2,2,-0.7071067811865471,-0.7071067811865479,0.9749279121818236,-0.2225209339563143,0.8660254037844386,0.5000000000000001,423.25,471.625,492.4791666666667,16.175,39.625,98.75,48.75,-12.9,1.8276994,0.0,-3.675,19.27962963333333,20.0,20.0,19.966666666666665,19.55,19.683333333333334,-23.22911111666667,-0.1074073999999996,0.0506666666666664,-3.685333333333333,-3.612,19.661728390000004,-3.698222222222221,3.3147457,3.3951328,3.3925498,3.367432,3.2594528,0,0.0,1,1.0,-0.84,19.9,80.1
2023-02-01 15:30:00,185.969783111112,144.91614753889002,144.9417021,19.27962963333333,-3.612,19.683333333333334,2,5.1764362714980825,70.66250196097344,15,2,2,-0.7071067811865471,-0.7071067811865479,0.9749279121818236,-0.2225209339563143,0.8660254037844386,0.5000000000000001,366.5,439.375,483.6041666666667,16.35,39.25,98.5,49.5,-12.7,1.8591189,0.0,-3.65,19.355555560000003,19.65,20.0,20.0,19.966666666666665,20.0,-22.89162963333333,-0.3148148166666686,0.0226666666666668,-3.634666666666667,-3.3233333333333333,19.525308644444447,-3.6439999999999984,3.2594528,3.3147457,3.3951328,3.3925498,3.3267283,0,0.0,1,1.0,-0.91,22.6,77.4
2023-02-01 15:45:00,220.975327233336,179.95724583889,179.985022544444,19.355555560000003,-3.3233333333333333,20.0,2,5.1764362714980825,70.66250196097344,15,2,2,-0.7071067811865471,-0.7071067811865479,0.9749279121818236,-0.2225209339563143,0.8660254037844386,0.5000000000000001,309.75,394.875,468.4166666666667,16.525,38.875,98.25,50.25,-12.5,1.8906438,0.0,-3.625,19.605555573333334,19.683333333333334,19.65,20.0,20.0,19.816666666666663,-22.678888893333337,0.0759259266666703,0.2886666666666668,-3.612,-3.7226666666666666,19.40987654777778,-3.523333333333331,3.3267283,3.2594528,3.3147457,3.3951328,3.3450434,0,0.0,0,1.0,-0.89,21.8,78.2
2023-02-01 16:00:00,230.209680194442,176.47294083333202,176.50127308333,19.605555573333334,-3.7226666666666666,19.816666666666663,2,5.1764362714980825,70.66250196097344,16,2,2,-0.8660254037844385,-0.5000000000000004,0.9749279121818236,-0.2225209339563143,0.8660254037844386,0.5000000000000001,253.0,338.125,446.9166666666667,16.7,38.5,98.0,51.0,-12.3,1.9222745,0.0,-3.6,19.65555557,20.0,19.683333333333334,19.65,20.0,19.45,-23.32822224,0.2500000133333309,-0.3993333333333333,-3.3233333333333333,-3.783333333333333,19.41358025555556,-3.552666666666665,3.3450434,3.3267283,3.2594528,3.3147457,3.292806,0,0.0,0,1.0,-0.84,19.8,80.2
2023-02-01 16:15:00,68.028667511116,11.205940627778,11.217051283334,19.65555557,-3.783333333333333,19.45,1,5.1764362714980825,70.66250196097344,16,2,2,-0.8660254037844385,-0.5000000000000004,0.9749279121818236,-0.2225209339563143,0.8660254037844386,0.5000000000000001,218.75,287.0,422.5625,16.5,38.5,97.75,51.5,-12.25,1.9273713,0.0,-3.7,19.346296296666665,19.816666666666663,20.0,19.683333333333334,19.65,19.216666666666665,-23.438888903333336,0.0499999966666671,-0.0606666666666666,-3.7226666666666666,-3.752,19.53888890111111,-3.609777777777776,3.292806,3.3450434,3.3267283,3.2594528,3.1946907,0,0.0,1,1.0,-0.83,19.5,80.5
2023-02-01 16:30:00,183.754871627782,133.2238375,133.248003216666,19.346296296666665,-3.752,19.216666666666665,2,5.1764362714980825,70.66250196097344,16,2,2,-0.8660254037844385,-0.5000000000000004,0.9749279121818236,-0.2225209339563143,0.8660254037844386,0.5000000000000001,184.5,241.5,395.3541666666667,16.3,38.5,97.5,52.0,-12.2,1.9322873,0.0,-3.8,19.27777778,19.45,19.816666666666663,20.0,19.683333333333334,19.5,-23.098296296666664,-0.3092592733333354,0.0313333333333329,-3.783333333333333,-3.822666666666667,19.53580248,-3.7526666666666646,3.1946907,3.292806,3.3450434,3.3267283,3.2287421,0,0.0,1,1.0,-0.9,22.1,77.9
2023-02-01 16:45:00,231.703509288888,180.9969265,181.024425449998,19.27777778,-3.822666666666667,19.5,2,5.1764362714980825,70.66250196097344,16,2,2,-0.8660254037844385,-0.5000000000000004,0.9749279121818236,-0.2225209339563143,0.8660254037844386,0.5000000000000001,150.25,201.625,365.2916666666667,16.1,38.5,97.25,52.5,-12.15,1.9370258,0.0,-3.9,19.45370368,19.216666666666665,19.45,19.816666666666663,20.0,19.5,-23.100444446666668,-0.0685185166666642,-0.0706666666666668,-3.752,-3.93,19.42654321555556,-3.785999999999998,3.2287421,3.1946907,3.292806,3.3450434,3.2623436,0,0.0,0,1.0,-0.91,22.6,77.4
2023-02-01 17:00:00,177.546231166668,136.537593811112,136.562037316666,19.45370368,-3.93,19.5,2,5.1764362714980825,70.66250196097344,17,2,2,-0.9659258262890684,-0.2588190451025206,0.9749279121818236,-0.2225209339563143,0.8660254037844386,0.5000000000000001,116.0,167.375,332.375,15.9,38.5,97.0,53.0,-12.1,1.9415877,0.0,-4.0,19.50555556,19.5,19.216666666666665,19.45,19.816666666666663,19.5,-23.38370368,0.1759258999999993,-0.107333333333333,-3.822666666666667,-3.916,19.359259252222223,-3.8348888888888872,3.2623436,3.2287421,3.1946907,3.292806,3.2723045,0,0.0,0,1.0,-0.87,21.1,78.9
2023-02-01 17:15:00,536.95157674444,169.951257227778,169.980700566664,19.50555556,-3.916,19.5,2,5.1764362714980825,70.66250196097344,17,2,2,-0.9659258262890684,-0.2588190451025206,0.9749279121818236,-0.2225209339563143,0.8660254037844386,0.5000000000000001,96.25,136.75,298.4583333333333,14.8,38.15,97.25,54.0,-12.025,1.9571646,0.0,-4.15,19.57222224333333,19.5,19.5,19.216666666666665,19.45,19.316666666666663,-23.42155556,0.0518518800000009,0.0140000000000002,-3.93,-3.988,19.41234567333333,-3.8895555555555537,3.2723045,3.2623436,3.2287421,3.1946907,3.2542646,0,0.0,0,1.0,-0.86,20.7,79.3
2023-02-01 17:30:00,217.042706844444,160.365807344444,160.391361888888,19.57222224333333,-3.988,19.316666666666663,2,5.1764362714980825,70.66250196097344,17,2,2,-0.9659258262890684,-0.2588190451025206,0.9749279121818236,-0.2225209339563143,0.8660254037844386,0.5000000000000001,76.5,109.75,263.5416666666667,13.7,37.8,97.5,55.0,-11.95,1.9721631,0.0,-4.3,19.63888891,19.5,19.5,19.5,19.216666666666665,19.0,-23.56022224333333,0.0666666833333309,-0.072,-3.916,-4.1386666666666665,19.51049382777778,-3.9446666666666648,3.2542646,3.2723045,3.2623436,3.2287421,3.2134755,0,0.0,0,1.0,-0.85,20.2,79.8
2023-02-01 17:45:00,176.021569905558,119.402445944444,119.423556233332,19.63888891,-4.1386666666666665,19.0,2,5.1764362714980825,70.66250196097344,17,2,2,-0.9659258262890684,-0.2588190451025206,0.9749279121818236,-0.2225209339563143,0.8660254037844386,0.5000000000000001,56.75,86.375,227.625,12.6,37.45,97.75,56.0,-11.875,1.986592,0.0,-4.449999999999999,19.54259262,19.316666666666663,19.5,19.5,19.5,19.0,-23.777555576666664,0.0666666666666664,-0.1506666666666665,-3.988,-4.240666666666667,19.572222237777776,-4.01422222222222,3.2134755,3.2542646,3.2723045,3.2623436,3.1953483,0,0.0,0,1.0,-0.83,19.7,80.3
2023-02-01 18:00:00,155.3196203,105.8882643,105.90798576111,19.54259262,-4.240666666666667,19.0,2,5.1764362714980825,70.66250196097344,18,2,2,-1.0,-1.8369701987210294e-16,0.9749279121818236,-0.2225209339563143,0.8660254037844386,0.5000000000000001,37.0,66.625,190.70833333333331,11.5,37.1,98.0,57.0,-11.8,2.0004606,0.0,-4.6,19.3722222,19.0,19.316666666666663,19.5,19.5,19.05,-23.783259286666667,-0.0962962899999979,-0.1020000000000003,-4.1386666666666665,-4.244666666666666,19.58456792444445,-4.122444444444443,3.1953483,3.2134755,3.2542646,3.2723045,3.1718187,0,0.0,0,1.0,-0.86,20.5,79.5
2023-02-01 18:15:00,173.176683805554,115.233168272222,115.25344526111,19.3722222,-4.244666666666666,19.05,2,5.1764362714980825,70.66250196097344,18,2,2,-1.0,-1.8369701987210294e-16,0.9749279121818236,-0.2225209339563143,0.8660254037844386,0.5000000000000001,28.0,49.5625,157.77083333333334,10.9,34.125,82.0,58.5,-11.65,2.0274973,0.0,-4.775,19.270370343333333,19.0,19.0,19.316666666666663,19.5,19.83333333333333,-23.616888866666667,-0.1703704200000011,-0.0039999999999995,-4.240666666666667,-4.382666666666667,19.51790124333333,-4.2079999999999975,3.1718187,3.1953483,3.2134755,3.2542646,3.282502,0,0.0,0,1.0,-0.89,21.9,78.1
2023-02-01 18:30:00,1186.004502372222,97.925805027778,97.948581916666,19.270370343333333,-4.382666666666667,19.83333333333333,2,5.1764362714980825,70.66250196097344,18,2,2,-1.0,-1.8369701987210294e-16,0.9749279121818236,-0.2225209339563143,0.8660254037844386,0.5000000000000001,19.0,35.1875,128.8125,10.3,31.15,66.0,60.0,-11.5,2.05351,0.0,-4.949999999999999,19.19444445,19.05,19.0,19.0,19.316666666666663,21.7,-23.65303701,-0.1018518566666664,-0.1380000000000008,-4.244666666666666,-4.476,19.39506172111112,-4.289333333333331,3.282502,3.1718187,3.1953483,3.2134755,3.575415,0,0.0,0,1.0,-0.91,22.6,77.4
2023-02-01 18:45:00,292.493855394442,0.0,0.0,19.19444445,-4.476,21.7,0,5.1764362714980825,70.66250196097344,18,2,2,-1.0,-1.8369701987210294e-16,0.9749279121818236,-0.2225209339563143,0.8660254037844386,0.5000000000000001,10.0,23.5,103.83333333333331,9.7,28.175,50.0,61.5,-11.35,2.0785165,0.0,-5.125,18.857407396666662,19.83333333333333,19.05,19.0,19.0,23.4,-23.67044445,-0.0759258933333342,-0.0933333333333328,-4.382666666666667,-4.630666666666667,19.279012331111108,-4.367777777777776,3.575415,3.282502,3.1718187,3.1953483,3.7795973,1,1.0,1,0.75,-0.92,22.9,77.1
2023-02-01 19:00:00,116.458119372218,38.9967734,39.005939766664,18.857407396666662,-4.630666666666667,23.4,1,5.1764362714980825,70.66250196097344,19,2,2,-0.9659258262890684,0.2588190451025203,0.9749279121818236,-0.2225209339563143,0.8660254037844386,0.5000000000000001,1.0,14.5,82.83333333333333,9.1,25.2,34.0,63.0,-11.2,2.102536,0.0,-5.3,18.64444445,21.7,19.83333333333333,19.05,19.0,23.3,-23.48807406333333,-0.3370370533333329,-0.1546666666666674,-4.476,-4.703333333333333,19.10740739666667,-4.4964444444444425,3.7795973,3.575415,3.282502,3.1718187,3.7163472,0,1.0,1,0.75,-0.99,25.6,74.4
2023-02-01 19:15:00,945.209690166664,143.984518172222,144.011739366664,18.64444445,-4.703333333333333,23.3,2,5.1764362714980825,70.66250196097344,19,2,2,-0.9659258262890684,0.2588190451025203,0.9749279121818236,-0.2225209339563143,0.8660254037844386,0.5000000000000001,0.75,7.6875,64.66666666666667,9.775,23.75,30.25,64.5,-11.375,2.0837457,0.0,-5.75,18.84814816,23.4,21.7,19.83333333333333,19.05,24.03333333333333,-23.34777778333333,-0.2129629466666678,-0.0726666666666657,-4.630666666666667,-4.826,18.898765432222223,-4.603333333333332,3.7163472,3.7795973,3.575415,3.282502,3.8797708,0,1.0,1,0.75,-1.04,27.7,72.3
2023-02-01 19:30:00,1229.958299666668,194.014739116666,194.04584902222,18.84814816,-4.826,24.03333333333333,2,5.1764362714980825,70.66250196097344,19,2,2,-0.9659258262890684,0.2588190451025203,0.9749279121818236,-0.2225209339563143,0.8660254037844386,0.5000000000000001,0.5,3.0625,49.333333333333336,10.45,22.3,26.5,66.0,-11.55,2.0637453,0.0,-6.2,19.04444444,23.3,23.4,21.7,19.83333333333333,23.1,-23.67414816,0.2037037100000027,-0.1226666666666664,-4.703333333333333,-5.359333333333334,18.78333333555556,-4.719999999999998,3.8797708,3.7163472,3.7795973,3.575415,3.772573,0,1.0,0,0.75,-0.99,25.6,74.4
2023-02-01 19:45:00,294.420444894446,174.004983988888,174.04831558888802,19.04444444,-5.359333333333334,23.1,2,5.1764362714980825,70.66250196097344,19,2,2,-0.9659258262890684,0.2588190451025203,0.9749279121818236,-0.2225209339563143,0.8660254037844386,0.5000000000000001,0.25,0.625,36.833333333333336,11.125,20.85,22.75,67.5,-11.725,2.0426202,0.0,-6.65,19.148148133333333,24.03333333333333,23.3,23.4,21.7,22.35,-24.40377777333333,0.1962962799999985,-0.5333333333333341,-4.826,-5.626666666666667,18.84567901666667,-4.962888888888887,3.772573,3.8797708,3.7163472,3.7795973,3.6724777,0,0.0,0,1.0,-0.95,23.9,76.1
2023-02-01 20:00:00,324.91728053889,199.7611759,199.823117905554,19.148148133333333,-5.626666666666667,22.35,2,5.1764362714980825,70.66250196097344,20,2,2,-0.8660254037844386,0.5000000000000001,0.9749279121818236,-0.2225209339563143,0.8660254037844386,0.5000000000000001,0.0,0.375,27.166666666666668,11.8,19.4,19.0,69.0,-11.9,2.0204535,0.0,-7.1,19.30555553,23.1,24.03333333333333,23.3,23.4,21.95,-24.7748148,0.1037036933333332,-0.2673333333333332,-5.359333333333334,-6.074666666666667,19.013580244444444,-5.270666666666664,3.6724777,3.772573,3.8797708,3.7163472,3.6403542,0,0.0,0,1.0,-0.93,23.2,76.8
2023-02-01 20:15:00,321.732408005554,201.154175727778,201.233616950002,19.30555553,-6.074666666666667,21.95,2,5.1764362714980825,70.66250196097344,20,2,2,-0.8660254037844386,0.5000000000000001,0.9749279121818236,-0.2225209339563143,0.8660254037844386,0.5000000000000001,0.0,0.1875,19.14583333333333,12.45,21.4,16.25,67.75,-11.95,2.0057492,0.0,-6.949999999999999,19.364814825,22.35,23.1,24.03333333333333,23.3,21.53333333333333,-25.380222196666665,0.1574073966666667,-0.4480000000000004,-5.626666666666667,-6.204,19.166049367777777,-5.686888888888888,3.6403542,3.6724777,3.772573,3.8797708,3.58373,0,0.0,0,1.0,-0.89,21.9,78.1
2023-02-01 20:30:00,269.313116077772,138.882222272222,138.963607966664,19.364814825,-6.204,21.53333333333333,2,5.1764362714980825,70.66250196097344,20,2,2,-0.8660254037844386,0.5000000000000001,0.9749279121818236,-0.2225209339563143,0.8660254037844386,0.5000000000000001,0.0,0.0625,12.770833333333334,13.1,23.4,13.5,66.5,-12.0,1.9904454,0.0,-6.8,19.283333355,21.95,22.35,23.1,24.03333333333333,21.5,-25.568814825,0.0592592950000003,-0.1293333333333324,-6.074666666666667,-6.358666666666666,19.27283949611111,-5.968444444444443,3.58373,3.6403542,3.6724777,3.772573,3.56106,0,0.0,0,1.0,-0.88,21.4,78.6
2023-02-01 20:45:00,245.641562844444,120.602397944444,120.68489466111,19.283333355,-6.358666666666666,21.5,2,5.1764362714980825,70.66250196097344,20,2,2,-0.8660254037844386,0.5000000000000001,0.9749279121818236,-0.2225209339563143,0.8660254037844386,0.5000000000000001,0.0,0.0,8.041666666666666,13.75,25.4,10.75,65.25,-12.05,1.9745326,0.0,-6.65,19.13333337,21.53333333333333,21.95,22.35,23.1,21.5,-25.642000021666668,-0.0814814699999999,-0.1546666666666665,-6.204,-6.484,19.317901236666668,-6.212444444444443,3.56106,3.58373,3.6403542,3.6724777,3.529725,0,0.0,0,1.0,-0.9,22.2,77.8
2023-02-01 21:00:00,255.3281198,117.693069872222,117.772511227774,19.13333337,-6.484,21.5,2,5.1764362714980825,70.66250196097344,21,2,2,-0.7071067811865477,0.7071067811865474,0.9749279121818236,-0.2225209339563143,0.8660254037844386,0.5000000000000001,0.0,0.0,4.958333333333333,14.4,27.4,8.0,64.0,-12.1,1.9580003,0.0,-6.5,19.01666668,21.5,21.53333333333333,21.95,22.35,21.5,-25.61733337,-0.1499999850000009,-0.1253333333333337,-6.358666666666666,-6.462000000000001,19.26049385,-6.348888888888887,3.529725,3.56106,3.58373,3.6403542,3.5055182,0,0.0,0,1.0,-0.94,23.5,76.5
2023-02-01 21:15:00,258.82436894444,119.9410355,120.021865649998,19.01666668,-6.462000000000001,21.5,2,5.1764362714980825,70.66250196097344,21,2,2,-0.7071067811865477,0.7071067811865474,0.9749279121818236,-0.2225209339563143,0.8660254037844386,0.5000000000000001,0.0,0.0,2.625,14.15,27.4,15.0,64.5,-12.0,1.9732975,0.0,-6.5,19.0,21.5,21.5,21.53333333333333,21.95,21.5,-25.47866668,-0.1166666899999988,0.0219999999999993,-6.484,-6.608666666666666,19.144444468333333,-6.434888888888886,3.5055182,3.529725,3.56106,3.58373,3.502072,0,0.0,0,1.0,-0.96,24.5,75.5
2023-02-01 21:30:00,237.387726494438,119.712155772222,119.793541449998,19.0,-6.608666666666666,21.5,2,5.1764362714980825,70.66250196097344,21,2,2,-0.7071067811865477,0.7071067811865474,0.9749279121818236,-0.2225209339563143,0.8660254037844386,0.5000000000000001,0.0,0.0,1.0416666666666667,13.9,27.4,22.0,65.0,-11.9,1.988594,0.0,-6.5,18.96111108,21.5,21.5,21.5,21.53333333333333,21.5,-25.608666666666664,-0.0166666800000001,-0.1466666666666656,-6.462000000000001,-6.742666666666667,19.05000001666667,-6.518222222222221,3.502072,3.5055182,3.529725,3.56106,3.494042,0,0.0,0,1.0,-0.97,24.7,75.3
2023-02-01 21:45:00,237.581329849994,120.41379433889,120.495180033332,18.96111108,-6.742666666666667,21.5,2,5.1764362714980825,70.66250196097344,21,2,2,-0.7071067811865477,0.7071067811865474,0.9749279121818236,-0.2225209339563143,0.8660254037844386,0.5000000000000001,0.0,0.0,0.2083333333333333,13.65,27.4,29.0,65.5,-11.8,2.003891,0.0,-6.5,18.92407405,21.5,21.5,21.5,21.5,21.5,-25.703777746666667,-0.0388889199999979,-0.1340000000000003,-6.608666666666666,-6.873333333333333,18.992592586666667,-6.604444444444442,3.494042,3.502072,3.5055182,3.529725,3.4864094,0,0.0,0,1.0,-0.97,25.1,74.9
2023-02-01 22:00:00,250.00777703889,120.6151752,120.696838616666,18.92407405,-6.873333333333333,21.5,2,5.1764362714980825,70.66250196097344,22,2,2,-0.5000000000000004,0.8660254037844384,0.9749279121818236,-0.2225209339563143,0.8660254037844386,0.5000000000000001,0.0,0.0,0.125,13.4,27.4,36.0,66.0,-11.7,2.0191882,0.0,-6.5,18.8888889,21.5,21.5,21.5,21.5,21.5,-25.79740738333333,-0.037037030000004,-0.1306666666666665,-6.742666666666667,-6.854666666666666,18.96172837666667,-6.7415555555555535,3.4864094,3.494042,3.502072,3.5055182,3.4791718,0,0.0,0,1.0,-0.98,25.4,74.6
2023-02-01 22:15:00,620.541844033332,121.615412955556,121.698742972222,18.8888889,-6.854666666666666,21.5,2,5.1764362714980825,70.66250196097344,22,2,2,-0.5000000000000004,0.8660254037844384,0.9749279121818236,-0.2225209339563143,0.8660254037844386,0.5000000000000001,0.0,0.0,0.0625,12.975,26.85,40.5,66.5,-11.675,2.030782,0.0,-6.525,18.8888889,21.5,21.5,21.5,21.5,21.5,-25.743555566666668,-0.0351851499999966,0.0186666666666672,-6.873333333333333,-6.448,18.924691343333336,-6.823555555555553,3.4791718,3.4864094,3.494042,3.502072,3.4791718,0,0.0,0,1.0,-0.99,25.7,74.3
2023-02-01 22:30:00,256.36363387778,121.674577255556,121.757907288888,18.8888889,-6.448,21.5,2,5.1764362714980825,70.66250196097344,22,2,2,-0.5000000000000004,0.8660254037844384,0.9749279121818236,-0.2225209339563143,0.8660254037844386,0.5000000000000001,0.0,0.0,0.0208333333333333,12.55,26.3,45.0,67.0,-11.65,2.0423267,0.0,-6.55,18.87222223,21.5,21.5,21.5,21.5,21.15,-25.3368889,0.0,0.4066666666666663,-6.854666666666666,-5.928666666666667,18.90061728333333,-6.725333333333331,3.4791718,3.4791718,3.4864094,3.494042,3.4191656,0,0.0,0,1.0,-0.99,25.7,74.3
2023-02-01 22:45:00,230.860765183334,105.211902472222,105.289399405554,18.87222223,-5.928666666666667,21.15,2,5.1764362714980825,70.66250196097344,22,2,2,-0.5000000000000004,0.8660254037844384,0.9749279121818236,-0.2225209339563143,0.8660254037844386,0.5000000000000001,0.0,0.0,0.0,12.125,25.75,49.5,67.5,-11.625,2.0538225,0.0,-6.574999999999999,18.71296296333333,21.5,21.5,21.5,21.5,21.0,-24.800888896666667,-0.0166666700000028,0.5193333333333321,-6.448,-5.719333333333333,18.883333343333334,-6.410444444444441,3.4191656,3.4791718,3.4791718,3.4864094,3.363104,0,0.0,0,1.0,-1.0,26.0,74.0
2023-02-01 23:00:00,213.54979108333,165.72698173889,165.755036183334,18.71296296333333,-5.719333333333333,21.0,2,5.1764362714980825,70.66250196097344,23,2,2,-0.2588190451025215,0.965925826289068,0.9749279121818236,-0.2225209339563143,0.8660254037844386,0.5000000000000001,0.0,0.0,0.0,11.7,25.2,54.0,68.0,-11.6,2.0652678,0.0,-6.6,18.92777779,21.15,21.5,21.5,21.5,20.95,-24.432296296666664,-0.1592592666666661,0.2093333333333342,-5.928666666666667,-5.6466666666666665,18.824691364444448,-6.031999999999997,3.363104,3.4191656,3.4791718,3.4791718,3.3979666,0,0.0,0,1.0,-1.03,27.5,72.5
2023-02-01 23:15:00,224.359080744448,177.35929424444402,177.3829044,18.92777779,-5.6466666666666665,20.95,2,5.1764362714980825,70.66250196097344,23,2,2,-0.2588190451025215,0.965925826289068,0.9749279121818236,-0.2225209339563143,0.8660254037844386,0.5000000000000001,0.0,0.0,0.0,11.7,24.575,45.25,67.5,-11.675,2.0538225,0.0,-6.574999999999999,19.32037036666667,21.0,21.15,21.5,21.5,20.53333333333333,-24.57444445666667,0.214814826666668,0.0726666666666666,-5.719333333333333,-5.555999999999999,18.83765432777778,-5.764888888888887,3.3979666,3.363104,3.4191656,3.4791718,3.4083743,0,0.0,0,1.0,-0.98,25.5,74.5
2023-02-01 23:30:00,224.26964010555,164.229541688888,164.250652011108,19.32037036666667,-5.555999999999999,20.53333333333333,2,5.1764362714980825,70.66250196097344,23,2,2,-0.2588190451025215,0.965925826289068,0.9749279121818236,-0.2225209339563143,0.8660254037844386,0.5000000000000001,0.0,0.0,0.0,11.7,23.95,36.5,67.0,-11.75,2.0423267,0.0,-6.55,19.45555554,20.95,21.0,21.15,21.5,20.15,-24.87637036666667,0.3925925766666687,0.0906666666666673,-5.6466666666666665,-5.536,18.98703704,-5.640666666666664,3.4083743,3.3979666,3.363104,3.4191656,3.3714547,0,0.0,0,1.0,-0.9,22.0,78.0
2023-02-01 23:45:00,107.223488822216,45.383184583334,45.39346202222,19.45555554,-5.536,20.15,1,5.1764362714980825,70.66250196097344,23,2,2,-0.2588190451025215,0.965925826289068,0.9749279121818236,-0.2225209339563143,0.8660254037844386,0.5000000000000001,0.0,0.0,0.0,11.7,23.325,27.750000000000004,66.5,-11.825,2.030782,0.0,-6.525,19.13888886,20.53333333333333,20.95,21.0,21.15,20.0,-24.99155554,0.1351851733333298,0.0199999999999995,-5.555999999999999,-5.584,19.23456789888889,-5.579555555555554,3.3714547,3.4083743,3.3979666,3.363104,3.2845404,0,0.0,1,1.0,-0.87,21.0,79.0
2023-02-02 00:00:00,156.65151152222,103.85279013889,103.86973396111,19.13888886,-5.584,20.0,2,5.1764362714980825,70.66250196097344,0,3,2,0.0,1.0,0.4338837391175582,-0.900968867902419,0.8660254037844386,0.5000000000000001,0.0,0.0,0.0,11.7,22.7,19.0,66.0,-11.9,2.0191882,0.0,-6.5,19.0111111,20.15,20.53333333333333,20.95,21.0,20.3,-24.72288886,-0.3166666799999973,-0.048,-5.536,-5.551333333333333,19.30493825555556,-5.558666666666664,3.2845404,3.3714547,3.4083743,3.3979666,3.3087769,0,0.0,1,1.0,-0.94,23.7,76.3
2023-02-02 00:15:00,232.585418494442,179.308660733332,179.333659733332,19.0111111,-5.551333333333333,20.3,2,5.1764362714980825,70.66250196097344,0,3,2,0.0,1.0,0.4338837391175582,-0.900968867902419,0.8660254037844386,0.5000000000000001,0.0,0.0,0.0,11.575,22.15,22.5,65.25,-11.975,1.999881,0.0,-6.475,19.34074075333333,20.0,20.15,20.53333333333333,20.95,20.03333333333333,-24.562444433333333,-0.1277777600000007,0.0326666666666666,-5.584,-5.394666666666667,19.201851833333333,-5.557111111111109,3.3087769,3.2845404,3.3714547,3.4083743,3.3293684,0,0.0,0,1.0,-0.97,24.8,75.2
2023-02-02 00:30:00,150.915907572222,107.795410211112,107.81374277778,19.34074075333333,-5.394666666666667,20.03333333333333,2,5.1764362714980825,70.66250196097344,0,3,2,0.0,1.0,0.4338837391175582,-0.900968867902419,0.8660254037844386,0.5000000000000001,0.0,0.0,0.0,11.45,21.6,26.0,64.5,-12.05,1.9804966,0.0,-6.45,19.311111120000003,20.3,20.0,20.15,20.53333333333333,19.7,-24.73540742,0.3296296533333311,0.1566666666666663,-5.551333333333333,-5.504,19.16358023777778,-5.509999999999998,3.3293684,3.3087769,3.2845404,3.3714547,3.268267,0,0.0,0,1.0,-0.9,22.0,78.0
2023-02-02 00:45:00,105.951872822224,61.940022266668,61.954466172222,19.311111120000003,-5.504,19.7,1,5.1764362714980825,70.66250196097344,0,3,2,0.0,1.0,0.4338837391175582,-0.900968867902419,0.8660254037844386,0.5000000000000001,0.0,0.0,0.0,11.325,21.05,29.5,63.75,-12.125,1.9610336,0.0,-6.425000000000001,18.98703701333333,20.03333333333333,20.3,20.0,20.15,19.966666666666665,-24.815111120000005,-0.0296296333333287,-0.1093333333333337,-5.394666666666667,-5.302666666666667,19.22098765777778,-5.483333333333331,3.268267,3.3293684,3.3087769,3.2845404,3.2498248,0,0.0,1,1.0,-0.9,22.3,77.7
2023-02-02 01:00:00,217.671015094442,154.872971483334,154.8954706,18.98703701333333,-5.302666666666667,19.966666666666665,2,5.1764362714980825,70.66250196097344,1,3,2,0.2588190451025207,0.9659258262890684,0.4338837391175582,-0.900968867902419,0.8660254037844386,0.5000000000000001,0.0,0.0,0.0,11.2,20.5,33.0,63.0,-12.2,1.9414929,0.0,-6.4,19.21666668,19.7,20.03333333333333,20.3,20.0,19.95,-24.28970368,-0.3240741066666679,0.2013333333333333,-5.504,-5.2780000000000005,19.212962962222225,-5.400444444444442,3.2498248,3.268267,3.3293684,3.3087769,3.291382,0,0.0,1,1.0,-0.98,25.1,74.9
2023-02-02 01:15:00,220.676172716662,163.335966316666,163.361243088888,19.21666668,-5.2780000000000005,19.95,2,5.1764362714980825,70.66250196097344,1,3,2,0.2588190451025207,0.9659258262890684,0.4338837391175582,-0.900968867902419,0.8660254037844386,0.5000000000000001,0.0,0.0,0.0,11.4,20.775,48.75,62.75,-12.225,1.9373107,0.0,-6.375,19.4648148,19.966666666666665,19.7,20.03333333333333,20.3,19.53333333333333,-24.49466668,0.2296296666666641,0.0246666666666666,-5.302666666666667,-5.148,19.171604937777783,-5.3615555555555545,3.291382,3.2498248,3.268267,3.3293684,3.2700562,0,0.0,0,1.0,-0.92,23.1,76.9
2023-02-02 01:30:00,89.076992294446,45.719560011112,45.731503950002,19.4648148,-5.148,19.53333333333333,1,5.1764362714980825,70.66250196097344,1,3,2,0.2588190451025207,0.9659258262890684,0.4338837391175582,-0.900968867902419,0.8660254037844386,0.5000000000000001,0.0,0.0,0.0,11.6,21.05,64.5,62.5,-12.25,1.9331055,0.0,-6.35,19.15555557,19.95,19.966666666666665,19.7,20.03333333333333,19.55,-24.6128148,0.2481481199999997,0.1300000000000007,-5.2780000000000005,-5.15,19.22283949777778,-5.242888888888888,3.2700562,3.291382,3.2498248,3.268267,3.2137947,0,0.0,1,1.0,-0.87,21.0,79.0
2023-02-02 01:45:00,153.274424394442,101.042069272222,101.060124149998,19.15555557,-5.15,19.55,2,5.1764362714980825,70.66250196097344,1,3,2,0.2588190451025207,0.9659258262890684,0.4338837391175582,-0.900968867902419,0.8660254037844386,0.5000000000000001,0.0,0.0,0.0,11.8,21.325000000000003,80.25,62.25,-12.275,1.9288781,0.0,-6.325,18.981481486666667,19.53333333333333,19.95,19.966666666666665,19.7,19.78333333333333,-24.305555570000003,-0.3092592299999985,-0.0020000000000006,-5.148,-5.112,19.27901235,-5.1919999999999975,3.2137947,3.2700562,3.291382,3.2498248,3.2189283,0,0.0,1,1.0,-0.94,23.7,76.3
2023-02-02 02:00:00,227.449235066664,183.834035211112,183.861534144444,18.981481486666667,-5.112,19.78333333333333,2,5.1764362714980825,70.66250196097344,2,3,2,0.4999999999999999,0.8660254037844387,0.4338837391175582,-0.900968867902419,0.8660254037844386,0.5000000000000001,0.0,0.0,0.0,12.0,21.6,96.0,62.0,-12.3,1.9246277,0.0,-6.3,19.37777777,19.55,19.53333333333333,19.95,19.966666666666665,19.45,-24.09348148666667,-0.174074083333334,0.0380000000000002,-5.15,-5.123333333333333,19.200617285555555,-5.136666666666664,3.2189283,3.2137947,3.2700562,3.291382,3.2394779,0,0.0,0,1.0,-0.98,25.2,74.8
2023-02-02 02:15:00,133.264669249998,91.587169666668,91.604391244444,19.37777777,-5.123333333333333,19.45,2,5.1764362714980825,70.66250196097344,2,3,2,0.4999999999999999,0.8660254037844387,0.4338837391175582,-0.900968867902419,0.8660254037844386,0.5000000000000001,0.0,0.0,0.0,11.8,21.700000000000003,97.0,61.5,-12.325,1.9265312,0.0,-6.175,19.305555546666664,19.78333333333333,19.55,19.53333333333333,19.95,19.216666666666665,-24.501111103333336,0.396296283333335,-0.0113333333333329,-5.112,-5.190666666666667,19.171604942222224,-5.128444444444443,3.2394779,3.2189283,3.2137947,3.2700562,3.1870372,0,0.0,0,1.0,-0.89,21.8,78.2
2023-02-02 02:30:00,141.335735227778,80.9409289,80.95731716111,19.305555546666664,-5.190666666666667,19.216666666666665,2,5.1764362714980825,70.66250196097344,2,3,2,0.4999999999999999,0.8660254037844387,0.4338837391175582,-0.900968867902419,0.8660254037844386,0.5000000000000001,0.0,0.0,0.0,11.6,21.8,98.0,61.0,-12.35,1.9282902,0.0,-6.05,19.0388889,19.45,19.78333333333333,19.55,19.53333333333333,19.5,-24.496222213333333,-0.0722222233333376,-0.0673333333333339,-5.123333333333333,-5.304,19.221604934444446,-5.141999999999999,3.1870372,3.2394779,3.2189283,3.2137947,3.183596,0,0.0,0,1.0,-0.91,22.4,77.6
2023-02-02 02:45:00,238.160195427778,175.906296816666,175.93101806111,19.0388889,-5.304,19.5,2,5.1764362714980825,70.66250196097344,2,3,2,0.4999999999999999,0.8660254037844387,0.4338837391175582,-0.900968867902419,0.8660254037844386,0.5000000000000001,0.0,0.0,0.0,11.4,21.9,99.0,60.5,-12.375,1.9299022,0.0,-5.925,19.309259246666667,19.216666666666665,19.45,19.78333333333333,19.55,19.316666666666663,-24.3428889,-0.266666646666664,-0.1133333333333332,-5.190666666666667,-5.264,19.24074073888889,-5.205999999999999,3.183596,3.1870372,3.2394779,3.2189283,3.204321,0,0.0,0,1.0,-0.97,24.8,75.2
2023-02-02 03:00:00,486.54359306111,116.016192516666,116.038413894442,19.309259246666667,-5.264,19.316666666666663,2,5.1764362714980825,70.66250196097344,3,3,2,0.7071067811865476,0.7071067811865476,0.4338837391175582,-0.900968867902419,0.8660254037844386,0.5000000000000001,0.0,0.0,0.0,11.2,22.0,100.0,60.0,-12.4,1.9313644,0.0,-5.8,19.28888888,19.5,19.216666666666665,19.45,19.78333333333333,19.0,-24.573259246666662,0.2703703466666667,0.04,-5.304,-5.241333333333333,19.217901231111117,-5.252888888888887,3.204321,3.183596,3.1870372,3.2394779,3.1480129,0,0.0,0,1.0,-0.91,22.4,77.6
2023-02-02 03:15:00,126.112177694438,81.636178888888,81.65256718332999,19.28888888,-5.241333333333333,19.0,2,5.1764362714980825,70.66250196097344,3,3,2,0.7071067811865476,0.7071067811865476,0.4338837391175582,-0.900968867902419,0.8660254037844386,0.5000000000000001,0.0,0.0,0.0,10.375,21.55,98.25,61.5,-12.45,1.9265312,0.0,-6.175,19.107407443333333,19.316666666666663,19.5,19.216666666666665,19.45,19.0,-24.53022221333333,-0.0203703666666683,0.0226666666666668,-5.264,-5.230666666666666,19.21234567555556,-5.269777777777776,3.1480129,3.204321,3.183596,3.1870372,3.1145265,0,0.0,0,1.0,-0.91,22.6,77.4
2023-02-02 03:30:00,219.671768261114,168.321877955556,168.34576586666802,19.107407443333333,-5.230666666666666,19.0,2,5.1764362714980825,70.66250196097344,3,3,2,0.7071067811865476,0.7071067811865476,0.4338837391175582,-0.900968867902419,0.8660254037844386,0.5000000000000001,0.0,0.0,0.0,9.55,21.1,96.5,63.0,-12.5,1.9203968,0.0,-6.55,19.327777790000003,19.0,19.316666666666663,19.5,19.216666666666665,19.0,-24.33807411,-0.1814814366666652,0.0106666666666672,-5.241333333333333,-5.142,19.23518519,-5.245333333333331,3.1145265,3.1480129,3.204321,3.183596,3.1552284,0,0.0,0,1.0,-0.95,24.2,75.8
2023-02-02 03:45:00,176.56543718333,134.903214755556,134.927102733332,19.327777790000003,-5.142,19.0,2,5.1764362714980825,70.66250196097344,3,3,2,0.7071067811865476,0.7071067811865476,0.4338837391175582,-0.900968867902419,0.8660254037844386,0.5000000000000001,0.0,0.0,0.0,8.725,20.65,94.75,64.5,-12.55,1.9130268,0.0,-6.925,19.338888876666665,19.0,19.0,19.316666666666663,19.5,19.0,-24.46977779,0.2203703466666695,0.0886666666666666,-5.230666666666666,-5.086666666666667,19.24135803777778,-5.2046666666666646,3.1552284,3.1145265,3.1480129,3.204321,3.1572928,0,0.0,0,1.0,-0.9,22.3,77.7
2023-02-02 04:00:00,185.991171205554,130.817267066668,130.839766216666,19.338888876666665,-5.086666666666667,19.0,2,5.1764362714980825,70.66250196097344,4,3,2,0.8660254037844386,0.5000000000000001,0.4338837391175582,-0.900968867902419,0.8660254037844386,0.5000000000000001,0.0,0.0,0.0,7.9,20.2,93.0,66.0,-12.6,1.9044839,0.0,-7.3,19.25000002,19.0,19.0,19.0,19.316666666666663,18.95,-24.42555554333333,0.0111110866666628,0.0553333333333325,-5.142,-5.035333333333333,19.258024703333337,-5.153111111111109,3.1572928,3.1552284,3.1145265,3.1480129,3.1325455,0,0.0,0,1.0,-0.9,22.2,77.8
2023-02-02 04:15:00,179.79447476666,112.611328716666,112.62966138333,19.25000002,-5.035333333333333,18.95,2,5.1764362714980825,70.66250196097344,4,3,2,0.8660254037844386,0.5000000000000001,0.4338837391175582,-0.900968867902419,0.8660254037844386,0.5000000000000001,0.0,0.0,0.0,8.35,20.0,89.0,65.5,-12.55,1.9074577,0.0,-7.175,19.20740739,19.0,19.0,19.0,19.0,18.716666666666665,-24.285333353333336,-0.0888888566666636,0.0513333333333339,-5.086666666666667,-5.145333333333334,19.305555562222224,-5.087999999999997,3.1325455,3.1572928,3.1552284,3.1145265,3.0862212,0,0.0,0,1.0,-0.92,23.0,77.0
2023-02-02 04:30:00,110.639463111112,68.179217155556,68.195605416666,19.20740739,-5.145333333333334,18.716666666666665,1,5.1764362714980825,70.66250196097344,4,3,2,0.8660254037844386,0.5000000000000001,0.4338837391175582,-0.900968867902419,0.8660254037844386,0.5000000000000001,0.0,0.0,0.0,8.8,19.8,85.0,65.0,-12.5,1.9103063,0.0,-7.05,18.98888886,18.95,19.0,19.0,19.0,19.0,-24.352740723333334,-0.0425926300000014,-0.1100000000000012,-5.035333333333333,-5.116666666666666,19.26543209555556,-5.089111111111109,3.0862212,3.1325455,3.1572928,3.1552284,3.0928257,0,0.0,1,1.0,-0.93,23.4,76.6
2023-02-02 04:45:00,212.857596505554,171.231761555556,171.258427172222,18.98888886,-5.116666666666666,19.0,2,5.1764362714980825,70.66250196097344,4,3,2,0.8660254037844386,0.5000000000000001,0.4338837391175582,-0.900968867902419,0.8660254037844386,0.5000000000000001,0.0,0.0,0.0,9.25,19.6,81.0,64.5,-12.45,1.9130268,0.0,-6.925,19.30555554,18.716666666666665,18.95,19.0,19.0,18.816666666666663,-24.105555526666667,-0.2185185300000007,0.0286666666666679,-5.145333333333334,-5.109333333333334,19.148765423333334,-5.099111111111109,3.0928257,3.0862212,3.1325455,3.1572928,3.1206985,0,0.0,1,1.0,-0.98,25.3,74.7
2023-02-02 05:00:00,157.633416711108,108.6806526,108.698985233332,19.30555554,-5.109333333333334,18.816666666666663,2,5.1764362714980825,70.66250196097344,5,3,2,0.9659258262890684,0.2588190451025207,0.4338837391175582,-0.900968867902419,0.8660254037844386,0.5000000000000001,0.0,0.0,0.0,9.7,19.4,77.0,64.0,-12.4,1.9156166,0.0,-6.8,19.28333332,19.0,18.716666666666665,18.95,19.0,18.5,-24.41488887333333,0.3166666800000008,0.0073333333333325,-5.116666666666666,-4.976,19.16728393,-5.123777777777776,3.1206985,3.0928257,3.0862212,3.1325455,3.0641677,0,0.0,0,1.0,-0.91,22.5,77.5
2023-02-02 05:15:00,127.055750800004,80.862876488888,80.87870922222,19.28333332,-4.976,18.5,2,5.1764362714980825,70.66250196097344,5,3,2,0.9659258262890684,0.2588190451025207,0.4338837391175582,-0.900968867902419,0.8660254037844386,0.5000000000000001,0.0,0.0,0.0,10.5,20.4,76.5,63.0,-12.5,1.9029714,0.0,-6.675,19.05555555,18.816666666666663,19.0,18.716666666666665,18.95,18.683333333333334,-24.25933332,-0.0222222199999997,0.1333333333333337,-5.109333333333334,-4.938666666666666,19.19259257333333,-5.067333333333331,3.0641677,3.1206985,3.0928257,3.0862212,3.053266,0,0.0,0,1.0,-0.92,22.8,77.2
2023-02-02 05:30:00,229.943301916666,174.253307322224,174.279417411112,19.05555555,-4.938666666666666,18.683333333333334,2,5.1764362714980825,70.66250196097344,5,3,2,0.9659258262890684,0.2588190451025207,0.4338837391175582,-0.900968867902419,0.8660254037844386,0.5000000000000001,0.0,0.0,0.0,11.3,21.4,76.0,62.0,-12.6,1.8899143,0.0,-6.55,19.33888886,18.5,18.816666666666663,19.0,18.716666666666665,18.65,-23.994222216666667,-0.2277777699999994,0.0373333333333336,-4.976,-4.806666666666668,19.214814803333336,-5.007999999999998,3.053266,3.0641677,3.1206985,3.0928257,3.0991323,0,0.0,0,1.0,-0.97,24.8,75.2
2023-02-02 05:45:00,164.774797794438,98.167739816666,98.183850355552,19.33888886,-4.806666666666668,18.65,2,5.1764362714980825,70.66250196097344,5,3,2,0.9659258262890684,0.2588190451025207,0.4338837391175582,-0.900968867902419,0.8660254037844386,0.5000000000000001,0.0,0.0,0.0,12.1,22.4,75.5,61.0,-12.7,1.8764402,0.0,-6.425,19.27037039,18.683333333333334,18.5,18.816666666666663,19.0,18.683333333333334,-24.14555552666667,0.2833333099999997,0.1319999999999987,-4.938666666666666,-4.77,19.22592591,-4.907111111111109,3.0991323,3.053266,3.0641677,3.1206985,3.0921717,0,0.0,0,1.0,-0.9,22.3,77.7
2023-02-02 06:00:00,249.381413277776,97.796643511112,97.822475877776,19.27037039,-4.77,18.683333333333334,2,5.1764362714980825,70.66250196097344,6,3,2,1.0,6.123233995736766e-17,0.4338837391175582,-0.900968867902419,0.8660254037844386,0.5000000000000001,0.0,0.0,0.0,12.9,23.4,75.0,60.0,-12.8,1.862543,0.0,-6.3,19.07777778,18.65,18.683333333333334,18.5,18.816666666666663,19.35,-24.04037039,-0.0685184700000007,0.0366666666666679,-4.806666666666668,-4.94,19.22160493333333,-4.838444444444442,3.0921717,3.0991323,3.053266,3.0641677,3.1663616,0,0.0,0,1.0,-0.92,22.9,77.1
2023-02-02 06:15:00,97.153613650002,50.289655,50.301876727778,19.07777778,-4.94,19.35,1,5.1764362714980825,70.66250196097344,6,3,2,1.0,6.123233995736766e-17,0.4338837391175582,-0.900968867902419,0.8660254037844386,0.5000000000000001,0.0,0.0,0.0,13.075,23.75,71.0,60.0,-12.825,1.8591598,0.0,-6.325,18.87407404,18.683333333333334,18.65,18.683333333333334,18.5,19.683333333333334,-24.017777780000003,-0.1925926099999984,-0.1699999999999999,-4.77,-4.941333333333334,19.229012343333338,-4.838888888888887,3.1663616,3.0921717,3.0991323,3.053266,3.1824086,0,0.0,1,1.0,-0.96,24.4,75.6
2023-02-02 06:30:00,157.732857199996,115.958139255556,115.979249544444,18.87407404,-4.941333333333334,19.683333333333334,2,5.1764362714980825,70.66250196097344,6,3,2,1.0,6.123233995736766e-17,0.4338837391175582,-0.900968867902419,0.8660254037844386,0.5000000000000001,0.0,0.0,0.0,13.25,24.1,67.0,60.0,-12.85,1.8557814,0.0,-6.35,18.73888887,19.35,18.683333333333334,18.65,18.683333333333334,20.35,-23.815407373333333,-0.2037037400000017,-0.001333333333334,-4.94,-4.873333333333333,19.07407407,-4.883777777777776,3.1824086,3.1663616,3.0921717,3.0991323,3.2640102,0,0.0,1,1.0,-1.0,26.3,73.7
2023-02-02 06:45:00,243.720528672218,175.129105672222,175.155771305554,18.73888887,-4.873333333333333,20.35,2,5.1764362714980825,70.66250196097344,6,3,2,1.0,6.123233995736766e-17,0.4338837391175582,-0.900968867902419,0.8660254037844386,0.5000000000000001,0.0,0.0,0.0,13.425,24.45,63.0,60.0,-12.875,1.8524085,0.0,-6.375,18.928703716666668,19.683333333333334,19.35,18.683333333333334,18.65,20.40833333333333,-23.61222220333333,-0.1351851699999997,0.0680000000000005,-4.941333333333334,-4.8693333333333335,18.89691356333333,-4.91822222222222,3.2640102,3.1824086,3.1663616,3.0921717,3.3102906,0,0.0,0,1.0,-1.03,27.4,72.6
2023-02-02 07:00:00,228.83417968333,172.173390555556,172.201167277776,18.928703716666668,-4.8693333333333335,20.40833333333333,2,5.1764362714980825,70.66250196097344,7,3,2,0.9659258262890684,-0.2588190451025206,0.4338837391175582,-0.900968867902419,0.8660254037844386,0.5000000000000001,0.0,0.0,0.0,13.6,24.8,59.0,60.0,-12.9,1.8490411,0.0,-6.4,19.130555580000003,20.35,19.683333333333334,19.35,18.683333333333334,20.075,-23.79803705,0.1898148466666676,0.0039999999999995,-4.873333333333333,-4.976,18.84722220888889,-4.894666666666665,3.3102906,3.2640102,3.1824086,3.1663616,3.2952385,0,0.0,0,1.0,-0.99,25.6,74.4
2023-02-02 07:15:00,217.077149883334,175.972127533332,175.999626466664,19.130555580000003,-4.976,20.075,2,5.1764362714980825,70.66250196097344,7,3,2,0.9659258262890684,-0.2588190451025206,0.4338837391175582,-0.900968867902419,0.8660254037844386,0.5000000000000001,0.0,0.0,0.0,13.7,25.075,50.25,59.75,-13.0,1.8379884,0.0,-6.425000000000001,19.238888886666665,20.40833333333333,20.35,19.683333333333334,19.35,20.0,-24.10655558,0.201851863333335,-0.1066666666666664,-4.8693333333333335,-4.894666666666667,18.93271605555556,-4.90622222222222,3.2952385,3.3102906,3.2640102,3.1824086,3.303954,0,0.0,0,1.0,-0.94,23.8,76.2
2023-02-02 07:30:00,213.92949806111,165.302554316666,165.329219949998,19.238888886666665,-4.894666666666667,20.0,2,5.1764362714980825,70.66250196097344,7,3,2,0.9659258262890684,-0.2588190451025206,0.4338837391175582,-0.900968867902419,0.8660254037844386,0.5000000000000001,0.0,0.0,0.0,13.8,25.35,41.5,59.5,-13.1,1.82697,0.0,-6.45,19.3111111,20.075,20.40833333333333,20.35,19.683333333333334,20.0,-24.13355555333333,0.1083333066666618,0.0813333333333332,-4.976,-4.784666666666666,19.09938272777778,-4.913333333333331,3.303954,3.2952385,3.3102906,3.2640102,3.3180373,0,0.0,0,1.0,-0.92,22.9,77.1
2023-02-02 07:45:00,181.640511888888,135.688461144444,135.711515788888,19.3111111,-4.784666666666666,20.0,2,5.1764362714980825,70.66250196097344,7,3,2,0.9659258262890684,-0.2588190451025206,0.4338837391175582,-0.900968867902419,0.8660254037844386,0.5000000000000001,0.0,0.0,0.0,13.9,25.625,32.75,59.25,-13.2,1.8159839,0.0,-6.475,19.26111111333333,20.0,20.075,20.40833333333333,20.35,20.0,-24.095777766666668,0.0722222133333367,0.1100000000000003,-4.894666666666667,-4.738666666666666,19.226851855555555,-4.885111111111109,3.3180373,3.303954,3.2952385,3.3102906,3.3082812,0,0.0,0,1.0,-0.9,22.2,77.8
2023-02-02 08:00:00,484.673667827778,126.445219755556,126.4691077,19.26111111333333,-4.738666666666666,20.0,2,5.1764362714980825,70.66250196097344,8,3,2,0.8660254037844387,-0.4999999999999998,0.4338837391175582,-0.900968867902419,0.8660254037844386,0.5000000000000001,0.0,0.0,0.0,14.0,25.9,24.0,59.0,-13.3,1.8050315,0.0,-6.5,19.17777779,20.0,20.0,20.075,20.40833333333333,19.95,-23.99977778,-0.0499999866666662,0.0460000000000002,-4.784666666666666,-4.537999999999999,19.27037036666667,-4.805999999999998,3.3082812,3.3180373,3.303954,3.2952385,3.2838485,0,0.0,0,1.0,-0.91,22.7,77.3
2023-02-02 08:15:00,186.617257277776,126.095511544444,126.117732905554,19.17777779,-4.537999999999999,19.95,2,5.1764362714980825,70.66250196097344,8,3,2,0.8660254037844387,-0.4999999999999998,0.4338837391175582,-0.900968867902419,0.8660254037844386,0.5000000000000001,4.75,1.1875,0.3958333333333333,14.2,26.8,42.25,57.75,-13.4,1.7894412,0.0,-6.325,19.09444445666667,20.0,20.0,20.0,20.075,19.53333333333333,-23.71577779,-0.0833333233333348,0.2006666666666667,-4.738666666666666,-4.372,19.250000001111115,-4.687111111111109,3.2838485,3.3082812,3.3180373,3.303954,3.1995049,0,0.0,0,1.0,-0.93,23.4,76.6
2023-02-02 08:30:00,188.388019611116,124.879171283334,124.90028153889,19.09444445666667,-4.372,19.53333333333333,2,5.1764362714980825,70.66250196097344,8,3,2,0.8660254037844387,-0.4999999999999998,0.4338837391175582,-0.900968867902419,0.8660254037844386,0.5000000000000001,9.5,3.5625,1.1875,14.4,27.7,60.5,56.5,-13.5,1.7731198,0.0,-6.15,19.00555557,19.95,20.0,20.0,20.0,19.5,-23.466444456666668,-0.0833333333333321,0.1659999999999994,-4.537999999999999,-4.26,19.17777778666667,-4.549555555555553,3.1995049,3.2838485,3.3082812,3.3180373,3.1773403,0,0.0,0,1.0,-0.95,24.2,75.8
2023-02-02 08:45:00,143.782304127774,102.5908962,102.61117322222,19.00555557,-4.26,19.5,2,5.1764362714980825,70.66250196097344,8,3,2,0.8660254037844387,-0.4999999999999998,0.4338837391175582,-0.900968867902419,0.8660254037844386,0.5000000000000001,14.25,7.125,2.375,14.6,28.6,78.75,55.25,-13.6,1.7560539,0.0,-5.975,18.916666656666667,19.53333333333333,19.95,20.0,20.0,19.5,-23.265555570000004,-0.0888888866666661,0.1120000000000001,-4.372,-4.060666666666666,19.09259260555556,-4.389999999999997,3.1773403,3.1995049,3.2838485,3.3082812,3.160709,0,0.0,0,1.0,-0.97,25.1,74.9
2023-02-02 09:00:00,213.799503211112,172.5922627,172.621706055552,18.916666656666667,-4.060666666666666,19.5,2,5.1764362714980825,70.66250196097344,9,3,2,0.7071067811865476,-0.7071067811865475,0.4338837391175582,-0.900968867902419,0.8660254037844386,0.5000000000000001,19.0,11.875,3.9583333333333335,14.8,29.5,97.0,54.0,-13.7,1.738228,0.0,-5.8,19.0722222,19.5,19.53333333333333,19.95,20.0,19.5,-22.977333323333333,-0.088888913333335,0.1993333333333335,-4.26,-3.818,19.005555561111112,-4.230888888888887,3.160709,3.1773403,3.1995049,3.2838485,3.1898615,0,0.0,0,1.0,-1.0,25.9,74.1
2023-02-02 09:15:00,222.360549622224,169.14767823889,169.1740661,19.0722222,-3.818,19.5,2,5.1764362714980825,70.66250196097344,9,3,2,0.7071067811865476,-0.7071067811865475,0.4338837391175582,-0.900968867902419,0.8660254037844386,0.5000000000000001,46.75,22.375,7.854166666666667,14.2,29.6,96.5,51.5,-13.825,1.7187395,0.0,-5.3,19.25555553,19.5,19.5,19.53333333333333,19.95,19.5,-22.8902222,0.1555555433333317,0.2426666666666661,-4.060666666666666,-3.685333333333333,18.998148142222224,-4.04622222222222,3.1898615,3.160709,3.1773403,3.1995049,3.2245193,0,0.0,0,1.0,-0.96,24.5,75.5
2023-02-02 09:30:00,226.184285716662,181.845781427778,181.874947011108,19.25555553,-3.685333333333333,19.5,2,5.1764362714980825,70.66250196097344,9,3,2,0.7071067811865476,-0.7071067811865475,0.4338837391175582,-0.900968867902419,0.8660254037844386,0.5000000000000001,74.5,38.625,14.0625,13.6,29.7,96.0,49.0,-13.95,1.6952012,0.0,-4.8,19.3833333,19.5,19.5,19.5,19.53333333333333,19.15,-22.94088886333333,0.1833333299999999,0.1326666666666667,-3.818,-3.56,19.081481462222225,-3.854666666666665,3.2245193,3.1898615,3.160709,3.1773403,3.190554,0,0.0,0,1.0,-0.92,22.8,77.2
2023-02-02 09:45:00,95.549788805562,38.320411555556,38.333744355556,19.3833333,-3.56,19.15,1,5.1764362714980825,70.66250196097344,9,3,2,0.7071067811865476,-0.7071067811865475,0.4338837391175582,-0.900968867902419,0.8660254037844386,0.5000000000000001,102.25,60.625,22.58333333333333,13.0,29.8,95.5,46.5,-14.075,1.6673744,0.0,-4.3,19.08333335333333,19.5,19.5,19.5,19.5,19.183333333333334,-22.9433333,0.1277777700000015,0.1253333333333333,-3.685333333333333,-3.4033333333333333,19.23703701,-3.687777777777776,3.190554,3.2245193,3.1898615,3.160709,3.1401176,0,0.0,1,1.0,-0.89,21.8,78.2
2023-02-02 10:00:00,160.527189755556,95.444793155556,95.46312573889,19.08333335333333,-3.4033333333333333,19.183333333333334,2,5.1764362714980825,70.66250196097344,10,3,2,0.4999999999999999,-0.8660254037844387,0.4338837391175582,-0.900968867902419,0.8660254037844386,0.5000000000000001,130.0,88.375,33.416666666666664,12.4,29.9,95.0,44.0,-14.2,1.6350125,0.0,-3.8,19.00555556,19.15,19.5,19.5,19.5,19.45,-22.486666686666663,-0.2999999466666665,0.1566666666666667,-3.56,-3.253333333333333,19.240740727777776,-3.5495555555555534,3.1401176,3.190554,3.2245193,3.1898615,3.1691935,0,0.0,1,1.0,-0.96,24.4,75.6
2023-02-02 10:15:00,245.870998050002,175.913796466668,175.9404621,19.00555556,-3.253333333333333,19.45,2,5.1764362714980825,70.66250196097344,10,3,2,0.4999999999999999,-0.8660254037844387,0.4338837391175582,-0.900968867902419,0.8660254037844386,0.5000000000000001,165.25,118.0,47.1875,12.975,30.975,86.5,42.0,-14.375,1.611389,0.0,-3.35,19.30185185,19.183333333333334,19.15,19.5,19.5,18.85,-22.25888889333333,-0.0777777933333325,0.1500000000000003,-3.4033333333333333,-3.1346666666666665,19.157407404444445,-3.405555555555553,3.1691935,3.1401176,3.190554,3.2245193,3.1255453,0,0.0,0,1.0,-0.98,25.1,74.9
2023-02-02 10:30:00,160.07748564444,24.741788055556,24.74928782222,19.30185185,-3.1346666666666665,18.85,1,5.1764362714980825,70.66250196097344,10,3,2,0.4999999999999999,-0.8660254037844387,0.4338837391175582,-0.900968867902419,0.8660254037844386,0.5000000000000001,200.5,149.5,63.895833333333336,13.55,32.05,78.0,40.0,-14.55,1.584311,0.0,-2.9,19.04444441,19.45,19.183333333333334,19.15,19.5,18.85,-22.436518516666663,0.2962962899999972,0.1186666666666664,-3.253333333333333,-3.1820000000000004,19.130246921111112,-3.263777777777776,3.1255453,3.1691935,3.1401176,3.190554,3.0784848,0,0.0,1,1.0,-0.91,22.5,77.5
2023-02-02 10:45:00,227.01147476111,140.783812872222,140.805200949998,19.04444441,-3.1820000000000004,18.85,2,5.1764362714980825,70.66250196097344,10,3,2,0.4999999999999999,-0.8660254037844387,0.4338837391175582,-0.900968867902419,0.8660254037844386,0.5000000000000001,235.75,182.875,83.54166666666667,14.125,33.125,69.5,38.0,-14.725,1.5536038,0.0,-2.45,19.18148146,18.85,19.45,19.183333333333334,19.15,19.0,-22.22644441,-0.2574074400000015,-0.0473333333333338,-3.1346666666666665,-2.996666666666667,19.11728394,-3.1899999999999977,3.0784848,3.1255453,3.1691935,3.1401176,3.1281574,0,0.0,1,1.0,-0.97,24.9,75.1
2023-02-02 11:00:00,161.209106927778,92.996557772222,93.013501527778,19.18148146,-2.996666666666667,19.0,2,5.1764362714980825,70.66250196097344,11,3,2,0.258819045102521,-0.9659258262890682,0.4338837391175582,-0.900968867902419,0.8660254037844386,0.5000000000000001,271.0,218.125,106.125,14.7,34.2,61.0,36.0,-14.9,1.5190865,0.0,-2.0,19.15555554,18.85,18.85,19.45,19.183333333333334,18.7,-22.178148126666667,0.1370370500000035,0.1853333333333333,-3.1820000000000004,-2.5733333333333333,19.175925906666667,-3.1044444444444426,3.1281574,3.0784848,3.1255453,3.1691935,3.074065,0,0.0,0,1.0,-0.94,23.6,76.4
2023-02-02 11:15:00,119.290228083338,60.693961027778,60.70979376111,19.15555554,-2.5733333333333333,18.7,1,5.1764362714980825,70.66250196097344,11,3,2,0.258819045102521,-0.9659258262890682,0.4338837391175582,-0.900968867902419,0.8660254037844386,0.5000000000000001,299.75,251.75,130.70833333333334,14.825,34.925000000000004,69.75,34.5,-15.075,1.5023456,0.0,-1.55,18.96481483666667,19.0,18.85,18.85,19.45,18.966666666666665,-21.728888873333336,-0.0259259199999988,0.4233333333333338,-2.996666666666667,-1.9953333333333332,19.12716047,-2.917333333333332,3.074065,3.1281574,3.0784848,3.1255453,3.0830147,0,0.0,1,1.0,-0.95,23.9,76.1
2023-02-02 11:30:00,219.656769027774,161.94463303889,161.97157646111,18.96481483666667,-1.9953333333333332,18.966666666666665,2,5.1764362714980825,70.66250196097344,11,3,2,0.258819045102521,-0.9659258262890682,0.4338837391175582,-0.900968867902419,0.8660254037844386,0.5000000000000001,328.5,283.75,157.29166666666666,14.95,35.650000000000006,78.5,33.0,-15.25,1.4828024,0.0,-1.1,19.27222224,18.7,19.0,18.85,18.85,18.95,-20.960148170000004,-0.1907407033333328,0.5779999999999998,-2.5733333333333333,-1.646,19.10061727888889,-2.521777777777776,3.0830147,3.074065,3.1281574,3.0784848,3.136649,0,0.0,1,1.0,-0.99,25.6,74.4
2023-02-02 11:45:00,107.74930093889,38.512348344444,38.525681211108,19.27222224,-1.646,18.95,1,5.1764362714980825,70.66250196097344,11,3,2,0.258819045102521,-0.9659258262890682,0.4338837391175582,-0.900968867902419,0.8660254037844386,0.5000000000000001,357.25,314.125,185.875,15.075,36.375,87.25,31.5,-15.425,1.4603148,0.0,-0.6500000000000001,19.17222222666667,18.966666666666665,18.7,19.0,18.85,18.716666666666665,-20.91822224,0.3074074033333325,0.3493333333333333,-1.9953333333333332,-1.2,19.13086420555556,-2.071555555555553,3.136649,3.0830147,3.074065,3.1281574,3.079828,0,0.0,1,1.0,-0.92,22.8,77.2
2023-02-02 12:00:00,157.50814375556,96.526416555556,96.544471433332,19.17222222666667,-1.2,18.716666666666665,2,5.1764362714980825,70.66250196097344,12,3,2,1.2246467991473532e-16,-1.0,0.4338837391175582,-0.900968867902419,0.8660254037844386,0.5000000000000001,386.0,342.875,216.45833333333331,15.2,37.1,96.0,30.0,-15.6,1.4347366,0.0,-0.2,19.11111112,18.95,18.966666666666665,18.7,19.0,19.7,-20.37222222666667,-0.1000000133333323,0.4460000000000002,-1.646,-0.852,19.13641976777778,-1.613777777777776,3.079828,3.136649,3.0830147,3.074065,3.2299776,0,0.0,1,1.0,-0.94,23.7,76.3
2023-02-02 12:15:00,208.164173116666,166.71944205555602,166.746663216666,19.11111112,-0.852,19.7,2,5.1764362714980825,70.66250196097344,12,3,2,1.2246467991473532e-16,-1.0,0.4338837391175582,-0.900968867902419,0.8660254037844386,0.5000000000000001,404.75,369.125,246.29166666666663,15.675,37.9,97.0,28.75,-15.825,1.4109511,0.0,0.175,19.388888896666668,18.716666666666665,18.95,18.966666666666665,18.7,19.816666666666663,-19.96311112,-0.0611111066666723,0.348,-1.2,-0.4746666666666667,19.18518519555556,-1.2326666666666646,3.2299776,3.079828,3.136649,3.0830147,3.302706,0,0.0,0,1.0,-0.95,24.1,75.9
2023-02-02 12:30:00,335.039931216666,286.17299703889,286.213273244444,19.388888896666668,-0.4746666666666667,19.816666666666663,2,5.1764362714980825,70.66250196097344,12,3,2,1.2246467991473532e-16,-1.0,0.4338837391175582,-0.900968867902419,0.8660254037844386,0.5000000000000001,423.5,392.875,275.375,16.15,38.7,98.0,27.5,-16.05,1.3848239,0.0,0.55,19.6888889,19.7,18.716666666666665,18.95,18.966666666666665,19.1,-19.863555563333332,0.2777777766666709,0.3773333333333333,-0.852,-0.3046666666666667,19.224074081111112,-0.8422222222222201,3.302706,3.2299776,3.079828,3.136649,3.2398849,0,0.0,0,1.0,-0.89,21.6,78.4
2023-02-02 12:45:00,50.529923155556,0.0,0.0,19.6888889,-0.3046666666666667,19.1,0,5.1764362714980825,70.66250196097344,12,3,2,1.2246467991473532e-16,-1.0,0.4338837391175582,-0.900968867902419,0.8660254037844386,0.5000000000000001,442.25,414.125,303.7083333333333,16.625,39.5,99.0,26.25,-16.275,1.3562617,0.0,0.925,19.312962966666664,19.816666666666663,19.7,18.716666666666665,18.95,18.716666666666665,-19.993555566666664,0.3000000033333307,0.1699999999999999,-0.4746666666666667,-0.266,19.39629630555556,-0.5437777777777757,3.2398849,3.302706,3.2299776,3.079828,3.1054683,1,1.0,1,0.75,-0.82,19.3,80.7
2023-02-02 13:00:00,162.425169266672,109.503397472222,109.524229988888,19.312962966666664,-0.266,18.716666666666665,2,5.1764362714980825,70.66250196097344,13,3,2,-0.2588190451025208,-0.9659258262890684,0.4338837391175582,-0.900968867902419,0.8660254037844386,0.5000000000000001,461.0,432.875,331.2916666666667,17.1,40.3,100.0,25.0,-16.5,1.3251694,0.0,1.3,19.16666668,19.1,19.816666666666663,19.7,18.716666666666665,19.35,-19.578962966666666,-0.3759259333333347,0.0386666666666666,-0.3046666666666667,0.118,19.463580254444445,-0.3484444444444424,3.1054683,3.2398849,3.302706,3.2299776,3.1830006,0,1.0,1,0.75,-0.91,22.5,77.5
2023-02-02 13:15:00,205.682328011108,145.56473276111,145.5883429,19.16666668,0.118,19.35,2,5.1764362714980825,70.66250196097344,13,3,2,-0.2588190451025208,-0.9659258262890684,0.4338837391175582,-0.900968867902419,0.8660254037844386,0.5000000000000001,423.0,437.4375,352.7708333333333,17.150000000000002,40.3,100.0,24.75,-16.6,1.3208859,0.0,1.4,19.36296293,18.716666666666665,19.1,19.816666666666663,19.7,19.5,-19.04866668,-0.146296286666665,0.384,-0.266,0.4593333333333333,19.389506182222224,-0.1508888888888868,3.1830006,3.1054683,3.2398849,3.302706,3.244974,0,1.0,0,0.75,-0.94,23.6,76.4
2023-02-02 13:30:00,159.48389822222,103.271702316666,103.293368149998,19.36296293,0.4593333333333333,19.5,2,5.1764362714980825,70.66250196097344,13,3,2,-0.2588190451025208,-0.9659258262890684,0.4338837391175582,-0.900968867902419,0.8660254037844386,0.5000000000000001,385.0,427.8125,368.1458333333333,17.200000000000003,40.3,100.0,24.5,-16.7,1.316474,0.0,1.5,19.34999997,19.35,18.716666666666665,19.1,19.816666666666663,19.1,-18.903629596666665,0.1962962499999996,0.3413333333333334,0.118,0.6826666666666666,19.28086419222222,0.1037777777777798,3.244974,3.1830006,3.1054683,3.2398849,3.1759875,0,1.0,0,0.75,-0.89,21.9,78.1
2023-02-02 13:45:00,60.7284041,19.451166355556,19.462277011112,19.34999997,0.6826666666666666,19.1,1,5.1764362714980825,70.66250196097344,13,3,2,-0.2588190451025208,-0.9659258262890684,0.4338837391175582,-0.900968867902419,0.8660254037844386,0.5000000000000001,347.0,404.0,377.4166666666667,17.25,40.3,100.0,24.25,-16.799999999999997,1.311933,0.0,1.6,19.13703707,19.5,19.35,18.716666666666665,19.1,18.716666666666665,-18.667333303333333,-0.0129629599999994,0.2233333333333332,0.4593333333333333,1.04,19.29320986,0.4200000000000021,3.1759875,3.244974,3.1830006,3.1054683,3.0734477,0,0.0,1,1.0,-0.9,22.1,77.9
2023-02-02 14:00:00,170.585120788888,129.23010833889,129.2539963,19.13703707,1.04,18.716666666666665,2,5.1764362714980825,70.66250196097344,14,3,2,-0.4999999999999997,-0.8660254037844388,0.4338837391175582,-0.900968867902419,0.8660254037844386,0.5000000000000001,309.0,366.0,380.5833333333333,17.3,40.3,100.0,24.0,-16.9,1.3072612,0.0,1.7,19.18888889,19.1,19.5,19.35,18.716666666666665,19.0,-18.097037070000003,-0.2129628999999973,0.3573333333333334,0.6826666666666666,1.642,19.28333332333333,0.7273333333333354,3.0734477,3.1759875,3.244974,3.1830006,3.1295228,0,0.0,1,1.0,-0.95,24.0,76.0
2023-02-02 14:15:00,189.98184492222,137.452001716666,137.475611872222,19.18888889,1.642,19.0,2,5.1764362714980825,70.66250196097344,14,3,2,-0.4999999999999997,-0.8660254037844388,0.4338837391175582,-0.900968867902419,0.8660254037844386,0.5000000000000001,288.75,332.4375,379.6666666666667,17.275,40.3,99.75,24.0,-16.75,1.3184022,0.0,1.825,19.39814813666667,18.716666666666665,19.1,19.5,19.35,19.0,-17.546888889999998,0.0518518199999959,0.6019999999999999,1.04,2.002666666666667,19.22530864333333,1.1215555555555576,3.1295228,3.0734477,3.1759875,3.244974,3.1683228,0,0.0,0,1.0,-0.94,23.5,76.5
2023-02-02 14:30:00,134.432955766668,78.767126972222,78.785181816666,19.39814813666667,2.002666666666667,19.0,2,5.1764362714980825,70.66250196097344,14,3,2,-0.4999999999999997,-0.8660254037844388,0.4338837391175582,-0.900968867902419,0.8660254037844386,0.5000000000000001,268.5,303.3125,374.6666666666667,17.25,40.3,99.5,24.0,-16.6,1.329626,0.0,1.95,19.43888885,19.0,18.716666666666665,19.1,19.5,19.0,-17.395481470000004,0.2092592466666722,0.3606666666666669,1.642,2.5820000000000003,19.241358032222223,1.5615555555555576,3.1683228,3.1295228,3.0734477,3.1759875,3.175925,0,0.0,0,1.0,-0.89,21.7,78.3
2023-02-02 14:45:00,83.589433922228,26.545604783334,26.557548722224,19.43888885,2.5820000000000003,19.0,1,5.1764362714980825,70.66250196097344,14,3,2,-0.4999999999999997,-0.8660254037844388,0.4338837391175582,-0.900968867902419,0.8660254037844386,0.5000000000000001,248.25,278.625,365.5833333333333,17.225,40.3,99.25,24.0,-16.45,1.3409339,0.0,2.075,19.37222221333333,19.0,19.0,18.716666666666665,19.1,19.0,-16.85688885,0.0407407133333315,0.5793333333333335,2.002666666666667,2.7993333333333337,19.341975292222223,2.075555555555558,3.175925,3.1683228,3.1295228,3.0734477,3.1634939,0,0.0,1,1.0,-0.88,21.3,78.7
2023-02-02 15:00:00,515.488546283334,129.840083972222,129.865083005554,19.37222221333333,2.7993333333333337,19.0,2,5.1764362714980825,70.66250196097344,15,3,2,-0.7071067811865471,-0.7071067811865479,0.4338837391175582,-0.900968867902419,0.8660254037844386,0.5000000000000001,228.0,258.375,352.4166666666667,17.2,40.3,99.0,24.0,-16.3,1.3523258,0.0,2.2,19.38888889,19.0,19.0,19.0,18.716666666666665,19.0,-16.572888879999997,-0.066666636666671,0.2173333333333333,2.5820000000000003,2.932666666666667,19.403086400000003,2.461333333333336,3.1634939,3.175925,3.1683228,3.1295228,3.1665976,0,0.0,1,1.0,-0.89,21.9,78.1
2023-02-02 15:15:00,186.08116745556,139.441922083334,139.4660878,19.38888889,2.932666666666667,19.0,2,5.1764362714980825,70.66250196097344,15,3,2,-0.7071067811865471,-0.7071067811865479,0.4338837391175582,-0.900968867902419,0.8660254037844386,0.5000000000000001,221.25,241.5,337.125,17.45,40.225,93.25,24.0,-16.2,1.3707293,0.0,2.4000000000000004,19.503703713333334,19.0,19.0,19.0,19.0,18.816666666666663,-16.45622222333333,0.0166666766666665,0.1333333333333333,2.7993333333333337,3.3506666666666667,19.399999984444445,2.771333333333336,3.1665976,3.1634939,3.175925,3.1683228,3.1572907,0,0.0,0,1.0,-0.89,21.8,78.2
2023-02-02 15:30:00,63.512181644444,22.065506244444,22.07856132222,19.503703713333334,3.3506666666666667,18.816666666666663,1,5.1764362714980825,70.66250196097344,15,3,2,-0.7071067811865471,-0.7071067811865479,0.4338837391175582,-0.900968867902419,0.8660254037844386,0.5000000000000001,214.5,228.0,319.7083333333333,17.7,40.15,87.5,24.0,-16.1,1.3893515,0.0,2.6,19.2388889,19.0,19.0,19.0,19.0,18.55,-16.153037046666668,0.1148148233333365,0.4179999999999997,2.932666666666667,3.2546666666666666,19.42160493888889,3.027555555555558,3.1572907,3.1665976,3.1634939,3.175925,3.0644171,0,0.0,1,1.0,-0.87,20.8,79.2
2023-02-02 15:45:00,132.545531283334,88.4539617,88.47284986111,19.2388889,3.2546666666666666,18.55,2,5.1764362714980825,70.66250196097344,15,3,2,-0.7071067811865471,-0.7071067811865479,0.4338837391175582,-0.900968867902419,0.8660254037844386,0.5000000000000001,207.75,217.875,300.1666666666667,17.95,40.075,81.75,24.0,-16.0,1.4081953,0.0,2.8,19.14444448,18.816666666666663,19.0,19.0,19.0,18.966666666666665,-15.984222233333332,-0.2648148133333343,-0.096,3.3506666666666667,2.958,19.37716050111111,3.179333333333336,3.0644171,3.1572907,3.1665976,3.1634939,3.1158597,0,0.0,1,1.0,-0.93,23.2,76.8
2023-02-02 16:00:00,226.237061355552,162.189067727778,162.214622288888,19.14444448,2.958,18.966666666666665,2,5.1764362714980825,70.66250196097344,16,3,2,-0.8660254037844385,-0.5000000000000004,0.4338837391175582,-0.900968867902419,0.8660254037844386,0.5000000000000001,201.0,211.125,278.5,18.2,40.0,76.0,24.0,-15.9,1.4272622,0.0,3.0,19.4388889,18.55,18.816666666666663,19.0,19.0,19.0,-16.186444480000002,-0.0944444199999985,-0.2966666666666668,3.2546666666666666,3.056,19.29567903111111,3.18777777777778,3.1158597,3.0644171,3.1572907,3.1665976,3.175925,0,0.0,0,1.0,-0.95,23.9,76.1
2023-02-02 16:15:00,176.672099549998,119.5977159,119.621048316666,19.4388889,3.056,19.0,2,5.1764362714980825,70.66250196097344,16,3,2,-0.8660254037844385,-0.5000000000000004,0.4338837391175582,-0.900968867902419,0.8660254037844386,0.5000000000000001,196.0,204.8125,259.5833333333333,18.325,40.525,69.0,24.0,-15.75,1.432064,0.0,3.05,19.45000003333333,18.966666666666665,18.55,18.816666666666663,19.0,19.0,-16.382888899999998,0.2944444199999978,0.0979999999999998,2.958,2.933333333333333,19.274074093333336,3.0895555555555574,3.175925,3.1158597,3.0644171,3.1572907,3.178001,0,0.0,0,1.0,-0.88,21.3,78.7
2023-02-02 16:30:00,55.35917437778,12.679492783334,12.690047927778,19.45000003333333,2.933333333333333,19.0,1,5.1764362714980825,70.66250196097344,16,3,2,-0.8660254037844385,-0.5000000000000004,0.4338837391175582,-0.900968867902419,0.8660254037844386,0.5000000000000001,191.0,198.9375,243.41666666666663,18.45,41.05,62.0,24.0,-15.6,1.4368802,0.0,3.1,19.03888887,19.0,18.966666666666665,18.55,18.816666666666663,19.05,-16.5166667,0.0111111333333333,-0.1226666666666664,3.056,2.874,19.344444471111117,2.9824444444444462,3.178001,3.175925,3.1158597,3.0644171,3.110128,0,0.0,1,1.0,-0.88,21.2,78.8
2023-02-02 16:45:00,166.486395877776,113.977385172222,113.998773233332,19.03888887,2.874,19.05,2,5.1764362714980825,70.66250196097344,16,3,2,-0.8660254037844385,-0.5000000000000004,0.4338837391175582,-0.900968867902419,0.8660254037844386,0.5000000000000001,186.0,193.5,230.0,18.575,41.575,55.0,24.0,-15.45,1.4417106,0.0,3.1500000000000004,19.01481481,19.0,19.0,18.966666666666665,18.55,19.466666666666665,-16.164888870000002,-0.4111111633333308,-0.059333333333333,2.933333333333333,2.777333333333333,19.309259267777776,2.954444444444446,3.110128,3.178001,3.175925,3.1158597,3.1736424,0,0.0,1,1.0,-0.97,24.9,75.1
2023-02-02 17:00:00,212.96675873889,170.475125188888,170.502068577776,19.01481481,2.777333333333333,19.466666666666665,2,5.1764362714980825,70.66250196097344,17,3,2,-0.9659258262890684,-0.2588190451025206,0.4338837391175582,-0.900968867902419,0.8660254037844386,0.5000000000000001,181.0,188.5,219.33333333333331,18.7,42.1,48.0,24.0,-15.3,1.4465548,0.0,3.2,19.42777777,19.05,19.0,19.0,18.966666666666665,19.5,-16.237481476666666,-0.0240740600000002,-0.0966666666666671,2.874,2.68,19.16790123777778,2.8615555555555576,3.1736424,3.110128,3.178001,3.175925,3.2573733,0,0.0,0,1.0,-0.97,25.0,75.0
2023-02-02 17:15:00,196.924067088892,155.714048955556,155.739881272222,19.42777777,2.68,19.5,2,5.1764362714980825,70.66250196097344,17,3,2,-0.9659258262890684,-0.2588190451025206,0.4338837391175582,-0.900968867902419,0.8660254037844386,0.5000000000000001,157.75,178.9375,208.41666666666663,18.55,41.575,58.0,25.0,-15.15,1.4767715,0.0,2.9000000000000004,19.603703693333333,19.466666666666665,19.05,19.0,19.0,19.5,-16.74777777,0.412962959999998,-0.0973333333333328,2.777333333333333,2.74,19.16049381666667,2.777111111111113,3.2573733,3.1736424,3.110128,3.178001,3.291232,0,0.0,0,1.0,-0.88,21.3,78.7
2023-02-02 17:30:00,156.014870222224,95.547289055556,95.565343883334,19.603703693333333,2.74,19.5,2,5.1764362714980825,70.66250196097344,17,3,2,-0.9659258262890684,-0.2588190451025206,0.4338837391175582,-0.900968867902419,0.8660254037844386,0.5000000000000001,134.5,164.8125,197.25,18.4,41.05,68.0,26.0,-15.0,1.5051308,0.0,2.6,19.46111108,19.5,19.466666666666665,19.05,19.0,19.5,-16.863703693333335,0.1759259233333345,0.06,2.68,2.811333333333333,19.348765424444448,2.7324444444444467,3.291232,3.2573733,3.1736424,3.110128,3.2637644,0,0.0,0,1.0,-0.84,19.9,80.1
2023-02-02 17:45:00,90.289165855564,28.476083094446,28.487471522224,19.46111108,2.811333333333333,19.5,1,5.1764362714980825,70.66250196097344,17,3,2,-0.9659258262890684,-0.2588190451025206,0.4338837391175582,-0.900968867902419,0.8660254037844386,0.5000000000000001,111.25,146.125,185.83333333333331,18.25,40.525,78.0,27.0,-14.85,1.531688,0.0,2.3,19.13333332,19.5,19.5,19.466666666666665,19.05,19.5,-16.64977774666667,-0.1425926133333313,0.071333333333333,2.74,2.759333333333333,19.497530847777774,2.74377777777778,3.2637644,3.291232,3.2573733,3.1736424,3.2013783,0,0.0,1,1.0,-0.87,21.0,79.0
2023-02-02 18:00:00,184.267351161114,141.649889344444,141.675721694442,19.13333332,2.759333333333333,19.5,2,5.1764362714980825,70.66250196097344,18,3,2,-1.0,-1.8369701987210294e-16,0.4338837391175582,-0.900968867902419,0.8660254037844386,0.5000000000000001,88.0,122.875,174.16666666666666,18.1,40.0,88.0,28.0,-14.7,1.5564959,0.0,2.0,19.27777775,19.5,19.5,19.5,19.466666666666665,19.5,-16.373999986666668,-0.32777776,-0.052,2.811333333333333,2.8386666666666667,19.39938269777778,2.7702222222222246,3.2013783,3.2637644,3.291232,3.2573733,3.2287421,0,0.0,1,1.0,-0.95,23.9,76.1
2023-02-02 18:15:00,186.818638005558,142.57929658333398,142.603184527778,19.27777775,2.8386666666666667,19.5,2,5.1764362714980825,70.66250196097344,18,3,2,-1.0,-1.8369701987210294e-16,0.4338837391175582,-0.900968867902419,0.8660254037844386,0.5000000000000001,66.5,100.0625,161.27083333333334,18.05,39.35,91.0,28.75,-14.55,1.5766587,0.0,1.8,19.47777776666667,19.5,19.5,19.5,19.5,19.5,-16.43911108333333,0.1444444299999965,0.0793333333333334,2.759333333333333,2.9166666666666665,19.29074071666667,2.803111111111113,3.2287421,3.2013783,3.2637644,3.291232,3.2669647,0,0.0,0,1.0,-0.91,22.6,77.4
2023-02-02 18:30:00,186.500873066664,135.639296444444,135.661795544444,19.47777776666667,2.9166666666666665,19.5,2,5.1764362714980825,70.66250196097344,18,3,2,-1.0,-1.8369701987210294e-16,0.4338837391175582,-0.900968867902419,0.8660254037844386,0.5000000000000001,45.0,77.6875,147.14583333333334,18.0,38.7,94.0,29.5,-14.4,1.5959595,0.0,1.6,19.5555556,19.5,19.5,19.5,19.5,19.5,-16.5611111,0.2000000166666709,0.0779999999999998,2.8386666666666667,2.786666666666666,19.29629627888889,2.838222222222224,3.2669647,3.2287421,3.2013783,3.2637644,3.2819355,0,0.0,0,1.0,-0.87,20.9,79.1
2023-02-02 18:45:00,162.922093788896,121.798183427778,121.820126966668,19.5555556,2.786666666666666,19.5,2,5.1764362714980825,70.66250196097344,18,3,2,-1.0,-1.8369701987210294e-16,0.4338837391175582,-0.900968867902419,0.8660254037844386,0.5000000000000001,23.5,55.75,131.79166666666666,17.95,38.05,97.0,30.25,-14.25,1.614416,0.0,1.4,19.47407409,19.5,19.5,19.5,19.5,19.5,-16.768888933333336,0.0777778333333323,-0.1299999999999999,2.9166666666666665,2.731333333333333,19.43703703888889,2.847333333333335,3.2819355,3.2669647,3.2287421,3.2013783,3.266254,0,0.0,0,1.0,-0.85,20.3,79.7
2023-02-02 19:00:00,59.71400017778,0.0,0.0,19.47407409,2.731333333333333,19.5,0,5.1764362714980825,70.66250196097344,19,3,2,-0.9659258262890684,0.2588190451025203,0.4338837391175582,-0.900968867902419,0.8660254037844386,0.5000000000000001,2.0,34.25,115.20833333333331,17.9,37.4,100.0,31.0,-14.1,1.6320441,0.0,1.2,19.14444446,19.5,19.5,19.5,19.5,19.55,-16.742740756666667,-0.0814815100000032,-0.0553333333333334,2.786666666666666,2.7066666666666666,19.502469152222226,2.8115555555555574,3.266254,3.2819355,3.2669647,3.2287421,3.2116897,1,1.0,1,0.75,-0.87,20.9,79.1
2023-02-02 19:15:00,223.764382449998,141.71322012777802,141.734052677776,19.14444446,2.7066666666666666,19.55,2,5.1764362714980825,70.66250196097344,19,3,2,-0.9659258262890684,0.2588190451025203,0.4338837391175582,-0.900968867902419,0.8660254037844386,0.5000000000000001,1.5,18.0,99.0,17.4,37.675,100.0,33.5,-13.575,1.7190498,0.0,0.825,19.188888873333333,19.5,19.5,19.5,19.5,19.966666666666665,-16.437777793333332,-0.3296296299999994,-0.0246666666666666,2.731333333333333,2.545333333333333,19.391358050000004,2.741555555555557,3.2116897,3.266254,3.2819355,3.2669647,3.2887444,0,1.0,1,0.75,-0.94,23.8,76.2
2023-02-02 19:30:00,328.868233561114,215.015287911112,215.077507655556,19.188888873333333,2.545333333333333,19.966666666666665,2,5.1764362714980825,70.66250196097344,19,3,2,-0.9659258262890684,0.2588190451025203,0.4338837391175582,-0.900968867902419,0.8660254037844386,0.5000000000000001,1.0,7.0,83.16666666666667,16.9,37.95,100.0,36.0,-13.05,1.8004639,0.0,0.4499999999999999,19.50555557,19.55,19.5,19.5,19.5,20.0,-16.64355554,0.0444444133333341,-0.1613333333333333,2.7066666666666666,2.571333333333333,19.269135807777776,2.661111111111113,3.2887444,3.2116897,3.266254,3.2819355,3.3562098,0,1.0,0,0.75,-0.93,23.3,76.7
2023-02-02 19:45:00,337.327617488888,224.843783672222,224.906281172222,19.50555557,2.571333333333333,20.0,2,5.1764362714980825,70.66250196097344,19,3,2,-0.9659258262890684,0.2588190451025203,0.4338837391175582,-0.900968867902419,0.8660254037844386,0.5000000000000001,0.5,1.25,67.70833333333333,16.4,38.225,100.0,38.5,-12.525,1.8764867,0.0,0.0749999999999999,19.75185183,19.966666666666665,19.55,19.5,19.5,20.0,-16.93422223666667,0.3166666966666689,0.0260000000000002,2.545333333333333,2.6866666666666665,19.279629634444444,2.60777777777778,3.3562098,3.2887444,3.2116897,3.266254,3.4051087,0,1.0,0,0.75,-0.86,20.6,79.4
2023-02-02 20:00:00,289.489808877776,183.028234127778,183.090176166664,19.75185183,2.6866666666666665,20.0,2,5.1764362714980825,70.66250196097344,20,3,2,-0.8660254037844386,0.5000000000000001,0.4338837391175582,-0.900968867902419,0.8660254037844386,0.5000000000000001,0.0,0.75,52.625,15.9,38.5,100.0,41.0,-12.0,1.9473135,0.0,-0.3,19.68333334,20.0,19.966666666666665,19.55,19.5,20.0,-17.065185163333332,0.2462962599999976,0.115333333333333,2.571333333333333,2.720666666666667,19.48209875777778,2.601111111111113,3.4051087,3.3562098,3.2887444,3.2116897,3.391444,0,0.0,0,1.0,-0.8,18.6,81.4
2023-02-02 20:15:00,153.381920044444,42.909672427778,42.966892388888,19.68333334,2.720666666666667,20.0,1,5.1764362714980825,70.66250196097344,20,3,2,-0.8660254037844386,0.5000000000000001,0.4338837391175582,-0.900968867902419,0.8660254037844386,0.5000000000000001,0.0,0.375,39.47916666666666,16.425,38.425,100.0,40.25,-11.95,1.9516724,0.0,0.0,19.396296263333333,20.0,20.0,19.966666666666665,19.55,20.183333333333334,-16.962666673333334,-0.0685184899999988,0.0340000000000002,2.6866666666666665,2.6426666666666665,19.646913580000003,2.6595555555555577,3.391444,3.4051087,3.3562098,3.2887444,3.3652813,0,0.0,1,1.0,-0.82,19.1,80.9
2023-02-02 20:30:00,314.056048305558,182.62297253889,182.709635755556,19.396296263333333,2.6426666666666665,20.183333333333334,2,5.1764362714980825,70.66250196097344,20,3,2,-0.8660254037844386,0.5000000000000001,0.4338837391175582,-0.900968867902419,0.8660254037844386,0.5000000000000001,0.0,0.125,28.27083333333333,16.95,38.35,100.0,39.5,-11.9,1.9552598,0.0,0.3,19.5722222,20.0,20.0,20.0,19.966666666666665,20.5,-16.753629596666666,-0.2870370766666674,-0.0780000000000002,2.720666666666667,2.492,19.610493811111112,2.683333333333336,3.3652813,3.391444,3.4051087,3.3562098,3.4536197,0,0.0,1,1.0,-0.88,21.5,78.5
2023-02-02 20:45:00,322.44821280555,191.621501483334,191.701776105554,19.5722222,2.492,20.5,2,5.1764362714980825,70.66250196097344,20,3,2,-0.8660254037844386,0.5000000000000001,0.4338837391175582,-0.900968867902419,0.8660254037844386,0.5000000000000001,0.0,0.0,19.0,17.475,38.275000000000006,100.0,38.75,-11.85,1.9580444,0.0,0.6000000000000001,19.73518518,20.183333333333334,20.0,20.0,20.0,20.316666666666663,-17.080222199999998,0.1759259366666654,-0.1506666666666665,2.6426666666666665,2.56,19.550617267777778,2.6184444444444464,3.4536197,3.3652813,3.391444,3.4051087,3.455642,0,0.0,0,1.0,-0.84,19.9,80.1
2023-02-02 21:00:00,226.234839094446,89.613081983334,89.68891231666599,19.73518518,2.56,20.316666666666663,2,5.1764362714980825,70.66250196097344,21,3,2,-0.7071067811865477,0.7071067811865474,0.4338837391175582,-0.900968867902419,0.8660254037844386,0.5000000000000001,0.0,0.0,11.666666666666666,18.0,38.2,100.0,38.0,-11.8,1.9599972,0.0,0.9,19.561111120000003,20.5,20.183333333333334,20.0,20.0,20.1,-17.17518518,0.1629629799999996,0.068,2.492,2.244666666666667,19.567901214444444,2.5648888888888908,3.455642,3.4536197,3.3652813,3.391444,3.3840222,0,0.0,0,1.0,-0.81,18.7,81.3
2023-02-02 21:15:00,196.759907155552,75.618086288888,75.692250038886,19.561111120000003,2.244666666666667,20.1,2,5.1764362714980825,70.66250196097344,21,3,2,-0.7071067811865477,0.7071067811865474,0.4338837391175582,-0.900968867902419,0.8660254037844386,0.5000000000000001,0.0,0.0,6.125,19.375,41.075,100.0,39.0,-11.5,2.0115762,0.0,0.9,19.33333335,20.316666666666663,20.5,20.183333333333334,20.0,20.933333333333334,-17.316444453333336,-0.1740740599999952,-0.3153333333333332,2.56,1.9306666666666668,19.6228395,2.4322222222222245,3.3840222,3.455642,3.4536197,3.3652813,3.477424,0,0.0,0,1.0,-0.85,20.1,79.9
2023-02-02 21:30:00,265.409660922224,149.52818530000002,149.607348849998,19.33333335,1.9306666666666668,20.933333333333334,2,5.1764362714980825,70.66250196097344,21,3,2,-0.7071067811865477,0.7071067811865474,0.4338837391175582,-0.900968867902419,0.8660254037844386,0.5000000000000001,0.0,0.0,2.375,20.75,43.95,100.0,40.0,-11.2,2.063155,0.0,0.9,19.40555553,20.1,20.316666666666663,20.5,20.183333333333334,21.05,-17.40266668333333,-0.2277777700000065,-0.314,2.244666666666667,1.632,19.543209883333333,2.2451111111111133,3.477424,3.3840222,3.455642,3.4536197,3.5116987,0,0.0,0,1.0,-0.89,21.8,78.2
2023-02-02 21:45:00,213.059810666664,77.814109527778,77.891328672222,19.40555553,1.632,21.05,2,5.1764362714980825,70.66250196097344,21,3,2,-0.7071067811865477,0.7071067811865474,0.4338837391175582,-0.900968867902419,0.8660254037844386,0.5000000000000001,0.0,0.0,0.4166666666666667,22.125,46.825,100.0,41.0,-10.9,2.1147337,0.0,0.9,19.23703701333333,20.933333333333334,20.1,20.316666666666663,20.5,21.65,-17.77355553,0.0722221800000042,-0.2986666666666666,1.9306666666666668,1.22,19.433333333333334,1.93577777777778,3.5116987,3.477424,3.3840222,3.455642,3.5761404,0,0.0,0,1.0,-0.88,21.2,78.8
2023-02-02 22:00:00,276.203673711108,142.4793006,142.56401946111,19.23703701333333,1.22,21.65,2,5.1764362714980825,70.66250196097344,22,3,2,-0.5000000000000004,0.8660254037844384,0.4338837391175582,-0.900968867902419,0.8660254037844386,0.5000000000000001,0.0,0.0,0.25,23.5,49.7,100.0,42.0,-10.6,2.1663125,0.0,0.9,19.38888886,21.05,20.933333333333334,20.1,20.316666666666663,22.05,-18.017037013333336,-0.1685185166666656,-0.4120000000000001,1.632,-2.5973333333333333,19.325308631111117,1.5942222222222242,3.5761404,3.5116987,3.477424,3.3840222,3.6749196,0,0.0,0,1.0,-0.91,22.5,77.5
2023-02-02 22:15:00,985.632795427774,158.089787272222,158.17978372222,19.38888886,-2.5973333333333333,22.05,2,5.1764362714980825,70.66250196097344,22,3,2,-0.5000000000000004,0.8660254037844384,0.4338837391175582,-0.900968867902419,0.8660254037844386,0.5000000000000001,0.0,0.0,0.125,23.375,49.975,100.0,47.0,-9.6,2.3789918,0.0,0.625,19.568518536666662,21.65,21.05,20.933333333333334,20.1,22.466666666666665,-21.986222193333333,0.1518518466666663,-3.817333333333333,1.22,-3.191333333333333,19.34382713444445,0.0848888888888909,3.6749196,3.5761404,3.5116987,3.477424,3.784119,0,0.0,0,1.0,-0.87,21.1,78.9
2023-02-02 22:30:00,264.829128644444,128.480138388888,128.563468405554,19.568518536666662,-3.191333333333333,22.466666666666665,2,5.1764362714980825,70.66250196097344,22,3,2,-0.5000000000000004,0.8660254037844384,0.4338837391175582,-0.900968867902419,0.8660254037844386,0.5000000000000001,0.0,0.0,0.0416666666666666,23.25,50.25,100.0,52.0,-8.6,2.5828714,0.0,0.35,19.466666640000003,22.05,21.65,21.05,20.933333333333334,22.2,-22.75985187,0.1796296766666643,-0.5939999999999999,-2.5973333333333333,-3.234,19.398148136666663,-1.5228888888888867,3.784119,3.6749196,3.5761404,3.5116987,3.7168844,0,0.0,0,1.0,-0.83,19.6,80.4
2023-02-02 22:45:00,273.914598511112,28.498304488888003,28.563857416666,19.466666640000003,-3.234,22.2,1,5.1764362714980825,70.66250196097344,22,3,2,-0.5000000000000004,0.8660254037844384,0.4338837391175582,-0.900968867902419,0.8660254037844386,0.5000000000000001,0.0,0.0,0.0,23.125,50.525,100.0,57.0,-7.6,2.7781749,0.0,0.0749999999999999,19.164814826666667,22.466666666666665,22.05,21.65,21.05,22.65,-22.70066664,-0.1018518966666626,-0.0426666666666668,-3.191333333333333,-3.4266666666666667,19.47469134555556,-3.007555555555553,3.7168844,3.784119,3.6749196,3.5761404,3.725431,0,0.0,1,1.0,-0.86,20.5,79.5
2023-02-02 23:00:00,446.202706744444,146.034713894446,146.115544044444,19.164814826666667,-3.4266666666666667,22.65,2,5.1764362714980825,70.66250196097344,23,3,2,-0.2588190451025215,0.965925826289068,0.4338837391175582,-0.900968867902419,0.8660254037844386,0.5000000000000001,0.0,0.0,0.0,23.0,50.8,100.0,62.0,-6.6,2.9651222,0.0,-0.2,19.25000001,22.2,22.466666666666665,22.05,21.65,23.0,-22.591481493333333,-0.3018518133333359,-0.1926666666666667,-3.234,-3.864,19.400000001111117,-3.2839999999999976,3.725431,3.7168844,3.784119,3.6749196,3.8020344,0,0.0,1,1.0,-0.92,23.0,77.0
2023-02-02 23:15:00,314.551028605554,197.937915466668,198.022356588888,19.25000001,-3.864,23.0,2,5.1764362714980825,70.66250196097344,23,3,2,-0.2588190451025215,0.965925826289068,0.4338837391175582,-0.900968867902419,0.8660254037844386,0.5000000000000001,0.0,0.0,0.0,23.6,53.4,100.0,64.25,-6.775,2.932461,0.15,-0.875,19.54629631,22.65,22.2,22.466666666666665,22.05,22.816666666666663,-23.11400001,0.0851851833333334,-0.4373333333333331,-3.4266666666666667,-4.1786666666666665,19.29382715888889,-3.508222222222221,3.8020344,3.725431,3.7168844,3.784119,3.838056,0,0.0,0,1.0,-0.9,22.1,77.9
2023-02-02 23:30:00,288.62456572222,194.406667905554,194.454443794442,19.54629631,-4.1786666666666665,22.816666666666663,2,5.1764362714980825,70.66250196097344,23,3,2,-0.2588190451025215,0.965925826289068,0.4338837391175582,-0.900968867902419,0.8660254037844386,0.5000000000000001,0.0,0.0,0.0,24.2,56.0,100.0,66.5,-6.949999999999999,2.8958256,0.3,-1.5499999999999998,19.63333336,23.0,22.65,22.2,22.466666666666665,22.15,-23.724962976666667,0.296296299999998,-0.3146666666666666,-3.864,-4.472666666666667,19.320370382222222,-3.823111111111109,3.838056,3.8020344,3.725431,3.7168844,3.7450137,0,0.0,0,1.0,-0.83,19.7,80.3
2023-02-02 23:45:00,161.999631038882,99.411856733332,99.43102268333,19.63333336,-4.472666666666667,22.15,2,5.1764362714980825,70.66250196097344,23,3,2,-0.2588190451025215,0.965925826289068,0.4338837391175582,-0.900968867902419,0.8660254037844386,0.5000000000000001,0.0,0.0,0.0,24.8,58.6,100.0,68.75,-7.125,2.855602,0.45,-2.225,19.274074053333333,22.816666666666663,23.0,22.65,22.2,22.183333333333334,-24.106000026666663,0.0870370499999992,-0.2940000000000005,-4.1786666666666665,-4.788666666666667,19.476543226666667,-4.171777777777776,3.7450137,3.838056,3.8020344,3.725431,3.672238,0,0.0,0,1.0,-0.82,19.1,80.9
2023-02-03 00:00:00,184.625670227778,125.314709444444,125.335264188888,19.274074053333333,-4.788666666666667,22.183333333333334,2,5.1764362714980825,70.66250196097344,0,4,2,0.0,1.0,-0.433883739117558,-0.9009688679024191,0.8660254037844386,0.5000000000000001,0.0,0.0,0.0,25.4,61.2,100.0,71.0,-7.3,2.812152,0.6,-2.9,19.21111109,22.15,22.816666666666663,23.0,22.65,22.45,-24.06274072,-0.3592593066666651,-0.3159999999999998,-4.472666666666667,-4.807333333333333,19.484567907777777,-4.479999999999998,3.672238,3.7450137,3.838056,3.8020344,3.7026236,0,0.0,0,1.0,-0.9,22.1,77.9
2023-02-03 00:15:00,241.878657866664,185.8333997,185.860620877776,19.21111109,-4.807333333333333,22.45,2,5.1764362714980825,70.66250196097344,0,4,2,0.0,1.0,-0.433883739117558,-0.9009688679024191,0.8660254037844386,0.5000000000000001,0.0,0.0,0.0,25.1,60.575,100.0,69.75,-7.95,2.6855583,0.5,-3.3,19.49074071,22.183333333333334,22.15,22.816666666666663,23.0,22.03333333333333,-24.01844442333333,-0.0629629633333337,-0.0186666666666663,-4.788666666666667,-4.958666666666667,19.372839501111116,-4.689555555555554,3.7026236,3.672238,3.7450137,3.838056,3.6942055,0,0.0,0,1.0,-0.91,22.6,77.4
2023-02-03 00:30:00,226.56093728333,176.717097716666,176.743485577776,19.49074071,-4.958666666666667,22.03333333333333,2,5.1764362714980825,70.66250196097344,0,4,2,0.0,1.0,-0.433883739117558,-0.9009688679024191,0.8660254037844386,0.5000000000000001,0.0,0.0,0.0,24.8,59.95,100.0,68.5,-8.6,2.5635912,0.4,-3.7,19.68333332,22.45,22.183333333333334,22.15,22.816666666666663,21.6,-24.449407376666667,0.2796296200000014,-0.1513333333333335,-4.807333333333333,-5.166666666666667,19.32530861777778,-4.851555555555554,3.6942055,3.7026236,3.672238,3.7450137,3.662759,0,0.0,0,1.0,-0.85,20.3,79.7
2023-02-03 00:45:00,150.373429288888,96.928067155556,96.946955349998,19.68333332,-5.166666666666667,21.6,2,5.1764362714980825,70.66250196097344,0,4,2,0.0,1.0,-0.433883739117558,-0.9009688679024191,0.8660254037844386,0.5000000000000001,0.0,0.0,0.0,24.5,59.325,100.0,67.25,-9.25,2.4461088,0.3,-4.1,19.548148153333333,22.03333333333333,22.45,22.183333333333334,22.15,21.03333333333333,-24.849999986666667,0.1925926099999984,-0.2080000000000001,-4.958666666666667,-5.064666666666667,19.461728373333333,-4.977555555555553,3.662759,3.6942055,3.7026236,3.672238,3.5384612,0,0.0,0,1.0,-0.81,18.8,81.2
2023-02-03 01:00:00,145.125861366668,77.6760595,77.6910589,19.548148153333333,-5.064666666666667,21.03333333333333,2,5.1764362714980825,70.66250196097344,1,4,2,0.2588190451025207,0.9659258262890684,-0.433883739117558,-0.9009688679024191,0.8660254037844386,0.5000000000000001,0.0,0.0,0.0,24.2,58.7,100.0,66.0,-9.9,2.3329751,0.2,-4.5,19.32222223,21.6,22.03333333333333,22.45,22.183333333333334,21.3,-24.61281482,-0.1351851666666661,0.1020000000000003,-5.166666666666667,-5.253333333333333,19.574074061111112,-5.063333333333332,3.5384612,3.662759,3.6942055,3.7026236,3.5360208,0,0.0,0,1.0,-0.84,20.0,80.0
2023-02-03 01:15:00,233.114563994442,175.244101055556,175.26576683889,19.32222223,-5.253333333333333,21.3,2,5.1764362714980825,70.66250196097344,1,4,2,0.2588190451025207,0.9659258262890684,-0.433883739117558,-0.9009688679024191,0.8660254037844386,0.5000000000000001,0.0,0.0,0.0,24.25,57.35,100.0,65.0,-10.5,2.2326436,0.225,-4.9,19.53703708,21.03333333333333,21.6,22.03333333333333,22.45,21.03333333333333,-24.57555556333333,-0.2259259233333317,-0.1886666666666663,-5.064666666666667,-6.359333333333334,19.517901234444444,-5.161555555555554,3.5360208,3.5384612,3.662759,3.6942055,3.5361512,0,0.0,0,1.0,-0.89,21.9,78.1
2023-02-03 01:30:00,81.513128394438,29.234941672222,29.241330366664,19.53703708,-6.359333333333334,21.03333333333333,1,5.1764362714980825,70.66250196097344,1,4,2,0.2588190451025207,0.9659258262890684,-0.433883739117558,-0.9009688679024191,0.8660254037844386,0.5000000000000001,0.0,0.0,0.0,24.3,56.0,100.0,64.0,-11.1,2.1359093,0.25,-5.3,19.35000003,21.3,21.03333333333333,21.6,22.03333333333333,21.05,-25.896370413333337,0.2148148499999997,-1.1060000000000008,-5.253333333333333,-7.542,19.469135821111117,-5.55911111111111,3.5361512,3.5360208,3.5384612,3.662759,3.5002372,0,0.0,1,1.0,-0.85,20.1,79.9
2023-02-03 01:45:00,160.45247052777802,110.552522155556,110.56863266111,19.35000003,-7.542,21.05,2,5.1764362714980825,70.66250196097344,1,4,2,0.2588190451025207,0.9659258262890684,-0.433883739117558,-0.9009688679024191,0.8660254037844386,0.5000000000000001,0.0,0.0,0.0,24.35,54.65,100.0,63.0,-11.7,2.0426643,0.275,-5.699999999999999,19.255555580000003,21.03333333333333,21.3,21.03333333333333,21.6,21.28333333333333,-26.89200003,-0.1870370500000007,-1.182666666666666,-6.359333333333334,-7.868666666666667,19.40308644666667,-6.384888888888887,3.5002372,3.5361512,3.5360208,3.5384612,3.519411,0,0.0,1,1.0,-0.89,21.7,78.3
2023-02-03 02:00:00,266.923767072222,192.26119816111,192.285363877776,19.255555580000003,-7.868666666666667,21.28333333333333,2,5.1764362714980825,70.66250196097344,2,4,2,0.4999999999999999,0.8660254037844387,-0.433883739117558,-0.9009688679024191,0.8660254037844386,0.5000000000000001,0.0,0.0,0.0,24.4,53.3,100.0,62.0,-12.3,1.9528017,0.3,-6.1,19.477777810000003,21.05,21.03333333333333,21.3,21.03333333333333,20.65,-27.12422224666667,-0.0944444499999974,-0.3266666666666671,-7.542,-7.889333333333334,19.380864230000004,-7.256666666666665,3.519411,3.5002372,3.5361512,3.5360208,3.4596317,0,0.0,0,1.0,-0.91,22.4,77.6
2023-02-03 02:15:00,82.903905927778,25.0448315,25.052053494442,19.477777810000003,-7.889333333333334,20.65,1,5.1764362714980825,70.66250196097344,2,4,2,0.4999999999999999,0.8660254037844387,-0.433883739117558,-0.9009688679024191,0.8660254037844386,0.5000000000000001,0.0,0.0,0.0,24.475,53.375,99.25,59.0,-13.325,1.8017464,0.25,-6.525,19.255555583333333,21.28333333333333,21.05,21.03333333333333,21.3,20.5,-27.367111143333336,0.2222222299999998,-0.020666666666667,-7.868666666666667,-8.120666666666667,19.36111114,-7.766666666666666,3.4596317,3.519411,3.5002372,3.5361512,3.389879,0,0.0,1,1.0,-0.86,20.7,79.3
2023-02-03 02:30:00,181.246361055552,136.164830955556,136.185107927778,19.255555583333333,-8.120666666666667,20.5,2,5.1764362714980825,70.66250196097344,2,4,2,0.4999999999999999,0.8660254037844387,-0.433883739117558,-0.9009688679024191,0.8660254037844386,0.5000000000000001,0.0,0.0,0.0,24.55,53.45,98.5,56.0,-14.35,1.6578888,0.2,-6.949999999999999,19.30555555,20.65,21.28333333333333,21.05,21.03333333333333,20.1,-27.37622225,-0.2222222266666698,-0.2313333333333327,-7.889333333333334,-8.448,19.329629657777783,-7.9595555555555535,3.389879,3.4596317,3.519411,3.5002372,3.3335361,0,0.0,1,1.0,-0.91,22.6,77.4
2023-02-03 02:45:00,253.791792372222,200.876964583334,200.905019077776,19.30555555,-8.448,20.1,2,5.1764362714980825,70.66250196097344,2,4,2,0.4999999999999999,0.8660254037844387,-0.433883739117558,-0.9009688679024191,0.8660254037844386,0.5000000000000001,0.0,0.0,0.0,24.625,53.525,97.75,53.0,-15.375,1.520964,0.15,-7.375,19.520370393333334,20.5,20.65,21.28333333333333,21.05,19.53333333333333,-27.75355555,0.0499999666666681,-0.3273333333333337,-8.120666666666667,-9.104666666666668,19.346296314444448,-8.152666666666667,3.3335361,3.389879,3.4596317,3.519411,3.280754,0,0.0,0,1.0,-0.9,22.2,77.8
2023-02-03 03:00:00,80.055686611108,26.4139434,26.422831927778,19.520370393333334,-9.104666666666668,19.53333333333333,1,5.1764362714980825,70.66250196097344,3,4,2,0.7071067811865476,0.7071067811865476,-0.433883739117558,-0.9009688679024191,0.8660254037844386,0.5000000000000001,0.0,0.0,0.0,24.7,53.6,97.0,50.0,-16.4,1.3907167,0.1,-7.8,19.3111111,20.1,20.5,20.65,21.28333333333333,19.5,-28.62503706,0.2148148433333325,-0.6566666666666663,-8.448,-9.358,19.360493842222223,-8.557777777777778,3.280754,3.3335361,3.389879,3.4596317,3.2350862,0,0.0,1,1.0,-0.86,20.5,79.5
2023-02-03 03:15:00,202.676892783326,144.186454544444,144.21062026111,19.3111111,-9.358,19.5,2,5.1764362714980825,70.66250196097344,3,4,2,0.7071067811865476,0.7071067811865476,-0.433883739117558,-0.9009688679024191,0.8660254037844386,0.5000000000000001,0.0,0.0,0.0,24.2,54.325,97.75,49.5,-16.924999999999997,1.3367552,0.075,-8.2,19.33518518,19.53333333333333,20.1,20.5,20.65,19.316666666666663,-28.6691111,-0.2092592933333321,-0.2533333333333338,-9.104666666666668,-9.476,19.37901234777778,-8.97022222222222,3.2350862,3.280754,3.3335361,3.389879,3.2092156,0,0.0,1,1.0,-0.91,22.3,77.7
2023-02-03 03:30:00,247.532876272214,199.328693183334,199.357858766664,19.33518518,-9.476,19.316666666666663,2,5.1764362714980825,70.66250196097344,3,4,2,0.7071067811865476,0.7071067811865476,-0.433883739117558,-0.9009688679024191,0.8660254037844386,0.5000000000000001,0.0,0.0,0.0,23.7,55.05,98.5,49.0,-17.45,1.2846237,0.05,-8.6,19.50000001,19.5,19.53333333333333,20.1,20.5,18.95,-28.81118518,0.0240740799999983,-0.1179999999999985,-9.358,-9.707333333333334,19.38888889111111,-9.312888888888889,3.2092156,3.2350862,3.280754,3.3335361,3.1789708,0,0.0,0,1.0,-0.9,22.2,77.8
2023-02-03 03:45:00,79.40265714999799,28.615522,28.626077144444,19.50000001,-9.707333333333334,18.95,1,5.1764362714980825,70.66250196097344,3,4,2,0.7071067811865476,0.7071067811865476,-0.433883739117558,-0.9009688679024191,0.8660254037844386,0.5000000000000001,0.0,0.0,0.0,23.2,55.775,99.25,48.5,-17.975,1.2342683,0.0249999999999999,-9.0,19.28703703333333,19.316666666666663,19.5,19.53333333333333,20.1,18.53333333333333,-29.20733334333333,0.1648148300000009,-0.2313333333333354,-9.476,-10.116,19.38209876333333,-9.513777777777776,3.1789708,3.2092156,3.2350862,3.280754,3.0703583,0,0.0,1,1.0,-0.87,20.8,79.2
2023-02-03 04:00:00,179.072003516666,136.205940444444,136.228717333332,19.28703703333333,-10.116,18.53333333333333,2,5.1764362714980825,70.66250196097344,4,4,2,0.8660254037844386,0.5000000000000001,-0.433883739117558,-0.9009688679024191,0.8660254037844386,0.5000000000000001,0.0,0.0,0.0,22.7,56.5,100.0,48.0,-18.5,1.1856365,0.0,-9.4,19.26666669,18.95,19.316666666666663,19.5,19.53333333333333,18.5,-29.403037033333334,-0.2129629766666667,-0.4086666666666669,-9.707333333333334,-10.450666666666669,19.374074074444447,-9.766444444444444,3.0703583,3.1789708,3.2092156,3.2350862,3.0611615,0,0.0,1,1.0,-0.92,22.7,77.3
2023-02-03 04:15:00,261.661755411108,206.992831055556,207.02227436111,19.26666669,-10.450666666666669,18.5,2,5.1764362714980825,70.66250196097344,4,4,2,0.8660254037844386,0.5000000000000001,-0.433883739117558,-0.9009688679024191,0.8660254037844386,0.5000000000000001,0.0,0.0,0.0,22.625,55.425,98.25,48.25,-18.675,1.1653589,0.0,-9.7,19.54629631,18.53333333333333,18.95,19.316666666666663,19.5,18.316666666666663,-29.717333356666668,-0.020370343333333,-0.3346666666666653,-10.116,-10.627333333333333,19.351234577777777,-10.091333333333331,3.0611615,3.0703583,3.1789708,3.2092156,3.0810988,0,0.0,0,1.0,-0.92,22.9,77.1
2023-02-03 04:30:00,169.084625277776,101.601213572222,101.61899066111,19.54629631,-10.627333333333333,18.316666666666663,2,5.1764362714980825,70.66250196097344,4,4,2,0.8660254037844386,0.5000000000000001,-0.433883739117558,-0.9009688679024191,0.8660254037844386,0.5000000000000001,0.0,0.0,0.0,22.55,54.35,96.5,48.5,-18.85,1.1453294,0.0,-10.0,19.45000002,18.5,18.53333333333333,18.95,19.316666666666663,18.0,-30.17362964333333,0.2796296199999979,-0.1766666666666658,-10.450666666666669,-10.897333333333334,19.36666667777778,-10.397999999999998,3.0810988,3.0611615,3.0703583,3.1789708,3.010738,0,0.0,0,1.0,-0.86,20.6,79.4
2023-02-03 04:45:00,119.556606444444,76.176675044444,76.191952216666,19.45000002,-10.897333333333334,18.0,2,5.1764362714980825,70.66250196097344,4,4,2,0.8660254037844386,0.5000000000000001,-0.433883739117558,-0.9009688679024191,0.8660254037844386,0.5000000000000001,0.0,0.0,0.0,22.475,53.275000000000006,94.75,48.75,-19.025,1.1255472,0.0,-10.3,19.161111126666665,18.316666666666663,18.5,18.53333333333333,18.95,18.0,-30.347333353333333,-0.0962962899999979,-0.2700000000000013,-10.627333333333333,-11.036,19.42098767333333,-10.658444444444443,3.010738,3.0810988,3.0611615,3.0703583,2.959962,0,0.0,0,1.0,-0.88,21.4,78.6
2023-02-03 05:00:00,179.202276055556,136.174275011112,136.1970519,19.161111126666665,-11.036,18.0,2,5.1764362714980825,70.66250196097344,5,4,2,0.9659258262890684,0.2588190451025207,-0.433883739117558,-0.9009688679024191,0.8660254037844386,0.5000000000000001,0.0,0.0,0.0,22.4,52.2,93.0,49.0,-19.2,1.1060113,0.0,-10.6,19.07777777,18.0,18.316666666666663,18.5,18.53333333333333,18.0,-30.197111126666663,-0.2888888933333362,-0.1386666666666656,-10.897333333333334,-11.117333333333333,19.385802485555555,-10.853555555555554,2.959962,3.010738,3.0810988,3.0611615,2.945453,0,0.0,0,1.0,-0.95,24.0,76.0
2023-02-03 05:15:00,154.557150833332,103.7400169,103.759460655552,19.07777777,-11.117333333333333,18.0,2,5.1764362714980825,70.66250196097344,5,4,2,0.9659258262890684,0.2588190451025207,-0.433883739117558,-0.9009688679024191,0.8660254037844386,0.5000000000000001,0.0,0.0,0.0,22.35,51.400000000000006,93.5,49.5,-19.375,1.0943068,0.0,-10.875,18.80000002,18.0,18.0,18.316666666666663,18.5,18.0,-30.19511110333333,-0.0833333566666638,-0.0813333333333332,-11.036,-11.320666666666666,19.22962963888889,-11.016888888888886,2.945453,2.959962,3.010738,3.0810988,2.8975358,0,0.0,0,1.0,-0.97,24.7,75.3
2023-02-03 05:30:00,243.437206638886,185.229257233332,185.25481176111,18.80000002,-11.320666666666666,18.0,2,5.1764362714980825,70.66250196097344,5,4,2,0.9659258262890684,0.2588190451025207,-0.433883739117558,-0.9009688679024191,0.8660254037844386,0.5000000000000001,0.0,0.0,0.0,22.3,50.6,94.0,50.0,-19.55,1.0825607,0.0,-11.15,19.03888889,18.0,18.0,18.0,18.316666666666663,17.65,-30.120666686666667,-0.2777777499999985,-0.2033333333333331,-11.117333333333333,-11.600666666666664,19.012962972222223,-11.157999999999996,2.8975358,2.945453,2.959962,3.010738,2.8815622,0,0.0,0,1.0,-1.03,27.4,72.6
2023-02-03 05:45:00,280.168792999992,222.0311184,222.062783849998,19.03888889,-11.600666666666664,17.65,2,5.1764362714980825,70.66250196097344,5,4,2,0.9659258262890684,0.2588190451025207,-0.433883739117558,-0.9009688679024191,0.8660254037844386,0.5000000000000001,0.0,0.0,0.0,22.25,49.8,94.5,50.5,-19.725,1.0707791,0.0,-11.425,19.45185185333333,18.0,18.0,18.0,18.0,17.316666666666666,-30.639555556666664,0.2388888699999967,-0.2799999999999993,-11.320666666666666,-11.92,18.97222222666667,-11.346222222222218,2.8815622,2.8975358,2.945453,2.959962,2.8967576,0,0.0,0,1.0,-0.98,25.2,74.8
2023-02-03 06:00:00,253.010712616662,208.095842516666,208.125841333332,19.45185185333333,-11.92,17.316666666666666,2,5.1764362714980825,70.66250196097344,6,4,2,1.0,6.123233995736766e-17,-0.433883739117558,-0.9009688679024191,0.8660254037844386,0.5000000000000001,0.0,0.0,0.0,22.2,49.0,95.0,51.0,-19.9,1.0589684,0.0,-11.7,19.69444443,17.65,18.0,18.0,18.0,17.0,-31.37185185333333,0.4129629633333351,-0.3193333333333346,-11.600666666666664,-12.114,19.09691358777778,-11.613777777777775,2.8967576,2.8815622,2.8975358,2.945453,2.8846078,0,0.0,0,1.0,-0.89,21.6,78.4
2023-02-03 06:15:00,242.037262605554,188.736061355556,188.762449233332,19.69444443,-12.114,17.0,2,5.1764362714980825,70.66250196097344,6,4,2,1.0,6.123233995736766e-17,-0.433883739117558,-0.9009688679024191,0.8660254037844386,0.5000000000000001,0.0,0.0,0.0,22.25,48.9,95.75,51.0,-20.1,1.0409368,0.0,-11.925,19.672222233333333,17.316666666666666,17.65,18.0,18.0,17.0,-31.80844443,0.242592576666663,-0.1940000000000008,-11.92,-12.634,19.39506172444444,-11.87822222222222,2.8846078,2.8967576,2.8815622,2.8975358,2.8808477,0,0.0,0,1.0,-0.83,19.6,80.4
2023-02-03 06:30:00,79.83180651667,37.071017066668,37.082683283334,19.672222233333333,-12.634,17.0,1,5.1764362714980825,70.66250196097344,6,4,2,1.0,6.123233995736766e-17,-0.433883739117558,-0.9009688679024191,0.8660254037844386,0.5000000000000001,0.0,0.0,0.0,22.3,48.8,96.5,51.0,-20.3,1.0231776,0.0,-12.15,19.26111113,17.0,17.316666666666666,17.65,18.0,17.0,-32.30622223333333,-0.0222221966666644,-0.5199999999999978,-12.114,-12.899333333333336,19.60617283888889,-12.222666666666663,2.8808477,2.8846078,2.8967576,2.8815622,2.8120391,0,0.0,1,1.0,-0.84,19.8,80.2
2023-02-03 06:45:00,177.642893950002,127.47878956111,127.501010938886,19.26111113,-12.899333333333336,17.0,2,5.1764362714980825,70.66250196097344,6,4,2,1.0,6.123233995736766e-17,-0.433883739117558,-0.9009688679024191,0.8660254037844386,0.5000000000000001,0.0,0.0,0.0,22.35,48.7,97.25,51.0,-20.5,1.0056863,0.0,-12.375,19.15555554333333,17.0,17.0,17.316666666666666,17.65,17.0,-32.160444463333334,-0.411111103333333,-0.2653333333333361,-12.634,-13.200666666666669,19.542592597777777,-12.54911111111111,2.8120391,2.8808477,2.8846078,2.8967576,2.7946043,0,0.0,1,1.0,-0.93,23.3,76.7
2023-02-03 07:00:00,276.532271583334,208.558879544444,208.588600572222,19.15555554333333,-13.200666666666669,17.0,2,5.1764362714980825,70.66250196097344,7,4,2,0.9659258262890684,-0.2588190451025206,-0.433883739117558,-0.9009688679024191,0.8660254037844386,0.5000000000000001,0.0,0.0,0.0,22.4,48.6,98.0,51.0,-20.7,0.98846,0.0,-12.6,19.39999997,17.0,17.0,17.0,17.316666666666666,16.95,-32.35622221,-0.1055555866666679,-0.3013333333333321,-12.899333333333336,-13.552,19.36296296888889,-12.911333333333332,2.7946043,2.8120391,2.8808477,2.8846078,2.8267858,0,0.0,0,1.0,-0.95,24.2,75.8
2023-02-03 07:15:00,268.38426428333,220.546733327778,220.57923206111,19.39999997,-13.552,16.95,2,5.1764362714980825,70.66250196097344,7,4,2,0.9659258262890684,-0.2588190451025206,-0.433883739117558,-0.9009688679024191,0.8660254037844386,0.5000000000000001,0.0,0.0,0.0,22.075,48.775,97.5,52.25,-20.725,0.98766667,0.0,-12.925,19.67222223,17.0,17.0,17.0,17.0,16.533333333333335,-32.95199997,0.2444444266666678,-0.3513333333333328,-13.200666666666669,-13.620666666666668,19.272222214444444,-13.21733333333333,2.8267858,2.7946043,2.8120391,2.8808477,2.8017657,0,0.0,0,1.0,-0.9,22.1,77.9
2023-02-03 07:30:00,150.649529377776,107.934293572222,107.955959405554,19.67222223,-13.620666666666668,16.533333333333335,2,5.1764362714980825,70.66250196097344,7,4,2,0.9659258262890684,-0.2588190451025206,-0.433883739117558,-0.9009688679024191,0.8660254037844386,0.5000000000000001,0.0,0.0,0.0,21.75,48.95,97.0,53.5,-20.75,0.9862377,0.0,-13.25,19.46666667,16.95,17.0,17.0,17.0,16.5,-33.29288889666667,0.2722222599999995,-0.0686666666666671,-13.552,-13.716,19.40925924777778,-13.457777777777777,2.8017657,2.8267858,2.7946043,2.8120391,2.7625494,0,0.0,0,1.0,-0.84,19.9,80.1
2023-02-03 07:45:00,157.452312688892,110.092262816666,110.113373072222,19.46666667,-13.716,16.5,2,5.1764362714980825,70.66250196097344,7,4,2,0.9659258262890684,-0.2588190451025206,-0.433883739117558,-0.9009688679024191,0.8660254037844386,0.5000000000000001,0.0,0.0,0.0,21.425,49.125,96.5,54.75,-20.775,0.98420125,0.0,-13.575,19.18148151333333,16.533333333333335,16.95,17.0,17.0,16.5,-33.18266667,-0.2055555600000005,-0.0953333333333343,-13.620666666666668,-13.630666666666666,19.512962956666662,-13.629555555555552,2.7625494,2.8017657,2.8267858,2.7946043,2.7165577,0,0.0,0,1.0,-0.89,21.6,78.4
2023-02-03 08:00:00,241.76005154444,190.862365233332,190.890975238886,19.18148151333333,-13.630666666666666,16.5,2,5.1764362714980825,70.66250196097344,8,4,2,0.8660254037844387,-0.4999999999999998,-0.433883739117558,-0.9009688679024191,0.8660254037844386,0.5000000000000001,0.0,0.0,0.0,21.1,49.3,96.0,56.0,-20.8,0.98158526,0.0,-13.9,19.2277778,16.5,16.533333333333335,16.95,17.0,16.5,-32.812148179999994,-0.2851851566666674,0.0853333333333346,-13.716,-13.826,19.44012347111111,-13.655777777777775,2.7165577,2.7625494,2.8017657,2.8267858,2.723978,0,0.0,0,1.0,-0.95,24.1,75.9
2023-02-03 08:15:00,149.869005049998,91.174408427778,91.192463288888,19.2277778,-13.826,16.5,2,5.1764362714980825,70.66250196097344,8,4,2,0.8660254037844387,-0.4999999999999998,-0.433883739117558,-0.9009688679024191,0.8660254037844386,0.5000000000000001,3.25,0.8125,0.2708333333333333,21.425,49.3,96.25,55.0,-21.1,0.9584488,0.025,-13.975,19.10185186333333,16.5,16.5,16.533333333333335,16.95,16.5,-33.0537778,0.0462962866666707,-0.1953333333333322,-13.630666666666666,-14.274,19.291975327777777,-13.72422222222222,2.723978,2.7165577,2.7625494,2.8017657,2.7038348,0,0.0,0,1.0,-0.94,23.7,76.3
2023-02-03 08:30:00,264.355814277776,207.229488255556,207.259764844444,19.10185186333333,-14.274,16.5,2,5.1764362714980825,70.66250196097344,8,4,2,0.8660254037844387,-0.4999999999999998,-0.433883739117558,-0.9009688679024191,0.8660254037844386,0.5000000000000001,6.5,2.4375,0.8125,21.75,49.3,96.5,54.0,-21.4,0.9355448,0.05,-14.05,19.2277778,16.5,16.5,16.5,16.533333333333335,16.85,-33.37585186333333,-0.1259259366666718,-0.4480000000000022,-13.826,-14.466,19.170370392222225,-13.910222222222222,2.7038348,2.723978,2.7165577,2.7625494,2.7817595,0,0.0,0,1.0,-0.97,24.8,75.2
2023-02-03 08:45:00,277.688058799996,223.106630944444,223.13801862222,19.2277778,-14.466,16.85,2,5.1764362714980825,70.66250196097344,8,4,2,0.8660254037844387,-0.4999999999999998,-0.433883739117558,-0.9009688679024191,0.8660254037844386,0.5000000000000001,9.75,4.875,1.625,22.075,49.3,96.75,53.0,-21.7,0.91287136,0.075,-14.125,19.494444416666667,16.5,16.5,16.5,16.5,16.816666666666666,-33.69377780000001,0.1259259366666718,-0.1920000000000001,-14.274,-14.705333333333332,19.185802487777774,-14.188666666666665,2.7817595,2.7038348,2.723978,2.7165577,2.8201706,0,0.0,0,1.0,-0.94,23.6,76.4
2023-02-03 09:00:00,548.4733381555479,225.231823716666,225.266266805554,19.494444416666667,-14.705333333333332,16.816666666666666,2,5.1764362714980825,70.66250196097344,9,4,2,0.7071067811865476,-0.7071067811865475,-0.433883739117558,-0.9009688679024191,0.8660254037844386,0.5000000000000001,13.0,8.125,2.708333333333333,22.4,49.3,97.0,52.0,-22.0,0.8904268,0.1,-14.2,19.70555554,16.85,16.5,16.5,16.5,16.5,-34.19977775,0.2666666166666651,-0.2393333333333309,-14.466,-14.843333333333334,19.27469136,-14.481777777777774,2.8201706,2.7817595,2.7038348,2.723978,2.8015926,0,0.0,0,1.0,-0.88,21.3,78.7
2023-02-03 09:15:00,273.079354172222,230.373006927778,230.405783383334,19.70555554,-14.843333333333334,16.5,2,5.1764362714980825,70.66250196097344,9,4,2,0.7071067811865476,-0.7071067811865475,-0.433883739117558,-0.9009688679024191,0.8660254037844386,0.5000000000000001,42.25,17.875,6.229166666666667,22.95,50.575,96.25,51.0,-22.225,0.87330323,0.075,-14.2,19.918518523333333,16.816666666666666,16.85,16.5,16.5,16.5,-34.54888887333333,0.2111111233333318,-0.1380000000000016,-14.705333333333332,-14.886666666666668,19.47592591888889,-14.671555555555551,2.8015926,2.8201706,2.7817595,2.7038348,2.8368018,0,0.0,0,1.0,-0.83,19.6,80.4
2023-02-03 09:30:00,286.337712799996,229.041949072222,229.075003333332,19.918518523333333,-14.886666666666668,16.5,2,5.1764362714980825,70.66250196097344,9,4,2,0.7071067811865476,-0.7071067811865475,-0.433883739117558,-0.9009688679024191,0.8660254037844386,0.5000000000000001,71.5,34.125,12.1875,23.5,51.85,95.5,50.0,-22.45,0.85617965,0.05,-14.2,20.04444447,16.5,16.816666666666666,16.85,16.5,16.5,-34.80518519,0.2129629833333339,-0.043333333333333,-14.843333333333334,-15.232,19.70617282666667,-14.811777777777776,2.8368018,2.8015926,2.8201706,2.7817595,2.8578012,0,0.0,0,1.0,-0.78,18.0,82.0
2023-02-03 09:45:00,293.804080899992,230.288843644444,230.322731205554,20.04444447,-15.232,16.5,2,5.1764362714980825,70.66250196097344,9,4,2,0.7071067811865476,-0.7071067811865475,-0.433883739117558,-0.9009688679024191,0.8660254037844386,0.5000000000000001,100.75,56.875,20.58333333333333,24.05,53.125,94.75,49.0,-22.675,0.8390561,0.0249999999999999,-14.2,20.08703705,16.5,16.5,16.816666666666666,16.85,16.683333333333334,-35.27644447,0.1259259466666655,-0.3453333333333326,-14.886666666666668,-15.434,19.88950617777778,-14.987333333333332,2.8578012,2.8368018,2.8015926,2.8201706,2.896766,0,0.0,0,1.0,-0.76,17.1,82.9
2023-02-03 10:00:00,555.740825011112,228.957785755556,229.002506216666,20.08703705,-15.434,16.683333333333334,2,5.1764362714980825,70.66250196097344,10,4,2,0.4999999999999999,-0.8660254037844387,-0.433883739117558,-0.9009688679024191,0.8660254037844386,0.5000000000000001,130.0,86.125,31.416666666666668,24.6,54.4,94.0,48.0,-22.9,0.8219325,0.0,-14.2,20.05000004,16.5,16.5,16.5,16.816666666666666,18.45,-35.52103705,0.0425925800000008,-0.2019999999999999,-15.232,-15.466,20.016666681111108,-15.18422222222222,2.896766,2.8578012,2.8368018,2.8015926,3.1965806,0,0.0,0,1.0,-0.75,16.7,83.3
2023-02-03 10:15:00,614.871792961114,210.88850853889,210.920173972222,20.05000004,-15.466,18.45,2,5.1764362714980825,70.66250196097344,10,4,2,0.4999999999999999,-0.8660254037844387,-0.433883739117558,-0.9009688679024191,0.8660254037844386,0.5000000000000001,162.75,116.25,44.97916666666666,25.125,55.65,93.0,46.75,-23.175,0.8036544,0.0,-14.15,19.96296297,16.683333333333334,16.5,16.5,16.5,20.016666666666666,-35.51600004,-0.0370370099999988,-0.0320000000000018,-15.434,-15.629333333333332,20.06049385333333,-15.37733333333333,3.1965806,2.896766,2.8578012,2.8368018,3.4503853,0,0.0,0,1.0,-0.74,16.7,83.3
2023-02-03 10:30:00,1357.79235288333,199.8728381,199.90394802222,19.96296297,-15.629333333333332,20.016666666666666,2,5.1764362714980825,70.66250196097344,10,4,2,0.4999999999999999,-0.8660254037844387,-0.433883739117558,-0.9009688679024191,0.8660254037844386,0.5000000000000001,195.5,147.25,61.270833333333336,25.65,56.9,92.0,45.5,-23.45,0.7852194,0.0,-14.1,19.805555570000003,18.45,16.683333333333334,16.5,16.5,20.95,-35.592296303333335,-0.0870370700000009,-0.1633333333333322,-15.466,-15.424666666666669,20.033333353333333,-15.509777777777776,3.4503853,3.1965806,2.896766,2.8578012,3.5781064,0,0.0,0,1.0,-0.76,17.0,83.0
2023-02-03 10:45:00,265.26494466110603,214.098102416666,214.12810128333,19.805555570000003,-15.424666666666669,20.95,2,5.1764362714980825,70.66250196097344,10,4,2,0.4999999999999999,-0.8660254037844387,-0.433883739117558,-0.9009688679024191,0.8660254037844386,0.5000000000000001,228.25,179.125,80.29166666666667,26.175,58.15,91.0,44.25,-23.725,0.766627,0.0,-14.05,19.725925906666667,20.016666666666666,18.45,16.683333333333334,16.5,20.53333333333333,-35.23022223666667,-0.1574073999999967,0.2046666666666663,-15.629333333333332,-15.912,19.939506193333333,-15.506666666666666,3.5781064,3.4503853,3.1965806,2.896766,3.4905975,0,0.0,0,1.0,-0.79,18.0,82.0
2023-02-03 11:00:00,356.83017067222204,195.430793588888,195.45968138333,19.725925906666667,-15.912,20.53333333333333,2,5.1764362714980825,70.66250196097344,11,4,2,0.258819045102521,-0.9659258262890682,-0.433883739117558,-0.9009688679024191,0.8660254037844386,0.5000000000000001,261.0,211.875,102.04166666666669,26.7,59.4,90.0,43.0,-24.0,0.7478763,0.0,-14.0,19.638888880000003,20.95,20.016666666666666,18.45,16.683333333333334,20.5,-35.637925906666666,-0.0796296633333355,-0.4873333333333338,-15.424666666666669,-16.218,19.831481482222227,-15.655333333333331,3.4905975,3.5781064,3.4503853,3.1965806,3.4671707,0,0.0,0,1.0,-0.81,18.7,81.3
2023-02-03 11:15:00,1027.748610544448,169.58488298333398,169.61043756111,19.638888880000003,-16.218,20.5,2,5.1764362714980825,70.66250196097344,11,4,2,0.258819045102521,-0.9659258262890682,-0.433883739117558,-0.9009688679024191,0.8660254037844386,0.5000000000000001,291.0,243.9375,126.02083333333331,25.775,59.4,92.5,43.25,-24.075,0.739153,0.025,-14.225,19.5592593,20.53333333333333,20.95,20.016666666666666,18.45,20.683333333333334,-35.85688888,-0.087037026666664,-0.3059999999999991,-15.912,-16.365333333333336,19.72345678555556,-15.851555555555557,3.4671707,3.4905975,3.5781064,3.4503853,3.4818525,0,0.0,0,1.0,-0.83,19.4,80.6
2023-02-03 11:30:00,1393.211769283334,183.658486683334,183.689318833332,19.5592593,-16.365333333333336,20.683333333333334,2,5.1764362714980825,70.66250196097344,11,4,2,0.258819045102521,-0.9659258262890682,-0.433883739117558,-0.9009688679024191,0.8660254037844386,0.5000000000000001,321.0,275.3125,152.22916666666666,24.85,59.4,95.0,43.5,-24.15,0.7304813,0.05,-14.45,19.59444445,20.5,20.53333333333333,20.95,20.016666666666666,21.75,-35.92459263333333,-0.0796295800000024,-0.1473333333333357,-16.218,-16.075333333333333,19.64135802888889,-16.165111111111113,3.4818525,3.4671707,3.4905975,3.5781064,3.6689932,0,0.0,0,1.0,-0.84,20.0,80.0
2023-02-03 11:45:00,446.684631999996,199.845894711112,199.872560344444,19.59444445,-16.075333333333333,21.75,2,5.1764362714980825,70.66250196097344,11,4,2,0.258819045102521,-0.9659258262890682,-0.433883739117558,-0.9009688679024191,0.8660254037844386,0.5000000000000001,351.0,306.0,180.66666666666663,23.925,59.4,97.5,43.75,-24.225,0.7218617,0.075,-14.675,19.631481486666665,20.683333333333334,20.5,20.53333333333333,20.95,22.466666666666665,-35.66977778333333,0.0351851500000002,0.2900000000000027,-16.365333333333336,-16.154666666666667,19.59753087666667,-16.219555555555555,3.6689932,3.4818525,3.4671707,3.4905975,3.7981415,0,0.0,0,1.0,-0.83,19.5,80.5
2023-02-03 12:00:00,440.794589894438,204.358769755556,204.388490849998,19.631481486666665,-16.154666666666667,22.466666666666665,2,5.1764362714980825,70.66250196097344,12,4,2,1.2246467991473532e-16,-1.0,-0.433883739117558,-0.9009688679024191,0.8660254037844386,0.5000000000000001,381.0,336.0,211.33333333333331,23.0,59.4,100.0,44.0,-24.3,0.7132953,0.1,-14.9,19.65000003,21.75,20.683333333333334,20.5,20.53333333333333,22.5,-35.78614815333333,0.0370370366666641,-0.0793333333333343,-16.075333333333333,-16.054,19.59506174555556,-16.198444444444444,3.7981415,3.6689932,3.4818525,3.4671707,3.8079147,0,0.0,0,1.0,-0.82,19.1,80.9
2023-02-03 12:15:00,363.392685827782,124.989166916666,125.009999416666,19.65000003,-16.054,22.5,2,5.1764362714980825,70.66250196097344,12,4,2,1.2246467991473532e-16,-1.0,-0.433883739117558,-0.9009688679024191,0.8660254037844386,0.5000000000000001,372.75,356.4375,238.875,23.25,58.05,98.75,43.5,-24.6,0.69556534,0.1,-15.075,19.38888890333333,22.466666666666665,21.75,20.683333333333334,20.5,22.316666666666663,-35.70400003,0.0185185433333359,0.1006666666666689,-16.154666666666667,-16.25133333333333,19.62530865555556,-16.094666666666665,3.8079147,3.7981415,3.6689932,3.4818525,3.7193637,0,0.0,0,1.0,-0.81,18.9,81.1
2023-02-03 12:30:00,363.646564605558,128.923453955556,128.946508583334,19.38888890333333,-16.25133333333333,22.316666666666663,2,5.1764362714980825,70.66250196097344,12,4,2,1.2246467991473532e-16,-1.0,-0.433883739117558,-0.9009688679024191,0.8660254037844386,0.5000000000000001,364.5,367.3125,263.2916666666667,23.5,56.7,97.5,43.0,-24.9,0.6781719,0.1,-15.25,19.0388889,22.5,22.466666666666665,21.75,20.683333333333334,21.7,-35.640222236666666,-0.2611111266666661,-0.1973333333333329,-16.054,-16.146,19.556790140000004,-16.153333333333332,3.7193637,3.8079147,3.7981415,3.6689932,3.5427709,0,0.0,0,1.0,-0.87,21.1,78.9
2023-02-03 12:45:00,316.549837566664,70.5846765,70.59995368888801,19.0388889,-16.146,21.7,1,5.1764362714980825,70.66250196097344,12,4,2,1.2246467991473532e-16,-1.0,-0.433883739117558,-0.9009688679024191,0.8660254037844386,0.5000000000000001,356.25,368.625,284.5833333333333,23.75,55.35,96.25,42.5,-25.2,0.6611097,0.1,-15.425,18.835185183333333,22.316666666666663,22.5,22.466666666666665,21.75,21.78333333333333,-35.184888900000004,-0.350000003333335,0.1053333333333306,-16.25133333333333,-16.247333333333334,19.359259277777777,-16.150444444444442,3.5427709,3.7193637,3.8079147,3.7981415,3.513855,0,0.0,1,1.0,-0.96,24.3,75.7
2023-02-03 13:00:00,354.421100355556,67.073150283334,67.121481666668,18.835185183333333,-16.247333333333334,21.78333333333333,1,5.1764362714980825,70.66250196097344,13,4,2,-0.2588190451025208,-0.9659258262890684,-0.433883739117558,-0.9009688679024191,0.8660254037844386,0.5000000000000001,348.0,360.375,302.75,24.0,54.0,95.0,42.0,-25.5,0.64437336,0.1,-15.6,18.65555554,21.7,22.316666666666663,22.5,22.466666666666665,21.15,-35.08251851666667,-0.2037037166666664,-0.1013333333333328,-16.146,-15.840666666666666,19.08765432888889,-16.21488888888889,3.513855,3.5427709,3.7193637,3.8079147,3.3756418,0,0.0,0,1.0,-1.0,26.2,73.8
2023-02-03 13:15:00,332.44281292222,183.576267805554,183.653486966664,18.65555554,-15.840666666666666,21.15,2,5.1764362714980825,70.66250196097344,13,4,2,-0.2588190451025208,-0.9659258262890684,-0.433883739117558,-0.9009688679024191,0.8660254037844386,0.5000000000000001,365.25,358.5,319.625,24.675,55.525,96.25,41.0,-25.85,0.6290311,0.075,-15.6,18.66534389619048,21.78333333333333,21.7,22.316666666666663,22.5,21.02619047619048,-34.496222206666665,-0.1796296433333317,0.406666666666668,-16.247333333333334,-15.736666666666668,18.843209874444444,-16.078,3.3756418,3.513855,3.5427709,3.7193637,3.357825,0,0.0,1,1.0,-1.05,28.1,71.9
2023-02-03 13:30:00,142.854007911108,86.142665288888,86.174608477776,18.66534389619048,-15.736666666666668,21.02619047619048,2,5.1764362714980825,70.66250196097344,13,4,2,-0.2588190451025208,-0.9659258262890684,-0.433883739117558,-0.9009688679024191,0.8660254037844386,0.5000000000000001,382.5,363.0,335.2083333333333,25.35,57.05,97.5,40.0,-26.2,0.6136889,0.05,-15.6,18.47936506857143,21.15,21.78333333333333,21.7,22.316666666666663,21.128571428571423,-34.40201056285715,0.0097883561904801,0.1039999999999974,-15.840666666666666,-15.916666666666666,18.71869487317461,-15.941555555555553,3.357825,3.3756418,3.513855,3.5427709,3.3372183,0,0.0,0,1.0,-1.04,28.0,72.0
2023-02-03 13:45:00,1.76326296666,0.0,0.0,18.47936506857143,-15.916666666666666,21.128571428571423,0,5.1764362714980825,70.66250196097344,13,4,2,-0.2588190451025208,-0.9659258262890684,-0.433883739117558,-0.9009688679024191,0.8660254037844386,0.5000000000000001,399.75,373.875,349.5,26.025,58.575,98.75,39.0,-26.55,0.5983467,0.0249999999999999,-15.6,18.27698412571429,21.02619047619048,21.15,21.78333333333333,21.7,21.235714285714284,-34.3960317352381,-0.1859788276190528,-0.1799999999999979,-15.736666666666668,-16.192666666666664,18.60008816825397,-15.831333333333331,3.3372183,3.357825,3.3756418,3.513855,3.3141222,1,1.0,1,0.75,-1.09,29.9,70.1
2023-02-03 14:00:00,1.762985211104,0.0,0.0,18.27698412571429,-16.192666666666664,21.235714285714284,0,5.1764362714980825,70.66250196097344,14,4,2,-0.4999999999999997,-0.8660254037844388,-0.433883739117558,-0.9009688679024191,0.8660254037844386,0.5000000000000001,417.0,391.125,362.5,26.7,60.1,100.0,38.0,-26.9,0.5830045,0.0,-15.6,18.07460318285714,21.128571428571423,21.02619047619048,21.15,21.78333333333333,21.34285714285714,-34.46965079238095,-0.2023809428571397,-0.275999999999998,-15.916666666666666,-16.344,18.4738976968254,-15.948666666666666,3.3141222,3.3372183,3.357825,3.3756418,3.2910392,0,2.0,0,0.5,-1.13,31.9,68.1
2023-02-03 14:15:00,1.763540722216,0.0,0.0,18.07460318285714,-16.344,21.34285714285714,0,5.1764362714980825,70.66250196097344,14,4,2,-0.4999999999999997,-0.8660254037844388,-0.433883739117558,-0.9009688679024191,0.8660254037844386,0.5000000000000001,410.0,402.3125,372.4166666666667,26.875,60.725,100.0,38.5,-26.8,0.5848711,0.025,-15.725,17.87222224,21.235714285714284,21.128571428571423,21.02619047619048,21.15,21.45,-34.41860318285714,-0.2023809428571503,-0.1513333333333371,-16.192666666666664,-16.365333333333332,18.27698412571429,-16.15111111111111,3.2910392,3.3141222,3.3372183,3.357825,3.2679722,0,3.0,0,0.25,-1.18,34.1,65.9
2023-02-03 14:30:00,424.624681133328,0.0,0.0,17.87222224,-16.365333333333332,21.45,0,5.1764362714980825,70.66250196097344,14,4,2,-0.4999999999999997,-0.8660254037844388,-0.433883739117558,-0.9009688679024191,0.8660254037844386,0.5000000000000001,403.0,407.4375,379.25,27.05,61.35,100.0,39.0,-26.7,0.5866382,0.05,-15.85,17.60555559,21.34285714285714,21.235714285714284,21.128571428571423,21.02619047619048,20.8,-34.23755557333333,-0.2023809428571397,-0.0213333333333309,-16.344,-16.399333333333335,18.074603182857143,-16.300666666666665,3.2679722,3.2910392,3.3141222,3.3372183,3.1189685,0,4.0,0,0.0,-1.22,36.3,63.7
2023-02-03 14:45:00,194.14501180555,10.7437369,10.757347472222,17.60555559,-16.399333333333335,20.8,1,5.1764362714980825,70.66250196097344,14,4,2,-0.4999999999999997,-0.8660254037844388,-0.433883739117558,-0.9009688679024191,0.8660254037844386,0.5000000000000001,396.0,406.5,383.0,27.225,61.975,100.0,39.5,-26.6,0.58830756,0.075,-15.975,17.33888889,21.45,21.34285714285714,21.235714285714284,21.128571428571423,20.5,-34.00488892333334,-0.2666666499999977,-0.0340000000000024,-16.365333333333332,-16.417333333333335,17.85079367095238,-16.369555555555554,3.1189685,3.2679722,3.2910392,3.3141222,3.025405,0,3.0,1,0.25,-1.29,39.6,60.4
2023-02-03 15:00:00,66.332068877776,10.729015272222,10.741514772222,17.33888889,-16.417333333333335,20.5,1,5.1764362714980825,70.66250196097344,15,4,2,-0.7071067811865471,-0.7071067811865479,-0.433883739117558,-0.9009688679024191,0.8660254037844386,0.5000000000000001,389.0,399.5,383.6666666666667,27.4,62.6,100.0,40.0,-26.5,0.5898803,0.1,-16.1,17.12777776,20.8,21.45,21.34285714285714,21.235714285714284,20.5,-33.75622222333334,-0.2666667000000018,-0.0180000000000006,-16.399333333333335,-16.328666666666667,17.605555573333337,-16.394,3.025405,3.1189685,3.2679722,3.2910392,2.9874213,0,2.0,0,0.5,-1.35,43.0,57.0
2023-02-03 15:15:00,91.21857344444,10.68929466111,10.701238666664,17.12777776,-16.328666666666667,20.5,1,5.1764362714980825,70.66250196097344,15,4,2,-0.7071067811865471,-0.7071067811865479,-0.433883739117558,-0.9009688679024191,0.8660254037844386,0.5000000000000001,361.0,387.25,382.6875,27.25,62.525,100.0,40.5,-26.525,0.59135824,0.1,-16.225,16.914814776666667,20.5,20.8,21.45,21.34285714285714,20.5,-33.456444426666664,-0.211111129999999,0.0886666666666684,-16.417333333333335,-16.286,17.357407413333334,-16.381777777777774,2.9874213,3.025405,3.1189685,3.2679722,2.949524,0,1.0,0,0.75,-1.4,45.6,54.4
2023-02-03 15:30:00,150.740914572222,10.665128944444,10.672350938886,16.914814776666667,-16.286,20.5,1,5.1764362714980825,70.66250196097344,15,4,2,-0.7071067811865471,-0.7071067811865479,-0.433883739117558,-0.9009688679024191,0.8660254037844386,0.5000000000000001,333.0,369.75,380.0625,27.1,62.45,100.0,41.0,-26.55,0.5927431,0.1,-16.35,16.74999998,20.5,20.5,20.8,21.45,20.5,-33.20081477666667,-0.2129629833333339,0.0426666666666655,-16.328666666666667,-16.346,17.12716047555556,-16.343999999999998,2.949524,2.9874213,3.025405,3.1189685,2.9204824,0,0.0,0,1.0,-1.45,48.3,51.7
2023-02-03 15:45:00,73.17985052222,10.725959827778,10.737070466668,16.74999998,-16.346,20.5,1,5.1764362714980825,70.66250196097344,15,4,2,-0.7071067811865471,-0.7071067811865479,-0.433883739117558,-0.9009688679024191,0.8660254037844386,0.5000000000000001,305.0,347.0,375.7916666666667,26.95,62.375,100.0,41.5,-26.575000000000003,0.59403586,0.1,-16.475,16.629629663333333,20.5,20.5,20.5,20.8,20.5,-33.09599998,-0.1648147966666684,-0.0599999999999987,-16.286,-16.264,16.930864172222226,-16.320222222222224,2.9204824,2.949524,2.9874213,3.025405,2.8994293,0,0.0,0,1.0,-1.49,50.4,49.6
2023-02-03 16:00:00,67.836453133332,10.259311811112,10.270700222224,16.629629663333333,-16.264,20.5,1,5.1764362714980825,70.66250196097344,16,4,2,-0.8660254037844385,-0.5000000000000004,-0.433883739117558,-0.9009688679024191,0.8660254037844386,0.5000000000000001,277.0,319.0,369.875,26.8,62.3,100.0,42.0,-26.6,0.5952384,0.1,-16.6,16.51111112,20.5,20.5,20.5,20.5,20.45,-32.89362966333333,-0.1203703166666656,0.0820000000000007,-16.346,-16.219333333333335,16.764814806666667,-16.298666666666666,2.8994293,2.9204824,2.949524,2.9874213,2.871807,0,0.0,0,1.0,-1.52,51.9,48.1
2023-02-03 16:15:00,70.7513365,0.0,0.0,16.51111112,-16.219333333333335,20.45,0,5.1764362714980825,70.66250196097344,16,4,2,-0.8660254037844385,-0.5000000000000004,-0.433883739117558,-0.9009688679024191,0.8660254037844386,0.5000000000000001,243.75,289.6875,359.75,27.025,62.375,99.5,41.75,-26.775,0.5834962,0.1,-16.775000000000002,16.40740737,20.5,20.5,20.5,20.5,20.4,-32.730444453333334,-0.1185185433333337,0.0446666666666644,-16.264,-16.279333333333334,16.63024692111111,-16.276444444444444,2.871807,2.8994293,2.9204824,2.949524,2.8469517,1,1.0,1,0.75,-1.55,53.5,46.5
2023-02-03 16:30:00,258.37938666111,10.787346255556,10.79595706111,16.40740737,-16.279333333333334,20.4,1,5.1764362714980825,70.66250196097344,16,4,2,-0.8660254037844385,-0.5000000000000004,-0.433883739117558,-0.9009688679024191,0.8660254037844386,0.5000000000000001,210.5,259.0625,345.4166666666667,27.25,62.45,99.0,41.5,-26.950000000000003,0.5719522,0.1,-16.950000000000003,16.32777775,20.45,20.5,20.5,20.5,21.75,-32.686740703333335,-0.1037037499999975,-0.0599999999999987,-16.219333333333335,-16.171333333333333,16.516049384444443,-16.25422222222222,2.8469517,2.871807,2.8994293,2.9204824,3.0208232,0,1.0,1,0.75,-1.57,54.8,45.2
2023-02-03 16:45:00,740.997858933332,10.9345626,10.944839972222,16.32777775,-16.171333333333333,21.75,1,5.1764362714980825,70.66250196097344,16,4,2,-0.8660254037844385,-0.5000000000000004,-0.433883739117558,-0.9009688679024191,0.8660254037844386,0.5000000000000001,177.25,227.125,326.875,27.475,62.525,98.5,41.25,-27.125,0.5606039,0.1,-17.125,16.261111113333335,20.4,20.45,20.5,20.5,23.016666666666666,-32.49911108333333,-0.0796296200000021,0.1080000000000005,-16.279333333333334,-16.380666666666666,16.41543208,-16.223333333333333,3.0208232,2.8469517,2.871807,2.8994293,3.1839247,0,1.0,0,0.75,-1.58,55.5,44.5
2023-02-03 17:00:00,160.841343905554,10.764013872222,10.773735749998,16.261111113333335,-16.380666666666666,23.016666666666666,1,5.1764362714980825,70.66250196097344,17,4,2,-0.9659258262890684,-0.2588190451025206,-0.433883739117558,-0.9009688679024191,0.8660254037844386,0.5000000000000001,144.0,193.875,304.125,27.7,62.6,98.0,41.0,-27.3,0.5494484,0.1,-17.3,16.18333335,21.75,20.4,20.45,20.5,25.8,-32.64177778,-0.0666666366666639,-0.2093333333333333,-16.171333333333333,-16.342666666666666,16.332098744444448,-16.277111111111108,3.1839247,3.0208232,2.8469517,2.871807,3.5522387,0,1.0,0,0.75,-1.59,56.1,43.9
2023-02-03 17:15:00,323.758160205558,10.820400483334,10.827622444444,16.18333335,-16.342666666666666,25.8,1,5.1764362714980825,70.66250196097344,17,4,2,-0.9659258262890684,-0.2588190451025206,-0.433883739117558,-0.9009688679024191,0.8660254037844386,0.5000000000000001,121.5,163.3125,280.0833333333333,26.425,62.075,98.5,42.25,-27.125,0.5628038,0.1,-17.375,16.1666667,23.016666666666666,21.75,20.4,20.45,27.33333333333333,-32.52600001666667,-0.0777777633333336,0.0380000000000002,-16.380666666666666,-16.234666666666666,16.257407404444447,-16.29822222222222,3.5522387,3.1839247,3.0208232,2.8469517,3.7595708,0,0.0,0,1.0,-1.6,56.4,43.6
2023-02-03 17:30:00,1069.522495105558,11.0312254,11.039002872222,16.1666667,-16.234666666666666,27.33333333333333,1,5.1764362714980825,70.66250196097344,17,4,2,-0.9659258262890684,-0.2588190451025206,-0.433883739117558,-0.9009688679024191,0.8660254037844386,0.5000000000000001,99.0,135.4375,254.75,25.15,61.55,99.0,43.5,-26.950000000000003,0.5759771,0.1,-17.450000000000003,16.17222225,25.8,23.016666666666666,21.75,20.4,29.6,-32.40133336666666,-0.0166666500000012,0.1080000000000005,-16.342666666666666,-16.325333333333333,16.203703721111115,-16.319333333333333,3.7595708,3.5522387,3.1839247,3.0208232,4.072706,0,0.0,0,1.0,-1.6,56.2,43.8
2023-02-03 17:45:00,747.340938483334,63.716062388888,63.72383986111,16.17222225,-16.325333333333333,29.6,1,5.1764362714980825,70.66250196097344,17,4,2,-0.9659258262890684,-0.2588190451025206,-0.433883739117558,-0.9009688679024191,0.8660254037844386,0.5000000000000001,76.5,110.25,228.125,23.875,61.025,99.5,44.75,-26.775,0.58896965,0.1,-17.525000000000002,16.320370360000002,27.33333333333333,25.8,23.016666666666666,21.75,31.316666666666663,-32.49755558333334,0.0055555500000004,-0.0906666666666673,-16.234666666666666,-16.255333333333333,16.174074100000002,-16.30088888888889,4.072706,3.7595708,3.5522387,3.1839247,4.34758,0,0.0,0,1.0,-1.59,55.6,44.4
2023-02-03 18:00:00,993.16332746111,134.999322011112,135.005155144444,16.320370360000002,-16.255333333333333,31.316666666666663,2,5.1764362714980825,70.66250196097344,18,4,2,-1.0,-1.8369701987210294e-16,-0.433883739117558,-0.9009688679024191,0.8660254037844386,0.5000000000000001,54.0,87.75,200.20833333333331,22.6,60.5,100.0,46.0,-26.6,0.6017827,0.1,-17.6,16.69444443,29.6,27.33333333333333,25.8,23.016666666666666,29.85,-32.57570369333334,0.148148110000001,0.0700000000000002,-16.325333333333333,-16.099333333333334,16.219753103333336,-16.271777777777775,4.34758,4.072706,3.7595708,3.5522387,4.2383347,0,0.0,1,1.0,-1.54,53.3,46.7
2023-02-03 18:15:00,1198.977872349998,230.619108183334,230.632718755556,16.69444443,-16.099333333333334,29.85,2,5.1764362714980825,70.66250196097344,18,4,2,-1.0,-1.8369701987210294e-16,-0.433883739117558,-0.9009688679024191,0.8660254037844386,0.5000000000000001,41.0,67.625,173.54166666666666,23.0,60.4,100.0,45.5,-26.85,0.58810115,0.1,-17.75,17.22777777,31.316666666666663,29.6,27.33333333333333,25.8,30.516666666666666,-32.79377776333334,0.3740740699999989,0.1559999999999988,-16.255333333333333,-16.142666666666667,16.395679013333336,-16.226666666666663,4.2383347,4.34758,4.072706,3.7595708,4.4738345,0,0.0,0,1.0,-1.46,48.8,51.2
2023-02-03 18:30:00,1025.748690627778,273.884044183334,273.914320772222,17.22777777,-16.142666666666667,30.516666666666666,2,5.1764362714980825,70.66250196097344,18,4,2,-1.0,-1.8369701987210294e-16,-0.433883739117558,-0.9009688679024191,0.8660254037844386,0.5000000000000001,28.0,49.875,148.125,23.4,60.3,100.0,45.0,-27.1,0.57465166,0.1,-17.9,17.80000001,29.85,31.316666666666663,29.6,27.33333333333333,31.9,-33.370444436666666,0.5333333399999987,-0.043333333333333,-16.099333333333334,-16.46333333333333,16.747530853333334,-16.165777777777777,4.4738345,4.2383347,4.34758,4.072706,4.8391995,0,0.0,0,1.0,-1.33,41.9,58.1
2023-02-03 18:45:00,638.668896672222,180.445004094446,180.463058955556,17.80000001,-16.46333333333333,31.9,2,5.1764362714980825,70.66250196097344,18,4,2,-1.0,-1.8369701987210294e-16,-0.433883739117558,-0.9009688679024191,0.8660254037844386,0.5000000000000001,15.0,34.5,123.95833333333331,23.8,60.2,100.0,44.5,-27.35,0.56143135,0.1,-18.05,18.107407443333333,30.516666666666666,29.85,31.316666666666663,29.6,32.65,-34.26333334333333,0.5722222400000021,-0.3206666666666642,-16.142666666666667,-16.971999999999998,17.24074073666667,-16.23511111111111,4.8391995,4.4738345,4.2383347,4.34758,5.044413,0,0.0,0,1.0,-1.19,34.6,65.4
2023-02-03 19:00:00,920.704003666668,0.0,0.0,18.107407443333333,-16.971999999999998,32.65,0,5.1764362714980825,70.66250196097344,19,4,2,-0.9659258262890684,0.2588190451025203,-0.433883739117558,-0.9009688679024191,0.8660254037844386,0.5000000000000001,2.0,21.5,101.04166666666669,24.2,60.1,100.0,44.0,-27.6,0.54843664,0.1,-18.2,18.011111120000002,31.9,30.516666666666666,29.85,31.316666666666663,33.4,-35.07940744333333,0.3074074333333314,-0.5086666666666666,-16.46333333333333,-17.373333333333335,17.71172840777778,-16.525999999999996,5.044413,4.8391995,4.4738345,4.2383347,5.1308255,1,1.0,1,0.75,-1.11,31.1,68.9
2023-02-03 19:15:00,704.566260772218,0.0,0.0,18.011111120000002,-17.373333333333335,33.4,0,5.1764362714980825,70.66250196097344,19,4,2,-0.9659258262890684,0.2588190451025203,-0.433883739117558,-0.9009688679024191,0.8660254037844386,0.5000000000000001,1.5,11.625,80.85416666666667,24.075,58.4,98.75,47.0,-27.025,0.581111,0.1,-18.3,17.927777756666668,32.65,31.9,30.516666666666666,29.85,33.6,-35.38444445333334,-0.0962963233333304,-0.4013333333333371,-16.971999999999998,-17.813333333333333,17.97283952444445,-16.936222222222217,5.1308255,5.044413,4.8391995,4.4738345,5.1360207,0,2.0,0,0.5,-1.13,31.9,68.1
2023-02-03 19:30:00,686.882801472218,53.143985288888,53.15509596111,17.927777756666668,-17.813333333333333,33.6,1,5.1764362714980825,70.66250196097344,19,4,2,-0.9659258262890684,0.2588190451025203,-0.433883739117558,-0.9009688679024191,0.8660254037844386,0.5000000000000001,1.0,4.875,63.395833333333336,23.95,56.7,97.5,50.0,-26.450000000000003,0.61321896,0.1,-18.4,17.85555554,33.4,32.65,31.9,30.516666666666666,31.9,-35.741111090000004,-0.0833333633333346,-0.4399999999999977,-17.373333333333335,-18.164,18.01543210666667,-17.38622222222222,5.1360207,5.1308255,5.044413,4.8391995,4.85524,0,2.0,1,0.5,-1.15,32.8,67.2
2023-02-03 19:45:00,258.07800983333203,151.69337647222198,151.710598033332,17.85555554,-18.164,31.9,2,5.1764362714980825,70.66250196097344,19,4,2,-0.9659258262890684,0.2588190451025203,-0.433883739117558,-0.9009688679024191,0.8660254037844386,0.5000000000000001,0.5,1.25,48.66666666666666,23.825,55.0,96.25,53.0,-25.875,0.6447665,0.1,-18.5,17.94629631666667,33.6,33.4,32.65,31.9,30.48333333333333,-36.01955554,-0.0722222166666668,-0.3506666666666653,-17.813333333333333,-18.58933333333333,17.931481472222227,-17.783555555555555,4.85524,5.1360207,5.1308255,5.044413,4.664751,0,2.0,1,0.5,-1.17,34.0,66.0
2023-02-03 20:00:00,755.550332411108,217.223810716666,217.291308066664,17.94629631666667,-18.58933333333333,30.48333333333333,2,5.1764362714980825,70.66250196097344,20,4,2,-0.8660254037844386,0.5000000000000001,-0.433883739117558,-0.9009688679024191,0.8660254037844386,0.5000000000000001,0.0,0.75,36.66666666666666,23.7,53.3,95.0,56.0,-25.3,0.67576,0.1,-18.6,18.09444445,31.9,33.6,33.4,32.65,29.05,-36.53562965,0.0907407766666672,-0.4253333333333344,-18.164,-18.822,17.90987653777778,-18.188888888888886,4.664751,4.85524,5.1360207,5.1308255,4.484756,0,1.0,0,0.75,-1.16,33.3,66.7
2023-02-03 20:15:00,404.659368494446,276.785594783334,276.869202555556,18.09444445,-18.822,29.05,2,5.1764362714980825,70.66250196097344,20,4,2,-0.8660254037844386,0.5000000000000001,-0.433883739117558,-0.9009688679024191,0.8660254037844386,0.5000000000000001,0.0,0.375,26.541666666666668,22.875,52.475,91.25,55.75,-25.7,0.6512211,0.1,-19.0,18.131481486666665,30.48333333333333,31.9,33.6,33.4,27.883333333333333,-36.91644445,0.1481481333333327,-0.2326666666666668,-18.58933333333333,-18.966666666666665,17.965432102222223,-18.52511111111111,4.484756,4.664751,4.85524,5.1360207,4.3141327,0,0.0,0,1.0,-1.13,32.0,68.0
2023-02-03 20:30:00,414.454254483334,276.042568988888,276.123954649998,18.131481486666665,-18.966666666666665,27.883333333333333,2,5.1764362714980825,70.66250196097344,20,4,2,-0.8660254037844386,0.5000000000000001,-0.433883739117558,-0.9009688679024191,0.8660254037844386,0.5000000000000001,0.0,0.125,18.291666666666668,22.05,51.65,87.5,55.5,-26.1,0.6274859,0.1,-19.4,18.1666667,29.05,30.48333333333333,31.9,33.6,27.1,-37.09814815333333,0.0370370366666641,-0.1446666666666658,-18.822,-19.258666666666667,18.057407417777775,-18.792666666666666,4.3141327,4.484756,4.664751,4.85524,4.2017097,0,0.0,0,1.0,-1.13,31.9,68.1
2023-02-03 20:45:00,434.01291662222,308.3784977,308.465160933332,18.1666667,-19.258666666666667,27.1,2,5.1764362714980825,70.66250196097344,20,4,2,-0.8660254037844386,0.5000000000000001,-0.433883739117558,-0.9009688679024191,0.8660254037844386,0.5000000000000001,0.0,0.0,11.916666666666666,21.225,50.825,83.75,55.25,-26.5,0.60453105,0.1,-19.8,18.1666667,27.883333333333333,29.05,30.48333333333333,31.9,26.35,-37.42533336666666,0.0351852133333352,-0.2920000000000016,-18.966666666666665,-19.552000000000003,18.130864212222225,-19.01577777777777,4.2017097,4.3141327,4.484756,4.664751,4.0854263,0,0.0,0,1.0,-1.13,31.7,68.3
2023-02-03 21:00:00,457.770577377776,335.613241583334,335.70601565555603,18.1666667,-19.552000000000003,26.35,2,5.1764362714980825,70.66250196097344,21,4,2,-0.7071067811865477,0.7071067811865474,-0.433883739117558,-0.9009688679024191,0.8660254037844386,0.5000000000000001,0.0,0.0,7.416666666666667,20.4,50.0,80.0,55.0,-26.9,0.5823338,0.1,-20.2,18.15555559,27.1,27.883333333333333,29.05,30.48333333333333,25.95,-37.7186667,0.0,-0.2933333333333365,-19.258666666666667,-19.82933333333333,18.15493829555556,-19.25911111111111,4.0854263,4.2017097,4.3141327,4.484756,4.0207534,0,0.0,0,1.0,-1.13,31.9,68.1
2023-02-03 21:15:00,455.999537105554,329.517374344444,329.608204044444,18.15555559,-19.82933333333333,25.95,2,5.1764362714980825,70.66250196097344,21,4,2,-0.7071067811865477,0.7071067811865474,-0.433883739117558,-0.9009688679024191,0.8660254037844386,0.5000000000000001,0.0,0.0,4.0,20.175,48.925,75.25,55.5,-27.2,0.5662103,0.1,-20.65,18.04259262,26.35,27.1,27.883333333333333,29.05,25.53333333333333,-37.98488892333334,-0.011111109999998,-0.2773333333333312,-19.552000000000003,-19.926,18.162962996666668,-19.546666666666667,4.0207534,4.0854263,4.2017097,4.3141327,3.9297185,0,0.0,0,1.0,-1.13,32.1,67.9
2023-02-03 21:30:00,453.927120088884,326.715819727778,326.81248259444203,18.04259262,-19.926,25.53333333333333,2,5.1764362714980825,70.66250196097344,21,4,2,-0.7071067811865477,0.7071067811865474,-0.433883739117558,-0.9009688679024191,0.8660254037844386,0.5000000000000001,0.0,0.0,1.6666666666666667,19.95,47.85,70.5,56.0,-27.5,0.5504036,0.1,-21.1,17.99444444,25.95,26.35,27.1,27.883333333333333,25.5,-37.96859262,-0.1129629700000016,-0.096666666666664,-19.82933333333333,-20.247333333333334,18.121604970000003,-19.769111111111112,3.9297185,4.0207534,4.0854263,4.2017097,3.9133656,0,0.0,0,1.0,-1.16,33.4,66.6
2023-02-03 21:45:00,460.071040955552,325.139216144444,325.231712511108,17.99444444,-20.247333333333334,25.5,2,5.1764362714980825,70.66250196097344,21,4,2,-0.7071067811865477,0.7071067811865474,-0.433883739117558,-0.9009688679024191,0.8660254037844386,0.5000000000000001,0.0,0.0,0.4166666666666667,19.725,46.775000000000006,65.75,56.5,-27.8,0.5349126,0.1,-21.55,17.927777756666668,25.53333333333333,25.95,26.35,27.1,25.5,-38.24177777333333,-0.0481481800000018,-0.3213333333333352,-19.926,-20.447333333333333,18.06419755,-20.000888888888888,3.9133656,3.9297185,4.0207534,4.0854263,3.897873,0,0.0,0,1.0,-1.17,34.0,66.0
2023-02-03 22:00:00,459.828828461106,323.154017788888,323.248180738886,17.927777756666668,-20.447333333333333,25.5,2,5.1764362714980825,70.66250196097344,22,4,2,-0.5000000000000004,0.8660254037844384,-0.433883739117558,-0.9009688679024191,0.8660254037844386,0.5000000000000001,0.0,0.0,0.25,19.5,45.7,61.0,57.0,-28.1,0.5197356,0.1,-22.0,17.84444443,25.5,25.53333333333333,25.95,26.35,24.75,-38.37511109,-0.0666666833333309,-0.1999999999999993,-20.247333333333334,-20.748,17.988271605555557,-20.206888888888887,3.897873,3.9133656,3.9297185,4.0207534,3.7645047,0,0.0,0,1.0,-1.19,34.7,65.3
2023-02-03 22:15:00,435.890896966668,321.494639666668,321.58241393889,17.84444443,-20.748,24.75,2,5.1764362714980825,70.66250196097344,22,4,2,-0.5000000000000004,0.8660254037844384,-0.433883739117558,-0.9009688679024191,0.8660254037844386,0.5000000000000001,0.0,0.0,0.125,18.6,44.625,61.5,58.0,-28.225,0.5157191,0.075,-22.3,17.740740763333335,25.5,25.5,25.53333333333333,25.95,24.216666666666665,-38.59244443,-0.0833333266666684,-0.3006666666666682,-20.447333333333333,-20.78333333333333,17.92222220888889,-20.480888888888888,3.7645047,3.897873,3.9133656,3.9297185,3.6606941,0,0.0,0,1.0,-1.21,35.8,64.2
2023-02-03 22:30:00,208.853867877772,108.582045444444,108.649265038886,17.740740763333335,-20.78333333333333,24.216666666666665,2,5.1764362714980825,70.66250196097344,22,4,2,-0.5000000000000004,0.8660254037844384,-0.433883739117558,-0.9009688679024191,0.8660254037844386,0.5000000000000001,0.0,0.0,0.0416666666666666,17.7,43.55,62.0,59.0,-28.35,0.5115454,0.05,-22.6,17.45555557,24.75,25.5,25.5,25.53333333333333,24.4,-38.524074096666666,-0.1037036666666644,-0.0353333333333338,-20.748,-20.862,17.83765431666667,-20.65955555555556,3.6606941,3.7645047,3.897873,3.9133656,3.6261678,0,0.0,0,1.0,-1.24,37.2,62.8
2023-02-03 22:45:00,192.803676444444,101.790094883334,101.8567589,17.45555557,-20.862,24.4,2,5.1764362714980825,70.66250196097344,22,4,2,-0.5000000000000004,0.8660254037844384,-0.433883739117558,-0.9009688679024191,0.8660254037844386,0.5000000000000001,0.0,0.0,0.0,16.8,42.475,62.5,60.0,-28.475,0.5072244,0.0249999999999999,-22.9,17.212962963333332,24.216666666666665,24.75,25.5,25.5,23.566666666666663,-38.31755557,-0.2851851933333336,-0.0786666666666668,-20.78333333333333,-21.139333333333337,17.680246921111113,-20.797777777777775,3.6261678,3.6606941,3.7645047,3.897873,3.4518828,0,0.0,0,1.0,-1.31,40.6,59.4
2023-02-03 23:00:00,245.568787922224,192.256198311112,192.290919172222,17.212962963333332,-21.139333333333337,23.566666666666663,2,5.1764362714980825,70.66250196097344,23,4,2,-0.2588190451025215,0.965925826289068,-0.433883739117558,-0.9009688679024191,0.8660254037844386,0.5000000000000001,0.0,0.0,0.0,15.9,41.4,63.0,61.0,-28.6,0.50276446,0.0,-23.2,17.216666659999998,24.4,24.216666666666665,24.75,25.5,23.15,-38.352296296666665,-0.242592606666669,-0.2773333333333347,-20.862,-21.320666666666668,17.46975309888889,-20.92822222222222,3.4518828,3.6261678,3.6606941,3.7645047,3.391604,0,0.0,0,1.0,-1.37,43.8,56.2
2023-02-03 23:15:00,639.922457727774,281.85511426111,281.887057433332,17.216666659999998,-21.320666666666668,23.15,2,5.1764362714980825,70.66250196097344,23,4,2,-0.2588190451025215,0.965925826289068,-0.433883739117558,-0.9009688679024191,0.8660254037844386,0.5000000000000001,0.0,0.0,0.0,15.15,39.5,62.0,61.5,-28.700000000000003,0.49942547,0.0,-23.375,17.387037016666667,23.566666666666663,24.4,24.216666666666665,24.75,22.816666666666663,-38.53733332666667,0.0037036966666654,-0.1813333333333311,-21.139333333333337,-21.30333333333333,17.295061731111115,-21.107333333333333,3.391604,3.4518828,3.6261678,3.6606941,3.3770082,0,0.0,0,1.0,-1.37,43.8,56.2
2023-02-03 23:30:00,369.24995157778,328.072987688888,328.10909737777604,17.387037016666667,-21.30333333333333,22.816666666666663,2,5.1764362714980825,70.66250196097344,23,4,2,-0.2588190451025215,0.965925826289068,-0.433883739117558,-0.9009688679024191,0.8660254037844386,0.5000000000000001,0.0,0.0,0.0,14.4,37.6,61.0,62.0,-28.8,0.49606395,0.0,-23.55,17.538888919999998,23.15,23.566666666666663,24.4,24.216666666666665,22.15,-38.69037035,0.1703703566666696,0.0173333333333332,-21.320666666666668,-21.324,17.272222213333336,-21.254444444444445,3.3770082,3.391604,3.4518828,3.6261678,3.3082116,0,0.0,0,1.0,-1.33,41.8,58.2
2023-02-03 23:45:00,372.051506144448,323.645942527778,323.682052183334,17.538888919999998,-21.324,22.15,2,5.1764362714980825,70.66250196097344,23,4,2,-0.2588190451025215,0.965925826289068,-0.433883739117558,-0.9009688679024191,0.8660254037844386,0.5000000000000001,0.0,0.0,0.0,13.65,35.7,60.0,62.5,-28.9,0.49268088,0.0,-23.725,17.5555556,22.816666666666663,23.15,23.566666666666663,24.4,21.816666666666663,-38.86288892,0.1518519033333305,-0.020666666666667,-21.30333333333333,-21.350666666666665,17.380864198888887,-21.316,3.3082116,3.3770082,3.391604,3.4518828,3.2616706,0,0.0,0,1.0,-1.3,40.1,59.9
2023-02-04 00:00:00,350.259877861114,322.286830244444,322.323495444444,17.5555556,-21.350666666666665,21.816666666666663,2,5.1764362714980825,70.66250196097344,0,5,2,0.0,1.0,-0.9749279121818236,-0.2225209339563146,0.8660254037844386,0.5000000000000001,0.0,0.0,0.0,12.9,33.8,59.0,63.0,-29.0,0.4892778,0.0,-23.9,17.5555556,22.15,22.816666666666663,23.15,23.566666666666663,21.45,-38.90622226666667,0.0166666800000037,-0.0266666666666637,-21.324,-21.3,17.49382717888889,-21.326,3.2616706,3.3082116,3.3770082,3.391604,3.2068527,0,0.0,0,1.0,-1.29,40.0,60.0
2023-02-04 00:15:00,344.200120327778,320.7996675,320.836054911112,17.5555556,-21.3,21.45,2,5.1764362714980825,70.66250196097344,0,5,2,0.0,1.0,-0.9749279121818236,-0.2225209339563146,0.8660254037844386,0.5000000000000001,0.0,0.0,0.0,12.1,32.275,57.0,63.5,-29.05,0.48793295,0.0,-24.025,17.53518521333333,21.816666666666663,22.15,22.816666666666663,23.15,21.03333333333333,-38.8555556,0.0,0.0506666666666646,-21.350666666666665,-21.358,17.55000004,-21.32488888888889,3.2068527,3.2616706,3.3082116,3.3770082,3.1407373,0,0.0,0,1.0,-1.3,40.1,59.9
2023-02-04 00:30:00,346.079211811112,319.801651888888,319.84081702222,17.53518521333333,-21.358,21.03333333333333,2,5.1764362714980825,70.66250196097344,0,5,2,0.0,1.0,-0.9749279121818236,-0.2225209339563146,0.8660254037844386,0.5000000000000001,0.0,0.0,0.0,11.3,30.75,55.0,64.0,-29.1,0.4865557,0.0,-24.15,17.5,21.45,21.816666666666663,22.15,22.816666666666663,20.65,-38.89318521333333,-0.02037038666667,-0.0579999999999998,-21.3,-21.404666666666667,17.548765471111114,-21.336222222222226,3.1407373,3.2068527,3.2616706,3.3082116,3.0770254,0,0.0,0,1.0,-1.3,40.4,59.6
2023-02-04 00:45:00,358.145951455552,319.6438804,319.681934444444,17.5,-21.404666666666667,20.65,2,5.1764362714980825,70.66250196097344,0,5,2,0.0,1.0,-0.9749279121818236,-0.2225209339563146,0.8660254037844386,0.5000000000000001,0.0,0.0,0.0,10.5,29.225,53.0,64.5,-29.15,0.48514658,0.0,-24.275,17.479629613333334,21.03333333333333,21.45,21.816666666666663,22.15,20.316666666666663,-38.90466666666667,-0.0351852133333316,-0.0466666666666668,-21.358,-21.300666666666665,17.53024693777778,-21.354222222222223,3.0770254,3.1407373,3.2068527,3.2616706,3.0236754,0,0.0,0,1.0,-1.31,41.0,59.0
2023-02-04 01:00:00,356.221861755552,319.257229216666,319.296116577776,17.479629613333334,-21.300666666666665,20.316666666666663,2,5.1764362714980825,70.66250196097344,1,5,2,0.2588190451025207,0.9659258262890684,-0.9749279121818236,-0.2225209339563146,0.8660254037844386,0.5000000000000001,0.0,0.0,0.0,9.7,27.7,51.0,65.0,-29.2,0.48370644,0.0,-24.4,17.4444444,20.65,21.03333333333333,21.45,21.816666666666663,19.95,-38.78029628,-0.0203703866666664,0.1040000000000027,-21.404666666666667,-21.374,17.504938275555556,-21.354444444444443,3.0236754,3.0770254,3.1407373,3.2068527,2.9628704,0,0.0,0,1.0,-1.32,41.3,58.7
2023-02-04 01:15:00,351.024291833332,318.725583783334,318.764748916666,17.4444444,-21.374,19.95,2,5.1764362714980825,70.66250196097344,1,5,2,0.2588190451025207,0.9659258262890684,-0.9749279121818236,-0.2225209339563146,0.8660254037844386,0.5000000000000001,0.0,0.0,0.0,8.924999999999999,26.0,50.25,65.75,-29.25,0.48097372,0.0,-24.6,17.4444444,20.316666666666663,20.65,21.03333333333333,21.45,19.53333333333333,-38.8184444,-0.0351852133333352,-0.0733333333333376,-21.300666666666665,-21.376,17.474691337777777,-21.359777777777776,2.9628704,3.0236754,3.0770254,3.1407373,2.900989,0,0.0,0,1.0,-1.33,41.8,58.2
2023-02-04 01:30:00,350.167381644444,317.644238172222,317.682292233332,17.4444444,-21.376,19.53333333333333,2,5.1764362714980825,70.66250196097344,1,5,2,0.2588190451025207,0.9659258262890684,-0.9749279121818236,-0.2225209339563146,0.8660254037844386,0.5000000000000001,0.0,0.0,0.0,8.149999999999999,24.3,49.5,66.5,-29.3,0.4781788,0.0,-24.8,17.40555555,19.95,20.316666666666663,20.65,21.03333333333333,19.15,-38.8204444,0.0,-0.0019999999999953,-21.374,-21.524,17.456172804444446,-21.350222222222214,2.900989,2.9628704,3.0236754,3.0770254,2.8374574,0,0.0,0,1.0,-1.33,41.9,58.1
2023-02-04 01:45:00,337.945370594442,317.0473176,317.08620496111,17.40555555,-21.524,19.15,2,5.1764362714980825,70.66250196097344,1,5,2,0.2588190451025207,0.9659258262890684,-0.9749279121818236,-0.2225209339563146,0.8660254037844386,0.5000000000000001,0.0,0.0,0.0,7.375,22.6,48.75,67.25,-29.35,0.4753243,0.0,-25.0,17.368518513333335,19.53333333333333,19.95,20.316666666666663,20.65,19.0,-38.92955555,-0.0388888499999993,-0.1480000000000032,-21.376,-21.66333333333333,17.43148145,-21.424666666666667,2.8374574,2.900989,2.9628704,3.0236754,2.809006,0,0.0,0,1.0,-1.34,42.5,57.5
2023-02-04 02:00:00,336.571258877776,316.062912511112,316.101244327778,17.368518513333335,-21.66333333333333,19.0,2,5.1764362714980825,70.66250196097344,2,5,2,0.4999999999999999,0.8660254037844387,-0.9749279121818236,-0.2225209339563146,0.8660254037844386,0.5000000000000001,0.0,0.0,0.0,6.6,20.9,48.0,68.0,-29.4,0.4724129,0.0,-25.2,17.28888889,19.15,19.53333333333333,19.95,20.316666666666663,18.95,-39.03185184666667,-0.0370370366666641,-0.1393333333333331,-21.524,-21.683333333333334,17.40617282111111,-21.52111111111111,2.809006,2.8374574,2.900989,2.9628704,2.7883048,0,0.0,0,1.0,-1.35,43.0,57.0
2023-02-04 02:15:00,354.47609813889,314.974622727778,315.012676772222,17.28888889,-21.683333333333334,18.95,2,5.1764362714980825,70.66250196097344,2,5,2,0.4999999999999999,0.8660254037844387,-0.9749279121818236,-0.2225209339563146,0.8660254037844386,0.5000000000000001,0.0,0.0,0.0,6.85,19.375,61.0,68.25,-29.8,0.45507428,0.0,-25.675,17.225925906666667,19.0,19.15,19.53333333333333,19.95,18.53333333333333,-38.97222222333333,-0.0796296233333357,-0.0199999999999995,-21.66333333333333,-21.700666666666667,17.354320984444445,-21.623555555555555,2.7883048,2.809006,2.8374574,2.900989,2.7167413,0,0.0,0,1.0,-1.37,44.0,56.0
2023-02-04 02:30:00,345.020920877776,303.3112004,303.347587844444,17.225925906666667,-21.700666666666667,18.53333333333333,2,5.1764362714980825,70.66250196097344,2,5,2,0.4999999999999999,0.8660254037844387,-0.9749279121818236,-0.2225209339563146,0.8660254037844386,0.5000000000000001,0.0,0.0,0.0,7.1,17.85,74.0,68.5,-30.2,0.43828544,0.0,-26.15,17.188888870000003,18.95,19.0,19.15,19.53333333333333,18.5,-38.92659257333334,-0.0629629833333318,-0.0173333333333332,-21.683333333333334,-21.814,17.294444436666666,-21.68244444444445,2.7167413,2.7883048,2.809006,2.8374574,2.7058494,0,0.0,0,1.0,-1.39,44.9,55.1
2023-02-04 02:45:00,109.836995244444,81.366189672222,81.380633577776,17.188888870000003,-21.814,18.5,2,5.1764362714980825,70.66250196097344,2,5,2,0.4999999999999999,0.8660254037844387,-0.9749279121818236,-0.2225209339563146,0.8660254037844386,0.5000000000000001,0.0,0.0,0.0,7.35,16.325,87.0,68.75,-30.6,0.42203197,0.0,-26.625,16.829629646666667,18.53333333333333,18.95,19.0,19.15,18.316666666666663,-39.00288887000001,-0.0370370366666641,-0.1133333333333332,-21.700666666666667,-21.85933333333333,17.234567888888893,-21.732666666666663,2.7058494,2.7167413,2.7883048,2.809006,2.621949,0,0.0,0,1.0,-1.4,45.4,54.6
2023-02-04 03:00:00,122.33232884444,99.684901311112,99.7010118,16.829629646666667,-21.85933333333333,18.316666666666663,2,5.1764362714980825,70.66250196097344,3,5,2,0.7071067811865476,0.7071067811865476,-0.9749279121818236,-0.2225209339563146,0.8660254037844386,0.5000000000000001,0.0,0.0,0.0,7.6,14.8,100.0,69.0,-31.0,0.40630016,0.0,-27.1,16.62777778,18.5,18.53333333333333,18.95,19.0,18.0,-38.68896298,-0.3592592233333356,-0.0453333333333318,-21.814,-21.697333333333336,17.08148147444445,-21.79133333333333,2.621949,2.7058494,2.7167413,2.7883048,2.545557,0,0.0,0,1.0,-1.48,49.9,50.1
2023-02-04 03:15:00,229.273050861114,198.492059983334,198.517892316666,16.62777778,-21.697333333333336,18.0,2,5.1764362714980825,70.66250196097344,3,5,2,0.7071067811865476,0.7071067811865476,-0.9749279121818236,-0.2225209339563146,0.8660254037844386,0.5000000000000001,0.0,0.0,0.0,6.35,14.15,100.0,67.75,-30.45,0.42879364,0.0,-26.275,16.651851836666665,18.316666666666663,18.5,18.53333333333333,18.95,18.0,-38.325111113333335,-0.2018518666666686,0.1619999999999954,-21.85933333333333,-21.796,16.882098765555558,-21.790222222222223,2.545557,2.621949,2.7058494,2.7167413,2.5492442,0,0.0,0,1.0,-1.53,52.6,47.4
2023-02-04 03:30:00,316.590947072218,294.486275644444,294.52266312222,16.651851836666665,-21.796,18.0,2,5.1764362714980825,70.66250196097344,3,5,2,0.7071067811865476,0.7071067811865476,-0.9749279121818236,-0.2225209339563146,0.8660254037844386,0.5000000000000001,0.0,0.0,0.0,5.1,13.5,100.0,66.5,-29.9,0.45212504,0.0,-25.45,16.81666664,18.0,18.316666666666663,18.5,18.53333333333333,18.0,-38.447851836666665,0.0240740566666666,-0.0986666666666629,-21.697333333333336,-21.816666666666663,16.703086421111113,-21.784222222222223,2.5492442,2.545557,2.621949,2.7058494,2.574614,0,0.0,0,1.0,-1.53,52.3,47.7
2023-02-04 03:45:00,355.10968386111404,322.785143627778,322.824586533332,16.81666664,-21.816666666666663,18.0,2,5.1764362714980825,70.66250196097344,3,5,2,0.7071067811865476,0.7071067811865476,-0.9749279121818236,-0.2225209339563146,0.8660254037844386,0.5000000000000001,0.0,0.0,0.0,3.85,12.85,100.0,65.25,-29.35,0.47629362,0.0,-24.625,16.988888886666665,18.0,18.0,18.316666666666663,18.5,18.0,-38.63333330666667,0.1648148033333356,-0.020666666666667,-21.796,-21.73333333333333,16.698765418888886,-21.77,2.574614,2.5492442,2.545557,2.621949,2.6013591,0,0.0,0,1.0,-1.49,50.2,49.8
2023-02-04 04:00:00,365.493990705558,319.600826572222,319.639991705554,16.988888886666665,-21.73333333333333,18.0,2,5.1764362714980825,70.66250196097344,4,5,2,0.8660254037844386,0.5000000000000001,-0.9749279121818236,-0.2225209339563146,0.8660254037844386,0.5000000000000001,0.0,0.0,0.0,2.6,12.2,100.0,64.0,-28.8,0.5012955,0.0,-23.8,17.0,18.0,18.0,18.0,18.316666666666663,17.65,-38.72222222,0.1722222466666636,0.0833333333333321,-21.816666666666663,-21.561333333333334,16.81913578777778,-21.782,2.6013591,2.574614,2.5492442,2.545557,2.5524766,0,0.0,0,1.0,-1.45,48.0,52.0
2023-02-04 04:15:00,350.348763222224,319.4688874,319.50777476111,17.0,-21.561333333333334,17.65,2,5.1764362714980825,70.66250196097344,4,5,2,0.8660254037844386,0.5000000000000001,-0.9749279121818236,-0.2225209339563146,0.8660254037844386,0.5000000000000001,0.0,0.0,0.0,3.125,10.95,100.0,64.75,-28.95,0.49436355,0.0,-24.1,17.0,18.0,18.0,18.0,18.0,17.5,-38.56133333333334,0.0111111133333352,0.1720000000000006,-21.73333333333333,-21.386666666666667,16.935185175555556,-21.703777777777777,2.5524766,2.6013591,2.574614,2.5492442,2.5307844,0,0.0,0,1.0,-1.45,47.9,52.1
2023-02-04 04:30:00,339.88334862222,318.847245616666,318.88668852222,17.0,-21.386666666666667,17.5,2,5.1764362714980825,70.66250196097344,4,5,2,0.8660254037844386,0.5000000000000001,-0.9749279121818236,-0.2225209339563146,0.8660254037844386,0.5000000000000001,0.0,0.0,0.0,3.65,9.7,100.0,65.5,-29.1,0.4874272,0.0,-24.4,16.99444444,17.65,18.0,18.0,18.0,17.45,-38.38666666666667,0.0,0.1746666666666669,-21.561333333333334,-21.416,16.996296295555556,-21.560444444444443,2.5307844,2.5524766,2.6013591,2.574614,2.522713,0,0.0,0,1.0,-1.45,48.0,52.0
2023-02-04 04:45:00,660.83523228333,315.394050383334,315.432937744444,16.99444444,-21.416,17.45,2,5.1764362714980825,70.66250196097344,4,5,2,0.8660254037844386,0.5000000000000001,-0.9749279121818236,-0.2225209339563146,0.8660254037844386,0.5000000000000001,0.0,0.0,0.0,4.175,8.45,100.0,66.25,-29.25,0.48049054,0.0,-24.7,16.948148106666665,17.5,17.65,18.0,18.0,17.033333333333335,-38.41044444,-0.0055555600000012,-0.0293333333333336,-21.386666666666667,-21.296666666666667,16.99814814666667,-21.454666666666668,2.522713,2.5307844,2.5524766,2.6013591,2.4556487,0,0.0,0,1.0,-1.45,48.1,51.9
2023-02-04 05:00:00,343.763748999996,315.068230083334,315.106006355556,16.948148106666665,-21.296666666666667,17.033333333333335,2,5.1764362714980825,70.66250196097344,5,5,2,0.9659258262890684,0.2588190451025207,-0.9749279121818236,-0.2225209339563146,0.8660254037844386,0.5000000000000001,0.0,0.0,0.0,4.7,7.2,100.0,67.0,-29.4,0.4735573,0.0,-25.0,16.938888849999998,17.45,17.5,17.65,18.0,17.0,-38.24481477333333,-0.0462963333333341,0.1193333333333335,-21.416,-21.134,16.980864182222223,-21.366444444444443,2.4556487,2.522713,2.5307844,2.5524766,2.4494822,0,0.0,0,1.0,-1.46,48.8,51.2
2023-02-04 05:15:00,343.203493611108,314.867127027778,314.905181072222,16.938888849999998,-21.134,17.0,2,5.1764362714980825,70.66250196097344,5,5,2,0.9659258262890684,0.2588190451025207,-0.9749279121818236,-0.2225209339563146,0.8660254037844386,0.5000000000000001,0.0,0.0,0.0,5.425,8.55,100.0,68.75,-29.625,0.4654058,0.0,-25.5,16.8925926,17.033333333333335,17.45,17.5,17.65,17.0,-38.07288885,-0.0092592566666667,0.1626666666666665,-21.296666666666667,-22.262666666666668,16.960493798888887,-21.28222222222222,2.4494822,2.4556487,2.522713,2.5307844,2.4426882,0,0.0,0,1.0,-1.46,48.9,51.1
2023-02-04 05:30:00,352.281463777776,314.906847672222,314.945179488888,16.8925926,-22.262666666666668,17.0,2,5.1764362714980825,70.66250196097344,5,5,2,0.9659258262890684,0.2588190451025207,-0.9749279121818236,-0.2225209339563146,0.8660254037844386,0.5000000000000001,0.0,0.0,0.0,6.15,9.9,100.0,70.5,-29.85,0.45700502,0.0,-26.0,16.88333334,17.0,17.033333333333335,17.45,17.5,17.0,-39.15525926666667,-0.0462962499999974,-1.1286666666666676,-21.134,-23.15666666666667,16.926543185555555,-21.564444444444444,2.4426882,2.4494822,2.4556487,2.522713,2.4413314,0,0.0,0,1.0,-1.47,49.5,50.5
2023-02-04 05:45:00,356.075478644444,313.316911255556,313.354687527778,16.88333334,-23.15666666666667,17.0,2,5.1764362714980825,70.66250196097344,5,5,2,0.9659258262890684,0.2588190451025207,-0.9749279121818236,-0.2225209339563146,0.8660254037844386,0.5000000000000001,0.0,0.0,0.0,6.875,11.25,100.0,72.25,-30.075,0.44838756,0.0,-26.5,16.837037006666666,17.0,17.0,17.033333333333335,17.45,17.0,-40.04000000666667,-0.0092592600000003,-0.8940000000000019,-22.262666666666668,-23.398666666666667,16.90493826333333,-22.18444444444445,2.4413314,2.4426882,2.4494822,2.4556487,2.434556,0,0.0,0,1.0,-1.48,49.6,50.4
2023-02-04 06:00:00,332.978902544444,311.35615640555403,311.39587708333,16.837037006666666,-23.398666666666667,17.0,2,5.1764362714980825,70.66250196097344,6,5,2,1.0,6.123233995736766e-17,-0.9749279121818236,-0.2225209339563146,0.8660254037844386,0.5000000000000001,0.0,0.0,0.0,7.6,12.6,100.0,74.0,-30.3,0.43958366,0.0,-27.0,16.79444445,17.0,17.0,17.0,17.033333333333335,16.95,-40.23570367333333,-0.0462963333333341,-0.2419999999999973,-23.15666666666667,-23.430666666666664,16.87098764888889,-22.93933333333333,2.434556,2.4413314,2.4426882,2.4494822,2.4211962,0,0.0,0,1.0,-1.49,50.2,49.8
2023-02-04 06:15:00,332.151991155556,311.327824172222,311.36643376111,16.79444445,-23.430666666666664,16.95,2,5.1764362714980825,70.66250196097344,6,5,2,1.0,6.123233995736766e-17,-0.9749279121818236,-0.2225209339563146,0.8660254037844386,0.5000000000000001,0.0,0.0,0.0,7.225,12.6,99.5,73.0,-29.7,0.464038,0.0,-26.225,16.757407413333333,17.0,17.0,17.0,17.0,16.533333333333335,-40.22511111666667,-0.0425925566666656,-0.0319999999999964,-23.398666666666667,-23.556,16.83827159888889,-23.328666666666663,2.4211962,2.434556,2.4413314,2.4426882,2.356429,0,0.0,0,1.0,-1.5,50.7,49.3
2023-02-04 06:30:00,337.670937105554,311.219495188888,311.25727146111,16.757407413333333,-23.556,16.533333333333335,2,5.1764362714980825,70.66250196097344,6,5,2,1.0,6.123233995736766e-17,-0.9749279121818236,-0.2225209339563146,0.8660254037844386,0.5000000000000001,0.0,0.0,0.0,6.85,12.6,99.0,72.0,-29.1,0.48951882,0.0,-25.45,16.7222222,16.95,17.0,17.0,17.0,16.55,-40.31340741333334,-0.0370370366666676,-0.1253333333333373,-23.430666666666664,-23.582666666666668,16.79629629,-23.46177777777778,2.356429,2.4211962,2.434556,2.4413314,2.353823,0,0.0,0,1.0,-1.51,51.3,48.7
2023-02-04 06:45:00,286.314102544444,257.513032383334,257.545253311112,16.7222222,-23.582666666666668,16.55,2,5.1764362714980825,70.66250196097344,6,5,2,1.0,6.123233995736766e-17,-0.9749279121818236,-0.2225209339563146,0.8660254037844386,0.5000000000000001,0.0,0.0,0.0,6.475,12.6,98.5,71.0,-28.5,0.51604694,0.0,-24.675,16.640740726666667,16.533333333333335,16.95,17.0,17.0,16.966666666666665,-40.30488886666667,-0.0351852133333316,-0.0266666666666672,-23.556,-23.548,16.75802468777778,-23.52311111111111,2.353823,2.356429,2.4211962,2.434556,2.4012942,0,0.0,0,1.0,-1.52,51.7,48.3
2023-02-04 07:00:00,123.195349755556,86.467374483334,86.480707333332,16.640740726666667,-23.548,16.966666666666665,2,5.1764362714980825,70.66250196097344,7,5,2,0.9659258262890684,-0.2588190451025206,-0.9749279121818236,-0.2225209339563146,0.8660254037844386,0.5000000000000001,0.0,0.0,0.0,6.1,12.6,98.0,70.0,-27.9,0.543642,0.0,-23.9,16.29999999,16.55,16.533333333333335,16.95,17.0,16.65,-40.188740726666666,-0.0814814733333335,0.0346666666666664,-23.582666666666668,-23.038,16.706790113333337,-23.56222222222222,2.4012942,2.353823,2.356429,2.4211962,2.3086233,0,0.0,0,1.0,-1.53,52.7,47.3
2023-02-04 07:15:00,161.73353043333202,123.343677188888,123.36117652222,16.29999999,-23.038,16.65,2,5.1764362714980825,70.66250196097344,7,5,2,0.9659258262890684,-0.2588190451025206,-0.9749279121818236,-0.2225209339563146,0.8660254037844386,0.5000000000000001,0.0,0.0,0.0,6.574999999999999,12.425,92.75,70.5,-29.075,0.48978102,0.0,-25.2,16.19074075,16.966666666666665,16.55,16.533333333333335,16.95,16.683333333333334,-39.33799999,-0.3407407366666675,0.5100000000000016,-23.548,-22.330666666666666,16.554320972222225,-23.38955555555556,2.3086233,2.4012942,2.353823,2.356429,2.29805,0,0.0,0,1.0,-1.61,57.1,42.9
2023-02-04 07:30:00,406.559848055556,249.943890727778,249.97777832222,16.19074075,-22.330666666666666,16.683333333333334,2,5.1764362714980825,70.66250196097344,7,5,2,0.9659258262890684,-0.2588190451025206,-0.9749279121818236,-0.2225209339563146,0.8660254037844386,0.5000000000000001,0.0,0.0,0.0,7.05,12.25,87.5,71.0,-30.25,0.44063,0.0,-26.5,16.40555552,16.65,16.966666666666665,16.55,16.533333333333335,17.75,-38.52140741666666,-0.10925924,0.7073333333333345,-23.038,-21.82733333333333,16.37716048888889,-22.972222222222214,2.29805,2.3086233,2.4012942,2.353823,2.4768515,0,0.0,0,1.0,-1.64,58.5,41.5
2023-02-04 07:45:00,405.344619016662,329.77291963889,329.816529077776,16.40555552,-21.82733333333333,17.75,2,5.1764362714980825,70.66250196097344,7,5,2,0.9659258262890684,-0.2588190451025206,-0.9749279121818236,-0.2225209339563146,0.8660254037844386,0.5000000000000001,0.0,0.0,0.0,7.525,12.075,82.25,71.5,-31.425,0.39583892,0.0,-27.8,16.744444416666667,16.683333333333334,16.65,16.966666666666665,16.55,18.466666666666665,-38.232888853333336,0.2148147700000002,0.5033333333333339,-22.330666666666666,-21.21466666666667,16.29876542,-22.398666666666667,2.4768515,2.29805,2.3086233,2.4012942,2.6299307,0,0.0,0,1.0,-1.58,55.5,44.5
2023-02-04 08:00:00,377.432124294446,329.807084955556,329.84541678888803,16.744444416666667,-21.21466666666667,18.466666666666665,2,5.1764362714980825,70.66250196097344,8,5,2,0.8660254037844387,-0.4999999999999998,-0.9749279121818236,-0.2225209339563146,0.8660254037844386,0.5000000000000001,0.0,0.0,0.0,8.0,11.9,77.0,72.0,-32.6,0.35507852,0.0,-29.1,16.82777775,17.75,16.683333333333334,16.65,16.966666666666665,19.15,-37.95911108333334,0.338888896666667,0.6126666666666623,-21.82733333333333,-20.60533333333333,16.44691356222222,-21.79088888888889,2.6299307,2.4768515,2.29805,2.3086233,2.7409315,0,0.0,0,1.0,-1.5,51.0,49.0
2023-02-04 08:15:00,386.24399395556,327.769666455556,327.807998272222,16.82777775,-20.60533333333333,19.15,2,5.1764362714980825,70.66250196097344,8,5,2,0.8660254037844387,-0.4999999999999998,-0.9749279121818236,-0.2225209339563146,0.8660254037844386,0.5000000000000001,5.5,1.375,0.4583333333333333,7.9,12.8,81.0,72.5,-32.3,0.3639962,0.0,-28.9,16.761111113333335,18.466666666666665,17.75,16.683333333333334,16.65,18.85,-37.43311108333333,0.0833333333333321,0.6093333333333391,-21.21466666666667,-19.900666666666663,16.65925922888889,-21.21577777777777,2.7409315,2.6299307,2.4768515,2.29805,2.6872125,0,0.0,0,1.0,-1.48,49.7,50.3
2023-02-04 08:30:00,383.94908592222,327.9393819,327.978824805554,16.761111113333335,-19.900666666666663,18.85,2,5.1764362714980825,70.66250196097344,8,5,2,0.8660254037844387,-0.4999999999999998,-0.9749279121818236,-0.2225209339563146,0.8660254037844386,0.5000000000000001,11.0,4.125,1.375,7.8,13.7,85.0,73.0,-32.0,0.37310717,0.0,-28.700000000000003,16.64444443,19.15,18.466666666666665,17.75,16.683333333333334,18.5,-36.66177778,-0.0666666366666639,0.7046666666666646,-20.60533333333333,-19.162666666666667,16.777777760000003,-20.573555555555554,2.6872125,2.7409315,2.6299307,2.4768515,2.6188903,0,0.0,0,1.0,-1.5,50.7,49.3
2023-02-04 08:45:00,364.540973427774,328.926842383334,328.968229694442,16.64444443,-19.162666666666667,18.5,2,5.1764362714980825,70.66250196097344,8,5,2,0.8660254037844387,-0.4999999999999998,-0.9749279121818236,-0.2225209339563146,0.8660254037844386,0.5000000000000001,16.5,8.25,2.75,7.699999999999999,14.6,89.0,73.5,-31.7,0.3824154,0.0,-28.5,16.6111111,18.85,19.15,18.466666666666665,17.75,18.5,-35.80711109666667,-0.1166666833333351,0.7379999999999995,-19.900666666666663,-18.55133333333333,16.744444431111113,-19.88955555555555,2.6188903,2.6872125,2.7409315,2.6299307,2.6136456,0,0.0,0,1.0,-1.52,52.3,47.7
2023-02-04 09:00:00,365.548155305554,329.900136816666,329.941246338886,16.6111111,-18.55133333333333,18.5,2,5.1764362714980825,70.66250196097344,9,5,2,0.7071067811865476,-0.7071067811865475,-0.9749279121818236,-0.2225209339563146,0.8660254037844386,0.5000000000000001,22.0,13.75,4.583333333333333,7.6,15.5,93.0,74.0,-31.4,0.39192435,0.0,-28.3,16.57222225,18.5,18.85,19.15,18.466666666666665,18.5,-35.162444433333334,-0.0333333300000013,0.6113333333333344,-19.162666666666667,-18.154,16.672222214444446,-19.20488888888889,2.6136456,2.6188903,2.6872125,2.7409315,2.6075387,0,0.0,0,1.0,-1.53,52.7,47.3
2023-02-04 09:15:00,378.667630505554,331.0692567,331.109255149998,16.57222225,-18.154,18.5,2,5.1764362714980825,70.66250196097344,9,5,2,0.7071067811865476,-0.7071067811865475,-0.9749279121818236,-0.2225209339563146,0.8660254037844386,0.5000000000000001,55.75,26.3125,9.229166666666666,7.074999999999999,15.85,94.75,72.0,-30.6,0.42210746,0.0,-27.15,16.5555556,18.5,18.5,18.85,19.15,18.5,-34.72622225,-0.0388888499999993,0.3973333333333322,-18.55133333333333,-17.464666666666666,16.60925926,-18.622666666666664,2.6075387,2.6136456,2.6188903,2.6872125,2.6049256,0,0.0,0,1.0,-1.54,53.2,46.8
2023-02-04 09:30:00,405.224623749998,365.3695513,365.414549549998,16.5555556,-17.464666666666666,18.5,2,5.1764362714980825,70.66250196097344,9,5,2,0.7071067811865476,-0.7071067811865475,-0.9749279121818236,-0.2225209339563146,0.8660254037844386,0.5000000000000001,89.5,45.9375,16.6875,6.55,16.2,96.5,70.0,-29.8,0.45376387,0.0,-26.0,16.76111114,18.5,18.5,18.5,18.85,18.15,-34.020222266666664,-0.0166666499999976,0.6893333333333338,-18.154,-17.471333333333334,16.57962965,-18.056666666666665,2.6049256,2.6075387,2.6136456,2.6188903,2.5874221,0,0.0,0,1.0,-1.55,53.4,46.6
2023-02-04 09:45:00,436.651422061114,385.063485694446,385.11070603889,16.76111114,-17.471333333333334,18.15,2,5.1764362714980825,70.66250196097344,9,5,2,0.7071067811865476,-0.7071067811865475,-0.9749279121818236,-0.2225209339563146,0.8660254037844386,0.5000000000000001,123.25,72.625,26.95833333333333,6.025,16.549999999999997,98.25,68.0,-29.0,0.48686796,0.0,-24.85,17.32592594,18.5,18.5,18.5,18.5,17.816666666666666,-34.23244447333333,0.2055555399999988,-0.0066666666666677,-17.464666666666666,-16.548,16.629629663333336,-17.696666666666665,2.5874221,2.6049256,2.6075387,2.6136456,2.6273594,0,0.0,0,1.0,-1.5,50.8,49.2
2023-02-04 10:00:00,440.749313755556,385.260144527778,385.307087083334,17.32592594,-16.548,17.816666666666666,2,5.1764362714980825,70.66250196097344,10,5,2,0.4999999999999999,-0.8660254037844387,-0.9749279121818236,-0.2225209339563146,0.8660254037844386,0.5000000000000001,157.0,106.375,40.04166666666666,5.5,16.9,100.0,66.0,-28.2,0.5213785,0.0,-23.7,17.85555553,18.15,18.5,18.5,18.5,17.45,-33.87392594,0.5648148000000006,0.9233333333333356,-17.471333333333334,-16.170666666666666,16.88086422666667,-17.16133333333333,2.6273594,2.5874221,2.6049256,2.6075387,2.6559227,0,0.0,0,1.0,-1.37,43.8,56.2
2023-02-04 10:15:00,746.745406805554,391.465174116666,391.513505533332,17.85555553,-16.170666666666666,17.45,2,5.1764362714980825,70.66250196097344,10,5,2,0.4999999999999999,-0.8660254037844387,-0.9749279121818236,-0.2225209339563146,0.8660254037844386,0.5000000000000001,192.25,140.5,56.0625,5.025,15.724999999999998,100.0,63.25,-27.55,0.55535805,0.0,-22.45,18.359259266666665,17.816666666666666,18.15,18.5,18.5,17.033333333333335,-34.026222196666666,0.529629589999999,0.3773333333333326,-16.548,-15.494,17.31419753666667,-16.73,2.6559227,2.6273594,2.5874221,2.6049256,2.6712925,0,0.0,0,1.0,-1.25,37.5,62.5
2023-02-04 10:30:00,423.195571599996,387.435890827778,387.483388944444,18.359259266666665,-15.494,17.033333333333335,2,5.1764362714980825,70.66250196097344,10,5,2,0.4999999999999999,-0.8660254037844387,-0.9749279121818236,-0.2225209339563146,0.8660254037844386,0.5000000000000001,227.5,175.0,75.02083333333333,4.55,14.55,100.0,60.5,-26.9,0.58971393,0.0,-21.2,18.2611111,17.45,17.816666666666666,18.15,18.5,17.0,-33.85325926666667,0.5037037366666652,0.6766666666666659,-16.170666666666666,-15.785333333333334,17.84691357888889,-16.070888888888888,2.6712925,2.6559227,2.6273594,2.5874221,2.6505828,0,0.0,0,1.0,-1.13,32.1,67.9
2023-02-04 10:45:00,425.43270426111,388.676119,388.724728155556,18.2611111,-15.785333333333334,17.0,2,5.1764362714980825,70.66250196097344,10,5,2,0.4999999999999999,-0.8660254037844387,-0.9749279121818236,-0.2225209339563146,0.8660254037844386,0.5000000000000001,262.75,209.875,96.91666666666669,4.075,13.375,100.0,57.75,-26.25,0.62415236,0.0,-19.95,18.098148156666664,17.033333333333335,17.45,17.816666666666666,18.15,17.0,-34.046444433333335,-0.0981481666666646,-0.2913333333333341,-15.494,-15.498666666666669,18.15864196555556,-15.816666666666665,2.6505828,2.6712925,2.6559227,2.6273594,2.6250486,0,0.0,0,1.0,-1.16,33.1,66.9
2023-02-04 11:00:00,328.668797105558,276.48116254444403,276.515883405554,18.098148156666664,-15.498666666666669,17.0,2,5.1764362714980825,70.66250196097344,11,5,2,0.258819045102521,-0.9659258262890682,-0.9749279121818236,-0.2225209339563146,0.8660254037844386,0.5000000000000001,298.0,245.125,121.75,3.6,12.2,100.0,55.0,-25.6,0.65832716,0.0,-18.7,17.82222225,17.0,17.033333333333335,17.45,17.816666666666666,16.35,-33.59681482333333,-0.162962943333337,0.286666666666667,-15.785333333333334,-15.24,18.239506174444443,-15.592666666666666,2.6250486,2.6505828,2.6712925,2.6559227,2.4835649,0,0.0,0,1.0,-1.19,34.9,65.1
2023-02-04 11:15:00,197.23405482222,145.721393127778,145.740836816666,17.82222225,-15.24,16.35,2,5.1764362714980825,70.66250196097344,11,5,2,0.258819045102521,-0.9659258262890682,-0.9749279121818236,-0.2225209339563146,0.8660254037844386,0.5000000000000001,311.0,274.8125,147.20833333333334,4.15,13.1,100.0,53.5,-25.225,0.6790771,0.0,-17.975,17.435185176666668,17.0,17.0,17.033333333333335,17.45,16.65,-33.06222225,-0.2759259066666644,0.2586666666666666,-15.498666666666669,-15.176,18.06049383555556,-15.508,2.4835649,2.6250486,2.6505828,2.6712925,2.4714043,0,0.0,0,1.0,-1.26,38.2,61.8
2023-02-04 11:30:00,379.299271872222,334.164966216666,334.206631233332,17.435185176666668,-15.176,16.65,2,5.1764362714980825,70.66250196097344,11,5,2,0.258819045102521,-0.9659258262890682,-0.9749279121818236,-0.2225209339563146,0.8660254037844386,0.5000000000000001,324.0,298.9375,173.29166666666666,4.7,14.0,100.0,52.0,-24.85,0.6996601,0.0,-17.25,17.533333350000003,16.35,17.0,17.0,17.033333333333335,17.0,-32.611185176666666,-0.3870370733333317,0.064,-15.24,-14.184666666666669,17.785185194444445,-15.304888888888888,2.4714043,2.4835649,2.6250486,2.6505828,2.5381918,0,0.0,0,1.0,-1.35,42.8,57.2
2023-02-04 11:45:00,341.567170050002,297.63920503889,297.6755925,17.533333350000003,-14.184666666666669,17.0,2,5.1764362714980825,70.66250196097344,11,5,2,0.258819045102521,-0.9659258262890682,-0.9749279121818236,-0.2225209339563146,0.8660254037844386,0.5000000000000001,337.0,317.5,200.0,5.25,14.9,100.0,50.5,-24.475,0.71999156,0.0,-16.525,17.67962964333333,16.65,16.35,17.0,17.0,16.816666666666666,-31.71800001666667,0.0981481733333353,0.9913333333333334,-15.176,-13.807333333333334,17.596913592222226,-14.866888888888887,2.5381918,2.4714043,2.4835649,2.6250486,2.532834,0,0.0,0,1.0,-1.32,41.5,58.5
2023-02-04 12:00:00,338.80061401667,299.668568311112,299.70578903889,17.67962964333333,-13.807333333333334,16.816666666666666,2,5.1764362714980825,70.66250196097344,12,5,2,1.2246467991473532e-16,-1.0,-0.9749279121818236,-0.2225209339563146,0.8660254037844386,0.5000000000000001,350.0,330.5,227.33333333333331,5.8,15.8,100.0,49.0,-24.1,0.73997986,0.0,-15.8,17.79999997,17.0,16.65,16.35,17.0,16.5,-31.486962976666668,0.1462962933333287,0.3773333333333326,-14.184666666666669,-13.198666666666666,17.549382723333334,-14.389333333333331,2.532834,2.5381918,2.4714043,2.4835649,2.5030344,0,0.0,0,1.0,-1.29,39.7,60.3
2023-02-04 12:15:00,408.665319366668,302.19624500000003,302.230688072222,17.79999997,-13.198666666666666,16.5,2,5.1764362714980825,70.66250196097344,12,5,2,1.2246467991473532e-16,-1.0,-0.9749279121818236,-0.2225209339563146,0.8660254037844386,0.5000000000000001,362.5,343.375,252.89583333333331,5.975,16.25,100.0,47.75,-23.85,0.7545693,0.0,-15.225,17.874074036666666,16.816666666666666,17.0,16.65,16.35,16.866666666666667,-30.998666636666663,0.1203703266666664,0.608666666666668,-13.807333333333334,-12.913333333333332,17.670987654444446,-13.73022222222222,2.5030344,2.532834,2.5381918,2.4714043,2.5699708,0,0.0,0,1.0,-1.26,38.4,61.6
2023-02-04 12:30:00,544.252395600004,304.958634516666,305.026131849998,17.874074036666666,-12.913333333333332,16.866666666666667,2,5.1764362714980825,70.66250196097344,12,5,2,1.2246467991473532e-16,-1.0,-0.9749279121818236,-0.2225209339563146,0.8660254037844386,0.5000000000000001,375.0,356.125,276.6875,6.15,16.700000000000003,100.0,46.5,-23.6,0.7687391,0.0,-14.65,17.994444429999998,16.5,16.816666666666666,17.0,16.65,18.65,-30.78740737,0.0740740666666681,0.2853333333333339,-13.198666666666666,-12.466666666666669,17.784567883333334,-13.306444444444445,2.5699708,2.5030344,2.532834,2.5381918,2.8621283,0,0.0,0,1.0,-1.24,37.4,62.6
2023-02-04 12:45:00,554.64059123889,299.233585711112,299.346359033332,17.994444429999998,-12.466666666666669,18.65,2,5.1764362714980825,70.66250196097344,12,5,2,1.2246467991473532e-16,-1.0,-0.9749279121818236,-0.2225209339563146,0.8660254037844386,0.5000000000000001,387.5,368.75,298.7083333333333,6.325,17.150000000000002,100.0,45.25,-23.35,0.7824273,0.0,-14.075,18.14444443,16.866666666666667,16.5,16.816666666666666,17.0,19.933333333333334,-30.461111096666663,0.1203703933333315,0.4466666666666654,-12.913333333333332,-12.189333333333334,17.889506145555558,-12.859555555555554,2.8621283,2.5699708,2.5030344,2.532834,3.0864775,0,0.0,0,1.0,-1.21,35.6,64.4
2023-02-04 13:00:00,480.769101849998,295.589564844444,295.692060827774,18.14444443,-12.189333333333334,19.933333333333334,2,5.1764362714980825,70.66250196097344,13,5,2,-0.2588190451025208,-0.9659258262890684,-0.9749279121818236,-0.2225209339563146,0.8660254037844386,0.5000000000000001,400.0,381.25,318.9583333333333,6.5,17.6,100.0,44.0,-23.1,0.7955676,0.0,-13.5,18.29999997,18.65,16.866666666666667,16.5,16.816666666666666,20.8,-30.33377776333333,0.1500000000000021,0.277333333333333,-12.466666666666669,-12.139333333333331,18.004320965555554,-12.523111111111112,3.0864775,2.8621283,2.5699708,2.5030344,3.2505608,0,0.0,0,1.0,-1.17,33.7,66.3
2023-02-04 13:15:00,1399.276249011108,225.28237726111,225.374040294442,18.29999997,-12.139333333333331,20.8,2,5.1764362714980825,70.66250196097344,13,5,2,-0.2588190451025208,-0.9659258262890684,-0.9749279121818236,-0.2225209339563146,0.8660254037844386,0.5000000000000001,415.75,394.5625,337.5833333333333,6.7,18.15,100.0,43.25,-22.825000000000003,0.81439656,0.0,-12.975,18.3333333,19.933333333333334,18.65,16.866666666666667,16.5,21.933333333333334,-30.43933330333333,0.1555555399999981,0.0500000000000007,-12.189333333333334,-11.782,18.146296276666664,-12.26511111111111,3.2505608,3.0864775,2.8621283,2.5699708,3.4344604,0,0.0,0,1.0,-1.13,31.8,68.2
2023-02-04 13:30:00,449.465631788888,218.015167927778,218.096275816666,18.3333333,-11.782,21.933333333333334,2,5.1764362714980825,70.66250196097344,13,5,2,-0.2588190451025208,-0.9659258262890684,-0.9749279121818236,-0.2225209339563146,0.8660254037844386,0.5000000000000001,431.5,408.6875,354.5833333333333,6.9,18.700000000000003,100.0,42.5,-22.55,0.8332626,0.0,-12.45,18.37222222,20.8,19.933333333333334,18.65,16.866666666666667,21.95,-30.1153333,0.0333333300000013,0.357333333333333,-12.139333333333331,-11.388,18.25925923333333,-12.036888888888887,3.4344604,3.2505608,3.0864775,2.8621283,3.4450092,0,0.0,0,1.0,-1.11,31.2,68.8
2023-02-04 13:45:00,925.577697677776,221.050879827778,221.135598672222,18.37222222,-11.388,21.95,2,5.1764362714980825,70.66250196097344,13,5,2,-0.2588190451025208,-0.9659258262890684,-0.9749279121818236,-0.2225209339563146,0.8660254037844386,0.5000000000000001,447.25,423.625,369.9583333333333,7.1,19.25,100.0,41.75,-22.275,0.8521395,0.0,-11.925,18.429629636666668,21.933333333333334,20.8,19.933333333333334,18.65,21.716666666666665,-29.760222220000003,0.0388889200000015,0.3940000000000001,-11.782,-11.115333333333332,18.335185163333332,-11.769777777777776,3.4450092,3.4344604,3.2505608,3.0864775,3.4200106,0,0.0,0,1.0,-1.11,30.8,69.2
2023-02-04 14:00:00,684.58900417778,206.777839655556,206.841726,18.429629636666668,-11.115333333333332,21.716666666666665,2,5.1764362714980825,70.66250196097344,14,5,2,-0.4999999999999997,-0.8660254037844388,-0.9749279121818236,-0.2225209339563146,0.8660254037844386,0.5000000000000001,463.0,439.375,383.7083333333333,7.3,19.8,100.0,41.0,-22.0,0.87100005,0.0,-11.4,18.62222224,21.95,21.933333333333334,20.8,19.933333333333334,21.7,-29.54496297,0.0574074166666669,0.2726666666666677,-11.388,-10.598666666666666,18.37839505222222,-11.428444444444445,3.4200106,3.4450092,3.4344604,3.2505608,3.4565985,0,0.0,0,1.0,-1.09,30.2,69.8
2023-02-04 14:15:00,434.374013277776,214.766686755556,214.841961544444,18.62222224,-10.598666666666666,21.7,2,5.1764362714980825,70.66250196097344,14,5,2,-0.4999999999999997,-0.8660254037844388,-0.9749279121818236,-0.2225209339563146,0.8660254037844386,0.5000000000000001,445.5,446.8125,394.9166666666667,7.575,20.15,100.0,40.75,-21.675,0.8940721,0.0,-10.975,18.7185185,21.716666666666665,21.95,21.933333333333334,20.8,22.516666666666666,-29.220888906666666,0.1925926033333311,0.5166666666666657,-11.115333333333332,-10.577333333333334,18.47469136555556,-11.034,3.4565985,3.4200106,3.4450092,3.4344604,3.607181,0,0.0,0,1.0,-1.05,28.3,71.7
2023-02-04 14:30:00,1303.761458638886,222.403047972222,222.462490094442,18.7185185,-10.577333333333334,22.516666666666666,2,5.1764362714980825,70.66250196097344,14,5,2,-0.4999999999999997,-0.8660254037844388,-0.9749279121818236,-0.2225209339563146,0.8660254037844386,0.5000000000000001,428.0,445.9375,403.5833333333333,7.85,20.5,100.0,40.5,-21.35,0.91760945,0.0,-10.55,18.77222223,21.7,21.716666666666665,21.95,21.933333333333334,23.1,-29.295851833333337,0.0962962600000025,0.0213333333333327,-10.598666666666666,-10.458666666666666,18.590123458888893,-10.763777777777776,3.607181,3.4565985,3.4200106,3.4450092,3.7124023,0,0.0,0,1.0,-1.02,27.1,72.9
2023-02-04 14:45:00,579.644591088888,217.164924172222,217.19353416111,18.77222223,-10.458666666666666,23.1,2,5.1764362714980825,70.66250196097344,14,5,2,-0.4999999999999997,-0.8660254037844388,-0.9749279121818236,-0.2225209339563146,0.8660254037844386,0.5000000000000001,410.5,436.75,409.7083333333333,8.125,20.85,100.0,40.25,-21.025,0.9416175,0.0,-10.125,18.901851843333336,22.516666666666666,21.7,21.716666666666665,21.95,22.35,-29.230888896666663,0.0537037299999987,0.1186666666666678,-10.577333333333334,-10.51,18.704320990000003,-10.544888888888888,3.7124023,3.607181,3.4565985,3.4200106,3.6194909,0,0.0,0,1.0,-1.01,26.5,73.5
2023-02-04 15:00:00,527.23779872777,197.897917116666,197.922360655552,18.901851843333336,-10.51,22.35,2,5.1764362714980825,70.66250196097344,15,5,2,-0.7071067811865471,-0.7071067811865479,-0.9749279121818236,-0.2225209339563146,0.8660254037844386,0.5000000000000001,393.0,419.25,413.2916666666667,8.4,21.2,100.0,40.0,-20.7,0.9661007,0.0,-9.7,19.00000001,23.1,22.516666666666666,21.7,21.716666666666665,21.6,-29.411851843333334,0.1296296133333356,-0.0513333333333339,-10.458666666666666,-10.506666666666666,18.797530857777783,-10.51533333333333,3.6194909,3.7124023,3.607181,3.4565985,3.518361,0,0.0,0,1.0,-0.98,25.4,74.6
2023-02-04 15:15:00,1063.109418355556,140.084118611112,140.0993958,19.00000001,-10.506666666666666,21.6,2,5.1764362714980825,70.66250196097344,15,5,2,-0.7071067811865471,-0.7071067811865479,-0.9749279121818236,-0.2225209339563146,0.8660254037844386,0.5000000000000001,361.0,398.125,413.1666666666667,8.6,21.575,99.75,40.5,-20.35,0.9966498,0.0,-9.45,18.72592591,22.35,23.1,22.516666666666666,21.7,21.216666666666665,-29.50666667666667,0.0981481666666646,0.0033333333333338,-10.51,-10.42,18.89135802777778,-10.491777777777775,3.518361,3.6194909,3.7124023,3.607181,3.4004092,0,0.0,0,1.0,-0.97,24.7,75.3
2023-02-04 15:30:00,1595.295352316666,109.224519777776,109.25312978333,18.72592591,-10.42,21.216666666666665,2,5.1764362714980825,70.66250196097344,15,5,2,-0.7071067811865471,-0.7071067811865479,-0.9749279121818236,-0.2225209339563146,0.8660254037844386,0.5000000000000001,329.0,373.375,409.3333333333333,8.8,21.95,99.5,41.0,-20.0,1.0279657,0.0,-9.2,18.48333331,21.6,22.35,23.1,22.516666666666666,22.55,-29.145925910000003,-0.2740741,0.086666666666666,-10.506666666666666,-10.274,18.875925921111115,-10.478888888888887,3.4004092,3.518361,3.6194909,3.7124023,3.5625672,0,0.0,0,1.0,-1.03,27.4,72.6
2023-02-04 15:45:00,703.185760327778,193.55336863889,193.5739234,18.48333331,-10.274,22.55,2,5.1764362714980825,70.66250196097344,15,5,2,-0.7071067811865471,-0.7071067811865479,-0.9749279121818236,-0.2225209339563146,0.8660254037844386,0.5000000000000001,297.0,345.0,401.7916666666667,9.0,22.325,99.25,41.5,-19.65,1.0600647,0.0,-8.95,18.692592616666666,21.216666666666665,21.6,22.35,23.1,22.816666666666663,-28.75733331,-0.2425926000000018,0.145999999999999,-10.42,-10.0,18.73641974333333,-10.40022222222222,3.5625672,3.4004092,3.518361,3.6194909,3.6496391,0,0.0,0,1.0,-1.08,29.5,70.5
2023-02-04 16:00:00,940.0390636,204.798752155556,204.814584872222,18.692592616666666,-10.0,22.816666666666663,2,5.1764362714980825,70.66250196097344,16,5,2,-0.8660254037844385,-0.5000000000000004,-0.9749279121818236,-0.2225209339563146,0.8660254037844386,0.5000000000000001,265.0,313.0,390.5416666666667,9.2,22.7,99.0,42.0,-19.3,1.0929627,0.0,-8.7,18.84444444,22.55,21.216666666666665,21.6,22.35,22.9,-28.692592616666666,0.2092593066666666,0.2740000000000009,-10.274,-9.866,18.633950612222225,-10.231333333333332,3.6496391,3.5625672,3.4004092,3.518361,3.6960044,0,0.0,0,1.0,-1.03,27.3,72.7
2023-02-04 16:15:00,1309.469841327778,192.3464725,192.368138349998,18.84444444,-9.866,22.9,2,5.1764362714980825,70.66250196097344,16,5,2,-0.8660254037844385,-0.5000000000000004,-0.9749279121818236,-0.2225209339563146,0.8660254037844386,0.5000000000000001,247.0,284.5,376.4791666666667,9.375,23.05,98.25,42.75,-19.0,1.1228492,0.0,-8.575,18.89814811,22.816666666666663,22.55,21.216666666666665,21.6,24.383333333333333,-28.710444440000003,0.1518518233333345,0.1339999999999985,-10.0,-9.680666666666667,18.67345678888889,-10.046666666666663,3.6960044,3.6496391,3.5625672,3.4004092,3.9479167,0,0.0,0,1.0,-0.99,25.8,74.2
2023-02-04 16:30:00,1074.758674633332,12.265898211112,12.2761756,18.89814811,-9.680666666666667,24.383333333333333,1,5.1764362714980825,70.66250196097344,16,5,2,-0.8660254037844385,-0.5000000000000004,-0.9749279121818236,-0.2225209339563146,0.8660254037844386,0.5000000000000001,229.0,259.5,359.6041666666667,9.55,23.4,97.5,43.5,-18.700000000000003,1.1531863,0.0,-8.45,18.62777779,22.9,22.816666666666663,22.55,21.216666666666665,27.35,-28.57881477666667,0.0537036700000008,0.1853333333333342,-9.866,-9.544666666666666,18.81172838888889,-9.848888888888888,3.9479167,3.6960044,3.6496391,3.5625672,4.35802,0,0.0,1,1.0,-0.97,25.0,75.0
2023-02-04 16:45:00,393.394541405554,65.1373944,65.146560749998,18.62777779,-9.544666666666666,27.35,1,5.1764362714980825,70.66250196097344,16,5,2,-0.8660254037844385,-0.5000000000000004,-0.9749279121818236,-0.2225209339563146,0.8660254037844386,0.5000000000000001,211.0,238.0,339.9166666666667,9.725,23.75,96.75,44.25,-18.4,1.1839789,0.0,-8.325,18.4722222,24.383333333333333,22.9,22.816666666666663,22.55,27.35,-28.172444456666668,-0.2703703200000014,0.136000000000001,-9.680666666666667,-9.338666666666668,18.79012344666667,-9.697111111111113,4.35802,3.9479167,3.6960044,3.6496391,4.3180523,0,0.0,0,1.0,-1.02,27.0,73.0
2023-02-04 17:00:00,400.232323433332,148.912654355556,148.921542949998,18.4722222,-9.338666666666668,27.35,2,5.1764362714980825,70.66250196097344,17,5,2,-0.9659258262890684,-0.2588190451025206,-0.9749279121818236,-0.2225209339563146,0.8660254037844386,0.5000000000000001,193.0,220.0,317.4166666666667,9.9,24.1,96.0,45.0,-18.1,1.2152319,0.0,-8.2,18.60000002,27.35,24.383333333333333,22.9,22.816666666666663,26.65,-27.810888866666662,-0.1555555900000023,0.2059999999999995,-9.544666666666666,-9.066666666666666,18.666049366666662,-9.521333333333333,4.3180523,4.35802,3.9479167,3.6960044,4.2395034,0,0.0,1,1.0,-1.06,28.5,71.5
2023-02-04 17:15:00,178.600077911112,29.480209627778,29.487987166664,18.60000002,-9.066666666666666,26.65,1,5.1764362714980825,70.66250196097344,17,5,2,-0.9659258262890684,-0.2588190451025206,-0.9749279121818236,-0.2225209339563146,0.8660254037844386,0.5000000000000001,165.5,199.625,294.0833333333333,9.5,23.65,96.5,47.0,-17.725,1.2598882,0.0,-8.299999999999999,18.44999999,27.35,27.35,24.383333333333333,22.9,26.316666666666663,-27.666666686666662,0.1277778200000021,0.2720000000000002,-9.338666666666668,-8.980666666666668,18.56666667,-9.316666666666665,4.2395034,4.3180523,4.35802,3.9479167,4.1494403,0,0.0,1,1.0,-1.03,27.4,72.6
2023-02-04 17:30:00,900.304542027774,114.069325944444,114.160988977776,18.44999999,-8.980666666666668,26.316666666666663,2,5.1764362714980825,70.66250196097344,17,5,2,-0.9659258262890684,-0.2588190451025206,-0.9749279121818236,-0.2225209339563146,0.8660254037844386,0.5000000000000001,138.0,176.875,269.9166666666667,9.1,23.200000000000003,97.0,49.0,-17.35,1.303812,0.0,-8.399999999999999,18.36666664,26.65,27.35,27.35,24.383333333333333,25.95,-27.430666656666663,-0.150000030000001,0.0859999999999985,-9.066666666666666,-8.828666666666667,18.50740740333333,-9.128666666666666,4.1494403,4.2395034,4.3180523,4.35802,4.0714593,0,0.0,1,1.0,-1.07,29.0,71.0
2023-02-04 17:45:00,503.597355333332,198.72093976111,198.835657438886,18.36666664,-8.828666666666667,25.95,2,5.1764362714980825,70.66250196097344,17,5,2,-0.9659258262890684,-0.2588190451025206,-0.9749279121818236,-0.2225209339563146,0.8660254037844386,0.5000000000000001,110.5,151.75,244.91666666666663,8.700000000000001,22.75,97.5,51.0,-16.975,1.3470103,0.0,-8.5,18.664814823333334,26.316666666666663,26.65,27.35,27.35,25.35,-27.19533330666667,-0.0833333499999966,0.152000000000001,-8.980666666666668,-8.696666666666667,18.47222221666667,-8.958666666666666,4.0714593,4.1494403,4.2395034,4.3180523,4.0481987,0,0.0,0,1.0,-1.09,29.9,70.1
2023-02-04 18:00:00,385.838732516666,50.9237963,51.022125716666,18.664814823333334,-8.696666666666667,25.35,1,5.1764362714980825,70.66250196097344,18,5,2,-1.0,-1.8369701987210294e-16,-0.9749279121818236,-0.2225209339563146,0.8660254037844386,0.5000000000000001,83.0,124.25,219.08333333333331,8.3,22.3,98.0,53.0,-16.6,1.389491,0.0,-8.6,18.51111108,25.95,26.316666666666663,26.65,27.35,25.4,-27.361481490000003,0.2981481833333319,0.1319999999999996,-8.828666666666667,-8.647333333333334,18.49382715111111,-8.835333333333333,4.0481987,4.0714593,4.1494403,4.2395034,4.0194364,0,0.0,1,1.0,-1.02,27.0,73.0
2023-02-04 18:15:00,1118.710805377776,90.978027366668,90.983582744444,18.51111108,-8.647333333333334,25.4,2,5.1764362714980825,70.66250196097344,18,5,2,-1.0,-1.8369701987210294e-16,-0.9749279121818236,-0.2225209339563146,0.8660254037844386,0.5000000000000001,63.0,98.625,194.25,9.0,21.05,98.5,53.25,-16.55,1.3934579,0.0,-8.625,18.288888906666667,25.35,25.95,26.316666666666663,26.65,25.966666666666665,-27.15844441333333,-0.1537037433333345,0.0493333333333332,-8.696666666666667,-8.292666666666667,18.514197514444447,-8.724222222222222,4.0194364,4.0481987,4.0714593,4.1494403,4.0553174,0,0.0,1,1.0,-1.06,28.6,71.4
2023-02-04 18:30:00,491.468951588888,174.376358016666,174.400801538886,18.288888906666667,-8.292666666666667,25.966666666666665,2,5.1764362714980825,70.66250196097344,18,5,2,-1.0,-1.8369701987210294e-16,-0.9749279121818236,-0.2225209339563146,0.8660254037844386,0.5000000000000001,43.0,74.875,170.41666666666666,9.7,19.8,99.0,53.5,-16.5,1.3974043,0.0,-8.649999999999999,18.40555554,25.4,25.35,25.95,26.316666666666663,25.6,-26.581555573333333,-0.222222173333332,0.3546666666666667,-8.647333333333334,-7.147333333333334,18.48827160333333,-8.545555555555554,4.0553174,4.0194364,4.0481987,4.0714593,4.02582,0,0.0,0,1.0,-1.1,30.7,69.3
2023-02-04 18:45:00,306.526349522224,235.58752053889,235.609741883334,18.40555554,-7.147333333333334,25.6,2,5.1764362714980825,70.66250196097344,18,5,2,-1.0,-1.8369701987210294e-16,-0.9749279121818236,-0.2225209339563146,0.8660254037844386,0.5000000000000001,23.0,53.0,147.58333333333334,10.4,18.55,99.5,53.75,-16.45,1.4013308,0.0,-8.674999999999999,18.588888923333336,25.966666666666665,25.4,25.35,25.95,24.85,-25.552888873333337,0.1166666333333346,1.145333333333333,-8.292666666666667,-6.511333333333334,18.401851842222225,-8.029111111111112,4.02582,4.0553174,4.0194364,4.0481987,3.9505582,0,0.0,0,1.0,-1.08,29.6,70.4
2023-02-04 19:00:00,315.000177338886,245.07741876111,245.101584444444,18.588888923333336,-6.511333333333334,24.85,2,5.1764362714980825,70.66250196097344,19,5,2,-0.9659258262890684,0.2588190451025203,-0.9749279121818236,-0.2225209339563146,0.8660254037844386,0.5000000000000001,3.0,33.0,125.75,11.1,17.3,100.0,54.0,-16.4,1.4052378,0.0,-8.7,18.74444447,25.6,25.966666666666665,25.4,25.35,24.45,-25.10022225666667,0.1833333833333341,0.6360000000000001,-7.147333333333334,-6.306666666666668,18.427777790000004,-7.31711111111111,3.9505582,4.02582,4.0553174,4.0194364,3.9229124,0,0.0,0,1.0,-1.04,27.9,72.1
2023-02-04 19:15:00,312.259175816666,224.490464488888,224.511019266664,18.74444447,-6.306666666666668,24.45,2,5.1764362714980825,70.66250196097344,19,5,2,-0.9659258262890684,0.2588190451025203,-0.9749279121818236,-0.2225209339563146,0.8660254037844386,0.5000000000000001,2.25,17.8125,105.35416666666669,12.0,19.725,100.0,53.5,-16.4,1.4025995,0.0,-8.6,18.79814815,24.85,25.6,25.966666666666665,25.4,23.85,-25.05111113666667,0.1555555466666653,0.2046666666666663,-6.511333333333334,-6.22,18.57962964444445,-6.655111111111111,3.9229124,3.9505582,4.02582,4.0553174,3.8388135,0,0.0,0,1.0,-1.01,26.5,73.5
2023-02-04 19:30:00,318.219770733332,234.036193744444,234.058692911108,18.79814815,-6.22,23.85,2,5.1764362714980825,70.66250196097344,19,5,2,-0.9659258262890684,0.2588190451025203,-0.9749279121818236,-0.2225209339563146,0.8660254037844386,0.5000000000000001,1.5,7.4375,86.39583333333333,12.9,22.15,100.0,53.0,-16.4,1.3998342,0.0,-8.5,18.83888886,24.45,24.85,25.6,25.966666666666665,23.1,-25.01814815,0.0537036799999981,0.0866666666666677,-6.306666666666668,-6.172666666666667,18.71049384777778,-6.345999999999999,3.8388135,3.9229124,3.9505582,4.02582,3.7270596,0,0.0,0,1.0,-1.0,26.1,73.9
2023-02-04 19:45:00,293.314100233336,225.047108855556,225.067385827778,18.83888886,-6.172666666666667,23.1,2,5.1764362714980825,70.66250196097344,19,5,2,-0.9659258262890684,0.2588190451025203,-0.9749279121818236,-0.2225209339563146,0.8660254037844386,0.5000000000000001,0.75,1.875,68.875,13.8,24.575,100.0,52.5,-16.4,1.3969413,0.0,-8.4,18.88518519333333,23.85,24.45,24.85,25.6,22.53333333333333,-25.01155552666667,0.0407407100000014,0.0473333333333325,-6.22,-6.160666666666667,18.793827160000003,-6.233111111111111,3.7270596,3.8388135,3.9229124,3.9505582,3.6455898,0,0.0,0,1.0,-0.99,25.9,74.1
2023-02-04 20:00:00,297.30755172222,224.8301731,224.851005633332,18.88518519333333,-6.160666666666667,22.53333333333333,2,5.1764362714980825,70.66250196097344,20,5,2,-0.8660254037844386,0.5000000000000001,-0.9749279121818236,-0.2225209339563146,0.8660254037844386,0.5000000000000001,0.0,1.125,52.79166666666666,14.7,27.0,100.0,52.0,-16.4,1.3939189,0.0,-8.3,18.81666665,23.1,23.85,24.45,24.85,22.1,-25.04585186,0.0462963333333306,0.0120000000000004,-6.172666666666667,-6.134666666666666,18.840740734444445,-6.184444444444444,3.6455898,3.7270596,3.8388135,3.9229124,3.5610352,0,0.0,0,1.0,-0.99,25.5,74.5
2023-02-04 20:15:00,186.783917227778,114.090991727778,114.100435816666,18.81666665,-6.134666666666666,22.1,2,5.1764362714980825,70.66250196097344,20,5,2,-0.8660254037844386,0.5000000000000001,-0.9749279121818236,-0.2225209339563146,0.8660254037844386,0.5000000000000001,0.0,0.5625,39.0,15.075,28.7,100.0,51.0,-16.349999999999998,1.4029298,0.0,-7.950000000000001,18.40000001,22.53333333333333,23.1,23.85,24.45,21.53333333333333,-24.951333316666663,-0.068518543333333,0.0260000000000006,-6.160666666666667,-6.066,18.84691356777778,-6.155999999999999,3.5610352,3.6455898,3.7270596,3.8388135,3.3851852,0,0.0,0,1.0,-1.0,26.3,73.7
2023-02-04 20:30:00,217.663515344444,136.285659472222,136.29649235555598,18.40000001,-6.066,21.53333333333333,2,5.1764362714980825,70.66250196097344,20,5,2,-0.8660254037844386,0.5000000000000001,-0.9749279121818236,-0.2225209339563146,0.8660254037844386,0.5000000000000001,0.0,0.1875,27.5,15.45,30.4,100.0,50.0,-16.299999999999997,1.4113442,0.0,-7.6,18.18888892,22.1,22.53333333333333,23.1,23.85,21.8,-24.46600001,-0.416666639999999,0.0686666666666662,-6.134666666666666,-5.92,18.700617284444444,-6.120444444444442,3.3851852,3.5610352,3.6455898,3.7270596,3.3844368,0,0.0,0,1.0,-1.1,30.6,69.4
2023-02-04 20:45:00,307.575196383338,229.730254872222,229.752198427778,18.18888892,-5.92,21.8,2,5.1764362714980825,70.66250196097344,20,5,2,-0.8660254037844386,0.5000000000000001,-0.9749279121818236,-0.2225209339563146,0.8660254037844386,0.5000000000000001,0.0,0.0,18.291666666666668,15.825,32.099999999999994,100.0,49.0,-16.25,1.4191298,0.0,-7.25,18.43518521,21.53333333333333,22.1,22.53333333333333,23.1,21.35,-24.10888892,-0.2111110899999992,0.1459999999999999,-6.066,-5.656666666666666,18.468518526666667,-6.04022222222222,3.3844368,3.3851852,3.5610352,3.6455898,3.363374,0,0.0,0,1.0,-1.15,32.7,67.3
2023-02-04 21:00:00,327.361071849994,248.225903916666,248.248125244444,18.43518521,-5.656666666666666,21.35,2,5.1764362714980825,70.66250196097344,21,5,2,-0.7071067811865477,0.7071067811865474,-0.9749279121818236,-0.2225209339563146,0.8660254037844386,0.5000000000000001,0.0,0.0,11.375,16.2,33.8,100.0,48.0,-16.2,1.4262522,0.0,-6.9,18.64444448,21.8,21.53333333333333,22.1,22.53333333333333,20.95,-24.091851876666663,0.24629629,0.2633333333333336,-5.92,-5.344666666666667,18.341358046666667,-5.880888888888888,3.363374,3.3844368,3.3851852,3.5610352,3.3415234,0,0.0,0,1.0,-1.09,30.3,69.7
2023-02-04 21:15:00,303.723406144444,236.802194183334,236.82497103889,18.64444448,-5.344666666666667,20.95,2,5.1764362714980825,70.66250196097344,21,5,2,-0.7071067811865477,0.7071067811865474,-0.9749279121818236,-0.2225209339563146,0.8660254037844386,0.5000000000000001,0.0,0.0,6.125,16.875,35.25,100.0,47.25,-16.2,1.4194374,0.0,-6.75,18.770370393333334,21.35,21.8,21.53333333333333,22.1,20.53333333333333,-23.989111146666666,0.2092592700000004,0.3119999999999994,-5.656666666666666,-5.037999999999999,18.422839536666668,-5.640444444444444,3.3415234,3.363374,3.3844368,3.3851852,3.2995517,0,0.0,0,1.0,-1.05,28.2,71.8
2023-02-04 21:30:00,296.43064239999603,228.005046083334,228.025878566668,18.770370393333334,-5.037999999999999,20.53333333333333,2,5.1764362714980825,70.66250196097344,21,5,2,-0.7071067811865477,0.7071067811865474,-0.9749279121818236,-0.2225209339563146,0.8660254037844386,0.5000000000000001,0.0,0.0,2.5416666666666665,17.549999999999997,36.7,100.0,46.5,-16.2,1.4122788,0.0,-6.6,18.82777776,20.95,21.35,21.8,21.53333333333333,20.55,-23.80837039333333,0.125925913333333,0.3066666666666675,-5.344666666666667,-4.818,18.616666694444447,-5.346444444444443,3.2995517,3.3415234,3.363374,3.3844368,3.3134546,0,0.0,0,1.0,-1.02,27.1,72.9
2023-02-04 21:45:00,347.534709105558,233.19706066111,233.230114888888,18.82777776,-4.818,20.55,2,5.1764362714980825,70.66250196097344,21,5,2,-0.7071067811865477,0.7071067811865474,-0.9749279121818236,-0.2225209339563146,0.8660254037844386,0.5000000000000001,0.0,0.0,0.625,18.225,38.15,100.0,45.75,-16.2,1.404771,0.0,-6.45,18.95740738,20.53333333333333,20.95,21.35,21.8,20.966666666666665,-23.64577776,0.0574073666666663,0.2199999999999997,-5.037999999999999,-4.69,18.74753087777778,-5.066888888888887,3.3134546,3.2995517,3.3415234,3.363374,3.4066236,0,0.0,0,1.0,-1.01,26.5,73.5
2023-02-04 22:00:00,393.30593388333,253.1965384,253.250147438886,18.95740738,-4.69,20.966666666666665,2,5.1764362714980825,70.66250196097344,22,5,2,-0.5000000000000004,0.8660254037844384,-0.9749279121818236,-0.2225209339563146,0.8660254037844386,0.5000000000000001,0.0,0.0,0.375,18.9,39.6,100.0,45.0,-16.2,1.3969071,0.0,-6.3,19.04444447,20.55,20.53333333333333,20.95,21.35,20.65,-23.64740738,0.1296296199999993,0.1280000000000001,-4.818,-4.522666666666667,18.851851844444443,-4.848666666666666,3.4066236,3.3134546,3.2995517,3.3415234,3.3724515,0,0.0,0,1.0,-0.98,25.2,74.8
2023-02-04 22:15:00,358.732594588888,251.766873372222,251.792427916666,19.04444447,-4.522666666666667,20.65,2,5.1764362714980825,70.66250196097344,22,5,2,-0.5000000000000004,0.8660254037844384,-0.9749279121818236,-0.2225209339563146,0.8660254037844386,0.5000000000000001,0.0,0.0,0.1875,19.175,40.05,100.0,44.75,-16.225,1.3942063,0.0,-6.25,19.12777778666667,20.966666666666665,20.55,20.53333333333333,20.95,20.5,-23.567111136666664,0.087037089999999,0.1673333333333326,-4.69,-4.236666666666666,18.94320987,-4.676888888888887,3.3724515,3.4066236,3.3134546,3.2995517,3.364449,0,0.0,0,1.0,-0.96,24.5,75.5
2023-02-04 22:30:00,355.299398572222,254.9556347,254.97702276111,19.12777778666667,-4.236666666666666,20.5,2,5.1764362714980825,70.66250196097344,22,5,2,-0.5000000000000004,0.8660254037844384,-0.9749279121818236,-0.2225209339563146,0.8660254037844386,0.5000000000000001,0.0,0.0,0.0625,19.45,40.5,100.0,44.5,-16.25,1.3914646,0.0,-6.199999999999999,19.21111111,20.65,20.966666666666665,20.55,20.53333333333333,20.15,-23.36444445333333,0.0833333166666712,0.2860000000000005,-4.522666666666667,-4.02,19.04320987888889,-4.48311111111111,3.364449,3.3724515,3.4066236,3.3134546,3.32329,0,0.0,0,1.0,-0.94,23.7,76.3
2023-02-04 22:45:00,689.878514905554,255.488946716666,255.5131124,19.21111111,-4.02,20.15,2,5.1764362714980825,70.66250196097344,22,5,2,-0.5000000000000004,0.8660254037844384,-0.9749279121818236,-0.2225209339563146,0.8660254037844386,0.5000000000000001,0.0,0.0,0.0,19.725,40.95,100.0,44.25,-16.275,1.3886822,0.0,-6.15,19.294444443333337,20.5,20.65,20.966666666666665,20.55,20.0,-23.23111111,0.0833333233333313,0.2166666666666667,-4.236666666666666,-3.88,19.12777778888889,-4.259777777777777,3.32329,3.364449,3.3724515,3.4066236,3.3147821,0,0.0,0,1.0,-0.92,23.1,76.9
2023-02-04 23:00:00,336.657088661114,256.43002013889,256.453908050002,19.294444443333337,-3.88,20.0,2,5.1764362714980825,70.66250196097344,23,5,2,-0.2588190451025215,0.965925826289068,-0.9749279121818236,-0.2225209339563146,0.8660254037844386,0.5000000000000001,0.0,0.0,0.0,20.0,41.4,100.0,44.0,-16.3,1.3858593,0.0,-6.1,19.3333333,20.15,20.5,20.65,20.966666666666665,20.0,-23.174444443333336,0.0833333333333357,0.1399999999999992,-4.02,-3.7033333333333336,19.21111111333333,-4.045555555555555,3.3147821,3.32329,3.364449,3.3724515,3.32238,0,0.0,0,1.0,-0.91,22.4,77.6
2023-02-04 23:15:00,333.46443863889,253.766793355556,253.791236844444,19.3333333,-3.7033333333333336,20.0,2,5.1764362714980825,70.66250196097344,23,5,2,-0.2588190451025215,0.965925826289068,-0.9749279121818236,-0.2225209339563146,0.8660254037844386,0.5000000000000001,0.0,0.0,0.0,19.925,41.575,100.0,44.0,-16.225,1.3959527,0.0,-6.0,19.353703686666663,20.0,20.15,20.5,20.65,20.0,-23.036666633333333,0.0388888566666629,0.1766666666666667,-3.88,-2.9953333333333334,19.27962961777778,-3.8677777777777766,3.32238,3.3147821,3.32329,3.364449,3.3263662,0,0.0,0,1.0,-0.9,22.0,78.0
2023-02-04 23:30:00,358.424273588888,253.445972872222,253.469583027778,19.353703686666663,-2.9953333333333334,20.0,2,5.1764362714980825,70.66250196097344,23,5,2,-0.2588190451025215,0.965925826289068,-0.9749279121818236,-0.2225209339563146,0.8660254037844386,0.5000000000000001,0.0,0.0,0.0,19.85,41.75,100.0,44.0,-16.15,1.4061109,0.0,-5.9,19.43333331,20.0,20.0,20.15,20.5,20.0,-22.34903702,0.0203703866666664,0.7080000000000002,-3.7033333333333336,-2.5906666666666665,19.327160476666663,-3.5262222222222213,3.3263662,3.32238,3.3147821,3.32329,3.3419871,0,0.0,0,1.0,-0.89,21.9,78.1
2023-02-04 23:45:00,331.553126194446,235.994726483334,236.01694777778,19.43333331,-2.5906666666666665,20.0,2,5.1764362714980825,70.66250196097344,23,5,2,-0.2588190451025215,0.965925826289068,-0.9749279121818236,-0.2225209339563146,0.8660254037844386,0.5000000000000001,0.0,0.0,0.0,19.775,41.925,100.0,44.0,-16.075,1.4163338,0.0,-5.8,19.496296293333334,20.0,20.0,20.0,20.15,20.0,-22.02399997666667,0.0796296233333357,0.4046666666666669,-2.9953333333333334,-2.3433333333333333,19.37345676555556,-3.0964444444444434,3.3419871,3.3263662,3.32238,3.3147821,3.3543828,0,0.0,0,1.0,-0.88,21.2,78.8
2023-02-05 00:00:00,327.578285161114,237.834375127778,237.858540827778,19.496296293333334,-2.3433333333333333,20.0,2,5.1764362714980825,70.66250196097344,0,6,2,0.0,1.0,-0.7818314824680299,0.6234898018587334,0.8660254037844386,0.5000000000000001,0.0,0.0,0.0,19.7,42.1,100.0,44.0,-16.0,1.4266227,0.0,-5.7,19.50555556,20.0,20.0,20.0,20.0,19.95,-21.839629626666667,0.0629629833333318,0.2473333333333331,-2.5906666666666665,-2.0686666666666667,19.42777776333333,-2.64311111111111,3.3543828,3.3419871,3.3263662,3.32238,3.3478193,0,0.0,0,1.0,-0.86,20.7,79.3
2023-02-05 00:15:00,322.220999611108,229.077225444444,229.105557611112,19.50555556,-2.0686666666666667,19.95,2,5.1764362714980825,70.66250196097344,0,6,2,0.0,1.0,-0.7818314824680299,0.6234898018587334,0.8660254037844386,0.5000000000000001,0.0,0.0,0.0,19.9,42.025,98.5,44.25,-15.95,1.4347285,0.0,-5.7,19.45000003333333,20.0,20.0,20.0,20.0,19.716666666666665,-21.574222226666667,0.0092592666666675,0.2746666666666666,-2.3433333333333333,-2.4893333333333336,19.478395054444448,-2.334222222222221,3.3478193,3.3543828,3.3419871,3.3263662,3.297873,0,0.0,0,1.0,-0.86,20.6,79.4
2023-02-05 00:30:00,257.288874733332,107.247654372222,107.310429644444,19.45000003333333,-2.4893333333333336,19.716666666666665,2,5.1764362714980825,70.66250196097344,0,6,2,0.0,1.0,-0.7818314824680299,0.6234898018587334,0.8660254037844386,0.5000000000000001,0.0,0.0,0.0,20.1,41.95,97.0,44.5,-15.9,1.4428343,0.0,-5.7,19.13888892,19.95,20.0,20.0,20.0,20.35,-21.939333366666663,-0.0555555266666694,-0.4206666666666669,-2.0686666666666667,-2.809333333333333,19.48395062888889,-2.300444444444443,3.297873,3.3478193,3.3543828,3.3419871,3.3420203,0,0.0,0,1.0,-0.87,21.1,78.9
2023-02-05 00:45:00,344.567605794438,198.679830272222,198.754271794442,19.13888892,-2.809333333333333,20.35,2,5.1764362714980825,70.66250196097344,0,6,2,0.0,1.0,-0.7818314824680299,0.6234898018587334,0.8660254037844386,0.5000000000000001,0.0,0.0,0.0,20.3,41.875,95.5,44.75,-15.85,1.45094,0.0,-5.7,19.292592566666663,19.716666666666665,19.95,20.0,20.0,20.316666666666663,-21.94822225333333,-0.3111111133333324,-0.3199999999999998,-2.4893333333333336,-2.6693333333333333,19.364814837777782,-2.4557777777777767,3.3420203,3.297873,3.3478193,3.3543828,3.366899,0,0.0,0,1.0,-0.94,23.7,76.3
2023-02-05 01:00:00,392.074871994442,232.351816655556,232.430702433332,19.292592566666663,-2.6693333333333333,20.316666666666663,2,5.1764362714980825,70.66250196097344,1,6,2,0.2588190451025207,0.9659258262890684,-0.7818314824680299,0.6234898018587334,0.8660254037844386,0.5000000000000001,0.0,0.0,0.0,20.5,41.8,94.0,45.0,-15.8,1.4590459,0.0,-5.7,19.605555560000003,20.35,19.716666666666665,19.95,20.0,20.0,-21.9619259,0.153703646666667,0.1400000000000001,-2.809333333333333,-2.434,19.293827173333334,-2.6559999999999997,3.366899,3.3420203,3.297873,3.3478193,3.3759902,0,0.0,0,1.0,-0.91,22.3,77.7
2023-02-05 01:15:00,371.215706461106,196.92434496111,197.00100864444,19.605555560000003,-2.434,20.0,2,5.1764362714980825,70.66250196097344,1,6,2,0.2588190451025207,0.9659258262890684,-0.7818314824680299,0.6234898018587334,0.8660254037844386,0.5000000000000001,0.0,0.0,0.0,21.025,42.95,95.5,45.25,-15.725,1.4644998,0.0,-5.725,19.57592590333333,20.316666666666663,20.35,19.716666666666665,19.95,19.816666666666663,-22.039555560000004,0.3129629933333362,0.2353333333333336,-2.6693333333333333,-2.216,19.34567901555556,-2.6375555555555543,3.3759902,3.366899,3.3420203,3.297873,3.339226,0,0.0,0,1.0,-0.84,19.8,80.2
2023-02-05 01:30:00,211.053779794442,48.694996588888,48.760271777776,19.57592590333333,-2.216,19.816666666666663,1,5.1764362714980825,70.66250196097344,1,6,2,0.2588190451025207,0.9659258262890684,-0.7818314824680299,0.6234898018587334,0.8660254037844386,0.5000000000000001,0.0,0.0,0.0,21.55,44.1,97.0,45.5,-15.65,1.4699295,0.0,-5.75,19.13888891,20.0,20.316666666666663,20.35,19.716666666666665,20.2,-21.791925903333333,-0.0296296566666711,0.2179999999999995,-2.434,-2.3560000000000003,19.491358010000003,-2.4397777777777763,3.339226,3.3759902,3.366899,3.3420203,3.3173864,0,0.0,1,1.0,-0.84,20.0,80.0
2023-02-05 01:45:00,261.545371083334,149.012094827778,149.055981972222,19.13888891,-2.3560000000000003,20.2,2,5.1764362714980825,70.66250196097344,1,6,2,0.2588190451025207,0.9659258262890684,-0.7818314824680299,0.6234898018587334,0.8660254037844386,0.5000000000000001,0.0,0.0,0.0,22.075000000000003,45.25,98.5,45.75,-15.575,1.4753336,0.0,-5.775,19.15740742333333,19.816666666666663,20.0,20.316666666666663,20.35,20.5,-21.49488891,-0.4370369933333329,-0.1400000000000001,-2.216,-2.8800000000000003,19.44012345777778,-2.3353333333333324,3.3173864,3.339226,3.3759902,3.366899,3.370331,0,0.0,1,1.0,-0.94,23.7,76.3
2023-02-05 02:00:00,254.7856415,176.74737423889,176.764873588888,19.15740742333333,-2.8800000000000003,20.5,2,5.1764362714980825,70.66250196097344,2,6,2,0.4999999999999999,0.8660254037844387,-0.7818314824680299,0.6234898018587334,0.8660254037844386,0.5000000000000001,0.0,0.0,0.0,22.6,46.4,100.0,46.0,-15.5,1.4807127,0.0,-5.8,19.43333332,20.2,19.816666666666663,20.0,20.316666666666663,20.1,-22.03740742333333,0.0185185133333334,-0.524,-2.3560000000000003,-2.9679999999999995,19.29074074555556,-2.4839999999999995,3.370331,3.3173864,3.339226,3.3759902,3.3586974,0,0.0,0,1.0,-0.94,23.5,76.5
2023-02-05 02:15:00,151.596713705554,75.57642123889,75.58558762222,19.43333332,-2.9679999999999995,20.1,2,5.1764362714980825,70.66250196097344,2,6,2,0.4999999999999999,0.8660254037844387,-0.7818314824680299,0.6234898018587334,0.8660254037844386,0.5000000000000001,0.0,0.0,0.0,22.925,47.05,100.0,46.5,-15.3,1.5049558,0.0,-5.725,19.201851816666665,20.5,20.2,19.816666666666663,20.0,19.716666666666665,-22.40133332,0.2759258966666671,-0.0879999999999991,-2.8800000000000003,-2.976,19.243209884444443,-2.7346666666666657,3.3586974,3.370331,3.3173864,3.339226,3.2500482,0,0.0,0,1.0,-0.87,21.2,78.8
2023-02-05 02:30:00,194.261118027782,107.798743427778,107.809020816666,19.201851816666665,-2.976,19.716666666666665,2,5.1764362714980825,70.66250196097344,2,6,2,0.4999999999999999,0.8660254037844387,-0.7818314824680299,0.6234898018587334,0.8660254037844386,0.5000000000000001,0.0,0.0,0.0,23.25,47.7,100.0,47.0,-15.1,1.5294137,0.0,-5.65,19.0111111,20.1,20.5,20.2,19.816666666666663,20.0,-22.177851816666664,-0.2314815033333346,-0.0080000000000004,-2.9679999999999995,-2.9753333333333334,19.26419752,-2.941333333333332,3.2500482,3.3586974,3.370331,3.3173864,3.2598786,0,0.0,0,1.0,-0.93,23.2,76.8
2023-02-05 02:45:00,261.697309555552,173.23695916111,173.25334742222,19.0111111,-2.9753333333333334,20.0,2,5.1764362714980825,70.66250196097344,2,6,2,0.4999999999999999,0.8660254037844387,-0.7818314824680299,0.6234898018587334,0.8660254037844386,0.5000000000000001,0.0,0.0,0.0,23.575,48.35,100.0,47.5,-14.9,1.5540876,0.0,-5.575,19.34074075333333,19.716666666666665,20.1,20.5,20.2,19.816666666666663,-21.98644443333333,-0.1907407166666637,0.0006666666666665,-2.976,-2.576,19.215432078888888,-2.973111111111109,3.2598786,3.2500482,3.3586974,3.370331,3.2933605,0,0.0,0,1.0,-0.97,24.9,75.1
2023-02-05 03:00:00,235.951117144444,153.705518183334,153.719406544444,19.34074075333333,-2.576,19.816666666666663,2,5.1764362714980825,70.66250196097344,3,6,2,0.7071067811865476,0.7071067811865476,-0.7818314824680299,0.6234898018587334,0.8660254037844386,0.5000000000000001,0.0,0.0,0.0,23.9,49.0,100.0,48.0,-14.7,1.5789785,0.0,-5.5,19.38333334,20.0,19.716666666666665,20.1,20.5,19.2,-21.91674075333333,0.3296296533333311,0.3993333333333333,-2.9753333333333334,-2.2333333333333334,19.18456789,-2.842444444444443,3.2933605,3.2598786,3.2500482,3.3586974,3.1988842,0,0.0,0,1.0,-0.9,22.0,78.0
2023-02-05 03:15:00,115.722870866668,45.562066311112,45.568177216666,19.38333334,-2.2333333333333334,19.2,1,5.1764362714980825,70.66250196097344,3,6,2,0.7071067811865476,0.7071067811865476,-0.7818314824680299,0.6234898018587334,0.8660254037844386,0.5000000000000001,0.0,0.0,0.0,23.9,49.25,100.0,48.5,-14.475,1.6098872,0.0,-5.375,18.98518519,19.816666666666663,20.0,19.716666666666665,20.1,19.65,-21.61666667333333,0.0425925866666681,0.3426666666666667,-2.576,-2.1086666666666667,19.24506173111111,-2.5948888888888875,3.1988842,3.2933605,3.2598786,3.2500482,3.1979332,0,0.0,1,1.0,-0.89,21.8,78.2
2023-02-05 03:30:00,218.331544205554,148.143796244444,148.15935122222,18.98518519,-2.1086666666666667,19.65,2,5.1764362714980825,70.66250196097344,3,6,2,0.7071067811865476,0.7071067811865476,-0.7818314824680299,0.6234898018587334,0.8660254037844386,0.5000000000000001,0.0,0.0,0.0,23.9,49.5,100.0,49.0,-14.25,1.6412101,0.0,-5.25,19.11111113,19.2,19.816666666666663,20.0,19.716666666666665,19.65,-21.093851856666667,-0.3981481500000008,0.1246666666666667,-2.2333333333333334,-1.888,19.23641976111111,-2.3059999999999987,3.1979332,3.1988842,3.2933605,3.2598786,3.2217796,0,0.0,1,1.0,-0.98,25.2,74.8
2023-02-05 03:45:00,259.87210473333204,167.454690427778,167.46885656111,19.11111113,-1.888,19.65,2,5.1764362714980825,70.66250196097344,3,6,2,0.7071067811865476,0.7071067811865476,-0.7818314824680299,0.6234898018587334,0.8660254037844386,0.5000000000000001,0.0,0.0,0.0,23.9,49.75,100.0,49.5,-14.025,1.6729522,0.0,-5.125,19.44629627333333,19.65,19.2,19.816666666666663,20.0,19.316666666666663,-20.99911113,0.1259259399999983,0.2206666666666665,-2.1086666666666667,-1.782,19.159876553333334,-2.0766666666666658,3.2217796,3.1979332,3.1988842,3.2933605,3.2302647,0,0.0,0,1.0,-0.95,24.1,75.9
2023-02-05 04:00:00,173.270846688888,85.498524355556,85.50852402222,19.44629627333333,-1.782,19.316666666666663,2,5.1764362714980825,70.66250196097344,4,6,2,0.8660254037844386,0.5000000000000001,-0.7818314824680299,0.6234898018587334,0.8660254037844386,0.5000000000000001,0.0,0.0,0.0,23.9,50.0,100.0,50.0,-13.8,1.7051173,0.0,-5.0,19.23888891,19.65,19.65,19.2,19.816666666666663,19.05,-21.22829627333333,0.3351851433333372,0.1060000000000001,-1.888,-1.6853333333333331,19.18086419777778,-1.9262222222222207,3.2302647,3.2217796,3.1979332,3.1988842,3.1470163,0,0.0,0,1.0,-0.88,21.2,78.8
2023-02-05 04:15:00,161.867969538886,87.821487033332,87.831486666664,19.23888891,-1.6853333333333331,19.05,2,5.1764362714980825,70.66250196097344,4,6,2,0.8660254037844386,0.5000000000000001,-0.7818314824680299,0.6234898018587334,0.8660254037844386,0.5000000000000001,0.0,0.0,0.0,23.725,49.825,99.0,50.5,-13.525,1.747095,0.0,-4.8,18.96851854333333,19.316666666666663,19.65,19.65,19.2,19.466666666666665,-20.92422224333333,-0.2074073633333348,0.0966666666666666,-1.782,-1.594666666666667,19.265432104444447,-1.78511111111111,3.1470163,3.2302647,3.2217796,3.1979332,3.1649816,0,0.0,0,1.0,-0.92,23.1,76.9
2023-02-05 04:30:00,236.030558466664,160.745792127778,160.76079156111,18.96851854333333,-1.594666666666667,19.466666666666665,2,5.1764362714980825,70.66250196097344,4,6,2,0.8660254037844386,0.5000000000000001,-0.7818314824680299,0.6234898018587334,0.8660254037844386,0.5000000000000001,0.0,0.0,0.0,23.55,49.65,98.0,51.0,-13.25,1.789886,0.0,-4.6,19.25555555,19.05,19.316666666666663,19.65,19.65,19.5,-20.56318521,-0.2703703666666648,0.0906666666666666,-1.6853333333333331,-1.576,19.217901242222226,-1.6873333333333322,3.1649816,3.1470163,3.2302647,3.2217796,3.2245193,0,0.0,0,1.0,-0.98,25.4,74.6
2023-02-05 04:45:00,538.399852044444,139.269428983334,139.283039572222,19.25555555,-1.576,19.5,2,5.1764362714980825,70.66250196097344,4,6,2,0.8660254037844386,0.5000000000000001,-0.7818314824680299,0.6234898018587334,0.8660254037844386,0.5000000000000001,0.0,0.0,0.0,23.375,49.475,97.0,51.5,-12.975,1.8335034,0.0,-4.4,19.38518519333333,19.466666666666665,19.05,19.316666666666663,19.65,19.5,-20.83155555,0.2870370066666652,0.0186666666666666,-1.594666666666667,-1.536,19.154321001111114,-1.6186666666666654,3.2245193,3.1649816,3.1470163,3.2302647,3.2492208,0,0.0,0,1.0,-0.92,22.8,77.2
2023-02-05 05:00:00,203.949619422224,133.551879944444,133.564935005554,19.38518519333333,-1.536,19.5,2,5.1764362714980825,70.66250196097344,5,6,2,0.9659258262890684,0.2588190451025207,-0.7818314824680299,0.6234898018587334,0.8660254037844386,0.5000000000000001,0.0,0.0,0.0,23.2,49.3,96.0,52.0,-12.7,1.8779607,0.0,-4.2,19.33333332,19.5,19.466666666666665,19.05,19.316666666666663,19.5,-20.921185193333333,0.129629643333331,0.04,-1.576,-1.4586666666666666,19.20308642888889,-1.568888888888888,3.2492208,3.2245193,3.1649816,3.1470163,3.23932,0,0.0,0,1.0,-0.89,21.7,78.3
2023-02-05 05:15:00,186.489762244448,108.610377611112,108.621210511112,19.33333332,-1.4586666666666666,19.5,2,5.1764362714980825,70.66250196097344,5,6,2,0.9659258262890684,0.2588190451025207,-0.7818314824680299,0.6234898018587334,0.8660254037844386,0.5000000000000001,0.0,0.0,0.0,23.125,48.95,97.0,52.5,-12.5,1.9061977,0.0,-4.125,19.238888893333336,19.5,19.5,19.466666666666665,19.05,19.5,-20.791999986666667,-0.0518518733333301,0.0773333333333334,-1.536,-1.3153333333333337,19.324691354444447,-1.5235555555555544,3.23932,3.2492208,3.2245193,3.1649816,3.221355,0,0.0,0,1.0,-0.9,22.1,77.9
2023-02-05 05:30:00,236.578036450002,138.288357111112,138.30196771666598,19.238888893333336,-1.3153333333333337,19.5,2,5.1764362714980825,70.66250196097344,5,6,2,0.9659258262890684,0.2588190451025207,-0.7818314824680299,0.6234898018587334,0.8660254037844386,0.5000000000000001,0.0,0.0,0.0,23.05,48.6,98.0,53.0,-12.3,1.934677,0.0,-4.05,19.25555556,19.5,19.5,19.5,19.466666666666665,19.2,-20.55422222666667,-0.0944444266666657,0.1433333333333331,-1.4586666666666666,-1.272,19.319135802222224,-1.4366666666666656,3.221355,3.23932,3.2492208,3.2245193,3.1749113,0,0.0,0,1.0,-0.92,23.0,77.0
2023-02-05 05:45:00,121.31542493889,44.151844972222,44.158233649998,19.25555556,-1.272,19.2,1,5.1764362714980825,70.66250196097344,5,6,2,0.9659258262890684,0.2588190451025207,-0.7818314824680299,0.6234898018587334,0.8660254037844386,0.5000000000000001,0.0,0.0,0.0,22.975,48.25,99.0,53.5,-12.1,1.9634007,0.0,-3.975,18.914814826666667,19.5,19.5,19.5,19.5,19.466666666666665,-20.52755556,0.0166666666666657,0.0433333333333334,-1.3153333333333337,-1.26,19.275925924444447,-1.3486666666666656,3.1749113,3.221355,3.23932,3.2492208,3.1549606,0,0.0,1,1.0,-0.92,22.9,77.1
2023-02-05 06:00:00,222.18333456111,151.281726272222,151.29533686111,18.914814826666667,-1.26,19.466666666666665,2,5.1764362714980825,70.66250196097344,6,6,2,1.0,6.123233995736766e-17,-0.7818314824680299,0.6234898018587334,0.8660254037844386,0.5000000000000001,0.0,0.0,0.0,22.9,47.9,100.0,54.0,-11.9,1.9923695,0.0,-3.9,19.14444443,19.2,19.5,19.5,19.5,19.5,-20.17481482666667,-0.3407407333333339,0.012,-1.272,-1.2446666666666668,19.13641976000001,-1.2824444444444432,3.1549606,3.1749113,3.221355,3.23932,3.203476,0,0.0,1,1.0,-1.0,25.9,74.1
2023-02-05 06:15:00,240.708149172218,162.739045727778,162.75348963333198,19.14444443,-1.2446666666666668,19.5,2,5.1764362714980825,70.66250196097344,6,6,2,1.0,6.123233995736766e-17,-0.7818314824680299,0.6234898018587334,0.8660254037844386,0.5000000000000001,0.0,0.0,0.0,22.725,47.625,100.0,54.25,-11.675,2.0266829,0.0,-3.725,19.3685185,19.466666666666665,19.2,19.5,19.5,19.316666666666663,-20.389111096666667,0.2296296033333327,0.0153333333333331,-1.26,-1.1746666666666667,19.104938272222224,-1.2588888888888878,3.203476,3.1549606,3.1749113,3.221355,3.2155173,0,0.0,0,1.0,-0.94,23.8,76.2
2023-02-05 06:30:00,107.585974188888,32.195378783334,32.200378616666,19.3685185,-1.1746666666666667,19.316666666666663,1,5.1764362714980825,70.66250196097344,6,6,2,1.0,6.123233995736766e-17,-0.7818314824680299,0.6234898018587334,0.8660254037844386,0.5000000000000001,0.0,0.0,0.0,22.55,47.35,100.0,54.5,-11.45,2.0615041,0.0,-3.55,19.04999998,19.5,19.466666666666665,19.2,19.5,19.35,-20.543185166666667,0.2240740700000003,0.07,-1.2446666666666668,-1.0733333333333337,19.14259258555556,-1.2264444444444436,3.2155173,3.203476,3.1549606,3.1749113,3.1611779,0,0.0,1,1.0,-0.89,21.9,78.1
2023-02-05 06:45:00,220.583120772222,135.365696288888,135.37847356111,19.04999998,-1.0733333333333337,19.35,2,5.1764362714980825,70.66250196097344,6,6,2,1.0,6.123233995736766e-17,-0.7818314824680299,0.6234898018587334,0.8660254037844386,0.5000000000000001,0.0,0.0,0.0,22.375,47.075,100.0,54.75,-11.225,2.096841,0.0,-3.375,19.098148153333334,19.316666666666663,19.5,19.466666666666665,19.2,19.5,-20.123333313333333,-0.3185185200000013,0.1013333333333332,-1.1746666666666667,-1.036,19.187654303333336,-1.1642222222222212,3.1611779,3.2155173,3.203476,3.1549606,3.1947436,0,0.0,1,1.0,-0.97,24.7,75.3
2023-02-05 07:00:00,241.5711701,157.716468855556,157.732023849998,19.098148153333334,-1.036,19.5,2,5.1764362714980825,70.66250196097344,7,6,2,0.9659258262890684,-0.2588190451025206,-0.7818314824680299,0.6234898018587334,0.8660254037844386,0.5000000000000001,0.0,0.0,0.0,22.2,46.8,100.0,55.0,-11.0,2.1326993,0.0,-3.2,19.3722222,19.35,19.316666666666663,19.5,19.466666666666665,19.45,-20.13414815333333,0.0481481733333346,0.0373333333333334,-1.0733333333333337,-0.9053333333333332,19.172222211111112,-1.0946666666666656,3.1947436,3.1611779,3.2155173,3.203476,3.238419,0,0.0,0,1.0,-0.95,24.2,75.8
2023-02-05 07:15:00,128.020156772222,47.472823227778,47.480878505554,19.3722222,-0.9053333333333332,19.45,1,5.1764362714980825,70.66250196097344,7,6,2,0.9659258262890684,-0.2588190451025206,-0.7818314824680299,0.6234898018587334,0.8660254037844386,0.5000000000000001,0.0,0.0,0.0,22.5,46.525,100.0,56.25,-10.625,2.196662,0.0,-3.1,19.13518515333333,19.5,19.35,19.316666666666663,19.5,19.216666666666665,-20.27755553333333,0.2740740466666658,0.1306666666666667,-1.036,-0.6980000000000001,19.173456777777776,-1.0048888888888878,3.238419,3.1947436,3.1611779,3.2155173,3.1552064,0,0.0,1,1.0,-0.89,21.8,78.2
2023-02-05 07:30:00,194.306116377776,124.35030353889,124.362803055556,19.13518515333333,-0.6980000000000001,19.216666666666665,2,5.1764362714980825,70.66250196097344,7,6,2,0.9659258262890684,-0.2588190451025206,-0.7818314824680299,0.6234898018587334,0.8660254037844386,0.5000000000000001,0.0,0.0,0.0,22.8,46.25,100.0,57.5,-10.25,2.2614121,0.0,-3.0,19.08333331,19.45,19.5,19.35,19.316666666666663,19.5,-19.833185153333336,-0.2370370466666642,0.2073333333333332,-0.9053333333333332,-0.426,19.20185183555556,-0.8797777777777767,3.1552064,3.238419,3.1947436,3.1611779,3.1919532,0,0.0,1,1.0,-0.95,23.9,76.1
2023-02-05 07:45:00,211.567648172218,141.57822556111,141.592947238886,19.08333331,-0.426,19.5,2,5.1764362714980825,70.66250196097344,7,6,2,0.9659258262890684,-0.2588190451025206,-0.7818314824680299,0.6234898018587334,0.8660254037844386,0.5000000000000001,0.0,0.0,0.0,23.1,45.975,100.0,58.75,-9.875,2.3269567,0.0,-2.9,19.35925922333333,19.216666666666665,19.45,19.5,19.35,19.5,-19.50933331,-0.0518518433333348,0.272,-0.6980000000000001,-0.1706666666666666,19.196913554444446,-0.6764444444444434,3.1919532,3.1552064,3.238419,3.1947436,3.244267,0,0.0,0,1.0,-0.96,24.4,75.6
2023-02-05 08:00:00,207.526143088888,121.256260688888,121.267649133332,19.35925922333333,-0.1706666666666666,19.5,2,5.1764362714980825,70.66250196097344,8,6,2,0.8660254037844387,-0.4999999999999998,-0.7818314824680299,0.6234898018587334,0.8660254037844386,0.5000000000000001,0.0,0.0,0.0,23.4,45.7,100.0,60.0,-9.5,2.393303,0.0,-2.8,19.3333333,19.5,19.216666666666665,19.45,19.5,19.5,-19.52992589,0.2759259133333316,0.2553333333333334,-0.426,-0.0053333333333333,19.192592562222224,-0.4315555555555544,3.244267,3.1919532,3.1552064,3.238419,3.23932,0,0.0,0,1.0,-0.89,21.9,78.1
2023-02-05 08:15:00,125.189436655556,36.721308872222,36.726308705554,19.3333333,-0.0053333333333333,19.5,1,5.1764362714980825,70.66250196097344,8,6,2,0.8660254037844387,-0.4999999999999998,-0.7818314824680299,0.6234898018587334,0.8660254037844386,0.5000000000000001,3.5,0.875,0.2916666666666667,23.05,46.075,100.0,59.5,-9.45,2.398598,0.0,-2.65,19.02222222,19.5,19.5,19.216666666666665,19.45,19.683333333333334,-19.33866663333333,-0.0259259233333324,0.1653333333333333,-0.1706666666666666,0.2886666666666667,19.258641944444445,-0.2006666666666655,3.23932,3.244267,3.1919532,3.1552064,3.2103677,0,0.0,1,1.0,-0.9,22.1,77.9
2023-02-05 08:30:00,219.409556616666,145.964994483334,145.979160616666,19.02222222,0.2886666666666667,19.683333333333334,2,5.1764362714980825,70.66250196097344,8,6,2,0.8660254037844387,-0.4999999999999998,-0.7818314824680299,0.6234898018587334,0.8660254037844386,0.5000000000000001,7.0,2.625,0.875,22.7,46.45,100.0,59.0,-9.4,2.4037015,0.0,-2.5,19.23888887,19.5,19.5,19.5,19.216666666666665,19.95,-18.73355555333333,-0.3111110799999999,0.294,-0.0053333333333333,0.52,19.23827158111111,0.0375555555555567,3.2103677,3.23932,3.244267,3.1919532,3.2956944,0,0.0,1,1.0,-0.97,24.9,75.1
2023-02-05 08:45:00,174.68079037221798,100.297932372222,100.311543011108,19.23888887,0.52,19.95,2,5.1764362714980825,70.66250196097344,8,6,2,0.8660254037844387,-0.4999999999999998,-0.7818314824680299,0.6234898018587334,0.8660254037844386,0.5000000000000001,10.5,5.25,1.75,22.35,46.825,100.0,58.5,-9.35,2.4086113,0.0,-2.35,19.26296298333333,19.683333333333334,19.5,19.5,19.5,19.53333333333333,-18.71888887,0.2166666500000005,0.2313333333333333,0.2886666666666667,0.778,19.198148130000003,0.2677777777777789,3.2956944,3.2103677,3.23932,3.244267,3.2314408,0,0.0,0,1.0,-0.92,22.9,77.1
2023-02-05 09:00:00,150.976182977776,73.5753902,73.583723216666,19.26296298333333,0.778,19.53333333333333,2,5.1764362714980825,70.66250196097344,9,6,2,0.7071067811865476,-0.7071067811865475,-0.7818314824680299,0.6234898018587334,0.8660254037844386,0.5000000000000001,14.0,8.75,2.9166666666666665,22.0,47.2,100.0,58.0,-9.3,2.4133217,0.0,-2.2,19.08333337,19.95,19.683333333333334,19.5,19.5,19.85,-18.484962983333336,0.0240741133333344,0.258,0.52,1.1053333333333335,19.174691357777775,0.5288888888888902,3.2314408,3.2956944,3.2103677,3.23932,3.249245,0,0.0,0,1.0,-0.92,22.7,77.3
2023-02-05 09:15:00,216.168852949998,142.667070872222,142.682348077776,19.08333337,1.1053333333333335,19.85,2,5.1764362714980825,70.66250196097344,9,6,2,0.7071067811865476,-0.7071067811865475,-0.7818314824680299,0.6234898018587334,0.8660254037844386,0.5000000000000001,30.0,15.375,5.416666666666667,21.525,46.825,100.0,57.75,-9.0,2.4712367,0.0,-1.8000000000000005,19.355555523333333,19.53333333333333,19.95,19.683333333333334,19.5,20.0,-17.978000036666664,-0.1796296133333363,0.3273333333333335,0.778,1.4173333333333331,19.195061741111115,0.8011111111111123,3.249245,3.2314408,3.2956944,3.2103677,3.3267283,0,0.0,0,1.0,-0.96,24.3,75.7
2023-02-05 09:30:00,167.195256438886,80.88037577222201,80.89176428333,19.355555523333333,1.4173333333333331,20.0,2,5.1764362714980825,70.66250196097344,9,6,2,0.7071067811865476,-0.7071067811865475,-0.7818314824680299,0.6234898018587334,0.8660254037844386,0.5000000000000001,46.0,25.125,9.25,21.05,46.45,100.0,57.5,-8.7,2.5302532,0.0,-1.4,19.25555553,19.85,19.53333333333333,19.95,19.683333333333334,19.7,-17.93822219,0.2722221533333346,0.3119999999999996,1.1053333333333335,1.7593333333333334,19.23395062555556,1.100222222222223,3.3267283,3.249245,3.2314408,3.2956944,3.2575915,0,0.0,0,1.0,-0.89,21.8,78.2
2023-02-05 09:45:00,141.889879827774,53.1528738,53.160929077776,19.25555553,1.7593333333333334,19.7,1,5.1764362714980825,70.66250196097344,9,6,2,0.7071067811865476,-0.7071067811865475,-0.7818314824680299,0.6234898018587334,0.8660254037844386,0.5000000000000001,62.0,38.0,14.416666666666666,20.575000000000003,46.075,100.0,57.25,-8.4,2.590384,0.0,-1.0,18.97222224333333,20.0,19.85,19.53333333333333,19.95,20.15,-17.496222196666665,-0.0999999933333342,0.3420000000000003,1.4173333333333331,2.0973333333333333,19.231481474444447,1.4273333333333345,3.2575915,3.3267283,3.249245,3.2314408,3.276797,0,0.0,1,1.0,-0.92,22.8,77.2
2023-02-05 10:00:00,214.245596466668,144.360614211112,144.3742248,18.97222224333333,2.0973333333333333,20.15,2,5.1764362714980825,70.66250196097344,10,6,2,0.4999999999999999,-0.8660254037844387,-0.7818314824680299,0.6234898018587334,0.8660254037844386,0.5000000000000001,78.0,54.0,20.916666666666668,20.1,45.7,100.0,57.0,-8.1,2.6516426,0.0,-0.6,19.28333335,19.7,20.0,19.85,19.53333333333333,20.15,-16.874888909999996,-0.283333286666668,0.3379999999999998,1.7593333333333334,2.5,19.194444432222223,1.7580000000000011,3.276797,3.2575915,3.3267283,3.249245,3.3374586,0,0.0,1,1.0,-0.98,25.2,74.8
2023-02-05 10:15:00,117.972503144444,47.676426183334,47.683925916666,19.28333335,2.5,20.15,1,5.1764362714980825,70.66250196097344,10,6,2,0.4999999999999999,-0.8660254037844387,-0.7818314824680299,0.6234898018587334,0.8660254037844386,0.5000000000000001,96.75,70.6875,28.979166666666668,18.5,44.900000000000006,100.0,57.5,-7.574999999999999,2.7546601,0.0,-0.1749999999999999,19.296296270000003,20.15,19.7,20.0,19.85,20.0,-16.78333335,0.3111111066666687,0.4026666666666667,2.0973333333333333,3.0373333333333337,19.17037037444444,2.11888888888889,3.3374586,3.276797,3.2575915,3.3267283,3.3151433,0,0.0,1,1.0,-0.91,22.4,77.6
2023-02-05 10:30:00,176.89931266111,98.984096044444,98.992984572222,19.296296270000003,3.0373333333333337,20.0,2,5.1764362714980825,70.66250196097344,10,6,2,0.4999999999999999,-0.8660254037844387,-0.7818314824680299,0.6234898018587334,0.8660254037844386,0.5000000000000001,115.5,88.0625,38.60416666666666,16.9,44.1,100.0,58.0,-7.05,2.8611622,0.0,0.2500000000000001,19.27777778,20.15,20.15,19.7,20.0,20.35,-16.25896293666667,0.0129629200000032,0.5373333333333337,2.5,3.394,19.183950621111112,2.5448888888888903,3.3151433,3.3374586,3.276797,3.2575915,3.3694823,0,0.0,1,1.0,-0.91,22.4,77.6
2023-02-05 10:45:00,204.69570076111,113.388242072222,113.3979639,19.27777778,3.394,20.35,2,5.1764362714980825,70.66250196097344,10,6,2,0.4999999999999999,-0.8660254037844387,-0.7818314824680299,0.6234898018587334,0.8660254037844386,0.5000000000000001,134.25,106.125,49.79166666666666,15.3,43.3,100.0,58.5,-6.525,2.971249,0.0,0.6750000000000002,19.474074066666667,20.0,20.15,20.15,19.7,20.316666666666663,-15.88377778,-0.0185184900000017,0.3566666666666664,3.0373333333333337,3.726,19.285802466666667,2.9771111111111126,3.3694823,3.3151433,3.3374586,3.276797,3.403046,0,0.0,0,1.0,-0.91,22.4,77.6
2023-02-05 11:00:00,106.751840855556,18.612311027778,18.61758868333,19.474074066666667,3.726,20.316666666666663,1,5.1764362714980825,70.66250196097344,11,6,2,0.258819045102521,-0.9659258262890682,-0.7818314824680299,0.6234898018587334,0.8660254037844386,0.5000000000000001,153.0,124.875,62.54166666666666,13.7,42.5,100.0,59.0,-6.0,3.0850239,0.0,1.1,19.51111112,20.35,20.0,20.15,20.15,20.5,-15.748074066666668,0.1962962866666657,0.3319999999999998,3.394,3.993333333333333,19.34938270555556,3.385777777777779,3.403046,3.3694823,3.3151433,3.3374586,3.4412389,0,0.0,1,1.0,-0.86,20.8,79.2
2023-02-05 11:15:00,754.154832500004,129.082892044444,129.094836,19.51111112,3.993333333333333,20.5,2,5.1764362714980825,70.66250196097344,11,6,2,0.258819045102521,-0.9659258262890682,-0.7818314824680299,0.6234898018587334,0.8660254037844386,0.5000000000000001,178.25,145.25,77.10416666666667,14.175,40.775,100.0,57.5,-5.875,3.1160598,0.0,1.625,19.448148106666665,20.316666666666663,20.35,20.0,20.15,22.633333333333333,-15.51777778666667,0.0370370533333357,0.2673333333333332,3.726,4.208,19.42098765555556,3.7044444444444458,3.4412389,3.403046,3.3694823,3.3151433,3.7853127,0,0.0,1,1.0,-0.86,20.4,79.6
2023-02-05 11:30:00,947.600150027778,25.571754872222,25.585365477776,19.448148106666665,4.208,22.633333333333333,1,5.1764362714980825,70.66250196097344,11,6,2,0.258819045102521,-0.9659258262890682,-0.7818314824680299,0.6234898018587334,0.8660254037844386,0.5000000000000001,203.5,167.25,93.47916666666669,14.65,39.05,100.0,56.0,-5.75,3.1447713,0.0,2.1500000000000004,19.31111111,20.5,20.316666666666663,20.35,20.0,25.25,-15.240148106666664,-0.0629630133333378,0.214666666666667,3.993333333333333,4.481333333333334,19.477777764444443,3.975777777777779,3.7853127,3.4412389,3.403046,3.3694823,4.189022,0,0.0,1,1.0,-0.86,20.5,79.5
2023-02-05 11:45:00,1240.739535149998,0.0,0.0,19.31111111,4.481333333333334,25.25,0,5.1764362714980825,70.66250196097344,11,6,2,0.258819045102521,-0.9659258262890682,-0.7818314824680299,0.6234898018587334,0.8660254037844386,0.5000000000000001,228.75,190.875,111.66666666666669,15.125,37.325,100.0,54.5,-5.625,3.1709738,0.0,2.675,19.081481476666667,22.633333333333333,20.5,20.316666666666663,20.35,27.55,-14.829777776666669,-0.1370369966666622,0.2733333333333334,4.208,4.832666666666666,19.42345677888889,4.227555555555557,4.189022,3.7853127,3.4412389,3.403046,4.509165,1,1.0,1,0.75,-0.87,21.2,78.8
2023-02-05 12:00:00,323.001801761106,0.0,0.0,19.081481476666667,4.832666666666666,27.55,0,5.1764362714980825,70.66250196097344,12,6,2,1.2246467991473532e-16,-1.0,-0.7818314824680299,0.6234898018587334,0.8660254037844386,0.5000000000000001,254.0,216.125,131.66666666666666,15.6,35.6,100.0,53.0,-5.5,3.1944752,0.0,3.2,18.9722222,25.25,22.633333333333333,20.5,20.316666666666663,28.1,-14.24881481,-0.2296296333333352,0.3513333333333328,4.481333333333334,5.408,19.28024689777778,4.507333333333334,4.509165,4.189022,3.7853127,3.4412389,4.5696282,0,2.0,0,0.5,-0.91,22.7,77.3
2023-02-05 12:15:00,706.756173022224,0.0,0.0,18.9722222,5.408,28.1,0,5.1764362714980825,70.66250196097344,12,6,2,1.2246467991473532e-16,-1.0,-0.7818314824680299,0.6234898018587334,0.8660254037844386,0.5000000000000001,279.75,241.5,152.47916666666666,14.95,35.525,100.0,52.0,-5.375,3.2192905,0.0,3.6,19.12962966,27.55,25.25,22.633333333333333,20.5,29.666666666666668,-13.564222199999996,-0.1092592766666697,0.5753333333333339,4.832666666666666,6.013333333333334,19.12160492888889,4.907333333333335,4.5696282,4.509165,4.189022,3.7853127,4.869409,0,3.0,0,0.25,-0.94,23.5,76.5
2023-02-05 12:30:00,1128.795957622216,152.22168870555402,152.238910249998,19.12962966,6.013333333333334,29.666666666666668,2,5.1764362714980825,70.66250196097344,12,6,2,1.2246467991473532e-16,-1.0,-0.7818314824680299,0.6234898018587334,0.8660254037844386,0.5000000000000001,305.5,267.0,174.10416666666666,14.3,35.45,100.0,51.0,-5.25,3.24281,0.0,4.0,19.53333333,28.1,27.55,25.25,22.633333333333333,30.9,-13.116296326666664,0.1574074600000017,0.6053333333333333,5.408,6.382666666666666,19.061111112222225,5.418000000000002,4.869409,4.5696282,4.509165,4.189022,5.1938176,0,3.0,1,0.25,-0.89,21.8,78.2
2023-02-05 12:45:00,258.520214311112,0.0,0.0,19.53333333,6.382666666666666,30.9,0,5.1764362714980825,70.66250196097344,12,6,2,1.2246467991473532e-16,-1.0,-0.7818314824680299,0.6234898018587334,0.8660254037844386,0.5000000000000001,331.25,292.625,196.54166666666663,13.65,35.375,100.0,50.0,-5.125,3.2649555,0.0,4.4,19.83888887333333,29.666666666666668,28.1,27.55,25.25,30.066666666666663,-13.150666663333336,0.4037036700000023,0.3693333333333326,6.013333333333334,6.715999999999999,19.21172839666667,5.934666666666668,5.1938176,4.869409,4.5696282,4.509165,5.145212,1,3.0,1,0.25,-0.79,18.3,81.7
2023-02-05 13:00:00,659.117523177776,0.0,0.0,19.83888887333333,6.715999999999999,30.066666666666663,0,5.1764362714980825,70.66250196097344,13,6,2,-0.2588190451025208,-0.9659258262890684,-0.7818314824680299,0.6234898018587334,0.8660254037844386,0.5000000000000001,357.0,318.375,219.79166666666663,13.0,35.3,100.0,49.0,-5.0,3.2856476,0.0,4.8,19.83333332,30.9,29.666666666666668,28.1,27.55,29.95,-13.122888873333336,0.3055555433333339,0.333333333333333,6.382666666666666,6.776666666666667,19.500617287777786,6.370666666666668,5.145212,5.1938176,4.869409,4.5696282,5.1235795,0,3.0,0,0.25,-0.73,16.1,83.9
2023-02-05 13:15:00,108.182894777776,0.0,0.0,19.83333332,6.776666666666667,29.95,0,5.1764362714980825,70.66250196097344,13,6,2,-0.2588190451025208,-0.9659258262890684,-0.7818314824680299,0.6234898018587334,0.8660254037844386,0.5000000000000001,358.0,337.9375,241.5625,12.725,34.4,100.0,48.5,-4.775,3.3337238,0.0,5.175,19.61666668333333,30.066666666666663,30.9,29.666666666666668,28.1,29.35,-13.056666653333334,-0.005555553333334,0.0606666666666679,6.715999999999999,6.766666666666667,19.73518517444445,6.625111111111113,5.1235795,5.145212,5.1938176,4.869409,4.9574995,0,3.0,0,0.25,-0.73,16.2,83.8
2023-02-05 13:30:00,99.911003516662,0.0,0.0,19.61666668333333,6.766666666666667,29.35,0,5.1764362714980825,70.66250196097344,13,6,2,-0.2588190451025208,-0.9659258262890684,-0.7818314824680299,0.6234898018587334,0.8660254037844386,0.5000000000000001,359.0,351.3125,261.8541666666667,12.45,33.5,100.0,48.0,-4.55,3.3818846,0.0,5.55,19.36666665,29.95,30.066666666666663,30.9,29.666666666666668,28.7,-12.85000001666667,-0.216666636666666,-0.0100000000000006,6.776666666666667,6.806666666666668,19.76296295888889,6.753111111111113,4.9574995,5.1235795,5.145212,5.1938176,4.776978,0,4.0,0,0.0,-0.78,17.9,82.1
2023-02-05 13:45:00,115.754814088888,0.0,0.0,19.36666665,6.806666666666668,28.7,0,5.1764362714980825,70.66250196097344,13,6,2,-0.2588190451025208,-0.9659258262890684,-0.7818314824680299,0.6234898018587334,0.8660254037844386,0.5000000000000001,360.0,358.5,280.6666666666667,12.175,32.6,100.0,47.5,-4.324999999999999,3.4301066,0.0,5.925,19.15740742,29.35,29.95,30.066666666666663,30.9,28.78333333333333,-12.55999998333333,-0.2500000333333361,0.0400000000000009,6.766666666666667,6.666,19.605555551111117,6.783333333333335,4.776978,4.9574995,5.1235795,5.145212,4.732164,0,4.0,0,0.0,-0.84,20.0,80.0
2023-02-05 14:00:00,192.554797566664,86.51042831111201,86.517650255556,19.15740742,6.666,28.78333333333333,2,5.1764362714980825,70.66250196097344,14,6,2,-0.4999999999999997,-0.8660254037844388,-0.7818314824680299,0.6234898018587334,0.8660254037844386,0.5000000000000001,361.0,359.5,298.0,11.9,31.7,100.0,47.0,-4.1,3.4783652,0.0,6.3,19.21111109,28.7,29.35,29.95,30.066666666666663,28.1,-12.491407420000002,-0.2092592299999971,-0.140666666666668,6.806666666666668,6.561333333333334,19.38024691777778,6.746444444444446,4.732164,4.776978,4.9574995,5.1235795,4.6344647,0,3.0,1,0.25,-0.89,21.8,78.2
2023-02-05 14:15:00,208.096120338886,134.31657157222202,134.32851556111,19.21111109,6.561333333333334,28.1,2,5.1764362714980825,70.66250196097344,14,6,2,-0.4999999999999997,-0.8660254037844388,-0.7818314824680299,0.6234898018587334,0.8660254037844386,0.5000000000000001,372.5,363.125,314.1875,12.5,32.225,100.0,46.0,-4.125,3.4716997,0.0,6.6,19.429629586666668,28.78333333333333,28.7,29.35,29.95,27.166666666666668,-12.649777756666666,0.0537036699999973,-0.1046666666666658,6.666,6.667333333333334,19.24506172,6.678000000000002,4.6344647,4.732164,4.776978,4.9574995,4.538543,0,2.0,0,0.5,-0.88,21.4,78.6
2023-02-05 14:30:00,83.069454955552,25.775080072222,25.778968849998,19.429629586666668,6.667333333333334,27.166666666666668,1,5.1764362714980825,70.66250196097344,14,6,2,-0.4999999999999997,-0.8660254037844388,-0.7818314824680299,0.6234898018587334,0.8660254037844386,0.5000000000000001,384.0,369.375,329.2291666666667,13.1,32.75,100.0,45.0,-4.15,3.4632418,0.0,6.9,19.27777775,28.1,28.78333333333333,28.7,29.35,26.5,-12.762296253333334,0.2185184966666682,0.1059999999999998,6.561333333333334,6.898,19.26604936555556,6.631555555555557,4.538543,4.6344647,4.732164,4.776978,4.387778,0,1.0,1,0.75,-0.84,19.8,80.2
2023-02-05 14:45:00,138.767504627778,73.67316403889001,73.6828859,19.27777775,6.898,26.5,2,5.1764362714980825,70.66250196097344,14,6,2,-0.4999999999999997,-0.8660254037844388,-0.7818314824680299,0.6234898018587334,0.8660254037844386,0.5000000000000001,395.5,378.25,343.125,13.7,33.275,100.0,44.0,-4.175,3.4529314,0.0,7.2,19.19999998,27.166666666666668,28.1,28.78333333333333,28.7,26.5,-12.37977775,-0.151851836666669,0.2306666666666661,6.667333333333334,7.031999999999999,19.30617280888889,6.70888888888889,4.387778,4.538543,4.6344647,4.732164,4.367719,0,0.0,1,1.0,-0.88,21.2,78.8
2023-02-05 15:00:00,227.094804711112,131.377800227778,131.410021188888,19.19999998,7.031999999999999,26.5,2,5.1764362714980825,70.66250196097344,15,6,2,-0.7071067811865471,-0.7071067811865479,-0.7818314824680299,0.6234898018587334,0.8660254037844386,0.5000000000000001,407.0,389.75,355.875,14.3,33.8,100.0,43.0,-4.2,3.440709,0.0,7.5,19.44444443,26.5,27.166666666666668,28.1,28.78333333333333,26.1,-12.167999979999998,-0.0777777700000008,0.1339999999999994,6.898,7.046666666666667,19.30246910555556,6.865777777777779,4.367719,4.387778,4.538543,4.6344647,4.364144,0,0.0,0,1.0,-0.89,21.9,78.1
2023-02-05 15:15:00,482.947070327774,64.517419183334,64.535474011112,19.44444443,7.046666666666667,26.1,1,5.1764362714980825,70.66250196097344,15,6,2,-0.7071067811865471,-0.7071067811865479,-0.7818314824680299,0.6234898018587334,0.8660254037844386,0.5000000000000001,373.25,389.9375,363.6666666666667,13.65,34.0,100.0,43.5,-4.175,3.452653,0.0,7.375,19.34629628333333,26.5,26.5,27.166666666666668,28.1,25.53333333333333,-12.39777776333333,0.2444444499999996,0.0146666666666677,7.031999999999999,7.083333333333333,19.307407386666664,6.992222222222224,4.364144,4.367719,4.387778,4.538543,4.24481,0,0.0,1,1.0,-0.84,19.9,80.1
2023-02-05 15:30:00,120.526289972218,46.142043144444,46.148154033332005,19.34629628333333,7.083333333333333,25.53333333333333,1,5.1764362714980825,70.66250196097344,15,6,2,-0.7071067811865471,-0.7071067811865479,-0.7818314824680299,0.6234898018587334,0.8660254037844386,0.5000000000000001,339.5,378.8125,366.5,13.0,34.2,100.0,44.0,-4.15,3.4641507,0.0,7.25,19.15,26.1,26.5,26.5,27.166666666666668,25.85,-12.262962950000002,-0.0981481466666629,0.0366666666666661,7.046666666666667,7.122,19.33024689777778,7.054000000000001,4.24481,4.364144,4.367719,4.387778,4.24805,0,0.0,0,1.0,-0.87,20.8,79.2
2023-02-05 15:45:00,201.710264633332,133.036344983334,133.051344433332,19.15,7.122,25.85,2,5.1764362714980825,70.66250196097344,15,6,2,-0.7071067811865471,-0.7071067811865479,-0.7818314824680299,0.6234898018587334,0.8660254037844386,0.5000000000000001,305.75,356.375,364.375,12.35,34.4,100.0,44.5,-4.125,3.47521,0.0,7.125,19.39999999666667,25.53333333333333,26.1,26.5,26.5,26.0,-12.028,-0.1962962833333357,0.0386666666666668,7.083333333333333,7.206666666666666,19.31358023777777,7.0840000000000005,4.24805,4.24481,4.364144,4.367719,4.3360724,0,0.0,1,1.0,-0.91,22.4,77.6
2023-02-05 16:00:00,199.710066927774,135.275422116666,135.293199238886,19.39999999666667,7.206666666666666,26.0,2,5.1764362714980825,70.66250196097344,16,6,2,-0.8660254037844385,-0.5000000000000004,-0.7818314824680299,0.6234898018587334,0.8660254037844386,0.5000000000000001,272.0,322.625,357.2916666666667,11.7,34.6,100.0,45.0,-4.1,3.4858346,0.0,7.0,19.56666667,25.85,25.53333333333333,26.1,26.5,25.65,-12.193333330000002,0.2499999966666699,0.0846666666666662,7.122,7.259333333333333,19.29876542666667,7.137333333333334,4.3360724,4.24805,4.24481,4.364144,4.319827,0,0.0,0,1.0,-0.85,20.3,79.7
2023-02-05 16:15:00,99.33797082222,18.501482144444,18.505648677776,19.56666667,7.259333333333333,25.65,1,5.1764362714980825,70.66250196097344,16,6,2,-0.8660254037844385,-0.5000000000000004,-0.7818314824680299,0.6234898018587334,0.8660254037844386,0.5000000000000001,249.0,291.5625,348.2083333333333,11.625,32.975,100.0,45.75,-4.05,3.5038202,0.0,6.825,19.290740733333333,26.0,25.85,25.53333333333333,26.1,25.866666666666667,-12.307333336666666,0.1666666733333315,0.052666666666667,7.206666666666666,7.3,19.372222222222224,7.1960000000000015,4.319827,4.3360724,4.24805,4.24481,4.2861834,0,0.0,1,1.0,-0.81,19.0,81.0
2023-02-05 16:30:00,197.066839227778,99.989611355556,100.000999816666,19.290740733333333,7.3,25.866666666666667,2,5.1764362714980825,70.66250196097344,16,6,2,-0.8660254037844385,-0.5000000000000004,-0.7818314824680299,0.6234898018587334,0.8660254037844386,0.5000000000000001,226.0,263.1875,337.125,11.55,31.35,100.0,46.5,-4.0,3.5208952,0.0,6.65,19.35000002,25.65,26.0,25.85,25.53333333333333,26.45,-11.990740733333332,-0.2759259366666668,0.0406666666666666,7.259333333333333,7.316666666666666,19.419135800000003,7.255333333333335,4.2861834,4.319827,4.3360724,4.24805,4.398161,0,0.0,1,1.0,-0.88,21.2,78.8
2023-02-05 16:45:00,199.637291955556,112.611606472222,112.631050177776,19.35000002,7.316666666666666,26.45,2,5.1764362714980825,70.66250196097344,16,6,2,-0.8660254037844385,-0.5000000000000004,-0.7818314824680299,0.6234898018587334,0.8660254037844386,0.5000000000000001,203.0,237.5,324.0416666666667,11.475,29.725,100.0,47.25,-3.95,3.5370734,0.0,6.475,19.56666667,25.866666666666667,25.65,26.0,25.85,26.03333333333333,-12.033333353333331,0.0592592866666663,0.0166666666666666,7.3,7.2266666666666675,19.402469141111112,7.292000000000002,4.398161,4.2861834,4.319827,4.3360724,4.384385,0,0.0,0,1.0,-0.86,20.6,79.4
2023-02-05 17:00:00,132.336373116662,20.113639855556,20.149471788888,19.56666667,7.2266666666666675,26.03333333333333,1,5.1764362714980825,70.66250196097344,17,6,2,-0.9659258262890684,-0.2588190451025206,-0.7818314824680299,0.6234898018587334,0.8660254037844386,0.5000000000000001,180.0,214.5,308.9583333333333,11.4,28.1,100.0,48.0,-3.9,3.5523732,0.0,6.3,19.31111108,26.45,25.866666666666667,25.65,26.0,26.35,-12.340000003333332,0.2166666500000005,-0.0899999999999989,7.316666666666666,7.158,19.402469141111112,7.281111111111112,4.384385,4.398161,4.2861834,4.319827,4.3715143,0,0.0,1,1.0,-0.81,18.9,81.1
2023-02-05 17:15:00,263.126418955556,136.684532366668,136.73230823889,19.31111108,7.158,26.35,2,5.1764362714980825,70.66250196097344,17,6,2,-0.9659258262890684,-0.2588190451025206,-0.7818314824680299,0.6234898018587334,0.8660254037844386,0.5000000000000001,144.75,188.4375,289.9791666666667,11.75,27.825000000000003,100.0,48.75,-3.8,3.58436,0.0,6.2,19.49074071,26.03333333333333,26.45,25.866666666666667,25.65,26.316666666666663,-12.15311108,-0.2555555900000001,-0.0686666666666671,7.2266666666666675,7.165333333333334,19.40925925666667,7.233777777777779,4.3715143,4.384385,4.398161,4.2861834,4.412368,0,0.0,1,1.0,-0.87,20.9,79.1
2023-02-05 17:30:00,160.48496934444,42.895228555556,42.921060888888,19.49074071,7.165333333333334,26.316666666666663,1,5.1764362714980825,70.66250196097344,17,6,2,-0.9659258262890684,-0.2588190451025206,-0.7818314824680299,0.6234898018587334,0.8660254037844386,0.5000000000000001,109.5,159.3125,267.1041666666667,12.1,27.55,100.0,49.5,-3.7,3.6157591,0.0,6.1,19.40555553,26.35,26.03333333333333,26.45,25.866666666666667,26.05,-12.325407376666668,0.1796296300000008,0.0073333333333334,7.158,7.061999999999999,19.456172820000003,7.183333333333335,4.412368,4.3715143,4.384385,4.398161,4.345832,0,0.0,1,1.0,-0.83,19.5,80.5
2023-02-05 17:45:00,173.050577733332,84.342737288888,84.350792549998,19.40555553,7.061999999999999,26.05,2,5.1764362714980825,70.66250196097344,17,6,2,-0.9659258262890684,-0.2588190451025206,-0.7818314824680299,0.6234898018587334,0.8660254037844386,0.5000000000000001,74.25,127.125,240.33333333333331,12.45,27.275,100.0,50.25,-3.6,3.6465771,0.0,6.0,19.29074073,26.316666666666663,26.35,26.03333333333333,26.45,26.65,-12.34355553,-0.0851851799999998,-0.1033333333333343,7.165333333333334,6.878666666666667,19.40246910666667,7.128444444444447,4.345832,4.412368,4.3715143,4.384385,4.4159837,0,0.0,1,1.0,-0.85,20.2,79.8
2023-02-05 18:00:00,207.830575411108,135.296810111112,135.311254016666,19.29074073,6.878666666666667,26.65,2,5.1764362714980825,70.66250196097344,18,6,2,-1.0,-1.8369701987210294e-16,-0.7818314824680299,0.6234898018587334,0.8660254037844386,0.5000000000000001,39.0,91.875,209.66666666666663,12.8,27.0,100.0,51.0,-3.5,3.676818,0.0,5.9,19.47222223,26.05,26.316666666666663,26.35,26.03333333333333,26.65,-12.412074063333332,-0.1148148000000013,-0.1833333333333326,7.061999999999999,6.793333333333334,19.395678990000004,7.035333333333334,4.4159837,4.345832,4.412368,4.3715143,4.463394,0,0.0,0,1.0,-0.87,21.0,79.0
2023-02-05 18:15:00,208.411385361114,131.280026355556,131.293636944444,19.47222223,6.793333333333334,26.65,2,5.1764362714980825,70.66250196097344,18,6,2,-1.0,-1.8369701987210294e-16,-0.7818314824680299,0.6234898018587334,0.8660254037844386,0.5000000000000001,29.75,63.125,181.04166666666663,12.325,27.0,100.0,52.25,-3.325,3.7300339,0.0,5.75,19.57222224333333,26.65,26.05,26.316666666666663,26.35,26.5,-12.678888896666669,0.1814815000000003,-0.0853333333333328,6.878666666666667,6.744,19.389506163333337,6.911333333333335,4.463394,4.4159837,4.345832,4.412368,4.464435,0,0.0,0,1.0,-0.83,19.5,80.5
2023-02-05 18:30:00,208.647487033336,132.861907511112,132.875518083334,19.57222224333333,6.744,26.5,2,5.1764362714980825,70.66250196097344,18,6,2,-1.0,-1.8369701987210294e-16,-0.7818314824680299,0.6234898018587334,0.8660254037844386,0.5000000000000001,20.5,40.875,154.45833333333334,11.85,27.0,100.0,53.5,-3.15,3.7818074,0.0,5.6,19.61666666,26.65,26.65,26.05,26.316666666666663,26.5,-12.828222243333332,0.1000000133333323,-0.0493333333333341,6.793333333333334,6.736666666666666,19.445061734444447,6.805333333333334,4.464435,4.463394,4.4159837,4.345832,4.4761066,0,0.0,0,1.0,-0.81,18.8,81.2
2023-02-05 18:45:00,218.695696472214,133.811591772222,133.827146766664,19.61666666,6.736666666666666,26.5,2,5.1764362714980825,70.66250196097344,18,6,2,-1.0,-1.8369701987210294e-16,-0.7818314824680299,0.6234898018587334,0.8660254037844386,0.5000000000000001,11.25,25.125,129.91666666666666,11.375,27.0,100.0,54.75,-2.975,3.8321602,0.0,5.45,19.66296299333333,26.5,26.65,26.65,26.05,26.316666666666663,-12.879999993333334,0.0444444166666677,-0.0073333333333334,6.744,7.032666666666668,19.553703711111112,6.758000000000002,4.4761066,4.464435,4.463394,4.4159837,4.457242,0,0.0,0,1.0,-0.8,18.4,81.6
2023-02-05 19:00:00,222.005286199996,132.6155285,132.629416877776,19.66296299333333,7.032666666666668,26.316666666666663,2,5.1764362714980825,70.66250196097344,19,6,2,-0.9659258262890684,0.2588190451025203,-0.7818314824680299,0.6234898018587334,0.8660254037844386,0.5000000000000001,2.0,15.875,107.41666666666669,10.9,27.0,100.0,56.0,-2.8,3.8811116,0.0,5.3,19.6,26.5,26.5,26.65,26.65,26.0,-12.630296326666668,0.0462963333333341,0.2960000000000011,6.736666666666666,7.118,19.61728396555556,6.83777777777778,4.457242,4.4761066,4.464435,4.463394,4.387355,0,0.0,0,1.0,-0.79,18.1,81.9
2023-02-05 19:15:00,77.281908749994,0.0,0.0,19.6,7.118,26.0,0,5.1764362714980825,70.66250196097344,19,6,2,-0.9659258262890684,0.2588190451025203,-0.7818314824680299,0.6234898018587334,0.8660254037844386,0.5000000000000001,1.5,8.8125,86.79166666666667,11.325,25.925,100.0,57.25,-2.625,3.928682,0.0,5.15,19.311111083333333,26.316666666666663,26.5,26.5,26.65,26.183333333333334,-12.482,-0.0629629933333326,0.0853333333333328,7.032666666666668,7.072666666666667,19.62654321777778,6.962444444444446,4.387355,4.457242,4.4761066,4.464435,4.3438635,1,1.0,1,0.75,-0.8,18.7,81.3
2023-02-05 19:30:00,202.402459194442,133.167173083334,133.18272806111,19.311111083333333,7.072666666666667,26.183333333333334,2,5.1764362714980825,70.66250196097344,19,6,2,-0.9659258262890684,0.2588190451025203,-0.7818314824680299,0.6234898018587334,0.8660254037844386,0.5000000000000001,1.0,3.9375,68.04166666666667,11.75,24.85,100.0,58.5,-2.45,3.97489,0.0,5.0,19.355555560000003,26.0,26.316666666666663,26.5,26.5,26.15,-12.238444416666669,-0.2888889166666679,-0.0453333333333336,7.118,6.912000000000001,19.52469135888889,7.074444444444445,4.3438635,4.387355,4.457242,4.4761066,4.349698,0,1.0,1,0.75,-0.87,21.0,79.0
2023-02-05 19:45:00,235.502801711112,151.082012027778,151.097011444444,19.355555560000003,6.912000000000001,26.15,2,5.1764362714980825,70.66250196097344,19,6,2,-0.9659258262890684,0.2588190451025203,-0.7818314824680299,0.6234898018587334,0.8660254037844386,0.5000000000000001,0.5,1.25,51.16666666666666,12.175,23.775,100.0,59.75,-2.275,4.019757,0.0,4.85,19.564814836666663,26.183333333333334,26.0,26.316666666666663,26.5,26.0,-12.443555560000002,0.0444444766666691,-0.1606666666666658,7.072666666666667,6.704,19.42222221444445,7.034222222222224,4.349698,4.3438635,4.387355,4.457242,4.378295,0,1.0,0,0.75,-0.86,20.6,79.4
2023-02-05 20:00:00,287.662659683334,134.7804419,134.828495594442,19.564814836666663,6.704,26.0,2,5.1764362714980825,70.66250196097344,20,6,2,-0.8660254037844386,0.5000000000000001,-0.7818314824680299,0.6234898018587334,0.8660254037844386,0.5000000000000001,0.0,0.75,36.16666666666666,12.6,22.7,100.0,61.0,-2.1,4.0633,0.0,4.7,19.64444446,26.15,26.183333333333334,26.0,26.316666666666663,26.05,-12.860814836666664,0.2092592766666605,-0.208000000000001,6.912000000000001,6.53,19.410493826666663,6.896222222222224,4.378295,4.349698,4.3438635,4.387355,4.4072804,0,1.0,0,0.75,-0.81,18.9,81.1
2023-02-05 20:15:00,331.67728796111,76.268338027778,76.32222478888801,19.64444446,6.53,26.05,2,5.1764362714980825,70.66250196097344,20,6,2,-0.8660254037844386,0.5000000000000001,-0.7818314824680299,0.6234898018587334,0.8660254037844386,0.5000000000000001,0.0,0.375,24.104166666666668,11.775,22.525,100.0,61.5,-2.175,4.042643,0.0,4.5,19.53333333333333,26.0,26.15,26.183333333333334,26.0,26.65,-13.114444459999998,0.0796296233333357,-0.1739999999999995,6.704,6.354666666666666,19.521604952222223,6.715333333333335,4.4072804,4.378295,4.349698,4.3438635,4.479458,0,0.0,0,1.0,-0.79,18.3,81.7
2023-02-05 20:30:00,410.604964077776,0.0,0.0,19.53333333333333,6.354666666666666,26.65,0,5.1764362714980825,70.66250196097344,20,6,2,-0.8660254037844386,0.5000000000000001,-0.7818314824680299,0.6234898018587334,0.8660254037844386,0.5000000000000001,0.0,0.125,14.979166666666666,10.95,22.35,100.0,62.0,-2.25,4.021736,0.0,4.3,19.27222221,26.05,26.0,26.15,26.183333333333334,27.45,-13.178666666666668,-0.111111126666664,-0.1753333333333344,6.53,5.926666666666667,19.58086421,6.5295555555555564,4.479458,4.4072804,4.378295,4.349698,4.5435886,1,1.0,1,0.75,-0.82,19.1,80.9
2023-02-05 20:45:00,264.05527084999403,69.95970150000001,70.01275496111,19.27222221,5.926666666666667,27.45,1,5.1764362714980825,70.66250196097344,20,6,2,-0.8660254037844386,0.5000000000000001,-0.7818314824680299,0.6234898018587334,0.8660254037844386,0.5000000000000001,0.0,0.0,8.791666666666666,10.125,22.175,100.0,62.5,-2.325,4.000589,0.0,4.1,19.32407406,26.65,26.05,26.0,26.15,28.066666666666663,-13.345555543333331,-0.2611111233333361,-0.427999999999999,6.354666666666666,5.510666666666666,19.483333334444445,6.270444444444446,4.5435886,4.479458,4.4072804,4.378295,4.6598673,0,1.0,1,0.75,-0.87,21.0,79.0
2023-02-05 21:00:00,310.000099566664,147.915472044444,147.980191738886,19.32407406,5.510666666666666,28.066666666666663,2,5.1764362714980825,70.66250196097344,21,6,2,-0.7071067811865477,0.7071067811865474,-0.7818314824680299,0.6234898018587334,0.8660254037844386,0.5000000000000001,0.0,0.0,5.541666666666667,9.3,22.0,100.0,63.0,-2.4,3.9792104,0.0,3.9,19.55555555,27.45,26.65,26.05,26.0,26.8,-13.813407393333335,0.051851850000002,-0.4160000000000003,5.926666666666667,5.1306666666666665,19.376543201111115,5.930666666666667,4.6598673,4.5435886,4.479458,4.4072804,4.510558,0,1.0,1,0.75,-0.86,20.5,79.5
2023-02-05 21:15:00,183.257391644444,14.214153611112,14.264707155556,19.55555555,5.1306666666666665,26.8,1,5.1764362714980825,70.66250196097344,21,6,2,-0.7071067811865477,0.7071067811865474,-0.7818314824680299,0.6234898018587334,0.8660254037844386,0.5000000000000001,0.0,0.0,3.0625,8.525,21.1,100.0,65.5,-2.175,4.061851,0.0,3.625,19.383333326666666,28.066666666666663,27.45,26.65,26.05,26.5,-14.424888883333336,0.2314814900000001,-0.3799999999999999,5.510666666666666,4.952666666666667,19.38395060666667,5.522666666666669,4.510558,4.6598673,4.5435886,4.479458,4.415127,0,1.0,1,0.75,-0.81,18.8,81.2
2023-02-05 21:30:00,307.506310388888,136.652311472222,136.714808955556,19.383333326666666,4.952666666666667,26.5,2,5.1764362714980825,70.66250196097344,21,6,2,-0.7071067811865477,0.7071067811865474,-0.7818314824680299,0.6234898018587334,0.8660254037844386,0.5000000000000001,0.0,0.0,1.3541666666666667,7.75,20.2,100.0,68.0,-1.95,4.1399927,0.0,3.35,19.52777776,26.8,28.066666666666663,27.45,26.65,26.45,-14.430666659999998,-0.1722222233333354,-0.177999999999999,5.1306666666666665,5.105333333333333,19.42098764555556,5.198000000000001,4.415127,4.510558,4.6598673,4.5435886,4.4443903,0,0.0,1,1.0,-0.85,20.3,79.7
2023-02-05 21:45:00,231.4057434,76.682765916666,76.74165249444201,19.52777776,5.105333333333333,26.45,2,5.1764362714980825,70.66250196097344,21,6,2,-0.7071067811865477,0.7071067811865474,-0.7818314824680299,0.6234898018587334,0.8660254037844386,0.5000000000000001,0.0,0.0,0.4166666666666667,6.9750000000000005,19.3,100.0,70.5,-1.725,4.2137566,0.0,3.075,19.50925924,26.5,26.8,28.066666666666663,27.45,26.03333333333333,-14.422444426666663,0.1444444333333336,0.1526666666666658,4.952666666666667,4.916666666666667,19.48888887888889,5.06288888888889,4.4443903,4.415127,4.510558,4.6598673,4.3696194,0,0.0,0,1.0,-0.82,19.1,80.9
2023-02-05 22:00:00,221.9669543,68.076998994446,68.13616332777801,19.50925924,4.916666666666667,26.03333333333333,1,5.1764362714980825,70.66250196097344,22,6,2,-0.5000000000000004,0.8660254037844384,-0.7818314824680299,0.6234898018587334,0.8660254037844386,0.5000000000000001,0.0,0.0,0.25,6.2,18.4,100.0,73.0,-1.5,4.283261,0.0,2.8,19.39444444,26.45,26.5,26.8,28.066666666666663,26.0,-14.59259257333333,-0.0185185200000006,-0.1886666666666663,5.105333333333333,4.92,19.473456775555555,4.991555555555557,4.3696194,4.4443903,4.415127,4.510558,4.3346553,0,0.0,1,1.0,-0.83,19.4,80.6
2023-02-05 22:15:00,298.582500772218,134.836273016666,134.900159377776,19.39444444,4.92,26.0,2,5.1764362714980825,70.66250196097344,22,6,2,-0.5000000000000004,0.8660254037844384,-0.7818314824680299,0.6234898018587334,0.8660254037844386,0.5000000000000001,0.0,0.0,0.125,5.45,16.5,100.0,75.5,-1.35,4.3559575,0.025,2.55,19.596296286666664,26.03333333333333,26.45,26.5,26.8,26.0,-14.474444439999996,-0.1148148000000013,0.0033333333333329,4.916666666666667,4.9093333333333335,19.47716048,4.980666666666668,4.3346553,4.3696194,4.4443903,4.415127,4.386401,0,0.0,1,1.0,-0.85,20.3,79.7
2023-02-05 22:30:00,200.254767255556,33.713651383334,33.769482533331995,19.596296286666664,4.9093333333333335,26.0,1,5.1764362714980825,70.66250196097344,22,6,2,-0.5000000000000004,0.8660254037844384,-0.7818314824680299,0.6234898018587334,0.8660254037844386,0.5000000000000001,0.0,0.0,0.0416666666666666,4.7,14.6,100.0,78.0,-1.2,4.424876,0.05,2.3,19.416666640000003,26.0,26.03333333333333,26.45,26.5,26.05,-14.686962953333332,0.201851846666667,-0.0106666666666663,4.92,4.786,19.499999988888888,4.915333333333334,4.386401,4.3346553,4.3696194,4.4443903,4.348673,0,0.0,1,1.0,-0.81,18.7,81.3
2023-02-05 22:45:00,213.009534761114,82.940848883334,83.006679649998,19.416666640000003,4.786,26.05,2,5.1764362714980825,70.66250196097344,22,6,2,-0.5000000000000004,0.8660254037844384,-0.7818314824680299,0.6234898018587334,0.8660254037844386,0.5000000000000001,0.0,0.0,0.0,3.95,12.7,100.0,80.5,-1.05,4.490108,0.075,2.05,19.41481481,26.0,26.0,26.03333333333333,26.45,26.466666666666665,-14.630666640000005,-0.1796296466666618,-0.1233333333333339,4.9093333333333335,4.680000000000001,19.469135788888888,4.871777777777779,4.348673,4.386401,4.3346553,4.3696194,4.4177475,0,0.0,1,1.0,-0.85,20.1,79.9
2023-02-05 23:00:00,211.557370683334,91.7521631,91.815771688888,19.41481481,4.680000000000001,26.466666666666665,2,5.1764362714980825,70.66250196097344,23,6,2,-0.2588190451025215,0.965925826289068,-0.7818314824680299,0.6234898018587334,0.8660254037844386,0.5000000000000001,0.0,0.0,0.0,3.2,10.8,100.0,83.0,-0.9,4.5517454,0.1,1.8,19.44444448,26.05,26.0,26.0,26.03333333333333,26.7,-14.73481481,-0.0018518300000032,-0.1059999999999989,4.786,4.5520000000000005,19.475925912222223,4.791777777777779,4.4177475,4.348673,4.386401,4.3346553,4.4644694,0,0.0,0,1.0,-0.84,20.0,80.0
2023-02-05 23:15:00,151.501439766664,20.6341746,20.688616888888,19.44444448,4.5520000000000005,26.7,1,5.1764362714980825,70.66250196097344,23,6,2,-0.2588190451025215,0.965925826289068,-0.7818314824680299,0.6234898018587334,0.8660254037844386,0.5000000000000001,0.0,0.0,0.0,3.125,9.9,100.0,83.25,-0.85,4.557715,0.1,1.775,19.28703706,26.466666666666665,26.05,26.0,26.0,26.98333333333333,-14.892444480000002,0.029629670000002,-0.1280000000000001,4.680000000000001,4.25,19.42530864333333,4.672666666666668,4.4644694,4.4177475,4.348673,4.386401,4.470243,0,0.0,1,1.0,-0.84,19.8,80.2
2023-02-05 23:30:00,246.567914738886,122.185945733332,122.252887538886,19.28703706,4.25,26.98333333333333,2,5.1764362714980825,70.66250196097344,23,6,2,-0.2588190451025215,0.965925826289068,-0.7818314824680299,0.6234898018587334,0.8660254037844386,0.5000000000000001,0.0,0.0,0.0,3.05,9.0,100.0,83.5,-0.8,4.563649,0.1,1.75,19.50555556,26.7,26.466666666666665,26.05,26.0,27.0,-15.03703706,-0.1574074200000019,-0.3020000000000005,4.5520000000000005,4.0793333333333335,19.382098783333333,4.494000000000001,4.470243,4.4644694,4.4177475,4.348673,4.5308833,0,0.0,1,1.0,-0.87,21.0,79.0
2023-02-05 23:45:00,188.323855811104,49.123868316666,49.184143772218,19.50555556,4.0793333333333335,27.0,1,5.1764362714980825,70.66250196097344,23,6,2,-0.2588190451025215,0.965925826289068,-0.7818314824680299,0.6234898018587334,0.8660254037844386,0.5000000000000001,0.0,0.0,0.0,2.975,8.1,100.0,83.75,-0.75,4.5695496,0.1,1.725,19.45740744,26.98333333333333,26.7,26.466666666666665,26.05,27.0,-15.426222226666669,0.2185185000000018,-0.1706666666666665,4.25,4.012,19.412345700000003,4.29377777777778,4.5308833,4.470243,4.4644694,4.4177475,4.5180755,0,0.0,1,1.0,-0.82,19.2,80.8
2023-02-06 00:00:00,203.3185336,59.117357427778,59.17568846111,19.45740744,4.012,27.0,1,5.1764362714980825,70.66250196097344,0,0,2,0.0,1.0,0.0,1.0,0.8660254037844386,0.5000000000000001,0.0,0.0,0.0,2.9,7.2,100.0,84.0,-0.7,4.575414,0.1,1.7,19.34444443,27.0,26.98333333333333,26.7,26.466666666666665,27.3,-15.44540744,-0.0481481200000004,-0.0673333333333339,4.0793333333333335,3.918,19.41666668666667,4.11377777777778,4.5180755,4.5308833,4.470243,4.4644694,4.538016,0,0.0,0,1.0,-0.83,19.6,80.4
2023-02-06 00:15:00,245.985437888892,125.6474739,125.715526794442,19.34444443,3.918,27.3,2,5.1764362714980825,70.66250196097344,0,0,2,0.0,1.0,0.0,1.0,0.8660254037844386,0.5000000000000001,0.0,0.0,0.0,2.625,7.1,100.0,85.0,-0.625,4.60635,0.1,1.625,19.57222223,27.0,27.0,26.98333333333333,26.7,27.03333333333333,-15.42644443,-0.1129630100000014,-0.0939999999999994,4.012,3.89,19.43580247666667,4.003111111111113,4.538016,4.5180755,4.5308833,4.470243,4.554285,0,0.0,1,1.0,-0.86,20.5,79.5
2023-02-06 00:30:00,122.726479627778,0.0,0.0,19.57222223,3.89,27.03333333333333,0,5.1764362714980825,70.66250196097344,0,0,2,0.0,1.0,0.0,1.0,0.8660254037844386,0.5000000000000001,0.0,0.0,0.0,2.35,7.0,100.0,86.0,-0.55,4.6368375,0.1,1.5499999999999998,19.36666669,27.3,27.0,27.0,26.98333333333333,27.05,-15.68222223,0.2277778000000019,-0.028,3.918,4.004666666666667,19.458024700000003,3.940000000000001,4.554285,4.538016,4.5180755,4.5308833,4.5023437,1,1.0,1,0.75,-0.81,18.7,81.3
2023-02-06 00:45:00,228.473638572218,104.231108372222,104.299716777776,19.36666669,4.004666666666667,27.05,2,5.1764362714980825,70.66250196097344,0,0,2,0.0,1.0,0.0,1.0,0.8660254037844386,0.5000000000000001,0.0,0.0,0.0,2.075,6.9,100.0,87.0,-0.475,4.66688,0.1,1.475,19.43148146,27.03333333333333,27.3,27.0,27.0,27.28333333333333,-15.362000023333332,-0.2055555400000024,0.1146666666666669,3.89,3.7886666666666655,19.427777783333337,3.937555555555557,4.5023437,4.554285,4.538016,4.5180755,4.558531,0,1.0,1,0.75,-0.85,20.3,79.7
2023-02-06 01:00:00,197.11683726111,80.000966516666,80.06735276111,19.43148146,3.7886666666666655,27.28333333333333,2,5.1764362714980825,70.66250196097344,1,0,2,0.2588190451025207,0.9659258262890684,0.0,1.0,0.8660254037844386,0.5000000000000001,0.0,0.0,0.0,1.8,6.8,100.0,88.0,-0.4,4.6964827,0.1,1.4,19.51111111,27.05,27.03333333333333,27.3,27.0,27.35,-15.642814793333336,0.0648147700000016,-0.2160000000000006,4.004666666666667,3.322666666666667,19.45679012666667,3.8944444444444457,4.558531,4.5023437,4.554285,4.538016,4.591116,0,1.0,0,0.75,-0.84,19.8,80.2
2023-02-06 01:15:00,159.826662327774,43.765749316666,43.830468944444,19.51111111,3.322666666666667,27.35,1,5.1764362714980825,70.66250196097344,1,0,2,0.2588190451025207,0.9659258262890684,0.0,1.0,0.8660254037844386,0.5000000000000001,0.0,0.0,0.0,2.25,7.0,100.0,88.5,-0.325,4.723167,0.1,1.4,19.3537037,27.28333333333333,27.05,27.03333333333333,27.3,27.5,-16.188444443333335,0.0796296500000011,-0.4659999999999993,3.7886666666666655,2.785333333333333,19.436419753333336,3.7053333333333343,4.591116,4.558531,4.5023437,4.554285,4.5737534,0,1.0,1,0.75,-0.82,19.1,80.9
2023-02-06 01:30:00,199.8953372,132.0013864,132.0430514,19.3537037,2.785333333333333,27.5,2,5.1764362714980825,70.66250196097344,1,0,2,0.2588190451025207,0.9659258262890684,0.0,1.0,0.8660254037844386,0.5000000000000001,0.0,0.0,0.0,2.7,7.199999999999999,100.0,89.0,-0.25,4.7498517,0.1,1.4,19.583333340000003,27.35,27.28333333333333,27.05,27.03333333333333,27.5,-16.568370366666663,-0.1574074100000047,-0.5373333333333337,3.322666666666667,2.6966666666666668,19.432098756666665,3.29888888888889,4.5737534,4.591116,4.558531,4.5023437,4.63593,0,0.0,1,1.0,-0.85,20.3,79.7
2023-02-06 01:45:00,79.83875073889,22.069117233332,22.078283549998,19.583333340000003,2.6966666666666668,27.5,1,5.1764362714980825,70.66250196097344,1,0,2,0.2588190451025207,0.9659258262890684,0.0,1.0,0.8660254037844386,0.5000000000000001,0.0,0.0,0.0,3.15,7.399999999999999,100.0,89.5,-0.175,4.7765365,0.1,1.4,19.40925925333333,27.5,27.35,27.28333333333333,27.05,27.683333333333334,-16.886666673333337,0.2296296400000059,-0.0886666666666666,2.785333333333333,2.7993333333333337,19.482716050000004,2.9348888888888904,4.63593,4.5737534,4.591116,4.558531,4.6193204,0,0.0,1,1.0,-0.8,18.5,81.5
2023-02-06 02:00:00,116.3911775,70.993271288888,71.00910402222,19.40925925333333,2.7993333333333337,27.683333333333334,2,5.1764362714980825,70.66250196097344,2,0,2,0.4999999999999999,0.8660254037844387,0.0,1.0,0.8660254037844386,0.5000000000000001,0.0,0.0,0.0,3.6,7.6,100.0,90.0,-0.1,4.8032207,0.1,1.4,19.24444442,27.5,27.5,27.35,27.28333333333333,28.0,-16.609925920000002,-0.1740740866666676,0.1026666666666669,2.6966666666666668,2.744666666666667,19.448765431111116,2.760444444444446,4.6193204,4.63593,4.5737534,4.591116,4.6270494,0,0.0,1,1.0,-0.84,19.9,80.1
2023-02-06 02:15:00,185.926451627774,138.071976933332,138.09558712222,19.24444442,2.744666666666667,28.0,2,5.1764362714980825,70.66250196097344,2,0,2,0.4999999999999999,0.8660254037844387,0.0,1.0,0.8660254037844386,0.5000000000000001,0.0,0.0,0.0,3.525,7.324999999999999,100.0,90.75,-0.125,4.802175,0.125,1.275,19.47037036,27.683333333333334,27.5,27.5,27.35,28.0,-16.499777753333333,-0.1648148333333345,-0.0546666666666668,2.7993333333333337,2.552666666666666,19.412345671111115,2.74688888888889,4.6270494,4.6193204,4.63593,4.5737534,4.688985,0,0.0,0,1.0,-0.88,21.2,78.8
2023-02-06 02:30:00,99.629347966668,30.365452,30.375173861110003,19.47037036,2.552666666666666,28.0,1,5.1764362714980825,70.66250196097344,2,0,2,0.4999999999999999,0.8660254037844387,0.0,1.0,0.8660254037844386,0.5000000000000001,0.0,0.0,0.0,3.45,7.05,100.0,91.5,-0.15,4.8007584,0.15,1.15,19.36111114,28.0,27.683333333333334,27.5,27.5,28.05,-16.917703693333333,0.2259259399999997,-0.1920000000000001,2.744666666666667,2.4,19.374691344444447,2.6988888888888902,4.688985,4.6270494,4.6193204,4.63593,4.6672626,0,0.0,1,1.0,-0.82,19.3,80.7
2023-02-06 02:45:00,156.034313911112,97.007786166668,97.026952116666,19.36111114,2.4,28.05,2,5.1764362714980825,70.66250196097344,2,0,2,0.4999999999999999,0.8660254037844387,0.0,1.0,0.8660254037844386,0.5000000000000001,0.0,0.0,0.0,3.375,6.775,100.0,92.25,-0.175,4.7989764,0.175,1.025,19.40000001,28.0,28.0,27.683333333333334,27.5,28.28333333333333,-16.96111114,-0.1092592200000019,-0.1526666666666667,2.552666666666666,2.3146666666666667,19.35864197333333,2.5657777777777797,4.6672626,4.688985,4.6270494,4.6193204,4.7168684,0,0.0,1,1.0,-0.85,20.2,79.8
2023-02-06 03:00:00,374.70390007778,109.3481259,109.369513944444,19.40000001,2.3146666666666667,28.28333333333333,2,5.1764362714980825,70.66250196097344,3,0,2,0.7071067811865476,0.7071067811865476,0.0,1.0,0.8660254037844386,0.5000000000000001,0.0,0.0,0.0,3.3,6.5,100.0,93.0,-0.2,4.7968354,0.2,0.9,19.58333332,28.05,28.0,28.0,27.683333333333334,28.05,-17.085333343333332,0.0388888700000009,-0.0853333333333332,2.4,2.1266666666666665,19.410493836666664,2.4224444444444457,4.7168684,4.6672626,4.688985,4.6270494,4.728648,0,0.0,0,1.0,-0.84,19.8,80.2
2023-02-06 03:15:00,153.72801725000198,21.9224564,21.933844827778,19.58333332,2.1266666666666665,28.05,1,5.1764362714980825,70.66250196097344,3,0,2,0.7071067811865476,0.7071067811865476,0.0,1.0,0.8660254037844386,0.5000000000000001,0.0,0.0,0.0,3.95,7.575,100.0,92.5,-0.125,4.8037696,0.3,1.0,19.372222206666667,28.28333333333333,28.05,28.0,28.0,28.466666666666665,-17.456666653333336,0.1833333100000018,-0.1880000000000001,2.3146666666666667,2.158,19.448148156666665,2.2804444444444454,4.728648,4.7168684,4.6672626,4.688985,4.739691,0,0.0,1,1.0,-0.8,18.4,81.6
2023-02-06 03:30:00,180.95220603889,130.0347984,130.056741955556,19.372222206666667,2.158,28.466666666666665,2,5.1764362714980825,70.66250196097344,3,0,2,0.7071067811865476,0.7071067811865476,0.0,1.0,0.8660254037844386,0.5000000000000001,0.0,0.0,0.0,4.6,8.65,100.0,92.0,-0.0499999999999999,4.8105454,0.4,1.1,19.5777778,28.05,28.28333333333333,28.05,28.0,28.15,-17.214222206666665,-0.2111111133333345,0.0313333333333334,2.1266666666666665,1.988,19.45185184555556,2.1997777777777787,4.739691,4.728648,4.7168684,4.6672626,4.7439575,0,0.0,1,1.0,-0.84,20.0,80.0
2023-02-06 03:45:00,102.026752066668,48.611388766668,48.625832605558,19.5777778,1.988,28.15,1,5.1764362714980825,70.66250196097344,3,0,2,0.7071067811865476,0.7071067811865476,0.0,1.0,0.8660254037844386,0.5000000000000001,0.0,0.0,0.0,5.25,9.725,100.0,91.5,0.025,4.8171625,0.5,1.2000000000000002,19.51296294666667,28.466666666666665,28.05,28.28333333333333,28.05,28.183333333333334,-17.5897778,0.205555593333333,-0.1699999999999999,2.158,1.98,19.51111110888889,2.0908888888888897,4.7439575,4.739691,4.728648,4.7168684,4.7315187,0,0.0,1,1.0,-0.8,18.4,81.6
2023-02-06 04:00:00,126.205229288892,71.02160343889,71.037991716666,19.51296294666667,1.98,28.183333333333334,2,5.1764362714980825,70.66250196097344,4,0,2,0.8660254037844386,0.5000000000000001,0.0,1.0,0.8660254037844386,0.5000000000000001,0.0,0.0,0.0,5.9,10.8,100.0,91.0,0.1,4.823617,0.6,1.3,19.4,28.15,28.466666666666665,28.05,28.28333333333333,28.45,-17.532962946666668,-0.0648148533333312,-0.008,1.988,2.1146666666666665,19.48765431777778,2.042000000000001,4.7315187,4.7439575,4.739691,4.728648,4.744664,0,0.0,1,1.0,-0.81,18.9,81.1
2023-02-06 04:15:00,176.377666811112,124.928891511112,124.949723994446,19.4,2.1146666666666665,28.45,2,5.1764362714980825,70.66250196097344,4,0,2,0.8660254037844386,0.5000000000000001,0.0,1.0,0.8660254037844386,0.5000000000000001,0.0,0.0,0.0,5.45,10.625,100.0,91.5,0.1,4.8336167,0.5,1.25,19.587037056666667,28.183333333333334,28.15,28.466666666666665,28.05,28.216666666666665,-17.285333333333334,-0.1129629466666699,0.1346666666666665,1.98,2.0726666666666667,19.496913582222223,2.0275555555555567,4.744664,4.7315187,4.7439575,4.739691,4.757781,0,0.0,0,1.0,-0.84,19.8,80.2
2023-02-06 04:30:00,52.332073349998,0.0,0.0,19.587037056666667,2.0726666666666667,28.216666666666665,0,5.1764362714980825,70.66250196097344,4,0,2,0.8660254037844386,0.5000000000000001,0.0,1.0,0.8660254037844386,0.5000000000000001,0.0,0.0,0.0,5.0,10.45,100.0,92.0,0.1,4.843486,0.4,1.2000000000000002,19.36111112,28.45,28.183333333333334,28.15,28.466666666666665,28.5,-17.51437039,0.1870370566666679,-0.0419999999999998,2.1146666666666665,2.2146666666666666,19.50000000111111,2.055777777777779,4.757781,4.744664,4.7315187,4.7439575,4.7421384,1,1.0,1,0.75,-0.8,18.3,81.7
2023-02-06 04:45:00,173.088076233332,132.724690816666,132.747467705554,19.36111112,2.2146666666666666,28.5,2,5.1764362714980825,70.66250196097344,4,0,2,0.8660254037844386,0.5000000000000001,0.0,1.0,0.8660254037844386,0.5000000000000001,0.0,0.0,0.0,4.55,10.275,100.0,92.5,0.1,4.853225,0.3,1.15,19.514814803333334,28.216666666666665,28.45,28.183333333333334,28.15,28.5,-17.146444453333334,-0.2259259366666661,0.1419999999999999,2.0726666666666667,2.457333333333333,19.449382725555555,2.134000000000001,4.7421384,4.757781,4.744664,4.7315187,4.785204,0,1.0,1,0.75,-0.85,20.1,79.9
2023-02-06 05:00:00,114.619859488888,63.42912938333399,63.443851011112,19.514814803333334,2.457333333333333,28.5,1,5.1764362714980825,70.66250196097344,5,0,2,0.9659258262890684,0.2588190451025207,0.0,1.0,0.8660254037844386,0.5000000000000001,0.0,0.0,0.0,4.1,10.1,100.0,93.0,0.1,4.8628345,0.2,1.1,19.52222223,28.5,28.216666666666665,28.45,28.183333333333334,28.55,-17.05748147,0.1537036833333331,0.2426666666666666,2.2146666666666666,2.6086666666666667,19.487654326666668,2.2482222222222235,4.785204,4.7421384,4.757781,4.744664,4.795686,0,1.0,1,0.75,-0.81,18.9,81.1
2023-02-06 05:15:00,111.368045216662,49.386357816666,49.401357233332,19.52222223,2.6086666666666667,28.55,1,5.1764362714980825,70.66250196097344,5,0,2,0.9659258262890684,0.2588190451025207,0.0,1.0,0.8660254037844386,0.5000000000000001,0.0,0.0,0.0,4.675,10.0,100.0,93.25,0.1,4.8675914,0.15,1.0750000000000002,19.30185184333333,28.5,28.5,28.216666666666665,28.45,28.966666666666665,-16.913555563333333,0.007407426666667,0.1513333333333335,2.457333333333333,2.752,19.46604938444445,2.42688888888889,4.795686,4.785204,4.7421384,4.757781,4.803004,0,1.0,0,0.75,-0.81,18.8,81.2
2023-02-06 05:30:00,179.2269973,132.625528116666,132.648860516666,19.30185184333333,2.752,28.966666666666665,2,5.1764362714980825,70.66250196097344,5,0,2,0.9659258262890684,0.2588190451025207,0.0,1.0,0.8660254037844386,0.5000000000000001,0.0,0.0,0.0,5.25,9.9,100.0,93.5,0.1,4.8723164,0.1,1.05,19.53333333,28.55,28.5,28.5,28.216666666666665,28.65,-16.549851843333336,-0.2203703866666657,0.1433333333333335,2.6086666666666667,2.8826666666666667,19.446296292222225,2.606000000000001,4.803004,4.795686,4.785204,4.7421384,4.8156276,0,0.0,1,1.0,-0.86,20.5,79.5
2023-02-06 05:45:00,70.546622505554,30.2912883,30.302954483334,19.53333333,2.8826666666666667,28.65,1,5.1764362714980825,70.66250196097344,5,0,2,0.9659258262890684,0.2588190451025207,0.0,1.0,0.8660254037844386,0.5000000000000001,0.0,0.0,0.0,5.825,9.8,100.0,93.75,0.1,4.8770084,0.0499999999999999,1.025,19.40555554666667,28.966666666666665,28.55,28.5,28.5,28.683333333333334,-16.650666663333336,0.2314814866666665,0.1306666666666665,2.752,3.044666666666666,19.45246913444445,2.747777777777779,4.8156276,4.803004,4.795686,4.785204,4.7851415,0,0.0,1,1.0,-0.81,18.7,81.3
2023-02-06 06:00:00,131.029203072222,79.859027727778,79.875971516666,19.40555554666667,3.044666666666666,28.683333333333334,2,5.1764362714980825,70.66250196097344,6,0,2,1.0,6.123233995736766e-17,0.0,1.0,0.8660254037844386,0.5000000000000001,0.0,0.0,0.0,6.4,9.7,100.0,94.0,0.1,4.881668,0.0,1.0,19.32777775,28.65,28.966666666666665,28.55,28.5,29.0,-16.36088888,-0.1277777833333324,0.1619999999999999,2.8826666666666667,3.1540000000000004,19.41358024,2.8931111111111125,4.7851415,4.8156276,4.803004,4.795686,4.815875,0,0.0,1,1.0,-0.83,19.7,80.3
2023-02-06 06:15:00,165.536433894442,125.864409688888,125.887742105554,19.32777775,3.1540000000000004,29.0,2,5.1764362714980825,70.66250196097344,6,0,2,1.0,6.123233995736766e-17,0.0,1.0,0.8660254037844386,0.5000000000000001,0.0,0.0,0.0,6.9,11.05,100.0,94.0,0.125,4.881668,0.0,1.0,19.531481456666665,28.683333333333334,28.65,28.966666666666665,28.55,29.0,-16.17377775,-0.0777777966666697,0.1093333333333337,3.044666666666666,3.1733333333333333,19.42222220888889,3.0271111111111124,4.815875,4.7851415,4.8156276,4.803004,4.873926,0,0.0,0,1.0,-0.85,20.3,79.7
2023-02-06 06:30:00,75.346152600004,24.040704983334,24.052648955556,19.531481456666665,3.1733333333333333,29.0,1,5.1764362714980825,70.66250196097344,6,0,2,1.0,6.123233995736766e-17,0.0,1.0,0.8660254037844386,0.5000000000000001,0.0,0.0,0.0,7.4,12.4,100.0,94.0,0.15,4.881668,0.0,1.0,19.35,29.0,28.683333333333334,28.65,28.966666666666665,29.0,-16.358148123333333,0.2037037066666656,0.0193333333333329,3.1540000000000004,3.146,19.42160491777778,3.124000000000001,4.873926,4.815875,4.7851415,4.8156276,4.82218,0,0.0,1,1.0,-0.8,18.6,81.4
2023-02-06 06:45:00,208.194449688888,143.34843253333202,143.372876005554,19.35,3.146,29.0,2,5.1764362714980825,70.66250196097344,6,0,2,1.0,6.123233995736766e-17,0.0,1.0,0.8660254037844386,0.5000000000000001,0.0,0.0,0.0,7.9,13.75,100.0,94.0,0.175,4.881668,0.0,1.0,19.52592592333333,29.0,29.0,28.683333333333334,28.65,29.0,-16.204,-0.1814814566666633,-0.0273333333333334,3.1733333333333333,3.0660000000000003,19.403086402222225,3.157777777777779,4.82218,4.873926,4.815875,4.7851415,4.872335,0,0.0,1,1.0,-0.85,20.1,79.9
2023-02-06 07:00:00,83.318056044444,42.013319433332,42.028041044444,19.52592592333333,3.0660000000000003,29.0,1,5.1764362714980825,70.66250196097344,7,0,2,0.9659258262890684,-0.2588190451025206,0.0,1.0,0.8660254037844386,0.5000000000000001,0.0,0.0,0.0,8.4,15.1,100.0,94.0,0.2,4.881668,0.0,1.0,19.43888889,29.0,29.0,29.0,28.683333333333334,29.05,-16.459925923333333,0.175925923333331,-0.0799999999999996,3.146,2.9526666666666666,19.469135793333336,3.1284444444444457,4.872335,4.82218,4.873926,4.815875,4.8558216,0,0.0,1,1.0,-0.81,18.7,81.3
2023-02-06 07:15:00,118.231381655556,78.434918027778,78.453806172222,19.43888889,2.9526666666666666,29.05,2,5.1764362714980825,70.66250196097344,7,0,2,0.9659258262890684,-0.2588190451025206,0.0,1.0,0.8660254037844386,0.5000000000000001,0.0,0.0,0.0,8.975,16.0,100.0,95.5,0.35,4.942649,0.0,0.95,19.335185173333333,29.0,29.0,29.0,29.0,29.28333333333333,-16.486222223333332,-0.0870370333333347,-0.1133333333333337,3.0660000000000003,2.944,19.438271604444445,3.05488888888889,4.8558216,4.872335,4.82218,4.873926,4.8650494,0,0.0,1,1.0,-0.82,19.4,80.6
2023-02-06 07:30:00,190.860420894442,142.745123316666,142.770677894442,19.335185173333333,2.944,29.28333333333333,2,5.1764362714980825,70.66250196097344,7,0,2,0.9659258262890684,-0.2588190451025206,0.0,1.0,0.8660254037844386,0.5000000000000001,0.0,0.0,0.0,9.55,16.9,100.0,97.0,0.5,5.003151,0.0,0.9,19.51111114,29.05,29.0,29.0,29.0,29.05,-16.391185173333334,-0.103703716666665,-0.0086666666666666,2.9526666666666666,2.938,19.43333332888889,2.987555555555557,4.8650494,4.8558216,4.872335,4.82218,4.8764873,0,0.0,0,1.0,-0.85,20.2,79.8
2023-02-06 07:45:00,135.136261016666,91.9938201,92.013819316666,19.51111114,2.938,29.05,2,5.1764362714980825,70.66250196097344,7,0,2,0.9659258262890684,-0.2588190451025206,0.0,1.0,0.8660254037844386,0.5000000000000001,0.0,0.0,0.0,10.125,17.8,100.0,98.5,0.6500000000000001,5.0631733,0.0,0.8500000000000001,19.275925933333333,29.28333333333333,29.05,29.0,29.0,29.466666666666665,-16.57311114,0.1759259666666679,-0.0059999999999997,2.944,2.778,19.428395067777775,2.94488888888889,4.8764873,4.8650494,4.8558216,4.872335,4.8784556,0,0.0,0,1.0,-0.81,18.8,81.2
2023-02-06 08:00:00,181.749118611112,125.996348827778,126.019958983334,19.275925933333333,2.778,29.466666666666665,2,5.1764362714980825,70.66250196097344,8,0,2,0.8660254037844387,-0.4999999999999998,0.0,1.0,0.8660254037844386,0.5000000000000001,0.0,0.0,0.0,10.7,18.7,100.0,100.0,0.8,5.1227207,0.0,0.8,19.42222222,29.05,29.28333333333333,29.05,29.0,29.45,-16.497925933333335,-0.2351852066666673,-0.1600000000000001,2.938,2.603333333333333,19.374074082222226,2.886666666666668,4.8784556,4.8764873,4.8650494,4.8558216,4.917861,0,0.0,0,1.0,-0.86,20.6,79.4
2023-02-06 08:15:00,112.416058694446,55.475280933332,55.490558072222,19.42222222,2.603333333333333,29.45,1,5.1764362714980825,70.66250196097344,8,0,2,0.8660254037844387,-0.4999999999999998,0.0,1.0,0.8660254037844386,0.5000000000000001,2.25,0.5625,0.1875,11.25,20.425,100.0,98.5,0.65,5.0718393,0.0,0.875,19.42962964666667,29.466666666666665,29.05,29.28333333333333,29.05,29.216666666666665,-16.818888886666667,0.146296286666665,-0.1746666666666669,2.778,2.544,19.40308643111111,2.773111111111112,4.917861,4.8784556,4.8764873,4.8650494,4.881023,0,0.0,1,1.0,-0.83,19.4,80.6
2023-02-06 08:30:00,99.953501816662,57.717135688888,57.733523916666,19.42962964666667,2.544,29.216666666666665,1,5.1764362714980825,70.66250196097344,8,0,2,0.8660254037844387,-0.4999999999999998,0.0,1.0,0.8660254037844386,0.5000000000000001,4.5,1.6875,0.5625,11.8,22.15,100.0,97.0,0.5,5.0202827,0.0,0.95,19.29444445,29.45,29.466666666666665,29.05,29.28333333333333,29.45,-16.88562964666667,0.0074074266666706,-0.059333333333333,2.603333333333333,2.5320000000000005,19.37592593333333,2.641777777777779,4.881023,4.917861,4.8784556,4.8764873,4.8810167,0,0.0,0,1.0,-0.83,19.4,80.6
2023-02-06 08:45:00,171.339257372218,131.70862036111,131.73250832222,19.29444445,2.5320000000000005,29.45,2,5.1764362714980825,70.66250196097344,8,0,2,0.8660254037844387,-0.4999999999999998,0.0,1.0,0.8660254037844386,0.5000000000000001,6.75,3.375,1.125,12.35,23.875,100.0,95.5,0.35,4.9680457,0.0,1.025,19.54814814333333,29.216666666666665,29.45,29.466666666666665,29.05,29.03333333333333,-16.76244445,-0.1351851966666686,-0.0119999999999995,2.544,2.448,19.38209877222222,2.559777777777779,4.8810167,4.881023,4.917861,4.8784556,4.88431,0,0.0,1,1.0,-0.86,20.5,79.5
2023-02-06 09:00:00,64.458254916666,18.566757283334,18.578978994446,19.54814814333333,2.448,29.03333333333333,1,5.1764362714980825,70.66250196097344,9,0,2,0.7071067811865476,-0.7071067811865475,0.0,1.0,0.8660254037844386,0.5000000000000001,9.0,5.625,1.875,12.9,25.6,100.0,94.0,0.2,4.9151225,0.0,1.1,19.35555557,29.45,29.216666666666665,29.45,29.466666666666665,29.3,-17.10014814333333,0.2537036933333318,-0.0840000000000005,2.5320000000000005,2.464,19.42407408,2.5080000000000013,4.88431,4.8810167,4.881023,4.917861,4.873657,0,0.0,1,1.0,-0.8,18.5,81.5
2023-02-06 09:15:00,171.476473866672,121.070434788888,121.093489416666,19.35555557,2.464,29.3,2,5.1764362714980825,70.66250196097344,9,0,2,0.7071067811865476,-0.7071067811865475,0.0,1.0,0.8660254037844386,0.5000000000000001,18.75,9.75,3.4375,12.9,26.3,100.0,94.0,0.225,4.923518,0.0,1.125,19.462962966666662,29.03333333333333,29.45,29.216666666666665,29.45,29.03333333333333,-16.89155557,-0.1925925733333322,0.016,2.448,2.4233333333333333,19.399382721111117,2.4813333333333345,4.873657,4.88431,4.8810167,4.881023,4.859913,0,0.0,1,1.0,-0.84,20.0,80.0
2023-02-06 09:30:00,114.759853905554,59.149856127778,59.167355444444,19.462962966666662,2.4233333333333333,29.03333333333333,1,5.1764362714980825,70.66250196097344,9,0,2,0.7071067811865476,-0.7071067811865475,0.0,1.0,0.8660254037844386,0.5000000000000001,28.5,15.75,5.8125,12.9,27.0,100.0,94.0,0.25,4.9319263,0.0,1.15,19.466666640000003,29.3,29.03333333333333,29.45,29.216666666666665,29.0,-17.039629633333334,0.1074073966666659,-0.0406666666666666,2.464,2.268666666666667,19.45555556,2.445111111111112,4.859913,4.873657,4.88431,4.8810167,4.8553896,0,0.0,1,1.0,-0.82,19.2,80.8
2023-02-06 09:45:00,102.716724566664,51.93431146111,51.948755333332,19.466666640000003,2.268666666666667,29.0,1,5.1764362714980825,70.66250196097344,9,0,2,0.7071067811865476,-0.7071067811865475,0.0,1.0,0.8660254037844386,0.5000000000000001,38.25,23.625,9.0,12.9,27.7,100.0,94.0,0.275,4.9403467,0.0,1.175,19.266666686666667,29.03333333333333,29.3,29.03333333333333,29.45,29.0,-17.197999973333335,0.0037036733333373,-0.1546666666666665,2.4233333333333333,1.899333333333333,19.42839505888889,2.3853333333333344,4.8553896,4.859913,4.873657,4.88431,4.7985773,0,0.0,0,1.0,-0.82,19.1,80.9
2023-02-06 10:00:00,176.18989653889,131.418354172222,131.441408783334,19.266666686666667,1.899333333333333,29.0,2,5.1764362714980825,70.66250196097344,10,0,2,0.4999999999999999,-0.8660254037844387,0.0,1.0,0.8660254037844386,0.5000000000000001,48.0,33.375,13.0,12.9,28.4,100.0,94.0,0.3,4.948779,0.0,1.2,19.52222222,29.0,29.03333333333333,29.3,29.03333333333333,28.65,-17.367333353333333,-0.1999999533333358,-0.3693333333333335,2.268666666666667,1.0806666666666669,19.398765431111112,2.1971111111111123,4.7985773,4.8553896,4.859913,4.873657,4.812484,0,0.0,1,1.0,-0.86,20.8,79.2
2023-02-06 10:15:00,67.035374027778,25.8339666,25.847577172222,19.52222222,1.0806666666666669,28.65,1,5.1764362714980825,70.66250196097344,10,0,2,0.4999999999999999,-0.8660254037844387,0.0,1.0,0.8660254037844386,0.5000000000000001,60.0,43.6875,18.0,12.65,28.15,100.0,92.5,0.125,4.886443,0.0,1.25,19.32222224,29.0,29.0,29.03333333333333,29.3,28.683333333333334,-18.44155555333333,0.2555555333333323,-0.8186666666666667,1.899333333333333,0.5333333333333333,19.41851851555556,1.7495555555555569,4.812484,4.7985773,4.8553896,4.859913,4.7617297,0,0.0,1,1.0,-0.81,18.8,81.2
2023-02-06 10:30:00,177.62483922222,89.629748,89.684745833332,19.32222224,0.5333333333333333,28.683333333333334,2,5.1764362714980825,70.66250196097344,10,0,2,0.4999999999999999,-0.8660254037844387,0.0,1.0,0.8660254037844386,0.5000000000000001,72.0,54.5625,24.0,12.4,27.9,100.0,91.0,-0.0499999999999999,4.823617,0.0,1.2999999999999998,19.27222225,28.65,29.0,29.0,29.03333333333333,29.0,-18.788888906666664,-0.1999999800000012,-0.5473333333333333,1.0806666666666669,-0.0226666666666666,19.370370382222223,1.1711111111111123,4.7617297,4.812484,4.7985773,4.8553896,4.8001485,0,0.0,1,1.0,-0.85,20.4,79.6
2023-02-06 10:45:00,686.8391919166701,161.962965672222,162.025740944444,19.27222225,-0.0226666666666666,29.0,2,5.1764362714980825,70.66250196097344,10,0,2,0.4999999999999999,-0.8660254037844387,0.0,1.0,0.8660254037844386,0.5000000000000001,84.0,66.0,31.0,12.15,27.65,100.0,89.5,-0.2249999999999999,4.760297,0.0,1.35,19.51666669333333,28.683333333333334,28.65,29.0,29.0,29.55,-19.294888916666668,-0.0499999899999963,-0.556,0.5333333333333333,-0.4066666666666667,19.37222223666667,0.5304444444444456,4.8001485,4.7617297,4.812484,4.7985773,4.96204,0,0.0,0,1.0,-0.86,20.7,79.3
2023-02-06 11:00:00,317.073705444444,34.485842744444,34.531674244444,19.51666669333333,-0.4066666666666667,29.55,1,5.1764362714980825,70.66250196097344,11,0,2,0.258819045102521,-0.9659258262890682,0.0,1.0,0.8660254037844386,0.5000000000000001,96.0,78.0,39.0,11.9,27.4,100.0,88.0,-0.4,4.6964827,0.0,1.4,19.35555554,29.0,28.683333333333334,28.65,29.0,30.95,-19.92333336,0.2444444433333288,-0.384,-0.0226666666666666,-0.5446666666666666,19.370370394444446,0.0346666666666678,4.96204,4.8001485,4.7617297,4.812484,5.148113,0,0.0,1,1.0,-0.8,18.6,81.4
2023-02-06 11:15:00,494.784929927782,0.0,0.0,19.35555554,-0.5446666666666666,30.95,0,5.1764362714980825,70.66250196097344,11,0,2,0.258819045102521,-0.9659258262890682,0.0,1.0,0.8660254037844386,0.5000000000000001,106.75,89.6875,47.708333333333336,11.825,27.2,100.0,86.75,-0.5750000000000001,4.6376595,0.0,1.4249999999999998,19.01296299,29.55,29.0,28.683333333333334,28.65,31.933333333333334,-19.90022220666667,-0.16111115333333,-0.1379999999999999,-0.4066666666666667,-0.7473333333333333,19.381481494444447,-0.3246666666666655,5.148113,4.96204,4.8001485,4.7617297,5.205507,1,1.0,1,0.75,-0.83,19.7,80.3
2023-02-06 11:30:00,945.563287155552,80.131239072222,80.20095851666599,19.01296299,-0.7473333333333333,31.933333333333334,2,5.1764362714980825,70.66250196097344,11,0,2,0.258819045102521,-0.9659258262890682,0.0,1.0,0.8660254037844386,0.5000000000000001,117.5,101.0625,57.125,11.75,27.0,100.0,85.5,-0.75,4.5786195,0.0,1.45,18.98888889,30.95,29.55,29.0,28.683333333333334,31.55,-19.76029632333333,-0.3425925500000026,-0.2026666666666666,-0.5446666666666666,-0.8946666666666666,19.29506174111111,-0.566222222222221,5.205507,5.148113,4.96204,4.8001485,5.1357183,0,1.0,1,0.75,-0.91,22.4,77.6
2023-02-06 11:45:00,350.27709943889,166.350012416666,166.425842733332,18.98888889,-0.8946666666666666,31.55,2,5.1764362714980825,70.66250196097344,11,0,2,0.258819045102521,-0.9659258262890682,0.0,1.0,0.8660254037844386,0.5000000000000001,128.25,112.125,67.25,11.675,26.8,100.0,84.25,-0.925,4.5193644,0.0,1.475,19.26851851,31.933333333333334,30.95,29.55,29.0,30.383333333333333,-19.883555556666664,-0.0240740999999999,-0.1473333333333333,-0.7473333333333333,-0.9546666666666668,19.119135806666662,-0.7288888888888877,5.1357183,5.205507,5.148113,4.96204,5.028024,0,1.0,0,0.75,-0.91,22.7,77.3
2023-02-06 12:00:00,879.410655566664,156.8245601,156.859558733332,19.26851851,-0.9546666666666668,30.383333333333333,2,5.1764362714980825,70.66250196097344,12,0,2,1.2246467991473532e-16,-1.0,0.0,1.0,0.8660254037844386,0.5000000000000001,139.0,122.875,78.08333333333333,11.6,26.6,100.0,83.0,-1.1,4.4598913,0.0,1.5,19.40555553,31.55,31.933333333333334,30.95,29.55,30.0,-20.223185176666668,0.2796296200000014,-0.06,-0.8946666666666666,-1.122,19.09012346333333,-0.8655555555555544,5.028024,5.1357183,5.205507,5.148113,5.004797,0,1.0,0,0.75,-0.86,20.5,79.5
2023-02-06 12:15:00,122.475656261114,10.184037072222,10.195981044444,19.40555553,-1.122,30.0,1,5.1764362714980825,70.66250196097344,12,0,2,1.2246467991473532e-16,-1.0,0.0,1.0,0.8660254037844386,0.5000000000000001,153.25,134.5,89.29166666666667,11.825,27.325000000000003,100.0,81.5,-1.375,4.371848,0.0,1.475,19.196296276666665,30.383333333333333,31.55,31.933333333333334,30.95,30.55,-20.52755553,0.137037020000001,-0.1673333333333334,-0.9546666666666668,-1.12,19.22098764333333,-0.9904444444444432,5.004797,5.028024,5.1357183,5.205507,5.0341415,0,0.0,1,1.0,-0.83,19.4,80.6
2023-02-06 12:30:00,243.84219042222,178.468694283334,178.499248677776,19.196296276666665,-1.12,30.55,2,5.1764362714980825,70.66250196097344,12,0,2,1.2246467991473532e-16,-1.0,0.0,1.0,0.8660254037844386,0.5000000000000001,167.5,147.0,100.875,12.05,28.05,100.0,80.0,-1.65,4.284088,0.0,1.45,19.31111111,30.0,30.383333333333333,31.55,31.933333333333334,31.4,-20.316296276666662,-0.2092592533333359,0.002,-1.122,-0.9313333333333332,19.29012343888889,-1.0655555555555545,5.0341415,5.004797,5.028024,5.1357183,5.2093186,0,0.0,1,1.0,-0.87,21.1,78.9
2023-02-06 12:45:00,173.060577266668,106.537960527778,106.559626344444,19.31111111,-0.9313333333333332,31.4,2,5.1764362714980825,70.66250196097344,12,0,2,1.2246467991473532e-16,-1.0,0.0,1.0,0.8660254037844386,0.5000000000000001,181.75,160.375,112.83333333333331,12.275,28.775,100.0,78.5,-1.9250000000000005,4.196614,0.0,1.4249999999999998,19.338888876666665,30.55,30.0,30.383333333333333,31.55,30.566666666666663,-20.242444443333337,0.1148148333333374,0.1886666666666668,-1.12,-0.888,19.304320972222225,-1.0577777777777766,5.2093186,5.0341415,5.004797,5.028024,5.079365,0,0.0,0,1.0,-0.84,19.9,80.1
2023-02-06 13:00:00,112.122181550002,39.255929683334,39.270373572222,19.338888876666665,-0.888,30.566666666666663,1,5.1764362714980825,70.66250196097344,13,0,2,-0.2588190451025208,-0.9659258262890684,0.0,1.0,0.8660254037844386,0.5000000000000001,196.0,174.625,125.16666666666669,12.5,29.5,100.0,77.0,-2.2,4.1094227,0.0,1.4,19.05000001,31.4,30.55,30.0,30.383333333333333,30.8,-20.226888876666667,0.0277777666666629,0.0433333333333332,-0.9313333333333332,-1.0306666666666666,19.282098754444448,-0.9797777777777766,5.079365,5.2093186,5.0341415,5.004797,5.031746,0,0.0,1,1.0,-0.84,19.9,80.1
2023-02-06 13:15:00,174.24691884444,109.689778916666,109.713111349998,19.05000001,-1.0306666666666666,30.8,2,5.1764362714980825,70.66250196097344,13,0,2,-0.2588190451025208,-0.9659258262890684,0.0,1.0,0.8660254037844386,0.5000000000000001,222.5,191.9375,138.70833333333334,12.275,29.875,99.5,76.75,-2.35,4.06827,0.0,1.2999999999999998,18.938888876666667,30.566666666666663,31.4,30.55,30.0,30.35,-20.080666676666667,-0.2888888666666638,-0.1426666666666666,-0.888,-0.996,19.233333332222223,-0.9499999999999988,5.031746,5.079365,5.2093186,5.0341415,4.9258204,0,0.0,1,1.0,-0.9,22.3,77.7
2023-02-06 13:30:00,164.655080133336,99.320471455556,99.342137255556,18.938888876666667,-0.996,30.35,2,5.1764362714980825,70.66250196097344,13,0,2,-0.2588190451025208,-0.9659258262890684,0.0,1.0,0.8660254037844386,0.5000000000000001,249.0,212.3125,153.45833333333334,12.05,30.25,99.0,76.5,-2.5,4.027464,0.0,1.2,18.99629626,30.8,30.566666666666663,31.4,30.55,29.866666666666667,-19.934888876666665,-0.1111111333333347,0.0346666666666666,-1.0306666666666666,-0.992,19.10925925444445,-0.9715555555555544,4.9258204,5.031746,5.079365,5.2093186,4.863829,0,0.0,0,1.0,-0.93,23.4,76.6
2023-02-06 13:45:00,235.962783461106,162.790710344444,162.819042594442,18.99629626,-0.992,29.866666666666667,2,5.1764362714980825,70.66250196097344,13,0,2,-0.2588190451025208,-0.9659258262890684,0.0,1.0,0.8660254037844386,0.5000000000000001,275.5,235.75,169.41666666666666,11.825,30.625,98.5,76.25,-2.65,3.9870012,0.0,1.1,19.30185181,30.35,30.8,30.566666666666663,31.4,29.616666666666667,-19.98829626,0.0574073833333343,0.0040000000000001,-0.996,-0.98,18.99506171555556,-1.006222222222221,4.863829,4.9258204,5.031746,5.079365,4.910781,0,0.0,0,1.0,-0.92,23.0,77.0
2023-02-06 14:00:00,191.101800155552,136.906467955556,136.93313362222,19.30185181,-0.98,29.616666666666667,2,5.1764362714980825,70.66250196097344,14,0,2,-0.4999999999999997,-0.8660254037844388,0.0,1.0,0.8660254037844386,0.5000000000000001,302.0,262.25,186.58333333333331,11.6,31.0,98.0,76.0,-2.8,3.9468808,0.0,1.0,19.37777777,29.866666666666667,30.35,30.8,30.566666666666663,28.8,-20.281851810000003,0.3055555500000011,0.0119999999999999,-0.992,-0.866,19.07901231555556,-0.9893333333333322,4.910781,4.863829,4.9258204,5.031746,4.796758,0,0.0,0,1.0,-0.85,20.4,79.6
2023-02-06 14:15:00,71.401588305554,22.825475844444,22.8390864,19.37777777,-0.866,28.8,1,5.1764362714980825,70.66250196097344,14,0,2,-0.4999999999999997,-0.8660254037844388,0.0,1.0,0.8660254037844386,0.5000000000000001,305.0,282.875,203.10416666666663,11.375,30.275,86.25,74.25,-3.05,3.8691924,0.0,1.05,19.12962962,29.616666666666667,29.866666666666667,30.35,30.8,28.683333333333334,-20.24377777,0.0759259599999992,0.1139999999999999,-0.98,-0.838,19.225308613333336,-0.9459999999999988,4.796758,4.910781,4.863829,4.9258204,4.7080073,0,0.0,1,1.0,-0.84,19.9,80.1
2023-02-06 14:30:00,210.961283611104,152.181690272222,152.20918922222,19.12962962,-0.838,28.683333333333334,2,5.1764362714980825,70.66250196097344,14,0,2,-0.4999999999999997,-0.8660254037844388,0.0,1.0,0.8660254037844386,0.5000000000000001,308.0,297.625,218.97916666666663,11.15,29.55,74.5,72.5,-3.3,3.790919,0.0,1.1,19.28333331,28.8,29.616666666666667,29.866666666666667,30.35,28.6,-19.96762962,-0.2481481500000022,0.028,-0.866,-0.8293333333333333,19.26975306666667,-0.8946666666666654,4.7080073,4.796758,4.910781,4.863829,4.737038,0,0.0,1,1.0,-0.9,22.0,78.0
2023-02-06 14:45:00,202.915216466664,144.48505371666602,144.511997138886,19.28333331,-0.8293333333333333,28.6,2,5.1764362714980825,70.66250196097344,14,0,2,-0.4999999999999997,-0.8660254037844388,0.0,1.0,0.8660254037844386,0.5000000000000001,311.0,306.5,234.20833333333331,10.925,28.825000000000003,62.75,70.75,-3.55,3.7120614,0.0,1.15,19.42777776333333,28.683333333333334,28.8,29.616666666666667,29.866666666666667,27.85,-20.11266664333333,0.1537036900000004,0.0086666666666667,-0.838,-0.554,19.263580233333336,-0.8444444444444432,4.737038,4.7080073,4.796758,4.910781,4.652197,0,0.0,0,1.0,-0.86,20.7,79.3
2023-02-06 15:00:00,68.46253917222201,0.0,0.0,19.42777776333333,-0.554,27.85,0,5.1764362714980825,70.66250196097344,15,0,2,-0.7071067811865471,-0.7071067811865479,0.0,1.0,0.8660254037844386,0.5000000000000001,314.0,309.5,248.79166666666663,10.7,28.1,51.0,69.0,-3.8,3.6326141,0.0,1.2,19.22500001,28.6,28.683333333333334,28.8,29.616666666666667,27.525,-19.98177776333333,0.1444444533333317,0.2753333333333332,-0.8293333333333333,-0.0333333333333333,19.28024689777778,-0.7404444444444432,4.652197,4.737038,4.7080073,4.796758,4.543347,1,1.0,1,0.75,-0.83,19.7,80.3
2023-02-06 15:15:00,180.748603116666,110.124761483334,110.146705072222,19.22500001,-0.0333333333333333,27.525,2,5.1764362714980825,70.66250196097344,15,0,2,-0.7071067811865471,-0.7071067811865479,0.0,1.0,0.8660254037844386,0.5000000000000001,327.0,315.0,263.2708333333333,10.825,28.0,38.5,68.5,-3.975,3.587883,0.0,1.125,19.27499999,27.85,28.6,28.683333333333334,28.8,27.825,-19.258333343333334,-0.2027777533333328,0.5206666666666667,-0.554,0.1933333333333333,19.312037027777777,-0.472222222222221,4.543347,4.652197,4.737038,4.7080073,4.6064134,0,1.0,1,0.75,-0.88,21.4,78.6
2023-02-06 15:30:00,213.2423033,164.405090216666,164.433977994442,19.27499999,0.1933333333333333,27.825,2,5.1764362714980825,70.66250196097344,15,0,2,-0.7071067811865471,-0.7071067811865479,0.0,1.0,0.8660254037844386,0.5000000000000001,340.0,323.0,277.6458333333333,10.95,27.9,26.0,68.0,-4.15,3.5435026,0.0,1.05,19.47222224,27.525,27.85,28.6,28.683333333333334,27.6,-19.08166665666667,0.0499999800000026,0.2266666666666666,-0.0333333333333333,0.1306666666666666,19.309259254444445,-0.1313333333333321,4.6064134,4.543347,4.652197,4.737038,4.622502,0,1.0,0,0.75,-0.87,20.9,79.1
2023-02-06 15:45:00,419.662934944448,47.936415766668,47.953915083334,19.47222224,0.1306666666666666,27.6,1,5.1764362714980825,70.66250196097344,15,0,2,-0.7071067811865471,-0.7071067811865479,0.0,1.0,0.8660254037844386,0.5000000000000001,353.0,333.5,291.9166666666667,11.075,27.8,13.5,67.5,-4.325,3.49947,0.0,0.975,19.298148153333333,27.825,27.525,27.85,28.6,27.03333333333333,-19.34155557333333,0.1972222499999993,-0.0626666666666667,0.1933333333333333,-0.1306666666666666,19.32407408,0.09688888888889,4.622502,4.6064134,4.543347,4.652197,4.4814563,0,1.0,1,0.75,-0.83,19.4,80.6
2023-02-06 16:00:00,128.813180666664,70.454403944444,70.472180983334,19.298148153333333,-0.1306666666666666,27.03333333333333,1,5.1764362714980825,70.66250196097344,16,0,2,-0.8660254037844385,-0.5000000000000004,0.0,1.0,0.8660254037844386,0.5000000000000001,366.0,346.5,306.0833333333333,11.2,27.7,1.0,67.0,-4.5,3.4557843,0.0,0.9,19.12777777,27.6,27.825,27.525,27.85,27.3,-19.42881482,-0.1740740866666676,-0.2613333333333333,0.1306666666666666,-0.5366666666666667,19.348456794444445,0.0644444444444456,4.4814563,4.622502,4.6064134,4.543347,4.4804616,0,0.0,0,1.0,-0.87,20.9,79.1
2023-02-06 16:15:00,217.792399055556,152.843330455556,152.871662705554,19.12777777,-0.5366666666666667,27.3,2,5.1764362714980825,70.66250196097344,16,0,2,-0.8660254037844385,-0.5000000000000004,0.0,1.0,0.8660254037844386,0.5000000000000001,341.0,350.0,315.9583333333333,11.15,27.7,0.75,67.5,-4.675,3.4224968,0.0,0.65,19.34814816,27.03333333333333,27.6,27.825,27.525,27.03333333333333,-19.664444436666667,-0.1703703833333314,-0.406,-0.1306666666666666,-0.8533333333333333,19.299382721111115,-0.1788888888888877,4.4804616,4.4814563,4.622502,4.6064134,4.4946685,0,0.0,1,1.0,-0.91,22.3,77.7
2023-02-06 16:30:00,171.774517611112,107.449590711112,107.4715343,19.34814816,-0.8533333333333333,27.03333333333333,2,5.1764362714980825,70.66250196097344,16,0,2,-0.8660254037844385,-0.5000000000000004,0.0,1.0,0.8660254037844386,0.5000000000000001,316.0,344.0,321.5416666666667,11.1,27.7,0.5,68.0,-4.85,3.3892217,0.0,0.4,19.3888889,27.3,27.03333333333333,27.6,27.825,26.35,-20.201481493333333,0.2203703899999993,-0.3166666666666665,-0.5366666666666667,-0.868,19.258024694444444,-0.5068888888888877,4.4946685,4.4804616,4.4814563,4.622502,4.391571,0,0.0,0,1.0,-0.86,20.5,79.5
2023-02-06 16:45:00,96.757240655556,38.029867611112,38.044867044444,19.3888889,-0.868,26.35,1,5.1764362714980825,70.66250196097344,16,0,2,-0.8660254037844385,-0.5000000000000004,0.0,1.0,0.8660254037844386,0.5000000000000001,291.0,328.5,322.8333333333333,11.05,27.7,0.25,68.5,-5.025,3.3559663,0.0,0.15,19.07777782,27.03333333333333,27.3,27.03333333333333,27.6,26.466666666666665,-20.2568889,0.0407407399999968,-0.0146666666666667,-0.8533333333333333,-0.9526666666666668,19.28827161,-0.7526666666666655,4.391571,4.4946685,4.4804616,4.4814563,4.330907,0,0.0,1,1.0,-0.85,20.3,79.7
2023-02-06 17:00:00,189.719355372222,141.1318545,141.158242327778,19.07777782,-0.9526666666666668,26.466666666666665,2,5.1764362714980825,70.66250196097344,17,0,2,-0.9659258262890684,-0.2588190451025206,0.0,1.0,0.8660254037844386,0.5000000000000001,266.0,303.5,319.8333333333333,11.0,27.7,0.0,69.0,-5.2,3.3227398,0.0,-0.1,19.23888892,26.35,27.03333333333333,27.3,27.03333333333333,26.45,-20.030444486666667,-0.3111110799999963,-0.0846666666666666,-0.868,-1.116,19.27160496,-0.8913333333333321,4.330907,4.391571,4.4946685,4.4804616,4.3694797,0,0.0,1,1.0,-0.92,22.9,77.1
2023-02-06 17:15:00,228.11615273889,179.55642857222202,179.58559412222002,19.23888892,-1.116,26.45,2,5.1764362714980825,70.66250196097344,17,0,2,-0.9659258262890684,-0.2588190451025206,0.0,1.0,0.8660254037844386,0.5000000000000001,225.75,274.6875,313.2291666666667,10.9,27.25,0.0,71.25,-5.175,3.3260486,0.0,-0.55,19.51666669333333,26.466666666666665,26.35,27.03333333333333,27.3,25.85,-20.35488892,0.1611110999999994,-0.1633333333333334,-0.9526666666666668,-1.404,19.23518521333333,-0.9788888888888876,4.3694797,4.330907,4.391571,4.4946685,4.3407354,0,0.0,0,1.0,-0.88,21.5,78.5
2023-02-06 17:30:00,104.852194611112,34.4394557,34.451955150002,19.51666669333333,-1.404,25.85,1,5.1764362714980825,70.66250196097344,17,0,2,-0.9659258262890684,-0.2588190451025206,0.0,1.0,0.8660254037844386,0.5000000000000001,185.5,242.0625,303.0208333333333,10.8,26.8,0.0,73.5,-5.15,3.3256457,0.0,-1.0,19.255555580000003,26.45,26.466666666666665,26.35,27.03333333333333,25.55,-20.92066669333333,0.2777777733333302,-0.2879999999999998,-1.116,-1.663333333333333,19.27777781111111,-1.1575555555555546,4.3407354,4.3694797,4.330907,4.391571,4.224947,0,0.0,1,1.0,-0.82,19.3,80.7
2023-02-06 17:45:00,149.046815622224,84.821884788888,84.841050688888,19.255555580000003,-1.663333333333333,25.55,2,5.1764362714980825,70.66250196097344,17,0,2,-0.9659258262890684,-0.2588190451025206,0.0,1.0,0.8660254037844386,0.5000000000000001,145.25,205.625,289.2083333333333,10.7,26.35,0.0,75.75,-5.125,3.3217294,0.0,-1.45,19.12407409333333,25.85,26.45,26.466666666666665,26.35,25.966666666666665,-20.918888913333337,-0.2611111133333281,-0.2593333333333334,-1.404,-1.834666666666667,19.337037064444445,-1.3944444444444433,4.224947,4.3407354,4.3694797,4.330907,4.260705,0,0.0,1,1.0,-0.89,21.6,78.4
2023-02-06 18:00:00,424.127478772218,193.666141927778,193.694751916666,19.12407409333333,-1.834666666666667,25.966666666666665,2,5.1764362714980825,70.66250196097344,18,0,2,-1.0,-1.8369701987210294e-16,0.0,1.0,0.8660254037844386,0.5000000000000001,105.0,165.375,271.7916666666667,10.6,25.9,0.0,78.0,-5.1,3.314493,0.0,-1.9,19.44444446,25.55,25.85,26.45,26.466666666666665,26.6,-20.95874076,-0.1314814866666687,-0.1713333333333333,-1.663333333333333,-2.1526666666666667,19.29876545555556,-1.6339999999999986,4.260705,4.224947,4.3407354,4.3694797,4.447748,0,0.0,0,1.0,-0.91,22.6,77.4
2023-02-06 18:15:00,407.06871668333,54.170610855556,54.18227712222,19.44444446,-2.1526666666666667,26.6,1,5.1764362714980825,70.66250196097344,18,0,2,-1.0,-1.8369701987210294e-16,0.0,1.0,0.8660254037844386,0.5000000000000001,79.75,128.875,251.1875,10.4,24.925,0.25,81.0,-5.25,3.2999973,0.0,-2.5,19.34999999,25.966666666666665,25.55,25.85,26.45,28.83333333333333,-21.597111126666668,0.3203703666666655,-0.318,-1.834666666666667,-2.372,19.27469137777778,-1.883555555555554,4.447748,4.260705,4.224947,4.3407354,4.794466,0,0.0,1,1.0,-0.84,19.8,80.2
2023-02-06 18:30:00,132.951348433332,0.0,0.0,19.34999999,-2.372,28.83333333333333,0,5.1764362714980825,70.66250196097344,18,0,2,-1.0,-1.8369701987210294e-16,0.0,1.0,0.8660254037844386,0.5000000000000001,54.5,96.125,227.39583333333331,10.2,23.95,0.5,84.0,-5.4,3.2803485,0.0,-3.1,19.01666665,26.6,25.966666666666665,25.55,25.85,29.35,-21.72199999,-0.0944444699999991,-0.2193333333333331,-2.1526666666666667,-2.555333333333333,19.306172847777777,-2.119777777777777,4.794466,4.447748,4.260705,4.224947,4.78544,1,1.0,1,0.75,-0.85,20.1,79.9
2023-02-06 18:45:00,1241.953653133336,103.445584227778,103.503915244444,19.01666665,-2.555333333333333,29.35,2,5.1764362714980825,70.66250196097344,18,0,2,-1.0,-1.8369701987210294e-16,0.0,1.0,0.8660254037844386,0.5000000000000001,29.25,67.125,200.41666666666663,10.0,22.975,0.75,87.0,-5.55,3.2559476,0.0,-3.7,19.057407416666667,28.83333333333333,26.6,25.966666666666665,25.55,28.95,-21.57199998333333,-0.3333333400000029,-0.1833333333333331,-2.372,-2.63,19.27037036666667,-2.3599999999999985,4.78544,4.794466,4.447748,4.260705,4.7315807,0,1.0,1,0.75,-0.92,22.9,77.1
2023-02-06 19:00:00,324.841728027778,164.946735216666,165.004510672222,19.057407416666667,-2.63,28.95,2,5.1764362714980825,70.66250196097344,19,0,2,-0.9659258262890684,0.2588190451025203,0.0,1.0,0.8660254037844386,0.5000000000000001,4.0,41.875,170.25,9.8,22.0,1.0,90.0,-5.7,3.2271762,0.0,-4.3,19.255555580000003,29.35,28.83333333333333,26.6,25.966666666666665,27.6,-21.687407416666662,0.0407407666666692,-0.0746666666666668,-2.555333333333333,-2.7513333333333336,19.14135801888889,-2.5191111111111097,4.7315807,4.78544,4.794466,4.447748,4.563935,0,1.0,0,0.75,-0.91,22.6,77.4
2023-02-06 19:15:00,277.90693886111,156.472629711112,156.533460627778,19.255555580000003,-2.7513333333333336,27.6,2,5.1764362714980825,70.66250196097344,19,0,2,-0.9659258262890684,0.2588190451025203,0.0,1.0,0.8660254037844386,0.5000000000000001,3.0,22.6875,142.08333333333334,9.975,21.1,0.75,90.75,-5.9,3.1849442,0.0,-4.6,19.340740756666666,28.95,29.35,28.83333333333333,26.6,26.666666666666668,-22.006888913333334,0.1981481633333359,-0.1213333333333337,-2.63,-2.8680000000000003,19.10987654888889,-2.645555555555554,4.563935,4.7315807,4.78544,4.794466,4.4317718,0,1.0,0,0.75,-0.87,21.2,78.8
2023-02-06 19:30:00,219.080958644444,106.446019788888,106.501573133332,19.340740756666666,-2.8680000000000003,26.666666666666668,2,5.1764362714980825,70.66250196097344,19,0,2,-0.9659258262890684,0.2588190451025203,0.0,1.0,0.8660254037844386,0.5000000000000001,2.0,9.5625,115.91666666666669,10.15,20.2,0.5,91.5,-6.1,3.1428754,0.0,-4.9,19.0888889,27.6,28.95,29.35,28.83333333333333,26.35,-22.208740756666664,0.0851851766666627,-0.1166666666666667,-2.7513333333333336,-3.052666666666666,19.217901251111112,-2.7497777777777768,4.4317718,4.563935,4.7315807,4.78544,4.314642,0,0.0,0,1.0,-0.86,20.6,79.4
2023-02-06 19:45:00,267.342361394446,144.629770144444,144.686990088888,19.0888889,-3.052666666666666,26.35,2,5.1764362714980825,70.66250196097344,19,0,2,-0.9659258262890684,0.2588190451025203,0.0,1.0,0.8660254037844386,0.5000000000000001,1.0,2.5,91.75,10.325,19.3,0.25,92.25,-6.3,3.1009812,0.0,-5.2,19.11296298,26.666666666666668,27.6,28.95,29.35,26.316666666666663,-22.141555566666664,-0.2518518566666685,-0.1846666666666663,-2.8680000000000003,-3.208,19.22839507888889,-2.890666666666666,4.314642,4.4317718,4.563935,4.7315807,4.3153057,0,0.0,0,1.0,-0.92,22.9,77.1
2023-02-06 20:00:00,280.68155002222403,165.155060216666,165.206447094442,19.11296298,-3.208,26.316666666666663,2,5.1764362714980825,70.66250196097344,20,0,2,-0.8660254037844386,0.5000000000000001,0.0,1.0,0.8660254037844386,0.5000000000000001,0.0,1.5,69.58333333333333,10.5,18.4,0.0,93.0,-6.5,3.0592709,0.0,-5.5,19.30555553,26.35,26.666666666666668,27.6,28.95,25.95,-22.32096298,0.0240740800000054,-0.1553333333333331,-3.052666666666666,-3.306666666666666,19.18086421222222,-3.042888888888888,4.3153057,4.314642,4.4317718,4.563935,4.3037443,0,0.0,0,1.0,-0.91,22.7,77.3
2023-02-06 20:15:00,267.292363344448,157.858963155556,157.908683383334,19.30555553,-3.306666666666666,25.95,2,5.1764362714980825,70.66250196097344,20,0,2,-0.8660254037844386,0.5000000000000001,0.0,1.0,0.8660254037844386,0.5000000000000001,0.0,0.75,50.770833333333336,10.05,18.925,18.0,92.75,-6.475,3.0620835,0.0,-5.45,19.40555554333333,26.316666666666663,26.35,26.666666666666668,27.6,25.53333333333333,-22.612222196666664,0.1925925499999969,-0.0986666666666669,-3.208,-3.366,19.169135803333337,-3.18911111111111,4.3037443,4.3153057,4.314642,4.4317718,4.2596383,0,0.0,0,1.0,-0.87,21.1,78.9
2023-02-06 20:30:00,271.63080090000403,164.540918066668,164.590916066668,19.40555554333333,-3.366,25.53333333333333,2,5.1764362714980825,70.66250196097344,20,0,2,-0.8660254037844386,0.5000000000000001,0.0,1.0,0.8660254037844386,0.5000000000000001,0.0,0.25,35.3125,9.6,19.45,36.0,92.5,-6.45,3.06487,0.0,-5.4,19.48888888,25.95,26.316666666666663,26.35,26.666666666666668,25.45,-22.77155554333333,0.1000000133333323,-0.0593333333333334,-3.306666666666666,-3.504,19.274691351111112,-3.2935555555555545,4.2596383,4.3037443,4.3153057,4.314642,4.266595,0,0.0,0,1.0,-0.85,20.3,79.7
2023-02-06 20:45:00,265.277166172226,164.186210072222,164.2359303,19.48888888,-3.504,25.45,2,5.1764362714980825,70.66250196097344,20,0,2,-0.8660254037844386,0.5000000000000001,0.0,1.0,0.8660254037844386,0.5000000000000001,0.0,0.0,23.20833333333333,9.15,19.975,54.0,92.25,-6.425000000000001,3.0676324,0.0,-5.35,19.53148150666667,25.53333333333333,25.95,26.316666666666663,26.35,25.03333333333333,-22.99288888,0.0833333366666657,-0.1379999999999999,-3.366,-3.548,19.399999984444445,-3.392222222222221,4.266595,4.2596383,4.3037443,4.3153057,4.207263,0,0.0,0,1.0,-0.83,19.6,80.4
2023-02-06 21:00:00,237.780488516662,127.962659072222,128.00932387222198,19.53148150666667,-3.548,25.03333333333333,2,5.1764362714980825,70.66250196097344,21,0,2,-0.7071067811865477,0.7071067811865474,0.0,1.0,0.8660254037844386,0.5000000000000001,0.0,0.0,14.458333333333334,8.7,20.5,72.0,92.0,-6.4,3.0703697,0.0,-5.3,19.5,25.45,25.53333333333333,25.95,26.316666666666663,25.0,-23.079481506666667,0.0425926266666714,-0.044,-3.504,-3.652,19.47530864333333,-3.472666666666665,4.207263,4.266595,4.2596383,4.3037443,4.1938925,0,0.0,0,1.0,-0.83,19.4,80.6
2023-02-06 21:15:00,263.324744438886,125.226935172222,125.28304406111,19.5,-3.652,25.0,2,5.1764362714980825,70.66250196097344,21,0,2,-0.7071067811865477,0.7071067811865474,0.0,1.0,0.8660254037844386,0.5000000000000001,0.0,0.0,7.8125,8.25,19.775,66.25,92.0,-6.5,3.0538068,0.0,-5.375,19.438888876666667,25.03333333333333,25.45,25.53333333333333,25.95,24.816666666666663,-23.152,-0.0314815066666689,-0.104,-3.548,-3.755333333333333,19.50679012888889,-3.567999999999999,4.1938925,4.207263,4.266595,4.2596383,4.148204,0,0.0,0,1.0,-0.83,19.6,80.4
2023-02-06 21:30:00,86.230161672226,0.0,0.0,19.438888876666667,-3.755333333333333,24.816666666666663,0,5.1764362714980825,70.66250196097344,21,0,2,-0.7071067811865477,0.7071067811865474,0.0,1.0,0.8660254037844386,0.5000000000000001,0.0,0.0,3.270833333333333,7.8,19.05,60.5,92.0,-6.6,3.0373225,0.0,-5.449999999999999,19.13888891,25.0,25.03333333333333,25.45,25.53333333333333,24.55,-23.19422221,-0.0611111233333332,-0.103333333333333,-3.652,-3.88,19.490123461111114,-3.651777777777777,4.148204,4.1938925,4.207263,4.266595,4.0317736,1,1.0,1,0.75,-0.85,20.2,79.8
2023-02-06 21:45:00,198.25234733889,125.07971886111,125.10194022222,19.13888891,-3.88,24.55,2,5.1764362714980825,70.66250196097344,21,0,2,-0.7071067811865477,0.7071067811865474,0.0,1.0,0.8660254037844386,0.5000000000000001,0.0,0.0,0.8333333333333334,7.35,18.325000000000003,54.75,92.0,-6.7,3.0209157,0.0,-5.525,19.15740742333333,24.816666666666663,25.0,25.03333333333333,25.45,24.966666666666665,-23.01888891,-0.2999999666666681,-0.1246666666666671,-3.755333333333333,-4.196666666666667,19.35925926222222,-3.762444444444444,4.0317736,4.148204,4.1938925,4.207263,4.10468,0,1.0,1,0.75,-0.92,22.8,77.2
2023-02-06 22:00:00,267.158202127778,187.641660716666,187.669715194442,19.15740742333333,-4.196666666666667,24.966666666666665,2,5.1764362714980825,70.66250196097344,22,0,2,-0.5000000000000004,0.8660254037844384,0.0,1.0,0.8660254037844386,0.5000000000000001,0.0,0.0,0.5,6.9,17.6,49.0,92.0,-6.8,3.0045884,0.0,-5.6,19.47777779,24.55,24.816666666666663,25.0,25.03333333333333,24.9,-23.35407409,0.0185185133333334,-0.3166666666666669,-3.88,-4.342,19.245061736666667,-3.943999999999999,4.10468,4.0317736,4.148204,4.1938925,4.1716623,0,1.0,0,0.75,-0.91,22.5,77.5
2023-02-06 22:15:00,521.47025160555,86.142387483334,86.160442377776,19.47777779,-4.342,24.9,2,5.1764362714980825,70.66250196097344,22,0,2,-0.5000000000000004,0.8660254037844384,0.0,1.0,0.8660254037844386,0.5000000000000001,0.0,0.0,0.25,7.0,16.700000000000003,52.75,92.0,-7.3,2.8924508,0.0,-6.125,19.34999999,24.966666666666665,24.55,24.816666666666663,25.0,24.25,-23.81977779,0.320370366666669,-0.1453333333333324,-4.196666666666667,-4.274,19.25802470777778,-4.139555555555554,4.1716623,4.10468,4.0317736,4.148204,4.03234,0,1.0,0,0.75,-0.84,19.8,80.2
2023-02-06 22:30:00,161.669366283334,75.980294,75.996960033332,19.34999999,-4.274,24.25,2,5.1764362714980825,70.66250196097344,22,0,2,-0.5000000000000004,0.8660254037844384,0.0,1.0,0.8660254037844386,0.5000000000000001,0.0,0.0,0.0833333333333333,7.1,15.8,56.5,92.0,-7.800000000000001,2.7840154,0.0,-6.65,19.15,24.9,24.966666666666665,24.55,24.816666666666663,24.85,-23.62399999,-0.1277778000000005,0.0679999999999996,-4.342,-4.39,19.32839506777778,-4.270888888888888,4.03234,4.1716623,4.10468,4.0317736,4.0837154,0,0.0,0,1.0,-0.87,21.0,79.0
2023-02-06 22:45:00,251.01023693889,173.936653355556,173.964152288888,19.15,-4.39,24.85,2,5.1764362714980825,70.66250196097344,22,0,2,-0.5000000000000004,0.8660254037844384,0.0,1.0,0.8660254037844386,0.5000000000000001,0.0,0.0,0.0,7.2,14.9,60.25,92.0,-8.3,2.6791778,0.0,-7.175,19.35925922333333,24.25,24.9,24.966666666666665,24.55,24.633333333333333,-23.54,-0.199999990000002,-0.1159999999999996,-4.274,-4.46,19.325925926666667,-4.335333333333332,4.0837154,4.03234,4.1716623,4.10468,4.098314,0,0.0,0,1.0,-0.91,22.6,77.4
2023-02-06 23:00:00,211.054890849998,134.554617566668,134.577394472222,19.35925922333333,-4.46,24.633333333333333,2,5.1764362714980825,70.66250196097344,23,0,2,-0.2588190451025215,0.965925826289068,0.0,1.0,0.8660254037844386,0.5000000000000001,0.0,0.0,0.0,7.3,14.0,64.0,92.0,-8.8,2.5778346,0.0,-7.7,19.188888870000003,24.85,24.25,24.9,24.966666666666665,24.05,-23.819259223333333,0.2092592233333334,-0.0700000000000002,-4.39,-4.559333333333333,19.286419737777777,-4.374666666666665,4.098314,4.0837154,4.03234,4.1716623,3.9613168,0,0.0,0,1.0,-0.87,20.9,79.1
2023-02-06 23:15:00,161.124110394442,102.994768927778,103.010879449998,19.188888870000003,-4.559333333333333,24.05,2,5.1764362714980825,70.66250196097344,23,0,2,-0.2588190451025215,0.965925826289068,0.0,1.0,0.8660254037844386,0.5000000000000001,0.0,0.0,0.0,6.575,13.2,58.75,91.5,-8.275,2.6792972,0.0,-7.1,18.98518518666667,24.633333333333333,24.85,24.25,24.9,24.466666666666665,-23.74822220333333,-0.1703703533333289,-0.099333333333333,-4.46,-4.586666666666667,19.232716031111117,-4.469777777777776,3.9613168,4.098314,4.0837154,4.03234,3.9818199,0,0.0,0,1.0,-0.91,22.5,77.5
2023-02-06 23:30:00,251.902701288888,182.944904144444,182.967681016666,18.98518518666667,-4.586666666666667,24.466666666666665,2,5.1764362714980825,70.66250196097344,23,0,2,-0.2588190451025215,0.965925826289068,0.0,1.0,0.8660254037844386,0.5000000000000001,0.0,0.0,0.0,5.85,12.4,53.5,91.0,-7.75,2.7840319,0.0,-6.5,19.34444441,24.05,24.633333333333333,24.85,24.25,24.1,-23.57185185333333,-0.2037036833333338,-0.0273333333333338,-4.559333333333333,-4.533333333333333,19.17777776,-4.535333333333331,3.9818199,3.9613168,4.098314,4.0837154,4.006087,0,0.0,0,1.0,-0.95,24.2,75.8
2023-02-06 23:45:00,141.874324849998,82.961125872222,82.97223656111,19.34444441,-4.533333333333333,24.1,2,5.1764362714980825,70.66250196097344,23,0,2,-0.2588190451025215,0.965925826289068,0.0,1.0,0.8660254037844386,0.5000000000000001,0.0,0.0,0.0,5.125,11.6,48.25,90.5,-7.225,2.8921142,0.0,-5.9,19.30185184,24.466666666666665,24.05,24.633333333333333,24.85,23.53333333333333,-23.877777743333333,0.3592592233333285,0.0533333333333336,-4.586666666666667,-4.6546666666666665,19.172839488888894,-4.559777777777776,4.006087,3.9818199,3.9613168,4.098314,3.902095,0,0.0,0,1.0,-0.87,21.1,78.9
2023-02-07 00:00:00,131.820004772222,79.587927455556,79.597093755556,19.30185184,-4.6546666666666665,23.53333333333333,2,5.1764362714980825,70.66250196097344,0,1,2,0.0,1.0,0.7818314824680298,0.6234898018587336,0.8660254037844386,0.5000000000000001,0.0,0.0,0.0,4.4,10.8,43.0,90.0,-6.7,3.0036225,0.0,-5.3,19.07777782,24.1,24.466666666666665,24.05,24.633333333333333,23.8,-23.956518506666665,-0.04259257,-0.1213333333333333,-4.533333333333333,-4.966666666666667,19.210493812222225,-4.591555555555554,3.902095,4.006087,3.9818199,3.9613168,3.894543,0,0.0,0,1.0,-0.89,21.6,78.4
2023-02-07 00:15:00,216.03358047778,161.9718542,161.991575644444,19.07777782,-4.966666666666667,23.8,2,5.1764362714980825,70.66250196097344,0,1,2,0.0,1.0,0.7818314824680298,0.6234898018587336,0.8660254037844386,0.5000000000000001,0.0,0.0,0.0,5.2,10.9,34.75,90.75,-7.225,2.8896115,0.0,-5.95,19.34444446,23.53333333333333,24.1,24.466666666666665,24.05,23.53333333333333,-24.04444448666667,-0.2240740199999962,-0.3120000000000003,-4.6546666666666665,-4.894,19.241358023333333,-4.718222222222221,3.894543,3.902095,4.006087,3.9818199,3.9118912,0,0.0,0,1.0,-0.94,23.5,76.5
2023-02-07 00:30:00,163.82816894444,97.293608083334,97.30555212222,19.34444446,-4.894,23.53333333333333,2,5.1764362714980825,70.66250196097344,0,1,2,0.0,1.0,0.7818314824680298,0.6234898018587336,0.8660254037844386,0.5000000000000001,0.0,0.0,0.0,6.0,11.0,26.5,91.5,-7.75,2.7790003,0.0,-6.6,19.32222224,23.8,23.53333333333333,24.1,24.466666666666665,23.2,-24.23844446,0.2666666399999968,0.0726666666666666,-4.966666666666667,-5.156666666666666,19.24135804,-4.838444444444443,3.9118912,3.894543,3.902095,4.006087,3.8514402,0,0.0,0,1.0,-0.88,21.2,78.8
2023-02-07 00:45:00,141.093522799996,80.978705172222,80.991204738886,19.32222224,-5.156666666666666,23.2,2,5.1764362714980825,70.66250196097344,0,1,2,0.0,1.0,0.7818314824680298,0.6234898018587336,0.8660254037844386,0.5000000000000001,0.0,0.0,0.0,6.8,11.1,18.25,92.25,-8.275,2.6717293,0.0,-7.25,19.1314815,23.53333333333333,23.8,23.53333333333333,24.1,23.466666666666665,-24.478888906666665,-0.0222222199999997,-0.2626666666666661,-4.894,-5.313999999999999,19.24814817333333,-5.0057777777777765,3.8514402,3.9118912,3.894543,3.902095,3.8521786,0,0.0,0,1.0,-0.88,21.5,78.5
2023-02-07 01:00:00,215.854976688884,169.360447544444,169.382946677776,19.1314815,-5.313999999999999,23.466666666666665,2,5.1764362714980825,70.66250196097344,1,1,2,0.2588190451025207,0.9659258262890684,0.7818314824680298,0.6234898018587336,0.8660254037844386,0.5000000000000001,0.0,0.0,0.0,7.6,11.2,10.0,93.0,-8.8,2.567736,0.0,-7.9,19.37222219,23.2,23.53333333333333,23.8,23.53333333333333,23.45,-24.4454815,-0.1907407399999989,-0.1573333333333328,-5.156666666666666,-5.106,19.2660494,-5.121555555555553,3.8521786,3.8514402,3.9118912,3.894543,3.9044173,0,0.0,0,1.0,-0.93,23.1,76.9
2023-02-07 01:15:00,121.519027994442,87.345950488888,87.359283338886,19.37222219,-5.106,23.45,2,5.1764362714980825,70.66250196097344,1,1,2,0.2588190451025207,0.9659258262890684,0.7818314824680298,0.6234898018587336,0.8660254037844386,0.5000000000000001,0.0,0.0,0.0,7.875,11.55,12.0,93.0,-8.825000000000001,2.5630054,0.0,-7.925000000000001,19.27037039,23.466666666666665,23.2,23.53333333333333,23.8,23.03333333333333,-24.47822219,0.2407406899999991,0.2079999999999993,-5.313999999999999,-5.176666666666667,19.27530864333333,-5.19222222222222,3.9044173,3.8521786,3.8514402,3.9118912,3.812116,0,0.0,0,1.0,-0.87,21.0,79.0
2023-02-07 01:30:00,102.26563162777,80.847321544444,80.861765466664,19.27037039,-5.176666666666667,23.03333333333333,2,5.1764362714980825,70.66250196097344,1,1,2,0.2588190451025207,0.9659258262890684,0.7818314824680298,0.6234898018587336,0.8660254037844386,0.5000000000000001,0.0,0.0,0.0,8.149999999999999,11.9,14.0,93.0,-8.850000000000001,2.5582838,0.0,-7.95,19.07777782,23.45,23.466666666666665,23.2,23.53333333333333,23.3,-24.447037056666662,-0.1018517999999986,-0.0706666666666668,-5.106,-5.260000000000001,19.258024693333333,-5.198888888888887,3.812116,3.9044173,3.8521786,3.8514402,3.8127246,0,0.0,0,1.0,-0.9,22.0,78.0
2023-02-07 01:45:00,212.029574111108,172.345605883334,172.37116046111,19.07777782,-5.260000000000001,23.3,2,5.1764362714980825,70.66250196097344,1,1,2,0.2588190451025207,0.9659258262890684,0.7818314824680298,0.6234898018587336,0.8660254037844386,0.5000000000000001,0.0,0.0,0.0,8.424999999999999,12.25,16.0,93.0,-8.875,2.5535686,0.0,-7.975,19.364814846666665,23.03333333333333,23.45,23.466666666666665,23.2,23.03333333333333,-24.337777820000003,-0.1925925699999986,-0.0833333333333339,-5.176666666666667,-5.282666666666668,19.240123466666667,-5.180888888888888,3.8127246,3.812116,3.9044173,3.8521786,3.833371,0,0.0,0,1.0,-0.94,23.6,76.4
2023-02-07 02:00:00,214.902236866668,176.197674027778,176.221006411112,19.364814846666665,-5.282666666666668,23.03333333333333,2,5.1764362714980825,70.66250196097344,2,1,2,0.4999999999999999,0.8660254037844387,0.7818314824680298,0.6234898018587336,0.8660254037844386,0.5000000000000001,0.0,0.0,0.0,8.7,12.6,18.0,93.0,-8.9,2.5488615,0.0,-8.0,19.47777779,23.3,23.03333333333333,23.45,23.466666666666665,22.65,-24.64748151333333,0.2870370266666633,-0.0226666666666668,-5.260000000000001,-5.571333333333333,19.237654352222226,-5.239777777777777,3.833371,3.8127246,3.812116,3.9044173,3.7947052,0,0.0,0,1.0,-0.87,21.1,78.9
2023-02-07 02:15:00,120.237968088888,98.545780227778,98.561612977776,19.47777779,-5.571333333333333,22.65,2,5.1764362714980825,70.66250196097344,2,1,2,0.4999999999999999,0.8660254037844387,0.7818314824680298,0.6234898018587336,0.8660254037844386,0.5000000000000001,0.0,0.0,0.0,8.524999999999999,12.425,14.5,92.25,-8.625,2.5991461,0.0,-7.625,19.07592590333333,23.03333333333333,23.3,23.03333333333333,23.45,22.683333333333334,-25.049111123333333,0.1129629433333363,-0.2886666666666651,-5.282666666666668,-5.59,19.306790152222224,-5.371333333333332,3.7947052,3.833371,3.8127246,3.812116,3.7114108,0,0.0,0,1.0,-0.85,20.3,79.7
2023-02-07 02:30:00,161.242716650002,138.07781,138.09753146111,19.07592590333333,-5.59,22.683333333333334,2,5.1764362714980825,70.66250196097344,2,1,2,0.4999999999999999,0.8660254037844387,0.7818314824680298,0.6234898018587336,0.8660254037844386,0.5000000000000001,0.0,0.0,0.0,8.35,12.25,11.0,91.5,-8.35,2.650008,0.0,-7.25,19.09444442,22.65,23.03333333333333,23.3,23.03333333333333,23.0,-24.66592590333333,-0.4018518866666696,-0.0186666666666672,-5.571333333333333,-5.533333333333333,19.306172846666662,-5.481333333333332,3.7114108,3.7947052,3.833371,3.8127246,3.7673357,0,0.0,0,1.0,-0.94,23.7,76.3
2023-02-07 02:45:00,224.569350166668,191.9914867,192.016763472222,19.09444442,-5.533333333333333,23.0,2,5.1764362714980825,70.66250196097344,2,1,2,0.4999999999999999,0.8660254037844387,0.7818314824680298,0.6234898018587336,0.8660254037844386,0.5000000000000001,0.0,0.0,0.0,8.175,12.075,7.5,90.75,-8.075,2.7014408,0.0,-6.875,19.50370369,22.683333333333334,22.65,23.03333333333333,23.3,22.816666666666663,-24.627777753333334,0.018518516666667,0.0566666666666666,-5.59,-5.563999999999999,19.21604937111111,-5.564888888888888,3.7673357,3.7114108,3.7947052,3.833371,3.8284593,0,0.0,0,1.0,-0.94,23.5,76.5
2023-02-07 03:00:00,154.40743467221802,117.010041611112,117.027818733332,19.50370369,-5.563999999999999,22.816666666666663,2,5.1764362714980825,70.66250196097344,3,1,2,0.7071067811865476,0.7071067811865476,0.7818314824680298,0.6234898018587336,0.8660254037844386,0.5000000000000001,0.0,0.0,0.0,8.0,11.9,4.0,90.0,-7.8,2.753438,0.0,-6.5,19.44444446,23.0,22.683333333333334,22.65,23.03333333333333,22.2,-25.06770369,0.4092592700000033,-0.0306666666666659,-5.533333333333333,-5.466666666666667,19.224691337777777,-5.562444444444442,3.8284593,3.7673357,3.7114108,3.7947052,3.7120304,0,0.0,0,1.0,-0.84,20.0,80.0
2023-02-07 03:15:00,104.15555594444,74.840617372222,74.85450578333,19.44444446,-5.466666666666667,22.2,2,5.1764362714980825,70.66250196097344,3,1,2,0.7071067811865476,0.7071067811865476,0.7818314824680298,0.6234898018587336,0.8660254037844386,0.5000000000000001,0.0,0.0,0.0,8.35,12.35,8.0,91.25,-8.75,2.5757031,0.0,-7.6,19.15000000666667,22.816666666666663,23.0,22.683333333333334,22.65,22.466666666666665,-24.91111112666667,-0.0592592300000021,0.0973333333333323,-5.563999999999999,-5.485333333333333,19.34753085666667,-5.521333333333332,3.7120304,3.8284593,3.7673357,3.7114108,3.6920512,0,0.0,0,1.0,-0.86,20.6,79.4
2023-02-07 03:30:00,204.45348828333,172.82169793889,172.846141427778,19.15000000666667,-5.485333333333333,22.466666666666665,2,5.1764362714980825,70.66250196097344,3,1,2,0.7071067811865476,0.7071067811865476,0.7818314824680298,0.6234898018587336,0.8660254037844386,0.5000000000000001,0.0,0.0,0.0,8.7,12.8,12.0,92.5,-9.7,2.4071202,0.0,-8.7,19.37777776,22.2,22.816666666666663,23.0,22.683333333333334,22.45,-24.635333340000003,-0.2944444533333303,-0.0186666666666663,-5.466666666666667,-5.490666666666667,19.36604938555556,-5.505333333333332,3.6920512,3.7120304,3.8284593,3.7673357,3.7391393,0,0.0,0,1.0,-0.93,23.1,76.9
2023-02-07 03:45:00,484.356458266668,160.0377649,160.06081956111,19.37777776,-5.490666666666667,22.45,2,5.1764362714980825,70.66250196097344,3,1,2,0.7071067811865476,0.7071067811865476,0.7818314824680298,0.6234898018587336,0.8660254037844386,0.5000000000000001,0.0,0.0,0.0,9.05,13.25,16.0,93.75,-10.65,2.2473907,0.0,-9.8,19.498148126666667,22.466666666666665,22.2,22.816666666666663,23.0,22.03333333333333,-24.868444426666667,0.2277777533333314,-0.0053333333333336,-5.485333333333333,-5.549333333333333,19.32407407555556,-5.480888888888887,3.7391393,3.6920512,3.7120304,3.8284593,3.6958153,0,0.0,0,1.0,-0.87,21.2,78.8
2023-02-07 04:00:00,68.95335295555199,41.029469855556,41.038636188888,19.498148126666667,-5.549333333333333,22.03333333333333,1,5.1764362714980825,70.66250196097344,4,1,2,0.8660254037844386,0.5000000000000001,0.7818314824680298,0.6234898018587336,0.8660254037844386,0.5000000000000001,0.0,0.0,0.0,9.4,13.7,20.0,95.0,-11.6,2.0962136,0.0,-10.9,19.13888891,22.45,22.466666666666665,22.2,22.816666666666663,22.35,-25.04748146,0.1203703666666662,-0.0586666666666664,-5.490666666666667,-5.701333333333333,19.34197529777778,-5.508444444444443,3.6958153,3.7391393,3.6920512,3.7120304,3.670474,0,0.0,1,1.0,-0.85,20.2,79.8
2023-02-07 04:15:00,190.7015383,142.483744855556,142.502077505554,19.13888891,-5.701333333333333,22.35,2,5.1764362714980825,70.66250196097344,4,1,2,0.8660254037844386,0.5000000000000001,0.7818314824680298,0.6234898018587336,0.8660254037844386,0.5000000000000001,0.0,0.0,0.0,9.475,14.05,16.25,94.75,-11.8,2.0631568,0.0,-11.075,19.17777781,22.03333333333333,22.45,22.466666666666665,22.2,22.5,-24.840222243333333,-0.3592592166666684,-0.1520000000000001,-5.549333333333333,-5.543333333333333,19.33827159888889,-5.580444444444443,3.670474,3.6958153,3.7391393,3.6920512,3.7035882,0,0.0,1,1.0,-0.93,23.2,76.8
2023-02-07 04:30:00,228.007546066664,201.804705288888,201.831648711108,19.17777781,-5.543333333333333,22.5,2,5.1764362714980825,70.66250196097344,4,1,2,0.8660254037844386,0.5000000000000001,0.7818314824680298,0.6234898018587336,0.8660254037844386,0.5000000000000001,0.0,0.0,0.0,9.55,14.4,12.5,94.5,-12.0,2.0305657,0.0,-11.25,19.42777778,22.35,22.03333333333333,22.45,22.466666666666665,22.15,-24.72111114333333,0.0388889000000034,0.1580000000000003,-5.701333333333333,-5.534000000000001,19.27160494888889,-5.597999999999999,3.7035882,3.670474,3.6958153,3.7391393,3.7000418,0,0.0,0,1.0,-0.92,22.9,77.1
2023-02-07 04:45:00,59.970934549994,38.321522627778,38.331800066664,19.42777778,-5.534000000000001,22.15,1,5.1764362714980825,70.66250196097344,4,1,2,0.8660254037844386,0.5000000000000001,0.7818314824680298,0.6234898018587336,0.8660254037844386,0.5000000000000001,0.0,0.0,0.0,9.625,14.75,8.75,94.25,-12.2,1.9984343,0.0,-11.425,19.09629629,22.5,22.35,22.03333333333333,22.45,22.183333333333334,-24.96177778,0.2499999699999975,0.0093333333333323,-5.543333333333333,-5.683333333333334,19.248148166666667,-5.592888888888887,3.7000418,3.7035882,3.670474,3.6958153,3.6339648,0,0.0,1,1.0,-0.86,20.8,79.2
2023-02-07 05:00:00,160.424971561114,128.796792355556,128.814569477776,19.09629629,-5.683333333333334,22.183333333333334,2,5.1764362714980825,70.66250196097344,5,1,2,0.9659258262890684,0.2588190451025207,0.7818314824680298,0.6234898018587336,0.8660254037844386,0.5000000000000001,0.0,0.0,0.0,9.7,15.1,5.0,94.0,-12.4,1.966757,0.0,-11.6,18.92777775,22.15,22.5,22.35,22.03333333333333,22.2,-24.77962962333333,-0.331481489999998,-0.1493333333333328,-5.534000000000001,-5.838666666666667,19.23395062666667,-5.586888888888887,3.6339648,3.7000418,3.7035882,3.670474,3.600709,0,0.0,1,1.0,-0.94,23.7,76.3
2023-02-07 05:15:00,127.152413666668,99.571016983334,99.586571944444,18.92777775,-5.838666666666667,22.2,2,5.1764362714980825,70.66250196097344,5,1,2,0.9659258262890684,0.2588190451025207,0.7818314824680298,0.6234898018587336,0.8660254037844386,0.5000000000000001,0.0,0.0,0.0,9.6,15.1,10.0,93.75,-12.35,1.969011,0.0,-11.55,18.63333332,22.183333333333334,22.15,22.5,22.35,22.466666666666665,-24.766444416666666,-0.1685185400000008,-0.1553333333333331,-5.683333333333334,-5.936000000000001,19.15061727333333,-5.6853333333333325,3.600709,3.6339648,3.7000418,3.7035882,3.5810754,0,0.0,0,1.0,-0.98,25.2,74.8
2023-02-07 05:30:00,188.227470699996,150.642585172222,150.663695477776,18.63333332,-5.936000000000001,22.466666666666665,2,5.1764362714980825,70.66250196097344,5,1,2,0.9659258262890684,0.2588190451025207,0.7818314824680298,0.6234898018587336,0.8660254037844386,0.5000000000000001,0.0,0.0,0.0,9.5,15.1,15.0,93.5,-12.3,1.9712499,0.0,-11.5,18.84444445,22.2,22.183333333333334,22.15,22.5,22.5,-24.56933332,-0.2944444299999986,-0.0973333333333341,-5.838666666666667,-6.142,18.885802453333337,-5.819333333333333,3.5810754,3.600709,3.6339648,3.7000418,3.6314456,0,0.0,0,1.0,-1.04,28.0,72.0
2023-02-07 05:45:00,265.038842472222,220.207024716666,220.232857033332,18.84444445,-6.142,22.5,2,5.1764362714980825,70.66250196097344,5,1,2,0.9659258262890684,0.2588190451025207,0.7818314824680298,0.6234898018587336,0.8660254037844386,0.5000000000000001,0.0,0.0,0.0,9.4,15.1,20.0,93.25,-12.25,1.9734743,0.0,-11.45,19.29259261,22.466666666666665,22.2,22.183333333333334,22.15,22.683333333333334,-24.98644445,0.211111129999999,-0.2059999999999986,-5.936000000000001,-5.97,18.80185184,-5.972222222222221,3.6314456,3.5810754,3.600709,3.6339648,3.7591052,0,0.0,0,1.0,-1.0,25.9,74.1
2023-02-07 06:00:00,354.21721957778,122.716202272222,122.7467566,19.29259261,-5.97,22.683333333333334,2,5.1764362714980825,70.66250196097344,6,1,2,1.0,6.123233995736766e-17,0.7818314824680298,0.6234898018587336,0.8660254037844386,0.5000000000000001,0.0,0.0,0.0,9.3,15.1,25.0,93.0,-12.2,1.9756832,0.0,-11.4,19.23333332,22.5,22.466666666666665,22.2,22.183333333333334,23.35,-25.26259261,0.4481481599999988,0.1719999999999997,-6.142,-6.141333333333334,18.923456793333333,-6.015999999999998,3.7591052,3.6314456,3.5810754,3.600709,3.8561041,0,0.0,0,1.0,-0.89,21.8,78.2
2023-02-07 06:15:00,62.250287738886,18.371487377776,18.381764749998,19.23333332,-6.141333333333334,23.35,1,5.1764362714980825,70.66250196097344,6,1,2,1.0,6.123233995736766e-17,0.7818314824680298,0.6234898018587336,0.8660254037844386,0.5000000000000001,0.0,0.0,0.0,8.875,15.2,27.0,92.5,-12.025,2.0027373,0.0,-11.15,18.81851849,22.683333333333334,22.5,22.466666666666665,22.2,23.683333333333334,-25.374666653333332,-0.0592592899999999,-0.171333333333334,-5.97,-6.226666666666668,19.123456793333336,-6.084444444444443,3.8561041,3.7591052,3.6314456,3.5810754,3.8165805,0,0.0,1,1.0,-0.9,22.2,77.8
2023-02-07 06:30:00,195.302743111112,135.2887549,135.311531772222,18.81851849,-6.226666666666668,23.683333333333334,2,5.1764362714980825,70.66250196097344,6,1,2,1.0,6.123233995736766e-17,0.7818314824680298,0.6234898018587336,0.8660254037844386,0.5000000000000001,0.0,0.0,0.0,8.45,15.3,29.0,92.0,-11.85,2.0300171,0.0,-10.9,18.78333334,23.35,22.683333333333334,22.5,22.466666666666665,24.0,-25.045185156666665,-0.4148148300000009,-0.0853333333333337,-6.141333333333334,-6.076666666666666,19.11481480666667,-6.112666666666666,3.8165805,3.8561041,3.7591052,3.6314456,3.8595757,0,0.0,1,1.0,-1.0,25.9,74.1
2023-02-07 06:45:00,232.385426494442,195.279132955556,195.309131838886,18.78333334,-6.076666666666666,24.0,2,5.1764362714980825,70.66250196097344,6,1,2,1.0,6.123233995736766e-17,0.7818314824680298,0.6234898018587336,0.8660254037844386,0.5000000000000001,0.0,0.0,0.0,8.025,15.4,31.0,91.5,-11.675,2.0575216,0.0,-10.65,19.04629631,23.683333333333334,23.35,22.683333333333334,22.5,23.816666666666663,-24.860000006666667,-0.0351851499999966,0.1500000000000012,-6.226666666666668,-5.860666666666666,18.945061716666668,-6.148222222222221,3.8595757,3.8165805,3.8561041,3.7591052,3.8900397,0,0.0,0,1.0,-1.0,26.2,73.8
2023-02-07 07:00:00,215.045009122216,181.936611144444,181.967721099996,19.04629631,-5.860666666666666,23.816666666666663,2,5.1764362714980825,70.66250196097344,7,1,2,0.9659258262890684,-0.2588190451025206,0.7818314824680298,0.6234898018587336,0.8660254037844386,0.5000000000000001,0.0,0.0,0.0,7.6,15.5,33.0,91.0,-11.5,2.0852504,0.0,-10.4,19.20555555,24.0,23.683333333333334,23.35,22.683333333333334,23.45,-24.906962976666662,0.2629629699999967,0.2160000000000002,-6.076666666666666,-5.6193333333333335,18.88271604666667,-6.054666666666665,3.8900397,3.8595757,3.8165805,3.8561041,3.866285,0,0.0,0,1.0,-0.94,23.8,76.2
2023-02-07 07:15:00,215.949972938882,173.416118644444,173.44389538333002,19.20555555,-5.6193333333333335,23.45,2,5.1764362714980825,70.66250196097344,7,1,2,0.9659258262890684,-0.2588190451025206,0.7818314824680298,0.6234898018587336,0.8660254037844386,0.5000000000000001,0.0,0.0,0.0,7.8,15.675,34.75,90.0,-11.0,2.1696584,0.0,-9.725,19.12037034,23.816666666666663,24.0,23.683333333333334,23.35,23.03333333333333,-24.824888883333333,0.1592592400000008,0.2413333333333325,-5.860666666666666,-5.101333333333334,19.0117284,-5.85222222222222,3.866285,3.8900397,3.8595757,3.8165805,3.7785685,0,0.0,0,1.0,-0.91,22.4,77.6
2023-02-07 07:30:00,79.94291318889199,35.209147144444,35.222479927778,19.12037034,-5.101333333333334,23.03333333333333,1,5.1764362714980825,70.66250196097344,7,1,2,0.9659258262890684,-0.2588190451025206,0.7818314824680298,0.6234898018587336,0.8660254037844386,0.5000000000000001,0.0,0.0,0.0,8.0,15.85,36.5,89.0,-10.5,2.2565272,0.0,-9.05,18.72777778,23.45,23.816666666666663,24.0,23.683333333333334,23.0,-24.221703673333334,-0.0851852099999987,0.5179999999999998,-5.6193333333333335,-4.636,19.12407406666667,-5.52711111111111,3.7785685,3.866285,3.8900397,3.8595757,3.6866293,0,0.0,1,1.0,-0.93,23.3,76.7
2023-02-07 07:45:00,145.239745861106,96.8202937,96.839737388888,18.72777778,-4.636,23.0,2,5.1764362714980825,70.66250196097344,7,1,2,0.9659258262890684,-0.2588190451025206,0.7818314824680298,0.6234898018587336,0.8660254037844386,0.5000000000000001,0.0,0.0,0.0,8.2,16.025,38.25,88.0,-10.0,2.3458793,0.0,-8.375,18.377777746666663,23.03333333333333,23.45,23.816666666666663,24.0,23.183333333333334,-23.36377778,-0.3925925600000006,0.4653333333333336,-5.101333333333334,-4.306666666666667,19.017901223333336,-5.118888888888887,3.6866293,3.7785685,3.866285,3.8900397,3.6397765,0,0.0,1,1.0,-1.02,26.9,73.1
2023-02-07 08:00:00,154.711033611108,113.041311516666,113.063532877776,18.377777746666663,-4.306666666666667,23.183333333333334,2,5.1764362714980825,70.66250196097344,8,1,2,0.8660254037844387,-0.4999999999999998,0.7818314824680298,0.6234898018587336,0.8660254037844386,0.5000000000000001,0.0,0.0,0.0,8.4,16.2,40.0,87.0,-9.5,2.4377348,0.0,-7.7,18.32777775,23.0,23.03333333333333,23.45,23.816666666666663,23.5,-22.68444441333333,-0.3500000333333339,0.3293333333333335,-4.636,-3.9253333333333336,18.74197528888889,-4.681333333333332,3.6397765,3.6866293,3.7785685,3.866285,3.6785667,0,0.0,0,1.0,-1.1,30.4,69.6
2023-02-07 08:15:00,211.933744577776,177.325128944444,177.353461194442,18.32777775,-3.9253333333333336,23.5,2,5.1764362714980825,70.66250196097344,8,1,2,0.8660254037844387,-0.4999999999999998,0.7818314824680298,0.6234898018587336,0.8660254037844386,0.5000000000000001,6.75,1.6875,0.5625,8.1,15.475,55.0,84.5,-9.15,2.5016358,0.0,-6.95,18.69444444,23.183333333333334,23.0,23.03333333333333,23.45,23.316666666666663,-22.253111083333334,-0.0499999966666671,0.3813333333333331,-4.306666666666667,-3.4560000000000004,18.47777775888889,-4.2893333333333326,3.6785667,3.6397765,3.6866293,3.7785685,3.7300255,0,0.0,0,1.0,-1.11,30.9,69.1
2023-02-07 08:30:00,245.417960755552,212.2740087,212.306507433332,18.69444444,-3.4560000000000004,23.316666666666663,2,5.1764362714980825,70.66250196097344,8,1,2,0.8660254037844387,-0.4999999999999998,0.7818314824680298,0.6234898018587336,0.8660254037844386,0.5000000000000001,13.5,5.0625,1.6875,7.800000000000001,14.75,70.0,82.0,-8.8,2.5640469,0.0,-6.2,19.13888888,23.5,23.183333333333334,23.0,23.03333333333333,22.95,-22.15044444,0.3666666899999988,0.4693333333333331,-3.9253333333333336,-2.8766666666666665,18.46666664555556,-3.895999999999999,3.7300255,3.6785667,3.6397765,3.6866293,3.7690105,0,0.0,0,1.0,-1.03,27.2,72.8
2023-02-07 08:45:00,265.831033,211.494039933332,211.525983105554,19.13888888,-2.8766666666666665,22.95,2,5.1764362714980825,70.66250196097344,8,1,2,0.8660254037844387,-0.4999999999999998,0.7818314824680298,0.6234898018587336,0.8660254037844386,0.5000000000000001,20.25,10.125,3.375,7.5,14.025,85.0,79.5,-8.45,2.6246428,0.0,-5.45,19.3574074,23.316666666666663,23.5,23.183333333333334,23.0,22.53333333333333,-22.015555546666665,0.4444444400000016,0.5793333333333339,-3.4560000000000004,-2.3400000000000003,18.720370356666667,-3.4193333333333324,3.7690105,3.7300255,3.6785667,3.6397765,3.7485232,0,0.0,0,1.0,-0.93,23.1,76.9
2023-02-07 09:00:00,97.968858855556,50.161326766668,50.174659566668,19.3574074,-2.3400000000000003,22.53333333333333,1,5.1764362714980825,70.66250196097344,9,1,2,0.7071067811865476,-0.7071067811865475,0.7818314824680298,0.6234898018587336,0.8660254037844386,0.5000000000000001,27.0,16.875,5.625,7.2,13.3,100.0,77.0,-8.1,2.6830716,0.0,-4.7,19.0,22.95,23.316666666666663,23.5,23.183333333333334,22.55,-21.6974074,0.2185185199999999,0.5366666666666662,-2.8766666666666665,-1.4780000000000002,19.06358024,-2.890888888888888,3.7485232,3.7690105,3.7300255,3.6785667,3.673103,0,0.0,1,1.0,-0.88,21.3,78.7
2023-02-07 09:15:00,117.431969233332,84.34384836111,84.363569788888,19.0,-1.4780000000000002,22.55,2,5.1764362714980825,70.66250196097344,9,1,2,0.7071067811865476,-0.7071067811865475,0.7818314824680298,0.6234898018587336,0.8660254037844386,0.5000000000000001,60.0,30.1875,10.625,6.675,14.2,100.0,76.25,-7.949999999999999,2.7098014,0.0,-4.425,18.7425926,22.53333333333333,22.95,23.316666666666663,23.5,22.966666666666665,-20.478,-0.3574073999999996,0.8620000000000001,-2.3400000000000003,-0.2873333333333334,19.165432093333333,-2.231555555555554,3.673103,3.7485232,3.7690105,3.7300255,3.6845136,0,0.0,1,1.0,-0.96,24.5,75.5
2023-02-07 09:30:00,203.378531249998,163.938997727778,163.964552272222,18.7425926,-0.2873333333333334,22.966666666666665,2,5.1764362714980825,70.66250196097344,9,1,2,0.7071067811865476,-0.7071067811865475,0.7818314824680298,0.6234898018587336,0.8660254037844386,0.5000000000000001,93.0,50.0625,18.375,6.15,15.1,100.0,75.5,-7.8,2.736406,0.0,-4.15,19.00555557,22.55,22.53333333333333,22.95,23.316666666666663,23.0,-19.02992593333333,-0.2574073999999982,1.1906666666666668,-1.4780000000000002,1.396,19.03333333333333,-1.3684444444444437,3.6845136,3.673103,3.7485232,3.7690105,3.7476325,0,0.0,0,1.0,-1.02,26.8,73.2
2023-02-07 09:45:00,499.315026566668,132.865240744444,132.890239777776,19.00555557,1.396,23.0,2,5.1764362714980825,70.66250196097344,9,1,2,0.7071067811865476,-0.7071067811865475,0.7818314824680298,0.6234898018587336,0.8660254037844386,0.5000000000000001,126.0,76.5,28.875,5.625,16.0,100.0,74.75,-7.65,2.762871,0.0,-3.875,19.35370369,22.966666666666665,22.55,22.53333333333333,22.95,22.816666666666663,-17.60955557,0.2629629700000002,1.6833333333333336,-0.2873333333333334,2.5626666666666664,18.91604939,-0.1231111111111099,3.7476325,3.6845136,3.673103,3.7485232,3.7948294,0,0.0,0,1.0,-0.96,24.3,75.7
2023-02-07 10:00:00,71.728797416666,22.736034988888,22.748256716666,19.35370369,2.5626666666666664,22.816666666666663,1,5.1764362714980825,70.66250196097344,10,1,2,0.4999999999999999,-0.8660254037844387,0.7818314824680298,0.6234898018587336,0.8660254037844386,0.5000000000000001,159.0,109.5,42.125,5.1,16.9,100.0,74.0,-7.5,2.7891824,0.0,-3.6,19.91111111,23.0,22.966666666666665,22.55,22.53333333333333,22.15,-16.791037023333335,0.3481481199999976,1.1666666666666663,1.396,3.838,19.03395062,1.223777777777779,3.7948294,3.7476325,3.6845136,3.673103,3.8065388,0,0.0,1,1.0,-0.88,21.3,78.7
2023-02-07 10:15:00,127.974602994446,80.99703778888801,81.01564816111001,19.91111111,3.838,22.15,2,5.1764362714980825,70.66250196097344,10,1,2,0.4999999999999999,-0.8660254037844387,0.7818314824680298,0.6234898018587336,0.8660254037844386,0.5000000000000001,182.75,140.1875,57.35416666666666,5.625,17.275,100.0,71.0,-7.075,2.8824263,0.0,-2.55,20.300000016666665,22.816666666666663,23.0,22.966666666666665,22.55,22.0,-16.07311111,0.5574074200000005,1.2753333333333337,2.5626666666666664,4.229333333333333,19.42345679,2.59888888888889,3.8065388,3.7948294,3.7476325,3.6845136,3.8677738,0,0.0,1,1.0,-0.75,17.0,83.0
2023-02-07 10:30:00,171.289537027778,133.570490316666,133.594933788888,20.300000016666665,4.229333333333333,22.0,2,5.1764362714980825,70.66250196097344,10,1,2,0.4999999999999999,-0.8660254037844387,0.7818314824680298,0.6234898018587336,0.8660254037844386,0.5000000000000001,206.5,168.5625,74.5625,6.15,17.65,100.0,68.0,-6.65,2.9714983,0.0,-1.5,20.438888870000003,22.15,22.816666666666663,23.0,22.966666666666665,21.95,-16.070666683333332,0.388888906666665,0.3913333333333328,3.838,4.430666666666666,19.854938272222224,3.5433333333333343,3.8677738,3.8065388,3.7948294,3.7476325,3.890404,0,0.0,0,1.0,-0.67,14.4,85.6
2023-02-07 10:45:00,79.114335250002,45.9498286,45.964550244444,20.438888870000003,4.430666666666666,21.95,1,5.1764362714980825,70.66250196097344,10,1,2,0.4999999999999999,-0.8660254037844387,0.7818314824680298,0.6234898018587336,0.8660254037844386,0.5000000000000001,230.25,194.625,93.75,6.675,18.025,100.0,65.0,-6.225,3.0553596,0.0,-0.4500000000000002,20.527777800000003,22.0,22.15,22.816666666666663,23.0,21.53333333333333,-16.008222203333336,0.1388888533333379,0.2013333333333333,4.229333333333333,4.707333333333334,20.216666665555557,4.166000000000001,3.890404,3.8677738,3.8065388,3.7948294,3.8363981,0,0.0,1,1.0,-0.64,13.5,86.5
2023-02-07 11:00:00,81.462019088892,37.340172983334,37.354616888888,20.527777800000003,4.707333333333334,21.53333333333333,1,5.1764362714980825,70.66250196097344,11,1,2,0.258819045102521,-0.9659258262890682,0.7818314824680298,0.6234898018587336,0.8660254037844386,0.5000000000000001,254.0,218.375,114.91666666666669,7.2,18.4,100.0,62.0,-5.8,3.132871,0.0,0.6,20.55000003,21.95,22.0,22.15,22.816666666666663,21.55,-15.820444466666668,0.0888889299999995,0.2766666666666673,4.430666666666666,4.561999999999999,20.42222222888889,4.455777777777779,3.8363981,3.890404,3.8677738,3.8065388,3.844345,0,0.0,0,1.0,-0.62,13.1,86.9
2023-02-07 11:15:00,207.190323188888,152.975825188888,153.000546449998,20.55000003,4.561999999999999,21.55,2,5.1764362714980825,70.66250196097344,11,1,2,0.258819045102521,-0.9659258262890682,0.7818314824680298,0.6234898018587336,0.8660254037844386,0.5000000000000001,294.75,246.375,138.91666666666666,8.425,21.55,100.0,59.75,-5.675,3.167155,0.0,1.2999999999999998,20.618518556666668,21.53333333333333,21.95,22.0,22.15,21.966666666666665,-15.98800003,0.022222229999997,-0.1453333333333342,4.707333333333334,4.767333333333332,20.50555556666667,4.566666666666667,3.844345,3.8363981,3.890404,3.8677738,3.9343567,0,0.0,1,1.0,-0.61,12.9,87.1
2023-02-07 11:30:00,123.287568266668,85.902119327778,85.921563033332,20.618518556666668,4.767333333333332,21.966666666666665,2,5.1764362714980825,70.66250196097344,11,1,2,0.258819045102521,-0.9659258262890682,0.7818314824680298,0.6234898018587336,0.8660254037844386,0.5000000000000001,335.5,278.625,165.75,9.65,24.7,100.0,57.5,-5.55,3.1963754,0.0,2.0,20.45555554,21.55,21.53333333333333,21.95,22.0,22.05,-15.851185223333337,0.0685185266666685,0.2053333333333329,4.561999999999999,4.663333333333333,20.56543212888889,4.678888888888889,3.9343567,3.844345,3.8363981,3.890404,3.911931,0,0.0,0,1.0,-0.6,12.5,87.5
2023-02-07 11:45:00,59.789552722224,22.450768566668,22.46299027778,20.45555554,4.663333333333333,22.05,1,5.1764362714980825,70.66250196097344,11,1,2,0.258819045102521,-0.9659258262890682,0.7818314824680298,0.6234898018587336,0.8660254037844386,0.5000000000000001,376.25,315.125,195.41666666666663,10.875,27.85,100.0,55.25,-5.425,3.2200286,0.0,2.7,20.13518515333333,21.966666666666665,21.55,21.53333333333333,21.95,22.466666666666665,-15.792222206666665,-0.1629630166666693,-0.1039999999999992,4.767333333333332,4.803333333333333,20.541358042222225,4.664222222222223,3.911931,3.9343567,3.844345,3.8363981,3.911944,0,0.0,1,1.0,-0.63,13.4,86.6
2023-02-07 12:00:00,158.24117001667,118.878300194446,118.900799327778,20.13518515333333,4.803333333333333,22.466666666666665,2,5.1764362714980825,70.66250196097344,12,1,2,1.2246467991473532e-16,-1.0,0.7818314824680298,0.6234898018587336,0.8660254037844386,0.5000000000000001,417.0,355.875,227.91666666666663,12.1,31.0,100.0,53.0,-5.3,3.2375844,0.0,3.4,19.90555555,22.05,21.966666666666665,21.55,21.53333333333333,22.55,-15.331851820000002,-0.3203703866666636,0.1399999999999996,4.663333333333333,4.990666666666667,20.403086416666667,4.744666666666667,3.911944,3.911931,3.9343567,3.844345,3.8740187,0,0.0,1,1.0,-0.7,15.4,84.6
2023-02-07 12:15:00,182.247709783334,137.317562644444,137.341450572222,19.90555555,4.990666666666667,22.55,2,5.1764362714980825,70.66250196097344,12,1,2,1.2246467991473532e-16,-1.0,0.7818314824680298,0.6234898018587336,0.8660254037844386,0.5000000000000001,438.25,391.75,259.4375,13.375,33.6,100.0,51.0,-5.3,3.2374122,0.0,3.975,19.95000002333333,22.466666666666665,22.05,21.966666666666665,21.55,22.966666666666665,-14.914888883333331,-0.2296296033333362,0.187333333333334,4.803333333333333,4.874666666666667,20.16543208111111,4.819111111111112,3.8740187,3.911944,3.911931,3.9343567,3.9558885,0,0.0,0,1.0,-0.75,17.0,83.0
2023-02-07 12:30:00,303.639242877776,251.808816127778,251.844925833332,19.95000002333333,4.874666666666667,22.966666666666665,2,5.1764362714980825,70.66250196097344,12,1,2,1.2246467991473532e-16,-1.0,0.7818314824680298,0.6234898018587336,0.8660254037844386,0.5000000000000001,459.5,422.75,289.9791666666667,14.65,36.2,100.0,49.0,-5.3,3.2316697,0.0,4.55,20.06666667,22.55,22.466666666666665,22.05,21.966666666666665,22.65,-15.075333356666668,0.0444444733333355,-0.1159999999999996,4.990666666666667,4.796,19.99691357555556,4.889555555555557,3.9558885,3.8740187,3.911944,3.911931,3.9280863,0,0.0,0,1.0,-0.74,16.6,83.4
2023-02-07 12:45:00,45.258745227774,0.0,0.0,20.06666667,4.796,22.65,0,5.1764362714980825,70.66250196097344,12,1,2,1.2246467991473532e-16,-1.0,0.7818314824680298,0.6234898018587336,0.8660254037844386,0.5000000000000001,480.75,448.875,319.5416666666667,15.925,38.8,100.0,47.0,-5.3,3.2199755,0.0,5.125,19.770370346666667,22.966666666666665,22.55,22.466666666666665,22.05,22.683333333333334,-15.27066667,0.1166666466666654,-0.0786666666666668,4.874666666666667,5.156666666666666,19.974074081111112,4.887111111111113,3.9280863,3.9558885,3.8740187,3.911944,3.8661592,1,1.0,1,0.75,-0.72,15.8,84.2
2023-02-07 13:00:00,131.015314711112,97.862751983334,97.883306694446,19.770370346666667,5.156666666666666,22.683333333333334,2,5.1764362714980825,70.66250196097344,13,1,2,-0.2588190451025208,-0.9659258262890684,0.7818314824680298,0.6234898018587336,0.8660254037844386,0.5000000000000001,502.0,470.125,348.125,17.2,41.4,100.0,45.0,-5.3,3.2019355,0.0,5.7,19.5777778,22.65,22.966666666666665,22.55,22.466666666666665,23.35,-14.61370368,-0.2962963233333333,0.360666666666666,4.796,5.529333333333333,19.929012346666667,4.942444444444447,3.8661592,3.9280863,3.9558885,3.8740187,3.9350417,0,1.0,1,0.75,-0.78,18.0,82.0
2023-02-07 13:15:00,169.935424527778,134.3554589,134.37906903889,19.5777778,5.529333333333333,23.35,2,5.1764362714980825,70.66250196097344,13,1,2,-0.2588190451025208,-0.9659258262890684,0.7818314824680298,0.6234898018587336,0.8660254037844386,0.5000000000000001,488.0,482.5625,373.5625,17.85,42.4,100.0,44.5,-5.25,3.2240198,0.0,5.975,19.62777778666667,22.683333333333334,22.65,22.966666666666665,22.55,23.5,-14.048444466666666,-0.1925925466666669,0.3726666666666665,5.156666666666666,5.988666666666666,19.804938272222223,5.160666666666668,3.9350417,3.8661592,3.9280863,3.9558885,3.9719684,0,1.0,0,0.75,-0.82,19.3,80.7
2023-02-07 13:30:00,177.383459894446,124.39224636111,124.414189916666,19.62777778666667,5.988666666666666,23.5,2,5.1764362714980825,70.66250196097344,13,1,2,-0.2588190451025208,-0.9659258262890684,0.7818314824680298,0.6234898018587336,0.8660254037844386,0.5000000000000001,474.0,486.1875,395.8541666666667,18.5,43.4,100.0,44.0,-5.199999999999999,3.2457135,0.0,6.25,19.65555559,23.35,22.683333333333334,22.65,22.966666666666665,23.45,-13.639111120000004,0.0499999866666698,0.4593333333333333,5.529333333333333,6.3213333333333335,19.65864197777778,5.558222222222224,3.9719684,3.9350417,3.8661592,3.9280863,3.969989,0,1.0,0,0.75,-0.81,18.9,81.1
2023-02-07 13:45:00,130.10035136111,60.1292614,60.163982294442,19.65555559,6.3213333333333335,23.45,1,5.1764362714980825,70.66250196097344,13,1,2,-0.2588190451025208,-0.9659258262890684,0.7818314824680298,0.6234898018587336,0.8660254037844386,0.5000000000000001,460.0,481.0,415.0,19.15,44.4,100.0,43.5,-5.15,3.2669976,0.0,6.525,19.481481496666667,23.5,23.35,22.683333333333334,22.65,23.216666666666665,-13.334222256666669,0.0277778033333326,0.3326666666666673,5.988666666666666,6.781333333333333,19.620370392222227,5.946444444444445,3.969989,3.9719684,3.9350417,3.8661592,3.8904905,0,0.0,1,1.0,-0.81,18.7,81.3
2023-02-07 14:00:00,121.469307833328,45.479291888888,45.52651228333,19.481481496666667,6.781333333333333,23.216666666666665,1,5.1764362714980825,70.66250196097344,14,1,2,-0.4999999999999997,-0.8660254037844388,0.7818314824680298,0.6234898018587336,0.8660254037844386,0.5000000000000001,446.0,467.0,431.0,19.8,45.4,100.0,43.0,-5.1,3.2878532,0.0,6.8,19.31111111,23.45,23.5,23.35,22.683333333333334,23.9,-12.700148163333337,-0.1740740933333349,0.4599999999999999,6.3213333333333335,7.270666666666667,19.588271624444445,6.36377777777778,3.8904905,3.969989,3.9719684,3.9350417,3.965054,0,0.0,0,1.0,-0.85,20.1,79.9
2023-02-07 14:15:00,325.218657350002,128.011268194446,128.06459946111,19.31111111,7.270666666666667,23.9,2,5.1764362714980825,70.66250196097344,14,1,2,-0.4999999999999997,-0.8660254037844388,0.7818314824680298,0.6234898018587336,0.8660254037844386,0.5000000000000001,424.25,451.0625,441.7916666666667,19.7,45.65,100.0,42.75,-5.025,3.2900798,0.0,6.9,19.45370368,23.216666666666665,23.45,23.5,23.35,24.466666666666665,-12.040444443333335,-0.170370386666665,0.4893333333333336,6.781333333333333,7.506666666666666,19.48271606555556,6.791111111111113,3.965054,3.8904905,3.969989,3.9719684,4.093265,0,0.0,1,1.0,-0.88,21.4,78.6
2023-02-07 14:30:00,165.324498072214,26.380055888888,26.424776399996,19.45370368,7.506666666666666,24.466666666666665,1,5.1764362714980825,70.66250196097344,14,1,2,-0.4999999999999997,-0.8660254037844388,0.7818314824680298,0.6234898018587336,0.8660254037844386,0.5000000000000001,402.5,433.1875,447.375,19.6,45.9,100.0,42.5,-4.949999999999999,3.2921777,0.0,7.0,19.32222224,23.9,23.216666666666665,23.45,23.5,24.95,-11.947037013333334,0.1425925699999979,0.2359999999999988,7.270666666666667,7.773333333333331,19.41543209555556,7.186222222222224,4.093265,3.965054,3.8904905,3.969989,4.1419587,0,0.0,1,1.0,-0.85,20.1,79.9
2023-02-07 14:45:00,698.49122606666,0.0,0.0,19.32222224,7.773333333333331,24.95,0,5.1764362714980825,70.66250196097344,14,1,2,-0.4999999999999997,-0.8660254037844388,0.7818314824680298,0.6234898018587336,0.8660254037844386,0.5000000000000001,380.75,413.375,447.75,19.5,46.15,100.0,42.25,-4.875,3.2941449,0.0,7.1,19.02962964,24.466666666666665,23.9,23.216666666666665,23.45,26.116666666666667,-11.548888906666663,-0.1314814400000017,0.2666666666666666,7.506666666666666,7.674,19.362345676666667,7.51688888888889,4.1419587,4.093265,3.965054,3.8904905,4.261512,1,1.0,1,0.75,-0.87,21.1,78.9
2023-02-07 15:00:00,181.543571366664,95.941717711112,95.990882444444,19.02962964,7.674,26.116666666666667,2,5.1764362714980825,70.66250196097344,15,1,2,-0.7071067811865471,-0.7071067811865479,0.7818314824680298,0.6234898018587336,0.8660254037844386,0.5000000000000001,359.0,391.625,442.9166666666667,19.4,46.4,100.0,42.0,-4.8,3.29598,0.0,7.2,19.16111108,24.95,24.466666666666665,23.9,23.216666666666665,26.15,-11.35562964,-0.292592599999999,-0.0993333333333321,7.773333333333331,7.456,19.26851852,7.651333333333334,4.261512,4.1419587,4.093265,3.965054,4.3001666,0,1.0,1,0.75,-0.93,23.4,76.6
2023-02-07 15:15:00,189.991288894446,121.070156983334,121.115432922224,19.16111108,7.456,26.15,2,5.1764362714980825,70.66250196097344,15,1,2,-0.7071067811865471,-0.7071067811865479,0.7818314824680298,0.6234898018587336,0.8660254037844386,0.5000000000000001,294.75,359.25,430.9583333333333,20.65,49.55,100.0,42.5,-4.725,3.319021,0.075,7.125,19.3685185,26.116666666666667,24.95,24.466666666666665,23.9,26.0,-11.705111080000002,0.1314814400000017,-0.2179999999999999,7.674,7.451333333333333,19.17098765333333,7.634444444444445,4.3001666,4.261512,4.1419587,4.093265,4.3280473,0,1.0,0,0.75,-0.9,22.3,77.7
2023-02-07 15:30:00,102.534787511104,0.0,0.0,19.3685185,7.451333333333333,26.0,0,5.1764362714980825,70.66250196097344,15,1,2,-0.7071067811865471,-0.7071067811865479,0.7818314824680298,0.6234898018587336,0.8660254037844386,0.5000000000000001,230.5,316.25,411.875,21.9,52.7,100.0,43.0,-4.65,3.3417494,0.15,7.050000000000001,19.12777781,26.15,26.116666666666667,24.95,24.466666666666665,26.0,-11.917185166666666,0.2074074199999991,-0.004666666666667,7.456,7.215333333333334,19.18641974,7.527111111111112,4.3280473,4.3001666,4.261512,4.1419587,4.2671056,1,2.0,1,0.5,-0.86,20.5,79.5
2023-02-07 15:45:00,227.280075216662,111.947744127778,111.988298088888,19.12777781,7.215333333333334,26.0,2,5.1764362714980825,70.66250196097344,15,1,2,-0.7071067811865471,-0.7071067811865479,0.7818314824680298,0.6234898018587336,0.8660254037844386,0.5000000000000001,166.25,262.625,385.6666666666667,23.15,55.85,100.0,43.5,-4.575,3.3641684,0.225,6.9750000000000005,19.168518523333333,26.0,26.15,26.116666666666667,24.95,26.0,-11.912444476666668,-0.2407406899999991,-0.2359999999999997,7.451333333333333,6.928666666666667,19.219135796666663,7.374222222222223,4.2671056,4.3280473,4.3001666,4.261512,4.2773666,0,1.0,1,0.75,-0.91,22.6,77.4
2023-02-07 16:00:00,226.35066786111,133.955197111112,133.999639833332,19.168518523333333,6.928666666666667,26.0,2,5.1764362714980825,70.66250196097344,16,1,2,-0.8660254037844385,-0.5000000000000004,0.7818314824680298,0.6234898018587336,0.8660254037844386,0.5000000000000001,102.0,198.375,352.3333333333333,24.4,59.0,100.0,44.0,-4.5,3.386281,0.3,6.9,19.38888887,26.0,26.0,26.15,26.116666666666667,25.65,-12.239851856666665,0.0407407133333315,-0.2866666666666662,7.215333333333334,6.689333333333334,19.221604944444447,7.198444444444447,4.2773666,4.2671056,4.3280473,4.3001666,4.274907,0,1.0,0,0.75,-0.9,22.2,77.8
2023-02-07 16:15:00,144.2342304,57.651860466668,57.688803472222,19.38888887,6.689333333333334,25.65,1,5.1764362714980825,70.66250196097344,16,1,2,-0.8660254037844385,-0.5000000000000004,0.7818314824680298,0.6234898018587336,0.8660254037844386,0.5000000000000001,83.75,145.625,318.6458333333333,23.725,56.575,100.0,44.25,-4.425,3.4110634,0.2249999999999999,6.925000000000001,19.29074074,26.0,26.0,26.0,26.15,25.5,-12.699555536666669,0.2203703466666695,-0.2393333333333336,6.928666666666667,6.492,19.22839506777778,6.944444444444446,4.274907,4.2773666,4.2671056,4.3280473,4.2254252,0,1.0,1,0.75,-0.85,20.4,79.6
2023-02-07 16:30:00,135.398195138882,38.652620483334,38.686785866664,19.29074074,6.492,25.5,1,5.1764362714980825,70.66250196097344,16,1,2,-0.8660254037844385,-0.5000000000000004,0.7818314824680298,0.6234898018587336,0.8660254037844386,0.5000000000000001,65.5,104.375,284.6041666666667,23.05,54.15,100.0,44.5,-4.35,3.4359164,0.15,6.95,19.08888891,25.65,26.0,26.0,26.0,25.85,-12.79874074,-0.098148130000002,-0.1973333333333338,6.689333333333334,6.644,19.282716044444445,6.703333333333336,4.2254252,4.274907,4.2773666,4.2671056,4.2327704,0,0.0,0,1.0,-0.88,21.3,78.7
2023-02-07 16:45:00,215.482491422224,125.118050627778,125.161104488888,19.08888891,6.644,25.85,2,5.1764362714980825,70.66250196097344,16,1,2,-0.8660254037844385,-0.5000000000000004,0.7818314824680298,0.6234898018587336,0.8660254037844386,0.5000000000000001,47.25,74.625,250.20833333333331,22.375,51.725,100.0,44.75,-4.275,3.46084,0.0749999999999999,6.975,19.272222216666663,25.5,25.65,26.0,26.0,26.0,-12.444888909999998,-0.2018518300000025,0.1520000000000001,6.492,6.689333333333334,19.25617284,6.608444444444445,4.2327704,4.2254252,4.274907,4.2773666,4.3035808,0,0.0,1,1.0,-0.92,23.0,77.0
2023-02-07 17:00:00,236.701364916666,134.301294433332,134.345459366664,19.272222216666663,6.689333333333334,26.0,2,5.1764362714980825,70.66250196097344,17,1,2,-0.9659258262890684,-0.2588190451025206,0.7818314824680298,0.6234898018587336,0.8660254037844386,0.5000000000000001,29.0,56.375,215.45833333333331,21.7,49.3,100.0,45.0,-4.2,3.4858346,0.0,7.0,19.46111111,25.85,25.5,25.65,26.0,26.05,-12.582888883333332,0.1833333066666682,0.0453333333333336,6.644,6.426666666666667,19.217283955555555,6.608444444444445,4.3035808,4.2327704,4.2254252,4.274907,4.3600545,0,0.0,0,1.0,-0.88,21.3,78.7
2023-02-07 17:15:00,162.446835249998,59.76955353889,59.805385488888,19.46111111,6.426666666666667,26.05,1,5.1764362714980825,70.66250196097344,17,1,2,-0.9659258262890684,-0.2588190451025206,0.7818314824680298,0.6234898018587336,0.8660254037844386,0.5000000000000001,33.0,43.6875,182.85416666666663,22.425,49.575,100.0,46.5,-3.85,3.572867,0.225,6.875,19.34629628333333,26.0,25.85,25.5,25.65,26.65,-13.034444443333337,0.1888888933333348,-0.262666666666667,6.689333333333334,6.073333333333333,19.27407407888889,6.586666666666669,4.3600545,4.3035808,4.2327704,4.2254252,4.4304514,0,0.0,1,1.0,-0.84,19.7,80.3
2023-02-07 17:30:00,127.555453211108,41.262238344444,41.29445932222,19.34629628333333,6.073333333333333,26.65,1,5.1764362714980825,70.66250196097344,17,1,2,-0.9659258262890684,-0.2588190451025206,0.7818314824680298,0.6234898018587336,0.8660254037844386,0.5000000000000001,37.0,36.5625,152.39583333333334,23.15,49.85,100.0,48.0,-3.5,3.6582313,0.45,6.75,19.14444445,26.05,26.0,25.85,25.5,27.0,-13.27296295,-0.1148148266666666,-0.3533333333333335,6.426666666666667,5.858666666666666,19.35987653666667,6.3964444444444455,4.4304514,4.3600545,4.3035808,4.2327704,4.435582,0,0.0,0,1.0,-0.86,20.6,79.4
2023-02-07 17:45:00,216.949932688892,130.364229655556,130.407283533332,19.14444445,5.858666666666666,27.0,2,5.1764362714980825,70.66250196097344,17,1,2,-0.9659258262890684,-0.2588190451025206,0.7818314824680298,0.6234898018587336,0.8660254037844386,0.5000000000000001,41.0,35.0,124.08333333333331,23.875,50.125,100.0,49.5,-3.15,3.7419457,0.6749999999999999,6.625,19.32777777333333,26.65,26.05,26.0,25.85,27.0,-13.285777783333332,-0.2018518333333361,-0.214666666666667,6.073333333333333,5.868666666666667,19.317283947777774,6.119555555555557,4.435582,4.4304514,4.3600545,4.3035808,4.483746,0,0.0,1,1.0,-0.9,22.2,77.8
2023-02-07 18:00:00,565.009065300004,135.5995758,135.644574049998,19.32777777333333,5.868666666666667,27.0,2,5.1764362714980825,70.66250196097344,18,1,2,-1.0,-1.8369701987210294e-16,0.7818314824680298,0.6234898018587336,0.8660254037844386,0.5000000000000001,45.0,39.0,97.91666666666669,24.6,50.4,100.0,51.0,-2.8,3.824029,0.9,6.5,19.51111112,27.0,26.65,26.05,26.0,27.0,-13.459111106666665,0.1833333233333327,0.0100000000000006,5.858666666666666,5.748,19.272839502222222,5.933555555555557,4.483746,4.435582,4.4304514,4.3600545,4.5323634,0,0.0,0,1.0,-0.86,20.7,79.3
2023-02-07 18:15:00,152.861940794446,50.549922355556,50.584365444444,19.51111112,5.748,27.0,1,5.1764362714980825,70.66250196097344,18,1,2,-1.0,-1.8369701987210294e-16,0.7818314824680298,0.6234898018587336,0.8660254037844386,0.5000000000000001,34.0,39.25,76.1875,23.875,51.3,97.25,51.5,-2.7,3.855223,0.7,6.475,19.37037034,27.0,27.0,26.65,26.05,27.183333333333334,-13.76311112,0.1833333466666715,-0.1206666666666667,5.868666666666667,5.891333333333334,19.327777781111116,5.825111111111113,4.5323634,4.483746,4.435582,4.4304514,4.525523,0,0.0,1,1.0,-0.82,19.2,80.8
2023-02-07 18:30:00,135.659017938886,41.381677983334,41.415565594442,19.37037034,5.891333333333334,27.183333333333334,1,5.1764362714980825,70.66250196097344,18,1,2,-1.0,-1.8369701987210294e-16,0.7818314824680298,0.6234898018587336,0.8660254037844386,0.5000000000000001,23.0,35.75,58.895833333333336,23.15,52.2,94.5,52.0,-2.6,3.886304,0.5,6.45,19.166666650000003,27.0,27.0,27.0,26.65,27.5,-13.479037006666667,-0.1407407800000015,0.1433333333333335,5.748,6.1433333333333335,19.403086411111115,5.836000000000002,4.525523,4.5323634,4.483746,4.435582,4.5236444,0,0.0,0,1.0,-0.85,20.3,79.7
2023-02-07 18:45:00,245.814333633336,142.285974966668,142.3301399,19.166666650000003,6.1433333333333335,27.5,2,5.1764362714980825,70.66250196097344,18,1,2,-1.0,-1.8369701987210294e-16,0.7818314824680298,0.6234898018587336,0.8660254037844386,0.5000000000000001,12.0,28.5,46.04166666666666,22.425,53.1,91.75,52.5,-2.5,3.9172726,0.2999999999999999,6.425000000000001,19.35925922333333,27.183333333333334,27.0,27.0,27.0,27.683333333333334,-13.023333316666667,-0.2037036899999975,0.2519999999999998,5.891333333333334,6.320666666666667,19.349382703333337,5.927555555555557,4.5236444,4.525523,4.5323634,4.483746,4.60575,0,0.0,1,1.0,-0.9,21.9,78.1
2023-02-07 19:00:00,366.925044711108,51.392388655556,51.416276633332,19.35925922333333,6.320666666666667,27.683333333333334,1,5.1764362714980825,70.66250196097344,19,1,2,-0.9659258262890684,0.2588190451025203,0.7818314824680298,0.6234898018587336,0.8660254037844386,0.5000000000000001,1.0,17.5,37.625,21.7,54.0,89.0,53.0,-2.4,3.9481277,0.1,6.4,19.26111108,27.5,27.183333333333334,27.0,27.0,28.2,-13.038592556666664,0.1925925733333287,0.1773333333333333,6.1433333333333335,6.526,19.29876540444445,6.118444444444446,4.60575,4.5236444,4.525523,4.5323634,4.6646767,0,0.0,1,1.0,-0.85,20.3,79.7
2023-02-07 19:15:00,332.360594061106,0.0,0.0,19.26111108,6.526,28.2,0,5.1764362714980825,70.66250196097344,19,1,2,-0.9659258262890684,0.2588190451025203,0.7818314824680298,0.6234898018587336,0.8660254037844386,0.5000000000000001,0.75,9.1875,30.70833333333333,21.875,52.3,91.75,54.0,-2.225,4.0029564,0.075,6.325,18.901851833333332,27.683333333333334,27.5,27.183333333333334,27.0,29.866666666666667,-12.73511108,-0.0981481433333328,0.2053333333333329,6.320666666666667,6.826,19.262345651111115,6.330000000000002,4.6646767,4.60575,4.5236444,4.525523,4.836784,1,1.0,1,0.75,-0.87,21.0,79.0
2023-02-07 19:30:00,125.275822116666,0.0,0.0,18.901851833333332,6.826,29.866666666666667,0,5.1764362714980825,70.66250196097344,19,1,2,-0.9659258262890684,0.2588190451025203,0.7818314824680298,0.6234898018587336,0.8660254037844386,0.5000000000000001,0.5,3.5625,25.291666666666668,22.05,50.6,94.5,55.0,-2.05,4.057142,0.05,6.25,18.71666669,28.2,27.683333333333334,27.5,27.183333333333334,30.05,-12.075851833333337,-0.3592592466666637,0.2999999999999998,6.526,7.264,19.17407404555556,6.557555555555557,4.836784,4.6646767,4.60575,4.5236444,4.813496,0,2.0,0,0.5,-0.94,23.8,76.2
2023-02-07 19:45:00,1221.67085346111,109.75922053889,109.778386488888,18.71666669,7.264,30.05,2,5.1764362714980825,70.66250196097344,19,1,2,-0.9659258262890684,0.2588190451025203,0.7818314824680298,0.6234898018587336,0.8660254037844386,0.5000000000000001,0.25,0.625,21.375,22.225,48.900000000000006,97.25,56.0,-1.875,4.110689,0.0249999999999999,6.175,18.92407405333333,29.866666666666667,28.2,27.683333333333334,27.5,30.28333333333333,-11.45266669,-0.1851851433333351,0.4380000000000006,6.826,7.530666666666666,18.959876534444447,6.872000000000001,4.813496,4.836784,4.6646767,4.60575,4.910702,0,2.0,1,0.5,-0.99,25.5,74.5
2023-02-07 20:00:00,194.895259527774,93.759582783334,93.79985902222,18.92407405333333,7.530666666666666,30.28333333333333,2,5.1764362714980825,70.66250196097344,20,1,2,-0.8660254037844386,0.5000000000000001,0.7818314824680298,0.6234898018587336,0.8660254037844386,0.5000000000000001,0.0,0.375,18.95833333333333,22.4,47.2,100.0,57.0,-1.7,4.1636014,0.0,6.1,19.08888888,30.05,29.866666666666667,28.2,27.683333333333334,30.0,-11.39340738666667,0.2074073633333348,0.2666666666666657,7.264,7.686000000000001,18.84753085888889,7.206888888888891,4.910702,4.813496,4.836784,4.6646767,4.9123063,0,2.0,0,0.5,-0.94,23.5,76.5
2023-02-07 20:15:00,124.266973655552,0.0,0.0,19.08888888,7.686000000000001,30.0,0,5.1764362714980825,70.66250196097344,20,1,2,-0.8660254037844386,0.5000000000000001,0.7818314824680298,0.6234898018587336,0.8660254037844386,0.5000000000000001,0.0,0.1875,16.208333333333332,22.475,47.725,100.0,59.0,-1.25,4.323824,0.0,6.15,18.903703713333336,30.28333333333333,30.05,29.866666666666667,28.2,30.0,-11.40288888,0.1648148266666638,0.1553333333333348,7.530666666666666,7.713999999999999,18.909876541111117,7.493555555555557,4.9123063,4.910702,4.813496,4.836784,4.858908,1,2.0,1,0.5,-0.9,22.1,77.9
2023-02-07 20:30:00,245.195191916662,129.983411572222,130.035909505554,18.903703713333336,7.713999999999999,30.0,2,5.1764362714980825,70.66250196097344,20,1,2,-0.8660254037844386,0.5000000000000001,0.7818314824680298,0.6234898018587336,0.8660254037844386,0.5000000000000001,0.0,0.0625,13.125,22.55,48.25,100.0,61.0,-0.7999999999999999,4.4850454,0.0,6.199999999999999,19.13333332,30.0,30.28333333333333,30.05,29.866666666666667,30.0,-11.189703713333335,-0.1851851666666633,0.0279999999999986,7.686000000000001,7.523333333333331,18.97222221555556,7.643555555555557,4.858908,4.9123063,4.910702,4.813496,4.9251986,0,1.0,1,0.75,-0.94,23.8,76.2
2023-02-07 20:45:00,203.211315738886,80.868431783334,80.9150966,19.13333332,7.523333333333331,30.0,2,5.1764362714980825,70.66250196097344,20,1,2,-0.8660254037844386,0.5000000000000001,0.7818314824680298,0.6234898018587336,0.8660254037844386,0.5000000000000001,0.0,0.0,9.708333333333334,22.625,48.775,100.0,63.0,-0.3500000000000001,4.6472716,0.0,6.25,19.22407407,30.0,30.0,30.28333333333333,30.05,30.0,-11.609999986666669,0.2296296066666663,-0.1906666666666669,7.713999999999999,7.471999999999999,19.04197530444445,7.641111111111113,4.9251986,4.858908,4.9123063,4.910702,4.951608,0,1.0,0,0.75,-0.89,21.7,78.3
2023-02-07 21:00:00,143.770915616666,23.936542450002,23.980151888888003,19.22407407,7.471999999999999,30.0,1,5.1764362714980825,70.66250196097344,21,1,2,-0.7071067811865477,0.7071067811865474,0.7818314824680298,0.6234898018587336,0.8660254037844386,0.5000000000000001,0.0,0.0,5.958333333333333,22.7,49.3,100.0,65.0,0.1,4.8105054,0.0,6.3,19.0388889,30.0,30.0,30.0,30.28333333333333,30.35,-11.752074069999995,0.0907407499999948,-0.051333333333333,7.523333333333331,7.574,19.08703703444445,7.569777777777779,4.951608,4.9251986,4.858908,4.9123063,4.9549813,0,1.0,1,0.75,-0.87,20.9,79.1
2023-02-07 21:15:00,236.339157188888,127.023252183334,127.079361105554,19.0388889,7.574,30.35,2,5.1764362714980825,70.66250196097344,21,1,2,-0.7071067811865477,0.7071067811865474,0.7818314824680298,0.6234898018587336,0.8660254037844386,0.5000000000000001,0.0,0.0,3.125,22.05,48.85,91.5,67.25,0.35,4.904284,0.025,6.075,19.26851851,30.0,30.0,30.0,30.0,30.316666666666663,-11.4648889,-0.1851851699999969,0.1020000000000003,7.471999999999999,7.726,19.13209876333333,7.523111111111112,4.9549813,4.951608,4.9251986,4.858908,5.016992,0,0.0,1,1.0,-0.91,22.5,77.5
2023-02-07 21:30:00,166.65444472222,54.382824616666,54.426156266664,19.26851851,7.726,30.316666666666663,1,5.1764362714980825,70.66250196097344,21,1,2,-0.7071067811865477,0.7071067811865474,0.7818314824680298,0.6234898018587336,0.8660254037844386,0.5000000000000001,0.0,0.0,1.2083333333333333,21.4,48.4,83.0,69.5,0.6,4.994156,0.05,5.85,19.24444443,30.35,30.0,30.0,30.0,30.35,-11.54251851,0.2296296099999999,0.1520000000000001,7.574,7.443333333333333,19.177160493333336,7.590666666666668,5.016992,4.9549813,4.951608,4.9251986,5.015391,0,0.0,1,1.0,-0.86,20.5,79.5
2023-02-07 21:45:00,150.242878994442,37.402948272222,37.445446605554,19.24444443,7.443333333333333,30.35,1,5.1764362714980825,70.66250196097344,21,1,2,-0.7071067811865477,0.7071067811865474,0.7818314824680298,0.6234898018587336,0.8660254037844386,0.5000000000000001,0.0,0.0,0.2083333333333333,20.75,47.95,74.5,71.75,0.85,5.080207,0.075,5.625,19.04444443,30.316666666666663,30.35,30.0,30.0,30.5,-11.801111096666665,-0.0240740800000018,-0.2826666666666666,7.726,7.441333333333334,19.183950613333334,7.581111111111113,5.015391,5.016992,4.9549813,4.951608,4.981103,0,0.0,0,1.0,-0.86,20.7,79.3
2023-02-07 22:00:00,233.908976649998,131.740841255556,131.796394633332,19.04444443,7.441333333333334,30.5,2,5.1764362714980825,70.66250196097344,22,1,2,-0.5000000000000004,0.8660254037844384,0.7818314824680298,0.6234898018587336,0.8660254037844386,0.5000000000000001,0.0,0.0,0.125,20.1,47.5,66.0,74.0,1.1,5.162516,0.1,5.4,19.327777790000003,30.35,30.316666666666663,30.35,30.0,30.5,-11.603111096666666,-0.1999999999999993,-0.0019999999999997,7.443333333333333,7.342,19.185802456666664,7.53688888888889,4.981103,5.015391,5.016992,4.9549813,5.0649724,0,0.0,1,1.0,-0.91,22.4,77.6
2023-02-07 22:15:00,157.543142488888,73.158740183334,73.20818272222,19.327777790000003,7.342,30.5,2,5.1764362714980825,70.66250196097344,22,1,2,-0.5000000000000004,0.8660254037844384,0.7818314824680298,0.6234898018587336,0.8660254037844386,0.5000000000000001,0.0,0.0,0.0625,19.175,45.875,62.5,76.0,1.225,5.2153683,0.075,5.15,19.338888876666665,30.5,30.35,30.316666666666663,30.35,30.5,-11.985777790000004,0.2833333600000038,-0.0993333333333339,7.441333333333334,7.426666666666667,19.205555550000003,7.4088888888888915,5.0649724,4.981103,5.015391,5.016992,5.0682864,0,0.0,0,1.0,-0.84,20.0,80.0
2023-02-07 22:30:00,164.68313474444,21.015825983334,21.058324316666,19.338888876666665,7.426666666666667,30.5,1,5.1764362714980825,70.66250196097344,22,1,2,-0.5000000000000004,0.8660254037844384,0.7818314824680298,0.6234898018587336,0.8660254037844386,0.5000000000000001,0.0,0.0,0.0208333333333333,18.25,44.25,59.0,78.0,1.35,5.264933,0.05,4.9,19.07222223,30.5,30.5,30.35,30.316666666666663,31.25,-11.91222221,0.0111110866666628,0.0846666666666671,7.342,7.350666666666667,19.237037032222226,7.403333333333335,5.0682864,5.0649724,4.981103,5.015391,5.111958,0,0.0,1,1.0,-0.84,19.9,80.1
2023-02-07 22:45:00,812.3222280444439,128.281535216666,128.333199833332,19.07222223,7.350666666666667,31.25,2,5.1764362714980825,70.66250196097344,22,1,2,-0.5000000000000004,0.8660254037844384,0.7818314824680298,0.6234898018587336,0.8660254037844386,0.5000000000000001,0.0,0.0,0.0,17.325,42.625,55.5,80.0,1.475,5.311293,0.0249999999999999,4.65,19.248148123333333,30.5,30.5,30.5,30.35,32.7,-11.721555563333334,-0.266666646666664,-0.0759999999999996,7.426666666666667,7.174,19.24629629888889,7.373111111111112,5.111958,5.0682864,5.0649724,4.981103,5.4049125,0,0.0,1,1.0,-0.9,22.0,78.0
2023-02-07 23:00:00,188.99771762222,31.363189872222,31.406243766664,19.248148123333333,7.174,32.7,1,5.1764362714980825,70.66250196097344,23,1,2,-0.2588190451025215,0.965925826289068,0.7818314824680298,0.6234898018587336,0.8660254037844386,0.5000000000000001,0.0,0.0,0.0,16.4,41.0,52.0,82.0,1.6,5.354527,0.0,4.4,19.15555554,31.25,30.5,30.5,30.5,34.3,-12.074148123333334,0.175925893333332,-0.1766666666666667,7.350666666666667,7.012,19.219753076666667,7.317111111111113,5.4049125,5.111958,5.0682864,5.0649724,5.638525,0,0.0,1,1.0,-0.85,20.2,79.8
2023-02-07 23:15:00,615.2601108444441,0.0,0.0,19.15555554,7.012,34.3,0,5.1764362714980825,70.66250196097344,23,1,2,-0.2588190451025215,0.965925826289068,0.7818314824680298,0.6234898018587336,0.8660254037844386,0.5000000000000001,0.0,0.0,0.0,15.325,38.85,64.0,84.0,1.6,5.358919,0.05,4.050000000000001,18.903703713333336,32.7,31.25,30.5,30.5,34.03333333333333,-12.14355554,-0.0925925833333316,-0.1620000000000008,7.174,6.865333333333334,19.158641964444445,7.178888888888891,5.638525,5.4049125,5.111958,5.0682864,5.512161,1,1.0,1,0.75,-0.86,20.7,79.3
2023-02-07 23:30:00,211.530427477772,109.423400705554,109.48256502222,18.903703713333336,6.865333333333334,34.03333333333333,2,5.1764362714980825,70.66250196097344,23,1,2,-0.2588190451025215,0.965925826289068,0.7818314824680298,0.6234898018587336,0.8660254037844386,0.5000000000000001,0.0,0.0,0.0,14.25,36.7,76.0,86.0,1.6,5.359911,0.1,3.7,19.10000002,34.3,32.7,31.25,30.5,33.6,-12.038370380000002,-0.251851826666666,-0.1466666666666656,7.012,6.612,19.10246912555556,7.017111111111113,5.512161,5.638525,5.4049125,5.111958,5.5053887,0,1.0,1,0.75,-0.92,22.9,77.1
2023-02-07 23:45:00,204.246552011112,98.590778427778,98.654942544444,19.10000002,6.612,33.6,2,5.1764362714980825,70.66250196097344,23,1,2,-0.2588190451025215,0.965925826289068,0.7818314824680298,0.6234898018587336,0.8660254037844386,0.5000000000000001,0.0,0.0,0.0,13.175,34.55,88.0,88.0,1.6,5.357638,0.15,3.35,19.261111106666664,34.03333333333333,34.3,32.7,31.25,33.03333333333333,-12.48800002,0.1962963066666638,-0.2533333333333338,6.865333333333334,6.354,19.053086424444448,6.829777777777779,5.5053887,5.512161,5.638525,5.4049125,5.4641776,0,1.0,0,0.75,-0.88,21.3,78.7
2023-02-08 00:00:00,80.88620892222,0.0,0.0,19.261111106666664,6.354,33.03333333333333,0,5.1764362714980825,70.66250196097344,0,2,2,0.0,1.0,0.9749279121818236,-0.2225209339563143,0.8660254037844386,0.5000000000000001,0.0,0.0,0.0,12.1,32.4,100.0,90.0,1.6,5.3522334,0.2,3.0,19.00555554,33.6,34.03333333333333,34.3,32.7,33.0,-12.907111106666664,0.1611110866666649,-0.258,6.612,6.113333333333333,19.088271613333333,6.610444444444447,5.4641776,5.5053887,5.512161,5.638525,5.3770375,1,2.0,1,0.5,-0.84,20.0,80.0
2023-02-08 00:15:00,142.163479883334,70.550788955556,70.562455205554,19.00555554,6.113333333333333,33.0,1,5.1764362714980825,70.66250196097344,0,2,2,0.0,1.0,0.9749279121818236,-0.2225209339563143,0.8660254037844386,0.5000000000000001,0.0,0.0,0.0,12.15,30.15,100.0,90.75,1.75,5.405908,0.175,3.025,19.035185196666664,33.03333333333333,33.6,34.03333333333333,34.3,32.81666666666667,-12.892222206666666,-0.2555555666666649,-0.2406666666666668,6.354,5.923333333333334,19.122222222222224,6.359777777777779,5.3770375,5.4641776,5.5053887,5.512161,5.3565207,0,1.0,1,0.75,-0.9,22.2,77.8
2023-02-08 00:30:00,142.06320619444202,80.6917722,80.70427176666401,19.035185196666664,5.923333333333334,32.81666666666667,2,5.1764362714980825,70.66250196097344,0,2,2,0.0,1.0,0.9749279121818236,-0.2225209339563143,0.8660254037844386,0.5000000000000001,0.0,0.0,0.0,12.2,27.9,100.0,91.5,1.9,5.459745,0.15,3.05,19.2111111,33.0,33.03333333333333,33.6,34.03333333333333,32.5,-13.11185186333333,0.029629656666664,-0.1899999999999995,6.113333333333333,5.77,19.10061728111111,6.130222222222224,5.3565207,5.3770375,5.4641776,5.5053887,5.360145,0,1.0,1,0.75,-0.9,22.0,78.0
2023-02-08 00:45:00,77.44773533333199,21.311091988888,21.318036211108,19.2111111,5.77,32.5,1,5.1764362714980825,70.66250196097344,0,2,2,0.0,1.0,0.9749279121818236,-0.2225209339563143,0.8660254037844386,0.5000000000000001,0.0,0.0,0.0,12.25,25.65,100.0,92.25,2.0500000000000003,5.513746,0.125,3.075,18.98333330666667,32.81666666666667,33.0,33.03333333333333,33.6,32.5,-13.4411111,0.1759259033333364,-0.1533333333333342,5.923333333333334,5.631333333333333,19.08395061222222,5.935555555555557,5.360145,5.3565207,5.3770375,5.4641776,5.2886252,0,1.0,1,0.75,-0.86,20.6,79.4
2023-02-08 01:00:00,165.4408821,114.53152963889,114.54764016111,18.98333330666667,5.631333333333333,32.5,2,5.1764362714980825,70.66250196097344,1,2,2,0.2588190451025207,0.9659258262890684,0.9749279121818236,-0.2225209339563143,0.8660254037844386,0.5000000000000001,0.0,0.0,0.0,12.3,23.4,100.0,93.0,2.2,5.567911,0.1,3.1,19.17777779,32.5,32.81666666666667,33.0,33.03333333333333,32.15,-13.351999973333337,-0.2277777933333311,-0.1386666666666665,5.77,5.52,19.07654320111111,5.774888888888891,5.2886252,5.360145,5.3565207,5.3770375,5.2920165,0,0.0,1,1.0,-0.91,22.5,77.5
2023-02-08 01:15:00,68.884744599996,11.683421511112,11.68897692222,19.17777779,5.52,32.15,1,5.1764362714980825,70.66250196097344,1,2,2,0.2588190451025207,0.9659258262890684,0.9749279121818236,-0.2225209339563143,0.8660254037844386,0.5000000000000001,0.0,0.0,0.0,12.475,23.85,100.0,93.25,2.2,5.5828786,0.075,3.1,19.06111109,32.5,32.5,32.81666666666667,33.0,32.0,-13.65777779,0.1944444833333314,-0.1113333333333335,5.631333333333333,5.413333333333333,19.12407406555556,5.640444444444445,5.2920165,5.2886252,5.360145,5.3565207,5.2312155,0,0.0,1,1.0,-0.87,20.9,79.1
2023-02-08 01:30:00,140.51743466111,80.787323977776,80.80121233888599,19.06111109,5.413333333333333,32.0,2,5.1764362714980825,70.66250196097344,1,2,2,0.2588190451025207,0.9659258262890684,0.9749279121818236,-0.2225209339563143,0.8660254037844386,0.5000000000000001,0.0,0.0,0.0,12.65,24.3,100.0,93.5,2.2,5.597846,0.05,3.1,19.11111112,32.15,32.5,32.5,32.81666666666667,31.95,-13.647777756666668,-0.1166666999999996,-0.1066666666666664,5.52,5.258666666666667,19.074074062222227,5.521555555555556,5.2312155,5.2920165,5.2886252,5.360145,5.2384663,0,0.0,1,1.0,-0.9,21.9,78.1
2023-02-08 01:45:00,117.014763688888,70.97577197222199,70.989660349998,19.11111112,5.258666666666667,31.95,2,5.1764362714980825,70.66250196097344,1,2,2,0.2588190451025207,0.9659258262890684,0.9749279121818236,-0.2225209339563143,0.8660254037844386,0.5000000000000001,0.0,0.0,0.0,12.825,24.75,100.0,93.75,2.2,5.612814,0.0249999999999999,3.1,19.18888892,32.0,32.15,32.5,32.5,31.53333333333333,-13.852444453333334,0.0500000299999996,-0.1546666666666665,5.413333333333333,5.0553333333333335,19.11666666666667,5.397333333333335,5.2384663,5.2312155,5.2920165,5.2886252,5.1939096,0,0.0,0,1.0,-0.88,21.5,78.5
2023-02-08 02:00:00,68.48420502222,29.101891444444,29.111613338886,19.18888892,5.0553333333333335,31.53333333333333,1,5.1764362714980825,70.66250196097344,2,2,2,0.4999999999999999,0.8660254037844387,0.9749279121818236,-0.2225209339563143,0.8660254037844386,0.5000000000000001,0.0,0.0,0.0,13.0,25.2,100.0,94.0,2.2,5.6277814,0.0,3.1,19.04444446,31.95,32.0,32.15,32.5,31.8,-14.133555586666668,0.0777777999999997,-0.2033333333333331,5.258666666666667,4.854,19.120370376666667,5.242444444444446,5.1939096,5.2384663,5.2312155,5.2920165,5.1934123,0,0.0,1,1.0,-0.87,20.9,79.1
2023-02-08 02:15:00,176.684321277776,125.958850327778,125.979405105554,19.04444446,4.854,31.8,2,5.1764362714980825,70.66250196097344,2,2,2,0.4999999999999999,0.8660254037844387,0.9749279121818236,-0.2225209339563143,0.8660254037844386,0.5000000000000001,0.0,0.0,0.0,13.375,26.1,100.0,93.75,2.075,5.5752435,0.0,3.0,19.27962963,31.53333333333333,31.95,32.0,32.15,31.53333333333333,-14.190444460000002,-0.144444459999999,-0.2013333333333333,5.0553333333333335,4.708666666666667,19.11481483333333,5.056000000000001,5.1934123,5.1939096,5.2384663,5.2312155,5.221749,0,0.0,1,1.0,-0.9,22.1,77.9
2023-02-08 02:30:00,68.665308877776,0.0,0.0,19.27962963,4.708666666666667,31.53333333333333,0,5.1764362714980825,70.66250196097344,2,2,2,0.4999999999999999,0.8660254037844387,0.9749279121818236,-0.2225209339563143,0.8660254037844386,0.5000000000000001,0.0,0.0,0.0,13.75,27.0,100.0,93.5,1.95,5.523125,0.0,2.9000000000000004,19.13333335,31.8,31.53333333333333,31.95,32.0,31.5,-14.570962963333333,0.2351851699999976,-0.1453333333333333,4.854,4.5600000000000005,19.17098767,4.872666666666668,5.221749,5.1934123,5.1939096,5.2384663,5.1714573,1,1.0,1,0.75,-0.85,20.2,79.8
2023-02-08 02:45:00,119.520219199992,81.87255830000001,81.88950212222,19.13333335,4.5600000000000005,31.5,2,5.1764362714980825,70.66250196097344,2,2,2,0.4999999999999999,0.8660254037844387,0.9749279121818236,-0.2225209339563143,0.8660254037844386,0.5000000000000001,0.0,0.0,0.0,14.125,27.9,100.0,93.25,1.825,5.4714255,0.0,2.8000000000000003,19.125925916666667,31.53333333333333,31.8,31.53333333333333,31.95,31.5,-14.573333349999997,-0.1462962800000014,-0.1486666666666662,4.708666666666667,4.444000000000001,19.152469146666668,4.707555555555557,5.1714573,5.221749,5.1934123,5.1939096,5.1691995,0,1.0,1,0.75,-0.88,21.4,78.6
2023-02-08 03:00:00,117.11948186666,77.79383253889,77.809665255556,19.125925916666667,4.444000000000001,31.5,2,5.1764362714980825,70.66250196097344,3,2,2,0.7071067811865476,0.7071067811865476,0.9749279121818236,-0.2225209339563143,0.8660254037844386,0.5000000000000001,0.0,0.0,0.0,14.5,28.8,100.0,93.0,1.7,5.420139,0.0,2.7,19.23333331,31.5,31.53333333333333,31.8,31.53333333333333,31.2,-14.681925916666666,-0.0074074333333307,-0.1159999999999996,4.5600000000000005,4.399333333333333,19.179629632222223,4.5708888888888906,5.1691995,5.1714573,5.221749,5.1934123,5.152482,0,1.0,0,0.75,-0.88,21.5,78.5
2023-02-08 03:15:00,60.20370283889,19.085625411112,19.094513988888,19.23333331,4.399333333333333,31.2,1,5.1764362714980825,70.66250196097344,3,2,2,0.7071067811865476,0.7071067811865476,0.9749279121818236,-0.2225209339563143,0.8660254037844386,0.5000000000000001,0.0,0.0,0.0,14.375,28.975,96.75,93.0,1.6,5.383737,0.0,2.6,19.0351852,31.5,31.5,31.53333333333333,31.8,31.466666666666665,-14.833999976666666,0.1074073933333323,-0.0446666666666679,4.444000000000001,4.346,19.164197525555554,4.467777777777779,5.152482,5.1691995,5.1714573,5.221749,5.1361656,0,1.0,1,0.75,-0.86,20.6,79.4
2023-02-08 03:30:00,179.515874611112,128.770404511112,128.79095923889,19.0351852,4.346,31.466666666666665,2,5.1764362714980825,70.66250196097344,3,2,2,0.7071067811865476,0.7071067811865476,0.9749279121818236,-0.2225209339563143,0.8660254037844386,0.5000000000000001,0.0,0.0,0.0,14.25,29.15,93.5,93.0,1.5,5.34755,0.0,2.5,19.27222224,31.2,31.5,31.5,31.53333333333333,31.15,-14.6891852,-0.1981481099999982,-0.0533333333333327,4.399333333333333,4.33,19.13148147555556,4.3964444444444455,5.1361656,5.152482,5.1691995,5.1714573,5.156021,0,0.0,1,1.0,-0.9,22.3,77.7
2023-02-08 03:45:00,73.02707888332999,24.431800472222,24.441522349998,19.27222224,4.33,31.15,1,5.1764362714980825,70.66250196097344,3,2,2,0.7071067811865476,0.7071067811865476,0.9749279121818236,-0.2225209339563143,0.8660254037844386,0.5000000000000001,0.0,0.0,0.0,14.125,29.325,90.25,93.0,1.4,5.311576,0.0,2.4,19.15185184,31.466666666666665,31.2,31.5,31.5,31.0,-14.94222224,0.2370370400000006,-0.016,4.346,4.306666666666668,19.180246916666672,4.358444444444446,5.156021,5.1361656,5.152482,5.1691995,5.0949297,0,0.0,1,1.0,-0.85,20.3,79.7
2023-02-08 04:00:00,118.867467427774,76.8677585,76.883313477776,19.15185184,4.306666666666668,31.0,2,5.1764362714980825,70.66250196097344,4,2,2,0.8660254037844386,0.5000000000000001,0.9749279121818236,-0.2225209339563143,0.8660254037844386,0.5000000000000001,0.0,0.0,0.0,14.0,29.5,87.0,93.0,1.3,5.2758136,0.0,2.3,19.13333335,31.15,31.466666666666665,31.2,31.5,30.95,-14.84518517333333,-0.1203704000000023,-0.0233333333333325,4.33,4.24,19.153086426666665,4.327555555555558,5.0949297,5.156021,5.1361656,5.152482,5.081163,0,0.0,1,1.0,-0.88,21.4,78.6
2023-02-08 04:15:00,456.74978486111,84.008861711112,84.0274721,19.13333335,4.24,30.95,2,5.1764362714980825,70.66250196097344,4,2,2,0.8660254037844386,0.5000000000000001,0.9749279121818236,-0.2225209339563143,0.8660254037844386,0.5000000000000001,0.0,0.0,0.0,13.525,29.15,90.25,93.75,1.2,5.246897,0.025,2.1,19.261111106666664,31.0,31.15,31.466666666666665,31.2,30.716666666666665,-14.89333335,-0.0185184899999981,-0.0666666666666673,4.306666666666668,4.240666666666667,19.185802476666662,4.292222222222224,5.081163,5.0949297,5.156021,5.1361656,5.080969,0,0.0,0,1.0,-0.88,21.5,78.5
2023-02-08 04:30:00,76.10001144444401,31.854559116666,31.865114294442,19.261111106666664,4.240666666666667,30.716666666666665,1,5.1764362714980825,70.66250196097344,4,2,2,0.8660254037844386,0.5000000000000001,0.9749279121818236,-0.2225209339563143,0.8660254037844386,0.5000000000000001,0.0,0.0,0.0,13.05,28.8,93.5,94.5,1.1,5.2176867,0.05,1.9,19.11111115,30.95,31.0,31.15,31.466666666666665,31.0,-15.02044444,0.1277777566666635,0.0006666666666665,4.24,4.290000000000001,19.182098765555555,4.262444444444446,5.080969,5.081163,5.0949297,5.156021,5.082706,0,0.0,1,1.0,-0.86,20.5,79.5
2023-02-08 04:45:00,178.59146713889,121.689021127778,121.70957592222,19.11111115,4.290000000000001,31.0,2,5.1764362714980825,70.66250196097344,4,2,2,0.8660254037844386,0.5000000000000001,0.9749279121818236,-0.2225209339563143,0.8660254037844386,0.5000000000000001,0.0,0.0,0.0,12.575,28.450000000000003,96.75,95.25,1.0,5.1881933,0.075,1.7,19.283333336666665,30.716666666666665,30.95,31.0,31.15,30.816666666666663,-14.821111149999998,-0.1499999566666652,0.0493333333333341,4.240666666666667,4.238666666666666,19.16851853555556,4.2568888888888905,5.082706,5.080969,5.081163,5.0949297,5.1041865,0,0.0,1,1.0,-0.89,21.7,78.3
2023-02-08 05:00:00,51.439331194446,13.354465783334,13.363632099999998,19.283333336666665,4.238666666666666,30.816666666666663,1,5.1764362714980825,70.66250196097344,5,2,2,0.9659258262890684,0.2588190451025207,0.9749279121818236,-0.2225209339563143,0.8660254037844386,0.5000000000000001,0.0,0.0,0.0,12.1,28.1,100.0,96.0,0.9,5.158428,0.1,1.5,19.13888891,31.0,30.716666666666665,30.95,31.0,30.85,-15.044666669999998,0.1722221866666657,-0.0513333333333347,4.290000000000001,3.932666666666667,19.218518531111112,4.256444444444447,5.1041865,5.082706,5.080969,5.081163,5.066404,0,0.0,1,1.0,-0.85,20.3,79.7
2023-02-08 05:15:00,124.768064711108,86.28182633889,86.299047933332,19.13888891,3.932666666666667,30.85,2,5.1764362714980825,70.66250196097344,5,2,2,0.9659258262890684,0.2588190451025207,0.9749279121818236,-0.2225209339563143,0.8660254037844386,0.5000000000000001,0.0,0.0,0.0,12.0,27.200000000000003,100.0,96.25,0.9,5.1542935,0.075,1.45,19.15740742333333,30.816666666666663,31.0,30.716666666666665,30.95,30.816666666666663,-15.206222243333333,-0.1444444266666664,-0.3059999999999991,4.238666666666666,3.532,19.17777779888889,4.15377777777778,5.066404,5.1041865,5.082706,5.080969,5.0664573,0,0.0,1,1.0,-0.88,21.5,78.5
2023-02-08 05:30:00,114.207376005554,72.9779141,72.994024555556,19.15740742333333,3.532,30.816666666666663,2,5.1764362714980825,70.66250196097344,5,2,2,0.9659258262890684,0.2588190451025207,0.9749279121818236,-0.2225209339563143,0.8660254037844386,0.5000000000000001,0.0,0.0,0.0,11.9,26.3,100.0,96.5,0.9,5.1501203,0.05,1.4,19.22777775,30.85,30.816666666666663,31.0,30.716666666666665,30.55,-15.625407423333332,0.0185185133333334,-0.4006666666666674,3.932666666666667,3.55,19.19320989,3.901111111111112,5.0664573,5.066404,5.1041865,5.082706,5.0434866,0,0.0,0,1.0,-0.88,21.3,78.7
2023-02-08 05:45:00,80.372896138886,34.455010611112,34.46667686111,19.22777775,3.55,30.55,1,5.1764362714980825,70.66250196097344,5,2,2,0.9659258262890684,0.2588190451025207,0.9749279121818236,-0.2225209339563143,0.8660254037844386,0.5000000000000001,0.0,0.0,0.0,11.8,25.4,100.0,96.75,0.9,5.145907,0.0249999999999999,1.35,19.02407404333333,30.816666666666663,30.85,30.816666666666663,31.0,30.966666666666665,-15.677777749999995,0.0703703266666657,0.0180000000000002,3.532,3.6386666666666665,19.174691361111112,3.671555555555557,5.0434866,5.0664573,5.066404,5.1041865,5.051241,0,0.0,1,1.0,-0.87,20.8,79.2
2023-02-08 06:00:00,175.44881518333,124.876949172222,124.897781672222,19.02407404333333,3.6386666666666665,30.966666666666665,2,5.1764362714980825,70.66250196097344,6,2,2,1.0,6.123233995736766e-17,0.9749279121818236,-0.2225209339563143,0.8660254037844386,0.5000000000000001,0.0,0.0,0.0,11.7,24.5,100.0,97.0,0.9,5.1416574,0.0,1.3,19.24444442,30.55,30.816666666666663,30.85,30.816666666666663,30.65,-15.385407376666668,-0.2037037066666656,0.0886666666666666,3.55,3.619333333333333,19.13641973888889,3.5735555555555565,5.051241,5.0434866,5.0664573,5.066404,5.064966,0,0.0,1,1.0,-0.91,22.5,77.5
2023-02-08 06:15:00,46.12371056111,0.0,0.0,19.24444442,3.619333333333333,30.65,0,5.1764362714980825,70.66250196097344,6,2,2,1.0,6.123233995736766e-17,0.9749279121818236,-0.2225209339563143,0.8660254037844386,0.5000000000000001,0.0,0.0,0.0,11.75,24.225,100.0,97.25,0.85,5.137368,0.0,1.25,19.06481479,30.966666666666665,30.55,30.816666666666663,30.85,30.683333333333334,-15.625111086666667,0.2203703766666684,-0.0193333333333334,3.6386666666666665,3.5320000000000005,19.16543207111111,3.602666666666668,5.064966,5.051241,5.0434866,5.0664573,5.0170684,1,1.0,1,0.75,-0.86,20.6,79.4
2023-02-08 06:30:00,127.873496055552,93.185439116666,93.202660627778,19.06481479,3.5320000000000005,30.683333333333334,2,5.1764362714980825,70.66250196097344,6,2,2,1.0,6.123233995736766e-17,0.9749279121818236,-0.2225209339563143,0.8660254037844386,0.5000000000000001,0.0,0.0,0.0,11.8,23.95,100.0,97.5,0.8,5.133042,0.0,1.2000000000000002,19.11111112,30.65,30.966666666666665,30.55,30.816666666666663,30.95,-15.53281479,-0.1796296300000008,-0.0873333333333326,3.619333333333333,3.52,19.111111084444445,3.596666666666668,5.0170684,5.064966,5.051241,5.0434866,5.0745077,0,1.0,1,0.75,-0.9,22.2,77.8
2023-02-08 06:45:00,107.595973605562,70.64356306111,70.65856246111,19.11111112,3.52,30.95,1,5.1764362714980825,70.66250196097344,6,2,2,1.0,6.123233995736766e-17,0.9749279121818236,-0.2225209339563143,0.8660254037844386,0.5000000000000001,0.0,0.0,0.0,11.85,23.675,100.0,97.75,0.75,5.128679,0.0,1.15,19.18888892,30.683333333333334,30.65,30.966666666666665,30.55,30.53333333333333,-15.59111112,0.0462963300000005,-0.0120000000000004,3.5320000000000005,3.516,19.140123443333337,3.557111111111112,5.0745077,5.0170684,5.064966,5.051241,5.0291977,0,1.0,1,0.75,-0.89,21.7,78.3
2023-02-08 07:00:00,97.79497696111,40.460603744444,40.473381066664,19.18888892,3.516,30.53333333333333,1,5.1764362714980825,70.66250196097344,7,2,2,0.9659258262890684,-0.2588190451025206,0.9749279121818236,-0.2225209339563143,0.8660254037844386,0.5000000000000001,0.0,0.0,0.0,11.9,23.4,100.0,98.0,0.7,5.124277,0.0,1.1,19.04444446,30.95,30.683333333333334,30.65,30.966666666666665,30.8,-15.67288892,0.0777777999999997,-0.004,3.52,3.496,19.12160494333333,3.522666666666668,5.0291977,5.0745077,5.0170684,5.064966,5.030097,0,1.0,0,0.75,-0.87,21.1,78.9
2023-02-08 07:15:00,164.91534753889,120.916552027778,120.937384511112,19.04444446,3.496,30.8,2,5.1764362714980825,70.66250196097344,7,2,2,0.9659258262890684,-0.2588190451025206,0.9749279121818236,-0.2225209339563143,0.8660254037844386,0.5000000000000001,0.0,0.0,0.0,11.725,23.5,100.0,97.5,0.85,5.168161,0.0,1.3,19.238888893333336,30.53333333333333,30.95,30.683333333333334,30.65,30.53333333333333,-15.54844446,-0.144444459999999,-0.02,3.516,3.524,19.11481483333333,3.5106666666666686,5.030097,5.0291977,5.0745077,5.0170684,5.0440364,0,0.0,1,1.0,-0.91,22.3,77.7
2023-02-08 07:30:00,40.43560476111,0.0,0.0,19.238888893333336,3.524,30.53333333333333,0,5.1764362714980825,70.66250196097344,7,2,2,0.9659258262890684,-0.2588190451025206,0.9749279121818236,-0.2225209339563143,0.8660254037844386,0.5000000000000001,0.0,0.0,0.0,11.55,23.6,100.0,97.0,1.0,5.212163,0.0,1.5,19.06666666,30.8,30.53333333333333,30.95,30.683333333333334,30.55,-15.714888893333336,0.1944444333333344,0.028,3.496,3.488,19.157407424444447,3.512000000000002,5.0440364,5.030097,5.0291977,5.0745077,4.9958124,1,1.0,1,0.75,-0.86,20.7,79.3
2023-02-08 07:45:00,143.333710855556,100.421816283334,100.440982216666,19.06666666,3.488,30.55,2,5.1764362714980825,70.66250196097344,7,2,2,0.9659258262890684,-0.2588190451025206,0.9749279121818236,-0.2225209339563143,0.8660254037844386,0.5000000000000001,0.0,0.0,0.0,11.375,23.7,100.0,96.5,1.15,5.2562795,0.0,1.7,19.10185186,30.53333333333333,30.8,30.53333333333333,30.95,30.78333333333333,-15.57866666,-0.1722222333333363,-0.036,3.524,3.512,19.11666667111112,3.502666666666668,4.9958124,5.0440364,5.030097,5.0291977,5.0444264,0,1.0,1,0.75,-0.9,22.2,77.8
2023-02-08 08:00:00,100.850965849998,64.620748416666,64.63685887222199,19.10185186,3.512,30.78333333333333,1,5.1764362714980825,70.66250196097344,8,2,2,0.8660254037844387,-0.4999999999999998,0.9749279121818236,-0.2225209339563143,0.8660254037844386,0.5000000000000001,0.0,0.0,0.0,11.2,23.8,100.0,96.0,1.3,5.300507,0.0,1.9,19.14444444,30.55,30.53333333333333,30.8,30.53333333333333,30.5,-15.58985186,0.0351852000000008,0.024,3.488,3.58,19.13580247111111,3.5080000000000013,5.0444264,4.9958124,5.0440364,5.030097,5.010565,0,1.0,1,0.75,-0.89,21.8,78.2
2023-02-08 08:15:00,100.423760738886,48.383620127778,48.396397433332,19.14444444,3.58,30.5,1,5.1764362714980825,70.66250196097344,8,2,2,0.8660254037844387,-0.4999999999999998,0.9749279121818236,-0.2225209339563143,0.8660254037844386,0.5000000000000001,2.0,0.5,0.1666666666666666,11.55,24.15,100.0,95.75,1.325,5.3046536,0.025,1.95,19.037037023333333,30.78333333333333,30.55,30.53333333333333,30.8,30.5,-15.564444439999995,0.0425925799999973,0.068,3.512,3.594666666666667,19.104320986666668,3.5266666666666686,5.010565,5.0444264,4.9958124,5.0440364,4.9789248,0,1.0,0,0.75,-0.88,21.5,78.5
2023-02-08 08:30:00,172.866418449998,121.922067388888,121.94234436111,19.037037023333333,3.594666666666667,30.5,2,5.1764362714980825,70.66250196097344,8,2,2,0.8660254037844387,-0.4999999999999998,0.9749279121818236,-0.2225209339563143,0.8660254037844386,0.5000000000000001,4.0,1.5,0.5,11.9,24.5,100.0,95.5,1.35,5.308763,0.05,2.0,19.2277778,30.5,30.78333333333333,30.55,30.53333333333333,30.15,-15.442370356666666,-0.107407416666664,0.0146666666666668,3.58,3.634,19.09444444111111,3.5622222222222235,4.9789248,5.010565,5.0444264,4.9958124,4.9774504,0,0.0,1,1.0,-0.91,22.5,77.5
2023-02-08 08:45:00,38.442073372222,0.0,0.0,19.2277778,3.634,30.15,0,5.1764362714980825,70.66250196097344,8,2,2,0.8660254037844387,-0.4999999999999998,0.9749279121818236,-0.2225209339563143,0.8660254037844386,0.5000000000000001,6.0,3.0,1.0,12.25,24.85,100.0,95.25,1.375,5.3128295,0.075,2.05,19.06111109,30.5,30.5,30.78333333333333,30.55,30.183333333333334,-15.593777800000002,0.1907407766666686,0.039333333333333,3.594666666666667,3.722,19.136419754444447,3.60288888888889,4.9774504,4.9789248,5.010565,5.0444264,4.9342356,1,1.0,1,0.75,-0.87,20.9,79.1
2023-02-08 09:00:00,128.21820448333,92.930727072222,92.949615233332,19.06111109,3.722,30.183333333333334,2,5.1764362714980825,70.66250196097344,9,2,2,0.7071067811865476,-0.7071067811865475,0.9749279121818236,-0.2225209339563143,0.8660254037844386,0.5000000000000001,8.0,5.0,1.6666666666666667,12.6,25.2,100.0,95.0,1.4,5.3168554,0.1,2.1,19.11111112,30.15,30.5,30.5,30.78333333333333,30.45,-15.33911109,-0.1666667100000012,0.088,3.634,3.895333333333333,19.108641971111112,3.650222222222224,4.9342356,4.9774504,4.9789248,5.010565,4.992529,0,1.0,1,0.75,-0.91,22.3,77.7
2023-02-08 09:15:00,114.484587133332,66.143743011112,66.157909127778,19.11111112,3.895333333333333,30.45,1,5.1764362714980825,70.66250196097344,9,2,2,0.7071067811865476,-0.7071067811865475,0.9749279121818236,-0.2225209339563143,0.8660254037844386,0.5000000000000001,15.75,8.4375,2.9791666666666665,12.9,26.1,92.5,94.5,1.375,5.315786,0.1,2.175,19.168518533333334,30.183333333333334,30.15,30.5,30.5,30.03333333333333,-15.215777786666669,0.0500000299999996,0.1733333333333333,3.722,4.134666666666666,19.13333333666667,3.7504444444444456,4.992529,4.9342356,4.9774504,4.9789248,4.940907,0,1.0,1,0.75,-0.89,21.8,78.2
2023-02-08 09:30:00,126.725486377776,47.108393322224,47.121726155556,19.168518533333334,4.134666666666666,30.03333333333333,1,5.1764362714980825,70.66250196097344,9,2,2,0.7071067811865476,-0.7071067811865475,0.9749279121818236,-0.2225209339563143,0.8660254037844386,0.5000000000000001,23.5,13.3125,4.9375,13.2,27.0,85.0,94.0,1.35,5.3145494,0.1,2.25,19.01111111,30.45,30.183333333333334,30.15,30.5,30.35,-15.033851866666668,0.0574074133333333,0.2393333333333327,3.895333333333333,4.346666666666667,19.11358024777778,3.917333333333334,4.940907,4.992529,4.9342356,4.9774504,4.9468656,0,1.0,0,0.75,-0.88,21.4,78.6
2023-02-08 09:45:00,453.870733311112,58.9768075,58.995140149998,19.01111111,4.346666666666667,30.35,1,5.1764362714980825,70.66250196097344,9,2,2,0.7071067811865476,-0.7071067811865475,0.9749279121818236,-0.2225209339563143,0.8660254037844386,0.5000000000000001,31.25,19.625,7.541666666666667,13.5,27.9,77.5,93.5,1.325,5.3131466,0.1,2.325,19.02222222,30.03333333333333,30.45,30.183333333333334,30.15,30.316666666666663,-14.664444443333334,-0.157407423333332,0.2120000000000006,4.134666666666666,4.519333333333333,19.09691358777778,4.1255555555555565,4.9468656,4.940907,4.992529,4.9342356,4.9446735,0,0.0,0,1.0,-0.92,22.7,77.3
2023-02-08 10:00:00,81.863114394438,35.577743466668,35.588576383334,19.02222222,4.519333333333333,30.316666666666663,1,5.1764362714980825,70.66250196097344,10,2,2,0.4999999999999999,-0.8660254037844387,0.9749279121818236,-0.2225209339563143,0.8660254037844386,0.5000000000000001,39.0,27.375,10.791666666666666,13.8,28.8,70.0,93.0,1.3,5.311576,0.1,2.4,18.87777776,30.35,30.03333333333333,30.45,30.183333333333334,30.4,-14.502888886666668,0.011111109999998,0.1726666666666663,4.346666666666667,4.638000000000001,19.067283954444445,4.333555555555557,4.9446735,4.9468656,4.940907,4.992529,4.916158,0,0.0,0,1.0,-0.91,22.6,77.4
2023-02-08 10:15:00,1002.792664505554,139.174710572222,139.199431849998,18.87777776,4.638000000000001,30.4,2,5.1764362714980825,70.66250196097344,10,2,2,0.4999999999999999,-0.8660254037844387,0.9749279121818236,-0.2225209339563143,0.8660254037844386,0.5000000000000001,89.25,45.75,18.229166666666668,13.775,29.875,69.25,89.75,1.175,5.2572093,0.075,2.775,19.15370370333333,30.316666666666663,30.35,30.03333333333333,30.45,30.78333333333333,-14.23977776,-0.144444459999999,0.1186666666666678,4.519333333333333,4.748,18.97037036333333,4.501333333333335,4.916158,4.9446735,4.9468656,4.940907,5.0598717,0,0.0,1,1.0,-0.95,23.9,76.1
2023-02-08 10:30:00,298.25890250000003,22.278831044444,22.292441616666,19.15370370333333,4.748,30.78333333333333,1,5.1764362714980825,70.66250196097344,10,2,2,0.4999999999999999,-0.8660254037844387,0.9749279121818236,-0.2225209339563143,0.8660254037844386,0.5000000000000001,139.5,74.75,29.854166666666668,13.75,30.950000000000003,68.5,86.5,1.05,5.1961656,0.05,3.15,19.15555556,30.4,30.316666666666663,30.35,30.03333333333333,30.55,-14.405703703333334,0.2759259433333341,0.1099999999999994,4.638000000000001,4.943333333333333,19.01790122777778,4.6351111111111125,5.0598717,4.916158,4.9446735,4.9468656,5.022068,0,0.0,1,1.0,-0.88,21.4,78.6
2023-02-08 10:45:00,102.226188655552,52.335406516666,52.350961444444,19.15555556,4.943333333333333,30.55,1,5.1764362714980825,70.66250196097344,10,2,2,0.4999999999999999,-0.8660254037844387,0.9749279121818236,-0.2225209339563143,0.8660254037844386,0.5000000000000001,189.75,114.375,45.66666666666666,13.725,32.025,67.75,83.25,0.925,5.1281757,0.0249999999999999,3.525,19.14074077333333,30.78333333333333,30.4,30.316666666666663,30.35,31.516666666666666,-14.212222226666666,0.0018518566666649,0.1953333333333331,4.748,5.282666666666667,19.062345674444444,4.776444444444446,5.022068,5.0598717,4.916158,4.9446735,5.1764526,0,0.0,0,1.0,-0.88,21.4,78.6
2023-02-08 11:00:00,148.492115727774,110.46780336111,110.488358055556,19.14074077333333,5.282666666666667,31.516666666666666,2,5.1764362714980825,70.66250196097344,11,2,2,0.258819045102521,-0.9659258262890682,0.9749279121818236,-0.2225209339563143,0.8660254037844386,0.5000000000000001,240.0,164.625,65.66666666666667,13.7,33.1,67.0,80.0,0.8,5.052966,0.0,3.9,19.53888889,30.55,30.78333333333333,30.4,30.316666666666663,32.05,-13.858074106666669,-0.0148147866666654,0.3393333333333332,4.943333333333333,5.929333333333333,19.150000012222225,4.991333333333334,5.1764526,5.022068,5.0598717,4.916158,5.3888745,0,0.0,1,1.0,-0.88,21.4,78.6
2023-02-08 11:15:00,31.147642927778,0.0,0.0,19.53888889,5.929333333333333,32.05,0,5.1764362714980825,70.66250196097344,11,2,2,0.258819045102521,-0.9659258262890682,0.9749279121818236,-0.2225209339563143,0.8660254037844386,0.5000000000000001,269.5,209.6875,87.95833333333333,14.85,35.075,71.75,77.0,0.475,4.945157,0.025,4.15,19.84999999333333,31.516666666666666,30.55,30.78333333333333,30.4,30.883333333333333,-13.609555556666669,0.3981481166666647,0.6466666666666665,5.282666666666667,5.966666666666667,19.278395074444443,5.3851111111111125,5.3888745,5.1764526,5.022068,5.0598717,5.28841,1,1.0,1,0.75,-0.79,18.0,82.0
2023-02-08 11:30:00,83.552768905554,46.96339913889,46.978398555556,19.84999999333333,5.966666666666667,30.883333333333333,1,5.1764362714980825,70.66250196097344,11,2,2,0.258819045102521,-0.9659258262890682,0.9749279121818236,-0.2225209339563143,0.8660254037844386,0.5000000000000001,299.0,249.5625,112.54166666666669,16.0,37.05,76.5,74.0,0.15,4.8321342,0.05,4.4,19.75555553,32.05,31.516666666666666,30.55,30.78333333333333,30.85,-13.883333326666664,0.3111111033333316,0.0373333333333336,5.929333333333333,5.8133333333333335,19.509876552222224,5.726222222222224,5.28841,5.3888745,5.1764526,5.022068,5.253522,0,1.0,1,0.75,-0.72,15.9,84.1
2023-02-08 11:45:00,160.7402368,131.920000755556,131.944444211112,19.75555553,5.8133333333333335,30.85,2,5.1764362714980825,70.66250196097344,11,2,2,0.258819045102521,-0.9659258262890682,0.9749279121818236,-0.2225209339563143,0.8660254037844386,0.5000000000000001,328.5,284.25,139.41666666666666,17.15,39.025,81.25,71.0,-0.175,4.7137723,0.075,4.65,19.742592586666667,30.883333333333333,32.05,31.516666666666666,30.55,30.633333333333333,-13.942222196666666,-0.0944444633333319,-0.1533333333333333,5.966666666666667,5.796666666666667,19.714814804444444,5.903111111111112,5.253522,5.28841,5.3888745,5.1764526,5.21266,0,1.0,1,0.75,-0.74,16.6,83.4
2023-02-08 12:00:00,65.64487401667,23.164351172222,23.177406216666,19.742592586666667,5.796666666666667,30.633333333333333,1,5.1764362714980825,70.66250196097344,12,2,2,1.2246467991473532e-16,-1.0,0.9749279121818236,-0.2225209339563143,0.8660254037844386,0.5000000000000001,358.0,313.75,168.58333333333334,18.3,41.0,86.0,68.0,-0.5,4.5899415,0.1,4.9,19.73888888,30.85,30.883333333333333,32.05,31.516666666666666,30.0,-13.94592592,-0.0129629433333313,-0.0166666666666666,5.8133333333333335,5.842666666666667,19.782716036666667,5.858888888888891,5.21266,5.253522,5.28841,5.3888745,5.103781,0,1.0,1,0.75,-0.75,16.7,83.3
2023-02-08 12:15:00,79.361825416666,36.277159988888,36.289659488888,19.73888888,5.842666666666667,30.0,1,5.1764362714980825,70.66250196097344,12,2,2,1.2246467991473532e-16,-1.0,0.9749279121818236,-0.2225209339563143,0.8660254037844386,0.5000000000000001,352.5,334.5,196.64583333333331,18.375,41.275,86.0,65.25,-0.9,4.4629126,0.075,5.1000000000000005,19.80370367333333,30.633333333333333,30.85,30.883333333333333,32.05,30.0,-13.896222213333337,-0.0037037066666663,0.0460000000000002,5.796666666666667,6.054,19.74567899888889,5.817555555555558,5.103781,5.21266,5.253522,5.28841,5.123222,0,0.0,0,1.0,-0.75,16.9,83.1
2023-02-08 12:30:00,249.879726861102,223.243847672222,223.27884632222,19.80370367333333,6.054,30.0,2,5.1764362714980825,70.66250196097344,12,2,2,1.2246467991473532e-16,-1.0,0.9749279121818236,-0.2225209339563143,0.8660254037844386,0.5000000000000001,347.0,346.5,223.60416666666663,18.450000000000003,41.55,86.0,62.5,-1.3,4.3315983,0.05,5.300000000000001,20.13888886,30.0,30.633333333333333,30.85,30.883333333333333,29.6,-13.749703673333334,0.0648147933333334,0.2113333333333331,5.842666666666667,6.339333333333333,19.761728380000005,5.89777777777778,5.123222,5.103781,5.21266,5.253522,5.1551332,0,0.0,1,1.0,-0.74,16.4,83.6
2023-02-08 12:45:00,30.827100216666,0.0,0.0,20.13888886,6.339333333333333,29.6,0,5.1764362714980825,70.66250196097344,12,2,2,1.2246467991473532e-16,-1.0,0.9749279121818236,-0.2225209339563143,0.8660254037844386,0.5000000000000001,341.5,349.75,249.45833333333331,18.525,41.825,86.0,59.75,-1.7000000000000002,4.195916,0.0249999999999999,5.5,20.2222222,30.0,30.0,30.633333333333333,30.85,28.85,-13.79955552666667,0.3351851866666671,0.285333333333333,6.054,6.668666666666667,19.89382713777778,6.078666666666668,5.1551332,5.123222,5.103781,5.21266,5.0490556,1,1.0,1,0.75,-0.66,14.2,85.8
2023-02-08 13:00:00,68.92696497778,24.377080427778,24.389302155556,20.2222222,6.668666666666667,28.85,1,5.1764362714980825,70.66250196097344,13,2,2,-0.2588190451025208,-0.9659258262890684,0.9749279121818236,-0.2225209339563143,0.8660254037844386,0.5000000000000001,336.0,344.25,274.2083333333333,18.6,42.1,86.0,57.0,-2.1,4.055785,0.0,5.7,20.29999997,29.6,30.0,30.0,30.633333333333333,28.5,-13.553555533333334,0.0833333399999993,0.3293333333333335,6.339333333333333,7.034000000000001,20.054938244444447,6.354000000000002,5.0490556,5.1551332,5.123222,5.103781,5.0105257,0,1.0,1,0.75,-0.65,13.8,86.2
2023-02-08 13:15:00,167.991057888888,125.691083255556,125.716082255556,20.29999997,7.034000000000001,28.5,2,5.1764362714980825,70.66250196097344,13,2,2,-0.2588190451025208,-0.9659258262890684,0.9749279121818236,-0.2225209339563143,0.8660254037844386,0.5000000000000001,326.0,337.625,293.9375,18.1,42.1,69.5,55.25,-2.4,3.9832194,0.0,5.9,20.394444423333333,28.85,29.6,30.0,30.0,28.316666666666663,-13.265999969999998,0.0777777699999973,0.3653333333333339,6.668666666666667,7.1466666666666665,20.220370343333336,6.680666666666668,5.0105257,5.0490556,5.1551332,5.123222,5.0058265,0,1.0,1,0.75,-0.63,13.4,86.6
2023-02-08 13:30:00,219.011517088884,18.224548805554,18.23871492222,20.394444423333333,7.1466666666666665,28.316666666666663,1,5.1764362714980825,70.66250196097344,13,2,2,-0.2588190451025208,-0.9659258262890684,0.9749279121818236,-0.2225209339563143,0.8660254037844386,0.5000000000000001,316.0,329.875,308.6458333333333,17.6,42.1,53.0,53.5,-2.7,3.9079418,0.0,6.1,20.45555553,28.5,28.85,29.6,30.0,28.0,-13.247777756666666,0.0944444533333346,0.1126666666666658,7.034000000000001,7.438666666666666,20.305555531111118,6.94977777777778,5.0058265,5.0105257,5.0490556,5.1551332,4.9675317,0,1.0,1,0.75,-0.61,12.8,87.2
2023-02-08 13:45:00,231.731008205554,21.9616215,21.976343144444,20.45555553,7.438666666666666,28.0,1,5.1764362714980825,70.66250196097344,13,2,2,-0.2588190451025208,-0.9659258262890684,0.9749279121818236,-0.2225209339563143,0.8660254037844386,0.5000000000000001,306.0,321.0,318.3333333333333,17.1,42.1,36.5,51.75,-3.0,3.8299022,0.0,6.3,20.331481476666667,28.316666666666663,28.5,28.85,29.6,28.0,-13.016888863333335,0.0611111066666687,0.2919999999999998,7.1466666666666665,7.337333333333333,20.38333330777778,7.206444444444446,4.9675317,5.0058265,5.0105257,5.0490556,4.9316816,0,0.0,0,1.0,-0.6,12.5,87.5
2023-02-08 14:00:00,149.485131538886,122.893417416666,122.917027572222,20.331481476666667,7.337333333333333,28.0,2,5.1764362714980825,70.66250196097344,14,2,2,-0.4999999999999997,-0.8660254037844388,0.9749279121818236,-0.2225209339563143,0.8660254037844386,0.5000000000000001,296.0,311.0,323.0,16.6,42.1,20.0,50.0,-3.3,3.749048,0.0,6.5,20.19444446,28.0,28.316666666666663,28.5,28.85,28.3,-12.994148143333334,-0.1240740533333344,-0.1013333333333328,7.438666666666666,7.250666666666666,20.393827143333336,7.307555555555557,4.9316816,4.9675317,5.0058265,5.0105257,4.9447637,0,0.0,1,1.0,-0.63,13.3,86.7
2023-02-08 14:15:00,89.727521938886,50.764080472222,50.779357661110005,20.19444446,7.250666666666666,28.3,1,5.1764362714980825,70.66250196097344,14,2,2,-0.4999999999999997,-0.8660254037844388,0.9749279121818236,-0.2225209339563143,0.8660254037844386,0.5000000000000001,341.25,314.8125,328.9791666666667,15.8,40.925,15.75,49.5,-3.225,3.7602825,0.0,6.7,20.31111113,28.0,28.0,28.316666666666663,28.5,27.85,-12.943777793333334,-0.1370370166666674,-0.0866666666666677,7.337333333333333,7.366,20.327160488888893,7.342222222222223,4.9447637,4.9316816,4.9675317,5.0058265,4.899429,0,0.0,1,1.0,-0.66,14.1,85.9
2023-02-08 14:30:00,52.731223983334,0.0,0.0,20.31111113,7.366,27.85,0,5.1764362714980825,70.66250196097344,14,2,2,-0.4999999999999997,-0.8660254037844388,0.9749279121818236,-0.2225209339563143,0.8660254037844386,0.5000000000000001,386.5,332.4375,336.2708333333333,15.0,39.75,11.5,49.0,-3.15,3.7710857,0.0,6.9,20.438888870000003,28.3,28.0,28.0,28.316666666666663,27.5,-12.945111129999995,0.1166666699999972,0.1153333333333339,7.250666666666666,7.562,20.279012355555555,7.318000000000001,4.899429,4.9447637,4.9316816,4.9675317,4.8740826,1,1.0,1,0.75,-0.63,13.4,86.6
2023-02-08 14:45:00,121.238205794446,94.116790711112,94.138178755556,20.438888870000003,7.562,27.5,2,5.1764362714980825,70.66250196097344,14,2,2,-0.4999999999999997,-0.8660254037844388,0.9749279121818236,-0.2225209339563143,0.8660254037844386,0.5000000000000001,431.75,363.875,344.875,14.2,38.575,7.249999999999998,48.5,-3.075,3.7814443,0.0,7.1,20.588888923333336,27.85,28.3,28.0,28.0,27.5,-12.876888870000002,0.1277777400000062,0.1960000000000006,7.366,7.622666666666666,20.31481482,7.392888888888891,4.8740826,4.899429,4.9447637,4.9316816,4.916911,0,1.0,1,0.75,-0.61,12.7,87.3
2023-02-08 15:00:00,104.57776113889,77.933549216666,77.952715116666,20.588888923333336,7.622666666666666,27.5,2,5.1764362714980825,70.66250196097344,15,2,2,-0.7071067811865471,-0.7071067811865479,0.9749279121818236,-0.2225209339563143,0.8660254037844386,0.5000000000000001,477.0,409.125,354.7916666666667,13.4,37.4,3.0,48.0,-3.0,3.791348,0.0,7.3,20.89444445,27.5,27.85,28.3,28.0,27.1,-12.966222256666668,0.1500000533333327,0.0606666666666662,7.562,7.754666666666666,20.446296307777786,7.51688888888889,4.916911,4.8740826,4.899429,4.9447637,4.932358,0,1.0,0,0.75,-0.57,11.8,88.2
2023-02-08 15:15:00,39.792297261106,0.0,0.0,20.89444445,7.754666666666666,27.1,0,5.1764362714980825,70.66250196097344,15,2,2,-0.7071067811865471,-0.7071067811865479,0.9749279121818236,-0.2225209339563143,0.8660254037844386,0.5000000000000001,459.75,438.75,363.7291666666667,12.575,35.975,2.25,48.25,-2.85,3.8234663,0.0,7.35,20.825925896666664,27.5,27.5,27.85,28.3,26.716666666666665,-13.139777783333331,0.3055555266666623,0.1319999999999996,7.622666666666666,7.780666666666667,20.64074074777778,7.646444444444445,4.932358,4.916911,4.8740826,4.899429,4.8432493,1,2.0,1,0.5,-0.5,10.3,89.7
2023-02-08 15:30:00,117.001153133332,73.385120027778,73.40373041666601,20.825925896666664,7.780666666666667,26.716666666666665,2,5.1764362714980825,70.66250196097344,15,2,2,-0.7071067811865471,-0.7071067811865479,0.9749279121818236,-0.2225209339563143,0.8660254037844386,0.5000000000000001,442.5,452.75,371.6875,11.75,34.55,1.5,48.5,-2.7,3.8557498,0.0,7.4,20.416666640000003,27.1,27.5,27.5,27.85,27.35,-13.045259229999996,-0.0685185533333339,0.0260000000000006,7.754666666666666,7.948666666666667,20.76975309,7.719333333333335,4.8432493,4.932358,4.916911,4.8740826,4.8412147,0,1.0,1,0.75,-0.52,10.7,89.3
2023-02-08 15:45:00,150.877853527778,115.9661945,115.988693583334,20.416666640000003,7.948666666666667,27.35,2,5.1764362714980825,70.66250196097344,15,2,2,-0.7071067811865471,-0.7071067811865479,0.9749279121818236,-0.2225209339563143,0.8660254037844386,0.5000000000000001,425.25,451.125,378.6666666666667,10.925,33.125,0.75,48.75,-2.55,3.888197,0.0,7.45,20.251851826666663,26.716666666666665,27.1,27.5,27.5,27.316666666666663,-12.467999973333336,-0.4092592566666617,0.1680000000000001,7.780666666666667,7.842666666666667,20.712345662222223,7.828,4.8412147,4.8432493,4.932358,4.916911,4.7889934,0,1.0,0,0.75,-0.61,12.8,87.2
2023-02-08 16:00:00,39.10732447778,0.0,0.0,20.251851826666663,7.842666666666667,27.316666666666663,0,5.1764362714980825,70.66250196097344,16,2,2,-0.8660254037844385,-0.5000000000000004,0.9749279121818236,-0.2225209339563143,0.8660254037844386,0.5000000000000001,408.0,433.875,384.6666666666667,10.1,31.7,0.0,49.0,-2.4,3.920808,0.0,7.5,19.90555553,27.35,26.716666666666665,27.1,27.5,27.4,-12.40918516,-0.1648148133333364,-0.1059999999999998,7.948666666666667,7.739999999999999,20.498148121111115,7.857333333333336,4.7889934,4.8412147,4.8432493,4.932358,4.7072334,1,2.0,1,0.5,-0.65,13.9,86.1
2023-02-08 16:15:00,109.035082822224,80.74288127222201,80.7617694,19.90555553,7.739999999999999,27.4,2,5.1764362714980825,70.66250196097344,16,2,2,-0.8660254037844385,-0.5000000000000004,0.9749279121818236,-0.2225209339563143,0.8660254037844386,0.5000000000000001,373.5,412.3125,388.625,9.225,29.8,0.0,50.25,-2.225,3.9884093,0.0,7.375,19.79074073,27.316666666666663,27.35,26.716666666666665,27.1,27.966666666666665,-12.165555530000002,-0.3462962966666651,-0.1026666666666678,7.842666666666667,7.668,20.19135799888889,7.843777777777778,4.7072334,4.7889934,4.8412147,4.8432493,4.772352,0,1.0,1,0.75,-0.73,16.1,83.9
2023-02-08 16:30:00,157.836464022224,128.2415368,128.2657025,19.79074073,7.668,27.966666666666665,2,5.1764362714980825,70.66250196097344,16,2,2,-0.8660254037844385,-0.5000000000000004,0.9749279121818236,-0.2225209339563143,0.8660254037844386,0.5000000000000001,339.0,386.4375,390.5416666666667,8.35,27.9,0.0,51.5,-2.05,4.0546308,0.0,7.25,19.86666668,27.4,27.316666666666663,27.35,26.716666666666665,27.65,-12.12274073,-0.1148148000000013,-0.0719999999999991,7.739999999999999,7.462666666666666,19.98271602888889,7.750222222222224,4.772352,4.7072334,4.7889934,4.8412147,4.7393684,0,1.0,0,0.75,-0.75,16.8,83.2
2023-02-08 16:45:00,54.35810325556,0.0,0.0,19.86666668,7.462666666666666,27.65,0,5.1764362714980825,70.66250196097344,16,2,2,-0.8660254037844385,-0.5000000000000004,0.9749279121818236,-0.2225209339563143,0.8660254037844386,0.5000000000000001,304.5,356.25,390.4166666666667,7.475,26.0,0.0,52.75,-1.875,4.11949,0.0,7.125,19.60000000333333,27.966666666666665,27.4,27.316666666666663,27.35,27.683333333333334,-12.40400001333333,0.0759259499999984,-0.2053333333333338,7.668,7.288666666666667,19.85432098,7.623555555555558,4.7393684,4.772352,4.7072334,4.7889934,4.6714077,1,2.0,1,0.5,-0.73,16.4,83.6
2023-02-08 17:00:00,103.953341766664,68.706140527778,68.724750949998,19.60000000333333,7.288666666666667,27.683333333333334,1,5.1764362714980825,70.66250196097344,17,2,2,-0.9659258262890684,-0.2588190451025206,0.9749279121818236,-0.2225209339563143,0.8660254037844386,0.5000000000000001,270.0,321.75,388.25,6.6,24.1,0.0,54.0,-1.7,4.183002,0.0,7.0,19.47222218,27.65,27.966666666666665,27.4,27.316666666666663,28.3,-12.311333336666664,-0.2666666766666665,-0.1739999999999995,7.462666666666666,7.006666666666666,19.752469137777776,7.473111111111113,4.6714077,4.7393684,4.772352,4.7072334,4.739739,0,1.0,1,0.75,-0.8,18.3,81.7
2023-02-08 17:15:00,185.209535872218,158.69559637222198,158.7236508,19.47222218,7.006666666666666,28.3,2,5.1764362714980825,70.66250196097344,17,2,2,-0.9659258262890684,-0.2588190451025206,0.9749279121818236,-0.2225209339563143,0.8660254037844386,0.5000000000000001,229.75,285.8125,378.9583333333333,6.675,21.775,3.25,59.25,-1.475,4.3208747,0.0,6.075,19.70370368,27.683333333333334,27.65,27.966666666666665,27.4,27.85,-12.465555513333332,-0.1277778233333322,-0.2820000000000009,7.288666666666667,6.648,19.646296287777776,7.252666666666667,4.739739,4.6714077,4.7393684,4.772352,4.7282357,0,1.0,1,0.75,-0.82,19.2,80.8
2023-02-08 17:30:00,57.520754711108,23.805992172222,23.819324988888,19.70370368,6.648,27.85,1,5.1764362714980825,70.66250196097344,17,2,2,-0.9659258262890684,-0.2588190451025206,0.9749279121818236,-0.2225209339563143,0.8660254037844386,0.5000000000000001,189.5,248.4375,362.5416666666667,6.75,19.450000000000003,6.5,64.5,-1.25,4.426201,0.0,5.15,19.51666663,28.3,27.683333333333334,27.65,27.966666666666665,27.55,-13.05570368,0.231481500000001,-0.3586666666666662,7.006666666666666,6.272666666666667,19.591975287777775,6.981111111111112,4.7282357,4.739739,4.6714077,4.7393684,4.6261992,0,1.0,1,0.75,-0.77,17.5,82.5
2023-02-08 17:45:00,103.925009400004,70.896886227778,70.913830016666,19.51666663,6.272666666666667,27.55,2,5.1764362714980825,70.66250196097344,17,2,2,-0.9659258262890684,-0.2588190451025206,0.9749279121818236,-0.2225209339563143,0.8660254037844386,0.5000000000000001,149.25,209.625,339.0,6.825,17.125,9.75,69.75,-1.025,4.5019484,0.0,4.225,19.40185183,27.85,28.3,27.683333333333334,27.65,27.966666666666665,-13.243999963333334,-0.1870370500000007,-0.3753333333333328,6.648,6.04,19.56419749666667,6.642444444444446,4.6261992,4.7282357,4.739739,4.6714077,4.6645656,0,0.0,1,1.0,-0.82,19.0,81.0
2023-02-08 18:00:00,199.657846633336,157.202322772222,157.230099477776,19.40185183,6.04,27.966666666666665,2,5.1764362714980825,70.66250196097344,18,2,2,-1.0,-1.8369701987210294e-16,0.9749279121818236,-0.2225209339563143,0.8660254037844386,0.5000000000000001,109.0,169.375,308.3333333333333,6.9,14.8,13.0,75.0,-0.8,4.550896,0.0,3.3,19.60000002,27.55,27.85,28.3,27.683333333333334,27.65,-13.36185183,-0.1148148000000013,-0.2326666666666668,6.272666666666667,5.894,19.54074071333333,6.320222222222224,4.6645656,4.6261992,4.7282357,4.739739,4.665783,0,0.0,0,1.0,-0.84,19.9,80.1
2023-02-08 18:15:00,66.170408677776,26.725042055556,26.737819327778,19.60000002,5.894,27.65,1,5.1764362714980825,70.66250196097344,18,2,2,-1.0,-1.8369701987210294e-16,0.9749279121818236,-0.2225209339563143,0.8660254037844386,0.5000000000000001,83.25,132.75,276.9583333333333,6.8500000000000005,13.975,12.25,76.0,-1.2,4.421908,0.0,2.675,19.42962964,27.966666666666665,27.55,27.85,28.3,27.5,-13.70600002,0.1981481900000012,-0.1459999999999999,6.04,5.768666666666666,19.506172826666667,6.06888888888889,4.665783,4.6645656,4.6261992,4.7282357,4.594231,0,0.0,1,1.0,-0.8,18.3,81.7
2023-02-08 18:30:00,97.940248933332,68.2164379,68.23365946111,19.42962964,5.768666666666666,27.5,1,5.1764362714980825,70.66250196097344,18,2,2,-1.0,-1.8369701987210294e-16,0.9749279121818236,-0.2225209339563143,0.8660254037844386,0.5000000000000001,57.5,99.75,244.875,6.800000000000001,13.15,11.5,77.0,-1.6,4.294886,0.0,2.05,19.30000002,27.65,27.966666666666665,27.55,27.85,27.85,-13.660962973333332,-0.1703703800000013,-0.1253333333333337,5.894,5.437333333333333,19.477160496666663,5.900888888888891,4.594231,4.665783,4.6645656,4.6261992,4.6173444,0,0.0,0,1.0,-0.84,19.7,80.3
2023-02-08 18:45:00,176.06934594444002,149.032371816666,149.056815288888,19.30000002,5.437333333333333,27.85,2,5.1764362714980825,70.66250196097344,18,2,2,-1.0,-1.8369701987210294e-16,0.9749279121818236,-0.2225209339563143,0.8660254037844386,0.5000000000000001,31.75,70.375,212.08333333333331,6.75,12.325,10.75,78.0,-2.0,4.1698833,0.0,1.4249999999999998,19.52592592333333,27.5,27.65,27.966666666666665,27.55,27.816666666666663,-13.86266668666667,-0.1296296199999957,-0.3313333333333332,5.768666666666666,4.721333333333333,19.443209893333336,5.700000000000002,4.6173444,4.594231,4.665783,4.6645656,4.6735215,0,0.0,1,1.0,-0.86,20.7,79.3
2023-02-08 19:00:00,419.0174051833381,42.434413688888,42.448579788888,19.52592592333333,4.721333333333333,27.816666666666663,1,5.1764362714980825,70.66250196097344,19,2,2,-0.9659258262890684,0.2588190451025203,0.9749279121818236,-0.2225209339563143,0.8660254037844386,0.5000000000000001,6.0,44.625,178.58333333333334,6.7,11.5,10.0,79.0,-2.4,4.04695,0.0,0.8,19.43888889,27.85,27.5,27.65,27.966666666666665,28.6,-14.80459259,0.22592590333333,-0.7160000000000002,5.437333333333333,4.560666666666666,19.418518527777778,5.309111111111112,4.6735215,4.6173444,4.594231,4.665783,4.780603,0,0.0,1,1.0,-0.81,18.9,81.1
2023-02-08 19:15:00,147.141336411108,0.0,0.0,19.43888889,4.560666666666666,28.6,0,5.1764362714980825,70.66250196097344,19,2,2,-0.9659258262890684,0.2588190451025203,0.9749279121818236,-0.2225209339563143,0.8660254037844386,0.5000000000000001,4.5,24.9375,147.83333333333334,6.925,10.875,27.75,79.25,-2.6,3.9908106,0.0,0.55,19.21296296333333,27.816666666666663,27.85,27.5,27.65,29.65,-14.878222223333331,-0.0870370333333347,-0.1606666666666667,4.721333333333333,4.255333333333334,19.421604944444443,4.906444444444445,4.780603,4.6735215,4.6173444,4.594231,4.8906364,1,1.0,1,0.75,-0.83,19.4,80.6
2023-02-08 19:30:00,241.739219011108,107.682081427778,107.758189533332,19.21296296333333,4.255333333333334,29.65,2,5.1764362714980825,70.66250196097344,19,2,2,-0.9659258262890684,0.2588190451025203,0.9749279121818236,-0.2225209339563143,0.8660254037844386,0.5000000000000001,3.0,11.3125,119.83333333333331,7.15,10.25,45.5,79.5,-2.8,3.9352694,0.0,0.3,19.33333335,28.6,27.816666666666663,27.85,27.5,29.25,-14.95762963,-0.2259259266666653,-0.3053333333333325,4.560666666666666,3.997333333333333,19.392592592222226,4.512444444444445,4.8906364,4.780603,4.6735215,4.6173444,4.85898,0,1.0,1,0.75,-0.87,21.1,78.9
2023-02-08 19:45:00,197.3187736,76.220006627778,76.298614633332,19.33333335,3.997333333333333,29.25,2,5.1764362714980825,70.66250196097344,19,2,2,-0.9659258262890684,0.2588190451025203,0.9749279121818236,-0.2225209339563143,0.8660254037844386,0.5000000000000001,1.5,3.75,94.58333333333331,7.375,9.625,63.24999999999999,79.75,-3.0,3.880322,0.0,0.05,19.39074073333333,29.65,28.6,27.816666666666663,27.85,28.35,-15.336000016666665,0.1203703866666643,-0.2580000000000004,4.255333333333334,3.866,19.328395067777777,4.271111111111112,4.85898,4.8906364,4.780603,4.6735215,4.725412,0,1.0,0,0.75,-0.85,20.2,79.8
2023-02-08 20:00:00,155.388784266664,42.178590555556,42.251087672222,19.39074073333333,3.866,28.35,1,5.1764362714980825,70.66250196097344,20,2,2,-0.8660254037844386,0.5000000000000001,0.9749279121818236,-0.2225209339563143,0.8660254037844386,0.5000000000000001,0.0,2.25,72.08333333333333,7.6,9.0,81.0,80.0,-3.2,3.8259642,0.0,-0.2,19.21111112,29.25,29.65,28.6,27.816666666666663,28.3,-15.524740733333337,0.0574073833333379,-0.131333333333333,3.997333333333333,4.0,19.312345682222222,4.039555555555556,4.725412,4.85898,4.8906364,4.780603,4.6674495,0,1.0,1,0.75,-0.84,19.9,80.1
2023-02-08 20:15:00,251.563548255552,137.120626088888,137.20645602221998,19.21111112,4.0,28.3,2,5.1764362714980825,70.66250196097344,20,2,2,-0.8660254037844386,0.5000000000000001,0.9749279121818236,-0.2225209339563143,0.8660254037844386,0.5000000000000001,0.0,1.125,52.9375,8.525,11.425,75.0,79.0,-3.225,3.817434,0.0,-0.0499999999999999,19.405555536666668,28.35,29.25,29.65,28.6,27.85,-15.211111120000002,-0.1796296133333328,0.1339999999999999,3.866,4.030666666666667,19.31172840111111,3.9544444444444458,4.6674495,4.725412,4.85898,4.8906364,4.6461196,0,0.0,1,1.0,-0.88,21.4,78.6
2023-02-08 20:30:00,135.409583466664,0.0,0.0,19.405555536666668,4.030666666666667,27.85,0,5.1764362714980825,70.66250196097344,20,2,2,-0.8660254037844386,0.5000000000000001,0.9749279121818236,-0.2225209339563143,0.8660254037844386,0.5000000000000001,0.0,0.375,37.145833333333336,9.45,13.85,69.0,78.0,-3.25,3.8082623,0.0,0.1,19.27222221,28.3,28.35,29.25,29.65,27.85,-15.37488887,0.1944444166666663,0.0306666666666668,4.0,4.004,19.335802463333337,3.965555555555557,4.6461196,4.6674495,4.725412,4.85898,4.6097975,1,1.0,1,0.75,-0.84,19.9,80.1
2023-02-08 20:45:00,228.446139605554,108.212060244444,108.294834733332,19.27222221,4.004,27.85,2,5.1764362714980825,70.66250196097344,20,2,2,-0.8660254037844386,0.5000000000000001,0.9749279121818236,-0.2225209339563143,0.8660254037844386,0.5000000000000001,0.0,0.0,24.70833333333333,10.375,16.275,63.0,77.0,-3.275,3.7984393,0.0,0.25,19.262962936666668,27.85,28.3,28.35,29.25,28.183333333333334,-15.268222209999998,-0.1333333266666692,-0.0266666666666663,4.030666666666667,4.1706666666666665,19.296296288888893,4.0115555555555575,4.6097975,4.6461196,4.6674495,4.725412,4.662428,0,1.0,1,0.75,-0.87,21.0,79.0
2023-02-08 21:00:00,171.063157166668,50.945462083334,51.017681444444,19.262962936666668,4.1706666666666665,28.183333333333334,1,5.1764362714980825,70.66250196097344,21,2,2,-0.7071067811865477,0.7071067811865474,0.9749279121818236,-0.2225209339563143,0.8660254037844386,0.5000000000000001,0.0,0.0,15.625,11.3,18.7,57.0,76.0,-3.3,3.7879534,0.0,0.4,19.23333331,27.85,27.85,28.3,28.35,28.95,-15.092296270000002,-0.0092592733333312,0.166666666666666,4.004,4.274666666666667,19.31358022777778,4.068444444444446,4.662428,4.6097975,4.6461196,4.6674495,4.7809086,0,1.0,1,0.75,-0.87,21.0,79.0
2023-02-08 21:15:00,129.10955766111,0.0,0.0,19.23333331,4.274666666666667,28.95,0,5.1764362714980825,70.66250196097344,21,2,2,-0.7071067811865477,0.7071067811865474,0.9749279121818236,-0.2225209339563143,0.8660254037844386,0.5000000000000001,0.0,0.0,8.6875,11.225,18.975,64.75,75.5,-3.375,3.769498,0.0,0.425,18.994444426666668,28.183333333333334,27.85,27.85,28.3,29.933333333333334,-14.958666643333332,-0.0296296266666686,0.104,4.1706666666666665,4.557333333333333,19.25617281888889,4.149777777777779,4.7809086,4.662428,4.6097975,4.6461196,4.874154,1,2.0,1,0.5,-0.87,21.1,78.9
2023-02-08 21:30:00,238.51990332222,105.094684944444,105.17607062222,18.994444426666668,4.557333333333333,29.933333333333334,2,5.1764362714980825,70.66250196097344,21,2,2,-0.7071067811865477,0.7071067811865474,0.9749279121818236,-0.2225209339563143,0.8660254037844386,0.5000000000000001,0.0,0.0,3.8958333333333335,11.15,19.25,72.5,75.0,-3.45,3.7509658,0.0,0.45,19.10000001,28.95,28.183333333333334,27.85,27.85,30.0,-14.437111093333336,-0.2388888833333311,0.2826666666666666,4.274666666666667,4.799333333333334,19.16358022444445,4.334222222222223,4.874154,4.7809086,4.662428,4.6097975,4.915526,0,1.0,1,0.75,-0.92,23.0,77.0
2023-02-08 21:45:00,175.633252105558,40.531712,40.606709,19.10000001,4.799333333333334,30.0,1,5.1764362714980825,70.66250196097344,21,2,2,-0.7071067811865477,0.7071067811865474,0.9749279121818236,-0.2225209339563143,0.8660254037844386,0.5000000000000001,0.0,0.0,1.25,11.075,19.525,80.25,74.5,-3.525,3.7323587,0.0,0.475,19.08518519,29.933333333333334,28.95,28.183333333333334,27.85,30.0,-14.300666676666664,0.1055555833333308,0.2420000000000008,4.557333333333333,4.775333333333333,19.10925924888889,4.54377777777778,4.915526,4.874154,4.7809086,4.662428,4.9112344,0,1.0,1,0.75,-0.9,22.0,78.0
2023-02-08 22:00:00,145.84222157778,0.0,0.0,19.08518519,4.775333333333333,30.0,0,5.1764362714980825,70.66250196097344,22,2,2,-0.5000000000000004,0.8660254037844384,0.9749279121818236,-0.2225209339563143,0.8660254037844386,0.5000000000000001,0.0,0.0,0.75,11.0,19.8,88.0,74.0,-3.6,3.7136755,0.0,0.5,18.81666667,30.0,29.933333333333334,28.95,28.183333333333334,30.05,-14.309851856666668,-0.014814819999998,-0.0240000000000009,4.799333333333334,4.696,19.059876542222224,4.710666666666668,4.9112344,4.915526,4.874154,4.7809086,4.8420415,1,2.0,1,0.5,-0.9,22.1,77.9
2023-02-08 22:15:00,168.220215388888,23.1499073,23.219626777776,18.81666667,4.696,30.05,1,5.1764362714980825,70.66250196097344,22,2,2,-0.5000000000000004,0.8660254037844384,0.9749279121818236,-0.2225209339563143,0.8660254037844386,0.5000000000000001,0.0,0.0,0.375,9.95,19.625,88.25,75.25,-3.625,3.7184973,0.0,0.275,18.714814843333333,30.0,30.0,29.933333333333334,28.95,30.466666666666665,-14.12066667,-0.2685185200000006,-0.0793333333333334,4.775333333333333,4.244666666666666,19.000617290000005,4.7568888888888905,4.8420415,4.9112344,4.915526,4.874154,4.879706,0,1.0,1,0.75,-0.96,24.6,75.4
2023-02-08 22:30:00,237.002186266664,98.787992755556,98.867434077776,18.714814843333333,4.244666666666666,30.466666666666665,2,5.1764362714980825,70.66250196097344,22,2,2,-0.5000000000000004,0.8660254037844384,0.9749279121818236,-0.2225209339563143,0.8660254037844386,0.5000000000000001,0.0,0.0,0.125,8.9,19.450000000000003,88.5,76.5,-3.65,3.7221892,0.0,0.0499999999999999,18.89444442,30.05,30.0,30.0,29.933333333333334,30.45,-14.470148176666664,-0.1018518266666674,-0.4513333333333333,4.696,3.497333333333333,18.872222234444447,4.572000000000002,4.879706,4.8420415,4.9112344,4.915526,4.9290953,0,1.0,1,0.75,-0.98,25.4,74.6
2023-02-08 22:45:00,202.42995814444,57.286319572222,57.359927811108,18.89444442,3.497333333333333,30.45,1,5.1764362714980825,70.66250196097344,22,2,2,-0.5000000000000004,0.8660254037844384,0.9749279121818236,-0.2225209339563143,0.8660254037844386,0.5000000000000001,0.0,0.0,0.0,7.85,19.275,88.75,77.75,-3.675,3.7247798,0.0,-0.1749999999999999,18.88333331333333,30.466666666666665,30.05,30.0,30.0,30.03333333333333,-15.397111086666666,0.1796295766666666,-0.7473333333333332,4.244666666666666,2.857333333333333,18.80864197777778,4.146000000000002,4.9290953,4.879706,4.8420415,4.9112344,4.858457,0,1.0,1,0.75,-0.94,23.8,76.2
2023-02-08 23:00:00,162.740156766668,0.0,0.0,18.88333331333333,2.857333333333333,30.03333333333333,0,5.1764362714980825,70.66250196097344,23,2,2,-0.2588190451025215,0.965925826289068,0.9749279121818236,-0.2225209339563143,0.8660254037844386,0.5000000000000001,0.0,0.0,0.0,6.8,19.1,89.0,79.0,-3.7,3.7262995,0.0,-0.4,18.70000003,30.45,30.466666666666665,30.05,30.0,30.0,-16.025999979999998,-0.011111106666668,-0.6399999999999997,3.497333333333333,3.285333333333333,18.830864192222226,3.5331111111111126,4.858457,4.9290953,4.879706,4.8420415,4.800752,1,1.0,1,0.75,-0.95,23.9,76.1
2023-02-08 23:15:00,223.079132077776,77.149413883334,77.2235776,18.70000003,3.285333333333333,30.0,2,5.1764362714980825,70.66250196097344,23,2,2,-0.2588190451025215,0.965925826289068,0.9749279121818236,-0.2225209339563143,0.8660254037844386,0.5000000000000001,0.0,0.0,0.0,5.725,16.925,75.75,80.25,-3.8,3.7010376,0.0,-0.725,18.78888891,30.03333333333333,30.45,30.466666666666665,30.05,29.816666666666663,-15.414666696666668,-0.1833332833333294,0.4279999999999999,2.857333333333333,3.0686666666666667,18.82592592111111,3.2133333333333347,4.800752,4.858457,4.9290953,4.879706,4.796562,0,1.0,1,0.75,-0.99,25.7,74.3
2023-02-08 23:30:00,252.064083816662,113.197694127778,113.276302149998,18.78888891,3.0686666666666667,29.816666666666663,2,5.1764362714980825,70.66250196097344,23,2,2,-0.2588190451025215,0.965925826289068,0.9749279121818236,-0.2225209339563143,0.8660254037844386,0.5000000000000001,0.0,0.0,0.0,4.65,14.75,62.5,81.5,-3.9,3.6748269,0.0,-1.0499999999999998,19.05555555,30.0,30.03333333333333,30.45,30.466666666666665,29.15,-15.720222243333334,0.0888888799999989,-0.2166666666666667,3.285333333333333,2.4486666666666665,18.790740751111112,3.070444444444446,4.796562,4.800752,4.858457,4.9290953,4.763749,0,1.0,0,0.75,-0.97,24.9,75.1
2023-02-08 23:45:00,147.4082701,0.0,0.0,19.05555555,2.4486666666666665,29.15,0,5.1764362714980825,70.66250196097344,23,2,2,-0.2588190451025215,0.965925826289068,0.9749279121818236,-0.2225209339563143,0.8660254037844386,0.5000000000000001,0.0,0.0,0.0,3.575,12.575,49.25,82.75,-4.0,3.6477163,0.0,-1.375,18.883333326666666,29.816666666666663,30.0,30.03333333333333,30.45,29.0,-16.606888883333333,0.2666666400000004,-0.6200000000000001,3.0686666666666667,1.4946666666666666,18.848148163333335,2.9342222222222234,4.763749,4.796562,4.800752,4.858457,4.691296,1,2.0,1,0.5,-0.91,22.6,77.4
2023-02-09 00:00:00,242.58474072222,107.964292355556,108.044844716666,18.883333326666666,1.4946666666666666,29.0,2,5.1764362714980825,70.66250196097344,0,3,2,0.0,1.0,0.4338837391175582,-0.900968867902419,0.8660254037844386,0.5000000000000001,0.0,0.0,0.0,2.5,10.4,36.0,84.0,-4.1,3.6197531,0.0,-1.7,18.98888891,29.15,29.816666666666663,30.0,30.03333333333333,28.9,-17.38866666,-0.1722222233333354,-0.954,2.4486666666666665,1.5306666666666666,18.909259262222225,2.337333333333335,4.691296,4.763749,4.796562,4.800752,4.7043505,0,1.0,1,0.75,-0.95,24.2,75.8
2023-02-09 00:15:00,200.628085738886,52.599284811112,52.671504188888,18.98888891,1.5306666666666666,28.9,1,5.1764362714980825,70.66250196097344,0,3,2,0.0,1.0,0.4338837391175582,-0.900968867902419,0.8660254037844386,0.5000000000000001,0.0,0.0,0.0,3.0,9.95,52.0,85.0,-4.15,3.605629,0.0,-1.925,18.97407409,29.0,29.15,29.816666666666663,30.0,28.25,-17.458222243333335,0.1055555833333343,0.036,1.4946666666666666,0.8253333333333334,18.975925928888888,1.824666666666668,4.7043505,4.691296,4.763749,4.796562,4.594524,0,1.0,1,0.75,-0.93,23.2,76.8
2023-02-09 00:30:00,499.546406227778,44.203231783334,44.274895633332,18.97407409,0.8253333333333334,28.25,1,5.1764362714980825,70.66250196097344,0,3,2,0.0,1.0,0.4338837391175582,-0.900968867902419,0.8660254037844386,0.5000000000000001,0.0,0.0,0.0,3.5,9.5,68.0,86.0,-4.199999999999999,3.590954,0.0,-2.15,18.86666664,28.9,29.0,29.15,29.816666666666663,28.8,-18.148740756666665,-0.0148148200000015,-0.7053333333333333,1.5306666666666666,0.3786666666666666,18.948765442222225,1.2835555555555571,4.594524,4.7043505,4.691296,4.763749,4.6543574,0,1.0,0,0.75,-0.94,23.5,76.5
2023-02-09 00:45:00,229.751642949998,127.968214383334,128.019879,18.86666664,0.3786666666666666,28.8,2,5.1764362714980825,70.66250196097344,0,3,2,0.0,1.0,0.4338837391175582,-0.900968867902419,0.8660254037844386,0.5000000000000001,0.0,0.0,0.0,4.0,9.05,84.0,87.0,-4.25,3.5757465,0.0,-2.375,19.124074086666667,28.25,28.9,29.0,29.15,28.35,-18.48799997333333,-0.1074074499999966,-0.4466666666666667,0.8253333333333334,-0.004,18.94320988,0.911555555555557,4.6543574,4.594524,4.7043505,4.691296,4.651771,0,0.0,1,1.0,-0.96,24.4,75.6
2023-02-09 01:00:00,81.115921883334,0.0,0.0,19.124074086666667,-0.004,28.35,0,5.1764362714980825,70.66250196097344,1,3,2,0.2588190451025207,0.9659258262890684,0.4338837391175582,-0.900968867902419,0.8660254037844386,0.5000000000000001,0.0,0.0,0.0,4.5,8.6,100.0,88.0,-4.3,3.560026,0.0,-2.6,18.97222223,28.8,28.25,28.9,29.0,28.05,-19.12807408666667,0.2574074466666651,-0.3826666666666666,0.3786666666666666,0.2873333333333334,18.98827160555556,0.4000000000000014,4.651771,4.6543574,4.594524,4.7043505,4.5614967,1,1.0,1,0.75,-0.9,22.1,77.9
2023-02-09 01:15:00,189.350481327774,120.169915244444,120.191025566664,18.97222223,0.2873333333333334,28.05,2,5.1764362714980825,70.66250196097344,1,3,2,0.2588190451025207,0.9659258262890684,0.4338837391175582,-0.900968867902419,0.8660254037844386,0.5000000000000001,0.0,0.0,0.0,5.075,9.25,100.0,88.75,-4.4,3.533854,0.0,-2.825,19.12592596,28.35,28.8,28.25,28.9,28.1,-18.684888896666667,-0.1518518566666671,0.2913333333333334,-0.004,0.3946666666666666,18.98765431888889,0.2206666666666681,4.5614967,4.651771,4.6543574,4.594524,4.6112547,0,1.0,1,0.75,-0.94,23.6,76.4
2023-02-09 01:30:00,130.880875738886,55.031409772222,55.045020394442,19.12592596,0.3946666666666666,28.1,1,5.1764362714980825,70.66250196097344,1,3,2,0.2588190451025207,0.9659258262890684,0.4338837391175582,-0.900968867902419,0.8660254037844386,0.5000000000000001,0.0,0.0,0.0,5.65,9.9,100.0,89.5,-4.5,3.507516,0.0,-3.0500000000000003,19.12222224,28.05,28.35,28.8,28.25,27.7,-18.73125929333333,0.1537037300000001,0.1073333333333332,0.2873333333333334,0.352,19.074074092222222,0.2260000000000015,4.6112547,4.5614967,4.651771,4.6543574,4.544621,0,1.0,1,0.75,-0.9,22.2,77.8
2023-02-09 01:45:00,115.157893516666,45.861498783334,45.873720577776,19.12222224,0.352,27.7,1,5.1764362714980825,70.66250196097344,1,3,2,0.2588190451025207,0.9659258262890684,0.4338837391175582,-0.900968867902419,0.8660254037844386,0.5000000000000001,0.0,0.0,0.0,6.225,10.55,100.0,90.25,-4.6,3.4810236,0.0,-3.275,18.962962986666664,28.1,28.05,28.35,28.8,27.98333333333333,-18.77022224,-0.0037037200000007,-0.0426666666666666,0.3946666666666666,0.098,19.07345681,0.3446666666666682,4.544621,4.6112547,4.5614967,4.651771,4.54817,0,1.0,0,0.75,-0.9,22.3,77.7
2023-02-09 02:00:00,199.06648143889,125.996904355556,126.01607023889,18.962962986666664,0.098,27.98333333333333,2,5.1764362714980825,70.66250196097344,2,3,2,0.4999999999999999,0.8660254037844387,0.4338837391175582,-0.900968867902419,0.8660254037844386,0.5000000000000001,0.0,0.0,0.0,6.8,11.2,100.0,91.0,-4.7,3.4543872,0.0,-3.5,19.15,27.7,28.1,28.05,28.35,27.6,-18.864962986666665,-0.1592592533333352,-0.254,0.352,-0.0973333333333333,19.070370395555557,0.281555555555557,4.54817,4.544621,4.6112547,4.5614967,4.535635,0,0.0,1,1.0,-0.94,23.7,76.3
2023-02-09 02:15:00,65.514045983334,0.0,0.0,19.15,-0.0973333333333333,27.6,0,5.1764362714980825,70.66250196097344,2,3,2,0.4999999999999999,0.8660254037844387,0.4338837391175582,-0.900968867902419,0.8660254037844386,0.5000000000000001,0.0,0.0,0.0,7.225,11.725,99.75,90.0,-4.7,3.4529767,0.0,-3.35,18.95370369,27.98333333333333,27.7,28.1,28.05,27.216666666666665,-19.247333333333334,0.1870370133333345,-0.1953333333333333,0.098,0.1046666666666666,19.078395075555555,0.117555555555557,4.535635,4.54817,4.544621,4.6112547,4.4211435,1,1.0,1,0.75,-0.9,22.1,77.9
2023-02-09 02:30:00,174.669957305558,112.06996143889,112.089405094446,18.95370369,0.1046666666666666,27.216666666666665,2,5.1764362714980825,70.66250196097344,2,3,2,0.4999999999999999,0.8660254037844387,0.4338837391175582,-0.900968867902419,0.8660254037844386,0.5000000000000001,0.0,0.0,0.0,7.65,12.25,99.5,89.0,-4.7,3.4510949,0.0,-3.2,19.03333332,27.6,27.98333333333333,27.7,28.1,27.45,-18.84903702333333,-0.1962963099999974,0.202,-0.0973333333333333,0.164,19.02222222555556,0.0351111111111126,4.4211435,4.535635,4.54817,4.544621,4.480054,0,1.0,1,0.75,-0.95,23.9,76.1
2023-02-09 02:45:00,159.513619133336,72.48293386666799,72.497655511112,19.03333332,0.164,27.45,2,5.1764362714980825,70.66250196097344,2,3,2,0.4999999999999999,0.8660254037844387,0.4338837391175582,-0.900968867902419,0.8660254037844386,0.5000000000000001,0.0,0.0,0.0,8.075,12.775,99.25,88.0,-4.7,3.4487307,0.0,-3.05,19.08148148333333,27.216666666666665,27.6,27.98333333333333,27.7,27.03333333333333,-18.86933332,0.0796296299999994,0.0593333333333333,0.1046666666666666,0.5226666666666666,19.045679003333333,0.0571111111111125,4.480054,4.4211435,4.535635,4.54817,4.424601,0,1.0,0,0.75,-0.93,23.1,76.9
2023-02-09 03:00:00,107.588196333332,38.865945316666,38.878167044444,19.08148148333333,0.5226666666666666,27.03333333333333,1,5.1764362714980825,70.66250196097344,3,3,2,0.7071067811865476,0.7071067811865476,0.4338837391175582,-0.900968867902419,0.8660254037844386,0.5000000000000001,0.0,0.0,0.0,8.5,13.3,99.0,87.0,-4.7,3.4458764,0.0,-2.9,18.93888888,27.45,27.216666666666665,27.6,27.98333333333333,27.3,-18.55881481666667,0.0481481633333338,0.3586666666666666,0.164,0.6046666666666667,19.02283949777778,0.2637777777777792,4.424601,4.480054,4.4211435,4.535635,4.4308033,0,1.0,1,0.75,-0.92,22.8,77.2
2023-02-09 03:15:00,204.634592188884,143.38620880555402,143.410930066664,18.93888888,0.6046666666666667,27.3,2,5.1764362714980825,70.66250196097344,3,3,2,0.7071067811865476,0.7071067811865476,0.4338837391175582,-0.900968867902419,0.8660254037844386,0.5000000000000001,0.0,0.0,0.0,7.975,13.475,99.25,86.25,-4.75,3.440373,0.0,-2.8,19.19999998,27.03333333333333,27.45,27.216666666666665,27.6,26.85,-18.334222213333334,-0.142592603333334,0.082,0.5226666666666666,0.0966666666666666,19.01790122777778,0.4304444444444459,4.4308033,4.424601,4.480054,4.4211435,4.4254065,0,0.0,1,1.0,-0.95,24.0,76.0
2023-02-09 03:30:00,76.18778576666399,0.0,0.0,19.19999998,0.0966666666666666,26.85,0,5.1764362714980825,70.66250196097344,3,3,2,0.7071067811865476,0.7071067811865476,0.4338837391175582,-0.900968867902419,0.8660254037844386,0.5000000000000001,0.0,0.0,0.0,7.45,13.65,99.5,85.5,-4.800000000000001,3.4345982,0.0,-2.7,18.99444444,27.3,27.03333333333333,27.45,27.216666666666665,26.85,-19.10333331333333,0.2611110999999972,-0.508,0.6046666666666667,0.0893333333333333,19.07345678111112,0.4080000000000015,4.4254065,4.4308033,4.424601,4.480054,4.372084,1,1.0,1,0.75,-0.89,21.8,78.2
2023-02-09 03:45:00,169.030460877772,108.051233311112,108.071788072222,18.99444444,0.0893333333333333,26.85,2,5.1764362714980825,70.66250196097344,3,3,2,0.7071067811865476,0.7071067811865476,0.4338837391175582,-0.900968867902419,0.8660254037844386,0.5000000000000001,0.0,0.0,0.0,6.925000000000001,13.825,99.75,84.75,-4.8500000000000005,3.4285476,0.0,-2.6,19.04259256,26.85,27.3,27.03333333333333,27.45,27.0,-18.905111106666663,-0.2055555399999988,-0.0073333333333333,0.0966666666666666,-0.1706666666666666,19.044444433333336,0.263555555555557,4.372084,4.4254065,4.4308033,4.424601,4.4090185,0,1.0,1,0.75,-0.94,23.6,76.4
2023-02-09 04:00:00,151.564770516666,74.572017033332,74.58673866111,19.04259256,-0.1706666666666666,27.0,2,5.1764362714980825,70.66250196097344,4,3,2,0.8660254037844386,0.5000000000000001,0.4338837391175582,-0.900968867902419,0.8660254037844386,0.5000000000000001,0.0,0.0,0.0,6.4,14.0,100.0,84.0,-4.9,3.4222195,0.0,-2.5,19.116666650000003,26.85,26.85,27.3,27.03333333333333,26.7,-19.213259226666665,0.0481481200000004,-0.26,0.0893333333333333,-0.1093333333333333,19.079012326666668,0.0051111111111125,4.4090185,4.372084,4.4254065,4.4308033,4.379121,0,1.0,0,0.75,-0.93,23.1,76.9
2023-02-09 04:15:00,112.497722177776,32.085938711112,32.096771627778,19.116666650000003,-0.1093333333333333,26.7,1,5.1764362714980825,70.66250196097344,4,3,2,0.8660254037844386,0.5000000000000001,0.4338837391175582,-0.900968867902419,0.8660254037844386,0.5000000000000001,0.0,0.0,0.0,6.65,13.3,100.0,83.25,-4.9750000000000005,3.397637,0.0,-2.475,18.892592556666667,27.0,26.85,26.85,27.3,26.966666666666665,-19.22599998333333,0.0740740900000034,0.0613333333333333,-0.1706666666666666,0.1913333333333333,19.05123455,-0.063555555555554,4.379121,4.4090185,4.372084,4.4254065,4.3647532,0,1.0,1,0.75,-0.91,22.5,77.5
2023-02-09 04:30:00,202.048306777772,141.341568344444,141.366289588888,18.892592556666667,0.1913333333333333,26.966666666666665,2,5.1764362714980825,70.66250196097344,4,3,2,0.8660254037844386,0.5000000000000001,0.4338837391175582,-0.900968867902419,0.8660254037844386,0.5000000000000001,0.0,0.0,0.0,6.9,12.6,100.0,82.5,-5.050000000000001,3.3729556,0.0,-2.45,19.16111111,26.7,27.0,26.85,26.85,26.65,-18.70125922333333,-0.2240740933333356,0.3006666666666666,-0.1093333333333333,0.33,19.017283922222223,-0.029555555555554,4.3647532,4.379121,4.4090185,4.372084,4.3823876,0,0.0,1,1.0,-0.96,24.5,75.5
2023-02-09 04:45:00,81.48118512222,21.013326116666,21.026103405554,19.16111111,0.33,26.65,1,5.1764362714980825,70.66250196097344,4,3,2,0.8660254037844386,0.5000000000000001,0.4338837391175582,-0.900968867902419,0.8660254037844386,0.5000000000000001,0.0,0.0,0.0,7.15,11.9,100.0,81.75,-5.125,3.348175,0.0,-2.425,19.04074074,26.966666666666665,26.7,27.0,26.85,26.683333333333334,-18.83111111,0.2685185533333332,0.1386666666666667,0.1913333333333333,0.3706666666666667,19.05679010555556,0.1373333333333348,4.3823876,4.3647532,4.379121,4.4090185,4.3568316,0,0.0,1,1.0,-0.9,22.2,77.8
2023-02-09 05:00:00,155.266566905554,84.597727055556,84.61467086111,19.04074074,0.3706666666666667,26.683333333333334,2,5.1764362714980825,70.66250196097344,5,3,2,0.9659258262890684,0.2588190451025207,0.4338837391175582,-0.900968867902419,0.8660254037844386,0.5000000000000001,0.0,0.0,0.0,7.4,11.2,100.0,81.0,-5.2,3.3232968,0.0,-2.4,19.0166667,26.65,26.966666666666665,26.7,27.0,26.95,-18.67007407333333,-0.1203703699999998,0.0406666666666666,0.33,0.5533333333333333,19.03148146888889,0.2973333333333348,4.3568316,4.3823876,4.3647532,4.379121,4.394127,0,0.0,1,1.0,-0.93,23.2,76.8
2023-02-09 05:15:00,153.949397211116,79.882915655556,79.89930386666799,19.0166667,0.5533333333333333,26.95,2,5.1764362714980825,70.66250196097344,5,3,2,0.9659258262890684,0.2588190451025207,0.4338837391175582,-0.900968867902419,0.8660254037844386,0.5000000000000001,0.0,0.0,0.0,7.5,11.9,100.0,79.5,-5.175,3.3312104,0.0,-2.1,19.07777778333333,26.683333333333334,26.65,26.966666666666665,26.7,26.53333333333333,-18.463333366666664,-0.0240740400000021,0.1826666666666666,0.3706666666666667,0.822,19.072839516666665,0.4180000000000015,4.394127,4.3568316,4.3823876,4.3647532,4.3418155,0,0.0,0,1.0,-0.93,23.4,76.6
2023-02-09 05:30:00,83.17611728888801,26.618935183334003,26.631712455556,19.07777778333333,0.822,26.53333333333333,1,5.1764362714980825,70.66250196097344,5,3,2,0.9659258262890684,0.2588190451025207,0.4338837391175582,-0.900968867902419,0.8660254037844386,0.5000000000000001,0.0,0.0,0.0,7.6,12.6,100.0,78.0,-5.15,3.337774,0.0,-1.7999999999999998,18.888888855,26.95,26.683333333333334,26.65,26.966666666666665,26.825,-18.255777783333333,0.0611110833333334,0.2686666666666666,0.5533333333333333,1.098,19.045061741111112,0.5820000000000015,4.3418155,4.394127,4.3568316,4.3823876,4.3408737,0,0.0,1,1.0,-0.92,22.9,77.1
2023-02-09 05:45:00,183.143785055556,133.702707244444,133.727150733332,18.888888855,1.098,26.825,2,5.1764362714980825,70.66250196097344,5,3,2,0.9659258262890684,0.2588190451025207,0.4338837391175582,-0.900968867902419,0.8660254037844386,0.5000000000000001,0.0,0.0,0.0,7.7,13.3,100.0,76.5,-5.125,3.3429353,0.0,-1.5,19.122222225,26.53333333333333,26.95,26.683333333333334,26.65,26.675,-17.790888855000002,-0.1888889283333306,0.2760000000000001,0.822,1.278,18.99444444611111,0.824444444444446,4.3408737,4.3418155,4.394127,4.3568316,4.3764534,0,0.0,1,1.0,-0.96,24.6,75.4
2023-02-09 06:00:00,110.285588416666,70.279410944444,70.296076911112,19.122222225,1.278,26.675,1,5.1764362714980825,70.66250196097344,6,3,2,1.0,6.123233995736766e-17,0.4338837391175582,-0.900968867902419,0.8660254037844386,0.5000000000000001,0.0,0.0,0.0,7.8,14.0,100.0,75.0,-5.1,3.346638,0.0,-1.2,19.07222223,26.825,26.53333333333333,26.95,26.683333333333334,26.55,-17.844222225,0.2333333699999968,0.1799999999999999,1.098,1.3606666666666667,19.029629621111116,1.0660000000000016,4.3764534,4.3408737,4.3418155,4.394127,4.3431187,0,0.0,1,1.0,-0.91,22.5,77.5
2023-02-09 06:15:00,111.509428461106,72.196000927778,72.21433356111,19.07222223,1.3606666666666667,26.55,2,5.1764362714980825,70.66250196097344,6,3,2,1.0,6.123233995736766e-17,0.4338837391175582,-0.900968867902419,0.8660254037844386,0.5000000000000001,0.0,0.0,0.0,7.95,13.825,100.0,73.75,-5.05,3.3543887,0.0,-0.925,18.998148166666667,26.675,26.825,26.53333333333333,26.95,26.966666666666665,-17.711555563333334,-0.0499999949999967,0.0826666666666666,1.278,1.5586666666666669,19.02777777,1.245555555555557,4.3431187,4.3764534,4.3408737,4.3418155,4.3920417,0,0.0,1,1.0,-0.92,23.0,77.0
2023-02-09 06:30:00,166.597224777776,106.6390676,106.6590668,18.998148166666667,1.5586666666666669,26.966666666666665,2,5.1764362714980825,70.66250196097344,6,3,2,1.0,6.123233995736766e-17,0.4338837391175582,-0.900968867902419,0.8660254037844386,0.5000000000000001,0.0,0.0,0.0,8.1,13.65,100.0,72.5,-5.0,3.3610418,0.0,-0.65,19.13888892,26.55,26.675,26.825,26.53333333333333,26.65,-17.4394815,-0.0740740633333345,0.1980000000000001,1.3606666666666667,1.6146666666666667,19.064197540555558,1.3991111111111127,4.3920417,4.3431187,4.3764534,4.3408737,4.3766503,0,0.0,0,1.0,-0.94,23.5,76.5
2023-02-09 06:45:00,75.541422772218,20.460848216666,20.473347749998,19.13888892,1.6146666666666667,26.65,1,5.1764362714980825,70.66250196097344,6,3,2,1.0,6.123233995736766e-17,0.4338837391175582,-0.900968867902419,0.8660254037844386,0.5000000000000001,0.0,0.0,0.0,8.25,13.475,100.0,71.25,-4.95,3.3665578,0.0,-0.3750000000000001,18.90740742,26.966666666666665,26.55,26.675,26.825,26.683333333333334,-17.52422225333333,0.1407407533333327,0.0559999999999998,1.5586666666666669,1.8813333333333333,19.06975310555556,1.511333333333335,4.3766503,4.3920417,4.3431187,4.3764534,4.3226748,0,0.0,1,1.0,-0.91,22.4,77.6
2023-02-09 07:00:00,165.108395416666,125.902185944444,125.926351644444,18.90740742,1.8813333333333333,26.683333333333334,2,5.1764362714980825,70.66250196097344,7,3,2,0.9659258262890684,-0.2588190451025206,0.4338837391175582,-0.900968867902419,0.8660254037844386,0.5000000000000001,0.0,0.0,0.0,8.4,13.3,100.0,70.0,-4.9,3.3708954,0.0,-0.1,19.1111111,26.65,26.966666666666665,26.55,26.675,26.65,-17.026074086666668,-0.2314814999999974,0.2666666666666666,1.6146666666666667,2.174,19.01481483555556,1.6848888888888904,4.3226748,4.3766503,4.3920417,4.3431187,4.3694873,0,0.0,1,1.0,-0.96,24.4,75.6
2023-02-09 07:15:00,85.41908318333,38.139307733332,38.15458492222,19.1111111,2.174,26.65,1,5.1764362714980825,70.66250196097344,7,3,2,0.9659258262890684,-0.2588190451025206,0.4338837391175582,-0.900968867902419,0.8660254037844386,0.5000000000000001,0.0,0.0,0.0,8.65,13.225,100.0,70.75,-4.675000000000001,3.4246745,0.0,-0.0249999999999999,19.016666646666668,26.683333333333334,26.65,26.966666666666665,26.55,26.683333333333334,-16.937111100000003,0.2037036800000002,0.2926666666666666,1.8813333333333333,2.526,19.05246914666667,1.8900000000000012,4.3694873,4.3226748,4.3766503,4.3920417,4.350647,0,0.0,1,1.0,-0.91,22.6,77.4
2023-02-09 07:30:00,114.545418,73.241792411112,73.259847272222,19.016666646666668,2.526,26.683333333333334,2,5.1764362714980825,70.66250196097344,7,3,2,0.9659258262890684,-0.2588190451025206,0.4338837391175582,-0.900968867902419,0.8660254037844386,0.5000000000000001,0.0,0.0,0.0,8.9,13.15,100.0,71.5,-4.45,3.4789093,0.0,0.05,18.9333333,26.65,26.683333333333334,26.65,26.966666666666665,27.0,-16.490666646666668,-0.0944444533333346,0.3520000000000003,2.174,2.5806666666666667,19.01172838888889,2.1937777777777794,4.350647,4.3694873,4.3226748,4.3766503,4.3806763,0,0.0,1,1.0,-0.93,23.4,76.6
2023-02-09 07:45:00,474.130756294442,90.7072049,90.729981805554,18.9333333,2.5806666666666667,27.0,2,5.1764362714980825,70.66250196097344,7,3,2,0.9659258262890684,-0.2588190451025206,0.4338837391175582,-0.900968867902419,0.8660254037844386,0.5000000000000001,0.0,0.0,0.0,9.15,13.075,100.0,72.25,-4.225,3.5336018,0.0,0.125,19.07037037,26.683333333333334,26.65,26.683333333333334,26.65,27.0,-16.352666633333335,-0.0833333466666665,0.0546666666666664,2.526,3.4213333333333336,19.020370348888893,2.42688888888889,4.3806763,4.350647,4.3694873,4.3226748,4.416249,0,0.0,0,1.0,-0.95,24.1,75.9
2023-02-09 08:00:00,82.346150488888,20.299465788888,20.312243044444,19.07037037,3.4213333333333336,27.0,1,5.1764362714980825,70.66250196097344,8,3,2,0.8660254037844387,-0.4999999999999998,0.4338837391175582,-0.900968867902419,0.8660254037844386,0.5000000000000001,0.0,0.0,0.0,9.4,13.0,100.0,73.0,-4.0,3.5887556,0.0,0.2,18.85,27.0,26.683333333333334,26.65,26.683333333333334,27.35,-15.649037036666666,0.1370370699999981,0.8406666666666669,2.5806666666666667,4.728666666666667,19.00679010555556,2.8426666666666685,4.416249,4.3806763,4.350647,4.3694873,4.4156723,0,0.0,1,1.0,-0.92,22.9,77.1
2023-02-09 08:15:00,156.10986635556,112.570219211112,112.592440555556,18.85,4.728666666666667,27.35,2,5.1764362714980825,70.66250196097344,8,3,2,0.8660254037844387,-0.4999999999999998,0.4338837391175582,-0.900968867902419,0.8660254037844386,0.5000000000000001,2.25,0.5625,0.1875,9.725,14.525,100.0,68.75,-4.075,3.5825856,0.0,1.05,19.04629631,27.0,27.0,26.683333333333334,26.65,27.683333333333334,-14.121333333333334,-0.2203703699999977,1.3073333333333337,3.4213333333333336,5.200666666666667,18.951234556666662,3.5768888888888903,4.4156723,4.416249,4.3806763,4.350647,4.521592,0,0.0,1,1.0,-0.97,24.8,75.2
2023-02-09 08:30:00,66.111244427774,26.794483727778,26.807816511112,19.04629631,5.200666666666667,27.683333333333334,1,5.1764362714980825,70.66250196097344,8,3,2,0.8660254037844387,-0.4999999999999998,0.4338837391175582,-0.900968867902419,0.8660254037844386,0.5000000000000001,4.5,1.6875,0.5625,10.05,16.05,100.0,64.5,-4.15,3.5612779,0.0,1.9,18.97222224,27.35,27.0,27.0,26.683333333333334,28.1,-13.845629643333332,0.1962963099999974,0.4719999999999995,4.728666666666667,4.943333333333333,18.988888893333336,4.450222222222224,4.521592,4.4156723,4.416249,4.3806763,4.5696282,0,0.0,1,1.0,-0.92,23.0,77.0
2023-02-09 08:45:00,252.892661588892,81.582292127778,81.607846688888,18.97222224,4.943333333333333,28.1,2,5.1764362714980825,70.66250196097344,8,3,2,0.8660254037844387,-0.4999999999999998,0.4338837391175582,-0.900968867902419,0.8660254037844386,0.5000000000000001,6.75,3.375,1.125,10.375,17.575000000000003,100.0,60.25,-4.225,3.5232785,0.0,2.7500000000000004,18.95000002333333,27.683333333333334,27.35,27.0,27.0,29.3,-14.028888906666667,-0.0740740699999982,-0.2573333333333334,5.200666666666667,4.796,18.95617285,4.957555555555557,4.5696282,4.521592,4.4156723,4.416249,4.758525,0,0.0,1,1.0,-0.94,23.5,76.5
2023-02-09 09:00:00,126.960754600004,31.967610127778,31.983998372222,18.95000002333333,4.796,29.3,1,5.1764362714980825,70.66250196097344,9,3,2,0.7071067811865476,-0.7071067811865475,0.4338837391175582,-0.900968867902419,0.8660254037844386,0.5000000000000001,9.0,5.625,1.875,10.7,19.1,100.0,56.0,-4.3,3.4669285,0.0,3.6,18.883333330000003,28.1,27.683333333333334,27.35,27.0,30.35,-14.154000023333335,-0.0222222166666661,-0.1473333333333331,4.943333333333333,4.668,18.989506191111115,4.980000000000001,4.758525,4.5696282,4.521592,4.4156723,4.909684,0,0.0,1,1.0,-0.94,23.5,76.5
2023-02-09 09:15:00,69.381668905562,15.854921344444,15.866309755556,18.883333330000003,4.668,30.35,1,5.1764362714980825,70.66250196097344,9,3,2,0.7071067811865476,-0.7071067811865475,0.4338837391175582,-0.900968867902419,0.8660254037844386,0.5000000000000001,10.25,7.625,2.7291666666666665,10.575,19.55,100.0,66.5,-2.975,3.9613538,0.25,3.0250000000000004,18.698148156666665,29.3,28.1,27.683333333333334,27.35,30.5,-14.215333330000004,-0.0666666933333317,-0.1280000000000001,4.796,4.551333333333333,18.93518519777778,4.802444444444446,4.909684,4.758525,4.5696282,4.521592,4.8802304,0,0.0,0,1.0,-0.95,23.9,76.1
2023-02-09 09:30:00,146.234983683334,101.377611433332,101.397610633332,18.698148156666665,4.551333333333333,30.5,2,5.1764362714980825,70.66250196097344,9,3,2,0.7071067811865476,-0.7071067811865475,0.4338837391175582,-0.900968867902419,0.8660254037844386,0.5000000000000001,11.5,9.375,3.6875,10.45,20.0,100.0,77.0,-1.65,4.4126267,0.5,2.45,18.82222222,30.35,29.3,28.1,27.683333333333334,30.55,-14.146814823333331,-0.1851851733333376,-0.1166666666666671,4.668,4.4673333333333325,18.84382717,4.67177777777778,4.8802304,4.909684,4.758525,4.5696282,4.9242244,0,0.0,1,1.0,-0.99,25.6,74.4
2023-02-09 09:45:00,47.969470011112,0.0,0.0,18.82222222,4.4673333333333325,30.55,0,5.1764362714980825,70.66250196097344,9,3,2,0.7071067811865476,-0.7071067811865475,0.4338837391175582,-0.900968867902419,0.8660254037844386,0.5000000000000001,12.75,10.875,4.75,10.325,20.45,100.0,87.5,-0.3250000000000002,4.8230066,0.75,1.875,18.692592576666662,30.5,30.35,29.3,28.1,30.966666666666665,-14.354888886666668,0.1240740633333352,-0.0840000000000005,4.551333333333333,4.563999999999999,18.80123456888889,4.562222222222224,4.9242244,4.8802304,4.909684,4.758525,4.953272,1,1.0,1,0.75,-0.96,24.4,75.6
2023-02-09 10:00:00,129.8823045,90.634985555556,90.655262511112,18.692592576666662,4.563999999999999,30.966666666666665,2,5.1764362714980825,70.66250196097344,10,3,2,0.4999999999999999,-0.8660254037844387,0.4338837391175582,-0.900968867902419,0.8660254037844386,0.5000000000000001,14.0,12.125,5.916666666666667,10.2,20.9,100.0,98.0,1.0,5.1946645,1.0,1.3,18.80555556,30.55,30.5,30.35,29.3,31.05,-14.128592576666666,-0.1296296433333346,0.0966666666666666,4.4673333333333325,4.711333333333333,18.73765431777778,4.527555555555556,4.953272,4.9242244,4.8802304,4.909684,4.99989,0,1.0,1,0.75,-0.99,25.5,74.5
2023-02-09 10:15:00,97.072783566668,40.667817655556,40.682261527778,18.80555556,4.711333333333333,31.05,1,5.1764362714980825,70.66250196097344,10,3,2,0.4999999999999999,-0.8660254037844387,0.4338837391175582,-0.900968867902419,0.8660254037844386,0.5000000000000001,15.5,13.4375,7.208333333333333,10.425,21.35,100.0,98.25,1.175,5.261396,1.325,1.45,18.807407426666668,30.966666666666665,30.55,30.5,30.35,31.466666666666665,-14.09422222666667,0.1129629833333361,0.1473333333333339,4.563999999999999,4.866,18.77345678555556,4.58088888888889,4.99989,4.953272,4.9242244,4.8802304,5.0675397,0,1.0,1,0.75,-0.96,24.5,75.5
2023-02-09 10:30:00,235.323364488888,44.968478972222,44.980700716666,18.807407426666668,4.866,31.466666666666665,1,5.1764362714980825,70.66250196097344,10,3,2,0.4999999999999999,-0.8660254037844387,0.4338837391175582,-0.900968867902419,0.8660254037844386,0.5000000000000001,17.0,14.8125,8.625,10.65,21.8,100.0,98.5,1.35,5.328883,1.65,1.6,18.69444447,31.05,30.966666666666665,30.55,30.5,32.3,-13.941407426666668,0.0018518666666658,0.1546666666666665,4.711333333333333,4.957333333333334,18.768518521111115,4.7137777777777785,5.0675397,4.99989,4.953272,4.9242244,5.1671114,0,1.0,0,0.75,-0.96,24.3,75.7
2023-02-09 10:45:00,1313.36996301667,126.003570772222,126.02884756111,18.69444447,4.957333333333334,32.3,2,5.1764362714980825,70.66250196097344,10,3,2,0.4999999999999999,-0.8660254037844387,0.4338837391175582,-0.900968867902419,0.8660254037844386,0.5000000000000001,18.5,16.25,10.166666666666666,10.875,22.25,100.0,98.75,1.525,5.3971305,1.975,1.75,18.925925886666665,31.466666666666665,31.05,30.966666666666665,30.55,33.61666666666667,-13.737111136666666,-0.1129629566666672,0.0913333333333339,4.866,5.200666666666667,18.769135818888888,4.84488888888889,5.1671114,5.0675397,4.99989,4.953272,5.4518266,0,0.0,1,1.0,-0.98,25.2,74.8
2023-02-09 11:00:00,518.757860038886,0.0,0.0,18.925925886666665,5.200666666666667,33.61666666666667,0,5.1764362714980825,70.66250196097344,11,3,2,0.258819045102521,-0.9659258262890682,0.4338837391175582,-0.900968867902419,0.8660254037844386,0.5000000000000001,20.0,17.75,11.833333333333334,11.1,22.7,100.0,99.0,1.7,5.466148,2.3,1.9,18.79444442,32.3,31.466666666666665,31.05,30.966666666666665,34.15,-13.725259219999998,0.2314814166666643,0.2433333333333331,4.957333333333334,5.494,18.809259261111112,5.008000000000002,5.4518266,5.1671114,5.0675397,4.99989,5.4954643,1,1.0,1,0.75,-0.92,22.8,77.2
2023-02-09 11:15:00,177.170690622224,85.362140927778,85.41547216111,18.79444442,5.494,34.15,2,5.1764362714980825,70.66250196097344,11,3,2,0.258819045102521,-0.9659258262890682,0.4338837391175582,-0.900968867902419,0.8660254037844386,0.5000000000000001,24.5,20.0,13.6875,10.575,22.875,100.0,99.0,1.7,5.4568877,2.4,1.875,18.875925953333333,33.61666666666667,32.3,31.466666666666665,31.05,35.583333333333336,-13.300444419999998,-0.131481466666667,0.293333333333333,5.200666666666667,5.882000000000001,18.80493825888889,5.217333333333335,5.4954643,5.4518266,5.1671114,5.0675397,5.7537565,0,1.0,1,0.75,-0.95,23.9,76.1
2023-02-09 11:30:00,135.196536405554,39.581194472222,39.631470244444,18.875925953333333,5.882000000000001,35.583333333333336,1,5.1764362714980825,70.66250196097344,11,3,2,0.258819045102521,-0.9659258262890682,0.4338837391175582,-0.900968867902419,0.8660254037844386,0.5000000000000001,29.0,23.0,15.729166666666666,10.05,23.05,100.0,99.0,1.7,5.4476414,2.5,1.85,18.883333330000003,34.15,33.61666666666667,32.3,31.466666666666665,36.35,-12.993925953333331,0.0814815333333349,0.3880000000000008,5.494,6.182,18.86543208666667,5.525555555555557,5.7537565,5.4954643,5.4518266,5.1671114,5.880297,0,1.0,1,0.75,-0.92,22.9,77.1
2023-02-09 11:45:00,122.14233644444,25.448426488888,25.497868994442,18.883333330000003,6.182,36.35,1,5.1764362714980825,70.66250196097344,11,3,2,0.258819045102521,-0.9659258262890682,0.4338837391175582,-0.900968867902419,0.8660254037844386,0.5000000000000001,33.5,26.75,17.958333333333332,9.525,23.225,100.0,99.0,1.7,5.4384093,2.6,1.825,18.738888893333336,35.583333333333336,34.15,33.61666666666667,32.3,36.68333333333333,-12.701333330000002,0.00740737666667,0.2999999999999998,5.882000000000001,6.38,18.85123456777778,5.852666666666669,5.880297,5.7537565,5.4954643,5.4518266,5.8837724,0,1.0,0,0.75,-0.91,22.6,77.4
2023-02-09 12:00:00,204.516263422224,117.626961383334,117.684181311112,18.738888893333336,6.38,36.68333333333333,2,5.1764362714980825,70.66250196097344,12,3,2,1.2246467991473532e-16,-1.0,0.4338837391175582,-0.900968867902419,0.8660254037844386,0.5000000000000001,38.0,31.25,20.375,9.0,23.4,100.0,99.0,1.7,5.4291906,2.7,1.8,19.00555554,36.35,35.583333333333336,34.15,33.61666666666667,36.6,-12.358888893333337,-0.1444444366666673,0.1979999999999995,6.182,6.37,18.83271605888889,6.148000000000002,5.8837724,5.880297,5.7537565,5.4954643,5.963623,0,0.0,1,1.0,-0.95,23.9,76.1
2023-02-09 12:15:00,86.86624756110601,0.0,0.0,19.00555554,6.37,36.6,0,5.1764362714980825,70.66250196097344,12,3,2,1.2246467991473532e-16,-1.0,0.4338837391175582,-0.900968867902419,0.8660254037844386,0.5000000000000001,35.0,33.875,22.4375,9.85,24.475,100.0,99.0,1.975,5.540724,2.95,2.1,18.94444445,36.68333333333333,36.35,35.583333333333336,34.15,36.03333333333333,-12.63555554,0.266666646666664,-0.0099999999999997,6.38,6.354666666666666,18.875925921111115,6.310666666666667,5.963623,5.8837724,5.880297,5.7537565,5.850147,1,1.0,1,0.75,-0.88,21.5,78.5
2023-02-09 12:30:00,253.551524233332,179.413100955556,179.470043194442,18.94444445,6.354666666666666,36.03333333333333,2,5.1764362714980825,70.66250196097344,12,3,2,1.2246467991473532e-16,-1.0,0.4338837391175582,-0.900968867902419,0.8660254037844386,0.5000000000000001,32.0,34.625,24.14583333333333,10.7,25.55,100.0,99.0,2.25,5.6542587,3.2,2.4,19.21666665,36.6,36.68333333333333,36.35,35.583333333333336,35.65,-12.589777783333332,-0.0611110900000007,-0.0153333333333343,6.37,6.65,18.896296294444447,6.368222222222223,5.850147,5.963623,5.8837724,5.880297,5.8815928,0,1.0,1,0.75,-0.9,22.2,77.8
2023-02-09 12:45:00,89.97334545555199,0.0,0.0,19.21666665,6.65,35.65,0,5.1764362714980825,70.66250196097344,12,3,2,1.2246467991473532e-16,-1.0,0.4338837391175582,-0.900968867902419,0.8660254037844386,0.5000000000000001,29.0,33.5,25.5,11.55,26.625,100.0,99.0,2.525,5.7698255,3.45,2.7,19.075925946666665,36.03333333333333,36.6,36.68333333333333,36.35,35.5,-12.566666649999997,0.2722221999999981,0.2953333333333345,6.354666666666666,6.87,19.055555546666668,6.458222222222223,5.8815928,5.850147,5.963623,5.8837724,5.808453,1,2.0,1,0.5,-0.84,19.9,80.1
2023-02-09 13:00:00,335.865731450002,34.4469554,34.485009394446,19.075925946666665,6.87,35.5,1,5.1764362714980825,70.66250196097344,13,3,2,-0.2588190451025208,-0.9659258262890684,0.4338837391175582,-0.900968867902419,0.8660254037844386,0.5000000000000001,26.0,30.5,26.5,12.4,27.7,100.0,99.0,2.8,5.887457,3.7,3.0,18.91666668,35.65,36.03333333333333,36.6,36.68333333333333,35.5,-12.205925946666664,-0.1407407033333321,0.2199999999999997,6.65,7.208,19.079012348888885,6.62488888888889,5.808453,5.8815928,5.850147,5.963623,5.754112,0,2.0,1,0.5,-0.87,21.1,78.9
2023-02-09 13:15:00,337.854263072222,98.614944111112,98.66244226111,18.91666668,7.208,35.5,2,5.1764362714980825,70.66250196097344,13,3,2,-0.2588190451025208,-0.9659258262890684,0.4338837391175582,-0.900968867902419,0.8660254037844386,0.5000000000000001,29.0,29.0,27.625,11.675,27.525,100.0,99.0,2.65,5.828381,3.1,2.85,19.107407443333333,35.5,35.65,36.03333333333333,36.6,35.5,-11.70866668,-0.1592592666666661,0.3380000000000001,6.87,7.223333333333334,19.069753092222225,6.909333333333335,5.754112,5.808453,5.8815928,5.850147,5.819247,0,1.0,1,0.75,-0.91,22.5,77.5
2023-02-09 13:30:00,80.05263111666599,0.0,0.0,19.107407443333333,7.223333333333334,35.5,0,5.1764362714980825,70.66250196097344,13,3,2,-0.2588190451025208,-0.9659258262890684,0.4338837391175582,-0.900968867902419,0.8660254037844386,0.5000000000000001,32.0,29.0,28.875,10.95,27.35,100.0,99.0,2.5,5.7698255,2.5,2.7,18.90555555,35.5,35.5,35.65,36.03333333333333,35.5,-11.88407411,0.1907407633333342,0.0153333333333334,7.208,6.688666666666666,19.033333356666667,7.100444444444446,5.819247,5.754112,5.808453,5.8815928,5.750337,1,2.0,1,0.5,-0.87,20.9,79.1
2023-02-09 13:45:00,157.028163055556,89.324760183334,89.370036155556,18.90555555,6.688666666666666,35.5,2,5.1764362714980825,70.66250196097344,13,3,2,-0.2588190451025208,-0.9659258262890684,0.4338837391175582,-0.900968867902419,0.8660254037844386,0.5000000000000001,35.0,30.5,30.25,10.225,27.175,100.0,99.0,2.35,5.7117853,1.9,2.55,18.98703705333333,35.5,35.5,35.5,35.65,35.5,-12.216888883333333,-0.2018518933333339,-0.5346666666666673,7.223333333333334,5.984,18.976543224444445,7.040000000000002,5.750337,5.819247,5.754112,5.808453,5.7780685,0,1.0,1,0.75,-0.91,22.6,77.4
2023-02-09 14:00:00,124.4725209,46.0031598,46.043158233332,18.98703705333333,5.984,35.5,1,5.1764362714980825,70.66250196097344,14,3,2,-0.4999999999999997,-0.8660254037844388,0.4338837391175582,-0.900968867902419,0.8660254037844386,0.5000000000000001,38.0,33.5,31.75,9.5,27.0,100.0,99.0,2.2,5.6542587,1.3,2.4,19.02777779,35.5,35.5,35.5,35.5,35.55,-13.003037053333331,0.0814815033333324,-0.7046666666666663,6.688666666666666,6.537333333333334,19.00000001555556,6.6320000000000014,5.7780685,5.750337,5.819247,5.754112,5.800135,0,1.0,1,0.75,-0.89,21.9,78.1
2023-02-09 14:15:00,124.040871483334,32.19565653889,32.233155055556,19.02777779,6.537333333333334,35.55,1,5.1764362714980825,70.66250196097344,14,3,2,-0.4999999999999997,-0.8660254037844388,0.4338837391175582,-0.900968867902419,0.8660254037844386,0.5000000000000001,51.0,39.0,33.958333333333336,9.7,24.65,100.0,99.0,2.7,5.848015,1.225,2.9,18.874074086666667,35.5,35.5,35.5,35.5,35.96666666666667,-12.490444456666667,0.0407407366666703,0.5533333333333337,5.984,6.402666666666666,18.973456797777786,6.403333333333335,5.800135,5.7780685,5.750337,5.819247,5.815104,0,1.0,0,0.75,-0.88,21.5,78.5
2023-02-09 14:30:00,172.060617283334,102.980047283334,103.025323272222,18.874074086666667,6.402666666666666,35.96666666666667,2,5.1764362714980825,70.66250196097344,14,3,2,-0.4999999999999997,-0.8660254037844388,0.4338837391175582,-0.900968867902419,0.8660254037844386,0.5000000000000001,64.0,47.0,36.875,9.9,22.3,100.0,99.0,3.2,6.047563,1.15,3.4000000000000004,19.09444446,35.55,35.5,35.5,35.5,36.0,-12.471407420000002,-0.1537037033333348,-0.1346666666666678,6.537333333333334,6.806,18.96296297666667,6.308000000000001,5.815104,5.800135,5.7780685,5.750337,5.8966994,0,0.0,1,1.0,-0.92,22.8,77.2
2023-02-09 14:45:00,72.861252083334,0.0,0.0,19.09444446,6.806,36.0,0,5.1764362714980825,70.66250196097344,14,3,2,-0.4999999999999997,-0.8660254037844388,0.4338837391175582,-0.900968867902419,0.8660254037844386,0.5000000000000001,77.0,57.5,40.5,10.1,19.950000000000003,100.0,99.0,3.7,6.253045,1.075,3.9,18.918518483333333,35.96666666666667,35.55,35.5,35.5,36.0,-12.288444459999996,0.2203703733333313,0.4033333333333342,6.402666666666666,6.905333333333333,18.99876544555556,6.582000000000001,5.8966994,5.815104,5.800135,5.7780685,5.8357935,1,1.0,1,0.75,-0.87,20.9,79.1
2023-02-09 15:00:00,169.21489771667,92.437413488888,92.482133933332,18.918518483333333,6.905333333333333,36.0,2,5.1764362714980825,70.66250196097344,15,3,2,-0.7071067811865471,-0.7071067811865479,0.4338837391175582,-0.900968867902419,0.8660254037844386,0.5000000000000001,90.0,70.5,44.833333333333336,10.3,17.6,100.0,99.0,4.2,6.464612,1.0,4.4,19.02222221,36.0,35.96666666666667,35.55,35.5,36.05,-12.01318515,-0.1759259766666652,0.099333333333333,6.806,7.086,18.96234567666667,6.704666666666668,5.8357935,5.8966994,5.815104,5.800135,5.879784,0,1.0,1,0.75,-0.91,22.4,77.6
2023-02-09 15:15:00,108.68509692222,34.418900955556005,34.45834386111,19.02222221,7.086,36.05,1,5.1764362714980825,70.66250196097344,15,3,2,-0.7071067811865471,-0.7071067811865479,0.4338837391175582,-0.900968867902419,0.8660254037844386,0.5000000000000001,75.75,76.6875,48.22916666666666,12.9,23.65,100.0,97.75,4.575,6.6308393,0.975,4.9750000000000005,18.97777779,36.0,36.0,35.96666666666667,35.55,36.46666666666667,-11.93622221,0.1037037266666658,0.1806666666666672,6.905333333333333,7.474666666666667,19.01172838444444,6.932444444444446,5.879784,5.8357935,5.8966994,5.815104,5.932163,0,1.0,1,0.75,-0.88,21.5,78.5
2023-02-09 15:30:00,118.318600449998,34.781386488888,34.818884988888,18.97777779,7.474666666666667,36.46666666666667,1,5.1764362714980825,70.66250196097344,15,3,2,-0.7071067811865471,-0.7071067811865479,0.4338837391175582,-0.900968867902419,0.8660254037844386,0.5000000000000001,61.5,76.0625,50.6875,15.5,29.7,100.0,96.5,4.95,6.7989974,0.95,5.550000000000001,18.9,36.05,36.0,36.0,35.96666666666667,36.5,-11.503111123333332,-0.0444444199999978,0.3886666666666665,7.086,7.634666666666666,18.972839494444447,7.155333333333335,5.932163,5.879784,5.8357935,5.8966994,5.9103785,0,1.0,0,0.75,-0.89,21.8,78.2
2023-02-09 15:45:00,174.390246327778,93.399319411112,93.444039855556,18.9,7.634666666666666,36.5,2,5.1764362714980825,70.66250196097344,15,3,2,-0.7071067811865471,-0.7071067811865479,0.4338837391175582,-0.900968867902419,0.8660254037844386,0.5000000000000001,47.25,68.625,52.208333333333336,18.1,35.75,100.0,95.25,5.325,6.968996,0.925,6.125,19.107407443333333,36.46666666666667,36.05,36.0,36.0,36.5,-11.265333333333333,-0.0777777900000025,0.1599999999999992,7.474666666666667,7.904,18.966666666666665,7.398444444444446,5.9103785,5.932163,5.879784,5.8357935,5.9831696,0,0.0,1,1.0,-0.91,22.5,77.5
2023-02-09 16:00:00,71.678799416666,0.0,0.0,19.107407443333333,7.904,36.5,0,5.1764362714980825,70.66250196097344,16,3,2,-0.8660254037844385,-0.5000000000000004,0.4338837391175582,-0.900968867902419,0.8660254037844386,0.5000000000000001,33.0,54.375,52.79166666666666,20.7,41.8,100.0,94.0,5.7,7.1407385,0.9,6.7,18.95000002,36.5,36.46666666666667,36.05,36.0,36.85,-11.203407443333331,0.2074074433333343,0.2693333333333338,7.634666666666666,8.159333333333333,18.995061744444445,7.671111111111112,5.9831696,5.9103785,5.932163,5.879784,5.9846973,1,1.0,1,0.75,-0.86,20.7,79.3
2023-02-09 16:15:00,162.454057177776,94.738432544444,94.783430744444,18.95000002,8.159333333333333,36.85,2,5.1764362714980825,70.66250196097344,16,3,2,-0.8660254037844385,-0.5000000000000004,0.4338837391175582,-0.900968867902419,0.8660254037844386,0.5000000000000001,30.75,43.125,52.9375,19.95,42.15,100.0,93.5,5.9,7.219285,0.7250000000000001,6.95,19.053703716666668,36.5,36.5,36.46666666666667,36.05,37.0,-10.790666686666668,-0.157407423333332,0.2553333333333327,7.904,8.385333333333334,18.98580248777778,7.899333333333334,5.9846973,5.9831696,5.9103785,5.932163,6.0459485,0,1.0,1,0.75,-0.9,21.9,78.1
2023-02-09 16:30:00,106.054368772222,23.829602294446,23.86598973889,19.053703716666668,8.385333333333334,37.0,1,5.1764362714980825,70.66250196097344,16,3,2,-0.8660254037844385,-0.5000000000000004,0.4338837391175582,-0.900968867902419,0.8660254037844386,0.5000000000000001,28.5,34.875,52.645833333333336,19.2,42.5,100.0,93.0,6.1,7.298242,0.55,7.2,19.03333334,36.85,36.5,36.5,36.46666666666667,37.35,-10.668370383333334,0.1037036966666669,0.2260000000000008,8.159333333333333,9.266666666666667,19.03703706,8.149555555555557,6.0459485,5.9846973,5.9831696,5.9103785,6.095811,0,1.0,1,0.75,-0.87,21.0,79.0
2023-02-09 16:45:00,114.914014438886,30.573221455556,30.612108833332,19.03333334,9.266666666666667,37.35,1,5.1764362714980825,70.66250196097344,16,3,2,-0.8660254037844385,-0.5000000000000004,0.4338837391175582,-0.900968867902419,0.8660254037844386,0.5000000000000001,26.25,29.625,51.91666666666666,18.45,42.85,100.0,92.5,6.3,7.377603,0.3750000000000001,7.45,18.94629627333333,37.0,36.85,36.5,36.5,37.5,-9.766666673333336,-0.0203703766666656,0.881333333333334,8.385333333333334,10.204666666666666,19.012345692222222,8.603777777777779,6.095811,6.0459485,5.9846973,5.9831696,6.0889325,0,1.0,0,0.75,-0.87,21.1,78.9
2023-02-09 17:00:00,171.748129766668,98.322178072222,98.367176255556,18.94629627333333,10.204666666666666,37.5,2,5.1764362714980825,70.66250196097344,17,3,2,-0.9659258262890684,-0.2588190451025206,0.4338837391175582,-0.900968867902419,0.8660254037844386,0.5000000000000001,24.0,27.375,50.75,17.7,43.2,100.0,92.0,6.5,7.4573627,0.2,7.7,19.17222221,37.35,37.0,36.85,36.5,37.85,-8.741629606666669,-0.0870370666666673,0.9379999999999988,9.266666666666667,10.332,19.01111111,9.285555555555556,6.0889325,6.095811,6.0459485,5.9846973,6.228218,0,0.0,1,1.0,-0.89,21.8,78.2
2023-02-09 17:15:00,81.976443111108,0.0,0.0,19.17222221,10.332,37.85,0,5.1764362714980825,70.66250196097344,17,3,2,-0.9659258262890684,-0.2588190451025206,0.4338837391175582,-0.900968867902419,0.8660254037844386,0.5000000000000001,20.5,24.8125,48.208333333333336,17.1,41.5,100.0,92.25,6.475,7.453499,0.175,7.65,19.005555583333333,37.5,37.35,37.0,36.85,38.18333333333333,-8.840222209999999,0.2259259366666626,0.1273333333333326,10.204666666666666,10.232666666666669,19.05061727444445,9.934444444444445,6.228218,6.0889325,6.095811,6.0459485,6.2216125,1,1.0,1,0.75,-0.84,19.9,80.1
2023-02-09 17:30:00,461.537093261114,65.115450827778,65.157949111112,19.005555583333333,10.232666666666669,38.18333333333333,1,5.1764362714980825,70.66250196097344,17,3,2,-0.9659258262890684,-0.2588190451025206,0.4338837391175582,-0.900968867902419,0.8660254037844386,0.5000000000000001,17.0,21.9375,44.29166666666666,16.5,39.8,100.0,92.5,6.45,7.4495716,0.15,7.6,19.02222225,37.85,37.5,37.35,37.0,38.2,-8.772888916666666,-0.1666666266666645,-0.0993333333333321,10.332,10.162,19.041358022222223,10.256444444444446,6.2216125,6.228218,6.0889325,6.095811,6.2304516,0,1.0,1,0.75,-0.88,21.2,78.8
2023-02-09 17:45:00,128.895954922228,58.597100472222,58.636543327778,19.02222225,10.162,38.2,1,5.1764362714980825,70.66250196097344,17,3,2,-0.9659258262890684,-0.2588190451025206,0.4338837391175582,-0.900968867902419,0.8660254037844386,0.5000000000000001,13.5,18.75,39.0,15.9,38.1,100.0,92.75,6.425000000000001,7.4455843,0.125,7.55,19.12962962,38.18333333333333,37.85,37.5,37.35,38.46666666666667,-8.860222250000001,0.0166666666666692,-0.0706666666666659,10.232666666666669,10.556,19.066666681111112,10.242222222222225,6.2304516,6.2216125,6.228218,6.0889325,6.313819,0,1.0,0,0.75,-0.87,21.0,79.0
2023-02-09 18:00:00,98.015523705554,0.0,0.0,19.12962962,10.556,38.46666666666667,0,5.1764362714980825,70.66250196097344,18,3,2,-1.0,-1.8369701987210294e-16,0.4338837391175582,-0.900968867902419,0.8660254037844386,0.5000000000000001,10.0,15.25,32.333333333333336,15.3,36.4,100.0,93.0,6.4,7.4415336,0.1,7.5,18.89999998,38.2,38.18333333333333,37.85,37.5,38.8,-8.573629619999998,0.1074073699999971,0.3940000000000001,10.162,10.827333333333334,19.05246915111111,10.316888888888892,6.313819,6.2304516,6.2216125,6.228218,6.2828126,1,2.0,1,0.5,-0.85,20.1,79.9
2023-02-09 18:15:00,161.326602361106,86.439320088888,86.482929527774,18.89999998,10.827333333333334,38.8,2,5.1764362714980825,70.66250196097344,18,3,2,-1.0,-1.8369701987210294e-16,0.4338837391175582,-0.900968867902419,0.8660254037844386,0.5000000000000001,7.75,12.0625,26.666666666666668,16.425,38.45,91.75,93.0,6.550000000000001,7.5140967,0.875,7.65,19.090740746666665,38.46666666666667,38.2,38.18333333333333,37.85,38.53333333333333,-8.072666646666667,-0.2296296399999988,0.2713333333333327,10.556,11.057333333333334,19.017283950000003,10.515111111111112,6.2828126,6.313819,6.2304516,6.2216125,6.3102746,0,1.0,1,0.75,-0.9,22.0,78.0
2023-02-09 18:30:00,106.24547226111,37.740990316666,37.779044394442,19.090740746666665,11.057333333333334,38.53333333333333,1,5.1764362714980825,70.66250196097344,18,3,2,-1.0,-1.8369701987210294e-16,0.4338837391175582,-0.900968867902419,0.8660254037844386,0.5000000000000001,5.5,9.1875,22.0,17.55,40.5,83.5,93.0,6.7,7.587277,1.65,7.8,19.14444444,38.8,38.46666666666667,38.2,38.18333333333333,38.85,-8.03340741333333,0.1907407666666642,0.2300000000000004,10.827333333333334,11.112,19.04012344888889,10.813555555555558,6.3102746,6.2828126,6.313819,6.2304516,6.382309,0,1.0,1,0.75,-0.85,20.4,79.6
2023-02-09 18:45:00,148.177128327774,37.708213844444,37.746823449998,19.14444444,11.112,38.85,1,5.1764362714980825,70.66250196097344,18,3,2,-1.0,-1.8369701987210294e-16,0.4338837391175582,-0.900968867902419,0.8660254037844386,0.5000000000000001,3.25,6.625,18.33333333333333,18.675,42.55,75.25,93.0,6.85,7.661077,2.4250000000000003,7.949999999999999,19.016666636666667,38.53333333333333,38.8,38.46666666666667,38.2,39.0,-8.032444439999997,0.0537036933333325,0.0546666666666659,11.057333333333334,11.130666666666666,19.045061722222226,10.99888888888889,6.382309,6.3102746,6.2828126,6.313819,6.3588467,0,1.0,0,0.75,-0.84,19.9,80.1
2023-02-09 19:00:00,173.511392716662,107.349316955556,107.366816288888,19.016666636666667,11.130666666666666,39.0,2,5.1764362714980825,70.66250196097344,19,3,2,-0.9659258262890684,0.2588190451025203,0.4338837391175582,-0.900968867902419,0.8660254037844386,0.5000000000000001,1.0,4.375,15.666666666666666,19.8,44.6,67.0,93.0,7.0,7.7355037,3.2,8.1,19.21111112,38.85,38.53333333333333,38.8,38.46666666666667,39.05,-7.88599997,-0.1277778033333305,0.0186666666666663,11.112,11.387333333333334,19.08395060777778,11.1,6.3588467,6.382309,6.3102746,6.2828126,6.4404206,0,0.0,1,1.0,-0.87,20.9,79.1
2023-02-09 19:15:00,79.698478649998,0.0,0.0,19.21111112,11.387333333333334,39.05,0,5.1764362714980825,70.66250196097344,19,3,2,-0.9659258262890684,0.2588190451025203,0.4338837391175582,-0.900968867902419,0.8660254037844386,0.5000000000000001,0.75,2.625,13.166666666666666,22.075,46.225,57.0,92.0,7.15,7.801455,2.4000000000000004,8.4,19.04074074,39.0,38.85,38.53333333333333,38.8,39.65,-7.823777786666668,0.1944444833333349,0.2566666666666677,11.130666666666666,11.698,19.12407406555556,11.21,6.4404206,6.3588467,6.382309,6.3102746,6.474018,1,1.0,1,0.75,-0.82,19.3,80.7
2023-02-09 19:30:00,136.3953773,60.537022872222,60.550077916666,19.04074074,11.698,39.65,1,5.1764362714980825,70.66250196097344,19,3,2,-0.9659258262890684,0.2588190451025203,0.4338837391175582,-0.900968867902419,0.8660254037844386,0.5000000000000001,0.5,1.375,10.833333333333334,24.35,47.85,47.0,91.0,7.3,7.8666654,1.6,8.7,19.07222222,39.05,39.0,38.85,38.53333333333333,40.0,-7.34274074,-0.1703703800000013,0.3106666666666662,11.387333333333334,11.871999999999998,19.08950616555556,11.405333333333331,6.474018,6.4404206,6.3588467,6.382309,6.543306,0,1.0,1,0.75,-0.86,20.6,79.4
2023-02-09 19:45:00,141.344346033332,96.532249672222,96.551137783334,19.07222222,11.871999999999998,40.0,2,5.1764362714980825,70.66250196097344,19,3,2,-0.9659258262890684,0.2588190451025203,0.4338837391175582,-0.900968867902419,0.8660254037844386,0.5000000000000001,0.25,0.625,8.666666666666666,26.625,49.475,37.0,90.0,7.449999999999999,7.9310875,0.7999999999999998,9.0,19.309259256666667,39.65,39.05,39.0,38.85,40.0,-7.200222220000002,0.03148148,0.1739999999999977,11.698,11.751333333333331,19.10802469333333,11.652444444444448,6.543306,6.474018,6.4404206,6.3588467,6.6353493,0,1.0,1,0.75,-0.85,20.3,79.7
2023-02-09 20:00:00,48.847490588884,0.0,0.0,19.309259256666667,11.751333333333331,40.0,0,5.1764362714980825,70.66250196097344,20,3,2,-0.8660254037844386,0.5000000000000001,0.4338837391175582,-0.900968867902419,0.8660254037844386,0.5000000000000001,0.0,0.375,6.666666666666667,28.9,51.1,27.0,89.0,7.6,7.99468,0.0,9.3,19.08333333,40.0,39.65,39.05,39.0,40.35,-7.557925923333334,0.2370370366666669,-0.1206666666666649,11.871999999999998,11.844666666666663,19.14074073888889,11.77377777777778,6.6353493,6.543306,6.474018,6.4404206,6.6048875,1,2.0,1,0.5,-0.8,18.3,81.7
2023-02-09 20:15:00,155.735159277776,92.14103646111,92.159924605554,19.08333333,11.844666666666663,40.35,2,5.1764362714980825,70.66250196097344,20,3,2,-0.8660254037844386,0.5000000000000001,0.4338837391175582,-0.900968867902419,0.8660254037844386,0.5000000000000001,0.0,0.1875,4.958333333333333,29.1,54.175,25.75,86.75,7.5,7.942931,0.0,9.6,19.23703706,40.0,40.0,39.65,39.05,40.5,-7.238666663333337,-0.2259259266666653,0.0933333333333319,11.751333333333331,12.152666666666669,19.15493826888889,11.822666666666665,6.6048875,6.6353493,6.543306,6.474018,6.689778,0,1.0,1,0.75,-0.85,20.1,79.9
2023-02-09 20:30:00,104.72608862222,44.117124127778,44.130734716666,19.23703706,12.152666666666669,40.5,1,5.1764362714980825,70.66250196097344,20,3,2,-0.8660254037844386,0.5000000000000001,0.4338837391175582,-0.900968867902419,0.8660254037844386,0.5000000000000001,0.0,0.0625,3.5416666666666665,29.3,57.25,24.5,84.5,7.4,7.885842,0.0,9.9,19.25555555,40.35,40.0,40.0,39.65,40.55,-7.084370393333332,0.1537037299999966,0.3080000000000016,11.844666666666663,12.044,19.20987654888889,11.916222222222222,6.689778,6.6048875,6.6353493,6.543306,6.7053466,0,1.0,1,0.75,-0.81,18.8,81.2
2023-02-09 20:45:00,392.675125666668,0.0,0.0,19.25555555,12.044,40.55,0,5.1764362714980825,70.66250196097344,20,3,2,-0.8660254037844386,0.5000000000000001,0.4338837391175582,-0.900968867902419,0.8660254037844386,0.5000000000000001,0.0,0.0,2.4166666666666665,29.5,60.325,23.25,82.25,7.3,7.8232493,0.0,10.2,19.04629632,40.5,40.35,40.0,40.0,41.15,-7.21155555,0.0185184900000017,-0.1086666666666662,12.152666666666669,12.068,19.191975313333334,12.013777777777776,6.7053466,6.689778,6.6048875,6.6353493,6.721139,1,2.0,1,0.5,-0.81,18.7,81.3
2023-02-09 21:00:00,200.230879327778,92.206033827778,92.218255555556,19.04629632,12.068,41.15,2,5.1764362714980825,70.66250196097344,21,3,2,-0.7071067811865477,0.7071067811865474,0.4338837391175582,-0.900968867902419,0.8660254037844386,0.5000000000000001,0.0,0.0,1.5833333333333333,29.7,63.4,22.0,80.0,7.2,7.754987,0.0,10.5,19.19444446,40.55,40.5,40.35,40.0,41.85,-6.978296319999998,-0.2092592300000006,0.0240000000000009,12.044,12.182,19.17962964333333,12.088222222222225,6.721139,6.7053466,6.689778,6.6048875,6.895442,0,1.0,1,0.75,-0.85,20.3,79.7
2023-02-09 21:15:00,181.42135402222,38.681508244444,38.687896905554,19.19444446,12.182,41.85,1,5.1764362714980825,70.66250196097344,21,3,2,-0.7071067811865477,0.7071067811865474,0.4338837391175582,-0.900968867902419,0.8660254037844386,0.5000000000000001,0.0,0.0,0.9375,29.375,63.75,36.5,80.25,7.225,7.7669454,0.0,10.475,19.196296326666666,41.15,40.55,40.5,40.35,42.0,-7.012444460000001,0.1481481399999999,0.1139999999999972,12.068,12.131333333333334,19.16543211,12.098,6.895442,6.721139,6.7053466,6.689778,6.9209146,0,1.0,1,0.75,-0.81,18.9,81.1
2023-02-09 21:30:00,88.603122466664,15.402161655556,15.412161288888,19.196296326666666,12.131333333333334,42.0,1,5.1764362714980825,70.66250196097344,21,3,2,-0.7071067811865477,0.7071067811865474,0.4338837391175582,-0.900968867902419,0.8660254037844386,0.5000000000000001,0.0,0.0,0.4791666666666667,29.05,64.1,51.0,80.5,7.25,7.7788444,0.0,10.45,19.0388889,41.85,41.15,40.55,40.5,42.35,-7.064962993333332,0.0018518666666658,-0.0506666666666646,12.182,12.186,19.14567903555556,12.127111111111113,6.9209146,6.895442,6.721139,6.7053466,6.9141164,0,1.0,0,0.75,-0.81,18.9,81.1
2023-02-09 21:45:00,162.497388861106,88.940331127778,88.958941566664,19.0388889,12.186,42.35,2,5.1764362714980825,70.66250196097344,21,3,2,-0.7071067811865477,0.7071067811865474,0.4338837391175582,-0.900968867902419,0.8660254037844386,0.5000000000000001,0.0,0.0,0.2083333333333333,28.725,64.45,65.5,80.75,7.275,7.7906833,0.0,10.425,19.187037036666663,42.0,41.85,41.15,40.55,42.5,-6.8528889,-0.1574074266666656,0.0546666666666659,12.131333333333334,12.313333333333333,19.14320989555556,12.166444444444446,6.9141164,6.9209146,6.895442,6.721139,6.999484,0,0.0,1,1.0,-0.85,20.1,79.9
2023-02-09 22:00:00,79.841250655556,0.0,0.0,19.187037036666663,12.313333333333333,42.5,0,5.1764362714980825,70.66250196097344,22,3,2,-0.5000000000000004,0.8660254037844384,0.4338837391175582,-0.900968867902419,0.8660254037844386,0.5000000000000001,0.0,0.0,0.125,28.4,64.8,80.0,81.0,7.3,7.8024626,0.0,10.4,19.0388889,42.35,42.0,41.85,41.15,42.9,-6.873703703333334,0.1481481366666663,0.1273333333333326,12.186,12.495333333333331,19.140740754444447,12.210222222222225,6.999484,6.9141164,6.9209146,6.895442,7.0039115,1,1.0,1,0.75,-0.81,18.9,81.1
2023-02-09 22:15:00,91.977709761106,21.563859627778,21.573303749998,19.0388889,12.495333333333331,42.9,1,5.1764362714980825,70.66250196097344,22,3,2,-0.5000000000000004,0.8660254037844384,0.4338837391175582,-0.900968867902419,0.8660254037844386,0.5000000000000001,0.0,0.0,0.0625,29.575,65.525,85.0,80.25,7.425,7.865628,0.0,10.675,18.97777778,42.5,42.35,42.0,41.85,43.46666666666667,-6.543555566666667,-0.1481481366666663,0.1820000000000003,12.313333333333333,13.252666666666666,19.088271612222226,12.331555555555555,7.0039115,6.999484,6.9141164,6.9209146,7.070877,0,1.0,1,0.75,-0.84,20.0,80.0
2023-02-09 22:30:00,171.410643333332,92.113815283334,92.12992582222,18.97777778,13.252666666666666,43.46666666666667,2,5.1764362714980825,70.66250196097344,22,3,2,-0.5000000000000004,0.8660254037844384,0.4338837391175582,-0.900968867902419,0.8660254037844386,0.5000000000000001,0.0,0.0,0.0208333333333333,30.75,66.25,90.0,79.5,7.55,7.9283037,0.0,10.95,19.24999998,42.9,42.5,42.35,42.0,43.55,-5.725111113333334,-0.0611111199999996,0.7573333333333334,12.495333333333331,13.755333333333336,19.06790123888889,12.687111111111111,7.070877,7.0039115,6.999484,6.9141164,7.1990695,0,1.0,1,0.75,-0.85,20.4,79.6
2023-02-09 22:45:00,66.807883194442,0.0,0.0,19.24999998,13.755333333333336,43.55,0,5.1764362714980825,70.66250196097344,22,3,2,-0.5000000000000004,0.8660254037844384,0.4338837391175582,-0.900968867902419,0.8660254037844386,0.5000000000000001,0.0,0.0,0.0,31.925,66.975,95.0,78.75,7.675,7.990462,0.0,11.225,19.11666668333333,43.46666666666667,42.9,42.5,42.35,44.15,-5.494666646666664,0.2722221999999981,0.5026666666666681,13.252666666666666,13.748666666666669,19.088888886666663,13.16777777777778,7.1990695,7.070877,7.0039115,6.999484,7.241129,1,2.0,1,0.5,-0.79,18.2,81.8
2023-02-09 23:00:00,54.990855761114,0.0,0.0,19.11666668333333,13.748666666666669,44.15,0,5.1764362714980825,70.66250196097344,23,3,2,-0.2588190451025215,0.965925826289068,0.4338837391175582,-0.900968867902419,0.8660254037844386,0.5000000000000001,0.0,0.0,0.0,33.1,67.7,100.0,78.0,7.8,8.052064,0.0,11.5,18.9388889,43.55,43.46666666666667,42.9,42.5,44.45,-5.368000016666668,-0.1333332966666631,-0.0066666666666677,13.755333333333336,13.448,19.114814814444447,13.585555555555556,7.241129,7.1990695,7.070877,7.0039115,7.214257,0,2.0,0,0.5,-0.82,19.1,80.9
2023-02-09 23:15:00,138.667786466664,80.6817726,80.696216505554,18.9388889,13.448,44.45,2,5.1764362714980825,70.66250196097344,23,3,2,-0.2588190451025215,0.965925826289068,0.4338837391175582,-0.900968867902419,0.8660254037844386,0.5000000000000001,0.0,0.0,0.0,32.75,67.775,82.25,77.5,7.899999999999999,8.113931,0.0,11.725,19.14629631,44.15,43.55,43.46666666666667,42.9,44.03333333333333,-5.490888899999998,-0.1777777833333367,-0.3006666666666664,13.748666666666669,13.003333333333334,19.101851854444444,13.650666666666668,7.214257,7.241129,7.1990695,7.070877,7.2346206,0,2.0,1,0.5,-0.86,20.5,79.5
2023-02-09 23:30:00,87.73010185555201,26.3731117,26.383666844444,19.14629631,13.003333333333334,44.03333333333333,1,5.1764362714980825,70.66250196097344,23,3,2,-0.2588190451025215,0.965925826289068,0.4338837391175582,-0.900968867902419,0.8660254037844386,0.5000000000000001,0.0,0.0,0.0,32.4,67.85,64.5,77.0,8.0,8.175723,0.0,11.95,19.20000001,44.45,44.15,43.55,43.46666666666667,44.35,-6.1429629766666665,0.2074074100000018,-0.4446666666666665,13.448,12.785333333333334,19.06728396444445,13.4,7.2346206,7.214257,7.241129,7.1990695,7.3097486,0,2.0,1,0.5,-0.81,18.9,81.1
2023-02-09 23:45:00,62.171957588884,0.0,0.0,19.20000001,12.785333333333334,44.35,0,5.1764362714980825,70.66250196097344,23,3,2,-0.2588190451025215,0.965925826289068,0.4338837391175582,-0.900968867902419,0.8660254037844386,0.5000000000000001,0.0,0.0,0.0,32.05,67.925,46.75000000000001,76.5,8.1,8.237428,0.0,12.175,18.970370376666665,44.03333333333333,44.45,44.15,43.55,44.5,-6.414666676666666,0.0537036999999998,-0.2179999999999999,13.003333333333334,12.208,19.09506174,13.07888888888889,7.3097486,7.2346206,7.214257,7.241129,7.2358093,1,2.0,1,0.5,-0.8,18.4,81.6
2023-02-10 00:00:00,110.14781616111,55.316120616666,55.32889792222,18.970370376666665,12.208,44.5,1,5.1764362714980825,70.66250196097344,0,4,2,0.0,1.0,-0.433883739117558,-0.9009688679024191,0.8660254037844386,0.5000000000000001,0.0,0.0,0.0,31.7,68.0,29.0,76.0,8.2,8.299035,0.0,12.4,19.06666666,44.35,44.03333333333333,44.45,44.15,44.1,-6.762370376666665,-0.2296296333333352,-0.5773333333333337,12.785333333333334,11.548,19.10555556555556,12.665555555555557,7.2358093,7.3097486,7.2346206,7.214257,7.2116313,0,1.0,1,0.75,-0.85,20.3,79.7
2023-02-10 00:15:00,97.179723838886,52.875662672222,52.890662055556,19.06666666,11.548,44.1,1,5.1764362714980825,70.66250196097344,0,4,2,0.0,1.0,-0.433883739117558,-0.9009688679024191,0.8660254037844386,0.5000000000000001,0.0,0.0,0.0,27.325,67.65,46.75,81.75,8.274999999999999,8.412782,0.55,11.45,19.23703701333333,44.5,44.35,44.03333333333333,44.45,43.35,-7.518666659999999,0.0962962833333342,-0.6600000000000001,12.208,11.052,19.07901234888889,12.180444444444444,7.2116313,7.2358093,7.3097486,7.2346206,7.1605396,0,1.0,0,0.75,-0.83,19.5,80.5
2023-02-10 00:30:00,55.162793250006,0.0,0.0,19.23703701333333,11.052,43.35,0,5.1764362714980825,70.66250196097344,0,4,2,0.0,1.0,-0.433883739117558,-0.9009688679024191,0.8660254037844386,0.5000000000000001,0.0,0.0,0.0,22.95,67.3,64.5,87.5,8.35,8.482017,1.1,10.5,19.00555553,44.1,44.5,44.35,44.03333333333333,43.0,-8.185037013333336,0.170370353333336,-0.4960000000000004,11.548,10.788666666666668,19.091358016666668,11.602666666666666,7.1605396,7.2116313,7.2358093,7.3097486,7.006443,1,2.0,1,0.5,-0.79,18.3,81.7
2023-02-10 00:45:00,145.242523433332,74.313694016666,74.323693633332,19.00555553,10.788666666666668,43.0,2,5.1764362714980825,70.66250196097344,0,4,2,0.0,1.0,-0.433883739117558,-0.9009688679024191,0.8660254037844386,0.5000000000000001,0.0,0.0,0.0,18.575000000000003,66.94999999999999,82.25,93.25,8.424999999999999,8.510953,1.65,9.55,19.15000001,43.35,44.1,44.5,44.35,42.63333333333333,-8.216888863333331,-0.2314814833333365,-0.2633333333333318,11.052,10.522666666666668,19.103086401111117,11.129555555555555,7.006443,7.1605396,7.2116313,7.2358093,7.0061326,0,1.0,1,0.75,-0.85,20.3,79.7
2023-02-10 01:00:00,94.219564383334,47.249221088888,47.263664977776,19.15000001,10.522666666666668,42.63333333333333,1,5.1764362714980825,70.66250196097344,1,4,2,0.2588190451025207,0.9659258262890684,-0.433883739117558,-0.9009688679024191,0.8660254037844386,0.5000000000000001,0.0,0.0,0.0,14.2,66.6,100.0,99.0,8.5,8.503536,2.2,8.6,19.23888887,43.0,43.35,44.1,44.5,41.7,-8.627333343333332,0.1444444800000006,-0.266,10.788666666666668,10.262666666666666,19.130864184444448,10.787777777777778,7.0061326,7.006443,7.1605396,7.2116313,6.888744,0,1.0,1,0.75,-0.82,19.1,80.9
2023-02-10 01:15:00,45.644840700004,0.0,0.0,19.23888887,10.262666666666666,41.7,0,5.1764362714980825,70.66250196097344,1,4,2,0.2588190451025207,0.9659258262890684,-0.433883739117558,-0.9009688679024191,0.8660254037844386,0.5000000000000001,0.0,0.0,0.0,14.2,57.25,95.75,97.75,8.225,8.355857,1.7000000000000002,8.525,19.06666670666667,42.63333333333333,43.0,43.35,44.1,41.78333333333333,-8.976222203333334,0.0888888600000008,-0.2600000000000015,10.522666666666668,10.113333333333332,19.13148147,10.524666666666668,6.888744,7.0061326,7.006443,7.1605396,6.8327885,1,2.0,1,0.5,-0.8,18.6,81.4
2023-02-10 01:30:00,159.669168527778,107.621250544444,107.639583194442,19.06666670666667,10.113333333333332,41.78333333333333,2,5.1764362714980825,70.66250196097344,1,4,2,0.2588190451025207,0.9659258262890684,-0.433883739117558,-0.9009688679024191,0.8660254037844386,0.5000000000000001,0.0,0.0,0.0,14.2,47.9,91.5,96.5,7.95,8.209374,1.2000000000000002,8.45,19.20000003,41.7,42.63333333333333,43.0,43.35,41.15,-8.953333373333336,-0.1722221633333305,-0.1493333333333328,10.262666666666666,9.964666666666666,19.151851862222227,10.299555555555555,6.8327885,6.888744,7.0061326,7.006443,6.782326,0,1.0,1,0.75,-0.84,20.0,80.0
2023-02-10 01:45:00,57.506588544444,0.0,0.0,19.20000003,9.964666666666666,41.15,0,5.1764362714980825,70.66250196097344,1,4,2,0.2588190451025207,0.9659258262890684,-0.433883739117558,-0.9009688679024191,0.8660254037844386,0.5000000000000001,0.0,0.0,0.0,14.2,38.55,87.25,95.25,7.675000000000001,8.064083,0.7000000000000002,8.375,19.112962983333333,41.78333333333333,41.7,42.63333333333333,43.0,41.18333333333333,-9.235333363333336,0.133333323333332,-0.1486666666666671,10.113333333333332,9.789333333333332,19.16851853555556,10.113555555555555,6.782326,6.8327885,6.888744,7.0061326,6.7530847,1,2.0,1,0.5,-0.81,19.0,81.0
2023-02-10 02:00:00,74.284250744444,19.792819388888,19.803374533332,19.112962983333333,9.789333333333332,41.18333333333333,1,5.1764362714980825,70.66250196097344,2,4,2,0.4999999999999999,0.8660254037844387,-0.433883739117558,-0.9009688679024191,0.8660254037844386,0.5000000000000001,0.0,0.0,0.0,14.2,29.2,83.0,94.0,7.4,7.919976,0.2,8.3,18.99444442,41.15,41.78333333333333,41.7,42.63333333333333,41.45,-9.32362965,-0.0870370466666692,-0.1753333333333326,9.964666666666666,9.613333333333332,19.126543240000004,9.955777777777778,6.7530847,6.782326,6.8327885,6.888744,6.7494555,0,2.0,1,0.5,-0.83,19.7,80.3
2023-02-10 02:15:00,155.46267007778,105.1424608,105.161904455556,18.99444442,9.613333333333332,41.45,2,5.1764362714980825,70.66250196097344,2,4,2,0.4999999999999999,0.8660254037844387,-0.433883739117558,-0.9009688679024191,0.8660254037844386,0.5000000000000001,0.0,0.0,0.0,13.375,28.65,87.25,95.5,7.1000000000000005,7.7912354,0.225,7.800000000000001,19.23518518666667,41.18333333333333,41.15,41.78333333333333,41.7,40.85,-9.381111086666664,-0.1185185633333354,-0.1760000000000001,9.789333333333332,9.448,19.102469144444445,9.789111111111112,6.7494555,6.7530847,6.782326,6.8327885,6.7468524,0,1.0,1,0.75,-0.86,20.7,79.3
2023-02-10 02:30:00,43.944075483334,0.0,0.0,19.23518518666667,9.448,40.85,0,5.1764362714980825,70.66250196097344,2,4,2,0.4999999999999999,0.8660254037844387,-0.433883739117558,-0.9009688679024191,0.8660254037844386,0.5000000000000001,0.0,0.0,0.0,12.55,28.1,91.5,97.0,6.800000000000001,7.6616826,0.25,7.300000000000001,19.08888891,41.45,41.18333333333333,41.15,41.78333333333333,40.5,-9.787185186666669,0.2407407666666721,-0.1653333333333329,9.613333333333332,8.862666666666666,19.11419753,9.616888888888887,6.7468524,6.7494555,6.7530847,6.782326,6.6316133,1,2.0,1,0.5,-0.81,18.8,81.2
2023-02-10 02:45:00,80.554555455556,37.491555827778,37.504888627778,19.08888891,8.862666666666666,40.5,1,5.1764362714980825,70.66250196097344,2,4,2,0.4999999999999999,0.8660254037844387,-0.433883739117558,-0.9009688679024191,0.8660254037844386,0.5000000000000001,0.0,0.0,0.0,11.725,27.55,95.75,98.5,6.5,7.5314784,0.275,6.8,19.001851873333333,40.85,41.45,41.18333333333333,41.15,40.31666666666667,-10.226222243333332,-0.1462962766666713,-0.5853333333333346,9.448,8.175333333333333,19.10617283888889,9.308000000000002,6.6316133,6.7468524,6.7494555,6.7530847,6.5677805,0,1.0,1,0.75,-0.84,20.0,80.0
2023-02-10 03:00:00,155.262956049994,88.743116833332,88.760893938886,19.001851873333333,8.175333333333333,40.31666666666667,2,5.1764362714980825,70.66250196097344,3,4,2,0.7071067811865476,0.7071067811865476,-0.433883739117558,-0.9009688679024191,0.8660254037844386,0.5000000000000001,0.0,0.0,0.0,10.9,27.0,100.0,100.0,6.2,7.400777,0.3,6.3,19.22222225,40.5,40.85,41.45,41.18333333333333,39.3,-10.82651854,-0.0870370366666648,-0.6873333333333331,8.862666666666666,7.891999999999999,19.10864199,8.828666666666669,6.5677805,6.6316133,6.7468524,6.7494555,6.4858975,0,1.0,1,0.75,-0.87,20.8,79.2
2023-02-10 03:15:00,52.043473794442,0.0,0.0,19.22222225,7.891999999999999,39.3,0,5.1764362714980825,70.66250196097344,3,4,2,0.7071067811865476,0.7071067811865476,-0.433883739117558,-0.9009688679024191,0.8660254037844386,0.5000000000000001,0.0,0.0,0.0,9.8,25.75,100.0,100.0,6.025,7.3045635,0.25,6.1,19.00925929,40.31666666666667,40.5,40.85,41.45,39.0,-11.330222250000002,0.2203703766666684,-0.2833333333333332,8.175333333333333,7.744666666666666,19.10432101111111,8.31,6.4858975,6.5677805,6.6316133,6.7468524,6.356068,1,2.0,1,0.5,-0.82,19.2,80.8
2023-02-10 03:30:00,444.576105127778,76.427498327778,76.446386472222,19.00925929,7.744666666666666,39.0,2,5.1764362714980825,70.66250196097344,3,4,2,0.7071067811865476,0.7071067811865476,-0.433883739117558,-0.9009688679024191,0.8660254037844386,0.5000000000000001,0.0,0.0,0.0,8.7,24.5,100.0,100.0,5.85,7.2094474,0.2,5.9,19.06111111,39.3,40.31666666666667,40.5,40.85,38.9,-11.264592623333332,-0.2129629600000022,-0.1473333333333331,7.891999999999999,7.676666666666667,19.077777804444448,7.937333333333334,6.356068,6.4858975,6.5677805,6.6316133,6.3591967,0,1.0,1,0.75,-0.87,21.0,79.0
2023-02-10 03:45:00,108.305667649998,58.041844933332,58.05739987777599,19.06111111,7.676666666666667,38.9,1,5.1764362714980825,70.66250196097344,3,4,2,0.7071067811865476,0.7071067811865476,-0.433883739117558,-0.9009688679024191,0.8660254037844386,0.5000000000000001,0.0,0.0,0.0,7.6,23.25,100.0,100.0,5.675,7.1154127,0.15,5.7,19.18518521333333,39.0,39.3,40.31666666666667,40.5,38.06666666666667,-11.384444443333336,0.0518518200000031,-0.0679999999999996,7.744666666666666,7.713333333333334,19.09753088333333,7.771111111111112,6.3591967,6.356068,6.4858975,6.5677805,6.2686577,0,1.0,1,0.75,-0.86,20.6,79.4
2023-02-10 04:00:00,53.805347650002,0.0,0.0,19.18518521333333,7.713333333333334,38.06666666666667,0,5.1764362714980825,70.66250196097344,4,4,2,0.8660254037844386,0.5000000000000001,-0.433883739117558,-0.9009688679024191,0.8660254037844386,0.5000000000000001,0.0,0.0,0.0,6.5,22.0,100.0,100.0,5.5,7.0224533,0.1,5.5,18.96111113,38.9,39.0,39.3,40.31666666666667,38.3,-11.47185188,0.1240741033333314,0.036666666666667,7.676666666666667,7.659333333333333,19.085185204444446,7.711555555555557,6.2686577,6.3591967,6.356068,6.4858975,6.22427,1,2.0,1,0.5,-0.83,19.7,80.3
2023-02-10 04:15:00,165.80920078333,109.936157927778,109.957546005554,18.96111113,7.659333333333333,38.3,2,5.1764362714980825,70.66250196097344,4,4,2,0.8660254037844386,0.5000000000000001,-0.433883739117558,-0.9009688679024191,0.8660254037844386,0.5000000000000001,0.0,0.0,0.0,7.85,22.0,100.0,100.0,5.325,6.9534316,0.275,5.35,19.13703702333333,38.06666666666667,38.9,39.0,39.3,37.85,-11.301777796666666,-0.2240740833333347,-0.0540000000000002,7.713333333333334,7.488,19.069135817777777,7.683111111111113,6.22427,6.2686577,6.3591967,6.356068,6.215315,0,1.0,1,0.75,-0.89,21.6,78.4
2023-02-10 04:30:00,66.17540837778,14.544973727778,14.555528838890002,19.13703702333333,7.488,37.85,1,5.1764362714980825,70.66250196097344,4,4,2,0.8660254037844386,0.5000000000000001,-0.433883739117558,-0.9009688679024191,0.8660254037844386,0.5000000000000001,0.0,0.0,0.0,9.2,22.0,100.0,100.0,5.15,6.8850045,0.45,5.2,19.05555555,38.3,38.06666666666667,38.9,39.0,37.55,-11.649037023333335,0.1759258933333356,-0.1713333333333331,7.659333333333333,7.339333333333333,19.09444445555556,7.620222222222224,6.215315,6.22427,6.2686577,6.3591967,6.1364937,0,1.0,1,0.75,-0.85,20.1,79.9
2023-02-10 04:45:00,78.111042133332,37.964870194446,37.977925205558,19.05555555,7.339333333333333,37.55,1,5.1764362714980825,70.66250196097344,4,4,2,0.8660254037844386,0.5000000000000001,-0.433883739117558,-0.9009688679024191,0.8660254037844386,0.5000000000000001,0.0,0.0,0.0,10.55,22.0,100.0,100.0,4.975,6.817167,0.625,5.050000000000001,18.97777778,37.85,38.3,38.06666666666667,38.9,37.78333333333333,-11.716222216666669,-0.0814814733333335,-0.1486666666666671,7.488,7.217333333333332,19.05123456777778,7.495555555555557,6.1364937,6.215315,6.22427,6.2686577,6.1463485,0,1.0,0,0.75,-0.87,20.9,79.1
2023-02-10 05:00:00,136.253160672226,96.638912072222,96.657800166668,18.97777778,7.217333333333332,37.78333333333333,2,5.1764362714980825,70.66250196097344,5,4,2,0.9659258262890684,0.2588190451025207,-0.433883739117558,-0.9009688679024191,0.8660254037844386,0.5000000000000001,0.0,0.0,0.0,11.9,22.0,100.0,100.0,4.8,6.7499137,0.8,4.9,19.166666650000003,37.55,37.85,38.3,38.06666666666667,37.15,-11.760444446666668,-0.0777777700000008,-0.1220000000000007,7.339333333333333,7.03,19.05679011777778,7.348222222222223,6.1463485,6.1364937,6.215315,6.22427,6.111032,0,0.0,1,1.0,-0.88,21.5,78.5
2023-02-10 05:15:00,64.20659838333,0.0,0.0,19.166666650000003,7.03,37.15,0,5.1764362714980825,70.66250196097344,5,4,2,0.9659258262890684,0.2588190451025207,-0.433883739117558,-0.9009688679024191,0.8660254037844386,0.5000000000000001,0.0,0.0,0.0,13.65,25.6,100.0,98.25,4.625,6.653752,0.625,4.95,18.95370369,37.78333333333333,37.55,37.85,38.3,37.18333333333333,-12.136666650000002,0.1888888700000031,-0.1873333333333322,7.217333333333332,6.894,19.066666660000003,7.195555555555557,6.111032,6.1463485,6.1364937,6.215315,6.040154,1,1.0,1,0.75,-0.84,20.0,80.0
2023-02-10 05:30:00,135.043764766664,77.5285654,77.54523143333199,18.95370369,6.894,37.18333333333333,2,5.1764362714980825,70.66250196097344,5,4,2,0.9659258262890684,0.2588190451025207,-0.433883739117558,-0.9009688679024191,0.8660254037844386,0.5000000000000001,0.0,0.0,0.0,15.4,29.2,100.0,96.5,4.449999999999999,6.55687,0.45,5.0,19.00000002,37.15,37.78333333333333,37.55,37.85,37.45,-12.05970369,-0.2129629600000022,-0.1360000000000001,7.03,6.782,19.03271604,7.047111111111112,6.040154,6.111032,6.1463485,6.1364937,6.100121,0,1.0,1,0.75,-0.89,21.8,78.2
2023-02-10 05:45:00,103.091153988888,57.159102427778,57.174101794446,19.00000002,6.782,37.45,1,5.1764362714980825,70.66250196097344,5,4,2,0.9659258262890684,0.2588190451025207,-0.433883739117558,-0.9009688679024191,0.8660254037844386,0.5000000000000001,0.0,0.0,0.0,17.15,32.8,100.0,94.75,4.275,6.459265,0.275,5.05,19.07777778333333,37.18333333333333,37.15,37.78333333333333,37.55,37.03333333333333,-12.218000020000002,0.0462963300000005,-0.1120000000000001,6.894,6.653333333333333,19.040123453333337,6.902000000000001,6.100121,6.040154,6.111032,6.1463485,6.059996,0,1.0,1,0.75,-0.88,21.4,78.6
2023-02-10 06:00:00,74.109257827774,25.83118896111,25.842855144444,19.07777778333333,6.653333333333333,37.03333333333333,1,5.1764362714980825,70.66250196097344,6,4,2,1.0,6.123233995736766e-17,-0.433883739117558,-0.9009688679024191,0.8660254037844386,0.5000000000000001,0.0,0.0,0.0,18.9,36.4,100.0,93.0,4.1,6.360934,0.1,5.1,18.89444441,37.45,37.18333333333333,37.15,37.78333333333333,37.0,-12.42444445,0.07777776333333,-0.1286666666666667,6.782,6.576666666666666,19.01049383111111,6.776444444444446,6.059996,6.100121,6.040154,6.111032,5.9893765,0,1.0,0,0.75,-0.87,20.8,79.2
2023-02-10 06:15:00,155.859876555552,107.2132113,107.232099444444,18.89444441,6.576666666666666,37.0,2,5.1764362714980825,70.66250196097344,6,4,2,1.0,6.123233995736766e-17,-0.433883739117558,-0.9009688679024191,0.8660254037844386,0.5000000000000001,0.0,0.0,0.0,19.825,39.55,100.0,91.0,3.625,6.1627626,0.075,4.949999999999999,19.07222223,37.03333333333333,37.45,37.18333333333333,37.15,37.0,-12.317777743333336,-0.1833333733333297,-0.0766666666666671,6.653333333333333,6.644666666666667,18.99074073777778,6.670666666666668,5.9893765,6.059996,6.100121,6.040154,6.0525575,0,0.0,1,1.0,-0.91,22.4,77.6
2023-02-10 06:30:00,90.746092311108,0.0,0.0,19.07222223,6.644666666666667,37.0,0,5.1764362714980825,70.66250196097344,6,4,2,1.0,6.123233995736766e-17,-0.433883739117558,-0.9009688679024191,0.8660254037844386,0.5000000000000001,0.0,0.0,0.0,20.75,42.7,100.0,89.0,3.15,5.9678082,0.05,4.8,18.883333330000003,37.0,37.03333333333333,37.45,37.18333333333333,37.45,-12.427555563333335,0.1777778199999993,0.0680000000000005,6.576666666666666,6.530666666666666,19.01481480777778,6.62488888888889,6.0525575,5.9893765,6.059996,6.100121,6.0582433,1,1.0,1,0.75,-0.87,20.9,79.1
2023-02-10 06:45:00,212.388726211116,0.0,0.0,18.883333330000003,6.530666666666666,37.45,0,5.1764362714980825,70.66250196097344,6,4,2,1.0,6.123233995736766e-17,-0.433883739117558,-0.9009688679024191,0.8660254037844386,0.5000000000000001,0.0,0.0,0.0,21.675,45.85,100.0,87.0,2.675,5.7760315,0.0249999999999999,4.65,18.65740742,37.0,37.0,37.03333333333333,37.45,38.8,-12.352666663333338,-0.1888888999999984,-0.1140000000000007,6.644666666666667,6.288666666666667,18.94999999000001,6.5840000000000005,6.0582433,6.0525575,5.9893765,6.059996,6.1933446,0,2.0,0,0.5,-0.91,22.4,77.6
2023-02-10 07:00:00,529.36354686111,0.0,0.0,18.65740742,6.288666666666667,38.8,0,5.1764362714980825,70.66250196097344,7,4,2,0.9659258262890684,-0.2588190451025206,-0.433883739117558,-0.9009688679024191,0.8660254037844386,0.5000000000000001,0.0,0.0,0.0,22.6,49.0,100.0,85.0,2.2,5.587393,0.0,4.5,18.52777777,37.45,37.0,37.0,37.03333333333333,40.15,-12.368740753333334,-0.2259259100000008,-0.2419999999999991,6.530666666666666,6.243333333333334,18.87098766,6.488,6.1933446,6.0582433,6.0525575,5.9893765,6.3598356,0,3.0,0,0.25,-0.95,24.2,75.8
2023-02-10 07:15:00,752.647670705554,14.822184872222,14.837739849998,18.52777777,6.243333333333334,40.15,1,5.1764362714980825,70.66250196097344,7,4,2,0.9659258262890684,-0.2588190451025206,-0.433883739117558,-0.9009688679024191,0.8660254037844386,0.5000000000000001,0.0,0.0,0.0,21.700000000000003,48.55,100.0,82.25,2.0500000000000003,5.5243263,0.025,4.825,18.48888888,38.8,37.45,37.0,37.0,39.85,-12.284444436666666,-0.1296296500000018,-0.0453333333333327,6.288666666666667,6.485333333333333,18.68950617333334,6.354222222222224,6.3598356,6.1933446,6.0582433,6.0525575,6.297786,0,3.0,1,0.25,-0.98,25.2,74.8
2023-02-10 07:30:00,179.335326233336,119.202176172222,119.224953044444,18.48888888,6.485333333333333,39.85,2,5.1764362714980825,70.66250196097344,7,4,2,0.9659258262890684,-0.2588190451025206,-0.433883739117558,-0.9009688679024191,0.8660254037844386,0.5000000000000001,0.0,0.0,0.0,20.8,48.1,100.0,79.5,1.9,5.4555497,0.05,5.15,18.74444444,40.15,38.8,37.45,37.0,38.75,-12.003555546666664,-0.0388888900000026,0.2419999999999991,6.243333333333334,6.646,18.55802469,6.339111111111112,6.297786,6.3598356,6.1933446,6.0582433,6.2172947,0,2.0,1,0.5,-0.99,25.6,74.4
2023-02-10 07:45:00,60.16120462222,0.0,0.0,18.74444444,6.646,38.75,0,5.1764362714980825,70.66250196097344,7,4,2,0.9659258262890684,-0.2588190451025206,-0.433883739117558,-0.9009688679024191,0.8660254037844386,0.5000000000000001,0.0,0.0,0.0,19.9,47.650000000000006,100.0,76.75,1.75,5.3808722,0.075,5.475,18.700000026666665,39.85,40.15,38.8,37.45,38.03333333333333,-12.098444439999998,0.2555555600000012,0.1606666666666667,6.485333333333333,6.605333333333333,18.58703703,6.458222222222223,6.2172947,6.297786,6.3598356,6.1933446,6.0862865,1,2.0,1,0.5,-0.93,23.4,76.6
2023-02-10 08:00:00,78.536858466664,39.206209455556,39.22065336111,18.700000026666665,6.605333333333333,38.03333333333333,1,5.1764362714980825,70.66250196097344,8,4,2,0.8660254037844387,-0.4999999999999998,-0.433883739117558,-0.9009688679024191,0.8660254037844386,0.5000000000000001,0.0,0.0,0.0,19.0,47.2,100.0,74.0,1.6,5.300098,0.1,5.8,18.62222223,38.75,39.85,40.15,38.8,37.9,-12.09466669333333,-0.0444444133333341,-0.0406666666666666,6.646,6.534666666666666,18.64444444888889,6.578888888888891,6.0862865,6.2172947,6.297786,6.3598356,6.0371003,0,1.0,1,0.75,-0.95,24.0,76.0
2023-02-10 08:15:00,131.585014238886,85.698516372222,85.716848955556,18.62222223,6.534666666666666,37.9,2,5.1764362714980825,70.66250196097344,8,4,2,0.8660254037844387,-0.4999999999999998,-0.433883739117558,-0.9009688679024191,0.8660254037844386,0.5000000000000001,1.75,0.4375,0.1458333333333333,19.6,46.75,100.0,75.5,1.7000000000000002,5.354515,0.1,5.65,18.82962964333333,38.03333333333333,38.75,39.85,40.15,37.06666666666667,-12.087555563333332,-0.0777777966666661,-0.0706666666666668,6.605333333333333,5.910666666666667,18.688888898888887,6.595333333333335,6.0371003,6.0862865,6.2172947,6.297786,5.9772363,0,1.0,1,0.75,-0.97,24.7,75.3
2023-02-10 08:30:00,57.267709166668,0.0,0.0,18.82962964333333,5.910666666666667,37.06666666666667,0,5.1764362714980825,70.66250196097344,8,4,2,0.8660254037844387,-0.4999999999999998,-0.433883739117558,-0.9009688679024191,0.8660254037844386,0.5000000000000001,3.5,1.3125,0.4375,20.2,46.3,100.0,77.0,1.8,5.4072886,0.1,5.5,18.67777778,37.9,38.03333333333333,38.75,39.85,37.0,-12.918962976666664,0.2074074133333319,-0.6239999999999997,6.534666666666666,5.166666666666667,18.717283966666667,6.350222222222224,5.9772363,6.0371003,6.0862865,6.2172947,5.9131494,1,2.0,1,0.5,-0.92,23.0,77.0
2023-02-10 08:45:00,158.656153599996,104.700256272222,104.722199844444,18.67777778,5.166666666666667,37.0,2,5.1764362714980825,70.66250196097344,8,4,2,0.8660254037844387,-0.4999999999999998,-0.433883739117558,-0.9009688679024191,0.8660254037844386,0.5000000000000001,5.25,2.625,0.875,20.8,45.85,100.0,78.5,1.9,5.458444,0.1,5.35,18.82777777333333,37.06666666666667,37.9,38.03333333333333,38.75,36.81666666666667,-13.511111113333332,-0.1518518633333307,-0.7439999999999998,5.910666666666667,4.836,18.709876551111112,5.870666666666668,5.9131494,5.9772363,6.0371003,6.0862865,5.93627,0,1.0,1,0.75,-0.96,24.4,75.6
2023-02-10 09:00:00,81.05953533888601,35.974394283334,35.988560383334004,18.82777777333333,4.836,36.81666666666667,1,5.1764362714980825,70.66250196097344,9,4,2,0.7071067811865476,-0.7071067811865475,-0.433883739117558,-0.9009688679024191,0.8660254037844386,0.5000000000000001,7.0,4.375,1.4583333333333333,21.4,45.4,100.0,80.0,2.0,5.5080037,0.1,5.2,18.81666667,37.0,37.06666666666667,37.9,38.03333333333333,36.55,-13.99177777333333,0.1499999933333313,-0.3306666666666666,5.166666666666667,4.847333333333334,18.778395065555557,5.304444444444446,5.93627,5.9131494,5.9772363,6.0371003,5.889405,0,1.0,1,0.75,-0.92,23.0,77.0
2023-02-10 09:15:00,92.27464236666,48.6680532,48.684441444444,18.81666667,4.847333333333334,36.55,1,5.1764362714980825,70.66250196097344,9,4,2,0.7071067811865476,-0.7071067811865475,-0.433883739117558,-0.9009688679024191,0.8660254037844386,0.5000000000000001,12.5,7.0625,2.5,21.25,45.4,100.0,79.75,1.825,5.4366903,0.075,5.05,18.775925930000003,36.81666666666667,37.0,37.06666666666667,37.9,36.78333333333333,-13.969333336666663,-0.0111111033333308,0.0113333333333338,4.836,5.116,18.77407407444445,4.950000000000002,5.889405,5.93627,5.9131494,5.9772363,5.9127455,0,1.0,0,0.75,-0.93,23.2,76.8
2023-02-10 09:30:00,139.7477432,92.796843527778,92.817398255556,18.775925930000003,5.116,36.78333333333333,2,5.1764362714980825,70.66250196097344,9,4,2,0.7071067811865476,-0.7071067811865475,-0.433883739117558,-0.9009688679024191,0.8660254037844386,0.5000000000000001,18.0,10.6875,4.0,21.1,45.4,100.0,79.5,1.65,5.366182,0.05,4.9,18.9611111,36.55,36.81666666666667,37.0,37.06666666666667,36.15,-13.659925930000004,-0.0407407399999968,0.2686666666666655,4.847333333333334,5.244,18.806790124444447,4.933111111111113,5.9127455,5.889405,5.93627,5.9131494,5.874866,0,0.0,1,1.0,-0.94,23.5,76.5
2023-02-10 09:45:00,64.352703688884,0.0,0.0,18.9611111,5.244,36.15,0,5.1764362714980825,70.66250196097344,9,4,2,0.7071067811865476,-0.7071067811865475,-0.433883739117558,-0.9009688679024191,0.8660254037844386,0.5000000000000001,23.5,15.25,5.958333333333333,20.95,45.4,100.0,79.25,1.475,5.2964697,0.0249999999999999,4.75,18.792592613333333,36.78333333333333,36.55,36.81666666666667,37.0,36.0,-13.7171111,0.1851851699999969,0.1280000000000001,5.116,5.082666666666666,18.851234566666665,5.069111111111113,5.874866,5.9127455,5.889405,5.93627,5.7925334,1,1.0,1,0.75,-0.9,22.0,78.0
2023-02-10 10:00:00,165.509490572218,108.17956156111,108.198727477776,18.792592613333333,5.082666666666666,36.0,2,5.1764362714980825,70.66250196097344,10,4,2,0.4999999999999999,-0.8660254037844387,-0.433883739117558,-0.9009688679024191,0.8660254037844386,0.5000000000000001,29.0,20.75,8.375,20.8,45.4,100.0,79.0,1.3,5.227547,0.0,4.6,18.9666667,36.15,36.78333333333333,36.55,36.81666666666667,35.6,-13.709925946666669,-0.1685184866666667,-0.1613333333333333,5.244,4.873333333333333,18.84320988111111,5.147555555555557,5.7925334,5.874866,5.9127455,5.889405,5.7873807,0,1.0,1,0.75,-0.94,23.5,76.5
2023-02-10 10:15:00,469.772041666668,33.82642463889,33.840312983334,18.9666667,4.873333333333333,35.6,1,5.1764362714980825,70.66250196097344,10,4,2,0.4999999999999999,-0.8660254037844387,-0.433883739117558,-0.9009688679024191,0.8660254037844386,0.5000000000000001,32.0,25.625,11.041666666666666,20.875,45.2,100.0,78.5,1.075,5.1515675,0.0,4.475,18.922222233333333,36.0,36.15,36.78333333333333,36.55,35.03333333333333,-14.093333366666668,0.1740740866666676,-0.2093333333333333,5.082666666666666,4.8,18.90679013777778,5.066666666666667,5.7873807,5.7925334,5.874866,5.9127455,5.680334,0,1.0,1,0.75,-0.9,22.1,77.9
2023-02-10 10:30:00,107.835408611112,57.807409827778,57.822131455556,18.922222233333333,4.8,35.03333333333333,1,5.1764362714980825,70.66250196097344,10,4,2,0.4999999999999999,-0.8660254037844387,-0.433883739117558,-0.9009688679024191,0.8660254037844386,0.5000000000000001,35.0,29.875,13.958333333333334,20.950000000000003,45.0,100.0,78.0,0.8500000000000001,5.0764422,0.0,4.35,18.87777779,35.6,36.0,36.15,36.78333333333333,35.25,-14.122222233333332,-0.0444444666666683,-0.0733333333333332,4.873333333333333,4.752,18.893827182222225,4.918666666666668,5.680334,5.7873807,5.7925334,5.874866,5.7004795,0,1.0,0,0.75,-0.91,22.6,77.4
2023-02-10 10:45:00,136.909523416666,74.567572727778,74.586738644444,18.87777779,4.752,35.25,2,5.1764362714980825,70.66250196097344,10,4,2,0.4999999999999999,-0.8660254037844387,-0.433883739117558,-0.9009688679024191,0.8660254037844386,0.5000000000000001,38.0,33.5,17.125,21.025,44.8,100.0,77.5,0.6250000000000001,5.0021644,0.0,4.225,19.01481481333333,35.03333333333333,35.6,36.0,36.15,34.56666666666667,-14.12577779,-0.044444443333333,-0.048,4.8,4.752,18.92222224111111,4.808444444444445,5.7004795,5.680334,5.7873807,5.7925334,5.6353884,0,0.0,1,1.0,-0.92,22.9,77.1
2023-02-10 11:00:00,220.55589957778,25.847299366668,25.859521111112,19.01481481333333,4.752,34.56666666666667,1,5.1764362714980825,70.66250196097344,11,4,2,0.258819045102521,-0.9659258262890682,-0.433883739117558,-0.9009688679024191,0.8660254037844386,0.5000000000000001,41.0,36.5,20.541666666666668,21.1,44.6,100.0,77.0,0.4,4.9287252,0.0,4.1,18.83888891,35.25,35.03333333333333,35.6,36.0,35.7,-14.262814813333332,0.1370370233333311,0.0,4.752,4.756,18.938271612222223,4.768000000000001,5.6353884,5.7004795,5.680334,5.7873807,5.760001,0,0.0,1,1.0,-0.89,21.8,78.2
2023-02-10 11:15:00,648.849600361118,126.219673211112,126.243838911112,18.83888891,4.756,35.7,2,5.1764362714980825,70.66250196097344,11,4,2,0.258819045102521,-0.9659258262890682,-0.433883739117558,-0.9009688679024191,0.8660254037844386,0.5000000000000001,60.0,43.5,25.39583333333333,22.450000000000003,46.95,100.0,75.75,0.175,4.848714,0.025,4.1,19.03703708,34.56666666666667,35.25,35.03333333333333,35.6,37.03333333333333,-14.082888909999998,-0.1759259033333329,0.0040000000000004,4.752,4.744,18.91049383777778,4.753333333333334,5.760001,5.6353884,5.7004795,5.680334,6.0454483,0,0.0,1,1.0,-0.93,23.2,76.8
2023-02-10 11:30:00,471.418920372218,17.1601469,17.171257572222,19.03703708,4.744,37.03333333333333,1,5.1764362714980825,70.66250196097344,11,4,2,0.258819045102521,-0.9659258262890682,-0.433883739117558,-0.9009688679024191,0.8660254037844386,0.5000000000000001,79.0,54.5,31.6875,23.8,49.3,100.0,74.5,-0.0499999999999999,4.768702,0.05,4.1,18.95000002,35.7,34.56666666666667,35.25,35.03333333333333,36.6,-14.29303708,0.1981481700000031,-0.0120000000000004,4.756,4.728,18.96358026777778,4.750666666666668,6.0454483,5.760001,5.6353884,5.7004795,5.944096,0,0.0,1,1.0,-0.87,21.2,78.8
2023-02-10 11:45:00,1161.124108777776,114.881237883334,114.903459244444,18.95000002,4.728,36.6,2,5.1764362714980825,70.66250196097344,11,4,2,0.258819045102521,-0.9659258262890682,-0.433883739117558,-0.9009688679024191,0.8660254037844386,0.5000000000000001,98.0,69.5,39.41666666666666,25.15,51.65,100.0,73.25,-0.2749999999999999,4.68869,0.075,4.1,19.053703716666668,37.03333333333333,35.7,34.56666666666667,35.25,37.43333333333333,-14.22200002,-0.0870370600000001,-0.016,4.744,4.732,18.94197533666667,4.742666666666668,5.944096,6.0454483,5.760001,5.6353884,6.1167574,0,0.0,1,1.0,-0.9,22.0,78.0
2023-02-10 12:00:00,96.99500904444,44.243230216666,44.257396316666,19.053703716666668,4.732,37.43333333333333,1,5.1764362714980825,70.66250196097344,12,4,2,1.2246467991473532e-16,-1.0,-0.433883739117558,-0.9009688679024191,0.8660254037844386,0.5000000000000001,117.0,88.5,48.583333333333336,26.5,54.0,100.0,72.0,-0.5,4.6086783,0.1,4.1,19.01111114,36.6,37.03333333333333,35.7,34.56666666666667,37.5,-14.321703716666669,0.1037036966666669,0.0040000000000004,4.728,4.775333333333333,19.013580272222224,4.734666666666668,6.1167574,5.944096,6.0454483,5.760001,6.1122727,0,0.0,1,1.0,-0.87,20.9,79.1
2023-02-10 12:15:00,97.519154711108,51.375167144444,51.39155542222,19.01111114,4.775333333333333,37.5,1,5.1764362714980825,70.66250196097344,12,4,2,1.2246467991473532e-16,-1.0,-0.433883739117558,-0.9009688679024191,0.8660254037844386,0.5000000000000001,116.5,102.625,57.25,26.1,54.9,100.0,71.5,-0.55,4.5842967,0.075,4.125,18.93333336,37.43333333333333,36.6,37.03333333333333,35.7,37.86666666666667,-14.235777806666668,-0.0425925766666672,0.043333333333333,4.732,4.8100000000000005,19.004938292222224,4.745111111111112,6.1122727,6.1167574,5.944096,6.0454483,6.1437626,0,0.0,0,1.0,-0.88,21.3,78.7
2023-02-10 12:30:00,297.98974656666803,257.551086427778,257.589973788888,18.93333336,4.8100000000000005,37.86666666666667,2,5.1764362714980825,70.66250196097344,12,4,2,1.2246467991473532e-16,-1.0,-0.433883739117558,-0.9009688679024191,0.8660254037844386,0.5000000000000001,116.0,111.875,65.41666666666667,25.7,55.8,100.0,71.0,-0.6,4.55982,0.05,4.15,19.37777779,37.5,37.43333333333333,36.6,37.03333333333333,37.7,-14.123333359999998,-0.0777777800000016,0.0346666666666672,4.775333333333333,4.816666666666666,18.99938273888889,4.772444444444446,6.1437626,6.1122727,6.1167574,5.944096,6.27909,0,0.0,1,1.0,-0.89,21.9,78.1
2023-02-10 12:45:00,55.365562972226,0.0,0.0,19.37777779,4.816666666666666,37.7,0,5.1764362714980825,70.66250196097344,12,4,2,1.2246467991473532e-16,-1.0,-0.433883739117558,-0.9009688679024191,0.8660254037844386,0.5000000000000001,115.5,116.25,73.08333333333333,25.3,56.7,100.0,70.5,-0.6499999999999999,4.5352464,0.0249999999999999,4.175,19.190740753333333,37.86666666666667,37.5,37.43333333333333,36.6,36.56666666666667,-14.561111123333331,0.4444444300000008,0.0066666666666659,4.8100000000000005,4.783333333333333,19.10740743,4.800666666666668,6.27909,6.1437626,6.1122727,6.1167574,6.023617,1,1.0,1,0.75,-0.79,18.2,81.8
2023-02-10 13:00:00,85.617964044444,38.4742943,38.490682544444,19.190740753333333,4.783333333333333,36.56666666666667,1,5.1764362714980825,70.66250196097344,13,4,2,-0.2588190451025208,-0.9659258262890684,-0.433883739117558,-0.9009688679024191,0.8660254037844386,0.5000000000000001,115.0,115.75,80.25,24.9,57.6,100.0,70.0,-0.7,4.510577,0.0,4.2,19.02777778,37.7,37.86666666666667,37.5,37.43333333333333,36.75,-14.40740742,-0.1870370366666662,-0.0333333333333332,4.816666666666666,4.685999999999999,19.16728396777778,4.803333333333335,6.023617,6.27909,6.1437626,6.1122727,5.995921,0,1.0,1,0.75,-0.84,19.9,80.1
2023-02-10 13:15:00,127.59211844444,95.075641272222,95.097307072222,19.02777778,4.685999999999999,36.75,2,5.1764362714980825,70.66250196097344,13,4,2,-0.2588190451025208,-0.9659258262890684,-0.433883739117558,-0.9009688679024191,0.8660254037844386,0.5000000000000001,117.75,116.0625,87.39583333333333,24.4,57.775,100.0,70.25,-0.6499999999999999,4.53422,0.0,4.225,19.177777806666665,36.56666666666667,37.7,37.86666666666667,37.5,36.06666666666667,-14.34177778,-0.1629629733333324,-0.0973333333333341,4.783333333333333,4.666,19.198765441111117,4.7620000000000005,5.995921,6.023617,6.27909,6.1437626,5.9367146,0,1.0,1,0.75,-0.88,21.3,78.7
2023-02-10 13:30:00,37.694047727778,0.0,0.0,19.177777806666665,4.666,36.06666666666667,0,5.1764362714980825,70.66250196097344,13,4,2,-0.2588190451025208,-0.9659258262890684,-0.433883739117558,-0.9009688679024191,0.8660254037844386,0.5000000000000001,120.5,117.1875,94.52083333333331,23.9,57.95,100.0,70.5,-0.6,4.557927,0.0,4.25,18.911111100000003,36.75,36.56666666666667,37.7,37.86666666666667,36.0,-14.511777806666665,0.1500000266666639,-0.0199999999999995,4.685999999999999,4.6933333333333325,19.132098780000003,4.711777777777779,5.9367146,5.995921,6.023617,6.27909,5.8332415,1,2.0,1,0.5,-0.85,20.1,79.9
2023-02-10 13:45:00,165.504768527774,106.885724433332,106.907390249998,18.911111100000003,4.6933333333333325,36.0,2,5.1764362714980825,70.66250196097344,13,4,2,-0.2588190451025208,-0.9659258262890684,-0.433883739117558,-0.9009688679024191,0.8660254037844386,0.5000000000000001,123.25,119.125,101.625,23.4,58.125,100.0,70.75,-0.55,4.5817003,0.0,4.275,19.018518503333333,36.06666666666667,36.75,36.56666666666667,37.7,36.0,-14.217777766666671,-0.2666667066666619,0.0273333333333329,4.666,4.680000000000001,19.03888889555556,4.6817777777777785,5.8332415,5.9367146,5.995921,6.023617,5.870346,0,1.0,1,0.75,-0.91,22.5,77.5
2023-02-10 14:00:00,124.346970472218,73.476227483334,73.494282344444,19.018518503333333,4.680000000000001,36.0,2,5.1764362714980825,70.66250196097344,14,4,2,-0.4999999999999997,-0.8660254037844388,-0.433883739117558,-0.9009688679024191,0.8660254037844386,0.5000000000000001,126.0,121.875,108.70833333333331,22.9,58.3,100.0,71.0,-0.5,4.605536,0.0,4.3,19.0666667,36.0,36.06666666666667,36.75,36.56666666666667,35.65,-14.338518503333333,0.1074074033333296,-0.0133333333333318,4.6933333333333325,4.713333333333334,19.03580247,4.679777777777779,5.870346,5.8332415,5.9367146,5.995921,5.829811,0,1.0,0,0.75,-0.88,21.5,78.5
2023-02-10 14:15:00,231.646844972218,28.268313655556,28.279146588888,19.0666667,4.713333333333334,35.65,1,5.1764362714980825,70.66250196097344,14,4,2,-0.4999999999999997,-0.8660254037844388,-0.433883739117558,-0.9009688679024191,0.8660254037844386,0.5000000000000001,114.25,121.0,113.22916666666669,22.425,58.125,100.0,70.75,-0.55,4.5893197,0.0,4.3,18.84814812,36.0,36.0,36.06666666666667,36.75,35.68333333333333,-14.353333366666664,0.0481481966666663,0.0333333333333332,4.680000000000001,4.636666666666667,18.998765434444447,4.695555555555557,5.829811,5.870346,5.8332415,5.9367146,5.7604647,0,1.0,1,0.75,-0.88,21.2,78.8
2023-02-10 14:30:00,382.973847033336,135.712349088888,135.73568148888802,18.84814812,4.636666666666667,35.68333333333333,2,5.1764362714980825,70.66250196097344,14,4,2,-0.4999999999999997,-0.8660254037844388,-0.433883739117558,-0.9009688679024191,0.8660254037844386,0.5000000000000001,102.5,116.5,115.1875,21.95,57.95,100.0,70.5,-0.6,4.573103,0.0,4.3,19.06666668,35.65,36.0,36.0,36.06666666666667,35.6,-14.211481453333334,-0.2185185799999978,-0.0766666666666671,4.713333333333334,4.630666666666667,18.977777774444448,4.6766666666666685,5.7604647,5.829811,5.870346,5.8332415,5.821634,0,0.0,1,1.0,-0.93,23.1,76.9
2023-02-10 14:45:00,105.975205272222,59.416512144444,59.43484476111,19.06666668,4.630666666666667,35.6,1,5.1764362714980825,70.66250196097344,14,4,2,-0.4999999999999997,-0.8660254037844388,-0.433883739117558,-0.9009688679024191,0.8660254037844386,0.5000000000000001,90.75,108.375,114.58333333333331,21.475,57.775,100.0,70.25,-0.6499999999999999,4.5568867,0.0,4.3,19.06481484,35.68333333333333,35.65,36.0,36.0,35.03333333333333,-14.436000013333334,0.2185185599999997,-0.0059999999999993,4.636666666666667,4.593333333333334,18.993827166666662,4.660222222222224,5.821634,5.7604647,5.829811,5.870346,5.728342,0,0.0,1,1.0,-0.88,21.2,78.8
2023-02-10 15:00:00,82.346428311108,40.526434411112,40.542822672222,19.06481484,4.593333333333334,35.03333333333333,1,5.1764362714980825,70.66250196097344,15,4,2,-0.7071067811865471,-0.7071067811865479,-0.433883739117558,-0.9009688679024191,0.8660254037844386,0.5000000000000001,79.0,96.625,111.41666666666669,21.0,57.6,100.0,70.0,-0.7,4.5406694,0.0,4.3,18.87222221,35.6,35.68333333333333,35.65,36.0,35.35,-14.471481506666668,-0.0018518400000004,-0.0373333333333336,4.630666666666667,4.573333333333333,18.99320988,4.620222222222224,5.728342,5.821634,5.7604647,5.829811,5.714775,0,0.0,0,1.0,-0.88,21.3,78.7
2023-02-10 15:15:00,174.524685466664,132.02499653889,132.0505511,18.87222221,4.573333333333333,35.35,2,5.1764362714980825,70.66250196097344,15,4,2,-0.7071067811865471,-0.7071067811865479,-0.433883739117558,-0.9009688679024191,0.8660254037844386,0.5000000000000001,84.0,89.0625,108.70833333333331,20.7,55.35,100.0,69.75,-0.725,4.531976,0.0,4.325,19.101851866666667,35.03333333333333,35.6,35.68333333333333,35.65,35.31666666666667,-14.298888876666666,-0.19259263,-0.0200000000000004,4.593333333333334,4.596666666666667,19.00123457666667,4.599111111111113,5.714775,5.728342,5.821634,5.7604647,5.787299,0,0.0,1,1.0,-0.92,22.9,77.1
2023-02-10 15:30:00,82.583363183334,50.25854512777801,50.276322216666,19.101851866666667,4.596666666666667,35.31666666666667,1,5.1764362714980825,70.66250196097344,15,4,2,-0.7071067811865471,-0.7071067811865479,-0.433883739117558,-0.9009688679024191,0.8660254037844386,0.5000000000000001,89.0,85.6875,106.45833333333331,20.4,53.1,100.0,69.5,-0.75,4.5232406,0.0,4.35,19.08333335,35.35,35.03333333333333,35.6,35.68333333333333,34.7,-14.5051852,0.2296296566666669,0.0233333333333334,4.573333333333333,4.676,19.012962972222223,4.58777777777778,5.787299,5.714775,5.728342,5.821634,5.68004,0,0.0,1,1.0,-0.87,20.9,79.1
2023-02-10 15:45:00,84.071637066664,38.565679544444,38.581234488888,19.08333335,4.676,34.7,1,5.1764362714980825,70.66250196097344,15,4,2,-0.7071067811865471,-0.7071067811865479,-0.433883739117558,-0.9009688679024191,0.8660254037844386,0.5000000000000001,94.0,86.5,104.66666666666669,20.1,50.85,100.0,69.25,-0.775,4.5144615,0.0,4.375,18.868518506666664,35.31666666666667,35.35,35.03333333333333,35.6,34.96666666666667,-14.407333349999996,-0.0185185166666705,0.0793333333333334,4.596666666666667,4.67,19.01913580888889,4.615333333333335,5.68004,5.787299,5.714775,5.728342,5.6515684,0,0.0,0,1.0,-0.88,21.2,78.8
2023-02-10 16:00:00,181.015814611112,129.426489433332,129.45121066111,18.868518506666664,4.67,34.96666666666667,2,5.1764362714980825,70.66250196097344,16,4,2,-0.8660254037844385,-0.5000000000000004,-0.433883739117558,-0.9009688679024191,0.8660254037844386,0.5000000000000001,99.0,91.5,103.33333333333331,19.8,48.6,100.0,69.0,-0.8,4.5056386,0.0,4.4,19.08333336,34.7,35.31666666666667,35.35,35.03333333333333,34.6,-14.198518506666664,-0.2148148433333325,-0.0060000000000002,4.676,4.638000000000001,19.017901241111108,4.647555555555557,5.6515684,5.68004,5.787299,5.714775,5.6636705,0,0.0,1,1.0,-0.92,23.1,76.9
2023-02-10 16:15:00,85.053542188888,52.620950627778,52.638449944444,19.08333336,4.638000000000001,34.6,1,5.1764362714980825,70.66250196097344,16,4,2,-0.8660254037844385,-0.5000000000000004,-0.433883739117558,-0.9009688679024191,0.8660254037844386,0.5000000000000001,86.25,92.0625,100.70833333333331,18.45,46.975,100.0,69.25,-0.8500000000000001,4.4920197,0.0,4.300000000000001,19.06481484,34.96666666666667,34.7,35.31666666666667,35.35,34.03333333333333,-14.445333359999996,0.2148148533333334,-0.0319999999999991,4.67,4.586666666666667,19.011728405555555,4.661333333333334,5.6636705,5.6515684,5.68004,5.787299,5.5648313,0,0.0,1,1.0,-0.88,21.2,78.8
2023-02-10 16:30:00,69.509997372218,36.896857383334,36.911856766668,19.06481484,4.586666666666667,34.03333333333333,1,5.1764362714980825,70.66250196097344,16,4,2,-0.8660254037844385,-0.5000000000000004,-0.433883739117558,-0.9009688679024191,0.8660254037844386,0.5000000000000001,73.5,88.1875,96.79166666666669,17.1,45.35,100.0,69.5,-0.9,4.4783587,0.0,4.2,18.87222221,34.6,34.96666666666667,34.7,35.31666666666667,34.35,-14.478148173333334,-0.018518519999997,-0.0513333333333339,4.638000000000001,4.516,19.00555556888889,4.631555555555557,5.5648313,5.6636705,5.6515684,5.68004,5.553113,0,0.0,0,1.0,-0.88,21.5,78.5
2023-02-10 16:45:00,194.506663888888,140.16467097222198,140.19244766110998,18.87222221,4.516,34.35,2,5.1764362714980825,70.66250196097344,16,4,2,-0.8660254037844385,-0.5000000000000004,-0.433883739117558,-0.9009688679024191,0.8660254037844386,0.5000000000000001,60.75,79.875,91.58333333333331,15.75,43.725,100.0,69.75,-0.95,4.464657,0.0,4.1,19.101851866666667,34.03333333333333,34.6,34.96666666666667,34.7,34.5,-14.35622221,-0.19259263,-0.0706666666666668,4.586666666666667,4.375333333333333,19.00679013666667,4.580222222222225,5.553113,5.5648313,5.6636705,5.6515684,5.6534724,0,0.0,1,1.0,-0.93,23.2,76.8
2023-02-10 17:00:00,84.091358494442,37.852652466668005,37.867651866668,19.101851866666667,4.375333333333333,34.5,1,5.1764362714980825,70.66250196097344,17,4,2,-0.9659258262890684,-0.2588190451025206,-0.433883739117558,-0.9009688679024191,0.8660254037844386,0.5000000000000001,48.0,67.125,85.08333333333333,14.4,42.1,100.0,70.0,-1.0,4.450916,0.0,4.0,19.08333335,34.35,34.03333333333333,34.6,34.96666666666667,34.85,-14.726518533333332,0.2296296566666669,-0.1406666666666671,4.516,4.289333333333333,19.012962972222223,4.492666666666668,5.6534724,5.553113,5.5648313,5.6636705,5.704593,0,0.0,1,1.0,-0.87,21.1,78.9
2023-02-10 17:15:00,36.37687836666,0.0,0.0,19.08333335,4.289333333333333,34.85,0,5.1764362714980825,70.66250196097344,17,4,2,-0.9659258262890684,-0.2588190451025206,-0.433883739117558,-0.9009688679024191,0.8660254037844386,0.5000000000000001,41.5,55.9375,79.02083333333333,13.975,39.225,100.0,70.75,-1.0,4.4464145,0.0,3.825,18.82777777,34.5,34.35,34.03333333333333,34.6,35.0,-14.794000016666663,-0.0185185166666705,-0.0859999999999994,4.375333333333333,4.232666666666666,19.01913580888889,4.393555555555556,5.704593,5.6534724,5.553113,5.5648313,5.6433535,1,1.0,1,0.75,-0.88,21.2,78.8
2023-02-10 17:30:00,136.013725850002,93.304600983334,93.324600166668,18.82777777,4.232666666666666,35.0,2,5.1764362714980825,70.66250196097344,17,4,2,-0.9659258262890684,-0.2588190451025206,-0.433883739117558,-0.9009688679024191,0.8660254037844386,0.5000000000000001,35.0,46.3125,73.39583333333333,13.55,36.35,100.0,71.5,-1.0,4.441344,0.0,3.65,18.96111112,34.85,34.5,34.35,34.03333333333333,34.95,-14.595111103333334,-0.2555555799999958,-0.0566666666666675,4.289333333333333,4.098,19.00432099555556,4.299111111111112,5.6433535,5.704593,5.6534724,5.553113,5.6798496,0,1.0,1,0.75,-0.93,23.4,76.6
2023-02-10 17:45:00,164.089547338886,126.640489727778,126.664099916666,18.96111112,4.098,34.95,2,5.1764362714980825,70.66250196097344,17,4,2,-0.9659258262890684,-0.2588190451025206,-0.433883739117558,-0.9009688679024191,0.8660254037844386,0.5000000000000001,28.5,38.25,68.20833333333333,13.125,33.475,100.0,72.25,-1.0,4.4357147,0.0,3.475,19.198148156666665,35.0,34.85,34.5,34.35,34.71666666666667,-14.863111120000005,0.1333333500000009,-0.134666666666666,4.232666666666666,3.988,18.95740741333333,4.206666666666668,5.6798496,5.6433535,5.704593,5.6534724,5.7213635,0,1.0,0,0.75,-0.9,22.2,77.8
2023-02-10 18:00:00,52.117081916666,0.0,0.0,19.198148156666665,3.988,34.71666666666667,0,5.1764362714980825,70.66250196097344,18,4,2,-1.0,-1.8369701987210294e-16,-0.433883739117558,-0.9009688679024191,0.8660254037844386,0.5000000000000001,22.0,31.75,63.458333333333336,12.7,30.6,100.0,73.0,-1.0,4.429539,0.0,3.3,18.94444445,34.95,35.0,34.85,34.5,35.0,-15.210148156666666,0.2370370366666634,-0.1099999999999998,4.098,3.9133333333333336,18.99567901555556,4.106222222222223,5.7213635,5.6798496,5.6433535,5.704593,5.682381,1,2.0,1,0.5,-0.85,20.2,79.8
2023-02-10 18:15:00,712.752044261114,49.08164773889,49.122479488888,18.94444445,3.9133333333333336,35.0,1,5.1764362714980825,70.66250196097344,18,4,2,-1.0,-1.8369701987210294e-16,-0.433883739117558,-0.9009688679024191,0.8660254037844386,0.5000000000000001,17.0,25.625,57.875,12.625,29.525,100.0,73.75,-1.025,4.437695,0.0,3.175,18.86666668,34.71666666666667,34.95,35.0,34.85,35.18333333333333,-15.031111116666665,-0.2537037066666663,-0.0746666666666664,3.988,3.741333333333333,19.03456790888889,3.9997777777777785,5.682381,5.7213635,5.6798496,5.6433535,5.6859655,0,1.0,1,0.75,-0.91,22.4,77.6
2023-02-10 18:30:00,1381.667231083334,151.138120883334,151.200896188888,18.86666668,3.741333333333333,35.18333333333333,2,5.1764362714980825,70.66250196097344,18,4,2,-1.0,-1.8369701987210294e-16,-0.433883739117558,-0.9009688679024191,0.8660254037844386,0.5000000000000001,12.0,19.875,51.458333333333336,12.55,28.450000000000003,100.0,74.5,-1.05,4.445366,0.0,3.05,19.13888888,35.0,34.71666666666667,34.95,35.0,35.8,-15.125333346666665,-0.0777777700000008,-0.1720000000000006,3.9133333333333336,3.530666666666667,19.00308642888889,3.88088888888889,5.6859655,5.682381,5.7213635,5.6798496,5.8793273,0,1.0,1,0.75,-0.92,23.0,77.0
2023-02-10 18:45:00,102.152024905554,0.0,0.0,19.13888888,3.530666666666667,35.8,0,5.1764362714980825,70.66250196097344,18,4,2,-1.0,-1.8369701987210294e-16,-0.433883739117558,-0.9009688679024191,0.8660254037844386,0.5000000000000001,7.0,14.5,44.208333333333336,12.475,27.375,100.0,75.25,-1.0750000000000002,4.4525614,0.0,2.925,18.985185196666663,35.18333333333333,35.0,34.71666666666667,34.95,35.71666666666667,-15.608222213333333,0.2722222000000016,-0.2106666666666661,3.741333333333333,3.4679999999999995,18.983333336666668,3.728444444444446,5.8793273,5.6859655,5.682381,5.7213635,5.8126974,1,2.0,1,0.5,-0.86,20.5,79.5
2023-02-10 19:00:00,165.441437694442,71.526583272222,71.577136833332,18.985185196666663,3.4679999999999995,35.71666666666667,2,5.1764362714980825,70.66250196097344,19,4,2,-0.9659258262890684,0.2588190451025203,-0.433883739117558,-0.9009688679024191,0.8660254037844386,0.5000000000000001,2.0,9.5,36.125,12.4,26.3,100.0,76.0,-1.1,4.459285,0.0,2.8,18.9333333,35.8,35.18333333333333,35.0,34.71666666666667,36.75,-15.517185196666668,-0.1537036833333331,-0.0626666666666673,3.530666666666667,2.9146666666666667,18.99691358555556,3.5800000000000005,5.8126974,5.8793273,5.6859655,5.682381,5.962588,0,1.0,1,0.75,-0.89,21.9,78.1
2023-02-10 19:15:00,187.483611488888,105.8232669,105.87882026111,18.9333333,2.9146666666666667,36.75,2,5.1764362714980825,70.66250196097344,19,4,2,-0.9659258262890684,0.2588190451025203,-0.433883739117558,-0.9009688679024191,0.8660254037844386,0.5000000000000001,1.5,5.625,29.0625,13.475,26.925,100.0,76.0,-1.0750000000000002,4.459285,0.0,2.8,19.090740756666666,35.71666666666667,35.8,35.18333333333333,35.0,37.28333333333333,-16.018666633333336,-0.0518518966666654,-0.5533333333333328,3.4679999999999995,1.8046666666666664,19.019135792222222,3.3044444444444454,5.962588,5.8126974,5.8793273,5.6859655,6.105572,0,1.0,0,0.75,-0.9,22.1,77.9
2023-02-10 19:30:00,103.11448642222,0.0,0.0,19.090740756666666,1.8046666666666664,37.28333333333333,0,5.1764362714980825,70.66250196097344,19,4,2,-0.9659258262890684,0.2588190451025203,-0.433883739117558,-0.9009688679024191,0.8660254037844386,0.5000000000000001,1.0,2.875,23.02083333333333,14.55,27.55,100.0,76.0,-1.05,4.459285,0.0,2.8,18.8722222,36.75,35.71666666666667,35.8,35.18333333333333,37.0,-17.28607409,0.1574074566666645,-1.11,2.9146666666666667,1.8686666666666667,19.00308641777778,2.7291111111111124,6.105572,5.962588,5.8126974,5.8793273,5.981519,1,2.0,1,0.5,-0.86,20.6,79.4
2023-02-10 19:45:00,202.529120811108,44.017683672222,44.08684762222,18.8722222,1.8686666666666667,37.0,1,5.1764362714980825,70.66250196097344,19,4,2,-0.9659258262890684,0.2588190451025203,-0.433883739117558,-0.9009688679024191,0.8660254037844386,0.5000000000000001,0.5,1.25,18.0,15.625,28.175,100.0,76.0,-1.025,4.459285,0.0,2.8,18.81111108,37.28333333333333,36.75,35.71666666666667,35.8,37.0,-17.003555533333333,-0.2185185566666661,0.064,1.8046666666666664,1.754,18.96543208555556,2.196000000000001,5.981519,6.105572,5.962588,5.8126974,5.9599576,0,1.0,1,0.75,-0.91,22.6,77.4
2023-02-10 20:00:00,621.688742555556,97.351383555556,97.398603916666,18.81111108,1.754,37.0,2,5.1764362714980825,70.66250196097344,20,4,2,-0.8660254037844386,0.5000000000000001,-0.433883739117558,-0.9009688679024191,0.8660254037844386,0.5000000000000001,0.0,0.75,14.0,16.7,28.8,100.0,76.0,-1.0,4.459285,0.0,2.8,19.00000001,37.0,37.28333333333333,36.75,35.71666666666667,35.9,-17.05711108,-0.0611111199999996,-0.1146666666666667,1.8686666666666667,1.132,18.924691345555555,1.809111111111112,5.9599576,5.981519,6.105572,5.962588,5.8476467,0,1.0,1,0.75,-0.93,23.2,76.8
2023-02-10 20:15:00,67.821731538886,0.0,0.0,19.00000001,1.132,35.9,0,5.1764362714980825,70.66250196097344,20,4,2,-0.8660254037844386,0.5000000000000001,-0.433883739117558,-0.9009688679024191,0.8660254037844386,0.5000000000000001,0.0,0.375,10.541666666666666,17.325,32.575,100.0,80.5,-0.825,4.543602,0.175,2.225,18.82777777,37.0,37.0,37.28333333333333,36.75,35.03333333333333,-17.86800001,0.1888889300000009,-0.6219999999999999,1.754,1.336666666666667,18.89444443,1.58488888888889,5.8476467,5.9599576,5.981519,6.105572,5.6487284,1,2.0,1,0.5,-0.89,21.7,78.3
2023-02-10 20:30:00,179.433100155556,111.5730369,111.592480588888,18.82777777,1.336666666666667,35.03333333333333,2,5.1764362714980825,70.66250196097344,20,4,2,-0.8660254037844386,0.5000000000000001,-0.433883739117558,-0.9009688679024191,0.8660254037844386,0.5000000000000001,0.0,0.125,7.625,17.95,36.35,100.0,85.0,-0.65,4.614183,0.35,1.65,18.9666667,35.9,37.0,37.0,37.28333333333333,34.55,-17.491111103333335,-0.1722222399999999,0.2046666666666665,1.132,1.586666666666667,18.879629620000003,1.4075555555555568,5.6487284,5.8476467,5.9599576,5.981519,5.6166854,0,1.0,1,0.75,-0.93,23.4,76.6
2023-02-10 20:45:00,84.19774312222,31.967887916666,31.980665172222,18.9666667,1.586666666666667,34.55,1,5.1764362714980825,70.66250196097344,20,4,2,-0.8660254037844386,0.5000000000000001,-0.433883739117558,-0.9009688679024191,0.8660254037844386,0.5000000000000001,0.0,0.0,5.25,18.575,40.125,100.0,89.5,-0.4750000000000001,4.6718435,0.5249999999999999,1.075,18.922222233333333,35.03333333333333,35.9,37.0,37.0,33.38333333333333,-17.380000033333335,0.1388889300000002,0.25,1.336666666666667,1.5973333333333335,18.931481493333333,1.351777777777779,5.6166854,5.6487284,5.8476467,5.9599576,5.4128017,0,1.0,1,0.75,-0.9,22.3,77.7
2023-02-10 21:00:00,107.66208226111,49.959668216666,49.973834333332,18.922222233333333,1.5973333333333335,33.38333333333333,1,5.1764362714980825,70.66250196097344,21,4,2,-0.7071067811865477,0.7071067811865474,-0.433883739117558,-0.9009688679024191,0.8660254037844386,0.5000000000000001,0.0,0.0,3.4166666666666665,19.2,43.9,100.0,94.0,-0.3,4.7173715,0.7,0.5,18.81111113,34.55,35.03333333333333,35.9,37.0,33.25,-17.324888899999998,-0.0444444666666683,0.0106666666666668,1.586666666666667,1.56,18.90555556777778,1.5068888888888905,5.4128017,5.6166854,5.6487284,5.8476467,5.355908,0,1.0,0,0.75,-0.92,22.9,77.1
2023-02-10 21:15:00,167.646071672222,118.6002558,118.6219216,18.81111113,1.56,33.25,2,5.1764362714980825,70.66250196097344,21,4,2,-0.7071067811865477,0.7071067811865474,-0.433883739117558,-0.9009688679024191,0.8660254037844386,0.5000000000000001,0.0,0.0,2.0,19.1,44.275,99.25,89.5,-0.925,4.5224504,0.5499999999999999,0.6,19.04814814333333,33.38333333333333,34.55,35.03333333333333,35.9,32.38333333333333,-17.251111129999998,-0.1111111033333358,-0.0373333333333334,1.5973333333333335,1.5633333333333332,18.90000002111111,1.5813333333333344,5.355908,5.4128017,5.6166854,5.6487284,5.2898335,0,0.0,1,1.0,-0.95,23.9,76.1
2023-02-10 21:30:00,44.560439577784,0.0,0.0,19.04814814333333,1.5633333333333332,32.38333333333333,0,5.1764362714980825,70.66250196097344,21,4,2,-0.7071067811865477,0.7071067811865474,-0.433883739117558,-0.9009688679024191,0.8660254037844386,0.5000000000000001,0.0,0.0,1.0,19.0,44.65,98.5,85.0,-1.55,4.3246,0.3999999999999999,0.7,18.85555557,33.25,33.38333333333333,34.55,35.03333333333333,32.0,-17.48481481,0.2370370133333352,0.0033333333333331,1.56,1.544,18.927160502222225,1.5735555555555567,5.2898335,5.355908,5.4128017,5.6166854,5.1681137,1,1.0,1,0.75,-0.9,22.0,78.0
2023-02-10 21:45:00,145.616675133332,104.183054727778,104.20472056111,18.85555557,1.544,32.0,2,5.1764362714980825,70.66250196097344,21,4,2,-0.7071067811865477,0.7071067811865474,-0.433883739117558,-0.9009688679024191,0.8660254037844386,0.5000000000000001,0.0,0.0,0.4166666666666667,18.9,45.025,97.75,80.5,-2.175,4.1237903,0.2499999999999999,0.8,18.962962966666662,32.38333333333333,33.25,33.38333333333333,34.55,31.633333333333333,-17.31155557,-0.1925925733333322,-0.0193333333333332,1.5633333333333332,1.508,18.90493828111111,1.555777777777779,5.1681137,5.2898335,5.355908,5.4128017,5.141409,0,1.0,1,0.75,-0.94,23.8,76.2
2023-02-10 22:00:00,121.829293349998,59.535396272222,59.549840127778,18.962962966666662,1.508,31.633333333333333,1,5.1764362714980825,70.66250196097344,22,4,2,-0.5000000000000004,0.8660254037844384,-0.433883739117558,-0.9009688679024191,0.8660254037844386,0.5000000000000001,0.0,0.0,0.25,18.8,45.4,97.0,76.0,-2.8,3.9199944,0.1,0.9,19.01111111,32.0,32.38333333333333,33.25,33.38333333333333,31.0,-17.454962966666667,0.1074073966666659,-0.036,1.544,1.5160000000000002,18.95555556,1.5384444444444456,5.141409,5.1681137,5.2898335,5.355908,5.0528116,0,1.0,1,0.75,-0.92,22.9,77.1
2023-02-10 22:15:00,82.861685366668,37.775433355556,37.788488366668,19.01111111,1.5160000000000002,31.0,1,5.1764362714980825,70.66250196097344,22,4,2,-0.5000000000000004,0.8660254037844384,-0.433883739117558,-0.9009688679024191,0.8660254037844386,0.5000000000000001,0.0,0.0,0.125,18.875,44.125,95.25,72.5,-3.6,3.7012818,0.075,0.75,18.812962963333334,31.633333333333333,32.0,32.38333333333333,33.25,31.0,-17.49511111,0.0481481433333357,0.0080000000000002,1.508,1.524,18.943209882222224,1.522666666666668,5.0528116,5.141409,5.1681137,5.2898335,4.994026,0,1.0,0,0.75,-0.91,22.6,77.4
2023-02-10 22:30:00,168.69714084444,132.171935127778,132.196656405554,18.812962963333334,1.524,31.0,2,5.1764362714980825,70.66250196097344,22,4,2,-0.5000000000000004,0.8660254037844384,-0.433883739117558,-0.9009688679024191,0.8660254037844386,0.5000000000000001,0.0,0.0,0.0416666666666666,18.950000000000003,42.85,93.5,69.0,-4.4,3.486582,0.05,0.6,19.01111109,31.0,31.633333333333333,32.0,32.38333333333333,30.6,-17.288962963333333,-0.1981481466666679,0.0079999999999997,1.5160000000000002,1.512,18.929012346666667,1.5160000000000011,4.994026,5.0528116,5.141409,5.1681137,4.987614,0,0.0,1,1.0,-0.96,24.4,75.6
2023-02-10 22:45:00,46.827848944448,0.0,0.0,19.01111109,1.512,30.6,0,5.1764362714980825,70.66250196097344,22,4,2,-0.5000000000000004,0.8660254037844384,-0.433883739117558,-0.9009688679024191,0.8660254037844386,0.5000000000000001,0.0,0.0,0.0,19.025,41.575,91.75,65.5,-5.2,3.2758436,0.0249999999999999,0.4499999999999999,18.914814776666667,31.0,31.0,31.633333333333333,32.0,30.216666666666665,-17.49911109,0.1981481266666662,-0.012,1.524,1.46,18.945061721111117,1.5173333333333348,4.987614,4.994026,5.0528116,5.141409,4.897212,1,1.0,1,0.75,-0.91,22.7,77.3
2023-02-10 23:00:00,153.624688083334,96.485029344444,96.504195277776,18.914814776666667,1.46,30.216666666666665,2,5.1764362714980825,70.66250196097344,23,4,2,-0.2588190451025215,0.965925826289068,-0.433883739117558,-0.9009688679024191,0.8660254037844386,0.5000000000000001,0.0,0.0,0.0,19.1,40.3,90.0,62.0,-6.0,3.069015,0.0,0.3,18.9333333,30.6,31.0,31.0,31.633333333333333,31.15,-17.454814776666666,-0.0962963133333332,-0.052,1.512,1.3846666666666667,18.912962943333337,1.498666666666668,4.897212,4.987614,4.994026,5.0528116,5.0540023,0,1.0,1,0.75,-0.94,23.6,76.4
2023-02-10 23:15:00,138.942219805558,85.599353655556,85.61629742777801,18.9333333,1.3846666666666667,31.15,2,5.1764362714980825,70.66250196097344,23,4,2,-0.2588190451025215,0.965925826289068,-0.433883739117558,-0.9009688679024191,0.8660254037844386,0.5000000000000001,0.0,0.0,0.0,19.0,40.4,90.75,61.5,-6.4,2.9923487,0.0,0.0499999999999999,19.05000002,30.216666666666665,30.6,31.0,31.0,30.85,-17.548666633333333,0.0185185233333342,-0.0753333333333332,1.46,1.3233333333333337,18.95308638888889,1.4522222222222236,5.0540023,4.897212,4.987614,4.994026,5.039914,0,1.0,0,0.75,-0.93,23.3,76.7
2023-02-10 23:30:00,80.815378305558,35.403306027778,35.416361055556,19.05000002,1.3233333333333337,30.85,1,5.1764362714980825,70.66250196097344,23,4,2,-0.2588190451025215,0.965925826289068,-0.433883739117558,-0.9009688679024191,0.8660254037844386,0.5000000000000001,0.0,0.0,0.0,18.9,40.5,91.5,61.0,-6.8,2.9172978,0.0,-0.2,18.87777776,31.15,30.216666666666665,30.6,31.0,30.8,-17.72666668666667,0.1166667200000013,-0.0613333333333332,1.3846666666666667,1.2933333333333334,18.96604936555556,1.3893333333333346,5.039914,5.0540023,4.897212,4.987614,4.980845,0,1.0,1,0.75,-0.9,22.3,77.7
2023-02-10 23:45:00,188.366076105558,142.385693244444,142.410136733332,18.87777776,1.2933333333333334,30.8,2,5.1764362714980825,70.66250196097344,23,4,2,-0.2588190451025215,0.965925826289068,-0.433883739117558,-0.9009688679024191,0.8660254037844386,0.5000000000000001,0.0,0.0,0.0,18.8,40.6,92.25,60.5,-7.199999999999999,2.8438346,0.0,-0.45,19.112962966666664,30.85,31.15,30.216666666666665,30.6,30.166666666666668,-17.584444426666668,-0.1722222600000016,-0.03,1.3233333333333337,1.216,18.95370369333333,1.3337777777777788,4.980845,5.039914,5.0540023,4.897212,4.946614,0,0.0,1,1.0,-0.94,23.8,76.2
2023-02-11 00:00:00,129.21177573889,11.864247611112,11.875913794446,19.112962966666664,1.216,30.166666666666668,1,5.1764362714980825,70.66250196097344,0,5,2,0.0,1.0,-0.9749279121818236,-0.2225209339563146,0.8660254037844386,0.5000000000000001,0.0,0.0,0.0,18.7,40.7,93.0,60.0,-7.6,2.7719307,0.0,-0.7,18.97777779,30.8,30.85,31.15,30.216666666666665,29.55,-17.896962966666663,0.2351852066666637,-0.0773333333333334,1.2933333333333334,0.9806666666666666,19.01358024888889,1.2775555555555569,4.946614,4.980845,5.039914,5.0540023,4.807003,0,0.0,1,1.0,-0.89,21.9,78.1
2023-02-11 00:15:00,417.9074497,98.423285127778,98.4435621,18.97777779,0.9806666666666666,29.55,2,5.1764362714980825,70.66250196097344,0,5,2,0.0,1.0,-0.9749279121818236,-0.2225209339563146,0.8660254037844386,0.5000000000000001,0.0,0.0,0.0,18.625,40.425,83.5,60.25,-7.5,2.7931416,0.0,-0.6499999999999999,19.04259256,30.166666666666668,30.8,30.85,31.15,29.78333333333333,-17.997111123333333,-0.1351851766666634,-0.2353333333333334,1.216,0.7926666666666667,18.989506172222224,1.1633333333333344,4.807003,4.946614,4.980845,5.039914,4.8635283,0,0.0,1,1.0,-0.93,23.2,76.8
2023-02-11 00:30:00,122.877862422224,75.2094915,75.2261575,19.04259256,0.7926666666666667,29.78333333333333,2,5.1764362714980825,70.66250196097344,0,5,2,0.0,1.0,-0.9749279121818236,-0.2225209339563146,0.8660254037844386,0.5000000000000001,0.0,0.0,0.0,18.55,40.150000000000006,74.0,60.5,-7.4,2.8144627,0.0,-0.6,19.08888891,29.55,30.166666666666668,30.8,30.85,28.85,-18.249925893333334,0.0648147699999981,-0.1879999999999998,0.9806666666666666,0.6273333333333333,19.04444443888889,0.9964444444444456,4.8635283,4.807003,4.946614,4.980845,4.724001,0,0.0,0,1.0,-0.91,22.6,77.4
2023-02-11 00:45:00,97.078061172222,56.943277711112,56.95799933889,19.08888891,0.6273333333333333,28.85,1,5.1764362714980825,70.66250196097344,0,5,2,0.0,1.0,-0.9749279121818236,-0.2225209339563146,0.8660254037844386,0.5000000000000001,0.0,0.0,0.0,18.475,39.875,64.5,60.75,-7.3,2.835894,0.0,-0.55,18.961111136666663,29.78333333333333,29.55,30.166666666666668,30.8,28.966666666666665,-18.461555576666665,0.0462963499999986,-0.1653333333333334,0.7926666666666667,0.5273333333333333,19.03641975333333,0.8002222222222234,4.724001,4.8635283,4.807003,4.946614,4.707477,0,0.0,1,1.0,-0.91,22.3,77.7
2023-02-11 01:00:00,173.526391966668,129.71758883889,129.740921255556,18.961111136666663,0.5273333333333333,28.966666666666665,2,5.1764362714980825,70.66250196097344,1,5,2,0.2588190451025207,0.9659258262890684,-0.9749279121818236,-0.2225209339563146,0.8660254037844386,0.5000000000000001,0.0,0.0,0.0,18.4,39.6,55.0,61.0,-7.2,2.857436,0.0,-0.5,19.10555559,28.85,29.78333333333333,29.55,30.166666666666668,28.6,-18.43377780333333,-0.1277777733333316,-0.0999999999999999,0.6273333333333333,0.4473333333333333,19.030864202222222,0.6491111111111123,4.707477,4.724001,4.8635283,4.807003,4.6876707,0,0.0,1,1.0,-0.93,23.5,76.5
2023-02-11 01:15:00,103.517248111108,43.943242183334,43.95685273889,19.10555559,0.4473333333333333,28.6,1,5.1764362714980825,70.66250196097344,1,5,2,0.2588190451025207,0.9659258262890684,-0.9749279121818236,-0.2225209339563146,0.8660254037844386,0.5000000000000001,0.0,0.0,0.0,18.675,40.05,64.25,62.0,-7.175,2.8643281,0.0,-0.7,18.90740742,28.966666666666665,28.85,29.78333333333333,29.55,28.216666666666665,-18.658222256666665,0.1444444533333317,-0.08,0.5273333333333333,0.3026666666666667,19.05185187888889,0.5340000000000011,4.6876707,4.707477,4.724001,4.8635283,4.5710726,0,0.0,1,1.0,-0.9,22.2,77.8
2023-02-11 01:30:00,187.850541227778,138.255858427778,138.280579672222,18.90740742,0.3026666666666667,28.216666666666665,2,5.1764362714980825,70.66250196097344,1,5,2,0.2588190451025207,0.9659258262890684,-0.9749279121818236,-0.2225209339563146,0.8660254037844386,0.5000000000000001,0.0,0.0,0.0,18.95,40.5,73.5,63.0,-7.15,2.8704228,0.0,-0.9,19.11666666,28.6,28.966666666666665,28.85,29.78333333333333,28.1,-18.60474075333333,-0.198148169999996,-0.1446666666666666,0.4473333333333333,0.1866666666666666,18.991358048888888,0.425777777777779,4.5710726,4.6876707,4.707477,4.724001,4.608737,0,0.0,1,1.0,-0.95,24.1,75.9
2023-02-11 01:45:00,93.927909366668,51.311003011112,51.324613550002,19.11666666,0.1866666666666666,28.1,1,5.1764362714980825,70.66250196097344,1,5,2,0.2588190451025207,0.9659258262890684,-0.9749279121818236,-0.2225209339563146,0.8660254037844386,0.5000000000000001,0.0,0.0,0.0,19.225,40.95,82.75,64.0,-7.125,2.8757377,0.0,-1.1,19.08888889,28.216666666666665,28.6,28.966666666666665,28.85,27.716666666666665,-18.92999999333333,0.2092592399999979,-0.116,0.3026666666666667,0.112,19.04320989,0.3122222222222234,4.608737,4.5710726,4.6876707,4.707477,4.538425,0,0.0,1,1.0,-0.9,22.3,77.7
2023-02-11 02:00:00,125.113050911108,78.0902096,78.107986672222,19.08888889,0.112,27.716666666666665,2,5.1764362714980825,70.66250196097344,2,5,2,0.4999999999999999,0.8660254037844387,-0.9749279121818236,-0.2225209339563146,0.8660254037844386,0.5000000000000001,0.0,0.0,0.0,19.5,41.4,92.0,65.0,-7.1,2.8802915,0.0,-1.3,19.0111111,28.1,28.216666666666665,28.6,28.966666666666665,27.95,-18.97688889,-0.0277777700000001,-0.0746666666666666,0.1866666666666666,0.0613333333333333,19.03765432333334,0.2004444444444456,4.538425,4.608737,4.5710726,4.6876707,4.5556803,0,0.0,1,1.0,-0.91,22.6,77.4
2023-02-11 02:15:00,153.00276864444,108.221504316666,108.242892377776,19.0111111,0.0613333333333333,27.95,2,5.1764362714980825,70.66250196097344,2,5,2,0.4999999999999999,0.8660254037844387,-0.9749279121818236,-0.2225209339563146,0.8660254037844386,0.5000000000000001,0.0,0.0,0.0,19.4,41.5,94.0,66.25,-6.949999999999999,2.9102135,0.025,-1.425,19.177777806666665,27.716666666666665,28.1,28.216666666666665,28.6,27.53333333333333,-18.949777766666667,-0.0777777899999989,-0.0506666666666666,0.112,-0.1886666666666666,19.07222221666667,0.1200000000000011,4.5556803,4.538425,4.608737,4.5710726,4.5320945,0,0.0,0,1.0,-0.93,23.2,76.8
2023-02-11 02:30:00,92.32047378333,35.190814544444,35.204147311112,19.177777806666665,-0.1886666666666666,27.53333333333333,1,5.1764362714980825,70.66250196097344,2,5,2,0.4999999999999999,0.8660254037844387,-0.9749279121818236,-0.2225209339563146,0.8660254037844386,0.5000000000000001,0.0,0.0,0.0,19.3,41.6,96.0,67.5,-6.8,2.9393718,0.05,-1.55,18.99444443,27.95,27.716666666666665,28.1,28.216666666666665,27.85,-19.36644447333333,0.166666706666664,-0.25,0.0613333333333333,-0.7859999999999999,19.09259259888889,-0.0051111111111099,4.5320945,4.5556803,4.538425,4.608737,4.5349174,0,0.0,1,1.0,-0.89,21.8,78.2
2023-02-11 02:45:00,185.3884175,134.940713272222,134.964601249998,18.99444443,-0.7859999999999999,27.85,2,5.1764362714980825,70.66250196097344,2,5,2,0.4999999999999999,0.8660254037844387,-0.9749279121818236,-0.2225209339563146,0.8660254037844386,0.5000000000000001,0.0,0.0,0.0,19.200000000000003,41.7,98.0,68.75,-6.65,2.967777,0.075,-1.675,19.140740723333334,27.53333333333333,27.95,27.716666666666665,28.1,27.816666666666663,-19.78044443,-0.1833333766666669,-0.5973333333333333,-0.1886666666666666,-1.09,19.06111111222222,-0.3044444444444432,4.5349174,4.5320945,4.5556803,4.538425,4.568747,0,0.0,1,1.0,-0.93,23.4,76.6
2023-02-11 03:00:00,62.633883411112,22.998524472222,23.011023955556,19.140740723333334,-1.09,27.816666666666663,1,5.1764362714980825,70.66250196097344,3,5,2,0.7071067811865476,0.7071067811865476,-0.9749279121818236,-0.2225209339563146,0.8660254037844386,0.5000000000000001,0.0,0.0,0.0,19.1,41.8,100.0,70.0,-6.5,2.9954383,0.1,-1.8,19.02777774,27.85,27.53333333333333,27.95,27.716666666666665,27.9,-20.230740723333334,0.1462962933333358,-0.3040000000000001,-0.7859999999999999,-1.036,19.104320986666668,-0.6882222222222211,4.568747,4.5349174,4.5320945,4.5556803,4.552005,0,0.0,1,1.0,-0.9,22.1,77.9
2023-02-11 03:15:00,151.981420516666,108.349276972222,108.369553927778,19.02777774,-1.036,27.9,2,5.1764362714980825,70.66250196097344,3,5,2,0.7071067811865476,0.7071067811865476,-0.9749279121818236,-0.2225209339563146,0.8660254037844386,0.5000000000000001,0.0,0.0,0.0,18.825000000000003,41.8,100.0,71.5,-6.225,3.059626,0.175,-1.8,19.04629626,27.816666666666663,27.85,27.53333333333333,27.95,28.28333333333333,-20.06377774,-0.1129629833333361,0.054,-1.09,-0.996,19.054320964444447,-0.9706666666666656,4.552005,4.568747,4.5349174,4.5320945,4.619592,0,0.0,1,1.0,-0.93,23.1,76.9
2023-02-11 03:30:00,138.420851927774,78.264924844444,78.281590844444,19.04629626,-0.996,28.28333333333333,2,5.1764362714980825,70.66250196097344,3,5,2,0.7071067811865476,0.7071067811865476,-0.9749279121818236,-0.2225209339563146,0.8660254037844386,0.5000000000000001,0.0,0.0,0.0,18.55,41.8,100.0,73.0,-5.95,3.1238143,0.25,-1.8,19.12222221,27.9,27.816666666666663,27.85,27.53333333333333,27.7,-20.04229626,0.0185185200000042,0.04,-1.036,-0.9286666666666666,19.07160490777778,-1.0406666666666655,4.619592,4.552005,4.568747,4.5349174,4.544621,0,0.0,0,1.0,-0.92,22.8,77.2
2023-02-11 03:45:00,106.897390666664,54.189498983334,54.205053894446,19.12222221,-0.9286666666666666,27.7,1,5.1764362714980825,70.66250196097344,3,5,2,0.7071067811865476,0.7071067811865476,-0.9749279121818236,-0.2225209339563146,0.8660254037844386,0.5000000000000001,0.0,0.0,0.0,18.275,41.8,100.0,74.5,-5.675000000000001,3.188002,0.325,-1.8,18.96481483666667,28.28333333333333,27.9,27.816666666666663,27.85,27.966666666666665,-20.05088887666667,0.0759259499999984,0.0673333333333333,-0.996,-0.886,19.06543207,-0.9868888888888876,4.544621,4.619592,4.552005,4.568747,4.545956,0,0.0,1,1.0,-0.9,22.3,77.7
2023-02-11 04:00:00,181.400521488888,141.439619972222,141.464063444444,18.96481483666667,-0.886,27.966666666666665,2,5.1764362714980825,70.66250196097344,4,5,2,0.8660254037844386,0.5000000000000001,-0.9749279121818236,-0.2225209339563146,0.8660254037844386,0.5000000000000001,0.0,0.0,0.0,18.0,41.8,100.0,76.0,-5.4,3.2521899,0.4,-1.8,19.18333336,27.7,28.28333333333333,27.9,27.816666666666663,27.6,-19.850814836666668,-0.1574073733333314,0.0426666666666666,-0.9286666666666666,-0.842,19.04444443555556,-0.9368888888888875,4.545956,4.544621,4.619592,4.552005,4.544556,0,0.0,1,1.0,-0.94,23.6,76.4
2023-02-11 04:15:00,64.234097349994,14.601360372222,14.61219332222,19.18333336,-0.842,27.6,1,5.1764362714980825,70.66250196097344,4,5,2,0.8660254037844386,0.5000000000000001,-0.9749279121818236,-0.2225209339563146,0.8660254037844386,0.5000000000000001,0.0,0.0,0.0,17.725,41.25,99.75,75.75,-5.425000000000001,3.2471662,0.4,-1.775,18.97777778333333,27.966666666666665,27.7,28.28333333333333,27.9,27.216666666666665,-20.02533336,0.21851852333333,0.044,-0.886,-0.878,19.09012346888889,-0.8855555555555544,4.544556,4.545956,4.544621,4.619592,4.427432,0,0.0,1,1.0,-0.89,21.8,78.2
2023-02-11 04:30:00,150.51425702222,110.183370255556,110.204480527778,18.97777778333333,-0.878,27.216666666666665,2,5.1764362714980825,70.66250196097344,4,5,2,0.8660254037844386,0.5000000000000001,-0.9749279121818236,-0.2225209339563146,0.8660254037844386,0.5000000000000001,0.0,0.0,0.0,17.45,40.7,99.5,75.5,-5.45,3.242114,0.4,-1.75,19.05,27.6,27.966666666666665,27.7,28.28333333333333,27.45,-19.85577778333333,-0.205555576666665,-0.036,-0.842,-1.0006666666666666,19.04197532666667,-0.8686666666666655,4.427432,4.544556,4.545956,4.544621,4.484462,0,0.0,1,1.0,-0.94,23.7,76.3
2023-02-11 04:45:00,130.61449746111,74.983111655556,74.999499883334,19.05,-1.0006666666666666,27.45,2,5.1764362714980825,70.66250196097344,4,5,2,0.8660254037844386,0.5000000000000001,-0.9749279121818236,-0.2225209339563146,0.8660254037844386,0.5000000000000001,0.0,0.0,0.0,17.174999999999997,40.15,99.25,75.25,-5.475,3.237033,0.4,-1.725,19.06111113333333,27.216666666666665,27.6,27.966666666666665,27.7,27.03333333333333,-20.050666666666668,0.0722222166666668,-0.1226666666666665,-0.878,-1.182,19.070370381111115,-0.9068888888888876,4.484462,4.427432,4.544556,4.545956,4.419287,0,0.0,0,1.0,-0.92,23.0,77.0
2023-02-11 05:00:00,115.56593284444,59.396790716666,59.411512344444,19.06111113333333,-1.182,27.03333333333333,1,5.1764362714980825,70.66250196097344,5,5,2,0.9659258262890684,0.2588190451025207,-0.9749279121818236,-0.2225209339563146,0.8660254037844386,0.5000000000000001,0.0,0.0,0.0,16.9,39.6,99.0,75.0,-5.5,3.2319224,0.4,-1.7,18.92222223,27.45,27.216666666666665,27.6,27.966666666666665,27.3,-20.243111133333333,0.0111111333333333,-0.1813333333333333,-1.0006666666666666,-1.2553333333333332,19.02962963888889,-1.0202222222222208,4.419287,4.484462,4.427432,4.544556,4.426445,0,0.0,1,1.0,-0.92,23.0,77.0
2023-02-11 05:15:00,476.308169144444,140.972138672222,140.996859933332,18.92222223,-1.2553333333333332,27.3,2,5.1764362714980825,70.66250196097344,5,5,2,0.9659258262890684,0.2588190451025207,-0.9749279121818236,-0.2225209339563146,0.8660254037844386,0.5000000000000001,0.0,0.0,0.0,17.0,39.325,99.25,74.5,-5.675,3.1991723,0.35,-1.75,19.15925924333333,27.03333333333333,27.45,27.216666666666665,27.6,26.85,-20.17755556333333,-0.1388889033333349,-0.0733333333333332,-1.182,-1.4846666666666666,19.011111121111117,-1.1459999999999988,4.426445,4.419287,4.484462,4.427432,4.4147935,0,0.0,1,1.0,-0.95,24.2,75.8
2023-02-11 05:30:00,55.947484311108,16.069634955555998,16.081023366668,19.15925924333333,-1.4846666666666666,26.85,1,5.1764362714980825,70.66250196097344,5,5,2,0.9659258262890684,0.2588190451025207,-0.9749279121818236,-0.2225209339563146,0.8660254037844386,0.5000000000000001,0.0,0.0,0.0,17.1,39.05,99.5,74.0,-5.85,3.1666062,0.3,-1.7999999999999998,18.97777778,27.3,27.03333333333333,27.45,27.216666666666665,26.85,-20.64392591,0.2370370133333352,-0.2293333333333334,-1.2553333333333332,-1.604,19.04753086888889,-1.307333333333332,4.4147935,4.426445,4.419287,4.484462,4.367785,0,0.0,1,1.0,-0.9,22.1,77.9
2023-02-11 05:45:00,193.937242266664,136.562592827778,136.585091911112,18.97777778,-1.604,26.85,2,5.1764362714980825,70.66250196097344,5,5,2,0.9659258262890684,0.2588190451025207,-0.9749279121818236,-0.2225209339563146,0.8660254037844386,0.5000000000000001,0.0,0.0,0.0,17.2,38.775,99.75,73.5,-6.025,3.1342244,0.25,-1.85,19.15740741,26.85,27.3,27.03333333333333,27.45,26.816666666666663,-20.58177778,-0.1814814633333341,-0.1193333333333335,-1.4846666666666666,-1.6733333333333331,19.01975308444445,-1.4479999999999988,4.367785,4.4147935,4.426445,4.419287,4.4088316,0,0.0,1,1.0,-0.94,23.8,76.2
2023-02-11 06:00:00,111.949688683326,56.429131627778,56.444686572222,19.15740741,-1.6733333333333331,26.816666666666663,1,5.1764362714980825,70.66250196097344,6,5,2,1.0,6.123233995736766e-17,-0.9749279121818236,-0.2225209339563146,0.8660254037844386,0.5000000000000001,0.0,0.0,0.0,17.3,38.5,100.0,73.0,-6.2,3.1020257,0.2,-1.9,19.10555559,26.85,26.85,27.3,27.03333333333333,26.55,-20.830740743333333,0.1796296300000008,-0.069333333333333,-1.604,-1.666,19.098148144444448,-1.587333333333332,4.4088316,4.367785,4.4147935,4.426445,4.3516655,0,0.0,1,1.0,-0.9,22.2,77.8
2023-02-11 06:15:00,111.17888616666,71.226317483334,71.244927888888,19.10555559,-1.666,26.55,2,5.1764362714980825,70.66250196097344,6,5,2,1.0,6.123233995736766e-17,-0.9749279121818236,-0.2225209339563146,0.8660254037844386,0.5000000000000001,0.0,0.0,0.0,16.925,38.225,99.75,73.0,-6.3,3.0749767,0.175,-2.025,18.981481486666667,26.816666666666663,26.85,26.85,27.3,26.966666666666665,-20.77155559,-0.0518518199999995,0.0073333333333331,-1.6733333333333331,-1.662,19.080246926666668,-1.647777777777777,4.3516655,4.4088316,4.367785,4.4147935,4.3877225,0,0.0,1,1.0,-0.91,22.7,77.3
2023-02-11 06:30:00,186.75002961667,136.678421544444,136.700365116666,18.981481486666667,-1.662,26.966666666666665,2,5.1764362714980825,70.66250196097344,6,5,2,1.0,6.123233995736766e-17,-0.9749279121818236,-0.2225209339563146,0.8660254037844386,0.5000000000000001,0.0,0.0,0.0,16.55,37.95,99.5,73.0,-6.4,3.0481353,0.15,-2.15,19.16111109,26.55,26.816666666666663,26.85,26.85,26.65,-20.643481486666666,-0.124074103333335,0.004,-1.666,-1.6733333333333331,19.08148149555556,-1.66711111111111,4.3877225,4.3516655,4.4088316,4.367785,4.3823876,0,0.0,0,1.0,-0.94,23.7,76.3
2023-02-11 06:45:00,57.416036699996,17.655404905554,17.667626649998,19.16111109,-1.6733333333333331,26.65,1,5.1764362714980825,70.66250196097344,6,5,2,1.0,6.123233995736766e-17,-0.9749279121818236,-0.2225209339563146,0.8660254037844386,0.5000000000000001,0.0,0.0,0.0,16.175,37.675,99.25,73.0,-6.5,3.0215003,0.125,-2.275,18.96296292,26.966666666666665,26.55,26.816666666666663,26.85,26.866666666666667,-20.83444442333333,0.1796296033333355,-0.0113333333333331,-1.662,-1.728,19.08271605555556,-1.66711111111111,4.3823876,4.3877225,4.3516655,4.4088316,4.366676,0,0.0,1,1.0,-0.9,22.2,77.8
2023-02-11 07:00:00,286.11799932222,137.502277455556,137.526998683334,18.96296292,-1.728,26.866666666666667,2,5.1764362714980825,70.66250196097344,7,5,2,0.9659258262890684,-0.2588190451025206,-0.9749279121818236,-0.2225209339563146,0.8660254037844386,0.5000000000000001,0.0,0.0,0.0,15.8,37.4,99.0,73.0,-6.6,2.9950697,0.1,-2.4,19.13333331,26.65,26.966666666666665,26.55,26.816666666666663,27.85,-20.69096292,-0.1981481700000031,-0.0546666666666668,-1.6733333333333331,-1.724,19.03518516555556,-1.6877777777777765,4.366676,4.3823876,4.3877225,4.3516655,4.5722256,0,0.0,1,1.0,-0.95,23.9,76.1
2023-02-11 07:15:00,1306.52468133889,70.751614255556,70.769946855556,19.13333331,-1.724,27.85,2,5.1764362714980825,70.66250196097344,7,5,2,0.9659258262890684,-0.2588190451025206,-0.9749279121818236,-0.2225209339563146,0.8660254037844386,0.5000000000000001,0.0,0.0,0.0,15.525,36.6,98.0,72.75,-6.6,2.9900644,0.1,-2.375,19.06851854,26.866666666666667,26.65,26.966666666666665,26.55,28.366666666666667,-20.85733331,0.1703703900000022,0.004,-1.728,-1.6526666666666665,19.08580244,-1.708444444444443,4.5722256,4.366676,4.3823876,4.3877225,4.639281,0,0.0,0,1.0,-0.9,22.2,77.8
2023-02-11 07:30:00,556.1016438944459,80.099018111112,80.11762846666801,19.06851854,-1.6526666666666665,28.366666666666667,2,5.1764362714980825,70.66250196097344,7,5,2,0.9659258262890684,-0.2588190451025206,-0.9749279121818236,-0.2225209339563146,0.8660254037844386,0.5000000000000001,0.0,0.0,0.0,15.25,35.8,97.0,72.5,-6.6,2.9850314,0.1,-2.35,18.97222223,27.85,26.866666666666667,26.65,26.966666666666665,30.85,-20.721185206666664,-0.0648147700000016,0.0713333333333334,-1.724,-1.624,19.05493825666667,-1.7015555555555544,4.639281,4.5722256,4.366676,4.3823876,5.0168333,0,0.0,0,1.0,-0.91,22.6,77.4
2023-02-11 07:45:00,248.384508655556,117.607517744444,117.627794683334,18.97222223,-1.624,30.85,2,5.1764362714980825,70.66250196097344,7,5,2,0.9659258262890684,-0.2588190451025206,-0.9749279121818236,-0.2225209339563146,0.8660254037844386,0.5000000000000001,0.0,0.0,0.0,14.975,35.0,96.0,72.25,-6.6,2.9799695,0.1,-2.325,18.97037038333333,28.366666666666667,27.85,26.866666666666667,26.65,32.43333333333333,-20.59622223,-0.0962963099999996,0.0286666666666666,-1.6526666666666665,-1.956,19.058024693333337,-1.6668888888888878,5.0168333,4.639281,4.5722256,4.366676,5.27374,0,0.0,0,1.0,-0.92,23.0,77.0
2023-02-11 08:00:00,884.587392805558,32.690914527778,32.7028585,18.97037038333333,-1.956,32.43333333333333,1,5.1764362714980825,70.66250196097344,8,5,2,0.8660254037844387,-0.4999999999999998,-0.9749279121818236,-0.2225209339563146,0.8660254037844386,0.5000000000000001,0.0,0.0,0.0,14.7,34.2,95.0,72.0,-6.6,2.9748805,0.1,-2.3,18.72777779,30.85,28.366666666666667,27.85,26.866666666666667,32.55,-20.92637038333333,-0.0018518466666677,-0.3320000000000001,-1.624,-2.0686666666666667,19.00370371777778,-1.7442222222222208,5.27374,5.0168333,4.639281,4.5722256,5.2173815,0,0.0,1,1.0,-0.91,22.7,77.3
2023-02-11 08:15:00,267.003763905554,124.943890911112,124.96139026111,18.72777779,-2.0686666666666667,32.55,2,5.1764362714980825,70.66250196097344,8,5,2,0.8660254037844387,-0.4999999999999998,-0.9749279121818236,-0.2225209339563146,0.8660254037844386,0.5000000000000001,3.75,0.9375,0.3125,14.875,33.75,96.25,71.5,-6.675,2.964616,0.075,-2.25,18.89259260333333,32.43333333333333,30.85,28.366666666666667,27.85,32.6,-20.796444456666663,-0.242592593333331,-0.1126666666666666,-1.956,-1.9686666666666668,18.89012346777778,-1.882888888888888,5.2173815,5.27374,5.0168333,4.639281,5.2765493,0,0.0,1,1.0,-0.97,24.9,75.1
2023-02-11 08:30:00,85.331031155552,65.539322788888,65.549044666664,18.89259260333333,-1.9686666666666668,32.6,1,5.1764362714980825,70.66250196097344,8,5,2,0.8660254037844387,-0.4999999999999998,-0.9749279121818236,-0.2225209339563146,0.8660254037844386,0.5000000000000001,7.5,2.8125,0.9375,15.05,33.3,97.5,71.0,-6.75,2.9542384,0.05,-2.2,18.93888889,32.55,32.43333333333333,30.85,28.366666666666667,31.65,-20.86125927,0.1648148133333329,0.0999999999999998,-2.0686666666666667,-1.942,18.86358025888889,-1.9977777777777768,5.2765493,5.2173815,5.27374,5.0168333,5.1368103,0,0.0,1,1.0,-0.93,23.3,76.7
2023-02-11 08:45:00,97.662482277776,73.82454691666601,73.835379849998,18.93888889,-1.942,31.65,2,5.1764362714980825,70.66250196097344,8,5,2,0.8660254037844387,-0.4999999999999998,-0.9749279121818236,-0.2225209339563146,0.8660254037844386,0.5000000000000001,11.25,5.625,1.875,15.225,32.85,98.75,70.5,-6.825,2.943747,0.0249999999999999,-2.15,18.814814786666663,32.6,32.55,32.43333333333333,30.85,31.316666666666663,-20.88088889,0.0462962866666636,0.0266666666666668,-1.9686666666666668,-1.876,18.85308642777778,-1.9931111111111095,5.1368103,5.2765493,5.2173815,5.27374,5.045592,0,0.0,1,1.0,-0.93,23.1,76.9
2023-02-11 09:00:00,192.50091082222,162.6118286,162.63321666111,18.814814786666663,-1.876,31.316666666666663,2,5.1764362714980825,70.66250196097344,9,5,2,0.7071067811865476,-0.7071067811865475,-0.9749279121818236,-0.2225209339563146,0.8660254037844386,0.5000000000000001,15.0,9.375,3.125,15.4,32.4,100.0,70.0,-6.9,2.9331412,0.0,-2.1,19.133333305,31.65,32.6,32.55,32.43333333333333,30.925,-20.690814786666667,-0.1240741033333314,0.0659999999999998,-1.942,-1.972,18.88209876,-1.928888888888888,5.045592,5.1368103,5.2765493,5.2173815,5.077058,0,0.0,0,1.0,-0.96,24.3,75.7
2023-02-11 09:15:00,177.51845456111,145.242801188888,145.260578244444,19.133333305,-1.972,30.925,2,5.1764362714980825,70.66250196097344,9,5,2,0.7071067811865476,-0.7071067811865475,-0.9749279121818236,-0.2225209339563146,0.8660254037844386,0.5000000000000001,26.25,15.0,5.3125,15.325,33.4,100.0,69.25,-6.9750000000000005,2.9170156,0.0,-2.025,19.149999985,31.316666666666663,31.65,32.6,32.55,30.025,-21.105333305,0.3185185183333345,-0.0959999999999998,-1.876,-1.9333333333333331,18.96234566055556,-1.929999999999999,5.077058,5.045592,5.1368103,5.2765493,4.934147,0,0.0,0,1.0,-0.88,21.5,78.5
2023-02-11 09:30:00,54.663924555552,27.787777327778,27.794166005554,19.149999985,-1.9333333333333331,30.025,1,5.1764362714980825,70.66250196097344,9,5,2,0.7071067811865476,-0.7071067811865475,-0.9749279121818236,-0.2225209339563146,0.8660254037844386,0.5000000000000001,37.5,22.5,8.4375,15.25,34.4,100.0,68.5,-7.050000000000001,2.9006288,0.0,-1.95,18.96111111,30.925,31.316666666666663,31.65,32.6,29.85,-21.08333331833333,0.0166666800000001,0.0386666666666666,-1.972,-1.8133333333333328,19.03271602555556,-1.9271111111111103,4.934147,5.077058,5.045592,5.1368103,4.85103,0,0.0,1,1.0,-0.89,21.6,78.4
2023-02-11 09:45:00,143.796747916666,122.6667598,122.68314806111,18.96111111,-1.8133333333333328,29.85,2,5.1764362714980825,70.66250196097344,9,5,2,0.7071067811865476,-0.7071067811865475,-0.9749279121818236,-0.2225209339563146,0.8660254037844386,0.5000000000000001,48.75,31.875,12.5,15.175,35.4,100.0,67.75,-7.125,2.8839786,0.0,-1.875,19.02222221,30.025,30.925,31.316666666666663,31.65,30.0,-20.774444443333334,-0.1888888749999999,0.1200000000000001,-1.9333333333333331,-1.8713333333333333,19.08148146666667,-1.906222222222221,4.85103,4.934147,5.077058,5.045592,4.8930244,0,0.0,1,1.0,-0.93,23.3,76.7
2023-02-11 10:00:00,178.005101744444,157.391759644444,157.412314405554,19.02222221,-1.8713333333333333,30.0,2,5.1764362714980825,70.66250196097344,10,5,2,0.4999999999999999,-0.8660254037844387,-0.9749279121818236,-0.2225209339563146,0.8660254037844386,0.5000000000000001,60.0,43.125,17.5,15.1,36.4,100.0,67.0,-7.2,2.8670626,0.0,-1.8,19.27777777,29.85,30.025,30.925,31.316666666666663,29.6,-20.89355554333333,0.0611110999999979,-0.058,-1.8133333333333328,-1.758,19.044444435000003,-1.8726666666666656,4.8930244,4.85103,4.934147,5.077058,4.9010653,0,0.0,0,1.0,-0.92,22.7,77.3
2023-02-11 10:15:00,125.717748988884,88.5064596,88.519236905554,19.27777777,-1.758,29.6,2,5.1764362714980825,70.66250196097344,10,5,2,0.4999999999999999,-0.8660254037844387,-0.9749279121818236,-0.2225209339563146,0.8660254037844386,0.5000000000000001,75.75,55.5,23.8125,15.05,36.025,100.0,66.75,-7.15,2.8764112,0.0,-1.7,19.200000026666665,30.0,29.85,30.025,30.925,28.85,-21.03577777,0.2555555600000012,0.1133333333333332,-1.8713333333333333,-1.69,19.08703703,-1.814222222222221,4.9010653,4.8930244,4.85103,4.934147,4.7550454,0,0.0,0,1.0,-0.86,20.6,79.4
2023-02-11 10:30:00,70.555511066664,42.054984416666,42.062206394442,19.200000026666665,-1.69,28.85,1,5.1764362714980825,70.66250196097344,10,5,2,0.4999999999999999,-0.8660254037844387,-0.9749279121818236,-0.2225209339563146,0.8660254037844386,0.5000000000000001,91.5,69.0,31.4375,15.0,35.65,100.0,66.5,-7.1,2.8857324,0.0,-1.6,18.95555558,29.6,30.0,29.85,30.025,28.9,-20.890000026666662,-0.0777777433333355,0.068,-1.758,-1.403333333333333,19.16666666888889,-1.77311111111111,4.7550454,4.9010653,4.8930244,4.85103,4.695102,0,0.0,1,1.0,-0.88,21.4,78.6
2023-02-11 10:45:00,162.715713261114,145.795001283334,145.813611655556,18.95555558,-1.403333333333333,28.9,2,5.1764362714980825,70.66250196097344,10,5,2,0.4999999999999999,-0.8660254037844387,-0.9749279121818236,-0.2225209339563146,0.8660254037844386,0.5000000000000001,107.25,83.625,40.375,14.95,35.275,100.0,66.25,-7.05,2.895026,0.0,-1.5,19.166666696666667,28.85,29.6,30.0,29.85,29.28333333333333,-20.35888891333333,-0.2444444466666624,0.2866666666666666,-1.69,-1.165333333333333,19.144444458888888,-1.61711111111111,4.695102,4.7550454,4.9010653,4.8930244,4.816996,0,0.0,1,1.0,-0.94,23.5,76.5
2023-02-11 11:00:00,265.627985655552,183.401830266668,183.425162666668,19.166666696666667,-1.165333333333333,29.28333333333333,2,5.1764362714980825,70.66250196097344,11,5,2,0.258819045102521,-0.9659258262890682,-0.9749279121818236,-0.2225209339563146,0.8660254037844386,0.5000000000000001,123.0,99.375,50.625,14.9,34.9,100.0,66.0,-7.0,2.904291,0.0,-1.4,19.30000002,28.9,28.85,29.6,30.0,28.6,-20.33200003,0.2111111166666646,0.238,-1.403333333333333,-1.1173333333333335,19.107407434444443,-1.4195555555555543,4.816996,4.695102,4.7550454,4.9010653,4.74169,0,0.0,0,1.0,-0.89,21.6,78.4
2023-02-11 11:15:00,323.559834905554,10.132372488888,10.135983494442,19.30000002,-1.1173333333333335,28.6,1,5.1764362714980825,70.66250196097344,11,5,2,0.258819045102521,-0.9659258262890682,-0.9749279121818236,-0.2225209339563146,0.8660254037844386,0.5000000000000001,130.25,113.0,61.16666666666666,14.55,34.625,100.0,65.75,-6.975,2.9084551,0.0,-1.325,19.09259259666667,29.28333333333333,28.9,28.85,29.6,28.216666666666665,-20.417333353333337,0.1333333233333355,0.0479999999999998,-1.165333333333333,-1.142,19.14074076555556,-1.2286666666666657,4.74169,4.816996,4.695102,4.7550454,4.6213064,0,0.0,1,1.0,-0.86,20.6,79.4
2023-02-11 11:30:00,136.818693833328,110.973338655556,110.98833812222,19.09259259666667,-1.142,28.216666666666665,2,5.1764362714980825,70.66250196097344,11,5,2,0.258819045102521,-0.9659258262890682,-0.9749279121818236,-0.2225209339563146,0.8660254037844386,0.5000000000000001,137.5,124.5,72.0,14.2,34.349999999999994,100.0,65.5,-6.95,2.9125733,0.0,-1.25,19.08888887,28.6,29.28333333333333,28.9,28.85,28.8,-20.23459259666667,-0.2074074233333327,-0.0246666666666663,-1.1173333333333335,-1.2213333333333334,19.186419771111115,-1.1415555555555543,4.6213064,4.74169,4.816996,4.695102,4.7158136,0,0.0,1,1.0,-0.91,22.4,77.6
2023-02-11 11:45:00,188.752449550002,169.528496322224,169.549884350002,19.08888887,-1.2213333333333334,28.8,2,5.1764362714980825,70.66250196097344,11,5,2,0.258819045102521,-0.9659258262890682,-0.9749279121818236,-0.2225209339563146,0.8660254037844386,0.5000000000000001,144.75,133.875,83.125,13.85,34.075,100.0,65.25,-6.925000000000001,2.9166458,0.0,-1.175,19.37037038,28.216666666666665,28.6,29.28333333333333,28.9,28.35,-20.310222203333336,-0.0037037266666679,-0.0793333333333334,-1.142,-1.114,19.16049382888889,-1.1602222222222214,4.7158136,4.6213064,4.74169,4.816996,4.7197514,0,0.0,0,1.0,-0.91,22.4,77.6
2023-02-11 12:00:00,66.653722677776,42.015541511112,42.021930188888,19.37037038,-1.114,28.35,1,5.1764362714980825,70.66250196097344,12,5,2,1.2246467991473532e-16,-1.0,-0.9749279121818236,-0.2225209339563146,0.8660254037844386,0.5000000000000001,152.0,141.125,94.54166666666669,13.5,33.8,100.0,65.0,-6.9,2.9206715,0.0,-1.1,19.17777777,28.8,28.216666666666665,28.6,29.28333333333333,27.7,-20.48437038,0.281481509999999,0.1073333333333332,-1.2213333333333334,-1.016,19.18395061555556,-1.15911111111111,4.7197514,4.7158136,4.6213064,4.74169,4.559529,0,0.0,1,1.0,-0.84,20.0,80.0
2023-02-11 12:15:00,107.615973038886,80.608997711112,80.621219488888,19.17777777,-1.016,27.7,2,5.1764362714980825,70.66250196097344,12,5,2,1.2246467991473532e-16,-1.0,-0.9749279121818236,-0.2225209339563146,0.8660254037844386,0.5000000000000001,170.0,151.0625,106.52083333333331,13.35,33.275,100.0,64.75,-6.825,2.9348295,0.0,-0.975,19.07777776,28.35,28.8,28.216666666666665,28.6,27.966666666666665,-20.19377777,-0.1925926100000019,0.098,-1.114,-1.0033333333333334,19.21234567333333,-1.11711111111111,4.559529,4.7197514,4.7158136,4.6213064,4.576361,0,0.0,1,1.0,-0.89,21.8,78.2
2023-02-11 12:30:00,281.494573083334,249.623070227778,249.651680216666,19.07777776,-1.0033333333333334,27.966666666666665,2,5.1764362714980825,70.66250196097344,12,5,2,1.2246467991473532e-16,-1.0,-0.9749279121818236,-0.2225209339563146,0.8660254037844386,0.5000000000000001,188.0,163.6875,119.0625,13.2,32.75,100.0,64.5,-6.75,2.9489844,0.0,-0.8500000000000001,19.43888892,27.7,28.35,28.8,28.216666666666665,27.6,-20.08111109333333,-0.1000000099999987,0.0126666666666666,-1.016,-1.0366666666666666,19.20864197,-1.0444444444444434,4.576361,4.559529,4.7197514,4.7158136,4.6134486,0,0.0,0,1.0,-0.91,22.6,77.4
2023-02-11 12:45:00,30.662662427774,0.0,0.0,19.43888892,-1.0366666666666666,27.6,0,5.1764362714980825,70.66250196097344,12,5,2,1.2246467991473532e-16,-1.0,-0.9749279121818236,-0.2225209339563146,0.8660254037844386,0.5000000000000001,206.0,179.0,132.16666666666666,13.05,32.225,100.0,64.25,-6.675,2.9631357,0.0,-0.725,19.16296295333333,27.966666666666665,27.7,28.35,28.8,27.216666666666665,-20.475555586666665,0.3611111600000001,-0.0333333333333332,-1.0033333333333334,-0.778,19.231481483333337,-1.0186666666666655,4.6134486,4.576361,4.559529,4.7197514,4.47606,1,1.0,1,0.75,-0.83,19.6,80.4
2023-02-11 13:00:00,137.745323250002,120.994604455556,121.010992716666,19.16296295333333,-0.778,27.216666666666665,2,5.1764362714980825,70.66250196097344,13,5,2,-0.2588190451025208,-0.9659258262890684,-0.9749279121818236,-0.2225209339563146,0.8660254037844386,0.5000000000000001,224.0,197.0,145.83333333333334,12.9,31.7,100.0,64.0,-6.6,2.9772828,0.0,-0.6,19.13888891,27.6,27.966666666666665,27.7,28.35,27.5,-19.94096295333333,-0.2759259666666693,0.2586666666666666,-1.0366666666666666,-0.7739999999999999,19.22654321111111,-0.9393333333333324,4.47606,4.6134486,4.576361,4.559529,4.5162435,0,1.0,1,0.75,-0.9,22.0,78.0
2023-02-11 13:15:00,183.755427288888,165.881420027778,165.903085844444,19.13888891,-0.7739999999999999,27.5,2,5.1764362714980825,70.66250196097344,13,5,2,-0.2588190451025208,-0.9659258262890684,-0.9749279121818236,-0.2225209339563146,0.8660254037844386,0.5000000000000001,234.25,213.0625,159.04166666666666,12.4,31.425,100.0,63.5,-6.574999999999999,2.9848514,0.0,-0.4499999999999999,19.414814823333334,27.216666666666665,27.6,27.966666666666665,27.7,27.316666666666663,-19.91288891,-0.0240740433333321,0.0040000000000001,-0.778,-0.6933333333333334,19.246913594444447,-0.8628888888888878,4.5162435,4.47606,4.6134486,4.576361,4.5596275,0,1.0,0,0.75,-0.9,22.2,77.8
2023-02-11 13:30:00,105.248289933332,61.973909827778,61.982520616666,19.414814823333334,-0.6933333333333334,27.316666666666663,1,5.1764362714980825,70.66250196097344,13,5,2,-0.2588190451025208,-0.9659258262890684,-0.9749279121818236,-0.2225209339563146,0.8660254037844386,0.5000000000000001,244.5,227.1875,171.79166666666666,11.9,31.15,100.0,63.0,-6.55,2.9922135,0.0,-0.3,19.27222221,27.5,27.216666666666665,27.6,27.966666666666665,26.7,-20.108148156666665,0.2759259133333351,0.0806666666666665,-0.7739999999999999,-0.5873333333333334,19.23888889555556,-0.7484444444444435,4.5596275,4.5162435,4.47606,4.6134486,4.4194474,0,1.0,1,0.75,-0.84,19.9,80.1
2023-02-11 13:45:00,75.823078155552,51.327113483334,51.33739092222,19.27222221,-0.5873333333333334,26.7,1,5.1764362714980825,70.66250196097344,13,5,2,-0.2588190451025208,-0.9659258262890684,-0.9749279121818236,-0.2225209339563146,0.8660254037844386,0.5000000000000001,254.75,239.375,184.08333333333331,11.4,30.875,100.0,62.5,-6.525,2.9993658,0.0,-0.1499999999999999,18.951851856666668,27.316666666666663,27.5,27.216666666666665,27.6,26.966666666666665,-19.85955554333333,-0.1425926133333348,0.1059999999999999,-0.6933333333333334,-0.484,19.275308647777777,-0.6848888888888878,4.4194474,4.5596275,4.5162435,4.47606,4.3800554,0,0.0,0,1.0,-0.88,21.2,78.8
2023-02-11 14:00:00,182.051328788888,165.352830088888,165.37394036111,18.951851856666668,-0.484,26.966666666666665,2,5.1764362714980825,70.66250196097344,14,5,2,-0.4999999999999997,-0.8660254037844388,-0.9749279121818236,-0.2225209339563146,0.8660254037844386,0.5000000000000001,265.0,249.625,195.91666666666663,10.9,30.6,100.0,62.0,-6.5,3.0063028,0.0,-0.0,19.21111112,26.7,27.316666666666663,27.5,27.216666666666665,27.0,-19.435851856666662,-0.3203703533333311,0.1033333333333333,-0.5873333333333334,-0.4866666666666667,19.212962963333336,-0.5882222222222212,4.3800554,4.4194474,4.5596275,4.5162435,4.4530444,0,0.0,1,1.0,-0.95,24.0,76.0
2023-02-11 14:15:00,173.78860376111,146.89162413333202,146.909956766664,19.21111112,-0.4866666666666667,27.0,2,5.1764362714980825,70.66250196097344,14,5,2,-0.4999999999999997,-0.8660254037844388,-0.9749279121818236,-0.2225209339563146,0.8660254037844386,0.5000000000000001,261.0,256.3125,206.8125,10.6,29.700000000000003,99.75,61.5,-6.5,3.0026686,0.0,0.1,19.45370368,26.966666666666665,26.7,27.316666666666663,27.5,26.816666666666663,-19.69777778666667,0.2592592633333339,-0.0026666666666667,-0.484,-0.4646666666666667,19.14506172888889,-0.5193333333333324,4.4530444,4.3800554,4.4194474,4.5596275,4.486419,0,0.0,0,1.0,-0.89,21.7,78.3
2023-02-11 14:30:00,97.045006861114,70.783279655556,70.79439039444199,19.45370368,-0.4646666666666667,26.816666666666663,2,5.1764362714980825,70.66250196097344,14,5,2,-0.4999999999999997,-0.8660254037844388,-0.9749279121818236,-0.2225209339563146,0.8660254037844386,0.5000000000000001,257.0,259.4375,216.77083333333331,10.3,28.8,99.5,61.0,-6.5,2.9988232,0.0,0.2,19.27777776,27.0,26.966666666666665,26.7,27.316666666666663,26.2,-19.918370346666663,0.2425925599999985,0.022,-0.4866666666666667,-0.3613333333333333,19.205555552222226,-0.4784444444444434,4.486419,4.4530444,4.3800554,4.4194474,4.338105,0,0.0,0,1.0,-0.83,19.7,80.3
2023-02-11 14:45:00,77.0210857,45.585120972222,45.59345402222,19.27777776,-0.3613333333333333,26.2,1,5.1764362714980825,70.66250196097344,14,5,2,-0.4999999999999997,-0.8660254037844388,-0.9749279121818236,-0.2225209339563146,0.8660254037844386,0.5000000000000001,253.0,259.0,225.79166666666663,10.0,27.9,99.25,60.5,-6.5,2.9947648,0.0,0.3,19.00370369333333,26.816666666666663,27.0,26.966666666666665,26.7,26.466666666666665,-19.639111093333334,-0.1759259200000009,0.1033333333333333,-0.4646666666666667,-0.0286666666666666,19.31419752,-0.4375555555555545,4.338105,4.486419,4.4530444,4.3800554,4.312021,0,0.0,1,1.0,-0.88,21.2,78.8
2023-02-11 15:00:00,179.115057394442,152.072805727778,152.091416116666,19.00370369333333,-0.0286666666666666,26.466666666666665,2,5.1764362714980825,70.66250196097344,15,5,2,-0.7071067811865471,-0.7071067811865479,-0.9749279121818236,-0.2225209339563146,0.8660254037844386,0.5000000000000001,249.0,255.0,233.875,9.7,27.0,99.0,60.0,-6.5,2.9904897,0.0,0.4,19.30000002,26.2,26.816666666666663,27.0,26.966666666666665,26.45,-19.03237036,-0.2740740666666674,0.3326666666666666,-0.3613333333333333,0.2253333333333333,19.24506171111111,-0.2848888888888878,4.312021,4.338105,4.486419,4.4530444,4.385235,0,0.0,1,1.0,-0.94,23.6,76.4
2023-02-11 15:15:00,138.101975650002,121.359867627778,121.376533644444,19.30000002,0.2253333333333333,26.45,2,5.1764362714980825,70.66250196097344,15,5,2,-0.7071067811865471,-0.7071067811865479,-0.9749279121818236,-0.2225209339563146,0.8660254037844386,0.5000000000000001,241.5,250.125,239.83333333333331,9.725,26.275,93.75,59.75,-6.475,2.998542,0.0,0.5,19.39074073333333,26.466666666666665,26.2,26.816666666666663,27.0,25.85,-19.07466668666667,0.2962963266666705,0.254,-0.0286666666666666,0.3306666666666666,19.19382715777778,-0.0548888888888878,4.385235,4.312021,4.338105,4.486419,4.308709,0,0.0,0,1.0,-0.87,21.0,79.0
2023-02-11 15:30:00,32.48536728333,15.707982788888,15.712704849998,19.39074073333333,0.3306666666666666,25.85,1,5.1764362714980825,70.66250196097344,15,5,2,-0.7071067811865471,-0.7071067811865479,-0.9749279121818236,-0.2225209339563146,0.8660254037844386,0.5000000000000001,234.0,244.375,243.66666666666663,9.75,25.55,88.5,59.5,-6.45,3.0065455,0.0,0.6000000000000001,19.07777777,26.45,26.466666666666665,26.2,26.816666666666663,25.9,-19.06007406666667,0.0907407133333322,0.1053333333333333,0.2253333333333333,0.0733333333333333,19.23148148222222,0.1757777777777788,4.308709,4.385235,4.312021,4.338105,4.2381797,0,0.0,1,1.0,-0.85,20.4,79.6
2023-02-11 15:45:00,173.969985488884,133.167450872222,133.18411692222,19.07777777,0.0733333333333333,25.9,2,5.1764362714980825,70.66250196097344,15,5,2,-0.7071067811865471,-0.7071067811865479,-0.9749279121818236,-0.2225209339563146,0.8660254037844386,0.5000000000000001,226.5,237.75,245.375,9.775,24.825000000000003,83.25,59.25,-6.425000000000001,3.0145004,0.0,0.7000000000000001,19.205555553333333,25.85,26.45,26.466666666666665,26.2,26.28333333333333,-19.004444436666667,-0.3129629633333337,-0.2573333333333333,0.3306666666666666,0.042,19.256172841111116,0.2097777777777788,4.2381797,4.308709,4.385235,4.312021,4.3334265,0,0.0,1,1.0,-0.92,23.1,76.9
2023-02-11 16:00:00,191.727330633332,163.960941283334,163.980384988888,19.205555553333333,0.042,26.28333333333333,2,5.1764362714980825,70.66250196097344,16,5,2,-0.8660254037844385,-0.5000000000000004,-0.9749279121818236,-0.2225209339563146,0.8660254037844386,0.5000000000000001,219.0,230.25,244.95833333333331,9.8,24.1,78.0,59.0,-6.4,3.022405,0.0,0.8,19.43888889,25.9,25.85,26.45,26.466666666666665,25.95,-19.16355555333333,0.1277777833333324,-0.0313333333333333,0.0733333333333333,0.2373333333333333,19.224691352222223,0.1486666666666677,4.3334265,4.2381797,4.308709,4.385235,4.337645,0,0.0,0,1.0,-0.89,21.8,78.2
2023-02-11 16:15:00,365.032064933328,20.322242627778003,20.329186833332,19.43888889,0.2373333333333333,25.95,1,5.1764362714980825,70.66250196097344,16,5,2,-0.8660254037844385,-0.5000000000000004,-0.9749279121818236,-0.2225209339563146,0.8660254037844386,0.5000000000000001,212.5,223.0,243.14583333333331,10.1,24.375,75.75,58.75,-6.4,3.0199127,0.0,0.8500000000000001,19.17962963333333,26.28333333333333,25.9,25.85,26.45,25.716666666666665,-19.201555556666666,0.2333333366666643,0.1953333333333333,0.042,0.288,19.24074073777778,0.1175555555555565,4.337645,4.3334265,4.2381797,4.308709,4.233527,0,0.0,1,1.0,-0.84,19.9,80.1
2023-02-11 16:30:00,142.655682494442,115.879809088888,115.894530749998,19.17962963333333,0.288,25.716666666666665,2,5.1764362714980825,70.66250196097344,16,5,2,-0.8660254037844385,-0.5000000000000004,-0.9749279121818236,-0.2225209339563146,0.8660254037844386,0.5000000000000001,206.0,216.0,239.9375,10.4,24.65,73.5,58.5,-6.4,3.0173638,0.0,0.9,19.16111114,25.95,26.28333333333333,25.9,25.85,26.0,-18.89162963333333,-0.2592592566666667,0.0506666666666666,0.2373333333333333,0.2326666666666667,19.27469135888889,0.1891111111111121,4.233527,4.337645,4.3334265,4.2381797,4.2755003,0,0.0,1,1.0,-0.9,22.2,77.8
2023-02-11 16:45:00,188.188861077776,166.976931788888,166.998319849998,19.16111114,0.2326666666666667,26.0,2,5.1764362714980825,70.66250196097344,16,5,2,-0.8660254037844385,-0.5000000000000004,-0.9749279121818236,-0.2225209339563146,0.8660254037844386,0.5000000000000001,199.5,209.25,235.33333333333331,10.7,24.925,71.25,58.25,-6.4,3.0147572,0.0,0.95,19.46666666,25.716666666666665,25.95,26.28333333333333,25.9,25.816666666666663,-18.92844447333333,-0.0185184933333317,-0.0553333333333333,0.288,0.366,19.25987655444445,0.2526666666666677,4.2755003,4.233527,4.337645,4.3334265,4.322413,0,0.0,0,1.0,-0.9,22.3,77.7
2023-02-11 17:00:00,115.725093161106,83.228059627778,83.239448105554,19.46666666,0.366,25.816666666666663,2,5.1764362714980825,70.66250196097344,17,5,2,-0.9659258262890684,-0.2588190451025206,-0.9749279121818236,-0.2225209339563146,0.8660254037844386,0.5000000000000001,193.0,202.75,229.33333333333331,11.0,25.2,69.0,58.0,-6.4,3.012093,0.0,1.0,19.33333336,26.0,25.716666666666665,25.95,26.28333333333333,25.55,-19.10066666,0.3055555200000022,0.1333333333333333,0.2326666666666667,0.3,19.269135811111116,0.2955555555555566,4.322413,4.2755003,4.233527,4.337645,4.2443404,0,0.0,0,1.0,-0.84,19.7,80.3
2023-02-11 17:15:00,73.5237256,42.886340027778,42.892728688888,19.33333336,0.3,25.55,1,5.1764362714980825,70.66250196097344,17,5,2,-0.9659258262890684,-0.2588190451025206,-0.9749279121818236,-0.2225209339563146,0.8660254037844386,0.5000000000000001,171.25,192.4375,221.85416666666663,9.525,25.1,51.75,59.75,-6.2250000000000005,3.0608258,0.0,0.8,19.01851852,25.816666666666663,26.0,25.716666666666665,25.95,25.966666666666665,-19.03333336,-0.1333333000000038,-0.066,0.366,0.0946666666666666,19.320370386666667,0.2995555555555566,4.2443404,4.322413,4.2755003,4.233527,4.234259,0,0.0,1,1.0,-0.87,20.9,79.1
2023-02-11 17:30:00,155.49350217778,138.619177227778,138.6369543,19.01851852,0.0946666666666666,25.966666666666665,2,5.1764362714980825,70.66250196097344,17,5,2,-0.9659258262890684,-0.2588190451025206,-0.9749279121818236,-0.2225209339563146,0.8660254037844386,0.5000000000000001,149.5,178.3125,212.89583333333331,8.05,25.0,34.5,61.5,-6.050000000000001,3.107606,0.0,0.6,19.17777776,25.55,25.816666666666663,26.0,25.716666666666665,25.95,-18.923851853333336,-0.3148148399999968,-0.2053333333333333,0.3,-0.1486666666666666,19.27283951333333,0.2535555555555566,4.234259,4.2443404,4.322413,4.2755003,4.2714715,0,0.0,1,1.0,-0.94,23.6,76.4
2023-02-11 17:45:00,170.954828083338,154.2871616,154.305772005554,19.17777776,-0.1486666666666666,25.95,2,5.1764362714980825,70.66250196097344,17,5,2,-0.9659258262890684,-0.2588190451025206,-0.9749279121818236,-0.2225209339563146,0.8660254037844386,0.5000000000000001,127.75,160.375,202.45833333333331,6.574999999999999,24.9,17.250000000000007,63.25,-5.875,3.1524744,0.0,0.3999999999999999,19.44999997333333,25.966666666666665,25.55,25.816666666666663,26.0,25.53333333333333,-19.32644442666667,0.1592592400000008,-0.2433333333333333,0.0946666666666666,-0.3546666666666667,19.176543213333336,0.082000000000001,4.2714715,4.234259,4.2443404,4.322413,4.2707877,0,0.0,0,1.0,-0.9,22.2,77.8
2023-02-11 18:00:00,105.791045838894,70.291354883334,70.301354533332,19.44999997333333,-0.3546666666666667,25.53333333333333,1,5.1764362714980825,70.66250196097344,18,5,2,-1.0,-1.8369701987210294e-16,-0.9749279121818236,-0.2225209339563146,0.8660254037844386,0.5000000000000001,106.0,138.625,190.54166666666663,5.1,24.8,0.0,65.0,-5.7,3.1954672,0.0,0.2,19.28333332,25.95,25.966666666666665,25.55,25.816666666666663,25.2,-19.80466664,0.2722222133333289,-0.206,-0.1486666666666666,-0.488,19.215432084444444,-0.1362222222222212,4.2707877,4.2714715,4.234259,4.2443404,4.1738935,0,0.0,1,1.0,-0.84,19.9,80.1
2023-02-11 18:15:00,94.730377250002,61.851692483334,61.8600255,19.28333332,-0.488,25.2,1,5.1764362714980825,70.66250196097344,18,5,2,-1.0,-1.8369701987210294e-16,-0.9749279121818236,-0.2225209339563146,0.8660254037844386,0.5000000000000001,81.5,116.1875,177.20833333333334,5.275,20.75,0.0,66.25,-5.875,3.1574588,0.0,-0.25,19.0351852,25.53333333333333,25.95,25.966666666666665,25.55,25.466666666666665,-19.77133332,-0.1666666533333298,-0.1333333333333333,-0.3546666666666667,-0.548,19.303703684444447,-0.3304444444444434,4.1738935,4.2707877,4.2714715,4.234259,4.1568127,0,0.0,0,1.0,-0.88,21.4,78.6
2023-02-11 18:30:00,172.149502594446,155.041298116666,155.061297349998,19.0351852,-0.548,25.466666666666665,2,5.1764362714980825,70.66250196097344,18,5,2,-1.0,-1.8369701987210294e-16,-0.9749279121818236,-0.2225209339563146,0.8660254037844386,0.5000000000000001,57.0,93.0625,162.45833333333334,5.449999999999999,16.7,0.0,67.5,-6.050000000000001,3.118422,0.0,-0.7,19.27222222,25.2,25.53333333333333,25.95,25.966666666666665,25.45,-19.583185200000003,-0.2481481199999997,-0.06,-0.488,-0.6286666666666666,19.25617283111111,-0.4635555555555545,4.1568127,4.1738935,4.2707877,4.2714715,4.212544,0,0.0,1,1.0,-0.94,23.5,76.5
2023-02-11 18:45:00,207.182267977776,181.346634744444,181.366356172222,19.27222222,-0.6286666666666666,25.45,2,5.1764362714980825,70.66250196097344,18,5,2,-1.0,-1.8369701987210294e-16,-0.9749279121818236,-0.2225209339563146,0.8660254037844386,0.5000000000000001,32.5,69.25,146.29166666666666,5.625,12.65,0.0,68.75,-6.2250000000000005,3.0784452,0.0,-1.15,19.540740780000004,25.466666666666665,25.2,25.53333333333333,25.95,25.03333333333333,-19.900888886666667,0.2370370199999989,-0.0806666666666665,-0.548,-0.7173333333333333,19.19691358,-0.5548888888888879,4.212544,4.1568127,4.1738935,4.2707877,4.2095532,0,0.0,0,1.0,-0.88,21.4,78.6
2023-02-11 19:00:00,81.450908483334,63.694396572222,63.70522952222,19.540740780000004,-0.7173333333333333,25.03333333333333,1,5.1764362714980825,70.66250196097344,19,5,2,-0.9659258262890684,0.2588190451025203,-0.9749279121818236,-0.2225209339563146,0.8660254037844386,0.5000000000000001,8.0,44.75,128.70833333333334,5.8,8.6,0.0,70.0,-6.4,3.037613,0.0,-1.6,19.33888892,25.45,25.466666666666665,25.2,25.53333333333333,25.0,-20.258074113333336,0.2685185600000039,-0.0886666666666666,-0.6286666666666666,-0.8126666666666666,19.28271606666667,-0.6313333333333323,4.2095532,4.212544,4.1568127,4.1738935,4.154333,0,0.0,1,1.0,-0.82,19.3,80.7
2023-02-11 19:15:00,120.525734411108,88.440351144444,88.452017377776,19.33888892,-0.8126666666666666,25.0,2,5.1764362714980825,70.66250196097344,19,5,2,-0.9659258262890684,0.2588190451025203,-0.9749279121818236,-0.2225209339563146,0.8660254037844386,0.5000000000000001,6.0,25.875,111.5,6.875,10.95,0.0,70.5,-6.75,2.9592762,0.0,-2.075,19.11111115,25.03333333333333,25.45,25.466666666666665,25.2,25.0,-20.151555586666664,-0.201851860000005,-0.0953333333333333,-0.7173333333333333,-0.846,19.383950640000005,-0.7195555555555545,4.154333,4.2095532,4.212544,4.1568127,4.098956,0,0.0,1,1.0,-0.87,21.0,79.0
2023-02-11 19:30:00,144.36339198333,110.473358672222,110.487247066664,19.11111115,-0.846,25.0,2,5.1764362714980825,70.66250196097344,19,5,2,-0.9659258262890684,0.2588190451025203,-0.9749279121818236,-0.2225209339563146,0.8660254037844386,0.5000000000000001,4.0,12.625,94.66666666666669,7.949999999999999,13.3,0.0,71.0,-7.1,2.8824263,0.0,-2.55,19.09444448,25.0,25.03333333333333,25.45,25.466666666666665,25.0,-19.95711115,-0.2277777699999994,-0.0333333333333333,-0.8126666666666666,-0.8506666666666667,19.330246950000003,-0.7919999999999989,4.098956,4.154333,4.2095532,4.212544,4.0949297,0,0.0,0,1.0,-0.92,22.9,77.1
2023-02-11 19:45:00,169.206009255556,150.9864603,151.00395963333202,19.09444448,-0.8506666666666667,25.0,2,5.1764362714980825,70.66250196097344,19,5,2,-0.9659258262890684,0.2588190451025203,-0.9749279121818236,-0.2225209339563146,0.8660254037844386,0.5000000000000001,2.0,5.0,78.20833333333333,9.025,15.65,0.0,71.5,-7.45,2.8070514,0.0,-3.025,19.22962961,25.0,25.0,25.03333333333333,25.45,25.0,-19.945111146666665,-0.0166666699999993,-0.0046666666666667,-0.846,-1.0533333333333337,19.181481516666665,-0.8364444444444435,4.0949297,4.098956,4.154333,4.2095532,4.1276903,0,0.0,0,1.0,-0.93,23.1,76.9
2023-02-11 20:00:00,216.918545211108,200.177270388888,200.200880544444,19.22962961,-1.0533333333333337,25.0,2,5.1764362714980825,70.66250196097344,20,5,2,-0.8660254037844386,0.5000000000000001,-0.9749279121818236,-0.2225209339563146,0.8660254037844386,0.5000000000000001,0.0,3.0,62.125,10.1,18.0,0.0,72.0,-7.8,2.7331412,0.0,-3.5,19.53888887,25.0,25.0,25.0,25.03333333333333,24.65,-20.28296294333333,0.13518513,-0.2026666666666667,-0.8506666666666667,-1.4933333333333332,19.145061746666663,-0.9166666666666656,4.1276903,4.0949297,4.098956,4.154333,4.144642,0,0.0,0,1.0,-0.89,21.9,78.1
2023-02-11 20:15:00,84.145523061106,55.648885088888,55.65721812222,19.53888887,-1.4933333333333332,24.65,1,5.1764362714980825,70.66250196097344,20,5,2,-0.8660254037844386,0.5000000000000001,-0.9749279121818236,-0.2225209339563146,0.8660254037844386,0.5000000000000001,0.0,1.5,47.85416666666666,10.875,19.625,0.0,70.5,-7.875,2.714435,0.0,-3.3,19.301851853333336,25.0,25.0,25.0,25.0,24.5,-21.032222203333333,0.309259260000001,-0.4399999999999997,-1.0533333333333337,-1.4520000000000002,19.28765432,-1.1324444444444437,4.144642,4.1276903,4.0949297,4.098956,4.06238,0,0.0,1,1.0,-0.83,19.4,80.6
2023-02-11 20:30:00,130.874764816666,95.84422166111,95.85561012222,19.301851853333336,-1.4520000000000002,24.5,2,5.1764362714980825,70.66250196097344,20,5,2,-0.8660254037844386,0.5000000000000001,-0.9749279121818236,-0.2225209339563146,0.8660254037844386,0.5000000000000001,0.0,0.5,35.395833333333336,11.65,21.25,0.0,69.0,-7.949999999999999,2.694572,0.0,-3.1,19.16666668,24.65,25.0,25.0,25.0,24.85,-20.753851853333337,-0.2370370166666653,0.041333333333333,-1.4933333333333332,-1.052,19.356790111111117,-1.332888888888888,4.06238,4.144642,4.1276903,4.0949297,4.08773,0,0.0,1,1.0,-0.88,21.4,78.6
2023-02-11 20:45:00,181.847447911116,160.190536572222,160.209702505554,19.16666668,-1.052,24.85,2,5.1764362714980825,70.66250196097344,20,5,2,-0.8660254037844386,0.5000000000000001,-0.9749279121818236,-0.2225209339563146,0.8660254037844386,0.5000000000000001,0.0,0.0,24.75,12.425,22.875,0.0,67.5,-8.025,2.673525,0.0,-2.9000000000000004,19.383333316666665,24.5,24.65,25.0,25.0,24.816666666666663,-20.21866668,-0.1351851733333369,0.4000000000000001,-1.4520000000000002,-0.7733333333333333,19.33580246777778,-1.3324444444444434,4.08773,4.06238,4.144642,4.1276903,4.1346693,0,0.0,0,1.0,-0.91,22.5,77.5
2023-02-11 21:00:00,184.97593391667,161.081056516666,161.10022248333,19.383333316666665,-0.7733333333333333,24.816666666666663,2,5.1764362714980825,70.66250196097344,21,5,2,-0.7071067811865477,0.7071067811865474,-0.9749279121818236,-0.2225209339563146,0.8660254037844386,0.5000000000000001,0.0,0.0,15.916666666666666,13.2,24.5,0.0,66.0,-8.1,2.6512687,0.0,-2.7,19.47222222,24.85,24.5,24.65,25.0,24.5,-20.15666665,0.216666636666666,0.2786666666666667,-1.052,-0.388,19.28395061666667,-1.0924444444444437,4.1346693,4.08773,4.06238,4.144642,4.103308,0,0.0,0,1.0,-0.86,20.6,79.4
2023-02-11 21:15:00,37.791266222216,17.743179144444,17.74845678333,19.47222222,-0.388,24.5,1,5.1764362714980825,70.66250196097344,21,5,2,-0.7071067811865477,0.7071067811865474,-0.9749279121818236,-0.2225209339563146,0.8660254037844386,0.5000000000000001,0.0,0.0,9.125,12.825,24.575,0.0,65.25,-8.125,2.6536572,0.0,-2.5250000000000004,19.159259246666668,24.816666666666663,24.85,24.5,24.65,24.683333333333334,-19.86022222,0.0888889033333342,0.3853333333333333,-0.7733333333333333,-0.0333333333333333,19.340740738888886,-0.7377777777777768,4.103308,4.1346693,4.08773,4.06238,4.058541,0,0.0,1,1.0,-0.84,20.0,80.0
2023-02-11 21:30:00,133.81936917778,111.112777527778,111.12666592222,19.159259246666668,-0.0333333333333333,24.683333333333334,2,5.1764362714980825,70.66250196097344,21,5,2,-0.7071067811865477,0.7071067811865474,-0.9749279121818236,-0.2225209339563146,0.8660254037844386,0.5000000000000001,0.0,0.0,4.375,12.45,24.65,0.0,64.5,-8.149999999999999,2.6556482,0.0,-2.35,19.10555555,24.5,24.816666666666663,24.85,24.5,24.95,-19.192592580000003,-0.312962973333331,0.3546666666666667,-0.388,0.2326666666666667,19.338271594444446,-0.3982222222222213,4.058541,4.103308,4.1346693,4.08773,4.0894184,0,0.0,1,1.0,-0.91,22.6,77.4
2023-02-11 21:45:00,216.046357949994,177.349850172222,177.371516038886,19.10555555,0.2326666666666667,24.95,2,5.1764362714980825,70.66250196097344,21,5,2,-0.7071067811865477,0.7071067811865474,-0.9749279121818236,-0.2225209339563146,0.8660254037844386,0.5000000000000001,0.0,0.0,1.6666666666666667,12.075,24.725,0.0,63.75,-8.174999999999999,2.6572325,0.0,-2.175,19.43148150333333,24.683333333333334,24.5,24.816666666666663,24.85,24.53333333333333,-18.87288888333333,-0.0537036966666661,0.266,-0.0333333333333333,0.3993333333333334,19.24567900555556,-0.0628888888888879,4.0894184,4.058541,4.103308,4.1346693,4.099058,0,0.0,0,1.0,-0.92,23.0,77.0
2023-02-11 22:00:00,153.570523699996,129.445099788888,129.46093250555398,19.43148150333333,0.3993333333333334,24.53333333333333,2,5.1764362714980825,70.66250196097344,22,5,2,-0.5000000000000004,0.8660254037844384,-0.9749279121818236,-0.2225209339563146,0.8660254037844386,0.5000000000000001,0.0,0.0,1.0,11.7,24.8,0.0,63.0,-8.2,2.6584013,0.0,-2.0,19.40555558,24.95,24.683333333333334,24.5,24.816666666666663,24.2,-19.03214817,0.3259259533333321,0.1666666666666666,0.2326666666666667,0.5333333333333333,19.23209876666667,0.1995555555555565,4.099058,4.0894184,4.058541,4.103308,4.0372033,0,0.0,0,1.0,-0.85,20.3,79.7
2023-02-11 22:15:00,51.387111233328,34.6369478,34.64250316111,19.40555558,0.5333333333333333,24.2,1,5.1764362714980825,70.66250196097344,22,5,2,-0.5000000000000004,0.8660254037844384,-0.9749279121818236,-0.2225209339563146,0.8660254037844386,0.5000000000000001,0.0,0.0,0.5,12.075,24.725,0.0,62.0,-8.174999999999999,2.6531024,0.0,-1.8,19.07777782,24.53333333333333,24.95,24.683333333333334,24.5,24.466666666666665,-18.872222246666663,-0.0259259233333324,0.1339999999999999,0.3993333333333334,0.678,19.314197544444443,0.3884444444444455,4.0372033,4.099058,4.0894184,4.058541,4.003634,0,0.0,1,1.0,-0.86,20.6,79.4
2023-02-11 22:30:00,169.250451861114,147.026340927778,147.043284749998,19.07777782,0.678,24.466666666666665,2,5.1764362714980825,70.66250196097344,22,5,2,-0.5000000000000004,0.8660254037844384,-0.9749279121818236,-0.2225209339563146,0.8660254037844386,0.5000000000000001,0.0,0.0,0.1666666666666666,12.45,24.65,0.0,61.0,-8.149999999999999,2.6470628,0.0,-1.6,19.23333336,24.2,24.53333333333333,24.95,24.683333333333334,24.5,-18.39977782,-0.32777776,0.1446666666666667,0.5333333333333333,0.8326666666666667,19.30493830111111,0.5368888888888899,4.003634,4.0372033,4.099058,4.0894184,4.0460196,0,0.0,1,1.0,-0.93,23.4,76.6
2023-02-11 22:45:00,205.22067976111,174.914114272222,174.93411352222,19.23333336,0.8326666666666667,24.5,2,5.1764362714980825,70.66250196097344,22,5,2,-0.5000000000000004,0.8660254037844384,-0.9749279121818236,-0.2225209339563146,0.8660254037844386,0.5000000000000001,0.0,0.0,0.0,12.825,24.575,0.0,60.0,-8.125,2.6402643,0.0,-1.4,19.4648148,24.466666666666665,24.2,24.53333333333333,24.95,24.316666666666663,-18.40066669333333,0.1555555399999981,0.1546666666666666,0.678,1.0026666666666666,19.238888920000004,0.6813333333333343,4.0460196,4.003634,4.0372033,4.099058,4.07083,0,0.0,0,1.0,-0.9,22.0,78.0
2023-02-11 23:00:00,406.827059666664,34.884437916666,34.891104366664,19.4648148,1.0026666666666666,24.316666666666663,1,5.1764362714980825,70.66250196097344,23,5,2,-0.2588190451025215,0.965925826289068,-0.9749279121818236,-0.2225209339563146,0.8660254037844386,0.5000000000000001,0.0,0.0,0.0,13.2,24.5,0.0,59.0,-8.1,2.6326883,0.0,-1.2,19.19999998,24.5,24.466666666666665,24.2,24.53333333333333,24.05,-18.462148133333333,0.2314814399999996,0.1699999999999999,0.8326666666666667,1.2046666666666668,19.25864199333333,0.8377777777777787,4.07083,4.0460196,4.003634,4.0372033,3.9639113,0,0.0,1,1.0,-0.84,20.1,79.9
2023-02-11 23:15:00,120.122417277772,98.476060816666,98.489393649998,19.19999998,1.2046666666666668,24.05,2,5.1764362714980825,70.66250196097344,23,5,2,-0.2588190451025215,0.965925826289068,-0.9749279121818236,-0.2225209339563146,0.8660254037844386,0.5000000000000001,0.0,0.0,0.0,13.45,24.95,24.5,58.25,-8.125,2.6264865,0.0,-1.05,19.088888880000003,24.316666666666663,24.5,24.466666666666665,24.2,24.466666666666665,-17.99533331333333,-0.2648148200000015,0.2020000000000001,1.0026666666666666,1.2933333333333334,19.299382713333333,1.0133333333333343,3.9639113,4.07083,4.0460196,4.003634,4.0062585,0,0.0,1,1.0,-0.91,22.4,77.6
2023-02-11 23:30:00,197.117115133328,174.367747244444,174.388024233332,19.088888880000003,1.2933333333333334,24.466666666666665,2,5.1764362714980825,70.66250196097344,23,5,2,-0.2588190451025215,0.965925826289068,-0.9749279121818236,-0.2225209339563146,0.8660254037844386,0.5000000000000001,0.0,0.0,0.0,13.7,25.4,49.0,57.5,-8.149999999999999,2.6198301,0.0,-0.8999999999999999,19.3833333,24.05,24.316666666666663,24.5,24.466666666666665,24.15,-17.79555554666667,-0.1111110999999951,0.0886666666666666,1.2046666666666668,1.3986666666666667,19.251234553333333,1.1668888888888898,4.0062585,3.9639113,4.07083,4.0460196,4.023597,0,0.0,0,1.0,-0.93,23.3,76.7
2023-02-11 23:45:00,143.59231166111,126.810205172222,126.82548236111,19.3833333,1.3986666666666667,24.15,2,5.1764362714980825,70.66250196097344,23,5,2,-0.2588190451025215,0.965925826289068,-0.9749279121818236,-0.2225209339563146,0.8660254037844386,0.5000000000000001,0.0,0.0,0.0,13.95,25.85,73.5,56.75,-8.174999999999999,2.6127117,0.0,-0.75,19.394444433333334,24.466666666666665,24.05,24.316666666666663,24.5,24.0,-17.984666633333333,0.2944444199999978,0.1053333333333332,1.2933333333333334,1.6206666666666665,19.224074053333336,1.29888888888889,4.023597,4.0062585,3.9639113,4.07083,4.0012207,0,0.0,0,1.0,-0.86,20.8,79.2
2023-02-12 00:00:00,50.845466166664,19.308116511112,19.312560833332,19.394444433333334,1.6206666666666665,24.0,1,5.1764362714980825,70.66250196097344,0,6,2,0.0,1.0,-0.7818314824680299,0.6234898018587334,0.8660254037844386,0.5000000000000001,0.0,0.0,0.0,14.2,26.3,98.0,56.0,-8.2,2.6051226,0.0,-0.6,19.00555556,24.15,24.466666666666665,24.05,24.316666666666663,24.05,-17.77377776666667,0.0111111333333333,0.2219999999999997,1.3986666666666667,1.6073333333333333,19.288888871111112,1.4375555555555566,4.0012207,4.023597,4.0062585,3.9639113,3.9187193,0,0.0,1,1.0,-0.86,20.7,79.3
2023-02-12 00:15:00,177.2137445,139.4810872,139.496364372222,19.00555556,1.6073333333333333,24.05,2,5.1764362714980825,70.66250196097344,0,6,2,0.0,1.0,-0.7818314824680299,0.6234898018587334,0.8660254037844386,0.5000000000000001,0.0,0.0,0.0,14.075,26.925,98.25,55.75,-8.25,2.6069949,0.0,-0.525,19.14629631,24.0,24.15,24.466666666666665,24.05,24.28333333333333,-17.398222226666668,-0.3888888733333324,-0.0133333333333331,1.6206666666666665,1.5766666666666669,19.261111097777786,1.5422222222222233,3.9187193,4.0012207,4.023597,4.0062585,3.9897206,0,0.0,1,1.0,-0.95,24.1,75.9
2023-02-12 00:30:00,189.21937558888,172.37504913889,172.3956039,19.14629631,1.5766666666666669,24.28333333333333,2,5.1764362714980825,70.66250196097344,0,6,2,0.0,1.0,-0.7818314824680299,0.6234898018587334,0.8660254037844386,0.5000000000000001,0.0,0.0,0.0,13.95,27.55,98.5,55.5,-8.3,2.608807,0.0,-0.4499999999999999,19.43888888,24.05,24.0,24.15,24.466666666666665,23.95,-17.569629643333332,0.140740749999999,-0.0306666666666663,1.6073333333333333,1.6686666666666667,19.182098767777777,1.6015555555555565,3.9897206,3.9187193,4.0012207,4.023597,4.003337,0,0.0,0,1.0,-0.92,22.8,77.2
2023-02-12 00:45:00,131.147809427778,111.895524,111.90941236111,19.43888888,1.6686666666666667,23.95,2,5.1764362714980825,70.66250196097344,0,6,2,0.0,1.0,-0.7818314824680299,0.6234898018587334,0.8660254037844386,0.5000000000000001,0.0,0.0,0.0,13.825,28.175,98.75,55.25,-8.35,2.610559,0.0,-0.375,19.274074096666663,24.28333333333333,24.05,24.0,24.15,23.53333333333333,-17.77022221333333,0.2925925699999965,0.0919999999999998,1.5766666666666669,1.778,19.19691358333333,1.6175555555555563,4.003337,3.9897206,3.9187193,4.0012207,3.8957179,0,0.0,0,1.0,-0.85,20.3,79.7
2023-02-12 01:00:00,65.906808055556,41.15446483889,41.161686816666,19.274074096666663,1.778,23.53333333333333,1,5.1764362714980825,70.66250196097344,1,6,2,0.2588190451025207,0.9659258262890684,-0.7818314824680299,0.6234898018587334,0.8660254037844386,0.5000000000000001,0.0,0.0,0.0,13.7,28.8,99.0,55.0,-8.4,2.61225,0.0,-0.3,18.94444446,23.95,24.28333333333333,24.05,24.0,23.85,-17.496074096666668,-0.1648147833333304,0.1093333333333332,1.6686666666666667,1.7086666666666666,19.286419762222224,1.6744444444444455,3.8957179,4.003337,3.9897206,3.9187193,3.8721368,0,0.0,1,1.0,-0.89,21.8,78.2
2023-02-12 01:15:00,166.446953172214,136.6353677,136.653700349998,18.94444446,1.7086666666666666,23.85,2,5.1764362714980825,70.66250196097344,1,6,2,0.2588190451025207,0.9659258262890684,-0.7818314824680299,0.6234898018587334,0.8660254037844386,0.5000000000000001,0.0,0.0,0.0,13.55,28.0,74.25,55.0,-8.45,2.5987465,0.0,-0.375,19.06296294666667,23.53333333333333,23.95,24.28333333333333,24.05,24.0,-17.235777793333334,-0.3296296366666666,-0.0693333333333334,1.778,1.6173333333333335,19.219135812222223,1.718444444444445,3.8721368,3.8957179,4.003337,3.9897206,3.9238398,0,0.0,1,1.0,-0.97,24.7,75.3
2023-02-12 01:30:00,196.523527711108,166.7149978,166.733330433332,19.06296294666667,1.6173333333333335,24.0,2,5.1764362714980825,70.66250196097344,1,6,2,0.2588190451025207,0.9659258262890684,-0.7818314824680299,0.6234898018587334,0.8660254037844386,0.5000000000000001,0.0,0.0,0.0,13.4,27.200000000000003,49.5,55.0,-8.5,2.5853043,0.0,-0.4499999999999999,19.39444442,23.85,23.53333333333333,23.95,24.28333333333333,23.65,-17.445629613333335,0.1185184866666695,-0.091333333333333,1.7086666666666666,1.54,19.09382716777778,1.7013333333333345,3.9238398,3.8721368,3.8957179,4.003337,3.9428694,0,0.0,0,1.0,-0.94,23.6,76.4
2023-02-12 01:45:00,160.108873255552,134.491842344444,134.507952849998,19.39444442,1.54,23.65,2,5.1764362714980825,70.66250196097344,1,6,2,0.2588190451025207,0.9659258262890684,-0.7818314824680299,0.6234898018587334,0.8660254037844386,0.5000000000000001,0.0,0.0,0.0,13.25,26.4,24.75,55.0,-8.55,2.5719233,0.0,-0.525,19.40370366333333,24.0,23.85,23.53333333333333,23.95,23.5,-17.85444442,0.33148147333333,-0.0773333333333334,1.6173333333333335,1.468,19.13395060888889,1.622000000000001,3.9428694,3.9238398,3.8721368,3.8957179,3.9199958,0,0.0,0,1.0,-0.86,20.8,79.2
2023-02-12 02:00:00,54.554206627778,37.786266222224,37.793210444444,19.40370366333333,1.468,23.5,1,5.1764362714980825,70.66250196097344,2,6,2,0.4999999999999999,0.8660254037844387,-0.7818314824680299,0.6234898018587334,0.8660254037844386,0.5000000000000001,0.0,0.0,0.0,13.1,25.6,0.0,55.0,-8.6,2.5586026,0.0,-0.6,19.12222224,23.65,24.0,23.85,23.53333333333333,23.5,-17.93570366333333,0.0092592433333322,-0.072,1.54,1.4366666666666668,19.28703701,1.5417777777777788,3.9199958,3.9428694,3.9238398,3.8721368,3.8555446,0,0.0,1,1.0,-0.86,20.7,79.3
2023-02-12 02:15:00,104.38499101667,86.716808955556,86.73014182222,19.12222224,1.4366666666666668,23.5,2,5.1764362714980825,70.66250196097344,2,6,2,0.4999999999999999,0.8660254037844387,-0.7818314824680299,0.6234898018587334,0.8660254037844386,0.5000000000000001,0.0,0.0,0.0,13.1,25.4,0.0,55.0,-8.675,2.5409365,0.0,-0.7,18.981481486666667,23.5,23.65,24.0,23.85,23.5,-17.685555573333332,-0.2814814233333322,-0.0313333333333332,1.468,1.4199999999999997,19.306790107777772,1.4815555555555564,3.8555446,3.9199958,3.9428694,3.9238398,3.8236644,0,0.0,1,1.0,-0.93,23.2,76.8
2023-02-12 02:30:00,203.229926111108,160.446637427778,160.464970094442,18.981481486666667,1.4199999999999997,23.5,2,5.1764362714980825,70.66250196097344,2,6,2,0.4999999999999999,0.8660254037844387,-0.7818314824680299,0.6234898018587334,0.8660254037844386,0.5000000000000001,0.0,0.0,0.0,13.1,25.200000000000003,0.0,55.0,-8.75,2.5233772,0.0,-0.8,19.23333334,23.5,23.5,23.65,24.0,23.5,-17.56148148666667,-0.1407407533333327,-0.016666666666667,1.4366666666666668,1.472,19.169135796666662,1.4415555555555564,3.8236644,3.8555446,3.9199958,3.9428694,3.8808758,0,0.0,0,1.0,-0.96,24.4,75.6
2023-02-12 02:45:00,158.19478328888002,132.4713676,132.48803368333,19.23333334,1.472,23.5,2,5.1764362714980825,70.66250196097344,2,6,2,0.4999999999999999,0.8660254037844387,-0.7818314824680299,0.6234898018587334,0.8660254037844386,0.5000000000000001,0.0,0.0,0.0,13.1,25.0,0.0,55.0,-8.825,2.505925,0.0,-0.9,19.349999986666667,23.5,23.5,23.5,23.65,23.5,-17.76133334,0.2518518533333349,0.0520000000000002,1.4199999999999997,1.584,19.11234568888889,1.4428888888888896,3.8808758,3.8236644,3.8555446,3.9199958,3.9076285,0,0.0,0,1.0,-0.9,22.2,77.8
2023-02-12 03:00:00,137.241454505558,120.438793355556,120.453515016666,19.349999986666667,1.584,23.5,2,5.1764362714980825,70.66250196097344,3,6,2,0.7071067811865476,0.7071067811865476,-0.7818314824680299,0.6234898018587334,0.8660254037844386,0.5000000000000001,0.0,0.0,0.0,13.1,24.8,0.0,55.0,-8.9,2.4885786,0.0,-1.0,19.27777779,23.5,23.5,23.5,23.5,23.2,-17.765999986666667,0.1166666466666654,0.1120000000000001,1.472,1.632,19.18827160444445,1.4920000000000009,3.9076285,3.8808758,3.8236644,3.8555446,3.8413754,0,0.0,0,1.0,-0.88,21.2,78.8
2023-02-12 03:15:00,40.581432394438,13.491127016666,13.495849127774,19.27777779,1.632,23.2,1,5.1764362714980825,70.66250196097344,3,6,2,0.7071067811865476,0.7071067811865476,-0.7818314824680299,0.6234898018587334,0.8660254037844386,0.5000000000000001,0.0,0.0,0.0,13.35,25.35,23.5,54.75,-8.95,2.4772668,0.0,-1.0,18.92592589,23.5,23.5,23.5,23.5,23.466666666666665,-17.64577779,-0.0722221966666651,0.048,1.584,1.784,19.287037038888894,1.5626666666666675,3.8413754,3.9076285,3.8808758,3.8236644,3.8057375,0,0.0,1,1.0,-0.89,21.9,78.1
2023-02-12 03:30:00,128.662353250002,110.106984444444,110.120039488888,18.92592589,1.784,23.466666666666665,2,5.1764362714980825,70.66250196097344,3,6,2,0.7071067811865476,0.7071067811865476,-0.7818314824680299,0.6234898018587334,0.8660254037844386,0.5000000000000001,0.0,0.0,0.0,13.6,25.9,47.0,54.5,-9.0,2.4659553,0.0,-1.0,18.93888885,23.2,23.5,23.5,23.5,23.5,-17.14192589,-0.3518519000000033,0.1519999999999999,1.632,1.850666666666667,19.18456788888889,1.666666666666668,3.8057375,3.8413754,3.9076285,3.8808758,3.8140616,0,0.0,1,1.0,-0.97,25.0,75.0
2023-02-12 03:45:00,194.345836955556,161.47965165555598,161.497984255556,18.93888885,1.850666666666667,23.5,2,5.1764362714980825,70.66250196097344,3,6,2,0.7071067811865476,0.7071067811865476,-0.7818314824680299,0.6234898018587334,0.8660254037844386,0.5000000000000001,0.0,0.0,0.0,13.85,26.45,70.5,54.25,-9.05,2.4546435,0.0,-1.0,19.264814803333334,23.466666666666665,23.2,23.5,23.5,23.5,-17.088222183333336,0.0129629600000029,0.0666666666666666,1.784,1.7086666666666666,19.04753084333333,1.7555555555555564,3.8140616,3.8057375,3.8413754,3.9076285,3.8880792,0,0.0,0,1.0,-0.97,24.8,75.2
2023-02-12 04:00:00,179.100613505554,144.4467219,144.463387933332,19.264814803333334,1.7086666666666666,23.5,2,5.1764362714980825,70.66250196097344,4,6,2,0.8660254037844386,0.5000000000000001,-0.7818314824680299,0.6234898018587334,0.8660254037844386,0.5000000000000001,0.0,0.0,0.0,14.1,27.0,94.0,54.0,-9.1,2.443332,0.0,-1.0,19.31666665,23.5,23.466666666666665,23.2,23.5,23.15,-17.556148136666668,0.3259259533333321,-0.1420000000000001,1.850666666666667,1.7113333333333332,19.043209847777774,1.7811111111111122,3.8880792,3.8140616,3.8057375,3.8413754,3.8418841,0,0.0,0,1.0,-0.89,21.9,78.1
2023-02-12 04:15:00,30.772102466664,13.796392555556,13.80139242222,19.31666665,1.7113333333333332,23.15,1,5.1764362714980825,70.66250196097344,4,6,2,0.8660254037844386,0.5000000000000001,-0.7818314824680299,0.6234898018587334,0.8660254037844386,0.5000000000000001,0.0,0.0,0.0,13.7,26.9,79.25,54.0,-9.075,2.4475799,0.0,-0.975,18.981481483333333,23.5,23.5,23.466666666666665,23.2,23.183333333333334,-17.605333316666666,0.0518518466666648,0.0026666666666665,1.7086666666666666,1.6206666666666665,19.17345676777778,1.7568888888888896,3.8418841,3.8880792,3.8140616,3.8057375,3.7721393,0,0.0,1,1.0,-0.88,21.5,78.5
2023-02-12 04:30:00,151.671710588892,134.825995627778,134.842939449998,18.981481483333333,1.6206666666666665,23.183333333333334,2,5.1764362714980825,70.66250196097344,4,6,2,0.8660254037844386,0.5000000000000001,-0.7818314824680299,0.6234898018587334,0.8660254037844386,0.5000000000000001,0.0,0.0,0.0,13.3,26.8,64.5,54.0,-9.05,2.4518344,0.0,-0.95,19.06666666,23.15,23.5,23.5,23.466666666666665,23.15,-17.360814816666668,-0.3351851666666654,-0.0906666666666666,1.7113333333333332,1.6673333333333331,19.18765431222222,1.6802222222222232,3.7721393,3.8418841,3.8880792,3.8140616,3.7856975,0,0.0,1,1.0,-0.96,24.5,75.5
2023-02-12 04:45:00,193.141440833328,162.29656346111,162.315173866664,19.06666666,1.6673333333333331,23.15,2,5.1764362714980825,70.66250196097344,4,6,2,0.8660254037844386,0.5000000000000001,-0.7818314824680299,0.6234898018587334,0.8660254037844386,0.5000000000000001,0.0,0.0,0.0,12.9,26.700000000000003,49.75,54.0,-9.025,2.456095,0.0,-0.925,19.37962961,23.183333333333334,23.15,23.5,23.5,23.0,-17.399333326666667,0.0851851766666662,0.0466666666666666,1.6206666666666665,1.8046666666666664,19.12160493111111,1.666444444444445,3.7856975,3.7721393,3.8418841,3.8880792,3.831161,0,0.0,0,1.0,-0.94,23.7,76.3
2023-02-12 05:00:00,163.201805099996,130.416172044444,130.432004777776,19.37962961,1.8046666666666664,23.0,2,5.1764362714980825,70.66250196097344,5,6,2,0.9659258262890684,0.2588190451025207,-0.7818314824680299,0.6234898018587334,0.8660254037844386,0.5000000000000001,0.0,0.0,0.0,12.5,26.6,35.0,54.0,-9.0,2.4603624,0.0,-0.9,19.35555554,23.15,23.183333333333334,23.15,23.5,22.65,-17.574962943333333,0.3129629499999993,0.1373333333333335,1.6673333333333331,1.976,19.142592584444444,1.6975555555555564,3.831161,3.7856975,3.7721393,3.8418841,3.76752,0,0.0,0,1.0,-0.87,21.0,79.0
2023-02-12 05:15:00,50.778246638886,28.664408944444,28.670242094442003,19.35555554,1.976,22.65,1,5.1764362714980825,70.66250196097344,5,6,2,0.9659258262890684,0.2588190451025207,-0.7818314824680299,0.6234898018587334,0.8660254037844386,0.5000000000000001,0.0,0.0,0.0,12.275,25.8,29.0,54.5,-9.0,2.4659553,0.0,-1.0,19.03333334,23.0,23.15,23.183333333333334,23.15,22.683333333333334,-17.379555540000002,-0.0240740699999975,0.1713333333333333,1.8046666666666664,1.852666666666667,19.26728393666667,1.8160000000000007,3.76752,3.831161,3.7856975,3.7721393,3.7020967,0,0.0,1,1.0,-0.88,21.3,78.7
2023-02-12 05:30:00,171.656189111108,144.289505972222,144.30700532222,19.03333334,1.852666666666667,22.683333333333334,2,5.1764362714980825,70.66250196097344,5,6,2,0.9659258262890684,0.2588190451025207,-0.7818314824680299,0.6234898018587334,0.8660254037844386,0.5000000000000001,0.0,0.0,0.0,12.05,25.0,23.0,55.0,-9.0,2.4713373,0.0,-1.1,19.15555553,22.65,23.0,23.15,23.183333333333334,22.95,-17.18066667333333,-0.3222222000000023,-0.1233333333333333,1.976,1.7266666666666666,19.25617283,1.8777777777777789,3.7020967,3.76752,3.831161,3.7856975,3.7727158,0,0.0,1,1.0,-0.95,24.1,75.9
2023-02-12 05:45:00,176.418776433328,159.6511137,159.671390705554,19.15555553,1.7266666666666666,22.95,2,5.1764362714980825,70.66250196097344,5,6,2,0.9659258262890684,0.2588190451025207,-0.7818314824680299,0.6234898018587334,0.8660254037844386,0.5000000000000001,0.0,0.0,0.0,11.825,24.2,17.0,55.5,-9.0,2.4765122,0.0,-1.2000000000000002,19.37777778666667,22.683333333333334,22.65,23.0,23.15,22.53333333333333,-17.428888863333334,0.1222221900000022,-0.1260000000000001,1.852666666666667,1.5160000000000002,19.18148147,1.8517777777777784,3.7727158,3.7020967,3.76752,3.831161,3.753019,0,0.0,0,1.0,-0.92,23.0,77.0
2023-02-12 06:00:00,132.845519316666,110.944173172222,110.957783794442,19.37777778666667,1.5160000000000002,22.53333333333333,2,5.1764362714980825,70.66250196097344,6,6,2,1.0,6.123233995736766e-17,-0.7818314824680299,0.6234898018587334,0.8660254037844386,0.5000000000000001,0.0,0.0,0.0,11.6,23.4,11.0,56.0,-9.0,2.481482,0.0,-1.3,19.28333332,22.95,22.683333333333334,22.65,23.0,22.5,-17.861777786666668,0.2222222566666687,-0.2106666666666663,1.7266666666666666,1.418,19.18888888555556,1.698444444444445,3.753019,3.7727158,3.7020967,3.76752,3.7266905,0,0.0,0,1.0,-0.87,21.1,78.9
2023-02-12 06:15:00,541.801938288884,155.449337327778,155.47016987777602,19.28333332,1.418,22.5,2,5.1764362714980825,70.66250196097344,6,6,2,1.0,6.123233995736766e-17,-0.7818314824680299,0.6234898018587334,0.8660254037844386,0.5000000000000001,0.0,0.0,0.0,11.375,22.85,31.5,56.0,-9.025,2.4771633,0.0,-1.325,19.30555554333333,22.53333333333333,22.95,22.683333333333334,22.65,22.316666666666663,-17.86533332,-0.094444466666669,-0.0980000000000003,1.5160000000000002,1.5953333333333333,19.27222221222222,1.5535555555555565,3.7266905,3.753019,3.7727158,3.7020967,3.701165,0,0.0,0,1.0,-0.9,21.9,78.1
2023-02-12 06:30:00,53.597856116662,32.310096444444,32.315929594442,19.30555554333333,1.5953333333333333,22.316666666666663,1,5.1764362714980825,70.66250196097344,6,6,2,1.0,6.123233995736766e-17,-0.7818314824680299,0.6234898018587334,0.8660254037844386,0.5000000000000001,0.0,0.0,0.0,11.15,22.3,52.0,56.0,-9.05,2.472851,0.0,-1.35,19.03888887,22.5,22.53333333333333,22.95,22.683333333333334,22.35,-17.71022221,0.0222222233333333,0.1773333333333333,1.418,1.642,19.32222221666667,1.5097777777777788,3.701165,3.7266905,3.753019,3.7727158,3.6488907,0,0.0,1,1.0,-0.89,21.8,78.2
2023-02-12 06:45:00,117.139203227774,100.2359904,100.249878794442,19.03888887,1.642,22.35,2,5.1764362714980825,70.66250196097344,6,6,2,1.0,6.123233995736766e-17,-0.7818314824680299,0.6234898018587334,0.8660254037844386,0.5000000000000001,0.0,0.0,0.0,10.925,21.75,72.5,56.0,-9.075,2.4685452,0.0,-1.375,18.97407407333333,22.316666666666663,22.5,22.53333333333333,22.95,22.5,-17.39688887,-0.2666666733333329,0.0466666666666666,1.5953333333333333,1.662,19.209259244444443,1.5517777777777788,3.6488907,3.701165,3.7266905,3.753019,3.659355,0,0.0,1,1.0,-0.95,24.2,75.8
2023-02-12 07:00:00,198.527058633332,172.646982744444,172.667815227778,18.97407407333333,1.662,22.5,2,5.1764362714980825,70.66250196097344,7,6,2,0.9659258262890684,-0.2588190451025206,-0.7818314824680299,0.6234898018587334,0.8660254037844386,0.5000000000000001,0.0,0.0,0.0,10.7,21.2,93.0,56.0,-9.1,2.4642465,0.0,-1.4,19.2722222,22.35,22.316666666666663,22.5,22.53333333333333,22.5,-17.312074073333335,-0.064814796666667,0.02,1.642,1.666,19.10617282888889,1.633111111111112,3.659355,3.6488907,3.701165,3.7266905,3.7242532,0,0.0,0,1.0,-0.97,24.7,75.3
2023-02-12 07:15:00,158.50004866111,133.8563122,133.87408932222002,19.2722222,1.666,22.5,2,5.1764362714980825,70.66250196097344,7,6,2,0.9659258262890684,-0.2588190451025206,-0.7818314824680299,0.6234898018587334,0.8660254037844386,0.5000000000000001,0.0,0.0,0.0,10.875,20.675,94.75,55.5,-9.225,2.4337425,0.0,-1.45,19.40555554333333,22.5,22.35,22.316666666666663,22.5,22.5,-17.606222199999998,0.2981481266666641,0.004,1.662,1.6913333333333331,19.095061714444444,1.6566666666666674,3.7242532,3.659355,3.6488907,3.701165,3.7535975,0,0.0,0,1.0,-0.9,22.0,78.0
2023-02-12 07:30:00,141.1385209,108.559268555556,108.573156949998,19.40555554333333,1.6913333333333331,22.5,2,5.1764362714980825,70.66250196097344,7,6,2,0.9659258262890684,-0.2588190451025206,-0.7818314824680299,0.6234898018587334,0.8660254037844386,0.5000000000000001,0.0,0.0,0.0,11.05,20.15,96.5,55.0,-9.35,2.4034178,0.0,-1.5,19.29444444,22.5,22.5,22.35,22.316666666666663,22.15,-17.71422221,0.1333333433333337,0.0253333333333332,1.666,2.066,19.217283938888887,1.673111111111112,3.7535975,3.7242532,3.659355,3.6488907,3.6711214,0,0.0,0,1.0,-0.87,20.9,79.1
2023-02-12 07:45:00,45.495402411108,17.7109582,17.715124749998,19.29444444,2.066,22.15,1,5.1764362714980825,70.66250196097344,7,6,2,0.9659258262890684,-0.2588190451025206,-0.7818314824680299,0.6234898018587334,0.8660254037844386,0.5000000000000001,0.0,0.0,0.0,11.225,19.625,98.25,54.5,-9.475,2.3732708,0.0,-1.55,18.946296276666665,22.5,22.5,22.5,22.35,22.183333333333334,-17.22844444,-0.1111111033333323,0.3746666666666667,1.6913333333333331,2.582,19.32407406111111,1.8077777777777784,3.6711214,3.7535975,3.7242532,3.659355,3.6019416,0,0.0,1,1.0,-0.9,21.9,78.1
2023-02-12 08:00:00,154.465765472226,136.065668255556,136.083723149998,18.946296276666665,2.582,22.183333333333334,2,5.1764362714980825,70.66250196097344,8,6,2,0.8660254037844387,-0.4999999999999998,-0.7818314824680299,0.6234898018587334,0.8660254037844386,0.5000000000000001,0.0,0.0,0.0,11.4,19.1,100.0,54.0,-9.6,2.3433015,0.0,-1.6,19.07222222,22.15,22.5,22.5,22.5,22.5,-16.364296276666664,-0.3481481633333345,0.516,2.066,3.1413333333333333,19.215432086666667,2.113111111111112,3.6019416,3.6711214,3.7535975,3.7242532,3.6806095,0,0.0,1,1.0,-0.97,25.0,75.0
2023-02-12 08:15:00,167.006375011112,150.322875744444,150.342597238886,19.07222222,3.1413333333333333,22.5,2,5.1764362714980825,70.66250196097344,8,6,2,0.8660254037844387,-0.4999999999999998,-0.7818314824680299,0.6234898018587334,0.8660254037844386,0.5000000000000001,8.75,2.1875,0.7291666666666666,11.2,19.625,100.0,53.0,-9.675,2.3403766,0.0,-1.35,19.37037038,22.183333333333334,22.15,22.5,22.5,22.316666666666663,-15.930888886666668,0.1259259433333355,0.5593333333333335,2.582,3.673333333333333,19.10432097888889,2.596444444444445,3.6806095,3.6019416,3.6711214,3.7535975,3.715313,0,0.0,0,1.0,-0.94,23.8,76.2
2023-02-12 08:30:00,112.265231494442,79.663757772222,79.67597958333,19.37037038,3.673333333333333,22.316666666666663,2,5.1764362714980825,70.66250196097344,8,6,2,0.8660254037844387,-0.4999999999999998,-0.7818314824680299,0.6234898018587334,0.8660254037844386,0.5000000000000001,17.5,6.5625,2.1875,11.0,20.15,100.0,52.0,-9.75,2.336537,0.0,-1.1,19.24444443,22.5,22.183333333333334,22.15,22.5,22.05,-15.697037046666669,0.2981481600000002,0.532,3.1413333333333333,3.854,19.129629625555555,3.132222222222224,3.715313,3.6806095,3.6019416,3.6711214,3.643801,0,0.0,0,1.0,-0.88,21.2,78.8
2023-02-12 08:45:00,62.733601788884,28.088320855556,28.095542849998,19.24444443,3.854,22.05,1,5.1764362714980825,70.66250196097344,8,6,2,0.8660254037844387,-0.4999999999999998,-0.7818314824680299,0.6234898018587334,0.8660254037844386,0.5000000000000001,26.25,13.125,4.375,10.8,20.675,100.0,51.0,-9.825,2.3317552,0.0,-0.8500000000000001,18.94259257,22.316666666666663,22.5,22.183333333333334,22.15,22.466666666666665,-15.39044443,-0.1259259500000027,0.1806666666666667,3.673333333333333,3.9626666666666654,19.22901234333333,3.5562222222222237,3.643801,3.715313,3.6806095,3.6019416,3.6471486,0,0.0,1,1.0,-0.91,22.4,77.6
2023-02-12 09:00:00,142.504299616666,123.739216883334,123.756160655556,18.94259257,3.9626666666666654,22.466666666666665,2,5.1764362714980825,70.66250196097344,9,6,2,0.7071067811865476,-0.7071067811865475,-0.7818314824680299,0.6234898018587334,0.8660254037844386,0.5000000000000001,35.0,21.875,7.291666666666667,10.6,21.2,100.0,50.0,-9.9,2.3260024,0.0,-0.6,19.06666666,22.05,22.316666666666663,22.5,22.183333333333334,22.5,-14.979925903333331,-0.3018518599999993,0.1086666666666662,3.854,4.489333333333334,19.18580246,3.830000000000001,3.6471486,3.643801,3.715313,3.6806095,3.6794033,0,0.0,1,1.0,-0.97,25.0,75.0
2023-02-12 09:15:00,139.759131594446,115.5487112,115.563155088888,19.06666666,4.489333333333334,22.5,2,5.1764362714980825,70.66250196097344,9,6,2,0.7071067811865476,-0.7071067811865475,-0.7818314824680299,0.6234898018587334,0.8660254037844386,0.5000000000000001,69.5,37.0625,13.083333333333334,9.85,20.675,100.0,47.5,-9.875,2.3271298,0.0,0.15,19.33888887333333,22.466666666666665,22.05,22.316666666666663,22.5,22.316666666666663,-14.577333326666665,0.1240740900000005,0.5266666666666673,3.9626666666666654,4.567333333333334,19.084567886666665,4.102000000000001,3.6794033,3.6471486,3.643801,3.715313,3.708435,0,0.0,0,1.0,-0.95,23.9,76.1
2023-02-12 09:30:00,23.247125627778,0.0,0.0,19.33888887333333,4.567333333333334,22.316666666666663,0,5.1764362714980825,70.66250196097344,9,6,2,0.7071067811865476,-0.7071067811865475,-0.7818314824680299,0.6234898018587334,0.8660254037844386,0.5000000000000001,104.0,58.6875,21.75,9.1,20.15,100.0,45.0,-9.85,2.3210492,0.0,0.9,19.51666667,22.5,22.466666666666665,22.05,22.316666666666663,22.0,-14.77155554,0.272222213333336,0.0780000000000002,4.489333333333334,4.777333333333333,19.11604936777778,4.33977777777778,3.708435,3.6794033,3.6471486,3.643801,3.694243,1,1.0,1,0.75,-0.88,21.5,78.5
2023-02-12 09:45:00,138.688618999996,113.330744372222,113.347410388888,19.51666667,4.777333333333333,22.0,2,5.1764362714980825,70.66250196097344,9,6,2,0.7071067811865476,-0.7071067811865475,-0.7818314824680299,0.6234898018587334,0.8660254037844386,0.5000000000000001,138.5,86.75,33.291666666666664,8.35,19.625,100.0,42.5,-9.825,2.3070915,0.0,1.65,20.27222221,22.316666666666663,22.5,22.466666666666665,22.05,21.816666666666663,-14.739333336666666,0.177777796666664,0.209999999999999,4.567333333333334,5.3806666666666665,19.307407401111117,4.611333333333334,3.694243,3.708435,3.6794033,3.6471486,3.8293226,0,1.0,1,0.75,-0.85,20.1,79.9
2023-02-12 10:00:00,114.525974427774,75.440593388888,75.45198188332999,20.27222221,5.3806666666666665,21.816666666666663,2,5.1764362714980825,70.66250196097344,10,6,2,0.4999999999999999,-0.8660254037844387,-0.7818314824680299,0.6234898018587334,0.8660254037844386,0.5000000000000001,173.0,121.25,47.708333333333336,7.6,19.1,100.0,40.0,-9.8,2.2845488,0.0,2.4,21.35000002,22.0,22.316666666666663,22.5,22.466666666666665,21.1,-14.891555543333332,0.7555555399999996,0.6033333333333335,4.777333333333333,5.326,19.70925925111111,4.908444444444445,3.8293226,3.694243,3.708435,3.6794033,3.9432297,0,1.0,0,0.75,-0.68,14.6,85.4
2023-02-12 10:15:00,24.135701233332,0.0,0.0,21.35000002,5.326,21.1,0,5.1764362714980825,70.66250196097344,10,6,2,0.4999999999999999,-0.8660254037844387,-0.7818314824680299,0.6234898018587334,0.8660254037844386,0.5000000000000001,213.25,157.1875,65.47916666666667,7.699999999999999,19.55,100.0,38.5,-9.75,2.2972696,0.0,3.05,21.618518556666668,21.816666666666663,22.0,22.316666666666663,22.5,20.53333333333333,-16.02400002,1.0777778100000006,-0.0546666666666668,5.3806666666666665,5.62,20.379629633333334,5.161333333333334,3.9432297,3.8293226,3.694243,3.708435,3.8974364,1,2.0,1,0.5,-0.43,8.9,91.1
2023-02-12 10:30:00,92.1004825,75.3178205,75.330597855552,21.618518556666668,5.62,20.53333333333333,2,5.1764362714980825,70.66250196097344,10,6,2,0.4999999999999999,-0.8660254037844387,-0.7818314824680299,0.6234898018587334,0.8660254037844386,0.5000000000000001,253.5,194.5625,86.60416666666667,7.8,20.0,100.0,37.0,-9.7,2.306008,0.0,3.7,21.5555556,21.1,21.816666666666663,22.0,22.316666666666663,20.8,-15.998518556666667,0.2685185366666687,0.2940000000000005,5.326,5.925333333333333,21.080246928888894,5.442222222222224,3.8974364,3.9432297,3.8293226,3.694243,3.9337027,0,1.0,1,0.75,-0.38,7.9,92.1
2023-02-12 10:45:00,127.627116977776,104.026949872222,104.042782638886,21.5555556,5.925333333333333,20.8,2,5.1764362714980825,70.66250196097344,10,6,2,0.4999999999999999,-0.8660254037844387,-0.7818314824680299,0.6234898018587334,0.8660254037844386,0.5000000000000001,293.75,233.375,111.08333333333331,7.9,20.45,100.0,35.5,-9.65,2.310432,0.0,4.35,21.5555556,20.53333333333333,21.1,21.816666666666663,22.0,20.53333333333333,-15.630222266666667,-0.0629629566666665,0.3053333333333325,5.62,6.748,21.50802472555556,5.623777777777779,3.9337027,3.8974364,3.9432297,3.8293226,3.8832703,0,1.0,0,0.75,-0.39,8.1,91.9
2023-02-12 11:00:00,34.06113741667,0.0,0.0,21.5555556,6.748,20.53333333333333,0,5.1764362714980825,70.66250196097344,11,6,2,0.258819045102521,-0.9659258262890682,-0.7818314824680299,0.6234898018587334,0.8660254037844386,0.5000000000000001,334.0,273.625,138.91666666666666,8.0,20.9,100.0,34.0,-9.6,2.3101926,0.0,5.0,21.5555556,20.8,20.53333333333333,21.1,21.816666666666663,20.5,-14.8075556,0.0,0.8226666666666675,5.925333333333333,6.87,21.576543252222223,6.097777777777779,3.8832703,3.9337027,3.8974364,3.9432297,3.8769665,1,2.0,1,0.5,-0.39,8.2,91.8
2023-02-12 11:15:00,96.71224252222,64.916847688888,64.926847338886,21.5555556,6.87,20.5,1,5.1764362714980825,70.66250196097344,11,6,2,0.258819045102521,-0.9659258262890682,-0.7818314824680299,0.6234898018587334,0.8660254037844386,0.5000000000000001,368.0,312.3125,168.85416666666666,7.85,21.35,91.75,33.5,-9.475,2.3370852,0.0,5.4,21.5555556,20.53333333333333,20.8,20.53333333333333,21.1,20.5,-14.6855556,0.0,0.1219999999999998,6.748,6.725333333333333,21.5555556,6.514444444444446,3.8769665,3.8832703,3.9337027,3.8974364,3.8769665,0,1.0,1,0.75,-0.39,8.2,91.8
2023-02-12 11:30:00,143.886744333332,120.490180166668,120.507401744444,21.5555556,6.725333333333333,20.5,2,5.1764362714980825,70.66250196097344,11,6,2,0.258819045102521,-0.9659258262890682,-0.7818314824680299,0.6234898018587334,0.8660254037844386,0.5000000000000001,402.0,349.4375,200.89583333333331,7.7,21.8,83.5,33.0,-9.35,2.3635573,0.0,5.8,21.45555554,20.5,20.53333333333333,20.8,20.53333333333333,20.55,-14.830222266666668,0.0,-0.1446666666666667,6.87,6.37,21.5555556,6.781111111111112,3.8769665,3.8769665,3.8832703,3.9337027,3.8639941,0,1.0,1,0.75,-0.39,8.2,91.8
2023-02-12 11:45:00,24.496797905554,0.0,0.0,21.45555554,6.37,20.55,0,5.1764362714980825,70.66250196097344,11,6,2,0.258819045102521,-0.9659258262890682,-0.7818314824680299,0.6234898018587334,0.8660254037844386,0.5000000000000001,436.0,385.0,235.04166666666663,7.550000000000001,22.25,75.25,32.5,-9.225,2.3895733,0.0,6.199999999999999,21.13518515333333,20.5,20.5,20.53333333333333,20.8,20.966666666666665,-15.085555539999998,-0.1000000600000028,-0.3553333333333333,6.725333333333333,7.008,21.52222224666667,6.655111111111112,3.8639941,3.8769665,3.8769665,3.8832703,3.8698018,1,2.0,1,0.5,-0.41,8.6,91.4
2023-02-12 12:00:00,79.23099725000199,62.461668083334,62.472223277776,21.13518515333333,7.008,20.966666666666665,1,5.1764362714980825,70.66250196097344,12,6,2,1.2246467991473532e-16,-1.0,-0.7818314824680299,0.6234898018587334,0.8660254037844386,0.5000000000000001,470.0,419.0,271.2916666666667,7.4,22.7,67.0,32.0,-9.1,2.4150953,0.0,6.6,20.81666664,20.55,20.5,20.5,20.53333333333333,21.3,-14.127185153333336,-0.3203703866666636,0.6379999999999999,6.37,7.492666666666667,21.382098764444446,6.701111111111112,3.8698018,3.8639941,3.8769665,3.8769665,3.8592253,0,1.0,1,0.75,-0.48,9.9,90.1
2023-02-12 12:15:00,152.45195727777602,118.02416776111,118.040833827774,20.81666664,7.492666666666667,21.3,2,5.1764362714980825,70.66250196097344,12,6,2,1.2246467991473532e-16,-1.0,-0.7818314824680299,0.6234898018587334,0.8660254037844386,0.5000000000000001,489.75,449.4375,306.3125,6.7250000000000005,22.25,74.5,31.5,-9.0,2.416395,0.0,6.85,21.124074076666663,20.966666666666665,20.55,20.5,20.5,21.03333333333333,-13.323999973333336,-0.3185185133333341,0.4846666666666666,7.008,7.600666666666667,21.135802444444447,6.956888888888891,3.8592253,3.8698018,3.8639941,3.8769665,3.8796036,0,1.0,1,0.75,-0.55,11.4,88.6
2023-02-12 12:30:00,161.71991977778,127.367960611112,127.384626644444,21.124074076666663,7.600666666666667,21.03333333333333,2,5.1764362714980825,70.66250196097344,12,6,2,1.2246467991473532e-16,-1.0,-0.7818314824680299,0.6234898018587334,0.8660254037844386,0.5000000000000001,509.5,476.3125,340.1041666666667,6.050000000000001,21.8,82.0,31.0,-8.899999999999999,2.4170058,0.0,7.1,21.61111113,21.3,20.966666666666665,20.55,20.5,20.95,-13.52340741,0.307407436666665,0.1080000000000005,7.492666666666667,8.187999999999999,21.02530862333333,7.367111111111112,3.8796036,3.8592253,3.8698018,3.8639941,3.9748216,0,1.0,0,0.75,-0.49,9.9,90.1
2023-02-12 12:45:00,20.621675166664,0.0,0.0,21.61111113,8.187999999999999,20.95,0,5.1764362714980825,70.66250196097344,12,6,2,1.2246467991473532e-16,-1.0,-0.7818314824680299,0.6234898018587334,0.8660254037844386,0.5000000000000001,529.25,499.625,372.6666666666667,5.375,21.35,89.5,30.5,-8.799999999999999,2.4169064,0.0,7.35,21.925925886666665,21.03333333333333,21.3,20.966666666666665,20.55,20.53333333333333,-13.42311113,0.4870370533333314,0.5873333333333317,7.600666666666667,8.577333333333334,21.18395061555556,7.760444444444445,3.9748216,3.8796036,3.8592253,3.8698018,3.967249,1,1.0,1,0.75,-0.38,7.9,92.1
2023-02-12 13:00:00,719.164843388888,0.0,0.0,21.925925886666665,8.577333333333334,20.53333333333333,0,5.1764362714980825,70.66250196097344,13,6,2,-0.2588190451025208,-0.9659258262890684,-0.7818314824680299,0.6234898018587334,0.8660254037844386,0.5000000000000001,549.0,519.375,404.0,4.7,20.9,97.0,30.0,-8.7,2.4160774,0.0,7.6,21.93888885,20.95,21.03333333333333,21.3,20.966666666666665,20.2,-13.348592553333331,0.3148147566666672,0.3893333333333348,8.187999999999999,8.792,21.553703697777777,8.122,3.967249,3.9748216,3.8796036,3.8592253,3.9057648,0,2.0,0,0.5,-0.31,6.9,93.1
2023-02-12 13:15:00,71.645467499996,50.330486683334,50.339930805554,21.93888885,8.792,20.2,1,5.1764362714980825,70.66250196097344,13,6,2,-0.2588190451025208,-0.9659258262890684,-0.7818314824680299,0.6234898018587334,0.8660254037844386,0.5000000000000001,553.0,535.1875,432.3125,4.2,19.725,97.75,29.75,-8.625,2.4310334,0.0,7.824999999999999,21.933333336666667,20.53333333333333,20.95,21.03333333333333,21.3,20.466666666666665,-13.146888850000002,0.0129629633333365,0.2146666666666661,8.577333333333334,8.311333333333334,21.825308622222224,8.519111111111112,3.9057648,3.967249,3.9748216,3.8796036,3.9560585,0,2.0,1,0.5,-0.3,6.9,93.1
2023-02-12 13:30:00,134.576283416666,104.676923855556,104.69109002222,21.933333336666667,8.311333333333334,20.466666666666665,2,5.1764362714980825,70.66250196097344,13,6,2,-0.2588190451025208,-0.9659258262890684,-0.7818314824680299,0.6234898018587334,0.8660254037844386,0.5000000000000001,557.0,547.0625,457.6041666666667,3.7,18.55,98.5,29.5,-8.55,2.445843,0.0,8.05,21.86111109,20.2,20.53333333333333,20.95,21.03333333333333,20.5,-13.622000003333332,-0.0055555133333342,-0.4806666666666661,8.792,8.604000000000001,21.93271602444445,8.560222222222224,3.9560585,3.9057648,3.967249,3.9748216,3.9460237,0,2.0,1,0.5,-0.3,6.9,93.1
2023-02-12 13:45:00,36.81019411667,0.0,0.0,21.86111109,8.604000000000001,20.5,0,5.1764362714980825,70.66250196097344,13,6,2,-0.2588190451025208,-0.9659258262890684,-0.7818314824680299,0.6234898018587334,0.8660254037844386,0.5000000000000001,561.0,555.0,479.875,3.2,17.375,99.25,29.25,-8.475,2.460501,0.0,8.275,21.56481479,20.466666666666665,20.2,20.53333333333333,20.95,20.5,-13.25711109,-0.0722222466666657,0.2926666666666673,8.311333333333334,8.447333333333333,21.911111092222225,8.569111111111113,3.9460237,3.9560585,3.9057648,3.967249,3.8790429,1,2.0,1,0.5,-0.32,7.1,92.9
2023-02-12 14:00:00,62.514999333332,40.314776211112,40.322831505554,21.56481479,8.447333333333333,20.5,1,5.1764362714980825,70.66250196097344,14,6,2,-0.4999999999999997,-0.8660254037844388,-0.7818314824680299,0.6234898018587334,0.8660254037844386,0.5000000000000001,565.0,559.0,499.125,2.7,16.2,100.0,29.0,-8.4,2.4749997,0.0,8.5,21.32777778,20.5,20.466666666666665,20.2,20.53333333333333,20.55,-13.117481456666669,-0.2962963000000016,-0.156666666666668,8.604000000000001,9.266,21.78641973888889,8.454222222222223,3.8790429,3.9460237,3.9560585,3.9057648,3.835501,0,1.0,1,0.75,-0.39,8.1,91.9
2023-02-12 14:15:00,136.509817172222,119.862983072222,119.879093611108,21.32777778,9.266,20.55,2,5.1764362714980825,70.66250196097344,14,6,2,-0.4999999999999997,-0.8660254037844388,-0.7818314824680299,0.6234898018587334,0.8660254037844386,0.5000000000000001,553.75,559.1875,514.6041666666666,3.0250000000000004,15.75,100.0,29.25,-8.3,2.5083816,0.0,8.575,21.37962966,20.5,20.5,20.466666666666665,20.2,20.78333333333333,-12.061777780000002,-0.2370370099999981,0.8186666666666671,8.447333333333333,8.784666666666668,21.584567886666672,8.772444444444446,3.835501,3.8790429,3.9460237,3.9560585,3.8907223,0,1.0,1,0.75,-0.44,9.1,90.9
2023-02-12 14:30:00,24.657347133328,0.0,0.0,21.37962966,8.784666666666668,20.78333333333333,0,5.1764362714980825,70.66250196097344,14,6,2,-0.4999999999999997,-0.8660254037844388,-0.7818314824680299,0.6234898018587334,0.8660254037844386,0.5000000000000001,542.5,555.5625,526.3125,3.35,15.3,100.0,29.5,-8.2,2.5420206,0.0,8.65,21.69444444,20.55,20.5,20.5,20.466666666666665,20.45,-12.594962993333333,0.0518518799999974,-0.4813333333333318,9.266,9.178,21.42407407666667,8.832666666666668,3.8907223,3.835501,3.8790429,3.9460237,3.8986924,1,2.0,1,0.5,-0.43,8.8,91.2
2023-02-12 14:45:00,345.119527983334,0.0,0.0,21.69444444,9.178,20.45,0,5.1764362714980825,70.66250196097344,14,6,2,-0.4999999999999997,-0.8660254037844388,-0.7818314824680299,0.6234898018587334,0.8660254037844386,0.5000000000000001,531.25,548.125,534.25,3.675,14.85,100.0,29.75,-8.1,2.5759182,0.0,8.725,21.97037036,20.78333333333333,20.55,20.5,20.5,20.03333333333333,-12.51644444,0.3148147799999989,0.3933333333333308,8.784666666666668,9.518,21.467283960000003,9.076222222222224,3.8986924,3.8907223,3.835501,3.8790429,3.8805783,0,2.0,0,0.5,-0.36,7.7,92.3
2023-02-12 15:00:00,113.666286450002,86.461263611112,86.474040916666,21.97037036,9.518,20.03333333333333,2,5.1764362714980825,70.66250196097344,15,6,2,-0.7071067811865471,-0.7071067811865479,-0.7818314824680299,0.6234898018587334,0.8660254037844386,0.5000000000000001,520.0,536.875,538.4166666666666,4.0,14.4,100.0,30.0,-8.0,2.610076,0.0,8.8,22.03888893,20.45,20.78333333333333,20.55,20.5,20.0,-12.45237036,0.2759259200000024,0.3400000000000016,9.178,9.475333333333332,21.681481486666662,9.160222222222224,3.8805783,3.8986924,3.8907223,3.835501,3.8894544,0,2.0,1,0.5,-0.3,6.8,93.2
2023-02-12 15:15:00,96.65168944444,77.09830482777801,77.110804394442,22.03888893,9.475333333333332,20.0,2,5.1764362714980825,70.66250196097344,15,6,2,-0.7071067811865471,-0.7071067811865479,-0.7818314824680299,0.6234898018587334,0.8660254037844386,0.5000000000000001,496.25,522.5,538.9583333333334,3.95,14.4,99.75,30.5,-7.825,2.6450918,0.0,8.75,21.75740741666667,20.03333333333333,20.45,20.78333333333333,20.55,20.0,-12.563555596666664,0.0685185699999983,-0.0426666666666673,9.518,8.847333333333333,21.901234576666667,9.390444444444446,3.8894544,3.8805783,3.8986924,3.8907223,3.8267977,0,2.0,0,0.5,-0.28,6.7,93.3
2023-02-12 15:30:00,28.231926377772,0.0,0.0,21.75740741666667,8.847333333333333,20.0,0,5.1764362714980825,70.66250196097344,15,6,2,-0.7071067811865471,-0.7071067811865479,-0.7818314824680299,0.6234898018587334,0.8660254037844386,0.5000000000000001,472.5,505.0,535.875,3.9,14.4,99.5,31.0,-7.65,2.6798527,0.0,8.7,21.15555558,20.0,20.03333333333333,20.45,20.78333333333333,20.4,-12.910074083333337,-0.281481513333329,-0.6280000000000001,9.475333333333332,8.515333333333334,21.92222223555556,9.280222222222225,3.8267977,3.8894544,3.8805783,3.8986924,3.7696671,1,2.0,1,0.5,-0.35,7.5,92.5
2023-02-12 15:45:00,84.52078578333,68.139218772222,68.149496177776,21.15555558,8.515333333333334,20.4,1,5.1764362714980825,70.66250196097344,15,6,2,-0.7071067811865471,-0.7071067811865479,-0.7818314824680299,0.6234898018587334,0.8660254037844386,0.5000000000000001,448.75,484.375,529.1666666666666,3.85,14.4,99.25,31.5,-7.475,2.7143612,0.0,8.65,20.744444426666668,20.0,20.0,20.03333333333333,20.45,21.15,-12.640222246666667,-0.6018518366666683,-0.3319999999999989,8.847333333333333,8.433333333333334,21.650617308888894,8.946000000000002,3.7696671,3.8267977,3.8894544,3.8805783,3.8159735,0,1.0,1,0.75,-0.48,9.9,90.1
2023-02-12 16:00:00,163.034311816662,128.408474588888,128.424307355552,20.744444426666668,8.433333333333334,21.15,2,5.1764362714980825,70.66250196097344,16,6,2,-0.8660254037844385,-0.5000000000000004,-0.7818314824680299,0.6234898018587334,0.8660254037844386,0.5000000000000001,425.0,460.625,518.8333333333334,3.8,14.4,99.0,32.0,-7.3,2.7486174,0.0,8.6,20.65555557,20.4,20.0,20.0,20.03333333333333,21.5,-12.311111093333334,-0.4111111533333336,-0.0820000000000007,8.515333333333334,8.454,21.21913580777778,8.598666666666668,3.8159735,3.7696671,3.8267977,3.8894544,3.8590941,0,1.0,1,0.75,-0.57,11.9,88.1
2023-02-12 16:15:00,43.23910378333,0.0,0.0,20.65555557,8.454,21.5,0,5.1764362714980825,70.66250196097344,16,6,2,-0.8660254037844385,-0.5000000000000004,-0.7818314824680299,0.6234898018587334,0.8660254037844386,0.5000000000000001,390.5,434.1875,505.2916666666667,4.3,14.675,98.75,33.5,-7.025,2.8134813,0.0,8.25,20.325925946666665,21.15,20.4,20.0,20.0,21.683333333333334,-12.20155557,-0.0888888566666672,0.020666666666667,8.433333333333334,8.482666666666667,20.85185185888889,8.467555555555558,3.8590941,3.8159735,3.7696671,3.8267977,3.8178787,1,2.0,1,0.5,-0.59,12.3,87.7
2023-02-12 16:30:00,73.121797377772,56.518572500000005,56.527461094442,20.325925946666665,8.482666666666667,21.683333333333334,1,5.1764362714980825,70.66250196097344,16,6,2,-0.8660254037844385,-0.5000000000000004,-0.7818314824680299,0.6234898018587334,0.8660254037844386,0.5000000000000001,356.0,405.0625,488.5416666666667,4.8,14.95,98.5,35.0,-6.75,2.8739166,0.0,7.9,20.15,21.5,21.15,20.4,20.0,22.35,-11.843259279999998,-0.3296296233333358,0.0286666666666661,8.454,8.262,20.575308647777774,8.456666666666669,3.8178787,3.8590941,3.8159735,3.7696671,3.8950045,0,1.0,1,0.75,-0.66,14.3,85.7
2023-02-12 16:45:00,179.670312833336,161.099944611112,161.120221583334,20.15,8.262,22.35,2,5.1764362714980825,70.66250196097344,16,6,2,-0.8660254037844385,-0.5000000000000004,-0.7818314824680299,0.6234898018587334,0.8660254037844386,0.5000000000000001,321.5,373.25,468.5833333333333,5.3,15.225,98.25,36.5,-6.475,2.9300683,0.0,7.55,20.29814813666667,21.683333333333334,21.5,21.15,20.4,22.5,-11.887999999999998,-0.1759259466666662,-0.2206666666666663,8.482666666666667,7.617999999999999,20.377160505555555,8.399555555555557,3.8950045,3.8178787,3.8590941,3.8159735,3.955249,0,1.0,1,0.75,-0.7,15.3,84.7
2023-02-12 17:00:00,43.63658788333,15.835755411111998,15.841866366664,20.29814813666667,7.617999999999999,22.5,1,5.1764362714980825,70.66250196097344,17,6,2,-0.9659258262890684,-0.2588190451025206,-0.7818314824680299,0.6234898018587334,0.8660254037844386,0.5000000000000001,287.0,338.75,445.4166666666667,5.8,15.5,98.0,38.0,-6.2,2.9820774,0.0,7.2,20.10555559,22.35,21.683333333333334,21.5,21.15,22.55,-12.68014813666667,0.1481481366666699,-0.644000000000001,8.262,7.022,20.258024694444444,8.12088888888889,3.955249,3.8950045,3.8178787,3.8590941,3.9196544,0,1.0,1,0.75,-0.67,14.3,85.7
2023-02-12 17:15:00,96.212818016666,63.679397155556,63.689119033332,20.10555559,7.022,22.55,1,5.1764362714980825,70.66250196097344,17,6,2,-0.9659258262890684,-0.2588190451025206,-0.7818314824680299,0.6234898018587334,0.8660254037844386,0.5000000000000001,247.0,302.875,419.8541666666667,6.2,15.225,93.5,39.75,-6.425,2.9466205,0.0,6.325,19.94074075,22.5,22.35,21.683333333333334,21.5,22.966666666666665,-13.08355559,-0.1925925466666669,-0.5959999999999992,7.617999999999999,6.501333333333333,20.18456790888889,7.634000000000001,3.9196544,3.955249,3.8950045,3.8178787,3.953743,0,0.0,0,1.0,-0.71,15.6,84.4
2023-02-12 17:30:00,157.754800605558,133.376053627778,133.392719677776,19.94074075,6.501333333333333,22.966666666666665,2,5.1764362714980825,70.66250196097344,17,6,2,-0.9659258262890684,-0.2588190451025206,-0.7818314824680299,0.6234898018587334,0.8660254037844386,0.5000000000000001,207.0,265.625,391.8958333333333,6.6,14.95,89.0,41.5,-6.65,2.9047425,0.0,5.45,20.02222225,22.55,22.5,22.35,21.683333333333334,22.65,-13.439407416666668,-0.1648148400000018,-0.520666666666667,7.022,6.134666666666666,20.11481482555556,7.047111111111112,3.953743,3.9196544,3.955249,3.8950045,3.9178808,0,0.0,1,1.0,-0.74,16.6,83.4
2023-02-12 17:45:00,41.27029362222,14.903292711112,14.906348188888,20.02222225,6.134666666666666,22.65,1,5.1764362714980825,70.66250196097344,17,6,2,-0.9659258262890684,-0.2588190451025206,-0.7818314824680299,0.6234898018587334,0.8660254037844386,0.5000000000000001,167.0,227.0,361.5416666666667,7.0,14.675,84.5,43.25,-6.875,2.857176,0.0,4.575,19.81851854,22.966666666666665,22.55,22.5,22.35,22.683333333333334,-13.887555583333336,0.0814815000000024,-0.3666666666666671,6.501333333333333,5.824666666666667,20.02283953,6.552666666666668,3.9178808,3.953743,3.9196544,3.955249,3.8770924,0,0.0,1,1.0,-0.73,16.1,83.9
2023-02-12 18:00:00,93.57153482222,77.074694655556,77.085527572222,19.81851854,5.824666666666667,22.683333333333334,2,5.1764362714980825,70.66250196097344,18,6,2,-1.0,-1.8369701987210294e-16,-0.7818314824680299,0.6234898018587334,0.8660254037844386,0.5000000000000001,127.0,187.0,328.7916666666667,7.4,14.4,80.0,45.0,-7.1,2.8046043,0.0,3.7,19.72777777,22.65,22.966666666666665,22.55,22.5,23.0,-13.993851873333332,-0.2037037100000027,-0.3099999999999987,6.134666666666666,5.616,19.92716051333333,6.153555555555556,3.8770924,3.9178808,3.953743,3.9196544,3.910348,0,0.0,1,1.0,-0.77,17.6,82.4
2023-02-12 18:15:00,171.644522827778,152.8447193,152.86360746111,19.72777777,5.616,23.0,2,5.1764362714980825,70.66250196097344,18,6,2,-1.0,-1.8369701987210294e-16,-0.7818314824680299,0.6234898018587334,0.8660254037844386,0.5000000000000001,97.75,149.6875,295.5833333333333,7.300000000000001,13.675,85.0,47.0,-7.15,2.8186166,0.0,3.125,19.94999997333333,22.683333333333334,22.65,22.966666666666665,22.55,22.816666666666663,-14.11177777,-0.09074077,-0.2086666666666676,5.824666666666667,5.426666666666667,19.856172853333334,5.858444444444445,3.910348,3.8770924,3.9178808,3.953743,3.9300518,0,0.0,0,1.0,-0.79,18.2,81.8
2023-02-12 18:30:00,65.953750611112,21.938566855556,21.942733405554,19.94999997333333,5.426666666666667,22.816666666666663,1,5.1764362714980825,70.66250196097344,18,6,2,-1.0,-1.8369701987210294e-16,-0.7818314824680299,0.6234898018587334,0.8660254037844386,0.5000000000000001,68.5,115.0625,261.9166666666667,7.2,12.95,90.0,49.0,-7.199999999999999,2.8270452,0.0,2.55,19.888888880000003,23.0,22.683333333333334,22.65,22.966666666666665,23.1,-14.523333306666665,0.2222222033333309,-0.1893333333333329,5.616,5.1593333333333335,19.832098761111112,5.622444444444445,3.9300518,3.910348,3.8770924,3.9178808,3.9646327,0,0.0,1,1.0,-0.74,16.6,83.4
2023-02-12 18:45:00,166.200018416666,106.414632144444,106.427131677776,19.888888880000003,5.1593333333333335,23.1,2,5.1764362714980825,70.66250196097344,18,6,2,-1.0,-1.8369701987210294e-16,-0.7818314824680299,0.6234898018587334,0.8660254037844386,0.5000000000000001,39.25,83.125,227.79166666666663,7.1,12.225,95.0,51.0,-7.25,2.8302474,0.0,1.975,19.874074056666664,22.816666666666663,23.0,22.683333333333334,22.65,23.95,-14.72955554666667,-0.0611110933333272,-0.2673333333333332,5.426666666666667,4.851333333333333,19.855555541111112,5.400666666666669,3.9646327,3.9300518,3.910348,3.8770924,4.10695,0,0.0,1,1.0,-0.75,17.0,83.0
2023-02-12 19:00:00,306.229139211112,251.384666444444,251.411887605554,19.874074056666664,4.851333333333333,23.95,2,5.1764362714980825,70.66250196097344,19,6,2,-0.9659258262890684,0.2588190451025203,-0.7818314824680299,0.6234898018587334,0.8660254037844386,0.5000000000000001,10.0,53.875,193.20833333333331,7.0,11.5,100.0,53.0,-7.3,2.8285635,0.0,1.4,20.45555558,23.1,22.816666666666663,23.0,22.683333333333334,23.95,-15.022740723333332,-0.0148148233333387,-0.3080000000000007,5.1593333333333335,4.714666666666667,19.90432097,5.14577777777778,4.10695,3.9646327,3.9300518,3.910348,4.249014,0,0.0,0,1.0,-0.75,17.0,83.0
2023-02-12 19:15:00,341.373844533332,276.209784483334,276.23922780555404,20.45555558,4.714666666666667,23.95,2,5.1764362714980825,70.66250196097344,19,6,2,-0.9659258262890684,0.2588190451025203,-0.7818314824680299,0.6234898018587334,0.8660254037844386,0.5000000000000001,7.5,31.3125,161.29166666666666,7.475,11.5,100.0,54.75,-7.15,2.8627977,0.0,1.1,20.96851854,23.95,23.1,22.816666666666663,23.0,23.53333333333333,-15.740888913333336,0.5814815233333377,-0.1366666666666658,4.851333333333333,4.514,20.07283950555556,4.908444444444446,4.249014,4.10695,3.9646327,3.9300518,4.301689,0,0.0,0,1.0,-0.62,13.1,86.9
2023-02-12 19:30:00,335.455192405554,274.406245511112,274.434855533332,20.96851854,4.514,23.53333333333333,2,5.1764362714980825,70.66250196097344,19,6,2,-0.9659258262890684,0.2588190451025203,-0.7818314824680299,0.6234898018587334,0.8660254037844386,0.5000000000000001,5.0,15.4375,132.04166666666666,7.95,11.5,100.0,56.5,-7.0,2.8943374,0.0,0.7999999999999999,21.33888891,23.95,23.95,23.1,22.816666666666663,23.5,-16.45451854,0.5129629599999959,-0.2006666666666667,4.714666666666667,4.426666666666667,20.43271605888889,4.693333333333334,4.301689,4.249014,4.10695,3.9646327,4.3889213,0,0.0,0,1.0,-0.51,10.4,89.6
2023-02-12 19:45:00,358.405663333328,293.003834944444,293.03355602222,21.33888891,4.426666666666667,23.5,2,5.1764362714980825,70.66250196097344,19,6,2,-0.9659258262890684,0.2588190451025203,-0.7818314824680299,0.6234898018587334,0.8660254037844386,0.5000000000000001,2.5,6.25,105.45833333333331,8.425,11.5,100.0,58.25,-6.85,2.923265,0.0,0.4999999999999999,21.605555573333334,23.53333333333333,23.95,23.95,23.1,23.5,-16.912222243333332,0.3703703699999998,-0.0873333333333334,4.514,4.069999999999999,20.920987676666662,4.551777777777779,4.3889213,4.301689,4.249014,4.10695,4.457197,0,0.0,0,1.0,-0.42,8.7,91.3
2023-02-12 20:00:00,356.648511288888,295.1198614,295.150693566664,21.605555573333334,4.069999999999999,23.5,2,5.1764362714980825,70.66250196097344,20,6,2,-0.8660254037844386,0.5000000000000001,-0.7818314824680299,0.6234898018587334,0.8660254037844386,0.5000000000000001,0.0,3.75,81.54166666666667,8.9,11.5,100.0,60.0,-6.7,2.9496624,0.0,0.2,21.84444444,23.5,23.53333333333333,23.95,23.95,23.5,-17.535555573333333,0.2666666633333356,-0.3566666666666673,4.426666666666667,3.667333333333333,21.304321007777776,4.33688888888889,4.457197,4.3889213,4.301689,4.249014,4.5191402,0,0.0,0,1.0,-0.36,7.7,92.3
2023-02-12 20:15:00,331.015092166668,281.3579119,281.387910733332,21.84444444,3.667333333333333,23.5,2,5.1764362714980825,70.66250196097344,20,6,2,-0.8660254037844386,0.5000000000000001,-0.7818314824680299,0.6234898018587334,0.8660254037844386,0.5000000000000001,0.0,1.875,60.958333333333336,8.875,12.4,100.0,60.75,-6.6,2.9711597,0.0,0.125,21.961111086666666,23.5,23.5,23.53333333333333,23.95,23.5,-18.17711110666667,0.2388888666666666,-0.4026666666666663,4.069999999999999,3.527333333333333,21.596296307777777,4.054666666666668,4.5191402,4.457197,4.3889213,4.301689,4.5496616,0,0.0,0,1.0,-0.31,6.9,93.1
2023-02-12 20:30:00,294.500163955556,244.5210521,244.547717733332,21.961111086666666,3.527333333333333,23.5,2,5.1764362714980825,70.66250196097344,20,6,2,-0.8660254037844386,0.5000000000000001,-0.7818314824680299,0.6234898018587334,0.8660254037844386,0.5000000000000001,0.0,0.625,43.708333333333336,8.850000000000001,13.3,100.0,61.5,-6.5,2.9923487,0.0,0.0499999999999999,22.03888892,23.5,23.5,23.5,23.53333333333333,23.5,-18.43377775333333,0.1166666466666654,-0.1400000000000001,3.667333333333333,3.3866666666666663,21.8037037,3.7548888888888894,4.5496616,4.5191402,4.457197,4.3889213,4.5701084,0,0.0,0,1.0,-0.28,6.6,93.4
2023-02-12 20:45:00,286.365767144444,215.199169455556,215.220557483334,22.03888892,3.3866666666666663,23.5,2,5.1764362714980825,70.66250196097344,20,6,2,-0.8660254037844386,0.5000000000000001,-0.7818314824680299,0.6234898018587334,0.8660254037844386,0.5000000000000001,0.0,0.0,29.791666666666668,8.825000000000001,14.2,100.0,62.25,-6.4,3.0132294,0.0,-0.025,22.03518521333333,23.5,23.5,23.5,23.5,23.5,-18.65222225333333,0.0777778333333323,-0.1406666666666667,3.527333333333333,3.134,21.94814814888889,3.5271111111111124,4.5701084,4.5496616,4.5191402,4.457197,4.569133,0,0.0,0,1.0,-0.26,6.4,93.6
2023-02-12 21:00:00,235.028653961114,169.494053266668,169.510997022224,22.03518521333333,3.134,23.5,2,5.1764362714980825,70.66250196097344,21,6,2,-0.7071067811865477,0.7071067811865474,-0.7818314824680299,0.6234898018587334,0.8660254037844386,0.5000000000000001,0.0,0.0,19.20833333333333,8.8,15.1,100.0,63.0,-6.3,3.0338058,0.0,-0.1,21.827777790000003,23.5,23.5,23.5,23.5,23.85,-18.90118521333333,-0.0037037066666663,-0.2526666666666664,3.3866666666666663,2.588,22.011728406666663,3.349333333333334,4.569133,4.5701084,4.5496616,4.5191402,4.5820365,0,0.0,0,1.0,-0.26,6.4,93.6
2023-02-12 21:15:00,174.580794372218,124.858338833332,124.87194942222,21.827777790000003,2.588,23.85,2,5.1764362714980825,70.66250196097344,21,6,2,-0.7071067811865477,0.7071067811865474,-0.7818314824680299,0.6234898018587334,0.8660254037844386,0.5000000000000001,0.0,0.0,11.0625,8.525,14.825,97.25,64.0,-6.275,3.039709,0.0,-0.3,21.581481476666667,23.5,23.5,23.5,23.5,24.0,-19.23977779,-0.2074074233333291,-0.5459999999999998,3.134,2.098666666666667,21.967283974444445,3.0362222222222237,4.5820365,4.569133,4.5701084,4.5496616,4.545698,0,0.0,0,1.0,-0.31,7.0,93.0
2023-02-12 21:30:00,222.008341577776,161.684087927778,161.700198433332,21.581481476666667,2.098666666666667,24.0,2,5.1764362714980825,70.66250196097344,21,6,2,-0.7071067811865477,0.7071067811865474,-0.7818314824680299,0.6234898018587334,0.8660254037844386,0.5000000000000001,0.0,0.0,5.354166666666667,8.25,14.55,94.5,65.0,-6.25,3.0448084,0.0,-0.5,21.59444444,23.85,23.5,23.5,23.5,24.0,-19.48281481,-0.2462963133333353,-0.4893333333333332,2.588,2.177333333333334,21.814814826666662,2.60688888888889,4.545698,4.5820365,4.569133,4.5701084,4.5491076,0,0.0,0,1.0,-0.36,7.7,92.3
2023-02-12 21:45:00,284.611115000004,234.998933,235.02365426111,21.59444444,2.177333333333334,24.0,2,5.1764362714980825,70.66250196097344,21,6,2,-0.7071067811865477,0.7071067811865474,-0.7818314824680299,0.6234898018587334,0.8660254037844386,0.5000000000000001,0.0,0.0,2.083333333333333,7.975,14.275,91.75,66.0,-6.225,3.0491238,0.0,-0.7000000000000001,21.82777777333333,24.0,23.85,23.5,23.5,24.0,-19.417111106666667,0.012962963333333,0.0786666666666668,2.098666666666667,2.176,21.66790123555556,2.2880000000000016,4.5491076,4.545698,4.5820365,4.569133,4.6108546,0,0.0,0,1.0,-0.36,7.7,92.3
2023-02-12 22:00:00,465.730814538886,261.249271827778,261.274270844444,21.82777777333333,2.176,24.0,2,5.1764362714980825,70.66250196097344,22,6,2,-0.5000000000000004,0.8660254037844384,-0.7818314824680299,0.6234898018587334,0.8660254037844386,0.5000000000000001,0.0,0.0,1.25,7.7,14.0,89.0,67.0,-6.2,3.0526721,0.0,-0.9,22.0722222,24.0,24.0,23.85,23.5,23.65,-19.65177777333333,0.2333333333333307,-0.0013333333333336,2.177333333333334,2.1486666666666667,21.66790123,2.150666666666668,4.6108546,4.5491076,4.545698,4.5820365,4.6081214,0,0.0,0,1.0,-0.31,6.9,93.1
2023-02-12 22:15:00,458.258335749994,227.071194572222,227.095360338886,22.0722222,2.1486666666666667,23.65,2,5.1764362714980825,70.66250196097344,22,6,2,-0.5000000000000004,0.8660254037844384,-0.7818314824680299,0.6234898018587334,0.8660254037844386,0.5000000000000001,0.0,0.0,0.625,7.375,13.475,91.25,67.75,-6.275,3.049536,0.0,-1.075,22.174074056666665,24.0,24.0,24.0,23.85,23.5,-19.92355553333333,0.2444444266666678,-0.0273333333333334,2.176,1.9813333333333327,21.831481471111108,2.167333333333335,4.6081214,4.6108546,4.5491076,4.545698,4.6058354,0,0.0,0,1.0,-0.25,6.3,93.7
2023-02-12 22:30:00,158.499770938886,127.689892216666,127.70433612222,22.174074056666665,1.9813333333333327,23.5,2,5.1764362714980825,70.66250196097344,22,6,2,-0.5000000000000004,0.8660254037844384,-0.7818314824680299,0.6234898018587334,0.8660254037844386,0.5000000000000001,0.0,0.0,0.2083333333333333,7.050000000000001,12.95,93.5,68.5,-6.35,3.0459735,0.0,-1.25,22.04444444,23.65,24.0,24.0,24.0,23.15,-20.192740723333333,0.1018518566666664,-0.1673333333333335,2.1486666666666667,1.6093333333333333,22.02469134333333,2.1020000000000016,4.6058354,4.6081214,4.6108546,4.5491076,4.5034857,0,0.0,0,1.0,-0.23,6.1,93.9
2023-02-12 22:45:00,195.575232294442,174.407467872222,174.428855949998,22.04444444,1.6093333333333333,23.15,2,5.1764362714980825,70.66250196097344,22,6,2,-0.5000000000000004,0.8660254037844384,-0.7818314824680299,0.6234898018587334,0.8660254037844386,0.5000000000000001,0.0,0.0,0.0,6.7250000000000005,12.425,95.75,69.25,-6.425,3.0419965,0.0,-1.425,22.12407408,23.5,23.65,24.0,24.0,23.0,-20.435111106666668,-0.1296296166666657,-0.3719999999999999,1.9813333333333327,1.4839999999999998,22.09691356555556,1.9131111111111123,4.5034857,4.6058354,4.6081214,4.6108546,4.4948783,0,0.0,0,1.0,-0.26,6.4,93.6
2023-02-12 23:00:00,158.847534661114,130.328397722224,130.344230455556,22.12407408,1.4839999999999998,23.0,2,5.1764362714980825,70.66250196097344,23,6,2,-0.2588190451025215,0.965925826289068,-0.7818314824680299,0.6234898018587334,0.8660254037844386,0.5000000000000001,0.0,0.0,0.0,6.4,11.9,98.0,70.0,-6.5,3.037613,0.0,-1.6,22.04444445,23.15,23.5,23.65,24.0,22.95,-20.64007408,0.0796296400000002,-0.1253333333333335,1.6093333333333333,1.492,22.11419752555556,1.6915555555555566,4.4948783,4.5034857,4.6058354,4.6081214,4.4645786,0,0.0,0,1.0,-0.24,6.2,93.8
2023-02-12 23:15:00,172.96530329444602,144.3558922,144.374224833332,22.04444445,1.492,22.95,2,5.1764362714980825,70.66250196097344,23,6,2,-0.2588190451025215,0.965925826289068,-0.7818314824680299,0.6234898018587334,0.8660254037844386,0.5000000000000001,0.0,0.0,0.0,6.1000000000000005,11.8,93.5,70.25,-6.625,3.0008824,0.0,-1.825,21.98888888,23.0,23.15,23.5,23.65,22.53333333333333,-20.55244445,-0.0796296299999994,0.0080000000000002,1.4839999999999998,1.4966666666666666,22.07098765666667,1.5284444444444454,4.4645786,4.4948783,4.5034857,4.6058354,4.3695054,0,0.0,0,1.0,-0.26,6.4,93.6
2023-02-12 23:30:00,201.112232955556,166.745552127778,166.764995816666,21.98888888,1.4966666666666666,22.53333333333333,2,5.1764362714980825,70.66250196097344,23,6,2,-0.2588190451025215,0.965925826289068,-0.7818314824680299,0.6234898018587334,0.8660254037844386,0.5000000000000001,0.0,0.0,0.0,5.800000000000001,11.7,89.0,70.5,-6.75,2.9644685,0.0,-2.0500000000000003,22.03888893,22.95,23.0,23.15,23.5,22.5,-20.49222221333333,-0.0555555700000027,0.0046666666666665,1.492,0.908,22.05246913666667,1.4908888888888898,4.3695054,4.4645786,4.4948783,4.5034857,4.375636,0,0.0,0,1.0,-0.28,6.6,93.4
2023-02-12 23:45:00,139.167488644444,109.860605416666,109.8722716,22.03888893,0.908,22.5,2,5.1764362714980825,70.66250196097344,23,6,2,-0.2588190451025215,0.965925826289068,-0.7818314824680299,0.6234898018587334,0.8660254037844386,0.5000000000000001,0.0,0.0,0.0,5.5,11.6,84.5,70.75,-6.875,2.928372,0.0,-2.275,21.879629626666667,22.53333333333333,22.95,23.0,23.15,22.5,-21.13088893,0.0500000500000012,-0.5886666666666667,1.4966666666666666,0.5800000000000001,22.02407408666667,1.29888888888889,4.375636,4.3695054,4.4645786,4.4948783,4.335631,0,0.0,0,1.0,-0.27,6.5,93.5
2023-02-13 00:00:00,153.92606487778,128.657631288888,128.671519649998,21.879629626666667,0.5800000000000001,22.5,2,5.1764362714980825,70.66250196097344,0,0,2,0.0,1.0,0.0,1.0,0.8660254037844386,0.5000000000000001,0.0,0.0,0.0,5.2,11.5,80.0,71.0,-7.0,2.8925903,0.0,-2.5,21.78888889,22.5,22.53333333333333,22.95,23.0,22.5,-21.299629626666665,-0.1592593033333322,-0.3279999999999998,0.908,0.6466666666666667,21.96913581222222,0.99488888888889,4.335631,4.375636,4.3695054,4.4645786,4.3129826,0,0.0,0,1.0,-0.3,6.9,93.1
2023-02-13 00:15:00,154.576872161114,126.1349544,126.148564988888,21.78888889,0.6466666666666667,22.5,2,5.1764362714980825,70.66250196097344,0,0,2,0.0,1.0,0.0,1.0,0.8660254037844386,0.5000000000000001,0.0,0.0,0.0,5.2,10.875,84.25,70.5,-7.175,2.8520663,0.0,-2.6,21.78703703,22.5,22.5,22.53333333333333,22.95,22.316666666666663,-21.14222222333333,-0.0907407366666674,0.0666666666666666,0.5800000000000001,0.3893333333333333,21.902469148888887,0.7115555555555568,4.3129826,4.335631,4.375636,4.3695054,4.277381,0,0.0,0,1.0,-0.32,7.2,92.8
2023-02-13 00:30:00,227.49617753889,178.86228963889,178.881733344444,21.78703703,0.3893333333333333,22.316666666666663,2,5.1764362714980825,70.66250196097344,0,0,2,0.0,1.0,0.0,1.0,0.8660254037844386,0.5000000000000001,0.0,0.0,0.0,5.2,10.25,88.5,70.0,-7.35,2.8119516,0.0,-2.7,22.0166667,22.5,22.5,22.5,22.53333333333333,22.0,-21.397703696666667,-0.0018518599999985,-0.2573333333333334,0.6466666666666667,0.2593333333333333,21.81851851555556,0.5386666666666678,4.277381,4.3129826,4.335631,4.375636,4.2729235,0,0.0,0,1.0,-0.33,7.2,92.8
2023-02-13 00:45:00,210.623519188888,177.90482795555602,177.925382749998,22.0166667,0.2593333333333333,22.0,2,5.1764362714980825,70.66250196097344,0,0,2,0.0,1.0,0.0,1.0,0.8660254037844386,0.5000000000000001,0.0,0.0,0.0,5.2,9.625,92.75,69.5,-7.525,2.7722425,0.0,-2.8,22.118518556666668,22.316666666666663,22.5,22.5,22.5,22.0,-21.757333366666664,0.2296296699999978,-0.1299999999999999,0.3893333333333333,0.252,21.864197540000003,0.431777777777779,4.2729235,4.277381,4.3129826,4.335631,4.2980723,0,0.0,0,1.0,-0.28,6.6,93.4
2023-02-13 01:00:00,136.198440561118,109.798663427778,109.8114407,22.118518556666668,0.252,22.0,2,5.1764362714980825,70.66250196097344,1,0,2,0.2588190451025207,0.9659258262890684,0.0,1.0,0.8660254037844386,0.5000000000000001,0.0,0.0,0.0,5.2,9.0,97.0,69.0,-7.7,2.7329366,0.0,-2.9,21.85555558,22.0,22.316666666666663,22.5,22.5,22.0,-21.86651855666667,0.1018518566666699,-0.0073333333333333,0.2593333333333333,0.0793333333333333,21.974074095555554,0.3002222222222234,4.2980723,4.2729235,4.277381,4.3129826,4.2334,0,0.0,0,1.0,-0.25,6.3,93.7
2023-02-13 01:15:00,180.93915114444,148.7790486,148.796825705554,21.85555558,0.0793333333333333,22.0,2,5.1764362714980825,70.66250196097344,1,0,2,0.2588190451025207,0.9659258262890684,0.0,1.0,0.8660254037844386,0.5000000000000001,0.0,0.0,0.0,5.7,9.625,96.75,68.25,-7.9,2.6984613,0.0,-2.925,21.80740738,22.0,22.0,22.316666666666663,22.5,22.0,-21.776222246666663,-0.2629629766666674,-0.1726666666666667,0.252,-0.1526666666666666,21.996913612222222,0.19688888888889,4.2334,4.2980723,4.2729235,4.277381,4.221649,0,0.0,0,1.0,-0.31,7.0,93.0
2023-02-13 01:30:00,229.224997266668,193.350599033332,193.373653694442,21.80740738,-0.1526666666666666,22.0,2,5.1764362714980825,70.66250196097344,1,0,2,0.2588190451025207,0.9659258262890684,0.0,1.0,0.8660254037844386,0.5000000000000001,0.0,0.0,0.0,6.2,10.25,96.5,67.5,-8.1,2.664099,0.0,-2.95,22.05555554,22.0,22.0,22.0,22.316666666666663,21.65,-21.960074046666666,-0.0481482000000035,-0.2319999999999999,0.0793333333333333,-0.3553333333333333,21.92716050555556,0.0595555555555567,4.221649,4.2334,4.2980723,4.2729235,4.214381,0,0.0,0,1.0,-0.32,7.2,92.8
2023-02-13 01:45:00,183.709873594442,142.531520711112,142.54735346111,22.05555554,-0.3553333333333333,21.65,2,5.1764362714980825,70.66250196097344,1,0,2,0.2588190451025207,0.9659258262890684,0.0,1.0,0.8660254037844386,0.5000000000000001,0.0,0.0,0.0,6.7,10.875,96.25,66.75,-8.3,2.6298478,0.0,-2.975,22.03888891333333,22.0,22.0,22.0,22.0,21.5,-22.41088887333333,0.248148160000003,-0.2026666666666666,-0.1526666666666666,-0.4,21.906172833333333,-0.1428888888888877,4.214381,4.221649,4.2334,4.2980723,4.1811633,0,0.0,0,1.0,-0.27,6.5,93.5
2023-02-13 02:00:00,170.63595212222,139.02304993889,139.038882688888,22.03888891333333,-0.4,21.5,2,5.1764362714980825,70.66250196097344,2,0,2,0.4999999999999999,0.8660254037844387,0.0,1.0,0.8660254037844386,0.5000000000000001,0.0,0.0,0.0,7.2,11.5,96.0,66.0,-8.5,2.5957081,0.0,-3.0,21.96111108,21.65,22.0,22.0,22.0,21.5,-22.438888913333333,-0.0166666266666659,-0.0446666666666666,-0.3553333333333333,-0.4486666666666667,21.967283944444446,-0.3026666666666655,4.1811633,4.214381,4.221649,4.2334,4.162457,0,0.0,0,1.0,-0.27,6.6,93.4
2023-02-13 02:15:00,162.502666283334,138.873055955556,138.888610916666,21.96111108,-0.4486666666666667,21.5,2,5.1764362714980825,70.66250196097344,2,0,2,0.4999999999999999,0.8660254037844387,0.0,1.0,0.8660254037844386,0.5000000000000001,0.0,0.0,0.0,6.75,11.675,95.0,65.25,-8.55,2.5844073,0.0,-2.9,21.9444444,21.5,21.65,22.0,22.0,21.5,-22.40977774666667,-0.0777778333333323,-0.0486666666666666,-0.4,-0.3233333333333333,22.01851851111111,-0.4013333333333322,4.162457,4.1811633,4.214381,4.221649,4.1584573,0,0.0,0,1.0,-0.29,6.8,93.2
2023-02-13 02:30:00,171.692576472222,138.677230455556,138.693618766664,21.9444444,-0.3233333333333333,21.5,2,5.1764362714980825,70.66250196097344,2,0,2,0.4999999999999999,0.8660254037844387,0.0,1.0,0.8660254037844386,0.5000000000000001,0.0,0.0,0.0,6.3,11.85,94.0,64.5,-8.6,2.5728006,0.0,-2.8,21.93888885,21.5,21.5,21.65,22.0,21.5,-22.26777773333333,-0.0166666800000037,0.1253333333333333,-0.4486666666666667,-0.4706666666666667,21.981481464444443,-0.3906666666666655,4.1584573,4.162457,4.1811633,4.214381,4.157126,0,0.0,0,1.0,-0.3,6.8,93.2
2023-02-13 02:45:00,185.668684172218,138.346965916666,138.362798666664,21.93888885,-0.4706666666666667,21.5,2,5.1764362714980825,70.66250196097344,2,0,2,0.4999999999999999,0.8660254037844387,0.0,1.0,0.8660254037844386,0.5000000000000001,0.0,0.0,0.0,5.8500000000000005,12.025,93.0,63.75,-8.649999999999999,2.5608842,0.0,-2.7,21.8925926,21.5,21.5,21.5,21.65,21.5,-22.409555516666668,-0.0055555499999968,-0.1473333333333333,-0.3233333333333333,-0.5333333333333333,21.94814811,-0.4142222222222211,4.157126,4.1584573,4.162457,4.1811633,4.1460385,0,0.0,0,1.0,-0.3,6.8,93.2
2023-02-13 03:00:00,166.478340633332,138.463905672222,138.479182894442,21.8925926,-0.5333333333333333,21.5,2,5.1764362714980825,70.66250196097344,3,0,2,0.7071067811865476,0.7071067811865476,0.0,1.0,0.8660254037844386,0.5000000000000001,0.0,0.0,0.0,5.4,12.2,92.0,63.0,-8.7,2.548655,0.0,-2.6,21.8888889,21.5,21.5,21.5,21.5,21.5,-22.425925933333332,-0.046296250000001,-0.0626666666666666,-0.4706666666666667,-1.0113333333333334,21.92530861666667,-0.4424444444444432,4.1460385,4.157126,4.1584573,4.162457,4.145152,0,0.0,0,1.0,-0.31,7.0,93.0
2023-02-13 03:15:00,167.456079338886,138.567234872222,138.581956533332,21.8888889,-1.0113333333333334,21.5,2,5.1764362714980825,70.66250196097344,3,0,2,0.7071067811865476,0.7071067811865476,0.0,1.0,0.8660254037844386,0.5000000000000001,0.0,0.0,0.0,5.300000000000001,11.125,69.0,65.0,-8.475,2.5973222,0.0,-2.775,21.8888889,21.5,21.5,21.5,21.5,21.5,-22.90022223333333,-0.003703699999999,-0.4780000000000001,-0.5333333333333333,-0.778,21.90679011666667,-0.6717777777777766,4.145152,4.1460385,4.157126,4.1584573,4.145152,0,0.0,0,1.0,-0.31,7.0,93.0
2023-02-13 03:30:00,168.142718422224,136.208440344444,136.22399532222,21.8888889,-0.778,21.5,2,5.1764362714980825,70.66250196097344,3,0,2,0.7071067811865476,0.7071067811865476,0.0,1.0,0.8660254037844386,0.5000000000000001,0.0,0.0,0.0,5.2,10.05,46.0,67.0,-8.25,2.644365,0.0,-2.95,21.88333334,21.5,21.5,21.5,21.5,21.5,-22.6668889,0.0,0.2333333333333334,-1.0113333333333334,-0.7293333333333333,21.89012346666667,-0.774222222222221,4.145152,4.145152,4.1460385,4.157126,4.1438227,0,0.0,0,1.0,-0.31,7.0,93.0
2023-02-13 03:45:00,177.895383933332,137.121459372222,137.135903277776,21.88333334,-0.7293333333333333,21.5,2,5.1764362714980825,70.66250196097344,3,0,2,0.7071067811865476,0.7071067811865476,0.0,1.0,0.8660254037844386,0.5000000000000001,0.0,0.0,0.0,5.1,8.975,23.0,69.0,-8.025,2.6898098,0.0,-3.125,21.837037006666662,21.5,21.5,21.5,21.5,21.5,-22.612666673333333,-0.0055555600000012,0.0486666666666667,-0.778,-0.8320000000000001,21.887037046666663,-0.8395555555555544,4.1438227,4.145152,4.145152,4.1460385,4.132766,0,0.0,0,1.0,-0.31,7.0,93.0
2023-02-13 04:00:00,175.044942438886,136.510650455556,136.52648322222,21.837037006666662,-0.8320000000000001,21.5,2,5.1764362714980825,70.66250196097344,4,0,2,0.8660254037844386,0.5000000000000001,0.0,1.0,0.8660254037844386,0.5000000000000001,0.0,0.0,0.0,5.0,7.9,0.0,71.0,-7.8,2.7336864,0.0,-3.3,21.8,21.5,21.5,21.5,21.5,21.5,-22.669037006666667,-0.0462963333333341,-0.1026666666666668,-0.7293333333333333,-0.8113333333333334,21.86975308222223,-0.7797777777777766,4.132766,4.1438227,4.145152,4.145152,4.123939,0,0.0,0,1.0,-0.32,7.1,92.9
2023-02-13 04:15:00,166.98054259445,137.162291055556,137.17840156111,21.8,-0.8113333333333334,21.5,2,5.1764362714980825,70.66250196097344,4,0,2,0.8660254037844386,0.5000000000000001,0.0,1.0,0.8660254037844386,0.5000000000000001,0.0,0.0,0.0,4.5,7.550000000000001,0.0,69.0,-8.175,2.66611,0.0,-3.25,21.8296296,21.5,21.5,21.5,21.5,21.5,-22.61133333333333,-0.0370370066666652,0.0206666666666667,-0.8320000000000001,-0.8353333333333333,21.84012344888889,-0.7908888888888876,4.123939,4.132766,4.1438227,4.145152,4.1309996,0,0.0,0,1.0,-0.33,7.2,92.8
2023-02-13 04:30:00,161.474929477784,137.428113772222,137.444502066664,21.8296296,-0.8353333333333333,21.5,2,5.1764362714980825,70.66250196097344,4,0,2,0.8660254037844386,0.5000000000000001,0.0,1.0,0.8660254037844386,0.5000000000000001,0.0,0.0,0.0,4.0,7.2,0.0,67.0,-8.55,2.5980153,0.0,-3.2,21.79444445,21.5,21.5,21.5,21.5,21.5,-22.66496293333333,0.0296295999999962,-0.0239999999999999,-0.8113333333333334,-1.0153333333333334,21.82222220222222,-0.826222222222221,4.1309996,4.123939,4.132766,4.1438227,4.122617,0,0.0,0,1.0,-0.32,7.1,92.9
2023-02-13 04:45:00,175.27326662222,136.477596211112,136.491762344444,21.79444445,-1.0153333333333334,21.5,2,5.1764362714980825,70.66250196097344,4,0,2,0.8660254037844386,0.5000000000000001,0.0,1.0,0.8660254037844386,0.5000000000000001,0.0,0.0,0.0,3.5,6.85,0.0,65.0,-8.925,2.5293994,0.0,-3.15,21.7777778,21.5,21.5,21.5,21.5,21.316666666666663,-22.80977778333333,-0.0351851499999966,-0.1800000000000001,-0.8353333333333333,-0.9926666666666668,21.808024683333333,-0.8873333333333321,4.122617,4.1309996,4.123939,4.132766,4.083531,0,0.0,0,1.0,-0.33,7.3,92.7
2023-02-13 05:00:00,179.74225468888,135.058486327778,135.073485777776,21.7777778,-0.9926666666666668,21.316666666666663,2,5.1764362714980825,70.66250196097344,5,0,2,0.9659258262890684,0.2588190451025207,0.0,1.0,0.8660254037844386,0.5000000000000001,0.0,0.0,0.0,3.0,6.5,0.0,63.0,-9.3,2.4602613,0.0,-3.1,21.6777778,21.5,21.5,21.5,21.5,21.0,-22.770444466666667,-0.0166666500000012,0.0226666666666667,-1.0153333333333334,-0.9513333333333333,21.80061728333333,-0.9477777777777766,4.083531,4.122617,4.1309996,4.123939,3.9996936,0,0.0,0,1.0,-0.33,7.3,92.7
2023-02-13 05:15:00,131.54029376111,106.8357264,106.848503705554,21.6777778,-0.9513333333333333,21.0,2,5.1764362714980825,70.66250196097344,5,0,2,0.9659258262890684,0.2588190451025207,0.0,1.0,0.8660254037844386,0.5000000000000001,0.0,0.0,0.0,2.8,6.125,0.0,64.25,-9.2,2.47818,0.0,-3.275,21.45925922,21.316666666666663,21.5,21.5,21.5,21.0,-22.629111133333332,-0.0999999999999978,0.0413333333333334,-0.9926666666666668,-1.1166666666666667,21.75000001666667,-0.9864444444444432,3.9996936,4.083531,4.122617,4.1309996,3.949455,0,0.0,0,1.0,-0.36,7.7,92.3
2023-02-13 05:30:00,186.250327388892,156.660122211112,156.677621544444,21.45925922,-1.1166666666666667,21.0,2,5.1764362714980825,70.66250196097344,5,0,2,0.9659258262890684,0.2588190451025207,0.0,1.0,0.8660254037844386,0.5000000000000001,0.0,0.0,0.0,2.6,5.75,0.0,65.5,-9.1,2.4952385,0.0,-3.45,21.62222223,21.0,21.316666666666663,21.5,21.5,21.0,-22.575925886666663,-0.2185185800000049,-0.1653333333333334,-0.9513333333333333,-1.2213333333333334,21.638271606666667,-1.020222222222221,3.949455,3.9996936,4.083531,4.122617,3.9868689,0,0.0,0,1.0,-0.41,8.5,91.5
2023-02-13 05:45:00,221.079767655552,193.176161494446,193.199493911112,21.62222223,-1.2213333333333334,21.0,2,5.1764362714980825,70.66250196097344,5,0,2,0.9659258262890684,0.2588190451025207,0.0,1.0,0.8660254037844386,0.5000000000000001,0.0,0.0,0.0,2.4000000000000004,5.375,0.0,66.75,-9.0,2.5114522,0.0,-3.625,21.874074086666667,21.0,21.0,21.316666666666663,21.5,21.0,-22.84355556333333,0.1629630100000021,-0.1046666666666666,-1.1166666666666667,-1.4026666666666665,21.58641975,-1.0964444444444432,3.9868689,3.949455,3.9996936,4.083531,4.045293,0,0.0,0,1.0,-0.37,7.9,92.1
2023-02-13 06:00:00,153.91745413889,115.675095044444,115.687316755556,21.874074086666667,-1.4026666666666665,21.0,2,5.1764362714980825,70.66250196097344,6,0,2,1.0,6.123233995736766e-17,0.0,1.0,0.8660254037844386,0.5000000000000001,0.0,0.0,0.0,2.2,5.0,0.0,68.0,-8.9,2.5268376,0.0,-3.8,21.76666666,21.0,21.0,21.0,21.316666666666663,21.0,-23.27674075333333,0.2518518566666685,-0.1813333333333331,-1.2213333333333334,-1.5160000000000002,21.651851845555555,-1.2468888888888878,4.045293,3.9868689,3.949455,3.9996936,4.020287,0,0.0,0,1.0,-0.31,7.1,92.9
2023-02-13 06:15:00,170.310687283334,127.826831155556,127.840997288888,21.76666666,-1.5160000000000002,21.0,2,5.1764362714980825,70.66250196097344,6,0,2,1.0,6.123233995736766e-17,0.0,1.0,0.8660254037844386,0.5000000000000001,0.0,0.0,0.0,2.4000000000000004,5.2,0.0,68.25,-8.925,2.5136528,0.0,-3.925,21.711111136666663,21.0,21.0,21.0,21.0,21.0,-23.28266666,-0.1074074266666684,-0.1133333333333337,-1.4026666666666665,-1.52,21.754320992222222,-1.379999999999999,4.020287,4.045293,3.9868689,3.949455,4.007405,0,0.0,0,1.0,-0.34,7.4,92.6
2023-02-13 06:30:00,194.093347088888,167.276642,167.295807966664,21.711111136666663,-1.52,21.0,2,5.1764362714980825,70.66250196097344,6,0,2,1.0,6.123233995736766e-17,0.0,1.0,0.8660254037844386,0.5000000000000001,0.0,0.0,0.0,2.6,5.4,0.0,68.5,-8.95,2.5004787,0.0,-4.05,21.86111112,21.0,21.0,21.0,21.0,20.65,-23.231111136666662,-0.0555555233333322,-0.0039999999999997,-1.5160000000000002,-1.5,21.78395062777778,-1.4795555555555542,4.007405,4.020287,4.045293,3.9868689,3.9748971,0,0.0,0,1.0,-0.35,7.6,92.4
2023-02-13 06:45:00,177.26846447778,153.777737527778,153.79523686111,21.86111112,-1.5,20.65,2,5.1764362714980825,70.66250196097344,6,0,2,1.0,6.123233995736766e-17,0.0,1.0,0.8660254037844386,0.5000000000000001,0.0,0.0,0.0,2.8,5.6,0.0,68.75,-8.975,2.487317,0.0,-4.175,21.92037035,21.0,21.0,21.0,21.0,20.683333333333334,-23.36111112,0.1499999833333305,0.02,-1.52,-1.814,21.77962963888889,-1.511999999999999,3.9748971,4.007405,4.020287,4.045293,3.9949486,0,0.0,0,1.0,-0.32,7.1,92.9
2023-02-13 07:00:00,173.634721,137.836708544444,137.853930155552,21.92037035,-1.814,20.683333333333334,2,5.1764362714980825,70.66250196097344,7,0,2,0.9659258262890684,-0.2588190451025206,0.0,1.0,0.8660254037844386,0.5000000000000001,0.0,0.0,0.0,3.0,5.8,0.0,69.0,-9.0,2.4741683,0.0,-4.3,21.84999998,20.65,21.0,21.0,21.0,20.7,-23.73437035,0.0592592300000021,-0.314,-1.5,-1.7333333333333334,21.83086420222222,-1.611333333333332,3.9949486,3.9748971,4.007405,4.020287,3.9819674,0,0.0,0,1.0,-0.31,6.9,93.1
2023-02-13 07:15:00,180.848599166664,138.809169644444,138.825280166664,21.84999998,-1.7333333333333334,20.7,2,5.1764362714980825,70.66250196097344,7,0,2,0.9659258262890684,-0.2588190451025206,0.0,1.0,0.8660254037844386,0.5000000000000001,0.0,0.0,0.0,3.6,6.5,0.0,69.75,-9.1,2.4655304,0.0,-4.5,21.8333333,20.683333333333334,20.65,21.0,21.0,20.966666666666665,-23.58333331333333,-0.0703703699999991,0.0806666666666666,-1.814,-0.6506666666666666,21.87716048333333,-1.6824444444444433,3.9819674,3.9949486,3.9748971,4.007405,4.029386,0,0.0,0,1.0,-0.32,7.2,92.8
2023-02-13 07:30:00,168.717695638882,139.781630711112,139.79801902222002,21.8333333,-0.6506666666666666,20.966666666666665,2,5.1764362714980825,70.66250196097344,7,0,2,0.9659258262890684,-0.2588190451025206,0.0,1.0,0.8660254037844386,0.5000000000000001,0.0,0.0,0.0,4.2,7.199999999999999,0.0,70.5,-9.2,2.4565785,0.0,-4.699999999999999,21.8333333,20.7,20.683333333333334,20.65,21.0,21.0,-22.483999966666666,-0.0166666800000001,1.0826666666666669,-1.7333333333333334,0.2633333333333333,21.86790121,-1.3993333333333322,4.029386,3.9819674,3.9949486,3.9748971,4.035792,0,0.0,0,1.0,-0.32,7.2,92.8
2023-02-13 07:45:00,167.978002961106,135.9478952,135.964561266664,21.8333333,0.2633333333333333,21.0,2,5.1764362714980825,70.66250196097344,7,0,2,0.9659258262890684,-0.2588190451025206,0.0,1.0,0.8660254037844386,0.5000000000000001,0.0,0.0,0.0,4.800000000000001,7.899999999999999,0.0,71.25,-9.3,2.4473212,0.0,-4.9,21.792592563333333,20.966666666666665,20.7,20.683333333333334,20.65,21.0,-21.569999966666668,0.0,0.914,-0.6506666666666666,1.394,21.83888886,-0.7068888888888877,4.035792,4.029386,3.9819674,3.9949486,4.0263104,0,0.0,0,1.0,-0.32,7.2,92.8
2023-02-13 08:00:00,239.527362988888,82.467256744444,82.478645172222,21.792592563333333,1.394,21.0,2,5.1764362714980825,70.66250196097344,8,0,2,0.8660254037844387,-0.4999999999999998,0.0,1.0,0.8660254037844386,0.5000000000000001,0.0,0.0,0.0,5.4,8.6,0.0,72.0,-9.4,2.437768,0.0,-5.1,21.59444446,21.0,20.966666666666665,20.7,20.683333333333334,21.0,-20.39859256333333,-0.0407407366666667,1.1306666666666665,0.2633333333333333,1.8553333333333333,21.819753054444448,0.3355555555555567,4.0263104,4.035792,4.029386,3.9819674,3.9804688,0,0.0,0,1.0,-0.33,7.3,92.7
2023-02-13 08:15:00,302.234854555556,103.841401727778,103.854456772222,21.59444446,1.8553333333333333,21.0,2,5.1764362714980825,70.66250196097344,8,0,2,0.8660254037844387,-0.4999999999999998,0.0,1.0,0.8660254037844386,0.5000000000000001,10.5,2.625,0.875,5.9750000000000005,10.05,0.0,69.25,-9.425,2.4347425,0.0,-4.574999999999999,21.45185181333333,21.0,21.0,20.966666666666665,20.7,21.0,-19.739111126666664,-0.1981481033333345,0.4613333333333334,1.394,2.373333333333333,21.74012344111111,1.17088888888889,3.9804688,4.0263104,4.035792,4.029386,3.9477613,0,0.0,0,1.0,-0.38,8.0,92.0
2023-02-13 08:30:00,166.624723677776,117.410303433332,117.423080705554,21.45185181333333,2.373333333333333,21.0,2,5.1764362714980825,70.66250196097344,8,0,2,0.8660254037844387,-0.4999999999999998,0.0,1.0,0.8660254037844386,0.5000000000000001,21.0,7.875,2.625,6.550000000000001,11.5,0.0,66.5,-9.45,2.427472,0.0,-4.05,21.48888888,21.0,21.0,21.0,20.966666666666665,21.0,-19.07851848,-0.1425926466666638,0.5180000000000002,1.8553333333333333,2.508666666666667,21.612962945555555,1.8742222222222236,3.9477613,3.9804688,4.0263104,4.035792,3.9562345,0,0.0,0,1.0,-0.41,8.5,91.5
2023-02-13 08:45:00,153.555801972222,127.711835755556,127.726557416666,21.48888888,2.508666666666667,21.0,2,5.1764362714980825,70.66250196097344,8,0,2,0.8660254037844387,-0.4999999999999998,0.0,1.0,0.8660254037844386,0.5000000000000001,31.5,15.75,5.25,7.125,12.95,0.0,63.75,-9.475,2.415677,0.0,-3.525,21.57222224333333,21.0,21.0,21.0,21.0,21.0,-18.98022221333333,0.037037066666663,0.1353333333333335,2.373333333333333,3.558666666666667,21.51172838444445,2.245777777777779,3.9562345,3.9477613,3.9804688,4.0263104,3.9753563,0,0.0,0,1.0,-0.4,8.4,91.6
2023-02-13 09:00:00,148.2749021,124.703067244444,124.718344433332,21.57222224333333,3.558666666666667,21.0,2,5.1764362714980825,70.66250196097344,9,0,2,0.7071067811865476,-0.7071067811865475,0.0,1.0,0.8660254037844386,0.5000000000000001,42.0,26.25,8.75,7.7,14.4,0.0,61.0,-9.5,2.3990636,0.0,-3.0,21.65555557,21.0,21.0,21.0,21.0,21.05,-18.013555576666665,0.0833333633333346,1.0499999999999998,2.508666666666667,5.262666666666666,21.504320978888888,2.8135555555555567,3.9753563,3.9562345,3.9477613,3.9804688,4.0040693,0,0.0,0,1.0,-0.38,8.1,91.9
2023-02-13 09:15:00,150.89507512222,116.941155533332,116.95559942222,21.65555557,5.262666666666666,21.05,2,5.1764362714980825,70.66250196097344,9,0,2,0.7071067811865476,-0.7071067811865475,0.0,1.0,0.8660254037844386,0.5000000000000001,80.75,43.8125,15.479166666666666,6.85,14.4,0.0,56.25,-9.575,2.4028418,0.0,-1.825,21.69814815,21.0,21.0,21.0,21.0,21.466666666666665,-16.392888903333336,0.0833333266666684,1.7039999999999993,3.558666666666667,6.156000000000001,21.572222231111112,3.776666666666668,4.0040693,3.9753563,3.9562345,3.9477613,4.0933914,0,0.0,0,1.0,-0.36,7.8,92.2
2023-02-13 09:30:00,134.308238555556,96.337813,96.349201411112,21.69814815,6.156000000000001,21.466666666666665,2,5.1764362714980825,70.66250196097344,9,0,2,0.7071067811865476,-0.7071067811865475,0.0,1.0,0.8660254037844386,0.5000000000000001,119.5,68.4375,25.4375,6.0,14.4,0.0,51.5,-9.65,2.3874984,0.0,-0.6499999999999999,21.83888888,21.05,21.0,21.0,21.0,21.45,-15.54214815,0.0425925800000008,0.8933333333333344,5.262666666666666,6.405333333333333,21.641975321111115,4.992444444444446,4.0933914,4.0040693,3.9753563,3.9562345,4.1235957,0,0.0,0,1.0,-0.35,7.6,92.4
2023-02-13 09:45:00,123.463950011116,87.247898827778,87.257620605558,21.83888888,6.405333333333333,21.45,2,5.1764362714980825,70.66250196097344,9,0,2,0.7071067811865476,-0.7071067811865475,0.0,1.0,0.8660254037844386,0.5000000000000001,158.25,100.125,38.625,5.15,14.4,0.0,46.75,-9.725,2.350167,0.0,0.5250000000000004,22.67777779,21.466666666666665,21.05,21.0,21.0,20.85,-15.433555546666666,0.1407407299999974,0.2493333333333325,6.156000000000001,6.904,21.730864200000003,5.941333333333335,4.1235957,4.0933914,4.0040693,3.9753563,4.206457,0,0.0,0,1.0,-0.32,7.1,92.9
2023-02-13 10:00:00,113.404908072222,78.91739872777801,78.92739832777801,22.67777779,6.904,20.85,2,5.1764362714980825,70.66250196097344,10,0,2,0.4999999999999999,-0.8660254037844387,0.0,1.0,0.8660254037844386,0.5000000000000001,197.0,138.875,55.04166666666666,4.3,14.4,0.0,42.0,-9.8,2.287707,0.0,1.7,23.811111120000003,21.45,21.466666666666665,21.05,21.0,19.8,-15.77377779,0.8388889100000014,0.4986666666666668,6.405333333333333,7.630666666666666,22.07160494,6.488444444444446,4.206457,4.1235957,4.0933914,4.0040693,4.2616587,0,0.0,0,1.0,-0.13,5.4,94.6
2023-02-13 10:15:00,105.211346827782,81.587014188888,81.59701373889,23.811111120000003,7.630666666666666,19.8,2,5.1764362714980825,70.66250196097344,10,0,2,0.4999999999999999,-0.8660254037844387,0.0,1.0,0.8660254037844386,0.5000000000000001,237.25,178.0,74.8125,4.05,13.775,0.0,39.5,-9.75,2.302102,0.0,2.7,24.238888893333336,20.85,21.45,21.466666666666665,21.05,19.316666666666663,-16.180444453333337,1.1333333300000028,0.7266666666666666,6.904,8.360000000000001,22.775925930000003,6.980000000000001,4.2616587,4.206457,4.1235957,4.0933914,4.2598014,0,0.0,0,1.0,0.13,5.3,94.7
2023-02-13 10:30:00,105.63771873889,78.483249411112,78.49297123889001,24.238888893333336,8.360000000000001,19.316666666666663,2,5.1764362714980825,70.66250196097344,10,0,2,0.4999999999999999,-0.8660254037844387,0.0,1.0,0.8660254037844386,0.5000000000000001,277.5,217.5,97.9375,3.8,13.15,0.0,37.0,-9.7,2.306008,0.0,3.7,24.17777779,19.8,20.85,21.45,21.466666666666665,19.0,-15.878888893333334,0.4277777733333323,0.7293333333333347,7.630666666666666,8.725333333333333,23.575925934444445,7.631555555555558,4.2598014,4.2616587,4.206457,4.1235957,4.175483,0,0.0,0,1.0,0.22,6.0,94.0
2023-02-13 10:45:00,129.273995549998,78.086043116666,78.094376116666,24.17777779,8.725333333333333,19.0,2,5.1764362714980825,70.66250196097344,10,0,2,0.4999999999999999,-0.8660254037844387,0.0,1.0,0.8660254037844386,0.5000000000000001,317.75,257.375,124.41666666666669,3.55,12.525,0.0,34.5,-9.65,2.298096,0.0,4.7,24.09444445666667,19.316666666666663,19.8,20.85,21.45,19.0,-15.452444456666669,-0.0611111033333351,0.3653333333333322,8.360000000000001,8.762666666666666,24.075925934444445,8.238666666666669,4.175483,4.2598014,4.2616587,4.206457,4.1557984,0,0.0,0,1.0,0.21,5.9,94.1
2023-02-13 11:00:00,103.846957005558,70.848832616666,70.8579989,24.09444445666667,8.762666666666666,19.0,2,5.1764362714980825,70.66250196097344,11,0,2,0.258819045102521,-0.9659258262890682,0.0,1.0,0.8660254037844386,0.5000000000000001,358.0,297.625,154.25,3.3,11.9,0.0,32.0,-9.6,2.2769322,0.0,5.7,23.99444448,19.0,19.316666666666663,19.8,20.85,18.9,-15.331777790000002,-0.0833333333333321,0.0373333333333327,8.725333333333333,9.530666666666669,24.170370380000005,8.616000000000001,4.1557984,4.175483,4.2598014,4.2616587,4.1105337,0,0.0,0,1.0,0.19,5.7,94.3
2023-02-13 11:15:00,85.446026505554,53.963674716666,53.970063394442,23.99444448,9.530666666666669,18.9,1,5.1764362714980825,70.66250196097344,11,0,2,0.258819045102521,-0.9659258262890682,0.0,1.0,0.8660254037844386,0.5000000000000001,389.5,335.6875,185.83333333333331,3.45,12.35,3.0,31.25,-9.4,2.3165255,0.0,6.325,22.99629627,19.0,19.0,19.316666666666663,19.8,17.7,-14.463777813333335,-0.0999999766666661,0.7680000000000007,8.762666666666666,9.886,24.08888890888889,9.006222222222224,4.1105337,4.1557984,4.175483,4.2598014,3.6366937,0,0.0,1,1.0,0.16,5.5,94.5
2023-02-13 11:30:00,71.559915388884,32.931460472222,32.938126938886,22.99629627,9.886,17.7,1,5.1764362714980825,70.66250196097344,11,0,2,0.258819045102521,-0.9659258262890682,0.0,1.0,0.8660254037844386,0.5000000000000001,421.0,371.5625,219.16666666666663,3.6,12.8,6.0,30.5,-9.2,2.354954,0.0,6.949999999999999,21.37777777,18.9,19.0,19.0,19.316666666666663,17.75,-13.110296270000005,-0.99814821,0.3553333333333324,9.530666666666669,10.319333333333333,23.69506173555556,9.393111111111113,3.6366937,4.1105337,4.1557984,4.175483,3.322514,0,0.0,0,1.0,-0.08,5.1,94.9
2023-02-13 11:45:00,889.0588806388901,131.626679172222,131.646122844444,21.37777777,10.319333333333333,17.75,2,5.1764362714980825,70.66250196097344,11,0,2,0.258819045102521,-0.9659258262890682,0.0,1.0,0.8660254037844386,0.5000000000000001,452.5,405.25,254.25,3.75,13.25,9.0,29.75,-9.0,2.3920722,0.0,7.574999999999999,20.80000002,17.7,18.9,19.0,19.0,18.466666666666665,-11.058444436666669,-1.6185185000000004,0.4333333333333335,9.886,10.577333333333334,22.789506173333336,9.912,3.322514,3.6366937,4.1105337,4.1557984,3.3426275,0,0.0,1,1.0,-0.45,9.2,90.8
2023-02-13 12:00:00,1314.08576788333,227.731445944444,227.758667088888,20.80000002,10.577333333333334,18.466666666666665,2,5.1764362714980825,70.66250196097344,12,0,2,1.2246467991473532e-16,-1.0,0.0,1.0,0.8660254037844386,0.5000000000000001,484.0,436.75,291.0833333333333,3.9,13.7,12.0,29.0,-8.8,2.4277272,0.0,8.2,20.866666650000003,17.75,17.7,18.9,19.0,18.6,-10.222666686666669,-0.5777777499999992,0.2580000000000009,10.319333333333333,11.442,21.724691353333338,10.260888888888893,3.3426275,3.322514,3.6366937,4.1105337,3.379845,0,0.0,0,1.0,-0.58,11.9,88.1
2023-02-13 12:15:00,920.619562644444,62.598607055556,62.608884477776,20.866666650000003,11.442,18.6,1,5.1764362714980825,70.66250196097344,12,0,2,1.2246467991473532e-16,-1.0,0.0,1.0,0.8660254037844386,0.5000000000000001,502.75,465.0625,326.25,4.425,14.6,18.75,28.5,-8.600000000000001,2.4637358,0.0,8.7,20.562962966666667,18.466666666666665,17.75,17.7,18.9,19.433333333333334,-9.424666650000002,0.0666666300000002,0.8646666666666665,10.577333333333334,11.600666666666664,21.014814813333334,10.779555555555556,3.379845,3.3426275,3.322514,3.6366937,3.46937,0,0.0,1,1.0,-0.56,11.6,88.4
2023-02-13 12:30:00,32.293152855548,0.0,0.0,20.562962966666667,11.600666666666664,19.433333333333334,0,5.1764362714980825,70.66250196097344,12,0,2,1.2246467991473532e-16,-1.0,0.0,1.0,0.8660254037844386,0.5000000000000001,521.5,490.1875,359.75,4.95,15.5,25.5,28.0,-8.4,2.4991808,0.0,9.2,20.15555554,18.6,18.466666666666665,17.75,17.7,19.5,-8.962296300000002,-0.3037036833333353,0.1586666666666651,11.442,11.838666666666668,20.74320987888889,11.206666666666669,3.46937,3.379845,3.3426275,3.322514,3.3994305,1,1.0,1,0.75,-0.62,13.2,86.8
2023-02-13 12:45:00,47.721146677776,0.0,0.0,20.15555554,11.838666666666668,19.5,0,5.1764362714980825,70.66250196097344,12,0,2,1.2246467991473532e-16,-1.0,0.0,1.0,0.8660254037844386,0.5000000000000001,540.25,512.125,391.5833333333333,5.475,16.4,32.25,27.5,-8.2,2.5339983,0.0,9.7,19.862962976666665,19.433333333333334,18.6,18.466666666666665,17.75,19.683333333333334,-8.316888873333335,-0.4074074266666656,0.2380000000000013,11.600666666666664,11.541333333333334,20.528395052222223,11.62711111111111,3.3994305,3.46937,3.379845,3.3426275,3.3731024,0,2.0,0,0.5,-0.72,15.8,84.2
2023-02-13 13:00:00,57.517976955556,0.0,0.0,19.862962976666665,11.541333333333334,19.683333333333334,0,5.1764362714980825,70.66250196097344,13,0,2,-0.2588190451025208,-0.9659258262890684,0.0,1.0,0.8660254037844386,0.5000000000000001,559.0,530.875,421.75,6.0,17.3,39.0,27.0,-8.0,2.5681186,0.0,10.2,19.68888892,19.5,19.433333333333334,18.6,18.466666666666665,20.0,-8.321629643333331,-0.2925925633333364,-0.2973333333333325,11.838666666666668,11.73,20.193827161111116,11.660222222222222,3.3731024,3.3994305,3.46937,3.379845,3.3925498,0,3.0,0,0.25,-0.78,17.8,82.2
2023-02-13 13:15:00,44.229897499996,0.0,0.0,19.68888892,11.73,20.0,0,5.1764362714980825,70.66250196097344,13,0,2,-0.2588190451025208,-0.9659258262890684,0.0,1.0,0.8660254037844386,0.5000000000000001,562.25,545.75,448.8333333333333,7.475,20.275,52.0,26.5,-8.075,2.556695,0.0,10.425,19.52222223333333,19.683333333333334,19.5,19.433333333333334,18.6,20.0,-7.95888892,-0.1740740566666652,0.1886666666666663,11.541333333333334,11.818666666666669,19.90246914555556,11.703333333333337,3.3925498,3.3731024,3.3994305,3.46937,3.3595,0,4.0,0,0.0,-0.82,19.1,80.9
2023-02-13 13:30:00,32.71091392777,0.0,0.0,19.52222223333333,11.818666666666669,20.0,0,5.1764362714980825,70.66250196097344,13,0,2,-0.2588190451025208,-0.9659258262890684,0.0,1.0,0.8660254037844386,0.5000000000000001,565.5,556.75,472.8333333333333,8.95,23.25,65.0,26.0,-8.15,2.5443497,0.0,10.65,19.35555552,20.0,19.683333333333334,19.5,19.433333333333334,20.0,-7.703555566666663,-0.1666666866666695,0.0886666666666666,11.73,11.278,19.69135804333333,11.696666666666667,3.3595,3.3925498,3.3731024,3.3994305,3.3267283,0,4.0,0,0.0,-0.86,20.4,79.6
2023-02-13 13:45:00,42.72023570555,0.0,0.0,19.35555552,11.278,20.0,0,5.1764362714980825,70.66250196097344,13,0,2,-0.2588190451025208,-0.9659258262890684,0.0,1.0,0.8660254037844386,0.5000000000000001,568.75,563.875,493.75,10.425,26.225,78.0,25.5,-8.225,2.5310624,0.0,10.875,19.168518520000003,20.0,20.0,19.683333333333334,19.5,20.0,-8.077555519999999,-0.1666667133333312,-0.5406666666666666,11.818666666666669,10.832,19.522222224444445,11.60888888888889,3.3267283,3.3595,3.3925498,3.3731024,3.2902822,0,4.0,0,0.0,-0.89,21.8,78.2
2023-02-13 14:00:00,53.53785831667,0.0,0.0,19.168518520000003,10.832,20.0,0,5.1764362714980825,70.66250196097344,14,0,2,-0.4999999999999997,-0.8660254037844388,0.0,1.0,0.8660254037844386,0.5000000000000001,572.0,567.125,511.5833333333333,11.9,29.2,91.0,25.0,-8.3,2.516811,0.0,11.1,19.01111112,20.0,20.0,20.0,19.683333333333334,20.35,-8.336518520000004,-0.1870369999999965,-0.4460000000000015,11.278,10.94,19.348765424444448,11.309555555555557,3.2902822,3.3267283,3.3595,3.3925498,3.3169267,0,4.0,0,0.0,-0.94,23.5,76.5
2023-02-13 14:15:00,423.318899783338,0.0,0.0,19.01111112,10.94,20.35,0,5.1764362714980825,70.66250196097344,14,0,2,-0.4999999999999997,-0.8660254037844388,0.0,1.0,0.8660254037844386,0.5000000000000001,547.5,563.4375,524.75,12.425,30.1,93.25,24.75,-8.375,2.48773,0.0,11.075,18.927777756666668,20.0,20.0,20.0,20.0,20.683333333333334,-8.071111120000003,-0.1574074000000003,0.1080000000000005,10.832,11.024666666666668,19.178395053333336,11.016666666666667,3.3169267,3.2902822,3.3267283,3.3595,3.3547142,0,4.0,0,0.0,-0.97,24.8,75.2
2023-02-13 14:30:00,46.206485016666,0.0,0.0,18.927777756666668,11.024666666666668,20.683333333333334,0,5.1764362714980825,70.66250196097344,14,0,2,-0.4999999999999997,-0.8660254037844388,0.0,1.0,0.8660254037844386,0.5000000000000001,523.0,552.8125,533.25,12.95,31.0,95.5,24.5,-8.45,2.4587333,0.0,11.05,18.8888889,20.35,20.0,20.0,20.0,21.05,-7.903111090000001,-0.0833333633333346,0.0846666666666671,10.94,11.244,19.03580246555556,10.932222222222222,3.3547142,3.3169267,3.2902822,3.3267283,3.4063513,0,4.0,0,0.0,-0.99,25.5,74.5
2023-02-13 14:45:00,37.592940855548,0.0,0.0,18.8888889,11.244,21.05,0,5.1764362714980825,70.66250196097344,14,0,2,-0.4999999999999997,-0.8660254037844388,0.0,1.0,0.8660254037844386,0.5000000000000001,498.5,535.25,537.0833333333334,13.475,31.9,97.75,24.25,-8.525,2.429821,0.0,11.025,18.90925925,20.683333333333334,20.35,20.0,20.0,21.28333333333333,-7.6448889000000015,-0.0388888566666665,0.2193333333333331,11.024666666666668,11.76,18.942592592222223,11.069555555555556,3.4063513,3.3547142,3.3169267,3.2902822,3.4482565,0,4.0,0,0.0,-0.99,25.8,74.2
2023-02-13 15:00:00,40.140616527778,0.0,0.0,18.90925925,11.76,21.28333333333333,0,5.1764362714980825,70.66250196097344,15,0,2,-0.7071067811865471,-0.7071067811865479,0.0,1.0,0.8660254037844386,0.5000000000000001,474.0,510.75,536.25,14.0,32.8,100.0,24.0,-8.6,2.4009924,0.0,11.0,18.93888885,21.05,20.683333333333334,20.35,20.0,21.05,-7.149259249999998,0.0203703499999967,0.516,11.244,11.839333333333334,18.90864196888889,11.342888888888888,3.4482565,3.4063513,3.3547142,3.3169267,3.4164252,0,4.0,0,0.0,-0.99,25.6,74.4
2023-02-13 15:15:00,49.694401044444,0.0,0.0,18.93888885,11.839333333333334,21.05,0,5.1764362714980825,70.66250196097344,15,0,2,-0.7071067811865471,-0.7071067811865479,0.0,1.0,0.8660254037844386,0.5000000000000001,387.5,470.75,526.6458333333334,12.15,32.875,79.75,27.75,-7.675,2.6604185,0.0,10.325,18.8925926,21.28333333333333,21.05,20.683333333333334,20.35,21.466666666666665,-7.099555516666667,0.0296296000000033,0.0793333333333343,11.76,11.560666666666666,18.912345666666667,11.614444444444445,3.4164252,3.4482565,3.4063513,3.3547142,3.4745376,0,4.0,0,0.0,-0.98,25.4,74.6
2023-02-13 15:30:00,40.286166438882,0.0,0.0,18.8925926,11.560666666666666,21.466666666666665,0,5.1764362714980825,70.66250196097344,15,0,2,-0.7071067811865471,-0.7071067811865479,0.0,1.0,0.8660254037844386,0.5000000000000001,301.0,415.25,508.2708333333333,10.3,32.95,59.5,31.5,-6.75,2.8933654,0.0,9.65,18.84444443,21.05,21.28333333333333,21.05,20.683333333333334,21.85,-7.331925933333334,-0.046296250000001,-0.2786666666666679,11.839333333333334,11.495333333333331,18.91358023333333,11.72,3.4745376,3.4164252,3.4482565,3.4063513,3.5265372,0,4.0,0,0.0,-0.99,25.7,74.3
2023-02-13 15:45:00,29.15355597778,0.0,0.0,18.84444443,11.495333333333331,21.85,0,5.1764362714980825,70.66250196097344,15,0,2,-0.7071067811865471,-0.7071067811865479,0.0,1.0,0.8660254037844386,0.5000000000000001,214.5,344.25,481.125,8.45,33.025,39.25,35.25,-5.825,3.1013813,0.0,8.975000000000001,18.76111111333333,21.466666666666665,21.05,21.28333333333333,21.05,22.183333333333334,-7.349111096666666,-0.048148170000001,-0.0653333333333332,11.560666666666666,11.506666666666666,18.89197529333333,11.63177777777778,3.5265372,3.4745376,3.4164252,3.4482565,3.5627427,0,4.0,0,0.0,-1.0,26.1,73.9
2023-02-13 16:00:00,33.093120672222,0.0,0.0,18.76111111333333,11.506666666666666,22.183333333333334,0,5.1764362714980825,70.66250196097344,16,0,2,-0.8660254037844385,-0.5000000000000004,0.0,1.0,0.8660254037844386,0.5000000000000001,128.0,257.75,445.2083333333333,6.6,33.1,19.0,39.0,-4.9,3.2859473,0.0,8.3,18.64444443,21.85,21.466666666666665,21.05,21.28333333333333,22.55,-7.254444446666669,-0.0833333166666641,0.0113333333333329,11.495333333333331,11.526666666666667,18.83271604777778,11.520888888888887,3.5627427,3.5265372,3.4745376,3.4164252,3.5967224,0,4.0,0,0.0,-1.02,26.8,73.2
2023-02-13 16:15:00,52.351516972222,0.0,0.0,18.64444443,11.526666666666667,22.55,0,5.1764362714980825,70.66250196097344,16,0,2,-0.8660254037844385,-0.5000000000000004,0.0,1.0,0.8660254037844386,0.5000000000000001,168.5,203.0,412.3958333333333,7.625,30.675,37.75,38.5,-4.75,3.317552,0.0,8.65,18.57037036333333,22.183333333333334,21.85,21.466666666666665,21.05,23.15,-7.117777763333333,-0.1166666833333351,0.0200000000000013,11.506666666666666,11.185333333333334,18.749999991111117,11.509555555555558,3.5967224,3.5627427,3.5265372,3.4745376,3.676265,0,4.0,0,0.0,-1.04,27.9,72.1
2023-02-13 16:30:00,53.98395163889,0.0,0.0,18.57037036333333,11.185333333333334,23.15,0,5.1764362714980825,70.66250196097344,16,0,2,-0.8660254037844385,-0.5000000000000004,0.0,1.0,0.8660254037844386,0.5000000000000001,209.0,180.0,382.6875,8.649999999999999,28.25,56.5,38.0,-4.6,3.3486817,0.0,9.0,18.45555553,22.55,22.183333333333334,21.85,21.466666666666665,23.85,-7.385037029999998,-0.0740740666666681,-0.341333333333333,11.526666666666667,11.031333333333333,18.65864196888889,11.406222222222224,3.676265,3.5967224,3.5627427,3.5265372,3.7617502,0,4.0,0,0.0,-1.05,28.5,71.5
2023-02-13 16:45:00,42.622739472222,0.0,0.0,18.45555553,11.031333333333333,23.85,0,5.1764362714980825,70.66250196097344,16,0,2,-0.8660254037844385,-0.5000000000000004,0.0,1.0,0.8660254037844386,0.5000000000000001,249.5,188.75,356.0833333333333,9.675,25.825,75.25,37.5,-4.45,3.3793023,0.0,9.35,18.37222221333333,23.15,22.55,22.183333333333334,21.85,24.0,-7.424222196666669,-0.1148148333333303,-0.1540000000000017,11.185333333333334,10.98,18.55679010777778,11.24777777777778,3.7617502,3.676265,3.5967224,3.5627427,3.7667525,0,4.0,0,0.0,-1.08,29.5,70.5
2023-02-13 17:00:00,49.564406327774,0.0,0.0,18.37222221333333,10.98,24.0,0,5.1764362714980825,70.66250196097344,17,0,2,-0.9659258262890684,-0.2588190451025206,0.0,1.0,0.8660254037844386,0.5000000000000001,290.0,229.25,332.5833333333333,10.7,23.4,94.0,37.0,-4.3,3.4093792,0.0,9.7,18.28888889,23.85,23.15,22.55,22.183333333333334,24.0,-7.392222213333332,-0.0833333166666712,-0.0513333333333339,11.031333333333333,10.784666666666668,18.46604936888889,11.065555555555555,3.7667525,3.7617502,3.676265,3.5967224,3.7481747,0,4.0,0,0.0,-1.1,30.3,69.7
2023-02-13 17:15:00,79.920969833328,0.0,0.0,18.28888889,10.784666666666668,24.0,0,5.1764362714980825,70.66250196097344,17,0,2,-0.9659258262890684,-0.2588190451025206,0.0,1.0,0.8660254037844386,0.5000000000000001,242.75,247.8125,307.1875,10.675,23.125,87.75,40.0,-4.15,3.4801013,0.0,8.799999999999999,18.225925906666667,24.0,23.85,23.15,22.55,24.0,-7.504222223333331,-0.0833333233333313,-0.1953333333333304,10.98,10.203333333333337,18.37222221111111,10.932000000000002,3.7481747,3.7667525,3.7617502,3.676265,3.7341902,0,4.0,0,0.0,-1.11,31.2,68.8
2023-02-13 17:30:00,340.933584227782,0.0,0.0,18.225925906666667,10.203333333333337,24.0,0,5.1764362714980825,70.66250196097344,17,0,2,-0.9659258262890684,-0.2588190451025206,0.0,1.0,0.8660254037844386,0.5000000000000001,195.5,244.4375,279.8958333333333,10.65,22.85,81.5,43.0,-4.0,3.5308123,0.0,7.899999999999999,18.18333335,24.0,24.0,23.85,23.15,24.0,-8.022592573333332,-0.0629629833333318,-0.5813333333333333,10.784666666666668,9.407333333333334,18.295679003333333,10.656,3.7341902,3.7481747,3.7667525,3.7617502,3.7247565,0,4.0,0,0.0,-1.13,31.8,68.2
2023-02-13 17:45:00,53.24342567778,0.0,0.0,18.18333335,9.407333333333334,24.0,0,5.1764362714980825,70.66250196097344,17,0,2,-0.9659258262890684,-0.2588190451025206,0.0,1.0,0.8660254037844386,0.5000000000000001,148.25,219.125,250.70833333333331,10.625,22.575,75.25,46.0,-3.85,3.5632977,0.0,7.0,18.1666667,24.0,24.0,24.0,23.85,24.0,-8.776000016666668,-0.0425925566666656,-0.7960000000000012,10.203333333333337,9.155333333333337,18.232716048888893,10.13177777777778,3.7247565,3.7341902,3.7481747,3.7667525,3.7210708,0,4.0,0,0.0,-1.14,32.3,67.7
2023-02-13 18:00:00,33.103953422228,0.0,0.0,18.1666667,9.155333333333337,24.0,0,5.1764362714980825,70.66250196097344,18,0,2,-1.0,-1.8369701987210294e-16,0.0,1.0,0.8660254037844386,0.5000000000000001,101.0,171.875,219.625,10.6,22.3,69.0,49.0,-3.7,3.5792363,0.0,6.1,18.12777778,24.0,24.0,24.0,24.0,24.05,-9.011333366666666,-0.0166666500000012,-0.2519999999999989,9.407333333333334,8.604666666666667,18.19197531888889,9.588666666666668,3.7210708,3.7247565,3.7341902,3.7481747,3.7202163,0,4.0,0,0.0,-1.14,32.5,67.5
2023-02-13 18:15:00,33.056177600004,0.0,0.0,18.12777778,8.604666666666667,24.05,0,5.1764362714980825,70.66250196097344,18,0,2,-1.0,-1.8369701987210294e-16,0.0,1.0,0.8660254037844386,0.5000000000000001,78.0,130.6875,193.83333333333331,10.925,21.325,63.0,51.0,-3.925,3.54625,0.0,5.35,18.1111111,24.0,24.0,24.0,24.0,24.466666666666665,-9.523111113333332,-0.0388889200000015,-0.5506666666666682,9.155333333333337,8.052,18.15925927666667,9.05577777777778,3.7202163,3.7210708,3.7247565,3.7341902,3.7809222,0,4.0,0,0.0,-1.15,32.9,67.1
2023-02-13 18:30:00,88.40174143889399,0.0,0.0,18.1111111,8.052,24.466666666666665,0,5.1764362714980825,70.66250196097344,18,0,2,-1.0,-1.8369701987210294e-16,0.0,1.0,0.8660254037844386,0.5000000000000001,55.0,95.5625,173.33333333333334,11.25,20.35,57.0,53.0,-4.15,3.5070882,0.0,4.6,18.10555555,24.05,24.0,24.0,24.0,24.85,-10.0591111,-0.0166666800000001,-0.5526666666666671,8.604666666666667,7.612666666666667,18.13518519333333,8.604000000000001,3.7809222,3.7202163,3.7210708,3.7247565,3.8388934,0,4.0,0,0.0,-1.15,32.9,67.1
2023-02-13 18:45:00,192.400637099996,0.0,0.0,18.10555555,7.612666666666667,24.85,0,5.1764362714980825,70.66250196097344,18,0,2,-1.0,-1.8369701987210294e-16,0.0,1.0,0.8660254037844386,0.5000000000000001,32.0,66.5,158.125,11.575,19.375,51.0,55.0,-4.375,3.4623473,0.0,3.85,18.07962965,24.466666666666665,24.05,24.0,24.0,25.183333333333334,-10.492888883333336,-0.0055555499999968,-0.4393333333333329,8.052,7.413333333333333,18.11481481,8.089777777777778,3.8388934,3.7809222,3.7202163,3.7210708,3.8843963,0,4.0,0,0.0,-1.15,32.9,67.1
2023-02-13 19:00:00,324.37174677778,10.11237323889,10.17737063889,18.07962965,7.413333333333333,25.183333333333334,1,5.1764362714980825,70.66250196097344,19,0,2,-0.9659258262890684,0.2588190451025203,0.0,1.0,0.8660254037844386,0.5000000000000001,9.0,43.5,148.20833333333334,11.9,18.4,45.0,57.0,-4.6,3.4125905,0.0,3.1,18.1111111,24.85,24.466666666666665,24.05,24.0,26.25,-10.666296316666669,-0.0259259000000007,-0.1993333333333335,7.612666666666667,7.313333333333333,18.098765433333337,7.692666666666668,3.8843963,3.8388934,3.7809222,3.7202163,4.056507,0,3.0,1,0.25,-1.16,33.1,66.9
2023-02-13 19:15:00,663.479293116666,0.0,0.0,18.1111111,7.313333333333333,26.25,0,5.1764362714980825,70.66250196097344,19,0,2,-0.9659258262890684,0.2588190451025203,0.0,1.0,0.8660254037844386,0.5000000000000001,6.75,25.6875,134.72916666666666,12.9,22.0,39.75,57.5,-4.375,3.4657044,0.0,3.2,18.1111111,25.183333333333334,24.85,24.466666666666665,24.05,26.966666666666665,-10.797777766666666,0.0314814499999975,-0.0999999999999996,7.413333333333333,7.0553333333333335,18.09876543333333,7.446444444444445,4.056507,3.8843963,3.8388934,3.7809222,4.1672564,1,3.0,1,0.25,-1.14,32.5,67.5
2023-02-13 19:30:00,97.70692498333,0.0,0.0,18.1111111,7.0553333333333335,26.966666666666665,0,5.1764362714980825,70.66250196097344,19,0,2,-0.9659258262890684,0.2588190451025203,0.0,1.0,0.8660254037844386,0.5000000000000001,4.5,13.0625,117.6875,13.9,25.6,34.5,58.0,-4.15,3.5193598,0.0,3.3,18.10555555,26.25,25.183333333333334,24.85,24.466666666666665,26.65,-11.055777766666663,0.0,-0.258,7.313333333333333,6.795333333333334,18.10061728333333,7.260666666666668,4.1672564,4.056507,3.8843963,3.8388934,4.116962,0,3.0,0,0.25,-1.14,32.4,67.6
2023-02-13 19:45:00,105.587443066664,0.0,0.0,18.10555555,6.795333333333334,26.65,0,5.1764362714980825,70.66250196097344,19,0,2,-0.9659258262890684,0.2588190451025203,0.0,1.0,0.8660254037844386,0.5000000000000001,2.25,5.625,97.08333333333331,14.9,29.2,29.25,58.5,-3.925,3.5735598,0.0,3.4,18.03888891333333,26.966666666666665,26.25,25.183333333333334,24.85,26.5,-11.310222216666668,-0.0055555499999968,-0.2599999999999998,7.0553333333333335,6.594666666666667,18.10925925,7.054666666666669,4.116962,4.1672564,4.056507,3.8843963,4.077596,0,3.0,0,0.25,-1.14,32.5,67.5
2023-02-13 20:00:00,113.85600107778,0.0,0.0,18.03888891333333,6.594666666666667,26.5,0,5.1764362714980825,70.66250196097344,20,0,2,-0.8660254037844386,0.5000000000000001,0.0,1.0,0.8660254037844386,0.5000000000000001,0.0,3.375,72.91666666666667,15.9,32.8,24.0,59.0,-3.7,3.6283088,0.0,3.5,17.99444444,26.65,26.966666666666665,26.25,25.183333333333334,26.5,-11.444222246666667,-0.0666666366666675,-0.2006666666666667,6.795333333333334,6.39,18.085185187777785,6.815111111111112,4.077596,4.116962,4.1672564,4.056507,4.06683,0,4.0,0,0.0,-1.16,33.2,66.8
2023-02-13 20:15:00,95.840888527774,0.0,0.0,17.99444444,6.39,26.5,0,5.1764362714980825,70.66250196097344,20,0,2,-0.8660254037844386,0.5000000000000001,0.0,1.0,0.8660254037844386,0.5000000000000001,0.0,1.6875,52.6875,16.975,34.675,43.0,59.75,-3.5250000000000004,3.680583,0.15,3.525,17.927777756666668,26.5,26.65,26.966666666666665,26.25,26.683333333333334,-11.604444439999998,-0.0444444733333355,-0.2046666666666672,6.594666666666667,6.237333333333334,18.046296301111116,6.593333333333335,4.06683,4.077596,4.116962,4.1672564,4.078755,0,4.0,0,0.0,-1.17,33.7,66.3
2023-02-13 20:30:00,93.592367305554,0.0,0.0,17.927777756666668,6.237333333333334,26.683333333333334,0,5.1764362714980825,70.66250196097344,20,0,2,-0.8660254037844386,0.5000000000000001,0.0,1.0,0.8660254037844386,0.5000000000000001,0.0,0.5625,36.395833333333336,18.05,36.55,62.0,60.5,-3.35,3.7330198,0.3,3.55,17.88333334,26.5,26.5,26.65,26.966666666666665,27.0,-11.690444423333334,-0.0666666833333309,-0.1526666666666658,6.39,5.8293333333333335,17.987037036666667,6.407333333333334,4.078755,4.06683,4.077596,4.116962,4.1162543,0,4.0,0,0.0,-1.18,34.4,65.6
2023-02-13 20:45:00,98.913821172218,0.0,0.0,17.88333334,5.8293333333333335,27.0,0,5.1764362714980825,70.66250196097344,20,0,2,-0.8660254037844386,0.5000000000000001,0.0,1.0,0.8660254037844386,0.5000000000000001,0.0,0.0,24.041666666666668,19.125,38.425,81.0,61.25,-3.175,3.7856202,0.45,3.575,17.816666656666666,26.683333333333334,26.5,26.5,26.65,27.183333333333334,-12.054000006666666,-0.0444444166666677,-0.4080000000000003,6.237333333333334,5.541333333333333,17.93518517888889,6.152222222222224,4.1162543,4.078755,4.06683,4.077596,4.1277814,0,4.0,0,0.0,-1.19,34.8,65.2
2023-02-13 21:00:00,112.821042511112,0.0,0.0,17.816666656666666,5.541333333333333,27.183333333333334,0,5.1764362714980825,70.66250196097344,21,0,2,-0.7071067811865477,0.7071067811865474,0.0,1.0,0.8660254037844386,0.5000000000000001,0.0,0.0,15.625,20.2,40.3,100.0,62.0,-3.0,3.838385,0.6,3.6,17.7777778,27.0,26.683333333333334,26.5,26.5,27.55,-12.275333323333331,-0.0666666833333344,-0.2880000000000002,5.8293333333333335,5.254666666666666,17.87592591777778,5.869333333333334,4.1277814,4.1162543,4.078755,4.06683,4.173778,0,4.0,0,0.0,-1.21,35.6,64.4
2023-02-13 21:15:00,101.671766349998,0.0,0.0,17.7777778,5.254666666666666,27.55,0,5.1764362714980825,70.66250196097344,21,0,2,-0.7071067811865477,0.7071067811865474,0.0,1.0,0.8660254037844386,0.5000000000000001,0.0,0.0,9.125,20.3,41.65,100.0,66.5,-2.375,4.041894,0.475,3.325,17.757407413333333,27.183333333333334,27.0,26.683333333333334,26.5,27.966666666666665,-12.523111133333334,-0.0388888566666665,-0.286666666666667,5.541333333333333,5.075333333333333,17.825925932222223,5.541777777777779,4.173778,4.1277814,4.1162543,4.078755,4.2317624,0,4.0,0,0.0,-1.21,35.9,64.1
2023-02-13 21:30:00,97.263609399996,0.0,0.0,17.757407413333333,5.075333333333333,27.966666666666665,0,5.1764362714980825,70.66250196097344,21,0,2,-0.7071067811865477,0.7071067811865474,0.0,1.0,0.8660254037844386,0.5000000000000001,0.0,0.0,4.541666666666667,20.4,43.0,100.0,71.0,-1.75,4.236523,0.35,3.05,17.68333335,27.55,27.183333333333334,27.0,26.683333333333334,28.05,-12.68207408,-0.0203703866666664,-0.1793333333333331,5.254666666666666,4.798666666666667,17.783950623333336,5.290444444444446,4.2317624,4.173778,4.1277814,4.1162543,4.225669,0,4.0,0,0.0,-1.22,36.1,63.9
2023-02-13 21:45:00,284.538895838886,0.0,0.0,17.68333335,4.798666666666667,28.05,0,5.1764362714980825,70.66250196097344,21,0,2,-0.7071067811865477,0.7071067811865474,0.0,1.0,0.8660254037844386,0.5000000000000001,0.0,0.0,1.875,20.5,44.35,100.0,75.5,-1.125,4.422499,0.2249999999999999,2.775,17.646296313333334,27.966666666666665,27.55,27.183333333333334,27.0,28.466666666666665,-12.884666683333336,-0.074074063333331,-0.2766666666666664,5.075333333333333,4.442666666666667,17.739506187777778,5.04288888888889,4.225669,4.2317624,4.173778,4.1277814,4.2789764,0,4.0,0,0.0,-1.23,36.9,63.1
2023-02-13 22:00:00,1304.861414488892,0.0,0.0,17.646296313333334,4.442666666666667,28.466666666666665,0,5.1764362714980825,70.66250196097344,22,0,2,-0.5000000000000004,0.8660254037844384,0.0,1.0,0.8660254037844386,0.5000000000000001,0.0,0.0,1.125,20.6,45.7,100.0,80.0,-0.5,4.6000423,0.1,2.5,17.605555550000002,28.05,27.966666666666665,27.55,27.183333333333334,28.9,-13.203629646666666,-0.0370370366666676,-0.3559999999999998,4.798666666666667,4.182666666666666,17.69567902555556,4.772222222222223,4.2789764,4.225669,4.2317624,4.173778,4.333567,0,4.0,0,0.0,-1.24,37.3,62.7
2023-02-13 22:15:00,242.858340827778,0.0,0.0,17.605555550000002,4.182666666666666,28.9,0,5.1764362714980825,70.66250196097344,22,0,2,-0.5000000000000004,0.8660254037844384,0.0,1.0,0.8660254037844386,0.5000000000000001,0.0,0.0,0.5625,20.75,45.7,98.75,80.25,-0.45,4.6222076,0.075,2.525,17.5592593,28.466666666666665,28.05,27.966666666666665,27.55,29.466666666666665,-13.422888883333336,-0.0407407633333321,-0.2600000000000007,4.442666666666667,4.086666666666667,17.64506173777778,4.474666666666668,4.333567,4.2789764,4.225669,4.2317624,4.4063473,0,4.0,0,0.0,-1.25,37.7,62.3
2023-02-13 22:30:00,103.206149388888,0.0,0.0,17.5592593,4.086666666666667,29.466666666666665,0,5.1764362714980825,70.66250196097344,22,0,2,-0.5000000000000004,0.8660254037844384,0.0,1.0,0.8660254037844386,0.5000000000000001,0.0,0.0,0.1875,20.9,45.7,97.5,80.5,-0.4,4.6444316,0.05,2.55,17.51666668,28.9,28.466666666666665,28.05,27.966666666666665,29.5,-13.472592633333337,-0.046296250000001,-0.0959999999999992,4.182666666666666,4.044,17.603703721111113,4.237333333333335,4.4063473,4.333567,4.2789764,4.225669,4.400128,0,4.0,0,0.0,-1.26,38.1,61.9
2023-02-13 22:45:00,84.28468422777,0.0,0.0,17.51666668,4.044,29.5,0,5.1764362714980825,70.66250196097344,22,0,2,-0.5000000000000004,0.8660254037844384,0.0,1.0,0.8660254037844386,0.5000000000000001,0.0,0.0,0.0,21.05,45.7,96.25,80.75,-0.35,4.666716,0.0249999999999999,2.575,17.479629613333334,29.466666666666665,28.9,28.466666666666665,28.05,29.5,-13.47266668,-0.0425926200000006,-0.0426666666666673,4.086666666666667,3.972,17.560493843333337,4.104444444444446,4.400128,4.4063473,4.333567,4.2789764,4.390406,0,4.0,0,0.0,-1.27,38.6,61.4
2023-02-13 23:00:00,80.944817644444,0.0,0.0,17.479629613333334,3.972,29.5,0,5.1764362714980825,70.66250196097344,23,0,2,-0.2588190451025215,0.965925826289068,0.0,1.0,0.8660254037844386,0.5000000000000001,0.0,0.0,0.0,21.2,45.7,95.0,81.0,-0.3,4.689061,0.0,2.6,17.43888885,29.5,29.466666666666665,28.9,28.466666666666665,29.5,-13.507629613333334,-0.0370370666666666,-0.0719999999999996,4.044,3.92,17.518518531111113,4.034222222222224,4.390406,4.400128,4.4063473,4.333567,4.3797336,0,4.0,0,0.0,-1.28,39.0,61.0
2023-02-13 23:15:00,96.28670404444,0.0,0.0,17.43888885,3.92,29.5,0,5.1764362714980825,70.66250196097344,23,0,2,-0.2588190451025215,0.965925826289068,0.0,1.0,0.8660254037844386,0.5000000000000001,0.0,0.0,0.0,20.825,45.525000000000006,96.25,81.0,-0.3999999999999999,4.657543,0.0,2.5,17.3925926,29.5,29.5,29.466666666666665,28.9,29.5,-13.518888850000002,-0.0407407633333321,-0.052,3.972,3.874,17.478395047777777,3.978666666666668,4.3797336,4.390406,4.400128,4.4063473,4.367633,0,4.0,0,0.0,-1.29,39.5,60.5
2023-02-13 23:30:00,95.162026816662,0.0,0.0,17.3925926,3.874,29.5,0,5.1764362714980825,70.66250196097344,23,0,2,-0.2588190451025215,0.965925826289068,0.0,1.0,0.8660254037844386,0.5000000000000001,0.0,0.0,0.0,20.45,45.35,97.5,81.0,-0.5,4.626211,0.0,2.4000000000000004,17.34999998,29.5,29.5,29.5,29.466666666666665,29.85,-13.5185926,-0.046296250000001,-0.0459999999999998,3.92,3.831333333333333,17.437037021111113,3.922000000000001,4.367633,4.3797336,4.390406,4.400128,4.4082127,0,4.0,0,0.0,-1.3,40.1,59.9
2023-02-13 23:45:00,81.03759161667,0.0,0.0,17.34999998,3.831333333333333,29.85,0,5.1764362714980825,70.66250196097344,23,0,2,-0.2588190451025215,0.965925826289068,0.0,1.0,0.8660254037844386,0.5000000000000001,0.0,0.0,0.0,20.075,45.175,98.75,81.0,-0.6,4.5950637,0.0,2.3000000000000003,17.31296295,29.5,29.5,29.5,29.5,30.183333333333334,-13.518666646666668,-0.0425926200000006,-0.0426666666666668,3.874,3.854,17.393827143333336,3.875111111111112,4.4082127,4.367633,4.3797336,4.390406,4.4475784,0,4.0,0,0.0,-1.3,40.5,59.5
2023-02-14 00:00:00,89.525030088884,0.0,0.0,17.31296295,3.854,30.183333333333334,0,5.1764362714980825,70.66250196097344,0,1,2,0.0,1.0,0.7818314824680298,0.6234898018587336,0.8660254037844386,0.5000000000000001,0.0,0.0,0.0,19.7,45.0,100.0,81.0,-0.7,4.5641,0.0,2.2,17.27222224,29.85,29.5,29.5,29.5,30.5,-13.45896295,-0.0370370300000004,0.0226666666666668,3.831333333333333,3.824,17.351851843333336,3.853111111111113,4.4475784,4.4082127,4.367633,4.3797336,4.4832997,0,4.0,0,0.0,-1.31,40.9,59.1
2023-02-14 00:15:00,69.505830688892,0.0,0.0,17.27222224,3.824,30.5,0,5.1764362714980825,70.66250196097344,0,1,2,0.0,1.0,0.7818314824680298,0.6234898018587336,0.8660254037844386,0.5000000000000001,0.0,0.0,0.0,19.25,44.2,89.25,81.25,-0.7,4.562726,0.025,2.1500000000000004,17.225925906666667,30.183333333333334,29.85,29.5,29.5,30.5,-13.448222240000002,-0.0407407099999979,-0.0300000000000002,3.854,3.785333333333333,17.311728390000003,3.836444444444446,4.4832997,4.4475784,4.4082127,4.367633,4.4708967,0,4.0,0,0.0,-1.32,41.3,58.7
2023-02-14 00:30:00,454.260995566664,0.0,0.0,17.225925906666667,3.785333333333333,30.5,0,5.1764362714980825,70.66250196097344,0,1,2,0.0,1.0,0.7818314824680298,0.6234898018587336,0.8660254037844386,0.5000000000000001,0.0,0.0,0.0,18.8,43.4,78.5,81.5,-0.7,4.5613027,0.05,2.1,17.18333335,30.5,30.183333333333334,29.85,29.5,30.45,-13.440592573333332,-0.0462963333333341,-0.0386666666666664,3.824,3.5973333333333333,17.270370365555554,3.821111111111112,4.4708967,4.4832997,4.4475784,4.4082127,4.452202,0,4.0,0,0.0,-1.33,41.9,58.1
2023-02-14 00:45:00,152.293908066664,0.0,0.0,17.18333335,3.5973333333333333,30.45,0,5.1764362714980825,70.66250196097344,0,1,2,0.0,1.0,0.7818314824680298,0.6234898018587336,0.8660254037844386,0.5000000000000001,0.0,0.0,0.0,18.35,42.6,67.75,81.75,-0.7,4.55983,0.075,2.05,17.146296313333334,30.5,30.5,30.183333333333334,29.85,30.03333333333333,-13.586000016666668,-0.0425925566666656,-0.1880000000000001,3.785333333333333,3.46,17.22716049888889,3.735555555555557,4.452202,4.4708967,4.4832997,4.4475784,4.381551,0,4.0,0,0.0,-1.34,42.4,57.6
2023-02-14 01:00:00,76.96331026111,0.0,0.0,17.146296313333334,3.46,30.03333333333333,0,5.1764362714980825,70.66250196097344,1,1,2,0.2588190451025207,0.9659258262890684,0.7818314824680298,0.6234898018587336,0.8660254037844386,0.5000000000000001,0.0,0.0,0.0,17.9,41.8,57.0,82.0,-0.7,4.558309,0.1,2.0,17.07222225,30.45,30.5,30.5,30.183333333333334,30.05,-13.686296313333331,-0.0370370366666676,-0.1373333333333333,3.5973333333333333,3.3386666666666667,17.185185190000002,3.614222222222223,4.381551,4.452202,4.4708967,4.4832997,4.3645716,0,4.0,0,0.0,-1.35,43.0,57.0
2023-02-14 01:15:00,62.66721537778,0.0,0.0,17.07222225,3.3386666666666667,30.05,0,5.1764362714980825,70.66250196097344,1,1,2,0.2588190451025207,0.9659258262890684,0.7818314824680298,0.6234898018587336,0.8660254037844386,0.5000000000000001,0.0,0.0,0.0,17.474999999999998,40.8,60.75,83.0,-0.7749999999999999,4.544028,0.1,1.775,17.0555556,30.03333333333333,30.45,30.5,30.5,30.466666666666665,-13.733555583333333,-0.0740740633333345,-0.1213333333333333,3.46,3.264,17.13395063777778,3.465333333333334,4.3645716,4.381551,4.452202,4.4708967,4.420673,0,4.0,0,0.0,-1.37,43.9,56.1
2023-02-14 01:30:00,68.80946976111,0.0,0.0,17.0555556,3.264,30.466666666666665,0,5.1764362714980825,70.66250196097344,1,1,2,0.2588190451025207,0.9659258262890684,0.7818314824680298,0.6234898018587336,0.8660254037844386,0.5000000000000001,0.0,0.0,0.0,17.049999999999997,39.8,64.5,84.0,-0.85,4.5290036,0.1,1.55,17.05000004,30.05,30.03333333333333,30.45,30.5,30.5,-13.791555600000002,-0.0166666499999976,-0.0746666666666664,3.3386666666666667,3.183333333333333,17.091358054444445,3.3542222222222238,4.420673,4.3645716,4.381551,4.452202,4.424036,0,4.0,0,0.0,-1.37,44.0,56.0
2023-02-14 01:45:00,61.18560806111,0.0,0.0,17.05000004,3.183333333333333,30.5,0,5.1764362714980825,70.66250196097344,1,1,2,0.2588190451025207,0.9659258262890684,0.7818314824680298,0.6234898018587336,0.8660254037844386,0.5000000000000001,0.0,0.0,0.0,16.625,38.8,68.25,85.0,-0.925,4.513259,0.1,1.3250000000000002,17.003703706666666,30.466666666666665,30.05,30.03333333333333,30.45,30.683333333333334,-13.866666706666669,-0.0055555600000012,-0.0806666666666671,3.264,3.1766666666666667,17.059259296666667,3.262000000000002,4.424036,4.420673,4.3645716,4.381551,4.4382935,0,4.0,0,0.0,-1.37,44.1,55.9
2023-02-14 02:00:00,58.516270355556,0.0,0.0,17.003703706666666,3.1766666666666667,30.683333333333334,0,5.1764362714980825,70.66250196097344,2,1,2,0.4999999999999999,0.8660254037844387,0.7818314824680298,0.6234898018587336,0.8660254037844386,0.5000000000000001,0.0,0.0,0.0,16.2,37.8,72.0,86.0,-1.0,4.4968143,0.1,1.1,16.96111108,30.5,30.466666666666665,30.05,30.03333333333333,31.0,-13.82703704,-0.0462963333333341,-0.0066666666666663,3.183333333333333,3.108,17.036419782222225,3.208000000000001,4.4382935,4.424036,4.420673,4.3645716,4.47266,0,4.0,0,0.0,-1.38,44.6,55.4
2023-02-14 02:15:00,57.52158796111,0.0,0.0,16.96111108,3.108,31.0,0,5.1764362714980825,70.66250196097344,2,1,2,0.4999999999999999,0.8660254037844387,0.7818314824680298,0.6234898018587336,0.8660254037844386,0.5000000000000001,0.0,0.0,0.0,16.025,36.725,67.5,86.75,-0.95,4.512859,0.1,1.025,16.924074049999998,30.683333333333334,30.5,30.466666666666665,30.05,31.0,-13.853111079999998,-0.0425926266666678,-0.0686666666666671,3.1766666666666667,3.012,17.004938275555556,3.156000000000001,4.47266,4.4382935,4.424036,4.420673,4.4627347,0,4.0,0,0.0,-1.39,45.1,54.9
2023-02-14 02:30:00,46.908956933332,0.0,0.0,16.924074049999998,3.012,31.0,0,5.1764362714980825,70.66250196097344,2,1,2,0.4999999999999999,0.8660254037844387,0.7818314824680298,0.6234898018587336,0.8660254037844386,0.5000000000000001,0.0,0.0,0.0,15.85,35.65,63.0,87.5,-0.9,4.5286055,0.1,0.95,16.91111112,31.0,30.683333333333334,30.5,30.466666666666665,30.95,-13.912074049999998,-0.0370370300000004,-0.0959999999999996,3.108,2.9126666666666665,16.962962945555557,3.09888888888889,4.4627347,4.47266,4.4382935,4.424036,4.452073,0,4.0,0,0.0,-1.4,45.6,54.4
2023-02-14 02:45:00,136.852859183326,98.305789827778,98.3285667,16.91111112,2.9126666666666665,30.95,2,5.1764362714980825,70.66250196097344,2,1,2,0.4999999999999999,0.8660254037844387,0.7818314824680298,0.6234898018587336,0.8660254037844386,0.5000000000000001,0.0,0.0,0.0,15.675,34.575,58.5,88.25,-0.8500000000000001,4.5440593,0.1,0.875,17.137037023333335,31.0,31.0,30.683333333333334,30.5,30.53333333333333,-13.998444453333336,-0.0129629299999969,-0.0993333333333335,3.012,2.734,16.932098749999998,3.0108888888888896,4.452073,4.4627347,4.47266,4.4382935,4.452027,0,3.0,1,0.25,-1.4,45.7,54.3
2023-02-14 03:00:00,51.344057372218,0.0,0.0,17.137037023333335,2.734,30.53333333333333,0,5.1764362714980825,70.66250196097344,3,1,2,0.7071067811865476,0.7071067811865476,0.7818314824680298,0.6234898018587336,0.8660254037844386,0.5000000000000001,0.0,0.0,0.0,15.5,33.5,54.0,89.0,-0.8,4.5592217,0.1,0.8,17.133333320000002,30.95,31.0,31.0,30.683333333333334,30.5,-14.403037023333336,0.2259259033333336,-0.1786666666666665,2.9126666666666665,2.6146666666666665,16.990740731111114,2.886222222222224,4.452027,4.452073,4.4627347,4.47266,4.44618,1,3.0,1,0.25,-1.35,43.0,57.0
2023-02-14 03:15:00,65.371829305562,0.0,0.0,17.133333320000002,2.6146666666666665,30.5,0,5.1764362714980825,70.66250196097344,3,1,2,0.7071067811865476,0.7071067811865476,0.7818314824680298,0.6234898018587336,0.8660254037844386,0.5000000000000001,0.0,0.0,0.0,15.4,32.95,56.25,89.5,-0.875,4.537977,0.1,0.65,16.98703702,30.53333333333333,30.95,31.0,31.0,30.683333333333334,-14.518666653333336,-0.0037037033333326,-0.1193333333333335,2.734,2.5320000000000005,17.060493821111113,2.753777777777779,4.44618,4.452027,4.452073,4.4627347,4.4338613,0,3.0,0,0.25,-1.35,43.1,56.9
2023-02-14 03:30:00,49.949946555548,0.0,0.0,16.98703702,2.5320000000000005,30.683333333333334,0,5.1764362714980825,70.66250196097344,3,1,2,0.7071067811865476,0.7071067811865476,0.7818314824680298,0.6234898018587336,0.8660254037844386,0.5000000000000001,0.0,0.0,0.0,15.3,32.4,58.5,90.0,-0.95,4.5166326,0.1,0.5,16.90555555,30.5,30.53333333333333,30.95,31.0,31.0,-14.45503702,-0.146296300000003,-0.082666666666666,2.6146666666666665,2.4226666666666667,17.085802454444444,2.62688888888889,4.4338613,4.44618,4.452027,4.452073,4.4577794,0,3.0,0,0.25,-1.39,44.8,55.2
2023-02-14 03:45:00,76.069457166664,38.181250472222,38.196805416666,16.90555555,2.4226666666666667,31.0,1,5.1764362714980825,70.66250196097344,3,1,2,0.7071067811865476,0.7071067811865476,0.7818314824680298,0.6234898018587336,0.8660254037844386,0.5000000000000001,0.0,0.0,0.0,15.2,31.85,60.75,90.5,-1.025,4.4951897,0.1,0.35,16.97037037333333,30.683333333333334,30.5,30.53333333333333,30.95,30.816666666666663,-14.482888883333333,-0.0814814699999999,-0.1093333333333337,2.5320000000000005,2.238,17.008641963333336,2.523111111111112,4.4577794,4.4338613,4.44618,4.452027,4.44868,0,3.0,1,0.25,-1.41,45.8,54.2
2023-02-14 04:00:00,109.51923013889,61.856414527778,61.875302672222,16.97037037333333,2.238,30.816666666666663,1,5.1764362714980825,70.66250196097344,4,1,2,0.8660254037844386,0.5000000000000001,0.7818314824680298,0.6234898018587336,0.8660254037844386,0.5000000000000001,0.0,0.0,0.0,15.1,31.3,63.0,91.0,-1.1,4.4736543,0.1,0.2,17.13888891,31.0,30.683333333333334,30.5,30.53333333333333,30.5,-14.732370373333332,0.0648148233333323,-0.1846666666666667,2.4226666666666667,2.053333333333333,16.95432098111111,2.3975555555555568,4.44868,4.4577794,4.4338613,4.44618,4.4476595,0,2.0,0,0.5,-1.39,45.0,55.0
2023-02-14 04:15:00,45.996771288884,0.0,0.0,17.13888891,2.053333333333333,30.5,0,5.1764362714980825,70.66250196097344,4,1,2,0.8660254037844386,0.5000000000000001,0.7818314824680298,0.6234898018587336,0.8660254037844386,0.5000000000000001,0.0,0.0,0.0,15.125,31.225,52.25,90.75,-1.225,4.430767,0.075,0.1,17.001851883333334,30.816666666666663,31.0,30.683333333333334,30.5,30.5,-15.085555576666666,0.1685185366666672,-0.1846666666666667,2.238,1.8866666666666667,17.00493827777778,2.2380000000000013,4.4476595,4.44868,4.4577794,4.4338613,4.4112854,1,2.0,1,0.5,-1.35,43.0,57.0
2023-02-14 04:30:00,58.006568594442,0.0,0.0,17.001851883333334,1.8866666666666667,30.5,0,5.1764362714980825,70.66250196097344,4,1,2,0.8660254037844386,0.5000000000000001,0.7818314824680298,0.6234898018587336,0.8660254037844386,0.5000000000000001,0.0,0.0,0.0,15.15,31.15,41.5,90.5,-1.35,4.388232,0.05,0.0,16.84444443,30.5,30.816666666666663,31.0,30.683333333333334,30.5,-15.115185216666667,-0.1370370266666647,-0.1666666666666665,2.053333333333333,1.772,17.037037055555555,2.059333333333335,4.4112854,4.4476595,4.44868,4.4577794,4.3698225,0,2.0,0,0.5,-1.38,44.7,55.3
2023-02-14 04:45:00,63.631065772222,0.0,0.0,16.84444443,1.772,30.5,0,5.1764362714980825,70.66250196097344,4,1,2,0.8660254037844386,0.5000000000000001,0.7818314824680298,0.6234898018587336,0.8660254037844386,0.5000000000000001,0.0,0.0,0.0,15.175,31.075,30.75,90.25,-1.475,4.3460474,0.0249999999999999,-0.1,16.822222236666665,30.5,30.5,30.816666666666663,31.0,30.5,-15.07244443,-0.1574074533333345,-0.1146666666666667,1.8866666666666667,1.6746666666666667,16.995061741111112,1.904000000000001,4.3698225,4.4112854,4.4476595,4.44868,4.3639965,0,3.0,0,0.25,-1.42,46.7,53.3
2023-02-14 05:00:00,456.876724133336,103.010601644444,103.033378483334,16.822222236666665,1.6746666666666667,30.5,2,5.1764362714980825,70.66250196097344,5,1,2,0.9659258262890684,0.2588190451025207,0.7818314824680298,0.6234898018587336,0.8660254037844386,0.5000000000000001,0.0,0.0,0.0,15.2,31.0,20.0,90.0,-1.6,4.304209,0.0,-0.2,17.03888889,30.5,30.5,30.5,30.816666666666663,30.15,-15.147555569999998,-0.0222221933333344,-0.0973333333333332,1.772,1.532,16.889506183333335,1.7777777777777792,4.3639965,4.3698225,4.4112854,4.4476595,4.3703566,0,3.0,1,0.25,-1.43,47.0,53.0
2023-02-14 05:15:00,41.87804714444,0.0,0.0,17.03888889,1.532,30.15,0,5.1764362714980825,70.66250196097344,5,1,2,0.9659258262890684,0.2588190451025207,0.7818314824680298,0.6234898018587336,0.8660254037844386,0.5000000000000001,0.0,0.0,0.0,14.875,30.9,21.25,90.25,-1.725,4.2643065,0.0,-0.375,16.998148176666668,30.5,30.5,30.5,30.5,30.0,-15.50688889,0.2166666533333341,-0.1426666666666667,1.6746666666666667,1.4526666666666666,16.901851852222222,1.659555555555557,4.3703566,4.3639965,4.3698225,4.4112854,4.3380055,1,3.0,1,0.25,-1.38,44.3,55.7
2023-02-14 05:30:00,52.836775344444,0.0,0.0,16.998148176666668,1.4526666666666666,30.0,0,5.1764362714980825,70.66250196097344,5,1,2,0.9659258262890684,0.2588190451025207,0.7818314824680298,0.6234898018587336,0.8660254037844386,0.5000000000000001,0.0,0.0,0.0,14.55,30.8,22.5,90.5,-1.85,4.2246647,0.0,-0.55,16.82222224,30.15,30.5,30.5,30.5,30.05,-15.545481510000002,-0.0407407133333315,-0.0793333333333334,1.532,1.362,16.953086434444444,1.553111111111112,4.3380055,4.3703566,4.3639965,4.3698225,4.2996097,0,3.0,0,0.25,-1.39,44.9,55.1
2023-02-14 05:45:00,148.160184538886,85.417416533332,85.436860255552,16.82222224,1.362,30.05,2,5.1764362714980825,70.66250196097344,5,1,2,0.9659258262890684,0.2588190451025207,0.7818314824680298,0.6234898018587336,0.8660254037844386,0.5000000000000001,0.0,0.0,0.0,14.225,30.700000000000003,23.75,90.75,-1.975,4.1852856,0.0,-0.7249999999999999,16.942592616666666,30.0,30.15,30.5,30.5,30.65,-15.460222239999998,-0.175925936666669,-0.0906666666666666,1.4526666666666666,1.334,16.95308643555556,1.44888888888889,4.2996097,4.3380055,4.3703566,4.3639965,4.417253,0,2.0,1,0.5,-1.43,47.1,52.9
2023-02-14 06:00:00,187.493055527778,24.598182716666,24.61873746111,16.942592616666666,1.334,30.65,1,5.1764362714980825,70.66250196097344,6,1,2,1.0,6.123233995736766e-17,0.7818314824680298,0.6234898018587336,0.8660254037844386,0.5000000000000001,0.0,0.0,0.0,13.9,30.6,25.0,91.0,-2.1,4.1461663,0.0,-0.9,17.00000001,30.05,30.0,30.15,30.5,31.35,-15.608592616666666,0.120370376666667,-0.0279999999999998,1.362,1.428,16.920987677777777,1.38288888888889,4.417253,4.2996097,4.3380055,4.3703566,4.5337195,0,2.0,1,0.5,-1.4,45.4,54.6
2023-02-14 06:15:00,68.758360605558,0.0,0.0,17.00000001,1.428,31.35,0,5.1764362714980825,70.66250196097344,6,1,2,1.0,6.123233995736766e-17,0.7818314824680298,0.6234898018587336,0.8660254037844386,0.5000000000000001,0.0,0.0,0.0,13.55,29.875,20.0,91.25,-2.2,4.12161,0.0,-1.025,16.803703676666668,30.65,30.05,30.0,30.15,31.316666666666663,-15.57200001,0.0574073933333352,0.0939999999999998,1.334,1.504,16.921604955555555,1.3746666666666678,4.5337195,4.417253,4.2996097,4.3380055,4.475867,1,2.0,1,0.5,-1.38,44.5,55.5
2023-02-14 06:30:00,51.518216988888,0.0,0.0,16.803703676666668,1.504,31.316666666666663,0,5.1764362714980825,70.66250196097344,6,1,2,1.0,6.123233995736766e-17,0.7818314824680298,0.6234898018587336,0.8660254037844386,0.5000000000000001,0.0,0.0,0.0,13.2,29.15,15.0,91.5,-2.3,4.097131,0.0,-1.15,16.67777779,31.35,30.65,30.05,30.0,31.0,-15.299703676666669,-0.1962963333333327,0.076,1.428,1.4646666666666666,16.91543210111111,1.4220000000000013,4.475867,4.5337195,4.417253,4.2996097,4.3972135,0,2.0,0,0.5,-1.43,47.0,53.0
2023-02-14 06:45:00,60.98644919445,18.602866972222,18.615644244444,16.67777779,1.4646666666666666,31.0,1,5.1764362714980825,70.66250196097344,6,1,2,1.0,6.123233995736766e-17,0.7818314824680298,0.6234898018587336,0.8660254037844386,0.5000000000000001,0.0,0.0,0.0,12.85,28.425,10.0,91.75,-2.4,4.0727296,0.0,-1.275,16.65555554333333,31.316666666666663,31.35,30.65,30.05,31.0,-15.213111123333334,-0.1259258866666677,-0.0393333333333334,1.504,1.378,16.827160492222223,1.4655555555555566,4.3972135,4.475867,4.5337195,4.417253,4.3913436,0,2.0,1,0.5,-1.46,48.7,51.3
2023-02-14 07:00:00,131.55695976111,81.84394832777801,81.865058633332,16.65555554333333,1.378,31.0,2,5.1764362714980825,70.66250196097344,7,1,2,0.9659258262890684,-0.2588190451025206,0.7818314824680298,0.6234898018587336,0.8660254037844386,0.5000000000000001,0.0,0.0,0.0,12.5,27.7,5.0,92.0,-2.5,4.048405,0.0,-1.4,16.82222222,31.0,31.316666666666663,31.35,30.65,30.65,-15.277555543333332,-0.0222222466666686,-0.0866666666666666,1.4646666666666666,1.3,16.71234567,1.44888888888889,4.3913436,4.3972135,4.475867,4.5337195,4.3854585,0,2.0,1,0.5,-1.47,49.0,51.0
2023-02-14 07:15:00,64.271595849994,0.0,0.0,16.82222222,1.3,30.65,0,5.1764362714980825,70.66250196097344,7,1,2,0.9659258262890684,-0.2588190451025206,0.7818314824680298,0.6234898018587336,0.8660254037844386,0.5000000000000001,0.0,0.0,0.0,12.375,26.8,3.75,92.0,-2.5,4.048405,0.0,-1.4,16.692592576666666,31.0,31.0,31.316666666666663,31.35,30.5,-15.52222222,0.1666666766666686,-0.0779999999999998,1.378,1.3606666666666667,16.718518517777778,1.38088888888889,4.3854585,4.3913436,4.3972135,4.475867,4.3301454,1,2.0,1,0.5,-1.43,47.0,53.0
2023-02-14 07:30:00,48.513615027774,0.0,0.0,16.692592576666666,1.3606666666666667,30.5,0,5.1764362714980825,70.66250196097344,7,1,2,0.9659258262890684,-0.2588190451025206,0.7818314824680298,0.6234898018587336,0.8660254037844386,0.5000000000000001,0.0,0.0,0.0,12.25,25.9,2.5,92.0,-2.5,4.048405,0.0,-1.4,16.58333336,30.65,31.0,31.0,31.316666666666663,30.5,-15.33192591,-0.1296296433333346,0.0606666666666666,1.3,1.653333333333333,16.723456780000003,1.3462222222222235,4.3301454,4.3854585,4.3913436,4.3972135,4.30179,0,2.0,0,0.5,-1.46,48.7,51.3
2023-02-14 07:45:00,138.15669567778,96.556137583334,96.578358911112,16.58333336,1.653333333333333,30.5,2,5.1764362714980825,70.66250196097344,7,1,2,0.9659258262890684,-0.2588190451025206,0.7818314824680298,0.6234898018587336,0.8660254037844386,0.5000000000000001,0.0,0.0,0.0,12.125,25.0,1.25,92.0,-2.5,4.048405,0.0,-1.4,16.720370380000002,30.5,30.65,31.0,31.0,30.316666666666663,-14.930000026666669,-0.1092592166666648,0.2926666666666666,1.3606666666666667,2.138,16.699382718888888,1.4380000000000013,4.30179,4.3301454,4.3854585,4.3913436,4.311309,0,2.0,1,0.5,-1.48,50.1,49.9
2023-02-14 08:00:00,59.694556388896,13.84666827778,13.86000107778,16.720370380000002,2.138,30.316666666666663,1,5.1764362714980825,70.66250196097344,8,1,2,0.8660254037844387,-0.4999999999999998,0.7818314824680298,0.6234898018587336,0.8660254037844386,0.5000000000000001,0.0,0.0,0.0,12.0,24.1,0.0,92.0,-2.5,4.048405,0.0,-1.4,16.705555569999998,30.5,30.5,30.65,31.0,30.0,-14.582370380000002,0.137037020000001,0.4846666666666666,1.653333333333333,2.432666666666667,16.665432105555556,1.7173333333333345,4.311309,4.30179,4.3301454,4.3854585,4.2624784,0,2.0,1,0.5,-1.45,48.3,51.7
2023-02-14 08:15:00,49.886337733336,0.0,0.0,16.705555569999998,2.432666666666667,30.0,0,5.1764362714980825,70.66250196097344,8,1,2,0.8660254037844387,-0.4999999999999998,0.7818314824680298,0.6234898018587336,0.8660254037844386,0.5000000000000001,10.75,2.6875,0.8958333333333334,11.625,23.575000000000003,0.0,91.0,-2.475,4.0605874,0.0,-1.2,16.583333356666667,30.316666666666663,30.5,30.5,30.65,30.183333333333334,-14.272888903333332,-0.0148148100000042,0.2946666666666671,2.138,2.9560000000000004,16.669753103333335,2.074666666666668,4.2624784,4.311309,4.30179,4.3301454,4.257127,1,2.0,1,0.5,-1.46,48.6,51.4
2023-02-14 08:30:00,157.58786291666598,103.962230244444,103.986673733332,16.583333356666667,2.9560000000000004,30.183333333333334,2,5.1764362714980825,70.66250196097344,8,1,2,0.8660254037844387,-0.4999999999999998,0.7818314824680298,0.6234898018587336,0.8660254037844386,0.5000000000000001,21.5,8.0625,2.6875,11.25,23.05,0.0,90.0,-2.45,4.0722194,0.0,-1.0,16.805555560000002,30.0,30.316666666666663,30.5,30.5,30.15,-13.627333356666668,-0.1222222133333303,0.5233333333333334,2.432666666666667,3.564,16.669753102222227,2.5088888888888903,4.257127,4.2624784,4.311309,4.30179,4.3096037,0,1.0,1,0.75,-1.49,50.1,49.9
2023-02-14 08:45:00,66.319291572222,17.889562172222,17.903450516666002,16.805555560000002,3.564,30.15,1,5.1764362714980825,70.66250196097344,8,1,2,0.8660254037844387,-0.4999999999999998,0.7818314824680298,0.6234898018587336,0.8660254037844386,0.5000000000000001,32.25,16.125,5.375,10.875,22.525,0.0,89.0,-2.425,4.083283,0.0,-0.7999999999999999,16.848148163333335,30.183333333333334,30.0,30.316666666666663,30.5,30.0,-13.241555560000002,0.2222222033333345,0.6079999999999997,2.9560000000000004,3.966,16.698148162222225,2.984222222222224,4.3096037,4.257127,4.2624784,4.311309,4.299143,0,1.0,1,0.75,-1.43,47.3,52.7
2023-02-14 09:00:00,42.04109620555,0.0,0.0,16.848148163333335,3.966,30.0,0,5.1764362714980825,70.66250196097344,9,1,2,0.7071067811865476,-0.7071067811865475,0.7818314824680298,0.6234898018587336,0.8660254037844386,0.5000000000000001,43.0,26.875,8.958333333333334,10.5,22.0,0.0,88.0,-2.4,4.0937643,0.0,-0.6,16.74999999,30.15,30.183333333333334,30.0,30.316666666666663,30.0,-12.882148163333332,0.0425926033333325,0.4020000000000001,3.564,4.497333333333333,16.745679026666668,3.4953333333333347,4.299143,4.3096037,4.257127,4.2624784,4.2738767,1,2.0,1,0.5,-1.42,46.8,53.2
2023-02-14 09:15:00,93.515148194442,54.950301866668,54.968634466668,16.74999999,4.497333333333333,30.0,1,5.1764362714980825,70.66250196097344,9,1,2,0.7071067811865476,-0.7071067811865475,0.7818314824680298,0.6234898018587336,0.8660254037844386,0.5000000000000001,81.5,44.5625,15.75,9.9,21.45,0.0,85.0,-2.275,4.1286497,0.0,0.025,16.927777753333334,30.0,30.15,30.183333333333334,30.0,30.0,-12.252666656666666,-0.0981481733333353,0.5313333333333325,3.966,4.684,16.801234571111113,4.009111111111112,4.2738767,4.299143,4.3096037,4.257127,4.3197355,0,1.0,1,0.75,-1.45,48.0,52.0
2023-02-14 09:30:00,99.164366783326,41.0608575,41.0766902,16.927777753333334,4.684,30.0,1,5.1764362714980825,70.66250196097344,9,1,2,0.7071067811865476,-0.7071067811865475,0.7818314824680298,0.6234898018587336,0.8660254037844386,0.5000000000000001,120.0,69.1875,25.75,9.3,20.9,0.0,82.0,-2.15,4.1576996,0.0,0.65,17.50000002,30.0,30.0,30.15,30.183333333333334,29.55,-12.243777753333331,0.177777763333335,0.1866666666666674,4.497333333333333,4.887333333333333,16.841975302222224,4.382444444444445,4.3197355,4.2738767,4.299143,4.3096037,4.4032006,0,1.0,0,0.75,-1.4,45.8,54.2
2023-02-14 09:45:00,468.114608049998,0.0,0.0,17.50000002,4.887333333333333,29.55,0,5.1764362714980825,70.66250196097344,9,1,2,0.7071067811865476,-0.7071067811865475,0.7818314824680298,0.6234898018587336,0.8660254037844386,0.5000000000000001,158.5,100.75,38.958333333333336,8.7,20.35,0.0,79.0,-2.025,4.1804056,0.0,1.275,18.62777777,30.0,30.0,30.0,30.15,28.2,-12.612666686666667,0.5722222666666674,0.2033333333333331,4.684,5.088666666666667,17.059259254444445,4.689555555555557,4.4032006,4.3197355,4.2738767,4.299143,4.4934616,1,2.0,1,0.5,-1.27,38.8,61.2
2023-02-14 10:00:00,36.581869866672,0.0,0.0,18.62777777,5.088666666666667,28.2,0,5.1764362714980825,70.66250196097344,10,1,2,0.4999999999999999,-0.8660254037844387,0.7818314824680298,0.6234898018587336,0.8660254037844386,0.5000000000000001,197.0,139.25,55.375,8.1,19.8,0.0,76.0,-1.9,4.1962347,0.0,1.9,19.85000003,29.55,30.0,30.0,30.0,27.1,-13.539111103333337,1.12777775,0.2013333333333333,4.887333333333333,5.556,17.685185181111112,4.886666666666668,4.4934616,4.4032006,4.3197355,4.2738767,4.6405582,0,2.0,0,0.5,-1.02,26.8,73.2
2023-02-14 10:15:00,45.339852983334,0.0,0.0,19.85000003,5.556,27.1,0,5.1764362714980825,70.66250196097344,10,1,2,0.4999999999999999,-0.8660254037844387,0.7818314824680298,0.6234898018587336,0.8660254037844386,0.5000000000000001,236.75,178.0625,75.10416666666667,8.175,20.425,0.0,73.5,-1.825,4.212053,0.0,2.45,20.294444436666662,28.2,29.55,30.0,30.0,26.53333333333333,-14.29400003,1.2222222599999988,0.4673333333333334,5.088666666666667,6.110666666666666,18.659259273333337,5.177333333333334,4.6405582,4.4934616,4.4032006,4.3197355,4.663256,0,3.0,0,0.25,-0.74,16.6,83.4
2023-02-14 10:30:00,37.751267522228,0.0,0.0,20.294444436666662,6.110666666666666,26.53333333333333,0,5.1764362714980825,70.66250196097344,10,1,2,0.4999999999999999,-0.8660254037844387,0.7818314824680298,0.6234898018587336,0.8660254037844386,0.5000000000000001,276.5,217.1875,98.14583333333331,8.25,21.05,0.0,71.0,-1.75,4.222317,0.0,3.0,20.19444447,27.1,28.2,29.55,30.0,26.45,-14.18377777,0.4444444066666655,0.554666666666666,5.556,6.152,19.59074074555556,5.585111111111112,4.663256,4.6405582,4.4934616,4.4032006,4.6215196,0,4.0,0,0.0,-0.64,13.7,86.3
2023-02-14 10:45:00,49.008595211108,0.0,0.0,20.19444447,6.152,26.45,0,5.1764362714980825,70.66250196097344,10,1,2,0.4999999999999999,-0.8660254037844387,0.7818314824680298,0.6234898018587336,0.8660254037844386,0.5000000000000001,316.25,256.625,124.5,8.325,21.675,0.0,68.5,-1.675,4.226642,0.0,3.55,20.09444445666667,26.53333333333333,27.1,28.2,29.55,26.216666666666665,-14.04244447,-0.0999999666666653,0.0413333333333341,6.110666666666666,6.354666666666666,20.112962978888888,5.939555555555557,4.6215196,4.663256,4.6405582,4.4934616,4.554034,0,4.0,0,0.0,-0.67,14.4,85.6
2023-02-14 11:00:00,64.256318677772,0.0,0.0,20.09444445666667,6.354666666666666,26.216666666666665,0,5.1764362714980825,70.66250196097344,11,1,2,0.258819045102521,-0.9659258262890682,0.7818314824680298,0.6234898018587336,0.8660254037844386,0.5000000000000001,356.0,296.375,154.16666666666666,8.4,22.3,0.0,66.0,-1.6,4.2246222,0.0,4.1,20.10000001,26.45,26.53333333333333,27.1,28.2,26.15,-13.739777790000002,-0.1000000133333323,0.2026666666666656,6.152,6.752,20.194444454444447,6.2057777777777785,4.554034,4.6215196,4.663256,4.6405582,4.543931,0,4.0,0,0.0,-0.69,15.0,85.0
2023-02-14 11:15:00,57.968514350006,0.0,0.0,20.10000001,6.752,26.15,0,5.1764362714980825,70.66250196097344,11,1,2,0.258819045102521,-0.9659258262890682,0.7818314824680298,0.6234898018587336,0.8660254037844386,0.5000000000000001,387.75,334.125,185.58333333333331,8.15,22.3,0.0,64.25,-1.625,4.223411,0.0,4.5,20.142592606666668,26.216666666666665,26.45,26.53333333333333,27.1,26.0,-13.34800001,0.0055555533333304,0.397333333333334,6.354666666666666,7.21,20.12962964555556,6.419555555555557,4.543931,4.554034,4.6215196,4.663256,4.5291376,0,4.0,0,0.0,-0.69,15.0,85.0
2023-02-14 11:30:00,46.942844311116,0.0,0.0,20.142592606666668,7.21,26.0,0,5.1764362714980825,70.66250196097344,11,1,2,0.258819045102521,-0.9659258262890682,0.7818314824680298,0.6234898018587336,0.8660254037844386,0.5000000000000001,419.5,369.875,218.75,7.9,22.3,0.0,62.5,-1.65,4.218696,0.0,4.9,19.89444442,26.15,26.216666666666665,26.45,26.53333333333333,26.35,-12.932592606666669,0.0425925966666689,0.4580000000000002,6.752,7.680666666666667,20.112345691111116,6.772222222222223,4.5291376,4.543931,4.554034,4.6215196,4.5239,0,4.0,0,0.0,-0.68,14.8,85.2
2023-02-14 11:45:00,41.223628705558,0.0,0.0,19.89444442,7.680666666666667,26.35,0,5.1764362714980825,70.66250196097344,11,1,2,0.258819045102521,-0.9659258262890682,0.7818314824680298,0.6234898018587336,0.8660254037844386,0.5000000000000001,451.25,403.625,253.66666666666663,7.65,22.3,0.0,60.75,-1.675,4.2103133,0.0,5.3,19.56481479,26.0,26.15,26.216666666666665,26.45,26.5,-12.213777753333332,-0.2481481866666683,0.4706666666666672,7.21,7.744666666666666,20.045679012222223,7.214222222222223,4.5239,4.5291376,4.543931,4.554034,4.462493,0,4.0,0,0.0,-0.74,16.4,83.6
2023-02-14 12:00:00,60.025376688888,0.0,0.0,19.56481479,7.744666666666666,26.5,0,5.1764362714980825,70.66250196097344,12,1,2,1.2246467991473532e-16,-1.0,0.7818314824680298,0.6234898018587336,0.8660254037844386,0.5000000000000001,483.0,435.375,290.3333333333333,7.4,22.3,0.0,59.0,-1.7,4.1980934,0.0,5.7,19.43888888,26.35,26.0,26.15,26.216666666666665,26.45,-11.820148123333333,-0.3296296299999994,0.0639999999999991,7.680666666666667,7.506,19.86728393888889,7.545111111111113,4.462493,4.5239,4.5291376,4.543931,4.421222,0,4.0,0,0.0,-0.81,18.8,81.2
2023-02-14 12:15:00,45.692616622224,0.0,0.0,19.43888888,7.506,26.45,0,5.1764362714980825,70.66250196097344,12,1,2,1.2246467991473532e-16,-1.0,0.7818314824680298,0.6234898018587336,0.8660254037844386,0.5000000000000001,502.0,463.9375,325.375,7.325,22.125,0.0,57.25,-1.8,4.1613693,0.0,6.025,19.78148145333333,26.5,26.35,26.0,26.15,26.03333333333333,-11.93288888,-0.1259259099999994,-0.2386666666666661,7.744666666666666,7.622666666666666,19.63271603,7.643777777777779,4.421222,4.462493,4.5239,4.5291376,4.440027,0,4.0,0,0.0,-0.84,19.9,80.1
2023-02-14 12:30:00,37.467112288892,0.0,0.0,19.78148145333333,7.622666666666666,26.03333333333333,0,5.1764362714980825,70.66250196097344,12,1,2,1.2246467991473532e-16,-1.0,0.7818314824680298,0.6234898018587336,0.8660254037844386,0.5000000000000001,521.0,489.3125,358.7916666666667,7.25,21.950000000000003,0.0,55.5,-1.9,4.120877,0.0,6.35,20.05000001,26.45,26.5,26.35,26.0,25.65,-12.158814786666667,0.3425925733333343,0.1166666666666662,7.506,8.251333333333333,19.595061707777777,7.624444444444445,4.440027,4.421222,4.462493,4.5239,4.444026,0,4.0,0,0.0,-0.76,17.3,82.7
2023-02-14 12:45:00,45.787890711108,0.0,0.0,20.05000001,8.251333333333333,25.65,0,5.1764362714980825,70.66250196097344,12,1,2,1.2246467991473532e-16,-1.0,0.7818314824680298,0.6234898018587336,0.8660254037844386,0.5000000000000001,540.0,511.5,390.5833333333333,7.175,21.775,0.0,53.75,-2.0,4.0764885,0.0,6.675,20.37592591,26.03333333333333,26.45,26.5,26.35,25.316666666666663,-11.798666676666668,0.2685185566666668,0.6286666666666667,7.622666666666666,8.358,19.75679011444445,7.793333333333334,4.444026,4.440027,4.421222,4.462493,4.47065,0,4.0,0,0.0,-0.7,15.4,84.6
2023-02-14 13:00:00,38.875389205562,0.0,0.0,20.37592591,8.358,25.316666666666663,0,5.1764362714980825,70.66250196097344,13,1,2,-0.2588190451025208,-0.9659258262890684,0.7818314824680298,0.6234898018587336,0.8660254037844386,0.5000000000000001,559.0,530.5,420.75,7.1,21.6,0.0,52.0,-2.1,4.0280757,0.0,7.0,20.57777777,25.65,26.03333333333333,26.45,26.5,25.0,-12.01792591,0.3259258999999979,0.1066666666666673,8.251333333333333,8.637333333333334,20.069135791111112,8.077333333333334,4.47065,4.444026,4.440027,4.421222,4.467025,0,4.0,0,0.0,-0.63,13.4,86.6
2023-02-14 13:15:00,52.684837055552,0.0,0.0,20.57777777,8.637333333333334,25.0,0,5.1764362714980825,70.66250196097344,13,1,2,-0.2588190451025208,-0.9659258262890684,0.7818314824680298,0.6234898018587336,0.8660254037844386,0.5000000000000001,563.75,545.9375,448.0,7.525,22.5,1.0,51.0,-2.175,4.008759,0.0,7.225,20.59074075,25.316666666666663,25.65,26.03333333333333,26.45,25.0,-11.940444436666668,0.2018518600000014,0.2793333333333336,8.358,8.585333333333333,20.33456789666667,8.415555555555558,4.467025,4.47065,4.444026,4.440027,4.470402,0,4.0,0,0.0,-0.59,12.2,87.8
2023-02-14 13:30:00,52.001531122216,0.0,0.0,20.59074075,8.585333333333333,25.0,0,5.1764362714980825,70.66250196097344,13,1,2,-0.2588190451025208,-0.9659258262890684,0.7818314824680298,0.6234898018587336,0.8660254037844386,0.5000000000000001,568.5,557.8125,472.3333333333333,7.95,23.4,2.0,50.0,-2.25,3.9878938,0.0,7.45,20.29444444,25.0,25.316666666666663,25.65,26.03333333333333,25.35,-12.005407416666667,0.012962980000001,-0.0520000000000013,8.637333333333334,8.715333333333332,20.51481481,8.526888888888891,4.470402,4.467025,4.47065,4.444026,4.4552846,0,4.0,0,0.0,-0.58,12.2,87.8
2023-02-14 13:45:00,58.409885794442,0.0,0.0,20.29444444,8.715333333333332,25.35,0,5.1764362714980825,70.66250196097344,13,1,2,-0.2588190451025208,-0.9659258262890684,0.7818314824680298,0.6234898018587336,0.8660254037844386,0.5000000000000001,573.25,566.125,493.75,8.375,24.3,3.0,49.0,-2.325,3.9654438,0.0,7.675000000000001,19.901851833333332,25.0,25.0,25.316666666666663,25.65,25.5,-11.579111106666668,-0.2962963100000024,0.129999999999999,8.585333333333333,8.996,20.487654320000004,8.646,4.4552846,4.470402,4.467025,4.47065,4.379868,0,4.0,0,0.0,-0.65,13.9,86.1
2023-02-14 14:00:00,386.72258597778,0.0,0.0,19.901851833333332,8.996,25.5,0,5.1764362714980825,70.66250196097344,14,1,2,-0.4999999999999997,-0.8660254037844388,0.7818314824680298,0.6234898018587336,0.8660254037844386,0.5000000000000001,578.0,570.875,512.25,8.8,25.2,4.0,48.0,-2.4,3.9413714,0.0,7.9,19.76666666,25.35,25.0,25.0,25.316666666666663,25.45,-10.905851833333337,-0.392592606666664,0.2806666666666686,8.715333333333332,9.124666666666666,20.262345674444447,8.765555555555556,4.379868,4.4552846,4.470402,4.467025,4.3367686,0,4.0,0,0.0,-0.74,16.5,83.5
2023-02-14 14:15:00,78.253258644444,0.0,0.0,19.76666666,9.124666666666666,25.45,0,5.1764362714980825,70.66250196097344,14,1,2,-0.4999999999999997,-0.8660254037844388,0.7818314824680298,0.6234898018587336,0.8660254037844386,0.5000000000000001,566.5,571.5625,527.1458333333334,8.575000000000001,24.85,3.0,47.5,-2.425,3.931882,0.0,8.025,20.124074076666663,25.5,25.35,25.0,25.0,25.03333333333333,-10.641999993333332,-0.1351851733333369,0.1286666666666658,8.996,9.320666666666666,19.98765431111111,8.945333333333336,4.3367686,4.379868,4.4552846,4.470402,4.356025,0,4.0,0,0.0,-0.77,17.5,82.5
2023-02-14 14:30:00,56.987442611112,0.0,0.0,20.124074076666663,9.320666666666666,25.03333333333333,0,5.1764362714980825,70.66250196097344,14,1,2,-0.4999999999999997,-0.8660254037844388,0.7818314824680298,0.6234898018587336,0.8660254037844386,0.5000000000000001,555.0,568.1875,538.4375,8.350000000000001,24.5,2.0,47.0,-2.45,3.9219487,0.0,8.15,20.59444447,25.45,25.5,25.35,25.0,24.65,-10.80340741,0.3574074166666676,0.1959999999999997,9.124666666666666,9.333333333333334,19.93086419,9.147111111111112,4.356025,4.3367686,4.379868,4.4552846,4.408767,0,4.0,0,0.0,-0.69,15.0,85.0
2023-02-14 14:45:00,42.593851727778,0.0,0.0,20.59444447,9.333333333333334,24.65,0,5.1764362714980825,70.66250196097344,14,1,2,-0.4999999999999997,-0.8660254037844388,0.7818314824680298,0.6234898018587336,0.8660254037844386,0.5000000000000001,543.5,560.75,546.125,8.125,24.15,1.0,46.5,-2.475,3.9115658,0.0,8.275,20.750000006666667,25.03333333333333,25.45,25.5,25.35,24.316666666666663,-11.261111136666663,0.4703703933333329,0.0126666666666679,9.320666666666666,9.622666666666667,20.161728402222224,9.259555555555558,4.408767,4.356025,4.3367686,4.379868,4.3887362,0,4.0,0,0.0,-0.59,12.2,87.8
2023-02-14 15:00:00,46.722019994442,0.0,0.0,20.750000006666667,9.622666666666667,24.316666666666663,0,5.1764362714980825,70.66250196097344,15,1,2,-0.7071067811865471,-0.7071067811865479,0.7818314824680298,0.6234898018587336,0.8660254037844386,0.5000000000000001,532.0,549.25,550.2083333333334,7.9,23.8,0.0,46.0,-2.5,3.9007275,0.0,8.4,20.5777778,24.65,25.03333333333333,25.45,25.5,24.35,-11.12733334,0.1555555366666681,0.2893333333333334,9.333333333333334,9.881333333333334,20.489506184444448,9.425555555555556,4.3887362,4.408767,4.356025,4.3367686,4.350882,0,4.0,0,0.0,-0.55,11.4,88.6
2023-02-14 15:15:00,48.80693647778,0.0,0.0,20.5777778,9.881333333333334,24.35,0,5.1764362714980825,70.66250196097344,15,1,2,-0.7071067811865471,-0.7071067811865479,0.7818314824680298,0.6234898018587336,0.8660254037844386,0.5000000000000001,508.0,534.625,550.7083333333334,7.175000000000001,23.35,0.0,45.75,-2.525,3.8982627,0.0,8.475,20.153703723333333,24.316666666666663,24.65,25.03333333333333,25.45,24.683333333333334,-10.696444466666666,-0.1722222066666674,0.2586666666666666,9.622666666666667,9.72,20.64074075888889,9.612444444444447,4.350882,4.3887362,4.408767,4.356025,4.3025727,0,4.0,0,0.0,-0.59,12.3,87.7
2023-02-14 15:30:00,52.360405516666,0.0,0.0,20.153703723333333,9.72,24.683333333333334,0,5.1764362714980825,70.66250196097344,15,1,2,-0.7071067811865471,-0.7071067811865479,0.7818314824680298,0.6234898018587336,0.8660254037844386,0.5000000000000001,484.0,516.875,547.625,6.45,22.9,0.0,45.5,-2.55,3.895673,0.0,8.55,19.583333340000003,24.35,24.316666666666663,24.65,25.03333333333333,25.05,-10.433703723333334,-0.4240740766666668,-0.1613333333333351,9.881333333333334,9.932666666666668,20.49382717666667,9.741333333333335,4.3025727,4.350882,4.3887362,4.408767,4.222911,0,4.0,0,0.0,-0.69,14.9,85.1
2023-02-14 15:45:00,41.297792455556,0.0,0.0,19.583333340000003,9.932666666666668,25.05,0,5.1764362714980825,70.66250196097344,15,1,2,-0.7071067811865471,-0.7071067811865479,0.7818314824680298,0.6234898018587336,0.8660254037844386,0.5000000000000001,460.0,496.0,540.9583333333334,5.725,22.45,0.0,45.25,-2.575,3.8929546,0.0,8.625,19.066666673333334,24.683333333333334,24.35,24.316666666666663,24.65,25.65,-9.650666673333337,-0.57037038333333,0.212666666666669,9.72,9.592666666666666,20.10493828777778,9.844666666666669,4.222911,4.3025727,4.350882,4.3887362,4.19452,0,4.0,0,0.0,-0.81,19.0,81.0
2023-02-14 16:00:00,65.96763902222,27.765278244444,27.78027766111,19.066666673333334,9.592666666666666,25.65,1,5.1764362714980825,70.66250196097344,16,1,2,-0.8660254037844385,-0.5000000000000004,0.7818314824680298,0.6234898018587336,0.8660254037844386,0.5000000000000001,436.0,472.0,530.7083333333334,5.0,22.0,0.0,45.0,-2.6,3.890109,0.0,8.7,18.72222223,25.05,24.683333333333334,24.35,24.316666666666663,26.35,-9.474000006666667,-0.5166666666666693,-0.3400000000000016,9.932666666666668,9.738,19.60123457888889,9.748444444444443,4.19452,4.222911,4.3025727,4.350882,4.222207,0,3.0,1,0.25,-0.93,23.2,76.8
2023-02-14 16:15:00,118.62108821667,86.09266725555601,86.11294421111201,18.72222223,9.738,26.35,2,5.1764362714980825,70.66250196097344,16,1,2,-0.8660254037844385,-0.5000000000000004,0.7818314824680298,0.6234898018587336,0.8660254037844386,0.5000000000000001,400.75,445.1875,517.125,4.375,20.0,0.0,45.75,-2.425,3.935971,0.0,8.625,18.67777776333333,25.65,25.05,24.683333333333334,24.35,26.5,-8.98422223,-0.3444444433333338,0.1453333333333333,9.592666666666666,9.422666666666666,19.124074081111115,9.754444444444443,4.222207,4.19452,4.222911,4.3025727,4.235093,0,2.0,1,0.5,-1.0,26.3,73.7
2023-02-14 16:30:00,53.709240444444,0.0,0.0,18.67777776333333,9.422666666666666,26.5,0,5.1764362714980825,70.66250196097344,16,1,2,-0.8660254037844385,-0.5000000000000004,0.7818314824680298,0.6234898018587336,0.8660254037844386,0.5000000000000001,365.5,415.5625,500.2083333333333,3.75,18.0,0.0,46.5,-2.25,3.981292,0.0,8.55,18.43333334,26.35,25.65,25.05,24.683333333333334,26.5,-9.255111096666663,-0.0444444666666683,-0.3153333333333332,9.738,9.332666666666666,18.822222222222223,9.584444444444443,4.235093,4.222207,4.19452,4.222911,4.174221,1,2.0,1,0.5,-1.01,26.7,73.3
2023-02-14 16:45:00,52.565119527778,0.0,0.0,18.43333334,9.332666666666666,26.5,0,5.1764362714980825,70.66250196097344,16,1,2,-0.8660254037844385,-0.5000000000000004,0.7818314824680298,0.6234898018587336,0.8660254037844386,0.5000000000000001,330.25,383.125,479.9583333333333,3.125,16.0,0.0,47.25,-2.075,4.0260744,0.0,8.475,18.12037039,26.5,26.35,25.65,25.05,26.5,-9.100666673333334,-0.2444444233333307,-0.0899999999999998,9.422666666666666,9.343333333333334,18.611111111111114,9.49777777777778,4.174221,4.235093,4.222207,4.19452,4.097395,0,2.0,0,0.5,-1.07,29.1,70.9
2023-02-14 17:00:00,36.716864500004,0.0,0.0,18.12037039,9.343333333333334,26.5,0,5.1764362714980825,70.66250196097344,17,1,2,-0.9659258262890684,-0.2588190451025206,0.7818314824680298,0.6234898018587336,0.8660254037844386,0.5000000000000001,295.0,347.875,456.375,2.5,14.0,0.0,48.0,-1.9,4.0703244,0.0,8.4,17.92777778,26.5,26.5,26.35,25.65,26.55,-8.777037056666668,-0.3129629499999993,0.0106666666666672,9.332666666666666,8.970666666666666,18.410493831111115,9.366222222222223,4.097395,4.174221,4.235093,4.222207,4.0583735,0,3.0,0,0.25,-1.14,32.4,67.6
2023-02-14 17:15:00,118.984684955552,86.507095127778,86.528760944444,17.92777778,8.970666666666666,26.55,2,5.1764362714980825,70.66250196097344,17,1,2,-0.9659258262890684,-0.2588190451025206,0.7818314824680298,0.6234898018587336,0.8660254037844386,0.5000000000000001,254.25,311.25,430.3541666666667,2.325,12.025,0.0,50.5,-1.7,4.1533446,0.0,7.925000000000001,17.961111086666666,26.5,26.5,26.5,26.35,26.78333333333333,-8.957111113333333,-0.1925926100000019,-0.3726666666666673,9.343333333333334,8.704,18.16049383666667,9.215555555555556,4.0583735,4.097395,4.174221,4.235093,4.1021686,0,3.0,1,0.25,-1.18,34.5,65.5
2023-02-14 17:30:00,65.920696516662,16.405454855556,16.41712103889,17.961111086666666,8.704,26.78333333333333,1,5.1764362714980825,70.66250196097344,17,1,2,-0.9659258262890684,-0.2588190451025206,0.7818314824680298,0.6234898018587336,0.8660254037844386,0.5000000000000001,213.5,273.25,401.8958333333333,2.15,10.05,0.0,53.0,-1.5,4.227167,0.0,7.45,17.90555556,26.55,26.5,26.5,26.5,26.5,-9.257111086666663,0.0333333066666661,-0.2666666666666657,8.970666666666666,8.27,18.003086418888888,9.006000000000002,4.1021686,4.0583735,4.097395,4.174221,4.045376,0,2.0,1,0.5,-1.17,34.0,66.0
2023-02-14 17:45:00,52.213466911112,0.0,0.0,17.90555556,8.27,26.5,0,5.1764362714980825,70.66250196097344,17,1,2,-0.9659258262890684,-0.2588190451025206,0.7818314824680298,0.6234898018587336,0.8660254037844386,0.5000000000000001,172.75,233.875,371.0,1.975,8.075,0.0,55.5,-1.3,4.292215,0.0,6.975,17.692592576666666,26.78333333333333,26.55,26.5,26.5,26.5,-9.63555556,-0.0555555266666658,-0.434000000000001,8.704,7.786,17.931481475555554,8.648222222222223,4.045376,4.1021686,4.0583735,4.097395,3.9943695,1,2.0,1,0.5,-1.19,34.7,65.3
2023-02-14 18:00:00,202.886606511108,21.874125016666,21.88773562222,17.692592576666666,7.786,26.5,1,5.1764362714980825,70.66250196097344,18,1,2,-1.0,-1.8369701987210294e-16,0.7818314824680298,0.6234898018587336,0.8660254037844386,0.5000000000000001,132.0,193.125,337.6666666666667,1.8,6.1,0.0,58.0,-1.1,4.3488955,0.0,6.5,17.588888909999998,26.5,26.78333333333333,26.55,26.5,26.95,-9.906592576666664,-0.2129629833333339,-0.4839999999999991,8.27,7.421333333333333,17.85308640777778,8.253333333333336,3.9943695,4.045376,4.1021686,4.0583735,4.037146,0,1.0,1,0.75,-1.24,37.2,62.8
2023-02-14 18:15:00,1306.9860518,81.539238283334,81.562292927778,17.588888909999998,7.421333333333333,26.95,2,5.1764362714980825,70.66250196097344,18,1,2,-1.0,-1.8369701987210294e-16,0.7818314824680298,0.6234898018587336,0.8660254037844386,0.5000000000000001,102.0,155.0625,303.8333333333333,3.0,7.1,1.75,60.5,-1.375,4.2977595,0.0,5.675,17.690740743333333,26.5,26.5,26.78333333333333,26.55,27.933333333333334,-10.167555576666665,-0.1037036666666679,-0.3646666666666673,7.786,6.9366666666666665,17.72901234888889,7.8257777777777795,4.037146,3.9943695,4.045376,4.1021686,4.209953,0,1.0,1,0.75,-1.26,38.3,61.7
2023-02-14 18:30:00,1256.200305594442,0.0,0.0,17.690740743333333,6.9366666666666665,27.933333333333334,0,5.1764362714980825,70.66250196097344,18,1,2,-1.0,-1.8369701987210294e-16,0.7818314824680298,0.6234898018587336,0.8660254037844386,0.5000000000000001,72.0,119.6875,269.5,4.2,8.1,3.5,63.0,-1.65,4.2384048,0.0,4.8500000000000005,17.57777781,26.95,26.5,26.5,26.78333333333333,27.75,-10.754074076666663,0.1018518333333347,-0.4846666666666666,7.421333333333333,6.758666666666667,17.65740741,7.381333333333335,4.209953,4.037146,3.9943695,4.045376,4.1542315,1,2.0,1,0.5,-1.23,36.9,63.1
2023-02-14 18:45:00,467.371304449998,0.0,0.0,17.57777781,6.758666666666667,27.75,0,5.1764362714980825,70.66250196097344,18,1,2,-1.0,-1.8369701987210294e-16,0.7818314824680298,0.6234898018587336,0.8660254037844386,0.5000000000000001,42.0,87.0,234.66666666666663,5.4,9.1,5.25,65.5,-1.9250000000000005,4.1717286,0.0,4.025,17.411111076666664,27.933333333333334,26.95,26.5,26.5,28.616666666666667,-10.819111143333334,-0.1129629333333319,-0.1779999999999999,6.9366666666666665,6.519333333333333,17.61913582111111,7.038888888888889,4.1542315,4.209953,4.037146,3.9943695,4.241543,0,2.0,0,0.5,-1.26,38.3,61.7
2023-02-14 19:00:00,347.08361601667,45.070697116666,45.108751177776,17.411111076666664,6.519333333333333,28.616666666666667,1,5.1764362714980825,70.66250196097344,19,1,2,-0.9659258262890684,0.2588190451025203,0.7818314824680298,0.6234898018587336,0.8660254037844386,0.5000000000000001,12.0,57.0,199.33333333333331,6.6,10.1,7.0,68.0,-2.2,4.098572,0.0,3.2,17.41111107,27.75,27.933333333333334,26.95,26.5,30.0,-10.891777743333332,-0.1666667333333364,-0.2393333333333336,6.758666666666667,6.264,17.559876543333335,6.738222222222223,4.241543,4.1542315,4.209953,4.037146,4.4465795,0,2.0,1,0.5,-1.3,40.1,59.9
2023-02-14 19:15:00,131.616957377776,16.596836083334,16.642945355556,17.41111107,6.264,30.0,1,5.1764362714980825,70.66250196097344,19,1,2,-0.9659258262890684,0.2588190451025203,0.7818314824680298,0.6234898018587336,0.8660254037844386,0.5000000000000001,9.0,33.75,166.6875,7.574999999999999,11.45,29.5,70.0,-2.475,4.0250373,0.0,2.5,17.424074049999998,28.616666666666667,27.75,27.933333333333334,26.95,30.03333333333333,-11.14711107,-6.666663665555461e-09,-0.2553333333333327,6.519333333333333,5.830666666666667,17.466666652222223,6.514,4.4465795,4.241543,4.1542315,4.209953,4.4549694,0,2.0,0,0.5,-1.29,39.7,60.3
2023-02-14 19:30:00,671.6156343666639,0.0,0.0,17.424074049999998,5.830666666666667,30.03333333333333,0,5.1764362714980825,70.66250196097344,19,1,2,-0.9659258262890684,0.2588190451025203,0.7818314824680298,0.6234898018587336,0.8660254037844386,0.5000000000000001,6.0,17.25,136.72916666666666,8.55,12.8,52.0,72.0,-2.75,3.9485023,0.0,1.8,17.300000020000002,30.0,28.616666666666667,27.75,27.933333333333334,29.65,-11.593407383333332,0.0129629799999975,-0.4333333333333335,6.264,5.448,17.415432065555553,6.204666666666668,4.4549694,4.4465795,4.241543,4.1542315,4.3656044,1,2.0,1,0.5,-1.29,39.6,60.4
2023-02-14 19:45:00,263.209748872226,20.302243411112,20.3416863,17.300000020000002,5.448,29.65,1,5.1764362714980825,70.66250196097344,19,1,2,-0.9659258262890684,0.2588190451025203,0.7818314824680298,0.6234898018587336,0.8660254037844386,0.5000000000000001,3.0,7.5,109.45833333333331,9.525,14.15,74.5,74.0,-3.025,3.869352,0.0,1.1,17.235185193333333,30.03333333333333,30.0,28.616666666666667,27.75,30.05,-11.852000020000002,-0.1240740299999956,-0.3826666666666671,5.830666666666667,4.9446666666666665,17.378395046666668,5.847555555555556,4.3656044,4.4549694,4.4465795,4.241543,4.407374,0,1.0,1,0.75,-1.32,41.2,58.8
2023-02-14 20:00:00,396.280259305554,75.678083872222,75.723637616666,17.235185193333333,4.9446666666666665,30.05,2,5.1764362714980825,70.66250196097344,20,1,2,-0.8660254037844386,0.5000000000000001,0.7818314824680298,0.6234898018587336,0.8660254037844386,0.5000000000000001,0.0,4.5,84.875,10.5,15.5,97.0,76.0,-3.3,3.7879534,0.0,0.4,17.36666666,29.65,30.03333333333333,30.0,28.616666666666667,30.6,-12.290518526666666,-0.0648148266666694,-0.503333333333333,5.448,4.556,17.31975308777778,5.4077777777777785,4.407374,4.3656044,4.4549694,4.4465795,4.5234776,0,1.0,1,0.75,-1.33,41.9,58.1
2023-02-14 20:15:00,277.091138111112,0.0,0.0,17.36666666,4.556,30.6,0,5.1764362714980825,70.66250196097344,20,1,2,-0.8660254037844386,0.5000000000000001,0.7818314824680298,0.6234898018587336,0.8660254037844386,0.5000000000000001,0.0,2.25,63.6875,10.825,16.475,93.25,73.75,-3.625,3.6947846,0.0,0.475,17.296296270000003,30.05,29.65,30.03333333333333,30.0,30.03333333333333,-12.81066666,0.131481466666667,-0.3886666666666665,4.9446666666666665,4.433333333333334,17.300617291111113,4.9828888888888905,4.5234776,4.407374,4.3656044,4.4549694,4.4210653,1,2.0,1,0.5,-1.3,40.1,59.9
2023-02-14 20:30:00,103.593633972218,0.0,0.0,17.296296270000003,4.433333333333334,30.03333333333333,0,5.1764362714980825,70.66250196097344,20,1,2,-0.8660254037844386,0.5000000000000001,0.7818314824680298,0.6234898018587336,0.8660254037844386,0.5000000000000001,0.0,0.75,45.895833333333336,11.15,17.45,89.5,71.5,-3.95,3.6005418,0.0,0.55,17.14444443,30.6,30.05,29.65,30.03333333333333,29.7,-12.86296293666667,-0.0703703899999972,-0.1226666666666664,4.556,4.435333333333333,17.29938270777778,4.6446666666666685,4.4210653,4.5234776,4.407374,4.3656044,4.3324413,0,2.0,0,0.5,-1.32,41.1,58.9
2023-02-14 20:45:00,151.369222838886,46.447030911112,46.479807416666,17.14444443,4.435333333333333,29.7,1,5.1764362714980825,70.66250196097344,20,1,2,-0.8660254037844386,0.5000000000000001,0.7818314824680298,0.6234898018587336,0.8660254037844386,0.5000000000000001,0.0,0.0,31.5,11.475,18.425,85.75,69.25,-4.275,3.5052168,0.0,0.625,17.192592573333332,30.03333333333333,30.6,30.05,29.65,29.966666666666665,-12.709111096666668,-0.1518518400000026,0.0019999999999997,4.433333333333334,4.309333333333333,17.26913578666667,4.4748888888888905,4.3324413,4.4210653,4.5234776,4.407374,4.383961,0,2.0,1,0.5,-1.35,43.1,56.9
2023-02-14 21:00:00,169.121568183334,65.233779394446,65.2657226,17.192592573333332,4.309333333333333,29.966666666666665,1,5.1764362714980825,70.66250196097344,21,1,2,-0.7071067811865477,0.7071067811865474,0.7818314824680298,0.6234898018587336,0.8660254037844386,0.5000000000000001,0.0,0.0,20.5,11.8,19.4,82.0,67.0,-4.6,3.408802,0.0,0.7,17.31666664,29.7,30.03333333333333,30.6,30.05,29.3,-12.88325924,0.0481481433333321,-0.1260000000000003,4.435333333333333,4.186,17.21111109111111,4.392666666666668,4.383961,4.3324413,4.4210653,4.5234776,4.318372,0,2.0,0,0.5,-1.34,42.4,57.6
2023-02-14 21:15:00,89.470865572218,0.0,0.0,17.31666664,4.186,29.3,0,5.1764362714980825,70.66250196097344,21,1,2,-0.7071067811865477,0.7071067811865474,0.7818314824680298,0.6234898018587336,0.8660254037844386,0.5000000000000001,0.0,0.0,12.0,12.0,20.4,86.5,64.25,-4.949999999999999,3.330977,0.0,0.975,17.157407420000002,29.966666666666665,29.7,30.03333333333333,30.6,28.816666666666663,-13.13066664,0.1240740666666688,-0.123333333333333,4.309333333333333,4.123333333333333,17.21790121444445,4.310222222222223,4.318372,4.383961,4.3324413,4.4210653,4.2068505,1,2.0,1,0.5,-1.32,41.1,58.9
2023-02-14 21:30:00,106.760174022216,0.0,0.0,17.157407420000002,4.123333333333333,28.816666666666663,0,5.1764362714980825,70.66250196097344,21,1,2,-0.7071067811865477,0.7071067811865474,0.7818314824680298,0.6234898018587336,0.8660254037844386,0.5000000000000001,0.0,0.0,6.0,12.2,21.4,91.0,61.5,-5.3,3.2488241,0.0,1.25,17.05,29.3,29.966666666666665,29.7,30.03333333333333,28.55,-13.034074086666667,-0.1592592199999991,-0.0626666666666668,4.186,4.328666666666667,17.222222211111113,4.206222222222223,4.2068505,4.318372,4.383961,4.3324413,4.1411877,0,2.0,0,0.5,-1.36,43.2,56.8
2023-02-14 21:45:00,161.008281627778,83.198616388888,83.21111592222,17.05,4.328666666666667,28.55,2,5.1764362714980825,70.66250196097344,21,1,2,-0.7071067811865477,0.7071067811865474,0.7818314824680298,0.6234898018587336,0.8660254037844386,0.5000000000000001,0.0,0.0,2.5,12.4,22.4,95.5,58.75,-5.65,3.162225,0.0,1.525,17.23703706,28.816666666666663,29.3,29.966666666666665,29.7,28.78333333333333,-12.721333333333334,-0.1074074200000012,0.2053333333333338,4.123333333333333,4.3533333333333335,17.174691353333333,4.212666666666668,4.1411877,4.2068505,4.318372,4.383961,4.222062,0,2.0,1,0.5,-1.38,44.6,55.4
2023-02-14 22:00:00,100.402650533328,20.688894627778,20.694727811108,17.23703706,4.3533333333333335,28.78333333333333,1,5.1764362714980825,70.66250196097344,22,1,2,-0.5000000000000004,0.8660254037844384,0.7818314824680298,0.6234898018587336,0.8660254037844386,0.5000000000000001,0.0,0.0,1.5,12.6,23.4,100.0,56.0,-6.0,3.071057,0.0,1.8,17.29444446,28.55,28.816666666666663,29.3,29.966666666666665,28.5,-12.883703726666663,0.1870370599999979,0.0246666666666666,4.328666666666667,5.174,17.14814816,4.268444444444445,4.222062,4.1411877,4.2068505,4.318372,4.1948867,0,2.0,1,0.5,-1.34,42.2,57.8
2023-02-14 22:15:00,95.830055711104,0.0,0.0,17.29444446,5.174,28.5,0,5.1764362714980825,70.66250196097344,22,1,2,-0.5000000000000004,0.8660254037844384,0.7818314824680298,0.6234898018587336,0.8660254037844386,0.5000000000000001,0.0,0.0,0.75,13.0,24.3,100.0,54.75,-6.025,3.0693777,0.0,2.125,17.081481476666667,28.78333333333333,28.55,28.816666666666663,29.3,28.5,-12.120444460000002,0.0574074000000024,0.8206666666666669,4.3533333333333335,5.626666666666667,17.193827173333336,4.618666666666669,4.1948867,4.222062,4.1411877,4.2068505,4.141741,1,2.0,1,0.5,-1.32,41.5,58.5
2023-02-14 22:30:00,371.38764406666,0.0,0.0,17.081481476666667,5.626666666666667,28.5,0,5.1764362714980825,70.66250196097344,22,1,2,-0.5000000000000004,0.8660254037844384,0.7818314824680298,0.6234898018587336,0.8660254037844386,0.5000000000000001,0.0,0.0,0.25,13.4,25.2,100.0,53.5,-6.05,3.065916,0.0,2.45,17.02777778,28.5,28.78333333333333,28.55,28.816666666666663,28.9,-11.45481481,-0.2129629833333339,0.4526666666666665,5.174,6.418666666666667,17.20432099888889,5.051333333333335,4.141741,4.1948867,4.222062,4.1411877,4.1863766,0,2.0,0,0.5,-1.38,44.2,55.8
2023-02-14 22:45:00,325.51586776111,95.362852016666,95.375629355552,17.02777778,6.418666666666667,28.9,2,5.1764362714980825,70.66250196097344,22,1,2,-0.5000000000000004,0.8660254037844384,0.7818314824680298,0.6234898018587336,0.8660254037844386,0.5000000000000001,0.0,0.0,0.0,13.8,26.1,100.0,52.25,-6.074999999999999,3.0606039,0.0,2.7750000000000004,17.27962963,28.5,28.5,28.78333333333333,28.55,29.28333333333333,-10.609111113333334,-0.0537036966666661,0.7919999999999998,5.626666666666667,7.639333333333334,17.134567905555556,5.739777777777779,4.1863766,4.141741,4.1948867,4.222062,4.306365,0,2.0,1,0.5,-1.39,44.8,55.2
2023-02-14 23:00:00,84.767720288888,0.0,0.0,17.27962963,7.639333333333334,29.28333333333333,0,5.1764362714980825,70.66250196097344,23,1,2,-0.2588190451025215,0.965925826289068,0.7818314824680298,0.6234898018587336,0.8660254037844386,0.5000000000000001,0.0,0.0,0.0,14.2,27.0,100.0,51.0,-6.1,3.0533707,0.0,3.1,17.23888887,28.9,28.5,28.5,28.78333333333333,28.65,-9.640296296666666,0.2518518499999977,1.2206666666666672,6.418666666666667,8.056666666666667,17.12962962888889,6.561555555555557,4.306365,4.1863766,4.141741,4.1948867,4.2029705,1,3.0,1,0.25,-1.32,41.5,58.5
2023-02-14 23:15:00,101.274282316662,0.0,0.0,17.23888887,8.056666666666667,28.65,0,5.1764362714980825,70.66250196097344,23,1,2,-0.2588190451025215,0.965925826289068,0.7818314824680298,0.6234898018587336,0.8660254037844386,0.5000000000000001,0.0,0.0,0.0,14.05,27.35,100.0,51.0,-5.949999999999999,3.0842543,0.0,3.25,17.04629632,29.28333333333333,28.9,28.5,28.5,28.5,-9.182222203333334,-0.0407407599999984,0.4173333333333326,7.639333333333334,8.149333333333333,17.182098760000002,7.371555555555557,4.2029705,4.306365,4.1863766,4.141741,4.1330175,0,3.0,0,0.25,-1.34,42.2,57.8
2023-02-14 23:30:00,103.458361533332,0.0,0.0,17.04629632,8.149333333333333,28.5,0,5.1764362714980825,70.66250196097344,23,1,2,-0.2588190451025215,0.965925826289068,0.7818314824680298,0.6234898018587336,0.8660254037844386,0.5000000000000001,0.0,0.0,0.0,13.9,27.7,100.0,51.0,-5.8,3.115411,0.0,3.4000000000000004,16.98333331,28.65,29.28333333333333,28.9,28.5,28.5,-8.896962986666667,-0.1925925500000005,0.0926666666666662,8.056666666666667,8.256666666666666,17.188271606666667,7.948444444444445,4.1330175,4.2029705,4.306365,4.1863766,4.1174464,0,3.0,0,0.25,-1.38,44.6,55.4
2023-02-14 23:45:00,182.239376833332,81.6492339,81.658400216666,16.98333331,8.256666666666666,28.5,2,5.1764362714980825,70.66250196097344,23,1,2,-0.2588190451025215,0.965925826289068,0.7818314824680298,0.6234898018587336,0.8660254037844386,0.5000000000000001,0.0,0.0,0.0,13.75,28.05,100.0,51.0,-5.65,3.146843,0.0,3.5500000000000003,17.212962966666666,28.5,28.65,29.28333333333333,28.9,28.316666666666663,-8.726666643333333,-0.0629630100000007,0.107333333333333,8.149333333333333,8.238,17.08950616666667,8.154222222222224,4.1174464,4.1330175,4.2029705,4.306365,4.14763,0,3.0,1,0.25,-1.4,45.4,54.6
2023-02-15 00:00:00,115.87842034444,12.693936688888,12.699214294442,17.212962966666666,8.238,28.316666666666663,1,5.1764362714980825,70.66250196097344,0,2,2,0.0,1.0,0.9749279121818236,-0.2225209339563143,0.8660254037844386,0.5000000000000001,0.0,0.0,0.0,13.6,28.4,100.0,51.0,-5.5,3.1785517,0.0,3.7,17.244444419999997,28.5,28.5,28.65,29.28333333333333,28.0,-8.974962966666666,0.2296296566666669,-0.0186666666666663,8.256666666666666,8.18,17.08086419888889,8.214666666666668,4.14763,4.1174464,4.1330175,4.2029705,4.1089807,0,2.0,1,0.5,-1.34,42.6,57.4
2023-02-15 00:15:00,45.465125922216,0.0,0.0,17.244444419999997,8.18,28.0,0,5.1764362714980825,70.66250196097344,0,2,2,0.0,1.0,0.9749279121818236,-0.2225209339563143,0.8660254037844386,0.5000000000000001,0.0,0.0,0.0,13.7,28.4,100.0,50.75,-5.475,3.1788518,0.0,3.775,17.07777777,28.316666666666663,28.5,28.5,28.65,28.0,-9.064444419999996,0.0314814533333311,-0.0579999999999998,8.238,8.346,17.146913565555554,8.22488888888889,4.1089807,4.14763,4.1174464,4.1330175,4.068176,1,2.0,1,0.5,-1.34,42.3,57.7
2023-02-15 00:30:00,47.642538822216,0.0,0.0,17.07777777,8.346,28.0,0,5.1764362714980825,70.66250196097344,0,2,2,0.0,1.0,0.9749279121818236,-0.2225209339563143,0.8660254037844386,0.5000000000000001,0.0,0.0,0.0,13.8,28.4,100.0,50.5,-5.45,3.1790643,0.0,3.85,17.02222222,28.0,28.316666666666663,28.5,28.5,28.0,-8.73177777,-0.1666666499999962,0.1660000000000003,8.18,8.360666666666667,17.17839505222222,8.254666666666667,4.068176,4.1089807,4.14763,4.1174464,4.054653,0,2.0,0,0.5,-1.38,44.4,55.6
2023-02-15 00:45:00,136.896468388888,84.844106133332,84.859661111108,17.02222222,8.360666666666667,28.0,2,5.1764362714980825,70.66250196097344,0,2,2,0.0,1.0,0.9749279121818236,-0.2225209339563143,0.8660254037844386,0.5000000000000001,0.0,0.0,0.0,13.9,28.4,100.0,50.25,-5.425000000000001,3.1791897,0.0,3.925,17.227777773333333,28.0,28.0,28.316666666666663,28.5,28.0,-8.661555553333333,-0.0555555500000011,0.0146666666666668,8.346,8.456,17.114814803333335,8.295555555555557,4.054653,4.068176,4.1089807,4.14763,4.1048837,0,2.0,1,0.5,-1.39,45.1,54.9
2023-02-15 01:00:00,46.082878744448,0.0,0.0,17.227777773333333,8.456,28.0,0,5.1764362714980825,70.66250196097344,1,2,2,0.2588190451025207,0.9659258262890684,0.9749279121818236,-0.2225209339563143,0.8660254037844386,0.5000000000000001,0.0,0.0,0.0,14.0,28.4,100.0,50.0,-5.4,3.1792254,0.0,4.0,17.18888892,28.0,28.0,28.0,28.316666666666663,27.65,-8.771777773333334,0.2055555533333333,0.0953333333333326,8.360666666666667,8.476,17.109259254444446,8.387555555555556,4.1048837,4.054653,4.068176,4.1089807,4.044148,1,3.0,1,0.25,-1.34,42.5,57.5
2023-02-15 01:15:00,55.56722155556,0.0,0.0,17.18888892,8.476,27.65,0,5.1764362714980825,70.66250196097344,1,2,2,0.2588190451025207,0.9659258262890684,0.9749279121818236,-0.2225209339563143,0.8660254037844386,0.5000000000000001,0.0,0.0,0.0,13.425,28.325,100.0,49.75,-5.425000000000001,3.179173,0.0,4.075,17.022222233333334,28.0,28.0,28.0,28.0,27.5,-8.71288892,-0.0388888533333329,0.0200000000000013,8.456,8.614666666666666,17.146296304444444,8.43088888888889,4.044148,4.1048837,4.054653,4.068176,3.9822488,0,3.0,0,0.25,-1.35,43.1,56.9
2023-02-15 01:30:00,62.774711061114,0.0,0.0,17.022222233333334,8.614666666666666,27.5,0,5.1764362714980825,70.66250196097344,1,2,2,0.2588190451025207,0.9659258262890684,0.9749279121818236,-0.2225209339563143,0.8660254037844386,0.5000000000000001,0.0,0.0,0.0,12.85,28.25,100.0,49.5,-5.45,3.1790295,0.0,4.15,16.938888849999998,27.65,28.0,28.0,28.0,27.5,-8.407555566666668,-0.1666666866666659,0.1386666666666656,8.476,9.030666666666669,17.14629630888889,8.515555555555556,3.9822488,4.044148,4.1048837,4.054653,3.9623973,0,3.0,0,0.25,-1.39,45.2,54.8
2023-02-15 01:45:00,49.186643472226,0.0,0.0,16.938888849999998,9.030666666666669,27.5,0,5.1764362714980825,70.66250196097344,1,2,2,0.2588190451025207,0.9659258262890684,0.9749279121818236,-0.2225209339563143,0.8660254037844386,0.5000000000000001,0.0,0.0,0.0,12.275,28.175,100.0,49.25,-5.475,3.178795,0.0,4.225,16.974074073333334,27.5,27.65,28.0,28.0,27.5,-7.908222183333331,-0.0833333833333362,0.4160000000000003,8.614666666666666,9.302666666666664,17.050000001111112,8.707111111111113,3.9623973,3.9822488,4.044148,4.1048837,3.9707692,0,4.0,0,0.0,-1.41,46.2,53.8
2023-02-15 02:00:00,125.894686227778,85.56435508888801,85.58213216111,16.974074073333334,9.302666666666664,27.5,2,5.1764362714980825,70.66250196097344,2,2,2,0.4999999999999999,0.8660254037844387,0.9749279121818236,-0.2225209339563143,0.8660254037844386,0.5000000000000001,0.0,0.0,0.0,11.7,28.1,100.0,49.0,-5.5,3.1784687,0.0,4.3,17.25555553,27.5,27.5,27.65,28.0,27.45,-7.671407406666669,0.035185223333336,0.2719999999999984,9.030666666666669,9.44,16.978395052222222,8.982666666666667,3.9707692,3.9623973,3.9822488,4.044148,4.0309477,0,3.0,1,0.25,-1.41,45.8,54.2
2023-02-15 02:15:00,54.367825133336,0.0,0.0,17.25555553,9.44,27.45,0,5.1764362714980825,70.66250196097344,2,2,2,0.4999999999999999,0.8660254037844387,0.9749279121818236,-0.2225209339563143,0.8660254037844386,0.5000000000000001,0.0,0.0,0.0,11.6,27.1,100.0,49.25,-5.4,3.205318,0.0,4.35,17.188888870000003,27.5,27.5,27.5,27.65,27.03333333333333,-7.815555529999999,0.2814814566666648,0.1373333333333342,9.302666666666664,9.488,17.056172817777778,9.25777777777778,4.0309477,3.9707692,3.9623973,3.9822488,3.9539528,1,3.0,1,0.25,-1.34,42.3,57.7
2023-02-15 02:30:00,53.35314353889,0.0,0.0,17.188888870000003,9.488,27.03333333333333,0,5.1764362714980825,70.66250196097344,2,2,2,0.4999999999999999,0.8660254037844387,0.9749279121818236,-0.2225209339563143,0.8660254037844386,0.5000000000000001,0.0,0.0,0.0,11.5,26.1,100.0,49.5,-5.3,3.232306,0.0,4.4,17.06111113,27.45,27.5,27.5,27.5,27.05,-7.7008888700000035,-0.0666666599999956,0.048,9.44,9.383333333333333,17.13950615777778,9.410222222222222,3.9539528,4.0309477,3.9707692,3.9623973,3.926226,0,3.0,0,0.25,-1.36,43.2,56.8
2023-02-15 02:45:00,54.713366861114,0.0,0.0,17.06111113,9.383333333333333,27.05,0,5.1764362714980825,70.66250196097344,2,2,2,0.4999999999999999,0.8660254037844387,0.9749279121818236,-0.2225209339563143,0.8660254037844386,0.5000000000000001,0.0,0.0,0.0,11.4,25.1,100.0,49.75,-5.199999999999999,3.2594333,0.0,4.45,16.931481463333334,27.03333333333333,27.45,27.5,27.5,27.466666666666665,-7.677777796666668,-0.1277777400000026,-0.1046666666666666,9.488,9.504,17.168518510000002,9.437111111111111,3.926226,3.9539528,4.0309477,3.9707692,3.9558368,0,3.0,0,0.25,-1.39,44.8,55.2
2023-02-15 03:00:00,51.263227205554,0.0,0.0,16.931481463333334,9.504,27.466666666666665,0,5.1764362714980825,70.66250196097344,3,2,2,0.7071067811865476,0.7071067811865476,0.9749279121818236,-0.2225209339563143,0.8660254037844386,0.5000000000000001,0.0,0.0,0.0,11.3,24.1,100.0,50.0,-5.1,3.286702,0.0,4.5,16.92777779,27.05,27.03333333333333,27.45,27.5,27.5,-7.427481463333335,-0.1296296666666663,0.1206666666666667,9.383333333333333,9.461333333333334,17.060493821111113,9.458444444444446,3.9558368,3.926226,3.9539528,4.0309477,3.9597576,0,4.0,0,0.0,-1.42,46.4,53.6
2023-02-15 03:15:00,438.628565338886,104.521930055556,104.542762572222,16.92777779,9.461333333333334,27.5,2,5.1764362714980825,70.66250196097344,3,2,2,0.7071067811865476,0.7071067811865476,0.9749279121818236,-0.2225209339563143,0.8660254037844386,0.5000000000000001,0.0,0.0,0.0,11.375,24.200000000000003,100.0,49.5,-5.025,3.297268,0.0,4.7,17.29259261,27.466666666666665,27.05,27.03333333333333,27.45,27.316666666666663,-7.466444456666666,-0.0037036733333337,-0.0426666666666655,9.504,9.594,16.97345679444445,9.449555555555555,3.9597576,3.9558368,3.926226,3.9539528,4.0202665,0,3.0,1,0.25,-1.42,46.4,53.6
2023-02-15 03:30:00,44.029627561114,0.0,0.0,17.29259261,9.594,27.316666666666663,0,5.1764362714980825,70.66250196097344,3,2,2,0.7071067811865476,0.7071067811865476,0.9749279121818236,-0.2225209339563143,0.8660254037844386,0.5000000000000001,0.0,0.0,0.0,11.45,24.3,100.0,49.0,-4.949999999999999,3.307458,0.0,4.9,17.300000020000002,27.5,27.466666666666665,27.05,27.03333333333333,27.0,-7.69859261,0.3648148199999994,0.1326666666666653,9.461333333333334,9.649333333333336,17.05061728777778,9.519777777777778,4.0202665,3.9597576,3.9558368,3.926226,3.975424,1,3.0,1,0.25,-1.33,41.9,58.1
2023-02-15 03:45:00,55.096407255552,0.0,0.0,17.300000020000002,9.649333333333336,27.0,0,5.1764362714980825,70.66250196097344,3,2,2,0.7071067811865476,0.7071067811865476,0.9749279121818236,-0.2225209339563143,0.8660254037844386,0.5000000000000001,0.0,0.0,0.0,11.525,24.4,100.0,48.5,-4.875,3.3172607,0.0,5.1,17.15370372,27.316666666666663,27.5,27.466666666666665,27.05,27.0,-7.650666686666668,0.0074074100000025,0.0553333333333352,9.594,10.084666666666667,17.173456806666668,9.568222222222223,3.975424,4.0202665,3.9597576,3.9558368,3.9407666,0,3.0,0,0.25,-1.33,41.8,58.2
2023-02-15 04:00:00,61.305603127782,0.0,0.0,17.15370372,10.084666666666667,27.0,0,5.1764362714980825,70.66250196097344,4,2,2,0.8660254037844386,0.5000000000000001,0.9749279121818236,-0.2225209339563143,0.8660254037844386,0.5000000000000001,0.0,0.0,0.0,11.6,24.5,100.0,48.0,-4.8,3.3266675,0.0,5.3,17.066666689999998,27.0,27.316666666666663,27.5,27.466666666666665,27.35,-7.069037053333332,-0.146296300000003,0.4353333333333324,9.649333333333336,10.248,17.24876545,9.776000000000002,3.9407666,3.975424,4.0202665,3.9597576,3.9710913,0,3.0,0,0.25,-1.37,43.7,56.3
2023-02-15 04:15:00,44.234063800004,0.0,0.0,17.066666689999998,10.248,27.35,0,5.1764362714980825,70.66250196097344,4,2,2,0.8660254037844386,0.5000000000000001,0.9749279121818236,-0.2225209339563143,0.8660254037844386,0.5000000000000001,0.0,0.0,0.0,13.875,29.35,100.0,47.25,-4.725,3.3510046,0.0,5.65,16.98333332,27.0,27.0,27.316666666666663,27.5,27.5,-6.818666689999999,-0.0870370300000011,0.1633333333333322,10.084666666666667,10.182666666666668,17.17345681,9.994000000000002,3.9710913,3.9407666,3.975424,4.0202665,3.9729748,0,4.0,0,0.0,-1.38,44.7,55.3
2023-02-15 04:30:00,48.390841972226,0.0,0.0,16.98333332,10.182666666666668,27.5,0,5.1764362714980825,70.66250196097344,4,2,2,0.8660254037844386,0.5000000000000001,0.9749279121818236,-0.2225209339563143,0.8660254037844386,0.5000000000000001,0.0,0.0,0.0,16.15,34.2,100.0,46.5,-4.65,3.3744447,0.0,6.0,17.0111111,27.35,27.0,27.0,27.316666666666663,27.55,-6.800666653333332,-0.0833333699999983,-0.0653333333333314,10.248,10.19,17.067901243333335,10.17177777777778,3.9729748,3.9710913,3.9407666,3.975424,3.9868326,0,4.0,0,0.0,-1.4,45.7,54.3
2023-02-15 04:45:00,133.617710677776,84.975767483334,84.993822327778,17.0111111,10.19,27.55,2,5.1764362714980825,70.66250196097344,4,2,2,0.8660254037844386,0.5000000000000001,0.9749279121818236,-0.2225209339563143,0.8660254037844386,0.5000000000000001,0.0,0.0,0.0,18.425,39.05,100.0,45.75,-4.575,3.396939,0.0,6.35,17.27962963,27.5,27.35,27.0,27.0,27.78333333333333,-6.821111100000001,0.0277777800000009,0.0073333333333316,10.182666666666668,10.19,17.020370370000002,10.20688888888889,3.9868326,3.9729748,3.9710913,3.9407666,4.0857778,0,3.0,1,0.25,-1.4,45.3,54.7
2023-02-15 05:00:00,51.730153061106,0.0,0.0,17.27962963,10.19,27.78333333333333,0,5.1764362714980825,70.66250196097344,5,2,2,0.9659258262890684,0.2588190451025207,0.9749279121818236,-0.2225209339563143,0.8660254037844386,0.5000000000000001,0.0,0.0,0.0,20.7,43.9,100.0,45.0,-4.5,3.4184387,0.0,6.7,17.24999998,27.55,27.5,27.35,27.0,27.55,-7.089629629999999,0.2685185299999979,0.0,10.19,10.282666666666668,17.09135801666667,10.187555555555557,4.0857778,3.9868326,3.9729748,3.9710913,4.0442877,1,3.0,1,0.25,-1.33,41.9,58.1
2023-02-15 05:15:00,54.838639833328,0.0,0.0,17.24999998,10.282666666666668,27.55,0,5.1764362714980825,70.66250196097344,5,2,2,0.9659258262890684,0.2588190451025207,0.9749279121818236,-0.2225209339563143,0.8660254037844386,0.5000000000000001,0.0,0.0,0.0,21.325,46.075,100.0,49.25,-3.425,3.723047,0.175,6.625,17.129629663333333,27.78333333333333,27.55,27.5,27.35,27.966666666666665,-6.967333313333331,-0.0296296500000003,0.092666666666668,10.19,10.448,17.180246903333337,10.220888888888888,4.0442877,4.0857778,3.9868326,3.9729748,4.0759745,0,3.0,0,0.25,-1.34,42.3,57.7
2023-02-15 05:30:00,54.210887011112,0.0,0.0,17.129629663333333,10.448,27.966666666666665,0,5.1764362714980825,70.66250196097344,5,2,2,0.9659258262890684,0.2588190451025207,0.9749279121818236,-0.2225209339563143,0.8660254037844386,0.5000000000000001,0.0,0.0,0.0,21.95,48.25,100.0,53.5,-2.35,4.0245914,0.35,6.550000000000001,17.05000004,27.55,27.78333333333333,27.55,27.5,28.35,-6.681629663333332,-0.1203703166666656,0.1653333333333329,10.282666666666668,10.708,17.219753091111112,10.30688888888889,4.0759745,4.0442877,4.0857778,3.9868326,4.112178,0,3.0,0,0.25,-1.37,43.7,56.3
2023-02-15 05:45:00,44.183788094446,0.0,0.0,17.05000004,10.708,28.35,0,5.1764362714980825,70.66250196097344,5,2,2,0.9659258262890684,0.2588190451025207,0.9749279121818236,-0.2225209339563143,0.8660254037844386,0.5000000000000001,0.0,0.0,0.0,22.575,50.425,100.0,57.75,-1.275,4.3230896,0.5249999999999999,6.4750000000000005,16.98333332,27.966666666666665,27.55,27.78333333333333,27.55,28.5,-6.34200004,-0.0796296233333322,0.2599999999999998,10.448,10.807333333333332,17.143209894444443,10.479555555555558,4.112178,4.0759745,4.0442877,4.0857778,4.1174464,0,4.0,0,0.0,-1.38,44.6,55.4
2023-02-15 06:00:00,73.153462811104,33.105064644444,33.118397494442,16.98333332,10.807333333333332,28.5,1,5.1764362714980825,70.66250196097344,6,2,2,1.0,6.123233995736766e-17,0.9749279121818236,-0.2225209339563143,0.8660254037844386,0.5000000000000001,0.0,0.0,0.0,23.2,52.6,100.0,62.0,-0.2,4.618565,0.7,6.4,17.08888887,28.35,27.966666666666665,27.55,27.78333333333333,28.8,-6.175999986666668,-0.0666667200000006,0.0993333333333321,10.708,11.074000000000002,17.054321007777776,10.654444444444444,4.1174464,4.112178,4.0759745,4.0442877,4.187196,0,3.0,1,0.25,-1.4,45.4,54.6
2023-02-15 06:15:00,116.909490199996,58.478771905554,58.492382477776,17.08888887,11.074000000000002,28.8,1,5.1764362714980825,70.66250196097344,6,2,2,1.0,6.123233995736766e-17,0.9749279121818236,-0.2225209339563143,0.8660254037844386,0.5000000000000001,0.0,0.0,0.0,23.525,52.225,100.0,59.5,-0.575,4.5052314,0.5499999999999999,6.65,17.34999999333333,28.5,28.35,27.966666666666665,27.55,28.53333333333333,-6.01488887,0.1055555500000018,0.2666666666666692,10.807333333333332,10.862,17.040740743333334,10.863111111111117,4.187196,4.1174464,4.112178,4.0759745,4.2137694,0,2.0,0,0.5,-1.37,44.0,56.0
2023-02-15 06:30:00,54.254218727774,0.0,0.0,17.34999999333333,10.862,28.53333333333333,0,5.1764362714980825,70.66250196097344,6,2,2,1.0,6.123233995736766e-17,0.9749279121818236,-0.2225209339563143,0.8660254037844386,0.5000000000000001,0.0,0.0,0.0,23.85,51.85,100.0,57.0,-0.95,4.386773,0.3999999999999999,6.9,17.24999998,28.8,28.5,28.35,27.966666666666665,28.55,-6.4879999933333306,0.261111123333329,-0.2120000000000015,11.074000000000002,10.788,17.14074072777778,10.914444444444449,4.2137694,4.187196,4.1174464,4.112178,4.1910863,1,2.0,1,0.5,-1.31,40.8,59.2
2023-02-15 06:45:00,43.948519805554,0.0,0.0,17.24999998,10.788,28.55,0,5.1764362714980825,70.66250196097344,6,2,2,1.0,6.123233995736766e-17,0.9749279121818236,-0.2225209339563143,0.8660254037844386,0.5000000000000001,0.0,0.0,0.0,24.175,51.475,100.0,54.5,-1.325,4.26307,0.2499999999999999,7.15,17.150000013333333,28.53333333333333,28.8,28.5,28.35,28.966666666666665,-6.461999979999998,-0.1000000133333323,-0.0739999999999998,10.862,10.702,17.229629614444445,10.908,4.1910863,4.2137694,4.187196,4.1174464,4.2268734,0,2.0,0,0.5,-1.33,42.1,57.9
2023-02-15 07:00:00,50.874631633332,0.0,0.0,17.150000013333333,10.702,28.966666666666665,0,5.1764362714980825,70.66250196097344,7,2,2,0.9659258262890684,-0.2588190451025206,0.9749279121818236,-0.2225209339563143,0.8660254037844386,0.5000000000000001,0.0,0.0,0.0,24.5,51.1,100.0,52.0,-1.7,4.134,0.1,7.4,17.07222225,28.55,28.53333333333333,28.8,28.5,29.05,-6.448000013333333,-0.0999999666666653,-0.0860000000000003,10.788,10.828,17.249999995555555,10.784,4.2268734,4.1910863,4.2137694,4.187196,4.2193274,0,3.0,0,0.25,-1.36,43.2,56.8
2023-02-15 07:15:00,46.40508830555,0.0,0.0,17.07222225,10.828,29.05,0,5.1764362714980825,70.66250196097344,7,2,2,0.9659258262890684,-0.2588190451025206,0.9749279121818236,-0.2225209339563143,0.8660254037844386,0.5000000000000001,0.0,0.0,0.0,25.225,51.55,99.75,49.25,-1.9,4.0833144,0.075,8.05,17.03518521333333,28.966666666666665,28.55,28.53333333333333,28.8,29.466666666666665,-6.24422225,-0.0777777633333336,0.1259999999999994,10.702,11.089333333333334,17.157407414444446,10.772666666666666,4.2193274,4.2268734,4.1910863,4.2137694,4.2703567,0,4.0,0,0.0,-1.37,44.2,55.8
2023-02-15 07:30:00,54.590038544444,0.0,0.0,17.03518521333333,11.089333333333334,29.466666666666665,0,5.1764362714980825,70.66250196097344,7,2,2,0.9659258262890684,-0.2588190451025206,0.9749279121818236,-0.2225209339563143,0.8660254037844386,0.5000000000000001,0.0,0.0,0.0,25.95,52.0,99.5,46.5,-2.1,4.019779,0.05,8.7,16.99444444,29.05,28.966666666666665,28.55,28.53333333333333,29.5,-5.9458518799999975,-0.0370370366666676,0.2613333333333347,10.828,11.364666666666666,17.085802492222225,10.873111111111111,4.2703567,4.2193274,4.2268734,4.1910863,4.264758,0,4.0,0,0.0,-1.38,44.5,55.5
2023-02-15 07:45:00,55.363896472222,0.0,0.0,16.99444444,11.364666666666666,29.5,0,5.1764362714980825,70.66250196097344,7,2,2,0.9659258262890684,-0.2588190451025206,0.9749279121818236,-0.2225209339563143,0.8660254037844386,0.5000000000000001,0.0,0.0,0.0,26.675,52.45,99.25,43.75,-2.3,3.94252,0.0249999999999999,9.35,16.948148106666665,29.466666666666665,29.05,28.966666666666665,28.55,29.5,-5.629777773333332,-0.0407407733333329,0.2753333333333323,11.089333333333334,11.41,17.033950634444444,11.094,4.264758,4.2703567,4.2193274,4.2268734,4.2529335,0,4.0,0,0.0,-1.39,45.0,55.0
2023-02-15 08:00:00,49.280528833328,0.0,0.0,16.948148106666665,11.41,29.5,0,5.1764362714980825,70.66250196097344,8,2,2,0.8660254037844387,-0.4999999999999998,0.9749279121818236,-0.2225209339563143,0.8660254037844386,0.5000000000000001,0.0,0.0,0.0,27.4,52.9,99.0,41.0,-2.5,3.8506207,0.0,10.0,16.96666663,29.5,29.466666666666665,29.05,28.966666666666665,29.85,-5.5381481066666645,-0.0462963333333341,0.0453333333333336,11.364666666666666,11.708666666666666,16.992592586666664,11.288000000000002,4.2529335,4.264758,4.2703567,4.2193274,4.308174,0,4.0,0,0.0,-1.4,45.6,54.4
2023-02-15 08:15:00,118.82246916111,78.8201804,78.838235227778,16.96666663,11.708666666666666,29.85,2,5.1764362714980825,70.66250196097344,8,2,2,0.8660254037844387,-0.4999999999999998,0.9749279121818236,-0.2225209339563143,0.8660254037844386,0.5000000000000001,3.25,0.8125,0.2708333333333333,26.775,53.8,77.25,42.0,-2.4,3.900969,0.0,9.825,17.253703703333333,29.5,29.5,29.466666666666665,29.05,29.816666666666663,-5.257999963333333,0.0185185233333342,0.2986666666666657,11.41,11.976,16.969753058888887,11.494444444444444,4.308174,4.2529335,4.264758,4.2703567,4.378001,0,3.0,1,0.25,-1.4,45.3,54.7
2023-02-15 08:30:00,51.605435749998,0.0,0.0,17.253703703333333,11.976,29.816666666666663,0,5.1764362714980825,70.66250196097344,8,2,2,0.8660254037844387,-0.4999999999999998,0.9749279121818236,-0.2225209339563143,0.8660254037844386,0.5000000000000001,6.5,2.4375,0.8125,26.15,54.7,55.5,43.0,-2.3,3.9496737,0.0,9.65,17.43888885,29.85,29.5,29.5,29.466666666666665,29.55,-5.277703703333334,0.2870370733333338,0.2673333333333332,11.708666666666666,12.194,17.056172813333333,11.698222222222222,4.378001,4.308174,4.2529335,4.264758,4.3871565,1,3.0,1,0.25,-1.33,41.7,58.3
2023-02-15 08:45:00,66.726775138894,0.0,0.0,17.43888885,12.194,29.55,0,5.1764362714980825,70.66250196097344,8,2,2,0.8660254037844387,-0.4999999999999998,0.9749279121818236,-0.2225209339563143,0.8660254037844386,0.5000000000000001,9.75,4.875,1.625,25.525,55.6,33.75,44.0,-2.2,3.9967597,0.0,9.475,17.3925926,29.816666666666663,29.85,29.5,29.5,29.966666666666665,-5.244888850000002,0.1851851466666687,0.2179999999999999,11.976,12.369333333333334,17.219753061111113,11.959555555555555,4.3871565,4.378001,4.308174,4.2529335,4.4367256,0,3.0,0,0.25,-1.29,39.5,60.5
2023-02-15 09:00:00,48.20751612222,0.0,0.0,17.3925926,12.369333333333334,29.966666666666665,0,5.1764362714980825,70.66250196097344,9,2,2,0.7071067811865476,-0.7071067811865475,0.9749279121818236,-0.2225209339563143,0.8660254037844386,0.5000000000000001,13.0,8.125,2.708333333333333,24.9,56.5,12.0,45.0,-2.1,4.0422535,0.0,9.3,17.48888889,29.55,29.816666666666663,29.85,29.5,30.0,-5.023259266666667,-0.046296250000001,0.1753333333333344,12.194,12.892,17.361728384444447,12.179777777777778,4.4367256,4.3871565,4.378001,4.308174,4.46729,0,3.0,0,0.25,-1.29,40.0,60.0
2023-02-15 09:15:00,44.244341222224,0.0,0.0,17.48888889,12.892,30.0,0,5.1764362714980825,70.66250196097344,9,2,2,0.7071067811865476,-0.7071067811865475,0.9749279121818236,-0.2225209339563143,0.8660254037844386,0.5000000000000001,55.25,21.125,7.3125,25.15,56.425,12.5,45.0,-1.775,4.126811,0.0,9.625,17.78888886,29.966666666666665,29.55,29.816666666666663,29.85,29.816666666666663,-4.596888889999999,0.0962962899999979,0.522666666666666,12.369333333333334,13.306666666666668,17.440123446666668,12.485111111111111,4.46729,4.4367256,4.3871565,4.378001,4.520166,0,4.0,0,0.0,-1.27,38.8,61.2
2023-02-15 09:30:00,54.280884211112,0.0,0.0,17.78888886,13.306666666666668,29.816666666666663,0,5.1764362714980825,70.66250196097344,9,2,2,0.7071067811865476,-0.7071067811865475,0.9749279121818236,-0.2225209339563143,0.8660254037844386,0.5000000000000001,97.5,43.875,15.4375,25.4,56.35,13.0,45.0,-1.4500000000000002,4.212908,0.0,9.95,18.32777774,30.0,29.966666666666665,29.55,29.816666666666663,29.55,-4.4822221933333335,0.2999999700000018,0.4146666666666672,12.892,13.851333333333336,17.556790116666665,12.856000000000002,4.520166,4.46729,4.4367256,4.3871565,4.6256013,0,4.0,0,0.0,-1.2,35.3,64.7
2023-02-15 09:45:00,50.03105417778,0.0,0.0,18.32777774,13.851333333333336,29.55,0,5.1764362714980825,70.66250196097344,9,2,2,0.7071067811865476,-0.7071067811865475,0.9749279121818236,-0.2225209339563143,0.8660254037844386,0.5000000000000001,139.75,76.375,27.08333333333333,25.65,56.275000000000006,13.5,45.0,-1.125,4.300566,0.0,10.275,18.653703713333336,29.816666666666663,30.0,29.966666666666665,29.55,30.33333333333333,-4.476444406666664,0.5388888799999982,0.544666666666668,13.306666666666668,14.480666666666668,17.868518496666667,13.35,4.6256013,4.520166,4.46729,4.4367256,4.8408146,0,4.0,0,0.0,-1.08,29.5,70.5
2023-02-15 10:00:00,98.339121927774,0.0,0.0,18.653703713333336,14.480666666666668,30.33333333333333,0,5.1764362714980825,70.66250196097344,10,2,2,0.4999999999999999,-0.8660254037844387,0.9749279121818236,-0.2225209339563143,0.8660254037844386,0.5000000000000001,182.0,118.625,42.25,25.9,56.2,14.0,45.0,-0.8,4.3898096,0.0,10.6,18.327777790000003,29.55,29.816666666666663,30.0,29.966666666666665,31.35,-4.173037046666668,0.3259259733333373,0.6293333333333333,13.851333333333336,15.002666666666666,18.256790104444445,13.879555555555555,4.8408146,4.6256013,4.520166,4.46729,4.9073644,0,4.0,0,0.0,-1.0,26.0,74.0
2023-02-15 10:15:00,64.34714832777401,0.0,0.0,18.327777790000003,15.002666666666666,31.35,0,5.1764362714980825,70.66250196097344,10,2,2,0.4999999999999999,-0.8660254037844387,0.9749279121818236,-0.2225209339563143,0.8660254037844386,0.5000000000000001,218.0,159.3125,60.41666666666666,25.5,56.45,14.75,45.5,-0.45,4.516209,0.0,10.875,18.06111109,30.33333333333333,29.55,29.816666666666663,30.0,31.866666666666667,-3.325111123333336,-0.3259259233333331,0.5219999999999985,14.480666666666668,15.806,18.43641974777778,14.444888888888892,4.9073644,4.8408146,4.6256013,4.520166,4.909857,0,4.0,0,0.0,-1.07,29.1,70.9
2023-02-15 10:30:00,287.000464005554,0.0,0.0,18.06111109,15.806,31.866666666666667,0,5.1764362714980825,70.66250196097344,10,2,2,0.4999999999999999,-0.8660254037844387,0.9749279121818236,-0.2225209339563143,0.8660254037844386,0.5000000000000001,254.0,198.4375,81.58333333333333,25.1,56.7,15.5,46.0,-0.1,4.645508,0.0,11.15,17.86111108,31.35,30.33333333333333,29.55,29.816666666666663,32.55,-2.25511109,-0.2666667000000018,0.8033333333333346,15.002666666666666,15.733333333333333,18.347530864444447,15.096444444444446,4.909857,4.9073644,4.8408146,4.6256013,4.9558105,0,4.0,0,0.0,-1.13,31.7,68.3
2023-02-15 10:45:00,266.91682298333,0.0,0.0,17.86111108,15.733333333333333,32.55,0,5.1764362714980825,70.66250196097344,10,2,2,0.4999999999999999,-0.8660254037844387,0.9749279121818236,-0.2225209339563143,0.8660254037844386,0.5000000000000001,290.0,236.0,105.75,24.7,56.95,16.25,46.5,0.2499999999999997,4.777758,0.0,11.425,17.761111113333335,31.866666666666667,31.35,30.33333333333333,29.55,33.333333333333336,-2.127777746666668,-0.2000000100000001,-0.0726666666666684,15.806,16.482666666666667,18.083333320000005,15.514,4.9558105,4.909857,4.9073644,4.8408146,5.0449295,0,4.0,0,0.0,-1.17,33.8,66.2
2023-02-15 11:00:00,578.673241111108,0.0,0.0,17.761111113333335,16.482666666666667,33.333333333333336,0,5.1764362714980825,70.66250196097344,11,2,2,0.258819045102521,-0.9659258262890682,0.9749279121818236,-0.2225209339563143,0.8660254037844386,0.5000000000000001,326.0,272.0,132.91666666666666,24.3,57.2,17.0,47.0,0.6,4.913018,0.0,11.7,17.71666665,32.55,31.866666666666667,31.35,30.33333333333333,34.4,-1.2784444466666685,-0.0999999666666653,0.7493333333333343,15.733333333333333,16.784666666666666,17.89444442777778,16.007333333333335,5.0449295,4.9558105,4.909857,4.9073644,5.1925926,0,4.0,0,0.0,-1.19,34.8,65.2
2023-02-15 11:15:00,45.099029349998,0.0,0.0,17.71666665,16.784666666666666,34.4,0,5.1764362714980825,70.66250196097344,11,2,2,0.258819045102521,-0.9659258262890682,0.9749279121818236,-0.2225209339563143,0.8660254037844386,0.5000000000000001,351.25,305.3125,161.91666666666666,24.15,56.3,14.0,46.5,0.85,4.975947,0.0,12.075,17.670370400000003,33.333333333333336,32.55,31.866666666666667,31.35,34.96666666666667,-0.931999983333334,-0.0444444633333347,0.3019999999999996,16.482666666666667,16.86,17.779629614444445,16.33355555555556,5.1925926,5.0449295,4.9558105,4.909857,5.263579,0,4.0,0,0.0,-1.2,35.0,65.0
2023-02-15 11:30:00,42.638849927778,0.0,0.0,17.670370400000003,16.86,34.96666666666667,0,5.1764362714980825,70.66250196097344,11,2,2,0.258819045102521,-0.9659258262890682,0.9749279121818236,-0.2225209339563143,0.8660254037844386,0.5000000000000001,376.5,335.9375,192.75,24.0,55.400000000000006,11.0,46.0,1.1,5.038743,0.0,12.45,17.62222223,34.4,33.333333333333336,32.55,31.866666666666667,35.35,-0.8103704000000036,-0.0462962499999974,0.075333333333333,16.784666666666666,17.185333333333332,17.716049387777783,16.709111111111113,5.263579,5.1925926,5.0449295,4.9558105,5.3060207,0,4.0,0,0.0,-1.2,35.4,64.6
2023-02-15 11:45:00,40.019232433336,0.0,0.0,17.62222223,17.185333333333332,35.35,0,5.1764362714980825,70.66250196097344,11,2,2,0.258819045102521,-0.9659258262890682,0.9749279121818236,-0.2225209339563143,0.8660254037844386,0.5000000000000001,401.75,363.875,225.41666666666663,23.85,54.5,8.0,45.5,1.35,5.1013684,0.0,12.825,17.57962965,34.96666666666667,34.4,33.333333333333336,32.55,35.5,-0.4368888966666659,-0.0481481700000046,0.325333333333333,16.86,17.299333333333333,17.669753093333338,16.94333333333333,5.3060207,5.263579,5.1925926,5.0449295,5.3150096,0,4.0,0,0.0,-1.21,35.9,64.1
2023-02-15 12:00:00,37.824320100008,0.0,0.0,17.57962965,17.299333333333333,35.5,0,5.1764362714980825,70.66250196097344,12,2,2,1.2246467991473532e-16,-1.0,0.9749279121818236,-0.2225209339563143,0.8660254037844386,0.5000000000000001,427.0,389.125,259.9166666666667,23.7,53.6,5.0,45.0,1.6,5.1637874,0.0,13.2,17.61666666,35.35,34.96666666666667,34.4,33.333333333333336,35.9,-0.2802963166666679,-0.0425925799999973,0.1140000000000007,17.185333333333332,17.830666666666666,17.624074093333334,17.11488888888889,5.3150096,5.3060207,5.263579,5.1925926,5.38679,0,4.0,0,0.0,-1.22,36.4,63.6
2023-02-15 12:15:00,33.44449541667,0.0,0.0,17.61666666,17.830666666666666,35.9,0,5.1764362714980825,70.66250196097344,12,2,2,1.2246467991473532e-16,-1.0,0.9749279121818236,-0.2225209339563143,0.8660254037844386,0.5000000000000001,454.25,414.875,293.1666666666667,23.4,53.15,12.75,44.75,1.875,5.271531,0.0,13.625,17.683333343333334,35.5,35.35,34.96666666666667,34.4,36.46666666666667,0.2140000066666658,0.0370370099999988,0.5313333333333325,17.299333333333333,18.077333333333332,17.606172846666666,17.438444444444446,5.38679,5.3150096,5.3060207,5.263579,5.493621,0,4.0,0,0.0,-1.21,35.8,64.2
2023-02-15 12:30:00,64.81851823889,0.0,0.0,17.683333343333334,18.077333333333332,36.46666666666667,0,5.1764362714980825,70.66250196097344,12,2,2,1.2246467991473532e-16,-1.0,0.9749279121818236,-0.2225209339563143,0.8660254037844386,0.5000000000000001,481.5,441.125,325.1666666666667,23.1,52.7,20.5,44.5,2.1500000000000004,5.380876,0.0,14.05,17.81111108,35.9,35.5,35.35,34.96666666666667,36.9,0.3939999900000011,0.0666666833333344,0.2466666666666697,17.830666666666666,18.704666666666665,17.62654321777778,17.73577777777778,5.493621,5.38679,5.3150096,5.3060207,5.601402,0,4.0,0,0.0,-1.19,34.9,65.1
2023-02-15 12:45:00,48.431395966668,0.0,0.0,17.81111108,18.704666666666665,36.9,0,5.1764362714980825,70.66250196097344,12,2,2,1.2246467991473532e-16,-1.0,0.9749279121818236,-0.2225209339563143,0.8660254037844386,0.5000000000000001,508.75,467.875,355.9166666666667,22.8,52.25,28.25,44.25,2.4250000000000003,5.491826,0.0,14.475,17.97777776666667,36.46666666666667,35.9,35.5,35.35,37.46666666666667,0.8935555866666647,0.1277777366666654,0.6273333333333291,18.077333333333332,18.988666666666667,17.703703694444446,18.204222222222224,5.601402,5.493621,5.38679,5.3150096,5.7441354,0,4.0,0,0.0,-1.16,33.3,66.7
2023-02-15 13:00:00,37.159069144444,0.0,0.0,17.97777776666667,18.988666666666667,37.46666666666667,0,5.1764362714980825,70.66250196097344,13,2,2,-0.2588190451025208,-0.9659258262890684,0.9749279121818236,-0.2225209339563143,0.8660254037844386,0.5000000000000001,536.0,495.125,385.4166666666667,22.5,51.8,36.0,44.0,2.7,5.6043906,0.0,14.9,18.14444448,36.9,36.46666666666667,35.9,35.5,37.5,1.0108888999999976,0.1666666866666695,0.2840000000000025,18.704666666666665,19.122666666666667,17.824074063333338,18.590222222222224,5.7441354,5.601402,5.493621,5.38679,5.8065023,0,4.0,0,0.0,-1.12,31.3,68.7
2023-02-15 13:15:00,37.215178049998,0.0,0.0,18.14444448,19.122666666666667,37.5,0,5.1764362714980825,70.66250196097344,13,2,2,-0.2588190451025208,-0.9659258262890684,0.9749279121818236,-0.2225209339563143,0.8660254037844386,0.5000000000000001,530.75,514.25,411.4791666666667,22.1,51.275,27.75,43.75,2.875,5.6494484,0.0,15.125,18.29074074333333,37.46666666666667,36.9,36.46666666666667,35.9,37.5,0.9782221866666668,0.1666667133333312,0.1340000000000003,18.988666666666667,19.230666666666664,17.97777777555556,18.938666666666663,5.8065023,5.7441354,5.601402,5.493621,5.857166,0,4.0,0,0.0,-1.08,29.6,70.4
2023-02-15 13:30:00,58.414330033332,0.0,0.0,18.29074074333333,19.230666666666664,37.5,0,5.1764362714980825,70.66250196097344,13,2,2,-0.2588190451025208,-0.9659258262890684,0.9749279121818236,-0.2225209339563143,0.8660254037844386,0.5000000000000001,525.5,525.25,434.1041666666667,21.7,50.75,19.5,43.5,3.05,5.6945405,0.0,15.35,18.3333333,37.5,37.46666666666667,36.9,36.46666666666667,37.85,0.9399259233333304,0.1462962633333333,0.1079999999999969,19.122666666666667,19.492666666666665,18.137654330000004,19.114,5.857166,5.8065023,5.7441354,5.601402,5.926793,0,4.0,0,0.0,-1.05,28.1,71.9
2023-02-15 13:45:00,39.088991861114,0.0,0.0,18.3333333,19.492666666666665,37.85,0,5.1764362714980825,70.66250196097344,13,2,2,-0.2588190451025208,-0.9659258262890684,0.9749279121818236,-0.2225209339563143,0.8660254037844386,0.5000000000000001,520.25,528.125,453.2916666666667,21.3,50.225,11.25,43.25,3.225,5.7396626,0.0,15.575,18.3333333,37.5,37.5,37.46666666666667,36.9,37.81666666666667,1.1593333666666652,0.0425925566666656,0.2620000000000004,19.230666666666664,19.564666666666664,18.256172841111116,19.282,5.926793,5.857166,5.8065023,5.7441354,5.9215736,0,4.0,0,0.0,-1.03,27.6,72.4
2023-02-15 14:00:00,35.224701938894,0.0,0.0,18.3333333,19.564666666666664,37.81666666666667,0,5.1764362714980825,70.66250196097344,14,2,2,-0.4999999999999997,-0.8660254037844388,0.9749279121818236,-0.2225209339563143,0.8660254037844386,0.5000000000000001,515.0,522.875,469.0416666666667,20.9,49.7,3.0,43.0,3.4,5.78481,0.0,15.8,18.383333330000003,37.85,37.5,37.5,37.46666666666667,37.55,1.2313333666666644,0.0,0.0719999999999991,19.492666666666665,19.981333333333332,18.31913578111111,19.42933333333333,5.9215736,5.926793,5.857166,5.8065023,5.8972826,0,4.0,0,0.0,-1.03,27.6,72.4
2023-02-15 14:15:00,52.78066643889,0.0,0.0,18.383333330000003,19.981333333333332,37.55,0,5.1764362714980825,70.66250196097344,14,2,2,-0.4999999999999997,-0.8660254037844388,0.9749279121818236,-0.2225209339563143,0.8660254037844386,0.5000000000000001,517.5,519.5625,482.8958333333333,21.15,49.425,5.75,43.25,3.65,5.907073,0.0,16.05,18.53333333,37.81666666666667,37.85,37.5,37.5,37.96666666666667,1.5980000033333326,0.0500000300000031,0.4166666666666714,19.564666666666664,20.1,18.34999997666667,19.67955555555556,5.8972826,5.9215736,5.926793,5.857166,6.01597,0,4.0,0,0.0,-1.02,27.1,72.9
2023-02-15 14:30:00,347.84330787778,0.0,0.0,18.53333333,20.1,37.96666666666667,0,5.1764362714980825,70.66250196097344,14,2,2,-0.4999999999999997,-0.8660254037844388,0.9749279121818236,-0.2225209339563143,0.8660254037844386,0.5000000000000001,520.0,518.1875,494.8541666666667,21.4,49.150000000000006,8.5,43.5,3.9,6.0315375,0.0,16.3,18.63888891,37.55,37.81666666666667,37.85,37.5,37.65,1.56666667,0.1499999999999985,0.118666666666666,19.981333333333332,19.648666666666667,18.416666653333337,19.882,6.01597,5.8972826,5.9215736,5.926793,6.003197,0,4.0,0,0.0,-0.99,25.6,74.4
2023-02-15 14:45:00,50.191881127778,0.0,0.0,18.63888891,19.648666666666667,37.65,0,5.1764362714980825,70.66250196097344,14,2,2,-0.4999999999999997,-0.8660254037844388,0.9749279121818236,-0.2225209339563143,0.8660254037844386,0.5000000000000001,522.5,518.75,504.9166666666667,21.65,48.875,11.25,43.75,4.15,6.1582375,0.0,16.55,18.52222223333333,37.96666666666667,37.55,37.81666666666667,37.85,37.68333333333333,1.0097777566666686,0.1055555799999972,-0.4513333333333342,20.1,19.508,18.518518523333334,19.91,6.003197,6.01597,5.8972826,5.9215736,5.9671454,0,4.0,0,0.0,-0.96,24.6,75.4
2023-02-15 15:00:00,44.4773875,0.0,0.0,18.52222223333333,19.508,37.68333333333333,0,5.1764362714980825,70.66250196097344,15,2,2,-0.7071067811865471,-0.7071067811865479,0.9749279121818236,-0.2225209339563143,0.8660254037844386,0.5000000000000001,525.0,521.25,513.0833333333334,21.9,48.6,14.0,44.0,4.4,6.287207,0.0,16.8,18.39999999,37.65,37.96666666666667,37.55,37.81666666666667,38.0,0.9857777666666684,-0.1166666766666679,-0.140666666666668,19.648666666666667,19.536,18.564814824444444,19.752222222222223,5.9671454,6.003197,6.01597,5.8972826,5.9738564,0,4.0,0,0.0,-0.99,25.7,74.3
2023-02-15 15:15:00,33.673375161114,0.0,0.0,18.39999999,19.536,38.0,0,5.1764362714980825,70.66250196097344,15,2,2,-0.7071067811865471,-0.7071067811865479,0.9749279121818236,-0.2225209339563143,0.8660254037844386,0.5000000000000001,494.0,515.375,516.3958333333334,21.775,48.6,24.0,44.25,4.550000000000001,6.341939,0.0,16.85,18.316666656666666,37.68333333333333,37.65,37.96666666666667,37.55,38.0,1.1360000099999965,-0.1222222433333293,0.0279999999999986,19.508,19.586666666666662,18.520370377777777,19.564222222222224,5.9738564,5.9671454,6.003197,6.01597,5.9444003,0,4.0,0,0.0,-1.02,26.9,73.1
2023-02-15 15:30:00,33.718928805562,0.0,0.0,18.316666656666666,19.586666666666662,38.0,0,5.1764362714980825,70.66250196097344,15,2,2,-0.7071067811865471,-0.7071067811865479,0.9749279121818236,-0.2225209339563143,0.8660254037844386,0.5000000000000001,463.0,501.125,514.8541666666666,21.65,48.6,34.0,44.5,4.7,6.3969383,0.0,16.9,18.27222224,38.0,37.68333333333333,37.65,37.96666666666667,38.35,1.2700000100000004,-0.0833333333333357,0.0506666666666681,19.536,19.66,18.41296296,19.543555555555557,5.9444003,5.9738564,5.9671454,6.003197,5.9833484,0,4.0,0,0.0,-1.04,27.7,72.3
2023-02-15 15:45:00,55.115850844444,0.0,0.0,18.27222224,19.66,38.35,0,5.1764362714980825,70.66250196097344,15,2,2,-0.7071067811865471,-0.7071067811865479,0.9749279121818236,-0.2225209339563143,0.8660254037844386,0.5000000000000001,432.0,478.5,508.4583333333333,21.525,48.6,44.0,44.75,4.85,6.4522004,0.0,16.95,18.225925906666667,38.0,38.0,37.68333333333333,37.65,38.5,1.3877777599999988,-0.0444444166666642,0.0733333333333341,19.586666666666662,19.796666666666667,18.32962962888889,19.594222222222225,5.9833484,5.9444003,5.9738564,5.9671454,5.9902635,0,4.0,0,0.0,-1.05,28.1,71.9
2023-02-15 16:00:00,44.493497972222,0.0,0.0,18.225925906666667,19.796666666666667,38.5,0,5.1764362714980825,70.66250196097344,16,2,2,-0.8660254037844385,-0.5000000000000004,0.9749279121818236,-0.2225209339563143,0.8660254037844386,0.5000000000000001,401.0,447.5,497.2083333333333,21.4,48.6,54.0,45.0,5.0,6.507731,0.0,17.0,18.18333335,38.35,38.0,38.0,37.68333333333333,38.55,1.5707407599999996,-0.0462963333333341,0.1366666666666667,19.66,19.85533333333333,18.271604934444447,19.68111111111111,5.9902635,5.9833484,5.9444003,5.9738564,5.98289,0,4.0,0,0.0,-1.06,28.5,71.5
2023-02-15 16:15:00,36.085500905558,0.0,0.0,18.18333335,19.85533333333333,38.55,0,5.1764362714980825,70.66250196097344,16,2,2,-0.8660254037844385,-0.5000000000000004,0.9749279121818236,-0.2225209339563143,0.8660254037844386,0.5000000000000001,359.75,413.9375,482.9583333333333,20.65,48.15,53.5,46.0,5.175,6.6125655,0.0,16.9,18.14629631333333,38.5,38.35,38.0,38.0,38.96666666666667,1.671999983333329,-0.0425925566666656,0.0586666666666637,19.796666666666667,19.826666666666664,18.22716049888889,19.770666666666667,5.98289,5.9902635,5.9833484,5.9444003,6.0342636,0,4.0,0,0.0,-1.06,28.9,71.1
2023-02-15 16:30:00,44.09795826111,0.0,0.0,18.14629631333333,19.826666666666664,38.96666666666667,0,5.1764362714980825,70.66250196097344,16,2,2,-0.8660254037844385,-0.5000000000000004,0.9749279121818236,-0.2225209339563143,0.8660254037844386,0.5000000000000001,318.5,377.8125,465.7083333333333,19.9,47.7,53.0,47.0,5.35,6.715881,0.0,16.8,18.1111111,38.55,38.5,38.35,38.0,39.0,1.6803703533333303,-0.0370370366666676,-0.0286666666666661,19.85533333333333,19.890666666666668,18.18518519,19.826222222222224,6.0342636,5.98289,5.9902635,5.9833484,6.0268106,0,4.0,0,0.0,-1.07,29.2,70.8
2023-02-15 16:45:00,44.168233183334,0.0,0.0,18.1111111,19.890666666666668,39.0,0,5.1764362714980825,70.66250196097344,16,2,2,-0.8660254037844385,-0.5000000000000004,0.9749279121818236,-0.2225209339563143,0.8660254037844386,0.5000000000000001,277.25,339.125,445.4583333333333,19.15,47.25,52.5,48.0,5.525,6.817689,0.0,16.700000000000003,18.09074075,38.96666666666667,38.55,38.5,38.35,38.81666666666667,1.7795555666666694,-0.0351852133333352,0.0640000000000036,19.826666666666664,19.97266666666667,18.146913587777775,19.857555555555557,6.0268106,6.0342636,5.98289,5.9902635,5.991223,0,4.0,0,0.0,-1.08,29.6,70.4
2023-02-15 17:00:00,48.261402766668,0.0,0.0,18.09074075,19.97266666666667,38.81666666666667,0,5.1764362714980825,70.66250196097344,17,2,2,-0.9659258262890684,-0.2588190451025206,0.9749279121818236,-0.2225209339563143,0.8660254037844386,0.5000000000000001,236.0,297.875,422.2083333333333,18.4,46.8,52.0,49.0,5.7,6.918005,0.0,16.6,18.0555556,39.0,38.96666666666667,38.55,38.5,38.55,1.8819259166666669,-0.0203703499999967,0.0820000000000007,19.890666666666668,19.57333333333333,18.116049387777775,19.896666666666665,5.991223,6.0268106,6.0342636,5.98289,5.937629,0,4.0,0,0.0,-1.08,29.8,70.2
2023-02-15 17:15:00,41.242239044448,0.0,0.0,18.0555556,19.57333333333333,38.55,0,5.1764362714980825,70.66250196097344,17,2,2,-0.9659258262890684,-0.2588190451025206,0.9749279121818236,-0.2225209339563143,0.8660254037844386,0.5000000000000001,203.0,258.6875,396.0,18.275,45.0,39.5,49.5,5.675,6.9049635,0.0,16.400000000000002,18.03518521333333,38.81666666666667,39.0,38.96666666666667,38.55,38.78333333333333,1.5177777333333324,-0.0351851500000002,-0.3993333333333346,19.97266666666667,19.080666666666666,18.08580248333333,19.812222222222225,5.937629,5.991223,6.0268106,6.0342636,5.9663363,0,4.0,0,0.0,-1.09,30.3,69.7
2023-02-15 17:30:00,38.920665261114,0.0,0.0,18.03518521333333,19.080666666666666,38.78333333333333,0,5.1764362714980825,70.66250196097344,17,2,2,-0.9659258262890684,-0.2588190451025206,0.9749279121818236,-0.2225209339563143,0.8660254037844386,0.5000000000000001,170.0,221.5625,366.8333333333333,18.15,43.2,27.0,50.0,5.65,6.8911123,0.0,16.200000000000003,17.961111080000002,38.55,38.81666666666667,39.0,38.96666666666667,38.5,1.045481453333334,-0.02037038666667,-0.4926666666666683,19.57333333333333,19.156,18.060493854444445,19.542222222222225,5.9663363,5.937629,5.991223,6.0268106,5.896708,0,4.0,0,0.0,-1.1,30.4,69.6
2023-02-15 17:45:00,35.203869555556,0.0,0.0,17.961111080000002,19.156,38.5,0,5.1764362714980825,70.66250196097344,17,2,2,-0.9659258262890684,-0.2588190451025206,0.9749279121818236,-0.2225209339563143,0.8660254037844386,0.5000000000000001,137.0,186.5,334.7083333333333,18.025,41.4,14.5,50.5,5.625,6.8764687,0.0,16.0,17.924074049999998,38.78333333333333,38.55,38.81666666666667,39.0,38.5,1.1948889199999968,-0.0740741333333296,0.075333333333333,19.080666666666666,19.21933333333333,18.017283964444445,19.27,5.896708,5.9663363,5.937629,5.991223,5.8837256,0,4.0,0,0.0,-1.12,31.3,68.7
2023-02-15 18:00:00,55.00002216111,0.0,0.0,17.924074049999998,19.21933333333333,38.5,0,5.1764362714980825,70.66250196097344,18,2,2,-1.0,-1.8369701987210294e-16,0.9749279121818236,-0.2225209339563143,0.8660254037844386,0.5000000000000001,104.0,153.5,299.625,17.9,39.6,2.0,51.0,5.6,6.861054,0.0,15.8,17.8888889,38.5,38.78333333333333,38.55,38.81666666666667,38.5,1.295259283333337,-0.037037030000004,0.0633333333333361,19.156,18.981333333333332,17.97345678111111,19.152,5.8837256,5.896708,5.9663363,5.937629,5.871415,0,4.0,0,0.0,-1.13,31.7,68.3
2023-02-15 18:15:00,40.8441995,0.0,0.0,17.8888889,18.981333333333332,38.5,0,5.1764362714980825,70.66250196097344,18,2,2,-1.0,-1.8369701987210294e-16,0.9749279121818236,-0.2225209339563143,0.8660254037844386,0.5000000000000001,81.0,123.0,265.2083333333333,17.425,39.05,3.0,52.25,5.449999999999999,6.8192463,0.0,15.3,17.868518513333335,38.5,38.5,38.78333333333333,38.55,38.5,1.092444433333334,-0.0351851499999966,-0.2379999999999995,19.21933333333333,18.76333333333333,17.924691343333336,19.118888888888893,5.871415,5.8837256,5.896708,5.9663363,5.8642964,0,4.0,0,0.0,-1.13,32.1,67.9
2023-02-15 18:30:00,304.43171116111,0.0,0.0,17.868518513333335,18.76333333333333,38.5,0,5.1764362714980825,70.66250196097344,18,2,2,-1.0,-1.8369701987210294e-16,0.9749279121818236,-0.2225209339563143,0.8660254037844386,0.5000000000000001,58.0,95.0,231.45833333333331,16.95,38.5,4.0,53.5,5.3,6.7729945,0.0,14.8,17.87777777,38.5,38.5,38.5,38.78333333333333,40.15,0.894814819999997,-0.0203703866666664,-0.2180000000000035,18.981333333333332,18.526666666666664,17.89382715444445,18.988000000000003,5.8642964,5.871415,5.8837256,5.896708,6.118997,0,4.0,0,0.0,-1.14,32.3,67.7
2023-02-15 18:45:00,1071.012435588888,0.0,0.0,17.87777777,18.526666666666664,40.15,0,5.1764362714980825,70.66250196097344,18,2,2,-1.0,-1.8369701987210294e-16,0.9749279121818236,-0.2225209339563143,0.8660254037844386,0.5000000000000001,35.0,69.5,198.375,16.475,37.95,5.0,54.75,5.15,6.722566,0.0,14.3,17.981481473333336,38.5,38.5,38.5,38.5,43.016666666666666,0.6488888966666622,0.0092592566666667,-0.2366666666666681,18.76333333333333,17.29866666666667,17.87839506111111,18.75711111111111,6.118997,5.8642964,5.871415,5.8837256,6.596478,0,4.0,0,0.0,-1.13,31.8,68.2
2023-02-15 19:00:00,179.51670804444,0.0,0.0,17.981481473333336,17.29866666666667,43.016666666666666,0,5.1764362714980825,70.66250196097344,19,2,2,-0.9659258262890684,0.2588190451025203,0.9749279121818236,-0.2225209339563143,0.8660254037844386,0.5000000000000001,12.0,46.5,165.95833333333334,16.0,37.4,6.0,56.0,5.0,6.668217,0.0,13.8,18.09444445,40.15,38.5,38.5,38.5,43.15,-0.6828148066666664,0.1037037033333341,-1.2279999999999944,18.526666666666664,16.44066666666667,17.909259252222224,18.19622222222222,6.596478,6.118997,5.8642964,5.871415,6.661523,0,4.0,0,0.0,-1.09,30.0,70.0
2023-02-15 19:15:00,573.8348234722221,0.0,0.0,18.09444445,16.44066666666667,43.15,0,5.1764362714980825,70.66250196097344,19,2,2,-0.9659258262890684,0.2588190451025203,0.9749279121818236,-0.2225209339563143,0.8660254037844386,0.5000000000000001,9.0,28.5,136.72916666666666,16.225,37.4,4.5,57.5,5.175,6.7422495,0.0,13.55,18.1111111,43.016666666666666,40.15,38.5,38.5,43.0,-1.6537777833333325,0.1129629766666653,-0.8580000000000005,17.29866666666667,15.933333333333334,17.98456789777778,17.422,6.661523,6.596478,6.118997,5.8642964,6.6449456,0,4.0,0,0.0,-1.06,28.8,71.2
2023-02-15 19:30:00,557.910182799996,0.0,0.0,18.1111111,15.933333333333334,43.0,0,5.1764362714980825,70.66250196097344,19,2,2,-0.9659258262890684,0.2588190451025203,0.9749279121818236,-0.2225209339563143,0.8660254037844386,0.5000000000000001,6.0,15.5,110.6875,16.45,37.4,3.0,59.0,5.35,6.8122535,0.0,13.3,18.1111111,43.15,43.016666666666666,40.15,38.5,42.6,-2.177777766666665,0.0166666499999976,-0.5073333333333352,16.44066666666667,15.639333333333331,18.062345674444447,16.557555555555556,6.6449456,6.661523,6.596478,6.118997,6.583132,0,4.0,0,0.0,-1.06,28.7,71.3
2023-02-15 19:45:00,185.282310761106,0.0,0.0,18.1111111,15.639333333333331,42.6,0,5.1764362714980825,70.66250196097344,19,2,2,-0.9659258262890684,0.2588190451025203,0.9749279121818236,-0.2225209339563143,0.8660254037844386,0.5000000000000001,3.0,7.5,87.83333333333333,16.674999999999997,37.4,1.5,60.5,5.525,6.8783245,0.0,13.05,18.1111111,43.0,43.15,43.016666666666666,40.15,41.85,-2.4717777666666656,0.0,-0.2940000000000005,15.933333333333334,15.524,18.10555555,16.004444444444445,6.583132,6.6449456,6.661523,6.596478,6.4672313,0,4.0,0,0.0,-1.06,28.8,71.2
2023-02-15 20:00:00,200.58530968333,0.0,0.0,18.1111111,15.524,41.85,0,5.1764362714980825,70.66250196097344,20,2,2,-0.8660254037844386,0.5000000000000001,0.9749279121818236,-0.2225209339563143,0.8660254037844386,0.5000000000000001,0.0,4.5,68.16666666666667,16.9,37.4,0.0,62.0,5.7,6.9405518,0.0,12.8,18.1111111,42.6,43.0,43.15,43.016666666666666,41.45,-2.5871110999999978,0.0,-0.1153333333333321,15.639333333333331,15.324666666666667,18.1111111,15.69888888888889,6.4672313,6.583132,6.6449456,6.661523,6.4054184,0,4.0,0,0.0,-1.07,28.9,71.1
2023-02-15 20:15:00,197.909861138886,0.0,0.0,18.1111111,15.324666666666667,41.45,0,5.1764362714980825,70.66250196097344,20,2,2,-0.8660254037844386,0.5000000000000001,0.9749279121818236,-0.2225209339563143,0.8660254037844386,0.5000000000000001,0.0,2.25,51.25,15.45,35.975,6.5,63.5,5.45,6.837604,0.0,12.175,18.1111111,41.85,42.6,43.0,43.15,41.03333333333333,-2.786444433333332,0.0,-0.1993333333333335,15.524,15.106,18.1111111,15.496000000000002,6.4054184,6.4672313,6.583132,6.6449456,6.341029,0,4.0,0,0.0,-1.07,29.0,71.0
2023-02-15 20:30:00,210.898785994442,0.0,0.0,18.1111111,15.106,41.03333333333333,0,5.1764362714980825,70.66250196097344,20,2,2,-0.8660254037844386,0.5000000000000001,0.9749279121818236,-0.2225209339563143,0.8660254037844386,0.5000000000000001,0.0,0.75,37.083333333333336,14.0,34.55,13.0,65.0,5.2,6.7311044,0.0,11.55,18.1111111,41.45,41.85,42.6,43.0,40.95,-3.005111099999999,0.0,-0.2186666666666674,15.324666666666667,14.966,18.1111111,15.318222222222223,6.341029,6.4054184,6.4672313,6.583132,6.3281517,0,4.0,0,0.0,-1.07,29.1,70.9
2023-02-15 20:45:00,195.626063627774,0.0,0.0,18.1111111,14.966,40.95,0,5.1764362714980825,70.66250196097344,20,2,2,-0.8660254037844386,0.5000000000000001,0.9749279121818236,-0.2225209339563143,0.8660254037844386,0.5000000000000001,0.0,0.0,25.666666666666668,12.55,33.125,19.5,66.5,4.95,6.621425,0.0,10.925,18.1111111,41.03333333333333,41.45,41.85,42.6,40.53333333333333,-3.1451110999999976,0.0,-0.1399999999999988,15.106,14.821333333333332,18.1111111,15.132222222222223,6.3281517,6.341029,6.4054184,6.4672313,6.2637625,0,4.0,0,0.0,-1.07,29.1,70.9
2023-02-15 21:00:00,854.085557527774,0.0,0.0,18.1111111,14.821333333333332,40.53333333333333,0,5.1764362714980825,70.66250196097344,21,2,2,-0.7071067811865477,0.7071067811865474,0.9749279121818236,-0.2225209339563143,0.8660254037844386,0.5000000000000001,0.0,0.0,17.0,11.1,31.7,26.0,68.0,4.7,6.508921,0.0,10.3,18.07222225,40.95,41.03333333333333,41.45,41.85,40.1,-3.289777766666665,0.0,-0.1446666666666676,14.966,14.745333333333331,18.1111111,14.964444444444446,6.2637625,6.3281517,6.341029,6.4054184,6.1824884,0,4.0,0,0.0,-1.07,29.2,70.8
2023-02-15 21:15:00,381.776950694438,0.0,0.0,18.07222225,14.745333333333331,40.1,0,5.1764362714980825,70.66250196097344,21,2,2,-0.7071067811865477,0.7071067811865474,0.9749279121818236,-0.2225209339563143,0.8660254037844386,0.5000000000000001,0.0,0.0,10.25,11.575,30.075,19.5,68.0,4.55,6.447406,0.0,10.15,18.0555556,40.53333333333333,40.95,41.03333333333333,41.45,39.53333333333333,-3.3268889166666664,-0.0388888499999993,-0.0760000000000005,14.821333333333332,14.664666666666667,18.09814815,14.844222222222225,6.1824884,6.2637625,6.3281517,6.341029,6.0890865,0,4.0,0,0.0,-1.08,29.7,70.3
2023-02-15 21:30:00,139.648858372218,0.0,0.0,18.0555556,14.664666666666667,39.53333333333333,0,5.1764362714980825,70.66250196097344,21,2,2,-0.7071067811865477,0.7071067811865474,0.9749279121818236,-0.2225209339563143,0.8660254037844386,0.5000000000000001,0.0,0.0,5.416666666666667,12.05,28.45,13.0,68.0,4.4,6.3863955,0.0,10.0,18.0555556,40.1,40.53333333333333,40.95,41.03333333333333,39.5,-3.3908889333333345,-0.0166666499999976,-0.0806666666666657,14.745333333333331,14.579333333333333,18.07962965,14.74377777777778,6.0890865,6.1824884,6.2637625,6.3281517,6.0839524,0,4.0,0,0.0,-1.09,30.0,70.0
2023-02-15 21:45:00,140.77186890000002,0.0,0.0,18.0555556,14.579333333333333,39.5,0,5.1764362714980825,70.66250196097344,21,2,2,-0.7071067811865477,0.7071067811865474,0.9749279121818236,-0.2225209339563143,0.8660254037844386,0.5000000000000001,0.0,0.0,2.5,12.525,26.825,6.5,68.0,4.25,6.325891,0.0,9.85,18.0555556,39.53333333333333,40.1,40.53333333333333,40.95,39.5,-3.476222266666669,0.0,-0.0853333333333346,14.664666666666667,14.456,18.06111115,14.663111111111112,6.0839524,6.0890865,6.1824884,6.2637625,6.0839524,0,4.0,0,0.0,-1.09,30.0,70.0
2023-02-15 22:00:00,144.103402333332,0.0,0.0,18.0555556,14.456,39.5,0,5.1764362714980825,70.66250196097344,22,2,2,-0.5000000000000004,0.8660254037844384,0.9749279121818236,-0.2225209339563143,0.8660254037844386,0.5000000000000001,0.0,0.0,1.5,13.0,25.2,0.0,68.0,4.1,6.265886,0.0,9.7,18.0555556,39.5,39.53333333333333,40.1,40.53333333333333,39.5,-3.599555600000002,0.0,-0.123333333333333,14.579333333333333,14.310666666666666,18.0555556,14.566666666666668,6.0839524,6.0839524,6.0890865,6.1824884,6.0839524,0,4.0,0,0.0,-1.09,30.0,70.0
2023-02-15 22:15:00,133.019401294442,0.0,0.0,18.0555556,14.310666666666666,39.5,0,5.1764362714980825,70.66250196097344,22,2,2,-0.5000000000000004,0.8660254037844384,0.9749279121818236,-0.2225209339563143,0.8660254037844386,0.5000000000000001,0.0,0.0,0.75,13.75,26.375,0.0,68.25,4.025,6.249049,0.0,9.6,18.0555556,39.5,39.5,39.53333333333333,40.1,39.31666666666667,-3.744888933333336,0.0,-0.1453333333333333,14.456,14.116666666666667,18.0555556,14.448666666666668,6.0839524,6.0839524,6.0839524,6.0890865,6.055714,0,4.0,0,0.0,-1.09,30.0,70.0
2023-02-15 22:30:00,133.02606766111,0.0,0.0,18.0555556,14.116666666666667,39.31666666666667,0,5.1764362714980825,70.66250196097344,22,2,2,-0.5000000000000004,0.8660254037844384,0.9749279121818236,-0.2225209339563143,0.8660254037844386,0.5000000000000001,0.0,0.0,0.25,14.5,27.55,0.0,68.5,3.95,6.232143,0.0,9.5,18.0555556,39.5,39.5,39.5,39.53333333333333,39.0,-3.938888933333335,0.0,-0.193999999999999,14.310666666666666,13.898,18.0555556,14.294444444444446,6.055714,6.0839524,6.0839524,6.0839524,6.00694,0,4.0,0,0.0,-1.09,30.1,69.9
2023-02-15 22:45:00,155.31434267778,0.0,0.0,18.0555556,13.898,39.0,0,5.1764362714980825,70.66250196097344,22,2,2,-0.5000000000000004,0.8660254037844384,0.9749279121818236,-0.2225209339563143,0.8660254037844386,0.5000000000000001,0.0,0.0,0.0,15.25,28.725,0.0,68.75,3.875,6.215166,0.0,9.4,18.03518521333333,39.31666666666667,39.5,39.5,39.5,38.81666666666667,-4.157555600000002,0.0,-0.2186666666666674,14.116666666666667,13.624,18.0555556,14.108444444444444,6.00694,6.055714,6.0839524,6.0839524,5.9714646,0,4.0,0,0.0,-1.09,30.2,69.8
2023-02-15 23:00:00,136.33926846111,0.0,0.0,18.03518521333333,13.624,38.81666666666667,0,5.1764362714980825,70.66250196097344,23,2,2,-0.2588190451025215,0.965925826289068,0.9749279121818236,-0.2225209339563143,0.8660254037844386,0.5000000000000001,0.0,0.0,0.0,16.0,29.9,0.0,69.0,3.8,6.198122,0.0,9.3,18.0,39.0,39.31666666666667,39.5,39.5,38.5,-4.411185213333331,-0.02037038666667,-0.2739999999999991,13.898,13.176666666666668,18.048765471111118,13.879555555555555,5.9714646,6.00694,6.055714,6.0839524,5.9103675,0,4.0,0,0.0,-1.1,30.4,69.6
2023-02-15 23:15:00,124.410579061106,0.0,0.0,18.0,13.176666666666668,38.5,0,5.1764362714980825,70.66250196097344,23,2,2,-0.2588190451025215,0.965925826289068,0.9749279121818236,-0.2225209339563143,0.8660254037844386,0.5000000000000001,0.0,0.0,0.0,17.375,33.775,0.0,65.5,3.4,6.035523,0.0,9.7,18.0,38.81666666666667,39.0,39.31666666666667,39.5,38.5,-4.823333333333332,-0.0351852133333316,-0.4473333333333329,13.624,11.018666666666666,18.03024693777778,13.566222222222224,5.9103675,5.9714646,6.00694,6.055714,5.9103675,0,4.0,0,0.0,-1.11,30.9,69.1
2023-02-15 23:30:00,75.825022494442,0.0,0.0,18.0,11.018666666666666,38.5,0,5.1764362714980825,70.66250196097344,23,2,2,-0.2588190451025215,0.965925826289068,0.9749279121818236,-0.2225209339563143,0.8660254037844386,0.5000000000000001,0.0,0.0,0.0,18.75,37.65,0.0,62.0,3.0,5.859923,0.0,10.1,17.99444444,38.5,38.81666666666667,39.0,39.31666666666667,38.5,-6.981333333333334,0.0,-2.1580000000000013,13.176666666666668,9.954666666666666,18.011728404444444,12.606444444444447,5.9103675,5.9103675,5.9714646,6.00694,5.9084144,0,4.0,0,0.0,-1.11,30.9,69.1
2023-02-15 23:45:00,79.382657933332,0.0,0.0,17.99444444,9.954666666666666,38.5,0,5.1764362714980825,70.66250196097344,23,2,2,-0.2588190451025215,0.965925826289068,0.9749279121818236,-0.2225209339563143,0.8660254037844386,0.5000000000000001,0.0,0.0,0.0,20.125,41.525,0.0,58.5,2.6,5.6708336,0.0,10.5,17.948148106666665,38.5,38.5,38.81666666666667,39.0,38.5,-8.039777773333332,-0.0055555600000012,-1.064,11.018666666666666,9.624,17.998148146666665,11.383333333333336,5.9084144,5.9103675,5.9103675,5.9714646,5.892162,0,4.0,0,0.0,-1.11,30.9,69.1
2023-02-16 00:00:00,75.56114409999999,0.0,0.0,17.948148106666665,9.624,38.5,0,5.1764362714980825,70.66250196097344,0,3,2,0.0,1.0,0.4338837391175582,-0.900968867902419,0.8660254037844386,0.5000000000000001,0.0,0.0,0.0,21.5,45.4,0.0,55.0,2.2,5.467755,0.0,10.9,17.93888885,38.5,38.5,38.5,38.81666666666667,38.15,-8.324148106666666,-0.0462963333333341,-0.3306666666666675,9.954666666666666,9.516,17.98086418222222,10.199111111111112,5.892162,5.9084144,5.9103675,5.9103675,5.83538,0,4.0,0,0.0,-1.12,31.4,68.6
2023-02-16 00:15:00,70.778279938886,0.0,0.0,17.93888885,9.516,38.15,0,5.1764362714980825,70.66250196097344,0,3,2,0.0,1.0,0.4338837391175582,-0.900968867902419,0.8660254037844386,0.5000000000000001,0.0,0.0,0.0,19.325,45.2,0.0,57.5,2.2,5.503867,0.0,10.3,17.8925926,38.5,38.5,38.5,38.5,38.0,-8.422888850000001,-0.0092592566666631,-0.1079999999999987,9.624,9.356666666666666,17.960493798888887,9.698222222222222,5.83538,5.892162,5.9084144,5.9103675,5.796441,0,4.0,0,0.0,-1.12,31.6,68.4
2023-02-16 00:30:00,68.003113116666,0.0,0.0,17.8925926,9.356666666666666,38.0,0,5.1764362714980825,70.66250196097344,0,3,2,0.0,1.0,0.4338837391175582,-0.900968867902419,0.8660254037844386,0.5000000000000001,0.0,0.0,0.0,17.15,45.0,0.0,60.0,2.2,5.5287232,0.0,9.7,17.84999998,38.15,38.5,38.5,38.5,38.0,-8.535925933333335,-0.046296250000001,-0.1593333333333344,9.516,9.263333333333332,17.926543185555555,9.49888888888889,5.796441,5.83538,5.892162,5.9084144,5.781758,0,4.0,0,0.0,-1.14,32.1,67.9
2023-02-16 00:45:00,69.46833232222001,0.0,0.0,17.84999998,9.263333333333332,38.0,0,5.1764362714980825,70.66250196097344,0,3,2,0.0,1.0,0.4338837391175582,-0.900968867902419,0.8660254037844386,0.5000000000000001,0.0,0.0,0.0,14.975,44.8,0.0,62.5,2.2,5.5430164,0.0,9.1,17.81296295,38.0,38.15,38.5,38.5,38.0,-8.586666646666668,-0.0425926200000006,-0.0933333333333337,9.356666666666666,9.120666666666668,17.893827143333336,9.378666666666668,5.781758,5.796441,5.83538,5.892162,5.7690167,0,4.0,0,0.0,-1.15,32.6,67.4
2023-02-16 01:00:00,80.598442699996,0.0,0.0,17.81296295,9.120666666666668,38.0,0,5.1764362714980825,70.66250196097344,1,3,2,0.2588190451025207,0.9659258262890684,0.4338837391175582,-0.900968867902419,0.8660254037844386,0.5000000000000001,0.0,0.0,0.0,12.8,44.6,0.0,65.0,2.2,5.547413,0.0,8.5,17.7777778,38.0,38.0,38.15,38.5,38.0,-8.692296283333333,-0.0370370300000004,-0.1426666666666651,9.263333333333332,8.944666666666668,17.851851843333336,9.24688888888889,5.7690167,5.781758,5.796441,5.83538,5.7569356,0,4.0,0,0.0,-1.15,33.1,66.9
2023-02-16 01:15:00,418.371597816666,0.0,0.0,17.7777778,8.944666666666668,38.0,0,5.1764362714980825,70.66250196097344,1,3,2,0.2588190451025207,0.9659258262890684,0.4338837391175582,-0.900968867902419,0.8660254037844386,0.5000000000000001,0.0,0.0,0.0,12.05,39.85,0.0,68.75,2.225,5.581767,0.0,7.725,17.7777778,38.0,38.0,38.0,38.15,37.81666666666667,-8.83311113333333,-0.0351851500000002,-0.1759999999999983,9.120666666666668,8.814,17.813580243333334,9.109555555555556,5.7569356,5.7690167,5.781758,5.796441,5.729161,0,4.0,0,0.0,-1.16,33.5,66.5
2023-02-16 01:30:00,62.93609362222,0.0,0.0,17.7777778,8.814,37.81666666666667,0,5.1764362714980825,70.66250196097344,1,3,2,0.2588190451025207,0.9659258262890684,0.4338837391175582,-0.900968867902419,0.8660254037844386,0.5000000000000001,0.0,0.0,0.0,11.3,35.1,0.0,72.5,2.25,5.5978417,0.0,6.95,17.73333333,38.0,38.0,38.0,38.0,37.5,-8.963777799999999,0.0,-0.1306666666666682,8.944666666666668,8.670666666666667,17.789506183333334,8.95977777777778,5.729161,5.7569356,5.7690167,5.781758,5.666157,0,4.0,0,0.0,-1.16,33.5,66.5
2023-02-16 01:45:00,66.218184450002,0.0,0.0,17.73333333,8.670666666666667,37.5,0,5.1764362714980825,70.66250196097344,1,3,2,0.2588190451025207,0.9659258262890684,0.4338837391175582,-0.900968867902419,0.8660254037844386,0.5000000000000001,0.0,0.0,0.0,10.55,30.35,0.0,76.25,2.275,5.5971437,0.0,6.175000000000001,17.670370400000003,37.81666666666667,38.0,38.0,38.0,37.5,-9.062666663333331,-0.0444444699999984,-0.1433333333333326,8.814,8.530666666666667,17.762962976666667,8.80977777777778,5.666157,5.729161,5.7569356,5.7690167,5.6449246,0,4.0,0,0.0,-1.18,34.1,65.9
2023-02-16 02:00:00,68.193938766668,0.0,0.0,17.670370400000003,8.530666666666667,37.5,0,5.1764362714980825,70.66250196097344,2,3,2,0.4999999999999999,0.8660254037844387,0.4338837391175582,-0.900968867902419,0.8660254037844386,0.5000000000000001,0.0,0.0,0.0,9.8,25.6,0.0,80.0,2.3,5.5810986,0.0,5.4,17.66111114,37.5,37.81666666666667,38.0,38.0,37.5,-9.139703733333336,-0.0629629299999976,-0.1400000000000005,8.670666666666667,8.428,17.72716051,8.671777777777779,5.6449246,5.666157,5.729161,5.7569356,5.6418095,0,4.0,0,0.0,-1.19,34.8,65.2
2023-02-16 02:15:00,43.264102516674,0.0,0.0,17.66111114,8.428,37.5,0,5.1764362714980825,70.66250196097344,2,3,2,0.4999999999999999,0.8660254037844387,0.4338837391175582,-0.900968867902419,0.8660254037844386,0.5000000000000001,0.0,0.0,0.0,9.7,23.525,0.5,81.0,2.2,5.5584846,0.0,5.15,17.59444445666667,37.5,37.5,37.81666666666667,38.0,37.5,-9.233111139999998,-0.0092592600000038,-0.102666666666666,8.530666666666667,8.324,17.688271623333335,8.543111111111111,5.6418095,5.6449246,5.666157,5.729161,5.6194124,0,4.0,0,0.0,-1.19,34.9,65.1
2023-02-16 02:30:00,42.516910288892,0.0,0.0,17.59444445666667,8.324,37.5,0,5.1764362714980825,70.66250196097344,2,3,2,0.4999999999999999,0.8660254037844387,0.4338837391175582,-0.900968867902419,0.8660254037844386,0.5000000000000001,0.0,0.0,0.0,9.6,21.450000000000003,1.0,82.0,2.1,5.5349293,0.0,4.9,17.55000004,37.5,37.5,37.5,37.81666666666667,37.5,-9.270444456666668,-0.0666666833333309,-0.1040000000000009,8.428,8.16,17.641975332222227,8.427555555555557,5.6194124,5.6418095,5.6449246,5.666157,5.604526,0,4.0,0,0.0,-1.21,35.7,64.3
2023-02-16 02:45:00,51.385444549998,0.0,0.0,17.55000004,8.16,37.5,0,5.1764362714980825,70.66250196097344,2,3,2,0.4999999999999999,0.8660254037844387,0.4338837391175582,-0.900968867902419,0.8660254037844386,0.5000000000000001,0.0,0.0,0.0,9.5,19.375,1.5,83.0,2.0,5.5104666,0.0,4.65,17.48333332,37.5,37.5,37.5,37.5,37.5,-9.39000004,-0.0444444166666677,-0.1639999999999997,8.324,7.986000000000001,17.60185187888889,8.304,5.604526,5.6194124,5.6418095,5.6449246,5.582259,0,4.0,0,0.0,-1.22,36.2,63.8
2023-02-16 03:00:00,53.939508950002,0.0,0.0,17.48333332,7.986000000000001,37.5,0,5.1764362714980825,70.66250196097344,3,3,2,0.7071067811865476,0.7071067811865476,0.4338837391175582,-0.900968867902419,0.8660254037844386,0.5000000000000001,0.0,0.0,0.0,9.4,17.3,2.0,84.0,1.9,5.4851255,0.0,4.4,17.47777776,37.5,37.5,37.5,37.5,37.5,-9.49733332,-0.0666667200000006,-0.1739999999999995,8.16,7.745999999999999,17.54259260555556,8.156666666666668,5.582259,5.604526,5.6194124,5.6418095,5.580407,0,4.0,0,0.0,-1.24,37.0,63.0
2023-02-16 03:15:00,48.50055981667,0.0,0.0,17.47777776,7.745999999999999,37.5,0,5.1764362714980825,70.66250196097344,3,3,2,0.7071067811865476,0.7071067811865476,0.4338837391175582,-0.900968867902419,0.8660254037844386,0.5000000000000001,0.0,0.0,0.0,9.475,16.925,5.0,84.5,1.825,5.4630485,0.0,4.25,17.448148106666665,37.5,37.5,37.5,37.5,37.5,-9.73177776,-0.0055555600000012,-0.2400000000000011,7.986000000000001,7.614000000000001,17.503703706666666,7.964000000000001,5.580407,5.582259,5.604526,5.6194124,5.570538,0,4.0,0,0.0,-1.24,37.1,62.9
2023-02-16 03:30:00,51.914867705558,0.0,0.0,17.448148106666665,7.614000000000001,37.5,0,5.1764362714980825,70.66250196097344,3,3,2,0.7071067811865476,0.7071067811865476,0.4338837391175582,-0.900968867902419,0.8660254037844386,0.5000000000000001,0.0,0.0,0.0,9.55,16.55,8.0,85.0,1.75,5.440801,0.0,4.1,17.40555555,37.5,37.5,37.5,37.5,37.5,-9.834148106666664,-0.029629653333334,-0.1319999999999987,7.745999999999999,7.526666666666667,17.46975306222222,7.782000000000001,5.570538,5.580407,5.582259,5.604526,5.556379,0,4.0,0,0.0,-1.24,37.5,62.5
2023-02-16 03:45:00,42.330528827782,0.0,0.0,17.40555555,7.526666666666667,37.5,0,5.1764362714980825,70.66250196097344,3,3,2,0.7071067811865476,0.7071067811865476,0.4338837391175582,-0.900968867902419,0.8660254037844386,0.5000000000000001,0.0,0.0,0.0,9.625,16.175,11.0,85.5,1.675,5.41839,0.0,3.95,17.368518513333335,37.5,37.5,37.5,37.5,37.5,-9.878888883333332,-0.0425925566666656,-0.0873333333333334,7.614000000000001,7.430666666666667,17.44382713888889,7.62888888888889,5.556379,5.570538,5.580407,5.582259,5.544091,0,4.0,0,0.0,-1.26,38.0,62.0
2023-02-16 04:00:00,48.268902483334,0.0,0.0,17.368518513333335,7.430666666666667,37.5,0,5.1764362714980825,70.66250196097344,4,3,2,0.8660254037844386,0.5000000000000001,0.4338837391175582,-0.900968867902419,0.8660254037844386,0.5000000000000001,0.0,0.0,0.0,9.7,15.8,14.0,86.0,1.6,5.3958197,0.0,3.8,17.32777775,37.5,37.5,37.5,37.5,37.5,-9.937851846666668,-0.0370370366666641,-0.096,7.526666666666667,7.35,17.40740739,7.52377777777778,5.544091,5.556379,5.570538,5.580407,5.5306015,0,4.0,0,0.0,-1.26,38.4,61.6
2023-02-16 04:15:00,63.80272553889,0.0,0.0,17.32777775,7.35,37.5,0,5.1764362714980825,70.66250196097344,4,3,2,0.8660254037844386,0.5000000000000001,0.4338837391175582,-0.900968867902419,0.8660254037844386,0.5000000000000001,0.0,0.0,0.0,9.85,16.25,11.25,86.75,1.65,5.41569,0.0,3.725,17.281481499999998,37.5,37.5,37.5,37.5,37.68333333333333,-9.97777775,-0.0407407633333356,-0.0806666666666675,7.430666666666667,7.296666666666667,17.36728393777778,7.43577777777778,5.5306015,5.544091,5.556379,5.570538,5.542272,0,4.0,0,0.0,-1.27,38.9,61.1
2023-02-16 04:30:00,41.694165450002,0.0,0.0,17.281481499999998,7.296666666666667,37.68333333333333,0,5.1764362714980825,70.66250196097344,4,3,2,0.8660254037844386,0.5000000000000001,0.4338837391175582,-0.900968867902419,0.8660254037844386,0.5000000000000001,0.0,0.0,0.0,10.0,16.700000000000003,8.5,87.5,1.7000000000000002,5.4352107,0.0,3.65,17.2777778,37.5,37.5,37.5,37.5,38.0,-9.984814833333331,-0.046296250000001,-0.0533333333333327,7.35,7.3066666666666675,17.32592592111111,7.359111111111113,5.542272,5.5306015,5.544091,5.556379,5.5876074,0,4.0,0,0.0,-1.28,39.4,60.6
2023-02-16 04:45:00,41.556115588884005,0.0,0.0,17.2777778,7.3066666666666675,38.0,0,5.1764362714980825,70.66250196097344,4,3,2,0.8660254037844386,0.5000000000000001,0.4338837391175582,-0.900968867902419,0.8660254037844386,0.5000000000000001,0.0,0.0,0.0,10.15,17.150000000000002,5.75,88.25,1.75,5.4543834,0.0,3.575,17.257407413333333,37.68333333333333,37.5,37.5,37.5,38.0,-9.97111113333333,-0.003703699999999,0.0100000000000006,7.296666666666667,7.241333333333333,17.295679016666668,7.31777777777778,5.5876074,5.542272,5.5306015,5.544091,5.580802,0,4.0,0,0.0,-1.28,39.4,60.6
2023-02-16 05:00:00,49.843006233332,0.0,0.0,17.257407413333333,7.241333333333333,38.0,0,5.1764362714980825,70.66250196097344,5,3,2,0.9659258262890684,0.2588190451025207,0.4338837391175582,-0.900968867902419,0.8660254037844386,0.5000000000000001,0.0,0.0,0.0,10.3,17.6,3.0,89.0,1.8,5.473212,0.0,3.5,17.2222222,38.0,37.68333333333333,37.5,37.5,38.0,-10.01607408,-0.0203703866666664,-0.0653333333333341,7.3066666666666675,7.093999999999999,17.27222223777778,7.281555555555556,5.580802,5.5876074,5.542272,5.5306015,5.5690627,0,4.0,0,0.0,-1.29,39.7,60.3
2023-02-16 05:15:00,58.695429905554,0.0,0.0,17.2222222,7.093999999999999,38.0,0,5.1764362714980825,70.66250196097344,5,3,2,0.9659258262890684,0.2588190451025207,0.4338837391175582,-0.900968867902419,0.8660254037844386,0.5000000000000001,0.0,0.0,0.0,10.175,17.525000000000002,2.25,89.25,1.7,5.43374,0.0,3.35,17.2222222,38.0,38.0,37.68333333333333,37.5,38.0,-10.128222200000002,-0.0351852133333316,-0.1473333333333339,7.241333333333333,7.06,17.25246913777778,7.214000000000001,5.5690627,5.580802,5.5876074,5.542272,5.5690627,0,4.0,0,0.0,-1.3,40.1,59.9
2023-02-16 05:30:00,46.791461633332,0.0,0.0,17.2222222,7.06,38.0,0,5.1764362714980825,70.66250196097344,5,3,2,0.9659258262890684,0.2588190451025207,0.4338837391175582,-0.900968867902419,0.8660254037844386,0.5000000000000001,0.0,0.0,0.0,10.05,17.450000000000003,1.5,89.5,1.6,5.394444,0.0,3.2,17.18333335,38.0,38.0,38.0,37.68333333333333,37.7,-10.162222200000002,0.0,-0.0339999999999998,7.093999999999999,7.063333333333333,17.23395060444445,7.131777777777779,5.5690627,5.5690627,5.580802,5.5876074,5.51225,0,4.0,0,0.0,-1.3,40.1,59.9
2023-02-16 05:45:00,203.195205266664,13.555846644444,13.573901522220002,17.18333335,7.063333333333333,37.7,1,5.1764362714980825,70.66250196097344,5,3,2,0.9659258262890684,0.2588190451025207,0.4338837391175582,-0.900968867902419,0.8660254037844386,0.5000000000000001,0.0,0.0,0.0,9.925,17.375,0.75,89.75,1.5,5.3553233,0.0,3.05,17.248148173333334,38.0,38.0,38.0,38.0,38.333333333333336,-10.120000016666667,-0.0388888499999993,0.0033333333333329,7.06,7.1,17.209259250000002,7.072444444444446,5.51225,5.5690627,5.5690627,5.580802,5.626638,0,3.0,1,0.25,-1.31,40.7,59.3
2023-02-16 06:00:00,137.32061803889,93.578478894446,93.59820033889,17.248148173333334,7.1,38.333333333333336,2,5.1764362714980825,70.66250196097344,6,3,2,1.0,6.123233995736766e-17,0.4338837391175582,-0.900968867902419,0.8660254037844386,0.5000000000000001,0.0,0.0,0.0,9.8,17.3,0.0,90.0,1.4,5.316377,0.0,2.9,17.583333359999997,37.7,38.0,38.0,38.0,38.6,-10.148148173333334,0.0648148233333323,0.036666666666667,7.063333333333333,7.13,17.21790124111111,7.074444444444445,5.626638,5.51225,5.5690627,5.5690627,5.7804146,0,2.0,1,0.5,-1.29,39.7,60.3
2023-02-16 06:15:00,58.861534344444,0.0,0.0,17.583333359999997,7.13,38.6,0,5.1764362714980825,70.66250196097344,6,3,2,1.0,6.123233995736766e-17,0.4338837391175582,-0.900968867902419,0.8660254037844386,0.5000000000000001,0.0,0.0,0.0,10.15,17.825,5.75,90.75,1.325,5.2890067,0.0,2.7,17.625925963333334,38.333333333333336,37.7,38.0,38.0,38.03333333333333,-10.453333359999998,0.3351851866666635,0.0300000000000002,7.1,7.062666666666667,17.338271627777775,7.097777777777779,5.7804146,5.626638,5.51225,5.5690627,5.7100506,1,2.0,1,0.5,-1.21,35.6,64.4
2023-02-16 06:30:00,47.301996777776,0.0,0.0,17.625925963333334,7.062666666666667,38.03333333333333,0,5.1764362714980825,70.66250196097344,6,3,2,1.0,6.123233995736766e-17,0.4338837391175582,-0.900968867902419,0.8660254037844386,0.5000000000000001,0.0,0.0,0.0,10.5,18.35,11.5,91.5,1.25,5.261299,0.0,2.5,17.47777776,38.6,38.333333333333336,37.7,38.0,38.0,-10.563259296666669,0.0425926033333361,-0.067333333333333,7.13,6.992,17.48580249888889,7.097555555555556,5.7100506,5.7804146,5.626638,5.51225,5.6548123,0,2.0,0,0.5,-1.2,35.2,64.8
2023-02-16 06:45:00,42.136092172226,0.0,0.0,17.47777776,6.992,38.0,0,5.1764362714980825,70.66250196097344,6,3,2,1.0,6.123233995736766e-17,0.4338837391175582,-0.900968867902419,0.8660254037844386,0.5000000000000001,0.0,0.0,0.0,10.85,18.875,17.25,92.25,1.175,5.233267,0.0,2.3,17.46481478666667,38.03333333333333,38.6,38.333333333333336,37.7,38.0,-10.485777759999998,-0.148148203333335,-0.0706666666666668,7.062666666666667,6.930666666666667,17.562345694444446,7.0615555555555565,5.6548123,5.7100506,5.7804146,5.626638,5.650436,0,3.0,0,0.25,-1.24,37.0,63.0
2023-02-16 07:00:00,141.679054827778,109.524229972222,109.547562388888,17.46481478666667,6.930666666666667,38.0,2,5.1764362714980825,70.66250196097344,7,3,2,0.9659258262890684,-0.2588190451025206,0.4338837391175582,-0.900968867902419,0.8660254037844386,0.5000000000000001,0.0,0.0,0.0,11.2,19.4,23.0,93.0,1.1,5.204922,0.0,2.1,17.73333331,38.0,38.03333333333333,38.6,38.333333333333336,37.65,-10.53414812,-0.0129629733333302,-0.0613333333333327,6.992,6.9,17.522839503333334,6.995111111111112,5.650436,5.6548123,5.7100506,5.7804146,5.688822,0,3.0,1,0.25,-1.24,37.1,62.9
2023-02-16 07:15:00,370.827944105554,0.0,0.0,17.73333331,6.9,37.65,0,5.1764362714980825,70.66250196097344,7,3,2,0.9659258262890684,-0.2588190451025206,0.4338837391175582,-0.900968867902419,0.8660254037844386,0.5000000000000001,0.0,0.0,0.0,10.7,19.85,42.25,92.25,0.95,5.1454964,0.0,2.05,17.792592563333333,38.0,38.0,38.03333333333333,38.6,37.5,-10.83333331,0.2685185233333307,-0.0306666666666668,6.930666666666667,6.8580000000000005,17.558641952222224,6.94088888888889,5.688822,5.650436,5.6548123,5.7100506,5.686203,1,3.0,1,0.25,-1.18,34.1,65.9
2023-02-16 07:30:00,59.156244722224,0.0,0.0,17.792592563333333,6.8580000000000005,37.5,0,5.1764362714980825,70.66250196097344,7,3,2,0.9659258262890684,-0.2588190451025206,0.4338837391175582,-0.900968867902419,0.8660254037844386,0.5000000000000001,0.0,0.0,0.0,10.2,20.3,61.5,91.5,0.8,5.086406,0.0,2.0,17.638888880000003,37.65,38.0,38.0,38.03333333333333,37.5,-10.934592563333332,0.0592592533333338,-0.0419999999999998,6.9,6.923333333333334,17.66358022,6.896222222222224,5.686203,5.688822,5.650436,5.6548123,5.634335,0,3.0,0,0.25,-1.16,33.4,66.6
2023-02-16 07:45:00,39.038438466664,0.0,0.0,17.638888880000003,6.923333333333334,37.5,0,5.1764362714980825,70.66250196097344,7,3,2,0.9659258262890684,-0.2588190451025206,0.4338837391175582,-0.900968867902419,0.8660254037844386,0.5000000000000001,0.0,0.0,0.0,9.7,20.75,80.75,90.75,0.65,5.0276494,0.0,1.95,17.600000036666664,37.5,37.65,38.0,38.0,37.5,-10.71555554666667,-0.1537036833333296,0.0653333333333332,6.8580000000000005,6.918,17.721604917777782,6.893777777777779,5.634335,5.686203,5.688822,5.650436,5.6212764,0,3.0,0,0.25,-1.2,35.2,64.8
2023-02-16 08:00:00,141.592669350002,109.315904955556,109.340070688888,17.600000036666664,6.918,37.5,2,5.1764362714980825,70.66250196097344,8,3,2,0.8660254037844387,-0.4999999999999998,0.4338837391175582,-0.900968867902419,0.8660254037844386,0.5000000000000001,0.0,0.0,0.0,9.2,21.2,100.0,90.0,0.5,4.969225,0.0,1.9,17.85555554,37.5,37.5,37.65,38.0,37.15,-10.682000036666665,-0.0388888433333391,-0.0053333333333336,6.923333333333334,6.846,17.677160493333332,6.899777777777779,5.6212764,5.634335,5.686203,5.688822,5.6543,0,3.0,1,0.25,-1.21,35.6,64.4
2023-02-16 08:15:00,46.95312188333,0.0,0.0,17.85555554,6.846,37.15,0,5.1764362714980825,70.66250196097344,8,3,2,0.8660254037844387,-0.4999999999999998,0.4338837391175582,-0.900968867902419,0.8660254037844386,0.5000000000000001,11.5,2.875,0.9583333333333334,9.325,20.5,100.0,88.75,0.675,5.0347147,0.0,2.3,17.85185186333333,37.5,37.5,37.5,37.65,37.0,-11.00955554,0.255555503333337,-0.072,6.918,6.864000000000001,17.698148152222224,6.89577777777778,5.6543,5.6212764,5.634335,5.686203,5.6302276,1,3.0,1,0.25,-1.15,32.8,67.2
2023-02-16 08:30:00,46.362867711108,0.0,0.0,17.85185186333333,6.864000000000001,37.0,0,5.1764362714980825,70.66250196097344,8,3,2,0.8660254037844387,-0.4999999999999998,0.4338837391175582,-0.900968867902419,0.8660254037844386,0.5000000000000001,23.0,8.625,2.875,9.45,19.8,100.0,87.5,0.85,5.099593,0.0,2.7,17.69444447,37.15,37.5,37.5,37.5,37.0,-10.98785186333333,-0.0037036766666709,0.0180000000000006,6.846,7.042,17.76913581333333,6.876000000000001,5.6302276,5.6543,5.6212764,5.634335,5.5776606,0,3.0,0,0.25,-1.15,32.8,67.2
2023-02-16 08:45:00,45.521790288884,0.0,0.0,17.69444447,7.042,37.0,0,5.1764362714980825,70.66250196097344,8,3,2,0.8660254037844387,-0.4999999999999998,0.4338837391175582,-0.900968867902419,0.8660254037844386,0.5000000000000001,34.5,17.25,5.75,9.575,19.1,100.0,86.25,1.025,5.163789,0.0,3.1,17.63518519333333,37.0,37.15,37.5,37.5,37.0,-10.65244447,-0.1574073933333295,0.177999999999999,6.864000000000001,7.065333333333333,17.800617291111113,6.9173333333333344,5.5776606,5.6302276,5.6543,5.6212764,5.557982,0,3.0,0,0.25,-1.19,34.7,65.3
2023-02-16 09:00:00,144.615881733336,102.4467353,102.46895666111,17.63518519333333,7.065333333333333,37.0,2,5.1764362714980825,70.66250196097344,9,3,2,0.7071067811865476,-0.7071067811865475,0.4338837391175582,-0.900968867902419,0.8660254037844386,0.5000000000000001,46.0,28.75,9.583333333333334,9.7,18.4,100.0,85.0,1.2,5.2272253,0.0,3.5,17.90000001,37.0,37.0,37.15,37.5,36.6,-10.569851859999998,-0.059259276666669,0.0233333333333334,7.042,7.053333333333333,17.727160508888886,6.990444444444446,5.557982,5.5776606,5.6302276,5.6543,5.58535,0,3.0,1,0.25,-1.2,35.4,64.6
2023-02-16 09:15:00,44.501275427778,12.4811674,12.493389111112,17.90000001,7.053333333333333,36.6,1,5.1764362714980825,70.66250196097344,9,3,2,0.7071067811865476,-0.7071067811865475,0.4338837391175582,-0.900968867902419,0.8660254037844386,0.5000000000000001,75.25,44.6875,15.854166666666666,8.924999999999999,18.3,100.0,82.0,1.275,5.2575154,0.0,4.125,17.938888876666667,37.0,37.0,37.0,37.15,36.03333333333333,-10.846666676666668,0.2648148166666679,-0.0120000000000004,7.065333333333333,7.1273333333333335,17.74320989111111,7.053555555555557,5.58535,5.557982,5.5776606,5.6302276,5.511617,0,2.0,1,0.5,-1.14,32.4,67.6
2023-02-16 09:30:00,879.0506699666639,0.0,0.0,17.938888876666667,7.1273333333333335,36.03333333333333,0,5.1764362714980825,70.66250196097344,9,3,2,0.7071067811865476,-0.7071067811865475,0.4338837391175582,-0.900968867902419,0.8660254037844386,0.5000000000000001,104.5,65.0625,24.5625,8.149999999999999,18.2,100.0,79.0,1.35,5.2797623,0.0,4.75,17.74999998,36.6,37.0,37.0,37.0,36.35,-10.811555543333334,0.0388888666666673,0.0740000000000007,7.053333333333333,7.093999999999999,17.82469136,7.082000000000001,5.511617,5.58535,5.557982,5.5776606,5.4978538,1,2.0,1,0.5,-1.13,32.1,67.9
2023-02-16 09:45:00,775.67119399445,0.0,0.0,17.74999998,7.093999999999999,36.35,0,5.1764362714980825,70.66250196097344,9,3,2,0.7071067811865476,-0.7071067811865475,0.4338837391175582,-0.900968867902419,0.8660254037844386,0.5000000000000001,133.75,89.875,35.708333333333336,7.375,18.1,100.0,76.0,1.425,5.2933197,0.0,5.375,17.650000013333333,36.03333333333333,36.6,37.0,37.0,36.5,-10.65599998,-0.1888888966666684,-0.0333333333333341,7.1273333333333335,7.192666666666667,17.862962955555556,7.091555555555556,5.4978538,5.511617,5.58535,5.557982,5.4877214,0,2.0,0,0.5,-1.18,34.2,65.8
2023-02-16 10:00:00,64.57602802222,21.911901255556,21.924678511112,17.650000013333333,7.192666666666667,36.5,1,5.1764362714980825,70.66250196097344,10,3,2,0.4999999999999999,-0.8660254037844387,0.4338837391175582,-0.900968867902419,0.8660254037844386,0.5000000000000001,163.0,119.125,49.29166666666666,6.6,18.0,100.0,73.0,1.5,5.2975154,0.0,6.0,17.68333335,36.35,36.03333333333333,36.6,37.0,37.7,-10.457333346666664,-0.0999999666666653,0.0986666666666673,7.093999999999999,7.258666666666667,17.779629623333335,7.138000000000001,5.4877214,5.4978538,5.511617,5.58535,5.67942,0,2.0,1,0.5,-1.2,35.3,64.7
2023-02-16 10:15:00,131.165864255556,94.444555383334,94.465110144444,17.68333335,7.258666666666667,37.7,2,5.1764362714980825,70.66250196097344,10,3,2,0.4999999999999999,-0.8660254037844387,0.4338837391175582,-0.900968867902419,0.8660254037844386,0.5000000000000001,181.0,145.5625,64.375,6.85,18.55,100.0,70.75,1.225,5.2104325,0.0,6.225,17.97777778,36.5,36.35,36.03333333333333,36.6,39.583333333333336,-10.424666683333337,0.0333333366666686,0.0659999999999998,7.192666666666667,7.124,17.69444444777778,7.181777777777779,5.67942,5.4877214,5.4978538,5.511617,6.068648,0,2.0,1,0.5,-1.19,34.6,65.4
2023-02-16 10:30:00,50.322709144448,0.0,0.0,17.97777778,7.124,39.583333333333336,0,5.1764362714980825,70.66250196097344,10,3,2,0.4999999999999999,-0.8660254037844387,0.4338837391175582,-0.900968867902419,0.8660254037844386,0.5000000000000001,199.0,169.1875,80.95833333333333,7.1,19.1,100.0,68.5,0.95,5.119458,0.0,6.45,17.911111119999997,37.7,36.5,36.35,36.03333333333333,39.65,-10.85377778,0.2944444299999986,-0.1346666666666669,7.258666666666667,7.157333333333333,17.77037038111111,7.191777777777779,6.068648,5.67942,5.4877214,5.4978538,6.054801,1,2.0,1,0.5,-1.11,30.9,69.1
2023-02-16 10:45:00,53.792292605558,0.0,0.0,17.911111119999997,7.157333333333333,39.65,0,5.1764362714980825,70.66250196097344,10,3,2,0.4999999999999999,-0.8660254037844387,0.4338837391175582,-0.900968867902419,0.8660254037844386,0.5000000000000001,217.0,190.0,99.04166666666669,7.35,19.65,100.0,66.25,0.6749999999999999,5.0245094,0.0,6.675000000000001,17.76481482,39.583333333333336,37.7,36.5,36.35,39.13333333333333,-10.753777786666664,-0.0666666600000027,0.0333333333333332,7.124,7.398,17.857407416666668,7.180000000000001,6.054801,6.068648,5.67942,5.4877214,5.924056,0,2.0,0,0.5,-1.12,31.6,68.4
2023-02-16 11:00:00,69.250285477776,0.0,0.0,17.76481482,7.398,39.13333333333333,0,5.1764362714980825,70.66250196097344,11,3,2,0.258819045102521,-0.9659258262890682,0.4338837391175582,-0.900968867902419,0.8660254037844386,0.5000000000000001,235.0,208.0,118.625,7.6,20.2,100.0,64.0,0.4,4.9254994,0.0,6.9,17.64444443,39.65,39.583333333333336,37.7,36.5,38.5,-10.366814820000002,-0.1462962999999959,0.2406666666666668,7.157333333333333,7.403333333333333,17.884567906666664,7.226444444444446,5.924056,6.054801,6.068648,5.67942,5.786501,0,3.0,0,0.25,-1.16,33.3,66.7
2023-02-16 11:15:00,73.63622101667,28.731072894446,28.743850183334,17.64444443,7.403333333333333,38.5,1,5.1764362714980825,70.66250196097344,11,3,2,0.258819045102521,-0.9659258262890682,0.4338837391175582,-0.900968867902419,0.8660254037844386,0.5000000000000001,232.5,220.875,137.04166666666666,7.324999999999999,20.1,100.0,63.75,0.45,4.92224,0.0,6.95,17.712962960000002,39.13333333333333,39.65,39.583333333333336,37.7,38.86666666666667,-10.241111096666668,-0.1203703900000014,0.0053333333333336,7.398,7.719333333333334,17.77345679,7.319555555555556,5.786501,5.924056,6.054801,6.068648,5.8655305,0,3.0,1,0.25,-1.19,34.9,65.1
2023-02-16 11:30:00,129.762587138886,85.734903783334,85.754903,17.712962960000002,7.719333333333334,38.86666666666667,2,5.1764362714980825,70.66250196097344,11,3,2,0.258819045102521,-0.9659258262890682,0.4338837391175582,-0.900968867902419,0.8660254037844386,0.5000000000000001,230.0,228.625,154.29166666666666,7.05,20.0,100.0,63.5,0.5,4.9189,0.0,7.0,17.95555556,38.5,39.13333333333333,39.65,39.583333333333336,39.15,-9.993629626666667,0.0685185300000021,0.3160000000000007,7.403333333333333,7.756,17.707407403333335,7.50688888888889,5.8655305,5.786501,5.924056,6.054801,5.9942813,0,2.0,1,0.5,-1.17,34.0,66.0
2023-02-16 11:45:00,42.845230522224,0.0,0.0,17.95555556,7.756,39.15,0,5.1764362714980825,70.66250196097344,11,3,2,0.258819045102521,-0.9659258262890682,0.4338837391175582,-0.900968867902419,0.8660254037844386,0.5000000000000001,227.5,231.25,170.375,6.775,19.9,100.0,63.25,0.55,4.91548,0.0,7.05,17.85555557,38.86666666666667,38.5,39.13333333333333,39.65,39.0,-10.19955556,0.2425925999999982,0.0366666666666661,7.719333333333334,7.921333333333334,17.770987650000002,7.626222222222224,5.9942813,5.8655305,5.786501,5.924056,5.935873,1,2.0,1,0.5,-1.11,31.2,68.8
2023-02-16 12:00:00,56.44718643889,0.0,0.0,17.85555557,7.921333333333334,39.0,0,5.1764362714980825,70.66250196097344,12,3,2,1.2246467991473532e-16,-1.0,0.4338837391175582,-0.900968867902419,0.8660254037844386,0.5000000000000001,225.0,228.75,185.29166666666663,6.5,19.8,100.0,63.0,0.6,4.9119787,0.0,7.1,17.73888888,39.15,38.86666666666667,38.5,39.13333333333333,38.65,-9.934222236666669,-0.0999999900000006,0.1653333333333337,7.756,7.936666666666666,17.841358030000002,7.79888888888889,5.935873,5.9942813,5.8655305,5.786501,5.841853,0,2.0,0,0.5,-1.14,32.3,67.7
2023-02-16 12:15:00,420.980937888888,0.0,0.0,17.73888888,7.936666666666666,38.65,0,5.1764362714980825,70.66250196097344,12,3,2,1.2246467991473532e-16,-1.0,0.4338837391175582,-0.900968867902419,0.8660254037844386,0.5000000000000001,232.0,228.625,198.35416666666663,6.325,19.25,100.0,62.75,0.625,4.9323454,0.0,7.225,17.70185185,39.0,39.15,38.86666666666667,38.5,38.5,-9.802222213333334,-0.1166666899999988,0.0153333333333325,7.921333333333334,7.998666666666667,17.850000003333335,7.871333333333335,5.841853,5.935873,5.9942813,5.8655305,5.806348,0,3.0,0,0.25,-1.17,33.8,66.2
2023-02-16 12:30:00,36.430209516662,0.0,0.0,17.70185185,7.998666666666667,38.5,0,5.1764362714980825,70.66250196097344,12,3,2,1.2246467991473532e-16,-1.0,0.4338837391175582,-0.900968867902419,0.8660254037844386,0.5000000000000001,239.0,230.875,209.5625,6.15,18.700000000000003,100.0,62.5,0.6499999999999999,4.9526772,0.0,7.35,17.644444449999998,38.65,39.0,39.15,38.86666666666667,38.5,-9.703185183333334,-0.0370370300000004,0.0620000000000002,7.936666666666666,8.448,17.7654321,7.952222222222223,5.806348,5.841853,5.935873,5.9942813,5.786501,0,4.0,0,0.0,-1.18,34.2,65.8
2023-02-16 12:45:00,99.22241994444,66.41401,66.432342583334,17.644444449999998,8.448,38.5,1,5.1764362714980825,70.66250196097344,12,3,2,1.2246467991473532e-16,-1.0,0.4338837391175582,-0.900968867902419,0.8660254037844386,0.5000000000000001,246.0,235.5,218.91666666666663,5.975,18.15,100.0,62.25,0.6749999999999999,4.9729714,0.0,7.475,17.868518546666667,38.5,38.65,39.0,39.15,38.31666666666667,-9.196444449999998,-0.0574074000000024,0.4493333333333336,7.998666666666667,8.632,17.695061726666665,8.12777777777778,5.786501,5.806348,5.841853,5.935873,5.836372,0,3.0,1,0.25,-1.19,34.9,65.1
2023-02-16 13:00:00,82.830853366664,41.443897744444,41.45861933889,17.868518546666667,8.632,38.31666666666667,1,5.1764362714980825,70.66250196097344,13,3,2,-0.2588190451025208,-0.9659258262890684,0.4338837391175582,-0.900968867902419,0.8660254037844386,0.5000000000000001,253.0,242.5,226.41666666666663,5.8,17.6,100.0,62.0,0.7,4.9932265,0.0,7.6,18.011111120000002,38.5,38.5,38.65,39.0,37.65,-9.236518546666668,0.2240740966666692,0.1839999999999992,8.448,8.506,17.738271615555558,8.359555555555557,5.836372,5.786501,5.806348,5.841853,5.7837,0,2.0,0,0.5,-1.14,32.3,67.7
2023-02-16 13:15:00,45.169582027778,0.0,0.0,18.011111120000002,8.506,37.65,0,5.1764362714980825,70.66250196097344,13,3,2,-0.2588190451025208,-0.9659258262890684,0.4338837391175582,-0.900968867902419,0.8660254037844386,0.5000000000000001,273.5,252.875,234.125,5.7,17.700000000000003,100.0,61.5,0.7749999999999999,5.009299,0.0,7.775,17.907407369999998,38.31666666666667,38.5,38.5,38.65,37.68333333333333,-9.505111120000002,0.142592573333335,-0.1259999999999994,8.632,8.718666666666667,17.84135803888889,8.528666666666668,5.7837,5.836372,5.786501,5.806348,5.7532086,1,2.0,1,0.5,-1.11,30.9,69.1
2023-02-16 13:30:00,55.604164677776,0.0,0.0,17.907407369999998,8.718666666666667,37.68333333333333,0,5.1764362714980825,70.66250196097344,13,3,2,-0.2588190451025208,-0.9659258262890684,0.4338837391175582,-0.900968867902419,0.8660254037844386,0.5000000000000001,294.0,266.625,242.04166666666663,5.6,17.8,100.0,61.0,0.85,5.0250077,0.0,7.95,17.78888889,37.65,38.31666666666667,38.5,38.5,38.0,-9.18874070333333,-0.1037037500000046,0.2126666666666672,8.506,9.133333333333333,17.92901234555556,8.618888888888891,5.7532086,5.7837,5.836372,5.786501,5.760749,0,2.0,0,0.5,-1.13,32.1,67.9
2023-02-16 13:45:00,38.147362927778,0.0,0.0,17.78888889,9.133333333333333,38.0,0,5.1764362714980825,70.66250196097344,13,3,2,-0.2588190451025208,-0.9659258262890684,0.4338837391175582,-0.900968867902419,0.8660254037844386,0.5000000000000001,314.5,283.75,250.16666666666663,5.5,17.9,100.0,60.5,0.925,5.0403457,0.0,8.125,17.725925906666667,37.68333333333333,37.65,38.31666666666667,38.5,38.0,-8.655555556666666,-0.1185184799999987,0.4146666666666654,8.718666666666667,8.800666666666666,17.90246912666667,8.786000000000001,5.760749,5.7532086,5.7837,5.836372,5.739171,0,3.0,0,0.25,-1.16,33.3,66.7
2023-02-16 14:00:00,23.049355888884,0.0,0.0,17.725925906666667,8.800666666666666,38.0,0,5.1764362714980825,70.66250196097344,14,3,2,-0.4999999999999997,-0.8660254037844388,0.4338837391175582,-0.900968867902419,0.8660254037844386,0.5000000000000001,335.0,304.25,258.5,5.4,18.0,100.0,60.0,1.0,5.055304,0.0,8.3,17.68333335,38.0,37.68333333333333,37.65,38.31666666666667,38.0,-8.92525924,-0.0629629833333318,-0.3326666666666664,9.133333333333333,9.100666666666664,17.807407388888887,8.884222222222222,5.739171,5.760749,5.7532086,5.7837,5.724614,0,4.0,0,0.0,-1.18,34.1,65.9
2023-02-16 14:15:00,46.489807116662,26.203674044444,26.216451316666,17.68333335,9.100666666666664,38.0,1,5.1764362714980825,70.66250196097344,14,3,2,-0.4999999999999997,-0.8660254037844388,0.4338837391175582,-0.900968867902419,0.8660254037844386,0.5000000000000001,321.5,316.25,265.9166666666667,4.7,17.55,100.0,59.75,1.05,5.0585723,0.0,8.375,17.768518523333334,38.0,38.0,37.68333333333333,37.65,38.0,-8.582666683333336,-0.0425925566666656,0.2999999999999989,8.800666666666666,9.478000000000002,17.73271604888889,9.011555555555557,5.724614,5.739171,5.760749,5.7532086,5.75376,0,3.0,1,0.25,-1.19,34.6,65.4
2023-02-16 14:30:00,125.065830566664,79.587927488888,79.603482433332,17.768518523333334,9.478000000000002,38.0,2,5.1764362714980825,70.66250196097344,14,3,2,-0.4999999999999997,-0.8660254037844388,0.4338837391175582,-0.900968867902419,0.8660254037844386,0.5000000000000001,308.0,319.75,272.4166666666667,4.0,17.1,100.0,59.5,1.1,5.0617385,0.0,8.45,18.04444442,38.0,38.0,38.0,37.68333333333333,37.65,-8.290518523333333,0.0851851733333326,0.3773333333333362,9.100666666666664,9.106666666666666,17.725925926666672,9.126444444444443,5.75376,5.724614,5.739171,5.760749,5.7951775,0,2.0,1,0.5,-1.17,33.6,66.4
2023-02-16 14:45:00,25.899519527778,0.0,0.0,18.04444442,9.106666666666666,37.65,0,5.1764362714980825,70.66250196097344,14,3,2,-0.4999999999999997,-0.8660254037844388,0.4338837391175582,-0.900968867902419,0.8660254037844386,0.5000000000000001,294.5,314.75,278.0,3.3000000000000003,16.65,100.0,59.25,1.15,5.064803,0.0,8.525,17.914814776666667,38.0,38.0,38.0,38.0,37.5,-8.937777753333332,0.2759258966666635,-0.3713333333333359,9.478000000000002,8.638666666666667,17.832098764444442,9.228444444444447,5.7951775,5.75376,5.724614,5.739171,5.727743,1,2.0,1,0.5,-1.1,30.6,69.4
2023-02-16 15:00:00,23.102964627782,0.0,0.0,17.914814776666667,8.638666666666667,37.5,0,5.1764362714980825,70.66250196097344,15,3,2,-0.7071067811865471,-0.7071067811865479,0.4338837391175582,-0.900968867902419,0.8660254037844386,0.5000000000000001,281.0,301.25,282.6666666666667,2.6,16.2,100.0,59.0,1.2,5.067764,0.0,8.6,17.78888889,37.65,38.0,38.0,38.0,37.5,-9.27614811,-0.129629643333331,-0.4679999999999982,9.106666666666666,8.689333333333334,17.90925924,9.074444444444444,5.727743,5.7951775,5.75376,5.724614,5.6849494,0,2.0,0,0.5,-1.13,32.0,68.0
2023-02-16 15:15:00,32.97173657778,0.0,0.0,17.78888889,8.689333333333334,37.5,0,5.1764362714980825,70.66250196097344,15,3,2,-0.7071067811865471,-0.7071067811865479,0.4338837391175582,-0.900968867902419,0.8660254037844386,0.5000000000000001,254.0,284.375,284.5,2.55,14.575,100.0,59.5,1.25,5.110711,0.0,8.6,17.705555556666663,37.5,37.65,38.0,38.0,37.5,-9.099555556666663,-0.1259258866666677,0.0506666666666664,8.638666666666667,8.304666666666666,17.91604936222222,8.811555555555556,5.6849494,5.727743,5.7951775,5.75376,5.6567807,0,3.0,0,0.25,-1.16,33.4,66.6
2023-02-16 15:30:00,75.781690844444,40.785312955556,40.797812472222,17.705555556666663,8.304666666666666,37.5,1,5.1764362714980825,70.66250196097344,15,3,2,-0.7071067811865471,-0.7071067811865479,0.4338837391175582,-0.900968867902419,0.8660254037844386,0.5000000000000001,227.0,264.125,283.5,2.5,12.95,100.0,60.0,1.2999999999999998,5.1536584,0.0,8.6,17.80555555,37.5,37.5,37.65,38.0,37.1,-9.400888889999996,-0.0833333333333357,-0.3846666666666678,8.689333333333334,8.053333333333333,17.80308640777778,8.544222222222222,5.6567807,5.6849494,5.727743,5.7951775,5.629898,0,3.0,1,0.25,-1.18,34.4,65.6
2023-02-16 15:45:00,87.820653749998,65.27627769444601,65.290999355556,17.80555555,8.053333333333333,37.1,1,5.1764362714980825,70.66250196097344,15,3,2,-0.7071067811865471,-0.7071067811865479,0.4338837391175582,-0.900968867902419,0.8660254037844386,0.5000000000000001,200.0,240.5,279.6666666666667,2.45,11.325,100.0,60.5,1.35,5.196605,0.0,8.6,18.020370393333334,37.5,37.5,37.5,37.65,36.53333333333333,-9.752222216666668,0.0999999933333377,-0.2513333333333332,8.304666666666666,7.7266666666666675,17.766666665555558,8.349111111111112,5.629898,5.6567807,5.6849494,5.727743,5.615252,0,2.0,0,0.5,-1.16,33.3,66.7
2023-02-16 16:00:00,31.597624994442,0.0,0.0,18.020370393333334,7.7266666666666675,36.53333333333333,0,5.1764362714980825,70.66250196097344,16,3,2,-0.8660254037844385,-0.5000000000000004,0.4338837391175582,-0.900968867902419,0.8660254037844386,0.5000000000000001,173.0,213.5,273.0,2.4,9.7,100.0,61.0,1.4,5.2395525,0.0,8.6,17.87777776,37.1,37.5,37.5,37.5,36.5,-10.293703726666669,0.2148148433333325,-0.3266666666666653,8.053333333333333,7.605333333333333,17.843827166666667,8.028222222222224,5.615252,5.629898,5.6567807,5.6849494,5.562724,1,2.0,1,0.5,-1.11,31.1,68.9
2023-02-16 16:15:00,24.429856000004,0.0,0.0,17.87777776,7.605333333333333,36.5,0,5.1764362714980825,70.66250196097344,16,3,2,-0.8660254037844385,-0.5000000000000004,0.4338837391175582,-0.900968867902419,0.8660254037844386,0.5000000000000001,175.5,193.875,264.8333333333333,2.725,9.8,100.0,61.25,1.5,5.2694693,0.0,8.625,17.761111113333335,36.53333333333333,37.1,37.5,37.5,36.5,-10.272444426666668,-0.1425926333333329,-0.1213333333333341,7.7266666666666675,7.692666666666667,17.90123456777778,7.795111111111112,5.562724,5.615252,5.629898,5.6567807,5.524198,0,2.0,0,0.5,-1.15,32.7,67.3
2023-02-16 16:30:00,280.296010077772,0.0,0.0,17.761111113333335,7.692666666666667,36.5,0,5.1764362714980825,70.66250196097344,16,3,2,-0.8660254037844385,-0.5000000000000004,0.4338837391175582,-0.900968867902419,0.8660254037844386,0.5000000000000001,178.0,181.625,255.16666666666663,3.05,9.9,100.0,61.5,1.6,5.299467,0.0,8.649999999999999,17.70555557,36.5,36.53333333333333,37.1,37.5,36.5,-10.068444446666668,-0.1166666466666654,0.0873333333333334,7.605333333333333,7.535333333333333,17.886419755555558,7.674888888888891,5.524198,5.562724,5.615252,5.629898,5.505934,0,3.0,0,0.25,-1.17,34.0,66.0
2023-02-16 16:45:00,212.891484066664,89.34364836111,89.36086992222,17.70555557,7.535333333333333,36.5,2,5.1764362714980825,70.66250196097344,16,3,2,-0.8660254037844385,-0.5000000000000004,0.4338837391175582,-0.900968867902419,0.8660254037844386,0.5000000000000001,180.5,176.75,244.0,3.375,10.0,100.0,61.75,1.7,5.3295465,0.0,8.674999999999999,17.95555556,36.5,36.5,36.53333333333333,37.1,36.31666666666667,-10.170222236666667,-0.0555555433333339,-0.1573333333333337,7.692666666666667,7.530666666666666,17.781481481111115,7.611111111111112,5.505934,5.524198,5.562724,5.615252,5.560467,0,3.0,1,0.25,-1.19,34.6,65.4
2023-02-16 17:00:00,63.249692127778,31.1245883,31.133754616666,17.95555556,7.530666666666666,36.31666666666667,1,5.1764362714980825,70.66250196097344,17,3,2,-0.9659258262890684,-0.2588190451025206,0.4338837391175582,-0.900968867902419,0.8660254037844386,0.5000000000000001,183.0,179.25,231.33333333333331,3.7,10.1,100.0,62.0,1.8,5.3597054,0.0,8.7,18.02222222,36.5,36.5,36.5,36.53333333333333,36.0,-10.424888893333335,0.2499999899999991,-0.004666666666667,7.535333333333333,7.552,17.807407414444448,7.586222222222223,5.560467,5.505934,5.524198,5.562724,5.5338883,0,2.0,1,0.5,-1.13,31.8,68.2
2023-02-16 17:15:00,22.773811294442,0.0,0.0,18.02222222,7.552,36.0,0,5.1764362714980825,70.66250196097344,17,3,2,-0.9659258262890684,-0.2588190451025206,0.4338837391175582,-0.900968867902419,0.8660254037844386,0.5000000000000001,160.5,175.5,217.91666666666663,4.625,10.9,100.0,64.0,1.9,5.4096866,0.0,8.35,17.85555557,36.31666666666667,36.5,36.5,36.5,36.18333333333333,-10.47022222,0.0666666599999992,0.0213333333333345,7.530666666666666,7.492,17.894444450000005,7.539333333333334,5.5338883,5.560467,5.505934,5.524198,5.507171,1,2.0,1,0.5,-1.11,31.2,68.8
2023-02-16 17:30:00,31.875669272226,0.0,0.0,17.85555557,7.492,36.18333333333333,0,5.1764362714980825,70.66250196097344,17,3,2,-0.9659258262890684,-0.2588190451025206,0.4338837391175582,-0.900968867902419,0.8660254037844386,0.5000000000000001,138.0,165.5,203.75,5.55,11.7,100.0,66.0,2.0,5.45445,0.0,8.0,17.7611111,36.0,36.31666666666667,36.5,36.5,36.45,-10.36355557,-0.1666666499999998,-0.0600000000000005,7.552,7.452,17.944444450000002,7.524888888888889,5.507171,5.5338883,5.560467,5.505934,5.5166306,0,2.0,0,0.5,-1.15,33.0,67.0
2023-02-16 17:45:00,143.569257033332,103.427251644444,103.44613982222,17.7611111,7.452,36.45,2,5.1764362714980825,70.66250196097344,17,3,2,-0.9659258262890684,-0.2588190451025206,0.4338837391175582,-0.900968867902419,0.8660254037844386,0.5000000000000001,115.5,149.25,188.83333333333331,6.475,12.5,100.0,68.0,2.1,5.4941783,0.0,7.649999999999999,17.99074071,36.18333333333333,36.0,36.31666666666667,36.5,36.03333333333333,-10.3091111,-0.0944444699999991,-0.04,7.492,7.405333333333333,17.87962963,7.498666666666669,5.5166306,5.507171,5.5338883,5.560467,5.528648,0,2.0,1,0.5,-1.17,34.0,66.0
2023-02-16 18:00:00,26.896146344444,0.0,0.0,17.99074071,7.405333333333333,36.03333333333333,0,5.1764362714980825,70.66250196097344,18,3,2,-1.0,-1.8369701987210294e-16,0.4338837391175582,-0.900968867902419,0.8660254037844386,0.5000000000000001,93.0,126.75,173.16666666666666,7.4,13.3,100.0,70.0,2.2,5.529049,0.0,7.3,17.9833333,36.45,36.18333333333333,36.0,36.31666666666667,36.0,-10.585407376666668,0.2296296099999999,-0.0466666666666668,7.452,7.416,17.869135793333335,7.449777777777779,5.528648,5.5166306,5.507171,5.5338883,5.521101,1,3.0,1,0.25,-1.12,31.5,68.5
2023-02-16 18:15:00,26.147842894446,0.0,0.0,17.9833333,7.416,36.0,0,5.1764362714980825,70.66250196097344,18,3,2,-1.0,-1.8369701987210294e-16,0.4338837391175582,-0.900968867902419,0.8660254037844386,0.5000000000000001,72.0,104.625,158.0,7.625,13.475,100.0,72.0,2.075,5.496289,0.0,6.775,17.79999997,36.03333333333333,36.45,36.18333333333333,36.0,36.0,-10.5673333,-0.007407409999999,0.0106666666666672,7.405333333333333,7.310666666666666,17.911728370000002,7.424444444444446,5.521101,5.528648,5.5166306,5.507171,5.461166,0,3.0,0,0.25,-1.12,31.6,68.4
2023-02-16 18:30:00,46.160097988888,12.3945042,12.40255946111,17.79999997,7.310666666666666,36.0,1,5.1764362714980825,70.66250196097344,18,3,2,-1.0,-1.8369701987210294e-16,0.4338837391175582,-0.900968867902419,0.8660254037844386,0.5000000000000001,51.0,82.875,143.33333333333334,7.85,13.65,100.0,74.0,1.95,5.4587,0.0,6.25,17.74999998,36.0,36.03333333333333,36.45,36.18333333333333,36.0,-10.489333303333332,-0.1833333300000035,-0.1053333333333341,7.416,7.262,17.924691326666668,7.377333333333335,5.461166,5.521101,5.528648,5.5166306,5.444917,0,2.0,1,0.5,-1.17,33.7,66.3
2023-02-16 18:45:00,143.78397066111,94.037071683334,94.053459977776,17.74999998,7.262,36.0,2,5.1764362714980825,70.66250196097344,18,3,2,-1.0,-1.8369701987210294e-16,0.4338837391175582,-0.900968867902419,0.8660254037844386,0.5000000000000001,30.0,61.5,129.16666666666666,8.075000000000001,13.825,100.0,76.0,1.825,5.416602,0.0,5.725,18.001851866666666,36.0,36.0,36.03333333333333,36.45,36.18333333333333,-10.487999979999998,-0.0499999899999998,-0.0486666666666657,7.310666666666666,7.369333333333333,17.844444416666665,7.329555555555557,5.444917,5.461166,5.521101,5.528648,5.555333,0,2.0,1,0.5,-1.18,34.2,65.8
2023-02-16 19:00:00,108.73231728333,0.0,0.0,18.001851866666666,7.369333333333333,36.18333333333333,0,5.1764362714980825,70.66250196097344,19,3,2,-0.9659258262890684,0.2588190451025203,0.4338837391175582,-0.900968867902419,0.8660254037844386,0.5000000000000001,9.0,40.5,115.5,8.3,14.0,100.0,78.0,1.7,5.370303,0.0,5.2,17.933333349999998,36.0,36.0,36.0,36.03333333333333,36.9,-10.632518533333332,0.2518518866666674,0.1073333333333321,7.262,7.287999999999999,17.850617272222223,7.314,5.555333,5.444917,5.461166,5.521101,5.642317,1,2.0,1,0.5,-1.12,31.4,68.6
2023-02-16 19:15:00,105.866042888892,0.0,0.0,17.933333349999998,7.287999999999999,36.9,0,5.1764362714980825,70.66250196097344,19,3,2,-0.9659258262890684,0.2588190451025203,0.4338837391175582,-0.900968867902419,0.8660254037844386,0.5000000000000001,6.75,24.1875,101.4375,8.05,14.375,100.0,77.75,1.625,5.344269,0.0,5.175,17.816666656666666,36.18333333333333,36.0,36.0,36.0,37.46666666666667,-10.645333349999998,-0.0685185166666677,-0.0813333333333332,7.369333333333333,7.260000000000001,17.89506173222222,7.306444444444445,5.642317,5.555333,5.444917,5.461166,5.689303,0,2.0,0,0.5,-1.13,32.0,68.0
2023-02-16 19:30:00,102.888384449994,0.0,0.0,17.816666656666666,7.260000000000001,37.46666666666667,0,5.1764362714980825,70.66250196097344,19,3,2,-0.9659258262890684,0.2588190451025203,0.4338837391175582,-0.900968867902419,0.8660254037844386,0.5000000000000001,4.5,12.5625,86.97916666666667,7.800000000000001,14.75,100.0,77.5,1.5499999999999998,5.318303,0.0,5.15,17.73333333,36.9,36.18333333333333,36.0,36.0,37.85,-10.556666656666664,-0.1166666933333324,-0.0279999999999986,7.287999999999999,7.332,17.917283957777776,7.305777777777778,5.689303,5.642317,5.555333,5.444917,5.719041,0,3.0,0,0.25,-1.16,33.1,66.9
2023-02-16 19:45:00,116.255071894442,0.0,0.0,17.73333333,7.332,37.85,0,5.1764362714980825,70.66250196097344,19,3,2,-0.9659258262890684,0.2588190451025203,0.4338837391175582,-0.900968867902419,0.8660254037844386,0.5000000000000001,2.25,5.625,72.125,7.55,15.125,100.0,77.25,1.475,5.2924066,0.0,5.125,17.670370400000003,37.46666666666667,36.9,36.18333333333333,36.0,38.0,-10.40133333,-0.0833333266666649,0.0719999999999991,7.260000000000001,7.285333333333333,17.82777777888889,7.293333333333334,5.719041,5.689303,5.642317,5.555333,5.72019,0,4.0,0,0.0,-1.17,34.0,66.0
2023-02-16 20:00:00,139.85051683889,0.0,0.0,17.670370400000003,7.285333333333333,38.0,0,5.1764362714980825,70.66250196097344,20,3,2,-0.8660254037844386,0.5000000000000001,0.4338837391175582,-0.900968867902419,0.8660254037844386,0.5000000000000001,0.0,3.375,56.875,7.3,15.5,100.0,77.0,1.4,5.266579,0.0,5.1,17.62222223,37.85,37.46666666666667,36.9,36.18333333333333,38.35,-10.38503706666667,-0.0629629299999976,-0.0466666666666668,7.332,7.250666666666667,17.740123462222225,7.292444444444445,5.72019,5.719041,5.689303,5.642317,5.7563195,0,4.0,0,0.0,-1.19,34.7,65.3
2023-02-16 20:15:00,117.83861976666,0.0,0.0,17.62222223,7.250666666666667,38.35,0,5.1764362714980825,70.66250196097344,20,3,2,-0.8660254037844386,0.5000000000000001,0.4338837391175582,-0.900968867902419,0.8660254037844386,0.5000000000000001,0.0,1.6875,43.5,6.325,14.675,100.0,77.75,1.5499999999999998,5.3266616,0.0,5.125,17.5592593,38.0,37.85,37.46666666666667,36.9,38.5,-10.371555563333333,-0.0481481700000046,-0.0346666666666664,7.285333333333333,7.244666666666666,17.675308653333335,7.289333333333334,5.7563195,5.72019,5.719041,5.689303,5.757161,0,4.0,0,0.0,-1.2,35.2,64.8
2023-02-16 20:30:00,539.955067699996,0.0,0.0,17.5592593,7.244666666666666,38.5,0,5.1764362714980825,70.66250196097344,20,3,2,-0.8660254037844386,0.5000000000000001,0.4338837391175582,-0.900968867902419,0.8660254037844386,0.5000000000000001,0.0,0.5625,32.0,5.35,13.85,100.0,78.5,1.7,5.3869267,0.0,5.15,17.5555556,38.35,38.0,37.85,37.46666666666667,38.6,-10.314592633333334,-0.0629629299999976,-0.0060000000000002,7.250666666666667,7.296666666666667,17.617283976666666,7.260222222222223,5.757161,5.7563195,5.72019,5.719041,5.7708397,0,4.0,0,0.0,-1.21,35.9,64.1
2023-02-16 20:45:00,129.699811816666,0.0,0.0,17.5555556,7.296666666666667,38.6,0,5.1764362714980825,70.66250196097344,20,3,2,-0.8660254037844386,0.5000000000000001,0.4338837391175582,-0.900968867902419,0.8660254037844386,0.5000000000000001,0.0,0.0,22.375,4.375,13.025,100.0,79.25,1.85,5.4473734,0.0,5.175,17.5555556,38.5,38.35,38.0,37.85,39.43333333333333,-10.258888933333337,-0.003703699999999,0.0520000000000004,7.244666666666666,7.343333333333334,17.579012376666668,7.264,5.7708397,5.757161,5.7563195,5.72019,5.895426,0,4.0,0,0.0,-1.21,35.9,64.1
2023-02-16 21:00:00,165.253389583334,27.921938627778,27.994435727778,17.5555556,7.343333333333334,39.43333333333333,1,5.1764362714980825,70.66250196097344,21,3,2,-0.7071067811865477,0.7071067811865474,0.4338837391175582,-0.900968867902419,0.8660254037844386,0.5000000000000001,0.0,0.0,14.625,3.4,12.2,100.0,80.0,2.0,5.5080037,0.0,5.2,17.66111114,38.6,38.5,38.35,38.0,39.55,-10.212222266666668,0.0,0.0466666666666668,7.296666666666667,7.181333333333333,17.55679016666667,7.294888888888889,5.895426,5.7708397,5.757161,5.7563195,5.950228,0,3.0,1,0.25,-1.21,35.7,64.3
2023-02-16 21:15:00,210.226035105554,58.195172083334,58.27100241666599,17.66111114,7.181333333333333,39.55,1,5.1764362714980825,70.66250196097344,21,3,2,-0.7071067811865477,0.7071067811865474,0.4338837391175582,-0.900968867902419,0.8660254037844386,0.5000000000000001,0.0,0.0,8.625,3.675,11.125,100.0,81.5,1.975,5.510282,0.0,4.925,17.925925886666665,39.43333333333333,38.6,38.5,38.35,39.96666666666667,-10.479777806666666,0.1055555399999974,-0.1620000000000008,7.343333333333334,7.101333333333333,17.590740780000004,7.273777777777778,5.950228,5.895426,5.7708397,5.757161,6.1085415,0,2.0,0,0.5,-1.18,34.4,65.6
2023-02-16 21:30:00,158.50171526111,0.0,0.0,17.925925886666665,7.101333333333333,39.96666666666667,0,5.1764362714980825,70.66250196097344,21,3,2,-0.7071067811865477,0.7071067811865474,0.4338837391175582,-0.900968867902419,0.8660254037844386,0.5000000000000001,0.0,0.0,4.375,3.95,10.05,100.0,83.0,1.95,5.5104666,0.0,4.65,17.9444444,39.55,39.43333333333333,38.6,38.5,40.0,-10.824592553333332,0.2648147466666657,-0.08,7.181333333333333,7.292666666666666,17.714197542222223,7.2086666666666686,6.1085415,5.950228,5.895426,5.7708397,6.120378,1,2.0,1,0.5,-1.12,31.3,68.7
2023-02-16 21:45:00,161.276882066664,0.0,0.0,17.9444444,7.292666666666666,40.0,0,5.1764362714980825,70.66250196097344,21,3,2,-0.7071067811865477,0.7071067811865474,0.4338837391175582,-0.900968867902419,0.8660254037844386,0.5000000000000001,0.0,0.0,1.875,4.225,8.975,100.0,84.5,1.925,5.508621,0.0,4.375,17.924074049999998,39.96666666666667,39.55,39.43333333333333,38.6,40.0,-10.651777733333333,0.0185185133333334,0.1913333333333335,7.101333333333333,7.468000000000001,17.84382714222222,7.191777777777779,6.120378,6.1085415,5.950228,5.895426,6.1129622,0,2.0,0,0.5,-1.11,31.1,68.9
2023-02-16 22:00:00,111.806083177776,0.0,0.0,17.924074049999998,7.468000000000001,40.0,0,5.1764362714980825,70.66250196097344,22,3,2,-0.5000000000000004,0.8660254037844384,0.4338837391175582,-0.900968867902419,0.8660254037844386,0.5000000000000001,0.0,0.0,1.125,4.5,7.9,100.0,86.0,1.9,5.504811,0.0,4.1,17.84444443,40.0,39.96666666666667,39.55,39.43333333333333,39.6,-10.456074049999998,-0.0203703500000003,0.1753333333333344,7.292666666666666,7.458,17.931481445555555,7.287333333333334,6.1129622,6.120378,6.1085415,5.950228,6.023207,0,3.0,0,0.25,-1.12,31.3,68.7
2023-02-16 22:15:00,999.17530913889,0.0,0.0,17.84444443,7.458,39.6,0,5.1764362714980825,70.66250196097344,22,3,2,-0.5000000000000004,0.8660254037844384,0.4338837391175582,-0.900968867902419,0.8660254037844386,0.5000000000000001,0.0,0.0,0.5625,4.75,8.35,100.0,86.25,2.375,5.678972,0.0,4.525,17.781481499999998,40.0,40.0,39.96666666666667,39.55,39.766666666666666,-10.38644443,-0.0796296199999986,-0.0100000000000006,7.468000000000001,7.412000000000001,17.904320959999996,7.406222222222223,6.023207,6.1129622,6.120378,6.1085415,6.025911,0,4.0,0,0.0,-1.14,32.3,67.7
2023-02-16 22:30:00,195.73383708333,88.732561655556,88.74617226111,17.781481499999998,7.412000000000001,39.766666666666666,2,5.1764362714980825,70.66250196097344,22,3,2,-0.5000000000000004,0.8660254037844384,0.4338837391175582,-0.900968867902419,0.8660254037844386,0.5000000000000001,0.0,0.0,0.1875,5.0,8.8,100.0,86.5,2.85,5.858011,0.0,4.949999999999999,18.10555555,39.6,40.0,40.0,39.96666666666667,42.05,-10.369481499999996,-0.0629629300000012,-0.0459999999999993,7.458,7.614666666666666,17.84999999333333,7.446000000000002,6.025911,6.023207,6.1129622,6.120378,6.4959936,0,3.0,1,0.25,-1.15,33.0,67.0
2023-02-16 22:45:00,73.59983377221799,52.9428822,52.953715199996,18.10555555,7.614666666666666,42.05,1,5.1764362714980825,70.66250196097344,22,3,2,-0.5000000000000004,0.8660254037844384,0.4338837391175582,-0.900968867902419,0.8660254037844386,0.5000000000000001,0.0,0.0,0.0,5.25,9.25,100.0,86.75,3.325,6.0420456,0.0,5.375,18.316666663333333,39.766666666666666,39.6,40.0,40.0,42.5,-10.490888883333335,0.3240740500000036,0.2026666666666656,7.412000000000001,7.791333333333333,17.910493826666666,7.49488888888889,6.4959936,6.025911,6.023207,6.1129622,6.6483426,0,2.0,1,0.5,-1.07,28.9,71.1
2023-02-16 23:00:00,42.55690882222,0.0,0.0,18.316666663333333,7.791333333333333,42.5,0,5.1764362714980825,70.66250196097344,23,3,2,-0.2588190451025215,0.965925826289068,0.4338837391175582,-0.900968867902419,0.8660254037844386,0.5000000000000001,0.0,0.0,0.0,5.5,9.7,100.0,87.0,3.8,6.2311964,0.0,5.8,18.13333332,42.05,39.766666666666666,39.6,40.0,43.3,-10.52533333,0.211111113333331,0.1766666666666667,7.614666666666666,9.262666666666666,18.06790123777778,7.606000000000002,6.6483426,6.4959936,6.025911,6.023207,6.700148,1,2.0,1,0.5,-1.01,26.7,73.3
2023-02-16 23:15:00,53.452861916662,23.448784227778,23.454061833332,18.13333332,9.262666666666666,43.3,1,5.1764362714980825,70.66250196097344,23,3,2,-0.2588190451025215,0.965925826289068,0.4338837391175582,-0.900968867902419,0.8660254037844386,0.5000000000000001,0.0,0.0,0.0,6.4,10.975,100.0,87.5,4.4,6.496877,0.0,6.35,18.109259266666665,42.5,42.05,39.766666666666666,39.6,44.61666666666667,-8.870666653333336,-0.1833333433333308,1.471333333333333,7.791333333333333,10.929333333333334,18.18518517777778,8.222888888888889,6.700148,6.6483426,6.4959936,6.025911,6.8940163,0,1.0,1,0.75,-1.05,28.4,71.6
2023-02-16 23:30:00,104.0358384,88.037033927778,88.04925572222,18.109259266666665,10.929333333333334,44.61666666666667,2,5.1764362714980825,70.66250196097344,23,3,2,-0.2588190451025215,0.965925826289068,0.4338837391175582,-0.900968867902419,0.8660254037844386,0.5000000000000001,0.0,0.0,0.0,7.3,12.25,100.0,88.0,5.0,6.772562,0.0,6.9,18.41666667,43.3,42.5,42.05,39.766666666666666,45.4,-7.179925933333331,-0.0240740533333365,1.666666666666668,9.262666666666666,12.619333333333334,18.18641975,9.32777777777778,6.8940163,6.700148,6.6483426,6.4959936,7.1442447,0,1.0,1,0.75,-1.05,28.3,71.7
2023-02-16 23:45:00,22.805198888888,0.0,0.0,18.41666667,12.619333333333334,45.4,0,5.1764362714980825,70.66250196097344,23,3,2,-0.2588190451025215,0.965925826289068,0.4338837391175582,-0.900968867902419,0.8660254037844386,0.5000000000000001,0.0,0.0,0.0,8.2,13.525,100.0,88.5,5.6,7.0585723,0.0,7.45,18.303703676666665,44.61666666666667,43.3,42.5,42.05,46.15,-5.797333336666664,0.3074074033333325,1.6899999999999995,10.929333333333334,13.262,18.21975308555556,10.937111111111111,7.1442447,6.8940163,6.700148,6.6483426,7.2137666,1,2.0,1,0.5,-0.98,25.1,74.9
2023-02-17 00:00:00,36.53714962222,0.0,0.0,18.303703676666665,13.262,46.15,0,5.1764362714980825,70.66250196097344,0,4,2,0.0,1.0,-0.433883739117558,-0.9009688679024191,0.8660254037844386,0.5000000000000001,0.0,0.0,0.0,9.1,14.8,100.0,89.0,6.2,7.3552423,0.0,8.0,18.14444443,45.4,44.61666666666667,43.3,42.5,46.9,-5.041703676666664,-0.1129629933333333,0.6426666666666669,12.619333333333334,13.358,18.27654320444444,12.270222222222223,7.2137666,7.1442447,6.8940163,6.700148,7.261997,0,2.0,0,0.5,-1.0,26.1,73.9
2023-02-17 00:15:00,36.664922311108,15.74048143889,15.747147922220002,18.14444443,13.358,46.9,1,5.1764362714980825,70.66250196097344,0,4,2,0.0,1.0,-0.433883739117558,-0.9009688679024191,0.8660254037844386,0.5000000000000001,0.0,0.0,0.0,10.075,16.5,100.0,89.25,6.375,7.423588,0.0,8.1,18.17222222333333,46.15,45.4,44.61666666666667,43.3,47.28333333333333,-4.78644443,-0.1592592466666644,0.096,13.262,13.031333333333333,18.28827159222222,13.079777777777778,7.261997,7.2137666,7.1442447,6.8940163,7.333447,0,2.0,1,0.5,-1.03,27.5,72.5
2023-02-17 00:30:00,105.740770333328,89.34892591666599,89.363369838886,18.17222222333333,13.031333333333333,47.28333333333333,2,5.1764362714980825,70.66250196097344,0,4,2,0.0,1.0,-0.433883739117558,-0.9009688679024191,0.8660254037844386,0.5000000000000001,0.0,0.0,0.0,11.05,18.200000000000003,100.0,89.5,6.550000000000001,7.492469,0.0,8.2,18.46111114,46.9,46.15,45.4,44.61666666666667,47.05,-5.140888889999999,0.0277777933333318,-0.326666666666668,13.358,13.485333333333331,18.20679011,13.21711111111111,7.333447,7.261997,7.2137666,7.1442447,7.4234233,0,2.0,1,0.5,-1.02,27.1,72.9
2023-02-17 00:45:00,25.242045894442,0.0,0.0,18.46111114,13.485333333333331,47.05,0,5.1764362714980825,70.66250196097344,0,4,2,0.0,1.0,-0.433883739117558,-0.9009688679024191,0.8660254037844386,0.5000000000000001,0.0,0.0,0.0,12.025,19.9,100.0,89.75,6.7250000000000005,7.5618916,0.0,8.3,18.411111076666664,47.28333333333333,46.9,46.15,45.4,47.65,-4.975777806666667,0.2888889166666679,0.4540000000000006,13.031333333333333,13.766,18.259259264444445,13.291555555555556,7.4234233,7.333447,7.261997,7.2137666,7.49584,1,2.0,1,0.5,-0.96,24.3,75.7
2023-02-17 01:00:00,27.727779827774,0.0,0.0,18.411111076666664,13.766,47.65,0,5.1764362714980825,70.66250196097344,1,4,2,0.2588190451025207,0.9659258262890684,-0.433883739117558,-0.9009688679024191,0.8660254037844386,0.5000000000000001,0.0,0.0,0.0,13.0,21.6,100.0,90.0,6.9,7.631858,0.0,8.4,18.24444442,47.05,47.28333333333333,46.9,46.15,48.4,-4.645111076666664,-0.0500000633333357,0.2806666666666668,13.485333333333331,13.816666666666666,18.348148146666663,13.427555555555555,7.49584,7.4234233,7.333447,7.261997,7.5389023,0,2.0,0,0.5,-0.97,24.7,75.3
2023-02-17 01:15:00,28.293035083326,0.0,0.0,18.24444442,13.816666666666666,48.4,0,5.1764362714980825,70.66250196097344,1,4,2,0.2588190451025207,0.9659258262890684,-0.433883739117558,-0.9009688679024191,0.8660254037844386,0.5000000000000001,0.0,0.0,0.0,13.625,24.125,100.0,89.25,7.125,7.7525516,0.0,8.775,18.13888889333333,47.65,47.05,47.28333333333333,46.9,48.96666666666667,-4.427777753333331,-0.166666656666667,0.0506666666666664,13.766,13.796666666666663,18.372222212222223,13.689333333333332,7.5389023,7.49584,7.4234233,7.333447,7.5794997,0,3.0,0,0.25,-1.0,26.2,73.8
2023-02-17 01:30:00,89.264484877776,66.062357416666,66.074579211108,18.13888889333333,13.796666666666663,48.96666666666667,1,5.1764362714980825,70.66250196097344,1,4,2,0.2588190451025207,0.9659258262890684,-0.433883739117558,-0.9009688679024191,0.8660254037844386,0.5000000000000001,0.0,0.0,0.0,14.25,26.65,100.0,88.5,7.35,7.874019,0.0,9.15,18.37777776,48.4,47.65,47.05,47.28333333333333,48.65,-4.342222226666669,-0.105555526666663,-0.0200000000000013,13.816666666666666,13.886666666666668,18.264814796666663,13.793111111111113,7.5794997,7.5389023,7.49584,7.4234233,7.638037,0,3.0,1,0.25,-1.02,27.1,72.9
2023-02-17 01:45:00,217.231588172222,36.84380393889,36.853248027778,18.37777776,13.886666666666668,48.65,1,5.1764362714980825,70.66250196097344,1,4,2,0.2588190451025207,0.9659258262890684,-0.433883739117558,-0.9009688679024191,0.8660254037844386,0.5000000000000001,0.0,0.0,0.0,14.875,29.175,100.0,87.75,7.575,7.996231,0.0,9.525,18.538888863333334,48.96666666666667,48.4,47.65,47.05,48.68333333333333,-4.491111093333334,0.2388888666666666,0.0900000000000016,13.796666666666663,14.086,18.253703691111117,13.833333333333334,7.638037,7.5794997,7.5389023,7.49584,7.7166076,0,2.0,0,0.5,-0.97,24.8,75.2
2023-02-17 02:00:00,209.274406505554,0.0,0.0,18.538888863333334,14.086,48.68333333333333,0,5.1764362714980825,70.66250196097344,2,4,2,0.4999999999999999,0.8660254037844387,-0.433883739117558,-0.9009688679024191,0.8660254037844386,0.5000000000000001,0.0,0.0,0.0,15.5,31.7,100.0,87.0,7.8,8.119151,0.0,9.9,18.36111108,48.65,48.96666666666667,48.4,47.65,49.4,-4.452888863333333,0.161111103333333,0.1993333333333335,13.886666666666668,14.252,18.35185183888889,13.923111111111112,7.7166076,7.638037,7.5794997,7.5389023,7.7481227,1,2.0,1,0.5,-0.93,23.3,76.7
2023-02-17 02:15:00,41.080578844448,0.0,0.0,18.36111108,14.252,49.4,0,5.1764362714980825,70.66250196097344,2,4,2,0.4999999999999999,0.8660254037844387,-0.433883739117558,-0.9009688679024191,0.8660254037844386,0.5000000000000001,0.0,0.0,0.0,15.95,32.15,100.0,87.5,7.899999999999999,8.178781,0.0,9.925,18.26111111333333,48.68333333333333,48.65,48.96666666666667,48.4,49.96666666666667,-4.10911108,-0.1777777833333331,0.1660000000000003,14.086,14.319333333333333,18.425925901111118,14.074888888888887,7.7481227,7.7166076,7.638037,7.5794997,7.790634,0,2.0,0,0.5,-0.97,24.8,75.2
2023-02-17 02:30:00,17.89039568888,0.0,0.0,18.26111111333333,14.319333333333333,49.96666666666667,0,5.1764362714980825,70.66250196097344,2,4,2,0.4999999999999999,0.8660254037844387,-0.433883739117558,-0.9009688679024191,0.8660254037844386,0.5000000000000001,0.0,0.0,0.0,16.4,32.6,100.0,88.0,8.0,8.238575,0.0,9.95,18.1888889,49.4,48.68333333333333,48.65,48.96666666666667,50.3,-3.9417777800000025,-0.0999999666666653,0.0673333333333321,14.252,14.416666666666666,18.387037018888893,14.219111111111111,7.790634,7.7481227,7.7166076,7.638037,7.8090453,0,3.0,0,0.25,-0.99,25.7,74.3
2023-02-17 02:45:00,52.784833055552,38.996495611112,39.006217488888,18.1888889,14.416666666666666,50.3,1,5.1764362714980825,70.66250196097344,2,4,2,0.4999999999999999,0.8660254037844387,-0.433883739117558,-0.9009688679024191,0.8660254037844386,0.5000000000000001,0.0,0.0,0.0,16.85,33.05,100.0,88.5,8.1,8.298536,0.0,9.975,18.32037036,49.96666666666667,49.4,48.68333333333333,48.65,49.85,-3.772222233333333,-0.0722222133333367,0.0973333333333332,14.319333333333333,12.502666666666666,18.27037036444445,14.329333333333333,7.8090453,7.790634,7.7481227,7.7166076,7.799828,0,3.0,1,0.25,-1.0,26.3,73.7
2023-02-17 03:00:00,82.465312472218,55.96665016111,55.97776088333,18.32037036,12.502666666666666,49.85,1,5.1764362714980825,70.66250196097344,3,4,2,0.7071067811865476,0.7071067811865476,-0.433883739117558,-0.9009688679024191,0.8660254037844386,0.5000000000000001,0.0,0.0,0.0,17.3,33.5,100.0,89.0,8.2,8.358664,0.0,10.0,18.527777800000003,50.3,49.96666666666667,49.4,48.68333333333333,49.75,-5.817703693333336,0.1314814600000033,-1.914,14.416666666666666,10.018666666666666,18.256790124444446,13.746222222222222,7.799828,7.8090453,7.790634,7.7481227,7.880493,0,2.0,0,0.5,-0.98,25.1,74.9
2023-02-17 03:15:00,34.071137149998,0.0,0.0,18.527777800000003,10.018666666666666,49.75,0,5.1764362714980825,70.66250196097344,3,4,2,0.7071067811865476,0.7071067811865476,-0.433883739117558,-0.9009688679024191,0.8660254037844386,0.5000000000000001,0.0,0.0,0.0,16.85,34.225,100.0,88.5,8.274999999999999,8.37783,0.0,10.125,18.411111076666664,49.85,50.3,49.96666666666667,49.4,48.516666666666666,-8.509111133333336,0.2074074400000007,-2.484,12.502666666666666,8.222666666666667,18.34567902,12.312666666666669,7.880493,7.799828,7.8090453,7.790634,7.632176,1,2.0,1,0.5,-0.93,23.2,76.8
2023-02-17 03:30:00,20.966383777768,0.0,0.0,18.411111076666664,8.222666666666667,48.516666666666666,0,5.1764362714980825,70.66250196097344,3,4,2,0.7071067811865476,0.7071067811865476,-0.433883739117558,-0.9009688679024191,0.8660254037844386,0.5000000000000001,0.0,0.0,0.0,16.4,34.95,100.0,88.0,8.35,8.396701,0.0,10.25,18.25555553,49.75,49.85,50.3,49.96666666666667,47.1,-10.188444409999995,-0.1166667233333385,-1.7959999999999994,10.018666666666666,7.700666666666667,18.41975307888889,10.248,7.632176,7.880493,7.799828,7.8090453,7.341252,0,2.0,0,0.5,-0.96,24.5,75.5
2023-02-17 03:45:00,76.79776138333,52.859829972222,52.870662972218,18.25555553,7.700666666666667,47.1,1,5.1764362714980825,70.66250196097344,3,4,2,0.7071067811865476,0.7071067811865476,-0.433883739117558,-0.9009688679024191,0.8660254037844386,0.5000000000000001,0.0,0.0,0.0,15.95,35.675,100.0,87.5,8.424999999999999,8.415276,0.0,10.375,18.364814796666668,48.516666666666666,49.75,49.85,50.3,46.16666666666666,-10.554888863333332,-0.1555555466666653,-0.5220000000000002,8.222666666666667,7.604,18.398148135555555,8.647333333333334,7.341252,7.632176,7.880493,7.799828,7.242585,0,2.0,1,0.5,-1.0,26.3,73.7
2023-02-17 04:00:00,90.634430094442,76.892479711112,76.905257049998,18.364814796666668,7.604,46.16666666666666,2,5.1764362714980825,70.66250196097344,4,4,2,0.8660254037844386,0.5000000000000001,-0.433883739117558,-0.9009688679024191,0.8660254037844386,0.5000000000000001,0.0,0.0,0.0,15.5,36.4,100.0,87.0,8.5,8.433548,0.0,10.5,18.63333335,47.1,48.516666666666666,49.75,49.85,44.75,-10.760814796666669,0.1092592666666689,-0.0966666666666666,7.700666666666667,7.278,18.34382713444445,7.842444444444445,7.242585,7.341252,7.632176,7.880493,7.1329284,0,2.0,1,0.5,-0.98,25.5,74.5
2023-02-17 04:15:00,33.985862661114,0.0,0.0,18.63333335,7.278,44.75,0,5.1764362714980825,70.66250196097344,4,4,2,0.8660254037844386,0.5000000000000001,-0.433883739117558,-0.9009688679024191,0.8660254037844386,0.5000000000000001,0.0,0.0,0.0,15.8,35.75,100.0,86.75,8.575,8.489322,0.0,10.65,18.44999999,46.16666666666666,47.1,48.516666666666666,49.75,44.03333333333333,-11.35533335,0.2685185533333332,-0.3259999999999996,7.604,7.273333333333331,18.41790122555556,7.527555555555556,7.1329284,7.242585,7.341252,7.632176,6.9428883,1,2.0,1,0.5,-0.93,23.2,76.8
2023-02-17 04:30:00,30.700438699996,0.0,0.0,18.44999999,7.273333333333331,44.03333333333333,0,5.1764362714980825,70.66250196097344,4,4,2,0.8660254037844386,0.5000000000000001,-0.433883739117558,-0.9009688679024191,0.8660254037844386,0.5000000000000001,0.0,0.0,0.0,16.1,35.099999999999994,100.0,86.5,8.65,8.545294,0.0,10.8,18.30555556,44.75,46.16666666666666,47.1,48.516666666666666,44.0,-11.176666656666663,-0.1833333600000024,-0.0046666666666679,7.278,7.354,18.48271604555556,7.385111111111112,6.9428883,7.1329284,7.242585,7.341252,6.8784547,0,2.0,0,0.5,-0.97,25.1,74.9
2023-02-17 04:45:00,96.269482499996,82.51975461111199,82.533365216666,18.30555556,7.354,44.0,2,5.1764362714980825,70.66250196097344,4,4,2,0.8660254037844386,0.5000000000000001,-0.433883739117558,-0.9009688679024191,0.8660254037844386,0.5000000000000001,0.0,0.0,0.0,16.4,34.45,100.0,86.25,8.725,8.601461,0.0,10.95,18.52407409,44.03333333333333,44.75,46.16666666666666,47.1,43.63333333333333,-10.951555560000005,-0.1444444299999965,0.0806666666666675,7.273333333333331,7.2266666666666675,18.46296296666667,7.301777777777779,6.8784547,6.9428883,7.1329284,7.242585,6.910085,0,2.0,1,0.5,-1.01,26.5,73.5
2023-02-17 05:00:00,63.949664277772,50.546033644444,50.556588855552,18.52407409,7.2266666666666675,43.63333333333333,1,5.1764362714980825,70.66250196097344,5,4,2,0.9659258262890684,0.2588190451025207,-0.433883739117558,-0.9009688679024191,0.8660254037844386,0.5000000000000001,0.0,0.0,0.0,16.7,33.8,100.0,86.0,8.8,8.657829,0.0,11.1,18.6777778,44.0,44.03333333333333,44.75,46.16666666666666,43.0,-11.297407423333333,0.2185185299999972,-0.1273333333333326,7.354,7.268,18.426543213333336,7.284666666666666,6.910085,6.8784547,6.9428883,7.1329284,6.872039,0,2.0,1,0.5,-0.96,24.5,75.5
2023-02-17 05:15:00,39.060937649994,0.0,0.0,18.6777778,7.268,43.0,0,5.1764362714980825,70.66250196097344,5,4,2,0.9659258262890684,0.2588190451025207,-0.433883739117558,-0.9009688679024191,0.8660254037844386,0.5000000000000001,0.0,0.0,0.0,17.0,34.8,100.0,85.5,8.9,8.702635,0.0,11.275,18.418518483333333,43.63333333333333,44.0,44.03333333333333,44.75,43.0,-11.4097778,0.153703710000002,0.0413333333333323,7.2266666666666675,6.786,18.50246915,7.28288888888889,6.872039,6.910085,6.8784547,6.9428883,6.7673173,1,2.0,1,0.5,-0.93,23.2,76.8
2023-02-17 05:30:00,25.041776088888,0.0,0.0,18.418518483333333,6.786,43.0,0,5.1764362714980825,70.66250196097344,5,4,2,0.9659258262890684,0.2588190451025207,-0.433883739117558,-0.9009688679024191,0.8660254037844386,0.5000000000000001,0.0,0.0,0.0,17.299999999999997,35.8,100.0,85.0,9.0,8.747235,0.0,11.45,18.31666667,43.0,43.63333333333333,44.0,44.03333333333333,43.0,-11.632518483333332,-0.2592593166666681,-0.4820000000000002,7.268,6.155333333333333,18.540123457777774,7.0935555555555565,6.7673173,6.872039,6.910085,6.8784547,6.726558,0,2.0,0,0.5,-0.99,25.6,74.4
2023-02-17 05:45:00,107.140714383326,93.794303644444,93.809303094442,18.31666667,6.155333333333333,43.0,2,5.1764362714980825,70.66250196097344,5,4,2,0.9659258262890684,0.2588190451025207,-0.433883739117558,-0.9009688679024191,0.8660254037844386,0.5000000000000001,0.0,0.0,0.0,17.599999999999998,36.8,100.0,84.5,9.1,8.791623,0.0,11.625,18.56666666,43.0,43.0,43.63333333333333,44.0,42.63333333333333,-12.161333336666669,-0.101851813333333,-0.6306666666666665,6.786,5.908666666666666,18.470987651111116,6.7364444444444445,6.726558,6.7673173,6.872039,6.910085,6.768771,0,2.0,1,0.5,-1.01,26.6,73.4
2023-02-17 06:00:00,52.924549633332,32.416758811112,32.425091877776,18.56666666,5.908666666666666,42.63333333333333,1,5.1764362714980825,70.66250196097344,6,4,2,1.0,6.123233995736766e-17,-0.433883739117558,-0.9009688679024191,0.8660254037844386,0.5000000000000001,0.0,0.0,0.0,17.9,37.8,100.0,84.0,9.2,8.835792,0.0,11.8,18.62777776,43.0,43.0,43.0,43.63333333333333,42.0,-12.657999993333334,0.2499999899999991,-0.246666666666667,6.155333333333333,5.151333333333333,18.433950604444444,6.283333333333334,6.768771,6.726558,6.7673173,6.872039,6.6923895,0,2.0,1,0.5,-0.95,24.3,75.7
2023-02-17 06:15:00,29.63937004444,0.0,0.0,18.62777776,5.151333333333333,42.0,0,5.1764362714980825,70.66250196097344,6,4,2,1.0,6.123233995736766e-17,-0.433883739117558,-0.9009688679024191,0.8660254037844386,0.5000000000000001,0.0,0.0,0.0,19.175,39.875,100.0,84.75,9.375,8.94258,0.05,11.85,18.414814776666667,42.63333333333333,43.0,43.0,43.0,42.0,-13.476444426666667,0.0611111000000015,-0.7573333333333334,5.908666666666666,3.665333333333333,18.503703696666665,5.738444444444444,6.6923895,6.768771,6.726558,6.7673173,6.608486,1,2.0,1,0.5,-0.94,23.8,76.2
2023-02-17 06:30:00,29.72575550555,0.0,0.0,18.414814776666667,3.665333333333333,42.0,0,5.1764362714980825,70.66250196097344,6,4,2,1.0,6.123233995736766e-17,-0.433883739117558,-0.9009688679024191,0.8660254037844386,0.5000000000000001,0.0,0.0,0.0,20.45,41.95,100.0,85.5,9.55,9.049941,0.1,11.9,18.32222223,42.0,42.63333333333333,43.0,43.0,41.65,-14.749481443333334,-0.2129629833333339,-1.485999999999999,5.151333333333333,2.707333333333333,18.536419732222225,4.908444444444444,6.608486,6.6923895,6.768771,6.726558,6.517524,0,2.0,0,0.5,-0.99,25.8,74.2
2023-02-17 06:45:00,135.447637561106,116.417287572222,116.435064711108,18.32222223,2.707333333333333,41.65,2,5.1764362714980825,70.66250196097344,6,4,2,1.0,6.123233995736766e-17,-0.433883739117558,-0.9009688679024191,0.8660254037844386,0.5000000000000001,0.0,0.0,0.0,21.725,44.025,100.0,86.25,9.725,9.157872,0.15,11.95,18.61851855333333,42.0,42.0,42.63333333333333,43.0,41.13333333333333,-15.614888896666669,-0.0925925466666655,-0.9580000000000002,3.665333333333333,2.56,18.45493825555556,3.8413333333333335,6.517524,6.608486,6.6923895,6.768771,6.5507007,0,2.0,1,0.5,-1.02,26.8,73.2
2023-02-17 07:00:00,57.364094444436,38.990384805554,38.999551155552,18.61851855333333,2.56,41.13333333333333,1,5.1764362714980825,70.66250196097344,7,4,2,0.9659258262890684,-0.2588190451025206,-0.433883739117558,-0.9009688679024191,0.8660254037844386,0.5000000000000001,0.0,0.0,0.0,23.0,46.1,100.0,87.0,9.9,9.266378,0.2,12.0,18.64444444,41.65,42.0,42.0,42.63333333333333,40.2,-16.058518553333336,0.2962963233333333,-0.1473333333333331,2.707333333333333,2.488,18.45185185333333,2.977555555555556,6.5507007,6.517524,6.608486,6.6923895,6.4118953,0,2.0,1,0.5,-0.95,24.1,75.9
2023-02-17 07:15:00,148.44295096111,0.0,0.0,18.64444444,2.488,40.2,0,5.1764362714980825,70.66250196097344,7,4,2,0.9659258262890684,-0.2588190451025206,-0.433883739117558,-0.9009688679024191,0.8660254037844386,0.5000000000000001,0.0,0.0,0.0,22.325,47.975,100.0,88.75,8.075,8.256218,0.4,9.85,18.435185163333337,41.13333333333333,41.65,42.0,42.0,40.65,-16.156444439999998,0.0259258866666627,-0.072,2.56,2.4066666666666667,18.528395074444447,2.585111111111112,6.4118953,6.5507007,6.517524,6.608486,6.403801,1,2.0,1,0.5,-0.95,24.0,76.0
2023-02-17 07:30:00,317.848952249998,87.849263688888,87.86481863333199,18.435185163333337,2.4066666666666667,40.65,2,5.1764362714980825,70.66250196097344,7,4,2,0.9659258262890684,-0.2588190451025206,-0.433883739117558,-0.9009688679024191,0.8660254037844386,0.5000000000000001,0.0,0.0,0.0,21.65,49.85,100.0,90.5,6.25,7.335774,0.6000000000000001,7.7,18.59444447,40.2,41.13333333333333,41.65,42.0,40.55,-16.02851849666667,-0.2092592766666605,-0.0813333333333332,2.488,2.288,18.566049385555555,2.4848888888888894,6.403801,6.4118953,6.5507007,6.517524,6.448605,0,1.0,1,0.75,-1.0,25.9,74.1
2023-02-17 07:45:00,83.86664536666001,63.937997944444,63.951330811108,18.59444447,2.288,40.55,1,5.1764362714980825,70.66250196097344,7,4,2,0.9659258262890684,-0.2588190451025206,-0.433883739117558,-0.9009688679024191,0.8660254037844386,0.5000000000000001,0.0,0.0,0.0,20.975,51.725,100.0,92.25,4.425,6.4995594,0.8,5.55,18.70925927,40.65,40.2,41.13333333333333,41.65,39.56666666666667,-16.30644447,0.1592593066666623,-0.1186666666666669,2.4066666666666667,2.2266666666666666,18.55802469111111,2.3942222222222225,6.448605,6.403801,6.4118953,6.5507007,6.335127,0,1.0,1,0.75,-0.96,24.4,75.6
2023-02-17 08:00:00,32.0637174,0.0,0.0,18.70925927,2.2266666666666666,39.56666666666667,0,5.1764362714980825,70.66250196097344,8,4,2,0.8660254037844387,-0.4999999999999998,-0.433883739117558,-0.9009688679024191,0.8660254037844386,0.5000000000000001,0.0,0.0,0.0,20.3,53.6,100.0,94.0,2.6,5.7421303,1.0,3.4,18.51111108,40.55,40.65,40.2,41.13333333333333,39.55,-16.482592603333334,0.1148148000000013,-0.0613333333333332,2.288,2.07,18.579629634444448,2.307111111111112,6.335127,6.448605,6.403801,6.4118953,6.2586107,1,2.0,1,0.5,-0.94,23.6,76.4
2023-02-17 08:15:00,137.273119988888,103.4225296,103.438084577776,18.51111108,2.07,39.55,2,5.1764362714980825,70.66250196097344,8,4,2,0.8660254037844387,-0.4999999999999998,-0.433883739117558,-0.9009688679024191,0.8660254037844386,0.5000000000000001,1.75,0.4375,0.1458333333333333,18.575,50.55,100.0,94.5,2.075,5.554105,0.775,2.825,18.66111111,39.56666666666667,40.55,40.65,40.2,39.96666666666667,-16.44111108,-0.1981481900000012,-0.1566666666666667,2.2266666666666666,1.852,18.60493827333333,2.1948888888888898,6.2586107,6.335127,6.448605,6.403801,6.380971,0,1.0,1,0.75,-0.98,25.4,74.6
2023-02-17 08:30:00,53.425918361114,11.921467522224,11.930633888888,18.66111111,1.852,39.96666666666667,1,5.1764362714980825,70.66250196097344,8,4,2,0.8660254037844387,-0.4999999999999998,-0.433883739117558,-0.9009688679024191,0.8660254037844386,0.5000000000000001,3.5,1.3125,0.4375,16.85,47.5,100.0,95.0,1.55,5.3710866,0.55,2.25,18.63888889,39.55,39.56666666666667,40.55,40.65,39.6,-16.80911111,0.150000030000001,-0.2179999999999997,2.07,1.364,18.627160486666668,2.049555555555556,6.380971,6.2586107,6.335127,6.448605,6.3141193,0,1.0,1,0.75,-0.95,23.9,76.1
2023-02-17 08:45:00,25.38620684444,0.0,0.0,18.63888889,1.364,39.6,0,5.1764362714980825,70.66250196097344,8,4,2,0.8660254037844387,-0.4999999999999998,-0.433883739117558,-0.9009688679024191,0.8660254037844386,0.5000000000000001,5.25,2.625,0.875,15.125,44.45,100.0,95.5,1.025,5.192984,0.325,1.675,18.42407406333333,39.96666666666667,39.55,39.56666666666667,40.55,39.03333333333333,-17.274888889999996,-0.0222222200000032,-0.488,1.852,1.0493333333333337,18.603703693333333,1.7620000000000005,6.3141193,6.380971,6.2586107,6.335127,6.14507,1,2.0,1,0.5,-0.95,24.2,75.8
2023-02-17 09:00:00,141.690998916662,118.900521555556,118.920243049998,18.42407406333333,1.0493333333333337,39.03333333333333,2,5.1764362714980825,70.66250196097344,9,4,2,0.7071067811865476,-0.7071067811865475,-0.433883739117558,-0.9009688679024191,0.8660254037844386,0.5000000000000001,7.0,4.375,1.4583333333333333,13.4,41.4,100.0,96.0,0.5,5.0196996,0.1,1.1,18.62777775,39.6,39.96666666666667,39.55,39.56666666666667,38.6,-17.37474073,-0.2148148266666645,-0.3146666666666666,1.364,0.9553333333333334,18.574691354444443,1.4217777777777785,6.14507,6.3141193,6.380971,6.2586107,6.1506243,0,1.0,1,0.75,-1.01,26.4,73.6
2023-02-17 09:15:00,40.988916077772,12.964759155556,12.973647766664,18.62777775,0.9553333333333334,38.6,1,5.1764362714980825,70.66250196097344,9,4,2,0.7071067811865476,-0.7071067811865475,-0.433883739117558,-0.9009688679024191,0.8660254037844386,0.5000000000000001,11.75,6.875,2.4375,14.35,40.4,100.0,96.0,0.4,4.9855337,0.2,1.0,18.55740738333333,39.03333333333333,39.6,39.96666666666667,39.55,38.03333333333333,-17.672444416666668,0.2037036866666675,-0.094,1.0493333333333337,0.538,18.563580234444444,1.1228888888888895,6.1506243,6.14507,6.3141193,6.380971,6.0351324,0,1.0,1,0.75,-0.96,24.5,75.5
2023-02-17 09:30:00,84.03302746111,45.392350883334,45.403739377776,18.55740738333333,0.538,38.03333333333333,1,5.1764362714980825,70.66250196097344,9,4,2,0.7071067811865476,-0.7071067811865475,-0.433883739117558,-0.9009688679024191,0.8660254037844386,0.5000000000000001,16.5,10.125,3.8125,15.3,39.4,100.0,96.0,0.3,4.9515715,0.3,0.9,18.50555554,38.6,39.03333333333333,39.6,39.96666666666667,37.9,-18.01940738333333,-0.0703703666666655,-0.4173333333333333,0.9553333333333334,-0.31,18.536419732222225,0.8475555555555562,6.0351324,6.1506243,6.14507,6.3141193,5.9955316,0,1.0,0,0.75,-0.98,25.3,74.7
2023-02-17 09:45:00,130.64782937778,97.8169205,97.8310866,18.50555554,-0.31,37.9,2,5.1764362714980825,70.66250196097344,9,4,2,0.7071067811865476,-0.7071067811865475,-0.433883739117558,-0.9009688679024191,0.8660254037844386,0.5000000000000001,21.25,14.125,5.583333333333333,16.25,38.4,100.0,96.0,0.1999999999999999,4.917812,0.4,0.8,18.666666650000003,38.03333333333333,38.6,39.03333333333333,39.6,36.88333333333333,-18.81555554,-0.0518518433333348,-0.8480000000000001,0.538,-0.6646666666666667,18.563580224444447,0.394444444444445,5.9955316,6.0351324,6.1506243,6.14507,5.8906302,0,0.0,1,1.0,-0.99,25.8,74.2
2023-02-17 10:00:00,37.859874527774,0.0,0.0,18.666666650000003,-0.6646666666666667,36.88333333333333,0,5.1764362714980825,70.66250196097344,10,4,2,0.4999999999999999,-0.8660254037844387,-0.433883739117558,-0.9009688679024191,0.8660254037844386,0.5000000000000001,26.0,18.875,7.75,17.2,37.4,100.0,96.0,0.1,4.884254,0.5,0.7,18.50555553,37.9,38.03333333333333,38.6,39.03333333333333,36.5,-19.33133331666667,0.1611111100000037,-0.3546666666666667,-0.31,-0.82,18.576543191111117,-0.145555555555555,5.8906302,5.9955316,6.0351324,6.1506243,5.7740607,1,1.0,1,0.75,-0.96,24.5,75.5
2023-02-17 10:15:00,241.442008783326,101.388166544444,101.407332511108,18.50555553,-0.82,36.5,2,5.1764362714980825,70.66250196097344,10,4,2,0.4999999999999999,-0.8660254037844387,-0.433883739117558,-0.9009688679024191,0.8660254037844386,0.5000000000000001,29.75,23.375,10.229166666666666,17.45,38.5,100.0,94.5,-0.35,4.7343345,0.475,0.475,18.609259273333336,36.88333333333333,37.9,38.03333333333333,38.6,36.13333333333333,-19.32555553,-0.1611111200000046,-0.1553333333333332,-0.6646666666666667,-1.052,18.55925924,-0.5982222222222217,5.7740607,5.8906302,5.9955316,6.0351324,5.7512712,0,1.0,1,0.75,-1.0,26.1,73.9
2023-02-17 10:30:00,276.381999844444,46.50536196111,46.519528077776,18.609259273333336,-1.052,36.13333333333333,1,5.1764362714980825,70.66250196097344,10,4,2,0.4999999999999999,-0.8660254037844387,-0.433883739117558,-0.9009688679024191,0.8660254037844386,0.5000000000000001,33.5,27.625,13.020833333333334,17.7,39.6,100.0,93.0,-0.8,4.5877256,0.45,0.2499999999999999,18.58888891,36.5,36.88333333333333,37.9,38.03333333333333,35.5,-19.661259273333336,0.1037037433333374,-0.2320000000000001,-0.82,-1.4786666666666666,18.593827151111118,-0.845555555555555,5.7512712,5.7740607,5.8906302,5.9955316,5.6436543,0,1.0,1,0.75,-0.98,25.2,74.8
2023-02-17 10:45:00,67.118981783334,29.785475183334,29.796308116666,18.58888891,-1.4786666666666666,35.5,1,5.1764362714980825,70.66250196097344,10,4,2,0.4999999999999999,-0.8660254037844387,-0.433883739117558,-0.9009688679024191,0.8660254037844386,0.5000000000000001,37.25,31.625,16.125,17.95,40.7,100.0,91.5,-1.2499999999999998,4.4443703,0.425,0.025,18.481481486666667,36.13333333333333,36.5,36.88333333333333,37.9,35.5,-20.067555576666663,-0.0203703633333383,-0.4266666666666665,-1.052,-1.7666666666666666,18.56790123777778,-1.1168888888888882,5.6436543,5.7512712,5.7740607,5.8906302,5.6078615,0,1.0,0,0.75,-0.99,25.6,74.4
2023-02-17 11:00:00,1035.565242350002,117.222533127778,117.242810116666,18.481481486666667,-1.7666666666666666,35.5,2,5.1764362714980825,70.66250196097344,11,4,2,0.258819045102521,-0.9659258262890682,-0.433883739117558,-0.9009688679024191,0.8660254037844386,0.5000000000000001,41.0,35.375,19.541666666666668,18.2,41.8,100.0,90.0,-1.7,4.304209,0.4,-0.2,18.63333335,35.5,36.13333333333333,36.5,36.88333333333333,35.85,-20.24814815333333,-0.1074074233333313,-0.288,-1.4786666666666666,-1.8033333333333332,18.55987655666667,-1.432444444444444,5.6078615,5.6436543,5.7512712,5.7740607,5.7143116,0,0.0,1,1.0,-1.01,26.6,73.4
2023-02-17 11:15:00,434.334014761114,0.0,0.0,18.63333335,-1.8033333333333332,35.85,0,5.1764362714980825,70.66250196097344,11,4,2,0.258819045102521,-0.9659258262890682,-0.433883739117558,-0.9009688679024191,0.8660254037844386,0.5000000000000001,42.75,38.625,22.95833333333333,18.725,42.25,100.0,88.75,-2.15,4.164533,0.5,-0.475,18.470370376666665,35.5,35.5,36.13333333333333,36.5,36.36666666666667,-20.436666683333332,0.1518518633333343,-0.0366666666666668,-1.7666666666666666,-1.8906666666666667,18.56790124888889,-1.6828888888888882,5.7143116,5.6078615,5.6436543,5.7512712,5.740987,1,1.0,1,0.75,-0.97,25.1,74.9
2023-02-17 11:30:00,148.056577466668,112.628828,112.648271672222,18.470370376666665,-1.8906666666666667,36.36666666666667,2,5.1764362714980825,70.66250196097344,11,4,2,0.258819045102521,-0.9659258262890682,-0.433883739117558,-0.9009688679024191,0.8660254037844386,0.5000000000000001,44.5,41.375,26.375,19.25,42.7,100.0,87.5,-2.6,4.0284104,0.6000000000000001,-0.75,18.58333336,35.85,35.5,35.5,36.13333333333333,37.6,-20.361037043333333,-0.1629629733333359,-0.0873333333333332,-1.8033333333333332,-2.194666666666667,18.52839507111111,-1.8202222222222213,5.740987,5.7143116,5.6078615,5.6436543,5.9755387,0,1.0,1,0.75,-1.01,26.5,73.5
2023-02-17 11:45:00,98.762993705558,66.715386827778,66.729552927778,18.58333336,-2.194666666666667,37.6,1,5.1764362714980825,70.66250196097344,11,4,2,0.258819045102521,-0.9659258262890682,-0.433883739117558,-0.9009688679024191,0.8660254037844386,0.5000000000000001,46.25,43.625,29.791666666666668,19.775,43.15,100.0,86.25,-3.05,3.8957684,0.7000000000000001,-1.025,18.605555576666667,36.36666666666667,35.85,35.5,35.5,36.88333333333333,-20.778000026666664,0.1129629833333325,-0.3040000000000002,-1.8906666666666667,-2.3146666666666667,18.562345695555557,-1.9628888888888885,5.9755387,5.740987,5.7143116,5.6078615,5.8693614,0,1.0,1,0.75,-0.98,25.2,74.8
2023-02-17 12:00:00,41.686110138894,22.996857855556,23.006857455556,18.605555576666667,-2.3146666666666667,36.88333333333333,1,5.1764362714980825,70.66250196097344,12,4,2,1.2246467991473532e-16,-1.0,-0.433883739117558,-0.9009688679024191,0.8660254037844386,0.5000000000000001,48.0,45.375,33.208333333333336,20.3,43.6,100.0,85.0,-3.5,3.7665355,0.8,-1.3,18.44444445,37.6,36.36666666666667,35.85,35.5,36.85,-20.92022224333333,0.0222222166666696,-0.1199999999999996,-2.194666666666667,-2.3826666666666667,18.55308643777778,-2.133333333333333,5.8693614,5.9755387,5.740987,5.7143116,5.8083534,0,1.0,0,0.75,-0.98,25.1,74.9
2023-02-17 12:15:00,181.559126211112,147.722979744444,147.745756633332,18.44444445,-2.3826666666666667,36.85,2,5.1764362714980825,70.66250196097344,12,4,2,1.2246467991473532e-16,-1.0,-0.433883739117558,-0.9009688679024191,0.8660254037844386,0.5000000000000001,58.5,49.3125,37.10416666666666,19.575,44.05,100.0,83.25,-4.075,3.6125898,0.675,-1.6,18.61666667333333,36.88333333333333,37.6,36.36666666666667,35.85,36.45,-20.827111116666664,-0.1611111266666682,-0.068,-2.3146666666666667,-2.6533333333333333,18.54444446222222,-2.297333333333333,5.8083534,5.8693614,5.9755387,5.740987,5.80422,0,0.0,1,1.0,-1.01,26.7,73.3
2023-02-17 12:30:00,63.64023212222,22.964636944444,22.970747849998,18.61666667333333,-2.6533333333333333,36.45,1,5.1764362714980825,70.66250196097344,12,4,2,1.2246467991473532e-16,-1.0,-0.433883739117558,-0.9009688679024191,0.8660254037844386,0.5000000000000001,69.0,55.4375,41.47916666666666,18.85,44.5,100.0,81.5,-4.65,3.4632204,0.55,-1.9,18.50555554,36.85,36.88333333333333,37.6,36.36666666666667,35.15,-21.270000006666667,0.1722222233333354,-0.2706666666666666,-2.3826666666666667,-2.85,18.55555556666667,-2.4502222222222216,5.80422,5.8083534,5.8693614,5.9755387,5.560499,0,0.0,1,1.0,-0.98,25.1,74.9
2023-02-17 12:45:00,138.94305322222,70.323853616666,70.331908844444,18.50555554,-2.85,35.15,1,5.1764362714980825,70.66250196097344,12,4,2,1.2246467991473532e-16,-1.0,-0.433883739117558,-0.9009688679024191,0.8660254037844386,0.5000000000000001,79.5,63.75,46.333333333333336,18.125,44.95,100.0,79.75,-5.225,3.3183174,0.425,-2.2,18.453703723333334,36.45,36.85,36.88333333333333,37.6,35.0,-21.35555554,-0.1111111333333347,-0.1966666666666667,-2.6533333333333333,-3.045333333333333,18.52222222111111,-2.6286666666666663,5.560499,5.80422,5.8083534,5.8693614,5.519783,0,0.0,0,1.0,-1.01,26.4,73.6
2023-02-17 13:00:00,218.11099746111,123.801158855556,123.830879916666,18.453703723333334,-3.045333333333333,35.0,2,5.1764362714980825,70.66250196097344,13,4,2,-0.2588190451025208,-0.9659258262890684,-0.433883739117558,-0.9009688679024191,0.8660254037844386,0.5000000000000001,90.0,74.25,51.66666666666666,17.4,45.4,100.0,78.0,-5.8,3.1777751,0.3,-2.5,18.60555559,35.15,36.45,36.85,36.88333333333333,34.6,-21.499037056666666,-0.0518518166666659,-0.1953333333333331,-2.85,-3.135333333333333,18.52530864555556,-2.8495555555555554,5.519783,5.560499,5.80422,5.8083534,5.5060067,0,0.0,1,1.0,-1.02,27.0,73.0
2023-02-17 13:15:00,132.676915077772,0.0,0.0,18.60555559,-3.135333333333333,34.6,0,5.1764362714980825,70.66250196097344,13,4,2,-0.2588190451025208,-0.9659258262890684,-0.433883739117558,-0.9009688679024191,0.8660254037844386,0.5000000000000001,111.0,87.375,58.4375,17.799999999999997,44.85,100.0,76.5,-6.05,3.1166642,0.2249999999999999,-2.5,18.387037033333336,35.0,35.15,36.45,36.85,34.21666666666667,-21.74088892333333,0.1518518666666644,-0.0900000000000003,-3.045333333333333,-3.3753333333333333,18.52160495111111,-3.0102222222222217,5.5060067,5.519783,5.560499,5.80422,5.3749585,1,1.0,1,0.75,-0.99,25.6,74.4
2023-02-17 13:30:00,239.741243366664,111.046113544444,111.11583302222,18.387037033333336,-3.3753333333333333,34.21666666666667,2,5.1764362714980825,70.66250196097344,13,4,2,-0.2588190451025208,-0.9659258262890684,-0.433883739117558,-0.9009688679024191,0.8660254037844386,0.5000000000000001,132.0,103.125,66.64583333333333,18.2,44.3,100.0,75.0,-6.3,3.0555532,0.15,-2.5,18.49444446,34.6,35.0,35.15,36.45,34.45,-21.76237036666667,-0.2185185566666625,-0.2399999999999997,-3.135333333333333,-3.436,18.482098782222224,-3.1853333333333325,5.3749585,5.5060067,5.519783,5.560499,5.4461765,0,1.0,1,0.75,-1.04,27.8,72.2
2023-02-17 13:45:00,391.239627555556,80.611219855556,80.674550688888,18.49444446,-3.436,34.45,2,5.1764362714980825,70.66250196097344,13,4,2,-0.2588190451025208,-0.9659258262890684,-0.433883739117558,-0.9009688679024191,0.8660254037844386,0.5000000000000001,153.0,121.5,76.29166666666667,18.6,43.75,100.0,73.5,-6.55,2.9944422,0.0749999999999999,-2.5,18.525925926666662,34.21666666666667,34.6,35.0,35.15,33.85,-21.93044446,0.1074074266666649,-0.0606666666666666,-3.3753333333333333,-3.606,18.49567902777778,-3.315555555555555,5.4461765,5.3749585,5.5060067,5.519783,5.361314,0,1.0,0,0.75,-1.01,26.7,73.3
2023-02-17 14:00:00,346.49141762222,0.0,0.0,18.525925926666662,-3.606,33.85,0,5.1764362714980825,70.66250196097344,14,4,2,-0.4999999999999997,-0.8660254037844388,-0.433883739117558,-0.9009688679024191,0.8660254037844386,0.5000000000000001,174.0,142.5,87.375,19.0,43.2,100.0,72.0,-6.8,2.933331,0.0,-2.5,18.2611111,34.45,34.21666666666667,34.6,35.0,33.8,-22.131925926666668,0.0314814666666656,-0.1699999999999999,-3.436,-3.718,18.469135806666667,-3.472444444444444,5.361314,5.4461765,5.3749585,5.5060067,5.269982,1,2.0,1,0.5,-1.01,26.5,73.5
2023-02-17 14:15:00,163.74567216111,34.346681644444,34.38334686111,18.2611111,-3.718,33.8,1,5.1764362714980825,70.66250196097344,14,4,2,-0.4999999999999997,-0.8660254037844388,-0.433883739117558,-0.9009688679024191,0.8660254037844386,0.5000000000000001,169.25,157.0625,97.91666666666669,19.075,43.475,100.0,71.75,-7.05,2.8822503,0.025,-2.7,18.15925924333333,33.85,34.45,34.21666666666667,34.6,33.53333333333333,-21.9791111,-0.2648148266666652,-0.1119999999999996,-3.606,-3.876,18.42716049555556,-3.586666666666666,5.269982,5.361314,5.4461765,5.3749585,5.1968746,0,1.0,1,0.75,-1.07,29.2,70.8
2023-02-17 14:30:00,272.459656877772,131.0997558,131.141698638886,18.15925924333333,-3.876,33.53333333333333,2,5.1764362714980825,70.66250196097344,14,4,2,-0.4999999999999997,-0.8660254037844388,-0.433883739117558,-0.9009688679024191,0.8660254037844386,0.5000000000000001,164.5,165.1875,107.91666666666669,19.15,43.75,100.0,71.5,-7.3,2.8319561,0.05,-2.9,18.36666663,33.8,33.85,34.45,34.21666666666667,33.05,-22.035259243333336,-0.1018518566666664,-0.1580000000000003,-3.718,-3.969333333333333,18.31543209,-3.733333333333333,5.1968746,5.269982,5.361314,5.4461765,5.185423,0,1.0,1,0.75,-1.1,30.3,69.7
2023-02-17 14:45:00,256.441408550002,104.3116607,104.34888146111,18.36666663,-3.969333333333333,33.05,2,5.1764362714980825,70.66250196097344,14,4,2,-0.4999999999999997,-0.8660254037844388,-0.433883739117558,-0.9009688679024191,0.8660254037844386,0.5000000000000001,159.75,166.875,117.375,19.225,44.025,100.0,71.25,-7.55,2.7824383,0.075,-3.1,18.29999997,33.53333333333333,33.8,33.85,34.45,32.25,-22.335999963333336,0.2074073866666665,-0.0933333333333332,-3.876,-4.073333333333333,18.262345657777782,-3.854444444444444,5.185423,5.1968746,5.269982,5.361314,5.039932,0,1.0,0,0.75,-1.05,28.3,71.7
2023-02-17 15:00:00,248.953652572222,127.014085916666,127.06158408333,18.29999997,-4.073333333333333,32.25,2,5.1764362714980825,70.66250196097344,15,4,2,-0.7071067811865471,-0.7071067811865479,-0.433883739117558,-0.9009688679024191,0.8660254037844386,0.5000000000000001,155.0,162.125,126.29166666666669,19.3,44.3,100.0,71.0,-7.8,2.7336864,0.1,-3.3,18.42777777,33.05,33.53333333333333,33.8,33.85,32.8,-22.37333330333333,-0.0666666600000027,-0.104,-3.969333333333333,-4.028,18.275308614444445,-3.972888888888888,5.039932,5.185423,5.1968746,5.269982,5.164882,0,0.0,0,1.0,-1.07,29.1,70.9
2023-02-17 15:15:00,227.008419250002,98.033856272222,98.073576916666,18.42777777,-4.028,32.8,2,5.1764362714980825,70.66250196097344,15,4,2,-0.7071067811865471,-0.7071067811865479,-0.433883739117558,-0.9009688679024191,0.8660254037844386,0.5000000000000001,147.25,156.625,133.6875,19.275,44.2,100.0,70.75,-7.975,2.7000234,0.1,-3.425,18.52222222,32.25,33.05,33.53333333333333,33.8,32.35,-22.45577777,0.1277778000000005,0.0453333333333336,-4.073333333333333,-4.218666666666667,18.36481479,-4.023555555555554,5.164882,5.039932,5.185423,5.1968746,5.122613,0,0.0,0,1.0,-1.04,27.7,72.3
2023-02-17 15:30:00,147.679648144444,37.3451728,37.371560594446,18.52222222,-4.218666666666667,32.35,1,5.1764362714980825,70.66250196097344,15,4,2,-0.7071067811865471,-0.7071067811865479,-0.433883739117558,-0.9009688679024191,0.8660254037844386,0.5000000000000001,139.5,150.375,139.5625,19.25,44.1,100.0,70.5,-8.15,2.6667166,0.1,-3.55,18.37222221,32.8,32.25,33.05,33.53333333333333,32.35,-22.740888886666667,0.094444450000001,-0.1906666666666669,-4.028,-4.162,18.416666653333333,-4.106666666666666,5.122613,5.164882,5.039932,5.185423,5.077268,0,0.0,1,1.0,-1.02,26.9,73.1
2023-02-17 15:45:00,259.84766134444,155.973205288888,156.012370405554,18.37222221,-4.162,32.35,2,5.1764362714980825,70.66250196097344,15,4,2,-0.7071067811865471,-0.7071067811865479,-0.433883739117558,-0.9009688679024191,0.8660254037844386,0.5000000000000001,131.75,143.375,143.91666666666666,19.225,44.0,100.0,70.25,-8.325,2.633762,0.1,-3.675,18.56111113,32.35,32.8,32.25,33.05,32.13333333333333,-22.53422221,-0.1500000099999994,0.0566666666666666,-4.218666666666667,-4.190666666666667,18.44074073333333,-4.136222222222221,5.077268,5.122613,5.164882,5.039932,5.1000395,0,0.0,1,1.0,-1.05,28.4,71.6
2023-02-17 16:00:00,140.32133150555,31.513183872222,31.53846066111,18.56111113,-4.190666666666667,32.13333333333333,1,5.1764362714980825,70.66250196097344,16,4,2,-0.8660254037844385,-0.5000000000000004,-0.433883739117558,-0.9009688679024191,0.8660254037844386,0.5000000000000001,124.0,135.625,146.75,19.2,43.9,100.0,70.0,-8.5,2.601156,0.1,-3.8,18.44444445,32.35,32.35,32.8,32.25,31.2,-22.751777796666666,0.1888889199999965,-0.028666666666667,-4.162,-4.101333333333334,18.485185186666666,-4.190444444444444,5.1000395,5.077268,5.122613,5.164882,4.917792,0,0.0,1,1.0,-1.01,26.6,73.4
2023-02-17 16:15:00,201.753040688888,74.492575727778,74.5228523,18.44444445,-4.101333333333334,31.2,2,5.1764362714980825,70.66250196097344,16,4,2,-0.8660254037844385,-0.5000000000000004,-0.433883739117558,-0.9009688679024191,0.8660254037844386,0.5000000000000001,113.75,127.25,146.97916666666666,19.25,43.725,100.0,69.5,-8.65,2.5642533,0.1,-3.9,18.34629629333333,32.13333333333333,32.35,32.35,32.8,31.466666666666665,-22.54577778333333,-0.116666679999998,0.0893333333333332,-4.190666666666667,-4.106,18.459259263333333,-4.151333333333333,4.917792,5.1000395,5.077268,5.122613,4.9310417,0,0.0,1,1.0,-1.04,27.9,72.1
2023-02-17 16:30:00,249.744176516666,145.0300319,145.06808596111,18.34629629333333,-4.106,31.466666666666665,2,5.1764362714980825,70.66250196097344,16,4,2,-0.8660254037844385,-0.5000000000000004,-0.433883739117558,-0.9009688679024191,0.8660254037844386,0.5000000000000001,103.5,118.25,144.60416666666666,19.3,43.55,100.0,69.0,-8.8,2.5277271,0.1,-4.0,18.53888887,31.2,32.13333333333333,32.35,32.35,31.1,-22.452296293333333,-0.0981481566666637,-0.0046666666666661,-4.101333333333334,-4.094666666666667,18.45061729111111,-4.132666666666666,4.9310417,4.917792,5.1000395,5.077268,4.9295406,0,0.0,0,1.0,-1.06,28.8,71.2
2023-02-17 16:45:00,109.132579055552,0.0,0.0,18.53888887,-4.094666666666667,31.1,0,5.1764362714980825,70.66250196097344,16,4,2,-0.8660254037844385,-0.5000000000000004,-0.433883739117558,-0.9009688679024191,0.8660254037844386,0.5000000000000001,93.25,108.625,139.625,19.35,43.375,100.0,68.5,-8.95,2.4915755,0.1,-4.1,18.362962976666665,31.466666666666665,31.2,32.13333333333333,32.35,30.716666666666665,-22.63355553666667,0.1925925766666658,0.0113333333333329,-4.106,-4.245333333333333,18.44320987111111,-4.100666666666666,4.9295406,4.9310417,4.917792,5.1000395,4.818272,1,1.0,1,0.75,-1.02,27.0,73.0
2023-02-17 17:00:00,238.430184694442,126.071345827778,126.107733305554,18.362962976666665,-4.245333333333333,30.716666666666665,2,5.1764362714980825,70.66250196097344,17,4,2,-0.9659258262890684,-0.2588190451025206,-0.433883739117558,-0.9009688679024191,0.8660254037844386,0.5000000000000001,83.0,98.375,132.04166666666666,19.4,43.2,100.0,68.0,-9.1,2.4557948,0.1,-4.2,18.4388889,31.1,31.466666666666665,31.2,32.13333333333333,30.9,-22.60829631,-0.1759258933333356,-0.150666666666666,-4.094666666666667,-4.198,18.416049380000004,-4.148666666666666,4.818272,4.9295406,4.9310417,4.917792,4.8689017,0,1.0,1,0.75,-1.06,28.8,71.2
2023-02-17 17:15:00,206.08814506111,87.956759388888,87.989258138886,18.4388889,-4.198,30.9,2,5.1764362714980825,70.66250196097344,17,4,2,-0.9659258262890684,-0.2588190451025206,-0.433883739117558,-0.9009688679024191,0.8660254037844386,0.5000000000000001,72.5,88.0625,123.97916666666669,19.325,43.2,100.0,67.5,-9.275,2.4290464,0.1,-4.25,18.47037038333333,30.716666666666665,31.1,31.466666666666665,31.2,30.066666666666663,-22.6368889,0.0759259233333331,0.0473333333333334,-4.245333333333333,-4.1466666666666665,18.446913582222223,-4.179333333333332,4.8689017,4.818272,4.9295406,4.9310417,4.746444,0,1.0,0,0.75,-1.04,28.0,72.0
2023-02-17 17:30:00,143.09733146111,33.448939772222,33.475049811112,18.47037038333333,-4.1466666666666665,30.066666666666663,1,5.1764362714980825,70.66250196097344,17,4,2,-0.9659258262890684,-0.2588190451025206,-0.433883739117558,-0.9009688679024191,0.8660254037844386,0.5000000000000001,62.0,77.6875,115.4375,19.25,43.2,100.0,67.0,-9.45,2.4024534,0.1,-4.300000000000001,18.31666667,30.9,30.716666666666665,31.1,31.466666666666665,30.3,-22.61703705,0.0314814833333336,0.051333333333333,-4.198,-4.1193333333333335,18.424074086666668,-4.196666666666666,4.746444,4.8689017,4.818272,4.9295406,4.739877,0,1.0,1,0.75,-1.04,27.9,72.1
2023-02-17 17:45:00,269.537551433332,155.696549655556,155.734325927778,18.31666667,-4.1193333333333335,30.3,2,5.1764362714980825,70.66250196097344,17,4,2,-0.9659258262890684,-0.2588190451025206,-0.433883739117558,-0.9009688679024191,0.8660254037844386,0.5000000000000001,51.5,67.25,106.41666666666669,19.175,43.2,100.0,66.5,-9.625,2.376016,0.1,-4.3500000000000005,18.50555557333333,30.066666666666663,30.9,30.716666666666665,31.1,29.85,-22.436000003333334,-0.1537037133333321,0.0273333333333329,-4.1466666666666665,-4.198,18.408641984444444,-4.1546666666666665,4.739877,4.746444,4.8689017,4.818272,4.722074,0,0.0,1,1.0,-1.08,29.4,70.6
2023-02-17 18:00:00,146.826071255552,43.226604183334,43.252714272222,18.50555557333333,-4.198,29.85,1,5.1764362714980825,70.66250196097344,18,4,2,-1.0,-1.8369701987210294e-16,-0.433883739117558,-0.9009688679024191,0.8660254037844386,0.5000000000000001,41.0,56.75,96.91666666666669,19.1,43.2,100.0,66.0,-9.8,2.3497324,0.1,-4.4,18.4277778,30.3,30.066666666666663,30.9,30.716666666666665,29.5,-22.703555573333333,0.188888903333332,-0.078666666666666,-4.1193333333333335,-4.19,18.43086420888889,-4.1546666666666665,4.722074,4.739877,4.746444,4.8689017,4.6452446,0,0.0,1,1.0,-1.03,27.6,72.4
2023-02-17 18:15:00,199.580072094442,90.6497072,90.680817088888,18.4277778,-4.19,29.5,2,5.1764362714980825,70.66250196097344,18,4,2,-1.0,-1.8369701987210294e-16,-0.433883739117558,-0.9009688679024191,0.8660254037844386,0.5000000000000001,32.0,46.625,87.3125,18.925,42.85,100.0,66.0,-9.825,2.3455334,0.1,-4.425000000000001,18.36666668,29.85,30.3,30.066666666666663,30.9,29.5,-22.6177778,-0.0777777733333309,0.008,-4.198,-4.376,18.416666681111117,-4.169111111111111,4.6452446,4.722074,4.739877,4.746444,4.628441,0,0.0,1,1.0,-1.05,28.5,71.5
2023-02-17 18:30:00,284.253073805558,143.819247,143.864522972222,18.36666668,-4.376,29.5,2,5.1764362714980825,70.66250196097344,18,4,2,-1.0,-1.8369701987210294e-16,-0.433883739117558,-0.9009688679024191,0.8660254037844386,0.5000000000000001,23.0,36.875,77.60416666666667,18.75,42.5,100.0,66.0,-9.85,2.3413405,0.1,-4.45,18.54999999,29.5,29.85,30.3,30.066666666666663,29.1,-22.74266668,-0.0611111200000031,-0.1860000000000008,-4.19,-4.326666666666667,18.433333351111116,-4.254666666666666,4.628441,4.6452446,4.722074,4.739877,4.6155653,0,0.0,0,1.0,-1.07,29.1,70.9
2023-02-17 18:45:00,476.507883322224,13.273357911112,13.332522227778,18.54999999,-4.326666666666667,29.1,1,5.1764362714980825,70.66250196097344,18,4,2,-1.0,-1.8369701987210294e-16,-0.433883739117558,-0.9009688679024191,0.8660254037844386,0.5000000000000001,14.0,27.5,67.79166666666667,18.575,42.15,100.0,66.0,-9.875,2.3371544,0.1,-4.475,18.35185182,29.5,29.5,29.85,30.3,28.716666666666665,-22.876666656666668,0.1833333100000018,0.0493333333333332,-4.376,-4.323333333333333,18.448148156666665,-4.297555555555555,4.6155653,4.628441,4.6452446,4.722074,4.5015817,0,0.0,1,1.0,-1.03,27.3,72.7
2023-02-17 19:00:00,277.61250613889,137.38228223889,137.448946272222,18.35185182,-4.323333333333333,28.716666666666665,2,5.1764362714980825,70.66250196097344,19,4,2,-0.9659258262890684,0.2588190451025203,-0.433883739117558,-0.9009688679024191,0.8660254037844386,0.5000000000000001,5.0,18.5,57.875,18.4,41.8,100.0,66.0,-9.9,2.3329751,0.1,-4.5,18.52777776,29.1,29.5,29.5,29.85,28.6,-22.67518515333333,-0.1981481699999996,0.0033333333333338,-4.326666666666667,-4.248,18.42283949666667,-4.342,4.5015817,4.6155653,4.628441,4.6452446,4.530294,0,0.0,1,1.0,-1.08,29.4,70.6
2023-02-17 19:15:00,214.999177505554,79.8184738,79.859305566664,18.52777776,-4.248,28.6,2,5.1764362714980825,70.66250196097344,19,4,2,-0.9659258262890684,0.2588190451025203,-0.433883739117558,-0.9009688679024191,0.8660254037844386,0.5000000000000001,3.75,11.4375,48.708333333333336,18.05,41.35,100.0,68.0,-9.65,2.3865144,0.075,-4.6,18.50925924,28.716666666666665,29.1,29.5,29.5,28.03333333333333,-22.77577776,0.175925939999999,0.075333333333333,-4.323333333333333,-4.262,18.47654319,-4.299333333333333,4.530294,4.5015817,4.6155653,4.628441,4.435664,0,0.0,0,1.0,-1.04,27.7,72.3
2023-02-17 19:30:00,201.395832794442,59.7217777,59.755943049998,18.50925924,-4.262,28.03333333333333,1,5.1764362714980825,70.66250196097344,19,4,2,-0.9659258262890684,0.2588190451025203,-0.433883739117558,-0.9009688679024191,0.8660254037844386,0.5000000000000001,2.5,6.3125,40.29166666666666,17.7,40.9,100.0,70.0,-9.4,2.439156,0.05,-4.7,18.35555553,28.6,28.716666666666665,29.1,29.5,28.3,-22.77125924,-0.0185185200000006,-0.0139999999999993,-4.248,-4.423333333333334,18.46296294,-4.277777777777777,4.435664,4.530294,4.5015817,4.6155653,4.4372396,0,0.0,1,1.0,-1.04,28.0,72.0
2023-02-17 19:45:00,286.254938211112,142.016541327778,142.063483916666,18.35555553,-4.423333333333334,28.3,2,5.1764362714980825,70.66250196097344,19,4,2,-0.9659258262890684,0.2588190451025203,-0.433883739117558,-0.9009688679024191,0.8660254037844386,0.5000000000000001,1.25,3.125,32.625,17.35,40.45,100.0,72.0,-9.15,2.4909077,0.0249999999999999,-4.800000000000001,18.520370393333334,28.03333333333333,28.6,28.716666666666665,29.1,28.03333333333333,-22.778888863333336,-0.1537037099999985,-0.1613333333333342,-4.262,-4.383333333333334,18.46419751,-4.311111111111111,4.4372396,4.435664,4.530294,4.5015817,4.4385834,0,0.0,1,1.0,-1.08,29.5,70.5
2023-02-17 20:00:00,146.263871444444,0.0,0.0,18.520370393333334,-4.383333333333334,28.03333333333333,0,5.1764362714980825,70.66250196097344,20,4,2,-0.8660254037844386,0.5000000000000001,-0.433883739117558,-0.9009688679024191,0.8660254037844386,0.5000000000000001,0.0,1.875,25.70833333333333,17.0,40.0,100.0,74.0,-8.9,2.5417793,0.0,-4.9,18.31666665,28.3,28.03333333333333,28.6,28.716666666666665,28.0,-22.903703726666667,0.1648148633333335,0.04,-4.423333333333334,-4.342666666666667,18.46172838777778,-4.356222222222222,4.4385834,4.4372396,4.435664,4.530294,4.3800845,1,1.0,1,0.75,-1.04,27.9,72.1
2023-02-17 20:15:00,264.53358498333,128.073487955556,128.120152788888,18.31666665,-4.342666666666667,28.0,2,5.1764362714980825,70.66250196097344,20,4,2,-0.8660254037844386,0.5000000000000001,-0.433883739117558,-0.9009688679024191,0.8660254037844386,0.5000000000000001,0.0,0.9375,19.666666666666668,16.95,39.175,100.0,74.25,-8.7,2.573362,0.025,-4.775,18.42777775333333,28.03333333333333,28.3,28.03333333333333,28.6,27.816666666666663,-22.659333316666665,-0.2037037433333353,0.0406666666666666,-4.383333333333334,-4.229333333333333,18.397530857777777,-4.383111111111111,4.3800845,4.4385834,4.4372396,4.435664,4.380177,0,1.0,1,0.75,-1.09,29.9,70.1
2023-02-17 20:30:00,229.426100355556,88.785892872222,88.824502444444,18.42777775333333,-4.229333333333333,27.816666666666663,2,5.1764362714980825,70.66250196097344,20,4,2,-0.8660254037844386,0.5000000000000001,-0.433883739117558,-0.9009688679024191,0.8660254037844386,0.5000000000000001,0.0,0.3125,14.5,16.9,38.35,100.0,74.5,-8.5,2.605283,0.05,-4.65,18.47777775,28.0,28.03333333333333,28.3,28.03333333333333,27.55,-22.657111086666664,0.1111111033333323,0.1133333333333341,-4.342666666666667,-3.992,18.421604932222223,-4.318444444444444,4.380177,4.3800845,4.4385834,4.4372396,4.351061,0,1.0,0,0.75,-1.06,28.8,71.2
2023-02-17 20:45:00,212.97370296111,52.515677022224,52.549009055556,18.47777775,-3.992,27.55,1,5.1764362714980825,70.66250196097344,20,4,2,-0.8660254037844386,0.5000000000000001,-0.433883739117558,-0.9009688679024191,0.8660254037844386,0.5000000000000001,0.0,0.0,10.208333333333334,16.85,37.525000000000006,100.0,74.75,-8.3,2.637545,0.075,-4.525,18.309259256666667,27.816666666666663,28.0,28.03333333333333,28.3,27.966666666666665,-22.46977775,0.0499999966666671,0.2373333333333334,-4.229333333333333,-3.987333333333333,18.407407384444443,-4.188,4.351061,4.380177,4.3800845,4.4385834,4.372947,0,1.0,1,0.75,-1.05,28.4,71.6
2023-02-17 21:00:00,286.797694416662,137.751989716666,137.79421027777602,18.309259256666667,-3.987333333333333,27.966666666666665,2,5.1764362714980825,70.66250196097344,21,4,2,-0.7071067811865477,0.7071067811865474,-0.433883739117558,-0.9009688679024191,0.8660254037844386,0.5000000000000001,0.0,0.0,6.791666666666667,16.8,36.7,100.0,75.0,-8.1,2.6701505,0.1,-4.4,18.39444441,27.55,27.816666666666663,28.0,28.03333333333333,27.95,-22.29659259,-0.1685184933333303,0.0046666666666661,-3.992,-4.152666666666667,18.40493825333333,-4.069555555555555,4.372947,4.351061,4.380177,4.3800845,4.3924813,0,0.0,1,1.0,-1.09,30.0,70.0
2023-02-17 21:15:00,143.071776949998,0.0,0.0,18.39444441,-4.152666666666667,27.95,0,5.1764362714980825,70.66250196097344,21,4,2,-0.7071067811865477,0.7071067811865474,-0.433883739117558,-0.9009688679024191,0.8660254037844386,0.5000000000000001,0.0,0.0,4.125,16.75,36.875,100.0,74.5,-8.125,2.666615,0.1,-4.325,18.24814817,27.966666666666665,27.55,27.816666666666663,28.0,27.716666666666665,-22.547111076666667,0.0851851533333309,-0.1653333333333333,-3.987333333333333,-4.390000000000001,18.393827138888888,-4.044,4.3924813,4.372947,4.351061,4.380177,4.318165,1,1.0,1,0.75,-1.07,29.2,70.8
2023-02-17 21:30:00,279.35632534999803,129.058170816666,129.104557877776,18.24814817,-4.390000000000001,27.716666666666665,2,5.1764362714980825,70.66250196097344,21,4,2,-0.7071067811865477,0.7071067811865474,-0.433883739117558,-0.9009688679024191,0.8660254037844386,0.5000000000000001,0.0,0.0,2.208333333333333,16.700000000000003,37.05,100.0,74.0,-8.149999999999999,2.662954,0.1,-4.25,18.2277778,27.95,27.966666666666665,27.55,27.816666666666663,27.95,-22.63814817,-0.146296239999998,-0.2373333333333338,-4.152666666666667,-4.537999999999999,18.317283945555555,-4.176666666666667,4.318165,4.3924813,4.372947,4.351061,4.349254,0,1.0,1,0.75,-1.1,30.7,69.3
2023-02-17 21:45:00,242.171146216662,93.048500127778,93.090720705554,18.2277778,-4.537999999999999,27.95,2,5.1764362714980825,70.66250196097344,21,4,2,-0.7071067811865477,0.7071067811865474,-0.433883739117558,-0.9009688679024191,0.8660254037844386,0.5000000000000001,0.0,0.0,1.0416666666666667,16.650000000000002,37.225,100.0,73.5,-8.174999999999999,2.659168,0.1,-4.175,18.081481476666667,27.716666666666665,27.95,27.966666666666665,27.55,27.716666666666665,-22.7657778,-0.0203703699999984,-0.1479999999999988,-4.390000000000001,-4.616666666666666,18.29012346,-4.360222222222222,4.349254,4.318165,4.3924813,4.372947,4.27562,0,1.0,0,0.75,-1.11,30.9,69.1
2023-02-17 22:00:00,275.8581319,118.132496744444,118.179439349998,18.081481476666667,-4.616666666666666,27.716666666666665,2,5.1764362714980825,70.66250196097344,22,4,2,-0.5000000000000004,0.8660254037844384,-0.433883739117558,-0.9009688679024191,0.8660254037844386,0.5000000000000001,0.0,0.0,0.625,16.6,37.4,100.0,73.0,-8.2,2.6552556,0.1,-4.1,18.21111112,27.95,27.716666666666665,27.95,27.966666666666665,27.95,-22.69814814333333,-0.1462963233333347,-0.0786666666666668,-4.537999999999999,-4.810666666666666,18.185802482222226,-4.514888888888888,4.27562,4.349254,4.318165,4.3924813,4.3449516,0,1.0,0,0.75,-1.14,32.5,67.5
2023-02-17 22:15:00,241.347567944444,91.230795072222,91.27857096111,18.21111112,-4.810666666666666,27.95,2,5.1764362714980825,70.66250196097344,22,4,2,-0.5000000000000004,0.8660254037844384,-0.433883739117558,-0.9009688679024191,0.8660254037844386,0.5000000000000001,0.0,0.0,0.3125,16.400000000000002,37.4,100.0,72.25,-8.325,2.6326673,0.1,-4.074999999999999,18.35185182,27.716666666666665,27.95,27.716666666666665,27.95,27.53333333333333,-23.021777786666668,0.1296296433333346,-0.1939999999999999,-4.616666666666666,-5.101333333333333,18.17345679888889,-4.65511111111111,4.3449516,4.27562,4.349254,4.318165,4.3160834,0,0.0,0,1.0,-1.11,31.1,68.9
2023-02-17 22:30:00,222.937193305554,49.693845483334,49.753565344444,18.35185182,-5.101333333333333,27.53333333333333,1,5.1764362714980825,70.66250196097344,22,4,2,-0.5000000000000004,0.8660254037844384,-0.433883739117558,-0.9009688679024191,0.8660254037844386,0.5000000000000001,0.0,0.0,0.1041666666666666,16.200000000000003,37.4,100.0,71.5,-8.45,2.6099887,0.1,-4.05,18.21111112,27.95,27.716666666666665,27.95,27.716666666666665,27.8,-23.453185153333333,0.1407406999999985,-0.2906666666666666,-4.810666666666666,-5.2860000000000005,18.21481480555556,-4.842888888888887,4.3160834,4.3449516,4.27562,4.349254,4.3216333,0,0.0,1,1.0,-1.08,29.7,70.3
2023-02-17 22:45:00,318.898354738886,158.758927155556,158.831424288888,18.21111112,-5.2860000000000005,27.8,2,5.1764362714980825,70.66250196097344,22,4,2,-0.5000000000000004,0.8660254037844384,-0.433883739117558,-0.9009688679024191,0.8660254037844386,0.5000000000000001,0.0,0.0,0.0,16.0,37.4,100.0,70.75,-8.575,2.5872202,0.1,-4.025,18.425925886666665,27.53333333333333,27.95,27.716666666666665,27.95,27.35,-23.497111120000003,-0.1407406999999985,-0.1846666666666676,-5.101333333333333,-5.318666666666667,18.25802468666667,-5.065999999999999,4.3216333,4.3160834,4.3449516,4.27562,4.306219,0,0.0,1,1.0,-1.11,31.1,68.9
2023-02-17 23:00:00,123.756438494442,10.164037888888,10.17903732222,18.425925886666665,-5.318666666666667,27.35,1,5.1764362714980825,70.66250196097344,23,4,2,-0.2588190451025215,0.965925826289068,-0.433883739117558,-0.9009688679024191,0.8660254037844386,0.5000000000000001,0.0,0.0,0.0,15.8,37.4,100.0,70.0,-8.7,2.564361,0.1,-4.0,18.25000001,27.8,27.53333333333333,27.95,27.716666666666665,27.05,-23.744592553333334,0.2148147666666631,-0.0326666666666666,-5.2860000000000005,-5.548666666666667,18.32962960888889,-5.235333333333333,4.306219,4.3216333,4.3160834,4.3449516,4.2147636,0,0.0,1,1.0,-1.07,29.0,71.0
2023-02-17 23:15:00,207.50225516111,94.794541350002,94.799818955556,18.25000001,-5.548666666666667,27.05,2,5.1764362714980825,70.66250196097344,23,4,2,-0.2588190451025215,0.965925826289068,-0.433883739117558,-0.9009688679024191,0.8660254037844386,0.5000000000000001,0.0,0.0,0.0,15.975,37.225,100.0,69.25,-8.85,2.5323677,0.1,-4.025,18.227777786666667,27.35,27.8,27.53333333333333,27.95,27.466666666666665,-23.798666676666667,-0.175925876666664,-0.2299999999999995,-5.318666666666667,-5.529333333333333,18.29567900555556,-5.384444444444444,4.2147636,4.306219,4.3216333,4.3160834,4.274043,0,0.0,1,1.0,-1.11,30.9,69.1
2023-02-17 23:30:00,199.159533516658,92.57851896111,92.587685294442,18.227777786666667,-5.529333333333333,27.466666666666665,2,5.1764362714980825,70.66250196097344,23,4,2,-0.2588190451025215,0.965925826289068,-0.433883739117558,-0.9009688679024191,0.8660254037844386,0.5000000000000001,0.0,0.0,0.0,16.15,37.05,100.0,68.5,-9.0,2.5004787,0.1,-4.05,18.27222223,27.05,27.35,27.8,27.53333333333333,27.8,-23.75711112,-0.0222222233333333,0.0193333333333338,-5.548666666666667,-5.575333333333333,18.301234561111112,-5.465555555555555,4.274043,4.2147636,4.306219,4.3216333,4.3373427,0,0.0,0,1.0,-1.11,31.0,69.0
2023-02-17 23:45:00,74.11092427778,18.011501727778,18.015668277776,18.27222223,-5.575333333333333,27.8,1,5.1764362714980825,70.66250196097344,23,4,2,-0.2588190451025215,0.965925826289068,-0.433883739117558,-0.9009688679024191,0.8660254037844386,0.5000000000000001,0.0,0.0,0.0,16.325,36.875,100.0,67.75,-9.15,2.4686947,0.1,-4.074999999999999,18.07037041333333,27.466666666666665,27.05,27.35,27.8,27.53333333333333,-23.847555563333334,0.044444443333333,-0.0460000000000002,-5.529333333333333,-5.742,18.250000008888893,-5.551111111111111,4.3373427,4.274043,4.2147636,4.306219,4.244534,0,0.0,1,1.0,-1.1,30.5,69.5
2023-02-18 00:00:00,249.253640638886,118.688585616666,118.699418533332,18.07037041333333,-5.742,27.53333333333333,2,5.1764362714980825,70.66250196097344,0,5,2,0.0,1.0,-0.9749279121818236,-0.2225209339563146,0.8660254037844386,0.5000000000000001,0.0,0.0,0.0,16.5,36.7,100.0,67.0,-9.3,2.4370153,0.1,-4.1,18.13888892,27.8,27.466666666666665,27.05,27.35,27.5,-23.812370413333333,-0.201851816666668,-0.1666666666666669,-5.575333333333333,-5.679333333333333,18.19012347666667,-5.615555555555555,4.244534,4.3373427,4.274043,4.2147636,4.2566967,0,0.0,1,1.0,-1.15,32.7,67.3
2023-02-18 00:15:00,245.10047342222,135.011266,135.027098766664,18.13888892,-5.679333333333333,27.5,2,5.1764362714980825,70.66250196097344,0,5,2,0.0,1.0,-0.9749279121818236,-0.2225209339563146,0.8660254037844386,0.5000000000000001,0.0,0.0,0.0,16.65,36.7,100.0,66.25,-9.45,2.4097354,0.1,-4.1,18.15740741333333,27.53333333333333,27.8,27.466666666666665,27.05,27.5,-23.81822225333333,0.0685185066666669,0.0626666666666668,-5.742,-5.727333333333333,18.160493854444443,-5.665555555555554,4.2566967,4.244534,4.3373427,4.274043,4.261382,0,0.0,0,1.0,-1.13,31.9,68.1
2023-02-18 00:30:00,453.9085096,102.413681088888,102.430624894442,18.15740741333333,-5.727333333333333,27.5,2,5.1764362714980825,70.66250196097344,0,5,2,0.0,1.0,-0.9749279121818236,-0.2225209339563146,0.8660254037844386,0.5000000000000001,0.0,0.0,0.0,16.8,36.7,100.0,65.5,-9.6,2.3824553,0.1,-4.1,18.08333337,27.5,27.53333333333333,27.8,27.466666666666665,27.5,-23.884740746666665,0.0185184933333317,-0.048,-5.679333333333333,-6.012,18.12222224888889,-5.716222222222221,4.261382,4.2566967,4.244534,4.3373427,4.242664,0,0.0,0,1.0,-1.13,31.7,68.3
2023-02-18 00:45:00,216.75521827778,135.44930406111,135.467358888888,18.08333337,-6.012,27.5,2,5.1764362714980825,70.66250196097344,0,5,2,0.0,1.0,-0.9749279121818236,-0.2225209339563146,0.8660254037844386,0.5000000000000001,0.0,0.0,0.0,16.95,36.7,100.0,64.75,-9.75,2.3551755,0.1,-4.1,18.27407405,27.5,27.5,27.53333333333333,27.8,27.316666666666663,-24.09533337,-0.0740740433333329,-0.2846666666666664,-5.727333333333333,-5.945333333333334,18.126543234444444,-5.806222222222221,4.242664,4.261382,4.2566967,4.244534,4.2624016,0,0.0,0,1.0,-1.14,32.5,67.5
2023-02-18 01:00:00,56.45579734444,0.0,0.0,18.27407405,-5.945333333333334,27.316666666666663,0,5.1764362714980825,70.66250196097344,1,5,2,0.2588190451025207,0.9659258262890684,-0.9749279121818236,-0.2225209339563146,0.8660254037844386,0.5000000000000001,0.0,0.0,0.0,17.1,36.7,100.0,64.0,-9.9,2.327895,0.1,-4.1,18.07222222,27.5,27.5,27.5,27.53333333333333,27.35,-24.219407383333333,0.1907406800000011,0.0666666666666655,-6.012,-5.942666666666667,18.171604944444443,-5.894888888888889,4.2624016,4.242664,4.261382,4.2566967,4.216735,1,1.0,1,0.75,-1.1,30.5,69.5
2023-02-18 01:15:00,153.497471055552,104.8666385,104.885804449998,18.07222222,-5.942666666666667,27.35,2,5.1764362714980825,70.66250196097344,1,5,2,0.2588190451025207,0.9659258262890684,-0.9749279121818236,-0.2225209339563146,0.8660254037844386,0.5000000000000001,0.0,0.0,0.0,16.975,36.7,100.0,63.75,-10.025,2.3105416,0.1,-4.15,18.153703716666666,27.316666666666663,27.5,27.5,27.5,27.316666666666663,-24.014888886666668,-0.2018518299999989,0.0026666666666672,-5.945333333333334,-5.956,18.14320988,-5.966666666666666,4.216735,4.2624016,4.242664,4.261382,4.2320414,0,1.0,1,0.75,-1.15,32.7,67.3
2023-02-18 01:30:00,156.652900433328,113.43851786111,113.457128249998,18.153703716666666,-5.956,27.316666666666663,2,5.1764362714980825,70.66250196097344,1,5,2,0.2588190451025207,0.9659258262890684,-0.9749279121818236,-0.2225209339563146,0.8660254037844386,0.5000000000000001,0.0,0.0,0.0,16.85,36.7,100.0,63.5,-10.15,2.293279,0.1,-4.199999999999999,18.31111108,27.35,27.316666666666663,27.5,27.5,27.0,-24.109703716666665,0.0814814966666652,-0.0133333333333336,-5.942666666666667,-5.698,18.166666662222223,-5.948,4.2320414,4.216735,4.2624016,4.242664,4.2222614,0,1.0,0,0.75,-1.13,31.8,68.2
2023-02-18 01:45:00,70.598009266668,35.536634044444,35.54830026111,18.31111108,-5.698,27.0,1,5.1764362714980825,70.66250196097344,1,5,2,0.2588190451025207,0.9659258262890684,-0.9749279121818236,-0.2225209339563146,0.8660254037844386,0.5000000000000001,0.0,0.0,0.0,16.725,36.7,100.0,63.25,-10.275,2.276106,0.1,-4.25,18.146296300000003,27.316666666666663,27.35,27.316666666666663,27.5,27.0,-24.00911108,0.1574073633333341,0.2580000000000009,-5.956,-5.792,18.17901233888889,-5.865555555555555,4.2222614,4.2320414,4.216735,4.2624016,4.181141,0,1.0,1,0.75,-1.09,30.2,69.8
2023-02-18 02:00:00,182.027440844444,141.2893482,141.311847316666,18.146296300000003,-5.792,27.0,2,5.1764362714980825,70.66250196097344,2,5,2,0.4999999999999999,0.8660254037844387,-0.9749279121818236,-0.2225209339563146,0.8660254037844386,0.5000000000000001,0.0,0.0,0.0,16.6,36.7,100.0,63.0,-10.4,2.2590234,0.1,-4.3,18.31666668,27.0,27.316666666666663,27.35,27.316666666666663,26.95,-23.938296300000005,-0.1648147799999968,-0.0940000000000003,-5.698,-5.640666666666666,18.20370369888889,-5.815333333333332,4.181141,4.2222614,4.2320414,4.216735,4.2158318,0,0.0,1,1.0,-1.13,32.0,68.0
2023-02-18 02:15:00,108.797870061114,51.706820527778,51.718209005554,18.31666668,-5.640666666666666,26.95,1,5.1764362714980825,70.66250196097344,2,5,2,0.4999999999999999,0.8660254037844387,-0.9749279121818236,-0.2225209339563146,0.8660254037844386,0.5000000000000001,0.0,0.0,0.0,16.85,37.25,99.25,63.25,-10.45,2.251827,0.1,-4.4,18.25555553333333,27.0,27.0,27.316666666666663,27.35,26.716666666666665,-23.957333346666665,0.1703703799999978,0.1513333333333335,-5.792,-5.8853333333333335,18.25802468666667,-5.710222222222221,4.2158318,4.181141,4.2222614,4.2320414,4.1641994,0,0.0,1,1.0,-1.09,30.2,69.8
2023-02-18 02:30:00,109.715888972222,72.48793368333399,72.503766433332,18.25555553333333,-5.8853333333333335,26.716666666666665,2,5.1764362714980825,70.66250196097344,2,5,2,0.4999999999999999,0.8660254037844387,-0.9749279121818236,-0.2225209339563146,0.8660254037844386,0.5000000000000001,0.0,0.0,0.0,17.1,37.8,98.5,63.5,-10.5,2.2446048,0.1,-4.5,18.12777777,26.95,27.0,27.0,27.316666666666663,27.0,-24.140888866666664,-0.0611111466666685,-0.2446666666666672,-5.640666666666666,-6.189333333333334,18.239506171111117,-5.772666666666666,4.1641994,4.2158318,4.181141,4.2222614,4.1765428,0,0.0,1,1.0,-1.11,30.9,69.1
2023-02-18 02:45:00,191.945377394446,158.30200100000002,158.326444472222,18.12777777,-6.189333333333334,27.0,2,5.1764362714980825,70.66250196097344,2,5,2,0.4999999999999999,0.8660254037844387,-0.9749279121818236,-0.2225209339563146,0.8660254037844386,0.5000000000000001,0.0,0.0,0.0,17.35,38.35,97.75,63.75,-10.55,2.2373574,0.1,-4.6,18.287037036666668,26.716666666666665,26.95,27.0,27.0,26.816666666666663,-24.317111103333332,-0.1277777633333308,-0.3040000000000002,-5.8853333333333335,-6.313999999999999,18.23333332777778,-5.905111111111111,4.1765428,4.1641994,4.2158318,4.181141,4.187604,0,0.0,0,1.0,-1.14,32.2,67.8
2023-02-18 03:00:00,75.852243638886,37.003797572222005,37.01546382222,18.287037036666668,-6.313999999999999,26.816666666666663,1,5.1764362714980825,70.66250196097344,3,5,2,0.7071067811865476,0.7071067811865476,-0.9749279121818236,-0.2225209339563146,0.8660254037844386,0.5000000000000001,0.0,0.0,0.0,17.6,38.9,97.0,64.0,-10.6,2.2300854,0.1,-4.7,18.17222221,27.0,26.716666666666665,26.95,27.0,26.2,-24.601037036666668,0.1592592666666661,-0.1246666666666653,-6.189333333333334,-6.508,18.223456780000003,-6.129555555555555,4.187604,4.1765428,4.1641994,4.2158318,4.0635104,0,0.0,1,1.0,-1.1,30.5,69.5
2023-02-18 03:15:00,155.283788433332,102.241743483334,102.260631644444,18.17222221,-6.508,26.2,2,5.1764362714980825,70.66250196097344,3,5,2,0.7071067811865476,0.7071067811865476,-0.9749279121818236,-0.2225209339563146,0.8660254037844386,0.5000000000000001,0.0,0.0,0.0,17.275000000000002,38.8,97.75,64.0,-10.675,2.21414,0.075,-4.8,18.03888891333333,26.816666666666663,27.0,26.716666666666665,26.95,26.466666666666665,-24.68022221,-0.1148148266666702,-0.1940000000000008,-6.313999999999999,-6.533333333333333,18.19567900555556,-6.337111111111111,4.0635104,4.187604,4.1765428,4.1641994,4.0724673,0,0.0,1,1.0,-1.13,31.9,68.1
2023-02-18 03:30:00,143.16982847778,102.136192172222,102.154802544444,18.03888891333333,-6.533333333333333,26.466666666666665,2,5.1764362714980825,70.66250196097344,3,5,2,0.7071067811865476,0.7071067811865476,-0.9749279121818236,-0.2225209339563146,0.8660254037844386,0.5000000000000001,0.0,0.0,0.0,16.950000000000003,38.7,98.5,64.0,-10.75,2.1982954,0.05,-4.9,17.88333331,26.2,26.816666666666663,27.0,26.716666666666665,26.5,-24.57222224666667,-0.1333332966666631,-0.0253333333333332,-6.508,-6.726666666666668,18.166049386666668,-6.451777777777777,4.0724673,4.0635104,4.187604,4.1765428,4.040027,0,0.0,0,1.0,-1.16,33.3,66.7
2023-02-18 03:45:00,141.768218011108,104.406379111112,104.425822833332,17.88333331,-6.726666666666668,26.5,2,5.1764362714980825,70.66250196097344,3,5,2,0.7071067811865476,0.7071067811865476,-0.9749279121818236,-0.2225209339563146,0.8660254037844386,0.5000000000000001,0.0,0.0,0.0,16.625,38.6,99.25,64.0,-10.825,2.1825504,0.0249999999999999,-5.0,17.955555546666666,26.466666666666665,26.2,26.816666666666663,27.0,26.316666666666663,-24.609999976666668,-0.1555556033333331,-0.1933333333333342,-6.533333333333333,-6.735333333333333,18.031481477777778,-6.589333333333332,4.040027,4.0724673,4.0635104,4.187604,4.029361,0,0.0,0,1.0,-1.19,35.0,65.0
2023-02-18 04:00:00,217.527687611104,177.856774344444,177.88343996111,17.955555546666666,-6.735333333333333,26.316666666666663,2,5.1764362714980825,70.66250196097344,4,5,2,0.8660254037844386,0.5000000000000001,-0.9749279121818236,-0.2225209339563146,0.8660254037844386,0.5000000000000001,0.0,0.0,0.0,16.3,38.5,100.0,64.0,-10.9,2.1669047,0.0,-5.1,18.30000002,26.5,26.466666666666665,26.2,26.816666666666663,25.65,-24.69088888,0.0722222366666649,-0.0086666666666657,-6.726666666666668,-6.774666666666667,17.95925925666667,-6.66511111111111,4.029361,4.040027,4.0724673,4.0635104,4.0085044,0,0.0,0,1.0,-1.18,34.2,65.8
2023-02-18 04:15:00,53.984784922224,15.352996988888,15.362441044444,18.30000002,-6.774666666666667,25.65,1,5.1764362714980825,70.66250196097344,4,5,2,0.8660254037844386,0.5000000000000001,-0.9749279121818236,-0.2225209339563146,0.8660254037844386,0.5000000000000001,0.0,0.0,0.0,16.3,37.7,100.0,65.0,-10.725,2.196806,0.0,-5.125,18.161111126666665,26.316666666666663,26.5,26.466666666666665,26.2,25.5,-25.074666686666667,0.3444444733333363,-0.0393333333333334,-6.735333333333333,-6.786666666666666,18.046296292222223,-6.745555555555555,4.0085044,4.029361,4.040027,4.0724673,3.9523337,0,0.0,1,1.0,-1.1,30.7,69.3
2023-02-18 04:30:00,191.162630905558,140.247167672222,140.269944527778,18.161111126666665,-6.786666666666666,25.5,2,5.1764362714980825,70.66250196097344,4,5,2,0.8660254037844386,0.5000000000000001,-0.9749279121818236,-0.2225209339563146,0.8660254037844386,0.5000000000000001,0.0,0.0,0.0,16.3,36.9,100.0,66.0,-10.55,2.2265913,0.0,-5.15,18.31666667,25.65,26.316666666666663,26.5,26.466666666666665,25.45,-24.94777779333333,-0.1388888933333376,-0.0119999999999995,-6.774666666666667,-6.806666666666668,18.13888889777778,-6.765555555555555,3.9523337,4.0085044,4.029361,4.040027,3.981184,0,0.0,1,1.0,-1.14,32.2,67.8
2023-02-18 04:45:00,151.256727222224,109.648391672222,109.66700206111,18.31666667,-6.806666666666668,25.45,2,5.1764362714980825,70.66250196097344,4,5,2,0.8660254037844386,0.5000000000000001,-0.9749279121818236,-0.2225209339563146,0.8660254037844386,0.5000000000000001,0.0,0.0,0.0,16.3,36.1,100.0,67.0,-10.375,2.2562623,0.0,-5.175,18.39074073333333,25.5,25.65,26.316666666666663,26.5,25.03333333333333,-25.12333333666667,0.1555555433333353,-0.0200000000000013,-6.786666666666666,-6.9206666666666665,18.259259272222224,-6.7893333333333326,3.981184,3.9523337,4.0085044,4.029361,3.9332488,0,0.0,0,1.0,-1.1,30.5,69.5
2023-02-18 05:00:00,95.653395844448,62.352505783334,62.366394111112,18.39074073333333,-6.9206666666666665,25.03333333333333,1,5.1764362714980825,70.66250196097344,5,5,2,0.9659258262890684,0.2588190451025207,-0.9749279121818236,-0.2225209339563146,0.8660254037844386,0.5000000000000001,0.0,0.0,0.0,16.3,35.3,100.0,68.0,-10.2,2.285818,0.0,-5.2,18.21111112,25.45,25.5,25.65,26.316666666666663,25.0,-25.3114074,0.0740740633333345,-0.1139999999999989,-6.806666666666668,-7.047333333333333,18.289506176666663,-6.837999999999998,3.9332488,3.981184,3.9523337,4.0085044,3.886361,0,0.0,1,1.0,-1.09,29.9,70.1
2023-02-18 05:15:00,204.320993533332,171.039269288888,171.06537936111,18.21111112,-7.047333333333333,25.0,2,5.1764362714980825,70.66250196097344,5,5,2,0.9659258262890684,0.2588190451025207,-0.9749279121818236,-0.2225209339563146,0.8660254037844386,0.5000000000000001,0.0,0.0,0.0,16.15,35.3,100.0,67.75,-10.325,2.2651393,0.025,-5.275,18.425925886666665,25.03333333333333,25.45,25.5,25.65,24.816666666666663,-25.258444453333333,-0.1796296133333328,-0.126666666666666,-6.9206666666666665,-7.009333333333333,18.306172841111117,-6.924888888888888,3.886361,3.9332488,3.981184,3.9523337,3.9073496,0,0.0,1,1.0,-1.13,31.7,68.3
2023-02-18 05:30:00,75.393650750002,18.631754683334,18.641476544444,18.425925886666665,-7.009333333333333,24.816666666666663,1,5.1764362714980825,70.66250196097344,5,5,2,0.9659258262890684,0.2588190451025207,-0.9749279121818236,-0.2225209339563146,0.8660254037844386,0.5000000000000001,0.0,0.0,0.0,16.0,35.3,100.0,67.5,-10.45,2.244609,0.05,-5.35,18.28333331,25.0,25.03333333333333,25.45,25.5,24.5,-25.43525922,0.2148147666666631,0.0379999999999993,-7.047333333333333,-6.6113333333333335,18.34259258,-6.992444444444444,3.9073496,3.886361,3.9332488,3.981184,3.8249998,0,0.0,1,1.0,-1.08,29.6,70.4
2023-02-18 05:45:00,153.81273616111,112.554386527778,112.573552444444,18.28333331,-6.6113333333333335,24.5,2,5.1764362714980825,70.66250196097344,5,5,2,0.9659258262890684,0.2588190451025207,-0.9749279121818236,-0.2225209339563146,0.8660254037844386,0.5000000000000001,0.0,0.0,0.0,15.85,35.3,100.0,67.25,-10.575,2.2242267,0.075,-5.425,18.251851873333333,24.816666666666663,25.0,25.03333333333333,25.45,24.5,-24.89466664333333,-0.1425925766666651,0.3979999999999997,-7.009333333333333,-6.230666666666666,18.30679010555556,-6.889333333333333,3.8249998,3.9073496,3.886361,3.9332488,3.817858,0,0.0,1,1.0,-1.11,31.1,68.9
2023-02-18 06:00:00,176.70598706111,143.373153727778,143.396208405554,18.251851873333333,-6.230666666666666,24.5,2,5.1764362714980825,70.66250196097344,6,5,2,1.0,6.123233995736766e-17,-0.9749279121818236,-0.2225209339563146,0.8660254037844386,0.5000000000000001,0.0,0.0,0.0,15.7,35.3,100.0,67.0,-10.7,2.2039912,0.1,-5.5,18.39999998,24.5,24.816666666666663,25.0,25.03333333333333,24.15,-24.48251854,-0.0314814366666666,0.3806666666666674,-6.6113333333333335,-6.082666666666666,18.32037035666667,-6.61711111111111,3.817858,3.8249998,3.9073496,3.886361,3.7965431,0,0.0,0,1.0,-1.12,31.4,68.6
2023-02-18 06:15:00,80.743158994446,37.259620672222,37.270175849998,18.39999998,-6.082666666666666,24.15,1,5.1764362714980825,70.66250196097344,6,5,2,1.0,6.123233995736766e-17,-0.9749279121818236,-0.2225209339563146,0.8660254037844386,0.5000000000000001,0.0,0.0,0.0,15.525,35.3,77.5,64.5,-11.4,2.091299,0.075,-5.7,18.18518521333333,24.5,24.5,24.816666666666663,25.0,24.0,-24.482666646666665,0.1481481066666674,0.1479999999999997,-6.230666666666666,-6.227333333333333,18.31172838777778,-6.308222222222221,3.7965431,3.817858,3.8249998,3.9073496,3.7251668,0,0.0,1,1.0,-1.09,30.0,70.0
2023-02-18 06:30:00,184.398457133332,146.971620883334,146.995786616666,18.18518521333333,-6.227333333333333,24.0,2,5.1764362714980825,70.66250196097344,6,5,2,1.0,6.123233995736766e-17,-0.9749279121818236,-0.2225209339563146,0.8660254037844386,0.5000000000000001,0.0,0.0,0.0,15.35,35.3,55.0,62.0,-12.1,1.981338,0.05,-5.9,18.327777790000003,24.15,24.5,24.5,24.816666666666663,23.95,-24.412518546666668,-0.2148147666666666,-0.1446666666666667,-6.082666666666666,-5.969333333333334,18.27901235555556,-6.180222222222221,3.7251668,3.7965431,3.817858,3.8249998,3.7490072,0,0.0,1,1.0,-1.14,32.3,67.7
2023-02-18 06:45:00,151.445886455552,101.775095516666,101.793428166664,18.327777790000003,-5.969333333333334,23.95,2,5.1764362714980825,70.66250196097344,6,5,2,1.0,6.123233995736766e-17,-0.9749279121818236,-0.2225209339563146,0.8660254037844386,0.5000000000000001,0.0,0.0,0.0,15.175,35.3,32.5,59.5,-12.8,1.8740596,0.0249999999999999,-6.1,18.338888876666665,24.0,24.15,24.5,24.5,23.53333333333333,-24.297111123333337,0.1425925766666687,0.2579999999999991,-6.227333333333333,-5.022,18.30432099444445,-6.093111111111111,3.7490072,3.7251668,3.7965431,3.817858,3.6862133,0,0.0,0,1.0,-1.11,30.8,69.2
2023-02-18 07:00:00,113.629343594442,70.120528383334,70.136361133332,18.338888876666665,-5.022,23.53333333333333,1,5.1764362714980825,70.66250196097344,7,5,2,0.9659258262890684,-0.2588190451025206,-0.9749279121818236,-0.2225209339563146,0.8660254037844386,0.5000000000000001,0.0,0.0,0.0,15.0,35.3,10.0,57.0,-13.5,1.7694157,0.0,-6.3,18.18333336,23.95,24.0,24.15,24.5,23.8,-23.360888876666664,0.0111110866666628,0.9473333333333338,-5.969333333333334,-4.2,18.283950626666662,-5.739555555555555,3.6862133,3.7490072,3.7251668,3.7965431,3.693717,0,0.0,1,1.0,-1.11,30.7,69.3
2023-02-18 07:15:00,203.660742194442,170.393184,170.41957186111,18.18333336,-4.2,23.8,2,5.1764362714980825,70.66250196097344,7,5,2,0.9659258262890684,-0.2588190451025206,-0.9749279121818236,-0.2225209339563146,0.8660254037844386,0.5000000000000001,0.0,0.0,0.0,13.975,34.849999999999994,7.5,57.75,-13.575,1.757159,0.0,-6.575,18.383333316666665,23.53333333333333,23.95,24.0,24.15,23.53333333333333,-22.38333336,-0.1555555166666664,0.8220000000000001,-5.022,-2.9926666666666666,18.283333342222225,-5.063777777777777,3.693717,3.6862133,3.7490072,3.7251668,3.695944,0,0.0,1,1.0,-1.14,32.3,67.7
2023-02-18 07:30:00,406.50123938333,48.823602527778,48.838601927778,18.383333316666665,-2.9926666666666666,23.53333333333333,1,5.1764362714980825,70.66250196097344,7,5,2,0.9659258262890684,-0.2588190451025206,-0.9749279121818236,-0.2225209339563146,0.8660254037844386,0.5000000000000001,0.0,0.0,0.0,12.95,34.4,5.0,58.5,-13.65,1.744609,0.0,-6.85,18.30555554,23.8,23.53333333333333,23.95,24.0,23.2,-21.37599998333333,0.1999999566666659,1.2073333333333336,-4.2,-3.2179999999999995,18.30185185111111,-4.071555555555555,3.695944,3.693717,3.6862133,3.7490072,3.6268218,0,0.0,1,1.0,-1.1,30.3,69.7
2023-02-18 07:45:00,170.11708396111,116.603113455556,116.62422376111,18.30555554,-3.2179999999999995,23.2,2,5.1764362714980825,70.66250196097344,7,5,2,0.9659258262890684,-0.2588190451025206,-0.9749279121818236,-0.2225209339563146,0.8660254037844386,0.5000000000000001,0.0,0.0,0.0,11.925,33.95,2.5,59.25,-13.725,1.7317809,0.0,-7.125,18.30370367333333,23.53333333333333,23.8,23.53333333333333,23.95,23.466666666666665,-21.52355554,-0.0777777766666645,-0.2253333333333329,-2.9926666666666666,-4.894,18.29074073888889,-3.470222222222221,3.6268218,3.695944,3.693717,3.6862133,3.6681054,0,0.0,1,1.0,-1.11,31.2,68.8
2023-02-18 08:00:00,178.338699566664,123.674219516666,123.694496472222,18.30370367333333,-4.894,23.466666666666665,2,5.1764362714980825,70.66250196097344,8,5,2,0.8660254037844387,-0.4999999999999998,-0.9749279121818236,-0.2225209339563146,0.8660254037844386,0.5000000000000001,0.0,0.0,0.0,10.9,33.5,0.0,60.0,-13.8,1.7186888,0.0,-7.4,18.37777777,23.2,23.53333333333333,23.8,23.53333333333333,23.65,-23.197703673333336,-0.0018518666666658,-1.6760000000000006,-3.2179999999999995,-4.778666666666667,18.33086417666667,-3.7015555555555535,3.6681054,3.6268218,3.695944,3.693717,3.7130432,0,0.0,0,1.0,-1.11,31.1,68.9
2023-02-18 08:15:00,159.26835126111,0.0,0.0,18.37777777,-4.778666666666667,23.65,0,5.1764362714980825,70.66250196097344,8,5,2,0.8660254037844387,-0.4999999999999998,-0.9749279121818236,-0.2225209339563146,0.8660254037844386,0.5000000000000001,14.0,3.5,1.1666666666666667,10.775,31.25,18.0,59.25,-13.7,1.7317809,0.0,-7.125,18.048148146666662,23.466666666666665,23.2,23.53333333333333,23.8,25.08333333333333,-23.156444436666668,0.074074096666667,0.115333333333333,-4.894,-4.4446666666666665,18.32901232777778,-4.296888888888888,3.7130432,3.6681054,3.6268218,3.695944,3.8617365,1,1.0,1,0.75,-1.1,30.3,69.7
2023-02-18 08:30:00,144.548940127774,95.085640888888,95.105362366664,18.048148146666662,-4.4446666666666665,25.08333333333333,2,5.1764362714980825,70.66250196097344,8,5,2,0.8660254037844387,-0.4999999999999998,-0.9749279121818236,-0.2225209339563146,0.8660254037844386,0.5000000000000001,28.0,10.5,3.5,10.65,29.0,36.0,58.5,-13.6,1.744609,0.0,-6.85,17.99444445,23.65,23.466666666666665,23.2,23.53333333333333,25.85,-22.49281481333333,-0.3296296233333358,0.3340000000000005,-4.778666666666667,-4.347333333333334,18.24320986333333,-4.705777777777777,3.8617365,3.7130432,3.6681054,3.6268218,3.9670787,0,1.0,1,0.75,-1.16,33.5,66.5
2023-02-18 08:45:00,226.73370812222,179.272828816666,179.299494449998,17.99444445,-4.347333333333334,25.85,2,5.1764362714980825,70.66250196097344,8,5,2,0.8660254037844387,-0.4999999999999998,-0.9749279121818236,-0.2225209339563146,0.8660254037844386,0.5000000000000001,42.0,21.0,7.0,10.525,26.75,54.0,57.75,-13.5,1.757159,0.0,-6.575,18.238888893333336,25.08333333333333,23.65,23.466666666666665,23.2,25.816666666666663,-22.34177778333333,-0.0537036966666661,0.0973333333333323,-4.4446666666666665,-3.974,18.14012345555556,-4.523555555555554,3.9670787,3.8617365,3.7130432,3.6681054,4.0199413,0,1.0,0,0.75,-1.17,33.9,66.1
2023-02-18 09:00:00,37.72571316111,0.0,0.0,18.238888893333336,-3.974,25.816666666666663,0,5.1764362714980825,70.66250196097344,9,5,2,0.7071067811865476,-0.7071067811865475,-0.9749279121818236,-0.2225209339563146,0.8660254037844386,0.5000000000000001,56.0,35.0,11.666666666666666,10.4,24.5,72.0,57.0,-13.4,1.7694157,0.0,-6.3,18.02777774,25.85,25.08333333333333,23.65,23.466666666666665,25.55,-22.212888893333336,0.2444444433333359,0.3733333333333344,-4.347333333333334,-3.661333333333333,18.093827163333334,-4.255333333333333,4.0199413,3.9670787,3.8617365,3.7130432,3.9288206,1,2.0,1,0.5,-1.12,31.3,68.7
2023-02-18 09:15:00,143.470372055556,105.262178227778,105.2816219,18.02777774,-3.661333333333333,25.55,2,5.1764362714980825,70.66250196097344,9,5,2,0.7071067811865476,-0.7071067811865475,-0.9749279121818236,-0.2225209339563146,0.8660254037844386,0.5000000000000001,95.0,55.25,19.58333333333333,10.975,25.925,79.0,56.0,-13.15,1.8058728,0.0,-5.775,18.02592591,25.816666666666663,25.85,25.08333333333333,23.65,25.966666666666665,-21.68911107333333,-0.2111111533333378,0.3126666666666664,-3.974,-3.1533333333333333,18.08703702777778,-3.9942222222222217,3.9288206,4.0199413,3.9670787,3.8617365,3.9924521,0,1.0,1,0.75,-1.17,33.6,66.4
2023-02-18 09:30:00,168.792136811116,116.767273555556,116.78810603889,18.02592591,-3.1533333333333333,25.966666666666665,2,5.1764362714980825,70.66250196097344,9,5,2,0.7071067811865476,-0.7071067811865475,-0.9749279121818236,-0.2225209339563146,0.8660254037844386,0.5000000000000001,134.0,81.75,30.75,11.55,27.35,86.0,55.0,-12.9,1.8421745,0.0,-5.25,18.43333332,25.55,25.816666666666663,25.85,25.08333333333333,25.25,-21.17925924333333,-0.0018518299999961,0.508,-3.661333333333333,-2.4926666666666666,18.09753084777778,-3.596222222222221,3.9924521,3.9288206,4.0199413,3.9670787,3.977324,0,1.0,0,0.75,-1.16,33.5,66.5
2023-02-18 09:45:00,42.371360627778,0.0,0.0,18.43333332,-2.4926666666666666,25.25,0,5.1764362714980825,70.66250196097344,9,5,2,0.7071067811865476,-0.7071067811865475,-0.9749279121818236,-0.2225209339563146,0.8660254037844386,0.5000000000000001,173.0,114.5,45.16666666666666,12.125,28.775,93.0,54.0,-12.65,1.8782632,0.0,-4.725,19.48518521333333,25.966666666666665,25.55,25.816666666666663,25.85,24.166666666666668,-20.925999986666667,0.4074074099999976,0.6606666666666667,-3.1533333333333333,-1.908,18.16234565666667,-3.102444444444444,3.977324,3.9924521,3.9288206,4.0199413,4.0505657,1,2.0,1,0.5,-1.07,29.4,70.6
2023-02-18 10:00:00,129.736754755556,93.070165927778,93.089609583334,19.48518521333333,-1.908,24.166666666666668,2,5.1764362714980825,70.66250196097344,10,5,2,0.4999999999999999,-0.8660254037844387,-0.9749279121818236,-0.2225209339563146,0.8660254037844386,0.5000000000000001,212.0,153.5,62.833333333333336,12.7,30.2,100.0,53.0,-12.4,1.9140754,0.0,-4.2,20.90555559,25.25,25.966666666666665,25.55,25.816666666666663,22.75,-21.393185213333336,1.0518518933333354,0.5846666666666664,-2.4926666666666666,-1.3333333333333333,18.64814814777778,-2.517999999999999,4.0505657,3.977324,3.9924521,3.9288206,4.14331,0,1.0,1,0.75,-0.84,19.9,80.1
2023-02-18 10:15:00,136.682588177772,96.718075572222,96.736408238886,20.90555559,-1.3333333333333333,22.75,2,5.1764362714980825,70.66250196097344,10,5,2,0.4999999999999999,-0.8660254037844387,-0.9749279121818236,-0.2225209339563146,0.8660254037844386,0.5000000000000001,211.5,182.625,80.45833333333333,13.175,31.3,94.0,52.75,-12.05,1.9636476,0.0,-3.775,21.611111146666666,24.166666666666668,25.25,25.966666666666665,25.55,22.03333333333333,-22.23888892333333,1.4203703766666642,0.5746666666666669,-1.908,-1.0146666666666666,19.60802470777778,-1.9113333333333329,4.14331,4.0505657,3.977324,3.9924521,4.180361,0,1.0,0,0.75,-0.53,10.8,89.2
2023-02-18 10:30:00,133.379108988892,84.91049234444401,84.92799166111,21.611111146666666,-1.0146666666666666,22.03333333333333,2,5.1764362714980825,70.66250196097344,10,5,2,0.4999999999999999,-0.8660254037844387,-0.9749279121818236,-0.2225209339563146,0.8660254037844386,0.5000000000000001,211.0,201.875,98.04166666666669,13.65,32.4,88.0,52.5,-11.7,2.0142362,0.0,-3.35,21.72777777,22.75,24.166666666666668,25.25,25.966666666666665,21.65,-22.62577781333333,0.7055555566666669,0.3186666666666666,-1.3333333333333333,-0.9033333333333334,20.66728398333333,-1.418666666666666,4.180361,4.14331,4.0505657,3.977324,4.135424,0,1.0,0,0.75,-0.37,7.8,92.2
2023-02-18 10:45:00,41.700276288892,0.0,0.0,21.72777777,-0.9033333333333334,21.65,0,5.1764362714980825,70.66250196097344,10,5,2,0.4999999999999999,-0.8660254037844387,-0.9749279121818236,-0.2225209339563146,0.8660254037844386,0.5000000000000001,210.5,211.25,115.58333333333331,14.125,33.5,82.0,52.25,-11.35,2.065855,0.0,-2.925,21.618518506666664,22.03333333333333,22.75,24.166666666666668,25.25,21.5,-22.63111110333333,0.1166666233333337,0.1113333333333331,-1.0146666666666666,-0.246,21.41481483555556,-1.0837777777777768,4.135424,4.180361,4.14331,4.0505657,4.0809197,1,1.0,1,0.75,-0.34,7.5,92.5
2023-02-18 11:00:00,165.392272994442,123.314789427778,123.336732983334,21.618518506666664,-0.246,21.5,2,5.1764362714980825,70.66250196097344,11,5,2,0.258819045102521,-0.9659258262890682,-0.9749279121818236,-0.2225209339563146,0.8660254037844386,0.5000000000000001,210.0,210.75,133.08333333333334,14.6,34.6,76.0,52.0,-11.0,2.1185167,0.0,-2.5,21.81111111,21.65,22.03333333333333,22.75,24.166666666666668,21.45,-21.864518506666663,-0.1092592633333353,0.6573333333333334,-0.9033333333333334,0.6713333333333333,21.652469141111112,-0.7213333333333325,4.0809197,4.135424,4.180361,4.14331,4.1169896,0,1.0,1,0.75,-0.37,7.8,92.2
2023-02-18 11:15:00,87.705936072222,53.885900027778,53.900621672222,21.81111111,0.6713333333333333,21.45,1,5.1764362714980825,70.66250196097344,11,5,2,0.258819045102521,-0.9659258262890682,-0.9749279121818236,-0.2225209339563146,0.8660254037844386,0.5000000000000001,272.25,225.9375,154.60416666666666,14.65,35.3,65.75,49.75,-11.025,2.1177554,0.0,-1.875,21.899999963333336,21.5,21.65,22.03333333333333,22.75,21.03333333333333,-21.13977777666667,0.1925926033333382,0.9173333333333332,-0.246,0.178,21.719135795555555,-0.1593333333333324,4.1169896,4.0809197,4.135424,4.180361,4.0577803,0,1.0,1,0.75,-0.33,7.2,92.8
2023-02-18 11:30:00,53.927842750002,0.0,0.0,21.899999963333336,0.178,21.03333333333333,0,5.1764362714980825,70.66250196097344,11,5,2,0.258819045102521,-0.9659258262890682,-0.9749279121818236,-0.2225209339563146,0.8660254037844386,0.5000000000000001,334.5,256.8125,180.14583333333331,14.7,36.0,55.5,47.5,-11.05,2.1121716,0.0,-1.25,21.68333332,21.45,21.5,21.65,22.03333333333333,21.05,-21.72199996333333,0.0888888533333336,-0.4933333333333333,0.6713333333333333,0.5926666666666667,21.77654319333333,0.201111111111112,4.0577803,4.1169896,4.0809197,4.135424,4.010504,1,2.0,1,0.5,-0.31,7.0,93.0
2023-02-18 11:45:00,161.089667272222,115.807034183334,115.827866716666,21.68333332,0.5926666666666667,21.05,2,5.1764362714980825,70.66250196097344,11,5,2,0.258819045102521,-0.9659258262890682,-0.9749279121818236,-0.2225209339563146,0.8660254037844386,0.5000000000000001,396.75,303.375,209.70833333333331,14.75,36.7,45.25,45.25,-11.075,2.1013901,0.0,-0.625,21.72407408,21.03333333333333,21.45,21.5,21.65,21.28333333333333,-21.090666653333333,-0.2166666433333368,0.4146666666666667,0.178,1.052,21.79814813111112,0.4806666666666675,4.010504,4.0577803,4.1169896,4.0809197,4.064516,0,1.0,1,0.75,-0.36,7.7,92.3
2023-02-18 12:00:00,77.81688703334,44.5832166,44.5973827,21.72407408,1.052,21.28333333333333,1,5.1764362714980825,70.66250196097344,12,5,2,1.2246467991473532e-16,-1.0,-0.9749279121818236,-0.2225209339563146,0.8660254037844386,0.5000000000000001,459.0,365.625,243.29166666666663,14.8,37.4,35.0,43.0,-11.1,2.0850167,0.0,0.0,21.86111108,21.05,21.03333333333333,21.45,21.5,20.95,-20.67207408,0.0407407599999984,0.4593333333333333,0.5926666666666667,1.448,21.76913578777778,0.6075555555555564,4.064516,4.010504,4.0577803,4.1169896,4.0326443,0,1.0,1,0.75,-0.35,7.5,92.5
2023-02-18 12:15:00,38.234581605558,0.0,0.0,21.86111108,1.448,20.95,0,5.1764362714980825,70.66250196097344,12,5,2,1.2246467991473532e-16,-1.0,-0.9749279121818236,-0.2225209339563146,0.8660254037844386,0.5000000000000001,489.25,419.875,276.1458333333333,14.85,37.4,39.0,40.75,-11.35,2.0520573,0.0,0.55,22.15370370333333,21.28333333333333,21.05,21.03333333333333,21.45,20.53333333333333,-20.41311108,0.1370370000000029,0.3959999999999999,1.052,1.7053333333333331,21.756172826666667,1.03088888888889,4.0326443,4.064516,4.010504,4.0577803,4.019671,1,2.0,1,0.5,-0.32,7.1,92.9
2023-02-18 12:30:00,170.219857500004,99.3935241,99.42157856111,22.15370370333333,1.7053333333333331,20.53333333333333,2,5.1764362714980825,70.66250196097344,12,5,2,1.2246467991473532e-16,-1.0,-0.9749279121818236,-0.2225209339563146,0.8660254037844386,0.5000000000000001,519.5,466.125,308.2708333333333,14.9,37.4,43.0,38.5,-11.6,2.0131087,0.0,1.1,22.52222226,20.95,21.28333333333333,21.05,21.03333333333333,20.45,-20.448370370000003,0.2925926233333342,0.2573333333333332,1.448,2.135333333333333,21.91296295444444,1.4017777777777785,4.019671,4.0326443,4.064516,4.010504,4.089094,0,1.0,1,0.75,-0.25,6.3,93.7
2023-02-18 12:45:00,156.525683288884,55.46917006111,55.539722838886,22.52222226,2.135333333333333,20.45,1,5.1764362714980825,70.66250196097344,12,5,2,1.2246467991473532e-16,-1.0,-0.9749279121818236,-0.2225209339563146,0.8660254037844386,0.5000000000000001,549.75,504.375,339.6666666666667,14.95,37.4,47.0,36.25,-11.85,1.9678133,0.0,1.65,23.164814826666667,20.53333333333333,20.95,21.28333333333333,21.05,19.85,-20.386888926666664,0.3685185566666646,0.4300000000000004,1.7053333333333331,2.518,22.179012347777785,1.7628888888888898,4.089094,4.019671,4.0326443,4.064516,4.117921,0,1.0,1,0.75,-0.17,5.6,94.4
2023-02-18 13:00:00,86.371544983334,0.0,0.0,23.164814826666667,2.518,19.85,0,5.1764362714980825,70.66250196097344,13,5,2,-0.2588190451025208,-0.9659258262890684,-0.9749279121818236,-0.2225209339563146,0.8660254037844386,0.5000000000000001,580.0,534.625,370.3333333333333,15.0,37.4,51.0,34.0,-12.1,1.915795,0.0,2.2,23.59444445,20.45,20.53333333333333,20.95,21.28333333333333,19.5,-20.646814826666667,0.6425925666666679,0.3826666666666667,2.135333333333333,3.255333333333333,22.613580263333336,2.1195555555555567,4.117921,4.089094,4.019671,4.0326443,4.1456666,1,2.0,1,0.5,-0.02,5.0,95.0
2023-02-18 13:15:00,140.903808088888,49.694678783334,49.749676616666,23.59444445,3.255333333333333,19.5,1,5.1764362714980825,70.66250196097344,13,5,2,-0.2588190451025208,-0.9659258262890684,-0.9749279121818236,-0.2225209339563146,0.8660254037844386,0.5000000000000001,583.75,558.25,401.3541666666667,15.125,37.5,58.25,33.0,-12.125,1.9168074,0.0,2.6500000000000004,23.57407407,19.85,20.45,20.53333333333333,20.95,19.683333333333334,-20.33911111666667,0.4296296233333336,0.737333333333333,2.518,3.6146666666666665,23.09382717888889,2.636222222222224,4.1456666,4.117921,4.089094,4.019671,4.179793,0,1.0,1,0.75,0.07,5.1,94.9
2023-02-18 13:30:00,170.74955866111,76.075845727778,76.129176927778,23.57407407,3.6146666666666665,19.683333333333334,2,5.1764362714980825,70.66250196097344,13,5,2,-0.2588190451025208,-0.9659258262890684,-0.9749279121818236,-0.2225209339563146,0.8660254037844386,0.5000000000000001,587.5,575.25,432.7291666666667,15.25,37.6,65.5,32.0,-12.15,1.9158404,0.0,3.1,23.17222222,19.5,19.85,20.45,20.53333333333333,20.0,-19.95940740333333,-0.0203703800000027,0.3593333333333333,3.255333333333333,3.725333333333333,23.44444444888889,3.1293333333333337,4.179793,4.1456666,4.117921,4.089094,4.150796,0,1.0,1,0.75,0.07,5.1,94.9
2023-02-18 13:45:00,83.83831298333399,0.0,0.0,23.17222222,3.725333333333333,20.0,0,5.1764362714980825,70.66250196097344,13,5,2,-0.2588190451025208,-0.9659258262890684,-0.9749279121818236,-0.2225209339563146,0.8660254037844386,0.5000000000000001,591.25,585.625,464.4583333333333,15.375,37.7,72.75,31.0,-12.175,1.9127872,0.0,3.55,22.450000036666665,19.683333333333334,19.5,19.85,20.45,20.183333333333334,-19.446888886666663,-0.4018518499999999,0.1106666666666669,3.6146666666666665,4.200666666666667,23.44691358,3.5317777777777786,4.150796,4.179793,4.1456666,4.117921,4.019066,1,2.0,1,0.5,-0.02,5.0,95.0
2023-02-18 14:00:00,467.7912876,69.622492755556,69.676379483334,22.450000036666665,4.200666666666667,20.183333333333334,1,5.1764362714980825,70.66250196097344,14,5,2,-0.4999999999999997,-0.8660254037844388,-0.9749279121818236,-0.2225209339563146,0.8660254037844386,0.5000000000000001,595.0,589.375,496.5416666666667,15.5,37.8,80.0,30.0,-12.2,1.9075353,0.0,4.0,22.083333340000003,20.0,19.683333333333334,19.5,19.85,21.15,-18.24933337,-0.7222221833333329,0.4753333333333334,3.725333333333333,4.427333333333333,23.06543210888889,3.84688888888889,4.019066,4.150796,4.179793,4.1456666,4.123645,0,1.0,1,0.75,-0.19,5.7,94.3
2023-02-18 14:15:00,498.965596111112,53.948953072222,53.980618472222,22.083333340000003,4.427333333333333,21.15,1,5.1764362714980825,70.66250196097344,14,5,2,-0.4999999999999997,-0.8660254037844388,-0.9749279121818236,-0.2225209339563146,0.8660254037844386,0.5000000000000001,580.5,588.5625,522.2291666666666,15.55,37.8,61.25,29.75,-12.05,1.9265809,0.0,4.275,22.453703676666667,20.183333333333334,20.0,19.683333333333334,19.5,20.85,-17.65600000666667,-0.3666666966666625,0.2266666666666665,4.200666666666667,4.689333333333334,22.568518532222225,4.117777777777778,4.123645,4.019066,4.150796,4.179793,4.1527014,0,1.0,0,0.75,-0.27,6.5,93.5
2023-02-18 14:30:00,353.185594211112,0.0,0.0,22.453703676666667,4.689333333333334,20.85,0,5.1764362714980825,70.66250196097344,14,5,2,-0.4999999999999997,-0.8660254037844388,-0.9749279121818236,-0.2225209339563146,0.8660254037844386,0.5000000000000001,566.0,583.1875,541.5208333333334,15.6,37.8,42.5,29.5,-11.9,1.9455967,0.0,4.55,22.88888886,21.15,20.183333333333334,20.0,19.683333333333334,20.2,-17.764370343333333,0.3703703366666637,0.2620000000000004,4.427333333333333,4.922,22.329012351111118,4.439111111111113,4.1527014,4.123645,4.019066,4.150796,4.124919,1,2.0,1,0.5,-0.18,5.7,94.3
2023-02-18 14:45:00,98.3735649,47.586152027778,47.600040405554,22.88888886,4.922,20.2,1,5.1764362714980825,70.66250196097344,14,5,2,-0.4999999999999997,-0.8660254037844388,-0.9749279121818236,-0.2225209339563146,0.8660254037844386,0.5000000000000001,551.5,573.25,554.4166666666666,15.65,37.8,23.75,29.25,-11.75,1.964578,0.0,4.824999999999999,23.088888923333336,20.85,21.15,20.183333333333334,20.0,20.466666666666665,-17.96688886,0.4351851833333349,0.2326666666666659,4.689333333333334,5.203333333333333,22.47530862555556,4.679555555555557,4.124919,4.1527014,4.123645,4.019066,4.227467,0,1.0,1,0.75,-0.09,5.2,94.8
2023-02-18 15:00:00,108.26539154444,70.629396944444,70.64661852222,23.088888923333336,5.203333333333333,20.466666666666665,1,5.1764362714980825,70.66250196097344,15,5,2,-0.7071067811865471,-0.7071067811865479,-0.9749279121818236,-0.2225209339563146,0.8660254037844386,0.5000000000000001,537.0,558.75,560.9166666666666,15.7,37.8,5.0,29.0,-11.6,1.9835167,0.0,5.1,22.91111113,20.2,20.85,21.15,20.183333333333334,20.5,-17.885555590000003,0.2000000633333343,0.2813333333333334,4.922,5.629333333333333,22.810493820000005,4.938222222222223,4.227467,4.124919,4.1527014,4.123645,4.191509,0,1.0,0,0.75,-0.04,5.0,95.0
2023-02-18 15:15:00,37.266287088888,0.0,0.0,22.91111113,5.629333333333333,20.5,0,5.1764362714980825,70.66250196097344,15,5,2,-0.7071067811865471,-0.7071067811865479,-0.9749279121818236,-0.2225209339563146,0.8660254037844386,0.5000000000000001,519.0,543.375,563.3958333333334,16.075,38.25,3.75,29.0,-11.5,1.9966513,0.0,5.199999999999999,22.09444447,20.466666666666665,20.2,20.85,21.15,20.683333333333334,-17.281777796666667,-0.1777777933333375,0.4260000000000001,5.203333333333333,5.8580000000000005,22.962962971111114,5.251555555555556,4.191509,4.227467,4.124919,4.1527014,4.03524,1,2.0,1,0.5,-0.08,5.1,94.9
2023-02-18 15:30:00,111.674699616662,74.065092877776,74.081758911108,22.09444447,5.8580000000000005,20.683333333333334,2,5.1764362714980825,70.66250196097344,15,5,2,-0.7071067811865471,-0.7071067811865479,-0.9749279121818236,-0.2225209339563146,0.8660254037844386,0.5000000000000001,501.0,527.125,561.8541666666666,16.45,38.7,2.5,29.0,-11.4,2.0098615,0.0,5.3,21.37222225,20.5,20.466666666666665,20.2,20.85,21.7,-16.23644447,-0.8166666599999992,0.2286666666666672,5.629333333333333,5.858666666666666,22.698148174444444,5.563555555555556,4.03524,4.191509,4.227467,4.124919,4.0605836,0,1.0,1,0.75,-0.27,6.5,93.5
2023-02-18 15:45:00,143.992851205554,83.273613372222,83.288335016666,21.37222225,5.858666666666666,21.7,2,5.1764362714980825,70.66250196097344,15,5,2,-0.7071067811865471,-0.7071067811865479,-0.9749279121818236,-0.2225209339563146,0.8660254037844386,0.5000000000000001,483.0,510.0,556.2916666666666,16.825,39.15,1.25,29.0,-11.3,2.0231483,0.0,5.4,20.90740743,20.683333333333334,20.5,20.466666666666665,20.2,22.0,-15.513555583333334,-0.722222219999999,0.0006666666666657,5.8580000000000005,5.890666666666666,22.12592595,5.782000000000001,4.0605836,4.03524,4.191509,4.227467,4.007149,0,1.0,0,0.75,-0.43,8.8,91.2
2023-02-18 16:00:00,43.7999146,0.0,0.0,20.90740743,5.890666666666666,22.0,0,5.1764362714980825,70.66250196097344,16,5,2,-0.8660254037844385,-0.5000000000000004,-0.9749279121818236,-0.2225209339563146,0.8660254037844386,0.5000000000000001,465.0,492.0,546.7083333333334,17.2,39.6,0.0,29.0,-11.2,2.0365114,0.0,5.5,20.36666668,21.7,20.683333333333334,20.5,20.466666666666665,22.75,-15.016740763333331,-0.4648148200000008,0.032,5.858666666666666,6.032,21.458024716666667,5.8691111111111125,4.007149,4.0605836,4.03524,4.191509,4.0152326,1,2.0,1,0.5,-0.53,10.9,89.1
2023-02-18 16:15:00,160.248589650006,124.873615988888,124.895004033332,20.36666668,6.032,22.75,2,5.1764362714980825,70.66250196097344,16,5,2,-0.8660254037844385,-0.5000000000000004,-0.9749279121818236,-0.2225209339563146,0.8660254037844386,0.5000000000000001,429.5,469.625,533.8541666666666,16.8,39.6,0.0,29.25,-11.0,2.0608358,0.0,5.55,20.17407410666667,22.0,21.7,20.683333333333334,20.5,23.466666666666665,-14.334666679999998,-0.5407407500000012,0.1413333333333337,5.890666666666666,6.182,20.882098786666667,5.927111111111112,4.0152326,4.007149,4.0605836,4.03524,4.0953712,0,1.0,1,0.75,-0.65,13.9,86.1
2023-02-18 16:30:00,69.12529046111,26.760873972222,26.771706872222,20.17407410666667,6.182,23.466666666666665,1,5.1764362714980825,70.66250196097344,16,5,2,-0.8660254037844385,-0.5000000000000004,-0.9749279121818236,-0.2225209339563146,0.8660254037844386,0.5000000000000001,394.0,442.875,517.7291666666666,16.4,39.6,0.0,29.5,-10.8,2.0852957,0.0,5.6,19.91666666,22.75,22.0,21.7,20.683333333333334,23.55,-13.992074106666667,-0.1925925733333287,0.1500000000000003,6.032,6.114000000000001,20.48271607222222,6.034888888888889,4.0953712,4.0152326,4.007149,4.0605836,4.048451,0,1.0,1,0.75,-0.69,15.0,85.0
2023-02-18 16:45:00,127.15685802222,71.30798093333199,71.32048048333,19.91666666,6.114000000000001,23.55,2,5.1764362714980825,70.66250196097344,16,5,2,-0.8660254037844385,-0.5000000000000004,-0.9749279121818236,-0.2225209339563146,0.8660254037844386,0.5000000000000001,358.5,411.75,498.3333333333333,16.0,39.6,0.0,29.75,-10.6,2.1098917,0.0,5.65,19.698148156666665,23.466666666666665,22.75,22.0,21.7,24.15,-13.802666659999996,-0.2574074466666722,-0.0679999999999996,6.182,6.13,20.152469148888887,6.109333333333335,4.048451,4.0953712,4.0152326,4.007149,4.0987315,0,1.0,1,0.75,-0.75,16.7,83.3
2023-02-18 17:00:00,137.143680666668,90.448326388888,90.467214533332,19.698148156666665,6.13,24.15,2,5.1764362714980825,70.66250196097344,17,5,2,-0.9659258262890684,-0.2588190451025206,-0.9749279121818236,-0.2225209339563146,0.8660254037844386,0.5000000000000001,323.0,376.25,475.6666666666667,15.6,39.6,0.0,30.0,-10.4,2.134624,0.0,5.7,19.65555557,23.55,23.466666666666665,22.75,22.0,24.15,-13.568148156666666,-0.2185185033333319,0.0159999999999991,6.114000000000001,6.1273333333333335,19.929629641111116,6.142000000000002,4.0987315,4.048451,4.0953712,4.0152326,4.0884957,0,0.0,0,1.0,-0.79,18.2,81.8
2023-02-18 17:15:00,52.360127811108,0.0,0.0,19.65555557,6.1273333333333335,24.15,0,5.1764362714980825,70.66250196097344,17,5,2,-0.9659258262890684,-0.2588190451025206,-0.9749279121818236,-0.2225209339563146,0.8660254037844386,0.5000000000000001,280.25,338.9375,450.6458333333333,13.975,38.35,0.0,33.0,-9.725,2.2833176,0.0,5.275,19.387037033333336,24.15,23.55,23.466666666666665,22.75,24.183333333333334,-13.528222236666668,-0.0425925866666645,-0.0026666666666663,6.13,5.89,19.75679012888889,6.123777777777779,4.0884957,4.0987315,4.048451,4.0953712,4.030028,1,1.0,1,0.75,-0.8,18.6,81.4
2023-02-18 17:30:00,169.578772044448,136.792861383334,136.81563823889,19.387037033333336,5.89,24.183333333333334,2,5.1764362714980825,70.66250196097344,17,5,2,-0.9659258262890684,-0.2588190451025206,-0.9749279121818236,-0.2225209339563146,0.8660254037844386,0.5000000000000001,237.5,299.8125,423.2708333333333,12.35,37.1,0.0,36.0,-9.05,2.4219456,0.0,4.85,19.44999999,24.15,24.15,23.55,23.466666666666665,24.5,-13.497037033333337,-0.2685185366666651,-0.2373333333333338,6.1273333333333335,5.550666666666667,19.580246920000004,6.049111111111112,4.030028,4.0884957,4.0987315,4.048451,4.097949,0,1.0,1,0.75,-0.86,20.7,79.3
2023-02-18 17:45:00,101.730097399996,67.145091872222,67.160369044444,19.44999999,5.550666666666667,24.5,1,5.1764362714980825,70.66250196097344,17,5,2,-0.9659258262890684,-0.2588190451025206,-0.9749279121818236,-0.2225209339563146,0.8660254037844386,0.5000000000000001,194.75,258.875,393.5416666666667,10.725,35.85,0.0,39.0,-8.375,2.5508966,0.0,4.425,19.418518526666663,24.183333333333334,24.15,24.15,23.55,24.5,-13.89933332333333,0.0629629566666629,-0.3393333333333324,5.89,4.048666666666667,19.49753086444445,5.856000000000002,4.097949,4.030028,4.0884957,4.0987315,4.090368,0,1.0,1,0.75,-0.85,20.1,79.9
2023-02-18 18:00:00,347.621372288892,0.0,0.0,19.418518526666663,4.048666666666667,24.5,0,5.1764362714980825,70.66250196097344,18,5,2,-1.0,-1.8369701987210294e-16,-0.9749279121818236,-0.2225209339563146,0.8660254037844386,0.5000000000000001,152.0,216.125,361.4583333333333,9.1,34.6,0.0,42.0,-7.7,2.6705494,0.0,4.0,19.11111114,24.5,24.183333333333334,24.15,24.15,25.45,-15.36985186,-0.031481463333332,-1.502000000000001,5.550666666666667,3.4626666666666663,19.41851851666667,5.163111111111113,4.090368,4.097949,4.030028,4.0884957,4.172737,1,2.0,1,0.5,-0.85,20.4,79.6
2023-02-18 18:15:00,254.478987233328,0.0,0.0,19.11111114,3.4626666666666663,25.45,0,5.1764362714980825,70.66250196097344,18,5,2,-1.0,-1.8369701987210294e-16,-0.9749279121818236,-0.2225209339563146,0.8660254037844386,0.5000000000000001,118.25,175.625,328.0625,9.125,30.175,0.0,44.25,-7.75,2.6805332,0.0,3.275,18.911111076666664,24.5,24.5,24.183333333333334,24.15,28.016666666666666,-15.648444473333331,-0.307407386666668,-0.5860000000000003,4.048666666666667,3.2580000000000005,19.32654321888889,4.354000000000001,4.172737,4.090368,4.097949,4.030028,4.5396657,0,2.0,0,0.5,-0.92,22.8,77.2
2023-02-18 18:30:00,61.346712799996,0.0,0.0,18.911111076666664,3.2580000000000005,28.016666666666666,0,5.1764362714980825,70.66250196097344,18,5,2,-1.0,-1.8369701987210294e-16,-0.9749279121818236,-0.2225209339563146,0.8660254037844386,0.5000000000000001,84.5,137.375,293.3541666666667,9.15,25.75,0.0,46.5,-7.800000000000001,2.6828084,0.0,2.55,18.74999998,25.45,24.5,24.5,24.183333333333334,28.1,-15.653111076666663,-0.2000000633333343,-0.2046666666666659,3.4626666666666663,3.208,19.14691358111111,3.5897777777777784,4.5396657,4.172737,4.090368,4.097949,4.510023,0,3.0,0,0.25,-0.95,24.1,75.9
2023-02-18 18:45:00,73.05679972778199,0.0,0.0,18.74999998,3.208,28.1,0,5.1764362714980825,70.66250196097344,18,5,2,-1.0,-1.8369701987210294e-16,-0.9749279121818236,-0.2225209339563146,0.8660254037844386,0.5000000000000001,50.75,101.375,257.3333333333333,9.175,21.325,0.0,48.75,-7.85,2.6780045,0.0,1.825,18.670370400000003,28.016666666666666,25.45,24.5,24.5,28.266666666666666,-15.541999979999998,-0.1611110966666658,-0.0500000000000007,3.2580000000000005,3.1,18.924074065555555,3.309555555555556,4.510023,4.5396657,4.172737,4.090368,4.5154514,0,4.0,0,0.0,-0.99,25.6,74.4
2023-02-18 19:00:00,1034.131410888888,74.063148472222,74.081203333332,18.670370400000003,3.1,28.266666666666666,2,5.1764362714980825,70.66250196097344,19,5,2,-0.9659258262890684,0.2588190451025203,-0.9749279121818236,-0.2225209339563146,0.8660254037844386,0.5000000000000001,17.0,67.625,220.0,9.2,16.9,0.0,51.0,-7.9,2.6667156,0.0,1.1,18.73333336,28.1,28.016666666666666,25.45,24.5,29.85,-15.570370400000003,-0.0796295799999953,-0.1079999999999996,3.208,3.063333333333333,18.77716048555556,3.188666666666668,4.5154514,4.510023,4.5396657,4.172737,4.786176,0,3.0,1,0.25,-1.01,26.3,73.7
2023-02-18 19:15:00,346.957787849998,0.0,0.0,18.73333336,3.063333333333333,29.85,0,5.1764362714980825,70.66250196097344,19,5,2,-0.9659258262890684,0.2588190451025203,-0.9749279121818236,-0.2225209339563146,0.8660254037844386,0.5000000000000001,12.75,41.25,185.27083333333331,9.45,16.375,7.0,57.25,-7.525,2.7999816,0.0,0.1250000000000002,18.63333337,28.266666666666666,28.1,28.016666666666666,25.45,30.0,-15.670000026666669,0.0629629599999965,-0.0366666666666666,3.1,2.945333333333333,18.71790124666667,3.1237777777777787,4.786176,4.5154514,4.510023,4.5396657,4.7818513,1,3.0,1,0.25,-0.98,25.4,74.6
2023-02-18 19:30:00,71.958232672222,0.0,0.0,18.63333337,2.945333333333333,30.0,0,5.1764362714980825,70.66250196097344,19,5,2,-0.9659258262890684,0.2588190451025203,-0.9749279121818236,-0.2225209339563146,0.8660254037844386,0.5000000000000001,8.5,22.25,153.14583333333334,9.7,15.85,14.0,63.5,-7.15,2.9032636,0.0,-0.8499999999999996,18.50555557,29.85,28.266666666666666,28.1,28.016666666666666,30.0,-15.688000036666663,-0.0999999900000006,-0.1180000000000003,3.063333333333333,2.7920000000000003,18.67901237666667,3.0362222222222237,4.7818513,4.786176,4.5154514,4.510023,4.7458034,0,3.0,0,0.25,-1.0,26.3,73.7
2023-02-18 19:45:00,61.246716966656,0.0,0.0,18.50555557,2.7920000000000003,30.0,0,5.1764362714980825,70.66250196097344,19,5,2,-0.9659258262890684,0.2588190451025203,-0.9749279121818236,-0.2225209339563146,0.8660254037844386,0.5000000000000001,4.249999999999998,10.625,123.625,9.95,15.325,21.0,69.75,-6.775,2.979524,0.0,-1.825,18.396296306666667,30.0,29.85,28.266666666666666,28.1,30.0,-15.713555570000002,-0.1277777999999969,-0.1533333333333328,2.945333333333333,2.248,18.6240741,2.933555555555557,4.7458034,4.7818513,4.786176,4.5154514,4.7151666,0,3.0,0,0.25,-1.03,27.6,72.4
2023-02-18 20:00:00,62.143903077776,0.0,0.0,18.396296306666667,2.248,30.0,0,5.1764362714980825,70.66250196097344,20,5,2,-0.8660254037844386,0.5000000000000001,-0.9749279121818236,-0.2225209339563146,0.8660254037844386,0.5000000000000001,0.0,6.375,96.70833333333331,10.2,14.8,28.0,76.0,-6.4,3.031517,0.0,-2.8,18.33888887,30.0,30.0,29.85,28.266666666666666,29.95,-16.148296306666666,-0.1092592633333353,-0.5440000000000005,2.7920000000000003,1.7626666666666668,18.51172841555556,2.6617777777777785,4.7151666,4.7458034,4.7818513,4.786176,4.6913075,0,4.0,0,0.0,-1.06,28.7,71.3
2023-02-18 20:15:00,98.434951511104,0.0,0.0,18.33888887,1.7626666666666668,29.95,0,5.1764362714980825,70.66250196097344,20,5,2,-0.8660254037844386,0.5000000000000001,-0.9749279121818236,-0.2225209339563146,0.8660254037844386,0.5000000000000001,0.0,3.1875,73.35416666666667,8.725,14.425,36.25,74.25,-6.2,3.0732384,0.0,-2.275,18.229629606666663,30.0,30.0,30.0,29.85,29.53333333333333,-16.576222203333334,-0.057407436666665,-0.4853333333333329,2.248,1.6166666666666667,18.41358024888889,2.2675555555555564,4.6913075,4.7151666,4.7458034,4.7818513,4.5961404,0,4.0,0,0.0,-1.07,29.3,70.7
2023-02-18 20:30:00,155.692661011108,97.074727988888,97.089171894442,18.229629606666663,1.6166666666666667,29.53333333333333,2,5.1764362714980825,70.66250196097344,20,5,2,-0.8660254037844386,0.5000000000000001,-0.9749279121818236,-0.2225209339563146,0.8660254037844386,0.5000000000000001,0.0,1.0624999999999996,53.5625,7.25,14.05,44.5,72.5,-6.0,3.1132884,0.0,-1.75,18.37222222,29.95,30.0,30.0,30.0,29.05,-16.61296294,-0.1092592633333353,-0.1460000000000001,1.7626666666666668,1.3586666666666667,18.32160492777778,1.8757777777777789,4.5961404,4.6913075,4.7151666,4.7458034,4.55934,0,3.0,1,0.25,-1.1,30.5,69.5
2023-02-18 20:45:00,227.4134031,172.620872655556,172.645038388888,18.37222222,1.3586666666666667,29.05,2,5.1764362714980825,70.66250196097344,20,5,2,-0.8660254037844386,0.5000000000000001,-0.9749279121818236,-0.2225209339563146,0.8660254037844386,0.5000000000000001,0.0,0.0,37.333333333333336,5.775,13.675,52.75,70.75,-5.8,3.1515052,0.0,-1.225,18.67962963,29.53333333333333,29.95,30.0,30.0,27.7,-17.013555553333333,0.1425926133333348,-0.258,1.6166666666666667,1.238,18.313580232222225,1.5793333333333344,4.55934,4.5961404,4.6913075,4.7151666,4.4273562,0,2.0,0,0.5,-1.07,29.1,70.9
2023-02-18 21:00:00,81.67117745555599,11.660366866668,11.667866616666,18.67962963,1.238,27.7,1,5.1764362714980825,70.66250196097344,21,5,2,-0.7071067811865477,0.7071067811865474,-0.9749279121818236,-0.2225209339563146,0.8660254037844386,0.5000000000000001,0.0,0.0,24.666666666666668,4.3,13.3,61.0,69.0,-5.6,3.1877203,0.0,-0.7,18.51111109,29.05,29.53333333333333,29.95,30.0,27.05,-17.44162963,0.3074074099999997,-0.1206666666666667,1.3586666666666667,0.9506666666666668,18.42716048555556,1.4044444444444453,4.4273562,4.55934,4.5961404,4.6913075,4.2805414,0,1.0,1,0.75,-1.01,26.4,73.6
2023-02-18 21:15:00,157.12315932222,81.467574466668,81.48229616111,18.51111109,0.9506666666666668,27.05,2,5.1764362714980825,70.66250196097344,21,5,2,-0.7071067811865477,0.7071067811865474,-0.9749279121818236,-0.2225209339563146,0.8660254037844386,0.5000000000000001,0.0,0.0,14.8125,5.7,14.2,62.5,69.25,-5.65,3.1826756,0.0,-0.7749999999999999,18.52592591,27.7,29.05,29.53333333333333,29.95,27.466666666666665,-17.560444423333333,-0.1685185400000008,-0.2873333333333333,1.238,0.8573333333333333,18.52098764666667,1.1824444444444453,4.2805414,4.4273562,4.55934,4.5961404,4.350293,0,0.0,1,1.0,-1.05,28.2,71.8
2023-02-18 21:30:00,197.687370072218,126.738541355556,126.757985044444,18.52592591,0.8573333333333333,27.466666666666665,2,5.1764362714980825,70.66250196097344,21,5,2,-0.7071067811865477,0.7071067811865474,-0.9749279121818236,-0.2225209339563146,0.8660254037844386,0.5000000000000001,0.0,0.0,7.770833333333333,7.1,15.1,64.0,69.5,-5.699999999999999,3.177588,0.0,-0.85,18.68333333,27.05,27.7,29.05,29.53333333333333,26.8,-17.66859257666667,0.0148148200000015,-0.0933333333333333,0.9506666666666668,1.0206666666666666,18.572222210000003,1.015333333333334,4.350293,4.2805414,4.4273562,4.55934,4.2844453,0,0.0,0,1.0,-1.04,27.9,72.1
2023-02-18 21:45:00,72.739590449994,0.0,0.0,18.68333333,1.0206666666666666,26.8,0,5.1764362714980825,70.66250196097344,21,5,2,-0.7071067811865477,0.7071067811865474,-0.9749279121818236,-0.2225209339563146,0.8660254037844386,0.5000000000000001,0.0,0.0,3.5416666666666665,8.5,16.0,65.5,69.75,-5.75,3.1724558,0.0,-0.925,18.494444426666668,27.466666666666665,27.05,27.7,29.05,26.683333333333334,-17.662666663333333,0.1574074199999984,0.1633333333333333,0.8573333333333333,0.9653333333333334,18.57345677666667,0.94288888888889,4.2844453,4.350293,4.2805414,4.4273562,4.2183495,1,1.0,1,0.75,-1.01,26.5,73.5
2023-02-18 22:00:00,185.43369343889,119.717988855556,119.737154772222,18.494444426666668,0.9653333333333334,26.683333333333334,2,5.1764362714980825,70.66250196097344,22,5,2,-0.5000000000000004,0.8660254037844384,-0.9749279121818236,-0.2225209339563146,0.8660254037844386,0.5000000000000001,0.0,0.0,2.125,9.9,16.9,67.0,70.0,-5.8,3.1672816,0.0,-1.0,18.61111112,26.8,27.466666666666665,27.05,27.7,26.95,-17.529111093333334,-0.188888903333332,-0.0553333333333332,1.0206666666666666,0.9126666666666666,18.567901222222225,0.9477777777777786,4.2183495,4.2844453,4.350293,4.2805414,4.2900496,0,1.0,1,0.75,-1.05,28.4,71.6
2023-02-18 22:15:00,471.226150383326,99.187421244444,99.205198333332,18.61111112,0.9126666666666666,26.95,2,5.1764362714980825,70.66250196097344,22,5,2,-0.5000000000000004,0.8660254037844384,-0.9749279121818236,-0.2225209339563146,0.8660254037844386,0.5000000000000001,0.0,0.0,1.0624999999999998,10.175,17.724999999999998,72.5,69.75,-5.775,3.1669526,0.0,-0.95,18.68888892,26.683333333333334,26.8,27.466666666666665,27.05,26.35,-17.698444453333334,0.1166666933333324,-0.0526666666666667,0.9653333333333334,0.952,18.596296292222224,0.9662222222222232,4.2900496,4.2183495,4.2844453,4.350293,4.213889,0,1.0,0,0.75,-1.03,27.2,72.8
2023-02-18 22:30:00,130.2014584,0.0,0.0,18.68888892,0.952,26.35,0,5.1764362714980825,70.66250196097344,22,5,2,-0.5000000000000004,0.8660254037844384,-0.9749279121818236,-0.2225209339563146,0.8660254037844386,0.5000000000000001,0.0,0.0,0.3541666666666665,10.45,18.55,78.0,69.5,-5.75,3.1665773,0.0,-0.9,18.45555558,26.95,26.683333333333334,26.8,27.466666666666665,26.4,-17.73688892,0.0777777999999997,0.0393333333333333,0.9126666666666666,1.104666666666667,18.59814815555556,0.9433333333333342,4.213889,4.2900496,4.2183495,4.2844453,4.1639495,1,2.0,1,0.5,-1.01,26.6,73.4
2023-02-18 22:45:00,252.984324522228,137.642827366668,137.700880627778,18.45555558,1.104666666666667,26.4,2,5.1764362714980825,70.66250196097344,22,5,2,-0.5000000000000004,0.8660254037844384,-0.9749279121818236,-0.2225209339563146,0.8660254037844386,0.5000000000000001,0.0,0.0,0.0,10.725,19.375,83.5,69.25,-5.725,3.1661577,0.0,-0.8500000000000001,18.62592596,26.35,26.95,26.683333333333334,26.8,26.78333333333333,-17.350888913333335,-0.2333333399999979,0.1526666666666667,0.952,1.1553333333333335,18.58518520666667,0.9897777777777786,4.1639495,4.213889,4.2900496,4.2183495,4.267258,0,1.0,1,0.75,-1.06,28.9,71.1
2023-02-18 23:00:00,168.653808977784,59.135412222224,59.187632350002,18.62592596,1.1553333333333335,26.78333333333333,1,5.1764362714980825,70.66250196097344,23,5,2,-0.2588190451025215,0.965925826289068,-0.9749279121818236,-0.2225209339563146,0.8660254037844386,0.5000000000000001,0.0,0.0,0.0,11.0,20.2,89.0,69.0,-5.7,3.1656914,0.0,-0.8,18.63888889,26.4,26.35,26.95,26.683333333333334,26.2,-17.470592626666665,0.1703703799999978,0.0506666666666668,1.104666666666667,0.988,18.590123486666663,1.0706666666666678,4.267258,4.1639495,4.213889,4.2900496,4.177523,0,1.0,1,0.75,-1.02,27.1,72.9
2023-02-18 23:15:00,159.91332546111,40.553933327778,40.6033758,18.63888889,0.988,26.2,1,5.1764362714980825,70.66250196097344,23,5,2,-0.2588190451025215,0.965925826289068,-0.9749279121818236,-0.2225209339563146,0.8660254037844386,0.5000000000000001,0.0,0.0,0.0,10.725,20.275,91.75,69.75,-5.625,3.189018,0.0,-0.8500000000000001,18.44444445,26.78333333333333,26.4,26.35,26.95,26.65,-17.650888889999997,0.0129629299999969,-0.1673333333333335,1.1553333333333335,0.9653333333333334,18.57345681,1.0826666666666676,4.177523,4.267258,4.1639495,4.213889,4.200614,0,1.0,0,0.75,-1.02,27.1,72.9
2023-02-18 23:30:00,270.776112888892,142.151258172222,142.21070026111,18.44444445,0.9653333333333334,26.65,2,5.1764362714980825,70.66250196097344,23,5,2,-0.2588190451025215,0.965925826289068,-0.9749279121818236,-0.2225209339563146,0.8660254037844386,0.5000000000000001,0.0,0.0,0.0,10.45,20.35,94.5,70.5,-5.550000000000001,3.2121398,0.0,-0.9,18.63888888,26.2,26.78333333333333,26.4,26.35,26.6,-17.479111116666665,-0.194444439999998,-0.0226666666666666,0.988,1.014,18.5697531,1.0362222222222233,4.200614,4.177523,4.267258,4.1639495,4.2413025,0,0.0,1,1.0,-1.07,28.9,71.1
2023-02-18 23:45:00,113.887110983334,0.0,0.0,18.63888888,1.014,26.6,0,5.1764362714980825,70.66250196097344,23,5,2,-0.2588190451025215,0.965925826289068,-0.9749279121818236,-0.2225209339563146,0.8660254037844386,0.5000000000000001,0.0,0.0,0.0,10.175,20.425,97.25,71.25,-5.4750000000000005,3.2350593,0.0,-0.95,18.505555583333333,26.65,26.2,26.78333333333333,26.4,26.216666666666665,-17.62488888,0.1944444300000007,0.0486666666666666,0.9653333333333334,1.0353333333333334,18.57407407333333,0.989111111111112,4.2413025,4.200614,4.177523,4.267258,4.147305,1,1.0,1,0.75,-1.02,27.0,73.0
2023-02-19 00:00:00,191.572892377776,79.057948705554,79.112946538886,18.505555583333333,1.0353333333333334,26.216666666666665,2,5.1764362714980825,70.66250196097344,0,6,2,0.0,1.0,-0.7818314824680299,0.6234898018587334,0.8660254037844386,0.5000000000000001,0.0,0.0,0.0,9.9,20.5,100.0,72.0,-5.4,3.2577758,0.0,-1.0,18.46111109,26.6,26.65,26.2,26.78333333333333,26.85,-17.47022225,-0.1333332966666667,0.0213333333333334,1.014,0.91,18.529629637777777,1.0048888888888898,4.147305,4.2413025,4.200614,4.177523,4.2363214,0,1.0,1,0.75,-1.05,28.4,71.6
2023-02-19 00:15:00,298.170850472222,164.127879055556,164.205931516666,18.46111109,0.91,26.85,2,5.1764362714980825,70.66250196097344,0,6,2,0.0,1.0,-0.7818314824680299,0.6234898018587334,0.8660254037844386,0.5000000000000001,0.0,0.0,0.0,10.0,19.975,95.25,73.0,-5.300000000000001,3.2801387,0.0,-1.1,18.73518518666667,26.216666666666665,26.6,26.65,26.2,26.816666666666663,-17.55111109,-0.0444444933333336,-0.1253333333333334,1.0353333333333334,1.098666666666667,18.535185184444444,0.9864444444444452,4.2363214,4.147305,4.2413025,4.200614,4.300279,0,1.0,0,0.75,-1.06,28.7,71.3
2023-02-19 00:30:00,131.558070783334,0.0,0.0,18.73518518666667,1.098666666666667,26.816666666666663,0,5.1764362714980825,70.66250196097344,0,6,2,0.0,1.0,-0.7818314824680299,0.6234898018587334,0.8660254037844386,0.5000000000000001,0.0,0.0,0.0,10.1,19.45,90.5,74.0,-5.2,3.302016,0.0,-1.2,18.52777774,26.85,26.216666666666665,26.6,26.65,26.6,-17.636518520000003,0.2740740966666699,0.1886666666666666,0.91,1.0393333333333332,18.56728395333333,1.0146666666666675,4.300279,4.2363214,4.147305,4.2413025,4.2134895,1,2.0,1,0.5,-1.0,26.0,74.0
2023-02-19 00:45:00,225.68125022222,102.025085516666,102.101193655552,18.52777774,1.0393333333333332,26.6,2,5.1764362714980825,70.66250196097344,0,6,2,0.0,1.0,-0.7818314824680299,0.6234898018587334,0.8660254037844386,0.5000000000000001,0.0,0.0,0.0,10.2,18.925,85.75,75.0,-5.1,3.3234134,0.0,-1.2999999999999998,18.54629626,26.816666666666663,26.85,26.216666666666665,26.6,27.25,-17.488444406666666,-0.2074074466666715,-0.0593333333333334,1.098666666666667,1.2333333333333334,18.57469133888889,1.016000000000001,4.2134895,4.300279,4.2363214,4.147305,4.3211884,0,1.0,1,0.75,-1.05,28.1,71.9
2023-02-19 01:00:00,206.070923483334,92.902394872222,92.971003244444,18.54629626,1.2333333333333334,27.25,2,5.1764362714980825,70.66250196097344,1,6,2,0.2588190451025207,0.9659258262890684,-0.7818314824680299,0.6234898018587334,0.8660254037844386,0.5000000000000001,0.0,0.0,0.0,10.3,18.4,81.0,76.0,-5.0,3.3443344,0.0,-1.4,18.62222221,26.6,26.816666666666663,26.85,26.216666666666665,26.7,-17.312962926666668,0.0185185200000042,0.1940000000000001,1.0393333333333332,1.2033333333333334,18.60308639555556,1.1237777777777789,4.3211884,4.2134895,4.300279,4.2363214,4.25305,0,1.0,0,0.75,-1.04,27.8,72.2
2023-02-19 01:15:00,146.726630683334,33.4436622,33.508381811112,18.62222221,1.2033333333333334,26.7,1,5.1764362714980825,70.66250196097344,1,6,2,0.2588190451025207,0.9659258262890684,-0.7818314824680299,0.6234898018587334,0.8660254037844386,0.5000000000000001,0.0,0.0,0.0,10.175,18.4,83.25,76.75,-4.975,3.359716,0.0,-1.475,18.403703713333336,27.25,26.6,26.816666666666663,26.85,26.966666666666665,-17.418888876666667,0.0759259499999984,-0.03,1.2333333333333334,1.0173333333333334,18.565432070000004,1.1586666666666676,4.25305,4.3211884,4.2134895,4.300279,4.240273,0,1.0,1,0.75,-1.02,27.2,72.8
2023-02-19 01:30:00,219.671490522224,82.133936744444,82.204489472222,18.403703713333336,1.0173333333333334,26.966666666666665,2,5.1764362714980825,70.66250196097344,1,6,2,0.2588190451025207,0.9659258262890684,-0.7818314824680299,0.6234898018587334,0.8660254037844386,0.5000000000000001,0.0,0.0,0.0,10.05,18.4,85.5,77.5,-4.95,3.3748343,0.0,-1.5499999999999998,18.39444445,26.7,27.25,26.6,26.816666666666663,27.05,-17.386370380000002,-0.2185184966666646,-0.1859999999999999,1.2033333333333334,0.978,18.524074061111115,1.1513333333333344,4.240273,4.25305,4.3211884,4.2134895,4.251042,0,0.0,1,1.0,-1.07,29.3,70.7
2023-02-19 01:45:00,208.332777538886,97.652482611112,97.726090783334,18.39444445,0.978,27.05,2,5.1764362714980825,70.66250196097344,1,6,2,0.2588190451025207,0.9659258262890684,-0.7818314824680299,0.6234898018587334,0.8660254037844386,0.5000000000000001,0.0,0.0,0.0,9.925,18.4,87.75,78.25,-4.925000000000001,3.3896928,0.0,-1.625,18.4407407,26.966666666666665,26.7,27.25,26.6,27.28333333333333,-17.416444449999997,-0.0092592633333374,-0.0393333333333334,1.0173333333333334,0.7799999999999999,18.473456791111115,1.0662222222222233,4.251042,4.240273,4.25305,4.3211884,4.2994976,0,0.0,0,1.0,-1.07,29.4,70.6
2023-02-19 02:00:00,132.978847499992,21.930789383334,21.996620116666,18.4407407,0.7799999999999999,27.28333333333333,1,5.1764362714980825,70.66250196097344,2,6,2,0.4999999999999999,0.8660254037844387,-0.7818314824680299,0.6234898018587334,0.8660254037844386,0.5000000000000001,0.0,0.0,0.0,9.8,18.4,90.0,79.0,-4.9,3.4042919,0.0,-1.7,18.29444442,27.05,26.966666666666665,26.7,27.25,27.05,-17.660740699999998,0.046296250000001,-0.198,0.978,0.6086666666666667,18.41296295444444,0.925111111111112,4.2994976,4.251042,4.240273,4.25305,4.225899,0,0.0,1,1.0,-1.06,28.8,71.2
2023-02-19 02:15:00,206.407021238886,87.472889844444,87.545386994442,18.29444442,0.6086666666666667,27.05,2,5.1764362714980825,70.66250196097344,2,6,2,0.4999999999999999,0.8660254037844387,-0.7818314824680299,0.6234898018587334,0.8660254037844386,0.5000000000000001,0.0,0.0,0.0,10.4,19.3,92.5,78.25,-5.075,3.3543339,0.0,-1.775,18.355555566666663,27.28333333333333,27.05,26.966666666666665,26.7,27.466666666666665,-17.68577775333333,-0.1462962800000014,-0.1713333333333332,0.7799999999999999,0.256,18.376543190000003,0.78888888888889,4.225899,4.2994976,4.251042,4.240273,4.3065786,0,0.0,1,1.0,-1.1,30.4,69.6
2023-02-19 02:30:00,212.344005933332,93.666253216666,93.740972477776,18.355555566666663,0.256,27.466666666666665,2,5.1764362714980825,70.66250196097344,2,6,2,0.4999999999999999,0.8660254037844387,-0.7818314824680299,0.6234898018587334,0.8660254037844386,0.5000000000000001,0.0,0.0,0.0,11.0,20.2,95.0,77.5,-5.25,3.3047943,0.0,-1.85,18.47777778,27.05,27.28333333333333,27.05,26.966666666666665,27.15,-18.099555566666663,0.0611111466666685,-0.3526666666666667,0.6086666666666667,0.2673333333333333,18.36358022888889,0.5482222222222233,4.3065786,4.225899,4.2994976,4.251042,4.2878876,0,0.0,0,1.0,-1.08,29.7,70.3
2023-02-19 02:45:00,93.750972011112,25.855354644444,25.87868706111,18.47777778,0.2673333333333333,27.15,1,5.1764362714980825,70.66250196097344,2,6,2,0.4999999999999999,0.8660254037844387,-0.7818314824680299,0.6234898018587334,0.8660254037844386,0.5000000000000001,0.0,0.0,0.0,11.6,21.1,97.5,76.75,-5.425,3.2556705,0.0,-1.925,18.33333335,27.466666666666665,27.05,27.28333333333333,27.05,27.0,-18.210444446666667,0.1222222133333339,0.0113333333333333,0.256,0.0333333333333333,18.375925922222223,0.3773333333333344,4.2878876,4.3065786,4.225899,4.2994976,4.2278314,0,0.0,1,1.0,-1.06,28.5,71.5
2023-02-19 03:00:00,196.25353829445,151.36838945555598,151.391721872222,18.33333335,0.0333333333333333,27.0,2,5.1764362714980825,70.66250196097344,3,6,2,0.7071067811865476,0.7071067811865476,-0.7818314824680299,0.6234898018587334,0.8660254037844386,0.5000000000000001,0.0,0.0,0.0,12.2,22.0,100.0,76.0,-5.6,3.2069602,0.0,-2.0,18.56666669,27.15,27.466666666666665,27.05,27.28333333333333,26.65,-18.30000001666666,-0.1444444300000036,-0.234,0.2673333333333333,-0.0066666666666666,18.38888889888889,0.1855555555555566,4.2278314,4.2878876,4.3065786,4.225899,4.2311435,0,0.0,1,1.0,-1.09,30.0,70.0
2023-02-19 03:15:00,44.687656855556,0.0,0.0,18.56666669,-0.0066666666666666,26.65,0,5.1764362714980825,70.66250196097344,3,6,2,0.7071067811865476,0.7071067811865476,-0.7818314824680299,0.6234898018587334,0.8660254037844386,0.5000000000000001,0.0,0.0,0.0,12.125,22.175,100.0,73.75,-5.975,3.128413,0.0,-1.925,18.42962964,27.0,27.15,27.466666666666665,27.05,26.5,-18.573333356666662,0.2333333400000015,-0.04,0.0333333333333333,0.24,18.45925927333333,0.098000000000001,4.2311435,4.2278314,4.2878876,4.3065786,4.173305,1,1.0,1,0.75,-1.04,27.7,72.3
2023-02-19 03:30:00,130.37256255556,90.412772227778,90.430827088888,18.42962964,0.24,26.5,2,5.1764362714980825,70.66250196097344,3,6,2,0.7071067811865476,0.7071067811865476,-0.7818314824680299,0.6234898018587334,0.8660254037844386,0.5000000000000001,0.0,0.0,0.0,12.05,22.35,100.0,71.5,-6.35,3.048939,0.0,-1.85,18.4388889,26.65,27.0,27.15,27.466666666666665,26.45,-18.18962964,-0.13703705,0.2466666666666666,-0.0066666666666666,0.6353333333333334,18.44320989333333,0.0888888888888899,4.173305,4.2311435,4.2278314,4.2878876,4.1677175,0,1.0,1,0.75,-1.07,29.1,70.9
2023-02-19 03:45:00,433.961252038886,68.837246416666,68.85363466111001,18.4388889,0.6353333333333334,26.45,1,5.1764362714980825,70.66250196097344,3,6,2,0.7071067811865476,0.7071067811865476,-0.7818314824680299,0.6234898018587334,0.8660254037844386,0.5000000000000001,0.0,0.0,0.0,11.975,22.525,100.0,69.25,-6.725,2.9685316,0.0,-1.775,18.45000003333333,26.5,26.65,27.0,27.15,26.03333333333333,-17.803555566666667,0.0092592600000003,0.3953333333333334,0.24,1.0233333333333332,18.47839507666667,0.2895555555555566,4.1677175,4.173305,4.2311435,4.2278314,4.104766,0,1.0,1,0.75,-1.07,29.0,71.0
2023-02-19 04:00:00,76.21667359443799,38.804281083334,38.816225072222,18.45000003333333,1.0233333333333332,26.03333333333333,1,5.1764362714980825,70.66250196097344,4,6,2,0.8660254037844386,0.5000000000000001,-0.7818314824680299,0.6234898018587334,0.8660254037844386,0.5000000000000001,0.0,0.0,0.0,11.9,22.7,100.0,67.0,-7.1,2.8871841,0.0,-1.7,18.30555558,26.45,26.5,26.65,27.0,26.3,-17.4266667,0.0111111333333333,0.3879999999999998,0.6353333333333334,1.3293333333333337,18.43950619111111,0.6328888888888899,4.104766,4.1677175,4.173305,4.2311435,4.1114397,0,1.0,0,0.75,-1.07,29.0,71.0
2023-02-19 04:15:00,171.425642633336,131.509461627778,131.531960711112,18.30555558,1.3293333333333337,26.3,2,5.1764362714980825,70.66250196097344,4,6,2,0.8660254037844386,0.5000000000000001,-0.7818314824680299,0.6234898018587334,0.8660254037844386,0.5000000000000001,0.0,0.0,0.0,11.75,22.425,100.0,66.25,-7.074999999999999,2.8899786,0.0,-1.525,18.51666669333333,26.03333333333333,26.45,26.5,26.65,25.85,-16.976222246666662,-0.1444444533333353,0.3060000000000002,1.0233333333333332,1.4806666666666668,18.39814817111111,0.996000000000001,4.1114397,4.104766,4.1677175,4.173305,4.0919933,0,0.0,1,1.0,-1.1,30.5,69.5
2023-02-19 04:30:00,43.581312244444,0.0,0.0,18.51666669333333,1.4806666666666668,25.85,0,5.1764362714980825,70.66250196097344,4,6,2,0.8660254037844386,0.5000000000000001,-0.7818314824680299,0.6234898018587334,0.8660254037844386,0.5000000000000001,0.0,0.0,0.0,11.6,22.15,100.0,65.5,-7.05,2.8923523,0.0,-1.35,18.35000001,26.3,26.03333333333333,26.45,26.5,25.55,-17.036000026666663,0.2111111133333345,0.1513333333333333,1.3293333333333337,1.7253333333333332,18.42407410222222,1.2777777777777788,4.0919933,4.1114397,4.104766,4.1677175,4.004739,1,1.0,1,0.75,-1.05,28.4,71.6
2023-02-19 04:45:00,134.725999627778,92.314640583334,92.333528744444,18.35000001,1.7253333333333332,25.55,2,5.1764362714980825,70.66250196097344,4,6,2,0.8660254037844386,0.5000000000000001,-0.7818314824680299,0.6234898018587334,0.8660254037844386,0.5000000000000001,0.0,0.0,0.0,11.45,21.875,100.0,64.75,-7.025,2.894296,0.0,-1.175,18.41111111,25.85,26.3,26.03333333333333,26.45,25.78333333333333,-16.624666676666667,-0.1666666833333323,0.2446666666666663,1.4806666666666668,1.6733333333333331,18.39074076111111,1.5117777777777788,4.004739,4.0919933,4.1114397,4.104766,4.055986,0,1.0,1,0.75,-1.09,30.2,69.8
2023-02-19 05:00:00,115.527878683334,65.354607927778,65.369329572222,18.41111111,1.6733333333333331,25.78333333333333,1,5.1764362714980825,70.66250196097344,5,6,2,0.9659258262890684,0.2588190451025207,-0.7818314824680299,0.6234898018587334,0.8660254037844386,0.5000000000000001,0.0,0.0,0.0,11.3,21.6,100.0,64.0,-7.0,2.8958006,0.0,-1.0,18.41666669,25.55,25.85,26.3,26.03333333333333,25.5,-16.737777776666668,0.0611111000000015,-0.052,1.7253333333333332,1.8286666666666669,18.42592593777778,1.6264444444444452,4.055986,4.004739,4.0919933,4.1114397,4.012736,0,1.0,1,0.75,-1.08,29.5,70.5
2023-02-19 05:15:00,71.81351619444601,34.131690211112,34.14391193889,18.41666669,1.8286666666666669,25.5,1,5.1764362714980825,70.66250196097344,5,6,2,0.9659258262890684,0.2588190451025207,-0.7818314824680299,0.6234898018587334,0.8660254037844386,0.5000000000000001,0.0,0.0,0.0,11.175,21.6,100.0,63.75,-6.925,2.9096403,0.0,-0.875,18.2425926,25.78333333333333,25.55,25.85,26.3,25.683333333333334,-16.588000023333333,0.0055555799999993,0.1553333333333335,1.6733333333333331,1.8146666666666669,18.39259260333333,1.7424444444444454,4.012736,4.055986,4.004739,4.0919933,4.0000587,0,1.0,0,0.75,-1.08,29.5,70.5
2023-02-19 05:30:00,159.524174411108,126.113288633332,126.135509994442,18.2425926,1.8146666666666669,25.683333333333334,2,5.1764362714980825,70.66250196097344,5,6,2,0.9659258262890684,0.2588190451025207,-0.7818314824680299,0.6234898018587334,0.8660254037844386,0.5000000000000001,0.0,0.0,0.0,11.05,21.6,100.0,63.5,-6.85,2.9234748,0.0,-0.75,18.43333332,25.5,25.78333333333333,25.55,25.85,25.65,-16.427925933333334,-0.1740740899999977,-0.014,1.8286666666666669,1.645333333333333,18.356790133333337,1.772222222222223,4.0000587,4.012736,4.055986,4.004739,4.0403314,0,0.0,1,1.0,-1.12,31.3,68.7
2023-02-19 05:45:00,48.514725966668,0.0,0.0,18.43333332,1.645333333333333,25.65,0,5.1764362714980825,70.66250196097344,5,6,2,0.9659258262890684,0.2588190451025207,-0.7818314824680299,0.6234898018587334,0.8660254037844386,0.5000000000000001,0.0,0.0,0.0,10.925,21.6,100.0,63.25,-6.775,2.9373024,0.0,-0.625,18.303703676666665,25.683333333333334,25.5,25.78333333333333,25.55,25.5,-16.787999986666666,0.1907407199999973,-0.1693333333333333,1.8146666666666669,1.912,18.36419753666667,1.7628888888888898,4.0403314,4.0000587,4.012736,4.055986,3.985938,1,1.0,1,0.75,-1.07,29.3,70.7
2023-02-19 06:00:00,147.629372305558,95.759502783334,95.778390927778,18.303703676666665,1.912,25.5,2,5.1764362714980825,70.66250196097344,6,6,2,1.0,6.123233995736766e-17,-0.7818314824680299,0.6234898018587334,0.8660254037844386,0.5000000000000001,0.0,0.0,0.0,10.8,21.6,100.0,63.0,-6.7,2.951122,0.0,-0.5,18.3833333,25.65,25.683333333333334,25.5,25.78333333333333,25.45,-16.391703676666666,-0.1296296433333346,0.2666666666666666,1.645333333333333,1.8906666666666667,18.32654319888889,1.7906666666666675,3.985938,4.0403314,4.0000587,4.012736,3.9969597,0,1.0,1,0.75,-1.1,30.7,69.3
2023-02-19 06:15:00,97.657760349994,64.17048866111,64.18576584999799,18.3833333,1.8906666666666667,25.45,1,5.1764362714980825,70.66250196097344,6,6,2,1.0,6.123233995736766e-17,-0.7818314824680299,0.6234898018587334,0.8660254037844386,0.5000000000000001,0.0,0.0,0.0,11.025,21.775,100.0,62.75,-6.725,2.9394116,0.0,-0.5,18.394444433333334,25.5,25.65,25.683333333333334,25.5,25.03333333333333,-16.492666633333332,0.0796296233333357,-0.0213333333333332,1.912,1.7986666666666666,18.37345676555556,1.816000000000001,3.9969597,3.985938,4.0403314,4.0000587,3.934113,0,1.0,1,0.75,-1.09,29.8,70.2
2023-02-19 06:30:00,84.176632866664,43.070221572222,43.081887805554,18.394444433333334,1.7986666666666666,25.03333333333333,1,5.1764362714980825,70.66250196097344,6,6,2,1.0,6.123233995736766e-17,-0.7818314824680299,0.6234898018587334,0.8660254037844386,0.5000000000000001,0.0,0.0,0.0,11.25,21.950000000000003,100.0,62.5,-6.75,2.9277005,0.0,-0.5,18.24999998,25.45,25.5,25.65,25.683333333333334,25.3,-16.595777766666668,0.0111111333333333,-0.092,1.8906666666666667,2.0826666666666664,18.36049380333333,1.867111111111112,3.934113,3.9969597,3.985938,4.0403314,3.9420896,0,1.0,0,0.75,-1.08,29.8,70.2
2023-02-19 06:45:00,162.468778872218,125.760802733332,125.784690711108,18.24999998,2.0826666666666664,25.3,2,5.1764362714980825,70.66250196097344,6,6,2,1.0,6.123233995736766e-17,-0.7818314824680299,0.6234898018587334,0.8660254037844386,0.5000000000000001,0.0,0.0,0.0,11.475,22.125,100.0,62.25,-6.775,2.9159899,0.0,-0.5,18.48148148,25.03333333333333,25.45,25.5,25.65,25.03333333333333,-16.16733331333333,-0.1444444533333353,0.2839999999999998,1.7986666666666666,2.189333333333333,18.342592571111112,1.924000000000001,3.9420896,3.934113,3.9969597,3.985938,3.9544642,0,0.0,1,1.0,-1.12,31.3,68.7
2023-02-19 07:00:00,53.945342199996,0.0,0.0,18.48148148,2.189333333333333,25.03333333333333,0,5.1764362714980825,70.66250196097344,7,6,2,0.9659258262890684,-0.2588190451025206,-0.7818314824680299,0.6234898018587334,0.8660254037844386,0.5000000000000001,0.0,0.0,0.0,11.7,22.3,100.0,62.0,-6.8,2.9042792,0.0,-0.5,18.30555554,25.3,25.03333333333333,25.45,25.5,25.05,-16.292148146666666,0.231481500000001,0.1066666666666664,2.0826666666666664,2.3906666666666667,18.37530863111111,2.0235555555555567,3.9544642,3.9420896,3.934113,3.9969597,3.9160292,1,1.0,1,0.75,-1.07,28.9,71.1
2023-02-19 07:15:00,124.538629405554,80.8750982,80.893430849998,18.30555554,2.3906666666666667,25.05,2,5.1764362714980825,70.66250196097344,7,6,2,0.9659258262890684,-0.2588190451025206,-0.7818314824680299,0.6234898018587334,0.8660254037844386,0.5000000000000001,0.0,0.0,0.0,12.525,23.025,100.0,62.25,-6.675,2.9362297,0.0,-0.4,18.32407406,25.03333333333333,25.3,25.03333333333333,25.45,25.28333333333333,-15.914888873333334,-0.175925939999999,0.2013333333333338,2.189333333333333,2.448,18.345679,2.22088888888889,3.9160292,3.9544642,3.9420896,3.934113,3.956851,0,1.0,1,0.75,-1.1,30.7,69.3
2023-02-19 07:30:00,117.16170234444,81.363412016666,81.3809113,18.32407406,2.448,25.28333333333333,2,5.1764362714980825,70.66250196097344,7,6,2,0.9659258262890684,-0.2588190451025206,-0.7818314824680299,0.6234898018587334,0.8660254037844386,0.5000000000000001,0.0,0.0,0.0,13.35,23.75,100.0,62.5,-6.55,2.9684658,0.0,-0.3,18.43888886,25.05,25.03333333333333,25.3,25.03333333333333,25.0,-15.87607406,0.0185185200000006,0.0573333333333332,2.3906666666666667,2.594,18.37037036,2.342666666666668,3.956851,3.9160292,3.9544642,3.9420896,3.9392414,0,1.0,0,0.75,-1.1,30.5,69.5
2023-02-19 07:45:00,59.043471483334,25.623697227778,25.636752272222,18.43888886,2.594,25.0,1,5.1764362714980825,70.66250196097344,7,6,2,0.9659258262890684,-0.2588190451025206,-0.7818314824680299,0.6234898018587334,0.8660254037844386,0.5000000000000001,0.0,0.0,0.0,14.175,24.475,100.0,62.75,-6.425,3.0009906,0.0,-0.1999999999999999,18.29814813666667,25.28333333333333,25.05,25.03333333333333,25.3,25.0,-15.844888860000005,0.1148148000000013,0.1459999999999999,2.448,2.7393333333333336,18.35617282,2.4775555555555564,3.9392414,3.956851,3.9160292,3.9544642,3.9064941,0,1.0,1,0.75,-1.07,29.4,70.6
2023-02-19 08:00:00,188.505792683338,133.518270155556,133.5413248,18.29814813666667,2.7393333333333336,25.0,2,5.1764362714980825,70.66250196097344,8,6,2,0.8660254037844387,-0.4999999999999998,-0.7818314824680299,0.6234898018587334,0.8660254037844386,0.5000000000000001,0.0,0.0,0.0,15.0,25.2,100.0,63.0,-6.3,3.0338058,0.0,-0.1,18.52222222,25.0,25.28333333333333,25.05,25.03333333333333,24.65,-15.558814803333334,-0.1407407233333337,0.1453333333333337,2.594,2.9546666666666668,18.35370368555556,2.5937777777777797,3.9064941,3.9392414,3.956851,3.9160292,3.9033208,0,0.0,1,1.0,-1.11,30.8,69.2
2023-02-19 08:15:00,44.91264783889,0.0,0.0,18.52222222,2.9546666666666668,24.65,0,5.1764362714980825,70.66250196097344,8,6,2,0.8660254037844387,-0.4999999999999998,-0.7818314824680299,0.6234898018587334,0.8660254037844386,0.5000000000000001,8.75,2.1875,0.7291666666666666,14.95,26.375,100.0,62.5,-6.25,3.0410044,0.0,0.0499999999999999,18.34259259,25.0,25.0,25.28333333333333,25.05,24.683333333333334,-15.567555553333332,0.2240740833333312,0.2153333333333331,2.7393333333333336,2.9133333333333336,18.419753072222225,2.762666666666668,3.9033208,3.9064941,3.9392414,3.956851,3.867197,1,1.0,1,0.75,-1.06,28.6,71.4
2023-02-19 08:30:00,116.532005333328,83.15139606111,83.16972866111,18.34259259,2.9133333333333336,24.683333333333334,2,5.1764362714980825,70.66250196097344,8,6,2,0.8660254037844387,-0.4999999999999998,-0.7818314824680299,0.6234898018587334,0.8660254037844386,0.5000000000000001,17.5,6.5625,2.1875,14.9,27.55,100.0,62.0,-6.199999999999999,3.0479844,0.0,0.1999999999999999,18.38888886,24.65,25.0,25.0,25.28333333333333,24.95,-15.429259256666665,-0.1796296300000008,-0.0413333333333332,2.9546666666666668,2.942,18.387654315555555,2.869111111111113,3.867197,3.9033208,3.9064941,3.9392414,3.9197252,0,1.0,1,0.75,-1.1,30.4,69.6
2023-02-19 08:45:00,105.756880738886,63.449961916666,63.46635016111,18.38888886,2.942,24.95,1,5.1764362714980825,70.66250196097344,8,6,2,0.8660254037844387,-0.4999999999999998,-0.7818314824680299,0.6234898018587334,0.8660254037844386,0.5000000000000001,26.25,13.125,4.375,14.85,28.725,100.0,61.5,-6.15,3.054742,0.0,0.35,18.466666676666662,24.683333333333334,24.65,25.0,25.0,24.53333333333333,-15.44688886,0.0462962700000026,0.0286666666666666,2.9133333333333336,2.972666666666667,18.41790122333333,2.936666666666668,3.9197252,3.867197,3.9033208,3.9064941,3.8720784,0,1.0,1,0.75,-1.09,29.9,70.1
2023-02-19 09:00:00,62.560275305554,19.5267189,19.53810736111,18.466666676666662,2.972666666666667,24.53333333333333,1,5.1764362714980825,70.66250196097344,9,6,2,0.7071067811865476,-0.7071067811865475,-0.7818314824680299,0.6234898018587334,0.8660254037844386,0.5000000000000001,35.0,21.875,7.291666666666667,14.8,29.9,100.0,61.0,-6.1,3.0612733,0.0,0.5,18.28333331,24.95,24.683333333333334,24.65,25.0,24.8,-15.49400001,0.0777778166666642,0.0306666666666668,2.942,3.3246666666666664,18.39938270888889,2.942666666666668,3.8720784,3.9197252,3.867197,3.9033208,3.8718362,0,1.0,0,0.75,-1.07,29.2,70.8
2023-02-19 09:15:00,170.615397294446,126.091622833332,126.114677444444,18.28333331,3.3246666666666664,24.8,2,5.1764362714980825,70.66250196097344,9,6,2,0.7071067811865476,-0.7071067811865475,-0.7818314824680299,0.6234898018587334,0.8660254037844386,0.5000000000000001,59.0,34.4375,12.208333333333334,14.15,30.075,100.0,60.25,-5.9,3.1076272,0.0,0.9,18.501851866666662,24.53333333333333,24.95,24.683333333333334,24.65,24.53333333333333,-14.958666643333334,-0.1833333666666661,0.3519999999999994,2.972666666666667,3.6446666666666663,18.37962961555556,3.0797777777777786,3.8718362,3.8720784,3.9197252,3.867197,3.8801608,0,0.0,1,1.0,-1.11,31.0,69.0
2023-02-19 09:30:00,46.144820783334,0.0,0.0,18.501851866666662,3.6446666666666663,24.53333333333333,0,5.1764362714980825,70.66250196097344,9,6,2,0.7071067811865476,-0.7071067811865475,-0.7818314824680299,0.6234898018587334,0.8660254037844386,0.5000000000000001,83.0,50.8125,19.125,13.5,30.25,100.0,59.5,-5.699999999999999,3.1539035,0.0,1.3,18.43333335,24.8,24.53333333333333,24.95,24.683333333333334,24.5,-14.8571852,0.2185185566666661,0.3200000000000003,3.3246666666666664,4.214666666666667,18.417283951111116,3.3140000000000014,3.8801608,3.8718362,3.8720784,3.9197252,3.8591857,1,1.0,1,0.75,-1.06,28.8,71.2
2023-02-19 09:45:00,87.178734911112,49.6046824,49.620237327778,18.43333335,4.214666666666667,24.5,1,5.1764362714980825,70.66250196097344,9,6,2,0.7071067811865476,-0.7071067811865475,-0.7818314824680299,0.6234898018587334,0.8660254037844386,0.5000000000000001,107.0,71.0,28.041666666666668,12.85,30.425,100.0,58.75,-5.5,3.2000663,0.0,1.7000000000000002,18.418518516666666,24.53333333333333,24.8,24.53333333333333,24.95,24.5,-14.218666683333332,-0.0685185166666677,0.5700000000000003,3.6446666666666663,4.384666666666666,18.406172842222222,3.728000000000001,3.8591857,3.8801608,3.8718362,3.8720784,3.8557975,0,1.0,1,0.75,-1.08,29.5,70.5
2023-02-19 10:00:00,142.412081088888,98.535780611112,98.555502088888,18.418518516666666,4.384666666666666,24.5,2,5.1764362714980825,70.66250196097344,10,6,2,0.4999999999999999,-0.8660254037844387,-0.7818314824680299,0.6234898018587334,0.8660254037844386,0.5000000000000001,131.0,95.0,38.958333333333336,12.2,30.6,100.0,58.0,-5.3,3.2460802,0.0,2.1,18.583333340000003,24.5,24.53333333333333,24.8,24.53333333333333,24.15,-14.03385185,-0.0148148333333324,0.169999999999999,4.214666666666667,4.770666666666667,18.45123457777778,4.081333333333334,3.8557975,3.8591857,3.8801608,3.8718362,3.8380122,0,1.0,1,0.75,-1.08,29.7,70.3
2023-02-19 10:15:00,317.841452350006,0.0,0.0,18.583333340000003,4.770666666666667,24.15,0,5.1764362714980825,70.66250196097344,10,6,2,0.4999999999999999,-0.8660254037844387,-0.7818314824680299,0.6234898018587334,0.8660254037844386,0.5000000000000001,147.0,117.0,51.208333333333336,12.025,29.425,100.0,56.5,-5.275,3.24878,0.0,2.5,18.46666667,24.5,24.5,24.53333333333333,24.8,24.0,-13.812666673333336,0.1648148233333373,0.386000000000001,4.384666666666666,5.604,18.47839506888889,4.456666666666668,3.8380122,3.8557975,3.8591857,3.8801608,3.7879028,1,2.0,1,0.5,-1.05,28.1,71.9
2023-02-19 10:30:00,151.262838061114,65.36432977222199,65.380718,18.46666667,5.604,24.0,1,5.1764362714980825,70.66250196097344,10,6,2,0.4999999999999999,-0.8660254037844387,-0.7818314824680299,0.6234898018587334,0.8660254037844386,0.5000000000000001,163.0,137.0,64.79166666666667,11.85,28.25,100.0,55.0,-5.25,3.2488973,0.0,2.9000000000000004,18.52222225,24.15,24.5,24.5,24.53333333333333,24.25,-12.86266667,-0.1166666700000043,0.833333333333333,4.770666666666667,5.928,18.48950617555556,4.919777777777779,3.7879028,3.8380122,3.8557975,3.8591857,3.839981,0,1.0,1,0.75,-1.07,29.3,70.7
2023-02-19 10:45:00,109.356181194442,58.269891311112,58.28239086111,18.52222225,5.928,24.25,1,5.1764362714980825,70.66250196097344,10,6,2,0.4999999999999999,-0.8660254037844387,-0.7818314824680299,0.6234898018587334,0.8660254037844386,0.5000000000000001,179.0,155.0,79.70833333333333,11.675,27.075,100.0,53.5,-5.225,3.2463064,0.0,3.3000000000000003,18.690740743333333,24.0,24.15,24.5,24.5,23.566666666666663,-12.59422225,0.0555555800000036,0.3239999999999998,5.604,6.13,18.52407408666667,5.434222222222224,3.839981,3.7879028,3.8380122,3.8557975,3.7691922,0,1.0,0,0.75,-1.06,28.7,71.3
2023-02-19 11:00:00,72.11044888333,0.0,0.0,18.690740743333333,6.13,23.566666666666663,0,5.1764362714980825,70.66250196097344,11,6,2,0.258819045102521,-0.9659258262890682,-0.7818314824680299,0.6234898018587334,0.8660254037844386,0.5000000000000001,195.0,171.0,95.95833333333331,11.5,25.9,100.0,52.0,-5.2,3.2408764,0.0,3.7,18.64444445,24.25,24.0,24.15,24.5,23.55,-12.560740743333334,0.1685184933333303,0.2019999999999999,5.928,6.6080000000000005,18.559876554444447,5.887333333333334,3.7691922,3.839981,3.7879028,3.8380122,3.756222,1,2.0,1,0.5,-1.02,27.2,72.8
2023-02-19 11:15:00,212.286508166668,118.6394209,118.65414256111,18.64444445,6.6080000000000005,23.55,2,5.1764362714980825,70.66250196097344,11,6,2,0.258819045102521,-0.9659258262890682,-0.7818314824680299,0.6234898018587334,0.8660254037844386,0.5000000000000001,204.25,185.3125,112.25,11.675,26.275,100.0,50.75,-5.2,3.253889,0.0,4.125,18.787037036666668,23.566666666666663,24.25,24.0,24.15,23.6,-12.036444449999998,-0.0462962933333344,0.4780000000000006,6.13,6.739999999999999,18.619135814444444,6.222000000000001,3.756222,3.7691922,3.839981,3.7879028,3.79608,0,1.0,1,0.75,-1.04,27.6,72.4
2023-02-19 11:30:00,75.451426388884,0.0,0.0,18.787037036666668,6.739999999999999,23.6,0,5.1764362714980825,70.66250196097344,11,6,2,0.258819045102521,-0.9659258262890682,-0.7818314824680299,0.6234898018587334,0.8660254037844386,0.5000000000000001,213.5,197.9375,128.58333333333334,11.85,26.65,100.0,49.5,-5.2,3.2646458,0.0,4.550000000000001,18.78333334,23.55,23.566666666666663,24.25,24.0,23.0,-12.04703703666667,0.1425925866666695,0.1319999999999987,6.6080000000000005,6.965999999999999,18.70740741,6.492666666666668,3.79608,3.756222,3.7691922,3.839981,3.6987603,1,2.0,1,0.5,-1.0,26.2,73.8
2023-02-19 11:45:00,78.885733461106,11.124277244444,11.128166038886,18.78333334,6.965999999999999,23.0,1,5.1764362714980825,70.66250196097344,11,6,2,0.258819045102521,-0.9659258262890682,-0.7818314824680299,0.6234898018587334,0.8660254037844386,0.5000000000000001,222.75,208.875,144.95833333333334,12.025,27.025,100.0,48.25,-5.2,3.273023,0.0,4.9750000000000005,18.67407410666667,23.6,23.55,23.566666666666663,24.25,23.366666666666667,-11.817333340000005,-0.0037036966666654,0.2259999999999999,6.739999999999999,7.144666666666667,18.73827160888889,6.771333333333335,3.6987603,3.79608,3.756222,3.7691922,3.7335212,0,2.0,1,0.5,-1.01,26.4,73.6
2023-02-19 12:00:00,187.741101122224,112.784099555556,112.798821233332,18.67407410666667,7.144666666666667,23.366666666666667,2,5.1764362714980825,70.66250196097344,12,6,2,1.2246467991473532e-16,-1.0,-0.7818314824680299,0.6234898018587334,0.8660254037844386,0.5000000000000001,232.0,218.125,161.375,12.2,27.4,100.0,47.0,-5.2,3.2788954,0.0,5.4,18.77777777,23.0,23.6,23.55,23.566666666666663,23.65,-11.529407440000004,-0.1092592333333328,0.1786666666666674,6.965999999999999,7.287333333333334,18.748148161111114,6.950222222222223,3.7335212,3.6987603,3.79608,3.756222,3.8020415,0,1.0,1,0.75,-1.03,27.4,72.6
2023-02-19 12:15:00,91.551337849998,0.0,0.0,18.77777777,7.287333333333334,23.65,0,5.1764362714980825,70.66250196097344,12,6,2,1.2246467991473532e-16,-1.0,-0.7818314824680299,0.6234898018587334,0.8660254037844386,0.5000000000000001,242.0,227.5625,176.625,13.525,30.0,100.0,45.0,-5.425,3.2230325,0.0,5.800000000000001,18.7814815,23.366666666666667,23.0,23.6,23.55,23.316666666666663,-11.490444436666667,0.1037036633333308,0.1426666666666669,7.144666666666667,7.688666666666666,18.745061738888893,7.132666666666668,3.8020415,3.7335212,3.6987603,3.79608,3.7492745,1,2.0,1,0.5,-1.0,26.3,73.7
2023-02-19 12:30:00,164.317038188888,0.0,0.0,18.7814815,7.688666666666666,23.316666666666663,0,5.1764362714980825,70.66250196097344,12,6,2,1.2246467991473532e-16,-1.0,-0.7818314824680299,0.6234898018587334,0.8660254037844386,0.5000000000000001,252.0,237.1875,190.70833333333331,14.85,32.599999999999994,100.0,43.0,-5.65,3.1615894,0.0,6.2,18.78333335,23.65,23.366666666666667,23.0,23.6,23.45,-11.092814833333332,0.003703729999998,0.4013333333333326,7.287333333333334,8.056666666666667,18.74444445888889,7.373555555555558,3.7492745,3.8020415,3.7335212,3.6987603,3.7711275,0,2.0,0,0.5,-1.01,26.4,73.6
2023-02-19 12:45:00,263.366964916666,121.766795816666,121.837348527778,18.78333335,8.056666666666667,23.45,2,5.1764362714980825,70.66250196097344,12,6,2,1.2246467991473532e-16,-1.0,-0.7818314824680299,0.6234898018587334,0.8660254037844386,0.5000000000000001,262.0,247.0,203.625,16.175,35.2,100.0,41.0,-5.875,3.094341,0.0,6.6,18.849999986666667,23.316666666666663,23.65,23.366666666666667,23.0,24.25,-10.726666683333333,0.0018518500000013,0.3680000000000003,7.688666666666666,8.137333333333334,18.780864206666667,7.677555555555557,3.7711275,3.7492745,3.8020415,3.7335212,3.9151757,0,2.0,1,0.5,-1.0,26.3,73.7
2023-02-19 13:00:00,150.290654899996,10.417083283334,10.477636427778,18.849999986666667,8.137333333333334,24.25,1,5.1764362714980825,70.66250196097344,13,6,2,-0.2588190451025208,-0.9659258262890684,-0.7818314824680299,0.6234898018587334,0.8660254037844386,0.5000000000000001,272.0,257.0,215.375,17.5,37.8,100.0,39.0,-6.1,3.0210567,0.0,7.0,18.80000002,23.45,23.316666666666663,23.65,23.366666666666667,23.65,-10.712666653333333,0.0666666366666675,0.0806666666666675,8.056666666666667,8.369333333333334,18.80493827888889,7.960888888888891,3.9151757,3.7711275,3.7492745,3.8020415,3.8070397,0,2.0,1,0.5,-0.99,25.5,74.5
2023-02-19 13:15:00,139.200542888888,0.0,0.0,18.80000002,8.369333333333334,23.65,0,5.1764362714980825,70.66250196097344,13,6,2,-0.2588190451025208,-0.9659258262890684,-0.7818314824680299,0.6234898018587334,0.8660254037844386,0.5000000000000001,268.25,263.5625,225.47916666666663,18.25,40.05,100.0,38.5,-6.1,3.021315,0.1,7.2,18.65370372,24.25,23.45,23.316666666666663,23.65,23.866666666666667,-10.430666686666669,-0.0499999666666646,0.2319999999999993,8.137333333333334,8.427333333333333,18.81111111888889,8.18777777777778,3.8070397,3.9151757,3.7711275,3.7492745,3.808817,1,2.0,1,0.5,-1.0,26.1,73.9
2023-02-19 13:30:00,278.570523300004,112.293285855556,112.36106096111,18.65370372,8.427333333333333,23.866666666666667,2,5.1764362714980825,70.66250196097344,13,6,2,-0.2588190451025208,-0.9659258262890684,-0.7818314824680299,0.6234898018587334,0.8660254037844386,0.5000000000000001,264.5,266.6875,233.9375,19.0,42.3,100.0,38.0,-6.1,3.0209997,0.2,7.4,18.77777775,23.65,24.25,23.45,23.316666666666663,24.45,-10.226370386666666,-0.146296300000003,0.0579999999999998,8.369333333333334,8.6,18.767901242222223,8.311333333333335,3.808817,3.8070397,3.9151757,3.7711275,3.930652,0,1.0,1,0.75,-1.03,27.5,72.5
2023-02-19 13:45:00,236.370544833332,58.9184765,58.979029677776005,18.77777775,8.6,24.45,1,5.1764362714980825,70.66250196097344,13,6,2,-0.2588190451025208,-0.9659258262890684,-0.7818314824680299,0.6234898018587334,0.8660254037844386,0.5000000000000001,260.75,266.375,240.75,19.75,44.55,100.0,37.5,-6.1,3.0200968,0.3,7.6,18.916666643333333,23.866666666666667,23.65,24.25,23.45,23.85,-10.17777775,0.1240740299999991,0.1726666666666663,8.427333333333333,8.770666666666667,18.743827163333336,8.465555555555556,3.930652,3.808817,3.8070397,3.9151757,3.8657906,0,1.0,1,0.75,-1.0,26.1,73.9
2023-02-19 14:00:00,166.817216194434,0.0,0.0,18.916666643333333,8.770666666666667,23.85,0,5.1764362714980825,70.66250196097344,14,6,2,-0.4999999999999997,-0.8660254037844388,-0.7818314824680299,0.6234898018587334,0.8660254037844386,0.5000000000000001,257.0,262.625,245.91666666666663,20.5,46.8,100.0,37.0,-6.1,3.018594,0.4,7.8,18.84444443,24.45,23.866666666666667,23.65,24.25,23.6,-10.145999976666666,0.1388888933333341,0.1706666666666674,8.6,9.069333333333333,18.782716037777774,8.599333333333336,3.8657906,3.930652,3.808817,3.8070397,3.8089826,1,2.0,1,0.5,-0.97,25.0,75.0
2023-02-19 14:15:00,221.440308633336,56.086089750002,56.148865072222,18.84444443,9.069333333333333,23.6,1,5.1764362714980825,70.66250196097344,14,6,2,-0.4999999999999997,-0.8660254037844388,-0.7818314824680299,0.6234898018587334,0.8660254037844386,0.5000000000000001,257.0,259.8125,250.3125,20.1,47.075,100.0,37.0,-5.949999999999999,3.047955,0.3,7.95,18.86296297333333,23.85,24.45,23.866666666666667,23.65,24.616666666666667,-9.775111096666668,-0.0722222133333332,0.2986666666666657,8.770666666666667,9.130666666666666,18.846296274444445,8.813333333333334,3.8089826,3.8657906,3.930652,3.808817,3.97742,0,1.0,1,0.75,-0.99,25.7,74.3
2023-02-19 14:30:00,260.9420619,69.711100327778,69.771375733332,18.86296297333333,9.130666666666666,24.616666666666667,1,5.1764362714980825,70.66250196097344,14,6,2,-0.4999999999999997,-0.8660254037844388,-0.7818314824680299,0.6234898018587334,0.8660254037844386,0.5000000000000001,257.0,257.9375,253.9375,19.7,47.35,100.0,37.0,-5.8,3.0775657,0.2,8.1,19.07222222,23.6,23.85,24.45,23.866666666666667,24.3,-9.732296306666663,0.0185185433333323,0.0613333333333336,9.069333333333333,9.44,18.87469134888889,8.990222222222224,3.97742,3.8089826,3.8657906,3.930652,3.975058,0,1.0,0,0.75,-0.98,25.3,74.7
2023-02-19 14:45:00,178.442862033332,0.0,0.0,19.07222222,9.44,24.3,0,5.1764362714980825,70.66250196097344,14,6,2,-0.4999999999999997,-0.8660254037844388,-0.7818314824680299,0.6234898018587334,0.8660254037844386,0.5000000000000001,257.0,257.0,256.7916666666667,19.3,47.625,100.0,37.0,-5.65,3.107427,0.0999999999999999,8.25,18.998148176666668,24.616666666666667,23.6,23.85,24.45,24.0,-9.63222222,0.2092592466666687,0.309333333333333,9.130666666666666,9.678,18.92654320777778,9.213333333333331,3.975058,3.97742,3.8089826,3.8657906,3.908862,1,2.0,1,0.5,-0.93,23.4,76.6
2023-02-19 15:00:00,409.930546505558,0.0,0.0,18.998148176666668,9.678,24.0,0,5.1764362714980825,70.66250196097344,15,6,2,-0.7071067811865471,-0.7071067811865479,-0.7818314824680299,0.6234898018587334,0.8660254037844386,0.5000000000000001,257.0,257.0,258.875,18.9,47.9,100.0,37.0,-5.5,3.1375418,0.0,8.4,18.7611111,24.3,24.616666666666667,23.6,23.85,26.05,-9.320148176666669,-0.0740740433333329,0.2379999999999995,9.44,9.846666666666666,18.97777779,9.416222222222222,3.908862,3.975058,3.97742,3.8089826,4.183747,0,2.0,0,0.5,-0.95,24.2,75.8
2023-02-19 15:15:00,571.332423522224,0.0,0.0,18.7611111,9.846666666666666,26.05,0,5.1764362714980825,70.66250196097344,15,6,2,-0.7071067811865471,-0.7071067811865479,-0.7818314824680299,0.6234898018587334,0.8660254037844386,0.5000000000000001,243.25,253.5625,258.9791666666667,19.5,47.525,100.0,37.0,-5.5,3.1375418,0.0,8.4,18.57777777,24.0,24.3,24.616666666666667,23.6,28.75,-8.914444433333335,-0.2370370766666667,0.1686666666666667,9.678,9.854,18.94382716555556,9.65488888888889,4.183747,3.908862,3.975058,3.97742,4.567559,0,3.0,0,0.25,-1.0,26.0,74.0
2023-02-19 15:30:00,166.598335833332,0.0,0.0,18.57777777,9.854,28.75,0,5.1764362714980825,70.66250196097344,15,6,2,-0.7071067811865471,-0.7071067811865479,-0.7818314824680299,0.6234898018587334,0.8660254037844386,0.5000000000000001,229.5,246.6875,257.1041666666667,20.1,47.15,100.0,37.0,-5.5,3.1375418,0.0,8.4,18.4388889,26.05,24.0,24.3,24.616666666666667,27.7,-8.72377777,-0.1833333299999999,0.0073333333333351,9.846666666666666,9.958,18.779012348888887,9.792888888888893,4.567559,4.183747,3.908862,3.975058,4.3646793,0,4.0,0,0.0,-1.02,27.1,72.9
2023-02-19 15:45:00,252.07297226111,95.678672749998,95.717837899996,18.4388889,9.958,27.7,2,5.1764362714980825,70.66250196097344,15,6,2,-0.7071067811865471,-0.7071067811865479,-0.7818314824680299,0.6234898018587334,0.8660254037844386,0.5000000000000001,215.75,236.375,253.25,20.7,46.775,100.0,37.0,-5.5,3.1375418,0.0,8.4,18.62592596,28.75,26.05,24.0,24.3,27.78333333333333,-8.480888899999998,-0.1388888700000023,0.1039999999999992,9.854,10.101333333333336,18.59259259,9.886222222222225,4.3646793,4.567559,4.183747,3.908862,4.426584,0,3.0,1,0.25,-1.06,28.8,71.2
2023-02-19 16:00:00,698.892043349994,29.997133416666,30.031298749998,18.62592596,10.101333333333336,27.78333333333333,1,5.1764362714980825,70.66250196097344,16,6,2,-0.8660254037844385,-0.5000000000000004,-0.7818314824680299,0.6234898018587334,0.8660254037844386,0.5000000000000001,202.0,222.625,247.41666666666663,21.3,46.4,100.0,37.0,-5.5,3.1375418,0.0,8.4,18.68333336,27.7,28.75,26.05,24.0,27.5,-8.524592626666665,0.1870370600000015,0.1433333333333344,9.958,10.074666666666667,18.54753087666667,9.971111111111114,4.426584,4.3646793,4.567559,4.183747,4.396353,0,2.0,1,0.5,-1.02,26.9,73.1
2023-02-19 16:15:00,164.562584033328,0.0,0.0,18.68333336,10.074666666666667,27.5,0,5.1764362714980825,70.66250196097344,16,6,2,-0.8660254037844385,-0.5000000000000004,-0.7818314824680299,0.6234898018587334,0.8660254037844386,0.5000000000000001,190.25,209.375,240.91666666666663,22.25,48.4,100.0,37.75,-5.225,3.1960013,0.0,8.375,18.470370376666665,27.78333333333333,27.7,28.75,26.05,27.683333333333334,-8.608666693333332,0.0574073999999988,-0.0266666666666672,10.101333333333336,9.958,18.582716073333334,10.04466666666667,4.396353,4.426584,4.3646793,4.567559,4.3702016,1,2.0,1,0.5,-1.01,26.4,73.6
2023-02-19 16:30:00,215.702760344448,49.535240727778,49.576627955556,18.470370376666665,9.958,27.683333333333334,1,5.1764362714980825,70.66250196097344,16,6,2,-0.8660254037844385,-0.5000000000000004,-0.7818314824680299,0.6234898018587334,0.8660254037844386,0.5000000000000001,178.5,196.625,233.75,23.2,50.4,100.0,38.5,-4.95,3.2542644,0.0,8.350000000000001,18.5,27.5,27.78333333333333,27.7,28.75,29.3,-8.512370376666665,-0.2129629833333339,-0.1166666666666671,10.074666666666667,10.026666666666667,18.59320989888889,10.04466666666667,4.3702016,4.396353,4.426584,4.3646793,4.6335416,0,1.0,1,0.75,-1.05,28.4,71.6
2023-02-19 16:45:00,288.911498711108,103.693629855556,103.742239044444,18.5,10.026666666666667,29.3,2,5.1764362714980825,70.66250196097344,16,6,2,-0.8660254037844385,-0.5000000000000004,-0.7818314824680299,0.6234898018587334,0.8660254037844386,0.5000000000000001,166.75,184.375,225.91666666666663,24.15,52.4,100.0,39.25,-4.675000000000001,3.3123317,0.0,8.325000000000001,18.770370343333333,27.683333333333334,27.5,27.78333333333333,27.7,28.7,-8.473333333333333,0.029629623333335,0.0686666666666671,9.958,10.139333333333331,18.55123457888889,10.01977777777778,4.6335416,4.3702016,4.396353,4.426584,4.611874,0,1.0,1,0.75,-1.04,27.8,72.2
2023-02-19 17:00:00,176.15017596111,0.0,0.0,18.770370343333333,10.139333333333331,28.7,0,5.1764362714980825,70.66250196097344,17,6,2,-0.9659258262890684,-0.2588190451025206,-0.7818314824680299,0.6234898018587334,0.8660254037844386,0.5000000000000001,155.0,172.625,217.41666666666663,25.1,54.4,100.0,40.0,-4.4,3.3702028,0.0,8.3,18.58888891,29.3,27.683333333333334,27.5,27.78333333333333,27.95,-8.63103701,0.2703703433333331,0.1126666666666658,10.026666666666667,10.252666666666666,18.58024690666667,10.041333333333334,4.611874,4.6335416,4.3702016,4.396353,4.443384,1,2.0,1,0.5,-0.98,25.3,74.7
2023-02-19 17:15:00,197.206000427774,25.058997616666,25.097607172222,18.58888891,10.252666666666666,27.95,1,5.1764362714980825,70.66250196097344,17,6,2,-0.9659258262890684,-0.2588190451025206,-0.7818314824680299,0.6234898018587334,0.8660254037844386,0.5000000000000001,138.25,159.625,207.52083333333331,24.4,54.125,99.75,40.5,-4.375,3.3904467,0.075,8.200000000000001,18.461111136666663,28.7,29.3,27.683333333333334,27.5,27.53333333333333,-8.336222243333332,-0.1814814333333352,0.1133333333333332,10.139333333333331,10.436,18.619753084444444,10.139555555555557,4.443384,4.611874,4.6335416,4.3702016,4.3441358,0,1.0,1,0.75,-1.03,27.2,72.8
2023-02-19 17:30:00,615.055674688884,110.859176572222,110.909174605554,18.461111136666663,10.436,27.53333333333333,2,5.1764362714980825,70.66250196097344,17,6,2,-0.9659258262890684,-0.2588190451025206,-0.7818314824680299,0.6234898018587334,0.8660254037844386,0.5000000000000001,121.5,145.375,196.22916666666663,23.700000000000003,53.85,99.5,41.0,-4.35,3.4102757,0.15,8.100000000000001,18.73333333,27.95,28.7,29.3,27.683333333333334,26.8,-8.025111136666666,-0.1277777733333316,0.1833333333333335,10.252666666666666,10.436666666666666,18.60679013,10.276000000000002,4.3441358,4.443384,4.611874,4.6335416,4.2971363,0,1.0,1,0.75,-1.06,28.6,71.4
2023-02-19 17:45:00,186.290603761106,0.0,0.0,18.73333333,10.436666666666666,26.8,0,5.1764362714980825,70.66250196097344,17,6,2,-0.9659258262890684,-0.2588190451025206,-0.7818314824680299,0.6234898018587334,0.8660254037844386,0.5000000000000001,104.75,129.875,183.54166666666663,23.0,53.575,99.25,41.5,-4.325,3.4296918,0.225,8.0,18.61666668333333,27.53333333333333,27.95,28.7,29.3,26.5,-8.296666663333331,0.2722221933333308,0.0006666666666657,10.436,10.41,18.594444458888887,10.375111111111112,4.2971363,4.3441358,4.443384,4.611874,4.2198033,1,2.0,1,0.5,-1.0,26.1,73.9
2023-02-19 18:00:00,209.069414705554,62.766100355556,62.801376727778,18.61666668333333,10.41,26.5,1,5.1764362714980825,70.66250196097344,18,6,2,-1.0,-1.8369701987210294e-16,-0.7818314824680299,0.6234898018587334,0.8660254037844386,0.5000000000000001,88.0,113.125,169.45833333333334,22.3,53.3,99.0,42.0,-4.3,3.4487002,0.3,7.9,18.63888891,26.8,27.53333333333333,27.95,28.7,26.55,-8.206666683333335,-0.1166666466666619,-0.0266666666666655,10.436666666666666,10.42,18.60370371666667,10.427555555555555,4.2198033,4.2971363,4.3441358,4.443384,4.23333,0,1.0,1,0.75,-1.03,27.3,72.7
2023-02-19 18:15:00,233.017901194442,89.633636744444,89.665579916666,18.63888891,10.42,26.55,2,5.1764362714980825,70.66250196097344,18,6,2,-1.0,-1.8369701987210294e-16,-0.7818314824680299,0.6234898018587334,0.8660254037844386,0.5000000000000001,69.0,95.8125,154.9375,21.975,51.325,99.0,47.75,-3.275,3.7899806,0.3999999999999999,7.375,18.83333335,26.5,26.8,27.53333333333333,27.95,26.966666666666665,-8.218888909999999,0.0222222266666634,0.0099999999999997,10.41,10.416,18.662962974444444,10.422222222222222,4.23333,4.2198033,4.2971363,4.3441358,4.349498,0,1.0,1,0.75,-1.02,27.0,73.0
2023-02-19 18:30:00,154.64436949444598,0.0,0.0,18.83333335,10.416,26.966666666666665,0,5.1764362714980825,70.66250196097344,18,6,2,-1.0,-1.8369701987210294e-16,-0.7818314824680299,0.6234898018587334,0.8660254037844386,0.5000000000000001,50.0,77.9375,139.97916666666666,21.65,49.35,99.0,53.5,-2.25,4.104037,0.5,6.85,18.64444444,26.55,26.5,26.8,27.53333333333333,27.05,-8.417333349999996,0.194444439999998,-0.0039999999999995,10.42,10.441333333333334,18.69629631444444,10.415333333333336,4.349498,4.23333,4.2198033,4.2971363,4.3144717,1,2.0,1,0.5,-0.97,25.1,74.9
2023-02-19 18:45:00,158.115064044444,0.0,0.0,18.64444444,10.441333333333334,27.05,0,5.1764362714980825,70.66250196097344,18,6,2,-1.0,-1.8369701987210294e-16,-0.7818314824680299,0.6234898018587334,0.8660254037844386,0.5000000000000001,31.0,59.5,124.58333333333331,21.325,47.375,99.0,59.25,-1.225,4.392132,0.6,6.325,18.435185163333337,26.966666666666665,26.55,26.5,26.8,27.466666666666665,-8.203111106666663,-0.1888889099999993,0.025333333333334,10.416,10.395333333333332,18.705555566666664,10.42577777777778,4.3144717,4.349498,4.23333,4.2198033,4.3269634,0,2.0,0,0.5,-1.02,26.9,73.1
2023-02-19 19:00:00,224.007150338894,82.669748627778,82.7008585,18.435185163333337,10.395333333333332,27.466666666666665,2,5.1764362714980825,70.66250196097344,19,6,2,-0.9659258262890684,0.2588190451025203,-0.7818314824680299,0.6234898018587334,0.8660254037844386,0.5000000000000001,12.0,40.5,108.75,21.0,45.4,99.0,65.0,-0.2,4.6554914,0.7,5.8,18.59444447,27.05,26.966666666666665,26.55,26.5,27.8,-8.039851830000003,-0.2092592766666605,-0.0460000000000011,10.441333333333334,10.39,18.637654317777777,10.417555555555555,4.3269634,4.3144717,4.349498,4.23333,4.420992,0,2.0,1,0.5,-1.06,28.9,71.1
2023-02-19 19:15:00,215.233057066664,45.805667683334,45.843999516666,18.59444447,10.39,27.8,1,5.1764362714980825,70.66250196097344,19,6,2,-0.9659258262890684,0.2588190451025203,-0.7818314824680299,0.6234898018587334,0.8660254037844386,0.5000000000000001,9.0,25.5,93.64583333333331,21.425,45.475,97.25,61.75,-0.5,4.577454,0.5249999999999999,6.325,18.70925927,27.466666666666665,27.05,26.966666666666665,26.55,27.53333333333333,-8.20444447,0.1592593066666623,-0.0053333333333345,10.395333333333332,10.37,18.55802469111111,10.40888888888889,4.420992,4.3269634,4.3144717,4.349498,4.408437,0,2.0,1,0.5,-1.03,27.2,72.8
2023-02-19 19:30:00,187.473334083334,0.0,0.0,18.70925927,10.37,27.53333333333333,0,5.1764362714980825,70.66250196097344,19,6,2,-0.9659258262890684,0.2588190451025203,-0.7818314824680299,0.6234898018587334,0.8660254037844386,0.5000000000000001,6.0,14.5,79.27083333333333,21.85,45.55,95.5,58.5,-0.8,4.487591,0.35,6.85,18.49999997,27.8,27.466666666666665,27.05,26.966666666666665,27.55,-8.33925927,0.1148148000000013,-0.0199999999999977,10.39,10.380666666666666,18.579629634444448,10.385111111111112,4.408437,4.420992,4.3269634,4.3144717,4.3567944,1,2.0,1,0.5,-1.0,26.1,73.9
2023-02-19 19:45:00,256.20947346111,60.448693072222,60.500357688888,18.49999997,10.380666666666666,27.55,1,5.1764362714980825,70.66250196097344,19,6,2,-0.9659258262890684,0.2588190451025203,-0.7818314824680299,0.6234898018587334,0.8660254037844386,0.5000000000000001,3.0,7.5,65.625,22.275,45.625,93.75,55.25,-1.1,4.385266,0.175,7.375,18.598148153333334,27.53333333333333,27.8,27.466666666666665,27.05,27.966666666666665,-8.119333303333331,-0.2092593000000029,0.0106666666666654,10.37,10.484,18.60123457,10.380222222222224,4.3567944,4.408437,4.420992,4.3269634,4.448472,0,1.0,1,0.75,-1.05,28.2,71.8
2023-02-19 20:00:00,270.556677366664,63.41718546111,63.466350211108,18.598148153333334,10.484,27.966666666666665,1,5.1764362714980825,70.66250196097344,20,6,2,-0.8660254037844386,0.5000000000000001,-0.7818314824680299,0.6234898018587334,0.8660254037844386,0.5000000000000001,0.0,4.5,52.708333333333336,22.7,45.7,92.0,52.0,-1.4,4.2698193,0.0,7.9,18.72222222,27.55,27.53333333333333,27.8,27.466666666666665,27.7,-8.114148153333334,0.0981481833333361,0.1033333333333335,10.380666666666666,10.586,18.60246913111111,10.411555555555555,4.448472,4.3567944,4.408437,4.420992,4.4385247,0,1.0,0,0.75,-1.02,27.1,72.9
2023-02-19 20:15:00,186.297825638886,0.0,0.0,18.72222222,10.586,27.7,0,5.1764362714980825,70.66250196097344,20,6,2,-0.8660254037844386,0.5000000000000001,-0.7818314824680299,0.6234898018587334,0.8660254037844386,0.5000000000000001,0.0,2.25,41.1875,22.15,45.975,90.25,51.75,-1.4,4.263018,0.0,7.95,18.505555583333333,27.966666666666665,27.55,27.53333333333333,27.8,27.966666666666665,-8.136222219999999,0.1240740666666653,0.1020000000000003,10.484,10.548,18.606790114444447,10.483555555555556,4.4385247,4.448472,4.3567944,4.408437,4.4241433,1,2.0,1,0.5,-1.0,26.0,74.0
2023-02-19 20:30:00,217.958225872218,37.9718144,38.027367777776,18.505555583333333,10.548,27.966666666666665,1,5.1764362714980825,70.66250196097344,20,6,2,-0.8660254037844386,0.5000000000000001,-0.7818314824680299,0.6234898018587334,0.8660254037844386,0.5000000000000001,0.0,0.75,31.0625,21.6,46.25,88.5,51.5,-1.4,4.2561235,0.0,8.0,18.52777781,27.7,27.966666666666665,27.55,27.53333333333333,28.35,-7.957555583333333,-0.216666636666666,-0.0380000000000002,10.586,10.426666666666668,18.608641985555558,10.539333333333332,4.4241433,4.4385247,4.448472,4.3567944,4.490693,0,1.0,1,0.75,-1.04,28.0,72.0
2023-02-19 20:45:00,276.641433966664,74.382024583334,74.44174446110999,18.52777781,10.426666666666668,28.35,2,5.1764362714980825,70.66250196097344,20,6,2,-0.8660254037844386,0.5000000000000001,-0.7818314824680299,0.6234898018587334,0.8660254037844386,0.5000000000000001,0.0,0.0,22.33333333333333,21.05,46.525,86.75,51.25,-1.4,4.249134,0.0,8.05,18.72222225,27.966666666666665,27.7,27.966666666666665,27.55,28.316666666666663,-8.101111143333332,0.0222222266666669,-0.1213333333333324,10.548,10.332666666666666,18.585185204444446,10.520222222222223,4.490693,4.4241433,4.4385247,4.448472,4.537337,0,1.0,1,0.75,-1.04,27.7,72.3
2023-02-19 21:00:00,159.42834494444,0.0,0.0,18.72222225,10.332666666666666,28.316666666666663,0,5.1764362714980825,70.66250196097344,21,6,2,-0.7071067811865477,0.7071067811865474,-0.7818314824680299,0.6234898018587334,0.8660254037844386,0.5000000000000001,0.0,0.0,15.0,20.5,46.8,85.0,51.0,-1.4,4.24205,0.0,8.1,18.50555554,28.35,27.966666666666665,27.7,27.966666666666665,28.05,-8.389555583333335,0.1944444400000016,-0.0940000000000012,10.426666666666668,10.178,18.585185214444447,10.43577777777778,4.537337,4.490693,4.4241433,4.4385247,4.437326,1,2.0,1,0.5,-0.99,25.8,74.2
2023-02-19 21:15:00,192.839786133332,39.41120123889,39.471754433332,18.50555554,10.178,28.05,1,5.1764362714980825,70.66250196097344,21,6,2,-0.7071067811865477,0.7071067811865474,-0.7818314824680299,0.6234898018587334,0.8660254037844386,0.5000000000000001,0.0,0.0,9.25,20.525,46.0,84.75,51.25,-1.4249999999999998,4.2286415,0.0,7.975,18.51481481,28.316666666666663,28.35,27.966666666666665,27.7,28.65,-8.32755554,-0.2166667100000019,-0.1546666666666674,10.332666666666666,9.991333333333332,18.5851852,10.312444444444443,4.437326,4.537337,4.490693,4.4241433,4.5347295,0,1.0,1,0.75,-1.04,28.0,72.0
2023-02-19 21:30:00,250.92440712222,87.4081702,87.470945505554,18.51481481,9.991333333333332,28.65,2,5.1764362714980825,70.66250196097344,21,6,2,-0.7071067811865477,0.7071067811865474,-0.7818314824680299,0.6234898018587334,0.8660254037844386,0.5000000000000001,0.0,0.0,5.083333333333333,20.55,45.2,84.5,51.5,-1.45,4.21514,0.0,7.85,18.74444445,28.05,28.316666666666663,28.35,27.966666666666665,28.65,-8.523481476666667,0.0092592700000011,-0.1866666666666656,10.178,9.794666666666668,18.5808642,10.167333333333334,4.5347295,4.437326,4.537337,4.490693,4.596787,0,1.0,1,0.75,-1.04,27.8,72.2
2023-02-19 21:45:00,166.479729527774,0.0,0.0,18.74444445,9.794666666666668,28.65,0,5.1764362714980825,70.66250196097344,21,6,2,-0.7071067811865477,0.7071067811865474,-0.7818314824680299,0.6234898018587334,0.8660254037844386,0.5000000000000001,0.0,0.0,2.5,20.575000000000003,44.4,84.25,51.75,-1.475,4.201548,0.0,7.725,18.56111109,28.65,28.05,28.316666666666663,28.35,28.5,-8.949777783333332,0.2296296399999988,-0.1966666666666654,9.991333333333332,9.582666666666666,18.5882716,9.988,4.596787,4.5347295,4.437326,4.537337,4.523375,1,2.0,1,0.5,-0.99,25.5,74.5
2023-02-19 22:00:00,180.50389080555,17.703458549998,17.762067338886,18.56111109,9.582666666666666,28.5,1,5.1764362714980825,70.66250196097344,22,6,2,-0.5000000000000004,0.8660254037844384,-0.7818314824680299,0.6234898018587334,0.8660254037844386,0.5000000000000001,0.0,0.0,1.5,20.6,43.6,84.0,52.0,-1.5,4.1878676,0.0,7.6,18.43888888,28.65,28.65,28.05,28.316666666666663,28.85,-8.978444423333334,-0.1833333599999989,-0.2120000000000015,9.794666666666668,9.521999999999998,18.60679011666667,9.789555555555555,4.523375,4.596787,4.5347295,4.437326,4.5458846,0,1.0,1,0.75,-1.03,27.4,72.6
2023-02-19 22:15:00,270.647784838886,106.422409633332,106.488795927774,18.43888888,9.521999999999998,28.85,2,5.1764362714980825,70.66250196097344,22,6,2,-0.5000000000000004,0.8660254037844384,-0.7818314824680299,0.6234898018587334,0.8660254037844386,0.5000000000000001,0.0,0.0,0.75,20.65,43.6,86.5,52.75,-1.55,4.1936245,0.0,7.399999999999999,18.69999998,28.5,28.65,28.65,28.05,29.0,-8.916888880000002,-0.1222222100000003,-0.0606666666666679,9.582666666666666,9.344,18.581481473333334,9.633111111111113,4.5458846,4.523375,4.596787,4.5347295,4.6407266,0,1.0,1,0.75,-1.06,28.5,71.5
2023-02-19 22:30:00,172.379215622224,0.0,0.0,18.69999998,9.344,29.0,0,5.1764362714980825,70.66250196097344,22,6,2,-0.5000000000000004,0.8660254037844384,-0.7818314824680299,0.6234898018587334,0.8660254037844386,0.5000000000000001,0.0,0.0,0.25,20.700000000000003,43.6,89.0,53.5,-1.6,4.198451,0.0,7.199999999999999,18.58888891,28.85,28.5,28.65,28.65,29.0,-9.355999979999998,0.2611110999999972,-0.177999999999999,9.521999999999998,9.174666666666669,18.56666665,9.482888888888889,4.6407266,4.5458846,4.523375,4.596787,4.610309,1,2.0,1,0.5,-0.99,25.9,74.1
2023-02-19 22:45:00,177.013752649994,0.0,0.0,18.58888891,9.174666666666669,29.0,0,5.1764362714980825,70.66250196097344,22,6,2,-0.5000000000000004,0.8660254037844384,-0.7818314824680299,0.6234898018587334,0.8660254037844386,0.5000000000000001,0.0,0.0,0.0,20.75,43.6,91.5,54.25,-1.65,4.202368,0.0,7.0,18.420370363333333,29.0,28.85,28.5,28.65,29.183333333333334,-9.414222243333333,-0.1111110699999997,-0.1693333333333324,9.344,9.102,18.575925923333333,9.34688888888889,4.610309,4.6407266,4.5458846,4.523375,4.5933614,0,2.0,0,0.5,-1.02,27.0,73.0
2023-02-19 23:00:00,625.474424505554,117.767511344444,117.830286649998,18.420370363333333,9.102,29.183333333333334,2,5.1764362714980825,70.66250196097344,23,6,2,-0.2588190451025215,0.965925826289068,-0.7818314824680299,0.6234898018587334,0.8660254037844386,0.5000000000000001,0.0,0.0,0.0,20.8,43.6,94.0,55.0,-1.7,4.205394,0.0,6.8,18.62777775,29.0,29.0,28.85,28.5,29.45,-9.318370363333331,-0.1685185466666645,-0.0726666666666666,9.174666666666669,8.816666666666666,18.569753084444443,9.206888888888887,4.5933614,4.610309,4.6407266,4.5458846,4.6926394,0,2.0,1,0.5,-1.06,28.6,71.4
2023-02-19 23:15:00,182.882406677776,0.0,0.0,18.62777775,8.816666666666666,29.45,0,5.1764362714980825,70.66250196097344,23,6,2,-0.2588190451025215,0.965925826289068,-0.7818314824680299,0.6234898018587334,0.8660254037844386,0.5000000000000001,0.0,0.0,0.0,20.7,43.6,95.25,56.0,-1.65,4.226417,0.0,6.6,18.55740738333333,29.183333333333334,29.0,29.0,28.85,29.03333333333333,-9.811111083333332,0.2074073866666665,-0.2853333333333339,9.102,8.69,18.54567900777778,9.031111111111112,4.6926394,4.5933614,4.610309,4.6407266,4.607012,1,3.0,1,0.25,-1.01,26.5,73.5
2023-02-19 23:30:00,183.250725244444,0.0,0.0,18.55740738333333,8.69,29.03333333333333,0,5.1764362714980825,70.66250196097344,23,6,2,-0.2588190451025215,0.965925826289068,-0.7818314824680299,0.6234898018587334,0.8660254037844386,0.5000000000000001,0.0,0.0,0.0,20.6,43.6,96.5,57.0,-1.6,4.2461,0.0,6.4,18.42777777,29.45,29.183333333333334,29.0,29.0,29.35,-9.867407383333337,-0.0703703666666655,-0.1266666666666669,8.816666666666666,8.671333333333333,18.53518516555556,8.869555555555557,4.607012,4.6926394,4.5933614,4.610309,4.621625,0,3.0,0,0.25,-1.03,27.3,72.7
2023-02-19 23:45:00,258.203560411108,113.844890472222,113.913221072222,18.42777777,8.671333333333333,29.35,2,5.1764362714980825,70.66250196097344,23,6,2,-0.2588190451025215,0.965925826289068,-0.7818314824680299,0.6234898018587334,0.8660254037844386,0.5000000000000001,0.0,0.0,0.0,20.5,43.6,97.75,58.0,-1.55,4.264469,0.0,6.2,18.63703702333333,29.03333333333333,29.45,29.183333333333334,29.0,29.316666666666663,-9.756444436666666,-0.1296296133333356,-0.0186666666666663,8.69,8.754,18.53765430111111,8.726,4.621625,4.607012,4.6926394,4.5933614,4.673955,0,2.0,1,0.5,-1.06,28.5,71.5
2023-02-20 00:00:00,131.2580828,0.0,0.0,18.63703702333333,8.754,29.316666666666663,0,5.1764362714980825,70.66250196097344,0,0,2,0.0,1.0,0.0,1.0,0.8660254037844386,0.5000000000000001,0.0,0.0,0.0,20.4,43.6,99.0,59.0,-1.5,4.2815533,0.0,6.0,18.58888891,29.35,29.03333333333333,29.45,29.183333333333334,29.0,-9.883037023333335,0.2092592533333359,0.0826666666666664,8.671333333333333,8.619333333333334,18.540740725555555,8.705111111111112,4.673955,4.621625,4.607012,4.6926394,4.610309,1,3.0,1,0.25,-1.01,26.4,73.6
2023-02-20 00:15:00,123.362565483326,0.0,0.0,18.58888891,8.619333333333334,29.0,0,5.1764362714980825,70.66250196097344,0,0,2,0.0,1.0,0.0,1.0,0.8660254037844386,0.5000000000000001,0.0,0.0,0.0,19.975,43.15,98.75,59.75,-1.425,4.293537,0.0,5.85,18.420370363333333,29.316666666666663,29.35,29.03333333333333,29.45,29.183333333333334,-9.969555576666664,-0.0481481133333367,-0.134666666666666,8.754,8.507333333333333,18.55123456777778,8.681555555555557,4.610309,4.673955,4.621625,4.607012,4.5933614,0,3.0,0,0.25,-1.02,27.0,73.0
2023-02-20 00:30:00,223.797992155556,102.605062283334,102.674226216666,18.420370363333333,8.507333333333333,29.183333333333334,2,5.1764362714980825,70.66250196097344,0,0,2,0.0,1.0,0.0,1.0,0.8660254037844386,0.5000000000000001,0.0,0.0,0.0,19.55,42.7,98.5,60.5,-1.35,4.3048253,0.0,5.7,18.60000001,29.0,29.316666666666663,29.35,29.03333333333333,29.45,-9.91303703,-0.1685185466666645,-0.1120000000000001,8.619333333333334,8.230666666666666,18.548765432222226,8.62688888888889,4.5933614,4.610309,4.673955,4.621625,4.68493,0,2.0,1,0.5,-1.06,28.6,71.4
2023-02-20 00:45:00,125.953017294442,13.79139273889,13.852779183334,18.60000001,8.230666666666666,29.45,1,5.1764362714980825,70.66250196097344,0,0,2,0.0,1.0,0.0,1.0,0.8660254037844386,0.5000000000000001,0.0,0.0,0.0,19.125,42.25,98.25,61.25,-1.275,4.315426,0.0,5.550000000000001,18.605555576666667,29.183333333333334,29.0,29.316666666666663,29.35,29.4,-10.369333343333333,0.1796296466666653,-0.2766666666666673,8.507333333333333,8.110666666666667,18.53641976111111,8.452444444444446,4.68493,4.5933614,4.610309,4.673955,4.6785145,0,2.0,1,0.5,-1.02,26.8,73.2
2023-02-20 01:00:00,602.127025088888,0.0,0.0,18.605555576666667,8.110666666666667,29.4,0,5.1764362714980825,70.66250196097344,1,0,2,0.2588190451025207,0.9659258262890684,0.0,1.0,0.8660254037844386,0.5000000000000001,0.0,0.0,0.0,18.7,41.8,98.0,62.0,-1.2,4.3253517,0.0,5.4,18.37777776,29.45,29.183333333333334,29.0,29.316666666666663,30.0,-10.49488891,0.0055555666666684,-0.1199999999999992,8.230666666666666,7.870666666666667,18.54197531666667,8.28288888888889,4.6785145,4.68493,4.5933614,4.610309,4.709992,1,2.0,1,0.5,-1.01,26.7,73.3
2023-02-20 01:15:00,80.635385588888,32.068439411112,32.076772477776,18.37777776,7.870666666666667,30.0,1,5.1764362714980825,70.66250196097344,1,0,2,0.2588190451025207,0.9659258262890684,0.0,1.0,0.8660254037844386,0.5000000000000001,0.0,0.0,0.0,18.5,40.7,98.25,62.75,-1.175,4.334612,0.0,5.25,18.38333336,29.4,29.45,29.183333333333334,29.0,30.0,-10.507111093333334,-0.2277778166666664,-0.2400000000000002,8.110666666666667,7.789333333333333,18.527777782222223,8.070666666666668,4.709992,4.6785145,4.68493,4.5933614,4.711544,0,1.0,1,0.75,-1.06,28.9,71.1
2023-02-20 01:30:00,128.30653436666,89.9372357,89.953623977776,18.38333336,7.789333333333333,30.0,2,5.1764362714980825,70.66250196097344,1,0,2,0.2588190451025207,0.9659258262890684,0.0,1.0,0.8660254037844386,0.5000000000000001,0.0,0.0,0.0,18.3,39.6,98.5,63.5,-1.15,4.343218,0.0,5.1,18.65,30.0,29.4,29.45,29.183333333333334,29.6,-10.594000026666665,0.0055555999999974,-0.0813333333333332,7.870666666666667,7.686666666666666,18.45555556555556,7.923555555555557,4.711544,4.709992,4.6785145,4.68493,4.72275,0,1.0,1,0.75,-1.06,28.8,71.2
2023-02-20 01:45:00,44.343781794442,0.0,0.0,18.65,7.686666666666666,29.6,0,5.1764362714980825,70.66250196097344,1,0,2,0.2588190451025207,0.9659258262890684,0.0,1.0,0.8660254037844386,0.5000000000000001,0.0,0.0,0.0,18.1,38.5,98.75,64.25,-1.125,4.351181,0.0,4.95,18.45370369,30.0,30.0,29.4,29.45,29.216666666666665,-10.963333333333331,0.2666666400000004,-0.1026666666666669,7.789333333333333,7.596666666666667,18.47037037333333,7.782222222222224,4.72275,4.711544,4.709992,4.6785145,4.6077046,1,2.0,1,0.5,-1.0,26.2,73.8
2023-02-20 02:00:00,75.487813833328,18.385375655556,18.394541988888,18.45370369,7.596666666666667,29.216666666666665,1,5.1764362714980825,70.66250196097344,2,0,2,0.4999999999999999,0.8660254037844387,0.0,1.0,0.8660254037844386,0.5000000000000001,0.0,0.0,0.0,17.9,37.4,99.0,65.0,-1.1,4.3585114,0.0,4.8,18.36111108,29.6,30.0,30.0,29.4,29.45,-10.857037023333334,-0.1962963099999974,-0.0899999999999998,7.686666666666666,7.608,18.495679016666667,7.69088888888889,4.6077046,4.72275,4.711544,4.709992,4.619073,0,1.0,1,0.75,-1.05,28.3,71.7
2023-02-20 02:15:00,132.212489022224,95.9678278,95.986160416666,18.36111108,7.608,29.45,2,5.1764362714980825,70.66250196097344,2,0,2,0.4999999999999999,0.8660254037844387,0.0,1.0,0.8660254037844386,0.5000000000000001,0.0,0.0,0.0,17.799999999999997,36.95,99.25,65.75,-1.125,4.3652186,0.0,4.65,18.59259258,29.216666666666665,29.6,30.0,30.0,29.03333333333333,-10.75311108,-0.0925926100000005,0.0113333333333338,7.596666666666667,7.604666666666668,18.48827159,7.630444444444445,4.619073,4.6077046,4.72275,4.711544,4.6166205,0,1.0,1,0.75,-1.07,29.2,70.8
2023-02-20 02:30:00,37.989591455556,0.0,0.0,18.59259258,7.604666666666668,29.03333333333333,0,5.1764362714980825,70.66250196097344,2,0,2,0.4999999999999999,0.8660254037844387,0.0,1.0,0.8660254037844386,0.5000000000000001,0.0,0.0,0.0,17.7,36.5,99.5,66.5,-1.15,4.371313,0.0,4.5,18.4833333,29.45,29.216666666666665,29.6,30.0,29.0,-10.987925913333331,0.2314814999999974,-0.0033333333333329,7.608,7.634,18.46913578333333,7.603111111111112,4.6166205,4.619073,4.6077046,4.72275,4.581572,1,2.0,1,0.5,-1.02,26.9,73.1
2023-02-20 02:45:00,89.920569799996,40.738648172222,40.75198102222,18.4833333,7.634,29.0,1,5.1764362714980825,70.66250196097344,2,0,2,0.4999999999999999,0.8660254037844387,0.0,1.0,0.8660254037844386,0.5000000000000001,0.0,0.0,0.0,17.6,36.05,99.75,67.25,-1.175,4.3768044,0.0,4.35,18.44259256666667,29.03333333333333,29.45,29.216666666666665,29.6,29.0,-10.8493333,-0.1092592799999963,0.0293333333333327,7.604666666666668,7.686000000000001,18.47901232,7.615555555555557,4.581572,4.6166205,4.619073,4.6077046,4.5705237,0,1.0,1,0.75,-1.04,28.0,72.0
2023-02-20 03:00:00,116.83727082222,70.455515,70.471069927778,18.44259256666667,7.686000000000001,29.0,1,5.1764362714980825,70.66250196097344,3,0,2,0.7071067811865476,0.7071067811865476,0.0,1.0,0.8660254037844386,0.5000000000000001,0.0,0.0,0.0,17.5,35.6,100.0,68.0,-1.2,4.3817034,0.0,4.2,18.62777779,29.0,29.03333333333333,29.45,29.216666666666665,28.65,-10.756592566666669,-0.0407407333333331,0.0520000000000004,7.634,7.707333333333334,18.506172815555555,7.641555555555558,4.5705237,4.581572,4.6166205,4.619073,4.5651655,0,1.0,0,0.75,-1.05,28.4,71.6
2023-02-20 03:15:00,38.714562472222,0.0,0.0,18.62777779,7.707333333333334,28.65,0,5.1764362714980825,70.66250196097344,3,0,2,0.7071067811865476,0.7071067811865476,0.0,1.0,0.8660254037844386,0.5000000000000001,0.0,0.0,0.0,17.65,35.8,100.0,68.0,-1.25,4.3744226,0.0,4.175,18.418518483333333,29.0,29.0,29.03333333333333,29.45,28.683333333333334,-10.920444456666663,0.1851852233333311,0.0213333333333327,7.686000000000001,7.782,18.51790121888889,7.675777777777779,4.5651655,4.5705237,4.581572,4.6166205,4.514168,1,2.0,1,0.5,-1.01,26.7,73.3
2023-02-20 03:30:00,112.944926505554,72.8729183,72.88930656110999,18.418518483333333,7.782,28.683333333333334,2,5.1764362714980825,70.66250196097344,3,0,2,0.7071067811865476,0.7071067811865476,0.0,1.0,0.8660254037844386,0.5000000000000001,0.0,0.0,0.0,17.8,36.0,100.0,68.0,-1.2999999999999998,4.367152,0.0,4.15,18.50000002,28.65,29.0,29.0,29.03333333333333,28.95,-10.636518483333331,-0.2092593066666666,0.0746666666666664,7.707333333333334,7.859333333333334,18.496296280000003,7.725111111111112,4.514168,4.5651655,4.5705237,4.581572,4.578192,0,1.0,1,0.75,-1.06,28.7,71.3
2023-02-20 03:45:00,91.425231877772,40.440049016666,40.452270777776,18.50000002,7.859333333333334,28.95,1,5.1764362714980825,70.66250196097344,3,0,2,0.7071067811865476,0.7071067811865476,0.0,1.0,0.8660254037844386,0.5000000000000001,0.0,0.0,0.0,17.95,36.2,100.0,68.0,-1.35,4.359891,0.0,4.125,18.59814817,28.683333333333334,28.65,29.0,29.0,28.53333333333333,-10.640666686666668,0.0814815366666685,0.0773333333333337,7.782,7.916666666666667,18.51543209777778,7.78288888888889,4.578192,4.514168,4.5651655,4.5705237,4.538608,0,1.0,1,0.75,-1.04,27.9,72.1
2023-02-20 04:00:00,42.290530461114,0.0,0.0,18.59814817,7.916666666666667,28.53333333333333,0,5.1764362714980825,70.66250196097344,4,0,2,0.8660254037844386,0.5000000000000001,0.0,1.0,0.8660254037844386,0.5000000000000001,0.0,0.0,0.0,18.1,36.4,100.0,68.0,-1.4,4.3526406,0.0,4.1,18.39444442,28.95,28.683333333333334,28.65,29.0,28.85,-10.681481503333334,0.0981481500000001,0.0573333333333332,7.859333333333334,7.85,18.50555555777778,7.852666666666668,4.538608,4.578192,4.514168,4.5651655,4.5339212,1,2.0,1,0.5,-1.02,27.0,73.0
2023-02-20 04:15:00,118.32082247778,79.515430355556,79.5318186,18.39444442,7.85,28.85,2,5.1764362714980825,70.66250196097344,4,0,2,0.8660254037844386,0.5000000000000001,0.0,1.0,0.8660254037844386,0.5000000000000001,0.0,0.0,0.0,18.05,36.4,100.0,67.5,-1.4249999999999998,4.3350406,0.0,4.15,18.538888853333333,28.53333333333333,28.95,28.683333333333334,28.65,28.816666666666663,-10.54444442,-0.2037037500000025,-0.0666666666666673,7.916666666666667,7.890666666666666,18.49753087,7.875333333333335,4.5339212,4.538608,4.578192,4.514168,4.567619,0,1.0,1,0.75,-1.07,29.0,71.0
2023-02-20 04:30:00,90.34999685556,43.101331411112,43.112719855556,18.538888853333333,7.890666666666666,28.816666666666663,1,5.1764362714980825,70.66250196097344,4,0,2,0.8660254037844386,0.5000000000000001,0.0,1.0,0.8660254037844386,0.5000000000000001,0.0,0.0,0.0,18.0,36.4,100.0,67.0,-1.45,4.3172665,0.0,4.199999999999999,18.62777776,28.85,28.53333333333333,28.95,28.683333333333334,28.5,-10.648222186666668,0.1444444333333336,0.0406666666666666,7.85,7.858666666666666,18.510493814444445,7.885777777777779,4.567619,4.5339212,4.538608,4.578192,4.541264,0,1.0,1,0.75,-1.03,27.5,72.5
2023-02-20 04:45:00,57.157158105554,0.0,0.0,18.62777776,7.858666666666666,28.5,0,5.1764362714980825,70.66250196097344,4,0,2,0.8660254037844386,0.5000000000000001,0.0,1.0,0.8660254037844386,0.5000000000000001,0.0,0.0,0.0,17.95,36.4,100.0,66.5,-1.475,4.2993217,0.0,4.25,18.414814776666667,28.816666666666663,28.85,28.53333333333333,28.95,28.683333333333334,-10.769111093333334,0.0888889066666678,-0.032,7.890666666666666,7.751333333333333,18.520370344444444,7.866444444444444,4.541264,4.567619,4.5339212,4.538608,4.513177,1,2.0,1,0.5,-1.01,26.7,73.3
2023-02-20 05:00:00,91.089967438886,53.425362916666,53.439251244444,18.414814776666667,7.751333333333333,28.683333333333334,1,5.1764362714980825,70.66250196097344,5,0,2,0.9659258262890684,0.2588190451025207,0.0,1.0,0.8660254037844386,0.5000000000000001,0.0,0.0,0.0,17.9,36.4,100.0,66.0,-1.5,4.2812033,0.0,4.3,18.46666666,28.5,28.816666666666663,28.85,28.53333333333333,28.95,-10.663481443333334,-0.2129629833333339,-0.107333333333333,7.858666666666666,7.782,18.52716046333333,7.833555555555556,4.513177,4.541264,4.567619,4.5339212,4.5691576,0,1.0,1,0.75,-1.06,28.8,71.2
2023-02-20 05:15:00,102.665337705554,62.1525138,62.166679916666006,18.46666666,7.782,28.95,1,5.1764362714980825,70.66250196097344,5,0,2,0.9659258262890684,0.2588190451025207,0.0,1.0,0.8660254037844386,0.5000000000000001,0.0,0.0,0.0,17.724999999999998,36.3,100.0,65.75,-1.525,4.2791805,0.0,4.35,18.61481485,28.683333333333334,28.5,28.816666666666663,28.85,28.53333333333333,-10.684666659999998,0.051851883333331,0.0306666666666668,7.751333333333333,7.710666666666667,18.503086398888893,7.797333333333334,4.5691576,4.513177,4.541264,4.567619,4.543089,0,1.0,0,0.75,-1.05,28.2,71.8
2023-02-20 05:30:00,43.814080733332,0.0,0.0,18.61481485,7.710666666666667,28.53333333333333,0,5.1764362714980825,70.66250196097344,5,0,2,0.9659258262890684,0.2588190451025207,0.0,1.0,0.8660254037844386,0.5000000000000001,0.0,0.0,0.0,17.549999999999997,36.2,100.0,65.5,-1.55,4.2770915,0.0,4.4,18.39444444,28.95,28.683333333333334,28.5,28.816666666666663,28.5,-10.904148183333335,0.1481481900000041,-0.0713333333333334,7.782,7.604666666666668,18.49876542888889,7.748000000000001,4.543089,4.5691576,4.513177,4.541264,4.4789166,1,2.0,1,0.5,-1.02,26.8,73.2
2023-02-20 05:45:00,155.49794641667,36.369656305554,36.381322488888,18.39444444,7.604666666666668,28.5,1,5.1764362714980825,70.66250196097344,5,0,2,0.9659258262890684,0.2588190451025207,0.0,1.0,0.8660254037844386,0.5000000000000001,0.0,0.0,0.0,17.375,36.1,100.0,65.25,-1.5750000000000002,4.2749352,0.0,4.45,18.38333336,28.53333333333333,28.95,28.683333333333334,28.5,28.5,-10.78977777333333,-0.2203704100000045,-0.1059999999999989,7.710666666666667,7.476,18.491975316666664,7.699111111111113,4.4789166,4.543089,4.5691576,4.513177,4.4759665,0,1.0,1,0.75,-1.07,29.0,71.0
2023-02-20 06:00:00,374.209753377772,89.1855991,89.20282066111,18.38333336,7.476,28.5,2,5.1764362714980825,70.66250196097344,6,0,2,1.0,6.123233995736766e-17,0.0,1.0,0.8660254037844386,0.5000000000000001,0.0,0.0,0.0,17.2,36.0,100.0,65.0,-1.6,4.272712,0.0,4.5,18.6166667,28.5,28.53333333333333,28.95,28.683333333333334,28.5,-10.90733336,-0.0111110799999991,-0.1286666666666676,7.604666666666668,7.498,18.46419755,7.597111111111112,4.4759665,4.4789166,4.543089,4.5691576,4.538279,0,1.0,1,0.75,-1.07,29.1,70.9
2023-02-20 06:15:00,38.124863727782,0.0,0.0,18.6166667,7.498,28.5,0,5.1764362714980825,70.66250196097344,6,0,2,1.0,6.123233995736766e-17,0.0,1.0,0.8660254037844386,0.5000000000000001,0.0,0.0,0.0,16.9,35.65,100.0,64.75,-1.625,4.2562785,0.0,4.5,18.470370376666665,28.5,28.5,28.53333333333333,28.95,28.5,-11.1186667,0.2333333400000015,0.0220000000000002,7.476,7.391333333333334,18.46481483333333,7.526222222222223,4.538279,4.4759665,4.4789166,4.543089,4.499124,1,2.0,1,0.5,-1.02,26.8,73.2
2023-02-20 06:30:00,74.211475955552,30.473225488888,30.484058438886,18.470370376666665,7.391333333333334,28.5,1,5.1764362714980825,70.66250196097344,6,0,2,1.0,6.123233995736766e-17,0.0,1.0,0.8660254037844386,0.5000000000000001,0.0,0.0,0.0,16.6,35.3,100.0,64.5,-1.65,4.2398453,0.0,4.5,18.42222223,28.5,28.5,28.5,28.53333333333333,28.5,-11.079037043333331,-0.1462963233333347,-0.1066666666666664,7.498,7.353333333333333,18.49012347888889,7.455111111111113,4.499124,4.538279,4.4759665,4.4789166,4.486301,0,1.0,1,0.75,-1.05,28.3,71.7
2023-02-20 06:45:00,142.498744255556,91.722719827778,91.739385844444,18.42222223,7.353333333333333,28.5,2,5.1764362714980825,70.66250196097344,6,0,2,1.0,6.123233995736766e-17,0.0,1.0,0.8660254037844386,0.5000000000000001,0.0,0.0,0.0,16.3,34.95,100.0,64.25,-1.675,4.223411,0.0,4.5,18.65925924333333,28.5,28.5,28.5,28.5,28.5,-11.068888896666666,-0.0481481466666657,-0.0380000000000002,7.391333333333334,7.369333333333333,18.50308643555556,7.414222222222224,4.486301,4.499124,4.538279,4.4759665,4.5497336,0,1.0,1,0.75,-1.06,28.7,71.3
2023-02-20 07:00:00,37.882651266668,0.0,0.0,18.65925924333333,7.369333333333333,28.5,0,5.1764362714980825,70.66250196097344,7,0,2,0.9659258262890684,-0.2588190451025206,0.0,1.0,0.8660254037844386,0.5000000000000001,0.0,0.0,0.0,16.0,34.6,100.0,64.0,-1.7,4.206978,0.0,4.5,18.4833333,28.5,28.5,28.5,28.5,28.5,-11.28992591,0.2370370133333352,0.0159999999999991,7.353333333333333,7.387333333333333,18.517283950000003,7.371333333333335,4.5497336,4.486301,4.499124,4.538279,4.50258,1,2.0,1,0.5,-1.01,26.4,73.6
2023-02-20 07:15:00,47.631705855552,13.753894288888,13.764449449998,18.4833333,7.387333333333333,28.5,1,5.1764362714980825,70.66250196097344,7,0,2,0.9659258262890684,-0.2588190451025206,0.0,1.0,0.8660254037844386,0.5000000000000001,0.0,0.0,0.0,16.125,33.875,100.0,62.75,-1.85,4.166045,0.0,4.65,18.38148144333333,28.5,28.5,28.5,28.5,28.683333333333334,-11.095999966666668,-0.1759259433333326,0.0180000000000006,7.369333333333333,7.408,18.521604924444446,7.370000000000001,4.50258,4.5497336,4.486301,4.499124,4.5042653,0,1.0,1,0.75,-1.05,28.1,71.9
2023-02-20 07:30:00,147.09883806111,103.055322072222,103.0750435,18.38148144333333,7.408,28.683333333333334,2,5.1764362714980825,70.66250196097344,7,0,2,0.9659258262890684,-0.2588190451025206,0.0,1.0,0.8660254037844386,0.5000000000000001,0.0,0.0,0.0,16.25,33.15,100.0,61.5,-2.0,4.123823,0.0,4.8,18.5888889,28.5,28.5,28.5,28.5,28.65,-10.97348144333333,-0.1018518566666699,0.020666666666667,7.387333333333333,7.437333333333333,18.508024662222223,7.388222222222223,4.5042653,4.50258,4.5497336,4.486301,4.5546675,0,1.0,1,0.75,-1.07,29.1,70.9
2023-02-20 07:45:00,53.75423857778,0.0,0.0,18.5888889,7.437333333333333,28.65,0,5.1764362714980825,70.66250196097344,7,0,2,0.9659258262890684,-0.2588190451025206,0.0,1.0,0.8660254037844386,0.5000000000000001,0.0,0.0,0.0,16.375,32.425,100.0,60.25,-2.15,4.080291,0.0,4.949999999999999,18.50185188333333,28.683333333333334,28.5,28.5,28.5,28.683333333333334,-11.151555566666664,0.2074074566666652,0.0293333333333327,7.408,7.608666666666666,18.484567881111115,7.41088888888889,4.5546675,4.5042653,4.50258,4.5497336,4.536519,1,2.0,1,0.5,-1.02,27.1,72.9
2023-02-20 08:00:00,40.068952777776,0.0,0.0,18.50185188333333,7.608666666666666,28.683333333333334,0,5.1764362714980825,70.66250196097344,8,0,2,0.8660254037844387,-0.4999999999999998,0.0,1.0,0.8660254037844386,0.5000000000000001,0.0,0.0,0.0,16.5,31.7,100.0,59.0,-2.3,4.035431,0.0,5.1,18.33888891,28.65,28.683333333333334,28.5,28.5,29.05,-10.893185216666668,-0.0870370166666631,0.1713333333333331,7.437333333333333,7.674666666666667,18.490740742222226,7.484666666666667,4.536519,4.5546675,4.5042653,4.50258,4.5503325,0,2.0,0,0.5,-1.04,27.9,72.1
2023-02-20 08:15:00,162.625716977776,118.822746916666,118.843579433332,18.33888891,7.674666666666667,29.05,2,5.1764362714980825,70.66250196097344,8,0,2,0.8660254037844387,-0.4999999999999998,0.0,1.0,0.8660254037844386,0.5000000000000001,6.25,1.5625,0.5208333333333334,16.275,31.875,100.0,58.5,-2.25,4.054376,0.0,5.3,18.577777816666664,28.683333333333334,28.65,28.683333333333334,28.5,29.28333333333333,-10.664222243333333,-0.1629629733333359,0.0660000000000007,7.608666666666666,8.115333333333334,18.47654323111111,7.573555555555557,4.5503325,4.536519,4.5546675,4.5042653,4.65229,0,2.0,1,0.5,-1.08,29.5,70.5
2023-02-20 08:30:00,37.764600472222,0.0,0.0,18.577777816666664,8.115333333333334,29.28333333333333,0,5.1764362714980825,70.66250196097344,8,0,2,0.8660254037844387,-0.4999999999999998,0.0,1.0,0.8660254037844386,0.5000000000000001,12.5,4.6875,1.5625,16.05,32.05,100.0,58.0,-2.2,4.073023,0.0,5.5,18.53333334,29.05,28.683333333333334,28.65,28.683333333333334,29.35,-10.46244448333333,0.2388889066666664,0.440666666666667,7.674666666666667,8.533333333333333,18.472839536666665,7.799555555555557,4.65229,4.5503325,4.536519,4.5546675,4.6506248,1,3.0,1,0.25,-1.02,27.0,73.0
2023-02-20 08:45:00,42.732457283334,0.0,0.0,18.53333334,8.533333333333333,29.35,0,5.1764362714980825,70.66250196097344,8,0,2,0.8660254037844387,-0.4999999999999998,0.0,1.0,0.8660254037844386,0.5000000000000001,18.75,9.375,3.125,15.825,32.225,100.0,57.5,-2.15,4.091362,0.0,5.7,18.38518515,29.28333333333333,29.05,28.683333333333334,28.65,29.5,-10.000000006666667,-0.044444476666662,0.4179999999999992,8.115333333333334,8.754,18.483333355555555,8.107777777777779,4.6506248,4.65229,4.5503325,4.536519,4.6335263,0,3.0,0,0.25,-1.03,27.4,72.6
2023-02-20 09:00:00,172.782255166664,110.389473144444,110.408361305554,18.38518515,8.754,29.5,2,5.1764362714980825,70.66250196097344,9,0,2,0.7071067811865476,-0.7071067811865475,0.0,1.0,0.8660254037844386,0.5000000000000001,25.0,15.625,5.208333333333333,15.6,32.4,100.0,57.0,-2.1,4.1093845,0.0,5.9,18.62777775,29.35,29.28333333333333,29.05,28.683333333333334,29.55,-9.63118515,-0.1481481900000041,0.2206666666666663,8.533333333333333,8.863333333333333,18.498765435555555,8.467555555555556,4.6335263,4.6506248,4.65229,4.5503325,4.7085733,0,2.0,1,0.5,-1.06,28.9,71.1
2023-02-20 09:15:00,79.097113788888,0.0,0.0,18.62777775,8.863333333333333,29.55,0,5.1764362714980825,70.66250196097344,9,0,2,0.7071067811865476,-0.7071067811865475,0.0,1.0,0.8660254037844386,0.5000000000000001,49.25,26.375,9.3125,15.1,32.3,100.0,56.75,-1.75,4.1930823,0.025,6.275,18.55740738333333,29.5,29.35,29.28333333333333,29.05,29.966666666666665,-9.764444416666668,0.2425926000000018,0.1093333333333337,8.754,8.976,18.51543208,8.71688888888889,4.7085733,4.6335263,4.6506248,4.65229,4.7551136,1,3.0,1,0.25,-1.01,26.5,73.5
2023-02-20 09:30:00,37.411836616674,0.0,0.0,18.55740738333333,8.976,29.966666666666665,0,5.1764362714980825,70.66250196097344,9,0,2,0.7071067811865476,-0.7071067811865475,0.0,1.0,0.8660254037844386,0.5000000000000001,73.5,41.625,15.4375,14.6,32.2,100.0,56.5,-1.4,4.2780766,0.05,6.65,18.37777774,29.55,29.5,29.35,29.28333333333333,30.0,-9.581407383333334,-0.0703703666666655,0.1126666666666675,8.863333333333333,8.507333333333333,18.52345676111111,8.864444444444446,4.7551136,4.7085733,4.6335263,4.6506248,4.709992,0,3.0,0,0.25,-1.02,27.1,72.9
2023-02-20 09:45:00,120.12658366111,74.742287955556,74.758398444444,18.37777774,8.507333333333333,30.0,2,5.1764362714980825,70.66250196097344,9,0,2,0.7071067811865476,-0.7071067811865475,0.0,1.0,0.8660254037844386,0.5000000000000001,97.75,61.375,23.58333333333333,14.1,32.1,100.0,56.25,-1.05,4.364379,0.075,7.025,18.538888853333333,29.966666666666665,29.55,29.5,29.35,29.816666666666663,-9.870444406666666,-0.1796296433333353,-0.4686666666666674,8.976,8.306666666666667,18.520987624444444,8.782222222222224,4.709992,4.7551136,4.7085733,4.6335263,4.7261252,0,2.0,1,0.5,-1.06,28.9,71.1
2023-02-20 10:00:00,78.468527750002,29.07022606111,29.080781188888004,18.538888853333333,8.306666666666667,29.816666666666663,1,5.1764362714980825,70.66250196097344,10,0,2,0.4999999999999999,-0.8660254037844387,0.0,1.0,0.8660254037844386,0.5000000000000001,122.0,85.625,33.75,13.6,32.0,100.0,56.0,-0.7,4.4519997,0.1,7.4,18.59444446,30.0,29.966666666666665,29.55,29.5,29.55,-10.232222186666666,0.1611111133333338,-0.2006666666666667,8.507333333333333,8.163333333333332,18.491357992222223,8.59666666666667,4.7261252,4.709992,4.7551136,4.7085733,4.6992917,0,2.0,1,0.5,-1.03,27.3,72.7
2023-02-20 10:15:00,720.241189150002,0.0,0.0,18.59444446,8.163333333333332,29.55,0,5.1764362714980825,70.66250196097344,10,0,2,0.4999999999999999,-0.8660254037844387,0.0,1.0,0.8660254037844386,0.5000000000000001,116.0,102.3125,43.41666666666666,14.15,32.45,100.0,56.25,-0.7,4.4574094,0.075,7.35,18.411111076666664,29.816666666666663,30.0,29.966666666666665,29.55,29.966666666666665,-10.431111126666666,0.0555556066666653,-0.1433333333333344,8.306666666666667,7.910666666666667,18.50370368444445,8.325777777777779,4.6992917,4.7261252,4.709992,4.7551136,4.714068,1,2.0,1,0.5,-1.02,26.8,73.2
2023-02-20 10:30:00,1027.411401850002,0.0,0.0,18.411111076666664,7.910666666666667,29.966666666666665,0,5.1764362714980825,70.66250196097344,10,0,2,0.4999999999999999,-0.8660254037844387,0.0,1.0,0.8660254037844386,0.5000000000000001,110.0,111.4375,52.583333333333336,14.7,32.9,100.0,56.5,-0.7,4.462733,0.05,7.300000000000001,18.2722222,29.55,29.816666666666663,30.0,29.966666666666665,30.55,-10.500444409999997,-0.1833333833333341,-0.2526666666666655,8.163333333333332,7.605333333333333,18.514814796666663,8.126888888888889,4.714068,4.6992917,4.7261252,4.709992,4.7663965,0,2.0,0,0.5,-1.06,28.5,71.5
2023-02-20 10:45:00,137.693936422224,98.075521255556,98.09385383889,18.2722222,7.605333333333333,30.55,2,5.1764362714980825,70.66250196097344,10,0,2,0.4999999999999999,-0.8660254037844387,0.0,1.0,0.8660254037844386,0.5000000000000001,104.0,113.0,61.25,15.25,33.349999999999994,100.0,56.75,-0.7,4.467967,0.0249999999999999,7.25,18.47962964666667,29.966666666666665,29.55,29.816666666666663,30.0,32.733333333333334,-10.666888866666664,-0.138888876666666,-0.3053333333333334,7.910666666666667,7.273333333333331,18.425925912222223,7.893111111111112,4.7663965,4.714068,4.6992917,4.7261252,5.170251,0,2.0,1,0.5,-1.08,29.8,70.2
2023-02-20 11:00:00,139.46581007777598,47.399215088888,47.412547905554,18.47962964666667,7.273333333333331,32.733333333333334,1,5.1764362714980825,70.66250196097344,11,0,2,0.258819045102521,-0.9659258262890682,0.0,1.0,0.8660254037844386,0.5000000000000001,98.0,107.0,69.41666666666667,15.8,33.8,100.0,57.0,-0.7,4.473116,0.0,7.2,18.59444448,30.55,29.966666666666665,29.55,29.816666666666663,32.8,-11.206296313333336,0.2074074466666715,-0.3320000000000007,7.605333333333333,7.037333333333334,18.38765430777778,7.596444444444445,5.170251,4.7663965,4.714068,4.6992917,5.216134,0,2.0,1,0.5,-1.03,27.2,72.8
2023-02-20 11:15:00,170.724281972218,98.065243866668,98.084132011112,18.59444448,7.037333333333334,32.8,2,5.1764362714980825,70.66250196097344,11,0,2,0.258819045102521,-0.9659258262890682,0.0,1.0,0.8660254037844386,0.5000000000000001,124.25,109.0625,79.25,15.45,34.45,99.75,57.75,-0.575,4.5172896,0.0,7.15,18.668518523333333,32.733333333333334,30.55,29.966666666666665,29.55,32.13333333333333,-11.557111146666667,0.1148148333333303,-0.2359999999999988,7.273333333333331,7.008,18.448765442222225,7.305333333333334,5.216134,5.170251,4.7663965,4.714068,5.1325703,0,1.0,1,0.75,-1.0,26.1,73.9
2023-02-20 11:30:00,204.175443638894,134.729888372222,134.751831944444,18.668518523333333,7.008,32.13333333333333,2,5.1764362714980825,70.66250196097344,11,0,2,0.258819045102521,-0.9659258262890682,0.0,1.0,0.8660254037844386,0.5000000000000001,150.5,119.1875,90.75,15.1,35.099999999999994,99.5,58.5,-0.4499999999999999,4.5611234,0.0,7.1,18.86111112,32.8,32.733333333333334,30.55,29.966666666666665,31.1,-11.660518523333334,0.0740740433333329,-0.0293333333333336,7.037333333333334,7.142666666666667,18.58086421666667,7.106222222222223,5.1325703,5.216134,5.170251,4.7663965,5.0244102,0,0.0,0,1.0,-0.99,25.5,74.5
2023-02-20 11:45:00,193.06922142222,127.739056916666,127.761000505554,18.86111112,7.142666666666667,31.1,2,5.1764362714980825,70.66250196097344,11,0,2,0.258819045102521,-0.9659258262890682,0.0,1.0,0.8660254037844386,0.5000000000000001,176.75,137.375,103.91666666666669,14.75,35.75,99.25,59.25,-0.325,4.6046195,0.0,7.05,18.9407407,32.13333333333333,32.8,32.733333333333334,30.55,30.35,-11.71844445333333,0.1925925966666639,0.1346666666666669,7.008,7.026,18.708024707777778,7.062666666666668,5.0244102,5.1325703,5.216134,5.170251,4.926358,0,0.0,0,1.0,-0.95,23.9,76.1
2023-02-20 12:00:00,195.556066377776,130.292565822224,130.314509427778,18.9407407,7.026,30.35,2,5.1764362714980825,70.66250196097344,12,0,2,1.2246467991473532e-16,-1.0,0.0,1.0,0.8660254037844386,0.5000000000000001,203.0,163.625,118.75,14.4,36.4,99.0,60.0,-0.2,4.64778,0.0,7.0,18.94999996,31.1,32.13333333333333,32.8,32.733333333333334,29.65,-11.9147407,0.0796295800000024,-0.1166666666666671,7.142666666666667,7.208,18.82345678111111,7.05888888888889,4.926358,5.0244102,5.1325703,5.216134,4.815367,0,0.0,0,1.0,-0.93,23.4,76.6
2023-02-20 12:15:00,888.9899945611099,134.624337044444,134.650447133332,18.94999996,7.208,29.65,2,5.1764362714980825,70.66250196097344,12,0,2,1.2246467991473532e-16,-1.0,0.0,1.0,0.8660254037844386,0.5000000000000001,208.5,184.6875,132.02083333333334,15.525,37.55,99.25,60.0,-0.15,4.6629066,0.0,7.05,18.996296293333334,30.35,31.1,32.13333333333333,32.8,29.316666666666663,-11.74199996,0.0092592600000003,0.1820000000000003,7.026,7.152666666666667,18.917283926666663,7.125555555555557,4.815367,4.926358,5.0244102,5.1325703,4.774261,0,0.0,0,1.0,-0.93,23.4,76.6
2023-02-20 12:30:00,173.894432811112,130.9230962,130.947817427778,18.996296293333334,7.152666666666667,29.316666666666663,2,5.1764362714980825,70.66250196097344,12,0,2,1.2246467991473532e-16,-1.0,0.0,1.0,0.8660254037844386,0.5000000000000001,214.0,200.5625,143.72916666666666,16.65,38.7,99.5,60.0,-0.1,4.6780753,0.0,7.1,19.00555556,29.65,30.35,31.1,32.13333333333333,28.65,-11.843629626666669,0.0462963333333341,-0.0553333333333334,7.208,6.922,18.96234565111111,7.12888888888889,4.774261,4.815367,4.926358,5.0244102,4.6682463,0,0.0,0,1.0,-0.93,23.1,76.9
2023-02-20 12:45:00,534.268350644444,168.009946,168.040778133332,19.00555556,6.922,28.65,2,5.1764362714980825,70.66250196097344,12,0,2,1.2246467991473532e-16,-1.0,0.0,1.0,0.8660254037844386,0.5000000000000001,219.5,211.25,153.875,17.775,39.85,99.75,60.0,-0.0499999999999999,4.6932883,0.0,7.15,19.11296298,29.316666666666663,29.65,30.35,31.1,28.5,-12.08355556,0.0092592666666675,-0.230666666666667,7.152666666666667,6.744666666666666,18.983950604444445,7.094222222222224,4.6682463,4.774261,4.815367,4.926358,4.6733203,0,0.0,0,1.0,-0.93,23.1,76.9
2023-02-20 13:00:00,248.212293377776,199.072036816666,199.103146705554,19.11296298,6.744666666666666,28.5,2,5.1764362714980825,70.66250196097344,13,0,2,-0.2588190451025208,-0.9659258262890684,0.0,1.0,0.8660254037844386,0.5000000000000001,225.0,216.75,162.45833333333334,18.9,41.0,100.0,60.0,-0.0,4.7085433,0.0,7.2,19.29999997,28.65,29.316666666666663,29.65,30.35,28.45,-12.368296313333335,0.1074074200000012,-0.1773333333333333,6.922,6.208,19.038271611111117,6.9397777777777785,4.6733203,4.6682463,4.774261,4.815367,4.7168207,0,0.0,0,1.0,-0.9,22.2,77.8
2023-02-20 13:15:00,254.480375927778,215.4238827,215.456936944444,19.29999997,6.208,28.45,2,5.1764362714980825,70.66250196097344,13,0,2,-0.2588190451025208,-0.9659258262890684,0.0,1.0,0.8660254037844386,0.5000000000000001,207.75,216.5625,170.10416666666666,18.475,41.2,100.0,61.0,0.075,4.7406216,0.0,7.05,19.353703686666663,28.5,28.65,29.316666666666663,29.65,27.85,-13.091999969999998,0.1870369899999957,-0.5366666666666662,6.744666666666666,5.992666666666667,19.139506170000004,6.62488888888889,4.7168207,4.6733203,4.6682463,4.774261,4.631964,0,0.0,0,1.0,-0.86,20.6,79.4
2023-02-20 13:30:00,284.417511794442,229.757476016666,229.793030144444,19.353703686666663,5.992666666666667,27.85,2,5.1764362714980825,70.66250196097344,13,0,2,-0.2588190451025208,-0.9659258262890684,0.0,1.0,0.8660254037844386,0.5000000000000001,190.5,210.6875,176.8125,18.05,41.4,100.0,62.0,0.15,4.771578,0.0,6.9,19.40555557,28.45,28.5,28.65,29.316666666666663,27.5,-13.36103702,0.0537037166666678,-0.2153333333333336,6.208,5.575333333333333,19.25555554555556,6.315111111111112,4.631964,4.7168207,4.6733203,4.6682463,4.5877304,0,0.0,0,1.0,-0.85,20.3,79.7
2023-02-20 13:45:00,250.78830148333,201.67415496111,201.705264849998,19.40555557,5.575333333333333,27.5,2,5.1764362714980825,70.66250196097344,13,0,2,-0.2588190451025208,-0.9659258262890684,0.0,1.0,0.8660254037844386,0.5000000000000001,173.25,199.125,182.58333333333331,17.625,41.6,100.0,63.0,0.225,4.801429,0.0,6.75,19.605555573333334,27.85,28.45,28.5,28.65,27.316666666666663,-13.830222236666668,0.0518518833333345,-0.4173333333333335,5.992666666666667,5.6113333333333335,19.35308640888889,5.925333333333335,4.5877304,4.631964,4.7168207,4.6733203,4.6110396,0,0.0,0,1.0,-0.84,19.9,80.1
2023-02-20 14:00:00,192.379804433336,153.320255827778,153.347754744444,19.605555573333334,5.6113333333333335,27.316666666666663,2,5.1764362714980825,70.66250196097344,14,0,2,-0.4999999999999997,-0.8660254037844388,0.0,1.0,0.8660254037844386,0.5000000000000001,156.0,181.875,187.41666666666663,17.2,41.8,100.0,64.0,0.3,4.8301907,0.0,6.6,19.72777776,27.5,27.85,28.45,28.5,27.0,-13.99422224,0.2000000033333329,0.0360000000000004,5.575333333333333,5.664666666666666,19.454938276666667,5.7264444444444464,4.6110396,4.5877304,4.631964,4.7168207,4.5904083,0,0.0,0,1.0,-0.8,18.4,81.6
2023-02-20 14:15:00,181.48912889445,142.452635,142.477911772222,19.72777776,5.664666666666666,27.0,2,5.1764362714980825,70.66250196097344,14,0,2,-0.4999999999999997,-0.8660254037844388,0.0,1.0,0.8660254037844386,0.5000000000000001,164.75,171.125,190.79166666666663,17.375,41.425,100.0,64.25,0.0499999999999999,4.754999,0.0,6.3,19.774074093333333,27.316666666666663,27.5,27.85,28.45,27.0,-14.063111093333331,0.122222186666665,0.0533333333333327,5.6113333333333335,6.070666666666667,19.579629634444448,5.617111111111112,4.5904083,4.6110396,4.5877304,4.631964,4.602894,0,0.0,0,1.0,-0.77,17.5,82.5
2023-02-20 14:30:00,199.882559944444,145.907219044444,145.933329133332,19.774074093333333,6.070666666666667,27.0,2,5.1764362714980825,70.66250196097344,14,0,2,-0.4999999999999997,-0.8660254037844388,0.0,1.0,0.8660254037844386,0.5000000000000001,173.5,166.875,192.70833333333331,17.549999999999997,41.05,100.0,64.5,-0.2,4.680681,0.0,6.0,19.82222221,27.0,27.316666666666663,27.5,27.85,26.6,-13.703407426666663,0.0462963333333341,0.4060000000000006,5.664666666666666,5.718,19.702469142222224,5.782222222222224,4.602894,4.5904083,4.6110396,4.5877304,4.5475264,0,0.0,0,1.0,-0.76,17.1,82.9
2023-02-20 14:45:00,186.024503172222,136.43370910000002,136.45898590555402,19.82222221,5.718,26.6,2,5.1764362714980825,70.66250196097344,14,0,2,-0.4999999999999997,-0.8660254037844388,0.0,1.0,0.8660254037844386,0.5000000000000001,182.25,169.125,193.16666666666663,17.724999999999998,40.675,100.0,64.75,-0.45,4.6072297,0.0,5.7,19.80370372,27.0,27.0,27.316666666666663,27.5,26.03333333333333,-14.10422221,0.0481481166666668,-0.3526666666666669,6.070666666666667,5.685333333333333,19.77469135444445,5.817777777777779,4.5475264,4.602894,4.5904083,4.6110396,4.445818,0,0.0,0,1.0,-0.75,16.9,83.1
2023-02-20 15:00:00,72.18350147777599,33.0711771,33.0845099,19.80370372,5.685333333333333,26.03333333333333,1,5.1764362714980825,70.66250196097344,15,0,2,-0.7071067811865471,-0.7071067811865479,0.0,1.0,0.8660254037844386,0.5000000000000001,191.0,177.875,192.16666666666663,17.9,40.3,100.0,65.0,-0.7,4.5346427,0.0,5.4,19.51666665,26.6,27.0,27.0,27.316666666666663,26.0,-14.118370386666664,-0.0185184900000017,-0.0326666666666666,5.718,5.660666666666667,19.80000000777778,5.824666666666668,4.445818,4.5475264,4.602894,4.5904083,4.365923,0,0.0,1,1.0,-0.76,17.1,82.9
2023-02-20 15:15:00,175.15354907778,131.363911883334,131.388910883334,19.51666665,5.660666666666667,26.0,2,5.1764362714980825,70.66250196097344,15,0,2,-0.7071067811865471,-0.7071067811865479,0.0,1.0,0.8660254037844386,0.5000000000000001,197.25,186.0,191.22916666666663,17.599999999999998,40.4,100.0,63.25,-1.125,4.3908067,0.0,5.325,19.53703703,26.03333333333333,26.6,27.0,27.0,25.816666666666663,-13.85599998333333,-0.2870370700000002,-0.0246666666666666,5.685333333333333,5.626666666666667,19.714197526666663,5.6880000000000015,4.365923,4.445818,4.5475264,4.602894,4.3403316,0,0.0,1,1.0,-0.82,19.3,80.7
2023-02-20 15:30:00,182.994624305558,133.716595555556,133.741316783334,19.53703703,5.626666666666667,25.816666666666663,2,5.1764362714980825,70.66250196097344,15,0,2,-0.7071067811865471,-0.7071067811865479,0.0,1.0,0.8660254037844386,0.5000000000000001,203.5,193.5,190.35416666666663,17.299999999999997,40.5,100.0,61.5,-1.55,4.2482653,0.0,5.25,19.61666666,26.0,26.03333333333333,26.6,27.0,25.45,-13.910370363333334,0.0203703800000027,-0.0339999999999998,5.660666666666667,5.348,19.6191358,5.657555555555557,4.3403316,4.365923,4.445818,4.5475264,4.298752,0,0.0,0,1.0,-0.82,19.2,80.8
2023-02-20 15:45:00,183.818480233336,135.204313811112,135.229868355556,19.61666666,5.348,25.45,2,5.1764362714980825,70.66250196097344,15,0,2,-0.7071067811865471,-0.7071067811865479,0.0,1.0,0.8660254037844386,0.5000000000000001,209.75,200.375,189.54166666666663,17.0,40.6,100.0,59.75,-1.975,4.107011,0.0,5.175,19.68333334333333,25.816666666666663,26.0,26.03333333333333,26.6,25.03333333333333,-14.26866666,0.0796296299999994,-0.278666666666667,5.626666666666667,5.061999999999999,19.55679011333333,5.545111111111113,4.298752,4.3403316,4.365923,4.445818,4.244957,0,0.0,0,1.0,-0.8,18.6,81.4
2023-02-20 16:00:00,170.708449105558,130.832266483334,130.85670993889,19.68333334333333,5.061999999999999,25.03333333333333,2,5.1764362714980825,70.66250196097344,16,0,2,-0.8660254037844385,-0.5000000000000004,0.0,1.0,0.8660254037844386,0.5000000000000001,216.0,206.625,188.79166666666663,16.7,40.7,100.0,58.0,-2.4,3.9670334,0.0,5.1,19.67777779,25.45,25.816666666666663,26.0,26.03333333333333,24.65,-14.621333343333337,0.0666666833333344,-0.2860000000000005,5.348,5.226666666666668,19.61234567777778,5.345555555555556,4.244957,4.298752,4.3403316,4.365923,4.1785917,0,0.0,0,1.0,-0.79,18.2,81.8
2023-02-20 16:15:00,162.992369027774,114.929569316666,114.951790644444,19.67777779,5.226666666666668,24.65,2,5.1764362714980825,70.66250196097344,16,0,2,-0.8660254037844385,-0.5000000000000004,0.0,1.0,0.8660254037844386,0.5000000000000001,210.5,209.9375,189.02083333333331,16.25,40.075,100.0,57.75,-2.575,3.917452,0.0,4.975,19.55370368333333,25.03333333333333,25.45,25.816666666666663,26.0,24.5,-14.451111123333334,-0.005555553333334,0.164666666666668,5.061999999999999,4.896,19.659259264444447,5.212222222222223,4.1785917,4.244957,4.298752,4.3403316,4.123008,0,0.0,0,1.0,-0.79,18.3,81.7
2023-02-20 16:30:00,115.103729016666,72.810143044444,72.829031238886,19.55370368333333,4.896,24.5,2,5.1764362714980825,70.66250196097344,16,0,2,-0.8660254037844385,-0.5000000000000004,0.0,1.0,0.8660254037844386,0.5000000000000001,205.0,210.3125,190.22916666666663,15.8,39.45,100.0,57.5,-2.75,3.8683848,0.0,4.85,19.23333334,24.65,25.03333333333333,25.45,25.816666666666663,24.5,-14.657703683333333,-0.1240741066666686,-0.3306666666666675,5.226666666666668,4.752666666666667,19.63827160555556,5.061555555555557,4.123008,4.1785917,4.244957,4.298752,4.0460196,0,0.0,0,1.0,-0.82,19.3,80.7
2023-02-20 16:45:00,122.718702288884,72.23099956111,72.249609966664,19.23333334,4.752666666666667,24.5,2,5.1764362714980825,70.66250196097344,16,0,2,-0.8660254037844385,-0.5000000000000004,0.0,1.0,0.8660254037844386,0.5000000000000001,199.5,207.75,192.41666666666663,15.35,38.825,100.0,57.25,-2.925,3.8198266,0.0,4.725,19.0314815,24.5,24.65,25.03333333333333,25.45,24.5,-14.480666673333335,-0.3203703433333302,-0.1433333333333326,4.896,4.5520000000000005,19.48827160444445,4.958444444444446,4.0460196,4.123008,4.1785917,4.244957,3.9981534,0,0.0,0,1.0,-0.9,22.0,78.0
2023-02-20 17:00:00,184.453177111112,135.4220829,135.446804111112,19.0314815,4.5520000000000005,24.5,2,5.1764362714980825,70.66250196097344,17,0,2,-0.9659258262890684,-0.2588190451025206,0.0,1.0,0.8660254037844386,0.5000000000000001,194.0,202.25,195.58333333333331,14.9,38.2,100.0,57.0,-3.1,3.771774,0.0,4.6,19.23333336,24.5,24.5,24.65,25.03333333333333,24.1,-14.4794815,-0.2018518400000033,-0.2006666666666667,4.752666666666667,4.360666666666666,19.27283950777778,4.733555555555557,3.9981534,4.0460196,4.123008,4.1785917,3.979962,0,0.0,0,1.0,-0.94,23.8,76.2
2023-02-20 17:15:00,253.047933361106,213.950330527778,213.983940333332,19.23333336,4.360666666666666,24.1,2,5.1764362714980825,70.66250196097344,17,0,2,-0.9659258262890684,-0.2588190451025206,0.0,1.0,0.8660254037844386,0.5000000000000001,167.0,191.375,195.77083333333331,14.225,37.025000000000006,87.0,57.0,-3.4,3.691264,0.0,4.275,19.607407396666662,24.5,24.5,24.5,24.65,23.53333333333333,-14.872666693333333,0.2018518600000014,-0.1913333333333344,4.5520000000000005,4.388000000000001,19.1660494,4.555111111111112,3.979962,3.9981534,4.0460196,4.123008,3.972847,0,0.0,0,1.0,-0.9,22.1,77.9
2023-02-20 17:30:00,313.41746288333,273.845434611112,273.885988605554,19.607407396666662,4.388000000000001,23.53333333333333,2,5.1764362714980825,70.66250196097344,17,0,2,-0.9659258262890684,-0.2588190451025206,0.0,1.0,0.8660254037844386,0.5000000000000001,140.0,175.125,192.97916666666663,13.55,35.85,74.0,57.0,-3.7,3.6122599,0.0,3.95,20.00555557,24.1,24.5,24.5,24.5,23.1,-15.219407396666664,0.3740740366666664,0.0273333333333347,4.360666666666666,4.142,19.29074075222222,4.433555555555557,3.972847,3.979962,3.9981534,4.0460196,3.9918222,0,0.0,0,1.0,-0.82,19.1,80.9
2023-02-20 17:45:00,343.08127611667,283.603377611112,283.642264972222,20.00555557,4.142,23.1,2,5.1764362714980825,70.66250196097344,17,0,2,-0.9659258262890684,-0.2588190451025206,0.0,1.0,0.8660254037844386,0.5000000000000001,113.0,153.5,187.20833333333331,12.875,34.675,61.0,57.0,-4.0,3.5347407,0.0,3.625,20.23148148,23.53333333333333,24.1,24.5,24.5,22.53333333333333,-15.863555570000004,0.3981481733333361,-0.2460000000000013,4.388000000000001,3.91,19.61543210888889,4.2968888888888905,3.9918222,3.972847,3.979962,3.9981534,3.9457078,0,0.0,0,1.0,-0.73,16.2,83.8
2023-02-20 18:00:00,314.633247450002,263.827502011112,263.870555855556,20.23148148,3.91,22.53333333333333,2,5.1764362714980825,70.66250196097344,18,0,2,-1.0,-1.8369701987210294e-16,0.0,1.0,0.8660254037844386,0.5000000000000001,86.0,126.5,178.45833333333334,12.2,33.5,48.0,57.0,-4.3,3.458681,0.0,3.3,20.32777776,23.1,23.53333333333333,24.1,24.5,22.55,-16.32148148,0.2259259099999973,-0.2319999999999997,4.142,3.686,19.94814814888889,4.146666666666667,3.9457078,3.9918222,3.972847,3.979962,3.9709048,0,0.0,0,1.0,-0.68,14.8,85.2
2023-02-20 18:15:00,734.399234005554,262.586718344444,262.661437638886,20.32777776,3.686,22.55,2,5.1764362714980825,70.66250196097344,18,0,2,-1.0,-1.8369701987210294e-16,0.0,1.0,0.8660254037844386,0.5000000000000001,69.5,102.125,167.8125,11.425,31.6,56.0,58.75,-4.45,3.4355614,0.0,2.75,20.45740738,22.53333333333333,23.1,23.53333333333333,24.1,22.966666666666665,-16.64177776,0.0962962800000006,-0.2239999999999997,3.91,3.534666666666667,20.18827160333333,3.912666666666668,3.9709048,3.9457078,3.9918222,3.972847,4.075,0,0.0,0,1.0,-0.66,14.1,85.9
2023-02-20 18:30:00,934.988710005558,259.436288816666,259.505452749998,20.45740738,3.534666666666667,22.966666666666665,2,5.1764362714980825,70.66250196097344,18,0,2,-1.0,-1.8369701987210294e-16,0.0,1.0,0.8660254037844386,0.5000000000000001,53.0,80.375,155.27083333333334,10.65,29.7,64.0,60.5,-4.6,3.408988,0.0,2.2,20.505555580000003,22.55,22.53333333333333,23.1,23.53333333333333,23.75,-16.922740713333333,0.1296296199999993,-0.1513333333333331,3.686,3.452,20.33888887333333,3.710222222222223,4.075,3.9709048,3.9457078,3.9918222,4.22584,0,0.0,0,1.0,-0.63,13.3,86.7
2023-02-20 18:45:00,513.589733388888,40.342275127778,40.3883844,20.505555580000003,3.452,23.75,1,5.1764362714980825,70.66250196097344,18,0,2,-1.0,-1.8369701987210294e-16,0.0,1.0,0.8660254037844386,0.5000000000000001,36.5,61.25,140.83333333333334,9.875,27.8,72.0,62.25,-4.75,3.3792105,0.0,1.65,20.10185183,22.966666666666665,22.55,22.53333333333333,23.1,24.65,-17.05355558,0.0481482000000035,-0.0826666666666668,3.534666666666667,3.3146666666666667,20.43024690666667,3.5575555555555565,4.22584,4.075,3.9709048,3.9457078,4.283749,0,0.0,1,1.0,-0.61,12.8,87.2
2023-02-20 19:00:00,408.988917605554,0.0,0.0,20.10185183,3.3146666666666667,24.65,0,5.1764362714980825,70.66250196097344,19,0,2,-0.9659258262890684,0.2588190451025203,0.0,1.0,0.8660254037844386,0.5000000000000001,20.0,44.75,124.5,9.1,25.9,80.0,64.0,-4.9,3.3464665,0.0,1.1,19.66111109,23.75,22.966666666666665,22.55,22.53333333333333,25.05,-16.78718516333333,-0.4037037500000053,-0.1373333333333333,3.452,3.146,20.35493826333333,3.4337777777777787,4.283749,4.22584,4.075,3.9709048,4.242245,1,1.0,1,0.75,-0.7,15.2,84.8
2023-02-20 19:15:00,463.611454766668,0.0,0.0,19.66111109,3.146,25.05,0,5.1764362714980825,70.66250196097344,19,0,2,-0.9659258262890684,0.2588190451025203,0.0,1.0,0.8660254037844386,0.5000000000000001,15.0,31.125,108.20833333333331,8.55,23.375,85.0,65.0,-4.9750000000000005,3.33547,0.0,0.8250000000000001,19.414814776666667,24.65,23.75,22.966666666666665,22.55,25.65,-16.51511109,-0.4407407399999954,-0.1686666666666667,3.3146666666666667,3.036,20.08950616666667,3.3042222222222235,4.242245,4.283749,4.22584,4.075,4.2814317,0,2.0,0,0.5,-0.8,18.4,81.6
2023-02-20 19:30:00,478.500025916666,0.0,0.0,19.414814776666667,3.036,25.65,0,5.1764362714980825,70.66250196097344,19,0,2,-0.9659258262890684,0.2588190451025203,0.0,1.0,0.8660254037844386,0.5000000000000001,10.0,20.375,91.95833333333331,8.0,20.85,90.0,66.0,-5.050000000000001,3.3235774,0.0,0.55,19.24444442,25.05,24.65,23.75,22.966666666666665,26.05,-16.378814776666665,-0.2462963133333353,-0.1099999999999998,3.146,2.988,19.72592589888889,3.165555555555557,4.2814317,4.242245,4.283749,4.22584,4.304808,0,3.0,0,0.25,-0.85,20.2,79.8
2023-02-20 19:45:00,454.1301672833381,0.0,0.0,19.24444442,2.988,26.05,0,5.1764362714980825,70.66250196097344,19,0,2,-0.9659258262890684,0.2588190451025203,0.0,1.0,0.8660254037844386,0.5000000000000001,5.0,12.5,75.75,7.45,18.325,95.0,67.0,-5.125,3.3108213,0.0,0.275,19.07777777,25.65,25.05,24.65,23.75,26.65,-16.256444419999998,-0.1703703566666696,-0.048,3.036,2.9513333333333334,19.44012342888889,3.056666666666668,4.304808,4.2814317,4.242245,4.283749,4.360906,0,4.0,0,0.0,-0.89,21.6,78.4
2023-02-20 20:00:00,436.213661822224,0.0,0.0,19.07777777,2.9513333333333334,26.65,0,5.1764362714980825,70.66250196097344,20,0,2,-0.8660254037844386,0.5000000000000001,0.0,1.0,0.8660254037844386,0.5000000000000001,0.0,7.5,59.583333333333336,6.9,15.8,100.0,68.0,-5.2,3.2972355,0.0,-0.0,18.98888889,26.05,25.65,25.05,24.65,26.65,-16.126444436666667,-0.1666666499999962,-0.0366666666666666,2.988,2.8926666666666665,19.245678988888887,2.991777777777779,4.360906,4.304808,4.2814317,4.242245,4.3380947,0,4.0,0,0.0,-0.92,22.9,77.1
2023-02-20 20:15:00,339.578916333332,0.0,0.0,18.98888889,2.8926666666666665,26.65,0,5.1764362714980825,70.66250196097344,20,0,2,-0.8660254037844386,0.5000000000000001,0.0,1.0,0.8660254037844386,0.5000000000000001,0.0,3.75,45.66666666666666,6.95,15.45,100.0,68.5,-5.1,3.3214798,0.0,0.0,18.87592592,26.65,26.05,25.65,25.05,26.5,-16.09622222333333,-0.0888888800000025,-0.0586666666666668,2.9513333333333334,2.894,19.103703693333333,2.9440000000000013,4.3380947,4.360906,4.304808,4.2814317,4.2849984,0,4.0,0,0.0,-0.94,23.7,76.3
2023-02-20 20:30:00,116.477285188888,0.0,0.0,18.87592592,2.894,26.5,0,5.1764362714980825,70.66250196097344,20,0,2,-0.8660254037844386,0.5000000000000001,0.0,1.0,0.8660254037844386,0.5000000000000001,0.0,1.25,34.0,7.0,15.1,100.0,69.0,-5.0,3.345724,0.0,0.0,18.78333334,26.65,26.65,26.05,25.65,26.15,-15.98192592,-0.1129629699999981,0.0013333333333331,2.8926666666666665,2.2666666666666666,18.980864193333336,2.912666666666668,4.2849984,4.3380947,4.360906,4.304808,4.2053294,0,4.0,0,0.0,-0.97,24.8,75.2
2023-02-20 20:45:00,112.427447338882,0.0,0.0,18.78333334,2.2666666666666666,26.15,0,5.1764362714980825,70.66250196097344,20,0,2,-0.8660254037844386,0.5000000000000001,0.0,1.0,0.8660254037844386,0.5000000000000001,0.0,0.0,24.58333333333333,7.05,14.75,100.0,69.5,-4.9,3.3699687,0.0,0.0,18.65370372,26.5,26.65,26.65,26.05,26.183333333333334,-16.516666673333336,-0.092592579999998,-0.6273333333333331,2.894,1.8286666666666669,18.88271605,2.6844444444444453,4.2053294,4.2849984,4.3380947,4.360906,4.178527,0,4.0,0,0.0,-0.99,25.7,74.3
2023-02-20 21:00:00,242.367805049994,80.341508427778,80.380951333332,18.65370372,1.8286666666666669,26.183333333333334,2,5.1764362714980825,70.66250196097344,21,0,2,-0.7071067811865477,0.7071067811865474,0.0,1.0,0.8660254037844386,0.5000000000000001,0.0,0.0,17.416666666666668,7.1,14.4,100.0,70.0,-4.8,3.394213,0.0,-0.0,18.65555557,26.15,26.5,26.65,26.65,26.8,-16.825037053333332,-0.1296296200000029,-0.4379999999999999,2.2666666666666666,1.8746666666666667,18.77098766,2.3297777777777786,4.178527,4.2053294,4.2849984,4.3380947,4.277409,0,3.0,1,0.25,-1.02,27.0,73.0
2023-02-20 21:15:00,238.53823600555,69.534996272222,69.580550066664,18.65555557,1.8746666666666667,26.8,1,5.1764362714980825,70.66250196097344,21,0,2,-0.7071067811865477,0.7071067811865474,0.0,1.0,0.8660254037844386,0.5000000000000001,0.0,0.0,11.625,6.6,13.675,100.0,71.0,-4.75,3.419051,0.0,-0.1,18.69814815,26.183333333333334,26.15,26.5,26.65,26.53333333333333,-16.780888903333334,0.0018518500000013,0.046,1.8286666666666669,1.3786666666666667,18.697530876666672,1.990000000000001,4.277409,4.178527,4.2053294,4.2849984,4.245534,0,2.0,1,0.5,-1.02,26.8,73.2
2023-02-20 21:30:00,168.403263716662,0.0,0.0,18.69814815,1.3786666666666667,26.53333333333333,0,5.1764362714980825,70.66250196097344,21,0,2,-0.7071067811865477,0.7071067811865474,0.0,1.0,0.8660254037844386,0.5000000000000001,0.0,0.0,7.208333333333333,6.1,12.95,100.0,72.0,-4.699999999999999,3.443368,0.0,-0.2,18.5388889,26.8,26.183333333333334,26.15,26.5,26.5,-17.319481483333334,0.0425925800000008,-0.496,1.8746666666666667,1.336,18.669135813333337,1.694000000000001,4.245534,4.277409,4.178527,4.2053294,4.2004128,1,2.0,1,0.5,-1.01,26.5,73.5
2023-02-20 21:45:00,185.337586183334,34.928047255556,34.957490527778,18.5388889,1.336,26.5,1,5.1764362714980825,70.66250196097344,21,0,2,-0.7071067811865477,0.7071067811865474,0.0,1.0,0.8660254037844386,0.5000000000000001,0.0,0.0,4.166666666666667,5.6,12.225,100.0,73.0,-4.65,3.467168,0.0,-0.3,18.45740743,26.53333333333333,26.8,26.183333333333334,26.15,26.683333333333334,-17.2028889,-0.1592592500000016,-0.0426666666666668,1.3786666666666667,1.252,18.63086420666667,1.529777777777779,4.2004128,4.245534,4.277409,4.178527,4.2091017,0,1.0,1,0.75,-1.04,28.0,72.0
2023-02-20 22:00:00,259.3762912,133.626599172222,133.63409892222,18.45740743,1.252,26.683333333333334,2,5.1764362714980825,70.66250196097344,22,0,2,-0.5000000000000004,0.8660254037844384,0.0,1.0,0.8660254037844386,0.5000000000000001,0.0,0.0,2.5,5.1,11.5,100.0,74.0,-4.6,3.4904578,0.0,-0.4,18.73333333,26.5,26.53333333333333,26.8,26.183333333333334,26.6,-17.20540743,-0.0814814699999999,-0.0839999999999998,1.336,1.2253333333333332,18.564814826666662,1.3222222222222235,4.2091017,4.2004128,4.245534,4.277409,4.265068,0,1.0,1,0.75,-1.06,28.8,71.2
2023-02-20 22:15:00,125.51442372222,0.0,0.0,18.73333333,1.2253333333333332,26.6,0,5.1764362714980825,70.66250196097344,22,0,2,-0.5000000000000004,0.8660254037844384,0.0,1.0,0.8660254037844386,0.5000000000000001,0.0,0.0,1.25,4.725,10.7,100.0,74.25,-4.574999999999999,3.4841301,0.0,-0.475,18.596296296666665,26.683333333333334,26.5,26.53333333333333,26.8,26.216666666666665,-17.507999996666666,0.2759258999999971,-0.0266666666666668,1.252,1.208,18.57654322,1.2711111111111124,4.265068,4.2091017,4.2004128,4.245534,4.1696544,1,2.0,1,0.5,-1.0,26.1,73.9
2023-02-20 22:30:00,165.511157155552,59.327349027778,59.33318216111,18.596296296666665,1.208,26.216666666666665,1,5.1764362714980825,70.66250196097344,22,0,2,-0.5000000000000004,0.8660254037844384,0.0,1.0,0.8660254037844386,0.5000000000000001,0.0,0.0,0.4166666666666667,4.35,9.9,100.0,74.5,-4.55,3.477763,0.0,-0.55,18.58888887,26.6,26.683333333333334,26.5,26.53333333333333,26.45,-17.388296296666667,-0.1370370333333319,-0.0173333333333332,1.2253333333333332,0.9306666666666666,18.595679018888887,1.2284444444444456,4.1696544,4.265068,4.2091017,4.2004128,4.204921,0,1.0,1,0.75,-1.03,27.5,72.5
2023-02-20 22:45:00,177.236521388888,94.752598627778,94.761764927778,18.58888887,0.9306666666666666,26.45,2,5.1764362714980825,70.66250196097344,22,0,2,-0.5000000000000004,0.8660254037844384,0.0,1.0,0.8660254037844386,0.5000000000000001,0.0,0.0,0.0,3.975,9.1,100.0,74.75,-4.525,3.4713573,0.0,-0.625,18.788888906666667,26.216666666666665,26.6,26.683333333333334,26.5,26.03333333333333,-17.658222203333334,-0.0074074266666634,-0.2773333333333333,1.208,0.838,18.63950616555556,1.1213333333333344,4.204921,4.1696544,4.265068,4.2091017,4.187943,0,1.0,1,0.75,-1.03,27.5,72.5
2023-02-20 23:00:00,50.544089305554,0.0,0.0,18.788888906666667,0.838,26.03333333333333,0,5.1764362714980825,70.66250196097344,23,0,2,-0.2588190451025215,0.965925826289068,0.0,1.0,0.8660254037844386,0.5000000000000001,0.0,0.0,0.0,3.6,8.3,100.0,75.0,-4.5,3.4649134,0.0,-0.7,18.555555570000003,26.45,26.216666666666665,26.6,26.683333333333334,26.0,-17.950888906666666,0.2000000366666654,-0.0926666666666666,0.9306666666666666,0.7706666666666667,18.658024691111116,0.9922222222222232,4.187943,4.204921,4.1696544,4.265068,4.12523,1,2.0,1,0.5,-0.99,25.7,74.3
2023-02-20 23:15:00,152.596395883334,106.054368772222,106.07186812222,18.555555570000003,0.7706666666666667,26.0,2,5.1764362714980825,70.66250196097344,23,0,2,-0.2588190451025215,0.965925826289068,0.0,1.0,0.8660254037844386,0.5000000000000001,0.0,0.0,0.0,3.65,7.925000000000001,100.0,75.5,-4.55,3.4639087,0.0,-0.8,18.633333366666665,26.03333333333333,26.45,26.216666666666665,26.6,26.0,-17.784888903333336,-0.2333333366666643,-0.0673333333333332,0.838,0.9626666666666668,18.64444444888889,0.8464444444444457,4.12523,4.187943,4.204921,4.1696544,4.144271,0,1.0,1,0.75,-1.04,28.0,72.0
2023-02-20 23:30:00,109.991155861106,41.649722844444,41.66000028333,18.633333366666665,0.9626666666666668,26.0,1,5.1764362714980825,70.66250196097344,23,0,2,-0.2588190451025215,0.965925826289068,0.0,1.0,0.8660254037844386,0.5000000000000001,0.0,0.0,0.0,3.7,7.550000000000001,100.0,76.0,-4.6,3.4627323,0.0,-0.9,18.64444444,26.0,26.03333333333333,26.45,26.216666666666665,26.0,-17.670666699999998,0.0777777966666626,0.1919999999999999,0.7706666666666667,1.2826666666666666,18.659259281111115,0.8571111111111124,4.144271,4.12523,4.187943,4.204921,4.1469965,0,1.0,1,0.75,-1.03,27.2,72.8
2023-02-20 23:45:00,83.477494249994,41.95054416111,41.961932638886,18.64444444,1.2826666666666666,26.0,1,5.1764362714980825,70.66250196097344,23,0,2,-0.2588190451025215,0.965925826289068,0.0,1.0,0.8660254037844386,0.5000000000000001,0.0,0.0,0.0,3.75,7.175,100.0,76.5,-4.65,3.4613864,0.0,-1.0,18.537037023333333,26.0,26.0,26.03333333333333,26.45,26.0,-17.36177777333333,0.0111110733333319,0.3199999999999999,0.9626666666666668,1.2986666666666666,18.61111112555556,1.0053333333333343,4.1469965,4.144271,4.12523,4.187943,4.120707,0,1.0,0,0.75,-1.02,27.1,72.9
2023-02-21 00:00:00,152.231966111108,112.051073344444,112.071905877776,18.537037023333333,1.2986666666666666,26.0,2,5.1764362714980825,70.66250196097344,0,1,2,0.0,1.0,0.7818314824680298,0.6234898018587336,0.8660254037844386,0.5000000000000001,0.0,0.0,0.0,3.8,6.8,100.0,77.0,-4.7,3.4598722,0.0,-1.1,18.72222225,26.0,26.0,26.0,26.03333333333333,25.65,-17.238370356666668,-0.107407416666664,0.016,1.2826666666666666,0.6293333333333333,18.604938276666665,1.1813333333333345,4.120707,4.1469965,4.144271,4.12523,4.110042,0,0.0,1,1.0,-1.05,28.2,71.8
2023-02-21 00:15:00,51.876258216666,0.0,0.0,18.72222225,0.6293333333333333,25.65,0,5.1764362714980825,70.66250196097344,0,1,2,0.0,1.0,0.7818314824680298,0.6234898018587336,0.8660254037844386,0.5000000000000001,0.0,0.0,0.0,3.55,6.9,100.0,77.5,-4.7,3.4581926,0.0,-1.2000000000000002,18.52962964,26.0,26.0,26.0,26.0,25.683333333333334,-18.092888916666663,0.1851852266666682,-0.6693333333333333,1.2986666666666666,0.1646666666666666,18.634567904444445,1.0702222222222233,4.110042,4.120707,4.1469965,4.144271,4.0687337,1,1.0,1,0.75,-1.01,26.4,73.6
2023-02-21 00:30:00,147.12272610555,97.591096216666,97.610539905554,18.52962964,0.1646666666666666,25.683333333333334,2,5.1764362714980825,70.66250196097344,0,1,2,0.0,1.0,0.7818314824680298,0.6234898018587336,0.8660254037844386,0.5000000000000001,0.0,0.0,0.0,3.3,7.0,100.0,78.0,-4.7,3.4563498,0.0,-1.3,18.605555560000003,25.65,26.0,26.0,26.0,25.95,-18.36496297333333,-0.1925926100000019,-0.4646666666666666,0.6293333333333333,0.034,18.596296304444447,0.6975555555555567,4.0687337,4.110042,4.120707,4.1469965,4.1295056,0,1.0,1,0.75,-1.05,28.3,71.7
2023-02-21 00:45:00,112.791877011112,61.495317888888,61.512539449998,18.605555560000003,0.034,25.95,1,5.1764362714980825,70.66250196097344,0,1,2,0.0,1.0,0.7818314824680298,0.6234898018587336,0.8660254037844386,0.5000000000000001,0.0,0.0,0.0,3.05,7.1,100.0,78.5,-4.7,3.4543455,0.0,-1.4,18.63703702666667,25.683333333333334,25.65,26.0,26.0,25.53333333333333,-18.571555560000004,0.075925920000003,-0.1306666666666666,0.1646666666666666,0.0466666666666666,18.619135816666667,0.2760000000000012,4.1295056,4.0687337,4.110042,4.120707,4.0707784,0,1.0,1,0.75,-1.03,27.5,72.5
2023-02-21 01:00:00,77.709669205558,33.4919936,33.505881927778,18.63703702666667,0.0466666666666666,25.53333333333333,1,5.1764362714980825,70.66250196097344,1,1,2,0.2588190451025207,0.9659258262890684,0.7818314824680298,0.6234898018587336,0.8660254037844386,0.5000000000000001,0.0,0.0,0.0,2.8,7.2,100.0,79.0,-4.7,3.4521816,0.0,-1.5,18.49444442,25.95,25.683333333333334,25.65,26.0,25.8,-18.59037036,0.0314814666666656,0.0126666666666666,0.034,-0.116,18.590740742222227,0.0817777777777789,4.0707784,4.1295056,4.0687337,4.110042,4.078704,0,1.0,0,0.75,-1.03,27.3,72.7
2023-02-21 01:15:00,173.112797477776,128.142374116666,128.166539849998,18.49444442,-0.116,25.8,2,5.1764362714980825,70.66250196097344,1,1,2,0.2588190451025207,0.9659258262890684,0.7818314824680298,0.6234898018587336,0.8660254037844386,0.5000000000000001,0.0,0.0,0.0,3.175,7.475,100.0,78.75,-4.75,3.4352577,0.0,-1.525,18.73518518666667,25.53333333333333,25.95,25.683333333333334,25.65,25.53333333333333,-18.61044442,-0.1425926066666711,-0.1626666666666666,0.0466666666666666,-0.24,18.57901233555556,-0.0117777777777765,4.078704,4.0707784,4.1295056,4.0687337,4.0944858,0,0.0,1,1.0,-1.06,28.6,71.4
2023-02-21 01:30:00,43.4824273,0.0,0.0,18.73518518666667,-0.24,25.53333333333333,0,5.1764362714980825,70.66250196097344,1,1,2,0.2588190451025207,0.9659258262890684,0.7818314824680298,0.6234898018587336,0.8660254037844386,0.5000000000000001,0.0,0.0,0.0,3.55,7.75,100.0,78.5,-4.800000000000001,3.4183807,0.0,-1.55,18.54444441,25.8,25.53333333333333,25.95,25.683333333333334,25.55,-18.975185186666668,0.2407407666666721,-0.124,-0.116,-0.1933333333333333,18.62222221111111,-0.1031111111111099,4.0944858,4.078704,4.0707784,4.1295056,4.0511656,1,1.0,1,0.75,-1.0,26.3,73.7
2023-02-21 01:45:00,161.800194516662,109.2356304,109.256185127778,18.54444441,-0.1933333333333333,25.55,2,5.1764362714980825,70.66250196097344,1,1,2,0.2588190451025207,0.9659258262890684,0.7818314824680298,0.6234898018587336,0.8660254037844386,0.5000000000000001,0.0,0.0,0.0,3.925,8.025,100.0,78.25,-4.8500000000000005,3.4015515,0.0,-1.5750000000000002,18.66111111,25.53333333333333,25.8,25.53333333333333,25.95,25.78333333333333,-18.73777774333333,-0.1907407766666722,0.0466666666666666,-0.24,-0.114,18.591358005555552,-0.1831111111111099,4.0511656,4.0944858,4.078704,4.0707784,4.116498,0,1.0,1,0.75,-1.05,28.2,71.8
2023-02-21 02:00:00,94.608159922224,35.961339222224,35.974672055556,18.66111111,-0.114,25.78333333333333,1,5.1764362714980825,70.66250196097344,2,1,2,0.4999999999999999,0.8660254037844387,0.7818314824680298,0.6234898018587336,0.8660254037844386,0.5000000000000001,0.0,0.0,0.0,4.3,8.3,100.0,78.0,-4.9,3.3847685,0.0,-1.6,18.60555559,25.55,25.53333333333333,25.8,25.53333333333333,25.5,-18.77511111,0.1166667000000032,0.0793333333333333,-0.1933333333333333,-0.134,18.64691356888889,-0.1824444444444432,4.116498,4.0511656,4.0944858,4.078704,4.057895,0,1.0,1,0.75,-1.02,27.0,73.0
2023-02-21 02:15:00,88.690341127778,48.957763794446,48.972207666668,18.60555559,-0.134,25.5,1,5.1764362714980825,70.66250196097344,2,1,2,0.4999999999999999,0.8660254037844387,0.7818314824680298,0.6234898018587336,0.8660254037844386,0.5000000000000001,0.0,0.0,0.0,4.575,8.475000000000001,86.75,78.5,-4.9,3.3886619,0.0,-1.675,18.481481486666667,25.78333333333333,25.55,25.53333333333333,25.8,25.5,-18.73955559,-0.0555555199999986,-0.02,-0.114,-0.2106666666666666,18.60370370333333,-0.1471111111111099,4.057895,4.116498,4.0511656,4.0944858,4.0281825,0,1.0,0,0.75,-1.03,27.6,72.4
2023-02-21 02:30:00,147.143836194446,107.654027,107.675970572222,18.481481486666667,-0.2106666666666666,25.5,2,5.1764362714980825,70.66250196097344,2,1,2,0.4999999999999999,0.8660254037844387,0.7818314824680298,0.6234898018587336,0.8660254037844386,0.5000000000000001,0.0,0.0,0.0,4.85,8.65,73.5,79.0,-4.9,3.3924108,0.0,-1.75,18.666666650000003,25.5,25.78333333333333,25.55,25.53333333333333,25.5,-18.69214815333333,-0.124074103333335,-0.0766666666666666,-0.134,-0.2073333333333333,18.58271606222222,-0.1528888888888877,4.0281825,4.057895,4.116498,4.0511656,4.0726,0,0.0,1,1.0,-1.06,28.8,71.2
2023-02-21 02:45:00,53.513970422224,0.0,0.0,18.666666650000003,-0.2073333333333333,25.5,0,5.1764362714980825,70.66250196097344,2,1,2,0.4999999999999999,0.8660254037844387,0.7818314824680298,0.6234898018587336,0.8660254037844386,0.5000000000000001,0.0,0.0,0.0,5.125,8.825,60.25,79.5,-4.9,3.3960168,0.0,-1.825,18.474074076666668,25.5,25.5,25.78333333333333,25.55,25.5,-18.873999983333334,0.1851851633333368,0.0033333333333333,-0.2106666666666666,-0.1393333333333333,18.58456790888889,-0.1839999999999988,4.0726,4.0281825,4.057895,4.116498,4.0264153,1,1.0,1,0.75,-1.02,27.0,73.0
2023-02-21 03:00:00,422.54809748333,112.414947688888,112.438002333332,18.474074076666668,-0.1393333333333333,25.5,2,5.1764362714980825,70.66250196097344,3,1,2,0.7071067811865476,0.7071067811865476,0.7818314824680298,0.6234898018587336,0.8660254037844386,0.5000000000000001,0.0,0.0,0.0,5.4,9.0,47.0,80.0,-4.9,3.3994803,0.0,-1.9,18.53888889,25.5,25.5,25.5,25.78333333333333,25.5,-18.61340741,-0.1925925733333358,0.068,-0.2073333333333333,-0.2426666666666666,18.54074073777778,-0.1857777777777766,4.0264153,4.0726,4.0281825,4.057895,4.041907,0,1.0,1,0.75,-1.06,28.9,71.1
2023-02-21 03:15:00,77.078861188888,33.7419836,33.755316383334,18.53888889,-0.2426666666666666,25.5,1,5.1764362714980825,70.66250196097344,3,1,2,0.7071067811865476,0.7071067811865476,0.7818314824680298,0.6234898018587336,0.8660254037844386,0.5000000000000001,0.0,0.0,0.0,5.800000000000001,9.45,60.25,80.5,-5.0,3.3731127,0.0,-2.1,18.47777779,25.5,25.5,25.5,25.5,25.5,-18.781555556666667,0.0648148133333315,-0.1033333333333333,-0.1393333333333333,-0.2733333333333334,18.55987653888889,-0.1964444444444432,4.041907,4.0264153,4.0726,4.0281825,4.027298,0,1.0,1,0.75,-1.05,28.3,71.7
2023-02-21 03:30:00,112.654660333332,62.516388111112,62.530832016666,18.47777779,-0.2733333333333334,25.5,1,5.1764362714980825,70.66250196097344,3,1,2,0.7071067811865476,0.7071067811865476,0.7818314824680298,0.6234898018587336,0.8660254037844386,0.5000000000000001,0.0,0.0,0.0,6.2,9.9,73.5,81.0,-5.1,3.3467402,0.0,-2.3,18.4333333,25.5,25.5,25.5,25.5,25.5,-18.75111112333333,-0.0611110999999979,-0.0306666666666667,-0.2426666666666666,-0.4553333333333333,18.49691358555556,-0.2184444444444432,4.027298,4.041907,4.0264153,4.0726,4.016703,0,1.0,0,0.75,-1.06,28.9,71.1
2023-02-21 03:45:00,134.82710653334,95.164804355556,95.18397023889,18.4333333,-0.4553333333333333,25.5,2,5.1764362714980825,70.66250196097344,3,1,2,0.7071067811865476,0.7071067811865476,0.7818314824680298,0.6234898018587336,0.8660254037844386,0.5000000000000001,0.0,0.0,0.0,6.6,10.35,86.75,81.5,-5.2,3.3203678,0.0,-2.5,18.590740756666666,25.5,25.5,25.5,25.5,25.316666666666663,-18.888666633333333,-0.04444449,-0.1819999999999999,-0.2733333333333334,-0.126,18.483333326666667,-0.3237777777777766,4.016703,4.027298,4.041907,4.0264153,4.025189,0,0.0,1,1.0,-1.07,29.3,70.7
2023-02-21 04:00:00,59.970934383334,18.417041088888,18.42815176111,18.590740756666666,-0.126,25.316666666666663,1,5.1764362714980825,70.66250196097344,4,1,2,0.8660254037844386,0.5000000000000001,0.7818314824680298,0.6234898018587336,0.8660254037844386,0.5000000000000001,0.0,0.0,0.0,7.0,10.8,100.0,82.0,-5.3,3.2940004,0.0,-2.7,18.41111109,25.5,25.5,25.5,25.5,25.35,-18.716740756666667,0.1574074566666645,0.3293333333333333,-0.4553333333333333,-0.4853333333333333,18.500617282222223,-0.2848888888888877,4.025189,4.016703,4.027298,4.041907,3.9878185,0,0.0,1,1.0,-1.04,27.8,72.2
2023-02-21 04:15:00,203.447417261114,138.0219789,138.04475573889,18.41111109,-0.4853333333333333,25.35,2,5.1764362714980825,70.66250196097344,4,1,2,0.8660254037844386,0.5000000000000001,0.7818314824680298,0.6234898018587336,0.8660254037844386,0.5000000000000001,0.0,0.0,0.0,6.725,11.25,99.75,81.25,-5.275,3.2985513,0.0,-2.5500000000000003,18.59259258,25.316666666666663,25.5,25.5,25.5,25.316666666666663,-18.89644442333333,-0.1796296666666634,-0.3593333333333333,-0.126,-0.9013333333333332,18.47839504888889,-0.3555555555555543,3.9878185,4.025189,4.016703,4.027298,4.02563,0,0.0,1,1.0,-1.08,29.6,70.4
2023-02-21 04:30:00,47.911139044444,0.0,0.0,18.59259258,-0.9013333333333332,25.316666666666663,0,5.1764362714980825,70.66250196097344,4,1,2,0.8660254037844386,0.5000000000000001,0.7818314824680298,0.6234898018587336,0.8660254037844386,0.5000000000000001,0.0,0.0,0.0,6.45,11.7,99.5,80.5,-5.25,3.3027825,0.0,-2.4000000000000004,18.45555556,25.35,25.316666666666663,25.5,25.5,25.05,-19.49392591333333,0.1814814899999959,-0.416,-0.4853333333333333,-0.5213333333333333,18.531481475555555,-0.504222222222221,4.02563,3.9878185,4.025189,4.016703,3.9510205,1,1.0,1,0.75,-1.04,27.8,72.2
2023-02-21 04:45:00,127.514621427778,87.96842553889,87.987869211112,18.45555556,-0.5213333333333333,25.05,2,5.1764362714980825,70.66250196097344,4,1,2,0.8660254037844386,0.5000000000000001,0.7818314824680298,0.6234898018587336,0.8660254037844386,0.5000000000000001,0.0,0.0,0.0,6.175000000000001,12.15,99.25,79.75,-5.225,3.3066874,0.0,-2.25,18.51111111,25.316666666666663,25.35,25.316666666666663,25.5,25.28333333333333,-18.97688889333333,-0.1370370199999975,0.38,-0.9013333333333332,-0.7953333333333333,18.486419743333336,-0.6359999999999988,3.9510205,4.02563,3.9878185,4.025189,4.000974,0,1.0,1,0.75,-1.07,29.2,70.8
2023-02-21 05:00:00,126.78631726111,80.048464616666,80.066519494442,18.51111111,-0.7953333333333333,25.28333333333333,2,5.1764362714980825,70.66250196097344,5,1,2,0.9659258262890684,0.2588190451025207,0.7818314824680298,0.6234898018587336,0.8660254037844386,0.5000000000000001,0.0,0.0,0.0,5.9,12.6,99.0,79.0,-5.2,3.3102596,0.0,-2.1,18.616666650000003,25.05,25.316666666666663,25.35,25.316666666666663,25.0,-19.306444443333334,0.0555555500000011,-0.274,-0.5213333333333333,-0.526,18.51975308333333,-0.7393333333333322,4.000974,3.9510205,4.02563,3.9878185,3.9809463,0,1.0,0,0.75,-1.06,28.6,71.4
2023-02-21 05:15:00,81.733119311116,32.33398433889,32.346206066668,18.616666650000003,-0.526,25.0,1,5.1764362714980825,70.66250196097344,5,1,2,0.9659258262890684,0.2588190451025207,0.7818314824680298,0.6234898018587336,0.8660254037844386,0.5000000000000001,0.0,0.0,0.0,6.3500000000000005,12.425,76.0,79.25,-5.225,3.3091059,0.0,-2.15,18.372222206666667,25.28333333333333,25.05,25.316666666666663,25.35,25.183333333333334,-19.14266665,0.105555540000001,0.2693333333333333,-0.7953333333333333,-0.0406666666666666,18.527777773333337,-0.614222222222221,3.9809463,4.000974,3.9510205,4.02563,3.952474,0,1.0,1,0.75,-1.03,27.6,72.4
2023-02-21 05:30:00,152.455568316662,100.886242155556,100.905408088888,18.372222206666667,-0.0406666666666666,25.183333333333334,2,5.1764362714980825,70.66250196097344,5,1,2,0.9659258262890684,0.2588190451025207,0.7818314824680298,0.6234898018587336,0.8660254037844386,0.5000000000000001,0.0,0.0,0.0,6.800000000000001,12.25,53.0,79.5,-5.25,3.3079154,0.0,-2.2,18.43333331,25.0,25.28333333333333,25.05,25.316666666666663,25.5,-18.412888873333333,-0.2444444433333359,0.4853333333333333,-0.526,-0.6253333333333333,18.49999998888889,-0.4539999999999988,3.952474,3.9809463,4.000974,3.9510205,4.016703,0,0.0,1,1.0,-1.09,30.0,70.0
2023-02-21 05:45:00,131.401688072226,69.971923194446,69.98692257778,18.43333331,-0.6253333333333333,25.5,1,5.1764362714980825,70.66250196097344,5,1,2,0.9659258262890684,0.2588190451025207,0.7818314824680298,0.6234898018587336,0.8660254037844386,0.5000000000000001,0.0,0.0,0.0,7.25,12.075,30.0,79.75,-5.275,3.3066874,0.0,-2.25,18.41481482,25.183333333333334,25.0,25.28333333333333,25.05,25.683333333333334,-19.058666643333336,0.0611111033333351,-0.5846666666666667,-0.0406666666666666,-1.8673333333333333,18.47407405555556,-0.3973333333333321,4.016703,3.952474,3.9809463,4.000974,4.0411415,0,0.0,1,1.0,-1.07,29.3,70.7
2023-02-21 06:00:00,120.277133205554,0.0,0.0,18.41481482,-1.8673333333333333,25.683333333333334,0,5.1764362714980825,70.66250196097344,6,1,2,1.0,6.123233995736766e-17,0.7818314824680298,0.6234898018587336,0.8660254037844386,0.5000000000000001,0.0,0.0,0.0,7.7,11.9,7.0,80.0,-5.3,3.3054223,0.0,-2.3,18.16666667,25.5,25.183333333333334,25.0,25.28333333333333,26.35,-20.28214815333333,-0.0185184900000017,-1.2420000000000002,-0.6253333333333333,-1.9026666666666665,18.406790112222225,-0.8444444444444432,4.0411415,4.016703,3.952474,3.9809463,4.0854263,1,1.0,1,0.75,-1.08,29.5,70.5
2023-02-21 06:15:00,167.834675294442,100.456259355556,100.474591988888,18.16666667,-1.9026666666666665,26.35,2,5.1764362714980825,70.66250196097344,6,1,2,1.0,6.123233995736766e-17,0.7818314824680298,0.6234898018587336,0.8660254037844386,0.5000000000000001,0.0,0.0,0.0,8.025,12.525,6.25,80.25,-5.425,3.2751997,0.0,-2.475,18.28518520333333,25.683333333333334,25.5,25.183333333333334,25.0,26.683333333333334,-20.069333336666663,-0.2481481500000022,-0.0353333333333329,-1.8673333333333333,-1.923333333333333,18.3382716,-1.46511111111111,4.0854263,4.0411415,4.016703,3.952474,4.166325,0,1.0,1,0.75,-1.13,31.9,68.1
2023-02-21 06:30:00,167.182479116666,114.631803427778,114.65180266111,18.28518520333333,-1.923333333333333,26.683333333333334,2,5.1764362714980825,70.66250196097344,6,1,2,1.0,6.123233995736766e-17,0.7818314824680298,0.6234898018587336,0.8660254037844386,0.5000000000000001,0.0,0.0,0.0,8.35,13.15,5.5,80.5,-5.55,3.2451618,0.0,-2.65,18.43888886,26.35,25.683333333333334,25.5,25.183333333333334,26.65,-20.208518536666663,0.1185185333333365,-0.0206666666666666,-1.9026666666666665,-1.872,18.288888897777777,-1.897777777777777,4.166325,4.0854263,4.0411415,4.016703,4.1992307,0,1.0,0,0.75,-1.1,30.6,69.4
2023-02-21 06:45:00,71.316869561106,16.639056627778,16.650167316666,18.43888886,-1.872,26.65,1,5.1764362714980825,70.66250196097344,6,1,2,1.0,6.123233995736766e-17,0.7818314824680298,0.6234898018587336,0.8660254037844386,0.5000000000000001,0.0,0.0,0.0,8.675,13.775,4.75,80.75,-5.675,3.2153094,0.0,-2.825,18.23703701333333,26.683333333333334,26.35,25.683333333333334,25.5,26.5,-20.31088886,0.1537036566666678,0.0513333333333332,-1.923333333333333,-1.4746666666666668,18.29691357777778,-1.899333333333332,4.1992307,4.166325,4.0854263,4.0411415,4.12589,0,1.0,1,0.75,-1.07,29.0,71.0
2023-02-21 07:00:00,185.830622077776,124.907781255556,124.930835949998,18.23703701333333,-1.4746666666666668,26.5,2,5.1764362714980825,70.66250196097344,7,1,2,0.9659258262890684,-0.2588190451025206,0.7818314824680298,0.6234898018587336,0.8660254037844386,0.5000000000000001,0.0,0.0,0.0,9.0,14.4,4.0,81.0,-5.8,3.1856418,0.0,-3.0,18.37037033333333,26.65,26.683333333333334,26.35,25.683333333333334,26.5,-19.711703680000003,-0.201851846666667,0.3973333333333331,-1.872,-0.8926666666666667,18.32037035888889,-1.7566666666666653,4.12589,4.1992307,4.166325,4.0854263,4.158665,0,0.0,1,1.0,-1.11,31.1,68.9
2023-02-21 07:15:00,133.06523284444,83.306945372222,83.325555794442,18.37037033333333,-0.8926666666666667,26.5,2,5.1764362714980825,70.66250196097344,7,1,2,0.9659258262890684,-0.2588190451025206,0.7818314824680298,0.6234898018587336,0.8660254037844386,0.5000000000000001,0.0,0.0,0.0,8.85,14.75,3.0,80.0,-5.75,3.1967046,0.0,-2.775,18.34814811333333,26.5,26.65,26.683333333333334,26.35,26.5,-19.263037,0.1333333199999948,0.5820000000000001,-1.4746666666666668,-0.114,18.348765402222224,-1.41311111111111,4.158665,4.12589,4.1992307,4.166325,4.1531873,0,0.0,0,1.0,-1.08,29.7,70.3
2023-02-21 07:30:00,89.89890406666,33.890866527778,33.903921588888004,18.34814811333333,-0.114,26.5,1,5.1764362714980825,70.66250196097344,7,1,2,0.9659258262890684,-0.2588190451025206,0.7818314824680298,0.6234898018587336,0.8660254037844386,0.5000000000000001,0.0,0.0,0.0,8.7,15.1,2.0,79.0,-5.699999999999999,3.2072067,0.0,-2.55,18.26666664,26.5,26.5,26.65,26.683333333333334,26.5,-18.46214811333333,-0.0222222199999997,0.7786666666666667,-0.8926666666666667,0.852,18.318518486666665,-0.82711111111111,4.1531873,4.158665,4.12589,4.1992307,4.133154,0,0.0,1,1.0,-1.09,30.0,70.0
2023-02-21 07:45:00,201.159453166672,140.843254927778,140.86714287222202,18.26666664,0.852,26.5,2,5.1764362714980825,70.66250196097344,7,1,2,0.9659258262890684,-0.2588190451025206,0.7818314824680298,0.6234898018587336,0.8660254037844386,0.5000000000000001,0.0,0.0,0.0,8.55,15.45,1.0,78.0,-5.65,3.2171295,0.0,-2.325,18.47037036,26.5,26.5,26.5,26.65,26.316666666666663,-17.41466664,-0.08148147333333,0.966,-0.114,0.5806666666666668,18.328395028888888,-0.0515555555555543,4.133154,4.1531873,4.158665,4.12589,4.154454,0,0.0,1,1.0,-1.11,30.8,69.2
2023-02-21 08:00:00,87.28956394444,38.329577855556,38.344021744444,18.47037036,0.5806666666666668,26.316666666666663,1,5.1764362714980825,70.66250196097344,8,1,2,0.8660254037844387,-0.4999999999999998,0.7818314824680298,0.6234898018587336,0.8660254037844386,0.5000000000000001,0.0,0.0,0.0,8.4,15.8,0.0,77.0,-5.6,3.2264552,0.0,-2.1,18.42222224,26.5,26.5,26.5,26.5,26.0,-17.889703693333335,0.20370372,-0.2713333333333332,0.852,1.562,18.361728371111116,0.4395555555555567,4.154454,4.133154,4.1531873,4.158665,4.0927653,0,0.0,1,1.0,-1.06,28.8,71.2
2023-02-21 08:15:00,103.192816555556,47.472267683334,47.487267133332,18.42222224,1.562,26.0,1,5.1764362714980825,70.66250196097344,8,1,2,0.8660254037844387,-0.4999999999999998,0.7818314824680298,0.6234898018587336,0.8660254037844386,0.5000000000000001,16.25,4.0625,1.3541666666666667,8.9,16.525,25.0,77.25,-5.225,3.3172622,0.0,-1.75,18.294444436666662,26.316666666666663,26.5,26.5,26.5,26.183333333333334,-16.86022224,-0.0481481200000004,0.9813333333333332,0.5806666666666668,1.916,18.386419746666668,0.9982222222222236,4.0927653,4.154454,4.133154,4.1531873,4.090503,0,0.0,0,1.0,-1.07,29.3,70.7
2023-02-21 08:30:00,202.51912116111,143.625088133332,143.649253833332,18.294444436666662,1.916,26.183333333333334,2,5.1764362714980825,70.66250196097344,8,1,2,0.8660254037844387,-0.4999999999999998,0.7818314824680298,0.6234898018587336,0.8660254037844386,0.5000000000000001,32.5,12.1875,4.0625,9.4,17.25,50.0,77.5,-4.85,3.4103408,0.0,-1.4,18.52222222,26.0,26.316666666666663,26.5,26.5,26.2,-16.378444436666665,-0.1277778033333341,0.3540000000000001,1.562,2.207333333333333,18.39567901222222,1.3528888888888904,4.090503,4.0927653,4.154454,4.133154,4.1487627,0,0.0,1,1.0,-1.1,30.6,69.4
2023-02-21 08:45:00,54.840028494446,0.0,0.0,18.52222222,2.207333333333333,26.2,0,5.1764362714980825,70.66250196097344,8,1,2,0.8660254037844387,-0.4999999999999998,0.7818314824680298,0.6234898018587336,0.8660254037844386,0.5000000000000001,48.75,24.375,8.125,9.9,17.975,75.0,77.75,-4.475,3.5057395,0.0,-1.05,18.34259259,26.183333333333334,26.0,26.316666666666663,26.5,26.466666666666665,-16.314888886666665,0.2277777833333338,0.291333333333333,1.916,3.136,18.412962965555558,1.8951111111111123,4.1487627,4.090503,4.0927653,4.154454,4.146596,1,1.0,1,0.75,-1.05,28.3,71.7
2023-02-21 09:00:00,124.787230627774,70.783835183334,70.799945705554,18.34259259,3.136,26.466666666666665,2,5.1764362714980825,70.66250196097344,9,1,2,0.7071067811865476,-0.7071067811865475,0.7818314824680298,0.6234898018587336,0.8660254037844386,0.5000000000000001,65.0,40.625,13.541666666666666,10.4,18.7,100.0,78.0,-4.1,3.60351,0.0,-0.7,18.37222222,26.2,26.183333333333334,26.0,26.316666666666663,26.85,-15.20659259,-0.1796296300000008,0.928666666666667,2.207333333333333,4.085333333333334,18.38641974888889,2.419777777777779,4.146596,4.1487627,4.090503,4.0927653,4.2140546,0,1.0,1,0.75,-1.09,30.0,70.0
2023-02-21 09:15:00,129.37871347778,74.321471472222,74.33813748888801,18.37222222,4.085333333333334,26.85,2,5.1764362714980825,70.66250196097344,9,1,2,0.7071067811865476,-0.7071067811865475,0.7818314824680298,0.6234898018587336,0.8660254037844386,0.5000000000000001,93.25,59.875,21.3125,8.95,18.525,100.0,76.5,-3.7,3.7030048,0.0,-0.0249999999999999,18.842592576666668,26.466666666666665,26.2,26.183333333333334,26.0,26.816666666666663,-14.286888886666668,0.0296296300000022,0.9493333333333336,3.136,4.855333333333333,18.412345676666664,3.1428888888888906,4.2140546,4.146596,4.1487627,4.090503,4.3276715,0,1.0,0,0.75,-1.08,29.6,70.4
2023-02-21 09:30:00,59.972600983334,0.0,0.0,18.842592576666668,4.855333333333333,26.816666666666663,0,5.1764362714980825,70.66250196097344,9,1,2,0.7071067811865476,-0.7071067811865475,0.7818314824680298,0.6234898018587336,0.8660254037844386,0.5000000000000001,121.5,82.125,31.4375,7.5,18.35,100.0,75.0,-3.3,3.8027744,0.0,0.6500000000000001,19.3833333,26.85,26.466666666666665,26.2,26.183333333333334,26.5,-13.987259243333334,0.4703703566666668,0.7699999999999996,4.085333333333334,5.388000000000001,18.51913579555556,4.025555555555557,4.3276715,4.2140546,4.146596,4.1487627,4.415127,1,2.0,1,0.5,-0.97,25.0,75.0
2023-02-21 09:45:00,55.685272450002,0.0,0.0,19.3833333,5.388000000000001,26.5,0,5.1764362714980825,70.66250196097344,9,1,2,0.7071067811865476,-0.7071067811865475,0.7818314824680298,0.6234898018587336,0.8660254037844386,0.5000000000000001,149.75,107.375,43.91666666666666,6.05,18.175,100.0,73.5,-2.9,3.9026413,0.0,1.325,19.868518496666663,26.816666666666663,26.85,26.466666666666665,26.2,26.316666666666663,-13.9953333,0.5407407233333323,0.5326666666666675,4.855333333333333,5.623333333333333,18.86604936555556,4.776222222222224,4.415127,4.3276715,4.2140546,4.146596,4.511316,0,2.0,0,0.5,-0.85,20.3,79.7
2023-02-21 10:00:00,103.456972788884,53.458139372222,53.473694316666,19.868518496666663,5.623333333333333,26.316666666666663,1,5.1764362714980825,70.66250196097344,10,1,2,0.4999999999999999,-0.8660254037844387,0.7818314824680298,0.6234898018587336,0.8660254037844386,0.5000000000000001,178.0,135.625,58.75,4.6,18.0,100.0,72.0,-2.5,4.002418,0.0,2.0,20.13333335,26.5,26.816666666666663,26.85,26.466666666666665,26.3,-14.24518516333333,0.4851851966666629,0.2353333333333322,5.388000000000001,6.022,19.36481479111111,5.2888888888888905,4.511316,4.415127,4.3276715,4.2140546,4.578916,0,2.0,1,0.5,-0.74,16.6,83.4
2023-02-21 10:15:00,140.357718783334,83.517770255556,83.53582510000001,20.13333335,6.022,26.3,2,5.1764362714980825,70.66250196097344,10,1,2,0.4999999999999999,-0.8660254037844387,0.7818314824680298,0.6234898018587336,0.8660254037844386,0.5000000000000001,208.75,164.5,76.14583333333333,5.55,18.725,100.0,70.75,-2.1,4.123385,0.0,2.7,20.30185184333333,26.316666666666663,26.5,26.816666666666663,26.85,26.216666666666665,-14.11133335,0.2648148533333376,0.3986666666666671,5.623333333333333,6.474,19.79506171555556,5.67777777777778,4.578916,4.511316,4.415127,4.3276715,4.609595,0,2.0,1,0.5,-0.68,14.7,85.3
2023-02-21 10:30:00,60.534800727778,0.0,0.0,20.30185184333333,6.474,26.216666666666665,0,5.1764362714980825,70.66250196097344,10,1,2,0.4999999999999999,-0.8660254037844387,0.7818314824680298,0.6234898018587336,0.8660254037844386,0.5000000000000001,239.5,194.0,96.10416666666669,6.5,19.45,100.0,69.5,-1.7,4.245511,0.0,3.4,20.14444444,26.3,26.316666666666663,26.5,26.816666666666663,26.55,-13.827851843333336,0.1685184933333339,0.4519999999999999,6.022,6.785333333333333,20.10123456333333,6.039777777777779,4.609595,4.578916,4.511316,4.415127,4.6254473,1,2.0,1,0.5,-0.64,13.7,86.3
2023-02-21 10:45:00,56.520516955552,0.0,0.0,20.14444444,6.785333333333333,26.55,0,5.1764362714980825,70.66250196097344,10,1,2,0.4999999999999999,-0.8660254037844387,0.7818314824680298,0.6234898018587336,0.8660254037844386,0.5000000000000001,270.25,224.125,118.625,7.45,20.175,100.0,68.25,-1.2999999999999998,4.3686433,0.0,4.1,19.87407404,26.216666666666665,26.3,26.316666666666663,26.5,26.966666666666665,-13.359111106666663,-0.1574074033333374,0.3113333333333328,6.474,6.754666666666666,20.19320987777778,6.427111111111112,4.6254473,4.609595,4.578916,4.511316,4.6242485,0,2.0,0,0.5,-0.68,14.7,85.3
2023-02-21 11:00:00,151.111733155552,105.305787616666,105.327453449998,19.87407404,6.754666666666666,26.966666666666665,2,5.1764362714980825,70.66250196097344,11,1,2,0.258819045102521,-0.9659258262890682,0.7818314824680298,0.6234898018587336,0.8660254037844386,0.5000000000000001,301.0,254.875,143.70833333333334,8.4,20.9,100.0,67.0,-0.9,4.49262,0.0,4.8,19.68333335,26.55,26.216666666666665,26.3,26.316666666666663,27.35,-13.119407373333337,-0.2703703999999973,-0.0306666666666668,6.785333333333333,6.664666666666666,20.10679010777778,6.671333333333334,4.6242485,4.6254473,4.609595,4.578916,4.6377993,0,2.0,1,0.5,-0.74,16.4,83.6
2023-02-21 11:15:00,94.243174472226,37.975147633332,37.987924888888,19.68333335,6.664666666666666,27.35,1,5.1764362714980825,70.66250196097344,11,1,2,0.258819045102521,-0.9659258262890682,0.7818314824680298,0.6234898018587336,0.8660254037844386,0.5000000000000001,323.5,283.5625,169.3125,9.85,23.875,100.0,66.0,-0.6000000000000001,4.581711,0.025,5.325,19.64629631333333,26.966666666666665,26.55,26.216666666666665,26.3,27.5,-13.018666683333336,-0.1907406899999983,-0.0899999999999998,6.754666666666666,6.756,19.900617276666665,6.734888888888889,4.6377993,4.6242485,4.6254473,4.609595,4.6531057,0,2.0,1,0.5,-0.78,17.8,82.2
2023-02-21 11:30:00,67.80589867222601,0.0,0.0,19.64629631333333,6.756,27.5,0,5.1764362714980825,70.66250196097344,11,1,2,0.258819045102521,-0.9659258262890682,0.7818314824680298,0.6234898018587336,0.8660254037844386,0.5000000000000001,346.0,310.1875,195.4375,11.3,26.85,100.0,65.0,-0.3,4.6707935,0.05,5.85,19.43333334,27.35,26.966666666666665,26.55,26.216666666666665,27.85,-12.890296313333334,-0.0370370366666676,0.0913333333333339,6.664666666666666,6.5953333333333335,19.734567901111117,6.725111111111112,4.6531057,4.6377993,4.6242485,4.6254473,4.653717,1,2.0,1,0.5,-0.79,18.0,82.0
2023-02-21 11:45:00,81.112588799996,35.252200972222,35.265811577776,19.43333334,6.5953333333333335,27.85,1,5.1764362714980825,70.66250196097344,11,1,2,0.258819045102521,-0.9659258262890682,0.7818314824680298,0.6234898018587336,0.8660254037844386,0.5000000000000001,368.5,334.75,222.08333333333331,12.75,29.825,100.0,64.0,0.0,4.759771,0.075,6.375,19.20185186333333,27.5,27.35,26.966666666666665,26.55,28.183333333333334,-12.838000006666668,-0.2129629733333331,-0.1606666666666667,6.756,6.8373333333333335,19.587654334444448,6.6720000000000015,4.653717,4.6531057,4.6377993,4.6242485,4.6456738,0,1.0,1,0.75,-0.83,19.6,80.4
2023-02-21 12:00:00,154.436877961106,108.57343472222,108.594822766664,19.20185186333333,6.8373333333333335,28.183333333333334,2,5.1764362714980825,70.66250196097344,12,1,2,1.2246467991473532e-16,-1.0,0.7818314824680298,0.6234898018587336,0.8660254037844386,0.5000000000000001,391.0,357.25,249.25,14.2,32.8,100.0,63.0,0.3,4.8485384,0.1,6.9,19.19999998,27.85,27.5,27.35,26.966666666666665,28.5,-12.364518529999998,-0.2314814766666693,0.242,6.5953333333333335,7.078,19.42716050555556,6.729555555555557,4.6456738,4.653717,4.6531057,4.6377993,4.6973586,0,1.0,1,0.75,-0.88,21.5,78.5
2023-02-21 12:15:00,65.427938477772,0.0,0.0,19.19999998,7.078,28.5,0,5.1764362714980825,70.66250196097344,12,1,2,1.2246467991473532e-16,-1.0,0.7818314824680298,0.6234898018587336,0.8660254037844386,0.5000000000000001,408.75,378.5625,275.5416666666667,15.25,36.4,100.0,61.25,0.375,4.8614936,0.075,7.375,18.93333334,28.183333333333334,27.85,27.5,27.35,28.683333333333334,-12.121999979999998,-0.0018518833333338,0.2406666666666668,6.8373333333333335,7.101333333333333,19.27839506111111,6.836888888888891,4.6973586,4.6456738,4.653717,4.6531057,4.6537924,1,2.0,1,0.5,-0.88,21.4,78.6
2023-02-21 12:30:00,350.492646350002,0.0,0.0,18.93333334,7.101333333333333,28.683333333333334,0,5.1764362714980825,70.66250196097344,12,1,2,1.2246467991473532e-16,-1.0,0.7818314824680298,0.6234898018587336,0.8660254037844386,0.5000000000000001,426.5,398.6875,300.9583333333333,16.299999999999997,40.0,100.0,59.5,0.4499999999999999,4.8699193,0.05,7.85,18.72222225,28.5,28.183333333333334,27.85,27.5,29.35,-11.832000006666668,-0.2666666399999968,0.0233333333333325,7.078,7.303333333333333,19.111728394444444,7.005555555555556,4.6537924,4.6973586,4.6456738,4.653717,4.7029133,0,2.0,0,0.5,-0.94,23.8,76.2
2023-02-21 12:45:00,178.046211233332,131.746118827778,131.769729,18.72222225,7.303333333333333,29.35,2,5.1764362714980825,70.66250196097344,12,1,2,1.2246467991473532e-16,-1.0,0.7818314824680298,0.6234898018587336,0.8660254037844386,0.5000000000000001,444.25,417.625,325.5,17.349999999999998,43.6,100.0,57.75,0.525,4.8735576,0.0249999999999999,8.325000000000001,18.93518521,28.683333333333334,28.5,28.183333333333334,27.85,29.5,-11.418888916666669,-0.2111110899999992,0.2019999999999999,7.101333333333333,7.236,18.951851856666668,7.16088888888889,4.7029133,4.6537924,4.6973586,4.6456738,4.786818,0,2.0,1,0.5,-0.99,25.6,74.4
2023-02-21 13:00:00,78.365476388888,22.411603483334,22.422436383334,18.93518521,7.236,29.5,1,5.1764362714980825,70.66250196097344,13,1,2,-0.2588190451025208,-0.9659258262890684,0.7818314824680298,0.6234898018587336,0.8660254037844386,0.5000000000000001,462.0,435.375,349.1666666666667,18.4,47.2,100.0,56.0,0.6,4.872142,0.0,8.8,18.87777777,29.35,28.683333333333334,28.5,28.183333333333334,29.9,-11.69918521,0.2129629599999987,-0.067333333333333,7.303333333333333,7.542,18.86358026666667,7.213555555555556,4.786818,4.7029133,4.6537924,4.6973586,4.8353004,0,2.0,1,0.5,-0.94,23.6,76.4
2023-02-21 13:15:00,49.870227327778,0.0,0.0,18.87777777,7.542,29.9,0,5.1764362714980825,70.66250196097344,13,1,2,-0.2588190451025208,-0.9659258262890684,0.7818314824680298,0.6234898018587336,0.8660254037844386,0.5000000000000001,451.5,446.0625,369.3958333333333,18.3,47.650000000000006,100.0,58.5,1.075,5.0652504,0.4,8.725000000000001,18.605555563333333,29.5,29.35,28.683333333333334,28.5,30.65,-11.335777770000002,-0.0574074399999986,0.306,7.236,7.622,18.845061743333336,7.360444444444446,4.8353004,4.786818,4.7029133,4.6537924,4.877431,1,2.0,1,0.5,-0.95,24.0,76.0
2023-02-21 13:30:00,135.58652082222,74.834784288888,74.853116938886,18.605555563333333,7.622,30.65,2,5.1764362714980825,70.66250196097344,13,1,2,-0.2588190451025208,-0.9659258262890684,0.7818314824680298,0.6234898018587336,0.8660254037844386,0.5000000000000001,441.0,449.6875,386.1875,18.2,48.1,100.0,61.0,1.5499999999999998,5.2563815,0.8,8.65,18.69444444,29.9,29.5,29.35,28.683333333333334,31.0,-10.983555563333333,-0.2722222066666688,0.08,7.542,8.185333333333334,18.806172847777777,7.466666666666668,4.877431,4.8353004,4.786818,4.7029133,4.9591475,0,1.0,1,0.75,-1.01,26.4,73.6
2023-02-21 13:45:00,110.535022905554,52.079305644444,52.094582849998,18.69444444,8.185333333333334,31.0,1,5.1764362714980825,70.66250196097344,13,1,2,-0.2588190451025208,-0.9659258262890684,0.7818314824680298,0.6234898018587336,0.8660254037844386,0.5000000000000001,430.5,446.25,399.5416666666667,18.1,48.55,100.0,63.5,2.025,5.445547,1.2000000000000002,8.575000000000001,19.011111096666664,30.65,29.9,29.5,29.35,30.816666666666663,-10.509111106666664,0.0888888766666653,0.5633333333333344,7.622,7.867333333333334,18.725925924444443,7.783111111111112,4.9591475,4.877431,4.8353004,4.786818,5.02293,0,1.0,1,0.75,-0.99,25.5,74.5
2023-02-21 14:00:00,51.923478461114,0.0,0.0,19.011111096666664,7.867333333333334,30.816666666666663,0,5.1764362714980825,70.66250196097344,14,1,2,-0.4999999999999997,-0.8660254037844388,0.7818314824680298,0.6234898018587336,0.8660254037844386,0.5000000000000001,420.0,435.75,409.4583333333333,18.0,49.0,100.0,66.0,2.5,5.6327586,1.6,8.5,19.14444447,31.0,30.65,29.9,29.5,30.85,-11.143777763333327,0.3166666566666656,-0.3180000000000005,8.185333333333334,6.402666666666667,18.770370366666665,7.891555555555555,5.02293,4.9591475,4.877431,4.8353004,5.0680633,1,2.0,1,0.5,-0.91,22.6,77.4
2023-02-21 14:15:00,49.954668433332,0.0,0.0,19.14444447,6.402666666666667,30.85,0,5.1764362714980825,70.66250196097344,14,1,2,-0.4999999999999997,-0.8660254037844388,0.7818314824680298,0.6234898018587336,0.8660254037844386,0.5000000000000001,367.0,414.625,413.0833333333333,17.375,49.45,99.75,72.75,2.85,5.858988,1.7000000000000002,7.6,18.898148133333333,30.816666666666663,31.0,30.65,29.9,31.0,-12.741777803333331,0.1333333733333361,-1.464666666666667,7.867333333333334,4.855333333333333,18.95000000222222,7.485111111111113,5.0680633,5.02293,4.9591475,4.877431,5.019224,0,2.0,0,0.5,-0.88,21.5,78.5
2023-02-21 14:30:00,165.813922727778,105.503279716666,105.523556705554,18.898148133333333,4.855333333333333,31.0,2,5.1764362714980825,70.66250196097344,14,1,2,-0.4999999999999997,-0.8660254037844388,0.7818314824680298,0.6234898018587336,0.8660254037844386,0.5000000000000001,314.0,382.875,410.4166666666667,16.75,49.9,99.5,79.5,3.2,6.039242,1.8,6.7,19.02222226,30.85,30.816666666666663,31.0,30.65,30.95,-14.0428148,-0.246296336666667,-1.5473333333333334,6.402666666666667,5.407333333333333,19.017901233333333,6.375111111111113,5.019224,5.0680633,5.02293,4.9591475,5.0479703,0,2.0,1,0.5,-0.94,23.6,76.4
2023-02-21 14:45:00,105.320509144448,44.292950427778,44.306005455556,19.02222226,5.407333333333333,30.95,1,5.1764362714980825,70.66250196097344,14,1,2,-0.4999999999999997,-0.8660254037844388,0.7818314824680298,0.6234898018587336,0.8660254037844386,0.5000000000000001,261.0,340.5,401.4583333333333,16.125,50.35,99.25,86.25,3.55,6.1774793,1.9,5.800000000000001,19.562963003333333,31.0,30.85,30.816666666666663,31.0,30.35,-13.614888926666666,0.1240741266666667,0.5519999999999996,4.855333333333333,7.156000000000001,19.021604954444445,5.555111111111112,5.0479703,5.019224,5.0680633,5.02293,5.110261,0,2.0,1,0.5,-0.91,22.5,77.5
2023-02-21 15:00:00,49.999388711116,0.0,0.0,19.562963003333333,7.156000000000001,30.35,0,5.1764362714980825,70.66250196097344,15,1,2,-0.7071067811865471,-0.7071067811865479,0.7818314824680298,0.6234898018587336,0.8660254037844386,0.5000000000000001,208.0,287.5,386.2083333333333,15.5,50.8,99.0,93.0,3.9,6.27742,2.0,4.9,19.65000003,30.95,31.0,30.85,30.816666666666663,29.65,-12.406963003333331,0.540740743333334,1.7486666666666677,5.407333333333333,8.084,19.16111113222222,5.806222222222224,5.110261,5.0479703,5.019224,5.0680633,5.017986,1,2.0,1,0.5,-0.79,18.1,81.9
2023-02-21 15:15:00,53.735628272222,0.0,0.0,19.65000003,8.084,29.65,0,5.1764362714980825,70.66250196097344,15,1,2,-0.7071067811865471,-0.7071067811865479,0.7818314824680298,0.6234898018587336,0.8660254037844386,0.5000000000000001,207.0,247.5,369.3958333333333,15.8,48.35,74.25,92.0,3.95,6.302931,1.725,5.125,19.42962964,30.35,30.95,31.0,30.85,29.5,-11.56600003,0.0870370266666675,0.927999999999999,7.156000000000001,7.011333333333334,19.41172843111111,6.882444444444445,5.017986,5.110261,5.0479703,5.019224,4.9283566,0,2.0,0,0.5,-0.77,17.6,82.4
2023-02-21 15:30:00,90.422494138886,37.9084836,37.920705327778,19.42962964,7.011333333333334,29.5,1,5.1764362714980825,70.66250196097344,15,1,2,-0.7071067811865471,-0.7071067811865479,0.7818314824680298,0.6234898018587336,0.8660254037844386,0.5000000000000001,206.0,220.5,351.0208333333333,16.1,45.9,49.5,91.0,4.0,6.3276234,1.45,5.35,19.17222222,29.65,30.35,30.95,31.0,29.5,-12.418296306666663,-0.2203703900000029,-1.0726666666666658,8.084,6.3293333333333335,19.547530891111112,7.417111111111112,4.9283566,5.017986,5.110261,5.0479703,4.8542256,0,2.0,1,0.5,-0.82,19.3,80.7
2023-02-21 15:45:00,165.695871933332,106.267693555556,106.288803894442,19.17222222,6.3293333333333335,29.5,2,5.1764362714980825,70.66250196097344,15,1,2,-0.7071067811865471,-0.7071067811865479,0.7818314824680298,0.6234898018587336,0.8660254037844386,0.5000000000000001,205.0,206.5,331.0833333333333,16.4,43.45,24.75,90.0,4.05,6.3514686,1.1749999999999998,5.575,19.174074056666665,29.5,29.65,30.35,30.95,29.316666666666663,-12.842888886666664,-0.2574074199999998,-0.6820000000000004,7.011333333333334,5.214666666666667,19.417283963333333,7.1415555555555565,4.8542256,4.9283566,5.017986,5.110261,4.8245854,0,2.0,1,0.5,-0.88,21.5,78.5
2023-02-21 16:00:00,57.330762161114,0.0,0.0,19.174074056666665,5.214666666666667,29.316666666666663,0,5.1764362714980825,70.66250196097344,16,1,2,-0.8660254037844385,-0.5000000000000004,0.7818314824680298,0.6234898018587336,0.8660254037844386,0.5000000000000001,204.0,205.5,309.5833333333333,16.7,41.0,0.0,89.0,4.1,6.374442,0.9,5.8,18.94444445,29.5,29.5,29.65,30.35,29.4,-13.95940739,0.0018518366666668,-1.1146666666666665,6.3293333333333335,4.261333333333334,19.25864197222222,6.185111111111112,4.8245854,4.8542256,4.9283566,5.017986,4.7732,1,2.0,1,0.5,-0.88,21.5,78.5
2023-02-21 16:15:00,128.495693333332,68.015334811112,68.030334194446,18.94444445,4.261333333333334,29.4,1,5.1764362714980825,70.66250196097344,16,1,2,-0.8660254037844385,-0.5000000000000004,0.7818314824680298,0.6234898018587336,0.8660254037844386,0.5000000000000001,237.0,213.0,291.7083333333333,17.425,41.1,17.75,85.75,3.325,6.051539,0.875,5.575,18.86666668,29.316666666666663,29.5,29.5,29.65,29.966666666666665,-14.683111116666666,-0.2296296066666663,-0.9533333333333333,5.214666666666667,3.8906666666666663,19.096913575555558,5.268444444444446,4.7732,4.8245854,4.8542256,4.9283566,4.842902,0,1.0,1,0.75,-0.94,23.5,76.5
2023-02-21 16:30:00,191.715664333336,136.018725683334,136.040947011112,18.86666668,3.8906666666666663,29.966666666666665,2,5.1764362714980825,70.66250196097344,16,1,2,-0.8660254037844385,-0.5000000000000004,0.7818314824680298,0.6234898018587336,0.8660254037844386,0.5000000000000001,270.0,229.0,277.4583333333333,18.15,41.2,35.5,82.5,2.55,5.736581,0.8500000000000001,5.35,19.12777776,29.4,29.316666666666663,29.5,29.5,29.65,-14.976000013333332,-0.0777777700000008,-0.3706666666666671,4.261333333333334,3.714,18.99506172888889,4.455555555555557,4.842902,4.7732,4.8245854,4.8542256,4.866142,0,1.0,1,0.75,-0.95,24.1,75.9
2023-02-21 16:45:00,100.495702211112,0.0,0.0,19.12777776,3.714,29.65,0,5.1764362714980825,70.66250196097344,16,1,2,-0.8660254037844385,-0.5000000000000004,0.7818314824680298,0.6234898018587336,0.8660254037844386,0.5000000000000001,303.0,253.5,266.8333333333333,18.875,41.3,53.24999999999999,79.25,1.775,5.429427,0.8250000000000001,5.125,18.881481446666665,29.966666666666665,29.4,29.316666666666663,29.5,29.683333333333334,-15.41377776,0.2611110800000027,-0.1766666666666667,3.8906666666666663,3.764,18.97962963,3.955333333333335,4.866142,4.842902,4.7732,4.8245854,4.8013134,1,2.0,1,0.5,-0.89,21.8,78.2
2023-02-21 17:00:00,170.248189899996,33.1853392,33.192005649997995,18.881481446666665,3.764,29.683333333333334,1,5.1764362714980825,70.66250196097344,17,1,2,-0.9659258262890684,-0.2588190451025206,0.7818314824680298,0.6234898018587336,0.8660254037844386,0.5000000000000001,336.0,286.5,259.8333333333333,19.6,41.4,71.0,76.0,1.0,5.1299343,0.8,4.9,18.75555554,29.65,29.966666666666665,29.4,29.316666666666663,29.95,-15.117481446666666,-0.2462963133333353,0.0500000000000002,3.714,3.8626666666666662,18.958641962222224,3.7895555555555567,4.8013134,4.866142,4.842902,4.7732,4.808526,0,1.0,1,0.75,-0.95,24.0,76.0
2023-02-21 17:15:00,196.379366711112,142.738456866668,142.76206703889,18.75555554,3.8626666666666662,29.95,2,5.1764362714980825,70.66250196097344,17,1,2,-0.9659258262890684,-0.2588190451025206,0.7818314824680298,0.6234898018587336,0.8660254037844386,0.5000000000000001,276.25,296.3125,252.27083333333331,19.0,40.95,65.25,77.5,0.9,5.0943875,0.625,4.5,19.012962986666665,29.683333333333334,29.65,29.966666666666665,29.4,29.35,-14.892888873333334,-0.1259259066666658,0.0986666666666664,3.764,3.8773333333333335,18.92160491555556,3.780222222222224,4.808526,4.8013134,4.866142,4.842902,4.784394,0,1.0,1,0.75,-0.98,25.2,74.8
2023-02-21 17:30:00,69.436667022216,0.0,0.0,19.012962986666665,3.8773333333333335,29.35,0,5.1764362714980825,70.66250196097344,17,1,2,-0.9659258262890684,-0.2588190451025206,0.7818314824680298,0.6234898018587336,0.8660254037844386,0.5000000000000001,216.5,282.9375,244.14583333333331,18.4,40.5,59.5,79.0,0.8,5.056745,0.45,4.1,18.78888888,29.95,29.683333333333334,29.65,29.966666666666665,29.35,-15.135629653333332,0.2574074466666651,0.0146666666666668,3.8626666666666662,3.740666666666667,18.883333324444447,3.834666666666669,4.784394,4.808526,4.8013134,4.866142,4.72149,1,2.0,1,0.5,-0.92,22.9,77.1
2023-02-21 17:45:00,63.50440430555,0.0,0.0,18.78888888,3.740666666666667,29.35,0,5.1764362714980825,70.66250196097344,17,1,2,-0.9659258262890684,-0.2588190451025206,0.7818314824680298,0.6234898018587336,0.8660254037844386,0.5000000000000001,156.75,246.375,235.45833333333331,17.8,40.05,53.75,80.5,0.7,5.017126,0.275,3.7,18.56666670666667,29.35,29.95,29.683333333333334,29.65,29.5,-15.048222213333332,-0.2240741066666665,-0.1366666666666667,3.8773333333333335,3.560666666666666,18.852469135555555,3.8268888888888895,4.72149,4.784394,4.808526,4.8013134,4.68363,0,2.0,0,0.5,-0.97,25.0,75.0
2023-02-21 18:00:00,160.189147827774,104.822473616666,104.841084038886,18.56666670666667,3.560666666666666,29.5,2,5.1764362714980825,70.66250196097344,18,1,2,-1.0,-1.8369701987210294e-16,0.7818314824680298,0.6234898018587336,0.8660254037844386,0.5000000000000001,97.0,186.625,226.20833333333331,17.2,39.6,48.0,82.0,0.6,4.975647,0.1,3.3,18.75555555,29.35,29.35,29.95,29.683333333333334,29.1,-15.006000040000004,-0.2222221733333285,-0.1800000000000001,3.740666666666667,3.448,18.789506191111112,3.726222222222223,4.68363,4.72149,4.784394,4.808526,4.672056,0,2.0,1,0.5,-1.02,27.1,72.9
2023-02-21 18:15:00,142.329306699996,76.764984811112,76.779428716666,18.75555555,3.448,29.1,2,5.1764362714980825,70.66250196097344,18,1,2,-1.0,-1.8369701987210294e-16,0.7818314824680298,0.6234898018587336,0.8660254037844386,0.5000000000000001,77.75,137.0,215.4375,17.15,38.8,54.75,79.25,-0.05,4.7686415,0.075,3.175,18.82407407,29.5,29.35,29.35,29.95,28.53333333333333,-15.30755555,0.1888888433333306,-0.1126666666666666,3.560666666666666,3.496,18.703703712222225,3.583111111111112,4.672056,4.68363,4.72149,4.784394,4.599671,0,2.0,0,0.5,-0.98,25.3,74.7
2023-02-21 18:30:00,84.661891238886,26.507550755556,26.517272633332,18.82407407,3.496,28.53333333333333,1,5.1764362714980825,70.66250196097344,18,1,2,-1.0,-1.8369701987210294e-16,0.7818314824680298,0.6234898018587336,0.8660254037844386,0.5000000000000001,58.5,97.5,203.14583333333331,17.1,38.0,61.5,76.5,-0.7000000000000001,4.5647044,0.05,3.05,18.666666650000003,29.1,29.5,29.35,29.35,28.6,-15.328074069999998,0.0685185199999978,0.048,3.448,3.4346666666666668,18.71543210888889,3.501555555555557,4.599671,4.672056,4.68363,4.72149,4.5677004,0,1.0,1,0.75,-0.97,24.8,75.2
2023-02-21 18:45:00,928.446471922216,134.646002844444,134.662113333332,18.666666650000003,3.4346666666666668,28.6,2,5.1764362714980825,70.66250196097344,18,1,2,-1.0,-1.8369701987210294e-16,0.7818314824680298,0.6234898018587336,0.8660254037844386,0.5000000000000001,39.25,68.125,189.33333333333331,17.05,37.2,68.25,73.75,-1.35,4.3638062,0.0249999999999999,2.925,18.81851848666667,28.53333333333333,29.1,29.5,29.35,29.25,-15.231999983333337,-0.1574074199999948,-0.0613333333333332,3.496,3.35,18.74876542333333,3.459555555555557,4.5677004,4.599671,4.672056,4.68363,4.713652,0,0.0,1,1.0,-1.0,26.3,73.7
2023-02-21 19:00:00,1175.007720027778,0.0,0.0,18.81851848666667,3.35,29.25,0,5.1764362714980825,70.66250196097344,19,1,2,-0.9659258262890684,0.2588190451025203,0.7818314824680298,0.6234898018587336,0.8660254037844386,0.5000000000000001,20.0,48.875,174.0,17.0,36.4,75.0,71.0,-2.0,4.1659107,0.0,2.8,18.666666650000003,28.6,28.53333333333333,29.1,29.5,28.8,-15.46851848666667,0.1518518366666654,-0.0846666666666666,3.4346666666666668,3.338,18.76975306888889,3.42688888888889,4.713652,4.5677004,4.599671,4.672056,4.599642,1,1.0,1,0.75,-0.97,24.7,75.3
2023-02-21 19:15:00,1319.877758411108,56.406910283334,56.4502419,18.666666650000003,3.338,28.8,1,5.1764362714980825,70.66250196097344,19,1,2,-0.9659258262890684,0.2588190451025203,0.7818314824680298,0.6234898018587336,0.8660254037844386,0.5000000000000001,15.0,33.1875,155.5,16.95,36.75,78.0,67.75,-2.8,3.928639,0.0,2.625,18.629629616666666,29.25,28.6,28.53333333333333,29.1,30.08333333333333,-15.328666650000002,-0.1518518366666654,-0.012,3.35,3.264,18.717283928888893,3.374222222222224,4.599642,4.713652,4.5677004,4.599671,4.7940817,0,1.0,1,0.75,-1.0,26.3,73.7
2023-02-21 19:30:00,367.880284233332,134.209075872222,134.256573988888,18.629629616666666,3.264,30.08333333333333,2,5.1764362714980825,70.66250196097344,19,1,2,-0.9659258262890684,0.2588190451025203,0.7818314824680298,0.6234898018587336,0.8660254037844386,0.5000000000000001,10.0,21.0625,133.83333333333334,16.9,37.1,81.0,64.5,-3.6,3.6962912,0.0,2.45,18.88888885,28.8,29.25,28.6,28.53333333333333,29.45,-15.365629616666666,-0.0370370333333376,-0.0739999999999998,3.338,3.183333333333333,18.704938251111116,3.3173333333333344,4.7940817,4.599642,4.713652,4.5677004,4.765656,0,1.0,1,0.75,-1.01,26.3,73.7
2023-02-21 19:45:00,140.116617311112,0.0,0.0,18.88888885,3.183333333333333,29.45,0,5.1764362714980825,70.66250196097344,19,1,2,-0.9659258262890684,0.2588190451025203,0.7818314824680298,0.6234898018587336,0.8660254037844386,0.5000000000000001,5.0,12.5,109.0,16.85,37.45,84.0,61.25,-4.4,3.4687958,0.0,2.275,18.65555554,30.08333333333333,28.8,29.25,28.6,28.816666666666663,-15.705555516666667,0.259259233333335,-0.0806666666666671,3.264,3.138,18.72839503888889,3.261777777777779,4.765656,4.7940817,4.599642,4.713652,4.599279,1,2.0,1,0.5,-0.95,24.0,76.0
2023-02-21 20:00:00,146.868013994442,29.841584055556,29.8746383,18.65555554,3.138,28.816666666666663,1,5.1764362714980825,70.66250196097344,20,1,2,-0.8660254037844386,0.5000000000000001,0.7818314824680298,0.6234898018587336,0.8660254037844386,0.5000000000000001,0.0,7.5,81.0,16.8,37.8,87.0,58.0,-5.2,3.2460802,0.0,2.1,18.49444442,29.45,30.08333333333333,28.8,29.25,28.85,-15.517555540000002,-0.233333309999999,-0.0453333333333332,3.183333333333333,3.008,18.72469133555556,3.195111111111112,4.599279,4.765656,4.7940817,4.599642,4.5608764,0,1.0,1,0.75,-1.01,26.4,73.6
2023-02-21 20:15:00,241.126465738886,135.9820605,136.01733683889,18.49444442,3.008,28.85,2,5.1764362714980825,70.66250196097344,20,1,2,-0.8660254037844386,0.5000000000000001,0.7818314824680298,0.6234898018587336,0.8660254037844386,0.5000000000000001,0.0,3.75,57.97916666666666,16.05,37.0,73.75,58.75,-5.425,3.2000663,0.0,1.7000000000000002,18.77592592333333,28.816666666666663,29.45,30.08333333333333,28.8,28.633333333333333,-15.486444419999998,-0.1611111200000046,-0.1299999999999999,3.138,2.873333333333333,18.679629603333336,3.109777777777779,4.5608764,4.599279,4.765656,4.7940817,4.602672,0,1.0,1,0.75,-1.04,27.9,72.1
2023-02-21 20:30:00,130.084518611112,20.3750183,20.399184,18.77592592333333,2.873333333333333,28.633333333333333,1,5.1764362714980825,70.66250196097344,20,1,2,-0.8660254037844386,0.5000000000000001,0.7818314824680298,0.6234898018587336,0.8660254037844386,0.5000000000000001,0.0,1.25,39.9375,15.3,36.2,60.5,59.5,-5.65,3.1539035,0.0,1.3,18.66111109,28.85,28.816666666666663,29.45,30.08333333333333,27.7,-15.90259259,0.2814815033333353,-0.1346666666666665,3.008,2.741333333333333,18.64197529444445,3.0064444444444454,4.602672,4.5608764,4.599279,4.765656,4.422508,0,1.0,1,0.75,-0.98,25.3,74.7
2023-02-21 20:45:00,841.690497633336,35.416638844444,35.445526572222,18.66111109,2.741333333333333,27.7,1,5.1764362714980825,70.66250196097344,20,1,2,-0.8660254037844386,0.5000000000000001,0.7818314824680298,0.6234898018587336,0.8660254037844386,0.5000000000000001,0.0,0.0,26.875,14.55,35.4,47.25,60.25,-5.875,3.1076272,0.0,0.8999999999999999,18.516666636666667,28.633333333333333,28.85,28.816666666666663,29.45,28.15,-15.919777756666669,-0.1148148333333303,-0.1320000000000005,2.873333333333333,2.6966666666666668,18.643827144444444,2.874222222222223,4.422508,4.602672,4.5608764,4.599279,4.4560776,0,0.0,0,1.0,-1.01,26.6,73.4
2023-02-21 21:00:00,254.317049011116,141.4226762,141.459063644444,18.516666636666667,2.6966666666666668,28.15,2,5.1764362714980825,70.66250196097344,21,1,2,-0.7071067811865477,0.7071067811865474,0.7818314824680298,0.6234898018587336,0.8660254037844386,0.5000000000000001,0.0,0.0,18.791666666666668,13.8,34.6,34.0,61.0,-6.1,3.0612733,0.0,0.5,18.78888889,27.7,28.633333333333333,28.85,28.816666666666663,28.1,-15.81999997,-0.1444444533333353,-0.0446666666666661,2.741333333333333,2.6766666666666667,18.65123455,2.7704444444444456,4.4560776,4.422508,4.602672,4.5608764,4.520405,0,0.0,1,1.0,-1.04,27.9,72.1
2023-02-21 21:15:00,125.05944192222,23.467116844444,23.491560283334,18.78888889,2.6766666666666667,28.1,1,5.1764362714980825,70.66250196097344,21,1,2,-0.7071067811865477,0.7071067811865474,0.7818314824680298,0.6234898018587336,0.8660254037844386,0.5000000000000001,0.0,0.0,12.3125,13.95,33.25,50.5,61.75,-6.05,3.083,0.0,0.425,18.67222222666667,28.15,27.7,28.633333333333333,28.85,27.53333333333333,-16.112222223333333,0.2722222533333323,-0.02,2.6966666666666668,2.6413333333333333,18.65555553888889,2.70488888888889,4.520405,4.4560776,4.422508,4.602672,4.3987885,0,0.0,1,1.0,-0.98,25.2,74.8
2023-02-21 21:30:00,511.101777344444,58.19544983889,58.226281955556,18.67222222666667,2.6413333333333333,27.53333333333333,1,5.1764362714980825,70.66250196097344,21,1,2,-0.7071067811865477,0.7071067811865474,0.7818314824680298,0.6234898018587336,0.8660254037844386,0.5000000000000001,0.0,0.0,7.4375,14.1,31.9,67.0,62.5,-6.0,3.1044128,0.0,0.35,18.61666667,28.1,28.15,27.7,28.633333333333333,27.8,-16.030888893333337,-0.1166666633333299,-0.0353333333333334,2.6766666666666667,2.516,18.659259251111116,2.671555555555557,4.3987885,4.520405,4.4560776,4.422508,4.4268126,0,0.0,0,1.0,-1.01,26.5,73.5
2023-02-21 21:45:00,242.94639275556,117.435024627778,117.468634383334,18.61666667,2.516,27.8,2,5.1764362714980825,70.66250196097344,21,1,2,-0.7071067811865477,0.7071067811865474,0.7818314824680298,0.6234898018587336,0.8660254037844386,0.5000000000000001,0.0,0.0,4.166666666666667,14.25,30.55,83.5,63.25,-5.95,3.1255143,0.0,0.275,18.79814813666667,27.53333333333333,28.1,28.15,27.7,27.9,-16.100666669999995,-0.0555555566666718,-0.1253333333333333,2.6413333333333333,2.4033333333333338,18.69259259555556,2.6113333333333344,4.4268126,4.3987885,4.520405,4.4560776,4.490688,0,0.0,1,1.0,-1.02,27.0,73.0
2023-02-21 22:00:00,127.835441861114,0.0,0.0,18.79814813666667,2.4033333333333338,27.9,0,5.1764362714980825,70.66250196097344,22,1,2,-0.5000000000000004,0.8660254037844384,0.7818314824680298,0.6234898018587336,0.8660254037844386,0.5000000000000001,0.0,0.0,2.5,14.4,29.2,100.0,64.0,-5.9,3.1463063,0.0,0.2,18.69444447,27.8,27.53333333333333,28.1,28.15,29.25,-16.394814803333336,0.1814814666666713,-0.1126666666666662,2.516,2.374,18.695679011111118,2.520222222222224,4.490688,4.4268126,4.3987885,4.520405,4.6791954,1,1.0,1,0.75,-0.98,25.2,74.8
2023-02-21 22:15:00,134.750998627778,0.0,0.0,18.69444447,2.374,29.25,0,5.1764362714980825,70.66250196097344,22,1,2,-0.5000000000000004,0.8660254037844384,0.7818314824680298,0.6234898018587336,0.8660254037844386,0.5000000000000001,0.0,0.0,1.25,15.3,31.45,96.75,62.75,-5.95,3.1275535,0.0,0.4,18.57407407,27.9,27.8,27.53333333333333,28.1,29.6,-16.32044447,-0.1037036666666679,-0.0293333333333336,2.4033333333333338,2.280666666666667,18.703086425555554,2.4311111111111128,4.6791954,4.490688,4.4268126,4.3987885,4.701569,0,2.0,0,0.5,-0.99,25.9,74.1
2023-02-21 22:30:00,153.736072511112,0.0,0.0,18.57407407,2.280666666666667,29.6,0,5.1764362714980825,70.66250196097344,22,1,2,-0.5000000000000004,0.8660254037844384,0.7818314824680298,0.6234898018587336,0.8660254037844386,0.5000000000000001,0.0,0.0,0.4166666666666667,16.2,33.7,93.5,61.5,-6.0,3.107606,0.0,0.6000000000000001,18.41111112,29.25,27.9,27.8,27.53333333333333,28.65,-16.293407403333333,-0.1203704000000023,-0.0933333333333332,2.374,2.1820000000000004,18.688888892222224,2.352666666666668,4.701569,4.6791954,4.490688,4.4268126,4.5069427,0,3.0,0,0.25,-1.02,27.0,73.0
2023-02-21 22:45:00,114.795963527778,0.0,0.0,18.41111112,2.1820000000000004,28.65,0,5.1764362714980825,70.66250196097344,22,1,2,-0.5000000000000004,0.8660254037844384,0.7818314824680298,0.6234898018587336,0.8660254037844386,0.5000000000000001,0.0,0.0,0.0,17.1,35.95,90.25,60.25,-6.05,3.0864394,0.0,0.8,18.26481482,29.6,29.25,27.9,27.8,28.5,-16.22911112,-0.1629629500000007,-0.0986666666666664,2.280666666666667,2.0113333333333334,18.559876553333336,2.2788888888888903,4.5069427,4.701569,4.6791954,4.490688,4.444601,0,4.0,0,0.0,-1.06,28.8,71.2
2023-02-21 23:00:00,163.95677463334,78.776293272222,78.815736144444,18.26481482,2.0113333333333334,28.5,2,5.1764362714980825,70.66250196097344,23,1,2,-0.2588190451025215,0.965925826289068,0.7818314824680298,0.6234898018587336,0.8660254037844386,0.5000000000000001,0.0,0.0,0.0,18.0,38.2,87.0,59.0,-6.1,3.0640256,0.0,1.0,18.39444441,28.65,29.6,29.25,27.9,28.4,-16.25348148666667,-0.1462962999999959,-0.1706666666666669,2.1820000000000004,1.926,18.41666667,2.1580000000000013,4.444601,4.5069427,4.701569,4.6791954,4.4632015,0,3.0,1,0.25,-1.1,30.4,69.6
2023-02-21 23:15:00,144.723933077776,58.897366244444,58.933198177776,18.39444441,1.926,28.4,1,5.1764362714980825,70.66250196097344,23,1,2,-0.2588190451025215,0.965925826289068,0.7818314824680298,0.6234898018587336,0.8660254037844386,0.5000000000000001,0.0,0.0,0.0,17.675,38.375,87.75,59.25,-6.25,3.035212,0.0,0.8,18.538888863333334,28.5,28.65,29.6,29.25,27.383333333333333,-16.46844441,0.1296295899999968,-0.0853333333333334,2.0113333333333334,1.8693333333333333,18.356790116666662,2.039777777777779,4.4632015,4.444601,4.5069427,4.701569,4.340427,0,2.0,1,0.5,-1.07,29.1,70.9
2023-02-21 23:30:00,370.14713802222,14.264429416666,14.272484644444,18.538888863333334,1.8693333333333333,27.383333333333333,1,5.1764362714980825,70.66250196097344,23,1,2,-0.2588190451025215,0.965925826289068,0.7818314824680298,0.6234898018587336,0.8660254037844386,0.5000000000000001,0.0,0.0,0.0,17.35,38.55,88.5,59.5,-6.4,3.0065455,0.0,0.6,18.35,28.4,28.5,28.65,29.6,27.35,-16.66955553,0.1444444533333353,-0.0566666666666666,1.926,1.82,18.399382697777774,1.9355555555555568,4.340427,4.4632015,4.444601,4.5069427,4.286873,0,1.0,0,0.75,-1.04,27.8,72.2
2023-02-21 23:45:00,191.693998666664,121.988731355556,122.0076195,18.35,1.82,27.35,2,5.1764362714980825,70.66250196097344,23,1,2,-0.2588190451025215,0.965925826289068,0.7818314824680298,0.6234898018587336,0.8660254037844386,0.5000000000000001,0.0,0.0,0.0,17.025,38.725,89.25,59.75,-6.55,2.9780293,0.0,0.3999999999999999,18.52592592333333,27.383333333333333,28.4,28.5,28.65,27.316666666666663,-16.53,-0.1888888633333323,-0.0493333333333332,1.8693333333333333,1.81,18.42777775777778,1.8717777777777789,4.286873,4.340427,4.4632015,4.444601,4.326536,0,0.0,1,1.0,-1.08,29.7,70.3
2023-02-22 00:00:00,54.72419969445,0.0,0.0,18.52592592333333,1.81,27.316666666666663,0,5.1764362714980825,70.66250196097344,0,2,2,0.0,1.0,0.9749279121818236,-0.2225209339563143,0.8660254037844386,0.5000000000000001,0.0,0.0,0.0,16.7,38.9,90.0,60.0,-6.7,2.9496624,0.0,0.2,18.45555556,27.35,27.383333333333333,28.4,28.5,27.05,-16.715925923333334,0.175925923333331,-0.01,1.82,1.81,18.47160492888889,1.833111111111112,4.326536,4.286873,4.340427,4.4632015,4.2664714,1,1.0,1,0.75,-1.04,28.0,72.0
2023-02-22 00:15:00,113.302967683334,71.192429972222,71.209373727778,18.45555556,1.81,27.05,2,5.1764362714980825,70.66250196097344,0,2,2,0.0,1.0,0.9749279121818236,-0.2225209339563143,0.8660254037844386,0.5000000000000001,0.0,0.0,0.0,16.25,38.075,76.0,60.25,-6.7,2.9517808,0.0,0.15,18.49074076,27.316666666666663,27.35,27.383333333333333,28.4,27.28333333333333,-16.645555560000002,-0.0703703633333319,0.0,1.81,1.7086666666666666,18.443827161111116,1.8133333333333344,4.2664714,4.326536,4.286873,4.340427,4.3122573,0,1.0,1,0.75,-1.06,28.7,71.3
2023-02-22 00:30:00,134.7071115,80.983149444444,81.000926516666,18.49074076,1.7086666666666666,27.28333333333333,2,5.1764362714980825,70.66250196097344,0,2,2,0.0,1.0,0.9749279121818236,-0.2225209339563143,0.8660254037844386,0.5000000000000001,0.0,0.0,0.0,15.8,37.25,62.0,60.5,-6.7,2.9538448,0.0,0.1,18.605555560000003,27.05,27.316666666666663,27.35,27.383333333333333,26.65,-16.782074093333335,0.0351852000000008,-0.1013333333333335,1.81,1.74,18.49074074777778,1.7762222222222237,4.3122573,4.2664714,4.326536,4.286873,4.2408986,0,1.0,0,0.75,-1.05,28.3,71.7
2023-02-22 00:45:00,71.226595272222,0.0,0.0,18.605555560000003,1.74,26.65,0,5.1764362714980825,70.66250196097344,0,2,2,0.0,1.0,0.9749279121818236,-0.2225209339563143,0.8660254037844386,0.5000000000000001,0.0,0.0,0.0,15.35,36.425,48.0,60.75,-6.7,2.9558563,0.0,0.0499999999999999,18.383333326666666,27.28333333333333,27.05,27.316666666666663,27.35,26.683333333333334,-16.865555560000004,0.1148148000000013,0.0313333333333334,1.7086666666666666,1.7306666666666668,18.51728396,1.75288888888889,4.2408986,4.3122573,4.2664714,4.326536,4.1906567,1,2.0,1,0.5,-1.03,27.3,72.7
2023-02-22 01:00:00,147.484378255552,101.5867697,101.60815776111,18.383333326666666,1.7306666666666668,26.683333333333334,2,5.1764362714980825,70.66250196097344,1,2,2,0.2588190451025207,0.9659258262890684,0.9749279121818236,-0.2225209339563143,0.8660254037844386,0.5000000000000001,0.0,0.0,0.0,14.9,35.6,34.0,61.0,-6.7,2.9578142,0.0,-0.0,18.49444446,26.65,27.28333333333333,27.05,27.316666666666663,26.95,-16.652666659999998,-0.222222233333337,-0.0093333333333331,1.74,1.65,18.493209882222228,1.7264444444444456,4.1906567,4.2408986,4.3122573,4.2664714,4.260507,0,1.0,1,0.75,-1.08,29.6,70.4
2023-02-22 01:15:00,130.12701696111,80.121517244444,80.139572088888,18.49444446,1.65,26.95,2,5.1764362714980825,70.66250196097344,1,2,2,0.2588190451025207,0.9659258262890684,0.9749279121818236,-0.2225209339563143,0.8660254037844386,0.5000000000000001,0.0,0.0,0.0,14.625,34.525,50.25,62.0,-6.75,2.949808,0.0,-0.275,18.525925926666662,26.683333333333334,26.65,27.28333333333333,27.05,26.35,-16.844444460000002,0.1111111333333347,-0.0806666666666668,1.7306666666666668,1.604,18.49444444888889,1.70688888888889,4.260507,4.1906567,4.2408986,4.3122573,4.173431,0,1.0,0,0.75,-1.05,28.4,71.6
2023-02-22 01:30:00,87.4481686,36.753807555556,36.766584827778,18.525925926666662,1.604,26.35,1,5.1764362714980825,70.66250196097344,1,2,2,0.2588190451025207,0.9659258262890684,0.9749279121818236,-0.2225209339563143,0.8660254037844386,0.5000000000000001,0.0,0.0,0.0,14.35,33.45,66.5,63.0,-6.800000000000001,2.940927,0.0,-0.55,18.41666668,26.95,26.683333333333334,26.65,27.28333333333333,26.35,-16.921925926666667,0.0314814666666656,-0.0459999999999998,1.65,1.5733333333333337,18.467901237777777,1.6615555555555568,4.173431,4.260507,4.1906567,4.2408986,4.146494,0,1.0,1,0.75,-1.05,28.2,71.8
2023-02-22 01:45:00,186.885579794446,126.195229722224,126.217451066668,18.41666668,1.5733333333333337,26.35,2,5.1764362714980825,70.66250196097344,1,2,2,0.2588190451025207,0.9659258262890684,0.9749279121818236,-0.2225209339563143,0.8660254037844386,0.5000000000000001,0.0,0.0,0.0,14.075,32.375,82.75,64.0,-6.8500000000000005,2.9312053,0.0,-0.8250000000000001,18.627777793333333,26.35,26.95,26.683333333333334,26.65,26.316666666666663,-16.843333346666665,-0.1092592466666673,-0.0306666666666666,1.604,1.5453333333333332,18.47901235555556,1.6091111111111125,4.146494,4.173431,4.260507,4.1906567,4.193366,0,0.0,1,1.0,-1.07,29.3,70.7
2023-02-22 02:00:00,59.034027444444,0.0,0.0,18.627777793333333,1.5453333333333332,26.316666666666663,0,5.1764362714980825,70.66250196097344,2,2,2,0.4999999999999999,0.8660254037844387,0.9749279121818236,-0.2225209339563143,0.8660254037844386,0.5000000000000001,0.0,0.0,0.0,13.8,31.3,99.0,65.0,-6.9,2.9206715,0.0,-1.1,18.45555556,26.35,26.35,26.95,26.683333333333334,26.05,-17.08244446,0.2111111133333345,-0.0280000000000002,1.5733333333333337,1.3513333333333333,18.5234568,1.5742222222222235,4.193366,4.146494,4.173431,4.260507,4.1087456,1,1.0,1,0.75,-1.03,27.2,72.8
2023-02-22 02:15:00,131.520572316666,85.135205555556,85.154371488888,18.45555556,1.3513333333333333,26.05,2,5.1764362714980825,70.66250196097344,2,2,2,0.4999999999999999,0.8660254037844387,0.9749279121818236,-0.2225209339563143,0.8660254037844386,0.5000000000000001,0.0,0.0,0.0,13.675,30.5,99.25,65.75,-6.775,2.9492388,0.0,-1.125,18.49074076,26.316666666666663,26.35,26.35,26.95,26.28333333333333,-17.104222226666668,-0.1722222333333327,-0.1939999999999999,1.5453333333333332,1.244,18.500000011111112,1.490000000000001,4.1087456,4.193366,4.146494,4.173431,4.1542025,0,1.0,1,0.75,-1.07,29.0,71.0
2023-02-22 02:30:00,105.89659721667,64.030772016666,64.047715772222,18.49074076,1.244,26.28333333333333,1,5.1764362714980825,70.66250196097344,2,2,2,0.4999999999999999,0.8660254037844387,0.9749279121818236,-0.2225209339563143,0.8660254037844386,0.5000000000000001,0.0,0.0,0.0,13.55,29.700000000000003,99.5,66.5,-6.65,2.9776964,0.0,-1.15,18.5666667,26.05,26.316666666666663,26.35,26.35,25.7,-17.24674076,0.0351852000000008,-0.1073333333333332,1.3513333333333333,1.244,18.524691371111118,1.3802222222222231,4.1542025,4.1087456,4.193366,4.146494,4.080315,0,1.0,1,0.75,-1.06,28.6,71.4
2023-02-22 02:45:00,98.221348788888,34.359181127778,34.3711251,18.5666667,1.244,25.7,1,5.1764362714980825,70.66250196097344,2,2,2,0.4999999999999999,0.8660254037844387,0.9749279121818236,-0.2225209339563143,0.8660254037844386,0.5000000000000001,0.0,0.0,0.0,13.425,28.9,99.75,67.25,-6.525,3.006045,0.0,-1.175,18.40925924333333,26.28333333333333,26.05,26.316666666666663,26.35,25.966666666666665,-17.3226667,0.0759259399999976,0.0,1.244,1.1053333333333335,18.504321006666668,1.279777777777779,4.080315,4.1542025,4.1087456,4.193366,4.084378,0,1.0,0,0.75,-1.04,27.9,72.1
2023-02-22 03:00:00,173.127241283334,123.054799827778,123.077298944444,18.40925924333333,1.1053333333333335,25.966666666666665,2,5.1764362714980825,70.66250196097344,3,2,2,0.7071067811865476,0.7071067811865476,0.9749279121818236,-0.2225209339563143,0.8660254037844386,0.5000000000000001,0.0,0.0,0.0,13.3,28.1,100.0,68.0,-6.4,3.034285,0.0,-1.2,18.59444446,25.7,26.28333333333333,26.05,26.316666666666663,25.65,-17.30392591,-0.1574074566666645,-0.1386666666666665,1.244,1.0,18.488888901111117,1.1977777777777792,4.084378,4.080315,4.1542025,4.1087456,4.079081,0,0.0,1,1.0,-1.08,29.5,70.5
2023-02-22 03:15:00,46.435086922224,0.0,0.0,18.59444446,1.0,25.65,0,5.1764362714980825,70.66250196097344,3,2,2,0.7071067811865476,0.7071067811865476,0.9749279121818236,-0.2225209339563143,0.8660254037844386,0.5000000000000001,0.0,0.0,0.0,12.5,28.1,100.0,68.5,-6.2,3.077938,0.0,-1.1,18.418518483333333,25.966666666666665,25.7,26.28333333333333,26.05,25.5,-17.59444446,0.1851852166666638,-0.1053333333333335,1.1053333333333335,0.88,18.523456801111116,1.1164444444444457,4.079081,4.084378,4.080315,4.1542025,4.013177,1,1.0,1,0.75,-1.04,27.7,72.3
2023-02-22 03:30:00,138.000313149998,86.774306655556,86.792361516666,18.418518483333333,0.88,25.5,2,5.1764362714980825,70.66250196097344,3,2,2,0.7071067811865476,0.7071067811865476,0.9749279121818236,-0.2225209339563143,0.8660254037844386,0.5000000000000001,0.0,0.0,0.0,11.7,28.1,100.0,69.0,-6.0,3.122035,0.0,-1.0,18.50000002,25.65,25.966666666666665,25.7,26.28333333333333,25.75,-17.538518483333334,-0.1759259766666652,-0.12,1.0,0.7593333333333334,18.474074062222225,0.9951111111111124,4.013177,4.079081,4.084378,4.080315,4.0721397,0,1.0,1,0.75,-1.08,29.5,70.5
2023-02-22 03:45:00,124.553906527778,68.295601383334,68.31282296111,18.50000002,0.7593333333333334,25.75,1,5.1764362714980825,70.66250196097344,3,2,2,0.7071067811865476,0.7071067811865476,0.9749279121818236,-0.2225209339563143,0.8660254037844386,0.5000000000000001,0.0,0.0,0.0,10.9,28.1,100.0,69.5,-5.8,3.1665773,0.0,-0.9,18.57777778333333,25.5,25.65,25.966666666666665,25.7,25.066666666666663,-17.740666686666668,0.0814815366666685,-0.1206666666666665,0.88,0.6519999999999999,18.504320987777778,0.879777777777779,4.0721397,4.013177,4.079081,4.084378,3.982382,0,1.0,1,0.75,-1.06,28.6,71.4
2023-02-22 04:00:00,76.772762349998,24.832062244444,24.8440062,18.57777778333333,0.6519999999999999,25.066666666666663,1,5.1764362714980825,70.66250196097344,4,2,2,0.8660254037844386,0.5000000000000001,0.9749279121818236,-0.2225209339563143,0.8660254037844386,0.5000000000000001,0.0,0.0,0.0,10.1,28.1,100.0,70.0,-5.6,3.211571,0.0,-0.8,18.43333333,25.75,25.5,25.65,25.966666666666665,25.35,-17.92577778333333,0.07777776333333,-0.1073333333333335,0.7593333333333334,0.5493333333333333,18.49876542888889,0.7637777777777789,3.982382,4.0721397,4.013177,4.079081,3.993076,0,1.0,0,0.75,-1.04,28.0,72.0
2023-02-22 04:15:00,180.584165294442,128.025989888888,128.049044533332,18.43333333,0.5493333333333333,25.35,2,5.1764362714980825,70.66250196097344,4,2,2,0.8660254037844386,0.5000000000000001,0.9749279121818236,-0.2225209339563143,0.8660254037844386,0.5000000000000001,0.0,0.0,0.0,9.6,26.375,100.0,70.25,-5.625,3.2007494,0.0,-0.9,18.627777793333333,25.066666666666663,25.75,25.5,25.65,25.316666666666663,-17.883999996666667,-0.1444444533333317,-0.1026666666666665,0.6519999999999999,0.588,18.50370371111111,0.6535555555555568,3.993076,3.982382,4.0721397,4.013177,4.034024,0,0.0,1,1.0,-1.07,29.4,70.6
2023-02-22 04:30:00,46.512028327778,0.0,0.0,18.627777793333333,0.588,25.316666666666663,0,5.1764362714980825,70.66250196097344,4,2,2,0.8660254037844386,0.5000000000000001,0.9749279121818236,-0.2225209339563143,0.8660254037844386,0.5000000000000001,0.0,0.0,0.0,9.1,24.65,100.0,70.5,-5.65,3.189905,0.0,-1.0,18.46666667,25.35,25.066666666666663,25.75,25.5,25.05,-18.03977779333333,0.1944444633333333,0.0386666666666666,0.5493333333333333,0.4773333333333333,18.54629630222222,0.5964444444444457,4.034024,3.993076,3.982382,4.0721397,3.9536235,1,1.0,1,0.75,-1.03,27.4,72.6
2023-02-22 04:45:00,160.617186172222,111.192774344444,111.214717949998,18.46666667,0.4773333333333333,25.05,2,5.1764362714980825,70.66250196097344,4,2,2,0.8660254037844386,0.5000000000000001,0.9749279121818236,-0.2225209339563143,0.8660254037844386,0.5000000000000001,0.0,0.0,0.0,8.6,22.925,100.0,70.75,-5.675,3.1790383,0.0,-1.1,18.574074066666665,25.316666666666663,25.35,25.066666666666663,25.75,25.28333333333333,-17.989333336666665,-0.1611111233333346,-0.1106666666666666,0.588,0.3146666666666667,18.509259264444445,0.5382222222222234,3.9536235,4.034024,3.993076,3.982382,4.0159235,0,1.0,1,0.75,-1.07,29.1,70.9
2023-02-22 05:00:00,109.075636833332,47.29949686111,47.312274133332,18.574074066666665,0.3146666666666667,25.28333333333333,1,5.1764362714980825,70.66250196097344,5,2,2,0.9659258262890684,0.2588190451025207,0.9749279121818236,-0.2225209339563143,0.8660254037844386,0.5000000000000001,0.0,0.0,0.0,8.1,21.2,100.0,71.0,-5.7,3.1681504,0.0,-1.2,18.54444444,25.05,25.316666666666663,25.35,25.066666666666663,24.7,-18.2594074,0.1074073966666659,-0.1626666666666666,0.4773333333333333,0.358,18.55617284333333,0.4600000000000011,4.0159235,3.9536235,4.034024,3.993076,3.9163914,0,1.0,1,0.75,-1.04,28.0,72.0
2023-02-22 05:15:00,78.407419111112,38.132085722224,38.147362911112,18.54444444,0.358,24.7,1,5.1764362714980825,70.66250196097344,5,2,2,0.9659258262890684,0.2588190451025207,0.9749279121818236,-0.2225209339563143,0.8660254037844386,0.5000000000000001,0.0,0.0,0.0,8.0,20.3,100.0,71.0,-5.875,3.140689,0.0,-1.325,18.3537037,25.28333333333333,25.05,25.316666666666663,25.35,24.966666666666665,-18.18644444,-0.0296296266666651,0.0433333333333332,0.3146666666666667,0.4573333333333333,18.52839505888889,0.3833333333333344,3.9163914,4.0159235,3.9536235,4.034024,3.914167,0,1.0,0,0.75,-1.05,28.4,71.6
2023-02-22 05:30:00,159.541951383334,119.730488355556,119.753542983334,18.3537037,0.4573333333333333,24.966666666666665,2,5.1764362714980825,70.66250196097344,5,2,2,0.9659258262890684,0.2588190451025207,0.9749279121818236,-0.2225209339563143,0.8660254037844386,0.5000000000000001,0.0,0.0,0.0,7.9,19.4,100.0,71.0,-6.050000000000001,3.1134362,0.0,-1.45,18.57777778,24.7,25.28333333333333,25.05,25.316666666666663,24.65,-17.896370366666662,-0.1907407400000025,0.0993333333333333,0.358,0.428,18.49074073555556,0.3766666666666678,3.914167,3.9163914,4.0159235,3.9536235,3.916185,0,0.0,1,1.0,-1.09,30.3,69.7
2023-02-22 05:45:00,59.327904555556,0.0,0.0,18.57777778,0.428,24.65,0,5.1764362714980825,70.66250196097344,5,2,2,0.9659258262890684,0.2588190451025207,0.9749279121818236,-0.2225209339563143,0.8660254037844386,0.5000000000000001,0.0,0.0,0.0,7.8,18.5,100.0,71.0,-6.2250000000000005,3.0863917,0.0,-1.575,18.418518483333333,24.966666666666665,24.7,25.28333333333333,25.05,24.683333333333334,-18.14977778,0.2240740800000047,-0.0293333333333333,0.4573333333333333,0.1013333333333333,18.491975306666667,0.4144444444444456,3.916185,3.914167,3.9163914,4.0159235,3.88465,1,1.0,1,0.75,-1.05,28.1,71.9
2023-02-22 06:00:00,156.906223383338,102.313129544444,102.332573183334,18.418518483333333,0.1013333333333333,24.683333333333334,2,5.1764362714980825,70.66250196097344,6,2,2,1.0,6.123233995736766e-17,0.9749279121818236,-0.2225209339563143,0.8660254037844386,0.5000000000000001,0.0,0.0,0.0,7.7,17.6,100.0,71.0,-6.4,3.0595534,0.0,-1.7,18.49444446,24.65,24.966666666666665,24.7,25.28333333333333,24.6,-18.31718515,-0.1592592966666686,-0.3266666666666666,0.428,-0.124,18.449999987777776,0.32888888888889,3.88465,3.916185,3.914167,3.9163914,3.888997,0,1.0,1,0.75,-1.08,29.7,70.3
2023-02-22 06:15:00,97.7519231,58.048789072222,58.066288405554005,18.49444446,-0.124,24.6,1,5.1764362714980825,70.66250196097344,6,2,2,1.0,6.123233995736766e-17,0.9749279121818236,-0.2225209339563143,0.8660254037844386,0.5000000000000001,0.0,0.0,0.0,7.25,16.8,99.75,71.25,-6.375,3.0542653,0.0,-1.775,18.50555554,24.683333333333334,24.65,24.966666666666665,24.7,24.216666666666665,-18.61844446,0.0759259766666673,-0.2253333333333333,0.1013333333333333,-0.1366666666666666,18.496913574444445,0.1351111111111123,3.888997,3.88465,3.916185,3.914167,3.8309178,0,1.0,1,0.75,-1.06,28.9,71.1
2023-02-22 06:30:00,369.641602727774,55.113350927778,55.128905872222,18.50555554,-0.1366666666666666,24.216666666666665,1,5.1764362714980825,70.66250196097344,6,2,2,1.0,6.123233995736766e-17,0.9749279121818236,-0.2225209339563143,0.8660254037844386,0.5000000000000001,0.0,0.0,0.0,6.8,16.0,99.5,71.5,-6.35,3.048939,0.0,-1.85,18.4333333,24.6,24.683333333333334,24.65,24.966666666666665,24.45,-18.642222206666663,0.0111110799999991,-0.0126666666666666,-0.124,-0.0213333333333333,18.472839494444447,-0.0531111111111099,3.8309178,3.888997,3.88465,3.916185,3.8513098,0,1.0,0,0.75,-1.06,28.9,71.1
2023-02-22 06:45:00,151.60615776111,109.695889772222,109.717555572222,18.4333333,-0.0213333333333333,24.45,2,5.1764362714980825,70.66250196097344,6,2,2,1.0,6.123233995736766e-17,0.9749279121818236,-0.2225209339563143,0.8660254037844386,0.5000000000000001,0.0,0.0,0.0,6.3500000000000005,15.2,99.25,71.75,-6.325,3.0435748,0.0,-1.925,18.590740756666666,24.216666666666665,24.6,24.683333333333334,24.65,24.03333333333333,-18.454666633333336,-0.0722222399999985,0.1153333333333333,-0.1366666666666666,-0.146,18.477777766666662,-0.0939999999999988,3.8513098,3.8309178,3.888997,3.88465,3.821147,0,0.0,1,1.0,-1.08,29.6,70.4
2023-02-22 07:00:00,60.753125294446,0.0,0.0,18.590740756666666,-0.146,24.03333333333333,0,5.1764362714980825,70.66250196097344,7,2,2,0.9659258262890684,-0.2588190451025206,0.9749279121818236,-0.2225209339563143,0.8660254037844386,0.5000000000000001,0.0,0.0,0.0,5.9,14.4,99.0,72.0,-6.3,3.038173,0.0,-2.0,18.36111112,24.45,24.216666666666665,24.6,24.683333333333334,24.05,-18.736740756666663,0.1574074566666645,-0.1246666666666666,-0.0213333333333333,-0.0473333333333333,18.509876532222226,-0.1013333333333321,3.821147,3.8513098,3.8309178,3.888997,3.7721124,1,1.0,1,0.75,-1.05,28.1,71.9
2023-02-22 07:15:00,164.950346105558,112.442446555556,112.464390127778,18.36111112,-0.0473333333333333,24.05,2,5.1764362714980825,70.66250196097344,7,2,2,0.9659258262890684,-0.2588190451025206,0.9749279121818236,-0.2225209339563143,0.8660254037844386,0.5000000000000001,0.0,0.0,0.0,5.550000000000001,13.5,97.5,70.5,-6.45,3.0062969,0.0,-1.85,18.514814803333334,24.03333333333333,24.45,24.216666666666665,24.6,24.28333333333333,-18.40844445333333,-0.2296296366666652,0.0986666666666666,-0.146,-0.064,18.461728392222224,-0.0715555555555543,3.7721124,3.821147,3.8513098,3.8309178,3.8435721,0,1.0,1,0.75,-1.1,30.4,69.6
2023-02-22 07:30:00,96.69141002222,56.660789044444,56.678566116666,18.514814803333334,-0.064,24.28333333333333,1,5.1764362714980825,70.66250196097344,7,2,2,0.9659258262890684,-0.2588190451025206,0.9749279121818236,-0.2225209339563143,0.8660254037844386,0.5000000000000001,0.0,0.0,0.0,5.2,12.6,96.0,69.0,-6.6,2.9733686,0.0,-1.7,18.53333334,24.05,24.03333333333333,24.45,24.216666666666665,23.7,-18.578814803333334,0.1537036833333331,-0.0166666666666666,-0.0473333333333333,0.1113333333333333,18.488888893333336,-0.0857777777777765,3.8435721,3.7721124,3.821147,3.8513098,3.7553596,0,1.0,1,0.75,-1.06,28.8,71.2
2023-02-22 07:45:00,88.24063706666,48.354454627778,48.370842872222,18.53333334,0.1113333333333333,23.7,1,5.1764362714980825,70.66250196097344,7,2,2,0.9659258262890684,-0.2588190451025206,0.9749279121818236,-0.2225209339563143,0.8660254037844386,0.5000000000000001,0.0,0.0,0.0,4.85,11.7,94.5,67.5,-6.75,2.9393718,0.0,-1.5499999999999998,18.405555536666668,24.28333333333333,24.05,24.03333333333333,24.45,23.966666666666665,-18.422000006666668,0.0185185366666686,0.1753333333333333,-0.064,0.044,18.46975308777778,1.1796119636642288e-15,3.7553596,3.8435721,3.7721124,3.821147,3.7689638,0,1.0,0,0.75,-1.06,28.7,71.3
2023-02-22 08:00:00,172.282552955552,108.437606772222,108.459828149998,18.405555536666668,0.044,23.966666666666665,2,5.1764362714980825,70.66250196097344,8,2,2,0.8660254037844387,-0.4999999999999998,0.9749279121818236,-0.2225209339563143,0.8660254037844386,0.5000000000000001,0.0,0.0,0.0,4.5,10.8,93.0,66.0,-6.9,2.904291,0.0,-1.4,18.55555555,23.7,24.28333333333333,24.05,24.03333333333333,23.65,-18.361555536666668,-0.1277778033333341,-0.0673333333333333,0.1113333333333333,0.154,18.48456789333333,0.0304444444444456,3.7689638,3.7553596,3.8435721,3.7721124,3.7523732,0,0.0,1,1.0,-1.09,30.0,70.0
2023-02-22 08:15:00,50.03244312222,0.0,0.0,18.55555555,0.154,23.65,0,5.1764362714980825,70.66250196097344,8,2,2,0.8660254037844387,-0.4999999999999998,0.9749279121818236,-0.2225209339563143,0.8660254037844386,0.5000000000000001,9.5,2.375,0.7916666666666666,4.425,10.9,94.75,65.0,-6.925000000000001,2.9004192,0.0,-1.2,18.362962976666665,23.966666666666665,23.7,24.28333333333333,24.05,23.683333333333334,-18.40155555,0.150000013333333,0.11,0.044,0.368,18.498148142222224,0.1031111111111123,3.7523732,3.7689638,3.7553596,3.8435721,3.7150106,1,1.0,1,0.75,-1.06,28.5,71.5
2023-02-22 08:30:00,137.031185150002,96.998619916666,97.018896855556,18.362962976666665,0.368,23.683333333333334,2,5.1764362714980825,70.66250196097344,8,2,2,0.8660254037844387,-0.4999999999999998,0.9749279121818236,-0.2225209339563143,0.8660254037844386,0.5000000000000001,19.0,7.125,2.375,4.35,11.0,96.5,64.0,-6.95,2.8958006,0.0,-1.0,18.44444445,23.65,23.966666666666665,23.7,24.28333333333333,23.95,-17.994962976666667,-0.1925925733333358,0.214,0.154,0.5193333333333333,18.441358021111117,0.1886666666666678,3.7150106,3.7523732,3.7689638,3.7553596,3.7750356,0,1.0,1,0.75,-1.1,30.5,69.5
2023-02-22 08:45:00,111.493040050002,61.293381466668,61.310047450002,18.44444445,0.5193333333333333,23.95,1,5.1764362714980825,70.66250196097344,8,2,2,0.8660254037844387,-0.4999999999999998,0.9749279121818236,-0.2225209339563143,0.8660254037844386,0.5000000000000001,28.5,14.25,4.75,4.275,11.1,98.25,63.0,-6.975,2.890414,0.0,-0.7999999999999999,18.501851833333333,23.683333333333334,23.65,23.966666666666665,23.7,23.53333333333333,-17.925111116666667,0.0814814733333335,0.1513333333333332,0.368,0.6413333333333334,18.45432099222222,0.3471111111111122,3.7750356,3.7150106,3.7523732,3.7689638,3.7220016,0,1.0,1,0.75,-1.08,29.6,70.4
2023-02-22 09:00:00,72.666815527774,23.758494072222,23.771826872222,18.501851833333333,0.6413333333333334,23.53333333333333,1,5.1764362714980825,70.66250196097344,9,2,2,0.7071067811865476,-0.7071067811865475,0.9749279121818236,-0.2225209339563143,0.8660254037844386,0.5000000000000001,38.0,23.75,7.916666666666667,4.2,11.2,100.0,62.0,-7.0,2.884243,0.0,-0.6,18.31666667,23.95,23.683333333333334,23.65,23.966666666666665,23.85,-17.8605185,0.0574073833333343,0.1220000000000001,0.5193333333333333,0.9246666666666667,18.436419753333336,0.5095555555555568,3.7220016,3.7750356,3.7150106,3.7523732,3.7308936,0,1.0,0,0.75,-1.07,29.1,70.9
2023-02-22 09:15:00,180.85859861667,129.905081355556,129.929524844444,18.31666667,0.9246666666666667,23.85,2,5.1764362714980825,70.66250196097344,9,2,2,0.7071067811865476,-0.7071067811865475,0.9749279121818236,-0.2225209339563143,0.8660254037844386,0.5000000000000001,65.75,37.8125,13.395833333333334,3.925,11.275,100.0,61.75,-6.875,2.9076145,0.0,-0.425,18.50555557333333,23.53333333333333,23.95,23.683333333333334,23.65,23.816666666666663,-17.392000003333333,-0.1851851633333332,0.2833333333333333,0.6413333333333334,1.2186666666666668,18.420987651111112,0.6951111111111122,3.7308936,3.7220016,3.7750356,3.7150106,3.7676406,0,0.0,1,1.0,-1.11,30.9,69.1
2023-02-22 09:30:00,66.465396844444,0.0,0.0,18.50555557333333,1.2186666666666668,23.816666666666663,0,5.1764362714980825,70.66250196097344,9,2,2,0.7071067811865476,-0.7071067811865475,0.9749279121818236,-0.2225209339563143,0.8660254037844386,0.5000000000000001,93.5,56.4375,21.1875,3.65,11.35,100.0,61.5,-6.75,2.931075,0.0,-0.25,18.383333330000003,23.85,23.53333333333333,23.95,23.683333333333334,23.95,-17.286888906666665,0.188888903333332,0.294,0.9246666666666667,1.4773333333333334,18.441358025555555,0.9282222222222236,3.7676406,3.7308936,3.7220016,3.7750356,3.7613826,1,1.0,1,0.75,-1.07,29.0,71.0
2023-02-22 09:45:00,107.13071468333,0.0,0.0,18.383333330000003,1.4773333333333334,23.95,0,5.1764362714980825,70.66250196097344,9,2,2,0.7071067811865476,-0.7071067811865475,0.9749279121818236,-0.2225209339563143,0.8660254037844386,0.5000000000000001,121.25,79.625,31.291666666666668,3.375,11.425,100.0,61.25,-6.625,2.9546232,0.0,-0.075,18.11666668333333,23.816666666666663,23.85,23.53333333333333,23.95,24.933333333333334,-16.90599999666667,-0.1222222433333293,0.2586666666666666,1.2186666666666668,1.5746666666666669,18.401851857777785,1.20688888888889,3.7613826,3.7676406,3.7308936,3.7220016,3.8543103,0,2.0,0,0.5,-1.09,30.2,69.8
2023-02-22 10:00:00,285.4902466,48.338344172222,48.354454661110005,18.11666668333333,1.5746666666666669,24.933333333333334,1,5.1764362714980825,70.66250196097344,10,2,2,0.4999999999999999,-0.8660254037844387,0.9749279121818236,-0.2225209339563143,0.8660254037844386,0.5000000000000001,149.0,107.375,43.708333333333336,3.1,11.5,100.0,61.0,-6.5,2.9782567,0.0,0.1,18.03333333,23.95,23.816666666666663,23.85,23.53333333333333,25.8,-16.54200001666667,-0.2666666466666676,0.0973333333333332,1.4773333333333334,1.3113333333333337,18.33518519555556,1.4235555555555568,3.8543103,3.7613826,3.7676406,3.7308936,3.9685743,0,2.0,1,0.5,-1.15,32.8,67.2
2023-02-22 10:15:00,998.280067216666,146.247760972222,146.272482249998,18.03333333,1.3113333333333337,25.8,2,5.1764362714980825,70.66250196097344,10,2,2,0.4999999999999999,-0.8660254037844387,0.9749279121818236,-0.2225209339563143,0.8660254037844386,0.5000000000000001,147.25,127.75,55.97916666666666,3.275,12.05,100.0,60.75,-6.45,2.9865332,0.0,0.2,18.331481466666663,24.933333333333334,23.95,23.816666666666663,23.85,26.75,-16.721999996666668,-0.0833333533333338,-0.2633333333333332,1.5746666666666669,1.2733333333333334,18.177777781111114,1.4544444444444455,3.9685743,3.8543103,3.7613826,3.7676406,4.1882253,0,2.0,1,0.5,-1.16,33.5,66.5
2023-02-22 10:30:00,58.211838133332,0.0,0.0,18.331481466666663,1.2733333333333334,26.75,0,5.1764362714980825,70.66250196097344,10,2,2,0.4999999999999999,-0.8660254037844387,0.9749279121818236,-0.2225209339563143,0.8660254037844386,0.5000000000000001,145.5,140.75,68.10416666666667,3.45,12.6,100.0,60.5,-6.4,2.9947648,0.0,0.3,18.27222221,25.8,24.933333333333334,23.95,23.816666666666663,26.3,-17.058148133333333,0.2981481366666649,-0.038,1.3113333333333337,1.2733333333333334,18.16049382666667,1.3864444444444457,4.1882253,3.9685743,3.8543103,3.7613826,4.1033134,1,2.0,1,0.5,-1.09,30.1,69.9
2023-02-22 10:45:00,127.372127194442,88.508403972222,88.529236472222,18.27222221,1.2733333333333334,26.3,2,5.1764362714980825,70.66250196097344,10,2,2,0.4999999999999999,-0.8660254037844387,0.9749279121818236,-0.2225209339563143,0.8660254037844386,0.5000000000000001,143.75,146.375,80.08333333333333,3.625,13.15,100.0,60.25,-6.35,3.00295,0.0,0.4,18.32407406,26.75,25.8,24.933333333333334,23.95,27.58333333333333,-16.998888876666665,-0.0592592566666674,0.0,1.2733333333333334,1.092,18.21234566888889,1.2860000000000014,4.1033134,4.1882253,3.9685743,3.8543103,4.3168015,0,1.0,1,0.75,-1.11,30.8,69.2
2023-02-22 11:00:00,161.68908776111,112.517721344444,112.540220494442,18.32407406,1.092,27.58333333333333,2,5.1764362714980825,70.66250196097344,11,2,2,0.258819045102521,-0.9659258262890682,0.9749279121818236,-0.2225209339563143,0.8660254037844386,0.5000000000000001,142.0,144.625,91.91666666666669,3.8,13.7,100.0,60.0,-6.3,3.0110881,0.0,0.5,18.51111114,26.3,26.75,25.8,24.933333333333334,27.6,-17.232074060000002,0.051851850000002,-0.1813333333333335,1.2733333333333334,1.2086666666666666,18.309259245555555,1.21288888888889,4.3168015,4.1033134,4.1882253,3.9685743,4.3675766,0,1.0,0,0.75,-1.09,30.0,70.0
2023-02-22 11:15:00,54.729477300004,0.0,0.0,18.51111114,1.2086666666666666,27.6,0,5.1764362714980825,70.66250196097344,11,2,2,0.258819045102521,-0.9659258262890682,0.9749279121818236,-0.2225209339563143,0.8660254037844386,0.5000000000000001,136.75,142.0,102.52083333333331,3.575,13.325,100.0,60.25,-6.225,3.0340233,0.025,0.55,18.275925933333333,27.58333333333333,26.3,26.75,25.8,27.216666666666665,-17.302444473333335,0.1870370799999996,0.1166666666666667,1.092,1.5186666666666668,18.369135803333336,1.1913333333333345,4.3675766,4.3168015,4.1033134,4.1882253,4.247265,1,2.0,1,0.5,-1.05,28.1,71.9
2023-02-22 11:30:00,150.99618199445,102.85449673889,102.87616253889,18.275925933333333,1.5186666666666668,27.216666666666665,2,5.1764362714980825,70.66250196097344,11,2,2,0.258819045102521,-0.9659258262890682,0.9749279121818236,-0.2225209339563143,0.8660254037844386,0.5000000000000001,131.5,138.5,111.89583333333331,3.35,12.95,100.0,60.5,-6.15,3.0570755,0.05,0.6,18.38888886,27.6,27.58333333333333,26.3,26.75,27.45,-16.757259266666665,-0.2351852066666673,0.3100000000000003,1.2086666666666666,1.5746666666666669,18.37037037777778,1.2731111111111122,4.247265,4.3675766,4.3168015,4.1033134,4.3124833,0,1.0,1,0.75,-1.1,30.5,69.5
2023-02-22 11:45:00,133.81742492222,84.394401855556,84.41412331666601,18.38888886,1.5746666666666669,27.45,2,5.1764362714980825,70.66250196097344,11,2,2,0.258819045102521,-0.9659258262890682,0.9749279121818236,-0.2225209339563143,0.8660254037844386,0.5000000000000001,126.25,134.125,120.04166666666669,3.125,12.575,100.0,60.75,-6.075,3.080247,0.075,0.6499999999999999,18.48703706333333,27.216666666666665,27.6,27.58333333333333,26.3,26.85,-16.814222193333336,0.1129629266666683,0.0559999999999998,1.5186666666666668,1.596666666666667,18.391975311111118,1.434000000000001,4.3124833,4.247265,4.3675766,4.3168015,4.242836,0,1.0,0,0.75,-1.07,29.3,70.7
2023-02-22 12:00:00,50.14271654444,10.782901983334,10.795957011112002,18.48703706333333,1.596666666666667,26.85,1,5.1764362714980825,70.66250196097344,12,2,2,1.2246467991473532e-16,-1.0,0.9749279121818236,-0.2225209339563143,0.8660254037844386,0.5000000000000001,121.0,128.875,126.95833333333331,2.9,12.2,100.0,61.0,-6.0,3.1035364,0.1,0.7,18.28888888,27.45,27.216666666666665,27.6,27.58333333333333,26.55,-16.890370396666665,0.0981482033333307,0.022,1.5746666666666669,1.6726666666666667,18.38395061888889,1.5633333333333344,4.242836,4.3124833,4.247265,4.3675766,4.146418,0,1.0,1,0.75,-1.05,28.5,71.5
2023-02-22 12:15:00,159.965545638886,121.055990916666,121.079601105554,18.28888888,1.6726666666666667,26.55,2,5.1764362714980825,70.66250196097344,12,2,2,1.2246467991473532e-16,-1.0,0.9749279121818236,-0.2225209339563143,0.8660254037844386,0.5000000000000001,118.0,124.1875,131.3125,2.45,11.675,100.0,61.5,-5.875,3.1343377,0.125,0.725,18.45925926,26.85,27.45,27.216666666666665,27.6,26.78333333333333,-16.61622221333333,-0.198148183333334,0.076,1.596666666666667,1.6866666666666668,18.388271601111114,1.614666666666668,4.146418,4.242836,4.3124833,4.247265,4.2253385,0,0.0,1,1.0,-1.1,30.6,69.4
2023-02-22 12:30:00,140.28327727778,75.7078049,75.725581972222,18.45925926,1.6866666666666668,26.78333333333333,2,5.1764362714980825,70.66250196097344,12,2,2,1.2246467991473532e-16,-1.0,0.9749279121818236,-0.2225209339563143,0.8660254037844386,0.5000000000000001,115.0,120.0625,133.10416666666666,2.0,11.15,100.0,62.0,-5.75,3.165234,0.15,0.75,18.4833333,26.55,26.85,27.45,27.216666666666665,26.175,-16.772592593333332,0.1703703800000013,0.014,1.6726666666666667,1.602,18.41172840111111,1.6520000000000012,4.2253385,4.146418,4.242836,4.3124833,4.1352634,0,0.0,0,1.0,-1.06,28.8,71.2
2023-02-22 12:45:00,53.263702749998,0.0,0.0,18.4833333,1.602,26.175,0,5.1764362714980825,70.66250196097344,12,2,2,1.2246467991473532e-16,-1.0,0.9749279121818236,-0.2225209339563143,0.8660254037844386,0.5000000000000001,112.0,116.5,132.33333333333334,1.55,10.625,100.0,62.5,-5.625,3.1962264,0.175,0.775,18.29999997,26.78333333333333,26.55,26.85,27.45,26.325,-16.8813333,0.0240740400000021,-0.0846666666666666,1.6866666666666668,1.7926666666666666,18.41049381333333,1.6537777777777791,4.1352634,4.2253385,4.146418,4.242836,4.113991,1,1.0,1,0.75,-1.06,28.7,71.3
2023-02-22 13:00:00,159.682223572222,120.815722711112,120.839055127778,18.29999997,1.7926666666666666,26.325,2,5.1764362714980825,70.66250196097344,13,2,2,-0.2588190451025208,-0.9659258262890684,0.9749279121818236,-0.2225209339563143,0.8660254037844386,0.5000000000000001,109.0,113.5,129.0,1.1,10.1,100.0,63.0,-5.5,3.227314,0.2,0.8,18.42777777,26.175,26.78333333333333,26.55,26.85,26.1,-16.507333303333333,-0.1833333300000035,0.1906666666666665,1.602,1.7266666666666666,18.41419751,1.693777777777779,4.113991,4.1352634,4.2253385,4.146418,4.1098604,0,1.0,1,0.75,-1.1,30.5,69.5
2023-02-22 13:15:00,134.823218038886,85.377140327778,85.396306244444,18.42777777,1.7266666666666666,26.1,2,5.1764362714980825,70.66250196097344,13,2,2,-0.2588190451025208,-0.9659258262890684,0.9749279121818236,-0.2225209339563143,0.8660254037844386,0.5000000000000001,105.75,110.4375,125.54166666666669,1.65,10.45,100.0,63.5,-5.325,3.2584972,0.2,0.8250000000000001,18.52222222,26.325,26.175,26.78333333333333,26.55,25.53333333333333,-16.701111103333332,0.1277778000000005,-0.066,1.7926666666666666,1.742,18.40370368,1.7071111111111124,4.1098604,4.113991,4.1352634,4.2253385,4.0431967,0,1.0,0,0.75,-1.07,29.2,70.8
2023-02-22 13:30:00,58.006568594442,14.335815394446,14.349425983334,18.52222222,1.742,25.53333333333333,1,5.1764362714980825,70.66250196097344,13,2,2,-0.2588190451025208,-0.9659258262890684,0.9749279121818236,-0.2225209339563143,0.8660254037844386,0.5000000000000001,102.5,107.3125,121.95833333333331,2.2,10.8,100.0,64.0,-5.15,3.2897773,0.2,0.8500000000000001,18.33333335,26.1,26.325,26.175,26.78333333333333,25.9,-16.78022222,0.094444450000001,0.0153333333333334,1.7266666666666666,1.2933333333333332,18.416666653333333,1.7537777777777788,4.0431967,4.1098604,4.113991,4.1352634,4.0555863,0,1.0,1,0.75,-1.05,28.4,71.6
2023-02-22 13:45:00,199.25314063889,144.76365368888798,144.79031932222,18.33333335,1.2933333333333332,25.9,2,5.1764362714980825,70.66250196097344,13,2,2,-0.2588190451025208,-0.9659258262890684,0.9749279121818236,-0.2225209339563143,0.8660254037844386,0.5000000000000001,99.25,104.125,118.25,2.75,11.15,100.0,64.5,-4.975,3.3211536,0.2,0.875,18.54629631,25.53333333333333,26.1,26.325,26.175,26.28333333333333,-17.040000016666664,-0.1888888700000031,-0.4486666666666667,1.742,0.656,18.42777778,1.5873333333333346,4.0555863,4.0431967,4.1098604,4.113991,4.167898,0,0.0,1,1.0,-1.09,30.3,69.7
2023-02-22 14:00:00,96.00810385556,46.83507093889,46.849792566668,18.54629631,0.656,26.28333333333333,1,5.1764362714980825,70.66250196097344,14,2,2,-0.4999999999999997,-0.8660254037844388,0.9749279121818236,-0.2225209339563143,0.8660254037844386,0.5000000000000001,96.0,100.875,114.41666666666669,3.3,11.5,100.0,65.0,-4.8,3.3526266,0.2,0.9,18.49444443,25.9,25.53333333333333,26.1,26.325,26.05,-17.89029631,0.2129629600000022,-0.6373333333333332,1.2933333333333332,0.2773333333333333,18.46728396,1.2304444444444458,4.167898,4.0555863,4.0431967,4.1098604,4.118226,0,0.0,1,1.0,-1.04,28.0,72.0
2023-02-22 14:15:00,69.761098511104,30.914041188888,30.929040572222,18.49444443,0.2773333333333333,26.05,1,5.1764362714980825,70.66250196097344,14,2,2,-0.4999999999999997,-0.8660254037844388,0.9749279121818236,-0.2225209339563143,0.8660254037844386,0.5000000000000001,113.75,102.875,112.5,3.75,12.4,100.0,65.25,-4.65,3.406009,0.2,1.075,18.309259256666667,26.28333333333333,25.9,25.53333333333333,26.1,26.466666666666665,-18.217111096666663,-0.0518518800000009,-0.3786666666666667,0.656,0.2113333333333333,18.458024696666666,0.7422222222222233,4.118226,4.167898,4.0555863,4.0431967,4.1384034,0,0.0,0,1.0,-1.06,28.6,71.4
2023-02-22 14:30:00,179.191720911112,139.616915083334,139.643302927778,18.309259256666667,0.2113333333333333,26.466666666666665,2,5.1764362714980825,70.66250196097344,14,2,2,-0.4999999999999997,-0.8660254037844388,0.9749279121818236,-0.2225209339563143,0.8660254037844386,0.5000000000000001,131.5,110.125,112.5,4.2,13.3,100.0,65.5,-4.5,3.4601295,0.2,1.25,18.52222221,26.05,26.28333333333333,25.9,25.53333333333333,26.5,-18.09792592333333,-0.1851851733333305,-0.066,0.2773333333333333,0.1453333333333333,18.449999998888888,0.3815555555555567,4.1384034,4.118226,4.167898,4.0555863,4.1962676,0,0.0,1,1.0,-1.1,30.4,69.6
2023-02-22 14:45:00,104.476376261114,44.1015692,44.114346455556,18.52222221,0.1453333333333333,26.5,1,5.1764362714980825,70.66250196097344,14,2,2,-0.4999999999999997,-0.8660254037844388,0.9749279121818236,-0.2225209339563143,0.8660254037844386,0.5000000000000001,149.25,122.625,114.41666666666669,4.65,14.2,100.0,65.75,-4.35,3.5149984,0.2,1.425,18.45740744,26.466666666666665,26.05,26.28333333333333,25.9,26.5,-18.376888876666666,0.2129629533333314,-0.0659999999999999,0.2113333333333333,-0.118,18.441975298888888,0.2113333333333345,4.1962676,4.1384034,4.118226,4.167898,4.1801825,0,0.0,1,1.0,-1.05,28.2,71.8
2023-02-22 15:00:00,93.349599150002,45.63123026111,45.647896277776,18.45740744,-0.118,26.5,1,5.1764362714980825,70.66250196097344,15,2,2,-0.7071067811865471,-0.7071067811865479,0.9749279121818236,-0.2225209339563143,0.8660254037844386,0.5000000000000001,167.0,140.375,118.25,5.1,15.1,100.0,66.0,-4.2,3.570622,0.2,1.6,18.30555558,26.5,26.466666666666665,26.05,26.28333333333333,26.85,-18.57540744,-0.0648147699999981,-0.2633333333333333,0.1453333333333333,-0.4926666666666667,18.42962963555556,0.0795555555555567,4.1801825,4.1962676,4.1384034,4.118226,4.1974206,0,0.0,0,1.0,-1.06,28.8,71.2
2023-02-22 15:15:00,196.137987450002,156.438186672222,156.46596336111,18.30555558,-0.4926666666666667,26.85,2,5.1764362714980825,70.66250196097344,15,2,2,-0.7071067811865471,-0.7071067811865479,0.9749279121818236,-0.2225209339563143,0.8660254037844386,0.5000000000000001,141.25,147.25,120.1875,6.25,17.0,100.0,67.75,-4.15,3.585095,0.25,1.275,18.55740743,26.5,26.5,26.466666666666665,26.05,27.0,-18.798222246666665,-0.1518518600000042,-0.3746666666666667,-0.118,-0.6133333333333334,18.428395076666668,-0.1551111111111099,4.1974206,4.1801825,4.1962676,4.1384034,4.284363,0,0.0,1,1.0,-1.1,30.3,69.7
2023-02-22 15:30:00,59.63289225556,11.105666855556,11.116777494446,18.55740743,-0.6133333333333334,27.0,1,5.1764362714980825,70.66250196097344,15,2,2,-0.7071067811865471,-0.7071067811865479,0.9749279121818236,-0.2225209339563143,0.8660254037844386,0.5000000000000001,115.5,143.25,120.22916666666669,7.399999999999999,18.9,100.0,69.5,-4.1,3.5970063,0.3,0.95,18.41111109,26.85,26.5,26.5,26.466666666666665,27.0,-19.17074076333333,0.2518518500000049,-0.1206666666666667,-0.4926666666666667,-0.606,18.44012348333333,-0.4079999999999988,4.284363,4.1974206,4.1801825,4.1962676,4.2473807,0,0.0,1,1.0,-1.04,27.7,72.3
2023-02-22 15:45:00,421.493139733328,65.3740516,65.39293974444399,18.41111109,-0.606,27.0,1,5.1764362714980825,70.66250196097344,15,2,2,-0.7071067811865471,-0.7071067811865479,0.9749279121818236,-0.2225209339563143,0.8660254037844386,0.5000000000000001,89.75,128.375,118.375,8.549999999999999,20.8,100.0,71.25,-4.05,3.6064503,0.35,0.625,18.36296297333333,27.0,26.85,26.5,26.5,27.183333333333334,-19.017111090000004,-0.1462963399999992,0.0073333333333334,-0.6133333333333334,-0.6933333333333334,18.424691366666668,-0.5706666666666655,4.2473807,4.284363,4.1974206,4.1801825,4.264027,0,0.0,0,1.0,-1.07,29.2,70.8
2023-02-22 16:00:00,203.185483322224,147.284663927778,147.311607349998,18.36296297333333,-0.6933333333333334,27.183333333333334,2,5.1764362714980825,70.66250196097344,16,2,2,-0.8660254037844385,-0.5000000000000004,0.9749279121818236,-0.2225209339563143,0.8660254037844386,0.5000000000000001,64.0,102.625,114.625,9.7,22.7,100.0,73.0,-4.0,3.613518,0.4,0.3,18.59444446,27.0,27.0,26.85,26.5,27.15,-19.056296306666667,-0.0481481166666704,-0.0873333333333333,-0.606,-0.6166666666666667,18.443827164444446,-0.6375555555555544,4.264027,4.2473807,4.284363,4.1974206,4.3176236,0,0.0,1,1.0,-1.08,29.7,70.3
2023-02-22 16:15:00,52.261798294446,0.0,0.0,18.59444446,-0.6166666666666667,27.15,0,5.1764362714980825,70.66250196097344,16,2,2,-0.8660254037844385,-0.5000000000000004,0.9749279121818236,-0.2225209339563143,0.8660254037844386,0.5000000000000001,65.0,83.5625,111.22916666666669,10.0,23.225,100.0,74.0,-3.875,3.6441782,0.45,0.2249999999999999,18.377777746666663,27.183333333333334,27.0,27.0,26.85,27.183333333333334,-19.211111126666665,0.2314814866666665,0.0766666666666666,-0.6933333333333334,-0.544,18.456172841111112,-0.6386666666666655,4.3176236,4.264027,4.2473807,4.284363,4.2677755,1,1.0,1,0.75,-1.03,27.3,72.7
2023-02-22 16:30:00,110.446693172218,71.554082188888,71.572137,18.377777746666663,-0.544,27.183333333333334,2,5.1764362714980825,70.66250196097344,16,2,2,-0.8660254037844385,-0.5000000000000004,0.9749279121818236,-0.2225209339563143,0.8660254037844386,0.5000000000000001,66.0,71.1875,108.1875,10.3,23.75,100.0,75.0,-3.75,3.6744156,0.5,0.15,18.32777775,27.15,27.183333333333334,27.0,27.0,27.5,-18.921777746666667,-0.2166667133333319,0.0726666666666666,-0.6166666666666667,-0.584,18.445061726666665,-0.6179999999999989,4.2677755,4.3176236,4.264027,4.2473807,4.3047056,0,1.0,1,0.75,-1.08,29.5,70.5
2023-02-22 16:45:00,194.47583182222,154.38687986111,154.414934355552,18.32777775,-0.584,27.5,2,5.1764362714980825,70.66250196097344,16,2,2,-0.8660254037844385,-0.5000000000000004,0.9749279121818236,-0.2225209339563143,0.8660254037844386,0.5000000000000001,67.0,65.5,105.5,10.6,24.275,100.0,76.0,-3.625,3.7042332,0.55,0.0749999999999999,18.59259258,27.183333333333334,27.15,27.183333333333334,27.0,27.316666666666663,-18.91177775,-0.0499999966666671,-0.0399999999999999,-0.544,-0.6386666666666667,18.433333318888888,-0.5815555555555544,4.3047056,4.2677755,4.3176236,4.264027,4.3436522,0,1.0,0,0.75,-1.09,29.9,70.1
2023-02-22 17:00:00,65.704593861114,0.0,0.0,18.59259258,-0.6386666666666667,27.316666666666663,0,5.1764362714980825,70.66250196097344,17,2,2,-0.9659258262890684,-0.2588190451025206,0.9749279121818236,-0.2225209339563143,0.8660254037844386,0.5000000000000001,68.0,66.5,103.16666666666669,10.9,24.8,100.0,77.0,-3.5,3.733634,0.6,0.0,18.40555553,27.5,27.183333333333334,27.15,27.183333333333334,27.35,-19.231259246666664,0.2648148299999988,-0.0546666666666667,-0.584,-0.7373333333333334,18.432716025555557,-0.5888888888888877,4.3436522,4.3047056,4.2677755,4.3176236,4.3010216,1,2.0,1,0.5,-1.03,27.3,72.7
2023-02-22 17:15:00,105.900763683338,59.978711872222,59.995100083334,18.40555553,-0.7373333333333334,27.35,1,5.1764362714980825,70.66250196097344,17,2,2,-0.9659258262890684,-0.2588190451025206,0.9749279121818236,-0.2225209339563143,0.8660254037844386,0.5000000000000001,57.75,64.6875,98.5,11.0,24.9,100.0,78.25,-3.45,3.7616878,0.575,-0.125,18.29074073,27.316666666666663,27.5,27.183333333333334,27.15,27.5,-19.142888863333333,-0.1870370499999971,-0.0986666666666666,-0.6386666666666667,-0.8059999999999999,18.441975286666665,-0.6533333333333321,4.3010216,4.3436522,4.3047056,4.2677755,4.2952547,0,1.0,1,0.75,-1.07,29.2,70.8
2023-02-22 17:30:00,194.898314905554,154.220775355556,154.247163233332,18.29074073,-0.8059999999999999,27.5,2,5.1764362714980825,70.66250196097344,17,2,2,-0.9659258262890684,-0.2588190451025206,0.9749279121818236,-0.2225209339563143,0.8660254037844386,0.5000000000000001,47.5,60.0625,91.5,11.1,25.0,100.0,79.5,-3.4,3.7889507,0.55,-0.25,18.48888892,27.35,27.316666666666663,27.5,27.183333333333334,27.5,-19.09674073,-0.1148148000000013,-0.0686666666666665,-0.7373333333333334,-0.7893333333333333,18.429629613333333,-0.7273333333333322,4.2952547,4.3010216,4.3436522,4.3047056,4.3460255,0,1.0,1,0.75,-1.1,30.3,69.7
2023-02-22 17:45:00,140.301887666668,92.3854711,92.404637033332,18.48888892,-0.7893333333333333,27.5,2,5.1764362714980825,70.66250196097344,17,2,2,-0.9659258262890684,-0.2588190451025206,0.9749279121818236,-0.2225209339563143,0.8660254037844386,0.5000000000000001,37.25,52.625,82.16666666666667,11.2,25.1,100.0,80.75,-3.35,3.8154323,0.525,-0.375,18.31851854,27.5,27.35,27.316666666666663,27.5,27.5,-19.278222253333333,0.1981481900000012,0.0166666666666666,-0.8059999999999999,-0.846,18.39506172666667,-0.7775555555555544,4.3460255,4.2952547,4.3010216,4.3436522,4.3023405,0,1.0,0,0.75,-1.05,28.3,71.7
2023-02-22 18:00:00,339.235874422224,53.879789172222,53.890622088888,18.31851854,-0.846,27.5,1,5.1764362714980825,70.66250196097344,18,2,2,-1.0,-1.8369701987210294e-16,0.9749279121818236,-0.2225209339563143,0.8660254037844386,0.5000000000000001,27.0,42.375,70.5,11.3,25.2,100.0,82.0,-3.3,3.8411434,0.5,-0.5,18.15555556,27.5,27.5,27.35,27.316666666666663,28.4,-19.16451854,-0.1703703800000013,-0.0566666666666666,-0.7893333333333333,-0.8426666666666667,18.366049396666668,-0.8137777777777767,4.3023405,4.3460255,4.2952547,4.3010216,4.400362,0,0.0,1,1.0,-1.09,30.0,70.0
2023-02-22 18:15:00,1121.194594872222,135.193480927778,135.209591433332,18.15555556,-0.8426666666666667,28.4,2,5.1764362714980825,70.66250196097344,18,2,2,-1.0,-1.8369701987210294e-16,0.9749279121818236,-0.2225209339563143,0.8660254037844386,0.5000000000000001,21.0,33.1875,60.47916666666666,11.125,24.925,100.0,83.5,-3.2,3.870993,0.65,-0.65,18.37037038,27.5,27.5,27.5,27.35,30.73333333333333,-18.998222226666662,-0.1629629799999996,0.0033333333333332,-0.846,-0.9606666666666668,18.32098767333333,-0.8259999999999987,4.400362,4.3023405,4.3460255,4.2952547,4.8230057,0,0.0,1,1.0,-1.12,31.5,68.5
2023-02-22 18:30:00,104.359992299992,0.0,0.0,18.37037038,-0.9606666666666668,30.73333333333333,0,5.1764362714980825,70.66250196097344,18,2,2,-1.0,-1.8369701987210294e-16,0.9749279121818236,-0.2225209339563143,0.8660254037844386,0.5000000000000001,15.0,25.0625,52.10416666666666,10.95,24.65,100.0,85.0,-3.1,3.8997653,0.8,-0.8,18.2277778,28.4,27.5,27.5,27.5,31.2,-19.33103704666667,0.2148148200000008,-0.118,-0.8426666666666667,-1.0766666666666669,18.28148149333333,-0.88311111111111,4.8230057,4.400362,4.3023405,4.3460255,4.854981,1,1.0,1,0.75,-1.06,28.8,71.2
2023-02-22 18:45:00,139.433589116666,64.489920283334,64.499364388888,18.2277778,-1.0766666666666669,31.2,1,5.1764362714980825,70.66250196097344,18,2,2,-1.0,-1.8369701987210294e-16,0.9749279121818236,-0.2225209339563143,0.8660254037844386,0.5000000000000001,9.0,18.0,45.375,10.775,24.375,100.0,86.5,-3.0,3.9274755,0.95,-0.95,18.19629628,30.73333333333333,28.4,27.5,27.5,31.65,-19.30444446666667,-0.1425925799999987,-0.1160000000000002,-0.9606666666666668,-1.106,18.25123458,-0.9599999999999989,4.854981,4.8230057,4.400362,4.3023405,4.915807,0,1.0,1,0.75,-1.09,30.1,69.9
2023-02-22 19:00:00,255.140071722224,156.174863855556,156.209584716666,18.19629628,-1.106,31.65,2,5.1764362714980825,70.66250196097344,19,2,2,-0.9659258262890684,0.2588190451025203,0.9749279121818236,-0.2225209339563143,0.8660254037844386,0.5000000000000001,3.0,12.0,40.29166666666666,10.6,24.1,100.0,88.0,-2.9,3.9541397,1.1,-1.1,18.46666668,31.2,30.73333333333333,28.4,27.5,31.6,-19.302296280000004,-0.0314815199999998,-0.0293333333333332,-1.0766666666666669,-1.134,18.26481482,-1.0477777777777766,4.915807,4.854981,4.8230057,4.400362,4.987406,0,1.0,1,0.75,-1.1,30.4,69.6
2023-02-22 19:15:00,147.694647544444,0.0,0.0,18.46666668,-1.134,31.6,0,5.1764362714980825,70.66250196097344,19,2,2,-0.9659258262890684,0.2588190451025203,0.9749279121818236,-0.2225209339563143,0.8660254037844386,0.5000000000000001,2.25,7.3125,35.0625,11.2,23.475,100.0,88.0,-3.025,3.9130754,1.175,-1.25,18.266666646666668,31.65,31.2,30.73333333333333,28.4,31.03333333333333,-19.60066668,0.2703703999999973,-0.028,-1.106,-1.116,18.29691358666667,-1.1055555555555543,4.987406,4.915807,4.854981,4.8230057,4.8402095,1,2.0,1,0.5,-1.03,27.6,72.4
2023-02-22 19:30:00,210.515745733332,70.232468372222,70.276355516666,18.266666646666668,-1.116,31.03333333333333,1,5.1764362714980825,70.66250196097344,19,2,2,-0.9659258262890684,0.2588190451025203,0.9749279121818236,-0.2225209339563143,0.8660254037844386,0.5000000000000001,1.5,3.9375,29.6875,11.8,22.85,100.0,88.0,-3.15,3.8723874,1.25,-1.4,18.20555554,31.6,31.65,31.2,30.73333333333333,31.9,-19.382666646666667,-0.2000000333333318,0.018,-1.134,-1.1,18.30987653555556,-1.1186666666666654,4.8402095,4.987406,4.915807,4.854981,4.9573607,0,1.0,1,0.75,-1.08,29.8,70.2
2023-02-22 19:45:00,1282.261485288888,65.737925944444,65.788201749998,18.20555554,-1.1,31.9,1,5.1764362714980825,70.66250196097344,19,2,2,-0.9659258262890684,0.2588190451025203,0.9749279121818236,-0.2225209339563143,0.8660254037844386,0.5000000000000001,0.75,1.875,24.166666666666668,12.4,22.225,100.0,88.0,-3.275,3.83207,1.325,-1.55,18.316666663333333,31.03333333333333,31.6,31.65,31.2,33.68333333333333,-19.30555554,-0.0611111066666687,0.016,-1.116,-1.0826666666666669,18.31296295555556,-1.1166666666666656,4.9573607,4.8402095,4.987406,4.915807,5.269138,0,1.0,0,0.75,-1.09,30.2,69.8
2023-02-22 20:00:00,1049.554960672218,0.0,0.0,18.316666663333333,-1.0826666666666669,33.68333333333333,0,5.1764362714980825,70.66250196097344,20,2,2,-0.8660254037844386,0.5000000000000001,0.9749279121818236,-0.2225209339563143,0.8660254037844386,0.5000000000000001,0.0,1.125,18.5,13.0,21.6,100.0,88.0,-3.4,3.7921226,1.4,-1.7,18.11111113,31.9,31.03333333333333,31.6,31.65,33.5,-19.39933333,0.1111111233333339,0.0173333333333332,-1.1,-1.1566666666666667,18.26296295,-1.0995555555555545,5.269138,4.9573607,4.8402095,4.987406,5.1768765,1,2.0,1,0.5,-1.06,28.7,71.3
2023-02-22 20:15:00,239.574305677772,90.66609546111,90.733870566664,18.11111113,-1.1566666666666667,33.5,2,5.1764362714980825,70.66250196097344,20,2,2,-0.8660254037844386,0.5000000000000001,0.9749279121818236,-0.2225209339563143,0.8660254037844386,0.5000000000000001,0.0,0.5625,13.6875,12.425,23.575000000000003,100.0,88.5,-3.3,3.8136687,1.65,-1.7,18.168518523333333,33.68333333333333,31.9,31.03333333333333,31.6,33.31666666666667,-19.267777796666664,-0.2055555333333352,-0.0739999999999998,-1.0826666666666669,-1.1153333333333333,18.211111111111112,-1.1131111111111098,5.1768765,5.269138,4.9573607,4.8402095,5.166138,0,1.0,1,0.75,-1.11,30.8,69.2
2023-02-22 20:30:00,248.627554566664,81.012592683334,81.067590516666,18.168518523333333,-1.1153333333333333,33.31666666666667,2,5.1764362714980825,70.66250196097344,20,2,2,-0.8660254037844386,0.5000000000000001,0.9749279121818236,-0.2225209339563143,0.8660254037844386,0.5000000000000001,0.0,0.1875,9.729166666666666,11.85,25.55,100.0,89.0,-3.2,3.8352149,1.9,-1.7,18.21666666,33.5,33.68333333333333,31.9,31.03333333333333,32.3,-19.283851856666665,0.0574073933333352,0.0413333333333334,-1.1566666666666667,-0.9533333333333333,18.198765438888888,-1.1182222222222211,5.166138,5.1768765,5.269138,4.9573607,5.022835,0,1.0,0,0.75,-1.09,30.3,69.7
2023-02-22 20:45:00,201.87331366111,14.089714172222,14.130268133332,18.21666666,-0.9533333333333333,32.3,1,5.1764362714980825,70.66250196097344,20,2,2,-0.8660254037844386,0.5000000000000001,0.9749279121818236,-0.2225209339563143,0.8660254037844386,0.5000000000000001,0.0,0.0,6.625,11.275,27.525,100.0,89.5,-3.1,3.8567607,2.15,-1.7,18.01481481333333,33.31666666666667,33.5,33.68333333333333,31.9,32.0,-19.16999999333333,0.0481481366666649,0.162,-1.1153333333333333,-0.854,18.165432104444445,-1.0751111111111098,5.022835,5.166138,5.1768765,5.269138,4.916845,0,1.0,1,0.75,-1.09,30.0,70.0
2023-02-22 21:00:00,260.159871038886,95.692561044444,95.747281105554,18.01481481333333,-0.854,32.0,2,5.1764362714980825,70.66250196097344,21,2,2,-0.7071067811865477,0.7071067811865474,0.9749279121818236,-0.2225209339563143,0.8660254037844386,0.5000000000000001,0.0,0.0,4.375,10.7,29.5,100.0,90.0,-3.0,3.8783069,2.4,-1.7,17.92222223,32.3,33.31666666666667,33.5,33.68333333333333,32.0,-18.86881481333333,-0.201851846666667,0.0993333333333332,-0.9533333333333333,-0.868,18.13333333222222,-0.9742222222222208,4.916845,5.022835,5.166138,5.1768765,4.8898306,0,0.0,1,1.0,-1.14,32.2,67.8
2023-02-22 21:15:00,254.49065338333,90.873309372222,90.929140505554,17.92222223,-0.868,32.0,2,5.1764362714980825,70.66250196097344,21,2,2,-0.7071067811865477,0.7071067811865474,0.9749279121818236,-0.2225209339563143,0.8660254037844386,0.5000000000000001,0.0,0.0,2.625,10.85,28.425,100.0,90.5,-2.875,3.9203475,2.625,-1.625,18.01111111,32.0,32.3,33.31666666666667,33.5,32.0,-18.79022223,-0.0925925833333316,-0.014,-0.854,-0.8786666666666666,18.051234567777776,-0.8917777777777766,4.8898306,4.916845,5.022835,5.166138,4.915761,0,0.0,0,1.0,-1.16,33.2,66.8
2023-02-22 21:30:00,270.69417188333,101.055679844444,101.113733105554,18.01111111,-0.8786666666666666,32.0,2,5.1764362714980825,70.66250196097344,21,2,2,-0.7071067811865477,0.7071067811865474,0.9749279121818236,-0.2225209339563143,0.8660254037844386,0.5000000000000001,0.0,0.0,1.375,11.0,27.35,100.0,91.0,-2.75,3.9627092,2.85,-1.5499999999999998,18.2388889,32.0,32.0,32.3,33.31666666666667,31.35,-18.88977777666667,0.0888888800000025,-0.0106666666666666,-0.868,-0.9573333333333331,17.98271605111111,-0.8668888888888876,4.915761,4.8898306,4.916845,5.022835,4.8815427,0,0.0,0,1.0,-1.14,32.2,67.8
2023-02-22 21:45:00,201.00001526111,21.074434755556,21.115266455556,18.2388889,-0.9573333333333331,31.35,1,5.1764362714980825,70.66250196097344,21,2,2,-0.7071067811865477,0.7071067811865474,0.9749279121818236,-0.2225209339563143,0.8660254037844386,0.5000000000000001,0.0,0.0,0.625,11.15,26.275,100.0,91.5,-2.625,4.005394,3.075,-1.475,18.090740763333333,32.0,32.0,32.0,32.3,31.466666666666665,-19.196222233333334,0.2277777899999975,-0.0786666666666666,-0.8786666666666666,-0.8793333333333333,18.057407413333333,-0.901333333333332,4.8815427,4.915761,4.8898306,4.916845,4.856775,0,0.0,1,1.0,-1.09,30.0,70.0
2023-02-22 22:00:00,260.743736599996,128.219593227778,128.223759777776,18.090740763333333,-0.8793333333333333,31.466666666666665,2,5.1764362714980825,70.66250196097344,22,2,2,-0.5000000000000004,0.8660254037844384,0.9749279121818236,-0.2225209339563143,0.8660254037844386,0.5000000000000001,0.0,0.0,0.375,11.3,25.2,100.0,92.0,-2.5,4.048405,3.3,-1.4,18.32777775,31.35,32.0,32.0,32.0,31.1,-18.970074096666664,-0.1481481366666663,0.0779999999999999,-0.9573333333333331,-0.846,18.11358025777778,-0.90511111111111,4.856775,4.8815427,4.915761,4.8898306,4.8682303,0,0.0,1,1.0,-1.12,31.5,68.5
2023-02-22 22:15:00,134.600449050002,11.535649672222,11.547038133332,18.32777775,-0.846,31.1,1,5.1764362714980825,70.66250196097344,22,2,2,-0.5000000000000004,0.8660254037844384,0.9749279121818236,-0.2225209339563143,0.8660254037844386,0.5000000000000001,0.0,0.0,0.1875,12.175,27.175,100.0,91.75,-2.475,4.0515013,3.0,-1.35,18.22777778333333,31.466666666666665,31.35,32.0,32.0,30.716666666666665,-19.17377775,0.2370369866666664,0.0333333333333333,-0.8793333333333333,-0.7733333333333333,18.219135804444445,-0.8942222222222208,4.8682303,4.856775,4.8815427,4.915761,4.77977,0,0.0,1,1.0,-1.07,29.1,70.9
2023-02-22 22:30:00,571.881290549998,77.881884616666,77.88660669444201,18.22777778333333,-0.7733333333333333,30.716666666666665,2,5.1764362714980825,70.66250196097344,22,2,2,-0.5000000000000004,0.8660254037844384,0.9749279121818236,-0.2225209339563143,0.8660254037844386,0.5000000000000001,0.0,0.0,0.0625,13.05,29.15,100.0,91.5,-2.45,4.0545645,2.7,-1.2999999999999998,18.24444445,31.1,31.466666666666665,31.35,32.0,30.95,-19.001111116666667,-0.0999999666666653,0.0726666666666666,-0.846,-0.6753333333333333,18.215432098888893,-0.8328888888888876,4.77977,4.8682303,4.856775,4.8815427,4.820847,0,0.0,1,1.0,-1.09,30.2,69.8
2023-02-22 22:45:00,184.553450850002,79.74736551111201,79.75625407222199,18.24444445,-0.6753333333333333,30.95,2,5.1764362714980825,70.66250196097344,22,2,2,-0.5000000000000004,0.8660254037844384,0.9749279121818236,-0.2225209339563143,0.8660254037844386,0.5000000000000001,0.0,0.0,0.0,13.925,31.125,100.0,91.25,-2.425,4.057593,2.4,-1.25,18.372222206666667,30.716666666666665,31.1,31.466666666666665,31.35,30.53333333333333,-18.91977778333333,0.0166666666666657,0.0979999999999999,-0.7733333333333333,-0.5433333333333333,18.266666661111117,-0.7648888888888877,4.820847,4.77977,4.8682303,4.856775,4.792146,0,0.0,0,1.0,-1.09,30.0,70.0
2023-02-22 23:00:00,107.980402911108,22.966581316666,22.973525538886,18.372222206666667,-0.5433333333333333,30.53333333333333,1,5.1764362714980825,70.66250196097344,23,2,2,-0.2588190451025215,0.965925826289068,0.9749279121818236,-0.2225209339563143,0.8660254037844386,0.5000000000000001,0.0,0.0,0.0,14.8,33.1,100.0,91.0,-2.4,4.0605874,2.1,-1.2,18.18333333,30.95,30.716666666666665,31.1,31.466666666666665,30.85,-18.91555554,0.1277777566666671,0.132,-0.6753333333333333,-0.4486666666666667,18.28148148,-0.6639999999999987,4.792146,4.820847,4.77977,4.8682303,4.787864,0,0.0,1,1.0,-1.06,28.8,71.2
2023-02-22 23:15:00,191.94982178333,129.950912872222,129.967301166664,18.18333333,-0.4486666666666667,30.85,2,5.1764362714980825,70.66250196097344,23,2,2,-0.2588190451025215,0.965925826289068,0.9749279121818236,-0.2225209339563143,0.8660254037844386,0.5000000000000001,0.0,0.0,0.0,14.1,32.65,100.0,90.75,-2.325,4.0919085,2.1,-1.05,18.35925922333333,30.53333333333333,30.95,30.716666666666665,31.1,31.0,-18.631999996666668,-0.1888888766666667,0.0946666666666666,-0.5433333333333333,-0.528,18.266666662222224,-0.5557777777777766,4.787864,4.792146,4.820847,4.77977,4.8616486,0,0.0,1,1.0,-1.1,30.7,69.3
2023-02-22 23:30:00,52.298185805554,10.26820033889,10.276533372222,18.35925922333333,-0.528,31.0,1,5.1764362714980825,70.66250196097344,23,2,2,-0.2588190451025215,0.965925826289068,0.9749279121818236,-0.2225209339563143,0.8660254037844386,0.5000000000000001,0.0,0.0,0.0,13.4,32.2,100.0,90.5,-2.25,4.123385,2.1,-0.8999999999999999,18.28333331,30.85,30.53333333333333,30.95,30.716666666666665,31.0,-18.88725922333333,0.175925893333332,-0.0793333333333333,-0.4486666666666667,-0.44,18.304938253333336,-0.5066666666666655,4.8616486,4.787864,4.792146,4.820847,4.8397956,0,0.0,1,1.0,-1.06,28.8,71.2
2023-02-22 23:45:00,131.350856988884,80.411783366668,80.427338344444,18.28333331,-0.44,31.0,2,5.1764362714980825,70.66250196097344,23,2,2,-0.2588190451025215,0.965925826289068,0.9749279121818236,-0.2225209339563143,0.8660254037844386,0.5000000000000001,0.0,0.0,0.0,12.7,31.75,100.0,90.25,-2.175,4.1550174,2.1,-0.75,18.251851873333333,31.0,30.85,30.53333333333333,30.95,31.0,-18.72333331,-0.0759259133333323,0.088,-0.528,-0.4106666666666667,18.27530862111111,-0.472222222222221,4.8397956,4.8616486,4.787864,4.792146,4.8307595,0,0.0,1,1.0,-1.08,29.6,70.4
2023-02-23 00:00:00,127.29157471667,87.557886427778,87.5764968,18.251851873333333,-0.4106666666666667,31.0,2,5.1764362714980825,70.66250196097344,0,3,2,0.0,1.0,0.4338837391175582,-0.900968867902419,0.8660254037844386,0.5000000000000001,0.0,0.0,0.0,12.0,31.3,100.0,90.0,-2.1,4.1868043,2.1,-0.6,18.32777776,31.0,31.0,30.85,30.53333333333333,30.65,-18.66251854,-0.0314814366666666,0.0293333333333333,-0.44,-0.3613333333333333,18.29814813555556,-0.4595555555555543,4.8307595,4.8397956,4.8616486,4.787864,4.7977896,0,0.0,0,1.0,-1.09,29.9,70.1
2023-02-23 00:15:00,73.968707866664,24.365136488888,24.37624716111,18.32777776,-0.3613333333333333,30.65,1,5.1764362714980825,70.66250196097344,0,3,2,0.0,1.0,0.4338837391175582,-0.900968867902419,0.8660254037844386,0.5000000000000001,0.0,0.0,0.0,12.425,30.4,100.0,90.75,-2.0,4.2143903,2.05,-0.625,18.105555563333333,31.0,31.0,31.0,30.85,30.683333333333334,-18.68911109333333,0.075925886666667,0.0493333333333333,-0.4106666666666667,-0.3106666666666667,18.28765431444445,-0.4039999999999987,4.7977896,4.8307595,4.8397956,4.8616486,4.7400417,0,0.0,1,1.0,-1.07,29.2,70.8
2023-02-23 00:30:00,157.325095761106,96.944733155556,96.96251026111,18.105555563333333,-0.3106666666666667,30.683333333333334,2,5.1764362714980825,70.66250196097344,0,3,2,0.0,1.0,0.4338837391175582,-0.900968867902419,0.8660254037844386,0.5000000000000001,0.0,0.0,0.0,12.85,29.5,100.0,91.5,-1.9,4.2418666,2.0,-0.6499999999999999,17.97777776,30.65,31.0,31.0,31.0,31.0,-18.41622223,-0.2222221966666673,0.0506666666666666,-0.3613333333333333,-0.2246666666666666,18.22839506555556,-0.3608888888888876,4.7400417,4.7977896,4.8307595,4.8397956,4.75271,0,0.0,1,1.0,-1.12,31.5,68.5
2023-02-23 00:45:00,132.729135155552,93.0554443,93.075721305554,17.97777776,-0.2246666666666666,31.0,2,5.1764362714980825,70.66250196097344,0,3,2,0.0,1.0,0.4338837391175582,-0.900968867902419,0.8660254037844386,0.5000000000000001,0.0,0.0,0.0,13.275,28.6,100.0,92.25,-1.8,4.2692337,1.95,-0.6749999999999999,18.087036996666665,30.683333333333334,30.65,31.0,31.0,31.0,-18.202444426666663,-0.1277778033333341,0.086,-0.3106666666666667,-0.15,18.137037027777776,-0.2988888888888876,4.75271,4.7400417,4.7977896,4.8307595,4.7836924,0,0.0,0,1.0,-1.15,32.8,67.2
2023-02-23 01:00:00,130.265344794442,90.861643188888,90.88219798333,18.087036996666665,-0.15,31.0,2,5.1764362714980825,70.66250196097344,1,3,2,0.2588190451025207,0.9659258262890684,0.4338837391175582,-0.900968867902419,0.8660254037844386,0.5000000000000001,0.0,0.0,0.0,13.7,27.7,100.0,93.0,-1.7,4.296492,1.9,-0.7,18.27777778,31.0,30.683333333333334,30.65,31.0,30.65,-18.237036996666664,0.1092592366666664,0.0746666666666666,-0.2246666666666666,-0.1266666666666666,18.056790106666668,-0.2284444444444432,4.7836924,4.75271,4.7400417,4.7977896,4.7835755,0,0.0,0,1.0,-1.12,31.7,68.3
2023-02-23 01:15:00,84.623281566668,34.976100883334,34.98804483889,18.27777778,-0.1266666666666666,30.65,1,5.1764362714980825,70.66250196097344,1,3,2,0.2588190451025207,0.9659258262890684,0.4338837391175582,-0.900968867902419,0.8660254037844386,0.5000000000000001,0.0,0.0,0.0,14.725,29.95,100.0,93.0,-1.725,4.289053,1.925,-0.725,18.183333336666667,31.0,31.0,30.683333333333334,30.65,30.683333333333334,-18.404444446666663,0.1907407833333358,0.0233333333333333,-0.15,-0.1453333333333333,18.114197512222223,-0.1671111111111098,4.7835755,4.7836924,4.75271,4.7400417,4.7619977,0,0.0,1,1.0,-1.08,29.7,70.3
2023-02-23 01:30:00,177.24152122222,125.669139716666,125.69136106111,18.183333336666667,-0.1453333333333333,30.683333333333334,2,5.1764362714980825,70.66250196097344,1,3,2,0.2588190451025207,0.9659258262890684,0.4338837391175582,-0.900968867902419,0.8660254037844386,0.5000000000000001,0.0,0.0,0.0,15.75,32.2,100.0,93.0,-1.75,4.2816243,1.95,-0.75,18.41111112,30.65,31.0,31.0,30.683333333333334,30.65,-18.32866667,-0.0944444433333338,-0.0186666666666666,-0.1266666666666666,-0.134,18.18271603777778,-0.1406666666666654,4.7619977,4.7835755,4.7836924,4.75271,4.8215632,0,0.0,1,1.0,-1.1,30.7,69.3
2023-02-23 01:45:00,52.034029672222005,0.0,0.0,18.41111112,-0.134,30.65,0,5.1764362714980825,70.66250196097344,1,3,2,0.2588190451025207,0.9659258262890684,0.4338837391175582,-0.900968867902419,0.8660254037844386,0.5000000000000001,0.0,0.0,0.0,16.775,34.45,100.0,93.0,-1.775,4.2742076,1.975,-0.775,18.251851876666667,30.683333333333334,30.65,31.0,31.0,30.683333333333334,-18.54511112,0.2277777833333338,0.0113333333333333,-0.1453333333333333,-0.1373333333333333,18.29074074555556,-0.135333333333332,4.8215632,4.7619977,4.7835755,4.7836924,4.7814126,1,1.0,1,0.75,-1.05,28.4,71.6
2023-02-23 02:00:00,150.619530511112,100.587365244444,100.60792002222,18.251851876666667,-0.1373333333333333,30.683333333333334,2,5.1764362714980825,70.66250196097344,2,3,2,0.4999999999999999,0.8660254037844387,0.4338837391175582,-0.900968867902419,0.8660254037844386,0.5000000000000001,0.0,0.0,0.0,17.8,36.7,100.0,93.0,-1.8,4.266802,2.0,-0.8,18.327777790000003,30.65,30.683333333333334,30.65,31.0,30.65,-18.38918521,-0.1592592433333344,-0.0033333333333333,-0.134,-0.1426666666666666,18.28209877777778,-0.1388888888888876,4.7814126,4.8215632,4.7619977,4.7835755,4.7977896,0,1.0,1,0.75,-1.09,30.0,70.0
2023-02-23 02:15:00,94.16067783889,54.782530827778,54.798363511112,18.327777790000003,-0.1426666666666666,30.65,1,5.1764362714980825,70.66250196097344,2,3,2,0.4999999999999999,0.8660254037844387,0.4338837391175582,-0.900968867902419,0.8660254037844386,0.5000000000000001,0.0,0.0,0.0,17.4,37.25,100.0,91.75,-1.85,4.246094,1.725,-0.675,18.359259226666666,30.683333333333334,30.65,30.683333333333334,30.65,30.5,-18.47044445666667,0.0759259133333358,-0.0053333333333333,-0.1373333333333333,0.0166666666666666,18.330246928888894,-0.1379999999999987,4.7977896,4.7814126,4.8215632,4.7619977,4.7832346,0,1.0,1,0.75,-1.07,29.2,70.8
2023-02-23 02:30:00,93.796803611108,54.1794994,54.194498783334,18.359259226666666,0.0166666666666666,30.5,1,5.1764362714980825,70.66250196097344,2,3,2,0.4999999999999999,0.8660254037844387,0.4338837391175582,-0.900968867902419,0.8660254037844386,0.5000000000000001,0.0,0.0,0.0,17.0,37.8,100.0,90.5,-1.9,4.2246647,1.45,-0.55,18.24999998,30.65,30.683333333333334,30.65,30.683333333333334,30.8,-18.34259256,0.0314814366666631,0.1593333333333333,-0.1426666666666666,0.02,18.31296296444445,-0.0877777777777765,4.7832346,4.7977896,4.7814126,4.8215632,4.7990656,0,1.0,0,0.75,-1.07,28.9,71.1
2023-02-23 02:45:00,536.763250877776,110.739181372222,110.760569416666,18.24999998,0.02,30.8,2,5.1764362714980825,70.66250196097344,2,3,2,0.4999999999999999,0.8660254037844387,0.4338837391175582,-0.900968867902419,0.8660254037844386,0.5000000000000001,0.0,0.0,0.0,16.6,38.35,100.0,89.25,-1.95,4.202503,1.1749999999999998,-0.425,18.42037035666667,30.5,30.65,30.683333333333334,30.65,30.53333333333333,-18.22999998,-0.1092592466666673,0.0033333333333333,0.0166666666666666,0.1333333333333333,18.31234566555556,-0.035333333333332,4.7990656,4.7832346,4.7977896,4.7814126,4.805847,0,0.0,1,1.0,-1.09,30.0,70.0
2023-02-23 03:00:00,48.786381700004,0.0,0.0,18.42037035666667,0.1333333333333333,30.53333333333333,0,5.1764362714980825,70.66250196097344,3,3,2,0.7071067811865476,0.7071067811865476,0.4338837391175582,-0.900968867902419,0.8660254037844386,0.5000000000000001,0.0,0.0,0.0,16.2,38.9,100.0,88.0,-2.0,4.1796,0.9,-0.3,18.22222223,30.8,30.5,30.65,30.683333333333334,30.55,-18.287037023333337,0.1703703766666713,0.1133333333333333,0.02,0.03,18.34320985444444,0.0566666666666679,4.805847,4.7990656,4.7832346,4.7977896,4.7522683,1,1.0,1,0.75,-1.05,28.3,71.7
2023-02-23 03:15:00,149.65234708333,110.079485544444,110.101706905554,18.22222223,0.03,30.55,2,5.1764362714980825,70.66250196097344,3,3,2,0.7071067811865476,0.7071067811865476,0.4338837391175582,-0.900968867902419,0.8660254037844386,0.5000000000000001,0.0,0.0,0.0,15.85,37.45,100.0,88.0,-2.05,4.1651855,1.0,-0.35,18.238888886666665,30.53333333333333,30.8,30.5,30.65,30.78333333333333,-18.19222223,-0.1981481266666698,-0.1033333333333333,0.1333333333333333,-0.1226666666666666,18.297530855555557,0.0611111111111123,4.7522683,4.805847,4.7990656,4.7832346,4.793306,0,1.0,1,0.75,-1.1,30.3,69.7
2023-02-23 03:30:00,149.359303238886,98.708829272222,98.727439711108,18.238888886666665,-0.1226666666666666,30.78333333333333,2,5.1764362714980825,70.66250196097344,3,3,2,0.7071067811865476,0.7071067811865476,0.4338837391175582,-0.900968867902419,0.8660254037844386,0.5000000000000001,0.0,0.0,0.0,15.5,36.0,100.0,88.0,-2.1,4.1508145,1.1,-0.4,18.17222222,30.55,30.53333333333333,30.8,30.5,30.85,-18.36155555333333,0.0166666566666648,-0.1526666666666666,0.03,-0.3113333333333333,18.29382715777778,0.0135555555555568,4.793306,4.7522683,4.805847,4.7990656,4.784706,0,1.0,0,0.75,-1.09,30.1,69.9
2023-02-23 03:45:00,157.418980788888,114.9970666,115.018732383334,18.17222222,-0.3113333333333333,30.85,2,5.1764362714980825,70.66250196097344,3,3,2,0.7071067811865476,0.7071067811865476,0.4338837391175582,-0.900968867902419,0.8660254037844386,0.5000000000000001,0.0,0.0,0.0,15.15,34.55,100.0,88.0,-2.1500000000000004,4.136487,1.2000000000000002,-0.45,18.25555553,30.78333333333333,30.55,30.53333333333333,30.8,30.816666666666663,-18.48355555333333,-0.0666666666666664,-0.1886666666666666,-0.1226666666666666,-0.4666666666666667,18.211111112222223,-0.1346666666666654,4.784706,4.793306,4.7522683,4.805847,4.803247,0,1.0,0,0.75,-1.11,30.8,69.2
2023-02-23 04:00:00,85.932118144444,29.99518906111,30.00768856111,18.25555553,-0.4666666666666667,30.816666666666663,1,5.1764362714980825,70.66250196097344,4,3,2,0.8660254037844386,0.5000000000000001,0.4338837391175582,-0.900968867902419,0.8660254037844386,0.5000000000000001,0.0,0.0,0.0,14.8,33.1,100.0,88.0,-2.2,4.1222024,1.3,-0.5,18.17222221,30.85,30.78333333333333,30.55,30.53333333333333,30.55,-18.722222196666664,0.0833333100000004,-0.1553333333333333,-0.3113333333333333,-0.5393333333333333,18.22222221222222,-0.300222222222221,4.803247,4.784706,4.793306,4.7522683,4.7381773,0,0.0,1,1.0,-1.09,29.9,70.1
2023-02-23 04:15:00,118.545535872218,68.000613233332,68.017001477776,18.17222221,-0.5393333333333333,30.55,1,5.1764362714980825,70.66250196097344,4,3,2,0.8660254037844386,0.5000000000000001,0.4338837391175582,-0.900968867902419,0.8660254037844386,0.5000000000000001,0.0,0.0,0.0,15.05,33.2,100.0,88.0,-2.325,4.086682,1.15,-0.625,18.18148151,30.816666666666663,30.85,30.78333333333333,30.55,30.78333333333333,-18.71155554333333,-0.0833333200000012,-0.0726666666666666,-0.4666666666666667,-0.638,18.199999986666665,-0.4391111111111098,4.7381773,4.803247,4.784706,4.793306,4.7769923,0,0.0,0,1.0,-1.11,30.9,69.1
2023-02-23 04:30:00,131.353356855552,91.144965172222,91.164408844444,18.18148151,-0.638,30.78333333333333,2,5.1764362714980825,70.66250196097344,4,3,2,0.8660254037844386,0.5000000000000001,0.4338837391175582,-0.900968867902419,0.8660254037844386,0.5000000000000001,0.0,0.0,0.0,15.3,33.3,100.0,88.0,-2.45,4.0514297,1.0,-0.75,18.36111112,30.55,30.816666666666663,30.85,30.78333333333333,30.2,-18.819481510000003,0.0092593000000036,-0.0986666666666666,-0.5393333333333333,-0.6426666666666667,18.203086416666665,-0.5479999999999988,4.7769923,4.7381773,4.803247,4.784706,4.7367067,0,0.0,1,1.0,-1.1,30.7,69.3
2023-02-23 04:45:00,64.760742766668,20.907219227778,20.918607622224,18.36111112,-0.6426666666666667,30.2,1,5.1764362714980825,70.66250196097344,4,3,2,0.8660254037844386,0.5000000000000001,0.4338837391175582,-0.900968867902419,0.8660254037844386,0.5000000000000001,0.0,0.0,0.0,15.55,33.4,100.0,88.0,-2.575,4.0164447,0.85,-0.875,18.17037035666667,30.78333333333333,30.55,30.816666666666663,30.85,30.466666666666665,-19.003777786666667,0.1796296099999992,-0.0046666666666667,-0.638,-0.642,18.238271613333332,-0.6066666666666655,4.7367067,4.7769923,4.7381773,4.803247,4.724731,0,0.0,1,1.0,-1.07,29.0,71.0
2023-02-23 05:00:00,183.260169316666,128.4298626,128.450972872222,18.17037035666667,-0.642,30.466666666666665,2,5.1764362714980825,70.66250196097344,5,3,2,0.9659258262890684,0.2588190451025207,0.4338837391175582,-0.900968867902419,0.8660254037844386,0.5000000000000001,0.0,0.0,0.0,15.8,33.5,100.0,88.0,-2.7,3.9817255,0.7,-1.0,18.36111108,30.2,30.78333333333333,30.55,30.816666666666663,30.45,-18.81237035666667,-0.1907407633333306,0.0006666666666667,-0.6426666666666667,-0.69,18.23765432888889,-0.6408888888888876,4.724731,4.7367067,4.7769923,4.7381773,4.775918,0,0.0,1,1.0,-1.11,30.9,69.1
2023-02-23 05:15:00,72.819309561102,14.12832376111,14.13610128333,18.36111108,-0.69,30.45,1,5.1764362714980825,70.66250196097344,5,3,2,0.9659258262890684,0.2588190451025207,0.4338837391175582,-0.900968867902419,0.8660254037844386,0.5000000000000001,0.0,0.0,0.0,15.325,34.025,100.0,88.25,-2.7,3.9861047,0.575,-1.025,18.22777778333333,30.466666666666665,30.2,30.78333333333333,30.55,30.216666666666665,-19.05111108,0.1907407233333309,-0.0479999999999999,-0.642,-0.7986666666666667,18.297530852222224,-0.6582222222222209,4.775918,4.724731,4.7367067,4.7769923,4.7019663,0,0.0,1,1.0,-1.06,28.9,71.1
2023-02-23 05:30:00,123.568112627778,82.417536483334,82.433091444444,18.22777778333333,-0.7986666666666667,30.216666666666665,2,5.1764362714980825,70.66250196097344,5,3,2,0.9659258262890684,0.2588190451025207,0.4338837391175582,-0.900968867902419,0.8660254037844386,0.5000000000000001,0.0,0.0,0.0,14.85,34.55,100.0,88.5,-2.7,3.990456,0.4499999999999999,-1.05,18.24444445,30.45,30.466666666666665,30.2,30.78333333333333,30.45,-19.02644445,-0.1333332966666667,-0.1086666666666668,-0.69,-0.8686666666666666,18.253086406666668,-0.710222222222221,4.7019663,4.775918,4.724731,4.7367067,4.742966,0,0.0,1,1.0,-1.1,30.4,69.6
2023-02-23 05:45:00,166.778884111112,110.128372455556,110.14614956111,18.24444445,-0.8686666666666666,30.45,2,5.1764362714980825,70.66250196097344,5,3,2,0.9659258262890684,0.2588190451025207,0.4338837391175582,-0.900968867902419,0.8660254037844386,0.5000000000000001,0.0,0.0,0.0,14.375,35.075,100.0,88.75,-2.7,3.9947793,0.325,-1.0750000000000002,18.372222206666667,30.216666666666665,30.45,30.466666666666665,30.2,30.216666666666665,-19.113111116666666,0.0166666666666657,-0.0699999999999998,-0.7986666666666667,-0.9206666666666669,18.277777771111115,-0.7857777777777765,4.742966,4.7019663,4.775918,4.724731,4.7424464,0,0.0,0,1.0,-1.09,30.1,69.9
2023-02-23 06:00:00,124.466687783334,0.0,0.0,18.372222206666667,-0.9206666666666669,30.216666666666665,0,5.1764362714980825,70.66250196097344,6,3,2,1.0,6.123233995736766e-17,0.4338837391175582,-0.900968867902419,0.8660254037844386,0.5000000000000001,0.0,0.0,0.0,13.9,35.6,100.0,89.0,-2.7,3.999073,0.2,-1.1,18.1166667,30.45,30.216666666666665,30.45,30.466666666666665,31.25,-19.29288887333333,0.1277777566666671,-0.0520000000000001,-0.8686666666666666,-0.782,18.28148148,-0.8626666666666655,4.7424464,4.742966,4.7019663,4.775918,4.8307705,1,1.0,1,0.75,-1.06,28.9,71.1
2023-02-23 06:15:00,139.596082566668,79.323771372222,79.340437388888,18.1166667,-0.782,31.25,2,5.1764362714980825,70.66250196097344,6,3,2,1.0,6.123233995736766e-17,0.4338837391175582,-0.900968867902419,0.8660254037844386,0.5000000000000001,0.0,0.0,0.0,14.1,34.975,100.0,88.5,-2.7750000000000004,3.9766064,0.25,-1.1,18.024074093333336,30.216666666666665,30.45,30.216666666666665,30.45,31.966666666666665,-18.8986667,-0.255555506666667,0.1386666666666667,-0.9206666666666669,-0.7366666666666667,18.244444452222226,-0.8571111111111098,4.8307705,4.7424464,4.742966,4.7019663,4.9144287,0,1.0,1,0.75,-1.12,31.3,68.7
2023-02-23 06:30:00,164.632858872222,107.573752444444,107.593196166664,18.024074093333336,-0.7366666666666667,31.966666666666665,2,5.1764362714980825,70.66250196097344,6,3,2,1.0,6.123233995736766e-17,0.4338837391175582,-0.900968867902419,0.8660254037844386,0.5000000000000001,0.0,0.0,0.0,14.3,34.35,100.0,88.0,-2.85,3.9541397,0.3,-1.1,17.97777776,31.25,30.216666666666665,30.45,30.216666666666665,32.05,-18.760740760000004,-0.0925926066666633,0.0453333333333333,-0.782,-0.654,18.17098766666667,-0.8131111111111099,4.9144287,4.8307705,4.7424464,4.742966,4.913688,0,1.0,0,0.75,-1.13,32.1,67.9
2023-02-23 06:45:00,138.58417866111,92.232421655556,92.252698677776,17.97777776,-0.654,32.05,2,5.1764362714980825,70.66250196097344,6,3,2,1.0,6.123233995736766e-17,0.4338837391175582,-0.900968867902419,0.8660254037844386,0.5000000000000001,0.0,0.0,0.0,14.5,33.725,100.0,87.5,-2.925,3.9316728,0.35,-1.1,18.04629626,31.966666666666665,31.25,30.216666666666665,30.45,32.28333333333333,-18.63177776,-0.0462963333333377,0.0826666666666666,-0.7366666666666667,-0.4353333333333333,18.039506184444445,-0.7242222222222209,4.913688,4.9144287,4.8307705,4.7424464,4.969675,0,1.0,0,0.75,-1.14,32.6,67.4
2023-02-23 07:00:00,302.369849172222,152.081416516666,152.107804377776,18.04629626,-0.4353333333333333,32.28333333333333,2,5.1764362714980825,70.66250196097344,7,3,2,0.9659258262890684,-0.2588190451025206,0.4338837391175582,-0.900968867902419,0.8660254037844386,0.5000000000000001,0.0,0.0,0.0,14.7,33.1,100.0,87.0,-3.0,3.9092062,0.4,-1.1,18.34999997,32.05,31.966666666666665,31.25,30.216666666666665,31.65,-18.48162959333333,0.0685185000000032,0.2186666666666666,-0.654,-0.3846666666666667,18.016049371111112,-0.6086666666666654,4.969675,4.913688,4.9144287,4.8307705,4.9608603,0,0.0,0,1.0,-1.13,31.8,68.2
2023-02-23 07:15:00,292.409692094442,0.0,0.0,18.34999997,-0.3846666666666667,31.65,0,5.1764362714980825,70.66250196097344,7,3,2,0.9659258262890684,-0.2588190451025206,0.4338837391175582,-0.900968867902419,0.8660254037844386,0.5000000000000001,0.0,0.0,0.0,13.575,32.3,100.0,87.5,-2.975,3.9112108,0.325,-1.175,18.144444476666667,32.28333333333333,32.05,31.966666666666665,31.25,31.5,-18.734666636666667,0.3037037099999971,0.0506666666666666,-0.4353333333333333,-0.1713333333333333,18.12469133,-0.491333333333332,4.9608603,4.969675,4.913688,4.9144287,4.877462,1,1.0,1,0.75,-1.06,28.8,71.2
2023-02-23 07:30:00,144.922536216666,92.1504805,92.170479716666,18.144444476666667,-0.1713333333333333,31.5,2,5.1764362714980825,70.66250196097344,7,3,2,0.9659258262890684,-0.2588190451025206,0.4338837391175582,-0.900968867902419,0.8660254037844386,0.5000000000000001,0.0,0.0,0.0,12.45,31.5,100.0,88.0,-2.95,3.9130754,0.25,-1.25,18.2,31.65,32.28333333333333,32.05,31.966666666666665,31.45,-18.31577781,-0.2055554933333319,0.2133333333333333,-0.3846666666666667,-0.2733333333333334,18.180246902222223,-0.3304444444444432,4.877462,4.9608603,4.969675,4.913688,4.885817,0,1.0,1,0.75,-1.11,30.9,69.1
2023-02-23 07:45:00,179.25199638333,135.6220749,135.647907249998,18.2,-0.2733333333333334,31.45,2,5.1764362714980825,70.66250196097344,7,3,2,0.9659258262890684,-0.2588190451025206,0.4338837391175582,-0.900968867902419,0.8660254037844386,0.5000000000000001,0.0,0.0,0.0,11.325,30.7,100.0,88.5,-2.925,3.9148026,0.175,-1.325,18.440740743333333,31.5,31.65,32.28333333333333,32.05,31.03333333333333,-18.473333333333333,0.0555555233333322,-0.102,-0.1713333333333333,-0.3786666666666666,18.23148148222222,-0.2764444444444432,4.885817,4.877462,4.9608603,4.969675,4.8904486,0,1.0,0,0.75,-1.1,30.4,69.6
2023-02-23 08:00:00,53.297034650002,0.0,0.0,18.440740743333333,-0.3786666666666666,31.03333333333333,0,5.1764362714980825,70.66250196097344,8,3,2,0.8660254037844387,-0.4999999999999998,0.4338837391175582,-0.900968867902419,0.8660254037844386,0.5000000000000001,0.0,0.0,0.0,10.2,29.9,100.0,89.0,-2.9,3.9163916,0.1,-1.4,18.20555555,31.45,31.5,31.65,32.28333333333333,31.0,-18.81940741,0.2407407433333332,-0.1053333333333332,-0.2733333333333334,-0.4926666666666667,18.261728406666663,-0.2744444444444432,4.8904486,4.885817,4.877462,4.9608603,4.8174977,1,2.0,1,0.5,-1.04,28.0,72.0
2023-02-23 08:15:00,179.638092122216,115.468714383334,115.49010246111,18.20555555,-0.4926666666666667,31.0,2,5.1764362714980825,70.66250196097344,8,3,2,0.8660254037844387,-0.4999999999999998,0.4338837391175582,-0.900968867902419,0.8660254037844386,0.5000000000000001,4.0,1.0,0.3333333333333333,9.175,27.475,100.0,88.75,-2.9,3.9258614,0.075,-1.325,18.296296266666666,31.03333333333333,31.45,31.5,31.65,31.0,-18.698222216666668,-0.2351851933333328,-0.114,-0.3786666666666666,-0.5393333333333333,18.282098764444445,-0.3815555555555543,4.8174977,4.8904486,4.885817,4.877462,4.843521,0,1.0,1,0.75,-1.1,30.4,69.6
2023-02-23 08:30:00,190.74348120555,143.420651827778,143.445373105554,18.296296266666666,-0.5393333333333333,31.0,2,5.1764362714980825,70.66250196097344,8,3,2,0.8660254037844387,-0.4999999999999998,0.4338837391175582,-0.900968867902419,0.8660254037844386,0.5000000000000001,8.0,3.0,1.0,8.149999999999999,25.05,100.0,88.5,-2.9,3.935309,0.05,-1.25,18.45555554,31.0,31.03333333333333,31.45,31.5,30.65,-18.8356296,0.0907407166666658,-0.0466666666666666,-0.4926666666666667,-0.5646666666666668,18.31419752,-0.470222222222221,4.843521,4.8174977,4.8904486,4.885817,4.8342824,0,1.0,0,0.75,-1.08,29.5,70.5
2023-02-23 08:45:00,52.288741683334,0.0,0.0,18.45555554,-0.5646666666666668,30.65,0,5.1764362714980825,70.66250196097344,8,3,2,0.8660254037844387,-0.4999999999999998,0.4338837391175582,-0.900968867902419,0.8660254037844386,0.5000000000000001,12.0,6.0,2.0,7.125,22.625,100.0,88.25,-2.9,3.9447358,0.0249999999999999,-1.175,18.19999998333333,31.0,31.0,31.03333333333333,31.45,30.683333333333334,-19.020222206666663,0.1592592733333333,-0.0253333333333334,-0.5393333333333333,-0.464,18.31913578555556,-0.532222222222221,4.8342824,4.843521,4.8174977,4.8904486,4.7667136,1,2.0,1,0.5,-1.04,27.9,72.1
2023-02-23 09:00:00,148.789048233332,96.456419372222,96.475863094442,18.19999998333333,-0.464,30.683333333333334,2,5.1764362714980825,70.66250196097344,9,3,2,0.7071067811865476,-0.7071067811865475,0.4338837391175582,-0.900968867902419,0.8660254037844386,0.5000000000000001,16.0,10.0,3.333333333333333,6.1,20.2,100.0,88.0,-2.9,3.9541397,0.0,-1.1,18.09444443,30.65,31.0,31.0,31.03333333333333,31.0,-18.663999983333333,-0.2555555566666641,0.1006666666666667,-0.5646666666666668,-0.3506666666666666,18.31728393,-0.5226666666666655,4.7667136,4.8342824,4.843521,4.8174977,4.7857985,0,1.0,1,0.75,-1.1,30.5,69.5
2023-02-23 09:15:00,160.5444113,100.798467883334,100.817911572222,18.09444443,-0.3506666666666666,31.0,2,5.1764362714980825,70.66250196097344,9,3,2,0.7071067811865476,-0.7071067811865475,0.4338837391175582,-0.900968867902419,0.8660254037844386,0.5000000000000001,26.5,15.625,5.541666666666667,5.8,18.75,100.0,87.75,-2.85,3.9566388,0.0,-1.05,18.037037023333333,30.683333333333334,30.65,31.0,31.0,31.0,-18.445111096666665,-0.1055555533333354,0.1133333333333334,-0.464,-0.234,18.249999984444447,-0.4597777777777765,4.7857985,4.7667136,4.8342824,4.843521,4.7694917,0,1.0,0,0.75,-1.12,31.6,68.4
2023-02-23 09:30:00,205.8325997,158.407830083334,158.43588456111,18.037037023333333,-0.234,31.0,2,5.1764362714980825,70.66250196097344,9,3,2,0.7071067811865476,-0.7071067811865475,0.4338837391175582,-0.900968867902419,0.8660254037844386,0.5000000000000001,37.0,22.875,8.625,5.5,17.3,100.0,87.5,-2.8,3.9591022,0.0,-1.0,18.3888889,31.0,30.683333333333334,30.65,31.0,30.65,-18.27103702333333,-0.0574074066666661,0.1166666666666666,-0.3506666666666666,-0.3513333333333334,18.110493812222224,-0.3495555555555543,4.7694917,4.7857985,4.7667136,4.8342824,4.815213,0,1.0,0,0.75,-1.14,32.2,67.8
2023-02-23 09:45:00,95.704505149994,32.474812088888,32.48536728333,18.3888889,-0.3513333333333334,30.65,1,5.1764362714980825,70.66250196097344,9,3,2,0.7071067811865476,-0.7071067811865475,0.4338837391175582,-0.900968867902419,0.8660254037844386,0.5000000000000001,47.5,31.75,12.583333333333334,5.2,15.85,100.0,87.25,-2.75,3.9615285,0.0,-0.95,18.314814833333333,31.0,31.0,30.683333333333334,30.65,30.683333333333334,-18.74022223333333,0.3518518766666645,-0.1173333333333333,-0.234,-0.2226666666666666,18.173456784444443,-0.3119999999999988,4.815213,4.7694917,4.7857985,4.7667136,4.799315,0,0.0,1,1.0,-1.06,28.6,71.4
2023-02-23 10:00:00,162.549053294446,95.704782755556,95.72005996111,18.314814833333333,-0.2226666666666666,30.683333333333334,2,5.1764362714980825,70.66250196097344,10,3,2,0.4999999999999999,-0.8660254037844387,0.4338837391175582,-0.900968867902419,0.8660254037844386,0.5000000000000001,58.0,42.25,17.416666666666668,4.9,14.4,100.0,87.0,-2.7,3.9639175,0.0,-0.9,18.33333335,30.65,31.0,31.0,30.683333333333334,30.95,-18.5374815,-0.0740740666666646,0.1286666666666667,-0.3513333333333334,-0.046,18.24691358555556,-0.2693333333333321,4.799315,4.815213,4.7694917,4.7857985,4.8463473,0,0.0,1,1.0,-1.07,29.3,70.7
2023-02-23 10:15:00,122.584818627778,67.02454116111,67.042318249998,18.33333335,-0.046,30.95,1,5.1764362714980825,70.66250196097344,10,3,2,0.4999999999999999,-0.8660254037844387,0.4338837391175582,-0.900968867902419,0.8660254037844386,0.5000000000000001,66.5,52.25,22.95833333333333,5.675000000000001,15.575,100.0,87.0,-2.6750000000000003,3.9777,0.0,-0.85,18.39074073333333,30.683333333333334,30.65,31.0,31.0,30.53333333333333,-18.37933335,0.0185185166666634,0.1766666666666667,-0.2226666666666666,-0.1573333333333333,18.345679027777777,-0.2066666666666654,4.8463473,4.799315,4.815213,4.7694917,4.797411,0,0.0,1,1.0,-1.07,29.1,70.9
2023-02-23 10:30:00,86.03183642222,39.788130644444,39.801185688888,18.39074073333333,-0.1573333333333333,30.53333333333333,1,5.1764362714980825,70.66250196097344,10,3,2,0.4999999999999999,-0.8660254037844387,0.4338837391175582,-0.900968867902419,0.8660254037844386,0.5000000000000001,75.0,61.75,29.20833333333333,6.45,16.75,100.0,87.0,-2.6500000000000004,3.9915242,0.0,-0.8,18.24444442,30.95,30.683333333333334,30.65,31.0,30.8,-18.54807406666667,0.0574073833333379,-0.1113333333333333,-0.046,-1.04,18.346296305555555,-0.1419999999999987,4.797411,4.8463473,4.799315,4.815213,4.797483,0,0.0,0,1.0,-1.06,28.6,71.4
2023-02-23 10:45:00,170.535956138886,131.142531888888,131.167253149998,18.24444442,-1.04,30.8,2,5.1764362714980825,70.66250196097344,10,3,2,0.4999999999999999,-0.8660254037844387,0.4338837391175582,-0.900968867902419,0.8660254037844386,0.5000000000000001,83.5,70.75,36.16666666666666,7.225,17.925,100.0,87.0,-2.625,4.005391,0.0,-0.75,18.409259236666667,30.53333333333333,30.95,30.683333333333334,30.65,30.35,-19.28444442,-0.1462963133333339,-0.8826666666666667,-0.1573333333333333,-1.1966666666666663,18.322839501111112,-0.4144444444444432,4.797483,4.797411,4.8463473,4.799315,4.7738457,0,0.0,1,1.0,-1.09,30.1,69.9
2023-02-23 11:00:00,58.415996550002,0.0,0.0,18.409259236666667,-1.1966666666666663,30.35,0,5.1764362714980825,70.66250196097344,11,3,2,0.258819045102521,-0.9659258262890682,0.4338837391175582,-0.900968867902419,0.8660254037844386,0.5000000000000001,92.0,79.25,43.833333333333336,8.0,19.1,100.0,87.0,-2.6,4.019299,0.0,-0.7,18.26666666,30.8,30.53333333333333,30.95,30.683333333333334,30.4,-19.605925903333333,0.1648148166666665,-0.1566666666666665,-1.04,-0.7926666666666667,18.34814813,-0.7979999999999987,4.7738457,4.797483,4.797411,4.8463473,4.74143,1,1.0,1,0.75,-1.05,28.5,71.5
2023-02-23 11:15:00,148.209904733332,91.284404027778,91.303292205554,18.26666666,-0.7926666666666667,30.4,2,5.1764362714980825,70.66250196097344,11,3,2,0.258819045102521,-0.9659258262890682,0.4338837391175582,-0.900968867902419,0.8660254037844386,0.5000000000000001,125.75,94.0625,53.97916666666666,8.0,20.525,100.0,85.75,-2.475,4.044686,0.0,-0.3999999999999999,18.272222223333337,30.35,30.8,30.53333333333333,30.95,30.78333333333333,-19.059333326666664,-0.1425925766666687,0.4039999999999998,-1.1966666666666663,-0.6519999999999999,18.30679010555556,-1.0097777777777766,4.74143,4.7738457,4.797483,4.797411,4.8028007,0,1.0,1,0.75,-1.09,29.9,70.1
2023-02-23 11:30:00,175.16660418888802,134.964045655556,134.988766933332,18.272222223333337,-0.6519999999999999,30.78333333333333,2,5.1764362714980825,70.66250196097344,11,3,2,0.258819045102521,-0.9659258262890682,0.4338837391175582,-0.900968867902419,0.8660254037844386,0.5000000000000001,159.5,115.1875,66.60416666666667,8.0,21.950000000000003,100.0,84.5,-2.35,4.0691524,0.0,-0.0999999999999999,18.388888880000003,30.4,30.35,30.8,30.53333333333333,30.5,-18.924222223333334,0.0055555633333383,0.1406666666666668,-0.7926666666666667,-0.6186666666666666,18.31604937333333,-0.8804444444444431,4.8028007,4.74143,4.7738457,4.797483,4.7916484,0,1.0,0,0.75,-1.08,29.8,70.2
2023-02-23 11:45:00,111.867469522224,69.118624044444,69.13612332777801,18.388888880000003,-0.6186666666666666,30.5,1,5.1764362714980825,70.66250196097344,11,3,2,0.258819045102521,-0.9659258262890682,0.4338837391175582,-0.900968867902419,0.8660254037844386,0.5000000000000001,193.25,142.625,81.70833333333333,8.0,23.375,100.0,83.25,-2.225,4.092656,0.0,0.2,18.233333313333333,30.78333333333333,30.4,30.35,30.8,30.5,-19.00755554666667,0.1166666566666663,0.0333333333333333,-0.6519999999999999,-0.3873333333333333,18.309259254444445,-0.6877777777777765,4.7916484,4.8028007,4.74143,4.7738457,4.747622,0,1.0,1,0.75,-1.06,28.6,71.4
2023-02-23 12:00:00,175.369373827778,122.671759566668,122.694536455556,18.233333313333333,-0.3873333333333333,30.5,2,5.1764362714980825,70.66250196097344,12,3,2,1.2246467991473532e-16,-1.0,0.4338837391175582,-0.900968867902419,0.8660254037844386,0.5000000000000001,227.0,176.375,99.29166666666669,8.0,24.8,100.0,82.0,-2.1,4.115154,0.0,0.5,18.37777774,30.5,30.78333333333333,30.4,30.35,30.45,-18.620666646666667,-0.1555555666666705,0.2313333333333332,-0.6186666666666666,-0.5306666666666666,18.29814813888889,-0.5526666666666653,4.747622,4.7916484,4.8028007,4.74143,4.7806416,0,0.0,1,1.0,-1.09,30.2,69.8
2023-02-23 12:15:00,87.58205207778,33.397552911112,33.41060793889,18.37777774,-0.5306666666666666,30.45,1,5.1764362714980825,70.66250196097344,12,3,2,1.2246467991473532e-16,-1.0,0.4338837391175582,-0.900968867902419,0.8660254037844386,0.5000000000000001,246.0,206.4375,117.58333333333331,7.8,24.0,100.0,81.5,-2.0,4.160751,0.0,0.75,18.36296292666667,30.5,30.5,30.78333333333333,30.4,30.216666666666665,-18.908444406666664,0.1444444266666664,-0.1433333333333332,-0.3873333333333333,-0.6873333333333334,18.333333311111115,-0.5122222222222209,4.7806416,4.747622,4.7916484,4.8028007,4.7398415,0,0.0,1,1.0,-1.06,28.8,71.2
2023-02-23 12:30:00,123.776715449998,50.067719427778,50.095773872222,18.36296292666667,-0.6873333333333334,30.216666666666665,1,5.1764362714980825,70.66250196097344,12,3,2,1.2246467991473532e-16,-1.0,0.4338837391175582,-0.900968867902419,0.8660254037844386,0.5000000000000001,265.0,232.8125,136.58333333333334,7.6,23.200000000000003,100.0,81.0,-1.9,4.2065444,0.0,1.0,18.24444442,30.45,30.5,30.5,30.78333333333333,31.2,-19.050296260000003,-0.0148148133333307,-0.1566666666666667,-0.5306666666666666,-0.4833333333333333,18.324691326666667,-0.5351111111111099,4.7398415,4.7806416,4.747622,4.7916484,4.8597875,0,0.0,0,1.0,-1.07,29.0,71.0
2023-02-23 12:45:00,226.605102166664,119.013572583334,119.076070149998,18.24444442,-0.4833333333333333,31.2,2,5.1764362714980825,70.66250196097344,12,3,2,1.2246467991473532e-16,-1.0,0.4338837391175582,-0.900968867902419,0.8660254037844386,0.5000000000000001,284.0,255.5,156.29166666666666,7.4,22.4,100.0,80.5,-1.8,4.252526,0.0,1.25,18.409259236666667,30.216666666666665,30.45,30.5,30.5,31.316666666666663,-18.72777775333333,-0.1185185066666676,0.204,-0.6873333333333334,-0.07,18.32839502888889,-0.5671111111111099,4.8597875,4.7398415,4.7806416,4.747622,4.9258957,0,0.0,1,1.0,-1.09,30.0,70.0
2023-02-23 13:00:00,49.60857107778,0.0,0.0,18.409259236666667,-0.07,31.316666666666663,0,5.1764362714980825,70.66250196097344,13,3,2,-0.2588190451025208,-0.9659258262890684,0.4338837391175582,-0.900968867902419,0.8660254037844386,0.5000000000000001,303.0,274.5,176.70833333333334,7.2,21.6,100.0,80.0,-1.7,4.298691,0.0,1.5,18.31666668,31.2,30.216666666666665,30.45,30.5,31.05,-18.479259236666667,0.1648148166666665,0.4133333333333333,-0.4833333333333333,0.0306666666666666,18.338888861111112,-0.4135555555555543,4.9258957,4.8597875,4.7398415,4.7806416,4.8572006,1,1.0,1,0.75,-1.05,28.2,71.8
2023-02-23 13:15:00,160.691349872222,105.792434816666,105.814378388888,18.31666668,0.0306666666666666,31.05,2,5.1764362714980825,70.66250196097344,13,3,2,-0.2588190451025208,-0.9659258262890684,0.4338837391175582,-0.900968867902419,0.8660254037844386,0.5000000000000001,299.5,287.875,196.125,8.025,22.775,100.0,79.75,-1.575,4.32184,0.0,1.625,18.43148146,31.316666666666663,31.2,30.216666666666665,30.45,31.28333333333333,-18.286000013333336,-0.0925925566666663,0.1006666666666666,-0.07,-0.3146666666666667,18.323456778888893,-0.1742222222222209,4.8572006,4.9258957,4.8597875,4.7398415,4.9271407,0,1.0,1,0.75,-1.07,29.2,70.8
2023-02-23 13:30:00,162.38655986111,109.7739422,109.79533026111,18.43148146,-0.3146666666666667,31.28333333333333,2,5.1764362714980825,70.66250196097344,13,3,2,-0.2588190451025208,-0.9659258262890684,0.4338837391175582,-0.900968867902419,0.8660254037844386,0.5000000000000001,296.0,295.625,214.54166666666663,8.85,23.950000000000003,100.0,79.5,-1.45,4.3450317,0.0,1.75,18.58888888,31.05,31.316666666666663,31.2,30.216666666666665,30.65,-18.746148126666668,0.1148147799999996,-0.3453333333333334,0.0306666666666666,-0.488,18.38580245888889,-0.1179999999999987,4.9271407,4.8572006,4.9258957,4.8597875,4.8726196,0,1.0,0,0.75,-1.04,28.0,72.0
2023-02-23 13:45:00,42.90522813889,0.0,0.0,18.58888888,-0.488,30.65,0,5.1764362714980825,70.66250196097344,13,3,2,-0.2588190451025208,-0.9659258262890684,0.4338837391175582,-0.900968867902419,0.8660254037844386,0.5000000000000001,292.5,297.75,231.95833333333331,9.675,25.125,100.0,79.25,-1.325,4.3682666,0.0,1.875,18.362962976666665,31.28333333333333,31.05,31.316666666666663,31.2,30.683333333333334,-19.07688888,0.1574074199999984,-0.1733333333333333,-0.3146666666666667,-0.534,18.445679006666666,-0.2573333333333321,4.8726196,4.9271407,4.8572006,4.9258957,4.8130436,1,2.0,1,0.5,-1.01,26.6,73.4
2023-02-23 14:00:00,146.577469983334,107.038773827778,107.059884149998,18.362962976666665,-0.534,30.683333333333334,2,5.1764362714980825,70.66250196097344,14,3,2,-0.4999999999999997,-0.8660254037844388,0.4338837391175582,-0.900968867902419,0.8660254037844386,0.5000000000000001,289.0,294.25,248.375,10.5,26.3,100.0,79.0,-1.2,4.391542,0.0,2.0,18.45555556,30.65,31.28333333333333,31.05,31.316666666666663,30.95,-18.896962976666664,-0.2259259033333336,-0.0459999999999999,-0.488,-0.7453333333333333,18.46111110555556,-0.4455555555555543,4.8130436,4.8726196,4.9271407,4.8572006,4.8816004,0,1.0,1,0.75,-1.06,28.9,71.1
2023-02-23 14:15:00,469.17984330555,103.138652088888,103.160595694442,18.45555556,-0.7453333333333333,30.95,2,5.1764362714980825,70.66250196097344,14,3,2,-0.4999999999999997,-0.8660254037844388,0.4338837391175582,-0.900968867902419,0.8660254037844386,0.5000000000000001,259.25,284.1875,259.5,9.575,26.125,100.0,79.5,-1.175,4.4118567,0.0,1.975,18.605555526666667,30.683333333333334,30.65,31.28333333333333,31.05,30.53333333333333,-19.20088889333333,0.0925925833333352,-0.2113333333333332,-0.534,-0.784,18.46913580555556,-0.5891111111111099,4.8816004,4.8130436,4.8726196,4.9271407,4.8588643,0,1.0,0,0.75,-1.04,27.9,72.1
2023-02-23 14:30:00,77.09108281667,0.0,0.0,18.605555526666667,-0.784,30.53333333333333,0,5.1764362714980825,70.66250196097344,14,3,2,-0.4999999999999997,-0.8660254037844388,0.4338837391175582,-0.900968867902419,0.8660254037844386,0.5000000000000001,229.5,267.5625,265.3333333333333,8.65,25.950000000000003,100.0,80.0,-1.15,4.4320874,0.0,1.95,18.29444442,30.95,30.683333333333334,30.65,31.28333333333333,30.85,-19.389555526666665,0.149999966666666,-0.0386666666666667,-0.7453333333333333,-0.7899999999999999,18.474691354444445,-0.6877777777777765,4.8588643,4.8816004,4.8130436,4.8726196,4.8195553,1,2.0,1,0.5,-1.01,26.5,73.5
2023-02-23 14:45:00,147.240499194438,108.335944172222,108.356776672222,18.29444442,-0.7899999999999999,30.85,2,5.1764362714980825,70.66250196097344,14,3,2,-0.4999999999999997,-0.8660254037844388,0.4338837391175582,-0.900968867902419,0.8660254037844386,0.5000000000000001,199.75,244.375,265.875,7.725,25.775,100.0,80.5,-1.125,4.452236,0.0,1.925,18.33518518,30.53333333333333,30.95,30.683333333333334,30.65,30.816666666666663,-19.08444442,-0.3111111066666687,-0.0059999999999998,-0.784,-0.7580000000000001,18.451851835555555,-0.7731111111111098,4.8195553,4.8588643,4.8816004,4.8130436,4.8260007,0,1.0,1,0.75,-1.08,29.5,70.5
2023-02-23 15:00:00,174.26275154444,124.9183364,124.940835533332,18.33518518,-0.7580000000000001,30.816666666666663,2,5.1764362714980825,70.66250196097344,15,3,2,-0.7071067811865471,-0.7071067811865479,0.4338837391175582,-0.900968867902419,0.8660254037844386,0.5000000000000001,170.0,214.625,261.125,6.8,25.6,100.0,81.0,-1.1,4.472303,0.0,1.9,18.35555552,30.85,30.53333333333333,30.95,30.683333333333334,30.55,-19.09318518,0.040740760000002,0.0319999999999998,-0.7899999999999999,-0.616,18.411728375555555,-0.7773333333333321,4.8260007,4.8195553,4.8588643,4.8816004,4.790024,0,1.0,0,0.75,-1.07,29.1,70.9
2023-02-23 15:15:00,142.55513101666202,103.779182016666,103.801681133332,18.35555552,-0.616,30.55,2,5.1764362714980825,70.66250196097344,15,3,2,-0.7071067811865471,-0.7071067811865479,0.4338837391175582,-0.900968867902419,0.8660254037844386,0.5000000000000001,178.25,194.375,255.47916666666663,6.675,23.6,100.0,80.25,-1.0,4.491344,0.0,2.1,18.331481466666663,30.816666666666663,30.85,30.53333333333333,30.95,30.78333333333333,-18.97155552,0.0203703399999994,0.1420000000000001,-0.7580000000000001,-0.638,18.32839504,-0.721333333333332,4.790024,4.8260007,4.8195553,4.8588643,4.8197203,0,1.0,0,0.75,-1.07,29.0,71.0
2023-02-23 15:30:00,156.38791085000202,104.558039711112,104.579427788888,18.331481466666663,-0.638,30.78333333333333,2,5.1764362714980825,70.66250196097344,15,3,2,-0.7071067811865471,-0.7071067811865479,0.4338837391175582,-0.900968867902419,0.8660254037844386,0.5000000000000001,186.5,183.625,248.9375,6.55,21.6,100.0,79.5,-0.9,4.50997,0.0,2.3,18.43888886,30.55,30.816666666666663,30.85,30.53333333333333,30.2,-18.969481466666668,-0.024074053333333,-0.022,-0.616,-0.404,18.340740722222225,-0.6706666666666655,4.8197203,4.790024,4.8260007,4.8195553,4.758604,0,0.0,0,1.0,-1.07,29.2,70.8
2023-02-23 15:45:00,77.60522891667,21.532749772222,21.544138166668,18.43888886,-0.404,30.2,1,5.1764362714980825,70.66250196097344,15,3,2,-0.7071067811865471,-0.7071067811865479,0.4338837391175582,-0.900968867902419,0.8660254037844386,0.5000000000000001,194.75,182.375,241.5,6.425,19.6,100.0,78.75,-0.8,4.5281672,0.0,2.5,18.23703701333333,30.78333333333333,30.55,30.816666666666663,30.85,30.466666666666665,-18.84288886,0.1074073933333359,0.2339999999999999,-0.638,-0.4406666666666667,18.37530861555556,-0.5526666666666654,4.758604,4.8197203,4.790024,4.8260007,4.7434754,0,0.0,1,1.0,-1.05,28.2,71.8
2023-02-23 16:00:00,169.944868633332,131.001981927778,131.025869855556,18.23703701333333,-0.4406666666666667,30.466666666666665,2,5.1764362714980825,70.66250196097344,16,3,2,-0.8660254037844385,-0.5000000000000004,0.4338837391175582,-0.900968867902419,0.8660254037844386,0.5000000000000001,203.0,190.625,233.16666666666663,6.3,17.6,100.0,78.0,-0.7,4.5459228,0.0,2.7,18.45555558,30.2,30.78333333333333,30.55,30.816666666666663,30.15,-18.67770368,-0.201851846666667,-0.0366666666666666,-0.404,-0.5486666666666667,18.335802446666676,-0.494222222222221,4.7434754,4.758604,4.8197203,4.790024,4.75542,0,0.0,1,1.0,-1.09,30.2,69.8
2023-02-23 16:15:00,109.573672394446,70.65550698333399,70.6738396,18.45555558,-0.5486666666666667,30.15,1,5.1764362714980825,70.66250196097344,16,3,2,-0.8660254037844385,-0.5000000000000004,0.4338837391175582,-0.900968867902419,0.8660254037844386,0.5000000000000001,186.75,192.75,223.77083333333331,5.825,17.525000000000002,100.0,79.75,-0.5249999999999999,4.6166997,0.0,2.6,18.47407409,30.466666666666665,30.2,30.78333333333333,30.55,30.0,-19.004222246666668,0.2185185666666669,-0.108,-0.4406666666666667,-0.3626666666666667,18.377160484444445,-0.4644444444444431,4.75542,4.7434754,4.758604,4.8197203,4.7369595,0,0.0,1,1.0,-1.04,28.0,72.0
2023-02-23 16:30:00,89.732243966664,39.194265516666,39.207876105554,18.47407409,-0.3626666666666667,30.0,1,5.1764362714980825,70.66250196097344,16,3,2,-0.8660254037844385,-0.5000000000000004,0.4338837391175582,-0.900968867902419,0.8660254037844386,0.5000000000000001,170.5,188.75,213.3125,5.35,17.450000000000003,100.0,81.5,-0.35,4.686293,0.0,2.5,18.2722222,30.15,30.466666666666665,30.2,30.78333333333333,30.0,-18.836740756666664,0.0185185099999962,0.186,-0.5486666666666667,-0.53,18.388888894444445,-0.4506666666666654,4.7369595,4.75542,4.7434754,4.758604,4.680586,0,0.0,0,1.0,-1.04,27.9,72.1
2023-02-23 16:45:00,200.645029427778,145.3016877,145.328353349998,18.2722222,-0.53,30.0,2,5.1764362714980825,70.66250196097344,16,3,2,-0.8660254037844385,-0.5000000000000004,0.4338837391175582,-0.900968867902419,0.8660254037844386,0.5000000000000001,154.25,178.625,201.79166666666663,4.875,17.375,100.0,83.25,-0.175,4.7547174,0.0,2.4,18.43888891,30.0,30.15,30.466666666666665,30.2,30.0,-18.8022222,-0.2018518900000003,-0.1673333333333333,-0.3626666666666667,-0.628,18.40061729,-0.4804444444444432,4.680586,4.7369595,4.75542,4.7434754,4.7270894,0,0.0,1,1.0,-1.09,29.9,70.1
2023-02-23 17:00:00,169.363503122216,127.896272844444,127.922105211108,18.43888891,-0.628,30.0,2,5.1764362714980825,70.66250196097344,17,3,2,-0.9659258262890684,-0.2588190451025206,0.4338837391175582,-0.900968867902419,0.8660254037844386,0.5000000000000001,138.0,162.375,189.20833333333331,4.4,17.3,100.0,85.0,0.0,4.8219805,0.0,2.3,18.44444446,30.0,30.0,30.15,30.466666666666665,30.0,-19.06688891,0.1666667100000012,-0.0979999999999999,-0.53,-0.4966666666666667,18.39506173333333,-0.5068888888888877,4.7270894,4.680586,4.7369595,4.75542,4.728646,0,0.0,0,1.0,-1.05,28.2,71.8
2023-02-23 17:15:00,182.936293405554,134.5887829,134.613226388888,18.44444446,-0.4966666666666667,30.0,2,5.1764362714980825,70.66250196097344,17,3,2,-0.9659258262890684,-0.2588190451025206,0.4338837391175582,-0.900968867902419,0.8660254037844386,0.5000000000000001,115.0,144.4375,177.1875,5.0,16.125,100.0,84.75,-0.025,4.815927,0.15,2.325,18.481481473333336,30.0,30.0,30.0,30.15,29.816666666666663,-18.941111126666662,0.0055555500000004,0.1313333333333333,-0.628,-0.52,18.38518519,-0.5515555555555544,4.728646,4.7270894,4.680586,4.7369595,4.7100773,0,0.0,0,1.0,-1.05,28.2,71.8
2023-02-23 17:30:00,75.711693811104,35.865509772222,35.879120311112004,18.481481473333336,-0.52,29.816666666666663,1,5.1764362714980825,70.66250196097344,17,3,2,-0.9659258262890684,-0.2588190451025206,0.4338837391175582,-0.900968867902419,0.8660254037844386,0.5000000000000001,92.0,124.8125,165.72916666666666,5.6,14.95,100.0,84.5,-0.05,4.809838,0.3,2.35,18.38888888,30.0,30.0,30.0,30.0,29.85,-19.00148147333333,0.0370370133333359,-0.0233333333333333,-0.4966666666666667,-0.4033333333333333,18.45493828111111,-0.548222222222221,4.7100773,4.728646,4.7270894,4.680586,4.689531,0,0.0,1,1.0,-1.04,27.9,72.1
2023-02-23 17:45:00,108.954252888884,65.487658155556,65.505157488888,18.38888888,-0.4033333333333333,29.85,1,5.1764362714980825,70.66250196097344,17,3,2,-0.9659258262890684,-0.2588190451025206,0.4338837391175582,-0.900968867902419,0.8660254037844386,0.5000000000000001,69.0,103.5,154.83333333333334,6.2,13.775,100.0,84.25,-0.075,4.803713,0.45,2.375,18.31111108,29.816666666666663,30.0,30.0,30.0,30.0,-18.79222221333333,-0.092592593333336,0.1166666666666667,-0.52,-0.2813333333333334,18.438271604444445,-0.4733333333333321,4.689531,4.7100773,4.728646,4.7270894,4.691402,0,0.0,0,1.0,-1.06,28.8,71.2
2023-02-23 18:00:00,220.0503643,156.95149945555602,156.97733177222202,18.31111108,-0.2813333333333334,30.0,2,5.1764362714980825,70.66250196097344,18,3,2,-1.0,-1.8369701987210294e-16,0.4338837391175582,-0.900968867902419,0.8660254037844386,0.5000000000000001,46.0,80.5,144.5,6.8,12.6,100.0,84.0,-0.1,4.7975526,0.6,2.4,18.583333340000003,29.85,29.816666666666663,30.0,30.0,29.65,-18.59244441333333,-0.0777777999999997,0.1219999999999999,-0.4033333333333333,-0.0913333333333333,18.393827144444447,-0.4015555555555543,4.691402,4.689531,4.7100773,4.728646,4.712094,0,0.0,1,1.0,-1.08,29.5,70.5
2023-02-23 18:15:00,65.352385750002,24.441800055556,24.45346623889,18.583333340000003,-0.0913333333333333,29.65,1,5.1764362714980825,70.66250196097344,18,3,2,-1.0,-1.8369701987210294e-16,0.4338837391175582,-0.900968867902419,0.8660254037844386,0.5000000000000001,36.0,60.75,132.64583333333334,7.45,13.775,100.0,85.0,-0.175,4.7733135,0.4499999999999999,2.15,18.42962964,30.0,29.85,29.816666666666663,30.0,29.683333333333334,-18.674666673333338,0.272222260000003,0.19,-0.2813333333333334,-0.0713333333333333,18.42777776666667,-0.2586666666666654,4.712094,4.691402,4.689531,4.7100773,4.674627,0,0.0,1,1.0,-1.02,26.9,73.1
2023-02-23 18:30:00,366.95698771667,60.444248783334,60.4575816,18.42962964,-0.0713333333333333,29.683333333333334,1,5.1764362714980825,70.66250196097344,18,3,2,-1.0,-1.8369701987210294e-16,0.4338837391175582,-0.900968867902419,0.8660254037844386,0.5000000000000001,26.0,44.25,119.27083333333331,8.1,14.95,100.0,86.0,-0.25,4.748371,0.3,1.9,18.28888891,29.65,30.0,29.85,29.816666666666663,31.45,-18.50096297333333,-0.1537037000000047,0.02,-0.0913333333333333,0.0113333333333333,18.441358020000003,-0.1479999999999987,4.674627,4.712094,4.691402,4.689531,4.9116707,0,0.0,0,1.0,-1.05,28.4,71.6
2023-02-23 18:45:00,978.505580411112,101.502328627778,101.556493127778,18.28888891,0.0113333333333333,31.45,2,5.1764362714980825,70.66250196097344,18,3,2,-1.0,-1.8369701987210294e-16,0.4338837391175582,-0.900968867902419,0.8660254037844386,0.5000000000000001,16.0,31.0,104.375,8.75,16.125,100.0,87.0,-0.325,4.7227516,0.1499999999999999,1.65,18.361111106666662,29.683333333333334,29.65,30.0,29.85,32.65,-18.277555576666668,-0.1407407299999974,0.0826666666666666,-0.0713333333333333,0.086,18.43395063,-0.0504444444444431,4.9116707,4.674627,4.712094,4.691402,5.120976,0,0.0,1,1.0,-1.08,29.4,70.6
2023-02-23 19:00:00,454.48959752222,0.0,0.0,18.361111106666662,0.086,32.65,0,5.1764362714980825,70.66250196097344,19,3,2,-0.9659258262890684,0.2588190451025203,0.4338837391175582,-0.900968867902419,0.8660254037844386,0.5000000000000001,6.0,21.0,87.95833333333333,9.4,17.3,100.0,88.0,-0.4,4.6964827,0.0,1.4,18.29444445,31.45,29.683333333333334,29.65,30.0,33.05,-18.275111106666667,0.0722221966666651,0.0746666666666666,0.0113333333333333,-0.1266666666666666,18.35987655222222,0.0086666666666679,5.120976,4.9116707,4.674627,4.712094,5.163252,1,1.0,1,0.75,-1.05,28.4,71.6
2023-02-23 19:15:00,444.321670905554,0.0,0.0,18.29444445,-0.1266666666666666,33.05,0,5.1764362714980825,70.66250196097344,19,3,2,-0.9659258262890684,0.2588190451025203,0.4338837391175582,-0.900968867902419,0.8660254037844386,0.5000000000000001,4.5,13.125,72.77083333333333,9.275,17.825,91.0,89.0,-0.625,4.622005,0.2,1.0,18.2777778,32.65,31.45,29.683333333333334,29.65,33.46666666666667,-18.421111116666665,-0.0666666566666656,-0.2126666666666666,0.086,-0.168,18.31481482222222,-0.0097777777777765,5.163252,5.120976,4.9116707,4.674627,5.223176,0,2.0,0,0.5,-1.07,29.0,71.0
2023-02-23 19:30:00,551.217117066668,0.0,0.0,18.2777778,-0.168,33.46666666666667,0,5.1764362714980825,70.66250196097344,19,3,2,-0.9659258262890684,0.2588190451025203,0.4338837391175582,-0.900968867902419,0.8660254037844386,0.5000000000000001,3.0,7.375,58.8125,9.15,18.35,82.0,90.0,-0.8500000000000001,4.5477157,0.4,0.6,18.31666665,33.05,32.65,31.45,29.683333333333334,34.3,-18.4457778,-0.0166666500000012,-0.0413333333333333,-0.1266666666666666,-0.1533333333333333,18.31111111888889,-0.0695555555555543,5.223176,5.163252,5.120976,4.9116707,5.3656034,0,3.0,0,0.25,-1.07,29.1,70.9
2023-02-23 19:45:00,518.9509078833299,0.0,0.0,18.31666665,-0.1533333333333333,34.3,0,5.1764362714980825,70.66250196097344,19,3,2,-0.9659258262890684,0.2588190451025203,0.4338837391175582,-0.900968867902419,0.8660254037844386,0.5000000000000001,1.5,3.75,46.083333333333336,9.025,18.875,73.0,91.0,-1.075,4.4736543,0.6000000000000001,0.1999999999999999,18.353703686666663,33.46666666666667,33.05,32.65,31.45,35.8,-18.46999998333333,0.0388888499999993,0.0146666666666666,-0.168,-0.09,18.2962963,-0.1493333333333321,5.3656034,5.223176,5.163252,5.120976,5.6125703,0,4.0,0,0.0,-1.06,28.5,71.5
2023-02-23 20:00:00,209.42495608333,0.0,0.0,18.353703686666663,-0.09,35.8,0,5.1764362714980825,70.66250196097344,20,3,2,-0.8660254037844386,0.5000000000000001,0.4338837391175582,-0.900968867902419,0.8660254037844386,0.5000000000000001,0.0,2.25,34.583333333333336,8.9,19.4,64.0,92.0,-1.3,4.399859,0.8,-0.2,18.3888889,34.3,33.46666666666667,33.05,32.65,36.5,-18.443703686666662,0.0370370366666676,0.0633333333333333,-0.1533333333333333,-0.092,18.316049378888888,-0.1371111111111098,5.6125703,5.3656034,5.223176,5.163252,5.734267,0,4.0,0,0.0,-1.04,27.8,72.2
2023-02-23 20:15:00,152.494455627774,0.0,0.0,18.3888889,-0.092,36.5,0,5.1764362714980825,70.66250196097344,20,3,2,-0.8660254037844386,0.5000000000000001,0.4338837391175582,-0.900968867902419,0.8660254037844386,0.5000000000000001,0.0,1.125,25.0,7.5,22.025,73.0,93.75,-1.3,4.4143944,0.65,-0.425,18.36851851333333,35.8,34.3,33.46666666666667,33.05,36.5,-18.4808889,0.0351852133333352,-0.0019999999999999,-0.09,-0.3806666666666666,18.353086412222225,-0.1117777777777765,5.734267,5.6125703,5.3656034,5.223176,5.727343,0,4.0,0,0.0,-1.03,27.3,72.7
2023-02-23 20:30:00,132.644416227778,0.0,0.0,18.36851851333333,-0.3806666666666666,36.5,0,5.1764362714980825,70.66250196097344,20,3,2,-0.8660254037844386,0.5000000000000001,0.4338837391175582,-0.900968867902419,0.8660254037844386,0.5000000000000001,0.0,0.375,17.333333333333332,6.1,24.65,82.0,95.5,-1.3,4.4273033,0.5,-0.6500000000000001,18.28888889,36.5,35.8,34.3,33.46666666666667,36.55,-18.74918518,-0.0203703866666664,-0.2886666666666666,-0.092,-0.496,18.37037036666667,-0.1875555555555542,5.727343,5.734267,5.6125703,5.3656034,5.7081575,0,4.0,0,0.0,-1.03,27.5,72.5
2023-02-23 20:45:00,832.699468422224,0.0,0.0,18.28888889,-0.496,36.55,0,5.1764362714980825,70.66250196097344,20,3,2,-0.8660254037844386,0.5000000000000001,0.4338837391175582,-0.900968867902419,0.8660254037844386,0.5000000000000001,0.0,0.0,11.583333333333334,4.7,27.275,91.0,97.25,-1.3,4.438628,0.35,-0.8750000000000002,18.225925906666667,36.5,36.5,35.8,34.3,36.6,-18.78488889,-0.0796296233333357,-0.1153333333333334,-0.3806666666666666,-0.504,18.348765434444445,-0.3228888888888876,5.7081575,5.727343,5.734267,5.6125703,5.6946406,0,4.0,0,0.0,-1.05,28.3,71.7
2023-02-23 21:00:00,156.87511366111,0.0,0.0,18.225925906666667,-0.504,36.6,0,5.1764362714980825,70.66250196097344,21,3,2,-0.7071067811865477,0.7071067811865474,0.4338837391175582,-0.900968867902419,0.8660254037844386,0.5000000000000001,0.0,0.0,7.75,3.3,29.9,100.0,99.0,-1.3,4.448407,0.2,-1.1,18.13333332,36.55,36.5,36.5,35.8,35.25,-18.72992590666667,-0.0629629833333318,-0.0079999999999999,-0.496,-0.3806666666666666,18.29444443666667,-0.460222222222221,5.6946406,5.7081575,5.727343,5.734267,5.4545083,0,4.0,0,0.0,-1.06,28.9,71.1
2023-02-23 21:15:00,149.653735844444,0.0,0.0,18.13333332,-0.3806666666666666,35.25,0,5.1764362714980825,70.66250196097344,21,3,2,-0.7071067811865477,0.7071067811865474,0.4338837391175582,-0.900968867902419,0.8660254037844386,0.5000000000000001,0.0,0.0,4.75,4.525,30.35,100.0,96.5,-1.375,4.4197083,0.15,-0.8250000000000001,17.946296283333332,36.6,36.55,36.5,36.5,34.35,-18.51399998666667,-0.0925925866666652,0.1233333333333333,-0.504,-0.1293333333333333,18.216049372222223,-0.460222222222221,5.4545083,5.6946406,5.7081575,5.727343,5.2564526,0,4.0,0,0.0,-1.09,30.2,69.8
2023-02-23 21:30:00,188.062754922224,42.1283148,42.195812133332,17.946296283333332,-0.1293333333333333,34.35,1,5.1764362714980825,70.66250196097344,21,3,2,-0.7071067811865477,0.7071067811865474,0.4338837391175582,-0.900968867902419,0.8660254037844386,0.5000000000000001,0.0,0.0,2.583333333333333,5.75,30.8,100.0,94.0,-1.4500000000000002,4.3880496,0.1,-0.55,17.888888889999997,35.25,36.6,36.55,36.5,34.0,-18.075629616666667,-0.1870370366666698,0.2513333333333333,-0.3806666666666666,0.0913333333333333,18.10185183666667,-0.3379999999999987,5.2564526,5.4545083,5.6946406,5.7081575,5.185146,0,3.0,1,0.25,-1.14,32.4,67.6
2023-02-23 21:45:00,285.716348672222,132.214988955556,132.2922081,17.888888889999997,0.0913333333333333,34.0,2,5.1764362714980825,70.66250196097344,21,3,2,-0.7071067811865477,0.7071067811865474,0.4338837391175582,-0.900968867902419,0.8660254037844386,0.5000000000000001,0.0,0.0,1.25,6.975,31.25,100.0,91.5,-1.525,4.3533454,0.0499999999999999,-0.275,18.04444448666667,34.35,35.25,36.6,36.55,33.81666666666667,-17.797555556666662,-0.0574073933333352,0.2206666666666666,-0.1293333333333333,0.2193333333333333,17.989506164444446,-0.1395555555555543,5.185146,5.2564526,5.4545083,5.6946406,5.2051415,0,2.0,1,0.5,-1.16,33.1,66.9
2023-02-23 22:00:00,225.73291465556,93.048777883334,93.120719455556,18.04444448666667,0.2193333333333333,33.81666666666667,2,5.1764362714980825,70.66250196097344,22,3,2,-0.5000000000000004,0.8660254037844384,0.4338837391175582,-0.900968867902419,0.8660254037844386,0.5000000000000001,0.0,0.0,0.75,8.2,31.7,100.0,89.0,-1.6,4.3155,0.0,-0.0,18.033333350000003,34.0,34.35,35.25,36.6,33.85,-17.825111153333335,0.155555596666673,0.128,0.0913333333333333,0.2513333333333333,17.959876553333334,0.0604444444444456,5.2051415,5.185146,5.2564526,5.4545083,5.206831,0,1.0,0,0.75,-1.12,31.5,68.5
2023-02-23 22:15:00,242.849452283334,101.63648987778,101.706764883334,18.033333350000003,0.2513333333333333,33.85,2,5.1764362714980825,70.66250196097344,22,3,2,-0.5000000000000004,0.8660254037844384,0.4338837391175582,-0.900968867902419,0.8660254037844386,0.5000000000000001,0.0,0.0,0.375,8.674999999999999,28.9,100.0,89.25,-1.6,4.3127337,0.0,-0.05,18.1351852,33.81666666666667,34.0,34.35,35.25,34.0,-17.782000016666668,-0.0111111366666669,0.032,0.2193333333333333,0.336,17.988888908888892,0.1873333333333345,5.206831,5.2051415,5.185146,5.2564526,5.261666,0,0.0,0,1.0,-1.12,31.6,68.4
2023-02-23 22:30:00,131.082812044444,0.0,0.0,18.1351852,0.336,34.0,0,5.1764362714980825,70.66250196097344,22,3,2,-0.5000000000000004,0.8660254037844384,0.4338837391175582,-0.900968867902419,0.8660254037844386,0.5000000000000001,0.0,0.0,0.125,9.15,26.1,100.0,89.5,-1.6,4.309931,0.0,-0.1,17.9833333,33.85,33.81666666666667,34.0,34.35,33.7,-17.799185200000004,0.1018518499999991,0.0846666666666666,0.2513333333333333,-0.182,18.07098767888889,0.2688888888888901,5.261666,5.206831,5.2051415,5.185146,5.168364,1,1.0,1,0.75,-1.1,30.5,69.5
2023-02-23 22:45:00,112.979091772222,26.9305894,26.937255866664,17.9833333,-0.182,33.7,1,5.1764362714980825,70.66250196097344,22,3,2,-0.5000000000000004,0.8660254037844384,0.4338837391175582,-0.900968867902419,0.8660254037844386,0.5000000000000001,0.0,0.0,0.0,9.625,23.3,100.0,89.75,-1.6,4.3070893,0.0,-0.15,17.881481443333332,34.0,33.85,33.81666666666667,34.0,33.96666666666667,-18.1653333,-0.1518519000000004,-0.518,0.336,-0.918,18.05061728333333,0.1351111111111123,5.168364,5.261666,5.206831,5.2051415,5.177778,0,1.0,1,0.75,-1.14,32.2,67.8
2023-02-23 23:00:00,197.751534138886,132.613028616666,132.63330562222,17.881481443333332,-0.918,33.96666666666667,2,5.1764362714980825,70.66250196097344,23,3,2,-0.2588190451025215,0.965925826289068,0.4338837391175582,-0.900968867902419,0.8660254037844386,0.5000000000000001,0.0,0.0,0.0,10.1,20.5,100.0,90.0,-1.6,4.304209,0.0,-0.2,18.21666663,33.7,34.0,33.85,33.81666666666667,33.55,-18.79948144333333,-0.1018518566666699,-0.736,-0.182,-0.9126666666666666,17.999999981111113,-0.2546666666666654,5.177778,5.168364,5.261666,5.206831,5.2172174,0,1.0,1,0.75,-1.16,33.2,66.8
2023-02-23 23:15:00,123.797825738886,47.904750400000005,47.916972194442,18.21666663,-0.9126666666666666,33.55,1,5.1764362714980825,70.66250196097344,23,3,2,-0.2588190451025215,0.965925826289068,0.4338837391175582,-0.900968867902419,0.8660254037844386,0.5000000000000001,0.0,0.0,0.0,10.5,21.225,100.0,90.5,-1.65,4.290921,0.0,-0.325,18.251851826666663,33.96666666666667,33.7,34.0,33.85,32.75,-19.12933329666667,0.3351851866666706,0.0053333333333333,-0.918,-0.7146666666666667,18.02716045777778,-0.6708888888888876,5.2172174,5.177778,5.168364,5.261666,5.103463,0,1.0,1,0.75,-1.08,29.7,70.3
2023-02-23 23:30:00,96.06254634444,13.192527844444,13.200305366664,18.251851826666663,-0.7146666666666667,32.75,1,5.1764362714980825,70.66250196097344,23,3,2,-0.2588190451025215,0.965925826289068,0.4338837391175582,-0.900968867902419,0.8660254037844386,0.5000000000000001,0.0,0.0,0.0,10.9,21.95,100.0,91.0,-1.7000000000000002,4.277504,0.0,-0.4499999999999999,18.05555555,33.55,33.96666666666667,33.7,34.0,33.05,-18.96651849333333,0.0351851966666636,0.1979999999999999,-0.9126666666666666,-0.1033333333333333,18.11666663333333,-0.8484444444444432,5.103463,5.2172174,5.177778,5.168364,5.090497,0,0.0,0,1.0,-1.08,29.5,70.5
2023-02-23 23:45:00,197.75014526111,122.90730576111,122.927305011108,18.05555555,-0.1033333333333333,33.05,2,5.1764362714980825,70.66250196097344,23,3,2,-0.2588190451025215,0.965925826289068,0.4338837391175582,-0.900968867902419,0.8660254037844386,0.5000000000000001,0.0,0.0,0.0,11.3,22.675,100.0,91.5,-1.75,4.2639604,0.0,-0.575,18.28888886,32.75,33.55,33.96666666666667,33.7,33.28333333333333,-18.158888883333333,-0.1962962766666649,0.6113333333333333,-0.7146666666666667,0.482,18.17469133555556,-0.5768888888888876,5.090497,5.103463,5.2172174,5.177778,5.197989,0,0.0,1,1.0,-1.12,31.5,68.5
2023-02-24 00:00:00,134.575172377776,61.363934244444,61.377267077776,18.28888886,0.482,33.28333333333333,1,5.1764362714980825,70.66250196097344,0,4,2,0.0,1.0,-0.433883739117558,-0.9009688679024191,0.8660254037844386,0.5000000000000001,0.0,0.0,0.0,11.7,23.4,100.0,92.0,-1.8,4.2502937,0.0,-0.7,18.31111111,33.05,32.75,33.55,33.96666666666667,33.1,-17.80688886,0.233333309999999,0.5853333333333334,-0.1033333333333333,0.6786666666666666,18.198765412222222,-0.1119999999999987,5.197989,5.090497,5.103463,5.2172174,5.176179,0,0.0,1,1.0,-1.07,29.0,71.0
2023-02-24 00:15:00,72.810698805546,0.0,0.0,18.31111111,0.6786666666666666,33.1,0,5.1764362714980825,70.66250196097344,0,4,2,0.0,1.0,-0.433883739117558,-0.9009688679024191,0.8660254037844386,0.5000000000000001,0.0,0.0,0.0,12.65,25.55,100.0,91.75,-1.75,4.268214,0.0,-0.6,18.10185186333333,33.28333333333333,33.05,32.75,33.55,34.3,-17.632444443333334,0.0222222500000022,0.1966666666666666,0.482,0.6766666666666666,18.21851850666667,0.3524444444444456,5.176179,5.197989,5.090497,5.103463,5.297587,1,1.0,1,0.75,-1.06,28.8,71.2
2023-02-24 00:30:00,86.032114127778,0.0,0.0,18.10185186333333,0.6766666666666666,34.3,0,5.1764362714980825,70.66250196097344,0,4,2,0.0,1.0,-0.433883739117558,-0.9009688679024191,0.8660254037844386,0.5000000000000001,0.0,0.0,0.0,13.6,27.7,100.0,91.5,-1.7000000000000002,4.2861543,0.0,-0.5,18.011111120000002,33.1,33.28333333333333,33.05,32.75,35.7,-17.425185196666664,-0.2092592466666722,-0.002,0.6786666666666666,0.62,18.233950611111112,0.6124444444444457,5.297587,5.176179,5.197989,5.090497,5.4841456,0,2.0,0,0.5,-1.1,30.7,69.3
2023-02-24 00:45:00,85.437138111104,0.0,0.0,18.011111120000002,0.62,35.7,0,5.1764362714980825,70.66250196097344,0,4,2,0.0,1.0,-0.433883739117558,-0.9009688679024191,0.8660254037844386,0.5000000000000001,0.0,0.0,0.0,14.55,29.85,100.0,91.25,-1.65,4.304112,0.0,-0.3999999999999999,17.96851849333333,34.3,33.1,33.28333333333333,33.05,36.0,-17.39111112,-0.0907407433333276,-0.0566666666666666,0.6766666666666666,0.5866666666666667,18.14135803111111,0.6584444444444456,5.4841456,5.297587,5.176179,5.197989,5.516237,0,3.0,0,0.25,-1.12,31.4,68.6
2023-02-24 01:00:00,502.35434943889,127.304352055556,127.319351472222,17.96851849333333,0.5866666666666667,36.0,2,5.1764362714980825,70.66250196097344,1,4,2,0.2588190451025207,0.9659258262890684,-0.433883739117558,-0.9009688679024191,0.8660254037844386,0.5000000000000001,0.0,0.0,0.0,15.5,32.0,100.0,91.0,-1.6,4.322087,0.0,-0.3,18.27222223,35.7,34.3,33.1,33.28333333333333,35.6,-17.381851826666665,-0.0425926266666714,-0.0333333333333333,0.62,0.5686666666666668,18.027160492222222,0.627777777777779,5.516237,5.4841456,5.297587,5.176179,5.554295,0,3.0,1,0.25,-1.13,31.8,68.2
2023-02-24 01:15:00,77.881051333332,49.5238523,49.53246312222,18.27222223,0.5686666666666668,35.6,1,5.1764362714980825,70.66250196097344,1,4,2,0.2588190451025207,0.9659258262890684,-0.433883739117558,-0.9009688679024191,0.8660254037844386,0.5000000000000001,0.0,0.0,0.0,15.7,32.55,98.25,90.25,-1.675,4.2938733,0.0,-0.275,18.307407426666668,36.0,35.7,34.3,33.1,35.03333333333333,-17.703555563333335,0.3037037366666695,-0.0179999999999999,0.5866666666666667,0.548,18.083950614444447,0.5917777777777791,5.554295,5.516237,5.4841456,5.297587,5.477309,0,2.0,1,0.5,-1.06,28.7,71.3
2023-02-24 01:30:00,73.92093204444,32.252876483334,32.257598544444,18.307407426666668,0.548,35.03333333333333,1,5.1764362714980825,70.66250196097344,1,4,2,0.2588190451025207,0.9659258262890684,-0.433883739117558,-0.9009688679024191,0.8660254037844386,0.5000000000000001,0.0,0.0,0.0,15.9,33.1,96.5,89.5,-1.75,4.2655478,0.0,-0.25,18.13888889,35.6,36.0,35.7,34.3,34.95,-17.75940742666667,0.0351851966666671,-0.0206666666666667,0.5686666666666668,0.486,18.18271605,0.567777777777779,5.477309,5.554295,5.516237,5.4841456,5.4098744,0,1.0,0,0.75,-1.05,28.4,71.6
2023-02-24 01:45:00,158.141174050002,108.31288956111,108.327333466664,18.13888889,0.486,34.95,2,5.1764362714980825,70.66250196097344,1,4,2,0.2588190451025207,0.9659258262890684,-0.433883739117558,-0.9009688679024191,0.8660254037844386,0.5000000000000001,0.0,0.0,0.0,16.1,33.650000000000006,94.75,88.75,-1.825,4.23711,0.0,-0.225,18.174074056666665,35.03333333333333,35.6,36.0,35.7,34.53333333333333,-17.652888889999996,-0.1685185366666708,-0.062,0.548,0.3466666666666667,18.23950618222222,0.5342222222222235,5.4098744,5.477309,5.554295,5.516237,5.3565636,0,0.0,1,1.0,-1.09,30.2,69.8
2023-02-24 02:00:00,140.374662572222,100.892630816666,100.908463566664,18.174074056666665,0.3466666666666667,34.53333333333333,2,5.1764362714980825,70.66250196097344,2,4,2,0.4999999999999999,0.8660254037844387,-0.433883739117558,-0.9009688679024191,0.8660254037844386,0.5000000000000001,0.0,0.0,0.0,16.3,34.2,93.0,88.0,-1.9,4.2085605,0.0,-0.2,18.17222224,34.95,35.03333333333333,35.6,36.0,34.45,-17.827407389999998,0.0351851666666682,-0.1393333333333333,0.486,0.2233333333333333,18.20679012444444,0.4602222222222235,5.3565636,5.4098744,5.477309,5.554295,5.343051,0,0.0,0,1.0,-1.09,29.9,70.1
2023-02-24 02:15:00,124.983611588888,90.6222083,90.634985588888,18.17222224,0.2233333333333333,34.45,2,5.1764362714980825,70.66250196097344,2,4,2,0.4999999999999999,0.8660254037844387,-0.433883739117558,-0.9009688679024191,0.8660254037844386,0.5000000000000001,0.0,0.0,0.0,16.4,34.475,94.75,87.25,-2.125,4.1439786,0.0,-0.3,18.312962963333334,34.53333333333333,34.95,35.03333333333333,35.6,34.03333333333333,-17.948888906666667,-0.0018518166666652,-0.1233333333333333,0.3466666666666667,0.138,18.161728395555556,0.3520000000000012,5.343051,5.3565636,5.4098744,5.477309,5.322719,0,0.0,0,1.0,-1.09,30.0,70.0
2023-02-24 02:30:00,44.544329372218,12.844486216666,12.849763838886,18.312962963333334,0.138,34.03333333333333,1,5.1764362714980825,70.66250196097344,2,4,2,0.4999999999999999,0.8660254037844387,-0.433883739117558,-0.9009688679024191,0.8660254037844386,0.5000000000000001,0.0,0.0,0.0,16.5,34.75,96.5,86.5,-2.35,4.080062,0.0,-0.4,18.17222221,34.45,34.53333333333333,34.95,35.03333333333333,34.3,-18.17496296333333,0.1407407233333337,-0.0853333333333333,0.2233333333333333,-0.2153333333333333,18.219753086666667,0.2360000000000012,5.322719,5.343051,5.3565636,5.4098744,5.3197865,0,0.0,1,1.0,-1.06,28.6,71.4
2023-02-24 02:45:00,169.639603111108,135.733737116666,135.752625327774,18.17222221,-0.2153333333333333,34.3,2,5.1764362714980825,70.66250196097344,2,4,2,0.4999999999999999,0.8660254037844387,-0.433883739117558,-0.9009688679024191,0.8660254037844386,0.5000000000000001,0.0,0.0,0.0,16.6,35.025,98.25,85.75,-2.575,4.016805,0.0,-0.5,18.43148150333333,34.03333333333333,34.45,34.53333333333333,34.95,33.666666666666664,-18.38755554333333,-0.1407407533333362,-0.3533333333333334,0.138,-1.1900000000000002,18.219135804444445,0.0486666666666678,5.3197865,5.322719,5.343051,5.3565636,5.302517,0,0.0,1,1.0,-1.09,30.0,70.0
2023-02-24 03:00:00,74.41063460555401,28.354143572222,28.360532233332,18.43148150333333,-1.1900000000000002,33.666666666666664,1,5.1764362714980825,70.66250196097344,3,4,2,0.7071067811865476,0.7071067811865476,-0.433883739117558,-0.9009688679024191,0.8660254037844386,0.5000000000000001,0.0,0.0,0.0,16.7,35.3,100.0,85.0,-2.8,3.954204,0.0,-0.6,18.38888888,34.3,34.03333333333333,34.45,34.53333333333333,33.05,-19.62148150333333,0.2592592933333364,-0.9746666666666668,-0.2153333333333333,-1.7666666666666666,18.30555555888889,-0.4224444444444433,5.302517,5.3197865,5.322719,5.343051,5.192261,0,0.0,1,1.0,-1.03,27.5,72.5
2023-02-24 03:15:00,76.10028933332799,44.131845772222,44.14101212222,18.38888888,-1.7666666666666666,33.05,1,5.1764362714980825,70.66250196097344,3,4,2,0.7071067811865476,0.7071067811865476,-0.433883739117558,-0.9009688679024191,0.8660254037844386,0.5000000000000001,0.0,0.0,0.0,16.15,35.025,100.0,84.5,-2.875,3.9377553,0.0,-0.575,18.29074073,33.666666666666664,34.3,34.03333333333333,34.45,33.46666666666667,-20.155555546666665,-0.0425926233333342,-0.5766666666666664,-1.1900000000000002,-2.144,18.33086419777777,-1.057333333333332,5.192261,5.302517,5.3197865,5.322719,5.2271953,0,0.0,0,1.0,-1.05,28.1,71.9
2023-02-24 03:30:00,147.73992359999602,125.7049716,125.723859777776,18.29074073,-2.144,33.46666666666667,2,5.1764362714980825,70.66250196097344,3,4,2,0.7071067811865476,0.7071067811865476,-0.433883739117558,-0.9009688679024191,0.8660254037844386,0.5000000000000001,0.0,0.0,0.0,15.6,34.75,100.0,84.0,-2.95,3.9212365,0.0,-0.55,18.48333336,33.05,33.666666666666664,34.3,34.03333333333333,32.75,-20.43474073,-0.0981481500000001,-0.3773333333333331,-1.7666666666666666,-2.6213333333333333,18.37037037111111,-1.700222222222221,5.2271953,5.192261,5.302517,5.3197865,5.174017,0,0.0,1,1.0,-1.07,29.0,71.0
2023-02-24 03:45:00,30.244901422216,0.0,0.0,18.48333336,-2.6213333333333333,32.75,0,5.1764362714980825,70.66250196097344,3,4,2,0.7071067811865476,0.7071067811865476,-0.433883739117558,-0.9009688679024191,0.8660254037844386,0.5000000000000001,0.0,0.0,0.0,15.05,34.475,100.0,83.5,-3.025,3.904647,0.0,-0.525,18.30740738333333,33.46666666666667,33.05,33.666666666666664,34.3,32.21666666666667,-21.10466669333333,0.19259263,-0.4773333333333336,-2.144,-3.063333333333333,18.387654323333336,-2.177333333333332,5.174017,5.2271953,5.192261,5.302517,5.036936,1,1.0,1,0.75,-1.03,27.2,72.8
2023-02-24 04:00:00,151.902256900004,106.7673958,106.782672972222,18.30740738333333,-3.063333333333333,32.21666666666667,2,5.1764362714980825,70.66250196097344,4,4,2,0.8660254037844386,0.5000000000000001,-0.433883739117558,-0.9009688679024191,0.8660254037844386,0.5000000000000001,0.0,0.0,0.0,14.5,34.2,100.0,83.0,-3.1,3.8879864,0.0,-0.5,18.38888886,32.75,33.46666666666667,33.05,33.666666666666664,32.4,-21.370740716666667,-0.1759259766666652,-0.4420000000000001,-2.6213333333333333,-3.4893333333333336,18.360493824444447,-2.6095555555555543,5.036936,5.174017,5.2271953,5.192261,5.090144,0,1.0,1,0.75,-1.07,29.1,70.9
2023-02-24 04:15:00,112.894650883326,85.489358072222,85.50435752222,18.38888886,-3.4893333333333336,32.4,2,5.1764362714980825,70.66250196097344,4,4,2,0.8660254037844386,0.5000000000000001,-0.433883739117558,-0.9009688679024191,0.8660254037844386,0.5000000000000001,0.0,0.0,0.0,14.975,34.75,100.0,85.0,-3.275,3.8393083,0.025,-1.025,18.466666676666662,32.21666666666667,32.75,33.46666666666667,33.05,31.566666666666663,-21.878222193333336,0.0814814766666671,-0.4260000000000001,-3.063333333333333,-3.697333333333333,18.39320986777778,-3.0579999999999985,5.090144,5.036936,5.174017,5.2271953,4.9821444,0,1.0,0,0.75,-1.05,28.2,71.8
2023-02-24 04:30:00,69.283895433324,45.42957166111,45.440404611108,18.466666676666662,-3.697333333333333,31.566666666666663,1,5.1764362714980825,70.66250196097344,4,4,2,0.8660254037844386,0.5000000000000001,-0.433883739117558,-0.9009688679024191,0.8660254037844386,0.5000000000000001,0.0,0.0,0.0,15.45,35.3,100.0,87.0,-3.45,3.788524,0.05,-1.55,18.30555556,32.4,32.21666666666667,32.75,33.46666666666667,31.5,-22.16400001,0.0777778166666642,-0.2079999999999997,-3.4893333333333336,-3.8573333333333335,18.38765430666667,-3.4166666666666656,4.9821444,5.090144,5.036936,5.174017,4.924348,0,1.0,1,0.75,-1.03,27.6,72.4
2023-02-24 04:45:00,155.8387662,126.003015227778,126.019403505554,18.30555556,-3.8573333333333335,31.5,2,5.1764362714980825,70.66250196097344,4,4,2,0.8660254037844386,0.5000000000000001,-0.433883739117558,-0.9009688679024191,0.8660254037844386,0.5000000000000001,0.0,0.0,0.0,15.925,35.85,100.0,89.0,-3.625,3.735824,0.075,-2.075,18.361111106666662,31.566666666666663,32.4,32.21666666666667,32.75,31.133333333333333,-22.16288889333333,-0.1611111166666639,-0.1600000000000001,-3.697333333333333,-3.962,18.387037032222224,-3.681333333333333,4.924348,4.9821444,5.090144,5.036936,4.883095,0,0.0,1,1.0,-1.07,29.3,70.7
2023-02-24 05:00:00,134.672112866668,97.8619187,97.876640377776,18.361111106666662,-3.962,31.133333333333333,2,5.1764362714980825,70.66250196097344,5,4,2,0.9659258262890684,0.2588190451025207,-0.433883739117558,-0.9009688679024191,0.8660254037844386,0.5000000000000001,0.0,0.0,0.0,16.4,36.4,100.0,91.0,-3.8,3.6813903,0.1,-2.6,18.2722222,31.5,31.566666666666663,32.4,32.21666666666667,31.15,-22.323111106666666,0.0555555466666639,-0.1046666666666666,-3.8573333333333335,-4.042666666666666,18.37777778111111,-3.838888888888888,4.883095,4.924348,4.9821444,5.090144,4.860008,0,0.0,0,1.0,-1.06,28.8,71.2
2023-02-24 05:15:00,170.771224394446,141.056024183334,141.075190116666,18.2722222,-4.042666666666666,31.15,2,5.1764362714980825,70.66250196097344,5,4,2,0.9659258262890684,0.2588190451025207,-0.433883739117558,-0.9009688679024191,0.8660254037844386,0.5000000000000001,0.0,0.0,0.0,15.7,36.125,100.0,90.5,-4.25,3.565561,0.1,-2.975,18.43888891,31.133333333333333,31.5,31.566666666666663,32.4,30.85,-22.314888866666664,-0.0888889066666678,-0.0806666666666662,-3.962,-4.106,18.31296295555556,-3.953999999999999,4.860008,4.883095,4.924348,4.9821444,4.8610234,0,0.0,0,1.0,-1.08,29.7,70.3
2023-02-24 05:30:00,79.49404244444,46.3839779,46.390644349998,18.43888891,-4.106,30.85,1,5.1764362714980825,70.66250196097344,5,4,2,0.9659258262890684,0.2588190451025207,-0.433883739117558,-0.9009688679024191,0.8660254037844386,0.5000000000000001,0.0,0.0,0.0,15.0,35.849999999999994,100.0,90.0,-4.7,3.4529767,0.1,-3.35,18.4277778,31.15,31.133333333333333,31.5,31.566666666666663,30.2,-22.54488891,0.1666667100000012,-0.0633333333333334,-4.042666666666666,-4.100666666666666,18.35740740555556,-4.036888888888888,4.8610234,4.860008,4.883095,4.924348,4.755471,0,0.0,1,1.0,-1.04,28.1,71.9
2023-02-24 05:45:00,94.003462011108,71.260760555556,71.271315733332,18.4277778,-4.100666666666666,30.2,2,5.1764362714980825,70.66250196097344,5,4,2,0.9659258262890684,0.2588190451025207,-0.433883739117558,-0.9009688679024191,0.8660254037844386,0.5000000000000001,0.0,0.0,0.0,14.3,35.575,100.0,89.5,-5.15,3.3435593,0.1,-3.725,18.36666668,30.85,31.15,31.133333333333333,31.5,30.466666666666665,-22.528444466666667,-0.011111109999998,0.0053333333333336,-4.106,-4.262,18.379629636666667,-4.083111111111109,4.755471,4.8610234,4.860008,4.883095,4.780108,0,0.0,1,1.0,-1.05,28.3,71.7
2023-02-24 06:00:00,179.60726000555,141.983209327778,142.002930805554,18.36666668,-4.262,30.466666666666665,2,5.1764362714980825,70.66250196097344,6,4,2,1.0,6.123233995736766e-17,-0.433883739117558,-0.9009688679024191,0.8660254037844386,0.5000000000000001,0.0,0.0,0.0,13.6,35.3,100.0,89.0,-5.6,3.2372293,0.1,-4.1,18.58888891,30.2,30.85,31.15,31.133333333333333,29.8,-22.62866668,-0.0611111200000031,-0.1613333333333333,-4.100666666666666,-4.518666666666666,18.41111113,-4.156222222222221,4.780108,4.755471,4.8610234,4.860008,4.73749,0,0.0,0,1.0,-1.06,28.9,71.1
2023-02-24 06:15:00,41.98776500555,0.0,0.0,18.58888891,-4.518666666666666,29.8,0,5.1764362714980825,70.66250196097344,6,4,2,1.0,6.123233995736766e-17,-0.433883739117558,-0.9009688679024191,0.8660254037844386,0.5000000000000001,0.0,0.0,0.0,14.5,36.025,100.0,88.25,-5.949999999999999,3.158775,0.1,-4.324999999999999,18.387037033333336,30.466666666666665,30.2,30.85,31.15,29.5,-23.107555576666662,0.2222222299999998,-0.2566666666666668,-4.262,-4.634,18.461111130000003,-4.293777777777776,4.73749,4.780108,4.755471,4.8610234,4.634036,1,1.0,1,0.75,-1.02,26.8,73.2
2023-02-24 06:30:00,146.302758705558,124.695012,124.71306686111,18.387037033333336,-4.634,29.5,2,5.1764362714980825,70.66250196097344,6,4,2,1.0,6.123233995736766e-17,-0.433883739117558,-0.9009688679024191,0.8660254037844386,0.5000000000000001,0.0,0.0,0.0,15.4,36.75,100.0,87.5,-6.3,3.0819035,0.1,-4.55,18.50000002,29.8,30.466666666666665,30.2,30.85,29.4,-23.021037033333336,-0.2018518766666623,-0.1153333333333339,-4.518666666666666,-4.736,18.447530874444443,-4.471555555555554,4.634036,4.73749,4.780108,4.755471,4.649356,0,1.0,1,0.75,-1.06,28.9,71.1
2023-02-24 06:45:00,116.802272238886,95.46090366111,95.476180866664,18.50000002,-4.736,29.4,2,5.1764362714980825,70.66250196097344,6,4,2,1.0,6.123233995736766e-17,-0.433883739117558,-0.9009688679024191,0.8660254037844386,0.5000000000000001,0.0,0.0,0.0,16.3,37.475,100.0,86.75,-6.65,3.0065877,0.1,-4.775,18.57777778333333,29.5,29.8,30.466666666666665,30.2,28.566666666666663,-23.23600002,0.1129629866666661,-0.1019999999999994,-4.634,-4.954,18.491975321111116,-4.629555555555554,4.649356,4.634036,4.73749,4.780108,4.5384326,0,1.0,0,0.75,-1.04,27.8,72.2
2023-02-24 07:00:00,87.34733925000201,41.830826716666,41.840826366664,18.57777778333333,-4.954,28.566666666666663,1,5.1764362714980825,70.66250196097344,7,4,2,0.9659258262890684,-0.2588190451025206,-0.433883739117558,-0.9009688679024191,0.8660254037844386,0.5000000000000001,0.0,0.0,0.0,17.2,38.2,100.0,86.0,-7.0,2.9328017,0.1,-5.0,18.38888886,29.4,29.5,29.8,30.466666666666665,28.85,-23.53177778333333,0.07777776333333,-0.2179999999999999,-4.736,-5.117999999999999,18.488271612222224,-4.774666666666666,4.5384326,4.649356,4.634036,4.73749,4.532428,0,1.0,1,0.75,-1.02,27.2,72.8
2023-02-24 07:15:00,490.486490788892,143.40065266111,143.423151744444,18.38888886,-5.117999999999999,28.85,2,5.1764362714980825,70.66250196097344,7,4,2,0.9659258262890684,-0.2588190451025206,-0.433883739117558,-0.9009688679024191,0.8660254037844386,0.5000000000000001,0.0,0.0,0.0,16.475,39.1,99.5,85.25,-7.3,2.8656764,0.1,-5.2,18.581481516666667,28.566666666666663,29.4,29.5,29.8,28.633333333333333,-23.50688886,-0.1888889233333301,-0.1639999999999997,-4.954,-5.15,18.48888888777778,-4.935999999999999,4.532428,4.5384326,4.649356,4.634036,4.550022,0,0.0,1,1.0,-1.07,29.0,71.0
2023-02-24 07:30:00,68.024778966664,46.912845611112,46.924789633332,18.581481516666667,-5.15,28.633333333333333,1,5.1764362714980825,70.66250196097344,7,4,2,0.9659258262890684,-0.2588190451025206,-0.433883739117558,-0.9009688679024191,0.8660254037844386,0.5000000000000001,0.0,0.0,0.0,15.75,40.0,99.0,84.5,-7.6,2.7998004,0.1,-5.4,18.50555554,28.85,28.566666666666663,29.4,29.5,28.05,-23.73148151666667,0.1925926566666653,-0.0320000000000009,-5.117999999999999,-5.454666666666666,18.51604938666667,-5.073999999999998,4.550022,4.532428,4.5384326,4.649356,4.437326,0,0.0,1,1.0,-1.02,27.1,72.9
2023-02-24 07:45:00,122.615928516666,92.322973616666,92.338250855552,18.50555554,-5.454666666666666,28.05,2,5.1764362714980825,70.66250196097344,7,4,2,0.9659258262890684,-0.2588190451025206,-0.433883739117558,-0.9009688679024191,0.8660254037844386,0.5000000000000001,0.0,0.0,0.0,15.025,40.9,98.5,83.75,-7.899999999999999,2.735155,0.1,-5.6,18.47407407333333,28.633333333333333,28.85,28.566666666666663,29.4,28.466666666666665,-23.960222206666664,-0.0759259766666673,-0.304666666666666,-5.15,-5.454666666666666,18.49197530555556,-5.240888888888887,4.437326,4.550022,4.532428,4.5384326,4.494848,0,0.0,1,1.0,-1.04,28.0,72.0
2023-02-24 08:00:00,172.616706088892,139.72663292777798,139.747187672222,18.47407407333333,-5.454666666666666,28.466666666666665,2,5.1764362714980825,70.66250196097344,8,4,2,0.8660254037844387,-0.4999999999999998,-0.433883739117558,-0.9009688679024191,0.8660254037844386,0.5000000000000001,0.0,0.0,0.0,14.3,41.8,98.0,83.0,-8.2,2.6717207,0.1,-5.8,18.62777779,28.05,28.633333333333333,28.85,28.566666666666663,27.85,-23.92874074,-0.0314814666666656,0.0,-5.454666666666666,-5.561999999999999,18.520370376666666,-5.353111111111111,4.494848,4.437326,4.550022,4.532428,4.437691,0,0.0,0,1.0,-1.05,28.2,71.8
2023-02-24 08:15:00,59.729555255552,25.116773088888,25.123995099996,18.62777779,-5.561999999999999,27.85,1,5.1764362714980825,70.66250196097344,8,4,2,0.8660254037844387,-0.4999999999999998,-0.433883739117558,-0.9009688679024191,0.8660254037844386,0.5000000000000001,13.75,3.4375,1.1458333333333333,15.2,41.075,98.5,82.0,-8.399999999999999,2.6347578,0.075,-5.825,18.438888870000003,28.466666666666665,28.05,28.633333333333333,28.85,28.15,-24.18977779,0.1537037166666657,-0.107333333333333,-5.454666666666666,-5.586,18.535802467777778,-5.490444444444442,4.437691,4.494848,4.437326,4.550022,4.435585,0,0.0,1,1.0,-1.02,26.8,73.2
2023-02-24 08:30:00,169.51183033889,140.065508305554,140.08634080555402,18.438888870000003,-5.586,28.15,2,5.1764362714980825,70.66250196097344,8,4,2,0.8660254037844387,-0.4999999999999998,-0.433883739117558,-0.9009688679024191,0.8660254037844386,0.5000000000000001,27.5,10.3125,3.4375,16.1,40.35,99.0,81.0,-8.6,2.597917,0.05,-5.85,18.44444445,27.85,28.466666666666665,28.05,28.633333333333333,27.75,-24.024888870000005,-0.1888889199999965,-0.0240000000000009,-5.561999999999999,-5.994,18.513580244444444,-5.534222222222222,4.435585,4.437691,4.494848,4.437326,4.373997,0,0.0,1,1.0,-1.06,28.7,71.3
2023-02-24 08:45:00,122.941471077776,99.790452655556,99.806563127778,18.44444445,-5.994,27.75,2,5.1764362714980825,70.66250196097344,8,4,2,0.8660254037844387,-0.4999999999999998,-0.433883739117558,-0.9009688679024191,0.8660254037844386,0.5000000000000001,41.25,20.625,6.875,17.0,39.625,99.5,80.0,-8.8,2.5612009,0.0249999999999999,-5.875,18.251851876666667,28.15,27.85,28.466666666666665,28.05,27.216666666666665,-24.43844445,0.0055555799999957,-0.4079999999999995,-5.586,-6.158,18.503703703333333,-5.713999999999999,4.373997,4.435585,4.437691,4.494848,4.2411985,0,0.0,0,1.0,-1.06,28.7,71.3
2023-02-24 09:00:00,138.347521511108,112.229955072222,112.248009933332,18.251851876666667,-6.158,27.216666666666665,2,5.1764362714980825,70.66250196097344,9,4,2,0.7071067811865476,-0.7071067811865475,-0.433883739117558,-0.9009688679024191,0.8660254037844386,0.5000000000000001,55.0,34.375,11.458333333333334,17.9,38.9,100.0,79.0,-9.0,2.5246081,0.0,-5.9,18.31666666,27.75,28.15,27.85,28.466666666666665,27.45,-24.409851876666668,-0.1925925733333322,-0.1640000000000006,-5.994,-6.326,18.37839506555556,-5.9126666666666665,4.2411985,4.373997,4.435585,4.437691,4.2940474,0,0.0,0,1.0,-1.11,30.8,69.2
2023-02-24 09:15:00,237.686880994446,195.842721544444,195.869109405554,18.31666666,-6.326,27.45,2,5.1764362714980825,70.66250196097344,9,4,2,0.7071067811865476,-0.7071067811865475,-0.433883739117558,-0.9009688679024191,0.8660254037844386,0.5000000000000001,60.5,46.0625,16.5,18.275,39.875,100.0,78.25,-9.25,2.4735854,0.025,-6.050000000000001,18.644444473333333,27.216666666666665,27.75,28.15,27.85,26.85,-24.64266666,0.0648147833333325,-0.1679999999999992,-6.158,-6.73,18.33765432888889,-6.159333333333332,4.2940474,4.2411985,4.373997,4.435585,4.2825727,0,0.0,0,1.0,-1.09,30.1,69.9
2023-02-24 09:30:00,47.323940349998,22.608817827778,22.617150877776,18.644444473333333,-6.73,26.85,1,5.1764362714980825,70.66250196097344,9,4,2,0.7071067811865476,-0.7071067811865475,-0.433883739117558,-0.9009688679024191,0.8660254037844386,0.5000000000000001,66.0,55.6875,22.0,18.65,40.85,100.0,77.5,-9.5,2.423337,0.05,-6.2,18.51666665,27.45,27.216666666666665,27.75,28.15,26.5,-25.37444447333333,0.3277778133333342,-0.4040000000000008,-6.326,-6.668,18.404321003333333,-6.404666666666665,4.2825727,4.2940474,4.2411985,4.373997,4.1948867,0,0.0,1,1.0,-1.02,26.9,73.1
2023-02-24 09:45:00,158.822813400004,137.961147983334,137.981702727778,18.51666665,-6.668,26.5,2,5.1764362714980825,70.66250196097344,9,4,2,0.7071067811865476,-0.7071067811865475,-0.433883739117558,-0.9009688679024191,0.8660254037844386,0.5000000000000001,71.5,63.25,27.95833333333333,19.025,41.825,100.0,76.75,-9.75,2.3738537,0.075,-6.35,18.557407416666667,26.85,27.45,27.216666666666665,27.75,26.5,-25.18466665,-0.1277778233333357,0.0620000000000002,-6.73,-6.6466666666666665,18.49259259444444,-6.5746666666666655,4.1948867,4.2825727,4.2940474,4.2411985,4.205022,0,0.0,1,1.0,-1.05,28.2,71.8
2023-02-24 10:00:00,220.262855783334,194.984422511112,195.010254827778,18.557407416666667,-6.6466666666666665,26.5,2,5.1764362714980825,70.66250196097344,10,4,2,0.4999999999999999,-0.8660254037844387,-0.433883739117558,-0.9009688679024191,0.8660254037844386,0.5000000000000001,77.0,68.75,34.375,19.4,42.8,100.0,76.0,-10.0,2.3251257,0.1,-6.5,18.72222225,26.5,26.85,27.45,27.216666666666665,26.15,-25.20407408333333,0.0407407666666692,0.0213333333333336,-6.668,-6.6066666666666665,18.57283951333333,-6.681555555555555,4.205022,4.1948867,4.2825727,4.2940474,4.19016,0,0.0,0,1.0,-1.04,27.8,72.2
2023-02-24 10:15:00,50.508257472218,12.096182816666,12.102571527774,18.72222225,-6.6066666666666665,26.15,1,5.1764362714980825,70.66250196097344,10,4,2,0.4999999999999999,-0.8660254037844387,-0.433883739117558,-0.9009688679024191,0.8660254037844386,0.5000000000000001,92.5,76.75,42.083333333333336,19.15,42.9,100.0,75.0,-10.3,2.27372,0.1,-6.625,18.52962964,26.5,26.5,26.85,27.45,26.183333333333334,-25.328888916666667,0.1648148333333345,0.04,-6.6466666666666665,-6.488,18.59876543888889,-6.640444444444444,4.19016,4.205022,4.1948867,4.2825727,4.147943,0,0.0,1,1.0,-1.0,26.3,73.7
2023-02-24 10:30:00,142.958725855556,107.202100611112,107.219044383334,18.52962964,-6.488,26.183333333333334,2,5.1764362714980825,70.66250196097344,10,4,2,0.4999999999999999,-0.8660254037844387,-0.433883739117558,-0.9009688679024191,0.8660254037844386,0.5000000000000001,108.0,87.25,51.083333333333336,18.9,43.0,100.0,74.0,-10.6,2.2230344,0.1,-6.75,18.41666666,26.15,26.5,26.5,26.85,26.4,-25.01762964,-0.1925926100000019,0.118666666666666,-6.6066666666666665,-6.625333333333333,18.60308643555556,-6.580444444444443,4.147943,4.19016,4.205022,4.1948867,4.154362,0,0.0,1,1.0,-1.05,28.2,71.8
2023-02-24 10:45:00,140.60965305556,116.949766272222,116.968376644444,18.41666666,-6.625333333333333,26.4,2,5.1764362714980825,70.66250196097344,10,4,2,0.4999999999999999,-0.8660254037844387,-0.433883739117558,-0.9009688679024191,0.8660254037844386,0.5000000000000001,123.5,100.25,61.375,18.65,43.1,100.0,73.0,-10.9,2.1730597,0.1,-6.875,18.51296298,26.183333333333334,26.15,26.5,26.5,25.566666666666663,-25.04199999333333,-0.1129629800000024,-0.1373333333333324,-6.488,-6.881333333333333,18.55617285,-6.573333333333332,4.154362,4.147943,4.19016,4.205022,4.0462546,0,0.0,0,1.0,-1.07,29.3,70.7
2023-02-24 11:00:00,116.245905677772,88.3956307,88.41201896111,18.51296298,-6.881333333333333,25.566666666666663,2,5.1764362714980825,70.66250196097344,11,4,2,0.258819045102521,-0.9659258262890682,-0.433883739117558,-0.9009688679024191,0.8660254037844386,0.5000000000000001,139.0,115.75,72.95833333333333,18.4,43.2,100.0,72.0,-11.2,2.123789,0.1,-7.0,18.533333350000003,26.4,26.183333333333334,26.15,26.5,25.85,-25.39429631333333,0.0962963200000039,-0.2560000000000002,-6.625333333333333,-6.822666666666667,18.48641976,-6.664888888888888,4.0462546,4.154362,4.147943,4.19016,4.096036,0,0.0,0,1.0,-1.06,28.5,71.5
2023-02-24 11:15:00,183.081565244448,161.264938027778,161.287437144444,18.533333350000003,-6.822666666666667,25.85,2,5.1764362714980825,70.66250196097344,11,4,2,0.258819045102521,-0.9659258262890682,-0.433883739117558,-0.9009688679024191,0.8660254037844386,0.5000000000000001,161.75,133.0625,85.29166666666667,18.25,42.650000000000006,100.0,71.0,-11.4,2.094292,0.1,-7.0,18.73703706,25.566666666666663,26.4,26.183333333333334,26.15,26.0,-25.35600001666667,0.0203703700000019,0.0586666666666664,-6.881333333333333,-7.2,18.48765433,-6.776444444444444,4.096036,4.0462546,4.154362,4.147943,4.169777,0,0.0,0,1.0,-1.05,28.2,71.8
2023-02-24 11:30:00,153.021656738886,117.955003844444,117.972225388888,18.73703706,-7.2,26.0,2,5.1764362714980825,70.66250196097344,11,4,2,0.258819045102521,-0.9659258262890682,-0.433883739117558,-0.9009688679024191,0.8660254037844386,0.5000000000000001,184.5,152.1875,98.375,18.1,42.1,100.0,70.0,-11.6,2.0647948,0.1,-7.0,18.74999999,25.85,25.566666666666663,26.4,26.183333333333334,25.7,-25.93703706,0.2037037099999956,-0.3773333333333335,-6.822666666666667,-7.171333333333333,18.594444463333332,-6.967999999999999,4.169777,4.096036,4.0462546,4.154362,4.124825,0,0.0,0,1.0,-1.0,26.2,73.8
2023-02-24 11:45:00,101.010126283326,64.297983511112,64.311316377776,18.74999999,-7.171333333333333,25.7,1,5.1764362714980825,70.66250196097344,11,4,2,0.258819045102521,-0.9659258262890682,-0.433883739117558,-0.9009688679024191,0.8660254037844386,0.5000000000000001,207.25,173.125,112.20833333333331,17.95,41.55,100.0,69.0,-11.8,2.0352976,0.1,-7.0,18.5351852,26.0,25.85,25.566666666666663,26.4,25.966666666666665,-25.92133332333333,0.0129629300000004,0.028666666666667,-7.2,-7.329333333333333,18.6734568,-7.064666666666665,4.124825,4.169777,4.096036,4.0462546,4.1149735,0,0.0,1,1.0,-1.0,26.1,73.9
2023-02-24 12:00:00,184.636225472218,162.421836216666,162.445446405554,18.5351852,-7.329333333333333,25.966666666666665,2,5.1764362714980825,70.66250196097344,12,4,2,1.2246467991473532e-16,-1.0,-0.433883739117558,-0.9009688679024191,0.8660254037844386,0.5000000000000001,230.0,195.875,126.79166666666669,17.8,41.0,100.0,68.0,-12.0,2.0058005,0.1,-7.0,18.75555555,25.7,26.0,25.85,25.566666666666663,26.35,-25.86451853333333,-0.2148147899999983,-0.1580000000000003,-7.171333333333333,-7.328666666666666,18.67407408333333,-7.233555555555554,4.1149735,4.124825,4.169777,4.096036,4.2305393,0,0.0,1,1.0,-1.05,28.2,71.8
2023-02-24 12:15:00,803.849233694442,112.852985716666,112.873262755552,18.75555555,-7.328666666666666,26.35,2,5.1764362714980825,70.66250196097344,12,4,2,1.2246467991473532e-16,-1.0,-0.433883739117558,-0.9009688679024191,0.8660254037844386,0.5000000000000001,260.25,220.5,143.4375,18.2,41.825,100.0,67.0,-12.125,1.9871751,0.075,-6.925,18.78333333333333,25.966666666666665,25.7,26.0,25.85,26.683333333333334,-26.084222216666667,0.2203703499999996,0.0006666666666674,-7.329333333333333,-7.1080000000000005,18.68024691333333,-7.276444444444444,4.2305393,4.1149735,4.124825,4.169777,4.2910976,0,0.0,0,1.0,-1.0,25.9,74.1
2023-02-24 12:30:00,137.130903477776,0.0,0.0,18.78333333333333,-7.1080000000000005,26.683333333333334,0,5.1764362714980825,70.66250196097344,12,4,2,1.2246467991473532e-16,-1.0,-0.433883739117558,-0.9009688679024191,0.8660254037844386,0.5000000000000001,290.5,247.0,162.14583333333334,18.6,42.65,100.0,66.0,-12.25,1.9682769,0.05,-6.85,18.41111109,26.35,25.966666666666665,25.7,26.0,27.85,-25.891333333333336,0.0277777833333345,0.2206666666666654,-7.328666666666666,-7.056666666666667,18.691358027777778,-7.255333333333333,4.2910976,4.2305393,4.1149735,4.124825,4.381094,1,1.0,1,0.75,-0.99,25.6,74.4
2023-02-24 12:45:00,732.552085611112,66.216517883334,66.270960155556,18.41111109,-7.056666666666667,27.85,1,5.1764362714980825,70.66250196097344,12,4,2,1.2246467991473532e-16,-1.0,-0.433883739117558,-0.9009688679024191,0.8660254037844386,0.5000000000000001,320.75,275.375,182.91666666666663,19.0,43.475,100.0,65.0,-12.375,1.9491037,0.0249999999999999,-6.775,18.32222223666667,26.683333333333334,26.35,25.966666666666665,25.7,29.766666666666666,-25.46777775666667,-0.3722222433333328,0.0513333333333339,-7.1080000000000005,-7.064666666666667,18.64999999111112,-7.164444444444443,4.381094,4.2910976,4.2305393,4.1149735,4.6579814,0,1.0,1,0.75,-1.07,29.0,71.0
2023-02-24 13:00:00,252.029918416666,144.936702283334,145.011699266668,18.32222223666667,-7.064666666666667,29.766666666666666,2,5.1764362714980825,70.66250196097344,13,4,2,-0.2588190451025208,-0.9659258262890684,-0.433883739117558,-0.9009688679024191,0.8660254037844386,0.5000000000000001,351.0,305.625,205.75,19.4,44.3,100.0,64.0,-12.5,1.9296539,0.0,-6.7,18.36666668,27.85,26.683333333333334,26.35,25.966666666666665,29.1,-25.386888903333336,-0.0888888533333336,-0.008,-7.056666666666667,-7.09,18.505555553333338,-7.076444444444443,4.6579814,4.381094,4.2910976,4.2305393,4.565683,0,1.0,1,0.75,-1.08,29.5,70.5
2023-02-24 13:15:00,227.417291911108,96.1253215,96.19476322222,18.36666668,-7.09,29.1,2,5.1764362714980825,70.66250196097344,13,4,2,-0.2588190451025208,-0.9659258262890684,-0.433883739117558,-0.9009688679024191,0.8660254037844386,0.5000000000000001,363.75,331.5,228.35416666666663,19.675,44.825,100.0,63.75,-12.475,1.9256257,0.025,-6.675,18.18148151333333,29.766666666666666,27.85,26.683333333333334,26.35,28.866666666666667,-25.45666668,0.0444444433333295,-0.0253333333333332,-7.064666666666667,-7.174666666666667,18.366666668888893,-7.070444444444443,4.565683,4.6579814,4.381094,4.2910976,4.479562,0,1.0,0,0.75,-1.07,29.2,70.8
2023-02-24 13:30:00,259.472954099996,139.140823027778,139.21332017777598,18.18148151333333,-7.174666666666667,28.866666666666667,2,5.1764362714980825,70.66250196097344,13,4,2,-0.2588190451025208,-0.9659258262890684,-0.433883739117558,-0.9009688679024191,0.8660254037844386,0.5000000000000001,376.5,353.0,250.72916666666663,19.95,45.35,100.0,63.5,-12.45,1.9215759,0.05,-6.65,18.327777790000003,29.1,29.766666666666666,27.85,26.683333333333334,29.35,-25.35614818,-0.1851851666666668,-0.0846666666666671,-7.09,-7.285333333333333,18.29012347666667,-7.109777777777777,4.479562,4.565683,4.6579814,4.381094,4.594295,0,0.0,0,1.0,-1.11,31.2,68.8
2023-02-24 13:45:00,212.426224827778,92.306029844444,92.378804749998,18.327777790000003,-7.285333333333333,29.35,2,5.1764362714980825,70.66250196097344,13,4,2,-0.2588190451025208,-0.9659258262890684,-0.433883739117558,-0.9009688679024191,0.8660254037844386,0.5000000000000001,389.25,370.125,272.875,20.225,45.875,100.0,63.25,-12.425,1.917504,0.075,-6.625,18.379629613333336,28.866666666666667,29.1,29.766666666666666,27.85,28.1,-25.613111123333336,0.1462962766666713,-0.110666666666666,-7.174666666666667,-7.123333333333333,18.291975327777777,-7.183333333333333,4.594295,4.479562,4.565683,4.6579814,4.412176,0,0.0,0,1.0,-1.08,29.5,70.5
2023-02-24 14:00:00,194.962478988888,74.00648407222201,74.07620349999999,18.379629613333336,-7.123333333333333,28.1,2,5.1764362714980825,70.66250196097344,14,4,2,-0.4999999999999997,-0.8660254037844388,-0.433883739117558,-0.9009688679024191,0.8660254037844386,0.5000000000000001,402.0,382.875,294.7916666666667,20.5,46.4,100.0,63.0,-12.4,1.9134098,0.1,-6.6,18.30555558,29.35,28.866666666666667,29.1,29.766666666666666,28.35,-25.50296294666667,0.0518518233333331,0.1619999999999999,-7.285333333333333,-7.149333333333333,18.29629630555556,-7.194444444444443,4.412176,4.594295,4.479562,4.565683,4.431914,0,0.0,0,1.0,-1.07,29.3,70.7
2023-02-24 14:15:00,276.728930549994,172.313384972222,172.395048388888,18.30555558,-7.149333333333333,28.35,2,5.1764362714980825,70.66250196097344,14,4,2,-0.4999999999999997,-0.8660254037844388,-0.433883739117558,-0.9009688679024191,0.8660254037844386,0.5000000000000001,374.25,385.5,312.5,20.425,46.6,100.0,63.5,-12.35,1.9215759,0.1,-6.65,18.55740743,28.1,29.35,28.866666666666667,29.1,28.133333333333333,-25.454888913333328,-0.0740740333333391,-0.0259999999999998,-7.123333333333333,-7.245333333333334,18.33765432777778,-7.185999999999999,4.431914,4.412176,4.594295,4.479562,4.4641995,0,0.0,0,1.0,-1.09,30.0,70.0
2023-02-24 14:30:00,135.10765114444,28.507193016666,28.57552368333,18.55740743,-7.245333333333334,28.133333333333333,1,5.1764362714980825,70.66250196097344,14,4,2,-0.4999999999999997,-0.8660254037844388,-0.433883739117558,-0.9009688679024191,0.8660254037844386,0.5000000000000001,346.5,378.0,326.0,20.35,46.8,100.0,64.0,-12.3,1.9296539,0.1,-6.699999999999999,18.46111111,28.35,28.1,29.35,28.866666666666667,27.55,-25.802740763333336,0.2518518500000049,-0.0960000000000009,-7.149333333333333,-7.164000000000001,18.41419754111111,-7.1726666666666645,4.4641995,4.431914,4.412176,4.594295,4.3467655,0,0.0,1,1.0,-1.03,27.5,72.5
2023-02-24 14:45:00,567.257586555556,133.369387244444,133.446884194442,18.46111111,-7.164000000000001,27.55,2,5.1764362714980825,70.66250196097344,14,4,2,-0.4999999999999997,-0.8660254037844388,-0.433883739117558,-0.9009688679024191,0.8660254037844386,0.5000000000000001,318.75,360.375,335.2916666666667,20.275,47.0,100.0,64.5,-12.25,1.937645,0.1,-6.75,18.50185182333333,28.133333333333333,28.35,28.1,29.35,27.966666666666665,-25.62511111,-0.0962963200000004,0.0813333333333332,-7.245333333333334,-7.260666666666666,18.44135804,-7.186222222222221,4.3467655,4.4641995,4.431914,4.412176,4.423172,0,0.0,1,1.0,-1.06,28.6,71.4
2023-02-24 15:00:00,231.02353643889,108.893144083334,108.969252172222,18.50185182333333,-7.260666666666666,27.966666666666665,2,5.1764362714980825,70.66250196097344,15,4,2,-0.7071067811865471,-0.7071067811865479,-0.433883739117558,-0.9009688679024191,0.8660254037844386,0.5000000000000001,291.0,332.625,340.375,20.2,47.2,100.0,65.0,-12.2,1.9455482,0.1,-6.8,18.51666666,27.55,28.133333333333333,28.35,28.1,27.35,-25.76251849,0.0407407133333315,-0.0966666666666657,-7.164000000000001,-7.211333333333333,18.506790121111116,-7.223333333333332,4.423172,4.3467655,4.4641995,4.431914,4.3294396,0,0.0,0,1.0,-1.05,28.1,71.9
2023-02-24 15:15:00,131.888890916666,61.367545183334,61.398377349998,18.51666666,-7.211333333333333,27.35,1,5.1764362714980825,70.66250196097344,15,4,2,-0.7071067811865471,-0.7071067811865479,-0.433883739117558,-0.9009688679024191,0.8660254037844386,0.5000000000000001,261.25,304.375,340.4583333333333,20.075,46.825,100.0,65.5,-12.2,1.9498,0.1,-6.875,18.34444441333333,27.966666666666665,27.55,28.133333333333333,28.35,27.466666666666665,-25.72799999333333,0.014814836666666,0.0493333333333332,-7.260666666666666,-7.158666666666666,18.49320986444445,-7.211999999999999,4.3294396,4.423172,4.3467655,4.4641995,4.303741,0,0.0,1,1.0,-1.05,28.1,71.9
2023-02-24 15:30:00,205.610941850002,161.811305022224,161.83324857778,18.34444441333333,-7.158666666666666,27.466666666666665,2,5.1764362714980825,70.66250196097344,15,4,2,-0.7071067811865471,-0.7071067811865479,-0.433883739117558,-0.9009688679024191,0.8660254037844386,0.5000000000000001,231.5,275.625,335.5416666666667,19.95,46.45,100.0,66.0,-12.2,1.9539403,0.1,-6.949999999999999,18.54444443,27.35,27.966666666666665,27.55,28.133333333333333,27.45,-25.50311108,-0.1722222466666636,0.052666666666667,-7.211333333333333,-7.237999999999999,18.45432096555556,-7.210222222222221,4.303741,4.3294396,4.423172,4.3467655,4.352427,0,0.0,1,1.0,-1.08,29.8,70.2
2023-02-24 15:45:00,188.312467150002,140.5043796,140.524656605554,18.54444443,-7.237999999999999,27.45,2,5.1764362714980825,70.66250196097344,15,4,2,-0.7071067811865471,-0.7071067811865479,-0.433883739117558,-0.9009688679024191,0.8660254037844386,0.5000000000000001,201.75,246.375,325.625,19.825,46.075,100.0,66.5,-12.2,1.95797,0.1,-7.025,18.664814826666667,27.466666666666665,27.35,27.966666666666665,27.55,26.85,-25.78244443,0.2000000166666637,-0.0793333333333334,-7.158666666666666,-7.152,18.46851850111111,-7.202666666666666,4.352427,4.303741,4.3294396,4.423172,4.287737,0,0.0,0,1.0,-1.04,27.8,72.2
2023-02-24 16:00:00,87.06957271110801,40.03978726111,40.050064699996,18.664814826666667,-7.152,26.85,1,5.1764362714980825,70.66250196097344,16,4,2,-0.8660254037844385,-0.5000000000000004,-0.433883739117558,-0.9009688679024191,0.8660254037844386,0.5000000000000001,172.0,216.625,310.7083333333333,19.7,45.7,100.0,67.0,-12.2,1.9618897,0.1,-7.1,18.4388889,27.45,27.466666666666665,27.35,27.966666666666665,26.85,-25.81681482666667,0.1203703966666687,0.0859999999999994,-7.237999999999999,-6.968000000000001,18.517901223333336,-7.182888888888887,4.287737,4.352427,4.303741,4.3294396,4.230745,0,0.0,1,1.0,-1.01,26.7,73.3
2023-02-24 16:15:00,204.71320014444,161.962132355556,161.984909227778,18.4388889,-6.968000000000001,26.85,2,5.1764362714980825,70.66250196097344,16,4,2,-0.8660254037844385,-0.5000000000000004,-0.433883739117558,-0.9009688679024191,0.8660254037844386,0.5000000000000001,155.5,190.1875,293.3541666666667,19.575,45.425,100.0,67.75,-12.125,1.9729813,0.1,-7.175,18.62592596,26.85,27.45,27.466666666666665,27.35,26.816666666666663,-25.4068889,-0.2259259266666688,0.1839999999999992,-7.152,-7.229333333333333,18.54938271888889,-7.119333333333333,4.230745,4.287737,4.352427,4.303741,4.272569,0,0.0,1,1.0,-1.07,29.0,71.0
2023-02-24 16:30:00,193.74669432222,154.010505983334,154.032171816666,18.62592596,-7.229333333333333,26.816666666666663,2,5.1764362714980825,70.66250196097344,16,4,2,-0.8660254037844385,-0.5000000000000004,-0.433883739117558,-0.9009688679024191,0.8660254037844386,0.5000000000000001,139.0,167.0625,273.5625,19.45,45.150000000000006,100.0,68.5,-12.05,1.9838858,0.1,-7.25,18.6777778,26.85,26.85,27.45,27.466666666666665,26.15,-25.855259293333333,0.1870370600000015,-0.2613333333333321,-6.968000000000001,-7.182666666666667,18.57654322888889,-7.116444444444444,4.272569,4.230745,4.287737,4.352427,4.179158,0,0.0,0,1.0,-1.02,27.1,72.9
2023-02-24 16:45:00,83.444439888888,37.721546644444,37.73015748333,18.6777778,-7.182666666666667,26.15,1,5.1764362714980825,70.66250196097344,16,4,2,-0.8660254037844385,-0.5000000000000004,-0.433883739117558,-0.9009688679024191,0.8660254037844386,0.5000000000000001,122.5,147.25,251.33333333333331,19.325,44.875,100.0,69.25,-11.975,1.9946035,0.1,-7.325,18.45925922,26.816666666666663,26.85,26.85,27.45,26.0,-25.860444466666667,0.0518518400000012,0.0466666666666659,-7.229333333333333,-7.27,18.58086422,-7.126666666666665,4.179158,4.272569,4.230745,4.287737,4.10176,0,0.0,1,1.0,-1.01,26.7,73.3
2023-02-24 17:00:00,222.71497987778,172.117281666668,172.140614116666,18.45925922,-7.27,26.0,2,5.1764362714980825,70.66250196097344,17,4,2,-0.9659258262890684,-0.2588190451025206,-0.433883739117558,-0.9009688679024191,0.8660254037844386,0.5000000000000001,106.0,130.75,226.66666666666663,19.2,44.6,100.0,70.0,-11.9,2.0051367,0.1,-7.4,18.61666667,26.15,26.816666666666663,26.85,26.85,25.95,-25.72925922,-0.2185185800000049,-0.0873333333333326,-7.182666666666667,-7.351333333333333,18.587654326666662,-7.227333333333331,4.10176,4.179158,4.272569,4.230745,4.1322227,0,0.0,1,1.0,-1.07,28.9,71.1
2023-02-24 17:15:00,229.29332798333,188.104419988888,188.130530111108,18.61666667,-7.351333333333333,25.95,2,5.1764362714980825,70.66250196097344,17,4,2,-0.9659258262890684,-0.2588190451025206,-0.433883739117558,-0.9009688679024191,0.8660254037844386,0.5000000000000001,92.5,115.0,203.1875,19.225,44.25,100.0,70.25,-11.875,2.0086074,0.1,-7.425000000000001,18.761111106666664,26.0,26.15,26.816666666666663,26.85,25.35,-25.96800000333333,0.1574074500000009,-0.0813333333333332,-7.27,-7.423333333333334,18.584567896666663,-7.267999999999998,4.1322227,4.10176,4.179158,4.272569,4.071324,0,0.0,0,1.0,-1.03,27.4,72.6
2023-02-24 17:30:00,49.930502816662,13.851945916666,13.85861238333,18.761111106666664,-7.423333333333334,25.35,1,5.1764362714980825,70.66250196097344,17,4,2,-0.9659258262890684,-0.2588190451025206,-0.433883739117558,-0.9009688679024191,0.8660254037844386,0.5000000000000001,79.0,100.0,180.89583333333331,19.25,43.900000000000006,100.0,70.5,-11.85,2.0120578,0.1,-7.45,18.47777779,25.95,26.0,26.15,26.816666666666663,25.35,-26.18444444,0.1444444366666673,-0.0720000000000009,-7.351333333333333,-7.412666666666666,18.61234566555555,-7.348222222222222,4.071324,4.1322227,4.10176,4.179158,4.003608,0,0.0,1,1.0,-1.0,26.1,73.9
2023-02-24 17:45:00,209.588560655552,161.307158572222,161.328546616666,18.47777779,-7.412666666666666,25.35,2,5.1764362714980825,70.66250196097344,17,4,2,-0.9659258262890684,-0.2588190451025206,-0.433883739117558,-0.9009688679024191,0.8660254037844386,0.5000000000000001,65.5,85.75,159.79166666666666,19.275,43.55,100.0,70.75,-11.825,2.0154874,0.1,-7.475,18.5148148,25.35,25.95,26.0,26.15,25.5,-25.890444456666668,-0.2833333166666634,0.0106666666666672,-7.423333333333334,-7.398666666666667,18.61851852222222,-7.395777777777777,4.003608,4.071324,4.1322227,4.10176,4.0361466,0,0.0,1,1.0,-1.06,28.9,71.1
2023-02-24 18:00:00,245.199080544444,192.070650183334,192.095649216666,18.5148148,-7.398666666666667,25.5,2,5.1764362714980825,70.66250196097344,18,4,2,-1.0,-1.8369701987210294e-16,-0.433883739117558,-0.9009688679024191,0.8660254037844386,0.5000000000000001,52.0,72.25,139.875,19.3,43.2,100.0,71.0,-11.8,2.018897,0.1,-7.5,18.63888892,25.35,25.35,25.95,26.0,25.166666666666668,-25.913481466666667,0.0370370099999988,0.0139999999999993,-7.412666666666666,-7.449333333333334,18.58456789888889,-7.411555555555555,4.0361466,4.003608,4.071324,4.1322227,4.012761,0,0.0,0,1.0,-1.06,28.5,71.5
2023-02-24 18:15:00,132.35637228333002,96.376144816666,96.39197758333,18.63888892,-7.449333333333334,25.166666666666668,2,5.1764362714980825,70.66250196097344,18,4,2,-1.0,-1.8369701987210294e-16,-0.433883739117558,-0.9009688679024191,0.8660254037844386,0.5000000000000001,41.0,59.375,121.52083333333331,18.25,43.025000000000006,100.0,71.25,-11.75,2.026006,0.1,-7.5,18.346296296666665,25.5,25.35,25.35,25.95,25.0,-26.08822225333333,0.1240741199999995,-0.0506666666666664,-7.398666666666667,-7.553333333333333,18.54382717,-7.420222222222221,4.012761,4.0361466,4.003608,4.071324,3.9176707,0,0.0,0,1.0,-1.03,27.3,72.7
2023-02-24 18:30:00,162.943204227778,120.805723111112,120.822666916666,18.346296296666665,-7.553333333333333,25.0,2,5.1764362714980825,70.66250196097344,18,4,2,-1.0,-1.8369701987210294e-16,-0.433883739117558,-0.9009688679024191,0.8660254037844386,0.5000000000000001,30.0,47.125,104.72916666666669,17.2,42.85,100.0,71.5,-11.7,2.0331147,0.1,-7.5,18.32777775,25.166666666666668,25.5,25.35,25.35,25.0,-25.89962963,-0.2925926233333342,-0.1039999999999992,-7.449333333333334,-7.586666666666667,18.500000005555552,-7.46711111111111,3.9176707,4.012761,4.0361466,4.003608,3.9133687,0,0.0,0,1.0,-1.1,30.3,69.7
2023-02-24 18:45:00,269.479220433332,212.233177,212.259842649998,18.32777775,-7.586666666666667,25.0,2,5.1764362714980825,70.66250196097344,18,4,2,-1.0,-1.8369701987210294e-16,-0.433883739117558,-0.9009688679024191,0.8660254037844386,0.5000000000000001,19.0,35.5,89.5,16.15,42.675,100.0,71.75,-11.65,2.0402234,0.1,-7.5,18.65370370333333,25.0,25.166666666666668,25.5,25.35,25.0,-25.914444416666665,-0.0185185466666659,-0.0333333333333341,-7.553333333333333,-7.594666666666667,18.437654322222222,-7.529777777777777,3.9133687,3.9176707,4.012761,4.0361466,3.9896822,0,0.0,0,1.0,-1.1,30.5,69.5
2023-02-24 19:00:00,300.376317783334,200.580587555556,200.638640816666,18.65370370333333,-7.594666666666667,25.0,2,5.1764362714980825,70.66250196097344,19,4,2,-0.9659258262890684,0.2588190451025203,-0.433883739117558,-0.9009688679024191,0.8660254037844386,0.5000000000000001,8.0,24.5,75.83333333333333,15.1,42.5,100.0,72.0,-11.6,2.0473323,0.1,-7.5,18.86111112,25.0,25.0,25.166666666666668,25.5,25.0,-26.248370370000004,0.3259259533333356,-0.008,-7.586666666666667,-7.589333333333333,18.442592583333333,-7.57822222222222,3.9896822,3.9133687,3.9176707,4.012761,4.038915,0,0.0,0,1.0,-1.03,27.2,72.8
2023-02-24 19:15:00,278.700795905558,188.389686327778,188.448017344444,18.86111112,-7.589333333333333,25.0,2,5.1764362714980825,70.66250196097344,19,4,2,-0.9659258262890684,0.2588190451025203,-0.433883739117558,-0.9009688679024191,0.8660254037844386,0.5000000000000001,6.0,15.75,63.375,14.325,40.15,97.0,74.5,-11.375,2.0951812,0.1,-7.65,18.961111086666666,25.0,25.0,25.0,25.166666666666668,25.0,-26.45044445333333,0.2074074166666619,0.0053333333333336,-7.594666666666667,-7.561333333333334,18.61419752444445,-7.590222222222221,4.038915,3.9896822,3.9133687,3.9176707,4.0628395,0,0.0,0,1.0,-0.98,25.2,74.8
2023-02-24 19:30:00,267.80317644444,169.695434111112,169.75126526111,18.961111086666666,-7.561333333333334,25.0,2,5.1764362714980825,70.66250196097344,19,4,2,-0.9659258262890684,0.2588190451025203,-0.433883739117558,-0.9009688679024191,0.8660254037844386,0.5000000000000001,4.0,9.25,52.125,13.55,37.8,94.0,77.0,-11.15,2.1417034,0.1,-7.8,18.93333331,25.0,25.0,25.0,25.0,24.95,-26.52244442,0.0999999666666688,0.0279999999999995,-7.589333333333333,-7.54,18.825308636666666,-7.581777777777777,4.0628395,4.038915,3.9896822,3.9133687,4.0480695,0,0.0,0,1.0,-0.96,24.3,75.7
2023-02-24 19:45:00,134.577950149994,36.5993693,36.645756411108,18.93333331,-7.54,24.95,1,5.1764362714980825,70.66250196097344,19,4,2,-0.9659258262890684,0.2588190451025203,-0.433883739117558,-0.9009688679024191,0.8660254037844386,0.5000000000000001,2.0,5.0,42.083333333333336,12.775,35.45,91.0,79.5,-10.925,2.18692,0.1,-7.949999999999999,18.60370370333333,25.0,25.0,25.0,25.0,24.716666666666665,-26.47333331,-0.0277777766666638,0.0213333333333336,-7.561333333333334,-7.438000000000001,18.91851850555556,-7.563555555555555,4.0480695,4.0628395,4.038915,3.9896822,3.93281,0,0.0,1,1.0,-0.96,24.6,75.4
2023-02-24 20:00:00,283.567545711112,134.128523511112,134.181021411112,18.60370370333333,-7.438000000000001,24.716666666666665,2,5.1764362714980825,70.66250196097344,20,4,2,-0.8660254037844386,0.5000000000000001,-0.433883739117558,-0.9009688679024191,0.8660254037844386,0.5000000000000001,0.0,3.0,33.25,12.0,33.1,88.0,82.0,-10.7,2.2308493,0.1,-8.1,18.42777774,24.95,25.0,25.0,25.0,25.35,-26.041703703333333,-0.3296296066666677,0.1019999999999994,-7.54,-7.354,18.83271603333333,-7.513111111111111,3.93281,4.0480695,4.0628395,4.038915,3.9917612,0,0.0,1,1.0,-1.04,27.8,72.2
2023-02-24 20:15:00,526.11478781667,102.2850751,102.335350872222,18.42777774,-7.354,25.35,2,5.1764362714980825,70.66250196097344,20,4,2,-0.8660254037844386,0.5000000000000001,-0.433883739117558,-0.9009688679024191,0.8660254037844386,0.5000000000000001,0.0,1.5,25.541666666666668,12.05,32.025,90.25,81.75,-10.725,2.228159,0.1,-8.075,18.22777778333333,24.716666666666665,24.95,25.0,25.0,25.683333333333334,-25.78177774,-0.1759259633333343,0.0840000000000005,-7.438000000000001,-7.296666666666667,18.654938251111115,-7.443999999999999,3.9917612,3.93281,4.0480695,4.0628395,3.9965413,0,0.0,0,1.0,-1.08,29.4,70.6
2023-02-24 20:30:00,211.26738238333,106.165197672222,106.228528538886,18.22777778333333,-7.296666666666667,25.683333333333334,2,5.1764362714980825,70.66250196097344,20,4,2,-0.8660254037844386,0.5000000000000001,-0.433883739117558,-0.9009688679024191,0.8660254037844386,0.5000000000000001,0.0,0.5,18.95833333333333,12.1,30.950000000000003,92.5,81.5,-10.75,2.22545,0.1,-8.05,18.17777779,25.35,24.716666666666665,24.95,25.0,26.0,-25.52444445,-0.1999999566666659,0.0573333333333332,-7.354,-7.256,18.41975307555556,-7.362888888888889,3.9965413,3.9917612,3.93281,4.0480695,4.033822,0,0.0,0,1.0,-1.12,31.4,68.6
2023-02-24 20:45:00,324.647847033328,189.857960927778,189.939346605554,18.17777779,-7.256,26.0,2,5.1764362714980825,70.66250196097344,20,4,2,-0.8660254037844386,0.5000000000000001,-0.433883739117558,-0.9009688679024191,0.8660254037844386,0.5000000000000001,0.0,0.0,13.5,12.15,29.875,94.75,81.25,-10.775,2.2227223,0.1,-8.025,18.507407396666668,25.683333333333334,25.35,24.716666666666665,24.95,27.1,-25.43377779,-0.0499999933333334,0.0406666666666666,-7.296666666666667,-7.321333333333333,18.27777777111111,-7.302222222222221,4.033822,3.9965413,3.9917612,3.93281,4.287512,0,0.0,0,1.0,-1.13,31.9,68.1
2023-02-24 21:00:00,419.604326455548,119.695767527778,119.77826426111,18.507407396666668,-7.321333333333333,27.1,2,5.1764362714980825,70.66250196097344,21,4,2,-0.7071067811865477,0.7071067811865474,-0.433883739117558,-0.9009688679024191,0.8660254037844386,0.5000000000000001,0.0,0.0,9.166666666666666,12.2,28.8,97.0,81.0,-10.8,2.2199762,0.1,-8.0,18.5666667,26.0,25.683333333333334,25.35,24.716666666666665,30.6,-25.82874073,0.3296296066666677,-0.0653333333333323,-7.256,-7.456,18.304320990000004,-7.2913333333333314,4.287512,4.033822,3.9965413,3.9917612,4.858274,0,0.0,0,1.0,-1.05,28.2,71.8
2023-02-24 21:15:00,130.354785733328,0.0,0.0,18.5666667,-7.456,30.6,0,5.1764362714980825,70.66250196097344,21,4,2,-0.7071067811865477,0.7071067811865474,-0.433883739117558,-0.9009688679024191,0.8660254037844386,0.5000000000000001,0.0,0.0,5.75,12.475,28.8,94.75,79.5,-11.075,2.1708376,0.1,-8.05,18.30740738333333,27.1,26.0,25.683333333333334,25.35,30.1,-26.0226667,0.0592593033333308,-0.1346666666666678,-7.321333333333333,-7.685999999999999,18.417283962222225,-7.344444444444444,4.858274,4.287512,4.033822,3.9965413,4.706004,1,1.0,1,0.75,-1.02,26.8,73.2
2023-02-24 21:30:00,233.298445472222,89.291983727778,89.360036572222,18.30740738333333,-7.685999999999999,30.1,2,5.1764362714980825,70.66250196097344,21,4,2,-0.7071067811865477,0.7071067811865474,-0.433883739117558,-0.9009688679024191,0.8660254037844386,0.5000000000000001,0.0,0.0,3.25,12.75,28.8,92.5,78.0,-11.35,2.1220272,0.1,-8.1,18.28333334,30.6,27.1,26.0,25.683333333333334,29.6,-25.99340738333333,-0.2592593166666646,-0.2299999999999986,-7.456,-7.689333333333334,18.460493826666667,-7.487777777777777,4.706004,4.858274,4.287512,4.033822,4.621224,0,1.0,1,0.75,-1.08,29.6,70.4
2023-02-24 21:45:00,330.632885372218,177.833164188888,177.91093889444198,18.28333334,-7.689333333333334,29.6,2,5.1764362714980825,70.66250196097344,21,4,2,-0.7071067811865477,0.7071067811865474,-0.433883739117558,-0.9009688679024191,0.8660254037844386,0.5000000000000001,0.0,0.0,1.6666666666666667,13.025,28.8,90.25,76.5,-11.625,2.073544,0.1,-8.149999999999999,18.54629631,30.1,30.6,27.1,26.0,28.666666666666668,-25.972666673333336,-0.0240740433333321,-0.0033333333333347,-7.685999999999999,-7.774666666666667,18.385802474444446,-7.610444444444443,4.621224,4.706004,4.858274,4.287512,4.545837,0,1.0,0,0.75,-1.09,29.9,70.1
2023-02-24 22:00:00,245.334630588892,89.654191455556,89.72252203889,18.54629631,-7.774666666666667,28.666666666666668,2,5.1764362714980825,70.66250196097344,22,4,2,-0.5000000000000004,0.8660254037844384,-0.433883739117558,-0.9009688679024191,0.8660254037844386,0.5000000000000001,0.0,0.0,1.0,13.3,28.8,88.0,75.0,-11.9,2.0253866,0.1,-8.2,18.52777779,29.6,30.1,30.6,27.1,27.7,-26.320962976666664,0.2629629699999967,-0.0853333333333328,-7.689333333333334,-7.846,18.379012344444448,-7.716666666666666,4.545837,4.621224,4.706004,4.858274,4.387732,0,1.0,0,0.75,-1.03,27.5,72.5
2023-02-24 22:15:00,155.854876605558,0.0,0.0,18.52777779,-7.846,27.7,0,5.1764362714980825,70.66250196097344,22,4,2,-0.5000000000000004,0.8660254037844384,-0.433883739117558,-0.9009688679024191,0.8660254037844386,0.5000000000000001,0.0,0.0,0.5,13.25,28.9,88.0,74.75,-11.975,2.011185,0.075,-8.25,18.272222226666667,28.666666666666668,29.6,30.1,30.6,27.966666666666665,-26.37377779,-0.018518519999997,-0.0713333333333334,-7.774666666666667,-7.956,18.45246914666667,-7.769999999999999,4.387732,4.545837,4.621224,4.706004,4.363346,1,1.0,1,0.75,-1.04,27.9,72.1
2023-02-24 22:30:00,262.08201638333,110.18003703889,110.249478727778,18.272222226666667,-7.956,27.966666666666665,2,5.1764362714980825,70.66250196097344,22,4,2,-0.5000000000000004,0.8660254037844384,-0.433883739117558,-0.9009688679024191,0.8660254037844386,0.5000000000000001,0.0,0.0,0.1666666666666666,13.2,29.0,88.0,74.5,-12.05,1.9970568,0.05,-8.3,18.3222222,27.7,28.666666666666668,29.6,30.1,28.0,-26.228222226666663,-0.2555555633333348,-0.1100000000000003,-7.846,-8.028,18.448765442222225,-7.858888888888888,4.363346,4.387732,4.545837,4.621224,4.381528,0,1.0,1,0.75,-1.1,30.4,69.6
2023-02-24 22:45:00,333.70942908888003,187.219455372222,187.298341166664,18.3222222,-8.028,28.0,2,5.1764362714980825,70.66250196097344,22,4,2,-0.5000000000000004,0.8660254037844384,-0.433883739117558,-0.9009688679024191,0.8660254037844386,0.5000000000000001,0.0,0.0,0.0,13.15,29.1,88.0,74.25,-12.125,1.9830028,0.0249999999999999,-8.35,18.601851866666667,27.966666666666665,27.7,28.666666666666668,29.6,27.816666666666663,-26.3502222,0.0499999733333318,-0.072,-7.956,-8.045333333333334,18.374074072222225,-7.943333333333332,4.381528,4.363346,4.387732,4.545837,4.4255834,0,1.0,0,0.75,-1.09,29.9,70.1
2023-02-24 23:00:00,275.21426882222,124.0683704,124.141700833332,18.601851866666667,-8.045333333333334,27.816666666666663,2,5.1764362714980825,70.66250196097344,23,4,2,-0.2588190451025215,0.965925826289068,-0.433883739117558,-0.9009688679024191,0.8660254037844386,0.5000000000000001,0.0,0.0,0.0,13.1,29.2,88.0,74.0,-12.2,1.969022,0.0,-8.4,18.62222221,28.0,27.966666666666665,27.7,28.666666666666668,27.15,-26.647185200000003,0.2796296666666684,-0.0173333333333332,-8.028,-8.176,18.398765431111112,-8.009777777777776,4.4255834,4.381528,4.363346,4.387732,4.32473,0,1.0,0,0.75,-1.02,27.1,72.9
2023-02-24 23:15:00,166.20751803333602,0.0,0.0,18.62222221,-8.176,27.15,0,5.1764362714980825,70.66250196097344,23,4,2,-0.2588190451025215,0.965925826289068,-0.433883739117558,-0.9009688679024191,0.8660254037844386,0.5000000000000001,0.0,0.0,0.0,12.625,28.925,89.75,74.5,-12.275,1.9567782,0.0,-8.575,18.362962976666665,27.816666666666663,28.0,27.966666666666665,27.7,27.0,-26.79822221,0.020370343333333,-0.1306666666666665,-8.045333333333334,-8.190000000000001,18.515432092222223,-8.08311111111111,4.32473,4.4255834,4.381528,4.363346,4.235269,1,1.0,1,0.75,-1.02,27.1,72.9
2023-02-24 23:30:00,248.067854655556,123.837824088888,123.905599177776,18.362962976666665,-8.190000000000001,27.0,2,5.1764362714980825,70.66250196097344,23,4,2,-0.2588190451025215,0.965925826289068,-0.433883739117558,-0.9009688679024191,0.8660254037844386,0.5000000000000001,0.0,0.0,0.0,12.15,28.65,91.5,75.0,-12.35,1.9444839,0.0,-8.75,18.37777779,27.15,27.816666666666663,28.0,27.966666666666665,26.95,-26.552962976666667,-0.259259233333335,-0.0140000000000011,-8.176,-8.21,18.52901235111111,-8.13711111111111,4.235269,4.32473,4.4255834,4.381528,4.2311425,0,1.0,1,0.75,-1.08,29.7,70.3
2023-02-24 23:45:00,307.290485572226,198.013745816666,198.08679846111,18.37777779,-8.21,26.95,2,5.1764362714980825,70.66250196097344,23,4,2,-0.2588190451025215,0.965925826289068,-0.433883739117558,-0.9009688679024191,0.8660254037844386,0.5000000000000001,0.0,0.0,0.0,11.675,28.375,93.25,75.5,-12.425,1.9321426,0.0,-8.925,18.61666667333333,27.0,27.15,27.816666666666663,28.0,26.35,-26.58777779,0.0148148133333343,-0.0199999999999995,-8.190000000000001,-8.225333333333333,18.45432099222222,-8.192,4.2311425,4.235269,4.32473,4.4255834,4.1959176,0,1.0,0,0.75,-1.08,29.6,70.4
2023-02-25 00:00:00,184.542895722224,59.80649656111,59.869271833332,18.61666667333333,-8.225333333333333,26.35,1,5.1764362714980825,70.66250196097344,0,5,2,0.0,1.0,-0.9749279121818236,-0.2225209339563146,0.8660254037844386,0.5000000000000001,0.0,0.0,0.0,11.2,28.1,95.0,76.0,-12.5,1.919757,0.0,-9.1,18.50555554,26.95,27.0,27.15,27.816666666666663,25.7,-26.842000006666662,0.2388888833333347,-0.0153333333333325,-8.21,-8.232000000000001,18.45246914666667,-8.208444444444444,4.1959176,4.2311425,4.235269,4.32473,4.0655713,0,1.0,1,0.75,-1.03,27.3,72.7
2023-02-25 00:15:00,237.089682766664,124.581405427778,124.655291455552,18.50555554,-8.232000000000001,25.7,2,5.1764362714980825,70.66250196097344,0,5,2,0.0,1.0,-0.9749279121818236,-0.2225209339563146,0.8660254037844386,0.5000000000000001,0.0,0.0,0.0,10.65,27.1,94.5,77.0,-12.625,1.9090757,0.0,-9.35,18.433333336666667,26.35,26.95,27.0,27.15,25.966666666666665,-26.73755554,-0.1111111333333347,-0.0066666666666677,-8.225333333333333,-8.206666666666667,18.50000000111111,-8.222444444444443,4.0655713,4.1959176,4.2311425,4.235269,4.090212,0,0.0,1,1.0,-1.06,28.5,71.5
2023-02-25 00:30:00,296.085378411108,194.060015088888,194.140567499996,18.433333336666667,-8.206666666666667,25.966666666666665,2,5.1764362714980825,70.66250196097344,0,5,2,0.0,1.0,-0.9749279121818236,-0.2225209339563146,0.8660254037844386,0.5000000000000001,0.0,0.0,0.0,10.1,26.1,94.0,78.0,-12.75,1.8980564,0.0,-9.6,18.63888888,25.7,26.35,26.95,27.0,25.6,-26.64000000333333,-0.0722222033333324,0.025333333333334,-8.232000000000001,-8.252666666666666,18.51851851666667,-8.221333333333332,4.090212,4.0655713,4.1959176,4.2311425,4.0818553,0,0.0,0,1.0,-1.07,29.2,70.8
2023-02-25 00:45:00,161.017725650002,52.109582183334,52.175135111112,18.63888888,-8.252666666666666,25.6,1,5.1764362714980825,70.66250196097344,0,5,2,0.0,1.0,-0.9749279121818236,-0.2225209339563146,0.8660254037844386,0.5000000000000001,0.0,0.0,0.0,9.55,25.1,93.5,79.0,-12.875,1.8867129,0.0,-9.85,18.485185196666663,25.966666666666665,25.7,26.35,26.95,25.03333333333333,-26.891555546666662,0.2055555433333324,-0.0459999999999993,-8.206666666666667,-8.336666666666668,18.52592591888889,-8.230444444444444,4.0818553,4.090212,4.0655713,4.1959176,3.955332,0,0.0,1,1.0,-1.03,27.2,72.8
2023-02-25 01:00:00,254.50981928333,128.760404927778,128.834013149998,18.485185196666663,-8.336666666666668,25.03333333333333,2,5.1764362714980825,70.66250196097344,1,5,2,0.2588190451025207,0.9659258262890684,-0.9749279121818236,-0.2225209339563146,0.8660254037844386,0.5000000000000001,0.0,0.0,0.0,9.0,24.1,93.0,80.0,-13.0,1.875059,0.0,-10.1,18.39444444,25.6,25.966666666666665,25.7,26.35,25.35,-26.821851863333336,-0.1537036833333331,-0.0840000000000014,-8.252666666666666,-8.266,18.51913580444445,-8.265333333333333,3.955332,4.0818553,4.090212,4.0655713,3.9838786,0,0.0,1,1.0,-1.06,28.9,71.1
2023-02-25 01:15:00,301.15739772222,198.721217483334,198.801492088888,18.39444444,-8.266,25.35,2,5.1764362714980825,70.66250196097344,1,5,2,0.2588190451025207,0.9659258262890684,-0.9749279121818236,-0.2225209339563146,0.8660254037844386,0.5000000000000001,0.0,0.0,0.0,8.4,22.575000000000003,89.75,80.0,-13.15,1.8470516,0.0,-10.3,18.65740741,25.03333333333333,25.6,25.966666666666665,25.7,25.316666666666663,-26.66044444,-0.0907407566666691,0.0706666666666677,-8.336666666666668,-8.292,18.50617283888889,-8.285111111111108,3.9838786,3.955332,4.0818553,4.090212,4.0411043,0,0.0,0,1.0,-1.08,29.8,70.2
2023-02-25 01:30:00,233.038455938886,135.28764386111,135.357918849998,18.65740741,-8.292,25.316666666666663,2,5.1764362714980825,70.66250196097344,1,5,2,0.2588190451025207,0.9659258262890684,-0.9749279121818236,-0.2225209339563146,0.8660254037844386,0.5000000000000001,0.0,0.0,0.0,7.8,21.05,86.5,80.0,-13.3,1.8194141,0.0,-10.5,18.60000003,25.35,25.03333333333333,25.6,25.966666666666665,24.65,-26.94940741,0.2629629700000038,-0.0259999999999998,-8.266,-8.384666666666668,18.51234568222222,-8.29822222222222,4.0411043,3.9838786,3.955332,4.0818553,3.9213424,0,0.0,0,1.0,-1.02,27.1,72.9
2023-02-25 01:45:00,127.490455877772,80.845099416666,80.855654594442,18.60000003,-8.384666666666668,24.65,2,5.1764362714980825,70.66250196097344,1,5,2,0.2588190451025207,0.9659258262890684,-0.9749279121818236,-0.2225209339563146,0.8660254037844386,0.5000000000000001,0.0,0.0,0.0,7.199999999999999,19.525,83.25,80.0,-13.45,1.7921425,0.0,-10.7,18.266666646666668,25.316666666666663,25.35,25.03333333333333,25.6,24.5,-26.984666696666668,-0.0574073800000007,-0.092666666666668,-8.292,-8.443333333333333,18.55061729333333,-8.31422222222222,3.9213424,4.0411043,3.9838786,3.955332,3.8212183,0,0.0,0,1.0,-1.04,27.8,72.2
2023-02-25 02:00:00,139.656635727778,90.178059383334,90.188058983334,18.266666646666668,-8.443333333333333,24.5,2,5.1764362714980825,70.66250196097344,2,5,2,0.4999999999999999,0.8660254037844387,-0.9749279121818236,-0.2225209339563146,0.8660254037844386,0.5000000000000001,0.0,0.0,0.0,6.6,18.0,80.0,80.0,-13.6,1.7652323,0.0,-10.9,17.994444409999996,24.65,25.316666666666663,25.35,25.03333333333333,24.5,-26.70999998,-0.3333333833333327,-0.0586666666666655,-8.384666666666668,-8.542,18.50802469555556,-8.373333333333333,3.8212183,3.9213424,4.0411043,3.9838786,3.7599003,0,0.0,0,1.0,-1.12,31.3,68.7
2023-02-25 02:15:00,156.61040208333,119.833539833332,119.848261511108,17.994444409999996,-8.542,24.5,2,5.1764362714980825,70.66250196097344,2,5,2,0.4999999999999999,0.8660254037844387,-0.9749279121818236,-0.2225209339563146,0.8660254037844386,0.5000000000000001,0.0,0.0,0.0,6.925,16.75,83.5,80.5,-14.325,1.671509,0.0,-11.7,18.04629626,24.5,24.65,25.316666666666663,25.35,24.316666666666663,-26.536444409999994,-0.2722222366666713,-0.0986666666666664,-8.443333333333333,-8.870000000000001,18.28703702888889,-8.456666666666665,3.7599003,3.8212183,3.9213424,4.0411043,3.7432919,0,0.0,0,1.0,-1.18,34.2,65.8
2023-02-25 02:30:00,537.868762172222,204.127112355556,204.150722527778,18.04629626,-8.870000000000001,24.316666666666663,2,5.1764362714980825,70.66250196097344,2,5,2,0.4999999999999999,0.8660254037844387,-0.9749279121818236,-0.2225209339563146,0.8660254037844386,0.5000000000000001,0.0,0.0,0.0,7.25,15.5,87.0,81.0,-15.05,1.5820154,0.0,-12.5,18.555555570000003,24.5,24.5,24.65,25.316666666666663,23.6,-26.916296260000003,0.0518518500000055,-0.3280000000000012,-8.542,-8.993333333333334,18.10246910555556,-8.618444444444444,3.7432919,3.7599003,3.8212183,3.9213424,3.7444398,0,0.0,0,1.0,-1.17,33.7,66.3
2023-02-25 02:45:00,245.664061944444,181.479684988888,181.502461877776,18.555555570000003,-8.993333333333334,23.6,2,5.1764362714980825,70.66250196097344,2,5,2,0.4999999999999999,0.8660254037844387,-0.9749279121818236,-0.2225209339563146,0.8660254037844386,0.5000000000000001,0.0,0.0,0.0,7.575,14.25,90.5,81.5,-15.775,1.4966015,0.0,-13.3,18.772222226666667,24.316666666666663,24.5,24.5,24.65,23.03333333333333,-27.54888890333333,0.5092593100000009,-0.123333333333333,-8.870000000000001,-9.274,18.198765413333334,-8.801777777777778,3.7444398,3.7432919,3.7599003,3.8212183,3.701688,0,0.0,0,1.0,-1.06,28.5,71.5
2023-02-25 03:00:00,96.573081522216,50.5404783,50.54825582222,18.772222226666667,-9.274,23.03333333333333,1,5.1764362714980825,70.66250196097344,3,5,2,0.7071067811865476,0.7071067811865476,-0.9749279121818236,-0.2225209339563146,0.8660254037844386,0.5000000000000001,0.0,0.0,0.0,7.9,13.0,94.0,82.0,-16.5,1.4151206,0.0,-14.1,18.50555553,23.6,24.316666666666663,24.5,24.5,23.0,-28.046222226666668,0.2166666566666641,-0.2806666666666668,-8.993333333333334,-9.338,18.45802468555556,-9.045777777777776,3.701688,3.7444398,3.7432919,3.7599003,3.638449,0,0.0,1,1.0,-1.01,26.5,73.5
2023-02-25 03:15:00,209.713000077776,166.389455272222,166.409732311108,18.50555553,-9.338,23.0,2,5.1764362714980825,70.66250196097344,3,5,2,0.7071067811865476,0.7071067811865476,-0.9749279121818236,-0.2225209339563146,0.8660254037844386,0.5000000000000001,0.0,0.0,0.0,8.15,13.175,95.5,80.75,-16.95,1.3613158,0.0,-14.4,18.65000001,23.03333333333333,23.6,24.316666666666663,24.5,22.816666666666663,-27.84355553,-0.2666666966666682,-0.0639999999999982,-9.274,-9.412,18.61111110888889,-9.201777777777776,3.638449,3.701688,3.7444398,3.7432919,3.640453,0,0.0,1,1.0,-1.07,29.2,70.8
2023-02-25 03:30:00,213.363409572222,180.513612549998,180.533333977776,18.65000001,-9.412,22.816666666666663,2,5.1764362714980825,70.66250196097344,3,5,2,0.7071067811865476,0.7071067811865476,-0.9749279121818236,-0.2225209339563146,0.8660254037844386,0.5000000000000001,0.0,0.0,0.0,8.4,13.35,97.0,79.5,-17.4,1.3091605,0.0,-14.7,18.79999997,23.0,23.03333333333333,23.6,24.316666666666663,22.15,-28.06200001,0.1444444800000006,-0.0740000000000016,-9.338,-9.394,18.64259258888889,-9.341333333333331,3.640453,3.638449,3.701688,3.7444398,3.5655785,0,0.0,0,1.0,-1.04,27.8,72.2
2023-02-25 03:45:00,88.182028311104,48.358621144444,48.365287594442,18.79999997,-9.394,22.15,1,5.1764362714980825,70.66250196097344,3,5,2,0.7071067811865476,0.7071067811865476,-0.9749279121818236,-0.2225209339563146,0.8660254037844386,0.5000000000000001,0.0,0.0,0.0,8.65,13.525,98.5,78.25,-17.85,1.2586122,0.0,-15.0,18.501851833333333,22.816666666666663,23.0,23.03333333333333,23.6,22.183333333333334,-28.19399997,0.1499999599999988,0.0180000000000006,-9.412,-9.258666666666668,18.651851836666665,-9.381333333333332,3.5655785,3.640453,3.638449,3.701688,3.5084875,0,0.0,1,1.0,-1.01,26.4,73.6
2023-02-25 04:00:00,196.293259155552,145.152527033332,145.16919308333,18.501851833333333,-9.258666666666668,22.183333333333334,2,5.1764362714980825,70.66250196097344,4,5,2,0.8660254037844386,0.5000000000000001,-0.9749279121818236,-0.2225209339563146,0.8660254037844386,0.5000000000000001,0.0,0.0,0.0,8.9,13.7,100.0,77.0,-18.3,1.2096298,0.0,-15.3,18.58333331,22.15,22.816666666666663,23.0,23.03333333333333,22.15,-27.7605185,-0.2981481366666649,0.1353333333333335,-9.394,-9.390666666666666,18.650617271111116,-9.354888888888889,3.5084875,3.5655785,3.640453,3.638449,3.5201645,0,0.0,1,1.0,-1.08,29.4,70.6
2023-02-25 04:15:00,239.160711038886,204.921802816666,204.945412988888,18.58333331,-9.390666666666666,22.15,2,5.1764362714980825,70.66250196097344,4,5,2,0.8660254037844386,0.5000000000000001,-0.9749279121818236,-0.2225209339563146,0.8660254037844386,0.5000000000000001,0.0,0.0,0.0,8.225,13.525,100.0,74.5,-17.725,1.2682668,0.0,-14.275,18.7574074,22.183333333333334,22.15,22.816666666666663,23.0,21.816666666666663,-27.97399997666667,0.0814814766666671,-0.1319999999999996,-9.258666666666668,-9.372666666666667,18.62839503777778,-9.347777777777775,3.5201645,3.5084875,3.5655785,3.640453,3.5030878,0,0.0,0,1.0,-1.06,28.6,71.4
2023-02-25 04:30:00,60.207313977772,28.911621305554,28.91717668333,18.7574074,-9.372666666666667,21.816666666666663,1,5.1764362714980825,70.66250196097344,4,5,2,0.8660254037844386,0.5000000000000001,-0.9749279121818236,-0.2225209339563146,0.8660254037844386,0.5000000000000001,0.0,0.0,0.0,7.550000000000001,13.35,100.0,72.0,-17.15,1.3272731,0.0,-13.25,18.47777779,22.15,22.183333333333334,22.15,22.816666666666663,21.55,-28.130074066666666,0.1740740899999977,0.0179999999999989,-9.390666666666666,-9.426666666666668,18.614197514444445,-9.340666666666666,3.5030878,3.5201645,3.5084875,3.5655785,3.4034617,0,0.0,1,1.0,-1.02,26.9,73.1
2023-02-25 04:45:00,187.88303996111,143.65064266111,143.667308711108,18.47777779,-9.426666666666668,21.55,2,5.1764362714980825,70.66250196097344,4,5,2,0.8660254037844386,0.5000000000000001,-0.9749279121818236,-0.2225209339563146,0.8660254037844386,0.5000000000000001,0.0,0.0,0.0,6.875,13.175,100.0,69.5,-16.575,1.3863443,0.0,-12.225,18.52222221,21.816666666666663,22.15,22.183333333333334,22.15,21.78333333333333,-27.904444456666667,-0.2796296099999971,-0.0540000000000002,-9.372666666666667,-9.535333333333334,18.606172833333336,-9.396666666666665,3.4034617,3.5030878,3.5201645,3.5084875,3.4493852,0,0.0,1,1.0,-1.08,29.8,70.2
2023-02-25 05:00:00,258.871867011108,213.225637283334,213.250914088888,18.52222221,-9.535333333333334,21.78333333333333,2,5.1764362714980825,70.66250196097344,5,5,2,0.9659258262890684,0.2588190451025207,-0.9749279121818236,-0.2225209339563146,0.8660254037844386,0.5000000000000001,0.0,0.0,0.0,6.2,13.0,100.0,67.0,-16.0,1.4451369,0.0,-11.2,18.74999999,21.55,21.816666666666663,22.15,22.183333333333334,21.5,-28.057555543333333,0.0444444199999978,-0.1086666666666662,-9.426666666666668,-9.428666666666668,18.585802466666667,-9.444888888888888,3.4493852,3.4034617,3.5030878,3.5201645,3.4507291,0,0.0,0,1.0,-1.07,29.3,70.7
2023-02-25 05:15:00,60.346475077772,29.623537244444,29.628814866664,18.74999999,-9.428666666666668,21.5,1,5.1764362714980825,70.66250196097344,5,5,2,0.9659258262890684,0.2588190451025207,-0.9749279121818236,-0.2225209339563146,0.8660254037844386,0.5000000000000001,0.0,0.0,0.0,5.125,12.175,100.0,66.75,-16.0,1.4479624,0.0,-11.125,18.461111096666663,21.78333333333333,21.55,21.816666666666663,22.15,21.5,-28.178666656666664,0.2277777800000002,0.1066666666666673,-9.535333333333334,-9.255333333333333,18.58333333,-9.463555555555551,3.4507291,3.4493852,3.4034617,3.5030878,3.3922129,0,0.0,1,1.0,-1.02,27.1,72.9
2023-02-25 05:30:00,171.047602255556,136.021503372222,136.038724966664,18.461111096666663,-9.255333333333333,21.5,2,5.1764362714980825,70.66250196097344,5,5,2,0.9659258262890684,0.2588190451025207,-0.9749279121818236,-0.2225209339563146,0.8660254037844386,0.5000000000000001,0.0,0.0,0.0,4.05,11.35,100.0,66.5,-16.0,1.4507678,0.0,-11.05,18.39444444,21.5,21.78333333333333,21.55,21.816666666666663,21.5,-27.71644443,-0.2888888933333327,0.1733333333333337,-9.428666666666668,-8.898,18.57777776555556,-9.40644444444444,3.3922129,3.4507291,3.4493852,3.4034617,3.3788319,0,0.0,1,1.0,-1.09,30.0,70.0
2023-02-25 05:45:00,245.66378422222,201.363889588888,201.38666646111,18.39444444,-8.898,21.5,2,5.1764362714980825,70.66250196097344,5,5,2,0.9659258262890684,0.2588190451025207,-0.9749279121818236,-0.2225209339563146,0.8660254037844386,0.5000000000000001,0.0,0.0,0.0,2.975,10.525,100.0,66.25,-16.0,1.453553,0.0,-10.975,18.55555555,21.5,21.5,21.78333333333333,21.55,21.316666666666663,-27.29244444,-0.0666666566666691,0.357333333333333,-9.255333333333333,-8.977333333333332,18.53518517555556,-9.193999999999996,3.3788319,3.3922129,3.4507291,3.4493852,3.38216,0,0.0,0,1.0,-1.1,30.6,69.4
2023-02-25 06:00:00,136.27927094444,96.039491583334,96.051991116666,18.55555555,-8.977333333333332,21.316666666666663,2,5.1764362714980825,70.66250196097344,6,5,2,1.0,6.123233995736766e-17,-0.9749279121818236,-0.2225209339563146,0.8660254037844386,0.5000000000000001,0.0,0.0,0.0,1.9,9.7,100.0,66.0,-16.0,1.4563167,0.0,-10.9,18.26666669,21.5,21.5,21.5,21.78333333333333,21.35,-27.53288888333333,0.1611111100000037,-0.0793333333333325,-8.898,-8.979999999999999,18.470370362222223,-9.043555555555551,3.38216,3.3788319,3.3922129,3.4507291,3.3299189,0,0.0,0,1.0,-1.07,29.0,71.0
2023-02-25 06:15:00,166.824437955552,133.3888309,133.40521916111,18.26666669,-8.979999999999999,21.35,2,5.1764362714980825,70.66250196097344,6,5,2,1.0,6.123233995736766e-17,-0.9749279121818236,-0.2225209339563146,0.8660254037844386,0.5000000000000001,0.0,0.0,0.0,2.25,8.625,100.0,65.25,-16.05,1.4479641,0.0,-10.825,18.26851852333333,21.316666666666663,21.5,21.5,21.5,21.316666666666663,-27.24666669,-0.2888888600000001,-0.0026666666666663,-8.977333333333332,-8.965333333333332,18.40555556,-8.951777777777776,3.3299189,3.38216,3.3788319,3.3922129,3.3250847,0,0.0,0,1.0,-1.13,32.0,68.0
2023-02-25 06:30:00,254.931469033332,215.363607327778,215.388884116666,18.26851852333333,-8.965333333333332,21.316666666666663,2,5.1764362714980825,70.66250196097344,6,5,2,1.0,6.123233995736766e-17,-0.9749279121818236,-0.2225209339563146,0.8660254037844386,0.5000000000000001,0.0,0.0,0.0,2.6,7.55,100.0,64.5,-16.1,1.4394634,0.0,-10.75,18.68333333,21.35,21.316666666666663,21.5,21.5,20.95,-27.233851856666668,0.0018518333333332,0.0146666666666668,-8.979999999999999,-9.278,18.363580254444447,-8.974222222222219,3.3250847,3.3299189,3.38216,3.3788319,3.3492215,0,0.0,0,1.0,-1.13,32.0,68.0
2023-02-25 06:45:00,161.175497188888,122.23038833889,122.246221072222,18.68333333,-9.278,20.95,2,5.1764362714980825,70.66250196097344,6,5,2,1.0,6.123233995736766e-17,-0.9749279121818236,-0.2225209339563146,0.8660254037844386,0.5000000000000001,0.0,0.0,0.0,2.95,6.475,100.0,63.75,-16.15,1.4308141,0.0,-10.675,18.687037003333334,21.316666666666663,21.35,21.316666666666663,21.5,20.716666666666665,-27.96133333,0.4148148066666657,-0.3126666666666686,-8.965333333333332,-9.544,18.40617284777778,-9.07444444444444,3.3492215,3.3250847,3.3299189,3.38216,3.3126445,0,0.0,0,1.0,-1.04,27.8,72.2
2023-02-25 07:00:00,114.306260850002,73.72649523889,73.736494855556,18.687037003333334,-9.544,20.716666666666665,2,5.1764362714980825,70.66250196097344,7,5,2,0.9659258262890684,-0.2588190451025206,-0.9749279121818236,-0.2225209339563146,0.8660254037844386,0.5000000000000001,0.0,0.0,0.0,3.3,5.4,100.0,63.0,-16.2,1.4220146,0.0,-10.6,18.3833333,20.95,21.316666666666663,21.35,21.316666666666663,21.0,-28.23103700333333,0.0037036733333337,-0.266,-9.278,-9.358666666666666,18.54629628555556,-9.262444444444442,3.3126445,3.3492215,3.3250847,3.3299189,3.2980807,0,0.0,0,1.0,-1.04,27.9,72.1
2023-02-25 07:15:00,218.480427166664,177.601229033332,177.62233932222,18.3833333,-9.358666666666666,21.0,2,5.1764362714980825,70.66250196097344,7,5,2,0.9659258262890684,-0.2588190451025206,-0.9749279121818236,-0.2225209339563146,0.8660254037844386,0.5000000000000001,0.25,0.0625,0.0208333333333333,2.75,5.675000000000001,100.0,64.75,-15.85,1.4670423,0.0,-10.55,18.590740746666665,20.716666666666665,20.95,21.316666666666663,21.35,20.816666666666663,-27.74199996666667,-0.3037037033333334,0.1853333333333342,-9.544,-9.374,18.584567877777783,-9.393555555555553,3.2980807,3.3126445,3.3492215,3.3250847,3.3097177,0,0.0,0,1.0,-1.11,30.9,69.1
2023-02-25 07:30:00,194.538607077776,163.786503844444,163.807614166664,18.590740746666665,-9.374,20.816666666666663,2,5.1764362714980825,70.66250196097344,7,5,2,0.9659258262890684,-0.2588190451025206,-0.9749279121818236,-0.2225209339563146,0.8660254037844386,0.5000000000000001,0.5,0.1875,0.0625,2.2,5.95,100.0,66.5,-15.5,1.5123879,0.0,-10.5,18.70555555,21.0,20.716666666666665,20.95,21.316666666666663,20.5,-27.964740746666664,0.2074074466666644,-0.0153333333333325,-9.358666666666666,-9.358,18.55370368333333,-9.425555555555553,3.3097177,3.2980807,3.3126445,3.3492215,3.281592,0,0.0,0,1.0,-1.06,28.8,71.2
2023-02-25 07:45:00,87.525109972222,56.720508872222,56.729952977776,18.70555555,-9.358,20.5,1,5.1764362714980825,70.66250196097344,7,5,2,0.9659258262890684,-0.2588190451025206,-0.9749279121818236,-0.2225209339563146,0.8660254037844386,0.5000000000000001,0.75,0.375,0.125,1.65,6.225,100.0,68.25,-15.15,1.5580529,0.0,-10.45,18.41111112,20.816666666666663,21.0,20.716666666666665,20.95,20.683333333333334,-28.06355555,0.1148148033333349,0.0159999999999982,-9.374,-9.372000000000002,18.559876532222223,-9.363555555555552,3.281592,3.3097177,3.2980807,3.3126445,3.2537029,0,0.0,1,1.0,-1.04,27.7,72.3
2023-02-25 08:00:00,215.771646655552,159.729721655556,159.748609833332,18.41111112,-9.372000000000002,20.683333333333334,2,5.1764362714980825,70.66250196097344,8,5,2,0.8660254037844387,-0.4999999999999998,-0.9749279121818236,-0.2225209339563146,0.8660254037844386,0.5000000000000001,1.0,0.625,0.2083333333333333,1.1,6.5,100.0,70.0,-14.8,1.6040386,0.0,-10.4,18.56666666,20.5,20.816666666666663,21.0,20.716666666666665,20.65,-27.78311112,-0.2944444299999986,-0.0140000000000011,-9.358,-9.346,18.56913580555556,-9.367999999999997,3.2537029,3.281592,3.3097177,3.2980807,3.278541,0,0.0,1,1.0,-1.1,30.7,69.3
2023-02-25 08:15:00,209.382735538886,175.255211744444,175.276599788888,18.56666666,-9.346,20.65,2,5.1764362714980825,70.66250196097344,8,5,2,0.8660254037844387,-0.4999999999999998,-0.9749279121818236,-0.2225209339563146,0.8660254037844386,0.5000000000000001,10.0,3.0625,1.0416666666666667,1.35,6.575,100.0,70.5,-14.65,1.6215948,0.025,-10.35,18.71666666333333,20.683333333333334,20.5,20.816666666666663,21.0,20.5,-27.91266666,0.1555555399999981,0.0260000000000015,-9.372000000000002,-9.04,18.56111111,-9.358666666666666,3.278541,3.2537029,3.281592,3.3097177,3.2837496,0,0.0,0,1.0,-1.07,29.1,70.9
2023-02-25 08:30:00,83.819424855556,46.956177227778,46.963121416666,18.71666666333333,-9.04,20.5,1,5.1764362714980825,70.66250196097344,8,5,2,0.8660254037844387,-0.4999999999999998,-0.9749279121818236,-0.2225209339563146,0.8660254037844386,0.5000000000000001,19.0,7.6875,2.625,1.6,6.65,100.0,71.0,-14.5,1.6392581,0.05,-10.3,18.40555555,20.65,20.683333333333334,20.5,20.816666666666663,21.0,-27.75666666333333,0.1500000033333357,0.3060000000000009,-9.346,-8.948,18.564814814444446,-9.252666666666665,3.2837496,3.278541,3.2537029,3.281592,3.3024297,0,0.0,1,1.0,-1.04,27.6,72.4
2023-02-25 08:45:00,274.054315272218,147.8365863,147.857696605554,18.40555555,-8.948,21.0,2,5.1764362714980825,70.66250196097344,8,5,2,0.8660254037844387,-0.4999999999999998,-0.9749279121818236,-0.2225209339563146,0.8660254037844386,0.5000000000000001,28.0,14.5,4.958333333333333,1.85,6.725,100.0,71.5,-14.35,1.6570289,0.075,-10.25,18.44629631666667,20.5,20.65,20.683333333333334,20.5,22.58333333333333,-27.35355555,-0.3111111133333359,0.0919999999999987,-9.04,-8.608,18.562962957777778,-9.111333333333333,3.3024297,3.2837496,3.278541,3.2537029,3.5600114,0,0.0,1,1.0,-1.1,30.6,69.4
2023-02-25 09:00:00,291.265848883334,237.806320683334,237.837986133332,18.44629631666667,-8.608,22.58333333333333,2,5.1764362714980825,70.66250196097344,9,5,2,0.7071067811865476,-0.7071067811865475,-0.9749279121818236,-0.2225209339563146,0.8660254037844386,0.5000000000000001,37.0,23.5,8.041666666666666,2.1,6.8,100.0,72.0,-14.2,1.6749082,0.1,-10.2,18.56666667,21.0,20.5,20.65,20.683333333333334,22.65,-27.05429631666667,0.0407407666666692,0.3399999999999998,-8.948,-8.936666666666667,18.52283951,-8.865333333333332,3.5600114,3.3024297,3.2837496,3.278541,3.596075,0,0.0,0,1.0,-1.09,29.9,70.1
2023-02-25 09:15:00,369.295783027782,28.242203616666,28.252203266664,18.56666667,-8.936666666666667,22.65,1,5.1764362714980825,70.66250196097344,9,5,2,0.7071067811865476,-0.7071067811865475,-0.9749279121818236,-0.2225209339563146,0.8660254037844386,0.5000000000000001,47.5,32.875,12.0,2.4,7.45,100.0,72.0,-14.025,1.7002827,0.175,-10.0,18.290740733333333,22.58333333333333,21.0,20.5,20.65,22.5,-27.503333336666667,0.1203703533333317,-0.3286666666666669,-8.608,-8.404666666666666,18.472839512222222,-8.830888888888888,3.596075,3.5600114,3.3024297,3.2837496,3.5142992,0,0.0,1,1.0,-1.06,28.6,71.4
2023-02-25 09:30:00,149.59846032222,105.912707772222,105.928262749998,18.290740733333333,-8.404666666666666,22.5,2,5.1764362714980825,70.66250196097344,9,5,2,0.7071067811865476,-0.7071067811865475,-0.9749279121818236,-0.2225209339563146,0.8660254037844386,0.5000000000000001,58.0,42.625,16.833333333333332,2.7,8.1,100.0,72.0,-13.85,1.725996,0.25,-9.8,17.994444429999998,22.65,22.58333333333333,21.0,20.5,22.5,-26.6954074,-0.2759259366666668,0.5320000000000018,-8.936666666666667,-8.07,18.43456790666667,-8.649777777777777,3.5142992,3.596075,3.5600114,3.3024297,3.4529698,0,0.0,1,1.0,-1.12,31.5,68.5
2023-02-25 09:45:00,134.417123083334,95.291465972222,95.308965338886,17.994444429999998,-8.07,22.5,2,5.1764362714980825,70.66250196097344,9,5,2,0.7071067811865476,-0.7071067811865475,-0.9749279121818236,-0.2225209339563146,0.8660254037844386,0.5000000000000001,68.5,52.75,22.541666666666668,3.0,8.75,100.0,72.0,-13.675,1.7520523,0.325,-9.6,17.84999999333333,22.5,22.65,22.58333333333333,21.0,22.683333333333334,-26.06444443,-0.2962963033333352,0.3346666666666653,-8.404666666666666,-7.936000000000001,18.283950611111116,-8.470444444444443,3.4529698,3.5142992,3.596075,3.5600114,3.4513037,0,0.0,0,1.0,-1.19,34.7,65.3
2023-02-25 10:00:00,215.958583494446,179.721699727778,179.746698794442,17.84999999333333,-7.936000000000001,22.683333333333334,2,5.1764362714980825,70.66250196097344,10,5,2,0.4999999999999999,-0.8660254037844387,-0.9749279121818236,-0.2225209339563146,0.8660254037844386,0.5000000000000001,79.0,63.25,29.125,3.3,9.4,100.0,72.0,-13.5,1.778455,0.4,-9.4,18.1722222,22.5,22.5,22.65,22.58333333333333,22.65,-25.78599999333333,-0.1444444366666673,0.1339999999999994,-8.07,-7.822666666666667,18.04506171888889,-8.136888888888887,3.4513037,3.4529698,3.5142992,3.596075,3.5129201,0,0.0,0,1.0,-1.22,36.3,63.7
2023-02-25 10:15:00,273.860711916662,216.400788055556,216.429398077776,18.1722222,-7.822666666666667,22.65,2,5.1764362714980825,70.66250196097344,10,5,2,0.4999999999999999,-0.8660254037844387,-0.9749279121818236,-0.2225209339563146,0.8660254037844386,0.5000000000000001,84.75,72.5625,36.16666666666666,4.05,11.0,100.0,71.5,-13.325,1.7993681,0.425,-9.15,18.614814846666665,22.683333333333334,22.5,22.5,22.65,22.316666666666663,-25.994888866666667,0.3222222066666695,0.1133333333333341,-7.936000000000001,-7.360666666666666,18.00555554111111,-7.942888888888887,3.5129201,3.4513037,3.4529698,3.5142992,3.5532687,0,0.0,0,1.0,-1.15,32.7,67.3
2023-02-25 10:30:00,259.863493894446,215.03834253889,215.06695256111,18.614814846666665,-7.360666666666666,22.316666666666663,2,5.1764362714980825,70.66250196097344,10,5,2,0.4999999999999999,-0.8660254037844387,-0.9749279121818236,-0.2225209339563146,0.8660254037844386,0.5000000000000001,90.5,80.6875,43.66666666666666,4.8,12.6,100.0,71.0,-13.15,1.8203645,0.45,-8.9,18.77777776,22.65,22.683333333333334,22.5,22.5,21.6,-25.97548151333333,0.4425926466666645,0.4620000000000006,-7.822666666666667,-6.781333333333333,18.21234568,-7.706444444444443,3.5532687,3.5129201,3.4513037,3.4529698,3.4724782,0,0.0,0,1.0,-1.05,28.2,71.8
2023-02-25 10:45:00,47.340328444448,11.0887231,11.095389566664,18.77777776,-6.781333333333333,21.6,1,5.1764362714980825,70.66250196097344,10,5,2,0.4999999999999999,-0.8660254037844387,-0.9749279121818236,-0.2225209339563146,0.8660254037844386,0.5000000000000001,96.25,87.625,51.625,5.55,14.2,100.0,70.5,-12.975,1.8414392,0.475,-8.65,18.40925924,22.316666666666663,22.65,22.683333333333334,22.5,21.4,-25.55911109333333,0.1629629133333345,0.5793333333333326,-7.360666666666666,-6.508666666666667,18.52160493555556,-7.321555555555554,3.4724782,3.5532687,3.5129201,3.4513037,3.3660727,0,0.0,1,1.0,-1.02,26.8,73.2
2023-02-25 11:00:00,183.33488864444,144.249507588888,144.270895666664,18.40925924,-6.508666666666667,21.4,2,5.1764362714980825,70.66250196097344,11,5,2,0.258819045102521,-0.9659258262890682,-0.9749279121818236,-0.2225209339563146,0.8660254037844386,0.5000000000000001,102.0,93.375,60.04166666666666,6.3,15.8,100.0,70.0,-12.8,1.8625884,0.5,-8.4,18.4222222,21.6,22.316666666666663,22.65,22.683333333333334,22.0,-24.917925906666664,-0.368518520000002,0.2726666666666668,-6.781333333333333,-6.092666666666667,18.60061728222222,-6.883555555555554,3.3660727,3.4724782,3.5532687,3.5129201,3.4631097,0,0.0,1,1.0,-1.1,30.5,69.5
2023-02-25 11:15:00,256.079756583326,212.606495416666,212.635660966664,18.4222222,-6.092666666666667,22.0,2,5.1764362714980825,70.66250196097344,11,5,2,0.258819045102521,-0.9659258262890682,-0.9749279121818236,-0.2225209339563146,0.8660254037844386,0.5000000000000001,120.25,102.25,69.22916666666667,6.35,16.25,100.0,68.5,-12.65,1.8878051,0.425,-7.925000000000001,18.70370368,21.4,21.6,22.316666666666663,22.65,21.633333333333333,-24.514888866666663,0.0129629600000029,0.4159999999999995,-6.508666666666667,-5.514666666666667,18.53641973333333,-6.460888888888888,3.4631097,3.3660727,3.4724782,3.5532687,3.462634,0,0.0,0,1.0,-1.09,30.2,69.8
2023-02-25 11:30:00,92.176868461106,41.840270755556,41.849992649998,18.70370368,-5.514666666666667,21.633333333333333,1,5.1764362714980825,70.66250196097344,11,5,2,0.258819045102521,-0.9659258262890682,-0.9749279121818236,-0.2225209339563146,0.8660254037844386,0.5000000000000001,138.5,114.25,79.1875,6.4,16.700000000000003,100.0,67.0,-12.5,1.9121683,0.35,-7.45,18.48333333,22.0,21.4,21.6,22.316666666666663,21.1,-24.218370346666667,0.28148148,0.5780000000000003,-6.092666666666667,-5.519333333333334,18.511728373333334,-6.038666666666665,3.462634,3.4631097,3.3660727,3.4724782,3.333489,0,0.0,1,1.0,-1.03,27.5,72.5
2023-02-25 11:45:00,151.106733355552,107.796243511112,107.814020666664,18.48333333,-5.519333333333334,21.1,2,5.1764362714980825,70.66250196097344,11,5,2,0.258819045102521,-0.9659258262890682,-0.9749279121818236,-0.2225209339563146,0.8660254037844386,0.5000000000000001,156.75,129.375,89.91666666666667,6.45,17.150000000000002,100.0,65.5,-12.35,1.935595,0.275,-6.975,18.377777743333333,21.633333333333333,22.0,21.4,21.6,21.933333333333334,-24.002666663333336,-0.2203703499999996,-0.004666666666667,-5.514666666666667,-5.544666666666667,18.53641973666667,-5.708888888888889,3.333489,3.462634,3.4631097,3.3660727,3.443527,0,0.0,1,1.0,-1.08,29.8,70.2
2023-02-25 12:00:00,226.667599666664,180.750547455556,180.77471313889,18.377777743333333,-5.544666666666667,21.933333333333334,2,5.1764362714980825,70.66250196097344,12,5,2,1.2246467991473532e-16,-1.0,-0.9749279121818236,-0.2225209339563146,0.8660254037844386,0.5000000000000001,175.0,147.625,101.41666666666669,6.5,17.6,100.0,64.0,-12.2,1.9580003,0.2,-6.5,18.583333340000003,21.1,21.633333333333333,22.0,21.4,21.65,-23.92244441,-0.1055555866666679,-0.0253333333333332,-5.519333333333334,-5.671333333333333,18.52160491777778,-5.526222222222221,3.443527,3.333489,3.462634,3.4631097,3.4407027,0,0.0,0,1.0,-1.1,30.7,69.3
2023-02-25 12:15:00,62.676381694446,26.459774916666,26.468385738886,18.583333340000003,-5.671333333333333,21.65,1,5.1764362714980825,70.66250196097344,12,5,2,1.2246467991473532e-16,-1.0,-0.9749279121818236,-0.2225209339563146,0.8660254037844386,0.5000000000000001,188.75,164.75,113.1875,7.15,18.875,100.0,62.5,-12.1,1.972126,0.175,-6.075,18.44999999,21.933333333333334,21.1,21.633333333333333,22.0,21.683333333333334,-24.254666673333336,0.2055555966666702,-0.126666666666666,-5.544666666666667,-5.578,18.481481471111117,-5.578444444444443,3.4407027,3.443527,3.333489,3.462634,3.4188862,0,0.0,1,1.0,-1.06,28.7,71.3
2023-02-25 12:30:00,154.371324766672,117.577796683334,117.596407055556,18.44999999,-5.578,21.683333333333334,2,5.1764362714980825,70.66250196097344,12,5,2,1.2246467991473532e-16,-1.0,-0.9749279121818236,-0.2225209339563146,0.8660254037844386,0.5000000000000001,202.5,180.75,125.22916666666669,7.8,20.15,100.0,61.0,-12.0,1.9849838,0.15,-5.65,18.42777774,21.65,21.933333333333334,21.1,21.633333333333333,21.95,-24.02799999,-0.1333333500000044,0.0933333333333328,-5.671333333333333,-4.834666666666666,18.470370357777774,-5.597999999999999,3.4188862,3.4407027,3.443527,3.333489,3.456377,0,0.0,1,1.0,-1.09,30.0,70.0
2023-02-25 12:45:00,180.83526646666,120.731837216666,120.750447655552,18.42777774,-4.834666666666666,21.95,2,5.1764362714980825,70.66250196097344,12,5,2,1.2246467991473532e-16,-1.0,-0.9749279121818236,-0.2225209339563146,0.8660254037844386,0.5000000000000001,216.25,195.625,137.54166666666666,8.45,21.425,100.0,59.5,-11.9,1.996492,0.125,-5.225,18.518518513333333,21.683333333333334,21.65,21.933333333333334,21.1,21.53333333333333,-23.262444406666667,-0.0222222499999986,0.7433333333333341,-5.578,-4.476666666666668,18.487037023333336,-5.361333333333331,3.456377,3.4188862,3.4407027,3.443527,3.4090493,0,0.0,0,1.0,-1.09,30.2,69.8
2023-02-25 13:00:00,93.717362255556,50.621030644444005,50.632696877776,18.518518513333333,-4.476666666666668,21.53333333333333,1,5.1764362714980825,70.66250196097344,13,5,2,-0.2588190451025208,-0.9659258262890684,-0.9749279121818236,-0.2225209339563146,0.8660254037844386,0.5000000000000001,230.0,209.375,150.125,9.1,22.7,100.0,58.0,-11.8,2.0065644,0.1,-4.8,18.33333335,21.95,21.683333333333334,21.65,21.933333333333334,21.85,-22.99518518,0.0907407733333336,0.3579999999999987,-4.834666666666666,-4.5793333333333335,18.465432081111118,-4.963111111111109,3.4090493,3.456377,3.4188862,3.4407027,3.4214118,0,0.0,1,1.0,-1.07,29.4,70.6
2023-02-25 13:15:00,199.474798388892,163.189861027778,163.214304516666,18.33333335,-4.5793333333333335,21.85,2,5.1764362714980825,70.66250196097344,13,5,2,-0.2588190451025208,-0.9659258262890684,-0.9749279121818236,-0.2225209339563146,0.8660254037844386,0.5000000000000001,229.0,219.4375,162.14583333333334,9.725,23.6,100.0,57.5,-11.55,2.0434568,0.075,-4.425,18.50555557333333,21.53333333333333,21.95,21.683333333333334,21.65,22.0,-22.91266668333333,-0.1851851633333368,-0.102666666666666,-4.476666666666668,-4.110666666666666,18.426543201111112,-4.63022222222222,3.4214118,3.4090493,3.456377,3.4188862,3.4802556,0,0.0,1,1.0,-1.11,31.2,68.8
2023-02-25 13:30:00,84.136634449998,35.263589383334,35.272755766664,18.50555557333333,-4.110666666666666,22.0,1,5.1764362714980825,70.66250196097344,13,5,2,-0.2588190451025208,-0.9659258262890684,-0.9749279121818236,-0.2225209339563146,0.8660254037844386,0.5000000000000001,228.0,225.8125,173.60416666666666,10.35,24.5,100.0,57.0,-11.3,2.0806904,0.05,-4.05,18.36111114,21.85,21.53333333333333,21.95,21.683333333333334,22.4,-22.61622224,0.1722222233333354,0.4686666666666674,-4.5793333333333335,-4.096,18.45246914555556,-4.388888888888887,3.4802556,3.4214118,3.4090493,3.456377,3.5133185,0,0.0,1,1.0,-1.08,29.4,70.6
2023-02-25 13:45:00,156.545682305558,120.303798755556,120.323242444444,18.36111114,-4.096,22.4,2,5.1764362714980825,70.66250196097344,13,5,2,-0.2588190451025208,-0.9659258262890684,-0.9749279121818236,-0.2225209339563146,0.8660254037844386,0.5000000000000001,227.0,228.5,184.5,10.975,25.4,100.0,56.5,-11.05,2.1182568,0.0249999999999999,-3.675,18.37962966,22.0,21.85,21.53333333333333,21.95,22.966666666666665,-22.45711114,-0.1444444333333336,0.0146666666666659,-4.110666666666666,-4.6193333333333335,18.400000021111108,-4.261999999999998,3.5133185,3.4802556,3.4214118,3.4090493,3.606156,0,0.0,1,1.0,-1.11,30.8,69.2
2023-02-25 14:00:00,211.228494955556,162.947648516666,162.970980933332,18.37962966,-4.6193333333333335,22.966666666666665,2,5.1764362714980825,70.66250196097344,14,5,2,-0.4999999999999997,-0.8660254037844388,-0.9749279121818236,-0.2225209339563146,0.8660254037844386,0.5000000000000001,226.0,227.5,194.83333333333331,11.6,26.3,100.0,56.0,-10.8,2.156147,0.0,-3.3,18.56666667,22.4,22.0,21.85,21.53333333333333,22.65,-22.998962993333333,0.0185185200000006,-0.5233333333333334,-4.096,-4.801333333333333,18.415432124444443,-4.275333333333331,3.606156,3.5133185,3.4802556,3.4214118,3.596075,0,0.0,0,1.0,-1.1,30.5,69.5
2023-02-25 14:15:00,73.621221799996,20.114750944444,20.122250694442,18.56666667,-4.801333333333333,22.65,1,5.1764362714980825,70.66250196097344,14,5,2,-0.4999999999999997,-0.8660254037844388,-0.9749279121818236,-0.2225209339563146,0.8660254037844386,0.5000000000000001,206.5,221.875,202.02083333333331,10.875,26.375,100.0,57.5,-10.425,2.225696,0.05,-3.225,18.331481470000003,22.966666666666665,22.4,22.0,21.85,22.683333333333334,-23.36800000333333,0.1870370100000009,-0.1819999999999995,-4.6193333333333335,-4.707333333333334,18.43580249,-4.505555555555554,3.596075,3.606156,3.5133185,3.4802556,3.5515103,0,0.0,1,1.0,-1.06,28.6,71.4
2023-02-25 14:30:00,175.183825666668,134.703500527778,134.721555372222,18.331481470000003,-4.707333333333334,22.683333333333334,2,5.1764362714980825,70.66250196097344,14,5,2,-0.4999999999999997,-0.8660254037844388,-0.9749279121818236,-0.2225209339563146,0.8660254037844386,0.5000000000000001,187.0,211.625,206.0625,10.15,26.450000000000003,100.0,59.0,-10.05,2.2959166,0.1,-3.15,18.477777810000003,22.65,22.966666666666665,22.4,22.0,22.95,-23.038814803333334,-0.2351851999999965,0.0939999999999994,-4.801333333333333,-5.060666666666666,18.425925933333332,-4.709333333333332,3.5515103,3.596075,3.606156,3.5133185,3.6245682,0,0.0,1,1.0,-1.11,31.0,69.0
2023-02-25 14:45:00,821.6071344499981,100.26293373889,100.281821933332,18.477777810000003,-5.060666666666666,22.95,2,5.1764362714980825,70.66250196097344,14,5,2,-0.4999999999999997,-0.8660254037844388,-0.9749279121818236,-0.2225209339563146,0.8660254037844386,0.5000000000000001,167.5,196.75,206.95833333333331,9.425,26.525,100.0,60.5,-9.675,2.3668141,0.15,-3.075,18.50555554,22.683333333333334,22.65,22.966666666666665,22.4,22.53333333333333,-23.53844447666667,0.1462963399999992,-0.3533333333333326,-4.707333333333334,-4.703333333333333,18.458641983333337,-4.856444444444443,3.6245682,3.5515103,3.596075,3.606156,3.5646253,0,0.0,0,1.0,-1.08,29.5,70.5
2023-02-25 15:00:00,115.08817420555,69.72693306111,69.73971038333,18.50555554,-4.703333333333333,22.53333333333333,1,5.1764362714980825,70.66250196097344,15,5,2,-0.7071067811865471,-0.7071067811865479,-0.9749279121818236,-0.2225209339563146,0.8660254037844386,0.5000000000000001,148.0,177.25,204.70833333333331,8.7,26.6,100.0,62.0,-9.3,2.4383924,0.2,-3.0,18.22777775,22.95,22.683333333333334,22.65,22.966666666666665,22.85,-23.208888873333333,0.0277777299999968,0.357333333333333,-5.060666666666666,-4.571333333333333,18.43827160666667,-4.823777777777775,3.5646253,3.6245682,3.5515103,3.596075,3.5556512,0,0.0,1,1.0,-1.07,29.3,70.7
2023-02-25 15:15:00,200.313376094442,93.421263,93.46848336111,18.22777775,-4.571333333333333,22.85,2,5.1764362714980825,70.66250196097344,15,5,2,-0.7071067811865471,-0.7071067811865479,-0.9749279121818236,-0.2225209339563146,0.8660254037844386,0.5000000000000001,136.0,159.625,200.3125,7.574999999999999,25.35,100.0,63.75,-8.975000000000001,2.5027905,0.225,-3.025,17.96296292,22.53333333333333,22.95,22.683333333333334,22.65,23.183333333333334,-22.79911108333333,-0.2777777900000018,0.1320000000000005,-4.703333333333333,-5.070666666666667,18.403703700000005,-4.7784444444444425,3.5556512,3.5646253,3.6245682,3.5515103,3.55118,0,0.0,1,1.0,-1.13,32.1,67.9
2023-02-25 15:30:00,267.340694877776,144.285895033332,144.361169838886,17.96296292,-5.070666666666667,23.183333333333334,2,5.1764362714980825,70.66250196097344,15,5,2,-0.7071067811865471,-0.7071067811865479,-0.9749279121818236,-0.2225209339563146,0.8660254037844386,0.5000000000000001,124.0,143.875,193.77083333333331,6.449999999999999,24.1,100.0,65.5,-8.65,2.5669532,0.25,-3.05,18.244444410000003,22.85,22.53333333333333,22.95,22.683333333333334,23.15,-23.033629586666667,-0.2648148299999988,-0.4993333333333343,-4.571333333333333,-5.192666666666667,18.232098736666668,-4.781777777777776,3.55118,3.5556512,3.5646253,3.6245682,3.6059,0,0.0,0,1.0,-1.19,34.9,65.1
2023-02-25 15:45:00,256.399743583334,146.502750772222,146.580803183334,18.244444410000003,-5.192666666666667,23.15,2,5.1764362714980825,70.66250196097344,15,5,2,-0.7071067811865471,-0.7071067811865479,-0.9749279121818236,-0.2225209339563146,0.8660254037844386,0.5000000000000001,112.0,130.0,185.08333333333331,5.325,22.85,100.0,67.25,-8.325,2.63088,0.275,-3.075,18.511111106666664,23.183333333333334,22.85,22.53333333333333,22.95,22.816666666666663,-23.43711107666667,0.2814814900000044,-0.1219999999999998,-5.070666666666667,-5.200666666666667,18.14506169333333,-4.944888888888887,3.6059,3.55118,3.5556512,3.5646253,3.6106355,0,0.0,0,1.0,-1.13,31.8,68.2
2023-02-25 16:00:00,161.199662872222,51.60682456111,51.674321877776,18.511111106666664,-5.200666666666667,22.816666666666663,1,5.1764362714980825,70.66250196097344,16,5,2,-0.8660254037844385,-0.5000000000000004,-0.9749279121818236,-0.2225209339563146,0.8660254037844386,0.5000000000000001,100.0,118.0,174.25,4.2,21.6,100.0,69.0,-8.0,2.694572,0.3,-3.1,18.33333335,23.15,23.183333333333334,22.85,22.53333333333333,22.85,-23.71177777333333,0.2666666966666611,-0.008,-5.192666666666667,-5.201333333333333,18.23950614555556,-5.154666666666665,3.6106355,3.6059,3.55118,3.5556512,3.5779982,0,0.0,1,1.0,-1.07,29.1,70.9
2023-02-25 16:15:00,267.088205061106,162.5634972,162.645438405554,18.33333335,-5.201333333333333,22.85,2,5.1764362714980825,70.66250196097344,16,5,2,-0.8660254037844385,-0.5000000000000004,-0.9749279121818236,-0.2225209339563146,0.8660254037844386,0.5000000000000001,105.0,110.25,163.91666666666666,3.325,18.9,100.0,70.75,-7.625,2.7727013,0.275,-3.05,18.52592592333333,22.816666666666663,23.15,23.183333333333334,22.85,22.816666666666663,-23.53466668333333,-0.1777777566666678,-0.0006666666666665,-5.200666666666667,-5.165333333333334,18.36296295555556,-5.1982222222222205,3.5779982,3.6106355,3.6059,3.55118,3.6138053,0,0.0,1,1.0,-1.11,31.0,69.0
2023-02-25 16:30:00,160.5594107,43.244381305554,43.311323077776,18.52592592333333,-5.165333333333334,22.816666666666663,1,5.1764362714980825,70.66250196097344,16,5,2,-0.8660254037844385,-0.5000000000000004,-0.9749279121818236,-0.2225209339563146,0.8660254037844386,0.5000000000000001,110.0,106.75,154.08333333333334,2.45,16.200000000000003,100.0,72.5,-7.25,2.851346,0.25,-3.0,18.4222222,22.85,22.816666666666663,23.15,23.183333333333334,22.55,-23.691259256666665,0.1925925733333358,0.0359999999999995,-5.201333333333333,-4.897333333333333,18.456790126666665,-5.189111111111109,3.6138053,3.5779982,3.6106355,3.6059,3.5496871,0,0.0,1,1.0,-1.07,29.0,71.0
2023-02-25 16:45:00,370.026865116662,126.06856813889,126.144953966668,18.4222222,-4.897333333333333,22.55,2,5.1764362714980825,70.66250196097344,16,5,2,-0.8660254037844385,-0.5000000000000004,-0.9749279121818236,-0.2225209339563146,0.8660254037844386,0.5000000000000001,115.0,107.5,144.75,1.5750000000000002,13.500000000000002,100.0,74.25,-6.875,2.9305089,0.225,-2.95,18.466666666666665,22.816666666666663,22.85,22.816666666666663,23.15,22.966666666666665,-23.31955553333333,-0.1037037233333322,0.2680000000000007,-5.165333333333334,-5.091333333333334,18.427160491111117,-5.087999999999998,3.5496871,3.6138053,3.5779982,3.6106355,3.6248121,0,0.0,1,1.0,-1.09,30.1,69.9
2023-02-25 17:00:00,404.212719711112,131.560292927778,131.636956527778,18.466666666666665,-5.091333333333334,22.966666666666665,2,5.1764362714980825,70.66250196097344,17,5,2,-0.9659258262890684,-0.2588190451025206,-0.9749279121818236,-0.2225209339563146,0.8660254037844386,0.5000000000000001,120.0,112.5,135.91666666666666,0.7,10.8,100.0,76.0,-6.5,3.010191,0.2,-2.9,18.55000002,22.55,22.816666666666663,22.85,22.816666666666663,22.75,-23.558,0.0444444666666647,-0.1940000000000008,-4.897333333333333,-4.911333333333333,18.47160493,-5.051333333333332,3.6248121,3.5496871,3.6138053,3.5779982,3.6083887,0,0.0,0,1.0,-1.08,29.6,70.4
2023-02-25 17:15:00,196.164097655552,62.859429955556,62.92276082222,18.55000002,-4.911333333333333,22.75,1,5.1764362714980825,70.66250196097344,17,5,2,-0.9659258262890684,-0.2588190451025206,-0.9749279121818236,-0.2225209339563146,0.8660254037844386,0.5000000000000001,105.25,112.5625,127.47916666666669,1.725,10.9,100.0,76.5,-6.6,2.9927485,0.175,-3.075,18.34814812,22.966666666666665,22.55,22.816666666666663,22.85,23.616666666666667,-23.461333353333337,0.0833333533333373,0.1800000000000006,-5.091333333333334,-4.925333333333333,18.47962962888889,-4.966666666666665,3.6083887,3.6248121,3.5496871,3.6138053,3.7012997,0,0.0,1,1.0,-1.06,28.8,71.2
2023-02-25 17:30:00,344.545384366664,139.6394142,139.691634377776,18.34814812,-4.925333333333333,23.616666666666667,2,5.1764362714980825,70.66250196097344,17,5,2,-0.9659258262890684,-0.2588190451025206,-0.9749279121818236,-0.2225209339563146,0.8660254037844386,0.5000000000000001,90.5,107.6875,119.4375,2.75,11.0,100.0,77.0,-6.7,2.975224,0.15,-3.25,18.23888887,22.75,22.966666666666665,22.55,22.816666666666663,24.5,-23.27348145333333,-0.2018519000000012,-0.0139999999999993,-4.911333333333333,-5.016,18.45493826888889,-4.975999999999998,3.7012997,3.6083887,3.6248121,3.5496871,3.8149216,0,0.0,1,1.0,-1.1,30.6,69.4
2023-02-25 17:45:00,359.725054972218,91.889657583334,91.92437846111,18.23888887,-5.016,24.5,2,5.1764362714980825,70.66250196097344,17,5,2,-0.9659258262890684,-0.2588190451025206,-0.9749279121818236,-0.2225209339563146,0.8660254037844386,0.5000000000000001,75.75,97.875,111.79166666666669,3.775,11.1,100.0,77.5,-6.800000000000001,2.957623,0.125,-3.425,18.107407443333333,23.616666666666667,22.75,22.966666666666665,22.55,26.08333333333333,-23.25488887,-0.1092592500000009,-0.0906666666666673,-4.925333333333333,-5.155333333333333,18.37901233666667,-4.950888888888887,3.8149216,3.7012997,3.6083887,3.6248121,4.0298653,0,0.0,0,1.0,-1.12,31.6,68.4
2023-02-25 18:00:00,536.742418244448,100.591253972222,100.63236346111,18.107407443333333,-5.155333333333333,26.08333333333333,2,5.1764362714980825,70.66250196097344,18,5,2,-1.0,-1.8369701987210294e-16,-0.9749279121818236,-0.2225209339563146,0.8660254037844386,0.5000000000000001,61.0,83.125,104.54166666666669,4.8,11.2,100.0,78.0,-6.9,2.939949,0.1,-3.6,18.18333333,24.5,23.616666666666667,22.75,22.966666666666665,27.2,-23.262740776666668,-0.1314814266666673,-0.1393333333333331,-5.016,-5.156666666666666,18.231481477777777,-5.03222222222222,4.0298653,3.8149216,3.7012997,3.6083887,4.2213907,0,0.0,0,1.0,-1.14,32.6,67.4
2023-02-25 18:15:00,1391.594611855552,12.043684933332,12.083127838886,18.18333333,-5.156666666666666,27.2,1,5.1764362714980825,70.66250196097344,18,5,2,-1.0,-1.8369701987210294e-16,-0.9749279121818236,-0.2225209339563146,0.8660254037844386,0.5000000000000001,47.25,68.625,97.14583333333331,5.425,12.55,100.0,80.25,-6.825,2.9608824,0.125,-3.9,17.994444426666668,26.08333333333333,24.5,23.616666666666667,22.75,27.5,-23.339999996666663,0.075925886666667,-0.0013333333333331,-5.155333333333333,-5.060666666666666,18.176543214444447,-5.109333333333331,4.2213907,4.0298653,3.8149216,3.7012997,4.2202964,0,0.0,1,1.0,-1.12,31.5,68.5
2023-02-25 18:30:00,320.926884544448,124.18725456111,124.251974188888,17.994444426666668,-5.060666666666666,27.5,2,5.1764362714980825,70.66250196097344,18,5,2,-1.0,-1.8369701987210294e-16,-0.9749279121818236,-0.2225209339563146,0.8660254037844386,0.5000000000000001,33.5,54.375,89.60416666666667,6.05,13.9,100.0,82.5,-6.75,2.9794567,0.15,-4.2,18.12222223,27.2,26.08333333333333,24.5,23.616666666666667,27.1,-23.05511109333333,-0.188888903333332,0.096,-5.156666666666666,-5.042,18.09506173333333,-5.12422222222222,4.2202964,4.2213907,4.0298653,3.8149216,4.1906276,0,0.0,1,1.0,-1.16,33.5,66.5
2023-02-25 18:45:00,356.670454744448,179.774475416666,179.8486391,18.12222223,-5.042,27.1,2,5.1764362714980825,70.66250196097344,18,5,2,-1.0,-1.8369701987210294e-16,-0.9749279121818236,-0.2225209339563146,0.8660254037844386,0.5000000000000001,19.75,40.375,81.91666666666667,6.675,15.25,100.0,84.75,-6.675,2.9957523,0.175,-4.5,18.414814823333334,27.5,27.2,26.08333333333333,24.5,26.53333333333333,-23.16422223,0.1277778033333305,0.0186666666666663,-5.060666666666666,-4.996,18.09999999555556,-5.086444444444442,4.1906276,4.2202964,4.2213907,4.0298653,4.1748853,0,0.0,0,1.0,-1.14,32.2,67.8
2023-02-25 19:00:00,273.619332672218,85.146594016666,85.209647111108,18.414814823333334,-4.996,26.53333333333333,2,5.1764362714980825,70.66250196097344,19,5,2,-0.9659258262890684,0.2588190451025203,-0.9749279121818236,-0.2225209339563146,0.8660254037844386,0.5000000000000001,6.0,26.625,74.08333333333333,7.3,16.6,100.0,87.0,-6.6,3.0098467,0.2,-4.8,18.327777790000003,27.1,27.5,27.2,26.08333333333333,25.85,-23.41081482333333,0.2925925933333353,0.0460000000000002,-5.042,-5.106,18.17716049333333,-5.032888888888887,4.1748853,4.1906276,4.2202964,4.2213907,4.0464234,0,0.0,0,1.0,-1.07,29.3,70.7
2023-02-25 19:15:00,219.406223433332,47.415881055556,47.47560098333,18.327777790000003,-5.106,25.85,1,5.1764362714980825,70.66250196097344,19,5,2,-0.9659258262890684,0.2588190451025203,-0.9749279121818236,-0.2225209339563146,0.8660254037844386,0.5000000000000001,4.5,15.9375,65.70833333333333,6.4,16.150000000000002,99.75,88.0,-6.824999999999999,2.9687884,0.175,-5.15,18.16296295,26.53333333333333,27.1,27.5,27.2,25.966666666666665,-23.43377779,-0.0870370333333312,-0.1100000000000003,-4.996,-5.048,18.288271614444447,-5.047999999999997,4.0464234,4.1748853,4.1906276,4.2202964,4.0251064,0,0.0,1,1.0,-1.1,30.3,69.7
2023-02-25 19:30:00,323.204293511112,162.184901244444,162.256565011112,18.16296295,-5.048,25.966666666666665,2,5.1764362714980825,70.66250196097344,19,5,2,-0.9659258262890684,0.2588190451025203,-0.9749279121818236,-0.2225209339563146,0.8660254037844386,0.5000000000000001,3.0,8.3125,56.79166666666666,5.5,15.7,99.5,89.0,-7.05,2.9276896,0.15,-5.5,18.355555560000003,25.85,26.53333333333333,27.1,27.5,25.95,-23.210962950000003,-0.1648148400000018,0.0579999999999998,-5.106,-4.921333333333333,18.301851854444447,-5.049999999999998,4.0251064,4.0464234,4.1748853,4.1906276,4.068776,0,0.0,1,1.0,-1.13,32.0,68.0
2023-02-25 19:45:00,368.149440050002,202.208300211112,202.280797327778,18.355555560000003,-4.921333333333333,25.95,2,5.1764362714980825,70.66250196097344,19,5,2,-0.9659258262890684,0.2588190451025203,-0.9749279121818236,-0.2225209339563146,0.8660254037844386,0.5000000000000001,1.5,3.75,47.333333333333336,4.6,15.25,99.25,90.0,-7.275,2.8865745,0.125,-5.85,18.5240741,25.966666666666665,25.85,26.53333333333333,27.1,25.35,-23.276888893333336,0.1925926100000019,0.1266666666666669,-5.048,-5.1273333333333335,18.282098766666667,-5.0251111111111095,4.068776,4.0251064,4.0464234,4.1748853,4.0146065,0,0.0,0,1.0,-1.09,30.0,70.0
2023-02-25 20:00:00,236.223606294442,100.879298,100.920963049998,18.5240741,-5.1273333333333335,25.35,2,5.1764362714980825,70.66250196097344,20,5,2,-0.8660254037844386,0.5000000000000001,-0.9749279121818236,-0.2225209339563146,0.8660254037844386,0.5000000000000001,0.0,2.25,37.333333333333336,3.7,14.8,99.0,91.0,-7.5,2.8454669,0.1,-6.2,18.30555554,25.95,25.966666666666665,25.85,26.53333333333333,25.35,-23.651407433333333,0.1685185399999973,-0.2060000000000004,-4.921333333333333,-5.3693333333333335,18.347530870000003,-5.03222222222222,4.0146065,4.068776,4.0251064,4.0464234,3.9629276,0,0.0,0,1.0,-1.05,28.4,71.6
2023-02-25 20:15:00,275.127050044444,128.791237027778,128.83512422222,18.30555554,-5.3693333333333335,25.35,2,5.1764362714980825,70.66250196097344,20,5,2,-0.8660254037844386,0.5000000000000001,-0.9749279121818236,-0.2225209339563146,0.8660254037844386,0.5000000000000001,0.0,1.125,28.5625,3.775,12.725,96.5,90.5,-7.625,2.8144474,0.075,-6.275,18.32407406,25.35,25.95,25.966666666666665,25.85,25.5,-23.67488887333333,-0.2185185599999997,-0.242,-5.1273333333333335,-5.593999999999999,18.395061733333332,-5.139333333333332,3.9629276,4.0146065,4.068776,4.0251064,3.9907591,0,0.0,0,1.0,-1.1,30.7,69.3
2023-02-25 20:30:00,328.526302788892,188.64606493889,188.694951866668,18.32407406,-5.593999999999999,25.5,2,5.1764362714980825,70.66250196097344,20,5,2,-0.8660254037844386,0.5000000000000001,-0.9749279121818236,-0.2225209339563146,0.8660254037844386,0.5000000000000001,0.0,0.375,21.02083333333333,3.85,10.65,94.0,90.0,-7.75,2.7836719,0.05,-6.35,18.62222224,25.35,25.35,25.95,25.966666666666665,25.45,-23.91807406,0.0185185200000006,-0.2246666666666659,-5.3693333333333335,-5.835333333333334,18.384567900000004,-5.363555555555553,3.9907591,3.9629276,4.0146065,4.068776,4.053937,0,0.0,0,1.0,-1.1,30.4,69.6
2023-02-25 20:45:00,607.9431813,148.442950927778,148.486004772222,18.62222224,-5.835333333333334,25.45,2,5.1764362714980825,70.66250196097344,20,5,2,-0.8660254037844386,0.5000000000000001,-0.9749279121818236,-0.2225209339563146,0.8660254037844386,0.5000000000000001,0.0,0.0,14.708333333333334,3.925,8.575,91.5,89.5,-7.875,2.7531374,0.0249999999999999,-6.425,18.63703702666667,25.5,25.35,25.35,25.95,24.85,-24.45755557333333,0.2981481799999983,-0.2413333333333343,-5.593999999999999,-5.938666666666666,18.417283946666668,-5.599555555555554,4.053937,3.9907591,3.9629276,4.0146065,3.961835,0,0.0,0,1.0,-1.03,27.4,72.6
2023-02-25 21:00:00,166.577503349998,32.6628601,32.695914411108,18.63703702666667,-5.938666666666666,24.85,1,5.1764362714980825,70.66250196097344,21,5,2,-0.7071067811865477,0.7071067811865474,-0.9749279121818236,-0.2225209339563146,0.8660254037844386,0.5000000000000001,0.0,0.0,9.625,4.0,6.5,89.0,89.0,-8.0,2.7228444,0.0,-6.5,18.36111112,25.45,25.5,25.35,25.35,24.5,-24.57570369333333,0.014814786666669,-0.1033333333333326,-5.835333333333334,-6.263333333333334,18.52777777555556,-5.789333333333332,3.961835,4.053937,3.9907591,3.9629276,3.8426924,0,0.0,1,1.0,-1.03,27.4,72.6
2023-02-25 21:15:00,316.474007183334,175.373262555556,175.420482933332,18.36111112,-6.263333333333334,24.5,2,5.1764362714980825,70.66250196097344,21,5,2,-0.7071067811865477,0.7071067811865474,-0.9749279121818236,-0.2225209339563146,0.8660254037844386,0.5000000000000001,0.0,0.0,5.6875,3.775,6.225,84.5,88.75,-7.975,2.7300663,0.0,-6.425,18.514814803333334,24.85,25.45,25.5,25.35,24.5,-24.62444445333333,-0.2759259066666679,-0.3246666666666673,-5.938666666666666,-6.383333333333334,18.540123462222223,-6.012444444444443,3.8426924,3.961835,4.053937,3.9907591,3.8778665,0,0.0,1,1.0,-1.1,30.3,69.7
2023-02-25 21:30:00,328.804902911108,195.148027116666,195.18885888333,18.514814803333334,-6.383333333333334,24.5,2,5.1764362714980825,70.66250196097344,21,5,2,-0.7071067811865477,0.7071067811865474,-0.9749279121818236,-0.2225209339563146,0.8660254037844386,0.5000000000000001,0.0,0.0,2.895833333333333,3.55,5.95,80.0,88.5,-7.95,2.7372775,0.0,-6.35,18.7277778,24.5,24.85,25.45,25.5,24.4,-24.898148136666663,0.1537036833333331,-0.1200000000000001,-6.263333333333334,-6.635999999999999,18.504320983333333,-6.1951111111111095,3.8778665,3.8426924,3.961835,4.053937,3.911033,0,0.0,0,1.0,-1.06,28.7,71.3
2023-02-25 21:45:00,253.52874736111,135.905396883334,135.942339905554,18.7277778,-6.635999999999999,24.4,2,5.1764362714980825,70.66250196097344,21,5,2,-0.7071067811865477,0.7071067811865474,-0.9749279121818236,-0.2225209339563146,0.8660254037844386,0.5000000000000001,0.0,0.0,1.25,3.325,5.675000000000001,75.5,88.25,-7.925000000000001,2.7444751,0.0,-6.275,18.52037035333333,24.5,24.5,24.85,25.45,23.75,-25.3637778,0.2129629966666684,-0.2526666666666655,-6.383333333333334,-6.7780000000000005,18.53456790777778,-6.4275555555555535,3.911033,3.8778665,3.8426924,3.961835,3.7603931,0,0.0,0,1.0,-1.01,26.6,73.4
2023-02-25 22:00:00,223.86715612222,102.042862555556,102.075916849998,18.52037035333333,-6.7780000000000005,23.75,2,5.1764362714980825,70.66250196097344,22,5,2,-0.5000000000000004,0.8660254037844384,-0.9749279121818236,-0.2225209339563146,0.8660254037844386,0.5000000000000001,0.0,0.0,0.75,3.1,5.4,71.0,88.0,-7.9,2.7516603,0.0,-6.2,18.31666667,24.4,24.5,24.5,24.85,24.0,-25.298370353333333,-0.2074074466666715,-0.1420000000000012,-6.635999999999999,-6.956,18.58765431888889,-6.599111111111109,3.7603931,3.911033,3.8778665,3.8426924,3.754358,0,0.0,0,1.0,-1.06,28.8,71.2
2023-02-25 22:15:00,313.381630866668,189.648524888888,189.689078816666,18.31666667,-6.956,24.0,2,5.1764362714980825,70.66250196097344,22,5,2,-0.5000000000000004,0.8660254037844384,-0.9749279121818236,-0.2225209339563146,0.8660254037844386,0.5000000000000001,0.0,0.0,0.375,2.425,5.2250000000000005,57.25,88.0,-7.975,2.7367005,0.0,-6.275,18.56666666,23.75,24.4,24.5,24.5,23.816666666666663,-25.27266667,-0.2037036833333303,-0.1779999999999999,-6.7780000000000005,-7.365333333333334,18.52160494111111,-6.789999999999999,3.754358,3.7603931,3.911033,3.8778665,3.7813036,0,0.0,0,1.0,-1.11,30.9,69.1
2023-02-25 22:30:00,345.36007387778,223.351621144444,223.394675005554,18.56666666,-7.365333333333334,23.816666666666663,2,5.1764362714980825,70.66250196097344,22,5,2,-0.5000000000000004,0.8660254037844384,-0.9749279121818236,-0.2225209339563146,0.8660254037844386,0.5000000000000001,0.0,0.0,0.125,1.75,5.050000000000001,43.5,88.0,-8.05,2.7218122,0.0,-6.35,18.82222222,24.0,23.75,24.4,24.5,23.45,-25.93199999333333,0.2499999899999991,-0.4093333333333335,-6.956,-7.292,18.467901227777777,-7.03311111111111,3.7813036,3.754358,3.7603931,3.911033,3.7798057,0,0.0,0,1.0,-1.05,28.4,71.6
2023-02-25 22:45:00,221.266149049998,84.401901572222,84.429956033332,18.82222222,-7.292,23.45,2,5.1764362714980825,70.66250196097344,22,5,2,-0.5000000000000004,0.8660254037844384,-0.9749279121818236,-0.2225209339563146,0.8660254037844386,0.5000000000000001,0.0,0.0,0.0,1.0750000000000002,4.875,29.75,88.0,-8.125,2.7069955,0.0,-6.425,18.631481453333333,23.816666666666663,24.0,23.75,24.4,23.216666666666665,-26.11422222,0.2555555600000012,0.0733333333333341,-7.365333333333334,-7.469333333333334,18.568518516666668,-7.204444444444444,3.7798057,3.7813036,3.754358,3.7603931,3.7002158,0,0.0,0,1.0,-1.0,25.9,74.1
2023-02-25 23:00:00,225.911796633328,95.567843816666,95.597287138886,18.631481453333333,-7.469333333333334,23.216666666666665,2,5.1764362714980825,70.66250196097344,23,5,2,-0.2588190451025215,0.965925826289068,-0.9749279121818236,-0.2225209339563146,0.8660254037844386,0.5000000000000001,0.0,0.0,0.0,0.4,4.7,16.0,88.0,-8.2,2.6922507,0.0,-6.5,18.45555552,23.45,23.816666666666663,24.0,23.75,23.5,-26.100814786666668,-0.1907407666666678,-0.1773333333333342,-7.292,-7.572,18.673456777777776,-7.375555555555554,3.7002158,3.7798057,3.7813036,3.754358,3.7065463,0,0.0,0,1.0,-1.04,27.8,72.2
2023-02-25 23:15:00,306.186363272218,183.621821516666,183.66043112222,18.45555552,-7.572,23.5,2,5.1764362714980825,70.66250196097344,23,5,2,-0.2588190451025215,0.965925826289068,-0.9749279121818236,-0.2225209339563146,0.8660254037844386,0.5000000000000001,0.0,0.0,0.0,1.325,4.975,13.75,89.0,-9.0,2.5353835,0.0,-7.475,18.507407413333333,23.216666666666665,23.45,23.816666666666663,24.0,23.316666666666663,-26.02755552,-0.1759259333333318,-0.102666666666666,-7.469333333333334,-7.447999999999999,18.636419731111115,-7.444444444444443,3.7065463,3.7002158,3.7798057,3.7813036,3.6889482,0,0.0,0,1.0,-1.08,29.6,70.4
2023-02-25 23:30:00,222.748867405558,101.943699888888,101.972865405554,18.507407413333333,-7.447999999999999,23.316666666666663,2,5.1764362714980825,70.66250196097344,23,5,2,-0.2588190451025215,0.965925826289068,-0.9749279121818236,-0.2225209339563146,0.8660254037844386,0.5000000000000001,0.0,0.0,0.0,2.25,5.25,11.5,90.0,-9.8,2.3859026,0.0,-8.45,18.28888886,23.5,23.216666666666665,23.45,23.816666666666663,23.35,-25.955407413333333,0.0518518933333318,0.1240000000000005,-7.572,-7.384,18.53148146222222,-7.496444444444442,3.6889482,3.7065463,3.7002158,3.7798057,3.646662,0,0.0,0,1.0,-1.07,29.1,70.9
2023-02-25 23:45:00,225.75569157778,130.509223855556,130.5189457,18.28888886,-7.384,23.35,2,5.1764362714980825,70.66250196097344,23,5,2,-0.2588190451025215,0.965925826289068,-0.9749279121818236,-0.2225209339563146,0.8660254037844386,0.5000000000000001,0.0,0.0,0.0,3.175,5.525,9.25,91.0,-10.6,2.2435737,0.0,-9.425,18.344444446666667,23.316666666666663,23.5,23.216666666666665,23.45,23.5,-25.67288886,-0.2185185533333324,0.0639999999999991,-7.447999999999999,-7.112666666666667,18.41728393111111,-7.467999999999997,3.646662,3.6889482,3.7065463,3.7002158,3.6822057,0,0.0,0,1.0,-1.12,31.3,68.7
2023-02-26 00:00:00,277.524454061114,185.723959627778,185.739792377776,18.344444446666667,-7.112666666666667,23.5,2,5.1764362714980825,70.66250196097344,0,6,2,0.0,1.0,-0.7818314824680299,0.6234898018587334,0.8660254037844386,0.5000000000000001,0.0,0.0,0.0,4.1,5.8,7.0,92.0,-11.4,2.108165,0.0,-10.4,18.64444444,23.35,23.316666666666663,23.5,23.216666666666665,23.45,-25.457111113333333,0.0555555866666672,0.2713333333333336,-7.384,-6.822,18.380246906666667,-7.314888888888888,3.6822057,3.646662,3.6889482,3.7065463,3.7402723,0,0.0,0,1.0,-1.1,30.7,69.3
2023-02-26 00:15:00,112.176901677776,32.487589327778,32.493700266664,18.64444444,-6.822,23.45,1,5.1764362714980825,70.66250196097344,0,6,2,0.0,1.0,-0.7818314824680299,0.6234898018587334,0.8660254037844386,0.5000000000000001,0.0,0.0,0.0,4.35,6.25,6.0,91.75,-11.875,2.032178,0.0,-10.85,18.422222183333336,23.5,23.35,23.316666666666663,23.5,23.4,-25.46644444,0.2999999933333299,0.2906666666666666,-7.112666666666667,-6.742,18.42592591555556,-7.106222222222221,3.7402723,3.6822057,3.646662,3.6889482,3.683489,0,0.0,1,1.0,-1.04,27.7,72.3
2023-02-26 00:30:00,231.773228683334,143.6234215,143.6342544,18.422222183333336,-6.742,23.4,2,5.1764362714980825,70.66250196097344,0,6,2,0.0,1.0,-0.7818314824680299,0.6234898018587334,0.8660254037844386,0.5000000000000001,0.0,0.0,0.0,4.6,6.7,5.0,91.5,-12.35,1.9586498,0.0,-11.3,18.46666666,23.45,23.5,23.35,23.316666666666663,23.95,-25.164222183333337,-0.2222222566666616,0.08,-6.822,-6.678666666666667,18.470370356666667,-6.8922222222222205,3.683489,3.7402723,3.6822057,3.646662,3.7800114,0,0.0,1,1.0,-1.09,29.9,70.1
2023-02-26 00:45:00,223.83271308333,142.96400346111,142.979558455552,18.46666666,-6.678666666666667,23.95,2,5.1764362714980825,70.66250196097344,0,6,2,0.0,1.0,-0.7818314824680299,0.6234898018587334,0.8660254037844386,0.5000000000000001,0.0,0.0,0.0,4.85,7.15,4.0,91.25,-12.825,1.8875111,0.0,-11.75,18.553703726666665,23.4,23.45,23.5,23.35,23.53333333333333,-25.145333326666663,0.044444476666662,0.0633333333333325,-6.742,-6.606,18.511111094444445,-6.747555555555554,3.7800114,3.683489,3.7402723,3.6822057,3.7334518,0,0.0,0,1.0,-1.07,29.3,70.7
2023-02-26 01:00:00,152.025307777772,58.290446072222,58.299056877776,18.553703726666665,-6.606,23.53333333333333,1,5.1764362714980825,70.66250196097344,1,6,2,0.2588190451025207,0.9659258262890684,-0.7818314824680299,0.6234898018587334,0.8660254037844386,0.5000000000000001,0.0,0.0,0.0,5.1,7.6,3.0,91.0,-13.3,1.8186929,0.0,-12.2,18.35555554,23.95,23.4,23.45,23.5,23.85,-25.159703726666663,0.0870370666666673,0.0726666666666675,-6.678666666666667,-6.303333333333333,18.48086419,-6.675555555555555,3.7334518,3.7800114,3.683489,3.7402723,3.739511,0,0.0,1,1.0,-1.06,28.6,71.4
2023-02-26 01:15:00,487.829374994442,157.207322572222,157.22815512222002,18.35555554,-6.303333333333333,23.85,2,5.1764362714980825,70.66250196097344,1,6,2,0.2588190451025207,0.9659258262890684,-0.7818314824680299,0.6234898018587334,0.8660254037844386,0.5000000000000001,0.0,0.0,0.0,5.9,8.4,5.75,90.25,-13.9,1.7391281,0.0,-12.675,18.34444445666667,23.53333333333333,23.95,23.4,23.45,23.816666666666663,-24.65888887333333,-0.1981481866666641,0.3026666666666671,-6.606,-6.342666666666667,18.458641975555555,-6.529333333333331,3.739511,3.7334518,3.7800114,3.683489,3.7318242,0,0.0,1,1.0,-1.1,30.5,69.5
2023-02-26 01:30:00,165.303109911108,93.215715672222,93.229604033332,18.34444445666667,-6.342666666666667,23.816666666666663,2,5.1764362714980825,70.66250196097344,1,6,2,0.2588190451025207,0.9659258262890684,-0.7818314824680299,0.6234898018587334,0.8660254037844386,0.5000000000000001,0.0,0.0,0.0,6.7,9.2,8.5,89.5,-14.5,1.6626735,0.0,-13.15,18.0888889,23.85,23.53333333333333,23.95,23.4,23.55,-24.68711112333333,-0.0111110833333327,-0.0393333333333343,-6.303333333333333,-6.582,18.417901241111117,-6.417333333333332,3.7318242,3.739511,3.7334518,3.7800114,3.6344626,0,0.0,0,1.0,-1.1,30.6,69.4
2023-02-26 01:45:00,173.803325438886,127.965714483334,127.979602844444,18.0888889,-6.582,23.55,2,5.1764362714980825,70.66250196097344,1,6,2,0.2588190451025207,0.9659258262890684,-0.7818314824680299,0.6234898018587334,0.8660254037844386,0.5000000000000001,0.0,0.0,0.0,7.5,10.0,11.25,88.75,-15.1,1.5892204,0.0,-13.625,18.174074103333336,23.816666666666663,23.85,23.53333333333333,23.95,23.78333333333333,-24.6708889,-0.2555555566666712,-0.2393333333333327,-6.342666666666667,-6.912,18.26296296555556,-6.409333333333332,3.6344626,3.7318242,3.739511,3.7334518,3.6891005,0,0.0,0,1.0,-1.16,33.4,66.6
2023-02-26 02:00:00,253.864011883326,188.991606716666,189.008550538886,18.174074103333336,-6.912,23.78333333333333,2,5.1764362714980825,70.66250196097344,2,6,2,0.4999999999999999,0.8660254037844387,-0.7818314824680299,0.6234898018587334,0.8660254037844386,0.5000000000000001,0.0,0.0,0.0,8.3,10.8,14.0,88.0,-15.7,1.518666,0.0,-14.1,18.56111113,23.55,23.816666666666663,23.85,23.53333333333333,23.45,-25.08607410333333,0.0851852033333386,-0.33,-6.582,-7.098,18.202469153333336,-6.612222222222219,3.6891005,3.6344626,3.7318242,3.739511,3.7218647,0,0.0,0,1.0,-1.14,32.4,67.6
2023-02-26 02:15:00,94.774819872226,37.852096955556,37.856819033332,18.56111113,-7.098,23.45,1,5.1764362714980825,70.66250196097344,2,6,2,0.4999999999999999,0.8660254037844387,-0.7818314824680299,0.6234898018587334,0.8660254037844386,0.5000000000000001,0.0,0.0,0.0,8.65,11.15,35.5,87.75,-15.9,1.493831,0.0,-14.275,18.377777746666663,23.78333333333333,23.55,23.816666666666663,23.85,23.216666666666665,-25.65911113,0.3870370266666612,-0.1859999999999999,-6.912,-7.134,18.27469137777778,-6.863999999999998,3.7218647,3.6891005,3.6344626,3.7318242,3.6450102,0,0.0,1,1.0,-1.06,28.5,71.5
2023-02-26 02:30:00,178.556190833332,134.872382688888,134.890159811108,18.377777746666663,-7.134,23.216666666666665,2,5.1764362714980825,70.66250196097344,2,6,2,0.4999999999999999,0.8660254037844387,-0.7818314824680299,0.6234898018587334,0.8660254037844386,0.5000000000000001,0.0,0.0,0.0,9.0,11.5,57.0,87.5,-16.1,1.4693588,0.0,-14.45,18.361111110000003,23.45,23.78333333333333,23.55,23.816666666666663,23.45,-25.511777746666667,-0.1833333833333306,-0.0360000000000004,-7.098,-7.238,18.37098766,-7.047999999999998,3.6450102,3.7218647,3.6891005,3.6344626,3.6780055,0,0.0,1,1.0,-1.1,30.4,69.6
2023-02-26 02:45:00,212.176790455552,164.675357188888,164.696467494442,18.361111110000003,-7.238,23.45,2,5.1764362714980825,70.66250196097344,2,6,2,0.4999999999999999,0.8660254037844387,-0.7818314824680299,0.6234898018587334,0.8660254037844386,0.5000000000000001,0.0,0.0,0.0,9.35,11.85,78.5,87.25,-16.3,1.4452448,0.0,-14.625,18.53518516333333,23.216666666666665,23.45,23.78333333333333,23.55,22.85,-25.599111110000003,-0.0166666366666632,-0.104,-7.134,-7.09,18.43333332888889,-7.156666666666665,3.6780055,3.6450102,3.7218647,3.6891005,3.6210706,0,0.0,0,1.0,-1.1,30.5,69.5
2023-02-26 03:00:00,82.961403761106,33.634210144444,33.642543227774,18.53518516333333,-7.09,22.85,1,5.1764362714980825,70.66250196097344,3,6,2,0.7071067811865476,0.7071067811865476,-0.7818314824680299,0.6234898018587334,0.8660254037844386,0.5000000000000001,0.0,0.0,0.0,9.7,12.2,100.0,87.0,-16.5,1.421484,0.0,-14.8,18.30555553,23.45,23.216666666666665,23.45,23.78333333333333,22.85,-25.62518516333333,0.174074053333328,0.1480000000000005,-7.238,-6.978,18.42469134,-7.153999999999999,3.6210706,3.6780055,3.6450102,3.7218647,3.5721066,0,0.0,1,1.0,-1.06,28.9,71.1
2023-02-26 03:15:00,203.992951155552,150.70424942222,150.724526427774,18.30555553,-6.978,22.85,2,5.1764362714980825,70.66250196097344,3,6,2,0.7071067811865476,0.7071067811865476,-0.7818314824680299,0.6234898018587334,0.8660254037844386,0.5000000000000001,0.0,0.0,0.0,9.875,12.3,100.0,86.75,-16.1,1.4681877,0.0,-14.35,18.47962964666667,22.85,23.45,23.216666666666665,23.45,23.0,-25.28355553,-0.2296296333333316,0.1120000000000001,-7.09,-6.947333333333333,18.40061726777778,-7.101999999999999,3.5721066,3.6210706,3.6780055,3.6450102,3.6328647,0,0.0,1,1.0,-1.12,31.3,68.7
2023-02-26 03:30:00,222.955525805558,181.427742550002,181.451908266668,18.47962964666667,-6.947333333333333,23.0,2,5.1764362714980825,70.66250196097344,3,6,2,0.7071067811865476,0.7071067811865476,-0.7818314824680299,0.6234898018587334,0.8660254037844386,0.5000000000000001,0.0,0.0,0.0,10.05,12.4,100.0,86.5,-15.7,1.5161988,0.0,-13.9,18.55555559,22.85,22.85,23.45,23.216666666666665,22.7,-25.426962980000003,0.1740741166666701,0.0306666666666668,-6.978,-7.070666666666667,18.440123446666668,-7.005111111111109,3.6328647,3.5721066,3.6210706,3.6780055,3.6016436,0,0.0,0,1.0,-1.08,29.4,70.6
2023-02-26 03:45:00,147.581318711112,102.664504355556,102.680892666664,18.55555559,-7.070666666666667,22.7,2,5.1764362714980825,70.66250196097344,3,6,2,0.7071067811865476,0.7071067811865476,-0.7818314824680299,0.6234898018587334,0.8660254037844386,0.5000000000000001,0.0,0.0,0.0,10.225,12.5,100.0,86.25,-15.3,1.5655458,0.0,-13.45,18.244444426666668,23.0,22.85,22.85,23.45,22.966666666666665,-25.62622225666667,0.0759259433333312,-0.1233333333333339,-6.947333333333333,-6.660666666666667,18.44691358888889,-6.998666666666665,3.6016436,3.6328647,3.5721066,3.6210706,3.5773437,0,0.0,0,1.0,-1.06,28.7,71.3
2023-02-26 04:00:00,192.8056208,154.515485766668,154.53770716111,18.244444426666668,-6.660666666666667,22.966666666666665,2,5.1764362714980825,70.66250196097344,4,6,2,0.8660254037844386,0.5000000000000001,-0.7818314824680299,0.6234898018587334,0.8660254037844386,0.5000000000000001,0.0,0.0,0.0,10.4,12.6,100.0,86.0,-14.9,1.6162585,0.0,-13.0,18.43888888,22.7,23.0,22.85,22.85,22.95,-24.905111093333336,-0.311111163333333,0.4100000000000001,-7.070666666666667,-6.296666666666667,18.426543221111118,-6.892888888888887,3.5773437,3.6016436,3.6328647,3.5721066,3.6162236,0,0.0,0,1.0,-1.13,31.9,68.1
2023-02-26 04:15:00,190.907918994442,137.562552844444,137.581996533332,18.43888888,-6.296666666666667,22.95,2,5.1764362714980825,70.66250196097344,4,6,2,0.8660254037844386,0.5000000000000001,-0.7818314824680299,0.6234898018587334,0.8660254037844386,0.5000000000000001,0.0,0.0,0.0,10.1,12.95,99.75,86.5,-14.175,1.7089971,0.0,-12.35,18.585185176666663,22.966666666666665,22.7,23.0,22.85,22.53333333333333,-24.735555546666664,0.1944444533333289,0.3639999999999999,-6.660666666666667,-6.569333333333334,18.41296296555556,-6.675999999999998,3.6162236,3.5773437,3.6016436,3.6328647,3.5814776,0,0.0,0,1.0,-1.09,29.8,70.2
2023-02-26 04:30:00,105.672995211108,55.155015927778,55.165015611108,18.585185176666663,-6.569333333333334,22.53333333333333,1,5.1764362714980825,70.66250196097344,4,6,2,0.8660254037844386,0.5000000000000001,-0.7818314824680299,0.6234898018587334,0.8660254037844386,0.5000000000000001,0.0,0.0,0.0,9.8,13.3,99.5,87.0,-13.45,1.8064755,0.0,-11.7,18.33333335,22.95,22.966666666666665,22.7,23.0,22.85,-25.15451851,0.1462962966666694,-0.2726666666666668,-6.296666666666667,-7.025333333333333,18.42283949444445,-6.508888888888887,3.5814776,3.6162236,3.5773437,3.6016436,3.5779982,0,0.0,1,1.0,-1.05,28.5,71.5
2023-02-26 04:45:00,202.448290694442,164.513974777776,164.535085033332,18.33333335,-7.025333333333333,22.85,2,5.1764362714980825,70.66250196097344,4,6,2,0.8660254037844386,0.5000000000000001,-0.7818314824680299,0.6234898018587334,0.8660254037844386,0.5000000000000001,0.0,0.0,0.0,9.5,13.65,99.25,87.5,-12.725,1.9089049,0.0,-11.05,18.54629631,22.53333333333333,22.95,22.966666666666665,22.7,22.816666666666663,-25.35866668333333,-0.2518518266666696,-0.4559999999999995,-6.569333333333334,-6.7780000000000005,18.45246913555556,-6.630444444444443,3.5779982,3.5814776,3.6162236,3.5773437,3.6181695,0,0.0,1,1.0,-1.11,31.0,69.0
2023-02-26 05:00:00,106.63212354444,67.14620296111,67.15759145555201,18.54629631,-6.7780000000000005,22.816666666666663,1,5.1764362714980825,70.66250196097344,5,6,2,0.9659258262890684,0.2588190451025207,-0.7818314824680299,0.6234898018587334,0.8660254037844386,0.5000000000000001,0.0,0.0,0.0,9.2,14.0,99.0,88.0,-12.0,2.016506,0.0,-10.4,18.45555557,22.85,22.53333333333333,22.95,22.966666666666665,22.55,-25.32429631,0.2129629600000022,0.2473333333333327,-7.025333333333333,-6.72,18.488271612222224,-6.790888888888887,3.6181695,3.5779982,3.5814776,3.6162236,3.556707,0,0.0,1,1.0,-1.06,28.8,71.2
2023-02-26 05:15:00,147.79186592222,91.458563727778,91.469952188888,18.45555557,-6.72,22.55,2,5.1764362714980825,70.66250196097344,5,6,2,0.9659258262890684,0.2588190451025207,-0.7818314824680299,0.6234898018587334,0.8660254037844386,0.5000000000000001,0.0,0.0,0.0,9.15,13.65,99.25,87.5,-11.475,2.1015,0.0,-9.775,18.314814786666663,22.816666666666663,22.85,22.53333333333333,22.95,22.966666666666665,-25.17555557,-0.0907407399999975,0.0580000000000007,-6.7780000000000005,-6.480666666666667,18.445061743333333,-6.84111111111111,3.556707,3.6181695,3.5779982,3.5814776,3.592317,0,0.0,1,1.0,-1.08,29.8,70.2
2023-02-26 05:30:00,232.292930144444,181.393021772222,181.415520872222,18.314814786666663,-6.480666666666667,22.966666666666665,2,5.1764362714980825,70.66250196097344,5,6,2,0.9659258262890684,0.2588190451025207,-0.7818314824680299,0.6234898018587334,0.8660254037844386,0.5000000000000001,0.0,0.0,0.0,9.1,13.3,99.5,87.0,-10.95,2.1894412,0.0,-9.15,18.53888887,22.55,22.816666666666663,22.85,22.53333333333333,22.65,-24.79548145333333,-0.1407407833333351,0.2393333333333327,-6.72,-6.433333333333334,18.43888888888889,-6.659555555555554,3.592317,3.556707,3.6181695,3.5779982,3.5901642,0,0.0,0,1.0,-1.11,31.1,68.9
2023-02-26 05:45:00,70.728837466664,32.203434011112,32.212044833332,18.53888887,-6.433333333333334,22.65,1,5.1764362714980825,70.66250196097344,5,6,2,0.9659258262890684,0.2588190451025207,-0.7818314824680299,0.6234898018587334,0.8660254037844386,0.5000000000000001,0.0,0.0,0.0,9.05,12.95,99.75,86.5,-10.425,2.2804046,0.0,-8.525,18.362962976666665,22.966666666666665,22.55,22.816666666666663,22.85,22.683333333333334,-24.97222220333333,0.2240740833333347,0.0473333333333334,-6.480666666666667,-6.282,18.436419742222224,-6.544666666666664,3.5901642,3.592317,3.556707,3.6181695,3.5581486,0,0.0,1,1.0,-1.06,28.9,71.1
2023-02-26 06:00:00,185.502857305558,136.939244427778,136.957854816666,18.362962976666665,-6.282,22.683333333333334,2,5.1764362714980825,70.66250196097344,6,6,2,1.0,6.123233995736766e-17,-0.7818314824680299,0.6234898018587334,0.8660254037844386,0.5000000000000001,0.0,0.0,0.0,9.0,12.6,100.0,86.0,-9.9,2.3744652,0.0,-7.9,18.3388889,22.65,22.966666666666665,22.55,22.816666666666663,23.0,-24.644962976666665,-0.1759258933333356,0.1513333333333335,-6.433333333333334,-5.979333333333333,18.405555544444443,-6.398666666666666,3.5581486,3.5901642,3.592317,3.556707,3.602673,0,0.0,1,1.0,-1.1,30.7,69.3
2023-02-26 06:15:00,157.493699983334,119.589660655556,119.607159988888,18.3388889,-5.979333333333333,23.0,2,5.1764362714980825,70.66250196097344,6,6,2,1.0,6.123233995736766e-17,-0.7818314824680299,0.6234898018587334,0.8660254037844386,0.5000000000000001,0.0,0.0,0.0,8.45,12.7,100.0,85.0,-9.4,2.461756,0.0,-7.25,18.15185184,22.683333333333334,22.65,22.966666666666665,22.55,23.183333333333334,-24.31822223333333,-0.0240740766666682,0.3026666666666671,-6.282,-5.618666666666667,18.41358024888889,-6.231555555555555,3.602673,3.5581486,3.5901642,3.592317,3.5912879,0,0.0,0,1.0,-1.11,30.9,69.1
2023-02-26 06:30:00,167.46163468333,116.714220127778,116.731163916666,18.15185184,-5.618666666666667,23.183333333333334,2,5.1764362714980825,70.66250196097344,6,6,2,1.0,6.123233995736766e-17,-0.7818314824680299,0.6234898018587334,0.8660254037844386,0.5000000000000001,0.0,0.0,0.0,7.9,12.8,100.0,84.0,-8.9,2.5512133,0.0,-6.6,18.15000002,23.0,22.683333333333334,22.65,22.966666666666665,23.45,-23.770518506666665,-0.1870370599999979,0.360666666666666,-5.979333333333333,-5.3406666666666665,18.28456790555555,-5.959999999999998,3.5912879,3.602673,3.5581486,3.5901642,3.6321979,0,0.0,0,1.0,-1.15,32.8,67.2
2023-02-26 06:45:00,229.173054944444,177.894550616666,177.91927186111,18.15000002,-5.3406666666666665,23.45,2,5.1764362714980825,70.66250196097344,6,6,2,1.0,6.123233995736766e-17,-0.7818314824680299,0.6234898018587334,0.8660254037844386,0.5000000000000001,0.0,0.0,0.0,7.35,12.9,100.0,83.0,-8.4,2.6428401,0.0,-5.95,18.47777778,23.183333333333334,23.0,22.683333333333334,22.65,23.03333333333333,-23.490666686666668,-0.0018518199999988,0.2780000000000004,-5.618666666666667,-4.959999999999999,18.213580253333333,-5.646222222222221,3.6321979,3.5912879,3.602673,3.5581486,3.637729,0,0.0,0,1.0,-1.15,32.8,67.2
2023-02-26 07:00:00,362.323562094442,21.571081572222,21.57858132222,18.47777778,-4.959999999999999,23.03333333333333,1,5.1764362714980825,70.66250196097344,7,6,2,0.9659258262890684,-0.2588190451025206,-0.7818314824680299,0.6234898018587334,0.8660254037844386,0.5000000000000001,0.0,0.0,0.0,6.8,13.0,100.0,82.0,-7.9,2.7366338,0.0,-5.3,18.283333350000003,23.45,23.183333333333334,23.0,22.683333333333334,23.35,-23.43777778,0.32777776,0.3806666666666674,-5.3406666666666665,-4.544,18.259876546666668,-5.306444444444442,3.637729,3.6321979,3.5912879,3.602673,3.6454585,0,0.0,1,1.0,-1.08,29.4,70.6
2023-02-26 07:15:00,179.546429005554,141.72655292777802,141.747107688888,18.283333350000003,-4.544,23.35,2,5.1764362714980825,70.66250196097344,7,6,2,0.9659258262890684,-0.2588190451025206,-0.7818314824680299,0.6234898018587334,0.8660254037844386,0.5000000000000001,0.25,0.0625,0.0208333333333333,6.825,14.075,100.0,82.5,-7.525,2.8134437,0.0,-5.0,18.42407405333333,23.03333333333333,23.45,23.183333333333334,23.0,23.5,-22.827333350000004,-0.1944444299999972,0.4159999999999995,-4.959999999999999,-3.932666666666667,18.30370371666667,-4.9482222222222205,3.6454585,3.637729,3.6321979,3.5912879,3.6996365,0,0.0,1,1.0,-1.12,31.4,68.6
2023-02-26 07:30:00,145.926384911112,101.96647676111,101.982865055552,18.42407405333333,-3.932666666666667,23.5,2,5.1764362714980825,70.66250196097344,7,6,2,0.9659258262890684,-0.2588190451025206,-0.7818314824680299,0.6234898018587334,0.8660254037844386,0.5000000000000001,0.5,0.1875,0.0625,6.85,15.15,100.0,83.0,-7.15,2.8921418,0.0,-4.699999999999999,18.43333334,23.35,23.03333333333333,23.45,23.183333333333334,23.55,-22.35674072,0.1407407033333321,0.6113333333333326,-4.544,-2.714,18.395061727777783,-4.478888888888887,3.6996365,3.6454585,3.637729,3.6321979,3.7095435,0,0.0,0,1.0,-1.09,29.9,70.1
2023-02-26 07:45:00,121.410699027774,67.37341603889,67.38702666111,18.43333334,-2.714,23.55,1,5.1764362714980825,70.66250196097344,7,6,2,0.9659258262890684,-0.2588190451025206,-0.7818314824680299,0.6234898018587334,0.8660254037844386,0.5000000000000001,0.75,0.375,0.125,6.875,16.225,100.0,83.5,-6.775,2.9727676,0.0,-4.4,18.262962986666665,23.5,23.35,23.03333333333333,23.45,23.966666666666665,-21.14733334,0.0092592866666656,1.218666666666667,-3.932666666666667,-1.8706666666666665,18.38024691444445,-3.730222222222221,3.7095435,3.6996365,3.6454585,3.637729,3.7372124,0,0.0,1,1.0,-1.08,29.8,70.2
2023-02-26 08:00:00,192.422025011112,148.19129436110998,148.21268242222,18.262962986666665,-1.8706666666666665,23.966666666666665,2,5.1764362714980825,70.66250196097344,8,6,2,0.8660254037844387,-0.4999999999999998,-0.7818314824680299,0.6234898018587334,0.8660254037844386,0.5000000000000001,1.0,0.625,0.2083333333333333,6.9,17.3,100.0,84.0,-6.4,3.0553625,0.0,-4.1,18.47222225,23.55,23.5,23.35,23.03333333333333,24.05,-20.13362965333333,-0.170370353333336,0.8433333333333335,-2.714,-1.29,18.373456793333336,-2.839111111111109,3.7372124,3.7095435,3.6996365,3.6454585,3.7970438,0,0.0,1,1.0,-1.12,31.4,68.6
2023-02-26 08:15:00,69.022239149994,26.808094316666,26.815316311108,18.47222225,-1.29,24.05,1,5.1764362714980825,70.66250196097344,8,6,2,0.8660254037844387,-0.4999999999999998,-0.7818314824680299,0.6234898018587334,0.8660254037844386,0.5000000000000001,11.25,3.375,1.1458333333333333,7.775,18.025,100.0,82.0,-6.050000000000001,3.129356,0.0,-3.425,18.244444426666668,23.966666666666665,23.55,23.5,23.35,24.65,-19.76222225,0.2092592633333367,0.5806666666666664,-1.8706666666666665,-0.8233333333333334,18.389506192222225,-1.9582222222222203,3.7970438,3.7372124,3.7095435,3.6996365,3.8395436,0,0.0,1,1.0,-1.07,29.3,70.7
2023-02-26 08:30:00,190.373218149998,146.271371144444,146.29220366111,18.244444426666668,-0.8233333333333334,24.65,2,5.1764362714980825,70.66250196097344,8,6,2,0.8660254037844387,-0.4999999999999998,-0.7818314824680299,0.6234898018587334,0.8660254037844386,0.5000000000000001,21.5,8.625,2.9375,8.65,18.75,100.0,80.0,-5.7,3.2023473,0.0,-2.75,18.37222219,24.05,23.966666666666665,23.55,23.5,24.65,-19.06777776,-0.2277778233333336,0.4666666666666667,-1.29,-0.5226666666666666,18.326543221111116,-1.3279999999999983,3.8395436,3.7970438,3.7372124,3.7095435,3.8687687,0,0.0,1,1.0,-1.12,31.5,68.5
2023-02-26 08:45:00,99.860449972218,61.791417127778,61.80280562222,18.37222219,-0.5226666666666666,24.65,1,5.1764362714980825,70.66250196097344,8,6,2,0.8660254037844387,-0.4999999999999998,-0.7818314824680299,0.6234898018587334,0.8660254037844386,0.5000000000000001,31.75,16.375,5.583333333333333,9.525,19.475,100.0,78.0,-5.35,3.2740932,0.0,-2.075,18.29074074,24.65,24.05,23.966666666666665,23.55,24.683333333333334,-18.894888856666665,0.1277777633333308,0.3006666666666667,-0.8233333333333334,-0.31,18.36296295555556,-0.8786666666666648,3.8687687,3.8395436,3.7970438,3.7372124,3.8553166,0,0.0,1,1.0,-1.09,30.1,69.9
2023-02-26 09:00:00,146.026658666668,95.893386327778,95.9086635,18.29074074,-0.31,24.683333333333334,2,5.1764362714980825,70.66250196097344,9,6,2,0.7071067811865476,-0.7071067811865475,-0.7818314824680299,0.6234898018587334,0.8660254037844386,0.5000000000000001,42.0,26.625,9.083333333333334,10.4,20.2,100.0,76.0,-5.0,3.3443344,0.0,-1.4,18.19999998,24.65,24.65,24.05,23.966666666666665,25.35,-18.60074074,-0.0814814499999982,0.2126666666666666,-0.5226666666666666,-0.086,18.30246911888889,-0.5519999999999982,3.8553166,3.8687687,3.8395436,3.7970438,3.938171,0,0.0,1,1.0,-1.11,31.0,69.0
2023-02-26 09:15:00,185.043431349998,129.640369694446,129.659257855556,18.19999998,-0.086,25.35,2,5.1764362714980825,70.66250196097344,9,6,2,0.7071067811865476,-0.7071067811865475,-0.7818314824680299,0.6234898018587334,0.8660254037844386,0.5000000000000001,58.5,38.4375,13.958333333333334,11.675,23.525,100.0,74.5,-4.675,3.4239616,0.0,-0.7749999999999999,18.22407407,24.683333333333334,24.65,24.65,24.05,25.683333333333334,-18.28599998,-0.0907407600000027,0.2239999999999999,-0.31,0.1813333333333333,18.287654303333337,-0.3062222222222204,3.938171,3.8553166,3.8687687,3.8395436,3.9956632,0,0.0,0,1.0,-1.13,31.8,68.2
2023-02-26 09:30:00,144.999477572222,107.032940744444,107.049606794442,18.22407407,0.1813333333333333,25.683333333333334,2,5.1764362714980825,70.66250196097344,9,6,2,0.7071067811865476,-0.7071067811865475,-0.7818314824680299,0.6234898018587334,0.8660254037844386,0.5000000000000001,75.0,51.8125,20.20833333333333,12.95,26.85,100.0,73.0,-4.35,3.5032592,0.0,-0.1499999999999999,18.15555559,25.35,24.683333333333334,24.65,24.65,26.0,-18.042740736666666,0.0240740899999991,0.2673333333333333,-0.086,0.5893333333333334,18.238271596666667,-0.0715555555555537,3.9956632,3.938171,3.8553166,3.8687687,4.0285,0,0.0,0,1.0,-1.12,31.4,68.6
2023-02-26 09:45:00,149.360969705558,111.3438794,111.360823172222,18.15555559,0.5893333333333334,26.0,2,5.1764362714980825,70.66250196097344,9,6,2,0.7071067811865476,-0.7071067811865475,-0.7818314824680299,0.6234898018587334,0.8660254037844386,0.5000000000000001,91.5,66.75,27.83333333333333,14.225,30.175,100.0,71.5,-4.025,3.5820622,0.0,0.4750000000000001,18.292592613333333,25.683333333333334,25.35,24.683333333333334,24.65,26.0,-17.566222256666666,-0.068518479999998,0.408,0.1813333333333333,0.962,18.19320988,0.228222222222224,4.0285,3.9956632,3.938171,3.8553166,4.0614147,0,0.0,0,1.0,-1.13,32.1,67.9
2023-02-26 10:00:00,81.953943977776,33.786704044444,33.795037111108,18.292592613333333,0.962,26.0,1,5.1764362714980825,70.66250196097344,10,6,2,0.4999999999999999,-0.8660254037844387,-0.7818314824680299,0.6234898018587334,0.8660254037844386,0.5000000000000001,108.0,83.25,36.833333333333336,15.5,33.5,100.0,70.0,-3.7,3.660198,0.0,1.1,18.15555556,26.0,25.683333333333334,25.35,24.683333333333334,26.3,-17.330592613333334,0.1370370233333346,0.3726666666666666,0.5893333333333334,1.238,18.22407409111111,0.5775555555555573,4.0614147,4.0285,3.9956632,3.938171,4.0749826,0,0.0,1,1.0,-1.1,30.7,69.3
2023-02-26 10:15:00,179.909470099996,134.7346104,134.75405412222,18.15555556,1.238,26.3,2,5.1764362714980825,70.66250196097344,10,6,2,0.4999999999999999,-0.8660254037844387,-0.7818314824680299,0.6234898018587334,0.8660254037844386,0.5000000000000001,122.75,99.3125,47.04166666666666,16.975,36.1,100.0,69.75,-3.575,3.6972227,0.0,1.3,18.37037038,26.0,26.0,25.683333333333334,25.35,26.03333333333333,-16.91755556,-0.1370370533333336,0.276,0.962,1.4966666666666666,18.201234587777776,0.9297777777777796,4.0749826,4.0614147,4.0285,3.9956632,4.085431,0,0.0,1,1.0,-1.13,32.0,68.0
2023-02-26 10:30:00,65.851254744444,0.0,0.0,18.37037038,1.4966666666666666,26.03333333333333,0,5.1764362714980825,70.66250196097344,10,6,2,0.4999999999999999,-0.8660254037844387,-0.7818314824680299,0.6234898018587334,0.8660254037844386,0.5000000000000001,137.5,114.9375,58.458333333333336,18.45,38.7,100.0,69.5,-3.45,3.7344875,0.0,1.5,18.27777777,26.3,26.0,26.0,25.683333333333334,26.45,-16.873703713333335,0.2148148200000008,0.2586666666666666,1.238,1.5833333333333333,18.27283951777778,1.232222222222224,4.085431,4.0749826,4.0614147,4.0285,4.128078,1,1.0,1,0.75,-1.09,29.8,70.2
2023-02-26 10:45:00,166.584725311108,113.801836611112,113.818502677776,18.27777777,1.5833333333333333,26.45,2,5.1764362714980825,70.66250196097344,10,6,2,0.4999999999999999,-0.8660254037844387,-0.7818314824680299,0.6234898018587334,0.8660254037844386,0.5000000000000001,152.25,130.125,71.08333333333333,19.925,41.3,100.0,69.25,-3.325,3.7719934,0.0,1.7,18.396296303333333,26.03333333333333,26.3,26.0,26.0,27.433333333333334,-16.694444436666668,-0.0925926100000005,0.0866666666666666,1.4966666666666666,1.6273333333333333,18.26790123666667,1.439333333333335,4.128078,4.085431,4.0749826,4.0614147,4.3117576,0,1.0,1,0.75,-1.1,30.7,69.3
2023-02-26 11:00:00,164.867016288884,127.4082368,127.426847188888,18.396296303333333,1.6273333333333333,27.433333333333334,2,5.1764362714980825,70.66250196097344,11,6,2,0.258819045102521,-0.9659258262890682,-0.7818314824680299,0.6234898018587334,0.8660254037844386,0.5000000000000001,167.0,144.875,84.91666666666667,21.4,43.9,100.0,69.0,-3.2,3.8097394,0.0,1.9,18.51111111,26.45,26.03333333333333,26.3,26.0,27.5,-16.76896297,0.1185185333333329,0.044,1.5833333333333333,1.68,18.348148151111115,1.569111111111113,4.3117576,4.128078,4.085431,4.0749826,4.3517523,0,1.0,0,0.75,-1.07,29.3,70.7
2023-02-26 11:15:00,50.441038011104,12.941426788888,12.949759855552,18.51111111,1.68,27.5,1,5.1764362714980825,70.66250196097344,11,6,2,0.258819045102521,-0.9659258262890682,-0.7818314824680299,0.6234898018587334,0.8660254037844386,0.5000000000000001,200.25,164.25,100.66666666666669,21.95,46.325,99.0,68.25,-3.2,3.8132808,0.025,2.075,18.251851876666667,27.433333333333334,26.45,26.03333333333333,26.3,27.683333333333334,-16.831111110000002,0.1148148066666685,0.0526666666666666,1.6273333333333333,1.7913333333333334,18.395061727777783,1.6302222222222238,4.3517523,4.3117576,4.128078,4.085431,4.3139195,0,1.0,1,0.75,-1.05,28.1,71.9
2023-02-26 11:30:00,176.257949466664,124.8133406,124.83278432222,18.251851876666667,1.7913333333333334,27.683333333333334,2,5.1764362714980825,70.66250196097344,11,6,2,0.258819045102521,-0.9659258262890682,-0.7818314824680299,0.6234898018587334,0.8660254037844386,0.5000000000000001,233.5,188.25,118.33333333333331,22.5,48.75,98.0,67.5,-3.2,3.8162982,0.05,2.25,18.37222221,27.5,27.433333333333334,26.45,26.03333333333333,27.95,-16.460518543333333,-0.259259233333335,0.1113333333333335,1.68,2.016,18.386419763333336,1.6995555555555573,4.3139195,4.3517523,4.3117576,4.128078,4.3866973,0,0.0,1,1.0,-1.1,30.7,69.3
2023-02-26 11:45:00,145.794445888884,92.926838344444,92.943504377776,18.37222221,2.016,27.95,2,5.1764362714980825,70.66250196097344,11,6,2,0.258819045102521,-0.9659258262890682,-0.7818314824680299,0.6234898018587334,0.8660254037844386,0.5000000000000001,266.75,216.875,137.91666666666666,23.05,51.175,97.0,66.75,-3.2,3.8187819,0.075,2.425,18.507407413333333,27.683333333333334,27.5,27.433333333333334,26.45,27.53333333333333,-16.35622221,0.1203703333333336,0.2246666666666665,1.7913333333333334,1.9353333333333331,18.378395065555555,1.829111111111113,4.3866973,4.3139195,4.3517523,4.3117576,4.3560696,0,0.0,0,1.0,-1.08,29.4,70.6
2023-02-26 12:00:00,41.958044011104,0.0,0.0,18.507407413333333,1.9353333333333331,27.53333333333333,0,5.1764362714980825,70.66250196097344,12,6,2,1.2246467991473532e-16,-1.0,-0.7818314824680299,0.6234898018587334,0.8660254037844386,0.5000000000000001,300.0,250.125,159.41666666666666,23.6,53.6,96.0,66.0,-3.2,3.820717,0.1,2.6,18.40555555,27.95,27.683333333333334,27.5,27.433333333333334,27.9,-16.57207408,0.1351852033333322,-0.0806666666666666,2.016,2.08,18.3771605,1.914222222222224,4.3560696,4.3866973,4.3139195,4.3517523,4.3875136,1,1.0,1,0.75,-1.05,28.1,71.9
2023-02-26 12:15:00,191.362345150002,117.423358427778,117.4603014,18.40555555,2.08,27.9,2,5.1764362714980825,70.66250196097344,12,6,2,1.2246467991473532e-16,-1.0,-0.7818314824680299,0.6234898018587334,0.8660254037844386,0.5000000000000001,317.5,279.4375,181.0,24.175,54.325,97.0,63.5,-3.5,3.738406,0.1,2.85,18.47037037333333,27.53333333333333,27.95,27.683333333333334,27.5,28.28333333333333,-16.325555549999997,-0.1018518633333336,0.1446666666666667,1.9353333333333331,2.266,18.42839505777778,2.0104444444444463,4.3875136,4.3560696,4.3866973,4.3139195,4.46492,0,1.0,1,0.75,-1.07,29.1,70.9
2023-02-26 12:30:00,181.087200705554,94.934258027778,94.986200416666,18.47037037333333,2.266,28.28333333333333,2,5.1764362714980825,70.66250196097344,12,6,2,1.2246467991473532e-16,-1.0,-0.7818314824680299,0.6234898018587334,0.8660254037844386,0.5000000000000001,335.0,304.8125,202.66666666666663,24.75,55.05,98.0,61.0,-3.8,3.652071,0.1,3.1,18.59444443,27.9,27.53333333333333,27.95,27.683333333333334,27.7,-16.204370373333333,0.0648148233333323,0.1859999999999999,2.08,2.2006666666666663,18.461111112222223,2.09377777777778,4.46492,4.3875136,4.3560696,4.3866973,4.4050894,0,1.0,0,0.75,-1.05,28.3,71.7
2023-02-26 12:45:00,114.7837418,29.136890011112,29.180777172222,18.59444443,2.2006666666666663,27.7,1,5.1764362714980825,70.66250196097344,12,6,2,1.2246467991473532e-16,-1.0,-0.7818314824680299,0.6234898018587334,0.8660254037844386,0.5000000000000001,352.5,326.25,224.41666666666663,25.325,55.775,99.0,58.5,-4.1000000000000005,3.5616114,0.1,3.35,18.45555551333333,28.28333333333333,27.9,27.53333333333333,27.95,28.15,-16.393777763333333,0.124074056666668,-0.0653333333333336,2.266,2.3440000000000003,18.490123451111117,2.182222222222224,4.4050894,4.46492,4.3875136,4.3560696,4.439969,0,1.0,1,0.75,-1.03,27.2,72.8
2023-02-26 13:00:00,236.401099127778,130.453115,130.50533516111,18.45555551333333,2.3440000000000003,28.15,2,5.1764362714980825,70.66250196097344,13,6,2,-0.2588190451025208,-0.9659258262890684,-0.7818314824680299,0.6234898018587334,0.8660254037844386,0.5000000000000001,370.0,343.75,246.25,25.9,56.5,100.0,56.0,-4.4,3.4669285,0.1,3.6,18.61111112,27.7,28.28333333333333,27.9,27.53333333333333,28.1,-16.11155551333333,-0.1388889166666693,0.1433333333333339,2.2006666666666663,2.3800000000000003,18.506790105555552,2.270222222222224,4.439969,4.4050894,4.46492,4.3875136,4.473113,0,0.0,1,1.0,-1.05,28.5,71.5
2023-02-26 13:15:00,93.659586833332,0.0,0.0,18.61111112,2.3800000000000003,28.1,0,5.1764362714980825,70.66250196097344,13,6,2,-0.2588190451025208,-0.9659258262890684,-0.7818314824680299,0.6234898018587334,0.8660254037844386,0.5000000000000001,349.5,351.75,265.1458333333333,25.55,56.5,95.25,55.0,-4.525,3.4335787,0.1,3.725,18.770370393333334,28.15,27.7,28.28333333333333,27.9,27.53333333333333,-16.23111112,0.1555556066666703,0.036,2.3440000000000003,2.282,18.55370368777778,2.308222222222224,4.473113,4.439969,4.4050894,4.46492,4.424399,1,1.0,1,0.75,-1.02,27.0,73.0
2023-02-26 13:30:00,470.176747744444,87.83287542777799,87.88620666111001,18.770370393333334,2.282,27.53333333333333,2,5.1764362714980825,70.66250196097344,13,6,2,-0.2588190451025208,-0.9659258262890684,-0.7818314824680299,0.6234898018587334,0.8660254037844386,0.5000000000000001,329.0,350.25,281.1041666666667,25.2,56.5,90.5,54.0,-4.65,3.3993957,0.1,3.85,18.79444446,28.1,28.15,27.7,28.28333333333333,27.75,-16.488370393333334,0.1592592733333333,-0.0980000000000007,2.3800000000000003,2.48,18.61234567555556,2.335333333333335,4.424399,4.473113,4.439969,4.4050894,4.4655676,0,1.0,1,0.75,-0.99,25.5,74.5
2023-02-26 13:45:00,189.571028038886,94.843150555556,94.891204216666,18.79444446,2.48,27.75,2,5.1764362714980825,70.66250196097344,13,6,2,-0.2588190451025208,-0.9659258262890684,-0.7818314824680299,0.6234898018587334,0.8660254037844386,0.5000000000000001,308.5,339.25,294.125,24.85,56.5,85.75,53.0,-4.775,3.3643694,0.1,3.975,18.912962943333333,27.53333333333333,28.1,28.15,27.7,27.066666666666663,-16.31444446,0.0240740666666674,0.1980000000000004,2.282,2.52,18.725308657777777,2.3806666666666687,4.4655676,4.424399,4.473113,4.439969,4.386214,0,1.0,0,0.75,-0.98,25.3,74.7
2023-02-26 14:00:00,152.18391248333,44.556551016666,44.59766052222,18.912962943333333,2.52,27.066666666666663,1,5.1764362714980825,70.66250196097344,14,6,2,-0.4999999999999997,-0.8660254037844388,-0.7818314824680299,0.6234898018587334,0.8660254037844386,0.5000000000000001,288.0,318.75,304.2083333333333,24.5,56.5,81.0,52.0,-4.9,3.32849,0.1,4.1,18.86666665,27.75,27.53333333333333,28.1,28.15,27.7,-16.392962943333334,0.1185184833333323,0.04,2.48,2.6026666666666665,18.825925932222223,2.427333333333335,4.386214,4.4655676,4.424399,4.473113,4.4765873,0,1.0,1,0.75,-0.96,24.3,75.7
2023-02-26 14:15:00,265.36994036111,156.022647727778,156.064034988888,18.86666665,2.6026666666666665,27.7,2,5.1764362714980825,70.66250196097344,14,6,2,-0.4999999999999997,-0.8660254037844388,-0.7818314824680299,0.6234898018587334,0.8660254037844386,0.5000000000000001,314.5,310.0,313.7291666666667,24.1,56.05,84.25,51.5,-5.0,3.307475,0.075,4.15,19.07037036,27.066666666666663,27.75,27.53333333333333,28.1,27.633333333333333,-16.26399998333333,-0.0462962933333344,0.0826666666666664,2.52,2.7046666666666668,18.858024684444445,2.534222222222224,4.4765873,4.386214,4.4655676,4.424399,4.5198393,0,0.0,1,1.0,-0.96,24.6,75.4
2023-02-26 14:30:00,92.254920805554,0.0,0.0,19.07037036,2.7046666666666668,27.633333333333333,0,5.1764362714980825,70.66250196097344,14,6,2,-0.4999999999999997,-0.8660254037844388,-0.7818314824680299,0.6234898018587334,0.8660254037844386,0.5000000000000001,341.0,313.0,322.6875,23.7,55.6,87.5,51.0,-5.1,3.2862778,0.05,4.199999999999999,19.39999997,27.7,27.066666666666663,27.75,27.53333333333333,26.95,-16.365703693333334,0.2037037100000027,0.1020000000000003,2.6026666666666665,2.8006666666666664,18.94999998444445,2.609111111111113,4.5198393,4.4765873,4.386214,4.4655676,4.4945064,1,1.0,1,0.75,-0.92,22.8,77.2
2023-02-26 14:45:00,81.811727433332,0.0,0.0,19.39999997,2.8006666666666664,26.95,0,5.1764362714980825,70.66250196097344,14,6,2,-0.4999999999999997,-0.8660254037844388,-0.7818314824680299,0.6234898018587334,0.8660254037844386,0.5000000000000001,367.5,327.75,331.0833333333333,23.3,55.150000000000006,90.75,50.5,-5.2,3.2648983,0.0249999999999999,4.25,19.692592616666666,27.633333333333333,27.7,27.066666666666663,27.75,26.53333333333333,-16.59933330333333,0.3296296099999978,0.0959999999999996,2.7046666666666668,3.215333333333333,19.112345660000003,2.7026666666666688,4.4945064,4.5198393,4.4765873,4.386214,4.5017614,0,2.0,0,0.5,-0.85,20.1,79.9
2023-02-26 15:00:00,199.131756594446,137.555886427778,137.575885677776,19.692592616666666,3.215333333333333,26.53333333333333,2,5.1764362714980825,70.66250196097344,15,6,2,-0.7071067811865471,-0.7071067811865479,-0.7818314824680299,0.6234898018587334,0.8660254037844386,0.5000000000000001,394.0,354.25,338.9166666666667,22.9,54.7,94.0,50.0,-5.3,3.2433355,0.0,4.3,19.88333331,26.95,27.633333333333333,27.7,27.066666666666663,26.45,-16.477259283333332,0.2925926466666659,0.4146666666666667,2.8006666666666664,2.833333333333333,19.387654315555555,2.9068888888888904,4.5017614,4.4945064,4.5198393,4.4765873,4.538113,0,2.0,1,0.5,-0.78,17.8,82.2
2023-02-26 15:15:00,85.479358405558,23.530169855556,23.536558549998,19.88333331,2.833333333333333,26.45,1,5.1764362714980825,70.66250196097344,15,6,2,-0.7071067811865471,-0.7071067811865479,-0.7818314824680299,0.6234898018587334,0.8660254037844386,0.5000000000000001,364.25,366.6875,342.8125,22.475,53.8,93.25,51.5,-5.175,3.2800612,0.0,4.025,19.73888888333333,26.53333333333333,26.95,27.633333333333333,27.7,26.216666666666665,-17.04999997666667,0.1907406933333355,-0.3819999999999997,3.215333333333333,2.554666666666667,19.65864196555556,2.94977777777778,4.538113,4.5017614,4.4945064,4.5198393,4.460138,0,2.0,1,0.5,-0.74,16.4,83.6
2023-02-26 15:30:00,80.245679027774,0.0,0.0,19.73888888333333,2.554666666666667,26.216666666666665,0,5.1764362714980825,70.66250196097344,15,6,2,-0.7071067811865471,-0.7071067811865479,-0.7818314824680299,0.6234898018587334,0.8660254037844386,0.5000000000000001,334.5,365.0625,342.7708333333333,22.05,52.900000000000006,92.5,53.0,-5.05,3.3142498,0.0,3.75,19.35555558,26.45,26.53333333333333,26.95,27.633333333333333,26.55,-17.18422221666667,-0.1444444266666664,-0.2786666666666666,2.833333333333333,2.164,19.771604936666662,2.86777777777778,4.460138,4.538113,4.5017614,4.4945064,4.4162316,1,2.0,1,0.5,-0.77,17.5,82.5
2023-02-26 15:45:00,193.958908033332,120.979327316666,120.997104455552,19.35555558,2.164,26.55,2,5.1764362714980825,70.66250196097344,15,6,2,-0.7071067811865471,-0.7071067811865479,-0.7818314824680299,0.6234898018587334,0.8660254037844386,0.5000000000000001,304.75,349.375,338.7916666666667,21.625,52.0,91.75,54.5,-4.925,3.345971,0.0,3.475,19.246296293333334,26.216666666666665,26.45,26.53333333333333,26.95,26.966666666666665,-17.19155558,-0.3833333033333339,-0.3906666666666667,2.554666666666667,2.016,19.65925925777778,2.5173333333333354,4.4162316,4.460138,4.538113,4.5017614,4.456775,0,1.0,1,0.75,-0.86,20.5,79.5
2023-02-26 16:00:00,141.865714111108,82.260042816666,82.273375633332,19.246296293333334,2.016,26.966666666666665,2,5.1764362714980825,70.66250196097344,16,6,2,-0.8660254037844385,-0.5000000000000004,-0.7818314824680299,0.6234898018587334,0.8660254037844386,0.5000000000000001,275.0,319.625,330.875,21.2,51.1,91.0,56.0,-4.8,3.375295,0.0,3.2,19.12777778,26.55,26.216666666666665,26.45,26.53333333333333,26.7,-17.230296293333332,-0.109259286666667,-0.1480000000000001,2.164,1.968,19.44691358555556,2.244888888888891,4.456775,4.4162316,4.460138,4.538113,4.3819895,0,1.0,0,0.75,-0.88,21.4,78.6
2023-02-26 16:15:00,72.182112616666,0.0,0.0,19.12777778,1.968,26.7,0,5.1764362714980825,70.66250196097344,16,6,2,-0.8660254037844385,-0.5000000000000004,-0.7818314824680299,0.6234898018587334,0.8660254037844386,0.5000000000000001,264.25,294.625,323.7708333333333,20.325,50.125,86.5,57.25,-4.725,3.3931937,0.0,2.95,18.77962963333333,26.966666666666665,26.55,26.216666666666665,26.45,27.15,-17.15977778,-0.1185185133333348,-0.048,2.016,1.956,19.243209884444443,2.049333333333335,4.3819895,4.456775,4.4162316,4.460138,4.3651886,1,2.0,1,0.5,-0.91,22.4,77.6
2023-02-26 16:30:00,196.24631658333,138.906387955556,138.925276083334,18.77962963333333,1.956,27.15,2,5.1764362714980825,70.66250196097344,16,6,2,-0.8660254037844385,-0.5000000000000004,-0.7818314824680299,0.6234898018587334,0.8660254037844386,0.5000000000000001,253.5,274.375,317.4791666666667,19.45,49.15,82.0,58.5,-4.65,3.4094422,0.0,2.7,18.911111100000003,26.7,26.966666666666665,26.55,26.216666666666665,27.15,-16.823629633333333,-0.3481481466666665,-0.012,1.968,1.9086666666666663,19.05123456888889,1.980000000000001,4.3651886,4.3819895,4.456775,4.4162316,4.399236,0,1.0,1,0.75,-0.99,25.5,74.5
2023-02-26 16:45:00,126.563548455552,61.650867183334,61.66281122222,18.911111100000003,1.9086666666666663,27.15,1,5.1764362714980825,70.66250196097344,16,6,2,-0.8660254037844385,-0.5000000000000004,-0.7818314824680299,0.6234898018587334,0.8660254037844386,0.5000000000000001,242.75,258.875,312.0,18.575,48.175,77.5,59.75,-4.575,3.424084,0.0,2.45,18.84629628333333,27.15,26.7,26.966666666666665,26.55,27.0,-17.002444433333338,0.1314814666666706,-0.0473333333333334,1.956,1.8066666666666669,18.93950617111111,1.944222222222224,4.399236,4.3651886,4.3819895,4.456775,4.358212,0,1.0,1,0.75,-0.96,24.3,75.7
2023-02-26 17:00:00,114.27237350555,30.194347744444,30.202680827774,18.84629628333333,1.8066666666666669,27.0,1,5.1764362714980825,70.66250196097344,17,6,2,-0.9659258262890684,-0.2588190451025206,-0.7818314824680299,0.6234898018587334,0.8660254037844386,0.5000000000000001,232.0,248.125,307.3333333333333,17.7,47.2,73.0,61.0,-4.5,3.4371614,0.0,2.2,18.60555559,27.15,27.15,26.7,26.966666666666665,27.35,-17.039629616666666,-0.0648148166666686,-0.1019999999999996,1.9086666666666663,1.7793333333333334,18.84567900555556,1.890444444444446,4.358212,4.399236,4.3651886,4.3819895,4.3522916,0,1.0,0,0.75,-0.97,24.9,75.1
2023-02-26 17:15:00,194.52110776111,135.577632244444,135.59596486111,18.60555559,1.7793333333333334,27.35,2,5.1764362714980825,70.66250196097344,17,6,2,-0.9659258262890684,-0.2588190451025206,-0.7818314824680299,0.6234898018587334,0.8660254037844386,0.5000000000000001,207.5,233.9375,298.4166666666667,17.5,45.2,68.0,62.0,-4.45,3.45822,0.0,2.0500000000000003,18.772222216666663,27.0,27.15,27.15,26.7,27.316666666666663,-16.826222256666668,-0.2407406933333327,-0.0273333333333334,1.8066666666666669,1.8,18.78765432444445,1.8315555555555576,4.3522916,4.358212,4.399236,4.3651886,4.3900633,0,0.0,1,1.0,-1.02,27.2,72.8
2023-02-26 17:30:00,125.02361010555,68.00366866111,68.01561268333,18.772222216666663,1.8,27.316666666666663,1,5.1764362714980825,70.66250196097344,17,6,2,-0.9659258262890684,-0.2588190451025206,-0.7818314824680299,0.6234898018587334,0.8660254037844386,0.5000000000000001,183.0,216.3125,285.25,17.299999999999997,43.2,63.0,63.0,-4.4,3.4784575,0.0,1.9,18.74999999,27.35,27.0,27.15,27.15,27.0,-16.972222216666665,0.1666666266666645,0.0206666666666666,1.7793333333333334,1.7966666666666666,18.74135803,1.7953333333333352,4.3900633,4.3522916,4.358212,4.399236,4.333474,0,0.0,1,1.0,-0.99,25.6,74.4
2023-02-26 17:45:00,95.657562444444,28.30858986111,28.314423011108,18.74999999,1.7966666666666666,27.0,1,5.1764362714980825,70.66250196097344,17,6,2,-0.9659258262890684,-0.2588190451025206,-0.7818314824680299,0.6234898018587334,0.8660254037844386,0.5000000000000001,158.5,195.25,267.8333333333333,17.099999999999998,41.2,58.0,64.0,-4.35,3.4978871,0.0,1.75,18.5351852,27.316666666666663,27.35,27.0,27.15,27.183333333333334,-16.953333323333332,-0.0222222266666669,-0.0033333333333334,1.8,1.79,18.70925926555556,1.7920000000000018,4.333474,4.3900633,4.3522916,4.358212,4.30778,0,0.0,0,1.0,-0.99,25.9,74.1
2023-02-26 18:00:00,201.452774833336,138.77056003889,138.787503827778,18.5351852,1.79,27.183333333333334,2,5.1764362714980825,70.66250196097344,18,6,2,-1.0,-1.8369701987210294e-16,-0.7818314824680299,0.6234898018587334,0.8660254037844386,0.5000000000000001,134.0,170.75,246.16666666666663,16.9,39.2,53.0,65.0,-4.3,3.5165215,0.0,1.6,18.74999999,27.0,27.316666666666663,27.35,27.0,27.5,-16.7451852,-0.2148147899999983,-0.0066666666666665,1.7966666666666666,1.8,18.68580246888889,1.7955555555555571,4.30778,4.333474,4.3900633,4.3522916,4.4137235,0,0.0,1,1.0,-1.04,27.9,72.1
2023-02-26 18:15:00,201.741096716666,76.22472863889,76.2694491,18.74999999,1.8,27.5,2,5.1764362714980825,70.66250196097344,18,6,2,-1.0,-1.8369701987210294e-16,-0.7818314824680299,0.6234898018587334,0.8660254037844386,0.5000000000000001,106.75,145.5625,224.70833333333331,16.799999999999997,38.575,53.0,65.75,-4.35,3.5030506,0.0,1.375,18.751851826666663,27.183333333333334,27.0,27.316666666666663,27.35,27.5,-16.94999999,0.2148147899999983,0.01,1.79,1.834,18.67839506,1.7955555555555571,4.4137235,4.30778,4.333474,4.3900633,4.414206,0,0.0,0,1.0,-0.99,25.7,74.3
2023-02-26 18:30:00,117.873340494442,0.0,0.0,18.751851826666663,1.834,27.5,0,5.1764362714980825,70.66250196097344,18,6,2,-1.0,-1.8369701987210294e-16,-0.7818314824680299,0.6234898018587334,0.8660254037844386,0.5000000000000001,79.5,119.6875,203.45833333333331,16.7,37.95,53.0,66.5,-4.4,3.4890757,0.0,1.15,18.46666667,27.5,27.183333333333334,27.0,27.316666666666663,27.85,-16.917851826666666,0.0018518366666668,0.034,1.8,1.842,18.67901233888889,1.8080000000000016,4.414206,4.4137235,4.30778,4.333474,4.395545,1,1.0,1,0.75,-0.99,25.7,74.3
2023-02-26 18:45:00,213.756727188888,110.582520955556,110.630574649998,18.46666667,1.842,27.85,2,5.1764362714980825,70.66250196097344,18,6,2,-1.0,-1.8369701987210294e-16,-0.7818314824680299,0.6234898018587334,0.8660254037844386,0.5000000000000001,52.24999999999999,93.125,182.41666666666663,16.6,37.325,53.0,67.25,-4.45,3.4746134,0.0,0.925,18.59444445333333,27.5,27.5,27.183333333333334,27.0,27.816666666666663,-16.62466667,-0.2851851566666674,0.0079999999999997,1.834,1.8986666666666667,18.656172828888888,1.825333333333335,4.395545,4.414206,4.4137235,4.30778,4.423643,0,1.0,1,0.75,-1.05,28.4,71.6
2023-02-26 19:00:00,149.742343416666,48.127241483334,48.170017588888,18.59444445333333,1.8986666666666667,27.816666666666663,1,5.1764362714980825,70.66250196097344,19,6,2,-0.9659258262890684,0.2588190451025203,-0.7818314824680299,0.6234898018587334,0.8660254037844386,0.5000000000000001,25.0,65.875,161.58333333333334,16.5,36.7,53.0,68.0,-4.5,3.4596796,0.0,0.7,18.60555559,27.85,27.5,27.5,27.183333333333334,27.5,-16.695777786666664,0.1277777833333324,0.0566666666666668,1.842,1.9,18.60432098333333,1.858222222222224,4.423643,4.395545,4.414206,4.4137235,4.3761616,0,1.0,1,0.75,-1.02,27.2,72.8
2023-02-26 19:15:00,623.723383516662,0.0,0.0,18.60555559,1.9,27.5,0,5.1764362714980825,70.66250196097344,19,6,2,-0.9659258262890684,0.2588190451025203,-0.7818314824680299,0.6234898018587334,0.8660254037844386,0.5000000000000001,18.75,43.875,141.125,16.875,36.625,56.0,69.5,-4.325,3.5118473,0.0,0.6,18.379629626666667,27.816666666666663,27.85,27.5,27.5,27.5,-16.705555590000003,0.0111111366666705,0.0013333333333331,1.8986666666666667,1.882,18.55555557111111,1.880222222222224,4.3761616,4.423643,4.395545,4.414206,4.317966,1,2.0,1,0.5,-1.02,27.1,72.9
2023-02-26 19:30:00,406.08625598333,127.509343855556,127.550175572222,18.379629626666667,1.882,27.5,2,5.1764362714980825,70.66250196097344,19,6,2,-0.9659258262890684,0.2588190451025203,-0.7818314824680299,0.6234898018587334,0.8660254037844386,0.5000000000000001,12.5,27.125,121.04166666666669,17.25,36.55,59.0,71.0,-4.15,3.5631208,0.0,0.5,18.56666668,27.5,27.816666666666663,27.85,27.5,27.1,-16.497629626666665,-0.225925963333335,-0.0179999999999997,1.9,1.82,18.52654322333333,1.8935555555555572,4.317966,4.3761616,4.423643,4.395545,4.3025885,0,1.0,1,0.75,-1.08,29.4,70.6
2023-02-26 19:45:00,343.147384588892,68.460872572222,68.503370888888,18.56666668,1.82,27.1,1,5.1764362714980825,70.66250196097344,19,6,2,-0.9659258262890684,0.2588190451025203,-0.7818314824680299,0.6234898018587334,0.8660254037844386,0.5000000000000001,6.25,15.625,101.33333333333331,17.625,36.475,62.0,72.5,-3.975,3.613508,0.0,0.3999999999999999,18.58518519,27.5,27.5,27.816666666666663,27.85,26.53333333333333,-16.74666668,0.1870370533333343,-0.062,1.882,1.748,18.51728396555556,1.8673333333333355,4.3025885,4.317966,4.3761616,4.423643,4.2172437,0,1.0,1,0.75,-1.03,27.6,72.4
2023-02-26 20:00:00,1318.13505023889,48.816658388888,48.860267777776,18.58518519,1.748,26.53333333333333,1,5.1764362714980825,70.66250196097344,20,6,2,-0.8660254037844386,0.5000000000000001,-0.7818314824680299,0.6234898018587334,0.8660254037844386,0.5000000000000001,0.0,9.375,82.0,18.0,36.4,65.0,74.0,-3.8,3.663018,0.0,0.3,18.47777774,27.1,27.5,27.5,27.816666666666663,27.5,-16.83718519,0.0185185099999998,-0.072,1.82,1.6733333333333331,18.510493832222224,1.8166666666666684,4.2172437,4.3025885,4.317966,4.3761616,4.3431644,0,1.0,0,0.75,-1.03,27.6,72.4
2023-02-26 20:15:00,1389.42108768333,127.314629411112,127.367127344444,18.47777774,1.6733333333333331,27.5,2,5.1764362714980825,70.66250196097344,20,6,2,-0.8660254037844386,0.5000000000000001,-0.7818314824680299,0.6234898018587334,0.8660254037844386,0.5000000000000001,0.0,4.6875,64.70833333333333,18.175,37.2,70.5,74.0,-3.95,3.6254237,0.0,0.15,18.71481483666667,26.53333333333333,27.1,27.5,27.5,27.35,-16.80444440666667,-0.1074074500000001,-0.0746666666666668,1.748,1.444,18.54320987,1.7471111111111128,4.3431644,4.2172437,4.3025885,4.317966,4.3805237,0,0.0,1,1.0,-1.05,28.4,71.6
2023-02-26 20:30:00,1232.4906984,0.0,0.0,18.71481483666667,1.444,27.35,0,5.1764362714980825,70.66250196097344,20,6,2,-0.8660254037844386,0.5000000000000001,-0.7818314824680299,0.6234898018587334,0.8660254037844386,0.5000000000000001,0.0,1.5625,49.458333333333336,18.35,38.0,76.0,74.0,-4.1,3.5881681,0.0,0.0,18.52777776,27.5,26.53333333333333,27.1,27.5,27.4,-17.27081483666667,0.2370370966666684,-0.2293333333333331,1.6733333333333331,0.6586666666666667,18.59259258888889,1.6217777777777795,4.3805237,4.3431644,4.2172437,4.3025885,4.3402114,1,1.0,1,0.75,-1.0,26.1,73.9
2023-02-26 20:45:00,610.51835612222,134.802663244444,134.85849441110798,18.52777776,0.6586666666666667,27.4,2,5.1764362714980825,70.66250196097344,20,6,2,-0.8660254037844386,0.5000000000000001,-0.7818314824680299,0.6234898018587334,0.8660254037844386,0.5000000000000001,0.0,0.0,36.25,18.525,38.8,81.5,74.0,-4.25,3.551249,0.0,-0.15,18.66111111,27.35,27.5,26.53333333333333,27.1,27.78333333333333,-17.869111093333334,-0.1870370766666695,-0.7853333333333332,1.444,0.3246666666666666,18.573456778888893,1.2586666666666684,4.3402114,4.3805237,4.3431644,4.2172437,4.4358125,0,1.0,1,0.75,-1.04,27.9,72.1
2023-02-26 21:00:00,138.262247188884,35.798567983334,35.845510605554,18.66111111,0.3246666666666666,27.78333333333333,1,5.1764362714980825,70.66250196097344,21,6,2,-0.7071067811865477,0.7071067811865474,-0.7818314824680299,0.6234898018587334,0.8660254037844386,0.5000000000000001,0.0,0.0,25.08333333333333,18.7,39.6,87.0,74.0,-4.4,3.514664,0.0,-0.3,18.62222226,27.4,27.35,27.5,26.53333333333333,27.55,-18.33644444333333,0.1333333500000009,-0.3340000000000001,0.6586666666666667,0.336,18.634567902222223,0.8091111111111129,4.4358125,4.3402114,4.3805237,4.3431644,4.388446,0,1.0,1,0.75,-1.01,26.5,73.5
2023-02-26 21:15:00,188.725228588884,101.324280183334,101.377889188888,18.62222226,0.336,27.55,2,5.1764362714980825,70.66250196097344,21,6,2,-0.7071067811865477,0.7071067811865474,-0.7818314824680299,0.6234898018587334,0.8660254037844386,0.5000000000000001,0.0,0.0,16.1875,18.1,39.7,89.5,74.5,-4.425000000000001,3.5079725,0.025,-0.425,18.5555556,27.78333333333333,27.4,27.35,27.5,27.6,-18.28622226,-0.0388888499999993,0.0113333333333333,0.3246666666666666,0.4126666666666667,18.60370371,0.4397777777777796,4.388446,4.4358125,4.3402114,4.3805237,4.3790903,0,1.0,1,0.75,-1.02,27.0,73.0
2023-02-26 21:30:00,186.351156805554,95.496735544444,95.538400577776,18.5555556,0.4126666666666667,27.6,2,5.1764362714980825,70.66250196097344,21,6,2,-0.7071067811865477,0.7071067811865474,-0.7818314824680299,0.6234898018587334,0.8660254037844386,0.5000000000000001,0.0,0.0,9.562499999999998,17.5,39.8,92.0,75.0,-4.45,3.5011036,0.05,-0.55,18.45555558,27.55,27.78333333333333,27.4,27.35,27.35,-18.14288893333333,-0.0666666599999992,0.0766666666666666,0.336,0.2746666666666666,18.612962990000003,0.3577777777777795,4.3790903,4.388446,4.4358125,4.3402114,4.313789,0,0.0,0,1.0,-1.03,27.6,72.4
2023-02-26 21:45:00,190.222946344444,139.504975111112,139.523585516666,18.45555558,0.2746666666666666,27.35,2,5.1764362714980825,70.66250196097344,21,6,2,-0.7071067811865477,0.7071067811865474,-0.7818314824680299,0.6234898018587334,0.8660254037844386,0.5000000000000001,0.0,0.0,5.208333333333333,16.9,39.9,94.5,75.5,-4.475,3.494061,0.075,-0.675,18.605555573333334,27.6,27.55,27.78333333333333,27.4,27.316666666666663,-18.18088891333333,-0.1000000199999995,-0.138,0.4126666666666667,0.2633333333333333,18.544444480000003,0.3411111111111129,4.313789,4.3790903,4.388446,4.4358125,4.3469877,0,0.0,0,1.0,-1.06,28.7,71.3
2023-02-26 22:00:00,79.156000416662,28.57496803889,28.583301105554,18.605555573333334,0.2633333333333333,27.316666666666663,1,5.1764362714980825,70.66250196097344,22,6,2,-0.5000000000000004,0.8660254037844384,-0.7818314824680299,0.6234898018587334,0.8660254037844386,0.5000000000000001,0.0,0.0,3.125,16.3,40.0,97.0,76.0,-4.5,3.4868486,0.1,-0.8,18.56666666,27.35,27.6,27.55,27.78333333333333,26.7,-18.34222224,0.1499999933333313,-0.0113333333333333,0.2746666666666666,0.128,18.53888891777778,0.3168888888888906,4.3469877,4.313789,4.3790903,4.388446,4.239083,0,0.0,1,1.0,-1.02,27.2,72.8
2023-02-26 22:15:00,148.238792611104,108.580378844444,108.596767138886,18.56666666,0.128,26.7,2,5.1764362714980825,70.66250196097344,22,6,2,-0.5000000000000004,0.8660254037844384,-0.7818314824680299,0.6234898018587334,0.8660254037844386,0.5000000000000001,0.0,0.0,1.5625,16.6,39.175,97.75,76.75,-4.575,3.478736,0.15,-0.975,18.62222221,27.316666666666663,27.35,27.6,27.55,26.78333333333333,-18.43866666,-0.0388889133333343,-0.1353333333333333,0.2633333333333333,-0.0146666666666666,18.542592604444447,0.2220000000000017,4.239083,4.3469877,4.313789,4.3790903,4.2663236,0,0.0,1,1.0,-1.04,27.7,72.3
2023-02-26 22:30:00,138.984995927778,89.57086147222199,89.584749866664,18.62222221,-0.0146666666666666,26.78333333333333,2,5.1764362714980825,70.66250196097344,22,6,2,-0.5000000000000004,0.8660254037844384,-0.7818314824680299,0.6234898018587334,0.8660254037844386,0.5000000000000001,0.0,0.0,0.5208333333333334,16.9,38.35,98.5,77.5,-4.65,3.4702473,0.2,-1.15,18.72777775,26.7,27.316666666666663,27.35,27.6,26.2,-18.636888876666667,0.0555555500000011,-0.1426666666666666,0.128,-0.1886666666666666,18.598148147777778,0.1255555555555573,4.2663236,4.239083,4.3469877,4.313789,4.1995516,0,0.0,0,1.0,-1.02,27.1,72.9
2023-02-26 22:45:00,79.041004966664,40.67059536111,40.680595061106,18.72777775,-0.1886666666666666,26.2,1,5.1764362714980825,70.66250196097344,22,6,2,-0.5000000000000004,0.8660254037844384,-0.7818314824680299,0.6234898018587334,0.8660254037844386,0.5000000000000001,0.0,0.0,0.0,17.2,37.525000000000006,99.25,78.25,-4.725,3.4613934,0.25,-1.325,18.50370369333333,26.78333333333333,26.7,27.316666666666663,27.35,26.466666666666665,-18.916444416666664,0.1055555399999974,-0.174,-0.0146666666666666,-0.374,18.63888887333333,-0.0251111111111093,4.1995516,4.2663236,4.239083,4.3469877,4.186394,0,0.0,1,1.0,-1.0,26.2,73.8
2023-02-26 23:00:00,176.41738752222,140.057452994446,140.078007722224,18.50370369333333,-0.374,26.466666666666665,2,5.1764362714980825,70.66250196097344,23,6,2,-0.2588190451025215,0.965925826289068,-0.7818314824680299,0.6234898018587334,0.8660254037844386,0.5000000000000001,0.0,0.0,0.0,17.5,36.7,100.0,79.0,-4.8,3.4521816,0.3,-1.5,18.68888892,26.2,26.78333333333333,26.7,27.316666666666663,26.1,-18.87770369333333,-0.2240740566666659,-0.1853333333333333,-0.1886666666666666,-0.4466666666666666,18.617901217777774,-0.1924444444444426,4.186394,4.1995516,4.2663236,4.239083,4.1739097,0,0.0,1,1.0,-1.05,28.4,71.6
2023-02-26 23:15:00,64.097435950002,0.0,0.0,18.68888892,-0.4466666666666666,26.1,0,5.1764362714980825,70.66250196097344,23,6,2,-0.2588190451025215,0.965925826289068,-0.7818314824680299,0.6234898018587334,0.8660254037844386,0.5000000000000001,0.0,0.0,0.0,17.625,37.7,96.25,77.25,-5.225,3.3405337,0.2249999999999999,-1.65,18.50925929,26.466666666666665,26.2,26.78333333333333,26.7,25.716666666666665,-19.135555586666666,0.1851852266666682,-0.0726666666666666,-0.374,-0.6140000000000001,18.64012345444445,-0.3364444444444426,4.1739097,4.186394,4.1995516,4.2663236,4.0691023,1,1.0,1,0.75,-1.01,26.6,73.4
2023-02-26 23:30:00,448.3712311499981,107.637361016666,107.655138105554,18.50925929,-0.6140000000000001,25.716666666666665,2,5.1764362714980825,70.66250196097344,23,6,2,-0.2588190451025215,0.965925826289068,-0.7818314824680299,0.6234898018587334,0.8660254037844386,0.5000000000000001,0.0,0.0,0.0,17.75,38.7,92.5,75.5,-5.65,3.2307942,0.15,-1.8,18.58888891,26.1,26.466666666666665,26.2,26.78333333333333,25.9,-19.12325929,-0.1796296300000008,-0.1673333333333334,-0.4466666666666666,-0.7486666666666667,18.56728396777778,-0.4782222222222205,4.0691023,4.1739097,4.186394,4.1995516,4.117483,0,1.0,1,0.75,-1.06,28.5,71.5
2023-02-26 23:45:00,115.705093911108,77.927438344444,77.939937894442,18.58888891,-0.7486666666666667,25.9,2,5.1764362714980825,70.66250196097344,23,6,2,-0.2588190451025215,0.965925826289068,-0.7818314824680299,0.6234898018587334,0.8660254037844386,0.5000000000000001,0.0,0.0,0.0,17.875,39.7,88.75,73.75,-6.075,3.1229396,0.0749999999999999,-1.95,18.63703702666667,25.716666666666665,26.1,26.466666666666665,26.2,25.066666666666663,-19.337555576666663,0.0796296199999986,-0.1346666666666666,-0.6140000000000001,-0.772,18.59567904,-0.6031111111111094,4.117483,4.0691023,4.1739097,4.186394,3.996378,0,1.0,0,0.75,-1.04,27.7,72.3
2023-02-27 00:00:00,114.264040372222,66.667333183334,66.678999416666,18.63703702666667,-0.772,25.066666666666663,1,5.1764362714980825,70.66250196097344,0,0,2,0.0,1.0,0.0,1.0,0.8660254037844386,0.5000000000000001,0.0,0.0,0.0,18.0,40.7,85.0,72.0,-6.5,3.0169456,0.0,-2.1,18.56111114,25.9,25.716666666666665,26.1,26.466666666666665,25.3,-19.409037026666667,0.0481481166666704,-0.0233333333333333,-0.7486666666666667,-0.82,18.57839507555556,-0.7115555555555538,3.996378,4.117483,4.0691023,4.1739097,4.0154867,0,1.0,1,0.75,-1.03,27.4,72.6
2023-02-27 00:15:00,164.569528138886,121.471807583334,121.489306933332,18.56111114,-0.82,25.3,2,5.1764362714980825,70.66250196097344,0,0,2,0.0,1.0,0.0,1.0,0.8660254037844386,0.5000000000000001,0.0,0.0,0.0,16.675,40.150000000000006,74.0,73.0,-6.575,2.9950697,0.0,-2.4,18.70185186333333,25.066666666666663,25.9,25.716666666666665,26.1,24.85,-19.38111114,-0.0759258866666705,-0.0479999999999999,-0.772,-0.8533333333333333,18.595679025555555,-0.7802222222222204,4.0154867,3.996378,4.117483,4.0691023,3.977059,0,0.0,1,1.0,-1.05,28.1,71.9
2023-02-27 00:30:00,83.20333843333201,27.452790727778,27.46001272222,18.70185186333333,-0.8533333333333333,24.85,1,5.1764362714980825,70.66250196097344,0,0,2,0.0,1.0,0.0,1.0,0.8660254037844386,0.5000000000000001,0.0,0.0,0.0,15.35,39.6,63.0,74.0,-6.65,2.9726346,0.0,-2.7,18.52222219,25.3,25.066666666666663,25.9,25.716666666666665,25.2,-19.555185196666663,0.1407407233333337,-0.0333333333333333,-0.82,-0.9813333333333334,18.633333343333334,-0.8151111111111092,3.977059,4.0154867,3.996378,4.117483,3.9904134,0,0.0,1,1.0,-1.02,26.8,73.2
2023-02-27 00:45:00,211.0323917,144.9083701,144.923369549998,18.52222219,-0.9813333333333334,25.2,2,5.1764362714980825,70.66250196097344,0,0,2,0.0,1.0,0.0,1.0,0.8660254037844386,0.5000000000000001,0.0,0.0,0.0,14.025,39.05,52.0,75.0,-6.725,2.949668,0.0,-3.0,18.70370368,24.85,25.3,25.066666666666663,25.9,25.316666666666663,-19.50355552333333,-0.1796296733333342,-0.1280000000000001,-0.8533333333333333,-1.0593333333333337,18.595061731111112,-0.8848888888888871,3.9904134,3.977059,4.0154867,3.996378,4.052189,0,0.0,1,1.0,-1.05,28.5,71.5
2023-02-27 01:00:00,65.415161022224,16.828771255556,16.83293782222,18.70370368,-1.0593333333333337,25.316666666666663,1,5.1764362714980825,70.66250196097344,1,0,2,0.2588190451025207,0.9659258262890684,0.0,1.0,0.8660254037844386,0.5000000000000001,0.0,0.0,0.0,12.7,38.5,41.0,76.0,-6.8,2.9261997,0.0,-3.3,18.57777777,25.2,24.85,25.3,25.066666666666663,25.0,-19.76303701333333,0.181481490000003,-0.078,-0.9813333333333334,-1.1673333333333331,18.64259257777778,-0.9646666666666648,4.052189,3.9904134,3.977059,4.0154867,3.9717906,0,0.0,1,1.0,-1.01,26.7,73.3
2023-02-27 01:15:00,164.579249850002,121.984287116666,121.999564338886,18.57777777,-1.1673333333333331,25.0,2,5.1764362714980825,70.66250196097344,1,0,2,0.2588190451025207,0.9659258262890684,0.0,1.0,0.8660254037844386,0.5000000000000001,0.0,0.0,0.0,12.45,35.525,35.25,77.0,-6.925,2.9074163,0.0,-3.575,18.64444443,25.316666666666663,25.2,24.85,25.3,24.816666666666663,-19.745111103333333,-0.1259259099999994,-0.1079999999999996,-1.0593333333333337,-1.272,18.601234546666664,-1.0693333333333317,3.9717906,4.052189,3.9904134,3.977059,3.9582555,0,0.0,1,1.0,-1.04,28.0,72.0
2023-02-27 01:30:00,92.507966183334,45.866220811112,45.874276105554,18.64444443,-1.272,24.816666666666663,1,5.1764362714980825,70.66250196097344,1,0,2,0.2588190451025207,0.9659258262890684,0.0,1.0,0.8660254037844386,0.5000000000000001,0.0,0.0,0.0,12.2,32.55,29.5,78.0,-7.05,2.888133,0.0,-3.85,18.5611111,25.0,25.316666666666663,25.2,24.85,24.55,-19.91644443,0.0666666599999992,-0.1046666666666669,-1.1673333333333331,-1.3106666666666666,18.64197529333333,-1.1662222222222205,3.9582555,3.9717906,4.052189,3.9904134,3.896451,0,0.0,1,1.0,-1.03,27.4,72.6
2023-02-27 01:45:00,130.468114466664,79.054059944444,79.065448438886,18.5611111,-1.3106666666666666,24.55,2,5.1764362714980825,70.66250196097344,1,0,2,0.2588190451025207,0.9659258262890684,0.0,1.0,0.8660254037844386,0.5000000000000001,0.0,0.0,0.0,11.95,29.575000000000003,23.75,79.0,-7.175,2.868374,0.0,-4.125,18.529629616666668,24.816666666666663,25.0,25.316666666666663,25.2,24.966666666666665,-19.871777766666668,-0.0833333299999985,-0.0386666666666666,-1.272,-1.362,18.594444433333333,-1.2499999999999982,3.896451,3.9582555,3.9717906,4.052189,3.9552004,0,0.0,1,1.0,-1.05,28.2,71.8
2023-02-27 02:00:00,155.89959719999598,101.49066246111,101.507050755552,18.529629616666668,-1.362,24.966666666666665,2,5.1764362714980825,70.66250196097344,2,0,2,0.4999999999999999,0.8660254037844387,0.0,1.0,0.8660254037844386,0.5000000000000001,0.0,0.0,0.0,11.7,26.6,18.0,80.0,-7.3,2.8481607,0.0,-4.4,18.605555560000003,24.55,24.816666666666663,25.0,25.316666666666663,24.65,-19.891629616666663,-0.0314814833333336,-0.0513333333333332,-1.3106666666666666,-1.4466666666666663,18.57839504888889,-1.314888888888887,3.9552004,3.896451,3.9582555,3.9717906,3.9226322,0,0.0,0,1.0,-1.05,28.5,71.5
2023-02-27 02:15:00,84.288295066664,42.176090655556,42.184145966664,18.605555560000003,-1.4466666666666663,24.65,1,5.1764362714980825,70.66250196097344,2,0,2,0.4999999999999999,0.8660254037844387,0.0,1.0,0.8660254037844386,0.5000000000000001,0.0,0.0,0.0,11.4,25.525,33.75,81.0,-7.45,2.8173945,0.0,-4.7250000000000005,18.48518518666667,24.966666666666665,24.55,24.816666666666663,25.0,24.683333333333334,-20.052222226666668,0.0759259433333348,-0.0846666666666666,-1.362,-1.5833333333333333,18.565432092222224,-1.3731111111111092,3.9226322,3.9552004,3.896451,3.9582555,3.9000309,0,0.0,1,1.0,-1.04,27.8,72.2
2023-02-27 02:30:00,193.990017955552,148.9582081,148.97876286111,18.48518518666667,-1.5833333333333333,24.683333333333334,2,5.1764362714980825,70.66250196097344,2,0,2,0.4999999999999999,0.8660254037844387,0.0,1.0,0.8660254037844386,0.5000000000000001,0.0,0.0,0.0,11.1,24.450000000000003,49.5,82.0,-7.6,2.7863536,0.0,-5.050000000000001,18.70000001,24.65,24.966666666666665,24.55,24.816666666666663,24.65,-20.06851852,-0.1203703733333334,-0.1366666666666667,-1.4466666666666663,-1.7193333333333334,18.540123454444444,-1.463999999999998,3.9000309,3.9226322,3.9552004,3.896451,3.9446177,0,0.0,1,1.0,-1.07,29.0,71.0
2023-02-27 02:45:00,46.340090872218,0.0,0.0,18.70000001,-1.7193333333333334,24.65,0,5.1764362714980825,70.66250196097344,2,0,2,0.4999999999999999,0.8660254037844387,0.0,1.0,0.8660254037844386,0.5000000000000001,0.0,0.0,0.0,10.8,23.375,65.25,83.0,-7.75,2.7550647,0.0,-5.375,18.51851852,24.683333333333334,24.65,24.966666666666665,24.55,24.5,-20.41933334333333,0.2148148233333309,-0.1360000000000001,-1.5833333333333333,-1.8166666666666669,18.59691358555556,-1.5831111111111094,3.9446177,3.9000309,3.9226322,3.9552004,3.8787172,1,1.0,1,0.75,-1.02,26.9,73.1
2023-02-27 03:00:00,179.035893894442,136.234272611112,136.252327488888,18.51851852,-1.8166666666666669,24.5,2,5.1764362714980825,70.66250196097344,3,0,2,0.7071067811865476,0.7071067811865476,0.0,1.0,0.8660254037844386,0.5000000000000001,0.0,0.0,0.0,10.5,22.3,81.0,84.0,-7.9,2.7235522,0.0,-5.7,18.68333335,24.65,24.683333333333334,24.65,24.966666666666665,24.45,-20.335185186666667,-0.1814814899999994,-0.0973333333333332,-1.7193333333333334,-1.9233333333333331,18.56790123888889,-1.7064444444444429,3.8787172,3.9446177,3.9000309,3.9226322,3.9087572,0,1.0,1,0.75,-1.06,28.7,71.3
2023-02-27 03:15:00,111.521649988892,48.344455011112,48.353065816666,18.68333335,-1.9233333333333331,24.45,1,5.1764362714980825,70.66250196097344,3,0,2,0.7071067811865476,0.7071067811865476,0.0,1.0,0.8660254037844386,0.5000000000000001,0.0,0.0,0.0,10.525,21.775,78.0,84.25,-7.875,2.7316582,0.0,-5.7,18.57222224666667,24.5,24.65,24.683333333333334,24.65,24.216666666666665,-20.606666683333334,0.1648148300000009,-0.1066666666666666,-1.8166666666666669,-2.079333333333333,18.63395062666667,-1.819777777777776,3.9087572,3.8787172,3.9446177,3.9000309,3.846076,0,1.0,1,0.75,-1.02,27.1,72.9
2023-02-27 03:30:00,124.75056544444,82.412814472222,82.42698062222,18.57222224666667,-2.079333333333333,24.216666666666665,2,5.1764362714980825,70.66250196097344,3,0,2,0.7071067811865476,0.7071067811865476,0.0,1.0,0.8660254037844386,0.5000000000000001,0.0,0.0,0.0,10.55,21.25,75.0,84.5,-7.85,2.7397642,0.0,-5.7,18.52777781,24.45,24.5,24.65,24.683333333333334,24.45,-20.651555580000004,-0.1111111033333323,-0.1559999999999997,-1.9233333333333331,-2.4106666666666667,18.59135803888889,-1.939777777777776,3.846076,3.9087572,3.8787172,3.9446177,3.8729258,0,1.0,1,0.75,-1.05,28.2,71.8
2023-02-27 03:45:00,156.583458727774,118.631921183334,118.649142744444,18.52777781,-2.4106666666666667,24.45,2,5.1764362714980825,70.66250196097344,3,0,2,0.7071067811865476,0.7071067811865476,0.0,1.0,0.8660254037844386,0.5000000000000001,0.0,0.0,0.0,10.575,20.725,72.0,84.75,-7.825,2.74787,0.0,-5.7,18.68148151333333,24.216666666666665,24.45,24.5,24.65,24.03333333333333,-20.938444476666668,-0.0444444366666694,-0.3313333333333337,-2.079333333333333,-2.781333333333333,18.59444446888889,-2.137777777777776,3.8729258,3.846076,3.9087572,3.8787172,3.841725,0,0.0,0,1.0,-1.06,28.6,71.4
2023-02-27 04:00:00,81.909223516666,31.6853992,31.69012126111,18.68148151333333,-2.781333333333333,24.03333333333333,1,5.1764362714980825,70.66250196097344,4,0,2,0.8660254037844386,0.5000000000000001,0.0,1.0,0.8660254037844386,0.5000000000000001,0.0,0.0,0.0,10.6,20.2,69.0,85.0,-7.8,2.7559757,0.0,-5.7,18.49444443,24.45,24.216666666666665,24.45,24.5,24.0,-21.462814846666664,0.1537037033333312,-0.3706666666666667,-2.4106666666666667,-2.944666666666667,18.593827190000003,-2.423777777777776,3.841725,3.8729258,3.846076,3.9087572,3.7941432,0,0.0,1,1.0,-1.02,27.2,72.8
2023-02-27 04:15:00,185.588409599996,146.077767772222,146.095822666664,18.49444443,-2.944666666666667,24.0,2,5.1764362714980825,70.66250196097344,4,0,2,0.8660254037844386,0.5000000000000001,0.0,1.0,0.8660254037844386,0.5000000000000001,0.0,0.0,0.0,9.75,20.1,76.75,85.75,-7.75,2.7702513,0.0,-5.75,18.599999986666667,24.03333333333333,24.45,24.216666666666665,24.45,23.816666666666663,-21.439111096666664,-0.1870370833333332,-0.1633333333333335,-2.781333333333333,-3.2006666666666663,18.56790125111111,-2.712222222222221,3.7941432,3.841725,3.8729258,3.846076,3.788775,0,0.0,1,1.0,-1.07,29.0,71.0
2023-02-27 04:30:00,137.477556244444,83.20806046111,83.221115555552,18.599999986666667,-3.2006666666666663,23.816666666666663,2,5.1764362714980825,70.66250196097344,4,0,2,0.8660254037844386,0.5000000000000001,0.0,1.0,0.8660254037844386,0.5000000000000001,0.0,0.0,0.0,8.9,20.0,84.5,86.5,-7.699999999999999,2.7843835,0.0,-5.800000000000001,18.46111111,24.0,24.03333333333333,24.45,24.216666666666665,23.85,-21.800666653333334,0.105555556666669,-0.2559999999999993,-2.944666666666667,-3.4713333333333334,18.59197531,-2.975555555555553,3.788775,3.7941432,3.841725,3.8729258,3.7629895,0,0.0,0,1.0,-1.04,28.0,72.0
2023-02-27 04:45:00,170.496513266664,113.688785616666,113.704896138886,18.46111111,-3.4713333333333334,23.85,2,5.1764362714980825,70.66250196097344,4,0,2,0.8660254037844386,0.5000000000000001,0.0,1.0,0.8660254037844386,0.5000000000000001,0.0,0.0,0.0,8.05,19.9,92.25,87.25,-7.649999999999999,2.7983737,0.0,-5.8500000000000005,18.52222221,23.816666666666663,24.0,24.03333333333333,24.45,23.816666666666663,-21.93244444333333,-0.138888876666666,-0.270666666666667,-3.2006666666666663,-3.8513333333333337,18.51851850888889,-3.205555555555554,3.7629895,3.788775,3.7941432,3.841725,3.7713633,0,0.0,0,1.0,-1.08,29.4,70.6
2023-02-27 05:00:00,402.51001005555605,99.475187483334,99.491575727778,18.52222221,-3.8513333333333337,23.816666666666663,2,5.1764362714980825,70.66250196097344,5,0,2,0.9659258262890684,0.2588190451025207,0.0,1.0,0.8660254037844386,0.5000000000000001,0.0,0.0,0.0,7.2,19.8,100.0,88.0,-7.6,2.8122218,0.0,-5.9,18.605555560000003,23.85,23.816666666666663,24.0,24.03333333333333,23.2,-22.37355554333333,0.0611110999999979,-0.3800000000000003,-3.4713333333333334,-4.138,18.52777776888889,-3.507777777777776,3.7713633,3.7629895,3.788775,3.7941432,3.6918895,0,0.0,0,1.0,-1.06,28.8,71.2
2023-02-27 05:15:00,89.19115446111,51.2929482,51.304058972218,18.605555560000003,-4.138,23.2,1,5.1764362714980825,70.66250196097344,5,0,2,0.9659258262890684,0.2588190451025207,0.0,1.0,0.8660254037844386,0.5000000000000001,0.0,0.0,0.0,7.525,18.8,87.75,87.5,-7.574999999999999,2.811479,0.0,-5.825,18.44444445,23.816666666666663,23.85,23.816666666666663,24.0,23.466666666666665,-22.743555560000004,0.0833333500000037,-0.2866666666666662,-3.8513333333333337,-4.3966666666666665,18.52962962666667,-3.820222222222221,3.6918895,3.7713633,3.7629895,3.788775,3.6988518,0,0.0,1,1.0,-1.05,28.1,71.9
2023-02-27 05:30:00,206.414243166664,159.899992627778,159.921380688888,18.44444445,-4.3966666666666665,23.466666666666665,2,5.1764362714980825,70.66250196097344,5,0,2,0.9659258262890684,0.2588190451025207,0.0,1.0,0.8660254037844386,0.5000000000000001,0.0,0.0,0.0,7.85,17.8,75.5,87.0,-7.55,2.8106341,0.0,-5.75,18.63333332,23.2,23.816666666666663,23.85,23.816666666666663,23.1,-22.841111116666667,-0.1611111100000037,-0.2586666666666666,-4.138,-4.38,18.52407407333333,-4.128666666666665,3.6988518,3.6918895,3.7713633,3.7629895,3.6820254,0,0.0,1,1.0,-1.08,29.7,70.3
2023-02-27 05:45:00,71.02799218333,20.34140856111,20.348630538886,18.63333332,-4.38,23.1,1,5.1764362714980825,70.66250196097344,5,0,2,0.9659258262890684,0.2588190451025207,0.0,1.0,0.8660254037844386,0.5000000000000001,0.0,0.0,0.0,8.175,16.8,63.25,86.5,-7.525,2.809687,0.0,-5.675,18.474074076666668,23.466666666666665,23.2,23.816666666666663,23.85,22.716666666666665,-23.01333332,0.1888888700000031,0.0166666666666666,-4.3966666666666665,-4.431333333333333,18.56111111,-4.304888888888887,3.6820254,3.6988518,3.6918895,3.7713633,3.5869308,0,0.0,1,1.0,-1.04,27.9,72.1
2023-02-27 06:00:00,170.37012942222,119.900481572222,119.917980905554,18.474074076666668,-4.431333333333333,22.716666666666665,2,5.1764362714980825,70.66250196097344,6,0,2,1.0,6.123233995736766e-17,0.0,1.0,0.8660254037844386,0.5000000000000001,0.0,0.0,0.0,8.5,15.8,51.0,86.0,-7.5,2.8086371,0.0,-5.6,18.52222225,23.1,23.466666666666665,23.2,23.816666666666663,22.6,-22.90540741,-0.1592592433333344,-0.051333333333333,-4.38,-4.749333333333333,18.51728394888889,-4.402666666666664,3.5869308,3.6820254,3.6988518,3.6918895,3.5787039,0,0.0,1,1.0,-1.08,29.5,70.5
2023-02-27 06:15:00,161.4510417,117.169201944444,117.186701277776,18.52222225,-4.749333333333333,22.6,2,5.1764362714980825,70.66250196097344,6,0,2,1.0,6.123233995736766e-17,0.0,1.0,0.8660254037844386,0.5000000000000001,0.0,0.0,0.0,8.15,15.9,60.5,85.0,-8.15,2.6820915,0.0,-6.074999999999999,18.609259233333333,22.716666666666665,23.1,23.466666666666665,23.2,22.03333333333333,-23.27155558333333,0.0481481733333346,-0.3180000000000005,-4.431333333333333,-5.162000000000001,18.543209882222225,-4.52022222222222,3.5787039,3.5869308,3.6820254,3.6988518,3.5070019,0,0.0,0,1.0,-1.07,29.1,70.9
2023-02-27 06:30:00,95.387295538886,53.875344883334,53.886733411108,18.609259233333333,-5.162000000000001,22.03333333333333,1,5.1764362714980825,70.66250196097344,6,0,2,1.0,6.123233995736766e-17,0.0,1.0,0.8660254037844386,0.5000000000000001,0.0,0.0,0.0,7.8,16.0,70.0,84.0,-8.8,2.560529,0.0,-6.55,18.43333333,22.6,22.716666666666665,23.1,23.466666666666665,22.3,-23.77125923333333,0.0870369833333306,-0.4126666666666674,-4.749333333333333,-5.344666666666667,18.53518518666667,-4.780888888888888,3.5070019,3.5787039,3.5869308,3.6820254,3.5126462,0,0.0,1,1.0,-1.05,28.3,71.7
2023-02-27 06:45:00,199.502575211108,161.802138755556,161.826026733332,18.43333333,-5.344666666666667,22.3,2,5.1764362714980825,70.66250196097344,6,0,2,1.0,6.123233995736766e-17,0.0,1.0,0.8660254037844386,0.5000000000000001,0.0,0.0,0.0,7.449999999999999,16.1,79.5,83.0,-9.45,2.4437819,0.0,-7.025,18.66851853,22.03333333333333,22.6,22.716666666666665,23.1,21.85,-23.777999996666665,-0.1759259033333329,-0.1826666666666661,-5.162000000000001,-5.289333333333333,18.52160493777778,-5.085333333333332,3.5126462,3.5070019,3.5787039,3.5869308,3.4900413,0,0.0,1,1.0,-1.09,30.1,69.9
2023-02-27 07:00:00,91.853825666668,43.386320044444,43.395486411108,18.66851853,-5.289333333333333,21.85,1,5.1764362714980825,70.66250196097344,7,0,2,0.9659258262890684,-0.2588190451025206,0.0,1.0,0.8660254037844386,0.5000000000000001,0.0,0.0,0.0,7.1,16.2,89.0,82.0,-10.1,2.331684,0.0,-7.5,18.56666666,22.3,22.03333333333333,22.6,22.716666666666665,21.55,-23.95785186333333,0.2351851999999965,0.0553333333333334,-5.344666666666667,-5.008,18.570370364444447,-5.265333333333332,3.4900413,3.5126462,3.5070019,3.5787039,3.4214313,0,0.0,1,1.0,-1.04,27.8,72.2
2023-02-27 07:15:00,179.587816216666,119.787430527778,119.805485388888,18.56666666,-5.008,21.55,2,5.1764362714980825,70.66250196097344,7,0,2,0.9659258262890684,-0.2588190451025206,0.0,1.0,0.8660254037844386,0.5000000000000001,0.5,0.125,0.0416666666666666,6.925,14.95,91.75,82.0,-10.375,2.2807753,0.0,-7.8,18.581481473333334,21.85,22.3,22.03333333333333,22.6,21.78333333333333,-23.57466666,-0.1018518699999972,0.2813333333333334,-5.289333333333333,-5.215333333333334,18.55617284,-5.213999999999998,3.4214313,3.4900413,3.5126462,3.5070019,3.4615126,0,0.0,1,1.0,-1.06,28.9,71.1
2023-02-27 07:30:00,149.67040186111,110.377529188888,110.395584066664,18.581481473333334,-5.215333333333334,21.78333333333333,2,5.1764362714980825,70.66250196097344,7,0,2,0.9659258262890684,-0.2588190451025206,0.0,1.0,0.8660254037844386,0.5000000000000001,1.0,0.375,0.125,6.75,13.7,94.5,82.0,-10.65,2.2308493,0.0,-8.1,18.62222221,21.55,21.85,22.3,22.03333333333333,21.5,-23.796814806666667,0.0148148133333343,-0.2073333333333336,-5.008,-4.8966666666666665,18.605555554444447,-5.170888888888887,3.4615126,3.4214313,3.4900413,3.5126462,3.4247403,0,0.0,0,1.0,-1.06,28.7,71.3
2023-02-27 07:45:00,97.147780699996,57.210211483334,57.224377666664,18.62222221,-4.8966666666666665,21.5,1,5.1764362714980825,70.66250196097344,7,0,2,0.9659258262890684,-0.2588190451025206,0.0,1.0,0.8660254037844386,0.5000000000000001,1.5,0.75,0.25,6.575,12.45,97.25,82.0,-10.925,2.1818893,0.0,-8.399999999999999,18.46481483666667,21.78333333333333,21.55,21.85,22.3,21.5,-23.518888876666665,0.0407407366666667,0.3186666666666671,-5.215333333333334,-4.6353333333333335,18.590123447777778,-5.039999999999998,3.4247403,3.4615126,3.4214313,3.4900413,3.392958,0,0.0,1,1.0,-1.05,28.3,71.7
2023-02-27 08:00:00,212.130681116666,166.17779703889,166.19974059444598,18.46481483666667,-4.6353333333333335,21.5,2,5.1764362714980825,70.66250196097344,8,0,2,0.8660254037844387,-0.4999999999999998,0.0,1.0,0.8660254037844386,0.5000000000000001,2.0,1.25,0.4166666666666667,6.4,11.2,100.0,82.0,-11.2,2.1338794,0.0,-8.7,18.7611111,21.5,21.78333333333333,21.55,21.85,21.1,-23.100148170000004,-0.1574073733333314,0.261333333333333,-4.8966666666666665,-4.274,18.55617284,-4.915777777777776,3.392958,3.4247403,3.4615126,3.4214313,3.3887548,0,0.0,1,1.0,-1.09,29.9,70.1
2023-02-27 08:15:00,53.97728532222,13.583067755556,13.59028978333,18.7611111,-4.274,21.1,1,5.1764362714980825,70.66250196097344,8,0,2,0.8660254037844387,-0.4999999999999998,0.0,1.0,0.8660254037844386,0.5000000000000001,24.5,7.25,2.458333333333333,6.5,12.175,95.5,81.75,-11.05,2.1591783,0.0,-8.5,18.937036993333333,21.5,21.5,21.78333333333333,21.55,20.716666666666665,-23.0351111,0.2962962633333319,0.3613333333333335,-4.6353333333333335,-3.77,18.616049382222226,-4.601999999999998,3.3887548,3.392958,3.4247403,3.4615126,3.361957,0,0.0,1,1.0,-1.02,27.0,73.0
2023-02-27 08:30:00,147.68381457778,93.001835327778,93.01766806111,18.937036993333333,-3.77,20.716666666666665,2,5.1764362714980825,70.66250196097344,8,0,2,0.8660254037844387,-0.4999999999999998,0.0,1.0,0.8660254037844386,0.5000000000000001,47.0,18.75,6.375,6.6,13.15,91.0,81.5,-10.9,2.1847,0.0,-8.3,19.08888887,21.1,21.5,21.5,21.78333333333333,20.95,-22.70703699333333,0.175925893333332,0.504,-4.274,-3.6046666666666662,18.72098764333333,-4.226444444444443,3.361957,3.3887548,3.392958,3.4247403,3.4304273,0,0.0,1,1.0,-0.98,25.5,74.5
2023-02-27 08:45:00,141.02908077778,87.843986050002,87.857318883334,19.08888887,-3.6046666666666662,20.95,2,5.1764362714980825,70.66250196097344,8,0,2,0.8660254037844387,-0.4999999999999998,0.0,1.0,0.8660254037844386,0.5000000000000001,69.5,35.75,12.166666666666666,6.7,14.125,86.5,81.25,-10.75,2.2104452,0.0,-8.1,19.39074073,20.716666666666665,21.1,21.5,21.5,20.35,-22.69355553666667,0.1518518766666687,0.1653333333333333,-3.77,-3.2006666666666663,18.929012321111117,-3.8828888888888873,3.4304273,3.361957,3.3887548,3.392958,3.3919623,0,0.0,0,1.0,-0.95,24.0,76.0
2023-02-27 09:00:00,70.8813313,32.568141655556,32.577308038886,19.39074073,-3.2006666666666663,20.35,1,5.1764362714980825,70.66250196097344,9,0,2,0.7071067811865476,-0.7071067811865475,0.0,1.0,0.8660254037844386,0.5000000000000001,92.0,58.25,19.83333333333333,6.8,15.1,82.0,81.0,-10.6,2.236415,0.0,-7.9,19.54444446,20.95,20.716666666666665,21.1,21.5,20.3,-22.591407396666668,0.3018518599999993,0.4040000000000003,-3.6046666666666662,-3.0146666666666664,19.13888886444445,-3.525111111111109,3.3919623,3.4304273,3.361957,3.3887548,3.4143486,0,0.0,1,1.0,-0.88,21.5,78.5
2023-02-27 09:15:00,186.174774811116,147.900472611112,147.922416183334,19.54444446,-3.0146666666666664,20.3,2,5.1764362714980825,70.66250196097344,9,0,2,0.7071067811865476,-0.7071067811865475,0.0,1.0,0.8660254037844386,0.5000000000000001,137.5,86.5,31.291666666666668,6.85,16.1,86.5,77.75,-10.575,2.2394285,0.0,-7.325,19.864814846666665,20.35,20.95,20.716666666666665,21.1,19.85,-22.559111126666668,0.1537037300000001,0.1859999999999999,-3.2006666666666663,-2.667333333333333,19.34135802,-3.273333333333332,3.4143486,3.3919623,3.4304273,3.361957,3.402035,0,0.0,1,1.0,-0.85,20.2,79.8
2023-02-27 09:30:00,52.734557299996,0.0,0.0,19.864814846666665,-2.667333333333333,19.85,0,5.1764362714980825,70.66250196097344,9,0,2,0.7071067811865476,-0.7071067811865475,0.0,1.0,0.8660254037844386,0.5000000000000001,183.0,120.5,46.54166666666666,6.9,17.1,91.0,74.5,-10.55,2.238055,0.0,-6.75,20.28333333,20.3,20.35,20.95,20.716666666666665,19.45,-22.53214818,0.3203703866666636,0.3473333333333332,-3.0146666666666664,-1.822,19.60000001222222,-2.960888888888887,3.402035,3.4143486,3.3919623,3.4304273,3.4161355,1,1.0,1,0.75,-0.78,17.8,82.2
2023-02-27 09:45:00,942.327027644444,48.85443466111,48.866100927774,20.28333333,-1.822,19.45,1,5.1764362714980825,70.66250196097344,9,0,2,0.7071067811865476,-0.7071067811865475,0.0,1.0,0.8660254037844386,0.5000000000000001,228.5,160.25,65.58333333333333,6.95,18.1,95.5,71.25,-10.525,2.231957,0.0,-6.175,20.827777806666667,19.85,20.3,20.35,20.95,19.216666666666665,-22.10533333,0.4185184833333331,0.8453333333333333,-2.667333333333333,-1.374,19.89753087888889,-2.5013333333333314,3.4161355,3.402035,3.4143486,3.3919623,3.4840097,0,1.0,1,0.75,-0.69,14.9,85.1
2023-02-27 10:00:00,1309.0276368,95.9319959,95.950884077776,20.827777806666667,-1.374,19.216666666666665,2,5.1764362714980825,70.66250196097344,10,0,2,0.4999999999999999,-0.8660254037844387,0.0,1.0,0.8660254037844386,0.5000000000000001,274.0,205.75,88.41666666666667,7.0,19.1,100.0,68.0,-10.5,2.2207828,0.0,-5.6,21.68333332,19.45,19.85,20.3,20.35,19.85,-22.201777806666662,0.5444444766666692,0.4479999999999999,-1.822,-0.7746666666666667,20.325308661111112,-1.9544444444444424,3.4840097,3.4161355,3.402035,3.4143486,3.781877,0,1.0,1,0.75,-0.56,11.7,88.3
2023-02-27 10:15:00,1194.530550066672,0.0,0.0,21.68333332,-0.7746666666666667,19.85,0,5.1764362714980825,70.66250196097344,10,0,2,0.4999999999999999,-0.8660254037844387,0.0,1.0,0.8660254037844386,0.5000000000000001,309.75,248.8125,114.1875,6.4,19.1,100.0,65.25,-10.6,2.2132053,0.0,-5.074999999999999,22.42222221333333,19.216666666666665,19.45,19.85,20.3,20.0,-22.457999986666668,0.8555555133333321,0.5993333333333332,-1.374,-0.5633333333333332,20.931481485555555,-1.3235555555555536,3.781877,3.4840097,3.4161355,3.402035,3.9762082,1,2.0,1,0.5,-0.37,7.8,92.2
2023-02-27 10:30:00,1217.842673161114,29.244941255556,29.2579963,22.42222221333333,-0.5633333333333332,20.0,1,5.1764362714980825,70.66250196097344,10,0,2,0.4999999999999999,-0.8660254037844387,0.0,1.0,0.8660254037844386,0.5000000000000001,345.5,289.4375,142.89583333333334,5.8,19.1,100.0,62.5,-10.7,2.2013597,0.0,-4.55,22.88888887,19.85,19.216666666666665,19.45,19.85,19.7,-22.985555546666667,0.7388888933333355,0.2113333333333334,-0.7746666666666667,0.3373333333333334,21.644444446666668,-0.903999999999998,3.9762082,3.781877,3.4840097,3.4161355,4.0228167,0,1.0,1,0.75,-0.19,5.8,94.2
2023-02-27 10:45:00,505.6039417,116.9944867,117.01504146111,22.88888887,0.3373333333333334,19.7,2,5.1764362714980825,70.66250196097344,10,0,2,0.4999999999999999,-0.8660254037844387,0.0,1.0,0.8660254037844386,0.5000000000000001,381.25,327.625,174.54166666666666,5.199999999999999,19.1,100.0,59.75,-10.8,2.1849673,0.0,-4.025,23.20370368,20.0,19.85,19.216666666666665,19.45,20.15,-22.55155553666667,0.4666666566666677,0.9006666666666666,-0.5633333333333332,0.2533333333333333,22.331481467777778,-0.3335555555555538,4.0228167,3.9762082,3.781877,3.4840097,4.189453,0,1.0,1,0.75,-0.09,5.2,94.8
2023-02-27 11:00:00,222.49082234444,0.0,0.0,23.20370368,0.2533333333333333,20.15,0,5.1764362714980825,70.66250196097344,11,0,2,0.258819045102521,-0.9659258262890682,0.0,1.0,0.8660254037844386,0.5000000000000001,417.0,363.375,209.125,4.6,19.1,100.0,57.0,-10.9,2.1637368,0.0,-3.5,22.9833333,19.7,20.0,19.85,19.216666666666665,21.3,-22.950370346666663,0.3148148099999979,-0.084,0.3373333333333334,0.6633333333333333,22.83827158777778,0.0091111111111129,4.189453,4.0228167,3.9762082,3.781877,4.373117,1,2.0,1,0.5,-0.01,5.0,95.0
2023-02-27 11:15:00,1194.067790911112,0.0,0.0,22.9833333,0.6633333333333333,21.3,0,5.1764362714980825,70.66250196097344,11,0,2,0.258819045102521,-0.9659258262890682,0.0,1.0,0.8660254037844386,0.5000000000000001,448.25,398.0,244.4375,4.525,17.75,100.0,55.0,-10.875,2.1669157,0.0,-2.975,22.36666668,20.15,19.7,20.0,19.85,22.066666666666663,-22.319999966666668,-0.2203703799999985,0.41,0.2533333333333333,0.9406666666666668,23.025308616666667,0.4180000000000017,4.373117,4.189453,4.0228167,3.9762082,4.373098,0,2.0,0,0.5,-0.06,5.1,94.9
2023-02-27 11:30:00,249.61057076111,87.237343683334,87.254843,22.36666668,0.9406666666666668,22.066666666666663,2,5.1764362714980825,70.66250196097344,11,0,2,0.258819045102521,-0.9659258262890682,0.0,1.0,0.8660254037844386,0.5000000000000001,479.5,431.5,280.4791666666667,4.449999999999999,16.4,100.0,53.0,-10.85,2.1668684,0.0,-2.45,21.89444444,21.3,20.15,19.7,20.0,22.2,-21.426000013333333,-0.6166666200000037,0.2773333333333333,0.6633333333333333,1.4706666666666666,22.85123455333333,0.6191111111111128,4.373098,4.373117,4.189453,4.0228167,4.281482,0,2.0,1,0.5,-0.19,5.8,94.2
2023-02-27 11:45:00,119.880482355556,79.497097755556,79.512097172222,21.89444444,1.4706666666666666,22.2,2,5.1764362714980825,70.66250196097344,11,0,2,0.258819045102521,-0.9659258262890682,0.0,1.0,0.8660254037844386,0.5000000000000001,510.75,463.875,317.25,4.375,15.05,100.0,51.0,-10.825,2.1633773,0.0,-1.925,21.7814815,22.066666666666663,21.3,20.15,19.7,22.316666666666663,-20.42377777333333,-0.4722222400000007,0.5299999999999999,0.9406666666666668,1.7673333333333334,22.414814806666666,1.0248888888888903,4.281482,4.373098,4.373117,4.189453,4.2760086,0,2.0,0,0.5,-0.3,6.9,93.1
2023-02-27 12:00:00,45.135972388884,0.0,0.0,21.7814815,1.7673333333333334,22.316666666666663,0,5.1764362714980825,70.66250196097344,12,0,2,1.2246467991473532e-16,-1.0,0.0,1.0,0.8660254037844386,0.5000000000000001,542.0,495.125,354.75,4.3,13.7,100.0,49.0,-10.8,2.1562157,0.0,-1.4,21.64444444,22.2,22.066666666666663,21.3,20.15,21.65,-20.014148166666665,-0.1129629399999991,0.2966666666666668,1.4706666666666666,2.114,22.01419754,1.3928888888888906,4.2760086,4.281482,4.373098,4.373117,4.115555,1,2.0,1,0.5,-0.33,7.2,92.8
2023-02-27 12:15:00,79.084058727778,36.563537383334,36.575203633332,21.64444444,2.114,21.65,1,5.1764362714980825,70.66250196097344,12,0,2,1.2246467991473532e-16,-1.0,0.0,1.0,0.8660254037844386,0.5000000000000001,560.25,523.125,389.9791666666667,4.775,14.875,100.0,48.0,-10.7,2.1643152,0.0,-1.0499999999999998,21.35370369,22.316666666666663,22.2,22.066666666666663,21.3,21.866666666666667,-19.53044444,-0.1370370600000008,0.3466666666666664,1.7673333333333334,2.0786666666666664,21.77345679333333,1.7840000000000016,4.115555,4.2760086,4.281482,4.373098,4.0873837,0,1.0,1,0.75,-0.36,7.7,92.3
2023-02-27 12:30:00,193.615310611112,155.70404933889,155.72738173889,21.35370369,2.0786666666666664,21.866666666666667,2,5.1764362714980825,70.66250196097344,12,0,2,1.2246467991473532e-16,-1.0,0.0,1.0,0.8660254037844386,0.5000000000000001,578.5,547.875,422.9375,5.25,16.049999999999997,100.0,47.0,-10.6,2.1713457,0.0,-0.7,20.99999998,21.65,22.316666666666663,22.2,22.066666666666663,22.45,-19.275037023333333,-0.2907407499999976,-0.0353333333333334,2.114,2.1326666666666667,21.593209876666663,1.986666666666668,4.0873837,4.115555,4.2760086,4.281482,4.1111784,0,1.0,1,0.75,-0.43,8.8,91.2
2023-02-27 12:45:00,45.140972055556,15.365218700000002,15.375218333332002,20.99999998,2.1326666666666667,22.45,1,5.1764362714980825,70.66250196097344,12,0,2,1.2246467991473532e-16,-1.0,0.0,1.0,0.8660254037844386,0.5000000000000001,596.75,569.375,453.625,5.725,17.224999999999998,100.0,46.0,-10.5,2.1772559,0.0,-0.3500000000000001,20.718518496666665,21.866666666666667,21.65,22.316666666666663,22.2,21.48333333333333,-18.867333313333333,-0.3537037100000013,0.0540000000000002,2.0786666666666664,1.7613333333333334,21.332716036666667,2.108444444444446,4.1111784,4.0873837,4.115555,4.2760086,3.8702688,0,1.0,1,0.75,-0.51,10.4,89.6
2023-02-27 13:00:00,123.714495655556,76.085289816666,76.100844794442,20.718518496666665,1.7613333333333334,21.48333333333333,2,5.1764362714980825,70.66250196097344,13,0,2,-0.2588190451025208,-0.9659258262890684,0.0,1.0,0.8660254037844386,0.5000000000000001,615.0,587.625,482.0416666666667,6.2,18.4,100.0,45.0,-10.4,2.181994,0.0,0.0,20.3388889,22.45,21.866666666666667,21.65,22.316666666666663,21.6,-18.95718516333333,-0.2814814833333336,-0.3713333333333333,2.1326666666666667,1.84,21.024074055555555,1.9908888888888907,3.8702688,4.1111784,4.0873837,4.115555,3.806086,0,0.0,1,1.0,-0.58,12.0,88.0
2023-02-27 13:15:00,203.816291472222,152.6447273,152.66861526111,20.3388889,1.84,21.6,2,5.1764362714980825,70.66250196097344,13,0,2,-0.2588190451025208,-0.9659258262890684,0.0,1.0,0.8660254037844386,0.5000000000000001,596.25,596.625,505.9166666666667,6.1,18.925,100.0,44.75,-10.225,2.2151358,0.0,0.3,20.246296293333334,21.48333333333333,22.45,21.866666666666667,21.65,22.466666666666665,-18.4988889,-0.3796295966666676,0.0786666666666666,1.7613333333333334,1.82,20.685802458888887,1.911333333333335,3.806086,3.8702688,4.1111784,4.0873837,3.9374409,0,0.0,0,1.0,-0.66,14.2,85.8
2023-02-27 13:30:00,56.019148027778,26.090345227778,26.100622616666,20.246296293333334,1.82,22.466666666666665,1,5.1764362714980825,70.66250196097344,13,0,2,-0.2588190451025208,-0.9659258262890684,0.0,1.0,0.8660254037844386,0.5000000000000001,577.5,596.375,525.25,6.0,19.45,100.0,44.5,-10.05,2.2485929,0.0,0.6,20.22222222,21.6,21.48333333333333,22.45,21.866666666666667,22.15,-18.426296293333333,-0.0925926066666633,-0.02,1.84,1.6426666666666667,20.434567896666668,1.8071111111111129,3.9374409,3.806086,3.8702688,4.1111784,3.8764846,0,0.0,1,1.0,-0.68,14.7,85.3
2023-02-27 13:45:00,52.760111827774,16.48795153889,16.496840116666,20.22222222,1.6426666666666667,22.15,1,5.1764362714980825,70.66250196097344,13,0,2,-0.2588190451025208,-0.9659258262890684,0.0,1.0,0.8660254037844386,0.5000000000000001,558.75,586.875,540.0416666666666,5.9,19.975,100.0,44.25,-9.875,2.282365,0.0,0.9,20.005555583333333,22.466666666666665,21.6,21.48333333333333,22.45,22.183333333333334,-18.57955555333333,-0.0240740733333346,-0.1773333333333333,1.82,1.656,20.26913580444444,1.7675555555555575,3.8764846,3.9374409,3.806086,3.8702688,3.8334162,0,0.0,0,1.0,-0.69,14.9,85.1
2023-02-27 14:00:00,194.159733366664,126.233561522224,126.274393272222,20.005555583333333,1.656,22.183333333333334,2,5.1764362714980825,70.66250196097344,14,0,2,-0.4999999999999997,-0.8660254037844388,0.0,1.0,0.8660254037844386,0.5000000000000001,540.0,568.125,550.2916666666666,5.8,20.5,100.0,44.0,-9.7,2.3164496,0.0,1.2,19.87222223,22.15,22.466666666666665,21.6,21.48333333333333,22.5,-18.34955558333333,-0.216666636666666,0.0133333333333331,1.6426666666666667,2.068,20.15802469888889,1.706222222222224,3.8334162,3.8764846,3.9374409,3.806086,3.8578846,0,0.0,1,1.0,-0.73,16.3,83.7
2023-02-27 14:15:00,463.857833811112,31.127643727778,31.189307944444,19.87222223,2.068,22.5,1,5.1764362714980825,70.66250196097344,14,0,2,-0.4999999999999997,-0.8660254037844388,0.0,1.0,0.8660254037844386,0.5000000000000001,524.25,550.125,556.625,6.25,20.675,100.0,43.5,-9.625,2.33344,0.0,1.475,19.65185184,22.183333333333334,22.15,22.466666666666665,21.6,22.316666666666663,-17.804222229999997,-0.1333333533333345,0.4120000000000001,1.656,1.922,20.033333344444447,1.7888888888888907,3.8578846,3.8334162,3.8764846,3.9374409,3.7772977,0,0.0,1,1.0,-0.76,17.2,82.8
2023-02-27 14:30:00,144.764764644448,39.066770583334,39.129823627778,19.65185184,1.922,22.316666666666663,1,5.1764362714980825,70.66250196097344,14,0,2,-0.4999999999999997,-0.8660254037844388,0.0,1.0,0.8660254037844386,0.5000000000000001,508.5,532.875,559.0416666666666,6.7,20.85,100.0,43.0,-9.55,2.350143,0.0,1.75,19.47777775,22.5,22.183333333333334,22.15,22.466666666666665,22.7,-17.72985184,-0.2203703899999993,-0.1460000000000001,2.068,2.0706666666666664,19.843209884444445,1.8820000000000017,3.7772977,3.8578846,3.8334162,3.8764846,3.8030825,0,0.0,0,1.0,-0.81,18.9,81.1
2023-02-27 14:45:00,218.932353505554,121.17376393889,121.245983266668,19.47777775,2.0706666666666664,22.7,2,5.1764362714980825,70.66250196097344,14,0,2,-0.4999999999999997,-0.8660254037844388,0.0,1.0,0.8660254037844386,0.5000000000000001,492.75,516.375,557.5416666666666,7.15,21.025,100.0,42.5,-9.475,2.3665435,0.0,2.025,19.55925925,22.316666666666663,22.5,22.183333333333334,22.15,22.816666666666663,-17.40711108333333,-0.1740740900000013,0.1486666666666665,1.922,2.019333333333333,19.66728394,2.020222222222224,3.8030825,3.7772977,3.8578846,3.8334162,3.8409803,0,0.0,1,1.0,-0.85,20.3,79.7
2023-02-27 15:00:00,104.38860203889,0.0,0.0,19.55925925,2.019333333333333,22.816666666666663,0,5.1764362714980825,70.66250196097344,15,0,2,-0.7071067811865471,-0.7071067811865479,0.0,1.0,0.8660254037844386,0.5000000000000001,477.0,500.625,552.125,7.6,21.2,100.0,42.0,-9.4,2.3826253,0.0,2.3,19.277777800000003,22.7,22.316666666666663,22.5,22.183333333333334,22.6,-17.539925916666668,0.0814815000000024,-0.051333333333333,2.0706666666666664,2.3433333333333333,19.56296294666667,2.004000000000002,3.8409803,3.8030825,3.7772977,3.8578846,3.74203,1,1.0,1,0.75,-0.83,19.6,80.4
2023-02-27 15:15:00,220.807833950002,100.8817979,100.949572988888,19.277777800000003,2.3433333333333333,22.6,2,5.1764362714980825,70.66250196097344,15,0,2,-0.7071067811865471,-0.7071067811865479,0.0,1.0,0.8660254037844386,0.5000000000000001,453.5,482.9375,543.2291666666666,7.449999999999999,21.75,100.0,42.0,-9.225,2.4109519,0.0,2.475,19.33148148,22.816666666666663,22.7,22.316666666666663,22.5,23.25,-16.93444446666667,-0.2814814499999976,0.3239999999999998,2.019333333333333,2.4033333333333333,19.4382716,2.144444444444446,3.74203,3.8409803,3.8030825,3.7772977,3.861846,0,1.0,1,0.75,-0.9,22.0,78.0
2023-02-27 15:30:00,149.062092811112,50.487702627778006,50.549922405554,19.33148148,2.4033333333333333,23.25,1,5.1764362714980825,70.66250196097344,15,0,2,-0.7071067811865471,-0.7071067811865479,0.0,1.0,0.8660254037844386,0.5000000000000001,430.0,463.3125,530.8541666666666,7.3,22.3,100.0,42.0,-9.05,2.4395728,0.0,2.65,19.26666664,22.6,22.816666666666663,22.7,22.316666666666663,22.7,-16.928148146666665,0.0537036799999945,0.06,2.3433333333333333,2.3873333333333333,19.389506176666668,2.255333333333335,3.861846,3.74203,3.8409803,3.8030825,3.7561278,0,1.0,1,0.75,-0.88,21.4,78.6
2023-02-27 15:45:00,135.346252483338,42.707736088888,42.76940032222,19.26666664,2.3873333333333333,22.7,1,5.1764362714980825,70.66250196097344,15,0,2,-0.7071067811865471,-0.7071067811865479,0.0,1.0,0.8660254037844386,0.5000000000000001,406.5,441.75,515.0,7.15,22.85,100.0,42.0,-8.875,2.468491,0.0,2.825,19.075925936666668,23.25,22.6,22.816666666666663,22.7,23.15,-16.879333306666666,-0.0648148399999968,-0.016,2.4033333333333333,2.315333333333333,19.291975306666668,2.378000000000001,3.7561278,3.861846,3.74203,3.8409803,3.787766,0,1.0,0,0.75,-0.9,22.1,77.9
2023-02-27 16:00:00,205.633441049998,104.659702344444,104.724144249998,19.075925936666668,2.315333333333333,23.15,2,5.1764362714980825,70.66250196097344,16,0,2,-0.8660254037844385,-0.5000000000000004,0.0,1.0,0.8660254037844386,0.5000000000000001,383.0,418.25,495.6666666666667,7.0,23.4,100.0,42.0,-8.7,2.497709,0.0,3.0,19.17777777,22.7,23.25,22.6,22.816666666666663,23.15,-16.760592603333336,-0.1907407033333328,-0.072,2.3873333333333333,2.1820000000000004,19.224691352222223,2.3686666666666683,3.787766,3.7561278,3.861846,3.74203,3.810581,0,0.0,1,1.0,-0.94,23.6,76.4
2023-02-27 16:15:00,113.761838277776,0.0,0.0,19.17777777,2.1820000000000004,23.15,0,5.1764362714980825,70.66250196097344,16,0,2,-0.8660254037844385,-0.5000000000000004,0.0,1.0,0.8660254037844386,0.5000000000000001,352.75,393.0625,475.375,7.45,23.4,100.0,42.25,-8.5,2.529508,0.0,3.1,18.96296292,23.15,22.7,23.25,22.6,23.183333333333334,-16.995777769999997,0.1018518333333311,-0.1333333333333328,2.315333333333333,2.0580000000000003,19.17345678222222,2.2948888888888903,3.810581,3.787766,3.7561278,3.861846,3.7680185,1,1.0,1,0.75,-0.92,22.7,77.3
2023-02-27 16:30:00,221.098933622216,118.868022855556,118.937464527778,18.96296292,2.0580000000000003,23.183333333333334,2,5.1764362714980825,70.66250196097344,16,0,2,-0.8660254037844385,-0.5000000000000004,0.0,1.0,0.8660254037844386,0.5000000000000001,322.5,366.1875,454.125,7.9,23.4,100.0,42.5,-8.3,2.5616076,0.0,3.2,19.09444445,23.15,23.15,22.7,23.25,23.45,-16.90496292,-0.2148148499999997,-0.1240000000000001,2.1820000000000004,1.7993333333333337,19.07222220888889,2.185111111111113,3.7680185,3.810581,3.787766,3.7561278,3.8410442,0,1.0,1,0.75,-0.97,24.7,75.3
2023-02-27 16:45:00,143.241214522224,48.0780768,48.131130227778,19.09444445,1.7993333333333337,23.45,1,5.1764362714980825,70.66250196097344,16,0,2,-0.8660254037844385,-0.5000000000000004,0.0,1.0,0.8660254037844386,0.5000000000000001,292.25,337.625,431.9166666666667,8.350000000000001,23.4,100.0,42.75,-8.1,2.594011,0.0,3.3,19.03333333333333,23.183333333333334,23.15,23.15,22.7,23.216666666666665,-17.295111116666668,0.131481530000002,-0.2586666666666668,2.0580000000000003,1.344666666666667,19.078395046666667,2.013111111111113,3.8410442,3.7680185,3.810581,3.787766,3.7891414,0,1.0,1,0.75,-0.93,23.4,76.6
2023-02-27 17:00:00,145.4316825,52.2054117,52.25846516111,19.03333333333333,1.344666666666667,23.216666666666665,1,5.1764362714980825,70.66250196097344,17,0,2,-0.9659258262890684,-0.2588190451025206,0.0,1.0,0.8660254037844386,0.5000000000000001,262.0,307.375,408.75,8.8,23.4,100.0,43.0,-7.9,2.626719,0.0,3.4,18.84444443,23.45,23.183333333333334,23.15,23.15,23.45,-17.68866666666667,-0.061111116666666,-0.4546666666666668,1.7993333333333337,1.0326666666666666,19.030246901111116,1.7340000000000018,3.7891414,3.8410442,3.7680185,3.810581,3.7847733,0,1.0,0,0.75,-0.95,24.0,76.0
2023-02-27 17:15:00,211.009892583334,108.8581455,108.91758753889,18.84444443,1.0326666666666666,23.45,2,5.1764362714980825,70.66250196097344,17,0,2,-0.9659258262890684,-0.2588190451025206,0.0,1.0,0.8660254037844386,0.5000000000000001,216.0,273.1875,383.0625,9.85,24.575,100.0,45.0,-7.625,2.7077458,0.0,3.175,18.74074076333333,23.216666666666665,23.45,23.183333333333334,23.15,23.216666666666665,-17.811777763333332,-0.1888889033333356,-0.312,1.344666666666667,0.9413333333333332,18.99074073777778,1.3922222222222238,3.7847733,3.7891414,3.8410442,3.7680185,3.724212,0,0.0,1,1.0,-0.99,25.7,74.3
2023-02-27 17:30:00,216.160242127778,109.524229972222,109.57700566111,18.74074076333333,0.9413333333333332,23.216666666666665,2,5.1764362714980825,70.66250196097344,17,0,2,-0.9659258262890684,-0.2588190451025206,0.0,1.0,0.8660254037844386,0.5000000000000001,170.0,235.0625,354.8541666666667,10.9,25.75,100.0,47.0,-7.35,2.7856789,0.0,2.95,18.83888891,23.45,23.216666666666665,23.45,23.183333333333334,23.85,-17.799407430000002,-0.1037036666666644,-0.0913333333333333,1.0326666666666666,0.8913333333333333,18.87283950888889,1.1062222222222238,3.724212,3.7847733,3.7891414,3.8410442,3.848068,0,0.0,0,1.0,-1.02,26.8,73.2
2023-02-27 17:45:00,188.295801100004,117.603073455556,117.644738472222,18.83888891,0.8913333333333333,23.85,2,5.1764362714980825,70.66250196097344,17,0,2,-0.9659258262890684,-0.2588190451025206,0.0,1.0,0.8660254037844386,0.5000000000000001,124.0,193.0,324.125,11.95,26.925,100.0,49.0,-7.075,2.8605847,0.0,2.725,18.962962976666667,23.216666666666665,23.45,23.216666666666665,23.45,23.816666666666663,-17.947555576666666,0.0981481466666629,-0.0499999999999999,0.9413333333333332,0.85,18.808024701111112,0.9551111111111128,3.848068,3.724212,3.7847733,3.7891414,3.8709555,0,0.0,0,1.0,-0.99,25.7,74.3
2023-02-27 18:00:00,92.324640233332,25.502035427778,25.532312016666,18.962962976666667,0.85,23.816666666666663,1,5.1764362714980825,70.66250196097344,18,0,2,-1.0,-1.8369701987210294e-16,0.0,1.0,0.8660254037844386,0.5000000000000001,78.0,147.0,290.875,13.0,28.1,100.0,51.0,-6.8,2.932527,0.0,2.5,18.7722222,23.85,23.216666666666665,23.45,23.216666666666665,23.9,-18.112962976666665,0.1240740666666688,-0.0413333333333333,0.8913333333333333,0.776,18.84753088333333,0.8942222222222238,3.8709555,3.848068,3.724212,3.7847733,3.8409703,0,0.0,1,1.0,-0.96,24.5,75.5
2023-02-27 18:15:00,219.585660738886,143.013445916666,143.05705533888602,18.7722222,0.776,23.9,2,5.1764362714980825,70.66250196097344,18,0,2,-1.0,-1.8369701987210294e-16,0.0,1.0,0.8660254037844386,0.5000000000000001,61.5,108.375,258.2083333333333,12.95,28.175,100.0,52.75,-6.675,2.962262,0.0,2.15,18.97962964666667,23.816666666666663,23.85,23.216666666666665,23.45,24.28333333333333,-17.9962222,-0.1907407766666686,-0.0739999999999999,0.85,0.772,18.85802469555556,0.8391111111111128,3.8409703,3.8709555,3.848068,3.724212,3.9506884,0,0.0,1,1.0,-1.0,26.3,73.7
2023-02-27 18:30:00,178.396197183334,96.135321083334,96.17226403889,18.97962964666667,0.772,24.28333333333333,2,5.1764362714980825,70.66250196097344,18,0,2,-1.0,-1.8369701987210294e-16,0.0,1.0,0.8660254037844386,0.5000000000000001,45.0,77.125,226.125,12.9,28.25,100.0,54.5,-6.55,2.988797,0.0,1.8,18.98888887,23.9,23.816666666666663,23.85,23.216666666666665,24.0,-18.20762964666667,0.2074074466666715,-0.004,0.776,0.8153333333333334,18.904938274444447,0.799333333333335,3.9506884,3.8409703,3.8709555,3.848068,3.906727,0,0.0,0,1.0,-0.96,24.3,75.7
2023-02-27 18:45:00,392.921504694446,29.283828616666,29.316049594442,18.98888887,0.8153333333333334,24.0,1,5.1764362714980825,70.66250196097344,18,0,2,-1.0,-1.8369701987210294e-16,0.0,1.0,0.8660254037844386,0.5000000000000001,28.5,53.25,194.625,12.85,28.325,100.0,56.25,-6.425,3.0122497,0.0,1.4500000000000002,18.7574074,24.28333333333333,23.9,23.816666666666663,23.85,24.183333333333334,-18.17355553666666,0.009259223333327,0.0433333333333333,0.772,1.1960000000000002,18.913580238888887,0.7877777777777794,3.906727,3.9506884,3.8409703,3.8709555,3.8831015,0,0.0,1,1.0,-0.95,24.3,75.7
2023-02-27 19:00:00,211.934022250002,134.951823927778,134.994044488888,18.7574074,1.1960000000000002,24.183333333333334,2,5.1764362714980825,70.66250196097344,19,0,2,-0.9659258262890684,0.2588190451025203,0.0,1.0,0.8660254037844386,0.5000000000000001,12.0,36.75,163.70833333333334,12.8,28.4,100.0,58.0,-6.3,3.0327353,0.0,1.1,18.977777810000003,24.0,24.28333333333333,23.9,23.816666666666663,24.85,-17.561407399999997,-0.2314814699999985,0.3806666666666668,0.8153333333333334,1.3826666666666665,18.908641972222224,0.9277777777777796,3.8831015,3.906727,3.9506884,3.8409703,4.042438,0,0.0,1,1.0,-1.01,26.4,73.6
2023-02-27 19:15:00,158.214782272222,91.749663216666,91.78827282222,18.977777810000003,1.3826666666666665,24.85,2,5.1764362714980825,70.66250196097344,19,0,2,-0.9659258262890684,0.2588190451025203,0.0,1.0,0.8660254037844386,0.5000000000000001,9.0,23.625,135.0625,12.575,27.95,100.0,60.75,-5.95,3.1227186,0.05,0.8500000000000001,19.00555554,24.183333333333334,24.0,24.28333333333333,23.9,25.183333333333334,-17.595111143333337,0.2203704100000045,0.1866666666666663,1.1960000000000002,0.6453333333333333,18.90802469333333,1.1313333333333349,4.042438,3.8831015,3.906727,3.9506884,4.1033854,0,0.0,0,1.0,-0.95,24.2,75.8
2023-02-27 19:30:00,159.933602599992,59.690112316666,59.74677678333,19.00555554,0.6453333333333333,25.183333333333334,1,5.1764362714980825,70.66250196097344,19,0,2,-0.9659258262890684,0.2588190451025203,0.0,1.0,0.8660254037844386,0.5000000000000001,6.0,13.875,108.6875,12.35,27.5,100.0,63.5,-5.6,3.208666,0.1,0.6000000000000001,18.85555553,24.85,24.183333333333334,24.0,24.28333333333333,25.9,-18.360222206666663,0.0277777299999968,-0.7373333333333332,1.3826666666666665,0.496,18.913580250000003,1.0746666666666682,4.1033854,4.042438,3.8831015,3.906727,4.1829424,0,0.0,1,1.0,-0.94,23.9,76.1
2023-02-27 19:45:00,392.366249188888,137.029240827778,137.09507156111002,18.85555553,0.496,25.9,2,5.1764362714980825,70.66250196097344,19,0,2,-0.9659258262890684,0.2588190451025203,0.0,1.0,0.8660254037844386,0.5000000000000001,3.0,7.5,84.58333333333333,12.125,27.05,100.0,66.25,-5.25,3.2906775,0.15,0.3500000000000001,19.000000006666667,25.183333333333334,24.85,24.183333333333334,24.0,26.65,-18.35955553,-0.1500000099999994,-0.1493333333333332,0.6453333333333333,0.3693333333333333,18.946296293333337,0.8413333333333348,4.1829424,4.1033854,4.042438,3.8831015,4.3409405,0,0.0,1,1.0,-0.98,25.1,74.9
2023-02-27 20:00:00,350.539589088884,55.662773433332006,55.72110448333,19.000000006666667,0.3693333333333333,26.65,1,5.1764362714980825,70.66250196097344,20,0,2,-0.8660254037844386,0.5000000000000001,0.0,1.0,0.8660254037844386,0.5000000000000001,0.0,4.5,62.75,11.9,26.6,100.0,69.0,-4.9,3.3688476,0.2,0.1,18.97222218,25.9,25.183333333333334,24.85,24.183333333333334,27.7,-18.630666673333334,0.144444476666667,-0.1266666666666667,0.496,0.2953333333333334,18.953703692222224,0.5035555555555571,4.3409405,4.1829424,4.1033854,4.042438,4.5045795,0,0.0,1,1.0,-0.94,23.6,76.4
2023-02-27 20:15:00,421.148153433332,151.491995627778,151.563381688888,18.97222218,0.2953333333333334,27.7,2,5.1764362714980825,70.66250196097344,20,0,2,-0.8660254037844386,0.5000000000000001,0.0,1.0,0.8660254037844386,0.5000000000000001,0.0,2.25,44.75,12.55,27.325000000000003,100.0,72.0,-4.45,3.4911904,0.575,0.0,19.224074066666667,26.65,25.9,25.183333333333334,24.85,27.816666666666663,-18.676888846666667,-0.0277778266666679,-0.0739999999999999,0.3693333333333333,0.264,18.94259257222222,0.3868888888888904,4.5045795,4.3409405,4.1829424,4.1033854,4.591241,0,0.0,1,1.0,-0.94,23.6,76.4
2023-02-27 20:30:00,349.4035233,110.947784144444,111.013614911108,19.224074066666667,0.264,27.816666666666663,2,5.1764362714980825,70.66250196097344,20,0,2,-0.8660254037844386,0.5000000000000001,0.0,1.0,0.8660254037844386,0.5000000000000001,0.0,0.75,30.58333333333333,13.2,28.05,100.0,75.0,-4.0,3.6116738,0.95,-0.1,19.12777781,27.7,26.65,25.9,25.183333333333334,27.85,-18.960074066666667,0.2518518866666674,-0.0313333333333333,0.2953333333333334,0.1206666666666666,19.06543208444445,0.3095555555555571,4.591241,4.5045795,4.3409405,4.1829424,4.570727,0,0.0,0,1.0,-0.88,21.4,78.6
2023-02-27 20:45:00,235.391972894442,140.951028433332,141.017692466664,19.12777781,0.1206666666666666,27.85,2,5.1764362714980825,70.66250196097344,20,0,2,-0.8660254037844386,0.5000000000000001,0.0,1.0,0.8660254037844386,0.5000000000000001,0.0,0.0,20.25,13.85,28.775,100.0,78.0,-3.55,3.7303147,1.325,-0.2,19.188888873333333,27.816666666666663,27.7,26.65,25.9,28.0,-19.007111143333336,-0.0962962566666654,-0.1433333333333333,0.264,0.2326666666666667,19.10802468555556,0.2266666666666682,4.570727,4.591241,4.5045795,4.3409405,4.6119285,0,0.0,0,1.0,-0.9,22.2,77.8
2023-02-27 21:00:00,242.336139683326,136.464541216666,136.532594111108,19.188888873333333,0.2326666666666667,28.0,2,5.1764362714980825,70.66250196097344,21,0,2,-0.7071067811865477,0.7071067811865474,0.0,1.0,0.8660254037844386,0.5000000000000001,0.0,0.0,13.75,14.5,29.5,100.0,81.0,-3.1,3.8471317,1.7,-0.3,19.33888889,27.85,27.816666666666663,27.7,26.65,27.7,-18.956222206666663,0.0611110633333318,0.112,0.1206666666666666,0.244,19.180246916666665,0.2057777777777793,4.6119285,4.570727,4.591241,4.5045795,4.6030016,0,0.0,0,1.0,-0.89,21.6,78.4
2023-02-27 21:15:00,142.549853411108,20.593620655556,20.64945182222,19.33888889,0.244,27.7,1,5.1764362714980825,70.66250196097344,21,0,2,-0.7071067811865477,0.7071067811865474,0.0,1.0,0.8660254037844386,0.5000000000000001,0.0,0.0,8.625,15.125,31.025,100.0,81.25,-3.0,3.8790448,1.75,-0.2249999999999999,19.07777782,28.0,27.85,27.816666666666663,27.7,28.15,-19.09488889,0.1500000166666666,0.0113333333333333,0.2326666666666667,0.2493333333333333,19.21851852444445,0.1991111111111126,4.6030016,4.6119285,4.570727,4.591241,4.6063604,0,0.0,1,1.0,-0.86,20.4,79.6
2023-02-27 21:30:00,250.093051361114,137.464778955556,137.53088746110998,19.07777782,0.2493333333333333,28.15,2,5.1764362714980825,70.66250196097344,21,0,2,-0.7071067811865477,0.7071067811865474,0.0,1.0,0.8660254037844386,0.5000000000000001,0.0,0.0,4.875,15.75,32.55,100.0,81.5,-2.9000000000000004,3.911173,1.7999999999999998,-0.15,19.2611111,27.7,28.0,27.85,27.816666666666663,28.45,-18.82844448666667,-0.2611110699999983,0.0053333333333333,0.244,0.1966666666666666,19.201851861111116,0.2420000000000015,4.6063604,4.6030016,4.6119285,4.570727,4.7060304,0,0.0,1,1.0,-0.91,22.6,77.4
2023-02-27 21:45:00,248.209237966664,139.555250949998,139.623859372218,19.2611111,0.1966666666666666,28.45,2,5.1764362714980825,70.66250196097344,21,0,2,-0.7071067811865477,0.7071067811865474,0.0,1.0,0.8660254037844386,0.5000000000000001,0.0,0.0,2.5,16.375,34.075,100.0,81.75,-2.8000000000000003,3.943517,1.85,-0.0749999999999999,19.47777776666667,28.15,27.7,28.0,27.85,28.03333333333333,-19.064444433333332,0.1833332799999993,-0.0526666666666666,0.2493333333333333,0.2,19.22592593666667,0.2300000000000015,4.7060304,4.6063604,4.6030016,4.6119285,4.696611,0,0.0,0,1.0,-0.87,20.9,79.1
2023-02-27 22:00:00,245.405739077772,135.2045916,135.273755549998,19.47777776666667,0.2,28.03333333333333,2,5.1764362714980825,70.66250196097344,22,0,2,-0.5000000000000004,0.8660254037844384,0.0,1.0,0.8660254037844386,0.5000000000000001,0.0,0.0,1.5,17.0,35.6,100.0,82.0,-2.7,3.976078,1.9,-0.0,19.57222223,28.45,28.15,27.7,28.0,27.95,-19.27777776666667,0.2166666666666685,0.0033333333333333,0.1966666666666666,0.2333333333333333,19.272222228888893,0.2153333333333349,4.696611,4.7060304,4.6063604,4.6030016,4.7087154,0,0.0,0,1.0,-0.82,19.2,80.8
2023-02-27 22:15:00,152.857774544436,37.037129555556,37.096571694442,19.57222223,0.2333333333333333,27.95,1,5.1764362714980825,70.66250196097344,22,0,2,-0.5000000000000004,0.8660254037844384,0.0,1.0,0.8660254037844386,0.5000000000000001,0.0,0.0,0.75,16.85,36.05,100.0,80.75,-2.9000000000000004,3.9154673,1.575,0.0,19.32222224,28.03333333333333,28.45,28.15,27.7,27.716666666666665,-19.338888896666667,0.0944444633333319,0.0333333333333333,0.2,0.2066666666666666,19.437037032222225,0.2100000000000015,4.7087154,4.696611,4.7060304,4.6063604,4.6012535,0,0.0,1,1.0,-0.8,18.5,81.5
2023-02-27 22:30:00,193.037000394446,89.456421566668,89.520863472222,19.32222224,0.2066666666666666,27.716666666666665,2,5.1764362714980825,70.66250196097344,22,0,2,-0.5000000000000004,0.8660254037844384,0.0,1.0,0.8660254037844386,0.5000000000000001,0.0,0.0,0.25,16.7,36.5,100.0,79.5,-3.1,3.8548563,1.25,0.0,19.29999999,27.95,28.03333333333333,28.45,28.15,28.3,-19.11555557333333,-0.2499999900000027,-0.0266666666666666,0.2333333333333333,0.3466666666666667,19.457407412222224,0.2133333333333349,4.6012535,4.7087154,4.696611,4.7060304,4.6919513,0,0.0,1,1.0,-0.86,20.6,79.4
2023-02-27 22:45:00,266.283237061114,157.046495655556,157.117603911112,19.29999999,0.3466666666666667,28.3,2,5.1764362714980825,70.66250196097344,22,0,2,-0.5000000000000004,0.8660254037844384,0.0,1.0,0.8660254037844386,0.5000000000000001,0.0,0.0,0.0,16.55,36.95,100.0,78.25,-3.3,3.7942452,0.925,0.0,19.44814815,27.716666666666665,27.95,28.03333333333333,28.45,27.85,-18.95333332333333,-0.0222222499999986,0.14,0.2066666666666666,0.5446666666666666,19.39814815333333,0.2622222222222237,4.6919513,4.6012535,4.7087154,4.696611,4.657774,0,0.0,0,1.0,-0.86,20.6,79.4
2023-02-27 23:00:00,162.620161699996,99.823229127778,99.861561011108,19.44814815,0.5446666666666666,27.85,2,5.1764362714980825,70.66250196097344,23,0,2,-0.2588190451025215,0.965925826289068,0.0,1.0,0.8660254037844386,0.5000000000000001,0.0,0.0,0.0,16.4,37.4,100.0,77.0,-3.5,3.733634,0.6,0.0,19.25000002,28.3,27.716666666666665,27.95,28.03333333333333,27.85,-18.903481483333334,0.1481481600000016,0.1979999999999999,0.3466666666666667,0.712,19.356790126666667,0.3660000000000016,4.657774,4.6919513,4.6012535,4.7087154,4.6037674,0,0.0,0,1.0,-0.83,19.5,80.5
2023-02-27 23:15:00,183.581823149998,138.441684311112,138.461128033332,19.25000002,0.712,27.85,2,5.1764362714980825,70.66250196097344,23,0,2,-0.2588190451025215,0.965925826289068,0.0,1.0,0.8660254037844386,0.5000000000000001,0.0,0.0,0.0,15.95,36.775,100.0,77.25,-3.525,3.7264428,0.55,-0.075,19.36296293,27.85,28.3,27.716666666666665,27.95,27.816666666666663,-18.53800002,-0.1981481299999998,0.1673333333333333,0.5446666666666666,0.55,19.33271605333333,0.5344444444444459,4.6037674,4.657774,4.6919513,4.6012535,4.628942,0,0.0,0,1.0,-0.87,21.2,78.8
2023-02-27 23:30:00,89.932235933332,27.983880600000003,27.991380366664,19.36296293,0.55,27.816666666666663,1,5.1764362714980825,70.66250196097344,23,0,2,-0.2588190451025215,0.965925826289068,0.0,1.0,0.8660254037844386,0.5000000000000001,0.0,0.0,0.0,15.5,36.15,100.0,77.5,-3.55,3.7192135,0.5,-0.15,19.25555556,27.85,27.85,28.3,27.716666666666665,27.55,-18.81296293,0.1129629099999967,-0.1619999999999999,0.712,0.544,19.3537037,0.6022222222222238,4.628942,4.6037674,4.657774,4.6919513,4.555667,0,0.0,1,1.0,-0.85,20.2,79.8
2023-02-27 23:45:00,141.19879632222,103.8075142,103.823902527774,19.25555556,0.544,27.55,2,5.1764362714980825,70.66250196097344,23,0,2,-0.2588190451025215,0.965925826289068,0.0,1.0,0.8660254037844386,0.5000000000000001,0.0,0.0,0.0,15.05,35.525,100.0,77.75,-3.575,3.7119474,0.45,-0.225,19.32037036,27.816666666666663,27.85,27.85,28.3,27.78333333333333,-18.71155556,-0.1074073699999971,-0.006,0.55,0.4033333333333333,19.28950617,0.6020000000000015,4.555667,4.628942,4.6037674,4.657774,4.6118183,0,0.0,1,1.0,-0.88,21.2,78.8
2023-02-28 00:00:00,462.08846013889,129.499541994446,129.518430155556,19.32037036,0.4033333333333333,27.78333333333333,2,5.1764362714980825,70.66250196097344,0,1,2,0.0,1.0,0.7818314824680298,0.6234898018587336,0.8660254037844386,0.5000000000000001,0.0,0.0,0.0,14.6,34.9,100.0,78.0,-3.6,3.7046454,0.4,-0.3,19.47222222,27.55,27.816666666666663,27.85,27.85,27.2,-18.91703702666667,0.0648148000000006,-0.1406666666666667,0.544,0.1186666666666666,19.312962950000003,0.4991111111111126,4.6118183,4.555667,4.628942,4.6037674,4.555509,0,0.0,0,1.0,-0.86,20.6,79.4
2023-02-28 00:15:00,87.43455814444,20.728615272222,20.733337366664,19.47222222,0.1186666666666666,27.2,1,5.1764362714980825,70.66250196097344,0,1,2,0.0,1.0,0.7818314824680298,0.6234898018587336,0.8660254037844386,0.5000000000000001,0.0,0.0,0.0,14.925,34.55,100.0,77.0,-3.8,3.650839,0.325,-0.325,19.24074072,27.78333333333333,27.55,27.816666666666663,27.85,27.466666666666665,-19.353555553333333,0.1518518599999971,-0.2846666666666666,0.4033333333333333,-0.2993333333333333,19.34938271333333,0.3553333333333349,4.555509,4.6118183,4.555667,4.628942,4.5379243,0,0.0,1,1.0,-0.83,19.4,80.6
2023-02-28 00:30:00,224.710455705554,129.193720944444,129.23455266111,19.24074072,-0.2993333333333333,27.466666666666665,2,5.1764362714980825,70.66250196097344,0,1,2,0.0,1.0,0.7818314824680298,0.6234898018587336,0.8660254037844386,0.5000000000000001,0.0,0.0,0.0,15.25,34.2,100.0,76.0,-4.0,3.5972054,0.25,-0.35,19.42777777,27.2,27.78333333333333,27.55,27.816666666666663,27.45,-19.54007405333333,-0.2314814999999974,-0.418,0.1186666666666666,-0.3926666666666667,19.344444433333337,0.0742222222222237,4.5379243,4.555509,4.6118183,4.555667,4.5853796,0,0.0,1,1.0,-0.88,21.3,78.7
2023-02-28 00:45:00,146.062768455552,94.4095568,94.422889666664,19.42777777,-0.3926666666666667,27.45,2,5.1764362714980825,70.66250196097344,0,1,2,0.0,1.0,0.7818314824680298,0.6234898018587336,0.8660254037844386,0.5000000000000001,0.0,0.0,0.0,15.575,33.85,100.0,75.0,-4.2,3.5437453,0.175,-0.375,19.481481483333333,27.466666666666665,27.2,27.78333333333333,27.55,27.03333333333333,-19.820444436666666,0.1870370499999971,-0.0933333333333333,-0.2993333333333333,-0.5213333333333333,19.380246903333333,-0.1911111111111095,4.5853796,4.5379243,4.555509,4.6118183,4.5300612,0,0.0,0,1.0,-0.84,19.7,80.3
2023-02-28 01:00:00,125.251378727774,65.928751627778,65.93597362222,19.481481483333333,-0.5213333333333333,27.03333333333333,1,5.1764362714980825,70.66250196097344,1,1,2,0.2588190451025207,0.9659258262890684,0.7818314824680298,0.6234898018587336,0.8660254037844386,0.5000000000000001,0.0,0.0,0.0,15.9,33.5,100.0,74.0,-4.4,3.4904578,0.1,-0.4,19.33888888,27.45,27.466666666666665,27.2,27.78333333333333,27.3,-20.002814816666667,0.0537037133333342,-0.1286666666666666,-0.3926666666666667,-0.5973333333333334,19.383333324444447,-0.4044444444444429,4.5300612,4.5853796,4.5379243,4.555509,4.536532,0,0.0,1,1.0,-0.83,19.4,80.6
2023-02-28 01:15:00,190.15711566111,140.551322155556,140.5643772,19.33888888,-0.5973333333333334,27.3,2,5.1764362714980825,70.66250196097344,1,1,2,0.2588190451025207,0.9659258262890684,0.7818314824680298,0.6234898018587336,0.8660254037844386,0.5000000000000001,0.0,0.0,0.0,15.75,33.675,100.0,74.25,-4.425000000000001,3.4901607,0.1,-0.45,19.540740780000004,27.03333333333333,27.45,27.466666666666665,27.2,27.03333333333333,-19.93622221333333,-0.142592603333334,-0.076,-0.5213333333333333,-0.59,19.416049377777775,-0.5037777777777762,4.536532,4.5300612,4.5853796,4.5379243,4.5458684,0,0.0,1,1.0,-0.86,20.5,79.5
2023-02-28 01:30:00,94.943146655552,33.846423872222,33.852257038886,19.540740780000004,-0.59,27.03333333333333,1,5.1764362714980825,70.66250196097344,1,1,2,0.2588190451025207,0.9659258262890684,0.7818314824680298,0.6234898018587336,0.8660254037844386,0.5000000000000001,0.0,0.0,0.0,15.6,33.85,100.0,74.5,-4.45,3.489819,0.1,-0.5,19.35555558,27.3,27.03333333333333,27.45,27.466666666666665,27.05,-20.130740780000004,0.2018519000000047,0.0073333333333334,-0.5973333333333334,-0.5933333333333334,19.453703714444448,-0.5695555555555539,4.5458684,4.536532,4.5300612,4.5853796,4.4994006,0,0.0,1,1.0,-0.81,18.9,81.1
2023-02-28 01:45:00,152.749167638886,93.463205772222,93.474594233332,19.35555558,-0.5933333333333334,27.05,2,5.1764362714980825,70.66250196097344,1,1,2,0.2588190451025207,0.9659258262890684,0.7818314824680298,0.6234898018587336,0.8660254037844386,0.5000000000000001,0.0,0.0,0.0,15.45,34.025000000000006,100.0,74.75,-4.475,3.4894333,0.1,-0.55,19.348148153333334,27.03333333333333,27.3,27.03333333333333,27.45,27.28333333333333,-19.94888891333333,-0.1851852000000029,-0.0033333333333334,-0.59,-0.5866666666666667,19.411728413333336,-0.5935555555555541,4.4994006,4.5458684,4.536532,4.5300612,4.536234,0,0.0,1,1.0,-0.85,20.4,79.6
2023-02-28 02:00:00,177.091804911112,136.334824155556,136.353712333332,19.348148153333334,-0.5866666666666667,27.28333333333333,2,5.1764362714980825,70.66250196097344,2,1,2,0.4999999999999999,0.8660254037844387,0.7818314824680298,0.6234898018587336,0.8660254037844386,0.5000000000000001,0.0,0.0,0.0,15.3,34.2,100.0,75.0,-4.5,3.4890034,0.1,-0.6,19.52777782,27.05,27.03333333333333,27.3,27.03333333333333,27.0,-19.93481482,-0.007407426666667,0.0066666666666667,-0.5933333333333334,-0.5700000000000001,19.41481483777778,-0.5899999999999984,4.536234,4.4994006,4.5458684,4.536532,4.5368066,0,0.0,0,1.0,-0.86,20.4,79.6
2023-02-28 02:15:00,65.959861599996,27.4614015,27.46945684444,19.52777782,-0.5700000000000001,27.0,1,5.1764362714980825,70.66250196097344,2,1,2,0.4999999999999999,0.8660254037844387,0.7818314824680298,0.6234898018587336,0.8660254037844386,0.5000000000000001,0.0,0.0,0.0,14.95,33.85,100.0,75.25,-4.425,3.5066993,0.1,-0.575,19.29629632,27.28333333333333,27.05,27.03333333333333,27.3,27.183333333333334,-20.09777782,0.179629666666667,0.0166666666666666,-0.5866666666666667,-0.542,19.410493851111116,-0.5833333333333318,4.5368066,4.536234,4.4994006,4.5458684,4.5058327,0,0.0,1,1.0,-0.82,19.0,81.0
2023-02-28 02:30:00,184.088191811108,131.1805859,131.199196355552,19.29629632,-0.542,27.183333333333334,2,5.1764362714980825,70.66250196097344,2,1,2,0.4999999999999999,0.8660254037844387,0.7818314824680298,0.6234898018587336,0.8660254037844386,0.5000000000000001,0.0,0.0,0.0,14.6,33.5,100.0,75.5,-4.35,3.5244443,0.1,-0.55,19.43333334,27.0,27.28333333333333,27.05,27.03333333333333,27.15,-19.83829632,-0.231481500000001,0.028,-0.5700000000000001,-0.6533333333333334,19.39074076444445,-0.5662222222222207,4.5058327,4.5368066,4.536234,4.4994006,4.536748,0,0.0,1,1.0,-0.87,20.9,79.1
2023-02-28 02:45:00,124.875838249994,70.183303688888,70.195247711108,19.43333334,-0.6533333333333334,27.15,1,5.1764362714980825,70.66250196097344,2,1,2,0.4999999999999999,0.8660254037844387,0.7818314824680298,0.6234898018587336,0.8660254037844386,0.5000000000000001,0.0,0.0,0.0,14.25,33.15,100.0,75.75,-4.275,3.5422397,0.1,-0.525,19.37777779,27.183333333333334,27.0,27.28333333333333,27.05,27.0,-20.086666673333333,0.137037020000001,-0.1113333333333334,-0.542,-0.5653333333333334,19.419135826666672,-0.588444444444443,4.536748,4.5058327,4.5368066,4.536234,4.496961,0,0.0,1,1.0,-0.84,19.8,80.2
2023-02-28 03:00:00,97.188056772222,60.317031672222,60.32703132222,19.37777779,-0.5653333333333334,27.0,1,5.1764362714980825,70.66250196097344,3,1,2,0.7071067811865476,0.7071067811865476,0.7818314824680298,0.6234898018587336,0.8660254037844386,0.5000000000000001,0.0,0.0,0.0,13.9,32.8,100.0,76.0,-4.2,3.5600839,0.1,-0.5,19.19444447,27.15,27.183333333333334,27.0,27.28333333333333,27.3,-19.94311112333333,-0.0555555500000011,0.088,-0.6533333333333334,-0.4146666666666666,19.369135816666667,-0.5868888888888874,4.496961,4.536748,4.5058327,4.5368066,4.498102,0,0.0,0,1.0,-0.85,20.2,79.8
2023-02-28 03:15:00,189.0474378,144.866149572222,144.885871033332,19.19444447,-0.4146666666666666,27.3,2,5.1764362714980825,70.66250196097344,3,1,2,0.7071067811865476,0.7071067811865476,0.7818314824680298,0.6234898018587336,0.8660254037844386,0.5000000000000001,0.0,0.0,0.0,13.65,31.975,100.0,76.0,-4.1,3.5847945,0.075,-0.4,19.44629627333333,27.0,27.15,27.183333333333334,27.0,27.03333333333333,-19.609111136666662,-0.1833333199999991,0.1506666666666667,-0.5653333333333334,-0.41,19.3351852,-0.544444444444443,4.498102,4.496961,4.536748,4.5058327,4.5206976,0,0.0,1,1.0,-0.89,21.7,78.3
2023-02-28 03:30:00,67.119537427774,27.37918253889,27.386404533332,19.44629627333333,-0.41,27.03333333333333,1,5.1764362714980825,70.66250196097344,3,1,2,0.7071067811865476,0.7071067811865476,0.7818314824680298,0.6234898018587336,0.8660254037844386,0.5000000000000001,0.0,0.0,0.0,13.4,31.15,100.0,76.0,-4.0,3.6096547,0.05,-0.3,19.26666669,27.3,27.0,27.15,27.183333333333334,27.05,-19.85629627333333,0.2518518033333343,0.0046666666666665,-0.4146666666666666,-0.354,19.33950617777778,-0.4633333333333317,4.5206976,4.498102,4.496961,4.536748,4.4759145,0,0.0,1,1.0,-0.83,19.7,80.3
2023-02-28 03:45:00,151.641711888888,101.471496527778,101.487329277776,19.26666669,-0.354,27.05,2,5.1764362714980825,70.66250196097344,3,1,2,0.7071067811865476,0.7071067811865476,0.7818314824680298,0.6234898018587336,0.8660254037844386,0.5000000000000001,0.0,0.0,0.0,13.15,30.325,100.0,76.0,-3.9,3.6346657,0.0249999999999999,-0.1999999999999999,19.24814817333333,27.03333333333333,27.3,27.0,27.15,27.466666666666665,-19.62066669,-0.1796295833333339,0.0559999999999999,-0.41,-0.4426666666666667,19.302469144444448,-0.3928888888888873,4.4759145,4.5206976,4.498102,4.496961,4.539906,0,0.0,1,1.0,-0.88,21.2,78.8
2023-02-28 04:00:00,197.42071402222,144.3883909,144.408390116666,19.24814817333333,-0.4426666666666667,27.466666666666665,2,5.1764362714980825,70.66250196097344,4,1,2,0.8660254037844386,0.5000000000000001,0.7818314824680298,0.6234898018587336,0.8660254037844386,0.5000000000000001,0.0,0.0,0.0,12.9,29.5,100.0,76.0,-3.8,3.6598294,0.0,-0.1,19.36111112,27.05,27.03333333333333,27.3,27.0,27.2,-19.69081484,-0.018518516666667,-0.0886666666666666,-0.354,-0.578,19.32037037888889,-0.4022222222222207,4.539906,4.4759145,4.5206976,4.498102,4.5258307,0,0.0,0,1.0,-0.88,21.2,78.8
2023-02-28 04:15:00,142.138203227774,101.632323411112,101.647600633332,19.36111112,-0.578,27.2,2,5.1764362714980825,70.66250196097344,4,1,2,0.8660254037844386,0.5000000000000001,0.7818314824680298,0.6234898018587336,0.8660254037844386,0.5000000000000001,0.0,0.0,0.0,12.725,28.875,100.0,77.0,-3.65,3.7079852,0.075,-0.1,19.15000000666667,27.466666666666665,27.05,27.03333333333333,27.3,27.466666666666665,-19.93911112,0.1129629466666664,-0.1353333333333332,-0.4426666666666667,-0.606,19.29197532777778,-0.4582222222222207,4.5258307,4.539906,4.4759145,4.5206976,4.513724,0,0.0,0,1.0,-0.85,20.3,79.7
2023-02-28 04:30:00,182.442424361106,144.706433711112,144.725877416666,19.15000000666667,-0.606,27.466666666666665,2,5.1764362714980825,70.66250196097344,4,1,2,0.8660254037844386,0.5000000000000001,0.7818314824680298,0.6234898018587336,0.8660254037844386,0.5000000000000001,0.0,0.0,0.0,12.55,28.25,100.0,78.0,-3.5,3.7561405,0.15,-0.1,19.38333334,27.2,27.466666666666665,27.05,27.03333333333333,27.15,-19.75600000666667,-0.211111113333331,-0.028,-0.578,-0.5386666666666666,19.253086433333337,-0.5422222222222207,4.513724,4.5258307,4.539906,4.4759145,4.5234227,0,0.0,0,1.0,-0.9,22.1,77.9
2023-02-28 04:45:00,86.60959106111,41.406399211112,41.413343449998,19.38333334,-0.5386666666666666,27.15,1,5.1764362714980825,70.66250196097344,4,1,2,0.8660254037844386,0.5000000000000001,0.7818314824680298,0.6234898018587336,0.8660254037844386,0.5000000000000001,0.0,0.0,0.0,12.375,27.625,100.0,79.0,-3.35,3.8042963,0.225,-0.1,19.24259259,27.466666666666665,27.2,27.466666666666665,27.05,27.183333333333334,-19.922000006666668,0.2333333333333307,0.0673333333333333,-0.606,-0.5726666666666667,19.298148155555555,-0.5742222222222205,4.5234227,4.513724,4.5258307,4.539906,4.4916034,0,0.0,1,1.0,-0.85,20.2,79.8
2023-02-28 05:00:00,144.100346938886,85.302976644444,85.315753966664,19.24259259,-0.5726666666666667,27.183333333333334,2,5.1764362714980825,70.66250196097344,5,1,2,0.9659258262890684,0.2588190451025207,0.7818314824680298,0.6234898018587336,0.8660254037844386,0.5000000000000001,0.0,0.0,0.0,12.2,27.0,100.0,80.0,-3.2,3.852452,0.3,-0.1,19.20555556,27.15,27.466666666666665,27.2,27.466666666666665,27.45,-19.815259256666668,-0.140740749999999,-0.034,-0.5386666666666666,-0.496,19.25864197888889,-0.5724444444444429,4.4916034,4.5234227,4.513724,4.5258307,4.5257792,0,0.0,1,1.0,-0.88,21.3,78.7
2023-02-28 05:15:00,199.810340616666,155.26656683889,155.287399305558,19.20555556,-0.496,27.45,2,5.1764362714980825,70.66250196097344,5,1,2,0.9659258262890684,0.2588190451025207,0.7818314824680298,0.6234898018587336,0.8660254037844386,0.5000000000000001,0.0,0.0,0.0,12.625,27.45,100.0,80.5,-3.125,3.8698514,0.375,-0.125,19.4925926,27.183333333333334,27.15,27.466666666666665,27.2,27.03333333333333,-19.70155556,-0.0370370300000004,0.0766666666666666,-0.5726666666666667,-0.4573333333333333,19.277160496666667,-0.5357777777777762,4.5257792,4.4916034,4.5234227,4.513724,4.5330215,0,0.0,0,1.0,-0.89,21.6,78.4
2023-02-28 05:30:00,50.105495749998,0.0,0.0,19.4925926,-0.4573333333333333,27.03333333333333,0,5.1764362714980825,70.66250196097344,5,1,2,0.9659258262890684,0.2588190451025207,0.7818314824680298,0.6234898018587336,0.8660254037844386,0.5000000000000001,0.0,0.0,0.0,13.05,27.9,100.0,81.0,-3.05,3.887178,0.4499999999999999,-0.15,19.2222222,27.45,27.183333333333334,27.15,27.466666666666665,27.35,-19.949925933333336,0.2870370400000013,0.0386666666666666,-0.496,-0.2893333333333333,19.31358025,-0.5086666666666652,4.5330215,4.5257792,4.4916034,4.5234227,4.5137224,1,1.0,1,0.75,-0.82,19.3,80.7
2023-02-28 05:45:00,163.51207042222,120.256300672222,120.274077794442,19.2222222,-0.2893333333333333,27.35,2,5.1764362714980825,70.66250196097344,5,1,2,0.9659258262890684,0.2588190451025207,0.7818314824680298,0.6234898018587336,0.8660254037844386,0.5000000000000001,0.0,0.0,0.0,13.475,28.35,100.0,81.5,-2.975,3.9044316,0.525,-0.175,19.316666653333336,27.03333333333333,27.45,27.183333333333334,27.15,27.316666666666663,-19.51155553333333,-0.2703704000000044,0.168,-0.4573333333333333,-0.2886666666666667,19.30679012,-0.4142222222222207,4.5137224,4.5330215,4.5257792,4.4916034,4.533368,0,1.0,1,0.75,-0.88,21.5,78.5
2023-02-28 06:00:00,148.274346605554,91.759107255556,91.772717827778,19.316666653333336,-0.2886666666666667,27.316666666666663,2,5.1764362714980825,70.66250196097344,6,1,2,1.0,6.123233995736766e-17,0.7818314824680298,0.6234898018587336,0.8660254037844386,0.5000000000000001,0.0,0.0,0.0,13.9,28.8,100.0,82.0,-2.9,3.9216135,0.6,-0.2,19.36111109,27.35,27.03333333333333,27.45,27.183333333333334,27.05,-19.605333320000003,0.0944444533333381,0.0006666666666666,-0.2893333333333333,-0.3353333333333333,19.343827151111118,-0.3451111111111096,4.533368,4.5137224,4.5330215,4.5257792,4.500872,0,1.0,0,0.75,-0.86,20.7,79.3
2023-02-28 06:15:00,383.066621122224,60.637852172222,60.648407349998,19.36111109,-0.3353333333333333,27.05,1,5.1764362714980825,70.66250196097344,6,1,2,1.0,6.123233995736766e-17,0.7818314824680298,0.6234898018587336,0.8660254037844386,0.5000000000000001,0.0,0.0,0.0,13.925,29.15,100.0,81.5,-2.95,3.911173,0.55,-0.15,19.207407386666667,27.316666666666663,27.35,27.03333333333333,27.45,27.466666666666665,-19.696444423333336,0.0444444366666658,-0.0466666666666666,-0.2886666666666667,-0.244,19.299999981111117,-0.3044444444444429,4.500872,4.533368,4.5137224,4.5330215,4.5290227,0,1.0,1,0.75,-0.85,20.4,79.6
2023-02-28 06:30:00,206.891723966668,153.259980455556,153.281368516666,19.207407386666667,-0.244,27.466666666666665,2,5.1764362714980825,70.66250196097344,6,1,2,1.0,6.123233995736766e-17,0.7818314824680298,0.6234898018587336,0.8660254037844386,0.5000000000000001,0.0,0.0,0.0,13.95,29.5,100.0,81.0,-3.0,3.9006073,0.5,-0.1,19.42222221,27.05,27.316666666666663,27.35,27.03333333333333,27.15,-19.451407386666663,-0.1537037033333348,0.0913333333333333,-0.3353333333333333,-0.1346666666666666,19.29506171,-0.2893333333333318,4.5290227,4.500872,4.533368,4.5137224,4.533784,0,0.0,1,1.0,-0.89,21.6,78.4
2023-02-28 06:45:00,47.915027872218005,11.069279444444,11.075112627774,19.42222221,-0.1346666666666666,27.15,1,5.1764362714980825,70.66250196097344,6,1,2,1.0,6.123233995736766e-17,0.7818314824680298,0.6234898018587336,0.8660254037844386,0.5000000000000001,0.0,0.0,0.0,13.975,29.85,100.0,80.5,-3.05,3.8899171,0.45,-0.0499999999999999,19.19999998333333,27.466666666666665,27.05,27.316666666666663,27.35,27.183333333333334,-19.556888876666665,0.2148148233333309,0.1093333333333333,-0.244,0.02,19.33024689555556,-0.2379999999999984,4.533784,4.5290227,4.500872,4.533368,4.4803457,0,0.0,1,1.0,-0.84,19.9,80.1
2023-02-28 07:00:00,169.79320808333,130.85254352222,130.873098333328,19.19999998333333,0.02,27.183333333333334,2,5.1764362714980825,70.66250196097344,7,1,2,0.9659258262890684,-0.2588190451025206,0.7818314824680298,0.6234898018587336,0.8660254037844386,0.5000000000000001,0.0,0.0,0.0,14.0,30.2,100.0,80.0,-3.1,3.879101,0.4,-0.0,19.29444445,27.15,27.466666666666665,27.05,27.316666666666663,27.5,-19.17999998333333,-0.2222222266666627,0.1546666666666666,-0.1346666666666666,-0.0773333333333333,19.27654319333333,-0.119555555555554,4.4803457,4.533784,4.5290227,4.500872,4.557826,0,0.0,1,1.0,-0.89,21.7,78.3
2023-02-28 07:15:00,171.494528994438,126.6391009,126.658544605554,19.29444445,-0.0773333333333333,27.5,2,5.1764362714980825,70.66250196097344,7,1,2,0.9659258262890684,-0.2588190451025206,0.7818314824680298,0.6234898018587336,0.8660254037844386,0.5000000000000001,0.0,0.0,0.0,14.275,30.125,100.0,79.5,-3.125,3.8681579,0.425,0.05,19.183333346666664,27.183333333333334,27.15,27.466666666666665,27.05,27.5,-19.37177778333333,0.0944444666666655,-0.0973333333333333,0.02,-0.124,19.30555554777778,-0.0639999999999984,4.557826,4.4803457,4.533784,4.5290227,4.5280905,0,0.0,0,1.0,-0.87,20.8,79.2
2023-02-28 07:30:00,156.87066943888598,108.62537706111,108.643431938886,19.183333346666664,-0.124,27.5,2,5.1764362714980825,70.66250196097344,7,1,2,0.9659258262890684,-0.2588190451025206,0.7818314824680298,0.6234898018587336,0.8660254037844386,0.5000000000000001,0.0,0.0,0.0,14.55,30.05,100.0,79.0,-3.1500000000000004,3.8570864,0.45,0.1,19.14444446,27.5,27.183333333333334,27.15,27.466666666666665,27.45,-19.307333346666663,-0.1111111033333358,-0.0466666666666666,-0.0773333333333333,-0.132,19.22592592666667,-0.0604444444444428,4.5280905,4.557826,4.4803457,4.533784,4.5095086,0,0.0,0,1.0,-0.89,21.8,78.2
2023-02-28 07:45:00,168.46437232222,119.042460327778,119.061070733332,19.14444446,-0.132,27.45,2,5.1764362714980825,70.66250196097344,7,1,2,0.9659258262890684,-0.2588190451025206,0.7818314824680298,0.6234898018587336,0.8660254037844386,0.5000000000000001,0.0,0.0,0.0,14.825,29.975,100.0,78.5,-3.1750000000000003,3.8458886,0.475,0.15,19.32407406333333,27.5,27.5,27.183333333333334,27.15,27.03333333333333,-19.27644446,-0.0388888866666654,-0.0079999999999999,-0.124,0.192,19.20740741888889,-0.1111111111111095,4.5095086,4.5280905,4.557826,4.4803457,4.488304,0,0.0,0,1.0,-0.9,22.1,77.9
2023-02-28 08:00:00,75.33698656666,29.2471634,29.256329766664,19.32407406333333,0.192,27.03333333333333,1,5.1764362714980825,70.66250196097344,8,1,2,0.8660254037844387,-0.4999999999999998,0.7818314824680298,0.6234898018587336,0.8660254037844386,0.5000000000000001,0.0,0.0,0.0,15.1,29.9,100.0,78.0,-3.2,3.8345609,0.5,0.2,19.07222223,27.45,27.5,27.5,27.183333333333334,27.35,-19.13207406333333,0.1796296033333355,0.324,-0.132,0.454,19.217283956666662,-0.0213333333333317,4.488304,4.5095086,4.5280905,4.557826,4.473985,0,0.0,1,1.0,-0.86,20.7,79.3
2023-02-28 08:15:00,165.606986522224,129.420378544444,129.439822233332,19.07222223,0.454,27.35,2,5.1764362714980825,70.66250196097344,8,1,2,0.8660254037844387,-0.4999999999999998,0.7818314824680298,0.6234898018587336,0.8660254037844386,0.5000000000000001,3.5,0.875,0.2916666666666667,15.2,30.425,100.0,78.75,-3.1750000000000003,3.8448803,0.675,0.1,19.309259246666667,27.03333333333333,27.45,27.5,27.5,27.316666666666663,-18.61822223,-0.2518518333333333,0.262,0.192,0.4213333333333333,19.18024691777778,0.1713333333333349,4.473985,4.488304,4.5095086,4.5280905,4.5313907,0,0.0,1,1.0,-0.92,22.8,77.2
2023-02-28 08:30:00,115.949528516666,71.256871827778,71.26853806111001,19.309259246666667,0.4213333333333333,27.316666666666663,2,5.1764362714980825,70.66250196097344,8,1,2,0.8660254037844387,-0.4999999999999998,0.7818314824680298,0.6234898018587336,0.8660254037844386,0.5000000000000001,7.0,2.625,0.875,15.3,30.95,100.0,79.5,-3.1500000000000004,3.8548563,0.85,0.0,19.28888888,27.35,27.03333333333333,27.45,27.5,27.5,-18.887925913333333,0.2370370166666653,-0.0326666666666666,0.454,0.508,19.23518518,0.3557777777777793,4.5313907,4.473985,4.488304,4.5095086,4.5563345,0,0.0,0,1.0,-0.86,20.8,79.2
2023-02-28 08:45:00,1243.924407683334,75.494202311112,75.511146133332,19.28888888,0.508,27.5,2,5.1764362714980825,70.66250196097344,8,1,2,0.8660254037844387,-0.4999999999999998,0.7818314824680298,0.6234898018587336,0.8660254037844386,0.5000000000000001,10.5,5.25,1.75,15.4,31.475,100.0,80.25,-3.125,3.864491,1.025,-0.1,19.087037056666667,27.316666666666663,27.35,27.03333333333333,27.45,29.266666666666666,-18.78088888,-0.0203703666666683,0.0866666666666666,0.4213333333333333,0.3573333333333333,19.223456785555555,0.4611111111111127,4.5563345,4.5313907,4.473985,4.488304,4.7917047,0,0.0,0,1.0,-0.87,20.9,79.1
2023-02-28 09:00:00,1258.401328616666,63.888833244444,63.90383266111,19.087037056666667,0.3573333333333333,29.266666666666666,1,5.1764362714980825,70.66250196097344,9,1,2,0.7071067811865476,-0.7071067811865475,0.7818314824680298,0.6234898018587336,0.8660254037844386,0.5000000000000001,14.0,8.75,2.9166666666666665,15.5,32.0,100.0,81.0,-3.1,3.8737884,1.2,-0.2,18.97222219,27.5,27.316666666666663,27.35,27.03333333333333,30.05,-18.729703723333333,-0.2018518233333317,-0.1506666666666666,0.508,0.37,19.22839506111111,0.4288888888888904,4.7917047,4.5563345,4.5313907,4.473985,4.8867373,0,0.0,1,1.0,-0.9,22.3,77.7
2023-02-28 09:15:00,1083.755259122224,44.6848792,44.699600844444,18.97222219,0.37,30.05,1,5.1764362714980825,70.66250196097344,9,1,2,0.7071067811865476,-0.7071067811865475,0.7818314824680298,0.6234898018587336,0.8660254037844386,0.5000000000000001,16.25,11.9375,4.270833333333333,15.95,33.175,100.0,80.0,-3.225,3.8325708,1.05,-0.175,18.81851848666667,29.266666666666666,27.5,27.316666666666663,27.35,30.83333333333333,-18.60222219,-0.1148148666666664,0.0126666666666666,0.3573333333333333,0.5086666666666667,19.116049375555555,0.4117777777777793,4.8867373,4.7917047,4.5563345,4.5313907,4.968807,0,0.0,0,1.0,-0.93,23.1,76.9
2023-02-28 09:30:00,204.09183608333,157.570085811112,157.593973755556,18.81851848666667,0.5086666666666667,30.83333333333333,2,5.1764362714980825,70.66250196097344,9,1,2,0.7071067811865476,-0.7071067811865475,0.7818314824680298,0.6234898018587336,0.8660254037844386,0.5000000000000001,18.5,14.8125,5.8125,16.4,34.35,100.0,79.0,-3.35,3.791198,0.8999999999999999,-0.15,19.14999997,30.05,29.266666666666666,27.5,27.316666666666663,31.75,-18.30985182,-0.1537037033333312,0.1386666666666667,0.37,0.7186666666666667,18.959259244444446,0.4120000000000015,4.968807,4.8867373,4.7917047,4.5563345,5.217624,0,0.0,1,1.0,-0.96,24.4,75.6
2023-02-28 09:45:00,131.821671438886,95.926718344444,95.94338436111,19.14999997,0.7186666666666667,31.75,2,5.1764362714980825,70.66250196097344,9,1,2,0.7071067811865476,-0.7071067811865475,0.7818314824680298,0.6234898018587336,0.8660254037844386,0.5000000000000001,20.75,17.375,7.541666666666667,16.85,35.525000000000006,100.0,78.0,-3.475,3.7496696,0.75,-0.125,19.20370368333333,30.83333333333333,30.05,29.266666666666666,27.5,30.883333333333333,-18.43133330333333,0.3314814833333308,0.2099999999999999,0.5086666666666667,0.9306666666666666,18.98024688222222,0.532444444444446,5.217624,4.968807,4.8867373,4.7917047,5.0912905,0,0.0,0,1.0,-0.88,21.2,78.8
2023-02-28 10:00:00,67.48174512222,24.791786072222,24.800396877776,19.20370368333333,0.9306666666666666,30.883333333333333,1,5.1764362714980825,70.66250196097344,10,1,2,0.4999999999999999,-0.8660254037844387,0.7818314824680298,0.6234898018587336,0.8660254037844386,0.5000000000000001,23.0,19.625,9.458333333333334,17.3,36.7,100.0,77.0,-3.6,3.7079852,0.6,-0.1,18.89999998,31.75,30.83333333333333,30.05,29.266666666666666,30.9,-18.273037016666667,0.0537037133333342,0.2119999999999999,0.7186666666666667,1.1773333333333331,19.057407380000004,0.7193333333333349,5.0912905,5.217624,4.968807,4.8867373,5.0035806,0,0.0,1,1.0,-0.87,20.9,79.1
2023-02-28 10:15:00,193.627254583334,131.528905283334,131.548348955556,18.89999998,1.1773333333333331,30.9,2,5.1764362714980825,70.66250196097344,10,1,2,0.4999999999999999,-0.8660254037844387,0.7818314824680298,0.6234898018587336,0.8660254037844386,0.5000000000000001,28.0,22.5625,11.791666666666666,17.775,37.975,100.0,76.5,-3.6,3.7093897,0.525,0.0,19.090740746666665,30.883333333333333,31.75,30.83333333333333,30.05,31.28333333333333,-17.722666646666667,-0.3037037033333334,0.2466666666666667,0.9306666666666666,1.3246666666666669,19.084567877777783,0.9422222222222238,5.0035806,5.0912905,5.217624,4.968807,5.123004,0,0.0,1,1.0,-0.94,23.6,76.4
2023-02-28 10:30:00,166.62166820000002,130.66838418888798,130.68866114444398,19.090740746666665,1.3246666666666669,31.28333333333333,2,5.1764362714980825,70.66250196097344,10,1,2,0.4999999999999999,-0.8660254037844387,0.7818314824680298,0.6234898018587336,0.8660254037844386,0.5000000000000001,33.0,26.1875,14.541666666666666,18.25,39.25,100.0,76.0,-3.6,3.7106144,0.4499999999999999,0.1,19.25000002,30.9,30.883333333333333,31.75,30.83333333333333,30.3,-17.76607408,0.1907407666666642,0.1473333333333333,1.1773333333333331,1.208,19.06481480333333,1.1442222222222238,5.123004,5.0035806,5.0912905,5.217624,5.008767,0,0.0,0,1.0,-0.89,21.8,78.2
2023-02-28 10:45:00,46.127321616662,10.173204155556,10.182648327774,19.25000002,1.208,30.3,1,5.1764362714980825,70.66250196097344,10,1,2,0.4999999999999999,-0.8660254037844387,0.7818314824680298,0.6234898018587336,0.8660254037844386,0.5000000000000001,38.0,30.5,17.708333333333332,18.725,40.525,100.0,75.5,-3.6,3.7116582,0.375,0.2,19.01851852,31.28333333333333,30.9,30.883333333333333,31.75,30.183333333333334,-18.042000020000003,0.1592592733333369,-0.1166666666666667,1.3246666666666669,1.068,19.08024691555556,1.236666666666668,5.008767,5.123004,5.0035806,5.0912905,4.9218507,0,0.0,1,1.0,-0.86,20.7,79.3
2023-02-28 11:00:00,186.545593527774,132.40637023333198,132.426369499996,19.01851852,1.068,30.183333333333334,2,5.1764362714980825,70.66250196097344,11,1,2,0.258819045102521,-0.9659258262890682,0.7818314824680298,0.6234898018587336,0.8660254037844386,0.5000000000000001,43.0,35.5,21.291666666666668,19.2,41.8,100.0,75.0,-3.6,3.7125185,0.3,0.3,19.1888889,30.3,31.28333333333333,30.9,30.883333333333333,30.4,-17.95051852,-0.231481500000001,-0.1399999999999999,1.208,1.18,19.11975309555556,1.200222222222224,4.9218507,5.008767,5.123004,5.0035806,5.007236,0,0.0,1,1.0,-0.92,22.7,77.3
2023-02-28 11:15:00,117.18559022222,64.757409583334,64.769075816666,19.1888889,1.18,30.4,1,5.1764362714980825,70.66250196097344,11,1,2,0.258819045102521,-0.9659258262890682,0.7818314824680298,0.6234898018587336,0.8660254037844386,0.5000000000000001,51.75,41.4375,25.3125,18.275,41.875,100.0,75.0,-3.45,3.7509658,0.25,0.45,19.144444433333334,30.183333333333334,30.3,31.28333333333333,30.9,29.75,-18.0088889,0.1703703799999978,0.1119999999999998,1.068,1.2153333333333334,19.152469146666665,1.1520000000000017,5.007236,4.9218507,5.008767,5.123004,4.8873544,0,0.0,1,1.0,-0.88,21.2,78.8
2023-02-28 11:30:00,108.326222427774,71.399088372222,71.412698994442,19.144444433333334,1.2153333333333334,29.75,2,5.1764362714980825,70.66250196097344,11,1,2,0.258819045102521,-0.9659258262890682,0.7818314824680298,0.6234898018587336,0.8660254037844386,0.5000000000000001,60.5,48.3125,29.77083333333333,17.35,41.95,100.0,75.0,-3.3,3.789763,0.2,0.6000000000000001,19.06666669,30.4,30.183333333333334,30.3,31.28333333333333,30.35,-17.9291111,-0.0444444666666647,0.0353333333333334,1.18,1.384,19.11728395111111,1.1544444444444462,4.8873544,5.007236,4.9218507,5.008767,4.9631066,0,0.0,1,1.0,-0.89,21.7,78.3
2023-02-28 11:45:00,208.024456538886,160.59302043889002,160.614964011112,19.06666669,1.384,30.35,2,5.1764362714980825,70.66250196097344,11,1,2,0.258819045102521,-0.9659258262890682,0.7818314824680298,0.6234898018587336,0.8660254037844386,0.5000000000000001,69.25,56.125,34.666666666666664,16.425,42.025,100.0,75.0,-3.15,3.8289118,0.15,0.75,19.355555523333333,29.75,30.4,30.183333333333334,30.3,30.5,-17.682666689999998,-0.0777777433333355,0.1686666666666665,1.2153333333333334,1.174,19.13333334111111,1.2597777777777794,4.9631066,4.8873544,5.007236,4.9218507,5.0732603,0,0.0,0,1.0,-0.9,22.2,77.8
2023-02-28 12:00:00,109.826717872222,66.1531871,66.165408894442,19.355555523333333,1.174,30.5,1,5.1764362714980825,70.66250196097344,12,1,2,1.2246467991473532e-16,-1.0,0.7818314824680298,0.6234898018587336,0.8660254037844386,0.5000000000000001,78.0,64.875,40.0,15.5,42.1,100.0,75.0,-3.0,3.8684154,0.1,0.9,19.23333334,30.35,29.75,30.4,30.183333333333334,30.5,-18.181555523333333,0.2888888333333348,-0.2099999999999999,1.384,1.188,19.188888882222223,1.2577777777777792,5.0732603,4.9631066,4.8873544,5.007236,5.036881,0,0.0,1,1.0,-0.84,19.8,80.2
2023-02-28 12:15:00,121.84929258333,70.155526983334,70.167470988888,19.23333334,1.188,30.5,1,5.1764362714980825,70.66250196097344,12,1,2,1.2246467991473532e-16,-1.0,0.7818314824680298,0.6234898018587336,0.8660254037844386,0.5000000000000001,79.75,71.875,45.29166666666666,15.65,40.675,100.0,75.25,-2.875,3.901261,0.1,0.975,19.07222223666667,30.5,30.35,29.75,30.4,30.683333333333334,-18.045333340000003,-0.1222221833333314,0.014,1.174,1.2693333333333332,19.218518517777778,1.248666666666668,5.036881,5.0732603,4.9631066,4.8873544,5.019261,0,0.0,0,1.0,-0.86,20.8,79.2
2023-02-28 12:30:00,368.864967211104,148.994873333332,149.017094694442,19.07222223666667,1.2693333333333332,30.683333333333334,2,5.1764362714980825,70.66250196097344,12,1,2,1.2246467991473532e-16,-1.0,0.7818314824680298,0.6234898018587336,0.8660254037844386,0.5000000000000001,81.5,77.125,50.54166666666666,15.8,39.25,100.0,75.5,-2.75,3.9343305,0.1,1.05,19.26666666,30.5,30.5,30.35,29.75,30.65,-17.802888903333336,-0.161111103333333,0.0813333333333332,1.188,1.344,19.220370366666668,1.2104444444444458,5.019261,5.036881,5.0732603,4.9631066,5.0716,0,0.0,1,1.0,-0.9,22.1,77.9
2023-02-28 12:45:00,284.736387938886,113.953775016666,113.971829894442,19.26666666,1.344,30.65,2,5.1764362714980825,70.66250196097344,12,1,2,1.2246467991473532e-16,-1.0,0.7818314824680298,0.6234898018587336,0.8660254037844386,0.5000000000000001,83.25,80.625,55.75,15.95,37.825,100.0,75.75,-2.625,3.9676223,0.1,1.125,19.11666668333333,30.683333333333334,30.5,30.5,30.35,30.5,-17.922666659999997,0.19444442333333,0.0746666666666668,1.2693333333333332,1.466,19.19074074555556,1.2671111111111126,5.0716,5.019261,5.036881,5.0732603,5.0023656,0,0.0,0,1.0,-0.86,20.5,79.5
2023-02-28 13:00:00,165.41977186111,126.712986827778,126.732430516666,19.11666668333333,1.466,30.5,2,5.1764362714980825,70.66250196097344,13,1,2,-0.2588190451025208,-0.9659258262890684,0.7818314824680298,0.6234898018587336,0.8660254037844386,0.5000000000000001,85.0,82.375,60.91666666666666,16.1,36.4,100.0,76.0,-2.5,4.0011406,0.1,1.2,19.13888891,30.65,30.683333333333334,30.5,30.5,30.5,-17.650666683333334,-0.1499999766666633,0.1219999999999998,1.344,1.6233333333333335,19.151851860000004,1.3597777777777793,5.0023656,5.0716,5.019261,5.036881,5.0089245,0,0.0,0,1.0,-0.89,21.8,78.2
2023-02-28 13:15:00,206.13203222222,147.585207472222,147.605762249998,19.13888891,1.6233333333333335,30.5,2,5.1764362714980825,70.66250196097344,13,1,2,-0.2588190451025208,-0.9659258262890684,0.7818314824680298,0.6234898018587336,0.8660254037844386,0.5000000000000001,96.25,86.5,66.60416666666667,14.425,36.575,100.0,75.75,-2.275,4.070323,0.1,1.5,19.33333335,30.5,30.65,30.683333333333334,30.5,30.5,-17.515555576666664,0.0222222266666634,0.1573333333333335,1.466,1.862,19.174074084444445,1.4777777777777794,5.0089245,5.0023656,5.0716,5.019261,5.0666294,0,0.0,0,1.0,-0.89,21.6,78.4
2023-02-28 13:30:00,50.225768605558,0.0,0.0,19.33333335,1.862,30.5,0,5.1764362714980825,70.66250196097344,13,1,2,-0.2588190451025208,-0.9659258262890684,0.7818314824680298,0.6234898018587336,0.8660254037844386,0.5000000000000001,107.5,93.0,72.8125,12.75,36.75,100.0,75.5,-2.05,4.1404433,0.1,1.7999999999999998,19.04999998,30.5,30.5,30.65,30.683333333333334,30.5,-17.47133335,0.194444439999998,0.2386666666666663,1.6233333333333335,2.176,19.19629631444445,1.650444444444446,5.0666294,5.0089245,5.0023656,5.0716,4.9827356,1,1.0,1,0.75,-0.84,19.9,80.1
2023-02-28 13:45:00,150.788134966664,114.8045743,114.823184738886,19.04999998,2.176,30.5,2,5.1764362714980825,70.66250196097344,13,1,2,-0.2588190451025208,-0.9659258262890684,0.7818314824680298,0.6234898018587336,0.8660254037844386,0.5000000000000001,118.75,101.875,79.54166666666667,11.075,36.925,100.0,75.25,-1.825,4.2115097,0.1,2.1,19.098148153333334,30.5,30.5,30.5,30.65,30.5,-16.87399998,-0.2833333699999976,0.3140000000000003,1.862,2.248,19.17407408,1.887111111111113,4.9827356,5.0666294,5.0089245,5.0023656,4.9969077,0,1.0,1,0.75,-0.91,22.3,77.7
2023-02-28 14:00:00,187.131681116666,145.53695607222198,145.557788588888,19.098148153333334,2.248,30.5,2,5.1764362714980825,70.66250196097344,14,1,2,-0.4999999999999997,-0.8660254037844388,0.7818314824680298,0.6234898018587336,0.8660254037844386,0.5000000000000001,130.0,113.125,86.79166666666667,9.4,37.1,100.0,75.0,-1.6,4.283529,0.1,2.4,19.34444446,30.5,30.5,30.5,30.5,30.1,-16.850148153333333,0.0481481733333346,0.0719999999999996,2.176,2.3,19.16049382777778,2.095333333333335,4.9969077,4.9827356,5.0666294,5.0089245,5.0034533,0,1.0,0,0.75,-0.9,21.9,78.1
2023-02-28 14:15:00,99.236586011108,46.158153633332,46.169542161106,19.34444446,2.3,30.1,1,5.1764362714980825,70.66250196097344,14,1,2,-0.4999999999999997,-0.8660254037844388,0.7818314824680298,0.6234898018587336,0.8660254037844386,0.5000000000000001,135.5,122.9375,93.77083333333331,10.575,35.375,100.0,74.5,-1.425,4.3346334,0.125,2.675,19.183333346666664,30.5,30.5,30.5,30.5,29.716666666666665,-17.044444459999998,0.2462963066666645,0.052,2.248,2.32,19.16419753111111,2.2413333333333347,5.0034533,4.9969077,4.9827356,5.0666294,4.893082,0,1.0,1,0.75,-0.84,19.9,80.1
2023-02-28 14:30:00,120.521567827778,74.32508246111,74.33758199444199,19.183333346666664,2.32,29.716666666666665,2,5.1764362714980825,70.66250196097344,14,1,2,-0.4999999999999997,-0.8660254037844388,0.7818314824680298,0.6234898018587336,0.8660254037844386,0.5000000000000001,141.0,131.3125,100.47916666666669,11.75,33.65,100.0,74.0,-1.25,4.3859625,0.15,2.95,19.06111114,30.1,30.5,30.5,30.5,30.0,-16.863333346666664,-0.1611111133333338,0.02,2.3,2.354,19.208641986666667,2.2893333333333348,4.893082,5.0034533,4.9969077,4.9827356,4.904265,0,0.0,1,1.0,-0.88,21.3,78.7
2023-02-28 14:45:00,183.918198527778,143.56453495555598,143.585089716666,19.06111114,2.354,30.0,2,5.1764362714980825,70.66250196097344,14,1,2,-0.4999999999999997,-0.8660254037844388,0.7818314824680298,0.6234898018587336,0.8660254037844386,0.5000000000000001,146.5,138.25,106.91666666666669,12.925,31.925,100.0,73.5,-1.0750000000000002,4.437509,0.175,3.225,19.324074073333332,29.716666666666665,30.1,30.5,30.5,29.816666666666663,-16.70711114,-0.1222222066666667,0.0340000000000002,2.32,2.37,19.196296315555557,2.3246666666666687,4.904265,4.893082,5.0034533,4.9969077,4.950417,0,0.0,0,1.0,-0.91,22.4,77.6
2023-02-28 15:00:00,165.147004972222,122.904805794446,122.922860672222,19.324074073333332,2.37,29.816666666666663,2,5.1764362714980825,70.66250196097344,15,1,2,-0.7071067811865471,-0.7071067811865479,0.7818314824680298,0.6234898018587336,0.8660254037844386,0.5000000000000001,152.0,143.75,113.08333333333331,14.1,30.2,100.0,73.0,-0.9,4.489264,0.2,3.5,19.37777777,30.0,29.716666666666665,30.1,30.5,29.2,-16.954074073333334,0.2629629333333376,0.016,2.354,2.4033333333333338,19.189506186666662,2.348000000000001,4.950417,4.904265,4.893082,5.0034533,4.8633795,0,0.0,0,1.0,-0.85,20.1,79.9
2023-02-28 15:15:00,56.753563216662,13.523347911112,13.530292133332,19.37777777,2.4033333333333338,29.2,1,5.1764362714980825,70.66250196097344,15,1,2,-0.7071067811865471,-0.7071067811865479,0.7818314824680298,0.6234898018587336,0.8660254037844386,0.5000000000000001,149.0,147.125,118.85416666666669,14.075,31.75,100.0,72.25,-1.075,4.428298,0.175,3.45,19.088888883333333,29.816666666666663,30.0,29.716666666666665,30.1,29.466666666666665,-16.97444443666667,0.0537036966666661,0.0333333333333336,2.37,2.476,19.254320994444445,2.37577777777778,4.8633795,4.950417,4.904265,4.893082,4.824976,0,0.0,1,1.0,-0.84,19.8,80.2
2023-02-28 15:30:00,169.887648655556,115.633152272222,115.650929344444,19.088888883333333,2.476,29.466666666666665,2,5.1764362714980825,70.66250196097344,15,1,2,-0.7071067811865471,-0.7071067811865479,0.7818314824680298,0.6234898018587336,0.8660254037844386,0.5000000000000001,146.0,148.375,124.22916666666669,14.05,33.3,100.0,71.5,-1.25,4.367684,0.15,3.4,19.15000002,29.2,29.816666666666663,30.0,29.716666666666665,29.45,-16.612888883333333,-0.288888886666669,0.0726666666666662,2.4033333333333338,2.512,19.263580242222226,2.4164444444444464,4.824976,4.8633795,4.950417,4.904265,4.8396544,0,0.0,1,1.0,-0.9,22.2,77.8
2023-02-28 15:45:00,212.3773379,169.0924027,169.116846172222,19.15000002,2.512,29.45,2,5.1764362714980825,70.66250196097344,15,1,2,-0.7071067811865471,-0.7071067811865479,0.7818314824680298,0.6234898018587336,0.8660254037844386,0.5000000000000001,143.0,147.5,129.20833333333334,14.025,34.85,100.0,70.75,-1.425,4.307419,0.125,3.35,19.45740739333333,29.466666666666665,29.2,29.816666666666663,30.0,29.03333333333333,-16.63800002,0.0611111366666676,0.036,2.476,2.504,19.205555557777775,2.46377777777778,4.8396544,4.824976,4.8633795,4.950417,4.858325,0,0.0,0,1.0,-0.89,21.7,78.3
2023-02-28 16:00:00,59.945657727774,23.879600327778,23.888766694442,19.45740739333333,2.504,29.03333333333333,1,5.1764362714980825,70.66250196097344,16,1,2,-0.8660254037844385,-0.5000000000000004,0.7818314824680298,0.6234898018587336,0.8660254037844386,0.5000000000000001,140.0,144.5,133.79166666666666,14.0,36.4,100.0,70.0,-1.6,4.2475033,0.1,3.3,19.20555554,29.45,29.466666666666665,29.2,29.816666666666663,29.05,-16.95340739333333,0.30740737333333,-0.008,2.512,2.452,19.232098765555552,2.497333333333335,4.858325,4.8396544,4.824976,4.8633795,4.7895765,0,0.0,1,1.0,-0.82,19.2,80.8
2023-02-28 16:15:00,134.59294946666398,95.850332483334,95.86588746111,19.20555554,2.452,29.05,2,5.1764362714980825,70.66250196097344,16,1,2,-0.8660254037844385,-0.5000000000000004,0.7818314824680298,0.6234898018587336,0.8660254037844386,0.5000000000000001,143.5,143.125,137.72916666666666,14.125,35.75,100.0,68.75,-1.8,4.192671,0.075,3.375,19.14074077333333,29.03333333333333,29.45,29.466666666666665,29.2,29.28333333333333,-16.75355554,-0.2518518533333314,-0.052,2.504,2.48,19.270987651111117,2.489333333333335,4.7895765,4.858325,4.8396544,4.824976,4.809639,0,0.0,1,1.0,-0.88,21.3,78.7
2023-02-28 16:30:00,219.974534033332,160.029709672222,160.052486594442,19.14074077333333,2.48,29.28333333333333,2,5.1764362714980825,70.66250196097344,16,1,2,-0.8660254037844385,-0.5000000000000004,0.7818314824680298,0.6234898018587336,0.8660254037844386,0.5000000000000001,147.0,143.375,141.02083333333334,14.25,35.099999999999994,100.0,67.5,-2.0,4.137164,0.05,3.45,19.42222223,29.05,29.03333333333333,29.45,29.466666666666665,28.95,-16.660740773333334,-0.0648147666666645,0.028,2.452,2.552,19.26790123555556,2.478666666666669,4.809639,4.7895765,4.858325,4.8396544,4.834366,0,0.0,0,1.0,-0.89,21.8,78.2
2023-02-28 16:45:00,119.785208416666,76.248616583334,76.2627827,19.42222223,2.552,28.95,2,5.1764362714980825,70.66250196097344,16,1,2,-0.8660254037844385,-0.5000000000000004,0.7818314824680298,0.6234898018587336,0.8660254037844386,0.5000000000000001,150.5,145.25,143.66666666666666,14.375,34.45,100.0,66.25,-2.2,4.080981,0.0249999999999999,3.525,19.294444446666667,29.28333333333333,29.05,29.03333333333333,29.45,28.53333333333333,-16.87022223,0.2814814566666648,0.072,2.48,2.56,19.25617284777778,2.4946666666666686,4.834366,4.809639,4.7895765,4.858325,4.7290893,0,0.0,0,1.0,-0.83,19.5,80.5
2023-02-28 17:00:00,97.740257016662,60.948673055556,60.96033932222,19.294444446666667,2.56,28.53333333333333,1,5.1764362714980825,70.66250196097344,17,1,2,-0.9659258262890684,-0.2588190451025206,0.7818314824680298,0.6234898018587336,0.8660254037844386,0.5000000000000001,154.0,148.75,145.66666666666666,14.5,33.8,100.0,65.0,-2.4,4.024113,0.0,3.6,19.09444447,28.95,29.28333333333333,29.05,29.03333333333333,28.85,-16.734444446666668,-0.1277777833333324,0.008,2.552,2.5766666666666667,19.28580248333333,2.5306666666666686,4.7290893,4.834366,4.809639,4.7895765,4.725549,0,0.0,1,1.0,-0.86,20.6,79.4
2023-02-28 17:15:00,196.305203044444,150.687861144444,150.708971433332,19.09444447,2.5766666666666667,28.85,2,5.1764362714980825,70.66250196097344,17,1,2,-0.9659258262890684,-0.2588190451025206,0.7818314824680298,0.6234898018587336,0.8660254037844386,0.5000000000000001,133.0,146.125,145.45833333333334,13.25,34.175,100.0,65.5,-2.375,4.0213046,0.0,3.475,19.324074073333332,28.53333333333333,28.95,29.28333333333333,29.05,28.816666666666663,-16.51777780333333,-0.1999999766666675,0.0166666666666666,2.56,2.606666666666667,19.27037038222222,2.5628888888888905,4.725549,4.7290893,4.834366,4.809639,4.7843885,0,0.0,1,1.0,-0.9,22.3,77.7
2023-02-28 17:30:00,294.299060916666,140.451048416666,140.479380616666,19.324074073333332,2.606666666666667,28.816666666666663,2,5.1764362714980825,70.66250196097344,17,1,2,-0.9659258262890684,-0.2588190451025206,0.7818314824680298,0.6234898018587336,0.8660254037844386,0.5000000000000001,112.0,137.375,143.04166666666666,12.0,34.55,100.0,66.0,-2.35,4.0182285,0.0,3.35,19.42222218,28.85,28.53333333333333,28.95,29.28333333333333,29.9,-16.71740740666667,0.2296296033333362,0.0300000000000002,2.5766666666666667,2.61,19.23765433,2.581111111111113,4.7843885,4.725549,4.7290893,4.834366,4.9930067,0,0.0,0,1.0,-0.85,20.3,79.7
2023-02-28 17:45:00,367.44780158333,0.0,0.0,19.42222218,2.61,29.9,0,5.1764362714980825,70.66250196097344,17,1,2,-0.9659258262890684,-0.2588190451025206,0.7818314824680298,0.6234898018587336,0.8660254037844386,0.5000000000000001,91.0,122.5,138.41666666666666,10.75,34.925,100.0,66.5,-2.325,4.0148892,0.0,3.225,19.196296276666665,28.816666666666663,28.85,28.53333333333333,28.95,33.81666666666667,-16.81222218,0.0981481066666631,0.0033333333333329,2.606666666666667,2.61,19.280246907777776,2.5977777777777797,4.9930067,4.7843885,4.725549,4.7290893,5.572435,1,1.0,1,0.75,-0.82,19.3,80.7
2023-02-28 18:00:00,486.632200699996,0.0,0.0,19.196296276666665,2.61,33.81666666666667,0,5.1764362714980825,70.66250196097344,18,1,2,-1.0,-1.8369701987210294e-16,0.7818314824680298,0.6234898018587336,0.8660254037844386,0.5000000000000001,70.0,101.5,131.58333333333334,9.5,35.3,100.0,67.0,-2.3,4.011291,0.0,3.1,18.98888886,29.9,28.816666666666663,28.85,28.53333333333333,36.05,-16.586296276666666,-0.2259259033333336,0.0,2.61,2.6540000000000004,19.314197510000003,2.6088888888888904,5.572435,4.9930067,4.7843885,4.725549,5.8682294,0,2.0,0,0.5,-0.86,20.4,79.6
2023-02-28 18:15:00,260.481802544444,0.0,0.0,18.98888886,2.6540000000000004,36.05,0,5.1764362714980825,70.66250196097344,18,1,2,-1.0,-1.8369701987210294e-16,0.7818314824680298,0.6234898018587336,0.8660254037844386,0.5000000000000001,55.25,82.0625,123.77083333333331,8.95,31.7,100.0,69.0,-2.15,4.075889,0.0,2.9,18.87222221333333,33.81666666666667,29.9,28.816666666666663,28.85,36.31666666666667,-16.33488886,-0.2074074166666655,0.0440000000000004,2.61,2.666,19.202469105555554,2.6246666666666685,5.8682294,5.572435,4.9930067,4.7843885,5.8710494,0,3.0,0,0.25,-0.89,21.8,78.2
2023-02-28 18:30:00,722.890805411112,0.0,0.0,18.87222221333333,2.666,36.31666666666667,0,5.1764362714980825,70.66250196097344,18,1,2,-1.0,-1.8369701987210294e-16,0.7818314824680298,0.6234898018587336,0.8660254037844386,0.5000000000000001,40.5,64.1875,114.97916666666669,8.4,28.1,100.0,71.0,-2.0,4.1379557,0.0,2.7,18.74166664,36.05,33.81666666666667,29.9,28.816666666666663,36.25,-16.20622221333333,-0.116666646666669,0.0119999999999995,2.6540000000000004,2.7,19.019135783333336,2.643333333333335,5.8710494,5.8682294,5.572435,4.9930067,5.8152227,0,4.0,0,0.0,-0.92,22.7,77.3
2023-02-28 18:45:00,1197.147667744444,0.0,0.0,18.74166664,2.7,36.25,0,5.1764362714980825,70.66250196097344,18,1,2,-1.0,-1.8369701987210294e-16,0.7818314824680298,0.6234898018587336,0.8660254037844386,0.5000000000000001,25.75,47.875,105.20833333333331,7.85,24.5,100.0,73.0,-1.85,4.1975393,0.0,2.5,18.54166663,36.31666666666667,36.05,33.81666666666667,29.9,35.2,-16.041666640000003,-0.1305555733333285,0.0340000000000002,2.666,2.716666666666667,18.86759257111111,2.673333333333335,5.8152227,5.8710494,5.8682294,5.572435,5.5803337,0,4.0,0,0.0,-0.95,24.0,76.0
2023-02-28 19:00:00,96.416143233332,10.2854219,10.289310677776,18.54166663,2.716666666666667,35.2,1,5.1764362714980825,70.66250196097344,19,1,2,-0.9659258262890684,0.2588190451025203,0.7818314824680298,0.6234898018587336,0.8660254037844386,0.5000000000000001,11.0,33.125,94.45833333333331,7.3,20.9,100.0,75.0,-1.7,4.2546883,0.0,2.3,18.42222222,36.25,36.31666666666667,36.05,33.81666666666667,34.1,-15.824999963333337,-0.2000000100000001,0.0166666666666666,2.7,2.72,18.71851849444445,2.694222222222224,5.5803337,5.8152227,5.8710494,5.8682294,5.36782,0,3.0,1,0.25,-1.0,26.1,73.9
2023-02-28 19:15:00,188.983829311108,116.917823116666,116.93143372222,18.42222222,2.72,34.1,2,5.1764362714980825,70.66250196097344,19,1,2,-0.9659258262890684,0.2588190451025203,0.7818314824680298,0.6234898018587336,0.8660254037844386,0.5000000000000001,8.25,21.375,83.1875,8.625,21.075,85.5,77.0,-1.725,4.2514486,0.0,1.9,18.585185223333333,35.2,36.25,36.31666666666667,36.05,33.166666666666664,-15.702222219999998,-0.1194444100000033,0.0033333333333334,2.716666666666667,2.72,18.56851849666667,2.712222222222224,5.36782,5.5803337,5.8152227,5.8710494,5.2715545,0,2.0,1,0.5,-1.03,27.5,72.5
2023-02-28 19:30:00,141.874324916662,33.417552127778,33.423940788888004,18.585185223333333,2.72,33.166666666666664,1,5.1764362714980825,70.66250196097344,19,1,2,-0.9659258262890684,0.2588190451025203,0.7818314824680298,0.6234898018587336,0.8660254037844386,0.5000000000000001,5.5,12.625,71.39583333333333,9.95,21.25,71.0,79.0,-1.75,4.2449574,0.0,1.5,18.57777781,34.1,35.2,36.25,36.31666666666667,32.2,-15.865185223333333,0.1629630033333349,0.0,2.72,2.6726666666666663,18.516358024444443,2.7188888888888907,5.2715545,5.36782,5.5803337,5.8152227,5.1156664,0,1.0,1,0.75,-1.0,26.1,73.9
2023-02-28 19:45:00,151.72393088333,56.090534055556,56.098589333332,18.57777781,2.6726666666666663,32.2,1,5.1764362714980825,70.66250196097344,19,1,2,-0.9659258262890684,0.2588190451025203,0.7818314824680298,0.6234898018587336,0.8660254037844386,0.5000000000000001,2.75,6.875,59.083333333333336,11.275,21.425,56.5,81.0,-1.775,4.235372,0.0,1.1,18.492592586666667,33.166666666666664,34.1,35.2,36.25,32.28333333333333,-15.905111143333334,-0.0074074133333326,-0.0473333333333338,2.72,2.642,18.528395084444444,2.704222222222224,5.1156664,5.2715545,5.36782,5.5803337,5.103091,0,0.0,0,1.0,-1.01,26.4,73.6
2023-02-28 20:00:00,214.344759316662,113.868500627778,113.877666977776,18.492592586666667,2.642,32.28333333333333,2,5.1764362714980825,70.66250196097344,20,1,2,-0.8660254037844386,0.5000000000000001,0.7818314824680298,0.6234898018587336,0.8660254037844386,0.5000000000000001,0.0,4.125,46.25,12.6,21.6,42.0,83.0,-1.8,4.2228446,0.0,0.7,18.54444448,32.2,33.166666666666664,34.1,35.2,31.7,-15.850592586666668,-0.0851852233333332,-0.0306666666666663,2.6726666666666663,2.5373333333333337,18.551851873333334,2.678222222222223,5.103091,5.1156664,5.2715545,5.36782,5.0262995,0,0.0,1,1.0,-1.03,27.2,72.8
2023-02-28 20:15:00,234.614503994442,100.154327,100.163215577776,18.54444448,2.5373333333333337,31.7,2,5.1764362714980825,70.66250196097344,20,1,2,-0.8660254037844386,0.5000000000000001,0.7818314824680298,0.6234898018587336,0.8660254037844386,0.5000000000000001,0.0,2.0625,35.166666666666664,12.825,22.950000000000003,51.25,82.75,-2.025,4.159921,0.0,0.5249999999999999,18.55370367333333,32.28333333333333,32.2,33.166666666666664,34.1,31.966666666666665,-16.007111146666666,0.0518518933333318,-0.1046666666666662,2.642,2.427333333333333,18.53827162555556,2.617333333333335,5.0262995,5.103091,5.1156664,5.2715545,5.07136,0,0.0,0,1.0,-1.02,26.8,73.2
2023-02-28 20:30:00,342.981280266664,161.202162755556,161.2460499,18.55370367333333,2.427333333333333,31.966666666666665,2,5.1764362714980825,70.66250196097344,20,1,2,-0.8660254037844386,0.5000000000000001,0.7818314824680298,0.6234898018587336,0.8660254037844386,0.5000000000000001,0.0,0.6875,25.83333333333333,13.05,24.3,60.5,82.5,-2.25,4.097825,0.0,0.35,18.86111108,31.7,32.28333333333333,32.2,33.166666666666664,31.25,-16.12637034,0.0092591933333352,-0.1100000000000007,2.5373333333333337,2.4033333333333338,18.530246913333333,2.535555555555557,5.07136,5.0262995,5.103091,5.1156664,5.048644,0,0.0,0,1.0,-1.01,26.7,73.3
2023-02-28 20:45:00,166.326402327774,0.0,0.0,18.86111108,2.4033333333333338,31.25,0,5.1764362714980825,70.66250196097344,20,1,2,-0.8660254037844386,0.5000000000000001,0.7818314824680298,0.6234898018587336,0.8660254037844386,0.5000000000000001,0.0,0.0,18.25,13.275,25.65,69.75,82.25,-2.475,4.036547,0.0,0.175,18.74814817,31.966666666666665,31.7,32.28333333333333,32.2,30.716666666666665,-16.457777746666668,0.3074074066666661,-0.0239999999999991,2.427333333333333,2.358,18.653086411111115,2.4560000000000017,5.048644,5.07136,5.0262995,5.103091,4.9294553,1,1.0,1,0.75,-0.95,23.9,76.1
2023-02-28 21:00:00,279.5754832,113.158529027778,113.196583072222,18.74814817,2.358,30.716666666666665,2,5.1764362714980825,70.66250196097344,21,1,2,-0.7071067811865477,0.7071067811865474,0.7818314824680298,0.6234898018587336,0.8660254037844386,0.5000000000000001,0.0,0.0,12.416666666666666,13.5,27.0,79.0,82.0,-2.7,3.976078,0.0,0.0,18.84444446,31.25,31.966666666666665,31.7,32.28333333333333,30.95,-16.39014817,-0.1129629100000002,-0.0453333333333336,2.4033333333333338,2.286666666666666,18.720987641111112,2.396222222222224,4.9294553,5.048644,5.07136,5.0262995,4.995255,0,1.0,1,0.75,-0.97,25.1,74.9
2023-02-28 21:15:00,592.797120566664,112.679937072222,112.719102205554,18.84444446,2.286666666666666,30.95,2,5.1764362714980825,70.66250196097344,21,1,2,-0.7071067811865477,0.7071067811865474,0.7818314824680298,0.6234898018587336,0.8660254037844386,0.5000000000000001,0.0,0.0,7.8125,13.3,27.0,77.0,82.25,-2.7,3.9744806,0.0,-0.05,19.01481481333333,30.716666666666665,31.25,31.966666666666665,31.7,30.35,-16.557777793333333,0.0962962899999979,-0.0713333333333334,2.358,2.283333333333333,18.817901236666668,2.3493333333333357,4.995255,4.9294553,5.048644,5.07136,4.947947,0,1.0,0,0.75,-0.95,24.1,75.9
2023-02-28 21:30:00,185.441470994442,13.7519499,13.781115449998,19.01481481333333,2.283333333333333,30.35,1,5.1764362714980825,70.66250196097344,21,1,2,-0.7071067811865477,0.7071067811865474,0.7818314824680298,0.6234898018587336,0.8660254037844386,0.5000000000000001,0.0,0.0,4.4375,13.1,27.0,75.0,82.5,-2.7,3.972841,0.0,-0.1,18.78888888,30.95,30.716666666666665,31.25,31.966666666666665,30.4,-16.73148148,0.1703703533333325,-0.0033333333333334,2.286666666666666,2.255333333333333,18.869135814444444,2.309333333333335,4.947947,4.995255,4.9294553,5.048644,4.8904023,0,1.0,1,0.75,-0.92,22.7,77.3
2023-02-28 21:45:00,309.861216188888,123.213682355556,123.267569116666,18.78888888,2.255333333333333,30.4,2,5.1764362714980825,70.66250196097344,21,1,2,-0.7071067811865477,0.7071067811865474,0.7818314824680298,0.6234898018587336,0.8660254037844386,0.5000000000000001,0.0,0.0,2.2916666666666665,12.9,27.0,73.0,82.75,-2.7,3.9711602,0.0,-0.15,18.97962964666667,30.35,30.95,30.716666666666665,31.25,30.78333333333333,-16.533555546666665,-0.2259259333333325,-0.028,2.283333333333333,2.1966666666666668,18.88271605111111,2.2751111111111126,4.8904023,4.947947,4.995255,4.9294553,5.0081816,0,0.0,1,1.0,-0.97,24.7,75.3
2023-02-28 22:00:00,269.128956644444,83.992473516666,84.05358222222,18.97962964666667,2.1966666666666668,30.78333333333333,2,5.1764362714980825,70.66250196097344,22,1,2,-0.5000000000000004,0.8660254037844384,0.7818314824680298,0.6234898018587336,0.8660254037844386,0.5000000000000001,0.0,0.0,1.375,12.7,27.0,71.0,83.0,-2.7,3.9694374,0.0,-0.2,19.06111115,30.4,30.35,30.95,30.716666666666665,30.15,-16.782962980000004,0.1907407666666714,-0.0586666666666664,2.255333333333333,2.17,18.92777778,2.2451111111111124,5.0081816,4.8904023,4.947947,4.995255,4.9287863,0,0.0,0,1.0,-0.92,22.9,77.1
2023-02-28 22:15:00,212.50538852777,29.042171616666,29.098280555552,19.06111115,2.17,30.15,1,5.1764362714980825,70.66250196097344,22,1,2,-0.5000000000000004,0.8660254037844384,0.7818314824680298,0.6234898018587336,0.8660254037844386,0.5000000000000001,0.0,0.0,0.6875,12.625,26.725,62.5,84.75,-2.725,3.9768355,0.0,-0.475,18.81666667,30.78333333333333,30.4,30.35,30.95,30.366666666666667,-16.89111115,0.0814815033333289,-0.0266666666666668,2.1966666666666668,2.15,18.943209892222225,2.207333333333335,4.9287863,5.0081816,4.8904023,4.947947,4.893067,0,0.0,1,1.0,-0.91,22.3,77.7
2023-02-28 22:30:00,311.37421136666,123.5292253,123.59700042222,18.81666667,2.15,30.366666666666667,2,5.1764362714980825,70.66250196097344,22,1,2,-0.5000000000000004,0.8660254037844384,0.7818314824680298,0.6234898018587336,0.8660254037844386,0.5000000000000001,0.0,0.0,0.2291666666666666,12.55,26.45,54.0,86.5,-2.75,3.9823716,0.0,-0.75,19.04444443,30.15,30.78333333333333,30.4,30.35,30.95,-16.66666667,-0.2444444799999985,-0.02,2.17,2.118,18.95246915555556,2.172222222222224,4.893067,4.9287863,5.0081816,4.8904023,5.0545945,0,0.0,1,1.0,-0.96,24.5,75.5
2023-02-28 22:45:00,324.205364699996,137.180345916666,137.248676566664,19.04444443,2.118,30.95,2,5.1764362714980825,70.66250196097344,22,1,2,-0.5000000000000004,0.8660254037844384,0.7818314824680298,0.6234898018587336,0.8660254037844386,0.5000000000000001,0.0,0.0,0.0,12.475,26.175,45.5,88.25,-2.775,3.9861047,0.0,-1.025,19.22592595,30.366666666666667,30.15,30.78333333333333,30.4,30.166666666666668,-16.92644443,0.2277777599999986,-0.032,2.15,2.064,18.97407408333333,2.146000000000001,5.0545945,4.893067,4.9287863,5.0081816,4.9796596,0,0.0,0,1.0,-0.91,22.3,77.7
2023-02-28 23:00:00,179.148111805546,0.0,0.0,19.22592595,2.064,30.166666666666668,0,5.1764362714980825,70.66250196097344,23,1,2,-0.2588190451025215,0.965925826289068,0.7818314824680298,0.6234898018587336,0.8660254037844386,0.5000000000000001,0.0,0.0,0.0,12.4,25.9,37.0,90.0,-2.8,3.988096,0.0,-1.3,18.93333332,30.95,30.366666666666667,30.15,30.78333333333333,29.9,-17.16192595,0.1814815200000019,-0.0539999999999998,2.118,2.028,19.02901235,2.110666666666668,4.9796596,5.0545945,4.893067,4.9287863,4.8511934,1,1.0,1,0.75,-0.87,20.9,79.1
2023-02-28 23:15:00,262.143680649994,85.438526805554,85.501857655552,18.93333332,2.028,29.9,2,5.1764362714980825,70.66250196097344,23,1,2,-0.2588190451025215,0.965925826289068,0.7818314824680298,0.6234898018587336,0.8660254037844386,0.5000000000000001,0.0,0.0,0.0,12.225,25.375,32.5,90.75,-2.875,3.965639,0.0,-1.5,18.93518516,30.166666666666668,30.95,30.366666666666667,30.15,30.65,-16.90533332,-0.2925926300000014,-0.036,2.064,1.992,19.06790123333333,2.0700000000000016,4.8511934,4.9796596,5.0545945,4.893067,4.9734225,0,1.0,1,0.75,-0.94,23.5,76.5
2023-02-28 23:30:00,863.994049972222,84.004973016666,84.076359044444,18.93518516,1.992,30.65,2,5.1764362714980825,70.66250196097344,23,1,2,-0.2588190451025215,0.965925826289068,0.7818314824680298,0.6234898018587336,0.8660254037844386,0.5000000000000001,0.0,0.0,0.0,12.05,24.85,28.0,91.5,-2.95,3.9429455,0.0,-1.7000000000000002,19.00555555,29.9,30.166666666666668,30.95,30.366666666666667,30.7,-16.94318516,0.0018518400000004,-0.036,2.028,1.93,19.031481476666663,2.028000000000002,4.9734225,4.8511934,4.9796596,5.0545945,5.0022745,0,1.0,0,0.75,-0.93,23.3,76.7
2023-02-28 23:45:00,170.863720794442,20.6516739,20.709171649998,19.00555555,1.93,30.7,1,5.1764362714980825,70.66250196097344,23,1,2,-0.2588190451025215,0.965925826289068,0.7818314824680298,0.6234898018587336,0.8660254037844386,0.5000000000000001,0.0,0.0,0.0,11.875,24.325,23.5,92.25,-3.025,3.9200253,0.0,-1.9,18.761111106666664,30.65,29.9,30.166666666666668,30.95,31.15,-17.07555555,0.0703703900000007,-0.062,1.992,1.862,18.958024676666668,1.983333333333335,5.0022745,4.9734225,4.8511934,4.9796596,5.0028296,0,1.0,1,0.75,-0.92,22.7,77.3
2023-03-01 00:00:00,280.230734838886,125.381095672222,125.454703894442,18.761111106666664,1.862,31.15,2,5.1764362714980825,70.66250196097344,0,2,3,0.0,1.0,0.9749279121818236,-0.2225209339563143,1.0,6.123233995736766e-17,0.0,0.0,0.0,11.7,23.8,19.0,93.0,-3.1,3.8968875,0.0,-2.1,18.97222226,30.7,30.65,29.9,30.166666666666668,31.1,-16.899111106666666,-0.2444444433333359,-0.068,1.93,1.7666666666666666,18.900617272222224,1.9280000000000013,5.0028296,5.0022745,4.9734225,4.8511934,5.057488,0,0.0,1,1.0,-0.97,24.8,75.2
2023-03-01 00:15:00,188.699396205554,47.087560872222,47.155613733332,18.97222226,1.7666666666666666,31.1,1,5.1764362714980825,70.66250196097344,0,2,3,0.0,1.0,0.9749279121818236,-0.2225209339563143,1.0,6.123233995736766e-17,0.0,0.0,0.0,11.525,23.35,23.0,92.75,-3.3,3.8322244,0.0,-2.3,18.95370374,31.15,30.7,30.65,29.9,30.53333333333333,-17.205555593333337,0.2111111533333378,-0.0953333333333332,1.862,1.65,18.912962972222225,1.8528888888888904,5.057488,5.0028296,5.0022745,4.9734225,4.959911,0,0.0,1,1.0,-0.92,22.9,77.1
2023-03-01 00:30:00,182.672414994446,44.855983472222,44.917369916666,18.95370374,1.65,30.53333333333333,1,5.1764362714980825,70.66250196097344,0,2,3,0.0,1.0,0.9749279121818236,-0.2225209339563143,1.0,6.123233995736766e-17,0.0,0.0,0.0,11.35,22.9,27.0,92.5,-3.5,3.7685158,0.0,-2.5,18.80555558,31.1,31.15,30.7,30.65,30.85,-17.30370374,-0.0185185200000042,-0.1166666666666667,1.7666666666666666,1.52,18.89567903555556,1.759555555555557,4.959911,5.057488,5.0028296,5.0022745,4.9676843,0,0.0,0,1.0,-0.93,23.2,76.8
2023-03-01 00:45:00,283.820591288884,139.839961727778,139.916347588888,18.80555558,1.52,30.85,2,5.1764362714980825,70.66250196097344,0,2,3,0.0,1.0,0.9749279121818236,-0.2225209339563143,1.0,6.123233995736766e-17,0.0,0.0,0.0,11.175,22.45,31.0,92.25,-3.7,3.7057507,0.0,-2.7,19.098148166666665,30.53333333333333,31.1,31.15,30.7,30.633333333333333,-17.285555579999997,-0.1481481600000016,-0.1299999999999999,1.65,1.432,18.910493860000003,1.645555555555557,4.9676843,4.959911,5.057488,5.0028296,5.0187516,0,0.0,1,1.0,-0.96,24.5,75.5
2023-03-01 01:00:00,126.052457816662,39.225653177776,39.238430533328,19.098148166666665,1.432,30.633333333333333,1,5.1764362714980825,70.66250196097344,1,2,3,0.2588190451025207,0.9659258262890684,0.9749279121818236,-0.2225209339563143,1.0,6.123233995736766e-17,0.0,0.0,0.0,11.0,22.0,35.0,92.0,-3.9,3.6439154,0.0,-2.9,19.01111108,30.85,30.53333333333333,31.1,31.15,30.05,-17.666148166666666,0.2925925866666681,-0.088,1.52,1.314,18.95246916222222,1.5340000000000016,5.0187516,4.9676843,4.959911,5.057488,4.8979673,0,0.0,1,1.0,-0.89,21.9,78.1
2023-03-01 01:15:00,95.03536518333,51.220728872222,51.231006294442,19.01111108,1.314,30.05,1,5.1764362714980825,70.66250196097344,1,2,3,0.2588190451025207,0.9659258262890684,0.9749279121818236,-0.2225209339563143,1.0,6.123233995736766e-17,0.0,0.0,0.0,11.05,21.625,51.25,92.0,-4.2,3.5737433,0.0,-3.175,18.87037038,30.633333333333333,30.85,30.53333333333333,31.1,30.466666666666665,-17.69711108,-0.0870370866666654,-0.1179999999999998,1.432,1.159333333333333,18.97160494222222,1.4220000000000017,4.8979673,5.0187516,4.9676843,4.959911,4.9247847,0,0.0,0,1.0,-0.92,22.8,77.2
2023-03-01 01:30:00,187.17473487778,142.409581172222,142.427636016666,18.87037038,1.159333333333333,30.466666666666665,2,5.1764362714980825,70.66250196097344,1,2,3,0.2588190451025207,0.9659258262890684,0.9749279121818236,-0.2225209339563143,1.0,6.123233995736766e-17,0.0,0.0,0.0,11.1,21.25,67.5,92.0,-4.5,3.5047626,0.0,-3.45,19.17222224,30.05,30.633333333333333,30.85,30.53333333333333,29.75,-17.711037046666668,-0.1407406999999985,-0.1546666666666667,1.314,1.0233333333333332,18.993209875555557,1.3017777777777797,4.9247847,4.8979673,5.0187516,4.9676843,4.8953633,0,0.0,1,1.0,-0.95,24.0,76.0
2023-03-01 01:45:00,65.607375583334,20.476403127778,20.481125188888,19.17222224,1.0233333333333332,29.75,1,5.1764362714980825,70.66250196097344,1,2,3,0.2588190451025207,0.9659258262890684,0.9749279121818236,-0.2225209339563143,1.0,6.123233995736766e-17,0.0,0.0,0.0,11.15,20.875,83.75,92.0,-4.8,3.4369552,0.0,-3.725,18.988888903333336,30.466666666666665,30.05,30.633333333333333,30.85,29.216666666666665,-18.148888906666667,0.3018518599999993,-0.1360000000000001,1.159333333333333,0.872,19.017901233333337,1.1655555555555572,4.8953633,4.9247847,4.8979673,5.0187516,4.755898,0,0.0,1,1.0,-0.88,21.4,78.6
2023-03-01 02:00:00,127.188801194442,83.616932955556,83.630543594442,18.988888903333336,0.872,29.216666666666665,2,5.1764362714980825,70.66250196097344,2,2,3,0.4999999999999999,0.8660254037844387,0.9749279121818236,-0.2225209339563143,1.0,6.123233995736766e-17,0.0,0.0,0.0,11.2,20.5,100.0,92.0,-5.1,3.3703034,0.0,-4.0,18.97777777,29.75,30.466666666666665,30.05,30.633333333333333,29.4,-18.116888903333336,-0.1833333366666636,-0.1513333333333332,1.0233333333333332,0.7193333333333334,19.010493841111117,1.0182222222222237,4.755898,4.8953633,4.9247847,4.8979673,4.7826023,0,0.0,1,1.0,-0.93,23.2,76.8
2023-03-01 02:15:00,189.924902749998,134.356292216666,134.374624816666,18.97777777,0.7193333333333334,29.4,2,5.1764362714980825,70.66250196097344,2,2,3,0.4999999999999999,0.8660254037844387,0.9749279121818236,-0.2225209339563143,1.0,6.123233995736766e-17,0.0,0.0,0.0,11.475,21.05,100.0,92.25,-5.175,3.3554428,0.0,-4.1,19.198148156666665,29.216666666666665,29.75,30.466666666666665,30.05,28.383333333333333,-18.258444436666665,-0.0111111333333369,-0.1526666666666666,0.872,0.6133333333333334,19.046296304444446,0.8715555555555571,4.7826023,4.755898,4.8953633,4.9247847,4.6776195,0,0.0,0,1.0,-0.93,23.2,76.8
2023-03-01 02:30:00,58.050177866668,12.64893843889,12.65477162222,19.198148156666665,0.6133333333333334,28.383333333333333,1,5.1764362714980825,70.66250196097344,2,2,3,0.4999999999999999,0.8660254037844387,0.9749279121818236,-0.2225209339563143,1.0,6.123233995736766e-17,0.0,0.0,0.0,11.75,21.6,100.0,92.5,-5.25,3.3406034,0.0,-4.2,18.92777775,29.4,29.216666666666665,29.75,30.466666666666665,28.35,-18.58481482333333,0.2203703866666657,-0.1059999999999999,0.7193333333333334,0.536,19.054938276666665,0.7348888888888906,4.6776195,4.7826023,4.755898,4.8953633,4.598203,0,0.0,1,1.0,-0.88,21.5,78.5
2023-03-01 02:45:00,155.361563155552,118.669697472222,118.687752333332,18.92777775,0.536,28.35,2,5.1764362714980825,70.66250196097344,2,2,3,0.4999999999999999,0.8660254037844387,0.9749279121818236,-0.2225209339563143,1.0,6.123233995736766e-17,0.0,0.0,0.0,12.025,22.15,100.0,92.75,-5.325,3.3257844,0.0,-4.300000000000001,18.937036993333333,28.383333333333333,29.4,29.216666666666665,29.75,28.316666666666663,-18.39177775,-0.2703704066666645,-0.0773333333333333,0.6133333333333334,0.488,19.034567892222224,0.6228888888888906,4.598203,4.6776195,4.7826023,4.755898,4.595306,0,0.0,1,1.0,-0.95,23.9,76.1
2023-03-01 03:00:00,442.956169894446,96.993897855556,97.009175027778,18.937036993333333,0.488,28.316666666666663,2,5.1764362714980825,70.66250196097344,3,2,3,0.7071067811865476,0.7071067811865476,0.9749279121818236,-0.2225209339563143,1.0,6.123233995736766e-17,0.0,0.0,0.0,12.3,22.7,100.0,93.0,-5.4,3.3109865,0.0,-4.4,18.85,28.35,28.383333333333333,29.4,29.216666666666665,28.3,-18.449036993333333,0.0092592433333322,-0.0479999999999999,0.536,0.4266666666666667,19.02098763333333,0.5457777777777794,4.595306,4.598203,4.6776195,4.7826023,4.5690503,0,0.0,0,1.0,-0.94,23.8,76.2
2023-03-01 03:15:00,200.154215694446,142.896783883334,142.916227555556,18.85,0.4266666666666667,28.3,2,5.1764362714980825,70.66250196097344,3,2,3,0.7071067811865476,0.7071067811865476,0.9749279121818236,-0.2225209339563143,1.0,6.123233995736766e-17,0.0,0.0,0.0,11.95,22.7,100.0,92.75,-5.425000000000001,3.3020859,0.0,-4.4,19.107407396666662,28.316666666666663,28.35,28.383333333333333,29.4,27.85,-18.423333333333336,-0.0870369933333314,-0.0613333333333333,0.488,0.2373333333333333,18.90493824777778,0.4835555555555572,4.5690503,4.595306,4.598203,4.6776195,4.56524,0,0.0,0,1.0,-0.96,24.6,75.4
2023-03-01 03:30:00,119.204953827778,69.891648672222,69.904148238886,19.107407396666662,0.2373333333333333,27.85,1,5.1764362714980825,70.66250196097344,3,2,3,0.7071067811865476,0.7071067811865476,0.9749279121818236,-0.2225209339563143,1.0,6.123233995736766e-17,0.0,0.0,0.0,11.6,22.7,100.0,92.5,-5.45,3.2931857,0.0,-4.4,19.15555554,28.3,28.316666666666663,28.35,28.383333333333333,27.55,-18.87007406333333,0.2574073966666645,-0.1893333333333333,0.4266666666666667,-0.0833333333333333,18.96481479666667,0.3840000000000017,4.56524,4.5690503,4.595306,4.598203,4.5289025,0,0.0,1,1.0,-0.91,22.4,77.6
2023-03-01 03:45:00,100.542922638886,63.502737572222,63.513570538886,19.15555554,-0.0833333333333333,27.55,1,5.1764362714980825,70.66250196097344,3,2,3,0.7071067811865476,0.7071067811865476,0.9749279121818236,-0.2225209339563143,1.0,6.123233995736766e-17,0.0,0.0,0.0,11.25,22.7,100.0,92.25,-5.475,3.284285,0.0,-4.4,18.98518518666667,27.85,28.3,28.316666666666663,28.35,27.78333333333333,-19.23888887333333,0.0481481433333357,-0.3206666666666666,0.2373333333333333,-0.0073333333333333,19.037654312222227,0.1935555555555572,4.5289025,4.56524,4.5690503,4.595306,4.5215898,0,0.0,0,1.0,-0.9,22.0,78.0
2023-03-01 04:00:00,204.951523827778,158.2111713,158.23172601111202,18.98518518666667,-0.0073333333333333,27.78333333333333,2,5.1764362714980825,70.66250196097344,4,2,3,0.8660254037844386,0.5000000000000001,0.9749279121818236,-0.2225209339563143,1.0,6.123233995736766e-17,0.0,0.0,0.0,10.9,22.7,100.0,92.0,-5.5,3.2753847,0.0,-4.4,19.32777775,27.55,27.85,28.3,28.316666666666663,27.1,-18.99251852,-0.1703703533333325,0.076,-0.0833333333333333,0.124,19.082716041111112,0.0488888888888905,4.5215898,4.5289025,4.56524,4.5690503,4.5003524,0,0.0,1,1.0,-0.94,23.5,76.5
2023-03-01 04:15:00,77.341906216666,40.651429427778,40.660873566664,19.32777775,0.124,27.1,1,5.1764362714980825,70.66250196097344,4,2,3,0.8660254037844386,0.5000000000000001,0.9749279121818236,-0.2225209339563143,1.0,6.123233995736766e-17,0.0,0.0,0.0,10.575,21.975,100.0,91.75,-5.6,3.2489986,0.0,-4.4750000000000005,19.187037046666667,27.78333333333333,27.55,27.85,28.3,26.716666666666665,-19.20377775,0.34259256333333,0.1313333333333333,-0.0073333333333333,0.0619999999999999,19.15617282555556,0.0111111111111127,4.5003524,4.5215898,4.5289025,4.56524,4.4000683,0,0.0,1,1.0,-0.86,20.6,79.4
2023-03-01 04:30:00,149.57373922777,95.647285055556,95.659506833332,19.187037046666667,0.0619999999999999,26.716666666666665,2,5.1764362714980825,70.66250196097344,4,2,3,0.8660254037844386,0.5000000000000001,0.9749279121818236,-0.2225209339563143,1.0,6.123233995736766e-17,0.0,0.0,0.0,10.25,21.25,100.0,91.5,-5.7,3.2227905,0.0,-4.550000000000001,19.14444446,27.1,27.78333333333333,27.55,27.85,26.95,-19.125037046666662,-0.1407407033333321,-0.062,0.124,-0.152,19.166666661111112,0.0595555555555571,4.4000683,4.5003524,4.5215898,4.5289025,4.427368,0,0.0,1,1.0,-0.9,21.9,78.1
2023-03-01 04:45:00,195.309131788888,138.69528528333402,138.711118049998,19.14444446,-0.152,26.95,2,5.1764362714980825,70.66250196097344,4,2,3,0.8660254037844386,0.5000000000000001,0.9749279121818236,-0.2225209339563143,1.0,6.123233995736766e-17,0.0,0.0,0.0,9.925,20.525,100.0,91.25,-5.800000000000001,3.196759,0.0,-4.625,19.34444441333333,26.716666666666665,27.1,27.78333333333333,27.55,26.53333333333333,-19.29644446,-0.0425925866666681,-0.214,0.0619999999999999,-0.244,19.21975308555556,0.0113333333333349,4.427368,4.4000683,4.5003524,4.5215898,4.4105744,0,0.0,0,1.0,-0.9,22.2,77.8
2023-03-01 05:00:00,61.200051850002,23.149629527778,23.154351588888,19.34444441333333,-0.244,26.53333333333333,1,5.1764362714980825,70.66250196097344,5,2,3,0.9659258262890684,0.2588190451025207,0.9749279121818236,-0.2225209339563143,1.0,6.123233995736766e-17,0.0,0.0,0.0,9.6,19.8,100.0,91.0,-5.9,3.170903,0.0,-4.7,19.08333333,26.95,26.716666666666665,27.1,27.78333333333333,26.85,-19.58844441333333,0.1999999533333358,-0.092,-0.152,-0.2806666666666667,19.225308640000005,-0.1113333333333317,4.4105744,4.427368,4.4000683,4.5003524,4.395074,0,0.0,1,1.0,-0.86,20.6,79.4
2023-03-01 05:15:00,165.018676872218,127.958492588888,127.97599192222,19.08333333,-0.2806666666666667,26.85,2,5.1764362714980825,70.66250196097344,5,2,3,0.9659258262890684,0.2588190451025207,0.9749279121818236,-0.2225209339563143,1.0,6.123233995736766e-17,0.0,0.0,0.0,9.4,19.075,100.0,90.75,-6.125,3.1227176,0.0,-4.875,19.25740741,26.53333333333333,26.95,26.716666666666665,27.1,26.816666666666663,-19.363999996666667,-0.2611110833333327,-0.0366666666666666,-0.244,-0.5333333333333333,19.190740734444447,-0.2255555555555539,4.395074,4.4105744,4.427368,4.4000683,4.4348865,0,0.0,1,1.0,-0.92,22.8,77.2
2023-03-01 05:30:00,148.701551683334,96.754463016666,96.767240288888,19.25740741,-0.5333333333333333,26.816666666666663,2,5.1764362714980825,70.66250196097344,5,2,3,0.9659258262890684,0.2588190451025207,0.9749279121818236,-0.2225209339563143,1.0,6.123233995736766e-17,0.0,0.0,0.0,9.2,18.35,100.0,90.5,-6.35,3.075183,0.0,-5.050000000000001,19.26666664,26.85,26.53333333333333,26.95,26.716666666666665,26.2,-19.79074074333333,0.1740740799999969,-0.2526666666666666,-0.2806666666666667,-0.7086666666666667,19.22839505111111,-0.3526666666666649,4.4348865,4.395074,4.4105744,4.427368,4.3352666,0,0.0,0,1.0,-0.88,21.3,78.7
2023-03-01 05:45:00,113.672675277772,61.032280811112,61.043947111108,19.26666664,-0.7086666666666667,26.2,1,5.1764362714980825,70.66250196097344,5,2,3,0.9659258262890684,0.2588190451025207,0.9749279121818236,-0.2225209339563143,1.0,6.123233995736766e-17,0.0,0.0,0.0,9.0,17.625,100.0,90.25,-6.575,3.028292,0.0,-5.2250000000000005,19.096296286666664,26.816666666666663,26.85,26.53333333333333,26.95,26.466666666666665,-19.975333306666663,0.0092592300000013,-0.1753333333333333,-0.5333333333333333,-0.9693333333333332,19.202469126666667,-0.5075555555555539,4.3352666,4.4348865,4.395074,4.4105744,4.33564,0,0.0,1,1.0,-0.88,21.3,78.7
2023-03-01 06:00:00,212.54372016111,173.64833153889,173.670830655556,19.096296286666664,-0.9693333333333332,26.466666666666665,2,5.1764362714980825,70.66250196097344,6,2,3,1.0,6.123233995736766e-17,0.9749279121818236,-0.2225209339563143,1.0,6.123233995736766e-17,0.0,0.0,0.0,8.8,16.9,100.0,90.0,-6.8,2.9820354,0.0,-5.4,19.34999997,26.2,26.816666666666663,26.85,26.53333333333333,26.15,-20.06562962,-0.170370353333336,-0.2606666666666666,-0.7086666666666667,-0.7739999999999999,19.206790112222222,-0.7371111111111094,4.33564,4.3352666,4.4348865,4.395074,4.348276,0,0.0,1,1.0,-0.92,22.8,77.2
2023-03-01 06:15:00,59.378458316658,11.740085944444,11.744808055552,19.34999997,-0.7739999999999999,26.15,1,5.1764362714980825,70.66250196097344,6,2,3,1.0,6.123233995736766e-17,0.9749279121818236,-0.2225209339563143,1.0,6.123233995736766e-17,0.0,0.0,0.0,9.0,17.075,100.0,90.0,-6.95,2.9499106,0.0,-5.550000000000001,19.144444476666667,26.466666666666665,26.2,26.816666666666663,26.85,26.183333333333334,-20.12399997,0.2537036833333346,0.1953333333333333,-0.9693333333333332,-1.0146666666666666,19.237654298888888,-0.8173333333333316,4.348276,4.33564,4.3352666,4.4348865,4.3014193,0,0.0,1,1.0,-0.86,20.6,79.4
2023-03-01 06:30:00,156.513183755552,119.374669305554,119.393279727774,19.144444476666667,-1.0146666666666666,26.183333333333334,2,5.1764362714980825,70.66250196097344,6,2,3,1.0,6.123233995736766e-17,0.9749279121818236,-0.2225209339563143,1.0,6.123233995736766e-17,0.0,0.0,0.0,9.2,17.25,100.0,90.0,-7.1,2.9180918,0.0,-5.7,19.19444444,26.15,26.466666666666665,26.2,26.816666666666663,26.1,-20.15911114333333,-0.2055554933333319,-0.2406666666666667,-0.7739999999999999,-1.2606666666666666,19.196913577777774,-0.9193333333333316,4.3014193,4.348276,4.33564,4.3352666,4.3003836,0,0.0,1,1.0,-0.91,22.4,77.6
2023-03-01 06:45:00,158.912809999996,114.740965727778,114.7579095,19.19444444,-1.2606666666666666,26.1,2,5.1764362714980825,70.66250196097344,6,2,3,1.0,6.123233995736766e-17,0.9749279121818236,-0.2225209339563143,1.0,6.123233995736766e-17,0.0,0.0,0.0,9.4,17.425,100.0,90.0,-7.25,2.8865745,0.0,-5.85,19.307407376666667,26.183333333333334,26.15,26.466666666666665,26.2,25.53333333333333,-20.455111106666664,0.049999963333331,-0.246,-1.0146666666666666,-1.0973333333333335,19.229629628888887,-1.0164444444444427,4.3003836,4.3014193,4.348276,4.33564,4.2351027,0,0.0,0,1.0,-0.9,22.0,78.0
2023-03-01 07:00:00,107.573196933332,45.115695266668,45.124028316666,19.307407376666667,-1.0973333333333335,25.53333333333333,1,5.1764362714980825,70.66250196097344,7,2,3,0.9659258262890684,-0.2588190451025206,0.9749279121818236,-0.2225209339563143,1.0,6.123233995736766e-17,0.0,0.0,0.0,9.6,17.6,100.0,90.0,-7.4,2.8553576,0.0,-6.0,19.06111111,26.1,26.183333333333334,26.15,26.466666666666665,25.85,-20.40474071,0.1129629366666691,0.1633333333333331,-1.2606666666666666,-0.8446666666666667,19.21543209777778,-1.1242222222222205,4.2351027,4.3003836,4.3014193,4.348276,4.2258415,0,0.0,1,1.0,-0.87,21.1,78.9
2023-03-01 07:15:00,188.186361061114,151.741152311112,151.76254033889,19.06111111,-0.8446666666666667,25.85,2,5.1764362714980825,70.66250196097344,7,2,3,0.9659258262890684,-0.2588190451025206,0.9749279121818236,-0.2225209339563143,1.0,6.123233995736766e-17,0.5,0.125,0.0416666666666666,9.9,17.700000000000003,100.0,90.5,-7.1000000000000005,2.9184194,0.0,-5.775,19.300000016666665,25.53333333333333,26.1,26.183333333333334,26.15,25.816666666666663,-19.905777776666667,-0.2462962666666648,0.2526666666666668,-1.0973333333333335,-0.08,19.18765430888889,-1.067555555555554,4.2258415,4.2351027,4.3003836,4.3014193,4.2802315,0,0.0,1,1.0,-0.93,23.2,76.8
2023-03-01 07:30:00,71.953788516662,35.483302811112,35.49302472222,19.300000016666665,-0.08,25.816666666666663,1,5.1764362714980825,70.66250196097344,7,2,3,0.9659258262890684,-0.2588190451025206,0.9749279121818236,-0.2225209339563143,1.0,6.123233995736766e-17,1.0,0.375,0.125,10.2,17.8,100.0,91.0,-6.800000000000001,2.9826877,0.0,-5.55,19.15000003,25.85,25.53333333333333,26.1,26.183333333333334,25.55,-19.380000016666663,0.2388889066666628,0.7646666666666667,-0.8446666666666667,-0.3973333333333333,19.222839501111117,-0.6739999999999985,4.2802315,4.2258415,4.2351027,4.3003836,4.198749,0,0.0,1,1.0,-0.87,21.1,78.9
2023-03-01 07:45:00,402.370849005554,87.445113172222,87.459834833332,19.15000003,-0.3973333333333333,25.55,2,5.1764362714980825,70.66250196097344,7,2,3,0.9659258262890684,-0.2588190451025206,0.9749279121818236,-0.2225209339563143,1.0,6.123233995736766e-17,1.5,0.75,0.25,10.5,17.9,100.0,91.5,-6.5,3.0481832,0.0,-5.324999999999999,19.105555566666663,25.816666666666663,25.85,25.53333333333333,26.1,25.966666666666665,-19.547333363333333,-0.1499999866666641,-0.3173333333333333,-0.08,-0.3546666666666667,19.17037038555556,-0.440666666666665,4.198749,4.2802315,4.2258415,4.2351027,4.256055,0,0.0,1,1.0,-0.91,22.5,77.5
2023-03-01 08:00:00,188.248303299992,142.367916188888,142.390137566664,19.105555566666663,-0.3546666666666667,25.966666666666665,2,5.1764362714980825,70.66250196097344,8,2,3,0.8660254037844387,-0.4999999999999998,0.9749279121818236,-0.2225209339563143,1.0,6.123233995736766e-17,2.0,1.25,0.4166666666666667,10.8,18.0,100.0,92.0,-6.2,3.1149256,0.0,-5.1,19.28888888,25.55,25.816666666666663,25.85,25.53333333333333,25.65,-19.460222233333333,-0.0444444633333347,0.0426666666666666,-0.3973333333333333,-0.2073333333333333,19.185185204444448,-0.2773333333333317,4.256055,4.198749,4.2802315,4.2258415,4.2498174,0,0.0,0,1.0,-0.92,22.8,77.2
2023-03-01 08:15:00,68.986962611112,18.437318044444,18.443984511108,19.28888888,-0.2073333333333333,25.65,1,5.1764362714980825,70.66250196097344,8,2,3,0.8660254037844387,-0.4999999999999998,0.9749279121818236,-0.2225209339563143,1.0,6.123233995736766e-17,20.5,6.25,2.125,10.075,18.45,100.0,90.75,-6.15,3.1227176,0.0,-4.875,19.053703726666665,25.966666666666665,25.55,25.816666666666663,25.85,25.683333333333334,-19.496222213333333,0.1833333133333319,0.1473333333333333,-0.3546666666666667,0.352,19.181481492222225,-0.3197777777777761,4.2498174,4.256055,4.198749,4.2802315,4.196759,0,0.0,1,1.0,-0.88,21.3,78.7
2023-03-01 08:30:00,180.606108866664,134.158800066668,134.179077138886,19.053703726666665,0.352,25.683333333333334,2,5.1764362714980825,70.66250196097344,8,2,3,0.8660254037844387,-0.4999999999999998,0.9749279121818236,-0.2225209339563143,1.0,6.123233995736766e-17,39.0,15.75,5.375,9.35,18.9,100.0,89.5,-6.1,3.1298366,0.0,-4.65,19.22777776,25.65,25.966666666666665,25.55,25.816666666666663,25.65,-18.701703726666665,-0.2351851533333331,0.5593333333333333,-0.2073333333333333,0.8473333333333333,19.149382724444443,-0.0699999999999983,4.196759,4.2498174,4.256055,4.198749,4.2345476,0,0.0,1,1.0,-0.93,23.3,76.7
2023-03-01 08:45:00,101.37400054444,64.252707555556,64.265762649998,19.22777776,0.8473333333333333,25.65,1,5.1764362714980825,70.66250196097344,8,2,3,0.8660254037844387,-0.4999999999999998,0.9749279121818236,-0.2225209339563143,1.0,6.123233995736766e-17,57.5,29.75,10.166666666666666,8.625,19.35,100.0,88.25,-6.05,3.1362622,0.0,-4.425,19.17962964,25.683333333333334,25.65,25.966666666666665,25.55,25.5,-18.380444426666664,0.1740740333333335,0.4953333333333332,0.352,0.9733333333333332,19.190123455555558,0.3306666666666683,4.2345476,4.196759,4.2498174,4.256055,4.1978583,0,0.0,1,1.0,-0.89,21.8,78.2
2023-03-01 09:00:00,96.04754694444,59.442899972222,59.45428848333,19.17962964,0.9733333333333332,25.5,1,5.1764362714980825,70.66250196097344,9,2,3,0.7071067811865476,-0.7071067811865475,0.9749279121818236,-0.2225209339563143,1.0,6.123233995736766e-17,76.0,48.25,16.5,7.9,19.8,100.0,87.0,-6.0,3.1419728,0.0,-4.2,19.01666667,25.65,25.683333333333334,25.65,25.966666666666665,25.8,-18.206296306666665,-0.0481481200000004,0.126,0.8473333333333333,1.4993333333333334,19.153703708888887,0.7242222222222239,4.1978583,4.2345476,4.196759,4.2498174,4.206622,0,0.0,0,1.0,-0.9,22.2,77.8
2023-03-01 09:15:00,185.829510972222,128.24625886111,128.264591511108,19.01666667,1.4993333333333334,25.8,2,5.1764362714980825,70.66250196097344,9,2,3,0.7071067811865476,-0.7071067811865475,0.9749279121818236,-0.2225209339563143,1.0,6.123233995736766e-17,102.75,68.8125,25.0625,6.925000000000001,19.25,100.0,84.0,-5.7,3.2170708,0.0,-3.375,19.074074076666665,25.5,25.65,25.683333333333334,25.65,25.53333333333333,-17.517333336666667,-0.1629629699999988,0.5260000000000001,0.9733333333333332,1.592,19.14135802333333,1.1066666666666682,4.206622,4.1978583,4.2345476,4.196759,4.177267,0,0.0,1,1.0,-0.94,23.6,76.4
2023-03-01 09:30:00,157.511477188884,103.7408502,103.755849649998,19.074074076666665,1.592,25.53333333333333,2,5.1764362714980825,70.66250196097344,9,2,3,0.7071067811865476,-0.7071067811865475,0.9749279121818236,-0.2225209339563143,1.0,6.123233995736766e-17,129.5,91.4375,35.854166666666664,5.95,18.700000000000003,100.0,81.0,-5.4,3.2884018,0.0,-2.55,18.94999996,25.8,25.5,25.65,25.683333333333334,25.9,-17.482074076666667,0.0574074066666661,0.0926666666666664,1.4993333333333334,1.4246666666666667,19.090123462222223,1.3548888888888904,4.177267,4.206622,4.1978583,4.2345476,4.2063413,0,0.0,0,1.0,-0.93,23.2,76.8
2023-03-01 09:45:00,181.254694138882,77.872996088888,77.887162238886,18.94999996,1.4246666666666667,25.9,2,5.1764362714980825,70.66250196097344,9,2,3,0.7071067811865476,-0.7071067811865475,0.9749279121818236,-0.2225209339563143,1.0,6.123233995736766e-17,156.25,116.125,48.875,4.975,18.15,100.0,78.0,-5.1,3.3553298,0.0,-1.725,18.93518517,25.53333333333333,25.8,25.5,25.65,26.466666666666665,-17.525333293333333,-0.1240741166666659,-0.1673333333333331,1.592,1.4926666666666668,19.013580235555555,1.5053333333333352,4.2063413,4.177267,4.206622,4.1978583,4.294614,0,0.0,0,1.0,-0.95,24.2,75.8
2023-03-01 10:00:00,85.765735883334,41.3808447,41.390288805554,18.93518517,1.4926666666666668,26.466666666666665,1,5.1764362714980825,70.66250196097344,10,2,3,0.4999999999999999,-0.8660254037844387,0.9749279121818236,-0.2225209339563143,1.0,6.123233995736766e-17,183.0,142.875,64.125,4.0,17.6,100.0,75.0,-4.8,3.41717,0.0,-0.9,18.82222223,25.9,25.53333333333333,25.8,25.5,26.85,-17.442518503333332,-0.014814789999999,0.068,1.4246666666666667,1.9253333333333331,18.98641973555556,1.5031111111111128,4.294614,4.2063413,4.177267,4.206622,4.3278375,0,0.0,1,1.0,-0.95,24.2,75.8
2023-03-01 10:15:00,873.5508898666681,141.582669816666,141.60378008888802,18.82222223,1.9253333333333331,26.85,2,5.1764362714980825,70.66250196097344,10,2,3,0.4999999999999999,-0.8660254037844387,0.9749279121818236,-0.2225209339563143,1.0,6.123233995736766e-17,207.75,169.125,81.39583333333333,4.725,18.05,100.0,73.0,-4.65,3.4552107,0.0,-0.35,19.077777816666664,26.466666666666665,25.9,25.53333333333333,25.8,26.816666666666663,-16.896888896666667,-0.1129629399999991,0.4326666666666665,1.4926666666666668,2.519333333333333,18.902469120000003,1.6142222222222242,4.3278375,4.294614,4.2063413,4.177267,4.3881793,0,0.0,1,1.0,-0.98,25.2,74.8
2023-03-01 10:30:00,1242.434189594442,35.0260989,35.035820727778,19.077777816666664,2.519333333333333,26.816666666666663,1,5.1764362714980825,70.66250196097344,10,2,3,0.4999999999999999,-0.8660254037844387,0.9749279121818236,-0.2225209339563143,1.0,6.123233995736766e-17,232.5,194.875,100.6875,5.45,18.5,100.0,71.0,-4.5,3.4904335,0.0,0.2,19.17222225,26.85,26.466666666666665,25.9,25.53333333333333,26.4,-16.558444483333332,0.255555586666663,0.5940000000000001,1.9253333333333331,2.978,18.94506173888889,1.9791111111111128,4.3881793,4.3278375,4.294614,4.2063413,4.3441205,0,0.0,1,1.0,-0.92,22.9,77.1
2023-03-01 10:45:00,1252.776831472218,70.524123355556,70.541067144444,19.17222225,2.978,26.4,1,5.1764362714980825,70.66250196097344,10,2,3,0.4999999999999999,-0.8660254037844387,0.9749279121818236,-0.2225209339563143,1.0,6.123233995736766e-17,257.25,220.125,122.0,6.175000000000001,18.95,100.0,69.0,-4.35,3.522599,0.0,0.7500000000000001,19.27962962333333,26.816666666666663,26.85,26.466666666666665,25.9,28.7,-16.19422225,0.0944444333333365,0.4586666666666668,2.519333333333333,3.0166666666666666,19.02407409888889,2.474222222222224,4.3441205,4.3881793,4.3278375,4.294614,4.752564,0,0.0,0,1.0,-0.9,22.1,77.9
2023-03-01 11:00:00,843.718194372222,78.38130903889001,78.396586211112,19.27962962333333,3.0166666666666666,28.7,2,5.1764362714980825,70.66250196097344,11,2,3,0.258819045102521,-0.9659258262890682,0.9749279121818236,-0.2225209339563143,1.0,6.123233995736766e-17,282.0,244.875,145.33333333333334,6.9,19.4,100.0,67.0,-4.2,3.5514543,0.0,1.3,19.28333335,26.4,26.816666666666663,26.85,26.466666666666665,28.8,-16.26296295666667,0.1074073733333342,0.0386666666666664,2.978,3.315333333333333,19.176543230000004,2.8380000000000014,4.752564,4.3441205,4.3881793,4.3278375,4.770164,0,0.0,1,1.0,-0.86,20.7,79.3
2023-03-01 11:15:00,54.128112722216,18.084276616666,18.091776366664,19.28333335,3.315333333333333,28.8,1,5.1764362714980825,70.66250196097344,11,2,3,0.258819045102521,-0.9659258262890682,0.9749279121818236,-0.2225209339563143,1.0,6.123233995736766e-17,287.5,264.8125,167.58333333333334,7.050000000000001,20.05,100.0,65.25,-4.3,3.5240514,0.0,1.575,18.99814813333333,28.7,26.4,26.816666666666663,26.85,29.05,-15.968000016666666,0.0037037266666644,0.2986666666666666,3.0166666666666666,3.716,19.245061741111112,3.103333333333335,4.770164,4.752564,4.3441205,4.3881793,4.731352,0,0.0,1,1.0,-0.86,20.7,79.3
2023-03-01 11:30:00,169.261284911108,115.36594076111,115.383717866664,18.99814813333333,3.716,29.05,2,5.1764362714980825,70.66250196097344,11,2,3,0.258819045102521,-0.9659258262890682,0.9749279121818236,-0.2225209339563143,1.0,6.123233995736766e-17,293.0,279.9375,188.75,7.2,20.7,100.0,63.5,-4.4,3.494194,0.0,1.85,19.12777775,28.8,28.7,26.4,26.816666666666663,29.9,-15.282148133333331,-0.2851852166666653,0.4006666666666669,3.315333333333333,3.606666666666667,19.18703703555556,3.3493333333333357,4.731352,4.770164,4.752564,4.3441205,4.907172,0,0.0,1,1.0,-0.93,23.1,76.9
2023-03-01 11:45:00,79.742643450002,24.624292755556,24.631236977776,19.12777775,3.606666666666667,29.9,1,5.1764362714980825,70.66250196097344,11,2,3,0.258819045102521,-0.9659258262890682,0.9749279121818236,-0.2225209339563143,1.0,6.123233995736766e-17,298.5,290.25,208.83333333333331,7.35,21.35,100.0,61.75,-4.5,3.4618092,0.0,2.125,19.03703703333333,29.05,28.8,28.7,26.4,29.066666666666663,-15.521111083333333,0.1296296166666657,-0.1093333333333332,3.716,3.816666666666667,19.13641974444445,3.5460000000000016,4.907172,4.731352,4.770164,4.752564,4.7449427,0,0.0,1,1.0,-0.89,21.8,78.2
2023-03-01 12:00:00,119.731043883334,63.885500044444,63.914943333332005,19.03703703333333,3.816666666666667,29.066666666666663,1,5.1764362714980825,70.66250196097344,12,2,3,1.2246467991473532e-16,-1.0,0.9749279121818236,-0.2225209339563143,1.0,6.123233995736766e-17,304.0,295.75,227.83333333333331,7.5,22.0,100.0,60.0,-4.6,3.4268234,0.0,2.4,18.95555553,29.9,29.05,28.8,28.7,29.4,-15.220370366666668,-0.0907407166666658,0.2099999999999999,3.606666666666667,3.8886666666666665,19.054320972222225,3.713111111111113,4.7449427,4.907172,4.731352,4.770164,4.776332,0,0.0,0,1.0,-0.92,22.8,77.2
2023-03-01 12:15:00,263.031145033332,152.440013255556,152.520287877776,18.95555553,3.8886666666666665,29.4,2,5.1764362714980825,70.66250196097344,12,2,3,1.2246467991473532e-16,-1.0,0.9749279121818236,-0.2225209339563143,1.0,6.123233995736766e-17,299.5,298.75,244.22916666666663,7.55,21.8,100.0,58.75,-4.625,3.4124978,0.0,2.65,19.224074066666667,29.066666666666663,29.9,29.05,28.8,29.416666666666668,-15.066888863333336,-0.0814815033333324,0.0719999999999996,3.816666666666667,3.966666666666667,19.04012343777778,3.770666666666669,4.776332,4.7449427,4.907172,4.731352,4.8553267,0,0.0,1,1.0,-0.93,23.4,76.6
2023-03-01 12:30:00,135.179870538882,23.919043166668,23.9865405,19.224074066666667,3.966666666666667,29.416666666666668,1,5.1764362714980825,70.66250196097344,12,2,3,1.2246467991473532e-16,-1.0,0.9749279121818236,-0.2225209339563143,1.0,6.123233995736766e-17,295.0,299.25,258.0208333333333,7.6,21.6,100.0,57.5,-4.65,3.396574,0.0,2.9,19.07222223,29.4,29.066666666666663,29.9,29.05,28.6,-15.2574074,0.2685185366666651,0.0780000000000002,3.8886666666666665,3.686,19.072222210000003,3.890666666666668,4.8553267,4.776332,4.7449427,4.907172,4.678464,0,0.0,1,1.0,-0.87,21.1,78.9
2023-03-01 12:45:00,183.140451955552,64.5015865,64.573528105554,19.07222223,3.686,28.6,1,5.1764362714980825,70.66250196097344,12,2,3,1.2246467991473532e-16,-1.0,0.9749279121818236,-0.2225209339563143,1.0,6.123233995736766e-17,290.5,297.25,269.2083333333333,7.65,21.4,100.0,56.25,-4.675,3.379009,0.0,3.15,18.97777778,29.416666666666668,29.4,29.066666666666663,29.9,29.616666666666667,-15.38622223,-0.1518518366666654,-0.2806666666666668,3.966666666666667,3.814666666666666,19.08395060888889,3.8471111111111127,4.678464,4.8553267,4.776332,4.7449427,4.817848,0,0.0,0,1.0,-0.91,22.5,77.5
2023-03-01 13:00:00,260.84734345555603,138.795559072222,138.873611533332,18.97777778,3.814666666666666,29.616666666666667,2,5.1764362714980825,70.66250196097344,13,2,3,-0.2588190451025208,-0.9659258262890684,0.9749279121818236,-0.2225209339563143,1.0,6.123233995736766e-17,286.0,292.75,277.7916666666667,7.7,21.2,100.0,55.0,-4.7,3.3597572,0.0,3.4,19.20555557,28.6,29.416666666666668,29.4,29.066666666666663,29.3,-15.163111113333333,-0.094444450000001,0.1286666666666667,3.686,3.454,19.091358025555557,3.822444444444446,4.817848,4.678464,4.8553267,4.776332,4.8307953,0,0.0,1,1.0,-0.93,23.2,76.8
2023-03-01 13:15:00,46.09676722222,0.0,0.0,19.20555557,3.454,29.3,0,5.1764362714980825,70.66250196097344,13,2,3,-0.2588190451025208,-0.9659258262890684,0.9749279121818236,-0.2225209339563143,1.0,6.123233995736766e-17,245.75,279.3125,280.9583333333333,7.625,21.2,100.0,56.25,-4.525,3.4131722,0.0,3.3,19.00925929,29.616666666666667,28.6,29.416666666666668,29.4,29.183333333333334,-15.75155557,0.2277777900000011,-0.3606666666666664,3.814666666666666,3.5506666666666664,19.08518519333333,3.651555555555557,4.8307953,4.817848,4.678464,4.8553267,4.7561855,1,1.0,1,0.75,-0.88,21.2,78.8
2023-03-01 13:30:00,133.170506250002,97.078061172222,97.093893905554,19.00925929,3.5506666666666664,29.183333333333334,2,5.1764362714980825,70.66250196097344,13,2,3,-0.2588190451025208,-0.9659258262890684,0.9749279121818236,-0.2225209339563143,1.0,6.123233995736766e-17,205.5,256.9375,278.7083333333333,7.550000000000001,21.2,100.0,57.5,-4.35,3.4657044,0.0,3.2,19.03333336,29.3,29.616666666666667,28.6,29.416666666666668,29.4,-15.458592623333333,-0.1962962800000021,0.0966666666666662,3.454,3.8986666666666663,19.064197546666666,3.606444444444446,4.7561855,4.8307953,4.817848,4.678464,4.798309,0,1.0,1,0.75,-0.92,23.0,77.0
2023-03-01 13:45:00,475.699304649998,130.632830027778,130.65338477222198,19.03333336,3.8986666666666663,29.4,2,5.1764362714980825,70.66250196097344,13,2,3,-0.2588190451025208,-0.9659258262890684,0.9749279121818236,-0.2225209339563143,1.0,6.123233995736766e-17,165.25,225.625,271.0416666666667,7.475,21.2,100.0,58.75,-4.175,3.517363,0.0,3.1,19.294444436666662,29.183333333333334,29.3,29.616666666666667,28.6,28.383333333333333,-15.13466669333333,0.0240740699999975,0.3480000000000003,3.5506666666666664,4.245333333333333,19.082716073333334,3.634444444444446,4.798309,4.7561855,4.8307953,4.817848,4.7042284,0,1.0,0,0.75,-0.92,22.7,77.3
2023-03-01 14:00:00,60.55091128333,0.0,0.0,19.294444436666662,4.245333333333333,28.383333333333333,0,5.1764362714980825,70.66250196097344,14,2,3,-0.4999999999999997,-0.8660254037844388,0.9749279121818236,-0.2225209339563143,1.0,6.123233995736766e-17,125.0,185.375,257.9583333333333,7.4,21.2,100.0,60.0,-4.0,3.568156,0.0,3.0,19.1166667,29.4,29.183333333333334,29.3,29.616666666666667,28.05,-15.049111103333331,0.2611110766666691,0.3466666666666662,3.8986666666666663,4.623333333333333,19.11234569555556,3.898222222222224,4.7042284,4.798309,4.7561855,4.8307953,4.6005363,1,2.0,1,0.5,-0.86,20.7,79.3
2023-03-01 14:15:00,131.230861772218,82.592529483334,82.606973405554,19.1166667,4.623333333333333,28.05,2,5.1764362714980825,70.66250196097344,14,2,3,-0.4999999999999997,-0.8660254037844388,0.9749279121818236,-0.2225209339563143,1.0,6.123233995736766e-17,116.75,153.125,243.72916666666663,7.9,20.5,100.0,63.0,-3.525,3.70897,0.025,2.85,19.105555566666663,28.383333333333333,29.4,29.183333333333334,29.3,28.466666666666665,-14.493333366666668,-0.1777777366666662,0.3780000000000001,4.245333333333333,4.744666666666666,19.148148165555558,4.255777777777779,4.6005363,4.7042284,4.798309,4.7561855,4.6658163,0,1.0,1,0.75,-0.9,22.3,77.7
2023-03-01 14:30:00,230.260233655556,162.1001824,162.147402744444,19.105555566666663,4.744666666666666,28.466666666666665,2,5.1764362714980825,70.66250196097344,14,2,3,-0.4999999999999997,-0.8660254037844388,0.9749279121818236,-0.2225209339563143,1.0,6.123233995736766e-17,108.5,128.875,228.35416666666663,8.4,19.8,100.0,66.0,-3.05,3.8465502,0.05,2.7,19.37777776,28.05,28.383333333333333,29.4,29.183333333333334,27.75,-14.3608889,-0.0111111333333333,0.1213333333333333,4.623333333333333,5.1593333333333335,19.172222234444444,4.537777777777779,4.6658163,4.6005363,4.7042284,4.798309,4.6218762,0,1.0,0,0.75,-0.9,22.3,77.7
2023-03-01 14:45:00,121.522638866668,0.0,0.0,19.37777776,5.1593333333333335,27.75,0,5.1764362714980825,70.66250196097344,14,2,3,-0.4999999999999997,-0.8660254037844388,0.9749279121818236,-0.2225209339563143,1.0,6.123233995736766e-17,100.25,112.625,211.83333333333331,8.9,19.1,100.0,69.0,-2.575,3.9809413,0.075,2.55,19.207407433333334,28.466666666666665,28.05,28.383333333333333,29.4,27.216666666666665,-14.218444426666668,0.2722221933333344,0.4146666666666672,4.744666666666666,5.431333333333333,19.20000000888889,4.842444444444446,4.6218762,4.6658163,4.6005363,4.7042284,4.4877996,1,2.0,1,0.5,-0.85,20.1,79.9
2023-03-01 15:00:00,185.78090188333,79.70042295555601,79.77653109444199,19.207407433333334,5.431333333333333,27.216666666666665,2,5.1764362714980825,70.66250196097344,15,2,3,-0.7071067811865471,-0.7071067811865479,0.9749279121818236,-0.2225209339563143,1.0,6.123233995736766e-17,92.0,104.375,194.16666666666663,9.4,18.4,100.0,72.0,-2.1,4.1121883,0.1,2.4,19.18888889,27.75,28.466666666666665,28.05,28.383333333333333,27.8,-13.7760741,-0.1703703266666671,0.2719999999999993,5.1593333333333335,5.335333333333334,19.23024692,5.111777777777779,4.4877996,4.6218762,4.6658163,4.6005363,4.5789857,0,1.0,1,0.75,-0.89,21.6,78.4
2023-03-01 15:15:00,225.773191011108,103.581689883334,103.65557586111,19.18888889,5.335333333333334,27.8,2,5.1764362714980825,70.66250196097344,15,2,3,-0.7071067811865471,-0.7071067811865479,0.9749279121818236,-0.2225209339563143,1.0,6.123233995736766e-17,101.0,100.4375,177.625,9.15,19.55,100.0,71.5,-2.05,4.125178,0.075,2.55,19.316666663333333,27.216666666666665,27.75,28.466666666666665,28.05,27.53333333333333,-13.853555556666665,-0.0185185433333359,-0.0959999999999992,5.431333333333333,5.357333333333333,19.258024694444444,5.308666666666668,4.5789857,4.4877996,4.6218762,4.6658163,4.569325,0,1.0,0,0.75,-0.89,21.7,78.3
2023-03-01 15:30:00,101.329002327774,0.0,0.0,19.316666663333333,5.357333333333333,27.53333333333333,0,5.1764362714980825,70.66250196097344,15,2,3,-0.7071067811865471,-0.7071067811865479,0.9749279121818236,-0.2225209339563143,1.0,6.123233995736766e-17,110.0,100.8125,162.20833333333334,8.9,20.7,100.0,71.0,-2.0,4.1379557,0.05,2.7,19.03888886,27.8,27.216666666666665,27.75,28.466666666666665,27.55,-13.95933333,0.1277777733333351,0.0219999999999993,5.335333333333334,5.324,19.23765432888889,5.374666666666669,4.569325,4.5789857,4.4877996,4.6218762,4.4978495,1,2.0,1,0.5,-0.86,20.7,79.3
2023-03-01 15:45:00,180.65027361667,104.914692127778,104.9649679,19.03888886,5.324,27.55,2,5.1764362714980825,70.66250196097344,15,2,3,-0.7071067811865471,-0.7071067811865479,0.9749279121818236,-0.2225209339563143,1.0,6.123233995736766e-17,119.0,105.5,147.91666666666666,8.65,21.85,100.0,70.5,-1.95,4.1505136,0.0249999999999999,2.85,19.15000001,27.53333333333333,27.8,27.216666666666665,27.75,27.966666666666665,-13.71488886,-0.2777778033333327,-0.0333333333333332,5.357333333333333,4.002666666666666,19.181481471111116,5.3388888888888895,4.4978495,4.569325,4.5789857,4.4877996,4.5958915,0,1.0,1,0.75,-0.92,23.1,76.9
2023-03-01 16:00:00,172.029507394446,94.82981773889,94.879260227778,19.15000001,4.002666666666666,27.966666666666665,2,5.1764362714980825,70.66250196097344,16,2,3,-0.8660254037844385,-0.5000000000000004,0.9749279121818236,-0.2225209339563143,1.0,6.123233995736766e-17,128.0,114.5,134.75,8.4,23.0,100.0,70.0,-1.9,4.1628485,0.0,3.0,19.26666667,27.55,27.53333333333333,27.8,27.216666666666665,27.7,-15.147333343333331,0.1111111499999992,-1.3213333333333337,5.324,3.259333333333333,19.168518511111117,4.8946666666666685,4.5958915,4.4978495,4.569325,4.5789857,4.583469,0,1.0,0,0.75,-0.9,22.0,78.0
2023-03-01 16:15:00,103.063099711104,18.247881188888,18.28871292222,19.26666667,3.259333333333333,27.7,1,5.1764362714980825,70.66250196097344,16,2,3,-0.8660254037844385,-0.5000000000000004,0.9749279121818236,-0.2225209339563143,1.0,6.123233995736766e-17,115.25,118.0625,123.875,8.925,23.275,100.0,67.75,-2.15,4.0972204,0.0,3.25,19.01851852,27.966666666666665,27.55,27.53333333333333,27.8,27.966666666666665,-16.007333336666665,0.1166666599999999,-0.7433333333333332,4.002666666666666,2.848,19.15185184666667,4.195333333333335,4.583469,4.5958915,4.4978495,4.569325,4.560389,0,1.0,1,0.75,-0.87,21.0,79.0
2023-03-01 16:30:00,201.929978044444,117.717513327778,117.762233788888,19.01851852,2.848,27.966666666666665,2,5.1764362714980825,70.66250196097344,16,2,3,-0.8660254037844385,-0.5000000000000004,0.9749279121818236,-0.2225209339563143,1.0,6.123233995736766e-17,102.5,116.1875,115.29166666666669,9.45,23.55,100.0,65.5,-2.4,4.028038,0.0,3.5,19.20000001,27.7,27.966666666666665,27.55,27.53333333333333,28.0,-16.17051852,-0.2481481499999986,-0.4113333333333333,3.259333333333333,2.622,19.145061733333332,3.370000000000001,4.560389,4.583469,4.5958915,4.4978495,4.6149487,0,0.0,1,1.0,-0.93,23.2,76.8
2023-03-01 16:45:00,153.691629872222,78.90406592777799,78.942397727778,19.20000001,2.622,28.0,2,5.1764362714980825,70.66250196097344,16,2,3,-0.8660254037844385,-0.5000000000000004,0.9749279121818236,-0.2225209339563143,1.0,6.123233995736766e-17,89.75,108.875,109.0,9.975,23.825000000000003,100.0,63.25,-2.65,3.955213,0.0,3.75,19.227777776666663,27.966666666666665,27.7,27.966666666666665,27.55,28.0,-16.57800001,0.1814814899999994,-0.2259999999999999,2.848,2.5973333333333333,19.1617284,2.9097777777777787,4.6149487,4.560389,4.583469,4.5958915,4.6225076,0,0.0,0,1.0,-0.89,21.5,78.5
2023-03-01 17:00:00,110.687794677772,36.140221016666,36.172997555552,19.227777776666663,2.5973333333333333,28.0,1,5.1764362714980825,70.66250196097344,17,2,3,-0.9659258262890684,-0.2588190451025206,0.9749279121818236,-0.2225209339563143,1.0,6.123233995736766e-17,77.0,96.125,105.0,10.5,24.1,100.0,61.0,-2.9,3.8786554,0.0,4.0,19.0388889,28.0,27.966666666666665,27.7,27.966666666666665,28.35,-16.63044444333333,0.0277777666666629,-0.0246666666666666,2.622,2.5046666666666666,19.14876543555556,2.6891111111111123,4.6225076,4.6149487,4.560389,4.583469,4.628459,0,0.0,1,1.0,-0.88,21.3,78.7
2023-03-01 17:15:00,204.438210994446,140.332997555556,140.37660696111,19.0388889,2.5046666666666666,28.35,2,5.1764362714980825,70.66250196097344,17,2,3,-0.9659258262890684,-0.2588190451025206,0.9749279121818236,-0.2225209339563143,1.0,6.123233995736766e-17,78.5,86.9375,101.8125,10.075,23.65,100.0,61.0,-2.875,3.891596,0.0,4.05,19.309259246666667,28.0,28.0,27.966666666666665,27.7,28.316666666666663,-16.534222233333335,-0.1888888766666632,-0.0926666666666666,2.5973333333333333,2.284,19.155555562222226,2.574666666666668,4.628459,4.6225076,4.6149487,4.560389,4.6972747,0,0.0,1,1.0,-0.92,22.9,77.1
2023-03-01 17:30:00,127.30462986111,59.775664427778,59.810663077776,19.309259246666667,2.284,28.316666666666663,1,5.1764362714980825,70.66250196097344,17,2,3,-0.9659258262890684,-0.2588190451025206,0.9749279121818236,-0.2225209339563143,1.0,6.123233995736766e-17,80.0,81.3125,99.4375,9.65,23.200000000000003,100.0,61.0,-2.85,3.904575,0.0,4.1,19.28333332,28.35,28.0,28.0,27.966666666666665,28.05,-17.025259246666668,0.2703703466666667,-0.2206666666666668,2.5046666666666666,2.088,19.191975307777778,2.462000000000001,4.6972747,4.628459,4.6225076,4.6149487,4.645941,0,0.0,1,1.0,-0.86,20.6,79.4
2023-03-01 17:45:00,138.42057403889,48.155573683334,48.188905733332,19.28333332,2.088,28.05,1,5.1764362714980825,70.66250196097344,17,2,3,-0.9659258262890684,-0.2588190451025206,0.9749279121818236,-0.2225209339563143,1.0,6.123233995736766e-17,81.5,79.25,97.875,9.225,22.75,100.0,61.0,-2.825,3.9175923,0.0,4.15,19.096296286666664,28.316666666666663,28.35,28.0,28.0,28.466666666666665,-17.19533332,-0.025925926666666,-0.1959999999999997,2.284,1.8206666666666669,19.210493822222222,2.2922222222222235,4.645941,4.6972747,4.628459,4.6225076,4.66327,0,0.0,0,1.0,-0.87,20.8,79.2
2023-03-01 18:00:00,219.431500172222,149.758731677776,149.803174366664,19.096296286666664,1.8206666666666669,28.466666666666665,2,5.1764362714980825,70.66250196097344,18,2,3,-1.0,-1.8369701987210294e-16,0.9749279121818236,-0.2225209339563143,1.0,6.123233995736766e-17,83.0,80.75,97.125,8.8,22.3,100.0,61.0,-2.8,3.930646,0.0,4.2,19.36666663,28.05,28.316666666666663,28.35,28.0,28.8,-17.275629619999997,-0.1870370333333362,-0.2673333333333334,2.088,1.8066666666666669,19.22962961777778,2.0642222222222237,4.66327,4.645941,4.6972747,4.628459,4.7936225,0,0.0,1,1.0,-0.91,22.4,77.6
2023-03-01 18:15:00,955.343451333336,27.410292427778,27.448624244444,19.36666663,1.8066666666666669,28.8,1,5.1764362714980825,70.66250196097344,18,2,3,-1.0,-1.8369701987210294e-16,0.9749279121818236,-0.2225209339563143,1.0,6.123233995736766e-17,65.25,77.4375,94.14583333333331,8.600000000000001,21.575,85.25,62.0,-2.575,3.988444,0.0,4.175,19.29999997,28.466666666666665,28.05,28.316666666666663,28.35,32.583333333333336,-17.559999963333333,0.2703703433333366,-0.0139999999999997,1.8206666666666669,1.764,19.248765412222223,1.9051111111111128,4.7936225,4.66327,4.645941,4.6972747,5.4020996,0,0.0,1,1.0,-0.84,20.0,80.0
2023-03-01 18:30:00,401.097011044444,0.0,0.0,19.29999997,1.764,32.583333333333336,0,5.1764362714980825,70.66250196097344,18,2,3,-1.0,-1.8369701987210294e-16,0.9749279121818236,-0.2225209339563143,1.0,6.123233995736766e-17,47.5,69.3125,88.9375,8.4,20.85,70.5,63.0,-2.35,4.0460377,0.0,4.15,19.13333332,28.8,28.466666666666665,28.05,28.316666666666663,34.75,-17.53599997,-0.0666666600000027,-0.0426666666666668,1.8066666666666669,1.732,19.254320962222224,1.7971111111111129,5.4020996,4.7936225,4.66327,4.645941,5.705021,1,1.0,1,0.75,-0.84,19.8,80.2
2023-03-01 18:45:00,900.876463483334,0.0,0.0,19.13333332,1.732,34.75,0,5.1764362714980825,70.66250196097344,18,2,3,-1.0,-1.8369701987210294e-16,0.9749279121818236,-0.2225209339563143,1.0,6.123233995736766e-17,29.750000000000007,56.375,81.5,8.2,20.125,55.75,64.0,-2.125,4.1034265,0.0,4.125,18.96666667,32.583333333333336,28.8,28.466666666666665,28.05,35.06666666666667,-17.401333320000003,-0.1666666499999962,-0.032,1.764,1.7526666666666666,19.26666664,1.7675555555555569,5.705021,5.4020996,4.7936225,4.66327,5.700678,0,2.0,0,0.5,-0.86,20.8,79.2
2023-03-01 19:00:00,926.949031772218,0.0,0.0,18.96666667,1.7526666666666666,35.06666666666667,0,5.1764362714980825,70.66250196097344,19,2,3,-0.9659258262890684,0.2588190451025203,0.9749279121818236,-0.2225209339563143,1.0,6.123233995736766e-17,12.0,38.625,71.83333333333333,8.0,19.4,41.0,65.0,-1.9,4.1606126,0.0,4.1,18.805555570000003,34.75,32.583333333333336,28.8,28.466666666666665,34.1,-17.214000003333332,-0.1666666500000033,0.0206666666666666,1.732,1.7373333333333332,19.13333332,1.749555555555557,5.700678,5.705021,5.4020996,4.7936225,5.491022,0,3.0,0,0.25,-0.9,22.2,77.8
2023-03-01 19:15:00,166.068357066664,0.0,0.0,18.805555570000003,1.7373333333333332,34.1,0,5.1764362714980825,70.66250196097344,19,2,3,-0.9659258262890684,0.2588190451025203,0.9749279121818236,-0.2225209339563143,1.0,6.123233995736766e-17,9.0,24.5625,62.97916666666666,8.0,18.875,41.25,68.75,-1.925,4.185654,0.0,3.35,18.68518517,35.06666666666667,34.75,32.583333333333336,28.8,33.53333333333333,-17.06822223666667,-0.1611110999999958,-0.0153333333333334,1.7526666666666666,1.7573333333333332,18.968518520000003,1.740666666666668,5.491022,5.700678,5.705021,5.4020996,5.3614726,0,4.0,0,0.0,-0.94,23.8,76.2
2023-03-01 19:30:00,156.15514246111002,0.0,0.0,18.68518517,1.7573333333333332,33.53333333333333,0,5.1764362714980825,70.66250196097344,19,2,3,-0.9659258262890684,0.2588190451025203,0.9749279121818236,-0.2225209339563143,1.0,6.123233995736766e-17,6.0,14.187500000000002,54.9375,8.0,18.35,41.5,72.5,-1.95,4.1969995,0.0,2.6,18.56666669,34.1,35.06666666666667,34.75,32.583333333333336,33.5,-16.92785183666667,-0.1203704000000023,0.02,1.7373333333333332,1.6013333333333333,18.81913580333333,1.7491111111111124,5.3614726,5.491022,5.700678,5.705021,5.3186984,0,4.0,0,0.0,-0.97,25.1,74.9
2023-03-01 19:45:00,169.565716950006,26.4306094,26.494217955556,18.56666669,1.6013333333333333,33.5,1,5.1764362714980825,70.66250196097344,19,2,3,-0.9659258262890684,0.2588190451025203,0.9749279121818236,-0.2225209339563143,1.0,6.123233995736766e-17,3.0,7.5,47.708333333333336,8.0,17.825,41.75,76.25,-1.975,4.1957846,0.0,1.85,18.58518518,33.53333333333333,34.1,35.06666666666667,34.75,33.5,-16.965333356666665,-0.1185184800000023,-0.1559999999999999,1.7573333333333332,1.5546666666666666,18.68580247666667,1.698666666666668,5.3186984,5.3614726,5.491022,5.700678,5.324535,0,3.0,1,0.25,-1.0,26.2,73.8
2023-03-01 20:00:00,271.856069855552,129.792308133332,129.86674962222,18.58518518,1.5546666666666666,33.5,2,5.1764362714980825,70.66250196097344,20,2,3,-0.8660254037844386,0.5000000000000001,0.9749279121818236,-0.2225209339563143,1.0,6.123233995736766e-17,0.0,4.5,41.29166666666666,8.0,17.3,42.0,80.0,-2.0,4.1830835,0.0,1.1,18.911111100000003,33.5,33.53333333333333,34.1,35.06666666666667,33.05,-17.030518513333334,0.0185184900000017,-0.0466666666666666,1.6013333333333333,1.642,18.61234568,1.637777777777779,5.324535,5.3186984,5.3614726,5.491022,5.3552394,0,2.0,1,0.5,-1.0,26.0,74.0
2023-03-01 20:15:00,158.091176083334,25.0439982,25.106495716666,18.911111100000003,1.642,33.05,1,5.1764362714980825,70.66250196097344,20,2,3,-0.8660254037844386,0.5000000000000001,0.9749279121818236,-0.2225209339563143,1.0,6.123233995736766e-17,0.0,2.25,34.75,7.5,16.3,56.5,80.0,-1.6,4.298691,0.0,1.5,18.86666663333333,33.5,33.5,33.53333333333333,34.1,32.25,-17.269111100000003,0.3259259200000031,0.0873333333333332,1.5546666666666666,1.6273333333333333,18.687654323333337,1.5993333333333346,5.3552394,5.324535,5.3186984,5.3614726,5.2119107,0,1.0,1,0.75,-0.92,23.1,76.9
2023-03-01 20:30:00,159.386679811112,18.981740683334,19.044515955556,18.86666663333333,1.6273333333333333,32.25,1,5.1764362714980825,70.66250196097344,20,2,3,-0.8660254037844386,0.5000000000000001,0.9749279121818236,-0.2225209339563143,1.0,6.123233995736766e-17,0.0,0.75,28.08333333333333,7.0,15.3,71.0,80.0,-1.2,4.417089,0.0,1.9,18.74999998,33.05,33.5,33.5,33.53333333333333,33.25,-17.239333300000002,-0.0444444666666683,-0.0146666666666666,1.642,1.4526666666666666,18.787654304444448,1.6080000000000014,5.2119107,5.3552394,5.324535,5.3186984,5.336593,0,0.0,0,1.0,-0.94,23.6,76.4
2023-03-01 20:45:00,260.892619411112,123.509781644444,123.5842231,18.74999998,1.4526666666666666,33.25,2,5.1764362714980825,70.66250196097344,20,2,3,-0.8660254037844386,0.5000000000000001,0.9749279121818236,-0.2225209339563143,1.0,6.123233995736766e-17,0.0,0.0,21.291666666666668,6.5,14.3,85.5,80.0,-0.7999999999999998,4.5383344,0.0,2.3000000000000003,19.042592603333333,32.25,33.05,33.5,33.5,33.6,-17.297333313333333,-0.1166666533333362,-0.1746666666666667,1.6273333333333333,1.376,18.842592571111112,1.5740000000000014,5.336593,5.2119107,5.3552394,5.324535,5.4867783,0,0.0,1,1.0,-0.96,24.5,75.5
2023-03-01 21:00:00,158.603933322224,34.393068672222,34.457232805554,19.042592603333333,1.376,33.6,1,5.1764362714980825,70.66250196097344,21,2,3,-0.7071067811865477,0.7071067811865474,0.9749279121818236,-0.2225209339563143,1.0,6.123233995736766e-17,0.0,0.0,14.375,6.0,13.3,100.0,80.0,-0.4,4.662485,0.0,2.7,18.99444443,33.25,32.25,33.05,33.5,33.0,-17.66659260333333,0.2925926233333342,-0.0766666666666664,1.4526666666666666,1.32,18.88641973888889,1.485333333333335,5.4867783,5.336593,5.2119107,5.3552394,5.3735113,0,0.0,1,1.0,-0.89,21.8,78.2
2023-03-01 21:15:00,133.12411923889,0.0,0.0,18.99444443,1.32,33.0,0,5.1764362714980825,70.66250196097344,21,2,3,-0.7071067811865477,0.7071067811865474,0.9749279121818236,-0.2225209339563143,1.0,6.123233995736766e-17,0.0,0.0,8.9375,6.8,13.75,85.0,79.0,-0.4,4.666598,0.0,2.9000000000000004,18.809259256666667,33.6,33.25,32.25,33.05,33.18333333333333,-17.674444429999998,-0.0481481733333346,-0.056,1.376,1.252,18.929012337777777,1.3828888888888902,5.3735113,5.4867783,5.336593,5.2119107,5.3445845,1,1.0,1,0.75,-0.91,22.3,77.7
2023-03-01 21:30:00,590.811644438886,117.557797483334,117.623905972222,18.809259256666667,1.252,33.18333333333333,2,5.1764362714980825,70.66250196097344,21,2,3,-0.7071067811865477,0.7071067811865474,0.9749279121818236,-0.2225209339563143,1.0,6.123233995736766e-17,0.0,0.0,4.979166666666667,7.6,14.2,70.0,78.0,-0.4,4.669861,0.0,3.1,19.03888887,33.0,33.6,33.25,32.25,33.05,-17.55725925666667,-0.1851851733333305,-0.068,1.32,1.2033333333333334,18.94876543,1.3160000000000014,5.3445845,5.3735113,5.4867783,5.336593,5.395787,0,1.0,1,0.75,-0.95,24.0,76.0
2023-03-01 21:45:00,156.434853538886,68.926687288888,68.952797394442,19.03888887,1.2033333333333334,33.05,1,5.1764362714980825,70.66250196097344,21,2,3,-0.7071067811865477,0.7071067811865474,0.9749279121818236,-0.2225209339563143,1.0,6.123233995736766e-17,0.0,0.0,2.5,8.399999999999999,14.65,55.0,77.0,-0.4,4.6722536,0.0,3.3,19.11296293333333,33.18333333333333,33.0,33.6,33.25,32.06666666666667,-17.835555536666668,0.2296296133333335,-0.0486666666666666,1.252,1.161333333333333,18.947530852222226,1.2584444444444458,5.395787,5.3445845,5.3735113,5.4867783,5.2581687,0,1.0,1,0.75,-0.9,21.9,78.1
2023-03-01 22:00:00,79.584316566664,0.0,0.0,19.11296293333333,1.161333333333333,32.06666666666667,0,5.1764362714980825,70.66250196097344,22,2,3,-0.5000000000000004,0.8660254037844384,0.9749279121818236,-0.2225209339563143,1.0,6.123233995736766e-17,0.0,0.0,1.5,9.2,15.1,40.0,76.0,-0.4,4.673754,0.0,3.5,18.88888886,33.05,33.18333333333333,33.0,33.6,32.4,-17.9516296,0.074074063333331,-0.0420000000000002,1.2033333333333334,1.158,18.98703702,1.2055555555555568,5.2581687,5.395787,5.3445845,5.3735113,5.2430305,1,2.0,1,0.5,-0.88,21.5,78.5
2023-03-01 22:15:00,175.92685147778,114.80485203889,114.824295727778,18.88888886,1.158,32.4,2,5.1764362714980825,70.66250196097344,22,2,3,-0.5000000000000004,0.8660254037844384,0.9749279121818236,-0.2225209339563143,1.0,6.123233995736766e-17,0.0,0.0,0.75,8.575,15.275,52.25,76.75,-0.525,4.6259623,0.0,3.2,19.122222253333334,32.06666666666667,33.05,33.18333333333333,33.0,32.6,-17.73088886,-0.2240740733333304,-0.0033333333333329,1.161333333333333,1.2753333333333332,19.013580221111116,1.1742222222222238,5.2430305,5.2581687,5.395787,5.3445845,5.348542,0,1.0,1,0.75,-0.93,23.4,76.6
2023-03-01 22:30:00,109.525341011112,54.325049144444,54.338104188888,19.122222253333334,1.2753333333333332,32.6,1,5.1764362714980825,70.66250196097344,22,2,3,-0.5000000000000004,0.8660254037844384,0.9749279121818236,-0.2225209339563143,1.0,6.123233995736766e-17,0.0,0.0,0.25,7.949999999999999,15.45,64.5,77.5,-0.65,4.577991,0.0,2.9,19.1777778,32.4,32.06666666666667,33.05,33.18333333333333,31.7,-17.84688892,0.2333333933333321,0.117333333333333,1.158,1.3086666666666669,19.04135801555556,1.198222222222224,5.348542,5.2430305,5.2581687,5.395787,5.2179446,0,1.0,1,0.75,-0.88,21.3,78.7
2023-03-01 22:45:00,62.985258205558,0.0,0.0,19.1777778,1.3086666666666669,31.7,0,5.1764362714980825,70.66250196097344,22,2,3,-0.5000000000000004,0.8660254037844384,0.9749279121818236,-0.2225209339563143,1.0,6.123233995736766e-17,0.0,0.0,0.0,7.325,15.625,76.75,78.25,-0.775,4.5298653,0.0,2.6,18.938888870000003,32.6,32.4,32.06666666666667,33.05,32.15,-17.869111133333334,0.0555555466666675,0.0333333333333336,1.2753333333333332,1.32,19.06296297111112,1.2473333333333347,5.2179446,5.348542,5.2430305,5.2581687,5.217961,1,2.0,1,0.5,-0.87,21.0,79.0
2023-03-01 23:00:00,162.51961020555,101.844537155556,101.863703138886,18.938888870000003,1.32,32.15,2,5.1764362714980825,70.66250196097344,23,2,3,-0.2588190451025215,0.965925826289068,0.9749279121818236,-0.2225209339563143,1.0,6.123233995736766e-17,0.0,0.0,0.0,6.7,15.8,89.0,79.0,-0.9,4.4816055,0.0,2.3,19.12777777,31.7,32.6,32.4,32.06666666666667,32.4,-17.618888870000003,-0.2388889299999981,0.0113333333333331,1.3086666666666669,1.3713333333333333,19.07962964111111,1.3013333333333348,5.217961,5.2179446,5.348542,5.2430305,5.3174706,0,1.0,1,0.75,-0.92,23.0,77.0
2023-03-01 23:15:00,126.874924849998,66.626223711112,66.640389844444,19.12777777,1.3713333333333333,32.4,1,5.1764362714980825,70.66250196097344,23,2,3,-0.2588190451025215,0.965925826289068,0.9749279121818236,-0.2225209339563143,1.0,6.123233995736766e-17,0.0,0.0,0.0,6.65,14.55,75.0,80.25,-0.95,4.483748,0.0,2.075,19.21296297,32.15,31.7,32.6,32.4,31.566666666666663,-17.75644443666667,0.1888888999999984,0.0513333333333332,1.32,1.5146666666666666,19.081481480000004,1.3333333333333348,5.3174706,5.217961,5.2179446,5.348542,5.2067823,0,1.0,1,0.75,-0.88,21.3,78.7
2023-03-01 23:30:00,61.565315105554,0.0,0.0,19.21296297,1.5146666666666666,31.566666666666663,0,5.1764362714980825,70.66250196097344,23,2,3,-0.2588190451025215,0.965925826289068,0.9749279121818236,-0.2225209339563143,1.0,6.123233995736766e-17,0.0,0.0,0.0,6.6,13.3,61.0,81.5,-1.0,4.484674,0.0,1.85,18.96111111,32.4,32.15,31.7,32.6,31.9,-17.698296303333333,0.0851851999999979,0.1433333333333333,1.3713333333333333,1.696,19.09320987,1.4020000000000017,5.2067823,5.3174706,5.217961,5.2179446,5.184183,1,2.0,1,0.5,-0.86,20.7,79.3
2023-03-01 23:45:00,145.59139827778,72.918194255556,72.930138277776,18.96111111,1.696,31.9,2,5.1764362714980825,70.66250196097344,23,2,3,-0.2588190451025215,0.965925826289068,0.9749279121818236,-0.2225209339563143,1.0,6.123233995736766e-17,0.0,0.0,0.0,6.55,12.05,47.0,82.75,-1.05,4.4844165,0.0,1.625,19.06296294666667,31.566666666666663,32.4,32.15,31.7,32.28333333333333,-17.26511111,-0.2518518599999986,0.1813333333333333,1.5146666666666666,1.7706666666666666,19.10061728333333,1.5273333333333348,5.184183,5.2067823,5.3174706,5.217961,5.2781096,0,1.0,1,0.75,-0.92,22.9,77.1
2023-03-02 00:00:00,178.202871666664,105.167737588888,105.184125916662,19.06296294666667,1.7706666666666666,32.28333333333333,2,5.1764362714980825,70.66250196097344,0,3,3,0.0,1.0,0.4338837391175582,-0.900968867902419,1.0,6.123233995736766e-17,0.0,0.0,0.0,6.5,10.8,33.0,84.0,-1.1,4.4830065,0.0,1.4,19.25000002,31.9,31.566666666666663,32.4,32.15,31.6,-17.292296280000002,0.1018518366666683,0.0746666666666666,1.696,1.9086666666666663,19.079012342222224,1.6604444444444455,5.2781096,5.184183,5.2067823,5.3174706,5.223665,0,1.0,0,0.75,-0.89,21.9,78.1
2023-03-02 00:15:00,59.411790299992,0.0,0.0,19.25000002,1.9086666666666663,31.6,0,5.1764362714980825,70.66250196097344,0,3,3,0.0,1.0,0.4338837391175582,-0.900968867902419,1.0,6.123233995736766e-17,0.0,0.0,0.0,6.975,11.15,49.75,85.0,-1.55,4.339434,0.0,0.75,19.01851852,32.28333333333333,31.9,31.566666666666663,32.4,31.216666666666665,-17.341333353333336,0.1870370733333324,0.1379999999999999,1.7706666666666666,2.134,19.09135802555556,1.791777777777779,5.223665,5.2781096,5.184183,5.2067823,5.0903506,1,2.0,1,0.5,-0.85,20.4,79.6
2023-03-02 00:30:00,192.854229988888,126.03134746111,126.04829128333,19.01851852,2.134,31.216666666666665,2,5.1764362714980825,70.66250196097344,0,3,3,0.0,1.0,0.4338837391175582,-0.900968867902419,1.0,6.123233995736766e-17,0.0,0.0,0.0,7.45,11.5,66.5,86.0,-2.0,4.1988535,0.0,0.1,19.23888887,31.6,32.28333333333333,31.9,31.566666666666663,31.15,-16.88451852,-0.231481500000001,0.2253333333333333,1.9086666666666663,2.2066666666666666,19.11049382888889,1.9377777777777796,5.0903506,5.223665,5.2781096,5.184183,5.145908,0,1.0,1,0.75,-0.91,22.5,77.5
2023-03-02 00:45:00,129.25538524444,68.191994427778,68.201438566664,19.23888887,2.2066666666666666,31.15,1,5.1764362714980825,70.66250196097344,0,3,3,0.0,1.0,0.4338837391175582,-0.900968867902419,1.0,6.123233995736766e-17,0.0,0.0,0.0,7.925000000000001,11.85,83.25,87.0,-2.45,4.0612803,0.0,-0.5499999999999998,19.28333333333333,31.216666666666665,31.6,32.28333333333333,31.9,31.0,-17.032222203333333,0.2203703499999996,0.0726666666666666,2.134,2.234,19.169135803333337,2.0831111111111125,5.145908,5.0903506,5.223665,5.2781096,5.1345515,0,1.0,1,0.75,-0.86,20.6,79.4
2023-03-02 01:00:00,89.060604249994,42.972725488888,42.982447366664,19.28333333333333,2.234,31.0,1,5.1764362714980825,70.66250196097344,1,3,3,0.2588190451025207,0.9659258262890684,0.4338837391175582,-0.900968867902419,1.0,6.123233995736766e-17,0.0,0.0,0.0,8.4,12.2,100.0,88.0,-2.9,3.9267218,0.0,-1.2,19.14444443,31.15,31.216666666666665,31.6,32.28333333333333,31.3,-17.049333333333337,0.0444444633333347,0.0273333333333334,2.2066666666666666,2.3400000000000003,19.180246907777786,2.191555555555557,5.1345515,5.145908,5.0903506,5.223665,5.141989,0,1.0,0,0.75,-0.85,20.2,79.8
2023-03-02 01:15:00,193.65975338333,129.895359527778,129.91424772222,19.14444443,2.3400000000000003,31.3,2,5.1764362714980825,70.66250196097344,1,3,3,0.2588190451025207,0.9659258262890684,0.4338837391175582,-0.900968867902419,1.0,6.123233995736766e-17,0.0,0.0,0.0,7.45,11.75,100.0,87.75,-2.375,4.082134,0.0,-0.6,19.40185183,31.0,31.15,31.216666666666665,31.6,30.85,-16.80444443,-0.1388889033333349,0.1060000000000003,2.234,2.4033333333333338,19.222222211111117,2.2602222222222235,5.141989,5.1345515,5.145908,5.0903506,5.145478,0,0.0,1,1.0,-0.88,21.4,78.6
2023-03-02 01:30:00,59.626225922224,0.0,0.0,19.40185183,2.4033333333333338,30.85,0,5.1764362714980825,70.66250196097344,1,3,3,0.2588190451025207,0.9659258262890684,0.4338837391175582,-0.900968867902419,1.0,6.123233995736766e-17,0.0,0.0,0.0,6.5,11.3,100.0,87.5,-1.85,4.2427664,0.0,0.0,19.23888891,31.3,31.0,31.15,31.216666666666665,30.85,-16.99851849666667,0.2574074000000017,0.0633333333333334,2.3400000000000003,2.4866666666666664,19.27654319777778,2.3257777777777795,5.145478,5.141989,5.1345515,5.145908,5.0963492,1,1.0,1,0.75,-0.82,19.3,80.7
2023-03-02 01:45:00,147.216611166664,105.057741988888,105.075796849998,19.23888891,2.4866666666666664,30.85,2,5.1764362714980825,70.66250196097344,1,3,3,0.2588190451025207,0.9659258262890684,0.4338837391175582,-0.900968867902419,1.0,6.123233995736766e-17,0.0,0.0,0.0,5.55,10.85,100.0,87.25,-1.3250000000000002,4.4087577,0.0,0.6000000000000001,19.32037036,30.85,31.3,31.0,31.15,30.816666666666663,-16.752222243333335,-0.1629629200000018,0.0833333333333326,2.4033333333333338,2.695333333333333,19.26172839,2.410000000000001,5.0963492,5.145478,5.141989,5.1345515,5.1153283,0,1.0,1,0.75,-0.86,20.7,79.3
2023-03-02 02:00:00,127.243243383334,67.575074672222,67.588407472222,19.32037036,2.695333333333333,30.816666666666663,1,5.1764362714980825,70.66250196097344,2,3,3,0.4999999999999999,0.8660254037844387,0.4338837391175582,-0.900968867902419,1.0,6.123233995736766e-17,0.0,0.0,0.0,4.6,10.4,100.0,87.0,-0.8,4.580253,0.0,1.2,19.36111109,30.85,30.85,31.3,31.0,30.5,-16.625037026666668,0.0814814500000018,0.2086666666666667,2.4866666666666664,2.615333333333333,19.32037036666667,2.5284444444444456,5.1153283,5.0963492,5.145478,5.141989,5.07492,0,1.0,1,0.75,-0.84,20.0,80.0
2023-03-02 02:15:00,81.661177822224,42.030540944444,42.042762705554,19.36111109,2.615333333333333,30.5,1,5.1764362714980825,70.66250196097344,2,3,3,0.4999999999999999,0.8660254037844387,0.4338837391175582,-0.900968867902419,1.0,6.123233995736766e-17,0.0,0.0,0.0,4.65,10.225,100.0,87.75,-0.775,4.58832,0.0,1.1,19.207407386666667,30.816666666666663,30.85,30.85,31.3,30.683333333333334,-16.74577775666667,0.0407407299999995,-0.0799999999999996,2.695333333333333,2.4679999999999995,19.30679012,2.5991111111111125,5.07492,5.1153283,5.0963492,5.145478,5.059424,0,1.0,0,0.75,-0.83,19.7,80.3
2023-03-02 02:30:00,167.374138116666,131.509739366668,131.53251623889,19.207407386666667,2.4679999999999995,30.683333333333334,2,5.1764362714980825,70.66250196097344,2,3,3,0.4999999999999999,0.8660254037844387,0.4338837391175582,-0.900968867902419,1.0,6.123233995736766e-17,0.0,0.0,0.0,4.699999999999999,10.05,100.0,88.5,-0.75,4.596039,0.0,1.0,19.46666668,30.5,30.816666666666663,30.85,30.85,30.65,-16.739407386666667,-0.1537037033333348,-0.1473333333333339,2.615333333333333,2.538,19.29629627888889,2.5928888888888904,5.059424,5.07492,5.1153283,5.0963492,5.1316442,0,0.0,1,1.0,-0.87,20.9,79.1
2023-03-02 02:45:00,72.98291398333001,16.919045461110002,16.927378494442,19.46666668,2.538,30.65,1,5.1764362714980825,70.66250196097344,2,3,3,0.4999999999999999,0.8660254037844387,0.4338837391175582,-0.900968867902419,1.0,6.123233995736766e-17,0.0,0.0,0.0,4.75,9.875,100.0,89.25,-0.725,4.603414,0.0,0.9,19.266666646666668,30.683333333333334,30.5,30.816666666666663,30.85,30.5,-16.92866668,0.2592592933333328,0.0700000000000002,2.4679999999999995,2.63,19.34506171888889,2.540444444444446,5.1316442,5.059424,5.07492,5.1153283,5.04678,0,0.0,1,1.0,-0.81,18.8,81.2
2023-03-02 03:00:00,449.928668783334,76.19611868333399,76.21472908888799,19.266666646666668,2.63,30.5,2,5.1764362714980825,70.66250196097344,3,3,3,0.7071067811865476,0.7071067811865476,0.4338837391175582,-0.900968867902419,1.0,6.123233995736766e-17,0.0,0.0,0.0,4.8,9.7,100.0,90.0,-0.7,4.610449,0.0,0.8,19.25000001,30.65,30.683333333333334,30.5,30.816666666666663,30.8,-16.63666664666667,-0.2000000333333318,0.092,2.538,2.738,19.31358023777778,2.545333333333334,5.04678,5.1316442,5.059424,5.07492,5.0914197,0,0.0,1,1.0,-0.86,20.5,79.5
2023-03-02 03:15:00,148.177683672226,112.212177983334,112.231899361114,19.25000001,2.738,30.8,2,5.1764362714980825,70.66250196097344,3,3,3,0.7071067811865476,0.7071067811865476,0.4338837391175582,-0.900968867902419,1.0,6.123233995736766e-17,0.0,0.0,0.0,5.825,11.5,100.0,89.75,-0.575,4.6371236,0.025,0.925,19.44444445,30.5,30.65,30.683333333333334,30.5,30.53333333333333,-16.51200001,-0.0166666366666667,0.1080000000000001,2.63,2.8393333333333337,19.32777777888889,2.635333333333335,5.0914197,5.04678,5.1316442,5.059424,5.1054354,0,0.0,0,1.0,-0.86,20.6,79.4
2023-03-02 03:30:00,58.876256038886,0.0,0.0,19.44444445,2.8393333333333337,30.53333333333333,0,5.1764362714980825,70.66250196097344,3,3,3,0.7071067811865476,0.7071067811865476,0.4338837391175582,-0.900968867902419,1.0,6.123233995736766e-17,0.0,0.0,0.0,6.85,13.3,100.0,89.5,-0.4499999999999999,4.663875,0.05,1.05,19.21666666,30.8,30.5,30.65,30.683333333333334,30.85,-16.605111116666667,0.194444439999998,0.1013333333333337,2.738,3.6406666666666663,19.320370368888888,2.735777777777779,5.1054354,5.0914197,5.04678,5.1316442,5.0896807,1,1.0,1,0.75,-0.82,19.0,81.0
2023-03-02 03:45:00,156.709564733332,116.120910527778,116.141187533332,19.21666666,3.6406666666666663,30.85,2,5.1764362714980825,70.66250196097344,3,3,3,0.7071067811865476,0.7071067811865476,0.4338837391175582,-0.900968867902419,1.0,6.123233995736766e-17,0.0,0.0,0.0,7.875,15.099999999999998,100.0,89.25,-0.325,4.6907015,0.075,1.175,19.39999999666667,30.53333333333333,30.8,30.5,30.65,31.0,-15.575999993333332,-0.2277777900000011,0.801333333333333,2.8393333333333337,4.681333333333333,19.303703706666667,3.0726666666666684,5.0896807,5.1054354,5.0914197,5.04678,5.169933,0,1.0,1,0.75,-0.87,20.8,79.2
2023-03-02 04:00:00,86.204885049998,51.452941849998,51.466552422220005,19.39999999666667,4.681333333333333,31.0,1,5.1764362714980825,70.66250196097344,4,3,3,0.8660254037844386,0.5000000000000001,0.4338837391175582,-0.900968867902419,1.0,6.123233995736766e-17,0.0,0.0,0.0,8.9,16.9,100.0,89.0,-0.2,4.717603,0.1,1.3,19.37777777,30.85,30.53333333333333,30.8,30.5,31.35,-14.718666663333336,0.1833333366666707,1.0406666666666662,3.6406666666666663,4.836666666666667,19.353703702222223,3.720444444444446,5.169933,5.0896807,5.1054354,5.0914197,5.2214713,0,1.0,1,0.75,-0.82,19.3,80.7
2023-03-02 04:15:00,91.80688307778,44.689323472222,44.701267427778,19.37777777,4.836666666666667,31.35,1,5.1764362714980825,70.66250196097344,4,3,3,0.8660254037844386,0.5000000000000001,0.4338837391175582,-0.900968867902419,1.0,6.123233995736766e-17,0.0,0.0,0.0,8.375,16.825,100.0,89.25,0.0249999999999999,4.795727,0.1,1.5,19.207407386666667,31.0,30.85,30.53333333333333,30.8,31.5,-14.541111103333336,-0.0222222266666669,0.155333333333334,4.681333333333333,4.965333333333334,19.33148147555556,4.386222222222224,5.2214713,5.169933,5.0896807,5.1054354,5.194085,0,1.0,0,0.75,-0.83,19.4,80.6
2023-03-02 04:30:00,171.5639705,125.089440672222,125.111106488888,19.207407386666667,4.965333333333334,31.5,2,5.1764362714980825,70.66250196097344,4,3,3,0.8660254037844386,0.5000000000000001,0.4338837391175582,-0.900968867902419,1.0,6.123233995736766e-17,0.0,0.0,0.0,7.85,16.75,100.0,89.5,0.25,4.874995,0.1,1.7000000000000002,19.46666668,31.35,31.0,30.85,30.53333333333333,31.5,-14.242074053333331,-0.1703703833333349,0.1286666666666667,4.836666666666667,5.1273333333333335,19.328395051111112,4.827777777777779,5.194085,5.2214713,5.169933,5.0896807,5.2739577,0,0.0,1,1.0,-0.86,20.8,79.2
2023-03-02 04:45:00,39.612304427774,0.0,0.0,19.46666668,5.1273333333333335,31.5,0,5.1764362714980825,70.66250196097344,4,3,3,0.8660254037844386,0.5000000000000001,0.4338837391175582,-0.900968867902419,1.0,6.123233995736766e-17,0.0,0.0,0.0,7.325,16.675,100.0,89.75,0.4749999999999999,4.955422,0.1,1.9,19.28703703333333,31.5,31.35,31.0,30.85,31.683333333333334,-14.339333346666669,0.2592592933333328,0.1619999999999999,4.965333333333334,5.245333333333334,19.35061727888889,4.9764444444444464,5.2739577,5.194085,5.2214713,5.169933,5.2488766,1,1.0,1,0.75,-0.81,18.7,81.3
2023-03-02 05:00:00,137.018685816662,94.31733823889,94.334559833332,19.28703703333333,5.245333333333334,31.683333333333334,2,5.1764362714980825,70.66250196097344,5,3,3,0.9659258262890684,0.2588190451025207,0.4338837391175582,-0.900968867902419,1.0,6.123233995736766e-17,0.0,0.0,0.0,6.8,16.6,100.0,90.0,0.7,5.037021,0.1,2.1,19.327777790000003,31.5,31.5,31.35,31.0,32.0,-14.0417037,-0.1796296466666653,0.1180000000000003,5.1273333333333335,5.466666666666667,19.32037036666667,5.1126666666666685,5.2488766,5.2739577,5.194085,5.2214713,5.314069,0,1.0,1,0.75,-0.85,20.1,79.9
2023-03-02 05:15:00,111.74053028333,58.135174516666,58.147674116662,19.327777790000003,5.466666666666667,32.0,1,5.1764362714980825,70.66250196097344,5,3,3,0.9659258262890684,0.2588190451025207,0.4338837391175582,-0.900968867902419,1.0,6.123233995736766e-17,0.0,0.0,0.0,7.15,15.325,100.0,90.5,0.725,5.056438,0.1,2.075,19.359259226666666,31.683333333333334,31.5,31.5,31.35,32.0,-13.861111123333336,0.0407407566666684,0.2213333333333329,5.245333333333334,5.723333333333334,19.360493834444444,5.279777777777779,5.314069,5.2488766,5.2739577,5.194085,5.3239255,0,1.0,1,0.75,-0.83,19.7,80.3
2023-03-02 05:30:00,66.50761742222001,30.476558655556,30.486836094442,19.359259226666666,5.723333333333334,32.0,1,5.1764362714980825,70.66250196097344,5,3,3,0.9659258262890684,0.2588190451025207,0.4338837391175582,-0.900968867902419,1.0,6.123233995736766e-17,0.0,0.0,0.0,7.5,14.05,100.0,91.0,0.75,5.075774,0.1,2.05,19.18333332,32.0,31.683333333333334,31.5,31.5,32.3,-13.635925893333331,0.0314814366666631,0.2566666666666668,5.466666666666667,5.803333333333333,19.32469135,5.478444444444446,5.3239255,5.314069,5.2488766,5.2739577,5.318448,0,1.0,0,0.75,-0.83,19.4,80.6
2023-03-02 05:45:00,185.771457744444,144.451443911112,144.474498588888,19.18333332,5.803333333333333,32.3,2,5.1764362714980825,70.66250196097344,5,3,3,0.9659258262890684,0.2588190451025207,0.4338837391175582,-0.900968867902419,1.0,6.123233995736766e-17,0.0,0.0,0.0,7.85,12.775,100.0,91.5,0.775,5.0950284,0.1,2.025,19.47407407333333,32.0,32.0,31.683333333333334,31.5,32.03333333333333,-13.379999986666666,-0.1759259066666665,0.0799999999999991,5.723333333333334,5.6193333333333335,19.290123445555555,5.664444444444445,5.318448,5.3239255,5.314069,5.2488766,5.36559,0,0.0,1,1.0,-0.87,20.8,79.2
2023-03-02 06:00:00,55.754158644444,0.0,0.0,19.47407407333333,5.6193333333333335,32.03333333333333,0,5.1764362714980825,70.66250196097344,6,3,3,1.0,6.123233995736766e-17,0.4338837391175582,-0.900968867902419,1.0,6.123233995736766e-17,0.0,0.0,0.0,8.2,11.5,100.0,92.0,0.8,5.114201,0.1,2.0,19.30555554,32.3,32.0,32.0,31.683333333333334,32.0,-13.85474074,0.2907407533333348,-0.1839999999999992,5.803333333333333,4.018666666666666,19.33888887333333,5.715333333333335,5.36559,5.318448,5.3239255,5.314069,5.3071218,1,1.0,1,0.75,-0.8,18.5,81.5
2023-03-02 06:15:00,123.345899266668,85.307698672222,85.32492020000001,19.30555554,4.018666666666666,32.0,2,5.1764362714980825,70.66250196097344,6,3,3,1.0,6.123233995736766e-17,0.4338837391175582,-0.900968867902419,1.0,6.123233995736766e-17,0.0,0.0,0.0,7.899999999999999,11.6,100.0,91.0,0.95,5.15364,0.225,2.275,19.344444446666667,32.03333333333333,32.3,32.0,32.0,31.816666666666663,-15.286888873333334,-0.1685185333333336,-1.6006666666666671,5.6193333333333335,2.51,19.320987644444447,5.147111111111112,5.3071218,5.36559,5.318448,5.3239255,5.2888107,0,1.0,1,0.75,-0.84,19.9,80.1
2023-03-02 06:30:00,122.113726405554,82.570585944444,82.58697422222,19.344444446666667,2.51,31.816666666666663,2,5.1764362714980825,70.66250196097344,6,3,3,1.0,6.123233995736766e-17,0.4338837391175582,-0.900968867902419,1.0,6.123233995736766e-17,0.0,0.0,0.0,7.6,11.7,100.0,90.0,1.1,5.192532,0.35,2.55,19.44999999,32.0,32.03333333333333,32.3,32.0,31.5,-16.834444446666666,0.0388889066666671,-1.5086666666666666,4.018666666666666,2.41,19.374691353333336,4.049333333333334,5.2888107,5.3071218,5.36559,5.318448,5.268791,0,1.0,0,0.75,-0.83,19.6,80.4
2023-03-02 06:45:00,64.488253633336,20.926662883334,20.936940255556,19.44999999,2.41,31.5,1,5.1764362714980825,70.66250196097344,6,3,3,1.0,6.123233995736766e-17,0.4338837391175582,-0.900968867902419,1.0,6.123233995736766e-17,0.0,0.0,0.0,7.3,11.8,100.0,89.0,1.25,5.23085,0.475,2.825,19.18518521333333,31.816666666666663,32.0,32.03333333333333,32.3,31.683333333333334,-17.03999999,0.105555543333331,-0.1,2.51,2.5373333333333337,19.36666665888889,2.9795555555555566,5.268791,5.2888107,5.3071218,5.36559,5.2174773,0,1.0,1,0.75,-0.81,18.8,81.2
2023-03-02 07:00:00,146.551082122224,103.009490572222,103.028934244444,19.18518521333333,2.5373333333333337,31.683333333333334,2,5.1764362714980825,70.66250196097344,7,3,3,0.9659258262890684,-0.2588190451025206,0.4338837391175582,-0.900968867902419,1.0,6.123233995736766e-17,0.0,0.0,0.0,7.0,11.9,100.0,88.0,1.4,5.2685614,0.6,3.1,19.23333333,31.5,31.816666666666663,32.0,32.03333333333333,31.95,-16.64785188,-0.2648147766666646,0.1273333333333339,2.41,2.884,19.326543216666668,2.485777777777779,5.2174773,5.268791,5.2888107,5.3071218,5.2763395,0,0.0,1,1.0,-0.87,20.9,79.1
2023-03-02 07:15:00,161.215217766668,122.693425416666,122.7150912,19.23333333,2.884,31.95,2,5.1764362714980825,70.66250196097344,7,3,3,0.9659258262890684,-0.2588190451025206,0.4338837391175582,-0.900968867902419,1.0,6.123233995736766e-17,0.5,0.125,0.0416666666666666,8.5,14.6,90.0,88.25,1.475,5.31019,0.4499999999999999,3.175,19.440740743333333,31.683333333333334,31.5,31.816666666666663,32.0,31.53333333333333,-16.34933333,0.0481481166666668,0.3466666666666662,2.5373333333333337,3.16,19.289506177777778,2.610444444444446,5.2763395,5.2174773,5.268791,5.2888107,5.271496,0,0.0,0,1.0,-0.86,20.5,79.5
2023-03-02 07:30:00,44.509330622224,0.0,0.0,19.440740743333333,3.16,31.53333333333333,0,5.1764362714980825,70.66250196097344,7,3,3,0.9659258262890684,-0.2588190451025206,0.4338837391175582,-0.900968867902419,1.0,6.123233995736766e-17,1.0,0.375,0.125,10.0,17.3,80.0,88.5,1.5499999999999998,5.352088,0.3,3.25,19.2,31.95,31.683333333333334,31.5,31.816666666666663,31.5,-16.280740743333332,0.2074074133333319,0.2759999999999998,2.884,2.777333333333333,19.286419762222224,2.8604444444444463,5.271496,5.2763395,5.2174773,5.268791,5.1918173,1,1.0,1,0.75,-0.81,18.9,81.1
2023-03-02 07:45:00,138.86638970555,92.439080055556,92.458523727778,19.2,2.777333333333333,31.5,2,5.1764362714980825,70.66250196097344,7,3,3,0.9659258262890684,-0.2588190451025206,0.4338837391175582,-0.900968867902419,1.0,6.123233995736766e-17,1.5,0.75,0.25,11.5,20.0,70.0,88.75,1.625,5.3942566,0.1499999999999999,3.325,19.264814816666668,31.53333333333333,31.95,31.683333333333334,31.5,31.5,-16.422666666666665,-0.2407407433333332,-0.3826666666666662,3.16,2.179333333333333,19.291358024444445,2.940444444444445,5.1918173,5.271496,5.2763395,5.2174773,5.2116804,0,1.0,1,0.75,-0.87,20.9,79.1
2023-03-02 08:00:00,145.510012666668,106.2340838,106.253527472222,19.264814816666668,2.179333333333333,31.5,2,5.1764362714980825,70.66250196097344,8,3,3,0.8660254037844387,-0.4999999999999998,0.4338837391175582,-0.900968867902419,1.0,6.123233995736766e-17,2.0,1.25,0.4166666666666667,13.0,22.7,60.0,89.0,1.7,5.4366975,0.0,3.4,19.45555554,31.5,31.53333333333333,31.95,31.683333333333334,31.15,-17.085481483333336,0.0648148166666686,-0.5980000000000003,2.777333333333333,2.008,19.301851853333336,2.705555555555557,5.2116804,5.1918173,5.271496,5.2763395,5.2119513,0,1.0,0,0.75,-0.85,20.3,79.7
2023-03-02 08:15:00,45.752892044444,0.0,0.0,19.45555554,2.008,31.15,0,5.1764362714980825,70.66250196097344,8,3,3,0.8660254037844387,-0.4999999999999998,0.4338837391175582,-0.900968867902419,1.0,6.123233995736766e-17,7.25,2.9375,1.0208333333333333,13.8,25.125,49.75,88.75,1.475,5.3492393,0.0,3.2,19.22037037,31.5,31.5,31.53333333333333,31.95,31.183333333333334,-17.44755554,0.1907407233333309,-0.1713333333333331,2.179333333333333,2.0466666666666664,19.306790118888888,2.3215555555555567,5.2119513,5.2116804,5.1918173,5.271496,5.145798,1,2.0,1,0.5,-0.81,18.8,81.2
2023-03-02 08:30:00,161.474096327778,118.473038688888,118.492482394442,19.22037037,2.0466666666666664,31.183333333333334,2,5.1764362714980825,70.66250196097344,8,3,3,0.8660254037844387,-0.4999999999999998,0.4338837391175582,-0.900968867902419,1.0,6.123233995736766e-17,12.5,5.8125,2.0625,14.6,27.55,39.5,88.5,1.25,5.263029,0.0,3.0,19.366666650000003,31.15,31.5,31.5,31.53333333333333,31.5,-17.173703703333334,-0.2351851699999976,0.0386666666666664,2.008,2.0266666666666664,19.313580242222223,2.078000000000001,5.145798,5.2119513,5.2116804,5.1918173,5.243025,0,1.0,1,0.75,-0.86,20.7,79.3
2023-03-02 08:45:00,196.312702794442,67.500910972222,67.518965849998,19.366666650000003,2.0266666666666664,31.5,1,5.1764362714980825,70.66250196097344,8,3,3,0.8660254037844387,-0.4999999999999998,0.4338837391175582,-0.900968867902419,1.0,6.123233995736766e-17,17.75,9.875,3.5416666666666665,15.4,29.975,29.25,88.25,1.025,5.1780515,0.0,2.8,19.394444433333334,31.183333333333334,31.15,31.5,31.5,31.5,-17.339999983333335,0.1462962800000014,-0.02,2.0466666666666664,1.8833333333333333,19.347530853333332,2.0271111111111124,5.243025,5.145798,5.2119513,5.2116804,5.2516017,0,1.0,1,0.75,-0.83,19.5,80.5
2023-03-02 09:00:00,62.308063194442,16.139354366668,16.150742794446,19.394444433333334,1.8833333333333333,31.5,1,5.1764362714980825,70.66250196097344,9,3,3,0.7071067811865476,-0.7071067811865475,0.4338837391175582,-0.900968867902419,1.0,6.123233995736766e-17,23.0,15.125,5.458333333333333,16.2,32.4,19.0,88.0,0.8,5.0942893,0.0,2.6,19.1277778,31.5,31.183333333333334,31.15,31.5,31.85,-17.5111111,0.027777783333331,-0.1433333333333331,2.0266666666666664,1.8066666666666669,19.32716048444445,1.9855555555555569,5.2516017,5.243025,5.145798,5.2119513,5.2272053,0,1.0,0,0.75,-0.82,19.2,80.8
2023-03-02 09:15:00,159.345848211108,120.510457188888,120.535733994442,19.1277778,1.8066666666666669,31.85,2,5.1764362714980825,70.66250196097344,9,3,3,0.7071067811865476,-0.7071067811865475,0.4338837391175582,-0.900968867902419,1.0,6.123233995736766e-17,86.25,34.875,12.645833333333334,16.1,33.75,39.25,87.25,0.525,4.9915905,0.0,2.425,19.30370372333333,31.5,31.5,31.183333333333334,31.15,31.816666666666663,-17.321111133333332,-0.2666666333333332,-0.0766666666666664,1.8833333333333333,1.6873333333333334,19.29629629444445,1.905555555555557,5.2272053,5.2516017,5.243025,5.145798,5.276141,0,0.0,1,1.0,-0.88,21.4,78.6
2023-03-02 09:30:00,382.36026047778,27.701114127778,27.71500243889,19.30370372333333,1.6873333333333334,31.816666666666663,1,5.1764362714980825,70.66250196097344,9,3,3,0.7071067811865476,-0.7071067811865475,0.4338837391175582,-0.900968867902419,1.0,6.123233995736766e-17,149.5,69.125,25.104166666666668,16.0,35.099999999999994,59.5,86.5,0.25,4.890516,0.0,2.25,19.18333333,31.85,31.5,31.5,31.183333333333334,31.5,-17.61637039,0.1759259233333345,-0.1193333333333335,1.8066666666666669,1.6933333333333331,19.275308652222225,1.792444444444446,5.276141,5.2272053,5.2516017,5.243025,5.186722,0,0.0,1,1.0,-0.84,19.9,80.1
2023-03-02 09:45:00,118.345266049998,66.365123055556,66.38290016111,19.18333333,1.6933333333333331,31.5,1,5.1764362714980825,70.66250196097344,9,3,3,0.7071067811865476,-0.7071067811865475,0.4338837391175582,-0.900968867902419,1.0,6.123233995736766e-17,212.75,117.875,42.833333333333336,15.9,36.45,79.75,85.75,-0.025,4.791045,0.0,2.075,19.109259266666665,31.816666666666663,31.85,31.5,31.5,31.5,-17.48999999666667,-0.1203703933333351,0.0059999999999997,1.6873333333333334,1.7146666666666666,19.20493828444445,1.7291111111111126,5.186722,5.276141,5.2272053,5.2516017,5.164122,0,0.0,0,1.0,-0.87,21.0,79.0
2023-03-02 10:00:00,136.182885899996,97.433880305554,97.454435016666,19.109259266666665,1.7146666666666666,31.5,2,5.1764362714980825,70.66250196097344,10,3,3,0.4999999999999999,-0.8660254037844387,0.4338837391175582,-0.900968867902419,1.0,6.123233995736766e-17,276.0,181.125,65.83333333333333,15.8,37.8,100.0,85.0,-0.3,4.6931577,0.0,1.9,19.25555558,31.5,31.816666666666663,31.85,31.5,31.15,-17.3945926,-0.0740740633333345,0.0213333333333334,1.6933333333333331,1.7106666666666668,19.19876544,1.698444444444446,5.164122,5.186722,5.276141,5.2272053,5.150963,0,0.0,1,1.0,-0.89,21.6,78.4
2023-03-02 10:15:00,62.565830716662006,23.041022772222,23.053800044444,19.25555558,1.7106666666666668,31.15,1,5.1764362714980825,70.66250196097344,10,3,3,0.4999999999999999,-0.8660254037844387,0.4338837391175582,-0.900968867902419,1.0,6.123233995736766e-17,273.25,227.875,88.5625,16.175,38.075,100.0,84.75,-0.35,4.6872926,0.0,1.925,19.07037041333333,31.5,31.5,31.816666666666663,31.85,31.183333333333334,-17.54488891333333,0.1462963133333339,-0.0039999999999997,1.7146666666666666,1.764,19.18271605888889,1.706222222222224,5.150963,5.164122,5.186722,5.276141,5.100494,0,0.0,1,1.0,-0.86,20.5,79.5
2023-03-02 10:30:00,179.138945305554,116.592558327778,116.6153352,19.07037041333333,1.764,31.183333333333334,2,5.1764362714980825,70.66250196097344,10,3,3,0.4999999999999999,-0.8660254037844387,0.4338837391175582,-0.900968867902419,1.0,6.123233995736766e-17,270.5,258.125,111.02083333333331,16.55,38.35,100.0,84.5,-0.4,4.6813917,0.0,1.95,19.23888888,31.15,31.5,31.5,31.816666666666663,31.15,-17.306370413333333,-0.1851851666666668,0.0533333333333332,1.7106666666666668,1.6733333333333331,19.145061753333334,1.7297777777777792,5.100494,5.150963,5.164122,5.186722,5.145908,0,0.0,1,1.0,-0.9,22.0,78.0
2023-03-02 10:45:00,74.648958538882,34.477231988888,34.491398088888,19.23888888,1.6733333333333331,31.15,1,5.1764362714980825,70.66250196097344,10,3,3,0.4999999999999999,-0.8660254037844387,0.4338837391175582,-0.900968867902419,1.0,6.123233995736766e-17,267.75,271.875,133.20833333333334,16.925,38.625,100.0,84.25,-0.45,4.6754575,0.0,1.975,19.168518520000003,31.183333333333334,31.15,31.5,31.5,31.0,-17.565555546666666,0.168518466666665,-0.0906666666666669,1.764,1.6193333333333333,19.188271624444443,1.7160000000000015,5.145908,5.100494,5.150963,5.164122,5.0999374,0,0.0,1,1.0,-0.86,20.6,79.4
2023-03-02 11:00:00,121.302647666668,82.277542116666,82.29781908888799,19.168518520000003,1.6193333333333333,31.0,2,5.1764362714980825,70.66250196097344,11,3,3,0.258819045102521,-0.9659258262890682,0.4338837391175582,-0.900968867902419,1.0,6.123233995736766e-17,265.0,269.125,155.125,17.3,38.9,100.0,84.0,-0.5,4.6694875,0.0,2.0,19.23333336,31.15,31.183333333333334,31.15,31.5,31.0,-17.54918518666667,-0.0703703599999947,-0.0539999999999998,1.6733333333333331,1.596666666666667,19.159259271111114,1.685555555555557,5.0999374,5.145908,5.100494,5.150963,5.119453,0,0.0,1,1.0,-0.88,21.2,78.8
2023-03-02 11:15:00,224.282972705558,127.569897016666,127.590729516666,19.23333336,1.596666666666667,31.0,2,5.1764362714980825,70.66250196097344,11,3,3,0.258819045102521,-0.9659258262890682,0.4338837391175582,-0.900968867902419,1.0,6.123233995736766e-17,261.5,266.1875,176.3125,17.4,38.975,100.0,83.25,-0.525,4.651365,0.0,2.075,19.42407406333333,31.0,31.15,31.183333333333334,31.15,31.0,-17.636666693333332,0.0648148399999968,-0.0226666666666663,1.6193333333333333,1.6486666666666667,19.213580253333333,1.629777777777779,5.119453,5.0999374,5.145908,5.100494,5.177259,0,0.0,0,1.0,-0.86,20.7,79.3
2023-03-02 11:30:00,1225.385704844444,12.720880044444002,12.7336573,19.42407406333333,1.6486666666666667,31.0,1,5.1764362714980825,70.66250196097344,11,3,3,0.258819045102521,-0.9659258262890682,0.4338837391175582,-0.900968867902419,1.0,6.123233995736766e-17,258.0,263.0625,196.77083333333331,17.5,39.05,100.0,82.5,-0.55,4.632922,0.0,2.15,19.15000002,31.0,31.0,31.15,31.183333333333334,32.25,-17.775407396666665,0.1907407033333328,0.0519999999999998,1.596666666666667,1.652,19.27530864777778,1.6215555555555572,5.177259,5.119453,5.0999374,5.145908,5.2997913,0,0.0,1,1.0,-0.82,19.1,80.9
2023-03-02 11:45:00,705.340118616666,111.358601027778,111.383877816666,19.15000002,1.652,32.25,2,5.1764362714980825,70.66250196097344,11,3,3,0.258819045102521,-0.9659258262890682,0.4338837391175582,-0.900968867902419,1.0,6.123233995736766e-17,254.5,259.75,216.5,17.6,39.125,100.0,81.75,-0.575,4.6141553,0.0,2.225,19.240740766666665,31.0,31.0,31.0,31.15,34.36666666666667,-17.49800002,-0.2740740433333322,0.0033333333333334,1.6486666666666667,1.654,19.269135814444446,1.632444444444446,5.2997913,5.177259,5.119453,5.0999374,5.677912,0,0.0,1,1.0,-0.87,21.1,78.9
2023-03-02 12:00:00,132.468590011108,83.20694938888799,83.225837516666,19.240740766666665,1.654,34.36666666666667,2,5.1764362714980825,70.66250196097344,12,3,3,1.2246467991473532e-16,-1.0,0.4338837391175582,-0.900968867902419,1.0,6.123233995736766e-17,251.0,256.25,235.5,17.7,39.2,100.0,81.0,-0.6,4.5950637,0.0,2.3,19.28888891,32.25,31.0,31.0,31.0,34.15,-17.586740766666665,0.0907407466666647,0.0019999999999997,1.652,1.6699999999999997,19.27160495,1.6515555555555572,5.677912,5.2997913,5.177259,5.119453,5.6581388,0,0.0,0,1.0,-0.84,20.0,80.0
2023-03-02 12:15:00,72.290163927774,28.087209849998,28.101375966664,19.28888891,1.6699999999999997,34.15,1,5.1764362714980825,70.66250196097344,12,3,3,1.2246467991473532e-16,-1.0,0.4338837391175582,-0.900968867902419,1.0,6.123233995736766e-17,242.5,251.5,248.52083333333331,18.0,39.650000000000006,100.0,81.0,-0.6,4.602833,0.0,2.325,19.05000002666667,34.36666666666667,32.25,31.0,31.0,34.36666666666667,-17.618888910000003,0.0481481433333357,0.0159999999999997,1.654,1.7053333333333331,19.226543232222223,1.658666666666668,5.6581388,5.677912,5.2997913,5.177259,5.6144257,0,0.0,1,1.0,-0.83,19.6,80.4
2023-03-02 12:30:00,815.712092427778,124.777786472222,124.80472986111,19.05000002666667,1.7053333333333331,34.36666666666667,2,5.1764362714980825,70.66250196097344,12,3,3,1.2246467991473532e-16,-1.0,0.4338837391175582,-0.900968867902419,1.0,6.123233995736766e-17,234.0,245.5,255.5625,18.3,40.1,100.0,81.0,-0.6,4.6106133,0.0,2.35,19.20000001,34.15,34.36666666666667,32.25,31.0,34.9,-17.344666693333338,-0.2388888833333311,0.0353333333333334,1.6699999999999997,1.6946666666666663,19.193209901111118,1.6764444444444455,5.6144257,5.6581388,5.677912,5.2997913,5.752204,0,0.0,1,1.0,-0.89,21.6,78.4
2023-03-02 12:45:00,164.817573683334,86.6665332,86.68681018888799,19.20000001,1.6946666666666663,34.9,2,5.1764362714980825,70.66250196097344,12,3,3,1.2246467991473532e-16,-1.0,0.4338837391175582,-0.900968867902419,1.0,6.123233995736766e-17,225.5,238.25,256.625,18.6,40.55,100.0,81.0,-0.6,4.618407,0.0,2.375,19.268518513333333,34.36666666666667,34.15,34.36666666666667,32.25,33.88333333333333,-17.505333343333334,0.1499999833333305,-0.0106666666666666,1.7053333333333331,1.7966666666666666,19.17962964888889,1.6900000000000013,5.752204,5.6144257,5.6581388,5.677912,5.6072264,0,0.0,0,1.0,-0.85,20.2,79.8
2023-03-02 13:00:00,60.88728666111,22.044395988888,22.058284349998,19.268518513333333,1.7966666666666666,33.88333333333333,1,5.1764362714980825,70.66250196097344,13,3,3,-0.2588190451025208,-0.9659258262890684,0.4338837391175582,-0.900968867902419,1.0,6.123233995736766e-17,217.0,229.75,251.70833333333331,18.9,41.0,100.0,81.0,-0.6,4.626211,0.0,2.4,19.02777776,34.9,34.36666666666667,34.15,34.36666666666667,33.85,-17.471851846666667,0.0685185033333333,0.102,1.6946666666666663,1.9613333333333327,19.17283951666667,1.7322222222222237,5.6072264,5.752204,5.6144257,5.6581388,5.522773,0,0.0,1,1.0,-0.84,19.8,80.2
2023-03-02 13:15:00,179.493653266668,130.237290266668,130.263678127778,19.02777776,1.9613333333333327,33.85,2,5.1764362714980825,70.66250196097344,13,3,3,-0.2588190451025208,-0.9659258262890684,0.4338837391175582,-0.900968867902419,1.0,6.123233995736766e-17,217.75,223.5625,247.08333333333331,18.675,41.275,100.0,80.0,-0.65,4.6000423,0.0,2.5,19.201851846666667,33.88333333333333,34.9,34.36666666666667,34.15,33.81666666666667,-17.066444426666667,-0.2407407533333341,0.1646666666666665,1.7966666666666666,2.11,19.165432094444444,1.817555555555557,5.522773,5.6072264,5.752204,5.6144257,5.5742593,0,0.0,1,1.0,-0.89,21.9,78.1
2023-03-02 13:30:00,150.958405955552,97.321384772222,97.34249506111,19.201851846666667,2.11,33.81666666666667,2,5.1764362714980825,70.66250196097344,13,3,3,-0.2588190451025208,-0.9659258262890684,0.4338837391175582,-0.900968867902419,1.0,6.123233995736766e-17,218.5,219.6875,242.75,18.45,41.55,100.0,79.0,-0.7,4.5732822,0.0,2.6,19.28333335,33.85,33.88333333333333,34.9,34.36666666666667,33.1,-17.091851846666668,0.1740740866666676,0.1486666666666667,1.9613333333333327,2.215333333333333,19.166049373333337,1.9560000000000013,5.5742593,5.522773,5.6072264,5.752204,5.4823756,0,0.0,0,1.0,-0.85,20.4,79.6
2023-03-02 13:45:00,357.212933111112,14.0394384,14.052493427778,19.28333335,2.215333333333333,33.1,1,5.1764362714980825,70.66250196097344,13,3,3,-0.2588190451025208,-0.9659258262890684,0.4338837391175582,-0.900968867902419,1.0,6.123233995736766e-17,219.25,218.125,238.70833333333331,18.225,41.825,100.0,78.0,-0.75,4.5459228,0.0,2.7,19.01851852,33.81666666666667,33.85,33.88333333333333,34.9,32.71666666666667,-17.068000016666666,0.0814815033333324,0.1053333333333332,2.11,2.318,19.170987652222223,2.0955555555555567,5.4823756,5.5742593,5.522773,5.6072264,5.334949,0,0.0,1,1.0,-0.84,19.8,80.2
2023-03-02 14:00:00,174.630514633328,135.837899616666,135.86262082777802,19.01851852,2.318,32.71666666666667,2,5.1764362714980825,70.66250196097344,14,3,3,-0.4999999999999997,-0.8660254037844388,0.4338837391175582,-0.900968867902419,1.0,6.123233995736766e-17,220.0,218.875,234.95833333333331,18.0,42.1,100.0,77.0,-0.8,4.5179596,0.0,2.8,19.20000001,33.1,33.81666666666667,33.85,33.88333333333333,32.95,-16.70051852,-0.2648148299999988,0.1026666666666669,2.215333333333333,2.4166666666666665,19.167901238888888,2.214444444444445,5.334949,5.4823756,5.5742593,5.522773,5.430806,0,0.0,1,1.0,-0.9,22.2,77.8
2023-03-02 14:15:00,193.295323427778,129.883971116666,129.908136849998,19.20000001,2.4166666666666665,32.95,2,5.1764362714980825,70.66250196097344,14,3,3,-0.4999999999999997,-0.8660254037844388,0.4338837391175582,-0.900968867902419,1.0,6.123233995736766e-17,226.0,220.9375,232.0,17.825,41.575,100.0,76.5,-0.8,4.5113297,0.0,2.875,19.268518513333333,32.71666666666667,33.1,33.81666666666667,33.85,32.35,-16.783333343333332,0.1814814899999994,0.0986666666666664,2.318,2.4266666666666667,19.16728396,2.316666666666668,5.430806,5.334949,5.4823756,5.5742593,5.35348,0,0.0,0,1.0,-0.86,20.6,79.4
2023-03-02 14:30:00,117.438080188884,78.020490172222,78.039100544444,19.268518513333333,2.4266666666666667,32.35,2,5.1764362714980825,70.66250196097344,14,3,3,-0.4999999999999997,-0.8660254037844388,0.4338837391175582,-0.900968867902419,1.0,6.123233995736766e-17,232.0,224.3125,229.83333333333331,17.65,41.05,100.0,76.0,-0.8,4.504502,0.0,2.95,18.98333335,32.95,32.71666666666667,33.1,33.81666666666667,32.35,-16.841851846666668,0.0685185033333333,0.0100000000000002,2.4166666666666665,2.46,19.162345681111116,2.3871111111111123,5.35348,5.430806,5.334949,5.4823756,5.2642155,0,0.0,0,1.0,-0.85,20.1,79.9
2023-03-02 14:45:00,152.252520838886,113.403241455556,113.426851627778,18.98333335,2.46,32.35,2,5.1764362714980825,70.66250196097344,14,3,3,-0.4999999999999997,-0.8660254037844388,0.4338837391175582,-0.900968867902419,1.0,6.123233995736766e-17,238.0,229.0,228.45833333333331,17.475,40.525,100.0,75.5,-0.8,4.497477,0.0,3.025,19.11481480333333,32.35,32.95,32.71666666666667,33.1,32.31666666666667,-16.523333349999998,-0.2851851633333346,0.0333333333333332,2.4266666666666667,2.436,19.150617291111114,2.434444444444446,5.2642155,5.35348,5.430806,5.334949,5.299743,0,0.0,0,1.0,-0.91,22.6,77.4
2023-03-02 15:00:00,207.96695882222,155.1029623,155.129350177776,19.11481480333333,2.436,32.31666666666667,2,5.1764362714980825,70.66250196097344,15,3,3,-0.7071067811865471,-0.7071067811865479,0.4338837391175582,-0.900968867902419,1.0,6.123233995736766e-17,244.0,235.0,227.875,17.3,40.0,100.0,75.0,-0.8,4.490251,0.0,3.1,19.42222221,32.35,32.35,32.95,32.71666666666667,31.6,-16.67881480333333,0.1314814533333326,-0.024,2.46,2.472666666666667,19.122222222222224,2.4408888888888907,5.299743,5.2642155,5.35348,5.430806,5.2768903,0,0.0,0,1.0,-0.88,21.4,78.6
2023-03-02 15:15:00,54.141167550002,0.0,0.0,19.42222221,2.472666666666667,31.6,0,5.1764362714980825,70.66250196097344,15,3,3,-0.7071067811865471,-0.7071067811865479,0.4338837391175582,-0.900968867902419,1.0,6.123233995736766e-17,256.25,242.5625,229.02083333333331,17.775,40.45,100.0,74.5,-0.8500000000000001,4.4903474,0.0,3.2,19.17962963333333,32.31666666666667,32.35,32.35,32.95,31.216666666666665,-16.949555543333332,0.3074074066666661,0.036666666666667,2.436,2.5766666666666667,19.173456787777777,2.456222222222224,5.2768903,5.299743,5.2642155,5.35348,5.138947,1,1.0,1,0.75,-0.81,19.0,81.0
2023-03-02 15:30:00,136.290103811108,97.414158844444,97.435269116666,19.17962963333333,2.5766666666666667,31.216666666666665,2,5.1764362714980825,70.66250196097344,15,3,3,-0.7071067811865471,-0.7071067811865479,0.4338837391175582,-0.900968867902419,1.0,6.123233995736766e-17,268.5,251.6875,231.89583333333331,18.25,40.9,100.0,74.0,-0.9,4.490218,0.0,3.3,19.19444444,31.6,32.31666666666667,32.35,32.35,31.45,-16.602962966666663,-0.2425925766666665,0.1039999999999996,2.472666666666667,2.65,19.238888882222223,2.495111111111113,5.138947,5.2768903,5.299743,5.2642155,5.18188,0,1.0,1,0.75,-0.87,21.1,78.9
2023-03-02 15:45:00,177.594284894442,130.3481192,130.372284933332,19.19444444,2.65,31.45,2,5.1764362714980825,70.66250196097344,15,3,3,-0.7071067811865471,-0.7071067811865479,0.4338837391175582,-0.900968867902419,1.0,6.123233995736766e-17,280.75,262.375,236.5,18.725,41.35,100.0,73.5,-0.95,4.4898577,0.0,3.4,19.3685185,31.216666666666665,31.6,32.31666666666667,32.35,31.03333333333333,-16.54444444,0.0148148066666671,0.0733333333333332,2.5766666666666667,2.5986666666666665,19.26543209444445,2.5664444444444463,5.18188,5.138947,5.2768903,5.299743,5.165913,0,1.0,0,0.75,-0.87,20.9,79.1
2023-03-02 16:00:00,56.305803294442,0.0,0.0,19.3685185,2.5986666666666665,31.03333333333333,0,5.1764362714980825,70.66250196097344,16,3,3,-0.8660254037844385,-0.5000000000000004,0.4338837391175582,-0.900968867902419,1.0,6.123233995736766e-17,293.0,274.625,242.83333333333331,19.2,41.8,100.0,73.0,-1.0,4.489264,0.0,3.5,19.12777781,31.45,31.216666666666665,31.6,32.31666666666667,31.05,-16.769851833333334,0.1740740600000023,-0.0513333333333334,2.65,2.638,19.24753085777777,2.608444444444446,5.165913,5.18188,5.138947,5.2768903,5.095909,1,2.0,1,0.5,-0.83,19.5,80.5
2023-03-02 16:15:00,155.84737698888802,113.849056955556,113.8721116,19.12777781,2.638,31.05,2,5.1764362714980825,70.66250196097344,16,3,3,-0.8660254037844385,-0.5000000000000004,0.4338837391175582,-0.900968867902419,1.0,6.123233995736766e-17,256.5,274.6875,246.0625,18.6,42.25,100.0,74.0,-1.0,4.490218,0.0,3.3,19.20925926,31.03333333333333,31.45,31.216666666666665,31.6,31.28333333333333,-16.48977781,-0.2407406899999991,0.0393333333333334,2.5986666666666665,2.5933333333333333,19.23024691666667,2.62888888888889,5.095909,5.165913,5.18188,5.138947,5.158921,0,1.0,1,0.75,-0.89,21.6,78.4
2023-03-02 16:30:00,174.128868033328,127.497677672222,127.5215656,19.20925926,2.5933333333333333,31.28333333333333,2,5.1764362714980825,70.66250196097344,16,3,3,-0.8660254037844385,-0.5000000000000004,0.4338837391175582,-0.900968867902419,1.0,6.123233995736766e-17,220.0,262.5625,246.1875,18.0,42.7,100.0,75.0,-1.0,4.490251,0.0,3.1,19.36111112,31.05,31.03333333333333,31.45,31.216666666666665,30.65,-16.615925926666666,0.0814814499999982,-0.0446666666666666,2.638,2.56,19.23518519,2.610000000000001,5.158921,5.095909,5.165913,5.18188,5.0998783,0,1.0,0,0.75,-0.87,20.8,79.2
2023-03-02 16:45:00,50.523256855552,0.0,0.0,19.36111112,2.56,30.65,0,5.1764362714980825,70.66250196097344,16,3,3,-0.8660254037844385,-0.5000000000000004,0.4338837391175582,-0.900968867902419,1.0,6.123233995736766e-17,183.5,238.25,243.20833333333331,17.4,43.15,100.0,76.0,-1.0,4.4893856,0.0,2.9000000000000004,19.088888883333333,31.28333333333333,31.05,31.03333333333333,31.45,30.683333333333334,-16.80111112,0.1518518600000007,-0.0333333333333332,2.5933333333333333,2.594666666666667,19.23271606333333,2.5971111111111127,5.0998783,5.158921,5.095909,5.165913,5.0241976,1,2.0,1,0.5,-0.83,19.7,80.3
2023-03-02 17:00:00,235.886953044444,120.011866,120.031865183334,19.088888883333333,2.594666666666667,30.683333333333334,2,5.1764362714980825,70.66250196097344,17,3,3,-0.9659258262890684,-0.2588190451025206,0.4338837391175582,-0.900968867902419,1.0,6.123233995736766e-17,147.0,201.75,237.125,16.8,43.6,100.0,77.0,-1.0,4.487642,0.0,2.7,19.17777776,30.65,31.28333333333333,31.05,31.03333333333333,31.05,-16.494222216666664,-0.2722222366666678,0.0346666666666668,2.56,2.5,19.21975308777778,2.582666666666668,5.0241976,5.0998783,5.158921,5.095909,5.110952,0,1.0,1,0.75,-0.9,22.0,78.0
2023-03-02 17:15:00,438.623843327774,117.815009411112,117.830842144444,19.17777776,2.5,31.05,2,5.1764362714980825,70.66250196097344,17,3,3,-0.9659258262890684,-0.2588190451025206,0.4338837391175582,-0.900968867902419,1.0,6.123233995736766e-17,129.5,170.0,229.08333333333331,15.7,42.05,100.0,78.0,-1.0,4.492613,0.0,2.5250000000000004,19.38888885,30.683333333333334,30.65,31.28333333333333,31.05,32.75,-16.67777776,0.0888888766666688,-0.0946666666666669,2.594666666666667,2.3926666666666665,19.209259254444447,2.551555555555557,5.110952,5.0241976,5.0998783,5.158921,5.4582143,0,1.0,0,0.75,-0.87,21.1,78.9
2023-03-02 17:30:00,624.936946038886,0.0,0.0,19.38888885,2.3926666666666665,32.75,0,5.1764362714980825,70.66250196097344,17,3,3,-0.9659258262890684,-0.2588190451025206,0.4338837391175582,-0.900968867902419,1.0,6.123233995736766e-17,112.0,143.0,219.08333333333331,14.6,40.5,100.0,79.0,-1.0,4.4967713,0.0,2.35,19.17222221,31.05,30.683333333333334,30.65,31.28333333333333,37.4,-16.996222183333334,0.2111110899999992,-0.1073333333333335,2.5,2.4353333333333333,19.21851849777778,2.495777777777779,5.4582143,5.110952,5.0241976,5.0998783,6.154171,1,2.0,1,0.5,-0.82,19.1,80.9
2023-03-02 17:45:00,350.58347618333,0.0,0.0,19.17222221,2.4353333333333333,37.4,0,5.1764362714980825,70.66250196097344,17,3,3,-0.9659258262890684,-0.2588190451025206,0.4338837391175582,-0.900968867902419,1.0,6.123233995736766e-17,94.5,120.75,207.125,13.5,38.95,100.0,80.0,-1.0,4.500136,0.0,2.175,19.018518526666664,32.75,31.05,30.683333333333334,30.65,41.16666666666666,-16.736888876666665,-0.2166666400000032,0.0426666666666668,2.3926666666666665,2.476,19.246296273333336,2.442666666666668,6.154171,5.4582143,5.110952,5.0241976,6.71285,0,2.0,0,0.5,-0.84,19.9,80.1
2023-03-02 18:00:00,347.491099866664,0.0,0.0,19.018518526666664,2.476,41.16666666666666,0,5.1764362714980825,70.66250196097344,18,3,3,-1.0,-1.8369701987210294e-16,0.4338837391175582,-0.900968867902419,1.0,6.123233995736766e-17,77.0,103.25,193.20833333333331,12.4,37.4,100.0,81.0,-1.0,4.5027204,0.0,2.0,18.90555555,37.4,32.75,31.05,30.683333333333334,40.85,-16.542518526666665,-0.1537036833333331,0.0406666666666666,2.4353333333333333,2.4133333333333336,19.193209862222226,2.434666666666668,6.71285,6.154171,5.4582143,5.110952,6.6169376,0,3.0,0,0.25,-0.86,20.5,79.5
2023-03-02 18:15:00,362.528553961106,0.0,0.0,18.90555555,2.4133333333333336,40.85,0,5.1764362714980825,70.66250196097344,18,3,3,-1.0,-1.8369701987210294e-16,0.4338837391175582,-0.900968867902419,1.0,6.123233995736766e-17,62.75,86.5625,177.08333333333334,12.25,34.8,89.25,81.75,-1.0,4.490807,0.0,1.825,18.86851851333333,41.16666666666666,37.4,32.75,31.05,39.2,-16.492222216666665,-0.1129629766666653,-0.0626666666666664,2.476,2.39,19.032098762222223,2.441555555555557,6.6169376,6.71285,6.154171,5.4582143,6.3357906,0,4.0,0,0.0,-0.89,21.5,78.5
2023-03-02 18:30:00,337.497888577772,0.0,0.0,18.86851851333333,2.39,39.2,0,5.1764362714980825,70.66250196097344,18,3,3,-1.0,-1.8369701987210294e-16,0.4338837391175582,-0.900968867902419,1.0,6.123233995736766e-17,48.5,70.6875,158.75,12.1,32.2,78.5,82.5,-1.0,4.4784718,0.0,1.65,18.78333334,40.85,41.16666666666666,37.4,32.75,37.7,-16.478518513333334,-0.0370370366666641,-0.0233333333333334,2.4133333333333336,2.384,18.93086419666667,2.426444444444446,6.3357906,6.6169376,6.71285,6.154171,6.0627503,0,4.0,0,0.0,-0.9,22.2,77.8
2023-03-02 18:45:00,157.732023783334,0.0,0.0,18.78333334,2.384,37.7,0,5.1764362714980825,70.66250196097344,18,3,3,-1.0,-1.8369701987210294e-16,0.4338837391175582,-0.900968867902419,1.0,6.123233995736766e-17,34.25,55.625,138.20833333333334,11.95,29.6,67.75,83.25,-1.0,4.4657216,0.0,1.475,18.67407410666667,39.2,40.85,41.16666666666666,37.4,36.38333333333333,-16.399333340000002,-0.0851851733333326,-0.0060000000000002,2.39,2.4,18.852469134444448,2.39577777777778,6.0627503,6.3357906,6.6169376,6.71285,5.8133216,0,4.0,0,0.0,-0.93,23.3,76.7
2023-03-02 19:00:00,1383.654651699996,110.636407716666,110.688627894442,18.67407410666667,2.4,36.38333333333333,2,5.1764362714980825,70.66250196097344,19,3,3,-0.9659258262890684,0.2588190451025203,0.4338837391175582,-0.900968867902419,1.0,6.123233995736766e-17,20.0,41.375,115.45833333333331,11.8,27.0,57.0,84.0,-1.0,4.4525695,0.0,1.3,18.87222221,37.7,39.2,40.85,41.16666666666666,35.95,-16.27407410666667,-0.1092592333333328,0.016,2.384,2.4266666666666667,18.775308653333337,2.391333333333334,5.8133216,6.0627503,6.3357906,6.6169376,5.8117733,0,3.0,1,0.25,-0.96,24.6,75.4
2023-03-02 19:15:00,1321.341866527774,62.802765588888,62.850819249998,18.87222221,2.4266666666666667,35.95,1,5.1764362714980825,70.66250196097344,19,3,3,-0.9659258262890684,0.2588190451025203,0.4338837391175582,-0.900968867902419,1.0,6.123233995736766e-17,15.0,29.4375,95.33333333333331,11.95,26.2,67.25,85.0,-1.125,4.421821,0.0,1.025,18.966666676666662,36.38333333333333,37.7,39.2,40.85,35.35,-16.445555543333334,0.198148103333331,0.0266666666666668,2.4,2.4166666666666665,18.776543218888893,2.403555555555557,5.8117733,5.8133216,6.0627503,6.3357906,5.7467384,0,2.0,1,0.5,-0.92,22.8,77.2
2023-03-02 19:30:00,177.057361905554,11.106500172222,11.1453875,18.966666676666662,2.4166666666666665,35.35,1,5.1764362714980825,70.66250196097344,19,3,3,-0.9659258262890684,0.2588190451025203,0.4338837391175582,-0.900968867902419,1.0,6.123233995736766e-17,10.0,19.8125,77.83333333333333,12.1,25.4,77.5,86.0,-1.25,4.3904853,0.0,0.75,18.7722222,35.95,36.38333333333333,37.7,39.2,35.8,-16.550000009999998,0.0944444666666655,-0.0100000000000002,2.4266666666666667,2.4366666666666665,18.837654331111118,2.4144444444444457,5.7467384,5.8117733,5.8133216,6.0627503,5.7534194,0,1.0,0,0.75,-0.9,22.1,77.9
2023-03-02 19:45:00,234.70755582222,110.600298027778,110.650573816666,18.7722222,2.4366666666666665,35.8,2,5.1764362714980825,70.66250196097344,19,3,3,-0.9659258262890684,0.2588190451025203,0.4338837391175582,-0.900968867902419,1.0,6.123233995736766e-17,5.0,12.5,62.958333333333336,12.25,24.6,87.75,87.0,-1.375,4.3585935,0.0,0.475,18.97962964666667,35.35,35.95,36.38333333333333,37.7,36.75,-16.33555553333333,-0.1944444766666677,0.02,2.4166666666666665,2.369333333333333,18.87037036222222,2.426666666666668,5.7534194,5.7467384,5.8117733,5.8133216,5.978907,0,0.0,1,1.0,-0.94,23.8,76.2
2023-03-02 20:00:00,640.080229066668,69.8747049,69.92664725555599,18.97962964666667,2.369333333333333,36.75,1,5.1764362714980825,70.66250196097344,20,3,3,-0.8660254037844386,0.5000000000000001,0.4338837391175582,-0.900968867902419,1.0,6.123233995736766e-17,0.0,7.5,50.708333333333336,12.4,23.8,98.0,88.0,-1.5,4.3261714,0.0,0.2,19.0666667,35.8,35.35,35.95,36.38333333333333,35.8,-16.610296313333336,0.2074074466666715,-0.0673333333333334,2.4366666666666665,2.2966666666666664,18.90617284111111,2.407555555555557,5.978907,5.7534194,5.7467384,5.8117733,5.8543396,0,0.0,1,1.0,-0.89,21.7,78.3
2023-03-02 20:15:00,173.26418032222,31.9878871,32.033996355556,19.0666667,2.2966666666666664,35.8,1,5.1764362714980825,70.66250196097344,20,3,3,-0.8660254037844386,0.5000000000000001,0.4338837391175582,-0.900968867902419,1.0,6.123233995736766e-17,0.0,3.75,39.91666666666666,12.45,24.425,98.0,88.5,-1.475,4.33581,0.0,0.15,18.92962963,36.75,35.8,35.35,35.95,35.5,-16.770000033333332,0.0870370533333293,-0.0726666666666666,2.369333333333333,2.408,18.93950618222222,2.367555555555557,5.8543396,5.978907,5.7534194,5.7467384,5.758519,0,0.0,0,1.0,-0.87,21.1,78.9
2023-03-02 20:30:00,263.295579072214,140.623541533332,140.676872749998,18.92962963,2.408,35.5,2,5.1764362714980825,70.66250196097344,20,3,3,-0.8660254037844386,0.5000000000000001,0.4338837391175582,-0.900968867902419,1.0,6.123233995736766e-17,0.0,1.25,30.58333333333333,12.5,25.05,98.0,89.0,-1.45,4.345325,0.0,0.1,19.19444447,35.8,36.75,35.8,35.35,34.75,-16.52162963,-0.1370370699999981,0.1113333333333335,2.2966666666666664,2.4033333333333338,18.99197532555556,2.358000000000001,5.758519,5.8543396,5.978907,5.7534194,5.7256064,0,0.0,1,1.0,-0.91,22.4,77.6
2023-03-02 20:45:00,124.993611122224,0.0,0.0,19.19444447,2.4033333333333338,34.75,0,5.1764362714980825,70.66250196097344,20,3,3,-0.8660254037844386,0.5000000000000001,0.4338837391175582,-0.900968867902419,1.0,6.123233995736766e-17,0.0,0.0,22.70833333333333,12.55,25.675,98.0,89.5,-1.4249999999999998,4.354718,0.0,0.0499999999999999,19.04074074,35.5,35.8,36.75,35.8,34.21666666666667,-16.791111136666668,0.2648148399999996,-0.0046666666666661,2.408,2.488,19.06358026666667,2.369333333333335,5.7256064,5.758519,5.8543396,5.978907,5.586868,1,1.0,1,0.75,-0.85,20.3,79.7
2023-03-02 21:00:00,382.21943294444,64.962401433332,65.003510938886,19.04074074,2.488,34.21666666666667,1,5.1764362714980825,70.66250196097344,21,3,3,-0.7071067811865477,0.7071067811865474,0.4338837391175582,-0.900968867902419,1.0,6.123233995736766e-17,0.0,0.0,16.291666666666668,12.6,26.3,98.0,90.0,-1.4,4.363988,0.0,0.0,18.98333334,34.75,35.5,35.8,36.75,36.1,-16.55274074,-0.1537037300000001,0.0846666666666662,2.4033333333333338,2.46,19.05493828,2.433111111111113,5.586868,5.7256064,5.758519,5.8543396,5.874441,0,1.0,1,0.75,-0.89,21.7,78.3
2023-03-02 21:15:00,301.54460448333,60.4234163,60.463414733332,18.98333334,2.46,36.1,1,5.1764362714980825,70.66250196097344,21,3,3,-0.7071067811865477,0.7071067811865474,0.4338837391175582,-0.900968867902419,1.0,6.123233995736766e-17,0.0,0.0,11.0625,11.975,26.125,95.5,90.5,-1.4,4.3731365,0.0,-0.05,19.074074076666665,34.21666666666667,34.75,35.5,35.8,38.18333333333333,-16.52333334,-0.0574073999999988,-0.028,2.488,2.3946666666666667,19.072839516666672,2.450444444444446,5.874441,5.586868,5.7256064,5.758519,6.2468143,0,1.0,0,0.75,-0.89,21.8,78.2
2023-03-02 21:30:00,773.293233799996,0.0,0.0,19.074074076666665,2.3946666666666667,38.18333333333333,0,5.1764362714980825,70.66250196097344,21,3,3,-0.7071067811865477,0.7071067811865474,0.4338837391175582,-0.900968867902419,1.0,6.123233995736766e-17,0.0,0.0,7.020833333333333,11.35,25.950000000000003,93.0,91.0,-1.4,4.3821645,0.0,-0.1,18.82222222,36.1,34.21666666666667,34.75,35.5,37.65,-16.67940741,0.0907407366666639,-0.0653333333333332,2.46,2.283333333333333,19.032716052222224,2.447555555555557,6.2468143,5.874441,5.586868,5.7256064,6.068643,1,2.0,1,0.5,-0.86,20.6,79.4
2023-03-02 21:45:00,195.593009349998,52.982602844444,53.050100144444,18.82222222,2.283333333333333,37.65,1,5.1764362714980825,70.66250196097344,21,3,3,-0.7071067811865477,0.7071067811865474,0.4338837391175582,-0.900968867902419,1.0,6.123233995736766e-17,0.0,0.0,4.166666666666667,10.725,25.775,90.5,91.5,-1.4,4.3910713,0.0,-0.15,18.827777766666667,38.18333333333333,36.1,34.21666666666667,34.75,37.5,-16.53888888666667,-0.251851856666665,-0.1113333333333335,2.3946666666666667,2.29,18.95987654555556,2.379333333333334,6.068643,6.2468143,5.874441,5.586868,6.04645,0,1.0,1,0.75,-0.92,22.9,77.1
2023-03-02 22:00:00,264.351092399992,104.357492233332,104.431378194442,18.827777766666667,2.29,37.5,2,5.1764362714980825,70.66250196097344,22,3,3,-0.5000000000000004,0.8660254037844384,0.4338837391175582,-0.900968867902419,1.0,6.123233995736766e-17,0.0,0.0,2.5,10.1,25.6,88.0,92.0,-1.4,4.399859,0.0,-0.2,19.01666669,37.65,38.18333333333333,36.1,34.21666666666667,36.4,-16.537777766666668,0.0055555466666668,0.0066666666666663,2.283333333333333,2.37,18.90802468777778,2.322666666666668,6.04645,6.068643,6.2468143,5.874441,5.9349246,0,1.0,1,0.75,-0.92,22.9,77.1
2023-03-02 22:15:00,152.46890108333,0.0,0.0,19.01666669,2.37,36.4,0,5.1764362714980825,70.66250196097344,22,3,3,-0.5000000000000004,0.8660254037844384,0.4338837391175582,-0.900968867902419,1.0,6.123233995736766e-17,0.0,0.0,1.25,9.825,24.25,90.5,92.75,-1.525,4.359763,0.0,-0.45,18.82777777,37.5,37.65,38.18333333333333,36.1,35.71666666666667,-16.64666669,0.1888889233333337,0.0800000000000005,2.29,2.37,18.888888892222223,2.3144444444444456,5.9349246,6.04645,6.068643,6.2468143,5.7589083,1,2.0,1,0.5,-0.88,21.5,78.5
2023-03-02 22:30:00,249.354469888888,96.9477886,97.023896705554,18.82777777,2.37,35.71666666666667,2,5.1764362714980825,70.66250196097344,22,3,3,-0.5000000000000004,0.8660254037844384,0.4338837391175582,-0.900968867902419,1.0,6.123233995736766e-17,0.0,0.0,0.4166666666666667,9.55,22.9,93.0,93.5,-1.65,4.3195915,0.0,-0.7,18.98333337,36.4,37.5,37.65,38.18333333333333,35.85,-16.45777777,-0.1888889200000001,-4.440892098500626e-16,2.37,2.31,18.890740742222224,2.3433333333333346,5.7589083,5.9349246,6.04645,6.068643,5.83376,0,1.0,1,0.75,-0.93,23.3,76.7
2023-03-02 22:45:00,239.785130411112,81.590069583334,81.660344588888,18.98333337,2.31,35.85,2,5.1764362714980825,70.66250196097344,22,3,3,-0.5000000000000004,0.8660254037844384,0.4338837391175582,-0.900968867902419,1.0,6.123233995736766e-17,0.0,0.0,0.0,9.275,21.55,95.5,94.25,-1.775,4.279359,0.0,-0.95,19.07777778333333,35.71666666666667,36.4,37.5,37.65,34.6,-16.67333337,0.1555555999999995,-0.0599999999999996,2.37,2.232666666666667,18.94259261,2.3500000000000014,5.83376,5.7589083,5.9349246,6.04645,5.6618147,0,1.0,0,0.75,-0.89,21.9,78.1
2023-03-02 23:00:00,179.347547944448,21.368867394446,21.433031494446,19.07777778333333,2.232666666666667,34.6,1,5.1764362714980825,70.66250196097344,23,3,3,-0.2588190451025215,0.965925826289068,0.4338837391175582,-0.900968867902419,1.0,6.123233995736766e-17,0.0,0.0,0.0,9.0,20.2,98.0,95.0,-1.9,4.2390747,0.0,-1.2,18.88888886,35.85,35.71666666666667,36.4,37.5,34.85,-16.845111116666665,0.0944444133333313,-0.0773333333333332,2.31,2.087333333333333,18.962962974444448,2.304222222222224,5.6618147,5.83376,5.7589083,5.9349246,5.639494,0,1.0,1,0.75,-0.88,21.3,78.7
2023-03-02 23:15:00,275.71313778333,129.260107172222,129.337048544444,18.88888886,2.087333333333333,34.85,2,5.1764362714980825,70.66250196097344,23,3,3,-0.2588190451025215,0.965925826289068,0.4338837391175582,-0.900968867902419,1.0,6.123233995736766e-17,0.0,0.0,0.0,8.575,19.3,98.25,95.0,-1.9,4.2390747,0.0,-1.2,19.101851866666667,34.6,35.85,35.71666666666667,36.4,34.63333333333333,-16.801555526666668,-0.1888889233333301,-0.1453333333333337,2.232666666666667,1.9846666666666664,18.98333333777778,2.2100000000000013,5.639494,5.6618147,5.83376,5.7589083,5.675322,0,0.0,1,1.0,-0.92,22.9,77.1
2023-03-02 23:30:00,194.443055366664,35.0469314,35.118317494442,19.101851866666667,1.9846666666666664,34.63333333333333,1,5.1764362714980825,70.66250196097344,23,3,3,-0.2588190451025215,0.965925826289068,0.4338837391175582,-0.900968867902419,1.0,6.123233995736766e-17,0.0,0.0,0.0,8.15,18.4,98.5,95.0,-1.9,4.2390747,0.0,-1.2,19.04999999,34.85,34.6,35.85,35.71666666666667,34.05,-17.1171852,0.2129630066666656,-0.1026666666666664,2.087333333333333,1.8246666666666669,19.022839503333334,2.101555555555557,5.675322,5.639494,5.6618147,5.83376,5.5626926,0,0.0,1,1.0,-0.87,21.1,78.9
2023-03-02 23:45:00,156.603180172218,42.72606863889,42.771344677776,19.04999999,1.8246666666666669,34.05,1,5.1764362714980825,70.66250196097344,23,3,3,-0.2588190451025215,0.965925826289068,0.4338837391175582,-0.900968867902419,1.0,6.123233995736766e-17,0.0,0.0,0.0,7.725,17.5,98.75,95.0,-1.9,4.2390747,0.0,-1.2,18.905555536666668,34.63333333333333,34.85,34.6,35.85,34.28333333333333,-17.225333323333334,-0.0518518766666673,-0.1599999999999999,1.9846666666666664,1.7893333333333332,19.01358023888889,1.965555555555557,5.5626926,5.675322,5.639494,5.6618147,5.5532603,0,0.0,0,1.0,-0.89,21.6,78.4
2023-03-03 00:00:00,499.493075094442,140.4718809,140.493546716666,18.905555536666668,1.7893333333333332,34.28333333333333,2,5.1764362714980825,70.66250196097344,0,4,3,0.0,1.0,-0.433883739117558,-0.9009688679024191,1.0,6.123233995736766e-17,0.0,0.0,0.0,7.3,16.6,99.0,95.0,-1.9,4.2390747,0.0,-1.2,19.21111109,34.05,34.63333333333333,34.85,34.6,33.6,-17.116222203333336,-0.1444444533333317,-0.0353333333333334,1.8246666666666669,1.6873333333333334,19.01913579777778,1.866222222222224,5.5532603,5.5626926,5.675322,5.639494,5.5415654,0,0.0,1,1.0,-0.92,22.9,77.1
2023-03-03 00:15:00,97.610262133332,0.0,0.0,19.21111109,1.6873333333333334,33.6,0,5.1764362714980825,70.66250196097344,0,4,3,0.0,1.0,-0.433883739117558,-0.9009688679024191,1.0,6.123233995736766e-17,0.0,0.0,0.0,6.925,15.5,95.75,94.75,-2.0,4.2058973,0.0,-1.275,19.024074053333333,34.28333333333333,34.05,34.63333333333333,34.85,33.03333333333333,-17.523777756666664,0.3055555533333312,-0.1019999999999998,1.7893333333333332,1.594,19.055555538888893,1.7671111111111124,5.5415654,5.5532603,5.5626926,5.675322,5.3883524,1,1.0,1,0.75,-0.85,20.3,79.7
2023-03-03 00:30:00,138.25808070555,67.911727888888,67.923671927774,19.024074053333333,1.594,33.03333333333333,1,5.1764362714980825,70.66250196097344,0,4,3,0.0,1.0,-0.433883739117558,-0.9009688679024191,1.0,6.123233995736766e-17,0.0,0.0,0.0,6.55,14.4,92.5,94.5,-2.1,4.172936,0.0,-1.35,18.97777777,33.6,34.28333333333333,34.05,34.63333333333333,33.25,-17.430074053333332,-0.1870370366666662,-0.0933333333333332,1.6873333333333334,1.536,19.046913560000004,1.6902222222222238,5.3883524,5.5415654,5.5532603,5.5626926,5.408896,0,1.0,1,0.75,-0.9,22.1,77.9
2023-03-03 00:45:00,200.408372211112,129.84758367222202,129.867860644444,18.97777777,1.536,33.25,2,5.1764362714980825,70.66250196097344,0,4,3,0.0,1.0,-0.433883739117558,-0.9009688679024191,1.0,6.123233995736766e-17,0.0,0.0,0.0,6.175,13.3,89.25,94.25,-2.2,4.14019,0.0,-1.425,19.21851854333333,33.03333333333333,33.6,34.28333333333333,34.05,32.38333333333333,-17.441777769999998,-0.0462962833333335,-0.058,1.594,1.4393333333333334,19.07098763777778,1.605777777777779,5.408896,5.3883524,5.5415654,5.5532603,5.3432364,0,1.0,1,0.75,-0.91,22.4,77.6
2023-03-03 01:00:00,160.861898666664,81.448686355556,81.463408049998,19.21851854333333,1.4393333333333334,32.38333333333333,2,5.1764362714980825,70.66250196097344,1,4,3,0.2588190451025207,0.9659258262890684,-0.433883739117558,-0.9009688679024191,1.0,6.123233995736766e-17,0.0,0.0,0.0,5.8,12.2,86.0,94.0,-2.3,4.1076593,0.0,-1.5,18.97777779,33.25,33.03333333333333,33.6,34.28333333333333,32.4,-17.77918521,0.2407407733333357,-0.0966666666666666,1.536,1.2886666666666666,19.07345678888889,1.5231111111111126,5.3432364,5.408896,5.3883524,5.5415654,5.270623,0,1.0,0,0.75,-0.86,20.5,79.5
2023-03-03 01:15:00,154.454377194442,107.06127296111,107.080438894442,18.97777779,1.2886666666666666,32.4,2,5.1764362714980825,70.66250196097344,1,4,3,0.2588190451025207,0.9659258262890684,-0.433883739117558,-0.9009688679024191,1.0,6.123233995736766e-17,0.0,0.0,0.0,6.425,12.475,86.75,94.25,-2.55,4.0472746,0.0,-1.75,19.10370368333333,32.38333333333333,33.25,33.03333333333333,33.6,32.6,-17.689111123333333,-0.2407407533333341,-0.1506666666666667,1.4393333333333334,1.0293333333333332,19.058024701111112,1.421333333333335,5.270623,5.3432364,5.408896,5.3883524,5.3427057,0,0.0,0,1.0,-0.91,22.6,77.4
2023-03-03 01:30:00,159.821662477776,107.887906544444,107.908739094442,19.10370368333333,1.0293333333333332,32.6,2,5.1764362714980825,70.66250196097344,1,4,3,0.2588190451025207,0.9659258262890684,-0.433883739117558,-0.9009688679024191,1.0,6.123233995736766e-17,0.0,0.0,0.0,7.050000000000001,12.75,87.5,94.5,-2.8,3.987602,0.0,-2.0,19.32222221,32.4,32.38333333333333,33.25,33.03333333333333,31.7,-18.07437035,0.1259258933333313,-0.2593333333333334,1.2886666666666666,0.722,19.10000000555556,1.252444444444446,5.3427057,5.270623,5.3432364,5.408896,5.262528,0,0.0,0,1.0,-0.88,21.5,78.5
2023-03-03 01:45:00,92.067150566664,26.011459483334,26.020625833332,19.32222221,0.722,31.7,1,5.1764362714980825,70.66250196097344,1,4,3,0.2588190451025207,0.9659258262890684,-0.433883739117558,-0.9009688679024191,1.0,6.123233995736766e-17,0.0,0.0,0.0,7.675000000000001,13.025,88.25,94.75,-3.05,3.9286351,0.0,-2.25,19.07407411333333,32.6,32.4,32.38333333333333,33.25,31.966666666666665,-18.60022221,0.2185185266666671,-0.3073333333333332,1.0293333333333332,0.5286666666666667,19.134567894444444,1.0133333333333348,5.262528,5.3427057,5.270623,5.3432364,5.229764,0,0.0,1,1.0,-0.84,19.8,80.2
2023-03-03 02:00:00,182.249654255552,134.8754381,134.898215005554,19.07407411333333,0.5286666666666667,31.966666666666665,2,5.1764362714980825,70.66250196097344,2,4,3,0.4999999999999999,0.8660254037844387,-0.433883739117558,-0.9009688679024191,1.0,6.123233995736766e-17,0.0,0.0,0.0,8.3,13.3,89.0,95.0,-3.3,3.8703673,0.0,-2.5,19.277777800000003,31.7,32.6,32.4,32.38333333333333,31.6,-18.54540744666667,-0.2481480966666644,-0.1933333333333332,0.722,0.284,19.16666666888889,0.7600000000000015,5.229764,5.262528,5.3427057,5.270623,5.2322187,0,0.0,1,1.0,-0.89,21.8,78.2
2023-03-03 02:15:00,97.407492494442,43.10772003889,43.1199418,19.277777800000003,0.284,31.6,1,5.1764362714980825,70.66250196097344,2,4,3,0.4999999999999999,0.8660254037844387,-0.433883739117558,-0.9009688679024191,1.0,6.123233995736766e-17,0.0,0.0,0.0,7.950000000000001,13.925,88.75,95.0,-3.275,3.8703673,0.0,-2.5,19.20370373333333,31.966666666666665,31.7,32.6,32.4,31.03333333333333,-18.993777800000004,0.2037036866666675,-0.2446666666666667,0.5286666666666667,0.0693333333333333,19.224691374444447,0.511555555555557,5.2322187,5.229764,5.262528,5.3427057,5.1160192,0,0.0,1,1.0,-0.85,20.2,79.8
2023-03-03 02:30:00,146.261371594442,82.716691183334,82.733079511108,19.20370373333333,0.0693333333333333,31.03333333333333,2,5.1764362714980825,70.66250196097344,2,4,3,0.4999999999999999,0.8660254037844387,-0.433883739117558,-0.9009688679024191,1.0,6.123233995736766e-17,0.0,0.0,0.0,7.6,14.55,88.5,95.0,-3.25,3.8703673,0.0,-2.5,19.2,31.6,31.966666666666665,31.7,32.6,30.95,-19.1343704,-0.0740740666666681,-0.2146666666666666,0.284,-0.2066666666666666,19.18518521555556,0.2940000000000015,5.1160192,5.2322187,5.229764,5.262528,5.1011667,0,0.0,1,1.0,-0.87,20.9,79.1
2023-03-03 02:45:00,167.88550656111,120.480736127778,120.500179783334,19.2,-0.2066666666666666,30.95,2,5.1764362714980825,70.66250196097344,2,4,3,0.4999999999999999,0.8660254037844387,-0.433883739117558,-0.9009688679024191,1.0,6.123233995736766e-17,0.0,0.0,0.0,7.25,15.175,88.25,95.0,-3.225,3.8703673,0.0,-2.5,19.40000000666667,31.03333333333333,31.6,31.966666666666665,31.7,30.35,-19.406666666666663,-0.0037037333333351,-0.276,0.0693333333333333,-0.4573333333333333,19.227160511111112,0.0488888888888903,5.1011667,5.1160192,5.2322187,5.229764,5.0615306,0,0.0,0,1.0,-0.87,21.0,79.0
2023-03-03 03:00:00,77.736334955552,20.390573244444,20.398906294442,19.40000000666667,-0.4573333333333333,30.35,1,5.1764362714980825,70.66250196097344,3,4,3,0.7071067811865476,0.7071067811865476,-0.433883739117558,-0.9009688679024191,1.0,6.123233995736766e-17,0.0,0.0,0.0,6.9,15.8,88.0,95.0,-3.2,3.8703673,0.0,-2.5,19.13888892,30.95,31.03333333333333,31.6,31.966666666666665,30.35,-19.857333340000004,0.20000000666667,-0.2506666666666667,-0.2066666666666666,-0.5206666666666667,19.26790124666667,-0.1982222222222207,5.0615306,5.1011667,5.1160192,5.2322187,4.98429,0,0.0,1,1.0,-0.83,19.4,80.6
2023-03-03 03:15:00,200.739747805558,136.568148172222,136.587036316666,19.13888892,-0.5206666666666667,30.35,2,5.1764362714980825,70.66250196097344,3,4,3,0.7071067811865476,0.7071067811865476,-0.433883739117558,-0.9009688679024191,1.0,6.123233995736766e-17,0.0,0.0,0.0,6.575,14.725,73.0,95.25,-3.2,3.8737292,0.0,-2.525,19.312962953333333,30.35,30.95,31.03333333333333,31.6,30.133333333333333,-19.659555586666663,-0.2611110866666699,-0.0633333333333333,-0.4573333333333333,-0.4619999999999999,19.24629630888889,-0.3948888888888874,4.98429,5.0615306,5.1011667,5.1160192,4.999721,0,0.0,1,1.0,-0.89,21.6,78.4
2023-03-03 03:30:00,111.78163963889,63.195805383334,63.208582688888,19.312962953333333,-0.4619999999999999,30.133333333333333,1,5.1764362714980825,70.66250196097344,3,4,3,0.7071067811865476,0.7071067811865476,-0.433883739117558,-0.9009688679024191,1.0,6.123233995736766e-17,0.0,0.0,0.0,6.25,13.65,58.0,95.5,-3.2,3.8770664,0.0,-2.55,19.28888888,30.35,30.35,30.95,31.03333333333333,29.55,-19.774962953333333,0.1740740333333335,0.0586666666666667,-0.5206666666666667,-0.428,19.28395062666667,-0.4799999999999985,4.999721,4.98429,5.0615306,5.1011667,4.895988,0,0.0,1,1.0,-0.85,20.2,79.8
2023-03-03 03:45:00,132.726357366668,74.283972955556,74.298694633332,19.28888888,-0.428,29.55,2,5.1764362714980825,70.66250196097344,3,4,3,0.7071067811865476,0.7071067811865476,-0.433883739117558,-0.9009688679024191,1.0,6.123233995736766e-17,0.0,0.0,0.0,5.925,12.575,43.0,95.75,-3.2,3.880378,0.0,-2.575,19.16851853,30.133333333333333,30.35,30.35,30.95,29.966666666666665,-19.71688888,-0.0240740733333346,0.0339999999999999,-0.4619999999999999,-0.45,19.24691358444445,-0.4702222222222207,4.895988,4.999721,4.98429,5.0615306,4.9299397,0,0.0,1,1.0,-0.86,20.5,79.5
2023-03-03 04:00:00,211.894024033328,151.4381089,151.460052472222,19.16851853,-0.45,29.966666666666665,2,5.1764362714980825,70.66250196097344,4,4,3,0.8660254037844386,0.5000000000000001,-0.433883739117558,-0.9009688679024191,1.0,6.123233995736766e-17,0.0,0.0,0.0,5.6,11.5,28.0,96.0,-3.2,3.8836644,0.0,-2.6,19.3833333,29.55,30.133333333333333,30.35,30.35,29.3,-19.61851853,-0.1203703500000017,-0.022,-0.428,-0.1393333333333333,19.256790121111116,-0.4466666666666651,4.9299397,4.895988,4.999721,4.98429,4.8816304,0,0.0,0,1.0,-0.88,21.4,78.6
2023-03-03 04:15:00,56.255249833328,0.0,0.0,19.3833333,-0.1393333333333333,29.3,0,5.1764362714980825,70.66250196097344,4,4,3,0.8660254037844386,0.5000000000000001,-0.433883739117558,-0.9009688679024191,1.0,6.123233995736766e-17,0.0,0.0,0.0,5.675,10.875,23.75,96.0,-3.475,3.8023465,0.0,-2.9,19.12407409,29.966666666666665,29.55,30.133333333333333,30.35,29.183333333333334,-19.522666633333333,0.2148147700000038,0.3106666666666666,-0.45,-0.262,19.28024690333333,-0.3391111111111096,4.8816304,4.9299397,4.895988,4.999721,4.788507,1,1.0,1,0.75,-0.84,19.8,80.2
2023-03-03 04:30:00,186.33365743889,126.994364455556,127.014919183334,19.12407409,-0.262,29.183333333333334,2,5.1764362714980825,70.66250196097344,4,4,3,0.8660254037844386,0.5000000000000001,-0.433883739117558,-0.9009688679024191,1.0,6.123233995736766e-17,0.0,0.0,0.0,5.75,10.25,19.5,96.0,-3.75,3.7225294,0.0,-3.2,19.0611111,29.3,29.966666666666665,29.55,30.133333333333333,29.15,-19.38607409,-0.2592592099999997,-0.1226666666666666,-0.1393333333333333,-0.1813333333333333,19.22530864,-0.2837777777777763,4.788507,4.8816304,4.9299397,4.895988,4.765311,0,1.0,1,0.75,-0.9,22.0,78.0
2023-03-03 04:45:00,157.93007147777598,99.963223511112,99.980445072222,19.0611111,-0.1813333333333333,29.15,2,5.1764362714980825,70.66250196097344,4,4,3,0.8660254037844386,0.5000000000000001,-0.433883739117558,-0.9009688679024191,1.0,6.123233995736766e-17,0.0,0.0,0.0,5.825,9.625,15.249999999999998,96.0,-4.025,3.644188,0.0,-3.5,18.894444426666663,29.183333333333334,29.3,29.966666666666665,29.55,29.183333333333334,-19.242444433333336,-0.062962989999999,0.0806666666666666,-0.262,-0.3733333333333333,19.18950616333333,-0.1942222222222207,4.765311,4.788507,4.8816304,4.9299397,4.724053,0,1.0,0,0.75,-0.91,22.5,77.5
2023-03-03 05:00:00,439.549361838886,125.959683627778,125.982738305554,18.894444426666663,-0.3733333333333333,29.183333333333334,2,5.1764362714980825,70.66250196097344,5,4,3,0.9659258262890684,0.2588190451025207,-0.433883739117558,-0.9009688679024191,1.0,6.123233995736766e-17,0.0,0.0,0.0,5.9,9.0,11.0,96.0,-4.3,3.5672998,0.0,-3.8,19.03888889,29.15,29.183333333333334,29.3,29.966666666666665,29.1,-19.26777776,-0.166666673333335,-0.192,-0.1813333333333333,-0.444,19.02654320555556,-0.2722222222222207,4.724053,4.765311,4.788507,4.8816304,4.7509046,0,1.0,0,0.75,-0.95,24.0,76.0
2023-03-03 05:15:00,175.734081388892,115.6378743,115.657595744444,19.03888889,-0.444,29.1,2,5.1764362714980825,70.66250196097344,5,4,3,0.9659258262890684,0.2588190451025207,-0.433883739117558,-0.9009688679024191,1.0,6.123233995736766e-17,0.0,0.0,0.0,5.4750000000000005,8.725,28.25,95.25,-4.425,3.5394304,0.0,-3.8,19.26851852,29.183333333333334,29.15,29.183333333333334,29.3,28.53333333333333,-19.48288889,0.1444444633333326,-0.0706666666666666,-0.3733333333333333,-0.5873333333333334,18.99814813888889,-0.3328888888888874,4.7509046,4.724053,4.765311,4.788507,4.7218747,0,0.0,0,1.0,-0.92,22.7,77.3
2023-03-03 05:30:00,99.510186149998,43.75547196111,43.76602712222,19.26851852,-0.5873333333333334,28.53333333333333,1,5.1764362714980825,70.66250196097344,5,4,3,0.9659258262890684,0.2588190451025207,-0.433883739117558,-0.9009688679024191,1.0,6.123233995736766e-17,0.0,0.0,0.0,5.050000000000001,8.45,45.5,94.5,-4.55,3.511561,0.0,-3.8,19.05555555,29.1,29.183333333333334,29.15,29.183333333333334,28.5,-19.85585185333333,0.2296296300000015,-0.1433333333333333,-0.444,-0.8113333333333334,19.067283945555555,-0.4682222222222207,4.7218747,4.7509046,4.724053,4.765311,4.6575255,0,0.0,1,1.0,-0.87,20.9,79.1
2023-03-03 05:45:00,193.53948044444,144.602271244444,144.62615922222,19.05555555,-0.8113333333333334,28.5,2,5.1764362714980825,70.66250196097344,5,4,3,0.9659258262890684,0.2588190451025207,-0.433883739117558,-0.9009688679024191,1.0,6.123233995736766e-17,0.0,0.0,0.0,4.625,8.175,62.74999999999999,93.75,-4.675,3.4836912,0.0,-3.8,19.26851851,28.53333333333333,29.1,29.183333333333334,29.15,28.316666666666663,-19.86688888333333,-0.2129629699999995,-0.2239999999999999,-0.5873333333333334,-1.086,19.120987653333334,-0.6142222222222208,4.6575255,4.7218747,4.7509046,4.724053,4.6860194,0,0.0,1,1.0,-0.92,22.7,77.3
2023-03-03 06:00:00,117.341417222224,56.842170655556,56.855225716666,19.26851851,-1.086,28.316666666666663,1,5.1764362714980825,70.66250196097344,6,4,3,1.0,6.123233995736766e-17,-0.433883739117558,-0.9009688679024191,1.0,6.123233995736766e-17,0.0,0.0,0.0,4.2,7.9,80.0,93.0,-4.8,3.4558218,0.0,-3.8,19.18888889,28.5,28.53333333333333,29.1,29.183333333333334,28.0,-20.35451851,0.2129629599999987,-0.2746666666666665,-0.8113333333333334,-1.082,19.19753086,-0.8282222222222207,4.6860194,4.6575255,4.7218747,4.7509046,4.6119285,0,0.0,1,1.0,-0.87,20.9,79.1
2023-03-03 06:15:00,158.800869894446,103.334755327778,103.352532383334,19.18888889,-1.082,28.0,2,5.1764362714980825,70.66250196097344,6,4,3,1.0,6.123233995736766e-17,-0.433883739117558,-0.9009688679024191,1.0,6.123233995736766e-17,0.0,0.0,0.0,3.5250000000000004,7.375,84.75,93.5,-4.95,3.4191532,0.0,-4.025,19.18148151,28.316666666666663,28.5,28.53333333333333,29.1,28.0,-20.27088889,-0.0796296200000021,0.0039999999999997,-1.086,-0.934,19.17098765,-0.9931111111111096,4.6119285,4.6860194,4.6575255,4.7218747,4.6099157,0,0.0,1,1.0,-0.89,21.6,78.4
2023-03-03 06:30:00,187.074461155556,137.328117772222,137.35089466111,19.18148151,-0.934,28.0,2,5.1764362714980825,70.66250196097344,6,4,3,1.0,6.123233995736766e-17,-0.433883739117558,-0.9009688679024191,1.0,6.123233995736766e-17,0.0,0.0,0.0,2.85,6.85,89.5,94.0,-5.1,3.3826716,0.0,-4.25,19.39444442,28.0,28.316666666666663,28.5,28.53333333333333,27.65,-20.11548151,-0.0074073799999965,0.1480000000000001,-1.082,-1.4273333333333331,19.212962970000003,-1.0339999999999985,4.6099157,4.6119285,4.6860194,4.6575255,4.609739,0,0.0,0,1.0,-0.89,21.7,78.3
2023-03-03 06:45:00,85.207147144444,25.1148287,25.1256616,19.39444442,-1.4273333333333331,27.65,1,5.1764362714980825,70.66250196097344,6,4,3,1.0,6.123233995736766e-17,-0.433883739117558,-0.9009688679024191,1.0,6.123233995736766e-17,0.0,0.0,0.0,2.1750000000000003,6.325,94.25,94.5,-5.25,3.34638,0.0,-4.475,19.09259258333333,28.0,28.0,28.316666666666663,28.5,27.683333333333334,-20.821777753333333,0.2129629099999981,-0.4933333333333334,-0.934,-1.5333333333333334,19.25493827333333,-1.1477777777777762,4.609739,4.6099157,4.6119285,4.6860194,4.533957,0,0.0,1,1.0,-0.84,20.0,80.0
2023-03-03 07:00:00,179.861694294438,125.311654,125.333875377776,19.09259258333333,-1.5333333333333334,27.683333333333334,2,5.1764362714980825,70.66250196097344,7,4,3,0.9659258262890684,-0.2588190451025206,-0.433883739117558,-0.9009688679024191,1.0,6.123233995736766e-17,0.0,0.0,0.0,1.5,5.8,99.0,95.0,-5.4,3.3102832,0.0,-4.7,19.16666665,27.65,28.0,28.0,28.316666666666663,27.95,-20.625925916666667,-0.3018518366666676,-0.1060000000000001,-1.4273333333333331,-1.348666666666667,19.222839504444444,-1.2982222222222208,4.533957,4.609739,4.6099157,4.6119285,4.5976677,0,0.0,1,1.0,-0.91,22.6,77.4
2023-03-03 07:15:00,195.483013816662,145.9341624,145.957494833332,19.16666665,-1.348666666666667,27.95,2,5.1764362714980825,70.66250196097344,7,4,3,0.9659258262890684,-0.2588190451025206,-0.433883739117558,-0.9009688679024191,1.0,6.123233995736766e-17,1.0,0.25,0.0833333333333333,2.4,6.5,99.25,95.0,-6.15,3.1307092,0.0,-5.475,19.22407407,27.683333333333334,27.65,28.0,28.0,27.53333333333333,-20.515333316666663,0.0740740666666681,0.1846666666666667,-1.5333333333333334,-1.1960000000000002,19.21790121777778,-1.436444444444443,4.5976677,4.533957,4.609739,4.6099157,4.5444756,0,0.0,0,1.0,-0.89,21.8,78.2
2023-03-03 07:30:00,169.409334538886,109.301183344444,109.32118256111,19.22407407,-1.1960000000000002,27.53333333333333,2,5.1764362714980825,70.66250196097344,7,4,3,0.9659258262890684,-0.2588190451025206,-0.433883739117558,-0.9009688679024191,1.0,6.123233995736766e-17,2.0,0.75,0.25,3.3,7.199999999999999,99.5,95.0,-6.9,2.9597676,0.0,-6.25,19.12222223,27.95,27.683333333333334,27.65,28.0,27.5,-20.42007407,0.0574074199999969,0.1526666666666665,-1.348666666666667,-0.7033333333333334,19.16111110111111,-1.359333333333332,4.5444756,4.5976677,4.533957,4.609739,4.5118074,0,0.0,0,1.0,-0.88,21.4,78.6
2023-03-03 07:45:00,190.584876183338,136.113721883334,136.135665472222,19.12222223,-0.7033333333333334,27.5,2,5.1764362714980825,70.66250196097344,7,4,3,0.9659258262890684,-0.2588190451025206,-0.433883739117558,-0.9009688679024191,1.0,6.123233995736766e-17,3.0,1.5,0.5,4.199999999999999,7.899999999999999,99.75,95.0,-7.65,2.7970998,0.0,-7.025,19.32962964333333,27.53333333333333,27.95,27.683333333333334,27.65,27.316666666666663,-19.82555556333333,-0.1018518399999983,0.4926666666666668,-1.1960000000000002,-0.4813333333333334,19.17098765,-1.0826666666666651,4.5118074,4.5444756,4.5976677,4.533957,4.5368295,0,0.0,0,1.0,-0.91,22.3,77.7
2023-03-03 08:00:00,63.962719205554,13.999162277776,14.008606366664,19.32962964333333,-0.4813333333333334,27.316666666666663,1,5.1764362714980825,70.66250196097344,8,4,3,0.8660254037844387,-0.4999999999999998,-0.433883739117558,-0.9009688679024191,1.0,6.123233995736766e-17,4.0,2.5,0.8333333333333334,5.1,8.6,100.0,95.0,-8.4,2.6423616,0.0,-7.8,19.17777778,27.5,27.53333333333333,27.95,27.683333333333334,27.35,-19.810962976666666,0.2074074133333319,0.2219999999999999,-0.7033333333333334,-0.3433333333333334,19.225308647777776,-0.7935555555555541,4.5368295,4.5118074,4.5444756,4.5976677,4.5019174,0,0.0,1,1.0,-0.86,20.6,79.4
2023-03-03 08:15:00,171.764518077776,111.631923411112,111.6513671,19.17777778,-0.3433333333333334,27.35,2,5.1764362714980825,70.66250196097344,8,4,3,0.8660254037844387,-0.4999999999999998,-0.433883739117558,-0.9009688679024191,1.0,6.123233995736766e-17,22.25,7.8125,2.6875,4.574999999999999,8.975,100.0,95.25,-7.6,2.8095956,0.0,-7.0,19.40925928333333,27.316666666666663,27.5,27.53333333333333,27.95,27.316666666666663,-19.521111113333333,-0.1518518633333307,0.138,-0.4813333333333334,0.218,19.20987655111111,-0.5093333333333319,4.5019174,4.5368295,4.5118074,4.5444756,4.5581374,0,0.0,1,1.0,-0.89,21.9,78.1
2023-03-03 08:30:00,112.979091872218,58.651542744444,58.666819966664,19.40925928333333,0.218,27.316666666666663,1,5.1764362714980825,70.66250196097344,8,4,3,0.8660254037844387,-0.4999999999999998,-0.433883739117558,-0.9009688679024191,1.0,6.123233995736766e-17,40.5,17.4375,6.0625,4.05,9.35,100.0,95.5,-6.800000000000001,2.9861765,0.0,-6.199999999999999,20.03888892,27.35,27.316666666666663,27.5,27.53333333333333,26.6,-19.19125928333333,0.2314815033333346,0.5613333333333334,-0.3433333333333334,0.4953333333333333,19.30555556888889,-0.2022222222222207,4.5581374,4.5019174,4.5368295,4.5118074,4.6056237,0,0.0,1,1.0,-0.84,19.9,80.1
2023-03-03 08:45:00,69.069181438894,18.568979411112,18.578423450002,20.03888892,0.4953333333333333,26.6,1,5.1764362714980825,70.66250196097344,8,4,3,0.8660254037844387,-0.4999999999999998,-0.433883739117558,-0.9009688679024191,1.0,6.123233995736766e-17,58.75,31.375,10.958333333333334,3.525,9.725,100.0,95.75,-6.0,3.1725545,0.0,-5.4,20.374074086666667,27.316666666666663,27.35,27.316666666666663,27.5,26.03333333333333,-19.543555586666663,0.6296296366666638,0.2773333333333333,0.218,0.9766666666666668,19.541975327777777,0.1233333333333347,4.6056237,4.5581374,4.5019174,4.5368295,4.596709,0,0.0,0,1.0,-0.7,15.3,84.7
2023-03-03 09:00:00,184.624837077772,124.1500338,124.170588544444,20.374074086666667,0.9766666666666668,26.03333333333333,2,5.1764362714980825,70.66250196097344,9,4,3,0.7071067811865476,-0.7071067811865475,-0.433883739117558,-0.9009688679024191,1.0,6.123233995736766e-17,77.0,49.625,17.375,3.0,10.1,100.0,96.0,-5.2,3.3691967,0.0,-4.6,20.43333331,26.6,27.316666666666663,27.35,27.316666666666663,26.0,-19.39740742,0.335185166666669,0.4813333333333334,0.4953333333333333,1.0113333333333334,19.94074076333333,0.5633333333333348,4.596709,4.6056237,4.5581374,4.5019174,4.6067305,0,0.0,1,1.0,-0.63,13.3,86.7
2023-03-03 09:15:00,87.697047594442,33.049233544444,33.061177516666,20.43333331,1.0113333333333334,26.0,1,5.1764362714980825,70.66250196097344,9,4,3,0.7071067811865476,-0.7071067811865475,-0.433883739117558,-0.9009688679024191,1.0,6.123233995736766e-17,110.75,71.75,26.604166666666668,2.775,9.475,100.0,93.25,-4.875,3.4405272,0.0,-3.9,20.53703703,26.03333333333333,26.6,27.316666666666663,27.35,26.0,-19.42199997666667,0.0592592233333348,0.0346666666666667,0.9766666666666668,1.2626666666666668,20.282098772222223,0.8277777777777793,4.6067305,4.596709,4.6056237,4.5581374,4.6346836,0,0.0,1,1.0,-0.62,12.9,87.1
2023-03-03 09:30:00,80.263733805554,29.047449172222,29.059393177776,20.53703703,1.2626666666666668,26.0,1,5.1764362714980825,70.66250196097344,9,4,3,0.7071067811865476,-0.7071067811865475,-0.433883739117558,-0.9009688679024191,1.0,6.123233995736766e-17,144.5,97.75,38.645833333333336,2.55,8.85,100.0,90.5,-4.55,3.5092595,0.0,-3.2,20.79444442,26.0,26.03333333333333,26.6,27.316666666666663,26.0,-19.274370363333333,0.1037037199999986,0.2513333333333334,1.0113333333333334,1.5186666666666666,20.448148142222223,1.083555555555557,4.6346836,4.6067305,4.596709,4.6056237,4.7047048,0,0.0,0,1.0,-0.59,12.3,87.7
2023-03-03 09:45:00,194.728877183334,134.839606183334,134.8621053,20.79444442,1.5186666666666666,26.0,2,5.1764362714980825,70.66250196097344,9,4,3,0.7071067811865476,-0.7071067811865475,-0.433883739117558,-0.9009688679024191,1.0,6.123233995736766e-17,178.25,127.625,53.5,2.325,8.225,100.0,87.75,-4.225,3.5749972,0.0,-2.5,21.204629615,26.0,26.0,26.03333333333333,26.6,25.816666666666663,-19.275777753333333,0.2574073900000009,0.2559999999999998,1.2626666666666668,2.388,20.588271586666668,1.2642222222222237,4.7047048,4.6346836,4.6067305,4.596709,4.7842026,0,0.0,1,1.0,-0.53,10.9,89.1
2023-03-03 10:00:00,63.146640633336,10.3462528,10.355696888888,21.204629615,2.388,25.816666666666663,1,5.1764362714980825,70.66250196097344,10,4,3,0.4999999999999999,-0.8660254037844387,-0.433883739117558,-0.9009688679024191,1.0,6.123233995736766e-17,212.0,161.375,71.16666666666667,2.1,7.6,100.0,85.0,-3.9,3.6373181,0.0,-1.8,21.647222205,26.0,26.0,26.0,26.03333333333333,25.15,-18.816629615,0.4101851949999968,0.8693333333333333,1.5186666666666666,3.071333333333333,20.845370355,1.7231111111111126,4.7842026,4.7047048,4.6346836,4.6067305,4.7816563,0,0.0,1,1.0,-0.44,9.0,91.0
2023-03-03 10:15:00,121.276815416666,21.139154383334,21.146654116666,21.647222205,3.071333333333333,25.15,1,5.1764362714980825,70.66250196097344,10,4,3,0.4999999999999999,-0.8660254037844387,-0.433883739117558,-0.9009688679024191,1.0,6.123233995736766e-17,245.75,195.125,91.5625,2.8000000000000003,9.3,100.0,82.0,-3.95,3.6335986,0.0,-1.3,21.775925926666662,25.816666666666663,26.0,26.0,26.0,25.55,-18.575888871666663,0.4425925900000003,0.6833333333333336,2.388,3.389333333333333,21.21543208,2.3260000000000014,4.7816563,4.7842026,4.7047048,4.6346836,4.893965,0,0.0,0,1.0,-0.34,7.4,92.6
2023-03-03 10:30:00,1312.542218511108,104.231941655556,104.248607688888,21.775925926666662,3.389333333333333,25.55,2,5.1764362714980825,70.66250196097344,10,4,3,0.4999999999999999,-0.8660254037844387,-0.433883739117558,-0.9009688679024191,1.0,6.123233995736766e-17,279.5,228.875,114.6875,3.5,11.0,100.0,79.0,-4.0,3.6244876,0.0,-0.8,21.40555553,25.15,25.816666666666663,26.0,26.0,28.05,-18.386592593333333,0.1287037216666675,0.3179999999999996,3.071333333333333,3.592,21.542592582222223,2.949555555555557,4.893965,4.7816563,4.7842026,4.7047048,5.2589636,0,0.0,1,1.0,-0.31,7.0,93.0
2023-03-03 10:45:00,418.468816094446,0.0,0.0,21.40555553,3.592,28.05,0,5.1764362714980825,70.66250196097344,10,4,3,0.4999999999999999,-0.8660254037844387,-0.433883739117558,-0.9009688679024191,1.0,6.123233995736766e-17,313.25,262.625,140.54166666666666,4.2,12.7,100.0,76.0,-4.05,3.6096547,0.0,-0.3,21.148148133333333,25.55,25.15,25.816666666666663,26.0,30.08333333333333,-17.813555530000002,-0.3703703966666651,0.2026666666666665,3.389333333333333,3.496,21.609567887222223,3.3508888888888904,5.2589636,4.893965,4.7816563,4.7842026,5.5566373,1,1.0,1,0.75,-0.38,8.0,92.0
2023-03-03 11:00:00,1266.603222877772,0.0,0.0,21.148148133333333,3.496,30.08333333333333,0,5.1764362714980825,70.66250196097344,11,4,3,0.258819045102521,-0.9659258262890682,-0.433883739117558,-0.9009688679024191,1.0,6.123233995736766e-17,347.0,296.375,169.125,4.9,14.4,100.0,73.0,-4.1,3.5887556,0.0,0.2,20.888888880000003,28.05,25.55,25.15,25.816666666666663,30.3,-17.652148133333334,-0.2574073966666681,-0.0959999999999996,3.592,3.626,21.443209863333333,3.492444444444446,5.5566373,5.2589636,4.893965,4.7816563,5.512996,0,2.0,0,0.5,-0.43,8.8,91.2
2023-03-03 11:15:00,439.295483244436,0.0,0.0,20.888888880000003,3.626,30.3,0,5.1764362714980825,70.66250196097344,11,4,3,0.258819045102521,-0.9659258262890682,-0.433883739117558,-0.9009688679024191,1.0,6.123233995736766e-17,366.5,326.5625,197.8125,5.1000000000000005,15.2,100.0,71.0,-4.199999999999999,3.5692375,0.0,0.525,20.67037037333333,30.08333333333333,28.05,25.55,25.15,29.83333333333333,-17.262888880000002,-0.2592592533333295,0.1299999999999999,3.496,3.8466666666666662,21.14753084777778,3.571333333333335,5.512996,5.5566373,5.2589636,4.893965,5.3594894,0,3.0,0,0.25,-0.48,9.9,90.1
2023-03-03 11:30:00,83.86775640555,0.0,0.0,20.67037037333333,3.8466666666666662,29.83333333333333,0,5.1764362714980825,70.66250196097344,11,4,3,0.258819045102521,-0.9659258262890682,-0.433883739117558,-0.9009688679024191,1.0,6.123233995736766e-17,386.0,353.1875,226.60416666666663,5.300000000000001,16.0,100.0,69.0,-4.3,3.5467916,0.0,0.8500000000000001,20.4277778,30.3,30.08333333333333,28.05,25.55,29.6,-16.823703706666667,-0.218518506666669,0.2206666666666668,3.626,4.086,20.90246912888889,3.656222222222224,5.3594894,5.512996,5.5566373,5.2589636,5.2428865,0,4.0,0,0.0,-0.54,11.1,88.9
2023-03-03 11:45:00,205.566221555552,115.283444027778,115.301776644444,20.4277778,4.086,29.6,2,5.1764362714980825,70.66250196097344,11,4,3,0.258819045102521,-0.9659258262890682,-0.433883739117558,-0.9009688679024191,1.0,6.123233995736766e-17,405.5,376.25,255.5,5.5,16.8,100.0,67.0,-4.4,3.5213113,0.0,1.175,20.305555556666665,29.83333333333333,30.3,30.08333333333333,28.05,30.25,-16.341777800000003,-0.2425925733333329,0.2393333333333336,3.8466666666666662,4.530666666666666,20.66234568444445,3.85288888888889,5.2428865,5.3594894,5.512996,5.5566373,5.319916,0,3.0,1,0.25,-0.6,12.4,87.6
2023-03-03 12:00:00,119.646880649998,47.0472847,47.058117649998,20.305555556666665,4.530666666666666,30.25,1,5.1764362714980825,70.66250196097344,12,4,3,1.2246467991473532e-16,-1.0,-0.433883739117558,-0.9009688679024191,1.0,6.123233995736766e-17,425.0,395.75,284.5,5.7,17.6,100.0,65.0,-4.5,3.4926863,0.0,1.5,20.35,29.6,29.83333333333333,30.3,30.08333333333333,29.6,-15.77488889,-0.1222222433333364,0.4446666666666656,4.086,4.77,20.467901243333333,4.154444444444446,5.319916,5.2428865,5.3594894,5.512996,5.2191334,0,2.0,1,0.5,-0.62,13.1,86.9
2023-03-03 12:15:00,83.04612243889,0.0,0.0,20.35,4.77,29.6,0,5.1764362714980825,70.66250196097344,12,4,3,1.2246467991473532e-16,-1.0,-0.433883739117558,-0.9009688679024191,1.0,6.123233995736766e-17,446.5,415.75,312.4791666666667,5.35,17.8,100.0,63.0,-4.55,3.4784575,0.0,1.9,20.140740776666668,30.25,29.6,29.83333333333333,30.3,29.03333333333333,-15.580000000000002,0.0444444433333366,0.2393333333333336,4.530666666666666,5.093333333333334,20.36111111888889,4.462222222222223,5.2191334,5.319916,5.2428865,5.3594894,5.056989,1,2.0,1,0.5,-0.61,12.9,87.1
2023-03-03 12:30:00,806.504682988888,53.885066727778,53.899510633332,20.140740776666668,5.093333333333334,29.03333333333333,1,5.1764362714980825,70.66250196097344,12,4,3,1.2246467991473532e-16,-1.0,-0.433883739117558,-0.9009688679024191,1.0,6.123233995736766e-17,468.0,436.25,339.4375,5.0,18.0,100.0,61.0,-4.6,3.46048,0.0,2.3,19.98888888,29.6,30.25,29.6,29.83333333333333,29.65,-15.047407443333334,-0.2092592233333334,0.3233333333333341,4.77,4.935333333333333,20.26543211111111,4.798000000000002,5.056989,5.2191334,5.319916,5.2428865,5.1187043,0,1.0,1,0.75,-0.67,14.3,85.7
2023-03-03 12:45:00,168.75519402222,91.814105072222,91.829660049998,19.98888888,4.935333333333333,29.65,2,5.1764362714980825,70.66250196097344,12,4,3,1.2246467991473532e-16,-1.0,-0.433883739117558,-0.9009688679024191,1.0,6.123233995736766e-17,489.5,457.25,365.375,4.65,18.2,100.0,59.0,-4.65,3.438583,0.0,2.7,20.007407413333333,29.03333333333333,29.6,30.25,29.6,29.53333333333333,-15.053555546666663,-0.1518518966666704,-0.1580000000000003,5.093333333333334,4.522,20.159876552222222,4.932888888888891,5.1187043,5.056989,5.2191334,5.319916,5.1040955,0,1.0,1,0.75,-0.69,15.2,84.8
2023-03-03 13:00:00,95.535900777772,0.0,0.0,20.007407413333333,4.522,29.53333333333333,0,5.1764362714980825,70.66250196097344,13,4,3,-0.2588190451025208,-0.9659258262890684,-0.433883739117558,-0.9009688679024191,1.0,6.123233995736766e-17,511.0,478.75,390.2916666666667,4.3,18.4,100.0,57.0,-4.7,3.4125905,0.0,3.1,19.89444444,29.65,29.03333333333333,29.6,30.25,29.5,-15.485407413333332,0.018518533333335,-0.4133333333333331,4.935333333333333,4.784666666666666,20.04567902333333,4.850222222222224,5.1040955,5.1187043,5.056989,5.2191334,5.0647073,1,2.0,1,0.5,-0.69,15.0,85.0
2023-03-03 13:15:00,92.04854024444,0.0,0.0,19.89444444,4.784666666666666,29.5,0,5.1764362714980825,70.66250196097344,13,4,3,-0.2588190451025208,-0.9659258262890684,-0.433883739117558,-0.9009688679024191,1.0,6.123233995736766e-17,508.5,494.25,412.1875,4.4,17.849999999999998,100.0,55.5,-4.775,3.3903003,0.0,3.4,19.76481482,29.53333333333333,29.65,29.03333333333333,29.6,29.5,-15.109777773333333,-0.1129629733333352,0.2626666666666661,4.522,4.689333333333334,19.963580244444444,4.747333333333335,5.0647073,5.1040955,5.1187043,5.056989,5.0263567,0,2.0,0,0.5,-0.72,15.8,84.2
2023-03-03 13:30:00,405.22434604444,0.0,0.0,19.76481482,4.689333333333334,29.5,0,5.1764362714980825,70.66250196097344,13,4,3,-0.2588190451025208,-0.9659258262890684,-0.433883739117558,-0.9009688679024191,1.0,6.123233995736766e-17,506.0,503.75,431.0625,4.5,17.299999999999997,100.0,54.0,-4.85,3.3655255,0.0,3.7,19.68333335,29.5,29.53333333333333,29.65,29.03333333333333,29.55,-15.075481486666668,-0.1296296199999957,-0.0953333333333326,4.784666666666666,4.820666666666667,19.88888889111111,4.665333333333336,5.0263567,5.0647073,5.1040955,5.1187043,5.0108576,0,3.0,0,0.25,-0.75,16.8,83.2
2023-03-03 13:45:00,161.274382166664,70.920496433332,70.932440438886,19.68333335,4.820666666666667,29.55,2,5.1764362714980825,70.66250196097344,13,4,3,-0.2588190451025208,-0.9659258262890684,-0.433883739117558,-0.9009688679024191,1.0,6.123233995736766e-17,503.5,507.25,446.9166666666667,4.6,16.75,100.0,52.5,-4.925,3.3381865,0.0,4.0,19.707407436666667,29.5,29.5,29.53333333333333,29.65,29.78333333333333,-14.862666683333334,-0.0814814699999999,0.131333333333333,4.689333333333334,5.010666666666666,19.780864203333334,4.7648888888888905,5.0108576,5.0263567,5.0647073,5.1040955,5.0575676,0,3.0,1,0.25,-0.77,17.4,82.6
2023-03-03 14:00:00,170.205969422216,86.541260444444,86.557093194442,19.707407436666667,5.010666666666666,29.78333333333333,2,5.1764362714980825,70.66250196097344,14,4,3,-0.4999999999999997,-0.8660254037844388,-0.433883739117558,-0.9009688679024191,1.0,6.123233995736766e-17,501.0,504.75,459.75,4.7,16.2,100.0,51.0,-5.0,3.3082025,0.0,4.3,19.76111113,29.55,29.5,29.5,29.53333333333333,28.4,-14.696740770000002,0.0240740866666655,0.1899999999999995,4.820666666666667,5.518666666666666,19.71851853555556,4.840222222222224,5.0575676,5.0108576,5.0263567,5.0647073,4.837883,0,2.0,0,0.5,-0.76,17.1,82.9
2023-03-03 14:15:00,101.268449333324,0.0,0.0,19.76111113,5.518666666666666,28.4,0,5.1764362714980825,70.66250196097344,14,4,3,-0.4999999999999997,-0.8660254037844388,-0.433883739117558,-0.9009688679024191,1.0,6.123233995736766e-17,463.75,493.5625,467.8541666666667,5.225,16.825,100.0,49.75,-5.2,3.2594333,0.0,4.45,19.54074074,29.78333333333333,29.55,29.5,29.5,27.35,-14.242444463333332,0.0537036933333325,0.508,5.010666666666666,6.008,19.717283972222223,5.116666666666668,4.837883,5.0575676,5.0108576,5.0263567,4.599119,1,2.0,1,0.5,-0.75,17.0,83.0
2023-03-03 14:30:00,150.340375077776,49.148589544444,49.15803368333,19.54074074,6.008,27.35,1,5.1764362714980825,70.66250196097344,14,4,3,-0.4999999999999997,-0.8660254037844388,-0.433883739117558,-0.9009688679024191,1.0,6.123233995736766e-17,426.5,473.6875,471.2291666666667,5.75,17.45,100.0,48.5,-5.4,3.2093167,0.0,4.6,19.45555553,28.4,29.78333333333333,29.55,29.5,27.65,-13.53274074,-0.2203703899999993,0.4893333333333336,5.518666666666666,6.233333333333333,19.669753102222227,5.512444444444445,4.599119,4.837883,5.0575676,5.0108576,4.626339,0,1.0,1,0.75,-0.81,18.9,81.1
2023-03-03 14:45:00,209.986044738886,128.581800955556,128.600966905554,19.45555553,6.233333333333333,27.65,2,5.1764362714980825,70.66250196097344,14,4,3,-0.4999999999999997,-0.8660254037844388,-0.433883739117558,-0.9009688679024191,1.0,6.123233995736766e-17,389.25,445.125,469.875,6.275,18.075,100.0,47.25,-5.6,3.1578324,0.0,4.75,19.68333333,27.35,28.4,29.78333333333333,29.55,27.166666666666668,-13.222222196666667,-0.0851852099999987,0.2253333333333333,6.008,6.153333333333333,19.585802466666667,5.920000000000002,4.626339,4.599119,4.837883,5.0575676,4.606711,0,1.0,1,0.75,-0.83,19.5,80.5
2023-03-03 15:00:00,82.394481955552,0.0,0.0,19.68333333,6.153333333333333,27.166666666666668,0,5.1764362714980825,70.66250196097344,15,4,3,-0.7071067811865471,-0.7071067811865479,-0.433883739117558,-0.9009688679024191,1.0,6.123233995736766e-17,352.0,407.875,463.7916666666667,6.8,18.7,100.0,46.0,-5.8,3.1049604,0.0,4.9,19.53333334,27.65,27.35,28.4,29.78333333333333,26.2,-13.529999996666668,0.2277777999999983,-0.08,6.233333333333333,6.034000000000001,19.55987653333333,6.131555555555557,4.606711,4.626339,4.599119,4.837883,4.4038196,1,2.0,1,0.5,-0.78,17.8,82.2
2023-03-03 15:15:00,98.930487155552,24.1781995,24.18847692222,19.53333334,6.034000000000001,26.2,1,5.1764362714980825,70.66250196097344,15,4,3,-0.7071067811865471,-0.7071067811865479,-0.433883739117558,-0.9009688679024191,1.0,6.123233995736766e-17,331.25,374.75,454.1875,7.524999999999999,20.325,100.0,45.5,-5.875,3.0864775,0.0,4.9750000000000005,19.38518515,27.166666666666668,27.65,27.35,28.4,26.65,-13.499333340000002,-0.1499999899999977,-0.1193333333333326,6.153333333333333,5.470666666666667,19.5574074,6.140222222222224,4.4038196,4.606711,4.626339,4.599119,4.440602,0,1.0,1,0.75,-0.82,19.1,80.9
2023-03-03 15:30:00,187.229732794442,110.365307427778,110.384195588888,19.38518515,5.470666666666667,26.65,2,5.1764362714980825,70.66250196097344,15,4,3,-0.7071067811865471,-0.7071067811865479,-0.433883739117558,-0.9009688679024191,1.0,6.123233995736766e-17,310.5,345.75,441.0625,8.25,21.95,100.0,45.0,-5.949999999999999,3.0677247,0.0,5.050000000000001,19.54444442,26.2,27.166666666666668,27.65,27.35,26.25,-13.914518483333332,-0.1481481900000041,-0.5633333333333335,6.034000000000001,5.200666666666666,19.533950606666668,5.886000000000002,4.440602,4.4038196,4.606711,4.626339,4.415106,0,1.0,1,0.75,-0.85,20.3,79.7
2023-03-03 15:45:00,86.337101994442,0.0,0.0,19.54444442,5.200666666666666,26.25,0,5.1764362714980825,70.66250196097344,15,4,3,-0.7071067811865471,-0.7071067811865479,-0.433883739117558,-0.9009688679024191,1.0,6.123233995736766e-17,289.75,320.875,424.4166666666667,8.975,23.575,100.0,44.5,-6.025,3.0487,0.0,5.125,19.394444426666663,26.65,26.2,27.166666666666668,27.65,25.53333333333333,-14.343777753333333,0.1592592699999997,-0.2700000000000013,5.470666666666667,5.302666666666667,19.487654303333333,5.568444444444446,4.415106,4.440602,4.4038196,4.606711,4.256854,1,2.0,1,0.5,-0.82,19.0,81.0
2023-03-03 16:00:00,114.707633827774,44.8615388,44.87264952222,19.394444426666663,5.302666666666667,25.53333333333333,1,5.1764362714980825,70.66250196097344,16,4,3,-0.8660254037844385,-0.5000000000000004,-0.433883739117558,-0.9009688679024191,1.0,6.123233995736766e-17,269.0,300.125,404.25,9.7,25.2,100.0,44.0,-6.1,3.029402,0.0,5.2,19.38333335,26.25,26.65,26.2,27.166666666666668,26.1,-14.09177776,-0.1499999933333313,0.1020000000000012,5.200666666666666,5.351333333333333,19.44135799888889,5.324666666666668,4.256854,4.415106,4.440602,4.4038196,4.3484836,0,1.0,1,0.75,-0.85,20.4,79.6
2023-03-03 16:15:00,182.630472372218,99.732121672222,99.749620988888,19.38333335,5.351333333333333,26.1,2,5.1764362714980825,70.66250196097344,16,4,3,-0.8660254037844385,-0.5000000000000004,-0.433883739117558,-0.9009688679024191,1.0,6.123233995736766e-17,245.25,278.625,382.3125,9.375,25.025,100.0,45.0,-5.925,3.077871,0.0,5.1,19.587037056666667,25.53333333333333,26.25,26.65,26.2,25.383333333333333,-14.032000016666665,-0.0111110766666691,0.0486666666666657,5.302666666666667,4.674666666666667,19.440740732222224,5.28488888888889,4.3484836,4.256854,4.415106,4.440602,4.2800355,0,1.0,1,0.75,-0.85,20.4,79.6
2023-03-03 16:30:00,81.235917116666,0.0,0.0,19.587037056666667,4.674666666666667,25.383333333333333,0,5.1764362714980825,70.66250196097344,16,4,3,-0.8660254037844385,-0.5000000000000004,-0.433883739117558,-0.9009688679024191,1.0,6.123233995736766e-17,221.5,256.375,358.6041666666667,9.05,24.85,100.0,46.0,-5.75,3.1255548,0.0,5.0,19.36111112,26.1,25.53333333333333,26.25,26.65,25.45,-14.91237039,0.2037037066666691,-0.6766666666666659,5.351333333333333,4.484,19.45493827777777,5.1095555555555565,4.2800355,4.3484836,4.256854,4.415106,4.2346463,1,2.0,1,0.5,-0.81,18.9,81.1
2023-03-03 16:45:00,177.645949477776,103.7641826,103.781681949998,19.36111112,4.484,25.45,2,5.1764362714980825,70.66250196097344,16,4,3,-0.8660254037844385,-0.5000000000000004,-0.433883739117558,-0.9009688679024191,1.0,6.123233995736766e-17,197.75,233.375,333.125,8.725,24.675,100.0,47.0,-5.575,3.1724594,0.0,4.9,19.514814803333334,25.383333333333333,26.1,25.53333333333333,26.25,26.066666666666663,-14.87711112,-0.2259259366666661,-0.1906666666666669,4.674666666666667,4.256,19.443827175555555,4.836666666666669,4.2346463,4.2800355,4.3484836,4.256854,4.376642,0,1.0,1,0.75,-0.86,20.7,79.3
2023-03-03 17:00:00,132.323317972222,37.224344300000006,37.232955105554,19.514814803333334,4.256,26.066666666666663,1,5.1764362714980825,70.66250196097344,17,4,3,-0.9659258262890684,-0.2588190451025206,-0.433883739117558,-0.9009688679024191,1.0,6.123233995736766e-17,174.0,209.625,305.875,8.4,24.5,100.0,48.0,-5.4,3.2185931,0.0,4.8,19.52777779,25.45,25.383333333333333,26.1,25.53333333333333,25.6,-15.258814803333332,0.1537036833333331,-0.2279999999999997,4.484,4.1273333333333335,19.487654326666668,4.4715555555555575,4.376642,4.2346463,4.2800355,4.3484836,4.3015647,0,1.0,1,0.75,-0.82,19.3,80.7
2023-03-03 17:15:00,1006.051423149994,26.594213955556,26.60365806111,19.52777779,4.1273333333333335,25.6,1,5.1764362714980825,70.66250196097344,17,4,3,-0.9659258262890684,-0.2588190451025206,-0.433883739117558,-0.9009688679024191,1.0,6.123233995736766e-17,150.5,185.9375,279.7708333333333,8.475,23.425,100.0,49.5,-5.15,3.2754881,0.0,4.6,19.312962963333334,26.066666666666663,25.45,25.383333333333333,26.1,26.98333333333333,-15.40044445666667,0.0129629866666682,-0.1286666666666667,4.256,4.004,19.46790123777778,4.289111111111112,4.3015647,4.376642,4.2346463,4.2800355,4.477073,0,1.0,0,0.75,-0.82,19.3,80.7
2023-03-03 17:30:00,974.481019183334,121.200707311112,121.222373144444,19.312962963333334,4.004,26.98333333333333,2,5.1764362714980825,70.66250196097344,17,4,3,-0.9659258262890684,-0.2588190451025206,-0.433883739117558,-0.9009688679024191,1.0,6.123233995736766e-17,127.0,162.3125,254.8125,8.55,22.35,100.0,51.0,-4.9,3.3302546,0.0,4.4,19.48888891,25.6,26.066666666666663,25.45,25.383333333333333,28.25,-15.308962963333332,-0.214814826666668,-0.123333333333333,4.1273333333333335,3.8246666666666655,19.451851852222223,4.129111111111112,4.477073,4.3015647,4.376642,4.2346463,4.736004,0,0.0,1,1.0,-0.86,20.8,79.2
2023-03-03 17:45:00,164.903125877776,63.583567655556,63.591622949998005,19.48888891,3.8246666666666655,28.25,1,5.1764362714980825,70.66250196097344,17,4,3,-0.9659258262890684,-0.2588190451025206,-0.433883739117558,-0.9009688679024191,1.0,6.123233995736766e-17,103.5,138.75,231.0,8.625,21.275,100.0,52.5,-4.65,3.3829327,0.0,4.2,19.47407409,26.98333333333333,25.6,26.066666666666663,25.45,27.566666666666663,-15.664222243333334,0.1759259466666662,-0.179333333333334,4.004,3.818,19.44320988777778,3.985333333333335,4.736004,4.477073,4.3015647,4.376642,4.6174226,0,0.0,1,1.0,-0.82,19.1,80.9
2023-03-03 18:00:00,83.402497133332,0.0,0.0,19.47407409,3.818,27.566666666666663,0,5.1764362714980825,70.66250196097344,18,4,3,-1.0,-1.8369701987210294e-16,-0.433883739117558,-0.9009688679024191,1.0,6.123233995736766e-17,80.0,115.25,208.33333333333331,8.7,20.2,100.0,54.0,-4.4,3.4335637,0.0,4.0,19.22777779,28.25,26.98333333333333,25.6,26.066666666666663,28.0,-15.65607409,-0.0148148200000015,-0.0066666666666668,3.8246666666666655,3.8546666666666662,19.425308654444446,3.882222222222224,4.6174226,4.736004,4.477073,4.3015647,4.6225076,1,1.0,1,0.75,-0.82,19.4,80.6
2023-03-03 18:15:00,197.080172011112,108.480105055556,108.495937788888,19.22777779,3.8546666666666662,28.0,2,5.1764362714980825,70.66250196097344,18,4,3,-1.0,-1.8369701987210294e-16,-0.433883739117558,-0.9009688679024191,1.0,6.123233995736766e-17,63.25,93.4375,186.0,8.725,20.375,100.0,56.0,-4.175000000000001,3.5076988,0.0,3.775,19.372222253333334,27.566666666666663,28.25,26.98333333333333,25.6,29.216666666666665,-15.373111123333334,-0.2462962999999973,0.036666666666667,3.818,3.808,19.396913596666668,3.832444444444446,4.6225076,4.6174226,4.736004,4.477073,4.864566,0,1.0,1,0.75,-0.88,21.3,78.7
2023-03-03 18:30:00,190.324053383334,98.005524072222,98.019134677776,19.372222253333334,3.808,29.216666666666665,2,5.1764362714980825,70.66250196097344,18,4,3,-1.0,-1.8369701987210294e-16,-0.433883739117558,-0.9009688679024191,1.0,6.123233995736766e-17,46.5,73.3125,164.0,8.75,20.55,100.0,58.0,-3.95,3.5787628,0.0,3.55,19.4888889,28.0,27.566666666666663,28.25,26.98333333333333,28.7,-15.564222253333334,0.1444444633333326,-0.0466666666666668,3.8546666666666662,4.465999999999999,19.358024711111117,3.8268888888888895,4.864566,4.6225076,4.6174226,4.736004,4.8114448,0,1.0,0,0.75,-0.84,19.9,80.1
2023-03-03 18:45:00,91.307458688888,0.0,0.0,19.4888889,4.465999999999999,28.7,0,5.1764362714980825,70.66250196097344,18,4,3,-1.0,-1.8369701987210294e-16,-0.433883739117558,-0.9009688679024191,1.0,6.123233995736766e-17,29.749999999999996,54.875,142.33333333333334,8.775,20.725,100.0,60.0,-3.725,3.6468213,0.0,3.325,19.261111106666664,29.216666666666665,28.0,27.566666666666663,28.25,29.33333333333333,-15.0228889,0.1166666466666654,0.6579999999999995,3.808,2.746,19.36296298111111,4.04288888888889,4.8114448,4.864566,4.6225076,4.6174226,4.852146,1,2.0,1,0.5,-0.82,19.0,81.0
2023-03-03 19:00:00,209.484398022224,117.449190727778,117.46502346111,19.261111106666664,2.746,29.33333333333333,2,5.1764362714980825,70.66250196097344,19,4,3,-0.9659258262890684,0.2588190451025203,-0.433883739117558,-0.9009688679024191,1.0,6.123233995736766e-17,13.0,38.125,121.0,8.8,20.9,100.0,62.0,-3.5,3.7119405,0.0,3.1,19.42777778,28.7,29.216666666666665,28.0,27.566666666666663,30.0,-16.515111106666666,-0.2277777933333347,-1.7199999999999993,4.465999999999999,2.1413333333333333,19.374074086666667,3.6733333333333342,4.852146,4.8114448,4.864566,4.6225076,5.011344,0,1.0,1,0.75,-0.86,20.8,79.2
2023-03-03 19:15:00,115.652318022228,25.480647366668,25.487313849998,19.42777778,2.1413333333333333,30.0,1,5.1764362714980825,70.66250196097344,19,4,3,-0.9659258262890684,0.2588190451025203,-0.433883739117558,-0.9009688679024191,1.0,6.123233995736766e-17,9.75,24.75,101.375,10.05,21.35,100.0,64.75,-3.1,3.8377173,0.05,2.95,19.36666663333333,29.33333333333333,28.7,29.216666666666665,28.0,30.0,-17.286444446666668,0.166666673333335,-0.6046666666666667,2.746,1.7,19.39259259555556,3.117777777777779,5.011344,4.852146,4.8114448,4.864566,4.993357,0,1.0,1,0.75,-0.82,19.3,80.7
2023-03-03 19:30:00,136.762862716662,49.728844116666,49.738566027774,19.36666663333333,1.7,30.0,1,5.1764362714980825,70.66250196097344,19,4,3,-0.9659258262890684,0.2588190451025203,-0.433883739117558,-0.9009688679024191,1.0,6.123233995736766e-17,6.5,14.749999999999998,83.45833333333333,11.3,21.8,100.0,67.5,-2.7,3.960549,0.1,2.8,19.28333334,30.0,29.33333333333333,28.7,29.216666666666665,30.3,-17.666666633333335,-0.0611111466666649,-0.4413333333333333,2.1413333333333333,1.3473333333333335,19.35185184,2.195777777777779,4.993357,5.011344,4.852146,4.8114448,5.01861,0,1.0,0,0.75,-0.84,19.8,80.2
2023-03-03 19:45:00,178.702573744448,92.704902772222,92.717957833332,19.28333334,1.3473333333333335,30.3,2,5.1764362714980825,70.66250196097344,19,4,3,-0.9659258262890684,0.2588190451025203,-0.433883739117558,-0.9009688679024191,1.0,6.123233995736766e-17,3.25,8.125,67.25,12.55,22.25,100.0,70.25,-2.3,4.0804763,0.15,2.65,19.42407406333333,30.0,30.0,29.33333333333333,28.7,30.03333333333333,-17.936000006666667,-0.0833332933333323,-0.3526666666666664,1.7,1.3066666666666669,19.35925925111112,1.7295555555555573,5.01861,4.993357,5.011344,4.852146,5.0158176,0,0.0,1,1.0,-0.85,20.4,79.6
2023-03-03 20:00:00,407.244265194442,0.0,0.0,19.42407406333333,1.3066666666666669,30.03333333333333,0,5.1764362714980825,70.66250196097344,20,4,3,-0.8660254037844386,0.5000000000000001,-0.433883739117558,-0.9009688679024191,1.0,6.123233995736766e-17,0.0,4.875,52.75,13.8,22.7,100.0,73.0,-1.9,4.1975393,0.2,2.5,19.19444443,30.3,30.0,30.0,29.33333333333333,30.4,-18.117407396666664,0.1407407233333302,-0.0406666666666666,1.3473333333333335,1.0746666666666669,19.35802467888889,1.451333333333335,5.0158176,5.01861,4.993357,5.011344,5.008876,1,1.0,1,0.75,-0.82,19.3,80.7
2023-03-03 20:15:00,200.45059265556,108.4298293,108.445662049998,19.19444443,1.0746666666666669,30.4,2,5.1764362714980825,70.66250196097344,20,4,3,-0.8660254037844386,0.5000000000000001,-0.433883739117558,-0.9009688679024191,1.0,6.123233995736766e-17,0.0,2.4375,40.208333333333336,14.225,25.225,100.0,75.75,-1.7,4.268278,0.525,2.2,19.368518546666667,30.03333333333333,30.3,30.0,30.0,30.78333333333333,-18.11977776333333,-0.2296296333333352,-0.2320000000000002,1.3066666666666669,0.996,19.30061727777778,1.2428888888888905,5.008876,5.0158176,5.01861,4.993357,5.124297,0,1.0,1,0.75,-0.87,21.1,78.9
2023-03-03 20:30:00,141.066301505558,62.125848183334,62.136958888888,19.368518546666667,0.996,30.78333333333333,1,5.1764362714980825,70.66250196097344,20,4,3,-0.8660254037844386,0.5000000000000001,-0.433883739117558,-0.9009688679024191,1.0,6.123233995736766e-17,0.0,0.8125,29.625,14.65,27.75,100.0,78.5,-1.5,4.334269,0.8500000000000001,1.9,19.41666669,30.4,30.03333333333333,30.3,30.0,30.2,-18.37251854666667,0.1740741166666701,-0.0786666666666666,1.0746666666666669,0.8753333333333333,19.32901234666667,1.125777777777779,5.124297,5.008876,5.0158176,5.01861,5.041456,0,1.0,1,0.75,-0.83,19.6,80.4
2023-03-03 20:45:00,119.8760381,30.655718172222,30.661829094442,19.41666669,0.8753333333333333,30.2,1,5.1764362714980825,70.66250196097344,20,4,3,-0.8660254037844386,0.5000000000000001,-0.433883739117558,-0.9009688679024191,1.0,6.123233995736766e-17,0.0,0.0,21.0,15.075,30.275,100.0,81.25,-1.3,4.395652,1.175,1.6,19.2425926,30.78333333333333,30.4,30.03333333333333,30.3,30.65,-18.541333356666662,0.0481481433333321,-0.1206666666666667,0.996,0.734,19.326543222222224,0.9820000000000016,5.041456,5.124297,5.008876,5.0158176,5.0644135,0,1.0,0,0.75,-0.82,19.3,80.7
2023-03-03 21:00:00,220.286743777776,128.229037283334,128.246814405554,19.2425926,0.734,30.65,2,5.1764362714980825,70.66250196097344,21,4,3,-0.7071067811865477,0.7071067811865474,-0.433883739117558,-0.9009688679024191,1.0,6.123233995736766e-17,0.0,0.0,14.333333333333334,15.5,32.8,100.0,84.0,-1.1,4.4525695,1.5,1.3,19.43333332,30.2,30.78333333333333,30.4,30.03333333333333,31.05,-18.5085926,-0.1740740899999977,-0.1413333333333333,0.8753333333333333,0.6446666666666666,19.342592612222223,0.8684444444444459,5.0644135,5.041456,5.124297,5.008876,5.188435,0,0.0,1,1.0,-0.86,20.7,79.3
2023-03-03 21:15:00,81.891724166668,0.0,0.0,19.43333332,0.6446666666666666,31.05,0,5.1764362714980825,70.66250196097344,21,4,3,-0.7071067811865477,0.7071067811865474,-0.433883739117558,-0.9009688679024191,1.0,6.123233995736766e-17,0.0,0.0,9.0625,16.375,34.5,100.0,84.5,-1.175,4.4410567,1.8,1.175,19.26296294,30.65,30.2,30.78333333333333,30.4,31.83333333333333,-18.788666653333333,0.1907407199999973,-0.0893333333333333,0.734,0.6679999999999999,19.36419753666667,0.7513333333333349,5.188435,5.0644135,5.041456,5.124297,5.2662554,1,1.0,1,0.75,-0.82,19.0,81.0
2023-03-03 21:30:00,104.169999799996,0.0,0.0,19.26296294,0.6679999999999999,31.83333333333333,0,5.1764362714980825,70.66250196097344,21,4,3,-0.7071067811865477,0.7071067811865474,-0.433883739117558,-0.9009688679024191,1.0,6.123233995736766e-17,0.0,0.0,5.187499999999999,17.25,36.2,100.0,85.0,-1.25,4.4293785,2.1,1.05,19.02777777,31.05,30.65,30.2,30.78333333333333,32.9,-18.59496294,-0.1703703799999978,0.0233333333333333,0.6446666666666666,0.686,19.312962953333336,0.6822222222222236,5.2662554,5.188435,5.0644135,5.041456,5.367777,0,2.0,0,0.5,-0.85,20.3,79.7
2023-03-03 21:45:00,137.87170707778,59.2167979,59.226519794442,19.02777777,0.686,32.9,1,5.1764362714980825,70.66250196097344,21,4,3,-0.7071067811865477,0.7071067811865474,-0.433883739117558,-0.9009688679024191,1.0,6.123233995736766e-17,0.0,0.0,2.708333333333333,18.125,37.9,100.0,85.5,-1.325,4.417538,2.4000000000000004,0.925,19.029629616666668,31.83333333333333,31.05,30.65,30.2,33.46666666666667,-18.34177777,-0.2351851700000011,0.0180000000000001,0.6679999999999999,0.68,19.24135801,0.6662222222222237,5.367777,5.2662554,5.188435,5.0644135,5.4608274,0,2.0,1,0.5,-0.9,22.1,77.9
2023-03-03 22:00:00,222.10694861667,139.937457827778,139.955512655556,19.029629616666668,0.68,33.46666666666667,2,5.1764362714980825,70.66250196097344,22,4,3,-0.5000000000000004,0.8660254037844384,-0.433883739117558,-0.9009688679024191,1.0,6.123233995736766e-17,0.0,0.0,1.625,19.0,39.6,100.0,86.0,-1.4,4.40554,2.7,0.8,19.23333336,32.9,31.83333333333333,31.05,30.65,33.45,-18.349629616666668,0.0018518466666677,-0.006,0.686,0.716,19.10679010888889,0.6780000000000016,5.4608274,5.367777,5.2662554,5.188435,5.524055,0,2.0,1,0.5,-0.9,21.9,78.1
2023-03-03 22:15:00,571.997674777776,101.228728455556,101.242061272222,19.23333336,0.716,33.45,2,5.1764362714980825,70.66250196097344,22,4,3,-0.5000000000000004,0.8660254037844384,-0.433883739117558,-0.9009688679024191,1.0,6.123233995736766e-17,0.0,0.0,0.8125,18.875,41.125,100.0,85.5,-1.45,4.379926,2.6750000000000003,0.8,19.194444456666663,33.46666666666667,32.9,31.83333333333333,31.05,33.21666666666667,-18.51733336,0.2037037433333317,0.0359999999999999,0.68,0.8,19.096913582222225,0.6940000000000014,5.524055,5.4608274,5.367777,5.2662554,5.4729657,0,1.0,0,0.75,-0.85,20.2,79.8
2023-03-03 22:30:00,187.296674400004,114.004884072222,114.020439033332,19.194444456666663,0.8,33.21666666666667,2,5.1764362714980825,70.66250196097344,22,4,3,-0.5000000000000004,0.8660254037844384,-0.433883739117558,-0.9009688679024191,1.0,6.123233995736766e-17,0.0,0.0,0.2708333333333333,18.75,42.650000000000006,100.0,85.0,-1.5,4.3543134,2.6500000000000004,0.8,19.24444445,33.45,33.46666666666667,32.9,31.83333333333333,33.15,-18.394444456666665,-0.0388889033333335,0.084,0.716,0.772,19.15246914444445,0.7320000000000015,5.4729657,5.524055,5.4608274,5.367777,5.4780965,0,0.0,0,1.0,-0.86,20.6,79.4
2023-03-03 22:45:00,75.379762505554,0.0,0.0,19.24444445,0.772,33.15,0,5.1764362714980825,70.66250196097344,22,4,3,-0.5000000000000004,0.8660254037844384,-0.433883739117558,-0.9009688679024191,1.0,6.123233995736766e-17,0.0,0.0,0.0,18.625,44.175,100.0,84.5,-1.55,4.328699,2.625,0.8,19.06111109,33.21666666666667,33.45,33.46666666666667,32.9,33.36666666666667,-18.47244445,0.0499999933333334,-0.028,0.8,0.7866666666666667,19.224074088888887,0.762666666666668,5.4780965,5.4729657,5.524055,5.4608274,5.4546323,1,1.0,1,0.75,-0.85,20.2,79.8
2023-03-03 23:00:00,104.147500733328,25.2948215,25.301210211108,19.06111109,0.7866666666666667,33.36666666666667,1,5.1764362714980825,70.66250196097344,23,4,3,-0.2588190451025215,0.965925826289068,-0.433883739117558,-0.9009688679024191,1.0,6.123233995736766e-17,0.0,0.0,0.0,18.5,45.7,100.0,84.0,-1.6,4.303085,2.6,0.8,18.93333333,33.15,33.21666666666667,33.45,33.46666666666667,34.35,-18.274444423333332,-0.1833333599999989,0.0146666666666667,0.772,1.1446666666666667,19.16666666555556,0.7862222222222238,5.4546323,5.4780965,5.4729657,5.524055,5.573194,0,1.0,1,0.75,-0.89,21.7,78.3
2023-03-03 23:15:00,190.471269711112,133.659375627778,133.674652816666,18.93333333,1.1446666666666667,34.35,2,5.1764362714980825,70.66250196097344,23,4,3,-0.2588190451025215,0.965925826289068,-0.433883739117558,-0.9009688679024191,1.0,6.123233995736766e-17,0.0,0.0,0.0,18.5,47.5,100.0,83.5,-1.675,4.2847958,2.45,0.8250000000000001,19.250000003333334,33.36666666666667,33.15,33.21666666666667,33.45,34.31666666666667,-17.788666663333334,-0.1277777600000007,0.358,0.7866666666666667,1.6353333333333333,19.07962962333333,0.9011111111111124,5.573194,5.4546323,5.4780965,5.4729657,5.6727448,0,1.0,1,0.75,-0.91,22.6,77.4
2023-03-03 23:30:00,144.737821455552,82.368094027778,82.378093694442,19.250000003333334,1.6353333333333333,34.31666666666667,2,5.1764362714980825,70.66250196097344,23,4,3,-0.2588190451025215,0.965925826289068,-0.433883739117558,-0.9009688679024191,1.0,6.123233995736766e-17,0.0,0.0,0.0,18.5,49.3,100.0,83.0,-1.75,4.26643,2.3,0.8500000000000001,19.34444441,34.35,33.36666666666667,33.15,33.21666666666667,33.6,-17.614666670000002,0.3166666733333336,0.4906666666666666,1.1446666666666667,1.564,19.081481474444445,1.1888888888888904,5.6727448,5.573194,5.4546323,5.4780965,5.58525,0,1.0,0,0.75,-0.84,19.9,80.1
2023-03-03 23:45:00,79.31654954444,0.0,0.0,19.34444441,1.564,33.6,0,5.1764362714980825,70.66250196097344,23,4,3,-0.2588190451025215,0.965925826289068,-0.433883739117558,-0.9009688679024191,1.0,6.123233995736766e-17,0.0,0.0,0.0,18.5,51.1,100.0,82.5,-1.825,4.2479873,2.15,0.875,19.06481479,34.31666666666667,34.35,33.36666666666667,33.15,33.21666666666667,-17.78044441,0.0944444066666676,-0.0713333333333332,1.6353333333333333,1.744,19.17592591444445,1.4480000000000015,5.58525,5.6727448,5.573194,5.4546323,5.431297,1,1.0,1,0.75,-0.82,19.2,80.8
2023-03-04 00:00:00,120.634063311112,64.299927883334,64.309371988888,19.06481479,1.744,33.21666666666667,1,5.1764362714980825,70.66250196097344,0,5,3,0.0,1.0,-0.9749279121818236,-0.2225209339563146,1.0,6.123233995736766e-17,0.0,0.0,0.0,18.5,52.9,100.0,82.0,-1.9,4.2294674,2.0,0.9,19.05000001,33.6,34.31666666666667,34.35,33.36666666666667,33.45,-17.32081479,-0.2796296200000014,0.1799999999999999,1.564,1.712,19.219753067777777,1.6477777777777791,5.431297,5.58525,5.6727448,5.573194,5.464672,0,1.0,1,0.75,-0.89,21.7,78.3
2023-03-04 00:15:00,198.66455301667,136.645089527778,136.660644472222,19.05000001,1.712,33.45,2,5.1764362714980825,70.66250196097344,0,5,3,0.0,1.0,-0.9749279121818236,-0.2225209339563146,1.0,6.123233995736766e-17,0.0,0.0,0.0,18.975,53.0,100.0,80.0,-2.125,4.154612,1.875,1.0,19.355555523333333,33.21666666666667,33.6,34.31666666666667,34.35,32.85,-17.338000010000002,-0.0148147799999982,-0.032,1.744,1.8246666666666669,19.153086403333337,1.673333333333335,5.464672,5.431297,5.58525,5.6727448,5.4641504,0,1.0,1,0.75,-0.89,21.8,78.2
2023-03-04 00:30:00,107.600695766668,41.362234311112,41.367511916666,19.355555523333333,1.8246666666666669,32.85,1,5.1764362714980825,70.66250196097344,0,5,3,0.0,1.0,-0.9749279121818236,-0.2225209339563146,1.0,6.123233995736766e-17,0.0,0.0,0.0,19.45,53.1,100.0,78.0,-2.35,4.078506,1.75,1.1,19.26666664,33.45,33.21666666666667,33.6,34.31666666666667,32.55,-17.530888856666667,0.3055555133333314,0.1126666666666666,1.712,1.9733333333333327,19.15679010777778,1.7602222222222237,5.4641504,5.464672,5.431297,5.58525,5.385989,0,1.0,1,0.75,-0.82,19.3,80.7
2023-03-04 00:45:00,56.213029272218,0.0,0.0,19.26666664,1.9733333333333327,32.55,0,5.1764362714980825,70.66250196097344,0,5,3,0.0,1.0,-0.9749279121818236,-0.2225209339563146,1.0,6.123233995736766e-17,0.0,0.0,0.0,19.925,53.2,100.0,76.0,-2.575,4.0011406,1.625,1.2000000000000002,19.01481481333333,32.85,33.45,33.21666666666667,33.6,32.96666666666667,-17.293333306666668,-0.0888888833333325,0.1486666666666665,1.8246666666666669,2.071333333333333,19.22407405777778,1.836666666666668,5.385989,5.4641504,5.464672,5.431297,5.3745418,1,1.0,1,0.75,-0.85,20.1,79.9
2023-03-04 01:00:00,160.791623644444,117.740845744444,117.759456149998,19.01481481333333,2.071333333333333,32.96666666666667,2,5.1764362714980825,70.66250196097344,1,5,3,0.2588190451025207,0.9659258262890684,-0.9749279121818236,-0.2225209339563146,1.0,6.123233995736766e-17,0.0,0.0,0.0,20.4,53.3,100.0,74.0,-2.8,3.9225013,1.5,1.3,19.27222223,32.55,32.85,33.45,33.21666666666667,32.55,-16.943481479999996,-0.2518518266666696,0.0980000000000003,1.9733333333333327,2.282,19.21234565888889,1.9564444444444455,5.3745418,5.385989,5.4641504,5.464672,5.387752,0,1.0,1,0.75,-0.9,22.2,77.8
2023-03-04 01:15:00,111.021670172218,66.685110272222,66.694832133332,19.27222223,2.282,32.55,1,5.1764362714980825,70.66250196097344,1,5,3,0.2588190451025207,0.9659258262890684,-0.9749279121818236,-0.2225209339563146,1.0,6.123233995736766e-17,0.0,0.0,0.0,20.725,51.675,98.25,74.75,-2.675,3.9622562,1.35,1.3,19.28703704,32.96666666666667,32.55,32.85,33.45,31.566666666666663,-16.99022223,0.2574074166666698,0.2106666666666661,2.071333333333333,2.551333333333333,19.184567894444445,2.1088888888888904,5.387752,5.3745418,5.385989,5.4641504,5.2295494,0,1.0,1,0.75,-0.84,20.0,80.0
2023-03-04 01:30:00,96.358923305554,49.663291155556,49.670513133332,19.28703704,2.551333333333333,31.566666666666663,1,5.1764362714980825,70.66250196097344,1,5,3,0.2588190451025207,0.9659258262890684,-0.9749279121818236,-0.2225209339563146,1.0,6.123233995736766e-17,0.0,0.0,0.0,21.05,50.05,96.5,75.5,-2.55,4.002012,1.2,1.3,19.14999999,32.55,32.96666666666667,32.55,32.85,31.8,-16.735703706666666,0.0148148099999971,0.2693333333333338,2.282,2.4606666666666666,19.191358027777778,2.301555555555557,5.2295494,5.387752,5.3745418,5.385989,5.2258406,0,1.0,0,0.75,-0.85,20.1,79.9
2023-03-04 01:45:00,200.093107105554,148.329899883334,148.348232516666,19.14999999,2.4606666666666666,31.8,2,5.1764362714980825,70.66250196097344,1,5,3,0.2588190451025207,0.9659258262890684,-0.9749279121818236,-0.2225209339563146,1.0,6.123233995736766e-17,0.0,0.0,0.0,21.375,48.425,94.75,76.25,-2.425,4.0417666,1.05,1.3,19.453703686666664,31.566666666666663,32.55,32.96666666666667,32.55,31.35,-16.689333323333337,-0.1370370499999964,-0.0906666666666669,2.551333333333333,2.41,19.236419753333333,2.4313333333333347,5.2258406,5.2295494,5.387752,5.3745418,5.244845,0,0.0,1,1.0,-0.88,21.2,78.8
2023-03-04 02:00:00,46.845070638886,0.0,0.0,19.453703686666664,2.41,31.35,0,5.1764362714980825,70.66250196097344,2,5,3,0.4999999999999999,0.8660254037844387,-0.9749279121818236,-0.2225209339563146,1.0,6.123233995736766e-17,0.0,0.0,0.0,21.7,46.8,93.0,77.0,-2.3,4.081522,0.9,1.3,19.25555556,31.8,31.566666666666663,32.55,32.96666666666667,31.4,-17.043703686666664,0.3037036966666626,-0.0506666666666668,2.4606666666666666,2.7293333333333334,19.296913572222223,2.474000000000001,5.244845,5.2258406,5.2295494,5.387752,5.1923027,1,1.0,1,0.75,-0.81,18.8,81.2
2023-03-04 02:15:00,145.027532099996,103.718351116666,103.732795038886,19.25555556,2.7293333333333334,31.4,2,5.1764362714980825,70.66250196097344,2,5,3,0.4999999999999999,0.8660254037844387,-0.9749279121818236,-0.2225209339563146,1.0,6.123233995736766e-17,0.0,0.0,0.0,21.375,48.775,94.75,78.75,-2.0,4.174284,2.05,1.3,19.340740746666665,31.35,31.8,31.566666666666663,32.55,31.78333333333333,-16.52622222666667,-0.1981481266666627,0.3193333333333337,2.41,3.146,19.286419745555555,2.5333333333333345,5.1923027,5.244845,5.2258406,5.2295494,5.2821183,0,1.0,1,0.75,-0.85,20.4,79.6
2023-03-04 02:30:00,117.083094272222,84.929936,84.946046505554,19.340740746666665,3.146,31.78333333333333,2,5.1764362714980825,70.66250196097344,2,5,3,0.4999999999999999,0.8660254037844387,-0.9749279121818236,-0.2225209339563146,1.0,6.123233995736766e-17,0.0,0.0,0.0,21.05,50.75,96.5,80.5,-1.7,4.2670455,3.2,1.3,19.44999999,31.4,31.35,31.8,31.566666666666663,31.2,-16.194740746666664,0.0851851866666635,0.4166666666666665,2.7293333333333334,3.4806666666666666,19.349999997777772,2.761777777777779,5.2821183,5.1923027,5.244845,5.2258406,5.2186127,0,1.0,0,0.75,-0.83,19.6,80.4
2023-03-04 02:45:00,59.883993494442,22.57104153889,22.578819044444,19.44999999,3.4806666666666666,31.2,1,5.1764362714980825,70.66250196097344,2,5,3,0.4999999999999999,0.8660254037844387,-0.9749279121818236,-0.2225209339563146,1.0,6.123233995736766e-17,0.0,0.0,0.0,20.725,52.725,98.25,82.25,-1.4,4.3598075,4.35,1.3,19.164814826666667,31.78333333333333,31.4,31.35,31.8,31.65,-15.969333323333332,0.1092592433333337,0.3346666666666666,3.146,3.5013333333333336,19.348765432222223,3.118666666666668,5.2186127,5.2821183,5.1923027,5.244845,5.2057347,0,1.0,1,0.75,-0.81,18.9,81.1
2023-03-04 03:00:00,478.855845049998,109.019250188888,109.038971699996,19.164814826666667,3.5013333333333336,31.65,2,5.1764362714980825,70.66250196097344,3,5,3,0.7071067811865476,0.7071067811865476,-0.9749279121818236,-0.2225209339563146,1.0,6.123233995736766e-17,0.0,0.0,0.0,20.4,54.7,100.0,84.0,-1.1,4.4525695,5.5,1.3,19.33888886,31.2,31.78333333333333,31.4,31.35,31.6,-15.663481493333334,-0.2851851633333311,0.020666666666667,3.4806666666666666,3.241333333333333,19.318518521111116,3.376000000000001,5.2057347,5.2186127,5.2821183,5.1923027,5.251077,0,0.0,1,1.0,-0.87,21.1,78.9
2023-03-04 03:15:00,80.32900909443799,52.003197572222,52.015974911108,19.33888886,3.241333333333333,31.6,1,5.1764362714980825,70.66250196097344,3,5,3,0.7071067811865476,0.7071067811865476,-0.9749279121818236,-0.2225209339563146,1.0,6.123233995736766e-17,0.0,0.0,0.0,20.175,53.0,100.0,82.5,-1.25,4.4029527,4.425,1.4,19.29074074,31.65,31.2,31.78333333333333,31.4,31.216666666666665,-16.097555526666667,0.1740740333333335,-0.2600000000000007,3.5013333333333336,2.796666666666667,19.31790122555556,3.407777777777779,5.251077,5.2057347,5.2186127,5.2821183,5.1726937,0,0.0,1,1.0,-0.83,19.7,80.3
2023-03-04 03:30:00,96.45947496666,54.025061144444,54.03728292222,19.29074074,2.796666666666667,31.216666666666665,1,5.1764362714980825,70.66250196097344,3,5,3,0.7071067811865476,0.7071067811865476,-0.9749279121818236,-0.2225209339563146,1.0,6.123233995736766e-17,0.0,0.0,0.0,19.95,51.3,100.0,81.0,-1.4,4.352424,3.35,1.5,19.18333335,31.6,31.65,31.2,31.78333333333333,31.8,-16.494074073333334,-0.0481481200000004,-0.4446666666666661,3.241333333333333,2.2113333333333336,19.26481480888889,3.17977777777778,5.1726937,5.251077,5.2057347,5.2186127,5.236119,0,0.0,0,1.0,-0.85,20.1,79.9
2023-03-04 03:45:00,167.586629550002,129.53676278888798,129.557873077776,19.18333335,2.2113333333333336,31.8,2,5.1764362714980825,70.66250196097344,3,5,3,0.7071067811865476,0.7071067811865476,-0.9749279121818236,-0.2225209339563146,1.0,6.123233995736766e-17,0.0,0.0,0.0,19.725,49.6,100.0,79.5,-1.55,4.3009768,2.275,1.6,19.45740739333333,31.216666666666665,31.6,31.65,31.2,31.35,-16.97200001666667,-0.1074073899999987,-0.5853333333333333,2.796666666666667,1.6306666666666667,19.27098765,2.7497777777777794,5.236119,5.1726937,5.251077,5.2057347,5.245988,0,0.0,1,1.0,-0.87,20.9,79.1
2023-03-04 04:00:00,37.810709827774,0.0,0.0,19.45740739333333,1.6306666666666667,31.35,0,5.1764362714980825,70.66250196097344,4,5,3,0.8660254037844386,0.5000000000000001,-0.9749279121818236,-0.2225209339563146,1.0,6.123233995736766e-17,0.0,0.0,0.0,19.5,47.9,100.0,78.0,-1.7,4.248599,1.2,1.7,19.25555556,31.8,31.216666666666665,31.6,31.65,31.35,-17.826740726666664,0.2740740433333286,-0.5806666666666669,2.2113333333333336,1.442,19.310493827777776,2.2128888888888905,5.245988,5.236119,5.1726937,5.251077,5.184035,1,1.0,1,0.75,-0.81,18.8,81.2
2023-03-04 04:15:00,149.121535049994,100.990682444444,101.007348511108,19.25555556,1.442,31.35,2,5.1764362714980825,70.66250196097344,4,5,3,0.8660254037844386,0.5000000000000001,-0.9749279121818236,-0.2225209339563146,1.0,6.123233995736766e-17,0.0,0.0,0.0,17.275,46.175,100.0,78.75,-1.675,4.2604012,1.1,1.6,19.340740746666665,31.35,31.8,31.216666666666665,31.6,31.5,-17.81355556,-0.201851833333329,-0.1886666666666667,1.6306666666666667,1.328,19.298765434444444,1.7613333333333347,5.184035,5.245988,5.236119,5.1726937,5.2350307,0,1.0,1,0.75,-0.85,20.4,79.6
2023-03-04 04:30:00,127.308796327778,95.447570844444,95.46507016111,19.340740746666665,1.328,31.5,2,5.1764362714980825,70.66250196097344,4,5,3,0.8660254037844386,0.5000000000000001,-0.9749279121818236,-0.2225209339563146,1.0,6.123233995736766e-17,0.0,0.0,0.0,15.05,44.45,100.0,79.5,-1.65,4.2718244,1.0,1.5,19.44999999,31.35,31.35,31.8,31.216666666666665,31.2,-18.012740746666665,0.0851851866666635,-0.1139999999999998,1.442,1.1866666666666668,19.351234566666665,1.4668888888888902,5.2350307,5.184035,5.245988,5.236119,5.2186127,0,1.0,0,0.75,-0.83,19.7,80.3
2023-03-04 04:45:00,68.25338092222,38.569290483334,38.58067896111,19.44999999,1.1866666666666668,31.2,1,5.1764362714980825,70.66250196097344,4,5,3,0.8660254037844386,0.5000000000000001,-0.9749279121818236,-0.2225209339563146,1.0,6.123233995736766e-17,0.0,0.0,0.0,12.825,42.725,100.0,80.25,-1.625,4.282872,0.9,1.4,19.2462963,31.5,31.35,31.35,31.8,31.466666666666665,-18.26333332333333,0.1092592433333337,-0.1413333333333333,1.328,1.1313333333333333,19.348765432222223,1.3188888888888903,5.2186127,5.2350307,5.184035,5.245988,5.2004886,0,1.0,1,0.75,-0.81,18.9,81.1
2023-03-04 05:00:00,181.662733150002,131.244194472222,131.262804894442,19.2462963,1.1313333333333333,31.466666666666665,2,5.1764362714980825,70.66250196097344,5,5,3,0.9659258262890684,0.2588190451025207,-0.9749279121818236,-0.2225209339563146,1.0,6.123233995736766e-17,0.0,0.0,0.0,10.6,41.0,100.0,81.0,-1.6,4.2935486,0.8,1.3,19.47777779,31.2,31.5,31.35,31.35,31.45,-18.114962966666667,-0.2037036899999975,-0.0553333333333334,1.1866666666666668,0.9693333333333332,19.34567901222222,1.2153333333333347,5.2004886,5.2186127,5.2350307,5.184035,5.269027,0,0.0,1,1.0,-0.86,20.5,79.5
2023-03-04 05:15:00,65.62098622222,33.281724244444,33.290612872218,19.47777779,0.9693333333333332,31.45,1,5.1764362714980825,70.66250196097344,5,5,3,0.9659258262890684,0.2588190451025207,-0.9749279121818236,-0.2225209339563146,1.0,6.123233995736766e-17,0.0,0.0,0.0,11.0,36.7,100.0,82.75,-1.5,4.326877,0.75,1.1,19.34999999,31.466666666666665,31.2,31.5,31.35,31.216666666666665,-18.508444456666663,0.2314814900000001,-0.162,1.1313333333333333,0.836,19.39135802666667,1.095777777777779,5.269027,5.2004886,5.2186127,5.2350307,5.190772,0,0.0,1,1.0,-0.8,18.6,81.4
2023-03-04 05:30:00,109.27812886666,72.2079449,72.220999994442,19.34999999,0.836,31.216666666666665,2,5.1764362714980825,70.66250196097344,5,5,3,0.9659258262890684,0.2588190451025207,-0.9749279121818236,-0.2225209339563146,1.0,6.123233995736766e-17,0.0,0.0,0.0,11.4,32.4,100.0,84.5,-1.4,4.358415,0.7,0.9,19.23333333,31.45,31.466666666666665,31.2,31.5,31.5,-18.51399999,-0.1277778000000005,-0.1333333333333333,0.9693333333333332,0.8059999999999999,19.35802469333333,0.97888888888889,5.190772,5.269027,5.2004886,5.2186127,5.202025,0,0.0,1,1.0,-0.83,19.7,80.3
2023-03-04 05:45:00,180.030298533332,137.571441372222,137.591162816666,19.23333333,0.8059999999999999,31.5,2,5.1764362714980825,70.66250196097344,5,5,3,0.9659258262890684,0.2588190451025207,-0.9749279121818236,-0.2225209339563146,1.0,6.123233995736766e-17,0.0,0.0,0.0,11.8,28.1,100.0,86.25,-1.3,4.388197,0.65,0.7,19.40000000666667,31.216666666666665,31.45,31.466666666666665,31.2,31.316666666666663,-18.42733333,-0.1166666599999999,-0.03,0.836,0.7073333333333333,19.35370370333333,0.8704444444444457,5.202025,5.190772,5.269027,5.2004886,5.222744,0,0.0,0,1.0,-0.86,20.6,79.4
2023-03-04 06:00:00,131.076978977776,99.4443554,99.460188133332,19.40000000666667,0.7073333333333333,31.316666666666663,2,5.1764362714980825,70.66250196097344,6,5,3,1.0,6.123233995736766e-17,-0.9749279121818236,-0.2225209339563146,1.0,6.123233995736766e-17,0.0,0.0,0.0,12.2,23.8,100.0,88.0,-1.2,4.4162626,0.6,0.5,19.2277778,31.5,31.216666666666665,31.45,31.466666666666665,31.35,-18.69266667333333,0.1666666766666686,-0.0986666666666666,0.8059999999999999,0.6193333333333334,19.32777777555556,0.7831111111111125,5.222744,5.202025,5.190772,5.269027,5.1755586,0,0.0,0,1.0,-0.82,19.2,80.8
2023-03-04 06:15:00,168.511037072222,127.3582388,127.377682455556,19.2277778,0.6193333333333334,31.35,2,5.1764362714980825,70.66250196097344,6,5,3,1.0,6.123233995736766e-17,-0.9749279121818236,-0.2225209339563146,1.0,6.123233995736766e-17,0.0,0.0,0.0,12.4,24.7,100.0,88.25,-1.275,4.3985114,0.65,0.4,19.38518515,31.316666666666663,31.5,31.216666666666665,31.45,31.316666666666663,-18.60844446666667,-0.1722222066666674,-0.0879999999999998,0.7073333333333333,0.5800000000000001,19.28703704555556,0.7108888888888902,5.1755586,5.222744,5.202025,5.190772,5.218193,0,0.0,0,1.0,-0.86,20.6,79.4
2023-03-04 06:30:00,45.882609238882,10.410694688888,10.418749949998,19.38518515,0.5800000000000001,31.316666666666663,1,5.1764362714980825,70.66250196097344,6,5,3,1.0,6.123233995736766e-17,-0.9749279121818236,-0.2225209339563146,1.0,6.123233995736766e-17,0.0,0.0,0.0,12.6,25.6,100.0,88.5,-1.35,4.3807716,0.7,0.3,19.19444443,31.35,31.316666666666663,31.5,31.216666666666665,31.35,-18.80518515,0.1574073499999961,-0.0393333333333333,0.6193333333333334,0.5546666666666666,19.33765431888889,0.6355555555555569,5.218193,5.1755586,5.222744,5.202025,5.1654034,0,0.0,1,1.0,-0.82,19.4,80.6
2023-03-04 06:45:00,150.293988016666,117.787232772222,117.806954216666,19.19444443,0.5546666666666666,31.35,2,5.1764362714980825,70.66250196097344,6,5,3,1.0,6.123233995736766e-17,-0.9749279121818236,-0.2225209339563146,1.0,6.123233995736766e-17,0.0,0.0,0.0,12.8,26.5,100.0,88.75,-1.425,4.363042,0.75,0.1999999999999999,19.34814816,31.316666666666663,31.35,31.316666666666663,31.5,31.316666666666663,-18.63977776333333,-0.1907407200000008,-0.0253333333333334,0.5800000000000001,0.5433333333333333,19.269135793333334,0.584666666666668,5.1654034,5.218193,5.1755586,5.222744,5.2068324,0,0.0,1,1.0,-0.87,20.9,79.1
2023-03-04 07:00:00,108.75426073889,68.896132911112,68.910299044444,19.34814816,0.5433333333333333,31.316666666666663,1,5.1764362714980825,70.66250196097344,7,5,3,0.9659258262890684,-0.2588190451025206,-0.9749279121818236,-0.2225209339563146,1.0,6.123233995736766e-17,0.0,0.0,0.0,13.0,27.4,100.0,89.0,-1.5,4.345325,0.8,0.1,19.36111109,31.35,31.316666666666663,31.35,31.316666666666663,31.05,-18.804814826666668,0.1537037300000037,-0.0113333333333333,0.5546666666666666,0.536,19.309259246666667,0.5593333333333347,5.2068324,5.1654034,5.218193,5.1755586,5.166435,0,0.0,1,1.0,-0.83,19.7,80.3
2023-03-04 07:15:00,88.78450414444,54.100613655556,54.113113205554,19.36111109,0.536,31.05,1,5.1764362714980825,70.66250196097344,7,5,3,0.9659258262890684,-0.2588190451025206,-0.9749279121818236,-0.2225209339563146,1.0,6.123233995736766e-17,0.25,0.0625,0.0208333333333333,13.325,27.65,100.0,89.25,-1.4,4.372555,0.7250000000000001,0.15,19.207407386666667,31.316666666666663,31.35,31.316666666666663,31.35,31.466666666666665,-18.82511109,0.0129629300000004,-0.0073333333333333,0.5433333333333333,0.6013333333333333,19.30123456,0.544666666666668,5.166435,5.2068324,5.1654034,5.218193,5.1885886,0,0.0,0,1.0,-0.83,19.6,80.4
2023-03-04 07:30:00,188.455239272222,152.007252783334,152.030029655556,19.207407386666667,0.6013333333333333,31.466666666666665,2,5.1764362714980825,70.66250196097344,7,5,3,0.9659258262890684,-0.2588190451025206,-0.9749279121818236,-0.2225209339563146,1.0,6.123233995736766e-17,0.5,0.1875,0.0625,13.65,27.9,100.0,89.5,-1.3,4.399913,0.65,0.2,19.49999998,31.05,31.316666666666663,31.35,31.316666666666663,30.85,-18.606074053333334,-0.1537037033333348,0.0653333333333332,0.536,0.616,19.30555554555556,0.5602222222222236,5.1885886,5.166435,5.2068324,5.1654034,5.175264,0,0.0,1,1.0,-0.87,20.8,79.2
2023-03-04 07:45:00,41.016970288892,0.0,0.0,19.49999998,0.616,30.85,0,5.1764362714980825,70.66250196097344,7,5,3,0.9659258262890684,-0.2588190451025206,-0.9749279121818236,-0.2225209339563146,1.0,6.123233995736766e-17,0.75,0.375,0.125,13.975,28.15,100.0,89.75,-1.2000000000000002,4.4274015,0.575,0.25,19.290740733333333,31.466666666666665,31.05,31.316666666666663,31.35,31.15,-18.88399998,0.2925925933333317,0.0146666666666667,0.6013333333333333,0.6053333333333334,19.35617281888889,0.5844444444444458,5.175264,5.1885886,5.166435,5.2068324,5.161647,1,1.0,1,0.75,-0.8,18.5,81.5
2023-03-04 08:00:00,138.290023794442,104.082225411112,104.100002533332,19.290740733333333,0.6053333333333334,31.15,2,5.1764362714980825,70.66250196097344,8,5,3,0.8660254037844387,-0.4999999999999998,-0.9749279121818236,-0.2225209339563146,1.0,6.123233995736766e-17,1.0,0.625,0.2083333333333333,14.3,28.4,100.0,90.0,-1.1,4.455022,0.5,0.3,19.26666669,30.85,31.466666666666665,31.05,31.316666666666663,31.45,-18.6854074,-0.2092592466666651,-0.0106666666666666,0.616,0.6633333333333333,19.332716033333337,0.6075555555555568,5.161647,5.175264,5.1885886,5.166435,5.2039747,0,1.0,1,0.75,-0.85,20.2,79.8
2023-03-04 08:15:00,175.6863056,136.51370588333398,136.536205033332,19.26666669,0.6633333333333333,31.45,2,5.1764362714980825,70.66250196097344,8,5,3,0.8660254037844387,-0.4999999999999998,-0.9749279121818236,-0.2225209339563146,1.0,6.123233995736766e-17,6.25,2.125,0.7291666666666666,13.575,28.5,100.0,89.5,-1.125,4.45316,0.4,0.375,19.42407406333333,31.15,30.85,31.466666666666665,31.05,31.03333333333333,-18.603333356666667,-0.0240740433333321,0.0579999999999999,0.6053333333333334,0.7086666666666667,19.352469134444444,0.6282222222222236,5.2039747,5.161647,5.175264,5.1885886,5.182826,0,1.0,0,0.75,-0.85,20.3,79.7
2023-03-04 08:30:00,45.190970072222,10.640963244444,10.64929626111,19.42407406333333,0.7086666666666667,31.03333333333333,1,5.1764362714980825,70.66250196097344,8,5,3,0.8660254037844387,-0.4999999999999998,-0.9749279121818236,-0.2225209339563146,1.0,6.123233995736766e-17,11.5,4.875,1.6875,12.85,28.6,100.0,89.0,-1.15,4.4511466,0.3,0.4499999999999999,19.16111109,31.45,31.15,30.85,31.466666666666665,31.0,-18.715407396666667,0.1574073733333314,0.0453333333333333,0.6633333333333333,0.7266666666666667,19.32716049555556,0.6591111111111125,5.182826,5.2039747,5.161647,5.175264,5.0977116,0,1.0,1,0.75,-0.82,19.1,80.9
2023-03-04 08:45:00,132.75135648333,99.262418227778,99.280195316666,19.16111109,0.7266666666666667,31.0,2,5.1764362714980825,70.66250196097344,8,5,3,0.8660254037844387,-0.4999999999999998,-0.9749279121818236,-0.2225209339563146,1.0,6.123233995736766e-17,16.75,8.875,3.083333333333333,12.125,28.7,100.0,88.5,-1.175,4.4489794,0.1999999999999999,0.525,18.914814776666667,31.03333333333333,31.45,31.15,30.85,31.183333333333334,-18.434444423333336,-0.2629629733333303,0.018,0.7086666666666667,0.9146666666666666,19.283950614444446,0.6995555555555569,5.0977116,5.182826,5.2039747,5.161647,5.0538793,0,0.0,1,1.0,-0.88,21.3,78.7
2023-03-04 09:00:00,148.446006388888,107.198489655556,107.217655605554,18.914814776666667,0.9146666666666666,31.183333333333334,2,5.1764362714980825,70.66250196097344,9,5,3,0.7071067811865476,-0.7071067811865475,-0.9749279121818236,-0.2225209339563146,1.0,6.123233995736766e-17,22.0,14.125,4.916666666666667,11.4,28.8,100.0,88.0,-1.2,4.4466553,0.1,0.6,19.06111109,31.0,31.03333333333333,31.45,31.15,31.45,-18.00014811,-0.2462963133333353,0.1879999999999999,0.7266666666666667,0.9953333333333332,19.166666643333333,0.7833333333333347,5.0538793,5.0977116,5.182826,5.2039747,5.1413045,0,0.0,0,1.0,-0.93,23.4,76.6
2023-03-04 09:15:00,153.142207366668,120.215746744444,120.236301472222,19.06111109,0.9953333333333332,31.45,2,5.1764362714980825,70.66250196097344,9,5,3,0.7071067811865476,-0.7071067811865475,-0.9749279121818236,-0.2225209339563146,1.0,6.123233995736766e-17,23.5,18.4375,6.875,10.9,27.8,100.0,88.25,-1.175,4.459288,0.175,0.6,19.36111109333333,31.183333333333334,31.0,31.03333333333333,31.45,31.03333333333333,-18.065777756666662,0.1462963133333339,0.0806666666666666,0.9146666666666666,1.146,19.04567898555556,0.87888888888889,5.1413045,5.0538793,5.0977116,5.182826,5.163662,0,0.0,0,1.0,-0.9,22.1,77.9
2023-03-04 09:30:00,57.78629953889,24.935113672222,24.945668866664,19.36111109333333,1.146,31.03333333333333,1,5.1764362714980825,70.66250196097344,9,5,3,0.7071067811865476,-0.7071067811865475,-0.9749279121818236,-0.2225209339563146,1.0,6.123233995736766e-17,25.0,21.8125,8.958333333333334,10.4,26.8,100.0,88.5,-1.15,4.4719205,0.25,0.6,19.18888889,31.45,31.183333333333334,31.0,31.03333333333333,31.3,-18.21511109333333,0.3000000033333307,0.1506666666666668,0.9953333333333332,1.114666666666667,19.112345653333332,1.018666666666668,5.163662,5.1413045,5.0538793,5.0977116,5.1554766,0,0.0,1,1.0,-0.83,19.6,80.4
2023-03-04 09:45:00,465.275277144444,129.015672516666,129.034005166664,19.18888889,1.114666666666667,31.3,2,5.1764362714980825,70.66250196097344,9,5,3,0.7071067811865476,-0.7071067811865475,-0.9749279121818236,-0.2225209339563146,1.0,6.123233995736766e-17,26.5,24.25,11.166666666666666,9.9,25.8,100.0,88.75,-1.125,4.484553,0.325,0.6,19.43148150333333,31.03333333333333,31.45,31.183333333333334,31.0,31.03333333333333,-18.07422222333333,-0.1722222033333338,-0.0313333333333332,1.146,1.096,19.203703691111112,1.0853333333333348,5.1554766,5.163662,5.1413045,5.0538793,5.185086,0,0.0,1,1.0,-0.87,21.0,79.0
2023-03-04 10:00:00,104.044171366668,35.918840972222,35.929396116666,19.43148150333333,1.096,31.03333333333333,1,5.1764362714980825,70.66250196097344,10,5,3,0.4999999999999999,-0.8660254037844387,-0.9749279121818236,-0.2225209339563146,1.0,6.123233995736766e-17,28.0,25.75,13.5,9.4,24.8,100.0,89.0,-1.1,4.4971857,0.4,0.6,19.35000003,31.3,31.03333333333333,31.45,31.183333333333334,31.05,-18.33548150333333,0.2425926133333362,-0.0186666666666668,1.114666666666667,1.0626666666666666,19.32716049555556,1.1188888888888904,5.185086,5.1554766,5.163662,5.1413045,5.163058,0,0.0,1,1.0,-0.82,19.0,81.0
2023-03-04 10:15:00,106.85544786111,72.770144644444,72.78486633888599,19.35000003,1.0626666666666666,31.05,2,5.1764362714980825,70.66250196097344,10,5,3,0.4999999999999999,-0.8660254037844387,-0.9749279121818236,-0.2225209339563146,1.0,6.123233995736766e-17,53.0,33.125,17.895833333333332,8.575,23.825,100.0,87.75,-1.1,4.4875016,0.4,0.775,19.296296316666663,31.03333333333333,31.3,31.03333333333333,31.45,31.28333333333333,-18.28733336333333,-0.0814814733333335,-0.0333333333333334,1.096,1.1486666666666667,19.323456807777777,1.0911111111111127,5.163058,5.185086,5.1554766,5.163662,5.185437,0,0.0,1,1.0,-0.83,19.7,80.3
2023-03-04 10:30:00,143.116497344444,98.887988755556,98.905488072222,19.296296316666663,1.1486666666666667,31.28333333333333,2,5.1764362714980825,70.66250196097344,10,5,3,0.4999999999999999,-0.8660254037844387,-0.9749279121818236,-0.2225209339563146,1.0,6.123233995736766e-17,78.0,46.375,24.354166666666668,7.75,22.85,100.0,86.5,-1.1,4.47685,0.4,0.95,19.52222225,31.05,31.03333333333333,31.3,31.03333333333333,31.0,-18.14762965,-0.0537037133333342,0.086,1.0626666666666666,1.496,19.359259283333333,1.102444444444446,5.185437,5.163058,5.185086,5.1554766,5.207225,0,0.0,0,1.0,-0.85,20.1,79.9
2023-03-04 10:45:00,37.367116222228,0.0,0.0,19.52222225,1.496,31.0,0,5.1764362714980825,70.66250196097344,10,5,3,0.4999999999999999,-0.8660254037844387,-0.9749279121818236,-0.2225209339563146,1.0,6.123233995736766e-17,103.0,65.5,32.875,6.925,21.875,100.0,85.25,-1.1,4.4652123,0.4,1.125,19.379629626666667,31.28333333333333,31.05,31.03333333333333,31.3,31.183333333333334,-18.026222250000004,0.2259259333333361,0.3473333333333332,1.1486666666666667,1.3353333333333337,19.38950619888889,1.235777777777779,5.207225,5.185437,5.163058,5.185086,5.1942773,1,1.0,1,0.75,-0.8,18.3,81.7
2023-03-04 11:00:00,152.905272427778,116.322291405554,116.341179566664,19.379629626666667,1.3353333333333337,31.183333333333334,2,5.1764362714980825,70.66250196097344,11,5,3,0.258819045102521,-0.9659258262890682,-0.9749279121818236,-0.2225209339563146,1.0,6.123233995736766e-17,128.0,90.5,43.458333333333336,6.1,20.9,100.0,84.0,-1.1,4.4525695,0.4,1.3,19.49444446,31.0,31.28333333333333,31.05,31.03333333333333,31.45,-18.04429629333333,-0.1425926233333356,-0.1606666666666665,1.496,1.374,19.399382731111118,1.326666666666668,5.1942773,5.207225,5.185437,5.163058,5.274194,0,1.0,1,0.75,-0.83,19.4,80.6
2023-03-04 11:15:00,101.231506144444,59.3801247,59.393179744444,19.49444446,1.374,31.45,1,5.1764362714980825,70.66250196097344,11,5,3,0.258819045102521,-0.9659258262890682,-0.9749279121818236,-0.2225209339563146,1.0,6.123233995736766e-17,131.75,110.1875,53.91666666666666,5.324999999999999,19.825,100.0,84.25,-1.025,4.4734354,0.375,1.325,19.566666663333333,31.183333333333334,31.0,31.28333333333333,31.05,31.216666666666665,-18.12044446,0.1148148333333338,0.0386666666666664,1.3353333333333337,1.5293333333333334,19.465432112222224,1.4017777777777791,5.274194,5.1942773,5.207225,5.185437,5.257333,0,1.0,1,0.75,-0.8,18.5,81.5
2023-03-04 11:30:00,62.001964255556,36.564370683334,36.576592427778,19.566666663333333,1.5293333333333334,31.216666666666665,1,5.1764362714980825,70.66250196097344,11,5,3,0.258819045102521,-0.9659258262890682,-0.9749279121818236,-0.2225209339563146,1.0,6.123233995736766e-17,135.5,124.5625,64.25,4.55,18.75,100.0,84.5,-0.95,4.4943585,0.35,1.35,19.39999998,31.45,31.183333333333334,31.0,31.28333333333333,32.25,-18.03733333,0.0722222033333324,0.1553333333333335,1.374,1.4333333333333331,19.48024691666667,1.4128888888888902,5.257333,5.274194,5.1942773,5.207225,5.378398,0,1.0,0,0.75,-0.78,17.9,82.1
2023-03-04 11:45:00,169.28211719445,141.3760114,141.3993438,19.39999998,1.4333333333333331,32.25,2,5.1764362714980825,70.66250196097344,11,5,3,0.258819045102521,-0.9659258262890682,-0.9749279121818236,-0.2225209339563146,1.0,6.123233995736766e-17,139.25,133.625,74.45833333333333,3.775,17.675,100.0,84.75,-0.875,4.515339,0.325,1.375,19.57037036,31.216666666666665,31.45,31.183333333333334,31.0,32.78333333333333,-17.966666646666667,-0.1666666833333323,-0.096,1.5293333333333334,1.362,19.487037034444445,1.4455555555555568,5.378398,5.257333,5.274194,5.1942773,5.5223827,0,0.0,1,1.0,-0.82,19.1,80.9
2023-03-04 12:00:00,123.902266027774,84.944379905554,84.96187922222,19.57037036,1.362,32.78333333333333,2,5.1764362714980825,70.66250196097344,12,5,3,1.2246467991473532e-16,-1.0,-0.9749279121818236,-0.2225209339563146,1.0,6.123233995736766e-17,143.0,137.375,84.54166666666667,3.0,16.6,100.0,85.0,-0.8,4.536376,0.3,1.4,19.5777778,32.25,31.216666666666665,31.45,31.183333333333334,32.2,-18.208370360000004,0.1703703800000013,-0.0713333333333334,1.4333333333333331,1.384,19.51234566777778,1.441555555555557,5.5223827,5.378398,5.257333,5.274194,5.426481,0,0.0,0,1.0,-0.77,17.6,82.4
2023-03-04 12:15:00,59.517063755552,36.372433944444,36.38576676111,19.5777778,1.384,32.2,1,5.1764362714980825,70.66250196097344,12,5,3,1.2246467991473532e-16,-1.0,-0.9749279121818236,-0.2225209339563146,1.0,6.123233995736766e-17,154.75,143.125,95.47916666666669,5.125,19.1,100.0,85.0,-0.775,4.5441046,0.3,1.4249999999999998,19.31666667,32.78333333333333,32.25,31.216666666666665,31.45,32.65,-18.1937778,0.0074074399999979,0.022,1.362,1.4273333333333331,19.51604938,1.3931111111111123,5.426481,5.5223827,5.378398,5.257333,5.418467,0,0.0,1,1.0,-0.78,17.7,82.3
2023-03-04 12:30:00,163.642065038894,139.415534272222,139.440811044444,19.31666667,1.4273333333333331,32.65,2,5.1764362714980825,70.66250196097344,12,5,3,1.2246467991473532e-16,-1.0,-0.9749279121818236,-0.2225209339563146,1.0,6.123233995736766e-17,166.5,150.875,107.27083333333331,7.25,21.6,100.0,85.0,-0.75,4.551844,0.3,1.45,19.49444446,32.2,32.78333333333333,32.25,31.216666666666665,32.6,-17.889333336666667,-0.2611111299999997,0.0433333333333334,1.384,1.582,19.48827161,1.3911111111111123,5.418467,5.426481,5.5223827,5.378398,5.4670496,0,0.0,1,1.0,-0.83,19.7,80.3
2023-03-04 12:45:00,118.875244750002,78.217426711112,78.232703850002,19.49444446,1.582,32.6,2,5.1764362714980825,70.66250196097344,12,5,3,1.2246467991473532e-16,-1.0,-0.9749279121818236,-0.2225209339563146,1.0,6.123233995736766e-17,178.25,160.625,119.91666666666669,9.375,24.1,100.0,85.0,-0.725,4.559596,0.3,1.475,19.566666663333333,32.65,32.2,32.78333333333333,32.25,32.4,-17.91244446,0.1777777900000003,0.1546666666666667,1.4273333333333331,1.614,19.46296297666667,1.4644444444444458,5.4670496,5.418467,5.426481,5.5223827,5.456623,0,0.0,0,1.0,-0.79,18.2,81.8
2023-03-04 13:00:00,119.132178888892,0.0,0.0,19.566666663333333,1.614,32.4,0,5.1764362714980825,70.66250196097344,13,5,3,-0.2588190451025208,-0.9659258262890684,-0.9749279121818236,-0.2225209339563146,1.0,6.123233995736766e-17,190.0,172.375,133.41666666666666,11.5,26.6,100.0,85.0,-0.7,4.567359,0.3,1.5,19.3722222,32.6,32.65,32.2,32.78333333333333,35.2,-17.952666663333332,0.0722222033333324,0.032,1.582,1.7366666666666668,19.459259264444444,1.5411111111111124,5.456623,5.4670496,5.418467,5.426481,5.860789,1,1.0,1,0.75,-0.78,17.7,82.3
2023-03-04 13:15:00,98.518836688896,21.724131016666,21.7399637,19.3722222,1.7366666666666668,35.2,1,5.1764362714980825,70.66250196097344,13,5,3,-0.2588190451025208,-0.9659258262890684,-0.9749279121818236,-0.2225209339563146,1.0,6.123233995736766e-17,176.25,177.75,143.6875,12.15,28.05,100.0,84.75,-0.75,4.5539255,0.275,1.5,19.229629606666663,32.4,32.6,32.65,32.2,36.75,-17.63555553333333,-0.1944444633333333,0.1226666666666667,1.614,1.850666666666667,19.477777774444444,1.6442222222222238,5.860789,5.456623,5.4670496,5.418467,6.0677047,0,1.0,1,0.75,-0.81,18.7,81.3
2023-03-04 13:30:00,939.497974144444,118.025556555556,118.04833346111,19.229629606666663,1.850666666666667,36.75,2,5.1764362714980825,70.66250196097344,13,5,3,-0.2588190451025208,-0.9659258262890684,-0.9749279121818236,-0.2225209339563146,1.0,6.123233995736766e-17,162.5,176.75,150.72916666666666,12.8,29.5,100.0,84.5,-0.8,4.540492,0.25,1.5,19.37777774,35.2,32.4,32.6,32.65,35.7,-17.37896294,-0.1425925933333331,0.1139999999999998,1.7366666666666668,1.8693333333333333,19.389506156666663,1.7337777777777792,6.0677047,5.860789,5.456623,5.4670496,5.9459815,0,1.0,1,0.75,-0.83,19.6,80.4
2023-03-04 13:45:00,1287.871260805558,66.694554327778,66.712053644444,19.37777774,1.8693333333333333,35.7,1,5.1764362714980825,70.66250196097344,13,5,3,-0.2588190451025208,-0.9659258262890684,-0.9749279121818236,-0.2225209339563146,1.0,6.123233995736766e-17,148.75,169.375,154.54166666666666,13.45,30.95,100.0,84.25,-0.85,4.5270586,0.225,1.5,19.342592576666668,36.75,35.2,32.4,32.6,34.56666666666667,-17.508444406666666,0.1481481333333327,0.0186666666666666,1.850666666666667,1.97,19.326543182222224,1.81888888888889,5.9459815,6.0677047,5.860789,5.456623,5.7453103,0,1.0,1,0.75,-0.8,18.6,81.4
2023-03-04 14:00:00,1315.996246994442,46.421198627778,46.478418588888,19.342592576666668,1.97,34.56666666666667,1,5.1764362714980825,70.66250196097344,14,5,3,-0.4999999999999997,-0.8660254037844388,-0.9749279121818236,-0.2225209339563146,1.0,6.123233995736766e-17,135.0,155.625,155.125,14.1,32.4,100.0,84.0,-0.9,4.513625,0.2,1.5,19.18888892,35.7,36.75,35.2,32.4,35.6,-17.37259257666667,-0.0351851633333311,0.1006666666666666,1.8693333333333333,1.842666666666667,19.316666641111112,1.896666666666668,5.7453103,5.9459815,6.0677047,5.860789,5.863737,0,0.0,0,1.0,-0.82,19.1,80.9
2023-03-04 14:15:00,1405.654882655556,124.249752027778,124.309194133332,19.18888892,1.842666666666667,35.6,2,5.1764362714980825,70.66250196097344,14,5,3,-0.4999999999999997,-0.8660254037844388,-0.9749279121818236,-0.2225209339563146,1.0,6.123233995736766e-17,170.0,154.0625,158.3125,14.625,33.4,100.0,82.75,-0.95,4.507328,0.175,1.7,19.33333335,34.56666666666667,35.7,36.75,35.2,36.1,-17.346222253333334,-0.1537036566666678,-0.1273333333333333,1.97,1.649333333333333,19.303086412222225,1.8940000000000008,5.863737,5.7453103,5.9459815,6.0677047,5.996895,0,0.0,1,1.0,-0.85,20.1,79.9
2023-03-04 14:30:00,1370.626561627778,0.0,0.0,19.33333335,1.649333333333333,36.1,0,5.1764362714980825,70.66250196097344,14,5,3,-0.4999999999999997,-0.8660254037844388,-0.9749279121818236,-0.2225209339563146,1.0,6.123233995736766e-17,205.0,164.6875,164.10416666666666,15.15,34.4,100.0,81.5,-1.0,4.4999094,0.15,1.9,19.13333337,35.6,34.56666666666667,35.7,36.75,35.65,-17.684000016666662,0.1444444299999965,-0.1933333333333333,1.842666666666667,1.5006666666666666,19.28827161555556,1.820666666666668,5.996895,5.863737,5.7453103,5.9459815,5.8527775,1,1.0,1,0.75,-0.81,18.9,81.1
2023-03-04 14:45:00,1399.247916877772,118.213882355556,118.268602433332,19.13333337,1.5006666666666666,35.65,2,5.1764362714980825,70.66250196097344,14,5,3,-0.4999999999999997,-0.8660254037844388,-0.9749279121818236,-0.2225209339563146,1.0,6.123233995736766e-17,240.0,187.5,172.5,15.675,35.4,100.0,80.25,-1.05,4.491344,0.125,2.1,19.261111116666665,36.1,35.6,34.56666666666667,35.7,36.71666666666667,-17.63266670333333,-0.1999999799999976,-0.1486666666666667,1.649333333333333,1.186,19.218518546666665,1.6642222222222234,5.8527775,5.996895,5.863737,5.7453103,6.073453,0,1.0,1,0.75,-0.86,20.6,79.4
2023-03-04 15:00:00,845.43034818333,89.157544688888,89.209487094442,19.261111116666665,1.186,36.71666666666667,2,5.1764362714980825,70.66250196097344,15,5,3,-0.7071067811865471,-0.7071067811865479,-0.9749279121818236,-0.2225209339563146,1.0,6.123233995736766e-17,275.0,222.5,183.5,16.2,36.4,100.0,79.0,-1.1,4.4816055,0.1,2.3,19.30555556,35.65,36.1,35.6,34.56666666666667,35.8,-18.075111116666665,0.1277777466666663,-0.3146666666666666,1.5006666666666666,1.0426666666666666,19.24259261222222,1.4453333333333347,6.073453,5.8527775,5.996895,5.863737,5.9373426,0,1.0,0,0.75,-0.82,19.3,80.7
2023-03-04 15:15:00,122.220111199992,41.383900144444,41.420287655552,19.30555556,1.0426666666666666,35.8,1,5.1764362714980825,70.66250196097344,15,5,3,-0.7071067811865471,-0.7071067811865479,-0.9749279121818236,-0.2225209339563146,1.0,6.123233995736766e-17,258.25,244.5625,192.125,16.5,37.2,100.0,79.0,-1.1,4.4664826,0.075,2.25,19.05000002666667,36.71666666666667,35.65,36.1,35.6,35.31666666666667,-18.262888893333336,0.0444444433333366,-0.1433333333333333,1.186,1.068,19.23333334888889,1.2431111111111124,5.9373426,6.073453,5.8527775,5.996895,5.769626,0,1.0,1,0.75,-0.82,19.1,80.9
2023-03-04 15:30:00,171.86756943889,106.06547946111,106.11047766111,19.05000002666667,1.068,35.31666666666667,2,5.1764362714980825,70.66250196097344,15,5,3,-0.7071067811865471,-0.7071067811865479,-0.9749279121818236,-0.2225209339563146,1.0,6.123233995736766e-17,241.5,253.6875,198.375,16.799999999999997,38.0,100.0,79.0,-1.1,4.4514055,0.05,2.2,18.94444442,35.8,36.71666666666667,35.65,36.1,34.7,-17.982000026666668,-0.2555555333333323,0.0253333333333334,1.0426666666666666,0.9766666666666668,19.20555556777778,1.09888888888889,5.769626,5.9373426,6.073453,5.8527775,5.633675,0,0.0,1,1.0,-0.88,21.4,78.6
2023-03-04 15:45:00,188.421073955556,100.812634016666,100.85568786111,18.94444442,0.9766666666666668,34.7,2,5.1764362714980825,70.66250196097344,15,5,3,-0.7071067811865471,-0.7071067811865479,-0.9749279121818236,-0.2225209339563146,1.0,6.123233995736766e-17,224.75,249.875,202.25,17.099999999999998,38.8,100.0,79.0,-1.1,4.4363737,0.0249999999999999,2.15,18.911111116666667,35.31666666666667,35.8,36.71666666666667,35.65,34.96666666666667,-17.967777753333333,-0.1055556066666696,-0.0913333333333333,1.068,0.5519999999999999,19.100000002222227,1.0291111111111124,5.633675,5.769626,5.9373426,6.073453,5.665806,0,0.0,0,1.0,-0.91,22.4,77.6
2023-03-04 16:00:00,221.839737288884,156.947610727778,156.999275377776,18.911111116666667,0.5519999999999999,34.96666666666667,2,5.1764362714980825,70.66250196097344,16,5,3,-0.8660254037844385,-0.5000000000000004,-0.9749279121818236,-0.2225209339563146,1.0,6.123233995736766e-17,208.0,233.125,203.75,17.4,39.6,100.0,79.0,-1.1,4.421386,0.0,2.1,19.33888886,34.7,35.31666666666667,35.8,36.71666666666667,34.55,-18.359111116666668,-0.0333333033333325,-0.4246666666666667,0.9766666666666668,0.38,18.96851852111111,0.8655555555555567,5.665806,5.633675,5.769626,5.9373426,5.741288,0,0.0,0,1.0,-0.91,22.7,77.3
2023-03-04 16:15:00,125.784412872222,59.916214388888,59.957601633332,19.33888886,0.38,34.55,1,5.1764362714980825,70.66250196097344,16,5,3,-0.8660254037844385,-0.5000000000000004,-0.9749279121818236,-0.2225209339563146,1.0,6.123233995736766e-17,178.75,213.25,203.95833333333331,17.25,39.6,100.0,80.0,-1.175,4.4096065,0.025,1.875,19.29074074,34.96666666666667,34.7,35.31666666666667,35.8,33.56666666666667,-18.95888886,0.4277777433333334,-0.1719999999999999,0.5519999999999999,0.442,19.064814798888893,0.6362222222222235,5.741288,5.665806,5.633675,5.769626,5.5620956,0,0.0,1,1.0,-0.82,19.1,80.9
2023-03-04 16:30:00,148.145740633332,59.612615366668,59.652336011112,19.29074074,0.442,33.56666666666667,1,5.1764362714980825,70.66250196097344,16,5,3,-0.8660254037844385,-0.5000000000000004,-0.9749279121818236,-0.2225209339563146,1.0,6.123233995736766e-17,149.5,190.25,202.875,17.1,39.6,100.0,81.0,-1.25,4.3970447,0.05,1.65,19.17222224,34.55,34.96666666666667,34.7,35.31666666666667,33.8,-18.84874074,-0.0481481200000004,0.062,0.38,0.5619999999999999,19.18024690555556,0.4580000000000013,5.5620956,5.741288,5.665806,5.633675,5.5617914,0,0.0,0,1.0,-0.83,19.7,80.3
2023-03-04 16:45:00,222.92719363889,153.749683116666,153.797736744444,19.17222224,0.5619999999999999,33.8,2,5.1764362714980825,70.66250196097344,16,5,3,-0.8660254037844385,-0.5000000000000004,-0.9749279121818236,-0.2225209339563146,1.0,6.123233995736766e-17,120.25,164.125,200.5,16.95,39.6,100.0,82.0,-1.325,4.383724,0.075,1.4249999999999998,19.43518521,33.56666666666667,34.55,34.96666666666667,34.7,33.53333333333333,-18.61022224,-0.1185185000000004,0.1199999999999999,0.442,0.552,19.26728394666667,0.4613333333333346,5.5617914,5.5620956,5.741288,5.665806,5.604008,0,0.0,1,1.0,-0.86,20.6,79.4
2023-03-04 17:00:00,536.076611694442,164.206487027778,164.252596316666,19.43518521,0.552,33.53333333333333,2,5.1764362714980825,70.66250196097344,17,5,3,-0.9659258262890684,-0.2588190451025206,-0.9749279121818236,-0.2225209339563146,1.0,6.123233995736766e-17,91.0,134.875,196.83333333333331,16.8,39.6,100.0,83.0,-1.4,4.3696666,0.1,1.2,19.6166667,33.8,33.56666666666667,34.55,34.96666666666667,33.25,-18.88318521,0.2629629700000002,-0.0099999999999998,0.5619999999999999,0.5653333333333334,19.29938273,0.518666666666668,5.604008,5.5617914,5.5620956,5.741288,5.6162477,0,0.0,0,1.0,-0.8,18.5,81.5
2023-03-04 17:15:00,1748.691716249998,16.305736644444,16.336846516666,19.6166667,0.5653333333333334,33.25,1,5.1764362714980825,70.66250196097344,17,5,3,-0.9659258262890684,-0.2588190451025206,-0.9749279121818236,-0.2225209339563146,1.0,6.123233995736766e-17,77.25,109.5,189.10416666666663,15.8,38.975,100.0,83.75,-1.4249999999999998,4.356794,0.1,1.025,19.44999999,33.53333333333333,33.8,33.56666666666667,34.55,34.483333333333334,-19.051333366666665,0.1814814899999994,0.0133333333333333,0.552,0.5646666666666668,19.40802471666667,0.5597777777777792,5.6162477,5.604008,5.5617914,5.5620956,5.767793,0,0.0,1,1.0,-0.76,17.2,82.8
2023-03-04 17:30:00,653.013322938886,0.0,0.0,19.44999999,0.5646666666666668,34.483333333333334,0,5.1764362714980825,70.66250196097344,17,5,3,-0.9659258262890684,-0.2588190451025206,-0.9749279121818236,-0.2225209339563146,1.0,6.123233995736766e-17,63.5,88.0,177.3125,14.8,38.35,100.0,84.5,-1.45,4.343535,0.1,0.85,19.28888889,33.25,33.53333333333333,33.8,33.56666666666667,38.05,-18.88533332333333,-0.1666667100000012,-0.0006666666666665,0.5653333333333334,0.6400000000000001,19.5006173,0.5606666666666681,5.767793,5.6162477,5.604008,5.5617914,6.3043103,1,1.0,1,0.75,-0.79,18.2,81.8
2023-03-04 17:45:00,166.448897327778,0.0,0.0,19.28888889,0.6400000000000001,38.05,0,5.1764362714980825,70.66250196097344,17,5,3,-0.9659258262890684,-0.2588190451025206,-0.9749279121818236,-0.2225209339563146,1.0,6.123233995736766e-17,49.75,70.375,161.45833333333334,13.8,37.725,100.0,85.25,-1.475,4.329898,0.1,0.675,19.18518517,34.483333333333334,33.25,33.53333333333333,33.8,40.3,-18.64888889,-0.1611110999999994,0.0753333333333333,0.5646666666666668,0.6753333333333333,19.45185186,0.5900000000000015,6.3043103,5.767793,5.6162477,5.604008,6.6364346,0,2.0,0,0.5,-0.81,18.9,81.1
2023-03-04 18:00:00,166.348068161106,0.0,0.0,19.18518517,0.6753333333333333,40.3,0,5.1764362714980825,70.66250196097344,18,5,3,-1.0,-1.8369701987210294e-16,-0.9749279121818236,-0.2225209339563146,1.0,6.123233995736766e-17,36.0,56.625,141.54166666666666,12.8,37.1,100.0,86.0,-1.5,4.315893,0.1,0.5,18.99444441,38.05,34.483333333333334,33.25,33.53333333333333,39.55,-18.509851836666662,-0.1037037199999986,0.0353333333333332,0.6400000000000001,0.658,19.308024683333333,0.6266666666666681,6.6364346,6.3043103,5.767793,5.6162477,6.4400716,0,3.0,0,0.25,-0.82,19.3,80.7
2023-03-04 18:15:00,155.566277166664,64.310483027778,64.359925549998,18.99444441,0.658,39.55,1,5.1764362714980825,70.66250196097344,18,5,3,-1.0,-1.8369701987210294e-16,-0.9749279121818236,-0.2225209339563146,1.0,6.123233995736766e-17,31.0,45.0625,122.60416666666669,11.9,35.025,100.0,86.25,-1.525,4.3136115,0.075,0.45,18.98518517333333,40.3,38.05,34.483333333333334,33.25,38.53333333333333,-18.336444409999995,-0.1907407600000041,-0.0173333333333333,0.6753333333333333,0.6253333333333333,19.156172823333332,0.6577777777777792,6.4400716,6.6364346,6.3043103,5.767793,6.271095,0,3.0,1,0.25,-0.87,21.0,79.0
2023-03-04 18:30:00,169.589327288888,65.90486369999999,65.95402844999799,18.98518517333333,0.6253333333333333,38.53333333333333,1,5.1764362714980825,70.66250196097344,18,5,3,-1.0,-1.8369701987210294e-16,-0.9749279121818236,-0.2225209339563146,1.0,6.123233995736766e-17,26.0,35.6875,104.64583333333331,11.0,32.95,100.0,86.5,-1.55,4.311289,0.05,0.4,18.9611111,39.55,40.3,38.05,34.483333333333334,38.1,-18.35985184,-0.009259236666665,-0.0326666666666667,0.658,0.6866666666666668,19.05493825111111,0.6528888888888903,6.271095,6.4400716,6.6364346,6.3043103,6.191767,0,2.0,0,0.5,-0.88,21.3,78.7
2023-03-04 18:45:00,112.037462838886,19.4417223,19.482554066664,18.9611111,0.6866666666666668,38.1,1,5.1764362714980825,70.66250196097344,18,5,3,-1.0,-1.8369701987210294e-16,-0.9749279121818236,-0.2225209339563146,1.0,6.123233995736766e-17,21.0,28.5,87.66666666666667,10.1,30.875,100.0,86.75,-1.5750000000000002,4.308925,0.0249999999999999,0.35,18.788888906666667,38.53333333333333,39.55,40.3,38.05,37.35,-18.274444433333333,-0.0240740733333311,0.0613333333333334,0.6253333333333333,0.7266666666666667,18.980246894444445,0.6566666666666681,6.191767,6.271095,6.4400716,6.6364346,6.008438,0,1.0,0,0.75,-0.89,21.6,78.4
2023-03-04 19:00:00,164.956734949994,95.277299872222,95.323409194442,18.788888906666667,0.7266666666666667,37.35,2,5.1764362714980825,70.66250196097344,19,5,3,-0.9659258262890684,0.2588190451025203,-0.9749279121818236,-0.2225209339563146,1.0,6.123233995736766e-17,16.0,23.5,71.66666666666667,9.2,28.8,100.0,87.0,-1.6,4.3065214,0.0,0.3,18.70000003,38.1,38.53333333333333,39.55,40.3,37.0,-18.06222224,-0.172222193333333,0.0399999999999999,0.6866666666666668,0.6973333333333334,18.91172839333333,0.6795555555555569,6.008438,6.191767,6.271095,6.4400716,5.9209275,0,0.0,1,1.0,-0.93,23.3,76.7
2023-03-04 19:15:00,175.31743148888802,97.44054663889,97.48498936111,18.70000003,0.6973333333333334,37.0,2,5.1764362714980825,70.66250196097344,19,5,3,-0.9659258262890684,0.2588190451025203,-0.9749279121818236,-0.2225209339563146,1.0,6.123233995736766e-17,12.0,18.75,57.770833333333336,9.425,26.375,100.0,87.0,-1.775,4.254994,0.0,0.125,18.809259296666667,37.35,38.1,38.53333333333333,39.55,36.81666666666667,-18.00266669666667,-0.0888888766666653,-0.0293333333333333,0.7266666666666667,0.8320000000000001,18.81666667888889,0.7035555555555569,5.9209275,6.008438,6.191767,6.271095,5.929777,0,0.0,0,1.0,-0.95,24.2,75.8
2023-03-04 19:30:00,213.481738155556,116.767551294446,116.809494083334,18.809259296666667,0.8320000000000001,36.81666666666667,2,5.1764362714980825,70.66250196097344,19,5,3,-0.9659258262890684,0.2588190451025203,-0.9749279121818236,-0.2225209339563146,1.0,6.123233995736766e-17,8.0,14.25,45.97916666666666,9.65,23.950000000000003,100.0,87.0,-1.95,4.20401,0.0,-0.0499999999999999,19.03333337,37.0,37.35,38.1,38.53333333333333,35.45,-17.977259296666666,0.1092592666666654,0.1346666666666667,0.6973333333333334,0.8506666666666667,18.766049411111112,0.7520000000000014,5.929777,5.9209275,6.008438,6.191767,5.785716,0,0.0,0,1.0,-0.93,23.2,76.8
2023-03-04 19:45:00,438.767726455552,20.7675026,20.802223494442,19.03333337,0.8506666666666667,35.45,1,5.1764362714980825,70.66250196097344,19,5,3,-0.9659258262890684,0.2588190451025203,-0.9749279121818236,-0.2225209339563146,1.0,6.123233995736766e-17,4.0,10.0,36.29166666666666,9.875,21.525,100.0,87.0,-2.125,4.153562,0.0,-0.2249999999999999,18.868518506666664,36.81666666666667,37.0,37.35,38.1,35.0,-18.182666703333336,0.2240740733333339,0.0186666666666666,0.8320000000000001,1.0266666666666666,18.84753089888889,0.7933333333333348,5.785716,5.929777,5.9209275,6.008438,5.6569557,0,0.0,1,1.0,-0.88,21.5,78.5
2023-03-04 20:00:00,208.662486483334,136.282048483334,136.331490972222,18.868518506666664,1.0266666666666666,35.0,2,5.1764362714980825,70.66250196097344,20,5,3,-0.8660254037844386,0.5000000000000001,-0.9749279121818236,-0.2225209339563146,1.0,6.123233995736766e-17,0.0,6.0,28.70833333333333,10.1,19.1,100.0,87.0,-2.3,4.103646,0.0,-0.4,19.12222221,35.45,36.81666666666667,37.0,37.35,34.6,-17.841851839999997,-0.164814863333337,0.1759999999999999,0.8506666666666667,0.968,18.903703724444444,0.9031111111111124,5.6569557,5.785716,5.929777,5.9209275,5.6766744,0,0.0,1,1.0,-0.92,23.1,76.9
2023-03-04 20:15:00,141.544338049998,60.7784021,60.817844988888005,19.12222221,0.968,34.6,1,5.1764362714980825,70.66250196097344,20,5,3,-0.8660254037844386,0.5000000000000001,-0.9749279121818236,-0.2225209339563146,1.0,6.123233995736766e-17,0.0,3.0,22.27083333333333,10.125,19.825000000000003,100.0,86.75,-2.325,4.0918536,0.0,-0.4,19.12037034,35.0,35.45,36.81666666666667,37.0,34.03333333333333,-18.15422221,0.2537037033333362,-0.0586666666666666,1.0266666666666666,0.9593333333333331,19.00802469555556,0.9484444444444456,5.6766744,5.6569557,5.785716,5.929777,5.5830946,0,0.0,1,1.0,-0.87,20.9,79.1
2023-03-04 20:30:00,142.128759055556,59.079581172222,59.119301816666,19.12037034,0.9593333333333331,34.03333333333333,1,5.1764362714980825,70.66250196097344,20,5,3,-0.8660254037844386,0.5000000000000001,-0.9749279121818236,-0.2225209339563146,1.0,6.123233995736766e-17,0.0,1.0,16.979166666666668,10.15,20.55,100.0,86.5,-2.35,4.080062,0.0,-0.4,18.97222218,34.6,35.0,35.45,36.81666666666667,34.0,-18.161037006666668,-0.0018518699999994,-0.0086666666666667,0.968,1.0953333333333333,19.03703701888889,0.984666666666668,5.5830946,5.6766744,5.6569557,5.785716,5.529087,0,0.0,0,1.0,-0.87,21.0,79.0
2023-03-04 20:45:00,221.276426472218,151.239505727778,151.29005928888802,18.97222218,1.0953333333333333,34.0,2,5.1764362714980825,70.66250196097344,20,5,3,-0.8660254037844386,0.5000000000000001,-0.9749279121818236,-0.2225209339563146,1.0,6.123233995736766e-17,0.0,0.0,12.833333333333334,10.175,21.275,100.0,86.25,-2.375,4.0682697,0.0,-0.4,19.20370368,34.03333333333333,34.6,35.0,35.45,33.63333333333333,-17.876888846666667,-0.1481481600000016,0.136,0.9593333333333331,1.1153333333333333,19.07160491,1.0075555555555569,5.529087,5.5830946,5.6766744,5.6569557,5.544644,0,0.0,1,1.0,-0.91,22.3,77.7
2023-03-04 21:00:00,90.765258127778,0.0,0.0,19.20370368,1.1153333333333333,33.63333333333333,0,5.1764362714980825,70.66250196097344,21,5,3,-0.7071067811865477,0.7071067811865474,-0.9749279121818236,-0.2225209339563146,1.0,6.123233995736766e-17,0.0,0.0,9.833333333333334,10.2,22.0,100.0,86.0,-2.4,4.0564775,0.0,-0.4,19.0333333,34.0,34.03333333333333,34.6,35.0,33.35,-18.088370346666668,0.231481500000001,0.02,1.0953333333333333,1.212,19.0987654,1.056666666666668,5.544644,5.529087,5.5830946,5.6766744,5.44298,1,1.0,1,0.75,-0.85,20.4,79.6
2023-03-04 21:15:00,173.10863091111202,92.95239283889,92.99683556111,19.0333333,1.212,33.35,2,5.1764362714980825,70.66250196097344,21,5,3,-0.7071067811865477,0.7071067811865474,-0.9749279121818236,-0.2225209339563146,1.0,6.123233995736766e-17,0.0,0.0,7.25,10.2,21.9,100.0,86.25,-2.375,4.0682697,0.0,-0.4,19.098148153333334,33.63333333333333,34.0,34.03333333333333,34.6,33.31666666666667,-17.8213333,-0.1703703800000013,0.0966666666666666,1.1153333333333333,1.4633333333333334,19.069753053333333,1.1408888888888902,5.44298,5.544644,5.529087,5.5830946,5.45837,0,1.0,1,0.75,-0.9,21.9,78.1
2023-03-04 21:30:00,226.098733505554,156.140698555556,156.193196505554,19.098148153333334,1.4633333333333334,33.31666666666667,2,5.1764362714980825,70.66250196097344,21,5,3,-0.7071067811865477,0.7071067811865474,-0.9749279121818236,-0.2225209339563146,1.0,6.123233995736766e-17,0.0,0.0,5.083333333333333,10.2,21.8,100.0,86.5,-2.35,4.080062,0.0,-0.4,19.33333335,33.35,33.63333333333333,34.0,34.03333333333333,32.65,-17.63481482,0.0648148533333348,0.2513333333333334,1.212,1.362,19.111728377777776,1.263555555555557,5.45837,5.44298,5.544644,5.529087,5.423785,0,1.0,0,0.75,-0.88,21.4,78.6
2023-03-04 21:45:00,89.51530816111,0.0,0.0,19.33333335,1.362,32.65,0,5.1764362714980825,70.66250196097344,21,5,3,-0.7071067811865477,0.7071067811865474,-0.9749279121818236,-0.2225209339563146,1.0,6.123233995736766e-17,0.0,0.0,3.333333333333333,10.2,21.700000000000003,100.0,86.75,-2.325,4.0918536,0.0,-0.4,19.140740776666668,33.31666666666667,33.35,33.63333333333333,34.0,32.68333333333333,-17.97133335,0.2351851966666629,-0.1013333333333335,1.4633333333333334,1.2013333333333334,19.154938267777776,1.3457777777777793,5.423785,5.45837,5.44298,5.544644,5.368072,1,2.0,1,0.5,-0.83,19.5,80.5
2023-03-04 22:00:00,213.480904938886,135.389306427778,135.438193388888,19.140740776666668,1.2013333333333334,32.68333333333333,2,5.1764362714980825,70.66250196097344,22,5,3,-0.5000000000000004,0.8660254037844384,-0.9749279121818236,-0.2225209339563146,1.0,6.123233995736766e-17,0.0,0.0,2.0,10.2,21.6,100.0,87.0,-2.3,4.103646,0.0,-0.4,19.2611111,32.65,33.31666666666667,33.35,33.63333333333333,32.6,-17.939407443333334,-0.1925925733333287,-0.1606666666666665,1.362,1.308,19.19074076,1.3422222222222235,5.368072,5.423785,5.45837,5.44298,5.3924985,0,1.0,1,0.75,-0.87,21.1,78.9
2023-03-04 22:15:00,175.333541927778,104.970245472222,105.015243688888,19.2611111,1.308,32.6,2,5.1764362714980825,70.66250196097344,22,5,3,-0.5000000000000004,0.8660254037844384,-0.9749279121818236,-0.2225209339563146,1.0,6.123233995736766e-17,0.0,0.0,1.0,9.675,21.425,98.25,87.5,-2.275,4.112984,0.0,-0.45,19.35555552,32.68333333333333,32.65,33.31666666666667,33.35,32.03333333333333,-17.9531111,0.1203703233333328,0.1066666666666666,1.2013333333333334,1.108666666666667,19.245061742222223,1.2904444444444458,5.3924985,5.368072,5.423785,5.45837,5.328309,0,1.0,0,0.75,-0.85,20.1,79.9
2023-03-04 22:30:00,119.858261127774,32.876740427778,32.912572327778,19.35555552,1.108666666666667,32.03333333333333,1,5.1764362714980825,70.66250196097344,22,5,3,-0.5000000000000004,0.8660254037844384,-0.9749279121818236,-0.2225209339563146,1.0,6.123233995736766e-17,0.0,0.0,0.3333333333333333,9.15,21.25,96.5,88.0,-2.25,4.1222024,0.0,-0.5,19.08333333,32.6,32.68333333333333,32.65,33.31666666666667,32.0,-18.24688885333333,0.0944444199999985,-0.1993333333333331,1.308,1.2659999999999998,19.25246913222222,1.2060000000000015,5.328309,5.3924985,5.368072,5.423785,5.2380767,0,1.0,1,0.75,-0.83,19.5,80.5
2023-03-04 22:45:00,213.880888972218,147.02106333889,147.063283949998,19.08333333,1.2659999999999998,32.0,2,5.1764362714980825,70.66250196097344,22,5,3,-0.5000000000000004,0.8660254037844384,-0.9749279121818236,-0.2225209339563146,1.0,6.123233995736766e-17,0.0,0.0,0.0,8.625,21.075,94.75,88.5,-2.225,4.131303,0.0,-0.55,19.175925936666665,32.03333333333333,32.6,32.68333333333333,32.65,31.816666666666663,-17.817333330000004,-0.2722221899999972,0.1573333333333328,1.108666666666667,1.2866666666666666,19.23333331666667,1.227555555555557,5.2380767,5.328309,5.3924985,5.368072,5.236577,0,0.0,1,1.0,-0.89,21.8,78.2
2023-03-04 23:00:00,149.023483422216,105.651329311112,105.675495044444,19.175925936666665,1.2866666666666666,31.816666666666663,2,5.1764362714980825,70.66250196097344,23,5,3,-0.2588190451025215,0.965925826289068,-0.9749279121818236,-0.2225209339563146,1.0,6.123233995736766e-17,0.0,0.0,0.0,8.1,20.9,93.0,89.0,-2.2,4.140284,0.0,-0.6,19.03888886,32.0,32.03333333333333,32.6,32.68333333333333,31.9,-17.88925927,0.0925926066666633,0.0206666666666668,1.2659999999999998,1.348,19.204938262222225,1.220444444444446,5.236577,5.2380767,5.328309,5.3924985,5.208036,0,0.0,0,1.0,-0.87,21.0,79.0
2023-03-04 23:15:00,189.946012955556,127.996824372222,128.021267811112,19.03888886,1.348,31.9,2,5.1764362714980825,70.66250196097344,23,5,3,-0.2588190451025215,0.965925826289068,-0.9749279121818236,-0.2225209339563146,1.0,6.123233995736766e-17,0.0,0.0,0.0,8.3,20.275,94.75,90.0,-2.225,4.1363297,0.0,-0.775,19.15000001,31.816666666666663,32.0,32.03333333333333,32.6,32.833333333333336,-17.69088886,-0.1370370766666653,0.0613333333333332,1.2866666666666666,1.4493333333333331,19.099382708888893,1.3002222222222235,5.208036,5.236577,5.2380767,5.328309,5.3956532,0,0.0,0,1.0,-0.9,22.2,77.8
2023-03-04 23:30:00,156.74511889444202,81.90227936111,81.921445277776,19.15000001,1.4493333333333331,32.833333333333336,2,5.1764362714980825,70.66250196097344,23,5,3,-0.2588190451025215,0.965925826289068,-0.9749279121818236,-0.2225209339563146,1.0,6.123233995736766e-17,0.0,0.0,0.0,8.5,19.65,96.5,91.0,-2.25,4.131795,0.0,-0.95,19.31666664,31.9,31.816666666666663,32.0,32.03333333333333,34.25,-17.700666676666668,0.1111111499999992,0.1013333333333332,1.348,1.4660000000000002,19.12160493555556,1.3613333333333346,5.3956532,5.208036,5.236577,5.2380767,5.6839967,0,0.0,0,1.0,-0.87,21.0,79.0
2023-03-04 23:45:00,80.439837761114,0.0,0.0,19.31666664,1.4660000000000002,34.25,0,5.1764362714980825,70.66250196097344,23,5,3,-0.2588190451025215,0.965925826289068,-0.9749279121818236,-0.2225209339563146,1.0,6.123233995736766e-17,0.0,0.0,0.0,8.7,19.025,98.25,92.0,-2.275,4.1266913,0.0,-1.125,19.11666668333333,32.833333333333336,31.9,31.816666666666663,32.0,35.333333333333336,-17.85066664,0.1666666300000017,0.016666666666667,1.4493333333333331,1.334,19.16851850333333,1.4211111111111123,5.6839967,5.3956532,5.208036,5.236577,5.7950897,1,1.0,1,0.75,-0.82,19.4,80.6
2023-03-05 00:00:00,406.326801827778,0.0,0.0,19.11666668333333,1.334,35.333333333333336,0,5.1764362714980825,70.66250196097344,0,6,3,0.0,1.0,-0.7818314824680299,0.6234898018587334,1.0,6.123233995736766e-17,0.0,0.0,0.0,8.9,18.4,100.0,93.0,-2.3,4.1210327,0.0,-1.3,18.88333331,34.25,32.833333333333336,31.9,31.816666666666663,36.35,-17.782666683333336,-0.1999999566666659,-0.1320000000000001,1.4660000000000002,2.6546666666666665,19.194444444444446,1.416444444444446,5.7950897,5.6839967,5.3956532,5.208036,5.880297,0,2.0,0,0.5,-0.87,20.8,79.2
2023-03-05 00:15:00,79.056837633332,0.0,0.0,18.88333331,2.6546666666666665,36.35,0,5.1764362714980825,70.66250196097344,0,6,3,0.0,1.0,-0.7818314824680299,0.6234898018587334,1.0,6.123233995736766e-17,0.0,0.0,0.0,8.25,18.025,100.0,93.5,-2.35,4.100089,0.0,-1.45,18.792592563333333,35.333333333333336,34.25,32.833333333333336,31.9,36.5,-16.228666643333334,-0.233333373333334,1.3206666666666664,1.334,3.658666666666667,19.10555554444445,1.818222222222224,5.880297,5.7950897,5.6839967,5.3956532,5.8729854,0,3.0,0,0.25,-0.91,22.6,77.4
2023-03-05 00:30:00,76.933033705554,0.0,0.0,18.792592563333333,3.658666666666667,36.5,0,5.1764362714980825,70.66250196097344,0,6,3,0.0,1.0,-0.7818314824680299,0.6234898018587334,1.0,6.123233995736766e-17,0.0,0.0,0.0,7.6,17.65,100.0,94.0,-2.4,4.07908,0.0,-1.6,18.68333335,36.35,35.333333333333336,34.25,32.833333333333336,36.5,-15.133925896666666,-0.0907407466666683,1.0040000000000004,2.6546666666666665,3.1300000000000003,18.93086418555556,2.5491111111111127,5.8729854,5.880297,5.7950897,5.6839967,5.835159,0,4.0,0,0.0,-0.93,23.4,76.6
2023-03-05 00:45:00,140.011066116662,61.33976856111,61.356156805554,18.68333335,3.1300000000000003,36.5,1,5.1764362714980825,70.66250196097344,0,6,3,0.0,1.0,-0.7818314824680299,0.6234898018587334,1.0,6.123233995736766e-17,0.0,0.0,0.0,6.95,17.275,100.0,94.5,-2.45,4.0580106,0.0,-1.75,18.78888891,36.5,36.35,35.333333333333336,34.25,36.31666666666667,-15.55333335,-0.1092592133333312,-0.5286666666666666,3.658666666666667,3.689333333333333,18.786419741111114,3.14777777777778,5.835159,5.8729854,5.880297,5.7950897,5.842207,0,3.0,1,0.25,-0.96,24.4,75.6
2023-03-05 01:00:00,163.98649586111,106.3515791,106.374356005554,18.78888891,3.689333333333333,36.31666666666667,2,5.1764362714980825,70.66250196097344,1,6,3,0.2588190451025207,0.9659258262890684,-0.7818314824680299,0.6234898018587334,1.0,6.123233995736766e-17,0.0,0.0,0.0,6.3,16.9,100.0,95.0,-2.5,4.0368824,0.0,-1.9,19.04999999,36.5,36.5,36.35,35.333333333333336,34.9,-15.099555576666669,0.1055555599999991,0.559333333333333,3.1300000000000003,3.3926666666666665,18.754938274444445,3.4926666666666684,5.842207,5.835159,5.8729854,5.880297,5.701556,0,2.0,1,0.5,-0.94,23.5,76.5
2023-03-05 01:15:00,60.31536503889,0.0,0.0,19.04999999,3.3926666666666665,34.9,0,5.1764362714980825,70.66250196097344,1,6,3,0.2588190451025207,0.9659258262890684,-0.7818314824680299,0.6234898018587334,1.0,6.123233995736766e-17,0.0,0.0,0.0,6.55,15.925,100.0,94.75,-2.85,3.9493766,0.0,-2.175,18.85185182,36.31666666666667,36.5,36.5,36.35,34.21666666666667,-15.657333323333331,0.2611110799999991,-0.2966666666666668,3.689333333333333,2.5746666666666664,18.84074075,3.404000000000001,5.701556,5.842207,5.835159,5.8729854,5.5249057,1,2.0,1,0.5,-0.88,21.5,78.5
2023-03-05 01:30:00,192.292863527778,115.456770444444,115.478436277776,18.85185182,2.5746666666666664,34.21666666666667,2,5.1764362714980825,70.66250196097344,1,6,3,0.2588190451025207,0.9659258262890684,-0.7818314824680299,0.6234898018587334,1.0,6.123233995736766e-17,0.0,0.0,0.0,6.8,14.95,100.0,94.5,-3.2,3.863567,0.0,-2.45,19.02222221,34.9,36.31666666666667,36.5,36.5,34.05,-16.277185153333335,-0.1981481699999996,-0.8180000000000001,3.3926666666666665,2.759333333333333,18.89691357333333,3.21888888888889,5.5249057,5.701556,5.842207,5.835159,5.553583,0,1.0,1,0.75,-0.93,23.4,76.6
2023-03-05 01:45:00,90.13667197223,36.141332072222,36.154664822224,19.02222221,2.759333333333333,34.05,1,5.1764362714980825,70.66250196097344,1,6,3,0.2588190451025207,0.9659258262890684,-0.7818314824680299,0.6234898018587334,1.0,6.123233995736766e-17,0.0,0.0,0.0,7.05,13.975,100.0,94.25,-3.55,3.7794235,0.0,-2.725,18.97777779,34.21666666666667,34.9,36.31666666666667,36.5,33.25,-16.262888876666665,0.1703703899999986,0.1846666666666667,2.5746666666666664,2.558666666666667,18.974691340000003,2.90888888888889,5.553583,5.5249057,5.701556,5.842207,5.408896,0,1.0,1,0.75,-0.89,21.9,78.1
2023-03-05 02:00:00,109.101469033336,56.496628927778,56.512183822224,18.97777779,2.558666666666667,33.25,1,5.1764362714980825,70.66250196097344,2,6,3,0.4999999999999999,0.8660254037844387,-0.7818314824680299,0.6234898018587334,1.0,6.123233995736766e-17,0.0,0.0,0.0,7.3,13.0,100.0,94.0,-3.9,3.6969173,0.0,-3.0,18.9333333,34.05,34.21666666666667,34.9,36.31666666666667,33.45,-16.419111123333334,-0.0444444199999978,-0.2006666666666663,2.759333333333333,2.1853333333333333,18.95061727333333,2.63088888888889,5.408896,5.553583,5.5249057,5.701556,5.4271717,0,1.0,0,0.75,-0.91,22.4,77.6
2023-03-05 02:15:00,171.815905072214,93.201271816666,93.21988222222,18.9333333,2.1853333333333333,33.45,2,5.1764362714980825,70.66250196097344,2,6,3,0.4999999999999999,0.8660254037844387,-0.7818314824680299,0.6234898018587334,1.0,6.123233995736766e-17,0.0,0.0,0.0,7.7,13.625,100.0,94.0,-3.875,3.6969173,0.0,-3.0,19.090740756666666,33.25,34.05,34.21666666666667,34.9,32.85,-16.74799996666667,-0.04444449,-0.3733333333333335,2.558666666666667,2.7333333333333334,18.977777766666662,2.5011111111111126,5.4271717,5.408896,5.553583,5.5249057,5.3795633,0,0.0,1,1.0,-0.92,22.8,77.2
2023-03-05 02:30:00,64.30131659445,10.8670653,10.877620411112,19.090740756666666,2.7333333333333334,32.85,1,5.1764362714980825,70.66250196097344,2,6,3,0.4999999999999999,0.8660254037844387,-0.7818314824680299,0.6234898018587334,1.0,6.123233995736766e-17,0.0,0.0,0.0,8.1,14.25,100.0,94.0,-3.85,3.6969173,0.0,-3.0,18.90555554,33.45,33.25,34.05,34.21666666666667,32.9,-16.35740742333333,0.1574074566666645,0.548,2.1853333333333333,2.648,19.000617282222223,2.492444444444446,5.3795633,5.4271717,5.408896,5.553583,5.3291864,0,0.0,1,1.0,-0.88,21.5,78.5
2023-03-05 02:45:00,171.68674335555602,119.013850355556,119.036627244444,18.90555554,2.648,32.9,2,5.1764362714980825,70.66250196097344,2,6,3,0.4999999999999999,0.8660254037844387,-0.7818314824680299,0.6234898018587334,1.0,6.123233995736766e-17,0.0,0.0,0.0,8.5,14.875,100.0,94.0,-3.825,3.6969173,0.0,-3.0,19.081481516666667,32.85,33.45,33.25,34.05,33.1,-16.257555540000002,-0.1851852166666638,-0.0853333333333332,2.7333333333333334,2.552666666666666,18.97654319888889,2.5222222222222235,5.3291864,5.3795633,5.4271717,5.408896,5.4175444,0,0.0,1,1.0,-0.93,23.1,76.9
2023-03-05 03:00:00,115.582598861106,34.842217355556,34.853605816666004,19.081481516666667,2.552666666666666,33.1,1,5.1764362714980825,70.66250196097344,3,6,3,0.7071067811865476,0.7071067811865476,-0.7818314824680299,0.6234898018587334,1.0,6.123233995736766e-17,0.0,0.0,0.0,8.9,15.5,100.0,94.0,-3.8,3.6969173,0.0,-3.0,18.99444443,32.9,32.85,33.45,33.25,32.55,-16.52881485,0.1759259766666652,-0.0953333333333334,2.648,3.6546666666666665,19.025925937777775,2.644666666666668,5.4175444,5.3291864,5.3795633,5.4271717,5.3002353,0,0.0,1,1.0,-0.89,21.5,78.5
2023-03-05 03:15:00,124.943057644444,54.481154016666,54.494486833332,18.99444443,3.6546666666666665,32.55,1,5.1764362714980825,70.66250196097344,3,6,3,0.7071067811865476,0.7071067811865476,-0.7818314824680299,0.6234898018587334,1.0,6.123233995736766e-17,0.0,0.0,0.0,8.575,16.025,100.0,93.75,-3.7,3.7263625,0.0,-2.85,18.911111116666667,33.1,32.9,32.85,33.45,32.96666666666667,-15.33977776333333,-0.0870370866666689,1.102,2.552666666666666,2.8406666666666665,18.99382716222222,2.9517777777777794,5.3002353,5.4175444,5.3291864,5.3795633,5.341737,0,0.0,0,1.0,-0.91,22.4,77.6
2023-03-05 03:30:00,195.664950888888,126.377444683334,126.399388272222,18.911111116666667,2.8406666666666665,32.96666666666667,2,5.1764362714980825,70.66250196097344,3,6,3,0.7071067811865476,0.7071067811865476,-0.7818314824680299,0.6234898018587334,1.0,6.123233995736766e-17,0.0,0.0,0.0,8.25,16.55,100.0,93.5,-3.6,3.7559638,0.0,-2.7,19.20000001,32.55,33.1,32.9,32.85,32.3,-16.07044445,-0.0833333133333305,-0.8140000000000001,3.6546666666666665,2.434,18.995679021111112,3.0160000000000013,5.341737,5.3002353,5.4175444,5.3291864,5.323673,0,0.0,1,1.0,-0.93,23.1,76.9
2023-03-05 03:45:00,79.008784055552,0.0,0.0,19.20000001,2.434,32.3,0,5.1764362714980825,70.66250196097344,3,6,3,0.7071067811865476,0.7071067811865476,-0.7818314824680299,0.6234898018587334,1.0,6.123233995736766e-17,0.0,0.0,0.0,7.925,17.075000000000003,100.0,93.25,-3.5,3.785722,0.0,-2.55,18.97777778333333,32.96666666666667,32.55,33.1,32.9,32.18333333333333,-16.76600001,0.2888888933333327,-0.4066666666666667,2.8406666666666665,2.074,19.035185185555555,2.976444444444445,5.323673,5.341737,5.3002353,5.4175444,5.2353773,1,1.0,1,0.75,-0.86,20.7,79.3
2023-03-05 04:00:00,489.473753733328,117.0244855,117.042540394442,18.97777778333333,2.074,32.18333333333333,2,5.1764362714980825,70.66250196097344,4,6,3,0.8660254037844386,0.5000000000000001,-0.7818314824680299,0.6234898018587334,1.0,6.123233995736766e-17,0.0,0.0,0.0,7.6,17.6,100.0,93.0,-3.4,3.815637,0.0,-2.4,19.08333336,32.3,32.96666666666667,32.55,33.1,32.1,-16.903777783333332,-0.2222222266666662,-0.3599999999999999,2.434,2.452,19.02962963666667,2.449555555555557,5.2353773,5.323673,5.341737,5.3002353,5.254445,0,1.0,1,0.75,-0.91,22.6,77.4
2023-03-05 04:15:00,124.820840533324,51.440720105554,51.450997561106,19.08333336,2.452,32.1,1,5.1764362714980825,70.66250196097344,4,6,3,0.8660254037844386,0.5000000000000001,-0.7818314824680299,0.6234898018587334,1.0,6.123233995736766e-17,0.0,0.0,0.0,7.625,16.625,100.0,93.0,-3.425,3.8089333,0.0,-2.425,19.08518519,32.18333333333333,32.3,32.96666666666667,32.55,31.716666666666665,-16.63133336,0.1055555766666636,0.3780000000000001,2.074,3.4886666666666666,19.08703705111111,2.3200000000000016,5.254445,5.2353773,5.323673,5.341737,5.192266,0,1.0,1,0.75,-0.89,21.7,78.3
2023-03-05 04:30:00,126.415221055552,49.769120255556,49.778286605554,19.08518519,3.4886666666666666,31.716666666666665,1,5.1764362714980825,70.66250196097344,4,6,3,0.8660254037844386,0.5000000000000001,-0.7818314824680299,0.6234898018587334,1.0,6.123233995736766e-17,0.0,0.0,0.0,7.65,15.65,100.0,93.0,-3.45,3.8022406,0.0,-2.45,18.93333333,32.1,32.18333333333333,32.3,32.96666666666667,32.3,-15.596518523333334,0.0018518300000032,1.0366666666666666,2.452,3.4440000000000004,19.048765444444445,2.671555555555557,5.192266,5.254445,5.2353773,5.323673,5.2405863,0,1.0,0,0.75,-0.89,21.8,78.2
2023-03-05 04:45:00,219.662046616662,147.899917083334,147.921860705554,18.93333333,3.4440000000000004,32.3,2,5.1764362714980825,70.66250196097344,4,6,3,0.8660254037844386,0.5000000000000001,-0.7818314824680299,0.6234898018587334,1.0,6.123233995736766e-17,0.0,0.0,0.0,7.675,14.675,100.0,93.0,-3.475,3.7955587,0.0,-2.475,19.14814818,31.716666666666665,32.1,32.18333333333333,32.3,31.85,-15.48933333,-0.1518518600000007,-0.0446666666666661,3.4886666666666666,3.5266666666666664,19.033950626666662,3.128222222222224,5.2405863,5.192266,5.254445,5.2353773,5.2334867,0,0.0,1,1.0,-0.92,23.0,77.0
2023-03-05 05:00:00,68.245603449998,0.0,0.0,19.14814818,3.5266666666666664,31.85,0,5.1764362714980825,70.66250196097344,5,6,3,0.9659258262890684,0.2588190451025207,-0.7818314824680299,0.6234898018587334,1.0,6.123233995736766e-17,0.0,0.0,0.0,7.7,13.7,100.0,93.0,-3.5,3.7888858,0.0,-2.5,18.97222224,32.3,31.716666666666665,32.1,32.18333333333333,31.55,-15.621481513333332,0.2148148499999997,0.082666666666666,3.4440000000000004,3.7246666666666655,19.05555556666667,3.486444444444446,5.2334867,5.2405863,5.192266,5.254445,5.130667,1,1.0,1,0.75,-0.88,21.2,78.8
2023-03-05 05:15:00,175.27215541667,94.628714683334,94.6453807,18.97222224,3.7246666666666655,31.55,2,5.1764362714980825,70.66250196097344,5,6,3,0.9659258262890684,0.2588190451025207,-0.7818314824680299,0.6234898018587334,1.0,6.123233995736766e-17,0.0,0.0,0.0,7.65,13.7,100.0,93.25,-3.35,3.825894,0.025,-2.4,18.8888889,31.85,32.3,31.716666666666665,32.1,31.78333333333333,-15.247555573333337,-0.175925939999999,0.1979999999999999,3.5266666666666664,3.4593333333333334,19.01790125,3.5651111111111127,5.130667,5.2334867,5.2405863,5.192266,5.1432405,0,1.0,1,0.75,-0.92,22.8,77.2
2023-03-05 05:30:00,156.425687272218,94.000406516666,94.019850205554,18.8888889,3.4593333333333334,31.78333333333333,2,5.1764362714980825,70.66250196097344,5,6,3,0.9659258262890684,0.2588190451025207,-0.7818314824680299,0.6234898018587334,1.0,6.123233995736766e-17,0.0,0.0,0.0,7.6,13.7,100.0,93.5,-3.2,3.8632123,0.05,-2.3,18.79444443,31.55,31.85,32.3,31.716666666666665,31.85,-15.429555566666668,-0.0833333399999993,-0.265333333333333,3.7246666666666655,3.761333333333333,19.00308644,3.5702222222222235,5.1432405,5.130667,5.2334867,5.2405863,5.125345,0,1.0,0,0.75,-0.94,23.5,76.5
2023-03-05 05:45:00,200.20949121667,133.014123672222,133.037456055556,18.79444443,3.761333333333333,31.85,2,5.1764362714980825,70.66250196097344,5,6,3,0.9659258262890684,0.2588190451025207,-0.7818314824680299,0.6234898018587334,1.0,6.123233995736766e-17,0.0,0.0,0.0,7.55,13.7,100.0,93.75,-3.05,3.9008434,0.075,-2.2,18.99074071,31.78333333333333,31.55,31.85,32.3,31.633333333333333,-15.033111096666666,-0.0944444700000026,0.302,3.4593333333333334,2.9953333333333334,18.88518519,3.6484444444444457,5.125345,5.1432405,5.130667,5.2334867,5.1498446,0,1.0,0,0.75,-0.96,24.4,75.6
2023-03-05 06:00:00,96.377255905554,21.695798783334,21.705798383334,18.99074071,2.9953333333333334,31.633333333333333,1,5.1764362714980825,70.66250196097344,6,6,3,1.0,6.123233995736766e-17,-0.7818314824680299,0.6234898018587334,1.0,6.123233995736766e-17,0.0,0.0,0.0,7.5,13.7,100.0,94.0,-2.9,3.9387896,0.1,-2.1,18.95,31.85,31.78333333333333,31.55,31.85,31.4,-15.995407376666668,0.1962962800000021,-0.766,3.761333333333333,3.506,18.89135801333333,3.405333333333335,5.1498446,5.125345,5.1432405,5.130667,5.0995793,0,0.0,1,1.0,-0.91,22.6,77.4
2023-03-05 06:15:00,137.671437372222,75.678361627778,75.6953054,18.95,3.506,31.4,2,5.1764362714980825,70.66250196097344,6,6,3,1.0,6.123233995736766e-17,-0.7818314824680299,0.6234898018587334,1.0,6.123233995736766e-17,0.0,0.0,0.0,7.35,13.525,100.0,94.0,-2.7,4.0013866,0.1,-1.875,18.938888866666662,31.633333333333333,31.85,31.78333333333333,31.55,31.78333333333333,-15.444,-0.0407407100000014,0.5106666666666668,2.9953333333333334,3.5780000000000003,18.911728380000003,3.42088888888889,5.0995793,5.1498446,5.125345,5.1432405,5.1584506,0,0.0,1,1.0,-0.92,23.1,76.9
2023-03-05 06:30:00,173.417229716666,104.051671083334,104.073059111112,18.938888866666662,3.5780000000000003,31.78333333333333,2,5.1764362714980825,70.66250196097344,6,6,3,1.0,6.123233995736766e-17,-0.7818314824680299,0.6234898018587334,1.0,6.123233995736766e-17,0.0,0.0,0.0,7.2,13.35,100.0,94.0,-2.5,4.0648565,0.1,-1.65,19.12222224,31.4,31.633333333333333,31.85,31.78333333333333,31.15,-15.360888866666668,-0.0111111333333333,0.072,3.506,4.018,18.959876525555558,3.3597777777777798,5.1584506,5.0995793,5.1498446,5.125345,5.110647,0,0.0,0,1.0,-0.93,23.1,76.9
2023-03-05 06:45:00,76.659155861106,0.0,0.0,19.12222224,4.018,31.15,0,5.1764362714980825,70.66250196097344,6,6,3,1.0,6.123233995736766e-17,-0.7818314824680299,0.6234898018587334,1.0,6.123233995736766e-17,0.0,0.0,0.0,7.050000000000001,13.175,100.0,94.0,-2.3,4.129208,0.1,-1.4249999999999998,18.90740742,31.78333333333333,31.4,31.633333333333333,31.85,31.183333333333334,-15.10422224,0.1833333733333333,0.4399999999999995,3.5780000000000003,4.125333333333334,19.00370370222222,3.700666666666669,5.110647,5.1584506,5.0995793,5.1498446,5.0516696,1,1.0,1,0.75,-0.89,21.6,78.4
2023-03-05 07:00:00,182.73907897778,117.0069862,117.028652,18.90740742,4.125333333333334,31.183333333333334,2,5.1764362714980825,70.66250196097344,7,6,3,0.9659258262890684,-0.2588190451025206,-0.7818314824680299,0.6234898018587334,1.0,6.123233995736766e-17,0.0,0.0,0.0,6.9,13.0,100.0,94.0,-2.1,4.194453,0.1,-1.2,19.08333336,31.15,31.78333333333333,31.4,31.633333333333333,31.45,-14.782074086666668,-0.2148148199999973,0.1073333333333339,4.018,3.94,18.98950617555556,3.907111111111113,5.0516696,5.110647,5.1584506,5.0995793,5.1480474,0,1.0,1,0.75,-0.94,23.5,76.5
2023-03-05 07:15:00,117.927227188888,52.068472744444,52.084860972222,19.08333336,3.94,31.45,1,5.1764362714980825,70.66250196097344,7,6,3,0.9659258262890684,-0.2588190451025206,-0.7818314824680299,0.6234898018587334,1.0,6.123233995736766e-17,0.75,0.1875,0.0625,6.800000000000001,12.625,100.0,93.5,-1.875,4.252683,0.125,-0.925,19.08518519,31.183333333333334,31.15,31.78333333333333,31.4,31.03333333333333,-15.143333359999998,0.1759259399999955,-0.1853333333333338,4.125333333333334,3.992,19.03765434,4.02777777777778,5.1480474,5.0516696,5.110647,5.1584506,5.0803986,0,1.0,1,0.75,-0.89,21.9,78.1
2023-03-05 07:30:00,106.494351255552,35.007488527778,35.02082136111,19.08518519,3.992,31.03333333333333,1,5.1764362714980825,70.66250196097344,7,6,3,0.9659258262890684,-0.2588190451025206,-0.7818314824680299,0.6234898018587334,1.0,6.123233995736766e-17,1.5,0.5625,0.1875,6.7,12.25,100.0,93.0,-1.65,4.3114057,0.15,-0.65,18.93333333,31.45,31.183333333333334,31.15,31.78333333333333,31.35,-15.09318519,0.0018518300000032,0.052,3.94,4.472666666666667,19.025308656666667,4.019111111111113,5.0803986,5.1480474,5.0516696,5.110647,5.086452,0,1.0,0,0.75,-0.9,21.9,78.1
2023-03-05 07:45:00,187.236399111112,115.908419027778,115.930918127778,18.93333333,4.472666666666667,31.35,2,5.1764362714980825,70.66250196097344,7,6,3,0.9659258262890684,-0.2588190451025206,-0.7818314824680299,0.6234898018587334,1.0,6.123233995736766e-17,2.25,1.125,0.375,6.6,11.875,100.0,92.5,-1.4249999999999998,4.3706193,0.175,-0.3750000000000001,19.127777793333333,31.03333333333333,31.45,31.183333333333334,31.15,31.316666666666663,-14.460666663333331,-0.1518518600000007,0.480666666666667,3.992,4.692666666666667,19.033950626666662,4.134888888888891,5.086452,5.0803986,5.1480474,5.0516696,5.1396747,0,0.0,1,1.0,-0.93,23.2,76.8
2023-03-05 08:00:00,57.825742427778,0.0,0.0,19.127777793333333,4.692666666666667,31.316666666666663,0,5.1764362714980825,70.66250196097344,8,6,3,0.8660254037844387,-0.4999999999999998,-0.7818314824680299,0.6234898018587334,1.0,6.123233995736766e-17,3.0,1.875,0.625,6.5,11.5,100.0,92.0,-1.2,4.4303203,0.2,-0.1,18.9222222,31.35,31.03333333333333,31.45,31.183333333333334,31.35,-14.435111126666666,0.1944444633333333,0.2199999999999997,4.472666666666667,4.3853333333333335,19.048765437777774,4.38577777777778,5.1396747,5.086452,5.0803986,5.1480474,5.0831156,1,1.0,1,0.75,-0.88,21.5,78.5
2023-03-05 08:15:00,150.675917188888,88.10841997222201,88.127308116666,18.9222222,4.3853333333333335,31.35,2,5.1764362714980825,70.66250196097344,8,6,3,0.8660254037844387,-0.4999999999999998,-0.7818314824680299,0.6234898018587334,1.0,6.123233995736766e-17,17.5,6.0625,2.083333333333333,6.525,11.325,100.0,92.25,-1.1,4.4653883,0.15,-0.0249999999999999,19.02777779,31.316666666666663,31.35,31.03333333333333,31.45,31.5,-14.536888866666668,-0.205555593333333,-0.3073333333333332,4.692666666666667,4.425333333333333,18.99444444111111,4.51688888888889,5.0831156,5.1396747,5.086452,5.0803986,5.1393604,0,1.0,1,0.75,-0.93,23.3,76.7
2023-03-05 08:30:00,145.47529183889,80.75732516111,80.77510223333199,19.02777779,4.425333333333333,31.5,2,5.1764362714980825,70.66250196097344,8,6,3,0.8660254037844387,-0.4999999999999998,-0.7818314824680299,0.6234898018587334,1.0,6.123233995736766e-17,32.0,13.6875,4.75,6.55,11.15,100.0,92.5,-1.0,4.5006866,0.1,0.05,19.23333333,31.35,31.316666666666663,31.35,31.03333333333333,31.2,-14.60244445666667,0.1055555900000015,0.0399999999999991,4.3853333333333335,4.208,19.02592592777778,4.501111111111112,5.1393604,5.0831156,5.1396747,5.086452,5.152482,0,1.0,0,0.75,-0.91,22.3,77.7
2023-03-05 08:45:00,64.48130947778,11.080945644444,11.09066743889,19.23333333,4.208,31.2,1,5.1764362714980825,70.66250196097344,8,6,3,0.8660254037844387,-0.4999999999999998,-0.7818314824680299,0.6234898018587334,1.0,6.123233995736766e-17,46.5,24.75,8.625,6.574999999999999,10.975,100.0,92.75,-0.9,4.5362153,0.0499999999999999,0.125,19.312962996666663,31.5,31.35,31.316666666666663,31.35,31.28333333333333,-15.02533333,0.2055555399999988,-0.2173333333333325,4.425333333333333,4.658666666666666,19.06111110666667,4.339555555555557,5.152482,5.1393604,5.0831156,5.1396747,5.1905293,0,1.0,1,0.75,-0.86,20.6,79.4
2023-03-05 09:00:00,184.780108466668,122.4026037,122.426491677776,19.312962996666663,4.658666666666666,31.28333333333333,2,5.1764362714980825,70.66250196097344,9,6,3,0.7071067811865476,-0.7071067811865475,-0.7818314824680299,0.6234898018587334,1.0,6.123233995736766e-17,61.0,39.25,13.708333333333334,6.6,10.8,100.0,93.0,-0.8,4.571976,0.0,0.2,19.7611111,31.2,31.5,31.35,31.316666666666663,30.6,-14.65429633,0.0796296666666656,0.4506666666666659,4.208,5.008666666666667,19.191358038888893,4.430666666666668,5.1905293,5.152482,5.1393604,5.0831156,5.212648,0,0.0,1,1.0,-0.84,19.9,80.1
2023-03-05 09:15:00,84.937157927778,20.289188416666,20.300854566668,19.7611111,5.008666666666667,30.6,1,5.1764362714980825,70.66250196097344,9,6,3,0.7071067811865476,-0.7071067811865475,-0.7818314824680299,0.6234898018587334,1.0,6.123233995736766e-17,88.0,56.875,21.041666666666668,6.75,12.325,100.0,90.0,-0.7250000000000001,4.602566,0.0,0.7749999999999999,19.937036993333333,31.28333333333333,31.2,31.5,31.35,30.03333333333333,-14.752444433333334,0.4481481033333345,0.3500000000000005,4.658666666666666,4.6226666666666665,19.43580247555556,4.625111111111113,5.212648,5.1905293,5.152482,5.1393604,5.1691575,0,0.0,1,1.0,-0.74,16.6,83.4
2023-03-05 09:30:00,70.40773924444,16.442120072222,16.454619572222,19.937036993333333,4.6226666666666665,30.03333333333333,1,5.1764362714980825,70.66250196097344,9,6,3,0.7071067811865476,-0.7071067811865475,-0.7818314824680299,0.6234898018587334,1.0,6.123233995736766e-17,115.0,77.625,30.625,6.9,13.85,100.0,87.0,-0.65,4.6273274,0.0,1.35,19.86111108,30.6,31.28333333333333,31.2,31.5,30.35,-15.314370326666666,0.175925893333332,-0.3860000000000001,5.008666666666667,4.1626666666666665,19.670370363333333,4.763333333333335,5.1691575,5.212648,5.1905293,5.152482,5.200469,0,0.0,0,1.0,-0.7,15.4,84.6
2023-03-05 09:45:00,186.07366783889,124.491408994446,124.514741444444,19.86111108,4.1626666666666665,30.35,2,5.1764362714980825,70.66250196097344,9,6,3,0.7071067811865476,-0.7071067811865475,-0.7818314824680299,0.6234898018587334,1.0,6.123233995736766e-17,142.0,101.5,42.458333333333336,7.05,15.375,100.0,84.0,-0.575,4.645812,0.0,1.925,19.80185185,30.03333333333333,30.6,31.28333333333333,31.2,30.316666666666663,-15.698444413333334,-0.0759259133333323,-0.4599999999999999,4.6226666666666665,4.450666666666667,19.853086391111116,4.598000000000002,5.200469,5.1691575,5.212648,5.1905293,5.1767397,0,0.0,1,1.0,-0.72,15.9,84.1
2023-03-05 10:00:00,85.209647077776,23.1765729,23.190739016666,19.80185185,4.450666666666667,30.316666666666663,1,5.1764362714980825,70.66250196097344,10,6,3,0.4999999999999999,-0.8660254037844387,-0.7818314824680299,0.6234898018587334,1.0,6.123233995736766e-17,169.0,128.5,56.54166666666666,7.2,16.9,100.0,81.0,-0.5,4.657543,0.0,2.5,19.666666650000003,30.35,30.03333333333333,30.6,31.28333333333333,30.05,-15.351185183333332,-0.0592592300000021,0.2880000000000002,4.1626666666666665,4.800666666666667,19.866666641111117,4.412000000000002,5.1767397,5.200469,5.1691575,5.212648,5.0906615,0,0.0,1,1.0,-0.73,16.4,83.6
2023-03-05 10:15:00,58.85125693889,25.698416472222,25.7123048,19.666666650000003,4.800666666666667,30.05,1,5.1764362714980825,70.66250196097344,10,6,3,0.4999999999999999,-0.8660254037844387,-0.7818314824680299,0.6234898018587334,1.0,6.123233995736766e-17,174.75,150.1875,71.04166666666667,7.85,18.625,100.0,80.5,-0.425,4.675848,0.0,2.65,19.48703702,30.316666666666663,30.35,30.03333333333333,30.6,30.65,-14.865999983333335,-0.1351851999999951,0.3500000000000005,4.450666666666667,4.802666666666667,19.77654319333333,4.471333333333335,5.0906615,5.1767397,5.200469,5.1691575,5.137796,0,0.0,0,1.0,-0.77,17.4,82.6
2023-03-05 10:30:00,157.268708883338,117.1136486,117.135869911112,19.48703702,4.802666666666667,30.65,2,5.1764362714980825,70.66250196097344,10,6,3,0.4999999999999999,-0.8660254037844387,-0.7818314824680299,0.6234898018587334,1.0,6.123233995736766e-17,180.5,166.5625,85.95833333333333,8.5,20.35,100.0,80.0,-0.35,4.6939845,0.0,2.8,19.50555557,30.05,30.316666666666663,30.35,30.03333333333333,30.65,-14.684370353333332,-0.1796296300000044,0.0019999999999997,4.800666666666667,4.447333333333333,19.651851840000003,4.6846666666666685,5.137796,5.0906615,5.1767397,5.200469,5.1433916,0,0.0,1,1.0,-0.81,18.7,81.3
2023-03-05 10:45:00,289.13482297778,0.0,0.0,19.50555557,4.447333333333333,30.65,0,5.1764362714980825,70.66250196097344,10,6,3,0.4999999999999999,-0.8660254037844387,-0.7818314824680299,0.6234898018587334,1.0,6.123233995736766e-17,186.25,177.625,101.29166666666669,9.15,22.075,100.0,79.5,-0.275,4.711946,0.0,2.95,19.31851854,30.65,30.05,30.316666666666663,30.35,30.683333333333334,-15.05822223666667,0.0185185500000031,-0.3553333333333341,4.802666666666667,4.457333333333334,19.553086413333336,4.683555555555557,5.1433916,5.137796,5.0906615,5.1767397,5.092641,1,1.0,1,0.75,-0.8,18.5,81.5
2023-03-05 11:00:00,178.46397223889,66.51817249999999,66.534560727778,19.31851854,4.457333333333334,30.683333333333334,1,5.1764362714980825,70.66250196097344,11,6,3,0.258819045102521,-0.9659258262890682,-0.7818314824680299,0.6234898018587334,1.0,6.123233995736766e-17,192.0,183.375,117.04166666666669,9.8,23.8,100.0,79.0,-0.2,4.729731,0.0,3.1,19.27222225,30.65,30.65,30.05,30.316666666666663,32.1,-14.861185206666663,-0.1870370300000026,0.0100000000000006,4.447333333333333,4.309333333333333,19.437037043333333,4.569111111111113,5.092641,5.1433916,5.137796,5.0906615,5.313267,0,1.0,1,0.75,-0.84,20.0,80.0
2023-03-05 11:15:00,177.76594459444598,128.56846813889,128.59180057222198,19.27222225,4.309333333333333,32.1,2,5.1764362714980825,70.66250196097344,11,6,3,0.258819045102521,-0.9659258262890682,-0.7818314824680299,0.6234898018587334,1.0,6.123233995736766e-17,175.75,183.625,130.22916666666666,9.6,23.8,100.0,79.25,-0.175,4.7446985,0.025,3.1,19.496296306666668,30.683333333333334,30.65,30.65,30.05,32.78333333333333,-14.96288891666667,-0.0462962899999972,-0.1480000000000005,4.457333333333334,4.041333333333333,19.365432120000005,4.404666666666668,5.313267,5.092641,5.1433916,5.137796,5.4983926,0,1.0,1,0.75,-0.85,20.1,79.9
2023-03-05 11:30:00,57.720468805558,0.0,0.0,19.496296306666668,4.041333333333333,32.78333333333333,0,5.1764362714980825,70.66250196097344,11,6,3,0.258819045102521,-0.9659258262890682,-0.7818314824680299,0.6234898018587334,1.0,6.123233995736766e-17,159.5,178.375,140.85416666666666,9.4,23.8,100.0,79.5,-0.15,4.759666,0.05,3.1,19.25555556,32.1,30.683333333333334,30.65,30.65,32.9,-15.454962973333334,0.2240740566666659,-0.2679999999999998,4.309333333333333,3.855333333333333,19.36234569888889,4.269333333333335,5.4983926,5.313267,5.092641,5.1433916,5.440343,1,2.0,1,0.5,-0.79,18.2,81.8
2023-03-05 11:45:00,145.294743511112,106.266026955556,106.287414983334,19.25555556,3.855333333333333,32.9,2,5.1764362714980825,70.66250196097344,11,6,3,0.258819045102521,-0.9659258262890682,-0.7818314824680299,0.6234898018587334,1.0,6.123233995736766e-17,143.25,167.625,148.91666666666666,9.2,23.8,100.0,79.75,-0.125,4.774634,0.075,3.1,19.299999973333332,32.78333333333333,32.1,30.683333333333334,30.65,33.46666666666667,-15.400222226666669,-0.2407407466666669,-0.1859999999999999,4.041333333333333,3.693333333333333,19.34135803888889,4.068666666666669,5.440343,5.4983926,5.313267,5.092641,5.5485506,0,1.0,1,0.75,-0.85,20.1,79.9
2023-03-05 12:00:00,148.797381249998,103.133096744444,103.153651472222,19.299999973333332,3.693333333333333,33.46666666666667,2,5.1764362714980825,70.66250196097344,12,6,3,1.2246467991473532e-16,-1.0,-0.7818314824680299,0.6234898018587334,1.0,6.123233995736766e-17,127.0,151.375,154.41666666666666,9.0,23.8,100.0,80.0,-0.1,4.7896013,0.1,3.1,19.383333330000003,32.9,32.78333333333333,32.1,30.683333333333334,33.15,-15.606666640000002,0.0444444133333341,-0.1619999999999999,3.855333333333333,3.638,19.350617280000005,3.863333333333335,5.5485506,5.440343,5.4983926,5.313267,5.5230746,0,1.0,0,0.75,-0.83,19.6,80.4
2023-03-05 12:15:00,63.346077205554,14.781908683334,14.7944082,19.383333330000003,3.638,33.15,1,5.1764362714980825,70.66250196097344,12,6,3,1.2246467991473532e-16,-1.0,-0.7818314824680299,0.6234898018587334,1.0,6.123233995736766e-17,145.75,143.875,159.22916666666666,9.85,25.15,100.0,79.5,-0.075,4.791713,0.075,3.2,19.161111126666665,33.46666666666667,32.9,32.78333333333333,32.1,33.18333333333333,-15.745333330000005,0.0833333566666674,-0.0553333333333334,3.693333333333333,3.602,19.312962954444448,3.7288888888888905,5.5230746,5.5485506,5.440343,5.4983926,5.456744,0,1.0,1,0.75,-0.82,19.0,81.0
2023-03-05 12:30:00,149.274862133332,114.49736433889,114.52069673889,19.161111126666665,3.602,33.18333333333333,2,5.1764362714980825,70.66250196097344,12,6,3,1.2246467991473532e-16,-1.0,-0.7818314824680299,0.6234898018587334,1.0,6.123233995736766e-17,164.5,145.125,163.35416666666666,10.7,26.5,100.0,79.0,-0.05,4.793611,0.05,3.3,19.2722222,33.15,33.46666666666667,32.9,32.78333333333333,33.45,-15.559111126666664,-0.2222222033333381,-0.036,3.638,3.496,19.28148147666667,3.644444444444446,5.456744,5.5230746,5.5485506,5.440343,5.536723,0,0.0,1,1.0,-0.87,20.8,79.2
2023-03-05 12:45:00,117.79723242222,70.291632655556,70.309131955556,19.2722222,3.496,33.45,1,5.1764362714980825,70.66250196097344,12,6,3,1.2246467991473532e-16,-1.0,-0.7818314824680299,0.6234898018587334,1.0,6.123233995736766e-17,183.25,155.125,166.79166666666666,11.55,27.85,100.0,78.5,-0.0249999999999999,4.79529,0.0249999999999999,3.4,19.30370372,33.18333333333333,33.15,33.46666666666667,32.9,33.03333333333333,-15.776222199999998,0.1111110733333333,-0.1059999999999998,3.602,3.3466666666666667,19.27222221888889,3.578666666666668,5.536723,5.456744,5.5230746,5.5485506,5.4779,0,0.0,1,1.0,-0.84,19.9,80.1
2023-03-05 13:00:00,131.231139411112,53.166484372222,53.208149372222,19.30370372,3.3466666666666667,33.03333333333333,1,5.1764362714980825,70.66250196097344,13,6,3,-0.2588190451025208,-0.9659258262890684,-0.7818314824680299,0.6234898018587334,1.0,6.123233995736766e-17,202.0,173.875,169.54166666666666,12.4,29.2,100.0,78.0,0.0,4.796747,0.0,3.5,19.20000003,33.45,33.18333333333333,33.15,33.46666666666667,33.65,-15.95703705333333,0.0314815199999998,-0.1493333333333333,3.496,3.3233333333333333,19.24567901555556,3.4815555555555573,5.4779,5.536723,5.456744,5.5230746,5.54618,0,0.0,0,1.0,-0.83,19.7,80.3
2023-03-05 13:15:00,228.29447893889,149.872893727778,149.939002266664,19.20000003,3.3233333333333333,33.65,2,5.1764362714980825,70.66250196097344,13,6,3,-0.2588190451025208,-0.9659258262890684,-0.7818314824680299,0.6234898018587334,1.0,6.123233995736766e-17,196.25,186.5,171.33333333333334,12.45,29.375,100.0,78.25,0.025,4.804078,0.0,3.475,19.43703704333333,33.03333333333333,33.45,33.18333333333333,33.15,33.35,-15.876666696666668,-0.1037036899999961,-0.0233333333333334,3.3466666666666667,3.3546666666666667,19.258641983333334,3.388666666666668,5.54618,5.4779,5.536723,5.456744,5.5739765,0,0.0,1,1.0,-0.86,20.4,79.6
2023-03-05 13:30:00,94.119846288884,0.0,0.0,19.43703704333333,3.3546666666666667,33.35,0,5.1764362714980825,70.66250196097344,13,6,3,-0.2588190451025208,-0.9659258262890684,-0.7818314824680299,0.6234898018587334,1.0,6.123233995736766e-17,190.5,193.0,172.16666666666666,12.5,29.55,100.0,78.5,0.05,4.8113685,0.0,3.45,19.23333336,33.65,33.03333333333333,33.45,33.18333333333333,33.05,-16.082370376666663,0.2370370133333281,0.0313333333333334,3.3233333333333333,3.310666666666666,19.313580264444443,3.341555555555557,5.5739765,5.54618,5.4779,5.536723,5.457998,1,1.0,1,0.75,-0.8,18.6,81.4
2023-03-05 13:45:00,213.675063688892,94.576494572222,94.656491388888,19.23333336,3.310666666666666,33.05,2,5.1764362714980825,70.66250196097344,13,6,3,-0.2588190451025208,-0.9659258262890684,-0.7818314824680299,0.6234898018587334,1.0,6.123233995736766e-17,184.75,193.375,172.04166666666666,12.55,29.725,100.0,78.75,0.075,4.8186207,0.0,3.425,19.24814817333333,33.35,33.65,33.03333333333333,33.45,33.46666666666667,-15.922666693333332,-0.2037036833333303,-0.044,3.3546666666666667,3.334,19.29012347777778,3.3295555555555576,5.457998,5.5739765,5.54618,5.4779,5.5316334,0,1.0,1,0.75,-0.85,20.3,79.7
2023-03-05 14:00:00,195.58162092222,88.692285483334,88.776171027778,19.24814817333333,3.334,33.46666666666667,2,5.1764362714980825,70.66250196097344,14,6,3,-0.4999999999999997,-0.8660254037844388,-0.7818314824680299,0.6234898018587334,1.0,6.123233995736766e-17,179.0,187.625,170.95833333333334,12.6,29.9,100.0,79.0,0.1,4.8258333,0.0,3.4,19.32777776,33.05,33.35,33.65,33.03333333333333,33.2,-15.914148173333334,0.0148148133333343,0.0233333333333334,3.310666666666666,3.448,19.30617285888889,3.3331111111111134,5.5316334,5.457998,5.5739765,5.54618,5.513347,0,1.0,0,0.75,-0.84,20.1,79.9
2023-03-05 14:15:00,86.801805588888,20.763058327778,20.79722366111,19.32777776,3.448,33.2,1,5.1764362714980825,70.66250196097344,14,6,3,-0.4999999999999997,-0.8660254037844388,-0.7818314824680299,0.6234898018587334,1.0,6.123233995736766e-17,173.0,181.8125,170.72916666666666,12.65,29.8,100.0,79.25,0.125,4.8411045,0.0,3.4,19.125925913333333,33.46666666666667,33.05,33.35,33.65,33.65,-15.87977776,0.079629586666666,0.1139999999999998,3.334,3.4493333333333336,19.26975309777778,3.364222222222224,5.513347,5.5316334,5.457998,5.5739765,5.5220184,0,1.0,1,0.75,-0.83,19.5,80.5
2023-03-05 14:30:00,172.988358055552,118.525536588888,118.54914676111,19.125925913333333,3.4493333333333336,33.65,2,5.1764362714980825,70.66250196097344,14,6,3,-0.4999999999999997,-0.8660254037844388,-0.7818314824680299,0.6234898018587334,1.0,6.123233995736766e-17,167.0,175.9375,171.35416666666666,12.7,29.7,100.0,79.5,0.15,4.8563766,0.0,3.4,19.26666664,33.2,33.46666666666667,33.05,33.35,33.6,-15.67659258,-0.201851846666667,0.0013333333333336,3.448,3.3886666666666665,19.23395061555556,3.410444444444446,5.5220184,5.513347,5.5316334,5.457998,5.559731,0,0.0,1,1.0,-0.87,21.1,78.9
2023-03-05 14:45:00,106.589625144444,69.422500755556,69.4405556,19.26666664,3.3886666666666665,33.6,1,5.1764362714980825,70.66250196097344,14,6,3,-0.4999999999999997,-0.8660254037844388,-0.7818314824680299,0.6234898018587334,1.0,6.123233995736766e-17,161.0,170.0,172.83333333333334,12.75,29.6,100.0,79.75,0.175,4.871648,0.0,3.4,19.251851826666663,33.65,33.2,33.46666666666667,33.05,33.03333333333333,-15.877999973333337,0.1407407266666673,-0.060666666666667,3.4493333333333336,3.488,19.24012343777778,3.4286666666666683,5.559731,5.5220184,5.513347,5.5316334,5.4611983,0,0.0,1,1.0,-0.84,19.9,80.1
2023-03-05 15:00:00,82.338928511112,39.234541672222,39.2500966,19.251851826666663,3.488,33.03333333333333,1,5.1764362714980825,70.66250196097344,15,6,3,-0.7071067811865471,-0.7071067811865479,-0.7818314824680299,0.6234898018587334,1.0,6.123233995736766e-17,155.0,164.0,175.16666666666666,12.8,29.5,100.0,80.0,0.2,4.8869195,0.0,3.4,19.09444447,33.6,33.65,33.2,33.46666666666667,33.35,-15.763851826666668,-0.0148148133333343,0.0993333333333335,3.3886666666666665,3.697333333333333,19.214814793333336,3.442000000000001,5.4611983,5.559731,5.5220184,5.513347,5.462636,0,0.0,0,1.0,-0.85,20.1,79.9
2023-03-05 15:15:00,199.08342526111,144.012294877776,144.037293894442,19.09444447,3.697333333333333,33.35,2,5.1764362714980825,70.66250196097344,15,6,3,-0.7071067811865471,-0.7071067811865479,-0.7818314824680299,0.6234898018587334,1.0,6.123233995736766e-17,146.75,157.4375,175.25,12.925,29.425,100.0,80.25,0.25,4.89399,0.0,3.375,19.30370372333333,33.03333333333333,33.6,33.65,33.2,33.31666666666667,-15.397111136666666,-0.1574073566666669,0.2093333333333333,3.488,3.8133333333333335,19.20432097888889,3.5246666666666684,5.462636,5.4611983,5.559731,5.5220184,5.524885,0,0.0,1,1.0,-0.88,21.4,78.6
2023-03-05 15:30:00,67.007041844444,30.107962266668,30.122961666668,19.30370372333333,3.8133333333333335,33.31666666666667,1,5.1764362714980825,70.66250196097344,15,6,3,-0.7071067811865471,-0.7071067811865479,-0.7818314824680299,0.6234898018587334,1.0,6.123233995736766e-17,138.5,150.3125,173.08333333333334,13.05,29.35,100.0,80.5,0.3,4.901021,0.0,3.35,19.18888889,33.35,33.03333333333333,33.6,33.65,33.0,-15.490370390000002,0.2092592533333359,0.1160000000000001,3.697333333333333,3.95,19.21666667333333,3.666222222222224,5.524885,5.462636,5.4611983,5.559731,5.4354873,0,0.0,1,1.0,-0.83,19.6,80.4
2023-03-05 15:45:00,116.250349849998,74.1328679,74.151478255556,19.18888889,3.95,33.0,2,5.1764362714980825,70.66250196097344,15,6,3,-0.7071067811865471,-0.7071067811865479,-0.7818314824680299,0.6234898018587334,1.0,6.123233995736766e-17,130.25,142.625,168.66666666666666,13.175,29.275,100.0,80.75,0.35,4.908014,0.0,3.325,19.120370386666664,33.31666666666667,33.35,33.03333333333333,33.6,33.0,-15.238888889999998,-0.1148148333333374,0.1366666666666667,3.8133333333333335,3.972,19.195679027777786,3.820222222222224,5.4354873,5.524885,5.462636,5.4611983,5.4135785,0,0.0,1,1.0,-0.86,20.6,79.4
2023-03-05 16:00:00,210.49880196111,155.005466216666,155.032687411108,19.120370386666664,3.972,33.0,2,5.1764362714980825,70.66250196097344,16,6,3,-0.8660254037844385,-0.5000000000000004,-0.7818314824680299,0.6234898018587334,1.0,6.123233995736766e-17,122.0,134.375,162.0,13.3,29.2,100.0,81.0,0.4,4.9149685,0.0,3.3,19.32777778,33.0,33.31666666666667,33.35,33.03333333333333,32.65,-15.148370386666665,-0.0685185033333333,0.0219999999999997,3.95,3.9546666666666663,19.204321000000004,3.91177777777778,5.4135785,5.4354873,5.524885,5.462636,5.4220114,0,0.0,0,1.0,-0.88,21.2,78.8
2023-03-05 16:15:00,431.756617944444,104.313049511112,104.335826383334,19.32777778,3.9546666666666663,32.65,2,5.1764362714980825,70.66250196097344,16,6,3,-0.8660254037844385,-0.5000000000000004,-0.7818314824680299,0.6234898018587334,1.0,6.123233995736766e-17,152.0,135.6875,158.3125,13.975,31.35,100.0,79.5,0.325,4.897177,0.0,3.525,19.183333346666664,33.0,33.0,33.31666666666667,33.35,32.5,-15.373111113333335,0.2074073933333373,-0.0173333333333332,3.972,3.874,19.212345685555555,3.958888888888891,5.4220114,5.4135785,5.4354873,5.524885,5.3513794,0,0.0,0,1.0,-0.83,19.6,80.4
2023-03-05 16:30:00,120.590731711112,79.202942888888,79.222386577776,19.183333346666664,3.874,32.5,2,5.1764362714980825,70.66250196097344,16,6,3,-0.8660254037844385,-0.5000000000000004,-0.7818314824680299,0.6234898018587334,1.0,6.123233995736766e-17,182.0,146.5625,157.60416666666666,14.65,33.5,100.0,78.0,0.25,4.877575,0.0,3.75,19.07222225,32.65,33.0,33.0,33.31666666666667,32.8,-15.309333346666664,-0.1444444333333372,-0.0806666666666666,3.9546666666666663,3.82,19.21049383777778,3.933555555555557,5.3513794,5.4220114,5.4135785,5.4354873,5.3655105,0,0.0,0,1.0,-0.87,20.8,79.2
2023-03-05 16:45:00,212.511777072218,156.309858455556,156.337357388888,19.07222225,3.82,32.8,2,5.1764362714980825,70.66250196097344,16,6,3,-0.8660254037844385,-0.5000000000000004,-0.7818314824680299,0.6234898018587334,1.0,6.123233995736766e-17,212.0,167.0,159.875,15.325,35.65,100.0,76.5,0.175,4.856118,0.0,3.975,19.36666668,32.5,32.65,33.0,33.0,32.35,-15.25222225,-0.111111096666665,-0.0540000000000002,3.874,3.843333333333333,19.19444445888889,3.882888888888891,5.3655105,5.3513794,5.4220114,5.4135785,5.384503,0,0.0,0,1.0,-0.89,21.7,78.3
2023-03-05 17:00:00,48.153073833332,11.296492555556,11.308714266668,19.36666668,3.843333333333333,32.35,1,5.1764362714980825,70.66250196097344,17,6,3,-0.9659258262890684,-0.2588190451025206,-0.7818314824680299,0.6234898018587334,1.0,6.123233995736766e-17,242.0,197.0,165.125,16.0,37.8,100.0,75.0,0.1,4.832762,0.0,4.2,19.23333336,32.8,32.5,32.65,33.0,32.05,-15.523333346666664,0.2944444299999986,0.0233333333333334,3.82,3.85,19.207407425555555,3.84577777777778,5.384503,5.3655105,5.3513794,5.4220114,5.2928534,0,0.0,1,1.0,-0.82,19.3,80.7
2023-03-05 17:15:00,124.223364233332,83.522492316666,83.54332483333201,19.23333336,3.85,32.05,2,5.1764362714980825,70.66250196097344,17,6,3,-0.9659258262890684,-0.2588190451025206,-0.7818314824680299,0.6234898018587334,1.0,6.123233995736766e-17,200.5,209.125,167.41666666666666,15.175,37.45,100.0,75.75,0.1,4.8245564,0.0,4.025,19.24814817333333,32.35,32.8,32.5,32.65,32.28333333333333,-15.38333336,-0.1333333199999984,0.0066666666666668,3.843333333333333,3.6986666666666665,19.22407409666667,3.83777777777778,5.2928534,5.384503,5.3655105,5.3513794,5.3360424,0,0.0,1,1.0,-0.86,20.5,79.5
2023-03-05 17:30:00,193.248103083334,136.63981195555598,136.664533216666,19.24814817333333,3.6986666666666665,32.28333333333333,2,5.1764362714980825,70.66250196097344,17,6,3,-0.9659258262890684,-0.2588190451025206,-0.7818314824680299,0.6234898018587334,1.0,6.123233995736766e-17,159.0,203.375,166.75,14.35,37.1,100.0,76.5,0.1,4.81581,0.0,3.85,19.43888889,32.05,32.35,32.8,32.5,31.65,-15.549481506666668,0.0148148133333343,-0.1513333333333335,3.85,3.626,19.28271607111111,3.797333333333335,5.3360424,5.2928534,5.384503,5.3655105,5.2904224,0,0.0,0,1.0,-0.85,20.3,79.7
2023-03-05 17:45:00,40.80309014444,0.0,0.0,19.43888889,3.626,31.65,0,5.1764362714980825,70.66250196097344,17,6,3,-0.9659258262890684,-0.2588190451025206,-0.7818314824680299,0.6234898018587334,1.0,6.123233995736766e-17,117.5,179.75,163.125,13.525,36.75,100.0,77.25,0.1,4.8065367,0.0,3.675,19.19999998333333,32.28333333333333,32.05,32.35,32.8,31.683333333333334,-15.812888889999998,0.1907407166666637,-0.0726666666666666,3.6986666666666665,3.693333333333333,19.30679014111111,3.724888888888891,5.2904224,5.3360424,5.2928534,5.384503,5.222034,1,1.0,1,0.75,-0.81,18.9,81.1
2023-03-05 18:00:00,142.776788566672,102.753389716666,102.7742222,19.19999998333333,3.693333333333333,31.683333333333334,2,5.1764362714980825,70.66250196097344,18,6,3,-1.0,-1.8369701987210294e-16,-0.7818314824680299,0.6234898018587334,1.0,6.123233995736766e-17,76.0,138.25,156.54166666666666,12.7,36.4,100.0,78.0,0.1,4.796747,0.0,3.5,19.24444445,31.65,32.28333333333333,32.05,32.35,32.0,-15.50666665,-0.2388889066666628,0.0673333333333334,3.626,3.8,19.29567901555556,3.672666666666669,5.222034,5.2904224,5.3360424,5.2928534,5.2880564,0,1.0,1,0.75,-0.87,20.8,79.2
2023-03-05 18:15:00,200.833355277776,106.172975111112,106.224084166668,19.24444445,3.8,32.0,2,5.1764362714980825,70.66250196097344,18,6,3,-1.0,-1.8369701987210294e-16,-0.7818314824680299,0.6234898018587334,1.0,6.123233995736766e-17,61.25,103.4375,149.41666666666666,12.525,34.225,100.0,78.75,0.05,4.7944775,0.0,3.35,19.372222206666667,31.683333333333334,31.65,32.28333333333333,32.05,32.0,-15.44444445,0.0444444666666647,0.1066666666666664,3.693333333333333,3.727333333333333,19.29444444111111,3.7064444444444464,5.2880564,5.222034,5.2904224,5.3360424,5.3279896,0,1.0,0,0.75,-0.85,20.4,79.6
2023-03-05 18:30:00,108.515659399992,0.0,0.0,19.372222206666667,3.727333333333333,32.0,0,5.1764362714980825,70.66250196097344,18,6,3,-1.0,-1.8369701987210294e-16,-0.7818314824680299,0.6234898018587334,1.0,6.123233995736766e-17,46.5,75.3125,141.75,12.35,32.05,100.0,79.5,0.0,4.791713,0.0,3.2,19.13333337,32.0,31.683333333333334,31.65,32.28333333333333,32.4,-15.644888873333333,0.1277777566666671,-0.0726666666666666,3.8,3.762,19.272222213333333,3.740222222222224,5.3279896,5.2880564,5.222034,5.2904224,5.3192134,1,2.0,1,0.5,-0.82,19.3,80.7
2023-03-05 18:45:00,221.193929788884,111.357489988888,111.437486838886,19.13333337,3.762,32.4,2,5.1764362714980825,70.66250196097344,18,6,3,-1.0,-1.8369701987210294e-16,-0.7818314824680299,0.6234898018587334,1.0,6.123233995736766e-17,31.75,53.875,133.54166666666666,12.175,29.875,100.0,80.25,-0.05,4.7884645,0.0,3.05,19.240740766666665,32.0,32.0,31.683333333333334,31.65,32.96666666666667,-15.37133337,-0.2388888366666677,0.0346666666666668,3.727333333333333,3.721333333333333,19.25000000888889,3.763111111111113,5.3192134,5.3279896,5.2880564,5.222034,5.446611,0,1.0,1,0.75,-0.88,21.2,78.8
2023-03-05 19:00:00,204.464599055548,74.25397415555601,74.328693449998,19.240740766666665,3.721333333333333,32.96666666666667,2,5.1764362714980825,70.66250196097344,19,6,3,-0.9659258262890684,0.2588190451025203,-0.7818314824680299,0.6234898018587334,1.0,6.123233995736766e-17,17.0,39.125,124.79166666666669,12.0,27.7,100.0,81.0,-0.1,4.7847395,0.0,2.9,19.28888891,32.4,32.0,32.0,31.683333333333334,32.7,-15.519407433333331,0.1074073966666659,-0.0406666666666666,3.762,3.6566666666666663,19.248765447777775,3.7368888888888905,5.446611,5.3192134,5.3279896,5.2880564,5.4178963,0,1.0,0,0.75,-0.85,20.2,79.8
2023-03-05 19:15:00,122.893695255552,15.114950927778,15.186059233332,19.28888891,3.6566666666666663,32.7,1,5.1764362714980825,70.66250196097344,19,6,3,-0.9659258262890684,0.2588190451025203,-0.7818314824680299,0.6234898018587334,1.0,6.123233995736766e-17,12.75,27.0,113.1875,12.575,27.075,99.75,81.25,-0.075,4.7914453,0.0,2.875,19.090740763333333,32.96666666666667,32.4,32.0,32.0,33.15,-15.632222243333334,0.0481481433333357,-0.0646666666666666,3.721333333333333,3.5973333333333333,19.22098768222222,3.713333333333335,5.4178963,5.446611,5.3192134,5.3279896,5.4286923,0,1.0,1,0.75,-0.84,19.9,80.1
2023-03-05 19:30:00,233.859534261106,127.031307444444,127.113526438886,19.090740763333333,3.5973333333333333,33.15,2,5.1764362714980825,70.66250196097344,19,6,3,-0.9659258262890684,0.2588190451025203,-0.7818314824680299,0.6234898018587334,1.0,6.123233995736766e-17,8.5,17.5,98.72916666666669,13.15,26.45,99.5,81.5,-0.05,4.7981114,0.0,2.85,19.3,32.7,32.96666666666667,32.4,32.0,33.1,-15.49340743,-0.1981481466666679,-0.0593333333333334,3.6566666666666663,3.594666666666667,19.206790146666663,3.6584444444444464,5.4286923,5.4178963,5.446611,5.3192134,5.4877596,0,0.0,1,1.0,-0.88,21.5,78.5
2023-03-05 19:45:00,179.240607938886,47.748089983334005,47.82114266111,19.3,3.594666666666667,33.1,1,5.1764362714980825,70.66250196097344,19,6,3,-0.9659258262890684,0.2588190451025203,-0.7818314824680299,0.6234898018587334,1.0,6.123233995736766e-17,4.249999999999998,10.625,81.41666666666667,13.725,25.825,99.25,81.75,-0.0249999999999999,4.8047414,0.0,2.825,19.25555553333333,33.15,32.7,32.96666666666667,32.4,32.71666666666667,-15.705333333333334,0.2092592366666679,-0.0026666666666663,3.5973333333333333,3.48,19.226543224444445,3.616222222222224,5.4877596,5.4286923,5.4178963,5.446611,5.410027,0,0.0,1,1.0,-0.83,19.7,80.3
2023-03-05 20:00:00,146.16054226111,33.199227511112,33.273668983334,19.25555553333333,3.48,32.71666666666667,1,5.1764362714980825,70.66250196097344,20,6,3,-0.8660254037844386,0.5000000000000001,-0.7818314824680299,0.6234898018587334,1.0,6.123233995736766e-17,0.0,6.375,61.25,14.3,25.2,99.0,82.0,-0.0,4.8113337,0.0,2.8,19.10000002,33.1,33.15,32.7,32.96666666666667,33.35,-15.775555533333332,-0.0444444666666683,-0.1146666666666669,3.594666666666667,3.3913333333333338,19.21543209888889,3.5573333333333355,5.410027,5.4877596,5.4286923,5.4178963,5.464426,0,0.0,0,1.0,-0.85,20.1,79.9
2023-03-05 20:15:00,237.232732544444,129.558428555556,129.641480783334,19.10000002,3.3913333333333338,33.35,2,5.1764362714980825,70.66250196097344,20,6,3,-0.8660254037844386,0.5000000000000001,-0.7818314824680299,0.6234898018587334,1.0,6.123233995736766e-17,0.0,3.1875,44.54166666666666,13.875,26.1,98.25,82.25,-0.2,4.745397,0.0,2.55,19.355555523333333,32.71666666666667,33.1,33.15,32.7,33.31666666666667,-15.708666686666666,-0.1555555133333328,-0.0886666666666662,3.48,3.374,19.218518517777778,3.488666666666669,5.464426,5.410027,5.4877596,5.4286923,5.5417743,0,0.0,1,1.0,-0.88,21.3,78.7
2023-03-05 20:30:00,157.871740511108,31.978720816666,32.050384699996,19.355555523333333,3.374,33.31666666666667,1,5.1764362714980825,70.66250196097344,20,6,3,-0.8660254037844386,0.5000000000000001,-0.7818314824680299,0.6234898018587334,1.0,6.123233995736766e-17,0.0,1.0624999999999996,31.291666666666668,13.45,27.0,97.5,82.5,-0.4,4.6801577,0.0,2.3,19.2722222,33.35,32.71666666666667,33.1,33.15,33.05,-15.981555523333332,0.2555555033333334,-0.0173333333333336,3.3913333333333338,3.4366666666666665,19.237037025555555,3.4151111111111128,5.5417743,5.464426,5.410027,5.4877596,5.4705143,0,0.0,1,1.0,-0.82,19.2,80.8
2023-03-05 20:45:00,166.109744277776,52.917605411112,52.989824788888,19.2722222,3.4366666666666665,33.05,1,5.1764362714980825,70.66250196097344,20,6,3,-0.8660254037844386,0.5000000000000001,-0.7818314824680299,0.6234898018587334,1.0,6.123233995736766e-17,0.0,0.0,21.5,13.025,27.9,96.75,82.75,-0.6000000000000001,4.6156077,0.0,2.05,19.16851853,33.31666666666667,33.35,32.71666666666667,33.1,33.28333333333333,-15.83555553333333,-0.0833333233333348,0.0626666666666664,3.374,3.6013333333333333,19.24259258111111,3.4006666666666683,5.4705143,5.5417743,5.464426,5.410027,5.475578,0,0.0,0,1.0,-0.84,19.9,80.1
2023-03-05 21:00:00,219.154844588888,117.4853004,117.5569642,19.16851853,3.6013333333333333,33.28333333333333,2,5.1764362714980825,70.66250196097344,21,6,3,-0.7071067811865477,0.7071067811865474,-0.7818314824680299,0.6234898018587334,1.0,6.123233995736766e-17,0.0,0.0,15.166666666666666,12.6,28.8,96.0,83.0,-0.8,4.5517454,0.0,1.8,19.3833333,33.05,33.31666666666667,33.35,32.71666666666667,32.3,-15.567185196666664,-0.1037036700000015,0.1646666666666667,3.4366666666666665,3.4566666666666666,19.265432084444445,3.470666666666668,5.475578,5.4705143,5.5417743,5.464426,5.381456,0,0.0,1,1.0,-0.86,20.8,79.2
2023-03-05 21:15:00,116.438675633332,0.0,0.0,19.3833333,3.4566666666666666,32.3,0,5.1764362714980825,70.66250196097344,21,6,3,-0.7071067811865477,0.7071067811865474,-0.7818314824680299,0.6234898018587334,1.0,6.123233995736766e-17,0.0,0.0,10.0625,12.7,28.075,77.0,83.25,-0.8250000000000001,4.5422683,0.0,1.725,19.164814826666667,33.28333333333333,33.05,33.31666666666667,33.35,32.18333333333333,-15.926666633333332,0.2148147700000038,-0.1446666666666667,3.6013333333333333,3.544666666666666,19.27469134333333,3.4982222222222235,5.381456,5.475578,5.4705143,5.5417743,5.293456,1,1.0,1,0.75,-0.82,19.2,80.8
2023-03-05 21:30:00,230.095518161106,118.122774916666,118.194160994442,19.164814826666667,3.544666666666666,32.18333333333333,2,5.1764362714980825,70.66250196097344,21,6,3,-0.7071067811865477,0.7071067811865474,-0.7818314824680299,0.6234898018587334,1.0,6.123233995736766e-17,0.0,0.0,6.1875,12.8,27.35,58.0,83.5,-0.8500000000000001,4.532756,0.0,1.65,19.3333333,32.3,33.28333333333333,33.05,33.31666666666667,32.1,-15.62014816,-0.2185184733333329,0.088,3.4566666666666666,3.5106666666666664,19.23888888555556,3.534222222222224,5.293456,5.381456,5.475578,5.4705143,5.3324194,0,1.0,1,0.75,-0.87,21.0,79.0
2023-03-05 21:45:00,168.234103650002,37.148514,37.2118448,19.3333333,3.5106666666666664,32.1,1,5.1764362714980825,70.66250196097344,21,6,3,-0.7071067811865477,0.7071067811865474,-0.7818314824680299,0.6234898018587334,1.0,6.123233995736766e-17,0.0,0.0,3.5416666666666665,12.9,26.625,39.0,83.75,-0.875,4.5232077,0.0,1.575,19.25925923333333,32.18333333333333,32.3,33.28333333333333,33.05,31.53333333333333,-15.822666633333334,0.1685184733333322,-0.0340000000000002,3.544666666666666,3.3793333333333333,19.293827142222224,3.504000000000002,5.3324194,5.293456,5.381456,5.475578,5.2154894,0,1.0,1,0.75,-0.83,19.6,80.4
2023-03-05 22:00:00,796.435363527778,72.000175411112,72.0229523,19.25925923333333,3.3793333333333333,31.53333333333333,2,5.1764362714980825,70.66250196097344,22,6,3,-0.5000000000000004,0.8660254037844384,-0.7818314824680299,0.6234898018587334,1.0,6.123233995736766e-17,0.0,0.0,2.125,13.0,25.9,20.0,84.0,-0.9,4.513625,0.0,1.5,19.21111109,32.1,32.18333333333333,32.3,33.28333333333333,31.8,-15.879925900000002,-0.0740740666666646,-0.131333333333333,3.5106666666666664,3.222,19.25246912,3.478222222222224,5.2154894,5.3324194,5.293456,5.381456,5.2446957,0,1.0,1,0.75,-0.85,20.3,79.7
2023-03-05 22:15:00,160.975782844448,99.646013983334,99.662957772222,19.21111109,3.222,31.8,2,5.1764362714980825,70.66250196097344,22,6,3,-0.5000000000000004,0.8660254037844384,-0.7818314824680299,0.6234898018587334,1.0,6.123233995736766e-17,0.0,0.0,1.0624999999999998,13.1,25.9,28.0,85.75,-1.0,4.491401,0.0,1.125,19.34814811333333,31.53333333333333,32.1,32.18333333333333,32.3,31.35,-15.98911109,-0.0481481433333357,-0.1573333333333333,3.3793333333333333,3.18,19.26790120777778,3.3706666666666685,5.2446957,5.2154894,5.3324194,5.293456,5.2123747,0,0.0,0,1.0,-0.86,20.7,79.3
2023-03-05 22:30:00,72.182390455552,23.943208949998,23.954041866664,19.34814811333333,3.18,31.35,1,5.1764362714980825,70.66250196097344,22,6,3,-0.5000000000000004,0.8660254037844384,-0.7818314824680299,0.6234898018587334,1.0,6.123233995736766e-17,0.0,0.0,0.3541666666666665,13.2,25.9,36.0,87.5,-1.1,4.467064,0.0,0.75,19.161111100000003,31.8,31.53333333333333,32.1,32.18333333333333,31.35,-16.16814811333333,0.1370370233333311,-0.0419999999999998,3.222,3.1893333333333334,19.27283947888889,3.260444444444446,5.2123747,5.2446957,5.2154894,5.3324194,5.155267,0,0.0,1,1.0,-0.83,19.6,80.4
2023-03-05 22:45:00,187.586385111112,132.1538803,132.176934977776,19.161111100000003,3.1893333333333334,31.35,2,5.1764362714980825,70.66250196097344,22,6,3,-0.5000000000000004,0.8660254037844384,-0.7818314824680299,0.6234898018587334,1.0,6.123233995736766e-17,0.0,0.0,0.0,13.3,25.9,44.0,89.25,-1.2000000000000002,4.4407206,0.0,0.375,19.34814816,31.35,31.8,31.53333333333333,32.1,31.316666666666663,-15.97177776666667,-0.1870370133333274,0.0093333333333331,3.18,3.072,19.240123434444445,3.197111111111113,5.155267,5.2123747,5.2446957,5.2154894,5.2068324,0,0.0,1,1.0,-0.88,21.2,78.8
2023-03-05 23:00:00,102.32979556111,54.095336083334,54.109779955556,19.34814816,3.072,31.316666666666663,1,5.1764362714980825,70.66250196097344,23,6,3,-0.2588190451025215,0.965925826289068,-0.7818314824680299,0.6234898018587334,1.0,6.123233995736766e-17,0.0,0.0,0.0,13.4,25.9,52.0,91.0,-1.3,4.412477,0.0,0.0,19.327777790000003,31.35,31.35,31.8,31.53333333333333,31.4,-16.27614816,0.1870370599999979,-0.1173333333333332,3.1893333333333334,3.0506666666666664,19.285802457777777,3.1471111111111134,5.2068324,5.155267,5.2123747,5.2446957,5.214431,0,0.0,1,1.0,-0.83,19.7,80.3
2023-03-05 23:15:00,125.22110220555,66.6931655,66.70872046111,19.327777790000003,3.0506666666666664,31.4,1,5.1764362714980825,70.66250196097344,23,6,3,-0.2588190451025215,0.965925826289068,-0.7818314824680299,0.6234898018587334,1.0,6.123233995736766e-17,0.0,0.0,0.0,13.325,25.9,61.0,91.5,-1.325,4.4062424,0.0,-0.1,19.22407407333333,31.316666666666663,31.35,31.35,31.8,31.966666666666665,-16.277111123333334,-0.0203703699999984,-0.0213333333333336,3.072,2.9806666666666666,19.27901235000001,3.104000000000001,5.214431,5.2068324,5.155267,5.2123747,5.276214,0,0.0,0,1.0,-0.84,19.8,80.2
2023-03-05 23:30:00,190.904030183334,135.938451144444,135.962339105554,19.22407407333333,2.9806666666666666,31.966666666666665,2,5.1764362714980825,70.66250196097344,23,6,3,-0.2588190451025215,0.965925826289068,-0.7818314824680299,0.6234898018587334,1.0,6.123233995736766e-17,0.0,0.0,0.0,13.25,25.9,70.0,92.0,-1.35,4.399859,0.0,-0.2,19.44444445,31.4,31.316666666666663,31.35,31.35,31.35,-16.243407406666666,-0.1037037166666685,-0.0699999999999998,3.0506666666666664,2.848,19.30000000777778,3.0344444444444463,5.276214,5.214431,5.2068324,5.155267,5.241989,0,0.0,1,1.0,-0.86,20.6,79.4
2023-03-05 23:45:00,261.541204550002,0.0,0.0,19.44444445,2.848,31.35,0,5.1764362714980825,70.66250196097344,23,6,3,-0.2588190451025215,0.965925826289068,-0.7818314824680299,0.6234898018587334,1.0,6.123233995736766e-17,0.0,0.0,0.0,13.175,25.9,79.0,92.5,-1.375,4.3933296,0.0,-0.3,19.251851876666667,31.966666666666665,31.4,31.316666666666663,31.35,31.65,-16.59644445,0.2203703766666649,-0.1326666666666667,2.9806666666666666,2.722666666666667,19.332098771111117,2.9597777777777794,5.241989,5.276214,5.214431,5.2068324,5.2325006,1,1.0,1,0.75,-0.81,18.9,81.1
2023-03-06 00:00:00,235.45835903889,120.176303872222,120.196858616666,19.251851876666667,2.722666666666667,31.65,2,5.1764362714980825,70.66250196097344,0,0,3,0.0,1.0,0.0,1.0,1.0,6.123233995736766e-17,0.0,0.0,0.0,13.1,25.9,88.0,93.0,-1.4,4.3866563,0.0,-0.4,19.366666650000003,31.35,31.966666666666665,31.4,31.316666666666663,31.6,-16.52918521,-0.1925925733333322,-0.1253333333333328,2.848,2.6766666666666667,19.306790133333333,2.8504444444444466,5.2325006,5.241989,5.276214,5.214431,5.25967,0,1.0,1,0.75,-0.85,20.4,79.6
2023-03-06 00:15:00,145.40696112222798,87.46066809999999,87.47872296111,19.366666650000003,2.6766666666666667,31.6,2,5.1764362714980825,70.66250196097344,0,0,3,0.0,1.0,0.0,1.0,1.0,6.123233995736766e-17,0.0,0.0,0.0,13.025,25.9,79.75,92.75,-1.45,4.3748646,0.0,-0.4,19.394444433333334,31.65,31.35,31.966666666666665,31.4,31.216666666666665,-16.689999983333337,0.114814773333336,-0.0460000000000002,2.722666666666667,2.7213333333333334,19.354320992222224,2.749111111111113,5.25967,5.2325006,5.241989,5.276214,5.204365,0,1.0,0,0.75,-0.83,19.4,80.6
2023-03-06 00:30:00,89.993900050002,41.925267388888,41.938044644444,19.394444433333334,2.7213333333333334,31.216666666666665,1,5.1764362714980825,70.66250196097344,0,0,3,0.0,1.0,0.0,1.0,1.0,6.123233995736766e-17,0.0,0.0,0.0,12.95,25.9,71.5,92.5,-1.5,4.363072,0.0,-0.4,19.24999998,31.6,31.65,31.35,31.966666666666665,31.5,-16.6731111,0.027777783333331,0.0446666666666666,2.6766666666666667,2.732,19.33765432,2.7068888888888907,5.204365,5.25967,5.2325006,5.241989,5.207134,0,1.0,1,0.75,-0.82,19.3,80.7
2023-03-06 00:45:00,202.4135698,145.89027523888998,145.914163150002,19.24999998,2.732,31.5,2,5.1764362714980825,70.66250196097344,0,0,3,0.0,1.0,0.0,1.0,1.0,6.123233995736766e-17,0.0,0.0,0.0,12.875,25.9,63.25,92.25,-1.55,4.3512797,0.0,-0.4,19.501851866666662,31.216666666666665,31.6,31.65,31.35,31.316666666666663,-16.51799998,-0.1444444533333353,0.0106666666666668,2.7213333333333334,2.73,19.33703702111111,2.710000000000002,5.207134,5.204365,5.25967,5.2325006,5.2541213,0,0.0,1,1.0,-0.86,20.4,79.6
2023-03-06 01:00:00,96.165042127778,33.308389844444,33.318111705554,19.501851866666662,2.73,31.316666666666663,1,5.1764362714980825,70.66250196097344,1,0,3,0.2588190451025207,0.9659258262890684,0.0,1.0,1.0,6.123233995736766e-17,0.0,0.0,0.0,12.8,25.9,55.0,92.0,-1.6,4.339488,0.0,-0.4,19.35000003,31.5,31.216666666666665,31.6,31.65,31.05,-16.771851866666665,0.2518518866666674,-0.0020000000000002,2.732,2.7033333333333336,19.38209876,2.72777777777778,5.2541213,5.207134,5.204365,5.25967,5.163058,0,0.0,1,1.0,-0.8,18.4,81.6
2023-03-06 01:15:00,119.4985532,74.5853498,74.600626988888,19.35000003,2.7033333333333336,31.05,2,5.1764362714980825,70.66250196097344,1,0,3,0.2588190451025207,0.9659258262890684,0.0,1.0,1.0,6.123233995736766e-17,0.0,0.0,0.0,12.7,25.825,47.0,92.75,-1.7000000000000002,4.3072696,0.0,-0.625,19.275925930000003,31.316666666666663,31.5,31.216666666666665,31.6,31.28333333333333,-16.646666696666667,-0.1518518366666654,-0.0266666666666663,2.73,2.553333333333333,19.367283958888887,2.72177777777778,5.163058,5.2541213,5.207134,5.204365,5.1792197,0,0.0,1,1.0,-0.83,19.7,80.3
2023-03-06 01:30:00,135.655406966664,86.720697666668,86.73458606111001,19.275925930000003,2.553333333333333,31.28333333333333,2,5.1764362714980825,70.66250196097344,1,0,3,0.2588190451025207,0.9659258262890684,0.0,1.0,1.0,6.123233995736766e-17,0.0,0.0,0.0,12.6,25.75,39.0,93.5,-1.8,4.274884,0.0,-0.8500000000000001,19.37777777,31.05,31.316666666666663,31.5,31.216666666666665,30.7,-16.72259259666667,-0.0740740999999971,-0.1500000000000003,2.7033333333333336,2.406,19.375925942222224,2.662222222222224,5.1792197,5.163058,5.2541213,5.207134,5.113211,0,0.0,0,1.0,-0.85,20.3,79.7
2023-03-06 01:45:00,89.16254447222201,25.19260333889,25.201769655556,19.37777777,2.406,30.7,1,5.1764362714980825,70.66250196097344,1,0,3,0.2588190451025207,0.9659258262890684,0.0,1.0,1.0,6.123233995736766e-17,0.0,0.0,0.0,12.5,25.675,31.0,94.25,-1.9,4.2423434,0.0,-1.075,19.15000000666667,31.28333333333333,31.05,31.316666666666663,31.5,30.966666666666665,-16.971777770000003,0.1018518399999983,-0.1473333333333331,2.553333333333333,2.307333333333333,19.334567910000004,2.554222222222224,5.113211,5.1792197,5.163058,5.2541213,5.0888953,0,0.0,1,1.0,-0.83,19.5,80.5
2023-03-06 02:00:00,170.662062111112,129.9814672,130.004244088888,19.15000000666667,2.307333333333333,30.966666666666665,2,5.1764362714980825,70.66250196097344,2,0,3,0.4999999999999999,0.8660254037844387,0.0,1.0,1.0,6.123233995736766e-17,0.0,0.0,0.0,12.4,25.6,23.0,95.0,-2.0,4.2096567,0.0,-1.3,19.34444443,30.7,31.28333333333333,31.05,31.316666666666663,30.65,-16.842666673333337,-0.2277777633333322,-0.0986666666666669,2.406,2.088,19.26790123555556,2.422222222222224,5.0888953,5.113211,5.1792197,5.163058,5.094878,0,0.0,1,1.0,-0.88,21.4,78.6
2023-03-06 02:15:00,61.358101011116,18.097887172222,18.109553355556,19.34444443,2.088,30.65,1,5.1764362714980825,70.66250196097344,2,0,3,0.4999999999999999,0.8660254037844387,0.0,1.0,1.0,6.123233995736766e-17,0.0,0.0,0.0,11.95,25.05,18.5,95.0,-2.175,4.158606,0.0,-1.475,19.22777778333333,30.966666666666665,30.7,31.28333333333333,31.05,30.683333333333334,-17.25644443,0.19444442333333,-0.2193333333333331,2.307333333333333,1.7986666666666666,19.29074073555556,2.2671111111111126,5.094878,5.0888953,5.113211,5.1792197,5.065498,0,0.0,1,1.0,-0.84,19.8,80.2
2023-03-06 02:30:00,163.377075805554,104.7391436,104.758309533332,19.22777778333333,1.7986666666666666,30.683333333333334,2,5.1764362714980825,70.66250196097344,2,0,3,0.4999999999999999,0.8660254037844387,0.0,1.0,1.0,6.123233995736766e-17,0.0,0.0,0.0,11.5,24.5,14.0,95.0,-2.35,4.1080995,0.0,-1.65,19.31111111,30.65,30.966666666666665,30.7,31.28333333333333,30.6,-17.429111116666668,-0.1166666466666654,-0.2893333333333334,2.088,1.7126666666666666,19.240740740000003,2.0646666666666684,5.065498,5.094878,5.0888953,5.113211,5.0765967,0,0.0,1,1.0,-0.86,20.8,79.2
2023-03-06 02:45:00,113.520181277776,68.422818544444,68.438929016666,19.31111111,1.7126666666666666,30.6,1,5.1764362714980825,70.66250196097344,2,0,3,0.4999999999999999,0.8660254037844387,0.0,1.0,1.0,6.123233995736766e-17,0.0,0.0,0.0,11.05,23.95,9.5,95.0,-2.5250000000000004,4.0581326,0.0,-1.825,19.338888876666665,30.683333333333334,30.65,30.966666666666665,30.7,30.216666666666665,-17.598444443333335,0.0833333266666684,-0.086,1.7986666666666666,1.6226666666666667,19.29444444111111,1.866444444444446,5.0765967,5.065498,5.094878,5.0888953,5.021204,0,0.0,1,1.0,-0.85,20.1,79.9
2023-03-06 03:00:00,89.804741049998,46.719242272222,46.73368616111,19.338888876666665,1.6226666666666667,30.216666666666665,1,5.1764362714980825,70.66250196097344,3,0,3,0.7071067811865476,0.7071067811865476,0.0,1.0,1.0,6.123233995736766e-17,0.0,0.0,0.0,10.6,23.4,5.0,95.0,-2.7,4.0087004,0.0,-2.0,19.19444447,30.6,30.683333333333334,30.65,30.966666666666665,30.5,-17.716222209999998,0.0277777666666629,-0.0899999999999998,1.7126666666666666,1.668,19.29259259,1.7113333333333351,5.021204,5.0765967,5.065498,5.094878,5.0253525,0,0.0,0,1.0,-0.84,19.9,80.1
2023-03-06 03:15:00,175.28409952222,122.0384516,122.061228488888,19.19444447,1.668,30.5,2,5.1764362714980825,70.66250196097344,3,0,3,0.7071067811865476,0.7071067811865476,0.0,1.0,1.0,6.123233995736766e-17,0.0,0.0,0.0,10.5,22.5,6.5,95.0,-2.9000000000000004,3.9528542,0.0,-2.2,19.38518515,30.216666666666665,30.6,30.683333333333334,30.65,30.316666666666663,-17.52644447,-0.1444444066666648,0.0453333333333332,1.6226666666666667,1.6173333333333335,19.28148148555556,1.6677777777777794,5.0253525,5.021204,5.0765967,5.065498,5.051567,0,0.0,1,1.0,-0.87,21.1,78.9
2023-03-06 03:30:00,54.343937188892,0.0,0.0,19.38518515,1.6173333333333335,30.316666666666663,0,5.1764362714980825,70.66250196097344,3,0,3,0.7071067811865476,0.7071067811865476,0.0,1.0,1.0,6.123233995736766e-17,0.0,0.0,0.0,10.4,21.6,8.0,95.0,-3.1,3.8976936,0.0,-2.4,19.18333332,30.5,30.216666666666665,30.6,30.683333333333334,30.35,-17.767851816666663,0.1907406799999975,-0.0506666666666664,1.668,1.454,19.30617283222222,1.636000000000002,5.051567,5.0253525,5.021204,5.0765967,4.9973655,1,1.0,1,0.75,-0.83,19.5,80.5
2023-03-06 03:45:00,156.795672405554,114.263484827778,114.285983977776,19.18333332,1.454,30.35,2,5.1764362714980825,70.66250196097344,3,0,3,0.7071067811865476,0.7071067811865476,0.0,1.0,1.0,6.123233995736766e-17,0.0,0.0,0.0,10.3,20.7,9.5,95.0,-3.3,3.8432095,0.0,-2.6,19.244444466666668,30.316666666666663,30.5,30.216666666666665,30.6,30.316666666666663,-17.72933332,-0.2018518299999989,-0.1633333333333335,1.6173333333333335,1.336,19.25432098,1.5797777777777795,4.9973655,5.051567,5.0253525,5.021204,5.0098825,0,1.0,1,0.75,-0.88,21.2,78.8
2023-03-06 04:00:00,118.079443233336,67.249809916666,67.265642583334,19.244444466666668,1.336,30.316666666666663,1,5.1764362714980825,70.66250196097344,4,0,3,0.8660254037844386,0.5000000000000001,0.0,1.0,1.0,6.123233995736766e-17,0.0,0.0,0.0,10.2,19.8,11.0,95.0,-3.5,3.789396,0.0,-2.8,19.24999999,30.35,30.316666666666663,30.5,30.216666666666665,30.05,-17.90844446666667,0.0611111466666685,-0.1180000000000001,1.454,1.3073333333333332,19.270987645555557,1.4691111111111128,5.0098825,4.9973655,5.051567,5.0253525,4.9674406,0,1.0,1,0.75,-0.86,20.7,79.3
2023-03-06 04:15:00,101.789261733328,51.492940233332,51.506550838886,19.24999999,1.3073333333333332,30.05,1,5.1764362714980825,70.66250196097344,4,0,3,0.8660254037844386,0.5000000000000001,0.0,1.0,1.0,6.123233995736766e-17,0.0,0.0,0.0,10.375,20.25,21.5,95.25,-3.55,3.7793071,0.0,-2.875,18.974074076666668,30.316666666666663,30.35,30.316666666666663,30.5,30.28333333333333,-17.942666656666667,0.0055555233333315,-0.0286666666666666,1.336,1.224,19.22592592555556,1.3657777777777795,4.9674406,5.0098825,4.9973655,5.051567,4.925221,0,1.0,0,0.75,-0.86,20.7,79.3
2023-03-06 04:30:00,136.847025916666,92.340195111112,92.358249972222,18.974074076666668,1.224,30.28333333333333,2,5.1764362714980825,70.66250196097344,4,0,3,0.8660254037844386,0.5000000000000001,0.0,1.0,1.0,6.123233995736766e-17,0.0,0.0,0.0,10.55,20.700000000000003,32.0,95.5,-3.6,3.7692065,0.0,-2.95,18.79999999,30.05,30.316666666666663,30.35,30.316666666666663,30.35,-17.750074076666667,-0.2759259133333316,-0.0833333333333332,1.3073333333333332,1.282,19.156172844444445,1.2891111111111129,4.925221,4.9674406,5.0098825,4.9973655,4.885567,0,0.0,1,1.0,-0.93,23.1,76.9
2023-03-06 04:45:00,180.14390523888198,128.99122906111,129.014561477776,18.79999999,1.282,30.35,2,5.1764362714980825,70.66250196097344,4,0,3,0.8660254037844386,0.5000000000000001,0.0,1.0,1.0,6.123233995736766e-17,0.0,0.0,0.0,10.725,21.15,42.5,95.75,-3.65,3.7590933,0.0,-3.025,19.10370369,30.28333333333333,30.05,30.316666666666663,30.35,30.316666666666663,-17.51799999,-0.1740740866666676,0.058,1.224,1.256,19.00802468555556,1.2711111111111129,4.885567,4.925221,4.9674406,5.0098825,4.9684987,0,0.0,0,1.0,-0.96,24.7,75.3
2023-03-06 05:00:00,110.265311494442,65.051008972222,65.06767502222,19.10370369,1.256,30.316666666666663,1,5.1764362714980825,70.66250196097344,5,0,3,0.9659258262890684,0.2588190451025207,0.0,1.0,1.0,6.123233995736766e-17,0.0,0.0,0.0,10.9,21.6,53.0,96.0,-3.7,3.7489698,0.0,-3.1,19.20000001,30.35,30.28333333333333,30.05,30.316666666666663,30.0,-17.84770369,0.3037036999999998,-0.026,1.282,1.1526666666666665,18.959259252222225,1.254000000000002,4.9684987,4.885567,4.925221,4.9674406,4.944588,0,0.0,1,1.0,-0.9,21.9,78.1
2023-03-06 05:15:00,107.166546516666,58.927365011112,58.9418089,19.20000001,1.1526666666666665,30.0,1,5.1764362714980825,70.66250196097344,5,0,3,0.9659258262890684,0.2588190451025207,0.0,1.0,1.0,6.123233995736766e-17,0.0,0.0,0.0,10.45,21.325000000000003,59.5,95.75,-3.825,3.7128348,0.0,-3.2,19.09259258666667,30.316666666666663,30.35,30.28333333333333,30.05,30.0,-18.04733334333333,0.0962963200000004,-0.1033333333333335,1.256,1.1333333333333333,19.03456789666667,1.230222222222224,4.944588,4.9684987,4.885567,4.925221,4.913379,0,0.0,0,1.0,-0.87,21.1,78.9
2023-03-06 05:30:00,165.368662705558,111.969409911112,111.9888536,19.09259258666667,1.1333333333333333,30.0,2,5.1764362714980825,70.66250196097344,5,0,3,0.9659258262890684,0.2588190451025207,0.0,1.0,1.0,6.123233995736766e-17,0.0,0.0,0.0,10.0,21.05,66.0,95.5,-3.95,3.6770008,0.0,-3.3,19.2722222,30.0,30.316666666666663,30.35,30.28333333333333,29.7,-17.959259253333336,-0.1074074233333313,-0.0193333333333332,1.1526666666666665,1.0553333333333332,19.132098762222224,1.1806666666666683,4.913379,4.944588,4.9684987,4.885567,4.916014,0,0.0,1,1.0,-0.9,22.1,77.9
2023-03-06 05:45:00,60.241479311104,18.4459288,18.453428533332,19.2722222,1.0553333333333332,29.7,1,5.1764362714980825,70.66250196097344,5,0,3,0.9659258262890684,0.2588190451025207,0.0,1.0,1.0,6.123233995736766e-17,0.0,0.0,0.0,9.55,20.775,72.5,95.25,-4.075,3.6414664,0.0,-3.4,19.07407411333333,30.0,30.0,30.316666666666663,30.35,29.966666666666665,-18.216888866666665,0.1796296133333292,-0.078,1.1333333333333333,0.8813333333333334,19.18827159888889,1.1137777777777795,4.916014,4.913379,4.944588,4.9684987,4.9025626,0,0.0,1,1.0,-0.86,20.6,79.4
2023-03-06 06:00:00,178.467027650002,125.105551127778,125.125272555556,19.07407411333333,0.8813333333333334,29.966666666666665,2,5.1764362714980825,70.66250196097344,6,0,3,1.0,6.123233995736766e-17,0.0,1.0,1.0,6.123233995736766e-17,0.0,0.0,0.0,9.1,20.5,79.0,95.0,-4.2,3.606228,0.0,-3.5,19.277777800000003,29.7,30.0,30.0,30.316666666666663,29.65,-18.19274078,-0.1981480866666629,-0.1739999999999998,1.0553333333333332,0.822,19.146296300000003,1.023333333333335,4.9025626,4.916014,4.913379,4.944588,4.909344,0,0.0,1,1.0,-0.9,22.2,77.8
2023-03-06 06:15:00,95.82088926111,41.759718427778,41.771940172222,19.277777800000003,0.822,29.65,1,5.1764362714980825,70.66250196097344,6,0,3,1.0,6.123233995736766e-17,0.0,1.0,1.0,6.123233995736766e-17,0.0,0.0,0.0,9.1,19.525,84.25,94.75,-4.35,3.5649455,0.0,-3.625,19.20370373333333,29.966666666666665,29.7,30.0,30.0,29.5,-18.455777800000003,0.2037036866666675,-0.0593333333333334,0.8813333333333334,0.836,19.208024704444448,0.9195555555555572,4.909344,4.9025626,4.916014,4.913379,4.8632402,0,0.0,1,1.0,-0.86,20.6,79.4
2023-03-06 06:30:00,121.829015777768,81.368134027778,81.386744433332,19.20370373333333,0.836,29.5,2,5.1764362714980825,70.66250196097344,6,0,3,1.0,6.123233995736766e-17,0.0,1.0,1.0,6.123233995736766e-17,0.0,0.0,0.0,9.1,18.55,89.5,94.5,-4.5,3.5240777,0.0,-3.75,19.19444444,29.65,29.966666666666665,29.7,30.0,29.45,-18.367703733333336,-0.0740740666666681,0.014,0.822,0.606,19.18518521555556,0.8464444444444462,4.8632402,4.909344,4.9025626,4.916014,4.8523483,0,0.0,1,1.0,-0.88,21.2,78.8
2023-03-06 06:45:00,141.086856333332,93.540147127778,93.559313044444,19.19444444,0.606,29.45,2,5.1764362714980825,70.66250196097344,6,0,3,1.0,6.123233995736766e-17,0.0,1.0,1.0,6.123233995736766e-17,0.0,0.0,0.0,9.1,17.575,94.75,94.25,-4.65,3.4836202,0.0,-3.875,19.327777763333334,29.5,29.65,29.966666666666665,29.7,29.03333333333333,-18.58844444,-0.0092592933333364,-0.2299999999999999,0.836,0.5933333333333334,19.225308657777777,0.7546666666666684,4.8523483,4.8632402,4.909344,4.9025626,4.82141,0,0.0,0,1.0,-0.88,21.3,78.7
2023-03-06 07:00:00,94.401223866664,35.989949227778,36.002726533332,19.327777763333334,0.5933333333333334,29.03333333333333,1,5.1764362714980825,70.66250196097344,7,0,3,0.9659258262890684,-0.2588190451025206,0.0,1.0,1.0,6.123233995736766e-17,0.0,0.0,0.0,9.1,16.6,100.0,94.0,-4.8,3.4435706,0.0,-4.0,19.1166667,29.45,29.5,29.65,29.966666666666665,29.35,-18.73444443,0.1333333233333355,-0.0126666666666666,0.606,0.8546666666666667,19.241975312222223,0.6784444444444463,4.82141,4.8523483,4.8632402,4.909344,4.8137517,0,0.0,1,1.0,-0.85,20.3,79.7
2023-03-06 07:15:00,182.510199333332,142.49513328333398,142.520410072222,19.1166667,0.8546666666666667,29.35,2,5.1764362714980825,70.66250196097344,7,0,3,0.9659258262890684,-0.2588190451025206,0.0,1.0,1.0,6.123233995736766e-17,1.75,0.4375,0.1458333333333333,8.925,16.5,99.75,93.75,-4.9,3.422188,0.0,-4.05,19.335185173333333,29.03333333333333,29.45,29.5,29.65,29.316666666666663,-18.262000033333333,-0.2111110633333339,0.2613333333333333,0.5933333333333334,1.2306666666666668,19.212962967777777,0.6846666666666685,4.8137517,4.82141,4.8523483,4.8632402,4.870587,0,0.0,1,1.0,-0.9,22.0,78.0
2023-03-06 07:30:00,46.378978166664,0.0,0.0,19.335185173333333,1.2306666666666668,29.316666666666663,0,5.1764362714980825,70.66250196097344,7,0,3,0.9659258262890684,-0.2588190451025206,0.0,1.0,1.0,6.123233995736766e-17,3.5,1.3125,0.4375,8.75,16.4,99.5,93.5,-5.0,3.4009094,0.0,-4.1,19.19444444,29.35,29.03333333333333,29.45,29.5,29.35,-18.104518506666665,0.2185184733333329,0.3760000000000001,0.8546666666666667,1.62,19.25987654555556,0.8928888888888906,4.870587,4.8137517,4.82141,4.8523483,4.835872,1,1.0,1,0.75,-0.85,20.1,79.9
2023-03-06 07:45:00,165.1675597,101.2501165,101.27039352222,19.19444444,1.62,29.35,2,5.1764362714980825,70.66250196097344,7,0,3,0.9659258262890684,-0.2588190451025206,0.0,1.0,1.0,6.123233995736766e-17,5.25,2.625,0.875,8.575,16.3,99.25,93.25,-5.1,3.3797338,0.0,-4.15,19.19259257333333,29.316666666666663,29.35,29.03333333333333,29.45,29.316666666666663,-17.574444439999997,-0.1407407333333346,0.3893333333333333,1.2306666666666668,1.8673333333333333,19.21543210444445,1.235111111111113,4.835872,4.870587,4.8137517,4.82141,4.8298526,0,1.0,1,0.75,-0.88,21.3,78.7
2023-03-06 08:00:00,137.908650249994,97.93997116111,97.961081433332,19.19259257333333,1.8673333333333333,29.316666666666663,2,5.1764362714980825,70.66250196097344,8,0,3,0.8660254037844387,-0.4999999999999998,0.0,1.0,1.0,6.123233995736766e-17,7.0,4.375,1.4583333333333333,8.4,16.2,99.0,93.0,-5.2,3.3586605,0.0,-4.2,19.4333333,29.35,29.316666666666663,29.35,29.03333333333333,29.0,-17.325259239999998,-0.0018518666666658,0.2473333333333334,1.62,2.0580000000000003,19.24074072888889,1.5726666666666684,4.8298526,4.835872,4.870587,4.8137517,4.845881,0,1.0,0,0.75,-0.88,21.3,78.7
2023-03-06 08:15:00,160.419138661106,120.392684116666,120.416294305554,19.4333333,2.0580000000000003,29.0,2,5.1764362714980825,70.66250196097344,8,0,3,0.8660254037844387,-0.4999999999999998,0.0,1.0,1.0,6.123233995736766e-17,33.25,12.25,4.229166666666667,7.675000000000001,16.025,99.25,92.75,-4.8,3.446532,0.0,-3.8,19.77407409,29.316666666666663,29.35,29.316666666666663,29.35,28.816666666666663,-17.3753333,0.2407407266666688,0.1906666666666667,1.8673333333333333,2.2706666666666666,19.27345677111111,1.8484444444444463,4.845881,4.8298526,4.835872,4.870587,4.912595,0,1.0,0,0.75,-0.83,19.4,80.6
2023-03-06 08:30:00,67.38758205556,0.0,0.0,19.77407409,2.2706666666666666,28.816666666666663,0,5.1764362714980825,70.66250196097344,8,0,3,0.8660254037844387,-0.4999999999999998,0.0,1.0,1.0,6.123233995736766e-17,59.50000000000001,26.25,9.1875,6.95,15.85,99.5,92.5,-4.4,3.5363324,0.0,-3.4000000000000004,20.24999998,29.0,29.316666666666663,29.35,29.316666666666663,28.1,-17.503407423333332,0.3407407899999981,0.2126666666666663,2.0580000000000003,2.1013333333333333,19.466666654444445,2.065333333333335,4.912595,4.845881,4.8298526,4.835872,4.9257894,1,1.0,1,0.75,-0.75,16.8,83.2
2023-03-06 08:45:00,87.225121872226,43.564646227778,43.5799234,20.24999998,2.1013333333333333,28.1,1,5.1764362714980825,70.66250196097344,8,0,3,0.8660254037844387,-0.4999999999999998,0.0,1.0,1.0,6.123233995736766e-17,85.75000000000001,46.37500000000001,16.333333333333336,6.225,15.675,99.75,92.25,-4.0,3.6280918,0.0,-3.0,20.488888886666665,28.816666666666663,29.0,29.316666666666663,29.35,27.716666666666665,-18.148666646666666,0.4759258899999992,-0.1693333333333333,2.2706666666666666,2.0966666666666667,19.81913579,2.143333333333335,4.9257894,4.912595,4.845881,4.8298526,4.9268374,0,1.0,1,0.75,-0.65,13.7,86.3
2023-03-06 09:00:00,144.935869,104.541651483334,104.563039511112,20.488888886666665,2.0966666666666667,27.716666666666665,2,5.1764362714980825,70.66250196097344,9,0,3,0.7071067811865476,-0.7071067811865475,0.0,1.0,1.0,6.123233995736766e-17,112.0,72.625,25.666666666666668,5.5,15.5,100.0,92.0,-3.6,3.7218454,0.0,-2.6,20.57222222,28.1,28.816666666666663,29.0,29.316666666666663,27.6,-18.39222222,0.2388889066666664,-0.0046666666666665,2.1013333333333333,2.1933333333333334,20.17098765222222,2.156222222222224,4.9268374,4.9257894,4.912595,4.845881,4.9299984,0,1.0,1,0.75,-0.59,12.4,87.6
2023-03-06 09:15:00,61.098667072222,0.0,0.0,20.57222222,2.1933333333333334,27.6,0,5.1764362714980825,70.66250196097344,9,0,3,0.7071067811865476,-0.7071067811865475,0.0,1.0,1.0,6.123233995736766e-17,153.5,102.6875,38.458333333333336,5.825,16.025,100.0,89.5,-3.4,3.7832398,0.0,-1.975,20.518518526666664,27.716666666666665,28.1,28.816666666666663,29.0,27.03333333333333,-18.378888886666665,0.0833333333333357,0.0966666666666666,2.0966666666666667,2.244,20.43703702888889,2.1304444444444464,4.9299984,4.9268374,4.9257894,4.912595,4.8136816,1,2.0,1,0.5,-0.57,11.9,88.1
2023-03-06 09:30:00,133.433829233328,83.992751255556,84.011361611112,20.518518526666664,2.244,27.03333333333333,2,5.1764362714980825,70.66250196097344,9,0,3,0.7071067811865476,-0.7071067811865475,0.0,1.0,1.0,6.123233995736766e-17,195.0,136.5625,54.708333333333336,6.15,16.55,100.0,87.0,-3.2,3.8417506,0.0,-1.35,20.411111100000003,27.6,27.716666666666665,28.1,28.816666666666663,27.3,-18.274518526666665,-0.0537036933333361,0.0506666666666668,2.1933333333333334,2.280666666666667,20.526543211111115,2.178000000000002,4.8136816,4.9299984,4.9268374,4.9257894,4.8307977,0,1.0,1,0.75,-0.59,12.3,87.7
2023-03-06 09:45:00,97.27833096111,57.306318772222,57.322429227778,20.411111100000003,2.280666666666667,27.3,1,5.1764362714980825,70.66250196097344,9,0,3,0.7071067811865476,-0.7071067811865475,0.0,1.0,1.0,6.123233995736766e-17,236.5,174.25,74.41666666666667,6.475,17.075000000000003,100.0,84.5,-3.0,3.8970428,0.0,-0.7250000000000001,20.42037035,27.03333333333333,27.6,27.716666666666665,28.1,27.03333333333333,-18.130444433333334,-0.1074074266666613,0.0366666666666666,2.244,2.462,20.500617282222223,2.239333333333335,4.8307977,4.8136816,4.9299984,4.9268374,4.7861958,0,1.0,1,0.75,-0.61,12.9,87.1
2023-03-06 10:00:00,249.673623722224,19.66365783889,19.675879550002,20.42037035,2.462,27.03333333333333,1,5.1764362714980825,70.66250196097344,10,0,3,0.4999999999999999,-0.8660254037844387,0.0,1.0,1.0,6.123233995736766e-17,278.0,215.75,97.58333333333331,6.8,17.6,100.0,82.0,-2.8,3.9487631,0.0,-0.1,20.305555570000003,27.3,27.03333333333333,27.6,27.716666666666665,27.45,-17.95837035,0.0092592499999959,0.1813333333333333,2.280666666666667,2.630666666666667,20.44999999222222,2.328888888888891,4.7861958,4.8307977,4.8136816,4.9299984,4.827493,0,1.0,0,0.75,-0.61,12.9,87.1
2023-03-06 10:15:00,1345.831164633332,127.577118927778,127.600729083334,20.305555570000003,2.630666666666667,27.45,2,5.1764362714980825,70.66250196097344,10,0,3,0.4999999999999999,-0.8660254037844387,0.0,1.0,1.0,6.123233995736766e-17,309.75,254.8125,123.25,7.075,19.05,100.0,79.0,-3.05,3.8837218,0.0,0.2,20.26666664333333,27.03333333333333,27.3,27.03333333333333,27.6,28.25,-17.674888903333336,-0.1148147799999961,0.1686666666666667,2.462,2.764,20.379012340000003,2.45777777777778,4.827493,4.7861958,4.8307977,4.8136816,4.956909,0,0.0,1,1.0,-0.64,13.5,86.5
2023-03-06 10:30:00,904.943800700004,0.0,0.0,20.26666664333333,2.764,28.25,0,5.1764362714980825,70.66250196097344,10,0,3,0.4999999999999999,-0.8660254037844387,0.0,1.0,1.0,6.123233995736766e-17,341.5,291.4375,151.41666666666666,7.35,20.5,100.0,76.0,-3.3,3.814045,0.0,0.5000000000000001,20.32777775,27.45,27.03333333333333,27.3,27.03333333333333,28.05,-17.502666643333335,-0.0388889266666687,0.1333333333333333,2.630666666666667,2.732666666666667,20.33086418777778,2.618888888888891,4.956909,4.827493,4.7861958,4.8307977,4.9394183,1,1.0,1,0.75,-0.64,13.6,86.4
2023-03-06 10:45:00,98.180517055556,43.358543322224,43.3724317,20.32777775,2.732666666666667,28.05,1,5.1764362714980825,70.66250196097344,10,0,3,0.4999999999999999,-0.8660254037844387,0.0,1.0,1.0,6.123233995736766e-17,373.25,325.625,182.08333333333331,7.625,21.95,100.0,73.0,-3.55,3.7395864,0.0,0.8000000000000002,20.2814815,28.25,27.45,27.03333333333333,27.3,29.2,-17.595111083333332,0.0611111066666651,-0.0313333333333334,2.764,2.767333333333333,20.29999998777778,2.709111111111113,4.9394183,4.956909,4.827493,4.7861958,5.128039,0,1.0,1,0.75,-0.63,13.3,86.7
2023-03-06 11:00:00,153.505803988888,106.802116627778,106.825171272222,20.2814815,2.767333333333333,29.2,2,5.1764362714980825,70.66250196097344,11,0,3,0.258819045102521,-0.9659258262890682,0.0,1.0,1.0,6.123233995736766e-17,405.0,357.375,215.25,7.9,23.4,100.0,70.0,-3.8,3.660198,0.0,1.1,20.41111109,28.05,28.25,27.45,27.03333333333333,30.4,-17.514148166666665,-0.046296250000001,0.0346666666666664,2.732666666666667,2.865333333333333,20.29197529777778,2.754666666666669,5.128039,4.9394183,4.956909,4.827493,5.3793497,0,1.0,1,0.75,-0.63,13.4,86.6
2023-03-06 11:15:00,360.782234899996,0.0,0.0,20.41111109,2.865333333333333,30.4,0,5.1764362714980825,70.66250196097344,11,0,3,0.258819045102521,-0.9659258262890682,0.0,1.0,1.0,6.123233995736766e-17,408.5,382.0625,246.52083333333331,7.975,23.125,100.0,68.25,-3.975,3.611553,0.0,1.275,20.538888863333334,29.2,28.05,28.25,27.45,29.566666666666663,-17.54577775666667,0.1296295900000039,0.0980000000000003,2.767333333333333,3.031333333333333,20.340123446666663,2.7884444444444463,5.3793497,5.128039,4.9394183,4.956909,5.2710376,1,2.0,1,0.5,-0.59,12.4,87.6
2023-03-06 11:30:00,626.122454033336,21.930233872222,21.946066605554,20.538888863333334,3.031333333333333,29.566666666666663,1,5.1764362714980825,70.66250196097344,11,0,3,0.258819045102521,-0.9659258262890682,0.0,1.0,1.0,6.123233995736766e-17,412.0,399.6875,275.8958333333333,8.05,22.85,100.0,66.5,-4.15,3.5611484,0.0,1.4500000000000002,20.27777775,30.4,29.2,28.05,28.25,30.9,-17.50755553,0.1277777733333316,0.1659999999999999,2.865333333333333,3.282,20.41049381777778,2.8880000000000017,5.2710376,5.3793497,5.128039,4.9394183,5.4254155,0,1.0,1,0.75,-0.57,11.8,88.2
2023-03-06 11:45:00,258.94908603889,65.117117444444,65.136838905554,20.27777775,3.282,30.9,1,5.1764362714980825,70.66250196097344,11,0,3,0.258819045102521,-0.9659258262890682,0.0,1.0,1.0,6.123233995736766e-17,415.5,410.25,303.375,8.125,22.575,100.0,64.75,-4.325,3.508954,0.0,1.625,20.07777777,29.566666666666663,30.4,29.2,28.05,31.866666666666667,-16.99577775,-0.2611111133333352,0.2506666666666661,3.031333333333333,3.282666666666666,20.40925923444445,3.059555555555557,5.4254155,5.2710376,5.3793497,5.128039,5.530086,0,1.0,0,0.75,-0.62,13.1,86.9
2023-03-06 12:00:00,1032.437034183334,0.0,0.0,20.07777777,3.282666666666666,31.866666666666667,0,5.1764362714980825,70.66250196097344,12,0,3,1.2246467991473532e-16,-1.0,0.0,1.0,1.0,6.123233995736766e-17,419.0,413.75,328.9583333333333,8.2,22.3,100.0,63.0,-4.5,3.4549394,0.0,1.8,19.8722222,30.9,29.566666666666663,30.4,29.2,32.15,-16.795111103333333,-0.1999999799999976,0.0006666666666665,3.282,3.293333333333333,20.29814812777778,3.198666666666668,5.530086,5.4254155,5.2710376,5.3793497,5.5124884,1,2.0,1,0.5,-0.66,14.2,85.8
2023-03-06 12:15:00,49.84161733889,0.0,0.0,19.8722222,3.293333333333333,32.15,0,5.1764362714980825,70.66250196097344,12,0,3,1.2246467991473532e-16,-1.0,0.0,1.0,1.0,6.123233995736766e-17,422.0,417.125,351.3333333333333,8.2,22.925,100.0,61.25,-4.75,3.3933167,0.0,1.95,19.709259256666662,31.866666666666667,30.9,29.566666666666663,30.4,31.816666666666663,-16.578888866666667,-0.2055555700000013,0.0106666666666672,3.282666666666666,3.375333333333333,20.07592590666667,3.2860000000000014,5.5124884,5.530086,5.4254155,5.2710376,5.403439,0,2.0,0,0.5,-0.71,15.5,84.5
2023-03-06 12:30:00,114.837350805554,82.6350278,82.655582544444,19.709259256666662,3.375333333333333,31.816666666666663,2,5.1764362714980825,70.66250196097344,12,0,3,1.2246467991473532e-16,-1.0,0.0,1.0,1.0,6.123233995736766e-17,425.0,420.375,370.5,8.2,23.55,100.0,59.5,-5.0,3.330031,0.0,2.1,19.73888889,32.15,31.866666666666667,30.9,29.566666666666663,31.75,-16.333925923333332,-0.1629629433333335,0.0819999999999994,3.293333333333333,3.7186666666666666,19.886419742222223,3.3171111111111125,5.403439,5.5124884,5.530086,5.4254155,5.4015017,0,2.0,1,0.5,-0.75,16.8,83.2
2023-03-06 12:45:00,110.780568633332,69.31139411666601,69.329726733332,19.73888889,3.7186666666666666,31.75,1,5.1764362714980825,70.66250196097344,12,0,3,1.2246467991473532e-16,-1.0,0.0,1.0,1.0,6.123233995736766e-17,428.0,423.5,386.4583333333333,8.2,24.175,100.0,57.75,-5.25,3.2650554,0.0,2.25,20.19629632,31.816666666666663,32.15,31.866666666666667,30.9,30.7,-16.02022222333333,0.0296296333333323,0.3433333333333337,3.375333333333333,3.77,19.773456782222222,3.4624444444444458,5.4015017,5.403439,5.5124884,5.530086,5.3646894,0,2.0,1,0.5,-0.74,16.6,83.4
2023-03-06 13:00:00,52.91260562777801,0.0,0.0,20.19629632,3.77,30.7,0,5.1764362714980825,70.66250196097344,13,0,3,-0.2588190451025208,-0.9659258262890684,0.0,1.0,1.0,6.123233995736766e-17,431.0,426.5,399.2083333333333,8.2,24.8,100.0,56.0,-5.5,3.1983685,0.0,2.4,20.661111100000003,31.75,31.816666666666663,32.15,31.866666666666667,29.25,-16.42629632,0.4574074299999999,0.0513333333333334,3.7186666666666666,4.068,19.88148148888889,3.621333333333335,5.3646894,5.4015017,5.403439,5.5124884,5.251862,1,2.0,1,0.5,-0.64,13.7,86.3
2023-03-06 13:15:00,52.70261397778,20.470014466668,20.483625022224,20.661111100000003,4.068,29.25,1,5.1764362714980825,70.66250196097344,13,0,3,-0.2588190451025208,-0.9659258262890684,0.0,1.0,1.0,6.123233995736766e-17,451.25,433.8125,411.0,8.45,24.8,100.0,53.75,-5.875,3.1063282,0.0,2.575,20.774074093333333,30.7,31.75,31.816666666666663,32.15,28.53333333333333,-16.5931111,0.4648147800000046,0.2979999999999996,3.77,4.451333333333333,20.198765436666665,3.852222222222224,5.251862,5.3646894,5.4015017,5.403439,5.156994,0,1.0,1,0.75,-0.54,11.2,88.8
2023-03-06 13:30:00,157.741190083334,120.491569011112,120.516568027778,20.774074093333333,4.451333333333333,28.53333333333333,2,5.1764362714980825,70.66250196097344,13,0,3,-0.2588190451025208,-0.9659258262890684,0.0,1.0,1.0,6.123233995736766e-17,471.5,445.4375,421.8333333333333,8.7,24.8,100.0,51.5,-6.25,3.0115988,0.0,2.75,20.84999999,29.25,30.7,31.75,31.816666666666663,28.4,-16.32274076,0.1129629933333298,0.3833333333333337,4.068,4.3613333333333335,20.54382717111111,4.096444444444447,5.156994,5.251862,5.3646894,5.4015017,5.1556225,0,1.0,1,0.75,-0.52,10.7,89.3
2023-03-06 13:45:00,75.64364088333001,22.4799341,22.4932669,20.84999999,4.3613333333333335,28.4,1,5.1764362714980825,70.66250196097344,13,0,3,-0.2588190451025208,-0.9659258262890684,0.0,1.0,1.0,6.123233995736766e-17,491.75,461.375,431.7083333333333,8.95,24.8,100.0,49.25,-6.625,2.9141347,0.0,2.925,21.225925946666667,28.53333333333333,29.25,30.7,31.75,27.383333333333333,-16.488666656666666,0.0759258966666678,-0.0899999999999998,4.451333333333333,4.446666666666667,20.761728394444447,4.293555555555558,5.1556225,5.156994,5.251862,5.3646894,5.0808005,0,1.0,1,0.75,-0.51,10.3,89.7
2023-03-06 14:00:00,36.249105444448,0.0,0.0,21.225925946666667,4.446666666666667,27.383333333333333,0,5.1764362714980825,70.66250196097344,14,0,3,-0.4999999999999997,-0.8660254037844388,0.0,1.0,1.0,6.123233995736766e-17,512.0,481.625,440.625,9.2,24.8,100.0,47.0,-7.0,2.8138907,0.0,3.1,21.5166667,28.4,28.53333333333333,29.25,30.7,26.6,-16.779259279999998,0.3759259566666664,0.0853333333333337,4.3613333333333335,4.8886666666666665,20.95000001,4.419777777777779,5.0808005,5.1556225,5.156994,5.251862,5.0192933,1,1.0,1,0.75,-0.42,8.8,91.2
2023-03-06 14:15:00,77.217466727778,41.438342433332,41.4541751,21.5166667,4.8886666666666665,26.6,1,5.1764362714980825,70.66250196097344,14,0,3,-0.4999999999999997,-0.8660254037844388,0.0,1.0,1.0,6.123233995736766e-17,516.0,497.8125,449.5833333333333,8.95,25.075,75.0,45.5,-7.35,2.7470295,0.0,3.225,21.70000003,27.383333333333333,28.4,28.53333333333333,29.25,26.03333333333333,-16.628000033333333,0.2907407533333312,0.4419999999999993,4.446666666666667,4.908666666666667,21.197530878888887,4.565555555555558,5.0192933,5.0808005,5.1556225,5.156994,4.964721,0,1.0,1,0.75,-0.36,7.7,92.3
2023-03-06 14:30:00,159.0978025,107.1232149,107.145714,21.70000003,4.908666666666667,26.03333333333333,2,5.1764362714980825,70.66250196097344,14,0,3,-0.4999999999999997,-0.8660254037844388,0.0,1.0,1.0,6.123233995736766e-17,520.0,509.9375,458.5833333333333,8.7,25.35,50.0,44.0,-7.7,2.678819,0.0,3.35,21.8111111,26.6,27.383333333333333,28.4,28.53333333333333,25.95,-16.791333363333337,0.1833333300000035,0.0200000000000004,4.8886666666666665,4.740666666666667,21.480864225555557,4.748000000000002,4.964721,5.0192933,5.0808005,5.1556225,4.9806933,0,1.0,1,0.75,-0.32,7.2,92.8
2023-03-06 14:45:00,38.987329344444,0.0,0.0,21.8111111,4.740666666666667,25.95,0,5.1764362714980825,70.66250196097344,14,0,3,-0.4999999999999997,-0.8660254037844388,0.0,1.0,1.0,6.123233995736766e-17,524.0,518.0,467.625,8.45,25.625,25.0,42.5,-8.05,2.6092436,0.0,3.475,21.67962964,26.03333333333333,26.6,27.383333333333333,28.4,25.35,-17.070444433333336,0.1111110699999997,-0.1680000000000001,4.908666666666667,4.980666666666667,21.675925943333336,4.846000000000001,4.9806933,4.964721,5.0192933,5.0808005,4.8287196,1,2.0,1,0.5,-0.3,6.8,93.2
2023-03-06 15:00:00,70.229135155556,19.9342026,19.948090944444,21.67962964,4.980666666666667,25.35,1,5.1764362714980825,70.66250196097344,15,0,3,-0.7071067811865471,-0.7071067811865479,0.0,1.0,1.0,6.123233995736766e-17,528.0,522.0,476.7083333333333,8.2,25.9,0.0,41.0,-8.4,2.538287,0.0,3.6,21.20555555,25.95,26.03333333333333,26.6,27.383333333333333,25.1,-16.69896297333333,-0.1314814600000033,0.2400000000000002,4.740666666666667,5.022,21.730246923333336,4.876666666666669,4.8287196,4.9806933,4.964721,5.0192933,4.6516423,0,1.0,1,0.75,-0.33,7.3,92.7
2023-03-06 15:15:00,441.10291067778,116.955599372222,116.9803206,21.20555555,5.022,25.1,2,5.1764362714980825,70.66250196097344,15,0,3,-0.7071067811865471,-0.7071067811865479,0.0,1.0,1.0,6.123233995736766e-17,537.0,527.25,486.2916666666667,8.45,26.45,1.0,40.5,-8.525,2.511526,0.0,3.625,20.862962976666665,25.35,25.95,26.03333333333333,26.6,25.566666666666663,-16.18355555,-0.4740740899999984,0.0413333333333332,4.980666666666667,4.807333333333333,21.56543209666667,4.914444444444446,4.6516423,4.8287196,4.9806933,4.964721,4.644771,0,1.0,1,0.75,-0.44,9.1,90.9
2023-03-06 15:30:00,79.74153246111,39.6167486,39.632025772222,20.862962976666665,4.807333333333333,25.566666666666663,1,5.1764362714980825,70.66250196097344,15,0,3,-0.7071067811865471,-0.7071067811865479,0.0,1.0,1.0,6.123233995736766e-17,546.0,533.75,496.375,8.7,27.0,2.0,40.0,-8.65,2.4846678,0.0,3.65,20.59444448,25.1,25.35,25.95,26.03333333333333,25.0,-16.055629643333333,-0.3425925733333343,-0.214666666666667,5.022,4.9366666666666665,21.249382722222222,4.936666666666668,4.644771,4.6516423,4.8287196,4.9806933,4.471366,0,1.0,1,0.75,-0.52,10.6,89.4
2023-03-06 15:45:00,67.998390972226,29.454932855556,29.470210011112,20.59444448,4.9366666666666665,25.0,1,5.1764362714980825,70.66250196097344,15,0,3,-0.7071067811865471,-0.7071067811865479,0.0,1.0,1.0,6.123233995736766e-17,555.0,541.5,506.9583333333333,8.95,27.55,3.0,39.5,-8.775,2.4577115,0.0,3.675,20.275925933333333,25.566666666666663,25.1,25.35,25.95,25.183333333333334,-15.657777813333333,-0.2685184966666654,0.1293333333333333,4.807333333333333,5.03,20.88765433555556,4.9220000000000015,4.471366,4.644771,4.6516423,4.8287196,4.4212046,0,0.0,0,1.0,-0.58,12.1,87.9
2023-03-06 16:00:00,165.93891774444398,126.687987827778,126.712986844444,20.275925933333333,5.03,25.183333333333334,2,5.1764362714980825,70.66250196097344,16,0,3,-0.8660254037844385,-0.5000000000000004,0.0,1.0,1.0,6.123233995736766e-17,564.0,550.5,518.0416666666666,9.2,28.1,4.0,39.0,-8.9,2.4306571,0.0,3.7,20.28333331,25.0,25.566666666666663,25.1,25.35,25.4,-15.245925933333332,-0.3185185466666667,0.0933333333333337,4.9366666666666665,4.854,20.577777796666663,4.924666666666668,4.4212046,4.471366,4.644771,4.6516423,4.461174,0,0.0,1,1.0,-0.66,14.0,86.0
2023-03-06 16:15:00,71.347979200004,27.2630761,27.277797744444,20.28333331,4.854,25.4,1,5.1764362714980825,70.66250196097344,16,0,3,-0.8660254037844385,-0.5000000000000004,0.0,1.0,1.0,6.123233995736766e-17,525.75,547.6875,524.25,9.325,27.65,27.75,39.0,-9.075,2.4064095,0.0,3.5500000000000003,20.075925946666665,25.183333333333334,25.0,25.566666666666663,25.1,24.566666666666663,-15.42933331,0.0074073766666664,-0.1760000000000001,5.03,4.633333333333334,20.38456790777778,4.940222222222224,4.461174,4.4212046,4.471366,4.644771,4.262795,0,0.0,1,1.0,-0.65,14.0,86.0
2023-03-06 16:30:00,88.531736355556,48.734717183334,48.752494272222,20.075925946666665,4.633333333333334,24.566666666666663,1,5.1764362714980825,70.66250196097344,16,0,3,-0.8660254037844385,-0.5000000000000004,0.0,1.0,1.0,6.123233995736766e-17,487.5,533.0625,525.5833333333334,9.45,27.200000000000003,51.5,39.0,-9.25,2.382373,0.0,3.4000000000000004,19.87222221,25.4,25.183333333333334,25.0,25.566666666666663,25.2,-15.442592613333332,-0.2074073633333348,-0.2206666666666663,4.854,4.430666666666667,20.21172839666667,4.839111111111113,4.262795,4.461174,4.4212046,4.471366,4.320831,0,0.0,0,1.0,-0.7,15.4,84.6
2023-03-06 16:45:00,172.160613316666,133.5263254,133.552435488888,19.87222221,4.430666666666667,25.2,2,5.1764362714980825,70.66250196097344,16,0,3,-0.8660254037844385,-0.5000000000000004,0.0,1.0,1.0,6.123233995736766e-17,449.25,506.625,522.0416666666666,9.575,26.75,75.25,39.0,-9.425,2.3585472,0.0,3.25,20.040740780000004,24.566666666666663,25.4,25.183333333333334,25.0,25.133333333333333,-15.441555543333331,-0.2037037366666645,-0.2026666666666665,4.633333333333334,4.2733333333333325,20.07716048888889,4.639333333333336,4.320831,4.262795,4.461174,4.4212046,4.3521504,0,0.0,1,1.0,-0.75,16.7,83.3
2023-03-06 17:00:00,68.732250566668,29.530207627778,29.544373711112,20.040740780000004,4.2733333333333325,25.133333333333333,1,5.1764362714980825,70.66250196097344,17,0,3,-0.9659258262890684,-0.2588190451025206,0.0,1.0,1.0,6.123233995736766e-17,411.0,468.375,513.625,9.7,26.3,99.0,39.0,-9.6,2.3349304,0.0,3.1,19.84444447,25.2,24.566666666666663,25.4,25.183333333333334,24.55,-15.76740744666667,0.1685185700000033,-0.1573333333333346,4.430666666666667,3.9093333333333335,19.996296312222224,4.44577777777778,4.3521504,4.320831,4.262795,4.461174,4.202532,0,0.0,1,1.0,-0.71,15.6,84.4
2023-03-06 17:15:00,100.103495583338,54.815307283334,54.831695527778,19.84444447,3.9093333333333335,24.55,1,5.1764362714980825,70.66250196097344,17,0,3,-0.9659258262890684,-0.2588190451025206,0.0,1.0,1.0,6.123233995736766e-17,361.5,427.3125,500.75,9.075,26.025,99.25,42.25,-9.1,2.4540944,0.0,2.65,19.683333336666667,25.133333333333333,25.2,24.566666666666663,25.4,24.966666666666665,-15.935111136666666,-0.1962963100000045,-0.363999999999999,4.2733333333333325,3.47,19.919135820000005,4.204444444444445,4.202532,4.3521504,4.320831,4.262795,4.2336526,0,0.0,0,1.0,-0.76,17.1,82.9
2023-03-06 17:30:00,186.244494388888,148.449061816666,148.476560766664,19.683333336666667,3.47,24.966666666666665,2,5.1764362714980825,70.66250196097344,17,0,3,-0.9659258262890684,-0.2588190451025206,0.0,1.0,1.0,6.123233995736766e-17,312.0,383.4375,483.4166666666667,8.45,25.75,99.5,45.5,-8.6,2.5637844,0.0,2.2,19.88333331,24.55,25.133333333333333,25.2,24.566666666666663,24.65,-16.21333333666667,-0.1611111333333319,-0.4393333333333338,3.9093333333333335,3.215333333333333,19.856172862222223,3.884222222222224,4.2336526,4.202532,4.3521504,4.320831,4.229281,0,0.0,1,1.0,-0.79,18.2,81.8
2023-03-06 17:45:00,56.101922383338,22.874085,22.887417783334,19.88333331,3.215333333333333,24.65,1,5.1764362714980825,70.66250196097344,17,0,3,-0.9659258262890684,-0.2588190451025206,0.0,1.0,1.0,6.123233995736766e-17,262.5,336.75,461.625,7.825,25.475,99.75,48.75,-8.1,2.6644063,0.0,1.7500000000000002,19.73888888333333,24.966666666666665,24.55,25.133333333333333,25.2,24.5,-16.667999976666668,0.1999999733333339,-0.2546666666666666,3.47,2.96,19.80370370555556,3.5315555555555576,4.229281,4.2336526,4.202532,4.3521504,4.1680884,0,0.0,1,1.0,-0.75,16.8,83.2
2023-03-06 18:00:00,114.475143044444,62.684436955556,62.701380711112,19.73888888333333,2.96,24.5,1,5.1764362714980825,70.66250196097344,18,0,3,-1.0,-1.8369701987210294e-16,0.0,1.0,1.0,6.123233995736766e-17,213.0,287.25,435.375,7.2,25.2,100.0,52.0,-7.6,2.7563522,0.0,1.3,19.57777782,24.65,24.966666666666665,24.55,25.133333333333333,24.85,-16.778888883333334,-0.1444444266666664,-0.2553333333333332,3.215333333333333,2.678,19.768518510000003,3.215111111111113,4.1680884,4.229281,4.2336526,4.202532,4.1878276,0,0.0,0,1.0,-0.78,17.9,82.1
2023-03-06 18:15:00,172.185890055556,134.942379888888,134.966823327778,19.57777782,2.678,24.85,2,5.1764362714980825,70.66250196097344,18,0,3,-1.0,-1.8369701987210294e-16,0.0,1.0,1.0,6.123233995736766e-17,169.25,239.1875,404.7291666666667,7.175,23.225,100.0,56.0,-7.25,2.8540308,0.0,0.7250000000000001,19.783333336666665,24.5,24.65,24.966666666666665,24.55,24.816666666666663,-16.89977782,-0.1611110633333332,-0.282,2.96,2.508,19.73333333777778,2.951111111111113,4.1878276,4.1680884,4.229281,4.2336526,4.232984,0,0.0,1,1.0,-0.82,19.0,81.0
2023-03-06 18:30:00,76.068901422228,43.902965994446,43.91852093889,19.783333336666665,2.508,24.816666666666663,1,5.1764362714980825,70.66250196097344,18,0,3,-1.0,-1.8369701987210294e-16,0.0,1.0,1.0,6.123233995736766e-17,125.5,192.5625,369.6875,7.15,21.25,100.0,60.0,-6.9,2.9395328,0.0,0.1500000000000001,19.66111109,24.85,24.5,24.65,24.966666666666665,24.2,-17.275333336666666,0.2055555166666636,-0.1699999999999999,2.678,2.4266666666666667,19.700000013333337,2.715333333333335,4.232984,4.1878276,4.1680884,4.229281,4.0982976,0,0.0,1,1.0,-0.77,17.5,82.5
2023-03-06 18:45:00,104.994688911112,54.885026727778,54.901692744444006,19.66111109,2.4266666666666667,24.2,1,5.1764362714980825,70.66250196097344,18,0,3,-1.0,-1.8369701987210294e-16,0.0,1.0,1.0,6.123233995736766e-17,81.75,147.375,330.25,7.125,19.275,100.0,64.0,-6.55,3.0135598,0.0,-0.4249999999999998,19.516666636666667,24.816666666666663,24.85,24.5,24.65,24.466666666666665,-17.234444423333336,-0.1222222466666629,-0.0813333333333332,2.508,2.334,19.674074082222223,2.537555555555558,4.0982976,4.232984,4.1878276,4.1680884,4.108446,0,0.0,0,1.0,-0.8,18.5,81.5
2023-03-06 19:00:00,192.756456050002,153.062488372222,153.088876233332,19.516666636666667,2.334,24.466666666666665,2,5.1764362714980825,70.66250196097344,19,0,3,-0.9659258262890684,0.2588190451025203,0.0,1.0,1.0,6.123233995736766e-17,38.0,103.625,286.4166666666667,7.1,17.3,100.0,68.0,-6.2,3.0767882,0.0,-1.0,19.79444445,24.2,24.816666666666663,24.85,24.5,24.45,-17.182666636666667,-0.1444444533333353,-0.0926666666666666,2.4266666666666667,2.3266666666666667,19.653703687777774,2.4228888888888904,4.108446,4.0982976,4.232984,4.1878276,4.173161,0,0.0,1,1.0,-0.83,19.6,80.4
2023-03-06 19:15:00,89.82918435556,57.701302988888,57.717969005554,19.79444445,2.3266666666666667,24.45,1,5.1764362714980825,70.66250196097344,19,0,3,-0.9659258262890684,0.2588190451025203,0.0,1.0,1.0,6.123233995736766e-17,28.5,68.4375,244.97916666666663,7.25,17.125,100.0,70.75,-6.2,3.091669,0.0,-1.5,19.683333346666664,24.466666666666665,24.2,24.816666666666663,24.85,24.216666666666665,-17.467777783333332,0.2777778133333335,-0.0073333333333334,2.334,2.256,19.657407392222225,2.362444444444446,4.173161,4.108446,4.0982976,4.232984,4.1064734,0,0.0,1,1.0,-0.77,17.4,82.6
2023-03-06 19:30:00,121.9126233,62.418892044444,62.433891494442,19.683333346666664,2.256,24.216666666666665,1,5.1764362714980825,70.66250196097344,19,0,3,-0.9659258262890684,0.2588190451025203,0.0,1.0,1.0,6.123233995736766e-17,19.0,41.8125,205.9375,7.4,16.950000000000003,100.0,73.5,-6.2,3.101468,0.0,-2.0,19.52222222,24.45,24.466666666666665,24.2,24.816666666666663,24.85,-17.427333346666664,-0.1111111033333358,-0.0706666666666668,2.3266666666666667,2.2486666666666664,19.66481481111111,2.305555555555557,4.1064734,4.173161,4.108446,4.0982976,4.1741786,0,0.0,0,1.0,-0.8,18.3,81.7
2023-03-06 19:45:00,208.695540794442,155.138238688888,155.164348777776,19.52222222,2.2486666666666664,24.85,2,5.1764362714980825,70.66250196097344,19,0,3,-0.9659258262890684,0.2588190451025203,0.0,1.0,1.0,6.123233995736766e-17,9.5,23.75,169.29166666666666,7.55,16.775000000000002,100.0,76.25,-6.2,3.1064792,0.0,-2.5,19.78888886,24.216666666666665,24.45,24.466666666666665,24.2,25.0,-17.273555553333335,-0.1611111266666647,-0.0073333333333334,2.256,2.022666666666667,19.666666672222224,2.277111111111113,4.1741786,4.1064734,4.173161,4.108446,4.2656446,0,0.0,1,1.0,-0.83,19.5,80.5
2023-03-06 20:00:00,170.105695566664,129.6473139,129.67036856111,19.78888886,2.022666666666667,25.0,2,5.1764362714980825,70.66250196097344,20,0,3,-0.8660254037844386,0.5000000000000001,0.0,1.0,1.0,6.123233995736766e-17,0.0,14.25,135.04166666666666,7.7,16.6,100.0,79.0,-6.2,3.106984,0.0,-3.0,19.83888886,24.85,24.216666666666665,24.45,24.466666666666665,24.7,-17.766222193333334,0.2666666400000004,-0.2259999999999995,2.2486666666666664,2.012,19.664814808888888,2.17577777777778,4.2656446,4.1741786,4.1064734,4.173161,4.2268314,0,0.0,0,1.0,-0.77,17.4,82.6
2023-03-06 20:15:00,100.9026304,26.335335394446,26.370334011112,19.83888886,2.012,24.7,1,5.1764362714980825,70.66250196097344,20,0,3,-0.8660254037844386,0.5000000000000001,0.0,1.0,1.0,6.123233995736766e-17,0.0,7.125,104.91666666666669,7.75,17.675,100.0,78.75,-6.125,3.1191125,0.0,-2.9,19.57407411333333,25.0,24.85,24.216666666666665,24.45,25.15,-17.82688886,0.0500000000000007,-0.0106666666666668,2.022666666666667,1.996,19.716666646666667,2.0944444444444463,4.2268314,4.2656446,4.1741786,4.1064734,4.237463,0,0.0,1,1.0,-0.76,17.1,82.9
2023-03-06 20:30:00,463.984495561106,133.301889927778,133.382720077776,19.57407411333333,1.996,25.15,2,5.1764362714980825,70.66250196097344,20,0,3,-0.8660254037844386,0.5000000000000001,0.0,1.0,1.0,6.123233995736766e-17,0.0,2.375,78.91666666666667,7.800000000000001,18.75,100.0,78.5,-6.050000000000001,3.131238,0.0,-2.8,19.70000003,24.7,25.0,24.85,24.216666666666665,25.1,-17.578074113333336,-0.2648147466666657,-0.016,2.012,2.091333333333333,19.733950611111112,2.010222222222224,4.237463,4.2268314,4.2656446,4.1741786,4.2604284,0,0.0,1,1.0,-0.82,19.0,81.0
2023-03-06 20:45:00,184.542617983334,47.671704155556,47.74670113889,19.70000003,2.091333333333333,25.1,1,5.1764362714980825,70.66250196097344,20,0,3,-0.8660254037844386,0.5000000000000001,0.0,1.0,1.0,6.123233995736766e-17,0.0,0.0,57.04166666666666,7.85,19.825,100.0,78.25,-5.9750000000000005,3.1433604,0.0,-2.7,19.59259259666667,25.15,24.7,25.0,24.85,24.716666666666665,-17.608666696666667,0.1259259166666666,0.0953333333333334,1.996,2.061333333333333,19.70432100111111,2.033111111111113,4.2604284,4.237463,4.2268314,4.2656446,4.1689854,0,0.0,1,1.0,-0.79,18.0,82.0
2023-03-06 21:00:00,192.576741138886,74.950890744444,75.027276605554,19.59259259666667,2.061333333333333,24.716666666666665,2,5.1764362714980825,70.66250196097344,21,0,3,-0.7071067811865477,0.7071067811865474,0.0,1.0,1.0,6.123233995736766e-17,0.0,0.0,39.29166666666666,7.9,20.9,100.0,78.0,-5.9,3.1554773,0.0,-2.6,19.54444446,25.1,25.15,24.7,25.0,25.3,-17.531259263333336,-0.1074074333333321,-0.0300000000000002,2.091333333333333,1.996,19.62222224666667,2.0495555555555574,4.1689854,4.2604284,4.237463,4.2268314,4.255321,0,0.0,1,1.0,-0.81,19.0,81.0
2023-03-06 21:15:00,255.021743205554,138.022256672222,138.105586688888,19.54444446,1.996,25.3,2,5.1764362714980825,70.66250196097344,21,0,3,-0.7071067811865477,0.7071067811865474,0.0,1.0,1.0,6.123233995736766e-17,0.0,0.0,25.1875,7.75,19.175,100.0,78.5,-5.9,3.1589656,0.0,-2.675,19.70185186333333,24.716666666666665,25.1,25.15,24.7,24.85,-17.548444460000002,-0.0481481366666685,-0.0653333333333332,2.061333333333333,1.8206666666666669,19.61234569555556,2.0495555555555574,4.255321,4.1689854,4.2604284,4.237463,4.218452,0,0.0,0,1.0,-0.82,19.2,80.8
2023-03-06 21:30:00,95.828111172222,0.0,0.0,19.70185186333333,1.8206666666666669,24.85,0,5.1764362714980825,70.66250196097344,21,0,3,-0.7071067811865477,0.7071067811865474,0.0,1.0,1.0,6.123233995736766e-17,0.0,0.0,14.729166666666666,7.6,17.45,100.0,79.0,-5.9,3.1623178,0.0,-2.75,19.42777775,25.3,24.716666666666665,25.1,25.15,24.85,-17.881185196666664,0.1574074033333303,-0.1753333333333333,1.996,1.6693333333333331,19.61296297333333,1.9593333333333351,4.218452,4.255321,4.1689854,4.2604284,4.1510634,1,1.0,1,0.75,-0.79,18.1,81.9
2023-03-06 21:45:00,159.889437533332,112.34745033889,112.369393927778,19.42777775,1.6693333333333331,24.85,2,5.1764362714980825,70.66250196097344,21,0,3,-0.7071067811865477,0.7071067811865474,0.0,1.0,1.0,6.123233995736766e-17,0.0,0.0,7.916666666666667,7.45,15.725,100.0,79.5,-5.9,3.1655369,0.0,-2.825,19.518518503333333,24.85,25.3,24.716666666666665,25.1,24.816666666666663,-17.758444416666666,-0.2740741133333308,-0.1513333333333333,1.8206666666666669,1.5333333333333334,19.55802469111111,1.8286666666666684,4.1510634,4.218452,4.255321,4.1689854,4.1676717,0,1.0,1,0.75,-0.85,20.3,79.7
2023-03-06 22:00:00,97.5019331,57.075772427778,57.0927162,19.518518503333333,1.5333333333333334,24.816666666666663,1,5.1764362714980825,70.66250196097344,22,0,3,-0.5000000000000004,0.8660254037844384,0.0,1.0,1.0,6.123233995736766e-17,0.0,0.0,4.75,7.3,14.0,100.0,80.0,-5.9,3.168622,0.0,-2.9,19.49999998,24.85,24.85,25.3,24.716666666666665,24.2,-17.985185169999998,0.0907407533333319,-0.1359999999999999,1.6693333333333331,1.46,19.549382705555555,1.6744444444444462,4.1676717,4.1510634,4.218452,4.255321,4.059688,0,1.0,1,0.75,-0.83,19.5,80.5
2023-03-06 22:15:00,114.584860955552,66.250405427778,66.265960355556,19.49999998,1.46,24.2,1,5.1764362714980825,70.66250196097344,22,0,3,-0.5000000000000004,0.8660254037844384,0.0,1.0,1.0,6.123233995736766e-17,0.0,0.0,2.375,7.3,13.75,100.0,80.75,-6.2,3.1035836,0.0,-3.325,19.44259256666667,24.816666666666663,24.85,24.85,25.3,24.466666666666665,-18.03999998,-0.0185185233333342,-0.0733333333333334,1.5333333333333334,1.4653333333333334,19.482098744444446,1.554222222222224,4.059688,4.1676717,4.1510634,4.218452,4.090591,0,1.0,0,0.75,-0.84,19.8,80.2
2023-03-06 22:30:00,186.039502572222,123.182016972222,123.2150712,19.44259256666667,1.4653333333333334,24.466666666666665,2,5.1764362714980825,70.66250196097344,22,0,3,-0.5000000000000004,0.8660254037844384,0.0,1.0,1.0,6.123233995736766e-17,0.0,0.0,0.7916666666666666,7.3,13.5,100.0,81.5,-6.5,3.0392838,0.0,-3.75,19.62222224,24.2,24.816666666666663,24.85,24.85,24.15,-17.977259233333335,-0.0574074133333297,0.0053333333333334,1.46,1.334,19.48703701666667,1.486222222222224,4.090591,4.059688,4.1676717,4.1510634,4.0805006,0,0.0,1,1.0,-0.85,20.2,79.8
2023-03-06 22:45:00,70.892719811108,16.508784072222,16.536283005553997,19.62222224,1.334,24.15,1,5.1764362714980825,70.66250196097344,22,0,3,-0.5000000000000004,0.8660254037844384,0.0,1.0,1.0,6.123233995736766e-17,0.0,0.0,0.0,7.3,13.25,100.0,82.25,-6.8,2.975736,0.0,-4.175,19.40740742,24.466666666666665,24.2,24.816666666666663,24.85,24.183333333333334,-18.28822224,0.1796296733333306,-0.1313333333333333,1.4653333333333334,1.334,19.52160492888889,1.4197777777777796,4.0805006,4.090591,4.059688,4.1676717,4.034861,0,0.0,1,1.0,-0.81,18.8,81.2
2023-03-06 23:00:00,187.743323333332,134.249074272222,134.27101786111,19.40740742,1.334,24.183333333333334,2,5.1764362714980825,70.66250196097344,23,0,3,-0.2588190451025215,0.965925826289068,0.0,1.0,1.0,6.123233995736766e-17,0.0,0.0,0.0,7.3,13.0,100.0,83.0,-7.1,2.9129515,0.0,-4.6,19.57222225,24.15,24.466666666666665,24.2,24.816666666666663,24.1,-18.07340742,-0.2148148199999973,0.0,1.334,1.2226666666666666,19.490740742222226,1.3777777777777798,4.034861,4.0805006,4.090591,4.059688,4.060109,0,0.0,1,1.0,-0.86,20.6,79.4
2023-03-06 23:15:00,102.955325988892,45.3215204,45.334575427778,19.57222225,1.2226666666666666,24.1,1,5.1764362714980825,70.66250196097344,23,0,3,-0.2588190451025215,0.965925826289068,0.0,1.0,1.0,6.123233995736766e-17,0.0,0.0,0.0,6.75,12.175,100.0,82.25,-6.9,2.9492805,0.0,-4.3,19.461111146666667,24.183333333333334,24.15,24.466666666666665,24.2,23.716666666666665,-18.34955558333333,0.1648148299999974,-0.1113333333333335,1.334,1.1833333333333331,19.533950636666667,1.2968888888888903,4.060109,4.034861,4.0805006,4.090591,3.9695191,0,0.0,1,1.0,-0.82,19.2,80.8
2023-03-06 23:30:00,118.252769716666,68.811969627778,68.827246833332,19.461111146666667,1.1833333333333331,23.716666666666665,1,5.1764362714980825,70.66250196097344,23,0,3,-0.2588190451025215,0.965925826289068,0.0,1.0,1.0,6.123233995736766e-17,0.0,0.0,0.0,6.199999999999999,11.35,100.0,81.5,-6.699999999999999,2.9856489,0.0,-4.0,19.38333335,24.1,24.183333333333334,24.15,24.466666666666665,24.0,-18.277777813333334,-0.1111111033333323,-0.0393333333333332,1.2226666666666666,1.162,19.480246938888893,1.2466666666666686,3.9695191,4.060109,4.034861,4.0805006,3.9986055,0,0.0,0,1.0,-0.85,20.2,79.8
2023-03-06 23:45:00,170.440126605554,122.145669544444,122.16372442222,19.38333335,1.162,24.0,2,5.1764362714980825,70.66250196097344,23,0,3,-0.2588190451025215,0.965925826289068,0.0,1.0,1.0,6.123233995736766e-17,0.0,0.0,0.0,5.65,10.525,100.0,80.75,-6.5,3.0220435,0.0,-3.7,19.587037056666667,23.716666666666665,24.1,24.183333333333334,24.15,23.816666666666663,-18.22133335,-0.0777777966666697,-0.0213333333333334,1.1833333333333331,1.0766666666666669,19.472222248888887,1.189333333333335,3.9986055,3.9695191,4.060109,4.034861,4.0158706,0,0.0,1,1.0,-0.87,20.8,79.2
2023-03-07 00:00:00,74.707844916666,11.617035316666,11.624535049997998,19.587037056666667,1.0766666666666669,23.816666666666663,1,5.1764362714980825,70.66250196097344,0,1,3,0.0,1.0,0.7818314824680298,0.6234898018587336,1.0,6.123233995736766e-17,0.0,0.0,0.0,5.1,9.7,100.0,80.0,-6.3,3.0584495,0.0,-3.4,19.36111112,24.0,23.716666666666665,24.1,24.183333333333334,23.85,-18.51037039,0.2037037066666691,-0.085333333333333,1.162,1.0193333333333334,19.47716051777778,1.1406666666666687,4.0158706,3.9986055,3.9695191,4.060109,3.968421,0,0.0,1,1.0,-0.82,19.2,80.8
2023-03-07 00:15:00,167.74412338333,126.8974239,126.920200772222,19.36111112,1.0193333333333334,23.85,2,5.1764362714980825,70.66250196097344,0,1,3,0.0,1.0,0.7818314824680298,0.6234898018587336,1.0,6.123233995736766e-17,0.0,0.0,0.0,5.574999999999999,9.7,99.75,80.5,-6.525,3.0073357,0.0,-3.725,19.45370368,23.816666666666663,24.0,23.716666666666665,24.1,23.816666666666663,-18.34177778666667,-0.2259259366666661,-0.0573333333333334,1.0766666666666669,0.8046666666666666,19.44382717555556,1.086000000000002,3.968421,4.0158706,3.9986055,3.9695191,3.9845207,0,0.0,1,1.0,-0.87,21.0,79.0
2023-03-07 00:30:00,117.457801616662,76.768318011112,76.78637292222,19.45370368,0.8046666666666666,23.816666666666663,2,5.1764362714980825,70.66250196097344,0,1,3,0.0,1.0,0.7818314824680298,0.6234898018587336,1.0,6.123233995736766e-17,0.0,0.0,0.0,6.05,9.7,99.5,81.0,-6.75,2.9567707,0.0,-4.05,19.44999997,23.85,23.816666666666663,24.0,23.716666666666665,23.8,-18.64903701333333,0.0925925599999999,-0.2146666666666667,1.0193333333333334,0.752,19.46728395222222,0.9668888888888908,3.9845207,3.968421,4.0158706,3.9986055,3.9808643,0,0.0,0,1.0,-0.85,20.2,79.8
2023-03-07 00:45:00,110.435860188888,45.067641688888,45.07958566111,19.44999997,0.752,23.8,1,5.1764362714980825,70.66250196097344,0,1,3,0.0,1.0,0.7818314824680298,0.6234898018587336,1.0,6.123233995736766e-17,0.0,0.0,0.0,6.525,9.7,99.25,81.5,-6.975,2.9067576,0.0,-4.375,19.25925923333333,23.816666666666663,23.85,23.816666666666663,24.0,23.53333333333333,-18.69799997,-0.0037037099999999,-0.0526666666666666,0.8046666666666666,0.6833333333333333,19.421604923333334,0.8586666666666685,3.9808643,3.9845207,3.968421,4.0158706,3.8923202,0,0.0,1,1.0,-0.85,20.3,79.7
2023-03-07 01:00:00,95.789779438886,53.790626072222,53.805625538886,19.25925923333333,0.6833333333333333,23.53333333333333,1,5.1764362714980825,70.66250196097344,1,1,3,0.2588190451025207,0.9659258262890684,0.7818314824680298,0.6234898018587336,1.0,6.123233995736766e-17,0.0,0.0,0.0,7.0,9.7,99.0,82.0,-7.2,2.857297,0.0,-4.7,19.17777779,23.8,23.816666666666663,23.85,23.816666666666663,23.85,-18.5759259,-0.1907407366666653,-0.0686666666666666,0.752,0.68,19.387654294444445,0.7466666666666685,3.8923202,3.9808643,3.9845207,3.968421,3.9258034,0,0.0,0,1.0,-0.9,21.9,78.1
2023-03-07 01:15:00,165.005621744444,124.488075844444,124.510852716666,19.17777779,0.68,23.85,2,5.1764362714980825,70.66250196097344,1,1,3,0.2588190451025207,0.9659258262890684,0.7818314824680298,0.6234898018587336,1.0,6.123233995736766e-17,0.0,0.0,0.0,6.875,10.075,91.0,81.5,-7.375,2.8246331,0.0,-4.775,19.38518515,23.53333333333333,23.8,23.816666666666663,23.85,23.816666666666663,-18.49777779,-0.0814814433333346,-0.0033333333333332,0.6833333333333333,0.584,19.29567899777778,0.7051111111111129,3.9258034,3.8923202,3.9808643,3.9845207,3.968493,0,0.0,1,1.0,-0.91,22.6,77.4
2023-03-07 01:30:00,67.07842783889,0.0,0.0,19.38518515,0.584,23.816666666666663,0,5.1764362714980825,70.66250196097344,1,1,3,0.2588190451025207,0.9659258262890684,0.7818314824680298,0.6234898018587336,1.0,6.123233995736766e-17,0.0,0.0,0.0,6.75,10.45,83.0,81.0,-7.550000000000001,2.7922285,0.0,-4.85,19.19444443,23.85,23.53333333333333,23.8,23.816666666666663,23.9,-18.80118515,0.2074073599999977,-0.096,0.68,0.52,19.274074057777774,0.6491111111111129,3.968493,3.9258034,3.8923202,3.9808643,3.9378994,1,1.0,1,0.75,-0.87,20.8,79.2
2023-03-07 01:45:00,165.599486872222,118.835524155556,118.858023288888,19.19444443,0.52,23.9,2,5.1764362714980825,70.66250196097344,1,1,3,0.2588190451025207,0.9659258262890684,0.7818314824680298,0.6234898018587336,1.0,6.123233995736766e-17,0.0,0.0,0.0,6.625,10.825,75.0,80.5,-7.725,2.7600803,0.0,-4.925,19.368518546666667,23.816666666666663,23.85,23.53333333333333,23.8,24.1,-18.67444443,-0.1907407200000008,-0.0639999999999999,0.584,0.492,19.25246912333333,0.5946666666666685,3.9378994,3.968493,3.9258034,3.8923202,4.011767,0,1.0,1,0.75,-0.91,22.4,77.6
2023-03-07 02:00:00,108.718984333336,68.490315811112,68.507259566668,19.368518546666667,0.492,24.1,1,5.1764362714980825,70.66250196097344,2,1,3,0.4999999999999999,0.8660254037844387,0.7818314824680298,0.6234898018587336,1.0,6.123233995736766e-17,0.0,0.0,0.0,6.5,11.2,67.0,80.0,-7.9,2.7281878,0.0,-5.0,19.37777777,23.9,23.816666666666663,23.85,23.53333333333333,23.55,-18.876518546666667,0.1740741166666701,-0.028,0.52,0.3993333333333334,19.316049375555554,0.5320000000000018,4.011767,3.9378994,3.968493,3.9258034,3.922349,0,1.0,1,0.75,-0.87,20.9,79.1
2023-03-07 02:15:00,112.49688894444,59.469287833332,59.484842777776,19.37777777,0.3993333333333334,23.55,1,5.1764362714980825,70.66250196097344,2,1,3,0.4999999999999999,0.8660254037844387,0.7818314824680298,0.6234898018587336,1.0,6.123233995736766e-17,0.0,0.0,0.0,7.55,12.35,74.75,80.5,-7.525,2.8000035,0.0,-4.725,19.227777773333333,24.1,23.9,23.816666666666663,23.85,23.78333333333333,-18.978444436666667,0.0092592233333341,-0.0926666666666666,0.492,0.2473333333333333,19.313580248888893,0.4704444444444462,3.922349,4.011767,3.9378994,3.968493,3.9263802,0,1.0,0,0.75,-0.87,20.9,79.1
2023-03-07 02:30:00,173.508614927778,120.539622655556,120.560732911112,19.227777773333333,0.2473333333333333,23.78333333333333,2,5.1764362714980825,70.66250196097344,2,1,3,0.4999999999999999,0.8660254037844387,0.7818314824680298,0.6234898018587336,1.0,6.123233995736766e-17,0.0,0.0,0.0,8.6,13.5,82.5,81.0,-7.15,2.8734636,0.0,-4.45,19.40555553,23.55,24.1,23.9,23.816666666666663,23.15,-18.98044444,-0.1499999966666685,-0.152,0.3993333333333334,0.038,19.324691363333333,0.3795555555555573,3.9263802,3.922349,4.011767,3.9378994,3.8620346,0,0.0,1,1.0,-0.9,22.2,77.8
2023-03-07 02:45:00,56.483851605558,16.337679783334,16.348790422224,19.40555553,0.038,23.15,1,5.1764362714980825,70.66250196097344,2,1,3,0.4999999999999999,0.8660254037844387,0.7818314824680298,0.6234898018587336,1.0,6.123233995736766e-17,0.0,0.0,0.0,9.65,14.65,90.25,81.5,-6.775,2.9486015,0.0,-4.175,19.23703701333333,23.78333333333333,23.55,24.1,23.9,23.183333333333334,-19.36755553,0.1777777566666678,-0.2093333333333333,0.2473333333333333,-0.2346666666666666,19.337037024444445,0.228222222222224,3.8620346,3.9263802,3.922349,4.011767,3.8294158,0,0.0,1,1.0,-0.86,20.8,79.2
2023-03-07 03:00:00,437.347783188888,136.168719733332,136.192329888888,19.23703701333333,-0.2346666666666666,23.183333333333334,2,5.1764362714980825,70.66250196097344,3,1,3,0.7071067811865476,0.7071067811865476,0.7818314824680298,0.6234898018587336,1.0,6.123233995736766e-17,0.0,0.0,0.0,10.7,15.8,98.0,82.0,-6.4,3.02545,0.0,-3.9,19.39999999,23.15,23.78333333333333,23.55,24.1,23.1,-19.47170368,-0.1685185166666656,-0.2726666666666666,0.038,-0.4013333333333334,19.29012343888889,0.0168888888888906,3.8294158,3.8620346,3.9263802,3.922349,3.8524337,0,0.0,1,1.0,-0.9,22.2,77.8
2023-03-07 03:15:00,81.508683888892,33.213949155556,33.225615355556,19.39999999,-0.4013333333333334,23.1,1,5.1764362714980825,70.66250196097344,3,1,3,0.7071067811865476,0.7071067811865476,0.7818314824680298,0.6234898018587336,1.0,6.123233995736766e-17,0.0,0.0,0.0,10.95,16.975,73.5,83.0,-6.3500000000000005,3.0460234,0.0,-3.975,19.26296294,23.183333333333334,23.15,23.78333333333333,23.55,22.716666666666665,-19.80133332333333,0.162962976666666,-0.1666666666666667,-0.2346666666666666,-0.5946666666666667,19.34753084444445,-0.1993333333333315,3.8524337,3.8294158,3.8620346,3.9263802,3.7580664,0,0.0,1,1.0,-0.87,20.8,79.2
2023-03-07 03:30:00,142.31597371667,97.180001511112,97.198334094446,19.26296294,-0.5946666666666667,22.716666666666665,2,5.1764362714980825,70.66250196097344,3,1,3,0.7071067811865476,0.7071067811865476,0.7818314824680298,0.6234898018587336,1.0,6.123233995736766e-17,0.0,0.0,0.0,11.2,18.15,49.0,84.0,-6.300000000000001,3.0662806,0.0,-4.05,19.28333331,23.1,23.183333333333334,23.15,23.78333333333333,22.95,-19.857629606666663,-0.13703705,-0.1933333333333333,-0.4013333333333334,-0.762,19.299999981111117,-0.4102222222222205,3.7580664,3.8524337,3.8294158,3.8620346,3.8012247,0,0.0,1,1.0,-0.9,22.1,77.9
2023-03-07 03:45:00,148.567668122224,94.993144555556,95.01258826111,19.28333331,-0.762,22.95,2,5.1764362714980825,70.66250196097344,3,1,3,0.7071067811865476,0.7071067811865476,0.7818314824680298,0.6234898018587336,1.0,6.123233995736766e-17,0.0,0.0,0.0,11.45,19.325,24.5,85.0,-6.25,3.0862253,0.0,-4.125,19.38703702666667,22.716666666666665,23.1,23.183333333333334,23.15,22.35,-20.04533331,0.0203703699999984,-0.1673333333333333,-0.5946666666666667,-0.788,19.31543208,-0.5859999999999982,3.8012247,3.7580664,3.8524337,3.8294158,3.7245128,0,0.0,0,1.0,-0.89,21.9,78.1
2023-03-07 04:00:00,85.403806011108,40.93225156111,40.943640072218,19.38703702666667,-0.788,22.35,1,5.1764362714980825,70.66250196097344,4,1,3,0.8660254037844386,0.5000000000000001,0.7818314824680298,0.6234898018587336,1.0,6.123233995736766e-17,0.0,0.0,0.0,11.7,20.5,0.0,86.0,-6.2,3.105858,0.0,-4.2,19.17777776,22.95,22.716666666666665,23.1,23.183333333333334,22.35,-20.17503702666667,0.1037037166666685,-0.026,-0.762,-0.5733333333333334,19.311111092222223,-0.7148888888888871,3.7245128,3.8012247,3.7580664,3.8524337,3.6788979,0,0.0,1,1.0,-0.87,21.1,78.9
2023-03-07 04:15:00,201.680265849998,149.654291355556,149.675957188888,19.17777776,-0.5733333333333334,22.35,2,5.1764362714980825,70.66250196097344,4,1,3,0.8660254037844386,0.5000000000000001,0.7818314824680298,0.6234898018587336,1.0,6.123233995736766e-17,0.0,0.0,0.0,11.775,20.775,0.0,86.0,-6.55,3.0290709,0.0,-4.55,19.44259256666667,22.35,22.95,22.716666666666665,23.1,22.316666666666663,-19.751111093333336,-0.2092592666666668,0.2146666666666666,-0.788,-1.038,19.282716032222226,-0.7077777777777761,3.6788979,3.7245128,3.8012247,3.7580664,3.7311318,0,0.0,1,1.0,-0.92,22.9,77.1
2023-03-07 04:30:00,75.940017811112,22.004675311112,22.014119383334,19.44259256666667,-1.038,22.316666666666663,1,5.1764362714980825,70.66250196097344,4,1,3,0.8660254037844386,0.5000000000000001,0.7818314824680298,0.6234898018587336,1.0,6.123233995736766e-17,0.0,0.0,0.0,11.85,21.05,0.0,86.0,-6.9,2.9539595,0.0,-4.9,19.30555554,22.35,22.35,22.95,22.716666666666665,22.05,-20.48059256666667,0.2648148066666671,-0.4646666666666667,-0.5733333333333334,-1.2686666666666668,19.33580245111111,-0.7997777777777761,3.7311318,3.6788979,3.7245128,3.8012247,3.6569386,0,0.0,1,1.0,-0.86,20.6,79.4
2023-03-07 04:45:00,150.75091422222,109.785886155556,109.805885372222,19.30555554,-1.2686666666666668,22.05,2,5.1764362714980825,70.66250196097344,4,1,3,0.8660254037844386,0.5000000000000001,0.7818314824680298,0.6234898018587336,1.0,6.123233995736766e-17,0.0,0.0,0.0,11.925,21.325000000000003,0.0,86.0,-7.25,2.8804913,0.0,-5.25,19.344444446666667,22.316666666666663,22.35,22.35,22.95,22.466666666666665,-20.57422220666667,-0.1370370266666682,-0.2306666666666668,-1.038,-1.346,19.30864195555556,-0.9599999999999984,3.6569386,3.7311318,3.6788979,3.7245128,3.734582,0,0.0,1,1.0,-0.89,21.8,78.2
2023-03-07 05:00:00,157.457034983326,105.579665544444,105.598553688888,19.344444446666667,-1.346,22.466666666666665,2,5.1764362714980825,70.66250196097344,5,1,3,0.9659258262890684,0.2588190451025207,0.7818314824680298,0.6234898018587336,1.0,6.123233995736766e-17,0.0,0.0,0.0,12.0,21.6,0.0,86.0,-7.6,2.8086371,0.0,-5.6,19.44444443,22.05,22.316666666666663,22.35,22.35,22.15,-20.690444446666667,0.0388889066666671,-0.0773333333333332,-1.2686666666666668,-1.4326666666666663,19.36419751777778,-1.217555555555554,3.734582,3.6569386,3.7311318,3.6788979,3.7036698,0,0.0,0,1.0,-0.88,21.4,78.6
2023-03-07 05:15:00,93.019612583326,37.566552844444,37.57905236111,19.44444443,-1.4326666666666663,22.15,1,5.1764362714980825,70.66250196097344,5,1,3,0.9659258262890684,0.2588190451025207,0.7818314824680298,0.6234898018587336,1.0,6.123233995736766e-17,0.0,0.0,0.0,11.75,21.700000000000003,14.5,86.0,-7.75,2.7733047,0.0,-5.775,19.153703706666665,22.466666666666665,22.05,22.316666666666663,22.35,22.183333333333334,-20.877111096666663,0.0999999833333298,-0.0866666666666664,-1.346,-1.318,19.36481480555556,-1.3491111111111094,3.7036698,3.734582,3.6569386,3.7311318,3.6462853,0,0.0,1,1.0,-0.86,20.7,79.3
2023-03-07 05:30:00,183.047400077776,139.793019155556,139.816351588888,19.153703706666665,-1.318,22.183333333333334,2,5.1764362714980825,70.66250196097344,5,1,3,0.9659258262890684,0.2588190451025207,0.7818314824680298,0.6234898018587336,1.0,6.123233995736766e-17,0.0,0.0,0.0,11.5,21.8,29.0,86.0,-7.899999999999999,2.7383647,0.0,-5.949999999999999,19.38333334,22.15,22.466666666666665,22.05,22.316666666666663,22.45,-20.471703706666663,-0.2907407233333323,0.1146666666666664,-1.4326666666666663,-1.4553333333333331,19.31419752777778,-1.365555555555554,3.6462853,3.7036698,3.734582,3.6569386,3.7403624,0,0.0,1,1.0,-0.93,23.2,76.8
2023-03-07 05:45:00,101.9159232,49.513574927778,49.52579663889,19.38333334,-1.4553333333333331,22.45,1,5.1764362714980825,70.66250196097344,5,1,3,0.9659258262890684,0.2588190451025207,0.7818314824680298,0.6234898018587336,1.0,6.123233995736766e-17,0.0,0.0,0.0,11.25,21.9,43.5,86.0,-8.049999999999999,2.7038128,0.0,-6.125,19.22222220333333,22.183333333333334,22.15,22.466666666666665,22.05,22.216666666666665,-20.83866667333333,0.2296296333333352,-0.137333333333333,-1.318,-1.55,19.32716049222222,-1.401999999999998,3.7403624,3.6462853,3.7036698,3.734582,3.6665397,0,0.0,1,1.0,-0.87,21.1,78.9
2023-03-07 06:00:00,130.237012494446,28.33247773889,28.345810572222,19.22222220333333,-1.55,22.216666666666665,1,5.1764362714980825,70.66250196097344,6,1,3,1.0,6.123233995736766e-17,0.7818314824680298,0.6234898018587336,1.0,6.123233995736766e-17,0.0,0.0,0.0,11.0,22.0,58.0,86.0,-8.2,2.669645,0.0,-6.3,18.95000001,22.45,22.183333333333334,22.15,22.466666666666665,22.9,-20.77222220333333,-0.1611111366666655,-0.0946666666666669,-1.4553333333333331,-1.4993333333333332,19.25308641666667,-1.4411111111111092,3.6665397,3.7403624,3.6462853,3.7036698,3.71912,0,0.0,0,1.0,-0.91,22.5,77.5
2023-03-07 06:15:00,193.475594049998,134.335459666668,134.358792066668,18.95000001,-1.4993333333333332,22.9,2,5.1764362714980825,70.66250196097344,6,1,3,1.0,6.123233995736766e-17,0.7818314824680298,0.6234898018587336,1.0,6.123233995736766e-17,0.0,0.0,0.0,11.025,21.625,62.25,86.0,-8.274999999999999,2.655119,0.0,-6.375,19.209259266666667,22.216666666666665,22.45,22.183333333333334,22.15,23.466666666666665,-20.449333343333333,-0.2722221933333344,0.0506666666666668,-1.55,-1.624,19.18518518444445,-1.5015555555555535,3.71912,3.6665397,3.7403624,3.6462853,3.8698776,0,0.0,1,1.0,-0.97,24.9,75.1
2023-03-07 06:30:00,131.592513938886,71.281315333332,71.29825912222,19.209259266666667,-1.624,23.466666666666665,2,5.1764362714980825,70.66250196097344,6,1,3,1.0,6.123233995736766e-17,0.7818314824680298,0.6234898018587336,1.0,6.123233995736766e-17,0.0,0.0,0.0,11.05,21.25,66.5,86.0,-8.35,2.6406622,0.0,-6.449999999999999,19.12222224,22.9,22.216666666666665,22.45,22.183333333333334,23.55,-20.833259266666666,0.2592592566666667,-0.1246666666666667,-1.4993333333333332,-1.814,19.12716049333333,-1.5577777777777762,3.8698776,3.71912,3.6665397,3.7403624,3.8637478,0,0.0,0,1.0,-0.91,22.4,77.6
2023-03-07 06:45:00,250.559977249998,62.381671283334,62.39278202222,19.12222224,-1.814,23.55,1,5.1764362714980825,70.66250196097344,6,1,3,1.0,6.123233995736766e-17,0.7818314824680298,0.6234898018587336,1.0,6.123233995736766e-17,0.0,0.0,0.0,11.075,20.875,70.75,86.0,-8.424999999999999,2.6262746,0.0,-6.525,18.961111136666663,23.466666666666665,22.9,22.216666666666665,22.45,23.966666666666665,-20.93622224,-0.0870370266666675,-0.1900000000000001,-1.624,-1.9593333333333331,19.093827172222223,-1.645777777777776,3.8637478,3.8698776,3.71912,3.6665397,3.8949087,0,0.0,1,1.0,-0.93,23.1,76.9
2023-03-07 07:00:00,486.1847185,140.209669172222,140.232168305554,18.961111136666663,-1.9593333333333331,23.966666666666665,2,5.1764362714980825,70.66250196097344,7,1,3,0.9659258262890684,-0.2588190451025206,0.7818314824680298,0.6234898018587336,1.0,6.123233995736766e-17,0.0,0.0,0.0,11.1,20.5,75.0,86.0,-8.5,2.6119568,0.0,-6.6,19.13333337,23.55,23.466666666666665,22.9,22.216666666666665,24.0,-20.92044447,-0.161111103333333,-0.1453333333333333,-1.814,-1.832,19.097530881111112,-1.799111111111109,3.8949087,3.8637478,3.8698776,3.71912,3.9401584,0,0.0,1,1.0,-0.96,24.5,75.5
2023-03-07 07:15:00,187.673048311112,127.074639011112,127.0965826,19.13333337,-1.832,24.0,2,5.1764362714980825,70.66250196097344,7,1,3,0.9659258262890684,-0.2588190451025206,0.7818314824680298,0.6234898018587336,1.0,6.123233995736766e-17,2.0,0.5,0.1666666666666666,11.4,20.6,66.25,85.25,-8.3,2.6511788,0.0,-6.275,19.207407436666667,23.966666666666665,23.55,23.466666666666665,22.9,23.816666666666663,-20.96533337,0.1722222333333327,0.1273333333333333,-1.9593333333333331,-1.7233333333333334,19.07222224888889,-1.8684444444444424,3.9401584,3.8949087,3.8637478,3.8698776,3.9271684,0,0.0,0,1.0,-0.92,23.0,77.0
2023-03-07 07:30:00,121.601802266672,48.067243883334,48.080021172222,19.207407436666667,-1.7233333333333334,23.816666666666663,1,5.1764362714980825,70.66250196097344,7,1,3,0.9659258262890684,-0.2588190451025206,0.7818314824680298,0.6234898018587336,1.0,6.123233995736766e-17,4.0,1.5,0.5,11.7,20.7,57.5,84.5,-8.1,2.6906023,0.0,-5.949999999999999,19.07222223,24.0,23.966666666666665,23.55,23.466666666666665,23.55,-20.93074077,0.0740740666666681,0.1086666666666666,-1.832,-1.6933333333333331,19.100617314444445,-1.8382222222222204,3.9271684,3.9401584,3.8949087,3.8637478,3.852371,0,0.0,1,1.0,-0.91,22.3,77.7
2023-03-07 07:45:00,116.92060090555,55.398617333332,55.41389452222,19.07222223,-1.6933333333333331,23.55,1,5.1764362714980825,70.66250196097344,7,1,3,0.9659258262890684,-0.2588190451025206,0.7818314824680298,0.6234898018587336,1.0,6.123233995736766e-17,6.0,3.0,1.0,12.0,20.8,48.75,83.75,-7.9,2.7302158,0.0,-5.625,18.95740743,23.816666666666663,24.0,23.966666666666665,23.55,24.15,-20.765555563333333,-0.1351852066666659,0.0300000000000002,-1.7233333333333334,-1.3946666666666667,19.13765434555556,-1.7495555555555538,3.852371,3.9271684,3.9401584,3.8949087,3.9238453,0,0.0,0,1.0,-0.94,23.6,76.4
2023-03-07 08:00:00,200.252267388888,144.173399533332,144.197287494442,18.95740743,-1.3946666666666667,24.15,2,5.1764362714980825,70.66250196097344,8,1,3,0.8660254037844387,-0.4999999999999998,0.7818314824680298,0.6234898018587336,1.0,6.123233995736766e-17,8.0,5.0,1.6666666666666667,12.3,20.9,40.0,83.0,-7.7,2.7700074,0.0,-5.3,19.27777777,23.55,23.816666666666663,24.0,23.966666666666665,24.1,-20.352074096666662,-0.1148148000000013,0.2986666666666664,-1.6933333333333331,-1.2993333333333337,19.07901236555556,-1.6037777777777762,3.9238453,3.852371,3.9271684,3.9401584,3.9903944,0,0.0,1,1.0,-0.96,24.5,75.5
2023-03-07 08:15:00,71.186874627778,15.98713823889,15.996860066668,19.27777777,-1.2993333333333337,24.1,1,5.1764362714980825,70.66250196097344,8,1,3,0.8660254037844387,-0.4999999999999998,0.7818314824680298,0.6234898018587336,1.0,6.123233995736766e-17,38.75,14.1875,4.895833333333333,13.1,24.675,46.25,80.75,-7.675,2.7836103,0.0,-4.85,19.69444444,24.15,23.55,23.816666666666663,24.0,23.35,-20.577111103333333,0.3203703400000002,0.0953333333333332,-1.3946666666666667,-1.1826666666666663,19.10246914333333,-1.4624444444444429,3.9903944,3.9238453,3.852371,3.9271684,3.9620936,0,0.0,1,1.0,-0.89,21.7,78.3
2023-03-07 08:30:00,93.576256733336,31.333468827778,31.345412766668,19.69444444,-1.1826666666666663,23.35,1,5.1764362714980825,70.66250196097344,8,1,3,0.8660254037844387,-0.4999999999999998,0.7818314824680298,0.6234898018587336,1.0,6.123233995736766e-17,69.5,30.5625,10.6875,13.9,28.45,52.5,78.5,-7.65,2.7947576,0.0,-4.4,20.20000002,24.1,24.15,23.55,23.816666666666663,22.95,-20.877111106666664,0.4166666699999979,0.1166666666666669,-1.2993333333333337,-1.104666666666667,19.30987654666667,-1.2922222222222204,3.9620936,3.9903944,3.9238453,3.852371,4.011279,0,0.0,0,1.0,-0.8,18.4,81.6
2023-03-07 08:45:00,168.58270083889,123.245069966668,123.267291311112,20.20000002,-1.104666666666667,22.95,2,5.1764362714980825,70.66250196097344,8,1,3,0.8660254037844387,-0.4999999999999998,0.7818314824680298,0.6234898018587336,1.0,6.123233995736766e-17,100.25,54.125,19.041666666666668,14.7,32.225,58.75,76.25,-7.625,2.8032954,0.0,-3.95,20.78333337,23.35,24.1,24.15,23.55,22.35,-21.304666686666668,0.5055555800000029,0.0779999999999998,-1.1826666666666663,-1.044,19.724074076666668,-1.195555555555554,4.011279,3.9620936,3.9903944,3.9238453,4.0416217,0,0.0,1,1.0,-0.69,14.9,85.1
2023-03-07 09:00:00,64.85379474444,0.0,0.0,20.78333337,-1.044,22.35,0,5.1764362714980825,70.66250196097344,9,1,3,0.7071067811865476,-0.7071067811865475,0.7818314824680298,0.6234898018587336,1.0,6.123233995736766e-17,131.0,84.875,29.95833333333333,15.5,36.0,65.0,74.0,-7.6,2.8090618,0.0,-3.5,21.27222222,22.95,23.35,24.1,24.15,21.6,-21.82733337,0.5833333499999966,0.0606666666666666,-1.104666666666667,-0.6966666666666667,20.225925943333333,-1.1104444444444426,4.0416217,4.011279,3.9620936,3.9903944,4.0185146,1,1.0,1,0.75,-0.56,11.5,88.5
2023-03-07 09:15:00,59.22318664444,0.0,0.0,21.27222222,-0.6966666666666667,21.6,0,5.1764362714980825,70.66250196097344,9,1,3,0.7071067811865476,-0.7071067811865475,0.7818314824680298,0.6234898018587336,1.0,6.123233995736766e-17,169.75,117.625,44.10416666666666,16.675,39.05,73.75,72.75,-7.55,2.8159893,0.0,-3.225,21.56111113,22.35,22.95,23.35,24.1,21.03333333333333,-21.968888886666665,0.4888888500000021,0.3473333333333334,-1.044,-0.7053333333333334,20.75185187,-0.9484444444444428,4.0185146,4.0416217,4.011279,3.9620936,3.979108,0,2.0,0,0.5,-0.45,9.2,90.8
2023-03-07 09:30:00,121.493473366668,76.946088666668,76.96303243889,21.56111113,-0.7053333333333334,21.03333333333333,2,5.1764362714980825,70.66250196097344,9,1,3,0.7071067811865476,-0.7071067811865475,0.7818314824680298,0.6234898018587336,1.0,6.123233995736766e-17,208.5,152.375,61.47916666666666,17.85,42.1,82.5,71.5,-7.5,2.8219712,0.0,-2.95,21.7388889,21.6,22.35,22.95,23.35,21.05,-22.26644446333333,0.2888889099999971,-0.0086666666666667,-0.6966666666666667,-0.584,21.20555557333333,-0.8153333333333316,3.979108,4.0185146,4.0416217,4.011279,4.0233984,0,2.0,1,0.5,-0.39,8.1,91.9
2023-03-07 09:45:00,159.248907588888,93.365154127778,93.383208972222,21.7388889,-0.584,21.05,2,5.1764362714980825,70.66250196097344,9,1,3,0.7071067811865476,-0.7071067811865475,0.7818314824680298,0.6234898018587336,1.0,6.123233995736766e-17,247.25,189.125,82.08333333333333,19.025,45.150000000000006,91.25,70.25,-7.45,2.8269722,0.0,-2.675,21.881481493333336,21.03333333333333,21.6,22.35,22.95,21.28333333333333,-22.3228889,0.1777777700000022,0.1213333333333334,-0.7053333333333334,-0.534,21.52407408333333,-0.6619999999999983,4.0233984,3.979108,4.0185146,4.0416217,4.101626,0,2.0,0,0.5,-0.35,7.5,92.5
2023-03-07 10:00:00,52.964548049998,0.0,0.0,21.881481493333336,-0.534,21.28333333333333,0,5.1764362714980825,70.66250196097344,10,1,3,0.4999999999999999,-0.8660254037844387,0.7818314824680298,0.6234898018587336,1.0,6.123233995736766e-17,286.0,227.875,105.91666666666669,20.2,48.2,100.0,69.0,-7.4,2.8309565,0.0,-2.4,21.73333332,21.05,21.03333333333333,21.6,22.35,21.05,-22.41548149333333,0.1425925933333367,0.0499999999999999,-0.584,-0.3066666666666666,21.72716050777778,-0.6077777777777761,4.101626,4.0233984,3.979108,4.0185146,4.022107,1,2.0,1,0.5,-0.31,7.0,93.0
2023-03-07 10:15:00,115.900919394442,66.290681583334,66.306792055556,21.73333332,-0.3066666666666666,21.05,1,5.1764362714980825,70.66250196097344,10,1,3,0.4999999999999999,-0.8660254037844387,0.7818314824680298,0.6234898018587336,1.0,6.123233995736766e-17,285.0,256.6875,129.5,20.325,47.85,100.0,68.25,-7.5,2.8001852,0.0,-2.4,21.25740740333333,21.28333333333333,21.05,21.03333333333333,21.6,21.65,-22.039999986666665,-0.148148173333336,0.2273333333333334,-0.534,-0.4693333333333333,21.784567904444447,-0.4748888888888871,4.022107,4.101626,4.0233984,3.979108,4.024358,0,1.0,1,0.75,-0.35,7.5,92.5
2023-03-07 10:30:00,179.837806233332,119.905759127778,119.927147188888,21.25740740333333,-0.4693333333333333,21.65,2,5.1764362714980825,70.66250196097344,10,1,3,0.4999999999999999,-0.8660254037844387,0.7818314824680298,0.6234898018587336,1.0,6.123233995736766e-17,284.0,275.5625,152.83333333333334,20.45,47.5,100.0,67.5,-7.6,2.769414,0.0,-2.4,21.21111114,21.05,21.28333333333333,21.05,21.03333333333333,21.95,-21.726740736666667,-0.475925916666668,-0.1626666666666666,-0.3066666666666666,-0.4293333333333333,21.624074072222225,-0.4366666666666649,4.024358,4.022107,4.101626,4.0233984,4.0691814,0,1.0,1,0.75,-0.45,9.3,90.7
2023-03-07 10:45:00,52.859274561106,0.0,0.0,21.21111114,-0.4293333333333333,21.95,0,5.1764362714980825,70.66250196097344,10,1,3,0.4999999999999999,-0.8660254037844387,0.7818314824680298,0.6234898018587336,1.0,6.123233995736766e-17,283.0,284.5,175.91666666666666,20.575,47.15,100.0,66.75,-7.7,2.738643,0.0,-2.4,21.155555553333333,21.65,21.05,21.28333333333333,21.05,21.53333333333333,-21.64044447333333,-0.0462962633333319,0.0399999999999999,-0.4693333333333333,-0.4033333333333334,21.400617287777777,-0.401777777777776,4.0691814,4.024358,4.022107,4.101626,3.9790933,1,2.0,1,0.5,-0.46,9.4,90.6
2023-03-07 11:00:00,142.304863127778,90.184725783334,90.2038917,21.155555553333333,-0.4033333333333334,21.53333333333333,2,5.1764362714980825,70.66250196097344,11,1,3,0.258819045102521,-0.9659258262890682,0.7818314824680298,0.6234898018587336,1.0,6.123233995736766e-17,282.0,283.5,198.75,20.7,46.8,100.0,66.0,-7.8,2.7078714,0.0,-2.4,20.78333331,21.95,21.65,21.05,21.28333333333333,21.85,-21.558888886666665,-0.0555555866666672,0.0259999999999999,-0.4293333333333333,-0.1666666666666666,21.208024698888888,-0.4339999999999982,3.9790933,4.0691814,4.024358,4.022107,3.9512048,0,1.0,1,0.75,-0.48,9.7,90.3
2023-03-07 11:15:00,150.069830316666,103.419751927778,103.440306672222,20.78333331,-0.1666666666666666,21.85,2,5.1764362714980825,70.66250196097344,11,1,3,0.258819045102521,-0.9659258262890682,0.7818314824680298,0.6234898018587336,1.0,6.123233995736766e-17,319.25,292.0625,222.125,21.125,47.7,97.75,65.25,-7.925,2.686528,0.0,-2.35,20.58888889,21.53333333333333,21.95,21.65,21.05,21.816666666666663,-20.949999976666668,-0.3722222433333328,0.2366666666666667,-0.4033333333333334,-0.4106666666666667,21.050000001111112,-0.3331111111111093,3.9512048,3.9790933,4.0691814,4.024358,3.9007497,0,1.0,0,0.75,-0.56,11.5,88.5
2023-03-07 11:30:00,51.636823261114,0.0,0.0,20.58888889,-0.4106666666666667,21.816666666666663,0,5.1764362714980825,70.66250196097344,11,1,3,0.258819045102521,-0.9659258262890682,0.7818314824680298,0.6234898018587336,1.0,6.123233995736766e-17,356.5,310.1875,246.04166666666663,21.55,48.6,95.5,64.5,-8.05,2.6649969,0.0,-2.3,20.2388889,21.85,21.53333333333333,21.95,21.65,21.9,-20.999555556666667,-0.1944444199999999,-0.244,-0.1666666666666666,-0.482,20.842592584444443,-0.3268888888888872,3.9007497,3.9512048,3.9790933,4.0691814,3.8364687,1,2.0,1,0.5,-0.6,12.6,87.4
2023-03-07 11:45:00,146.734408188888,95.765891444444,95.785612855556,20.2388889,-0.482,21.9,2,5.1764362714980825,70.66250196097344,11,1,3,0.258819045102521,-0.9659258262890682,0.7818314824680298,0.6234898018587336,1.0,6.123233995736766e-17,393.75,337.875,270.5,21.975,49.5,93.25,63.75,-8.175,2.6432767,0.0,-2.25,20.10370374333333,21.816666666666663,21.85,21.53333333333333,21.95,22.466666666666665,-20.7208889,-0.3499999900000006,-0.0713333333333333,-0.4106666666666667,-0.2333333333333333,20.53703703333333,-0.3531111111111094,3.8364687,3.9007497,3.9512048,3.9790933,3.9047468,0,1.0,1,0.75,-0.68,14.8,85.2
2023-03-07 12:00:00,816.533726211112,111.945522,111.969965472222,20.10370374333333,-0.2333333333333333,22.466666666666665,2,5.1764362714980825,70.66250196097344,12,1,3,1.2246467991473532e-16,-1.0,0.7818314824680298,0.6234898018587336,1.0,6.123233995736766e-17,431.0,375.125,295.5,22.4,50.4,91.0,63.0,-8.3,2.6213667,0.0,-2.2,20.06111115,21.9,21.816666666666663,21.85,21.53333333333333,22.2,-20.337037076666668,-0.1351851566666653,0.2486666666666667,-0.482,-0.37,20.310493844444444,-0.3753333333333316,3.9047468,3.8364687,3.9007497,3.9512048,3.8487935,0,1.0,0,0.75,-0.71,15.6,84.4
2023-03-07 12:15:00,77.876884766668,22.907972527778,22.919360972222,20.06111115,-0.37,22.2,1,5.1764362714980825,70.66250196097344,12,1,3,1.2246467991473532e-16,-1.0,0.7818314824680298,0.6234898018587336,1.0,6.123233995736766e-17,437.5,404.6875,317.8125,22.85,51.65,93.25,63.0,-8.25,2.625971,0.0,-2.1750000000000003,19.79629632,22.466666666666665,21.9,21.816666666666663,21.85,22.65,-20.43111115,-0.0425925933333353,-0.1366666666666667,-0.2333333333333333,-0.3613333333333333,20.13456793111111,-0.361777777777776,3.8487935,3.9047468,3.8364687,3.9007497,3.8663526,0,1.0,1,0.75,-0.72,15.9,84.1
2023-03-07 12:30:00,175.772135599996,131.177808244444,131.20197396111,19.79629632,-0.3613333333333333,22.65,2,5.1764362714980825,70.66250196097344,12,1,3,1.2246467991473532e-16,-1.0,0.7818314824680298,0.6234898018587336,1.0,6.123233995736766e-17,444.0,426.5625,337.4375,23.3,52.9,95.5,63.0,-8.2,2.6305826,0.0,-2.1500000000000004,19.89444442,22.2,22.466666666666665,21.9,21.816666666666663,22.95,-20.15762965333333,-0.2648148299999988,0.0086666666666667,-0.37,-0.366,19.987037071111114,-0.3215555555555538,3.8663526,3.8487935,3.9047468,3.8364687,3.9401708,0,0.0,1,1.0,-0.78,17.8,82.2
2023-03-07 12:45:00,119.139678655556,76.635823344444,76.653600433332,19.89444442,-0.366,22.95,2,5.1764362714980825,70.66250196097344,12,1,3,1.2246467991473532e-16,-1.0,0.7818314824680298,0.6234898018587336,1.0,6.123233995736766e-17,450.5,440.75,354.375,23.75,54.15,97.75,63.0,-8.15,2.6352017,0.0,-2.125,19.842592576666668,22.65,22.2,22.466666666666665,21.9,22.53333333333333,-20.26044442,0.0981480999999995,-0.0046666666666666,-0.3613333333333333,-0.3353333333333333,19.917283963333333,-0.365777777777776,3.9401708,3.8663526,3.8487935,3.9047468,3.856895,0,0.0,0,1.0,-0.75,17.0,83.0
2023-03-07 13:00:00,102.671448577776,41.660277988888,41.672499716666,19.842592576666668,-0.3353333333333333,22.53333333333333,1,5.1764362714980825,70.66250196097344,13,1,3,-0.2588190451025208,-0.9659258262890684,0.7818314824680298,0.6234898018587336,1.0,6.123233995736766e-17,457.0,447.25,368.625,24.2,55.4,100.0,63.0,-8.1,2.639827,0.0,-2.1,19.64444445,22.95,22.65,22.2,22.466666666666665,22.85,-20.177925910000003,-0.0518518433333312,0.0306666666666666,-0.366,-0.226,19.84444443888889,-0.3542222222222204,3.856895,3.9401708,3.8663526,3.8487935,3.8658876,0,0.0,1,1.0,-0.77,17.4,82.6
2023-03-07 13:15:00,421.81534896111,148.20823810000002,148.236014772222,19.64444445,-0.226,22.85,2,5.1764362714980825,70.66250196097344,13,1,3,-0.2588190451025208,-0.9659258262890684,0.7818314824680298,0.6234898018587336,1.0,6.123233995736766e-17,420.75,443.0625,379.9375,24.575,55.775,100.0,63.0,-8.125,2.6352017,0.0,-2.125,19.80740742333333,22.53333333333333,22.95,22.65,22.2,22.816666666666663,-19.87044445,-0.1981481266666698,0.1093333333333333,-0.3353333333333333,-0.1906666666666666,19.79382714888889,-0.3091111111111093,3.8658876,3.856895,3.9401708,3.8663526,3.8973422,0,0.0,1,1.0,-0.81,18.9,81.1
2023-03-07 13:30:00,82.091160572226,39.044827027778,39.059548672222,19.80740742333333,-0.1906666666666666,22.816666666666663,1,5.1764362714980825,70.66250196097344,13,1,3,-0.2588190451025208,-0.9659258262890684,0.7818314824680298,0.6234898018587336,1.0,6.123233995736766e-17,384.5,428.1875,388.3125,24.95,56.15,100.0,63.0,-8.149999999999999,2.6305826,0.0,-2.1500000000000004,19.68333333,22.85,22.53333333333333,22.95,22.65,22.55,-19.99807409,0.1629629733333359,0.0353333333333333,-0.226,0.004,19.764814816666668,-0.2506666666666649,3.8973422,3.8658876,3.856895,3.9401708,3.8238528,0,0.0,1,1.0,-0.77,17.7,82.3
2023-03-07 13:45:00,126.6382676,66.601780255556,66.618446255556,19.68333333,0.004,22.55,1,5.1764362714980825,70.66250196097344,13,1,3,-0.2588190451025208,-0.9659258262890684,0.7818314824680298,0.6234898018587336,1.0,6.123233995736766e-17,348.25,402.625,393.75,25.325,56.525,100.0,63.0,-8.174999999999999,2.625971,0.0,-2.1750000000000003,19.54814814333333,22.816666666666663,22.85,22.53333333333333,22.95,22.966666666666665,-19.67933333,-0.1240740933333341,0.1946666666666666,-0.1906666666666666,-0.0006666666666666,19.711728401111117,-0.1375555555555538,3.8238528,3.8973422,3.8658876,3.856895,3.8637078,0,0.0,0,1.0,-0.8,18.6,81.4
2023-03-07 14:00:00,188.32746651667,148.633498822224,148.65988670000002,19.54814814333333,-0.0006666666666666,22.966666666666665,2,5.1764362714980825,70.66250196097344,14,1,3,-0.4999999999999997,-0.8660254037844388,0.7818314824680298,0.6234898018587336,1.0,6.123233995736766e-17,312.0,366.375,396.25,25.7,56.9,100.0,63.0,-8.2,2.6213667,0.0,-2.2,19.74444442,22.55,22.816666666666663,22.85,22.53333333333333,22.95,-19.54881481,-0.1351851866666678,-0.0046666666666666,0.004,-0.0346666666666666,19.679629632222223,-0.0624444444444426,3.8637078,3.8238528,3.8973422,3.8658876,3.905665,0,0.0,1,1.0,-0.83,19.6,80.4
2023-03-07 14:15:00,64.005217505554,16.991542527778,17.003208711112002,19.74444442,-0.0346666666666666,22.95,1,5.1764362714980825,70.66250196097344,14,1,3,-0.4999999999999997,-0.8660254037844388,0.7818314824680298,0.6234898018587336,1.0,6.123233995736766e-17,291.0,333.9375,393.8958333333333,25.775,56.975,100.0,63.0,-8.149999999999999,2.6352017,0.0,-2.125,19.56481479,22.966666666666665,22.55,22.816666666666663,22.85,22.716666666666665,-19.779111086666667,0.1962962766666685,-0.0339999999999999,-0.0006666666666666,0.054,19.658641964444445,-0.0104444444444426,3.905665,3.8637078,3.8238528,3.8973422,3.8253949,0,0.0,1,1.0,-0.79,18.1,81.9
2023-03-07 14:30:00,172.463656561118,116.553948772222,116.576170116666,19.56481479,0.054,22.716666666666665,2,5.1764362714980825,70.66250196097344,14,1,3,-0.4999999999999997,-0.8660254037844388,0.7818314824680298,0.6234898018587336,1.0,6.123233995736766e-17,270.0,305.3125,386.6875,25.85,57.05,100.0,63.0,-8.1,2.6490996,0.0,-2.05,19.62222223,22.95,22.966666666666665,22.55,22.816666666666663,23.3,-19.51081479,-0.1796296300000008,0.0886666666666666,-0.0346666666666666,0.2573333333333333,19.619135784444445,0.006222222222224,3.8253949,3.905665,3.8637078,3.8238528,3.9368806,0,0.0,1,1.0,-0.83,19.6,80.4
2023-03-07 14:45:00,161.501595227778,121.765684727778,121.78901716111,19.62222223,0.2573333333333333,23.3,2,5.1764362714980825,70.66250196097344,14,1,3,-0.4999999999999997,-0.8660254037844388,0.7818314824680298,0.6234898018587336,1.0,6.123233995736766e-17,249.0,280.5,374.625,25.925,57.125,100.0,63.0,-8.05,2.663063,0.0,-1.975,19.792592613333333,22.716666666666665,22.95,22.966666666666665,22.55,23.03333333333333,-19.364888896666667,0.0574074399999986,0.2033333333333333,0.054,0.4666666666666667,19.64382714666667,0.092222222222224,3.9368806,3.8253949,3.905665,3.8637078,3.930934,0,0.0,0,1.0,-0.81,19.0,81.0
2023-03-07 15:00:00,70.74966978333799,21.282204244444,21.294703711112,19.792592613333333,0.4666666666666667,23.03333333333333,1,5.1764362714980825,70.66250196097344,15,1,3,-0.7071067811865471,-0.7071067811865479,0.7818314824680298,0.6234898018587336,1.0,6.123233995736766e-17,228.0,259.5,357.7083333333333,26.0,57.2,100.0,63.0,-8.0,2.6770906,0.0,-1.9,19.51666665,23.3,22.716666666666665,22.95,22.966666666666665,23.35,-19.32592594666667,0.1703703833333349,0.2093333333333333,0.2573333333333333,0.6666666666666666,19.659876544444447,0.2593333333333351,3.930934,3.9368806,3.8253949,3.905665,3.9209356,0,0.0,1,1.0,-0.78,17.7,82.3
2023-03-07 15:15:00,172.220888588892,119.146345055556,119.169955244444,19.51666665,0.6666666666666666,23.35,2,5.1764362714980825,70.66250196097344,15,1,3,-0.7071067811865471,-0.7071067811865479,0.7818314824680298,0.6234898018587336,1.0,6.123233995736766e-17,209.25,239.0625,338.6875,25.375,57.3,100.0,62.5,-8.025,2.6698244,0.0,-1.825,19.577777766666667,23.03333333333333,23.3,22.716666666666665,22.95,23.316666666666663,-18.84999998333333,-0.2759259633333357,0.1999999999999999,0.4666666666666667,0.864,19.64382716444444,0.4635555555555573,3.9209356,3.930934,3.9368806,3.8253949,3.9294245,0,0.0,1,1.0,-0.84,19.8,80.2
2023-03-07 15:30:00,120.726837449998,80.967316727778,80.986482627778,19.577777766666667,0.864,23.316666666666663,2,5.1764362714980825,70.66250196097344,15,1,3,-0.7071067811865471,-0.7071067811865479,0.7818314824680298,0.6234898018587336,1.0,6.123233995736766e-17,190.5,219.1875,317.5625,24.75,57.400000000000006,100.0,62.0,-8.05,2.6623983,0.0,-1.75,19.58333335,23.35,23.03333333333333,23.3,22.716666666666665,22.7,-18.713777766666663,0.0611111166666695,0.1973333333333333,0.6666666666666666,0.9846666666666668,19.629012343333333,0.6657777777777795,3.9294245,3.9209356,3.930934,3.9368806,3.8267496,0,0.0,0,1.0,-0.82,19.3,80.7
2023-03-07 15:45:00,88.365909738886,36.202162972222,36.217440194442,19.58333335,0.9846666666666668,22.7,1,5.1764362714980825,70.66250196097344,15,1,3,-0.7071067811865471,-0.7071067811865479,0.7818314824680298,0.6234898018587336,1.0,6.123233995736766e-17,171.75,199.875,294.3333333333333,24.125,57.5,100.0,61.5,-8.075,2.6548114,0.0,-1.675,19.34814812,23.316666666666663,23.35,23.03333333333333,23.3,23.15,-18.59866668333333,0.0055555833333293,0.1206666666666667,0.864,0.854,19.55925925555556,0.8384444444444462,3.8267496,3.9294245,3.9209356,3.930934,3.84901,0,0.0,1,1.0,-0.83,19.4,80.6
2023-03-07 16:00:00,191.300125505554,140.979638372222,141.0035263,19.34814812,0.854,23.15,2,5.1764362714980825,70.66250196097344,16,1,3,-0.8660254037844385,-0.5000000000000004,0.7818314824680298,0.6234898018587336,1.0,6.123233995736766e-17,153.0,181.125,269.0,23.5,57.6,100.0,61.0,-8.1,2.6470628,0.0,-1.6,19.53888887,22.7,23.316666666666663,23.35,23.03333333333333,23.45,-18.49414812,-0.2351852299999954,-0.1306666666666667,0.9846666666666668,0.764,19.50308641222222,0.9008888888888906,3.84901,3.8267496,3.9294245,3.9209356,3.9428742,0,0.0,1,1.0,-0.88,21.3,78.7
2023-03-07 16:15:00,142.911783333332,103.199482955556,103.2200377,19.53888887,0.764,23.45,2,5.1764362714980825,70.66250196097344,16,1,3,-0.8660254037844385,-0.5000000000000004,0.7818314824680298,0.6234898018587336,1.0,6.123233995736766e-17,145.75,165.25,246.08333333333331,23.25,56.6,100.0,61.25,-8.075,2.6579113,0.0,-1.6,19.61296293333333,23.15,22.7,23.316666666666663,23.35,23.03333333333333,-18.77488887,0.1907407499999998,-0.0899999999999999,0.854,0.6679999999999999,19.49012344666667,0.8675555555555574,3.9428742,3.84901,3.8267496,3.9294245,3.889707,0,0.0,0,1.0,-0.83,19.6,80.4
2023-03-07 16:30:00,99.762953838886,47.52365456111,47.538376188888,19.61296293333333,0.6679999999999999,23.03333333333333,1,5.1764362714980825,70.66250196097344,16,1,3,-0.8660254037844385,-0.5000000000000004,0.7818314824680298,0.6234898018587336,1.0,6.123233995736766e-17,138.5,152.25,225.58333333333331,23.0,55.6,100.0,61.5,-8.05,2.6687598,0.0,-1.6,19.42777777,23.45,23.15,22.7,23.316666666666663,23.35,-18.944962933333333,0.074074063333331,-0.096,0.764,0.496,19.49999997444445,0.7620000000000018,3.889707,3.9428742,3.84901,3.8267496,3.900496,0,0.0,1,1.0,-0.82,19.1,80.9
2023-03-07 16:45:00,198.858989788888,149.402912527778,149.429300388888,19.42777777,0.496,23.35,2,5.1764362714980825,70.66250196097344,16,1,3,-0.8660254037844385,-0.5000000000000004,0.7818314824680298,0.6234898018587336,1.0,6.123233995736766e-17,131.25,142.125,207.5,22.75,54.6,100.0,61.75,-8.025,2.6796086,0.0,-1.6,19.61666667333333,23.03333333333333,23.45,23.15,22.7,23.316666666666663,-18.93177777,-0.1851851633333332,-0.1719999999999998,0.6679999999999999,0.6086666666666667,19.526543191111116,0.6426666666666684,3.900496,3.889707,3.9428742,3.84901,3.9384117,0,0.0,1,1.0,-0.86,20.6,79.4
2023-03-07 17:00:00,72.58765187778,29.839084172222,29.853250272222,19.61666667333333,0.6086666666666667,23.316666666666663,1,5.1764362714980825,70.66250196097344,17,1,3,-0.9659258262890684,-0.2588190451025206,0.7818314824680298,0.6234898018587336,1.0,6.123233995736766e-17,124.0,134.875,191.83333333333331,22.5,53.6,100.0,62.0,-8.0,2.6904573,0.0,-1.6,19.46666668,23.35,23.03333333333333,23.45,23.15,23.05,-19.008000006666663,0.1888889033333356,0.1126666666666666,0.496,0.6046666666666667,19.55246912555556,0.5908888888888907,3.9384117,3.900496,3.889707,3.9428742,3.8591974,0,0.0,1,1.0,-0.82,19.0,81.0
2023-03-07 17:15:00,141.582392161106,91.414398827778,91.434120272222,19.46666668,0.6046666666666667,23.05,2,5.1764362714980825,70.66250196097344,17,1,3,-0.9659258262890684,-0.2588190451025206,0.7818314824680298,0.6234898018587336,1.0,6.123233995736766e-17,113.5,126.8125,177.04166666666666,21.175,53.425,100.0,62.75,-7.9,2.713508,0.0,-1.65,19.438888866666662,23.316666666666663,23.35,23.03333333333333,23.45,23.28333333333333,-18.862000013333333,-0.1499999933333349,-0.004,0.6086666666666667,0.496,19.503703707777778,0.5697777777777796,3.8591974,3.9384117,3.900496,3.889707,3.891901,0,0.0,1,1.0,-0.85,20.3,79.7
2023-03-07 17:30:00,206.655344605554,158.090620588888,158.116730677776,19.438888866666662,0.496,23.28333333333333,2,5.1764362714980825,70.66250196097344,17,1,3,-0.9659258262890684,-0.2588190451025206,0.7818314824680298,0.6234898018587336,1.0,6.123233995736766e-17,103.0,117.9375,163.125,19.85,53.25,100.0,63.5,-7.8,2.736361,0.0,-1.7000000000000002,19.65555554,23.05,23.316666666666663,23.35,23.03333333333333,22.65,-18.942888866666667,-0.0277778133333335,-0.1086666666666666,0.6046666666666667,0.2413333333333333,19.50740740666667,0.5697777777777796,3.891901,3.8591974,3.9384117,3.900496,3.834552,0,0.0,0,1.0,-0.86,20.5,79.5
2023-03-07 17:45:00,51.604602416666,0.0,0.0,19.65555554,0.2413333333333333,22.65,0,5.1764362714980825,70.66250196097344,17,1,3,-0.9659258262890684,-0.2588190451025206,0.7818314824680298,0.6234898018587336,1.0,6.123233995736766e-17,92.5,108.25,150.08333333333334,18.525,53.075,100.0,64.25,-7.699999999999999,2.7590175,0.0,-1.75,19.41111112,23.28333333333333,23.05,23.316666666666663,23.35,22.683333333333334,-19.41422220666667,0.2166666733333357,-0.2546666666666667,0.496,0.056,19.520370362222224,0.4473333333333351,3.834552,3.891901,3.8591974,3.9384117,3.7854192,1,1.0,1,0.75,-0.81,18.8,81.2
2023-03-07 18:00:00,190.90319698333,142.703180544444,142.728457333332,19.41111112,0.056,22.683333333333334,2,5.1764362714980825,70.66250196097344,18,1,3,-1.0,-1.8369701987210294e-16,0.7818314824680298,0.6234898018587336,1.0,6.123233995736766e-17,82.0,97.75,137.91666666666666,17.2,52.9,100.0,65.0,-7.6,2.7814784,0.0,-1.8,19.56111111,22.65,23.28333333333333,23.05,23.316666666666663,22.95,-19.35511112,-0.2444444200000006,-0.1853333333333333,0.2413333333333333,-0.186,19.501851842222223,0.2644444444444462,3.7854192,3.834552,3.891901,3.8591974,3.8638465,0,1.0,1,0.75,-0.87,20.8,79.2
2023-03-07 18:15:00,164.903403550002,117.8602854,117.882228972222,19.56111111,-0.186,22.95,2,5.1764362714980825,70.66250196097344,18,1,3,-1.0,-1.8369701987210294e-16,0.7818314824680298,0.6234898018587336,1.0,6.123233995736766e-17,65.75,85.8125,125.95833333333331,17.125,49.575,100.0,65.75,-7.574999999999999,2.7890599,0.0,-1.925,19.664814826666667,22.683333333333334,22.65,23.28333333333333,23.05,22.53333333333333,-19.74711111,0.1499999900000013,-0.242,0.056,-0.38,19.54259259,0.0371111111111128,3.8638465,3.7854192,3.834552,3.891901,3.8168743,0,1.0,0,0.75,-0.83,19.5,80.5
2023-03-07 18:30:00,73.148185055556,24.815118472222,24.827062411112,19.664814826666667,-0.38,22.53333333333333,1,5.1764362714980825,70.66250196097344,18,1,3,-1.0,-1.8369701987210294e-16,0.7818314824680298,0.6234898018587336,1.0,6.123233995736766e-17,49.5,72.4375,114.20833333333331,17.049999999999997,46.25,100.0,66.5,-7.55,2.796272,0.0,-2.05,19.35555557,22.95,22.683333333333334,22.65,23.28333333333333,22.85,-20.044814826666663,0.103703716666665,-0.194,-0.186,-0.572,19.54567901888889,-0.1699999999999982,3.8168743,3.8638465,3.7854192,3.834552,3.8007874,0,1.0,1,0.75,-0.81,18.8,81.2
2023-03-07 18:45:00,176.90236795556,130.526167644444,130.54838893889,19.35555557,-0.572,22.85,2,5.1764362714980825,70.66250196097344,18,1,3,-1.0,-1.8369701987210294e-16,0.7818314824680298,0.6234898018587336,1.0,6.123233995736766e-17,33.25,57.625,102.66666666666669,16.974999999999998,42.925,100.0,67.25,-7.525,2.80312,0.0,-2.175,19.48333335333333,22.53333333333333,22.95,22.683333333333334,22.65,23.0,-19.92755557,-0.3092592566666674,-0.1919999999999999,-0.38,-0.5906666666666667,19.527160502222223,-0.3793333333333315,3.8007874,3.8168743,3.8638465,3.7854192,3.8546023,0,0.0,1,1.0,-0.88,21.3,78.7
2023-03-07 19:00:00,159.040026944448,113.274079972222,113.29602356111,19.48333335333333,-0.5906666666666667,23.0,2,5.1764362714980825,70.66250196097344,19,1,3,-0.9659258262890684,0.2588190451025203,0.7818314824680298,0.6234898018587336,1.0,6.123233995736766e-17,17.0,41.375,91.33333333333331,16.9,39.6,100.0,68.0,-7.5,2.809609,0.0,-2.3,19.56111115,22.85,22.53333333333333,22.95,22.683333333333334,22.7,-20.07400002,0.1277777833333324,-0.0186666666666667,-0.572,-0.77,19.50123458333333,-0.5142222222222205,3.8546023,3.8007874,3.8168743,3.8638465,3.821757,0,0.0,0,1.0,-0.85,20.2,79.8
2023-03-07 19:15:00,160.43886003888602,40.178392783334,40.192836672222,19.56111115,-0.77,22.7,1,5.1764362714980825,70.66250196097344,19,1,3,-0.9659258262890684,0.2588190451025203,0.7818314824680298,0.6234898018587336,1.0,6.123233995736766e-17,12.75,28.125,80.25,16.974999999999998,39.05,100.0,70.5,-7.15,2.8874173,0.0,-2.425,19.357407406666667,23.0,22.85,22.53333333333333,22.95,23.33333333333333,-20.33111115,0.0777777966666661,-0.1793333333333333,-0.5906666666666667,-0.9846666666666668,19.46666669111111,-0.6442222222222204,3.821757,3.8546023,3.8007874,3.8168743,3.8816066,0,0.0,1,1.0,-0.83,19.6,80.4
2023-03-07 19:30:00,274.61707037778,161.0210589,161.072167972222,19.357407406666667,-0.9846666666666668,23.33333333333333,2,5.1764362714980825,70.66250196097344,19,1,3,-0.9659258262890684,0.2588190451025203,0.7818314824680298,0.6234898018587336,1.0,6.123233995736766e-17,8.5,17.875,69.41666666666667,17.049999999999997,38.5,100.0,73.0,-6.8,2.9636214,0.0,-2.55,19.57222223,22.7,23.0,22.85,22.53333333333333,23.65,-20.342074073333333,-0.2037037433333317,-0.2146666666666666,-0.77,-1.1286666666666667,19.46728397,-0.781777777777776,3.8816066,3.821757,3.8546023,3.8007874,3.9842975,0,0.0,1,1.0,-0.87,21.1,78.9
2023-03-07 19:45:00,110.672795094446,0.0,0.0,19.57222223,-1.1286666666666667,23.65,0,5.1764362714980825,70.66250196097344,19,1,3,-0.9659258262890684,0.2588190451025203,0.7818314824680298,0.6234898018587336,1.0,6.123233995736766e-17,4.249999999999998,10.625,58.833333333333336,17.125,37.95,100.0,75.5,-6.449999999999999,3.0382404,0.0,-2.675,19.325925946666665,23.33333333333333,22.7,23.0,22.85,23.866666666666667,-20.70088889666667,0.2148148233333344,-0.144,-0.9846666666666668,-1.096666666666667,19.49691359555556,-0.9611111111111096,3.9842975,3.8816066,3.821757,3.8546023,3.962979,1,1.0,1,0.75,-0.82,19.3,80.7
2023-03-07 20:00:00,195.768835666664,75.14838286111,75.219491166664,19.325925946666665,-1.096666666666667,23.866666666666667,2,5.1764362714980825,70.66250196097344,20,1,3,-0.8660254037844386,0.5000000000000001,0.7818314824680298,0.6234898018587336,1.0,6.123233995736766e-17,0.0,6.375,48.5,17.2,37.4,100.0,78.0,-6.1,3.1112936,0.0,-2.8,19.277777800000003,23.65,23.33333333333333,22.7,23.0,24.45,-20.42259261333333,-0.2462962833333364,0.0319999999999998,-1.1286666666666667,-1.226,19.41851852777778,-1.0699999999999985,3.962979,3.9842975,3.8816066,3.821757,4.0483465,0,1.0,1,0.75,-0.88,21.3,78.7
2023-03-07 20:15:00,240.56343282777,125.690249988888,125.771357894442,19.277777800000003,-1.226,24.45,2,5.1764362714980825,70.66250196097344,20,1,3,-0.8660254037844386,0.5000000000000001,0.7818314824680298,0.6234898018587336,1.0,6.123233995736766e-17,0.0,3.1875,39.04166666666666,16.925,37.325,100.0,78.75,-6.199999999999999,3.0971515,0.05,-3.0,19.50740740666667,23.866666666666667,23.65,23.33333333333333,22.7,23.85,-20.5037778,-0.0481481466666622,-0.129333333333333,-1.096666666666667,-1.2660000000000002,19.39197532555556,-1.1504444444444428,4.0483465,3.962979,3.9842975,3.8816066,4.002716,0,1.0,0,0.75,-0.89,21.6,78.4
2023-03-07 20:30:00,142.073483549998,11.263993855556,11.33371338333,19.50740740666667,-1.2660000000000002,23.85,1,5.1764362714980825,70.66250196097344,20,1,3,-0.8660254037844386,0.5000000000000001,0.7818314824680298,0.6234898018587336,1.0,6.123233995736766e-17,0.0,1.0624999999999996,30.45833333333333,16.65,37.25,100.0,79.5,-6.3,3.0827196,0.1,-3.2,19.25000002,24.45,23.866666666666667,23.65,23.33333333333333,23.85,-20.77340740666667,0.2296296066666663,-0.0400000000000002,-1.226,-1.2913333333333334,19.370370384444445,-1.1962222222222207,4.002716,4.0483465,3.962979,3.9842975,3.9425442,0,1.0,1,0.75,-0.84,19.8,80.2
2023-03-07 20:45:00,244.036627044444,132.984402627778,133.050511149998,19.25000002,-1.2913333333333334,23.85,2,5.1764362714980825,70.66250196097344,20,1,3,-0.8660254037844386,0.5000000000000001,0.7818314824680298,0.6234898018587336,1.0,6.123233995736766e-17,0.0,0.0,22.75,16.375,37.175,100.0,80.25,-6.4,3.0680075,0.15,-3.4,19.40370370333333,23.85,24.45,23.866666666666667,23.65,23.816666666666663,-20.541333353333336,-0.2574073866666673,-0.0253333333333332,-1.2660000000000002,-1.454,19.345061742222228,-1.2611111111111095,3.9425442,4.002716,4.0483465,3.962979,3.9728186,0,0.0,1,1.0,-0.9,22.0,78.0
2023-03-07 21:00:00,143.969518872218,44.6173819,44.671824205554,19.40370370333333,-1.454,23.816666666666663,1,5.1764362714980825,70.66250196097344,21,1,3,-0.7071067811865477,0.7071067811865474,0.7818314824680298,0.6234898018587336,1.0,6.123233995736766e-17,0.0,0.0,15.916666666666666,16.1,37.1,100.0,81.0,-6.5,3.053024,0.2,-3.6,19.32777778,23.85,23.85,24.45,23.866666666666667,23.5,-20.857703703333332,0.1537036833333331,-0.1626666666666665,-1.2913333333333334,-1.55,19.387037043333336,-1.3371111111111096,3.9728186,3.9425442,4.002716,4.0483465,3.9025195,0,0.0,1,1.0,-0.86,20.7,79.3
2023-03-07 21:15:00,217.65657113889,99.361025383334,99.421578527778,19.32777778,-1.55,23.5,2,5.1764362714980825,70.66250196097344,21,1,3,-0.7071067811865477,0.7071067811865474,0.7818314824680298,0.6234898018587336,1.0,6.123233995736766e-17,0.0,0.0,10.4375,15.400000000000002,36.55,100.0,79.75,-6.725,2.9952471,0.175,-3.65,19.375925953333333,23.816666666666663,23.85,23.85,24.45,23.5,-20.87777778,-0.0759259233333331,-0.096,-1.454,-1.7,19.327160501111116,-1.431777777777776,3.9025195,3.9728186,3.9425442,4.002716,3.9135947,0,0.0,1,1.0,-0.88,21.4,78.6
2023-03-07 21:30:00,215.37249592222,90.00223311666599,90.077785711108,19.375925953333333,-1.7,23.5,2,5.1764362714980825,70.66250196097344,21,1,3,-0.7071067811865477,0.7071067811865474,0.7818314824680298,0.6234898018587336,1.0,6.123233995736766e-17,0.0,0.0,6.3125,14.7,36.0,100.0,78.5,-6.95,2.9378378,0.15,-3.7,19.42222224,23.5,23.816666666666663,23.85,23.85,23.2,-21.07592595333333,0.0481481733333311,-0.1499999999999999,-1.55,-1.7833333333333334,19.369135812222225,-1.5679999999999985,3.9135947,3.9025195,3.9728186,3.9425442,3.8741727,0,0.0,0,1.0,-0.87,21.0,79.0
2023-03-07 21:45:00,162.822097922224,51.893479727778,51.962088133332,19.42222224,-1.7833333333333334,23.2,1,5.1764362714980825,70.66250196097344,21,1,3,-0.7071067811865477,0.7071067811865474,0.7818314824680298,0.6234898018587336,1.0,6.123233995736766e-17,0.0,0.0,3.5416666666666665,14.0,35.45,100.0,77.25,-7.175000000000001,2.8807936,0.125,-3.75,19.2537037,23.5,23.5,23.816666666666663,23.85,23.83333333333333,-21.20555557333333,0.0462962866666671,-0.0833333333333334,-1.7,-1.894,19.37530865777778,-1.677777777777776,3.8741727,3.9135947,3.9025195,3.9728186,3.9406497,0,0.0,1,1.0,-0.86,20.6,79.4
2023-03-07 22:00:00,265.419105027778,152.097804744444,152.166135394442,19.2537037,-1.894,23.83333333333333,2,5.1764362714980825,70.66250196097344,22,1,3,-0.5000000000000004,0.8660254037844384,0.7818314824680298,0.6234898018587336,1.0,6.123233995736766e-17,0.0,0.0,2.125,13.3,34.9,100.0,76.0,-7.4,2.8241124,0.1,-3.8,19.41111112,23.2,23.5,23.5,23.816666666666663,24.15,-21.1477037,-0.1685185400000008,-0.1106666666666664,-1.7833333333333334,-1.923333333333333,19.350617297777777,-1.7924444444444427,3.9406497,3.8741727,3.9135947,3.9025195,4.030178,0,0.0,1,1.0,-0.9,21.9,78.1
2023-03-07 22:15:00,381.117810111116,18.404263783334,18.476483111112,19.41111112,-1.923333333333333,24.15,1,5.1764362714980825,70.66250196097344,22,1,3,-0.5000000000000004,0.8660254037844384,0.7818314824680298,0.6234898018587336,1.0,6.123233995736766e-17,0.0,0.0,1.0624999999999998,12.95,33.375,100.0,76.0,-7.425000000000001,2.819092,0.1,-3.825,19.23148149,23.83333333333333,23.2,23.5,23.5,24.183333333333334,-21.334444453333333,0.1574074200000019,-0.0293333333333332,-1.894,-1.992,19.362345686666668,-1.8668888888888877,4.030178,3.9406497,3.8741727,3.9135947,3.9932883,0,0.0,1,1.0,-0.86,20.5,79.5
2023-03-07 22:30:00,212.980924972218,94.720655472222,94.801485605554,19.23148149,-1.992,24.183333333333334,2,5.1764362714980825,70.66250196097344,22,1,3,-0.5000000000000004,0.8660254037844384,0.7818314824680298,0.6234898018587336,1.0,6.123233995736766e-17,0.0,0.0,0.3541666666666665,12.6,31.85,100.0,76.0,-7.45,2.8140783,0.1,-3.85,19.17777779,24.15,23.83333333333333,23.2,23.5,24.5,-21.22348149,-0.1796296300000008,-0.0686666666666668,-1.923333333333333,-2.0906666666666665,19.29876543666667,-1.9364444444444424,3.9932883,4.030178,3.9406497,3.8741727,4.0327964,0,0.0,1,1.0,-0.9,22.1,77.9
2023-03-07 22:45:00,264.860794044444,154.063281672222,154.131890044444,19.17777779,-2.0906666666666665,24.5,2,5.1764362714980825,70.66250196097344,22,1,3,-0.5000000000000004,0.8660254037844384,0.7818314824680298,0.6234898018587336,1.0,6.123233995736766e-17,0.0,0.0,0.0,12.25,30.325,100.0,76.0,-7.475,2.8090732,0.1,-3.875,19.38518515,24.183333333333334,24.15,23.83333333333333,23.2,24.316666666666663,-21.268444456666668,-0.0537036999999998,-0.0986666666666664,-1.992,-2.134,19.2734568,-2.0019999999999984,4.0327964,3.9932883,4.030178,3.9406497,4.0518064,0,0.0,0,1.0,-0.91,22.5,77.5
2023-03-07 23:00:00,65.91458556111,14.103324744444,14.113046588888,19.38518515,-2.134,24.316666666666663,1,5.1764362714980825,70.66250196097344,23,1,3,-0.2588190451025215,0.965925826289068,0.7818314824680298,0.6234898018587336,1.0,6.123233995736766e-17,0.0,0.0,0.0,11.9,28.8,100.0,76.0,-7.5,2.8040757,0.1,-3.9,19.19444443,24.5,24.183333333333334,24.15,23.83333333333333,24.35,-21.51918515,0.2074073599999977,-0.0433333333333334,-2.0906666666666665,-2.114,19.26481481,-2.0722222222222206,4.0518064,4.0327964,3.9932883,4.030178,4.0120435,0,0.0,1,1.0,-0.86,20.7,79.3
2023-03-07 23:15:00,177.422625111108,134.345737055556,134.370180511112,19.19444443,-2.114,24.35,2,5.1764362714980825,70.66250196097344,23,1,3,-0.2588190451025215,0.965925826289068,0.7818314824680298,0.6234898018587336,1.0,6.123233995736766e-17,0.0,0.0,0.0,11.875,28.25,100.0,75.75,-7.525,2.7998326,0.075,-3.875,19.34814816,24.316666666666663,24.5,24.183333333333334,24.15,24.316666666666663,-21.30844443,-0.1907407200000008,0.02,-2.134,-2.1540000000000004,19.25246912333333,-2.1128888888888877,4.0120435,4.0518064,4.0327964,3.9932883,4.042985,0,0.0,1,1.0,-0.91,22.3,77.7
2023-03-07 23:30:00,123.479227233336,71.428253872222,71.447142033332,19.34814816,-2.1540000000000004,24.316666666666663,2,5.1764362714980825,70.66250196097344,23,1,3,-0.2588190451025215,0.965925826289068,0.7818314824680298,0.6234898018587336,1.0,6.123233995736766e-17,0.0,0.0,0.0,11.85,27.700000000000003,100.0,75.5,-7.55,2.7955647,0.05,-3.85,19.36666665,24.35,24.316666666666663,24.5,24.183333333333334,24.05,-21.50214816,0.1537037300000037,-0.0400000000000004,-2.114,-2.2,19.309259246666667,-2.1339999999999986,4.042985,4.0120435,4.0518064,4.0327964,4.0030074,0,0.0,0,1.0,-0.87,21.0,79.0
2023-03-07 23:45:00,118.610810927778,67.385082255556,67.402026027778,19.36666665,-2.2,24.05,1,5.1764362714980825,70.66250196097344,23,1,3,-0.2588190451025215,0.965925826289068,0.7818314824680298,0.6234898018587336,1.0,6.123233995736766e-17,0.0,0.0,0.0,11.825,27.15,100.0,75.25,-7.574999999999999,2.791272,0.0249999999999999,-3.825,19.25925928,24.316666666666663,24.35,24.316666666666663,24.5,24.28333333333333,-21.56666665,0.0185184899999981,-0.0459999999999998,-2.1540000000000004,-2.1786666666666665,19.30308641333333,-2.1559999999999984,4.0030074,4.042985,4.0120435,4.0518064,4.0163674,0,0.0,1,1.0,-0.87,20.9,79.1
2023-03-08 00:00:00,182.637138655556,135.863731883334,135.887619844444,19.25925928,-2.1786666666666665,24.28333333333333,2,5.1764362714980825,70.66250196097344,0,2,3,0.0,1.0,0.9749279121818236,-0.2225209339563143,1.0,6.123233995736766e-17,0.0,0.0,0.0,11.8,26.6,100.0,75.0,-7.6,2.7869532,0.0,-3.8,19.43888889,24.05,24.316666666666663,24.35,24.316666666666663,24.0,-21.437925946666667,-0.1074073700000006,0.0213333333333336,-2.2,-2.2346666666666666,19.324691363333333,-2.177555555555554,4.0163674,4.0030074,4.042985,4.0120435,4.0116944,0,0.0,1,1.0,-0.89,21.8,78.2
2023-03-08 00:15:00,79.597649283334,22.1682799,22.17883506111,19.43888889,-2.2346666666666666,24.0,1,5.1764362714980825,70.66250196097344,0,2,3,0.0,1.0,0.9749279121818236,-0.2225209339563143,1.0,6.123233995736766e-17,0.0,0.0,0.0,11.6,26.35,100.0,75.0,-7.625,2.777051,0.0,-3.85,19.24074072,24.28333333333333,24.05,24.316666666666663,24.35,24.0,-21.673555556666663,0.1796296099999992,-0.056,-2.1786666666666665,-2.18,19.35493827333333,-2.2044444444444427,4.0116944,4.0163674,4.0030074,4.042985,3.9651768,0,0.0,1,1.0,-0.85,20.3,79.7
2023-03-08 00:30:00,198.140407350002,140.211613511112,140.234945944444,19.24074072,-2.18,24.0,2,5.1764362714980825,70.66250196097344,0,2,3,0.0,1.0,0.9749279121818236,-0.2225209339563143,1.0,6.123233995736766e-17,0.0,0.0,0.0,11.4,26.1,100.0,75.0,-7.65,2.7671797,0.0,-3.9,19.36666663,24.0,24.28333333333333,24.05,24.316666666666663,23.95,-21.42074072,-0.198148169999996,0.0546666666666664,-2.2346666666666666,-2.134,19.312962963333334,-2.1977777777777763,3.9651768,4.0116944,4.0163674,4.0030074,3.9863632,0,0.0,1,1.0,-0.9,22.0,78.0
2023-03-08 00:45:00,95.556455438886,38.7276175,38.737339394442,19.36666663,-2.134,23.95,1,5.1764362714980825,70.66250196097344,0,2,3,0.0,1.0,0.9749279121818236,-0.2225209339563143,1.0,6.123233995736766e-17,0.0,0.0,0.0,11.2,25.85,100.0,75.0,-7.675,2.7573395,0.0,-3.95,19.27962962,24.0,24.0,24.28333333333333,24.05,23.716666666666665,-21.50066663,0.1259259099999994,0.0460000000000002,-2.18,-2.07,19.348765413333336,-2.1828888888888875,3.9863632,3.9651768,4.0116944,4.0163674,3.9273512,0,0.0,1,1.0,-0.87,20.9,79.1
2023-03-08 01:00:00,176.990420216662,117.347805883334,117.362527577776,19.27962962,-2.07,23.716666666666665,2,5.1764362714980825,70.66250196097344,1,2,3,0.2588190451025207,0.9659258262890684,0.9749279121818236,-0.2225209339563143,1.0,6.123233995736766e-17,0.0,0.0,0.0,11.0,25.6,100.0,75.0,-7.7,2.7475297,0.0,-4.0,19.327777790000003,23.95,24.0,24.0,24.28333333333333,23.95,-21.34962962,-0.087037010000003,0.064,-2.134,-2.07,19.295678990000003,-2.1279999999999983,3.9273512,3.9863632,3.9651768,4.0116944,3.9772484,0,0.0,1,1.0,-0.89,21.7,78.3
2023-03-08 01:15:00,140.46854770000002,78.922120788888,78.93295372222,19.327777790000003,-2.07,23.95,2,5.1764362714980825,70.66250196097344,1,2,3,0.2588190451025207,0.9659258262890684,0.9749279121818236,-0.2225209339563143,1.0,6.123233995736766e-17,0.0,0.0,0.0,11.025,25.4,100.0,75.5,-7.65,2.7658465,0.0,-4.0,19.338888876666665,23.716666666666665,23.95,24.0,24.0,23.53333333333333,-21.397777790000003,0.0481481700000046,0.0,-2.07,-2.08,19.32469134666667,-2.091333333333332,3.9772484,3.9273512,3.9863632,3.9651768,3.9106119,0,0.0,0,1.0,-0.88,21.3,78.7
2023-03-08 01:30:00,116.964210194442,62.814153983334,62.825542477776,19.338888876666665,-2.08,23.53333333333333,1,5.1764362714980825,70.66250196097344,1,2,3,0.2588190451025207,0.9659258262890684,0.9749279121818236,-0.2225209339563143,1.0,6.123233995736766e-17,0.0,0.0,0.0,11.05,25.200000000000003,100.0,76.0,-7.6,2.7841632,0.0,-4.0,19.22777777,23.95,23.716666666666665,23.95,24.0,23.5,-21.418888876666664,0.0111110866666628,-0.0100000000000002,-2.07,-2.13,19.315432095555558,-2.073333333333332,3.9106119,3.9772484,3.9273512,3.9863632,3.8796046,0,0.0,1,1.0,-0.88,21.3,78.7
2023-03-08 01:45:00,185.843677055556,133.260780472222,133.283001833332,19.22777777,-2.13,23.5,2,5.1764362714980825,70.66250196097344,1,2,3,0.2588190451025207,0.9659258262890684,0.9749279121818236,-0.2225209339563143,1.0,6.123233995736766e-17,0.0,0.0,0.0,11.075,25.0,100.0,76.5,-7.55,2.8024802,0.0,-4.0,19.38888885,23.53333333333333,23.95,23.716666666666665,23.95,23.316666666666663,-21.35777777,-0.1111111066666659,-0.0499999999999998,-2.08,-2.1646666666666667,19.29814814555556,-2.0933333333333315,3.8796046,3.9106119,3.9772484,3.9273512,3.8860269,0,0.0,1,1.0,-0.9,22.2,77.8
2023-03-08 02:00:00,67.899783933332,12.8878178,12.896150833332,19.38888885,-2.1646666666666667,23.316666666666663,1,5.1764362714980825,70.66250196097344,2,2,3,0.4999999999999999,0.8660254037844387,0.9749279121818236,-0.2225209339563143,1.0,6.123233995736766e-17,0.0,0.0,0.0,11.1,24.8,100.0,77.0,-7.5,2.8207972,0.0,-4.0,19.188888870000003,23.5,23.53333333333333,23.95,23.716666666666665,23.35,-21.553555516666663,0.1611110800000013,-0.0346666666666668,-2.13,-2.248,19.31851849888889,-2.1248888888888877,3.8860269,3.8796046,3.9106119,3.9772484,3.846019,0,0.0,1,1.0,-0.87,20.9,79.1
2023-03-08 02:15:00,186.58336978333,133.806314183334,133.830757688888,19.188888870000003,-2.248,23.35,2,5.1764362714980825,70.66250196097344,2,2,3,0.4999999999999999,0.8660254037844387,0.9749279121818236,-0.2225209339563143,1.0,6.123233995736766e-17,0.0,0.0,0.0,11.175,24.9,100.0,77.5,-7.425,2.8340576,0.025,-4.025,19.296296266666666,23.316666666666663,23.5,23.53333333333333,23.95,23.5,-21.436888870000004,-0.1999999799999976,-0.083333333333333,-2.1646666666666667,-2.296,19.26851849666667,-2.1808888888888878,3.846019,3.8860269,3.8796046,3.9106119,3.8952937,0,0.0,1,1.0,-0.91,22.6,77.4
2023-03-08 02:30:00,100.952906272218,53.089820772222,53.104264644444,19.296296266666666,-2.296,23.5,1,5.1764362714980825,70.66250196097344,2,2,3,0.4999999999999999,0.8660254037844387,0.9749279121818236,-0.2225209339563143,1.0,6.123233995736766e-17,0.0,0.0,0.0,11.25,25.0,100.0,78.0,-7.35,2.8472605,0.05,-4.05,19.24444445,23.35,23.316666666666663,23.5,23.53333333333333,23.5,-21.592296266666665,0.1074073966666624,-0.048,-2.248,-2.3706666666666667,19.29135799555556,-2.2362222222222203,3.8952937,3.846019,3.8860269,3.8796046,3.8834164,0,0.0,1,1.0,-0.89,21.6,78.4
2023-03-08 02:45:00,132.902183733332,82.301985588888,82.319762711108,19.24444445,-2.3706666666666667,23.5,2,5.1764362714980825,70.66250196097344,2,2,3,0.4999999999999999,0.8660254037844387,0.9749279121818236,-0.2225209339563143,1.0,6.123233995736766e-17,0.0,0.0,0.0,11.325,25.1,100.0,78.5,-7.275,2.8604064,0.075,-4.074999999999999,19.216666666666665,23.5,23.35,23.316666666666663,23.5,23.5,-21.615111116666668,-0.0518518166666659,-0.0746666666666668,-2.296,-2.5,19.243209862222223,-2.3048888888888874,3.8834164,3.8952937,3.846019,3.8860269,3.8770666,0,0.0,1,1.0,-0.9,22.1,77.9
2023-03-08 03:00:00,178.69174096111,124.247807672222,124.268917977776,19.216666666666665,-2.5,23.5,2,5.1764362714980825,70.66250196097344,3,2,3,0.7071067811865476,0.7071067811865476,0.9749279121818236,-0.2225209339563143,1.0,6.123233995736766e-17,0.0,0.0,0.0,11.4,25.2,100.0,79.0,-7.2,2.8734958,0.1,-4.1,19.39444442,23.5,23.5,23.35,23.316666666666663,23.5,-21.716666666666665,-0.0277777833333345,-0.1293333333333333,-2.3706666666666667,-2.4873333333333334,19.252469127777776,-2.388888888888887,3.8770666,3.8834164,3.8952937,3.846019,3.9178615,0,0.0,0,1.0,-0.91,22.3,77.7
2023-03-08 03:15:00,78.067432811108,32.103160272222,32.11593756111,19.39444442,-2.4873333333333334,23.5,1,5.1764362714980825,70.66250196097344,3,2,3,0.7071067811865476,0.7071067811865476,0.9749279121818236,-0.2225209339563143,1.0,6.123233995736766e-17,0.0,0.0,0.0,11.45,25.475,100.0,79.25,-7.2,2.8723207,0.1,-4.15,19.153703706666665,23.5,23.5,23.5,23.35,23.683333333333334,-21.88177775333333,0.1777777533333342,0.0126666666666666,-2.5,-2.583333333333333,19.28518517888889,-2.452666666666665,3.9178615,3.8770666,3.8834164,3.8952937,3.8928413,0,0.0,1,1.0,-0.87,20.8,79.2
2023-03-08 03:30:00,187.091404977776,138.066421572222,138.091142833332,19.153703706666665,-2.583333333333333,23.683333333333334,2,5.1764362714980825,70.66250196097344,3,2,3,0.7071067811865476,0.7071067811865476,0.9749279121818236,-0.2225209339563143,1.0,6.123233995736766e-17,0.0,0.0,0.0,11.5,25.75,100.0,79.5,-7.2,2.8711133,0.1,-4.199999999999999,19.34444443,23.5,23.5,23.5,23.5,23.65,-21.73703704,-0.2407407133333343,-0.096,-2.4873333333333334,-2.5906666666666665,19.254938264444444,-2.523555555555554,3.8928413,3.9178615,3.8770666,3.8834164,3.9312847,0,0.0,1,1.0,-0.92,22.8,77.2
2023-03-08 03:45:00,85.537411600004,28.60246693889,28.61329983889,19.34444443,-2.5906666666666665,23.65,1,5.1764362714980825,70.66250196097344,3,2,3,0.7071067811865476,0.7071067811865476,0.9749279121818236,-0.2225209339563143,1.0,6.123233995736766e-17,0.0,0.0,0.0,11.55,26.025,100.0,79.75,-7.2,2.869873,0.1,-4.25,19.22777778333333,23.683333333333334,23.5,23.5,23.5,23.683333333333334,-21.935111096666667,0.1907407233333344,-0.0073333333333329,-2.583333333333333,-2.583333333333333,19.297530852222224,-2.553777777777776,3.9312847,3.8928413,3.9178615,3.8770666,3.909871,0,0.0,1,1.0,-0.88,21.2,78.8
2023-03-08 04:00:00,159.649169294446,115.819811472222,115.841477255556,19.22777778333333,-2.583333333333333,23.683333333333334,2,5.1764362714980825,70.66250196097344,4,2,3,0.8660254037844386,0.5000000000000001,0.9749279121818236,-0.2225209339563143,1.0,6.123233995736766e-17,0.0,0.0,0.0,11.6,26.3,100.0,80.0,-7.2,2.868601,0.1,-4.3,19.27777775,23.65,23.683333333333334,23.5,23.5,23.95,-21.811111116666662,-0.1166666466666654,0.0073333333333329,-2.5906666666666665,-2.6386666666666665,19.241975306666667,-2.585777777777776,3.909871,3.9312847,3.8928413,3.9178615,3.965558,0,0.0,1,1.0,-0.9,22.2,77.8
2023-03-08 04:15:00,141.1393542,92.924060688888,92.942948866664,19.27777775,-2.6386666666666665,23.95,2,5.1764362714980825,70.66250196097344,4,2,3,0.8660254037844386,0.5000000000000001,0.9749279121818236,-0.2225209339563143,1.0,6.123233995736766e-17,0.0,0.0,0.0,11.725,26.375,100.0,80.0,-7.225,2.8583646,0.1,-4.35,19.33518517,23.683333333333334,23.65,23.683333333333334,23.5,23.53333333333333,-21.916444416666664,0.0499999666666646,-0.055333333333333,-2.583333333333333,-2.801333333333333,19.28333332111111,-2.6042222222222207,3.965558,3.909871,3.9312847,3.8928413,3.9097607,0,0.0,0,1.0,-0.89,21.7,78.3
2023-03-08 04:30:00,121.189596622224,61.929467155556,61.945299855556,19.33518517,-2.801333333333333,23.53333333333333,1,5.1764362714980825,70.66250196097344,4,2,3,0.8660254037844386,0.5000000000000001,0.9749279121818236,-0.2225209339563143,1.0,6.123233995736766e-17,0.0,0.0,0.0,11.85,26.450000000000003,100.0,80.0,-7.25,2.8481607,0.1,-4.4,19.19444447,23.95,23.683333333333334,23.65,23.683333333333334,23.85,-22.13651850333333,0.0574074200000005,-0.1626666666666669,-2.6386666666666665,-2.846,19.280246901111116,-2.6744444444444437,3.9097607,3.965558,3.909871,3.9312847,3.929661,0,0.0,1,1.0,-0.88,21.3,78.7
2023-03-08 04:45:00,176.167675161114,133.671597372222,133.69520756111,19.19444447,-2.846,23.85,2,5.1764362714980825,70.66250196097344,4,2,3,0.8660254037844386,0.5000000000000001,0.9749279121818236,-0.2225209339563143,1.0,6.123233995736766e-17,0.0,0.0,0.0,11.975,26.525,100.0,80.0,-7.275,2.8379886,0.1,-4.45,19.3648148,23.53333333333333,23.95,23.683333333333334,23.65,23.816666666666663,-22.04044447,-0.1407406999999985,-0.0446666666666661,-2.801333333333333,-2.85,19.269135796666664,-2.7619999999999982,3.929661,3.9097607,3.965558,3.909871,3.963739,0,0.0,1,1.0,-0.91,22.4,77.6
2023-03-08 05:00:00,71.787961650002,24.7640094,24.77595342222,19.3648148,-2.85,23.816666666666663,1,5.1764362714980825,70.66250196097344,5,2,3,0.9659258262890684,0.2588190451025207,0.9749279121818236,-0.2225209339563143,1.0,6.123233995736766e-17,0.0,0.0,0.0,12.1,26.6,100.0,80.0,-7.3,2.8278487,0.1,-4.5,19.061111120000003,23.85,23.53333333333333,23.95,23.683333333333334,23.85,-22.2148148,0.1703703299999972,-0.0040000000000004,-2.846,-2.92,19.298148146666662,-2.8324444444444428,3.963739,3.929661,3.9097607,3.965558,3.8988905,0,0.0,1,1.0,-0.87,21.0,79.0
2023-03-08 05:15:00,155.768768983334,93.589034055556,93.605977894442,19.061111120000003,-2.92,23.85,2,5.1764362714980825,70.66250196097344,5,2,3,0.9659258262890684,0.2588190451025207,0.9749279121818236,-0.2225209339563143,1.0,6.123233995736766e-17,0.0,0.0,0.0,11.725,26.525,100.0,80.25,-7.325,2.831612,0.1,-4.525,18.772222226666667,23.816666666666663,23.85,23.53333333333333,23.95,24.183333333333334,-21.98111112,-0.3037036799999946,-0.0699999999999998,-2.85,-2.8393333333333337,19.20679013,-2.871999999999998,3.8988905,3.963739,3.929661,3.9097607,3.886505,0,0.0,1,1.0,-0.94,23.6,76.4
2023-03-08 05:30:00,182.814353833332,138.804169827778,138.826391205554,18.772222226666667,-2.8393333333333337,24.183333333333334,2,5.1764362714980825,70.66250196097344,5,2,3,0.9659258262890684,0.2588190451025207,0.9749279121818236,-0.2225209339563143,1.0,6.123233995736766e-17,0.0,0.0,0.0,11.35,26.450000000000003,100.0,80.5,-7.35,2.835351,0.1,-4.55,19.08888887,23.85,23.816666666666663,23.85,23.53333333333333,24.1,-21.61155556,-0.2888888933333362,0.0806666666666662,-2.92,-2.8433333333333333,19.06604938222222,-2.869777777777776,3.886505,3.8988905,3.963739,3.929661,3.946219,0,0.0,0,1.0,-1.0,26.3,73.7
2023-03-08 05:45:00,148.692941077772,102.8192204,102.839775194442,19.08888887,-2.8433333333333333,24.1,2,5.1764362714980825,70.66250196097344,5,2,3,0.9659258262890684,0.2588190451025207,0.9749279121818236,-0.2225209339563143,1.0,6.123233995736766e-17,0.0,0.0,0.0,10.975,26.375,100.0,80.75,-7.375,2.8390677,0.1,-4.574999999999999,19.275925926666662,24.183333333333334,23.85,23.816666666666663,23.85,23.53333333333333,-21.932222203333332,0.3166666433333347,-0.0039999999999995,-2.8393333333333337,-2.776,18.974074072222223,-2.8675555555555543,3.946219,3.886505,3.8988905,3.963739,3.8961418,0,0.0,0,1.0,-0.93,23.3,76.7
2023-03-08 06:00:00,128.859845416666,66.402621572222,66.415954388888,19.275925926666662,-2.776,23.53333333333333,1,5.1764362714980825,70.66250196097344,6,2,3,1.0,6.123233995736766e-17,0.9749279121818236,-0.2225209339563143,1.0,6.123233995736766e-17,0.0,0.0,0.0,10.6,26.3,100.0,81.0,-7.4,2.84276,0.1,-4.6,19.13888888,24.1,24.183333333333334,23.85,23.816666666666663,23.8,-22.051925926666662,0.1870370566666643,0.067333333333333,-2.8433333333333333,-2.7,19.045679007777785,-2.8195555555555543,3.8961418,3.946219,3.886505,3.8988905,3.908603,0,0.0,1,1.0,-0.89,21.8,78.2
2023-03-08 06:15:00,182.170212883334,139.760520472222,139.784408433332,19.13888888,-2.7,23.8,2,5.1764362714980825,70.66250196097344,6,2,3,1.0,6.123233995736766e-17,0.9749279121818236,-0.2225209339563143,1.0,6.123233995736766e-17,0.0,0.0,0.0,10.775,26.025,100.0,81.25,-7.4,2.8413322,0.1,-4.65,19.32962964333333,23.53333333333333,24.1,24.183333333333334,23.85,23.53333333333333,-21.83888888,-0.1370370466666663,0.076,-2.776,-2.557333333333333,19.16790122555556,-2.7731111111111098,3.908603,3.8961418,3.946219,3.886505,3.9084823,0,0.0,1,1.0,-0.92,22.9,77.1
2023-03-08 06:30:00,74.595904844448,30.0621308,30.074630283334,19.32962964333333,-2.557333333333333,23.53333333333333,1,5.1764362714980825,70.66250196097344,6,2,3,1.0,6.123233995736766e-17,0.9749279121818236,-0.2225209339563143,1.0,6.123233995736766e-17,0.0,0.0,0.0,10.95,25.75,100.0,81.5,-7.4,2.8398745,0.1,-4.699999999999999,19.14444448,23.8,23.53333333333333,24.1,24.183333333333334,23.85,-21.886962976666663,0.1907407633333306,0.1426666666666669,-2.7,-2.6853333333333333,19.24814815,-2.677777777777776,3.9084823,3.908603,3.8961418,3.946219,3.9180977,0,0.0,1,1.0,-0.88,21.3,78.7
2023-03-08 06:45:00,208.201949472218,143.937020055556,143.961741333332,19.14444448,-2.6853333333333333,23.85,2,5.1764362714980825,70.66250196097344,6,2,3,1.0,6.123233995736766e-17,0.9749279121818236,-0.2225209339563143,1.0,6.123233995736766e-17,0.0,0.0,0.0,11.125,25.475,100.0,81.75,-7.4,2.8383856,0.1,-4.75,19.324074073333332,23.53333333333333,23.8,23.53333333333333,24.1,24.0,-21.829777813333333,-0.1851851633333296,-0.1280000000000001,-2.557333333333333,-2.726,19.20432100111111,-2.647555555555554,3.9180977,3.9084823,3.908603,3.8961418,3.9846842,0,0.0,1,1.0,-0.92,22.9,77.1
2023-03-08 07:00:00,92.235477199996,50.512423872222,50.527978833332,19.324074073333332,-2.726,24.0,1,5.1764362714980825,70.66250196097344,7,2,3,0.9659258262890684,-0.2588190451025206,0.9749279121818236,-0.2225209339563143,1.0,6.123233995736766e-17,0.0,0.0,0.0,11.3,25.2,100.0,82.0,-7.4,2.8368669,0.1,-4.8,19.19999998,23.85,23.53333333333333,23.8,23.53333333333333,24.0,-22.05007407333333,0.1796295933333347,-0.0406666666666666,-2.6853333333333333,-2.622,19.26604939888889,-2.6562222222222207,3.9846842,3.9180977,3.9084823,3.908603,3.95567,0,0.0,1,1.0,-0.88,21.3,78.7
2023-03-08 07:15:00,131.556404166668,87.663159966668,87.683436972222,19.19999998,-2.622,24.0,2,5.1764362714980825,70.66250196097344,7,2,3,0.9659258262890684,-0.2588190451025206,0.9749279121818236,-0.2225209339563143,1.0,6.123233995736766e-17,0.75,0.1875,0.0625,11.125,25.1,100.0,80.0,-7.65,2.782612,0.1,-4.725,19.109259266666665,24.0,23.85,23.53333333333333,23.8,24.0,-21.82199998,-0.1240740933333377,0.104,-2.726,-2.6766666666666667,19.22283951111111,-2.677777777777776,3.95567,3.9846842,3.9180977,3.9084823,3.9345691,0,0.0,1,1.0,-0.91,22.4,77.6
2023-03-08 07:30:00,217.5521309,155.0529643,155.078241088888,19.109259266666665,-2.6766666666666667,24.0,2,5.1764362714980825,70.66250196097344,7,2,3,0.9659258262890684,-0.2588190451025206,0.9749279121818236,-0.2225209339563143,1.0,6.123233995736766e-17,1.5,0.5625,0.1875,10.95,25.0,100.0,78.0,-7.9,2.7276785,0.1,-4.65,19.366666650000003,24.0,24.0,23.85,23.53333333333333,23.65,-21.78592593333333,-0.0907407133333322,-0.0546666666666668,-2.622,-2.5900000000000003,19.211111106666667,-2.674888888888887,3.9345691,3.95567,3.9846842,3.9180977,3.9364297,0,0.0,0,1.0,-0.93,23.2,76.8
2023-03-08 07:45:00,57.431313855552,16.3893444,16.401566144444,19.366666650000003,-2.5900000000000003,23.65,1,5.1764362714980825,70.66250196097344,7,2,3,0.9659258262890684,-0.2588190451025206,0.9749279121818236,-0.2225209339563143,1.0,6.123233995736766e-17,2.25,1.125,0.375,10.775,24.9,100.0,76.0,-8.15,2.6720638,0.1,-4.575,19.164814826666667,24.0,24.0,24.0,23.85,23.683333333333334,-21.956666650000003,0.2574073833333372,0.0866666666666664,-2.6766666666666667,-2.3146666666666667,19.225308632222223,-2.629555555555554,3.9364297,3.9345691,3.95567,3.9846842,3.895391,0,0.0,1,1.0,-0.87,21.0,79.0
2023-03-08 08:00:00,179.894748488884,136.575647855556,136.600369116666,19.164814826666667,-2.3146666666666667,23.683333333333334,2,5.1764362714980825,70.66250196097344,8,2,3,0.8660254037844387,-0.4999999999999998,0.9749279121818236,-0.2225209339563143,1.0,6.123233995736766e-17,3.0,1.875,0.625,10.6,24.8,100.0,74.0,-8.4,2.61576,0.1,-4.5,19.30555556,23.65,24.0,24.0,24.0,23.95,-21.47948149333333,-0.2018518233333353,0.2753333333333336,-2.5900000000000003,-2.3473333333333333,19.21358024777778,-2.5271111111111098,3.895391,3.9364297,3.9345691,3.95567,3.9720495,0,0.0,1,1.0,-0.92,22.7,77.3
2023-03-08 08:15:00,133.161895594442,73.520947911112,73.538725,19.30555556,-2.3473333333333333,23.95,2,5.1764362714980825,70.66250196097344,8,2,3,0.8660254037844387,-0.4999999999999998,0.9749279121818236,-0.2225209339563143,1.0,6.123233995736766e-17,26.0,8.1875,2.7916666666666665,10.825,25.25,99.5,72.75,-8.475,2.5993254,0.075,-4.35,19.28703704,23.683333333333334,23.65,24.0,24.0,23.716666666666665,-21.652888893333333,0.1407407333333346,-0.0326666666666666,-2.3146666666666667,-2.538,19.27901234555556,-2.417333333333332,3.9720495,3.895391,3.9364297,3.9345691,3.929065,0,0.0,0,1.0,-0.88,21.5,78.5
2023-03-08 08:30:00,117.375582638886,77.319129327778,77.337739666668,19.28703704,-2.538,23.716666666666665,2,5.1764362714980825,70.66250196097344,8,2,3,0.8660254037844387,-0.4999999999999998,0.9749279121818236,-0.2225209339563143,1.0,6.123233995736766e-17,49.0,20.0625,6.875,11.05,25.700000000000003,99.0,71.5,-8.55,2.5821958,0.05,-4.2,19.17777779,23.95,23.683333333333334,23.65,24.0,23.95,-21.82503704,-0.0185185200000042,-0.1906666666666665,-2.3473333333333333,-2.6726666666666663,19.252469142222225,-2.3999999999999986,3.929065,3.9720495,3.895391,3.9364297,3.942264,0,0.0,0,1.0,-0.89,21.7,78.3
2023-03-08 08:45:00,175.831022111108,130.320064772222,130.345341594442,19.17777779,-2.6726666666666663,23.95,2,5.1764362714980825,70.66250196097344,8,2,3,0.8660254037844387,-0.4999999999999998,0.9749279121818236,-0.2225209339563143,1.0,6.123233995736766e-17,72.0,37.5,12.875,11.275,26.15,98.5,70.25,-8.625,2.5643597,0.0249999999999999,-4.05,19.34444441333333,23.716666666666665,23.95,23.683333333333334,23.65,23.53333333333333,-21.850444456666665,-0.1092592499999973,-0.1346666666666665,-2.538,-2.4146666666666667,19.25679013,-2.519333333333332,3.942264,3.929065,3.9720495,3.895391,3.9118912,0,0.0,0,1.0,-0.91,22.6,77.4
2023-03-08 09:00:00,347.701369072226,40.182559283334,40.19700313889,19.34444441333333,-2.4146666666666667,23.53333333333333,1,5.1764362714980825,70.66250196097344,9,2,3,0.7071067811865476,-0.7071067811865475,0.9749279121818236,-0.2225209339563143,1.0,6.123233995736766e-17,95.0,60.5,20.791666666666668,11.5,26.6,98.0,69.0,-8.7,2.5458055,0.0,-3.9,19.166666650000003,23.95,23.716666666666665,23.95,23.683333333333334,23.85,-21.75911108,0.1666666233333344,0.2579999999999995,-2.6726666666666663,-2.508666666666667,19.269753081111112,-2.541777777777776,3.9118912,3.942264,3.929065,3.9720495,3.9232333,0,0.0,1,1.0,-0.88,21.2,78.8
2023-03-08 09:15:00,187.004463972222,146.575247872222,146.601913488888,19.166666650000003,-2.508666666666667,23.85,2,5.1764362714980825,70.66250196097344,9,2,3,0.7071067811865476,-0.7071067811865475,0.9749279121818236,-0.2225209339563143,1.0,6.123233995736766e-17,126.75,85.6875,31.354166666666668,12.775,29.5,98.5,68.25,-8.625,2.5587792,0.0,-3.675,19.35925922333333,23.53333333333333,23.95,23.716666666666665,23.95,23.816666666666663,-21.67533331666667,-0.1777777633333315,-0.0940000000000003,-2.4146666666666667,-2.484,19.229629617777785,-2.5319999999999983,3.9232333,3.9118912,3.942264,3.929065,3.9624429,0,0.0,1,1.0,-0.92,22.7,77.3
2023-03-08 09:30:00,92.262976016666,45.800945672222,45.815389544444,19.35925922333333,-2.484,23.816666666666663,1,5.1764362714980825,70.66250196097344,9,2,3,0.7071067811865476,-0.7071067811865475,0.9749279121818236,-0.2225209339563143,1.0,6.123233995736766e-17,158.5,113.0625,44.5625,14.05,32.400000000000006,99.0,67.5,-8.55,2.5714295,0.0,-3.45,19.21111109,23.85,23.53333333333333,23.95,23.716666666666665,23.55,-21.84325922333333,0.1925925733333287,0.024666666666667,-2.508666666666667,-2.508,19.290123428888894,-2.469111111111109,3.9624429,3.9232333,3.9118912,3.942264,3.8840437,0,0.0,1,1.0,-0.87,21.0,79.0
2023-03-08 09:45:00,156.879002322224,93.742361255556,93.760971627778,19.21111109,-2.508,23.55,2,5.1764362714980825,70.66250196097344,9,2,3,0.7071067811865476,-0.7071067811865475,0.9749279121818236,-0.2225209339563143,1.0,6.123233995736766e-17,190.25,142.625,60.41666666666666,15.325,35.300000000000004,99.5,66.75,-8.475,2.583743,0.0,-3.225,19.19259257333333,23.816666666666663,23.85,23.53333333333333,23.95,24.15,-21.71911109,-0.1481481333333327,-0.024,-2.484,-2.490666666666667,19.24567898777778,-2.500222222222221,3.8840437,3.9624429,3.9232333,3.9118912,3.9786565,0,0.0,1,1.0,-0.91,22.4,77.6
2023-03-08 10:00:00,164.878960194442,84.821051455556,84.844383905554,19.19259257333333,-2.490666666666667,24.15,2,5.1764362714980825,70.66250196097344,10,2,3,0.4999999999999999,-0.8660254037844387,0.9749279121818236,-0.2225209339563143,1.0,6.123233995736766e-17,222.0,174.375,78.91666666666667,16.6,38.2,100.0,66.0,-8.4,2.5957081,0.0,-3.0,19.16111109,23.55,23.816666666666663,23.85,23.53333333333333,24.2,-21.68325924,-0.018518516666667,0.0173333333333332,-2.508,-2.397333333333333,19.254320962222224,-2.4942222222222203,3.9786565,3.8840437,3.9624429,3.9232333,3.9795043,0,0.0,0,1.0,-0.91,22.4,77.6
2023-03-08 10:15:00,117.951948416666,61.744474588888,61.761140588888,19.16111109,-2.397333333333333,24.2,1,5.1764362714980825,70.66250196097344,10,2,3,0.4999999999999999,-0.8660254037844387,0.9749279121818236,-0.2225209339563143,1.0,6.123233995736766e-17,225.5,199.0625,97.64583333333331,16.175,38.0,100.0,66.0,-8.325,2.6141133,0.0,-2.9,18.996296286666663,24.15,23.55,23.816666666666663,23.85,24.65,-21.55844442333333,-0.0314814833333301,0.0933333333333332,-2.490666666666667,-2.39,19.188271584444447,-2.465333333333332,3.9795043,3.9786565,3.8840437,3.9624429,4.014288,0,0.0,1,1.0,-0.91,22.7,77.3
2023-03-08 10:30:00,494.320226366668,166.504450655556,166.528894144444,18.996296286666663,-2.39,24.65,2,5.1764362714980825,70.66250196097344,10,2,3,0.4999999999999999,-0.8660254037844387,0.9749279121818236,-0.2225209339563143,1.0,6.123233995736766e-17,229.0,216.6875,116.60416666666669,15.75,37.8,100.0,66.0,-8.25,2.6326332,0.0,-2.8,19.23333333,24.2,24.15,23.55,23.816666666666663,25.3,-21.386296286666667,-0.1648148033333356,0.0073333333333334,-2.397333333333333,-2.313333333333333,19.116666650000003,-2.4259999999999984,4.014288,3.9795043,3.9786565,3.8840437,4.178134,0,0.0,1,1.0,-0.95,24.1,75.9
2023-03-08 10:45:00,322.41821388888803,31.193474427778,31.207918300000003,19.23333333,-2.313333333333333,25.3,1,5.1764362714980825,70.66250196097344,10,2,3,0.4999999999999999,-0.8660254037844387,0.9749279121818236,-0.2225209339563143,1.0,6.123233995736766e-17,232.5,227.25,135.79166666666666,15.325,37.6,100.0,66.0,-8.175,2.6512687,0.0,-2.7,19.096296296666665,24.65,24.2,24.15,23.55,25.58333333333333,-21.54666666333333,0.2370370433333306,0.0766666666666666,-2.39,-2.2,19.130246902222225,-2.3668888888888877,4.178134,4.014288,3.9795043,3.9786565,4.190936,0,0.0,1,1.0,-0.89,21.8,78.2
2023-03-08 11:00:00,157.860352099996,109.352570188888,109.374236005554,19.096296296666665,-2.2,25.58333333333333,2,5.1764362714980825,70.66250196097344,11,2,3,0.258819045102521,-0.9659258262890682,0.9749279121818236,-0.2225209339563143,1.0,6.123233995736766e-17,236.0,230.75,155.20833333333334,14.9,37.4,100.0,66.0,-8.1,2.6700196,0.0,-2.6,19.08333331,25.3,24.65,24.2,24.15,27.2,-21.296296296666664,-0.1370370333333319,0.1133333333333332,-2.313333333333333,-1.9873333333333327,19.108641971111112,-2.3011111111111098,4.190936,4.178134,4.014288,3.9795043,4.4523654,0,0.0,1,1.0,-0.92,23.0,77.0
2023-03-08 11:15:00,207.731968172222,158.539213744444,158.56643490555402,19.08333331,-1.9873333333333327,27.2,2,5.1764362714980825,70.66250196097344,11,2,3,0.258819045102521,-0.9659258262890682,0.9749279121818236,-0.2225209339563143,1.0,6.123233995736766e-17,260.25,239.4375,174.72916666666666,15.125,37.325,100.0,66.0,-7.975,2.6983647,0.0,-2.45,19.2574074,25.58333333333333,25.3,24.65,24.2,27.133333333333333,-21.070666643333333,-0.0129629866666647,0.212666666666667,-2.2,-1.9353333333333331,19.137654312222224,-2.1668888888888875,4.4523654,4.190936,4.178134,4.014288,4.487256,0,0.0,0,1.0,-0.92,22.7,77.3
2023-03-08 11:30:00,150.348430422216,102.733112777776,102.755056366664,19.2574074,-1.9353333333333331,27.133333333333333,2,5.1764362714980825,70.66250196097344,11,2,3,0.258819045102521,-0.9659258262890682,0.9749279121818236,-0.2225209339563143,1.0,6.123233995736766e-17,284.5,253.3125,194.35416666666663,15.35,37.25,100.0,66.0,-7.85,2.7269735,0.0,-2.3,19.02777776,27.2,25.58333333333333,25.3,24.65,26.85,-21.19274073333333,0.1740740899999977,0.0519999999999998,-1.9873333333333327,-1.6753333333333331,19.145679002222224,-2.040888888888887,4.487256,4.4523654,4.190936,4.178134,4.380693,0,0.0,0,1.0,-0.88,21.2,78.8
2023-03-08 11:45:00,197.587096183334,151.976976211112,152.00364186111,19.02777776,-1.6753333333333331,26.85,2,5.1764362714980825,70.66250196097344,11,2,3,0.258819045102521,-0.9659258262890682,0.9749279121818236,-0.2225209339563143,1.0,6.123233995736766e-17,308.75,272.375,214.08333333333331,15.575,37.175,100.0,66.0,-7.725,2.7558486,0.0,-2.15,19.222222196666667,27.133333333333333,27.2,25.58333333333333,25.3,27.0,-20.703111093333334,-0.2296296399999988,0.26,-1.9353333333333331,-1.6466666666666667,19.12283949,-1.8659999999999983,4.380693,4.487256,4.4523654,4.190936,4.4559603,0,0.0,0,1.0,-0.93,23.3,76.7
2023-03-08 12:00:00,207.45642366111,147.451879472222,147.476600716666,19.222222196666667,-1.6466666666666667,27.0,2,5.1764362714980825,70.66250196097344,12,2,3,1.2246467991473532e-16,-1.0,0.9749279121818236,-0.2225209339563143,1.0,6.123233995736766e-17,333.0,296.625,233.91666666666663,15.8,37.1,100.0,66.0,-7.6,2.7849917,0.0,-2.0,19.41111107,26.85,27.133333333333333,27.2,25.58333333333333,26.3,-20.868888863333336,0.194444436666668,0.0286666666666666,-1.6753333333333331,-1.486,19.16913578555556,-1.752444444444443,4.4559603,4.380693,4.487256,4.4523654,4.3889723,0,0.0,0,1.0,-0.89,21.6,78.4
2023-03-08 12:15:00,83.807203194442,0.0,0.0,19.41111107,-1.486,26.3,0,5.1764362714980825,70.66250196097344,12,2,3,1.2246467991473532e-16,-1.0,0.9749279121818236,-0.2225209339563143,1.0,6.123233995736766e-17,320.5,311.6875,250.0625,15.55,37.0,100.0,66.25,-7.524999999999999,2.7955413,0.0,-2.0,19.072222196666665,27.0,26.85,27.133333333333333,27.2,26.183333333333334,-20.89711107,0.1888888733333331,0.1606666666666667,-1.6466666666666667,-1.432,19.220370342222225,-1.6026666666666651,4.3889723,4.4559603,4.380693,4.487256,4.2831388,1,1.0,1,0.75,-0.85,20.1,79.9
2023-03-08 12:30:00,173.546391216666,104.814418355556,104.835250905554,19.072222196666665,-1.432,26.183333333333334,2,5.1764362714980825,70.66250196097344,12,2,3,1.2246467991473532e-16,-1.0,0.9749279121818236,-0.2225209339563143,1.0,6.123233995736766e-17,308.0,317.5625,262.5208333333333,15.3,36.900000000000006,100.0,66.5,-7.449999999999999,2.8060904,0.0,-2.0,19.08888887,26.3,27.0,26.85,27.133333333333333,26.45,-20.504222196666664,-0.3388888733333353,0.054,-1.486,-1.488,19.235185154444448,-1.521555555555554,4.2831388,4.3889723,4.4559603,4.380693,4.3310165,0,1.0,1,0.75,-0.92,23.0,77.0
2023-03-08 12:45:00,248.698940494446,163.429573655556,163.452350494446,19.08888887,-1.488,26.45,2,5.1764362714980825,70.66250196097344,12,2,3,1.2246467991473532e-16,-1.0,0.9749279121818236,-0.2225209339563143,1.0,6.123233995736766e-17,295.5,314.25,271.2916666666667,15.05,36.8,100.0,66.75,-7.375,2.8166397,0.0,-2.0,19.34999999333333,26.183333333333334,26.3,27.0,26.85,25.85,-20.57688887,0.0166666733333364,-0.056,-1.432,-1.3773333333333333,19.190740712222222,-1.468666666666665,4.3310165,4.2831388,4.3889723,4.4559603,4.298392,0,1.0,0,0.75,-0.92,22.8,77.2
2023-03-08 13:00:00,84.45939940555,0.0,0.0,19.34999999333333,-1.3773333333333333,25.85,0,5.1764362714980825,70.66250196097344,13,2,3,-0.2588190451025208,-0.9659258262890684,0.9749279121818236,-0.2225209339563143,1.0,6.123233995736766e-17,283.0,301.75,276.375,14.8,36.7,100.0,67.0,-7.3,2.8271887,0.0,-2.0,19.12777779,26.45,26.183333333333334,26.3,27.0,25.6,-20.727333326666663,0.261111123333329,0.1106666666666666,-1.488,-1.4233333333333331,19.170370353333336,-1.4324444444444426,4.298392,4.3310165,4.2831388,4.3889723,4.2014585,1,2.0,1,0.5,-0.86,20.7,79.3
2023-03-08 13:15:00,132.526365283338,68.7730823,68.789192772222,19.12777779,-1.4233333333333331,25.6,1,5.1764362714980825,70.66250196097344,13,2,3,-0.2588190451025208,-0.9659258262890684,0.9749279121818236,-0.2225209339563143,1.0,6.123233995736766e-17,300.0,296.625,282.5833333333333,14.85,36.525000000000006,91.0,66.5,-7.2,2.8456666,0.0,-1.8,19.03333332333333,25.85,26.45,26.183333333333334,26.3,26.433333333333334,-20.55111112333333,-0.2222222033333309,-0.046,-1.3773333333333333,-1.332,19.188888884444445,-1.429555555555554,4.2014585,4.298392,4.3310165,4.2831388,4.314126,0,1.0,1,0.75,-0.91,22.7,77.3
2023-03-08 13:30:00,235.273088683334,154.2838284,154.308271872222,19.03333332333333,-1.332,26.433333333333334,2,5.1764362714980825,70.66250196097344,13,2,3,-0.2588190451025208,-0.9659258262890684,0.9749279121818236,-0.2225209339563143,1.0,6.123233995736766e-17,317.0,298.875,289.9166666666667,14.9,36.35,82.0,66.0,-7.1,2.8640354,0.0,-1.6,19.27222221,25.6,25.85,26.45,26.183333333333334,26.1,-20.36533332333333,-0.0944444666666655,0.0913333333333332,-1.4233333333333331,-1.395333333333333,19.170370368888893,-1.377555555555554,4.314126,4.2014585,4.298392,4.3310165,4.3201337,0,1.0,1,0.75,-0.93,23.3,76.7
2023-03-08 13:45:00,88.944497594446,25.89868626111,25.910352477776,19.27222221,-1.395333333333333,26.1,1,5.1764362714980825,70.66250196097344,13,2,3,-0.2588190451025208,-0.9659258262890684,0.9749279121818236,-0.2225209339563143,1.0,6.123233995736766e-17,334.0,308.5,298.375,14.95,36.175,73.0,65.5,-7.0,2.8822882,0.0,-1.4,19.127777746666663,26.433333333333334,25.6,25.85,26.45,25.716666666666665,-20.66755554333333,0.2388888866666647,-0.0633333333333332,-1.332,-1.2746666666666668,19.144444441111112,-1.383555555555554,4.3201337,4.314126,4.2014585,4.298392,4.220606,0,1.0,1,0.75,-0.88,21.3,78.7
2023-03-08 14:00:00,132.4622013,88.631454566668,88.652287033336,19.127777746666663,-1.2746666666666668,25.716666666666665,2,5.1764362714980825,70.66250196097344,14,2,3,-0.4999999999999997,-0.8660254037844388,0.9749279121818236,-0.2225209339563143,1.0,6.123233995736766e-17,351.0,325.5,307.9583333333333,15.0,36.0,64.0,65.0,-6.9,2.9004192,0.0,-1.2,19.05000001,26.1,26.433333333333334,25.6,25.85,26.0,-20.40244441333333,-0.1444444633333326,0.1206666666666664,-1.395333333333333,-1.342,19.144444426666663,-1.3339999999999983,4.220606,4.3201337,4.314126,4.2014585,4.247577,0,0.0,1,1.0,-0.91,22.6,77.4
2023-03-08 14:15:00,498.32451072222,167.26108708888802,167.28914158333,19.05000001,-1.342,26.0,2,5.1764362714980825,70.66250196097344,14,2,3,-0.4999999999999997,-0.8660254037844388,0.9749279121818236,-0.2225209339563143,1.0,6.123233995736766e-17,417.0,354.75,321.0208333333333,15.075,36.35,69.0,64.5,-6.75,2.9285798,0.0,-0.95,19.314814786666663,25.716666666666665,26.1,26.433333333333334,25.6,25.816666666666663,-20.39200001,-0.0777777366666647,-0.067333333333333,-1.2746666666666668,-1.5,19.14999998888889,-1.3373333333333317,4.247577,4.220606,4.3201337,4.314126,4.283966,0,0.0,0,1.0,-0.93,23.3,76.7
2023-03-08 14:30:00,50.75491413889,0.0,0.0,19.314814786666663,-1.5,25.816666666666663,0,5.1764362714980825,70.66250196097344,14,2,3,-0.4999999999999997,-0.8660254037844388,0.9749279121818236,-0.2225209339563143,1.0,6.123233995736766e-17,483.0,396.25,337.5625,15.15,36.7,74.0,64.0,-6.6,2.956726,0.0,-0.7,19.15000002,26.0,25.716666666666665,26.1,26.433333333333334,25.55,-20.814814786666663,0.2648147766666646,-0.1580000000000001,-1.342,-1.3246666666666669,19.16419751444445,-1.372222222222221,4.283966,4.247577,4.220606,4.3201337,4.198749,1,1.0,1,0.75,-0.87,21.0,79.0
2023-03-08 14:45:00,181.171641777776,141.149909311112,141.176019416666,19.15000002,-1.3246666666666669,25.55,2,5.1764362714980825,70.66250196097344,14,2,3,-0.4999999999999997,-0.8660254037844388,0.9749279121818236,-0.2225209339563143,1.0,6.123233995736766e-17,549.0,450.0,357.5833333333333,15.225,37.05,79.0,63.5,-6.45,2.9848514,0.0,-0.4499999999999999,19.28148150333333,25.816666666666663,26.0,25.716666666666665,26.1,25.966666666666665,-20.474666686666662,-0.1648147666666659,0.1753333333333333,-1.5,-1.262,19.17160493888889,-1.3888888888888873,4.198749,4.283966,4.247577,4.220606,4.300408,0,1.0,1,0.75,-0.91,22.5,77.5
2023-03-08 15:00:00,168.59936683889,108.814258372222,108.834813133332,19.28148150333333,-1.262,25.966666666666665,2,5.1764362714980825,70.66250196097344,15,2,3,-0.7071067811865471,-0.7071067811865479,0.9749279121818236,-0.2225209339563143,1.0,6.123233995736766e-17,615.0,516.0,381.0833333333333,15.3,37.4,84.0,63.0,-6.3,3.0129466,0.0,-0.2,19.3888889,25.55,25.816666666666663,26.0,25.716666666666665,25.35,-20.543481503333336,0.1314814833333351,0.0626666666666666,-1.3246666666666669,-1.204,19.24876543666667,-1.3622222222222204,4.300408,4.198749,4.283966,4.247577,4.2249084,0,1.0,0,0.75,-0.88,21.3,78.7
2023-03-08 15:15:00,84.52023015555599,35.831622211112,35.8452328,19.3888889,-1.204,25.35,1,5.1764362714980825,70.66250196097344,15,2,3,-0.7071067811865471,-0.7071067811865479,0.9749279121818236,-0.2225209339563143,1.0,6.123233995736766e-17,580.25,556.8125,402.7291666666667,15.175,37.225,83.0,63.5,-6.25,3.0316226,0.0,-0.225,19.09814817,25.966666666666665,25.55,25.816666666666663,26.0,25.65,-20.5928889,0.1074073966666624,0.058,-1.262,-1.2339999999999998,19.27345680777778,-1.263555555555554,4.2249084,4.300408,4.198749,4.283966,4.202317,0,1.0,1,0.75,-0.86,20.5,79.5
2023-03-08 15:30:00,187.864707344444,139.953290527778,139.977734,19.09814817,-1.2339999999999998,25.65,2,5.1764362714980825,70.66250196097344,15,2,3,-0.7071067811865471,-0.7071067811865479,0.9749279121818236,-0.2225209339563143,1.0,6.123233995736766e-17,545.5,572.4375,422.5208333333333,15.05,37.05,82.0,64.0,-6.199999999999999,3.0502243,0.0,-0.25,19.31666667,25.35,25.966666666666665,25.55,25.816666666666663,25.95,-20.33214817,-0.2907407299999995,-0.0299999999999998,-1.204,-1.153333333333333,19.25617285777778,-1.2333333333333316,4.202317,4.2249084,4.300408,4.198749,4.306561,0,0.0,1,1.0,-0.92,22.9,77.1
2023-03-08 15:45:00,166.69222096111,109.976711872222,109.997266633332,19.31666667,-1.153333333333333,25.95,2,5.1764362714980825,70.66250196097344,15,2,3,-0.7071067811865471,-0.7071067811865479,0.9749279121818236,-0.2225209339563143,1.0,6.123233995736766e-17,510.75,562.875,440.4583333333333,14.925,36.875,81.0,64.5,-6.15,3.0687516,0.0,-0.275,19.39074073333333,25.65,25.35,25.966666666666665,25.55,25.35,-20.47000000333333,0.2185185000000018,0.0806666666666664,-1.2339999999999998,-1.157333333333333,19.267901246666664,-1.1971111111111097,4.306561,4.202317,4.2249084,4.300408,4.225368,0,0.0,0,1.0,-0.87,21.0,79.0
2023-03-08 16:00:00,102.313407366664,49.780230944444,49.794397077776,19.39074073333333,-1.157333333333333,25.35,1,5.1764362714980825,70.66250196097344,16,2,3,-0.8660254037844385,-0.5000000000000004,0.9749279121818236,-0.2225209339563143,1.0,6.123233995736766e-17,476.0,528.125,456.5416666666667,14.8,36.7,80.0,65.0,-6.1,3.0872045,0.0,-0.3,19.166666650000003,25.95,25.65,25.35,25.966666666666665,25.35,-20.54807406666667,0.0740740633333345,-0.004,-1.153333333333333,-1.204,19.268518524444445,-1.181555555555554,4.225368,4.306561,4.202317,4.2249084,4.1699777,0,0.0,1,1.0,-0.86,20.5,79.5
2023-03-08 16:15:00,200.17949266666,149.226530716666,149.253196366664,19.166666650000003,-1.204,25.35,2,5.1764362714980825,70.66250196097344,16,2,3,-0.8660254037844385,-0.5000000000000004,0.9749279121818236,-0.2225209339563143,1.0,6.123233995736766e-17,435.25,491.875,467.8125,14.725,36.425,85.0,65.75,-6.125,3.0799413,0.0,-0.5,19.39999999666667,25.35,25.95,25.65,25.35,25.316666666666663,-20.370666650000004,-0.2240740833333312,-0.0466666666666666,-1.157333333333333,-1.282,19.29135801777778,-1.171555555555554,4.1699777,4.225368,4.306561,4.202317,4.222112,0,0.0,1,1.0,-0.91,22.4,77.6
2023-03-08 16:30:00,180.00946608332998,127.953492772222,127.975436344444,19.39999999666667,-1.282,25.316666666666663,2,5.1764362714980825,70.66250196097344,16,2,3,-0.8660254037844385,-0.5000000000000004,0.9749279121818236,-0.2225209339563143,1.0,6.123233995736766e-17,394.5,454.125,474.2708333333333,14.65,36.150000000000006,90.0,66.5,-6.15,3.0722232,0.0,-0.7,19.44999999,25.35,25.35,25.95,25.65,24.7,-20.68199999666667,0.2333333466666651,-0.078,-1.204,-1.262,19.31913579333333,-1.2144444444444429,4.222112,4.1699777,4.225368,4.306561,4.131401,0,0.0,0,1.0,-0.85,20.4,79.6
2023-03-08 16:45:00,90.564988405554,36.3927109,36.405488188888,19.44999999,-1.262,24.7,1,5.1764362714980825,70.66250196097344,16,2,3,-0.8660254037844385,-0.5000000000000004,0.9749279121818236,-0.2225209339563143,1.0,6.123233995736766e-17,353.75,414.875,475.9166666666667,14.575,35.875,95.0,67.25,-6.175,3.0640626,0.0,-0.9000000000000001,19.22592595,25.316666666666663,25.35,25.35,25.95,24.966666666666665,-20.71199999,0.0499999933333299,0.02,-1.282,-1.2666666666666666,19.33888887888889,-1.249333333333332,4.131401,4.222112,4.1699777,4.225368,4.1212873,0,0.0,1,1.0,-0.85,20.1,79.9
2023-03-08 17:00:00,213.261747038886,159.496397672222,159.523341077776,19.22592595,-1.2666666666666666,24.966666666666665,2,5.1764362714980825,70.66250196097344,17,2,3,-0.9659258262890684,-0.2588190451025206,0.9749279121818236,-0.2225209339563143,1.0,6.123233995736766e-17,313.0,374.125,472.75,14.5,35.6,100.0,68.0,-6.2,3.0554714,0.0,-1.1,19.44444445,24.7,25.316666666666663,25.35,25.35,24.95,-20.492592616666663,-0.2240740399999978,-0.0046666666666665,-1.262,-1.464,19.35864197888889,-1.2702222222222206,4.1212873,4.131401,4.222112,4.1699777,4.1718545,0,0.0,1,1.0,-0.9,21.9,78.1
2023-03-08 17:15:00,185.979505038886,137.813098372222,137.836430788888,19.44444445,-1.464,24.95,2,5.1764362714980825,70.66250196097344,17,2,3,-0.9659258262890684,-0.2588190451025206,0.9749279121818236,-0.2225209339563143,1.0,6.123233995736766e-17,266.5,331.9375,460.2083333333333,14.325,35.25,100.0,68.5,-6.25,3.0459735,0.0,-1.25,19.52222222,24.966666666666665,24.7,25.316666666666663,25.35,24.53333333333333,-20.90844445,0.2185184999999982,-0.1973333333333333,-1.2666666666666666,-1.3793333333333335,19.373456796666662,-1.3308888888888872,4.1718545,4.1212873,4.131401,4.222112,4.1209865,0,0.0,0,1.0,-0.85,20.1,79.9
2023-03-08 17:30:00,66.534282988888,11.507317455556,11.51731703889,19.52222222,-1.3793333333333335,24.53333333333333,1,5.1764362714980825,70.66250196097344,17,2,3,-0.9659258262890684,-0.2588190451025206,0.9749279121818236,-0.2225209339563143,1.0,6.123233995736766e-17,220.0,288.3125,438.2916666666667,14.15,34.900000000000006,100.0,69.0,-6.300000000000001,3.0363038,0.0,-1.4,19.17777777,24.95,24.966666666666665,24.7,25.316666666666663,24.55,-20.90155555333333,0.0777777700000008,0.0846666666666664,-1.464,-1.386,19.39753087333333,-1.3699999999999983,4.1209865,4.1718545,4.1212873,4.131401,4.0410266,0,0.0,1,1.0,-0.83,19.5,80.5
2023-03-08 17:45:00,164.43258919999602,108.254836283334,108.276502149998,19.17777777,-1.386,24.55,2,5.1764362714980825,70.66250196097344,17,2,3,-0.9659258262890684,-0.2588190451025206,0.9749279121818236,-0.2225209339563143,1.0,6.123233995736766e-17,173.5,243.25,407.0,13.975,34.550000000000004,100.0,69.5,-6.3500000000000005,3.0264642,0.0,-1.55,19.037037023333333,24.53333333333333,24.95,24.966666666666665,24.7,24.966666666666665,-20.56377777,-0.344444450000001,-0.0066666666666663,-1.3793333333333335,-1.5633333333333332,19.38148148,-1.4097777777777762,4.0410266,4.1209865,4.1718545,4.1212873,4.075645,0,0.0,1,1.0,-0.91,22.4,77.6
2023-03-08 18:00:00,221.51530578333,176.286003844444,176.314058338886,19.037037023333333,-1.5633333333333332,24.966666666666665,2,5.1764362714980825,70.66250196097344,18,2,3,-1.0,-1.8369701987210294e-16,0.9749279121818236,-0.2225209339563143,1.0,6.123233995736766e-17,127.0,196.75,366.3333333333333,13.8,34.2,100.0,70.0,-6.4,3.0164611,0.0,-1.7,19.41111112,24.55,24.53333333333333,24.95,24.966666666666665,24.6,-20.600370356666662,-0.1407407466666654,-0.1773333333333333,-1.386,-1.49,19.245679004444444,-1.4428888888888871,4.075645,4.0410266,4.1209865,4.1718545,4.1052747,0,0.0,0,1.0,-0.94,23.6,76.4
2023-03-08 18:15:00,200.34420816111,145.401128155556,145.426404977776,19.41111112,-1.49,24.6,2,5.1764362714980825,70.66250196097344,18,2,3,-1.0,-1.8369701987210294e-16,0.9749279121818236,-0.2225209339563143,1.0,6.123233995736766e-17,101.0,155.375,326.3958333333333,12.425,33.475,99.75,70.75,-6.425000000000001,3.0169573,0.0,-1.85,19.501851833333333,24.966666666666665,24.55,24.53333333333333,24.95,24.03333333333333,-20.90111112,0.3740740966666678,0.0733333333333332,-1.5633333333333332,-1.3173333333333332,19.20864197111111,-1.479777777777776,4.1052747,4.075645,4.0410266,4.1209865,4.032168,0,0.0,0,1.0,-0.86,20.4,79.6
2023-03-08 18:30:00,86.91541207778,30.192681144444,30.203791816666,19.501851833333333,-1.3173333333333332,24.03333333333333,1,5.1764362714980825,70.66250196097344,18,2,3,-1.0,-1.8369701987210294e-16,0.9749279121818236,-0.2225209339563143,1.0,6.123233995736766e-17,75.0,119.125,287.1875,11.05,32.75,99.5,71.5,-6.45,3.0170743,0.0,-2.0,19.22222223,24.6,24.966666666666665,24.55,24.53333333333333,24.35,-20.819185166666667,0.0907407133333322,0.1726666666666667,-1.49,-1.3586666666666667,19.31666665888889,-1.4568888888888871,4.032168,4.1052747,4.075645,4.0410266,4.0186157,0,0.0,1,1.0,-0.84,19.8,80.2
2023-03-08 18:45:00,179.820584655556,135.320420349998,135.344308294442,19.22222223,-1.3586666666666667,24.35,2,5.1764362714980825,70.66250196097344,18,2,3,-1.0,-1.8369701987210294e-16,0.9749279121818236,-0.2225209339563143,1.0,6.123233995736766e-17,49.0,88.0,248.70833333333331,9.675,32.025,99.25,72.25,-6.475,3.016819,0.0,-2.15,19.32037036,24.03333333333333,24.6,24.966666666666665,24.55,24.5,-20.580888896666668,-0.2796296033333334,-0.0413333333333334,-1.3173333333333332,-1.6446666666666665,19.37839506111111,-1.388666666666665,4.0186157,4.032168,4.1052747,4.075645,4.06681,0,0.0,1,1.0,-0.9,22.1,77.9
2023-03-08 19:00:00,316.473729427778,166.406121255556,166.430009216666,19.32037036,-1.6446666666666665,24.5,2,5.1764362714980825,70.66250196097344,19,2,3,-0.9659258262890684,0.2588190451025203,0.9749279121818236,-0.2225209339563143,1.0,6.123233995736766e-17,23.0,62.0,210.95833333333331,8.3,31.3,99.0,73.0,-6.5,3.016198,0.0,-2.3,19.51666669,24.35,24.03333333333333,24.6,24.966666666666665,24.25,-20.965037026666668,0.098148130000002,-0.2859999999999998,-1.3586666666666667,-1.846666666666667,19.348148141111118,-1.4402222222222203,4.06681,4.0186157,4.032168,4.1052747,4.0720634,0,0.0,0,1.0,-0.88,21.2,78.8
2023-03-08 19:15:00,256.94222198333,18.145385272222,18.155940433332,19.51666669,-1.846666666666667,24.25,1,5.1764362714980825,70.66250196097344,19,2,3,-0.9659258262890684,0.2588190451025203,0.9749279121818236,-0.2225209339563143,1.0,6.123233995736766e-17,17.25,41.0625,176.125,8.725000000000001,28.075,97.75,74.5,-6.575,3.0032861,0.0,-2.65,19.246296296666667,24.5,24.35,24.03333333333333,24.6,25.116666666666667,-21.36333335666667,0.1962963299999991,-0.2020000000000001,-1.6446666666666665,-2.008,19.353086426666668,-1.6166666666666651,4.0720634,4.06681,4.0186157,4.032168,4.151026,0,0.0,1,1.0,-0.83,19.6,80.4
2023-03-08 19:30:00,388.5827894,53.311478572222,53.330366749998,19.246296296666667,-2.008,25.116666666666667,1,5.1764362714980825,70.66250196097344,19,2,3,-0.9659258262890684,0.2588190451025203,0.9749279121818236,-0.2225209339563143,1.0,6.123233995736766e-17,11.5,25.1875,144.20833333333334,9.15,24.85,96.5,76.0,-6.65,2.988997,0.0,-3.0,19.0388889,24.25,24.5,24.35,24.03333333333333,25.5,-21.254296296666663,-0.2703703933333337,-0.1613333333333333,-1.846666666666667,-2.1133333333333333,19.36111111555556,-1.8331111111111091,4.151026,4.0720634,4.06681,4.0186157,4.163164,0,0.0,0,1.0,-0.89,21.7,78.3
2023-03-08 19:45:00,971.7969599,156.48846246111,156.56651492222,19.0388889,-2.1133333333333333,25.5,2,5.1764362714980825,70.66250196097344,19,2,3,-0.9659258262890684,0.2588190451025203,0.9749279121818236,-0.2225209339563143,1.0,6.123233995736766e-17,5.75,14.375,115.20833333333331,9.575,21.625,95.25,77.5,-6.725,2.9733965,0.0,-3.35,19.329629633333337,25.116666666666667,24.25,24.5,24.35,25.316666666666663,-21.152222233333333,-0.2074073966666674,-0.1053333333333332,-2.008,-2.1173333333333333,19.267283962222223,-1.989333333333332,4.163164,4.151026,4.0720634,4.06681,4.2046638,0,0.0,1,1.0,-0.94,23.5,76.5
2023-03-08 20:00:00,267.701791450002,135.458470344444,135.535411733332,19.329629633333337,-2.1173333333333333,25.316666666666663,2,5.1764362714980825,70.66250196097344,20,2,3,-0.8660254037844386,0.5000000000000001,0.9749279121818236,-0.2225209339563143,1.0,6.123233995736766e-17,0.0,8.625,89.125,10.0,18.4,94.0,79.0,-6.8,2.9565504,0.0,-3.7,19.44999999,25.5,25.116666666666667,24.25,24.5,24.35,-21.44696296666667,0.2907407333333367,-0.004,-2.1133333333333333,-2.1,19.20493827666667,-2.079555555555554,4.2046638,4.163164,4.151026,4.0720634,4.0728593,0,0.0,0,1.0,-0.87,21.0,79.0
2023-03-08 20:15:00,177.709835805554,39.308149827778,39.375924916666,19.44999999,-2.1,24.35,1,5.1764362714980825,70.66250196097344,20,2,3,-0.8660254037844386,0.5000000000000001,0.9749279121818236,-0.2225209339563143,1.0,6.123233995736766e-17,0.0,4.3125,66.91666666666667,9.575,18.85,94.0,80.0,-6.775,2.9674652,0.0,-3.825,19.20555556333333,25.316666666666663,25.5,25.116666666666667,24.25,24.65,-21.54999999,0.1203703566666618,0.0173333333333332,-2.1173333333333333,-2.09,19.27283950777778,-2.110222222222221,4.0728593,4.2046638,4.163164,4.151026,4.064133,0,0.0,1,1.0,-0.85,20.2,79.8
2023-03-08 20:30:00,305.949150511108,154.6304812,154.7113113,19.20555556333333,-2.09,24.65,2,5.1764362714980825,70.66250196097344,20,2,3,-0.8660254037844386,0.5000000000000001,0.9749279121818236,-0.2225209339563143,1.0,6.123233995736766e-17,0.0,1.4375,48.583333333333336,9.15,19.3,94.0,81.0,-6.75,2.9779267,0.0,-3.95,19.42222222,24.35,25.316666666666663,25.5,25.116666666666667,24.95,-21.29555556333333,-0.2444444266666643,0.0100000000000002,-2.1,-2.142,19.328395062222224,-2.102444444444443,4.064133,4.0728593,4.2046638,4.163164,4.166405,0,0.0,1,1.0,-0.9,22.2,77.8
2023-03-08 20:45:00,243.67997466111,109.016750255556,109.093413872222,19.42222222,-2.142,24.95,2,5.1764362714980825,70.66250196097344,20,2,3,-0.8660254037844386,0.5000000000000001,0.9749279121818236,-0.2225209339563143,1.0,6.123233995736766e-17,0.0,0.0,34.125,8.725000000000001,19.75,94.0,82.0,-6.725,2.9879405,0.0,-4.075,19.42962964666667,24.65,24.35,25.316666666666663,25.5,24.53333333333333,-21.56422222,0.2166666566666641,-0.052,-2.09,-2.252,19.35925925777778,-2.110666666666665,4.166405,4.064133,4.0728593,4.2046638,4.098611,0,0.0,0,1.0,-0.85,20.3,79.7
2023-03-08 21:00:00,191.21901768333,46.275648883334,46.344257272222,19.42962964666667,-2.252,24.53333333333333,1,5.1764362714980825,70.66250196097344,21,2,3,-0.7071067811865477,0.7071067811865474,0.9749279121818236,-0.2225209339563143,1.0,6.123233995736766e-17,0.0,0.0,23.541666666666668,8.3,20.2,94.0,83.0,-6.7,2.9975142,0.0,-4.2,19.20555557,24.95,24.65,24.35,25.316666666666663,24.85,-21.681629646666668,0.0074074266666706,-0.1100000000000003,-2.142,-2.1973333333333334,19.352469143333337,-2.161333333333332,4.098611,4.166405,4.064133,4.0728593,4.097108,0,0.0,1,1.0,-0.85,20.3,79.7
2023-03-08 21:15:00,304.11477933889,161.033002855556,161.11299972222,19.20555557,-2.1973333333333334,24.85,2,5.1764362714980825,70.66250196097344,21,2,3,-0.7071067811865477,0.7071067811865474,0.9749279121818236,-0.2225209339563143,1.0,6.123233995736766e-17,0.0,0.0,15.125,7.975,19.55,95.0,82.75,-6.675,2.9991736,0.0,-4.15,19.3537037,24.53333333333333,24.95,24.65,24.35,24.816666666666663,-21.40288890333333,-0.2240740766666675,0.0546666666666668,-2.252,-1.9553333333333327,19.35246914555556,-2.1971111111111097,4.097108,4.098611,4.166405,4.064133,4.127466,0,0.0,1,1.0,-0.9,22.1,77.9
2023-03-08 21:30:00,138.44779528333,0.0,0.0,19.3537037,-1.9553333333333327,24.816666666666663,0,5.1764362714980825,70.66250196097344,21,2,3,-0.7071067811865477,0.7071067811865474,0.9749279121818236,-0.2225209339563143,1.0,6.123233995736766e-17,0.0,0.0,8.875,7.65,18.9,96.0,82.5,-6.65,3.0008023,0.0,-4.1,19.13333335,24.85,24.53333333333333,24.95,24.65,24.9,-21.30903703333333,0.1481481299999956,0.2420000000000002,-2.1973333333333334,-1.7186666666666668,19.32962963888889,-2.134888888888887,4.127466,4.097108,4.098611,4.166405,4.087914,1,1.0,1,0.75,-0.87,20.9,79.1
2023-03-08 21:45:00,198.082909666668,83.561379594446,83.607211094446,19.13333335,-1.7186666666666668,24.9,2,5.1764362714980825,70.66250196097344,21,2,3,-0.7071067811865477,0.7071067811865474,0.9749279121818236,-0.2225209339563143,1.0,6.123233995736766e-17,0.0,0.0,4.791666666666667,7.325,18.25,97.0,82.25,-6.625,3.0023994,0.0,-4.05,19.105555566666663,24.816666666666663,24.85,24.53333333333333,24.95,25.466666666666665,-20.852000016666665,-0.2203703499999996,0.2366666666666663,-1.9553333333333327,-1.5386666666666668,19.230864206666663,-1.9571111111111097,4.087914,4.127466,4.097108,4.098611,4.174103,0,1.0,1,0.75,-0.92,22.8,77.2
2023-03-08 22:00:00,197.911250133324,124.900281572222,124.920558544444,19.105555566666663,-1.5386666666666668,25.466666666666665,2,5.1764362714980825,70.66250196097344,22,2,3,-0.5000000000000004,0.8660254037844384,0.9749279121818236,-0.2225209339563143,1.0,6.123233995736766e-17,0.0,0.0,2.875,7.0,17.6,98.0,82.0,-6.6,3.0039659,0.0,-4.0,19.28888888,24.9,24.816666666666663,24.85,24.53333333333333,24.8,-20.64422223333333,-0.027777783333331,0.1799999999999999,-1.7186666666666668,-1.3653333333333333,19.19753087222222,-1.737555555555554,4.174103,4.087914,4.127466,4.097108,4.1089854,0,1.0,0,0.75,-0.92,22.9,77.1
2023-03-08 22:15:00,72.157947033328,0.0,0.0,19.28888888,-1.3653333333333333,24.8,0,5.1764362714980825,70.66250196097344,22,2,3,-0.5000000000000004,0.8660254037844384,0.9749279121818236,-0.2225209339563143,1.0,6.123233995736766e-17,0.0,0.0,1.4375,7.075,16.975,97.0,82.0,-6.55,3.014691,0.0,-3.95,19.053703726666665,25.466666666666665,24.9,24.816666666666663,24.85,24.683333333333334,-20.65422221333333,0.1833333133333319,0.1733333333333335,-1.5386666666666668,-1.1966666666666663,19.175925932222224,-1.5408888888888874,4.1089854,4.174103,4.087914,4.127466,4.033355,1,2.0,1,0.5,-0.88,21.4,78.6
2023-03-08 22:30:00,193.489760083334,123.127019155556,123.14618503889,19.053703726666665,-1.1966666666666663,24.683333333333334,2,5.1764362714980825,70.66250196097344,22,2,3,-0.5000000000000004,0.8660254037844384,0.9749279121818236,-0.2225209339563143,1.0,6.123233995736766e-17,0.0,0.0,0.4791666666666667,7.15,16.35,96.0,82.0,-6.5,3.02545,0.0,-3.9,19.20555557,24.8,25.466666666666665,24.9,24.816666666666663,24.95,-20.25037039333333,-0.2351851533333331,0.1686666666666667,-1.3653333333333333,-1.0313333333333334,19.149382724444443,-1.3668888888888873,4.033355,4.1089854,4.174103,4.087914,4.1135955,0,1.0,1,0.75,-0.94,23.5,76.5
2023-03-08 22:45:00,158.011734827778,85.767957994446,85.78323516666799,19.20555557,-1.0313333333333334,24.95,2,5.1764362714980825,70.66250196097344,22,2,3,-0.5000000000000004,0.8660254037844384,0.9749279121818236,-0.2225209339563143,1.0,6.123233995736766e-17,0.0,0.0,0.0,7.225,15.725,95.0,82.0,-6.45,3.0362425,0.0,-3.85,19.27962963333333,24.683333333333334,24.8,25.466666666666665,24.9,24.53333333333333,-20.23688890333333,0.1518518433333362,0.1653333333333331,-1.1966666666666663,-0.894,19.18271605888889,-1.197777777777776,4.1135955,4.033355,4.1089854,4.174103,4.062587,0,1.0,0,0.75,-0.9,22.1,77.9
2023-03-08 23:00:00,94.653713666668,19.886704516666,19.896148605554,19.27962963333333,-0.894,24.53333333333333,1,5.1764362714980825,70.66250196097344,23,2,3,-0.2588190451025215,0.965925826289068,0.9749279121818236,-0.2225209339563143,1.0,6.123233995736766e-17,0.0,0.0,0.0,7.3,15.1,94.0,82.0,-6.4,3.0470686,0.0,-3.8,19.01666664,24.95,24.683333333333334,24.8,25.466666666666665,24.85,-20.17362963333333,0.074074063333331,0.1373333333333334,-1.0313333333333334,-0.7020000000000001,19.17962964333333,-1.040666666666665,4.062587,4.1135955,4.033355,4.1089854,4.051727,0,1.0,1,0.75,-0.89,21.6,78.4
2023-03-08 23:15:00,202.534398316666,137.731434972222,137.754489649998,19.01666664,-0.7020000000000001,24.85,2,5.1764362714980825,70.66250196097344,23,2,3,-0.2588190451025215,0.965925826289068,0.9749279121818236,-0.2225209339563143,1.0,6.123233995736766e-17,0.0,0.0,0.0,7.5,15.275,95.5,82.25,-6.375,3.050925,0.0,-3.825,19.212962966666662,24.53333333333333,24.95,24.683333333333334,24.8,24.816666666666663,-19.71866664,-0.2629629933333319,0.1919999999999999,-0.894,-0.588,19.16728394777778,-0.8757777777777762,4.051727,4.062587,4.1135955,4.033355,4.0934,0,0.0,1,1.0,-0.94,23.8,76.2
2023-03-08 23:30:00,111.94413313889,42.079705611112,42.09220516111,19.212962966666662,-0.588,24.816666666666663,1,5.1764362714980825,70.66250196097344,23,2,3,-0.2588190451025215,0.965925826289068,0.9749279121818236,-0.2225209339563143,1.0,6.123233995736766e-17,0.0,0.0,0.0,7.699999999999999,15.45,97.0,82.5,-6.35,3.054756,0.0,-3.85,19.12777779,24.85,24.53333333333333,24.95,24.683333333333334,24.9,-19.800962966666667,0.1962963266666655,0.1140000000000001,-0.7020000000000001,-0.4413333333333333,19.169753080000003,-0.7279999999999984,4.0934,4.051727,4.062587,4.1135955,4.0865746,0,0.0,1,1.0,-0.9,22.1,77.9
2023-03-08 23:45:00,151.915034338886,76.226117533332,76.24278358333,19.12777779,-0.4413333333333333,24.9,2,5.1764362714980825,70.66250196097344,23,2,3,-0.2588190451025215,0.965925826289068,0.9749279121818236,-0.2225209339563143,1.0,6.123233995736766e-17,0.0,0.0,0.0,7.899999999999999,15.625,98.5,82.75,-6.325,3.058563,0.0,-3.875,19.05370367333333,24.816666666666663,24.85,24.53333333333333,24.95,25.28333333333333,-19.56911112333333,-0.0851851766666662,0.1466666666666666,-0.588,-0.224,19.11913579888889,-0.5771111111111095,4.0865746,4.0934,4.051727,4.062587,4.1313977,0,0.0,1,1.0,-0.92,22.8,77.2
2023-03-09 00:00:00,194.685267911108,133.498270955556,133.521881177776,19.05370367333333,-0.224,25.28333333333333,2,5.1764362714980825,70.66250196097344,0,3,3,0.0,1.0,0.4338837391175582,-0.900968867902419,1.0,6.123233995736766e-17,0.0,0.0,0.0,8.1,15.8,100.0,83.0,-6.3,3.0623457,0.0,-3.9,19.23333334,24.9,24.816666666666663,24.85,24.53333333333333,24.7,-19.27770367333333,-0.0740741166666651,0.2173333333333333,-0.4413333333333333,-0.0746666666666666,19.131481476666668,-0.4177777777777762,4.1313977,4.0865746,4.0934,4.051727,4.079048,0,0.0,0,1.0,-0.93,23.4,76.6
2023-03-09 00:15:00,148.415729849998,76.815816127778,76.832482177776,19.23333334,-0.0746666666666666,24.7,2,5.1764362714980825,70.66250196097344,0,3,3,0.0,1.0,0.4338837391175582,-0.900968867902419,1.0,6.123233995736766e-17,0.0,0.0,0.0,8.125,16.0,99.5,82.5,-6.25,3.0765758,0.0,-3.75,19.038888906666667,25.28333333333333,24.9,24.816666666666663,24.85,25.15,-19.308000006666667,0.179629666666667,0.1493333333333333,-0.224,-0.0746666666666666,19.138271601111114,-0.246666666666665,4.079048,4.1313977,4.0865746,4.0934,4.106023,0,0.0,0,1.0,-0.9,21.9,78.1
2023-03-09 00:30:00,212.02985188333,138.418907472222,138.441962149998,19.038888906666667,-0.0746666666666666,25.15,2,5.1764362714980825,70.66250196097344,0,3,3,0.0,1.0,0.4338837391175582,-0.900968867902419,1.0,6.123233995736766e-17,0.0,0.0,0.0,8.149999999999999,16.200000000000003,99.0,82.0,-6.199999999999999,3.0907156,0.0,-3.6,19.23888888,24.7,25.28333333333333,24.9,24.816666666666663,25.1,-19.113555573333333,-0.1944444333333344,0.0,-0.0746666666666666,-0.156,19.10864197333333,-0.1244444444444428,4.106023,4.079048,4.1313977,4.0865746,4.146463,0,0.0,0,1.0,-0.94,23.6,76.4
2023-03-09 00:45:00,100.282099672222,38.9476087,38.960108216666,19.23888888,-0.156,25.1,1,5.1764362714980825,70.66250196097344,0,3,3,0.0,1.0,0.4338837391175582,-0.900968867902419,1.0,6.123233995736766e-17,0.0,0.0,0.0,8.174999999999999,16.400000000000002,98.5,81.5,-6.15,3.1047626,0.0,-3.45,19.127777746666663,25.15,24.7,25.28333333333333,24.9,24.716666666666665,-19.39488888,0.1999999733333304,-0.0813333333333333,-0.0746666666666666,-0.252,19.17037037555556,-0.1017777777777761,4.146463,4.106023,4.079048,4.1313977,4.0564866,0,0.0,1,1.0,-0.89,21.8,78.2
2023-03-09 01:00:00,145.808056477772,69.121957277776,69.137512255552,19.127777746666663,-0.252,24.716666666666665,1,5.1764362714980825,70.66250196097344,1,3,3,0.2588190451025207,0.9659258262890684,0.4338837391175582,-0.900968867902419,1.0,6.123233995736766e-17,0.0,0.0,0.0,8.2,16.6,98.0,81.0,-6.1,3.1187127,0.0,-3.3,19.0111111,25.1,25.15,24.7,25.28333333333333,25.3,-19.379777746666665,-0.1111111333333312,-0.096,-0.156,-0.436,19.13518517777778,-0.1608888888888872,4.0564866,4.146463,4.106023,4.079048,4.123746,0,0.0,0,1.0,-0.92,22.9,77.1
2023-03-09 01:15:00,183.906254605554,113.111030911112,113.127696944444,19.0111111,-0.436,25.3,2,5.1764362714980825,70.66250196097344,1,3,3,0.2588190451025207,0.9659258262890684,0.4338837391175582,-0.900968867902419,1.0,6.123233995736766e-17,0.0,0.0,0.0,8.399999999999999,17.05,97.75,80.75,-6.025,3.13119,0.0,-3.2,19.177777806666665,24.716666666666665,25.1,25.15,24.7,24.85,-19.4471111,-0.1166666466666654,-0.184,-0.252,-0.4633333333333333,19.125925908888888,-0.2813333333333317,4.123746,4.0564866,4.146463,4.106023,4.0904074,0,0.0,1,1.0,-0.94,23.8,76.2
2023-03-09 01:30:00,82.43670241666601,39.783686355556,39.795352588888,19.177777806666665,-0.4633333333333333,24.85,1,5.1764362714980825,70.66250196097344,1,3,3,0.2588190451025207,0.9659258262890684,0.4338837391175582,-0.900968867902419,1.0,6.123233995736766e-17,0.0,0.0,0.0,8.6,17.5,97.5,80.5,-5.949999999999999,3.1436672,0.0,-3.1,19.04444446,25.3,24.716666666666665,25.1,25.15,24.8,-19.64111114,0.166666706666664,-0.0273333333333333,-0.436,-0.6426666666666667,19.105555551111117,-0.3837777777777761,4.0904074,4.123746,4.0564866,4.146463,4.050208,0,0.0,1,1.0,-0.91,22.4,77.6
2023-03-09 01:45:00,208.473882911112,150.2114913,150.236212577776,19.04444446,-0.6426666666666667,24.8,2,5.1764362714980825,70.66250196097344,1,3,3,0.2588190451025207,0.9659258262890684,0.4338837391175582,-0.900968867902419,1.0,6.123233995736766e-17,0.0,0.0,0.0,8.8,17.95,97.25,80.25,-5.875,3.1561449,0.0,-3.0,19.300000016666665,24.85,25.3,24.716666666666665,25.1,24.35,-19.687111126666668,-0.1333333466666637,-0.1793333333333334,-0.4633333333333333,-0.64,19.07777778888889,-0.5139999999999983,4.050208,4.0904074,4.123746,4.0564866,4.0370684,0,0.0,1,1.0,-0.94,23.6,76.4
2023-03-09 02:00:00,95.752280955552,45.372073944444,45.382906911108,19.300000016666665,-0.64,24.35,1,5.1764362714980825,70.66250196097344,2,3,3,0.4999999999999999,0.8660254037844387,0.4338837391175582,-0.900968867902419,1.0,6.123233995736766e-17,0.0,0.0,0.0,9.0,18.4,97.0,80.0,-5.8,3.168622,0.0,-2.9,19.18333333,24.8,24.85,25.3,24.716666666666665,24.05,-19.940000016666666,0.2555555566666641,0.0026666666666667,-0.6426666666666667,-0.7393333333333333,19.17407409444445,-0.5819999999999984,4.0370684,4.050208,4.0904074,4.123746,3.9600208,0,0.0,1,1.0,-0.88,21.4,78.6
2023-03-09 02:15:00,139.115546305554,93.707362672222,93.726806344444,19.18333333,-0.7393333333333333,24.05,2,5.1764362714980825,70.66250196097344,2,3,3,0.4999999999999999,0.8660254037844387,0.4338837391175582,-0.900968867902419,1.0,6.123233995736766e-17,0.0,0.0,0.0,8.95,18.3,97.75,80.75,-5.625,3.2153094,0.0,-2.825,19.129629616666666,24.35,24.8,24.85,25.3,24.28333333333333,-19.92266666333333,-0.1166666866666652,-0.0993333333333332,-0.64,-0.5306666666666666,19.175925935555554,-0.6739999999999983,3.9600208,4.0370684,4.050208,4.0904074,3.985803,0,0.0,1,1.0,-0.91,22.5,77.5
2023-03-09 02:30:00,184.732610416666,134.869049472222,134.889882005554,19.129629616666666,-0.5306666666666666,24.28333333333333,2,5.1764362714980825,70.66250196097344,2,3,3,0.4999999999999999,0.8660254037844387,0.4338837391175582,-0.900968867902419,1.0,6.123233995736766e-17,0.0,0.0,0.0,8.9,18.2,98.5,81.5,-5.449999999999999,3.2623913,0.0,-2.75,19.30555553,24.05,24.35,24.8,24.85,24.0,-19.66029628333333,-0.0537037133333342,0.2086666666666666,-0.7393333333333333,-0.5893333333333334,19.20432098777778,-0.636666666666665,3.985803,3.9600208,4.0370684,4.050208,3.9803414,0,0.0,0,1.0,-0.92,22.9,77.1
2023-03-09 02:45:00,95.186192416666,41.391399827778,41.403899377776,19.30555553,-0.5893333333333334,24.0,1,5.1764362714980825,70.66250196097344,2,3,3,0.4999999999999999,0.8660254037844387,0.4338837391175582,-0.900968867902419,1.0,6.123233995736766e-17,0.0,0.0,0.0,8.850000000000001,18.1,99.25,82.25,-5.275,3.3098714,0.0,-2.675,19.09444446333333,24.28333333333333,24.05,24.35,24.8,24.0,-19.89488886333333,0.1759259133333337,-0.0586666666666667,-0.5306666666666666,-0.9966666666666666,19.20617282555556,-0.6197777777777761,3.9803414,3.985803,3.9600208,4.0370684,3.9311326,0,0.0,1,1.0,-0.88,21.5,78.5
2023-03-09 03:00:00,200.002277322224,150.008166083334,150.03455396111,19.09444446333333,-0.9966666666666666,24.0,2,5.1764362714980825,70.66250196097344,3,3,3,0.7071067811865476,0.7071067811865476,0.4338837391175582,-0.900968867902419,1.0,6.123233995736766e-17,0.0,0.0,0.0,8.8,18.0,100.0,83.0,-5.1,3.3577516,0.0,-2.6,19.29444445,24.0,24.28333333333333,24.05,24.35,23.95,-20.09111113,-0.2111110666666675,-0.4073333333333332,-0.5893333333333334,-1.15,19.17654320333333,-0.7055555555555539,3.9311326,3.9803414,3.985803,3.9600208,3.969452,0,0.0,1,1.0,-0.93,23.3,76.7
2023-03-09 03:15:00,89.69918963889,45.945662083334,45.961772572222,19.29444445,-1.15,23.95,1,5.1764362714980825,70.66250196097344,3,3,3,0.7071067811865476,0.7071067811865476,0.4338837391175582,-0.900968867902419,1.0,6.123233995736766e-17,0.0,0.0,0.0,8.425,18.0,100.0,84.25,-4.875,3.4143274,0.0,-2.575,19.20370373333333,24.0,24.0,24.28333333333333,24.05,23.716666666666665,-20.44444445,0.1999999866666684,-0.1533333333333333,-0.9966666666666666,-1.296,19.231481481111118,-0.9119999999999984,3.969452,3.9311326,3.9803414,3.985803,3.9098253,0,0.0,1,1.0,-0.89,21.6,78.4
2023-03-09 03:30:00,161.354378833336,113.139918672222,113.16158443889,19.20370373333333,-1.296,23.716666666666665,2,5.1764362714980825,70.66250196097344,3,3,3,0.7071067811865476,0.7071067811865476,0.4338837391175582,-0.900968867902419,1.0,6.123233995736766e-17,0.0,0.0,0.0,8.05,18.0,100.0,85.5,-4.65,3.4710908,0.0,-2.55,19.2,23.95,24.0,24.0,24.28333333333333,23.95,-20.49970373333333,-0.0907407166666658,-0.1460000000000001,-1.15,-1.468,19.19753088222222,-1.147555555555554,3.9098253,3.969452,3.9311326,3.9803414,3.9474294,0,0.0,1,1.0,-0.91,22.4,77.6
2023-03-09 03:45:00,430.825821844444,144.691434344444,144.71698892222,19.2,-1.468,23.95,2,5.1764362714980825,70.66250196097344,3,3,3,0.7071067811865476,0.7071067811865476,0.4338837391175582,-0.900968867902419,1.0,6.123233995736766e-17,0.0,0.0,0.0,7.675,18.0,100.0,86.75,-4.425,3.5280426,0.0,-2.525,19.40000000666667,23.716666666666665,23.95,24.0,24.0,23.53333333333333,-20.668,-0.0037037333333351,-0.1719999999999999,-1.296,-1.6893333333333334,19.23271606111112,-1.304666666666665,3.9474294,3.9098253,3.969452,3.9311326,3.9247012,0,0.0,0,1.0,-0.91,22.4,77.6
2023-03-09 04:00:00,77.354127977776,35.489413666668,35.501635427778,19.40000000666667,-1.6893333333333334,23.53333333333333,1,5.1764362714980825,70.66250196097344,4,3,3,0.8660254037844386,0.5000000000000001,0.4338837391175582,-0.900968867902419,1.0,6.123233995736766e-17,0.0,0.0,0.0,7.3,18.0,100.0,88.0,-4.2,3.5851824,0.0,-2.5,19.17777778,23.95,23.716666666666665,23.95,24.0,23.8,-21.089333340000003,0.20000000666667,-0.2213333333333333,-1.468,-1.8893333333333333,19.26790124666667,-1.484444444444443,3.9247012,3.9474294,3.9098253,3.969452,3.9175735,0,0.0,1,1.0,-0.86,20.7,79.3
2023-03-09 04:15:00,190.797645555556,145.805000883334,145.828055527778,19.17777778,-1.8893333333333333,23.8,2,5.1764362714980825,70.66250196097344,4,3,3,0.8660254037844386,0.5000000000000001,0.4338837391175582,-0.900968867902419,1.0,6.123233995736766e-17,0.0,0.0,0.0,7.45,17.55,99.75,88.0,-4.175,3.5978193,0.0,-2.45,19.34814816,23.53333333333333,23.95,23.716666666666665,23.95,23.53333333333333,-21.067111113333333,-0.2222222266666698,-0.1999999999999999,-1.6893333333333334,-1.8286666666666669,19.259259262222223,-1.6822222222222205,3.9175735,3.9247012,3.9474294,3.9098253,3.9127445,0,0.0,1,1.0,-0.91,22.6,77.4
2023-03-09 04:30:00,130.45505950555,67.828675644444,67.843675077776,19.34814816,-1.8286666666666669,23.53333333333333,1,5.1764362714980825,70.66250196097344,4,3,3,0.8660254037844386,0.5000000000000001,0.4338837391175582,-0.900968867902419,1.0,6.123233995736766e-17,0.0,0.0,0.0,7.6,17.1,99.5,88.0,-4.15,3.610495,0.0,-2.4,19.255555580000003,23.8,23.53333333333333,23.95,23.716666666666665,23.5,-21.176814826666668,0.1703703800000013,0.0606666666666666,-1.8893333333333333,-2.1186666666666665,19.308641982222223,-1.8024444444444427,3.9127445,3.9175735,3.9247012,3.9474294,3.8859591,0,0.0,1,1.0,-0.88,21.2,78.8
2023-03-09 04:45:00,131.478907316666,90.617486272222,90.636096627778,19.255555580000003,-2.1186666666666665,23.5,2,5.1764362714980825,70.66250196097344,4,3,3,0.8660254037844386,0.5000000000000001,0.4338837391175582,-0.900968867902419,1.0,6.123233995736766e-17,0.0,0.0,0.0,7.75,16.65,99.25,88.0,-4.125,3.6232102,0.0,-2.35,19.16481483,23.53333333333333,23.8,23.53333333333333,23.95,23.5,-21.37422224666667,-0.092592579999998,-0.2899999999999998,-1.8286666666666669,-1.9846666666666664,19.26049384000001,-1.9455555555555544,3.8859591,3.9127445,3.9175735,3.9247012,3.8652375,0,0.0,1,1.0,-0.9,22.0,78.0
2023-03-09 05:00:00,202.478289427778,154.9813005,155.007688377776,19.16481483,-1.9846666666666664,23.5,2,5.1764362714980825,70.66250196097344,5,3,3,0.9659258262890684,0.2588190451025207,0.4338837391175582,-0.900968867902419,1.0,6.123233995736766e-17,0.0,0.0,0.0,7.9,16.2,99.0,88.0,-4.1,3.6359649,0.0,-2.3,19.37777774,23.5,23.53333333333333,23.8,23.53333333333333,23.15,-21.149481496666667,-0.0907407500000019,0.1339999999999999,-2.1186666666666665,-2.1266666666666665,19.25617285666667,-1.977333333333332,3.8652375,3.8859591,3.9127445,3.9175735,3.8557274,0,0.0,0,1.0,-0.92,22.8,77.2
2023-03-09 05:15:00,83.6666532,29.123001683334,29.135223427778,19.37777774,-2.1266666666666665,23.15,1,5.1764362714980825,70.66250196097344,5,3,3,0.9659258262890684,0.2588190451025207,0.4338837391175582,-0.900968867902419,1.0,6.123233995736766e-17,0.0,0.0,0.0,8.225,16.925,98.25,87.5,-4.225,3.5962973,0.0,-2.375,19.13333332,23.5,23.5,23.53333333333333,23.8,23.183333333333334,-21.504444406666664,0.2129629099999981,-0.1419999999999999,-1.9846666666666664,-2.1666666666666665,19.266049383333332,-2.076666666666665,3.8557274,3.8652375,3.8859591,3.9127445,3.8060834,0,0.0,1,1.0,-0.87,21.0,79.0
2023-03-09 05:30:00,185.40258368333,141.327402227778,141.352123488888,19.13333332,-2.1666666666666665,23.183333333333334,2,5.1764362714980825,70.66250196097344,5,3,3,0.9659258262890684,0.2588190451025207,0.4338837391175582,-0.900968867902419,1.0,6.123233995736766e-17,0.0,0.0,0.0,8.55,17.65,97.5,87.0,-4.35,3.556935,0.0,-2.45,19.31111111,23.15,23.5,23.5,23.53333333333333,23.45,-21.29999998666667,-0.2444444199999971,-0.04,-2.1266666666666665,-2.123333333333333,19.22530863,-2.092666666666665,3.8060834,3.8557274,3.8652375,3.8859591,3.8903985,0,0.0,1,1.0,-0.93,23.1,76.9
2023-03-09 05:45:00,166.08530082222,105.999926516666,106.017981394442,19.31111111,-2.123333333333333,23.45,2,5.1764362714980825,70.66250196097344,5,3,3,0.9659258262890684,0.2588190451025207,0.4338837391175582,-0.900968867902419,1.0,6.123233995736766e-17,0.0,0.0,0.0,8.875,18.375,96.75,86.5,-4.475,3.5178754,0.0,-2.525,19.31851849,23.183333333333334,23.15,23.5,23.5,23.216666666666665,-21.434444443333337,0.1777777900000003,0.043333333333333,-2.1666666666666665,-2.452,19.27407405666667,-2.1388888888888875,3.8903985,3.8060834,3.8557274,3.8652375,3.8533676,0,0.0,0,1.0,-0.88,21.5,78.5
2023-03-09 06:00:00,127.074639111108,44.992644655556,45.009310688888,19.31851849,-2.452,23.216666666666665,1,5.1764362714980825,70.66250196097344,6,3,3,1.0,6.123233995736766e-17,0.4338837391175582,-0.900968867902419,1.0,6.123233995736766e-17,0.0,0.0,0.0,9.2,19.1,96.0,86.0,-4.6,3.479116,0.0,-2.6,19.04444444,23.45,23.183333333333334,23.15,23.5,24.2,-21.77051849,0.0074073799999965,-0.3286666666666664,-2.123333333333333,-1.6586666666666663,19.254320973333336,-2.247333333333332,3.8533676,3.8903985,3.8060834,3.8557274,3.9522195,0,0.0,1,1.0,-0.88,21.5,78.5
2023-03-09 06:15:00,175.49714658333,116.965598972222,116.986709244444,19.04444444,-1.6586666666666663,24.2,2,5.1764362714980825,70.66250196097344,6,3,3,1.0,6.123233995736766e-17,0.4338837391175582,-0.900968867902419,1.0,6.123233995736766e-17,0.0,0.0,0.0,9.65,20.175,96.75,85.75,-4.75,3.4446406,0.0,-2.7,19.001851833333333,23.216666666666665,23.45,23.183333333333334,23.15,24.5,-20.703111106666665,-0.2740740499999994,0.7933333333333334,-2.452,-1.9633333333333332,19.22469134666667,-2.0779999999999985,3.9522195,3.8533676,3.8903985,3.8060834,3.9911692,0,0.0,1,1.0,-0.94,23.7,76.3
2023-03-09 06:30:00,148.066577149998,101.539271616666,101.562048505554,19.001851833333333,-1.9633333333333332,24.5,2,5.1764362714980825,70.66250196097344,6,3,3,1.0,6.123233995736766e-17,0.4338837391175582,-0.900968867902419,1.0,6.123233995736766e-17,0.0,0.0,0.0,10.1,21.25,97.5,85.5,-4.9,3.4104567,0.0,-2.8,18.77777775,24.2,23.216666666666665,23.45,23.183333333333334,24.9,-20.965185166666668,-0.0425926066666662,-0.3046666666666668,-1.6586666666666663,-2.398,19.121604921111118,-2.024666666666665,3.9911692,3.9522195,3.8533676,3.8903985,4.002995,0,0.0,0,1.0,-0.95,24.0,76.0
2023-03-09 06:45:00,199.859227461114,159.915825311112,159.943324227778,18.77777775,-2.398,24.9,2,5.1764362714980825,70.66250196097344,6,3,3,1.0,6.123233995736766e-17,0.4338837391175582,-0.900968867902419,1.0,6.123233995736766e-17,0.0,0.0,0.0,10.55,22.325,98.25,85.25,-5.05,3.3765628,0.0,-2.9,19.07222218333333,24.5,24.2,23.216666666666665,23.45,25.28333333333333,-21.17577775,-0.2240740833333347,-0.4346666666666667,-1.9633333333333332,-2.43,18.94135800777778,-2.006666666666665,4.002995,3.9911692,3.9522195,3.8533676,4.135915,0,0.0,0,1.0,-1.0,26.0,74.0
2023-03-09 07:00:00,248.053133027778,188.3582987,188.388853077776,19.07222218333333,-2.43,25.28333333333333,2,5.1764362714980825,70.66250196097344,7,3,3,0.9659258262890684,-0.2588190451025206,0.4338837391175582,-0.900968867902419,1.0,6.123233995736766e-17,0.0,0.0,0.0,11.0,23.4,99.0,85.0,-5.2,3.3429573,0.0,-3.0,19.41666663,24.9,24.5,24.2,23.216666666666665,24.95,-21.50222218333333,0.2944444333333358,-0.032,-2.398,-2.377333333333333,18.95061725555556,-2.263777777777776,4.135915,4.002995,3.9911692,3.9522195,4.165044,0,0.0,0,1.0,-0.93,23.2,76.8
2023-03-09 07:15:00,186.81280502222,141.734885927778,141.760440505554,19.41666663,-2.377333333333333,24.95,2,5.1764362714980825,70.66250196097344,7,3,3,0.9659258262890684,-0.2588190451025206,0.4338837391175582,-0.900968867902419,1.0,6.123233995736766e-17,1.5,0.375,0.125,10.85,23.4,99.25,84.0,-5.275,3.3211832,0.0,-2.925,19.394444433333334,25.28333333333333,24.9,24.5,24.2,24.53333333333333,-21.79399996333333,0.3444444466666674,0.0526666666666666,-2.43,-2.1746666666666665,19.088888854444445,-2.4017777777777765,4.165044,4.135915,4.002995,3.9911692,4.090136,0,0.0,0,1.0,-0.85,20.3,79.7
2023-03-09 07:30:00,62.053906861102,22.140225472222,22.153558255556,19.394444433333334,-2.1746666666666665,24.53333333333333,1,5.1764362714980825,70.66250196097344,7,3,3,0.9659258262890684,-0.2588190451025206,0.4338837391175582,-0.900968867902419,1.0,6.123233995736766e-17,3.0,1.125,0.375,10.7,23.4,99.5,83.0,-5.35,3.2990727,0.0,-2.85,19.03888886,24.95,25.28333333333333,24.9,24.5,24.85,-21.5691111,-0.022222196666668,0.202666666666667,-2.377333333333333,-2.061333333333333,19.29444441555556,-2.327333333333332,4.090136,4.165044,4.135915,4.002995,4.057044,0,0.0,1,1.0,-0.86,20.6,79.4
2023-03-09 07:45:00,196.153820333328,140.079952127778,140.105784477776,19.03888886,-2.061333333333333,24.85,2,5.1764362714980825,70.66250196097344,7,3,3,0.9659258262890684,-0.2588190451025206,0.4338837391175582,-0.900968867902419,1.0,6.123233995736766e-17,4.5,2.25,0.75,10.55,23.4,99.75,82.0,-5.425,3.276622,0.0,-2.7750000000000004,19.170370396666662,24.53333333333333,24.95,25.28333333333333,24.9,24.816666666666663,-21.10022219333333,-0.3555555733333335,0.1133333333333332,-2.1746666666666665,-2.1006666666666667,19.28333330777778,-2.204444444444443,4.057044,4.090136,4.165044,4.135915,4.0831375,0,0.0,1,1.0,-0.94,23.6,76.4
2023-03-09 08:00:00,227.46284570555,179.07255906111,179.101724611108,19.170370396666662,-2.1006666666666667,24.816666666666663,2,5.1764362714980825,70.66250196097344,8,3,3,0.8660254037844387,-0.4999999999999998,0.4338837391175582,-0.900968867902419,1.0,6.123233995736766e-17,6.0,3.75,1.25,10.4,23.4,100.0,81.0,-5.5,3.25383,0.0,-2.7,19.48333336,24.85,24.53333333333333,24.95,25.28333333333333,24.45,-21.27103706333333,0.1314815366666657,-0.0393333333333334,-2.061333333333333,-1.9266666666666663,19.201234563333333,-2.1122222222222207,4.0831375,4.057044,4.090136,4.165044,4.09761,0,0.0,0,1.0,-0.91,22.5,77.5
2023-03-09 08:15:00,91.663277838886,50.203825083334,50.219657783334,19.48333336,-1.9266666666666663,24.45,1,5.1764362714980825,70.66250196097344,8,3,3,0.8660254037844387,-0.4999999999999998,0.4338837391175582,-0.900968867902419,1.0,6.123233995736766e-17,17.0,7.625,2.6666666666666665,10.8,24.125,100.0,80.25,-5.575,3.2293885,0.0,-2.6750000000000003,19.246296296666667,24.816666666666663,24.85,24.53333333333333,24.95,24.216666666666665,-21.410000026666665,0.3129629633333337,0.1740000000000001,-2.1006666666666667,-1.9266666666666663,19.230864205555555,-2.029555555555554,4.09761,4.0831375,4.057044,4.090136,4.002283,0,0.0,1,1.0,-0.84,19.9,80.1
2023-03-09 08:30:00,149.68429022222,99.0668705,99.087147472222,19.246296296666667,-1.9266666666666663,24.216666666666665,2,5.1764362714980825,70.66250196097344,8,3,3,0.8660254037844387,-0.4999999999999998,0.4338837391175582,-0.900968867902419,1.0,6.123233995736766e-17,28.0,13.875,5.0,11.2,24.85,100.0,79.5,-5.65,3.204849,0.0,-2.6500000000000004,19.15555559,24.45,24.816666666666663,24.85,24.53333333333333,24.5,-21.172962963333333,-0.2370370633333323,0.0,-1.9266666666666663,-1.834666666666667,19.30000001777778,-1.984666666666665,4.002283,4.09761,4.0831375,4.057044,4.027518,0,0.0,1,1.0,-0.9,21.9,78.1
2023-03-09 08:45:00,222.42915797778,171.303980883334,171.331757605554,19.15555559,-1.834666666666667,24.5,2,5.1764362714980825,70.66250196097344,8,3,3,0.8660254037844387,-0.4999999999999998,0.4338837391175582,-0.900968867902419,1.0,6.123233995736766e-17,39.0,22.5,8.25,11.6,25.575,100.0,78.75,-5.725,3.1802123,0.0,-2.625,19.45555556,24.216666666666665,24.45,24.816666666666663,24.85,24.316666666666663,-20.990222256666662,-0.0907407066666685,0.0919999999999998,-1.9266666666666663,-1.5326666666666666,19.295061748888887,-1.8959999999999984,4.027518,4.002283,4.09761,4.0831375,4.068613,0,0.0,0,1.0,-0.91,22.7,77.3
2023-03-09 09:00:00,174.626348,115.950639588888,115.96980552222,19.45555556,-1.5326666666666666,24.316666666666663,2,5.1764362714980825,70.66250196097344,9,3,3,0.7071067811865476,-0.7071067811865475,0.4338837391175582,-0.900968867902419,1.0,6.123233995736766e-17,50.0,33.5,12.416666666666666,12.0,26.3,100.0,78.0,-5.8,3.1554773,0.0,-2.6,19.43333334,24.5,24.216666666666665,24.45,24.816666666666663,23.7,-20.988222226666668,0.2999999700000018,0.302,-1.834666666666667,-1.454,19.285802482222223,-1.764666666666665,4.068613,4.027518,4.002283,4.09761,3.960255,0,0.0,0,1.0,-0.85,20.1,79.9
2023-03-09 09:15:00,104.433044827774,55.548055772222,55.564166227778,19.43333334,-1.454,23.7,1,5.1764362714980825,70.66250196097344,9,3,3,0.7071067811865476,-0.7071067811865475,0.4338837391175582,-0.900968867902419,1.0,6.123233995736766e-17,68.5,46.375,18.125,12.375,27.375,100.0,77.5,-5.8,3.1629653,0.0,-2.475,19.22222225,24.316666666666663,24.5,24.216666666666665,24.45,24.15,-20.88733334,-0.0222222199999997,0.0786666666666666,-1.5326666666666666,-1.292,19.34814816333333,-1.6071111111111096,3.960255,4.068613,4.027518,4.002283,3.9856086,0,0.0,1,1.0,-0.86,20.4,79.6
2023-03-09 09:30:00,189.23631924444,144.21562002777802,144.241730116666,19.22222225,-1.292,24.15,2,5.1764362714980825,70.66250196097344,9,3,3,0.7071067811865476,-0.7071067811865475,0.4338837391175582,-0.900968867902419,1.0,6.123233995736766e-17,87.0,61.125,25.375,12.75,28.450000000000003,100.0,77.0,-5.8,3.1703088,0.0,-2.35,19.366666650000003,23.7,24.316666666666663,24.5,24.216666666666665,24.1,-20.514222250000003,-0.2111110899999992,0.1619999999999999,-1.454,-1.163333333333333,19.37037038333333,-1.426222222222221,3.9856086,3.960255,4.068613,4.027518,4.01133,0,0.0,1,1.0,-0.9,22.1,77.9
2023-03-09 09:45:00,67.587018611112,11.301770127778,11.31232523889,19.366666650000003,-1.163333333333333,24.1,1,5.1764362714980825,70.66250196097344,9,3,3,0.7071067811865476,-0.7071067811865475,0.4338837391175582,-0.900968867902419,1.0,6.123233995736766e-17,105.5,77.75,34.166666666666664,13.125,29.525,100.0,76.5,-5.8,3.177506,0.0,-2.225,19.144444476666667,24.15,23.7,24.316666666666663,24.5,23.716666666666665,-20.529999983333337,0.1444444000000011,0.1286666666666667,-1.292,-1.026,19.34074074666667,-1.3031111111111098,4.01133,3.9856086,3.960255,4.068613,3.8961935,0,0.0,1,1.0,-0.87,20.9,79.1
2023-03-09 10:00:00,161.300214433332,118.484427133332,118.5069262,19.144444476666667,-1.026,23.716666666666665,2,5.1764362714980825,70.66250196097344,10,3,3,0.4999999999999999,-0.8660254037844387,0.4338837391175582,-0.900968867902419,1.0,6.123233995736766e-17,124.0,96.25,44.5,13.5,30.6,100.0,76.0,-5.8,3.1845534,0.0,-2.1,19.21111114,24.1,24.15,23.7,24.316666666666663,23.95,-20.170444476666667,-0.2222221733333356,0.1373333333333333,-1.163333333333333,-0.8786666666666666,19.24444445888889,-1.160444444444443,3.8961935,4.01133,3.9856086,3.960255,3.950015,0,0.0,1,1.0,-0.92,22.9,77.1
2023-03-09 10:15:00,104.131390261106,64.21020923889,64.22715301111201,19.21111114,-0.8786666666666666,23.95,1,5.1764362714980825,70.66250196097344,10,3,3,0.4999999999999999,-0.8660254037844387,0.4338837391175582,-0.900968867902419,1.0,6.123233995736766e-17,153.0,117.375,57.125,13.45,30.950000000000003,100.0,75.0,-5.725,3.198188,0.0,-1.85,19.196296326666666,23.716666666666665,24.1,24.15,23.7,23.716666666666665,-20.089777806666667,0.0666666633333328,0.1473333333333334,-1.026,-0.8066666666666666,19.24074075555556,-1.0226666666666653,3.950015,3.8961935,4.01133,3.9856086,3.9081197,0,0.0,1,1.0,-0.9,22.3,77.7
2023-03-09 10:30:00,141.54294915555602,77.254687455556,77.271908983334,19.196296326666666,-0.8066666666666666,23.716666666666665,2,5.1764362714980825,70.66250196097344,10,3,3,0.4999999999999999,-0.8660254037844387,0.4338837391175582,-0.900968867902419,1.0,6.123233995736766e-17,182.0,141.125,72.04166666666667,13.4,31.3,100.0,74.0,-5.65,3.211191,0.0,-1.6,19.12222223,23.95,23.716666666666665,24.1,24.15,24.0,-20.00296299333333,-0.0148148133333343,0.0719999999999999,-0.8786666666666666,-0.682,19.183950647777777,-0.9037777777777762,3.9081197,3.950015,3.8961935,4.01133,3.9375775,0,0.0,1,1.0,-0.91,22.5,77.5
2023-03-09 10:45:00,166.393344016666,125.576921172222,125.5999758,19.12222223,-0.682,24.0,2,5.1764362714980825,70.66250196097344,10,3,3,0.4999999999999999,-0.8660254037844387,0.4338837391175582,-0.900968867902419,1.0,6.123233995736766e-17,211.0,167.5,89.25,13.35,31.65,100.0,73.0,-5.575,3.223538,0.0,-1.35,19.309259256666667,23.716666666666665,23.95,23.716666666666665,24.1,23.816666666666663,-19.80422223,-0.074074096666667,0.1246666666666665,-0.8066666666666666,-0.4753333333333333,19.176543232222222,-0.7891111111111097,3.9375775,3.9081197,3.950015,3.8961935,3.9507978,0,0.0,0,1.0,-0.92,23.1,76.9
2023-03-09 11:00:00,65.057953277772,24.968167883334,24.981778455556,19.309259256666667,-0.4753333333333333,23.816666666666663,1,5.1764362714980825,70.66250196097344,11,3,3,0.258819045102521,-0.9659258262890682,0.4338837391175582,-0.900968867902419,1.0,6.123233995736766e-17,240.0,196.5,108.75,13.3,32.0,100.0,72.0,-5.5,3.2352054,0.0,-1.1,19.1277778,24.0,23.716666666666665,23.95,23.716666666666665,23.85,-19.78459259,0.187037026666669,0.2066666666666667,-0.682,-0.426,19.20925927111111,-0.6546666666666652,3.9507978,3.9375775,3.9081197,3.950015,3.914249,0,0.0,1,1.0,-0.88,21.5,78.5
2023-03-09 11:15:00,196.863791766668,138.438073372222,138.463905705554,19.1277778,-0.426,23.85,2,5.1764362714980825,70.66250196097344,11,3,3,0.258819045102521,-0.9659258262890682,0.4338837391175582,-0.900968867902419,1.0,6.123233995736766e-17,261.0,223.5,129.08333333333334,13.15,31.825,100.0,71.5,-5.425,3.2520516,0.0,-0.925,19.30370372333333,23.816666666666663,24.0,23.716666666666665,23.95,24.0,-19.5537778,-0.1814814566666669,0.0493333333333332,-0.4753333333333333,-0.632,19.186419762222226,-0.5277777777777762,3.914249,3.9507978,3.9375775,3.9081197,3.9799073,0,0.0,1,1.0,-0.92,23.0,77.0
2023-03-09 11:30:00,104.013617088888,43.677419516666,43.689641294442,19.30370372333333,-0.632,24.0,1,5.1764362714980825,70.66250196097344,11,3,3,0.258819045102521,-0.9659258262890682,0.4338837391175582,-0.900968867902419,1.0,6.123233995736766e-17,282.0,248.5,150.25,13.0,31.65,100.0,71.0,-5.35,3.268767,0.0,-0.75,19.22222225,23.85,23.816666666666663,24.0,23.716666666666665,24.1,-19.935703723333337,0.1759259233333345,-0.2059999999999999,-0.426,-0.5233333333333333,19.246913593333336,-0.5111111111111096,3.9799073,3.914249,3.9507978,3.9375775,3.977357,0,0.0,1,1.0,-0.88,21.5,78.5
2023-03-09 11:45:00,139.304149877776,81.246194488888,81.26202722222,19.22222225,-0.5233333333333333,24.1,2,5.1764362714980825,70.66250196097344,11,3,3,0.258819045102521,-0.9659258262890682,0.4338837391175582,-0.900968867902419,1.0,6.123233995736766e-17,303.0,271.5,172.25,12.85,31.475,100.0,70.5,-5.275,3.2853463,0.0,-0.5750000000000001,19.12407409333333,24.0,23.85,23.816666666666663,24.0,25.116666666666667,-19.74555558333333,-0.0814814733333335,0.1086666666666666,-0.632,-0.4059999999999999,19.217901257777783,-0.5271111111111096,3.977357,3.9799073,3.914249,3.9507978,4.121234,0,0.0,1,1.0,-0.9,22.1,77.9
2023-03-09 12:00:00,207.74724536111,157.48647807222198,157.51536586666398,19.12407409333333,-0.4059999999999999,25.116666666666667,2,5.1764362714980825,70.66250196097344,12,3,3,1.2246467991473532e-16,-1.0,0.4338837391175582,-0.900968867902419,1.0,6.123233995736766e-17,324.0,292.5,195.08333333333331,12.7,31.3,100.0,70.0,-5.2,3.301784,0.0,-0.4,19.35555552,24.1,24.0,23.85,23.816666666666663,25.15,-19.530074093333333,-0.0981481566666673,0.1173333333333333,-0.5233333333333333,-0.4173333333333333,19.216666688888893,-0.520444444444443,4.121234,3.977357,3.9799073,3.914249,4.1833606,0,0.0,0,1.0,-0.92,22.8,77.2
2023-03-09 12:15:00,162.211844550002,107.18710126111,107.208211533332,19.35555552,-0.4173333333333333,25.15,2,5.1764362714980825,70.66250196097344,12,3,3,1.2246467991473532e-16,-1.0,0.4338837391175582,-0.900968867902419,1.0,6.123233995736766e-17,336.5,311.375,217.41666666666663,12.85,31.475,100.0,69.5,-5.15,3.318075,0.0,-0.225,19.2574074,25.116666666666667,24.1,24.0,23.85,25.183333333333334,-19.77288885333333,0.2314814266666651,-0.0113333333333333,-0.4059999999999999,-0.3546666666666667,19.233950621111116,-0.4488888888888874,4.1833606,4.121234,3.977357,3.9799073,4.164769,0,0.0,0,1.0,-0.87,20.8,79.2
2023-03-09 12:30:00,209.202187177776,160.636352055556,160.66385102222,19.2574074,-0.3546666666666667,25.183333333333334,2,5.1764362714980825,70.66250196097344,12,3,3,1.2246467991473532e-16,-1.0,0.4338837391175582,-0.900968867902419,1.0,6.123233995736766e-17,349.0,328.125,239.25,13.0,31.65,100.0,69.0,-5.1,3.3342147,0.0,-0.05,19.336111125,25.15,25.116666666666667,24.1,24.0,25.15,-19.612074066666665,-0.0981481200000011,0.0626666666666666,-0.4173333333333333,-0.372,19.245679004444444,-0.3926666666666651,4.164769,4.1833606,4.121234,3.977357,4.178576,0,0.0,0,1.0,-0.89,21.6,78.4
2023-03-09 12:45:00,52.330684472222,0.0,0.0,19.336111125,-0.372,25.15,0,5.1764362714980825,70.66250196097344,12,3,3,1.2246467991473532e-16,-1.0,0.4338837391175582,-0.900968867902419,1.0,6.123233995736766e-17,361.5,342.75,260.5833333333333,13.15,31.825,100.0,68.5,-5.05,3.3501964,0.0,0.1249999999999998,19.136111115,25.183333333333334,25.15,25.116666666666667,24.1,25.0,-19.708111125,0.0787037250000004,-0.0173333333333333,-0.3546666666666667,-0.1066666666666666,19.316358015,-0.3813333333333319,4.178576,4.164769,4.1833606,4.121234,4.105003,1,1.0,1,0.75,-0.87,21.0,79.0
2023-03-09 13:00:00,160.898563750002,114.120712755556,114.143489611112,19.136111115,-0.1066666666666666,25.0,2,5.1764362714980825,70.66250196097344,13,3,3,-0.2588190451025208,-0.9659258262890684,0.4338837391175582,-0.900968867902419,1.0,6.123233995736766e-17,374.0,355.25,281.4166666666667,13.3,32.0,100.0,68.0,-5.0,3.3660164,0.0,0.3,19.15000002,25.15,25.183333333333334,25.15,25.116666666666667,25.3,-19.242777781666668,-0.2000000099999965,0.2653333333333333,-0.372,-0.0493333333333333,19.24320988,-0.2777777777777763,4.105003,4.178576,4.164769,4.1833606,4.1576657,0,1.0,1,0.75,-0.92,22.7,77.3
2023-03-09 13:15:00,221.304758638886,162.880151233332,162.90765018333,19.15000002,-0.0493333333333333,25.3,2,5.1764362714980825,70.66250196097344,13,3,3,-0.2588190451025208,-0.9659258262890684,0.4338837391175582,-0.900968867902419,1.0,6.123233995736766e-17,362.5,361.75,298.875,13.675,32.825,100.0,67.5,-4.95,3.370081,0.0,0.425,19.45740739333333,25.0,25.15,25.183333333333334,25.15,24.85,-19.199333353333333,0.0138889049999981,0.0573333333333333,-0.1066666666666666,-0.09,19.207407420000003,-0.1759999999999985,4.1576657,4.105003,4.178576,4.164769,4.158303,0,1.0,0,0.75,-0.91,22.5,77.5
2023-03-09 13:30:00,50.65464064999,10.443193388888,10.454859572222,19.45740739333333,-0.09,24.85,1,5.1764362714980825,70.66250196097344,13,3,3,-0.2588190451025208,-0.9659258262890684,0.4338837391175582,-0.900968867902419,1.0,6.123233995736766e-17,351.0,362.25,312.9583333333333,14.05,33.65,100.0,67.0,-4.9,3.3739345,0.0,0.55,19.24444445,25.3,25.0,25.15,25.183333333333334,24.55,-19.54740739333333,0.30740737333333,-0.0406666666666666,-0.0493333333333333,0.0093333333333333,19.247839509444447,-0.0819999999999985,4.158303,4.1576657,4.105003,4.178576,4.0569305,0,1.0,1,0.75,-0.84,20.0,80.0
2023-03-09 13:45:00,142.28903054444,102.1500805,102.172024072222,19.24444445,0.0093333333333333,24.55,2,5.1764362714980825,70.66250196097344,13,3,3,-0.2588190451025208,-0.9659258262890684,0.4338837391175582,-0.900968867902419,1.0,6.123233995736766e-17,339.5,356.75,323.6666666666667,14.425,34.474999999999994,100.0,66.5,-4.85,3.377574,0.0,0.675,19.17592593,24.85,25.3,25.0,25.15,24.966666666666665,-19.235111116666666,-0.2129629433333306,0.0993333333333333,-0.09,-0.13,19.28395062111111,-0.0433333333333318,4.0569305,4.158303,4.1576657,4.105003,4.1091633,0,0.0,1,1.0,-0.89,21.9,78.1
2023-03-09 14:00:00,242.339750538886,144.585605227778,144.637825405554,19.17592593,-0.13,24.966666666666665,2,5.1764362714980825,70.66250196097344,14,3,3,-0.4999999999999997,-0.8660254037844388,0.4338837391175582,-0.900968867902419,1.0,6.123233995736766e-17,328.0,345.25,331.0,14.8,35.3,100.0,66.0,-4.8,3.3809958,0.0,0.8,19.33333335,24.55,24.85,25.3,25.0,24.65,-19.30592593,-0.0685185199999978,-0.1393333333333333,0.0093333333333333,-0.1206666666666666,19.292592591111116,-0.0702222222222207,4.1091633,4.0569305,4.158303,4.1576657,4.0948334,0,0.0,0,1.0,-0.91,22.4,77.6
2023-03-09 14:15:00,126.076067872222,19.173399683334,19.243952527774,19.33333335,-0.1206666666666666,24.65,1,5.1764362714980825,70.66250196097344,14,3,3,-0.4999999999999997,-0.8660254037844388,0.4338837391175582,-0.900968867902419,1.0,6.123233995736766e-17,319.25,334.4375,335.8541666666667,14.475,35.3,100.0,66.25,-4.775,3.388,0.0,0.775,19.20185186333333,24.966666666666665,24.55,24.85,25.3,24.683333333333334,-19.45400001666666,0.1574074199999948,0.0093333333333333,-0.13,-0.1266666666666666,19.251234576666665,-0.0804444444444429,4.0948334,4.1091633,4.0569305,4.158303,4.0687423,0,0.0,1,1.0,-0.87,21.1,78.9
2023-03-09 14:30:00,511.856469288892,140.931029216666,141.017414677776,19.20185186333333,-0.1266666666666666,24.683333333333334,2,5.1764362714980825,70.66250196097344,14,3,3,-0.4999999999999997,-0.8660254037844388,0.4338837391175582,-0.900968867902419,1.0,6.123233995736766e-17,310.5,324.3125,338.2291666666667,14.15,35.3,100.0,66.5,-4.75,3.3949687,0.0,0.75,19.40555555,24.65,24.966666666666665,24.55,24.85,24.6,-19.32851853,-0.1314814866666651,-0.006,-0.1206666666666666,-0.1426666666666666,19.237037047777772,-0.1257777777777763,4.0687423,4.0948334,4.1091633,4.0569305,4.103934,0,0.0,1,1.0,-0.9,22.2,77.8
2023-03-09 14:45:00,171.897290516666,41.253627572222,41.328902344444,19.40555555,-0.1426666666666666,24.6,1,5.1764362714980825,70.66250196097344,14,3,3,-0.4999999999999997,-0.8660254037844388,0.4338837391175582,-0.900968867902419,1.0,6.123233995736766e-17,301.75,314.875,338.125,13.825,35.3,100.0,66.75,-4.725,3.401903,0.0,0.725,19.314814833333333,24.683333333333334,24.65,24.966666666666665,24.55,24.216666666666665,-19.548222216666662,0.2037036866666675,-0.0159999999999999,-0.1266666666666666,-0.216,19.31358025444444,-0.1299999999999985,4.103934,4.0687423,4.0948334,4.1091633,4.018465,0,0.0,1,1.0,-0.86,20.5,79.5
2023-03-09 15:00:00,220.605342133332,101.270671227778,101.352890188888,19.314814833333333,-0.216,24.216666666666665,2,5.1764362714980825,70.66250196097344,15,3,3,-0.7071067811865471,-0.7071067811865479,0.4338837391175582,-0.900968867902419,1.0,6.123233995736766e-17,293.0,306.125,335.5416666666667,13.5,35.3,100.0,67.0,-4.7,3.408802,0.0,0.7,19.29444443,24.6,24.683333333333334,24.65,24.966666666666665,24.5,-19.53081483333333,-0.0907407166666658,-0.0733333333333333,-0.1426666666666666,-0.2626666666666667,19.30740741555556,-0.1617777777777763,4.018465,4.103934,4.0687423,4.0948334,4.060608,0,0.0,1,1.0,-0.88,21.3,78.7
2023-03-09 15:15:00,201.277504127778,79.821251455556,79.901526077776,19.29444443,-0.2626666666666667,24.5,2,5.1764362714980825,70.66250196097344,15,3,3,-0.7071067811865471,-0.7071067811865479,0.4338837391175582,-0.900968867902419,1.0,6.123233995736766e-17,272.5,294.4375,330.2083333333333,13.125,34.575,100.0,67.75,-4.725,3.405857,0.0,0.5249999999999999,19.33518517,24.216666666666665,24.6,24.683333333333334,24.65,24.5,-19.557111096666667,-0.0203704033333345,-0.0466666666666666,-0.216,-0.3866666666666666,19.338271604444444,-0.2071111111111096,4.060608,4.018465,4.103934,4.0687423,4.0703597,0,0.0,0,1.0,-0.88,21.4,78.6
2023-03-09 15:30:00,170.989826916662,57.527698816666,57.603529149998,19.33518517,-0.3866666666666666,24.5,1,5.1764362714980825,70.66250196097344,15,3,3,-0.7071067811865471,-0.7071067811865479,0.4338837391175582,-0.900968867902419,1.0,6.123233995736766e-17,252.0,279.8125,322.125,12.75,33.849999999999994,100.0,68.5,-4.75,3.4024363,0.0,0.35,19.19444447,24.5,24.216666666666665,24.6,24.683333333333334,24.5,-19.721851836666666,0.0407407400000003,-0.1239999999999999,-0.2626666666666667,-0.4826666666666667,19.31481481111111,-0.288444444444443,4.0703597,4.060608,4.018465,4.103934,4.036759,0,0.0,1,1.0,-0.87,21.1,78.9
2023-03-09 15:45:00,254.875637933332,135.088207372222,135.170981877776,19.19444447,-0.4826666666666667,24.5,2,5.1764362714980825,70.66250196097344,15,3,3,-0.7071067811865471,-0.7071067811865479,0.4338837391175582,-0.900968867902419,1.0,6.123233995736766e-17,231.5,262.25,311.2916666666667,12.375,33.125,100.0,69.25,-4.775,3.398552,0.0,0.175,19.38518515,24.5,24.5,24.216666666666665,24.6,24.316666666666663,-19.677111136666667,-0.1407406999999985,-0.096,-0.3866666666666666,-0.6106666666666667,19.27469135666667,-0.3773333333333319,4.036759,4.0703597,4.060608,4.018465,4.0518064,0,0.0,1,1.0,-0.91,22.3,77.7
2023-03-09 16:00:00,138.15641793889,16.018248144444,16.089634255552,19.38518515,-0.6106666666666667,24.316666666666663,1,5.1764362714980825,70.66250196097344,16,3,3,-0.8660254037844385,-0.5000000000000004,0.4338837391175582,-0.900968867902419,1.0,6.123233995736766e-17,211.0,241.75,297.7083333333333,12.0,32.4,100.0,70.0,-4.8,3.394213,0.0,0.0,19.188888870000003,24.5,24.5,24.5,24.216666666666665,24.35,-19.995851816666665,0.1907406799999975,-0.128,-0.4826666666666667,-0.5986666666666667,19.304938263333334,-0.4933333333333318,4.0518064,4.036759,4.0703597,4.060608,4.0107307,0,0.0,1,1.0,-0.86,20.7,79.3
2023-03-09 16:15:00,234.148967,122.037896072222,122.122614966664,19.188888870000003,-0.5986666666666667,24.35,2,5.1764362714980825,70.66250196097344,16,3,3,-0.8660254037844385,-0.5000000000000004,0.4338837391175582,-0.900968867902419,1.0,6.123233995736766e-17,208.25,225.6875,284.8541666666667,11.725,31.4,87.5,70.5,-4.825,3.3891242,0.0,-0.125,19.316666653333336,24.316666666666663,24.5,24.5,24.5,24.5,-19.78755553666667,-0.196296279999995,0.012,-0.6106666666666667,-0.68,19.25617283,-0.5639999999999986,4.0107307,4.0518064,4.036759,4.0703597,4.0659246,0,0.0,1,1.0,-0.91,22.4,77.6
2023-03-09 16:30:00,190.079341088884,68.26532481111201,68.341710672222,19.316666653333336,-0.68,24.5,1,5.1764362714980825,70.66250196097344,16,3,3,-0.8660254037844385,-0.5000000000000004,0.4338837391175582,-0.900968867902419,1.0,6.123233995736766e-17,205.5,214.0625,272.7291666666667,11.45,30.4,75.0,71.0,-4.85,3.3838425,0.0,-0.25,19.33333335,24.35,24.316666666666663,24.5,24.5,24.2,-19.99666665333333,0.1277777833333324,-0.0813333333333333,-0.5986666666666667,-0.6980000000000001,19.29691355777778,-0.6297777777777763,4.0659246,4.0107307,4.0518064,4.036759,4.02008,0,0.0,1,1.0,-0.88,21.3,78.7
2023-03-09 16:45:00,200.130050111108,77.88216233889,77.960492605554,19.33333335,-0.6980000000000001,24.2,2,5.1764362714980825,70.66250196097344,16,3,3,-0.8660254037844385,-0.5000000000000004,0.4338837391175582,-0.900968867902419,1.0,6.123233995736766e-17,202.75,206.875,261.3333333333333,11.175,29.4,62.5,71.5,-4.875,3.3783703,0.0,-0.375,19.275925930000003,24.5,24.35,24.316666666666663,24.5,24.466666666666665,-20.03133335,0.0166666966666646,-0.018,-0.68,-0.744,19.279629624444446,-0.6588888888888874,4.02008,4.0659246,4.0107307,4.0518064,4.0506635,0,0.0,1,1.0,-0.88,21.2,78.8
2023-03-09 17:00:00,243.729972594446,135.184036872222,135.267644677776,19.275925930000003,-0.744,24.466666666666665,2,5.1764362714980825,70.66250196097344,17,3,3,-0.9659258262890684,-0.2588190451025206,0.4338837391175582,-0.900968867902419,1.0,6.123233995736766e-17,200.0,204.125,250.66666666666663,10.9,28.4,50.0,72.0,-4.9,3.3727112,0.0,-0.5,19.49444446,24.2,24.5,24.35,24.316666666666663,24.15,-20.019925930000003,-0.0574074199999969,-0.0459999999999999,-0.6980000000000001,-0.5806666666666668,19.308641977777786,-0.7073333333333319,4.0506635,4.02008,4.0659246,4.0107307,4.049977,0,0.0,0,1.0,-0.89,21.6,78.4
2023-03-09 17:15:00,146.500528611112,23.868767444444,23.938209166664,19.49444446,-0.5806666666666668,24.15,1,5.1764362714980825,70.66250196097344,17,3,3,-0.9659258262890684,-0.2588190451025206,0.4338837391175582,-0.900968867902419,1.0,6.123233995736766e-17,201.25,202.375,240.83333333333331,10.35,27.775,58.5,72.5,-4.925000000000001,3.3727033,0.0,-0.6,19.275925933333333,24.466666666666665,24.2,24.5,24.35,24.183333333333334,-20.075111126666663,0.2185185299999972,0.1633333333333332,-0.744,-0.4666666666666667,19.36790124666667,-0.6742222222222208,4.049977,4.0506635,4.02008,4.0659246,4.003755,0,0.0,1,1.0,-0.84,19.8,80.2
2023-03-09 17:30:00,247.499821911108,129.11483520000002,129.19733194999802,19.275925933333333,-0.4666666666666667,24.183333333333334,2,5.1764362714980825,70.66250196097344,17,3,3,-0.9659258262890684,-0.2588190451025206,0.4338837391175582,-0.900968867902419,1.0,6.123233995736766e-17,202.5,201.625,231.83333333333331,9.8,27.15,67.0,73.0,-4.95,3.3725157,0.0,-0.7,19.40555555,24.15,24.466666666666665,24.2,24.5,24.45,-19.7425926,-0.2185185266666671,0.1140000000000001,-0.5806666666666668,-0.4386666666666666,19.34876544111112,-0.5971111111111097,4.003755,4.049977,4.0506635,4.02008,4.0789094,0,0.0,1,1.0,-0.89,21.7,78.3
2023-03-09 17:45:00,161.326046683334,52.852052533332,52.92621628333,19.40555555,-0.4386666666666666,24.45,1,5.1764362714980825,70.66250196097344,17,3,3,-0.9659258262890684,-0.2588190451025206,0.4338837391175582,-0.900968867902419,1.0,6.123233995736766e-17,203.75,201.875,223.66666666666663,9.25,26.525,75.5,73.5,-4.975,3.3721497,0.0,-0.8,19.314814833333333,24.183333333333334,24.15,24.466666666666665,24.2,24.216666666666665,-19.844222216666665,0.1296296166666657,0.028,-0.4666666666666667,-0.558,19.391975314444448,-0.4953333333333318,4.0789094,4.003755,4.049977,4.0506635,4.018465,0,0.0,1,1.0,-0.86,20.5,79.5
2023-03-09 18:00:00,218.995684338886,89.6055823,89.684190288888,19.314814833333333,-0.558,24.216666666666665,2,5.1764362714980825,70.66250196097344,18,3,3,-1.0,-1.8369701987210294e-16,0.4338837391175582,-0.900968867902419,1.0,6.123233995736766e-17,205.0,203.125,216.33333333333331,8.7,25.9,84.0,74.0,-5.0,3.3716078,0.0,-0.9,19.30555555,24.45,24.183333333333334,24.15,24.466666666666665,24.45,-19.872814833333333,-0.0907407166666658,-0.1193333333333334,-0.4386666666666666,-0.662,19.332098772222224,-0.4877777777777763,4.018465,4.0789094,4.003755,4.049977,4.054973,0,0.0,1,1.0,-0.88,21.3,78.7
2023-03-09 18:15:00,251.110233005554,131.866947344444,131.95194396111,19.30555555,-0.662,24.45,2,5.1764362714980825,70.66250196097344,18,3,3,-1.0,-1.8369701987210294e-16,0.4338837391175582,-0.900968867902419,1.0,6.123233995736766e-17,164.5,193.9375,207.33333333333331,7.875,24.55,69.0,76.0,-5.025,3.3735955,0.0,-1.275,19.45925927,24.216666666666665,24.45,24.183333333333334,24.15,24.03333333333333,-19.96755555,-0.009259283333332,-0.1039999999999999,-0.558,-0.6733333333333335,19.34197531111111,-0.5528888888888874,4.054973,4.018465,4.0789094,4.003755,4.022083,0,0.0,0,1.0,-0.88,21.4,78.6
2023-03-09 18:30:00,147.126059238886,32.314818488888,32.386482338886,19.45925927,-0.6733333333333335,24.03333333333333,1,5.1764362714980825,70.66250196097344,18,3,3,-1.0,-1.8369701987210294e-16,0.4338837391175582,-0.900968867902419,1.0,6.123233995736766e-17,124.0,174.3125,196.66666666666663,7.05,23.2,54.0,78.0,-5.05,3.3729658,0.0,-1.65,19.166666650000003,24.45,24.216666666666665,24.45,24.183333333333334,24.35,-20.13259260333333,0.1537037199999993,-0.0113333333333334,-0.662,-0.626,19.359876551111117,-0.6311111111111097,4.022083,4.054973,4.018465,4.0789094,4.0054817,0,0.0,1,1.0,-0.85,20.2,79.8
2023-03-09 18:45:00,242.987502377776,109.941713272222,110.016988077776,19.166666650000003,-0.626,24.35,2,5.1764362714980825,70.66250196097344,18,3,3,-1.0,-1.8369701987210294e-16,0.4338837391175582,-0.900968867902419,1.0,6.123233995736766e-17,83.5,144.25,184.33333333333331,6.225,21.85,39.0,80.0,-5.074999999999999,3.3698375,0.0,-2.025,19.129629616666666,24.03333333333333,24.45,24.216666666666665,24.45,24.683333333333334,-19.792666650000005,-0.2925926199999971,0.0473333333333334,-0.6733333333333335,-0.7053333333333334,19.31049382333333,-0.6537777777777763,4.0054817,4.022083,4.054973,4.018465,4.0514584,0,0.0,1,1.0,-0.91,22.6,77.4
2023-03-09 19:00:00,278.580245294442,163.821502444444,163.9076101,19.129629616666666,-0.7053333333333334,24.683333333333334,2,5.1764362714980825,70.66250196097344,19,3,3,-0.9659258262890684,0.2588190451025203,0.4338837391175582,-0.900968867902419,1.0,6.123233995736766e-17,43.0,103.75,170.33333333333334,5.4,20.5,24.0,82.0,-5.1,3.3643253,0.0,-2.4,19.42777777,24.35,24.03333333333333,24.45,24.216666666666665,24.65,-19.83496295,-0.0370370333333376,-0.0793333333333333,-0.626,-0.83,19.25185184555556,-0.6682222222222208,4.0514584,4.0054817,4.022083,4.054973,4.1176543,0,0.0,0,1.0,-0.92,22.8,77.2
2023-03-09 19:15:00,126.45383056111,17.851508127778,17.921505394442,19.42777777,-0.83,24.65,1,5.1764362714980825,70.66250196097344,19,3,3,-0.9659258262890684,0.2588190451025203,0.4338837391175582,-0.900968867902419,1.0,6.123233995736766e-17,32.25,70.6875,155.66666666666666,5.5,18.25,22.5,82.5,-5.574999999999999,3.2446349,0.0,-3.0,19.251851876666667,24.683333333333334,24.35,24.03333333333333,24.45,24.5,-20.25777777,0.298148153333333,-0.1246666666666665,-0.7053333333333334,-0.876,19.241358012222225,-0.720444444444443,4.1176543,4.0514584,4.0054817,4.022083,4.050435,0,0.0,1,1.0,-0.85,20.3,79.7
2023-03-09 19:30:00,253.33514393889,124.058648588888,124.143367449998,19.251851876666667,-0.876,24.5,2,5.1764362714980825,70.66250196097344,19,3,3,-0.9659258262890684,0.2588190451025203,0.4338837391175582,-0.900968867902419,1.0,6.123233995736766e-17,21.5,45.0625,140.33333333333334,5.6,16.0,21.0,83.0,-6.05,3.1284072,0.0,-3.6,19.33333335,24.65,24.683333333333334,24.35,24.03333333333333,24.45,-20.127851876666668,-0.175925893333332,-0.046,-0.83,-0.942,19.269753087777776,-0.8037777777777763,4.050435,4.1176543,4.0514584,4.0054817,4.0616097,0,0.0,1,1.0,-0.89,21.8,78.2
2023-03-09 19:45:00,226.12345478333,106.529349755556,106.61267982222,19.33333335,-0.942,24.45,2,5.1764362714980825,70.66250196097344,19,3,3,-0.9659258262890684,0.2588190451025203,0.4338837391175582,-0.900968867902419,1.0,6.123233995736766e-17,10.75,26.875,124.33333333333331,5.7,13.75,19.5,83.5,-6.525,3.0155716,0.0,-4.2,19.39074073333333,24.5,24.65,24.683333333333334,24.35,24.03333333333333,-20.27533335,0.08148147333333,-0.0659999999999999,-0.876,-0.878,19.337654332222225,-0.882666666666665,4.0616097,4.050435,4.1176543,4.0514584,4.0059047,0,0.0,0,1.0,-0.87,21.1,78.9
2023-03-09 20:00:00,172.918360755556,56.7243976,56.800783444444,19.39074073333333,-0.878,24.03333333333333,1,5.1764362714980825,70.66250196097344,20,3,3,-0.8660254037844386,0.5000000000000001,0.4338837391175582,-0.900968867902419,1.0,6.123233995736766e-17,0.0,16.125,107.66666666666669,5.8,11.5,18.0,84.0,-7.0,2.9060588,0.0,-4.8,19.21111112,24.45,24.5,24.65,24.683333333333334,24.0,-20.26874073333333,0.0574073833333379,0.0639999999999999,-0.942,-0.914,19.32530865333333,-0.8986666666666651,4.0059047,4.0616097,4.050435,4.1176543,3.9582613,0,0.0,1,1.0,-0.86,20.7,79.3
2023-03-09 20:15:00,275.905074572218,151.733097116666,151.820593616666,19.21111112,-0.914,24.0,2,5.1764362714980825,70.66250196097344,20,3,3,-0.8660254037844386,0.5000000000000001,0.4338837391175582,-0.900968867902419,1.0,6.123233995736766e-17,0.0,8.0625,90.89583333333331,5.825,11.95,13.75,84.25,-6.95,2.9199426,0.0,-4.775,19.46666666,24.03333333333333,24.45,24.5,24.65,23.816666666666663,-20.125111120000003,-0.1796296133333328,-0.036,-0.878,-1.0273333333333334,19.31172840111111,-0.911333333333332,3.9582613,4.0059047,4.0616097,4.050435,3.9875584,0,0.0,1,1.0,-0.9,22.3,77.7
2023-03-09 20:30:00,169.669046349998,49.570794872222,49.644958588888,19.46666666,-1.0273333333333334,23.816666666666663,1,5.1764362714980825,70.66250196097344,20,3,3,-0.8660254037844386,0.5000000000000001,0.4338837391175582,-0.900968867902419,1.0,6.123233995736766e-17,0.0,2.6875,74.02083333333333,5.85,12.4,9.5,84.5,-6.9,2.9338665,0.0,-4.75,19.36111114,24.0,24.03333333333333,24.45,24.5,23.55,-20.493999993333336,0.2555555399999996,-0.1133333333333334,-0.914,-1.1413333333333333,19.35617283777778,-0.9397777777777764,3.9875584,3.9582613,4.0059047,4.0616097,3.9185035,0,0.0,1,1.0,-0.85,20.1,79.9
2023-03-09 20:45:00,227.513399166664,109.035360644444,109.116468533332,19.36111114,-1.1413333333333333,23.55,2,5.1764362714980825,70.66250196097344,20,3,3,-0.8660254037844386,0.5000000000000001,0.4338837391175582,-0.900968867902419,1.0,6.123233995736766e-17,0.0,0.0,57.04166666666666,5.875,12.85,5.249999999999998,84.75,-6.85,2.9478297,0.0,-4.725,19.359259273333333,23.816666666666663,24.0,24.03333333333333,24.45,23.78333333333333,-20.50244447333333,-0.1055555200000029,-0.1139999999999998,-1.0273333333333334,-1.274,19.34629630666667,-1.027555555555554,3.9185035,3.9875584,3.9582613,4.0059047,3.956897,0,0.0,1,1.0,-0.87,21.1,78.9
2023-03-09 21:00:00,242.031429472222,125.515534727778,125.598864744444,19.359259273333333,-1.274,23.78333333333333,2,5.1764362714980825,70.66250196097344,21,3,3,-0.7071067811865477,0.7071067811865474,0.4338837391175582,-0.900968867902419,1.0,6.123233995736766e-17,0.0,0.0,39.958333333333336,5.9,13.3,1.0,85.0,-6.8,2.9618323,0.0,-4.7,19.46666667,23.55,23.816666666666663,24.0,24.03333333333333,23.5,-20.633259273333334,-0.0018518666666658,-0.1326666666666667,-1.1413333333333333,-1.0713333333333332,19.395679024444444,-1.147555555555554,3.956897,3.9185035,3.9875584,3.9582613,3.9345396,0,0.0,0,1.0,-0.87,21.0,79.0
2023-03-09 21:15:00,169.813762794442,48.996373416666,49.070814938886,19.46666667,-1.0713333333333332,23.5,1,5.1764362714980825,70.66250196097344,21,3,3,-0.7071067811865477,0.7071067811865474,0.4338837391175582,-0.900968867902419,1.0,6.123233995736766e-17,0.0,0.0,26.25,5.325,13.025,1.25,85.0,-6.775,2.9671469,0.0,-4.675,19.229629656666667,23.78333333333333,23.55,23.816666666666663,24.0,23.683333333333334,-20.53800000333333,0.1074073966666659,0.2026666666666667,-1.274,-1.5873333333333333,19.395679027777778,-1.1622222222222207,3.9345396,3.956897,3.9185035,3.9875584,3.9102983,0,0.0,1,1.0,-0.85,20.2,79.8
2023-03-09 21:30:00,272.43799087778,150.053719827778,150.13788311111202,19.229629656666667,-1.5873333333333333,23.683333333333334,2,5.1764362714980825,70.66250196097344,21,3,3,-0.7071067811865477,0.7071067811865474,0.4338837391175582,-0.900968867902419,1.0,6.123233995736766e-17,0.0,0.0,15.916666666666666,4.75,12.75,1.5,85.0,-6.75,2.9724708,0.0,-4.65,19.46111114,23.5,23.78333333333333,23.55,23.816666666666663,23.65,-20.81696299,-0.2370370133333317,-0.516,-1.0713333333333332,-1.908,19.351851866666667,-1.3108888888888874,3.9102983,3.9345396,3.956897,3.9185035,3.9583604,0,0.0,1,1.0,-0.9,22.2,77.8
2023-03-09 21:45:00,169.508219383334,54.431156,54.506430772222,19.46111114,-1.908,23.65,1,5.1764362714980825,70.66250196097344,21,3,3,-0.7071067811865477,0.7071067811865474,0.4338837391175582,-0.900968867902419,1.0,6.123233995736766e-17,0.0,0.0,8.958333333333334,4.175000000000001,12.475,1.75,85.0,-6.725,2.977803,0.0,-4.625,19.37037034,23.683333333333334,23.5,23.78333333333333,23.55,23.5,-21.36911114,0.2314814833333329,-0.3206666666666669,-1.5873333333333333,-1.9913333333333327,19.38580248888889,-1.522222222222221,3.9583604,3.9102983,3.9345396,3.956897,3.9123163,0,0.0,1,1.0,-0.85,20.2,79.8
2023-03-09 22:00:00,282.48925556111,109.834773083334,109.91504772222,19.37037034,-1.9913333333333327,23.5,2,5.1764362714980825,70.66250196097344,22,3,3,-0.5000000000000004,0.8660254037844384,0.4338837391175582,-0.900968867902419,1.0,6.123233995736766e-17,0.0,0.0,5.375,3.6,12.2,2.0,85.0,-6.7,2.9831433,0.0,-4.6,19.32777775,23.65,23.683333333333334,23.5,23.78333333333333,23.5,-21.36170367333333,-0.0907407999999989,-0.083333333333333,-1.908,-2.321333333333333,19.353703712222224,-1.8288888888888872,3.9123163,3.9583604,3.9102983,3.9345396,3.9025195,0,0.0,1,1.0,-0.87,21.0,79.0
2023-03-09 22:15:00,911.638810705558,154.530485183334,154.616870644444,19.32777775,-2.321333333333333,23.5,2,5.1764362714980825,70.66250196097344,22,3,3,-0.5000000000000004,0.8660254037844384,0.4338837391175582,-0.900968867902419,1.0,6.123233995736766e-17,0.0,0.0,2.6875,3.25,10.325,3.75,86.25,-7.325,2.8526325,0.0,-5.425,19.511111106666664,23.5,23.65,23.683333333333334,23.5,23.5,-21.64911108333333,-0.0425925900000017,-0.3300000000000003,-1.9913333333333327,-2.436,19.38641974333333,-2.073555555555554,3.9025195,3.9123163,3.9583604,3.9102983,3.9448345,0,0.0,0,1.0,-0.88,21.4,78.6
2023-03-09 22:30:00,141.884324366668,23.689885683334,23.761827272222,19.511111106666664,-2.436,23.5,1,5.1764362714980825,70.66250196097344,22,3,3,-0.5000000000000004,0.8660254037844384,0.4338837391175582,-0.900968867902419,1.0,6.123233995736766e-17,0.0,0.0,0.8958333333333334,2.9000000000000004,8.45,5.5,87.5,-7.949999999999999,2.7261016,0.0,-6.25,19.23333336,23.5,23.5,23.65,23.683333333333334,23.95,-21.947111106666664,0.1833333566666652,-0.1146666666666664,-2.321333333333333,-2.544666666666666,19.403086398888888,-2.249555555555554,3.9448345,3.9025195,3.9123163,3.9583604,3.9551904,0,0.0,1,1.0,-0.84,19.8,80.2
2023-03-09 22:45:00,493.293323011112,117.41252556111,117.457801549998,19.23333336,-2.544666666666666,23.95,2,5.1764362714980825,70.66250196097344,22,3,3,-0.5000000000000004,0.8660254037844384,0.4338837391175582,-0.900968867902419,1.0,6.123233995736766e-17,0.0,0.0,0.0,2.5500000000000003,6.575,7.25,88.75,-8.575,2.603534,0.0,-7.075,19.26851852333333,23.5,23.5,23.5,23.65,25.3,-21.778000026666668,-0.2777777466666649,-0.1086666666666666,-2.436,-2.767333333333333,19.35740740555556,-2.433999999999999,3.9551904,3.9448345,3.9025195,3.9123163,4.186802,0,0.0,1,1.0,-0.9,22.1,77.9
2023-03-09 23:00:00,360.234478844448,158.649487083334,158.703373811112,19.26851852333333,-2.767333333333333,25.3,2,5.1764362714980825,70.66250196097344,23,3,3,-0.2588190451025215,0.965925826289068,0.4338837391175582,-0.900968867902419,1.0,6.123233995736766e-17,0.0,0.0,0.0,2.2,4.7,9.0,90.0,-9.2,2.4849052,0.0,-7.9,19.41111107,23.95,23.5,23.5,23.5,26.0,-22.035851856666667,0.0351851633333346,-0.2226666666666665,-2.544666666666666,-2.8646666666666665,19.33765433,-2.582666666666665,4.186802,3.9551904,3.9448345,3.9025195,4.338908,0,0.0,0,1.0,-0.88,21.5,78.5
2023-03-09 23:15:00,168.645476277772,103.3825312,103.420863033332,19.41111107,-2.8646666666666665,26.0,2,5.1764362714980825,70.66250196097344,23,3,3,-0.2588190451025215,0.965925826289068,0.4338837391175582,-0.900968867902419,1.0,6.123233995736766e-17,0.0,0.0,0.0,2.5500000000000003,5.425,6.75,90.75,-9.7,2.3924475,0.0,-8.525,19.09259258333333,25.3,23.95,23.5,23.5,26.183333333333334,-22.27577773666667,0.1425925466666662,-0.0973333333333332,-2.767333333333333,-2.954,19.304320984444445,-2.725555555555554,4.338908,4.186802,3.9551904,3.9448345,4.288288,0,0.0,0,1.0,-0.85,20.2,79.8
2023-03-09 23:30:00,456.04981294444,143.12649696111,143.152329327774,19.09259258333333,-2.954,26.183333333333334,2,5.1764362714980825,70.66250196097344,23,3,3,-0.2588190451025215,0.965925826289068,0.4338837391175582,-0.900968867902419,1.0,6.123233995736766e-17,0.0,0.0,0.0,2.9000000000000004,6.15,4.5,91.5,-10.2,2.3026881,0.0,-9.15,19.21666668,26.0,25.3,23.95,23.5,26.1,-22.04659258333333,-0.3185184866666688,-0.0893333333333337,-2.8646666666666665,-3.2993333333333337,19.257407392222223,-2.8619999999999983,4.288288,4.338908,4.186802,3.9551904,4.3060184,0,0.0,0,1.0,-0.92,22.9,77.1
2023-03-09 23:45:00,206.016481361106,163.2551362,163.283746238886,19.21666668,-3.2993333333333337,26.1,2,5.1764362714980825,70.66250196097344,23,3,3,-0.2588190451025215,0.965925826289068,0.4338837391175582,-0.900968867902419,1.0,6.123233995736766e-17,0.0,0.0,0.0,3.25,6.875,2.25,92.25,-10.7,2.2155817,0.0,-9.775,19.52592592333333,26.183333333333334,26.0,25.3,23.95,25.35,-22.516000013333333,0.1240740966666678,-0.3453333333333335,-2.954,-3.552,19.24012344444445,-3.039333333333332,4.3060184,4.288288,4.338908,4.186802,4.2590933,0,0.0,0,1.0,-0.89,21.8,78.2
2023-03-10 00:00:00,134.041027011112,87.765933672222,87.78454404444399,19.52592592333333,-3.552,25.35,2,5.1764362714980825,70.66250196097344,0,4,3,0.0,1.0,-0.433883739117558,-0.9009688679024191,1.0,6.123233995736766e-17,0.0,0.0,0.0,3.6,7.6,0.0,93.0,-11.2,2.13108,0.0,-10.4,19.36111112,26.1,26.183333333333334,26.0,25.3,25.05,-23.07792592333333,0.309259243333333,-0.2526666666666664,-3.2993333333333337,-3.5493333333333337,19.27839506222222,-3.268444444444443,4.2590933,4.3060184,4.288288,4.338908,4.16809,0,0.0,0,1.0,-0.83,19.4,80.6
2023-03-10 00:15:00,136.432320272222,73.28401293889,73.295679205554,19.36111112,-3.5493333333333337,25.05,2,5.1764362714980825,70.66250196097344,0,4,3,0.0,1.0,-0.433883739117558,-0.9009688679024191,1.0,6.123233995736766e-17,0.0,0.0,0.0,4.15,8.3,5.25,93.0,-11.325,2.111083,0.0,-10.525,19.203703686666664,25.35,26.1,26.183333333333334,26.0,25.28333333333333,-22.910444453333334,-0.1648148033333321,0.0026666666666663,-3.552,-3.7126666666666654,19.367901241111117,-3.466888888888888,4.16809,4.2590933,4.3060184,4.288288,4.168099,0,0.0,0,1.0,-0.86,20.8,79.2
2023-03-10 00:30:00,187.45583496666,145.256133955556,145.277244227778,19.203703686666664,-3.7126666666666654,25.28333333333333,2,5.1764362714980825,70.66250196097344,0,4,3,0.0,1.0,-0.433883739117558,-0.9009688679024191,1.0,6.123233995736766e-17,0.0,0.0,0.0,4.7,9.0,10.5,93.0,-11.45,2.0912516,0.0,-10.65,19.37777774,25.05,25.35,26.1,26.183333333333334,24.65,-22.91637035333333,-0.1574074333333364,-0.1633333333333326,-3.5493333333333337,-3.884,19.36358024333333,-3.604666666666666,4.168099,4.16809,4.2590933,4.3060184,4.105559,0,0.0,0,1.0,-0.9,22.1,77.9
2023-03-10 00:45:00,80.474280999996,29.2096649,29.22188666111,19.37777774,-3.884,24.65,1,5.1764362714980825,70.66250196097344,0,4,3,0.0,1.0,-0.433883739117558,-0.9009688679024191,1.0,6.123233995736766e-17,0.0,0.0,0.0,5.25,9.7,15.75,93.0,-11.575,2.0715854,0.0,-10.775,19.153703706666665,25.28333333333333,25.05,25.35,26.1,24.5,-23.26177774,0.1740740533333351,-0.1713333333333335,-3.7126666666666654,-3.9346666666666654,19.31419751555556,-3.715333333333332,4.105559,4.168099,4.16809,4.2590933,4.0270777,0,0.0,1,1.0,-0.86,20.7,79.3
2023-03-10 01:00:00,223.601611127778,156.45513042777802,156.478462811112,19.153703706666665,-3.9346666666666654,24.5,2,5.1764362714980825,70.66250196097344,1,4,3,0.2588190451025207,0.9659258262890684,-0.433883739117558,-0.9009688679024191,1.0,6.123233995736766e-17,0.0,0.0,0.0,5.8,10.4,21.0,93.0,-11.7,2.0520825,0.0,-10.9,19.35555554,24.65,25.28333333333333,25.05,25.35,24.45,-23.08837037333333,-0.2240740333333342,-0.0506666666666664,-3.884,-3.918,19.24506171111111,-3.843777777777776,4.0270777,4.105559,4.168099,4.16809,4.066926,0,0.0,1,1.0,-0.91,22.7,77.3
2023-03-10 01:15:00,129.053448805554,75.56725493889,75.581976616666,19.35555554,-3.918,24.45,2,5.1764362714980825,70.66250196097344,1,4,3,0.2588190451025207,0.9659258262890684,-0.433883739117558,-0.9009688679024191,1.0,6.123233995736766e-17,0.0,0.0,0.0,5.475,10.4,37.5,92.75,-11.65,2.066017,0.0,-10.775,19.29074074,24.5,24.65,25.28333333333333,25.05,24.03333333333333,-23.27355554,0.2018518333333361,0.0166666666666661,-3.9346666666666654,-4.0,19.295678995555555,-3.912222222222221,4.066926,4.0270777,4.105559,4.168099,3.9823945,0,0.0,0,1.0,-0.87,20.9,79.1
2023-03-10 01:30:00,149.007928244448,83.9124767,83.924698444444,19.29074074,-4.0,24.03333333333333,2,5.1764362714980825,70.66250196097344,1,4,3,0.2588190451025207,0.9659258262890684,-0.433883739117558,-0.9009688679024191,1.0,6.123233995736766e-17,0.0,0.0,0.0,5.15,10.4,54.0,92.5,-11.6,2.080008,0.0,-10.65,19.17777779,24.45,24.5,24.65,25.28333333333333,24.0,-23.29074074,-0.0648148000000006,-0.0819999999999998,-3.918,-4.048,19.266666662222224,-3.950888888888887,3.9823945,4.066926,4.0270777,4.105559,3.9504943,0,0.0,0,1.0,-0.89,21.6,78.4
2023-03-10 01:45:00,232.871795872222,169.099346872222,169.124623644444,19.17777779,-4.048,24.0,2,5.1764362714980825,70.66250196097344,1,4,3,0.2588190451025207,0.9659258262890684,-0.433883739117558,-0.9009688679024191,1.0,6.123233995736766e-17,0.0,0.0,0.0,4.825,10.4,70.5,92.25,-11.55,2.0940583,0.0,-10.525,19.405555536666668,24.03333333333333,24.45,24.5,24.65,23.816666666666663,-23.22577779,-0.11296295,-0.048,-4.0,-3.98,19.27469135666667,-3.988666666666665,3.9504943,3.9823945,4.066926,4.0270777,3.9732528,0,0.0,0,1.0,-0.91,22.6,77.4
2023-03-10 02:00:00,74.23341954444,23.736272727778,23.74627236111,19.405555536666668,-3.98,23.816666666666663,1,5.1764362714980825,70.66250196097344,2,4,3,0.4999999999999999,0.8660254037844387,-0.433883739117558,-0.9009688679024191,1.0,6.123233995736766e-17,0.0,0.0,0.0,4.5,10.4,87.0,92.0,-11.5,2.108165,0.0,-10.4,19.15555559,24.0,24.03333333333333,24.45,24.5,23.55,-23.38555553666667,0.2277777466666677,0.068,-4.048,-4.035333333333333,19.291358022222227,-4.009333333333331,3.9732528,3.9504943,3.9823945,4.066926,3.8713489,0,0.0,1,1.0,-0.86,20.6,79.4
2023-03-10 02:15:00,189.958234666668,127.703780544444,127.724057516666,19.15555559,-4.035333333333333,23.55,2,5.1764362714980825,70.66250196097344,2,4,3,0.4999999999999999,0.8660254037844387,-0.433883739117558,-0.9009688679024191,1.0,6.123233995736766e-17,0.0,0.0,0.0,4.375,10.5,90.25,91.75,-11.9,2.0437415,0.0,-10.775,19.09629633666667,23.816666666666663,24.0,24.03333333333333,24.45,23.78333333333333,-23.190888923333336,-0.2499999466666658,-0.055333333333333,-3.98,-4.112666666666667,19.24629630555556,-4.02111111111111,3.8713489,3.9732528,3.9504943,3.9823945,3.896069,0,0.0,1,1.0,-0.92,22.8,77.2
2023-03-10 02:30:00,195.357463238886,136.339823955556,136.360656472222,19.09629633666667,-4.112666666666667,23.78333333333333,2,5.1764362714980825,70.66250196097344,2,4,3,0.4999999999999999,0.8660254037844387,-0.433883739117558,-0.9009688679024191,1.0,6.123233995736766e-17,0.0,0.0,0.0,4.25,10.6,93.5,91.5,-12.3,1.9810861,0.0,-11.15,19.02777779,23.55,23.816666666666663,24.0,24.03333333333333,23.55,-23.20896300333333,-0.0592592533333338,-0.0773333333333337,-4.035333333333333,-4.182,19.219135821111117,-4.0426666666666655,3.896069,3.8713489,3.9732528,3.9504943,3.8422837,0,0.0,0,1.0,-0.93,23.3,76.7
2023-03-10 02:45:00,153.596078094446,102.47117873889,102.490344655556,19.02777779,-4.182,23.55,2,5.1764362714980825,70.66250196097344,2,4,3,0.4999999999999999,0.8660254037844387,-0.433883739117558,-0.9009688679024191,1.0,6.123233995736766e-17,0.0,0.0,0.0,4.125,10.7,96.75,91.25,-12.7,1.9201559,0.0,-11.525,18.874074086666667,23.78333333333333,23.55,23.816666666666663,24.0,23.966666666666665,-23.20977779,-0.0685185466666666,-0.0693333333333328,-4.112666666666667,-4.245333333333333,19.09320990555556,-4.109999999999999,3.8422837,3.896069,3.8713489,3.9732528,3.8749392,0,0.0,0,1.0,-0.95,24.0,76.0
2023-03-10 03:00:00,228.264757844448,166.758884944444,166.784995016666,18.874074086666667,-4.245333333333333,23.966666666666665,2,5.1764362714980825,70.66250196097344,3,4,3,0.7071067811865476,0.7071067811865476,-0.433883739117558,-0.9009688679024191,1.0,6.123233995736766e-17,0.0,0.0,0.0,4.0,10.8,100.0,91.0,-13.1,1.860909,0.0,-11.9,19.24444442,23.55,23.78333333333333,23.55,23.816666666666663,23.6,-23.11940742,-0.1537037033333348,-0.0633333333333334,-4.182,-4.481333333333334,18.99938273777778,-4.179999999999999,3.8749392,3.8422837,3.896069,3.8713489,3.8999414,0,0.0,0,1.0,-0.98,25.3,74.7
2023-03-10 03:15:00,154.83269542777398,99.7093448,99.727399677776,19.24444442,-4.481333333333334,23.6,2,5.1764362714980825,70.66250196097344,3,4,3,0.7071067811865476,0.7071067811865476,-0.433883739117558,-0.9009688679024191,1.0,6.123233995736766e-17,0.0,0.0,0.0,4.2,10.625,100.0,90.25,-12.875,1.8955011,0.0,-11.55,19.294444433333336,23.966666666666665,23.55,23.78333333333333,23.55,23.216666666666665,-23.72577775333333,0.3703703333333301,-0.2360000000000006,-4.245333333333333,-4.489333333333334,19.048765432222226,-4.302888888888888,3.8999414,3.8749392,3.8422837,3.896069,3.84791,0,0.0,0,1.0,-0.9,22.1,77.9
2023-03-10 03:30:00,127.218244350002,75.506146316666,75.52336786111,19.294444433333336,-4.489333333333334,23.216666666666665,2,5.1764362714980825,70.66250196097344,3,4,3,0.7071067811865476,0.7071067811865476,-0.433883739117558,-0.9009688679024191,1.0,6.123233995736766e-17,0.0,0.0,0.0,4.4,10.45,100.0,89.5,-12.65,1.9304439,0.0,-11.2,19.12222223,23.6,23.966666666666665,23.55,23.78333333333333,23.5,-23.78377776666667,0.0500000133333387,-0.008,-4.481333333333334,-4.54,19.13765431333333,-4.405333333333332,3.84791,3.8999414,3.8749392,3.8422837,3.8555446,0,0.0,0,1.0,-0.89,21.7,78.3
2023-03-10 03:45:00,218.859856455552,162.479889444444,162.506555077776,19.12222223,-4.54,23.5,2,5.1764362714980825,70.66250196097344,3,4,3,0.7071067811865476,0.7071067811865476,-0.433883739117558,-0.9009688679024191,1.0,6.123233995736766e-17,0.0,0.0,0.0,4.6,10.275,100.0,88.75,-12.425,1.9657307,0.0,-10.85,19.411111116666667,23.216666666666665,23.6,23.966666666666665,23.55,23.316666666666663,-23.66222223,-0.1722222033333373,-0.0506666666666664,-4.489333333333334,-4.3613333333333335,19.22037036111111,-4.503555555555555,3.8555446,3.84791,3.8999414,3.8749392,3.8911114,0,0.0,0,1.0,-0.93,23.2,76.8
2023-03-10 04:00:00,119.96325686111,68.21866007777601,68.234215038886,19.411111116666667,-4.3613333333333335,23.316666666666663,1,5.1764362714980825,70.66250196097344,4,4,3,0.8660254037844386,0.5000000000000001,-0.433883739117558,-0.9009688679024191,1.0,6.123233995736766e-17,0.0,0.0,0.0,4.8,10.1,100.0,88.0,-12.2,2.0013554,0.0,-10.5,19.28888888,23.5,23.216666666666665,23.6,23.966666666666665,23.05,-23.77244445,0.288888886666669,0.1786666666666665,-4.54,-4.328666666666667,19.27592592666667,-4.463555555555555,3.8911114,3.8555446,3.84791,3.8999414,3.8190365,0,0.0,1,1.0,-0.86,20.7,79.3
2023-03-10 04:15:00,143.242603516662,88.802558872222,88.81978041666599,19.28888888,-4.328666666666667,23.05,2,5.1764362714980825,70.66250196097344,4,4,3,0.8660254037844386,0.5000000000000001,-0.433883739117558,-0.9009688679024191,1.0,6.123233995736766e-17,0.0,0.0,0.0,4.775,10.275,100.0,87.75,-12.35,1.9769272,0.0,-10.625,19.14814818,23.316666666666663,23.5,23.216666666666665,23.6,23.28333333333333,-23.617555546666665,-0.1222222366666692,0.0326666666666666,-4.3613333333333335,-4.203333333333333,19.27407407555556,-4.409999999999999,3.8190365,3.8911114,3.8555446,3.84791,3.82584,0,0.0,1,1.0,-0.89,21.8,78.2
2023-03-10 04:30:00,222.826086666664,169.606548783334,169.633492188888,19.14814818,-4.203333333333333,23.28333333333333,2,5.1764362714980825,70.66250196097344,4,4,3,0.8660254037844386,0.5000000000000001,-0.433883739117558,-0.9009688679024191,1.0,6.123233995736766e-17,0.0,0.0,0.0,4.75,10.45,100.0,87.5,-12.5,1.9527603,0.0,-10.75,19.40555556,23.05,23.316666666666663,23.5,23.216666666666665,23.0,-23.351481513333333,-0.1407406999999985,0.1253333333333337,-4.328666666666667,-3.9733333333333336,19.28271605888889,-4.297777777777777,3.82584,3.8190365,3.8911114,3.8555446,3.8370109,0,0.0,0,1.0,-0.92,23.0,77.0
2023-03-10 04:45:00,87.574274705554,36.728530783334,36.742419144444,19.40555556,-3.9733333333333336,23.0,1,5.1764362714980825,70.66250196097344,4,4,3,0.8660254037844386,0.5000000000000001,-0.433883739117558,-0.9009688679024191,1.0,6.123233995736766e-17,0.0,0.0,0.0,4.725,10.625,100.0,87.25,-12.65,1.9288536,0.0,-10.875,19.13888886,23.28333333333333,23.05,23.316666666666663,23.5,23.0,-23.378888893333333,0.2574073800000001,0.2299999999999995,-4.203333333333333,-4.260666666666667,19.280864206666667,-4.168444444444443,3.8370109,3.82584,3.8190365,3.8911114,3.7772217,0,0.0,1,1.0,-0.87,20.8,79.2
2023-03-10 05:00:00,168.928520438886,111.086945244444,111.108611077776,19.13888886,-4.260666666666667,23.0,2,5.1764362714980825,70.66250196097344,5,4,3,0.9659258262890684,0.2588190451025207,-0.433883739117558,-0.9009688679024191,1.0,6.123233995736766e-17,0.0,0.0,0.0,4.7,10.8,100.0,87.0,-12.8,1.905204,0.0,-11.0,18.97222221,23.0,23.28333333333333,23.05,23.316666666666663,23.3,-23.399555526666667,-0.2666666999999982,-0.2873333333333336,-3.9733333333333336,-3.986,19.230864200000003,-4.145777777777776,3.7772217,3.8370109,3.82584,3.8190365,3.7890508,0,0.0,1,1.0,-0.93,23.1,76.9
2023-03-10 05:15:00,168.690752233328,117.284752888888,117.307251988888,18.97222221,-3.986,23.3,2,5.1764362714980825,70.66250196097344,5,4,3,0.9659258262890684,0.2588190451025207,-0.433883739117558,-0.9009688679024191,1.0,6.123233995736766e-17,0.0,0.0,0.0,4.425,10.45,100.0,85.25,-12.025,2.0169659,0.0,-9.975,18.814814833333333,23.0,23.0,23.28333333333333,23.05,23.216666666666665,-22.95822221,-0.1666666500000033,0.2746666666666675,-4.260666666666667,-3.6606666666666654,19.17222221,-4.073333333333333,3.7890508,3.7772217,3.8370109,3.82584,3.7405584,0,0.0,0,1.0,-0.96,24.6,75.4
2023-03-10 05:30:00,168.184939116662,116.61894613889,116.637001,18.814814833333333,-3.6606666666666654,23.216666666666665,2,5.1764362714980825,70.66250196097344,5,4,3,0.9659258262890684,0.2588190451025207,-0.433883739117558,-0.9009688679024191,1.0,6.123233995736766e-17,0.0,0.0,0.0,4.15,10.1,100.0,83.5,-11.25,2.1329012,0.0,-8.95,18.82222221,23.3,23.0,23.0,23.28333333333333,23.45,-22.4754815,-0.157407376666665,0.3253333333333335,-3.986,-3.6633333333333336,18.975308634444445,-3.96911111111111,3.7405584,3.7890508,3.7772217,3.8370109,3.7798057,0,0.0,0,1.0,-1.0,26.1,73.9
2023-03-10 05:45:00,233.629543344444,169.891815155556,169.915703083334,18.82222221,-3.6633333333333336,23.45,2,5.1764362714980825,70.66250196097344,5,4,3,0.9659258262890684,0.2588190451025207,-0.433883739117558,-0.9009688679024191,1.0,6.123233995736766e-17,0.0,0.0,0.0,3.875,9.75,100.0,81.75,-10.475,2.2529643,0.0,-7.925000000000001,19.27777774666667,23.216666666666665,23.3,23.0,23.0,23.03333333333333,-22.485555543333334,0.0074073766666664,-0.0026666666666672,-3.6606666666666654,-3.7186666666666666,18.869753084444444,-3.7699999999999982,3.7798057,3.7405584,3.7890508,3.7772217,3.813779,0,0.0,0,1.0,-1.0,25.9,74.1
2023-03-10 06:00:00,150.854799016662,101.575659027778,101.59371383889,19.27777774666667,-3.7186666666666666,23.03333333333333,2,5.1764362714980825,70.66250196097344,6,4,3,1.0,6.123233995736766e-17,-0.433883739117558,-0.9009688679024191,1.0,6.123233995736766e-17,0.0,0.0,0.0,3.6,9.4,100.0,80.0,-9.7,2.377087,0.0,-6.9,19.26666664,23.45,23.216666666666665,23.3,23.0,22.7,-22.996444413333336,0.4555555366666688,-0.055333333333333,-3.6633333333333336,-4.121333333333333,18.97160493,-3.6808888888888873,3.813779,3.7798057,3.7405584,3.7890508,3.7561278,0,0.0,0,1.0,-0.89,21.9,78.1
2023-03-10 06:15:00,113.293523594446,64.690190022224,64.705744983334,19.26666664,-4.121333333333333,22.7,1,5.1764362714980825,70.66250196097344,6,4,3,1.0,6.123233995736766e-17,-0.433883739117558,-0.9009688679024191,1.0,6.123233995736766e-17,0.0,0.0,0.0,4.0,9.125,100.0,80.25,-9.575,2.4063938,0.0,-6.775,19.05555555,23.03333333333333,23.45,23.216666666666665,23.3,22.966666666666665,-23.387999973333333,-0.011111106666668,-0.4026666666666667,-3.7186666666666666,-3.791333333333333,19.12222219888889,-3.834444444444443,3.7561278,3.813779,3.7798057,3.7405584,3.7532573,0,0.0,1,1.0,-0.9,22.1,77.9
2023-03-10 06:30:00,224.85183898333,159.410567788888,159.43584457777598,19.05555555,-3.791333333333333,22.966666666666665,2,5.1764362714980825,70.66250196097344,6,4,3,1.0,6.123233995736766e-17,-0.433883739117558,-0.9009688679024191,1.0,6.123233995736766e-17,0.0,0.0,0.0,4.4,8.850000000000001,100.0,80.5,-9.45,2.4360137,0.0,-6.65,19.32777775,22.7,23.03333333333333,23.45,23.216666666666665,22.95,-22.84688888333333,-0.2111110899999992,0.33,-4.121333333333333,-2.362,19.199999978888894,-3.8771111111111103,3.7532573,3.7561278,3.813779,3.7798057,3.8111844,0,0.0,1,1.0,-0.95,23.9,76.1
2023-03-10 06:45:00,105.411061238886,58.919587572222,58.934864744444,19.32777775,-2.362,22.95,1,5.1764362714980825,70.66250196097344,6,4,3,1.0,6.123233995736766e-17,-0.433883739117558,-0.9009688679024191,1.0,6.123233995736766e-17,0.0,0.0,0.0,4.800000000000001,8.575000000000001,100.0,80.75,-9.325,2.4659495,0.0,-6.525,19.187037046666667,22.966666666666665,22.7,23.03333333333333,23.45,22.716666666666665,-21.68977775,0.2722221999999981,1.4293333333333331,-3.791333333333333,-2.5806666666666667,19.216666646666667,-3.4248888888888875,3.8111844,3.7532573,3.7561278,3.813779,3.741293,0,0.0,1,1.0,-0.88,21.5,78.5
2023-03-10 07:00:00,148.589889516666,102.3684051,102.389237583334,19.187037046666667,-2.5806666666666667,22.716666666666665,2,5.1764362714980825,70.66250196097344,7,4,3,0.9659258262890684,-0.2588190451025206,-0.433883739117558,-0.9009688679024191,1.0,6.123233995736766e-17,0.0,0.0,0.0,5.2,8.3,100.0,81.0,-9.2,2.4962053,0.0,-6.4,19.13888891,22.95,22.966666666666665,22.7,23.03333333333333,23.0,-21.767703713333333,-0.1407407033333321,-0.2186666666666665,-2.362,-2.545333333333333,19.19012344888889,-2.911333333333332,3.741293,3.8111844,3.7532573,3.7561278,3.7772217,0,0.0,1,1.0,-0.92,22.7,77.3
2023-03-10 07:15:00,236.308325172218,168.867689472222,168.895188405554,19.13888891,-2.545333333333333,23.0,2,5.1764362714980825,70.66250196097344,7,4,3,0.9659258262890684,-0.2588190451025206,-0.433883739117558,-0.9009688679024191,1.0,6.123233995736766e-17,2.0,0.5,0.1666666666666666,4.175000000000001,8.200000000000001,100.0,81.25,-8.875,2.554474,0.0,-6.125,19.33333335,22.716666666666665,22.95,22.966666666666665,22.7,22.816666666666663,-21.68422224333333,-0.0481481366666685,0.0353333333333334,-2.5806666666666667,-2.497333333333333,19.217901235555555,-2.4959999999999987,3.7772217,3.741293,3.8111844,3.7532573,3.7902818,0,0.0,0,1.0,-0.93,23.1,76.9
2023-03-10 07:30:00,63.93022052222,18.675641811112,18.687308011112,19.33333335,-2.497333333333333,22.816666666666663,1,5.1764362714980825,70.66250196097344,7,4,3,0.9659258262890684,-0.2588190451025206,-0.433883739117558,-0.9009688679024191,1.0,6.123233995736766e-17,4.0,1.5,0.5,3.1500000000000004,8.100000000000001,100.0,81.5,-8.55,2.6139538,0.0,-5.85,19.09444445,23.0,22.716666666666665,22.95,22.966666666666665,22.85,-21.83066668333333,0.194444439999998,0.048,-2.545333333333333,-2.234,19.21975310222222,-2.54111111111111,3.7902818,3.7772217,3.741293,3.8111844,3.7427661,0,0.0,1,1.0,-0.88,21.5,78.5
2023-03-10 07:45:00,179.586427405554,134.20490933889,134.228519494446,19.09444445,-2.234,22.85,2,5.1764362714980825,70.66250196097344,7,4,3,0.9659258262890684,-0.2588190451025206,-0.433883739117558,-0.9009688679024191,1.0,6.123233995736766e-17,6.0,3.0,1.0,2.1250000000000004,8.0,100.0,81.75,-8.225,2.6746664,0.0,-5.575,19.205555553333333,22.816666666666663,23.0,22.716666666666665,22.95,23.0,-21.32844445,-0.2388888999999956,0.2633333333333332,-2.497333333333333,-1.8713333333333333,19.18888890333333,-2.425555555555554,3.7427661,3.7902818,3.7772217,3.741293,3.7920916,0,0.0,1,1.0,-0.94,23.5,76.5
2023-03-10 08:00:00,193.813358272222,125.637196527778,125.6591401,19.205555553333333,-1.8713333333333333,23.0,2,5.1764362714980825,70.66250196097344,8,4,3,0.8660254037844387,-0.4999999999999998,-0.433883739117558,-0.9009688679024191,1.0,6.123233995736766e-17,8.0,5.0,1.6666666666666667,1.1,7.9,100.0,82.0,-7.9,2.7366338,0.0,-5.3,19.23888888,22.85,22.816666666666663,23.0,22.716666666666665,23.05,-21.076888886666666,0.1111111033333323,0.3626666666666667,-2.234,-1.9106666666666667,19.21111111777778,-2.200888888888888,3.7920916,3.7427661,3.7902818,3.7772217,3.8078072,0,0.0,0,1.0,-0.91,22.5,77.5
2023-03-10 08:15:00,90.71581563889,41.4591749,41.473618788888,19.23888888,-1.9106666666666667,23.05,1,5.1764362714980825,70.66250196097344,8,4,3,0.8660254037844387,-0.4999999999999998,-0.433883739117558,-0.9009688679024191,1.0,6.123233995736766e-17,28.75,11.6875,4.0625,1.5750000000000002,8.0,100.0,82.5,-7.75,2.7682447,0.0,-5.225,18.829629646666667,23.0,22.85,22.816666666666663,23.0,23.466666666666665,-21.149555546666665,0.0333333266666642,-0.0393333333333334,-1.8713333333333333,-1.5193333333333332,19.17962962777777,-2.0053333333333323,3.8078072,3.7920916,3.7427661,3.7902818,3.7841496,0,0.0,1,1.0,-0.9,22.2,77.8
2023-03-10 08:30:00,138.412240972226,92.024374394446,92.044373611112,18.829629646666667,-1.5193333333333332,23.466666666666665,2,5.1764362714980825,70.66250196097344,8,4,3,0.8660254037844387,-0.4999999999999998,-0.433883739117558,-0.9009688679024191,1.0,6.123233995736766e-17,49.5,23.0625,8.1875,2.05,8.100000000000001,100.0,83.0,-7.6,2.8001072,0.0,-5.15,18.48333335,23.05,23.0,22.85,22.816666666666663,23.9,-20.34896298,-0.40925923333333,0.3913333333333335,-1.9106666666666667,-1.2266666666666666,19.09135802666667,-1.7671111111111095,3.7841496,3.8078072,3.7920916,3.7427661,3.7758474,0,0.0,1,1.0,-0.99,25.9,74.1
2023-03-10 08:45:00,194.244174372222,127.5348984,127.55795306111,18.48333335,-1.2266666666666666,23.9,2,5.1764362714980825,70.66250196097344,8,4,3,0.8660254037844387,-0.4999999999999998,-0.433883739117558,-0.9009688679024191,1.0,6.123233995736766e-17,70.25,39.125,14.041666666666666,2.525,8.200000000000001,100.0,83.5,-7.45,2.8322246,0.0,-5.075,18.61481480333333,23.466666666666665,23.05,23.0,22.85,24.466666666666665,-19.710000016666665,-0.3462962966666687,0.2926666666666666,-1.5193333333333332,-1.2373333333333332,18.85061729222222,-1.5522222222222208,3.7758474,3.7841496,3.8078072,3.7920916,3.8955922,0,0.0,0,1.0,-1.07,29.2,70.8
2023-03-10 09:00:00,476.22400594444,193.627810127778,193.660864455552,18.61481480333333,-1.2373333333333332,24.466666666666665,2,5.1764362714980825,70.66250196097344,9,4,3,0.7071067811865476,-0.7071067811865475,-0.433883739117558,-0.9009688679024191,1.0,6.123233995736766e-17,91.0,59.875,21.625,3.0,8.3,100.0,84.0,-7.3,2.864597,0.0,-5.0,19.13888887,23.9,23.466666666666665,23.05,23.0,24.15,-19.852148136666663,0.1314814533333326,-0.0106666666666666,-1.2266666666666666,-1.026,18.6425926,-1.3277777777777764,3.8955922,3.7758474,3.7841496,3.8078072,3.9660826,0,0.0,0,1.0,-1.04,27.7,72.3
2023-03-10 09:15:00,278.094431327778,229.83552846111,229.8699715,19.13888887,-1.026,24.15,2,5.1764362714980825,70.66250196097344,9,4,3,0.7071067811865476,-0.7071067811865475,-0.433883739117558,-0.9009688679024191,1.0,6.123233995736766e-17,120.75,82.875,31.6875,3.35,9.375,100.0,81.75,-7.025,2.9261177,0.0,-4.325,19.59444446,24.466666666666665,23.9,23.466666666666665,23.05,23.816666666666663,-20.16488887,0.524074066666671,0.2113333333333331,-1.2373333333333332,-0.8919999999999999,18.745679007777778,-1.163333333333332,3.9660826,3.8955922,3.7758474,3.7841496,4.017618,0,0.0,0,1.0,-0.92,22.9,77.1
2023-03-10 09:30:00,192.5139658,126.0091261,126.032458516666,19.59444446,-0.8919999999999999,23.816666666666663,2,5.1764362714980825,70.66250196097344,9,4,3,0.7071067811865476,-0.7071067811865475,-0.433883739117558,-0.9009688679024191,1.0,6.123233995736766e-17,150.5,108.125,44.22916666666666,3.7,10.45,100.0,79.5,-6.75,2.9858577,0.0,-3.65,19.46111111,24.15,24.466666666666665,23.9,23.466666666666665,23.6,-20.48644446,0.4555555899999959,0.1340000000000001,-1.026,-0.6066666666666668,19.116049377777777,-1.0517777777777766,4.017618,3.9660826,3.8955922,3.7758474,3.949992,0,0.0,0,1.0,-0.82,19.1,80.9
2023-03-10 09:45:00,142.27903102777,79.098502616666,79.11294653888599,19.46111111,-0.6066666666666668,23.6,2,5.1764362714980825,70.66250196097344,9,4,3,0.7071067811865476,-0.7071067811865475,-0.433883739117558,-0.9009688679024191,1.0,6.123233995736766e-17,180.25,135.625,59.25,4.050000000000001,11.525,100.0,77.25,-6.475,3.0435317,0.0,-2.975,19.190740743333333,23.816666666666663,24.15,24.466666666666665,23.9,24.433333333333334,-20.067777776666667,-0.1333333499999973,0.2853333333333331,-0.8919999999999999,-0.2086666666666667,19.39814814666667,-0.8415555555555544,3.949992,4.017618,3.9660826,3.8955922,4.024896,0,0.0,0,1.0,-0.85,20.2,79.8
2023-03-10 10:00:00,240.928973655552,173.061966111112,173.08502077222198,19.190740743333333,-0.2086666666666667,24.433333333333334,2,5.1764362714980825,70.66250196097344,10,4,3,0.4999999999999999,-0.8660254037844387,-0.433883739117558,-0.9009688679024191,1.0,6.123233995736766e-17,210.0,165.375,76.75,4.4,12.6,100.0,75.0,-6.2,3.0988336,0.0,-2.3,19.37222224,23.6,23.816666666666663,24.15,24.466666666666665,24.85,-19.39940741,-0.2703703666666683,0.3980000000000001,-0.6066666666666668,-0.3226666666666666,19.415432104444445,-0.5691111111111099,4.024896,3.949992,4.017618,3.9660826,4.137517,0,0.0,0,1.0,-0.91,22.4,77.6
2023-03-10 10:15:00,235.05670852222,171.433420205554,171.456752588888,19.37222224,-0.3226666666666666,24.85,2,5.1764362714980825,70.66250196097344,10,4,3,0.4999999999999999,-0.8660254037844387,-0.433883739117558,-0.9009688679024191,1.0,6.123233995736766e-17,239.5,195.0625,96.54166666666669,4.9,14.05,100.0,73.5,-6.025,3.1287441,0.0,-1.875,19.585185223333333,24.433333333333334,23.6,23.816666666666663,24.15,25.0,-19.694888906666662,0.1814814966666667,-0.1139999999999999,-0.2086666666666667,-0.126,19.341358031111117,-0.3793333333333322,4.137517,4.024896,3.949992,4.017618,4.2149415,0,0.0,0,1.0,-0.86,20.7,79.3
2023-03-10 10:30:00,210.927118094446,162.031296272222,162.057128588888,19.585185223333333,-0.126,25.0,2,5.1764362714980825,70.66250196097344,10,4,3,0.4999999999999999,-0.8660254037844387,-0.433883739117558,-0.9009688679024191,1.0,6.123233995736766e-17,269.0,224.6875,118.625,5.4,15.5,100.0,72.0,-5.85,3.1572878,0.0,-1.45,19.6666667,24.85,24.433333333333334,23.6,23.816666666666663,24.95,-19.71118522333333,0.2129629833333339,0.1966666666666666,-0.3226666666666666,0.47,19.38271606888889,-0.2191111111111099,4.2149415,4.137517,4.024896,3.949992,4.226689,0,0.0,0,1.0,-0.81,19.0,81.0
2023-03-10 10:45:00,105.163293250002,53.7428502,53.759238411112,19.6666667,0.47,24.95,1,5.1764362714980825,70.66250196097344,10,4,3,0.4999999999999999,-0.8660254037844387,-0.433883739117558,-0.9009688679024191,1.0,6.123233995736766e-17,298.5,254.25,143.0,5.9,16.95,100.0,70.5,-5.675,3.1843672,0.0,-1.025,19.605555576666667,25.0,24.85,24.433333333333334,23.6,24.53333333333333,-19.1966667,0.0814814766666671,0.596,-0.126,0.9033333333333334,19.541358054444448,0.0071111111111122,4.226689,4.2149415,4.137517,4.024896,4.141214,0,0.0,1,1.0,-0.8,18.3,81.7
2023-03-10 11:00:00,142.650682727774,71.538527227778,71.552971133332,19.605555576666667,0.9033333333333334,24.53333333333333,2,5.1764362714980825,70.66250196097344,11,4,3,0.258819045102521,-0.9659258262890682,-0.433883739117558,-0.9009688679024191,1.0,6.123233995736766e-17,328.0,283.75,169.66666666666666,6.4,18.4,100.0,69.0,-5.5,3.209883,0.0,-0.6,19.39444442,24.95,25.0,24.85,24.433333333333334,24.9,-18.70222224333333,-0.0611111233333332,0.4333333333333334,0.47,0.9786666666666668,19.61913583333333,0.4157777777777789,4.141214,4.226689,4.2149415,4.137517,4.151266,0,0.0,1,1.0,-0.81,18.9,81.1
2023-03-10 11:15:00,214.245874422216,160.669961811112,160.696349672222,19.39444442,0.9786666666666668,24.9,2,5.1764362714980825,70.66250196097344,11,4,3,0.258819045102521,-0.9659258262890682,-0.433883739117558,-0.9009688679024191,1.0,6.123233995736766e-17,353.0,312.125,196.6875,6.65,19.1,100.0,67.75,-5.375,3.2513123,0.0,-0.1499999999999999,19.538888853333333,24.53333333333333,24.95,25.0,24.85,25.28333333333333,-18.41577775333333,-0.2111111566666679,0.0753333333333332,0.9033333333333334,1.2806666666666666,19.555555565555554,0.7840000000000013,4.151266,4.141214,4.226689,4.2149415,4.25113,0,0.0,0,1.0,-0.86,20.5,79.5
2023-03-10 11:30:00,205.294843594438,146.513305883334,146.539971533332,19.538888853333333,1.2806666666666666,25.28333333333333,2,5.1764362714980825,70.66250196097344,11,4,3,0.258819045102521,-0.9659258262890682,-0.433883739117558,-0.9009688679024191,1.0,6.123233995736766e-17,378.0,339.375,224.0625,6.9,19.8,100.0,66.5,-5.25,3.2917662,0.0,0.3,20.0388889,24.9,24.53333333333333,24.95,25.0,24.95,-18.258222186666668,0.1444444333333336,0.3019999999999999,0.9786666666666668,1.9693333333333332,19.51296295,1.0542222222222233,4.25113,4.151266,4.141214,4.226689,4.3199368,0,0.0,0,1.0,-0.82,19.3,80.7
2023-03-10 11:45:00,175.319375761114,118.138885372222,118.159995627778,20.0388889,1.9693333333333332,24.95,2,5.1764362714980825,70.66250196097344,11,4,3,0.258819045102521,-0.9659258262890682,-0.433883739117558,-0.9009688679024191,1.0,6.123233995736766e-17,403.0,365.5,251.79166666666663,7.15,20.5,100.0,65.25,-5.125,3.3311534,0.0,0.7499999999999999,20.2185185,25.28333333333333,24.9,24.53333333333333,24.95,24.53333333333333,-18.069555566666665,0.500000046666667,0.6886666666666668,1.2806666666666666,2.4033333333333333,19.65740739111111,1.4095555555555566,4.3199368,4.25113,4.151266,4.141214,4.2926655,0,0.0,0,1.0,-0.71,15.6,84.4
2023-03-10 12:00:00,59.28679501667,0.0,0.0,20.2185185,2.4033333333333333,24.53333333333333,0,5.1764362714980825,70.66250196097344,12,4,3,1.2246467991473532e-16,-1.0,-0.433883739117558,-0.9009688679024191,1.0,6.123233995736766e-17,428.0,390.5,279.875,7.4,21.2,100.0,64.0,-5.0,3.3693812,0.0,1.2,20.08333335,24.95,25.28333333333333,24.9,24.53333333333333,24.6,-17.81518516666667,0.1796296000000019,0.4339999999999999,1.9693333333333332,2.64,19.932098751111116,1.8844444444444453,4.2926655,4.3199368,4.25113,4.151266,4.27043,1,1.0,1,0.75,-0.67,14.5,85.5
2023-03-10 12:15:00,165.509768244444,102.868662872222,102.888384316666,20.08333335,2.64,24.6,2,5.1764362714980825,70.66250196097344,12,4,3,1.2246467991473532e-16,-1.0,-0.433883739117558,-0.9009688679024191,1.0,6.123233995736766e-17,419.5,407.125,304.7708333333333,7.525,21.475,100.0,63.25,-4.85,3.3986526,0.0,1.5,19.82777777,24.53333333333333,24.95,25.28333333333333,24.9,25.433333333333334,-17.443333349999996,-0.1351851500000052,0.2366666666666668,2.4033333333333333,2.6413333333333333,20.11358025,2.3375555555555567,4.27043,4.2926655,4.3199368,4.25113,4.34949,0,1.0,1,0.75,-0.7,15.4,84.6
2023-03-10 12:30:00,233.414829650002,157.19565633889,157.219544283334,19.82777777,2.6413333333333333,25.433333333333334,2,5.1764362714980825,70.66250196097344,12,4,3,1.2246467991473532e-16,-1.0,-0.433883739117558,-0.9009688679024191,1.0,6.123233995736766e-17,411.0,415.375,326.4791666666667,7.65,21.75,100.0,62.5,-4.7,3.4275193,0.0,1.7999999999999998,19.82222221,24.6,24.53333333333333,24.95,25.28333333333333,25.45,-17.18644443666667,-0.2555555799999958,0.0013333333333331,2.64,2.6546666666666665,20.043209873333332,2.561555555555557,4.34949,4.27043,4.2926655,4.3199368,4.350923,0,1.0,0,0.75,-0.76,17.0,83.0
2023-03-10 12:45:00,112.6596601,29.802696777776,29.812418672218,19.82222221,2.6546666666666665,25.45,1,5.1764362714980825,70.66250196097344,12,4,3,1.2246467991473532e-16,-1.0,-0.433883739117558,-0.9009688679024191,1.0,6.123233995736766e-17,402.5,415.25,345.0,7.775,22.025,100.0,61.75,-4.550000000000001,3.4559565,0.0,2.1,19.90555554333333,25.433333333333334,24.6,24.53333333333333,24.95,25.03333333333333,-17.167555543333332,-0.0055555600000012,0.0133333333333331,2.6413333333333333,3.012,19.91111111,2.645333333333334,4.350923,4.34949,4.27043,4.2926655,4.3006477,0,1.0,1,0.75,-0.76,17.1,82.9
2023-03-10 13:00:00,171.179541427778,26.780317627778,26.790317294442,19.90555554333333,3.012,25.03333333333333,1,5.1764362714980825,70.66250196097344,13,4,3,-0.2588190451025208,-0.9659258262890684,-0.433883739117558,-0.9009688679024191,1.0,6.123233995736766e-17,394.0,406.75,360.3333333333333,7.9,22.3,100.0,61.0,-4.4,3.4839373,0.0,2.4,19.86111108,25.45,25.433333333333334,24.6,24.53333333333333,25.4,-16.89355554333333,0.0833333333333321,0.3573333333333335,2.6546666666666665,3.267333333333333,19.851851841111117,2.7693333333333343,4.3006477,4.350923,4.34949,4.27043,4.352287,0,0.0,0,1.0,-0.74,16.5,83.5
2023-03-10 13:15:00,269.167566249998,134.158800066668,134.175466116666,19.86111108,3.267333333333333,25.4,2,5.1764362714980825,70.66250196097344,13,4,3,-0.2588190451025208,-0.9659258262890684,-0.433883739117558,-0.9009688679024191,1.0,6.123233995736766e-17,388.0,398.875,372.7083333333333,8.15,22.85,100.0,60.5,-4.25,3.520072,0.0,2.675,19.7814815,25.03333333333333,25.45,25.433333333333334,24.6,26.15,-16.593777746666667,-0.0444444633333311,0.2553333333333332,3.012,3.2366666666666664,19.862962944444448,2.978000000000001,4.352287,4.3006477,4.350923,4.34949,4.4599247,0,0.0,1,1.0,-0.75,16.8,83.2
2023-03-10 13:30:00,991.950042644444,39.235930516666,39.248430033332,19.7814815,3.2366666666666664,26.15,1,5.1764362714980825,70.66250196097344,13,4,3,-0.2588190451025208,-0.9659258262890684,-0.433883739117558,-0.9009688679024191,1.0,6.123233995736766e-17,382.0,391.625,382.125,8.4,23.4,100.0,60.0,-4.1,3.556186,0.0,2.95,19.60000003,25.4,25.03333333333333,25.45,25.433333333333334,27.3,-16.544814833333334,-0.0796295800000024,-0.0306666666666668,3.267333333333333,3.066666666666667,19.849382707777774,3.1720000000000006,4.4599247,4.352287,4.3006477,4.350923,4.606723,0,0.0,1,1.0,-0.76,17.2,82.8
2023-03-10 13:45:00,1272.624093033332,35.801901183334,35.818844972222,19.60000003,3.066666666666667,27.3,1,5.1764362714980825,70.66250196097344,13,4,3,-0.2588190451025208,-0.9659258262890684,-0.433883739117558,-0.9009688679024191,1.0,6.123233995736766e-17,376.0,385.0,388.5833333333333,8.65,23.95,100.0,59.5,-3.95,3.5922692,0.0,3.225,19.34814812,26.15,25.4,25.03333333333333,25.45,28.616666666666667,-16.533333363333334,-0.1814814699999978,-0.1699999999999994,3.2366666666666664,3.084,19.74753087,3.190222222222223,4.606723,4.4599247,4.352287,4.3006477,4.75792,0,0.0,0,1.0,-0.8,18.4,81.6
2023-03-10 14:00:00,1354.199441038886,129.775919872222,129.808696394442,19.34814812,3.084,28.616666666666667,2,5.1764362714980825,70.66250196097344,14,4,3,-0.4999999999999997,-0.8660254037844388,-0.433883739117558,-0.9009688679024191,1.0,6.123233995736766e-17,370.0,379.0,392.0833333333333,8.9,24.5,100.0,59.0,-3.8,3.6283088,0.0,3.5,19.39444441,27.3,26.15,25.4,25.03333333333333,28.25,-16.26414812,-0.2518519099999992,0.0173333333333332,3.066666666666667,3.3400000000000003,19.576543216666668,3.129111111111112,4.75792,4.606723,4.4599247,4.352287,4.7097697,0,0.0,1,1.0,-0.85,20.2,79.8
2023-03-10 14:15:00,492.916949249998,0.0,0.0,19.39444441,3.3400000000000003,28.25,0,5.1764362714980825,70.66250196097344,14,4,3,-0.4999999999999997,-0.8660254037844388,-0.433883739117558,-0.9009688679024191,1.0,6.123233995736766e-17,361.75,372.4375,392.8125,9.1,24.775,100.0,58.5,-3.725,3.6399016,0.0,3.675,19.207407433333334,28.616666666666667,27.3,26.15,25.4,27.716666666666665,-16.05444441,0.0462962899999972,0.2560000000000002,3.084,3.586,19.447530853333333,3.1635555555555563,4.7097697,4.75792,4.606723,4.4599247,4.5702453,1,1.0,1,0.75,-0.84,19.9,80.1
2023-03-10 14:30:00,171.099822466664,29.251052111112,29.31938276111,19.207407433333334,3.586,27.716666666666665,1,5.1764362714980825,70.66250196097344,14,4,3,-0.4999999999999997,-0.8660254037844388,-0.433883739117558,-0.9009688679024191,1.0,6.123233995736766e-17,353.5,365.3125,390.7708333333333,9.3,25.05,100.0,58.0,-3.65,3.6512024,0.0,3.85,19.00555554,28.25,28.616666666666667,27.3,26.15,28.4,-15.621407433333331,-0.1870369766666648,0.2459999999999995,3.3400000000000003,3.740666666666667,19.316666654444443,3.336666666666668,4.5702453,4.7097697,4.75792,4.606723,4.627511,0,1.0,1,0.75,-0.89,21.5,78.5
2023-03-10 14:45:00,259.693222888892,133.167450855556,133.24911432222,19.00555554,3.740666666666667,28.4,2,5.1764362714980825,70.66250196097344,14,4,3,-0.4999999999999997,-0.8660254037844388,-0.433883739117558,-0.9009688679024191,1.0,6.123233995736766e-17,345.25,357.625,385.9583333333333,9.5,25.325000000000003,100.0,57.5,-3.575,3.6622045,0.0,4.025,19.244444416666667,27.716666666666665,28.25,28.616666666666667,27.3,28.6,-15.264888873333334,-0.2018518933333339,0.1546666666666669,3.586,3.886,19.20246912777778,3.555555555555557,4.627511,4.5702453,4.7097697,4.75792,4.7262006,0,1.0,1,0.75,-0.93,23.2,76.8
2023-03-10 15:00:00,190.185725616666,55.405839244444,55.476392005554,19.244444416666667,3.886,28.6,1,5.1764362714980825,70.66250196097344,15,4,3,-0.7071067811865471,-0.7071067811865479,-0.433883739117558,-0.9009688679024191,1.0,6.123233995736766e-17,337.0,349.375,378.375,9.7,25.6,100.0,57.0,-3.5,3.6728985,0.0,4.2,19.19444445,28.4,27.716666666666665,28.25,28.616666666666667,28.05,-15.358444416666668,0.2388888766666674,0.1453333333333333,3.740666666666667,4.072,19.15246913,3.737555555555557,4.7262006,4.627511,4.5702453,4.7097697,4.6216764,0,1.0,1,0.75,-0.87,21.0,79.0
2023-03-10 15:15:00,155.79626798333,27.174746283334,27.246965644444,19.19444445,4.072,28.05,1,5.1764362714980825,70.66250196097344,15,4,3,-0.7071067811865471,-0.7071067811865479,-0.433883739117558,-0.9009688679024191,1.0,6.123233995736766e-17,284.25,330.0,367.1041666666667,9.325,25.675,100.0,58.0,-3.325,3.7249231,0.05,4.15,18.979629606666663,28.6,28.4,27.716666666666665,28.25,28.65,-15.12244445,-0.0499999666666681,0.1859999999999999,3.886,3.959333333333333,19.14814813555556,3.899555555555557,4.6216764,4.7262006,4.627511,4.5702453,4.661107,0,0.0,0,1.0,-0.89,21.6,78.4
2023-03-10 15:30:00,270.843610288888,123.5333918,123.613944144444,18.979629606666663,3.959333333333333,28.65,2,5.1764362714980825,70.66250196097344,15,4,3,-0.7071067811865471,-0.7071067811865479,-0.433883739117558,-0.9009688679024191,1.0,6.123233995736766e-17,231.5,299.5,352.1458333333333,8.95,25.75,100.0,59.0,-3.15,3.776556,0.1,4.1,19.20555557,28.05,28.6,28.4,27.716666666666665,28.95,-15.020296273333331,-0.2148148433333325,-0.1126666666666666,4.072,3.5,19.139506157777777,3.9724444444444456,4.661107,4.6216764,4.7262006,4.627511,4.7730894,0,0.0,1,1.0,-0.93,23.4,76.6
2023-03-10 15:45:00,275.719248488892,106.894057383334,106.970721016666,19.20555557,3.5,28.95,2,5.1764362714980825,70.66250196097344,15,4,3,-0.7071067811865471,-0.7071067811865479,-0.433883739117558,-0.9009688679024191,1.0,6.123233995736766e-17,178.75,257.875,333.5,8.575,25.825,100.0,60.0,-2.975,3.8277998,0.15,4.05,19.30000002,28.65,28.05,28.6,28.4,28.53333333333333,-15.70555557,0.225925963333335,-0.4593333333333333,3.959333333333333,3.0106666666666664,19.12654320888889,3.843777777777779,4.7730894,4.661107,4.6216764,4.7262006,4.7306366,0,0.0,0,1.0,-0.88,21.3,78.7
2023-03-10 16:00:00,193.531147244448,25.015110455556,25.07955236111,19.30000002,3.0106666666666664,28.53333333333333,1,5.1764362714980825,70.66250196097344,16,4,3,-0.8660254037844385,-0.5000000000000004,-0.433883739117558,-0.9009688679024191,1.0,6.123233995736766e-17,126.0,205.125,311.1666666666667,8.2,25.9,100.0,61.0,-2.8,3.8786554,0.2,4.0,19.06666668,28.95,28.65,28.05,28.6,28.9,-16.289333353333337,0.094444450000001,-0.4893333333333336,3.5,2.3666666666666667,19.161728398888894,3.4900000000000007,4.7306366,4.7730894,4.661107,4.6216764,4.7259893,0,0.0,1,1.0,-0.86,20.6,79.4
2023-03-10 16:15:00,286.19105198333,119.123568233332,119.196898649998,19.06666668,2.3666666666666667,28.9,2,5.1764362714980825,70.66250196097344,16,4,3,-0.8660254037844385,-0.5000000000000004,-0.433883739117558,-0.9009688679024191,1.0,6.123233995736766e-17,107.75,161.0,287.8125,8.274999999999999,23.75,100.0,64.25,-2.575,3.964405,0.225,3.55,19.25740741,28.53333333333333,28.95,28.65,28.05,29.466666666666665,-16.700000013333334,-0.2333333400000015,-0.6439999999999997,3.0106666666666664,1.91,19.19074075666667,2.959111111111112,4.7259893,4.7306366,4.7730894,4.661107,4.8731384,0,0.0,1,1.0,-0.91,22.5,77.5
2023-03-10 16:30:00,345.97060512222,155.526000927778,155.605442249998,19.25740741,1.91,29.466666666666665,2,5.1764362714980825,70.66250196097344,16,4,3,-0.8660254037844385,-0.5000000000000004,-0.433883739117558,-0.9009688679024191,1.0,6.123233995736766e-17,89.5,125.5,263.4375,8.35,21.6,100.0,67.5,-2.35,4.041226,0.25,3.1,19.45555554,28.9,28.53333333333333,28.95,28.65,29.2,-17.34740741,0.1907407299999981,-0.4566666666666668,2.3666666666666667,1.698,19.208024703333336,2.429111111111112,4.8731384,4.7259893,4.7306366,4.7730894,4.8856816,0,0.0,0,1.0,-0.86,20.8,79.2
2023-03-10 16:45:00,476.902034372218,0.0,0.0,19.45555554,1.698,29.2,0,5.1764362714980825,70.66250196097344,16,4,3,-0.8660254037844385,-0.5000000000000004,-0.433883739117558,-0.9009688679024191,1.0,6.123233995736766e-17,71.25,98.625,238.04166666666663,8.424999999999999,19.45,100.0,70.75,-2.125,4.109519,0.275,2.6500000000000004,19.22037037,29.466666666666665,28.9,28.53333333333333,28.95,29.65,-17.75755554,0.1981481299999998,-0.2119999999999999,1.91,1.634,19.25987654333333,1.9915555555555569,4.8856816,4.8731384,4.7259893,4.7306366,4.8927712,1,1.0,1,0.75,-0.82,19.2,80.8
2023-03-10 17:00:00,301.962920933336,122.124559255556,122.19622303889,19.22037037,1.634,29.65,2,5.1764362714980825,70.66250196097344,17,4,3,-0.9659258262890684,-0.2588190451025206,-0.433883739117558,-0.9009688679024191,1.0,6.123233995736766e-17,53.0,80.375,211.625,8.5,17.3,100.0,74.0,-1.9,4.1696715,0.3,2.2,19.42222223,29.2,29.466666666666665,28.9,28.53333333333333,30.35,-17.58637037,-0.2351851699999976,-0.0639999999999998,1.698,1.5673333333333337,19.31111110666667,1.7473333333333343,4.8927712,4.8856816,4.8731384,4.7259893,5.068152,0,1.0,1,0.75,-0.87,21.0,79.0
2023-03-10 17:15:00,316.717053077776,138.728061788888,138.803336611108,19.42222223,1.5673333333333337,30.35,2,5.1764362714980825,70.66250196097344,17,4,3,-0.9659258262890684,-0.2588190451025206,-0.433883739117558,-0.9009688679024191,1.0,6.123233995736766e-17,49.5,65.8125,185.60416666666663,9.1,18.1,100.0,75.75,-1.775,4.218015,0.325,2.0250000000000004,19.625925913333333,29.65,29.2,29.466666666666665,28.9,30.316666666666663,-17.854888896666665,0.2018518599999978,-0.0666666666666666,1.634,1.4486666666666668,19.366049380000003,1.633111111111112,5.068152,4.8927712,4.8856816,4.8731384,5.123565,0,1.0,0,0.75,-0.82,19.2,80.8
2023-03-10 17:30:00,184.753442949998,0.0,0.0,19.625925913333333,1.4486666666666668,30.316666666666663,0,5.1764362714980825,70.66250196097344,17,4,3,-0.9659258262890684,-0.2588190451025206,-0.433883739117558,-0.9009688679024191,1.0,6.123233995736766e-17,46.0,54.9375,159.97916666666666,9.7,18.9,100.0,77.5,-1.65,4.2645674,0.35,1.85,19.31666665,30.35,29.65,29.2,29.466666666666665,30.45,-18.177259246666665,0.2037036833333338,-0.1186666666666667,1.5673333333333337,1.3586666666666667,19.422839504444443,1.5500000000000014,5.123565,5.068152,4.8927712,4.8856816,5.053364,1,2.0,1,0.5,-0.77,17.7,82.3
2023-03-10 17:45:00,318.987240066664,132.922738444444,133.001068711108,19.31666665,1.3586666666666667,30.45,2,5.1764362714980825,70.66250196097344,17,4,3,-0.9659258262890684,-0.2588190451025206,-0.433883739117558,-0.9009688679024191,1.0,6.123233995736766e-17,42.5,47.75,134.75,10.3,19.7,100.0,79.25,-1.525,4.309361,0.375,1.675,19.40740740333333,30.316666666666663,30.35,29.65,29.2,31.25,-17.95799998333333,-0.3092592633333346,-0.09,1.4486666666666668,1.350666666666667,19.454938264444447,1.4582222222222236,5.053364,5.123565,5.068152,4.8927712,5.213897,0,1.0,1,0.75,-0.85,20.1,79.9
2023-03-10 18:00:00,361.994408611108,129.12955686111,129.202887277776,19.40740740333333,1.350666666666667,31.25,2,5.1764362714980825,70.66250196097344,18,4,3,-1.0,-1.8369701987210294e-16,-0.433883739117558,-0.9009688679024191,1.0,6.123233995736766e-17,39.0,44.25,109.91666666666669,10.9,20.5,100.0,81.0,-1.4,4.352424,0.4,1.5,19.39444444,30.45,30.316666666666663,30.35,29.65,30.75,-18.056740736666665,0.0907407533333319,-0.008,1.3586666666666667,1.2913333333333334,19.449999988888887,1.3860000000000012,5.213897,5.053364,5.123565,5.068152,5.126563,0,1.0,0,0.75,-0.82,19.2,80.8
2023-03-10 18:15:00,896.471917422224,113.9862737,114.037105,19.39444444,1.2913333333333334,30.75,2,5.1764362714980825,70.66250196097344,18,4,3,-1.0,-1.8369701987210294e-16,-0.433883739117558,-0.9009688679024191,1.0,6.123233995736766e-17,33.0,40.125,88.97916666666667,10.8,20.675,100.0,82.5,-1.275,4.387983,0.4,1.35,19.32222223666667,31.25,30.45,30.316666666666663,30.35,32.166666666666664,-18.103111106666663,-0.012962963333333,-0.0593333333333332,1.350666666666667,1.158,19.372839497777772,1.3335555555555567,5.126563,5.213897,5.053364,5.123565,5.3399997,0,1.0,0,0.75,-0.83,19.4,80.6
2023-03-10 18:30:00,1559.65927788333,19.323393683334,19.337004288888,19.32222223666667,1.158,32.166666666666664,1,5.1764362714980825,70.66250196097344,18,4,3,-1.0,-1.8369701987210294e-16,-0.433883739117558,-0.9009688679024191,1.0,6.123233995736766e-17,27.0,35.375,71.9375,10.7,20.85,100.0,84.0,-1.15,4.422313,0.4,1.2,19.30000002,30.75,31.25,30.45,30.316666666666663,34.3,-18.164222236666667,-0.0722222033333288,-0.1333333333333333,1.2913333333333334,1.1106666666666667,19.37469136,1.2666666666666682,5.3399997,5.126563,5.213897,5.053364,5.686712,0,0.0,1,1.0,-0.83,19.7,80.3
2023-03-10 18:45:00,755.2978424777759,0.0,0.0,19.30000002,1.1106666666666667,34.3,0,5.1764362714980825,70.66250196097344,18,4,3,-1.0,-1.8369701987210294e-16,-0.433883739117558,-0.9009688679024191,1.0,6.123233995736766e-17,21.0,30.0,58.79166666666666,10.6,21.025,100.0,85.5,-1.025,4.455434,0.4,1.05,19.13333337,32.166666666666664,30.75,31.25,30.45,35.983333333333334,-18.189333353333332,-0.0222222166666661,-0.0473333333333334,1.158,1.1486666666666667,19.338888898888893,1.186666666666668,5.686712,5.3399997,5.126563,5.213897,5.907501,1,1.0,1,0.75,-0.83,19.5,80.5
2023-03-10 19:00:00,663.1187520722181,0.0,0.0,19.13333337,1.1486666666666667,35.983333333333334,0,5.1764362714980825,70.66250196097344,19,4,3,-0.9659258262890684,0.2588190451025203,-0.433883739117558,-0.9009688679024191,1.0,6.123233995736766e-17,15.0,24.0,49.54166666666666,10.5,21.2,100.0,87.0,-0.9,4.487362,0.4,0.9,18.97777776,34.3,32.166666666666664,30.75,31.25,36.7,-17.984666703333332,-0.1666666500000033,0.038,1.1106666666666667,1.102666666666667,19.251851875555555,1.1391111111111123,5.907501,5.686712,5.3399997,5.126563,5.97012,0,2.0,0,0.5,-0.86,20.5,79.5
2023-03-10 19:15:00,588.468404722224,0.0,0.0,18.97777776,1.102666666666667,36.7,0,5.1764362714980825,70.66250196097344,19,4,3,-0.9659258262890684,0.2588190451025203,-0.433883739117558,-0.9009688679024191,1.0,6.123233995736766e-17,11.25,18.5625,41.5,10.125,20.85,100.0,88.25,-0.95,4.4822693,0.425,0.675,18.92407405,35.983333333333334,34.3,32.166666666666664,30.75,36.78333333333333,-17.87511109333333,-0.1555556100000004,-0.046,1.1486666666666667,1.0506666666666669,19.13703705,1.1206666666666678,5.97012,5.907501,5.686712,5.3399997,5.964733,0,3.0,0,0.25,-0.89,21.7,78.3
2023-03-10 19:30:00,433.181005549994,0.0,0.0,18.92407405,1.0506666666666669,36.78333333333333,0,5.1764362714980825,70.66250196097344,19,4,3,-0.9659258262890684,0.2588190451025203,-0.433883739117558,-0.9009688679024191,1.0,6.123233995736766e-17,7.5,13.6875,34.666666666666664,9.75,20.5,100.0,89.5,-1.0,4.476153,0.45,0.45,18.83888887,36.7,35.983333333333334,34.3,32.166666666666664,35.75,-17.87340738333333,-0.0537037100000006,-0.0519999999999998,1.102666666666667,1.086666666666667,19.01172839333333,1.100666666666668,5.964733,5.97012,5.907501,5.686712,5.7680683,0,4.0,0,0.0,-0.9,22.2,77.8
2023-03-10 19:45:00,1345.156747127778,0.0,0.0,18.83888887,1.086666666666667,35.75,0,5.1764362714980825,70.66250196097344,19,4,3,-0.9659258262890684,0.2588190451025203,-0.433883739117558,-0.9009688679024191,1.0,6.123233995736766e-17,3.75,9.375,29.041666666666668,9.375,20.15,100.0,90.75,-1.05,4.4690423,0.475,0.2250000000000001,18.709259256666662,36.78333333333333,36.7,35.983333333333334,34.3,34.85,-17.752222203333336,-0.0851851799999963,0.0359999999999998,1.0506666666666669,0.992,18.913580226666667,1.0800000000000012,5.7680683,5.964733,5.97012,5.907501,5.5799284,0,4.0,0,0.0,-0.93,23.2,76.8
2023-03-10 20:00:00,1348.321620427782,36.529927611112,36.573259227778,18.709259256666662,0.992,34.85,1,5.1764362714980825,70.66250196097344,20,4,3,-0.8660254037844386,0.5000000000000001,-0.433883739117558,-0.9009688679024191,1.0,6.123233995736766e-17,0.0,5.625,24.625,9.0,19.8,100.0,92.0,-1.1,4.460966,0.5,0.0,18.73333333,35.75,36.78333333333333,36.7,35.983333333333334,35.6,-17.717259256666665,-0.1296296133333356,-0.0946666666666667,1.086666666666667,0.9506666666666668,18.82407405888889,1.0431111111111122,5.5799284,5.7680683,5.964733,5.97012,5.7081356,0,3.0,1,0.25,-0.96,24.6,75.4
2023-03-10 20:15:00,1412.082681116666,98.09552043889,98.144685155556,18.73333333,0.9506666666666668,35.6,2,5.1764362714980825,70.66250196097344,20,4,3,-0.8660254037844386,0.5000000000000001,-0.433883739117558,-0.9009688679024191,1.0,6.123233995736766e-17,0.0,2.8125,20.5,8.975,19.075,100.0,92.75,-1.05,4.474144,0.525,-0.075,18.961111093333333,34.85,35.75,36.78333333333333,36.7,36.28333333333333,-17.782666663333334,0.0240740733333346,-0.0413333333333332,0.992,0.914,18.760493818888893,1.009777777777779,5.7081356,5.5799284,5.7680683,5.964733,5.896534,0,2.0,1,0.5,-0.95,24.2,75.8
2023-03-10 20:30:00,530.130460616666,0.0,0.0,18.961111093333333,0.914,36.28333333333333,0,5.1764362714980825,70.66250196097344,20,4,3,-0.8660254037844386,0.5000000000000001,-0.433883739117558,-0.9009688679024191,1.0,6.123233995736766e-17,0.0,0.9375,16.666666666666668,8.95,18.35,100.0,93.5,-1.0,4.487051,0.55,-0.15,18.81666667,35.6,34.85,35.75,36.78333333333333,35.65,-18.04711109333333,0.2277777633333322,-0.0366666666666667,0.9506666666666668,0.9066666666666666,18.80123456,0.9522222222222232,5.896534,5.7081356,5.5799284,5.7680683,5.7443857,1,2.0,1,0.5,-0.9,22.0,78.0
2023-03-10 20:45:00,208.99025105556,33.269780255556,33.30255676111,18.81666667,0.9066666666666666,35.65,1,5.1764362714980825,70.66250196097344,20,4,3,-0.8660254037844386,0.5000000000000001,-0.433883739117558,-0.9009688679024191,1.0,6.123233995736766e-17,0.0,0.0,13.125,8.925,17.625,100.0,94.25,-0.95,4.499692,0.575,-0.225,18.755555580000003,36.28333333333333,35.6,34.85,35.75,36.05,-17.910000003333334,-0.1444444233333328,-0.0073333333333333,0.914,0.906,18.837037031111112,0.9237777777777788,5.7443857,5.896534,5.7081356,5.5799284,5.7878914,0,1.0,1,0.75,-0.93,23.4,76.6
2023-03-10 21:00:00,261.371211549994,101.287615016666,101.307058738886,18.755555580000003,0.906,36.05,2,5.1764362714980825,70.66250196097344,21,4,3,-0.7071067811865477,0.7071067811865474,-0.433883739117558,-0.9009688679024191,1.0,6.123233995736766e-17,0.0,0.0,9.875,8.9,16.9,100.0,95.0,-0.9,4.5120683,0.6,-0.3,18.98888892,35.65,36.28333333333333,35.6,34.85,36.6,-17.849555580000004,-0.0611110899999971,-0.0006666666666665,0.9066666666666666,0.9266666666666664,18.84444444777778,0.90888888888889,5.7878914,5.7443857,5.896534,5.7081356,5.9577584,0,1.0,1,0.75,-0.95,23.9,76.1
2023-03-10 21:15:00,148.139351922224,0.0,0.0,18.98888892,0.9266666666666664,36.6,0,5.1764362714980825,70.66250196097344,21,4,3,-0.7071067811865477,0.7071067811865474,-0.433883739117558,-0.9009688679024191,1.0,6.123233995736766e-17,0.0,0.0,7.125,9.175,17.525,100.0,95.25,-0.9,4.516135,0.525,-0.325,18.83888889,36.05,35.65,36.28333333333333,35.6,36.03333333333333,-18.06222225333333,0.2333333399999979,0.0206666666666665,0.906,0.934,18.853703723333336,0.9131111111111122,5.9577584,5.7878914,5.7443857,5.896534,5.8137827,1,2.0,1,0.5,-0.89,21.7,78.3
2023-03-10 21:30:00,137.265620355552,63.578012327778005,63.592733988888,18.83888889,0.934,36.03333333333333,1,5.1764362714980825,70.66250196097344,21,4,3,-0.7071067811865477,0.7071067811865474,-0.433883739117558,-0.9009688679024191,1.0,6.123233995736766e-17,0.0,0.0,4.875,9.45,18.15,100.0,95.5,-0.9,4.5201726,0.4499999999999999,-0.35,18.86666667,36.6,36.05,35.65,36.28333333333333,36.3,-17.90488889,-0.150000030000001,0.0073333333333334,0.9266666666666664,0.9726666666666668,18.86111113,0.9222222222222234,5.8137827,5.9577584,5.7878914,5.7443857,5.86643,0,1.0,1,0.75,-0.93,23.1,76.9
2023-03-10 21:45:00,158.859200927778,104.84886146111,104.870249505554,18.86666667,0.9726666666666668,36.3,2,5.1764362714980825,70.66250196097344,21,4,3,-0.7071067811865477,0.7071067811865474,-0.433883739117558,-0.9009688679024191,1.0,6.123233995736766e-17,0.0,0.0,3.125,9.725,18.775,100.0,95.75,-0.9,4.5241814,0.375,-0.375,19.087037056666667,36.03333333333333,36.6,36.05,35.65,35.85,-17.894000003333332,0.0277777799999974,0.0386666666666667,0.934,0.854,18.89814816,0.9444444444444456,5.86643,5.8137827,5.9577584,5.7878914,5.869565,0,1.0,1,0.75,-0.92,22.8,77.2
2023-03-10 22:00:00,52.174579649998,0.0,0.0,19.087037056666667,0.854,35.85,0,5.1764362714980825,70.66250196097344,22,4,3,-0.5000000000000004,0.8660254037844384,-0.433883739117558,-0.9009688679024191,1.0,6.123233995736766e-17,0.0,0.0,1.875,10.0,19.4,100.0,96.0,-0.9,4.528161,0.3,-0.4,18.85555557,36.3,36.03333333333333,36.6,36.05,35.55,-18.233037056666667,0.2203703866666693,-0.1186666666666667,0.9726666666666668,0.8853333333333333,18.930864205555554,0.9202222222222232,5.869565,5.86643,5.8137827,5.9577584,5.7414517,1,2.0,1,0.5,-0.87,21.0,79.0
2023-03-10 22:15:00,138.291412522224,106.070479227778,106.092145044444,18.85555557,0.8853333333333333,35.55,2,5.1764362714980825,70.66250196097344,22,4,3,-0.5000000000000004,0.8660254037844384,-0.433883739117558,-0.9009688679024191,1.0,6.123233995736766e-17,0.0,0.0,0.9375,9.975,19.6,100.0,95.75,-0.9,4.532006,0.25,-0.35,18.98333335333333,35.85,36.3,36.03333333333333,36.6,35.6,-17.970222236666668,-0.2314814866666665,0.0313333333333333,0.854,0.8326666666666667,18.93641976555556,0.9040000000000012,5.7414517,5.869565,5.86643,5.8137827,5.793078,0,1.0,1,0.75,-0.92,23.1,76.9
2023-03-10 22:30:00,98.681608011116,63.481071772222,63.4982933,18.98333335333333,0.8326666666666667,35.6,1,5.1764362714980825,70.66250196097344,22,4,3,-0.5000000000000004,0.8660254037844384,-0.433883739117558,-0.9009688679024191,1.0,6.123233995736766e-17,0.0,0.0,0.3125,9.95,19.8,100.0,95.5,-0.9,4.5358157,0.2,-0.3,18.99444443,35.55,35.85,36.3,36.03333333333333,34.7,-18.150666686666664,0.1277777833333324,-0.0526666666666666,0.8853333333333333,0.6573333333333333,18.97530866,0.8573333333333345,5.793078,5.7414517,5.869565,5.86643,5.6503286,0,1.0,1,0.75,-0.89,21.9,78.1
2023-03-10 22:45:00,419.114901350002,49.0663706,49.081647755556006,18.99444443,0.6573333333333333,34.7,1,5.1764362714980825,70.66250196097344,22,4,3,-0.5000000000000004,0.8660254037844384,-0.433883739117558,-0.9009688679024191,1.0,6.123233995736766e-17,0.0,0.0,0.0,9.925,20.0,100.0,95.25,-0.9,4.539592,0.15,-0.25,18.84999999333333,35.6,35.55,35.85,36.3,34.78333333333333,-18.337111096666664,0.0111110766666655,-0.1753333333333333,0.8326666666666667,0.6633333333333333,18.944444451111117,0.7917777777777789,5.6503286,5.793078,5.7414517,5.869565,5.615788,0,1.0,0,0.75,-0.9,22.0,78.0
2023-03-10 23:00:00,157.256209466668,109.061748472222,109.083692044444,18.84999999333333,0.6633333333333333,34.78333333333333,2,5.1764362714980825,70.66250196097344,23,4,3,-0.2588190451025215,0.965925826289068,-0.433883739117558,-0.9009688679024191,1.0,6.123233995736766e-17,0.0,0.0,0.0,9.9,20.2,100.0,95.0,-0.9,4.5433326,0.1,-0.2,18.85555552,34.7,35.6,35.55,35.85,34.2,-18.18666666,-0.1444444366666673,0.006,0.6573333333333333,0.5766666666666667,18.942592592222223,0.717777777777779,5.615788,5.6503286,5.793078,5.7414517,5.5234222,0,0.0,1,1.0,-0.93,23.3,76.7
2023-03-10 23:15:00,135.717348822224,102.020919,102.042862572222,18.85555552,0.5766666666666667,34.2,2,5.1764362714980825,70.66250196097344,23,4,3,-0.2588190451025215,0.965925826289068,-0.433883739117558,-0.9009688679024191,1.0,6.123233995736766e-17,0.0,0.0,0.0,9.975,20.1,100.0,95.25,-0.85,4.5631547,0.125,-0.175,18.851851853333336,34.78333333333333,34.7,35.6,35.55,34.28333333333333,-18.27888885333333,0.0055555266666686,-0.0866666666666666,0.6633333333333333,0.5613333333333334,18.89999998111111,0.6324444444444456,5.5234222,5.615788,5.6503286,5.793078,5.5356703,0,0.0,0,1.0,-0.93,23.3,76.7
2023-03-10 23:30:00,155.0004664,113.485182611112,113.507403955556,18.851851853333336,0.5613333333333334,34.28333333333333,2,5.1764362714980825,70.66250196097344,23,4,3,-0.2588190451025215,0.965925826289068,-0.433883739117558,-0.9009688679024191,1.0,6.123233995736766e-17,0.0,0.0,0.0,10.05,20.0,100.0,95.5,-0.8,4.5830307,0.15,-0.15,19.07222223,34.2,34.78333333333333,34.7,35.6,33.3,-18.290518520000003,-0.0037036666666629,-0.0153333333333333,0.5766666666666667,0.52,18.852469122222224,0.6004444444444457,5.5356703,5.5234222,5.615788,5.6503286,5.447302,0,0.0,0,1.0,-0.93,23.3,76.7
2023-03-10 23:45:00,63.409963483334,29.365769772222,29.3796581,19.07222223,0.52,33.3,1,5.1764362714980825,70.66250196097344,23,4,3,-0.2588190451025215,0.965925826289068,-0.433883739117558,-0.9009688679024191,1.0,6.123233995736766e-17,0.0,0.0,0.0,10.125,19.9,100.0,95.75,-0.75,4.6029596,0.175,-0.125,18.92407406333333,34.28333333333333,34.2,34.78333333333333,34.7,33.0,-18.55222223,0.2203703766666649,-0.0413333333333333,0.5613333333333334,0.42,18.926543201111112,0.5526666666666679,5.447302,5.5356703,5.5234222,5.615788,5.3512335,0,0.0,1,1.0,-0.89,21.6,78.4
2023-03-11 00:00:00,180.778601883334,132.158602327778,132.183323572222,18.92407406333333,0.42,33.0,2,5.1764362714980825,70.66250196097344,0,5,3,0.0,1.0,-0.9749279121818236,-0.2225209339563146,1.0,6.123233995736766e-17,0.0,0.0,0.0,10.2,19.8,100.0,96.0,-0.7,4.6229424,0.2,-0.1,19.15555556,33.3,34.28333333333333,34.2,34.78333333333333,32.6,-18.50407406333333,-0.1481481666666688,-0.1,0.52,0.3339999999999999,18.94938271555556,0.5004444444444457,5.3512335,5.447302,5.5356703,5.5234222,5.359064,0,0.0,1,1.0,-0.92,23.0,77.0
2023-03-11 00:15:00,71.32325812222,22.367994111112,22.379104750002,19.15555556,0.3339999999999999,32.6,1,5.1764362714980825,70.66250196097344,0,5,3,0.0,1.0,-0.9749279121818236,-0.2225209339563146,1.0,6.123233995736766e-17,0.0,0.0,0.0,10.0,19.9,100.0,96.25,-0.6749999999999999,4.634981,0.2,-0.1,19.00925929,33.0,33.3,34.28333333333333,34.2,32.21666666666667,-18.82155556,0.2314814966666674,-0.086,0.42,0.2086666666666667,19.05061728444445,0.4246666666666678,5.359064,5.3512335,5.447302,5.5356703,5.2505474,0,0.0,1,1.0,-0.87,21.0,79.0
2023-03-11 00:30:00,121.733185877784,89.437533472222,89.458643727778,19.00925929,0.2086666666666667,32.21666666666667,2,5.1764362714980825,70.66250196097344,0,5,3,0.0,1.0,-0.9749279121818236,-0.2225209339563146,1.0,6.123233995736766e-17,0.0,0.0,0.0,9.8,20.0,100.0,96.5,-0.6499999999999999,4.64702,0.2,-0.1,19.06666666,32.6,33.0,33.3,34.28333333333333,32.4,-18.800592623333333,-0.1462962700000005,-0.1253333333333332,0.3339999999999999,0.04,19.029629637777777,0.32088888888889,5.2505474,5.359064,5.3512335,5.447302,5.298341,0,0.0,1,1.0,-0.91,22.4,77.6
2023-03-11 00:45:00,134.762109333332,102.406459127778,102.428124944444,19.06666666,0.04,32.4,2,5.1764362714980825,70.66250196097344,0,5,3,0.0,1.0,-0.9749279121818236,-0.2225209339563146,1.0,6.123233995736766e-17,0.0,0.0,0.0,9.6,20.1,100.0,96.75,-0.625,4.659059,0.2,-0.1,19.21666666333333,32.21666666666667,32.6,33.0,33.3,31.566666666666663,-19.02666666,0.0574073699999999,-0.1686666666666667,0.2086666666666667,-0.208,19.07716050333333,0.1942222222222233,5.298341,5.2505474,5.359064,5.3512335,5.207917,0,0.0,0,1.0,-0.89,21.8,78.2
2023-03-11 01:00:00,92.945726388892,38.4309627,38.444295466668,19.21666666333333,-0.208,31.566666666666663,1,5.1764362714980825,70.66250196097344,1,5,3,0.2588190451025207,0.9659258262890684,-0.9749279121818236,-0.2225209339563146,1.0,6.123233995736766e-17,0.0,0.0,0.0,9.4,20.2,100.0,97.0,-0.6,4.671098,0.2,-0.1,19.00555554,32.4,32.21666666666667,32.6,33.0,31.8,-19.424666663333333,0.1500000033333357,-0.248,0.04,-0.4773333333333333,19.09753087111111,0.0135555555555567,5.207917,5.298341,5.2505474,5.359064,5.1815085,0,0.0,1,1.0,-0.86,20.7,79.3
2023-03-11 01:15:00,186.659477855552,142.815953816666,142.84289722222,19.00555554,-0.4773333333333333,31.8,2,5.1764362714980825,70.66250196097344,1,5,3,0.2588190451025207,0.9659258262890684,-0.9749279121818236,-0.2225209339563146,1.0,6.123233995736766e-17,0.0,0.0,0.0,9.025,19.825,100.0,96.75,-0.625,4.659059,0.2,-0.1,19.20370368,31.566666666666663,32.4,32.21666666666667,32.6,31.35,-19.482888873333334,-0.2111111233333353,-0.2693333333333333,-0.208,-0.7846666666666666,19.09629628777778,-0.2151111111111099,5.1815085,5.207917,5.298341,5.2505474,5.1682234,0,0.0,1,1.0,-0.91,22.5,77.5
2023-03-11 01:30:00,52.76150053889,20.520845766668,20.533345266668,19.20370368,-0.7846666666666666,31.35,1,5.1764362714980825,70.66250196097344,1,5,3,0.2588190451025207,0.9659258262890684,-0.9749279121818236,-0.2225209339563146,1.0,6.123233995736766e-17,0.0,0.0,0.0,8.65,19.45,100.0,96.5,-0.6499999999999999,4.64702,0.2,-0.1,19.02222219,31.8,31.566666666666663,32.4,32.21666666666667,31.0,-19.988370346666667,0.1981481400000007,-0.3073333333333333,-0.4773333333333333,-0.9513333333333333,19.14197529444445,-0.4899999999999988,5.1682234,5.1815085,5.207917,5.298341,5.0561256,0,0.0,1,1.0,-0.87,20.8,79.2
2023-03-11 01:45:00,133.005235094446,90.194447644444,90.214446844444,19.02222219,-0.9513333333333333,31.0,2,5.1764362714980825,70.66250196097344,1,5,3,0.2588190451025207,0.9659258262890684,-0.9749279121818236,-0.2225209339563146,1.0,6.123233995736766e-17,0.0,0.0,0.0,8.275,19.075,100.0,96.25,-0.6749999999999999,4.634981,0.2,-0.1,18.831481476666667,31.35,31.8,31.566666666666663,32.4,31.0,-19.97355552333333,-0.181481490000003,-0.1666666666666666,-0.7846666666666666,-1.1706666666666667,19.07716047,-0.7377777777777766,5.0561256,5.1682234,5.1815085,5.207917,4.999494,0,0.0,1,1.0,-0.91,22.5,77.5
2023-03-11 02:00:00,141.022969922224,103.973063111112,103.996117788888,18.831481476666667,-1.1706666666666667,31.0,2,5.1764362714980825,70.66250196097344,2,5,3,0.4999999999999999,0.8660254037844387,-0.9749279121818236,-0.2225209339563146,1.0,6.123233995736766e-17,0.0,0.0,0.0,7.9,18.7,100.0,96.0,-0.7,4.6229424,0.2,-0.1,18.72777779,31.0,31.35,31.8,31.566666666666663,30.95,-20.002148143333333,-0.1907407133333301,-0.2193333333333335,-0.9513333333333333,-1.3026666666666666,19.01913578222222,-0.9688888888888876,4.999494,5.0561256,5.1682234,5.1815085,4.960921,0,0.0,0,1.0,-0.95,24.2,75.8
2023-03-11 02:15:00,203.777126355556,154.901025944444,154.929080438886,18.72777779,-1.3026666666666666,30.95,2,5.1764362714980825,70.66250196097344,2,5,3,0.4999999999999999,0.8660254037844387,-0.9749279121818236,-0.2225209339563146,1.0,6.123233995736766e-17,0.0,0.0,0.0,7.825,17.9,100.0,96.0,-0.725,4.6070256,0.175,-0.15,19.162962946666667,31.0,31.0,31.35,31.8,30.35,-20.030444456666668,-0.103703686666666,-0.1319999999999999,-1.1706666666666667,-1.3646666666666667,18.860493818888887,-1.1415555555555543,4.960921,4.999494,5.0561256,5.1682234,4.9913683,0,0.0,0,1.0,-0.98,25.2,74.8
2023-03-11 02:30:00,98.39356418333,55.222235472222,55.238901472222,19.162962946666667,-1.3646666666666667,30.35,1,5.1764362714980825,70.66250196097344,2,5,3,0.4999999999999999,0.8660254037844387,-0.9749279121818236,-0.2225209339563146,1.0,6.123233995736766e-17,0.0,0.0,0.0,7.75,17.1,100.0,96.0,-0.75,4.5911565,0.15,-0.2,19.12777779,30.95,31.0,31.0,31.35,30.0,-20.527629613333332,0.435185156666666,-0.062,-1.3026666666666666,-1.5566666666666669,18.907407404444445,-1.279333333333332,4.9913683,4.960921,4.999494,5.0561256,4.923584,0,0.0,1,1.0,-0.88,21.4,78.6
2023-03-11 02:45:00,115.490380249998,81.96449905555599,81.985331572222,19.12777779,-1.5566666666666669,30.0,2,5.1764362714980825,70.66250196097344,2,5,3,0.4999999999999999,0.8660254037844387,-0.9749279121818236,-0.2225209339563146,1.0,6.123233995736766e-17,0.0,0.0,0.0,7.675,16.3,100.0,96.0,-0.775,4.5753365,0.125,-0.25,19.07407406,30.35,30.95,31.0,31.0,29.816666666666663,-20.684444456666668,-0.0351851566666674,-0.1920000000000001,-1.3646666666666667,-1.6766666666666663,19.006172842222224,-1.4079999999999988,4.923584,4.9913683,4.960921,4.999494,4.8780227,0,0.0,1,1.0,-0.89,21.8,78.2
2023-03-11 03:00:00,184.83677306666,152.56084173889,152.587507372222,19.07407406,-1.6766666666666663,29.816666666666663,2,5.1764362714980825,70.66250196097344,3,5,3,0.7071067811865476,0.7071067811865476,-0.9749279121818236,-0.2225209339563146,1.0,6.123233995736766e-17,0.0,0.0,0.0,7.6,15.5,100.0,96.0,-0.8,4.5595636,0.1,-0.3,19.36111109,30.0,30.35,30.95,31.0,29.15,-20.750740726666663,-0.0537037300000022,-0.1199999999999996,-1.5566666666666669,-1.7046666666666668,19.121604932222223,-1.5326666666666655,4.8780227,4.923584,4.9913683,4.960921,4.850292,0,0.0,0,1.0,-0.9,22.3,77.7
2023-03-11 03:15:00,328.217981905554,13.423074172222002,13.4344626,19.36111109,-1.7046666666666668,29.15,1,5.1764362714980825,70.66250196097344,3,5,3,0.7071067811865476,0.7071067811865476,-0.9749279121818236,-0.2225209339563146,1.0,6.123233995736766e-17,0.0,0.0,0.0,7.925,15.95,100.0,96.25,-0.875,4.539953,0.1,-0.3999999999999999,19.072222196666665,29.816666666666663,30.0,30.35,30.95,29.183333333333334,-21.06577775666667,0.287037030000004,-0.0280000000000002,-1.6766666666666663,-1.7886666666666668,19.187654313333333,-1.645999999999999,4.850292,4.8780227,4.923584,4.9913683,4.7738867,0,0.0,1,1.0,-0.84,20.0,80.0
2023-03-11 03:30:00,161.174663905554,118.083887572222,118.107775566664,19.072222196666665,-1.7886666666666668,29.183333333333334,2,5.1764362714980825,70.66250196097344,3,5,3,0.7071067811865476,0.7071067811865476,-0.9749279121818236,-0.2225209339563146,1.0,6.123233995736766e-17,0.0,0.0,0.0,8.25,16.4,100.0,96.5,-0.95,4.5203695,0.1,-0.5,19.06111109,29.15,29.816666666666663,30.0,30.35,29.45,-20.860888863333333,-0.2888888933333362,-0.084,-1.7046666666666668,-1.82,19.169135782222224,-1.723333333333332,4.7738867,4.850292,4.8780227,4.923584,4.814353,0,0.0,1,1.0,-0.91,22.4,77.6
2023-03-11 03:45:00,163.152362544444,130.9339291,130.959761433332,19.06111109,-1.82,29.45,2,5.1764362714980825,70.66250196097344,3,5,3,0.7071067811865476,0.7071067811865476,-0.9749279121818236,-0.2225209339563146,1.0,6.123233995736766e-17,0.0,0.0,0.0,8.575,16.85,100.0,96.75,-1.025,4.5008144,0.1,-0.6,19.02962962666667,29.183333333333334,29.15,29.816666666666663,30.0,29.03333333333333,-20.88111109,-0.0111111066666644,-0.0313333333333332,-1.7886666666666668,-1.834,19.16481479222222,-1.77111111111111,4.814353,4.7738867,4.850292,4.8780227,4.7374306,0,0.0,0,1.0,-0.91,22.5,77.5
2023-03-11 04:00:00,146.305258572226,108.089565111112,108.110953155556,19.02962962666667,-1.834,29.03333333333333,2,5.1764362714980825,70.66250196097344,4,5,3,0.8660254037844386,0.5000000000000001,-0.9749279121818236,-0.2225209339563146,1.0,6.123233995736766e-17,0.0,0.0,0.0,8.9,17.3,100.0,97.0,-1.1,4.481288,0.1,-0.7,19.02222225,29.45,29.183333333333334,29.15,29.816666666666663,28.95,-20.86362962666667,-0.031481463333332,-0.014,-1.82,-1.8733333333333333,19.054320971111117,-1.814222222222221,4.7374306,4.814353,4.7738867,4.850292,4.721769,0,0.0,0,1.0,-0.92,22.8,77.2
2023-03-11 04:15:00,155.34906370555,110.647518388888,110.668906433332,19.02222225,-1.8733333333333333,28.95,2,5.1764362714980825,70.66250196097344,4,5,3,0.8660254037844386,0.5000000000000001,-0.9749279121818236,-0.2225209339563146,1.0,6.123233995736766e-17,0.0,0.0,0.0,8.9,17.75,100.0,96.75,-1.25,4.4311576,0.125,-0.825,19.12962962,29.03333333333333,29.45,29.183333333333334,29.15,28.53333333333333,-20.895555583333337,-0.0074073766666664,-0.0393333333333332,-1.834,-1.882,19.037654322222224,-1.8424444444444432,4.721769,4.7374306,4.814353,4.7738867,4.683387,0,0.0,0,1.0,-0.92,22.9,77.1
2023-03-11 04:30:00,89.69613417778,43.484649411112,43.499926583334,19.12962962,-1.882,28.53333333333333,1,5.1764362714980825,70.66250196097344,4,5,3,0.8660254037844386,0.5000000000000001,-0.9749279121818236,-0.2225209339563146,1.0,6.123233995736766e-17,0.0,0.0,0.0,8.9,18.200000000000003,100.0,96.5,-1.4,4.381519,0.15,-0.95,18.98888886,28.95,29.03333333333333,29.45,29.183333333333334,28.8,-21.01162962,0.1074073699999971,-0.0086666666666668,-1.8733333333333333,-1.898,19.060493832222225,-1.8631111111111096,4.683387,4.721769,4.7374306,4.814353,4.688072,0,0.0,1,1.0,-0.9,22.1,77.9
2023-03-11 04:45:00,186.51642796111,150.093162716666,150.12093943888598,18.98888886,-1.898,28.8,2,5.1764362714980825,70.66250196097344,4,5,3,0.8660254037844386,0.5000000000000001,-0.9749279121818236,-0.2225209339563146,1.0,6.123233995736766e-17,0.0,0.0,0.0,8.9,18.65,100.0,96.25,-1.55,4.332366,0.175,-1.075,19.244444416666667,28.53333333333333,28.95,29.03333333333333,29.45,28.35,-20.88688886,-0.1407407599999999,-0.0159999999999997,-1.882,-1.9,19.046913576666668,-1.8844444444444437,4.688072,4.683387,4.721769,4.7374306,4.6848874,0,0.0,1,1.0,-0.93,23.2,76.8
2023-03-11 05:00:00,88.853112366668,49.659958005554,49.675790705554,19.244444416666667,-1.9,28.35,1,5.1764362714980825,70.66250196097344,5,5,3,0.9659258262890684,0.2588190451025207,-0.9749279121818236,-0.2225209339563146,1.0,6.123233995736766e-17,0.0,0.0,0.0,8.9,19.1,100.0,96.0,-1.7,4.2836967,0.2,-1.2,19.12222224,28.8,28.53333333333333,28.95,29.03333333333333,28.05,-21.144444416666666,0.2555555566666676,-0.002,-1.898,-2.059333333333333,19.120987632222224,-1.893333333333332,4.6848874,4.688072,4.683387,4.721769,4.6020436,0,0.0,1,1.0,-0.87,21.1,78.9
2023-03-11 05:15:00,120.343797172222,87.262064944444,87.281508616666,19.12222224,-2.059333333333333,28.05,2,5.1764362714980825,70.66250196097344,5,5,3,0.9659258262890684,0.2588190451025207,-0.9749279121818236,-0.2225209339563146,1.0,6.123233995736766e-17,0.0,0.0,0.0,8.85,18.925,100.0,96.0,-1.875,4.239173,0.225,-1.35,18.981481486666667,28.35,28.8,28.53333333333333,28.95,28.28333333333333,-21.18155557333333,-0.1222221766666677,-0.1593333333333335,-1.9,-2.2126666666666663,19.11851850555556,-1.952444444444443,4.6020436,4.6848874,4.688072,4.683387,4.6019564,0,0.0,1,1.0,-0.9,22.2,77.8
2023-03-11 05:30:00,199.413967638886,148.917376449998,148.943486572218,18.981481486666667,-2.2126666666666663,28.28333333333333,2,5.1764362714980825,70.66250196097344,5,5,3,0.9659258262890684,0.2588190451025207,-0.9749279121818236,-0.2225209339563146,1.0,6.123233995736766e-17,0.0,0.0,0.0,8.8,18.75,100.0,96.0,-2.05,4.1950564,0.25,-1.5,19.08333332,28.05,28.35,28.8,28.53333333333333,28.0,-21.19414815333333,-0.1407407533333327,-0.1533333333333328,-2.059333333333333,-2.5106666666666664,19.11604938111111,-2.057333333333332,4.6019564,4.6020436,4.6848874,4.688072,4.5833173,0,0.0,0,1.0,-0.93,23.4,76.6
2023-03-11 05:45:00,150.823133549998,105.161071188888,105.183014744444,19.08333332,-2.5106666666666664,28.0,2,5.1764362714980825,70.66250196097344,5,5,3,0.9659258262890684,0.2588190451025207,-0.9749279121818236,-0.2225209339563146,1.0,6.123233995736766e-17,0.0,0.0,0.0,8.75,18.575,100.0,96.0,-2.225,4.1513424,0.275,-1.65,18.912962943333333,28.28333333333333,28.05,28.35,28.8,28.0,-21.593999986666667,0.1018518333333347,-0.298,-2.2126666666666663,-2.65,19.062345682222222,-2.260888888888888,4.5833173,4.6019564,4.6020436,4.6848874,4.537462,0,0.0,0,1.0,-0.91,22.6,77.4
2023-03-11 06:00:00,190.0723968,157.224821872222,157.252043016666,18.912962943333333,-2.65,28.0,2,5.1764362714980825,70.66250196097344,6,5,3,1.0,6.123233995736766e-17,-0.9749279121818236,-0.2225209339563146,1.0,6.123233995736766e-17,0.0,0.0,0.0,8.7,18.4,100.0,96.0,-2.4,4.10803,0.3,-1.8,19.21111109,28.0,28.28333333333333,28.05,28.35,27.65,-21.56296294333333,-0.1703703766666677,-0.1393333333333335,-2.5106666666666664,-2.807333333333333,18.992592583333337,-2.4577777777777765,4.537462,4.5833173,4.6019564,4.6020436,4.5602465,0,0.0,0,1.0,-0.95,24.1,75.9
2023-03-11 06:15:00,56.266638061114,24.020983572222,24.034038583334,19.21111109,-2.807333333333333,27.65,1,5.1764362714980825,70.66250196097344,6,5,3,1.0,6.123233995736766e-17,-0.9749279121818236,-0.2225209339563146,1.0,6.123233995736766e-17,0.0,0.0,0.0,8.674999999999999,18.575,100.0,95.75,-2.575,4.0616345,0.325,-1.925,19.04444444,28.0,28.0,28.28333333333333,28.05,27.5,-22.01844442333333,0.2981481466666658,-0.1573333333333333,-2.65,-3.0866666666666664,19.069135784444445,-2.655999999999999,4.5602465,4.537462,4.5833173,4.6019564,4.491158,0,0.0,1,1.0,-0.88,21.5,78.5
2023-03-11 06:30:00,165.791145988884,112.424947272222,112.448001916666,19.04444444,-3.0866666666666664,27.5,2,5.1764362714980825,70.66250196097344,6,5,3,1.0,6.123233995736766e-17,-0.9749279121818236,-0.2225209339563146,1.0,6.123233995736766e-17,0.0,0.0,0.0,8.649999999999999,18.75,100.0,95.5,-2.75,4.0156984,0.35,-2.05,19.02777781,27.65,28.0,28.0,28.28333333333333,27.45,-22.131111106666665,-0.1666666499999998,-0.2793333333333332,-2.807333333333333,-3.1606666666666663,19.056172824444445,-2.847999999999999,4.491158,4.5602465,4.537462,4.5833173,4.4785857,0,0.0,1,1.0,-0.92,23.0,77.0
2023-03-11 06:45:00,192.140925088892,148.757938344444,148.78627056111,19.02777781,-3.1606666666666663,27.45,2,5.1764362714980825,70.66250196097344,6,5,3,1.0,6.123233995736766e-17,-0.9749279121818236,-0.2225209339563146,1.0,6.123233995736766e-17,0.0,0.0,0.0,8.625,18.925,100.0,95.25,-2.925,3.970218,0.375,-2.175,19.18148151333333,27.5,27.65,28.0,28.0,27.03333333333333,-22.188444476666668,-0.0166666299999995,-0.0739999999999998,-3.0866666666666664,-3.132,19.094444446666667,-3.018222222222221,4.4785857,4.491158,4.5602465,4.537462,4.4507637,0,0.0,0,1.0,-0.93,23.2,76.8
2023-03-11 07:00:00,73.549557933332,41.315291788888,41.330568927778,19.18148151333333,-3.132,27.03333333333333,1,5.1764362714980825,70.66250196097344,7,5,3,0.9659258262890684,-0.2588190451025206,-0.9749279121818236,-0.2225209339563146,1.0,6.123233995736766e-17,0.0,0.0,0.0,8.6,19.1,100.0,95.0,-3.1,3.925189,0.4,-2.3,18.95000002,27.45,27.5,27.65,28.0,27.0,-22.313481513333333,0.1537037033333312,0.0286666666666661,-3.1606666666666663,-3.0806666666666667,19.084567921111116,-3.1264444444444432,4.4507637,4.4785857,4.491158,4.5602465,4.384989,0,0.0,1,1.0,-0.89,21.9,78.1
2023-03-11 07:15:00,187.223066411108,144.35033687222202,144.378113611108,18.95000002,-3.0806666666666667,27.0,2,5.1764362714980825,70.66250196097344,7,5,3,0.9659258262890684,-0.2588190451025206,-0.9749279121818236,-0.2225209339563146,1.0,6.123233995736766e-17,1.25,0.3125,0.1041666666666666,9.0,19.1,100.0,94.25,-3.275,3.8601286,0.375,-2.425,18.972222206666668,27.03333333333333,27.45,27.5,27.65,27.0,-22.030666686666667,-0.2314814933333302,0.0513333333333334,-3.132,-3.158,19.053086447777776,-3.124444444444443,4.384989,4.4507637,4.4785857,4.491158,4.3907456,0,0.0,1,1.0,-0.95,24.0,76.0
2023-03-11 07:30:00,133.070788088888,98.021079,98.044133644444,18.972222206666668,-3.158,27.0,2,5.1764362714980825,70.66250196097344,7,5,3,0.9659258262890684,-0.2588190451025206,-0.9749279121818236,-0.2225209339563146,1.0,6.123233995736766e-17,2.5,0.9375,0.3125,9.4,19.1,100.0,93.5,-3.45,3.7958715,0.35,-2.55,18.81666664,27.0,27.03333333333333,27.45,27.5,27.0,-22.13022220666667,0.0222221866666672,-0.0773333333333332,-3.0806666666666667,-3.192,19.034567913333333,-3.1235555555555545,4.3907456,4.384989,4.4507637,4.4785857,4.3505864,0,0.0,0,1.0,-0.94,23.8,76.2
2023-03-11 07:45:00,207.156713466664,158.781148516666,158.810036277776,18.81666664,-3.192,27.0,2,5.1764362714980825,70.66250196097344,7,5,3,0.9659258262890684,-0.2588190451025206,-0.9749279121818236,-0.2225209339563146,1.0,6.123233995736766e-17,3.75,1.875,0.625,9.8,19.1,100.0,92.75,-3.625,3.7324083,0.325,-2.675,18.98148148,27.0,27.0,27.03333333333333,27.45,26.816666666666663,-22.00866664,-0.155555566666667,-0.0340000000000002,-3.158,-3.142,18.91296295555556,-3.1435555555555545,4.3505864,4.3907456,4.384989,4.4507637,4.363316,0,0.0,0,1.0,-0.98,25.2,74.8
2023-03-11 08:00:00,62.097238311108,17.680681627778,17.693181094446,18.98148148,-3.142,26.816666666666663,1,5.1764362714980825,70.66250196097344,8,5,3,0.8660254037844387,-0.4999999999999998,-0.9749279121818236,-0.2225209339563146,1.0,6.123233995736766e-17,5.0,3.125,1.0416666666666667,10.2,19.1,100.0,92.0,-3.8,3.6697311,0.3,-2.8,18.85555557,27.0,27.0,27.0,27.03333333333333,26.85,-22.12348148,0.1648148399999982,0.0500000000000002,-3.192,-3.1093333333333333,18.92345677555556,-3.1639999999999997,4.363316,4.3505864,4.3907456,4.384989,4.3363705,0,0.0,1,1.0,-0.94,23.7,76.3
2023-03-11 08:15:00,153.24998100555,120.242967872222,120.267411344444,18.85555557,-3.1093333333333333,26.85,2,5.1764362714980825,70.66250196097344,8,5,3,0.8660254037844387,-0.4999999999999998,-0.9749279121818236,-0.2225209339563146,1.0,6.123233995736766e-17,17.25,7.125,2.4791666666666665,10.275,20.35,100.0,91.25,-3.975,3.6333992,0.325,-2.825,19.02407409,26.816666666666663,27.0,27.0,27.0,26.816666666666663,-21.96488890333333,-0.1259259099999994,0.0326666666666666,-3.142,-3.1086666666666662,18.88456789666667,-3.1477777777777765,4.3363705,4.363316,4.3505864,4.3907456,4.3742986,0,0.0,1,1.0,-0.97,24.9,75.1
2023-03-11 08:30:00,176.74876301667,144.463110127778,144.489775711112,19.02407409,-3.1086666666666662,26.816666666666663,2,5.1764362714980825,70.66250196097344,8,5,3,0.8660254037844387,-0.4999999999999998,-0.9749279121818236,-0.2225209339563146,1.0,6.123233995736766e-17,29.5,13.875,4.9375,10.35,21.6,100.0,90.5,-4.15,3.597182,0.35,-2.85,19.2111111,26.85,26.816666666666663,27.0,27.0,26.2,-22.132740756666664,0.1685185199999992,0.000666666666667,-3.1093333333333333,-3.247333333333333,18.953703713333336,-3.1199999999999988,4.3742986,4.3363705,4.363316,4.3505864,4.3211017,0,0.0,0,1.0,-0.93,23.3,76.7
2023-03-11 08:45:00,95.665617572226,43.875467144444,43.89129986111,19.2111111,-3.247333333333333,26.2,1,5.1764362714980825,70.66250196097344,8,5,3,0.8660254037844387,-0.4999999999999998,-0.9749279121818236,-0.2225209339563146,1.0,6.123233995736766e-17,41.75,23.375,8.416666666666666,10.425,22.85,100.0,89.75,-4.325,3.5610793,0.375,-2.875,18.96296292,26.816666666666663,26.85,26.816666666666663,27.0,26.466666666666665,-22.458444433333334,0.1870370100000009,-0.1386666666666669,-3.1086666666666662,-3.2173333333333334,19.03024692,-3.15511111111111,4.3211017,4.3742986,4.3363705,4.363316,4.3016644,0,0.0,1,1.0,-0.89,21.8,78.2
2023-03-11 09:00:00,187.381115638886,142.904839111112,142.931226988888,18.96296292,-3.2173333333333334,26.466666666666665,2,5.1764362714980825,70.66250196097344,9,5,3,0.7071067811865476,-0.7071067811865475,-0.9749279121818236,-0.2225209339563146,1.0,6.123233995736766e-17,54.0,35.625,12.916666666666666,10.5,24.1,100.0,89.0,-4.5,3.5250921,0.4,-2.9,19.00000001,26.2,26.816666666666663,26.85,26.816666666666663,26.15,-22.18029625333333,-0.2481481800000011,0.0299999999999998,-3.247333333333333,-3.183333333333333,19.06604937,-3.191111111111109,4.3016644,4.3211017,4.3742986,4.3363705,4.2594967,0,0.0,1,1.0,-0.95,24.0,76.0
2023-03-11 09:15:00,394.185065316666,95.0053663,95.028420944444,19.00000001,-3.183333333333333,26.15,2,5.1764362714980825,70.66250196097344,9,5,3,0.7071067811865476,-0.7071067811865475,-0.9749279121818236,-0.2225209339563146,1.0,6.123233995736766e-17,70.75,49.0,18.8125,10.825,24.825000000000003,100.0,88.0,-4.6,3.497812,0.35,-2.85,18.82777777,26.466666666666665,26.2,26.816666666666663,26.85,26.183333333333334,-22.18333334333333,0.0370370900000018,0.0340000000000002,-3.2173333333333334,-3.048666666666666,19.05802467666667,-3.215999999999999,4.2594967,4.3016644,4.3211017,4.3742986,4.2217655,0,0.0,0,1.0,-0.94,23.7,76.3
2023-03-11 09:30:00,175.22104646111,136.37010056111,136.39565512222,18.82777777,-3.048666666666666,26.183333333333334,2,5.1764362714980825,70.66250196097344,9,5,3,0.7071067811865476,-0.7071067811865475,-0.9749279121818236,-0.2225209339563146,1.0,6.123233995736766e-17,87.5,63.5,26.104166666666668,11.15,25.55,100.0,87.0,-4.7,3.4702895,0.3,-2.8,19.03333333,26.15,26.466666666666665,26.2,26.816666666666663,26.4,-21.876444436666667,-0.1722222399999999,0.1346666666666665,-3.183333333333333,-2.829333333333333,18.9302469,-3.1497777777777767,4.2217655,4.2594967,4.3016644,4.3211017,4.3086853,0,0.0,0,1.0,-0.98,25.3,74.7
2023-03-11 09:45:00,120.115195266664,80.933706972222,80.9525951,19.03333333,-2.829333333333333,26.4,2,5.1764362714980825,70.66250196097344,9,5,3,0.7071067811865476,-0.7071067811865475,-0.9749279121818236,-0.2225209339563146,1.0,6.123233995736766e-17,104.25,79.125,34.791666666666664,11.475,26.275,100.0,86.0,-4.800000000000001,3.4425232,0.25,-2.75,19.29814813666667,26.183333333333334,26.15,26.466666666666665,26.2,25.566666666666663,-21.862666663333336,0.2055555600000005,0.2193333333333336,-3.048666666666666,-2.8,18.953703703333336,-3.020444444444444,4.3086853,4.2217655,4.2594967,4.3016644,4.2383194,0,0.0,0,1.0,-0.93,23.3,76.7
2023-03-11 10:00:00,98.126352555556,49.778008783334,49.794397027778,19.29814813666667,-2.8,25.566666666666663,1,5.1764362714980825,70.66250196097344,10,5,3,0.4999999999999999,-0.8660254037844387,-0.9749279121818236,-0.2225209339563146,1.0,6.123233995736766e-17,121.0,95.875,44.875,11.8,27.0,100.0,85.0,-4.9,3.4145126,0.2,-2.7,19.33333332,26.4,26.183333333333334,26.15,26.466666666666665,25.85,-22.09814813666667,0.2648148066666671,0.0293333333333332,-2.829333333333333,-2.6133333333333337,19.053086412222225,-2.892666666666665,4.2383194,4.3086853,4.2217655,4.2594967,4.294176,0,0.0,1,1.0,-0.88,21.2,78.8
2023-03-11 10:15:00,181.841892733332,142.474578572222,142.500688677776,19.33333332,-2.6133333333333337,25.85,2,5.1764362714980825,70.66250196097344,10,5,3,0.4999999999999999,-0.8660254037844387,-0.9749279121818236,-0.2225209339563146,1.0,6.123233995736766e-17,125.0,109.4375,55.1875,12.175,27.725,100.0,84.0,-5.0,3.3862557,0.2,-2.6500000000000004,19.57037036,25.566666666666663,26.4,26.183333333333334,26.15,25.816666666666663,-21.94666665333333,0.0351851833333327,0.1866666666666661,-2.8,-2.579333333333333,19.22160492888889,-2.747555555555554,4.294176,4.2383194,4.3086853,4.2217655,4.3488417,0,0.0,1,1.0,-0.87,20.8,79.2
2023-03-11 10:30:00,49.30552761667,11.11816633889,11.130388050002,19.57037036,-2.579333333333333,25.816666666666663,1,5.1764362714980825,70.66250196097344,10,5,3,0.4999999999999999,-0.8660254037844387,-0.9749279121818236,-0.2225209339563146,1.0,6.123233995736766e-17,129.0,119.8125,65.72916666666667,12.55,28.45,100.0,83.0,-5.1,3.3577516,0.2,-2.6,19.76111112,25.85,25.566666666666663,26.4,26.183333333333334,25.2,-22.149703693333336,0.2370370400000006,0.0340000000000006,-2.6133333333333337,-2.58,19.400617272222224,-2.664222222222221,4.3488417,4.294176,4.2383194,4.3086853,4.2927694,0,0.0,1,1.0,-0.81,18.9,81.1
2023-03-11 10:45:00,130.402561455556,98.174683988888,98.197183088888,19.76111112,-2.58,25.2,2,5.1764362714980825,70.66250196097344,10,5,3,0.4999999999999999,-0.8660254037844387,-0.9749279121818236,-0.2225209339563146,1.0,6.123233995736766e-17,133.0,127.0,76.5,12.925,29.175,100.0,82.0,-5.2,3.3289995,0.2,-2.55,19.818518536666662,25.816666666666663,25.85,25.566666666666663,26.4,25.28333333333333,-22.34111112,0.190740759999997,-0.000666666666667,-2.579333333333333,-2.445333333333333,19.55493826666667,-2.590888888888888,4.2927694,4.3488417,4.294176,4.2383194,4.3214912,0,0.0,1,1.0,-0.77,17.6,82.4
2023-03-11 11:00:00,140.149671772214,93.774304427778,93.796803577776,19.818518536666662,-2.445333333333333,25.28333333333333,2,5.1764362714980825,70.66250196097344,11,5,3,0.258819045102521,-0.9659258262890682,-0.9749279121818236,-0.2225209339563146,1.0,6.123233995736766e-17,137.0,131.0,87.5,13.3,29.9,100.0,81.0,-5.3,3.2999973,0.2,-2.5,19.95555556,25.2,25.816666666666663,25.85,25.566666666666663,25.0,-22.26385187,0.0574074166666669,0.1346666666666669,-2.58,-2.361333333333333,19.716666672222225,-2.5348888888888874,4.3214912,4.2927694,4.3488417,4.294176,4.307521,0,0.0,0,1.0,-0.76,17.1,82.9
2023-03-11 11:15:00,74.859505483334,24.875393827778,24.887893327778,19.95555556,-2.361333333333333,25.0,1,5.1764362714980825,70.66250196097344,11,5,3,0.258819045102521,-0.9659258262890682,-0.9749279121818236,-0.2225209339563146,1.0,6.123233995736766e-17,149.25,137.0625,98.5,13.275,30.075,100.0,80.5,-5.3,3.3027825,0.2,-2.4,19.85555557,25.28333333333333,25.2,25.816666666666663,25.85,25.0,-22.31688889333333,0.1370370233333346,0.0839999999999996,-2.445333333333333,-2.1013333333333333,19.84506173888889,-2.462222222222221,4.307521,4.3214912,4.2927694,4.3488417,4.2823524,0,0.0,1,1.0,-0.73,16.2,83.8
2023-03-11 11:30:00,176.461274749994,144.2750621,144.301727749998,19.85555557,-2.1013333333333333,25.0,2,5.1764362714980825,70.66250196097344,11,5,3,0.258819045102521,-0.9659258262890682,-0.9749279121818236,-0.2225209339563146,1.0,6.123233995736766e-17,161.5,145.1875,109.5,13.25,30.25,100.0,80.0,-5.3,3.3054223,0.2,-2.3,19.82777776,25.0,25.28333333333333,25.2,25.816666666666663,25.0,-21.956888903333333,-0.0999999900000006,0.2600000000000002,-2.361333333333333,-2.144,19.87654322222222,-2.3026666666666653,4.2823524,4.307521,4.3214912,4.2927694,4.275384,0,0.0,1,1.0,-0.75,16.9,83.1
2023-03-11 11:45:00,63.1491406,30.1996253,30.214346944444,19.82777776,-2.144,25.0,1,5.1764362714980825,70.66250196097344,11,5,3,0.258819045102521,-0.9659258262890682,-0.9749279121818236,-0.2225209339563146,1.0,6.123233995736766e-17,173.75,155.375,120.5,13.225,30.425,100.0,79.5,-5.3,3.3079154,0.2,-2.2,19.875925906666662,25.0,25.0,25.28333333333333,25.2,25.0,-21.97177776,-0.0277778099999999,-0.0426666666666664,-2.1013333333333333,-2.094,19.87962963,-2.202222222222221,4.275384,4.2823524,4.307521,4.3214912,4.2874694,0,0.0,1,1.0,-0.76,17.1,82.9
2023-03-11 12:00:00,132.596084811112,88.508403955556,88.528125350002,19.875925906666662,-2.094,25.0,2,5.1764362714980825,70.66250196097344,12,5,3,1.2246467991473532e-16,-1.0,-0.9749279121818236,-0.2225209339563146,1.0,6.123233995736766e-17,186.0,167.625,131.5,13.2,30.6,100.0,79.0,-5.3,3.3102596,0.2,-2.1,19.74999999,25.0,25.0,25.0,25.28333333333333,25.0,-21.969925906666667,0.0481481466666657,0.0499999999999998,-2.144,-2.0033333333333334,19.853086412222225,-2.1131111111111096,4.2874694,4.275384,4.2823524,4.307521,4.255924,0,0.0,1,1.0,-0.75,16.7,83.3
2023-03-11 12:15:00,146.505528427778,97.892473011112,97.913305511112,19.74999999,-2.0033333333333334,25.0,2,5.1764362714980825,70.66250196097344,12,5,3,1.2246467991473532e-16,-1.0,-0.9749279121818236,-0.2225209339563146,1.0,6.123233995736766e-17,192.25,178.375,141.625,13.4,31.05,100.0,78.25,-5.25,3.3192995,0.175,-1.925,19.82592589333333,25.0,25.0,25.0,25.0,24.816666666666663,-21.753333323333333,-0.1259259166666666,0.0906666666666664,-2.094,-1.832,19.81790121888889,-2.0804444444444434,4.255924,4.2874694,4.275384,4.2823524,4.2435703,0,0.0,0,1.0,-0.78,17.7,82.3
2023-03-11 12:30:00,66.17735271667,30.757936266668,30.77321343889,19.82592589333333,-1.832,24.816666666666663,1,5.1764362714980825,70.66250196097344,12,5,3,1.2246467991473532e-16,-1.0,-0.9749279121818236,-0.2225209339563146,1.0,6.123233995736766e-17,198.5,187.625,150.875,13.6,31.5,100.0,77.5,-5.199999999999999,3.3279977,0.15,-1.75,19.67777776,25.0,25.0,25.0,25.0,24.9,-21.65792589333333,0.0759259033333314,0.1713333333333333,-2.0033333333333334,-1.8,19.81728393,-1.9764444444444431,4.2435703,4.255924,4.2874694,4.275384,4.220971,0,0.0,1,1.0,-0.76,17.1,82.9
2023-03-11 12:45:00,178.809791788888,135.712071316666,135.737903649998,19.67777776,-1.8,24.9,2,5.1764362714980825,70.66250196097344,12,5,3,1.2246467991473532e-16,-1.0,-0.9749279121818236,-0.2225209339563146,1.0,6.123233995736766e-17,204.75,195.375,159.25,13.8,31.95,100.0,76.75,-5.15,3.3363461,0.125,-1.575,19.651851836666665,24.816666666666663,25.0,25.0,25.0,25.28333333333333,-21.47777776,-0.1481481333333292,0.032,-1.832,-1.84,19.75123454777778,-1.8784444444444437,4.220971,4.2435703,4.255924,4.2874694,4.279433,0,0.0,1,1.0,-0.79,18.3,81.7
2023-03-11 13:00:00,75.570310383334,43.314934,43.331322244444,19.651851836666665,-1.84,25.28333333333333,1,5.1764362714980825,70.66250196097344,13,5,3,-0.2588190451025208,-0.9659258262890684,-0.9749279121818236,-0.2225209339563146,1.0,6.123233995736766e-17,211.0,201.625,166.75,14.0,32.4,100.0,76.0,-5.1,3.3443344,0.1,-1.4,19.47222222,24.9,24.816666666666663,25.0,25.0,25.05,-21.491851836666665,-0.0259259233333359,-0.04,-1.8,-1.7706666666666666,19.718518496666665,-1.823999999999999,4.279433,4.220971,4.2435703,4.255924,4.195422,0,0.0,1,1.0,-0.8,18.4,81.6
2023-03-11 13:15:00,122.148724972222,80.923985127778,80.943984311112,19.47222222,-1.7706666666666666,25.05,2,5.1764362714980825,70.66250196097344,13,5,3,-0.2588190451025208,-0.9659258262890684,-0.9749279121818236,-0.2225209339563146,1.0,6.123233995736766e-17,216.75,207.75,174.39583333333334,14.125,32.675,100.0,75.25,-5.074999999999999,3.3461242,0.075,-1.25,19.314814786666663,25.28333333333333,24.9,24.816666666666663,25.0,25.466666666666665,-21.242888886666663,-0.1796296166666664,0.0693333333333334,-1.84,-1.796,19.600617272222223,-1.8035555555555545,4.195422,4.279433,4.220971,4.2435703,4.225888,0,0.0,1,1.0,-0.84,19.9,80.1
2023-03-11 13:30:00,190.525156505554,135.099040288888,135.123761516666,19.314814786666663,-1.796,25.466666666666665,2,5.1764362714980825,70.66250196097344,13,5,3,-0.2588190451025208,-0.9659258262890684,-0.9749279121818236,-0.2225209339563146,1.0,6.123233995736766e-17,222.5,213.75,182.1875,14.25,32.95,100.0,74.5,-5.05,3.3475385,0.05,-1.1,19.45555554,25.05,25.28333333333333,24.9,24.816666666666663,25.2,-21.110814786666666,-0.1574074333333328,-0.0253333333333334,-1.7706666666666666,-1.7153333333333334,19.479629614444445,-1.8022222222222208,4.225888,4.195422,4.279433,4.220971,4.21641,0,0.0,0,1.0,-0.87,21.1,78.9
2023-03-11 13:45:00,52.353461194450006,20.117806372222,20.130583627778,19.45555554,-1.7153333333333334,25.2,1,5.1764362714980825,70.66250196097344,13,5,3,-0.2588190451025208,-0.9659258262890684,-0.9749279121818236,-0.2225209339563146,1.0,6.123233995736766e-17,228.25,219.625,190.125,14.375,33.225,100.0,73.75,-5.025,3.3485699,0.0249999999999999,-0.95,19.22037037,25.466666666666665,25.05,25.28333333333333,24.9,25.466666666666665,-21.17088887333333,0.1407407533333327,0.0806666666666666,-1.796,-1.614666666666667,19.41419751555556,-1.7606666666666655,4.21641,4.225888,4.195422,4.279433,4.2024484,0,0.0,1,1.0,-0.84,20.0,80.0
2023-03-11 14:00:00,158.967529861114,126.733541555556,126.757985027778,19.22037037,-1.614666666666667,25.466666666666665,2,5.1764362714980825,70.66250196097344,14,5,3,-0.4999999999999997,-0.8660254037844388,-0.9749279121818236,-0.2225209339563146,1.0,6.123233995736766e-17,234.0,225.375,198.20833333333331,14.5,33.5,100.0,73.0,-5.0,3.34921,0.0,-0.8,19.28888888,25.2,25.466666666666665,25.05,25.28333333333333,25.45,-20.83503703666667,-0.2351851699999976,0.1006666666666664,-1.7153333333333334,-1.5873333333333333,19.33024689888889,-1.7086666666666657,4.2024484,4.21641,4.225888,4.195422,4.21668,0,0.0,1,1.0,-0.89,21.9,78.1
2023-03-11 14:15:00,115.125950411108,73.616777427778,73.635110044444,19.28888888,-1.5873333333333333,25.45,2,5.1764362714980825,70.66250196097344,14,5,3,-0.4999999999999997,-0.8660254037844388,-0.9749279121818236,-0.2225209339563146,1.0,6.123233995736766e-17,256.75,235.375,207.16666666666663,14.625,33.95,100.0,72.0,-4.975,3.3552475,0.0,-0.5750000000000001,19.28333333333333,25.466666666666665,25.2,25.466666666666665,25.05,25.216666666666665,-20.87622221333333,0.0685185099999969,0.0273333333333336,-1.614666666666667,-1.4213333333333331,19.321604930000003,-1.63911111111111,4.21668,4.2024484,4.21641,4.225888,4.1766543,0,0.0,0,1.0,-0.88,21.3,78.7
2023-03-11 14:30:00,123.67477514444,74.5270188,74.546184666668,19.28333333333333,-1.4213333333333331,25.216666666666665,2,5.1764362714980825,70.66250196097344,14,5,3,-0.4999999999999997,-0.8660254037844388,-0.9749279121818236,-0.2225209339563146,1.0,6.123233995736766e-17,279.5,249.625,217.0,14.75,34.4,100.0,71.0,-4.95,3.3605473,0.0,-0.35,19.12777777,25.45,25.466666666666665,25.2,25.466666666666665,25.45,-20.704666666666668,-0.0055555466666632,0.1659999999999999,-1.5873333333333333,-1.338666666666667,19.264197527777775,-1.5411111111111098,4.1766543,4.21668,4.2024484,4.21641,4.1768403,0,0.0,0,1.0,-0.88,21.4,78.6
2023-03-11 14:45:00,176.439608933328,138.290857044444,138.317522694442,19.12777777,-1.338666666666667,25.45,2,5.1764362714980825,70.66250196097344,14,5,3,-0.4999999999999997,-0.8660254037844388,-0.9749279121818236,-0.2225209339563146,1.0,6.123233995736766e-17,302.25,268.125,227.70833333333331,14.875,34.849999999999994,100.0,70.0,-4.925000000000001,3.3650882,0.0,-0.1250000000000001,19.20555556333333,25.216666666666665,25.45,25.466666666666665,25.2,25.03333333333333,-20.46644443666667,-0.1555555633333334,0.0826666666666664,-1.4213333333333331,-1.2893333333333332,19.23333332777778,-1.44911111111111,4.1768403,4.1766543,4.21668,4.2024484,4.127335,0,0.0,0,1.0,-0.92,22.7,77.3
2023-03-11 15:00:00,141.668222011108,101.757873988888,101.780373088888,19.20555556333333,-1.2893333333333332,25.03333333333333,2,5.1764362714980825,70.66250196097344,15,5,3,-0.7071067811865471,-0.7071067811865479,-0.9749279121818236,-0.2225209339563146,1.0,6.123233995736766e-17,325.0,290.875,239.29166666666663,15.0,35.3,100.0,69.0,-4.9,3.3688476,0.0,0.1,19.02777775,25.45,25.216666666666665,25.45,25.466666666666665,25.3,-20.494888896666662,0.0777777933333325,0.0493333333333336,-1.338666666666667,-1.0786666666666669,19.20555555555556,-1.3497777777777766,4.127335,4.1768403,4.1766543,4.21668,4.127804,0,0.0,0,1.0,-0.9,22.1,77.9
2023-03-11 15:15:00,187.833041977776,152.513621444444,152.541953694442,19.02777775,-1.0786666666666669,25.3,2,5.1764362714980825,70.66250196097344,15,5,3,-0.7071067811865471,-0.7071067811865479,-0.9749279121818236,-0.2225209339563146,1.0,6.123233995736766e-17,300.0,301.6875,248.27083333333331,14.825,35.3,100.0,68.75,-4.95,3.3566415,0.0,0.1,19.25555557333333,25.03333333333333,25.45,25.216666666666665,25.45,25.03333333333333,-20.106444416666665,-0.1777778133333356,0.2106666666666665,-1.2893333333333332,-0.938,19.120370361111117,-1.2355555555555544,4.127804,4.127335,4.1768403,4.1766543,4.139511,0,0.0,0,1.0,-0.94,23.6,76.4
2023-03-11 15:30:00,50.137161083334,12.4386691,12.451446372222,19.25555557333333,-0.938,25.03333333333333,1,5.1764362714980825,70.66250196097344,15,5,3,-0.7071067811865471,-0.7071067811865479,-0.9749279121818236,-0.2225209339563146,1.0,6.123233995736766e-17,275.0,300.5625,254.64583333333331,14.65,35.3,100.0,68.5,-5.0,3.3444357,0.0,0.1,19.10000001,25.3,25.03333333333333,25.45,25.216666666666665,25.05,-20.19355557333333,0.2277778233333336,0.1406666666666666,-1.0786666666666669,-0.7193333333333334,19.16296296222222,-1.1019999999999988,4.139511,4.127804,4.127335,4.1768403,4.104464,0,0.0,1,1.0,-0.89,21.7,78.3
2023-03-11 15:45:00,187.0350183,133.111064194446,133.136063194446,19.10000001,-0.7193333333333334,25.05,2,5.1764362714980825,70.66250196097344,15,5,3,-0.7071067811865471,-0.7071067811865479,-0.9749279121818236,-0.2225209339563146,1.0,6.123233995736766e-17,250.0,287.5,258.4166666666667,14.475,35.3,100.0,68.25,-5.05,3.3322299,0.0,0.1,19.25740741,25.03333333333333,25.3,25.03333333333333,25.45,25.28333333333333,-19.819333343333334,-0.1555555633333334,0.2186666666666666,-0.938,-0.5866666666666667,19.12777777777778,-0.9119999999999988,4.104464,4.139511,4.127804,4.127335,4.181307,0,0.0,1,1.0,-0.92,23.0,77.0
2023-03-11 16:00:00,105.183848044444,68.564757283334,68.583645427778,19.25740741,-0.5866666666666667,25.28333333333333,1,5.1764362714980825,70.66250196097344,16,5,3,-0.8660254037844385,-0.5000000000000004,-0.9749279121818236,-0.2225209339563146,1.0,6.123233995736766e-17,225.0,262.5,259.5833333333333,14.3,35.3,100.0,68.0,-5.1,3.3200238,0.0,0.1,19.2722222,25.05,25.03333333333333,25.3,25.03333333333333,25.0,-19.844074076666665,0.1574074000000003,0.1326666666666667,-0.7193333333333334,-0.4619999999999999,19.20432099777778,-0.7479999999999989,4.181307,4.104464,4.139511,4.127804,4.1380587,0,0.0,1,1.0,-0.89,21.6,78.4
2023-03-11 16:15:00,364.584582650002,65.494324572222,65.513490505554,19.2722222,-0.4619999999999999,25.0,1,5.1764362714980825,70.66250196097344,16,5,3,-0.8660254037844385,-0.5000000000000004,-0.9749279121818236,-0.2225209339563146,1.0,6.123233995736766e-17,207.5,239.375,258.8125,14.425,34.925,100.0,67.5,-5.175,3.3012886,0.0,0.125,19.127777793333333,25.28333333333333,25.05,25.03333333333333,25.3,25.0,-19.7342222,0.014814789999999,0.1246666666666667,-0.5866666666666667,-0.3726666666666666,19.20987654,-0.589333333333332,4.1380587,4.181307,4.104464,4.139511,4.102987,0,0.0,0,1.0,-0.88,21.5,78.5
2023-03-11 16:30:00,130.143127466664,93.790414883334,93.811802944444,19.127777793333333,-0.3726666666666666,25.0,2,5.1764362714980825,70.66250196097344,16,5,3,-0.8660254037844385,-0.5000000000000004,-0.9749279121818236,-0.2225209339563146,1.0,6.123233995736766e-17,190.0,218.125,256.1041666666667,14.55,34.55,100.0,67.0,-5.25,3.2824783,0.0,0.15,19.16111112,25.0,25.28333333333333,25.05,25.03333333333333,25.0,-19.50044446,-0.1444444066666648,0.0893333333333333,-0.4619999999999999,-0.3026666666666667,19.21913580111111,-0.4737777777777766,4.102987,4.1380587,4.181307,4.104464,4.111058,0,0.0,1,1.0,-0.92,22.8,77.2
2023-03-11 16:45:00,95.57645470555,44.778486555556,44.7923749,19.16111112,-0.3026666666666667,25.0,1,5.1764362714980825,70.66250196097344,16,5,3,-0.8660254037844385,-0.5000000000000004,-0.9749279121818236,-0.2225209339563146,1.0,6.123233995736766e-17,172.5,198.75,251.45833333333331,14.675,34.175,100.0,66.5,-5.325,3.2635915,0.0,0.175,18.999999993333333,25.0,25.0,25.28333333333333,25.05,25.0,-19.463777786666668,0.0333333266666677,0.0699999999999999,-0.3726666666666666,-0.2413333333333333,19.18703703777778,-0.3791111111111099,4.111058,4.102987,4.1380587,4.181307,4.072177,0,0.0,1,1.0,-0.91,22.5,77.5
2023-03-11 17:00:00,191.273182166664,149.99455554444398,150.022610005554,18.999999993333333,-0.2413333333333333,25.0,2,5.1764362714980825,70.66250196097344,17,5,3,-0.9659258262890684,-0.2588190451025206,-0.9749279121818236,-0.2225209339563146,1.0,6.123233995736766e-17,155.0,181.25,244.875,14.8,33.8,100.0,66.0,-5.4,3.244629,0.0,0.2,19.26111113,25.0,25.0,25.0,25.28333333333333,25.0,-19.241333326666663,-0.1611111266666682,0.0613333333333333,-0.3026666666666667,-0.002,19.096296302222225,-0.3055555555555544,4.072177,4.111058,4.102987,4.1380587,4.1353517,0,0.0,1,1.0,-0.95,23.9,76.1
2023-03-11 17:15:00,53.157317938894,18.806469944444,18.819524955556,19.26111113,-0.002,25.0,1,5.1764362714980825,70.66250196097344,17,5,3,-0.9659258262890684,-0.2588190451025206,-0.9749279121818236,-0.2225209339563146,1.0,6.123233995736766e-17,137.0,163.625,234.89583333333331,14.5,33.724999999999994,99.75,66.25,-5.425000000000001,3.2401538,0.0,0.125,19.068518496666663,25.0,25.0,25.0,25.0,25.0,-19.26311113,0.2611111366666669,0.2393333333333333,-0.2413333333333333,0.21,19.14074074777778,-0.1819999999999988,4.1353517,4.072177,4.111058,4.102987,4.0886726,0,0.0,1,1.0,-0.89,21.6,78.4
2023-03-11 17:30:00,154.553262055556,113.796559072222,113.819058155556,19.068518496666663,0.21,25.0,2,5.1764362714980825,70.66250196097344,17,5,3,-0.9659258262890684,-0.2588190451025206,-0.9749279121818236,-0.2225209339563146,1.0,6.123233995736766e-17,119.0,145.875,221.52083333333331,14.2,33.65,99.5,66.5,-5.45,3.2356288,0.0,0.0499999999999999,19.12222223,25.0,25.0,25.0,25.0,24.95,-18.858518496666665,-0.1925926333333336,0.212,-0.002,0.13,19.10987654,-0.0111111111111099,4.0886726,4.1353517,4.072177,4.111058,4.09344,0,0.0,1,1.0,-0.93,23.3,76.7
2023-03-11 17:45:00,151.859758799996,118.158884588888,118.183050338886,19.12222223,0.13,24.95,2,5.1764362714980825,70.66250196097344,17,5,3,-0.9659258262890684,-0.2588190451025206,-0.9749279121818236,-0.2225209339563146,1.0,6.123233995736766e-17,101.0,128.0,204.75,13.9,33.575,99.25,66.75,-5.475,3.2310534,0.0,-0.025,19.292592613333333,25.0,25.0,25.0,25.0,24.53333333333333,-18.99222223,0.0537037333333323,-0.0799999999999999,0.21,0.1113333333333333,19.150617285555555,0.1126666666666678,4.09344,4.0886726,4.1353517,4.072177,4.065689,0,0.0,0,1.0,-0.92,22.9,77.1
2023-03-11 18:00:00,81.54229374444401,32.914516683334,32.928682766668004,19.292592613333333,0.1113333333333333,24.53333333333333,1,5.1764362714980825,70.66250196097344,18,5,3,-1.0,-1.8369701987210294e-16,-0.9749279121818236,-0.2225209339563146,1.0,6.123233995736766e-17,83.0,110.0,184.58333333333331,13.6,33.5,99.0,67.0,-5.5,3.2264287,0.0,-0.1,19.06666668,24.95,25.0,25.0,25.0,24.85,-19.18125928,0.1703703833333349,-0.0186666666666666,0.13,-0.03,19.16111111333333,0.1504444444444456,4.065689,4.09344,4.0886726,4.1353517,4.063697,0,0.0,1,1.0,-0.88,21.5,78.5
2023-03-11 18:15:00,184.47873163889,138.526958683334,138.55223548888802,19.06666668,-0.03,24.85,2,5.1764362714980825,70.66250196097344,18,5,3,-1.0,-1.8369701987210294e-16,-0.9749279121818236,-0.2225209339563146,1.0,6.123233995736766e-17,72.0,93.75,165.58333333333334,12.875,32.425,99.25,67.75,-5.475,3.2345264,0.0,-0.225,19.277777796666665,24.53333333333333,24.95,25.0,25.0,24.816666666666663,-19.09666668,-0.2259259333333325,-0.1413333333333333,0.1113333333333333,-0.222,19.160493841111112,0.0704444444444456,4.063697,4.065689,4.09344,4.0886726,4.1090574,0,0.0,1,1.0,-0.93,23.4,76.6
2023-03-11 18:30:00,110.836122027774,78.588800755556,78.608244411112,19.277777796666665,-0.222,24.816666666666663,2,5.1764362714980825,70.66250196097344,18,5,3,-1.0,-1.8369701987210294e-16,-0.9749279121818236,-0.2225209339563146,1.0,6.123233995736766e-17,61.0,79.25,147.75,12.15,31.35,99.5,68.5,-5.45,3.242218,0.0,-0.35,19.28888888,24.85,24.53333333333333,24.95,25.0,24.5,-19.499777796666667,0.2111111166666646,-0.192,-0.03,-0.272,19.21234569666667,-0.0468888888888877,4.1090574,4.063697,4.065689,4.09344,4.05928,0,0.0,0,1.0,-0.88,21.5,78.5
2023-03-11 18:45:00,108.460383511116,75.83196658333401,75.85085476111,19.28888888,-0.272,24.5,2,5.1764362714980825,70.66250196097344,18,5,3,-1.0,-1.8369701987210294e-16,-0.9749279121818236,-0.2225209339563146,1.0,6.123233995736766e-17,50.0,66.5,131.08333333333334,11.425,30.275,99.75,69.25,-5.425000000000001,3.2495086,0.0,-0.475,19.14814818,24.816666666666663,24.85,24.53333333333333,24.95,24.5,-19.56088888,0.0111110833333327,-0.05,-0.222,-0.2779999999999999,19.21111111888889,-0.1746666666666655,4.05928,4.1090574,4.063697,4.065689,4.0257587,0,0.0,0,1.0,-0.88,21.5,78.5
2023-03-11 19:00:00,209.0674703,158.7228175,158.750038677776,19.14814818,-0.2779999999999999,24.5,2,5.1764362714980825,70.66250196097344,19,5,3,-0.9659258262890684,0.2588190451025203,-0.9749279121818236,-0.2225209339563146,1.0,6.123233995736766e-17,39.0,55.5,115.58333333333331,10.7,29.2,100.0,70.0,-5.4,3.2564032,0.0,-0.6,19.366666650000003,24.5,24.816666666666663,24.85,24.53333333333333,24.15,-19.42614818,-0.1407406999999985,-0.0059999999999999,-0.272,-0.488,19.23827161888889,-0.2573333333333321,4.0257587,4.05928,4.1090574,4.063697,4.019652,0,0.0,0,1.0,-0.92,22.7,77.3
2023-03-11 19:15:00,68.32587802222,22.859363388888,22.873251733332,19.366666650000003,-0.488,24.15,1,5.1764362714980825,70.66250196097344,19,5,3,-0.9659258262890684,0.2588190451025203,-0.9749279121818236,-0.2225209339563146,1.0,6.123233995736766e-17,29.25,44.8125,100.72916666666669,10.725,27.65,100.0,71.75,-5.325,3.2804594,0.0,-0.85,19.164814826666667,24.5,24.5,24.816666666666663,24.85,24.183333333333334,-19.85466665,0.2185184700000029,-0.21,-0.2779999999999999,-0.9106666666666666,19.26790123666667,-0.3459999999999988,4.019652,4.0257587,4.05928,4.1090574,3.9776304,0,0.0,1,1.0,-0.87,20.9,79.1
2023-03-11 19:30:00,173.594722500004,141.380177916666,141.405454688888,19.164814826666667,-0.9106666666666666,24.183333333333334,2,5.1764362714980825,70.66250196097344,19,5,3,-0.9659258262890684,0.2588190451025203,-0.9749279121818236,-0.2225209339563146,1.0,6.123233995736766e-17,19.5,34.4375,86.52083333333333,10.75,26.1,100.0,73.5,-5.25,3.3026052,0.0,-1.1,19.31111111,24.15,24.5,24.5,24.816666666666663,24.1,-20.07548149333333,-0.2018518233333353,-0.4226666666666666,-0.488,-1.164,19.22654321888889,-0.5588888888888878,3.9776304,4.019652,4.0257587,4.05928,3.9982347,0,0.0,1,1.0,-0.91,22.6,77.4
2023-03-11 19:45:00,129.077059094438,86.3932108,86.412654505554,19.31111111,-1.164,24.1,2,5.1764362714980825,70.66250196097344,19,5,3,-0.9659258262890684,0.2588190451025203,-0.9749279121818236,-0.2225209339563146,1.0,6.123233995736766e-17,9.75,24.375,72.95833333333333,10.775,24.55,100.0,75.25,-5.175,3.3228936,0.0,-1.35,19.31851849,24.183333333333334,24.15,24.5,24.5,23.716666666666665,-20.475111110000004,0.146296283333335,-0.2533333333333335,-0.9106666666666666,-1.2133333333333334,19.280864195555555,-0.8542222222222211,3.9982347,3.9776304,4.019652,4.0257587,3.9363542,0,0.0,0,1.0,-0.88,21.4,78.6
2023-03-11 20:00:00,112.701324966672,80.484002711112,80.50316859444601,19.31851849,-1.2133333333333334,23.716666666666665,2,5.1764362714980825,70.66250196097344,20,5,3,-0.8660254037844386,0.5000000000000001,-0.9749279121818236,-0.2225209339563146,1.0,6.123233995736766e-17,0.0,14.625,60.04166666666666,10.8,23.0,100.0,77.0,-5.1,3.3413742,0.0,-1.6,19.17777779,24.1,24.183333333333334,24.15,24.5,24.0,-20.531851823333334,0.0074073799999965,-0.0493333333333332,-1.164,-1.142,19.26481480888889,-1.095999999999999,3.9363542,3.9982347,3.9776304,4.019652,3.9504943,0,0.0,0,1.0,-0.88,21.4,78.6
2023-03-11 20:15:00,197.930971477772,151.56449276111,151.59171392222,19.17777779,-1.142,24.0,2,5.1764362714980825,70.66250196097344,20,5,3,-0.8660254037844386,0.5000000000000001,-0.9749279121818236,-0.2225209339563146,1.0,6.123233995736766e-17,0.0,7.3125,48.625,10.1,22.65,100.0,77.5,-5.1,3.339653,0.0,-1.7000000000000002,19.3648148,23.716666666666665,24.1,24.183333333333334,24.15,23.816666666666663,-20.31977779,-0.1407406999999985,0.0713333333333334,-1.2133333333333334,-1.09,19.269135796666667,-1.17311111111111,3.9504943,3.9363542,3.9982347,3.9776304,3.963739,0,0.0,0,1.0,-0.91,22.6,77.4
2023-03-11 20:30:00,72.472934349998,23.365454244444,23.376842655556,19.3648148,-1.09,23.816666666666663,1,5.1764362714980825,70.66250196097344,20,5,3,-0.8660254037844386,0.5000000000000001,-0.9749279121818236,-0.2225209339563146,1.0,6.123233995736766e-17,0.0,2.4375,38.708333333333336,9.4,22.3,100.0,78.0,-5.1,3.337774,0.0,-1.8,19.09444445,24.0,23.716666666666665,24.1,24.183333333333334,23.85,-20.4548148,0.1870370099999974,0.0519999999999998,-1.142,-1.1033333333333333,19.287037026666667,-1.1484444444444433,3.963739,3.9504943,3.9363542,3.9982347,3.9065628,0,0.0,1,1.0,-0.87,21.0,79.0
2023-03-11 20:45:00,162.80293203889,129.733977116666,129.75869836111,19.09444445,-1.1033333333333333,23.85,2,5.1764362714980825,70.66250196097344,20,5,3,-0.8660254037844386,0.5000000000000001,-0.9749279121818236,-0.2225209339563146,1.0,6.123233995736766e-17,0.0,0.0,30.291666666666668,8.7,21.950000000000003,100.0,78.5,-5.1,3.3357399,0.0,-1.9,19.225925903333334,23.816666666666663,24.0,23.716666666666665,24.1,23.816666666666663,-20.197777783333333,-0.2703703499999967,-0.0133333333333331,-1.09,-1.11,19.21234568,-1.1117777777777766,3.9065628,3.963739,3.9504943,3.9363542,3.9314554,0,0.0,1,1.0,-0.93,23.3,76.7
2023-03-11 21:00:00,143.127052488888,110.88278676111,110.905008138886,19.225925903333334,-1.11,23.816666666666663,2,5.1764362714980825,70.66250196097344,21,5,3,-0.7071067811865477,0.7071067811865474,-0.9749279121818236,-0.2225209339563146,1.0,6.123233995736766e-17,0.0,0.0,23.375,8.0,21.6,100.0,79.0,-5.1,3.3335507,0.0,-2.0,19.28888889,23.85,23.816666666666663,24.0,23.716666666666665,23.5,-20.335925903333333,0.1314814533333326,-0.0066666666666668,-1.1033333333333333,-1.1033333333333333,19.22839505111111,-1.10111111111111,3.9314554,3.9065628,3.963739,3.9504943,3.893595,0,0.0,0,1.0,-0.9,22.2,77.8
2023-03-11 21:15:00,103.052544300004,59.105691211112,59.121246172222,19.28888889,-1.1033333333333333,23.5,1,5.1764362714980825,70.66250196097344,21,5,3,-0.7071067811865477,0.7071067811865474,-0.9749279121818236,-0.2225209339563146,1.0,6.123233995736766e-17,0.0,0.0,17.375,8.175,20.35,100.0,79.75,-5.125,3.3299832,0.0,-2.15,18.812962966666664,23.816666666666663,23.85,23.816666666666663,24.0,23.683333333333334,-20.39222222333333,0.0629629866666654,0.0066666666666668,-1.11,-1.326,19.20308641444445,-1.1055555555555543,3.893595,3.9314554,3.9065628,3.963739,3.8153286,0,0.0,1,1.0,-0.89,21.7,78.3
2023-03-11 21:30:00,403.496637355552,101.910923416666,101.933144794442,18.812962966666664,-1.326,23.683333333333334,2,5.1764362714980825,70.66250196097344,21,5,3,-0.7071067811865477,0.7071067811865474,-0.9749279121818236,-0.2225209339563146,1.0,6.123233995736766e-17,0.0,0.0,12.291666666666666,8.35,19.1,100.0,80.5,-5.15,3.3260813,0.0,-2.3,18.68888891,23.5,23.816666666666663,23.85,23.816666666666663,24.0,-20.138962966666664,-0.4759259233333353,-0.2226666666666668,-1.1033333333333333,-1.6266666666666667,19.10925925333333,-1.1797777777777767,3.8153286,3.893595,3.9314554,3.9065628,3.8380775,0,0.0,1,1.0,-1.0,26.0,74.0
2023-03-11 21:45:00,625.65358410555,169.7740421,169.805152038886,18.68888891,-1.6266666666666667,24.0,2,5.1764362714980825,70.66250196097344,21,5,3,-0.7071067811865477,0.7071067811865474,-0.9749279121818236,-0.2225209339563146,1.0,6.123233995736766e-17,0.0,0.0,8.125,8.524999999999999,17.85,100.0,81.25,-5.175,3.3218505,0.0,-2.45,19.15185188333333,23.683333333333334,23.5,23.816666666666663,23.85,23.816666666666663,-20.315555576666664,-0.1240740566666644,-0.3006666666666666,-1.326,-1.642,18.93024692222222,-1.3519999999999988,3.8380775,3.8153286,3.893595,3.9314554,3.9143305,0,0.0,0,1.0,-1.02,27.1,72.9
2023-03-11 22:00:00,186.985298022224,148.650720383334,148.676830455556,19.15185188333333,-1.642,23.816666666666663,2,5.1764362714980825,70.66250196097344,22,5,3,-0.5000000000000004,0.8660254037844384,-0.9749279121818236,-0.2225209339563146,1.0,6.123233995736766e-17,0.0,0.0,4.875,8.7,16.6,100.0,82.0,-5.2,3.317297,0.0,-2.6,19.40555553,24.0,23.683333333333334,23.5,23.816666666666663,23.5,-20.79385188333333,0.4629629733333331,-0.0153333333333331,-1.6266666666666667,-1.8753333333333333,18.88456792,-1.5315555555555544,3.9143305,3.8380775,3.8153286,3.893595,3.9204245,0,0.0,0,1.0,-0.92,22.8,77.2
2023-03-11 22:15:00,65.259334005554,28.604411327778,28.61746633889,19.40555553,-1.8753333333333333,23.5,1,5.1764362714980825,70.66250196097344,22,5,3,-0.5000000000000004,0.8660254037844384,-0.9749279121818236,-0.2225209339563146,1.0,6.123233995736766e-17,0.0,0.0,2.4375,8.799999999999999,16.950000000000003,95.75,82.25,-5.225,3.3157086,0.0,-2.65,19.13518515333333,23.816666666666663,24.0,23.683333333333334,23.5,23.5,-21.28088886333333,0.2537036466666684,-0.2333333333333334,-1.642,-2.0386666666666664,19.082098774444447,-1.7146666666666657,3.9204245,3.9143305,3.8380775,3.8153286,3.8584914,0,0.0,1,1.0,-0.86,20.7,79.3
2023-03-11 22:30:00,164.004828444444,123.044244683334,123.067854855556,19.13518515333333,-2.0386666666666664,23.5,2,5.1764362714980825,70.66250196097344,22,5,3,-0.5000000000000004,0.8660254037844384,-0.9749279121818236,-0.2225209339563146,1.0,6.123233995736766e-17,0.0,0.0,0.8125,8.899999999999999,17.3,91.5,82.5,-5.25,3.314086,0.0,-2.7,19.12222223,23.5,23.816666666666663,24.0,23.683333333333334,23.45,-21.173851820000003,-0.2703703766666656,-0.1633333333333331,-1.8753333333333333,-2.126,19.23086418888889,-1.8519999999999983,3.8584914,3.9204245,3.9143305,3.8380775,3.8473413,0,0.0,1,1.0,-0.92,23.0,77.0
2023-03-11 22:45:00,201.658044488888,153.134429944444,153.16026226111,19.12222223,-2.126,23.45,2,5.1764362714980825,70.66250196097344,22,5,3,-0.5000000000000004,0.8660254037844384,-0.9749279121818236,-0.2225209339563146,1.0,6.123233995736766e-17,0.0,0.0,0.0,9.0,17.65,87.25,82.75,-5.275,3.312428,0.0,-2.75,19.33333335,23.5,23.5,23.816666666666663,24.0,23.03333333333333,-21.24822223,-0.0129629233333368,-0.0873333333333334,-2.0386666666666664,-2.183333333333333,19.220987637777775,-2.013333333333332,3.8473413,3.8584914,3.9204245,3.9143305,3.826274,0,0.0,0,1.0,-0.93,23.2,76.8
2023-03-11 23:00:00,302.134858522224,20.410572444444,20.423349700000003,19.33333335,-2.183333333333333,23.03333333333333,1,5.1764362714980825,70.66250196097344,23,5,3,-0.2588190451025215,0.965925826289068,-0.9749279121818236,-0.2225209339563146,1.0,6.123233995736766e-17,0.0,0.0,0.0,9.1,18.0,83.0,83.0,-5.3,3.3107355,0.0,-2.8,19.04999998,23.45,23.5,23.5,23.816666666666663,23.35,-21.51666668333333,0.2111111199999982,-0.0573333333333332,-2.126,-2.1933333333333334,19.196913577777774,-2.1159999999999983,3.826274,3.8473413,3.8584914,3.9204245,3.8146513,0,0.0,1,1.0,-0.88,21.4,78.6
2023-03-11 23:15:00,153.13887411667,120.48045833889,120.504901794446,19.04999998,-2.1933333333333334,23.35,2,5.1764362714980825,70.66250196097344,23,5,3,-0.2588190451025215,0.965925826289068,-0.9749279121818236,-0.2225209339563146,1.0,6.123233995736766e-17,0.0,0.0,0.0,9.375,18.175,79.75,84.5,-5.325,3.3115656,0.0,-3.05,19.077777766666667,23.03333333333333,23.45,23.5,23.5,23.316666666666663,-21.24333331333333,-0.2833333699999976,-0.0100000000000002,-2.183333333333333,-2.1686666666666667,19.16851852,-2.167555555555554,3.8146513,3.826274,3.8473413,3.8584914,3.8154523,0,0.0,1,1.0,-0.94,23.8,76.2
2023-03-11 23:30:00,193.424207188888,158.717539911112,158.745316633332,19.077777766666667,-2.1686666666666667,23.316666666666663,2,5.1764362714980825,70.66250196097344,23,5,3,-0.2588190451025215,0.965925826289068,-0.9749279121818236,-0.2225209339563146,1.0,6.123233995736766e-17,0.0,0.0,0.0,9.65,18.35,76.5,86.0,-5.35,3.3112264,0.0,-3.3,19.26111108,23.35,23.03333333333333,23.45,23.5,23.0,-21.24644443333333,0.0277777866666681,0.0246666666666666,-2.1933333333333334,-2.158,19.15370369888889,-2.1817777777777767,3.8154523,3.8146513,3.826274,3.8473413,3.8045237,0,0.0,0,1.0,-0.94,23.6,76.4
2023-03-11 23:45:00,84.47856520555399,29.367436388888,29.380491416666,19.26111108,-2.158,23.0,1,5.1764362714980825,70.66250196097344,23,5,3,-0.2588190451025215,0.965925826289068,-0.9749279121818236,-0.2225209339563146,1.0,6.123233995736766e-17,0.0,0.0,0.0,9.925,18.525,73.25,87.5,-5.375,3.3097544,0.0,-3.55,18.949999976666668,23.316666666666663,23.35,23.03333333333333,23.45,23.0,-21.41911108,0.1833333133333319,0.0106666666666668,-2.1686666666666667,-2.2373333333333334,19.129629608888887,-2.173333333333332,3.8045237,3.8154523,3.8146513,3.826274,3.7353606,0,0.0,1,1.0,-0.9,22.0,78.0
2023-03-12 00:00:00,171.161208877776,132.43303576666798,132.458590344444,18.949999976666668,-2.2373333333333334,23.0,2,5.1764362714980825,70.66250196097344,0,6,3,0.0,1.0,-0.7818314824680299,0.6234898018587334,1.0,6.123233995736766e-17,0.0,0.0,0.0,10.2,18.7,70.0,89.0,-5.4,3.3071845,0.0,-3.8,19.10000002,23.0,23.316666666666663,23.35,23.03333333333333,23.0,-21.18733331,-0.3111111033333316,-0.0793333333333334,-2.158,-2.32,19.096296274444445,-2.187999999999999,3.7353606,3.8045237,3.8154523,3.8146513,3.7685697,0,0.0,1,1.0,-0.97,24.8,75.2
2023-03-12 00:15:00,185.848399083334,153.160817755556,153.18831663889,19.10000002,-2.32,23.0,2,5.1764362714980825,70.66250196097344,0,6,3,0.0,1.0,-0.7818314824680299,0.6234898018587334,1.0,6.123233995736766e-17,0.0,0.0,0.0,9.8,18.7,62.5,89.5,-5.425000000000001,3.2962918,0.0,-3.925,19.22037037,23.0,23.0,23.316666666666663,23.35,23.0,-21.42000002,0.1500000433333319,-0.0826666666666664,-2.2373333333333334,-2.334,19.103703692222226,-2.238444444444444,3.7685697,3.7353606,3.8045237,3.8154523,3.7954047,0,0.0,0,1.0,-0.93,23.5,76.5
2023-03-12 00:30:00,87.847597155552,45.262078327778,45.277911044444,19.22037037,-2.334,23.0,1,5.1764362714980825,70.66250196097344,0,6,3,0.0,1.0,-0.7818314824680299,0.6234898018587334,1.0,6.123233995736766e-17,0.0,0.0,0.0,9.4,18.7,55.0,90.0,-5.45,3.2853005,0.0,-4.05,18.89444444,23.0,23.0,23.0,23.316666666666663,23.0,-21.55437037,0.1203703500000017,-0.0140000000000002,-2.32,-2.3753333333333333,19.09012345555556,-2.29711111111111,3.7954047,3.7685697,3.7353606,3.8045237,3.723126,0,0.0,1,1.0,-0.91,22.4,77.6
2023-03-12 00:45:00,147.090504961114,111.096111544444,111.118888416666,18.89444444,-2.3753333333333333,23.0,2,5.1764362714980825,70.66250196097344,0,6,3,0.0,1.0,-0.7818314824680299,0.6234898018587334,1.0,6.123233995736766e-17,0.0,0.0,0.0,9.0,18.7,47.5,90.5,-5.475,3.2742136,0.0,-4.175,18.67962964,23.0,23.0,23.0,23.0,23.0,-21.26977777333333,-0.3259259300000039,-0.0413333333333332,-2.334,-2.579333333333333,19.071604943333337,-2.34311111111111,3.723126,3.7954047,3.7685697,3.7353606,3.6761441,0,0.0,1,1.0,-0.98,25.4,74.6
2023-03-12 01:00:00,149.762064927774,100.78402406111,100.806523194442,18.67962964,-2.579333333333333,23.0,2,5.1764362714980825,70.66250196097344,1,6,3,0.2588190451025207,0.9659258262890684,-0.7818314824680299,0.6234898018587334,1.0,6.123233995736766e-17,0.0,0.0,0.0,8.6,18.7,40.0,91.0,-5.5,3.2630339,0.0,-4.3,18.53333333,23.0,23.0,23.0,23.0,23.3,-21.258962973333333,-0.2148147999999992,-0.2039999999999997,-2.3753333333333333,-2.6213333333333333,18.93148148333333,-2.429555555555554,3.6761441,3.723126,3.7954047,3.7685697,3.6919782,0,0.0,0,1.0,-1.03,27.4,72.6
2023-03-12 01:15:00,213.063143916662,168.877689088888,168.907687955552,18.53333333,-2.6213333333333333,23.3,2,5.1764362714980825,70.66250196097344,1,6,3,0.2588190451025207,0.9659258262890684,-0.7818314824680299,0.6234898018587334,1.0,6.123233995736766e-17,0.0,0.0,0.0,7.85,17.724999999999998,33.5,91.0,-5.75,3.2109246,0.0,-4.525,18.974074063333333,23.0,23.0,23.0,23.0,23.03333333333333,-21.15466666333333,-0.1462963099999967,-0.0420000000000002,-2.579333333333333,-2.7453333333333334,18.702469136666668,-2.525333333333332,3.6919782,3.6761441,3.723126,3.7954047,3.7460954,0,0.0,0,1.0,-1.06,28.8,71.2
2023-03-12 01:30:00,198.164573083334,165.90280803889002,165.931140272222,18.974074063333333,-2.7453333333333334,23.03333333333333,2,5.1764362714980825,70.66250196097344,1,6,3,0.2588190451025207,0.9659258262890684,-0.7818314824680299,0.6234898018587334,1.0,6.123233995736766e-17,0.0,0.0,0.0,7.1,16.75,27.0,91.0,-6.0,3.1595485,0.0,-4.75,19.24444446,23.3,23.0,23.0,23.0,22.65,-21.719407396666668,0.4407407333333317,-0.1240000000000001,-2.6213333333333333,-2.981333333333333,18.729012344444445,-2.6486666666666654,3.7460954,3.6919782,3.6761441,3.723126,3.7429523,0,0.0,0,1.0,-0.96,24.6,75.4
2023-03-12 01:45:00,66.009859433336,33.783926372222,33.796981383334,19.24444446,-2.981333333333333,22.65,1,5.1764362714980825,70.66250196097344,1,6,3,0.2588190451025207,0.9659258262890684,-0.7818314824680299,0.6234898018587334,1.0,6.123233995736766e-17,0.0,0.0,0.0,6.35,15.775,20.5,91.0,-6.25,3.1088977,0.0,-4.975,19.180740746,23.03333333333333,23.3,23.0,23.0,22.656666666666663,-22.22577779333333,0.2703703966666673,-0.2359999999999997,-2.7453333333333334,-3.0170666666666666,18.917283951111116,-2.7826666666666653,3.7429523,3.7460954,3.6919782,3.6761441,3.730027,0,0.0,1,1.0,-0.9,22.3,77.7
2023-03-12 02:00:00,91.8549367255572,0.0,0.0,19.180740746,-3.0170666666666666,22.656666666666663,0,5.1764362714980825,70.66250196097344,2,6,3,0.4999999999999999,0.8660254037844387,-0.7818314824680299,0.6234898018587334,1.0,6.123233995736766e-17,0.0,0.0,0.0,5.6,14.8,14.0,91.0,-6.5,3.0589623,0.0,-5.2,19.117037032,22.65,23.03333333333333,23.3,23.0,22.66333333333333,-22.19780741266667,-0.0637037139999989,-0.0357333333333333,-2.981333333333333,-3.0528,19.133086423111116,-2.9145777777777764,3.730027,3.7429523,3.7460954,3.6919782,3.7171395,1,1.0,1,0.75,-0.92,22.8,77.2
2023-03-12 02:15:00,117.7000140177784,0.0,0.0,19.117037032,-3.0528,22.66333333333333,0,5.1764362714980825,70.66250196097344,2,6,3,0.4999999999999999,0.8660254037844387,-0.7818314824680299,0.6234898018587334,1.0,6.123233995736766e-17,0.0,0.0,0.0,6.199999999999999,13.975,12.5,92.0,-7.325,2.8819654,0.0,-6.175,19.053333318,22.656666666666663,22.65,23.03333333333333,23.3,22.67,-22.169837032,-0.0637037140000025,-0.0357333333333333,-3.0170666666666666,-3.088533333333333,19.180740746,-3.017066666666665,3.7171395,3.730027,3.7429523,3.7460954,3.7042892,0,2.0,0,0.5,-0.93,23.4,76.6
2023-03-12 02:30:00,143.5450913099996,0.0,0.0,19.053333318,-3.088533333333333,22.67,0,5.1764362714980825,70.66250196097344,2,6,3,0.4999999999999999,0.8660254037844387,-0.7818314824680299,0.6234898018587334,1.0,6.123233995736766e-17,0.0,0.0,0.0,6.8,13.15,11.0,93.0,-8.15,2.7132647,0.0,-7.15,18.989629604,22.66333333333333,22.656666666666663,22.65,23.03333333333333,22.676666666666662,-22.14186665133333,-0.0637037139999989,-0.0357333333333329,-3.0528,-3.1242666666666663,19.117037032,-3.052799999999999,3.7042892,3.7171395,3.730027,3.7429523,3.691476,0,3.0,0,0.25,-0.95,24.0,76.0
2023-03-12 02:45:00,169.3901686022208,0.0,0.0,18.989629604,-3.1242666666666663,22.676666666666662,0,5.1764362714980825,70.66250196097344,2,6,3,0.4999999999999999,0.8660254037844387,-0.7818314824680299,0.6234898018587334,1.0,6.123233995736766e-17,0.0,0.0,0.0,7.4,12.325,9.5,94.0,-8.975000000000001,2.5525959,0.0,-8.125,18.92592589,22.67,22.66333333333333,22.656666666666663,22.65,22.683333333333334,-22.113896270666665,-0.0637037140000025,-0.0357333333333333,-3.088533333333333,-3.16,19.053333318,-3.088533333333332,3.691476,3.7042892,3.7171395,3.730027,3.6786993,0,4.0,0,0.0,-0.96,24.5,75.5
2023-03-12 03:00:00,195.235245894442,143.998684272222,144.025349888888,18.92592589,-3.16,22.683333333333334,2,5.1764362714980825,70.66250196097344,3,6,3,0.7071067811865476,0.7071067811865476,-0.7818314824680299,0.6234898018587334,1.0,6.123233995736766e-17,0.0,0.0,0.0,8.0,11.5,8.0,95.0,-9.8,2.399696,0.0,-9.1,19.0888889,22.676666666666662,22.67,22.66333333333333,22.656666666666663,22.65,-22.08592589,-0.0637037139999989,-0.0357333333333333,-3.1242666666666663,-3.3713333333333333,18.989629604,-3.1242666666666654,3.6786993,3.691476,3.7042892,3.7171395,3.7087908,0,3.0,1,0.25,-0.98,25.1,74.9
2023-03-12 03:15:00,200.49114678333,155.3679517,155.395728405554,19.0888889,-3.3713333333333333,22.65,2,5.1764362714980825,70.66250196097344,3,6,3,0.7071067811865476,0.7071067811865476,-0.7818314824680299,0.6234898018587334,1.0,6.123233995736766e-17,0.0,0.0,0.0,7.65,11.6,6.0,95.25,-9.675,2.4194922,0.0,-9.025,19.272222226666667,22.683333333333334,22.676666666666662,22.67,22.66333333333333,22.5,-22.46022223333333,0.1629630099999985,-0.2113333333333336,-3.16,-3.633333333333333,19.001481464666664,-3.218533333333332,3.7087908,3.6786993,3.691476,3.7042892,3.7242532,0,2.0,0,0.5,-0.94,23.6,76.4
2023-03-12 03:30:00,70.559121872226,38.252636483334,38.267358127778,19.272222226666667,-3.633333333333333,22.5,1,5.1764362714980825,70.66250196097344,3,6,3,0.7071067811865476,0.7071067811865476,-0.7818314824680299,0.6234898018587334,1.0,6.123233995736766e-17,0.0,0.0,0.0,7.3,11.7,4.0,95.5,-9.55,2.439426,0.0,-8.95,18.92777775,22.65,22.683333333333334,22.676666666666662,22.67,22.5,-22.90555556,0.1833333266666699,-0.262,-3.3713333333333333,-3.722666666666667,19.09567900555556,-3.3882222222222205,3.7242532,3.7087908,3.6786993,3.691476,3.6493669,0,1.0,1,0.75,-0.9,22.0,78.0
2023-03-12 03:45:00,188.059977266668,147.291885872222,147.317995944444,18.92777775,-3.722666666666667,22.5,2,5.1764362714980825,70.66250196097344,3,6,3,0.7071067811865476,0.7071067811865476,-0.7818314824680299,0.6234898018587334,1.0,6.123233995736766e-17,0.0,0.0,0.0,6.949999999999999,11.8,2.0,95.75,-9.425,2.4594977,0.0,-8.875,18.998148116666663,22.5,22.65,22.683333333333334,22.676666666666662,22.5,-22.650444416666662,-0.3444444766666663,-0.0893333333333337,-3.633333333333333,-3.707333333333333,19.096296292222224,-3.575777777777777,3.6493669,3.7242532,3.7087908,3.6786993,3.6645584,0,0.0,1,1.0,-0.98,25.1,74.9
2023-03-12 04:00:00,176.303225272226,142.067372627778,142.092649416666,18.998148116666663,-3.707333333333333,22.5,2,5.1764362714980825,70.66250196097344,4,6,3,0.8660254037844386,0.5000000000000001,-0.7818314824680299,0.6234898018587334,1.0,6.123233995736766e-17,0.0,0.0,0.0,6.6,11.9,0.0,96.0,-9.3,2.4797084,0.0,-8.8,18.89444442,22.5,22.5,22.65,22.683333333333334,22.5,-22.70548145,0.0703703666666655,0.0153333333333338,-3.722666666666667,-3.69,19.06604936444445,-3.687777777777777,3.6645584,3.6493669,3.7242532,3.7087908,3.6421885,0,0.0,0,1.0,-0.96,24.5,75.5
2023-03-12 04:15:00,149.638181016662,103.872233827778,103.894732944444,18.89444442,-3.69,22.5,2,5.1764362714980825,70.66250196097344,4,6,3,0.8660254037844386,0.5000000000000001,-0.7818314824680299,0.6234898018587334,1.0,6.123233995736766e-17,0.0,0.0,0.0,6.675,11.975,0.0,95.5,-9.3,2.4805784,0.0,-8.725000000000001,18.707407386666667,22.5,22.5,22.5,22.65,22.5,-22.58444442,-0.1037036966666669,0.0173333333333332,-3.707333333333333,-3.715333333333333,18.94012342888889,-3.7066666666666657,3.6421885,3.6645584,3.6493669,3.7242532,3.6021416,0,0.0,0,1.0,-0.98,25.5,74.5
2023-03-12 04:30:00,216.601057994438,169.852927827778,169.88181562222,18.707407386666667,-3.715333333333333,22.5,2,5.1764362714980825,70.66250196097344,4,6,3,0.8660254037844386,0.5000000000000001,-0.7818314824680299,0.6234898018587334,1.0,6.123233995736766e-17,0.0,0.0,0.0,6.75,12.05,0.0,95.0,-9.3,2.4813719,0.0,-8.65,19.077777790000003,22.5,22.5,22.5,22.5,22.15,-22.42274072,-0.1870370333333326,-0.0253333333333332,-3.69,-3.810666666666667,18.86666664111111,-3.7042222222222208,3.6021416,3.6421885,3.6645584,3.6493669,3.624543,0,0.0,0,1.0,-1.03,27.3,72.7
2023-03-12 04:45:00,160.254700705554,124.3375263,124.362525349998,19.077777790000003,-3.810666666666667,22.15,2,5.1764362714980825,70.66250196097344,4,6,3,0.8660254037844386,0.5000000000000001,-0.7818314824680299,0.6234898018587334,1.0,6.123233995736766e-17,0.0,0.0,0.0,6.825,12.125,0.0,94.5,-9.3,2.4820874,0.0,-8.575000000000001,19.127777796666667,22.5,22.5,22.5,22.5,22.0,-22.88844445666667,0.3703704033333359,-0.0953333333333339,-3.715333333333333,-3.9213333333333336,18.89320986555556,-3.7386666666666657,3.624543,3.6021416,3.6421885,3.6645584,3.610628,0,0.0,0,1.0,-0.94,23.8,76.2
2023-03-12 05:00:00,78.721850966668,46.491751355556,46.5073063,19.127777796666667,-3.9213333333333336,22.0,1,5.1764362714980825,70.66250196097344,5,6,3,0.9659258262890684,0.2588190451025207,-0.7818314824680299,0.6234898018587334,1.0,6.123233995736766e-17,0.0,0.0,0.0,6.9,12.2,0.0,94.0,-9.3,2.482725,0.0,-8.5,18.78888888,22.15,22.5,22.5,22.5,22.35,-23.04911113,0.0500000066666643,-0.1106666666666664,-3.810666666666667,-3.657333333333333,18.97098765777778,-3.8157777777777766,3.610628,3.624543,3.6021416,3.6421885,3.5954106,0,0.0,1,1.0,-0.93,23.4,76.6
2023-03-12 05:15:00,180.395006044448,141.585447472222,141.60989096111,18.78888888,-3.657333333333333,22.35,2,5.1764362714980825,70.66250196097344,5,6,3,0.9659258262890684,0.2588190451025207,-0.7818314824680299,0.6234898018587334,1.0,6.123233995736766e-17,0.0,0.0,0.0,7.300000000000001,12.3,0.0,94.5,-9.7,2.4093945,0.0,-8.975,19.020370383333333,22.0,22.15,22.5,22.5,22.316666666666663,-22.44622221333333,-0.3388889166666686,0.2640000000000002,-3.9213333333333336,-3.576,18.99814815555556,-3.796444444444443,3.5954106,3.610628,3.624543,3.6021416,3.6394687,0,0.0,1,1.0,-1.01,26.5,73.5
2023-03-12 05:30:00,202.106081983338,147.955192672222,147.981024972222,19.020370383333333,-3.576,22.316666666666663,2,5.1764362714980825,70.66250196097344,5,6,3,0.9659258262890684,0.2588190451025207,-0.7818314824680299,0.6234898018587334,1.0,6.123233995736766e-17,0.0,0.0,0.0,7.7,12.4,0.0,95.0,-10.1,2.3378205,0.0,-9.45,19.16111114,22.35,22.0,22.15,22.5,22.0,-22.596370383333333,0.2314815033333346,0.0813333333333332,-3.657333333333333,-3.4753333333333334,18.97901235333333,-3.718222222222221,3.6394687,3.5954106,3.610628,3.624543,3.617731,0,0.0,0,1.0,-0.96,24.3,75.7
2023-03-12 05:45:00,90.06723041667,54.525041127778,54.542540444444,19.16111114,-3.4753333333333334,22.0,1,5.1764362714980825,70.66250196097344,5,6,3,0.9659258262890684,0.2588190451025207,-0.7818314824680299,0.6234898018587334,1.0,6.123233995736766e-17,0.0,0.0,0.0,8.1,12.5,0.0,95.5,-10.5,2.2679727,0.0,-9.925,18.824074076666665,22.316666666666663,22.35,22.0,22.15,22.0,-22.63644447333333,0.1407407566666663,0.1006666666666666,-3.576,-3.172,18.990123467777774,-3.5695555555555543,3.617731,3.6394687,3.5954106,3.610628,3.5464752,0,0.0,1,1.0,-0.93,23.1,76.9
2023-03-12 06:00:00,195.21080233889,160.184147944444,160.211646877776,18.824074076666665,-3.172,22.0,2,5.1764362714980825,70.66250196097344,6,6,3,1.0,6.123233995736766e-17,-0.7818314824680299,0.6234898018587334,1.0,6.123233995736766e-17,0.0,0.0,0.0,8.5,12.6,0.0,96.0,-10.9,2.1998243,0.0,-10.4,19.02222221,22.0,22.316666666666663,22.35,22.0,22.0,-21.996074076666662,-0.3370370633333337,0.3033333333333337,-3.4753333333333334,-3.066666666666667,19.001851866666662,-3.407777777777776,3.5464752,3.617731,3.6394687,3.5954106,3.588218,0,0.0,1,1.0,-1.0,26.2,73.8
2023-03-12 06:15:00,180.454170477776,140.714926744444,140.74075906111,19.02222221,-3.066666666666667,22.0,2,5.1764362714980825,70.66250196097344,6,6,3,1.0,6.123233995736766e-17,-0.7818314824680299,0.6234898018587334,1.0,6.123233995736766e-17,0.0,0.0,0.0,8.0,12.775,0.5,96.0,-11.1,2.1668792,0.0,-10.6,18.91666670333333,22.0,22.0,22.316666666666663,22.35,22.0,-22.088888876666665,0.1981481333333334,0.1053333333333328,-3.172,-3.4406666666666665,19.00246914222222,-3.237999999999999,3.588218,3.5464752,3.617731,3.6394687,3.5659285,0,0.0,0,1.0,-0.96,24.4,75.6
2023-03-12 06:30:00,147.164391038886,107.840408427778,107.86374086111,18.91666670333333,-3.4406666666666665,22.0,2,5.1764362714980825,70.66250196097344,6,6,3,1.0,6.123233995736766e-17,-0.7818314824680299,0.6234898018587334,1.0,6.123233995736766e-17,0.0,0.0,0.0,7.5,12.95,1.0,96.0,-11.3,2.1343708,0.0,-10.8,18.705555590000003,22.0,22.0,22.0,22.316666666666663,22.3,-22.35733337,-0.1055555066666684,-0.3739999999999996,-3.066666666666667,-4.027333333333333,18.92098766333333,-3.226444444444443,3.5659285,3.588218,3.5464752,3.617731,3.5697317,0,0.0,0,1.0,-0.98,25.4,74.6
2023-03-12 06:45:00,233.128452438882,185.742014472222,185.772568866664,18.705555590000003,-4.027333333333333,22.3,2,5.1764362714980825,70.66250196097344,6,6,3,1.0,6.123233995736766e-17,-0.7818314824680299,0.6234898018587334,1.0,6.123233995736766e-17,0.0,0.0,0.0,7.0,13.125,1.5,96.0,-11.5,2.102294,0.0,-11.0,19.131481496666662,22.0,22.0,22.0,22.0,21.85,-22.73288892333333,-0.2111111133333274,-0.5866666666666664,-3.4406666666666665,-4.387333333333333,18.88148150111111,-3.5115555555555544,3.5697317,3.5659285,3.588218,3.5464752,3.586794,0,0.0,0,1.0,-1.03,27.3,72.7
2023-03-12 07:00:00,145.335853066664,103.613910811112,103.635854416666,19.131481496666662,-4.387333333333333,21.85,2,5.1764362714980825,70.66250196097344,7,6,3,0.9659258262890684,-0.2588190451025206,-0.7818314824680299,0.6234898018587334,1.0,6.123233995736766e-17,0.0,0.0,0.0,6.5,13.3,2.0,96.0,-11.7,2.0706437,0.0,-11.2,19.07777777,22.3,22.0,22.0,22.0,21.55,-23.51881483,0.4259259066666629,-0.3600000000000003,-4.027333333333333,-4.654,18.91790126333333,-3.9517777777777767,3.586794,3.5697317,3.5659285,3.588218,3.5263612,0,0.0,0,1.0,-0.93,23.4,76.6
2023-03-12 07:15:00,117.605295550002,85.369640644444,85.39102870555399,19.07777777,-4.654,21.55,2,5.1764362714980825,70.66250196097344,7,6,3,0.9659258262890684,-0.2588190451025206,-0.7818314824680299,0.6234898018587334,1.0,6.123233995736766e-17,4.25,1.0625,0.3541666666666667,6.8,12.675,3.5,94.75,-11.625,2.0827959,0.0,-10.95,18.874074086666667,21.85,22.3,22.0,22.0,21.966666666666665,-23.73177777,-0.0537037266666651,-0.2666666666666666,-4.387333333333333,-4.641333333333334,18.971604952222226,-4.356222222222221,3.5263612,3.586794,3.5697317,3.5659285,3.5515788,0,0.0,0,1.0,-0.95,24.0,76.0
2023-03-12 07:30:00,214.005050722216,181.708842472222,181.74134122222,18.874074086666667,-4.641333333333334,21.966666666666665,2,5.1764362714980825,70.66250196097344,7,6,3,0.9659258262890684,-0.2588190451025206,-0.7818314824680299,0.6234898018587334,1.0,6.123233995736766e-17,8.5,3.1875,1.0625,7.1,12.05,5.0,93.5,-11.55,2.0945666,0.0,-10.7,19.21111109,21.55,21.85,22.3,22.0,21.65,-23.515407420000003,-0.2037036833333338,0.0126666666666661,-4.654,-3.854,19.02777778444445,-4.560888888888887,3.5515788,3.5263612,3.586794,3.5697317,3.5706813,0,0.0,0,1.0,-0.99,25.8,74.2
2023-03-12 07:45:00,117.32697331667,63.261913888888,63.2799687,19.21111109,-3.854,21.65,1,5.1764362714980825,70.66250196097344,7,6,3,0.9659258262890684,-0.2588190451025206,-0.7818314824680299,0.6234898018587334,1.0,6.123233995736766e-17,12.750000000000002,6.375,2.125,7.4,11.425,6.5,92.25,-11.475,2.1059399,0.0,-10.45,19.024074053333333,21.966666666666665,21.55,21.85,22.3,21.5,-23.06511109,0.3370370033333323,0.7873333333333337,-4.641333333333334,-3.615333333333333,19.054320982222222,-4.38311111111111,3.5706813,3.5515788,3.5263612,3.586794,3.5070512,0,0.0,1,1.0,-0.92,22.8,77.2
2023-03-12 08:00:00,154.745198811112,113.17991703889,113.202971666668,19.024074053333333,-3.615333333333333,21.5,2,5.1764362714980825,70.66250196097344,8,6,3,0.8660254037844387,-0.4999999999999998,-0.7818314824680299,0.6234898018587334,1.0,6.123233995736766e-17,17.0,10.625,3.5416666666666665,7.7,10.8,8.0,91.0,-11.4,2.1168978,0.0,-10.2,18.93888885,21.65,21.966666666666665,21.55,21.85,21.8,-22.639407386666665,-0.1870370366666662,0.238666666666667,-3.854,-3.295333333333333,19.036419743333337,-4.036888888888888,3.5070512,3.5706813,3.5515788,3.5263612,3.5381503,0,0.0,1,1.0,-0.96,24.5,75.5
2023-03-12 08:15:00,213.587011811108,181.3485791,181.381355605554,18.93888885,-3.295333333333333,21.8,2,5.1764362714980825,70.66250196097344,8,6,3,0.8660254037844387,-0.4999999999999998,-0.7818314824680299,0.6234898018587334,1.0,6.123233995736766e-17,52.25,22.625,7.895833333333333,7.325,11.525,26.25,88.5,-10.675,2.2396748,0.0,-9.075,19.264814803333334,21.5,21.65,21.966666666666665,21.55,21.35,-22.234222183333333,-0.0851852033333315,0.3199999999999998,-3.615333333333333,-2.941333333333333,19.05802466444445,-3.588222222222221,3.5381503,3.5070512,3.5706813,3.5515788,3.5323613,0,0.0,0,1.0,-0.98,25.2,74.8
2023-03-12 08:30:00,65.924862949998,23.113519855556,23.126574883334,19.264814803333334,-2.941333333333333,21.35,1,5.1764362714980825,70.66250196097344,8,6,3,0.8660254037844387,-0.4999999999999998,-0.7818314824680299,0.6234898018587334,1.0,6.123233995736766e-17,87.5,42.375,15.1875,6.95,12.25,44.5,86.0,-9.95,2.3657248,0.0,-7.949999999999999,19.44444442,21.8,21.5,21.65,21.966666666666665,21.35,-22.206148136666663,0.3259259533333321,0.3540000000000001,-3.295333333333333,-2.337333333333333,19.075925902222224,-3.283999999999999,3.5323613,3.5381503,3.5070512,3.5706813,3.5699034,0,0.0,1,1.0,-0.91,22.3,77.7
2023-03-12 08:45:00,154.902136983334,122.333439783334,122.358161027778,19.44444442,-2.337333333333333,21.35,2,5.1764362714980825,70.66250196097344,8,6,3,0.8660254037844387,-0.4999999999999998,-0.7818314824680299,0.6234898018587334,1.0,6.123233995736766e-17,122.75,69.875,25.416666666666668,6.575,12.975,62.75,83.5,-9.225,2.4947214,0.0,-6.825,19.701851846666667,21.35,21.8,21.5,21.65,21.316666666666663,-21.781777753333333,0.1796296166666664,0.6039999999999996,-2.941333333333333,-1.7626666666666668,19.216049357777777,-2.8579999999999988,3.5699034,3.5323613,3.5381503,3.5070512,3.6186457,0,0.0,1,1.0,-0.87,20.8,79.2
2023-03-12 09:00:00,143.838968477776,95.985049344444,96.006437388888,19.701851846666667,-1.7626666666666668,21.316666666666663,2,5.1764362714980825,70.66250196097344,9,6,3,0.7071067811865476,-0.7071067811865475,-0.7818314824680299,0.6234898018587334,1.0,6.123233995736766e-17,158.0,105.125,38.583333333333336,6.2,13.7,81.0,81.0,-8.5,2.626283,0.0,-5.7,19.99444445,21.35,21.35,21.8,21.5,21.0,-21.46451851333333,0.257407426666667,0.5746666666666667,-2.337333333333333,-1.326,19.470370356666667,-2.34711111111111,3.6186457,3.5699034,3.5323613,3.5381503,3.626568,0,0.0,0,1.0,-0.81,18.7,81.3
2023-03-12 09:15:00,193.095887138882,146.996619866668,147.023563272222,19.99444445,-1.326,21.0,2,5.1764362714980825,70.66250196097344,9,6,3,0.7071067811865476,-0.7071067811865475,-0.7818314824680299,0.6234898018587334,1.0,6.123233995736766e-17,205.5,143.4375,55.708333333333336,5.025,12.975,85.75,79.0,-7.95,2.7330792,0.0,-4.8,20.40185187666667,21.316666666666663,21.35,21.35,21.8,21.0,-21.32044445,0.2925926033333326,0.4366666666666667,-1.7626666666666668,-0.0893333333333333,19.71358023888889,-1.808666666666665,3.626568,3.6186457,3.5699034,3.5323613,3.71399,0,0.0,0,1.0,-0.74,16.6,83.4
2023-03-12 09:30:00,313.082754005554,47.223666527778,47.241721388888,20.40185187666667,-0.0893333333333333,21.0,1,5.1764362714980825,70.66250196097344,9,6,3,0.7071067811865476,-0.7071067811865475,-0.7818314824680299,0.6234898018587334,1.0,6.123233995736766e-17,253.0,184.8125,76.79166666666667,3.85,12.25,90.5,77.0,-7.4,2.8409715,0.0,-3.9,20.93333334,21.0,21.316666666666663,21.35,21.35,20.65,-20.49118521,0.4074074266666692,1.2366666666666668,-1.326,-0.204,20.03271605777778,-1.0593333333333323,3.71399,3.626568,3.6186457,3.5699034,3.7669287,0,0.0,1,1.0,-0.65,13.9,86.1
2023-03-12 09:45:00,96.622801533336,64.327704555556,64.34548157778,20.93333334,-0.204,20.65,1,5.1764362714980825,70.66250196097344,9,6,3,0.7071067811865476,-0.7071067811865475,-0.7818314824680299,0.6234898018587334,1.0,6.123233995736766e-17,300.5,229.25,101.83333333333331,2.675,11.525,95.25,75.0,-6.85,2.949668,0.0,-3.0000000000000004,21.474074063333333,21.0,21.0,21.316666666666663,21.35,20.5,-21.13733334,0.531481463333332,-0.1146666666666666,-0.0893333333333333,-0.0933333333333333,20.44320988888889,-0.5397777777777767,3.7669287,3.71399,3.626568,3.6186457,3.8587282,0,0.0,0,1.0,-0.53,10.9,89.1
2023-03-12 10:00:00,170.610397627774,127.649338255556,127.674892833332,21.474074063333333,-0.0933333333333333,20.5,2,5.1764362714980825,70.66250196097344,10,6,3,0.4999999999999999,-0.8660254037844387,-0.7818314824680299,0.6234898018587334,1.0,6.123233995736766e-17,348.0,276.75,130.83333333333334,1.5,10.8,100.0,73.0,-6.3,3.0588474,0.0,-2.1,21.96111114,20.65,21.0,21.0,21.316666666666663,20.15,-21.567407396666667,0.5407407233333323,0.1106666666666666,-0.204,0.152,20.936419760000003,-0.1288888888888877,3.8587282,3.7669287,3.71399,3.626568,3.9010932,0,0.0,1,1.0,-0.41,8.5,91.5
2023-03-12 10:15:00,56.180808277776,0.0,0.0,21.96111114,0.152,20.15,0,5.1764362714980825,70.66250196097344,10,6,3,0.4999999999999999,-0.8660254037844387,-0.7818314824680299,0.6234898018587334,1.0,6.123233995736766e-17,375.75,319.3125,161.79166666666666,1.575,10.45,100.0,72.5,-5.975,3.1296558,0.0,-1.675,21.911111076666664,20.5,20.65,21.0,21.0,20.0,-21.80911114,0.4870370766666667,0.2453333333333333,-0.0933333333333333,0.5626666666666666,21.45617284777778,-0.0484444444444432,3.9010932,3.8587282,3.7669287,3.71399,3.8609025,1,1.0,1,0.75,-0.3,6.9,93.1
2023-03-12 10:30:00,153.556357549998,105.759380555556,105.782712955556,21.911111076666664,0.5626666666666666,20.0,2,5.1764362714980825,70.66250196097344,10,6,3,0.4999999999999999,-0.8660254037844387,-0.7818314824680299,0.6234898018587334,1.0,6.123233995736766e-17,403.5,356.9375,194.70833333333331,1.65,10.1,100.0,72.0,-5.65,3.2016077,0.0,-1.25,22.10000001,20.15,20.5,20.65,21.0,20.0,-21.34844441,-0.0500000633333357,0.4106666666666666,0.152,0.4886666666666667,21.78209876,0.2071111111111122,3.8609025,3.9010932,3.8587282,3.7669287,3.903174,0,1.0,1,0.75,-0.31,7.0,93.0
2023-03-12 10:45:00,130.343675027774,63.665508827778,63.684119233332,22.10000001,0.4886666666666667,20.0,1,5.1764362714980825,70.66250196097344,10,6,3,0.4999999999999999,-0.8660254037844387,-0.7818314824680299,0.6234898018587334,1.0,6.123233995736766e-17,431.25,389.625,229.58333333333331,1.725,9.75,100.0,71.5,-5.325,3.2747056,0.0,-0.825,22.55925925333333,20.0,20.15,20.5,20.65,19.816666666666663,-21.61133334333333,0.1888889333333345,-0.0739999999999999,0.5626666666666666,1.1406666666666667,21.99074074222222,0.4011111111111122,3.903174,3.8609025,3.9010932,3.8587282,3.9708881,0,1.0,1,0.75,-0.27,6.5,93.5
2023-03-12 11:00:00,136.237050399996,0.0,0.0,22.55925925333333,1.1406666666666667,19.816666666666663,0,5.1764362714980825,70.66250196097344,11,6,3,0.258819045102521,-0.9659258262890682,-0.7818314824680299,0.6234898018587334,1.0,6.123233995736766e-17,459.0,417.375,266.4166666666667,1.8,9.4,100.0,71.0,-5.0,3.3489525,0.0,-0.4,22.883333330000003,20.0,20.0,20.15,20.5,19.5,-21.418592586666666,0.4592592433333351,0.652,0.4886666666666667,1.034,22.190123446666664,0.7306666666666679,3.9708881,3.903174,3.8609025,3.9010932,3.9807088,1,2.0,1,0.5,-0.16,5.6,94.4
2023-03-12 11:15:00,185.98478256111,111.47498523889,111.496928827778,22.883333330000003,1.034,19.5,2,5.1764362714980825,70.66250196097344,11,6,3,0.258819045102521,-0.9659258262890682,-0.7818314824680299,0.6234898018587334,1.0,6.123233995736766e-17,501.25,448.75,303.8333333333333,2.3,10.55,100.0,69.5,-4.975,3.3583758,0.0,-0.05,23.364814796666668,19.816666666666663,20.0,20.0,20.15,19.5,-21.849333330000004,0.324074076666669,-0.1066666666666666,1.1406666666666667,1.278,22.51419753111111,0.8877777777777789,3.9807088,3.9708881,3.903174,3.8609025,4.0917654,0,1.0,1,0.75,-0.09,5.2,94.8
2023-03-12 11:30:00,98.928820638882,45.060141972222,45.076807988888,23.364814796666668,1.278,19.5,1,5.1764362714980825,70.66250196097344,11,6,3,0.258819045102521,-0.9659258262890682,-0.7818314824680299,0.6234898018587334,1.0,6.123233995736766e-17,543.5,483.75,341.8333333333333,2.8,11.7,100.0,68.0,-4.95,3.3660164,0.0,0.2999999999999999,23.466666640000003,19.5,19.816666666666663,20.0,20.0,19.5,-22.08681479666667,0.4814814666666649,0.244,1.034,1.4666666666666666,22.93580246,1.15088888888889,4.0917654,3.9807088,3.9708881,3.903174,4.115598,0,1.0,1,0.75,0.02,5.0,95.0
2023-03-12 11:45:00,61.928078311112,0.0,0.0,23.466666640000003,1.4666666666666666,19.5,0,5.1764362714980825,70.66250196097344,11,6,3,0.258819045102521,-0.9659258262890682,-0.7818314824680299,0.6234898018587334,1.0,6.123233995736766e-17,585.75,522.375,380.4166666666667,3.3,12.85,100.0,66.5,-4.925000000000001,3.371793,0.0,0.6499999999999998,23.496296293333334,19.5,19.5,19.816666666666663,20.0,19.683333333333334,-21.99999997333334,0.1018518433333355,0.1886666666666665,1.278,1.586666666666667,23.23827158888889,1.2595555555555566,4.115598,4.0917654,3.9807088,3.9708881,4.1613126,1,2.0,1,0.5,0.04,5.0,95.0
2023-03-12 12:00:00,160.33886403888602,111.564981655556,111.589147372222,23.496296293333334,1.586666666666667,19.683333333333334,2,5.1764362714980825,70.66250196097344,12,6,3,1.2246467991473532e-16,-1.0,-0.7818314824680299,0.6234898018587334,1.0,6.123233995736766e-17,628.0,564.625,419.5833333333333,3.8,14.0,100.0,65.0,-4.9,3.3756218,0.0,1.0,23.53333336,19.5,19.5,19.5,19.816666666666663,19.95,-21.909629626666668,0.0296296533333304,0.1200000000000001,1.4666666666666666,1.652,23.44259257666667,1.443777777777779,4.1613126,4.115598,4.0917654,3.9807088,4.2266,0,1.0,1,0.75,0.05,5.1,94.9
2023-03-12 12:15:00,87.948981850002,49.160255711112,49.176921711112,23.53333336,1.652,19.95,1,5.1764362714980825,70.66250196097344,12,6,3,1.2246467991473532e-16,-1.0,-0.7818314824680299,0.6234898018587334,1.0,6.123233995736766e-17,625.25,595.625,454.5625,4.275,15.55,100.0,64.25,-4.800000000000001,3.3883157,0.0,1.225,23.422222233333333,19.683333333333334,19.5,19.5,19.5,19.53333333333333,-21.88133336,0.037037066666663,0.0653333333333334,1.586666666666667,2.289333333333333,23.498765431111117,1.568444444444446,4.2266,4.1613126,4.115598,4.0917654,4.112201,0,1.0,1,0.75,0.06,5.1,94.9
2023-03-12 12:30:00,55.11335096111,12.753656549998,12.765600522220002,23.422222233333333,2.289333333333333,19.53333333333333,1,5.1764362714980825,70.66250196097344,12,6,3,1.2246467991473532e-16,-1.0,-0.7818314824680299,0.6234898018587334,1.0,6.123233995736766e-17,622.5,615.375,485.3541666666667,4.75,17.1,100.0,63.5,-4.7,3.4004948,0.0,1.45,23.14444444,19.95,19.683333333333334,19.5,19.5,19.85,-21.1328889,-0.111111126666664,0.6373333333333333,1.652,2.521333333333333,23.48395062888889,1.842666666666668,4.112201,4.2266,4.1613126,4.115598,4.113131,0,1.0,0,0.75,0.03,5.0,95.0
2023-03-12 12:45:00,153.799403227782,119.93242467778,119.957701466668,23.14444444,2.521333333333333,19.85,2,5.1764362714980825,70.66250196097344,12,6,3,1.2246467991473532e-16,-1.0,-0.7818314824680299,0.6234898018587334,1.0,6.123233995736766e-17,619.75,623.875,511.9583333333333,5.225,18.65,100.0,62.75,-4.6,3.412144,0.0,1.6749999999999998,22.95555551333333,19.53333333333333,19.95,19.683333333333334,19.5,20.0,-20.623111106666663,-0.2777777933333354,0.2319999999999997,2.289333333333333,2.2133333333333334,23.366666677777776,2.154222222222224,4.113131,4.112201,4.2266,4.1613126,4.0996914,0,0.0,1,1.0,-0.03,5.0,95.0
2023-03-12 13:00:00,72.155724855552,23.203238483334,23.217404583334,22.95555551333333,2.2133333333333334,20.0,1,5.1764362714980825,70.66250196097344,13,6,3,-0.2588190451025208,-0.9659258262890684,-0.7818314824680299,0.6234898018587334,1.0,6.123233995736766e-17,617.0,621.125,534.375,5.7,20.2,100.0,62.0,-4.5,3.4232442,0.0,1.9,22.81666667,19.85,19.53333333333333,19.95,19.683333333333334,20.05,-20.742222179999995,-0.1888889266666673,-0.3079999999999998,2.521333333333333,2.622666666666667,23.17407406222222,2.3413333333333344,4.0996914,4.113131,4.112201,4.2266,4.077387,0,0.0,1,1.0,-0.07,5.1,94.9
2023-03-12 13:15:00,92.89017307778,44.349892566668,44.364891950002,22.81666667,2.622666666666667,20.05,1,5.1764362714980825,70.66250196097344,13,6,3,-0.2588190451025208,-0.9659258262890684,-0.7818314824680299,0.6234898018587334,1.0,6.123233995736766e-17,608.75,617.0,553.7916666666666,5.425,19.475,100.0,61.25,-4.375,3.457089,0.0,2.225,22.67407410666667,20.0,19.85,19.53333333333333,19.95,20.466666666666665,-20.194000003333333,-0.1388888433333299,0.4093333333333335,2.2133333333333334,3.008,22.972222207777776,2.452444444444445,4.077387,4.0996914,4.113131,4.112201,4.128242,0,0.0,0,1.0,-0.1,5.2,94.8
2023-03-12 13:30:00,147.989080166668,115.668150872222,115.69259436111,22.67407410666667,3.008,20.466666666666665,2,5.1764362714980825,70.66250196097344,13,6,3,-0.2588190451025208,-0.9659258262890684,-0.7818314824680299,0.6234898018587334,1.0,6.123233995736766e-17,600.5,611.5,570.2083333333334,5.15,18.75,100.0,60.5,-4.25,3.4905357,0.0,2.55,22.611111110000003,20.05,20.0,19.85,19.53333333333333,20.5,-19.66607410666667,-0.1425925633333307,0.3853333333333331,2.622666666666667,2.898,22.81543209666667,2.614666666666668,4.128242,4.077387,4.0996914,4.113131,4.1200576,0,0.0,1,1.0,-0.13,5.4,94.6
2023-03-12 13:45:00,36.421042866676,0.0,0.0,22.611111110000003,2.898,20.5,0,5.1764362714980825,70.66250196097344,13,6,3,-0.2588190451025208,-0.9659258262890684,-0.7818314824680299,0.6234898018587334,1.0,6.123233995736766e-17,592.25,604.625,583.625,4.875,18.025,100.0,59.75,-4.125,3.523555,0.0,2.875,22.37407404,20.466666666666665,20.05,20.0,19.85,20.683333333333334,-19.713111110000003,-0.0629629966666662,-0.1099999999999998,3.008,3.208666666666667,22.70061729555556,2.84288888888889,4.1200576,4.128242,4.077387,4.0996914,4.1006985,1,1.0,1,0.75,-0.15,5.5,94.5
2023-03-12 14:00:00,129.173721727778,75.126994766668,75.14532735000199,22.37407404,3.208666666666667,20.683333333333334,2,5.1764362714980825,70.66250196097344,14,6,3,-0.4999999999999997,-0.8660254037844388,-0.7818314824680299,0.6234898018587334,1.0,6.123233995736766e-17,584.0,596.375,594.0416666666666,4.6,17.3,100.0,59.0,-4.0,3.5561137,0.0,3.2,22.01666663,20.5,20.466666666666665,20.05,20.0,21.05,-19.16540737333333,-0.237037070000003,0.3106666666666666,2.898,3.19,22.55308641888889,3.0382222222222235,4.1006985,4.1200576,4.128242,4.077387,4.0884104,0,1.0,1,0.75,-0.2,5.8,94.2
2023-03-12 14:15:00,129.562872911108,85.47713634444399,85.497413316666,22.01666663,3.19,21.05,2,5.1764362714980825,70.66250196097344,14,6,3,-0.4999999999999997,-0.8660254037844388,-0.7818314824680299,0.6234898018587334,1.0,6.123233995736766e-17,556.25,583.25,598.625,4.525,17.3,100.0,58.5,-3.925,3.5795467,0.0,3.425,21.79999997,20.683333333333334,20.5,20.466666666666665,20.05,21.466666666666665,-18.82666663,-0.3574074100000004,-0.0186666666666668,3.208666666666667,3.1813333333333333,22.333950593333338,3.09888888888889,4.0884104,4.1006985,4.1200576,4.128242,4.117545,0,1.0,0,0.75,-0.28,6.6,93.4
2023-03-12 14:30:00,45.000144322224,12.736157216666,12.748378927778,21.79999997,3.1813333333333333,21.466666666666665,1,5.1764362714980825,70.66250196097344,14,6,3,-0.4999999999999997,-0.8660254037844388,-0.7818314824680299,0.6234898018587334,1.0,6.123233995736766e-17,528.5,565.25,597.375,4.449999999999999,17.3,100.0,58.0,-3.85,3.6027682,0.0,3.65,21.5611111,21.05,20.683333333333334,20.5,20.466666666666665,21.5,-18.618666636666664,-0.2166666600000013,-0.0086666666666666,3.19,3.382,22.06358021333333,3.1933333333333347,4.117545,4.0884104,4.1006985,4.1200576,4.067393,0,1.0,1,0.75,-0.33,7.2,92.8
2023-03-12 14:45:00,159.19029891666202,118.058055272222,118.081943216666,21.5611111,3.382,21.5,2,5.1764362714980825,70.66250196097344,14,6,3,-0.4999999999999997,-0.8660254037844388,-0.7818314824680299,0.6234898018587334,1.0,6.123233995736766e-17,500.75,542.375,590.2916666666666,4.375,17.3,100.0,57.5,-3.775,3.6257687,0.0,3.875,21.448148106666665,21.466666666666665,21.05,20.683333333333334,20.5,21.5,-18.1791111,-0.2388888699999967,0.2006666666666663,3.1813333333333333,3.732,21.79259256666667,3.2511111111111126,4.067393,4.117545,4.0884104,4.1006985,4.0408893,0,0.0,1,1.0,-0.38,8.1,91.9
2023-03-12 15:00:00,67.374527061114,32.1978787,32.212322555556,21.448148106666665,3.732,21.5,1,5.1764362714980825,70.66250196097344,15,6,3,-0.7071067811865471,-0.7071067811865479,-0.7818314824680299,0.6234898018587334,1.0,6.123233995736766e-17,473.0,514.625,577.375,4.3,17.3,100.0,57.0,-3.7,3.648537,0.0,4.1,21.43333329,21.5,21.466666666666665,21.05,20.683333333333334,21.5,-17.716148106666665,-0.1129629933333369,0.3500000000000001,3.382,3.932666666666667,21.603086392222224,3.431777777777779,4.0408893,4.067393,4.117545,4.0884104,4.0374246,0,0.0,1,1.0,-0.41,8.5,91.5
2023-03-12 15:15:00,91.162464472222,42.418025427778005,42.434691411112,21.43333329,3.932666666666667,21.5,1,5.1764362714980825,70.66250196097344,15,6,3,-0.7071067811865471,-0.7071067811865479,-0.7818314824680299,0.6234898018587334,1.0,6.123233995736766e-17,449.5,487.9375,562.7291666666666,4.125,17.125,100.0,58.75,-3.375,3.73559,0.0,4.0,21.27962962,21.5,21.5,21.466666666666665,21.05,21.683333333333334,-17.500666623333334,-0.0148148166666643,0.2006666666666672,3.732,3.7,21.480864165555555,3.682222222222224,4.0374246,4.0408893,4.067393,4.117545,4.03575,0,0.0,0,1.0,-0.41,8.5,91.5
2023-03-12 15:30:00,165.43699342221998,121.0226589,121.047380144444,21.27962962,3.7,21.683333333333334,2,5.1764362714980825,70.66250196097344,15,6,3,-0.7071067811865471,-0.7071067811865479,-0.7818314824680299,0.6234898018587334,1.0,6.123233995736766e-17,426.0,462.3125,546.3541666666666,3.95,16.950000000000003,100.0,60.5,-3.05,3.8213055,0.0,3.9,21.12222223,21.5,21.5,21.5,21.466666666666665,22.0,-17.57962962,-0.1537036700000023,-0.2326666666666668,3.932666666666667,3.755333333333333,21.387037005555555,3.788222222222224,4.03575,4.0374246,4.0408893,4.067393,4.05747,0,0.0,1,1.0,-0.45,9.2,90.8
2023-03-12 15:45:00,39.710633661114,0.0,0.0,21.12222223,3.755333333333333,22.0,0,5.1764362714980825,70.66250196097344,15,6,3,-0.7071067811865471,-0.7071067811865479,-0.7818314824680299,0.6234898018587334,1.0,6.123233995736766e-17,402.5,437.75,528.25,3.775,16.775000000000002,100.0,62.25,-2.725,3.9056954,0.0,3.8,20.998148176666668,21.683333333333334,21.5,21.5,21.5,22.0,-17.366888896666666,-0.1574073899999994,0.055333333333333,3.7,3.868666666666667,21.278395046666667,3.7960000000000016,4.05747,4.03575,4.0374246,4.0408893,4.028338,1,1.0,1,0.75,-0.48,9.8,90.2
2023-03-12 16:00:00,107.201545066668,74.96811225555601,74.988666983334,20.998148176666668,3.868666666666667,22.0,2,5.1764362714980825,70.66250196097344,16,6,3,-0.8660254037844385,-0.5000000000000004,-0.7818314824680299,0.6234898018587334,1.0,6.123233995736766e-17,379.0,414.25,508.4166666666667,3.6,16.6,100.0,64.0,-2.4,3.988771,0.0,3.7,20.77222221,22.0,21.683333333333334,21.5,21.5,22.35,-17.12948151,-0.1240740533333308,0.1133333333333337,3.755333333333333,3.598,21.133333342222222,3.774666666666668,4.028338,4.05747,4.03575,4.0374246,4.0390096,0,1.0,1,0.75,-0.51,10.4,89.6
2023-03-12 16:15:00,139.06971473889,94.041515972222,94.064015105554,20.77222221,3.598,22.35,2,5.1764362714980825,70.66250196097344,16,6,3,-0.8660254037844385,-0.5000000000000004,-0.7818314824680299,0.6234898018587334,1.0,6.123233995736766e-17,350.5,389.5,486.8958333333333,3.525,15.5,100.0,63.25,-2.55,3.9486156,0.0,3.725,20.640740726666667,22.0,22.0,21.683333333333334,21.5,22.5,-17.17422221,-0.2259259666666686,-0.270666666666667,3.868666666666667,3.39,20.96419753888889,3.740666666666668,4.0390096,4.028338,4.05747,4.03575,4.0351014,0,1.0,0,0.75,-0.56,11.5,88.5
2023-03-12 16:30:00,58.14989607778,0.0,0.0,20.640740726666667,3.39,22.5,0,5.1764362714980825,70.66250196097344,16,6,3,-0.8660254037844385,-0.5000000000000004,-0.7818314824680299,0.6234898018587334,1.0,6.123233995736766e-17,322.0,363.5,463.6875,3.45,14.4,100.0,62.5,-2.7,3.9083133,0.0,3.75,20.3388889,22.35,22.0,22.0,21.683333333333334,22.85,-17.250740726666667,-0.1314814833333315,-0.2079999999999997,3.598,3.2453333333333334,20.803703704444448,3.61888888888889,4.0351014,4.0390096,4.028338,4.05747,4.0263457,1,2.0,1,0.5,-0.59,12.2,87.8
2023-03-12 16:45:00,143.49814884444,111.308047516666,111.332490988888,20.3388889,3.2453333333333334,22.85,2,5.1764362714980825,70.66250196097344,16,6,3,-0.8660254037844385,-0.5000000000000004,-0.7818314824680299,0.6234898018587334,1.0,6.123233995736766e-17,293.5,336.25,438.7916666666667,3.375,13.3,100.0,61.75,-2.85,3.8678644,0.0,3.775,20.26666664333333,22.5,22.35,22.0,22.0,23.0,-17.093555566666662,-0.3018518266666703,-0.1446666666666667,3.39,3.268666666666667,20.583950612222225,3.4111111111111128,4.0263457,4.0351014,4.0390096,4.028338,4.0357137,0,1.0,1,0.75,-0.66,14.0,86.0
2023-03-12 17:00:00,106.01603702222,69.757209616666,69.77665327222199,20.26666664333333,3.268666666666667,23.0,1,5.1764362714980825,70.66250196097344,17,6,3,-0.9659258262890684,-0.2588190451025206,-0.7818314824680299,0.6234898018587334,1.0,6.123233995736766e-17,265.0,307.75,412.2083333333333,3.3,12.2,100.0,61.0,-3.0,3.8272674,0.0,3.8,20.22777775,22.85,22.5,22.35,22.0,23.05,-16.997999976666666,-0.072222256666663,0.0233333333333334,3.2453333333333334,3.5106666666666664,20.41543209,3.3013333333333343,4.0357137,4.0263457,4.0351014,4.0390096,4.035305,0,1.0,1,0.75,-0.67,14.5,85.5
2023-03-12 17:15:00,63.401630516666,24.220142272222,24.233752827778,20.22777775,3.5106666666666664,23.05,1,5.1764362714980825,70.66250196097344,17,6,3,-0.9659258262890684,-0.2588190451025206,-0.7818314824680299,0.6234898018587334,1.0,6.123233995736766e-17,230.25,277.6875,385.0416666666667,4.125,12.575,100.0,62.5,-2.85,3.86934,0.0,3.6,19.94259257,23.0,22.85,22.5,22.35,23.466666666666665,-16.717111083333332,-0.0388888933333362,0.2419999999999995,3.268666666666667,3.6526666666666663,20.277777764444448,3.3415555555555567,4.035305,4.0357137,4.0263457,4.0351014,4.040257,0,1.0,0,0.75,-0.68,14.7,85.3
2023-03-12 17:30:00,167.284419505554,124.236141488888,124.261140505554,19.94259257,3.6526666666666663,23.466666666666665,2,5.1764362714980825,70.66250196097344,17,6,3,-0.9659258262890684,-0.2588190451025206,-0.7818314824680299,0.6234898018587334,1.0,6.123233995736766e-17,195.5,246.0625,357.2916666666667,4.949999999999999,12.95,100.0,64.0,-2.7,3.9095356,0.0,3.4,20.03333333,23.05,23.0,22.85,22.5,23.5,-16.289925903333334,-0.2851851799999991,0.1420000000000003,3.5106666666666664,3.823333333333333,20.145678987777774,3.4773333333333345,4.040257,4.035305,4.0357137,4.0263457,4.0675545,0,0.0,1,1.0,-0.74,16.5,83.5
2023-03-12 17:45:00,79.647091788888,34.348348244444004,34.362792083334,20.03333333,3.823333333333333,23.5,1,5.1764362714980825,70.66250196097344,17,6,3,-0.9659258262890684,-0.2588190451025206,-0.7818314824680299,0.6234898018587334,1.0,6.123233995736766e-17,160.75,212.875,328.9583333333333,5.775,13.325,100.0,65.5,-2.55,3.947889,0.0,3.2,19.90555554666667,23.466666666666665,23.05,23.0,22.85,23.5,-16.209999996666667,0.0907407600000027,0.1706666666666665,3.6526666666666663,3.774,20.06790121666667,3.662222222222223,4.0675545,4.040257,4.035305,4.0357137,4.0372257,0,0.0,1,1.0,-0.72,15.9,84.1
2023-03-12 18:00:00,107.513755011104,66.218184516666,66.237072677776,19.90555554666667,3.774,23.5,1,5.1764362714980825,70.66250196097344,18,6,3,-1.0,-1.8369701987210294e-16,-0.7818314824680299,0.6234898018587334,1.0,6.123233995736766e-17,126.0,178.125,300.0416666666667,6.6,13.7,100.0,67.0,-2.4,3.984441,0.0,3.0,19.74444442,23.5,23.466666666666665,23.05,23.0,23.85,-16.131555546666668,-0.1277777833333324,-0.0493333333333332,3.823333333333333,3.6993333333333336,19.960493815555555,3.750000000000001,4.0372257,4.0675545,4.040257,4.035305,4.0588274,0,0.0,0,1.0,-0.75,16.8,83.2
2023-03-12 18:15:00,137.157013616662,104.951912855556,104.975245288888,19.74444442,3.6993333333333336,23.85,2,5.1764362714980825,70.66250196097344,18,6,3,-1.0,-1.8369701987210294e-16,-0.7818314824680299,0.6234898018587334,1.0,6.123233995736766e-17,102.5,146.1875,271.125,6.199999999999999,14.05,100.0,70.0,-2.425,4.011479,0.0,2.45,19.8685185,23.5,23.5,23.466666666666665,23.05,24.0,-16.045111086666665,-0.1611111266666682,-0.0746666666666664,3.774,3.6386666666666665,19.894444432222222,3.7655555555555567,4.0588274,4.0372257,4.0675545,4.040257,4.1141825,0,0.0,1,1.0,-0.78,17.9,82.1
2023-03-12 18:30:00,52.090694022224,19.489498155556,19.503108711112,19.8685185,3.6386666666666665,24.0,1,5.1764362714980825,70.66250196097344,18,6,3,-1.0,-1.8369701987210294e-16,-0.7818314824680299,0.6234898018587334,1.0,6.123233995736766e-17,79.0,117.0625,242.20833333333331,5.8,14.4,100.0,73.0,-2.45,4.030594,0.0,1.9,19.68333333,23.85,23.5,23.5,23.466666666666665,24.0,-16.229851833333335,0.1240740799999997,-0.060666666666667,3.6993333333333336,3.570666666666667,19.83950615555556,3.704000000000001,4.1141825,4.0588274,4.0372257,4.0675545,4.069732,0,0.0,1,1.0,-0.75,17.0,83.0
2023-03-12 18:45:00,196.921289549998,140.036620544444,140.062175072222,19.68333333,3.570666666666667,24.0,2,5.1764362714980825,70.66250196097344,18,6,3,-1.0,-1.8369701987210294e-16,-0.7818314824680299,0.6234898018587334,1.0,6.123233995736766e-17,55.5,90.75,213.29166666666663,5.4,14.75,100.0,76.0,-2.475,4.0422635,0.0,1.35,19.83888887333333,24.0,23.85,23.5,23.5,24.0,-16.112666663333332,-0.1851851700000004,-0.0679999999999996,3.6386666666666665,3.561333333333333,19.765432083333334,3.636222222222224,4.069732,4.1141825,4.0588274,4.0372257,4.107043,0,0.0,1,1.0,-0.8,18.4,81.6
2023-03-12 19:00:00,69.04251617221401,29.165222227778,29.179388327778,19.83888887333333,3.561333333333333,24.0,1,5.1764362714980825,70.66250196097344,19,6,3,-0.9659258262890684,0.2588190451025203,-0.7818314824680299,0.6234898018587334,1.0,6.123233995736766e-17,32.0,67.25,184.375,5.0,15.1,100.0,79.0,-2.5,4.04695,0.0,0.8,19.7277778,24.0,24.0,23.85,23.5,24.05,-16.27755554,0.1555555433333353,-0.0093333333333336,3.570666666666667,3.512,19.79691356777778,3.5902222222222235,4.107043,4.069732,4.1141825,4.0588274,4.0888634,0,0.0,1,1.0,-0.76,17.2,82.8
2023-03-12 19:15:00,127.907383433336,95.73561483889,95.757002850002,19.7277778,3.512,24.05,2,5.1764362714980825,70.66250196097344,19,6,3,-0.9659258262890684,0.2588190451025203,-0.7818314824680299,0.6234898018587334,1.0,6.123233995736766e-17,24.0,47.625,157.16666666666666,4.525,13.475,100.0,79.0,-2.7,3.9918838,0.0,0.6000000000000001,19.69629628,24.0,24.0,24.0,23.85,24.28333333333333,-16.2157778,-0.1111110733333333,-0.0493333333333332,3.561333333333333,3.58,19.750000001111115,3.5480000000000014,4.0888634,4.107043,4.069732,4.1141825,4.1209135,0,0.0,1,1.0,-0.79,18.0,82.0
2023-03-12 19:30:00,135.330975411112,92.390470916666,92.409914555556,19.69629628,3.58,24.28333333333333,2,5.1764362714980825,70.66250196097344,19,6,3,-0.9659258262890684,0.2588190451025203,-0.7818314824680299,0.6234898018587334,1.0,6.123233995736766e-17,16.0,31.875,131.66666666666666,4.05,11.85,100.0,79.0,-2.9,3.937478,0.0,0.4,19.76666667,24.05,24.0,24.0,24.0,24.05,-16.11629628,-0.0314815199999998,0.068,3.512,3.462,19.754320984444448,3.551111111111112,4.1209135,4.0888634,4.107043,4.069732,4.0982037,0,0.0,0,1.0,-0.79,18.2,81.8
2023-03-12 19:45:00,71.1596535,38.162362344444,38.176528411112,19.76666667,3.462,24.05,1,5.1764362714980825,70.66250196097344,19,6,3,-0.9659258262890684,0.2588190451025203,-0.7818314824680299,0.6234898018587334,1.0,6.123233995736766e-17,8.0,20.0,107.875,3.575,10.225,100.0,79.0,-3.1,3.8837218,0.0,0.1999999999999999,19.559259256666667,24.28333333333333,24.05,24.0,24.0,24.466666666666665,-16.30466667,0.0703703899999972,-0.1179999999999998,3.58,3.3426666666666667,19.73024691666667,3.518000000000001,4.0982037,4.1209135,4.0888634,4.107043,4.118743,0,0.0,1,1.0,-0.78,17.7,82.3
2023-03-12 20:00:00,200.799745572218,152.091416083334,152.117803944444,19.559259256666667,3.3426666666666667,24.466666666666665,2,5.1764362714980825,70.66250196097344,20,6,3,-0.8660254037844386,0.5000000000000001,-0.7818314824680299,0.6234898018587334,1.0,6.123233995736766e-17,0.0,12.0,85.79166666666667,3.1,8.6,100.0,79.0,-3.3,3.8306122,0.0,-0.0,19.74444442,24.05,24.28333333333333,24.05,24.0,24.15,-16.21659259,-0.2074074133333319,-0.1193333333333335,3.462,3.3680000000000003,19.67407406888889,3.4615555555555564,4.118743,4.0982037,4.1209135,4.0888634,4.109882,0,0.0,1,1.0,-0.82,19.3,80.7
2023-03-12 20:15:00,50.872965066664,0.0,0.0,19.74444442,3.3680000000000003,24.15,0,5.1764362714980825,70.66250196097344,20,6,3,-0.8660254037844386,0.5000000000000001,-0.7818314824680299,0.6234898018587334,1.0,6.123233995736766e-17,0.0,6.0,66.60416666666667,3.4,8.425,100.0,79.5,-3.275,3.8283741,0.0,-0.1,19.56481479,24.466666666666665,24.05,24.28333333333333,24.05,24.183333333333334,-16.37644442,0.1851851633333332,0.0253333333333336,3.3426666666666667,3.152,19.69012344888889,3.39088888888889,4.109882,4.118743,4.0982037,4.1209135,4.0723763,1,1.0,1,0.75,-0.78,17.9,82.1
2023-03-12 20:30:00,133.215782255556,100.1034957,100.125717044444,19.56481479,3.152,24.183333333333334,2,5.1764362714980825,70.66250196097344,20,6,3,-0.8660254037844386,0.5000000000000001,-0.7818314824680299,0.6234898018587334,1.0,6.123233995736766e-17,0.0,2.0,50.3125,3.7,8.25,100.0,80.0,-3.25,3.8259642,0.0,-0.2,19.5722222,24.15,24.466666666666665,24.05,24.28333333333333,24.5,-16.41281479,-0.1796296300000008,-0.2160000000000002,3.3680000000000003,3.118,19.62283948888889,3.287555555555557,4.0723763,4.109882,4.118743,4.0982037,4.1274962,0,1.0,1,0.75,-0.82,19.3,80.7
2023-03-12 20:45:00,379.632591888888,84.863827544444,84.885771149998,19.5722222,3.118,24.5,2,5.1764362714980825,70.66250196097344,20,6,3,-0.8660254037844386,0.5000000000000001,-0.7818314824680299,0.6234898018587334,1.0,6.123233995736766e-17,0.0,0.0,36.91666666666666,4.0,8.075,100.0,80.5,-3.225,3.8233838,0.0,-0.3,19.61296293333333,24.183333333333334,24.15,24.466666666666665,24.05,24.5,-16.4542222,0.007407409999999,-0.0340000000000002,3.152,3.1,19.627160470000003,3.212666666666669,4.1274962,4.0723763,4.109882,4.118743,4.1373878,0,1.0,0,0.75,-0.82,19.2,80.8
2023-03-12 21:00:00,92.675737255556,47.524210055556,47.539764983334,19.61296293333333,3.1,24.5,1,5.1764362714980825,70.66250196097344,21,6,3,-0.7071067811865477,0.7071067811865474,-0.7818314824680299,0.6234898018587334,1.0,6.123233995736766e-17,0.0,0.0,26.416666666666668,4.3,7.9,100.0,81.0,-3.2,3.820636,0.0,-0.4,19.46666663,24.5,24.183333333333334,24.15,24.466666666666665,24.5,-16.51296293333333,0.0407407333333331,-0.0179999999999997,3.118,3.036,19.583333307777774,3.123333333333335,4.1373878,4.1274962,4.0723763,4.109882,4.1019673,0,1.0,1,0.75,-0.81,18.8,81.2
2023-03-12 21:15:00,190.897086077776,139.613581883334,139.6394142,19.46666663,3.036,24.5,2,5.1764362714980825,70.66250196097344,21,6,3,-0.7071067811865477,0.7071067811865474,-0.7818314824680299,0.6234898018587334,1.0,6.123233995736766e-17,0.0,0.0,17.875,5.2,9.35,100.0,81.5,-2.975,3.89098,0.0,-0.225,19.631481493333336,24.5,24.5,24.183333333333334,24.15,24.5,-16.430666629999997,-0.1462963033333331,-0.064,3.1,3.02,19.550617254444443,3.084666666666668,4.1019673,4.1373878,4.1274962,4.0723763,4.1418905,0,0.0,1,1.0,-0.84,20.0,80.0
2023-03-12 21:30:00,37.476000766672,0.0,0.0,19.631481493333336,3.02,24.5,0,5.1764362714980825,70.66250196097344,21,6,3,-0.7071067811865477,0.7071067811865474,-0.7818314824680299,0.6234898018587334,1.0,6.123233995736766e-17,0.0,0.0,11.291666666666666,6.1,10.8,100.0,82.0,-2.75,3.9624,0.0,-0.05,19.4222222,24.5,24.5,24.5,24.183333333333334,24.55,-16.611481493333336,0.164814863333337,-0.016,3.036,2.829333333333333,19.570370352222223,3.0520000000000014,4.1418905,4.1019673,4.1373878,4.1274962,4.099609,1,1.0,1,0.75,-0.81,18.7,81.3
2023-03-12 21:45:00,138.70472927222602,100.248212094446,100.269877911112,19.4222222,2.829333333333333,24.55,2,5.1764362714980825,70.66250196097344,21,6,3,-0.7071067811865477,0.7071067811865474,-0.7818314824680299,0.6234898018587334,1.0,6.123233995736766e-17,0.0,0.0,6.666666666666667,7.0,12.25,100.0,82.5,-2.525,4.0349083,0.0,0.1249999999999998,19.44629631666667,24.5,24.5,24.5,24.5,24.78333333333333,-16.592888866666666,-0.2092592933333357,-0.1906666666666669,3.02,2.9033333333333338,19.50679010777778,2.961777777777779,4.099609,4.1418905,4.1019673,4.1373878,4.1444373,0,1.0,1,0.75,-0.85,20.4,79.6
2023-03-12 22:00:00,105.080240972226,68.065610583334,68.08338763889,19.44629631666667,2.9033333333333338,24.78333333333333,1,5.1764362714980825,70.66250196097344,22,6,3,-0.5000000000000004,0.8660254037844384,-0.7818314824680299,0.6234898018587334,1.0,6.123233995736766e-17,0.0,0.0,4.0,7.9,13.7,100.0,83.0,-2.3,4.10852,0.0,0.3,19.42222224,24.55,24.5,24.5,24.5,24.85,-16.542962983333336,0.024074116666668,0.0740000000000007,2.829333333333333,3.052666666666666,19.500000003333337,2.917555555555557,4.1444373,4.099609,4.1418905,4.1019673,4.1497064,0,1.0,1,0.75,-0.85,20.1,79.9
2023-03-12 22:15:00,88.525625466668,48.130296944444,48.147518488888,19.42222224,3.052666666666666,24.85,1,5.1764362714980825,70.66250196097344,22,6,3,-0.5000000000000004,0.8660254037844384,-0.7818314824680299,0.6234898018587334,1.0,6.123233995736766e-17,0.0,0.0,2.0,7.775,13.7,100.0,83.0,-2.25,4.12266,0.025,0.35,19.294444436666662,24.78333333333333,24.55,24.5,24.5,25.0,-16.369555573333333,-0.0240740766666682,0.1493333333333328,2.9033333333333338,3.128,19.430246918888887,2.928444444444446,4.1497064,4.1444373,4.099609,4.1418905,4.1434774,0,1.0,0,0.75,-0.85,20.3,79.7
2023-03-12 22:30:00,184.605115699992,134.98682256111,135.01209936666402,19.294444436666662,3.128,25.0,2,5.1764362714980825,70.66250196097344,22,6,3,-0.5000000000000004,0.8660254037844384,-0.7818314824680299,0.6234898018587334,1.0,6.123233995736766e-17,0.0,0.0,0.6666666666666666,7.65,13.7,100.0,83.0,-2.2,4.1368437,0.05,0.4,19.51666666,24.85,24.78333333333333,24.55,24.5,24.7,-16.166444436666666,-0.1277778033333341,0.0753333333333334,3.052666666666666,3.0766666666666667,19.38765433111111,3.028000000000001,4.1434774,4.1497064,4.1444373,4.099609,4.147628,0,0.0,1,1.0,-0.88,21.3,78.7
2023-03-12 22:45:00,46.13259895556,0.0,0.0,19.51666666,3.0766666666666667,24.7,0,5.1764362714980825,70.66250196097344,22,6,3,-0.5000000000000004,0.8660254037844384,-0.7818314824680299,0.6234898018587334,1.0,6.123233995736766e-17,0.0,0.0,0.0,7.525,13.7,100.0,83.0,-2.15,4.151069,0.075,0.45,19.331481470000003,25.0,24.85,24.78333333333333,24.55,24.966666666666665,-16.43999999333333,0.2222222233333326,-0.0513333333333334,3.128,3.0,19.41111111222222,3.085777777777779,4.147628,4.1434774,4.1497064,4.1444373,4.1469865,1,1.0,1,0.75,-0.83,19.6,80.4
2023-03-12 23:00:00,161.431320272222,129.19205434444402,129.217331116666,19.331481470000003,3.0,24.966666666666665,2,5.1764362714980825,70.66250196097344,23,6,3,-0.2588190451025215,0.965925826289068,-0.7818314824680299,0.6234898018587334,1.0,6.123233995736766e-17,0.0,0.0,0.0,7.4,13.7,100.0,83.0,-2.1,4.165339,0.1,0.5,19.4666667,24.7,25.0,24.85,24.78333333333333,25.0,-16.331481470000003,-0.185185189999995,-0.0766666666666666,3.0766666666666667,2.9126666666666665,19.38086418888889,3.0682222222222237,4.1469865,4.147628,4.1434774,4.1497064,4.185681,0,1.0,1,0.75,-0.87,21.0,79.0
2023-03-12 23:15:00,82.41003671667,48.123908316666,48.139185455556,19.4666667,2.9126666666666665,25.0,1,5.1764362714980825,70.66250196097344,23,6,3,-0.2588190451025215,0.965925826289068,-0.7818314824680299,0.6234898018587334,1.0,6.123233995736766e-17,0.0,0.0,0.0,7.475,13.525,100.0,83.25,-1.975,4.199433,0.1,0.575,19.401851846666663,24.966666666666665,24.7,25.0,24.85,25.0,-16.554000033333335,0.1351852299999976,-0.0873333333333334,3.0,3.0006666666666666,19.43827161,2.9964444444444456,4.185681,4.1469865,4.147628,4.1434774,4.169755,0,1.0,1,0.75,-0.84,19.9,80.1
2023-03-12 23:30:00,112.674937305554,60.054819911112,60.0717637,19.401851846666663,3.0006666666666666,25.0,1,5.1764362714980825,70.66250196097344,23,6,3,-0.2588190451025215,0.965925826289068,-0.7818314824680299,0.6234898018587334,1.0,6.123233995736766e-17,0.0,0.0,0.0,7.550000000000001,13.35,100.0,83.5,-1.85,4.2337546,0.1,0.65,19.2888889,25.0,24.966666666666665,24.7,25.0,25.0,-16.40118518,-0.0648148533333348,0.088,2.9126666666666665,3.0906666666666665,19.40000000555556,2.9711111111111124,4.169755,4.185681,4.1469865,4.147628,4.1421223,0,1.0,0,0.75,-0.86,20.4,79.6
2023-03-12 23:45:00,161.962410277772,119.536885,119.561328505554,19.2888889,3.0906666666666665,25.0,2,5.1764362714980825,70.66250196097344,23,6,3,-0.2588190451025215,0.965925826289068,-0.7818314824680299,0.6234898018587334,1.0,6.123233995736766e-17,0.0,0.0,0.0,7.625,13.175,100.0,83.75,-1.725,4.2683053,0.1,0.7250000000000001,19.475925956666668,25.0,25.0,24.966666666666665,24.7,25.0,-16.198222233333333,-0.1129629466666664,0.0899999999999998,3.0006666666666666,3.12,19.385802482222225,3.0013333333333345,4.1421223,4.169755,4.185681,4.1469865,4.187961,0,0.0,1,1.0,-0.88,21.4,78.6
2023-03-13 00:00:00,48.063632911112,15.811311988888,15.824089244444,19.475925956666668,3.12,25.0,1,5.1764362714980825,70.66250196097344,0,0,3,0.0,1.0,0.0,1.0,1.0,6.123233995736766e-17,0.0,0.0,0.0,7.7,13.0,100.0,84.0,-1.6,4.303085,0.1,0.8,19.29444443,25.0,25.0,25.0,24.966666666666665,25.0,-16.355925956666667,0.1870370566666679,0.0293333333333332,3.0906666666666665,3.292666666666667,19.388888901111116,3.0704444444444454,4.187961,4.1421223,4.169755,4.185681,4.1434774,0,0.0,1,1.0,-0.84,19.8,80.2
2023-03-13 00:15:00,183.212115705554,140.173003955556,140.19828076111,19.29444443,3.292666666666667,25.0,2,5.1764362714980825,70.66250196097344,0,0,3,0.0,1.0,0.0,1.0,1.0,6.123233995736766e-17,0.0,0.0,0.0,7.75,12.9,100.0,84.0,-1.55,4.317833,0.1,0.8500000000000001,19.44999997333333,25.0,25.0,25.0,25.0,25.0,-16.001777763333333,-0.1814815266666691,0.1726666666666672,3.12,3.31,19.35308642888889,3.1677777777777787,4.1434774,4.187961,4.1421223,4.169755,4.18158,0,0.0,1,1.0,-0.88,21.3,78.7
2023-03-13 00:30:00,59.076803583330005,26.835593216666,26.848648277776,19.44999997333333,3.31,25.0,1,5.1764362714980825,70.66250196097344,0,0,3,0.0,1.0,0.0,1.0,1.0,6.123233995736766e-17,0.0,0.0,0.0,7.800000000000001,12.8,100.0,84.0,-1.5,4.332625,0.1,0.9,19.30555554,25.0,25.0,25.0,25.0,25.05,-16.13999997333333,0.1555555433333317,0.0173333333333332,3.292666666666667,3.3473333333333333,19.40679012,3.24088888888889,4.18158,4.1434774,4.187961,4.1421223,4.1544814,0,0.0,1,1.0,-0.84,20.0,80.0
2023-03-13 00:45:00,135.997893133336,88.79089263889,88.810058522224,19.30555554,3.3473333333333333,25.05,2,5.1764362714980825,70.66250196097344,0,0,3,0.0,1.0,0.0,1.0,1.0,6.123233995736766e-17,0.0,0.0,0.0,7.85,12.7,100.0,84.0,-1.45,4.3474607,0.1,0.95,19.32407406,25.0,25.0,25.0,25.0,25.28333333333333,-15.958222206666669,-0.1444444333333301,0.0373333333333332,3.31,3.3400000000000003,19.34999998111111,3.316666666666668,4.1544814,4.18158,4.1434774,4.187961,4.1977544,0,0.0,1,1.0,-0.88,21.2,78.8
2023-03-13 01:00:00,142.016819149998,92.854896772222,92.874062688888,19.32407406,3.3400000000000003,25.28333333333333,2,5.1764362714980825,70.66250196097344,1,0,3,0.2588190451025207,0.9659258262890684,0.0,1.0,1.0,6.123233995736766e-17,0.0,0.0,0.0,7.9,12.6,100.0,84.0,-1.4,4.362342,0.1,1.0,19.39444445,25.05,25.0,25.0,25.0,25.05,-15.98407406,0.0185185200000006,-0.0073333333333329,3.3473333333333333,3.4613333333333336,19.359876524444445,3.332444444444446,4.1977544,4.1544814,4.18158,4.1434774,4.176274,0,0.0,0,1.0,-0.87,21.0,79.0
2023-03-13 01:15:00,56.889390933336,24.657069261110003,24.669568744444,19.39444445,3.4613333333333336,25.05,1,5.1764362714980825,70.66250196097344,1,0,3,0.2588190451025207,0.9659258262890684,0.0,1.0,1.0,6.123233995736766e-17,0.0,0.0,0.0,8.025,12.95,100.0,84.0,-1.375,4.362342,0.1,1.0,19.10925927,25.28333333333333,25.05,25.0,25.0,25.466666666666665,-15.933111116666664,0.0703703899999972,0.1213333333333333,3.3400000000000003,3.484666666666667,19.341358016666664,3.3828888888888904,4.176274,4.1977544,4.1544814,4.18158,4.1750154,0,0.0,1,1.0,-0.86,20.5,79.5
2023-03-13 01:30:00,162.110459788888,129.8239735,129.84952806111,19.10925927,3.484666666666667,25.466666666666665,2,5.1764362714980825,70.66250196097344,1,0,3,0.2588190451025207,0.9659258262890684,0.0,1.0,1.0,6.123233995736766e-17,0.0,0.0,0.0,8.15,13.3,100.0,84.0,-1.35,4.362342,0.1,1.0,19.28888891,25.05,25.28333333333333,25.05,25.0,25.5,-15.624592603333332,-0.2851851799999991,0.0233333333333334,3.4613333333333336,3.2966666666666664,19.275925926666662,3.4286666666666683,4.1750154,4.176274,4.1977544,4.1544814,4.2249646,0,0.0,1,1.0,-0.92,22.9,77.1
2023-03-13 01:45:00,100.082385561106,54.441988916666,54.45837716111,19.28888891,3.2966666666666664,25.5,1,5.1764362714980825,70.66250196097344,1,0,3,0.2588190451025207,0.9659258262890684,0.0,1.0,1.0,6.123233995736766e-17,0.0,0.0,0.0,8.275,13.65,100.0,84.0,-1.325,4.362342,0.1,1.0,19.28703704,25.466666666666665,25.05,25.28333333333333,25.05,25.5,-15.992222243333334,0.1796296400000017,-0.1880000000000006,3.484666666666667,3.313333333333333,19.26419754333333,3.414222222222224,4.2249646,4.1750154,4.176274,4.1977544,4.2245035,0,0.0,1,1.0,-0.88,21.3,78.7
2023-03-13 02:00:00,101.048457866668,52.434846955556,52.451235183334,19.28703704,3.313333333333333,25.5,1,5.1764362714980825,70.66250196097344,2,0,3,0.4999999999999999,0.8660254037844387,0.0,1.0,1.0,6.123233995736766e-17,0.0,0.0,0.0,8.4,14.0,100.0,84.0,-1.3,4.362342,0.1,1.0,19.13333332,25.5,25.466666666666665,25.05,25.28333333333333,25.5,-15.973703706666663,-0.0018518700000029,0.016666666666667,3.2966666666666664,3.179333333333333,19.22839507333333,3.36488888888889,4.2245035,4.2249646,4.1750154,4.176274,4.186418,0,0.0,0,1.0,-0.88,21.3,78.7
2023-03-13 02:15:00,144.804207500004,109.659224555556,109.6822792,19.13333332,3.179333333333333,25.5,2,5.1764362714980825,70.66250196097344,2,0,3,0.4999999999999999,0.8660254037844387,0.0,1.0,1.0,6.123233995736766e-17,0.0,0.0,0.0,8.275,14.1,100.0,84.0,-1.3,4.3697996,0.1,1.025,19.27777775,25.5,25.5,25.466666666666665,25.05,25.5,-15.95399998666667,-0.1537037199999957,-0.1340000000000003,3.313333333333333,2.9246666666666665,19.236419756666667,3.263111111111112,4.186418,4.2245035,4.2249646,4.1750154,4.2222013,0,0.0,1,1.0,-0.91,22.6,77.4
2023-03-13 02:30:00,59.36206992222,17.925394055556,17.93789353889,19.27777775,2.9246666666666665,25.5,1,5.1764362714980825,70.66250196097344,2,0,3,0.4999999999999999,0.8660254037844387,0.0,1.0,1.0,6.123233995736766e-17,0.0,0.0,0.0,8.15,14.2,100.0,84.0,-1.3,4.377268,0.1,1.05,19.08888888,25.5,25.5,25.5,25.466666666666665,25.85,-16.35311108333333,0.1444444299999965,-0.2546666666666666,3.179333333333333,2.631333333333333,19.23271603666667,3.1391111111111125,4.2222013,4.186418,4.2245035,4.2249646,4.2327704,0,0.0,1,1.0,-0.88,21.4,78.6
2023-03-13 02:45:00,160.638018672222,127.186579,127.21018913889,19.08888888,2.631333333333333,25.85,2,5.1764362714980825,70.66250196097344,2,0,3,0.4999999999999999,0.8660254037844387,0.0,1.0,1.0,6.123233995736766e-17,0.0,0.0,0.0,8.025,14.3,100.0,84.0,-1.3,4.384747,0.1,1.0750000000000002,19.26851851,25.5,25.5,25.5,25.5,26.0,-16.457555546666665,-0.1888888699999995,-0.2933333333333334,2.9246666666666665,2.469333333333333,19.16666665,2.911777777777779,4.2327704,4.2222013,4.186418,4.2245035,4.3026423,0,0.0,1,1.0,-0.92,23.0,77.0
2023-03-13 03:00:00,747.6789806111079,42.53274303889,42.550520127778,19.26851851,2.469333333333333,26.0,1,5.1764362714980825,70.66250196097344,3,0,3,0.7071067811865476,0.7071067811865476,0.0,1.0,1.0,6.123233995736766e-17,0.0,0.0,0.0,7.9,14.4,100.0,84.0,-1.3,4.3922377,0.1,1.1,19.18333333,25.85,25.5,25.5,25.5,26.0,-16.79918517666667,0.1796296300000008,-0.1619999999999999,2.631333333333333,2.444,19.21172838,2.675111111111112,4.3026423,4.2327704,4.2222013,4.186418,4.2811036,0,0.0,1,1.0,-0.88,21.4,78.6
2023-03-13 03:15:00,129.477320633336,75.166159866668,75.183659183334,19.18333333,2.444,26.0,2,5.1764362714980825,70.66250196097344,3,0,3,0.7071067811865476,0.7071067811865476,0.0,1.0,1.0,6.123233995736766e-17,0.0,0.0,0.0,7.975,14.575,100.0,84.25,-1.3,4.397797,0.1,1.0750000000000002,19.129629616666666,26.0,25.85,25.5,25.5,26.0,-16.73933333,-0.0851851799999998,-0.0253333333333332,2.469333333333333,2.491333333333333,19.180246906666667,2.51488888888889,4.2811036,4.3026423,4.2327704,4.2222013,4.267572,0,0.0,1,1.0,-0.9,22.1,77.9
2023-03-13 03:30:00,144.042293561114,109.47589853889,109.49923093889,19.129629616666666,2.491333333333333,26.0,2,5.1764362714980825,70.66250196097344,3,0,3,0.7071067811865476,0.7071067811865476,0.0,1.0,1.0,6.123233995736766e-17,0.0,0.0,0.0,8.05,14.75,100.0,84.5,-1.3,4.4033237,0.1,1.05,19.27222223,26.0,26.0,25.85,25.5,26.0,-16.638296283333332,-0.0537037133333342,0.047333333333333,2.444,2.8713333333333333,19.193827152222223,2.468222222222223,4.267572,4.2811036,4.3026423,4.2327704,4.3035808,0,0.0,0,1.0,-0.91,22.6,77.4
2023-03-13 03:45:00,57.97906966111,25.795634816666,25.809245388888,19.27222223,2.8713333333333333,26.0,1,5.1764362714980825,70.66250196097344,3,0,3,0.7071067811865476,0.7071067811865476,0.0,1.0,1.0,6.123233995736766e-17,0.0,0.0,0.0,8.125,14.925,100.0,84.75,-1.3,4.408816,0.1,1.025,19.07037041333333,26.0,26.0,26.0,25.85,26.0,-16.400888896666668,0.1425926133333348,0.3800000000000003,2.491333333333333,2.97,19.19506172555556,2.602222222222223,4.3035808,4.267572,4.2811036,4.3026423,4.2526836,0,0.0,1,1.0,-0.88,21.3,78.7
2023-03-13 04:00:00,158.808091938886,119.272451144444,119.29578356111,19.07037041333333,2.97,26.0,2,5.1764362714980825,70.66250196097344,4,0,3,0.8660254037844386,0.5000000000000001,0.0,1.0,1.0,6.123233995736766e-17,0.0,0.0,0.0,8.2,15.1,100.0,85.0,-1.3,4.4142747,0.1,1.0,19.24444444,26.0,26.0,26.0,26.0,26.0,-16.100370413333334,-0.201851816666668,0.0986666666666664,2.8713333333333333,2.9886666666666666,19.15740742,2.777555555555556,4.2526836,4.3035808,4.267572,4.2811036,4.2965455,0,0.0,1,1.0,-0.93,23.1,76.9
2023-03-13 04:15:00,88.200916338886,41.016414794446,41.030858666668,19.24444444,2.9886666666666666,26.0,1,5.1764362714980825,70.66250196097344,4,0,3,0.8660254037844386,0.5000000000000001,0.0,1.0,1.0,6.123233995736766e-17,0.0,0.0,0.0,8.35,15.65,100.0,84.5,-1.35,4.388308,0.075,1.0,19.15925925333333,26.0,26.0,26.0,26.0,26.0,-16.25577777333333,0.1740740266666662,0.0186666666666668,2.97,2.926,19.19567902777778,2.9433333333333347,4.2965455,4.2526836,4.3035808,4.267572,4.2750325,0,0.0,1,1.0,-0.89,21.6,78.4
2023-03-13 04:30:00,101.27372672222,59.324571355556,59.342903955556,19.15925925333333,2.926,26.0,1,5.1764362714980825,70.66250196097344,4,0,3,0.8660254037844386,0.5000000000000001,0.0,1.0,1.0,6.123233995736766e-17,0.0,0.0,0.0,8.5,16.2,100.0,84.0,-1.4,4.362342,0.05,1.0,19.01666665,26.0,26.0,26.0,26.0,26.0,-16.233259253333337,-0.0851851866666635,-0.0626666666666664,2.9886666666666666,2.8506666666666667,19.15802470222222,2.9615555555555564,4.2750325,4.2965455,4.2526836,4.3035808,4.239231,0,0.0,0,1.0,-0.91,22.3,77.7
2023-03-13 04:45:00,162.705713794442,124.0550376,124.078647788888,19.01666665,2.8506666666666667,26.0,2,5.1764362714980825,70.66250196097344,4,0,3,0.8660254037844386,0.5000000000000001,0.0,1.0,1.0,6.123233995736766e-17,0.0,0.0,0.0,8.65,16.75,100.0,83.5,-1.45,4.3363757,0.0249999999999999,1.0,19.249999993333333,26.0,26.0,26.0,26.0,26.0,-16.165999983333332,-0.1425926033333375,-0.0753333333333334,2.926,2.9493333333333336,19.14012344777778,2.921777777777779,4.239231,4.2750325,4.2965455,4.2526836,4.2979517,0,0.0,1,1.0,-0.94,23.6,76.4
2023-03-13 05:00:00,43.97296334444,0.0,0.0,19.249999993333333,2.9493333333333336,26.0,0,5.1764362714980825,70.66250196097344,5,0,3,0.9659258262890684,0.2588190451025207,0.0,1.0,1.0,6.123233995736766e-17,0.0,0.0,0.0,8.8,17.3,100.0,83.0,-1.5,4.3104095,0.0,1.0,19.03333332,26.0,26.0,26.0,26.0,26.0,-16.300666659999997,0.2333333433333351,0.0986666666666669,2.8506666666666667,2.814,19.14197529888889,2.9086666666666674,4.2979517,4.239231,4.2750325,4.2965455,4.2434025,1,1.0,1,0.75,-0.88,21.5,78.5
2023-03-13 05:15:00,163.367076072226,131.249472027778,131.27335992222402,19.03333332,2.814,26.0,2,5.1764362714980825,70.66250196097344,5,0,3,0.9659258262890684,0.2588190451025207,0.0,1.0,1.0,6.123233995736766e-17,0.0,0.0,0.0,9.025,17.825,100.0,82.75,-1.55,4.297426,0.025,1.0,19.192592616666666,26.0,26.0,26.0,26.0,26.0,-16.21933332,-0.2166666733333322,-0.1353333333333335,2.9493333333333336,2.822,19.099999987777775,2.871333333333334,4.2434025,4.2979517,4.239231,4.2750325,4.283439,0,1.0,1,0.75,-0.93,23.4,76.6
2023-03-13 05:30:00,85.224090933332,32.551197883334,32.564252911112,19.192592616666666,2.822,26.0,1,5.1764362714980825,70.66250196097344,5,0,3,0.9659258262890684,0.2588190451025207,0.0,1.0,1.0,6.123233995736766e-17,0.0,0.0,0.0,9.25,18.35,100.0,82.5,-1.6,4.2844434,0.05,1.0,19.07222223,26.0,26.0,26.0,26.0,26.0,-16.370592616666666,0.159259296666665,0.008,2.814,2.91,19.15864197666667,2.8617777777777795,4.283439,4.2434025,4.2979517,4.239231,4.2531486,0,1.0,1,0.75,-0.9,22.0,78.0
2023-03-13 05:45:00,367.46057882222,73.44428432777799,73.462061383334,19.07222223,2.91,26.0,2,5.1764362714980825,70.66250196097344,5,0,3,0.9659258262890684,0.2588190451025207,0.0,1.0,1.0,6.123233995736766e-17,0.0,0.0,0.0,9.475,18.875,100.0,82.25,-1.65,4.27146,0.075,1.0,18.998148166666667,26.0,26.0,26.0,26.0,26.0,-16.16222223,-0.1203703866666643,0.0879999999999996,2.822,2.6653333333333333,19.099382722222224,2.848666666666668,4.2531486,4.283439,4.2434025,4.2979517,4.234601,0,1.0,1,0.75,-0.93,23.1,76.9
2023-03-13 06:00:00,149.560961772222,117.246698794446,117.270031211112,18.998148166666667,2.6653333333333333,26.0,2,5.1764362714980825,70.66250196097344,6,0,3,1.0,6.123233995736766e-17,0.0,1.0,1.0,6.123233995736766e-17,0.0,0.0,0.0,9.7,19.4,100.0,82.0,-1.7,4.2584767,0.1,1.0,19.21666669,26.0,26.0,26.0,26.0,25.7,-16.332814833333334,-0.0740740633333345,-0.2446666666666663,2.91,2.670666666666667,19.087654337777774,2.799111111111112,4.234601,4.2531486,4.283439,4.2434025,4.240026,0,0.0,0,1.0,-0.94,23.7,76.3
2023-03-13 06:15:00,52.318184988888,16.450730844444,16.462397027778,19.21666669,2.670666666666667,25.7,1,5.1764362714980825,70.66250196097344,6,0,3,1.0,6.123233995736766e-17,0.0,1.0,1.0,6.123233995736766e-17,0.0,0.0,0.0,10.025,20.125,100.0,81.75,-1.775,4.245494,0.1,1.0,19.01851852,26.0,26.0,26.0,26.0,25.966666666666665,-16.546000023333335,0.2185185233333335,0.0053333333333336,2.6653333333333333,2.9033333333333333,19.09567902888889,2.748666666666668,4.240026,4.234601,4.2531486,4.283439,4.234259,0,0.0,1,1.0,-0.89,21.9,78.1
2023-03-13 06:30:00,163.96816326111,122.122337127778,122.146502844444,19.01851852,2.9033333333333333,25.966666666666665,2,5.1764362714980825,70.66250196097344,6,0,3,1.0,6.123233995736766e-17,0.0,1.0,1.0,6.123233995736766e-17,0.0,0.0,0.0,10.35,20.85,100.0,81.5,-1.85,4.2325106,0.1,1.0,19.15555554,25.7,26.0,26.0,26.0,26.0,-16.115185186666668,-0.1981481699999996,0.2326666666666663,2.670666666666667,2.9353333333333333,19.07777779222222,2.7464444444444456,4.234259,4.240026,4.234601,4.2531486,4.2741003,0,0.0,1,1.0,-0.94,23.6,76.4
2023-03-13 06:45:00,94.205953811112,45.940662283334,45.956772755556,19.15555554,2.9353333333333333,26.0,1,5.1764362714980825,70.66250196097344,6,0,3,1.0,6.123233995736766e-17,0.0,1.0,1.0,6.123233995736766e-17,0.0,0.0,0.0,10.675,21.575,100.0,81.25,-1.925,4.2195277,0.1,1.0,19.09999999,25.966666666666665,25.7,26.0,26.0,26.0,-16.22022220666667,0.137037020000001,0.032,2.9033333333333333,2.868,19.130246916666668,2.836444444444446,4.2741003,4.234259,4.240026,4.234601,4.2601223,0,0.0,1,1.0,-0.91,22.3,77.7
2023-03-13 07:00:00,110.184203405562,73.101242483334,73.118741750002,19.09999999,2.868,26.0,2,5.1764362714980825,70.66250196097344,7,0,3,0.9659258262890684,-0.2588190451025206,0.0,1.0,1.0,6.123233995736766e-17,0.0,0.0,0.0,11.0,22.3,100.0,81.0,-2.0,4.2065444,0.1,1.0,19.03333336,26.0,25.966666666666665,25.7,26.0,26.0,-16.231999990000002,-0.0555555500000011,-0.0673333333333334,2.9353333333333333,2.836,19.09135801666667,2.902222222222224,4.2601223,4.2741003,4.234259,4.240026,4.2434025,0,0.0,1,1.0,-0.92,22.8,77.2
2023-03-13 07:15:00,149.618737294442,109.750887588888,109.772831177776,19.03333336,2.836,26.0,2,5.1764362714980825,70.66250196097344,7,0,3,0.9659258262890684,-0.2588190451025206,0.0,1.0,1.0,6.123233995736766e-17,1.25,0.3125,0.1041666666666666,11.15,22.4,100.0,80.5,-1.95,4.2092276,0.075,1.1,19.233333313333333,26.0,26.0,25.966666666666665,25.7,26.0,-16.19733336,-0.0666666300000038,-0.032,2.868,2.8040000000000003,19.09629629666667,2.879777777777779,4.2434025,4.2601223,4.2741003,4.234259,4.2937346,0,0.0,0,1.0,-0.93,23.4,76.6
2023-03-13 07:30:00,55.792490494442,23.645443044444,23.659053649998,19.233333313333333,2.8040000000000003,26.0,1,5.1764362714980825,70.66250196097344,7,0,3,0.9659258262890684,-0.2588190451025206,0.0,1.0,1.0,6.123233995736766e-17,2.5,0.9375,0.3125,11.3,22.5,100.0,80.0,-1.9,4.211727,0.05,1.2,18.97777778,26.0,26.0,26.0,25.966666666666665,26.0,-16.42933331333333,0.1999999533333358,-0.0319999999999995,2.836,2.738,19.122222221111112,2.8360000000000007,4.2937346,4.2434025,4.2601223,4.2741003,4.229512,0,0.0,1,1.0,-0.89,21.7,78.3
2023-03-13 07:45:00,158.2945013,117.9111167,117.936115716666,18.97777778,2.738,26.0,2,5.1764362714980825,70.66250196097344,7,0,3,0.9659258262890684,-0.2588190451025206,0.0,1.0,1.0,6.123233995736766e-17,3.75,1.875,0.625,11.45,22.6,100.0,79.5,-1.85,4.214039,0.0249999999999999,1.2999999999999998,19.13703702333333,26.0,26.0,26.0,26.0,26.0,-16.23977778,-0.2555555333333323,-0.0660000000000002,2.8040000000000003,2.802,19.08148148444444,2.792666666666668,4.229512,4.2937346,4.2434025,4.2601223,4.269437,0,0.0,1,1.0,-0.95,23.9,76.1
2023-03-13 08:00:00,92.17825722222,36.602146955556,36.6168686,19.13703702333333,2.802,26.0,1,5.1764362714980825,70.66250196097344,8,0,3,0.8660254037844387,-0.4999999999999998,0.0,1.0,1.0,6.123233995736766e-17,5.0,3.125,1.0416666666666667,11.6,22.7,100.0,79.0,-1.8,4.216161,0.0,1.4,19.04999999,26.0,26.0,26.0,26.0,26.05,-16.335037023333335,0.1592592433333344,0.064,2.738,2.817333333333333,19.11604937222222,2.7813333333333343,4.269437,4.229512,4.2937346,4.2434025,4.255746,0,0.0,1,1.0,-0.91,22.5,77.5
2023-03-13 08:15:00,105.643274133332,73.562335188888,73.582334388888,19.04999999,2.817333333333333,26.05,2,5.1764362714980825,70.66250196097344,8,0,3,0.8660254037844387,-0.4999999999999998,0.0,1.0,1.0,6.123233995736766e-17,12.25,5.875,2.0625,11.55,22.7,100.0,78.25,-1.85,4.1975107,0.025,1.475,18.98703701,26.0,26.0,26.0,26.0,26.28333333333333,-16.232666656666666,-0.0870370333333347,0.0153333333333329,2.802,2.764,19.054938264444445,2.785777777777779,4.255746,4.269437,4.229512,4.2937346,4.277941,0,0.0,1,1.0,-0.93,23.3,76.7
2023-03-13 08:30:00,144.835872966668,112.770211211112,112.792710344444,18.98703701,2.764,26.28333333333333,2,5.1764362714980825,70.66250196097344,8,0,3,0.8660254037844387,-0.4999999999999998,0.0,1.0,1.0,6.123233995736766e-17,19.5,10.125,3.6875,11.5,22.7,100.0,77.5,-1.9,4.178545,0.05,1.5499999999999998,19.194444420000004,26.05,26.0,26.0,26.0,26.0,-16.22303701,-0.0629629800000017,-0.0533333333333327,2.817333333333333,2.704,19.058024674444443,2.7944444444444456,4.277941,4.255746,4.269437,4.229512,4.283907,0,0.0,0,1.0,-0.94,23.8,76.2
2023-03-13 08:45:00,61.671977405558,19.092847388888,19.10645796111,19.194444420000004,2.704,26.0,1,5.1764362714980825,70.66250196097344,8,0,3,0.8660254037844387,-0.4999999999999998,0.0,1.0,1.0,6.123233995736766e-17,26.75,15.875,5.916666666666667,11.45,22.7,100.0,76.75,-1.95,4.1592627,0.075,1.625,18.94259257,26.28333333333333,26.05,26.0,26.0,26.183333333333334,-16.490444420000003,0.2074074100000054,-0.06,2.764,2.7840000000000003,19.077160473333336,2.761777777777779,4.283907,4.277941,4.255746,4.269437,4.250497,0,0.0,1,1.0,-0.9,22.0,78.0
2023-03-13 09:00:00,163.143751805554,119.236897,119.261340472222,18.94259257,2.7840000000000003,26.183333333333334,2,5.1764362714980825,70.66250196097344,9,0,3,0.7071067811865476,-0.7071067811865475,0.0,1.0,1.0,6.123233995736766e-17,34.0,23.125,8.75,11.4,22.7,100.0,76.0,-2.0,4.139661,0.1,1.7,19.11666666,26.0,26.28333333333333,26.05,26.0,26.15,-16.15859257,-0.2518518500000049,0.08,2.704,2.886,19.041358,2.750666666666668,4.250497,4.283907,4.277941,4.255746,4.2889137,0,0.0,1,1.0,-0.95,24.2,75.8
2023-03-13 09:15:00,93.367098549998,51.930700455556,51.948755316666,19.11666666,2.886,26.15,1,5.1764362714980825,70.66250196097344,9,0,3,0.7071067811865476,-0.7071067811865475,0.0,1.0,1.0,6.123233995736766e-17,49.25,32.375,12.854166666666666,11.225,23.225,100.0,74.25,-2.1,4.1205072,0.075,1.975,19.06851854,26.183333333333334,26.0,26.28333333333333,26.05,26.0,-16.23066666,0.1740740900000013,0.1019999999999998,2.7840000000000003,2.901333333333333,19.08456788333333,2.7913333333333346,4.2889137,4.250497,4.283907,4.277941,4.252219,0,0.0,1,1.0,-0.91,22.7,77.3
2023-03-13 09:30:00,103.436695583338,60.650907216666,60.6675732,19.06851854,2.901333333333333,26.0,1,5.1764362714980825,70.66250196097344,9,0,3,0.7071067811865476,-0.7071067811865475,0.0,1.0,1.0,6.123233995736766e-17,64.5,43.625,18.229166666666668,11.05,23.75,100.0,72.5,-2.2,4.0989876,0.05,2.25,18.99444445,26.15,26.183333333333334,26.0,26.28333333333333,26.3,-16.167185206666666,-0.0481481200000004,0.0153333333333334,2.886,2.958666666666667,19.04259259,2.8571111111111125,4.252219,4.2889137,4.250497,4.283907,4.282525,0,0.0,0,1.0,-0.93,23.1,76.9
2023-03-13 09:45:00,148.32212246111,116.240350183334,116.264238144444,18.99444445,2.958666666666667,26.3,2,5.1764362714980825,70.66250196097344,9,0,3,0.7071067811865476,-0.7071067811865475,0.0,1.0,1.0,6.123233995736766e-17,79.75,56.875,24.875,10.875,24.275,100.0,70.75,-2.3,4.07503,0.0249999999999999,2.525,19.198148156666665,26.0,26.15,26.183333333333334,26.0,26.03333333333333,-16.035777783333334,-0.0740740899999998,0.0573333333333332,2.901333333333333,2.9566666666666666,19.05987655,2.9153333333333347,4.282525,4.252219,4.2889137,4.250497,4.2903357,0,0.0,1,1.0,-0.94,23.7,76.3
2023-03-13 10:00:00,39.590638544444005,0.0,0.0,19.198148156666665,2.9566666666666666,26.03333333333333,0,5.1764362714980825,70.66250196097344,10,0,3,0.4999999999999999,-0.8660254037844387,0.0,1.0,1.0,6.123233995736766e-17,95.0,72.125,32.791666666666664,10.7,24.8,100.0,69.0,-2.4,4.0485616,0.0,2.8,18.97222223,26.3,26.0,26.15,26.183333333333334,26.35,-16.241481489999998,0.2037037066666656,-0.0020000000000002,2.958666666666667,2.896666666666667,19.087037048888888,2.93888888888889,4.2903357,4.282525,4.252219,4.2889137,4.2850423,1,1.0,1,0.75,-0.9,22.0,78.0
2023-03-13 10:15:00,176.419887322224,117.423636216666,117.446413088888,18.97222223,2.896666666666667,26.35,2,5.1764362714980825,70.66250196097344,10,0,3,0.4999999999999999,-0.8660254037844387,0.0,1.0,1.0,6.123233995736766e-17,109.25,87.125,41.79166666666666,10.5,24.725,100.0,68.5,-2.35,4.053162,0.025,2.925,19.105555573333334,26.03333333333333,26.3,26.0,26.15,26.5,-16.07555556333333,-0.2259259266666653,-0.0599999999999996,2.9566666666666666,3.048,19.054938278888887,2.937333333333335,4.2850423,4.2903357,4.282525,4.252219,4.3434706,0,1.0,1,0.75,-0.95,23.9,76.1
2023-03-13 10:30:00,76.41527671666199,39.468421216666,39.48480946111,19.105555573333334,3.048,26.5,1,5.1764362714980825,70.66250196097344,10,0,3,0.4999999999999999,-0.8660254037844387,0.0,1.0,1.0,6.123233995736766e-17,123.5,101.875,51.875,10.3,24.65,100.0,68.0,-2.3,4.057515,0.05,3.05,19.01666663,26.35,26.03333333333333,26.3,26.0,26.55,-16.05755557333333,0.1333333433333337,0.1513333333333331,2.896666666666667,3.2206666666666663,19.09197532,2.9671111111111124,4.3434706,4.2850423,4.2903357,4.282525,4.328907,0,1.0,1,0.75,-0.91,22.7,77.3
2023-03-13 10:45:00,93.053777633336,60.958950427778,60.976727483334,19.01666663,3.2206666666666663,26.55,1,5.1764362714980825,70.66250196097344,10,0,3,0.4999999999999999,-0.8660254037844387,0.0,1.0,1.0,6.123233995736766e-17,137.75,116.375,63.04166666666666,10.1,24.575,100.0,67.5,-2.25,4.061619,0.075,3.175,18.96296295333333,26.5,26.35,26.03333333333333,26.3,26.78333333333333,-15.795999963333331,-0.0888889433333339,0.1726666666666663,3.048,3.317333333333333,19.031481477777778,3.055111111111112,4.328907,4.3434706,4.2850423,4.2903357,4.353132,0,1.0,0,0.75,-0.94,23.5,76.5
2023-03-13 11:00:00,154.832417722216,113.069365894446,113.094920488888,18.96296295333333,3.317333333333333,26.78333333333333,2,5.1764362714980825,70.66250196097344,11,0,3,0.258819045102521,-0.9659258262890682,0.0,1.0,1.0,6.123233995736766e-17,152.0,130.625,75.29166666666667,9.9,24.5,100.0,67.0,-2.2,4.0654674,0.1,3.3,19.17777777,26.55,26.5,26.35,26.03333333333333,26.5,-15.645629619999998,-0.053703676666668,0.0966666666666666,3.2206666666666663,3.3986666666666667,19.028395052222223,3.1953333333333345,4.353132,4.328907,4.3434706,4.2850423,4.362004,0,0.0,1,1.0,-0.95,23.9,76.1
2023-03-13 11:15:00,41.701943038886,0.0,0.0,19.17777777,3.3986666666666667,26.5,0,5.1764362714980825,70.66250196097344,11,0,3,0.258819045102521,-0.9659258262890682,0.0,1.0,1.0,6.123233995736766e-17,147.25,140.125,86.54166666666667,9.025,24.05,100.0,67.75,-2.1,4.0972204,0.125,3.25,18.94259257,26.78333333333333,26.55,26.5,26.35,26.683333333333334,-15.779111103333332,0.2148148166666672,0.0813333333333337,3.317333333333333,3.452,19.052469117777772,3.3122222222222235,4.362004,4.353132,4.328907,4.3434706,4.331665,1,1.0,1,0.75,-0.9,22.0,78.0
2023-03-13 11:30:00,163.222915222224,114.969289944444,114.992622377776,18.94259257,3.452,26.683333333333334,2,5.1764362714980825,70.66250196097344,11,0,3,0.258819045102521,-0.9659258262890682,0.0,1.0,1.0,6.123233995736766e-17,142.5,144.875,96.79166666666669,8.15,23.6,100.0,68.5,-2.0,4.1287084,0.15,3.2,19.0777778,26.5,26.78333333333333,26.55,26.5,27.0,-15.49059257,-0.2351852000000001,0.0533333333333332,3.3986666666666667,3.45,19.027777764444444,3.3893333333333344,4.331665,4.362004,4.353132,4.328907,4.4181795,0,1.0,1,0.75,-0.95,24.1,75.9
2023-03-13 11:45:00,79.504042011108,37.938760172222,37.953759555556,19.0777778,3.45,27.0,1,5.1764362714980825,70.66250196097344,11,0,3,0.258819045102521,-0.9659258262890682,0.0,1.0,1.0,6.123233995736766e-17,137.75,144.875,106.04166666666669,7.275,23.15,100.0,69.25,-1.9,4.1599355,0.175,3.15,19.01296294666667,26.683333333333334,26.5,26.78333333333333,26.55,27.0,-15.6277778,0.1351852300000011,-0.0019999999999997,3.452,3.326,19.06604938,3.433555555555557,4.4181795,4.331665,4.362004,4.353132,4.401316,0,1.0,1,0.75,-0.92,22.8,77.2
2023-03-13 12:00:00,84.118301733336,50.366874144444,50.384095672222,19.01296294666667,3.326,27.0,1,5.1764362714980825,70.66250196097344,12,0,3,1.2246467991473532e-16,-1.0,0.0,1.0,1.0,6.123233995736766e-17,133.0,140.125,114.29166666666669,6.4,22.7,100.0,70.0,-1.8,4.1909013,0.2,3.1,18.90555555,27.0,26.683333333333334,26.5,26.78333333333333,27.0,-15.686962946666668,-0.0648148533333312,-0.1240000000000001,3.45,3.4613333333333336,19.01111110555556,3.4093333333333344,4.401316,4.4181795,4.331665,4.362004,4.3734965,0,1.0,0,0.75,-0.93,23.4,76.6
2023-03-13 12:15:00,147.102449,114.9187364,114.942902116666,18.90555555,3.4613333333333336,27.0,2,5.1764362714980825,70.66250196097344,12,0,3,1.2246467991473532e-16,-1.0,0.0,1.0,1.0,6.123233995736766e-17,149.25,140.625,122.625,7.0,22.25,100.0,69.0,-1.775,4.2008753,0.175,3.35,19.17962963,27.0,27.0,26.683333333333334,26.5,27.0,-15.444222216666663,-0.1074073966666695,0.1353333333333335,3.326,3.638,18.998765432222225,3.412444444444446,4.3734965,4.401316,4.4181795,4.331665,4.444792,0,0.0,1,1.0,-0.96,24.4,75.6
2023-03-13 12:30:00,53.536747394442,0.0,0.0,19.17962963,3.638,27.0,0,5.1764362714980825,70.66250196097344,12,0,3,1.2246467991473532e-16,-1.0,0.0,1.0,1.0,6.123233995736766e-17,165.5,146.375,131.04166666666666,7.6,21.8,100.0,68.0,-1.75,4.2098417,0.15,3.6,19.08333337,27.0,27.0,27.0,26.683333333333334,27.05,-15.54162963,0.2740740800000019,0.1766666666666663,3.4613333333333336,3.740666666666667,19.032716042222223,3.475111111111113,4.444792,4.3734965,4.401316,4.4181795,4.4278116,1,1.0,1,0.75,-0.9,21.9,78.1
2023-03-13 12:45:00,136.346212550002,89.24254128888799,89.263096016666,19.08333337,3.740666666666667,27.05,2,5.1764362714980825,70.66250196097344,12,0,3,1.2246467991473532e-16,-1.0,0.0,1.0,1.0,6.123233995736766e-17,181.75,157.375,139.54166666666666,8.200000000000001,21.35,100.0,67.0,-1.725,4.2177687,0.125,3.85,19.08518518,27.0,27.0,27.0,27.0,27.28333333333333,-15.342666703333332,-0.0962962600000025,0.1026666666666669,3.638,3.824,19.05617285,3.613333333333335,4.4278116,4.444792,4.3734965,4.401316,4.4664946,0,1.0,1,0.75,-0.92,22.8,77.2
2023-03-13 13:00:00,88.3389663,56.154975911112,56.171919666668,19.08518518,3.824,27.28333333333333,1,5.1764362714980825,70.66250196097344,13,0,3,-0.2588190451025208,-0.9659258262890684,0.0,1.0,1.0,6.123233995736766e-17,198.0,173.625,148.125,8.8,20.9,100.0,66.0,-1.7,4.2246222,0.1,4.1,19.2222222,27.05,27.0,27.0,27.0,27.05,-15.26118518,0.0018518100000015,0.083333333333333,3.740666666666667,4.082666666666666,19.11604939333333,3.734222222222223,4.4664946,4.4278116,4.444792,4.3734965,4.464212,0,1.0,1,0.75,-0.92,22.7,77.3
2023-03-13 13:15:00,65.50293542777399,26.990031472222,27.003642027778,19.2222222,4.082666666666666,27.05,1,5.1764362714980825,70.66250196097344,13,0,3,-0.2588190451025208,-0.9659258262890684,0.0,1.0,1.0,6.123233995736766e-17,190.5,183.9375,154.89583333333334,7.9,20.975,100.0,74.0,-0.625,4.642915,0.125,3.8,19.2222222,27.28333333333333,27.05,27.0,27.0,27.466666666666665,-15.139555533333334,0.137037020000001,0.2586666666666666,3.824,4.346,19.130246916666668,3.882444444444445,4.464212,4.4664946,4.4278116,4.444792,4.5329766,0,1.0,0,0.75,-0.89,21.5,78.5
2023-03-13 13:30:00,152.119192838886,115.541489288888,115.564821672222,19.2222222,4.346,27.466666666666665,2,5.1764362714980825,70.66250196097344,13,0,3,-0.2588190451025208,-0.9659258262890684,0.0,1.0,1.0,6.123233995736766e-17,183.0,188.3125,159.85416666666666,7.0,21.05,100.0,82.0,0.4499999999999999,5.0427346,0.15,3.5,19.3833333,27.05,27.28333333333333,27.05,27.0,27.15,-14.8762222,0.0,0.2633333333333336,4.082666666666666,4.574,19.17654319333333,4.084222222222223,4.5329766,4.464212,4.4664946,4.4278116,4.5234227,0,0.0,1,1.0,-0.88,21.5,78.5
2023-03-13 13:45:00,49.879115972218,0.0,0.0,19.3833333,4.574,27.15,0,5.1764362714980825,70.66250196097344,13,0,3,-0.2588190451025208,-0.9659258262890684,0.0,1.0,1.0,6.123233995736766e-17,175.5,186.75,163.0,6.1,21.125,100.0,90.0,1.525,5.4245806,0.175,3.2,19.455555556666663,27.466666666666665,27.05,27.28333333333333,27.05,27.0,-14.8093333,0.1611110999999994,0.2279999999999997,4.346,4.706,19.275925900000004,4.334222222222223,4.5234227,4.5329766,4.464212,4.4664946,4.5175824,1,1.0,1,0.75,-0.85,20.2,79.8
2023-03-13 14:00:00,108.200671816666,63.143307516666,63.161640149998,19.455555556666663,4.706,27.0,1,5.1764362714980825,70.66250196097344,14,0,3,-0.4999999999999997,-0.8660254037844388,0.0,1.0,1.0,6.123233995736766e-17,168.0,179.25,164.33333333333334,5.2,21.2,100.0,98.0,2.6,5.7889442,0.2,2.9,19.36666665,27.15,27.466666666666665,27.05,27.28333333333333,27.3,-14.749555556666664,0.072222256666663,0.1320000000000005,4.574,4.992666666666667,19.353703685555555,4.542000000000002,4.5175824,4.5234227,4.5329766,4.464212,4.543955,0,1.0,1,0.75,-0.83,19.6,80.4
2023-03-13 14:15:00,124.613626372222,86.83263767222199,86.854025716666,19.36666665,4.992666666666667,27.3,2,5.1764362714980825,70.66250196097344,14,0,3,-0.4999999999999997,-0.8660254037844388,0.0,1.0,1.0,6.123233995736766e-17,154.0,170.125,164.89583333333334,4.6,19.4,100.0,98.0,2.6,5.7889442,0.225,2.9,19.42777776333333,27.0,27.15,27.466666666666665,27.05,27.216666666666665,-14.373999983333333,-0.0888889066666642,0.2866666666666662,4.706,4.965333333333334,19.40185183555556,4.757555555555556,4.543955,4.5175824,4.5234227,4.5329766,4.546402,0,1.0,1,0.75,-0.85,20.3,79.7
2023-03-13 14:30:00,36.218828988888,0.0,0.0,19.42777776333333,4.965333333333334,27.216666666666665,0,5.1764362714980825,70.66250196097344,14,0,3,-0.4999999999999997,-0.8660254037844388,0.0,1.0,1.0,6.123233995736766e-17,140.0,159.375,164.6875,4.0,17.599999999999998,100.0,98.0,2.6,5.7889442,0.25,2.9,19.22777779,27.3,27.0,27.15,27.466666666666665,27.5,-14.462444429999998,0.0611111133333324,-0.0273333333333329,4.992666666666667,5.044666666666667,19.416666656666667,4.888000000000002,4.546402,4.543955,4.5175824,4.5234227,4.5399632,1,2.0,1,0.5,-0.84,19.8,80.2
2023-03-13 14:45:00,152.62972798333,114.531529688888,114.555973177776,19.22777779,5.044666666666667,27.5,2,5.1764362714980825,70.66250196097344,14,0,3,-0.4999999999999997,-0.8660254037844388,0.0,1.0,1.0,6.123233995736766e-17,126.0,147.0,163.70833333333334,3.4,15.8,100.0,98.0,2.6,5.7889442,0.275,2.9,19.31111113,27.216666666666665,27.3,27.0,27.15,27.5,-14.183111123333331,-0.1999999733333304,0.0793333333333334,4.965333333333334,4.658666666666666,19.34074073444445,5.00088888888889,4.5399632,4.546402,4.543955,4.5175824,4.562301,0,1.0,1,0.75,-0.88,21.4,78.6
2023-03-13 15:00:00,83.28583501667,27.8813847,27.89499523889,19.31111113,4.658666666666666,27.5,1,5.1764362714980825,70.66250196097344,15,0,3,-0.7071067811865471,-0.7071067811865479,0.0,1.0,1.0,6.123233995736766e-17,112.0,133.0,161.95833333333334,2.8,14.0,100.0,98.0,2.6,5.7889442,0.3,2.9,19.21666669,27.5,27.216666666666665,27.3,27.0,27.85,-14.652444463333332,0.0833333399999958,-0.386000000000001,5.044666666666667,4.508,19.32222222777778,4.889555555555557,4.562301,4.5399632,4.546402,4.543955,4.594736,0,1.0,1,0.75,-0.86,20.7,79.3
2023-03-13 15:15:00,82.545586844448,47.658093583334,47.675037355556,19.21666669,4.508,27.85,1,5.1764362714980825,70.66250196097344,15,0,3,-0.7071067811865471,-0.7071067811865479,0.0,1.0,1.0,6.123233995736766e-17,109.75,121.9375,158.66666666666666,2.425,12.4,100.0,98.25,2.55,5.774506,0.325,2.825,19.09259258666667,27.5,27.5,27.216666666666665,27.3,28.0,-14.70866669,-0.0944444399999966,-0.150666666666666,4.658666666666666,4.573333333333333,19.25185187,4.737111111111113,4.594736,4.562301,4.5399632,4.546402,4.5858207,0,1.0,0,0.75,-0.88,21.4,78.6
2023-03-13 15:30:00,137.817264988884,103.6441874,103.667519816666,19.09259258666667,4.573333333333333,28.0,2,5.1764362714980825,70.66250196097344,15,0,3,-0.7071067811865471,-0.7071067811865479,0.0,1.0,1.0,6.123233995736766e-17,107.5,113.8125,153.83333333333334,2.05,10.8,100.0,98.5,2.5,5.7600484,0.35,2.75,19.2388889,27.85,27.5,27.5,27.216666666666665,28.05,-14.519259253333336,-0.1240741033333314,0.0653333333333332,4.508,4.782,19.206790135555558,4.580000000000001,4.5858207,4.594736,4.562301,4.5399632,4.6337957,0,0.0,1,1.0,-0.91,22.5,77.5
2023-03-13 15:45:00,45.049864550002,0.0,0.0,19.2388889,4.782,28.05,0,5.1764362714980825,70.66250196097344,15,0,3,-0.7071067811865471,-0.7071067811865479,0.0,1.0,1.0,6.123233995736766e-17,105.25,108.625,147.45833333333334,1.675,9.2,100.0,98.75,2.45,5.7455716,0.375,2.675,19.05000002666667,28.0,27.85,27.5,27.5,28.466666666666665,-14.4568889,0.1462963133333303,0.2086666666666667,4.573333333333333,4.809333333333333,19.18271605888889,4.621111111111112,4.6337957,4.5858207,4.594736,4.562301,4.6505523,1,1.0,1,0.75,-0.88,21.2,78.8
2023-03-13 16:00:00,148.175461694442,109.041471483334,109.064248355556,19.05000002666667,4.809333333333333,28.466666666666665,2,5.1764362714980825,70.66250196097344,16,0,3,-0.8660254037844385,-0.5000000000000004,0.0,1.0,1.0,6.123233995736766e-17,103.0,106.375,139.54166666666666,1.3,7.6,100.0,99.0,2.4,5.7310753,0.4,2.6,19.14999999,28.05,28.0,27.85,27.5,28.5,-14.240666693333337,-0.1888888733333296,0.0273333333333329,4.782,5.029333333333333,19.127160504444447,4.721555555555557,4.6505523,4.6337957,4.5858207,4.594736,4.6835365,0,1.0,1,0.75,-0.92,22.8,77.2
2023-03-13 16:15:00,82.541142788884,35.36414096111,35.380251449998,19.14999999,5.029333333333333,28.5,1,5.1764362714980825,70.66250196097344,16,0,3,-0.8660254037844385,-0.5000000000000004,0.0,1.0,1.0,6.123233995736766e-17,97.25,103.25,131.77083333333334,1.675,7.775,100.0,99.0,2.2,5.644719,0.4,2.375,19.06851854,28.466666666666665,28.05,28.0,27.85,28.5,-14.120666656666668,0.0999999633333317,0.2199999999999997,4.809333333333333,5.080666666666667,19.14629630555556,4.873555555555556,4.6835365,4.6505523,4.6337957,4.5858207,4.661087,0,1.0,1,0.75,-0.89,21.9,78.1
2023-03-13 16:30:00,86.64208971111199,44.402946011112,44.418778694446,19.06851854,5.080666666666667,28.5,1,5.1764362714980825,70.66250196097344,16,0,3,-0.8660254037844385,-0.5000000000000004,0.0,1.0,1.0,6.123233995736766e-17,91.5,99.25,124.14583333333331,2.05,7.95,100.0,99.0,2.0,5.559506,0.4,2.15,18.96111109,28.5,28.466666666666665,28.05,28.0,28.5,-13.987851873333334,-0.0814814500000018,0.0513333333333339,5.029333333333333,5.02,19.08950618555556,4.973111111111112,4.661087,4.6835365,4.6505523,4.6337957,4.6316366,0,1.0,0,0.75,-0.91,22.6,77.4
2023-03-13 16:45:00,155.90737470555,123.658386816666,123.683385833332,18.96111109,5.02,28.5,2,5.1764362714980825,70.66250196097344,16,0,3,-0.8660254037844385,-0.5000000000000004,0.0,1.0,1.0,6.123233995736766e-17,85.75,94.375,116.66666666666669,2.425,8.125,100.0,99.0,1.8,5.475421,0.4,1.925,19.23518518666667,28.5,28.5,28.466666666666665,28.05,28.5,-13.94111109,-0.1074074500000001,-0.060666666666667,5.080666666666667,4.887333333333333,19.05987654,5.043333333333334,4.6316366,4.661087,4.6835365,4.6505523,4.7071066,0,0.0,1,1.0,-0.94,23.6,76.4
2023-03-13 17:00:00,36.267715883334,0.0,0.0,19.23518518666667,4.887333333333333,28.5,0,5.1764362714980825,70.66250196097344,17,0,3,-0.9659258262890684,-0.2588190451025206,0.0,1.0,1.0,6.123233995736766e-17,80.0,88.625,109.33333333333331,2.8,8.3,100.0,99.0,1.6,5.3924527,0.4,1.7,19.0333333,28.5,28.5,28.5,28.466666666666665,28.85,-14.347851853333337,0.2740740966666699,-0.1326666666666662,5.02,4.008666666666667,19.08827160555556,4.996000000000001,4.7071066,4.6316366,4.661087,4.6835365,4.7085447,1,1.0,1,0.75,-0.87,21.1,78.9
2023-03-13 17:15:00,144.393668555552,89.962790211112,89.983067166668,19.0333333,4.008666666666667,28.85,2,5.1764362714980825,70.66250196097344,17,0,3,-0.9659258262890684,-0.2588190451025206,0.0,1.0,1.0,6.123233995736766e-17,70.0,81.8125,102.33333333333331,2.8,8.375,100.0,99.25,1.35,5.30591,0.4,1.4249999999999998,19.057407416666667,28.5,28.5,28.5,28.5,29.0,-15.024666633333332,-0.2018518866666703,-0.8786666666666667,4.887333333333333,3.303333333333333,19.07654319222222,4.638666666666668,4.7085447,4.7071066,4.6316366,4.661087,4.739753,0,1.0,1,0.75,-0.92,22.8,77.2
2023-03-13 17:30:00,191.452341733328,34.885271233332,34.901103933332,19.057407416666667,3.303333333333333,29.0,1,5.1764362714980825,70.66250196097344,17,0,3,-0.9659258262890684,-0.2588190451025206,0.0,1.0,1.0,6.123233995736766e-17,60.0,73.9375,95.66666666666669,2.8,8.45,100.0,99.5,1.1,5.2204967,0.4,1.15,18.99999998,28.85,28.5,28.5,28.5,29.05,-15.754074083333334,0.024074116666668,-0.7053333333333334,4.008666666666667,3.0013333333333336,19.10864196777778,4.066444444444445,4.739753,4.7085447,4.7071066,4.6316366,4.7318697,0,1.0,1,0.75,-0.91,22.6,77.4
2023-03-13 17:45:00,215.793312388888,58.974029827778,58.992362444444,18.99999998,3.0013333333333336,29.05,1,5.1764362714980825,70.66250196097344,17,0,3,-0.9659258262890684,-0.2588190451025206,0.0,1.0,1.0,6.123233995736766e-17,50.0,65.0,89.33333333333333,2.8,8.525,100.0,99.75,0.8500000000000001,5.136203,0.4,0.8749999999999999,18.96296295333333,29.0,28.85,28.5,28.5,29.28333333333333,-15.998666646666663,-0.0574074366666685,-0.3019999999999996,3.303333333333333,2.810666666666666,19.03024689888889,3.4377777777777787,4.7318697,4.739753,4.7085447,4.7071066,4.75946,0,1.0,0,0.75,-0.93,23.1,76.9
2023-03-13 18:00:00,153.063599594438,110.3655852,110.388362088888,18.96296295333333,2.810666666666666,29.28333333333333,2,5.1764362714980825,70.66250196097344,18,0,3,-1.0,-1.8369701987210294e-16,0.0,1.0,1.0,6.123233995736766e-17,40.0,55.0,83.33333333333333,2.8,8.6,100.0,100.0,0.6,5.0530176,0.4,0.6,19.21666669,29.05,29.0,28.85,28.5,29.0,-16.152296286666665,-0.0370370266666668,-0.1906666666666669,3.0013333333333336,2.816666666666667,19.006790116666668,3.038444444444446,4.75946,4.7318697,4.739753,4.7085447,4.784465,0,0.0,1,1.0,-0.93,23.4,76.6
2023-03-13 18:15:00,36.169108911104,0.0,0.0,19.21666669,2.816666666666667,29.0,0,5.1764362714980825,70.66250196097344,18,0,3,-1.0,-1.8369701987210294e-16,0.0,1.0,1.0,6.123233995736766e-17,32.25,45.5625,76.875,2.925,8.15,100.0,100.0,0.375,4.975598,0.4,0.375,18.97777778333333,29.28333333333333,29.05,29.0,28.85,29.183333333333334,-16.400000023333334,0.2537037366666688,0.0060000000000002,2.810666666666666,2.724,19.05987654111111,2.876222222222224,4.784465,4.75946,4.7318697,4.739753,4.747356,1,1.0,1,0.75,-0.88,21.2,78.8
2023-03-13 18:30:00,158.511159316666,110.192258833332,110.215591233332,18.97777778333333,2.724,29.183333333333334,2,5.1764362714980825,70.66250196097344,18,0,3,-1.0,-1.8369701987210294e-16,0.0,1.0,1.0,6.123233995736766e-17,24.5,36.6875,69.95833333333333,3.05,7.699999999999999,100.0,100.0,0.1499999999999999,4.899221,0.4,0.1499999999999999,19.08333336,29.0,29.28333333333333,29.05,29.0,29.15,-16.253777783333334,-0.2388889066666664,-0.0926666666666671,2.816666666666667,2.6666666666666665,19.052469142222225,2.783777777777779,4.747356,4.784465,4.75946,4.7318697,4.7715607,0,1.0,1,0.75,-0.93,23.3,76.7
2023-03-13 18:45:00,151.68782107778,105.3066209,105.329397755556,19.08333336,2.6666666666666665,29.15,2,5.1764362714980825,70.66250196097344,18,0,3,-1.0,-1.8369701987210294e-16,0.0,1.0,1.0,6.123233995736766e-17,16.75,28.375,62.583333333333336,3.175,7.25,100.0,100.0,-0.0749999999999999,4.8238745,0.4,-0.0749999999999999,19.1666667,29.183333333333334,29.0,29.28333333333333,29.05,29.0,-16.41666669333333,0.1055555766666636,-0.0573333333333332,2.724,2.576,19.09259261111111,2.735777777777779,4.7715607,4.747356,4.784465,4.75946,4.7703886,0,1.0,0,0.75,-0.91,22.3,77.7
2023-03-13 19:00:00,64.345759516662,31.379578116666,31.394855288888,19.1666667,2.576,29.0,1,5.1764362714980825,70.66250196097344,19,0,3,-0.9659258262890684,0.2588190451025203,0.0,1.0,1.0,6.123233995736766e-17,9.0,20.625,54.75,3.3,6.8,100.0,100.0,-0.3,4.7495456,0.4,-0.3,18.97222224,29.15,29.183333333333334,29.0,29.28333333333333,29.05,-16.5906667,0.0833333400000029,-0.0906666666666664,2.6666666666666665,2.3393333333333337,19.07592594777778,2.655555555555557,4.7703886,4.7715607,4.747356,4.784465,4.7241163,0,1.0,1,0.75,-0.89,21.6,78.4
2023-03-13 19:15:00,102.607562000008,70.47523641111201,70.49412453889,18.97222224,2.3393333333333337,29.05,1,5.1764362714980825,70.66250196097344,19,0,3,-0.9659258262890684,0.2588190451025203,0.0,1.0,1.0,6.123233995736766e-17,6.75,14.25,47.208333333333336,4.725,8.8,100.0,100.0,-0.1999999999999999,4.790714,0.5,-0.175,19.01111111,29.0,29.15,29.183333333333334,29.0,29.28333333333333,-16.63288890666667,-0.1944444599999997,-0.2366666666666663,2.576,1.692,19.0740741,2.5273333333333343,4.7241163,4.7703886,4.7715607,4.747356,4.7730055,0,0.0,0,1.0,-0.93,23.3,76.7
2023-03-13 19:30:00,147.751312061106,101.472885355556,101.494273416666,19.01111111,1.692,29.28333333333333,2,5.1764362714980825,70.66250196097344,19,0,3,-0.9659258262890684,0.2588190451025203,0.0,1.0,1.0,6.123233995736766e-17,4.5,9.25,39.958333333333336,6.15,10.8,100.0,100.0,-0.0999999999999999,4.832195,0.6000000000000001,-0.0499999999999999,19.194444420000004,29.05,29.0,29.15,29.183333333333334,28.7,-17.31911111,0.0388888700000009,-0.6473333333333338,2.3393333333333337,1.3026666666666666,19.05000001666667,2.202444444444446,4.7730055,4.7241163,4.7703886,4.7715607,4.728774,0,0.0,1,1.0,-0.92,22.9,77.1
2023-03-13 19:45:00,74.174255194442,24.0473714,24.0607042,19.194444420000004,1.3026666666666666,28.7,1,5.1764362714980825,70.66250196097344,19,0,3,-0.9659258262890684,0.2588190451025203,0.0,1.0,1.0,6.123233995736766e-17,2.25,5.625,33.0,7.575,12.8,100.0,100.0,5.551115123125783e-17,4.873991,0.7000000000000001,0.075,19.00370369333333,29.28333333333333,29.05,29.0,29.15,28.966666666666665,-17.891777753333336,0.1833333100000018,-0.3893333333333333,1.692,1.2066666666666666,19.05925925666667,1.7780000000000014,4.728774,4.7730055,4.7241163,4.7703886,4.7193274,0,0.0,1,1.0,-0.88,21.5,78.5
2023-03-13 20:00:00,171.97478748333,139.8752381,139.902181505554,19.00370369333333,1.2066666666666666,28.966666666666665,2,5.1764362714980825,70.66250196097344,20,0,3,-0.8660254037844386,0.5000000000000001,0.0,1.0,1.0,6.123233995736766e-17,0.0,3.375,26.33333333333333,9.0,14.8,100.0,100.0,0.1,4.916104,0.8,0.2,19.23333333,28.7,29.28333333333333,29.05,29.0,28.65,-17.797037026666665,-0.1907407266666716,-0.096,1.3026666666666666,1.0206666666666666,19.06975307444445,1.4004444444444455,4.7193274,4.728774,4.7730055,4.7241163,4.7313657,0,0.0,1,1.0,-0.93,23.1,76.9
2023-03-13 20:15:00,61.308103194442005,22.436880255556,22.449379755556,19.23333333,1.0206666666666666,28.65,1,5.1764362714980825,70.66250196097344,20,0,3,-0.8660254037844386,0.5000000000000001,0.0,1.0,1.0,6.123233995736766e-17,0.0,1.6875,20.5,9.55,17.125,100.0,99.5,0.0249999999999999,4.874725,0.775,0.15,19.096296296666665,28.966666666666665,28.7,29.28333333333333,29.05,28.5,-18.21266666333333,0.2296296366666652,-0.1859999999999999,1.2066666666666666,0.8646666666666666,19.14382714777778,1.1766666666666676,4.7313657,4.7193274,4.728774,4.7730055,4.6687303,0,0.0,1,1.0,-0.87,21.1,78.9
2023-03-13 20:30:00,122.50426621667,86.44793082777801,86.46681892222401,19.096296296666665,0.8646666666666666,28.5,2,5.1764362714980825,70.66250196097344,20,0,3,-0.8660254037844386,0.5000000000000001,0.0,1.0,1.0,6.123233995736766e-17,0.0,0.5625,15.5,10.1,19.450000000000003,100.0,99.0,-0.05,4.833564,0.75,0.1,19.0722222,28.65,28.966666666666665,28.7,29.28333333333333,28.5,-18.23162963,-0.1370370333333319,-0.156,1.0206666666666666,0.824,19.111111106666662,1.030666666666668,4.6687303,4.7313657,4.7193274,4.728774,4.6621056,0,0.0,1,1.0,-0.91,22.4,77.6
2023-03-13 20:45:00,129.105946788884,86.74486341666599,86.765418194442,19.0722222,0.824,28.5,2,5.1764362714980825,70.66250196097344,20,0,3,-0.8660254037844386,0.5000000000000001,0.0,1.0,1.0,6.123233995736766e-17,0.0,0.0,11.333333333333334,10.65,21.775,100.0,98.5,-0.125,4.7926235,0.725,0.0499999999999999,19.13333332,28.5,28.65,28.966666666666665,28.7,28.5,-18.2482222,-0.0240740966666663,-0.0406666666666666,0.8646666666666666,0.786,19.133950608888888,0.9031111111111124,4.6621056,4.6687303,4.7313657,4.7193274,4.678938,0,0.0,0,1.0,-0.91,22.6,77.4
2023-03-13 21:00:00,90.248056533336,41.964988016666,41.978876327778,19.13333332,0.786,28.5,1,5.1764362714980825,70.66250196097344,21,0,3,-0.7071067811865477,0.7071067811865474,0.0,1.0,1.0,6.123233995736766e-17,0.0,0.0,8.0,11.2,24.1,100.0,98.0,-0.2,4.7518983,0.7,0.0,18.95000001,28.5,28.5,28.65,28.966666666666665,28.5,-18.34733332,0.0611111200000031,-0.0379999999999999,0.824,0.714,19.100617272222223,0.8248888888888901,4.678938,4.6621056,4.6687303,4.7313657,4.6285996,0,0.0,1,1.0,-0.9,22.0,78.0
2023-03-13 21:15:00,192.718957716662,154.900470416666,154.928247088888,18.95000001,0.714,28.5,2,5.1764362714980825,70.66250196097344,21,0,3,-0.7071067811865477,0.7071067811865474,0.0,1.0,1.0,6.123233995736766e-17,0.0,0.0,5.3125,10.775,23.825000000000003,100.0,97.75,-0.3,4.723471,0.6,-0.05,19.14814818,28.5,28.5,28.5,28.65,28.5,-18.23600001,-0.1833333100000018,-0.072,0.786,0.642,19.05185184333333,0.7746666666666678,4.6285996,4.678938,4.6621056,4.6687303,4.6830254,0,0.0,1,1.0,-0.94,23.7,76.3
2023-03-13 21:30:00,129.07455904444402,96.8469593,96.868902888888,19.14814818,0.642,28.5,2,5.1764362714980825,70.66250196097344,21,0,3,-0.7071067811865477,0.7071067811865474,0.0,1.0,1.0,6.123233995736766e-17,0.0,0.0,3.270833333333333,10.35,23.55,100.0,97.5,-0.4,4.6951756,0.5,-0.1,19.03333332,28.5,28.5,28.5,28.5,28.5,-18.50614818,0.1981481699999996,-0.0719999999999999,0.714,0.6266666666666667,19.07716050333333,0.7140000000000012,4.6830254,4.6285996,4.678938,4.6621056,4.651422,0,0.0,0,1.0,-0.89,21.9,78.1
2023-03-13 21:45:00,178.767015650002,143.1009424,143.12733026111,19.03333332,0.6266666666666667,28.5,2,5.1764362714980825,70.66250196097344,21,0,3,-0.7071067811865477,0.7071067811865474,0.0,1.0,1.0,6.123233995736766e-17,0.0,0.0,1.875,9.925,23.275,100.0,97.25,-0.5,4.6670127,0.3999999999999999,-0.15,19.17222223,28.5,28.5,28.5,28.5,28.316666666666663,-18.406666653333332,-0.1148148599999991,-0.0153333333333333,0.642,0.6306666666666667,19.04382717,0.6608888888888901,4.651422,4.6830254,4.6285996,4.678938,4.659508,0,0.0,0,1.0,-0.92,22.9,77.1
2023-03-13 22:00:00,68.385597766668,13.75972733889,13.771115783334,19.17222223,0.6306666666666667,28.316666666666663,1,5.1764362714980825,70.66250196097344,22,0,3,-0.5000000000000004,0.8660254037844384,0.0,1.0,1.0,6.123233995736766e-17,0.0,0.0,1.125,9.5,23.0,100.0,97.0,-0.6,4.638982,0.3,-0.2,19.0,28.5,28.5,28.5,28.5,28.35,-18.541555563333333,0.1388889099999986,0.004,0.6266666666666667,0.5586666666666668,19.117901243333336,0.6331111111111123,4.659508,4.651422,4.6830254,4.6285996,4.617849,0,0.0,1,1.0,-0.89,21.7,78.3
2023-03-13 22:15:00,145.972772005554,107.734579344444,107.755967372222,19.0,0.5586666666666668,28.35,2,5.1764362714980825,70.66250196097344,22,0,3,-0.5000000000000004,0.8660254037844384,0.0,1.0,1.0,6.123233995736766e-17,0.0,0.0,0.5625,9.375,22.3,100.0,97.0,-0.65,4.6229963,0.3,-0.25,19.11481480333333,28.316666666666663,28.5,28.5,28.5,28.316666666666663,-18.441333333333333,-0.1722222299999991,-0.0719999999999999,0.6306666666666667,0.5833333333333334,19.068518516666668,0.6053333333333346,4.617849,4.659508,4.651422,4.6830254,4.643767,0,0.0,1,1.0,-0.93,23.2,76.8
2023-03-13 22:30:00,128.88151121666598,95.135916644444,95.157304688888,19.11481480333333,0.5833333333333334,28.316666666666663,2,5.1764362714980825,70.66250196097344,22,0,3,-0.5000000000000004,0.8660254037844384,0.0,1.0,1.0,6.123233995736766e-17,0.0,0.0,0.1875,9.25,21.6,100.0,97.0,-0.7,4.607059,0.3,-0.3,19.22777775,28.35,28.316666666666663,28.5,28.5,28.0,-18.53148147,0.1148148033333313,0.0246666666666666,0.5586666666666668,0.59,19.095679011111116,0.5908888888888901,4.643767,4.617849,4.659508,4.651422,4.6225076,0,0.0,0,1.0,-0.9,22.2,77.8
2023-03-13 22:45:00,91.324402511108,49.3721917,49.388024383334,19.22777775,0.59,28.0,1,5.1764362714980825,70.66250196097344,22,0,3,-0.5000000000000004,0.8660254037844384,0.0,1.0,1.0,6.123233995736766e-17,0.0,0.0,0.0,9.125,20.9,100.0,97.0,-0.75,4.591171,0.3,-0.35,19.02407404333333,28.316666666666663,28.35,28.316666666666663,28.5,28.0,-18.63777775,0.1129629466666664,0.0066666666666665,0.5833333333333334,0.4806666666666667,19.11419751777778,0.5773333333333346,4.6225076,4.643767,4.617849,4.659508,4.5673223,0,0.0,1,1.0,-0.88,21.3,78.7
2023-03-13 23:00:00,200.820022477776,164.957568083334,164.98645586111,19.02407404333333,0.4806666666666667,28.0,2,5.1764362714980825,70.66250196097344,23,0,3,-0.2588190451025215,0.965925826289068,0.0,1.0,1.0,6.123233995736766e-17,0.0,0.0,0.0,9.0,20.2,100.0,97.0,-0.8,4.57533,0.3,-0.4,19.24444442,28.0,28.316666666666663,28.35,28.316666666666663,28.0,-18.543407376666664,-0.2037037066666656,-0.1093333333333332,0.59,0.3166666666666666,19.12222219888889,0.5513333333333345,4.5673223,4.6225076,4.643767,4.617849,4.6270494,0,0.0,1,1.0,-0.93,23.1,76.9
2023-03-13 23:15:00,77.13580336110999,28.733295055556,28.746627822224,19.24444442,0.3166666666666666,28.0,1,5.1764362714980825,70.66250196097344,23,0,3,-0.2588190451025215,0.965925826289068,0.0,1.0,1.0,6.123233995736766e-17,0.0,0.0,0.0,8.95,19.65,100.0,96.75,-0.875,4.5477853,0.3,-0.45,19.04444444,28.0,28.0,28.316666666666663,28.35,28.0,-18.92777775333333,0.2203703766666684,-0.164,0.4806666666666667,0.1773333333333333,19.16543207111111,0.4624444444444456,4.6270494,4.5673223,4.6225076,4.643767,4.5728154,0,0.0,1,1.0,-0.88,21.2,78.8
2023-03-13 23:30:00,156.334024172222,111.89774616111,111.92024526111,19.04444444,0.1773333333333333,28.0,2,5.1764362714980825,70.66250196097344,23,0,3,-0.2588190451025215,0.965925826289068,0.0,1.0,1.0,6.123233995736766e-17,0.0,0.0,0.0,8.9,19.1,100.0,96.5,-0.95,4.5203695,0.3,-0.5,18.96666667,28.0,28.0,28.0,28.316666666666663,28.0,-18.867111106666663,-0.1999999800000012,-0.1393333333333333,0.3166666666666666,0.2453333333333333,19.104320967777777,0.32488888888889,4.5728154,4.6270494,4.5673223,4.6225076,4.551873,0,0.0,1,1.0,-0.92,22.9,77.1
2023-03-13 23:45:00,153.825235694442,121.629856844444,121.65402256111,18.96666667,0.2453333333333333,28.0,2,5.1764362714980825,70.66250196097344,23,0,3,-0.2588190451025215,0.965925826289068,0.0,1.0,1.0,6.123233995736766e-17,0.0,0.0,0.0,8.850000000000001,18.55,100.0,96.25,-1.025,4.4930835,0.3,-0.55,18.89814814,28.0,28.0,28.0,28.0,28.0,-18.721333336666664,-0.0777777700000008,0.068,0.1773333333333333,0.112,19.085185176666663,0.2464444444444456,4.551873,4.5728154,4.6270494,4.5673223,4.5334926,0,0.0,0,1.0,-0.94,23.6,76.4
2023-03-14 00:00:00,137.85420777778,105.641051955556,105.664384372222,18.89814814,0.112,28.0,2,5.1764362714980825,70.66250196097344,0,1,3,0.0,1.0,0.7818314824680298,0.6234898018587336,1.0,6.123233995736766e-17,0.0,0.0,0.0,8.8,18.0,100.0,96.0,-1.1,4.4659243,0.3,-0.6,18.87222222,28.0,28.0,28.0,28.0,27.95,-18.78614814,-0.0685185299999986,-0.1333333333333333,0.2453333333333333,0.032,18.96975308333333,0.1782222222222234,4.5334926,4.551873,4.5728154,4.6270494,4.5184717,0,0.0,0,1.0,-0.95,24.2,75.8
2023-03-14 00:15:00,172.42226953333198,120.429071544444,120.452681749998,18.87222222,0.032,27.95,2,5.1764362714980825,70.66250196097344,0,1,3,0.0,1.0,0.7818314824680298,0.6234898018587336,1.0,6.123233995736766e-17,0.0,0.0,0.0,8.8,18.275,100.0,96.25,-1.15,4.462073,0.3,-0.65,19.118518506666664,28.0,28.0,28.0,28.0,27.53333333333333,-18.84022222,-0.0259259199999988,-0.08,0.112,0.04,18.912345676666664,0.1297777777777789,4.5184717,4.5334926,4.551873,4.5728154,4.516289,0,0.0,0,1.0,-0.96,24.5,75.5
2023-03-14 00:30:00,73.236792761106,29.468821183334,29.482431722224,19.118518506666664,0.04,27.53333333333333,1,5.1764362714980825,70.66250196097344,0,1,3,0.0,1.0,0.7818314824680298,0.6234898018587336,1.0,6.123233995736766e-17,0.0,0.0,0.0,8.8,18.55,100.0,96.5,-1.2000000000000002,4.458188,0.3,-0.7,18.9222222,27.95,28.0,28.0,28.0,27.8,-19.078518506666665,0.2462962866666629,0.008,0.032,0.016,18.96296295555556,0.0613333333333345,4.516289,4.5184717,4.5334926,4.551873,4.507515,0,0.0,1,1.0,-0.91,22.4,77.6
2023-03-14 00:45:00,186.638367549998,154.453821583334,154.482153833332,18.9222222,0.016,27.8,2,5.1764362714980825,70.66250196097344,0,1,3,0.0,1.0,0.7818314824680298,0.6234898018587336,1.0,6.123233995736766e-17,0.0,0.0,0.0,8.8,18.825000000000003,100.0,96.75,-1.25,4.4542704,0.3,-0.75,19.23703701,27.53333333333333,27.95,28.0,28.0,27.35,-18.9062222,-0.1962963066666638,-0.024,0.04,-0.0693333333333333,18.970987642222223,0.0293333333333345,4.507515,4.516289,4.5184717,4.5334926,4.5176644,0,0.0,1,1.0,-0.95,24.1,75.9
2023-03-14 01:00:00,80.500668961102,38.278468816666,38.292912688888,19.23703701,-0.0693333333333333,27.35,1,5.1764362714980825,70.66250196097344,1,1,3,0.2588190451025207,0.9659258262890684,0.7818314824680298,0.6234898018587336,1.0,6.123233995736766e-17,0.0,0.0,0.0,8.8,19.1,100.0,97.0,-1.3,4.45032,0.3,-0.8,19.08888888,27.8,27.53333333333333,27.95,28.0,27.35,-19.30637034333333,0.3148148099999979,-0.0853333333333333,0.016,-0.0546666666666666,19.09259257222222,-0.0044444444444432,4.5176644,4.507515,4.516289,4.5184717,4.4783854,0,0.0,1,1.0,-0.88,21.4,78.6
2023-03-14 01:15:00,116.414787488896,83.673041844444,83.693318849998,19.08888888,-0.0546666666666666,27.35,2,5.1764362714980825,70.66250196097344,1,1,3,0.2588190451025207,0.9659258262890684,0.7818314824680298,0.6234898018587336,1.0,6.123233995736766e-17,0.0,0.0,0.0,8.675,18.825000000000003,100.0,96.75,-1.35,4.423476,0.3,-0.8500000000000001,18.93703704333333,27.35,27.8,27.53333333333333,27.95,27.5,-19.143555546666665,-0.1481481299999991,0.0146666666666666,-0.0693333333333333,-0.1,19.08271603,-0.0359999999999988,4.4783854,4.5176644,4.507515,4.516289,4.4627748,0,0.0,1,1.0,-0.91,22.7,77.3
2023-03-14 01:30:00,199.019538949998,151.5572708,151.585325294442,18.93703704333333,-0.1,27.5,2,5.1764362714980825,70.66250196097344,1,1,3,0.2588190451025207,0.9659258262890684,0.7818314824680298,0.6234898018587336,1.0,6.123233995736766e-17,0.0,0.0,0.0,8.55,18.55,100.0,96.5,-1.4,4.3967586,0.3,-0.9,19.04999999,27.35,27.35,27.8,27.53333333333333,27.5,-19.03703704333333,-0.151851836666669,-0.0453333333333333,-0.0546666666666666,-0.17,19.08765431111111,-0.0746666666666654,4.4627748,4.4783854,4.5176644,4.507515,4.49263,0,0.0,0,1.0,-0.95,24.0,76.0
2023-03-14 01:45:00,145.709726977776,98.641054233332,98.66299782222,19.04999999,-0.17,27.5,2,5.1764362714980825,70.66250196097344,1,1,3,0.2588190451025207,0.9659258262890684,0.7818314824680298,0.6234898018587336,1.0,6.123233995736766e-17,0.0,0.0,0.0,8.425,18.275,100.0,96.25,-1.45,4.3701677,0.3,-0.95,18.831481470000003,27.5,27.35,27.35,27.8,27.5,-19.21999999,0.1129629466666699,-0.07,-0.1,-0.19,19.02530863777778,-0.108222222222221,4.49263,4.4627748,4.4783854,4.5176644,4.435035,0,0.0,0,1.0,-0.92,23.0,77.0
2023-03-14 02:00:00,164.436199938894,129.791752555556,129.81675155555598,18.831481470000003,-0.19,27.5,2,5.1764362714980825,70.66250196097344,2,1,3,0.4999999999999999,0.8660254037844387,0.7818314824680298,0.6234898018587336,1.0,6.123233995736766e-17,0.0,0.0,0.0,8.3,18.0,100.0,96.0,-1.5,4.343701,0.3,-1.0,19.04444447,27.5,27.5,27.35,27.35,27.45,-19.021481470000005,-0.2185185199999963,-0.0199999999999999,-0.17,-0.2033333333333333,18.93950616777778,-0.1533333333333321,4.435035,4.49263,4.4627748,4.4783854,4.4829926,0,0.0,0,1.0,-0.97,25.0,75.0
2023-03-14 02:15:00,91.039136005558,58.803203344444,58.820702627778005,19.04444447,-0.2033333333333333,27.45,1,5.1764362714980825,70.66250196097344,2,1,3,0.4999999999999999,0.8660254037844387,0.7818314824680298,0.6234898018587336,1.0,6.123233995736766e-17,0.0,0.0,0.0,8.700000000000001,18.725,100.0,96.25,-1.5,4.3474517,0.325,-1.025,19.01296294666667,27.5,27.5,27.5,27.35,27.216666666666665,-19.24777780333333,0.2129629999999949,-0.0133333333333333,-0.19,-0.1686666666666667,18.97530864333333,-0.1877777777777766,4.4829926,4.435035,4.49263,4.4627748,4.436635,0,0.0,1,1.0,-0.92,23.0,77.0
2023-03-14 02:30:00,130.92420732221998,87.667048727778,87.686214627778,19.01296294666667,-0.1686666666666667,27.216666666666665,2,5.1764362714980825,70.66250196097344,2,1,3,0.4999999999999999,0.8660254037844387,0.7818314824680298,0.6234898018587336,1.0,6.123233995736766e-17,0.0,0.0,0.0,9.1,19.45,100.0,96.5,-1.5,4.3511753,0.35,-1.05,19.011111130000003,27.45,27.5,27.5,27.5,27.45,-19.18162961333333,-0.0314815233333298,0.0346666666666666,-0.2033333333333333,-0.2293333333333333,18.962962962222225,-0.1873333333333321,4.436635,4.4829926,4.435035,4.49263,4.474184,0,0.0,1,1.0,-0.93,23.4,76.6
2023-03-14 02:45:00,176.03962486666398,123.926987172222,123.950875133332,19.011111130000003,-0.2293333333333333,27.45,2,5.1764362714980825,70.66250196097344,2,1,3,0.4999999999999999,0.8660254037844387,0.7818314824680298,0.6234898018587336,1.0,6.123233995736766e-17,0.0,0.0,0.0,9.5,20.175,100.0,96.75,-1.5,4.3548717,0.375,-1.0750000000000002,19.161111126666665,27.216666666666665,27.45,27.5,27.5,27.03333333333333,-19.240444463333336,-0.0018518166666652,-0.0606666666666666,-0.1686666666666667,-0.2213333333333333,19.02283951555556,-0.2004444444444433,4.474184,4.436635,4.4829926,4.435035,4.4454236,0,0.0,0,1.0,-0.93,23.3,76.7
2023-03-14 03:00:00,65.84069951667,32.6620268,32.675915111112,19.161111126666665,-0.2213333333333333,27.03333333333333,1,5.1764362714980825,70.66250196097344,3,1,3,0.7071067811865476,0.7071067811865476,0.7818314824680298,0.6234898018587336,1.0,6.123233995736766e-17,0.0,0.0,0.0,9.9,20.9,100.0,97.0,-1.5,4.3585405,0.4,-1.1,18.89999998,27.45,27.216666666666665,27.45,27.5,27.35,-19.38244446,0.1499999966666614,0.008,-0.2293333333333333,-0.232,19.061728401111115,-0.2064444444444433,4.4454236,4.474184,4.436635,4.4829926,4.4287357,0,0.0,1,1.0,-0.9,22.1,77.9
2023-03-14 03:15:00,179.581427555556,142.085705227778,142.111259772222,18.89999998,-0.232,27.35,2,5.1764362714980825,70.66250196097344,3,1,3,0.7071067811865476,0.7071067811865476,0.7818314824680298,0.6234898018587336,1.0,6.123233995736766e-17,0.0,0.0,0.0,10.15,21.35,100.0,97.0,-1.45,4.366125,0.425,-1.0750000000000002,19.02962962333333,27.03333333333333,27.45,27.216666666666665,27.45,27.316666666666663,-19.13199998,-0.2611111466666642,-0.0106666666666666,-0.2213333333333333,-0.1746666666666666,19.02407407888889,-0.2275555555555544,4.4287357,4.4454236,4.474184,4.436635,4.457319,0,0.0,1,1.0,-0.96,24.4,75.6
2023-03-14 03:30:00,167.708013677776,129.956745988888,129.980911705554,19.02962962333333,-0.1746666666666666,27.316666666666663,2,5.1764362714980825,70.66250196097344,3,1,3,0.7071067811865476,0.7071067811865476,0.7818314824680298,0.6234898018587336,1.0,6.123233995736766e-17,0.0,0.0,0.0,10.4,21.8,100.0,97.0,-1.4,4.3737206,0.45,-1.05,18.91111109,27.35,27.03333333333333,27.45,27.216666666666665,27.35,-19.20429629,0.1296296433333346,0.0573333333333333,-0.232,-0.21,19.03024691,-0.2093333333333321,4.457319,4.4287357,4.4454236,4.474184,4.431643,0,0.0,0,1.0,-0.93,23.2,76.8
2023-03-14 03:45:00,518.132607299996,97.142225288888,97.163613349998,18.91111109,-0.21,27.35,2,5.1764362714980825,70.66250196097344,3,1,3,0.7071067811865476,0.7071067811865476,0.7818314824680298,0.6234898018587336,1.0,6.123233995736766e-17,0.0,0.0,0.0,10.65,22.25,100.0,97.0,-1.35,4.381328,0.475,-1.025,18.90370371,27.316666666666663,27.35,27.03333333333333,27.45,27.5,-19.121111090000003,-0.1185185333333329,-0.0353333333333333,-0.1746666666666666,-0.218,18.946913564444447,-0.2055555555555543,4.431643,4.457319,4.4287357,4.4454236,4.453999,0,0.0,0,1.0,-0.95,24.3,75.7
2023-03-14 04:00:00,472.35804933889,135.917896366668,135.94400643889,18.90370371,-0.218,27.5,2,5.1764362714980825,70.66250196097344,4,1,3,0.8660254037844386,0.5000000000000001,0.7818314824680298,0.6234898018587336,1.0,6.123233995736766e-17,0.0,0.0,0.0,10.9,22.7,100.0,97.0,-1.3,4.3889475,0.5,-1.0,19.15555554,27.35,27.316666666666663,27.35,27.03333333333333,27.2,-19.12170371,-0.0074073800000036,-0.008,-0.21,-0.22,18.948148141111115,-0.2008888888888877,4.453999,4.431643,4.457319,4.4287357,4.471367,0,0.0,0,1.0,-0.96,24.3,75.7
2023-03-14 04:15:00,65.288221849994,25.977294216666,25.99118256111,19.15555554,-0.22,27.2,1,5.1764362714980825,70.66250196097344,4,1,3,0.8660254037844386,0.5000000000000001,0.7818314824680298,0.6234898018587336,1.0,6.123233995736766e-17,0.0,0.0,0.0,11.725,24.225,100.0,96.75,-1.3,4.3928695,0.525,-0.95,18.91111112,27.5,27.35,27.316666666666663,27.35,27.466666666666665,-19.37555554,0.2518518300000032,-0.002,-0.218,-0.1866666666666666,18.99012344666667,-0.2159999999999988,4.471367,4.453999,4.431643,4.457319,4.450547,0,0.0,1,1.0,-0.9,22.1,77.9
2023-03-14 04:30:00,413.912609549998,131.527238683334,131.553904333332,18.91111112,-0.1866666666666666,27.466666666666665,2,5.1764362714980825,70.66250196097344,4,1,3,0.8660254037844386,0.5000000000000001,0.7818314824680298,0.6234898018587336,1.0,6.123233995736766e-17,0.0,0.0,0.0,12.55,25.75,100.0,96.5,-1.3,4.3967586,0.55,-0.9,19.08333336,27.2,27.5,27.35,27.316666666666663,27.15,-19.09777778666667,-0.2444444200000006,0.0333333333333333,-0.22,-0.194,18.990123456666662,-0.208222222222221,4.450547,4.471367,4.453999,4.431643,4.444181,0,0.0,1,1.0,-0.95,24.2,75.8
2023-03-14 04:45:00,113.442128750002,79.408767955556,79.4276561,19.08333336,-0.194,27.15,2,5.1764362714980825,70.66250196097344,4,1,3,0.8660254037844386,0.5000000000000001,0.7818314824680298,0.6234898018587336,1.0,6.123233995736766e-17,0.0,0.0,0.0,13.375,27.275,100.0,96.25,-1.3,4.4006166,0.575,-0.8500000000000001,19.04444445333333,27.466666666666665,27.2,27.5,27.35,27.183333333333334,-19.27733336,0.1722222399999964,-0.0073333333333333,-0.1866666666666666,-0.3113333333333333,19.050000006666668,-0.200222222222221,4.444181,4.450547,4.471367,4.453999,4.4394417,0,0.0,0,1.0,-0.92,22.7,77.3
2023-03-14 05:00:00,124.769175683334,68.54086933889,68.558646411112,19.04444445333333,-0.3113333333333333,27.183333333333334,1,5.1764362714980825,70.66250196097344,5,1,3,0.9659258262890684,0.2588190451025207,0.7818314824680298,0.6234898018587336,1.0,6.123233995736766e-17,0.0,0.0,0.0,14.2,28.8,100.0,96.0,-1.3,4.4044404,0.6,-0.8,18.84444441,27.15,27.466666666666665,27.2,27.5,27.5,-19.355777786666668,-0.0388889066666635,-0.1173333333333333,-0.194,-0.358,19.01296297777778,-0.2306666666666655,4.4394417,4.444181,4.450547,4.471367,4.438433,0,0.0,1,1.0,-0.93,23.1,76.9
2023-03-14 05:15:00,171.709798033332,133.736316983334,133.762149316666,18.84444441,-0.358,27.5,2,5.1764362714980825,70.66250196097344,5,1,3,0.9659258262890684,0.2588190451025207,0.7818314824680298,0.6234898018587336,1.0,6.123233995736766e-17,0.0,0.0,0.0,14.65,29.975,100.0,95.75,-1.35,4.39297,0.675,-0.8,18.85555552,27.183333333333334,27.15,27.466666666666665,27.2,27.5,-19.20244441,-0.2000000433333362,-0.0466666666666666,-0.3113333333333333,-0.4686666666666667,18.99074074111111,-0.2877777777777766,4.438433,4.4394417,4.444181,4.450547,4.441348,0,0.0,1,1.0,-0.97,24.8,75.2
2023-03-14 05:30:00,134.218241988896,102.020641194446,102.041195872226,18.85555552,-0.4686666666666667,27.5,2,5.1764362714980825,70.66250196097344,5,1,3,0.9659258262890684,0.2588190451025207,0.7818314824680298,0.6234898018587336,1.0,6.123233995736766e-17,0.0,0.0,0.0,15.1,31.15,100.0,95.5,-1.4,4.3815002,0.75,-0.8,18.71666668,27.5,27.183333333333334,27.15,27.466666666666665,27.5,-19.324222186666667,0.0111111100000016,-0.1106666666666666,-0.358,-0.5,18.91481479444444,-0.3793333333333321,4.441348,4.438433,4.4394417,4.444181,4.40503,0,0.0,0,1.0,-0.97,24.7,75.3
2023-03-14 05:45:00,191.21096242222,148.3973972,148.42378506111,18.71666668,-0.5,27.5,2,5.1764362714980825,70.66250196097344,5,1,3,0.9659258262890684,0.2588190451025207,0.7818314824680298,0.6234898018587336,1.0,6.123233995736766e-17,0.0,0.0,0.0,15.55,32.325,100.0,95.25,-1.45,4.3700304,0.825,-0.8,18.998148166666667,27.5,27.5,27.183333333333334,27.15,27.316666666666663,-19.21666668,-0.1388888399999999,-0.0313333333333333,-0.4686666666666667,-0.48,18.805555536666667,-0.442222222222221,4.40503,4.441348,4.438433,4.4394417,4.449046,0,0.0,0,1.0,-1.0,26.1,73.9
2023-03-14 06:00:00,61.718642372218,25.817300616666,25.83035566111,18.998148166666667,-0.48,27.316666666666663,1,5.1764362714980825,70.66250196097344,6,1,3,1.0,6.123233995736766e-17,0.7818314824680298,0.6234898018587336,1.0,6.123233995736766e-17,0.0,0.0,0.0,16.0,33.5,100.0,95.0,-1.5,4.3585606,0.9,-0.8,18.86666669,27.5,27.5,27.5,27.183333333333334,27.35,-19.478148166666667,0.2814814866666673,0.0199999999999999,-0.5,-0.4233333333333333,18.856790122222225,-0.4828888888888877,4.449046,4.40503,4.441348,4.438433,4.420024,0,0.0,1,1.0,-0.94,23.5,76.5
2023-03-14 06:15:00,171.490917955552,123.155073649998,123.177850538886,18.86666669,-0.4233333333333333,27.35,2,5.1764362714980825,70.66250196097344,6,1,3,1.0,6.123233995736766e-17,0.7818314824680298,0.6234898018587336,1.0,6.123233995736766e-17,0.0,0.0,0.0,16.075,33.95,100.0,95.0,-1.5,4.3585606,0.875,-0.8,18.951851846666667,27.316666666666663,27.5,27.5,27.5,27.316666666666663,-19.29000002333333,-0.1314814766666678,0.0566666666666667,-0.48,-0.3926666666666667,18.86049384555556,-0.4677777777777765,4.420024,4.449046,4.40503,4.441348,4.4369044,0,0.0,1,1.0,-0.97,24.7,75.3
2023-03-14 06:30:00,173.393619577776,128.627910227778,128.650687066668,18.951851846666667,-0.3926666666666667,27.316666666666663,2,5.1764362714980825,70.66250196097344,6,1,3,1.0,6.123233995736766e-17,0.7818314824680298,0.6234898018587336,1.0,6.123233995736766e-17,0.0,0.0,0.0,16.15,34.4,100.0,95.0,-1.5,4.3585606,0.8500000000000001,-0.8,19.09444445,27.35,27.316666666666663,27.5,27.5,27.0,-19.34451851333333,0.0851851566666681,0.0306666666666665,-0.4233333333333333,-0.4066666666666667,18.93888890111111,-0.4319999999999988,4.4369044,4.420024,4.449046,4.40503,4.422524,0,0.0,0,1.0,-0.95,23.9,76.1
2023-03-14 06:45:00,76.971643161114,44.817096127778,44.831817705558,19.09444445,-0.4066666666666667,27.0,1,5.1764362714980825,70.66250196097344,6,1,3,1.0,6.123233995736766e-17,0.7818314824680298,0.6234898018587336,1.0,6.123233995736766e-17,0.0,0.0,0.0,16.225,34.849999999999994,100.0,95.0,-1.5,4.3585606,0.8250000000000001,-0.8,18.80000002,27.316666666666663,27.35,27.316666666666663,27.5,27.183333333333334,-19.501111116666667,0.142592603333334,-0.0139999999999999,-0.3926666666666667,-0.4453333333333333,18.970987662222225,-0.4075555555555544,4.422524,4.4369044,4.420024,4.449046,4.3758154,0,0.0,1,1.0,-0.91,22.7,77.3
2023-03-14 07:00:00,177.935382266668,145.769168983334,145.795001283334,18.80000002,-0.4453333333333333,27.183333333333334,2,5.1764362714980825,70.66250196097344,7,1,3,0.9659258262890684,-0.2588190451025206,0.7818314824680298,0.6234898018587336,1.0,6.123233995736766e-17,0.0,0.0,0.0,16.3,35.3,100.0,95.0,-1.5,4.3585606,0.8,-0.8,18.83333335,27.0,27.316666666666663,27.35,27.316666666666663,27.2,-19.245333353333336,-0.2944444299999986,-0.0386666666666666,-0.4066666666666667,-0.3573333333333333,18.94876543888889,-0.4148888888888877,4.3758154,4.422524,4.4369044,4.420024,4.387132,0,0.0,1,1.0,-0.98,25.3,74.7
2023-03-14 07:15:00,145.825833366668,94.838706266668,94.860094327778,18.83333335,-0.3573333333333333,27.2,2,5.1764362714980825,70.66250196097344,7,1,3,0.9659258262890684,-0.2588190451025206,0.7818314824680298,0.6234898018587336,1.0,6.123233995736766e-17,0.75,0.1875,0.0625,16.2,34.925,100.0,95.0,-1.45,4.373703,0.925,-0.75,18.661111126666665,27.183333333333334,27.0,27.316666666666663,27.35,27.466666666666665,-19.19066668333333,0.0333333299999942,0.0879999999999999,-0.4453333333333333,-0.374,18.909259273333337,-0.4031111111111099,4.387132,4.3758154,4.422524,4.4369044,4.385254,0,0.0,0,1.0,-0.97,25.0,75.0
2023-03-14 07:30:00,180.474725405546,133.572990216666,133.598544777776,18.661111126666665,-0.374,27.466666666666665,2,5.1764362714980825,70.66250196097344,7,1,3,0.9659258262890684,-0.2588190451025206,0.7818314824680298,0.6234898018587336,1.0,6.123233995736766e-17,1.5,0.5625,0.1875,16.1,34.55,100.0,95.0,-1.4,4.3888903,1.05,-0.7,18.86944444,27.2,27.183333333333334,27.0,27.316666666666663,27.15,-19.035111126666663,-0.1722222233333319,-0.0166666666666666,-0.3573333333333333,-0.3446666666666667,18.764814832222225,-0.392222222222221,4.385254,4.387132,4.3758154,4.422524,4.388421,0,0.0,0,1.0,-1.01,26.6,73.4
2023-03-14 07:45:00,103.525858899996,69.373058316666,69.39250200555401,18.86944444,-0.3446666666666667,27.15,1,5.1764362714980825,70.66250196097344,7,1,3,0.9659258262890684,-0.2588190451025206,0.7818314824680298,0.6234898018587336,1.0,6.123233995736766e-17,2.25,1.125,0.375,16.0,34.175,100.0,95.0,-1.35,4.4041233,1.175,-0.65,18.81944443,27.466666666666665,27.2,27.183333333333334,27.0,27.0,-19.214111106666664,0.208333313333334,0.0293333333333333,-0.374,-0.268,18.78796297222222,-0.3586666666666655,4.388421,4.385254,4.387132,4.3758154,4.3513007,0,0.0,1,1.0,-0.97,24.7,75.3
2023-03-14 08:00:00,114.273762216666,71.942399955556,71.959899205558,18.81944443,-0.268,27.0,2,5.1764362714980825,70.66250196097344,8,1,3,0.8660254037844387,-0.4999999999999998,0.7818314824680298,0.6234898018587336,1.0,6.123233995736766e-17,3.0,1.875,0.625,15.9,33.8,100.0,95.0,-1.3,4.419404,1.3,-0.6,18.79444445,27.15,27.466666666666665,27.2,27.183333333333334,27.3,-19.08744443,-0.0500000100000015,0.0766666666666666,-0.3446666666666667,-0.252,18.78333333222222,-0.3288888888888877,4.3513007,4.388421,4.385254,4.387132,4.393153,0,0.0,1,1.0,-0.98,25.2,74.8
2023-03-14 08:15:00,207.392537483326,170.960105788888,170.990104638886,18.79444445,-0.252,27.3,2,5.1764362714980825,70.66250196097344,8,1,3,0.8660254037844387,-0.4999999999999998,0.7818314824680298,0.6234898018587336,1.0,6.123233995736766e-17,9.25,4.0,1.3958333333333333,16.0,34.0,100.0,95.0,-1.275,4.427062,1.275,-0.575,19.03796295,27.0,27.15,27.466666666666665,27.2,27.03333333333333,-19.04644445,-0.0249999799999969,0.016,-0.268,-0.1273333333333333,18.82777777333333,-0.288222222222221,4.393153,4.3513007,4.388421,4.385254,4.4132557,0,0.0,0,1.0,-0.98,25.4,74.6
2023-03-14 08:30:00,80.970372172222,35.571632644444,35.586354255556,19.03796295,-0.1273333333333333,27.03333333333333,1,5.1764362714980825,70.66250196097344,8,1,3,0.8660254037844387,-0.4999999999999998,0.7818314824680298,0.6234898018587336,1.0,6.123233995736766e-17,15.5,7.5,2.6875,16.1,34.2,100.0,95.0,-1.25,4.4347315,1.25,-0.55,18.86388886,27.3,27.0,27.15,27.466666666666665,27.05,-19.165296283333333,0.2435185000000004,0.1246666666666666,-0.252,0.072,18.883950610000003,-0.2157777777777766,4.4132557,4.393153,4.3513007,4.388421,4.3708234,0,0.0,1,1.0,-0.93,23.2,76.8
2023-03-14 08:45:00,147.98352483889,101.336224172222,101.357889955556,18.86388886,0.072,27.05,2,5.1764362714980825,70.66250196097344,8,1,3,0.8660254037844387,-0.4999999999999998,0.7818314824680298,0.6234898018587336,1.0,6.123233995736766e-17,21.75,12.375,4.5,16.2,34.4,100.0,95.0,-1.225,4.442413,1.225,-0.525,18.749999993333333,27.03333333333333,27.3,27.0,27.15,27.466666666666665,-18.79188886,-0.1740740900000013,0.1993333333333333,-0.1273333333333333,0.2066666666666666,18.898765420000004,-0.1024444444444432,4.3708234,4.4132557,4.393153,4.3513007,4.408373,0,0.0,1,1.0,-0.97,24.8,75.2
2023-03-14 09:00:00,155.259622650002,118.638032072222,118.662197788888,18.749999993333333,0.2066666666666666,27.466666666666665,2,5.1764362714980825,70.66250196097344,9,1,3,0.7071067811865476,-0.7071067811865475,0.7818314824680298,0.6234898018587336,1.0,6.123233995736766e-17,28.0,18.625,6.833333333333333,16.3,34.6,100.0,95.0,-1.2,4.4501047,1.2,-0.5,18.65555556,27.05,27.03333333333333,27.3,27.0,27.55,-18.543333326666662,-0.1138888666666666,0.1346666666666666,0.072,0.3206666666666667,18.883950601111117,0.0504444444444456,4.408373,4.3708234,4.4132557,4.393153,4.3971124,0,0.0,0,1.0,-0.99,25.7,74.3
2023-03-14 09:15:00,138.84250166111,106.679899316666,106.703787244444,18.65555556,0.3206666666666667,27.55,2,5.1764362714980825,70.66250196097344,9,1,3,0.7071067811865476,-0.7071067811865475,0.7818314824680298,0.6234898018587336,1.0,6.123233995736766e-17,36.25,25.375,9.854166666666666,17.275000000000002,36.475,100.0,94.75,-1.1,4.4769316,1.3,-0.375,18.70185186,27.466666666666665,27.05,27.03333333333333,27.3,27.78333333333333,-18.33488889333333,-0.0944444333333329,0.114,0.2066666666666666,0.2753333333333334,18.756481471111112,0.1997777777777789,4.3971124,4.408373,4.3708234,4.4132557,4.4465175,0,0.0,0,1.0,-1.01,26.6,73.4
2023-03-14 09:30:00,191.30845860555,153.8146805,153.842734994442,18.70185186,0.2753333333333334,27.78333333333333,2,5.1764362714980825,70.66250196097344,9,1,3,0.7071067811865476,-0.7071067811865475,0.7818314824680298,0.6234898018587336,1.0,6.123233995736766e-17,44.5,32.625,13.5625,18.25,38.35,100.0,94.5,-1.0,4.5038466,1.4,-0.25,19.07777778,27.55,27.466666666666665,27.05,27.03333333333333,27.5,-18.426518526666666,0.046296299999998,-0.0453333333333333,0.3206666666666667,0.1486666666666666,18.70246913777778,0.2675555555555568,4.4465175,4.3971124,4.408373,4.3708234,4.4999976,0,0.0,0,1.0,-1.0,26.1,73.9
2023-03-14 09:45:00,78.237703650002,23.604333555556,23.617388566668,19.07777778,0.1486666666666666,27.5,1,5.1764362714980825,70.66250196097344,9,1,3,0.7071067811865476,-0.7071067811865475,0.7818314824680298,0.6234898018587336,1.0,6.123233995736766e-17,52.75,40.375,17.958333333333332,19.225,40.225,100.0,94.25,-0.9,4.5308504,1.5,-0.125,18.877777746666663,27.78333333333333,27.55,27.466666666666665,27.05,27.5,-18.92911111333333,0.3759259200000038,-0.1266666666666667,0.2753333333333334,0.008,18.811728400000003,0.2482222222222234,4.4999976,4.4465175,4.3971124,4.408373,4.4471827,0,0.0,1,1.0,-0.92,22.7,77.3
2023-03-14 10:00:00,144.287561583334,108.336499683334,108.360665416666,18.877777746666663,0.008,27.5,2,5.1764362714980825,70.66250196097344,10,1,3,0.4999999999999999,-0.8660254037844387,0.7818314824680298,0.6234898018587336,1.0,6.123233995736766e-17,61.0,48.625,23.041666666666668,20.2,42.1,100.0,94.0,-0.8,4.557943,1.6,-0.0,18.81666664,27.5,27.78333333333333,27.55,27.466666666666665,27.5,-18.869777746666667,-0.2000000333333353,-0.1406666666666666,0.1486666666666666,-0.032,18.885802462222227,0.1440000000000012,4.4471827,4.4999976,4.4465175,4.3971124,4.431153,0,0.0,1,1.0,-0.96,24.5,75.5
2023-03-14 10:15:00,178.65674241110798,144.138678688888,144.167844238886,18.81666664,-0.032,27.5,2,5.1764362714980825,70.66250196097344,10,1,3,0.4999999999999999,-0.8660254037844387,0.7818314824680298,0.6234898018587336,1.0,6.123233995736766e-17,64.25,55.625,28.33333333333333,20.9,43.825,100.0,93.5,-0.8250000000000001,4.5493426,1.65,0.05,18.88703702666667,27.5,27.5,27.78333333333333,27.55,27.5,-18.84866664,-0.0611111066666651,-0.04,0.008,-0.046,18.924074055555558,0.0415555555555567,4.431153,4.4471827,4.4999976,4.4465175,4.449617,0,0.0,0,1.0,-0.98,25.1,74.9
2023-03-14 10:30:00,147.849641294446,107.3082075,107.331262144444,18.88703702666667,-0.046,27.5,2,5.1764362714980825,70.66250196097344,10,1,3,0.4999999999999999,-0.8660254037844387,0.7818314824680298,0.6234898018587336,1.0,6.123233995736766e-17,67.5,61.375,33.833333333333336,21.6,45.55,100.0,93.0,-0.8500000000000001,4.540621,1.7000000000000002,0.1,18.7888889,27.5,27.5,27.5,27.78333333333333,27.8,-18.933037026666668,0.0703703866666671,-0.0139999999999999,-0.032,-0.128,18.860493804444445,-0.0233333333333321,4.449617,4.431153,4.4471827,4.4999976,4.472144,0,0.0,0,1.0,-0.96,24.5,75.5
2023-03-14 10:45:00,175.57936546111,137.539220427778,137.56671936111,18.7888889,-0.128,27.8,2,5.1764362714980825,70.66250196097344,10,1,3,0.4999999999999999,-0.8660254037844387,0.7818314824680298,0.6234898018587336,1.0,6.123233995736766e-17,70.75,65.875,39.54166666666666,22.3,47.275,100.0,92.5,-0.875,4.5317793,1.75,0.15,18.996296306666668,27.5,27.5,27.5,27.5,27.53333333333333,-18.9168889,-0.0981481266666683,-0.082,-0.046,-0.2006666666666667,18.83086418888889,-0.0686666666666654,4.472144,4.449617,4.431153,4.4471827,4.4838424,0,0.0,0,1.0,-0.98,25.3,74.7
2023-03-14 11:00:00,64.784630811108,17.419858744444,17.433747105553998,18.996296306666668,-0.2006666666666667,27.53333333333333,1,5.1764362714980825,70.66250196097344,11,1,3,0.258819045102521,-0.9659258262890682,0.7818314824680298,0.6234898018587336,1.0,6.123233995736766e-17,74.0,69.125,45.458333333333336,23.0,49.0,100.0,92.0,-0.9,4.5228157,1.8,0.2,18.79999997,27.8,27.5,27.5,27.5,27.5,-19.19696297333333,0.2074074066666682,-0.0726666666666666,-0.128,-0.2673333333333333,18.890740744444447,-0.1248888888888877,4.4838424,4.472144,4.449617,4.431153,4.42679,0,0.0,1,1.0,-0.93,23.4,76.6
2023-03-14 11:15:00,176.223228472226,133.307167516666,133.33272206111002,18.79999997,-0.2673333333333333,27.5,2,5.1764362714980825,70.66250196097344,11,1,3,0.258819045102521,-0.9659258262890682,0.7818314824680298,0.6234898018587336,1.0,6.123233995736766e-17,75.25,71.875,50.958333333333336,23.075,49.625,100.0,91.5,-1.075,4.47508,1.7,0.125,18.94814814,27.53333333333333,27.8,27.5,27.5,27.5,-19.06733330333333,-0.1962963366666699,-0.0666666666666666,-0.2006666666666667,-0.5466666666666667,18.861728392222226,-0.1986666666666655,4.42679,4.4838424,4.472144,4.449617,4.465705,0,0.0,1,1.0,-0.98,25.3,74.7
2023-03-14 11:30:00,190.046842288888,157.839519450002,157.868407194446,18.94814814,-0.5466666666666667,27.5,2,5.1764362714980825,70.66250196097344,11,1,3,0.258819045102521,-0.9659258262890682,0.7818314824680298,0.6234898018587336,1.0,6.123233995736766e-17,76.5,74.125,56.04166666666666,23.15,50.25,100.0,91.0,-1.25,4.427703,1.6,0.0499999999999999,19.06111115,27.5,27.53333333333333,27.8,27.5,27.2,-19.494814806666668,0.1481481700000024,-0.2793333333333334,-0.2673333333333333,-0.7626666666666666,18.914814805555554,-0.3382222222222211,4.465705,4.42679,4.4838424,4.472144,4.4465337,0,0.0,0,1.0,-0.95,23.9,76.1
2023-03-14 11:45:00,130.317842594446,98.162739983334,98.184405750002,19.06111115,-0.7626666666666666,27.2,2,5.1764362714980825,70.66250196097344,11,1,3,0.258819045102521,-0.9659258262890682,0.7818314824680298,0.6234898018587336,1.0,6.123233995736766e-17,77.75,75.875,60.708333333333336,23.225,50.875,100.0,90.5,-1.425,4.3806787,1.5,-0.025,18.857407406666667,27.5,27.5,27.53333333333333,27.8,27.466666666666665,-19.823777816666663,0.1129630099999978,-0.2159999999999998,-0.5466666666666667,-0.7853333333333333,18.936419753333336,-0.5255555555555543,4.4465337,4.465705,4.42679,4.4838424,4.43645,0,0.0,0,1.0,-0.92,22.9,77.1
2023-03-14 12:00:00,203.920176216666,150.040109288888,150.067608238886,18.857407406666667,-0.7853333333333333,27.466666666666665,2,5.1764362714980825,70.66250196097344,12,1,3,1.2246467991473532e-16,-1.0,0.7818314824680298,0.6234898018587336,1.0,6.123233995736766e-17,79.0,77.125,64.95833333333333,23.3,51.5,100.0,90.0,-1.6,4.3340087,1.4,-0.1,19.11666664,27.2,27.5,27.5,27.53333333333333,27.15,-19.64274074,-0.2037037433333317,-0.0226666666666667,-0.7626666666666666,-0.788,18.95555556555556,-0.6982222222222211,4.43645,4.4465337,4.465705,4.42679,4.452925,0,0.0,0,1.0,-0.97,24.7,75.3
2023-03-14 12:15:00,76.214451366664,33.162006783334,33.178395044444,19.11666664,-0.788,27.15,1,5.1764362714980825,70.66250196097344,12,1,3,1.2246467991473532e-16,-1.0,0.7818314824680298,0.6234898018587336,1.0,6.123233995736766e-17,81.25,78.625,68.70833333333333,23.375,51.225,100.0,90.0,-1.675,4.311642,1.375,-0.175,18.93333334,27.466666666666665,27.2,27.5,27.5,27.183333333333334,-19.90466664,0.259259233333335,-0.0026666666666667,-0.7853333333333333,-0.8233333333333334,19.011728398888888,-0.7786666666666654,4.452925,4.43645,4.4465337,4.465705,4.410422,0,0.0,1,1.0,-0.91,22.4,77.6
2023-03-14 12:30:00,124.479464938894,92.285475116666,92.30686316111,18.93333334,-0.8233333333333334,27.183333333333334,2,5.1764362714980825,70.66250196097344,12,1,3,1.2246467991473532e-16,-1.0,0.7818314824680298,0.6234898018587336,1.0,6.123233995736766e-17,83.5,80.375,71.95833333333333,23.450000000000003,50.95,100.0,90.0,-1.75,4.2893777,1.35,-0.25,18.83333332,27.15,27.466666666666665,27.2,27.5,27.5,-19.75666667333333,-0.183333300000001,-0.0353333333333333,-0.788,-0.8066666666666666,18.96913579555556,-0.7988888888888876,4.410422,4.452925,4.43645,4.4465337,4.4355197,0,0.0,1,1.0,-0.95,24.1,75.9
2023-03-14 12:45:00,188.679674777776,147.269386772222,147.29688572222,18.83333332,-0.8066666666666666,27.5,2,5.1764362714980825,70.66250196097344,12,1,3,1.2246467991473532e-16,-1.0,0.7818314824680298,0.6234898018587336,1.0,6.123233995736766e-17,85.75,82.375,74.70833333333333,23.525,50.675,100.0,90.0,-1.825,4.267215,1.325,-0.325,18.92777776333333,27.183333333333334,27.15,27.466666666666665,27.2,27.5,-19.639999986666663,-0.1000000199999995,0.0166666666666667,-0.8233333333333334,-0.8693333333333333,18.9611111,-0.8059999999999987,4.4355197,4.410422,4.452925,4.43645,4.4603376,0,0.0,0,1.0,-0.97,25.0,75.0
2023-03-14 13:00:00,139.209986844448,105.50883506111,105.5307786,18.92777776333333,-0.8693333333333333,27.5,2,5.1764362714980825,70.66250196097344,13,1,3,-0.2588190451025208,-0.9659258262890684,0.7818314824680298,0.6234898018587336,1.0,6.123233995736766e-17,88.0,84.625,76.95833333333333,23.6,50.4,100.0,90.0,-1.9,4.245151,1.3,-0.4,18.82222223,27.5,27.183333333333334,27.15,27.466666666666665,27.5,-19.797111096666665,0.0944444433333302,-0.0626666666666666,-0.8066666666666666,-0.98,18.89814814111111,-0.8331111111111099,4.4603376,4.4355197,4.410422,4.452925,4.432608,0,0.0,0,1.0,-0.95,24.1,75.9
2023-03-14 13:15:00,188.788281450002,142.2159778,142.242921188888,18.82222223,-0.98,27.5,2,5.1764362714980825,70.66250196097344,13,1,3,-0.2588190451025208,-0.9659258262890684,0.7818314824680298,0.6234898018587336,1.0,6.123233995736766e-17,89.0,86.5625,79.02083333333333,23.700000000000003,51.025,100.0,90.0,-1.9,4.2378182,1.4,-0.425,19.01666669333333,27.5,27.5,27.183333333333334,27.15,27.316666666666663,-19.80222223,-0.1055555333333302,-0.1106666666666666,-0.8693333333333333,-0.976,18.861111104444447,-0.8853333333333321,4.432608,4.4603376,4.4355197,4.410422,4.453911,0,0.0,0,1.0,-0.97,25.1,74.9
2023-03-14 13:30:00,66.822882527778,20.326131355556,20.339741927778,19.01666669333333,-0.976,27.316666666666663,1,5.1764362714980825,70.66250196097344,13,1,3,-0.2588190451025208,-0.9659258262890684,0.7818314824680298,0.6234898018587336,1.0,6.123233995736766e-17,90.0,88.1875,80.89583333333333,23.8,51.65,100.0,90.0,-1.9,4.230498,1.5,-0.45,18.85000001,27.5,27.5,27.5,27.183333333333334,27.35,-19.99266669333333,0.1944444633333297,0.0039999999999998,-0.98,-1.0153333333333334,18.922222228888888,-0.9417777777777764,4.453911,4.432608,4.4603376,4.4355197,4.4156723,0,0.0,1,1.0,-0.93,23.3,76.7
2023-03-14 13:45:00,156.60817983889,121.0609907,121.085434188888,18.85000001,-1.0153333333333334,27.35,2,5.1764362714980825,70.66250196097344,13,1,3,-0.2588190451025208,-0.9659258262890684,0.7818314824680298,0.6234898018587336,1.0,6.123233995736766e-17,91.0,89.5,82.58333333333333,23.9,52.275,100.0,90.0,-1.9,4.223188,1.6,-0.475,18.91111111,27.316666666666663,27.5,27.5,27.5,27.316666666666663,-19.865333343333333,-0.1666666833333323,-0.0393333333333333,-0.976,-1.226,18.89629631111111,-0.9904444444444432,4.4156723,4.453911,4.432608,4.4603376,4.4262424,0,0.0,1,1.0,-0.97,24.8,75.2
2023-03-14 14:00:00,171.63924532222,139.321093616666,139.348314794442,18.91111111,-1.226,27.316666666666663,2,5.1764362714980825,70.66250196097344,14,1,3,-0.4999999999999997,-0.8660254037844388,0.7818314824680298,0.6234898018587336,1.0,6.123233995736766e-17,92.0,90.5,84.08333333333333,24.0,52.9,100.0,90.0,-1.9,4.2158885,1.7,-0.5,18.92222224,27.35,27.316666666666663,27.5,27.5,27.05,-20.13711111,0.0611111000000015,-0.2106666666666665,-1.0153333333333334,-1.4486666666666668,18.925925937777777,-1.0724444444444432,4.4262424,4.4156723,4.453911,4.432608,4.3859096,0,0.0,0,1.0,-0.96,24.3,75.7
2023-03-14 14:15:00,141.92293385556,102.080361088888,102.10230466111,18.92222224,-1.4486666666666668,27.05,2,5.1764362714980825,70.66250196097344,14,1,3,-0.4999999999999997,-0.8660254037844388,0.7818314824680298,0.6234898018587336,1.0,6.123233995736766e-17,92.25,91.3125,85.5,23.95,53.8,100.0,90.0,-1.925,4.2086015,1.725,-0.525,18.814814786666663,27.316666666666663,27.35,27.316666666666663,27.5,27.28333333333333,-20.370888906666668,0.0111111299999997,-0.2226666666666668,-1.226,-1.65,18.89444445333333,-1.2299999999999989,4.3859096,4.4262424,4.4156723,4.453911,4.39576,0,0.0,0,1.0,-0.95,24.2,75.8
2023-03-14 14:30:00,187.963036794442,133.968807716666,133.995195577776,18.814814786666663,-1.65,27.28333333333333,2,5.1764362714980825,70.66250196097344,14,1,3,-0.4999999999999997,-0.8660254037844388,0.7818314824680298,0.6234898018587336,1.0,6.123233995736766e-17,92.5,91.9375,86.83333333333333,23.9,54.7,100.0,90.0,-1.95,4.201324,1.75,-0.55,18.97222221,27.05,27.316666666666663,27.35,27.316666666666663,27.0,-20.464814786666665,-0.1074074533333337,-0.2013333333333331,-1.4486666666666668,-1.606,18.88271604555556,-1.4415555555555544,4.39576,4.3859096,4.4262424,4.4156723,4.3907456,0,0.0,0,1.0,-0.98,25.2,74.8
2023-03-14 14:45:00,67.27425342222,32.801743427778,32.815631738890005,18.97222221,-1.606,27.0,1,5.1764362714980825,70.66250196097344,14,1,3,-0.4999999999999997,-0.8660254037844388,0.7818314824680298,0.6234898018587336,1.0,6.123233995736766e-17,92.75,92.375,88.08333333333333,23.85,55.6,100.0,90.0,-1.975,4.194059,1.775,-0.575,18.85555557,27.28333333333333,27.05,27.316666666666663,27.35,27.0,-20.57822221,0.157407423333332,0.0439999999999998,-1.65,-1.628,18.903086412222223,-1.5682222222222209,4.3907456,4.39576,4.3859096,4.4262424,4.360596,0,0.0,1,1.0,-0.94,23.8,76.2
2023-03-14 15:00:00,175.277710911108,139.607471027778,139.634414433332,18.85555557,-1.628,27.0,2,5.1764362714980825,70.66250196097344,15,1,3,-0.7071067811865471,-0.7071067811865479,0.7818314824680298,0.6234898018587336,1.0,6.123233995736766e-17,93.0,92.625,89.25,23.8,56.5,100.0,90.0,-2.0,4.1868043,1.8,-0.6,18.93333334,27.0,27.28333333333333,27.05,27.316666666666663,27.0,-20.48355557,-0.1166666399999982,-0.022,-1.606,-1.642,18.88086418888889,-1.627999999999999,4.360596,4.3907456,4.39576,4.3859096,4.3806763,0,0.0,1,1.0,-0.97,24.9,75.1
2023-03-14 15:15:00,175.00688836111,135.437915633332,135.463470144444,18.93333334,-1.642,27.0,2,5.1764362714980825,70.66250196097344,15,1,3,-0.7071067811865471,-0.7071067811865479,0.7818314824680298,0.6234898018587336,1.0,6.123233995736766e-17,89.25,91.875,89.91666666666667,25.9,58.675,100.0,89.5,-2.025,4.1779838,1.75,-0.55,18.89814814,27.0,27.0,27.28333333333333,27.05,27.0,-20.57533334,0.0777777700000008,-0.0139999999999997,-1.628,-1.628,18.920370373333338,-1.6253333333333322,4.3806763,4.360596,4.3907456,4.39576,4.3715825,0,0.0,0,1.0,-0.95,24.1,75.9
2023-03-14 15:30:00,144.906981372218,104.876360311112,104.8999705,18.89814814,-1.628,27.0,2,5.1764362714980825,70.66250196097344,15,1,3,-0.7071067811865471,-0.7071067811865479,0.7818314824680298,0.6234898018587336,1.0,6.123233995736766e-17,85.5,90.125,90.08333333333331,28.0,60.85,100.0,89.0,-2.05,4.1690454,1.7000000000000002,-0.5,18.86666667,27.0,27.0,27.0,27.28333333333333,26.95,-20.52614814,-0.0351852000000008,0.0139999999999997,-1.642,-1.5666666666666669,18.89567901666667,-1.6326666666666654,4.3715825,4.3806763,4.360596,4.3907456,4.35538,0,0.0,0,1.0,-0.96,24.5,75.5
2023-03-14 15:45:00,430.978038088884,145.886664316666,145.91444102222,18.86666667,-1.5666666666666669,26.95,2,5.1764362714980825,70.66250196097344,15,1,3,-0.7071067811865471,-0.7071067811865479,0.7818314824680298,0.6234898018587336,1.0,6.123233995736766e-17,81.75,87.375,89.75,30.1,63.025000000000006,100.0,88.5,-2.075,4.15999,1.65,-0.45,19.06666667,27.0,27.0,27.0,27.0,26.53333333333333,-20.433333336666664,-0.0314814700000027,0.0613333333333334,-1.628,-1.544,18.89938271666667,-1.6122222222222211,4.35538,4.3715825,4.3806763,4.360596,4.3389707,0,0.0,0,1.0,-0.97,24.8,75.2
2023-03-14 16:00:00,74.74978772222,32.824242544444004,32.838130872222,19.06666667,-1.544,26.53333333333333,1,5.1764362714980825,70.66250196097344,16,1,3,-0.8660254037844385,-0.5000000000000004,0.7818314824680298,0.6234898018587336,1.0,6.123233995736766e-17,78.0,83.625,88.91666666666667,32.2,65.2,100.0,88.0,-2.1,4.1508145,1.6,-0.4,18.80555553,26.95,27.0,27.0,27.0,26.85,-20.61066667,0.2000000000000028,0.0226666666666666,-1.5666666666666669,-1.405333333333333,18.94382716,-1.5795555555555545,4.3389707,4.35538,4.3715825,4.3806763,4.323576,0,0.0,1,1.0,-0.92,23.0,77.0
2023-03-14 16:15:00,173.00891278333,140.795201266668,140.82158911111202,18.80555553,-1.405333333333333,26.85,2,5.1764362714980825,70.66250196097344,16,1,3,-0.8660254037844385,-0.5000000000000004,0.7818314824680298,0.6234898018587336,1.0,6.123233995736766e-17,70.75,79.0,87.39583333333333,29.300000000000004,64.825,100.0,89.0,-2.0,4.190732,1.55,-0.425,18.918518523333333,26.53333333333333,26.95,27.0,27.0,27.0,-20.21088886333333,-0.2611111400000006,0.1386666666666667,-1.544,-1.163333333333333,18.912962956666668,-1.505333333333332,4.323576,4.3389707,4.35538,4.3715825,4.376845,0,0.0,1,1.0,-0.98,25.4,74.6
2023-03-14 16:30:00,158.24394782222,126.032180777776,126.056624233332,18.918518523333333,-1.163333333333333,27.0,2,5.1764362714980825,70.66250196097344,16,1,3,-0.8660254037844385,-0.5000000000000004,0.7818314824680298,0.6234898018587336,1.0,6.123233995736766e-17,63.5,73.5,85.1875,26.4,64.45,100.0,90.0,-1.9,4.230498,1.5,-0.45,18.79999999,26.85,26.53333333333333,26.95,27.0,27.0,-20.081851856666667,0.1129629933333333,0.242,-1.405333333333333,-1.0573333333333337,18.93024690777778,-1.3708888888888875,4.376845,4.323576,4.3389707,4.35538,4.3463035,0,0.0,0,1.0,-0.96,24.3,75.7
2023-03-14 16:45:00,165.818367099996,109.923936233332,109.945602049998,18.79999999,-1.0573333333333337,27.0,2,5.1764362714980825,70.66250196097344,16,1,3,-0.8660254037844385,-0.5000000000000004,0.7818314824680298,0.6234898018587336,1.0,6.123233995736766e-17,56.25,67.125,82.29166666666667,23.5,64.075,100.0,91.0,-1.8,4.2701125,1.45,-0.475,18.812962996666663,27.0,26.85,26.53333333333333,26.95,27.0,-19.85733332333333,-0.1185185333333329,0.1059999999999998,-1.163333333333333,-0.9273333333333332,18.84135801444445,-1.2086666666666654,4.3463035,4.376845,4.323576,4.3389707,4.3496356,0,0.0,0,1.0,-0.98,25.4,74.6
2023-03-14 17:00:00,146.124988083334,106.166864272222,106.190196705554,18.812962996666663,-0.9273333333333332,27.0,2,5.1764362714980825,70.66250196097344,17,1,3,-0.9659258262890684,-0.2588190451025206,0.7818314824680298,0.6234898018587336,1.0,6.123233995736766e-17,49.0,59.875,78.70833333333333,20.6,63.7,100.0,92.0,-1.7,4.3095756,1.4,-0.5,18.95555554,27.0,27.0,26.85,26.53333333333333,27.0,-19.74029633,0.0129630066666663,0.1300000000000001,-1.0573333333333337,-0.854,18.84382717,-1.049333333333332,4.3496356,4.3463035,4.376845,4.323576,4.386428,0,0.0,0,1.0,-0.98,25.3,74.7
2023-03-14 17:15:00,90.114450877776,57.937682433332,57.955459488888,18.95555554,-0.854,27.0,1,5.1764362714980825,70.66250196097344,17,1,3,-0.9659258262890684,-0.2588190451025206,0.7818314824680298,0.6234898018587336,1.0,6.123233995736766e-17,44.5,53.3125,74.72916666666667,21.0,60.025000000000006,100.0,91.5,-1.7,4.308449,1.325,-0.425,18.77777775,27.0,27.0,27.0,26.85,27.0,-19.80955554,0.1425925433333326,0.0733333333333333,-0.9273333333333332,-0.8306666666666666,18.856172842222225,-0.9462222222222212,4.386428,4.3496356,4.3463035,4.376845,4.340597,0,0.0,1,1.0,-0.95,23.9,76.1
2023-03-14 17:30:00,208.17056184444,165.058952927778,165.088674005554,18.77777775,-0.8306666666666666,27.0,2,5.1764362714980825,70.66250196097344,17,1,3,-0.9659258262890684,-0.2588190451025206,0.7818314824680298,0.6234898018587336,1.0,6.123233995736766e-17,40.0,47.4375,70.35416666666667,21.4,56.35,100.0,91.0,-1.7,4.3071804,1.25,-0.35,19.02222221,27.0,27.0,27.0,27.0,26.95,-19.608444416666664,-0.1777777900000003,0.0233333333333334,-0.854,-0.8926666666666667,18.84876542888889,-0.8706666666666655,4.340597,4.386428,4.3496356,4.3463035,4.3955674,0,0.0,1,1.0,-0.99,25.6,74.4
2023-03-14 17:45:00,166.55333768333,132.431646988888,132.457201533332,19.02222221,-0.8926666666666667,26.95,2,5.1764362714980825,70.66250196097344,17,1,3,-0.9659258262890684,-0.2588190451025206,0.7818314824680298,0.6234898018587336,1.0,6.123233995736766e-17,35.5,42.25,65.58333333333333,21.8,52.675,100.0,90.5,-1.7,4.3057675,1.175,-0.275,18.95740744,27.0,27.0,27.0,27.0,26.716666666666665,-19.914888876666662,0.2444444600000004,-0.0620000000000001,-0.8306666666666666,-0.8986666666666667,18.9185185,-0.8591111111111099,4.3955674,4.340597,4.386428,4.3496356,4.340873,0,0.0,0,1.0,-0.93,23.3,76.7
2023-03-14 18:00:00,169.626825938882,121.060435172222,121.085434205554,18.95740744,-0.8986666666666667,26.716666666666665,2,5.1764362714980825,70.66250196097344,18,1,3,-1.0,-1.8369701987210294e-16,0.7818314824680298,0.6234898018587336,1.0,6.123233995736766e-17,31.0,37.75,60.41666666666666,22.2,49.0,100.0,90.0,-1.7,4.304209,1.1,-0.2,18.92777776,26.95,27.0,27.0,27.0,26.95,-19.856074106666668,-0.0648147699999981,-0.006,-0.8926666666666667,-0.9333333333333332,18.9191358,-0.8739999999999988,4.340873,4.3955674,4.340597,4.386428,4.371131,0,0.0,0,1.0,-0.95,24.0,76.0
2023-03-14 18:15:00,192.65173828888,148.271846688888,148.29906788333,18.92777776,-0.9333333333333332,26.95,2,5.1764362714980825,70.66250196097344,18,1,3,-1.0,-1.8369701987210294e-16,0.7818314824680298,0.6234898018587336,1.0,6.123233995736766e-17,25.5,33.0,55.10416666666666,22.125,49.0,100.0,89.5,-1.775,4.272917,1.0,-0.225,19.1740741,26.716666666666665,26.95,27.0,27.0,26.53333333333333,-19.86111109333333,-0.0296296799999993,-0.0346666666666666,-0.8986666666666667,-0.88,18.969135803333334,-0.908222222222221,4.371131,4.340873,4.3955674,4.340597,4.3665376,0,0.0,0,1.0,-0.95,24.2,75.8
2023-03-14 18:30:00,54.188110172222,20.625563811112,20.63945213889,19.1740741,-0.88,26.53333333333333,1,5.1764362714980825,70.66250196097344,18,1,3,-1.0,-1.8369701987210294e-16,0.7818314824680298,0.6234898018587336,1.0,6.123233995736766e-17,20.0,28.0,49.645833333333336,22.05,49.0,100.0,89.0,-1.85,4.2417183,0.9,-0.25,18.86666669,26.95,26.716666666666665,26.95,27.0,26.85,-20.0540741,0.2462963399999971,0.0533333333333333,-0.9333333333333332,-0.8233333333333334,19.019753100000003,-0.9039999999999988,4.3665376,4.371131,4.340873,4.3955674,4.3392186,0,0.0,1,1.0,-0.9,22.1,77.9
2023-03-14 18:45:00,163.9559415,131.769173455556,131.793894683334,18.86666669,-0.8233333333333334,26.85,2,5.1764362714980825,70.66250196097344,18,1,3,-1.0,-1.8369701987210294e-16,0.7818314824680298,0.6234898018587336,1.0,6.123233995736766e-17,14.5,22.75,44.04166666666666,21.975,49.0,100.0,88.5,-1.925,4.2106123,0.8,-0.275,18.91111111,26.53333333333333,26.95,26.716666666666665,26.95,27.0,-19.690000023333333,-0.3074074099999997,0.0566666666666666,-0.88,-0.7793333333333333,18.989506183333337,-0.8788888888888877,4.3392186,4.3665376,4.371131,4.340873,4.3749313,0,0.0,1,1.0,-0.97,24.8,75.2
2023-03-14 19:00:00,185.392583983334,139.03527169999998,139.060548472222,18.91111111,-0.7793333333333333,27.0,2,5.1764362714980825,70.66250196097344,19,1,3,-0.9659258262890684,0.2588190451025203,0.7818314824680298,0.6234898018587336,1.0,6.123233995736766e-17,9.0,17.25,38.29166666666666,21.9,49.0,100.0,88.0,-2.0,4.1796,0.7,-0.3,18.88888888,26.85,26.53333333333333,26.95,26.716666666666665,27.05,-19.69044444333333,0.0444444200000013,0.044,-0.8233333333333334,-0.6933333333333334,18.983950633333333,-0.8275555555555544,4.3749313,4.3392186,4.3665376,4.371131,4.3772836,0,0.0,0,1.0,-0.96,24.3,75.7
2023-03-14 19:15:00,161.16716430555,111.471929844444,111.495262277776,18.88888888,-0.6933333333333334,27.05,2,5.1764362714980825,70.66250196097344,19,1,3,-0.9659258262890684,0.2588190451025203,0.7818314824680298,0.6234898018587336,1.0,6.123233995736766e-17,6.75,12.5625,32.958333333333336,22.15,49.0,100.0,88.0,-2.275,4.1008573,0.6,-0.575,18.831481466666663,27.0,26.85,26.53333333333333,26.95,27.28333333333333,-19.58222221333333,-0.0222222300000005,0.0859999999999999,-0.7793333333333333,-0.738,18.88888889333333,-0.7653333333333322,4.3772836,4.3749313,4.3392186,4.3665376,4.400092,0,0.0,0,1.0,-0.96,24.5,75.5
2023-03-14 19:30:00,178.80062543889,146.549415588888,146.576358977776,18.831481466666663,-0.738,27.28333333333333,2,5.1764362714980825,70.66250196097344,19,1,3,-0.9659258262890684,0.2588190451025203,0.7818314824680298,0.6234898018587336,1.0,6.123233995736766e-17,4.5,8.6875,28.041666666666668,22.4,49.0,100.0,88.0,-2.55,4.023421,0.5,-0.8499999999999999,19.04999999,27.05,27.0,26.85,26.53333333333333,26.7,-19.569481466666662,-0.0574074133333333,-0.0446666666666666,-0.6933333333333334,-0.716,18.877160485555557,-0.7368888888888877,4.400092,4.3772836,4.3749313,4.3392186,4.361936,0,0.0,0,1.0,-0.97,25.0,75.0
2023-03-14 19:45:00,67.479245122224,29.230775172222,29.2446635,19.04999999,-0.716,26.7,1,5.1764362714980825,70.66250196097344,19,1,3,-0.9659258262890684,0.2588190451025203,0.7818314824680298,0.6234898018587336,1.0,6.123233995736766e-17,2.25,5.625,23.541666666666668,22.65,49.0,100.0,88.0,-2.825,3.9472697,0.3999999999999999,-1.1249999999999998,18.831481470000003,27.28333333333333,27.05,27.0,26.85,26.966666666666665,-19.76599999,0.2185185233333335,0.022,-0.738,-0.7673333333333333,18.92345677888889,-0.7157777777777766,4.361936,4.400092,4.3772836,4.3749313,4.349022,0,0.0,1,1.0,-0.93,23.1,76.9
2023-03-14 20:00:00,176.754596299996,139.842461644444,139.868571733332,18.831481470000003,-0.7673333333333333,26.966666666666665,2,5.1764362714980825,70.66250196097344,20,1,3,-0.8660254037844386,0.5000000000000001,0.7818314824680298,0.6234898018587336,1.0,6.123233995736766e-17,0.0,3.375,19.45833333333333,22.9,49.0,100.0,88.0,-3.1,3.8723874,0.3,-1.4,18.93333334,26.7,27.28333333333333,27.05,27.0,26.95,-19.598814803333337,-0.2185185199999963,-0.0513333333333333,-0.716,-0.81,18.90432097555556,-0.7404444444444432,4.349022,4.361936,4.400092,4.3772836,4.3725643,0,0.0,1,1.0,-0.98,25.1,74.9
2023-03-14 20:15:00,182.271597794442,139.145545055556,139.1710996,18.93333334,-0.81,26.95,2,5.1764362714980825,70.66250196097344,20,1,3,-0.8660254037844386,0.5000000000000001,0.7818314824680298,0.6234898018587336,1.0,6.123233995736766e-17,0.0,1.6875,15.75,22.825,49.075,100.0,88.0,-3.15,3.8656416,0.3,-1.4249999999999998,18.89814814,26.966666666666665,26.7,27.28333333333333,27.05,26.716666666666665,-19.74333334,0.1018518699999972,-0.0426666666666667,-0.7673333333333333,-0.8386666666666667,18.938271600000004,-0.7644444444444433,4.3725643,4.349022,4.361936,4.400092,4.3257074,0,0.0,0,1.0,-0.95,24.1,75.9
2023-03-14 20:30:00,158.788648233332,112.677714944444,112.701325149998,18.89814814,-0.8386666666666667,26.716666666666665,2,5.1764362714980825,70.66250196097344,20,1,3,-0.8660254037844386,0.5000000000000001,0.7818314824680298,0.6234898018587336,1.0,6.123233995736766e-17,0.0,0.5625,12.416666666666666,22.75,49.15,100.0,88.0,-3.2,3.858907,0.3,-1.45,18.83333331,26.95,26.966666666666665,26.7,27.28333333333333,26.95,-19.736814806666665,-0.0351852000000008,-0.0286666666666666,-0.81,-0.8426666666666667,18.88765431666667,-0.8053333333333321,4.3257074,4.3725643,4.349022,4.361936,4.3468094,0,0.0,0,1.0,-0.96,24.5,75.5
2023-03-14 20:45:00,186.5575374,147.237165827778,147.263553705554,18.83333331,-0.8426666666666667,26.95,2,5.1764362714980825,70.66250196097344,20,1,3,-0.8660254037844386,0.5000000000000001,0.7818314824680298,0.6234898018587336,1.0,6.123233995736766e-17,0.0,0.0,9.458333333333334,22.675,49.225,100.0,88.0,-3.25,3.8521824,0.3,-1.475,19.062962963333334,26.716666666666665,26.95,26.966666666666665,26.7,26.53333333333333,-19.675999976666667,-0.0648148299999995,-0.004,-0.8386666666666667,-0.85,18.88827159666667,-0.8304444444444433,4.3468094,4.3257074,4.3725643,4.349022,4.338023,0,0.0,0,1.0,-0.97,25.1,74.9
2023-03-14 21:00:00,65.655151288896,33.391997583334,33.406719194446,19.062962963333334,-0.85,26.53333333333333,1,5.1764362714980825,70.66250196097344,21,1,3,-0.7071067811865477,0.7071067811865474,0.7818314824680298,0.6234898018587336,1.0,6.123233995736766e-17,0.0,0.0,6.875,22.6,49.3,100.0,88.0,-3.3,3.8454683,0.3,-1.5,18.84444444,26.95,26.716666666666665,26.95,26.966666666666665,26.85,-19.91296296333333,0.2296296533333333,-0.0073333333333333,-0.8426666666666667,-0.834,18.931481471111116,-0.8437777777777766,4.338023,4.3468094,4.3257074,4.3725643,4.3335247,0,0.0,1,1.0,-0.92,23.1,76.9
2023-03-14 21:15:00,180.961094583334,146.97162093333202,146.99856432222,18.84444444,-0.834,26.85,2,5.1764362714980825,70.66250196097344,21,1,3,-0.7071067811865477,0.7071067811865474,0.7818314824680298,0.6234898018587336,1.0,6.123233995736766e-17,0.0,0.0,4.75,22.3,48.95,100.0,87.75,-3.25,3.8546598,0.325,-1.425,19.03518515333333,26.53333333333333,26.95,26.716666666666665,26.95,26.816666666666663,-19.67844444,-0.2185185233333335,0.016,-0.85,-0.854,18.91358023777778,-0.842222222222221,4.3335247,4.338023,4.3468094,4.3257074,4.377167,0,0.0,1,1.0,-0.97,25.0,75.0
2023-03-14 21:30:00,188.50995921667,131.178085983334,131.203085,19.03518515333333,-0.854,26.816666666666663,2,5.1764362714980825,70.66250196097344,21,1,3,-0.7071067811865477,0.7071067811865474,0.7818314824680298,0.6234898018587336,1.0,6.123233995736766e-17,0.0,0.0,3.083333333333333,22.0,48.6,100.0,87.5,-3.2,3.8638296,0.35,-1.35,19.1111111,26.85,26.53333333333333,26.95,26.716666666666665,26.55,-19.889185153333333,0.1907407133333336,-0.02,-0.834,-0.8466666666666666,18.98086418555556,-0.8459999999999988,4.377167,4.3335247,4.338023,4.3468094,4.3530912,0,0.0,0,1.0,-0.93,23.2,76.8
2023-03-14 21:45:00,83.245836683334,45.400961655556,45.416794372222,19.1111111,-0.8466666666666666,26.55,1,5.1764362714980825,70.66250196097344,21,1,3,-0.7071067811865477,0.7071067811865474,0.7818314824680298,0.6234898018587336,1.0,6.123233995736766e-17,0.0,0.0,1.875,21.7,48.25,100.0,87.25,-3.15,3.8729763,0.375,-1.275,18.80000002,26.816666666666663,26.85,26.53333333333333,26.95,26.966666666666665,-19.95777776666667,0.0759259466666684,0.0073333333333334,-0.854,-0.8253333333333333,18.996913564444444,-0.8448888888888876,4.3530912,4.377167,4.3335247,4.338023,4.3409376,0,0.0,1,1.0,-0.91,22.6,77.4
2023-03-14 22:00:00,152.63750528889202,120.218524416666,120.243523449998,18.80000002,-0.8253333333333333,26.966666666666665,2,5.1764362714980825,70.66250196097344,22,1,3,-0.5000000000000004,0.8660254037844384,0.7818314824680298,0.6234898018587336,1.0,6.123233995736766e-17,0.0,0.0,1.125,21.4,47.9,100.0,87.0,-3.1,3.8821,0.4,-1.2,18.71666666,26.55,26.816666666666663,26.85,26.53333333333333,27.0,-19.625333353333332,-0.3111110799999999,0.0213333333333333,-0.8466666666666666,-0.9066666666666666,18.98209875777778,-0.8419999999999987,4.3409376,4.3530912,4.377167,4.3335247,4.324939,0,0.0,1,1.0,-0.98,25.4,74.6
2023-03-14 22:15:00,143.470094283334,100.623197127778,100.644585172222,18.71666666,-0.9066666666666666,27.0,2,5.1764362714980825,70.66250196097344,22,1,3,-0.5000000000000004,0.8660254037844384,0.7818314824680298,0.6234898018587336,1.0,6.123233995736766e-17,0.0,0.0,0.5625,21.2,47.45,100.0,87.0,-3.1,3.8821,0.375,-1.2,18.5351852,26.966666666666665,26.55,26.816666666666663,26.85,27.0,-19.623333326666664,-0.0833333600000045,-0.0813333333333333,-0.8253333333333333,-0.972,18.875925926666667,-0.8595555555555543,4.324939,4.3409376,4.3530912,4.377167,4.2787266,0,0.0,0,1.0,-1.0,26.2,73.8
2023-03-14 22:30:00,184.949546122224,148.7132179,148.740161272222,18.5351852,-0.972,27.0,2,5.1764362714980825,70.66250196097344,22,1,3,-0.5000000000000004,0.8660254037844384,0.7818314824680298,0.6234898018587336,1.0,6.123233995736766e-17,0.0,0.0,0.1875,21.0,47.0,100.0,87.0,-3.1,3.8821,0.35,-1.2,18.88333335,27.0,26.966666666666665,26.55,26.816666666666663,26.95,-19.5071852,-0.1814814599999969,-0.0653333333333333,-0.9066666666666666,-1.0553333333333332,18.683950626666668,-0.901333333333332,4.2787266,4.324939,4.3409376,4.3530912,4.35967,0,0.0,0,1.0,-1.04,28.0,72.0
2023-03-14 22:45:00,155.630163494442,107.209600327778,107.232377233332,18.88333335,-1.0553333333333332,26.95,2,5.1764362714980825,70.66250196097344,22,1,3,-0.5000000000000004,0.8660254037844384,0.7818314824680298,0.6234898018587336,1.0,6.123233995736766e-17,0.0,0.0,0.0,20.8,46.55,100.0,87.0,-3.1,3.8821,0.325,-1.2,19.03333334,27.0,27.0,26.966666666666665,26.55,26.53333333333333,-19.93866668333333,0.3481481500000001,-0.0833333333333332,-0.972,-1.0553333333333332,18.711728403333336,-0.9779999999999988,4.35967,4.2787266,4.324939,4.3409376,4.3304467,0,0.0,0,1.0,-0.96,24.6,75.4
2023-03-14 23:00:00,100.795134683334,57.230488472222,57.248265544444,19.03333334,-1.0553333333333332,26.53333333333333,1,5.1764362714980825,70.66250196097344,23,1,3,-0.2588190451025215,0.965925826289068,0.7818314824680298,0.6234898018587336,1.0,6.123233995736766e-17,0.0,0.0,0.0,20.6,46.1,100.0,87.0,-3.1,3.8821,0.3,-1.2,18.77777775,26.95,27.0,27.0,26.966666666666665,26.8,-20.088666673333336,0.1499999900000013,0.0,-1.0553333333333332,-0.956,18.81728396333333,-1.0275555555555542,4.3304467,4.35967,4.2787266,4.324939,4.3084445,0,0.0,1,1.0,-0.93,23.3,76.7
2023-03-14 23:15:00,196.584080805554,164.29037253889,164.320093583334,18.77777775,-0.956,26.8,2,5.1764362714980825,70.66250196097344,23,1,3,-0.2588190451025215,0.965925826289068,0.7818314824680298,0.6234898018587336,1.0,6.123233995736766e-17,0.0,0.0,0.0,20.675,45.825,100.0,86.75,-3.175,3.8642132,0.3,-1.225,19.011111096666664,26.53333333333333,26.95,27.0,27.0,26.53333333333333,-19.73377775,-0.2555555900000037,0.0993333333333332,-1.0553333333333332,-1.07,18.898148146666667,-1.022222222222221,4.3084445,4.3304467,4.35967,4.2787266,4.3247724,0,0.0,1,1.0,-0.99,25.6,74.4
2023-03-14 23:30:00,109.502563988896,77.17385733889,77.192745466668,19.011111096666664,-1.07,26.53333333333333,2,5.1764362714980825,70.66250196097344,23,1,3,-0.2588190451025215,0.965925826289068,0.7818314824680298,0.6234898018587336,1.0,6.123233995736766e-17,0.0,0.0,0.0,20.75,45.55,100.0,86.5,-3.25,3.8463755,0.3,-1.25,18.95555557,26.8,26.53333333333333,26.95,27.0,26.55,-20.081111096666664,0.2333333466666651,-0.1140000000000001,-0.956,-1.1133333333333333,18.940740728888887,-1.02711111111111,4.3247724,4.3084445,4.3304467,4.35967,4.3133197,0,0.0,0,1.0,-0.94,23.5,76.5
2023-03-14 23:45:00,137.7219909,86.282659655556,86.302936644444,18.95555557,-1.1133333333333333,26.55,2,5.1764362714980825,70.66250196097344,23,1,3,-0.2588190451025215,0.965925826289068,0.7818314824680298,0.6234898018587336,1.0,6.123233995736766e-17,0.0,0.0,0.0,20.825,45.275,100.0,86.25,-3.325,3.8285875,0.3,-1.275,18.733333313333333,26.53333333333333,26.8,26.53333333333333,26.95,26.78333333333333,-20.06888890333333,-0.0555555266666623,-0.0433333333333332,-1.07,-1.2146666666666666,18.914814805555554,-1.0464444444444432,4.3133197,4.3247724,4.3084445,4.3304467,4.2944636,0,0.0,0,1.0,-0.95,24.0,76.0
2023-03-15 00:00:00,160.52802312222,115.616208516666,115.640374249998,18.733333313333333,-1.2146666666666666,26.78333333333333,2,5.1764362714980825,70.66250196097344,0,2,3,0.0,1.0,0.9749279121818236,-0.2225209339563143,1.0,6.123233995736766e-17,0.0,0.0,0.0,20.9,45.0,100.0,86.0,-3.4,3.8108473,0.3,-1.3,18.59444446,26.55,26.53333333333333,26.8,26.53333333333333,26.85,-19.94799998,-0.2222222566666687,-0.1013333333333332,-1.1133333333333333,-1.2913333333333334,18.89999999333333,-1.1326666666666656,4.2944636,4.3133197,4.3247724,4.3084445,4.269915,0,0.0,0,1.0,-1.0,26.1,73.9
2023-03-15 00:15:00,143.44481756111,111.147498355556,111.17110856111,18.59444446,-1.2913333333333334,26.85,2,5.1764362714980825,70.66250196097344,0,2,3,0.0,1.0,0.9749279121818236,-0.2225209339563143,1.0,6.123233995736766e-17,0.0,0.0,0.0,20.9,45.0,100.0,85.0,-3.575,3.7665355,0.275,-1.3,18.59444441,26.78333333333333,26.55,26.53333333333333,26.8,27.0,-19.88577779333333,-0.1388888533333343,-0.0766666666666668,-1.2146666666666666,-1.2966666666666666,18.761111114444446,-1.206444444444443,4.269915,4.2944636,4.3133197,4.3247724,4.2937694,0,0.0,0,1.0,-1.03,27.4,72.6
2023-03-15 00:30:00,209.348848111104,169.524607644444,169.554328755552,18.59444441,-1.2966666666666666,27.0,2,5.1764362714980825,70.66250196097344,0,2,3,0.0,1.0,0.9749279121818236,-0.2225209339563143,1.0,6.123233995736766e-17,0.0,0.0,0.0,20.9,45.0,100.0,84.0,-3.75,3.7222228,0.25,-1.3,19.02222221,26.85,26.78333333333333,26.55,26.53333333333333,26.6,-19.891111076666668,-4.999999703159119e-08,-0.0053333333333331,-1.2913333333333334,-1.5093333333333334,18.64074072777778,-1.2675555555555544,4.2937694,4.269915,4.2944636,4.3133197,4.338482,0,0.0,0,1.0,-1.03,27.4,72.6
2023-03-15 00:45:00,120.593787188888,85.101318044444,85.120483944444,19.02222221,-1.5093333333333334,26.6,2,5.1764362714980825,70.66250196097344,0,2,3,0.0,1.0,0.9749279121818236,-0.2225209339563143,1.0,6.123233995736766e-17,0.0,0.0,0.0,20.9,45.0,100.0,83.0,-3.925,3.6779108,0.225,-1.3,18.93703705333333,27.0,26.85,26.78333333333333,26.55,26.216666666666665,-20.531555543333333,0.4277777999999976,-0.2126666666666667,-1.2966666666666666,-1.606666666666667,18.737037026666663,-1.3657777777777766,4.338482,4.2937694,4.269915,4.2944636,4.2545123,0,0.0,0,1.0,-0.93,23.4,76.6
2023-03-15 01:00:00,119.2318972,71.963510244444,71.981842844444,18.93703705333333,-1.606666666666667,26.216666666666665,2,5.1764362714980825,70.66250196097344,1,2,3,0.2588190451025207,0.9659258262890684,0.9749279121818236,-0.2225209339563143,1.0,6.123233995736766e-17,0.0,0.0,0.0,20.9,45.0,100.0,82.0,-4.1,3.6335986,0.2,-1.3,18.6888889,26.6,27.0,26.85,26.78333333333333,26.5,-20.54370372,-0.0851851566666681,-0.0973333333333332,-1.5093333333333334,-1.6826666666666663,18.851234557777776,-1.470888888888888,4.2545123,4.338482,4.2937694,4.269915,4.237877,0,0.0,0,1.0,-0.95,24.3,75.7
2023-03-15 01:15:00,174.279417411112,130.66421763889,130.689772183334,18.6888889,-1.6826666666666663,26.5,2,5.1764362714980825,70.66250196097344,1,2,3,0.2588190451025207,0.9659258262890684,0.9749279121818236,-0.2225209339563143,1.0,6.123233995736766e-17,0.0,0.0,0.0,21.025,45.35,100.0,81.5,-4.225,3.5863588,0.2,-1.4,18.65740741333333,26.216666666666665,26.6,27.0,26.85,26.5,-20.371555566666665,-0.2481481533333323,-0.0759999999999998,-1.606666666666667,-1.7953333333333332,18.882716054444444,-1.5995555555555545,4.237877,4.2545123,4.338482,4.2937694,4.22999,0,0.0,0,1.0,-1.01,26.6,73.4
2023-03-15 01:30:00,138.204749138898,100.98540483889,101.007626183334,18.65740741333333,-1.7953333333333332,26.5,2,5.1764362714980825,70.66250196097344,1,2,3,0.2588190451025207,0.9659258262890684,0.9749279121818236,-0.2225209339563143,1.0,6.123233995736766e-17,0.0,0.0,0.0,21.15,45.7,100.0,81.0,-4.35,3.5395787,0.2,-1.5,18.5111111,26.5,26.216666666666665,26.6,27.0,26.5,-20.452740746666663,-0.0314814866666672,-0.1126666666666666,-1.6826666666666663,-1.842,18.76111112222222,-1.6948888888888878,4.22999,4.237877,4.2545123,4.338482,4.1935062,0,0.0,0,1.0,-1.02,26.9,73.1
2023-03-15 01:45:00,187.761378194442,155.455170427778,155.482391572222,18.5111111,-1.842,26.5,2,5.1764362714980825,70.66250196097344,1,2,3,0.2588190451025207,0.9659258262890684,0.9749279121818236,-0.2225209339563143,1.0,6.123233995736766e-17,0.0,0.0,0.0,21.275,46.05,100.0,80.5,-4.475,3.493255,0.2,-1.6,18.89814817,26.5,26.5,26.216666666666665,26.6,26.316666666666663,-20.3531111,-0.1462963133333303,-0.0466666666666666,-1.7953333333333332,-1.8613333333333333,18.619135804444443,-1.7733333333333323,4.1935062,4.22999,4.237877,4.2545123,4.260944,0,0.0,0,1.0,-1.05,28.3,71.7
2023-03-15 02:00:00,180.803600933332,140.247445444444,140.272999988888,18.89814817,-1.8613333333333333,26.316666666666663,2,5.1764362714980825,70.66250196097344,2,2,3,0.4999999999999999,0.8660254037844387,0.9749279121818236,-0.2225209339563143,1.0,6.123233995736766e-17,0.0,0.0,0.0,21.4,46.4,100.0,80.0,-4.6,3.4473844,0.2,-1.7,19.09444445,26.5,26.5,26.5,26.216666666666665,25.7,-20.759481503333337,0.3870370700000016,-0.0193333333333336,-1.842,-1.988,18.68888889444445,-1.832888888888888,4.260944,4.1935062,4.22999,4.237877,4.2095876,0,0.0,0,1.0,-0.96,24.6,75.4
2023-03-15 02:15:00,87.419836383334,31.918723216666,31.932333788888,19.09444445,-1.988,25.7,1,5.1764362714980825,70.66250196097344,2,2,3,0.4999999999999999,0.8660254037844387,0.9749279121818236,-0.2225209339563143,1.0,6.123233995736766e-17,0.0,0.0,0.0,21.5,46.5,100.0,79.5,-4.824999999999999,3.3960168,0.2,-1.825,18.75925928333333,26.316666666666663,26.5,26.5,26.5,25.966666666666665,-21.08244445,0.1962962799999985,-0.1266666666666664,-1.8613333333333333,-1.976,18.83456790666667,-1.89711111111111,4.2095876,4.260944,4.1935062,4.22999,4.1699076,0,0.0,1,1.0,-0.92,22.9,77.1
2023-03-15 02:30:00,164.897848088896,132.365260694446,132.390537466668,18.75925928333333,-1.976,25.966666666666665,2,5.1764362714980825,70.66250196097344,2,2,3,0.4999999999999999,0.8660254037844387,0.9749279121818236,-0.2225209339563143,1.0,6.123233995736766e-17,0.0,0.0,0.0,21.6,46.6,100.0,79.0,-5.05,3.3452506,0.2,-1.95,18.83333335,25.7,26.316666666666663,26.5,26.5,25.95,-20.73525928333333,-0.335185166666669,0.012,-1.988,-1.952,18.91728396777778,-1.9417777777777767,4.1699076,4.2095876,4.260944,4.1935062,4.185518,0,0.0,1,1.0,-1.0,26.0,74.0
2023-03-15 02:45:00,187.005019599996,153.262202616666,153.29053484999798,18.83333335,-1.952,25.95,2,5.1764362714980825,70.66250196097344,2,2,3,0.4999999999999999,0.8660254037844387,0.9749279121818236,-0.2225209339563143,1.0,6.123233995736766e-17,0.0,0.0,0.0,21.7,46.7,100.0,78.5,-5.275,3.295081,0.2,-2.075,18.87037038333333,25.966666666666665,25.7,26.316666666666663,26.5,25.716666666666665,-20.78533335,0.0740740666666646,0.0239999999999998,-1.976,-2.284,18.895679027777778,-1.9719999999999989,4.185518,4.1699076,4.2095876,4.260944,4.156971,0,0.0,0,1.0,-0.98,25.3,74.7
2023-03-15 03:00:00,147.542709105558,106.405188055556,106.4274094,18.87037038333333,-2.284,25.716666666666665,2,5.1764362714980825,70.66250196097344,3,2,3,0.7071067811865476,0.7071067811865476,0.9749279121818236,-0.2225209339563143,1.0,6.123233995736766e-17,0.0,0.0,0.0,21.8,46.8,100.0,78.0,-5.5,3.2455015,0.2,-2.2,18.705555590000003,25.95,25.966666666666665,25.7,26.316666666666663,25.95,-21.154370383333333,0.0370370333333376,-0.3319999999999996,-1.952,-2.5,18.820987672222223,-2.070666666666665,4.156971,4.185518,4.1699076,4.2095876,4.154015,0,0.0,0,1.0,-0.97,25.0,75.0
2023-03-15 03:15:00,379.29288326111,186.212551216666,186.243938844444,18.705555590000003,-2.5,25.95,2,5.1764362714980825,70.66250196097344,3,2,3,0.7071067811865476,0.7071067811865476,0.9749279121818236,-0.2225209339563143,1.0,6.123233995736766e-17,0.0,0.0,0.0,21.625,46.9,100.0,78.75,-5.625,3.2253065,0.2,-2.4250000000000003,19.02962967333333,25.716666666666665,25.95,25.966666666666665,25.7,25.35,-21.205555590000003,-0.1648147933333312,-0.2160000000000002,-2.284,-2.627333333333333,18.803086441111112,-2.245333333333332,4.154015,4.156971,4.185518,4.1699076,4.1364136,0,0.0,0,1.0,-1.01,26.5,73.5
2023-03-15 03:30:00,199.446188533332,35.552744516666,35.568299444444,19.02962967333333,-2.627333333333333,25.35,1,5.1764362714980825,70.66250196097344,3,2,3,0.7071067811865476,0.7071067811865476,0.9749279121818236,-0.2225209339563143,1.0,6.123233995736766e-17,0.0,0.0,0.0,21.450000000000003,47.0,100.0,79.5,-5.75,3.204849,0.2,-2.6500000000000004,18.86666669,25.95,25.716666666666665,25.95,25.966666666666665,25.35,-21.656963006666665,0.3240740833333291,-0.127333333333333,-2.5,-2.777333333333333,18.86851854888889,-2.470444444444443,4.1364136,4.154015,4.156971,4.185518,4.0968046,0,0.0,1,1.0,-0.94,23.6,76.4
2023-03-15 03:45:00,174.629681266664,131.348356955556,131.37446706111,18.86666669,-2.777333333333333,25.35,2,5.1764362714980825,70.66250196097344,3,2,3,0.7071067811865476,0.7071067811865476,0.9749279121818236,-0.2225209339563143,1.0,6.123233995736766e-17,0.0,0.0,0.0,21.275,47.1,100.0,80.25,-5.875,3.1841407,0.2,-2.875,18.93148146,25.35,25.95,25.716666666666665,25.95,25.316666666666663,-21.644000023333334,-0.1629629833333332,-0.1500000000000003,-2.627333333333333,-2.8553333333333333,18.867283984444445,-2.6348888888888875,4.0968046,4.1364136,4.154015,4.156971,4.107111,0,0.0,1,1.0,-0.98,25.1,74.9
2023-03-15 04:00:00,164.775075383334,132.484422644444,132.509977205554,18.93148146,-2.8553333333333333,25.316666666666663,2,5.1764362714980825,70.66250196097344,4,2,3,0.8660254037844386,0.5000000000000001,0.9749279121818236,-0.2225209339563143,1.0,6.123233995736766e-17,0.0,0.0,0.0,21.1,47.2,100.0,81.0,-6.0,3.1631932,0.2,-3.1,19.03888891,25.35,25.35,25.95,25.716666666666665,25.05,-21.78681479333333,0.0648147700000016,-0.0779999999999998,-2.777333333333333,-2.8266666666666667,18.94259260777778,-2.753333333333332,4.107111,4.0968046,4.1364136,4.154015,4.089696,0,0.0,0,1.0,-0.96,24.5,75.5
2023-03-15 04:15:00,83.823591222228,51.508772883334,51.525438883334,19.03888891,-2.8266666666666667,25.05,1,5.1764362714980825,70.66250196097344,4,2,3,0.8660254037844386,0.5000000000000001,0.9749279121818236,-0.2225209339563143,1.0,6.123233995736766e-17,0.0,0.0,0.0,20.925,46.825,100.0,81.0,-6.125,3.1297812,0.2,-3.25,18.744444426666668,25.316666666666663,25.35,25.35,25.95,25.466666666666665,-21.86555557666667,0.1074074500000001,0.0286666666666666,-2.8553333333333333,-2.802,18.94567902,-2.8197777777777766,4.089696,4.107111,4.0968046,4.1364136,4.086033,0,0.0,1,1.0,-0.94,23.6,76.4
2023-03-15 04:30:00,206.442853105554,147.627983544444,147.653815844444,18.744444426666668,-2.802,25.466666666666665,2,5.1764362714980825,70.66250196097344,4,2,3,0.8660254037844386,0.5000000000000001,0.9749279121818236,-0.2225209339563143,1.0,6.123233995736766e-17,0.0,0.0,0.0,20.75,46.45,100.0,81.0,-6.25,3.0966804,0.2,-3.4000000000000004,18.87222219,25.05,25.316666666666663,25.35,25.35,25.1,-21.546444426666667,-0.2944444833333328,0.0246666666666666,-2.8266666666666667,-3.0646666666666667,18.90493826555556,-2.827999999999999,4.086033,4.089696,4.107111,4.0968046,4.0577335,0,0.0,1,1.0,-1.0,26.2,73.8
2023-03-15 04:45:00,172.136725288892,134.6887789,134.71433346111002,18.87222219,-3.0646666666666667,25.1,2,5.1764362714980825,70.66250196097344,4,2,3,0.8660254037844386,0.5000000000000001,0.9749279121818236,-0.2225209339563143,1.0,6.123233995736766e-17,0.0,0.0,0.0,20.575,46.075,100.0,81.0,-6.375,3.063887,0.2,-3.5500000000000003,18.77037039,25.466666666666665,25.05,25.316666666666663,25.35,24.716666666666665,-21.936888856666663,0.1277777633333308,-0.2626666666666666,-2.802,-3.2486666666666664,18.88518517555556,-2.8977777777777765,4.0577335,4.086033,4.089696,4.107111,3.9717827,0,0.0,0,1.0,-0.98,25.1,74.9
2023-03-15 05:00:00,137.245620988892,105.013299316666,105.03635396111,18.77037039,-3.2486666666666664,24.716666666666665,2,5.1764362714980825,70.66250196097344,5,2,3,0.9659258262890684,0.2588190451025207,0.9749279121818236,-0.2225209339563143,1.0,6.123233995736766e-17,0.0,0.0,0.0,20.4,45.7,100.0,81.0,-6.5,3.0313995,0.2,-3.7,18.6666667,25.1,25.466666666666665,25.05,25.316666666666663,24.95,-22.019037056666665,-0.1018517999999986,-0.1839999999999997,-3.0646666666666667,-3.33,18.795679002222226,-3.038444444444444,3.9717827,4.0577335,4.086033,4.089696,3.9847593,0,0.0,0,1.0,-1.0,26.2,73.8
2023-03-15 05:15:00,214.801963211108,172.5830964,172.612261966664,18.6666667,-3.33,24.95,2,5.1764362714980825,70.66250196097344,5,2,3,0.9659258262890684,0.2588190451025207,0.9749279121818236,-0.2225209339563143,1.0,6.123233995736766e-17,0.0,0.0,0.0,20.225,45.175,100.0,80.75,-6.625,3.0006196,0.175,-3.8,19.038888903333334,24.716666666666665,25.1,25.466666666666665,25.05,24.35,-21.9966667,-0.1037036899999996,-0.0813333333333337,-3.2486666666666664,-3.3513333333333337,18.76975309333333,-3.214444444444443,3.9847593,3.9717827,4.0577335,4.086033,3.9754133,0,0.0,0,1.0,-1.02,27.1,72.9
2023-03-15 05:30:00,95.69728312222,58.021012366668,58.038233894446,19.038888903333334,-3.3513333333333337,24.35,1,5.1764362714980825,70.66250196097344,5,2,3,0.9659258262890684,0.2588190451025207,0.9749279121818236,-0.2225209339563143,1.0,6.123233995736766e-17,0.0,0.0,0.0,20.05,44.650000000000006,100.0,80.5,-6.75,2.9701066,0.15,-3.9,18.92777777,24.95,24.716666666666665,25.1,25.466666666666665,24.05,-22.390222236666663,0.3722222033333331,-0.0213333333333336,-3.33,-3.4233333333333333,18.82530866444445,-3.3099999999999987,3.9754133,3.9847593,3.9717827,4.0577335,3.9007673,0,0.0,1,1.0,-0.94,23.7,76.3
2023-03-15 05:45:00,157.693969938882,109.22201986111,109.24535226111,18.92777777,-3.4233333333333333,24.05,2,5.1764362714980825,70.66250196097344,5,2,3,0.9659258262890684,0.2588190451025207,0.9749279121818236,-0.2225209339563143,1.0,6.123233995736766e-17,0.0,0.0,0.0,19.875,44.125,100.0,80.25,-6.875,2.9398568,0.125,-4.0,18.88333336,24.35,24.95,24.716666666666665,25.1,24.466666666666665,-22.35111110333333,-0.1111111333333347,-0.0719999999999996,-3.3513333333333337,-3.444,18.877777791111114,-3.368222222222221,3.9007673,3.9754133,3.9847593,3.9717827,3.9579442,0,0.0,1,1.0,-0.97,24.8,75.2
2023-03-15 06:00:00,210.409638977772,169.09156943333198,169.12073498333,18.88333336,-3.444,24.466666666666665,2,5.1764362714980825,70.66250196097344,6,2,3,1.0,6.123233995736766e-17,0.9749279121818236,-0.2225209339563143,1.0,6.123233995736766e-17,0.0,0.0,0.0,19.7,43.6,100.0,80.0,-7.0,2.909869,0.1,-4.1,19.13888889,24.05,24.35,24.95,24.716666666666665,24.15,-22.32733336,-0.0444444100000005,-0.0206666666666666,-3.4233333333333333,-3.6086666666666662,18.95000001111111,-3.406222222222221,3.9579442,3.9007673,3.9754133,3.9847593,3.9660826,0,0.0,0,1.0,-0.98,25.1,74.9
2023-03-15 06:15:00,60.503690788892,25.927851744444,25.941740072222,19.13888889,-3.6086666666666662,24.15,1,5.1764362714980825,70.66250196097344,6,2,3,1.0,6.123233995736766e-17,0.9749279121818236,-0.2225209339563143,1.0,6.123233995736766e-17,0.0,0.0,0.0,19.525,43.225,100.0,80.0,-7.125,2.8891704,0.075,-4.199999999999999,18.849999996666668,24.466666666666665,24.05,24.35,24.95,24.183333333333334,-22.747555556666665,0.2555555299999987,-0.1646666666666667,-3.444,-3.796,18.98333334,-3.491999999999999,3.9660826,3.9579442,3.9007673,3.9754133,3.9044123,0,0.0,1,1.0,-0.92,22.9,77.1
2023-03-15 06:30:00,154.281328566664,122.044840227778,122.069561488888,18.849999996666668,-3.796,24.183333333333334,2,5.1764362714980825,70.66250196097344,6,2,3,1.0,6.123233995736766e-17,0.9749279121818236,-0.2225209339563143,1.0,6.123233995736766e-17,0.0,0.0,0.0,19.35,42.85,100.0,80.0,-7.25,2.868601,0.05,-4.3,18.90555552,24.15,24.466666666666665,24.05,24.35,24.1,-22.645999996666667,-0.2888888933333291,-0.1873333333333331,-3.6086666666666662,-3.898,18.957407415555554,-3.616222222222221,3.9044123,3.9660826,3.9579442,3.9007673,3.9037504,0,0.0,1,1.0,-0.99,25.5,74.5
2023-03-15 06:45:00,211.279604077776,163.335688544444,163.36457632222,18.90555552,-3.898,24.1,2,5.1764362714980825,70.66250196097344,6,2,3,1.0,6.123233995736766e-17,0.9749279121818236,-0.2225209339563143,1.0,6.123233995736766e-17,0.0,0.0,0.0,19.175,42.475,100.0,80.0,-7.375,2.8481607,0.0249999999999999,-4.4,19.122222206666667,24.183333333333334,24.15,24.466666666666665,24.05,23.53333333333333,-22.80355552,0.0555555233333322,-0.1020000000000003,-3.796,-3.9266666666666663,18.964814802222225,-3.767555555555554,3.9037504,3.9044123,3.9660826,3.9579442,3.8610137,0,0.0,0,1.0,-0.97,25.0,75.0
2023-03-15 07:00:00,73.169573083334,24.795952572222,24.808174283334,19.122222206666667,-3.9266666666666663,23.53333333333333,1,5.1764362714980825,70.66250196097344,7,2,3,0.9659258262890684,-0.2588190451025206,0.9749279121818236,-0.2225209339563143,1.0,6.123233995736766e-17,0.0,0.0,0.0,19.0,42.1,100.0,80.0,-7.5,2.8278487,0.0,-4.5,18.82222221,24.1,24.183333333333334,24.15,24.466666666666665,23.85,-23.048888873333333,0.2166666866666666,-0.0286666666666666,-3.898,-3.972,18.959259241111116,-3.8735555555555545,3.8610137,3.9037504,3.9044123,3.9660826,3.84428,0,0.0,1,1.0,-0.93,23.1,76.9
2023-03-15 07:15:00,177.968992072222,145.75861383889,145.786112772222,18.82222221,-3.972,23.85,2,5.1764362714980825,70.66250196097344,7,2,3,0.9659258262890684,-0.2588190451025206,0.9749279121818236,-0.2225209339563143,1.0,6.123233995736766e-17,1.75,0.4375,0.1458333333333333,18.725,41.825,100.0,79.25,-7.45,2.836634,0.0,-4.325,18.97962964666667,23.53333333333333,24.1,24.183333333333334,24.15,23.816666666666663,-22.79422221,-0.2999999966666671,-0.0453333333333332,-3.9266666666666663,-3.988,18.949999978888894,-3.932222222222221,3.84428,3.8610137,3.9037504,3.9044123,3.8747659,0,0.0,1,1.0,-0.99,25.9,74.1
2023-03-15 07:30:00,151.558381938886,115.606486672222,115.630652388888,18.97962964666667,-3.988,23.816666666666663,2,5.1764362714980825,70.66250196097344,7,2,3,0.9659258262890684,-0.2588190451025206,0.9749279121818236,-0.2225209339563143,1.0,6.123233995736766e-17,3.5,1.3125,0.4375,18.45,41.55,100.0,78.5,-7.4,2.8451376,0.0,-4.15,19.02222223,23.85,23.53333333333333,24.1,24.183333333333334,23.2,-22.96762964666667,0.15740743666667,-0.016,-3.972,-3.977333333333333,18.974691354444445,-3.962222222222221,3.8747659,3.84428,3.8610137,3.9037504,3.7839391,0,0.0,0,1.0,-0.96,24.4,75.6
2023-03-15 07:45:00,101.020681244444,61.955855,61.974743127778,19.02222223,-3.977333333333333,23.2,1,5.1764362714980825,70.66250196097344,7,2,3,0.9659258262890684,-0.2588190451025206,0.9749279121818236,-0.2225209339563143,1.0,6.123233995736766e-17,5.25,2.625,0.875,18.175,41.275,100.0,77.75,-7.35,2.8533533,0.0,-3.975,18.761111106666664,23.816666666666663,23.85,23.53333333333333,24.1,23.466666666666665,-22.99955556333333,0.0425925833333309,0.0106666666666668,-3.988,-3.9286666666666665,18.94135802888889,-3.9791111111111097,3.7839391,3.8747659,3.84428,3.8610137,3.7688518,0,0.0,1,1.0,-0.95,24.1,75.9
2023-03-15 08:00:00,204.76903116111,158.336999616666,158.366720677776,18.761111106666664,-3.9286666666666665,23.466666666666665,2,5.1764362714980825,70.66250196097344,8,2,3,0.8660254037844387,-0.4999999999999998,0.9749279121818236,-0.2225209339563143,1.0,6.123233995736766e-17,7.0,4.375,1.4583333333333333,17.9,41.0,100.0,77.0,-7.3,2.8612716,0.0,-3.8,19.00555556,23.2,23.816666666666663,23.85,23.53333333333333,23.45,-22.689777773333333,-0.2611111233333361,0.0486666666666666,-3.977333333333333,-3.918,18.920987661111116,-3.9646666666666657,3.7688518,3.7839391,3.8747659,3.84428,3.8209555,0,0.0,1,1.0,-1.01,26.5,73.5
2023-03-15 08:15:00,121.432920388884,81.107311144444,81.12842143333201,19.00555556,-3.918,23.45,2,5.1764362714980825,70.66250196097344,8,2,3,0.8660254037844387,-0.4999999999999998,0.9749279121818236,-0.2225209339563143,1.0,6.123233995736766e-17,23.75,9.875,3.4375,18.35,41.55,99.75,76.0,-7.475,2.8241124,0.0,-3.8,18.93703705333333,23.466666666666665,23.2,23.816666666666663,23.85,23.216666666666665,-22.92355556,0.2444444533333367,0.0106666666666663,-3.9286666666666665,-3.959333333333333,18.929629632222227,-3.941333333333332,3.8209555,3.7688518,3.7839391,3.8747659,3.7676642,0,0.0,0,1.0,-0.95,24.2,75.8
2023-03-15 08:30:00,799.796062494442,89.606415583334,89.629748016666,18.93703705333333,-3.959333333333333,23.216666666666665,2,5.1764362714980825,70.66250196097344,8,2,3,0.8660254037844387,-0.4999999999999998,0.9749279121818236,-0.2225209339563143,1.0,6.123233995736766e-17,40.5,19.125,6.8125,18.8,42.1,99.5,75.0,-7.65,2.7869532,0.0,-3.8,18.7888889,23.45,23.466666666666665,23.2,23.816666666666663,23.5,-22.896370386666664,-0.0685185066666704,-0.0413333333333332,-3.918,-3.868666666666667,18.901234573333333,-3.935333333333332,3.7676642,3.8209555,3.7688518,3.7839391,3.7804098,0,0.0,0,1.0,-0.97,24.9,75.1
2023-03-15 08:45:00,211.577369966664,179.3736581,179.40560132222,18.7888889,-3.868666666666667,23.5,2,5.1764362714980825,70.66250196097344,8,2,3,0.8660254037844387,-0.4999999999999998,0.9749279121818236,-0.2225209339563143,1.0,6.123233995736766e-17,57.25000000000001,32.125,11.583333333333334,19.25,42.650000000000006,99.25,74.0,-7.825,2.7497938,0.0,-3.8,19.077777816666664,23.216666666666665,23.45,23.466666666666665,23.2,23.316666666666663,-22.657555566666662,-0.1481481533333308,0.0906666666666664,-3.959333333333333,-3.898,18.91049383777778,-3.915333333333333,3.7804098,3.7676642,3.8209555,3.7688518,3.8154523,0,0.0,0,1.0,-1.0,26.2,73.8
2023-03-15 09:00:00,91.589391811112,56.951332955556,56.968276727778,19.077777816666664,-3.898,23.316666666666663,1,5.1764362714980825,70.66250196097344,9,2,3,0.7071067811865476,-0.7071067811865475,0.9749279121818236,-0.2225209339563143,1.0,6.123233995736766e-17,74.0,48.875,17.75,19.7,43.2,99.0,73.0,-8.0,2.7126346,0.0,-3.8,18.92777777,23.5,23.216666666666665,23.45,23.466666666666665,23.0,-22.975777816666664,0.2888889166666644,-0.0293333333333332,-3.868666666666667,-3.7666666666666666,18.934567923333333,-3.9086666666666656,3.8154523,3.7804098,3.7676642,3.8209555,3.7304645,0,0.0,1,1.0,-0.94,23.6,76.4
2023-03-15 09:15:00,145.143083111104,86.289603827778,86.309880833332,18.92777777,-3.7666666666666666,23.0,2,5.1764362714980825,70.66250196097344,9,2,3,0.7071067811865476,-0.7071067811865475,0.9749279121818236,-0.2225209339563143,1.0,6.123233995736766e-17,116.75,72.125,27.479166666666668,20.425,44.725,98.75,71.75,-8.125,2.6899986,0.0,-3.675,18.720370376666665,23.316666666666663,23.5,23.216666666666665,23.45,23.0,-22.694444436666664,-0.1500000466666655,0.1313333333333335,-3.898,-3.701333333333333,18.931481495555555,-3.844444444444444,3.7304645,3.8154523,3.7804098,3.7676642,3.6850145,0,0.0,1,1.0,-0.97,25.0,75.0
2023-03-15 09:30:00,131.903057016666,97.744701188888,97.76664476111,18.720370376666665,-3.701333333333333,23.0,2,5.1764362714980825,70.66250196097344,9,2,3,0.7071067811865476,-0.7071067811865475,0.9749279121818236,-0.2225209339563143,1.0,6.123233995736766e-17,159.5,101.875,40.770833333333336,21.15,46.25,98.5,70.5,-8.25,2.6667166,0.0,-3.55,18.55555555,23.0,23.316666666666663,23.5,23.216666666666665,23.35,-22.42170371,-0.2074073933333338,0.0653333333333336,-3.7666666666666666,-3.624,18.908641987777777,-3.7886666666666655,3.6850145,3.7304645,3.8154523,3.7804098,3.7047741,0,0.0,0,1.0,-1.02,27.0,73.0
2023-03-15 09:45:00,179.041449338882,146.8066275,146.834959766664,18.55555555,-3.624,23.35,2,5.1764362714980825,70.66250196097344,9,2,3,0.7071067811865476,-0.7071067811865475,0.9749279121818236,-0.2225209339563143,1.0,6.123233995736766e-17,202.25,138.125,57.625,21.875,47.775,98.25,69.25,-8.375,2.642779,0.0,-3.425,18.849999983333337,23.0,23.0,23.316666666666663,23.5,23.5,-22.17955555,-0.1648148266666638,0.0773333333333328,-3.701333333333333,-3.618666666666667,18.73456789888889,-3.697333333333332,3.7047741,3.6850145,3.7304645,3.8154523,3.794088,0,0.0,0,1.0,-1.06,28.6,71.4
2023-03-15 10:00:00,203.411030033328,160.468303211112,160.496635477776,18.849999983333337,-3.618666666666667,23.5,2,5.1764362714980825,70.66250196097344,10,2,3,0.4999999999999999,-0.8660254037844387,0.9749279121818236,-0.2225209339563143,1.0,6.123233995736766e-17,245.0,180.875,78.04166666666667,22.6,49.3,98.0,68.0,-8.5,2.6181788,0.0,-3.3,19.188888870000003,23.35,23.0,23.0,23.316666666666663,22.85,-22.468666650000003,0.2944444333333358,0.0053333333333331,-3.624,-3.5373333333333337,18.70864197,-3.6479999999999984,3.794088,3.7047741,3.6850145,3.7304645,3.763663,0,0.0,0,1.0,-0.99,25.7,74.3
2023-03-15 10:15:00,58.94319776111,19.000351072222,19.013961627778,19.188888870000003,-3.5373333333333337,22.85,1,5.1764362714980825,70.66250196097344,10,2,3,0.4999999999999999,-0.8660254037844387,0.9749279121818236,-0.2225209339563143,1.0,6.123233995736766e-17,276.0,220.6875,100.89583333333331,22.775,49.925,93.5,67.0,-8.55,2.6026177,0.0,-3.175,19.28333332333333,23.5,23.35,23.0,23.0,22.966666666666665,-22.726222203333336,0.3388888866666661,0.0813333333333332,-3.618666666666667,-3.3993333333333333,18.86481480111112,-3.5933333333333324,3.763663,3.794088,3.7047741,3.6850145,3.803985,0,0.0,1,1.0,-0.92,22.7,77.3
2023-03-15 10:30:00,169.008517122224,123.6717196,123.696996388888,19.28333332333333,-3.3993333333333333,22.966666666666665,2,5.1764362714980825,70.66250196097344,10,2,3,0.4999999999999999,-0.8660254037844387,0.9749279121818236,-0.2225209339563143,1.0,6.123233995736766e-17,307.0,257.5625,126.1875,22.950000000000003,50.55,89.0,66.0,-8.6,2.5865483,0.0,-3.05,19.51666667,22.85,23.5,23.35,23.0,22.95,-22.68266665666667,0.094444453333331,0.1380000000000003,-3.5373333333333337,-2.9673333333333334,19.10740739222223,-3.518444444444443,3.803985,3.763663,3.794088,3.7047741,3.8537676,0,0.0,1,1.0,-0.89,21.9,78.1
2023-03-15 10:45:00,130.677828361106,88.9947734,89.01588370555399,19.51666667,-2.9673333333333334,22.95,2,5.1764362714980825,70.66250196097344,10,2,3,0.4999999999999999,-0.8660254037844387,0.9749279121818236,-0.2225209339563143,1.0,6.123233995736766e-17,338.0,291.5,153.91666666666666,23.125,51.175,84.5,65.0,-8.649999999999999,2.5699632,0.0,-2.925,20.15,22.966666666666665,22.85,23.5,23.35,22.35,-22.48400000333333,0.2333333466666651,0.4319999999999999,-3.3993333333333333,-2.8386666666666667,19.329629621111117,-3.301333333333332,3.8537676,3.803985,3.763663,3.794088,3.8950045,0,0.0,0,1.0,-0.84,19.9,80.1
2023-03-15 11:00:00,62.277786572222,29.201054111112,29.216609055556003,20.15,-2.8386666666666667,22.35,1,5.1764362714980825,70.66250196097344,11,2,3,0.258819045102521,-0.9659258262890682,0.9749279121818236,-0.2225209339563143,1.0,6.123233995736766e-17,369.0,322.5,184.08333333333331,23.3,51.8,80.0,64.0,-8.7,2.5528564,0.0,-2.8,20.48333333,22.95,22.966666666666665,22.85,23.5,22.0,-22.988666666666667,0.6333333299999993,0.1286666666666667,-2.9673333333333334,-2.508666666666667,19.64999999777778,-3.0684444444444434,3.8950045,3.8537676,3.803985,3.763663,3.9093914,0,0.0,1,1.0,-0.7,15.3,84.7
2023-03-15 11:15:00,165.442270977776,133.212171316666,133.238836949998,20.48333333,-2.508666666666667,22.0,2,5.1764362714980825,70.66250196097344,11,2,3,0.258819045102521,-0.9659258262890682,0.9749279121818236,-0.2225209339563143,1.0,6.123233995736766e-17,426.0,360.0,217.60416666666663,23.125,52.075,65.25,62.75,-8.725,2.5430155,0.0,-2.575,20.3648148,22.35,22.95,22.966666666666665,22.85,22.0,-22.991999996666667,0.3333333300000021,0.3299999999999996,-2.8386666666666667,-2.1253333333333333,20.05,-2.7715555555555547,3.9093914,3.8950045,3.8537676,3.803985,3.882443,0,0.0,1,1.0,-0.63,13.2,86.8
2023-03-15 11:30:00,112.055795472218,59.6759462,59.693445533332,20.3648148,-2.1253333333333333,22.0,1,5.1764362714980825,70.66250196097344,11,2,3,0.258819045102521,-0.9659258262890682,0.9749279121818236,-0.2225209339563143,1.0,6.123233995736766e-17,483.0,404.0,254.47916666666663,22.950000000000003,52.35,50.5,61.5,-8.75,2.53213,0.0,-2.35,20.56666666,22.0,22.35,22.95,22.966666666666665,22.0,-22.49014813333333,-0.1185185300000029,0.3833333333333337,-2.508666666666667,-1.9393333333333331,20.33271604333333,-2.490888888888888,3.882443,3.9093914,3.8950045,3.8537676,3.9284365,0,0.0,1,1.0,-0.65,14.0,86.0
2023-03-15 11:45:00,349.70267808333,61.516150388888,61.53476076111,20.56666666,-1.9393333333333331,22.0,1,5.1764362714980825,70.66250196097344,11,2,3,0.258819045102521,-0.9659258262890682,0.9749279121818236,-0.2225209339563143,1.0,6.123233995736766e-17,540.0,454.5,294.7083333333333,22.775,52.625,35.75,60.25,-8.775,2.5201728,0.0,-2.125,20.92037034666667,22.0,22.0,22.35,22.95,21.816666666666663,-22.505999993333333,0.2018518600000014,0.1859999999999999,-2.1253333333333333,-1.9546666666666668,20.47160493,-2.19111111111111,3.9284365,3.882443,3.9093914,3.8950045,3.976751,0,0.0,0,1.0,-0.61,12.8,87.2
2023-03-15 12:00:00,152.88610647778,120.592676083334,120.6168418,20.92037034666667,-1.9546666666666668,21.816666666666663,2,5.1764362714980825,70.66250196097344,12,2,3,1.2246467991473532e-16,-1.0,0.9749279121818236,-0.2225209339563143,1.0,6.123233995736766e-17,597.0,511.5,338.2916666666667,22.6,52.9,21.0,59.0,-8.8,2.5071163,0.0,-1.9,21.41666666,22.0,22.0,22.0,22.35,21.45,-22.875037013333337,0.3537036866666696,-0.0153333333333334,-1.9393333333333331,-1.606666666666667,20.61728393555556,-2.006444444444444,3.976751,3.9284365,3.882443,3.9093914,4.024149,0,0.0,1,1.0,-0.53,10.8,89.2
2023-03-15 12:15:00,42.345250438894,0.0,0.0,21.41666666,-1.606666666666667,21.45,0,5.1764362714980825,70.66250196097344,12,2,3,1.2246467991473532e-16,-1.0,0.9749279121818236,-0.2225209339563143,1.0,6.123233995736766e-17,630.25,562.5625,381.0833333333333,22.0,52.45,18.25,57.75,-8.9,2.4885802,0.0,-1.7,22.03518515,21.816666666666663,22.0,22.0,22.0,20.85,-23.023333326666663,0.4962963133333282,0.3480000000000001,-1.9546666666666668,-1.6086666666666667,20.967901222222224,-1.8335555555555545,4.024149,3.976751,3.9284365,3.882443,4.05389,1,1.0,1,0.75,-0.42,8.6,91.4
2023-03-15 12:30:00,143.28954597222202,106.3740782,106.396855072222,22.03518515,-1.6086666666666667,20.85,2,5.1764362714980825,70.66250196097344,12,2,3,1.2246467991473532e-16,-1.0,0.9749279121818236,-0.2225209339563143,1.0,6.123233995736766e-17,663.5,607.6875,423.0833333333333,21.4,52.0,15.5,56.5,-9.0,2.4689655,0.0,-1.5,23.04999997,21.45,21.816666666666663,22.0,22.0,20.1,-23.64385181666667,0.6185184900000031,-0.002,-1.606666666666667,-1.5,21.45740738555556,-1.723333333333332,4.05389,4.024149,3.976751,3.9284365,4.1425104,0,1.0,1,0.75,-0.28,6.6,93.4
2023-03-15 12:45:00,91.653000383334,42.562186311112,42.578296783334,23.04999997,-1.5,20.1,1,5.1764362714980825,70.66250196097344,12,2,3,1.2246467991473532e-16,-1.0,0.9749279121818236,-0.2225209339563143,1.0,6.123233995736766e-17,696.75,646.875,464.2916666666667,20.8,51.55,12.75,55.25,-9.1,2.448248,0.0,-1.3,23.914814806666666,20.85,21.45,21.816666666666663,22.0,19.35,-24.54999997,1.014814819999998,0.1086666666666666,-1.6086666666666667,-1.336,22.167283926666663,-1.5717777777777766,4.1425104,4.05389,4.024149,3.976751,4.1894174,0,1.0,1,0.75,-0.05,5.1,94.9
2023-03-15 13:00:00,56.531071950002,16.167408827778,16.18046383889,23.914814806666666,-1.336,19.35,1,5.1764362714980825,70.66250196097344,13,2,3,-0.2588190451025208,-0.9659258262890684,0.9749279121818236,-0.2225209339563143,1.0,6.123233995736766e-17,730.0,680.125,504.7083333333333,20.2,51.1,10.0,54.0,-9.2,2.426404,0.0,-1.1,24.39999998,20.1,20.85,21.45,21.816666666666663,18.95,-25.250814806666664,0.8648148366666675,0.1640000000000001,-1.5,-1.2813333333333332,22.99999997555556,-1.4815555555555544,4.1894174,4.1425104,4.05389,4.024149,4.217241,0,1.0,0,0.75,0.15,5.4,94.6
2023-03-15 13:15:00,156.84761467778,117.946393055556,117.970558772222,24.39999998,-1.2813333333333332,18.95,2,5.1764362714980825,70.66250196097344,13,2,3,-0.2588190451025208,-0.9659258262890684,0.9749279121818236,-0.2225209339563143,1.0,6.123233995736766e-17,736.5,706.6875,543.0833333333334,20.0,50.2,7.5,53.75,-9.075,2.453226,0.0,-0.875,24.92962962,19.35,20.1,20.85,21.45,18.35,-25.681333313333333,0.4851851733333348,0.0546666666666666,-1.336,-1.134,23.788271585555552,-1.372444444444443,4.217241,4.1894174,4.1425104,4.05389,4.2077045,0,0.0,1,1.0,0.26,6.4,93.6
2023-03-15 13:30:00,42.068039361114,0.0,0.0,24.92962962,-1.134,18.35,0,5.1764362714980825,70.66250196097344,13,2,3,-0.2588190451025208,-0.9659258262890684,0.9749279121818236,-0.2225209339563143,1.0,6.123233995736766e-17,743.0,726.5625,579.4166666666666,19.8,49.3,5.0,53.5,-8.95,2.4802172,0.0,-0.65,25.24444447,18.95,19.35,20.1,20.85,18.0,-26.06362962,0.5296296399999996,0.1473333333333331,-1.2813333333333332,-0.8826666666666667,24.414814802222224,-1.2504444444444431,4.2077045,4.217241,4.1894174,4.1425104,4.2012434,1,1.0,1,0.75,0.37,7.9,92.1
2023-03-15 13:45:00,73.26956908333399,33.56226853889,33.575323550002,25.24444447,-0.8826666666666667,18.0,1,5.1764362714980825,70.66250196097344,13,2,3,-0.2588190451025208,-0.9659258262890684,0.9749279121818236,-0.2225209339563143,1.0,6.123233995736766e-17,749.5,739.75,613.7083333333334,19.6,48.4,2.5,53.25,-8.825,2.5073762,0.0,-0.4249999999999999,25.359259273333333,18.35,18.95,19.35,20.1,17.816666666666666,-26.127111136666667,0.3148148500000012,0.2513333333333334,-1.134,-0.7013333333333333,24.85802469,-1.0993333333333322,4.2012434,4.2077045,4.217241,4.1894174,4.1853714,0,1.0,1,0.75,0.45,9.1,90.9
2023-03-15 14:00:00,161.47159654444,105.0907962,105.114128633332,25.359259273333333,-0.7013333333333333,17.816666666666666,2,5.1764362714980825,70.66250196097344,14,2,3,-0.4999999999999997,-0.8660254037844388,0.9749279121818236,-0.2225209339563143,1.0,6.123233995736766e-17,756.0,746.25,645.9583333333334,19.4,47.5,0.0,53.0,-8.7,2.534701,0.0,-0.2,25.60555558,18.0,18.35,18.95,19.35,17.5,-26.060592606666667,0.1148148033333313,0.1813333333333334,-0.8826666666666667,-0.7706666666666667,25.17777778777778,-0.9059999999999988,4.1853714,4.2012434,4.2077045,4.217241,4.1681995,0,1.0,1,0.75,0.47,9.6,90.4
2023-03-15 14:15:00,36.271326855556,0.0,0.0,25.60555558,-0.7706666666666667,17.5,0,5.1764362714980825,70.66250196097344,14,2,3,-0.4999999999999997,-0.8660254037844388,0.9749279121818236,-0.2225209339563143,1.0,6.123233995736766e-17,747.0,748.875,672.7083333333334,19.475,47.225,0.0,52.5,-8.625,2.5412776,0.0,-0.025,25.50185188333333,17.816666666666666,18.0,18.35,18.95,17.5,-26.376222246666668,0.2462963066666681,-0.0693333333333334,-0.7013333333333333,-0.4246666666666667,25.403086441111117,-0.7848888888888877,4.1681995,4.1853714,4.2012434,4.2077045,4.144025,1,2.0,1,0.5,0.53,10.8,89.2
2023-03-15 14:30:00,90.818033650006,58.5959894,58.615433088888,25.50185188333333,-0.4246666666666667,17.5,1,5.1764362714980825,70.66250196097344,14,2,3,-0.4999999999999997,-0.8660254037844388,0.9749279121818236,-0.2225209339563143,1.0,6.123233995736766e-17,738.0,747.625,693.9583333333334,19.55,46.95,0.0,52.0,-8.55,2.5475948,0.0,0.1499999999999999,25.438888870000003,17.5,17.816666666666666,18.0,18.35,17.5,-25.92651855,-0.1037036966666669,0.346,-0.7706666666666667,-0.4026666666666667,25.488888912222222,-0.632222222222221,4.144025,4.1681995,4.1853714,4.2012434,4.1294055,0,1.0,1,0.75,0.5,10.3,89.7
2023-03-15 14:45:00,127.473511972222,84.677723872222,84.697723055556,25.438888870000003,-0.4026666666666667,17.5,2,5.1764362714980825,70.66250196097344,14,2,3,-0.4999999999999997,-0.8660254037844388,0.9749279121818236,-0.2225209339563143,1.0,6.123233995736766e-17,729.0,742.5,709.7083333333334,19.625,46.675,0.0,51.5,-8.475,2.5536458,0.0,0.3249999999999999,25.466666676666662,17.5,17.5,17.816666666666666,18.0,17.5,-25.841555536666668,-0.0629630133333307,0.022,-0.4246666666666667,-0.138,25.515432111111117,-0.5326666666666656,4.1294055,4.144025,4.1681995,4.1853714,4.135849,0,1.0,1,0.75,0.49,9.9,90.1
2023-03-15 15:00:00,46.874513794446,0.0,0.0,25.466666676666662,-0.138,17.5,0,5.1764362714980825,70.66250196097344,15,2,3,-0.7071067811865471,-0.7071067811865479,0.9749279121818236,-0.2225209339563143,1.0,6.123233995736766e-17,720.0,733.5,719.9583333333334,19.7,46.4,0.0,51.0,-8.4,2.5594249,0.0,0.5,25.13333335,17.5,17.5,17.5,17.816666666666666,17.5,-25.604666676666668,0.0277778066666627,0.2646666666666666,-0.4026666666666667,-0.1013333333333333,25.46913581,-0.3217777777777766,4.135849,4.1294055,4.144025,4.1681995,4.0590944,1,2.0,1,0.5,0.49,10.1,89.9
2023-03-15 15:15:00,135.724570783334,93.4179298,93.4395956,25.13333335,-0.1013333333333333,17.5,2,5.1764362714980825,70.66250196097344,15,2,3,-0.7071067811865471,-0.7071067811865479,0.9749279121818236,-0.2225209339563143,1.0,6.123233995736766e-17,693.5,720.125,725.2291666666666,19.6,46.4,0.0,50.75,-8.375,2.5732105,0.0,0.65,25.024074093333336,17.5,17.5,17.5,17.5,17.5,-25.23466668333333,-0.3333333266666685,0.0366666666666666,-0.138,0.1006666666666666,25.34629629888889,-0.2139999999999987,4.0590944,4.135849,4.1294055,4.144025,4.034205,0,1.0,1,0.75,0.42,8.6,91.4
2023-03-15 15:30:00,98.349676988888,55.440560055556,55.45833716111,25.024074093333336,0.1006666666666666,17.5,1,5.1764362714980825,70.66250196097344,15,2,3,-0.7071067811865471,-0.7071067811865479,0.9749279121818236,-0.2225209339563143,1.0,6.123233995736766e-17,667.0,702.375,725.5208333333334,19.5,46.4,0.0,50.5,-8.350000000000001,2.586974,0.0,0.8,24.73333337,17.5,17.5,17.5,17.5,17.85,-24.92340742666667,-0.109259256666661,0.202,-0.1013333333333333,0.072,25.208024706666667,-0.046222222222221,4.034205,4.0590944,4.135849,4.1294055,4.0479865,0,1.0,1,0.75,0.39,8.2,91.8
2023-03-15 15:45:00,54.022005650002,21.753296483334,21.7682959,24.73333337,0.072,17.85,1,5.1764362714980825,70.66250196097344,15,2,3,-0.7071067811865471,-0.7071067811865479,0.9749279121818236,-0.2225209339563143,1.0,6.123233995736766e-17,640.5,680.25,720.8333333333334,19.4,46.4,0.0,50.25,-8.325000000000001,2.6007135,0.0,0.95,24.077777786666665,17.5,17.5,17.5,17.5,18.0,-24.66133337,-0.2907407233333359,-0.0286666666666666,0.1006666666666666,0.348,24.963580271111116,0.0237777777777789,4.0479865,4.034205,4.0590944,4.135849,3.9333515,0,1.0,0,0.75,0.33,7.2,92.8
2023-03-15 16:00:00,160.944395316666,128.6573535,128.683185816666,24.077777786666665,0.348,18.0,2,5.1764362714980825,70.66250196097344,16,2,3,-0.8660254037844385,-0.5000000000000004,0.9749279121818236,-0.2225209339563143,1.0,6.123233995736766e-17,614.0,653.75,711.1666666666666,19.3,46.4,0.0,50.0,-8.3,2.6144269,0.0,1.1,23.63888887,17.85,17.5,17.5,17.5,18.05,-23.729777786666663,-0.6555555833333351,0.2759999999999999,0.072,0.6080000000000001,24.61172841666667,0.1735555555555567,3.9333515,4.0479865,4.034205,4.0590944,3.8471222,0,0.0,1,1.0,0.18,5.6,94.4
2023-03-15 16:15:00,79.387379994442,20.715838016666,20.727781955556,23.63888887,0.6080000000000001,18.05,1,5.1764362714980825,70.66250196097344,16,2,3,-0.8660254037844385,-0.5000000000000004,0.9749279121818236,-0.2225209339563143,1.0,6.123233995736766e-17,575.25,624.1875,697.7291666666666,19.375,46.05,0.0,48.75,-8.5,2.566521,0.0,1.2000000000000002,23.064814793333333,18.0,17.85,17.5,17.5,18.466666666666665,-23.03088887,-0.4388889166666629,0.2600000000000001,0.348,0.85,24.15000000888889,0.3426666666666678,3.8471222,3.9333515,4.0479865,4.034205,3.8091137,0,0.0,1,1.0,0.07,5.1,94.9
2023-03-15 16:30:00,99.893504149998,62.300841183334,62.319173783334,23.064814793333333,0.85,18.466666666666665,1,5.1764362714980825,70.66250196097344,16,2,3,-0.8660254037844385,-0.5000000000000004,0.9749279121818236,-0.2225209339563143,1.0,6.123233995736766e-17,536.5,591.5625,680.5208333333334,19.450000000000003,45.7,0.0,47.5,-8.7,2.5178218,0.0,1.3,22.42777775,18.05,18.0,17.85,17.5,18.85,-22.21481479333333,-0.574074076666669,0.2419999999999998,0.6080000000000001,1.1413333333333333,23.59382715,0.6020000000000012,3.8091137,3.8471222,3.9333515,4.0479865,3.748773,0,0.0,0,1.0,-0.06,5.1,94.9
2023-03-15 16:45:00,140.253278577776,108.020956755556,108.044844733332,22.42777775,1.1413333333333333,18.85,2,5.1764362714980825,70.66250196097344,16,2,3,-0.8660254037844385,-0.5000000000000004,0.9749279121818236,-0.2225209339563143,1.0,6.123233995736766e-17,497.75,555.875,659.5416666666666,19.525,45.35,0.0,46.25,-8.9,2.468322,0.0,1.4,22.003703703333333,18.466666666666665,18.05,18.0,17.85,19.0,-21.28644441666667,-0.6370370433333328,0.2913333333333333,0.85,1.2006666666666668,23.043827137777782,0.8664444444444457,3.748773,3.8091137,3.8471222,3.9333515,3.6874952,0,0.0,1,1.0,-0.2,5.8,94.2
2023-03-15 17:00:00,56.794394816666,16.235461655556,16.24796113889,22.003703703333333,1.2006666666666668,19.0,1,5.1764362714980825,70.66250196097344,17,2,3,-0.9659258262890684,-0.2588190451025206,0.9749279121818236,-0.2225209339563143,1.0,6.123233995736766e-17,459.0,517.125,634.7916666666666,19.6,45.0,0.0,45.0,-9.1,2.4180133,0.0,1.5,21.49444446,18.85,18.466666666666665,18.05,18.0,19.4,-20.803037036666662,-0.4240740466666679,0.0593333333333334,1.1413333333333333,1.2446666666666668,22.49876541555556,1.0640000000000012,3.6874952,3.748773,3.8091137,3.8471222,3.6559818,0,0.0,1,1.0,-0.3,6.8,93.2
2023-03-15 17:15:00,177.0979158,136.958410311112,136.985075927778,21.49444446,1.2446666666666668,19.4,2,5.1764362714980825,70.66250196097344,17,2,3,-0.9659258262890684,-0.2588190451025206,0.9749279121818236,-0.2225209339563143,1.0,6.123233995736766e-17,412.0,476.3125,606.875,18.975,44.825,0.0,46.0,-8.9,2.4591625,0.0,1.425,21.26481482,19.0,18.85,18.466666666666665,18.05,19.78333333333333,-20.249777793333333,-0.5092592433333323,0.044,1.2006666666666668,1.3473333333333335,21.975308637777783,1.1955555555555568,3.6559818,3.6874952,3.748773,3.8091137,3.6789567,0,0.0,1,1.0,-0.41,8.5,91.5
2023-03-15 17:30:00,84.477454033336,35.7060717,35.721071083334,21.26481482,1.3473333333333335,19.78333333333333,1,5.1764362714980825,70.66250196097344,17,2,3,-0.9659258262890684,-0.2588190451025206,0.9749279121818236,-0.2225209339563143,1.0,6.123233995736766e-17,365.0,433.4375,575.7916666666666,18.35,44.65,0.0,47.0,-8.7,2.4998207,0.0,1.35,20.96666667,19.4,19.0,18.85,18.466666666666665,19.6,-19.917481486666667,-0.2296296399999988,0.1026666666666666,1.2446666666666668,1.3753333333333333,21.58765432777778,1.2642222222222237,3.6789567,3.6559818,3.6874952,3.748773,3.582324,0,0.0,1,1.0,-0.46,9.4,90.6
2023-03-15 17:45:00,119.8943707,81.229806244444,81.24980544444401,20.96666667,1.3753333333333333,19.6,2,5.1764362714980825,70.66250196097344,17,2,3,-0.9659258262890684,-0.2588190451025206,0.9749279121818236,-0.2225209339563143,1.0,6.123233995736766e-17,318.0,388.5,541.5416666666666,17.725,44.475,0.0,48.0,-8.5,2.5399933,0.0,1.275,20.72222225,19.78333333333333,19.4,19.0,18.85,20.433333333333334,-19.591333336666665,-0.2981481500000029,0.0279999999999998,1.3473333333333335,1.508,21.241975316666668,1.3224444444444456,3.582324,3.6789567,3.6559818,3.6874952,3.6819022,0,0.0,1,1.0,-0.53,10.9,89.1
2023-03-15 18:00:00,155.849321244448,119.0802366,119.1044023,20.72222225,1.508,20.433333333333334,2,5.1764362714980825,70.66250196097344,18,2,3,-1.0,-1.8369701987210294e-16,0.9749279121818236,-0.2225209339563143,1.0,6.123233995736766e-17,271.0,341.5,504.125,17.1,44.3,0.0,49.0,-8.3,2.5796828,0.0,1.2,20.70555555,19.6,19.78333333333333,19.4,19.0,20.2,-19.21422225,-0.2444444199999971,0.1326666666666667,1.3753333333333333,1.3886666666666665,20.984567913333336,1.4102222222222236,3.6819022,3.582324,3.6789567,3.6559818,3.636328,0,0.0,0,1.0,-0.58,12.1,87.9
2023-03-15 18:15:00,60.139261033332,27.884162355556,27.898883983334,20.70555555,1.3886666666666665,20.2,1,5.1764362714980825,70.66250196097344,18,2,3,-1.0,-1.8369701987210294e-16,0.9749279121818236,-0.2225209339563143,1.0,6.123233995736766e-17,223.75,294.4375,464.9791666666667,16.650000000000002,42.575,0.0,52.25,-7.950000000000001,2.6720452,0.0,0.7749999999999999,20.37037038333333,20.433333333333334,19.6,19.78333333333333,19.4,20.65,-19.31688888333333,-0.0166667000000018,-0.1193333333333335,1.508,1.395333333333333,20.798148156666667,1.4240000000000013,3.636328,3.6819022,3.582324,3.6789567,3.6453848,0,0.0,1,1.0,-0.59,12.2,87.8
2023-03-15 18:30:00,172.24949866111,124.841117222224,124.86528293889,20.37037038333333,1.395333333333333,20.65,2,5.1764362714980825,70.66250196097344,18,2,3,-1.0,-1.8369701987210294e-16,0.9749279121818236,-0.2225209339563143,1.0,6.123233995736766e-17,176.5,247.3125,424.1041666666667,16.200000000000003,40.85,0.0,55.5,-7.6,2.7567186,0.0,0.3499999999999998,20.38888887,20.2,20.433333333333334,19.6,19.78333333333333,20.65,-18.97503705,-0.3351851666666654,0.0066666666666668,1.3886666666666665,1.1613333333333336,20.59938272777778,1.430666666666668,3.6453848,3.636328,3.6819022,3.582324,3.6493275,0,0.0,1,1.0,-0.66,14.2,85.8
2023-03-15 18:45:00,98.801603344444,50.31993153889,50.336319783334,20.38888887,1.1613333333333336,20.65,1,5.1764362714980825,70.66250196097344,18,2,3,-1.0,-1.8369701987210294e-16,0.9749279121818236,-0.2225209339563143,1.0,6.123233995736766e-17,129.25,200.125,381.5,15.75,39.125,0.0,58.75,-7.25,2.834026,0.0,-0.0750000000000001,20.27037039,20.65,20.2,20.433333333333334,19.6,20.683333333333334,-19.227555536666667,0.0185184866666681,-0.2339999999999997,1.395333333333333,0.9586666666666668,20.488271601111112,1.3151111111111122,3.6493275,3.6453848,3.636328,3.6819022,3.6300027,0,0.0,1,1.0,-0.66,14.0,86.0
2023-03-15 19:00:00,105.179681444448,72.920971927778,72.940415583334,20.27037039,0.9586666666666668,20.683333333333334,2,5.1764362714980825,70.66250196097344,19,2,3,-0.9659258262890684,0.2588190451025203,0.9749279121818236,-0.2225209339563143,1.0,6.123233995736766e-17,82.0,152.875,337.1666666666667,15.3,37.4,0.0,62.0,-6.9,2.9042792,0.0,-0.5,20.07222226,20.65,20.65,20.2,20.433333333333334,21.0,-19.31170372333333,-0.1185184800000023,-0.2026666666666668,1.1613333333333336,0.7653333333333333,20.34320988111111,1.171777777777779,3.6300027,3.6493275,3.6453848,3.636328,3.6431184,0,0.0,1,1.0,-0.68,14.8,85.2
2023-03-15 19:15:00,170.375684816662,135.710682472222,135.737070349998,20.07222226,0.7653333333333333,21.0,2,5.1764362714980825,70.66250196097344,19,2,3,-0.9659258262890684,0.2588190451025203,0.9749279121818236,-0.2225209339563143,1.0,6.123233995736766e-17,61.5,112.3125,294.3541666666667,15.375,35.975,0.0,63.5,-7.125,2.8632085,0.0,-1.05,20.17037035666667,20.683333333333334,20.65,20.65,20.2,20.816666666666663,-19.306888926666662,-0.1981481299999998,-0.1933333333333333,0.9586666666666668,0.752,20.243827173333333,0.9617777777777792,3.6431184,3.6300027,3.6493275,3.6453848,3.6321094,0,0.0,0,1.0,-0.72,16.1,83.9
2023-03-15 19:30:00,60.638130011108,19.99725566111,20.008921844444,20.17037035666667,0.752,20.816666666666663,1,5.1764362714980825,70.66250196097344,19,2,3,-0.9659258262890684,0.2588190451025203,0.9749279121818236,-0.2225209339563143,1.0,6.123233995736766e-17,41.0,78.4375,253.0625,15.45,34.55,0.0,65.0,-7.35,2.8206408,0.0,-1.6,19.96666667,21.0,20.683333333333334,20.65,20.65,20.85,-19.41837035666667,0.0981480966666694,-0.0133333333333333,0.7653333333333333,0.6726666666666666,20.17098766888889,0.8253333333333345,3.6321094,3.6431184,3.6300027,3.6493275,3.5948107,0,0.0,1,1.0,-0.71,15.5,84.5
2023-03-15 19:45:00,188.75633844444,139.9869003,140.012732616666,19.96666667,0.6726666666666666,20.85,2,5.1764362714980825,70.66250196097344,19,2,3,-0.9659258262890684,0.2588190451025203,0.9749279121818236,-0.2225209339563143,1.0,6.123233995736766e-17,20.5,51.25,213.29166666666663,15.525,33.125,0.0,66.5,-7.575,2.7767262,0.0,-2.1500000000000004,20.053703716666668,20.816666666666663,21.0,20.683333333333334,20.65,20.816666666666663,-19.29400000333333,-0.203703686666671,-0.0793333333333333,0.752,0.496,20.069753095555555,0.7300000000000012,3.5948107,3.6321094,3.6431184,3.6300027,3.6074023,0,0.0,1,1.0,-0.75,16.8,83.2
2023-03-15 20:00:00,90.232501655556,53.738128155556,53.753960855556,20.053703716666668,0.496,20.816666666666663,1,5.1764362714980825,70.66250196097344,20,2,3,-0.8660254037844386,0.5000000000000001,0.9749279121818236,-0.2225209339563143,1.0,6.123233995736766e-17,0.0,30.75,175.04166666666666,15.6,31.7,0.0,68.0,-7.8,2.73161,0.0,-2.7,19.96666668,20.85,20.816666666666663,21.0,20.683333333333334,20.85,-19.55770371666667,0.0870370466666692,-0.1766666666666665,0.6726666666666666,0.31,20.06358024777778,0.6402222222222235,3.6074023,3.5948107,3.6321094,3.6431184,3.5948107,0,0.0,1,1.0,-0.73,16.2,83.8
2023-03-15 20:15:00,145.511123838886,102.851441327778,102.8733849,19.96666668,0.31,20.85,2,5.1764362714980825,70.66250196097344,20,2,3,-0.8660254037844386,0.5000000000000001,0.9749279121818236,-0.2225209339563143,1.0,6.123233995736766e-17,0.0,15.375,140.70833333333334,15.4,31.325,1.5,68.25,-7.825,2.7271888,0.0,-2.7750000000000004,19.918518516666666,20.816666666666663,20.85,20.816666666666663,21.0,21.0,-19.65666668,-0.0870370366666684,-0.186,0.496,0.0946666666666666,19.995679022222223,0.4928888888888901,3.5948107,3.6074023,3.5948107,3.6321094,3.6104748,0,0.0,1,1.0,-0.75,16.8,83.2
2023-03-15 20:30:00,150.06955256111,117.834453133332,117.858341111108,19.918518516666666,0.0946666666666666,21.0,2,5.1764362714980825,70.66250196097344,20,2,3,-0.8660254037844386,0.5000000000000001,0.9749279121818236,-0.2225209339563143,1.0,6.123233995736766e-17,0.0,5.125,110.29166666666669,15.2,30.95,3.0,68.5,-7.85,2.7227287,0.0,-2.85,19.9888889,20.85,20.816666666666663,20.85,20.816666666666663,20.7,-19.82385185,-0.0481481633333338,-0.2153333333333333,0.31,-0.004,19.97962963777778,0.3002222222222234,3.6104748,3.5948107,3.6074023,3.5948107,3.5735977,0,0.0,0,1.0,-0.76,17.2,82.8
2023-03-15 20:45:00,82.994735627778,45.183748127778,45.1990253,19.9888889,-0.004,20.7,1,5.1764362714980825,70.66250196097344,20,2,3,-0.8660254037844386,0.5000000000000001,0.9749279121818236,-0.2225209339563143,1.0,6.123233995736766e-17,0.0,0.0,83.79166666666667,15.0,30.575,4.5,68.75,-7.875,2.7182302,0.0,-2.925,19.72037037,21.0,20.85,20.816666666666663,20.85,20.966666666666665,-19.9928889,0.0703703833333335,-0.0986666666666666,0.0946666666666666,0.0733333333333333,19.958024698888888,0.1335555555555567,3.5735977,3.6104748,3.5948107,3.6074023,3.5631013,0,0.0,1,1.0,-0.75,16.7,83.3
2023-03-15 21:00:00,159.191687611112,100.442371011112,100.463203511112,19.72037037,0.0733333333333333,20.966666666666665,2,5.1764362714980825,70.66250196097344,21,2,3,-0.7071067811865477,0.7071067811865474,0.9749279121818236,-0.2225209339563143,1.0,6.123233995736766e-17,0.0,0.0,61.208333333333336,14.8,30.2,6.0,69.0,-7.9,2.7136948,0.0,-3.0,19.68333336,20.7,21.0,20.85,20.816666666666663,20.95,-19.647037036666667,-0.2685185299999979,0.0773333333333333,-0.004,0.1033333333333333,19.87592592888889,0.0546666666666678,3.5631013,3.5735977,3.6104748,3.5948107,3.5525377,0,0.0,1,1.0,-0.8,18.7,81.3
2023-03-15 21:15:00,180.020298933332,147.729923916666,147.756589533332,19.68333336,0.1033333333333333,20.95,2,5.1764362714980825,70.66250196097344,21,2,3,-0.7071067811865477,0.7071067811865474,0.9749279121818236,-0.2225209339563143,1.0,6.123233995736766e-17,0.0,0.0,42.5625,14.725,30.125,12.25,68.75,-8.0,2.6895614,0.0,-3.075,19.80185184333333,20.966666666666665,20.7,21.0,20.85,20.53333333333333,-19.580000026666667,-0.0370370100000023,0.03,0.0733333333333333,0.1753333333333333,19.79753087666667,0.0575555555555567,3.5525377,3.5631013,3.5735977,3.6104748,3.5061803,0,0.0,0,1.0,-0.81,19.0,81.0
2023-03-15 21:30:00,52.206522638894,19.842817372222,19.856705716666,19.80185184333333,0.1753333333333333,20.53333333333333,1,5.1764362714980825,70.66250196097344,21,2,3,-0.7071067811865477,0.7071067811865474,0.9749279121818236,-0.2225209339563143,1.0,6.123233995736766e-17,0.0,0.0,27.854166666666668,14.65,30.05,18.5,68.5,-8.100000000000001,2.6655982,0.0,-3.15,19.63333337,20.95,20.966666666666665,20.7,21.0,20.5,-19.62651851,0.1185184833333359,0.0719999999999999,0.1033333333333333,0.176,19.73518519111111,0.1173333333333345,3.5061803,3.5525377,3.5631013,3.5735977,3.4660397,0,0.0,1,1.0,-0.79,18.1,81.9
2023-03-15 21:45:00,181.496906483334,139.344148227778,139.36998056111,19.63333337,0.176,20.5,2,5.1764362714980825,70.66250196097344,21,2,3,-0.7071067811865477,0.7071067811865474,0.9749279121818236,-0.2225209339563143,1.0,6.123233995736766e-17,0.0,0.0,17.083333333333332,14.575,29.975,24.75,68.25,-8.200000000000001,2.6418045,0.0,-3.225,19.740740766666665,20.53333333333333,20.95,20.966666666666665,20.7,20.316666666666663,-19.45733337,-0.1685184733333358,0.0006666666666667,0.1753333333333333,0.1013333333333333,19.706172857777776,0.1515555555555567,3.4660397,3.5061803,3.5525377,3.5631013,3.4567683,0,0.0,1,1.0,-0.83,19.4,80.6
2023-03-15 22:00:00,133.729372761114,90.137505472222,90.156671355556,19.740740766666665,0.1013333333333333,20.316666666666663,2,5.1764362714980825,70.66250196097344,22,2,3,-0.5000000000000004,0.8660254037844384,0.9749279121818236,-0.2225209339563143,1.0,6.123233995736766e-17,0.0,0.0,10.25,14.5,29.9,31.0,68.0,-8.3,2.6181788,0.0,-3.3,19.74999999,20.5,20.53333333333333,20.95,20.966666666666665,20.05,-19.63940743333333,0.1074073966666659,-0.0746666666666666,0.176,0.074,19.72530866,0.15088888888889,3.4567683,3.4660397,3.5061803,3.5525377,3.4132514,0,0.0,0,1.0,-0.8,18.6,81.4
2023-03-15 22:15:00,108.999806450002,66.277626555556,66.296236911112,19.74999999,0.074,20.05,1,5.1764362714980825,70.66250196097344,22,2,3,-0.5000000000000004,0.8660254037844384,0.9749279121818236,-0.2225209339563143,1.0,6.123233995736766e-17,0.0,0.0,5.125,14.625,29.9,29.75,68.25,-8.375,2.6092398,0.0,-3.4,19.575925936666668,20.316666666666663,20.5,20.53333333333333,20.95,20.466666666666665,-19.67599999,0.0092592233333341,-0.0273333333333333,0.1013333333333333,0.0993333333333333,19.70802470888889,0.1171111111111122,3.4132514,3.4567683,3.4660397,3.5061803,3.448755,0,0.0,1,1.0,-0.8,18.6,81.4
2023-03-15 22:30:00,203.402974738886,163.006535027778,163.035145016666,19.575925936666668,0.0993333333333333,20.466666666666665,2,5.1764362714980825,70.66250196097344,22,2,3,-0.5000000000000004,0.8660254037844384,0.9749279121818236,-0.2225209339563143,1.0,6.123233995736766e-17,0.0,0.0,1.7083333333333333,14.75,29.9,28.5,68.5,-8.45,2.6002803,0.0,-3.5,19.80000002,20.05,20.316666666666663,20.5,20.53333333333333,20.5,-19.476592603333334,-0.1740740533333316,0.0253333333333333,0.074,0.008,19.688888897777776,0.0915555555555567,3.448755,3.4132514,3.4567683,3.4660397,3.5001087,0,0.0,1,1.0,-0.84,19.9,80.1
2023-03-15 22:45:00,61.165053316666,25.660084655556,25.673695244444,19.80000002,0.008,20.5,1,5.1764362714980825,70.66250196097344,22,2,3,-0.5000000000000004,0.8660254037844384,0.9749279121818236,-0.2225209339563143,1.0,6.123233995736766e-17,0.0,0.0,0.0,14.875,29.9,27.25,68.75,-8.525,2.5913012,0.0,-3.6,19.62037039,20.466666666666665,20.05,20.316666666666663,20.5,20.5,-19.792000020000003,0.2240740833333347,-0.0913333333333333,0.0993333333333333,0.004,19.708641982222225,0.0604444444444456,3.5001087,3.448755,3.4132514,3.4567683,3.4634027,0,0.0,1,1.0,-0.79,18.1,81.9
2023-03-15 23:00:00,380.092017777784,118.136107683334,118.160551155556,19.62037039,0.004,20.5,2,5.1764362714980825,70.66250196097344,23,2,3,-0.2588190451025215,0.965925826289068,0.9749279121818236,-0.2225209339563143,1.0,6.123233995736766e-17,0.0,0.0,0.0,15.0,29.9,26.0,69.0,-8.6,2.5823033,0.0,-3.7,19.61666669,20.5,20.466666666666665,20.05,20.316666666666663,20.8,-19.61637039,-0.1796296300000008,-0.004,0.008,-0.0686666666666666,19.66543211555556,0.0371111111111122,3.4634027,3.5001087,3.448755,3.4132514,3.5133214,0,0.0,1,1.0,-0.83,19.5,80.5
2023-03-15 23:15:00,141.73016398333,87.454834983334,87.473723144444,19.61666669,-0.0686666666666666,20.8,2,5.1764362714980825,70.66250196097344,23,2,3,-0.2588190451025215,0.965925826289068,0.9749279121818236,-0.2225209339563143,1.0,6.123233995736766e-17,0.0,0.0,0.0,14.625,29.8,21.25,70.5,-8.475,2.605785,0.0,-3.875,19.58518519,20.5,20.5,20.466666666666665,20.05,20.53333333333333,-19.685333356666664,-0.0037037000000026,-0.0726666666666666,0.004,-0.178,19.67901236666667,-0.0188888888888877,3.5133214,3.4634027,3.5001087,3.448755,3.4618716,0,0.0,0,1.0,-0.83,19.5,80.5
2023-03-15 23:30:00,109.341181694446,67.115926372222,67.13425895555599,19.58518519,-0.178,20.53333333333333,1,5.1764362714980825,70.66250196097344,23,2,3,-0.2588190451025215,0.965925826289068,0.9749279121818236,-0.2225209339563143,1.0,6.123233995736766e-17,0.0,0.0,0.0,14.25,29.7,16.5,72.0,-8.35,2.6282403,0.0,-4.050000000000001,19.43333333,20.8,20.5,20.5,20.466666666666665,20.85,-19.76318519,-0.0314814999999981,-0.1093333333333333,-0.0686666666666666,-0.234,19.60740742333334,-0.0808888888888877,3.4618716,3.5133214,3.4634027,3.5001087,3.4840217,0,0.0,1,1.0,-0.84,19.8,80.2
2023-03-15 23:45:00,192.991724455556,160.666350872222,160.69551637222202,19.43333333,-0.234,20.85,2,5.1764362714980825,70.66250196097344,23,2,3,-0.2588190451025215,0.965925826289068,0.9749279121818236,-0.2225209339563143,1.0,6.123233995736766e-17,0.0,0.0,0.0,13.875,29.6,11.75,73.5,-8.225,2.6496897,0.0,-4.2250000000000005,19.64814818,20.53333333333333,20.8,20.5,20.5,20.816666666666663,-19.66733333,-0.1518518600000007,-0.056,-0.178,-0.2133333333333333,19.545061736666668,-0.160222222222221,3.4840217,3.4618716,3.5133214,3.4634027,3.5226438,0,0.0,1,1.0,-0.87,21.0,79.0
2023-03-16 00:00:00,66.773717811112,31.0387584,31.052646727778,19.64814818,-0.2133333333333333,20.816666666666663,1,5.1764362714980825,70.66250196097344,0,3,3,0.0,1.0,0.4338837391175582,-0.900968867902419,1.0,6.123233995736766e-17,0.0,0.0,0.0,13.5,29.5,7.0,75.0,-8.1,2.6701505,0.0,-4.4,19.47777779,20.85,20.53333333333333,20.8,20.5,20.9,-19.86148151333333,0.2148148499999997,0.0206666666666666,-0.234,-0.106,19.555555566666666,-0.2084444444444433,3.5226438,3.4840217,3.4618716,3.5133214,3.5015156,0,0.0,1,1.0,-0.82,19.3,80.7
2023-03-16 00:15:00,170.3206869,125.900797083334,125.925240588888,19.47777779,-0.106,20.9,2,5.1764362714980825,70.66250196097344,0,3,3,0.0,1.0,0.4338837391175582,-0.900968867902419,1.0,6.123233995736766e-17,0.0,0.0,0.0,13.275,28.525,5.5,77.25,-7.949999999999999,2.7111506,0.0,-4.6000000000000005,19.52222221,20.816666666666663,20.85,20.53333333333333,20.8,21.28333333333333,-19.583777790000003,-0.1703703899999986,0.1073333333333333,-0.2133333333333333,0.02,19.519753100000003,-0.1844444444444432,3.5015156,3.5226438,3.4840217,3.4618716,3.5750678,0,0.0,1,1.0,-0.86,20.6,79.4
2023-03-16 00:30:00,161.272159972222,112.807709727778,112.829931088888,19.52222221,0.02,21.28333333333333,2,5.1764362714980825,70.66250196097344,0,3,3,0.0,1.0,0.4338837391175582,-0.900968867902419,1.0,6.123233995736766e-17,0.0,0.0,0.0,13.05,27.55,4.0,79.5,-7.8,2.7503772,0.0,-4.800000000000001,19.56111115,20.9,20.816666666666663,20.85,20.53333333333333,21.05,-19.50222221,0.0444444199999978,0.126,-0.106,0.2086666666666667,19.549382726666668,-0.0997777777777765,3.5750678,3.5015156,3.5226438,3.4840217,3.5439637,0,0.0,0,1.0,-0.85,20.2,79.8
2023-03-16 00:45:00,73.485671438894,40.072285911112,40.086729766668,19.56111115,0.2086666666666667,21.05,1,5.1764362714980825,70.66250196097344,0,3,3,0.0,1.0,0.4338837391175582,-0.900968867902419,1.0,6.123233995736766e-17,0.0,0.0,0.0,12.825,26.575,2.5,81.75,-7.65,2.7878668,0.0,-5.0,19.31666667,21.28333333333333,20.9,20.816666666666663,20.85,21.466666666666665,-19.352444483333333,0.0388889399999996,0.1886666666666667,0.02,0.26,19.520370383333333,0.04088888888889,3.5439637,3.5750678,3.5015156,3.5226438,3.5625246,0,0.0,1,1.0,-0.84,19.9,80.1
2023-03-16 01:00:00,186.48559586111,144.631436727778,144.657546833332,19.31666667,0.26,21.466666666666665,2,5.1764362714980825,70.66250196097344,1,3,3,0.2588190451025207,0.9659258262890684,0.4338837391175582,-0.900968867902419,1.0,6.123233995736766e-17,0.0,0.0,0.0,12.6,25.6,1.0,84.0,-7.5,2.8236575,0.0,-5.2,19.51666665,21.05,21.28333333333333,20.9,20.816666666666663,21.45,-19.05666667,-0.2444444799999985,0.0513333333333333,0.2086666666666667,0.336,19.466666676666662,0.16288888888889,3.5625246,3.5439637,3.5750678,3.5015156,3.601887,0,0.0,1,1.0,-0.89,21.9,78.1
2023-03-16 01:15:00,85.484913816666,53.159817972222,53.176206183334,19.51666665,0.336,21.45,1,5.1764362714980825,70.66250196097344,1,3,3,0.2588190451025207,0.9659258262890684,0.4338837391175582,-0.900968867902419,1.0,6.123233995736766e-17,0.0,0.0,0.0,12.625,25.05,9.0,84.75,-7.425,2.8386238,0.0,-5.25,19.425925933333332,21.466666666666665,21.05,21.28333333333333,20.9,21.216666666666665,-19.180666650000003,0.1999999800000012,0.076,0.26,0.254,19.464814823333334,0.2682222222222234,3.601887,3.5625246,3.5439637,3.5750678,3.543747,0,0.0,1,1.0,-0.85,20.2,79.8
2023-03-16 01:30:00,136.74564103889,93.966241216666,93.986518205554,19.425925933333332,0.254,21.216666666666665,2,5.1764362714980825,70.66250196097344,1,3,3,0.2588190451025207,0.9659258262890684,0.4338837391175582,-0.900968867902419,1.0,6.123233995736766e-17,0.0,0.0,0.0,12.65,24.5,17.0,85.5,-7.35,2.8534415,0.0,-5.300000000000001,19.34444443,21.45,21.466666666666665,21.05,21.28333333333333,21.45,-19.17192593333333,-0.0907407166666658,-0.082,0.336,0.222,19.419753084444448,0.2833333333333345,3.543747,3.601887,3.5625246,3.5439637,3.5655837,0,0.0,1,1.0,-0.87,21.0,79.0
2023-03-16 01:45:00,191.284848333332,137.252287472222,137.277564277776,19.34444443,0.222,21.45,2,5.1764362714980825,70.66250196097344,1,3,3,0.2588190451025207,0.9659258262890684,0.4338837391175582,-0.900968867902419,1.0,6.123233995736766e-17,0.0,0.0,0.0,12.675,23.95,25.0,86.25,-7.275,2.8681116,0.0,-5.3500000000000005,19.511111106666664,21.216666666666665,21.45,21.466666666666665,21.05,21.03333333333333,-19.12244443,-0.081481503333336,-0.032,0.254,0.1793333333333333,19.429012337777777,0.2706666666666679,3.5655837,3.543747,3.601887,3.5625246,3.5307672,0,0.0,0,1.0,-0.89,21.6,78.4
2023-03-16 02:00:00,61.124221466672,28.303867783334,28.317756111112,19.511111106666664,0.1793333333333333,21.03333333333333,1,5.1764362714980825,70.66250196097344,2,3,3,0.4999999999999999,0.8660254037844387,0.4338837391175582,-0.900968867902419,1.0,6.123233995736766e-17,0.0,0.0,0.0,12.7,23.4,33.0,87.0,-7.2,2.8826344,0.0,-5.4,19.25000002,21.45,21.216666666666665,21.45,21.466666666666665,21.35,-19.33177777333333,0.1666666766666651,-0.0426666666666666,0.222,0.0433333333333333,19.42716049,0.2184444444444456,3.5307672,3.5655837,3.543747,3.601887,3.5292795,0,0.0,1,1.0,-0.85,20.3,79.7
2023-03-16 02:15:00,165.530323005554,133.1896722,133.2146712,19.25000002,0.0433333333333333,21.35,2,5.1764362714980825,70.66250196097344,2,3,3,0.4999999999999999,0.8660254037844387,0.4338837391175582,-0.900968867902419,1.0,6.123233995736766e-17,0.0,0.0,0.0,12.55,23.4,31.25,86.75,-7.25,2.8691695,0.0,-5.425000000000001,19.383333316666665,21.03333333333333,21.45,21.216666666666665,21.45,21.5,-19.20666668666667,-0.2611110866666628,-0.1359999999999999,0.1793333333333333,0.024,19.36851851888889,0.1482222222222234,3.5292795,3.5307672,3.5655837,3.543747,3.5820842,0,0.0,1,1.0,-0.91,22.5,77.5
2023-03-16 02:30:00,104.148889527774,61.315047316666,61.331991105554,19.383333316666665,0.024,21.5,1,5.1764362714980825,70.66250196097344,2,3,3,0.4999999999999999,0.8660254037844387,0.4338837391175582,-0.900968867902419,1.0,6.123233995736766e-17,0.0,0.0,0.0,12.4,23.4,29.5,86.5,-7.300000000000001,2.8557434,0.0,-5.45,19.29999999,21.35,21.03333333333333,21.45,21.216666666666665,21.55,-19.359333316666664,0.1333332966666631,-0.0193333333333333,0.0433333333333333,0.2013333333333333,19.381481481111116,0.0822222222222234,3.5820842,3.5292795,3.5307672,3.5655837,3.5728467,0,0.0,1,1.0,-0.88,21.3,78.7
2023-03-16 02:45:00,145.479736261106,97.495544488888,97.51665476111,19.29999999,0.2013333333333333,21.55,2,5.1764362714980825,70.66250196097344,2,3,3,0.4999999999999999,0.8660254037844387,0.4338837391175582,-0.900968867902419,1.0,6.123233995736766e-17,0.0,0.0,0.0,12.25,23.4,27.75,86.25,-7.35,2.8423543,0.0,-5.475,19.272222223333337,21.5,21.35,21.03333333333333,21.45,21.78333333333333,-19.098666656666666,-0.0833333266666649,0.1773333333333333,0.024,0.4166666666666667,19.31111110888889,0.0895555555555567,3.5728467,3.5820842,3.5292795,3.5307672,3.605629,0,0.0,1,1.0,-0.9,22.0,78.0
2023-03-16 03:00:00,172.39199287778,135.0745968,135.099318044444,19.272222223333337,0.4166666666666667,21.78333333333333,2,5.1764362714980825,70.66250196097344,3,3,3,0.7071067811865476,0.7071067811865476,0.4338837391175582,-0.900968867902419,1.0,6.123233995736766e-17,0.0,0.0,0.0,12.1,23.4,26.0,86.0,-7.4,2.829003,0.0,-5.5,19.37777777,21.55,21.5,21.35,21.03333333333333,21.55,-18.85555555666667,-0.0277777666666629,0.2153333333333333,0.2013333333333333,0.682,19.31851851,0.2140000000000012,3.605629,3.5728467,3.5820842,3.5292795,3.5892408,0,0.0,0,1.0,-0.9,22.2,77.8
2023-03-16 03:15:00,98.588000838886,57.578252327778,57.595196133332,19.37777777,0.682,21.55,1,5.1764362714980825,70.66250196097344,3,3,3,0.7071067811865476,0.7071067811865476,0.4338837391175582,-0.900968867902419,1.0,6.123233995736766e-17,0.0,0.0,0.0,11.975,23.125,32.75,85.5,-7.5,2.8074815,0.0,-5.525,19.12962962,21.78333333333333,21.55,21.5,21.35,21.966666666666665,-18.695777770000003,0.1055555466666646,0.2653333333333333,0.4166666666666667,1.0993333333333333,19.316666661111118,0.4333333333333345,3.5892408,3.605629,3.5728467,3.5820842,3.6055517,0,0.0,1,1.0,-0.88,21.3,78.7
2023-03-16 03:30:00,168.421040605558,133.82798,133.853812333332,19.12962962,1.0993333333333333,21.966666666666665,2,5.1764362714980825,70.66250196097344,3,3,3,0.7071067811865476,0.7071067811865476,0.4338837391175582,-0.900968867902419,1.0,6.123233995736766e-17,0.0,0.0,0.0,11.85,22.85,39.5,85.0,-7.6,2.7860267,0.0,-5.55,19.3,21.55,21.78333333333333,21.55,21.5,21.95,-18.030296286666665,-0.2481481500000022,0.4173333333333332,0.682,1.0753333333333333,19.25987653777778,0.7326666666666678,3.6055517,3.5892408,3.605629,3.5728467,3.639164,0,0.0,1,1.0,-0.93,23.4,76.6
2023-03-16 03:45:00,92.871285049998,54.669757555556,54.686701327778,19.3,1.0753333333333333,21.95,1,5.1764362714980825,70.66250196097344,3,3,3,0.7071067811865476,0.7071067811865476,0.4338837391175582,-0.900968867902419,1.0,6.123233995736766e-17,0.0,0.0,0.0,11.725,22.575,46.25,84.5,-7.7,2.76464,0.0,-5.574999999999999,19.23518518333333,21.966666666666665,21.55,21.78333333333333,21.55,21.716666666666665,-18.224666666666668,0.1703703800000013,-0.024,1.0993333333333333,1.346666666666667,19.26913579666667,0.9522222222222232,3.639164,3.6055517,3.5892408,3.605629,3.5867603,0,0.0,1,1.0,-0.9,21.9,78.1
2023-03-16 04:00:00,143.364265166668,89.232541672222,89.252263083334,19.23518518333333,1.346666666666667,21.716666666666665,2,5.1764362714980825,70.66250196097344,4,3,3,0.8660254037844386,0.5000000000000001,0.4338837391175582,-0.900968867902419,1.0,6.123233995736766e-17,0.0,0.0,0.0,11.6,22.3,53.0,84.0,-7.8,2.7433197,0.0,-5.6,19.16111114,21.95,21.966666666666665,21.55,21.78333333333333,21.95,-17.888518516666664,-0.0648148166666686,0.2713333333333334,1.0753333333333333,1.346,19.221604934444446,1.1737777777777787,3.5867603,3.639164,3.6055517,3.5892408,3.6095088,0,0.0,1,1.0,-0.91,22.5,77.5
2023-03-16 04:15:00,190.35627436111,153.877178033332,153.903010349998,19.16111114,1.346,21.95,2,5.1764362714980825,70.66250196097344,4,3,3,0.8660254037844386,0.5000000000000001,0.4338837391175582,-0.900968867902419,1.0,6.123233995736766e-17,0.0,0.0,0.0,11.725,22.225,48.75,82.75,-7.95,2.712279,0.0,-5.55,19.3648148,21.716666666666665,21.95,21.966666666666665,21.55,21.53333333333333,-17.81511114,-0.0740740433333329,-0.0006666666666665,1.346666666666667,1.3133333333333332,19.23209877444445,1.2560000000000011,3.6095088,3.5867603,3.639164,3.6055517,3.58373,0,0.0,0,1.0,-0.93,23.1,76.9
2023-03-16 04:30:00,51.836537305566,19.538662855556,19.551717866668,19.3648148,1.3133333333333332,21.53333333333333,1,5.1764362714980825,70.66250196097344,4,3,3,0.8660254037844386,0.5000000000000001,0.4338837391175582,-0.900968867902419,1.0,6.123233995736766e-17,0.0,0.0,0.0,11.85,22.15,44.5,81.5,-8.1,2.680974,0.0,-5.5,19.13888892,21.95,21.716666666666665,21.95,21.966666666666665,21.85,-18.051481466666665,0.2037036599999986,-0.0326666666666668,1.346,1.508,19.253703707777778,1.3353333333333346,3.58373,3.6095088,3.5867603,3.639164,3.5883605,0,0.0,1,1.0,-0.88,21.4,78.6
2023-03-16 04:45:00,176.976531755556,139.875238083334,139.90134815555598,19.13888892,1.508,21.85,2,5.1764362714980825,70.66250196097344,4,3,3,0.8660254037844386,0.5000000000000001,0.4338837391175582,-0.900968867902419,1.0,6.123233995736766e-17,0.0,0.0,0.0,11.975,22.075,40.25,80.25,-8.25,2.6494036,0.0,-5.45,19.312962953333333,21.53333333333333,21.95,21.716666666666665,21.95,21.816666666666663,-17.63088892,-0.2259258799999983,0.1946666666666667,1.3133333333333332,1.6173333333333335,19.221604953333337,1.3891111111111123,3.5883605,3.58373,3.6095088,3.5867603,3.6198204,0,0.0,1,1.0,-0.93,23.4,76.6
2023-03-16 05:00:00,129.336493149994,80.260122783334,80.2792887,19.312962953333333,1.6173333333333335,21.816666666666663,2,5.1764362714980825,70.66250196097344,5,3,3,0.9659258262890684,0.2588190451025207,0.4338837391175582,-0.900968867902419,1.0,6.123233995736766e-17,0.0,0.0,0.0,12.1,22.0,36.0,79.0,-8.4,2.6175647,0.0,-5.4,19.28333332,21.85,21.53333333333333,21.95,21.716666666666665,21.55,-17.69562962,0.1740740333333335,0.1093333333333335,1.508,1.7626666666666668,19.272222224444445,1.4795555555555568,3.6198204,3.5883605,3.58373,3.6095088,3.5693412,0,0.0,0,1.0,-0.89,21.8,78.2
2023-03-16 05:15:00,109.187854527778,67.142591955556,67.160924555556,19.28333332,1.7626666666666668,21.55,1,5.1764362714980825,70.66250196097344,5,3,3,0.9659258262890684,0.2588190451025207,0.4338837391175582,-0.900968867902419,1.0,6.123233995736766e-17,0.0,0.0,0.0,12.0,22.075,45.25,77.5,-8.6,2.5771434,0.0,-5.3500000000000005,19.075925936666668,21.816666666666663,21.85,21.53333333333333,21.95,21.966666666666665,-17.520666653333333,-0.0296296333333323,0.1453333333333333,1.6173333333333335,1.9546666666666668,19.24506173111111,1.6293333333333344,3.5693412,3.6198204,3.5883605,3.58373,3.594151,0,0.0,1,1.0,-0.9,22.1,77.9
2023-03-16 05:30:00,195.724670683334,160.789957044444,160.817733749998,19.075925936666668,1.9546666666666668,21.966666666666665,2,5.1764362714980825,70.66250196097344,5,3,3,0.9659258262890684,0.2588190451025207,0.4338837391175582,-0.900968867902419,1.0,6.123233995736766e-17,0.0,0.0,0.0,11.9,22.15,54.5,76.0,-8.8,2.5363925,0.0,-5.300000000000001,19.32777776,21.55,21.816666666666663,21.85,21.53333333333333,22.0,-17.12125927,-0.2074073833333329,0.1919999999999999,1.7626666666666668,2.072,19.22407407,1.7782222222222237,3.594151,3.5693412,3.6198204,3.5883605,3.6534226,0,0.0,1,1.0,-0.95,23.9,76.1
2023-03-16 05:45:00,54.186443655552,13.501404372222,13.5136261,19.32777776,2.072,22.0,1,5.1764362714980825,70.66250196097344,5,3,3,0.9659258262890684,0.2588190451025207,0.4338837391175582,-0.900968867902419,1.0,6.123233995736766e-17,0.0,0.0,0.0,11.8,22.225,63.75,74.5,-9.0,2.4953094,0.0,-5.25,19.09259258333333,21.966666666666665,21.55,21.816666666666663,21.85,22.0,-17.25577776,0.2518518233333324,0.1173333333333332,1.9546666666666668,2.319333333333333,19.22901233888889,1.929777777777779,3.6534226,3.594151,3.5693412,3.6198204,3.6031446,0,0.0,1,1.0,-0.89,21.7,78.3
2023-03-16 06:00:00,165.393384,132.912461055556,132.938293372222,19.09259258333333,2.319333333333333,22.0,2,5.1764362714980825,70.66250196097344,6,3,3,1.0,6.123233995736766e-17,0.4338837391175582,-0.900968867902419,1.0,6.123233995736766e-17,0.0,0.0,0.0,11.7,22.3,73.0,73.0,-9.2,2.453893,0.0,-5.2,19.23333331,22.0,21.966666666666665,21.55,21.816666666666663,21.95,-16.77325925,-0.2351851766666683,0.2473333333333331,2.072,2.434,19.165432093333333,2.1153333333333344,3.6031446,3.6534226,3.594151,3.5693412,3.624903,0,0.0,1,1.0,-0.94,23.7,76.3
2023-03-16 06:15:00,126.325780149998,77.649116127778,77.66744876111,19.23333331,2.434,21.95,2,5.1764362714980825,70.66250196097344,6,3,3,1.0,6.123233995736766e-17,0.4338837391175582,-0.900968867902419,1.0,6.123233995736766e-17,0.0,0.0,0.0,11.675,22.025,70.5,72.5,-9.225,2.4546971,0.0,-5.1,19.21111109,22.0,22.0,21.966666666666665,21.55,21.53333333333333,-16.799333309999998,0.1407407266666673,0.1146666666666664,2.319333333333333,2.444,19.21790121777778,2.275111111111112,3.624903,3.6031446,3.6534226,3.594151,3.5514398,0,0.0,0,1.0,-0.91,22.5,77.5
2023-03-16 06:30:00,125.136661133328,77.717168988888,77.73661266111,19.21111109,2.444,21.53333333333333,2,5.1764362714980825,70.66250196097344,6,3,3,1.0,6.123233995736766e-17,0.4338837391175582,-0.900968867902419,1.0,6.123233995736766e-17,0.0,0.0,0.0,11.65,21.75,68.0,72.0,-9.25,2.4553692,0.0,-5.0,19.10555555,21.95,22.0,22.0,21.966666666666665,21.8,-16.76711109,-0.0222222199999997,0.0100000000000002,2.434,2.452,19.179012327777777,2.3991111111111123,3.5514398,3.624903,3.6031446,3.6534226,3.5731192,0,0.0,0,1.0,-0.92,22.8,77.2
2023-03-16 06:45:00,159.073914655552,126.83548196111,126.859925449998,19.10555555,2.452,21.8,2,5.1764362714980825,70.66250196097344,6,3,3,1.0,6.123233995736766e-17,0.4338837391175582,-0.900968867902419,1.0,6.123233995736766e-17,0.0,0.0,0.0,11.625,21.475,65.5,71.5,-9.275,2.4559078,0.0,-4.9,19.288888906666667,21.53333333333333,21.95,22.0,22.0,21.53333333333333,-16.65355555,-0.1055555399999974,0.008,2.444,2.456,19.183333316666666,2.4433333333333347,3.5731192,3.5514398,3.624903,3.6031446,3.5677478,0,0.0,0,1.0,-0.94,23.7,76.3
2023-03-16 07:00:00,62.303063294446005,30.109906655556,30.123794966668,19.288888906666667,2.456,21.53333333333333,1,5.1764362714980825,70.66250196097344,7,3,3,0.9659258262890684,-0.2588190451025206,0.4338837391175582,-0.900968867902419,1.0,6.123233995736766e-17,0.0,0.0,0.0,11.6,21.2,63.0,71.0,-9.3,2.4563117,0.0,-4.8,19.03888887,21.8,21.53333333333333,21.95,22.0,21.85,-16.832888906666668,0.1833333566666652,0.004,2.452,2.548666666666666,19.20185184888889,2.450666666666668,3.5677478,3.5731192,3.5514398,3.624903,3.5672598,0,0.0,1,1.0,-0.9,22.1,77.9
2023-03-16 07:15:00,186.497817572222,138.2744688,138.300578905554,19.03888887,2.548666666666666,21.85,2,5.1764362714980825,70.66250196097344,7,3,3,0.9659258262890684,-0.2588190451025206,0.4338837391175582,-0.900968867902419,1.0,6.123233995736766e-17,6.0,1.5,0.5,11.725,21.025,58.0,69.5,-8.75,2.5596902,0.0,-3.925,19.264814803333334,21.53333333333333,21.8,21.53333333333333,21.95,21.816666666666663,-16.490222203333335,-0.2500000366666661,0.0926666666666666,2.456,2.716,19.144444442222227,2.485555555555557,3.5672598,3.5677478,3.5731192,3.5514398,3.6095715,0,0.0,1,1.0,-0.95,24.3,75.7
2023-03-16 07:30:00,93.57459036666,45.720671083334,45.737337116666005,19.264814803333334,2.716,21.816666666666663,1,5.1764362714980825,70.66250196097344,7,3,3,0.9659258262890684,-0.2588190451025206,0.4338837391175582,-0.900968867902419,1.0,6.123233995736766e-17,12.0,4.5,1.5,11.85,20.85,53.0,68.0,-8.2,2.6649287,0.0,-3.05,19.14444447,21.85,21.53333333333333,21.8,21.53333333333333,21.55,-16.548814803333332,0.2259259333333325,0.1673333333333335,2.548666666666666,2.966,19.19753086,2.5735555555555565,3.6095715,3.5672598,3.5677478,3.5731192,3.5402517,0,0.0,1,1.0,-0.9,22.2,77.8
2023-03-16 07:45:00,113.887388805554,81.697843105554,81.71812004444399,19.14444447,2.966,21.55,2,5.1764362714980825,70.66250196097344,7,3,3,0.9659258262890684,-0.2588190451025206,0.4338837391175582,-0.900968867902419,1.0,6.123233995736766e-17,18.0,9.0,3.0,11.975,20.675,48.0,66.5,-7.65,2.7718582,0.0,-2.175,19.07407406,21.816666666666663,21.85,21.53333333333333,21.8,21.966666666666665,-16.17844447,-0.1203703333333336,0.25,2.716,3.4113333333333333,19.14938271444445,2.7435555555555573,3.5402517,3.6095715,3.5672598,3.5677478,3.5937586,0,0.0,1,1.0,-0.93,23.4,76.6
2023-03-16 08:00:00,145.145027283334,102.58950733889,102.612006422224,19.07407406,3.4113333333333333,21.966666666666665,2,5.1764362714980825,70.66250196097344,8,3,3,0.8660254037844387,-0.4999999999999998,0.4338837391175582,-0.900968867902419,1.0,6.123233995736766e-17,24.0,15.0,5.0,12.1,20.5,43.0,65.0,-7.1,2.8802915,0.0,-1.3,19.35000001,21.55,21.816666666666663,21.85,21.53333333333333,21.65,-15.662740726666664,-0.0703704100000024,0.4453333333333331,2.966,3.803333333333333,19.16111111111111,3.0311111111111124,3.5937586,3.5402517,3.6095715,3.5672598,3.6000066,0,0.0,0,1.0,-0.95,23.9,76.1
2023-03-16 08:15:00,57.070217033336,24.190976805554,24.20542066111,19.35000001,3.803333333333333,21.65,1,5.1764362714980825,70.66250196097344,8,3,3,0.8660254037844387,-0.4999999999999998,0.4338837391175582,-0.900968867902419,1.0,6.123233995736766e-17,61.5,28.875,10.125,10.875,20.875,37.75,65.25,-6.725,2.957492,0.0,-0.975,19.316666656666666,21.966666666666665,21.55,21.816666666666663,21.85,21.683333333333334,-15.546666676666666,0.2759259500000013,0.3919999999999999,3.4113333333333333,3.8853333333333335,19.18950618,3.3935555555555568,3.6000066,3.5937586,3.5402517,3.6095715,3.5984814,0,0.0,1,1.0,-0.89,21.5,78.5
2023-03-16 08:30:00,166.004470588892,123.212571283334,123.2384036,19.316666656666666,3.8853333333333335,21.683333333333334,2,5.1764362714980825,70.66250196097344,8,3,3,0.8660254037844387,-0.4999999999999998,0.4338837391175582,-0.900968867902419,1.0,6.123233995736766e-17,99.0,50.625,18.375,9.65,21.25,32.5,65.5,-6.35,3.0365274,0.0,-0.65,19.38888887,21.65,21.966666666666665,21.55,21.816666666666663,21.95,-15.431333323333332,-0.033333353333333,0.0820000000000003,3.803333333333333,3.966666666666667,19.24691357555556,3.700000000000001,3.5984814,3.6000066,3.5937586,3.5402517,3.658254,0,0.0,1,1.0,-0.89,21.8,78.2
2023-03-16 08:45:00,85.98294954444,35.28803283889,35.302754466668,19.38888887,3.966666666666667,21.95,1,5.1764362714980825,70.66250196097344,8,3,3,0.8660254037844387,-0.4999999999999998,0.4338837391175582,-0.900968867902419,1.0,6.123233995736766e-17,136.5,80.25,29.75,8.425,21.625,27.25,65.75,-5.975,3.1174376,0.0,-0.3249999999999999,19.37222221333333,21.683333333333334,21.65,21.966666666666665,21.55,21.716666666666665,-15.422222203333336,0.0722222133333367,0.0813333333333332,3.8853333333333335,4.344666666666667,19.35185184555556,3.885111111111112,3.658254,3.5984814,3.6000066,3.5937586,3.6158183,0,0.0,1,1.0,-0.87,21.2,78.8
2023-03-16 09:00:00,756.66584332222,61.504484172222,61.525038933332,19.37222221333333,4.344666666666667,21.716666666666665,1,5.1764362714980825,70.66250196097344,9,3,3,0.7071067811865476,-0.7071067811865475,0.4338837391175582,-0.900968867902419,1.0,6.123233995736766e-17,174.0,117.75,44.25,7.2,22.0,22.0,66.0,-5.6,3.2002583,0.0,0.0,19.58333332,21.95,21.683333333333334,21.65,21.966666666666665,21.95,-15.027555546666663,-0.0166666566666719,0.3780000000000001,3.966666666666667,4.993333333333334,19.359259246666667,4.065555555555557,3.6158183,3.658254,3.5984814,3.6000066,3.700315,0,0.0,0,1.0,-0.88,21.3,78.7
2023-03-16 09:15:00,125.49497991667,93.24654773889,93.2687691,19.58333332,4.993333333333334,21.95,2,5.1764362714980825,70.66250196097344,9,3,3,0.7071067811865476,-0.7071067811865475,0.4338837391175582,-0.900968867902419,1.0,6.123233995736766e-17,221.5,157.75,62.708333333333336,7.275,21.9,23.5,62.5,-5.625,3.1962264,0.0,0.775,20.312962993333333,21.716666666666665,21.95,21.683333333333334,21.65,21.35,-14.589999986666667,0.2111111066666708,0.6486666666666672,4.344666666666667,5.384,19.44814813444445,4.43488888888889,3.700315,3.6158183,3.658254,3.5984814,3.756342,0,0.0,1,1.0,-0.83,19.6,80.4
2023-03-16 09:30:00,42.489133650002,0.0,0.0,20.312962993333333,5.384,21.35,0,5.1764362714980825,70.66250196097344,9,3,3,0.7071067811865476,-0.7071067811865475,0.4338837391175582,-0.900968867902419,1.0,6.123233995736766e-17,269.0,200.25,85.125,7.35,21.8,25.0,59.0,-5.65,3.1810858,0.0,1.55,20.98333337,21.95,21.716666666666665,21.95,21.683333333333334,20.95,-14.928962993333332,0.7296296733333314,0.3906666666666663,4.993333333333334,5.664,19.756172842222224,4.907333333333335,3.756342,3.700315,3.6158183,3.658254,3.8327763,1,1.0,1,0.75,-0.67,14.4,85.6
2023-03-16 09:45:00,377.429902349994,73.427618327778,73.447339788888,20.98333337,5.664,20.95,2,5.1764362714980825,70.66250196097344,9,3,3,0.7071067811865476,-0.7071067811865475,0.4338837391175582,-0.900968867902419,1.0,6.123233995736766e-17,316.5,245.25,111.5,7.425,21.700000000000003,26.5,55.5,-5.675,3.1537929,0.0,2.325,21.69444444333333,21.35,21.95,21.716666666666665,21.95,20.35,-15.31933337,0.6703703766666678,0.2799999999999993,5.384,5.954666666666667,20.293209894444445,5.347111111111112,3.8327763,3.756342,3.700315,3.6158183,3.8796277,0,1.0,1,0.75,-0.52,10.6,89.4
2023-03-16 10:00:00,88.104531227778,51.339057472222,51.356279,21.69444444333333,5.954666666666667,20.35,1,5.1764362714980825,70.66250196097344,10,3,3,0.4999999999999999,-0.8660254037844387,0.4338837391175582,-0.900968867902419,1.0,6.123233995736766e-17,364.0,292.75,141.83333333333334,7.5,21.6,28.0,52.0,-5.7,3.1132405,0.0,3.1,22.37222219,20.95,21.35,21.95,21.716666666666665,19.95,-15.739777776666669,0.7111110733333348,0.2906666666666675,5.664,6.376,20.996913602222225,5.667555555555556,3.8796277,3.8327763,3.756342,3.700315,3.954887,0,1.0,1,0.75,-0.36,7.7,92.3
2023-03-16 10:15:00,40.174226266668,0.0,0.0,22.37222219,6.376,19.95,0,5.1764362714980825,70.66250196097344,10,3,3,0.4999999999999999,-0.8660254037844387,0.4338837391175582,-0.900968867902419,1.0,6.123233995736766e-17,405.5,338.75,175.125,8.075,22.85,46.0,50.75,-5.625,3.1366568,0.0,3.575,22.846296276666667,20.35,20.95,21.35,21.95,19.53333333333333,-15.996222189999996,0.6777777466666635,0.4213333333333331,5.954666666666667,6.417333333333334,21.683333334444445,5.998222222222224,3.954887,3.8796277,3.8327763,3.756342,3.979066,1,2.0,1,0.5,-0.21,5.9,94.1
2023-03-16 10:30:00,122.325940199996,83.1658399,83.187783505554,22.846296276666667,6.417333333333334,19.53333333333333,2,5.1764362714980825,70.66250196097344,10,3,3,0.4999999999999999,-0.8660254037844387,0.4338837391175582,-0.900968867902419,1.0,6.123233995736766e-17,447.0,383.25,211.375,8.65,24.1,64.0,49.5,-5.550000000000001,3.1579347,0.0,4.05,23.50555555,19.95,20.35,20.95,21.35,19.1,-16.42896294333333,0.4740740866666684,0.0413333333333332,6.376,6.648666666666667,22.304320970000003,6.249333333333335,3.979066,3.954887,3.8796277,3.8327763,4.04012,0,1.0,1,0.75,-0.1,5.2,94.8
2023-03-16 10:45:00,74.556184266668,36.689087927778,36.704087311112,23.50555555,6.648666666666667,19.1,1,5.1764362714980825,70.66250196097344,10,3,3,0.4999999999999999,-0.8660254037844387,0.4338837391175582,-0.900968867902419,1.0,6.123233995736766e-17,488.5,426.25,250.58333333333331,9.225,25.35,82.0,48.25,-5.4750000000000005,3.1769316,0.0,4.525,24.10740744,19.53333333333333,19.95,20.35,20.95,18.53333333333333,-16.856888883333333,0.6592592733333333,0.2313333333333336,6.417333333333334,7.188666666666666,22.908024672222226,6.480666666666668,4.04012,3.979066,3.954887,3.8796277,4.0567074,0,1.0,1,0.75,0.05,5.1,94.9
2023-03-16 11:00:00,52.650671622224,0.0,0.0,24.10740744,7.188666666666666,18.53333333333333,0,5.1764362714980825,70.66250196097344,11,3,3,0.258819045102521,-0.9659258262890682,0.4338837391175582,-0.900968867902419,1.0,6.123233995736766e-17,530.0,467.75,292.75,9.8,26.6,100.0,47.0,-5.4,3.1935015,0.0,5.0,24.40555554,19.1,19.53333333333333,19.95,20.35,18.15,-16.918740773333333,0.601851889999999,0.5399999999999991,6.648666666666667,7.623333333333333,23.48641975555556,6.751555555555558,4.0567074,4.04012,3.979066,3.954887,4.0404754,1,2.0,1,0.5,0.19,5.7,94.3
2023-03-16 11:15:00,51.69932077778,10.51902363889,10.531245350002,24.40555554,7.623333333333333,18.15,1,5.1764362714980825,70.66250196097344,11,3,3,0.258819045102521,-0.9659258262890682,0.4338837391175582,-0.900968867902419,1.0,6.123233995736766e-17,499.75,491.3125,329.2708333333333,9.7,26.8,79.75,46.75,-5.300000000000001,3.2187397,0.0,5.2,24.609259273333336,18.53333333333333,19.1,19.53333333333333,19.95,18.0,-16.782222206666667,0.2981481000000023,0.4346666666666667,7.188666666666666,7.915999999999999,24.00617284333333,7.153555555555556,4.0404754,4.0567074,4.04012,3.979066,4.053503,0,1.0,1,0.75,0.25,6.3,93.7
2023-03-16 11:30:00,139.315260533332,107.057384216666,107.080994372222,24.609259273333336,7.915999999999999,18.0,2,5.1764362714980825,70.66250196097344,11,3,3,0.258819045102521,-0.9659258262890682,0.4338837391175582,-0.900968867902419,1.0,6.123233995736766e-17,469.5,496.9375,360.1458333333333,9.6,27.0,59.5,46.5,-5.2,3.2440138,0.0,5.4,24.95555558,18.15,18.53333333333333,19.1,19.53333333333333,18.0,-16.693259273333336,0.2037037333333344,0.2926666666666664,7.623333333333333,8.523333333333333,24.374074084444448,7.576,4.053503,4.0404754,4.0567074,4.04012,4.133482,0,1.0,1,0.75,0.3,6.8,93.2
2023-03-16 11:45:00,36.49437333334,0.0,0.0,24.95555558,8.523333333333333,18.0,0,5.1764362714980825,70.66250196097344,11,3,3,0.258819045102521,-0.9659258262890682,0.4338837391175582,-0.900968867902419,1.0,6.123233995736766e-17,439.25,484.625,385.375,9.5,27.2,39.25,46.25,-5.1,3.2693198,0.0,5.6,24.93333335333333,18.0,18.15,18.53333333333333,19.1,18.0,-16.43222224666667,0.346296306666666,0.607333333333334,7.915999999999999,8.604666666666667,24.656790131111112,8.020888888888889,4.133482,4.053503,4.0404754,4.0567074,4.1283097,1,2.0,1,0.5,0.38,8.0,92.0
2023-03-16 12:00:00,58.5109928,0.0,0.0,24.93333335333333,8.604666666666667,18.0,0,5.1764362714980825,70.66250196097344,12,3,3,1.2246467991473532e-16,-1.0,0.4338837391175582,-0.900968867902419,1.0,6.123233995736766e-17,409.0,454.375,404.9583333333333,9.4,27.4,19.0,46.0,-5.0,3.2946556,0.0,5.8,24.47777778,18.0,18.0,18.15,18.53333333333333,18.35,-16.32866668666667,-0.0222222266666669,0.0813333333333332,8.523333333333333,8.488666666666667,24.832716068888896,8.348,4.1283097,4.133482,4.053503,4.0404754,4.101722,0,2.0,0,0.5,0.37,7.9,92.1
2023-03-16 12:15:00,148.87376714444,107.219322188888,107.243765677776,24.47777778,8.488666666666667,18.35,2,5.1764362714980825,70.66250196097344,12,3,3,1.2246467991473532e-16,-1.0,0.4338837391175582,-0.900968867902419,1.0,6.123233995736766e-17,490.25,452.0,427.3541666666667,9.2,26.95,23.0,45.5,-4.825,3.3399348,0.0,6.175,24.305555556666665,18.0,18.0,18.0,18.15,18.5,-15.989111113333331,-0.4555555733333349,-0.1159999999999996,8.604666666666667,9.214,24.78888890444445,8.53888888888889,4.101722,4.1283097,4.133482,4.053503,4.0951424,0,2.0,1,0.5,0.27,6.5,93.5
2023-03-16 12:30:00,52.014030422224,19.820873783334,19.834762111112,24.305555556666665,9.214,18.5,1,5.1764362714980825,70.66250196097344,12,3,3,1.2246467991473532e-16,-1.0,0.4338837391175582,-0.900968867902419,1.0,6.123233995736766e-17,571.5,477.5,452.5625,9.0,26.5,27.0,45.0,-4.65,3.3851697,0.0,6.55,24.12777776,18.35,18.0,18.0,18.0,18.55,-15.091555556666664,-0.1722222233333354,0.7253333333333334,8.488666666666667,9.056666666666668,24.57222223,8.769111111111114,4.0951424,4.101722,4.1283097,4.133482,4.0650496,0,2.0,1,0.5,0.23,6.1,93.9
2023-03-16 12:45:00,47.041729472218,0.0,0.0,24.12777776,9.056666666666668,18.55,0,5.1764362714980825,70.66250196097344,12,3,3,1.2246467991473532e-16,-1.0,0.4338837391175582,-0.900968867902419,1.0,6.123233995736766e-17,652.75,530.875,480.5833333333333,8.8,26.05,31.0,44.5,-4.475,3.4303348,0.0,6.925,23.522222223333333,18.5,18.35,18.0,18.0,19.15,-15.071111093333334,-0.177777796666664,-0.1573333333333337,9.214,9.239333333333333,24.30370369888889,8.91977777777778,4.0650496,4.0951424,4.101722,4.1283097,4.054545,1,2.0,1,0.5,0.19,5.8,94.2
2023-03-16 13:00:00,121.75818506111,89.57280586111,89.594749449998,23.522222223333333,9.239333333333333,19.15,2,5.1764362714980825,70.66250196097344,13,3,3,-0.2588190451025208,-0.9659258262890684,0.4338837391175582,-0.900968867902419,1.0,6.123233995736766e-17,734.0,612.125,511.4166666666667,8.6,25.6,35.0,44.0,-4.3,3.4754024,0.0,7.3,23.14444444,18.55,18.5,18.35,18.0,19.55,-14.28288889,-0.6055555366666674,0.1826666666666661,9.056666666666668,9.292,23.98518518,9.170000000000002,4.054545,4.0650496,4.0951424,4.101722,4.0509677,0,1.0,1,0.75,0.05,5.1,94.9
2023-03-16 13:15:00,97.406381555548,48.558057616666,48.57444586111,23.14444444,9.292,19.55,1,5.1764362714980825,70.66250196097344,13,3,3,-0.2588190451025208,-0.9659258262890684,0.4338837391175582,-0.900968867902419,1.0,6.123233995736766e-17,734.0,673.0625,538.7916666666666,8.45,25.6,31.25,44.0,-4.075,3.5207253,0.0,7.5,22.87407404,19.15,18.55,18.5,18.35,19.966666666666665,-13.852444439999998,-0.377777783333336,0.052666666666667,9.239333333333333,9.194,23.59814814111111,9.196000000000002,4.0509677,4.054545,4.0650496,4.0951424,4.0738134,0,1.0,1,0.75,-0.03,5.0,95.0
2023-03-16 13:30:00,51.113233338882,0.0,0.0,22.87407404,9.194,19.966666666666665,0,5.1764362714980825,70.66250196097344,13,3,3,-0.2588190451025208,-0.9659258262890684,0.4338837391175582,-0.900968867902419,1.0,6.123233995736766e-17,734.0,713.6875,562.7083333333334,8.3,25.6,27.5,44.0,-3.85,3.5665646,0.0,7.699999999999999,22.54999999,19.55,19.15,18.55,18.5,20.35,-13.68007404,-0.2703703999999973,-0.0980000000000007,9.292,9.117333333333333,23.180246901111115,9.24177777777778,4.0738134,4.0509677,4.054545,4.0650496,4.0755925,1,2.0,1,0.5,-0.09,5.2,94.8
2023-03-16 13:45:00,118.647753949998,85.702960644444,85.72518198888801,22.54999999,9.117333333333333,20.35,2,5.1764362714980825,70.66250196097344,13,3,3,-0.2588190451025208,-0.9659258262890684,0.4338837391175582,-0.900968867902419,1.0,6.123233995736766e-17,734.0,734.0,583.1666666666666,8.15,25.6,23.75,44.0,-3.625,3.6129239,0.0,7.899999999999999,22.283333326666664,19.966666666666665,19.55,19.15,18.55,20.5,-13.432666656666669,-0.3240740500000001,-0.0766666666666662,9.194,9.376666666666669,22.85617282333333,9.201111111111112,4.0755925,4.0738134,4.0509677,4.054545,4.0431986,0,1.0,1,0.75,-0.16,5.6,94.4
2023-03-16 14:00:00,88.94116437778,56.588847455556,56.606068983334,22.283333326666664,9.376666666666669,20.5,1,5.1764362714980825,70.66250196097344,14,3,3,-0.4999999999999997,-0.8660254037844388,0.4338837391175582,-0.900968867902419,1.0,6.123233995736766e-17,734.0,734.0,600.1666666666666,8.0,25.6,20.0,44.0,-3.4,3.6598082,0.0,8.1,22.105555560000003,20.35,19.966666666666665,19.55,19.15,20.55,-12.906666659999996,-0.2666666633333356,0.2593333333333341,9.117333333333333,9.291333333333334,22.56913578555556,9.229333333333336,4.0431986,4.0755925,4.0738134,4.0509677,4.0117955,0,1.0,1,0.75,-0.22,6.0,94.0
2023-03-16 14:15:00,50.467981183334,0.0,0.0,22.105555560000003,9.291333333333334,20.55,0,5.1764362714980825,70.66250196097344,14,3,3,-0.4999999999999997,-0.8660254037844388,0.4338837391175582,-0.900968867902419,1.0,6.123233995736766e-17,719.0,730.25,618.4375,7.8,25.15,17.5,44.0,-3.275,3.6893795,0.0,8.225,21.82222224,20.5,20.35,19.966666666666665,19.55,21.15,-12.814222226666669,-0.1777777666666615,-0.0853333333333328,9.376666666666669,9.098666666666666,22.31296295888889,9.26177777777778,4.0117955,4.0431986,4.0755925,4.0738134,4.062012,1,2.0,1,0.5,-0.26,6.4,93.6
2023-03-16 14:30:00,159.44112218333,108.774259988888,108.79787016111,21.82222224,9.098666666666666,21.15,2,5.1764362714980825,70.66250196097344,14,3,3,-0.4999999999999997,-0.8660254037844388,0.4338837391175582,-0.900968867902419,1.0,6.123233995736766e-17,704.0,722.75,637.9791666666666,7.6,24.700000000000003,15.0,44.0,-3.15,3.7191598,0.0,8.35,21.57777781,20.55,20.5,20.35,19.966666666666665,21.55,-12.723555573333332,-0.2833333200000041,-0.1926666666666676,9.291333333333334,9.167333333333334,22.070370375555555,9.255555555555558,4.062012,4.0117955,4.0431986,4.0755925,4.080784,0,1.0,1,0.75,-0.33,7.2,92.8
2023-03-16 14:45:00,66.3081809,34.166411088888,34.1811327,21.57777781,9.167333333333334,21.55,1,5.1764362714980825,70.66250196097344,14,3,3,-0.4999999999999997,-0.8660254037844388,0.4338837391175582,-0.900968867902419,1.0,6.123233995736766e-17,689.0,711.5,658.7916666666666,7.4,24.25,12.5,44.0,-3.025,3.7491486,0.0,8.475,21.390740726666664,21.15,20.55,20.5,20.35,21.966666666666665,-12.410444476666669,-0.2444444299999979,0.0686666666666671,9.098666666666666,9.156666666666666,21.83518520333333,9.18577777777778,4.080784,4.062012,4.0117955,4.0431986,4.114895,0,1.0,1,0.75,-0.38,8.0,92.0
2023-03-16 15:00:00,67.95700386111,29.269384727778,29.284384144444,21.390740726666664,9.156666666666666,21.966666666666665,1,5.1764362714980825,70.66250196097344,15,3,3,-0.7071067811865471,-0.7071067811865479,0.4338837391175582,-0.900968867902419,1.0,6.123233995736766e-17,674.0,696.5,680.875,7.2,23.8,10.0,44.0,-2.9,3.7793493,0.0,8.6,21.1166667,21.55,21.15,20.55,20.5,22.35,-12.234074059999998,-0.1870370833333368,-0.0106666666666672,9.167333333333334,9.443333333333332,21.596913592222226,9.14088888888889,4.114895,4.080784,4.062012,4.0117955,4.120691,0,1.0,0,0.75,-0.42,8.7,91.3
2023-03-16 15:15:00,154.652980349998,118.094998244444,118.119441733332,21.1166667,9.443333333333332,22.35,2,5.1764362714980825,70.66250196097344,15,3,3,-0.7071067811865471,-0.7071067811865479,0.4338837391175582,-0.900968867902419,1.0,6.123233995736766e-17,652.5,679.875,694.3958333333334,7.45,23.8,32.5,43.5,-2.95,3.7604387,0.0,8.7,21.024074093333336,21.966666666666665,21.55,21.15,20.55,22.5,-11.673333366666666,-0.2740740266666641,0.286666666666667,9.156666666666666,9.556,21.36172841222222,9.255777777777778,4.120691,4.114895,4.080784,4.062012,4.126101,0,0.0,1,1.0,-0.48,9.8,90.2
2023-03-16 15:30:00,46.080378977776,0.0,0.0,21.024074093333336,9.556,22.5,0,5.1764362714980825,70.66250196097344,15,3,3,-0.7071067811865471,-0.7071067811865479,0.4338837391175582,-0.900968867902419,1.0,6.123233995736766e-17,631.0,661.625,699.3541666666666,7.699999999999999,23.8,55.0,43.0,-3.0,3.7411087,0.0,8.8,20.96666665,22.35,21.966666666666665,21.55,21.15,22.55,-11.468074093333335,-0.0925926066666633,0.1126666666666675,9.443333333333332,9.733333333333333,21.177160506666667,9.385333333333334,4.126101,4.120691,4.114895,4.080784,4.1214995,1,1.0,1,0.75,-0.5,10.2,89.8
2023-03-16 15:45:00,109.844494911112,61.147831755556,61.166442127778,20.96666665,9.733333333333333,22.55,1,5.1764362714980825,70.66250196097344,15,3,3,-0.7071067811865471,-0.7071067811865479,0.4338837391175582,-0.900968867902419,1.0,6.123233995736766e-17,609.5,641.75,695.75,7.949999999999999,23.8,77.5,42.5,-3.05,3.721356,0.0,8.9,20.86111109333333,22.5,22.35,21.966666666666665,21.55,22.966666666666665,-11.233333316666664,-0.0574074433333393,0.1773333333333315,9.556,10.131333333333334,21.035802481111112,9.577555555555556,4.1214995,4.126101,4.120691,4.114895,4.1719723,0,1.0,1,0.75,-0.51,10.5,89.5
2023-03-16 16:00:00,114.173210622224,75.692249955556,75.712804716666,20.86111109333333,10.131333333333334,22.966666666666665,2,5.1764362714980825,70.66250196097344,16,3,3,-0.8660254037844385,-0.5000000000000004,0.4338837391175582,-0.900968867902419,1.0,6.123233995736766e-17,588.0,620.25,683.5833333333334,8.2,23.8,100.0,42.0,-3.1,3.7011745,0.0,9.0,20.9222222,22.55,22.5,22.35,21.966666666666665,23.0,-10.729777759999996,-0.1055555566666655,0.3980000000000014,9.733333333333333,10.313333333333333,20.95061727888889,9.80688888888889,4.1719723,4.1214995,4.126101,4.120691,4.192901,0,1.0,1,0.75,-0.53,11.0,89.0
2023-03-16 16:15:00,36.203551849998,0.0,0.0,20.9222222,10.313333333333333,23.0,0,5.1764362714980825,70.66250196097344,16,3,3,-0.8660254037844385,-0.5000000000000004,0.4338837391175582,-0.900968867902419,1.0,6.123233995736766e-17,549.0,594.375,668.1666666666666,8.075,23.8,82.0,42.25,-3.1,3.711319,0.0,8.95,20.87222221333333,22.966666666666665,22.55,22.5,22.35,23.0,-10.608888866666668,0.0611111066666687,0.1819999999999986,10.131333333333334,10.543333333333331,20.916666647777777,10.059333333333337,4.192901,4.1719723,4.1214995,4.126101,4.180729,1,2.0,1,0.5,-0.52,10.7,89.3
2023-03-16 16:30:00,113.768504644444,78.402141588888,78.423529649998,20.87222221333333,10.543333333333331,23.0,2,5.1764362714980825,70.66250196097344,16,3,3,-0.8660254037844385,-0.5000000000000004,0.4338837391175582,-0.900968867902419,1.0,6.123233995736766e-17,510.0,564.125,649.5,7.949999999999999,23.8,64.0,42.5,-3.1,3.721356,0.0,8.9,20.82777775,23.0,22.966666666666665,22.55,22.5,23.0,-10.328888879999996,-0.0499999866666698,0.2300000000000004,10.313333333333333,10.77,20.88518516888889,10.329333333333333,4.180729,4.192901,4.1719723,4.1214995,4.1699333,0,1.0,1,0.75,-0.53,10.9,89.1
2023-03-16 16:45:00,115.258722849998,60.967561200000006,60.9858938,20.82777775,10.77,23.0,1,5.1764362714980825,70.66250196097344,16,3,3,-0.8660254037844385,-0.5000000000000004,0.4338837391175582,-0.900968867902419,1.0,6.123233995736766e-17,471.0,529.5,627.5833333333334,7.825,23.8,46.0,42.75,-3.1,3.731285,0.0,8.850000000000001,20.720370376666665,23.0,23.0,22.966666666666665,22.55,23.0,-10.057777749999998,-0.0444444633333311,0.2266666666666683,10.543333333333331,10.718666666666667,20.87407405444445,10.542222222222223,4.1699333,4.180729,4.192901,4.1719723,4.1439476,0,1.0,1,0.75,-0.54,11.2,88.8
2023-03-16 17:00:00,48.552502372218,0.0,0.0,20.720370376666665,10.718666666666667,23.0,0,5.1764362714980825,70.66250196097344,17,3,3,-0.9659258262890684,-0.2588190451025206,0.4338837391175582,-0.900968867902419,1.0,6.123233995736766e-17,432.0,490.5,602.4166666666666,7.7,23.8,28.0,43.0,-3.1,3.7411087,0.0,8.8,20.49444441,23.0,23.0,23.0,22.966666666666665,23.35,-10.001703709999996,-0.1074073733333342,-0.0513333333333339,10.77,10.445333333333334,20.80679011333333,10.677333333333335,4.1439476,4.1699333,4.180729,4.192901,4.151975,1,2.0,1,0.5,-0.57,11.7,88.3
2023-03-16 17:15:00,145.818889194446,112.553275472222,112.577441188888,20.49444441,10.445333333333334,23.35,2,5.1764362714980825,70.66250196097344,17,3,3,-0.9659258262890684,-0.2588190451025206,0.4338837391175582,-0.900968867902419,1.0,6.123233995736766e-17,388.25,450.3125,574.8541666666666,7.55,23.075,45.0,45.75,-2.875,3.8361163,0.0,8.225000000000001,20.46481478666667,23.0,23.0,23.0,23.0,23.5,-10.049111076666662,-0.2259259666666686,-0.2733333333333334,10.718666666666667,10.543333333333331,20.68086417888889,10.644666666666668,4.151975,4.1439476,4.1699333,4.180729,4.171432,0,1.0,1,0.75,-0.62,13.0,87.0
2023-03-16 17:30:00,69.86776084444,27.730001872222,27.744723516666,20.46481478666667,10.543333333333331,23.5,1,5.1764362714980825,70.66250196097344,17,3,3,-0.9659258262890684,-0.2588190451025206,0.4338837391175582,-0.900968867902419,1.0,6.123233995736766e-17,344.5,408.9375,544.8958333333334,7.4,22.35,62.0,48.5,-2.65,3.9186416,0.0,7.65,20.36111109,23.35,23.0,23.0,23.0,23.5,-9.921481453333335,-0.0296296233333279,0.0979999999999989,10.445333333333334,10.524,20.559876524444444,10.569111111111113,4.171432,4.151975,4.1439476,4.1699333,4.146258,0,1.0,1,0.75,-0.62,13.1,86.9
2023-03-16 17:45:00,69.464165705558,34.135578972222,34.150856144444,20.36111109,10.524,23.5,1,5.1764362714980825,70.66250196097344,17,3,3,-0.9659258262890684,-0.2588190451025206,0.4338837391175582,-0.900968867902419,1.0,6.123233995736766e-17,300.75,366.375,512.5416666666666,7.25,21.625,79.0,51.25,-2.4250000000000003,3.9893723,0.0,7.075,20.166666650000003,23.5,23.35,23.0,23.0,23.5,-9.83711109,-0.1037036966666669,-0.019333333333332,10.543333333333331,10.476,20.44012342888889,10.504222222222223,4.146258,4.171432,4.151975,4.1439476,4.0994124,0,1.0,0,0.75,-0.65,13.8,86.2
2023-03-16 18:00:00,181.01859221667,132.461367983334,132.486644755556,20.166666650000003,10.476,23.5,2,5.1764362714980825,70.66250196097344,18,3,3,-1.0,-1.8369701987210294e-16,0.4338837391175582,-0.900968867902419,1.0,6.123233995736766e-17,257.0,322.625,477.7916666666667,7.1,20.9,96.0,54.0,-2.2,4.048972,0.0,6.5,20.31666667,23.5,23.5,23.35,23.0,23.5,-9.690666650000004,-0.194444439999998,-0.0480000000000018,10.524,10.484,20.33086417555556,10.514444444444443,4.0994124,4.146258,4.171432,4.151975,4.1355095,0,0.0,1,1.0,-0.69,15.0,85.0
2023-03-16 18:15:00,49.112202166664,0.0,0.0,20.31666667,10.484,23.5,0,5.1764362714980825,70.66250196097344,18,3,3,-1.0,-1.8369701987210294e-16,0.4338837391175582,-0.900968867902419,1.0,6.123233995736766e-17,210.0,278.0625,440.9166666666667,7.824999999999999,19.275,82.25,55.25,-2.1500000000000004,4.068924,0.0,6.225,20.10000000333333,23.5,23.5,23.5,23.35,23.5,-9.83266667,0.1500000199999966,0.0080000000000008,10.476,10.464,20.281481470000003,10.494666666666667,4.1355095,4.0994124,4.146258,4.171432,4.083456,1,1.0,1,0.75,-0.66,14.1,85.9
2023-03-16 18:30:00,114.392924050002,82.204767211112,82.225044166668,20.10000000333333,10.464,23.5,2,5.1764362714980825,70.66250196097344,18,3,3,-1.0,-1.8369701987210294e-16,0.4338837391175582,-0.900968867902419,1.0,6.123233995736766e-17,163.0,232.6875,401.9166666666667,8.55,17.65,68.5,56.5,-2.1,4.086715,0.0,5.95,20.06666665,23.5,23.5,23.5,23.5,23.5,-9.636000003333333,-0.2166666666666685,-0.0199999999999995,10.484,10.292,20.194444441111116,10.474666666666668,4.083456,4.1355095,4.0994124,4.146258,4.075498,0,1.0,1,0.75,-0.7,15.4,84.6
2023-03-16 18:45:00,101.809260750002,69.637769944444,69.65665808888801,20.06666665,10.292,23.5,1,5.1764362714980825,70.66250196097344,18,3,3,-1.0,-1.8369701987210294e-16,0.4338837391175582,-0.900968867902419,1.0,6.123233995736766e-17,116.0,186.5,360.7916666666667,9.275,16.025,54.75,57.75,-2.05,4.1024065,0.0,5.675000000000001,20.08148148333333,23.5,23.5,23.5,23.5,23.5,-9.774666650000002,-0.0333333533333295,-0.1720000000000006,10.464,9.584,20.16111110777778,10.413333333333334,4.075498,4.083456,4.1355095,4.0994124,4.079034,0,1.0,1,0.75,-0.71,15.7,84.3
2023-03-16 19:00:00,72.759589433336,22.136336727778,22.14883617778,20.08148148333333,9.584,23.5,1,5.1764362714980825,70.66250196097344,19,3,3,-0.9659258262890684,0.2588190451025203,0.4338837391175582,-0.900968867902419,1.0,6.123233995736766e-17,69.0,139.5,317.5416666666667,10.0,14.4,41.0,59.0,-2.0,4.11606,0.0,5.4,19.87777774,23.5,23.5,23.5,23.5,23.5,-10.497481483333337,0.0148148333333324,-0.7080000000000002,10.292,9.218666666666667,20.08271604555556,10.113333333333337,4.079034,4.075498,4.083456,4.1355095,4.0306587,0,1.0,0,0.75,-0.71,15.6,84.4
2023-03-16 19:15:00,161.422154038886,115.653707033332,115.676483888888,19.87777774,9.218666666666667,23.5,2,5.1764362714980825,70.66250196097344,19,3,3,-0.9659258262890684,0.2588190451025203,0.4338837391175582,-0.900968867902419,1.0,6.123233995736766e-17,52.0,100.0,276.125,9.75,14.75,40.0,61.5,-2.05,4.117004,0.0,4.775,19.97777776666667,23.5,23.5,23.5,23.5,23.5,-10.659111073333332,-0.2037037433333353,-0.3653333333333322,9.584,9.172666666666666,20.00864195777778,9.698222222222222,4.0306587,4.079034,4.075498,4.083456,4.054343,0,0.0,1,1.0,-0.75,17.0,83.0
2023-03-16 19:30:00,50.686583388896,18.477316411112,18.489538105558,19.97777776666667,9.172666666666666,23.5,1,5.1764362714980825,70.66250196097344,19,3,3,-0.9659258262890684,0.2588190451025203,0.4338837391175582,-0.900968867902419,1.0,6.123233995736766e-17,35.0,68.0,236.54166666666663,9.5,15.1,39.0,64.0,-2.1,4.1102605,0.0,4.15,19.88888888,23.5,23.5,23.5,23.5,23.5,-10.805111100000005,0.1000000266666703,-0.0460000000000011,9.218666666666667,8.588666666666667,19.97901233,9.325111111111111,4.054343,4.0306587,4.079034,4.075498,4.033284,0,0.0,1,1.0,-0.73,16.3,83.7
2023-03-16 19:45:00,114.797074616666,73.127352555556,73.146240683334,19.88888888,8.588666666666667,23.5,2,5.1764362714980825,70.66250196097344,19,3,3,-0.9659258262890684,0.2588190451025203,0.4338837391175582,-0.900968867902419,1.0,6.123233995736766e-17,17.999999999999993,43.5,198.79166666666663,9.25,15.45,38.0,66.5,-2.1500000000000004,4.0963807,0.0,3.5250000000000004,19.81111108,23.5,23.5,23.5,23.5,23.5,-11.300222213333331,-0.0888888866666697,-0.5839999999999996,9.172666666666666,7.878,19.91481479555556,8.993333333333334,4.033284,4.054343,4.0306587,4.079034,4.014936,0,0.0,1,1.0,-0.75,16.9,83.1
2023-03-16 20:00:00,121.073768038886,87.680381527778,87.701214044444,19.81111108,7.878,23.5,2,5.1764362714980825,70.66250196097344,20,3,3,-0.8660254037844386,0.5000000000000001,0.4338837391175582,-0.900968867902419,1.0,6.123233995736766e-17,1.0,26.5,162.875,9.0,15.8,37.0,69.0,-2.2,4.075889,0.0,2.9,19.92222218,23.5,23.5,23.5,23.5,23.2,-11.93311108,-0.0777777999999997,-0.7106666666666666,8.588666666666667,7.21,19.89259257555556,8.546444444444447,4.014936,4.033284,4.054343,4.0306587,3.989582,0,0.0,0,1.0,-0.77,17.5,82.5
2023-03-16 20:15:00,62.460834766668,18.105664611112,18.11788633889,19.92222218,7.21,23.2,1,5.1764362714980825,70.66250196097344,20,3,3,-0.8660254037844386,0.5000000000000001,0.4338837391175582,-0.900968867902419,1.0,6.123233995736766e-17,0.75,13.687499999999998,130.58333333333334,8.775,15.35,52.75,71.75,-2.1750000000000003,4.104832,0.0,2.425,19.73703701333333,23.5,23.5,23.5,23.5,23.466666666666665,-12.712222179999998,0.1111110999999986,-0.6680000000000001,7.878,6.922,19.874074046666667,7.892222222222223,3.989582,4.014936,4.033284,4.054343,3.9918566,0,0.0,1,1.0,-0.75,16.7,83.3
2023-03-16 20:30:00,168.06188833889,119.571050283334,119.5943827,19.73703701333333,6.922,23.466666666666665,2,5.1764362714980825,70.66250196097344,20,3,3,-0.8660254037844386,0.5000000000000001,0.4338837391175582,-0.900968867902419,1.0,6.123233995736766e-17,0.5,5.062499999999998,101.91666666666669,8.55,14.9,68.5,74.5,-2.1500000000000004,4.127381,0.0,1.95,19.82777778,23.2,23.5,23.5,23.5,23.15,-12.815037013333336,-0.1851851666666633,-0.2880000000000002,7.21,6.604666666666666,19.82345675777778,7.336666666666669,3.9918566,3.989582,4.014936,4.033284,3.9590054,0,0.0,1,1.0,-0.79,18.1,81.9
2023-03-16 20:45:00,52.131525755556,16.697665399999998,16.710442655556,19.82777778,6.604666666666666,23.15,1,5.1764362714980825,70.66250196097344,20,3,3,-0.8660254037844386,0.5000000000000001,0.4338837391175582,-0.900968867902419,1.0,6.123233995736766e-17,0.25,0.625,76.875,8.325,14.45,84.25,77.25,-2.125,4.1438675,0.0,1.475,19.72407408333333,23.466666666666665,23.2,23.5,23.5,23.183333333333334,-13.223111113333337,0.0907407666666664,-0.3173333333333339,6.922,6.145333333333334,19.82901232444445,6.912222222222223,3.9590054,3.9918566,3.989582,4.014936,3.9406605,0,0.0,1,1.0,-0.77,17.4,82.6
2023-03-16 21:00:00,109.924491727778,77.738001488888,77.757167405554,19.72407408333333,6.145333333333334,23.183333333333334,2,5.1764362714980825,70.66250196097344,21,3,3,-0.7071067811865477,0.7071067811865474,0.4338837391175582,-0.900968867902419,1.0,6.123233995736766e-17,0.0,0.375,55.458333333333336,8.1,14.0,100.0,80.0,-2.1,4.154612,0.0,1.0,19.70555554,23.15,23.466666666666665,23.2,23.5,23.45,-13.57874075,-0.1037036966666669,-0.4593333333333316,6.604666666666666,6.048,19.76296295888889,6.557333333333335,3.9406605,3.9590054,3.9918566,3.989582,3.9816575,0,0.0,1,1.0,-0.79,18.2,81.8
2023-03-16 21:15:00,133.523547777776,94.100680272222,94.120957227778,19.70555554,6.048,23.45,2,5.1764362714980825,70.66250196097344,21,3,3,-0.7071067811865477,0.7071067811865474,0.4338837391175582,-0.900968867902419,1.0,6.123233995736766e-17,0.0,0.1875,37.958333333333336,8.525,14.725,100.0,79.0,-1.95,4.2018266,0.0,1.35,19.816666663333333,23.183333333333334,23.15,23.466666666666665,23.2,23.216666666666665,-13.65755554,-0.0185185433333359,-0.0973333333333341,6.145333333333334,6.118666666666667,19.752469134444443,6.266000000000001,3.9816575,3.9406605,3.9590054,3.9918566,3.9678211,0,0.0,0,1.0,-0.79,18.3,81.7
2023-03-16 21:30:00,309.36234726111,13.274469,13.286412988888,19.816666663333333,6.118666666666667,23.216666666666665,1,5.1764362714980825,70.66250196097344,21,3,3,-0.7071067811865477,0.7071067811865474,0.4338837391175582,-0.900968867902419,1.0,6.123233995736766e-17,0.0,0.0625,24.375,8.95,15.45,100.0,78.0,-1.8,4.248599,0.0,1.7,19.58333333,23.45,23.183333333333334,23.15,23.466666666666665,23.5,-13.697999996666669,0.1111111233333339,0.0706666666666668,6.048,5.783333333333333,19.74876542888889,6.104000000000002,3.9678211,3.9816575,3.9406605,3.9590054,3.961613,0,0.0,1,1.0,-0.77,17.5,82.5
2023-03-16 21:45:00,146.03832488333398,110.3014211,110.325031288888,19.58333333,5.783333333333333,23.5,2,5.1764362714980825,70.66250196097344,21,3,3,-0.7071067811865477,0.7071067811865474,0.4338837391175582,-0.900968867902419,1.0,6.123233995736766e-17,0.0,0.0,14.708333333333334,9.375,16.174999999999997,100.0,77.0,-1.65,4.294886,0.0,2.05,19.696296323333332,23.216666666666665,23.45,23.183333333333334,23.15,23.5,-13.799999996666669,-0.2333333333333307,-0.3353333333333337,6.118666666666667,5.443333333333333,19.701851844444445,5.983333333333334,3.961613,3.9678211,3.9816575,3.9406605,3.9879808,0,0.0,1,1.0,-0.82,19.3,80.7
2023-03-16 22:00:00,77.586340988884,41.110855516666,41.125854933332,19.696296323333332,5.443333333333333,23.5,1,5.1764362714980825,70.66250196097344,22,3,3,-0.5000000000000004,0.8660254037844384,0.4338837391175582,-0.900968867902419,1.0,6.123233995736766e-17,0.0,0.0,8.958333333333334,9.8,16.9,100.0,76.0,-1.5,4.3406425,0.0,2.4,19.64444444,23.5,23.216666666666665,23.45,23.183333333333334,23.5,-14.252962990000002,0.1129629933333333,-0.3399999999999998,5.783333333333333,5.178,19.69876543888889,5.781777777777779,3.9879808,3.961613,3.9678211,3.9816575,3.9758582,0,0.0,1,1.0,-0.8,18.4,81.6
2023-03-16 22:15:00,95.62978582222,56.7685625,56.784395183334,19.64444444,5.178,23.5,1,5.1764362714980825,70.66250196097344,22,3,3,-0.5000000000000004,0.8660254037844384,0.4338837391175582,-0.900968867902419,1.0,6.123233995736766e-17,0.0,0.0,4.624999999999999,10.45,17.974999999999998,100.0,74.5,-1.65,4.291021,0.0,2.525,19.537037023333333,23.5,23.5,23.216666666666665,23.45,23.5,-14.466444439999997,-0.0518518833333381,-0.2653333333333334,5.443333333333333,5.394,19.641358031111118,5.468222222222224,3.9758582,3.9879808,3.961613,3.9678211,3.9508507,0,0.0,0,1.0,-0.81,18.8,81.2
2023-03-16 22:30:00,146.54052697778,107.906794655556,107.92846043889,19.537037023333333,5.394,23.5,2,5.1764362714980825,70.66250196097344,22,3,3,-0.5000000000000004,0.8660254037844384,0.4338837391175582,-0.900968867902419,1.0,6.123233995736766e-17,0.0,0.0,1.7083333333333328,11.1,19.05,100.0,73.0,-1.8,4.2402105,0.0,2.65,19.71666669,23.5,23.5,23.5,23.216666666666665,23.5,-14.143037023333331,-0.107407416666664,0.2160000000000002,5.178,5.245333333333334,19.62592592888889,5.338444444444446,3.9508507,3.9758582,3.9879808,3.961613,3.992751,0,0.0,1,1.0,-0.83,19.6,80.4
2023-03-16 22:45:00,53.363420811116,0.0,0.0,19.71666669,5.245333333333334,23.5,0,5.1764362714980825,70.66250196097344,22,3,3,-0.5000000000000004,0.8660254037844384,0.4338837391175582,-0.900968867902419,1.0,6.123233995736766e-17,0.0,0.0,0.2083333333333333,11.75,20.125,100.0,71.5,-1.95,4.1881948,0.0,2.775,19.49814813333333,23.5,23.5,23.5,23.5,23.683333333333334,-14.471333356666666,0.179629666666667,-0.1486666666666662,5.394,5.366,19.63271605111111,5.272444444444446,3.992751,3.9508507,3.9758582,3.9879808,3.972582,1,1.0,1,0.75,-0.79,18.2,81.8
2023-03-16 23:00:00,152.771388866668,112.0263521,112.049128988888,19.49814813333333,5.366,23.683333333333334,2,5.1764362714980825,70.66250196097344,23,3,3,-0.2588190451025215,0.965925826289068,0.4338837391175582,-0.900968867902419,1.0,6.123233995736766e-17,0.0,0.0,0.125,12.4,21.2,100.0,70.0,-2.1,4.13496,0.0,2.9,19.605555560000003,23.5,23.5,23.5,23.5,23.65,-14.132148133333336,-0.2185185566666661,0.1206666666666658,5.245333333333334,5.673333333333333,19.583950615555555,5.335111111111112,3.972582,3.992751,3.9508507,3.9758582,3.992108,0,1.0,1,0.75,-0.84,19.9,80.1
2023-03-16 23:15:00,89.340592783338,57.086327588888,57.103826888888,19.605555560000003,5.673333333333333,23.65,1,5.1764362714980825,70.66250196097344,23,3,3,-0.2588190451025215,0.965925826289068,0.4338837391175582,-0.900968867902419,1.0,6.123233995736766e-17,0.0,0.0,0.0625,12.1,21.3,100.0,68.25,-2.15,4.1136403,0.0,3.2,19.61666664,23.683333333333334,23.5,23.5,23.5,23.5,-13.93222222666667,0.1074074266666684,0.3073333333333332,5.366,5.958666666666667,19.60679012777778,5.428222222222224,3.992108,3.972582,3.992751,3.9508507,3.969378,0,1.0,1,0.75,-0.82,19.1,80.9
2023-03-16 23:30:00,72.541264833336,39.4192565,39.435644777776,19.61666664,5.958666666666667,23.5,1,5.1764362714980825,70.66250196097344,23,3,3,-0.2588190451025215,0.965925826289068,0.4338837391175582,-0.900968867902419,1.0,6.123233995736766e-17,0.0,0.0,0.0208333333333333,11.8,21.4,100.0,66.5,-2.2,4.089535,0.0,3.5,19.43888888,23.65,23.683333333333334,23.5,23.5,23.8,-13.657999973333336,0.0111110799999991,0.2853333333333339,5.673333333333333,5.6626666666666665,19.573456777777785,5.666,3.969378,3.992108,3.972582,3.992751,3.9782639,0,1.0,0,0.75,-0.81,19.0,81.0
2023-03-16 23:45:00,193.830857488892,139.389424233332,139.414978777776,19.43888888,5.6626666666666665,23.8,2,5.1764362714980825,70.66250196097344,23,3,3,-0.2588190451025215,0.965925826289068,0.4338837391175582,-0.900968867902419,1.0,6.123233995736766e-17,0.0,0.0,0.0,11.5,21.5,100.0,64.75,-2.25,4.06255,0.0,3.8,19.67962963,23.5,23.65,23.683333333333334,23.5,23.53333333333333,-13.776222213333334,-0.1777777600000014,-0.2960000000000002,5.958666666666667,5.152666666666667,19.553703693333336,5.76488888888889,3.9782639,3.969378,3.992108,3.972582,3.9897318,0,0.0,1,1.0,-0.85,20.4,79.6
2023-03-17 00:00:00,46.156487016666,0.0,0.0,19.67962963,5.152666666666667,23.53333333333333,0,5.1764362714980825,70.66250196097344,0,4,3,0.0,1.0,-0.433883739117558,-0.9009688679024191,1.0,6.123233995736766e-17,0.0,0.0,0.0,11.2,21.6,100.0,63.0,-2.3,4.0325937,0.0,4.1,19.51111109,23.8,23.5,23.65,23.683333333333334,23.55,-14.526962963333334,0.2407407500000005,-0.5099999999999998,5.6626666666666665,5.036666666666666,19.57839505,5.591333333333335,3.9897318,3.9782639,3.969378,3.992108,3.953228,1,1.0,1,0.75,-0.8,18.5,81.5
2023-03-17 00:15:00,129.751476266672,97.449157427778,97.471378755556,19.51111109,5.036666666666666,23.55,2,5.1764362714980825,70.66250196097344,0,4,3,0.0,1.0,-0.433883739117558,-0.9009688679024191,1.0,6.123233995736766e-17,0.0,0.0,0.0,11.275,21.325000000000003,100.0,62.25,-2.4,3.9978702,0.0,4.15,19.52592591,23.53333333333333,23.8,23.5,23.65,23.78333333333333,-14.474444423333336,-0.1685185400000008,-0.1160000000000005,5.152666666666667,5.8966666666666665,19.54320986666667,5.284000000000002,3.953228,3.9897318,3.9782639,3.969378,3.9958742,0,1.0,1,0.75,-0.84,19.8,80.2
2023-03-17 00:30:00,107.305429927774,64.174099616666,64.191043372222,19.52592591,5.8966666666666665,23.78333333333333,1,5.1764362714980825,70.66250196097344,0,4,3,0.0,1.0,-0.433883739117558,-0.9009688679024191,1.0,6.123233995736766e-17,0.0,0.0,0.0,11.35,21.05,100.0,61.5,-2.5,3.9628644,0.0,4.199999999999999,19.5666667,23.55,23.53333333333333,23.8,23.5,23.5,-13.629259243333337,0.0148148200000015,0.8600000000000003,5.036666666666666,6.604,19.572222210000003,5.362000000000002,3.9958742,3.953228,3.9897318,3.9782639,3.9577358,0,1.0,1,0.75,-0.83,19.7,80.3
2023-03-17 00:45:00,66.287903894446,33.483660583334,33.496993383334,19.5666667,6.604,23.5,1,5.1764362714980825,70.66250196097344,0,4,3,0.0,1.0,-0.433883739117558,-0.9009688679024191,1.0,6.123233995736766e-17,0.0,0.0,0.0,11.425,20.775,100.0,60.75,-2.6,3.9275763,0.0,4.25,19.388888856666664,23.78333333333333,23.55,23.53333333333333,23.8,23.5,-12.9626667,0.0407407899999974,0.7073333333333336,5.8966666666666665,7.278666666666667,19.534567900000003,5.845777777777779,3.9577358,3.9958742,3.953228,3.9897318,3.9165814,0,1.0,0,0.75,-0.83,19.4,80.6
2023-03-17 01:00:00,171.50786157778,122.562319511112,122.585929666668,19.388888856666664,7.278666666666667,23.5,2,5.1764362714980825,70.66250196097344,1,4,3,0.2588190451025207,0.9659258262890684,-0.433883739117558,-0.9009688679024191,1.0,6.123233995736766e-17,0.0,0.0,0.0,11.5,20.5,100.0,60.0,-2.7,3.8920026,0.0,4.3,19.54444442,23.5,23.78333333333333,23.55,23.53333333333333,23.15,-12.110222189999998,-0.1777778433333345,0.674666666666667,6.604,7.788,19.493827155555557,6.593111111111113,3.9165814,3.9577358,3.9958742,3.953228,3.8937035,0,0.0,1,1.0,-0.87,20.8,79.2
2023-03-17 01:15:00,51.842092833336,0.0,0.0,19.54444442,7.788,23.15,0,5.1764362714980825,70.66250196097344,1,4,3,0.2588190451025207,0.9659258262890684,-0.433883739117558,-0.9009688679024191,1.0,6.123233995736766e-17,0.0,0.0,0.0,11.025,20.15,100.0,60.75,-2.725,3.9015365,0.0,4.15,19.394444426666663,23.5,23.5,23.78333333333333,23.55,23.183333333333334,-11.756444419999998,0.1555555633333334,0.5093333333333332,7.278666666666667,7.861333333333333,19.499999992222225,7.223555555555556,3.8937035,3.9165814,3.9577358,3.9958742,3.8650675,1,1.0,1,0.75,-0.83,19.6,80.4
2023-03-17 01:30:00,108.368720527782,75.321431472222,75.3411529,19.394444426666663,7.861333333333333,23.183333333333334,2,5.1764362714980825,70.66250196097344,1,4,3,0.2588190451025207,0.9659258262890684,-0.433883739117558,-0.9009688679024191,1.0,6.123233995736766e-17,0.0,0.0,0.0,10.55,19.8,100.0,61.5,-2.75,3.9104476,0.0,4.0,19.37222224,23.15,23.5,23.5,23.78333333333333,23.45,-11.533111093333332,-0.1499999933333313,0.0733333333333332,7.788,8.140666666666666,19.44259256777778,7.642666666666668,3.8650675,3.8937035,3.9165814,3.9577358,3.9044173,0,1.0,1,0.75,-0.87,20.9,79.1
2023-03-17 01:45:00,111.611368566672,79.319049344444,79.338493,19.37222224,8.140666666666666,23.45,2,5.1764362714980825,70.66250196097344,1,4,3,0.2588190451025207,0.9659258262890684,-0.433883739117558,-0.9009688679024191,1.0,6.123233995736766e-17,0.0,0.0,0.0,10.075,19.450000000000003,100.0,62.25,-2.775,3.918748,0.0,3.85,19.483333363333333,23.183333333333334,23.15,23.5,23.5,23.03333333333333,-11.231555573333331,-0.0222221866666672,0.2793333333333327,7.861333333333333,8.718,19.43703702888889,7.930000000000002,3.9044173,3.8650675,3.8937035,3.9165814,3.8601887,0,1.0,0,0.75,-0.87,21.0,79.0
2023-03-17 02:00:00,68.76308261667,22.672148627778,22.683814794446,19.483333363333333,8.718,23.03333333333333,1,5.1764362714980825,70.66250196097344,2,4,3,0.4999999999999999,0.8660254037844387,-0.433883739117558,-0.9009688679024191,1.0,6.123233995736766e-17,0.0,0.0,0.0,9.6,19.1,100.0,63.0,-2.8,3.926446,0.0,3.7,19.29999999,23.45,23.183333333333334,23.15,23.5,23.3,-10.765333363333331,0.1111111233333339,0.5773333333333337,8.140666666666666,9.188666666666668,19.41666667666667,8.240000000000002,3.8601887,3.9044173,3.8650675,3.8937035,3.862985,0,1.0,1,0.75,-0.85,20.2,79.8
2023-03-17 02:15:00,170.312631755552,119.58216093889,119.606604411112,19.29999999,9.188666666666668,23.3,2,5.1764362714980825,70.66250196097344,2,4,3,0.4999999999999999,0.8660254037844387,-0.433883739117558,-0.9009688679024191,1.0,6.123233995736766e-17,0.0,0.0,0.0,9.175,19.175,100.0,63.25,-2.675,3.955213,0.0,3.75,19.48148148,23.03333333333333,23.45,23.183333333333334,23.15,22.85,-10.111333323333332,-0.1833333733333333,0.4706666666666681,8.718,9.292,19.385185197777776,8.682444444444446,3.862985,3.8601887,3.9044173,3.8650675,3.8290474,0,0.0,1,1.0,-0.89,21.6,78.4
2023-03-17 02:30:00,36.668810788896,0.0,0.0,19.48148148,9.292,22.85,0,5.1764362714980825,70.66250196097344,2,4,3,0.4999999999999999,0.8660254037844387,-0.433883739117558,-0.9009688679024191,1.0,6.123233995736766e-17,0.0,0.0,0.0,8.75,19.25,100.0,63.5,-2.55,3.9841228,0.0,3.8,19.3111111,23.3,23.03333333333333,23.45,23.183333333333334,22.85,-10.18948148,0.1814814899999994,0.1033333333333317,9.188666666666668,8.99,19.421604944444443,9.066222222222224,3.8290474,3.862985,3.8601887,3.9044173,3.7908576,1,1.0,1,0.75,-0.85,20.2,79.8
2023-03-17 02:45:00,126.34577921667,87.731768355556,87.751489833332,19.3111111,8.99,22.85,2,5.1764362714980825,70.66250196097344,2,4,3,0.4999999999999999,0.8660254037844387,-0.433883739117558,-0.9009688679024191,1.0,6.123233995736766e-17,0.0,0.0,0.0,8.325,19.325,100.0,63.75,-2.425,4.013175,0.0,3.85,19.355555566666663,22.85,23.3,23.03333333333333,23.45,23.0,-10.3211111,-0.1703703799999978,-0.3019999999999996,9.292,8.663333333333334,19.36419752333333,9.156888888888892,3.7908576,3.8290474,3.862985,3.8601887,3.8257382,0,1.0,1,0.75,-0.89,21.6,78.4
2023-03-17 03:00:00,104.454988250002,67.81645388333399,67.8356198,19.355555566666663,8.663333333333334,23.0,1,5.1764362714980825,70.66250196097344,3,4,3,0.7071067811865476,0.7071067811865476,-0.433883739117558,-0.9009688679024191,1.0,6.123233995736766e-17,0.0,0.0,0.0,7.9,19.4,100.0,64.0,-2.3,4.042372,0.0,3.9,19.40000001,22.85,22.85,23.3,23.03333333333333,23.0,-10.692222233333332,0.0444444666666647,-0.3266666666666662,8.99,8.710666666666667,19.38271604888889,8.98177777777778,3.8257382,3.7908576,3.8290474,3.862985,3.8357565,0,1.0,1,0.75,-0.88,21.2,78.8
2023-03-17 03:15:00,73.043189255556,30.012132783334,30.025465566668,19.40000001,8.710666666666667,23.0,1,5.1764362714980825,70.66250196097344,3,4,3,0.7071067811865476,0.7071067811865476,-0.433883739117558,-0.9009688679024191,1.0,6.123233995736766e-17,0.0,0.0,0.0,7.875,18.05,100.0,64.75,-2.425,4.001941,0.0,3.575,19.22222225,23.0,22.85,22.85,23.3,23.0,-10.689333343333333,0.044444443333333,0.0473333333333325,8.663333333333334,8.544666666666666,19.35555555888889,8.788000000000002,3.8357565,3.8257382,3.7908576,3.8290474,3.795818,0,1.0,0,0.75,-0.87,20.9,79.1
2023-03-17 03:30:00,170.45984804999802,122.806198672222,122.830364405554,19.22222225,8.544666666666666,23.0,2,5.1764362714980825,70.66250196097344,3,4,3,0.7071067811865476,0.7071067811865476,-0.433883739117558,-0.9009688679024191,1.0,6.123233995736766e-17,0.0,0.0,0.0,7.85,16.7,100.0,65.5,-2.55,3.96115,0.0,3.25,19.41666667,23.0,23.0,22.85,22.85,23.0,-10.677555583333335,-0.1777777599999979,-0.1660000000000003,8.710666666666667,6.222666666666667,19.325925942222224,8.639555555555557,3.795818,3.8357565,3.8257382,3.7908576,3.8395193,0,0.0,1,1.0,-0.91,22.4,77.6
2023-03-17 03:45:00,45.523178866672,0.0,0.0,19.41666667,6.222666666666667,23.0,0,5.1764362714980825,70.66250196097344,3,4,3,0.7071067811865476,0.7071067811865476,-0.433883739117558,-0.9009688679024191,1.0,6.123233995736766e-17,0.0,0.0,0.0,7.825,15.35,100.0,66.25,-2.675,3.9200294,0.0,2.925,19.26296294,23.0,23.0,23.0,22.85,23.183333333333334,-13.194000003333333,0.1944444199999964,-2.321999999999999,8.544666666666666,5.828666666666667,19.34629631,7.826000000000003,3.8395193,3.795818,3.8357565,3.8257382,3.8352675,1,1.0,1,0.75,-0.86,20.7,79.3
2023-03-17 04:00:00,117.744734422224,85.456859372222,85.477136344444,19.26296294,5.828666666666667,23.183333333333334,2,5.1764362714980825,70.66250196097344,4,4,3,0.8660254037844386,0.5000000000000001,-0.433883739117558,-0.9009688679024191,1.0,6.123233995736766e-17,0.0,0.0,0.0,7.8,14.0,100.0,67.0,-2.8,3.8786066,0.0,2.6,19.28888887,23.0,23.0,23.0,23.0,23.5,-13.434296273333334,-0.1537037299999966,-0.3940000000000001,6.222666666666667,5.66,19.300617286666668,6.865333333333335,3.8352675,3.8395193,3.795818,3.8357565,3.893595,0,1.0,1,0.75,-0.9,22.0,78.0
2023-03-17 04:15:00,119.721599877776,85.00382196111,85.024376705554,19.28888887,5.66,23.5,2,5.1764362714980825,70.66250196097344,4,4,3,0.8660254037844386,0.5000000000000001,-0.433883739117558,-0.9009688679024191,1.0,6.123233995736766e-17,0.0,0.0,0.0,8.275,14.1,100.0,66.5,-2.575,3.954706,0.15,3.0,19.43888892,23.183333333333334,23.0,23.0,23.0,23.5,-13.62888887,0.0259259299999996,-0.1686666666666667,5.828666666666667,5.484666666666667,19.322839493333337,5.90377777777778,3.893595,3.8352675,3.8395193,3.795818,3.9281175,0,1.0,0,0.75,-0.89,21.7,78.3
2023-03-17 04:30:00,69.406945727782,13.427518394446,13.438351261114,19.43888892,5.484666666666667,23.5,1,5.1764362714980825,70.66250196097344,4,4,3,0.8660254037844386,0.5000000000000001,-0.433883739117558,-0.9009688679024191,1.0,6.123233995736766e-17,0.0,0.0,0.0,8.75,14.2,100.0,66.0,-2.35,4.0317087,0.3,3.4000000000000004,19.14444448,23.5,23.183333333333334,23.0,23.0,23.85,-13.954222253333334,0.1500000499999991,-0.1753333333333335,5.66,5.285333333333333,19.33024691,5.65777777777778,3.9281175,3.893595,3.8352675,3.8395193,3.9180977,0,1.0,1,0.75,-0.86,20.4,79.6
2023-03-17 04:45:00,151.66948856111,112.889373111112,112.912705544444,19.14444448,5.285333333333333,23.85,2,5.1764362714980825,70.66250196097344,4,4,3,0.8660254037844386,0.5000000000000001,-0.433883739117558,-0.9009688679024191,1.0,6.123233995736766e-17,0.0,0.0,0.0,9.225,14.3,100.0,65.5,-2.125,4.1096067,0.45,3.8,19.324074073333332,23.5,23.5,23.183333333333334,23.0,24.183333333333334,-13.859111146666669,-0.2944444399999995,-0.1993333333333335,5.484666666666667,5.229333333333333,19.29074075666667,5.476666666666669,3.9180977,3.9281175,3.893595,3.8352675,4.015123,0,0.0,1,1.0,-0.92,22.9,77.1
2023-03-17 05:00:00,81.7308973,49.421911927778,49.438577927778,19.324074073333332,5.229333333333333,24.183333333333334,1,5.1764362714980825,70.66250196097344,5,4,3,0.9659258262890684,0.2588190451025207,-0.433883739117558,-0.9009688679024191,1.0,6.123233995736766e-17,0.0,0.0,0.0,9.7,14.4,100.0,65.0,-1.9,4.1883926,0.6,4.2,19.30555556,23.85,23.5,23.5,23.183333333333334,24.9,-14.094740740000002,0.1796295933333347,-0.056,5.285333333333333,5.571333333333333,19.30246915777778,5.333111111111113,4.015123,3.9180977,3.9281175,3.893595,4.1296043,0,0.0,1,1.0,-0.88,21.3,78.7
2023-03-17 05:15:00,88.299245822216,44.765431527778,44.780430944444,19.30555556,5.571333333333333,24.9,1,5.1764362714980825,70.66250196097344,5,4,3,0.9659258262890684,0.2588190451025207,-0.433883739117558,-0.9009688679024191,1.0,6.123233995736766e-17,0.0,0.0,0.0,9.925,15.85,100.0,66.5,-1.6,4.2708173,0.65,4.15,19.15185188666667,24.183333333333334,23.85,23.5,23.5,25.466666666666665,-13.73422222666667,-0.0185185133333334,0.3419999999999996,5.229333333333333,5.369333333333333,19.25802470444445,5.362000000000001,4.1296043,4.015123,3.9180977,3.9281175,4.185512,0,0.0,0,1.0,-0.88,21.3,78.7
2023-03-17 05:30:00,160.57829894444,124.531407444444,124.555850916666,19.15185188666667,5.369333333333333,25.466666666666665,2,5.1764362714980825,70.66250196097344,5,4,3,0.9659258262890684,0.2588190451025207,-0.433883739117558,-0.9009688679024191,1.0,6.123233995736766e-17,0.0,0.0,0.0,10.15,17.3,100.0,68.0,-1.2999999999999998,4.3526406,0.7,4.1,19.3722222,24.9,24.183333333333334,23.85,23.5,25.6,-13.782518553333336,-0.1537036733333323,-0.2019999999999999,5.571333333333333,4.9046666666666665,19.26049384,5.390000000000001,4.185512,4.1296043,4.015123,3.9180977,4.2623916,0,0.0,1,1.0,-0.91,22.5,77.5
2023-03-17 05:45:00,52.768722733324,0.0,0.0,19.3722222,4.9046666666666665,25.6,0,5.1764362714980825,70.66250196097344,5,4,3,0.9659258262890684,0.2588190451025207,-0.433883739117558,-0.9009688679024191,1.0,6.123233995736766e-17,0.0,0.0,0.0,10.375,18.75,100.0,69.5,-1.0,4.4338675,0.75,4.05,19.175925926666665,25.466666666666665,24.9,24.183333333333334,23.85,26.433333333333334,-14.467555533333332,0.2203703133333299,-0.4646666666666661,5.369333333333333,4.281333333333333,19.27654321555556,5.281777777777779,4.2623916,4.185512,4.1296043,4.015123,4.350556,1,1.0,1,0.75,-0.86,20.6,79.4
2023-03-17 06:00:00,135.293754683334,90.747203283334,90.767202483334,19.175925926666665,4.281333333333333,26.433333333333334,2,5.1764362714980825,70.66250196097344,6,4,3,1.0,6.123233995736766e-17,-0.433883739117558,-0.9009688679024191,1.0,6.123233995736766e-17,0.0,0.0,0.0,10.6,20.2,100.0,71.0,-0.7,4.5145,0.8,4.0,19.22222225,25.6,25.466666666666665,24.9,24.183333333333334,26.55,-14.894592593333332,-0.1962962733333348,-0.6233333333333331,4.9046666666666665,4.242,19.23333333777778,4.851777777777779,4.350556,4.2623916,4.185512,4.1296043,4.3816934,0,1.0,1,0.75,-0.9,22.1,77.9
2023-03-17 06:15:00,98.261347272218,65.911530116666,65.92958496111,19.22222225,4.242,26.55,1,5.1764362714980825,70.66250196097344,6,4,3,1.0,6.123233995736766e-17,-0.433883739117558,-0.9009688679024191,1.0,6.123233995736766e-17,0.0,0.0,0.0,11.575,22.35,100.0,70.25,-0.6499999999999999,4.53422,0.625,4.225,19.30000002,26.433333333333334,25.6,25.466666666666665,24.9,27.15,-14.98022225,0.0462963233333368,-0.0393333333333334,4.281333333333333,5.433333333333334,19.256790125555558,4.476000000000002,4.3816934,4.350556,4.2623916,4.185512,4.501289,0,1.0,1,0.75,-0.89,21.7,78.3
2023-03-17 06:30:00,64.189654511112,32.027052233332,32.04010726111,19.30000002,5.433333333333334,27.15,1,5.1764362714980825,70.66250196097344,6,4,3,1.0,6.123233995736766e-17,-0.433883739117558,-0.9009688679024191,1.0,6.123233995736766e-17,0.0,0.0,0.0,12.55,24.5,100.0,69.5,-0.6,4.5533795,0.45,4.45,19.1166667,26.55,26.433333333333334,25.6,25.466666666666665,27.5,-13.866666686666669,0.0777777700000008,1.1913333333333336,4.242,6.934,19.23271606555556,4.652222222222224,4.501289,4.3816934,4.350556,4.2623916,4.5103297,0,1.0,0,0.75,-0.87,20.9,79.1
2023-03-17 06:45:00,164.205653611116,114.323760183334,114.346814827778,19.1166667,6.934,27.5,2,5.1764362714980825,70.66250196097344,6,4,3,1.0,6.123233995736766e-17,-0.433883739117558,-0.9009688679024191,1.0,6.123233995736766e-17,0.0,0.0,0.0,13.525,26.65,100.0,68.75,-0.55,4.57196,0.275,4.675000000000001,19.294444436666662,27.15,26.55,26.433333333333334,25.6,27.683333333333334,-12.1826667,-0.1833333200000027,1.5006666666666666,5.433333333333334,6.604,19.212962990000005,5.536444444444446,4.5103297,4.501289,4.3816934,4.350556,4.588211,0,0.0,1,1.0,-0.91,22.4,77.6
2023-03-17 07:00:00,51.036847261114,0.0,0.0,19.294444436666662,6.604,27.683333333333334,0,5.1764362714980825,70.66250196097344,7,4,3,0.9659258262890684,-0.2588190451025206,-0.433883739117558,-0.9009688679024191,1.0,6.123233995736766e-17,0.0,0.0,0.0,14.5,28.8,100.0,68.0,-0.5,4.5899415,0.1,4.9,19.12222226,27.5,27.15,26.55,26.433333333333334,28.35,-12.690444436666668,0.1777777366666662,-0.33,6.934,6.306666666666667,19.237037052222224,6.323777777777779,4.588211,4.5103297,4.501289,4.3816934,4.6512637,1,1.0,1,0.75,-0.87,20.8,79.2
2023-03-17 07:15:00,114.714855655556,82.62586151666599,82.646971805554,19.12222226,6.306666666666667,28.35,2,5.1764362714980825,70.66250196097344,7,4,3,0.9659258262890684,-0.2588190451025206,-0.433883739117558,-0.9009688679024191,1.0,6.123233995736766e-17,1.25,0.3125,0.1041666666666666,15.825,30.875,100.0,69.5,-0.0499999999999999,4.74576,0.15,5.075,19.15740742333333,27.683333333333334,27.5,27.15,26.55,28.5,-12.815555593333334,-0.1722221766666649,-0.2973333333333334,6.604,6.514,19.177777798888894,6.614888888888891,4.6512637,4.588211,4.5103297,4.501289,4.685582,0,1.0,1,0.75,-0.9,22.2,77.8
2023-03-17 07:30:00,102.508677288888,63.606344544444,63.625232705554,19.15740742333333,6.514,28.5,1,5.1764362714980825,70.66250196097344,7,4,3,0.9659258262890684,-0.2588190451025206,-0.433883739117558,-0.9009688679024191,1.0,6.123233995736766e-17,2.5,0.9375,0.3125,17.15,32.95,100.0,71.0,0.4,4.904501,0.2,5.25,19.23333331,28.35,27.683333333333334,27.5,27.15,28.9,-12.643407423333333,0.0351851633333311,0.2073333333333336,6.306666666666667,6.781333333333333,19.19135804,6.474888888888891,4.685582,4.6512637,4.588211,4.5103297,4.7726517,0,1.0,1,0.75,-0.89,21.8,78.2
2023-03-17 07:45:00,63.056088888884,26.76365166111,26.778095533332,19.23333331,6.781333333333333,28.9,1,5.1764362714980825,70.66250196097344,7,4,3,0.9659258262890684,-0.2588190451025206,-0.433883739117558,-0.9009688679024191,1.0,6.123233995736766e-17,3.75,1.875,0.625,18.475,35.025,100.0,72.5,0.8499999999999999,5.0662045,0.25,5.425,19.075925936666668,28.5,28.35,27.683333333333334,27.5,29.466666666666665,-12.451999976666666,0.075925886666667,0.2673333333333332,6.514,6.999333333333333,19.170987664444443,6.5340000000000025,4.7726517,4.685582,4.6512637,4.588211,4.821289,0,1.0,0,0.75,-0.87,21.1,78.9
2023-03-17 08:00:00,171.76174033889,127.039362688888,127.064361705554,19.075925936666668,6.999333333333333,29.466666666666665,2,5.1764362714980825,70.66250196097344,8,4,3,0.8660254037844387,-0.4999999999999998,-0.433883739117558,-0.9009688679024191,1.0,6.123233995736766e-17,5.0,3.125,1.0416666666666667,19.8,37.1,100.0,74.0,1.3,5.2309113,0.3,5.6,19.305555570000003,28.9,28.5,28.35,27.683333333333334,29.55,-12.076592603333337,-0.1574073733333314,0.2179999999999999,6.781333333333333,6.948,19.155555556666663,6.7648888888888905,4.821289,4.7726517,4.685582,4.6512637,4.900795,0,0.0,1,1.0,-0.91,22.3,77.7
2023-03-17 08:15:00,49.61662642222,0.0,0.0,19.305555570000003,6.948,29.55,0,5.1764362714980825,70.66250196097344,8,4,3,0.8660254037844387,-0.4999999999999998,-0.433883739117558,-0.9009688679024191,1.0,6.123233995736766e-17,17.25,7.125,2.4791666666666665,19.45,37.9,100.0,73.0,1.25,5.2113395,0.275,5.75,19.15185184,29.466666666666665,28.9,28.5,28.35,29.966666666666665,-12.357555570000002,0.2296296333333352,-0.0513333333333339,6.999333333333333,6.803333333333333,19.204938272222225,6.909555555555557,4.900795,4.821289,4.7726517,4.685582,4.9250984,1,1.0,1,0.75,-0.85,20.3,79.7
2023-03-17 08:30:00,115.28511057778,77.041362655556,77.061361872222,19.15185184,6.803333333333333,29.966666666666665,2,5.1764362714980825,70.66250196097344,8,4,3,0.8660254037844387,-0.4999999999999998,-0.433883739117558,-0.9009688679024191,1.0,6.123233995736766e-17,29.5,13.875,4.9375,19.1,38.7,100.0,72.0,1.2000000000000002,5.190802,0.25,5.9,19.20000001,29.55,29.466666666666665,28.9,28.5,29.7,-12.348518506666666,-0.1537037300000037,-0.1446666666666667,6.948,6.814666666666667,19.177777782222226,6.916888888888891,4.9250984,4.900795,4.821289,4.7726517,4.8951426,0,1.0,1,0.75,-0.89,21.6,78.4
2023-03-17 08:45:00,92.847119333332,60.766458127778,60.7850685,19.20000001,6.814666666666667,29.7,1,5.1764362714980825,70.66250196097344,8,4,3,0.8660254037844387,-0.4999999999999998,-0.433883739117558,-0.9009688679024191,1.0,6.123233995736766e-17,41.75,23.375,8.416666666666666,18.75,39.5,100.0,71.0,1.15,5.169285,0.225,6.05,19.248148126666667,29.966666666666665,29.55,29.466666666666665,28.9,29.966666666666665,-12.385333343333333,0.048148170000001,0.0113333333333338,6.803333333333333,6.866,19.219135806666667,6.855333333333334,4.8951426,4.9250984,4.900795,4.821289,4.953126,0,1.0,1,0.75,-0.88,21.2,78.8
2023-03-17 09:00:00,63.287190727774,28.354699116666,28.369420777776,19.248148126666667,6.866,29.966666666666665,1,5.1764362714980825,70.66250196097344,9,4,3,0.7071067811865476,-0.7071067811865475,-0.433883739117558,-0.9009688679024191,1.0,6.123233995736766e-17,54.0,35.625,12.916666666666666,18.4,40.3,100.0,70.0,1.1,5.1467733,0.2,6.2,19.06666666,29.7,29.966666666666665,29.55,29.466666666666665,30.35,-12.382148126666667,0.0481481166666668,0.051333333333333,6.814666666666667,6.736,19.199999992222224,6.828,4.953126,4.8951426,4.9250984,4.900795,4.9631066,0,1.0,0,0.75,-0.86,20.7,79.3
2023-03-17 09:15:00,166.259182733332,109.257573955556,109.281184144444,19.06666666,6.736,30.35,2,5.1764362714980825,70.66250196097344,9,4,3,0.7071067811865476,-0.7071067811865475,-0.433883739117558,-0.9009688679024191,1.0,6.123233995736766e-17,75.0,50.0625,19.166666666666668,18.475,40.925,100.0,69.75,1.25,5.2043767,0.325,6.425,19.29074073,29.966666666666665,29.7,29.966666666666665,29.55,30.5,-12.33066666,-0.1814814666666677,-0.1299999999999999,6.866,6.704666666666666,19.171604932222223,6.805555555555557,4.9631066,4.953126,4.8951426,4.9250984,5.0539403,0,0.0,1,1.0,-0.9,22.2,77.8
2023-03-17 09:30:00,41.043080661102,0.0,0.0,19.29074073,6.704666666666666,30.5,0,5.1764362714980825,70.66250196097344,9,4,3,0.7071067811865476,-0.7071067811865475,-0.433883739117558,-0.9009688679024191,1.0,6.123233995736766e-17,96.0,66.6875,27.166666666666668,18.55,41.55,100.0,69.5,1.4,5.262413,0.4499999999999999,6.65,19.12777781,30.35,29.966666666666665,29.7,29.966666666666665,30.85,-12.586074063333331,0.2240740700000003,-0.0313333333333334,6.736,6.682,19.20185183888889,6.768888888888891,5.0539403,4.9631066,4.953126,4.8951426,5.0630856,1,1.0,1,0.75,-0.85,20.3,79.7
2023-03-17 09:45:00,377.141302677776,84.898270616666,84.919380888888,19.12777781,6.682,30.85,2,5.1764362714980825,70.66250196097344,9,4,3,0.7071067811865476,-0.7071067811865475,-0.433883739117558,-0.9009688679024191,1.0,6.123233995736766e-17,117.0,85.5,36.91666666666666,18.625,42.175,100.0,69.25,1.55,5.3208823,0.575,6.875,19.20925926,30.5,30.35,29.966666666666665,29.7,31.0,-12.44577781,-0.1629629199999982,-0.0226666666666659,6.704666666666666,6.776666666666667,19.1617284,6.707555555555557,5.0630856,5.0539403,4.9631066,4.953126,5.1121964,0,1.0,1,0.75,-0.89,21.6,78.4
2023-03-17 10:00:00,102.106748883334,58.94819756111,58.965696844444,19.20925926,6.776666666666667,31.0,1,5.1764362714980825,70.66250196097344,10,4,3,0.4999999999999999,-0.8660254037844387,-0.433883739117558,-0.9009688679024191,1.0,6.123233995736766e-17,138.0,106.5,48.41666666666666,18.7,42.8,100.0,69.0,1.7,5.3797865,0.7,7.1,19.28333335,30.85,30.5,30.35,29.966666666666665,31.35,-12.432592593333332,0.0814814499999982,0.0946666666666669,6.682,6.857333333333333,19.209259266666667,6.721111111111113,5.1121964,5.0630856,5.0539403,4.9631066,5.192523,0,1.0,1,0.75,-0.87,20.9,79.1
2023-03-17 10:15:00,48.266402699996,11.495095727778,11.508428544444,19.28333335,6.857333333333333,31.35,1,5.1764362714980825,70.66250196097344,10,4,3,0.4999999999999999,-0.8660254037844387,-0.433883739117558,-0.9009688679024191,1.0,6.123233995736766e-17,146.75,124.4375,60.54166666666666,18.25,42.45,100.0,68.75,1.775,5.3952055,0.75,7.199999999999999,19.038888906666667,31.0,30.85,30.5,30.35,31.5,-12.426000016666666,0.0740740899999998,0.0806666666666657,6.776666666666667,7.19,19.206790140000003,6.772000000000002,5.192523,5.1121964,5.0630856,5.0539403,5.142732,0,1.0,0,0.75,-0.85,20.2,79.8
2023-03-17 10:30:00,159.937768883334,111.705809355556,111.730808388888,19.038888906666667,7.19,31.5,2,5.1764362714980825,70.66250196097344,10,4,3,0.4999999999999999,-0.8660254037844387,-0.433883739117558,-0.9009688679024191,1.0,6.123233995736766e-17,155.5,139.3125,73.29166666666667,17.799999999999997,42.1,100.0,68.5,1.85,5.4105697,0.8,7.3,19.23888888,31.35,31.0,30.85,30.5,31.55,-11.848888906666668,-0.2444444433333323,0.3326666666666664,6.857333333333333,7.109333333333334,19.17716050555556,6.941333333333335,5.142732,5.192523,5.1121964,5.0630856,5.211987,0,0.0,1,1.0,-0.9,22.2,77.8
2023-03-17 10:45:00,60.06870840555,16.242961372222,16.255460855556,19.23888888,7.109333333333334,31.55,1,5.1764362714980825,70.66250196097344,10,4,3,0.4999999999999999,-0.8660254037844387,-0.433883739117558,-0.9009688679024191,1.0,6.123233995736766e-17,164.25,151.125,86.66666666666667,17.349999999999998,41.75,100.0,68.25,1.925,5.425874,0.85,7.4,19.148148133333333,31.5,31.35,31.0,30.85,31.966666666666665,-12.129555546666664,0.1999999733333304,-0.0806666666666657,7.19,7.102,19.18703704555556,7.052222222222223,5.211987,5.142732,5.192523,5.1121964,5.2526574,0,0.0,1,1.0,-0.86,20.5,79.5
2023-03-17 11:00:00,79.42626737221799,47.105893472222,47.123115,19.148148133333333,7.102,31.966666666666665,1,5.1764362714980825,70.66250196097344,11,4,3,0.258819045102521,-0.9659258262890682,-0.433883739117558,-0.9009688679024191,1.0,6.123233995736766e-17,173.0,159.875,100.66666666666669,16.9,41.4,100.0,68.0,2.0,5.441121,0.9,7.5,19.07222225,31.55,31.5,31.35,31.0,32.0,-12.046148133333332,-0.0907407466666647,-0.0073333333333334,7.109333333333334,7.259333333333333,19.141975306666662,7.133777777777779,5.2526574,5.211987,5.142732,5.192523,5.2346444,0,0.0,0,1.0,-0.88,21.2,78.8
2023-03-17 11:15:00,129.195943105554,96.926678327778,96.949177444444,19.07222225,7.259333333333333,32.0,2,5.1764362714980825,70.66250196097344,11,4,3,0.258819045102521,-0.9659258262890682,-0.433883739117558,-0.9009688679024191,1.0,6.123233995736766e-17,180.5,168.3125,114.27083333333331,15.75,41.05,100.0,68.0,2.075,5.4675937,1.05,7.575,19.32592594333333,31.966666666666665,31.55,31.5,31.35,32.18333333333333,-11.812888916666664,-0.0759258833333333,0.1573333333333328,7.102,7.117333333333333,19.153086421111112,7.156888888888891,5.2346444,5.2526574,5.211987,5.142732,5.343933,0,0.0,1,1.0,-0.89,21.8,78.2
2023-03-17 11:30:00,54.468099072218,0.0,0.0,19.32592594333333,7.117333333333333,32.18333333333333,0,5.1764362714980825,70.66250196097344,11,4,3,0.258819045102521,-0.9659258262890682,-0.433883739117558,-0.9009688679024191,1.0,6.123233995736766e-17,188.0,176.4375,127.47916666666669,14.6,40.7,100.0,68.0,2.15,5.4941783,1.2,7.65,19.09444445,32.0,31.966666666666665,31.55,31.5,32.5,-12.208592610000002,0.2537036933333354,-0.1420000000000003,7.259333333333333,7.050666666666666,19.18209877555556,7.159555555555556,5.343933,5.2346444,5.2526574,5.211987,5.3234086,1,1.0,1,0.75,-0.83,19.7,80.3
2023-03-17 11:45:00,133.93630898333402,87.640660916666,87.661771188888,19.09444445,7.050666666666666,32.5,2,5.1764362714980825,70.66250196097344,11,4,3,0.258819045102521,-0.9659258262890682,-0.433883739117558,-0.9009688679024191,1.0,6.123233995736766e-17,195.5,184.25,140.29166666666666,13.45,40.35,100.0,68.0,2.225,5.520875,1.35,7.725,19.185185166666667,32.18333333333333,32.0,31.966666666666665,31.55,32.5,-12.043777783333336,-0.2314814933333338,-0.0666666666666664,7.117333333333333,6.976666666666668,19.16419754777778,7.142444444444446,5.3234086,5.343933,5.2346444,5.2526574,5.351963,0,1.0,1,0.75,-0.89,21.6,78.4
2023-03-17 12:00:00,74.35924776111,42.1941455,42.209700411112,19.185185166666667,6.976666666666668,32.5,1,5.1764362714980825,70.66250196097344,12,4,3,1.2246467991473532e-16,-1.0,-0.433883739117558,-0.9009688679024191,1.0,6.123233995736766e-17,203.0,191.75,152.70833333333334,12.3,40.0,100.0,68.0,2.3,5.547686,1.5,7.8,19.23333331,32.5,32.18333333333333,32.0,31.966666666666665,32.9,-12.2085185,0.0907407166666658,-0.0739999999999989,7.050666666666666,7.071333333333333,19.20185185333333,7.048222222222225,5.351963,5.3234086,5.343933,5.2346444,5.4332266,0,1.0,1,0.75,-0.86,20.8,79.2
2023-03-17 12:15:00,64.010495194438,24.29291716111,24.307638805554,19.23333331,7.071333333333333,32.9,1,5.1764362714980825,70.66250196097344,12,4,3,1.2246467991473532e-16,-1.0,-0.433883739117558,-0.9009688679024191,1.0,6.123233995736766e-17,173.5,190.0,160.91666666666666,14.85,42.05,100.0,68.5,2.4,5.588478,1.625,7.8,19.05555555,32.5,32.5,32.18333333333333,32.0,33.28333333333333,-12.161999976666667,0.0481481433333321,0.0946666666666651,6.976666666666668,7.263333333333334,19.170987642222222,7.032888888888891,5.4332266,5.351963,5.3234086,5.343933,5.4392266,0,1.0,0,0.75,-0.85,20.3,79.7
2023-03-17 12:30:00,146.448030877772,111.067779327778,111.09194506111,19.05555555,7.263333333333334,33.28333333333333,2,5.1764362714980825,70.66250196097344,12,4,3,1.2246467991473532e-16,-1.0,-0.433883739117558,-0.9009688679024191,1.0,6.123233995736766e-17,144.0,179.0,164.91666666666666,17.4,44.1,100.0,69.0,2.5,5.6292696,1.75,7.8,19.29444445,32.9,32.5,32.5,32.18333333333333,33.05,-11.792222216666667,-0.1777777599999979,0.192000000000001,7.071333333333333,7.412666666666666,19.15802467555556,7.103777777777779,5.4392266,5.4332266,5.351963,5.3234086,5.477678,0,0.0,1,1.0,-0.89,21.7,78.3
2023-03-17 12:45:00,49.340248544444,0.0,0.0,19.29444445,7.412666666666666,33.05,0,5.1764362714980825,70.66250196097344,12,4,3,1.2246467991473532e-16,-1.0,-0.433883739117558,-0.9009688679024191,1.0,6.123233995736766e-17,114.5,158.75,164.70833333333334,19.95,46.150000000000006,100.0,69.5,2.6,5.670061,1.875,7.8,19.20370373333333,33.28333333333333,32.9,32.5,32.5,33.65,-11.881777783333334,0.2388888999999991,0.1493333333333328,7.263333333333334,7.579333333333333,19.194444436666668,7.249111111111112,5.477678,5.4392266,5.4332266,5.351963,5.5473914,1,1.0,1,0.75,-0.84,19.8,80.2
2023-03-17 13:00:00,95.421738444448,48.919432011112,48.936098027778,19.20370373333333,7.579333333333333,33.65,1,5.1764362714980825,70.66250196097344,13,4,3,-0.2588190451025208,-0.9659258262890684,-0.433883739117558,-0.9009688679024191,1.0,6.123233995736766e-17,85.0,129.25,160.29166666666666,22.5,48.2,100.0,70.0,2.7,5.710853,2.0,7.8,19.15555559,33.05,33.28333333333333,32.9,32.5,33.65,-11.6243704,-0.0907407166666658,0.1666666666666669,7.412666666666666,7.807333333333333,19.184567911111117,7.418444444444447,5.5473914,5.477678,5.4392266,5.4332266,5.531673,0,1.0,1,0.75,-0.85,20.4,79.6
2023-03-17 13:15:00,117.524187827774,79.9168032,79.9368024,19.15555559,7.807333333333333,33.65,2,5.1764362714980825,70.66250196097344,13,4,3,-0.2588190451025208,-0.9659258262890684,-0.433883739117558,-0.9009688679024191,1.0,6.123233995736766e-17,86.0,107.375,155.22916666666666,22.475,48.2,100.0,70.0,2.825,5.766402,1.875,7.95,19.312962963333334,33.65,33.05,33.28333333333333,32.9,33.68333333333333,-11.348222256666666,-0.0481481433333357,0.2279999999999997,7.579333333333333,7.821333333333333,19.21790125777778,7.599777777777779,5.531673,5.5473914,5.477678,5.4392266,5.588737,0,1.0,1,0.75,-0.87,20.8,79.2
2023-03-17 13:30:00,36.206885033332,0.0,0.0,19.312962963333334,7.821333333333333,33.68333333333333,0,5.1764362714980825,70.66250196097344,13,4,3,-0.2588190451025208,-0.9659258262890684,-0.433883739117558,-0.9009688679024191,1.0,6.123233995736766e-17,87.0,93.125,149.52083333333334,22.45,48.2,100.0,70.0,2.95,5.822422,1.75,8.1,19.11666669,33.65,33.65,33.05,33.28333333333333,34.0,-11.49162963,0.157407373333335,0.0140000000000002,7.807333333333333,7.887333333333333,19.224074095555554,7.7360000000000015,5.588737,5.531673,5.5473914,5.477678,5.576408,1,2.0,1,0.5,-0.83,19.5,80.5
2023-03-17 13:45:00,131.495295594442,96.249761005554,96.27281568333,19.11666669,7.887333333333333,34.0,2,5.1764362714980825,70.66250196097344,13,4,3,-0.2588190451025208,-0.9659258262890684,-0.433883739117558,-0.9009688679024191,1.0,6.123233995736766e-17,88.0,86.5,143.16666666666666,22.425,48.2,100.0,70.0,3.075,5.878916,1.625,8.25,19.22037038,33.68333333333333,33.65,33.65,33.05,34.0,-11.229333356666665,-0.1962962733333348,0.0659999999999998,7.821333333333333,8.086,19.195061747777785,7.8386666666666684,5.576408,5.588737,5.531673,5.5473914,5.610598,0,1.0,1,0.75,-0.87,21.1,78.9
2023-03-17 14:00:00,87.64093870555399,30.897375155556,30.910985711112,19.22037038,8.086,34.0,1,5.1764362714980825,70.66250196097344,14,4,3,-0.4999999999999997,-0.8660254037844388,-0.433883739117558,-0.9009688679024191,1.0,6.123233995736766e-17,89.0,87.5,136.16666666666666,22.4,48.2,100.0,70.0,3.2,5.9358892,1.5,8.4,19.19444445,34.0,33.68333333333333,33.65,33.65,34.35,-11.134370380000002,0.1037036900000032,0.198666666666667,7.887333333333333,8.259333333333334,19.216666677777777,7.931555555555557,5.610598,5.576408,5.588737,5.531673,5.6597,0,1.0,1,0.75,-0.85,20.2,79.8
2023-03-17 14:15:00,61.537538416666,24.315971788888,24.329582344444,19.19444445,8.259333333333334,34.35,1,5.1764362714980825,70.66250196097344,14,4,3,-0.4999999999999997,-0.8660254037844388,-0.433883739117558,-0.9009688679024191,1.0,6.123233995736766e-17,94.5,89.625,129.0,21.975,48.2,100.0,70.0,3.2750000000000004,5.964555,1.45,8.475,19.020370343333333,34.0,34.0,33.68333333333333,33.65,34.5,-10.935111116666665,-0.0259259300000032,0.1733333333333337,8.086,8.361333333333333,19.17716050666667,8.077555555555557,5.6597,5.610598,5.576408,5.588737,5.626363,0,1.0,0,0.75,-0.85,20.3,79.7
2023-03-17 14:30:00,222.759978211108,99.690178883334,99.712678,19.020370343333333,8.361333333333333,34.5,2,5.1764362714980825,70.66250196097344,14,4,3,-0.4999999999999997,-0.8660254037844388,-0.433883739117558,-0.9009688679024191,1.0,6.123233995736766e-17,100.0,92.875,121.66666666666669,21.55,48.2,100.0,70.0,3.35,5.993343,1.4,8.55,19.24999998,34.35,34.0,34.0,33.68333333333333,34.5,-10.65903701,-0.1740741066666657,0.1019999999999985,8.259333333333334,8.295333333333334,19.14506172444445,8.235555555555557,5.626363,5.6597,5.610598,5.576408,5.7030516,0,0.0,1,1.0,-0.89,21.8,78.2
2023-03-17 14:45:00,624.458076194446,0.0,0.0,19.24999998,8.295333333333334,34.5,0,5.1764362714980825,70.66250196097344,14,4,3,-0.4999999999999997,-0.8660254037844388,-0.433883739117558,-0.9009688679024191,1.0,6.123233995736766e-17,105.5,97.25,114.16666666666669,21.125,48.2,100.0,70.0,3.425,6.02225,1.35,8.625,19.096296296666665,34.5,34.35,34.0,34.0,34.68333333333333,-10.954666646666665,0.2296296366666652,-0.0659999999999989,8.361333333333333,8.408,19.154938257777776,8.305333333333335,5.7030516,5.626363,5.6597,5.610598,5.681654,1,1.0,1,0.75,-0.84,19.8,80.2
2023-03-17 15:00:00,104.703311849994,68.546702472222,68.565312827778,19.096296296666665,8.408,34.68333333333333,1,5.1764362714980825,70.66250196097344,15,4,3,-0.7071067811865471,-0.7071067811865479,-0.433883739117558,-0.9009688679024191,1.0,6.123233995736766e-17,111.0,102.75,106.5,20.7,48.2,100.0,70.0,3.5,6.0512805,1.3,8.7,19.11666667,34.5,34.5,34.35,34.0,34.65,-10.688296296666666,-0.1537036833333331,0.1126666666666658,8.295333333333334,8.424666666666667,19.122222206666667,8.35488888888889,5.681654,5.7030516,5.626363,5.6597,5.6830153,0,1.0,1,0.75,-0.87,21.1,78.9
2023-03-17 15:15:00,112.519110238886,64.252152011112,64.269651294446,19.11666667,8.424666666666667,34.65,1,5.1764362714980825,70.66250196097344,15,4,3,-0.7071067811865471,-0.7071067811865479,-0.433883739117558,-0.9009688679024191,1.0,6.123233995736766e-17,103.25,104.9375,100.64583333333331,20.65,47.400000000000006,100.0,70.0,3.425,6.02225,1.15,8.625,19.261111106666664,34.68333333333333,34.5,34.5,34.35,34.68333333333333,-10.69200000333333,0.020370373333332,0.0166666666666674,8.408,8.454666666666666,19.15432098222222,8.376000000000003,5.6830153,5.681654,5.7030516,5.626363,5.7371116,0,1.0,0,0.75,-0.87,20.9,79.1
2023-03-17 15:30:00,51.455163927778,0.0,0.0,19.261111106666664,8.454666666666666,34.68333333333333,0,5.1764362714980825,70.66250196097344,15,4,3,-0.7071067811865471,-0.7071067811865479,-0.433883739117558,-0.9009688679024191,1.0,6.123233995736766e-17,95.5,103.8125,96.60416666666669,20.6,46.6,100.0,70.0,3.35,5.993343,1.0,8.55,19.07222223,34.65,34.68333333333333,34.5,34.5,35.0,-10.806444439999998,0.1444444366666673,0.0299999999999993,8.424666666666667,8.456666666666667,19.15802469111111,8.429111111111112,5.7371116,5.6830153,5.681654,5.7030516,5.725393,1,2.0,1,0.5,-0.84,19.7,80.3
2023-03-17 15:45:00,141.394066327774,109.2689624,109.2922948,19.07222223,8.456666666666667,35.0,2,5.1764362714980825,70.66250196097344,15,4,3,-0.7071067811865471,-0.7071067811865479,-0.433883739117558,-0.9009688679024191,1.0,6.123233995736766e-17,87.75,99.375,94.375,20.55,45.8,100.0,70.0,3.2750000000000004,5.964555,0.85,8.475,19.309259246666667,34.68333333333333,34.65,34.68333333333333,34.5,35.0,-10.615555563333334,-0.1888888766666632,0.0020000000000006,8.454666666666666,8.888666666666667,19.15000000222222,8.445333333333336,5.725393,5.7371116,5.6830153,5.681654,5.8059306,0,1.0,1,0.75,-0.88,21.3,78.7
2023-03-17 16:00:00,44.555162288884,12.413947905554,12.42672516111,19.309259246666667,8.888666666666667,35.0,1,5.1764362714980825,70.66250196097344,16,4,3,-0.8660254037844385,-0.5000000000000004,-0.433883739117558,-0.9009688679024191,1.0,6.123233995736766e-17,80.0,91.625,93.95833333333331,20.5,45.0,100.0,70.0,3.2,5.9358892,0.7,8.4,19.527777800000003,35.0,34.68333333333333,34.65,34.68333333333333,35.0,-10.42059258,0.2370370166666653,0.4320000000000004,8.456666666666667,9.266666666666667,19.21419752777778,8.600000000000001,5.8059306,5.725393,5.7371116,5.6830153,5.881045,0,1.0,1,0.75,-0.82,19.3,80.7
2023-03-17 16:15:00,68.41948544444,17.922060872222,17.934838144444,19.527777800000003,9.266666666666667,35.0,1,5.1764362714980825,70.66250196097344,16,4,3,-0.8660254037844385,-0.5000000000000004,-0.433883739117558,-0.9009688679024191,1.0,6.123233995736766e-17,81.25,86.125,93.5625,20.075,44.825,100.0,70.5,3.2750000000000004,5.9686913,0.575,8.375,19.43148146333333,35.0,35.0,34.68333333333333,34.65,35.0,-10.261111133333335,0.218518553333336,0.3780000000000001,8.888666666666667,9.152,19.30308642555556,8.87066666666667,5.881045,5.8059306,5.725393,5.7371116,5.847841,0,1.0,0,0.75,-0.77,17.6,82.4
2023-03-17 16:30:00,152.040862655552,105.547444633332,105.571610349998,19.43148146333333,9.152,35.0,2,5.1764362714980825,70.66250196097344,16,4,3,-0.8660254037844385,-0.5000000000000004,-0.433883739117558,-0.9009688679024191,1.0,6.123233995736766e-17,82.5,82.875,93.1875,19.65,44.65,100.0,71.0,3.35,6.0013714,0.4499999999999999,8.350000000000001,19.45,35.0,35.0,35.0,34.68333333333333,35.0,-10.279481463333337,-0.0962963366666684,-0.1146666666666682,9.266666666666667,9.262666666666666,19.422839503333336,9.102444444444446,5.847841,5.881045,5.8059306,5.725393,5.8542123,0,0.0,1,1.0,-0.79,18.3,81.7
2023-03-17 16:45:00,38.273468933336,0.0,0.0,19.45,9.262666666666666,35.0,0,5.1764362714980825,70.66250196097344,16,4,3,-0.8660254037844385,-0.5000000000000004,-0.433883739117558,-0.9009688679024191,1.0,6.123233995736766e-17,83.75,81.875,92.83333333333331,19.225,44.475,100.0,71.5,3.425,6.0339284,0.325,8.325000000000001,19.283333326666664,35.0,35.0,35.0,35.0,35.0,-10.187333333333331,0.0185185366666651,0.1106666666666669,9.152,9.310666666666666,19.46975308777778,9.227111111111114,5.8542123,5.847841,5.881045,5.8059306,5.7970743,1,1.0,1,0.75,-0.79,18.2,81.8
2023-03-17 17:00:00,88.75672725556,48.621943927778,48.638054383334,19.283333326666664,9.310666666666666,35.0,1,5.1764362714980825,70.66250196097344,17,4,3,-0.9659258262890684,-0.2588190451025206,-0.433883739117558,-0.9009688679024191,1.0,6.123233995736766e-17,85.0,83.125,92.5,18.8,44.3,100.0,72.0,3.5,6.066365,0.2,8.3,19.22777777,35.0,35.0,35.0,35.0,35.0,-9.972666659999998,-0.166666673333335,0.048,9.262666666666666,9.364666666666666,19.388271596666662,9.24177777777778,5.7970743,5.8542123,5.847841,5.881045,5.778135,0,1.0,1,0.75,-0.83,19.5,80.5
2023-03-17 17:15:00,104.906359144444,69.939424511112,69.958312655556,19.22777777,9.364666666666666,35.0,1,5.1764362714980825,70.66250196097344,17,4,3,-0.9659258262890684,-0.2588190451025206,-0.433883739117558,-0.9009688679024191,1.0,6.123233995736766e-17,74.25,81.375,90.8125,18.45,43.3,100.0,72.75,3.6,6.100054,0.275,8.225000000000001,19.34814811333333,35.0,35.0,35.0,35.0,35.0,-9.863111103333331,-0.0555555566666647,0.0540000000000002,9.310666666666666,9.59,19.32037036555556,9.312666666666669,5.778135,5.7970743,5.8542123,5.847841,5.8192377,0,1.0,0,0.75,-0.84,19.9,80.1
2023-03-17 17:30:00,51.882924483338,0.0,0.0,19.34814811333333,9.59,35.0,0,5.1764362714980825,70.66250196097344,17,4,3,-0.9659258262890684,-0.2588190451025206,-0.433883739117558,-0.9009688679024191,1.0,6.123233995736766e-17,63.5,76.625,87.77083333333333,18.1,42.3,100.0,73.5,3.7,6.1332607,0.35,8.15,19.1277778,35.0,35.0,35.0,35.0,35.3,-9.75814811333333,0.1203703433333309,0.2253333333333333,9.364666666666666,9.469333333333331,19.286419736666662,9.42177777777778,5.8192377,5.778135,5.7970743,5.8542123,5.793417,1,2.0,1,0.5,-0.81,19.0,81.0
2023-03-17 17:45:00,156.64595599445,109.962267983334,109.985322611112,19.1277778,9.469333333333331,35.3,2,5.1764362714980825,70.66250196097344,17,4,3,-0.9659258262890684,-0.2588190451025206,-0.433883739117558,-0.9009688679024191,1.0,6.123233995736766e-17,52.75,68.875,83.375,17.75,41.3,100.0,74.25,3.8,6.1659865,0.425,8.075000000000001,19.30370372333333,35.0,35.0,35.0,35.0,35.03333333333333,-9.658444466666667,-0.2203703133333299,-0.1206666666666667,9.59,9.434666666666669,19.23456789444444,9.47466666666667,5.793417,5.8192377,5.778135,5.7970743,5.8095593,0,1.0,1,0.75,-0.86,20.7,79.3
2023-03-17 18:00:00,50.832966566668,13.271135766668,13.282801950002,19.30370372333333,9.434666666666669,35.03333333333333,1,5.1764362714980825,70.66250196097344,18,4,3,-1.0,-1.8369701987210294e-16,-0.433883739117558,-0.9009688679024191,1.0,6.123233995736766e-17,42.0,58.125,77.625,17.4,40.3,100.0,75.0,3.9,6.1982384,0.5,8.0,19.22222225,35.3,35.0,35.0,35.0,35.35,-9.869037056666668,0.1759259233333345,-0.0346666666666664,9.469333333333331,9.534,19.25987654555556,9.498000000000005,5.8095593,5.793417,5.8192377,5.778135,5.8340063,0,1.0,1,0.75,-0.82,19.3,80.7
2023-03-17 18:15:00,78.885177766668,46.76007393889,46.777295466668,19.22222225,9.534,35.35,1,5.1764362714980825,70.66250196097344,18,4,3,-1.0,-1.8369701987210294e-16,-0.433883739117558,-0.9009688679024191,1.0,6.123233995736766e-17,35.75,48.5,72.0,17.275,39.575,100.0,75.25,3.925,6.218899,0.4,8.0,19.16481483,35.03333333333333,35.3,35.0,35.0,35.31666666666667,-9.688222250000004,-0.0814814733333335,0.0993333333333321,9.434666666666669,9.675333333333333,19.21790125777778,9.479333333333336,5.8340063,5.8095593,5.793417,5.8192377,5.808821,0,1.0,0,0.75,-0.84,19.9,80.1
2023-03-17 18:30:00,126.89297974444,87.368727344444,87.389282072222,19.16481483,9.675333333333333,35.31666666666667,2,5.1764362714980825,70.66250196097344,18,4,3,-1.0,-1.8369701987210294e-16,-0.433883739117558,-0.9009688679024191,1.0,6.123233995736766e-17,29.5,40.0,66.5,17.15,38.85,100.0,75.5,3.95,6.239559,0.3,8.0,19.35,35.35,35.03333333333333,35.3,35.0,35.35,-9.489481496666668,-0.0574074200000005,0.1413333333333337,9.534,9.704666666666666,19.230246934444448,9.548000000000002,5.808821,5.8340063,5.8095593,5.793417,5.8780704,0,0.0,1,1.0,-0.85,20.4,79.6
2023-03-17 18:45:00,60.177037172226,0.0,0.0,19.35,9.704666666666666,35.35,0,5.1764362714980825,70.66250196097344,18,4,3,-1.0,-1.8369701987210294e-16,-0.433883739117558,-0.9009688679024191,1.0,6.123233995736766e-17,23.25,32.625,61.125,17.025,38.125,100.0,75.75,3.975,6.2602205,0.1999999999999999,8.0,19.12037039,35.31666666666667,35.35,35.03333333333333,35.3,35.5,-9.645333333333337,0.1851851700000004,0.0293333333333336,9.675333333333333,9.753333333333332,19.245679026666668,9.638000000000002,5.8780704,5.808821,5.8340063,5.8095593,5.8236976,1,1.0,1,0.75,-0.81,18.9,81.1
2023-03-17 19:00:00,371.720686211108,81.868391833332,81.888391033332,19.12037039,9.753333333333332,35.5,2,5.1764362714980825,70.66250196097344,19,4,3,-0.9659258262890684,0.2588190451025203,-0.433883739117558,-0.9009688679024191,1.0,6.123233995736766e-17,17.0,26.375,55.875,16.9,37.4,100.0,76.0,4.0,6.2808814,0.1,8.0,19.15555554,35.35,35.31666666666667,35.35,35.03333333333333,35.5,-9.36703705666667,-0.2296296099999999,0.0486666666666657,9.704666666666666,9.674,19.21172840666667,9.71111111111111,5.8236976,5.8780704,5.808821,5.8340063,5.8357906,0,1.0,1,0.75,-0.86,20.7,79.3
2023-03-17 19:15:00,60.6500739,27.661115711112,27.675281811112,19.15555554,9.674,35.5,1,5.1764362714980825,70.66250196097344,19,4,3,-0.9659258262890684,0.2588190451025203,-0.433883739117558,-0.9009688679024191,1.0,6.123233995736766e-17,12.75,20.625,50.16666666666666,17.099999999999998,36.775,100.0,77.75,4.125,6.343126,0.275,7.8,19.16111111333333,35.5,35.35,35.31666666666667,35.35,35.68333333333333,-9.48155554,0.0351851500000002,-0.0793333333333308,9.753333333333332,9.433333333333334,19.20864197666667,9.710666666666668,5.8357906,5.8236976,5.8780704,5.808821,5.86785,0,1.0,1,0.75,-0.86,20.4,79.6
2023-03-17 19:30:00,73.89426636111,31.9145567,31.9278895,19.16111111333333,9.433333333333334,35.68333333333333,1,5.1764362714980825,70.66250196097344,19,4,3,-0.9659258262890684,0.2588190451025203,-0.433883739117558,-0.9009688679024191,1.0,6.123233995736766e-17,8.5,15.375,44.0,17.299999999999997,36.15,100.0,79.5,4.25,6.4026055,0.45,7.6,19.0111111,35.5,35.5,35.35,35.31666666666667,35.95,-9.72777778,0.0055555733333321,-0.2406666666666677,9.674,8.548666666666666,19.145679014444447,9.620222222222225,5.86785,5.8357906,5.8236976,5.8780704,5.859632,0,1.0,0,0.75,-0.85,20.4,79.6
2023-03-17 19:45:00,133.0396782,95.30646533889,95.327575611112,19.0111111,8.548666666666666,35.95,2,5.1764362714980825,70.66250196097344,19,4,3,-0.9659258262890684,0.2588190451025203,-0.433883739117558,-0.9009688679024191,1.0,6.123233995736766e-17,4.249999999999998,10.625,37.375,17.5,35.525,100.0,81.25,4.375,6.459375,0.625,7.4,19.23518518666667,35.68333333333333,35.5,35.5,35.35,35.53333333333333,-10.462444433333337,-0.150000013333333,-0.8846666666666678,9.433333333333334,8.015333333333334,19.10925925111112,9.21866666666667,5.859632,5.86785,5.8357906,5.8236976,5.868743,0,0.0,1,1.0,-0.89,21.6,78.4
2023-03-17 20:00:00,52.105415849994,0.0,0.0,19.23518518666667,8.015333333333334,35.53333333333333,0,5.1764362714980825,70.66250196097344,20,4,3,-0.8660254037844386,0.5000000000000001,-0.433883739117558,-0.9009688679024191,1.0,6.123233995736766e-17,0.0,6.375,30.291666666666668,17.7,34.9,100.0,83.0,4.5,6.5134845,0.8,7.2,19.07222222,35.95,35.68333333333333,35.5,35.5,35.8,-11.219851853333337,0.2240740866666684,-0.5333333333333314,8.548666666666666,7.352,19.13580246666667,8.66577777777778,5.868743,5.859632,5.86785,5.8357906,5.8562584,1,1.0,1,0.75,-0.84,19.8,80.2
2023-03-17 20:15:00,126.223284299996,83.086954155556,83.10639786111,19.07222222,7.352,35.8,2,5.1764362714980825,70.66250196097344,20,4,3,-0.8660254037844386,0.5000000000000001,-0.433883739117558,-0.9009688679024191,1.0,6.123233995736766e-17,0.0,3.1875,24.104166666666668,17.15,35.45,100.0,83.0,4.0,6.30512,0.7000000000000001,6.7,19.153703716666666,35.53333333333333,35.95,35.68333333333333,35.5,35.35,-11.72022222,-0.1629629666666687,-0.663333333333334,8.015333333333334,6.774666666666667,19.10617283555556,7.972000000000002,5.8562584,5.868743,5.859632,5.86785,5.810497,0,1.0,1,0.75,-0.87,21.1,78.9
2023-03-17 20:30:00,84.480787449994,52.355127927778,52.372627227778,19.153703716666666,6.774666666666667,35.35,1,5.1764362714980825,70.66250196097344,20,4,3,-0.8660254037844386,0.5000000000000001,-0.433883739117558,-0.9009688679024191,1.0,6.123233995736766e-17,0.0,1.0624999999999996,18.8125,16.6,36.0,100.0,83.0,3.5,6.1026025,0.6000000000000001,6.2,19.19444445,35.8,35.53333333333333,35.95,35.68333333333333,35.0,-12.37903705,0.0814814966666652,-0.5773333333333337,7.352,6.381333333333333,19.15370370777778,7.380666666666669,5.810497,5.8562584,5.868743,5.859632,5.766798,0,1.0,1,0.75,-0.86,20.5,79.5
2023-03-17 20:45:00,59.472621,27.328629044444,27.341961827778,19.19444445,6.381333333333333,35.0,1,5.1764362714980825,70.66250196097344,20,4,3,-0.8660254037844386,0.5000000000000001,-0.433883739117558,-0.9009688679024191,1.0,6.123233995736766e-17,0.0,0.0,14.416666666666666,16.05,36.55,100.0,83.0,3.0,5.9057927,0.5,5.7,19.020370343333333,35.35,35.8,35.53333333333333,35.95,35.0,-12.813111116666663,0.0407407333333331,-0.3933333333333335,6.774666666666667,6.089333333333333,19.14012346222222,6.836000000000002,5.766798,5.810497,5.8562584,5.868743,5.707904,0,1.0,0,0.75,-0.85,20.2,79.8
2023-03-17 21:00:00,159.92249176111,106.769617927778,106.792117077776,19.020370343333333,6.089333333333333,35.0,2,5.1764362714980825,70.66250196097344,21,4,3,-0.7071067811865477,0.7071067811865474,-0.433883739117558,-0.9009688679024191,1.0,6.123233995736766e-17,0.0,0.0,10.916666666666666,15.5,37.1,100.0,83.0,2.5,5.7145534,0.4,5.2,19.21111112,35.0,35.35,35.8,35.53333333333333,34.65,-12.93103701,-0.1740741066666657,-0.2919999999999998,6.381333333333333,5.802666666666667,19.12283950333333,6.415111111111113,5.707904,5.766798,5.810497,5.8562584,5.71474,0,0.0,1,1.0,-0.89,21.7,78.3
2023-03-17 21:15:00,47.917527772218,0.0,0.0,19.21111112,5.802666666666667,34.65,0,5.1764362714980825,70.66250196097344,21,4,3,-0.7071067811865477,0.7071067811865474,-0.433883739117558,-0.9009688679024191,1.0,6.123233995736766e-17,0.0,0.0,7.9375,15.25,36.275,100.0,83.75,2.375,5.662406,0.425,4.925,19.06111109,35.0,35.0,35.35,35.8,34.5,-13.408444453333336,0.1907407766666686,-0.2866666666666662,6.089333333333333,5.4206666666666665,19.141975304444447,6.091111111111114,5.71474,5.707904,5.766798,5.810497,5.6399045,1,1.0,1,0.75,-0.85,20.1,79.9
2023-03-17 21:30:00,115.33010886111,83.126397027778,83.146396211112,19.06111109,5.4206666666666665,34.5,2,5.1764362714980825,70.66250196097344,21,4,3,-0.7071067811865477,0.7071067811865474,-0.433883739117558,-0.9009688679024191,1.0,6.123233995736766e-17,0.0,0.0,5.479166666666667,15.0,35.45,100.0,84.5,2.25,5.6100535,0.45,4.65,19.14999997,34.65,35.0,35.0,35.35,34.45,-13.640444423333337,-0.150000030000001,-0.3820000000000005,5.802666666666667,5.258666666666667,19.097530851111117,5.770888888888891,5.6399045,5.71474,5.707904,5.766798,5.661328,0,1.0,1,0.75,-0.88,21.4,78.6
2023-03-17 21:45:00,111.415821055552,70.284410711112,70.302743344444,19.14999997,5.258666666666667,34.45,1,5.1764362714980825,70.66250196097344,21,4,3,-0.7071067811865477,0.7071067811865474,-0.433883739117558,-0.9009688679024191,1.0,6.123233995736766e-17,0.0,0.0,3.5416666666666665,14.75,34.625,100.0,85.25,2.125,5.5575137,0.475,4.375,19.24444442,34.5,34.65,35.0,35.0,34.03333333333333,-13.891333303333331,0.0888888799999989,-0.1619999999999999,5.4206666666666665,5.097333333333334,19.140740726666667,5.494000000000002,5.661328,5.6399045,5.71474,5.707904,5.6240683,0,1.0,1,0.75,-0.86,20.7,79.3
2023-03-17 22:00:00,56.921889650002,22.956859455556,22.969358955556,19.24444442,5.097333333333334,34.03333333333333,1,5.1764362714980825,70.66250196097344,22,4,3,-0.5000000000000004,0.8660254037844384,-0.433883739117558,-0.9009688679024191,1.0,6.123233995736766e-17,0.0,0.0,2.125,14.5,33.8,100.0,86.0,2.0,5.504811,0.5,4.1,19.02222219,34.45,34.5,34.65,35.0,33.95,-14.147111086666662,0.0944444499999974,-0.1613333333333324,5.258666666666667,5.04,19.151851826666668,5.258888888888891,5.6240683,5.661328,5.6399045,5.71474,5.5372734,0,1.0,0,0.75,-0.84,20.0,80.0
2023-03-17 22:15:00,162.309618538886,115.912585544444,115.935362416666,19.02222219,5.04,33.95,2,5.1764362714980825,70.66250196097344,22,4,3,-0.5000000000000004,0.8660254037844384,-0.433883739117558,-0.9009688679024191,1.0,6.123233995736766e-17,0.0,0.0,1.0624999999999998,14.225,33.0,100.0,86.75,1.9,5.47931,0.45,3.9,19.244444416666667,34.03333333333333,34.45,34.5,34.65,33.53333333333333,-13.982222189999998,-0.2222222299999998,-0.0573333333333341,5.097333333333334,4.8886666666666665,19.13888886,5.1320000000000014,5.5372734,5.6240683,5.661328,5.6399045,5.541442,0,0.0,1,1.0,-0.89,21.9,78.1
2023-03-17 22:30:00,65.178226199996,18.090387488888,18.102886988888,19.244444416666667,4.8886666666666665,33.53333333333333,1,5.1764362714980825,70.66250196097344,22,4,3,-0.5000000000000004,0.8660254037844384,-0.433883739117558,-0.9009688679024191,1.0,6.123233995736766e-17,0.0,0.0,0.3541666666666665,13.95,32.2,100.0,87.5,1.8,5.4533978,0.4,3.7,19.13333335,33.95,34.03333333333333,34.45,34.5,33.5,-14.35577775,0.2222222266666698,-0.1513333333333335,5.04,4.515333333333333,19.170370342222224,5.008666666666668,5.541442,5.5372734,5.6240683,5.661328,5.4998045,0,0.0,1,1.0,-0.85,20.1,79.9
2023-03-17 22:45:00,96.766684711112,61.115888616666,61.133110127778,19.13333335,4.515333333333333,33.5,1,5.1764362714980825,70.66250196097344,22,4,3,-0.5000000000000004,0.8660254037844384,-0.433883739117558,-0.9009688679024191,1.0,6.123233995736766e-17,0.0,0.0,0.0,13.675,31.4,100.0,88.25,1.7000000000000002,5.427089,0.35,3.5,19.105555566666663,33.53333333333333,33.95,34.03333333333333,34.45,33.5,-14.618000016666665,-0.1111110666666697,-0.3733333333333331,4.8886666666666665,3.6546666666666665,19.133333318888887,4.814666666666668,5.4998045,5.541442,5.5372734,5.6240683,5.4908023,0,0.0,0,1.0,-0.87,21.0,79.0
2023-03-17 23:00:00,125.09360705556,92.396859544444,92.417414255556,19.105555566666663,3.6546666666666665,33.5,2,5.1764362714980825,70.66250196097344,23,4,3,-0.2588190451025215,0.965925826289068,-0.433883739117558,-0.9009688679024191,1.0,6.123233995736766e-17,0.0,0.0,0.0,13.4,30.6,100.0,89.0,1.6,5.4003973,0.3,3.3,19.25000002,33.5,33.53333333333333,33.95,34.03333333333333,33.15,-15.4508889,-0.027777783333331,-0.8606666666666669,4.515333333333333,2.9679999999999995,19.16111111111111,4.352888888888891,5.4908023,5.4998045,5.541442,5.5372734,5.479889,0,0.0,1,1.0,-0.88,21.3,78.7
2023-03-17 23:15:00,51.541827061114006,11.703420711112,11.71425357778,19.25000002,2.9679999999999995,33.15,1,5.1764362714980825,70.66250196097344,23,4,3,-0.2588190451025215,0.965925826289068,-0.433883739117558,-0.9009688679024191,1.0,6.123233995736766e-17,0.0,0.0,0.0,14.225,31.950000000000003,100.0,87.75,1.125,5.2272,0.325,3.025,19.01851852,33.5,33.5,33.53333333333333,33.95,33.0,-16.28200002,0.1444444533333353,-0.686666666666667,3.6546666666666665,2.3786666666666667,19.16296297888889,3.712666666666669,5.479889,5.4908023,5.4998045,5.541442,5.3811507,0,0.0,1,1.0,-0.85,20.1,79.9
2023-03-17 23:30:00,172.686425716662,118.4677611,118.489982427778,19.01851852,2.3786666666666667,33.0,2,5.1764362714980825,70.66250196097344,23,4,3,-0.2588190451025215,0.965925826289068,-0.433883739117558,-0.9009688679024191,1.0,6.123233995736766e-17,0.0,0.0,0.0,15.05,33.3,100.0,86.5,0.65,5.058316,0.35,2.75,19.1888889,33.15,33.5,33.5,33.53333333333333,32.6,-16.639851853333333,-0.231481500000001,-0.5893333333333328,2.9679999999999995,2.259333333333333,19.12469136888889,3.000444444444446,5.3811507,5.479889,5.4908023,5.4998045,5.369602,0,0.0,1,1.0,-0.9,22.1,77.9
2023-03-17 23:45:00,68.510592750002,33.2395037,33.254225344444,19.1888889,2.259333333333333,32.6,1,5.1764362714980825,70.66250196097344,23,4,3,-0.2588190451025215,0.965925826289068,-0.433883739117558,-0.9009688679024191,1.0,6.123233995736766e-17,0.0,0.0,0.0,15.875,34.65,100.0,85.25,0.1749999999999998,4.893658,0.375,2.475,19.124074046666667,33.0,33.15,33.5,33.5,32.03333333333333,-16.929555566666664,0.1703703799999978,-0.1193333333333335,2.3786666666666667,2.4886666666666666,19.152469146666668,2.535333333333335,5.369602,5.3811507,5.479889,5.4908023,5.256145,0,0.0,1,1.0,-0.86,20.7,79.3
2023-03-18 00:00:00,102.287297194446,67.0581509,67.075650183334,19.124074046666667,2.4886666666666666,32.03333333333333,1,5.1764362714980825,70.66250196097344,0,5,3,0.0,1.0,-0.9749279121818236,-0.2225209339563146,1.0,6.123233995736766e-17,0.0,0.0,0.0,16.7,36.0,100.0,84.0,-0.3,4.73314,0.4,2.2,19.08333331,32.6,33.0,33.15,33.5,31.95,-16.63540738,-0.0648148533333312,0.2293333333333334,2.259333333333333,2.670666666666667,19.110493822222224,2.375555555555557,5.256145,5.369602,5.3811507,5.479889,5.2298923,0,0.0,0,1.0,-0.88,21.4,78.6
2023-03-18 00:15:00,132.840241727778,92.5404649,92.5612974,19.08333331,2.670666666666667,31.95,2,5.1764362714980825,70.66250196097344,0,5,3,0.0,1.0,-0.9749279121818236,-0.2225209339563146,1.0,6.123233995736766e-17,0.0,0.0,0.0,16.9,37.35,80.25,81.25,-0.975,4.516618,0.3,2.0,19.23703701333333,32.03333333333333,32.6,33.0,33.15,31.53333333333333,-16.412666643333335,-0.0407407366666667,0.1820000000000003,2.4886666666666666,2.82,19.132098752222223,2.4728888888888907,5.2298923,5.256145,5.369602,5.3811507,5.208667,0,0.0,1,1.0,-0.89,21.8,78.2
2023-03-18 00:30:00,59.089858327786,20.448348666668,20.460014833336,19.23703701333333,2.82,31.53333333333333,1,5.1764362714980825,70.66250196097344,0,5,3,0.0,1.0,-0.9749279121818236,-0.2225209339563146,1.0,6.123233995736766e-17,0.0,0.0,0.0,17.1,38.7,60.5,78.5,-1.65,4.3049645,0.2,1.8,19.05555555,31.95,32.03333333333333,32.6,33.0,31.5,-16.417037013333335,0.1537037033333348,0.1493333333333328,2.670666666666667,2.83,19.14814812333334,2.65977777777778,5.208667,5.2298923,5.256145,5.369602,5.147791,0,0.0,1,1.0,-0.86,20.5,79.5
2023-03-18 00:45:00,176.053235405554,128.718462172222,128.743461172222,19.05555555,2.83,31.5,2,5.1764362714980825,70.66250196097344,0,5,3,0.0,1.0,-0.9749279121818236,-0.2225209339563146,1.0,6.123233995736766e-17,0.0,0.0,0.0,17.3,40.05,40.75,75.75,-2.325,4.0981,0.0999999999999999,1.6,19.26851851,31.53333333333333,31.95,32.03333333333333,32.6,31.316666666666663,-16.225555550000003,-0.1814814633333341,0.0100000000000002,2.82,2.83,19.125308624444447,2.773555555555557,5.147791,5.208667,5.2298923,5.256145,5.1824784,0,0.0,1,1.0,-0.9,22.1,77.9
2023-03-18 01:00:00,83.77720422778201,40.703649538890005,40.717260061114,19.26851851,2.83,31.316666666666663,1,5.1764362714980825,70.66250196097344,1,5,3,0.2588190451025207,0.9659258262890684,-0.9749279121818236,-0.2225209339563146,1.0,6.123233995736766e-17,0.0,0.0,0.0,17.5,41.4,21.0,73.0,-3.0,3.895946,0.0,1.4,19.21111113,31.5,31.53333333333333,31.95,32.03333333333333,31.0,-16.43851851,0.2129629599999987,0.0,2.83,2.8306666666666667,19.187037024444447,2.826666666666668,5.1824784,5.147791,5.208667,5.2298923,5.1127543,0,0.0,1,1.0,-0.85,20.3,79.7
2023-03-18 01:15:00,80.78399077777601,48.504448644444,48.520559116666,19.21111113,2.8306666666666667,31.0,1,5.1764362714980825,70.66250196097344,1,5,3,0.2588190451025207,0.9659258262890684,-0.9749279121818236,-0.2225209339563146,1.0,6.123233995736766e-17,0.0,0.0,0.0,16.0,40.4,28.75,75.0,-3.1,3.8684154,0.0,0.8999999999999999,18.918518483333333,31.316666666666663,31.5,31.53333333333333,31.95,31.0,-16.380444463333333,-0.0574073800000007,0.0006666666666665,2.83,2.9,19.178395063333337,2.830222222222224,5.1127543,5.1824784,5.147791,5.208667,5.0252666,0,0.0,0,1.0,-0.87,20.9,79.1
2023-03-18 01:30:00,137.326728694454,105.043853627778,105.066908272222,18.918518483333333,2.9,31.0,2,5.1764362714980825,70.66250196097344,1,5,3,0.2588190451025207,0.9659258262890684,-0.9749279121818236,-0.2225209339563146,1.0,6.123233995736766e-17,0.0,0.0,0.0,14.5,39.4,36.5,77.0,-3.2,3.8377943,0.0,0.3999999999999999,18.93888885,31.0,31.316666666666663,31.5,31.53333333333333,30.95,-16.018518483333335,-0.2925926466666659,0.0693333333333332,2.8306666666666667,2.9066666666666667,19.132716041111117,2.853555555555557,5.0252666,5.1127543,5.1824784,5.147791,5.0232005,0,0.0,1,1.0,-0.93,23.4,76.6
2023-03-18 01:45:00,152.561952894442,97.857196705554,97.876918133332,18.93888885,2.9066666666666667,30.95,2,5.1764362714980825,70.66250196097344,1,5,3,0.2588190451025207,0.9659258262890684,-0.9749279121818236,-0.2225209339563146,1.0,6.123233995736766e-17,0.0,0.0,0.0,13.0,38.4,44.25,79.0,-3.3,3.8042963,0.0,-0.1,19.122222206666667,31.0,31.0,31.316666666666663,31.5,30.53333333333333,-16.032222183333335,0.0203703666666683,0.0066666666666668,2.9,2.803333333333333,19.022839487777777,2.8791111111111127,5.0232005,5.0252666,5.1127543,5.1824784,5.0094733,0,0.0,0,1.0,-0.93,23.3,76.7
2023-03-18 02:00:00,73.899543850002,31.656789227778,31.670399766668,19.122222206666667,2.803333333333333,30.53333333333333,1,5.1764362714980825,70.66250196097344,2,5,3,0.4999999999999999,0.8660254037844387,-0.9749279121818236,-0.2225209339563146,1.0,6.123233995736766e-17,0.0,0.0,0.0,11.5,37.4,52.0,81.0,-3.4,3.7681236,0.0,-0.6,18.95555556,30.95,31.0,31.0,31.316666666666663,30.45,-16.318888873333332,0.1833333566666652,-0.1033333333333335,2.9066666666666667,2.780666666666667,18.99320984666667,2.870000000000001,5.0094733,5.0232005,5.0252666,5.1127543,4.9469156,0,0.0,1,1.0,-0.89,21.7,78.3
2023-03-18 02:15:00,174.491631172222,142.112093055556,142.137925372222,18.95555556,2.780666666666667,30.45,2,5.1764362714980825,70.66250196097344,2,5,3,0.4999999999999999,0.8660254037844387,-0.9749279121818236,-0.2225209339563146,1.0,6.123233995736766e-17,0.0,0.0,0.0,11.3,33.625,53.5,81.75,-3.45,3.757166,0.0,-0.775,19.240740716666668,30.53333333333333,30.95,31.0,31.0,29.85,-16.174888893333332,-0.1666666466666662,-0.0226666666666663,2.803333333333333,2.622,19.00555553888889,2.830222222222224,4.9469156,5.0094733,5.0232005,5.0252666,4.931689,0,0.0,1,1.0,-0.93,23.2,76.8
2023-03-18 02:30:00,64.351592566664,22.349661544444,22.36104993889,19.240740716666668,2.622,29.85,1,5.1764362714980825,70.66250196097344,2,5,3,0.4999999999999999,0.8660254037844387,-0.9749279121818236,-0.2225209339563146,1.0,6.123233995736766e-17,0.0,0.0,0.0,11.1,29.85,55.0,82.5,-3.5,3.745858,0.0,-0.95,19.13333335,30.45,30.53333333333333,30.95,31.0,29.85,-16.618740716666668,0.2851851566666674,-0.1586666666666669,2.780666666666667,2.602,19.10617282777778,2.735333333333335,4.931689,4.9469156,5.0094733,5.0232005,4.900572,0,0.0,1,1.0,-0.87,20.8,79.2
2023-03-18 02:45:00,109.833661994446,76.553048872222,76.571937016666,19.13333335,2.602,29.85,2,5.1764362714980825,70.66250196097344,2,5,3,0.4999999999999999,0.8660254037844387,-0.9749279121818236,-0.2225209339563146,1.0,6.123233995736766e-17,0.0,0.0,0.0,10.9,26.075,56.5,83.25,-3.55,3.7342072,0.0,-1.125,19.105555566666663,29.85,30.45,30.53333333333333,30.95,29.816666666666663,-16.531333349999997,-0.1074073666666706,-0.02,2.622,2.608,19.109876542222224,2.6682222222222243,4.900572,4.931689,4.9469156,5.0094733,4.8870873,0,0.0,1,1.0,-0.89,21.8,78.2
2023-03-18 03:00:00,158.46949438333,109.158411288888,109.180632649998,19.105555566666663,2.608,29.816666666666663,2,5.1764362714980825,70.66250196097344,3,5,3,0.7071067811865476,0.7071067811865476,-0.9749279121818236,-0.2225209339563146,1.0,6.123233995736766e-17,0.0,0.0,0.0,10.7,22.3,58.0,84.0,-3.6,3.7222228,0.0,-1.3,19.25000002,29.85,29.85,30.45,30.53333333333333,29.2,-16.497555566666666,-0.027777783333331,0.0059999999999997,2.602,2.542666666666667,19.159876544444444,2.610666666666668,4.8870873,4.900572,4.931689,4.9469156,4.8269305,0,0.0,0,1.0,-0.9,22.0,78.0
2023-03-18 03:15:00,72.302385522224,27.176968427778,27.190301211112,19.25000002,2.542666666666667,29.2,1,5.1764362714980825,70.66250196097344,3,5,3,0.7071067811865476,0.7071067811865476,-0.9749279121818236,-0.2225209339563146,1.0,6.123233995736766e-17,0.0,0.0,0.0,10.875,22.3,55.75,84.0,-3.675,3.7092764,0.0,-1.35,19.059259256666667,29.816666666666663,29.85,29.85,30.45,29.466666666666665,-16.707333353333336,0.1444444533333353,-0.0653333333333328,2.608,2.4033333333333338,19.16296297888889,2.584222222222224,4.8269305,4.8870873,4.900572,4.931689,4.816551,0,0.0,1,1.0,-0.87,20.9,79.1
2023-03-18 03:30:00,178.137874183334,142.646516111112,142.671792883334,19.059259256666667,2.4033333333333338,29.466666666666665,2,5.1764362714980825,70.66250196097344,3,5,3,0.7071067811865476,0.7071067811865476,-0.9749279121818236,-0.2225209339563146,1.0,6.123233995736766e-17,0.0,0.0,0.0,11.05,22.3,53.5,84.0,-3.75,3.6963696,0.0,-1.4,19.24444442,29.2,29.816666666666663,29.85,29.85,29.1,-16.655925923333335,-0.1907407633333342,-0.1393333333333331,2.542666666666667,2.41,19.138271614444445,2.518000000000002,4.816551,4.8269305,4.8870873,4.900572,4.8088264,0,0.0,1,1.0,-0.91,22.5,77.5
2023-03-18 03:45:00,39.474809627786,0.0,0.0,19.24444442,2.41,29.1,0,5.1764362714980825,70.66250196097344,3,5,3,0.7071067811865476,0.7071067811865476,-0.9749279121818236,-0.2225209339563146,1.0,6.123233995736766e-17,0.0,0.0,0.0,11.225,22.3,51.25,84.0,-3.825,3.6835022,0.0,-1.45,19.06481479,29.466666666666665,29.2,29.816666666666663,29.85,28.716666666666665,-16.83444442,0.1851851633333332,0.0066666666666659,2.4033333333333338,2.311333333333333,19.18456789888889,2.4520000000000017,4.8088264,4.816551,4.8269305,4.8870873,4.695497,1,1.0,1,0.75,-0.87,20.9,79.1
2023-03-18 04:00:00,157.500366250006,115.4412155,115.463714583334,19.06481479,2.311333333333333,28.716666666666665,2,5.1764362714980825,70.66250196097344,4,5,3,0.8660254037844386,0.5000000000000001,-0.9749279121818236,-0.2225209339563146,1.0,6.123233995736766e-17,0.0,0.0,0.0,11.4,22.3,49.0,84.0,-3.9,3.670674,0.0,-1.5,19.18888889,29.1,29.466666666666665,29.2,29.816666666666663,28.6,-16.753481456666666,-0.1796296300000008,-0.0986666666666664,2.41,2.2066666666666666,19.12283948888889,2.3748888888888904,4.695497,4.8088264,4.816551,4.8269305,4.710756,0,1.0,1,0.75,-0.91,22.6,77.4
2023-03-18 04:15:00,132.949959505558,78.6518538,78.6710197,19.18888889,2.2066666666666666,28.6,2,5.1764362714980825,70.66250196097344,4,5,3,0.8660254037844386,0.5000000000000001,-0.9749279121818236,-0.2225209339563146,1.0,6.123233995736766e-17,0.0,0.0,0.0,11.65,22.75,36.75,84.5,-3.9,3.673241,0.0,-1.575,19.25925928333333,28.716666666666665,29.1,29.466666666666665,29.2,28.03333333333333,-16.98222222333333,0.1240740999999978,-0.1046666666666666,2.311333333333333,2.1253333333333333,19.166049366666662,2.309333333333335,4.710756,4.695497,4.8088264,4.816551,4.636603,0,1.0,0,0.75,-0.88,21.5,78.5
2023-03-18 04:30:00,80.56372165556,47.335328744444,47.350605883334005,19.25925928333333,2.1253333333333333,28.03333333333333,1,5.1764362714980825,70.66250196097344,4,5,3,0.8660254037844386,0.5000000000000001,-0.9749279121818236,-0.2225209339563146,1.0,6.123233995736766e-17,0.0,0.0,0.0,11.9,23.200000000000003,24.5,85.0,-3.9,3.6756682,0.0,-1.65,19.07777782,28.6,28.716666666666665,29.1,29.466666666666665,28.3,-17.13392595,0.0703703933333343,-0.0813333333333332,2.2066666666666666,2.361333333333333,19.17098765444445,2.214444444444446,4.636603,4.710756,4.695497,4.8088264,4.630906,0,1.0,1,0.75,-0.87,21.0,79.0
2023-03-18 04:45:00,168.239103483334,133.444384211112,133.46993878888802,19.07777782,2.361333333333333,28.3,2,5.1764362714980825,70.66250196097344,4,5,3,0.8660254037844386,0.5000000000000001,-0.9749279121818236,-0.2225209339563146,1.0,6.123233995736766e-17,0.0,0.0,0.0,12.15,23.65,12.25,85.5,-3.9,3.6779578,0.0,-1.725,19.2425926,28.03333333333333,28.6,28.716666666666665,29.1,27.85,-16.716444486666667,-0.1814814633333306,0.2360000000000002,2.1253333333333333,2.244,19.175308664444444,2.231111111111113,4.630906,4.636603,4.710756,4.695497,4.6017594,0,0.0,1,1.0,-0.91,22.6,77.4
2023-03-18 05:00:00,44.927369516666,0.0,0.0,19.2425926,2.244,27.85,0,5.1764362714980825,70.66250196097344,5,5,3,0.9659258262890684,0.2588190451025207,-0.9749279121818236,-0.2225209339563146,1.0,6.123233995736766e-17,0.0,0.0,0.0,12.4,24.1,0.0,86.0,-3.9,3.6801102,0.0,-1.8,19.04444441,28.3,28.03333333333333,28.6,28.716666666666665,27.85,-16.998592600000002,0.1648147800000003,-0.1173333333333332,2.361333333333333,2.1966666666666668,19.193209901111118,2.2435555555555573,4.6017594,4.630906,4.636603,4.710756,4.5483184,1,1.0,1,0.75,-0.88,21.2,78.8
2023-03-18 05:15:00,174.14664502222,132.570252511112,132.596084827778,19.04444441,2.1966666666666668,27.85,2,5.1764362714980825,70.66250196097344,5,5,3,0.9659258262890684,0.2588190451025207,-0.9749279121818236,-0.2225209339563146,1.0,6.123233995736766e-17,0.0,0.0,0.0,12.675,24.55,0.0,86.25,-4.025,3.64586,0.0,-1.975,19.18148146,27.85,28.3,28.03333333333333,28.6,27.816666666666663,-16.84777774333333,-0.1981481900000048,-0.0473333333333334,2.244,2.044666666666666,19.12160494333333,2.2673333333333354,4.5483184,4.6017594,4.630906,4.636603,4.5797324,0,1.0,1,0.75,-0.92,22.9,77.1
2023-03-18 05:30:00,103.572245844444,59.213186927778,59.231241772222,19.18148146,2.044666666666666,27.816666666666663,1,5.1764362714980825,70.66250196097344,5,5,3,0.9659258262890684,0.2588190451025207,-0.9749279121818236,-0.2225209339563146,1.0,6.123233995736766e-17,0.0,0.0,0.0,12.95,25.0,0.0,86.5,-4.15,3.6118314,0.0,-2.15,19.16111109,27.85,27.85,28.3,28.03333333333333,27.55,-17.136814793333333,0.1370370500000035,-0.1520000000000001,2.1966666666666668,1.942,19.156172823333332,2.16177777777778,4.5797324,4.5483184,4.6017594,4.630906,4.5303855,0,1.0,1,0.75,-0.89,21.7,78.3
2023-03-18 05:45:00,107.925682816666,64.794908149998,64.812407416666,19.16111109,1.942,27.55,1,5.1764362714980825,70.66250196097344,5,5,3,0.9659258262890684,0.2588190451025207,-0.9749279121818236,-0.2225209339563146,1.0,6.123233995736766e-17,0.0,0.0,0.0,13.225,25.45,0.0,86.75,-4.275,3.5780256,0.0,-2.325,19.057407373333334,27.816666666666663,27.85,27.85,28.3,27.78333333333333,-17.219111090000002,-0.0203703699999984,-0.1026666666666666,2.044666666666666,1.884,19.12901232,2.061111111111113,4.5303855,4.5797324,4.5483184,4.6017594,4.540901,0,1.0,0,0.75,-0.9,22.0,78.0
2023-03-18 06:00:00,148.356009888892,115.869253927778,115.89341966111,19.057407373333334,1.884,27.78333333333333,2,5.1764362714980825,70.66250196097344,6,5,3,1.0,6.123233995736766e-17,-0.9749279121818236,-0.2225209339563146,1.0,6.123233995736766e-17,0.0,0.0,0.0,13.5,25.9,0.0,87.0,-4.4,3.5444417,0.0,-2.5,19.22777778,27.55,27.816666666666663,27.85,27.85,27.15,-17.173407373333333,-0.1037037166666685,-0.058,1.942,1.8066666666666669,19.13333330777778,1.956888888888891,4.540901,4.5303855,4.5797324,4.5483184,4.482182,0,0.0,1,1.0,-0.92,22.8,77.2
2023-03-18 06:15:00,57.447146455556,25.1631601,25.177881727778,19.22777778,1.8066666666666669,27.15,1,5.1764362714980825,70.66250196097344,6,5,3,1.0,6.123233995736766e-17,-0.9749279121818236,-0.2225209339563146,1.0,6.123233995736766e-17,0.0,0.0,0.0,13.35,26.175,0.0,85.75,-4.75,3.450717,0.0,-2.675,18.98703701333333,27.78333333333333,27.55,27.816666666666663,27.85,27.183333333333334,-17.421111113333332,0.1703704066666667,-0.077333333333333,1.884,1.7833333333333334,19.148765414444444,1.8775555555555572,4.482182,4.540901,4.5303855,4.5797324,4.4244275,0,0.0,1,1.0,-0.88,21.5,78.5
2023-03-18 06:30:00,186.463930011112,129.386491,129.410934505554,18.98703701333333,1.7833333333333334,27.183333333333334,2,5.1764362714980825,70.66250196097344,6,5,3,1.0,6.123233995736766e-17,-0.9749279121818236,-0.2225209339563146,1.0,6.123233995736766e-17,0.0,0.0,0.0,13.2,26.45,0.0,84.5,-5.1,3.358695,0.0,-2.85,19.18333335,27.15,27.78333333333333,27.55,27.816666666666663,27.1,-17.20370368,-0.240740766666665,-0.0233333333333334,1.8066666666666669,1.88,19.090740722222225,1.8246666666666684,4.4244275,4.482182,4.540901,4.5303855,4.4622273,0,0.0,1,1.0,-0.94,23.6,76.4
2023-03-18 06:45:00,318.541146661114,41.6824993,41.69777643889,19.18333335,1.88,27.1,1,5.1764362714980825,70.66250196097344,6,5,3,1.0,6.123233995736766e-17,-0.9749279121818236,-0.2225209339563146,1.0,6.123233995736766e-17,0.0,0.0,0.0,13.05,26.725,0.0,83.25,-5.45,3.26835,0.0,-3.0250000000000004,19.07222224666667,27.183333333333334,27.15,27.78333333333333,27.55,26.716666666666665,-17.303333350000003,0.1962963366666663,0.0966666666666664,1.7833333333333334,1.8,19.13271604777778,1.8233333333333352,4.4622273,4.4244275,4.482182,4.540901,4.370383,0,0.0,1,1.0,-0.89,21.9,78.1
2023-03-18 07:00:00,107.752356333336,75.507812916666,75.526978783334,19.07222224666667,1.8,26.716666666666665,2,5.1764362714980825,70.66250196097344,7,5,3,0.9659258262890684,-0.2588190451025206,-0.9749279121818236,-0.2225209339563146,1.0,6.123233995736766e-17,0.0,0.0,0.0,12.9,27.0,0.0,82.0,-5.8,3.1796603,0.0,-3.2,19.0,27.1,27.183333333333334,27.15,27.78333333333333,26.95,-17.27222224666667,-0.1111111033333323,-0.0799999999999998,1.88,1.768,19.080864203333338,1.821111111111113,4.370383,4.4622273,4.4244275,4.482182,4.3898067,0,0.0,1,1.0,-0.92,22.9,77.1
2023-03-18 07:15:00,164.976734183326,123.836990755556,123.861989805554,19.0,1.768,26.95,2,5.1764362714980825,70.66250196097344,7,5,3,0.9659258262890684,-0.2588190451025206,-0.9749279121818236,-0.2225209339563146,1.0,6.123233995736766e-17,8.25,2.0625,0.6875,11.725,26.45,0.0,82.0,-5.85,3.1684206,0.0,-3.25,19.229629606666663,26.716666666666665,27.1,27.183333333333334,27.15,26.53333333333333,-17.232,-0.0722222466666693,-0.032,1.8,1.8033333333333332,19.08518519888889,1.8160000000000016,4.3898067,4.370383,4.4622273,4.4244275,4.380855,0,0.0,0,1.0,-0.94,23.5,76.5
2023-03-18 07:30:00,63.453017344444,27.368349672222003,27.382515772222,19.229629606666663,1.8033333333333332,26.53333333333333,1,5.1764362714980825,70.66250196097344,7,5,3,0.9659258262890684,-0.2588190451025206,-0.9749279121818236,-0.2225209339563146,1.0,6.123233995736766e-17,16.5,6.1875,2.0625,10.55,25.9,0.0,82.0,-5.9,3.157215,0.0,-3.3,19.01666664,26.95,26.716666666666665,27.1,27.183333333333334,26.8,-17.42629627333333,0.2296296066666663,0.0353333333333334,1.768,1.6873333333333334,19.100617284444443,1.7904444444444465,4.380855,4.3898067,4.370383,4.4622273,4.3696694,0,0.0,1,1.0,-0.89,21.6,78.4
2023-03-18 07:45:00,180.562777333328,131.96666557222198,131.993608977776,19.01666664,1.6873333333333334,26.8,2,5.1764362714980825,70.66250196097344,7,5,3,0.9659258262890684,-0.2588190451025206,-0.9749279121818236,-0.2225209339563146,1.0,6.123233995736766e-17,24.75,12.375,4.125,9.375,25.35,0.0,82.0,-5.95,3.1460454,0.0,-3.35,19.192592616666666,26.53333333333333,26.95,26.716666666666665,27.1,26.53333333333333,-17.329333306666665,-0.2129629666666659,-0.1160000000000001,1.8033333333333332,1.6699999999999997,19.08209874888889,1.7528888888888907,4.3696694,4.380855,4.3898067,4.370383,4.371305,0,0.0,1,1.0,-0.93,23.4,76.6
2023-03-18 08:00:00,81.583125494442,39.503697555556,39.518974711112,19.192592616666666,1.6699999999999997,26.53333333333333,1,5.1764362714980825,70.66250196097344,8,5,3,0.8660254037844387,-0.4999999999999998,-0.9749279121818236,-0.2225209339563146,1.0,6.123233995736766e-17,33.0,20.625,6.875,8.2,24.8,0.0,82.0,-6.0,3.1349108,0.0,-3.4,19.03888887,26.8,26.53333333333333,26.95,26.716666666666665,26.85,-17.522592616666667,0.1759259766666652,-0.0173333333333336,1.6873333333333334,1.674,19.14629628777778,1.720222222222224,4.371305,4.3696694,4.380855,4.3898067,4.383567,0,0.0,1,1.0,-0.89,21.9,78.1
2023-03-18 08:15:00,107.19876746111,70.419405344444,70.438571227778,19.03888887,1.674,26.85,1,5.1764362714980825,70.66250196097344,8,5,3,0.8660254037844387,-0.4999999999999998,-0.9749279121818236,-0.2225209339563146,1.0,6.123233995736766e-17,62.5,34.1875,12.083333333333334,6.975,22.3,21.0,80.25,-5.6,3.2293885,0.0,-2.675,18.85185186333333,26.53333333333333,26.8,26.53333333333333,26.95,27.183333333333334,-17.36488887,-0.1537037466666646,0.0040000000000002,1.6699999999999997,1.88,19.082716042222224,1.6771111111111126,4.383567,4.371305,4.3696694,4.380855,4.389245,0,0.0,0,1.0,-0.93,23.2,76.8
2023-03-18 08:30:00,158.384775638882,126.1632866,126.189118966664,18.85185186333333,1.88,27.183333333333334,2,5.1764362714980825,70.66250196097344,8,5,3,0.8660254037844387,-0.4999999999999998,-0.9749279121818236,-0.2225209339563146,1.0,6.123233995736766e-17,92.0,53.0625,19.75,5.75,19.8,42.0,78.5,-5.2,3.324078,0.0,-1.95,18.98888892,26.85,26.53333333333333,26.8,26.53333333333333,27.15,-16.97185186333333,-0.1870370066666709,0.2059999999999999,1.674,2.1126666666666667,19.02777778333333,1.7413333333333352,4.389245,4.383567,4.371305,4.3696694,4.419485,0,0.0,1,1.0,-0.97,24.8,75.2
2023-03-18 08:45:00,132.509143855556,90.129450244444,90.150004988888,18.98888892,2.1126666666666667,27.15,2,5.1764362714980825,70.66250196097344,8,5,3,0.8660254037844387,-0.4999999999999998,-0.9749279121818236,-0.2225209339563146,1.0,6.123233995736766e-17,121.5,77.25,29.875,4.525,17.3,63.0,76.75,-4.800000000000001,3.4187706,0.0,-1.225,19.109259233333333,27.183333333333334,26.85,26.53333333333333,26.8,27.0,-16.876222253333335,0.1370370566666707,0.2326666666666668,1.88,2.2333333333333334,18.959876551111112,1.8888888888888904,4.419485,4.389245,4.383567,4.371305,4.4263906,0,0.0,0,1.0,-0.94,23.6,76.4
2023-03-18 09:00:00,92.515743672222,38.1934722,38.208471583334,19.109259233333333,2.2333333333333334,27.0,1,5.1764362714980825,70.66250196097344,9,5,3,0.7071067811865476,-0.7071067811865475,-0.9749279121818236,-0.2225209339563146,1.0,6.123233995736766e-17,151.0,106.75,42.458333333333336,3.3,14.8,84.0,75.0,-4.4,3.5132408,0.0,-0.5,18.89444441,27.15,27.183333333333334,26.85,26.53333333333333,26.95,-16.8759259,0.120370313333332,0.1206666666666667,2.1126666666666667,1.8833333333333333,18.983333338888887,2.0753333333333357,4.4263906,4.419485,4.389245,4.383567,4.362533,0,0.0,1,1.0,-0.91,22.5,77.5
2023-03-18 09:15:00,172.502266349998,140.306054216666,140.334108694442,18.89444441,1.8833333333333333,26.95,2,5.1764362714980825,70.66250196097344,9,5,3,0.7071067811865476,-0.7071067811865475,-0.9749279121818236,-0.2225209339563146,1.0,6.123233995736766e-17,175.25,134.9375,57.0625,3.55,14.15,71.0,72.75,-4.45,3.497288,0.0,-0.125,19.112962966666664,27.0,27.15,27.183333333333334,26.85,26.35,-17.01111107666667,-0.2148148233333309,-0.3500000000000001,2.2333333333333334,2.059333333333333,18.99753085444445,2.076444444444446,4.362533,4.4263906,4.419485,4.389245,4.3207717,0,0.0,1,1.0,-0.96,24.5,75.5
2023-03-18 09:30:00,52.011530605554,18.912576816666,18.926465144444,19.112962966666664,2.059333333333333,26.35,1,5.1764362714980825,70.66250196097344,9,5,3,0.7071067811865476,-0.7071067811865475,-0.9749279121818236,-0.2225209339563146,1.0,6.123233995736766e-17,199.5,161.8125,73.6875,3.8,13.5,58.0,70.5,-4.5,3.4777918,0.0,0.25,18.97222224,26.95,27.0,27.15,27.183333333333334,26.35,-17.05362963333333,0.2185185566666625,0.1760000000000001,1.8833333333333333,2.2293333333333334,19.03888887,2.0586666666666686,4.3207717,4.362533,4.4263906,4.419485,4.2850423,0,0.0,1,1.0,-0.91,22.6,77.4
2023-03-18 09:45:00,128.646520633332,86.595147155556,86.616535216666,18.97222224,2.2293333333333334,26.35,2,5.1764362714980825,70.66250196097344,9,5,3,0.7071067811865476,-0.7071067811865475,-0.9749279121818236,-0.2225209339563146,1.0,6.123233995736766e-17,223.75,187.375,92.33333333333331,4.05,12.85,45.0,68.25,-4.55,3.4546,0.0,0.625,19.01111111,26.35,26.95,27.0,27.15,26.316666666666663,-16.742888906666668,-0.1407407266666638,0.1699999999999999,2.059333333333333,2.5886666666666667,18.993209872222224,2.0573333333333355,4.2850423,4.3207717,4.362533,4.4263906,4.289457,0,0.0,1,1.0,-0.95,23.9,76.1
2023-03-18 10:00:00,152.510566016666,109.147578372222,109.171188544444,19.01111111,2.5886666666666667,26.316666666666663,2,5.1764362714980825,70.66250196097344,10,5,3,0.4999999999999999,-0.8660254037844387,-0.9749279121818236,-0.2225209339563146,1.0,6.123233995736766e-17,248.0,211.625,113.0,4.3,12.2,32.0,66.0,-4.6,3.4275546,0.0,1.0,19.63333331,26.35,26.35,26.95,27.0,25.95,-16.422444443333333,0.0388888700000009,0.3593333333333333,2.2293333333333334,3.191333333333333,19.032098772222223,2.2924444444444467,4.289457,4.2850423,4.3207717,4.362533,4.3874984,0,0.0,0,1.0,-0.94,23.6,76.4
2023-03-18 10:15:00,46.926733988888,0.0,0.0,19.63333331,3.191333333333333,25.95,0,5.1764362714980825,70.66250196097344,10,5,3,0.4999999999999999,-0.8660254037844387,-0.9749279121818236,-0.2225209339563146,1.0,6.123233995736766e-17,326.25,249.375,139.5,6.925,17.8,49.0,63.75,-4.75,3.3907144,0.0,1.35,20.51666663,26.316666666666663,26.35,26.35,26.95,25.166666666666668,-16.44199997666667,0.6222221999999995,0.6026666666666665,2.5886666666666667,3.604,19.205555553333337,2.66977777777778,4.3874984,4.289457,4.2850423,4.3207717,4.48081,1,1.0,1,0.75,-0.8,18.4,81.6
2023-03-18 10:30:00,78.958785988888,35.488580416666,35.502190955556,20.51666663,3.604,25.166666666666668,1,5.1764362714980825,70.66250196097344,10,5,3,0.4999999999999999,-0.8660254037844387,-0.9749279121818236,-0.2225209339563146,1.0,6.123233995736766e-17,404.5,300.625,171.83333333333334,9.55,23.4,66.0,61.5,-4.9,3.3498569,0.0,1.7,21.33888885,25.95,26.316666666666663,26.35,26.35,24.1,-16.91266663,0.8833333199999984,0.4126666666666669,3.191333333333333,3.92,19.72037035,3.128000000000002,4.48081,4.3874984,4.289457,4.2850423,4.5009785,0,1.0,1,0.75,-0.6,12.6,87.4
2023-03-18 10:45:00,128.9665078,96.824460183334,96.847514827778,21.33888885,3.92,24.1,2,5.1764362714980825,70.66250196097344,10,5,3,0.4999999999999999,-0.8660254037844387,-0.9749279121818236,-0.2225209339563146,1.0,6.123233995736766e-17,482.75,365.375,210.0,12.175,29.0,83.0,59.25,-5.05,3.3048308,0.0,2.05,21.981481476666666,25.166666666666668,25.95,26.316666666666663,26.35,23.53333333333333,-17.418888850000002,0.8222222200000004,0.3159999999999998,3.604,4.069999999999999,20.49629626333333,3.5717777777777795,4.5009785,4.48081,4.3874984,4.289457,4.5614705,0,1.0,1,0.75,-0.42,8.6,91.4
2023-03-18 11:00:00,36.166331105554,0.0,0.0,21.981481476666666,4.069999999999999,23.53333333333333,0,5.1764362714980825,70.66250196097344,11,5,3,0.258819045102521,-0.9659258262890682,-0.9749279121818236,-0.2225209339563146,1.0,6.123233995736766e-17,561.0,443.625,254.0,14.8,34.6,100.0,57.0,-5.2,3.255482,0.0,2.4,22.34444444,24.1,25.166666666666668,25.95,26.316666666666663,23.15,-17.911481476666665,0.6425926266666657,0.1499999999999994,3.92,4.572,21.27901231888889,3.864666666666668,4.5614705,4.5009785,4.48081,4.3874984,4.581931,1,2.0,1,0.5,-0.27,6.6,93.4
2023-03-18 11:15:00,70.765224794446,13.564735155556,13.576679111112,22.34444444,4.572,23.15,1,5.1764362714980825,70.66250196097344,11,5,3,0.258819045102521,-0.9659258262890682,-0.9749279121818236,-0.2225209339563146,1.0,6.123233995736766e-17,515.0,490.8125,291.7083333333333,14.925,34.85,98.0,56.25,-5.25,3.2453325,0.0,2.55,22.50185182333333,23.53333333333333,24.1,25.166666666666668,25.95,22.816666666666663,-17.77244444,0.3629629633333344,0.5020000000000007,4.069999999999999,4.422,21.888271588888887,4.187333333333335,4.581931,4.5614705,4.5009785,4.48081,4.5569882,0,1.0,1,0.75,-0.19,5.8,94.2
2023-03-18 11:30:00,162.495444322224,123.319789227778,123.345621544444,22.50185182333333,4.422,22.816666666666663,2,5.1764362714980825,70.66250196097344,11,5,3,0.258819045102521,-0.9659258262890682,-0.9749279121818236,-0.2225209339563146,1.0,6.123233995736766e-17,469.0,506.9375,323.125,15.05,35.1,96.0,55.5,-5.300000000000001,3.234599,0.0,2.7,22.43333334,23.15,23.53333333333333,24.1,25.166666666666668,22.85,-18.07985182333333,0.1574073833333322,-0.1500000000000003,4.572,3.568,22.27592591333333,4.354666666666668,4.5569882,4.581931,4.5614705,4.5009785,4.545719,0,1.0,1,0.75,-0.16,5.5,94.5
2023-03-18 11:45:00,36.765473772222,0.0,0.0,22.43333334,3.568,22.85,0,5.1764362714980825,70.66250196097344,11,5,3,0.258819045102521,-0.9659258262890682,-0.9749279121818236,-0.2225209339563146,1.0,6.123233995736766e-17,423.0,492.0,348.25,15.175,35.35,94.0,54.75,-5.3500000000000005,3.2232714,0.0,2.85,22.140740776666668,22.816666666666663,23.15,23.53333333333333,24.1,23.0,-18.86533334,-0.0685184833333316,-0.8540000000000001,4.422,3.0773333333333333,22.42654320111112,4.187333333333335,4.545719,4.5569882,4.581931,4.5614705,4.4991946,1,2.0,1,0.5,-0.17,5.6,94.4
2023-03-18 12:00:00,72.37321610555401,31.711231483334,31.724842005558003,22.140740776666668,3.0773333333333333,23.0,1,5.1764362714980825,70.66250196097344,12,5,3,1.2246467991473532e-16,-1.0,-0.9749279121818236,-0.2225209339563146,1.0,6.123233995736766e-17,377.0,446.0,367.0833333333333,15.3,35.6,92.0,54.0,-5.4,3.2113402,0.0,3.0,21.77222226,22.85,22.816666666666663,23.15,23.53333333333333,23.0,-19.063407443333336,-0.2925925633333328,-0.4906666666666663,3.568,3.851333333333333,22.35864198,3.689111111111112,4.4991946,4.545719,4.5569882,4.581931,4.404585,0,1.0,1,0.75,-0.24,6.2,93.8
2023-03-18 12:15:00,155.802101066664,117.945559755556,117.97083656111,21.77222226,3.851333333333333,23.0,2,5.1764362714980825,70.66250196097344,12,5,3,1.2246467991473532e-16,-1.0,-0.9749279121818236,-0.2225209339563146,1.0,6.123233995736766e-17,390.75,414.9375,385.0416666666667,15.575,36.25,94.0,53.25,-5.4750000000000005,3.1880784,0.0,3.1,21.66481483,23.0,22.85,22.816666666666663,23.15,23.0,-17.920888926666667,-0.3685185166666684,0.774,3.0773333333333333,4.944,22.11543212555556,3.4988888888888905,4.404585,4.4991946,4.545719,4.5569882,4.3773346,0,1.0,1,0.75,-0.33,7.2,92.8
2023-03-18 12:30:00,52.536509588888,0.0,0.0,21.66481483,4.944,23.0,0,5.1764362714980825,70.66250196097344,12,5,3,1.2246467991473532e-16,-1.0,-0.9749279121818236,-0.2225209339563146,1.0,6.123233995736766e-17,404.5,398.8125,402.125,15.85,36.900000000000006,96.0,52.5,-5.550000000000001,3.1643388,0.0,3.2,21.77777778,23.0,23.0,22.85,22.816666666666663,23.0,-16.720814830000002,-0.1074074299999985,1.092666666666667,3.851333333333333,5.233333333333333,21.85925928888889,3.957555555555557,4.3773346,4.404585,4.4991946,4.545719,4.4059987,1,2.0,1,0.5,-0.35,7.5,92.5
2023-03-18 12:45:00,101.488440200004,60.494524572222,60.51257940000001,21.77777778,5.233333333333333,23.0,1,5.1764362714980825,70.66250196097344,12,5,3,1.2246467991473532e-16,-1.0,-0.9749279121818236,-0.2225209339563146,1.0,6.123233995736766e-17,418.25,397.625,418.3333333333333,16.125,37.55,98.0,51.75,-5.625,3.1401186,0.0,3.3,21.6425926,23.0,23.0,23.0,22.85,23.0,-16.544444446666667,0.11296295,0.2893333333333334,4.944,5.284000000000001,21.738271623333336,4.676222222222224,4.4059987,4.3773346,4.404585,4.4991946,4.371716,0,1.0,1,0.75,-0.32,7.2,92.8
2023-03-18 13:00:00,110.9905602,74.069814872222,74.088980772222,21.6425926,5.284000000000001,23.0,2,5.1764362714980825,70.66250196097344,13,5,3,-0.2588190451025208,-0.9659258262890684,-0.9749279121818236,-0.2225209339563146,1.0,6.123233995736766e-17,432.0,411.375,433.6666666666667,16.4,38.2,100.0,51.0,-5.7,3.115411,0.0,3.4,22.05,23.0,23.0,23.0,23.0,22.65,-16.3585926,-0.1351851800000005,0.0506666666666673,5.233333333333333,5.748666666666667,21.69506173666667,5.15377777777778,4.371716,4.4059987,4.3773346,4.404585,4.4076276,0,1.0,1,0.75,-0.36,7.6,92.4
2023-03-18 13:15:00,36.246883449998,0.0,0.0,22.05,5.748666666666667,22.65,0,5.1764362714980825,70.66250196097344,13,5,3,-0.2588190451025208,-0.9659258262890684,-0.9749279121818236,-0.2225209339563146,1.0,6.123233995736766e-17,405.0,414.9375,440.2291666666667,16.125,38.2,92.75,51.75,-5.575,3.1506562,0.0,3.35,22.150000013333333,23.0,23.0,23.0,23.0,22.5,-16.301333333333332,0.4074074000000003,0.4646666666666661,5.284000000000001,5.013999999999999,21.82345679333333,5.4220000000000015,4.4076276,4.371716,4.4059987,4.3773346,4.4037337,1,2.0,1,0.5,-0.26,6.4,93.6
2023-03-18 13:30:00,82.95584831666599,39.930624911112,39.946457627778,22.150000013333333,5.013999999999999,22.5,1,5.1764362714980825,70.66250196097344,13,5,3,-0.2588190451025208,-0.9659258262890684,-0.9749279121818236,-0.2225209339563146,1.0,6.123233995736766e-17,378.0,408.3125,438.0208333333333,15.85,38.2,85.5,52.5,-5.45,3.1856275,0.0,3.3,21.97777778,22.65,23.0,23.0,23.0,22.85,-17.136000013333334,0.1000000133333323,-0.7346666666666675,5.748666666666667,2.5780000000000003,21.947530871111116,5.348888888888891,4.4037337,4.4076276,4.371716,4.4059987,4.428074,0,1.0,1,0.75,-0.24,6.2,93.8
2023-03-18 13:45:00,152.89277296111,98.715217916666,98.736883716666,21.97777778,2.5780000000000003,22.85,2,5.1764362714980825,70.66250196097344,13,5,3,-0.2588190451025208,-0.9659258262890684,-0.9749279121818236,-0.2225209339563146,1.0,6.123233995736766e-17,351.0,391.5,427.0416666666667,15.575,38.2,78.25,53.25,-5.325,3.2203248,0.0,3.25,22.096296286666664,22.5,22.65,23.0,23.0,23.183333333333334,-19.39977778,-0.1722222333333327,-2.435999999999999,5.013999999999999,2.19,22.05925926444445,4.44688888888889,4.428074,4.4037337,4.4076276,4.371716,4.5234637,0,1.0,1,0.75,-0.28,6.6,93.4
2023-03-18 14:00:00,36.446597711108,0.0,0.0,22.096296286666664,2.19,23.183333333333334,0,5.1764362714980825,70.66250196097344,14,5,3,-0.4999999999999997,-0.8660254037844388,-0.9749279121818236,-0.2225209339563146,1.0,6.123233995736766e-17,324.0,364.5,407.2916666666667,15.3,38.2,71.0,54.0,-5.2,3.2547486,0.0,3.2,21.75000002,22.85,22.5,22.65,23.0,23.55,-19.906296286666663,0.118518506666664,-0.3880000000000003,2.5780000000000003,1.9193333333333331,22.074691360000003,3.2606666666666686,4.5234637,4.428074,4.4037337,4.4076276,4.504127,1,2.0,1,0.5,-0.25,6.3,93.7
2023-03-18 14:15:00,104.989689144444,71.740741372222,71.7604628,21.75000002,1.9193333333333331,23.55,2,5.1764362714980825,70.66250196097344,14,5,3,-0.4999999999999997,-0.8660254037844388,-0.9749279121818236,-0.2225209339563146,1.0,6.123233995736766e-17,376.5,357.375,395.75,15.525,38.1,71.0,52.0,-5.5,3.192486,0.0,3.475,21.24074077,23.183333333333334,22.85,22.5,22.65,24.15,-19.830666686666667,-0.3462962666666627,-0.2706666666666666,2.19,2.503333333333333,21.94135802888889,2.229111111111113,4.504127,4.5234637,4.428074,4.4037337,4.4847274,0,1.0,1,0.75,-0.33,7.2,92.8
2023-03-18 14:30:00,121.750685427774,79.522374544444,79.542095988888,21.24074077,2.503333333333333,24.15,2,5.1764362714980825,70.66250196097344,14,5,3,-0.4999999999999997,-0.8660254037844388,-0.9749279121818236,-0.2225209339563146,1.0,6.123233995736766e-17,429.0,370.125,392.4166666666667,15.75,38.0,71.0,50.0,-5.800000000000001,3.1266508,0.0,3.75,21.71666668,23.55,23.183333333333334,22.85,22.5,24.1,-18.737407436666665,-0.509259250000003,0.5839999999999996,1.9193333333333331,3.5900000000000003,21.695679025555552,2.204222222222224,4.4847274,4.504127,4.5234637,4.428074,4.6004515,0,1.0,0,0.75,-0.44,9.0,91.0
2023-03-18 14:45:00,47.376438299996,0.0,0.0,21.71666668,3.5900000000000003,24.1,0,5.1764362714980825,70.66250196097344,14,5,3,-0.4999999999999997,-0.8660254037844388,-0.9749279121818236,-0.2225209339563146,1.0,6.123233995736766e-17,481.5,402.75,397.2916666666667,15.975,37.9,71.0,48.0,-6.1000000000000005,3.0571446,0.0,4.025,21.829629646666667,24.15,23.55,23.183333333333334,22.85,23.716666666666665,-18.12666668,0.4759259100000008,1.0866666666666671,2.503333333333333,3.1086666666666667,21.569135823333337,2.67088888888889,4.6004515,4.4847274,4.504127,4.5234637,4.5569086,1,2.0,1,0.5,-0.33,7.3,92.7
2023-03-18 15:00:00,115.243723366668,72.827086783334,72.847363772222,21.829629646666667,3.1086666666666667,23.716666666666665,2,5.1764362714980825,70.66250196097344,15,5,3,-0.7071067811865471,-0.7071067811865479,-0.9749279121818236,-0.2225209339563146,1.0,6.123233995736766e-17,534.0,455.25,410.375,16.2,37.8,71.0,46.0,-6.4,2.983869,0.0,4.3,21.32777778,24.1,24.15,23.55,23.183333333333334,24.0,-18.72096298,0.112962966666668,-0.4813333333333336,3.5900000000000003,3.6966666666666663,21.595679032222225,3.0673333333333352,4.5569086,4.6004515,4.4847274,4.504127,4.4794173,0,1.0,1,0.75,-0.31,7.0,93.0
2023-03-18 15:15:00,127.939048866668,84.84743926666799,84.8691051,21.32777778,3.6966666666666663,24.0,2,5.1764362714980825,70.66250196097344,15,5,3,-0.7071067811865471,-0.7071067811865479,-0.9749279121818236,-0.2225209339563146,1.0,6.123233995736766e-17,517.25,490.4375,420.9166666666667,16.25,37.975,78.25,46.0,-6.4750000000000005,2.9591684,0.025,4.175,21.192592620000003,23.716666666666665,24.1,24.15,23.55,24.0,-17.631111113333336,-0.5018518666666658,0.5880000000000001,3.1086666666666667,3.877333333333333,21.62469136888889,3.465111111111113,4.4794173,4.5569086,4.6004515,4.4847274,4.4444423,0,1.0,0,0.75,-0.42,8.7,91.3
2023-03-18 15:30:00,36.307991972226,0.0,0.0,21.192592620000003,3.877333333333333,24.0,0,5.1764362714980825,70.66250196097344,15,5,3,-0.7071067811865471,-0.7071067811865479,-0.9749279121818236,-0.2225209339563146,1.0,6.123233995736766e-17,500.5,508.3125,428.9166666666667,16.299999999999997,38.15,85.5,46.0,-6.550000000000001,2.9346464,0.05,4.05,20.85000003,24.0,23.716666666666665,24.1,24.15,24.0,-17.31525928666667,-0.1351851599999989,0.1806666666666663,3.6966666666666663,3.008666666666667,21.45000001555556,3.5608888888888903,4.4444423,4.4794173,4.5569086,4.6004515,4.3568645,1,2.0,1,0.5,-0.45,9.3,90.7
2023-03-18 15:45:00,146.901901505554,114.668746449998,114.692912166664,20.85000003,3.008666666666667,24.0,2,5.1764362714980825,70.66250196097344,15,5,3,-0.7071067811865471,-0.7071067811865479,-0.9749279121818236,-0.2225209339563146,1.0,6.123233995736766e-17,483.75,508.875,434.375,16.349999999999998,38.325,92.75,46.0,-6.625,2.9103029,0.075,3.925,20.67407410666667,24.0,24.0,23.716666666666665,24.1,24.0,-17.841333363333334,-0.3425925900000024,-0.868666666666666,3.877333333333333,3.4253333333333336,21.123456810000004,3.527555555555557,4.3568645,4.4444423,4.4794173,4.5569086,4.3124747,0,1.0,1,0.75,-0.53,10.9,89.1
2023-03-18 16:00:00,95.755336316666,37.929871627778,37.9451488,20.67407410666667,3.4253333333333336,24.0,1,5.1764362714980825,70.66250196097344,16,5,3,-0.8660254037844385,-0.5000000000000004,-0.9749279121818236,-0.2225209339563146,1.0,6.123233995736766e-17,467.0,492.125,437.2916666666667,16.4,38.5,100.0,46.0,-6.7,2.8861363,0.1,3.8,20.58333337,24.0,24.0,24.0,23.716666666666665,24.0,-17.248740773333335,-0.175925923333331,0.4166666666666665,3.008666666666667,2.8993333333333333,20.90555558555556,3.437111111111113,4.3124747,4.3568645,4.4444423,4.4794173,4.2897325,0,1.0,1,0.75,-0.57,11.8,88.2
2023-03-18 16:15:00,358.075120888888,20.3733517,20.388073327778,20.58333337,2.8993333333333333,24.0,1,5.1764362714980825,70.66250196097344,16,5,3,-0.8660254037844385,-0.5000000000000004,-0.9749279121818236,-0.2225209339563146,1.0,6.123233995736766e-17,395.25,461.625,436.4791666666667,15.9,38.5,93.25,47.5,-6.625,2.9210963,0.125,3.5,20.46296297,24.0,24.0,24.0,24.0,24.183333333333334,-17.684000036666664,-0.090740736666671,-0.5260000000000002,3.4253333333333336,2.0206666666666666,20.702469168888893,3.111111111111113,4.2897325,4.3124747,4.3568645,4.4444423,4.2922654,0,1.0,0,0.75,-0.59,12.4,87.6
2023-03-18 16:30:00,504.165943705554,121.6009691,121.627079188888,20.46296297,2.0206666666666666,24.183333333333334,2,5.1764362714980825,70.66250196097344,16,5,3,-0.8660254037844385,-0.5000000000000004,-0.9749279121818236,-0.2225209339563146,1.0,6.123233995736766e-17,323.5,417.375,431.9375,15.4,38.5,86.5,49.0,-6.550000000000001,2.9533827,0.15,3.2,20.40555553,24.0,24.0,24.0,24.0,24.45,-18.44229630333333,-0.1203703999999987,-0.8786666666666667,2.8993333333333333,2.247333333333333,20.57345681555556,2.78177777777778,4.2922654,4.2897325,4.3124747,4.3568645,4.325081,0,0.0,1,1.0,-0.62,13.0,87.0
2023-03-18 16:45:00,53.636465572222,13.672786416666002,13.686119216666,20.40555553,2.247333333333333,24.45,1,5.1764362714980825,70.66250196097344,16,5,3,-0.8660254037844385,-0.5000000000000004,-0.9749279121818236,-0.2225209339563146,1.0,6.123233995736766e-17,251.75,359.375,423.6666666666667,14.9,38.5,79.75,50.5,-6.4750000000000005,2.9830785,0.175,2.9,20.15555554,24.183333333333334,24.0,24.0,24.0,24.216666666666665,-18.158222196666667,-0.0574074399999986,0.2266666666666665,2.0206666666666666,2.8006666666666664,20.48395062333333,2.389111111111113,4.325081,4.2922654,4.2897325,4.3124747,4.221686,0,0.0,1,1.0,-0.63,13.3,86.7
2023-03-18 17:00:00,103.945564211112,64.872405016666,64.89101542222,20.15555554,2.8006666666666664,24.216666666666665,1,5.1764362714980825,70.66250196097344,17,5,3,-0.9659258262890684,-0.2588190451025206,-0.9749279121818236,-0.2225209339563146,1.0,6.123233995736766e-17,180.0,287.625,411.6666666666667,14.4,38.5,73.0,52.0,-6.4,3.0102615,0.2,2.6,19.9722222,24.45,24.183333333333334,24.0,24.0,24.45,-17.354888873333337,-0.2499999899999991,0.5533333333333332,2.247333333333333,2.866,20.34135801333333,2.356222222222224,4.221686,4.325081,4.2922654,4.2897325,4.21687,0,0.0,0,1.0,-0.69,15.0,85.0
2023-03-18 17:15:00,137.458112638886,89.053382172222,89.074214688888,19.9722222,2.866,24.45,2,5.1764362714980825,70.66250196097344,17,5,3,-0.9659258262890684,-0.2588190451025206,-0.9749279121818236,-0.2225209339563146,1.0,6.123233995736766e-17,185.5,235.1875,395.75,13.8,37.425,77.25,52.5,-6.425000000000001,2.99847,0.175,2.4,19.98703706333333,24.216666666666665,24.45,24.183333333333334,24.0,24.03333333333333,-17.106222199999998,-0.1833333400000043,0.0653333333333336,2.8006666666666664,2.7146666666666666,20.177777756666668,2.6380000000000017,4.21687,4.221686,4.325081,4.2922654,4.1486073,0,0.0,1,1.0,-0.73,16.2,83.8
2023-03-18 17:30:00,275.838965933336,21.141376527778,21.156098155556,19.98703706333333,2.7146666666666666,24.03333333333333,1,5.1764362714980825,70.66250196097344,17,5,3,-0.9659258262890684,-0.2588190451025206,-0.9749279121818236,-0.2225209339563146,1.0,6.123233995736766e-17,191.0,202.0625,375.9166666666667,13.2,36.35,81.5,53.0,-6.45,2.986386,0.15,2.2,19.75000002,24.45,24.216666666666665,24.45,24.183333333333334,24.05,-17.272370396666666,0.0148148633333349,-0.1513333333333335,2.866,1.4780000000000002,20.03827160111111,2.793777777777779,4.1486073,4.21687,4.221686,4.325081,4.094199,0,0.0,1,1.0,-0.73,16.1,83.9
2023-03-18 17:45:00,190.786257177776,120.341297255556,120.365185183334,19.75000002,1.4780000000000002,24.05,2,5.1764362714980825,70.66250196097344,17,5,3,-0.9659258262890684,-0.2588190451025206,-0.9749279121818236,-0.2225209339563146,1.0,6.123233995736766e-17,196.5,188.25,352.1666666666667,12.6,35.275000000000006,85.75,53.5,-6.475,2.974019,0.125,2.0,19.86296293,24.03333333333333,24.45,24.216666666666665,24.45,24.466666666666665,-18.27200002,-0.2370370433333306,-1.2366666666666664,2.7146666666666666,0.9506666666666668,19.90308642777778,2.3528888888888906,4.094199,4.1486073,4.21687,4.221686,4.192815,0,0.0,1,1.0,-0.78,17.9,82.1
2023-03-18 18:00:00,78.49880433889,46.193707711112,46.210651483334,19.86296293,0.9506666666666668,24.466666666666665,1,5.1764362714980825,70.66250196097344,18,5,3,-1.0,-1.8369701987210294e-16,-0.9749279121818236,-0.2225209339563146,1.0,6.123233995736766e-17,202.0,193.75,324.5,12.0,34.2,90.0,54.0,-6.5,2.9613767,0.1,1.8,19.77777775,24.05,24.03333333333333,24.45,24.216666666666665,24.55,-18.91229626333333,0.1129629099999967,-0.5273333333333335,1.4780000000000002,1.2313333333333332,19.866666671111112,1.7144444444444462,4.192815,4.094199,4.1486073,4.21687,4.186134,0,0.0,1,1.0,-0.75,16.9,83.1
2023-03-18 18:15:00,121.288759288892,77.633005688888,77.652449344444,19.77777775,1.2313333333333332,24.55,2,5.1764362714980825,70.66250196097344,18,5,3,-1.0,-1.8369701987210294e-16,-0.9749279121818236,-0.2225209339563146,1.0,6.123233995736766e-17,165.5,188.75,295.1875,11.675,32.300000000000004,89.5,55.25,-6.525,2.9687834,0.075,1.5,19.720370366666668,24.466666666666665,24.05,24.03333333333333,24.45,24.78333333333333,-18.546444416666667,-0.0851851799999998,0.2806666666666665,0.9506666666666668,1.7033333333333334,19.796913566666667,1.2200000000000015,4.186134,4.192815,4.094199,4.1486073,4.2117105,0,0.0,1,1.0,-0.77,17.6,82.4
2023-03-18 18:30:00,164.87007168333,111.314713883334,111.337213016666,19.720370366666668,1.7033333333333334,24.78333333333333,2,5.1764362714980825,70.66250196097344,18,5,3,-1.0,-1.8369701987210294e-16,-0.9749279121818236,-0.2225209339563146,1.0,6.123233995736766e-17,129.0,173.25,264.2291666666667,11.35,30.4,89.0,56.5,-6.55,2.9745321,0.05,1.2,19.86111112,24.55,24.466666666666665,24.05,24.03333333333333,24.2,-18.01703703333333,-0.0574073833333308,0.4720000000000002,1.2313333333333332,1.6246666666666667,19.787037015555555,1.2951111111111129,4.2117105,4.186134,4.192815,4.094199,4.1466675,0,0.0,0,1.0,-0.78,17.9,82.1
2023-03-18 18:45:00,42.120815199996,10.000988844444,10.012377255556,19.86111112,1.6246666666666667,24.2,1,5.1764362714980825,70.66250196097344,18,5,3,-1.0,-1.8369701987210294e-16,-0.9749279121818236,-0.2225209339563146,1.0,6.123233995736766e-17,92.5,147.25,231.625,11.025,28.5,88.5,57.75,-6.574999999999999,2.97868,0.0249999999999999,0.8999999999999999,19.588888883333333,24.78333333333333,24.55,24.466666666666665,24.05,24.65,-18.23644445333333,0.1407407533333327,-0.0786666666666666,1.7033333333333334,1.43,19.78641974555556,1.5197777777777794,4.1466675,4.2117105,4.186134,4.192815,4.156835,0,0.0,1,1.0,-0.75,17.0,83.0
2023-03-18 19:00:00,153.170539566668,119.815484955556,119.83965063889,19.588888883333333,1.43,24.65,2,5.1764362714980825,70.66250196097344,19,5,3,-0.9659258262890684,0.2588190451025203,-0.9749279121818236,-0.2225209339563146,1.0,6.123233995736766e-17,56.0,110.75,197.375,10.7,26.6,88.0,59.0,-6.6,2.9812803,0.0,0.6,19.65555554,24.2,24.78333333333333,24.55,24.466666666666665,24.95,-18.158888883333333,-0.2722222366666678,-0.1946666666666667,1.6246666666666667,1.352,19.723456790000004,1.586000000000002,4.156835,4.1466675,4.2117105,4.186134,4.223933,0,0.0,1,1.0,-0.81,19.0,81.0
2023-03-18 19:15:00,97.4469353,55.718604483334,55.7361038,19.65555554,1.352,24.95,1,5.1764362714980825,70.66250196097344,19,5,3,-0.9659258262890684,0.2588190451025203,-0.9749279121818236,-0.2225209339563146,1.0,6.123233995736766e-17,42.25,79.9375,167.95833333333334,11.05,25.525,91.0,63.25,-6.199999999999999,3.0881102,0.0,0.0999999999999999,19.640740726666667,24.65,24.2,24.78333333333333,24.55,24.716666666666665,-18.30355554,0.0666666566666691,-0.0779999999999998,1.43,1.0393333333333332,19.701851847777775,1.468888888888891,4.223933,4.156835,4.1466675,4.2117105,4.180792,0,0.0,1,1.0,-0.8,18.4,81.6
2023-03-18 19:30:00,116.38673326111,72.892917516666,72.909861255556,19.640740726666667,1.0393333333333332,24.716666666666665,2,5.1764362714980825,70.66250196097344,19,5,3,-0.9659258262890684,0.2588190451025203,-0.9749279121818236,-0.2225209339563146,1.0,6.123233995736766e-17,28.5,54.8125,143.375,11.4,24.450000000000003,94.0,67.5,-5.8,3.1838634,0.0,-0.4,19.56666669,24.95,24.65,24.2,24.78333333333333,25.0,-18.601407393333336,-0.0148148133333343,-0.3126666666666668,1.352,0.642,19.62839505,1.2737777777777797,4.180792,4.223933,4.156835,4.1466675,4.210357,0,0.0,1,1.0,-0.8,18.6,81.4
2023-03-18 19:45:00,164.352036888884,121.580414372222,121.605135649998,19.56666669,0.642,25.0,2,5.1764362714980825,70.66250196097344,19,5,3,-0.9659258262890684,0.2588190451025203,-0.9749279121818236,-0.2225209339563146,1.0,6.123233995736766e-17,14.75,35.375,123.625,11.75,23.375,97.0,71.75,-5.4,3.2690926,0.0,-0.9,19.733333313333333,24.716666666666665,24.95,24.65,24.2,25.0,-18.92466669,-0.0740740366666692,-0.3973333333333332,1.0393333333333332,1.3653333333333333,19.620987652222222,1.0111111111111128,4.210357,4.180792,4.223933,4.156835,4.251764,0,0.0,0,1.0,-0.82,19.1,80.9
2023-03-18 20:00:00,61.678643872222,18.820636077776,18.833135577776,19.733333313333333,1.3653333333333333,25.0,1,5.1764362714980825,70.66250196097344,20,5,3,-0.8660254037844386,0.5000000000000001,-0.9749279121818236,-0.2225209339563146,1.0,6.123233995736766e-17,1.0,21.625,108.70833333333331,12.1,22.3,100.0,76.0,-5.0,3.3443344,0.0,-1.4,19.50555553,25.0,24.716666666666665,24.95,24.65,25.0,-18.36799998,0.1666666233333344,0.7233333333333333,0.642,0.9186666666666666,19.646913576666662,1.015555555555557,4.251764,4.210357,4.180792,4.223933,4.195262,0,0.0,1,1.0,-0.78,17.8,82.2
2023-03-18 20:15:00,157.685081227778,125.46720336111,125.491646816666,19.50555553,0.9186666666666666,25.0,2,5.1764362714980825,70.66250196097344,20,5,3,-0.8660254037844386,0.5000000000000001,-0.9749279121818236,-0.2225209339563146,1.0,6.123233995736766e-17,0.75,11.25,93.3125,13.95,26.625,100.0,74.25,-5.35,3.2616353,0.025,-1.4249999999999998,19.609259273333336,25.0,25.0,24.716666666666665,24.95,25.0,-18.58688886333333,-0.2277777833333338,-0.4466666666666666,1.3653333333333333,0.1666666666666666,19.601851844444443,0.975333333333335,4.195262,4.251764,4.210357,4.180792,4.2209053,0,0.0,1,1.0,-0.83,19.6,80.4
2023-03-18 20:30:00,73.63261007778,41.084745444444,41.098911527778,19.609259273333336,0.1666666666666666,25.0,1,5.1764362714980825,70.66250196097344,20,5,3,-0.8660254037844386,0.5000000000000001,-0.9749279121818236,-0.2225209339563146,1.0,6.123233995736766e-17,0.5,4.25,77.4375,15.8,30.950000000000003,100.0,72.5,-5.7,3.1792133,0.05,-1.45,19.55555555,25.0,25.0,25.0,24.716666666666665,25.05,-19.44259260666667,0.1037037433333374,-0.752,0.9186666666666666,-1.844666666666667,19.616049372222225,0.8168888888888907,4.2209053,4.195262,4.251764,4.210357,4.2160254,0,0.0,1,1.0,-0.81,18.8,81.2
2023-03-18 20:45:00,130.114239738886,72.631539055556,72.648482827778,19.55555555,-1.844666666666667,25.05,2,5.1764362714980825,70.66250196097344,20,5,3,-0.8660254037844386,0.5000000000000001,-0.9749279121818236,-0.2225209339563146,1.0,6.123233995736766e-17,0.25,0.625,61.083333333333336,17.65,35.275,100.0,70.75,-6.050000000000001,3.0970669,0.075,-1.475,19.45740743,25.0,25.0,25.0,25.0,25.28333333333333,-21.400222216666663,-0.053703723333335,-2.0113333333333334,0.1666666666666666,-2.217333333333334,19.55679011777778,-0.2531111111111093,4.2160254,4.2209053,4.195262,4.251764,4.230815,0,0.0,1,1.0,-0.82,19.2,80.8
2023-03-18 21:00:00,170.412072211108,131.334468627778,131.360023205554,19.45740743,-2.217333333333334,25.28333333333333,2,5.1764362714980825,70.66250196097344,21,5,3,-0.7071067811865477,0.7071067811865474,-0.9749279121818236,-0.2225209339563146,1.0,6.123233995736766e-17,0.0,0.375,44.25,19.5,39.6,100.0,69.0,-6.4,3.0151966,0.1,-1.5,19.60555559,25.05,25.0,25.0,25.0,25.0,-21.67474076333333,-0.0981481200000011,-0.3726666666666671,-1.844666666666667,-2.1026666666666665,19.54074075111112,-1.2984444444444427,4.230815,4.2160254,4.2209053,4.195262,4.2199874,0,0.0,0,1.0,-0.84,19.9,80.1
2023-03-18 21:15:00,52.358183205562,20.113362083334,20.126417094446,19.60555559,-2.1026666666666665,25.0,1,5.1764362714980825,70.66250196097344,21,5,3,-0.7071067811865477,0.7071067811865474,-0.9749279121818236,-0.2225209339563146,1.0,6.123233995736766e-17,0.0,0.1875,30.45833333333333,19.575,40.775,100.0,68.75,-6.775,2.9419482,0.125,-1.8,19.387037033333336,25.28333333333333,25.05,25.0,25.0,25.0,-21.708222256666662,0.148148159999998,0.1146666666666673,-2.217333333333334,-2.2006666666666663,19.53950619,-2.0548888888888874,4.2199874,4.230815,4.2160254,4.2209053,4.1661215,0,0.0,1,1.0,-0.81,18.8,81.2
2023-03-18 21:30:00,176.795427916666,135.114039688888,135.13848316111,19.387037033333336,-2.2006666666666663,25.0,2,5.1764362714980825,70.66250196097344,21,5,3,-0.7071067811865477,0.7071067811865474,-0.9749279121818236,-0.2225209339563146,1.0,6.123233995736766e-17,0.0,0.0625,19.70833333333333,19.65,41.95,100.0,68.5,-7.15,2.8702884,0.15,-2.1,19.48888891,25.0,25.28333333333333,25.05,25.0,24.95,-21.5877037,-0.2185185566666625,-0.0979999999999998,-2.1026666666666665,-2.315333333333333,19.48333335111111,-2.173555555555553,4.1661215,4.2199874,4.230815,4.2160254,4.182772,0,0.0,1,1.0,-0.86,20.6,79.4
2023-03-18 21:45:00,130.17257068888802,94.15095606111,94.171233066664,19.48888891,-2.315333333333333,24.95,2,5.1764362714980825,70.66250196097344,21,5,3,-0.7071067811865477,0.7071067811865474,-0.9749279121818236,-0.2225209339563146,1.0,6.123233995736766e-17,0.0,0.0,12.0,19.725,43.125,100.0,68.25,-7.525,2.8001852,0.175,-2.4000000000000004,19.49444447666667,25.0,25.0,25.28333333333333,25.05,24.53333333333333,-21.80422224333333,0.1018518766666645,-0.1146666666666669,-2.2006666666666663,-2.271333333333333,19.493827177777774,-2.20622222222222,4.182772,4.1661215,4.2199874,4.230815,4.114262,0,0.0,0,1.0,-0.84,19.7,80.3
2023-03-18 22:00:00,109.68616804444,61.083945411112,61.100055866668,19.49444447666667,-2.271333333333333,24.53333333333333,1,5.1764362714980825,70.66250196097344,22,5,3,-0.5000000000000004,0.8660254037844384,-0.9749279121818236,-0.2225209339563146,1.0,6.123233995736766e-17,0.0,0.0,7.333333333333333,19.8,44.3,100.0,68.0,-7.9,2.73161,0.2,-2.7,19.24999999,24.95,25.0,25.0,25.28333333333333,24.45,-21.765777810000003,0.0055555666666684,0.044,-2.315333333333333,-2.041333333333333,19.45679014000001,-2.2624444444444425,4.114262,4.182772,4.1661215,4.2199874,4.041728,0,0.0,1,1.0,-0.84,19.8,80.2
2023-03-18 22:15:00,139.76052052222,97.517765816666,97.539431649998,19.24999999,-2.041333333333333,24.45,2,5.1764362714980825,70.66250196097344,22,5,3,-0.5000000000000004,0.8660254037844384,-0.9749279121818236,-0.2225209339563146,1.0,6.123233995736766e-17,0.0,0.0,3.8125,20.625,45.925,98.0,65.75,-8.6,2.5858757,0.15,-3.0,19.0351852,24.53333333333333,24.95,25.0,25.0,24.03333333333333,-21.291333323333333,-0.2444444866666693,0.2299999999999999,-2.271333333333333,-2.178,19.411111125555557,-2.209333333333332,4.041728,4.114262,4.182772,4.1661215,3.9228559,0,0.0,1,1.0,-0.89,21.8,78.2
2023-03-18 22:30:00,193.781137411108,158.534491683334,158.562546177776,19.0351852,-2.178,24.03333333333333,2,5.1764362714980825,70.66250196097344,22,5,3,-0.5000000000000004,0.8660254037844384,-0.9749279121818236,-0.2225209339563146,1.0,6.123233995736766e-17,0.0,0.0,1.4375,21.450000000000003,47.55,96.0,63.5,-9.3,2.444917,0.1,-3.3,19.33333332,24.45,24.53333333333333,24.95,25.0,23.6,-21.2131852,-0.2148147899999983,-0.1366666666666667,-2.041333333333333,-2.3433333333333333,19.259876555555557,-2.1635555555555537,3.9228559,4.041728,4.114262,4.182772,3.920408,0,0.0,0,1.0,-0.94,23.8,76.2
2023-03-18 22:45:00,104.436377844448,72.219055555556,72.239610316666,19.33333332,-2.3433333333333333,23.6,2,5.1764362714980825,70.66250196097344,22,5,3,-0.5000000000000004,0.8660254037844384,-0.9749279121818236,-0.2225209339563146,1.0,6.123233995736766e-17,0.0,0.0,0.2083333333333333,22.275,49.175,94.0,61.25,-10.0,2.308614,0.0499999999999999,-3.6,19.394444433333334,24.03333333333333,24.45,24.53333333333333,24.95,23.03333333333333,-21.67666665333333,0.2981481200000004,-0.1653333333333333,-2.178,-2.704,19.206172836666667,-2.1875555555555537,3.920408,3.9228559,4.041728,4.114262,3.84006,0,0.0,0,1.0,-0.88,21.3,78.7
2023-03-18 23:00:00,134.777942016666,89.64752503889,89.668635344444,19.394444433333334,-2.704,23.03333333333333,2,5.1764362714980825,70.66250196097344,23,5,3,-0.2588190451025215,0.965925826289068,-0.9749279121818236,-0.2225209339563146,1.0,6.123233995736766e-17,0.0,0.0,0.125,23.1,50.8,92.0,59.0,-10.7,2.176848,0.0,-3.9,19.3222222,23.6,24.03333333333333,24.45,24.53333333333333,23.0,-22.09844443333333,0.0611111133333324,-0.3606666666666669,-2.3433333333333333,-2.9433333333333334,19.254320984444448,-2.408444444444443,3.84006,3.920408,3.9228559,4.041728,3.8182383,0,0.0,0,1.0,-0.87,20.9,79.1
2023-03-18 23:15:00,204.915969650002,153.269702333332,153.29581242222,19.3222222,-2.9433333333333334,23.0,2,5.1764362714980825,70.66250196097344,23,5,3,-0.2588190451025215,0.965925826289068,-0.9749279121818236,-0.2225209339563146,1.0,6.123233995736766e-17,0.0,0.0,0.0625,21.625,50.525,71.75,59.75,-10.85,2.157849,0.0,-4.2,19.500000006666667,23.03333333333333,23.6,24.03333333333333,24.45,22.816666666666663,-22.26555553333333,-0.0722222333333348,-0.2393333333333331,-2.704,-3.087333333333333,19.349999984444448,-2.663555555555554,3.8182383,3.84006,3.920408,3.9228559,3.8276262,0,0.0,0,1.0,-0.88,21.5,78.5
2023-03-18 23:30:00,59.58206103889,27.238077116666,27.252243216666,19.500000006666667,-3.087333333333333,22.816666666666663,1,5.1764362714980825,70.66250196097344,23,5,3,-0.2588190451025215,0.965925826289068,-0.9749279121818236,-0.2225209339563146,1.0,6.123233995736766e-17,0.0,0.0,0.0208333333333333,20.15,50.25,51.5,60.5,-11.0,2.1385605,0.0,-4.5,19.29444442,23.0,23.03333333333333,23.6,24.03333333333333,22.5,-22.58733334,0.1777778066666684,-0.1440000000000001,-2.9433333333333334,-3.3440000000000003,19.405555546666665,-2.911555555555554,3.8276262,3.8182383,3.84006,3.920408,3.7291298,0,0.0,1,1.0,-0.84,20.1,79.9
2023-03-18 23:45:00,166.328624272226,131.148087183334,131.172530672222,19.29444442,-3.3440000000000003,22.5,2,5.1764362714980825,70.66250196097344,23,5,3,-0.2588190451025215,0.965925826289068,-0.9749279121818236,-0.2225209339563146,1.0,6.123233995736766e-17,0.0,0.0,0.0,18.675,49.975,31.25,61.25,-11.15,2.1190012,0.0,-4.8,19.375925953333333,22.816666666666663,23.0,23.03333333333333,23.6,22.316666666666663,-22.63844442,-0.2055555866666694,-0.2566666666666668,-3.087333333333333,-3.522,19.37222220888889,-3.124888888888887,3.7291298,3.8276262,3.8182383,3.84006,3.7165275,0,0.0,1,1.0,-0.89,21.9,78.1
2023-03-19 00:00:00,128.189316705554,87.805654333332,87.825653549998,19.375925953333333,-3.522,22.316666666666663,2,5.1764362714980825,70.66250196097344,0,6,3,0.0,1.0,-0.7818314824680299,0.6234898018587334,1.0,6.123233995736766e-17,0.0,0.0,0.0,17.2,49.7,11.0,62.0,-11.3,2.0991888,0.0,-5.1,19.383333330000003,22.5,22.816666666666663,23.0,23.03333333333333,21.7,-22.89792595333333,0.0814815333333349,-0.1779999999999995,-3.3440000000000003,-3.829333333333333,19.39012346,-3.317777777777776,3.7165275,3.7291298,3.8276262,3.8182383,3.6154058,0,0.0,0,1.0,-0.88,21.2,78.8
2023-03-19 00:15:00,119.371336088888,75.407539144444,75.42670506111,19.383333330000003,-3.829333333333333,21.7,2,5.1764362714980825,70.66250196097344,0,6,3,0.0,1.0,-0.7818314824680299,0.6234898018587334,1.0,6.123233995736766e-17,0.0,0.0,0.0,16.875,46.55,8.25,62.5,-11.45,2.0783417,0.0,-5.35,19.238888893333336,22.316666666666663,22.5,22.816666666666663,23.0,21.966666666666665,-23.212666663333337,0.00740737666667,-0.3073333333333332,-3.522,-3.990666666666667,19.35123456777778,-3.565111111111109,3.6154058,3.7165275,3.7291298,3.8276262,3.6288428,0,0.0,0,1.0,-0.88,21.3,78.7
2023-03-19 00:30:00,203.288534733336,161.387155372222,161.413820988888,19.238888893333336,-3.990666666666667,21.966666666666665,2,5.1764362714980825,70.66250196097344,0,6,3,0.0,1.0,-0.7818314824680299,0.6234898018587334,1.0,6.123233995736766e-17,0.0,0.0,0.0,16.55,43.400000000000006,5.5,63.0,-11.6,2.0574899,0.0,-5.6,19.51666665,21.7,22.316666666666663,22.5,22.816666666666663,21.6,-23.22955556,-0.1444444366666673,-0.1613333333333337,-3.829333333333333,-4.197333333333334,19.33271605888889,-3.780666666666665,3.6288428,3.6154058,3.7165275,3.7291298,3.627075,0,0.0,0,1.0,-0.91,22.4,77.6
2023-03-19 00:45:00,107.261542633336,63.987718122224,64.004384122224,19.51666665,-4.197333333333334,21.6,1,5.1764362714980825,70.66250196097344,0,6,3,0.0,1.0,-0.7818314824680299,0.6234898018587334,1.0,6.123233995736766e-17,0.0,0.0,0.0,16.225,40.25,2.75,63.5,-11.75,2.0366387,0.0,-5.85,19.40555554666667,21.966666666666665,21.7,22.316666666666663,22.5,21.03333333333333,-23.71399998333333,0.2777777566666657,-0.206666666666667,-3.990666666666667,-4.397333333333334,19.379629624444448,-4.005777777777776,3.627075,3.6288428,3.6154058,3.7165275,3.508919,0,0.0,1,1.0,-0.85,20.2,79.8
2023-03-19 01:00:00,114.534862855556,82.231988372222,82.2517098,19.40555554666667,-4.397333333333334,21.03333333333333,2,5.1764362714980825,70.66250196097344,1,6,3,0.2588190451025207,0.9659258262890684,-0.7818314824680299,0.6234898018587334,1.0,6.123233995736766e-17,0.0,0.0,0.0,15.9,37.1,0.0,64.0,-11.9,2.015795,0.0,-6.1,19.24999998,21.6,21.966666666666665,21.7,22.316666666666663,21.3,-23.802888880000005,-0.1111111033333323,-0.2000000000000001,-4.197333333333334,-4.584666666666667,19.38703703,-4.1951111111111095,3.508919,3.627075,3.6288428,3.6154058,3.5210142,0,0.0,1,1.0,-0.88,21.2,78.8
2023-03-19 01:15:00,196.508528194446,164.209542422224,164.23898571111198,19.24999998,-4.584666666666667,21.3,2,5.1764362714980825,70.66250196097344,1,6,3,0.2588190451025207,0.9659258262890684,-0.7818314824680299,0.6234898018587334,1.0,6.123233995736766e-17,0.0,0.0,0.0,16.575,37.375,2.75,64.0,-11.975,1.997575,0.0,-6.225,19.501851866666662,21.03333333333333,21.6,21.966666666666665,21.7,20.85,-23.834666646666665,-0.1555555666666705,-0.1873333333333331,-4.397333333333334,-4.65,19.39074072555556,-4.39311111111111,3.5210142,3.508919,3.627075,3.6288428,3.4980872,0,0.0,0,1.0,-0.91,22.5,77.5
2023-03-19 01:30:00,113.808503027778,55.096962716666,55.111684344444,19.501851866666662,-4.65,20.85,1,5.1764362714980825,70.66250196097344,1,6,3,0.2588190451025207,0.9659258262890684,-0.7818314824680299,0.6234898018587334,1.0,6.123233995736766e-17,0.0,0.0,0.0,17.25,37.650000000000006,5.5,64.0,-12.05,1.9794999,0.0,-6.35,19.35000003,21.3,21.03333333333333,21.6,21.966666666666665,20.55,-24.151851866666668,0.2518518866666674,-0.0653333333333332,-4.584666666666667,-4.672666666666667,19.38580246444445,-4.543999999999999,3.4980872,3.5210142,3.508919,3.627075,3.4170964,0,0.0,1,1.0,-0.86,20.4,79.6
2023-03-19 01:45:00,136.576481038894,98.410230116666,98.431062583334,19.35000003,-4.672666666666667,20.55,2,5.1764362714980825,70.66250196097344,1,6,3,0.2588190451025207,0.9659258262890684,-0.7818314824680299,0.6234898018587334,1.0,6.123233995736766e-17,0.0,0.0,0.0,17.925,37.925,8.25,64.0,-12.125,1.9615692,0.0,-6.475,19.255555580000003,20.85,21.3,21.03333333333333,21.6,20.78333333333333,-24.02266669666667,-0.1518518366666654,-0.0226666666666668,-4.65,-4.582666666666666,19.36728395888889,-4.635777777777776,3.4170964,3.4980872,3.5210142,3.508919,3.4367313,0,0.0,1,1.0,-0.89,21.8,78.2
2023-03-19 02:00:00,204.77708633889,171.559526244444,171.589247338886,19.255555580000003,-4.582666666666666,20.78333333333333,2,5.1764362714980825,70.66250196097344,2,6,3,0.4999999999999999,0.8660254037844387,-0.7818314824680299,0.6234898018587334,1.0,6.123233995736766e-17,0.0,0.0,0.0,18.6,38.2,11.0,64.0,-12.2,1.9437815,0.0,-6.6,19.42777775,20.55,20.85,21.3,21.03333333333333,20.65,-23.838222246666668,-0.0944444499999974,0.0900000000000007,-4.672666666666667,-4.000666666666667,19.36913582555556,-4.635111111111109,3.4367313,3.4170964,3.4980872,3.5210142,3.4494746,0,0.0,0,1.0,-0.91,22.5,77.5
2023-03-19 02:15:00,1078.666296105554,173.617499472222,173.645553949998,19.42777775,-4.000666666666667,20.65,2,5.1764362714980825,70.66250196097344,2,6,3,0.4999999999999999,0.8660254037844387,-0.7818314824680299,0.6234898018587334,1.0,6.123233995736766e-17,0.0,0.0,0.0,18.625,38.55,22.5,64.75,-12.1,1.9629784,0.0,-6.625,19.48518517333333,20.78333333333333,20.55,20.85,21.3,22.08333333333333,-23.428444416666668,0.1722221699999977,0.5819999999999999,-4.582666666666666,-3.803333333333333,19.344444453333335,-4.418666666666665,3.4494746,3.4367313,3.4170964,3.4980872,3.7013795,0,0.0,0,1.0,-0.87,21.1,78.9
2023-03-19 02:30:00,1253.378196299996,153.536358283334,153.56274619444198,19.48518517333333,-3.803333333333333,22.08333333333333,2,5.1764362714980825,70.66250196097344,2,6,3,0.4999999999999999,0.8660254037844387,-0.7818314824680299,0.6234898018587334,1.0,6.123233995736766e-17,0.0,0.0,0.0,18.65,38.900000000000006,34.0,65.5,-12.0,1.9820979,0.0,-6.65,19.52777782,20.65,20.78333333333333,20.55,20.85,22.15,-23.288518506666662,0.0574074233333306,0.1973333333333333,-4.000666666666667,-3.895333333333333,19.38950616777778,-4.128888888888887,3.7013795,3.4494746,3.4367313,3.4170964,3.7218614,0,0.0,0,1.0,-0.85,20.3,79.7
2023-03-19 02:45:00,77.596340622216,37.143236444444,37.153513866664,19.52777782,-3.895333333333333,22.15,1,5.1764362714980825,70.66250196097344,2,6,3,0.4999999999999999,0.8660254037844387,-0.7818314824680299,0.6234898018587334,1.0,6.123233995736766e-17,0.0,0.0,0.0,18.675,39.25,45.5,66.25,-11.9,2.0011406,0.0,-6.675,19.275925933333333,22.08333333333333,20.65,20.78333333333333,20.55,22.0,-23.42311115333333,0.0425926466666695,-0.092,-3.803333333333333,-4.021333333333334,19.480246914444447,-3.899777777777776,3.7218614,3.7013795,3.4494746,3.4367313,3.6422856,0,0.0,1,1.0,-0.84,20.0,80.0
2023-03-19 03:00:00,195.535233811112,148.144629527778,148.16768413889,19.275925933333333,-4.021333333333334,22.0,2,5.1764362714980825,70.66250196097344,3,6,3,0.7071067811865476,0.7071067811865476,-0.7818314824680299,0.6234898018587334,1.0,6.123233995736766e-17,0.0,0.0,0.0,18.7,39.6,57.0,67.0,-11.8,2.0201066,0.0,-6.7,19.37777774,22.15,22.08333333333333,20.65,20.78333333333333,22.3,-23.297259266666668,-0.2518518866666674,-0.1260000000000003,-3.895333333333333,-3.5893333333333337,19.429629642222224,-3.906666666666665,3.6422856,3.7218614,3.7013795,3.4494746,3.7141564,0,0.0,1,1.0,-0.9,22.1,77.9
2023-03-19 03:15:00,143.051777683334,94.486775944444,94.498997705554,19.37777774,-3.5893333333333337,22.3,2,5.1764362714980825,70.66250196097344,3,6,3,0.7071067811865476,0.7071067811865476,-0.7818314824680299,0.6234898018587334,1.0,6.123233995736766e-17,0.0,0.0,0.0,18.75,39.775,42.75,67.25,-11.775,2.0276442,0.0,-6.7,19.342592576666668,22.0,22.15,22.08333333333333,20.65,22.03333333333333,-22.96711107333333,0.1018518066666658,0.4319999999999999,-4.021333333333334,-4.582,19.39382716444445,-3.835333333333332,3.7141564,3.6422856,3.7218614,3.7013795,3.6621504,0,0.0,0,1.0,-0.88,21.2,78.8
2023-03-19 03:30:00,125.566366194438,70.798279072222,70.810500849998,19.342592576666668,-4.582,22.03333333333333,2,5.1764362714980825,70.66250196097344,3,6,3,0.7071067811865476,0.7071067811865476,-0.7818314824680299,0.6234898018587334,1.0,6.123233995736766e-17,0.0,0.0,0.0,18.8,39.95,28.5,67.5,-11.75,2.0351818,0.0,-6.7,19.13888889,22.3,22.0,22.15,22.08333333333333,22.35,-23.92459257666667,-0.0351851633333311,-0.992666666666666,-3.5893333333333337,-4.1546666666666665,19.33209875,-4.064222222222221,3.6621504,3.7141564,3.6422856,3.7218614,3.670474,0,0.0,0,1.0,-0.88,21.5,78.5
2023-03-19 03:45:00,181.684954661106,126.715208988888,126.736041505554,19.13888889,-4.1546666666666665,22.35,2,5.1764362714980825,70.66250196097344,3,6,3,0.7071067811865476,0.7071067811865476,-0.7818314824680299,0.6234898018587334,1.0,6.123233995736766e-17,0.0,0.0,0.0,18.85,40.125,14.25,67.75,-11.725,2.0427198,0.0,-6.7,19.19444444333333,22.03333333333333,22.3,22.0,22.15,22.5,-23.293555556666664,-0.203703686666671,0.4273333333333333,-4.582,-4.274,19.286419735555555,-4.1086666666666645,3.670474,3.6621504,3.7141564,3.6422856,3.707227,0,0.0,0,1.0,-0.93,23.2,76.8
2023-03-19 04:00:00,197.906250083334,150.230379444444,150.254267388888,19.19444444333333,-4.274,22.5,2,5.1764362714980825,70.66250196097344,4,6,3,0.8660254037844386,0.5000000000000001,-0.7818314824680299,0.6234898018587334,1.0,6.123233995736766e-17,0.0,0.0,0.0,18.9,40.3,0.0,68.0,-11.7,2.0502572,0.0,-6.7,19.26666666,22.35,22.03333333333333,22.3,22.0,22.45,-23.468444443333336,0.0555555533333382,-0.1193333333333335,-4.1546666666666665,-4.652666666666667,19.225308636666668,-4.336888888888887,3.707227,3.670474,3.6621504,3.7141564,3.7147608,0,0.0,0,1.0,-0.92,22.7,77.3
2023-03-19 04:15:00,86.804860950002,46.479529627778,46.492306883334,19.26666666,-4.652666666666667,22.45,1,5.1764362714980825,70.66250196097344,4,6,3,0.8660254037844386,0.5000000000000001,-0.7818314824680299,0.6234898018587334,1.0,6.123233995736766e-17,0.0,0.0,0.0,18.95,40.225,0.0,67.5,-11.775,2.0351818,0.0,-6.7,19.096296296666665,22.5,22.35,22.03333333333333,22.3,22.216666666666665,-23.919333326666667,0.0722222166666632,-0.3786666666666667,-4.274,-4.186,19.199999997777777,-4.360444444444442,3.7147608,3.707227,3.670474,3.6621504,3.6394253,0,0.0,1,1.0,-0.9,22.1,77.9
2023-03-19 04:30:00,448.996206149998,102.146191788888,102.167024272222,19.096296296666665,-4.186,22.216666666666665,2,5.1764362714980825,70.66250196097344,4,6,3,0.8660254037844386,0.5000000000000001,-0.7818314824680299,0.6234898018587334,1.0,6.123233995736766e-17,0.0,0.0,0.0,19.0,40.15,0.0,67.0,-11.85,2.0201066,0.0,-6.7,19.01666665,22.45,22.5,22.35,22.03333333333333,22.5,-23.282296296666665,-0.1703703633333333,0.4666666666666668,-4.652666666666667,-4.108,19.18580246666667,-4.370888888888888,3.6394253,3.7147608,3.707227,3.670474,3.6685655,0,0.0,1,1.0,-0.94,23.7,76.3
2023-03-19 04:45:00,232.22209966111,166.6866656,166.713886794442,19.01666665,-4.108,22.5,2,5.1764362714980825,70.66250196097344,4,6,3,0.8660254037844386,0.5000000000000001,-0.7818314824680299,0.6234898018587334,1.0,6.123233995736766e-17,0.0,0.0,0.0,19.05,40.075,0.0,66.5,-11.925,2.005031,0.0,-6.7,19.270370343333333,22.216666666666665,22.45,22.5,22.35,22.316666666666663,-23.12466665,-0.0796296466666675,0.0780000000000002,-4.186,-4.093999999999999,19.12654320222222,-4.315555555555554,3.6685655,3.6394253,3.7147608,3.707227,3.6935046,0,0.0,0,1.0,-0.96,24.3,75.7
2023-03-19 05:00:00,76.901368138894,35.39497302777799,35.407194722224006,19.270370343333333,-4.093999999999999,22.316666666666663,1,5.1764362714980825,70.66250196097344,5,6,3,0.9659258262890684,0.2588190451025207,-0.7818314824680299,0.6234898018587334,1.0,6.123233995736766e-17,0.0,0.0,0.0,19.1,40.0,0.0,66.0,-12.0,1.9899558,0.0,-6.7,19.07777777,22.5,22.216666666666665,22.45,22.5,22.35,-23.36437034333333,0.2537036933333354,0.0140000000000002,-4.108,-3.9853333333333336,19.12777776333333,-4.129333333333332,3.6935046,3.6685655,3.6394253,3.7147608,3.6572707,0,0.0,1,1.0,-0.9,22.1,77.9
2023-03-19 05:15:00,184.3717915,144.978922827778,145.00392186111,19.07777777,-3.9853333333333336,22.35,2,5.1764362714980825,70.66250196097344,5,6,3,0.9659258262890684,0.2588190451025207,-0.7818314824680299,0.6234898018587334,1.0,6.123233995736766e-17,0.0,0.0,0.0,19.450000000000003,40.8,16.75,65.0,-12.15,1.9633831,0.0,-6.675,19.205555553333333,22.316666666666663,22.5,22.216666666666665,22.45,22.316666666666663,-23.06311110333333,-0.1925925733333322,0.1086666666666658,-4.093999999999999,-3.824,19.12160492111111,-4.062444444444442,3.6572707,3.6935046,3.6685655,3.6394253,3.679428,0,0.0,1,1.0,-0.94,23.8,76.2
2023-03-19 05:30:00,151.740596899996,100.667362044444,100.687639049998,19.205555553333333,-3.824,22.316666666666663,2,5.1764362714980825,70.66250196097344,5,6,3,0.9659258262890684,0.2588190451025207,-0.7818314824680299,0.6234898018587334,1.0,6.123233995736766e-17,0.0,0.0,0.0,19.8,41.6,33.5,64.0,-12.3,1.9367064,0.0,-6.65,19.21666669,22.35,22.316666666666663,22.5,22.216666666666665,22.0,-23.02955555333333,0.1277777833333324,0.1613333333333337,-3.9853333333333336,-4.203333333333333,19.184567888888893,-3.967777777777776,3.679428,3.6572707,3.6935046,3.6685655,3.629594,0,0.0,0,1.0,-0.91,22.7,77.3
2023-03-19 05:45:00,145.924440588888,87.256509583334,87.27511993889,19.21666669,-4.203333333333333,22.0,2,5.1764362714980825,70.66250196097344,5,6,3,0.9659258262890684,0.2588190451025207,-0.7818314824680299,0.6234898018587334,1.0,6.123233995736766e-17,0.0,0.0,0.0,20.15,42.400000000000006,50.25000000000001,63.0,-12.45,1.9099247,0.0,-6.625,19.07222223666667,22.316666666666663,22.35,22.316666666666663,22.5,22.0,-23.420000023333333,0.0111111366666669,-0.3793333333333333,-3.824,-4.3293333333333335,19.166666671111116,-4.004222222222221,3.629594,3.679428,3.6572707,3.6935046,3.598818,0,0.0,0,1.0,-0.91,22.6,77.4
2023-03-19 06:00:00,213.409796566668,161.750474188888,161.777139838886,19.07222223666667,-4.3293333333333335,22.0,2,5.1764362714980825,70.66250196097344,6,6,3,1.0,6.123233995736766e-17,-0.7818314824680299,0.6234898018587334,1.0,6.123233995736766e-17,0.0,0.0,0.0,20.5,43.2,67.0,62.0,-12.6,1.8830385,0.0,-6.6,19.24999999,22.0,22.316666666666663,22.35,22.316666666666663,21.7,-23.401555570000003,-0.1444444533333317,-0.1260000000000003,-4.203333333333333,-4.508,19.164814826666667,-4.118888888888887,3.598818,3.629594,3.679428,3.6572707,3.5871367,0,0.0,0,1.0,-0.95,23.9,76.1
2023-03-19 06:15:00,80.37928474999799,31.394577516666,31.406521505554,19.24999999,-4.508,21.7,1,5.1764362714980825,70.66250196097344,6,6,3,1.0,6.123233995736766e-17,-0.7818314824680299,0.6234898018587334,1.0,6.123233995736766e-17,0.0,0.0,0.0,21.2,44.825,75.0,61.0,-12.8,1.856047,0.0,-6.574999999999999,19.001851833333333,22.0,22.0,22.316666666666663,22.35,21.966666666666665,-23.75799999,0.1777777533333306,-0.1786666666666665,-4.3293333333333335,-4.462000000000001,19.17962963888889,-4.346888888888888,3.5871367,3.598818,3.629594,3.679428,3.5784767,0,0.0,1,1.0,-0.91,22.4,77.6
2023-03-19 06:30:00,172.958359255552,132.144158455556,132.168324172222,19.001851833333333,-4.462000000000001,21.966666666666665,2,5.1764362714980825,70.66250196097344,6,6,3,1.0,6.123233995736766e-17,-0.7818314824680299,0.6234898018587334,1.0,6.123233995736766e-17,0.0,0.0,0.0,21.9,46.45,83.0,60.0,-13.0,1.8289495,0.0,-6.55,19.11111112,21.7,22.0,22.0,22.316666666666663,21.95,-23.463851833333333,-0.2481481566666659,0.0459999999999993,-4.508,-4.465333333333334,19.108024686666667,-4.43311111111111,3.5784767,3.5871367,3.598818,3.629594,3.5988836,0,0.0,1,1.0,-0.96,24.6,75.4
2023-03-19 06:45:00,140.721870933332,99.413801055556,99.436022416666,19.11111112,-4.465333333333334,21.95,2,5.1764362714980825,70.66250196097344,6,6,3,1.0,6.123233995736766e-17,-0.7818314824680299,0.6234898018587334,1.0,6.123233995736766e-17,0.0,0.0,0.0,22.6,48.075,91.0,59.0,-13.2,1.8017464,0.0,-6.525,19.168518533333334,21.966666666666665,21.7,22.0,22.0,21.53333333333333,-23.57644445333333,0.109259286666667,-0.0033333333333329,-4.462000000000001,-4.515333333333333,19.12098764777778,-4.478444444444443,3.5988836,3.5784767,3.5871367,3.598818,3.5425372,0,0.0,0,1.0,-0.94,23.6,76.4
2023-03-19 07:00:00,137.381726711112,74.799230127778,74.816173883334,19.168518533333334,-4.515333333333333,21.53333333333333,2,5.1764362714980825,70.66250196097344,7,6,3,0.9659258262890684,-0.2588190451025206,-0.7818314824680299,0.6234898018587334,1.0,6.123233995736766e-17,0.0,0.0,0.0,23.3,49.7,99.0,58.0,-13.4,1.7744379,0.0,-6.5,18.98888886,21.95,21.966666666666665,21.7,22.0,21.8,-23.683851866666668,0.0574074133333333,-0.0499999999999998,-4.465333333333334,-4.448,19.093827162222222,-4.480888888888888,3.5425372,3.5988836,3.5784767,3.5871367,3.5486104,0,0.0,0,1.0,-0.93,23.2,76.8
2023-03-19 07:15:00,210.173259516662,163.744561072222,163.772337811108,18.98888886,-4.448,21.8,2,5.1764362714980825,70.66250196097344,7,6,3,0.9659258262890684,-0.2588190451025206,-0.7818314824680299,0.6234898018587334,1.0,6.123233995736766e-17,7.0,1.75,0.5833333333333334,22.9,50.325,97.25,59.25,-12.925,1.8426079,0.0,-6.275,19.224074066666667,21.53333333333333,21.95,21.966666666666665,21.7,21.35,-23.43688886,-0.1796296733333342,0.0673333333333339,-4.515333333333333,-4.568,19.08950617111111,-4.476222222222221,3.5486104,3.5425372,3.5988836,3.5784767,3.5238948,0,0.0,0,1.0,-0.97,24.7,75.3
2023-03-19 07:30:00,75.422260855552,35.944673255556,35.959394933332,19.224074066666667,-4.568,21.35,1,5.1764362714980825,70.66250196097344,7,6,3,0.9659258262890684,-0.2588190451025206,-0.7818314824680299,0.6234898018587334,1.0,6.123233995736766e-17,14.0,5.25,1.75,22.5,50.95,95.5,60.5,-12.45,1.9124846,0.0,-6.05,19.03888887,21.8,21.53333333333333,21.95,21.966666666666665,21.05,-23.792074066666665,0.2351852066666673,-0.1200000000000001,-4.448,-4.703333333333333,19.127160486666668,-4.510444444444443,3.5238948,3.5486104,3.5425372,3.5988836,3.4366505,0,0.0,1,1.0,-0.92,22.7,77.3
2023-03-19 07:45:00,158.559768572218,114.351536872222,114.37431376111,19.03888887,-4.703333333333333,21.05,2,5.1764362714980825,70.66250196097344,7,6,3,0.9659258262890684,-0.2588190451025206,-0.7818314824680299,0.6234898018587334,1.0,6.123233995736766e-17,21.0,10.5,3.5,22.1,51.575,93.75,61.75,-11.975,1.9841008,0.0,-5.824999999999999,18.99444446,21.35,21.8,21.53333333333333,21.95,21.466666666666665,-23.74222220333333,-0.1851851966666657,-0.1353333333333335,-4.568,-4.748666666666667,19.08395059888889,-4.57311111111111,3.4366505,3.5238948,3.5486104,3.5425372,3.4954958,0,0.0,1,1.0,-0.96,24.4,75.6
2023-03-19 08:00:00,469.956478805554,140.742147855556,140.767146888888,18.99444446,-4.748666666666667,21.466666666666665,2,5.1764362714980825,70.66250196097344,8,6,3,0.8660254037844387,-0.4999999999999998,-0.7818314824680299,0.6234898018587334,1.0,6.123233995736766e-17,28.0,17.5,5.833333333333333,21.7,52.2,92.0,63.0,-11.5,2.0574899,0.0,-5.6,19.17777777,21.05,21.35,21.8,21.53333333333333,21.15,-23.74311112666667,-0.0444444100000005,-0.0453333333333336,-4.703333333333333,-4.708,19.08580246555556,-4.673333333333331,3.4954958,3.4366505,3.5238948,3.5486104,3.481373,0,0.0,0,1.0,-0.97,24.8,75.2
2023-03-19 08:15:00,112.674103905558,53.472583244444,53.48813813889,19.17777777,-4.708,21.15,1,5.1764362714980825,70.66250196097344,8,6,3,0.8660254037844387,-0.4999999999999998,-0.7818314824680299,0.6234898018587334,1.0,6.123233995736766e-17,65.25,32.0625,11.270833333333334,22.825,53.275000000000006,90.0,61.5,-11.65,2.0340512,0.0,-5.425,19.00370369333333,21.466666666666665,21.05,21.35,21.8,21.0,-23.88577777,0.1833333099999983,0.0406666666666666,-4.748666666666667,-4.868666666666667,19.07037036666667,-4.719999999999998,3.481373,3.4954958,3.4366505,3.5238948,3.4213765,0,0.0,1,1.0,-0.93,23.2,76.8
2023-03-19 08:30:00,197.562652711112,156.95038841666602,156.978165138886,19.00370369333333,-4.868666666666667,21.0,2,5.1764362714980825,70.66250196097344,8,6,3,0.8660254037844387,-0.4999999999999998,-0.7818314824680299,0.6234898018587334,1.0,6.123233995736766e-17,102.5,54.1875,19.8125,23.95,54.35,88.0,60.0,-11.8,2.009645,0.0,-5.25,19.32222224,21.15,21.466666666666665,21.05,21.35,20.95,-23.87237036,-0.1740740766666668,-0.1606666666666667,-4.708,-4.8933333333333335,19.058641974444445,-4.7751111111111095,3.4213765,3.481373,3.4954958,3.4366505,3.477917,0,0.0,1,1.0,-0.97,24.8,75.2
2023-03-19 08:45:00,78.287423977776,29.242719111112,29.256051894446,19.32222224,-4.8933333333333335,20.95,1,5.1764362714980825,70.66250196097344,8,6,3,0.8660254037844387,-0.4999999999999998,-0.7818314824680299,0.6234898018587334,1.0,6.123233995736766e-17,139.75,83.875,31.45833333333333,25.075,55.425,86.0,58.5,-11.95,1.9842533,0.0,-5.075,19.78148145333333,21.0,21.15,21.466666666666665,21.05,20.35,-24.215555573333333,0.3185185466666667,-0.0246666666666666,-4.868666666666667,-4.427333333333333,19.167901234444443,-4.823333333333332,3.477917,3.4213765,3.481373,3.4954958,3.4707258,0,0.0,1,1.0,-0.9,21.9,78.1
2023-03-19 09:00:00,135.28292196666,94.2870617,94.307616444444,19.78148145333333,-4.427333333333333,20.35,2,5.1764362714980825,70.66250196097344,9,6,3,0.7071067811865476,-0.7071067811865475,-0.7818314824680299,0.6234898018587334,1.0,6.123233995736766e-17,177.0,121.125,46.208333333333336,26.2,56.5,84.0,57.0,-12.1,1.9578568,0.0,-4.9,20.22222222,20.95,21.0,21.15,21.466666666666665,19.95,-24.208814786666668,0.4592592133333362,0.4660000000000002,-4.8933333333333335,-4.13,19.369135795555557,-4.729777777777777,3.4707258,3.477917,3.4213765,3.481373,3.4914613,0,0.0,1,1.0,-0.79,18.3,81.7
2023-03-19 09:15:00,142.044595922216,86.365989672222,86.385711133332,20.22222222,-4.13,19.95,2,5.1764362714980825,70.66250196097344,9,6,3,0.7071067811865476,-0.7071067811865475,-0.7818314824680299,0.6234898018587334,1.0,6.123233995736766e-17,221.25,160.125,64.64583333333333,27.325,59.125,88.0,56.5,-12.025,1.9687474,0.0,-4.7,20.774074046666662,20.35,20.95,21.0,21.15,19.35,-24.35222222,0.4407407666666643,0.2973333333333334,-4.427333333333333,-3.978,19.77530863777778,-4.483555555555554,3.4914613,3.4707258,3.477917,3.4213765,3.497237,0,0.0,0,1.0,-0.7,15.3,84.7
2023-03-19 09:30:00,89.376424816666,36.511595044444,36.525205649998,20.774074046666662,-3.978,19.35,1,5.1764362714980825,70.66250196097344,9,6,3,0.7071067811865476,-0.7071067811865475,-0.7818314824680299,0.6234898018587334,1.0,6.123233995736766e-17,265.5,200.875,86.77083333333333,28.45,61.75,92.0,56.0,-11.95,1.9794941,0.0,-4.5,21.06666665,19.95,20.35,20.95,21.0,19.0,-24.752074046666667,0.5518518266666668,0.1519999999999997,-4.13,-3.682,20.25925924,-4.178444444444443,3.497237,3.4914613,3.4707258,3.477917,3.4928937,0,0.0,1,1.0,-0.58,12.0,88.0
2023-03-19 09:45:00,132.454701583334,92.990446916666,93.011279416666,21.06666665,-3.682,19.0,2,5.1764362714980825,70.66250196097344,9,6,3,0.7071067811865476,-0.7071067811865475,-0.7818314824680299,0.6234898018587334,1.0,6.123233995736766e-17,309.75,243.375,112.58333333333331,29.575,64.375,96.0,55.5,-11.875,1.990092,0.0,-4.3,21.20370373,19.35,19.95,20.35,20.95,19.0,-24.74866665,0.2925926033333361,0.2960000000000002,-3.978,-3.2419999999999995,20.68765430555556,-3.9299999999999984,3.4928937,3.497237,3.4914613,3.4707258,3.5207853,0,0.0,1,1.0,-0.51,10.5,89.5
2023-03-19 10:00:00,174.04387138333,134.801552155556,134.827106749998,21.20370373,-3.2419999999999995,19.0,2,5.1764362714980825,70.66250196097344,10,6,3,0.4999999999999999,-0.8660254037844387,-0.7818314824680299,0.6234898018587334,1.0,6.123233995736766e-17,354.0,287.625,142.08333333333334,30.7,67.0,100.0,55.0,-11.8,2.0005352,0.0,-4.1,21.56111114,19.0,19.35,19.95,20.35,18.65,-24.44570373,0.1370370799999953,0.4400000000000004,-3.682,-3.059333333333333,21.01481480888889,-3.633999999999999,3.5207853,3.4928937,3.497237,3.4914613,3.5282266,0,0.0,0,1.0,-0.48,9.8,90.2
2023-03-19 10:15:00,79.316549427778,12.588663116665998,12.597551677776,21.56111114,-3.059333333333333,18.65,1,5.1764362714980825,70.66250196097344,10,6,3,0.4999999999999999,-0.8660254037844387,-0.7818314824680299,0.6234898018587334,1.0,6.123233995736766e-17,350.0,319.8125,170.66666666666666,30.25,67.075,98.75,56.25,-11.5,2.0533128,0.05,-4.05,21.83148148,19.0,19.0,19.35,19.95,18.5,-24.620444473333333,0.3574074100000004,0.1826666666666661,-3.2419999999999995,-2.741333333333333,21.277160506666664,-3.327777777777776,3.5282266,3.5207853,3.4928937,3.497237,3.5549607,0,0.0,1,1.0,-0.4,8.3,91.7
2023-03-19 10:30:00,158.892255272218,105.857709972222,105.87965356111,21.83148148,-2.741333333333333,18.5,2,5.1764362714980825,70.66250196097344,10,6,3,0.4999999999999999,-0.8660254037844387,-0.7818314824680299,0.6234898018587334,1.0,6.123233995736766e-17,346.0,339.9375,198.33333333333331,29.8,67.15,97.5,57.5,-11.2,2.1064394,0.1,-4.0,21.93888885,18.65,19.0,19.0,19.35,18.85,-24.57281481333333,0.2703703399999995,0.3180000000000005,-3.059333333333333,-2.689333333333333,21.53209878333333,-3.014222222222221,3.5549607,3.5282266,3.5207853,3.4928937,3.6447358,0,0.0,1,1.0,-0.34,7.4,92.6
2023-03-19 10:45:00,128.566523783334,83.001402011112,83.0200124,21.93888885,-2.689333333333333,18.85,2,5.1764362714980825,70.66250196097344,10,6,3,0.4999999999999999,-0.8660254037844387,-0.7818314824680299,0.6234898018587334,1.0,6.123233995736766e-17,342.0,348.0,225.08333333333331,29.35,67.225,96.25,58.75,-10.9,2.1599157,0.15,-3.95,21.831481476666667,18.5,18.65,19.0,19.0,19.0,-24.62822218333333,0.1074073700000042,0.052,-2.741333333333333,-2.76,21.77716049,-2.8299999999999983,3.6447358,3.5549607,3.5282266,3.5207853,3.6510408,0,0.0,0,1.0,-0.31,7.0,93.0
2023-03-19 11:00:00,119.40383482222,64.94018003889,64.9549017,21.831481476666667,-2.76,19.0,1,5.1764362714980825,70.66250196097344,11,6,3,0.258819045102521,-0.9659258262890682,-0.7818314824680299,0.6234898018587334,1.0,6.123233995736766e-17,338.0,344.0,250.91666666666663,28.9,67.3,95.0,60.0,-10.6,2.2137442,0.2,-3.9,21.58888888,18.85,18.5,18.65,19.0,19.0,-24.591481476666665,-0.1074073733333342,-0.0706666666666668,-2.689333333333333,-2.486,21.86728393555556,-2.730222222222221,3.6510408,3.6447358,3.5549607,3.5282266,3.6002202,0,0.0,1,1.0,-0.34,7.4,92.6
2023-03-19 11:15:00,207.184767794446,155.9804272,156.006259549998,21.58888888,-2.486,19.0,2,5.1764362714980825,70.66250196097344,11,6,3,0.258819045102521,-0.9659258262890682,-0.7818314824680299,0.6234898018587334,1.0,6.123233995736766e-17,379.0,351.25,277.0625,29.325,67.025,94.5,57.75,-10.875,2.165121,0.2,-3.675,21.78888886,19.0,18.85,18.5,18.65,18.816666666666663,-24.07488888,-0.2425925966666682,0.274,-2.76,-2.236,21.78641973555556,-2.645111111111109,3.6002202,3.6510408,3.6447358,3.5549607,3.6069317,0,0.0,1,1.0,-0.39,8.2,91.8
2023-03-19 11:30:00,127.834886499996,21.8216271,21.853570288888,21.78888886,-2.236,18.816666666666663,1,5.1764362714980825,70.66250196097344,11,6,3,0.258819045102521,-0.9659258262890682,-0.7818314824680299,0.6234898018587334,1.0,6.123233995736766e-17,420.0,369.75,303.5208333333333,29.75,66.75,94.0,55.5,-11.15,2.1142862,0.2,-3.45,21.87777774,19.0,19.0,18.85,18.5,18.55,-24.02488886,0.1999999800000012,0.25,-2.486,-2.5006666666666666,21.73641973888889,-2.4939999999999984,3.6069317,3.6002202,3.6510408,3.6447358,3.5741057,0,0.0,1,1.0,-0.35,7.5,92.5
2023-03-19 11:45:00,336.333768377776,142.595129316666,142.655682477776,21.87777774,-2.5006666666666666,18.55,2,5.1764362714980825,70.66250196097344,11,6,3,0.258819045102521,-0.9659258262890682,-0.7818314824680299,0.6234898018587334,1.0,6.123233995736766e-17,461.0,399.5,330.2916666666667,30.175,66.475,93.5,53.25,-11.425,2.0611882,0.2,-3.225,21.896296256666663,18.816666666666663,19.0,19.0,18.85,18.966666666666665,-24.378444406666667,0.0888888799999989,-0.2646666666666668,-2.236,-2.3986666666666667,21.751851826666663,-2.407555555555554,3.5741057,3.6069317,3.6002202,3.6510408,3.6582935,0,0.0,1,1.0,-0.33,7.3,92.7
2023-03-19 12:00:00,1354.376656149998,99.135201083334,99.199087444444,21.896296256666663,-2.3986666666666667,18.966666666666665,2,5.1764362714980825,70.66250196097344,12,6,3,1.2246467991473532e-16,-1.0,-0.7818314824680299,0.6234898018587334,1.0,6.123233995736766e-17,502.0,440.5,357.375,30.6,66.2,93.0,51.0,-11.7,2.0057743,0.2,-3.0,21.68333334,18.55,18.816666666666663,19.0,19.0,18.7,-24.294962923333333,0.018518516666667,0.1019999999999998,-2.5006666666666666,-2.433333333333333,21.854320952222224,-2.3784444444444426,3.6582935,3.5741057,3.6069317,3.6002202,3.562776,0,0.0,0,1.0,-0.32,7.2,92.8
2023-03-19 12:15:00,496.31375782222,59.4434555,59.500675444444,21.68333334,-2.433333333333333,18.7,1,5.1764362714980825,70.66250196097344,12,6,3,1.2246467991473532e-16,-1.0,-0.7818314824680299,0.6234898018587334,1.0,6.123233995736766e-17,535.0,479.5,383.5208333333333,30.15,66.65,86.75,50.25,-11.625,2.0185795,0.15,-2.7,21.29444444,18.966666666666665,18.55,18.816666666666663,19.0,19.883333333333333,-24.11666667333333,-0.2129629166666653,-0.0346666666666664,-2.3986666666666667,-2.8146666666666667,21.81913577888889,-2.444222222222221,3.562776,3.6582935,3.5741057,3.6069317,3.70391,0,0.0,1,1.0,-0.37,7.9,92.1
2023-03-19 12:30:00,238.086031777776,130.828100016666,130.887264333332,21.29444444,-2.8146666666666667,19.883333333333333,2,5.1764362714980825,70.66250196097344,12,6,3,1.2246467991473532e-16,-1.0,-0.7818314824680299,0.6234898018587334,1.0,6.123233995736766e-17,568.0,516.5,408.7291666666667,29.700000000000003,67.1,80.5,49.5,-11.55,2.0309036,0.1,-2.4,21.17777777,18.7,18.966666666666665,18.55,18.816666666666663,21.85,-24.109111106666667,-0.3888889000000013,-0.3813333333333335,-2.433333333333333,-2.4353333333333333,21.62469134555556,-2.548888888888887,3.70391,3.562776,3.6582935,3.5741057,4.042819,0,0.0,1,1.0,-0.45,9.3,90.7
2023-03-19 12:45:00,925.394649416666,0.0,0.0,21.17777777,-2.4353333333333333,21.85,0,5.1764362714980825,70.66250196097344,12,6,3,1.2246467991473532e-16,-1.0,-0.7818314824680299,0.6234898018587334,1.0,6.123233995736766e-17,601.0,551.5,433.0,29.25,67.55,74.25,48.75,-11.475,2.0427234,0.0499999999999999,-2.1,20.98333330666667,19.883333333333333,18.7,18.966666666666665,18.55,22.0,-23.61311110333333,-0.1166666700000007,0.3793333333333333,-2.8146666666666667,-2.4266666666666667,21.38518518333333,-2.5611111111111096,4.042819,3.70391,3.562776,3.6582935,4.0248723,1,1.0,1,0.75,-0.47,9.6,90.4
2023-03-19 13:00:00,448.559556883334,57.966292372222,58.007401894442,20.98333330666667,-2.4266666666666667,22.0,1,5.1764362714980825,70.66250196097344,13,6,3,-0.2588190451025208,-0.9659258262890684,-0.7818314824680299,0.6234898018587334,1.0,6.123233995736766e-17,634.0,584.5,456.3333333333333,28.8,68.0,68.0,48.0,-11.4,2.054015,0.0,-1.8,20.9388889,21.85,19.883333333333333,18.7,18.966666666666665,22.75,-23.40999997333333,-0.1944444633333297,0.0086666666666666,-2.4353333333333333,-1.992,21.15185183888889,-2.5588888888888874,4.0248723,4.042819,3.70391,3.562776,4.151346,0,1.0,1,0.75,-0.51,10.5,89.5
2023-03-19 13:15:00,187.534442755556,98.440784411112,98.484393766668,20.9388889,-1.992,22.75,2,5.1764362714980825,70.66250196097344,13,6,3,-0.2588190451025208,-0.9659258262890684,-0.7818314824680299,0.6234898018587334,1.0,6.123233995736766e-17,665.25,617.0625,482.6041666666667,28.925,67.55,75.25,46.75,-11.55,2.035787,0.0,-1.55,20.983333363333333,22.0,21.85,19.883333333333333,18.7,23.1,-22.9308889,-0.0444444066666704,0.4346666666666667,-2.4266666666666667,-2.032,21.03333332555556,-2.284666666666665,4.151346,4.0248723,4.042819,3.70391,4.2261157,0,1.0,1,0.75,-0.52,10.6,89.4
2023-03-19 13:30:00,103.31086748333,0.0,0.0,20.983333363333333,-2.032,23.1,0,5.1764362714980825,70.66250196097344,13,6,3,-0.2588190451025208,-0.9659258262890684,-0.7818314824680299,0.6234898018587334,1.0,6.123233995736766e-17,696.5,649.1875,511.8125,29.05,67.1,82.5,45.5,-11.7,2.0162044,0.0,-1.3,20.75555555,22.75,22.0,21.85,19.883333333333333,22.9,-23.015333363333333,0.0444444633333347,-0.04,-1.992,-2.0660000000000003,20.968518523333334,-2.1502222222222205,4.2261157,4.151346,4.0248723,4.042819,4.1343904,1,2.0,1,0.5,-0.51,10.4,89.6
2023-03-19 13:45:00,139.497197738886,37.92737176111,37.964036994442,20.75555555,-2.0660000000000003,22.9,1,5.1764362714980825,70.66250196097344,13,6,3,-0.2588190451025208,-0.9659258262890684,-0.7818314824680299,0.6234898018587334,1.0,6.123233995736766e-17,727.75,680.875,543.9583333333334,29.175,66.65,89.75,44.25,-11.85,1.995228,0.0,-1.05,20.56666670666667,23.1,22.75,22.0,21.85,23.65,-22.82155555,-0.2277778133333328,-0.0340000000000002,-2.032,-1.606666666666667,20.892592604444445,-2.029999999999999,4.1343904,4.2261157,4.151346,4.0248723,4.223069,0,1.0,1,0.75,-0.56,11.6,88.4
2023-03-19 14:00:00,216.263571211116,119.5077195,119.553828772222,20.56666670666667,-1.606666666666667,23.65,2,5.1764362714980825,70.66250196097344,14,6,3,-0.4999999999999997,-0.8660254037844388,-0.7818314824680299,0.6234898018587334,1.0,6.123233995736766e-17,759.0,712.125,579.0416666666666,29.3,66.2,97.0,43.0,-12.0,1.9728223,0.0,-0.8,20.6166667,22.9,23.1,22.75,22.0,23.3,-22.17333337333333,-0.1888888433333306,0.4593333333333336,-2.0660000000000003,-1.3393333333333333,20.76851854,-1.901555555555554,4.223069,4.1343904,4.2261157,4.151346,4.172714,0,1.0,1,0.75,-0.6,12.5,87.5
2023-03-19 14:15:00,100.975960700004,0.0,0.0,20.6166667,-1.3393333333333333,23.3,0,5.1764362714980825,70.66250196097344,14,6,3,-0.4999999999999997,-0.8660254037844388,-0.7818314824680299,0.6234898018587334,1.0,6.123233995736766e-17,696.75,720.0,605.5208333333334,28.55,65.95,97.5,42.5,-12.025,1.960051,0.0,-0.7250000000000001,20.44999999,23.65,22.9,23.1,22.75,22.816666666666663,-21.95600003333333,0.0499999933333299,0.2673333333333334,-1.606666666666667,-1.0106666666666666,20.64629631888889,-1.6706666666666654,4.172714,4.223069,4.1343904,4.2261157,4.046634,1,2.0,1,0.5,-0.59,12.3,87.7
2023-03-19 14:30:00,105.34023072222,13.83833536111,13.872222905554,20.44999999,-1.0106666666666666,22.816666666666663,1,5.1764362714980825,70.66250196097344,14,6,3,-0.4999999999999997,-0.8660254037844388,-0.7818314824680299,0.6234898018587334,1.0,6.123233995736766e-17,634.5,704.5,623.3958333333334,27.8,65.7,98.0,42.0,-12.05,1.9470862,0.0,-0.65,20.21111112,23.3,23.65,22.9,23.1,23.3,-21.460666656666664,-0.1666667100000012,0.3286666666666666,-1.3393333333333333,-1.2333333333333334,20.54444446555556,-1.3188888888888874,4.046634,4.172714,4.223069,4.1343904,4.0750995,0,1.0,1,0.75,-0.63,13.3,86.7
2023-03-19 14:45:00,217.981558105558,121.620134966668,121.66457763889,20.21111112,-1.2333333333333334,23.3,2,5.1764362714980825,70.66250196097344,14,6,3,-0.4999999999999997,-0.8660254037844388,-0.7818314824680299,0.6234898018587334,1.0,6.123233995736766e-17,572.25,665.625,632.6666666666666,27.05,65.45,98.5,41.5,-12.075,1.933927,0.0,-0.575,20.13518519333333,22.816666666666663,23.3,23.65,22.9,24.616666666666667,-21.444444453333336,-0.2388888699999967,-0.2226666666666668,-1.0106666666666666,-1.074,20.42592593666667,-1.1944444444444429,4.0750995,4.046634,4.172714,4.223069,4.2863064,0,1.0,1,0.75,-0.68,14.8,85.2
2023-03-19 15:00:00,173.932209116666,62.909705727778,62.949148649998,20.13518519333333,-1.074,24.616666666666667,1,5.1764362714980825,70.66250196097344,15,6,3,-0.7071067811865471,-0.7071067811865479,-0.7818314824680299,0.6234898018587334,1.0,6.123233995736766e-17,510.0,603.375,633.3333333333334,26.3,65.2,99.0,41.0,-12.1,1.9205717,0.0,-0.5,20.14444445,23.3,22.816666666666663,23.3,23.65,25.35,-21.209185193333333,-0.0759259266666703,0.1593333333333333,-1.2333333333333334,-0.81,20.265432101111116,-1.1059999999999983,4.2863064,4.0750995,4.046634,4.172714,4.4163885,0,1.0,1,0.75,-0.69,15.1,84.9
2023-03-19 15:15:00,100.222657583334,0.0,0.0,20.14444445,-0.81,25.35,0,5.1764362714980825,70.66250196097344,15,6,3,-0.7071067811865471,-0.7071067811865479,-0.7818314824680299,0.6234898018587334,1.0,6.123233995736766e-17,471.25,547.0,628.0208333333334,25.725,63.475,99.0,41.5,-11.925,1.9507296,0.0,-0.45,20.2462963,24.616666666666667,23.3,22.816666666666663,23.3,25.316666666666663,-20.95444445,0.0092592566666667,0.264,-1.074,-0.6006666666666667,20.163580254444444,-1.0391111111111098,4.4163885,4.2863064,4.0750995,4.046634,4.436923,1,1.0,1,0.75,-0.69,14.9,85.1
2023-03-19 15:30:00,92.92989390555,0.0,0.0,20.2462963,-0.6006666666666667,25.316666666666663,0,5.1764362714980825,70.66250196097344,15,6,3,-0.7071067811865471,-0.7071067811865479,-0.7818314824680299,0.6234898018587334,1.0,6.123233995736766e-17,432.5,496.5,616.7291666666666,25.15,61.75,99.0,42.0,-11.75,1.9810705,0.0,-0.4,20.16666668,25.35,24.616666666666667,23.3,22.816666666666663,25.35,-20.846962966666663,0.1018518500000027,0.2093333333333333,-0.81,-0.3426666666666667,20.17530864777778,-0.8282222222222207,4.436923,4.4163885,4.2863064,4.0750995,4.422132,0,2.0,0,0.5,-0.66,14.2,85.8
2023-03-19 15:45:00,142.663459966664,52.628728083334,52.667893233332,20.16666668,-0.3426666666666667,25.35,1,5.1764362714980825,70.66250196097344,15,6,3,-0.7071067811865471,-0.7071067811865479,-0.7818314824680299,0.6234898018587334,1.0,6.123233995736766e-17,393.75,451.875,599.4583333333334,24.575,60.025,99.0,42.5,-11.575,2.0115952,0.0,-0.35,20.01111111333333,25.316666666666663,25.35,24.616666666666667,23.3,25.5,-20.509333346666665,-0.0796296200000021,0.2579999999999999,-0.6006666666666667,-0.2553333333333333,20.18580247666667,-0.584444444444443,4.422132,4.436923,4.4163885,4.2863064,4.40799,0,2.0,1,0.5,-0.68,14.7,85.3
2023-03-19 16:00:00,268.60953293889,150.757858311112,150.8039676,20.01111111333333,-0.2553333333333333,25.5,2,5.1764362714980825,70.66250196097344,16,6,3,-0.8660254037844385,-0.5000000000000004,-0.7818314824680299,0.6234898018587334,1.0,6.123233995736766e-17,355.0,413.125,576.2083333333334,24.0,58.3,99.0,43.0,-11.4,2.0423045,0.0,-0.3,20.027777800000003,25.35,25.316666666666663,25.35,24.616666666666667,25.0,-20.266444446666668,-0.1555555666666634,0.0873333333333333,-0.3426666666666667,-0.058,20.141358031111118,-0.3995555555555541,4.40799,4.422132,4.436923,4.4163885,4.325778,0,2.0,1,0.5,-0.71,15.7,84.3
2023-03-19 16:15:00,415.903918777776,35.084707672221995,35.120817344444,20.027777800000003,-0.058,25.0,1,5.1764362714980825,70.66250196097344,16,6,3,-0.8660254037844385,-0.5000000000000004,-0.7818314824680299,0.6234898018587334,1.0,6.123233995736766e-17,342.75,381.0,549.3333333333334,23.95,57.675,99.25,44.5,-11.05,2.1062584,0.0,-0.35,19.84999999,25.5,25.35,25.316666666666663,25.35,23.6,-20.0857778,0.0166666866666673,0.1973333333333333,-0.2553333333333333,-0.0086666666666666,20.068518531111117,-0.2186666666666652,4.325778,4.40799,4.422132,4.436923,4.0412245,0,1.0,1,0.75,-0.71,15.7,84.3
2023-03-19 16:30:00,152.850274644444,41.925267372222,41.965543577776,19.84999999,-0.0086666666666666,23.6,1,5.1764362714980825,70.66250196097344,16,6,3,-0.8660254037844385,-0.5000000000000004,-0.7818314824680299,0.6234898018587334,1.0,6.123233995736766e-17,330.5,355.5,518.8333333333334,23.9,57.05,99.5,46.0,-10.7,2.169744,0.0,-0.4,19.64444445,25.0,25.5,25.35,25.316666666666663,24.6,-19.858666656666667,-0.177777810000002,0.0493333333333333,-0.058,0.1053333333333333,19.96296296777778,-0.1073333333333318,4.0412245,4.325778,4.40799,4.422132,4.161962,0,0.0,0,1.0,-0.76,17.2,82.8
2023-03-19 16:45:00,266.22768388333003,139.6677464,139.727466294442,19.64444445,0.1053333333333333,24.6,2,5.1764362714980825,70.66250196097344,16,6,3,-0.8660254037844385,-0.5000000000000004,-0.7818314824680299,0.6234898018587334,1.0,6.123233995736766e-17,318.25,336.625,484.7083333333333,23.85,56.425,99.75,47.5,-10.35,2.2327628,0.0,-0.45,19.766666686666667,23.6,25.0,25.5,25.35,25.1,-19.539111116666664,-0.2055555400000024,0.114,-0.0086666666666666,0.11,19.84074074666667,0.0128888888888903,4.161962,4.0412245,4.325778,4.40799,4.277128,0,0.0,1,1.0,-0.8,18.6,81.4
2023-03-19 17:00:00,127.240743549998,12.532832033332,12.581718944444,19.766666686666667,0.11,25.1,1,5.1764362714980825,70.66250196097344,17,6,3,-0.9659258262890684,-0.2588190451025206,-0.7818314824680299,0.6234898018587334,1.0,6.123233995736766e-17,306.0,324.375,446.9583333333333,23.8,55.8,100.0,49.0,-10.0,2.2953174,0.0,-0.5,19.64444444,24.6,23.6,25.0,25.5,24.55,-19.656666686666668,0.1222222366666692,0.0046666666666666,0.1053333333333333,0.0346666666666666,19.75370370888889,0.0688888888888903,4.277128,4.161962,4.0412245,4.325778,4.153503,0,0.0,1,1.0,-0.77,17.5,82.5
2023-03-19 17:15:00,147.890195305554,31.404021572222,31.457352755556,19.64444444,0.0346666666666666,24.55,1,5.1764362714980825,70.66250196097344,17,6,3,-0.9659258262890684,-0.2588190451025206,-0.7818314824680299,0.6234898018587334,1.0,6.123233995736766e-17,253.25,302.0,410.0,22.975,55.175,100.0,49.75,-9.95,2.3023782,0.0,-0.675,19.4759259,25.1,24.6,23.6,25.0,25.15,-19.60977777333333,-0.12222224666667,-0.0753333333333333,0.11,-0.0073333333333333,19.68518519222222,0.0833333333333348,4.153503,4.277128,4.161962,4.0412245,4.2130895,0,0.0,0,1.0,-0.8,18.6,81.4
2023-03-19 17:30:00,252.454068133332,135.535411683334,135.60179796111,19.4759259,-0.0073333333333333,25.15,2,5.1764362714980825,70.66250196097344,17,6,3,-0.9659258262890684,-0.2588190451025206,-0.7818314824680299,0.6234898018587334,1.0,6.123233995736766e-17,200.5,269.5,373.8333333333333,22.15,54.55,100.0,50.5,-9.9,2.3088946,0.0,-0.85,19.64999999,24.55,25.1,24.6,23.6,25.4,-19.48325923333333,-0.1685185399999973,-0.0419999999999999,0.0346666666666666,0.0226666666666666,19.62901234222222,0.0457777777777792,4.2130895,4.153503,4.277128,4.161962,4.2987127,0,0.0,1,1.0,-0.84,19.8,80.2
2023-03-19 17:45:00,175.86352084444002,51.94236663889,52.014030488888,19.64999999,0.0226666666666666,25.4,1,5.1764362714980825,70.66250196097344,17,6,3,-0.9659258262890684,-0.2588190451025206,-0.7818314824680299,0.6234898018587334,1.0,6.123233995736766e-17,147.75,226.875,338.4583333333333,21.325,53.925,100.0,51.25,-9.85,2.3148768,0.0,-1.025,19.609259276666663,25.15,24.55,25.1,24.6,24.566666666666663,-19.627333323333332,0.1740740900000013,0.03,-0.0073333333333333,-0.064,19.590123443333336,0.0166666666666681,4.2987127,4.2130895,4.153503,4.277128,4.147743,0,0.0,1,1.0,-0.8,18.4,81.6
2023-03-19 18:00:00,209.55689522222,75.494757855556,75.572532577776,19.609259276666663,-0.064,24.566666666666663,2,5.1764362714980825,70.66250196097344,18,6,3,-1.0,-1.8369701987210294e-16,-0.7818314824680299,0.6234898018587334,1.0,6.123233995736766e-17,95.0,174.125,303.875,20.5,53.3,100.0,52.0,-9.8,2.3203354,0.0,-1.2,19.55555558,25.4,25.15,24.55,25.1,24.8,-19.673259276666663,-0.040740713333335,-0.0866666666666666,0.0226666666666666,-0.0073333333333333,19.57839505555556,-0.0162222222222207,4.147743,4.2987127,4.2130895,4.153503,4.173949,0,0.0,1,1.0,-0.81,18.8,81.2
2023-03-19 18:15:00,285.031375988892,130.666995311112,130.751714155556,19.55555558,-0.0073333333333333,24.8,2,5.1764362714980825,70.66250196097344,18,6,3,-1.0,-1.8369701987210294e-16,-0.7818314824680299,0.6234898018587334,1.0,6.123233995736766e-17,80.0,130.8125,271.2708333333333,19.1,51.05,99.75,53.25,-9.625,2.3514166,0.0,-1.35,19.67037035666667,24.566666666666663,25.4,25.15,24.55,24.166666666666668,-19.56288891333333,-0.0537036966666661,0.0566666666666666,-0.064,-0.2846666666666667,19.604938282222225,-0.0162222222222207,4.173949,4.147743,4.2987127,4.2130895,4.0948772,0,0.0,0,1.0,-0.82,19.2,80.8
2023-03-19 18:30:00,154.041615738894,14.359981111112,14.436644727778,19.67037035666667,-0.2846666666666667,24.166666666666668,1,5.1764362714980825,70.66250196097344,18,6,3,-1.0,-1.8369701987210294e-16,-0.7818314824680299,0.6234898018587334,1.0,6.123233995736766e-17,65.0,96.9375,240.64583333333331,17.7,48.8,99.5,54.5,-9.45,2.3815684,0.0,-1.5,19.50555553,24.8,24.566666666666663,25.4,25.15,23.95,-19.955037023333336,0.1148147766666696,-0.2773333333333333,-0.0073333333333333,-0.402,19.611728404444445,-0.1186666666666651,4.0948772,4.173949,4.147743,4.2987127,4.019061,0,0.0,1,1.0,-0.8,18.4,81.6
2023-03-19 18:45:00,255.5931092,123.099242533332,123.187016805554,19.50555553,-0.402,23.95,2,5.1764362714980825,70.66250196097344,18,6,3,-1.0,-1.8369701987210294e-16,-0.7818314824680299,0.6234898018587334,1.0,6.123233995736766e-17,50.0,72.5,212.0,16.3,46.55,99.25,55.75,-9.275,2.4108057,0.0,-1.65,19.588888923333336,24.166666666666668,24.8,24.566666666666663,25.4,24.75,-19.90755553,-0.1648148266666709,-0.1173333333333333,-0.2846666666666667,-0.448,19.57716048888889,-0.2313333333333318,4.019061,4.0948772,4.173949,4.147743,4.173699,0,0.0,1,1.0,-0.84,19.8,80.2
2023-03-19 19:00:00,185.792290111116,65.552100044444,65.61959736111,19.588888923333336,-0.448,24.75,1,5.1764362714980825,70.66250196097344,19,6,3,-0.9659258262890684,0.2588190451025203,-0.7818314824680299,0.6234898018587334,1.0,6.123233995736766e-17,35.0,57.5,185.33333333333331,14.9,44.3,99.0,57.0,-9.1,2.4391425,0.0,-1.8,19.53333334,23.95,24.166666666666668,24.8,24.566666666666663,24.2,-20.036888923333336,0.0833333933333371,-0.0459999999999999,-0.402,-0.504,19.588271603333336,-0.3782222222222207,4.173699,4.019061,4.0948772,4.173949,4.0676503,0,0.0,1,1.0,-0.81,19.0,81.0
2023-03-19 19:15:00,153.76968221667,31.368745183334,31.420687555556,19.53333334,-0.504,24.2,1,5.1764362714980825,70.66250196097344,19,6,3,-0.9659258262890684,0.2588190451025203,-0.7818314824680299,0.6234898018587334,1.0,6.123233995736766e-17,26.5,44.125,158.97916666666666,15.625,42.5,99.0,58.25,-8.95,2.4752464,0.0,-1.9,19.3648148,24.75,23.95,24.166666666666668,24.8,24.65,-20.037333340000004,-0.0555555833333336,-0.0559999999999999,-0.448,-0.548,19.54259259777778,-0.4513333333333318,4.0676503,4.173699,4.019061,4.0948772,4.1024284,0,0.0,0,1.0,-0.83,19.5,80.5
2023-03-19 19:30:00,213.24147008333,100.730970583334,100.790690477776,19.3648148,-0.548,24.65,2,5.1764362714980825,70.66250196097344,19,6,3,-0.9659258262890684,0.2588190451025203,-0.7818314824680299,0.6234898018587334,1.0,6.123233995736766e-17,18.0,32.375,132.9375,16.35,40.7,99.0,59.5,-8.8,2.5107124,0.0,-2.0,19.40000001,24.2,24.75,23.95,24.166666666666668,25.0,-19.9128148,-0.1685185400000044,-0.044,-0.504,-0.5386666666666666,19.495679021111112,-0.4999999999999985,4.1024284,4.0676503,4.173699,4.019061,4.1693006,0,0.0,1,1.0,-0.87,20.8,79.2
2023-03-19 19:45:00,246.70124263889,129.633147816666,129.705367144444,19.40000001,-0.5386666666666666,25.0,2,5.1764362714980825,70.66250196097344,19,6,3,-0.9659258262890684,0.2588190451025203,-0.7818314824680299,0.6234898018587334,1.0,6.123233995736766e-17,9.499999999999996,22.25,107.20833333333331,17.075,38.9,99.0,60.75,-8.65,2.5455477,0.0,-2.1,19.472222206666668,24.65,24.2,24.75,23.95,24.816666666666663,-19.938666676666667,0.0351852100000016,0.0093333333333334,-0.548,-0.634,19.43271605,-0.5302222222222207,4.1693006,4.1024284,4.0676503,4.173699,4.156344,0,0.0,0,1.0,-0.86,20.5,79.5
2023-03-19 20:00:00,141.566837116666,0.0,0.0,19.472222206666668,-0.634,24.816666666666663,0,5.1764362714980825,70.66250196097344,20,6,3,-0.8660254037844386,0.5000000000000001,-0.7818314824680299,0.6234898018587334,1.0,6.123233995736766e-17,1.0,13.75,81.79166666666667,17.8,37.1,99.0,62.0,-8.5,2.5797577,0.0,-2.2,19.33333333,25.0,24.65,24.2,24.75,24.95,-20.10622220666667,0.0722221966666687,-0.0953333333333333,-0.5386666666666666,-0.6193333333333334,19.412345672222227,-0.5735555555555542,4.156344,4.1693006,4.1024284,4.0676503,4.144669,1,1.0,1,0.75,-0.84,19.9,80.1
2023-03-19 20:15:00,485.483913233332,89.243652327778,89.28031756111,19.33333333,-0.6193333333333334,24.95,2,5.1764362714980825,70.66250196097344,20,6,3,-0.8660254037844386,0.5000000000000001,-0.7818314824680299,0.6234898018587334,1.0,6.123233995736766e-17,0.75,7.312499999999999,60.75,17.25,37.0,83.0,63.0,-8.625,2.5576458,0.0,-2.5500000000000003,19.41111111,24.816666666666663,25.0,24.65,24.2,25.933333333333334,-19.952666663333336,-0.138888876666666,0.0146666666666666,-0.634,-0.6793333333333333,19.40185184888889,-0.5973333333333318,4.144669,4.156344,4.1693006,4.1024284,4.3277826,0,1.0,1,0.75,-0.87,21.0,79.0
2023-03-19 20:30:00,257.274986488884,69.451666272222,69.497220033332,19.41111111,-0.6793333333333333,25.933333333333334,1,5.1764362714980825,70.66250196097344,20,6,3,-0.8660254037844386,0.5000000000000001,-0.7818314824680299,0.6234898018587334,1.0,6.123233995736766e-17,0.5,2.937499999999999,44.083333333333336,16.7,36.900000000000006,67.0,64.0,-8.75,2.5348976,0.0,-2.9000000000000004,19.46666665,24.95,24.816666666666663,25.0,24.65,26.0,-20.09044444333333,0.0777777799999981,-0.0599999999999999,-0.6193333333333334,-0.8353333333333333,19.405555548888888,-0.6442222222222208,4.3277826,4.144669,4.156344,4.1693006,4.3531075,0,1.0,1,0.75,-0.85,20.2,79.8
2023-03-19 20:45:00,112.91242765556,0.0,0.0,19.46666665,-0.8353333333333333,26.0,0,5.1764362714980825,70.66250196097344,20,6,3,-0.8660254037844386,0.5000000000000001,-0.7818314824680299,0.6234898018587334,1.0,6.123233995736766e-17,0.25,0.625,31.791666666666668,16.15,36.8,51.0,65.0,-8.875,2.5115528,0.0,-3.25,19.29999997,25.933333333333334,24.95,24.816666666666663,25.0,26.0,-20.30199998333333,0.0555555399999967,-0.1559999999999999,-0.6793333333333333,-0.972,19.403703696666668,-0.7113333333333318,4.3531075,4.3277826,4.144669,4.156344,4.3106265,1,2.0,1,0.5,-0.84,19.7,80.3
2023-03-19 21:00:00,438.158028677772,66.00958174444399,66.061246411108,19.29999997,-0.972,26.0,1,5.1764362714980825,70.66250196097344,21,6,3,-0.7071067811865477,0.7071067811865474,-0.7818314824680299,0.6234898018587334,1.0,6.123233995736766e-17,0.0,0.375,23.875,15.6,36.7,35.0,66.0,-9.0,2.4876492,0.0,-3.6,19.27777778,26.0,25.933333333333334,24.95,24.816666666666663,26.0,-20.27199997,-0.1666666799999987,-0.1366666666666667,-0.8353333333333333,-1.056,19.39259257666667,-0.8288888888888873,4.3106265,4.3531075,4.3277826,4.144669,4.30499,0,1.0,1,0.75,-0.87,21.1,78.9
2023-03-19 21:15:00,247.03400716111,155.509334911112,155.563221688888,19.27777778,-1.056,26.0,2,5.1764362714980825,70.66250196097344,21,6,3,-0.7071067811865477,0.7071067811865474,-0.7818314824680299,0.6234898018587334,1.0,6.123233995736766e-17,0.0,0.1875,17.208333333333332,15.85,36.175,27.5,66.25,-9.0,2.4926398,0.0,-3.625,19.474074066666667,26.0,26.0,25.933333333333334,24.95,25.816666666666663,-20.33377778,-0.0222221899999972,-0.084,-0.972,-1.06,19.348148133333336,-0.954444444444443,4.30499,4.3106265,4.3531075,4.3277826,4.3242974,0,1.0,1,0.75,-0.88,21.3,78.7
2023-03-19 21:30:00,178.201760544444,66.830382227778,66.870380677776,19.474074066666667,-1.06,25.816666666666663,1,5.1764362714980825,70.66250196097344,21,6,3,-0.7071067811865477,0.7071067811865474,-0.7818314824680299,0.6234898018587334,1.0,6.123233995736766e-17,0.0,0.0625,11.791666666666666,16.1,35.650000000000006,20.0,66.5,-9.0,2.4976044,0.0,-3.65,19.42222224,26.0,26.0,26.0,25.933333333333334,25.5,-20.534074066666665,0.1962962866666657,-0.004,-1.056,-1.0766666666666669,19.350617272222223,-1.029333333333332,4.3242974,4.30499,4.3106265,4.3531075,4.2582498,0,1.0,1,0.75,-0.83,19.7,80.3
2023-03-19 21:45:00,109.487564855552,0.0,0.0,19.42222224,-1.0766666666666669,25.5,0,5.1764362714980825,70.66250196097344,21,6,3,-0.7071067811865477,0.7071067811865474,-0.7818314824680299,0.6234898018587334,1.0,6.123233995736766e-17,0.0,0.0,7.625,16.35,35.125,12.5,66.75,-9.0,2.5025423,0.0,-3.675,19.21296296333333,25.816666666666663,26.0,26.0,26.0,25.5,-20.498888906666668,-0.0518518266666667,-0.0166666666666668,-1.06,-1.1073333333333333,19.39135802888889,-1.0642222222222208,4.2582498,4.3242974,4.30499,4.3106265,4.2061124,1,1.0,1,0.75,-0.85,20.2,79.8
2023-03-19 22:00:00,234.0948025,129.280939688888,129.343714977776,19.21296296333333,-1.1073333333333333,25.5,2,5.1764362714980825,70.66250196097344,22,6,3,-0.5000000000000004,0.8660254037844384,-0.7818314824680299,0.6234898018587334,1.0,6.123233995736766e-17,0.0,0.0,4.708333333333333,16.6,34.6,5.0,67.0,-9.0,2.507454,0.0,-3.7,19.29999999,25.5,25.816666666666663,26.0,26.0,25.5,-20.320296296666665,-0.2092592766666676,-0.0306666666666663,-1.0766666666666669,-1.038,19.36975309,-1.081333333333332,4.2061124,4.2582498,4.3242974,4.30499,4.2277303,0,1.0,1,0.75,-0.9,21.9,78.1
2023-03-19 22:15:00,286.120499205554,170.987604655556,171.054824233332,19.29999999,-1.038,25.5,2,5.1764362714980825,70.66250196097344,22,6,3,-0.5000000000000004,0.8660254037844384,-0.7818314824680299,0.6234898018587334,1.0,6.123233995736766e-17,0.0,0.0,2.5,16.35,34.675,3.75,67.25,-8.975,2.5123394,0.0,-3.725,19.50925927333333,25.5,25.5,25.816666666666663,26.0,25.316666666666663,-20.33799999,0.0870370266666675,0.0693333333333332,-1.1073333333333333,-1.1266666666666667,19.31172839777778,-1.0739999999999987,4.2277303,4.2061124,4.2582498,4.3242974,4.2493286,0,1.0,0,0.75,-0.88,21.2,78.8
2023-03-19 22:30:00,145.69583851667,70.004144172222,70.02497670555401,19.50925927333333,-1.1266666666666667,25.316666666666663,1,5.1764362714980825,70.66250196097344,22,6,3,-0.5000000000000004,0.8660254037844384,-0.7818314824680299,0.6234898018587334,1.0,6.123233995736766e-17,0.0,0.0,0.9999999999999996,16.1,34.75,2.5,67.5,-8.95,2.5171983,0.0,-3.75,19.37777777,25.5,25.5,25.5,25.816666666666663,24.7,-20.63592594,0.2092592833333348,-0.0886666666666666,-1.038,-1.252,19.340740742222224,-1.0906666666666651,4.2493286,4.2277303,4.2061124,4.2582498,4.113887,0,1.0,1,0.75,-0.83,19.5,80.5
2023-03-19 22:45:00,108.010679466664,43.224382088888,43.23327068333,19.37777777,-1.252,24.7,1,5.1764362714980825,70.66250196097344,22,6,3,-0.5000000000000004,0.8660254037844384,-0.7818314824680299,0.6234898018587334,1.0,6.123233995736766e-17,0.0,0.0,0.2083333333333333,15.85,34.825,1.25,67.75,-8.925,2.522031,0.0,-3.775,19.146296300000003,25.316666666666663,25.5,25.5,25.5,24.966666666666665,-20.62977777,-0.1314815033333332,-0.1253333333333333,-1.1266666666666667,-1.2513333333333334,19.395679011111117,-1.1388888888888875,4.113887,4.2493286,4.2277303,4.2061124,4.1019917,0,0.0,0,1.0,-0.86,20.7,79.3
2023-03-19 23:00:00,214.322537988884,151.217839944444,151.237561405554,19.146296300000003,-1.2513333333333334,24.966666666666665,2,5.1764362714980825,70.66250196097344,23,6,3,-0.2588190451025215,0.965925826289068,-0.7818314824680299,0.6234898018587334,1.0,6.123233995736766e-17,0.0,0.0,0.125,15.6,34.9,0.0,68.0,-8.9,2.5268376,0.0,-3.8,19.38333332,24.7,25.316666666666663,25.5,25.5,24.9,-20.397629633333334,-0.2314814699999985,0.0006666666666665,-1.252,-1.126,19.34444444777778,-1.2099999999999984,4.1019917,4.113887,4.2493286,4.2277303,4.148553,0,0.0,1,1.0,-0.91,22.6,77.4
2023-03-19 23:15:00,174.88217114999802,131.701398383334,131.720564333332,19.38333332,-1.126,24.9,2,5.1764362714980825,70.66250196097344,23,6,3,-0.2588190451025215,0.965925826289068,-0.7818314824680299,0.6234898018587334,1.0,6.123233995736766e-17,0.0,0.0,0.0625,15.075,34.275,0.0,68.25,-8.9,2.5226216,0.0,-3.875,19.52962963333333,24.966666666666665,24.7,25.316666666666663,25.5,24.066666666666663,-20.509333320000003,0.2370370199999989,0.1253333333333333,-1.2513333333333334,-0.4473333333333333,19.30246913,-1.2097777777777765,4.148553,4.1019917,4.113887,4.2493286,4.044358,0,0.0,0,1.0,-0.86,20.6,79.4
2023-03-19 23:30:00,102.811165288884,61.870302872222,61.882246911108005,19.52962963333333,-0.4473333333333333,24.066666666666663,1,5.1764362714980825,70.66250196097344,23,6,3,-0.2588190451025215,0.965925826289068,-0.7818314824680299,0.6234898018587334,1.0,6.123233995736766e-17,0.0,0.0,0.0208333333333333,14.55,33.65,0.0,68.5,-8.9,2.5183702,0.0,-3.95,19.35555553,24.9,24.966666666666665,24.7,25.316666666666663,24.35,-19.976962966666665,0.1462963133333303,0.6786666666666668,-1.126,-0.4913333333333333,19.353086417777774,-0.941555555555554,4.044358,4.148553,4.1019917,4.113887,4.0502915,0,0.0,1,1.0,-0.83,19.6,80.4
2023-03-19 23:45:00,220.854498833332,159.950546172222,159.971378688888,19.35555553,-0.4913333333333333,24.35,2,5.1764362714980825,70.66250196097344,23,6,3,-0.2588190451025215,0.965925826289068,-0.7818314824680299,0.6234898018587334,1.0,6.123233995736766e-17,0.0,0.0,0.0,14.025,33.025,0.0,68.75,-8.9,2.5140834,0.0,-4.025,19.601851866666667,24.066666666666663,24.9,24.966666666666665,24.7,24.133333333333333,-19.846888863333334,-0.1740741033333321,-0.044,-0.4473333333333333,-0.8393333333333334,19.42283949444445,-0.6882222222222207,4.0502915,4.044358,4.148553,4.1019917,4.0728083,0,0.0,1,1.0,-0.87,21.0,79.0
2023-03-20 00:00:00,111.878302472222,74.65729137222199,74.670624205554,19.601851866666667,-0.8393333333333334,24.133333333333333,2,5.1764362714980825,70.66250196097344,0,0,3,0.0,1.0,0.0,1.0,1.0,6.123233995736766e-17,0.0,0.0,0.0,13.5,32.4,0.0,69.0,-8.9,2.509762,0.0,-4.1,19.51666663,24.35,24.066666666666663,24.9,24.966666666666665,23.55,-20.4411852,0.246296336666667,-0.348,-0.4913333333333333,-0.3753333333333333,19.49567901,-0.5926666666666652,4.0728083,4.0502915,4.044358,4.148553,3.954519,0,0.0,0,1.0,-0.81,19.0,81.0
2023-03-20 00:15:00,126.458552605554,86.021558983334,86.031280827778,19.51666663,-0.3753333333333333,23.55,2,5.1764362714980825,70.66250196097344,0,0,3,0.0,1.0,0.0,1.0,1.0,6.123233995736766e-17,0.0,0.0,0.0,13.375,31.225,0.0,69.75,-8.925,2.5100143,0.0,-4.25,19.40185183,24.133333333333333,24.35,24.066666666666663,24.9,23.78333333333333,-19.891999963333333,-0.0851852366666676,0.464,-0.8393333333333334,0.2806666666666667,19.49135800888889,-0.5686666666666652,3.954519,4.0728083,4.0502915,4.044358,3.9668264,0,0.0,0,1.0,-0.84,19.8,80.2
2023-03-20 00:30:00,213.170639516666,166.804716394446,166.821104672222,19.40185183,0.2806666666666667,23.78333333333333,2,5.1764362714980825,70.66250196097344,0,0,3,0.0,1.0,0.0,1.0,1.0,6.123233995736766e-17,0.0,0.0,0.0,13.25,30.05,0.0,70.5,-8.95,2.5099413,0.0,-4.4,19.68333335,23.55,24.133333333333333,24.35,24.066666666666663,23.45,-19.121185163333333,-0.1148148000000013,0.656,-0.3753333333333333,0.4366666666666666,19.50679010888889,-0.3113333333333318,3.9668264,3.954519,4.0728083,4.0502915,3.9764678,0,0.0,0,1.0,-0.86,20.7,79.3
2023-03-20 00:45:00,123.229792827778,66.71816451666601,66.727330866664,19.68333335,0.4366666666666666,23.45,1,5.1764362714980825,70.66250196097344,0,0,3,0.0,1.0,0.0,1.0,1.0,6.123233995736766e-17,0.0,0.0,0.0,13.125,28.875,0.0,71.25,-8.975,2.5095499,0.0,-4.55,19.55185186,23.78333333333333,23.55,24.133333333333333,24.35,23.03333333333333,-19.24666668333333,0.2814815200000033,0.1559999999999999,0.2806666666666667,0.47,19.53395060333333,0.1140000000000014,3.9764678,3.9668264,3.954519,4.0728083,3.8757668,0,0.0,1,1.0,-0.8,18.5,81.5
2023-03-20 01:00:00,136.761751611108,93.235437116666,93.25071432222,19.55185186,0.47,23.03333333333333,2,5.1764362714980825,70.66250196097344,1,0,3,0.2588190451025207,0.9659258262890684,0.0,1.0,1.0,6.123233995736766e-17,0.0,0.0,0.0,13.0,27.7,0.0,72.0,-9.0,2.508846,0.0,-4.7,19.4,23.45,23.78333333333333,23.55,24.133333333333333,23.3,-19.08185186,-0.1314814900000023,0.0333333333333333,0.4366666666666666,-0.5746666666666668,19.54567901333333,0.3957777777777793,3.8757668,3.9764678,3.9668264,3.954519,3.8857875,0,0.0,1,1.0,-0.83,19.6,80.4
2023-03-20 01:15:00,205.13179448333,168.168828544444,168.192160944444,19.4,-0.5746666666666668,23.3,2,5.1764362714980825,70.66250196097344,1,0,3,0.2588190451025207,0.9659258262890684,0.0,1.0,1.0,6.123233995736766e-17,0.0,0.0,0.0,13.4,27.875,0.0,71.75,-9.025,2.5001347,0.0,-4.7,19.688888916666667,23.03333333333333,23.45,23.78333333333333,23.55,22.85,-19.974666666666664,-0.1518518600000007,-1.0446666666666666,0.47,-0.6073333333333333,19.545061736666668,0.110666666666668,3.8857875,3.8757668,3.9764678,3.9668264,3.875988,0,0.0,0,1.0,-0.87,20.8,79.2
2023-03-20 01:30:00,98.857156772218,58.0885097,58.100175949998,19.688888916666667,-0.6073333333333333,22.85,1,5.1764362714980825,70.66250196097344,1,0,3,0.2588190451025207,0.9659258262890684,0.0,1.0,1.0,6.123233995736766e-17,0.0,0.0,0.0,13.8,28.05,0.0,71.5,-9.05,2.4914236,0.0,-4.7,19.52777776,23.3,23.03333333333333,23.45,23.78333333333333,22.5,-20.29622225,0.2888889166666679,-0.0326666666666665,-0.5746666666666668,-0.822,19.54691359222222,-0.2373333333333318,3.875988,3.8857875,3.8757668,3.9764678,3.7806718,0,0.0,1,1.0,-0.8,18.6,81.4
2023-03-20 01:45:00,122.758978411108,88.805614283334,88.821447033332,19.52777776,-0.822,22.5,2,5.1764362714980825,70.66250196097344,1,0,3,0.2588190451025207,0.9659258262890684,0.0,1.0,1.0,6.123233995736766e-17,0.0,0.0,0.0,14.2,28.225,0.0,71.25,-9.075,2.4827123,0.0,-4.7,19.309259256666667,22.85,23.3,23.03333333333333,23.45,22.683333333333334,-20.34977776,-0.1611111566666672,-0.2146666666666666,-0.6073333333333333,-0.734,19.53888889222222,-0.6679999999999985,3.7806718,3.875988,3.8857875,3.8757668,3.762796,0,0.0,1,1.0,-0.84,19.9,80.1
2023-03-20 02:00:00,211.48598463889,164.384813211112,164.41009,19.309259256666667,-0.734,22.683333333333334,2,5.1764362714980825,70.66250196097344,2,0,3,0.4999999999999999,0.8660254037844387,0.0,1.0,1.0,6.123233995736766e-17,0.0,0.0,0.0,14.6,28.4,0.0,71.0,-9.1,2.474001,0.0,-4.7,19.57222223,22.5,22.85,23.3,23.03333333333333,22.95,-20.043259256666666,-0.2185185033333319,0.0879999999999999,-0.822,-0.8859999999999999,19.50864197777778,-0.7211111111111096,3.762796,3.7806718,3.875988,3.8857875,3.8663697,0,0.0,0,1.0,-0.89,21.7,78.3
2023-03-20 02:15:00,153.879122322224,109.1756328,109.19202106111,19.57222223,-0.8859999999999999,22.95,2,5.1764362714980825,70.66250196097344,2,0,3,0.4999999999999999,0.8660254037844387,0.0,1.0,1.0,6.123233995736766e-17,0.0,0.0,0.0,15.025,29.575,0.0,70.0,-9.125,2.4699416,0.0,-4.525,19.59629629,22.683333333333334,22.5,22.85,23.3,22.53333333333333,-20.45822223,0.2629629733333338,-0.1519999999999999,-0.734,-0.0426666666666666,19.469753082222223,-0.8139999999999984,3.8663697,3.762796,3.7806718,3.875988,3.8015475,0,0.0,0,1.0,-0.83,19.5,80.5
2023-03-20 02:30:00,107.339039583334,76.624157127778,76.639434333332,19.59629629,-0.0426666666666666,22.53333333333333,2,5.1764362714980825,70.66250196097344,2,0,3,0.4999999999999999,0.8660254037844387,0.0,1.0,1.0,6.123233995736766e-17,0.0,0.0,0.0,15.45,30.75,0.0,69.0,-9.15,2.4653394,0.0,-4.35,19.41666668,22.95,22.683333333333334,22.5,22.85,22.5,-19.638962956666667,0.0240740600000002,0.8433333333333333,-0.8859999999999999,-0.422,19.492592592222227,-0.5542222222222207,3.8015475,3.8663697,3.762796,3.7806718,3.7560515,0,0.0,0,1.0,-0.82,19.3,80.7
2023-03-20 02:45:00,198.211515788884,167.50079970000002,167.526076488888,19.41666668,-0.422,22.5,2,5.1764362714980825,70.66250196097344,2,0,3,0.4999999999999999,0.8660254037844387,0.0,1.0,1.0,6.123233995736766e-17,0.0,0.0,0.0,15.875,31.925,0.0,68.0,-9.175,2.4601827,0.0,-4.175,19.688888916666667,22.53333333333333,22.95,22.683333333333334,22.5,22.316666666666663,-19.83866668,-0.1796296100000027,-0.3793333333333333,-0.0426666666666666,-0.038,19.52839506666667,-0.4502222222222207,3.7560515,3.8015475,3.8663697,3.762796,3.7855203,0,0.0,0,1.0,-0.87,20.8,79.2
2023-03-20 03:00:00,113.522403388888,64.532418566668,64.545473644444,19.688888916666667,-0.038,22.316666666666663,1,5.1764362714980825,70.66250196097344,3,0,3,0.7071067811865476,0.7071067811865476,0.0,1.0,1.0,6.123233995736766e-17,0.0,0.0,0.0,16.3,33.1,0.0,67.0,-9.2,2.45446,0.0,-4.0,19.53888887,22.5,22.53333333333333,22.95,22.683333333333334,22.05,-19.726888916666667,0.2722222366666678,0.384,-0.422,0.1733333333333333,19.567283962222223,-0.1675555555555541,3.7855203,3.7560515,3.8015475,3.8663697,3.7074785,0,0.0,1,1.0,-0.8,18.7,81.3
2023-03-20 03:15:00,148.357398866664,103.445584211112,103.462805788888,19.53888887,0.1733333333333333,22.05,2,5.1764362714980825,70.66250196097344,3,0,3,0.7071067811865476,0.7071067811865476,0.0,1.0,1.0,6.123233995736766e-17,0.0,0.0,0.0,16.225,33.2,0.0,66.75,-9.2,2.4540322,0.0,-3.95,19.453703723333334,22.316666666666663,22.5,22.53333333333333,22.95,22.466666666666665,-19.36555553666667,-0.1500000466666655,0.2113333333333333,-0.038,-0.048,19.548148155555555,-0.095555555555554,3.7074785,3.7855203,3.7560515,3.8015475,3.758666,0,0.0,1,1.0,-0.84,19.9,80.1
2023-03-20 03:30:00,204.301272022224,173.016412416666,173.041133644444,19.453703723333334,-0.048,22.466666666666665,2,5.1764362714980825,70.66250196097344,3,0,3,0.7071067811865476,0.7071067811865476,0.0,1.0,1.0,6.123233995736766e-17,0.0,0.0,0.0,16.15,33.3,0.0,66.5,-9.2,2.4535663,0.0,-3.9,19.63888889,22.05,22.316666666666663,22.5,22.53333333333333,22.15,-19.50170372333333,-0.0851851466666673,-0.2213333333333333,0.1733333333333333,0.1086666666666666,19.560493836666662,0.0291111111111125,3.758666,3.7074785,3.7855203,3.7560515,3.7462358,0,0.0,0,1.0,-0.86,20.5,79.5
2023-03-20 03:45:00,64.302427916662,25.503424272222,25.512035094442,19.63888889,0.1086666666666666,22.15,1,5.1764362714980825,70.66250196097344,3,0,3,0.7071067811865476,0.7071067811865476,0.0,1.0,1.0,6.123233995736766e-17,0.0,0.0,0.0,16.075,33.4,0.0,66.25,-9.2,2.4530618,0.0,-3.85,19.39074073333333,22.466666666666665,22.05,22.316666666666663,22.5,22.183333333333334,-19.53022222333333,0.1851851666666633,0.1566666666666666,-0.048,0.0113333333333333,19.54382716111111,0.0780000000000014,3.7462358,3.758666,3.7074785,3.7855203,3.6975439,0,0.0,1,1.0,-0.82,19.1,80.9
2023-03-20 04:00:00,427.836774694446,138.802780966668,138.826391172222,19.39074073333333,0.0113333333333333,22.183333333333334,2,5.1764362714980825,70.66250196097344,4,0,3,0.8660254037844386,0.5000000000000001,0.0,1.0,1.0,6.123233995736766e-17,0.0,0.0,0.0,16.0,33.5,0.0,66.0,-9.2,2.452519,0.0,-3.8,19.511111130000003,22.15,22.466666666666665,22.05,22.316666666666663,22.45,-19.3794074,-0.2481481566666623,-0.0973333333333333,0.1086666666666666,0.2326666666666667,19.49444444888889,0.0240000000000014,3.6975439,3.7462358,3.758666,3.7074785,3.7685761,0,0.0,1,1.0,-0.87,21.1,78.9
2023-03-20 04:15:00,201.868036088888,156.183474627778,156.205418183334,19.511111130000003,0.2326666666666667,22.45,2,5.1764362714980825,70.66250196097344,4,0,3,0.8660254037844386,0.5000000000000001,0.0,1.0,1.0,6.123233995736766e-17,0.0,0.0,0.0,15.625,33.225,0.0,66.25,-9.225,2.4530618,0.0,-3.85,19.68148151333333,22.183333333333334,22.15,22.466666666666665,22.05,22.03333333333333,-19.278444463333337,0.1203703966666687,0.2213333333333333,0.0113333333333333,0.4846666666666667,19.51358025111111,0.117555555555557,3.7685761,3.6975439,3.7462358,3.758666,3.7358346,0,0.0,0,1.0,-0.84,20.0,80.0
2023-03-20 04:30:00,82.98223619444201,36.9585216,36.96546582222,19.68148151333333,0.4846666666666667,22.03333333333333,1,5.1764362714980825,70.66250196097344,4,0,3,0.8660254037844386,0.5000000000000001,0.0,1.0,1.0,6.123233995736766e-17,0.0,0.0,0.0,15.25,32.95,0.0,66.5,-9.25,2.4535663,0.0,-3.9,19.3777778,22.45,22.183333333333334,22.15,22.466666666666665,22.35,-19.196814846666665,0.1703703833333278,0.252,0.2326666666666667,0.4133333333333333,19.527777792222224,0.2428888888888903,3.7358346,3.7685761,3.6975439,3.7462358,3.7224844,0,0.0,1,1.0,-0.81,18.8,81.2
2023-03-20 04:45:00,184.434844627774,145.901385927778,145.921385144444,19.3777778,0.4133333333333333,22.35,2,5.1764362714980825,70.66250196097344,4,0,3,0.8660254037844386,0.5000000000000001,0.0,1.0,1.0,6.123233995736766e-17,0.0,0.0,0.0,14.875,32.675,0.0,66.75,-9.275,2.4540322,0.0,-3.95,19.53518515333333,22.03333333333333,22.45,22.183333333333334,22.15,22.316666666666663,-18.964444466666667,-0.3037037133333307,-0.0713333333333333,0.4846666666666667,0.1186666666666666,19.523456814444447,0.3768888888888904,3.7224844,3.7358346,3.7685761,3.6975439,3.751499,0,0.0,1,1.0,-0.88,21.2,78.8
2023-03-20 05:00:00,143.687307744448,112.363005316666,112.38022686111,19.53518515333333,0.1186666666666666,22.316666666666663,2,5.1764362714980825,70.66250196097344,5,0,3,0.9659258262890684,0.2588190451025207,0.0,1.0,1.0,6.123233995736766e-17,0.0,0.0,0.0,14.5,32.4,0.0,67.0,-9.3,2.45446,0.0,-4.0,19.5777778,22.35,22.03333333333333,22.45,22.183333333333334,22.05,-19.416518486666668,0.1574073533333333,-0.2946666666666666,0.4133333333333333,0.026,19.53148148888889,0.3388888888888903,3.751499,3.7224844,3.7358346,3.7685761,3.7159598,0,0.0,0,1.0,-0.84,19.9,80.1
2023-03-20 05:15:00,100.981794016662,66.491229144444,66.50456201110799,19.5777778,0.026,22.05,1,5.1764362714980825,70.66250196097344,5,0,3,0.9659258262890684,0.2588190451025207,0.0,1.0,1.0,6.123233995736766e-17,0.0,0.0,0.0,14.5,31.675,0.0,67.0,-9.325,2.4457238,0.0,-4.05,19.337037056666667,22.316666666666663,22.35,22.03333333333333,22.45,22.466666666666665,-19.5517778,0.0425926466666659,-0.0926666666666666,0.1186666666666666,0.36,19.49691358444445,0.1860000000000015,3.7159598,3.751499,3.7224844,3.7358346,3.7329538,0,0.0,1,1.0,-0.83,19.6,80.4
2023-03-20 05:30:00,215.672483772226,159.3427927,159.364180711112,19.337037056666667,0.36,22.466666666666665,2,5.1764362714980825,70.66250196097344,5,0,3,0.9659258262890684,0.2588190451025207,0.0,1.0,1.0,6.123233995736766e-17,0.0,0.0,0.0,14.5,30.95,0.0,67.0,-9.35,2.4370153,0.0,-4.1,19.57222225,22.05,22.316666666666663,22.35,22.03333333333333,22.15,-18.977037056666667,-0.2407407433333332,0.334,0.026,0.1973333333333333,19.483333336666668,0.1682222222222237,3.7329538,3.7159598,3.751499,3.7224844,3.7315938,0,0.0,1,1.0,-0.88,21.5,78.5
2023-03-20 05:45:00,102.187579099996,68.412818944444,68.426707338886,19.57222225,0.1973333333333333,22.15,1,5.1764362714980825,70.66250196097344,5,0,3,0.9659258262890684,0.2588190451025207,0.0,1.0,1.0,6.123233995736766e-17,0.0,0.0,0.0,14.5,30.225,0.0,67.0,-9.375,2.428334,0.0,-4.15,19.461111146666667,22.466666666666665,22.05,22.316666666666663,22.35,22.0,-19.374888916666663,0.2351851933333328,-0.1626666666666667,0.36,0.296,19.495679035555558,0.1944444444444459,3.7315938,3.7329538,3.7159598,3.751499,3.6821961,0,0.0,1,1.0,-0.83,19.6,80.4
2023-03-20 06:00:00,130.740048072218,100.359318783334,100.377095905554,19.461111146666667,0.296,22.0,2,5.1764362714980825,70.66250196097344,6,0,3,1.0,6.123233995736766e-17,0.0,1.0,1.0,6.123233995736766e-17,0.0,0.0,0.0,14.5,29.5,0.0,67.0,-9.4,2.41968,0.0,-4.2,19.34444443,22.15,22.466666666666665,22.05,22.316666666666663,22.3,-19.165111146666668,-0.1111111033333323,0.0986666666666667,0.1973333333333333,0.3246666666666666,19.45679015111111,0.2844444444444459,3.6821961,3.7315938,3.7329538,3.7159598,3.7068772,0,0.0,1,1.0,-0.86,20.5,79.5
2023-03-20 06:15:00,212.18290126111,171.081767572222,171.105933255556,19.34444443,0.3246666666666666,22.3,2,5.1764362714980825,70.66250196097344,6,0,3,1.0,6.123233995736766e-17,0.0,1.0,1.0,6.123233995736766e-17,0.0,0.0,0.0,14.4,29.325,0.0,67.25,-9.45,2.4114177,0.0,-4.3,19.57222223,22.0,22.15,22.466666666666665,22.05,21.85,-19.01977776333333,-0.1166667166666677,0.0286666666666666,0.296,0.2933333333333333,19.45925927555556,0.2726666666666681,3.7068772,3.6821961,3.7315938,3.7329538,3.6810534,0,0.0,0,1.0,-0.88,21.5,78.5
2023-03-20 06:30:00,75.063941838886,37.81154306111,37.821542711108,19.57222223,0.2933333333333333,21.85,1,5.1764362714980825,70.66250196097344,6,0,3,1.0,6.123233995736766e-17,0.0,1.0,1.0,6.123233995736766e-17,0.0,0.0,0.0,14.3,29.15,0.0,67.5,-9.5,2.4031355,0.0,-4.4,19.36111114,22.3,22.0,22.15,22.466666666666665,21.9,-19.27888889666667,0.2277778000000019,-0.0313333333333333,0.3246666666666666,0.474,19.45925926888889,0.3046666666666681,3.6810534,3.7068772,3.6821961,3.7315938,3.6439588,0,0.0,1,1.0,-0.83,19.7,80.3
2023-03-20 06:45:00,171.40119934444,127.039084916666,127.05936192222,19.36111114,0.474,21.9,2,5.1764362714980825,70.66250196097344,6,0,3,1.0,6.123233995736766e-17,0.0,1.0,1.0,6.123233995736766e-17,0.0,0.0,0.0,14.2,28.975,0.0,67.75,-9.55,2.3948345,0.0,-4.5,19.37962966,21.85,22.3,22.0,22.15,22.28333333333333,-18.88711114,-0.2111110900000028,0.1806666666666667,0.2933333333333333,0.354,19.425925933333332,0.3640000000000015,3.6439588,3.6810534,3.7068772,3.6821961,3.7117844,0,0.0,1,1.0,-0.88,21.4,78.6
2023-03-20 07:00:00,209.331626449998,169.831817605554,169.85626106111,19.37962966,0.354,22.28333333333333,2,5.1764362714980825,70.66250196097344,7,0,3,0.9659258262890684,-0.2588190451025206,0.0,1.0,1.0,6.123233995736766e-17,0.0,0.0,0.0,14.1,28.8,0.0,68.0,-9.6,2.3865144,0.0,-4.6,19.56111112,21.9,21.85,22.3,22.0,21.65,-19.02562966,0.0185185200000006,-0.12,0.474,0.6526666666666667,19.43765434333333,0.3737777777777792,3.7117844,3.6439588,3.6810534,3.7068772,3.644979,0,0.0,0,1.0,-0.88,21.2,78.8
2023-03-20 07:15:00,58.41294122222,26.590047472222,26.600602649998,19.56111112,0.6526666666666667,21.65,1,5.1764362714980825,70.66250196097344,7,0,3,0.9659258262890684,-0.2588190451025206,0.0,1.0,1.0,6.123233995736766e-17,9.75,2.4375,0.8125,14.525,28.9,0.0,67.75,-9.375,2.4293466,0.0,-4.3,19.218518546666665,22.28333333333333,21.9,21.85,22.3,21.683333333333334,-18.90844445333333,0.1814814600000005,0.2986666666666667,0.354,-0.5153333333333333,19.43395064,0.4935555555555571,3.644979,3.7117844,3.6439588,3.6810534,3.5777407,0,0.0,1,1.0,-0.84,19.8,80.2
2023-03-20 07:30:00,156.471796511108,125.963016844444,125.98384936111,19.218518546666665,-0.5153333333333333,21.683333333333334,2,5.1764362714980825,70.66250196097344,7,0,3,0.9659258262890684,-0.2588190451025206,0.0,1.0,1.0,6.123233995736766e-17,19.5,7.3125,2.4375,14.95,29.0,0.0,67.5,-9.15,2.4727767,0.0,-4.0,19.24444447,21.65,22.28333333333333,21.9,21.85,22.0,-19.73385188,-0.3425925733333343,-1.168,0.6526666666666667,-0.6266666666666667,19.38641977555556,0.1637777777777793,3.5777407,3.644979,3.7117844,3.6439588,3.6355383,0,0.0,1,1.0,-0.92,22.7,77.3
2023-03-20 07:45:00,218.506259433332,166.68972104444398,166.714442288888,19.24444447,-0.6266666666666667,22.0,2,5.1764362714980825,70.66250196097344,7,0,3,0.9659258262890684,-0.2588190451025206,0.0,1.0,1.0,6.123233995736766e-17,29.25,14.625,4.875,15.375,29.1,0.0,67.25,-8.924999999999999,2.5168102,0.0,-3.7,19.54814814333333,21.683333333333334,21.65,22.28333333333333,21.9,21.816666666666663,-19.871111136666663,0.0259259233333359,-0.1113333333333334,-0.5153333333333333,-0.1966666666666666,19.341358045555555,-0.1631111111111096,3.6355383,3.5777407,3.644979,3.7117844,3.670242,0,0.0,0,1.0,-0.91,22.4,77.6
2023-03-20 08:00:00,73.42511862777,25.152049444444,25.160938055552,19.54814814333333,-0.1966666666666666,21.816666666666663,1,5.1764362714980825,70.66250196097344,8,0,3,0.8660254037844387,-0.4999999999999998,0.0,1.0,1.0,6.123233995736766e-17,39.0,24.375,8.125,15.8,29.2,0.0,67.0,-8.7,2.5614517,0.0,-3.4,19.39444442,22.0,21.683333333333334,21.65,22.28333333333333,21.9,-19.74481481,0.3037036733333309,0.43,-0.6266666666666667,0.1366666666666666,19.337037053333336,-0.4462222222222207,3.670242,3.6355383,3.5777407,3.644979,3.6511135,0,0.0,1,1.0,-0.84,19.9,80.1
2023-03-20 08:15:00,173.052522022224,142.369305,142.392359644444,19.39444442,0.1366666666666666,21.9,2,5.1764362714980825,70.66250196097344,8,0,3,0.8660254037844387,-0.4999999999999998,0.0,1.0,1.0,6.123233995736766e-17,81.5,42.3125,14.916666666666666,15.0,29.825,0.0,65.25,-8.524999999999999,2.588974,0.0,-2.875,19.55925924,21.816666666666663,22.0,21.683333333333334,21.65,22.28333333333333,-19.257777753333333,-0.1537037233333329,0.3333333333333333,-0.1966666666666666,0.6526666666666667,19.395679011111117,-0.2288888888888874,3.6511135,3.670242,3.6355383,3.5777407,3.7511983,0,0.0,1,1.0,-0.87,21.1,78.9
2023-03-20 08:30:00,177.224855272218,143.31148954444402,143.33509973333202,19.55925924,0.6526666666666667,22.28333333333333,2,5.1764362714980825,70.66250196097344,8,0,3,0.8660254037844387,-0.4999999999999998,0.0,1.0,1.0,6.123233995736766e-17,124.0,68.4375,25.25,14.2,30.45,0.0,63.5,-8.35,2.6144755,0.0,-2.35,20.09444447,21.9,21.816666666666663,22.0,21.683333333333334,21.6,-18.90659257333333,0.1648148200000001,0.516,0.1366666666666666,1.048,19.50061726777778,0.197555555555557,3.7511983,3.6511135,3.670242,3.6355383,3.752084,0,0.0,0,1.0,-0.83,19.7,80.3
2023-03-20 08:45:00,133.09412052222,95.016476972222,95.033976305554,20.09444447,1.048,21.6,2,5.1764362714980825,70.66250196097344,8,0,3,0.8660254037844387,-0.4999999999999998,0.0,1.0,1.0,6.123233995736766e-17,166.5,102.75,39.125,13.4,31.075,0.0,61.75,-8.175,2.6377866,0.0,-1.825,20.662962946666667,22.28333333333333,21.9,21.816666666666663,22.0,20.85,-19.04644447,0.5351852299999997,0.3953333333333333,0.6526666666666667,1.38,19.682716043333333,0.612444444444446,3.752084,3.7511983,3.6511135,3.670242,3.7440383,0,0.0,0,1.0,-0.72,15.8,84.2
2023-03-20 09:00:00,77.166079933332,30.022687911112,30.033520877776,20.662962946666667,1.38,20.85,1,5.1764362714980825,70.66250196097344,9,0,3,0.7071067811865476,-0.7071067811865475,0.0,1.0,1.0,6.123233995736766e-17,209.0,145.25,56.54166666666666,12.6,31.7,0.0,60.0,-8.0,2.6587307,0.0,-1.3,20.91111107,21.6,22.28333333333333,21.9,21.816666666666663,20.55,-19.282962946666668,0.568518476666668,0.3319999999999998,1.048,1.6626666666666667,20.105555552222224,1.0268888888888903,3.7440383,3.752084,3.7511983,3.6511135,3.7438476,0,0.0,1,1.0,-0.59,12.4,87.6
2023-03-20 09:15:00,189.497419816666,137.734212644444,137.75587846111,20.91111107,1.6626666666666667,20.55,2,5.1764362714980825,70.66250196097344,9,0,3,0.7071067811865476,-0.7071067811865475,0.0,1.0,1.0,6.123233995736766e-17,257.75,189.3125,78.02083333333333,13.725,33.675,0.0,57.5,-8.125,2.638076,0.0,-0.8,20.9444444,20.85,21.6,22.28333333333333,21.9,20.966666666666665,-19.24844440333333,0.2481481233333333,0.2826666666666668,1.38,1.9893333333333332,20.55617282888889,1.363555555555557,3.7438476,3.7440383,3.752084,3.7511983,3.8271654,0,0.0,1,1.0,-0.54,11.1,88.9
2023-03-20 09:30:00,130.290066072218,64.6624134,64.674357438886,20.9444444,1.9893333333333332,20.966666666666665,1,5.1764362714980825,70.66250196097344,9,0,3,0.7071067811865476,-0.7071067811865475,0.0,1.0,1.0,6.123233995736766e-17,306.5,234.9375,103.5625,14.85,35.65,0.0,55.0,-8.25,2.61225,0.0,-0.3,21.15555553,20.55,20.85,21.6,22.28333333333333,21.0,-18.955111066666664,0.0333333299999978,0.3266666666666666,1.6626666666666667,1.7993333333333332,20.83950613888889,1.677333333333335,3.8271654,3.7438476,3.7440383,3.752084,3.8805392,0,0.0,1,1.0,-0.53,10.8,89.2
2023-03-20 09:45:00,62.125014999996,0.0,0.0,21.15555553,1.7993333333333332,21.0,0,5.1764362714980825,70.66250196097344,9,0,3,0.7071067811865476,-0.7071067811865475,0.0,1.0,1.0,6.123233995736766e-17,355.25,282.125,133.16666666666666,15.975,37.625,0.0,52.5,-8.375,2.5809543,0.0,0.1999999999999999,21.47962964666667,20.966666666666665,20.55,20.85,21.6,20.816666666666663,-19.356222196666668,0.2111111300000026,-0.1900000000000001,1.9893333333333332,2.115333333333333,21.003703666666667,1.817111111111113,3.8805392,3.8271654,3.7438476,3.7440383,3.919595,1,1.0,1,0.75,-0.48,9.8,90.2
2023-03-20 10:00:00,879.74397558333,113.45407273889,113.472127616666,21.47962964666667,2.115333333333333,20.816666666666663,2,5.1764362714980825,70.66250196097344,10,0,3,0.4999999999999999,-0.8660254037844387,0.0,1.0,1.0,6.123233995736766e-17,404.0,330.875,166.83333333333334,17.1,39.6,0.0,50.0,-8.5,2.5438821,0.0,0.7,21.92222223,21.0,20.966666666666665,20.55,20.85,20.85,-19.364296313333337,0.3240741166666687,0.3160000000000003,1.7993333333333332,2.71,21.19320985888889,1.9680000000000015,3.919595,3.8805392,3.8271654,3.7438476,4.027571,0,1.0,1,0.75,-0.41,8.4,91.6
2023-03-20 10:15:00,495.502679233328,37.915427788888,37.92764958333,21.92222223,2.71,20.85,1,5.1764362714980825,70.66250196097344,10,0,3,0.4999999999999999,-0.8660254037844387,0.0,1.0,1.0,6.123233995736766e-17,446.5,378.0625,203.22916666666663,17.025000000000002,40.15,0.0,50.0,-8.2,2.6055167,0.0,1.05,22.227777773333333,20.816666666666663,21.0,20.966666666666665,20.55,21.0,-19.21222223,0.4425925833333295,0.5946666666666665,2.115333333333333,2.4686666666666666,21.519135802222223,2.208222222222224,4.027571,3.919595,3.8805392,3.8271654,4.1285954,0,1.0,1,0.75,-0.3,6.9,93.1
2023-03-20 10:30:00,61.494484572222,0.0,0.0,22.227777773333333,2.4686666666666666,21.0,0,5.1764362714980825,70.66250196097344,10,0,3,0.4999999999999999,-0.8660254037844387,0.0,1.0,1.0,6.123233995736766e-17,489.0,423.6875,242.35416666666663,16.950000000000003,40.7,0.0,50.0,-7.9,2.6684563,0.0,1.4,22.43333331,20.85,20.816666666666663,21.0,20.966666666666665,21.05,-19.759111106666666,0.3055555433333339,-0.2413333333333334,2.71,2.708,21.876543216666665,2.4313333333333347,4.1285954,4.027571,3.919595,3.8805392,4.187631,1,2.0,1,0.5,-0.23,6.1,93.9
2023-03-20 10:45:00,164.458143611112,109.700889572222,109.718666677776,22.43333331,2.708,21.05,2,5.1764362714980825,70.66250196097344,10,0,3,0.4999999999999999,-0.8660254037844387,0.0,1.0,1.0,6.123233995736766e-17,531.5,467.75,284.2083333333333,16.875,41.25,0.0,50.0,-7.6,2.7327242,0.0,1.75,22.92962962,21.0,20.85,20.816666666666663,21.0,21.466666666666665,-19.725333310000003,0.2055555366666688,0.2393333333333331,2.4686666666666666,3.1853333333333333,22.19444443777778,2.62888888888889,4.187631,4.1285954,4.027571,3.919595,4.3938117,0,1.0,1,0.75,-0.19,5.7,94.3
2023-03-20 11:00:00,117.14670286111,52.967881183334,52.97899192222,22.92962962,3.1853333333333333,21.466666666666665,1,5.1764362714980825,70.66250196097344,11,0,3,0.258819045102521,-0.9659258262890682,0.0,1.0,1.0,6.123233995736766e-17,574.0,510.25,328.7916666666667,16.8,41.8,0.0,50.0,-7.3,2.798345,0.0,2.1,23.20555555,21.05,21.0,20.85,20.816666666666663,21.45,-19.744296286666668,0.4962963099999982,0.4773333333333336,2.708,3.694,22.530246901111116,2.787333333333335,4.3938117,4.187631,4.1285954,4.027571,4.4602113,0,1.0,1,0.75,-0.07,5.1,94.9
2023-03-20 11:15:00,87.16623554444,11.767307088888,11.773418011108,23.20555555,3.694,21.45,1,5.1764362714980825,70.66250196097344,11,0,3,0.258819045102521,-0.9659258262890682,0.0,1.0,1.0,6.123233995736766e-17,606.0,550.125,372.5,16.275,41.35,0.75,49.25,-7.225,2.8128507,0.0,2.4,23.30370367333333,21.466666666666665,21.05,21.0,20.85,20.85,-19.51155555,0.2759259299999996,0.5086666666666666,3.1853333333333333,3.789333333333333,22.85617282666667,3.195777777777779,4.4602113,4.3938117,4.187631,4.1285954,4.3598127,0,1.0,0,0.75,-0.0,5.0,95.0
2023-03-20 11:30:00,180.475836277776,113.286857227778,113.304356544444,23.30370367333333,3.789333333333333,20.85,2,5.1764362714980825,70.66250196097344,11,0,3,0.258819045102521,-0.9659258262890682,0.0,1.0,1.0,6.123233995736766e-17,638.0,587.375,415.3333333333333,15.75,40.9,1.5,48.5,-7.15,2.8266315,0.0,2.7,23.7,21.45,21.466666666666665,21.05,21.0,19.75,-19.514370340000003,0.0981481233333347,0.095333333333333,3.694,3.7153333333333336,23.14629628111111,3.5562222222222237,4.3598127,4.4602113,4.3938117,4.187631,4.2241206,0,0.0,1,1.0,0.01,5.0,95.0
2023-03-20 11:45:00,314.545195538886,77.118304027778,77.130803577776,23.7,3.7153333333333336,19.75,2,5.1764362714980825,70.66250196097344,11,0,3,0.258819045102521,-0.9659258262890682,0.0,1.0,1.0,6.123233995736766e-17,670.0,622.0,457.2916666666667,15.225,40.45,2.25,47.75,-7.075,2.8396573,0.0,3.0,23.9648148,20.85,21.45,21.466666666666665,21.05,19.03333333333333,-19.984666666666666,0.3962963266666648,-0.0739999999999994,3.789333333333333,4.374,23.403086407777774,3.7328888888888905,4.2241206,4.3598127,4.4602113,4.3938117,4.132575,0,0.0,0,1.0,0.1,5.2,94.8
2023-03-20 12:00:00,643.727027672222,30.877375988888,30.88320912222,23.9648148,4.374,19.03333333333333,1,5.1764362714980825,70.66250196097344,12,0,3,1.2246467991473532e-16,-1.0,0.0,1.0,1.0,6.123233995736766e-17,702.0,654.0,498.375,14.7,40.0,3.0,47.0,-7.0,2.851895,0.0,3.3,24.06666668,19.75,20.85,21.45,21.466666666666665,19.0,-19.5908148,0.2648147999999999,0.6586666666666661,3.7153333333333336,4.148666666666666,23.656172824444443,3.959555555555557,4.132575,4.2241206,4.3598127,4.4602113,4.1492553,0,0.0,1,1.0,0.16,5.5,94.5
2023-03-20 12:15:00,462.138736011108,92.227144133332,92.23492162222,24.06666668,4.148666666666666,19.0,2,5.1764362714980825,70.66250196097344,12,0,3,1.2246467991473532e-16,-1.0,0.0,1.0,1.0,6.123233995736766e-17,720.25,682.5625,536.9166666666666,14.175,39.1,7.0,46.5,-6.875,2.8787887,0.0,3.6,24.49074076,19.03333333333333,19.75,20.85,21.45,18.816666666666663,-19.918000013333334,0.1018518800000016,-0.2253333333333333,4.374,4.682,23.910493826666663,4.079333333333334,4.1492553,4.132575,4.2241206,4.3598127,4.2091184,0,0.0,1,1.0,0.18,5.7,94.3
2023-03-20 12:30:00,111.917745227782,0.0,0.0,24.49074076,4.682,18.816666666666663,0,5.1764362714980825,70.66250196097344,12,0,3,1.2246467991473532e-16,-1.0,0.0,1.0,1.0,6.123233995736766e-17,738.5,707.6875,572.9166666666666,13.65,38.2,11.0,46.0,-6.75,2.9054554,0.0,3.9,24.47222221,19.0,19.03333333333333,19.75,20.85,18.5,-19.80874076,0.4240740800000004,0.5333333333333341,4.148666666666666,4.864,24.17407408,4.401555555555556,4.2091184,4.1492553,4.132575,4.2241206,4.1339517,1,1.0,1,0.75,0.28,6.6,93.4
2023-03-20 12:45:00,100.50792402222,0.0,0.0,24.47222221,4.864,18.5,0,5.1764362714980825,70.66250196097344,12,0,3,1.2246467991473532e-16,-1.0,0.0,1.0,1.0,6.123233995736766e-17,756.75,729.375,606.375,13.125,37.3,15.0,45.5,-6.625,2.9318752,0.0,4.2,24.3925926,18.816666666666663,19.0,19.03333333333333,19.75,18.5,-19.60822221,-0.0185185500000031,0.1819999999999995,4.682,5.536666666666666,24.343209883333333,4.56488888888889,4.1339517,4.2091184,4.1492553,4.132575,4.1153703,0,2.0,0,0.5,0.27,6.5,93.5
2023-03-20 13:00:00,88.896721938882,0.0,0.0,24.3925926,5.536666666666666,18.5,0,5.1764362714980825,70.66250196097344,13,0,3,-0.2588190451025208,-0.9659258262890684,0.0,1.0,1.0,6.123233995736766e-17,775.0,747.625,637.2916666666666,12.6,36.4,19.0,45.0,-6.5,2.9580314,0.0,4.5,24.35555554,18.5,18.816666666666663,19.0,19.03333333333333,18.45,-18.85592593333333,-0.0796296099999978,0.6726666666666663,4.864,5.545333333333333,24.451851856666668,5.027555555555557,4.1153703,4.1339517,4.2091184,4.1492553,4.0956526,0,3.0,0,0.25,0.25,6.3,93.7
2023-03-20 13:15:00,115.500379899996,28.503582011112,28.50747082222,24.35555554,5.545333333333333,18.45,1,5.1764362714980825,70.66250196097344,13,0,3,-0.2588190451025208,-0.9659258262890684,0.0,1.0,1.0,6.123233995736766e-17,777.5,761.9375,664.875,12.775,35.75,33.5,44.0,-6.5,2.9454987,0.0,4.775,24.48703705333333,18.5,18.5,18.816666666666663,19.0,18.03333333333333,-18.81022220666667,-0.0370370599999994,0.0086666666666666,5.536666666666666,6.412000000000001,24.406790116666667,5.315333333333334,4.0956526,4.1153703,4.1339517,4.2091184,4.0330496,0,3.0,1,0.25,0.24,6.2,93.8
2023-03-20 13:30:00,193.177828211108,89.783352972222,89.791963777776,24.48703705333333,6.412000000000001,18.03333333333333,2,5.1764362714980825,70.66250196097344,13,0,3,-0.2588190451025208,-0.9659258262890684,0.0,1.0,1.0,6.123233995736766e-17,780.0,772.3125,689.125,12.95,35.099999999999994,48.0,43.0,-6.5,2.9313817,0.0,5.05,24.80000002,18.45,18.5,18.5,18.816666666666663,17.95,-18.07503705333333,0.1314815133333304,0.866666666666668,5.545333333333333,6.836,24.41172839777778,5.831333333333334,4.0330496,4.0956526,4.1153703,4.1339517,4.086008,0,2.0,1,0.5,0.27,6.5,93.5
2023-03-20 13:45:00,100.425982866664,0.0,0.0,24.80000002,6.836,17.95,0,5.1764362714980825,70.66250196097344,13,0,3,-0.2588190451025208,-0.9659258262890684,0.0,1.0,1.0,6.123233995736766e-17,782.5,778.75,710.0416666666666,13.125,34.45,62.5,42.0,-6.5,2.9156342,0.0,5.324999999999999,24.62037039,18.03333333333333,18.45,18.5,18.5,17.533333333333335,-17.96400002,0.3129629666666709,0.4239999999999995,6.412000000000001,7.077333333333333,24.54753087111111,6.264444444444447,4.086008,4.0330496,4.0956526,4.1153703,3.9508908,1,2.0,1,0.5,0.34,7.4,92.6
2023-03-20 14:00:00,87.69649203333199,0.0,0.0,24.62037039,7.077333333333333,17.533333333333335,0,5.1764362714980825,70.66250196097344,14,0,3,-0.4999999999999997,-0.8660254037844388,0.0,1.0,1.0,6.123233995736766e-17,785.0,781.25,727.625,13.3,33.8,77.0,41.0,-6.5,2.8982077,0.0,5.6,24.41111112,17.95,18.03333333333333,18.45,18.5,17.5,-17.54303705666667,-0.1796296300000008,0.2413333333333325,6.836,7.172,24.63580248777778,6.775111111111113,3.9508908,4.086008,4.0330496,4.0956526,3.897,0,2.0,0,0.5,0.3,6.8,93.2
2023-03-20 14:15:00,98.578556766664,0.0,0.0,24.41111112,7.172,17.5,0,5.1764362714980825,70.66250196097344,14,0,3,-0.4999999999999997,-0.8660254037844388,0.0,1.0,1.0,6.123233995736766e-17,770.75,779.5625,741.3541666666666,14.1,35.15,61.5,39.0,-6.75,2.862801,0.0,6.175,24.24444447,17.533333333333335,17.95,18.03333333333333,18.45,17.5,-17.239111119999997,-0.209259270000004,0.0946666666666669,7.077333333333333,7.380666666666667,24.61049384333333,7.028444444444446,3.897,3.9508908,4.086008,4.0330496,3.8603973,0,3.0,0,0.25,0.25,6.3,93.7
2023-03-20 14:30:00,111.479985105554,27.373349422224,27.378071483334,24.24444447,7.380666666666667,17.5,1,5.1764362714980825,70.66250196097344,14,0,3,-0.4999999999999997,-0.8660254037844388,0.0,1.0,1.0,6.123233995736766e-17,756.5,773.6875,751.2291666666666,14.9,36.5,46.0,37.0,-7.0,2.8198867,0.0,6.75,24.22777777,17.5,17.533333333333335,17.95,18.03333333333333,17.45,-16.863777803333335,-0.1666666499999962,0.2086666666666676,7.172,8.372,24.42530866,7.210000000000001,3.8603973,3.897,3.9508908,4.086008,3.8457336,0,3.0,1,0.25,0.21,5.9,94.1
2023-03-20 14:45:00,194.908314538886,95.3561856,95.366740744444,24.22777777,8.372,17.45,2,5.1764362714980825,70.66250196097344,14,0,3,-0.4999999999999997,-0.8660254037844388,0.0,1.0,1.0,6.123233995736766e-17,742.25,763.625,757.25,15.7,37.85,30.5,35.0,-7.25,2.7690089,0.0,7.325,24.38888885,17.5,17.5,17.533333333333335,17.95,17.033333333333335,-15.85577777,-0.0166667000000018,0.9913333333333324,7.380666666666667,8.455333333333334,24.29444445333333,7.641555555555558,3.8457336,3.8603973,3.897,3.9508908,3.7883127,0,2.0,1,0.5,0.21,5.9,94.1
2023-03-20 15:00:00,96.943066638886,0.0,0.0,24.38888885,8.455333333333334,17.033333333333335,0,5.1764362714980825,70.66250196097344,15,0,3,-0.7071067811865471,-0.7071067811865479,0.0,1.0,1.0,6.123233995736766e-17,728.0,749.375,759.4166666666666,16.5,39.2,15.0,33.0,-7.5,2.709693,0.0,7.9,24.11111113,17.45,17.5,17.5,17.533333333333335,17.0,-15.933555516666669,0.1611110800000013,0.0833333333333339,8.372,8.517333333333333,24.287037030000004,8.069333333333335,3.7883127,3.8457336,3.8603973,3.897,3.7218626,1,2.0,1,0.5,0.24,6.2,93.8
2023-03-20 15:15:00,67.293697044444,0.0,0.0,24.11111113,8.517333333333333,17.0,0,5.1764362714980825,70.66250196097344,15,0,3,-0.7071067811865471,-0.7071067811865479,0.0,1.0,1.0,6.123233995736766e-17,703.5,732.5625,758.0208333333334,16.65,39.2,11.25,32.0,-7.625,2.670263,0.0,8.15,23.714814846666663,17.033333333333335,17.45,17.5,17.5,17.183333333333334,-15.593777796666664,-0.2777777200000031,0.0619999999999993,8.455333333333334,8.871333333333332,24.24259258333333,8.448222222222224,3.7218626,3.7883127,3.8457336,3.8603973,3.678261,0,2.0,0,0.5,0.18,5.6,94.4
2023-03-20 15:30:00,106.541849338886,43.775471127778,43.781026455556,23.714814846666663,8.871333333333332,17.183333333333334,1,5.1764362714980825,70.66250196097344,15,0,3,-0.7071067811865471,-0.7071067811865479,0.0,1.0,1.0,6.123233995736766e-17,679.0,713.1875,753.0625,16.8,39.2,7.5,31.0,-7.75,2.628751,0.0,8.4,23.41111113,17.0,17.033333333333335,17.45,17.5,17.2,-14.843481513333334,-0.3962962833333314,0.3539999999999992,8.517333333333333,9.259333333333332,24.071604942222223,8.614666666666668,3.678261,3.7218626,3.7883127,3.8457336,3.6186903,0,2.0,1,0.5,0.09,5.2,94.8
2023-03-20 15:45:00,181.708009105558,105.117739555556,105.129683544444,23.41111113,9.259333333333332,17.2,2,5.1764362714980825,70.66250196097344,15,0,3,-0.7071067811865471,-0.7071067811865479,0.0,1.0,1.0,6.123233995736766e-17,654.5,691.25,744.5416666666666,16.95,39.2,3.75,30.0,-7.875,2.5851061,0.0,8.65,23.02777776,17.183333333333334,17.0,17.033333333333335,17.45,17.466666666666665,-14.151777796666666,-0.3037037166666678,0.3879999999999999,8.871333333333332,9.618666666666666,23.745679035555558,8.882666666666667,3.6186903,3.678261,3.7218626,3.7883127,3.5952213,0,2.0,1,0.5,0.02,5.0,95.0
2023-03-20 16:00:00,85.968783377776,0.0,0.0,23.02777776,9.618666666666666,17.466666666666665,0,5.1764362714980825,70.66250196097344,16,0,3,-0.8660254037844385,-0.5000000000000004,0.0,1.0,1.0,6.123233995736766e-17,630.0,666.75,732.4583333333334,17.1,39.2,0.0,29.0,-8.0,2.539278,0.0,8.9,22.52777774,17.2,17.183333333333334,17.0,17.033333333333335,17.5,-13.409111093333332,-0.383333369999999,0.3593333333333337,9.259333333333332,9.638666666666666,23.384567912222224,9.24977777777778,3.5952213,3.6186903,3.678261,3.7218626,3.5003402,1,2.0,1,0.5,-0.07,5.1,94.9
2023-03-20 16:15:00,67.770344794438,0.0,0.0,22.52777774,9.638666666666666,17.5,0,5.1764362714980825,70.66250196097344,16,0,3,-0.8660254037844385,-0.5000000000000004,0.0,1.0,1.0,6.123233995736766e-17,591.0,638.625,716.9166666666666,16.975,39.025000000000006,0.0,28.75,-8.125,2.5214183,0.0,8.925,22.03148146,17.466666666666665,17.2,17.183333333333334,17.0,17.5,-12.889111073333332,-0.5000000200000017,0.0199999999999995,9.618666666666666,9.748,22.988888876666664,9.505555555555558,3.5003402,3.5952213,3.6186903,3.678261,3.4018185,0,2.0,0,0.5,-0.19,5.7,94.3
2023-03-20 16:30:00,150.730081688888,82.290874916666,82.300874516666,22.03148146,9.748,17.5,2,5.1764362714980825,70.66250196097344,16,0,3,-0.8660254037844385,-0.5000000000000004,0.0,1.0,1.0,6.123233995736766e-17,552.0,606.875,697.9166666666666,16.85,38.85,0.0,28.5,-8.25,2.503493,0.0,8.95,21.78888889,17.5,17.466666666666665,17.2,17.183333333333334,17.55,-12.283481460000004,-0.4962962799999957,0.1093333333333337,9.638666666666666,9.899333333333336,22.529012320000003,9.668444444444445,3.4018185,3.5003402,3.5952213,3.6186903,3.364126,0,2.0,1,0.5,-0.3,6.9,93.1
2023-03-20 16:45:00,146.806349694446,79.33793743889,79.3476593,21.78888889,9.899333333333336,17.55,2,5.1764362714980825,70.66250196097344,16,0,3,-0.8660254037844385,-0.5000000000000004,0.0,1.0,1.0,6.123233995736766e-17,513.0,571.5,675.4583333333334,16.725,38.675,0.0,28.25,-8.375,2.4855042,0.0,8.975,21.624074046666667,17.5,17.5,17.466666666666665,17.2,17.966666666666665,-11.889555556666664,-0.2425925700000029,0.1513333333333353,9.748,9.756,22.11604936333333,9.762000000000002,3.364126,3.4018185,3.5003402,3.5952213,3.411353,0,2.0,0,0.5,-0.36,7.6,92.4
2023-03-20 17:00:00,78.70379618888799,0.0,0.0,21.624074046666667,9.756,17.966666666666665,0,5.1764362714980825,70.66250196097344,17,0,3,-0.9659258262890684,-0.2588190451025206,0.0,1.0,1.0,6.123233995736766e-17,474.0,532.5,649.5416666666666,16.6,38.5,0.0,28.0,-8.5,2.4674497,0.0,9.0,21.2388889,17.55,17.5,17.5,17.466666666666665,17.7,-11.868074046666669,-0.1648148433333318,-0.1433333333333344,9.899333333333336,9.943333333333332,21.81481479888889,9.801111111111114,3.411353,3.364126,3.4018185,3.5003402,3.2865903,1,2.0,1,0.5,-0.39,8.2,91.8
2023-03-20 17:15:00,390.756313722216,69.690267827778,69.700823005554,21.2388889,9.943333333333332,17.7,1,5.1764362714980825,70.66250196097344,17,0,3,-0.9659258262890684,-0.2588190451025206,0.0,1.0,1.0,6.123233995736766e-17,427.0,491.5,620.8958333333334,15.55,37.975,10.25,29.25,-8.15,2.5407522,0.0,8.775,21.10370374333333,17.966666666666665,17.55,17.5,17.5,17.966666666666665,-11.295555566666666,-0.385185146666668,0.1873333333333331,9.756,10.120666666666668,21.55061727888889,9.866222222222223,3.2865903,3.411353,3.364126,3.4018185,3.3100398,0,1.0,1,0.75,-0.48,9.8,90.2
2023-03-20 17:30:00,186.54392686111,116.727552927778,116.740607972222,21.10370374333333,10.120666666666668,17.966666666666665,2,5.1764362714980825,70.66250196097344,17,0,3,-0.9659258262890684,-0.2588190451025206,0.0,1.0,1.0,6.123233995736766e-17,380.0,448.5,589.5208333333334,14.5,37.45,20.5,30.5,-7.8,2.611385,0.0,8.55,21.18333333,17.7,17.966666666666665,17.55,17.5,18.0,-10.983037076666667,-0.1351851566666653,0.1773333333333333,9.943333333333332,9.992666666666668,21.322222230000005,9.940000000000005,3.3100398,3.2865903,3.411353,3.364126,3.3315425,0,1.0,1,0.75,-0.51,10.4,89.6
2023-03-20 17:45:00,76.26333834444,13.431407172222,13.435573738886,21.18333333,9.992666666666668,18.0,1,5.1764362714980825,70.66250196097344,17,0,3,-0.9659258262890684,-0.2588190451025206,0.0,1.0,1.0,6.123233995736766e-17,333.0,403.5,555.4166666666666,13.45,36.925,30.75,31.75,-7.449999999999999,2.6794019,0.0,8.325,20.93333334,17.966666666666665,17.7,17.966666666666665,17.55,18.366666666666667,-11.190666663333332,0.079629586666666,-0.1280000000000001,10.120666666666668,9.835333333333333,21.17530865777778,10.01888888888889,3.3315425,3.3100398,3.2865903,3.411353,3.350408,0,1.0,1,0.75,-0.49,10.0,90.0
2023-03-20 18:00:00,69.663880099996,0.0,0.0,20.93333334,9.835333333333333,18.366666666666667,0,5.1764362714980825,70.66250196097344,18,0,3,-1.0,-1.8369701987210294e-16,0.0,1.0,1.0,6.123233995736766e-17,286.0,356.5,518.5833333333334,12.4,36.4,41.0,33.0,-7.1,2.744856,0.0,8.1,20.67222222,18.0,17.966666666666665,17.7,17.966666666666665,19.0,-11.098000006666668,-0.2499999899999991,-0.1573333333333337,9.992666666666668,9.694,21.073456804444447,9.98288888888889,3.350408,3.3315425,3.3100398,3.2865903,3.4136746,1,1.0,1,0.75,-0.55,11.2,88.8
2023-03-20 18:15:00,246.296536677776,115.762035983334,115.807867483334,20.67222222,9.694,19.0,2,5.1764362714980825,70.66250196097344,18,0,3,-1.0,-1.8369701987210294e-16,0.0,1.0,1.0,6.123233995736766e-17,238.5,309.375,479.8333333333333,11.725,33.7,41.0,35.25,-7.05,2.7842712,0.0,7.3,20.796296266666666,18.366666666666667,18.0,17.966666666666665,17.7,19.0,-10.97822222,-0.2611111200000025,-0.1413333333333337,9.835333333333333,9.462,20.92962963,9.840666666666667,3.4136746,3.350408,3.3315425,3.3100398,3.438424,0,1.0,1,0.75,-0.6,12.6,87.4
2023-03-20 18:30:00,209.226630699996,89.593638311112,89.651136044444,20.796296266666666,9.462,19.0,2,5.1764362714980825,70.66250196097344,18,0,3,-1.0,-1.8369701987210294e-16,0.0,1.0,1.0,6.123233995736766e-17,191.0,262.125,439.1666666666667,11.05,31.0,41.0,37.5,-7.0,2.8117862,0.0,6.5,20.87777777,19.0,18.366666666666667,18.0,17.966666666666665,18.75,-11.334296266666666,0.1240740466666672,-0.2319999999999993,9.694,9.219333333333331,20.80061727555556,9.66377777777778,3.438424,3.4136746,3.350408,3.3315425,3.4093034,0,1.0,0,0.75,-0.57,11.9,88.1
2023-03-20 18:45:00,397.135225022224,0.0,0.0,20.87777777,9.219333333333331,18.75,0,5.1764362714980825,70.66250196097344,18,0,3,-1.0,-1.8369701987210294e-16,0.0,1.0,1.0,6.123233995736766e-17,143.5,214.75,396.5833333333333,10.375,28.3,41.0,39.75,-6.95,2.8283768,0.0,5.7,20.548148146666662,19.0,19.0,18.366666666666667,18.0,19.616666666666667,-11.658444436666668,0.081481503333336,-0.2426666666666666,9.462,8.94,20.782098752222225,9.458444444444446,3.4093034,3.438424,3.4136746,3.350408,3.499076,1,2.0,1,0.5,-0.56,11.5,88.5
2023-03-20 19:00:00,318.435873105558,0.0,0.0,20.548148146666662,8.94,19.616666666666667,0,5.1764362714980825,70.66250196097344,19,0,3,-0.9659258262890684,0.2588190451025203,0.0,1.0,1.0,6.123233995736766e-17,96.0,167.25,352.0833333333333,9.7,25.6,41.0,42.0,-6.9,2.8349638,0.0,4.9,20.2611111,18.75,19.0,19.0,18.366666666666667,20.75,-11.608148146666666,-0.3296296233333358,-0.2793333333333336,9.219333333333331,8.578,20.740740727777776,9.207111111111113,3.499076,3.4093034,3.438424,3.4136746,3.639733,0,2.0,0,0.5,-0.63,13.2,86.8
2023-03-20 19:15:00,278.347476855552,19.600327055556,19.718933477776,20.2611111,8.578,20.75,1,5.1764362714980825,70.66250196097344,19,0,3,-0.9659258262890684,0.2588190451025203,0.0,1.0,1.0,6.123233995736766e-17,72.5,125.75,308.875,9.45,22.9,42.75,47.5,-6.75,2.9406984,0.0,3.6000000000000005,20.15925924333333,19.616666666666667,18.75,19.0,19.0,21.65,-11.6831111,-0.2870370466666649,-0.3620000000000001,8.94,8.306666666666667,20.562345672222225,8.912444444444445,3.639733,3.499076,3.4093034,3.438424,3.7750556,0,2.0,1,0.5,-0.68,14.9,85.1
2023-03-20 19:30:00,344.728154872218,122.8375863,122.96869222222,20.15925924333333,8.306666666666667,21.65,2,5.1764362714980825,70.66250196097344,19,0,3,-0.9659258262890684,0.2588190451025203,0.0,1.0,1.0,6.123233995736766e-17,49.0,90.25,266.9583333333333,9.2,20.200000000000003,44.5,53.0,-6.6,3.0066464,0.0,2.3000000000000003,20.37222219,20.75,19.616666666666667,18.75,19.0,21.65,-11.852592576666668,-0.1018518566666664,-0.2713333333333327,8.578,8.128666666666668,20.322839496666667,8.608222222222224,3.7750556,3.639733,3.499076,3.4093034,3.8223293,0,2.0,1,0.5,-0.7,15.4,84.6
2023-03-20 19:45:00,330.572609916666,31.980109611112,32.102326972222,20.37222219,8.128666666666668,21.65,1,5.1764362714980825,70.66250196097344,19,0,3,-0.9659258262890684,0.2588190451025203,0.0,1.0,1.0,6.123233995736766e-17,25.5,60.75,226.33333333333331,8.95,17.5,46.25,58.5,-6.45,3.0380595,0.0,1.0,20.311111126666667,21.65,20.75,19.616666666666667,18.75,21.5,-12.243555523333333,0.2129629466666642,-0.177999999999999,8.306666666666667,7.978,20.26419751111111,8.33777777777778,3.8223293,3.7750556,3.639733,3.499076,3.782324,0,1.0,1,0.75,-0.65,14.0,86.0
2023-03-20 20:00:00,387.880039727778,55.196403138890005,55.315565088888,20.311111126666667,7.978,21.5,1,5.1764362714980825,70.66250196097344,20,0,3,-0.8660254037844386,0.5000000000000001,0.0,1.0,1.0,6.123233995736766e-17,2.0,37.25,187.0,8.7,14.8,48.0,64.0,-6.3,3.039709,0.0,-0.3,20.21666666,21.65,21.65,20.75,19.616666666666667,21.8,-12.333111126666669,-0.0611110633333318,-0.1506666666666678,8.128666666666668,7.781333333333333,20.280864186666665,8.13777777777778,3.782324,3.8223293,3.7750556,3.639733,3.8139927,0,0.0,0,1.0,-0.67,14.4,85.6
2023-03-20 20:15:00,325.326708627778,71.487140416666,71.608246688888,20.21666666,7.781333333333333,21.8,2,5.1764362714980825,70.66250196097344,20,0,3,-0.8660254037844386,0.5000000000000001,0.0,1.0,1.0,6.123233995736766e-17,1.5,19.5,151.54166666666666,7.274999999999999,14.075,60.0,65.5,-6.05,3.1055837,0.0,-0.325,20.285185156666667,21.5,21.65,21.65,20.75,21.53333333333333,-12.435333326666663,-0.094444466666669,-0.1966666666666663,7.978,7.582666666666666,20.299999992222222,7.962666666666668,3.8139927,3.782324,3.8223293,3.7750556,3.7824538,0,0.0,1,1.0,-0.69,15.0,85.0
2023-03-20 20:30:00,278.405807872218,0.0,0.0,20.285185156666667,7.582666666666666,21.53333333333333,0,5.1764362714980825,70.66250196097344,20,0,3,-0.8660254037844386,0.5000000000000001,0.0,1.0,1.0,6.123233995736766e-17,1.0,7.5,119.95833333333331,5.85,13.35,72.0,67.0,-5.8,3.1712208,0.0,-0.35,20.09444446,21.8,21.5,21.65,21.65,21.95,-12.70251849,0.0685184966666696,-0.198666666666667,7.781333333333333,7.376666666666667,20.270987647777776,7.780666666666669,3.7824538,3.8139927,3.782324,3.8223293,3.812882,1,1.0,1,0.75,-0.67,14.6,85.4
2023-03-20 20:45:00,239.899292527778,48.591667355556,48.647498505554,20.09444446,7.376666666666667,21.95,1,5.1764362714980825,70.66250196097344,20,0,3,-0.8660254037844386,0.5000000000000001,0.0,1.0,1.0,6.123233995736766e-17,0.5,1.25,92.25,4.425,12.625,84.0,68.5,-5.55,3.2366204,0.0,-0.375,20.012962936666668,21.53333333333333,21.8,21.5,21.65,22.933333333333334,-12.717777793333331,-0.1907406966666691,-0.2059999999999995,7.582666666666666,7.115333333333334,20.198765425555557,7.580222222222225,3.812882,3.7824538,3.8139927,3.782324,3.96474,0,1.0,1,0.75,-0.71,15.7,84.3
2023-03-20 21:00:00,275.230379227778,92.414358827778,92.475745255556,20.012962936666668,7.115333333333334,22.933333333333334,2,5.1764362714980825,70.66250196097344,21,0,3,-0.7071067811865477,0.7071067811865474,0.0,1.0,1.0,6.123233995736766e-17,0.0,0.75,68.41666666666667,3.0,11.9,96.0,70.0,-5.3,3.301784,0.0,-0.4,20.17777776,21.95,21.53333333333333,21.8,21.5,23.0,-12.897629603333334,-0.0814815233333305,-0.261333333333333,7.376666666666667,6.640666666666666,20.130864184444444,7.358222222222224,3.96474,3.812882,3.7824538,3.8139927,4.014799,0,1.0,1,0.75,-0.73,16.1,83.9
2023-03-20 21:15:00,184.896770433336,0.0,0.0,20.17777776,6.640666666666666,23.0,0,5.1764362714980825,70.66250196097344,21,0,3,-0.7071067811865477,0.7071067811865474,0.0,1.0,1.0,6.123233995736766e-17,0.0,0.375,48.54166666666666,3.15,10.625,97.0,69.25,-5.525,3.2382853,0.0,-0.525,20.07777777,22.933333333333334,21.95,21.53333333333333,21.8,23.0,-13.537111093333335,0.1648148233333337,-0.4746666666666677,7.115333333333334,5.738666666666666,20.09506171888889,7.044222222222224,4.014799,3.96474,3.812882,3.7824538,3.9913797,1,2.0,1,0.5,-0.69,15.0,85.0
2023-03-20 21:30:00,229.65859112222,0.0,0.0,20.07777777,5.738666666666666,23.0,0,5.1764362714980825,70.66250196097344,21,0,3,-0.7071067811865477,0.7071067811865474,0.0,1.0,1.0,6.123233995736766e-17,0.0,0.125,32.625,3.3,9.35,98.0,68.5,-5.75,3.175605,0.0,-0.65,19.95555553,23.0,22.933333333333334,21.95,21.53333333333333,24.1,-14.339111103333334,-0.0999999900000006,-0.902,6.640666666666666,5.657333333333333,20.08950615555556,6.498222222222225,3.9913797,4.014799,3.96474,3.812882,4.15245,0,2.0,0,0.5,-0.71,15.7,84.3
2023-03-20 21:45:00,161.652144772222,0.0,0.0,19.95555553,5.657333333333333,24.1,0,5.1764362714980825,70.66250196097344,21,0,3,-0.7071067811865477,0.7071067811865474,0.0,1.0,1.0,6.123233995736766e-17,0.0,0.0,20.666666666666668,3.45,8.075,99.0,67.75,-5.975,3.113737,0.0,-0.775,19.87222221333333,23.0,23.0,22.933333333333334,21.95,24.966666666666665,-14.298222196666668,-0.1222222399999992,-0.0813333333333332,5.738666666666666,5.578666666666667,20.07037035333333,6.012222222222223,4.15245,3.9913797,4.014799,3.96474,4.280823,0,3.0,0,0.25,-0.73,16.3,83.7
2023-03-20 22:00:00,203.31075616111,0.0,0.0,19.87222221333333,5.578666666666667,24.966666666666665,0,5.1764362714980825,70.66250196097344,22,0,3,-0.5000000000000004,0.8660254037844384,0.0,1.0,1.0,6.123233995736766e-17,0.0,0.0,12.666666666666666,3.6,6.8,100.0,67.0,-6.2,3.0526721,0.0,-0.9,19.78888889,24.1,23.0,23.0,22.933333333333334,25.35,-14.293555546666664,-0.0833333166666712,-0.078666666666666,5.657333333333333,5.03,19.968518504444447,5.658222222222224,4.280823,4.15245,3.9913797,4.014799,4.325364,0,4.0,0,0.0,-0.75,16.8,83.2
2023-03-20 22:15:00,248.532002755556,0.0,0.0,19.78888889,5.03,25.35,0,5.1764362714980825,70.66250196097344,22,0,3,-0.5000000000000004,0.8660254037844384,0.0,1.0,1.0,6.123233995736766e-17,0.0,0.0,6.625,4.25,8.15,100.0,70.5,-6.2,3.0753732,0.0,-1.525,19.725925906666667,24.966666666666665,24.1,23.0,23.0,25.316666666666663,-14.758888889999998,-0.0833333233333313,-0.5486666666666666,5.578666666666667,4.48,19.87222221111111,5.4220000000000015,4.325364,4.280823,4.15245,3.9913797,4.303748,0,4.0,0,0.0,-0.76,17.3,82.7
2023-03-20 22:30:00,237.866596188884,0.0,0.0,19.725925906666667,4.48,25.316666666666663,0,5.1764362714980825,70.66250196097344,22,0,3,-0.5000000000000004,0.8660254037844384,0.0,1.0,1.0,6.123233995736766e-17,0.0,0.0,2.5416666666666665,4.9,9.5,100.0,74.0,-6.2,3.0898905,0.0,-2.15,19.67777779,25.35,24.966666666666665,24.1,23.0,25.0,-15.245925906666669,-0.0629629833333318,-0.5499999999999998,5.03,4.233333333333333,19.795679003333333,5.029555555555557,4.303748,4.325364,4.280823,4.15245,4.2379227,0,4.0,0,0.0,-0.78,17.8,82.2
2023-03-20 22:45:00,178.073710133332,20.738059344444,20.76222506111,19.67777779,4.233333333333333,25.0,1,5.1764362714980825,70.66250196097344,22,0,3,-0.5000000000000004,0.8660254037844384,0.0,1.0,1.0,6.123233995736766e-17,0.0,0.0,0.4166666666666667,5.550000000000001,10.85,100.0,77.5,-6.2,3.0968075,0.0,-2.775,19.67592593,25.316666666666663,25.35,24.966666666666665,24.1,25.366666666666667,-15.444444456666666,-0.0481481166666668,-0.246666666666667,4.48,4.038,19.73086419555556,4.581111111111113,4.2379227,4.303748,4.325364,4.280823,4.299611,0,3.0,1,0.25,-0.79,18.2,81.8
2023-03-20 23:00:00,271.804127549994,146.167764155556,146.18220806111,19.67592593,4.038,25.366666666666667,2,5.1764362714980825,70.66250196097344,23,0,3,-0.2588190451025215,0.965925826289068,0.0,1.0,1.0,6.123233995736766e-17,0.0,0.0,0.25,6.2,12.2,100.0,81.0,-6.2,3.0966804,0.0,-3.4,19.9666667,25.0,25.316666666666663,25.35,24.966666666666665,25.7,-15.637925930000002,-0.0018518599999985,-0.1953333333333331,4.233333333333333,3.883333333333333,19.69320987555556,4.250444444444447,4.299611,4.2379227,4.303748,4.325364,4.431014,0,2.0,1,0.5,-0.79,18.2,81.8
2023-03-20 23:15:00,133.07939886111,27.351405883334,27.356405733332,19.9666667,3.883333333333333,25.7,1,5.1764362714980825,70.66250196097344,23,0,3,-0.2588190451025215,0.965925826289068,0.0,1.0,1.0,6.123233995736766e-17,0.0,0.0,0.125,7.175,13.825,100.0,80.0,-6.175,3.1021078,0.0,-3.2,19.942592583333333,25.366666666666667,25.0,25.316666666666663,25.35,25.966666666666665,-16.08333336666667,0.2907407699999993,-0.1546666666666669,4.038,3.448666666666667,19.77345680666667,4.051555555555558,4.431014,4.299611,4.2379227,4.303748,4.470682,0,1.0,1,0.75,-0.72,16.0,84.0
2023-03-20 23:30:00,114.90123718333,0.0,0.0,19.942592583333333,3.448666666666667,25.966666666666665,0,5.1764362714980825,70.66250196097344,23,0,3,-0.2588190451025215,0.965925826289068,0.0,1.0,1.0,6.123233995736766e-17,0.0,0.0,0.0416666666666666,8.15,15.45,100.0,79.0,-6.15,3.106984,0.0,-3.0,19.74444442,25.7,25.366666666666667,25.0,25.316666666666663,26.0,-16.493925916666665,-0.024074116666668,-0.4346666666666663,3.883333333333333,3.0786666666666664,19.861728404444445,3.790000000000002,4.470682,4.431014,4.299611,4.2379227,4.424718,1,1.0,1,0.75,-0.73,16.1,83.9
2023-03-20 23:45:00,117.60668454444,0.0,0.0,19.74444442,3.0786666666666664,26.0,0,5.1764362714980825,70.66250196097344,23,0,3,-0.2588190451025215,0.965925826289068,0.0,1.0,1.0,6.123233995736766e-17,0.0,0.0,0.0,9.125,17.075,100.0,78.0,-6.125,3.1112936,0.0,-2.8,19.598148156666664,25.966666666666665,25.7,25.366666666666667,25.0,26.0,-16.66577775333333,-0.1981481633333359,-0.3700000000000005,3.448666666666667,3.041333333333333,19.88456790111111,3.470222222222224,4.424718,4.470682,4.431014,4.299611,4.3868775,0,2.0,0,0.5,-0.77,17.5,82.5
2023-03-21 00:00:00,171.153431355556,74.810618555556,74.821173716666,19.598148156666664,3.041333333333333,26.0,2,5.1764362714980825,70.66250196097344,0,1,3,0.0,1.0,0.7818314824680298,0.6234898018587336,1.0,6.123233995736766e-17,0.0,0.0,0.0,10.1,18.7,100.0,77.0,-6.1,3.1150227,0.0,-2.6,19.7277778,26.0,25.966666666666665,25.7,25.366666666666667,25.95,-16.55681482333333,-0.1462962633333333,-0.0373333333333332,3.0786666666666664,2.7126666666666663,19.761728386666665,3.189555555555557,4.3868775,4.424718,4.470682,4.431014,4.411892,0,2.0,1,0.5,-0.81,18.7,81.3
2023-03-21 00:15:00,425.47548046666,93.699862972222,93.71291808333,19.7277778,2.7126666666666663,25.95,2,5.1764362714980825,70.66250196097344,0,1,3,0.0,1.0,0.7818314824680298,0.6234898018587336,1.0,6.123233995736766e-17,0.0,0.0,0.0,10.075,18.8,99.25,74.5,-6.275,3.0727713,0.0,-2.325,19.892592556666667,26.0,26.0,25.966666666666665,25.7,25.35,-17.015111133333335,0.1296296433333381,-0.3286666666666669,3.041333333333333,2.603333333333333,19.690123458888888,2.944222222222224,4.411892,4.3868775,4.424718,4.470682,4.351743,0,2.0,0,0.5,-0.78,17.7,82.3
2023-03-21 00:30:00,103.626965822224,0.0,0.0,19.892592556666667,2.603333333333333,25.35,0,5.1764362714980825,70.66250196097344,0,1,3,0.0,1.0,0.7818314824680298,0.6234898018587336,1.0,6.123233995736766e-17,0.0,0.0,0.0,10.05,18.9,98.5,72.0,-6.449999999999999,3.0275426,0.0,-2.05,19.67777776,25.95,26.0,26.0,25.966666666666665,24.65,-17.289259223333335,0.1648147566666651,-0.1093333333333332,2.7126666666666663,2.7366666666666664,19.739506171111117,2.7857777777777795,4.351743,4.411892,4.3868775,4.424718,4.1785917,1,2.0,1,0.5,-0.74,16.6,83.4
2023-03-21 00:45:00,141.292125938886,93.6070889,93.620421733332,19.67777776,2.7366666666666664,24.65,2,5.1764362714980825,70.66250196097344,0,1,3,0.0,1.0,0.7818314824680298,0.6234898018587336,1.0,6.123233995736766e-17,0.0,0.0,0.0,10.025,19.0,97.75,69.5,-6.625,2.9792483,0.0,-1.775,19.69259257333333,25.35,25.95,26.0,26.0,24.316666666666663,-16.941111093333333,-0.2148147966666656,0.1333333333333333,2.603333333333333,2.6686666666666667,19.766049372222223,2.6842222222222234,4.1785917,4.351743,4.411892,4.3868775,4.1256723,0,1.0,1,0.75,-0.79,18.3,81.7
2023-03-21 01:00:00,107.070439327774,60.4700811,60.480358538886,19.69259257333333,2.6686666666666667,24.316666666666663,1,5.1764362714980825,70.66250196097344,1,1,3,0.2588190451025207,0.9659258262890684,0.7818314824680298,0.6234898018587336,1.0,6.123233995736766e-17,0.0,0.0,0.0,10.0,19.1,97.0,67.0,-6.8,2.9277997,0.0,-1.5,19.73888887,24.65,25.35,25.95,26.0,23.7,-17.023925906666665,0.0148148133333307,-0.0679999999999996,2.7366666666666664,2.6933333333333334,19.75432096333333,2.669555555555557,4.1256723,4.1785917,4.351743,4.411892,4.031987,0,1.0,1,0.75,-0.79,18.2,81.8
2023-03-21 01:15:00,119.847428211108,52.407070266668,52.417625444444,19.73888887,2.6933333333333334,23.7,1,5.1764362714980825,70.66250196097344,1,1,3,0.2588190451025207,0.9659258262890684,0.7818314824680298,0.6234898018587336,1.0,6.123233995736766e-17,0.0,0.0,0.0,10.8,20.075000000000003,82.0,65.25,-6.875,2.9115748,0.0,-1.2,19.627777793333333,24.316666666666663,24.65,25.35,25.95,23.78333333333333,-17.04555553666667,0.046296296666668,0.0246666666666666,2.6686666666666667,2.694,19.70308640111111,2.6995555555555573,4.031987,4.1256723,4.1785917,4.351743,4.0198574,0,1.0,0,0.75,-0.79,18.0,82.0
2023-03-21 01:30:00,148.947375266664,107.541809272222,107.5631973,19.627777793333333,2.694,23.78333333333333,2,5.1764362714980825,70.66250196097344,1,1,3,0.2588190451025207,0.9659258262890684,0.7818314824680298,0.6234898018587336,1.0,6.123233995736766e-17,0.0,0.0,0.0,11.6,21.05,67.0,63.5,-6.949999999999999,2.893204,0.0,-0.9,19.77777775,23.7,24.316666666666663,24.65,25.35,23.15,-16.933777793333334,-0.1111110766666669,0.0006666666666665,2.6933333333333334,2.630666666666667,19.68641974555556,2.6853333333333347,4.0198574,4.031987,4.1256723,4.1785917,3.9474134,0,0.0,1,1.0,-0.81,18.9,81.1
2023-03-21 01:45:00,56.62856801667,15.279944327778,15.290777194446,19.77777775,2.630666666666667,23.15,1,5.1764362714980825,70.66250196097344,1,1,3,0.2588190451025207,0.9659258262890684,0.7818314824680298,0.6234898018587336,1.0,6.123233995736766e-17,0.0,0.0,0.0,12.4,22.025,52.0,61.75,-7.025,2.872613,0.0,-0.6,19.625925913333333,23.78333333333333,23.7,24.316666666666663,24.65,23.183333333333334,-17.147111083333332,0.1499999566666652,-0.063333333333333,2.694,2.7613333333333334,19.714814804444444,2.672666666666668,3.9474134,4.0198574,4.031987,4.1256723,3.9180198,0,0.0,1,1.0,-0.78,17.8,82.2
2023-03-21 02:00:00,192.032596172222,127.485178172222,127.508232816666,19.625925913333333,2.7613333333333334,23.183333333333334,2,5.1764362714980825,70.66250196097344,2,1,3,0.4999999999999999,0.8660254037844387,0.7818314824680298,0.6234898018587336,1.0,6.123233995736766e-17,0.0,0.0,0.0,13.2,23.0,37.0,60.0,-7.1,2.8497272,0.0,-0.3,19.75555553,23.15,23.78333333333333,23.7,24.316666666666663,23.1,-16.86459258,-0.1518518366666654,0.1306666666666665,2.630666666666667,2.834,19.67716048555556,2.695333333333336,3.9180198,3.9474134,4.0198574,4.031987,3.933756,0,0.0,1,1.0,-0.81,19.0,81.0
2023-03-21 02:15:00,70.389406661106,28.554135588888,28.567746177776,19.75555553,2.834,23.1,1,5.1764362714980825,70.66250196097344,2,1,3,0.4999999999999999,0.8660254037844387,0.7818314824680298,0.6234898018587336,1.0,6.123233995736766e-17,0.0,0.0,0.0,13.825,24.35,50.75,59.5,-7.05,2.8652613,0.0,-0.0999999999999999,19.648148133333333,23.183333333333334,23.15,23.78333333333333,23.7,22.716666666666665,-16.92155553,0.1296296166666657,0.0726666666666666,2.7613333333333334,2.876,19.719753064444443,2.742000000000002,3.933756,3.9180198,3.9474134,4.0198574,3.844166,0,0.0,1,1.0,-0.79,18.0,82.0
2023-03-21 02:30:00,120.722393127778,79.59237174444401,79.60987104444399,19.648148133333333,2.876,22.716666666666665,2,5.1764362714980825,70.66250196097344,2,1,3,0.4999999999999999,0.8660254037844387,0.7818314824680298,0.6234898018587336,1.0,6.123233995736766e-17,0.0,0.0,0.0,14.45,25.7,64.5,59.0,-7.0,2.8806086,0.0,0.1,19.59999999,23.1,23.183333333333334,23.15,23.78333333333333,22.95,-16.77214813333333,-0.1074073966666659,0.0419999999999998,2.834,3.2146666666666666,19.676543192222223,2.82377777777778,3.844166,3.933756,3.9180198,3.9474134,3.8726845,0,0.0,1,1.0,-0.81,18.9,81.1
2023-03-21 02:45:00,161.259660538886,98.393286344444,98.412174472222,19.59999999,3.2146666666666666,22.95,2,5.1764362714980825,70.66250196097344,2,1,3,0.4999999999999999,0.8660254037844387,0.7818314824680298,0.6234898018587336,1.0,6.123233995736766e-17,0.0,0.0,0.0,15.075,27.05,78.25,58.5,-6.95,2.8957644,0.0,0.3000000000000001,19.73703701333333,22.716666666666665,23.1,23.183333333333334,23.15,22.53333333333333,-16.385333323333334,-0.0481481433333321,0.3386666666666666,2.876,3.6786666666666665,19.66790121777778,2.974888888888891,3.8726845,3.844166,3.933756,3.9180198,3.8330896,0,0.0,0,1.0,-0.82,19.2,80.8
2023-03-21 03:00:00,67.40035937777999,23.280735383334,23.292679372222,19.73703701333333,3.6786666666666665,22.53333333333333,1,5.1764362714980825,70.66250196097344,3,1,3,0.7071067811865476,0.7071067811865476,0.7818314824680298,0.6234898018587336,1.0,6.123233995736766e-17,0.0,0.0,0.0,15.7,28.4,92.0,58.0,-6.9,2.9107187,0.0,0.5,19.55555555,22.95,22.716666666666665,23.1,23.183333333333334,22.85,-16.05837034666667,0.1370370233333346,0.4639999999999999,3.2146666666666666,3.9926666666666666,19.66172837888889,3.2564444444444463,3.8330896,3.8726845,3.844166,3.933756,3.8457556,0,0.0,1,1.0,-0.79,18.2,81.8
2023-03-21 03:15:00,165.670595277772,124.491409027778,124.515019216666,19.55555555,3.9926666666666666,22.85,2,5.1764362714980825,70.66250196097344,3,1,3,0.7071067811865476,0.7071067811865476,0.7818314824680298,0.6234898018587336,1.0,6.123233995736766e-17,0.0,0.0,0.0,15.55,28.775,94.0,58.0,-6.875,2.9107187,0.0,0.5,19.727777773333333,22.53333333333333,22.95,22.716666666666665,23.1,22.816666666666663,-15.562888883333336,-0.1814814633333341,0.314,3.6786666666666665,4.197333333333334,19.630864184444444,3.628666666666669,3.8457556,3.8330896,3.8726845,3.844166,3.8791783,0,0.0,1,1.0,-0.83,19.6,80.4
2023-03-21 03:30:00,85.251034338886,26.926422916666,26.937533588888,19.727777773333333,4.197333333333334,22.816666666666663,1,5.1764362714980825,70.66250196097344,3,1,3,0.7071067811865476,0.7071067811865476,0.7818314824680298,0.6234898018587336,1.0,6.123233995736766e-17,0.0,0.0,0.0,15.4,29.15,96.0,58.0,-6.85,2.9107187,0.0,0.5,19.6166667,22.85,22.53333333333333,22.95,22.716666666666665,22.55,-15.53044444,0.1722222233333319,0.2046666666666672,3.9926666666666666,4.520666666666667,19.67345677888889,3.956222222222225,3.8791783,3.8457556,3.8330896,3.8726845,3.8089137,0,0.0,1,1.0,-0.79,18.3,81.7
2023-03-21 03:45:00,132.820798005558,83.694985383334,83.713040244444,19.6166667,4.520666666666667,22.55,2,5.1764362714980825,70.66250196097344,3,1,3,0.7071067811865476,0.7071067811865476,0.7818314824680298,0.6234898018587336,1.0,6.123233995736766e-17,0.0,0.0,0.0,15.25,29.525,98.0,58.0,-6.825,2.9107187,0.0,0.5,19.605555566666663,22.816666666666663,22.85,22.53333333333333,22.95,22.78333333333333,-15.096000033333333,-0.1111110733333333,0.3233333333333332,4.197333333333334,4.563999999999999,19.633333341111115,4.236888888888891,3.8089137,3.8791783,3.8457556,3.8330896,3.845815,0,0.0,1,1.0,-0.82,19.2,80.8
2023-03-21 04:00:00,120.498791138882,78.014379316666,78.032711949998,19.605555566666663,4.563999999999999,22.78333333333333,2,5.1764362714980825,70.66250196097344,4,1,3,0.8660254037844386,0.5000000000000001,0.7818314824680298,0.6234898018587336,1.0,6.123233995736766e-17,0.0,0.0,0.0,15.1,29.9,100.0,58.0,-6.8,2.9107187,0.0,0.5,19.6777778,22.55,22.816666666666663,22.85,22.53333333333333,22.5,-15.041555566666666,-0.0111111333333333,0.0433333333333321,4.520666666666667,5.1,19.650000013333337,4.427333333333335,3.845815,3.8089137,3.8791783,3.8457556,3.81413,0,0.0,0,1.0,-0.82,19.2,80.8
2023-03-21 04:15:00,89.130601316666,33.1020092,33.111453338886,19.6777778,5.1,22.5,1,5.1764362714980825,70.66250196097344,4,1,3,0.8660254037844386,0.5000000000000001,0.7818314824680298,0.6234898018587336,1.0,6.123233995736766e-17,0.0,0.0,0.0,14.525,29.9,100.0,58.25,-6.55,2.973788,0.025,0.75,19.520370343333333,22.78333333333333,22.55,22.816666666666663,22.85,22.683333333333334,-14.577777800000002,0.0722222333333348,0.5360000000000005,4.563999999999999,5.39,19.63333335555556,4.728222222222223,3.81413,3.845815,3.8089137,3.8791783,3.8098176,0,0.0,1,1.0,-0.81,18.7,81.3
2023-03-21 04:30:00,169.275728716666,115.3970506,115.417605394442,19.520370343333333,5.39,22.683333333333334,2,5.1764362714980825,70.66250196097344,4,1,3,0.8660254037844386,0.5000000000000001,0.7818314824680298,0.6234898018587336,1.0,6.123233995736766e-17,0.0,0.0,0.0,13.95,29.9,100.0,58.5,-6.3,3.0380595,0.05,1.0,19.666666650000003,22.5,22.78333333333333,22.55,22.816666666666663,23.4,-14.130370343333333,-0.1574074566666681,0.29,5.1,4.1626666666666665,19.60123457,5.018000000000002,3.8098176,3.81413,3.845815,3.8089137,3.964109,0,0.0,1,1.0,-0.84,19.9,80.1
2023-03-21 04:45:00,45.9448288,0.0,0.0,19.666666650000003,4.1626666666666665,23.4,0,5.1764362714980825,70.66250196097344,4,1,3,0.8660254037844386,0.5000000000000001,0.7818314824680298,0.6234898018587336,1.0,6.123233995736766e-17,0.0,0.0,0.0,13.375,29.9,100.0,58.75,-6.05,3.1035511,0.075,1.25,19.474074076666668,22.683333333333334,22.5,22.78333333333333,22.55,24.15,-15.503999983333337,0.1462963066666702,-1.2273333333333332,5.39,3.518,19.621604931111115,4.884222222222224,3.964109,3.8098176,3.81413,3.845815,4.04513,1,1.0,1,0.75,-0.8,18.6,81.4
2023-03-21 05:00:00,162.55571984444,113.6671198,113.68684126111,19.474074076666668,3.518,24.15,2,5.1764362714980825,70.66250196097344,5,1,3,0.9659258262890684,0.2588190451025207,0.7818314824680298,0.6234898018587336,1.0,6.123233995736766e-17,0.0,0.0,0.0,12.8,29.9,100.0,59.0,-5.8,3.1702843,0.1,1.5,19.54444444,23.4,22.683333333333334,22.5,22.78333333333333,24.85,-15.956074076666669,-0.1925925733333358,-0.6446666666666663,4.1626666666666665,3.6926666666666663,19.553703690000003,4.35688888888889,4.04513,3.964109,3.8098176,3.81413,4.179634,0,1.0,1,0.75,-0.84,20.0,80.0
2023-03-21 05:15:00,94.710378066668,37.379893627778,37.392115355556,19.54444444,3.6926666666666663,24.85,1,5.1764362714980825,70.66250196097344,5,1,3,0.9659258262890684,0.2588190451025207,0.7818314824680298,0.6234898018587336,1.0,6.123233995736766e-17,0.0,0.0,0.0,12.775,29.075,100.0,58.75,-5.75,3.1676066,0.075,1.55,19.50925924,24.15,23.4,22.683333333333334,22.5,25.183333333333334,-15.851777773333332,0.0703703633333319,0.1746666666666665,3.518,2.8400000000000003,19.56172838888889,3.7911111111111127,4.179634,4.04513,3.964109,3.8098176,4.2269487,0,1.0,1,0.75,-0.82,19.3,80.7
2023-03-21 05:30:00,109.065637266664,68.0281121,68.046444716666,19.50925924,2.8400000000000003,25.183333333333334,1,5.1764362714980825,70.66250196097344,5,1,3,0.9659258262890684,0.2588190451025207,0.7818314824680298,0.6234898018587336,1.0,6.123233995736766e-17,0.0,0.0,0.0,12.75,28.25,100.0,58.5,-5.699999999999999,3.1648693,0.05,1.6,19.46666666,24.85,24.15,23.4,22.683333333333334,25.5,-16.66925924,-0.0351852000000008,-0.8526666666666665,3.6926666666666663,2.5780000000000003,19.509259252222225,3.350222222222224,4.2269487,4.179634,4.04513,3.964109,4.2693944,0,1.0,0,0.75,-0.83,19.5,80.5
2023-03-21 05:45:00,144.95336834999802,97.793032588888,97.8119207,19.46666666,2.5780000000000003,25.5,2,5.1764362714980825,70.66250196097344,5,1,3,0.9659258262890684,0.2588190451025207,0.7818314824680298,0.6234898018587336,1.0,6.123233995736766e-17,0.0,0.0,0.0,12.725,27.425,100.0,58.25,-5.65,3.1620722,0.0249999999999999,1.65,19.59444446333333,25.183333333333334,24.85,24.15,23.4,25.5,-16.88866666,-0.0425925800000008,-0.262,2.8400000000000003,2.767333333333333,19.50679011333333,3.0368888888888907,4.2693944,4.2269487,4.179634,4.04513,4.301578,0,0.0,1,1.0,-0.84,19.8,80.2
2023-03-21 06:00:00,76.273060172218,17.377638216666,17.388193361109998,19.59444446333333,2.767333333333333,25.5,1,5.1764362714980825,70.66250196097344,6,1,3,1.0,6.123233995736766e-17,0.7818314824680298,0.6234898018587336,1.0,6.123233995736766e-17,0.0,0.0,0.0,12.7,26.6,100.0,58.0,-5.6,3.1592147,0.0,1.7,19.41111109,25.5,25.183333333333334,24.85,24.15,25.95,-16.82711113,0.1277778033333341,0.1893333333333329,2.5780000000000003,3.0373333333333337,19.52345678777778,2.7284444444444467,4.301578,4.2693944,4.2269487,4.179634,4.3305645,0,0.0,1,1.0,-0.81,18.8,81.2
2023-03-21 06:15:00,219.565661505554,137.631161183334,137.6503271,19.41111109,3.0373333333333337,25.95,2,5.1764362714980825,70.66250196097344,6,1,3,1.0,6.123233995736766e-17,0.7818314824680298,0.6234898018587336,1.0,6.123233995736766e-17,0.0,0.0,0.0,12.7,26.35,100.0,58.0,-5.574999999999999,3.1645834,0.0,1.725,19.612962966666664,25.5,25.5,25.183333333333334,24.85,26.933333333333334,-16.37377775666667,-0.1833333733333297,0.2700000000000004,2.767333333333333,3.0786666666666664,19.490740737777777,2.794222222222224,4.3305645,4.301578,4.2693944,4.2269487,4.5483117,0,0.0,1,1.0,-0.85,20.2,79.8
2023-03-21 06:30:00,76.471385372226,26.294781483334,26.307003194446,19.612962966666664,3.0786666666666664,26.933333333333334,1,5.1764362714980825,70.66250196097344,6,1,3,1.0,6.123233995736766e-17,0.7818314824680298,0.6234898018587336,1.0,6.123233995736766e-17,0.0,0.0,0.0,12.7,26.1,100.0,58.0,-5.55,3.1699598,0.0,1.75,19.46111113,25.95,25.5,25.5,25.183333333333334,27.05,-16.534296299999998,0.2018518766666623,0.0413333333333327,3.0373333333333337,3.1493333333333333,19.539506173333333,2.9611111111111126,4.5483117,4.3305645,4.301578,4.2693944,4.5274277,0,0.0,1,1.0,-0.8,18.4,81.6
2023-03-21 06:45:00,116.080356649998,65.027954327778,65.045175905554,19.46111113,3.1493333333333333,27.05,1,5.1764362714980825,70.66250196097344,6,1,3,1.0,6.123233995736766e-17,0.7818314824680298,0.6234898018587336,1.0,6.123233995736766e-17,0.0,0.0,0.0,12.7,25.85,100.0,58.0,-5.525,3.1753447,0.0,1.775,19.36666668,26.933333333333334,25.95,25.5,25.5,27.28333333333333,-16.311777796666664,-0.1518518366666654,0.0706666666666668,3.0786666666666664,3.618666666666667,19.49506172888889,3.088444444444446,4.5274277,4.5483117,4.3305645,4.301578,4.54118,0,0.0,0,1.0,-0.83,19.6,80.4
2023-03-21 07:00:00,187.318062527778,145.976938472222,146.00332633333198,19.36666668,3.618666666666667,27.28333333333333,2,5.1764362714980825,70.66250196097344,7,1,3,0.9659258262890684,-0.2588190451025206,0.7818314824680298,0.6234898018587336,1.0,6.123233995736766e-17,0.0,0.0,0.0,12.7,25.6,100.0,58.0,-5.5,3.1807377,0.0,1.8,19.59444446,27.05,26.933333333333334,25.95,25.5,26.65,-15.748000013333332,-0.094444450000001,0.4693333333333336,3.1493333333333333,3.5846666666666667,19.48024692555555,3.282222222222224,4.54118,4.5274277,4.5483117,4.3305645,4.4955707,0,0.0,1,1.0,-0.85,20.3,79.7
2023-03-21 07:15:00,51.975143044448,0.0,0.0,19.59444446,3.5846666666666667,26.65,0,5.1764362714980825,70.66250196097344,7,1,3,0.9659258262890684,-0.2588190451025206,0.7818314824680298,0.6234898018587336,1.0,6.123233995736766e-17,6.25,1.5625,0.5208333333333334,13.15,25.5,91.25,57.25,-5.35,3.2204094,0.0,2.175,19.398148133333333,27.28333333333333,27.05,26.933333333333334,25.95,26.683333333333334,-16.00977779333333,0.2277777800000002,-0.0340000000000002,3.618666666666667,4.059333333333333,19.47407409,3.4508888888888904,4.4955707,4.54118,4.5274277,4.5483117,4.4495482,1,1.0,1,0.75,-0.8,18.6,81.4
2023-03-21 07:30:00,156.892335122224,106.5990692,106.621290544444,19.398148133333333,4.059333333333333,26.683333333333334,2,5.1764362714980825,70.66250196097344,7,1,3,0.9659258262890684,-0.2588190451025206,0.7818314824680298,0.6234898018587336,1.0,6.123233995736766e-17,12.5,4.6875,1.5625,13.6,25.4,82.5,56.5,-5.2,3.2597563,0.0,2.55,19.35555557,26.65,27.28333333333333,27.05,26.933333333333334,26.95,-15.3388148,-0.1962963266666655,0.4746666666666663,3.5846666666666667,3.289333333333333,19.453086424444443,3.754222222222224,4.4495482,4.4955707,4.54118,4.5274277,4.482767,0,1.0,1,0.75,-0.85,20.1,79.9
2023-03-21 07:45:00,154.5096527,110.7964013,110.817789311112,19.35555557,3.289333333333333,26.95,2,5.1764362714980825,70.66250196097344,7,1,3,0.9659258262890684,-0.2588190451025206,0.7818314824680298,0.6234898018587336,1.0,6.123233995736766e-17,18.75,9.375,3.125,14.05,25.3,73.75,55.75,-5.050000000000001,3.2987416,0.0,2.925,19.45000002333333,26.683333333333334,26.65,27.28333333333333,27.05,26.35,-16.06622223666667,-0.0425925633333328,-0.7699999999999996,4.059333333333333,3.58,19.44938272111111,3.6444444444444457,4.482767,4.4495482,4.4955707,4.54118,4.407386,0,1.0,0,0.75,-0.86,20.4,79.6
2023-03-21 08:00:00,108.028456455556,62.191956672222,62.209455988888,19.45000002333333,3.58,26.35,1,5.1764362714980825,70.66250196097344,8,1,3,0.8660254037844387,-0.4999999999999998,0.7818314824680298,0.6234898018587336,1.0,6.123233995736766e-17,25.0,15.625,5.208333333333333,14.5,25.2,65.0,55.0,-4.9,3.337324,0.0,3.3,19.51111112,26.95,26.683333333333334,26.65,27.28333333333333,26.0,-15.870000023333334,0.0944444533333346,0.2906666666666666,3.289333333333333,3.9806666666666666,19.40123457555556,3.6428888888888906,4.407386,4.482767,4.4495482,4.4955707,4.3644977,0,1.0,1,0.75,-0.84,19.8,80.2
2023-03-21 08:15:00,290.957250177776,23.792103844444,23.805158872222,19.51111112,3.9806666666666666,26.0,1,5.1764362714980825,70.66250196097344,8,1,3,0.8660254037844387,-0.4999999999999998,0.7818314824680298,0.6234898018587336,1.0,6.123233995736766e-17,57.5,28.4375,10.0,13.95,26.275,61.25,54.5,-4.65,3.4023643,0.0,3.725,19.46851849333333,26.35,26.95,26.683333333333334,26.65,26.0,-15.530444453333336,0.0611110966666679,0.4006666666666665,3.58,4.5600000000000005,19.438888904444443,3.616666666666669,4.3644977,4.407386,4.482767,4.4495482,4.3535833,0,0.0,0,1.0,-0.82,19.4,80.6
2023-03-21 08:30:00,163.733728122224,117.387526494446,117.410025594446,19.46851849333333,4.5600000000000005,26.0,2,5.1764362714980825,70.66250196097344,8,1,3,0.8660254037844387,-0.4999999999999998,0.7818314824680298,0.6234898018587336,1.0,6.123233995736766e-17,90.0,47.8125,17.5,13.4,27.35,57.5,54.0,-4.4,3.4680324,0.0,4.15,19.68888888,26.0,26.35,26.95,26.683333333333334,25.95,-14.90851849333333,-0.0425926266666714,0.5793333333333339,3.9806666666666666,5.210666666666667,19.476543212222225,4.040222222222224,4.3535833,4.3644977,4.407386,4.482767,4.401833,0,0.0,1,1.0,-0.83,19.7,80.3
2023-03-21 08:45:00,77.611617711108,32.938404644444,32.952292988888,19.68888888,5.210666666666667,25.95,1,5.1764362714980825,70.66250196097344,8,1,3,0.8660254037844387,-0.4999999999999998,0.7818314824680298,0.6234898018587336,1.0,6.123233995736766e-17,122.5,73.75,27.70833333333333,12.85,28.425,53.75,53.5,-4.15,3.5343106,0.0,4.575,20.114814846666665,26.0,26.0,26.35,26.95,25.35,-14.47822221333333,0.2203703866666657,0.6506666666666661,4.5600000000000005,6.004,19.556172831111112,4.58377777777778,4.401833,4.3535833,4.3644977,4.407386,4.4087405,0,0.0,1,1.0,-0.78,18.0,82.0
2023-03-21 09:00:00,72.859030005554,24.629848116666,24.64290316111,20.114814846666665,6.004,25.35,1,5.1764362714980825,70.66250196097344,9,1,3,0.7071067811865476,-0.7071067811865475,0.7818314824680298,0.6234898018587336,1.0,6.123233995736766e-17,155.0,106.25,40.625,12.3,29.5,50.0,53.0,-3.9,3.6011825,0.0,5.0,20.42777776,25.95,26.0,26.0,26.35,24.95,-14.110814846666663,0.4259259666666679,0.7933333333333339,5.210666666666667,6.766666666666667,19.757407406666665,5.258222222222224,4.4087405,4.401833,4.3535833,4.3644977,4.419257,0,0.0,0,1.0,-0.69,15.0,85.0
2023-03-21 09:15:00,188.9624412,124.430855883334,124.46696553889,20.42777776,6.766666666666667,24.95,2,5.1764362714980825,70.66250196097344,9,1,3,0.7071067811865476,-0.7071067811865475,0.7818314824680298,0.6234898018587336,1.0,6.123233995736766e-17,213.5,145.25,58.41666666666666,13.175,30.775,56.25,50.0,-4.2,3.528594,0.0,5.575,20.959259256666662,25.35,25.95,26.0,26.0,24.35,-13.661111093333336,0.3129629133333367,0.7626666666666662,6.004,7.498,20.07716049555556,5.99377777777778,4.419257,4.4087405,4.401833,4.3535833,4.448573,0,0.0,1,1.0,-0.62,13.1,86.9
2023-03-21 09:30:00,95.04119828333,0.0,0.0,20.959259256666662,7.498,24.35,0,5.1764362714980825,70.66250196097344,9,1,3,0.7071067811865476,-0.7071067811865475,0.7818314824680298,0.6234898018587336,1.0,6.123233995736766e-17,272.0,190.75,81.08333333333333,14.05,32.05,62.5,47.0,-4.5,3.444402,0.0,6.15,21.5888889,24.95,25.35,25.95,26.0,23.6,-13.461259256666663,0.5314814966666646,0.7313333333333336,6.766666666666667,7.843999999999999,20.50061728777778,6.756222222222224,4.448573,4.419257,4.4087405,4.401833,4.4718523,1,1.0,1,0.75,-0.5,10.3,89.7
2023-03-21 09:45:00,120.741003466668,0.0,0.0,21.5888889,7.843999999999999,23.6,0,5.1764362714980825,70.66250196097344,9,1,3,0.7071067811865476,-0.7071067811865475,0.7818314824680298,0.6234898018587336,1.0,6.123233995736766e-17,330.5,242.75,108.625,14.925,33.325,68.75,44.0,-4.8,3.347922,0.0,6.725,21.914814823333334,24.35,24.95,25.35,25.95,23.03333333333333,-13.744888899999998,0.629629643333331,0.3459999999999992,7.498,7.926666666666667,20.99197530555556,7.369555555555557,4.4718523,4.448573,4.419257,4.4087405,4.447422,0,2.0,0,0.5,-0.36,7.8,92.2
2023-03-21 10:00:00,200.251156366664,93.1604401,93.229326294442,21.914814823333334,7.926666666666667,23.03333333333333,2,5.1764362714980825,70.66250196097344,10,1,3,0.4999999999999999,-0.8660254037844387,0.7818314824680298,0.6234898018587336,1.0,6.123233995736766e-17,389.0,301.25,141.04166666666666,15.8,34.6,75.0,41.0,-5.1,3.2384431,0.0,7.3,22.13888891,23.6,24.35,24.95,25.35,22.95,-13.988148156666668,0.3259259233333367,0.0826666666666673,7.843999999999999,7.864000000000001,21.487654326666668,7.756222222222224,4.447422,4.4718523,4.448573,4.419257,4.488936,0,2.0,1,0.5,-0.29,6.8,93.2
2023-03-21 10:15:00,133.72965068333,27.00280876111,27.074194838886,22.13888891,7.864000000000001,22.95,1,5.1764362714980825,70.66250196097344,10,1,3,0.4999999999999999,-0.8660254037844387,0.7818314824680298,0.6234898018587336,1.0,6.123233995736766e-17,402.0,348.375,174.02083333333334,16.3,36.2,71.75,40.0,-5.199999999999999,3.2058432,0.0,7.524999999999999,22.374074086666667,23.03333333333333,23.6,24.35,24.95,22.53333333333333,-14.274888909999998,0.2240740866666648,-0.0626666666666659,7.926666666666667,7.917333333333334,21.880864211111103,7.878222222222224,4.488936,4.447422,4.4718523,4.448573,4.4674816,0,2.0,1,0.5,-0.24,6.2,93.8
2023-03-21 10:30:00,168.921020672222,0.0,0.0,22.374074086666667,7.917333333333334,22.53333333333333,0,5.1764362714980825,70.66250196097344,10,1,3,0.4999999999999999,-0.8660254037844387,0.7818314824680298,0.6234898018587336,1.0,6.123233995736766e-17,415.0,384.125,207.5625,16.8,37.8,68.5,39.0,-5.3,3.1715024,0.0,7.75,22.31111113,22.95,23.03333333333333,23.6,24.35,22.2,-14.456740753333332,0.2351851766666683,0.0533333333333327,7.864000000000001,8.236666666666666,22.142592606666668,7.9026666666666685,4.4674816,4.488936,4.447422,4.4718523,4.38549,1,2.0,1,0.5,-0.19,5.7,94.3
2023-03-21 10:45:00,227.019252333328,63.577456833332,63.691341211108,22.31111113,8.236666666666666,22.2,1,5.1764362714980825,70.66250196097344,10,1,3,0.4999999999999999,-0.8660254037844387,0.7818314824680298,0.6234898018587336,1.0,6.123233995736766e-17,428.0,408.5,241.66666666666663,17.3,39.4,65.25,38.0,-5.4,3.135383,0.0,7.975,22.40000001,22.53333333333333,22.95,23.03333333333333,23.6,22.28333333333333,-14.07444446333333,-0.06296295666667,0.3193333333333328,7.917333333333334,8.468666666666667,22.27469137555556,8.006000000000002,4.38549,4.4674816,4.488936,4.447422,4.4245048,0,1.0,1,0.75,-0.21,5.9,94.1
2023-03-21 11:00:00,207.615861683334,47.693925516666,47.810865288888,22.40000001,8.468666666666667,22.28333333333333,1,5.1764362714980825,70.66250196097344,11,1,3,0.258819045102521,-0.9659258262890682,0.7818314824680298,0.6234898018587336,1.0,6.123233995736766e-17,441.0,421.5,276.3333333333333,17.8,41.0,62.0,37.0,-5.5,3.097445,0.0,8.2,22.59444443,22.2,22.53333333333333,22.95,23.03333333333333,22.0,-13.931333343333332,0.0888888800000025,0.2320000000000011,8.236666666666666,8.825333333333333,22.36172840888889,8.207555555555558,4.4245048,4.38549,4.4674816,4.488936,4.417299,0,1.0,0,0.75,-0.18,5.7,94.3
2023-03-21 11:15:00,170.535122922216,0.0,0.0,22.59444443,8.825333333333333,22.0,0,5.1764362714980825,70.66250196097344,11,1,3,0.258819045102521,-0.9659258262890682,0.7818314824680298,0.6234898018587336,1.0,6.123233995736766e-17,484.5,442.125,311.9166666666667,17.5,41.0,58.25,37.25,-5.175,3.184201,0.0,8.524999999999999,22.394444426666663,22.28333333333333,22.2,22.53333333333333,22.95,22.0,-13.769111096666666,0.1944444199999999,0.3566666666666656,8.468666666666667,8.989333333333333,22.43518519,8.510222222222225,4.417299,4.4245048,4.38549,4.4674816,4.366852,1,2.0,1,0.5,-0.14,5.4,94.6
2023-03-21 11:30:00,211.161830905558,44.400446127778,44.51683033889,22.394444426666663,8.989333333333333,22.0,1,5.1764362714980825,70.66250196097344,11,1,3,0.258819045102521,-0.9659258262890682,0.7818314824680298,0.6234898018587336,1.0,6.123233995736766e-17,528.0,470.375,348.4166666666667,17.200000000000003,41.0,54.5,37.5,-4.85,3.2730572,0.0,8.85,22.31111113,22.0,22.28333333333333,22.2,22.53333333333333,22.3,-13.405111093333334,-0.2000000033333329,0.1639999999999997,8.825333333333333,8.837333333333333,22.462962955555557,8.761111111111113,4.366852,4.417299,4.4245048,4.38549,4.4052444,0,1.0,1,0.75,-0.19,5.7,94.3
2023-03-21 11:45:00,222.121670294446,57.951848533332,58.072399311108,22.31111113,8.837333333333333,22.3,1,5.1764362714980825,70.66250196097344,11,1,3,0.258819045102521,-0.9659258262890682,0.7818314824680298,0.6234898018587336,1.0,6.123233995736766e-17,571.5,506.25,385.8333333333333,16.900000000000002,41.0,50.75,37.75,-4.525,3.364058,0.0,9.175,22.833333336666666,22.0,22.0,22.28333333333333,22.2,21.85,-13.473777796666663,-0.0833332966666695,-0.1519999999999992,8.989333333333333,9.238,22.43333332888889,8.884000000000002,4.4052444,4.366852,4.417299,4.4245048,4.4476824,0,1.0,0,0.75,-0.21,5.9,94.1
2023-03-21 12:00:00,167.414136649994,0.0,0.0,22.833333336666666,9.238,21.85,0,5.1764362714980825,70.66250196097344,12,1,3,1.2246467991473532e-16,-1.0,0.7818314824680298,0.6234898018587336,1.0,6.123233995736766e-17,615.0,549.75,424.1666666666667,16.6,41.0,47.0,38.0,-4.2,3.4572468,0.0,9.5,23.75000001,22.3,22.0,22.0,22.28333333333333,21.15,-13.595333336666666,0.5222222066666689,0.400666666666666,8.837333333333333,10.543333333333331,22.512962964444444,9.021555555555556,4.4476824,4.4052444,4.366852,4.417299,4.5364356,1,2.0,1,0.5,-0.09,5.2,94.8
2023-03-21 12:15:00,89.421423033332,0.0,0.0,23.75000001,10.543333333333331,21.15,0,5.1764362714980825,70.66250196097344,12,1,3,1.2246467991473532e-16,-1.0,0.7818314824680298,0.6234898018587336,1.0,6.123233995736766e-17,644.5,589.75,460.0833333333333,16.025000000000002,40.475,35.25,38.0,-3.925,3.512671,0.0,9.75,24.44629627,21.85,22.3,22.0,22.0,20.816666666666663,-13.206666676666668,0.9166666733333352,1.3053333333333337,9.238,10.181333333333331,22.96481482555556,9.539555555555555,4.5364356,4.4476824,4.4052444,4.366852,4.64481,0,2.0,0,0.5,0.12,5.3,94.7
2023-03-21 12:30:00,89.689467744448,0.0,0.0,24.44629627,10.181333333333331,20.816666666666663,0,5.1764362714980825,70.66250196097344,12,1,3,1.2246467991473532e-16,-1.0,0.7818314824680298,0.6234898018587336,1.0,6.123233995736766e-17,674.0,626.25,493.5833333333333,15.45,39.95,23.5,38.0,-3.65,3.568868,0.0,10.0,24.93888888,21.15,21.85,22.3,22.0,20.45,-14.264962936666668,0.6962962600000004,-0.3620000000000001,10.543333333333331,10.419333333333332,23.67654320555556,9.987555555555558,4.64481,4.5364356,4.4476824,4.4052444,4.691687,0,3.0,0,0.25,0.28,6.6,93.4
2023-03-21 12:45:00,95.798945688888,0.0,0.0,24.93888888,10.419333333333332,20.45,0,5.1764362714980825,70.66250196097344,12,1,3,1.2246467991473532e-16,-1.0,0.7818314824680298,0.6234898018587336,1.0,6.123233995736766e-17,703.5,659.25,524.6666666666666,14.875000000000002,39.425,11.75,38.0,-3.375,3.625848,0.0,10.25,25.28888886,20.816666666666663,21.15,21.85,22.3,20.03333333333333,-14.519555546666664,0.4925926099999955,0.2379999999999995,10.181333333333331,10.884,24.37839505333333,10.381333333333334,4.691687,4.64481,4.5364356,4.4476824,4.6875243,0,4.0,0,0.0,0.39,8.2,91.8
2023-03-21 13:00:00,85.515190372222,0.0,0.0,25.28888886,10.884,20.03333333333333,0,5.1764362714980825,70.66250196097344,13,1,3,-0.2588190451025208,-0.9659258262890684,0.7818314824680298,0.6234898018587336,1.0,6.123233995736766e-17,733.0,688.75,553.3333333333334,14.3,38.9,0.0,38.0,-3.1,3.6836185,0.0,10.5,25.52777779,20.45,20.816666666666663,21.15,21.85,19.65,-14.404888860000002,0.3499999800000033,0.4646666666666661,10.419333333333332,11.872666666666667,24.89135800333333,10.49488888888889,4.6875243,4.691687,4.64481,4.5364356,4.659921,0,4.0,0,0.0,0.47,9.6,90.4
2023-03-21 13:15:00,92.287141749998,0.0,0.0,25.52777779,11.872666666666667,19.65,0,5.1764362714980825,70.66250196097344,13,1,3,-0.2588190451025208,-0.9659258262890684,0.7818314824680298,0.6234898018587336,1.0,6.123233995736766e-17,742.25,713.1875,581.6875,14.25,38.0,24.25,37.75,-2.975,3.7175703,0.0,10.75,25.62777778666667,20.03333333333333,20.45,20.816666666666663,21.15,19.5,-13.655111123333334,0.2388889300000016,0.9886666666666688,10.884,11.766666666666667,25.251851843333338,11.058666666666667,4.659921,4.6875243,4.691687,4.64481,4.650355,0,4.0,0,0.0,0.52,10.8,89.2
2023-03-21 13:30:00,84.656613533336,0.0,0.0,25.62777778666667,11.766666666666667,19.5,0,5.1764362714980825,70.66250196097344,13,1,3,-0.2588190451025208,-0.9659258262890684,0.7818314824680298,0.6234898018587336,1.0,6.123233995736766e-17,751.5,732.5625,609.7291666666666,14.2,37.1,48.5,37.5,-2.85,3.751551,0.0,11.0,25.74444447,19.65,20.03333333333333,20.45,20.816666666666663,19.5,-13.861111120000002,0.0999999966666678,-0.1059999999999998,11.872666666666667,11.754666666666669,25.48148147888889,11.50777777777778,4.650355,4.659921,4.6875243,4.691687,4.6808543,0,4.0,0,0.0,0.55,11.3,88.7
2023-03-21 13:45:00,74.86283878333,0.0,0.0,25.74444447,11.754666666666669,19.5,0,5.1764362714980825,70.66250196097344,13,1,3,-0.2588190451025208,-0.9659258262890684,0.7818314824680298,0.6234898018587336,1.0,6.123233995736766e-17,760.75,746.875,637.4583333333334,14.15,36.2,72.75,37.25,-2.725,3.7855527,0.0,11.25,25.7777778,19.5,19.65,20.03333333333333,20.45,19.5,-13.989777803333334,0.1166666833333316,-0.0120000000000004,11.766666666666667,11.626,25.633333348888893,11.798000000000002,4.6808543,4.650355,4.659921,4.6875243,4.689601,0,4.0,0,0.0,0.57,11.9,88.1
2023-03-21 14:00:00,83.77803762777799,0.0,0.0,25.7777778,11.626,19.5,0,5.1764362714980825,70.66250196097344,14,1,3,-0.4999999999999997,-0.8660254037844388,0.7818314824680298,0.6234898018587336,1.0,6.123233995736766e-17,770.0,756.125,664.875,14.1,35.3,97.0,37.0,-2.6,3.819569,0.0,11.5,25.72222222,19.5,19.5,19.65,20.03333333333333,19.55,-14.1517778,0.0333333299999978,-0.1286666666666676,11.754666666666669,12.129333333333332,25.716666685555555,11.71577777777778,4.689601,4.6808543,4.650355,4.659921,4.687018,0,4.0,0,0.0,0.58,12.1,87.9
2023-03-21 14:15:00,138.776115466664,57.689081244444,57.731024033332,25.72222222,12.129333333333332,19.55,1,5.1764362714980825,70.66250196097344,14,1,3,-0.4999999999999997,-0.8660254037844388,0.7818314824680298,0.6234898018587336,1.0,6.123233995736766e-17,711.25,748.375,683.7708333333334,15.0,36.475,97.0,37.0,-2.575,3.819569,0.0,11.5,25.587037056666667,19.5,19.5,19.5,19.65,19.78333333333333,-13.592888886666666,-0.05555558,0.5033333333333339,11.626,12.062666666666669,25.748148163333337,11.836666666666668,4.687018,4.689601,4.6808543,4.650355,4.7071595,0,3.0,1,0.25,0.57,11.8,88.2
2023-03-21 14:30:00,96.641134216666,26.296725855556,26.333391072222,25.587037056666667,12.062666666666669,19.78333333333333,1,5.1764362714980825,70.66250196097344,14,1,3,-0.4999999999999997,-0.8660254037844388,0.7818314824680298,0.6234898018587336,1.0,6.123233995736766e-17,652.5,723.625,694.1458333333334,15.9,37.65,97.0,37.0,-2.55,3.819569,0.0,11.5,25.49444444,19.55,19.5,19.5,19.5,19.55,-13.52437039,-0.1351851633333325,-0.0666666666666664,12.129333333333332,12.376666666666669,25.695679025555552,11.939333333333336,4.7071595,4.687018,4.689601,4.6808543,4.627544,0,2.0,0,0.5,0.54,11.1,88.9
2023-03-21 14:45:00,82.747523333332,0.0,0.0,25.49444444,12.376666666666669,19.55,0,5.1764362714980825,70.66250196097344,14,1,3,-0.4999999999999997,-0.8660254037844388,0.7818314824680298,0.6234898018587336,1.0,6.123233995736766e-17,593.75,681.875,696.0,16.8,38.825,97.0,37.0,-2.525,3.819569,0.0,11.5,25.07592590333333,19.78333333333333,19.55,19.5,19.5,19.966666666666665,-13.117777773333332,-0.0925926166666677,0.314,12.062666666666669,12.078,25.601234572222225,12.189555555555556,4.627544,4.7071595,4.687018,4.689601,4.6162944,1,2.0,1,0.5,0.52,10.6,89.4
2023-03-21 15:00:00,86.057390883334,0.0,0.0,25.07592590333333,12.078,19.966666666666665,0,5.1764362714980825,70.66250196097344,15,1,3,-0.7071067811865471,-0.7071067811865479,0.7818314824680298,0.6234898018587336,1.0,6.123233995736766e-17,535.0,623.125,689.3333333333334,17.7,40.0,97.0,37.0,-2.5,3.819569,0.0,11.5,24.84444441,19.55,19.78333333333333,19.55,19.5,20.05,-12.997925903333332,-0.4185185366666673,-0.2986666666666675,12.376666666666669,12.450666666666669,25.385802466666664,12.172444444444446,4.6162944,4.627544,4.7071595,4.687018,4.575491,0,2.0,0,0.5,0.42,8.7,91.3
2023-03-21 15:15:00,73.809825305554,0.0,0.0,24.84444441,12.450666666666669,20.05,0,5.1764362714980825,70.66250196097344,15,1,3,-0.7071067811865471,-0.7071067811865479,0.7818314824680298,0.6234898018587336,1.0,6.123233995736766e-17,479.75,565.25,675.6041666666666,16.825,40.175,79.0,37.75,-2.4,3.8665752,0.0,11.375,24.605555563333333,19.966666666666665,19.55,19.78333333333333,19.55,20.466666666666665,-12.393777743333334,-0.2314814933333302,0.3726666666666673,12.078,12.403333333333334,25.138271584444443,12.30177777777778,4.575491,4.6162944,4.627544,4.7071595,4.608018,0,3.0,0,0.25,0.37,7.8,92.2
2023-03-21 15:30:00,582.3803150722181,76.8927575,76.936644677776,24.605555563333333,12.403333333333334,20.466666666666665,2,5.1764362714980825,70.66250196097344,15,1,3,-0.7071067811865471,-0.7071067811865479,0.7818314824680298,0.6234898018587336,1.0,6.123233995736766e-17,424.5,508.25,654.8125,15.95,40.35,61.0,38.5,-2.3,3.9125845,0.0,11.25,24.43888888,20.05,19.966666666666665,19.55,19.78333333333333,20.55,-12.20222223,-0.2388888466666685,-0.0473333333333325,12.450666666666669,11.949333333333334,24.84197529222222,12.310666666666668,4.608018,4.575491,4.6162944,4.627544,4.5833874,0,3.0,1,0.25,0.32,7.1,92.9
2023-03-21 15:45:00,325.54114458333,0.0,0.0,24.43888888,11.949333333333334,20.55,0,5.1764362714980825,70.66250196097344,15,1,3,-0.7071067811865471,-0.7071067811865479,0.7818314824680298,0.6234898018587336,1.0,6.123233995736766e-17,369.25,452.125,626.9583333333334,15.075,40.525000000000006,43.0,39.25,-2.2,3.957607,0.0,11.125,23.898148186666667,20.466666666666665,20.05,19.966666666666665,19.55,20.966666666666665,-12.489555546666663,-0.1666666833333359,-0.4540000000000006,12.403333333333334,11.41,24.62962961777778,12.26777777777778,4.5833874,4.608018,4.575491,4.6162944,4.535143,1,3.0,1,0.25,0.28,6.6,93.4
2023-03-21 16:00:00,72.274886588892,0.0,0.0,23.898148186666667,11.41,20.966666666666665,0,5.1764362714980825,70.66250196097344,16,1,3,-0.8660254037844385,-0.5000000000000004,0.7818314824680298,0.6234898018587336,1.0,6.123233995736766e-17,314.0,396.875,592.0416666666666,14.2,40.7,25.0,40.0,-2.1,4.001654,0.0,11.0,23.28333333,20.55,20.466666666666665,20.05,19.966666666666665,21.4,-12.488148186666669,-0.5407406933333299,-0.5393333333333334,11.949333333333334,11.07,24.31419754333333,11.920888888888893,4.535143,4.5833874,4.608018,4.575491,4.469621,0,3.0,0,0.25,0.15,5.5,94.5
2023-03-21 16:15:00,78.095209466664,0.0,0.0,23.28333333,11.07,21.4,0,5.1764362714980825,70.66250196097344,16,1,3,-0.8660254037844385,-0.5000000000000004,0.7818314824680298,0.6234898018587336,1.0,6.123233995736766e-17,348.0,363.9375,559.1875,14.15,39.075,30.0,42.5,-1.825,4.113336,0.0,10.475,22.75740740333333,20.966666666666665,20.55,20.466666666666665,20.05,21.966666666666665,-12.21333333,-0.6148148566666656,-0.3399999999999998,11.41,11.079333333333333,23.87345679888889,11.476444444444446,4.469621,4.535143,4.5833874,4.608018,4.4520206,0,3.0,0,0.25,0.01,5.0,95.0
2023-03-21 16:30:00,110.59252062222,27.999435527778,28.037211833332,22.75740740333333,11.079333333333333,21.966666666666665,1,5.1764362714980825,70.66250196097344,16,1,3,-0.8660254037844385,-0.5000000000000004,0.7818314824680298,0.6234898018587336,1.0,6.123233995736766e-17,382.0,353.3125,528.3958333333334,14.1,37.45,35.0,45.0,-1.55,4.212908,0.0,9.95,22.39444444,21.4,20.966666666666665,20.55,20.466666666666665,22.35,-11.67807407,-0.5259259266666696,0.0093333333333323,11.07,10.752666666666666,23.312962973333335,11.186444444444447,4.4520206,4.469621,4.535143,4.5833874,4.4363246,0,3.0,1,0.25,-0.1,5.2,94.8
2023-03-21 16:45:00,145.463903411112,74.6420142,74.684790288888,22.39444444,10.752666666666666,22.35,2,5.1764362714980825,70.66250196097344,16,1,3,-0.8660254037844385,-0.5000000000000004,0.7818314824680298,0.6234898018587336,1.0,6.123233995736766e-17,416.0,365.0,499.6666666666667,14.05,35.825,40.0,47.5,-1.275,4.3009615,0.0,9.425,22.220370376666665,21.966666666666665,21.4,20.966666666666665,20.55,22.5,-11.641777773333333,-0.3629629633333344,-0.3266666666666662,11.079333333333333,10.734666666666667,22.811728391111117,10.967333333333334,4.4363246,4.4520206,4.469621,4.535143,4.4216104,0,2.0,1,0.5,-0.19,5.7,94.3
2023-03-21 17:00:00,326.657488794442,0.0,0.0,22.220370376666665,10.734666666666667,22.5,0,5.1764362714980825,70.66250196097344,17,1,3,-0.9659258262890684,-0.2588190451025206,0.7818314824680298,0.6234898018587336,1.0,6.123233995736766e-17,450.0,399.0,473.0,14.0,34.2,45.0,50.0,-1.0,4.3780656,0.0,8.9,21.89444442,22.35,21.966666666666665,21.4,20.966666666666665,22.85,-11.485703709999996,-0.1740740633333324,-0.0179999999999989,10.752666666666666,10.529333333333334,22.457407406666665,10.855555555555556,4.4216104,4.4363246,4.4520206,4.469621,4.4068413,1,2.0,1,0.5,-0.23,6.1,93.9
2023-03-21 17:15:00,87.73871264444,0.0,0.0,21.89444442,10.529333333333334,22.85,0,5.1764362714980825,70.66250196097344,17,1,3,-0.9659258262890684,-0.2588190451025206,0.7818314824680298,0.6234898018587336,1.0,6.123233995736766e-17,404.0,413.0,447.3958333333333,12.3,33.75,51.75,51.75,-0.9,4.423689,0.0,8.525,21.54444444,22.5,22.35,21.966666666666665,21.4,23.0,-11.365111086666666,-0.3259259566666657,-0.2053333333333338,10.734666666666667,10.358666666666666,22.16975307888889,10.672222222222224,4.4068413,4.4216104,4.4363246,4.4520206,4.3469725,0,2.0,0,0.5,-0.3,6.8,93.2
2023-03-21 17:30:00,135.012932733328,61.908912444444,61.949744194442,21.54444444,10.358666666666666,23.0,1,5.1764362714980825,70.66250196097344,17,1,3,-0.9659258262890684,-0.2588190451025206,0.7818314824680298,0.6234898018587336,1.0,6.123233995736766e-17,358.0,407.0,422.8541666666667,10.6,33.3,58.5,53.5,-0.8,4.4643464,0.0,8.15,21.3888889,22.85,22.5,22.35,21.966666666666665,23.35,-11.185777773333331,-0.3499999799999997,-0.1706666666666674,10.529333333333334,10.029333333333334,21.88641974555556,10.54088888888889,4.3469725,4.4068413,4.4216104,4.4363246,4.373559,0,2.0,1,0.5,-0.38,8.0,92.0
2023-03-21 17:45:00,123.24312566111,53.635076744444,53.675352949998,21.3888889,10.029333333333334,23.35,1,5.1764362714980825,70.66250196097344,17,1,3,-0.9659258262890684,-0.2588190451025206,0.7818314824680298,0.6234898018587336,1.0,6.123233995736766e-17,312.0,381.0,399.375,8.899999999999999,32.85,65.25,55.25,-0.7,4.5002236,0.0,7.775,21.307407426666668,23.0,22.85,22.5,22.35,23.5,-11.359555566666668,-0.1555555399999981,-0.3293333333333326,10.358666666666666,9.69,21.60925925333333,10.30577777777778,4.373559,4.3469725,4.4068413,4.4216104,4.380921,0,2.0,0,0.5,-0.41,8.5,91.5
2023-03-21 18:00:00,88.42257420555,0.0,0.0,21.307407426666668,9.69,23.5,0,5.1764362714980825,70.66250196097344,18,1,3,-1.0,-1.8369701987210294e-16,0.7818314824680298,0.6234898018587336,1.0,6.123233995736766e-17,266.0,335.0,376.9583333333333,7.2,32.4,72.0,57.0,-0.6,4.5314994,0.0,7.4,21.00555554,23.35,23.0,22.85,22.5,23.55,-11.617407426666668,-0.0814814733333335,-0.3393333333333341,10.029333333333334,9.355333333333334,21.41358025555556,10.026000000000002,4.380921,4.373559,4.3469725,4.4068413,4.314009,1,2.0,1,0.5,-0.43,8.8,91.2
2023-03-21 18:15:00,131.207807077776,56.337190872222,56.37802262222,21.00555554,9.355333333333334,23.55,1,5.1764362714980825,70.66250196097344,18,1,3,-1.0,-1.8369701987210294e-16,0.7818314824680298,0.6234898018587336,1.0,6.123233995736766e-17,221.75,289.4375,355.4583333333333,7.15,28.0,78.25,60.5,-0.5,4.595901,0.0,6.7,20.933333336666667,23.5,23.35,23.0,22.85,23.966666666666665,-11.650222206666664,-0.3018518866666682,-0.3346666666666653,9.69,8.796666666666665,21.233950622222224,9.691555555555558,4.314009,4.380921,4.373559,4.3469725,4.3719487,0,1.0,1,0.75,-0.5,10.2,89.8
2023-03-21 18:30:00,137.44922397778,69.471665472222,69.513608244444,20.933333336666667,8.796666666666665,23.966666666666665,1,5.1764362714980825,70.66250196097344,18,1,3,-1.0,-1.8369701987210294e-16,0.7818314824680298,0.6234898018587336,1.0,6.123233995736766e-17,177.5,244.3125,334.875,7.1,23.6,84.5,64.0,-0.4,4.644397,0.0,6.0,20.94444442,23.55,23.5,23.35,23.0,24.1,-12.136666670000002,-0.0722222033333324,-0.5586666666666691,9.355333333333334,8.413333333333334,21.08209876777778,9.280666666666669,4.3719487,4.314009,4.380921,4.373559,4.3991103,0,1.0,0,0.75,-0.51,10.5,89.5
2023-03-21 18:45:00,531.623456561106,0.0,0.0,20.94444442,8.413333333333334,24.1,0,5.1764362714980825,70.66250196097344,18,1,3,-1.0,-1.8369701987210294e-16,0.7818314824680298,0.6234898018587336,1.0,6.123233995736766e-17,133.25,199.625,315.2083333333333,7.05,19.200000000000003,90.75,67.5,-0.3,4.6781263,0.0,5.3,20.74814817,23.966666666666665,23.55,23.5,23.35,25.116666666666667,-12.531111086666666,0.0111110833333327,-0.3833333333333311,8.796666666666665,8.13,20.96111109888889,8.855111111111112,4.3991103,4.3719487,4.314009,4.380921,4.5326347,1,2.0,1,0.5,-0.51,10.4,89.6
2023-03-21 19:00:00,625.35609592222,0.0,0.0,20.74814817,8.13,25.116666666666667,0,5.1764362714980825,70.66250196097344,19,1,3,-0.9659258262890684,0.2588190451025203,0.7818314824680298,0.6234898018587336,1.0,6.123233995736766e-17,89.0,155.375,296.4583333333333,7.0,14.8,97.0,71.0,-0.2,4.698175,0.0,4.6,20.53333334,24.1,23.966666666666665,23.55,23.5,26.25,-12.61814817,-0.1962962499999996,-0.2833333333333332,8.413333333333334,7.832666666666666,20.875308642222222,8.446666666666667,4.5326347,4.3991103,4.3719487,4.314009,4.6782384,0,2.0,0,0.5,-0.55,11.3,88.7
2023-03-21 19:15:00,136.778695333332,0.0,0.0,20.53333334,7.832666666666666,26.25,0,5.1764362714980825,70.66250196097344,19,1,3,-0.9659258262890684,0.2588190451025203,0.7818314824680298,0.6234898018587336,1.0,6.123233995736766e-17,67.25,116.75,273.0625,6.6,13.25,94.75,69.75,-0.7,4.531976,0.0,4.324999999999999,20.32407406333333,25.116666666666667,24.1,23.966666666666665,23.55,26.966666666666665,-12.700666673333336,-0.2148148299999981,-0.2973333333333343,8.13,7.480666666666667,20.74197531,8.125333333333336,4.6782384,4.5326347,4.3991103,4.3719487,4.7476244,0,3.0,0,0.25,-0.59,12.3,87.7
2023-03-21 19:30:00,125.58608752222,0.0,0.0,20.32407406333333,7.480666666666667,26.966666666666665,0,5.1764362714980825,70.66250196097344,19,1,3,-0.9659258262890684,0.2588190451025203,0.7818314824680298,0.6234898018587336,1.0,6.123233995736766e-17,45.5,83.75,245.02083333333331,6.2,11.7,92.5,68.5,-1.2,4.370071,0.0,4.05,20.23888888,26.25,25.116666666666667,24.1,23.966666666666665,28.2,-12.843407396666668,-0.2092592766666676,-0.3519999999999994,7.832666666666666,7.314000000000001,20.535185191111115,7.8144444444444465,4.7476244,4.6782384,4.5326347,4.3991103,4.94011,0,4.0,0,0.0,-0.63,13.5,86.5
2023-03-21 19:45:00,1125.651083205558,0.0,0.0,20.23888888,7.314000000000001,28.2,0,5.1764362714980825,70.66250196097344,19,1,3,-0.9659258262890684,0.2588190451025203,0.7818314824680298,0.6234898018587336,1.0,6.123233995736766e-17,23.75,56.375,212.33333333333331,5.800000000000001,10.15,90.25,67.25,-1.7,4.2123704,0.0,3.775,20.18148146333333,26.966666666666665,26.25,25.116666666666667,24.1,29.9,-12.92488888,-0.0851851833333334,-0.166666666666666,7.480666666666667,7.252,20.365432094444447,7.542444444444446,4.94011,4.7476244,4.6782384,4.5326347,5.220368,0,4.0,0,0.0,-0.65,13.8,86.2
2023-03-21 20:00:00,1317.53229668333,0.0,0.0,20.18148146333333,7.252,29.9,0,5.1764362714980825,70.66250196097344,20,1,3,-0.8660254037844386,0.5000000000000001,0.7818314824680298,0.6234898018587336,1.0,6.123233995736766e-17,2.0,34.625,175.0,5.4,8.6,88.0,66.0,-2.2,4.0587864,0.0,3.5,20.02777777,28.2,26.966666666666665,26.25,25.116666666666667,29.65,-12.929481463333335,-0.0574074166666669,-0.0620000000000011,7.314000000000001,7.182666666666666,20.24814813555556,7.348888888888891,5.220368,4.94011,4.7476244,4.6782384,5.1303725,0,4.0,0,0.0,-0.65,13.9,86.1
2023-03-21 20:15:00,1384.442675711108,0.0,0.0,20.02777777,7.182666666666666,29.65,0,5.1764362714980825,70.66250196097344,20,1,3,-0.8660254037844386,0.5000000000000001,0.7818314824680298,0.6234898018587336,1.0,6.123233995736766e-17,1.5,18.1875,141.45833333333334,4.825,7.899999999999999,86.0,67.25,-2.225,4.0669827,0.0,3.25,19.927777756666668,29.9,28.2,26.966666666666665,26.25,29.316666666666663,-12.845111103333334,-0.153703693333334,-0.0693333333333336,7.252,7.1866666666666665,20.149382704444445,7.249555555555557,5.1303725,5.220368,4.94011,4.7476244,5.043074,0,4.0,0,0.0,-0.69,14.9,85.1
2023-03-21 20:30:00,560.468691572218,0.0,0.0,19.927777756666668,7.1866666666666665,29.316666666666663,0,5.1764362714980825,70.66250196097344,20,1,3,-0.8660254037844386,0.5000000000000001,0.7818314824680298,0.6234898018587336,1.0,6.123233995736766e-17,1.0,7.0625,111.70833333333331,4.25,7.199999999999999,84.0,68.5,-2.25,4.0736446,0.0,3.0,19.82222224,29.65,29.9,28.2,26.966666666666665,29.1,-12.74111109,-0.1000000133333323,0.0040000000000004,7.182666666666666,7.136666666666667,20.04567899666667,7.2071111111111135,5.043074,5.1303725,5.220368,4.94011,4.9749255,0,4.0,0,0.0,-0.71,15.6,84.4
2023-03-21 20:45:00,289.698133844444,82.380315755556,82.495033416666,19.82222224,7.136666666666667,29.1,2,5.1764362714980825,70.66250196097344,20,1,3,-0.8660254037844386,0.5000000000000001,0.7818314824680298,0.6234898018587336,1.0,6.123233995736766e-17,0.5,1.25,85.75,3.675,6.5,82.0,69.75,-2.275,4.0788155,0.0,2.75,20.003703703333333,29.316666666666663,29.65,29.9,28.2,29.75,-12.685555573333332,-0.1055555166666692,-0.0499999999999998,7.1866666666666665,6.763333333333334,19.925925922222223,7.168666666666669,4.9749255,5.043074,5.1303725,5.220368,5.140426,0,3.0,1,0.25,-0.74,16.4,83.6
2023-03-21 21:00:00,255.403950083334,59.505119716666,59.623448316666,20.003703703333333,6.763333333333334,29.75,1,5.1764362714980825,70.66250196097344,21,1,3,-0.7071067811865477,0.7071067811865474,0.7818314824680298,0.6234898018587336,1.0,6.123233995736766e-17,0.0,0.75,63.583333333333336,3.1,5.8,80.0,71.0,-2.3,4.082538,0.0,2.5,20.12777776,29.1,29.316666666666663,29.65,29.9,29.45,-13.24037037,0.1814814633333341,-0.3733333333333331,7.136666666666667,6.255333333333334,19.917901233333332,7.028888888888891,5.140426,4.9749255,5.043074,5.1303725,5.1256757,0,2.0,1,0.5,-0.69,15.0,85.0
2023-03-21 21:15:00,216.072190133332,0.0,0.0,20.12777776,6.255333333333334,29.45,0,5.1764362714980825,70.66250196097344,21,1,3,-0.7071067811865477,0.7071067811865474,0.7818314824680298,0.6234898018587336,1.0,6.123233995736766e-17,0.0,0.375,45.10416666666666,3.875,7.225,77.75,72.75,-2.4,4.0578303,0.0,2.05,19.914814776666667,29.75,29.1,29.316666666666663,29.65,29.03333333333333,-13.872444426666668,0.124074056666668,-0.508,6.763333333333334,6.234,19.98456790111111,6.718444444444446,5.1256757,5.140426,4.9749255,5.043074,4.9905415,1,2.0,1,0.5,-0.66,14.3,85.7
2023-03-21 21:30:00,237.90437236111,67.587851894446,67.678403855556,19.914814776666667,6.234,29.03333333333333,1,5.1764362714980825,70.66250196097344,21,1,3,-0.7071067811865477,0.7071067811865474,0.7818314824680298,0.6234898018587336,1.0,6.123233995736766e-17,0.0,0.125,30.3125,4.65,8.65,75.5,74.5,-2.5,4.0304747,0.0,1.6,19.99444446,29.45,29.75,29.1,29.316666666666663,29.25,-13.680814776666669,-0.2129629833333339,-0.0213333333333336,6.255333333333334,5.814000000000001,20.01543208,6.417555555555558,4.9905415,5.1256757,5.140426,4.9749255,5.0512915,0,1.0,1,0.75,-0.72,15.8,84.2
2023-03-21 21:45:00,211.02600303889,69.063903983334,69.13306791666601,19.99444446,5.814000000000001,29.25,1,5.1764362714980825,70.66250196097344,21,1,3,-0.7071067811865477,0.7071067811865474,0.7818314824680298,0.6234898018587336,1.0,6.123233995736766e-17,0.0,0.0,19.20833333333333,5.425000000000001,10.075,73.25,76.25,-2.6,4.000632,0.0,1.15,20.046296276666663,29.03333333333333,29.45,29.75,29.1,28.383333333333333,-14.18044446,0.0796296833333336,-0.419999999999999,6.234,5.3406666666666665,20.01234566555556,6.101111111111114,5.0512915,4.9905415,5.1256757,5.140426,4.9165277,0,1.0,0,0.75,-0.7,15.2,84.8
2023-03-21 22:00:00,168.09272068888,0.0,0.0,20.046296276666663,5.3406666666666665,28.383333333333333,0,5.1764362714980825,70.66250196097344,22,1,3,-0.5000000000000004,0.8660254037844384,0.7818314824680298,0.6234898018587336,1.0,6.123233995736766e-17,0.0,0.0,11.791666666666666,6.2,11.5,71.0,78.0,-2.7,3.968456,0.0,0.7,19.82777778,29.25,29.03333333333333,29.45,29.75,28.05,-14.70562961,0.0518518166666659,-0.4733333333333345,5.814000000000001,5.232666666666666,19.985185171111112,5.796222222222224,4.9165277,5.0512915,4.9905415,5.1256757,4.7969804,1,2.0,1,0.5,-0.69,15.0,85.0
2023-03-21 22:15:00,230.206624666668,73.226792994446,73.297901283334,19.82777778,5.232666666666666,28.05,2,5.1764362714980825,70.66250196097344,22,1,3,-0.5000000000000004,0.8660254037844384,0.7818314824680298,0.6234898018587336,1.0,6.123233995736766e-17,0.0,0.0,6.1875,7.1000000000000005,12.775,77.75,80.5,-2.9250000000000003,3.9235625,0.0,0.0749999999999999,19.859259273333333,28.383333333333333,29.25,29.03333333333333,29.45,28.466666666666665,-14.595111113333337,-0.2185184966666646,-0.1080000000000005,5.3406666666666665,4.918666666666667,19.95617283888889,5.462444444444446,4.7969804,4.9165277,5.0512915,4.9905415,4.8772316,0,1.0,1,0.75,-0.74,16.6,83.4
2023-03-21 22:30:00,231.588236050002,89.65808018333401,89.734188305554,19.859259273333333,4.918666666666667,28.466666666666665,2,5.1764362714980825,70.66250196097344,22,1,3,-0.5000000000000004,0.8660254037844384,0.7818314824680298,0.6234898018587336,1.0,6.123233995736766e-17,0.0,0.0,2.395833333333333,8.0,14.05,84.5,83.0,-3.1500000000000004,3.8745546,0.0,-0.55,19.98333333,28.05,28.383333333333333,29.25,29.03333333333333,28.1,-14.940592606666666,0.0314814933333309,-0.3139999999999991,5.232666666666666,4.624,19.911111110000004,5.1640000000000015,4.8772316,4.7969804,4.9165277,5.0512915,4.849538,0,1.0,0,0.75,-0.73,16.3,83.7
2023-03-21 22:45:00,432.63769388333,0.0,0.0,19.98333333,4.624,28.1,0,5.1764362714980825,70.66250196097344,22,1,3,-0.5000000000000004,0.8660254037844384,0.7818314824680298,0.6234898018587336,1.0,6.123233995736766e-17,0.0,0.0,0.4166666666666667,8.9,15.325,91.25,85.5,-3.375,3.8218122,0.0,-1.175,19.803703676666665,28.466666666666665,28.05,28.383333333333333,29.25,27.716666666666665,-15.359333330000002,0.124074056666668,-0.2946666666666671,4.918666666666667,4.512,19.890123461111116,4.925111111111112,4.849538,4.8772316,4.7969804,4.9165277,4.7332873,1,2.0,1,0.5,-0.7,15.5,84.5
2023-03-21 23:00:00,225.70819356111,76.87914692777801,76.9502552,19.803703676666665,4.512,27.716666666666665,2,5.1764362714980825,70.66250196097344,23,1,3,-0.2588190451025215,0.965925826289068,0.7818314824680298,0.6234898018587336,1.0,6.123233995736766e-17,0.0,0.0,0.25,9.8,16.6,98.0,88.0,-3.6,3.7656937,0.0,-1.8,19.855555560000003,28.1,28.466666666666665,28.05,28.383333333333333,27.95,-15.291703676666664,-0.1796296533333361,-0.1120000000000001,4.624,4.601333333333333,19.88209876,4.68488888888889,4.7332873,4.849538,4.8772316,4.7969804,4.78767,0,1.0,1,0.75,-0.75,16.8,83.2
2023-03-21 23:15:00,205.553999794442,83.561379627778,83.61693302222,19.855555560000003,4.601333333333333,27.95,2,5.1764362714980825,70.66250196097344,23,1,3,-0.2588190451025215,0.965925826289068,0.7818314824680298,0.6234898018587336,1.0,6.123233995736766e-17,0.0,0.0,0.125,9.525,17.125,96.0,86.75,-3.575,3.7644703,0.0,-1.6,20.003703713333334,27.716666666666665,28.1,28.466666666666665,28.05,27.53333333333333,-15.25422222666667,0.0518518833333381,0.0893333333333332,4.512,4.410666666666667,19.88086418888889,4.5791111111111125,4.78767,4.7332873,4.849538,4.8772316,4.7574134,0,1.0,0,0.75,-0.74,16.4,83.6
2023-03-21 23:30:00,86.227106427774,0.0,0.0,20.003703713333334,4.410666666666667,27.53333333333333,0,5.1764362714980825,70.66250196097344,23,1,3,-0.2588190451025215,0.965925826289068,0.7818314824680298,0.6234898018587336,1.0,6.123233995736766e-17,0.0,0.0,0.0416666666666666,9.25,17.65,94.0,85.5,-3.55,3.7623763,0.0,-1.4,19.78888886,27.95,27.716666666666665,28.1,28.466666666666665,27.55,-15.593037046666666,0.1481481533333308,-0.1906666666666661,4.601333333333333,4.058666666666666,19.88765431666667,4.508000000000002,4.7574134,4.78767,4.7332873,4.849538,4.7007403,1,2.0,1,0.5,-0.7,15.4,84.6
2023-03-21 23:45:00,133.192172133332,65.223502055556,65.232390633332,19.78888886,4.058666666666666,27.55,1,5.1764362714980825,70.66250196097344,23,1,3,-0.2588190451025215,0.965925826289068,0.7818314824680298,0.6234898018587336,1.0,6.123233995736766e-17,0.0,0.0,0.0,8.975,18.175,92.0,84.25,-3.525,3.7593896,0.0,-1.2,19.82407406,27.53333333333333,27.95,27.716666666666665,28.1,27.78333333333333,-15.730222193333333,-0.2148148533333334,-0.3520000000000003,4.410666666666667,3.720666666666667,19.882716044444447,4.35688888888889,4.7007403,4.7574134,4.78767,4.7332873,4.7503457,0,1.0,1,0.75,-0.75,16.9,83.1
2023-03-22 00:00:00,149.569850366664,66.8431595,66.851492549998,19.82407406,3.720666666666667,27.78333333333333,1,5.1764362714980825,70.66250196097344,0,2,3,0.0,1.0,0.9749279121818236,-0.2225209339563143,1.0,6.123233995736766e-17,0.0,0.0,0.0,8.7,18.7,90.0,83.0,-3.5,3.7554913,0.0,-1.0,19.90555556,27.55,27.53333333333333,27.95,27.716666666666665,27.15,-16.103407393333335,0.0351852000000008,-0.3379999999999996,4.058666666666666,3.722666666666667,19.87222221111111,4.063333333333335,4.7503457,4.7007403,4.7574134,4.78767,4.664284,0,1.0,0,0.75,-0.74,16.6,83.4
2023-03-22 00:15:00,79.896248538886,0.0,0.0,19.90555556,3.722666666666667,27.15,0,5.1764362714980825,70.66250196097344,0,2,3,0.0,1.0,0.9749279121818236,-0.2225209339563143,1.0,6.123233995736766e-17,0.0,0.0,0.0,8.524999999999999,17.975,81.0,84.75,-3.575,3.742395,0.0,-1.35,19.67222222666667,27.78333333333333,27.55,27.53333333333333,27.95,27.183333333333334,-16.182888893333335,0.0814814999999988,0.0020000000000002,3.720666666666667,3.586,19.83950616,3.834000000000002,4.664284,4.7503457,4.7007403,4.7574134,4.606532,1,2.0,1,0.5,-0.73,16.2,83.8
2023-03-22 00:30:00,136.1012224,71.297703544444,71.31131413333199,19.67222222666667,3.586,27.183333333333334,2,5.1764362714980825,70.66250196097344,0,2,3,0.0,1.0,0.9749279121818236,-0.2225209339563143,1.0,6.123233995736766e-17,0.0,0.0,0.0,8.35,17.25,72.0,86.5,-3.65,3.7274845,0.0,-1.7,19.72222225,27.15,27.78333333333333,27.55,27.53333333333333,27.45,-16.08622222666667,-0.2333333333333307,-0.1366666666666671,3.722666666666667,3.5906666666666665,19.800617282222223,3.676444444444446,4.606532,4.664284,4.7503457,4.7007403,4.6653934,0,1.0,1,0.75,-0.78,17.9,82.1
2023-03-22 00:45:00,144.21339798333,58.220171133332,58.231281838886005,19.72222225,3.5906666666666665,27.45,1,5.1764362714980825,70.66250196097344,0,2,3,0.0,1.0,0.9749279121818236,-0.2225209339563143,1.0,6.123233995736766e-17,0.0,0.0,0.0,8.175,16.525,63.0,88.25,-3.725,3.710842,0.0,-2.05,19.82037037,27.183333333333334,27.15,27.78333333333333,27.55,27.03333333333333,-16.131555583333334,0.0500000233333324,0.0046666666666665,3.586,3.369333333333333,19.766666678888893,3.6331111111111127,4.6653934,4.606532,4.664284,4.7503457,4.6211076,0,1.0,1,0.75,-0.77,17.4,82.6
2023-03-22 01:00:00,73.29929024444,0.0,0.0,19.82037037,3.369333333333333,27.03333333333333,0,5.1764362714980825,70.66250196097344,1,2,3,0.2588190451025207,0.9659258262890684,0.9749279121818236,-0.2225209339563143,1.0,6.123233995736766e-17,0.0,0.0,0.0,8.0,15.8,54.0,90.0,-3.8,3.6925516,0.0,-2.4,19.61666669,27.45,27.183333333333334,27.15,27.78333333333333,27.05,-16.451037036666666,0.0981481199999976,-0.2213333333333333,3.5906666666666665,3.496,19.73827161555556,3.5153333333333348,4.6211076,4.6653934,4.606532,4.664284,4.5690074,1,2.0,1,0.5,-0.75,16.8,83.2
2023-03-22 01:15:00,140.569654788888,94.969256594446,94.9870337,19.61666669,3.496,27.05,2,5.1764362714980825,70.66250196097344,1,2,3,0.2588190451025207,0.9659258262890684,0.9749279121818236,-0.2225209339563143,1.0,6.123233995736766e-17,0.0,0.0,0.0,7.575,15.625,65.5,90.5,-3.875,3.6740787,0.0,-2.55,19.761111116666665,27.03333333333333,27.45,27.183333333333334,27.15,27.28333333333333,-16.12066669,-0.2037036800000002,0.1266666666666669,3.369333333333333,3.482,19.719753103333336,3.485333333333335,4.5690074,4.6211076,4.6653934,4.606532,4.6476603,0,1.0,1,0.75,-0.8,18.3,81.7
2023-03-22 01:30:00,121.828737772222,53.466194583334,53.477860833332,19.761111116666665,3.482,27.28333333333333,1,5.1764362714980825,70.66250196097344,1,2,3,0.2588190451025207,0.9659258262890684,0.9749279121818236,-0.2225209339563143,1.0,6.123233995736766e-17,0.0,0.0,0.0,7.15,15.45,77.0,91.0,-3.95,3.6555374,0.0,-2.7,19.80555556,27.05,27.03333333333333,27.45,27.183333333333334,27.0,-16.279111116666666,0.1444444266666664,-0.0139999999999997,3.496,3.445333333333333,19.732716058888887,3.449111111111113,4.6476603,4.5690074,4.6211076,4.6653934,4.611402,0,1.0,1,0.75,-0.76,17.2,82.8
2023-03-22 01:45:00,64.419645344444,15.576876899999998,15.5868765,19.80555556,3.445333333333333,27.0,1,5.1764362714980825,70.66250196097344,1,2,3,0.2588190451025207,0.9659258262890684,0.9749279121818236,-0.2225209339563143,1.0,6.123233995736766e-17,0.0,0.0,0.0,6.725,15.275,88.5,91.5,-4.025,3.63693,0.0,-2.85,19.57037041333333,27.28333333333333,27.05,27.03333333333333,27.45,27.183333333333334,-16.360222226666668,0.0444444433333366,-0.036666666666667,3.482,3.177333333333333,19.72777778888889,3.4744444444444462,4.611402,4.6476603,4.5690074,4.6211076,4.5790577,0,1.0,0,0.75,-0.75,16.9,83.1
2023-03-22 02:00:00,168.012445933332,122.124281483334,122.144836211112,19.57037041333333,3.177333333333333,27.183333333333334,2,5.1764362714980825,70.66250196097344,2,2,3,0.4999999999999999,0.8660254037844387,0.9749279121818236,-0.2225209339563143,1.0,6.123233995736766e-17,0.0,0.0,0.0,6.3,15.1,100.0,92.0,-4.1,3.6182597,0.0,-3.0,19.73333333,27.0,27.28333333333333,27.05,27.03333333333333,27.1,-16.39303708,-0.2351851466666694,-0.2680000000000002,3.445333333333333,2.7333333333333334,19.712345696666667,3.368222222222224,4.5790577,4.611402,4.6476603,4.5690074,4.608912,0,0.0,1,1.0,-0.8,18.7,81.3
2023-03-22 02:15:00,73.990929177776,0.0,0.0,19.73333333,2.7333333333333334,27.1,0,5.1764362714980825,70.66250196097344,2,2,3,0.4999999999999999,0.8660254037844387,0.9749279121818236,-0.2225209339563143,1.0,6.123233995736766e-17,0.0,0.0,0.0,6.275,14.2,100.0,91.0,-4.1,3.6106768,0.0,-2.875,19.596296296666665,27.183333333333334,27.0,27.28333333333333,27.05,26.716666666666665,-16.999999996666663,0.1629629166666646,-0.4439999999999995,3.177333333333333,2.6133333333333337,19.703086434444444,3.1186666666666683,4.608912,4.5790577,4.611402,4.6476603,4.5073085,1,1.0,1,0.75,-0.77,17.4,82.6
2023-03-22 02:30:00,100.915685494442,56.6410676,56.656067033332,19.596296296666665,2.6133333333333337,26.716666666666665,1,5.1764362714980825,70.66250196097344,2,2,3,0.4999999999999999,0.8660254037844387,0.9749279121818236,-0.2225209339563143,1.0,6.123233995736766e-17,0.0,0.0,0.0,6.25,13.3,100.0,90.0,-4.1,3.6026406,0.0,-2.75,19.54444446,27.1,27.183333333333334,27.0,27.28333333333333,27.0,-16.982962963333332,-0.1370370333333319,-0.1199999999999996,2.7333333333333334,2.526,19.633333346666664,2.841333333333335,4.5073085,4.608912,4.5790577,4.611402,4.5412526,0,1.0,1,0.75,-0.8,18.5,81.5
2023-03-22 02:45:00,132.344983672226,86.062112927778,86.08016773889,19.54444446,2.526,27.0,2,5.1764362714980825,70.66250196097344,2,2,3,0.4999999999999999,0.8660254037844387,0.9749279121818236,-0.2225209339563143,1.0,6.123233995736766e-17,0.0,0.0,0.0,6.225,12.4,100.0,89.0,-4.1,3.5941443,0.0,-2.625,19.70185186333333,26.716666666666665,27.1,27.183333333333334,27.0,26.816666666666663,-17.01844446,-0.051851836666664,-0.0873333333333334,2.6133333333333337,2.2486666666666664,19.624691362222222,2.624222222222224,4.5412526,4.5073085,4.608912,4.5790577,4.552307,0,1.0,1,0.75,-0.81,18.9,81.1
2023-03-22 03:00:00,67.80728768333,0.0,0.0,19.70185186333333,2.2486666666666664,26.816666666666663,0,5.1764362714980825,70.66250196097344,3,2,3,0.7071067811865476,0.7071067811865476,0.9749279121818236,-0.2225209339563143,1.0,6.123233995736766e-17,0.0,0.0,0.0,6.2,11.5,100.0,88.0,-4.1,3.5851824,0.0,-2.5,19.50555553,27.0,26.716666666666665,27.1,27.183333333333334,26.85,-17.453185196666666,0.1574074033333303,-0.2773333333333339,2.526,2.3626666666666667,19.614197540000003,2.462666666666669,4.552307,4.5412526,4.5073085,4.608912,4.505712,1,2.0,1,0.5,-0.78,17.7,82.3
2023-03-22 03:15:00,389.535806811112,105.615775183334,105.637163227778,19.50555553,2.3626666666666667,26.85,2,5.1764362714980825,70.66250196097344,3,2,3,0.7071067811865476,0.7071067811865476,0.9749279121818236,-0.2225209339563143,1.0,6.123233995736766e-17,0.0,0.0,0.0,6.5,11.675,100.0,87.5,-4.125,3.583674,0.0,-2.425,19.62962966,26.816666666666663,27.0,26.716666666666665,27.1,26.816666666666663,-17.142888863333333,-0.1962963333333327,0.1140000000000003,2.2486666666666664,2.5,19.583950617777777,2.3791111111111127,4.505712,4.552307,4.5412526,4.5073085,4.5330443,0,1.0,1,0.75,-0.82,19.2,80.8
2023-03-22 03:30:00,102.868107377776,53.806736511112,53.820902627778,19.62962966,2.5,26.816666666666663,1,5.1764362714980825,70.66250196097344,3,2,3,0.7071067811865476,0.7071067811865476,0.9749279121818236,-0.2225209339563143,1.0,6.123233995736766e-17,0.0,0.0,0.0,6.800000000000001,11.85,100.0,87.0,-4.15,3.5820374,0.0,-2.35,19.63888889,26.85,26.816666666666663,27.0,26.716666666666665,26.5,-17.12962966,0.1240741300000003,0.1373333333333333,2.3626666666666667,2.096,19.612345684444445,2.370444444444446,4.5330443,4.505712,4.552307,4.5412526,4.481952,0,1.0,1,0.75,-0.79,18.3,81.7
2023-03-22 03:45:00,88.649231688888,28.557191033332,28.566912877776,19.63888889,2.096,26.5,1,5.1764362714980825,70.66250196097344,3,2,3,0.7071067811865476,0.7071067811865476,0.9749279121818236,-0.2225209339563143,1.0,6.123233995736766e-17,0.0,0.0,0.0,7.1000000000000005,12.025,100.0,86.5,-4.175,3.5802708,0.0,-2.2750000000000004,19.44444445,26.816666666666663,26.85,26.816666666666663,27.0,26.683333333333334,-17.542888889999997,0.0092592299999978,-0.4040000000000003,2.5,1.788,19.591358026666665,2.319555555555557,4.481952,4.5330443,4.505712,4.552307,4.4616823,0,1.0,0,0.75,-0.79,18.3,81.7
2023-03-22 04:00:00,162.735157,119.133012255556,119.1519004,19.44444445,1.788,26.683333333333334,2,5.1764362714980825,70.66250196097344,4,2,3,0.8660254037844386,0.5000000000000001,0.9749279121818236,-0.2225209339563143,1.0,6.123233995736766e-17,0.0,0.0,0.0,7.4,12.2,100.0,86.0,-4.2,3.5783737,0.0,-2.2,19.63333332,26.5,26.816666666666663,26.85,26.816666666666663,26.65,-17.65644445,-0.194444439999998,-0.3079999999999996,2.096,1.438,19.570987666666664,2.128000000000001,4.4616823,4.481952,4.5330443,4.505712,4.5058513,0,0.0,1,1.0,-0.84,19.8,80.2
2023-03-22 04:15:00,58.097120588884,0.0,0.0,19.63333332,1.438,26.65,0,5.1764362714980825,70.66250196097344,4,2,3,0.8660254037844386,0.5000000000000001,0.9749279121818236,-0.2225209339563143,1.0,6.123233995736766e-17,0.0,0.0,0.0,7.15,12.125,100.0,85.75,-4.125,3.5994036,0.0,-2.075,19.474074076666668,26.683333333333334,26.5,26.816666666666663,26.85,26.683333333333334,-18.195333320000003,0.1888888700000031,-0.3500000000000001,1.788,1.653333333333333,19.57222222,1.7740000000000016,4.5058513,4.4616823,4.481952,4.5330443,4.469464,1,1.0,1,0.75,-0.79,18.3,81.7
2023-03-22 04:30:00,144.70865575556,88.844779383334,88.861445383334,19.474074076666668,1.653333333333333,26.683333333333334,2,5.1764362714980825,70.66250196097344,4,2,3,0.8660254037844386,0.5000000000000001,0.9749279121818236,-0.2225209339563143,1.0,6.123233995736766e-17,0.0,0.0,0.0,6.9,12.05,100.0,85.5,-4.05,3.620493,0.0,-1.95,19.55,26.65,26.683333333333334,26.5,26.816666666666663,26.95,-17.820740743333335,-0.1592592433333344,0.2153333333333333,1.438,1.5406666666666666,19.51728394888889,1.626444444444446,4.469464,4.5058513,4.4616823,4.481952,4.5343237,0,1.0,1,0.75,-0.83,19.5,80.5
2023-03-22 04:45:00,99.051593311112,57.3835379,57.398259511112,19.55,1.5406666666666666,26.95,1,5.1764362714980825,70.66250196097344,4,2,3,0.8660254037844386,0.5000000000000001,0.9749279121818236,-0.2225209339563143,1.0,6.123233995736766e-17,0.0,0.0,0.0,6.65,11.975,100.0,85.25,-3.975,3.6416404,0.0,-1.825,19.58148148333333,26.683333333333334,26.65,26.683333333333334,26.5,26.53333333333333,-18.009333333333334,0.0759259233333331,-0.1126666666666666,1.653333333333333,1.55,19.552469132222225,1.5440000000000016,4.5343237,4.469464,4.5058513,4.4616823,4.4724836,0,1.0,1,0.75,-0.81,18.9,81.1
2023-03-22 05:00:00,99.480187266668,43.935464711112,43.949075349998,19.58148148333333,1.55,26.53333333333333,1,5.1764362714980825,70.66250196097344,5,2,3,0.9659258262890684,0.2588190451025207,0.9749279121818236,-0.2225209339563143,1.0,6.123233995736766e-17,0.0,0.0,0.0,6.4,11.9,100.0,85.0,-3.9,3.6628456,0.0,-1.7,19.46111107,26.95,26.683333333333334,26.65,26.683333333333334,26.8,-18.031481483333334,0.0314814833333336,0.0093333333333334,1.5406666666666666,1.66,19.53518518666667,1.581333333333335,4.4724836,4.5343237,4.469464,4.5058513,4.4855843,0,1.0,0,0.75,-0.81,18.7,81.3
2023-03-22 05:15:00,143.46898334444,91.329957805554,91.34773486111,19.46111107,1.66,26.8,2,5.1764362714980825,70.66250196097344,5,2,3,0.9659258262890684,0.2588190451025207,0.9749279121818236,-0.2225209339563143,1.0,6.123233995736766e-17,0.0,0.0,0.0,6.15,11.35,100.0,84.5,-3.85,3.673241,0.0,-1.575,19.538888863333334,26.53333333333333,26.95,26.683333333333334,26.65,26.53333333333333,-17.80111107,-0.1203704133333332,0.1099999999999998,1.55,1.8473333333333333,19.530864184444447,1.5835555555555574,4.4855843,4.4724836,4.5343237,4.469464,4.4613047,0,0.0,1,1.0,-0.83,19.6,80.4
2023-03-22 05:30:00,55.915541105554,14.57080606111,14.5819167,19.538888863333334,1.8473333333333333,26.53333333333333,1,5.1764362714980825,70.66250196097344,5,2,3,0.9659258262890684,0.2588190451025207,0.9749279121818236,-0.2225209339563143,1.0,6.123233995736766e-17,0.0,0.0,0.0,5.9,10.8,100.0,84.0,-3.8,3.6835022,0.0,-1.45,19.35,26.8,26.53333333333333,26.95,26.683333333333334,26.85,-17.69155553,0.0777777933333325,0.1873333333333335,1.66,1.5773333333333333,19.527160472222224,1.6857777777777796,4.4613047,4.4855843,4.4724836,4.5343237,4.4646735,0,0.0,1,1.0,-0.82,19.0,81.0
2023-03-22 05:45:00,181.788839255556,122.977580666668,122.999246483334,19.35,1.5773333333333333,26.85,2,5.1764362714980825,70.66250196097344,5,2,3,0.9659258262890684,0.2588190451025207,0.9749279121818236,-0.2225209339563143,1.0,6.123233995736766e-17,0.0,0.0,0.0,5.65,10.25,100.0,83.5,-3.75,3.693627,0.0,-1.325,19.54629631,26.53333333333333,26.8,26.53333333333333,26.95,26.816666666666663,-17.77266666666667,-0.1888888633333323,-0.2700000000000002,1.8473333333333333,1.1833333333333331,19.449999977777782,1.6948888888888909,4.4646735,4.4613047,4.4855843,4.4724836,4.510907,0,0.0,1,1.0,-0.86,20.5,79.5
2023-03-22 06:00:00,75.298099055556,26.241728072222,26.252838727778,19.54629631,1.1833333333333331,26.816666666666663,1,5.1764362714980825,70.66250196097344,6,2,3,1.0,6.123233995736766e-17,0.9749279121818236,-0.2225209339563143,1.0,6.123233995736766e-17,0.0,0.0,0.0,5.4,9.7,100.0,83.0,-3.7,3.7036123,0.0,-1.2,19.46666668,26.85,26.53333333333333,26.8,26.53333333333333,26.55,-18.362962976666665,0.1962963099999974,-0.3939999999999999,1.5773333333333333,0.88,19.478395057777774,1.536000000000002,4.510907,4.4646735,4.4613047,4.4855843,4.4451923,0,0.0,1,1.0,-0.81,18.9,81.1
2023-03-22 06:15:00,109.73588813889,68.124219388888,68.141440916666,19.46666668,0.88,26.55,1,5.1764362714980825,70.66250196097344,6,2,3,1.0,6.123233995736766e-17,0.9749279121818236,-0.2225209339563143,1.0,6.123233995736766e-17,0.0,0.0,0.0,5.15,9.35,100.0,82.75,-3.625,3.7311895,0.0,-1.05,19.438888866666662,26.816666666666663,26.85,26.53333333333333,26.8,26.78333333333333,-18.58666668,-0.0796296299999994,-0.3033333333333333,1.1833333333333331,1.088,19.45432099666667,1.2135555555555573,4.4451923,4.510907,4.4646735,4.4613047,4.476939,0,0.0,0,1.0,-0.83,19.6,80.4
2023-03-22 06:30:00,142.4068035,80.902319344444,80.918707588888,19.438888866666662,1.088,26.78333333333333,2,5.1764362714980825,70.66250196097344,6,2,3,1.0,6.123233995736766e-17,0.9749279121818236,-0.2225209339563143,1.0,6.123233995736766e-17,0.0,0.0,0.0,4.9,9.0,100.0,82.5,-3.55,3.758887,0.0,-0.8999999999999999,19.51111111,26.55,26.816666666666663,26.85,26.53333333333333,26.5,-18.350888866666665,-0.0277778133333335,0.208,0.88,1.2233333333333334,19.48395061888889,1.0504444444444463,4.476939,4.4451923,4.510907,4.4646735,4.4484305,0,0.0,1,1.0,-0.84,19.8,80.2
2023-03-22 06:45:00,68.846135094438,22.8382531,22.849086033332,19.51111111,1.2233333333333334,26.5,1,5.1764362714980825,70.66250196097344,6,2,3,1.0,6.123233995736766e-17,0.9749279121818236,-0.2225209339563143,1.0,6.123233995736766e-17,0.0,0.0,0.0,4.65,8.65,100.0,82.25,-3.475,3.7867055,0.0,-0.75,19.33333335,26.78333333333333,26.55,26.816666666666663,26.85,26.683333333333334,-18.28777777666667,0.0722222433333357,0.1353333333333333,1.088,1.4886666666666668,19.47222221888889,1.0637777777777797,4.4484305,4.476939,4.4451923,4.510907,4.4326086,0,0.0,1,1.0,-0.82,19.3,80.7
2023-03-22 07:00:00,170.765391311112,129.202609472222,129.22621966111,19.33333335,1.4886666666666668,26.683333333333334,2,5.1764362714980825,70.66250196097344,7,2,3,0.9659258262890684,-0.2588190451025206,0.9749279121818236,-0.2225209339563143,1.0,6.123233995736766e-17,0.0,0.0,0.0,4.4,8.3,100.0,82.0,-3.4,3.8146434,0.0,-0.6,19.52777777,26.5,26.78333333333333,26.55,26.816666666666663,26.65,-17.84466668333333,-0.177777760000005,0.2653333333333334,1.2233333333333334,1.662,19.42777777555556,1.2666666666666686,4.4326086,4.4484305,4.476939,4.4451923,4.477996,0,0.0,1,1.0,-0.86,20.7,79.3
2023-03-22 07:15:00,74.762287172222,10.975672055556,10.985671672222,19.52777777,1.662,26.65,1,5.1764362714980825,70.66250196097344,7,2,3,0.9659258262890684,-0.2588190451025206,0.9749279121818236,-0.2225209339563143,1.0,6.123233995736766e-17,7.5,1.875,0.625,4.525,7.75,100.0,81.25,-3.15,3.872355,0.0,-0.25,19.394444426666663,26.683333333333334,26.5,26.78333333333333,26.55,26.5,-17.86577777,0.1944444200000035,0.1733333333333331,1.4886666666666668,1.624,19.45740741,1.458000000000002,4.477996,4.4326086,4.4484305,4.476939,4.4180136,0,0.0,1,1.0,-0.82,19.1,80.9
2023-03-22 07:30:00,108.1106754,63.883833427778,63.90049946111,19.394444426666663,1.624,26.5,1,5.1764362714980825,70.66250196097344,7,2,3,0.9659258262890684,-0.2588190451025206,0.9749279121818236,-0.2225209339563143,1.0,6.123233995736766e-17,15.0,5.625,1.875,4.65,7.2,100.0,80.5,-2.9,3.930322,0.0,0.0999999999999999,19.37777779,26.65,26.683333333333334,26.5,26.78333333333333,26.8,-17.770444426666668,-0.1333333433333337,-0.038,1.662,1.7853333333333334,19.41851851555556,1.5915555555555574,4.4180136,4.477996,4.4326086,4.4484305,4.4636497,0,0.0,0,1.0,-0.85,20.2,79.8
2023-03-22 07:45:00,137.061184016666,95.408127972222,95.428404944444,19.37777779,1.7853333333333334,26.8,2,5.1764362714980825,70.66250196097344,7,2,3,0.9659258262890684,-0.2588190451025206,0.9749279121818236,-0.2225209339563143,1.0,6.123233995736766e-17,22.5,11.25,3.75,4.775,6.65,100.0,79.75,-2.65,3.9885273,0.0,0.4499999999999998,19.53518516333333,26.5,26.65,26.683333333333334,26.5,26.53333333333333,-17.592444456666666,-0.0166666366666667,0.1613333333333335,1.624,1.7786666666666666,19.43333332888889,1.6904444444444462,4.4636497,4.4180136,4.477996,4.4326086,4.460333,0,0.0,1,1.0,-0.85,20.3,79.7
2023-03-22 08:00:00,77.006641761114,11.855636872222,11.865080927778,19.53518516333333,1.7786666666666666,26.53333333333333,1,5.1764362714980825,70.66250196097344,8,2,3,0.8660254037844387,-0.4999999999999998,0.9749279121818236,-0.2225209339563143,1.0,6.123233995736766e-17,30.0,18.75,6.25,4.9,6.1,100.0,79.0,-2.4,4.04695,0.0,0.8,19.31111108,26.8,26.5,26.65,26.683333333333334,26.85,-17.756518496666665,0.1574073733333314,-0.0066666666666668,1.7853333333333334,2.445333333333333,19.43580246,1.729333333333335,4.460333,4.4636497,4.4180136,4.477996,4.454465,0,0.0,1,1.0,-0.82,19.1,80.9
2023-03-22 08:15:00,163.988995711112,121.360145383334,121.382922288888,19.31111108,2.445333333333333,26.85,2,5.1764362714980825,70.66250196097344,8,2,3,0.8660254037844387,-0.4999999999999998,0.9749279121818236,-0.2225209339563143,1.0,6.123233995736766e-17,56.75,31.0625,10.979166666666666,4.5,7.175,96.75,77.25,-2.125,4.129789,0.0,1.425,19.47037036,26.53333333333333,26.8,26.5,26.65,26.816666666666663,-16.865777746666666,-0.2240740833333312,0.6666666666666665,1.7786666666666666,2.889333333333333,19.408024677777775,2.003111111111113,4.454465,4.460333,4.4636497,4.4180136,4.490819,0,0.0,1,1.0,-0.87,20.8,79.2
2023-03-22 08:30:00,60.445915433332,18.90702143889,18.918687655556,19.47037036,2.889333333333333,26.816666666666663,1,5.1764362714980825,70.66250196097344,8,2,3,0.8660254037844387,-0.4999999999999998,0.9749279121818236,-0.2225209339563143,1.0,6.123233995736766e-17,83.5,48.1875,17.9375,4.1,8.25,93.5,75.5,-1.85,4.2112193,0.0,2.05,19.39444444,26.85,26.53333333333333,26.8,26.5,26.85,-16.581037026666667,0.1592592800000005,0.4440000000000004,2.445333333333333,2.8786666666666667,19.438888867777777,2.3711111111111127,4.490819,4.454465,4.460333,4.4636497,4.476365,0,0.0,1,1.0,-0.83,19.5,80.5
2023-03-22 08:45:00,131.67667722222,67.000653233332,67.016485949998,19.39444444,2.8786666666666667,26.85,1,5.1764362714980825,70.66250196097344,8,2,3,0.8660254037844387,-0.4999999999999998,0.9749279121818236,-0.2225209339563143,1.0,6.123233995736766e-17,110.25,70.125,27.125,3.7,9.325,90.25,73.75,-1.5750000000000002,4.290996,0.0,2.675,19.36296297333333,26.816666666666663,26.85,26.53333333333333,26.8,27.0,-16.51577777333333,-0.075925920000003,-0.0106666666666668,2.889333333333333,2.602,19.39197529333333,2.7377777777777794,4.476365,4.490819,4.454465,4.460333,4.493041,0,0.0,0,1.0,-0.85,20.1,79.9
2023-03-22 09:00:00,106.094089333336,63.325800216666,63.341910688888,19.36296297333333,2.602,27.0,1,5.1764362714980825,70.66250196097344,9,2,3,0.7071067811865476,-0.7071067811865475,0.9749279121818236,-0.2225209339563143,1.0,6.123233995736766e-17,137.0,96.875,38.54166666666666,3.3,10.4,87.0,72.0,-1.3,4.3688607,0.0,3.3,19.51111111,26.85,26.816666666666663,26.85,26.53333333333333,26.95,-16.76096297333333,-0.0314814666666656,-0.2766666666666668,2.8786666666666667,3.445333333333333,19.40925925777778,2.7900000000000014,4.493041,4.476365,4.490819,4.454465,4.52397,0,0.0,0,1.0,-0.85,20.4,79.6
2023-03-22 09:15:00,50.314931772222,0.0,0.0,19.51111111,3.445333333333333,26.95,0,5.1764362714980825,70.66250196097344,9,2,3,0.7071067811865476,-0.7071067811865475,0.9749279121818236,-0.2225209339563143,1.0,6.123233995736766e-17,196.0,131.6875,54.875,3.2,11.05,73.75,68.75,-1.1,4.437404,0.0,4.225,19.62407408,27.0,26.85,26.816666666666663,26.85,26.716666666666665,-16.065777776666668,0.1481481366666699,0.8433333333333333,2.602,4.237333333333334,19.422839507777777,2.975333333333335,4.52397,4.493041,4.476365,4.490819,4.5146685,1,1.0,1,0.75,-0.82,19.2,80.8
2023-03-22 09:30:00,419.880981905554,84.847994844444,84.86799406111,19.62407408,4.237333333333334,26.716666666666665,2,5.1764362714980825,70.66250196097344,9,2,3,0.7071067811865476,-0.7071067811865475,0.9749279121818236,-0.2225209339563143,1.0,6.123233995736766e-17,255.0,174.5625,76.125,3.1,11.7,60.5,65.5,-0.9,4.494824,0.0,5.15,19.916666650000003,26.95,27.0,26.85,26.816666666666663,26.95,-15.386740746666666,0.1129629699999981,0.7920000000000007,3.445333333333333,5.399333333333333,19.499382721111115,3.428222222222224,4.5146685,4.52397,4.493041,4.476365,4.632941,0,1.0,1,0.75,-0.8,18.3,81.7
2023-03-22 09:45:00,71.48686256111401,22.497711155556,22.510488427778,19.916666650000003,5.399333333333333,26.95,1,5.1764362714980825,70.66250196097344,9,2,3,0.7071067811865476,-0.7071067811865475,0.9749279121818236,-0.2225209339563143,1.0,6.123233995736766e-17,314.0,225.5,102.29166666666669,3.0,12.35,47.25,62.25,-0.7,4.539653,0.0,6.074999999999999,20.625925906666662,26.716666666666665,26.95,27.0,26.85,26.35,-14.51733331666667,0.2925925700000036,1.161999999999999,4.237333333333334,7.377333333333333,19.683950613333334,4.360666666666668,4.632941,4.5146685,4.52397,4.493041,4.721474,0,1.0,1,0.75,-0.73,16.1,83.9
2023-03-22 10:00:00,62.61027323889,0.0,0.0,20.625925906666662,7.377333333333333,26.35,0,5.1764362714980825,70.66250196097344,10,2,3,0.4999999999999999,-0.8660254037844387,0.9749279121818236,-0.2225209339563143,1.0,6.123233995736766e-17,373.0,284.5,133.375,2.9,13.0,34.0,59.0,-0.5,4.5703163,0.0,7.0,21.29444444,26.95,26.716666666666665,26.95,27.0,25.65,-13.248592573333331,0.7092592566666625,1.9780000000000009,5.399333333333333,8.104666666666667,20.05555554555556,5.671333333333334,4.721474,4.632941,4.5146685,4.52397,4.7781377,1,2.0,1,0.5,-0.57,11.8,88.2
2023-03-22 10:15:00,55.21584686111,0.0,0.0,21.29444444,8.104666666666667,25.65,0,5.1764362714980825,70.66250196097344,10,2,3,0.4999999999999999,-0.8660254037844387,0.9749279121818236,-0.2225209339563143,1.0,6.123233995736766e-17,418.75,340.1875,167.64583333333334,3.2,13.525,49.25,56.75,-0.325,4.6298704,0.0,7.8,21.853703733333337,26.35,26.95,26.716666666666665,26.95,25.316666666666663,-13.189777773333333,0.6685185333333337,0.7273333333333332,7.377333333333333,8.026,20.61234566555556,6.9604444444444455,4.7781377,4.721474,4.632941,4.5146685,4.871096,0,2.0,0,0.5,-0.42,8.7,91.3
2023-03-22 10:30:00,88.95338622222,47.689481211112,47.70503613889,21.853703733333337,8.026,25.316666666666663,1,5.1764362714980825,70.66250196097344,10,2,3,0.4999999999999999,-0.8660254037844387,0.9749279121818236,-0.2225209339563143,1.0,6.123233995736766e-17,464.5,392.5625,205.10416666666663,3.5,14.05,64.5,54.5,-0.15,4.6812396,0.0,8.6,22.15000003,25.65,26.35,26.95,26.716666666666665,25.3,-13.827703733333337,0.5592592933333371,-0.0786666666666668,8.104666666666667,8.326666666666666,21.258024693333336,7.836000000000001,4.871096,4.7781377,4.721474,4.632941,4.9517536,0,2.0,1,0.5,-0.29,6.8,93.2
2023-03-22 10:45:00,109.91893631667,55.984427166668,55.999704305558,22.15000003,8.326666666666666,25.3,1,5.1764362714980825,70.66250196097344,10,2,3,0.4999999999999999,-0.8660254037844387,0.9749279121818236,-0.2225209339563143,1.0,6.123233995736766e-17,510.25,441.625,245.75,3.8,14.575,79.75,52.25,0.0249999999999999,4.723526,0.0,9.4,22.36296293,25.316666666666663,25.65,26.35,26.95,25.03333333333333,-13.823333363333337,0.2962962966666644,0.3006666666666664,8.026,8.638,21.766049401111115,8.152444444444447,4.9517536,4.871096,4.7781377,4.721474,4.9599657,0,2.0,0,0.5,-0.22,6.0,94.0
2023-03-22 11:00:00,53.80007007778,0.0,0.0,22.36296293,8.638,25.03333333333333,0,5.1764362714980825,70.66250196097344,11,2,3,0.258819045102521,-0.9659258262890682,0.9749279121818236,-0.2225209339563143,1.0,6.123233995736766e-17,556.0,487.375,289.5833333333333,4.1,15.1,95.0,50.0,0.2,4.7557745,0.0,10.2,22.52777779,25.3,25.316666666666663,25.65,26.35,24.65,-13.724962929999998,0.2129628999999973,0.3113333333333337,8.326666666666666,8.877333333333333,22.122222231111117,8.330222222222224,4.9599657,4.9517536,4.871096,4.7781377,4.9304795,1,2.0,1,0.5,-0.18,5.6,94.4
2023-03-22 11:15:00,88.169528644444,0.0,0.0,22.52777779,8.877333333333333,24.65,0,5.1764362714980825,70.66250196097344,11,2,3,0.258819045102521,-0.9659258262890682,0.9749279121818236,-0.2225209339563143,1.0,6.123233995736766e-17,568.25,524.75,332.2083333333333,4.175,15.725,90.75,47.75,0.0,4.6949515,0.0,10.725,22.64814813666667,25.03333333333333,25.3,25.316666666666663,25.65,24.5,-13.65044445666667,0.1648148600000034,0.2393333333333327,8.638,10.3,22.346913583333333,8.614000000000003,4.9304795,4.9599657,4.9517536,4.871096,4.934446,0,2.0,0,0.5,-0.14,5.4,94.6
2023-03-22 11:30:00,1257.376647372222,32.896739627778,32.911739027778,22.64814813666667,10.3,24.5,1,5.1764362714980825,70.66250196097344,11,2,3,0.258819045102521,-0.9659258262890682,0.9749279121818236,-0.2225209339563143,1.0,6.123233995736766e-17,580.5,553.75,373.625,4.25,16.35,86.5,45.5,-0.2,4.623964,0.0,11.25,23.22777775,24.65,25.03333333333333,25.3,25.316666666666663,24.85,-12.34814813666667,0.1203703466666681,1.422666666666668,8.877333333333333,12.392666666666663,22.512962952222225,9.271777777777778,4.934446,4.9304795,4.9599657,4.9517536,5.173754,0,2.0,1,0.5,-0.11,5.3,94.7
2023-03-22 11:45:00,252.664892883338,56.005259716666,56.020536855556,23.22777775,12.392666666666663,24.85,1,5.1764362714980825,70.66250196097344,11,2,3,0.258819045102521,-0.9659258262890682,0.9749279121818236,-0.2225209339563143,1.0,6.123233995736766e-17,592.75,574.375,413.8333333333333,4.325,16.975,82.25,43.25,-0.4000000000000001,4.5422764,0.0,11.775,24.24259258,24.5,24.65,25.03333333333333,25.3,25.0,-10.835111083333333,0.5796296133333279,2.0926666666666645,10.3,13.274,22.801234558888893,10.523333333333335,5.173754,4.934446,4.9304795,4.9599657,5.514274,0,2.0,0,0.5,0.02,5.0,95.0
2023-03-22 12:00:00,45.836499833332,0.0,0.0,24.24259258,13.274,25.0,0,5.1764362714980825,70.66250196097344,12,2,3,1.2246467991473532e-16,-1.0,0.9749279121818236,-0.2225209339563143,1.0,6.123233995736766e-17,605.0,586.625,452.8333333333333,4.4,17.6,78.0,41.0,-0.6,4.449337,0.0,12.3,24.86666664,24.85,24.5,24.65,25.03333333333333,24.95,-10.96859258,1.0148148300000024,0.8813333333333357,12.392666666666663,13.659333333333333,23.37283948888889,11.988888888888887,5.514274,5.173754,4.934446,4.9304795,5.700831,1,2.0,1,0.5,0.26,6.4,93.6
2023-03-22 12:15:00,57.548253594442,0.0,0.0,24.86666664,13.659333333333333,24.95,0,5.1764362714980825,70.66250196097344,12,2,3,1.2246467991473532e-16,-1.0,0.9749279121818236,-0.2225209339563143,1.0,6.123233995736766e-17,641.75,605.0,489.9791666666667,4.275,17.075000000000003,83.5,39.0,-0.925,4.359067,0.0,12.775,25.23333335333333,25.0,24.85,24.5,24.65,24.35,-11.20733330666667,0.6240740600000017,0.3853333333333317,13.274,14.288666666666666,24.112345656666665,13.10866666666667,5.700831,5.514274,5.173754,4.934446,5.679799,0,2.0,0,0.5,0.41,8.5,91.5
2023-03-22 12:30:00,52.750389850002,0.0,0.0,25.23333335333333,14.288666666666666,24.35,0,5.1764362714980825,70.66250196097344,12,2,3,1.2246467991473532e-16,-1.0,0.9749279121818236,-0.2225209339563143,1.0,6.123233995736766e-17,678.5,629.5,525.2708333333334,4.15,16.55,89.0,37.0,-1.25,4.2589183,0.0,13.25,25.55555555,24.95,25.0,24.85,24.5,23.95,-10.944666686666666,0.3666667133333305,0.6293333333333333,13.659333333333333,15.062666666666669,24.78086419111111,13.74066666666667,5.679799,5.700831,5.514274,5.173754,5.6885066,0,3.0,0,0.25,0.49,10.1,89.9
2023-03-22 12:45:00,46.148154066664,0.0,0.0,25.55555555,15.062666666666669,23.95,0,5.1764362714980825,70.66250196097344,12,2,3,1.2246467991473532e-16,-1.0,0.9749279121818236,-0.2225209339563143,1.0,6.123233995736766e-17,715.25,660.125,558.7083333333334,4.025,16.025,94.5,35.0,-1.5749999999999995,4.1484475,0.0,13.725,25.775925916666665,24.35,24.95,25.0,24.85,23.53333333333333,-10.492888883333334,0.3222221966666687,0.7740000000000009,14.288666666666666,15.488666666666663,25.218518514444444,14.336888888888891,5.6885066,5.679799,5.700831,5.514274,5.658998,0,4.0,0,0.0,0.56,11.7,88.3
2023-03-22 13:00:00,57.651582861106,0.0,0.0,25.775925916666665,15.488666666666663,23.53333333333333,0,5.1764362714980825,70.66250196097344,13,2,3,-0.2588190451025208,-0.9659258262890684,0.9749279121818236,-0.2225209339563143,1.0,6.123233995736766e-17,752.0,696.875,590.2916666666666,3.9,15.5,100.0,33.0,-1.9,4.0272,0.0,14.2,25.8888889,23.95,24.35,24.95,25.0,23.15,-10.28725925,0.2203703666666641,0.4259999999999984,15.062666666666669,15.825333333333331,25.52160494,14.946666666666667,5.658998,5.6885066,5.679799,5.700831,5.6021276,0,4.0,0,0.0,0.61,12.9,87.1
2023-03-22 13:15:00,52.470123227782,0.0,0.0,25.8888889,15.825333333333331,23.15,0,5.1764362714980825,70.66250196097344,13,2,3,-0.2588190451025208,-0.9659258262890684,0.9749279121818236,-0.2225209339563143,1.0,6.123233995736766e-17,755.0,725.1875,618.3125,4.75,16.75,100.0,32.25,-2.0,4.002517,0.0,14.475,25.86851851333333,23.53333333333333,23.95,24.35,24.95,22.816666666666663,-10.063555566666668,0.1129629833333361,0.3366666666666678,15.488666666666663,16.508,25.74012345555556,15.458888888888891,5.6021276,5.658998,5.6885066,5.679799,5.5151734,0,4.0,0,0.0,0.64,13.5,86.5
2023-03-22 13:30:00,46.521472300004,0.0,0.0,25.86851851333333,16.508,22.816666666666663,0,5.1764362714980825,70.66250196097344,13,2,3,-0.2588190451025208,-0.9659258262890684,0.9749279121818236,-0.2225209339563143,1.0,6.123233995736766e-17,758.0,745.0625,642.7708333333334,5.6,18.0,100.0,31.5,-2.1,3.9756877,0.0,14.75,25.861111110000003,23.15,23.53333333333333,23.95,24.35,22.45,-9.360518513333336,-0.0203703866666664,0.6826666666666661,15.825333333333331,16.936666666666667,25.84444444333333,15.940666666666669,5.5151734,5.6021276,5.658998,5.6885066,5.424295,0,4.0,0,0.0,0.63,13.3,86.7
2023-03-22 13:45:00,353.665297288888,0.0,0.0,25.861111110000003,16.936666666666667,22.45,0,5.1764362714980825,70.66250196097344,13,2,3,-0.2588190451025208,-0.9659258262890684,0.9749279121818236,-0.2225209339563143,1.0,6.123233995736766e-17,761.0,756.5,663.6666666666666,6.45,19.25,100.0,30.75,-2.2,3.946653,0.0,15.025,25.72407408333333,22.816666666666663,23.15,23.53333333333333,23.95,22.03333333333333,-8.924444443333336,-0.0074074033333317,0.4286666666666683,16.508,16.38266666666667,25.87283950777778,16.423333333333336,5.424295,5.5151734,5.6021276,5.658998,5.2829337,0,4.0,0,0.0,0.62,13.2,86.8
2023-03-22 14:00:00,51.81237183889,0.0,0.0,25.72407408333333,16.38266666666667,22.03333333333333,0,5.1764362714980825,70.66250196097344,14,2,3,-0.4999999999999997,-0.8660254037844388,0.9749279121818236,-0.2225209339563143,1.0,6.123233995736766e-17,764.0,759.5,681.0,7.3,20.5,100.0,30.0,-2.3,3.9153566,0.0,15.3,25.37222223,22.45,22.816666666666663,23.15,23.53333333333333,22.0,-9.341407416666666,-0.1370370266666682,-0.5539999999999985,16.936666666666667,16.570666666666668,25.817901235555563,16.609111111111115,5.2829337,5.424295,5.5151734,5.6021276,5.171857,0,4.0,0,0.0,0.59,12.3,87.7
2023-03-22 14:15:00,47.092005094446,0.0,0.0,25.37222223,16.570666666666668,22.0,0,5.1764362714980825,70.66250196097344,14,2,3,-0.4999999999999997,-0.8660254037844388,0.9749279121818236,-0.2225209339563143,1.0,6.123233995736766e-17,728.0,752.75,694.3125,10.15,25.45,100.0,30.0,-2.175,3.9332373,0.0,15.375,25.16481482,22.03333333333333,22.45,22.816666666666663,23.15,22.0,-8.80155556333333,-0.3518518533333363,0.1879999999999988,16.38266666666667,16.217333333333332,25.652469141111112,16.630000000000006,5.171857,5.2829337,5.424295,5.5151734,5.111907,0,4.0,0,0.0,0.51,10.4,89.6
2023-03-22 14:30:00,57.64047212222,0.0,0.0,25.16481482,16.217333333333332,22.0,0,5.1764362714980825,70.66250196097344,14,2,3,-0.4999999999999997,-0.8660254037844388,0.9749279121818236,-0.2225209339563143,1.0,6.123233995736766e-17,692.0,736.25,703.6041666666666,13.0,30.4,100.0,30.0,-2.05,3.95119,0.0,15.45,24.73888892,22.0,22.03333333333333,22.45,22.816666666666663,22.05,-8.947481486666668,-0.2074074099999983,-0.3533333333333353,16.570666666666668,15.880666666666666,25.420370377777783,16.390222222222224,5.111907,5.171857,5.2829337,5.424295,5.0020227,0,4.0,0,0.0,0.46,9.4,90.6
2023-03-22 14:45:00,51.088789816662,0.0,0.0,24.73888892,15.880666666666666,22.05,0,5.1764362714980825,70.66250196097344,14,2,3,-0.4999999999999997,-0.8660254037844388,0.9749279121818236,-0.2225209339563143,1.0,6.123233995736766e-17,656.0,710.0,708.875,15.849999999999998,35.35,100.0,30.0,-1.925,3.9692137,0.0,15.525,24.129629623333336,22.0,22.0,22.03333333333333,22.45,22.466666666666665,-8.858222253333334,-0.4259258999999993,-0.336666666666666,16.217333333333332,16.464000000000002,25.091975323333333,16.22288888888889,5.0020227,5.111907,5.171857,5.2829337,4.9238653,0,4.0,0,0.0,0.36,7.7,92.3
2023-03-22 15:00:00,47.970303327778,0.0,0.0,24.129629623333336,16.464000000000002,22.466666666666665,0,5.1764362714980825,70.66250196097344,15,2,3,-0.7071067811865471,-0.7071067811865479,0.9749279121818236,-0.2225209339563143,1.0,6.123233995736766e-17,620.0,674.0,710.125,18.7,40.3,100.0,30.0,-1.8,3.987309,0.0,15.6,23.62222225,22.05,22.0,22.0,22.03333333333333,22.85,-7.665629623333334,-0.6092592966666643,0.5833333333333357,15.880666666666666,16.419333333333334,24.67777778777778,16.187333333333335,4.9238653,5.0020227,5.111907,5.171857,4.865562,0,4.0,0,0.0,0.22,6.0,94.0
2023-03-22 15:15:00,58.462939172222,0.0,0.0,23.62222225,16.419333333333334,22.85,0,5.1764362714980825,70.66250196097344,15,2,3,-0.7071067811865471,-0.7071067811865479,0.9749279121818236,-0.2225209339563143,1.0,6.123233995736766e-17,500.75,617.1875,698.375,17.275,40.925,100.0,32.75,-1.2000000000000002,4.216163,0.0,15.075,23.142592566666668,22.466666666666665,22.05,22.0,22.0,23.183333333333334,-7.202888916666666,-0.5074073733333364,-0.0446666666666679,16.464000000000002,16.433333333333334,24.163580264444448,16.25466666666667,4.865562,4.9238653,5.0020227,5.111907,4.803326,0,4.0,0,0.0,0.1,5.2,94.8
2023-03-22 15:30:00,133.379942355556,87.04929563889,87.068739311112,23.142592566666668,16.433333333333334,23.183333333333334,2,5.1764362714980825,70.66250196097344,15,2,3,-0.7071067811865471,-0.7071067811865479,0.9749279121818236,-0.2225209339563143,1.0,6.123233995736766e-17,381.5,539.5625,673.625,15.85,41.55,100.0,35.5,-0.6000000000000001,4.4261274,0.0,14.55,22.81111111,22.85,22.466666666666665,22.05,22.0,23.85,-6.709259233333334,-0.4796296833333322,0.0139999999999993,16.419333333333334,16.417333333333332,23.63148148,16.438888888888894,4.803326,4.865562,4.9238653,5.0020227,4.8486156,0,3.0,1,0.25,-0.01,5.0,95.0
2023-03-22 15:45:00,57.225488522228,12.287286222224,12.298396894446,22.81111111,16.417333333333332,23.85,1,5.1764362714980825,70.66250196097344,15,2,3,-0.7071067811865471,-0.7071067811865479,0.9749279121818236,-0.2225209339563143,1.0,6.123233995736766e-17,262.25,441.125,635.875,14.425,42.175,100.0,38.25,0.0,4.6180415,0.0,14.025,22.54074074,23.183333333333334,22.85,22.466666666666665,22.05,24.183333333333334,-6.393777776666671,-0.3314814566666655,-0.0160000000000017,16.433333333333334,16.32133333333333,23.19197530888889,16.423333333333336,4.8486156,4.803326,4.865562,4.9238653,4.840739,0,2.0,1,0.5,-0.08,5.1,94.9
2023-03-22 16:00:00,57.633805755552,0.0,0.0,22.54074074,16.32133333333333,24.183333333333334,0,5.1764362714980825,70.66250196097344,16,2,3,-0.8660254037844385,-0.5000000000000004,0.9749279121818236,-0.2225209339563143,1.0,6.123233995736766e-17,143.0,321.875,585.125,13.0,42.8,100.0,41.0,0.6,4.792722,0.0,13.5,22.16666666,23.85,23.183333333333334,22.85,22.466666666666665,24.85,-6.219407406666669,-0.2703703700000019,-0.096,16.417333333333332,15.897333333333334,22.831481472222222,16.390666666666664,4.840739,4.8486156,4.803326,4.865562,4.8683496,1,2.0,1,0.5,-0.14,5.4,94.6
2023-03-22 16:15:00,49.379413677776,0.0,0.0,22.16666666,15.897333333333334,24.85,0,5.1764362714980825,70.66250196097344,16,2,3,-0.8660254037844385,-0.5000000000000004,0.9749279121818236,-0.2225209339563143,1.0,6.123233995736766e-17,146.25,233.25,534.3958333333334,12.75,40.75,100.0,42.75,0.925,4.9283824,0.0,13.275,21.770370346666667,24.183333333333334,23.85,23.183333333333334,22.85,25.0,-6.269333326666663,-0.3740740800000033,-0.4239999999999977,16.32133333333333,15.428666666666668,22.506172836666668,16.212,4.8683496,4.840739,4.8486156,4.803326,4.787079,0,2.0,0,0.5,-0.22,6.0,94.0
2023-03-22 16:30:00,67.779511011108,11.564537416666,11.573426011108,21.770370346666667,15.428666666666668,25.0,1,5.1764362714980825,70.66250196097344,16,2,3,-0.8660254037844385,-0.5000000000000004,0.9749279121818236,-0.2225209339563143,1.0,6.123233995736766e-17,149.5,175.25,483.6875,12.5,38.7,100.0,44.5,1.25,5.0592637,0.0,13.05,21.45,24.85,24.183333333333334,23.85,23.183333333333334,25.75,-6.34170368,-0.3962963133333304,-0.4686666666666674,15.897333333333334,15.095333333333334,22.15925924888889,15.882444444444443,4.787079,4.8683496,4.840739,4.8486156,4.840188,0,2.0,1,0.5,-0.31,7.0,93.0
2023-03-22 16:45:00,139.456088166668,85.706293811112,85.725737533332,21.45,15.095333333333334,25.75,2,5.1764362714980825,70.66250196097344,16,2,3,-0.8660254037844385,-0.5000000000000004,0.9749279121818236,-0.2225209339563143,1.0,6.123233995736766e-17,152.75,147.875,433.0,12.25,36.65,100.0,46.25,1.5749999999999995,5.185457,0.0,12.825,21.337037006666662,25.0,24.85,24.183333333333334,23.85,26.466666666666665,-6.354666666666665,-0.3203703466666674,-0.3333333333333321,15.428666666666668,15.028,21.79567900222222,15.473777777777778,4.840188,4.787079,4.8683496,4.840739,4.942454,0,2.0,1,0.5,-0.38,8.0,92.0
2023-03-22 17:00:00,55.476669794442,11.152609444444,11.164553383334,21.337037006666662,15.028,26.466666666666665,1,5.1764362714980825,70.66250196097344,17,2,3,-0.9659258262890684,-0.2588190451025206,0.9749279121818236,-0.2225209339563143,1.0,6.123233995736766e-17,156.0,151.125,382.3333333333333,12.0,34.6,100.0,48.0,1.9,5.3070555,0.0,12.6,21.19444445,25.75,25.0,24.85,24.183333333333334,26.85,-6.3090370066666654,-0.1129629933333333,-0.0673333333333339,15.095333333333334,14.917333333333334,21.519135784444444,15.184000000000005,4.942454,4.840188,4.787079,4.8683496,4.972754,0,1.0,1,0.75,-0.4,8.4,91.6
2023-03-22 17:15:00,50.62519707778,0.0,0.0,21.19444445,14.917333333333334,26.85,0,5.1764362714980825,70.66250196097344,17,2,3,-0.9659258262890684,-0.2588190451025206,0.9749279121818236,-0.2225209339563143,1.0,6.123233995736766e-17,136.0,148.5625,333.0,12.2,32.35,100.0,49.0,1.875,5.309231,0.0,12.275,20.898148133333333,26.466666666666665,25.75,25.0,24.85,27.183333333333334,-6.277111116666665,-0.142592556666667,-0.1106666666666669,15.028,14.874,21.32716048555556,15.013555555555556,4.972754,4.942454,4.840188,4.787079,4.948591,1,1.0,1,0.75,-0.43,8.9,91.1
2023-03-22 17:30:00,321.859347261114,0.0,0.0,20.898148133333333,14.874,27.183333333333334,0,5.1764362714980825,70.66250196097344,17,2,3,-0.9659258262890684,-0.2588190451025206,0.9749279121818236,-0.2225209339563143,1.0,6.123233995736766e-17,116.0,140.1875,285.0,12.4,30.1,100.0,50.0,1.85,5.308911,0.0,11.95,20.71111114,26.85,26.466666666666665,25.75,25.0,27.55,-6.024148133333332,-0.2962963166666661,-0.043333333333333,14.917333333333334,14.726666666666668,21.143209863333336,14.939777777777778,4.948591,4.972754,4.942454,4.840188,4.9610515,0,2.0,0,0.5,-0.5,10.3,89.7
2023-03-22 17:45:00,147.520487911108,103.956952672222,103.978618488888,20.71111114,14.726666666666668,27.55,2,5.1764362714980825,70.66250196097344,17,2,3,-0.9659258262890684,-0.2588190451025206,0.9749279121818236,-0.2225209339563143,1.0,6.123233995736766e-17,96.0,126.0,238.33333333333331,12.6,27.85,100.0,51.0,1.825,5.3061867,0.0,11.625,20.79074074333333,27.183333333333334,26.85,26.466666666666665,25.75,27.78333333333333,-5.984444473333333,-0.1870369933333329,-0.1473333333333339,14.874,14.591333333333331,20.93456790777778,14.839333333333334,4.9610515,4.948591,4.972754,4.942454,5.026315,0,2.0,1,0.5,-0.54,11.2,88.8
2023-03-22 18:00:00,59.210131599996,11.423154205554,11.435375949998,20.79074074333333,14.591333333333331,27.78333333333333,1,5.1764362714980825,70.66250196097344,18,2,3,-1.0,-1.8369701987210294e-16,0.9749279121818236,-0.2225209339563143,1.0,6.123233995736766e-17,76.0,106.0,193.0,12.8,25.6,100.0,52.0,1.8,5.3011413,0.0,11.3,20.70000001,27.55,27.183333333333334,26.85,26.466666666666665,27.5,-6.199407410000001,0.0796296033333341,-0.1353333333333335,14.726666666666668,14.531333333333333,20.80000000555556,14.73066666666667,5.026315,4.9610515,4.948591,4.972754,4.948845,0,2.0,1,0.5,-0.52,10.7,89.3
2023-03-22 18:15:00,57.470201133332,0.0,0.0,20.70000001,14.531333333333333,27.5,0,5.1764362714980825,70.66250196097344,18,2,3,-1.0,-1.8369701987210294e-16,0.9749279121818236,-0.2225209339563143,1.0,6.123233995736766e-17,63.0,87.75,156.52083333333334,12.5,26.05,100.0,52.75,1.65,5.2606034,0.0,10.95,20.470370376666665,27.78333333333333,27.55,27.183333333333334,26.85,27.5,-6.168666676666668,-0.0907407333333338,-0.0600000000000005,14.591333333333331,14.496,20.733950631111117,14.616444444444443,4.948845,5.026315,4.9610515,4.948591,4.883045,1,2.0,1,0.5,-0.55,11.2,88.8
2023-03-22 18:30:00,88.19008333889,44.692101127778,44.706267227778,20.470370376666665,14.496,27.5,1,5.1764362714980825,70.66250196097344,18,2,3,-1.0,-1.8369701987210294e-16,0.9749279121818236,-0.2225209339563143,1.0,6.123233995736766e-17,50.0,71.25,128.89583333333334,12.2,26.5,100.0,53.5,1.5,5.2189965,0.0,10.6,20.44444442,27.5,27.78333333333333,27.55,27.183333333333334,27.85,-5.9743703766666645,-0.2296296333333352,-0.0353333333333321,14.531333333333333,14.329333333333333,20.65370371,14.539555555555555,4.883045,4.948845,5.026315,4.9610515,4.937717,0,1.0,1,0.75,-0.6,12.5,87.5
2023-03-22 18:45:00,422.020618483334,68.405319227778,68.417541005554,20.44444442,14.329333333333333,27.85,1,5.1764362714980825,70.66250196097344,18,2,3,-1.0,-1.8369701987210294e-16,0.9749279121818236,-0.2225209339563143,1.0,6.123233995736766e-17,37.0,56.5,110.125,11.9,26.95,100.0,54.25,1.35,5.1763754,0.0,10.25,20.579629636666667,27.5,27.5,27.78333333333333,27.55,28.366666666666667,-6.115111086666667,-0.0259259566666649,-0.1666666666666678,14.496,14.2,20.538271602222224,14.452222222222224,4.937717,4.883045,4.948845,5.026315,5.0691323,0,1.0,0,0.75,-0.6,12.6,87.4
2023-03-22 19:00:00,154.355214477776,0.0,0.0,20.579629636666667,14.2,28.366666666666667,0,5.1764362714980825,70.66250196097344,19,2,3,-0.9659258262890684,0.2588190451025203,0.9749279121818236,-0.2225209339563143,1.0,6.123233995736766e-17,24.0,43.5,100.20833333333331,11.6,27.4,100.0,55.0,1.2,5.1327972,0.0,9.9,20.43333335,27.85,27.5,27.5,27.78333333333333,29.35,-6.379629636666667,0.1351852166666667,-0.1293333333333333,14.329333333333333,14.071333333333332,20.49814814444445,14.34177777777778,5.0691323,4.937717,4.883045,4.948845,5.2002907,1,2.0,1,0.5,-0.57,11.8,88.2
2023-03-22 19:15:00,154.233274822224,0.0,0.0,20.43333335,14.071333333333332,29.35,0,5.1764362714980825,70.66250196097344,19,2,3,-0.9659258262890684,0.2588190451025203,0.9749279121818236,-0.2225209339563143,1.0,6.123233995736766e-17,18.0,32.25,89.52083333333333,10.95,26.3,100.0,56.25,1.275,5.166724,0.0,9.65,20.27592592,28.366666666666667,27.85,27.5,27.5,29.683333333333334,-6.362000016666665,-0.1462962866666686,-0.1286666666666658,14.2,13.912,20.48580246888889,14.200222222222225,5.2002907,5.0691323,4.937717,4.883045,5.2112284,0,2.0,0,0.5,-0.6,12.4,87.6
2023-03-22 19:30:00,730.646606416662,0.0,0.0,20.27592592,13.912,29.683333333333334,0,5.1764362714980825,70.66250196097344,19,2,3,-0.9659258262890684,0.2588190451025203,0.9749279121818236,-0.2225209339563143,1.0,6.123233995736766e-17,12.0,22.75,78.0625,10.3,25.2,100.0,57.5,1.35,5.1981387,0.0,9.4,20.11666667,29.35,28.366666666666667,27.85,27.5,29.95,-6.363925920000002,-0.1574074299999956,-0.1593333333333326,14.071333333333332,13.866,20.42962963555556,14.061111111111112,5.2112284,5.2002907,5.0691323,4.937717,5.2093124,0,3.0,0,0.25,-0.63,13.3,86.7
2023-03-22 19:45:00,1112.083292672222,0.0,0.0,20.11666667,13.866,29.95,0,5.1764362714980825,70.66250196097344,19,2,3,-0.9659258262890684,0.2588190451025203,0.9749279121818236,-0.2225209339563143,1.0,6.123233995736766e-17,6.0,15.0,65.83333333333333,9.65,24.1,100.0,58.75,1.425,5.2271028,0.0,9.15,19.98703702,29.683333333333334,29.35,28.366666666666667,27.85,29.716666666666665,-6.250666669999996,-0.1592592500000051,-0.0459999999999993,13.912,13.798666666666666,20.275308646666662,13.949777777777776,5.2093124,5.2112284,5.2002907,5.0691323,5.1296577,0,4.0,0,0.0,-0.66,14.3,85.7
2023-03-22 20:00:00,161.458263644444,72.420714172222,72.470712205554,19.98703702,13.798666666666666,29.716666666666665,2,5.1764362714980825,70.66250196097344,20,2,3,-0.8660254037844386,0.5000000000000001,0.9749279121818236,-0.2225209339563143,1.0,6.123233995736766e-17,0.0,9.0,52.833333333333336,9.0,23.0,100.0,60.0,1.5,5.2536793,0.0,8.9,20.14999997,29.95,29.683333333333334,29.35,28.366666666666667,31.1,-6.188370353333333,-0.1296296499999982,-0.0673333333333356,13.866,13.654666666666666,20.126543203333338,13.85888888888889,5.1296577,5.2093124,5.2112284,5.2002907,5.419894,0,3.0,1,0.25,-0.69,15.2,84.8
2023-03-22 20:15:00,147.946304194442,44.609882183334,44.662102311112,20.14999997,13.654666666666666,31.1,1,5.1764362714980825,70.66250196097344,20,2,3,-0.8660254037844386,0.5000000000000001,0.9749279121818236,-0.2225209339563143,1.0,6.123233995736766e-17,0.0,4.5,41.5,9.725,22.75,100.0,63.25,1.775,5.3807554,0.0,8.45,20.264814806666667,29.716666666666665,29.95,29.683333333333334,29.35,32.15,-6.495333303333334,0.1629629500000007,-0.1440000000000001,13.798666666666666,13.466666666666669,20.084567886666665,13.773111111111112,5.419894,5.1296577,5.2093124,5.2112284,5.6406164,0,2.0,1,0.5,-0.65,13.9,86.1
2023-03-22 20:30:00,95.153138205554,0.0,0.0,20.264814806666667,13.466666666666669,32.15,0,5.1764362714980825,70.66250196097344,20,2,3,-0.8660254037844386,0.5000000000000001,0.9749279121818236,-0.2225209339563143,1.0,6.123233995736766e-17,0.0,1.5,31.83333333333333,10.45,22.5,100.0,66.5,2.05,5.495771,0.0,8.0,20.07222226,31.1,29.716666666666665,29.95,29.683333333333334,32.45,-6.79814814,0.1148148366666674,-0.1879999999999988,13.654666666666666,13.269333333333332,20.133950598888887,13.64,5.6406164,5.419894,5.1296577,5.2093124,5.6294856,1,2.0,1,0.5,-0.62,13.0,87.0
2023-03-22 20:45:00,87.51955474444,0.0,0.0,20.07222226,13.269333333333332,32.45,0,5.1764362714980825,70.66250196097344,20,2,3,-0.8660254037844386,0.5000000000000001,0.9749279121818236,-0.2225209339563143,1.0,6.123233995736766e-17,0.0,0.0,23.83333333333333,11.175,22.25,100.0,69.75,2.325,5.5992393,0.0,7.55,19.920370363333333,32.15,31.1,29.716666666666665,29.95,32.03333333333333,-6.802888926666668,-0.1925925466666669,-0.1973333333333347,13.466666666666669,13.018666666666666,20.16234567888889,13.463555555555557,5.6294856,5.6406164,5.419894,5.1296577,5.508004,0,2.0,0,0.5,-0.66,14.1,85.9
2023-03-22 21:00:00,208.188061027778,106.615179655556,106.674066233332,19.920370363333333,13.018666666666666,32.03333333333333,2,5.1764362714980825,70.66250196097344,21,2,3,-0.7071067811865477,0.7071067811865474,0.9749279121818236,-0.2225209339563143,1.0,6.123233995736766e-17,0.0,0.0,17.5,11.9,22.0,100.0,73.0,2.6,5.6916585,0.0,7.1,20.13333331,32.45,32.15,31.1,29.716666666666665,31.65,-6.901703696666667,-0.1518518966666668,-0.2506666666666657,13.269333333333332,12.809333333333331,20.085802476666668,13.251555555555557,5.508004,5.6294856,5.6406164,5.419894,5.5103693,0,2.0,1,0.5,-0.7,15.2,84.8
2023-03-22 21:15:00,91.547171433328,0.0,0.0,20.13333331,12.809333333333331,31.65,0,5.1764362714980825,70.66250196097344,21,2,3,-0.7071067811865477,0.7071067811865474,0.9749279121818236,-0.2225209339563143,1.0,6.123233995736766e-17,0.0,0.0,12.25,11.625,22.625,100.0,72.75,2.6,5.6998544,0.0,7.175,20.109259276666663,32.03333333333333,32.45,32.15,31.1,31.5,-7.323999976666668,0.2129629466666678,-0.2093333333333333,13.018666666666666,12.744,20.041975311111116,13.032444444444446,5.5103693,5.508004,5.6294856,5.6406164,5.476536,1,3.0,1,0.25,-0.65,13.9,86.1
2023-03-22 21:30:00,83.089176349998,0.0,0.0,20.109259276666663,12.744,31.5,0,5.1764362714980825,70.66250196097344,21,2,3,-0.7071067811865477,0.7071067811865474,0.9749279121818236,-0.2225209339563143,1.0,6.123233995736766e-17,0.0,0.0,8.083333333333334,11.35,23.25,100.0,72.5,2.6,5.707976,0.0,7.25,19.89444442,31.65,32.03333333333333,32.45,32.15,31.2,-7.365259276666666,-0.0240740333333349,-0.0653333333333332,12.809333333333331,12.748666666666669,20.054320983333334,12.857333333333337,5.476536,5.5103693,5.508004,5.6294856,5.3565726,0,3.0,0,0.25,-0.66,14.1,85.9
2023-03-22 21:45:00,163.699285166664,83.112508716666,83.151951605554,19.89444442,12.748666666666669,31.2,2,5.1764362714980825,70.66250196097344,21,2,3,-0.7071067811865477,0.7071067811865474,0.9749279121818236,-0.2225209339563143,1.0,6.123233995736766e-17,0.0,0.0,5.0,11.075,23.875,100.0,72.25,2.6,5.7160254,0.0,7.325,20.038888853333333,31.5,31.65,32.03333333333333,32.45,31.1,-7.145777753333332,-0.214814856666667,0.004666666666667,12.744,12.671333333333331,20.045679002222226,12.767333333333331,5.3565726,5.476536,5.5103693,5.508004,5.3847704,0,2.0,1,0.5,-0.71,15.5,84.5
2023-03-22 22:00:00,79.280995399996,34.6961121,34.709167094446,20.038888853333333,12.671333333333331,31.1,1,5.1764362714980825,70.66250196097344,22,2,3,-0.5000000000000004,0.8660254037844384,0.9749279121818236,-0.2225209339563143,1.0,6.123233995736766e-17,0.0,0.0,3.0,10.8,24.5,100.0,72.0,2.6,5.7239995,0.0,7.4,20.12777776,31.2,31.5,31.65,32.03333333333333,30.5,-7.36755552,0.1444444333333336,-0.0773333333333337,12.748666666666669,12.333333333333334,20.014197516666663,12.721333333333334,5.3847704,5.3565726,5.476536,5.5103693,5.308425,0,2.0,1,0.5,-0.68,14.6,85.4
2023-03-22 22:15:00,44.462943727774,0.0,0.0,20.12777776,12.333333333333334,30.5,0,5.1764362714980825,70.66250196097344,22,2,3,-0.5000000000000004,0.8660254037844384,0.9749279121818236,-0.2225209339563143,1.0,6.123233995736766e-17,0.0,0.0,1.5,11.25,24.5,100.0,71.25,2.475,5.673556,0.0,7.425000000000001,19.894444426666663,31.1,31.2,31.5,31.65,30.683333333333334,-7.794444426666667,0.0888889066666678,-0.3379999999999992,12.671333333333331,12.355333333333334,20.020370344444444,12.584444444444443,5.308425,5.3847704,5.3565726,5.476536,5.2678685,1,2.0,1,0.5,-0.66,14.1,85.9
2023-03-22 22:30:00,403.038322288888,38.498737772222,38.51401496111,19.894444426666663,12.355333333333334,30.683333333333334,1,5.1764362714980825,70.66250196097344,22,2,3,-0.5000000000000004,0.8660254037844384,0.9749279121818236,-0.2225209339563143,1.0,6.123233995736766e-17,0.0,0.0,0.5,11.7,24.5,100.0,70.5,2.35,5.6229305,0.0,7.45,19.88333335,30.5,31.1,31.2,31.5,30.95,-7.539111093333332,-0.2333333333333342,0.0220000000000002,12.333333333333334,12.240666666666668,20.020370346666667,12.453333333333337,5.2678685,5.308425,5.3847704,5.3565726,5.310193,0,1.0,1,0.75,-0.71,15.6,84.4
2023-03-22 22:45:00,119.526607611112,81.641178672222,81.661177888888,19.88333335,12.240666666666668,30.95,2,5.1764362714980825,70.66250196097344,22,2,3,-0.5000000000000004,0.8660254037844384,0.9749279121818236,-0.2225209339563143,1.0,6.123233995736766e-17,0.0,0.0,0.0,12.15,24.5,100.0,69.75,2.225,5.5721245,0.0,7.475,20.087037056666667,30.683333333333334,30.5,31.1,31.2,30.35,-7.64266668333333,-0.0111110766666691,-0.1146666666666664,12.355333333333334,12.170666666666667,19.96851851222222,12.30977777777778,5.310193,5.2678685,5.308425,5.3847704,5.2697415,0,1.0,1,0.75,-0.71,15.7,84.3
2023-03-22 23:00:00,50.864632216658,0.0,0.0,20.087037056666667,12.170666666666667,30.35,0,5.1764362714980825,70.66250196097344,23,2,3,-0.2588190451025215,0.965925826289068,0.9749279121818236,-0.2225209339563143,1.0,6.123233995736766e-17,0.0,0.0,0.0,12.6,24.5,100.0,69.0,2.1,5.5211377,0.0,7.5,19.91111112,30.95,30.683333333333334,30.5,31.1,30.05,-7.916370389999999,0.2037037066666691,-0.0700000000000002,12.240666666666668,12.028,19.95493827777777,12.255555555555558,5.2697415,5.310193,5.2678685,5.308425,5.164176,1,2.0,1,0.5,-0.67,14.4,85.6
2023-03-22 23:15:00,60.029543255552,18.972852172222,18.9842406,19.91111112,12.028,30.05,1,5.1764362714980825,70.66250196097344,23,2,3,-0.2588190451025215,0.965925826289068,0.9749279121818236,-0.2225209339563143,1.0,6.123233995736766e-17,0.0,0.0,0.0,12.425,24.5,100.0,68.75,2.125,5.5189633,0.0,7.55,19.805555556666665,30.35,30.95,30.683333333333334,30.5,30.466666666666665,-7.883111119999997,-0.175925936666669,-0.1426666666666669,12.170666666666667,12.098666666666666,19.96049384222222,12.146444444444446,5.164176,5.2697415,5.310193,5.2678685,5.2034836,0,1.0,1,0.75,-0.71,15.6,84.4
2023-03-22 23:30:00,139.99162236111,89.792241516666,89.811685172222,19.805555556666665,12.098666666666666,30.466666666666665,2,5.1764362714980825,70.66250196097344,23,2,3,-0.2588190451025215,0.965925826289068,0.9749279121818236,-0.2225209339563143,1.0,6.123233995736766e-17,0.0,0.0,0.0,12.25,24.5,100.0,68.5,2.1500000000000004,5.51671,0.0,7.6,19.97777779,30.05,30.35,30.95,30.683333333333334,30.15,-7.706888889999998,-0.1055555633333327,0.0706666666666659,12.028,12.172666666666666,19.934567911111117,12.099111111111112,5.2034836,5.164176,5.2697415,5.310193,5.201636,0,1.0,1,0.75,-0.73,16.3,83.7
2023-03-22 23:45:00,46.377589222224,0.0,0.0,19.97777779,12.172666666666666,30.15,0,5.1764362714980825,70.66250196097344,23,2,3,-0.2588190451025215,0.965925826289068,0.9749279121818236,-0.2225209339563143,1.0,6.123233995736766e-17,0.0,0.0,0.0,12.075,24.5,100.0,68.25,2.1750000000000003,5.514377,0.0,7.65,19.890740726666664,30.466666666666665,30.05,30.35,30.95,30.0,-7.805111123333335,0.1722222333333363,0.0739999999999998,12.098666666666666,12.186,19.89814815555556,12.09977777777778,5.201636,5.2034836,5.164176,5.2697415,5.149432,1,2.0,1,0.5,-0.69,15.1,84.9
2023-03-23 00:00:00,61.792250577772,0.0,0.0,19.890740726666664,12.186,30.0,0,5.1764362714980825,70.66250196097344,0,3,3,0.0,1.0,0.4338837391175582,-0.900968867902419,1.0,6.123233995736766e-17,0.0,0.0,0.0,11.9,24.5,100.0,68.0,2.2,5.5119634,0.0,7.7,19.66111111,30.15,30.466666666666665,30.05,30.35,30.05,-7.704740726666664,-0.0870370633333372,0.0133333333333336,12.172666666666666,11.972666666666669,19.891358024444443,12.152444444444448,5.149432,5.201636,5.2034836,5.164176,5.0890017,0,2.0,0,0.5,-0.72,15.8,84.2
2023-03-23 00:15:00,83.272224511112,38.345132849998,38.357910088888,19.66111111,11.972666666666669,30.05,1,5.1764362714980825,70.66250196097344,0,3,3,0.0,1.0,0.4338837391175582,-0.900968867902419,1.0,6.123233995736766e-17,0.0,0.0,0.0,12.275,24.85,100.0,67.25,2.125,5.4864984,0.0,7.8,19.71296296,30.0,30.15,30.466666666666665,30.05,30.466666666666665,-7.688444443333333,-0.2296296166666636,-0.2133333333333329,12.186,11.616,19.843209875555555,12.110444444444449,5.0890017,5.149432,5.201636,5.2034836,5.175293,0,2.0,1,0.5,-0.77,17.4,82.6
2023-03-23 00:30:00,121.502361894446,80.626774783334,80.645385122224,19.71296296,11.616,30.466666666666665,2,5.1764362714980825,70.66250196097344,0,3,3,0.0,1.0,0.4338837391175582,-0.900968867902419,1.0,6.123233995736766e-17,0.0,0.0,0.0,12.65,25.2,100.0,66.5,2.05,5.4604416,0.0,7.9,19.91111109,30.05,30.0,30.15,30.466666666666665,30.15,-8.09696296,0.051851850000002,-0.3566666666666656,11.972666666666669,11.510666666666667,19.754938265555555,11.924888888888892,5.175293,5.0890017,5.149432,5.201636,5.181361,0,2.0,1,0.5,-0.75,17.0,83.0
2023-03-23 00:45:00,59.632336911108,0.0,0.0,19.91111109,11.510666666666667,30.15,0,5.1764362714980825,70.66250196097344,0,3,3,0.0,1.0,0.4338837391175582,-0.900968867902419,1.0,6.123233995736766e-17,0.0,0.0,0.0,13.025,25.55,100.0,65.75,1.975,5.433789,0.0,8.0,19.74814817,30.466666666666665,30.05,30.0,30.15,30.0,-8.400444423333335,0.1981481299999998,-0.1053333333333341,11.616,11.652666666666669,19.76172838666667,11.69977777777778,5.181361,5.175293,5.0890017,5.149432,5.1065545,1,2.0,1,0.5,-0.71,15.6,84.4
2023-03-23 01:00:00,67.555353277776,21.805516611112,21.817460633332,19.74814817,11.652666666666669,30.0,1,5.1764362714980825,70.66250196097344,1,3,3,0.2588190451025207,0.9659258262890684,0.4338837391175582,-0.900968867902419,1.0,6.123233995736766e-17,0.0,0.0,0.0,13.4,25.9,100.0,65.0,1.9,5.4065347,0.0,8.1,19.65555556,30.15,30.466666666666665,30.05,30.0,30.0,-8.095481503333334,-0.1629629200000018,0.1419999999999994,11.510666666666667,11.910666666666666,19.79074074,11.593111111111114,5.1065545,5.181361,5.175293,5.0890017,5.078878,0,1.0,1,0.75,-0.75,16.8,83.2
2023-03-23 01:15:00,141.302681066664,95.869776205554,95.891164249998,19.65555556,11.910666666666666,30.0,2,5.1764362714980825,70.66250196097344,1,3,3,0.2588190451025207,0.9659258262890684,0.4338837391175582,-0.900968867902419,1.0,6.123233995736766e-17,0.0,0.0,0.0,13.775,26.725,100.0,64.5,1.7999999999999998,5.364946,0.0,8.1,19.89074073,30.0,30.15,30.466666666666665,30.05,29.816666666666663,-7.744888893333334,-0.0925926100000005,0.2579999999999991,11.652666666666669,12.086,19.771604940000003,11.691333333333334,5.078878,5.1065545,5.181361,5.175293,5.1179633,0,1.0,1,0.75,-0.77,17.5,82.5
2023-03-23 01:30:00,53.384808988888,0.0,0.0,19.89074073,12.086,29.816666666666663,0,5.1764362714980825,70.66250196097344,1,3,3,0.2588190451025207,0.9659258262890684,0.4338837391175582,-0.900968867902419,1.0,6.123233995736766e-17,0.0,0.0,0.0,14.15,27.55,100.0,64.0,1.7,5.323357,0.0,8.1,19.81111111,30.0,30.0,30.15,30.466666666666665,29.5,-7.804740730000001,0.2351851700000011,0.1753333333333344,11.910666666666666,12.21,19.76481482,11.883111111111113,5.1179633,5.078878,5.1065545,5.181361,5.040025,1,2.0,1,0.5,-0.72,15.8,84.2
2023-03-23 01:45:00,51.638489894446,0.0,0.0,19.81111111,12.21,29.5,0,5.1764362714980825,70.66250196097344,1,3,3,0.2588190451025207,0.9659258262890684,0.4338837391175582,-0.900968867902419,1.0,6.123233995736766e-17,0.0,0.0,0.0,14.525,28.375,100.0,63.5,1.6,5.281769,0.0,8.1,19.60185186333333,29.816666666666663,30.0,30.0,30.15,29.683333333333334,-7.6011111100000015,-0.0796296199999986,0.1240000000000005,12.086,12.176666666666668,19.785802466666667,12.06888888888889,5.040025,5.1179633,5.078878,5.1065545,5.0094423,0,2.0,0,0.5,-0.74,16.4,83.6
2023-03-23 02:00:00,123.327844622216,72.753756416666,72.77153352222,19.60185186333333,12.176666666666668,29.683333333333334,2,5.1764362714980825,70.66250196097344,2,3,3,0.4999999999999999,0.8660254037844387,0.4338837391175582,-0.900968867902419,1.0,6.123233995736766e-17,0.0,0.0,0.0,14.9,29.2,100.0,63.0,1.5,5.2401795,0.0,8.1,19.72222225,29.5,29.816666666666663,30.0,30.0,29.95,-7.425185196666662,-0.2092592466666722,-0.0333333333333332,12.21,12.114,19.767901234444448,12.15755555555556,5.0094423,5.040025,5.1179633,5.078878,5.0902925,0,2.0,1,0.5,-0.78,18.0,82.0
2023-03-23 02:15:00,83.629988066664,41.14974286111,41.164464472222,19.72222225,12.114,29.95,1,5.1764362714980825,70.66250196097344,2,3,3,0.4999999999999999,0.8660254037844387,0.4338837391175582,-0.900968867902419,1.0,6.123233995736766e-17,0.0,0.0,0.0,14.425,29.275,99.5,63.25,1.4,5.201961,0.0,7.925,19.82037037,29.683333333333334,29.5,29.816666666666663,30.0,29.53333333333333,-7.608222250000002,0.1203703866666714,-0.0626666666666686,12.176666666666668,12.025333333333332,19.71172840777778,12.166888888888892,5.0902925,5.0094423,5.040025,5.1179633,5.04846,0,2.0,1,0.5,-0.75,17.0,83.0
2023-03-23 02:30:00,53.278979855556,0.0,0.0,19.82037037,12.025333333333332,29.53333333333333,0,5.1764362714980825,70.66250196097344,2,3,3,0.4999999999999999,0.8660254037844387,0.4338837391175582,-0.900968867902419,1.0,6.123233995736766e-17,0.0,0.0,0.0,13.95,29.35,99.0,63.5,1.3,5.1638565,0.0,7.75,19.60555558,29.95,29.683333333333334,29.5,29.816666666666663,29.55,-7.795037036666667,0.0981481199999976,-0.0886666666666666,12.114,11.774,19.714814827777776,12.105333333333334,5.04846,5.0902925,5.0094423,5.040025,4.988024,1,2.0,1,0.5,-0.73,16.4,83.6
2023-03-23 02:45:00,397.518543138886,45.704005116666,45.717337916666,19.60555558,11.774,29.55,1,5.1764362714980825,70.66250196097344,2,3,3,0.4999999999999999,0.8660254037844387,0.4338837391175582,-0.900968867902419,1.0,6.123233995736766e-17,0.0,0.0,0.0,13.475,29.425,98.5,63.75,1.2000000000000002,5.125869,0.0,7.575,19.63703707333333,29.53333333333333,29.95,29.683333333333334,29.5,29.966666666666665,-7.83155558,-0.2148147899999983,-0.2513333333333314,12.025333333333332,11.702,19.716049400000003,11.971111111111112,4.988024,5.04846,5.0902925,5.0094423,5.067721,0,1.0,1,0.75,-0.78,17.9,82.1
2023-03-23 03:00:00,104.931080472218,64.60630452777801,64.622415033332,19.63703707333333,11.702,29.966666666666665,1,5.1764362714980825,70.66250196097344,3,3,3,0.7071067811865476,0.7071067811865476,0.4338837391175582,-0.900968867902419,1.0,6.123233995736766e-17,0.0,0.0,0.0,13.0,29.5,98.0,64.0,1.1,5.088,0.0,7.4,19.79999999,29.55,29.53333333333333,29.95,29.683333333333334,30.0,-7.935037073333332,0.0314814933333309,-0.0720000000000009,11.774,11.423333333333334,19.687654341111116,11.833777777777778,5.067721,4.988024,5.04846,5.0902925,5.122111,0,1.0,0,0.75,-0.77,17.6,82.4
2023-03-23 03:15:00,55.971094449998,0.0,0.0,19.79999999,11.423333333333334,30.0,0,5.1764362714980825,70.66250196097344,3,3,3,0.7071067811865476,0.7071067811865476,0.4338837391175582,-0.900968867902419,1.0,6.123233995736766e-17,0.0,0.0,0.0,12.925,28.6,97.25,66.0,1.2000000000000002,5.1458826,0.0,7.1000000000000005,19.61666668333333,29.966666666666665,29.55,29.53333333333333,29.95,30.0,-8.376666656666666,0.1629629166666681,-0.2786666666666662,11.702,11.48,19.680864214444444,11.633111111111113,5.122111,5.067721,4.988024,5.04846,5.0672913,1,2.0,1,0.5,-0.74,16.4,83.6
2023-03-23 03:30:00,65.937362433332,14.539418366668,14.550806811112,19.61666668333333,11.48,30.0,1,5.1764362714980825,70.66250196097344,3,3,3,0.7071067811865476,0.7071067811865476,0.4338837391175582,-0.900968867902419,1.0,6.123233995736766e-17,0.0,0.0,0.0,12.85,27.7,96.5,68.0,1.3,5.199396,0.0,6.800000000000001,19.48888886,30.0,29.966666666666665,29.55,29.53333333333333,30.35,-8.136666683333337,-0.1833333066666647,0.0566666666666648,11.423333333333334,11.516,19.68456791555556,11.535111111111112,5.0672913,5.122111,5.067721,4.988024,5.0880613,0,1.0,1,0.75,-0.78,17.8,82.2
2023-03-23 03:45:00,139.308871972218,99.756009583334,99.777675416666,19.48888886,11.516,30.35,2,5.1764362714980825,70.66250196097344,3,3,3,0.7071067811865476,0.7071067811865476,0.4338837391175582,-0.900968867902419,1.0,6.123233995736766e-17,0.0,0.0,0.0,12.775,26.8,95.75,70.0,1.4,5.2486672,0.0,6.5,19.724074066666667,30.0,30.0,29.966666666666665,29.55,30.5,-7.972888859999999,-0.1277778233333357,0.0360000000000013,11.48,11.351333333333336,19.63518517777778,11.473111111111114,5.0880613,5.0672913,5.122111,5.067721,5.1843343,0,1.0,1,0.75,-0.81,18.7,81.3
2023-03-23 04:00:00,59.222353277776,0.0,0.0,19.724074066666667,11.351333333333336,30.5,0,5.1764362714980825,70.66250196097344,4,3,3,0.8660254037844386,0.5000000000000001,0.4338837391175582,-0.900968867902419,1.0,6.123233995736766e-17,0.0,0.0,0.0,12.7,25.9,95.0,72.0,1.5,5.293824,0.0,6.2,19.68333336,30.35,30.0,30.0,29.966666666666665,30.85,-8.372740733333332,0.2351852066666673,-0.1646666666666654,11.516,10.920666666666667,19.609876536666665,11.449111111111112,5.1843343,5.0880613,5.0672913,5.122111,5.231302,1,2.0,1,0.5,-0.75,16.9,83.1
2023-03-23 04:15:00,55.026132299996,0.0,0.0,19.68333336,10.920666666666667,30.85,0,5.1764362714980825,70.66250196097344,4,3,3,0.8660254037844386,0.5000000000000001,0.4338837391175582,-0.900968867902419,1.0,6.123233995736766e-17,0.0,0.0,0.0,12.775,25.625,96.25,72.75,1.7,5.3664923,0.0,6.25,19.490740726666665,30.5,30.35,30.0,30.0,31.183333333333334,-8.762666693333331,-0.0407407066666678,-0.4306666666666672,11.351333333333336,10.976666666666668,19.632098762222224,11.26266666666667,5.231302,5.1843343,5.0880613,5.0672913,5.2283344,0,2.0,0,0.5,-0.76,17.1,82.9
2023-03-23 04:30:00,128.269313538886,88.240359144444,88.25952506111,19.490740726666665,10.976666666666668,31.183333333333334,2,5.1764362714980825,70.66250196097344,4,3,3,0.8660254037844386,0.5000000000000001,0.4338837391175582,-0.900968867902419,1.0,6.123233995736766e-17,0.0,0.0,0.0,12.85,25.35,97.5,73.5,1.9,5.4395714,0.0,6.300000000000001,19.67777778,30.85,30.5,30.35,30.0,31.15,-8.514074059999999,-0.1925926333333336,0.0559999999999991,10.920666666666667,10.927333333333332,19.632716051111117,11.08288888888889,5.2283344,5.231302,5.1843343,5.0880613,5.2804513,0,2.0,1,0.5,-0.8,18.5,81.5
2023-03-23 04:45:00,87.17595717222599,32.892295372222,32.903683783334,19.67777778,10.927333333333332,31.15,1,5.1764362714980825,70.66250196097344,4,3,3,0.8660254037844386,0.5000000000000001,0.4338837391175582,-0.900968867902419,1.0,6.123233995736766e-17,0.0,0.0,0.0,12.925,25.075,98.75,74.25,2.1,5.5130644,0.0,6.3500000000000005,19.716666676666662,31.183333333333334,30.85,30.5,30.35,31.183333333333334,-8.750444446666666,0.1870370533333343,-0.0493333333333332,10.976666666666668,10.703333333333337,19.617283955555557,10.941555555555558,5.2804513,5.2283344,5.231302,5.1843343,5.2981825,0,2.0,1,0.5,-0.76,17.1,82.9
2023-03-23 05:00:00,53.399252911108,0.0,0.0,19.716666676666662,10.703333333333337,31.183333333333334,0,5.1764362714980825,70.66250196097344,5,3,3,0.9659258262890684,0.2588190451025207,0.4338837391175582,-0.900968867902419,1.0,6.123233995736766e-17,0.0,0.0,0.0,13.0,24.8,100.0,75.0,2.3,5.5869737,0.0,6.4,19.49444441,31.15,31.183333333333334,30.85,30.5,32.2,-9.013333343333333,0.0388888966666662,-0.2239999999999984,10.927333333333332,9.998666666666669,19.62839506111111,10.869111111111112,5.2981825,5.2804513,5.2283344,5.231302,5.3999696,1,2.0,1,0.5,-0.75,16.8,83.2
2023-03-23 05:15:00,96.941955599996,57.574085844444,57.590196316666,19.49444441,9.998666666666669,32.2,1,5.1764362714980825,70.66250196097344,5,3,3,0.9659258262890684,0.2588190451025207,0.4338837391175582,-0.900968867902419,1.0,6.123233995736766e-17,0.0,0.0,0.0,13.25,25.8,100.0,76.0,2.6,5.7078576,0.0,6.525,19.566666646666665,31.183333333333334,31.15,31.183333333333334,30.85,32.5,-9.49577774333333,-0.2222222666666695,-0.7046666666666681,10.703333333333337,9.972,19.62962962222222,10.543111111111113,5.3999696,5.2981825,5.2804513,5.2283344,5.473464,0,1.0,1,0.75,-0.79,18.3,81.7
2023-03-23 05:30:00,104.503041977776,52.010419516666005,52.02514116111,19.566666646666665,9.972,32.5,1,5.1764362714980825,70.66250196097344,5,3,3,0.9659258262890684,0.2588190451025207,0.4338837391175582,-0.900968867902419,1.0,6.123233995736766e-17,0.0,0.0,0.0,13.5,26.8,100.0,77.0,2.9,5.830299,0.0,6.65,19.71666666,32.2,31.183333333333334,31.15,31.183333333333334,32.5,-9.594666646666663,0.0722222366666685,-0.0266666666666672,9.998666666666669,10.189333333333334,19.592592577777776,10.22466666666667,5.473464,5.3999696,5.2981825,5.2804513,5.5218897,0,1.0,0,0.75,-0.78,17.7,82.3
2023-03-23 05:45:00,61.07616802222,0.0,0.0,19.71666666,10.189333333333334,32.5,0,5.1764362714980825,70.66250196097344,5,3,3,0.9659258262890684,0.2588190451025207,0.4338837391175582,-0.900968867902419,1.0,6.123233995736766e-17,0.0,0.0,0.0,13.75,27.8,100.0,78.0,3.2,5.9543123,0.0,6.775,19.474074076666668,32.5,32.2,31.183333333333334,31.15,32.68333333333333,-9.527333326666664,0.150000013333333,0.2173333333333342,9.972,10.44,19.59259257222222,10.053333333333336,5.5218897,5.473464,5.3999696,5.2981825,5.4744654,1,2.0,1,0.5,-0.74,16.6,83.4
2023-03-23 06:00:00,157.588140672222,46.684521444444,46.700354144444,19.474074076666668,10.44,32.68333333333333,1,5.1764362714980825,70.66250196097344,6,3,3,1.0,6.123233995736766e-17,0.4338837391175582,-0.900968867902419,1.0,6.123233995736766e-17,0.0,0.0,0.0,14.0,28.8,100.0,79.0,3.5,6.0799136,0.0,6.9,19.47222223,32.5,32.5,32.2,31.183333333333334,33.35,-9.034074076666668,-0.2425925833333302,0.2506666666666657,10.189333333333334,10.512,19.58580246111111,10.200444444444445,5.4744654,5.5218897,5.473464,5.3999696,5.5855227,0,1.0,1,0.75,-0.8,18.4,81.6
2023-03-23 06:15:00,87.732879444444,23.950153088888,23.959597177776,19.47222223,10.512,33.35,1,5.1764362714980825,70.66250196097344,6,3,3,1.0,6.123233995736766e-17,0.4338837391175582,-0.900968867902419,1.0,6.123233995736766e-17,0.0,0.0,0.0,14.425,29.25,100.0,79.75,3.675,6.1576257,0.05,6.95,19.51111112,32.68333333333333,32.5,32.5,32.2,33.68333333333333,-8.96022223,-0.0018518466666677,0.0720000000000009,10.44,10.443333333333332,19.55432098888889,10.380444444444445,5.5855227,5.4744654,5.5218897,5.473464,5.6542635,0,1.0,0,0.75,-0.79,18.3,81.7
2023-03-23 06:30:00,50.620752872222,0.0,0.0,19.51111112,10.443333333333332,33.68333333333333,0,5.1764362714980825,70.66250196097344,6,3,3,1.0,6.123233995736766e-17,0.4338837391175582,-0.900968867902419,1.0,6.123233995736766e-17,0.0,0.0,0.0,14.85,29.700000000000003,100.0,80.5,3.85,6.235771,0.1,7.0,19.35555552,33.35,32.68333333333333,32.5,32.5,34.35,-9.06777778666667,0.0388888900000026,-0.0686666666666671,10.512,10.242666666666668,19.48580247555556,10.465111111111112,5.6542635,5.5855227,5.4744654,5.5218897,5.713655,1,2.0,1,0.5,-0.78,17.9,82.1
2023-03-23 06:45:00,67.190367827778,28.201927427778,28.215815772222,19.35555552,10.242666666666668,34.35,1,5.1764362714980825,70.66250196097344,6,3,3,1.0,6.123233995736766e-17,0.4338837391175582,-0.900968867902419,1.0,6.123233995736766e-17,0.0,0.0,0.0,15.275,30.15,100.0,81.25,4.025,6.3143525,0.15,7.05,19.331481466666663,33.68333333333333,33.35,32.68333333333333,32.5,34.5,-9.112888853333333,-0.1555556000000031,-0.200666666666665,10.443333333333332,10.322,19.446296290000003,10.399333333333336,5.713655,5.6542635,5.5855227,5.4744654,5.7304816,0,1.0,1,0.75,-0.82,19.0,81.0
2023-03-23 07:00:00,141.71072017778,83.883033444444,83.90192157222201,19.331481466666663,10.322,34.5,2,5.1764362714980825,70.66250196097344,7,3,3,0.9659258262890684,-0.2588190451025206,0.4338837391175582,-0.900968867902419,1.0,6.123233995736766e-17,0.0,0.0,0.0,15.7,30.6,100.0,82.0,4.2,6.3933697,0.2,7.1,19.527777800000003,34.35,33.68333333333333,33.35,32.68333333333333,34.5,-9.009481466666667,-0.024074053333333,0.0793333333333308,10.242666666666668,10.413333333333332,19.399382702222223,10.336,5.7304816,5.713655,5.6542635,5.5855227,5.7970304,0,1.0,1,0.75,-0.82,19.2,80.8
2023-03-23 07:15:00,48.149185072222,0.0,0.0,19.527777800000003,10.413333333333332,34.5,0,5.1764362714980825,70.66250196097344,7,3,3,0.9659258262890684,-0.2588190451025206,0.4338837391175582,-0.900968867902419,1.0,6.123233995736766e-17,1.0,0.25,0.0833333333333333,16.325,31.675,100.0,84.75,4.575,6.5756645,0.425,7.025,19.390740726666664,34.5,34.35,33.68333333333333,33.35,34.5,-9.11444446666667,0.1962963333333363,0.091333333333333,10.322,10.59,19.404938262222224,10.326,5.7970304,5.7304816,5.713655,5.6542635,5.750501,1,2.0,1,0.5,-0.77,17.6,82.4
2023-03-23 07:30:00,42.752178544452,0.0,0.0,19.390740726666664,10.59,34.5,0,5.1764362714980825,70.66250196097344,7,3,3,0.9659258262890684,-0.2588190451025206,0.4338837391175582,-0.900968867902419,1.0,6.123233995736766e-17,2.0,0.75,0.25,16.95,32.75,100.0,87.5,4.95,6.7560153,0.6500000000000001,6.949999999999999,19.2611111,34.5,34.5,34.35,33.68333333333333,34.5,-8.800740726666664,-0.1370370733333388,0.1766666666666676,10.413333333333332,10.861333333333333,19.416666664444445,10.441777777777778,5.750501,5.7970304,5.7304816,5.713655,5.706785,0,2.0,0,0.5,-0.81,18.7,81.3
2023-03-23 07:45:00,446.500194961106,103.536136188888,103.558913077776,19.2611111,10.861333333333333,34.5,2,5.1764362714980825,70.66250196097344,7,3,3,0.9659258262890684,-0.2588190451025206,0.4338837391175582,-0.900968867902419,1.0,6.123233995736766e-17,3.0,1.5,0.5,17.575,33.825,100.0,90.25,5.325,6.934435,0.8750000000000002,6.875,19.49074071,34.5,34.5,34.5,34.35,34.31666666666667,-8.399777766666668,-0.129629626666663,0.2713333333333327,10.59,10.999333333333334,19.39320987555556,10.621555555555558,5.706785,5.750501,5.7970304,5.7304816,5.7536826,0,2.0,1,0.5,-0.84,19.8,80.2
2023-03-23 08:00:00,64.454366172222,18.981462944444,18.99479576111,19.49074071,10.999333333333334,34.31666666666667,1,5.1764362714980825,70.66250196097344,8,3,3,0.8660254037844387,-0.4999999999999998,0.4338837391175582,-0.900968867902419,1.0,6.123233995736766e-17,4.0,2.5,0.8333333333333334,18.2,34.9,100.0,93.0,5.7,7.1109385,1.1,6.8,19.51666666,34.5,34.5,34.5,34.5,34.05,-8.491407376666666,0.2296296099999999,0.1380000000000016,10.861333333333333,11.101333333333336,19.38086417888889,10.81688888888889,5.7536826,5.706785,5.750501,5.7970304,5.717681,0,2.0,1,0.5,-0.78,18.0,82.0
2023-03-23 08:15:00,43.59381176111,0.0,0.0,19.51666666,11.101333333333336,34.05,0,5.1764362714980825,70.66250196097344,8,3,3,0.8660254037844387,-0.4999999999999998,0.4338837391175582,-0.900968867902419,1.0,6.123233995736766e-17,14.5,5.875,2.0416666666666665,18.55,35.8,100.0,92.5,5.825,7.1536922,0.975,6.975,19.303703676666665,34.31666666666667,34.5,34.5,34.5,34.46666666666667,-8.415333326666664,0.0259259499999977,0.1020000000000003,10.999333333333334,11.169333333333332,19.42283949,10.987333333333334,5.717681,5.7536826,5.706785,5.750501,5.715589,1,2.0,1,0.5,-0.78,17.8,82.2
2023-03-23 08:30:00,108.41066331667,53.889511033332,53.905343716666,19.303703676666665,11.169333333333332,34.46666666666667,1,5.1764362714980825,70.66250196097344,8,3,3,0.8660254037844387,-0.4999999999999998,0.4338837391175582,-0.900968867902419,1.0,6.123233995736766e-17,25.0,11.625,4.125,18.9,36.7,100.0,92.0,5.95,7.1963754,0.8500000000000001,7.15,19.39999997,34.05,34.31666666666667,34.5,34.5,34.5,-8.134370343333332,-0.2129629833333339,0.0679999999999978,11.101333333333336,11.16,19.43703701555556,11.090000000000002,5.715589,5.717681,5.7536826,5.706785,5.7536345,0,1.0,1,0.75,-0.83,19.4,80.6
2023-03-23 08:45:00,116.348401427778,69.347781511112,69.364725233336,19.39999997,11.16,34.5,1,5.1764362714980825,70.66250196097344,8,3,3,0.8660254037844387,-0.4999999999999998,0.4338837391175582,-0.900968867902419,1.0,6.123233995736766e-17,35.5,19.75,7.083333333333333,19.25,37.6,100.0,91.5,6.075,7.23898,0.725,7.325,19.590740756666666,34.46666666666667,34.05,34.31666666666667,34.5,34.5,-8.23999997,0.0962962933333351,-0.0093333333333323,11.169333333333332,11.209333333333332,19.40679010222222,11.143555555555556,5.7536345,5.715589,5.717681,5.7536826,5.8185177,0,1.0,0,0.75,-0.8,18.6,81.4
2023-03-23 09:00:00,45.051531166668,0.0,0.0,19.590740756666666,11.209333333333332,34.5,0,5.1764362714980825,70.66250196097344,9,3,3,0.7071067811865476,-0.7071067811865475,0.4338837391175582,-0.900968867902419,1.0,6.123233995736766e-17,46.0,30.25,10.916666666666666,19.6,38.5,100.0,91.0,6.2,7.281501,0.6,7.5,19.40555556,34.5,34.46666666666667,34.05,34.31666666666667,34.85,-8.381407423333334,0.1907407866666659,0.0493333333333314,11.16,11.412666666666668,19.431481467777772,11.179555555555554,5.8185177,5.7536345,5.715589,5.717681,5.8139052,1,2.0,1,0.5,-0.76,17.2,82.8
2023-03-23 09:15:00,55.40445031667,0.0,0.0,19.40555556,11.412666666666668,34.85,0,5.1764362714980825,70.66250196097344,9,3,3,0.7071067811865476,-0.7071067811865475,0.4338837391175582,-0.900968867902419,1.0,6.123233995736766e-17,51.5,39.5,15.208333333333334,19.450000000000003,38.425,100.0,90.5,6.375,7.3714066,0.4499999999999999,7.775,19.2537037,34.5,34.5,34.46666666666667,34.05,35.18333333333333,-7.992888893333333,-0.1851851966666657,0.2033333333333349,11.209333333333332,11.618,19.46543209555556,11.260666666666667,5.8139052,5.8185177,5.7536345,5.715589,5.817281,0,2.0,0,0.5,-0.8,18.5,81.5
2023-03-23 09:30:00,147.24772102222,98.630221316666,98.651331588888,19.2537037,11.618,35.18333333333333,2,5.1764362714980825,70.66250196097344,9,3,3,0.7071067811865476,-0.7071067811865475,0.4338837391175582,-0.900968867902419,1.0,6.123233995736766e-17,57.0,47.5,19.95833333333333,19.3,38.35,100.0,90.0,6.550000000000001,7.461894,0.3,8.05,19.47222226,34.85,34.5,34.5,34.46666666666667,35.15,-7.635703699999999,-0.1518518600000007,0.2053333333333338,11.412666666666668,11.736666666666668,19.416666672222224,11.413333333333334,5.817281,5.8139052,5.8185177,5.7536345,5.8869905,0,2.0,1,0.5,-0.83,19.7,80.3
2023-03-23 09:45:00,64.96656798333,22.447157611112,22.460490411112,19.47222226,11.736666666666668,35.15,1,5.1764362714980825,70.66250196097344,9,3,3,0.7071067811865476,-0.7071067811865475,0.4338837391175582,-0.900968867902419,1.0,6.123233995736766e-17,62.5,54.25,25.166666666666668,19.15,38.275000000000006,100.0,89.5,6.7250000000000005,7.5529594,0.1499999999999999,8.325,19.49444447666667,35.18333333333333,34.85,34.5,34.5,35.18333333333333,-7.735555593333334,0.2185185600000032,0.1186666666666678,11.618,11.85,19.37716050666667,11.589111111111114,5.8869905,5.817281,5.8139052,5.8185177,5.9002776,0,2.0,1,0.5,-0.78,18.0,82.0
2023-03-23 10:00:00,53.100375800004,0.0,0.0,19.49444447666667,11.85,35.18333333333333,0,5.1764362714980825,70.66250196097344,10,3,3,0.4999999999999999,-0.8660254037844387,0.4338837391175582,-0.900968867902419,1.0,6.123233995736766e-17,68.0,59.75,30.83333333333333,19.0,38.2,100.0,89.0,6.9,7.644593,0.0,8.6,19.30000002,35.15,35.18333333333333,34.85,34.5,35.55,-7.644444476666669,0.0222222166666661,0.1133333333333315,11.736666666666668,11.946666666666664,19.40679014555556,11.73488888888889,5.9002776,5.8869905,5.817281,5.8139052,5.893953,1,2.0,1,0.5,-0.78,17.8,82.2
2023-03-23 10:15:00,75.973905288892,25.875631566668,25.887853327778,19.30000002,11.946666666666664,35.55,1,5.1764362714980825,70.66250196097344,10,3,3,0.4999999999999999,-0.8660254037844387,0.4338837391175582,-0.900968867902419,1.0,6.123233995736766e-17,76.25,65.9375,37.10416666666666,18.425,38.2,100.0,89.25,7.125,7.7525516,0.325,8.775,19.275925930000003,35.18333333333333,35.15,35.18333333333333,34.85,35.78333333333333,-7.353333353333337,-0.1944444566666661,0.0966666666666657,11.85,12.023333333333332,19.422222252222227,11.844444444444449,5.893953,5.9002776,5.8869905,5.817281,5.924233,0,1.0,1,0.75,-0.82,19.2,80.8
2023-03-23 10:30:00,145.160860066664,101.648989444444,101.670932983334,19.275925930000003,12.023333333333332,35.78333333333333,2,5.1764362714980825,70.66250196097344,10,3,3,0.4999999999999999,-0.8660254037844387,0.4338837391175582,-0.900968867902419,1.0,6.123233995736766e-17,84.5,72.8125,43.97916666666666,17.85,38.2,100.0,89.5,7.35,7.8618474,0.65,8.95,19.54999998,35.55,35.18333333333333,35.15,35.18333333333333,35.55,-7.25259259666667,-0.0240740899999991,0.0766666666666679,11.946666666666664,12.158,19.356790142222227,11.94,5.924233,5.893953,5.9002776,5.8869905,5.9812684,0,1.0,1,0.75,-0.83,19.4,80.6
2023-03-23 10:45:00,52.2262442,0.0,0.0,19.54999998,12.158,35.55,0,5.1764362714980825,70.66250196097344,10,3,3,0.4999999999999999,-0.8660254037844387,0.4338837391175582,-0.900968867902419,1.0,6.123233995736766e-17,92.75,80.375,51.458333333333336,17.275,38.2,100.0,89.75,7.575,7.9724936,0.975,9.125,19.44629628333333,35.78333333333333,35.55,35.18333333333333,35.15,35.96666666666667,-7.39199998,0.2740740499999958,0.134666666666666,12.023333333333332,12.170666666666667,19.375308643333337,12.042666666666667,5.9812684,5.924233,5.893953,5.9002776,6.0145907,1,2.0,1,0.5,-0.76,17.3,82.7
2023-03-23 11:00:00,53.858678883334,0.0,0.0,19.44629628333333,12.170666666666667,35.96666666666667,0,5.1764362714980825,70.66250196097344,11,3,3,0.258819045102521,-0.9659258262890682,0.4338837391175582,-0.900968867902419,1.0,6.123233995736766e-17,101.0,88.625,59.54166666666666,16.7,38.2,100.0,90.0,7.8,8.084507,1.3,9.3,19.24999998,35.55,35.78333333333333,35.55,35.18333333333333,36.4,-7.275629616666665,-0.1037036966666669,0.0126666666666679,12.158,12.204,19.424074064444444,12.117333333333336,6.0145907,5.9812684,5.924233,5.893953,6.017133,0,2.0,0,0.5,-0.79,18.0,82.0
2023-03-23 11:15:00,76.231672911108,31.2379171,31.252638744444,19.24999998,12.204,36.4,1,5.1764362714980825,70.66250196097344,11,3,3,0.258819045102521,-0.9659258262890682,0.4338837391175582,-0.900968867902419,1.0,6.123233995736766e-17,110.75,97.25,67.5625,15.55,36.925,100.0,90.25,8.125,8.263394,1.425,9.6,19.272222223333337,35.96666666666667,35.55,35.78333333333333,35.55,36.78333333333333,-7.045999979999998,-0.1962963033333338,0.0333333333333332,12.170666666666667,12.09,19.41543208111111,12.177555555555555,6.017133,6.0145907,5.9812684,5.924233,6.088464,0,2.0,1,0.5,-0.83,19.5,80.5
2023-03-23 11:30:00,136.757584994446,90.12000613889,90.140005322224,19.272222223333337,12.09,36.78333333333333,2,5.1764362714980825,70.66250196097344,11,3,3,0.258819045102521,-0.9659258262890682,0.4338837391175582,-0.900968867902419,1.0,6.123233995736766e-17,120.5,106.25,75.52083333333333,14.4,35.650000000000006,100.0,90.5,8.45,8.445784,1.55,9.9,19.51111112,36.4,35.96666666666667,35.55,35.78333333333333,36.9,-7.182222223333337,0.0222222433333385,-0.1140000000000007,12.204,11.952666666666666,19.32283949555556,12.154888888888893,6.088464,6.017133,6.0145907,5.9812684,6.1942306,0,2.0,1,0.5,-0.82,19.2,80.8
2023-03-23 11:45:00,54.193387627782,0.0,0.0,19.51111112,11.952666666666666,36.9,0,5.1764362714980825,70.66250196097344,11,3,3,0.258819045102521,-0.9659258262890682,0.4338837391175582,-0.900968867902419,1.0,6.123233995736766e-17,130.25,115.625,83.41666666666667,13.25,34.375,100.0,90.75,8.775,8.631731,1.675,10.2,19.411111076666664,36.78333333333333,36.4,35.96666666666667,35.55,37.65,-7.558444453333337,0.2388888966666655,-0.1373333333333342,12.09,11.967999999999998,19.34444444111111,12.082222222222224,6.1942306,6.088464,6.017133,6.0145907,6.283073,1,2.0,1,0.5,-0.77,17.3,82.7
2023-03-23 12:00:00,50.976849794442,0.0,0.0,19.411111076666664,11.967999999999998,37.65,0,5.1764362714980825,70.66250196097344,12,3,3,1.2246467991473532e-16,-1.0,0.4338837391175582,-0.900968867902419,1.0,6.123233995736766e-17,140.0,125.375,91.25,12.1,33.1,100.0,91.0,9.1,8.821298,1.8,10.5,19.21111112,36.9,36.78333333333333,36.4,35.96666666666667,38.7,-7.443111076666666,-0.1000000433333383,0.0153333333333325,11.952666666666666,12.028,19.398148140000004,12.003555555555556,6.283073,6.1942306,6.088464,6.017133,6.3826966,0,2.0,0,0.5,-0.78,18.0,82.0
2023-03-23 12:15:00,59.018194777776,13.853334727778,13.86472313889,19.21111112,12.028,38.7,1,5.1764362714980825,70.66250196097344,12,3,3,1.2246467991473532e-16,-1.0,0.4338837391175582,-0.900968867902419,1.0,6.123233995736766e-17,124.25,128.75,97.3125,12.15,32.3,100.0,93.0,9.3,8.944237,1.4500000000000002,10.375,19.17592593,37.65,36.9,36.78333333333333,36.4,38.81666666666667,-7.183111120000001,-0.1999999566666623,0.0600000000000022,11.967999999999998,11.842666666666668,19.377777772222224,11.982888888888889,6.3826966,6.283073,6.1942306,6.088464,6.3886786,0,2.0,1,0.5,-0.83,19.4,80.6
2023-03-23 12:30:00,156.15847557778,107.9023504,107.925405044444,19.17592593,11.842666666666668,38.81666666666667,2,5.1764362714980825,70.66250196097344,12,3,3,1.2246467991473532e-16,-1.0,0.4338837391175582,-0.900968867902419,1.0,6.123233995736766e-17,108.5,125.75,101.60416666666669,12.2,31.5,100.0,95.0,9.5,9.06462,1.1,10.25,19.5,38.7,37.65,36.9,36.78333333333333,38.95,-7.333259263333334,-0.0351851899999999,-0.1853333333333324,12.028,11.604,19.26604937555556,11.946222222222223,6.3886786,6.3826966,6.283073,6.1942306,6.5340853,0,2.0,1,0.5,-0.83,19.6,80.4
2023-03-23 12:45:00,54.550873427778,0.0,0.0,19.5,11.604,38.95,0,5.1764362714980825,70.66250196097344,12,3,3,1.2246467991473532e-16,-1.0,0.4338837391175582,-0.900968867902419,1.0,6.123233995736766e-17,92.75,116.375,104.125,12.25,30.7,100.0,97.0,9.7,9.18248,0.7500000000000002,10.125,19.46666667,38.81666666666667,38.7,37.65,36.9,40.11666666666667,-7.895999999999999,0.3240740699999982,-0.238666666666667,11.842666666666668,11.189333333333334,19.295679016666668,11.824888888888893,6.5340853,6.3886786,6.3826966,6.283073,6.716622,1,2.0,1,0.5,-0.76,17.1,82.9
2023-03-23 13:00:00,47.703925149998,0.0,0.0,19.46666667,11.189333333333334,40.11666666666667,0,5.1764362714980825,70.66250196097344,13,3,3,-0.2588190451025208,-0.9659258262890684,0.4338837391175582,-0.900968867902419,1.0,6.123233995736766e-17,77.0,100.625,104.875,12.3,29.9,100.0,99.0,9.9,9.29784,0.4,10.0,19.26666666,38.95,38.81666666666667,38.7,37.65,40.9,-8.277333336666665,-0.0333333300000013,-0.4146666666666672,11.604,11.047333333333334,19.3808642,11.545333333333335,6.716622,6.5340853,6.3886786,6.3826966,6.7676487,0,2.0,0,0.5,-0.76,17.1,82.9
2023-03-23 13:15:00,50.539367194446,0.0,0.0,19.26666666,11.047333333333334,40.9,0,5.1764362714980825,70.66250196097344,13,3,3,-0.2588190451025208,-0.9659258262890684,0.4338837391175582,-0.900968867902419,1.0,6.123233995736766e-17,91.0,92.3125,106.10416666666669,12.85,29.725,100.0,97.5,10.075,9.406708,0.45,10.425,19.19074075,40.11666666666667,38.95,38.81666666666667,38.7,41.65,-8.219333326666664,-0.2000000100000001,-0.1419999999999994,11.189333333333334,11.507333333333332,19.41111111,11.280222222222225,6.7676487,6.716622,6.5340853,6.3886786,6.8609924,0,3.0,0,0.25,-0.8,18.5,81.5
2023-03-23 13:30:00,90.396661788888,30.534889655556,30.546278066668,19.19074075,11.507333333333332,41.65,1,5.1764362714980825,70.66250196097344,13,3,3,-0.2588190451025208,-0.9659258262890684,0.4338837391175582,-0.900968867902419,1.0,6.123233995736766e-17,105.0,91.4375,107.8125,13.4,29.55,100.0,96.0,10.25,9.513714,0.5,10.85,19.71111108,40.9,40.11666666666667,38.95,38.81666666666667,41.9,-7.683407416666666,-0.0759259099999987,0.4599999999999991,11.047333333333334,12.656,19.308024693333333,11.248000000000005,6.8609924,6.7676487,6.716622,6.5340853,7.1166697,0,3.0,1,0.25,-0.81,19.0,81.0
2023-03-23 13:45:00,115.249278894438,54.671701927778,54.685034811108,19.71111108,12.656,41.9,1,5.1764362714980825,70.66250196097344,13,3,3,-0.2588190451025208,-0.9659258262890684,0.4338837391175582,-0.900968867902419,1.0,6.123233995736766e-17,119.0,98.0,110.0,13.95,29.375,100.0,94.5,10.425,9.618701,0.55,11.275,20.424074046666664,41.65,40.9,40.11666666666667,38.95,41.06666666666667,-7.055111080000001,0.5203703300000022,1.1486666666666672,11.507333333333332,13.23,19.389506163333337,11.73688888888889,7.1166697,6.8609924,6.7676487,6.716622,7.272341,0,2.0,0,0.5,-0.69,15.0,85.0
2023-03-23 14:00:00,48.84665713889,0.0,0.0,20.424074046666664,13.23,41.06666666666667,0,5.1764362714980825,70.66250196097344,14,3,3,-0.4999999999999997,-0.8660254037844388,0.4338837391175582,-0.900968867902419,1.0,6.123233995736766e-17,133.0,112.0,112.66666666666669,14.5,29.2,100.0,93.0,10.6,9.721504,0.6,11.7,20.37777776,41.9,41.65,40.9,40.11666666666667,41.4,-7.194074046666666,0.7129629666666624,0.5739999999999981,12.656,13.556,19.77530862555556,12.464444444444444,7.272341,7.1166697,6.8609924,6.7676487,7.3115835,1,2.0,1,0.5,-0.53,10.9,89.1
2023-03-23 14:15:00,59.777886605554,0.0,0.0,20.37777776,13.556,41.4,0,5.1764362714980825,70.66250196097344,14,3,3,-0.4999999999999997,-0.8660254037844388,0.4338837391175582,-0.900968867902419,1.0,6.123233995736766e-17,154.5,127.875,116.3125,14.6,30.35,100.0,94.5,10.975,9.955808,0.675,11.825,20.220370376666665,41.06666666666667,41.9,41.65,40.9,42.333333333333336,-6.82177776,-0.0462962866666636,0.3260000000000023,13.23,13.988,20.17098762888889,13.147333333333336,7.3115835,7.272341,7.1166697,6.8609924,7.4079814,0,2.0,0,0.5,-0.54,11.1,88.9
2023-03-23 14:30:00,45.873165016666,0.0,0.0,20.220370376666665,13.988,42.333333333333336,0,5.1764362714980825,70.66250196097344,14,3,3,-0.4999999999999997,-0.8660254037844388,0.4338837391175582,-0.900968867902419,1.0,6.123233995736766e-17,176.0,145.625,120.9375,14.7,31.5,100.0,96.0,11.35,10.193109,0.75,11.95,19.97222219,41.4,41.06666666666667,41.9,41.65,43.05,-6.232370376666665,-0.1574073833333358,0.4319999999999986,13.556,13.930666666666667,20.340740727777774,13.591333333333331,7.4079814,7.3115835,7.272341,7.1166697,7.4247947,0,3.0,0,0.25,-0.57,11.8,88.2
2023-03-23 14:45:00,327.373571266664,0.0,0.0,19.97222219,13.930666666666667,43.05,0,5.1764362714980825,70.66250196097344,14,3,3,-0.4999999999999997,-0.8660254037844388,0.4338837391175582,-0.900968867902419,1.0,6.123233995736766e-17,197.5,165.25,126.54166666666669,14.8,32.65,100.0,97.5,11.725,10.433438,0.825,12.075,19.675925926666665,42.333333333333336,41.4,41.06666666666667,41.9,43.65,-6.041555523333333,-0.2481481866666648,-0.0573333333333323,13.988,13.850666666666664,20.19012344222222,13.824888888888893,7.4247947,7.4079814,7.3115835,7.272341,7.3986077,0,4.0,0,0.0,-0.62,13.2,86.8
2023-03-23 15:00:00,74.993666833332,16.337124255556,16.347401611111998,19.675925926666665,13.850666666666664,43.65,1,5.1764362714980825,70.66250196097344,15,3,3,-0.7071067811865471,-0.7071067811865479,0.4338837391175582,-0.900968867902419,1.0,6.123233995736766e-17,219.0,186.75,133.125,14.9,33.8,100.0,99.0,12.1,10.676821,0.9,12.2,19.54444446,43.05,42.333333333333336,41.4,41.06666666666667,43.6,-5.825259259999999,-0.2962962633333355,-0.0800000000000018,13.930666666666667,11.996666666666666,19.956172831111108,13.923111111111112,7.3986077,7.4247947,7.4079814,7.3115835,7.3332806,0,3.0,1,0.25,-0.69,15.0,85.0
2023-03-23 15:15:00,149.24875206111,96.877235855556,96.895846277776,19.54444446,11.996666666666666,43.6,2,5.1764362714980825,70.66250196097344,15,3,3,-0.7071067811865471,-0.7071067811865479,0.4338837391175582,-0.900968867902419,1.0,6.123233995736766e-17,179.25,192.9375,137.70833333333334,15.475,34.974999999999994,100.0,99.25,11.1,10.054718,1.15,11.2,19.77962963,43.65,43.05,42.333333333333336,41.4,42.85,-7.547777793333335,-0.1314814666666635,-1.8539999999999992,13.850666666666664,9.936666666666667,19.730864192222224,13.259333333333336,7.3332806,7.3986077,7.4247947,7.4079814,7.3073435,0,2.0,1,0.5,-0.72,15.9,84.1
2023-03-23 15:30:00,49.771064777772,0.0,0.0,19.77962963,9.936666666666667,42.85,0,5.1764362714980825,70.66250196097344,15,3,3,-0.7071067811865471,-0.7071067811865479,0.4338837391175582,-0.900968867902419,1.0,6.123233995736766e-17,139.5,183.8125,140.29166666666666,16.05,36.15,100.0,99.5,10.1,9.463991,1.4,10.2,19.70000001,43.6,43.65,43.05,42.333333333333336,42.5,-9.842962963333331,0.2351851699999976,-2.0599999999999987,11.996666666666666,9.280666666666669,19.666666672222224,11.928000000000004,7.3073435,7.3332806,7.3986077,7.4247947,7.213873,1,2.0,1,0.5,-0.67,14.4,85.6
2023-03-23 15:45:00,70.881608988892,0.0,0.0,19.70000001,9.280666666666669,42.5,0,5.1764362714980825,70.66250196097344,15,3,3,-0.7071067811865471,-0.7071067811865479,0.4338837391175582,-0.900968867902419,1.0,6.123233995736766e-17,99.75,159.375,140.875,16.625,37.325,100.0,99.75,9.1,8.903332,1.65,9.2,19.470370376666665,42.85,43.6,43.65,43.05,42.5,-10.419333343333331,-0.0796296199999986,-0.6560000000000006,9.936666666666667,8.741333333333333,19.674691366666668,10.40466666666667,7.213873,7.3073435,7.3332806,7.3986077,7.1172085,0,2.0,0,0.5,-0.69,15.0,85.0
2023-03-23 16:00:00,56.178308244448,12.10562683889,12.11645973889,19.470370376666665,8.741333333333333,42.5,1,5.1764362714980825,70.66250196097344,16,3,3,-0.8660254037844385,-0.5000000000000004,0.4338837391175582,-0.900968867902419,1.0,6.123233995736766e-17,60.0,119.625,139.45833333333334,17.2,38.5,100.0,100.0,8.1,8.371473,1.9,8.2,19.37777776,42.5,42.85,43.6,43.65,42.45,-10.729037043333332,-0.2296296333333352,-0.5393333333333334,9.280666666666669,8.496,19.650000005555555,9.319555555555558,7.1172085,7.213873,7.3073435,7.3332806,7.0702224,0,2.0,1,0.5,-0.74,16.7,83.3
2023-03-23 16:15:00,149.165699783334,105.734659344444,105.756047372222,19.37777776,8.496,42.45,2,5.1764362714980825,70.66250196097344,16,3,3,-0.8660254037844385,-0.5000000000000004,0.4338837391175582,-0.900968867902419,1.0,6.123233995736766e-17,55.25,88.625,136.47916666666666,15.125,38.225,100.0,100.0,7.975,8.290994,1.775,8.049999999999999,19.612962966666664,42.5,42.5,42.85,43.6,42.03333333333333,-10.88177776,-0.0925926166666641,-0.2453333333333329,8.741333333333333,8.316666666666666,19.51604938222222,8.839333333333334,7.0702224,7.1172085,7.213873,7.3073435,7.0982933,0,2.0,1,0.5,-0.77,17.4,82.6
2023-03-23 16:30:00,71.79490583889,0.0,0.0,19.612962966666664,8.316666666666666,42.03333333333333,0,5.1764362714980825,70.66250196097344,16,3,3,-0.8660254037844385,-0.5000000000000004,0.4338837391175582,-0.900968867902419,1.0,6.123233995736766e-17,50.5,66.375,131.9375,13.05,37.95,100.0,100.0,7.85,8.211191,1.65,7.899999999999999,19.53333334,42.45,42.5,42.5,42.85,42.0,-11.296296299999998,0.2351852066666637,-0.179333333333334,8.496,8.068666666666667,19.487037034444445,8.518000000000002,7.0982933,7.0702224,7.1172085,7.213873,7.059559,1,2.0,1,0.5,-0.71,15.7,84.3
2023-03-23 16:45:00,47.122559405558,0.0,0.0,19.53333334,8.068666666666667,42.0,0,5.1764362714980825,70.66250196097344,16,3,3,-0.8660254037844385,-0.5000000000000004,0.4338837391175582,-0.900968867902419,1.0,6.123233995736766e-17,45.75,52.875,125.83333333333331,10.975,37.675,100.0,100.0,7.725,8.132057,1.525,7.75,19.32407406333333,42.03333333333333,42.45,42.5,42.5,42.0,-11.464666673333337,-0.0796296266666622,-0.2479999999999993,8.316666666666666,7.906000000000001,19.50802468888889,8.293777777777779,7.059559,7.0982933,7.0702224,7.1172085,6.973198,0,2.0,0,0.5,-0.73,16.3,83.7
2023-03-23 17:00:00,111.472485372222,66.122354966668,66.139298772222,19.32407406333333,7.906000000000001,42.0,1,5.1764362714980825,70.66250196097344,17,3,3,-0.9659258262890684,-0.2588190451025206,0.4338837391175582,-0.900968867902419,1.0,6.123233995736766e-17,41.0,48.125,118.16666666666669,8.9,37.4,100.0,100.0,7.6,8.053591,1.4,7.6,19.48333337,42.0,42.03333333333333,42.45,42.5,41.65,-11.418074063333334,-0.2092592766666676,-0.1626666666666665,8.068666666666667,7.903333333333333,19.49012345666667,8.097111111111113,6.973198,7.059559,7.0982933,7.0702224,6.980182,0,2.0,1,0.5,-0.78,17.9,82.1
2023-03-23 17:15:00,123.327011072226,52.516232583334,52.528732116666,19.48333337,7.903333333333333,41.65,1,5.1764362714980825,70.66250196097344,17,3,3,-0.9659258262890684,-0.2588190451025206,0.4338837391175582,-0.900968867902419,1.0,6.123233995736766e-17,41.5,44.6875,108.75,9.5,34.9,100.0,100.0,7.475,7.9887094,1.25,7.475,19.59814817,42.0,42.0,42.03333333333333,42.45,41.5,-11.580000036666668,0.1592593066666658,-0.0026666666666672,7.906000000000001,7.902666666666666,19.446913591111112,7.959333333333334,6.980182,6.973198,7.059559,7.0982933,7.002132,0,2.0,0,0.5,-0.75,16.7,83.3
2023-03-23 17:30:00,50.07021944444,0.0,0.0,19.59814817,7.902666666666666,41.5,0,5.1764362714980825,70.66250196097344,17,3,3,-0.9659258262890684,-0.2588190451025206,0.4338837391175582,-0.900968867902419,1.0,6.123233995736766e-17,42.0,42.5625,97.58333333333331,10.1,32.4,100.0,100.0,7.35,7.9242835,1.1,7.35,19.41111112,41.65,42.0,42.0,42.03333333333333,41.5,-11.695481503333337,0.1148148000000013,-0.0006666666666674,7.903333333333333,7.881333333333333,19.46851853444445,7.904000000000001,7.002132,6.980182,6.973198,7.059559,6.9255652,1,2.0,1,0.5,-0.72,15.9,84.1
2023-03-23 17:45:00,75.309209894438,29.249385544444,29.261607288888,19.41111112,7.881333333333333,41.5,1,5.1764362714980825,70.66250196097344,17,3,3,-0.9659258262890684,-0.2588190451025206,0.4338837391175582,-0.900968867902419,1.0,6.123233995736766e-17,42.5,41.75,84.66666666666667,10.7,29.9,100.0,100.0,7.225,7.860312,0.95,7.225,19.36666668,41.5,41.65,42.0,42.0,41.5,-11.529777786666664,-0.1870370500000042,-0.0213333333333327,7.902666666666666,7.628666666666666,19.497530886666667,7.895777777777778,6.9255652,7.002132,6.980182,6.973198,6.907477,0,1.0,1,0.75,-0.76,17.3,82.7
2023-03-23 18:00:00,160.286366155552,90.860532133332,90.878864766664,19.36666668,7.628666666666666,41.5,2,5.1764362714980825,70.66250196097344,18,3,3,-1.0,-1.8369701987210294e-16,0.4338837391175582,-0.900968867902419,1.0,6.123233995736766e-17,43.0,42.25,70.0,11.3,27.4,100.0,100.0,7.1,7.796792,0.8,7.1,19.60000002,41.5,41.5,41.65,42.0,41.15,-11.738000013333332,-0.0444444399999994,-0.2526666666666672,7.881333333333333,7.58,19.45864199,7.804222222222223,6.907477,6.9255652,7.002132,6.980182,6.943833,0,1.0,1,0.75,-0.77,17.6,82.4
2023-03-23 18:15:00,50.20771394444,0.0,0.0,19.60000002,7.58,41.15,0,5.1764362714980825,70.66250196097344,18,3,3,-1.0,-1.8369701987210294e-16,0.4338837391175582,-0.900968867902419,1.0,6.123233995736766e-17,35.25,40.6875,58.0,12.05,28.1,100.0,99.25,6.775,7.638373,0.75,6.9,19.44999999,41.5,41.5,41.5,41.65,41.0,-12.02000002,0.2333333400000015,-0.0486666666666657,7.628666666666666,7.405333333333333,19.45925927333333,7.696666666666668,6.943833,6.907477,6.9255652,7.002132,6.857792,1,2.0,1,0.5,-0.72,15.9,84.1
2023-03-23 18:30:00,100.666251038886,15.11383983889,15.156060383334,19.44999999,7.405333333333333,41.0,1,5.1764362714980825,70.66250196097344,18,3,3,-1.0,-1.8369701987210294e-16,0.4338837391175582,-0.900968867902419,1.0,6.123233995736766e-17,27.5,37.0625,48.66666666666666,12.8,28.8,100.0,98.5,6.449999999999999,7.4825826,0.7,6.699999999999999,19.35555553,41.15,41.5,41.5,41.5,41.35,-12.044666656666664,-0.150000030000001,-0.1746666666666669,7.58,7.366,19.47222223,7.538,6.857792,6.943833,6.907477,6.9255652,6.87801,0,1.0,1,0.75,-0.76,17.1,82.9
2023-03-23 18:45:00,204.783752688892,92.566297183334,92.622406022224,19.35555553,7.366,41.35,2,5.1764362714980825,70.66250196097344,18,3,3,-1.0,-1.8369701987210294e-16,0.4338837391175582,-0.900968867902419,1.0,6.123233995736766e-17,19.75,31.375,42.0,13.55,29.5,100.0,97.75,6.125,7.32939,0.65,6.5,19.540740780000004,41.0,41.15,41.5,41.5,41.31666666666667,-11.98955553,-0.0944444599999982,-0.0393333333333334,7.405333333333333,7.332666666666666,19.468518513333333,7.450444444444446,6.87801,6.857792,6.943833,6.907477,6.947724,0,1.0,1,0.75,-0.78,17.7,82.3
2023-03-23 19:00:00,105.869654027774,0.0,0.0,19.540740780000004,7.332666666666666,41.31666666666667,0,5.1764362714980825,70.66250196097344,19,3,3,-0.9659258262890684,0.2588190451025203,0.4338837391175582,-0.900968867902419,1.0,6.123233995736766e-17,12.0,23.625,38.0,14.3,30.2,100.0,97.0,5.8,7.178754,0.6,6.3,19.4277778,41.35,41.0,41.15,41.5,41.4,-12.208074113333335,0.1851852500000035,-0.0333333333333332,7.366,7.093333333333333,19.44876543333333,7.368000000000001,6.947724,6.87801,6.857792,6.943833,6.9156547,1,2.0,1,0.5,-0.73,16.3,83.7
2023-03-23 19:15:00,217.21158902222,0.0,0.0,19.4277778,7.093333333333333,41.4,0,5.1764362714980825,70.66250196097344,19,3,3,-0.9659258262890684,0.2588190451025203,0.4338837391175582,-0.900968867902419,1.0,6.123233995736766e-17,9.0,17.0625,34.145833333333336,14.1,30.125,100.0,97.0,5.625,7.0854273,0.475,6.1,19.285185206666664,41.31666666666667,41.35,41.0,41.15,42.15,-12.334444466666667,-0.1129629800000024,-0.2393333333333336,7.332666666666666,6.838666666666667,19.44135803666667,7.264,6.9156547,6.947724,6.87801,6.857792,6.9820957,0,2.0,0,0.5,-0.76,17.2,82.8
2023-03-23 19:30:00,124.828340116662,0.0,0.0,19.285185206666664,6.838666666666667,42.15,0,5.1764362714980825,70.66250196097344,19,3,3,-0.9659258262890684,0.2588190451025203,0.4338837391175582,-0.900968867902419,1.0,6.123233995736766e-17,6.0,11.6875,30.4375,13.9,30.05,100.0,97.0,5.449999999999999,6.993164,0.35,5.9,19.23333333,41.4,41.31666666666667,41.35,41.0,42.8,-12.446518539999998,-0.1425925933333367,-0.2546666666666661,7.093333333333333,6.741333333333333,19.417901262222223,7.088222222222224,6.9820957,6.9156547,6.947724,6.87801,7.068148,0,3.0,0,0.25,-0.79,18.1,81.9
2023-03-23 19:45:00,118.700529572222,0.0,0.0,19.23333333,6.741333333333333,42.8,0,5.1764362714980825,70.66250196097344,19,3,3,-0.9659258262890684,0.2588190451025203,0.4338837391175582,-0.900968867902419,1.0,6.123233995736766e-17,3.0,7.5,26.875,13.7,29.975,100.0,97.0,5.275,6.9019504,0.2249999999999999,5.7,19.150000013333333,42.15,41.4,41.31666666666667,41.35,42.71666666666667,-12.491999996666667,-0.0518518766666638,-0.0973333333333332,6.838666666666667,6.402666666666666,19.315432112222226,6.891111111111112,7.068148,6.9820957,6.9156547,6.947724,7.0198274,0,4.0,0,0.0,-0.8,18.4,81.6
2023-03-23 20:00:00,122.765089266664,0.0,0.0,19.150000013333333,6.402666666666666,42.71666666666667,0,5.1764362714980825,70.66250196097344,20,3,3,-0.8660254037844386,0.5000000000000001,0.4338837391175582,-0.900968867902419,1.0,6.123233995736766e-17,0.0,4.5,23.45833333333333,13.5,29.9,100.0,97.0,5.1,6.8117795,0.1,5.5,19.10555555,42.8,42.15,41.4,41.31666666666667,43.0,-12.747333346666668,-0.0833333166666676,-0.3386666666666675,6.741333333333333,6.242,19.222839516666667,6.66088888888889,7.0198274,7.068148,6.9820957,6.9156547,7.0478964,0,4.0,0,0.0,-0.82,19.1,80.9
2023-03-23 20:15:00,118.26610258333,0.0,0.0,19.10555555,6.242,43.0,0,5.1764362714980825,70.66250196097344,20,3,3,-0.8660254037844386,0.5000000000000001,0.4338837391175582,-0.900968867902419,1.0,6.123233995736766e-17,0.0,2.25,20.0,14.025,30.35,99.5,95.0,4.475,6.5407543,0.075,5.2,19.0592593,42.71666666666667,42.8,42.15,41.4,43.0,-12.86355555,-0.0444444633333311,-0.1606666666666658,6.402666666666666,6.0,19.162962964444446,6.462000000000001,7.0478964,7.0198274,7.068148,6.9820957,7.028678,0,4.0,0,0.0,-0.83,19.4,80.6
2023-03-23 20:30:00,124.546684666664,0.0,0.0,19.0592593,6.0,43.0,0,5.1764362714980825,70.66250196097344,20,3,3,-0.8660254037844386,0.5000000000000001,0.4338837391175582,-0.900968867902419,1.0,6.123233995736766e-17,0.0,0.75,16.5,14.55,30.8,99.0,93.0,3.85,6.27742,0.05,4.9,19.01111112,43.0,42.71666666666667,42.8,42.15,42.65,-13.0592593,-0.046296250000001,-0.242,6.242,5.651333333333333,19.10493828777778,6.21488888888889,7.028678,7.0478964,7.0198274,7.068148,6.951691,0,4.0,0,0.0,-0.84,19.8,80.2
2023-03-23 20:45:00,113.326300066668,0.0,0.0,19.01111112,5.651333333333333,42.65,0,5.1764362714980825,70.66250196097344,20,3,3,-0.8660254037844386,0.5000000000000001,0.4338837391175582,-0.900968867902419,1.0,6.123233995736766e-17,0.0,0.0,12.958333333333334,15.075,31.25,98.5,91.0,3.225,6.021605,0.0249999999999999,4.6,18.948148106666665,43.0,43.0,42.71666666666667,42.8,42.31666666666667,-13.359777786666667,-0.0481481799999983,-0.3486666666666673,6.0,5.296,19.05864199,5.964444444444446,6.951691,7.028678,7.0478964,7.0198274,6.871772,0,4.0,0,0.0,-0.85,20.3,79.7
2023-03-23 21:00:00,788.802335611108,0.0,0.0,18.948148106666665,5.296,42.31666666666667,0,5.1764362714980825,70.66250196097344,21,3,3,-0.7071067811865477,0.7071067811865474,0.4338837391175582,-0.900968867902419,1.0,6.123233995736766e-17,0.0,0.0,9.375,15.6,31.7,98.0,89.0,2.6,5.773137,0.0,4.3,18.9444444,42.65,43.0,43.0,42.71666666666667,41.95,-13.652148106666663,-0.0629630133333378,-0.3553333333333324,5.651333333333333,5.024666666666667,19.006172842222224,5.649111111111112,6.871772,6.951691,7.028678,7.0478964,6.810739,0,4.0,0,0.0,-0.87,20.9,79.1
2023-03-23 21:15:00,118.369709572218,0.0,0.0,18.9444444,5.024666666666667,41.95,0,5.1764362714980825,70.66250196097344,21,3,3,-0.7071067811865477,0.7071067811865474,0.4338837391175582,-0.900968867902419,1.0,6.123233995736766e-17,0.0,0.0,6.4375,15.65,31.875,88.75,88.5,2.3,5.646004,0.0,4.05,18.92407405,42.31666666666667,42.65,43.0,43.0,41.53333333333333,-13.919777733333332,-0.0037037066666663,-0.2713333333333336,5.296,4.862,18.96790120888889,5.324000000000001,6.810739,6.871772,6.951691,7.028678,6.734987,0,4.0,0,0.0,-0.87,21.0,79.0
2023-03-23 21:30:00,104.443877677776,0.0,0.0,18.92407405,4.862,41.53333333333333,0,5.1764362714980825,70.66250196097344,21,3,3,-0.7071067811865477,0.7071067811865474,0.4338837391175582,-0.900968867902419,1.0,6.123233995736766e-17,0.0,0.0,4.145833333333333,15.7,32.05,79.5,88.0,2.0,5.5213037,0.0,3.8,18.8888889,41.95,42.31666666666667,42.65,43.0,41.15,-14.062074049999998,-0.0203703500000003,-0.1626666666666665,5.024666666666667,4.704,18.93888885222222,5.060888888888891,6.734987,6.810739,6.871772,6.951691,6.6589727,0,4.0,0,0.0,-0.88,21.2,78.8
2023-03-23 21:45:00,351.62926756666803,0.0,0.0,18.8888889,4.704,41.15,0,5.1764362714980825,70.66250196097344,21,3,3,-0.7071067811865477,0.7071067811865474,0.4338837391175582,-0.900968867902419,1.0,6.123233995736766e-17,0.0,0.0,2.5,15.75,32.225,70.25,87.5,1.7,5.3989954,0.0,3.55,18.8888889,41.53333333333333,41.95,42.31666666666667,42.65,40.81666666666667,-14.1848889,-0.0351851499999966,-0.1580000000000003,4.862,4.418,18.91913578333333,4.863555555555557,6.6589727,6.734987,6.810739,6.871772,6.6050315,0,4.0,0,0.0,-0.89,21.6,78.4
2023-03-23 22:00:00,121.967898972218,0.0,0.0,18.8888889,4.418,40.81666666666667,0,5.1764362714980825,70.66250196097344,22,3,3,-0.5000000000000004,0.8660254037844384,0.4338837391175582,-0.900968867902419,1.0,6.123233995736766e-17,0.0,0.0,1.5,15.8,32.4,61.0,87.0,1.4,5.27904,0.0,3.3,18.84999998,41.15,41.53333333333333,41.95,42.31666666666667,40.45,-14.470888900000002,0.0,-0.2859999999999996,4.704,4.156,18.90061728333333,4.661333333333334,6.6050315,6.6589727,6.734987,6.810739,6.5306745,0,4.0,0,0.0,-0.89,21.7,78.3
2023-03-23 22:15:00,101.185396872222,0.0,0.0,18.84999998,4.156,40.45,0,5.1764362714980825,70.66250196097344,22,3,3,-0.5000000000000004,0.8660254037844384,0.4338837391175582,-0.900968867902419,1.0,6.123233995736766e-17,0.0,0.0,0.75,15.775,32.3,63.5,87.75,1.1749999999999998,5.2096686,0.0,2.975,18.8333333,40.81666666666667,41.15,41.53333333333333,41.95,40.03333333333333,-14.69399998,-0.0388889200000015,-0.2620000000000004,4.418,3.8426666666666662,18.875925926666667,4.426000000000001,6.5306745,6.6050315,6.6589727,6.734987,6.4570413,0,4.0,0,0.0,-0.9,22.1,77.9
2023-03-23 22:30:00,145.23113502222,47.266442600000005,47.303385622220006,18.8333333,3.8426666666666662,40.03333333333333,1,5.1764362714980825,70.66250196097344,22,3,3,-0.5000000000000004,0.8660254037844384,0.4338837391175582,-0.900968867902419,1.0,6.123233995736766e-17,0.0,0.0,0.25,15.75,32.2,66.0,88.5,0.95,5.1405287,0.0,2.65,18.94999996,40.45,40.81666666666667,41.15,41.53333333333333,39.9,-14.990666633333332,-0.0166666800000001,-0.313333333333333,4.156,3.594,18.857407393333336,4.13888888888889,6.4570413,6.5306745,6.6050315,6.6589727,6.480039,0,3.0,1,0.25,-0.91,22.3,77.7
2023-03-23 22:45:00,235.945839638886,115.415105427778,115.458714816666,18.94999996,3.594,39.9,2,5.1764362714980825,70.66250196097344,22,3,3,-0.5000000000000004,0.8660254037844384,0.4338837391175582,-0.900968867902419,1.0,6.123233995736766e-17,0.0,0.0,0.0,15.725,32.1,68.5,89.25,0.725,5.0716395,0.0,2.325,19.307407373333334,40.03333333333333,40.45,40.81666666666667,41.15,38.88333333333333,-15.35599996,0.1166666599999999,-0.2486666666666668,3.8426666666666662,3.356666666666667,18.877777746666663,3.864222222222223,6.480039,6.4570413,6.5306745,6.6050315,6.449409,0,2.0,1,0.5,-0.88,21.3,78.7
2023-03-23 23:00:00,101.188730172218,0.0,0.0,19.307407373333334,3.356666666666667,38.88333333333333,0,5.1764362714980825,70.66250196097344,23,3,3,-0.2588190451025215,0.965925826289068,0.4338837391175582,-0.900968867902419,1.0,6.123233995736766e-17,0.0,0.0,0.0,15.7,32.0,71.0,90.0,0.5,5.003022,0.0,2.0,19.23888887,39.9,40.03333333333333,40.45,40.81666666666667,38.1,-15.950740706666666,0.357407413333334,-0.2373333333333329,3.594,3.1486666666666667,19.03024687777778,3.597777777777779,6.449409,6.480039,6.4570413,6.5306745,6.2940326,1,2.0,1,0.5,-0.8,18.6,81.4
2023-03-23 23:15:00,104.914692177776,0.0,0.0,19.23888887,3.1486666666666667,38.1,0,5.1764362714980825,70.66250196097344,23,3,3,-0.2588190451025215,0.965925826289068,0.4338837391175582,-0.900968867902419,1.0,6.123233995736766e-17,0.0,0.0,0.0,15.45,32.1,76.5,89.0,0.0499999999999999,4.8395348,0.0,1.675,19.04629632,38.88333333333333,39.9,40.03333333333333,40.45,37.35,-16.090222203333333,-0.0685185033333333,-0.2080000000000001,3.356666666666667,2.9546666666666668,19.16543206777778,3.3664444444444457,6.2940326,6.449409,6.480039,6.4570413,6.100475,0,2.0,0,0.5,-0.82,19.3,80.7
2023-03-23 23:30:00,128.745127688892,0.0,0.0,19.04629632,2.9546666666666668,37.35,0,5.1764362714980825,70.66250196097344,23,3,3,-0.2588190451025215,0.965925826289068,0.4338837391175582,-0.900968867902419,1.0,6.123233995736766e-17,0.0,0.0,0.0,15.2,32.2,82.0,88.0,-0.4,4.6805153,0.0,1.35,18.98333331,38.1,38.88333333333333,39.9,40.03333333333333,37.3,-16.09162965333333,-0.1925925500000005,-0.1939999999999999,3.1486666666666667,2.7626666666666666,19.197530854444448,3.1533333333333347,6.100475,6.2940326,6.449409,6.480039,6.0697145,0,3.0,0,0.25,-0.87,21.0,79.0
2023-03-23 23:45:00,176.571825811108,114.343203855556,114.367369588888,18.98333331,2.7626666666666666,37.3,2,5.1764362714980825,70.66250196097344,23,3,3,-0.2588190451025215,0.965925826289068,0.4338837391175582,-0.900968867902419,1.0,6.123233995736766e-17,0.0,0.0,0.0,14.95,32.3,87.5,87.0,-0.8499999999999999,4.5258636,0.0,1.025,19.23333335333333,37.35,38.1,38.88333333333333,39.9,36.48333333333333,-16.22066664333333,-0.0629630100000007,-0.1920000000000001,2.9546666666666668,2.6173333333333333,19.089506166666663,2.9553333333333343,6.0697145,6.100475,6.2940326,6.449409,6.024991,0,3.0,1,0.25,-0.89,21.6,78.4
2023-03-24 00:00:00,90.612486472222,28.383586827778,28.388586677776,19.23333335333333,2.6173333333333333,36.48333333333333,1,5.1764362714980825,70.66250196097344,0,4,3,0.0,1.0,-0.433883739117558,-0.9009688679024191,1.0,6.123233995736766e-17,0.0,0.0,0.0,14.7,32.4,93.0,86.0,-1.3,4.375478,0.0,0.7,19.25555555,37.3,37.35,38.1,38.88333333333333,35.5,-16.616000019999998,0.2500000433333333,-0.1453333333333333,2.7626666666666666,2.448666666666667,19.08765432777778,2.778222222222224,6.024991,6.0697145,6.100475,6.2940326,5.8702784,0,2.0,1,0.5,-0.83,19.6,80.4
2023-03-24 00:15:00,104.385824499996,33.125619388888,33.13061922222,19.25555555,2.448666666666667,35.5,1,5.1764362714980825,70.66250196097344,0,4,3,0.0,1.0,-0.433883739117558,-0.9009688679024191,1.0,6.123233995736766e-17,0.0,0.0,0.0,14.225,31.675,94.75,86.25,-1.525,4.321019,0.0,0.475,19.14814818,36.48333333333333,37.3,37.35,38.1,35.5,-16.806888883333333,0.022222196666668,-0.1686666666666663,2.6173333333333333,2.232,19.157407404444445,2.609555555555557,5.8702784,6.024991,6.0697145,6.100475,5.833242,0,1.0,0,0.75,-0.83,19.6,80.4
2023-03-24 00:30:00,166.23362822222,117.306696427778,117.325029044444,19.14814818,2.232,35.5,2,5.1764362714980825,70.66250196097344,0,4,3,0.0,1.0,-0.433883739117558,-0.9009688679024191,1.0,6.123233995736766e-17,0.0,0.0,0.0,13.75,30.95,96.5,86.5,-1.75,4.267078,0.0,0.2499999999999999,19.37777776,35.5,36.48333333333333,37.3,37.35,34.75,-16.91614818,-0.1074073700000006,-0.2166666666666667,2.448666666666667,2.124,19.212345694444448,2.432666666666668,5.833242,5.8702784,6.024991,6.0697145,5.787755,0,0.0,1,1.0,-0.86,20.5,79.5
2023-03-24 00:45:00,60.047042638882,0.0,0.0,19.37777776,2.124,34.75,0,5.1764362714980825,70.66250196097344,0,4,3,0.0,1.0,-0.433883739117558,-0.9009688679024191,1.0,6.123233995736766e-17,0.0,0.0,0.0,13.275,30.225,98.25,86.75,-1.975,4.2136517,0.0,0.025,19.22777778333333,35.5,35.5,36.48333333333333,37.3,34.21666666666667,-17.253777760000002,0.229629580000001,-0.1080000000000001,2.232,1.966,19.26049383,2.268222222222224,5.787755,5.833242,5.8702784,6.024991,5.6488147,1,1.0,1,0.75,-0.81,18.8,81.2
2023-03-24 01:00:00,138.827502277776,80.42456065555601,80.440671194442,19.22777778333333,1.966,34.21666666666667,2,5.1764362714980825,70.66250196097344,1,4,3,0.2588190451025207,0.9659258262890684,-0.433883739117558,-0.9009688679024191,1.0,6.123233995736766e-17,0.0,0.0,0.0,12.8,29.5,100.0,87.0,-2.2,4.160736,0.0,-0.2,19.27777775,34.75,35.5,35.5,36.48333333333333,34.4,-17.261777783333333,-0.1499999766666668,-0.1580000000000001,2.124,1.8206666666666669,19.25123457444445,2.1073333333333344,5.6488147,5.787755,5.833242,5.8702784,5.695833,0,1.0,1,0.75,-0.85,20.1,79.9
2023-03-24 01:15:00,109.1156352,62.660271255556005,62.673326283334,19.27777775,1.8206666666666669,34.4,1,5.1764362714980825,70.66250196097344,1,4,3,0.2588190451025207,0.9659258262890684,-0.433883739117558,-0.9009688679024191,1.0,6.123233995736766e-17,0.0,0.0,0.0,12.6,28.775,100.0,87.5,-2.2750000000000004,4.1415195,0.0,-0.35,19.35555552,34.21666666666667,34.75,35.5,35.5,33.56666666666667,-17.45711108333333,0.0499999666666646,-0.1453333333333331,1.966,1.764,19.294444431111117,1.9702222222222237,5.695833,5.6488147,5.787755,5.833242,5.5833583,0,1.0,1,0.75,-0.83,19.6,80.4
2023-03-24 01:30:00,80.092073955556,22.601873672222,22.612428833332,19.35555552,1.764,33.56666666666667,1,5.1764362714980825,70.66250196097344,1,4,3,0.2588190451025207,0.9659258262890684,-0.433883739117558,-0.9009688679024191,1.0,6.123233995736766e-17,0.0,0.0,0.0,12.4,28.05,100.0,88.0,-2.35,4.1222024,0.0,-0.5,19.14999999,34.4,34.21666666666667,34.75,35.5,33.8,-17.59155552,0.0777777700000008,-0.0566666666666668,1.8206666666666669,1.6966666666666663,19.287037017777777,1.8502222222222235,5.5833583,5.695833,5.6488147,5.787755,5.55451,0,1.0,0,0.75,-0.82,19.2,80.8
2023-03-24 01:45:00,146.406365744444,95.676728311112,95.695616505554,19.14999999,1.6966666666666663,33.8,2,5.1764362714980825,70.66250196097344,1,4,3,0.2588190451025207,0.9659258262890684,-0.433883739117558,-0.9009688679024191,1.0,6.123233995736766e-17,0.0,0.0,0.0,12.2,27.325000000000003,100.0,88.5,-2.425,4.1027884,0.0,-0.6500000000000001,19.16296299333333,33.56666666666667,34.4,34.21666666666667,34.75,33.71666666666667,-17.453333323333336,-0.205555529999998,-0.0673333333333334,1.764,1.576,19.261111086666663,1.7604444444444456,5.55451,5.5833583,5.695833,5.6488147,5.5450516,0,0.0,1,1.0,-0.87,20.8,79.2
2023-03-24 02:00:00,172.558930633336,128.736794755556,128.759016116666,19.16296299333333,1.576,33.71666666666667,2,5.1764362714980825,70.66250196097344,2,4,3,0.4999999999999999,0.8660254037844387,-0.433883739117558,-0.9009688679024191,1.0,6.123233995736766e-17,0.0,0.0,0.0,12.0,26.6,100.0,89.0,-2.5,4.083283,0.0,-0.8,19.305555570000003,33.8,33.56666666666667,34.4,34.21666666666667,33.3,-17.586962993333334,0.0129630033333327,-0.1206666666666664,1.6966666666666663,1.48,19.222839501111117,1.67888888888889,5.5450516,5.55451,5.5833583,5.695833,5.5227237,0,0.0,0,1.0,-0.86,20.7,79.3
2023-03-24 02:15:00,59.923158527778,0.0,0.0,19.305555570000003,1.48,33.3,0,5.1764362714980825,70.66250196097344,2,4,3,0.4999999999999999,0.8660254037844387,-0.433883739117558,-0.9009688679024191,1.0,6.123233995736766e-17,0.0,0.0,0.0,11.975,26.075000000000003,100.0,89.25,-2.525,4.0734963,0.0,-0.875,19.17222222666667,33.71666666666667,33.8,33.56666666666667,34.4,33.0,-17.825555570000002,0.1425925766666687,-0.096,1.576,1.4333333333333331,19.20617285111112,1.5842222222222233,5.5227237,5.5450516,5.55451,5.5833583,5.430151,1,1.0,1,0.75,-0.83,19.6,80.4
2023-03-24 02:30:00,119.990477972222,74.228141855556,74.245085677776,19.17222222666667,1.4333333333333331,33.0,2,5.1764362714980825,70.66250196097344,2,4,3,0.4999999999999999,0.8660254037844387,-0.433883739117558,-0.9009688679024191,1.0,6.123233995736766e-17,0.0,0.0,0.0,11.95,25.55,100.0,89.5,-2.55,4.0636883,0.0,-0.95,19.2277778,33.3,33.71666666666667,33.8,33.56666666666667,32.95,-17.738888893333336,-0.1333333433333337,-0.0466666666666666,1.48,1.4266666666666663,19.213580263333338,1.4964444444444458,5.430151,5.5227237,5.5450516,5.55451,5.4397016,0,1.0,1,0.75,-0.86,20.8,79.2
2023-03-24 02:45:00,132.173323955556,85.7582362,85.776013255556,19.2277778,1.4266666666666663,32.95,2,5.1764362714980825,70.66250196097344,2,4,3,0.4999999999999999,0.8660254037844387,-0.433883739117558,-0.9009688679024191,1.0,6.123233995736766e-17,0.0,0.0,0.0,11.925,25.025,100.0,89.75,-2.575,4.053858,0.0,-1.025,19.372222206666667,33.0,33.3,33.71666666666667,33.8,32.53333333333333,-17.801111133333336,0.0555555733333328,-0.0066666666666668,1.4333333333333331,1.3773333333333333,19.23518519888889,1.446666666666668,5.4397016,5.430151,5.5227237,5.5450516,5.4167895,0,1.0,0,0.75,-0.85,20.3,79.7
2023-03-24 03:00:00,62.638050011108,13.014757172222,13.024756788888,19.372222206666667,1.3773333333333333,32.53333333333333,1,5.1764362714980825,70.66250196097344,3,4,3,0.7071067811865476,0.7071067811865476,-0.433883739117558,-0.9009688679024191,1.0,6.123233995736766e-17,0.0,0.0,0.0,11.9,24.5,100.0,90.0,-2.6,4.0440063,0.0,-1.1,19.13888892,32.95,33.0,33.3,33.71666666666667,32.5,-17.994888873333334,0.1444444066666648,-0.0493333333333332,1.4266666666666663,1.3166666666666669,19.257407411111117,1.4124444444444455,5.4167895,5.4397016,5.430151,5.5227237,5.337378,0,1.0,1,0.75,-0.82,19.2,80.8
2023-03-24 03:15:00,157.849241461106,112.68188146111,112.70132518333,19.13888892,1.3166666666666669,32.5,2,5.1764362714980825,70.66250196097344,3,4,3,0.7071067811865476,0.7071067811865476,-0.433883739117558,-0.9009688679024191,1.0,6.123233995736766e-17,0.0,0.0,0.0,11.85,24.575,100.0,89.0,-2.575,4.0480084,0.0,-0.925,19.272222216666663,32.53333333333333,32.95,33.0,33.3,32.31666666666667,-17.822222253333333,-0.2333332866666673,-0.0606666666666666,1.3773333333333333,1.244,19.24629630888889,1.3735555555555568,5.337378,5.4167895,5.4397016,5.430151,5.349131,0,0.0,1,1.0,-0.88,21.2,78.8
2023-03-24 03:30:00,85.364363238882,32.062328588888,32.072050499996,19.272222216666663,1.244,32.31666666666667,1,5.1764362714980825,70.66250196097344,3,4,3,0.7071067811865476,0.7071067811865476,-0.433883739117558,-0.9009688679024191,1.0,6.123233995736766e-17,0.0,0.0,0.0,11.8,24.65,100.0,88.0,-2.55,4.0514297,0.0,-0.75,19.22222225,32.5,32.53333333333333,32.95,33.0,32.05,-18.028222216666663,0.1333332966666667,-0.0726666666666666,1.3166666666666669,1.2033333333333334,19.261111114444446,1.3126666666666678,5.349131,5.337378,5.4167895,5.4397016,5.289389,0,0.0,1,1.0,-0.85,20.1,79.9
2023-03-24 03:45:00,99.287695133328,51.388499911112,51.400166144444,19.22222225,1.2033333333333334,32.05,1,5.1764362714980825,70.66250196097344,3,4,3,0.7071067811865476,0.7071067811865476,-0.433883739117558,-0.9009688679024191,1.0,6.123233995736766e-17,0.0,0.0,0.0,11.75,24.725,100.0,87.0,-2.525,4.0542574,0.0,-0.5750000000000001,19.14444448,32.31666666666667,32.5,32.53333333333333,32.95,32.28333333333333,-18.01888891666667,-0.0499999666666646,-0.0406666666666666,1.244,1.1153333333333333,19.21111112888889,1.254666666666668,5.289389,5.349131,5.337378,5.4167895,5.3035326,0,0.0,0,1.0,-0.86,20.6,79.4
2023-03-24 04:00:00,151.974198638886,108.479827333332,108.49871546111,19.14444448,1.1153333333333333,32.28333333333333,2,5.1764362714980825,70.66250196097344,4,4,3,0.8660254037844386,0.5000000000000001,-0.433883739117558,-0.9009688679024191,1.0,6.123233995736766e-17,0.0,0.0,0.0,11.7,24.8,100.0,86.0,-2.5,4.0564775,0.0,-0.4,19.33333335,32.05,32.31666666666667,32.5,32.53333333333333,31.65,-18.02911114666667,-0.0777777700000008,-0.088,1.2033333333333334,1.0313333333333334,19.212962982222223,1.1875555555555568,5.3035326,5.289389,5.349131,5.337378,5.257666,0,0.0,1,1.0,-0.88,21.2,78.8
2023-03-24 04:15:00,60.55313344444,0.0,0.0,19.33333335,1.0313333333333334,31.65,0,5.1764362714980825,70.66250196097344,4,4,3,0.8660254037844386,0.5000000000000001,-0.433883739117558,-0.9009688679024191,1.0,6.123233995736766e-17,0.0,0.0,0.0,11.4,24.725,100.0,86.25,-2.5,4.0542274,0.0,-0.45,19.12037039,32.28333333333333,32.05,32.31666666666667,32.5,31.683333333333334,-18.302000016666664,0.188888869999996,-0.0839999999999998,1.1153333333333333,0.996,19.233333360000003,1.1166666666666678,5.257666,5.3035326,5.289389,5.349131,5.197582,1,1.0,1,0.75,-0.84,19.7,80.3
2023-03-24 04:30:00,134.144078538886,90.411661172222,90.429716016666,19.12037039,0.996,31.683333333333334,2,5.1764362714980825,70.66250196097344,4,4,3,0.8660254037844386,0.5000000000000001,-0.433883739117558,-0.9009688679024191,1.0,6.123233995736766e-17,0.0,0.0,0.0,11.1,24.65,100.0,86.5,-2.5,4.0519376,0.0,-0.5,19.20000001,31.65,32.28333333333333,32.05,32.31666666666667,31.95,-18.124370390000003,-0.2129629599999951,-0.0353333333333334,1.0313333333333334,1.012,19.19938274,1.047555555555557,5.197582,5.257666,5.3035326,5.289389,5.2659864,0,1.0,1,0.75,-0.88,21.5,78.5
2023-03-24 04:45:00,102.61422868333,61.639201016666,61.65364483889,19.20000001,1.012,31.95,1,5.1764362714980825,70.66250196097344,4,4,3,0.8660254037844386,0.5000000000000001,-0.433883739117558,-0.9009688679024191,1.0,6.123233995736766e-17,0.0,0.0,0.0,10.8,24.575,100.0,86.75,-2.5,4.04961,0.0,-0.55,19.248148126666667,31.683333333333334,31.65,32.28333333333333,32.05,31.53333333333333,-18.18800001,0.0796296199999986,0.016,0.996,1.036,19.21790125,1.0131111111111124,5.2659864,5.197582,5.257666,5.3035326,5.2120767,0,1.0,1,0.75,-0.86,20.8,79.2
2023-03-24 05:00:00,99.546573511112,38.357632316666,38.369576288888,19.248148126666667,1.036,31.53333333333333,1,5.1764362714980825,70.66250196097344,5,4,3,0.9659258262890684,0.2588190451025207,-0.433883739117558,-0.9009688679024191,1.0,6.123233995736766e-17,0.0,0.0,0.0,10.5,24.5,100.0,87.0,-2.5,4.047244,0.0,-0.6,19.10000002,31.95,31.683333333333334,31.65,32.28333333333333,31.8,-18.212148126666666,0.0481481166666668,0.024,1.012,1.052,19.18950617555556,1.014666666666668,5.2120767,5.2659864,5.197582,5.257666,5.2104573,0,1.0,0,0.75,-0.86,20.4,79.6
2023-03-24 05:15:00,155.062130533336,114.500697555556,114.522641111112,19.10000002,1.052,31.8,2,5.1764362714980825,70.66250196097344,5,4,3,0.9659258262890684,0.2588190451025207,-0.433883739117558,-0.9009688679024191,1.0,6.123233995736766e-17,0.0,0.0,0.0,10.625,23.95,100.0,87.25,-2.475,4.0518517,0.0,-0.625,19.294444436666662,31.53333333333333,31.95,31.683333333333334,31.65,31.35,-18.04800002,-0.1481481066666674,0.016,1.036,1.0666666666666669,19.182716052222226,1.0333333333333343,5.2104573,5.2120767,5.2659864,5.197582,5.1959214,0,0.0,1,1.0,-0.89,21.6,78.4
2023-03-24 05:30:00,43.491871522216,0.0,0.0,19.294444436666662,1.0666666666666669,31.35,0,5.1764362714980825,70.66250196097344,5,4,3,0.9659258262890684,0.2588190451025207,-0.433883739117558,-0.9009688679024191,1.0,6.123233995736766e-17,0.0,0.0,0.0,10.75,23.4,100.0,87.5,-2.45,4.05643,0.0,-0.6499999999999999,19.09444445,31.8,31.53333333333333,31.95,31.683333333333334,31.35,-18.22777777,0.1944444166666663,0.0146666666666666,1.052,1.024,19.21419752777778,1.051555555555557,5.1959214,5.2104573,5.2120767,5.2659864,5.135042,1,1.0,1,0.75,-0.85,20.1,79.9
2023-03-24 05:45:00,165.618930544444,102.40951462222,102.428125011108,19.09444445,1.024,31.35,2,5.1764362714980825,70.66250196097344,5,4,3,0.9659258262890684,0.2588190451025207,-0.433883739117558,-0.9009688679024191,1.0,6.123233995736766e-17,0.0,0.0,0.0,10.875,22.85,100.0,87.75,-2.425,4.0609784,0.0,-0.6749999999999999,19.205555553333333,31.35,31.8,31.53333333333333,31.95,31.316666666666663,-18.07044445,-0.1999999866666648,-0.0426666666666666,1.0666666666666669,1.06,19.16296296888889,1.047555555555557,5.135042,5.1959214,5.2104573,5.2120767,5.16329,0,1.0,1,0.75,-0.89,21.8,78.2
2023-03-24 06:00:00,94.051793344444,54.5111528,54.526152166668005,19.205555553333333,1.06,31.316666666666663,1,5.1764362714980825,70.66250196097344,6,4,3,1.0,6.123233995736766e-17,-0.433883739117558,-0.9009688679024191,1.0,6.123233995736766e-17,0.0,0.0,0.0,11.0,22.3,100.0,88.0,-2.4,4.0654984,0.0,-0.7,19.24999999,31.35,31.35,31.8,31.53333333333333,30.7,-18.14555555333333,0.1111111033333323,0.036,1.024,1.0666666666666669,19.198148146666668,1.0502222222222235,5.16329,5.135042,5.1959214,5.2104573,5.074889,0,1.0,1,0.75,-0.87,20.8,79.2
2023-03-24 06:15:00,79.78986389444201,39.664524472222,39.677301744444,19.24999999,1.0666666666666669,30.7,1,5.1764362714980825,70.66250196097344,6,4,3,1.0,6.123233995736766e-17,-0.433883739117558,-0.9009688679024191,1.0,6.123233995736766e-17,0.0,0.0,0.0,10.775,22.3,100.0,88.5,-2.4,4.0673904,0.0,-0.7749999999999999,19.075925936666668,31.316666666666663,31.35,31.35,31.8,30.966666666666665,-18.183333323333333,0.0444444366666658,0.0066666666666665,1.06,1.004,19.18333333111111,1.0502222222222235,5.074889,5.16329,5.135042,5.1959214,5.066716,0,1.0,0,0.75,-0.86,20.6,79.4
2023-03-24 06:30:00,181.095811411112,119.046626827778,119.066903783334,19.075925936666668,1.004,30.966666666666665,2,5.1764362714980825,70.66250196097344,6,4,3,1.0,6.123233995736766e-17,-0.433883739117558,-0.9009688679024191,1.0,6.123233995736766e-17,0.0,0.0,0.0,10.55,22.3,100.0,89.0,-2.4,4.0691414,0.0,-0.85,19.2611111,30.7,31.316666666666663,31.35,31.35,30.65,-18.071925936666663,-0.1740740533333316,-0.0626666666666666,1.0666666666666669,0.94,19.17716049333333,1.043555555555557,5.066716,5.074889,5.16329,5.135042,5.0699406,0,0.0,1,1.0,-0.9,22.0,78.0
2023-03-24 06:45:00,43.327711288888,0.0,0.0,19.2611111,0.94,30.65,0,5.1764362714980825,70.66250196097344,6,4,3,1.0,6.123233995736766e-17,-0.433883739117558,-0.9009688679024191,1.0,6.123233995736766e-17,0.0,0.0,0.0,10.325,22.3,100.0,89.5,-2.4,4.0707498,0.0,-0.925,19.06481479,30.966666666666665,30.7,31.316666666666663,31.35,30.683333333333334,-18.3211111,0.1851851633333332,-0.064,1.004,0.944,19.19567900888889,1.0035555555555569,5.0699406,5.066716,5.074889,5.16329,5.0170684,1,1.0,1,0.75,-0.86,20.5,79.5
2023-03-24 07:00:00,135.48263592778198,92.534909572222,92.554908755556,19.06481479,0.944,30.683333333333334,2,5.1764362714980825,70.66250196097344,7,4,3,0.9659258262890684,-0.2588190451025206,-0.433883739117558,-0.9009688679024191,1.0,6.123233995736766e-17,0.0,0.0,0.0,10.1,22.3,100.0,90.0,-2.4,4.0722194,0.0,-1.0,19.14444442,30.65,30.966666666666665,30.7,31.316666666666663,30.95,-18.12081479,-0.196296310000001,0.0040000000000001,0.94,0.988,19.13395060888889,0.9626666666666678,5.0170684,5.0699406,5.066716,5.074889,5.0844917,0,1.0,1,0.75,-0.9,22.2,77.8
2023-03-24 07:15:00,115.797034483338,57.866018566668,57.881295722224,19.14444442,0.988,30.95,1,5.1764362714980825,70.66250196097344,7,4,3,0.9659258262890684,-0.2588190451025206,-0.433883739117558,-0.9009688679024191,1.0,6.123233995736766e-17,10.25,2.5625,0.8541666666666666,10.2,22.4,100.0,88.5,-2.325,4.095688,0.0,-0.675,19.192592620000003,30.683333333333334,30.65,30.966666666666665,30.7,30.53333333333333,-18.15644442,0.0796296299999994,0.0439999999999999,0.944,1.032,19.156790103333336,0.9573333333333344,5.0844917,5.0170684,5.0699406,5.066716,5.0302954,0,1.0,1,0.75,-0.88,21.4,78.6
2023-03-24 07:30:00,81.209251466668,40.958917111112,40.973083211112,19.192592620000003,1.032,30.53333333333333,1,5.1764362714980825,70.66250196097344,7,4,3,0.9659258262890684,-0.2588190451025206,-0.433883739117558,-0.9009688679024191,1.0,6.123233995736766e-17,20.5,7.6875,2.5625,10.3,22.5,100.0,87.0,-2.25,4.1178536,0.0,-0.35,19.05000001,30.95,30.683333333333334,30.65,30.966666666666665,30.8,-18.160592620000003,0.0481482000000035,0.044,0.988,1.174,19.133950610000003,0.9880000000000012,5.0302954,5.0844917,5.0170684,5.0699406,5.031746,0,1.0,0,0.75,-0.87,21.1,78.9
2023-03-24 07:45:00,156.845670388888,111.06527946111,111.087778594442,19.05000001,1.174,30.8,2,5.1764362714980825,70.66250196097344,7,4,3,0.9659258262890684,-0.2588190451025206,-0.433883739117558,-0.9009688679024191,1.0,6.123233995736766e-17,30.75,15.375,5.125,10.4,22.6,100.0,85.5,-2.175,4.1386523,0.0,-0.0249999999999999,19.270370343333333,30.53333333333333,30.95,30.683333333333334,30.65,30.53333333333333,-17.876000010000002,-0.1425926100000012,0.1419999999999999,1.032,1.288,19.12901235,1.0646666666666678,5.031746,5.0302954,5.0844917,5.0170684,5.0533977,0,0.0,1,1.0,-0.9,22.3,77.7
2023-03-24 08:00:00,300.048830916666,0.0,0.0,19.270370343333333,1.288,30.53333333333333,0,5.1764362714980825,70.66250196097344,8,4,3,0.8660254037844387,-0.4999999999999998,-0.433883739117558,-0.9009688679024191,1.0,6.123233995736766e-17,41.0,25.625,8.541666666666666,10.5,22.7,100.0,84.0,-2.1,4.1580205,0.0,0.3,19.03888886,30.8,30.53333333333333,30.95,30.683333333333334,30.55,-17.982370343333333,0.2203703333333315,0.1140000000000001,1.174,1.3173333333333337,19.170987657777783,1.1646666666666678,5.0533977,5.031746,5.0302954,5.0844917,4.9876337,1,1.0,1,0.75,-0.86,20.4,79.6
2023-03-24 08:15:00,137.931982616662,95.893386344444,95.914774438886,19.03888886,1.3173333333333337,30.55,2,5.1764362714980825,70.66250196097344,8,4,3,0.8660254037844387,-0.4999999999999998,-0.433883739117558,-0.9009688679024191,1.0,6.123233995736766e-17,66.5,39.6875,14.083333333333334,11.125,24.225,100.0,82.75,-2.025,4.174211,0.0,0.575,19.088888923333336,30.53333333333333,30.8,30.53333333333333,30.95,30.78333333333333,-17.721555526666666,-0.2314814833333329,0.0293333333333334,1.288,1.4973333333333334,19.11975307111112,1.259777777777779,4.9876337,5.0533977,5.031746,5.0302954,5.0405717,0,1.0,1,0.75,-0.91,22.4,77.6
2023-03-24 08:30:00,84.174132833336,29.007172983334,29.017728127778,19.088888923333336,1.4973333333333334,30.78333333333333,1,5.1764362714980825,70.66250196097344,8,4,3,0.8660254037844387,-0.4999999999999998,-0.433883739117558,-0.9009688679024191,1.0,6.123233995736766e-17,92.0,57.5625,21.75,11.75,25.75,100.0,81.5,-1.95,4.1893263,0.0,0.8499999999999999,19.00555554,30.55,30.53333333333333,30.8,30.53333333333333,30.6,-17.591555590000002,0.0500000633333357,0.1799999999999999,1.3173333333333337,1.55,19.132716042222224,1.3675555555555567,5.0405717,4.9876337,5.0533977,5.031746,4.9859796,0,1.0,1,0.75,-0.9,22.0,78.0
2023-03-24 08:45:00,114.593749416666,65.31877604444401,65.336275377776,19.00555554,1.55,30.6,1,5.1764362714980825,70.66250196097344,8,4,3,0.8660254037844387,-0.4999999999999998,-0.433883739117558,-0.9009688679024191,1.0,6.123233995736766e-17,117.5,79.25,31.541666666666668,12.375,27.275,100.0,80.25,-1.875,4.203323,0.0,1.1249999999999998,18.99444446,30.78333333333333,30.55,30.53333333333333,30.8,31.433333333333334,-17.45555554,-0.0833333833333362,0.0526666666666666,1.4973333333333334,1.6933333333333331,19.044444441111114,1.45488888888889,4.9859796,5.0405717,4.9876337,5.0533977,5.118405,0,1.0,0,0.75,-0.92,22.7,77.3
2023-03-24 09:00:00,163.62762130000002,120.242134555556,120.265466972222,18.99444446,1.6933333333333331,31.433333333333334,2,5.1764362714980825,70.66250196097344,9,4,3,0.7071067811865476,-0.7071067811865475,-0.433883739117558,-0.9009688679024191,1.0,6.123233995736766e-17,143.0,104.75,43.458333333333336,13.0,28.8,100.0,79.0,-1.8,4.216161,0.0,1.4,19.23888891,30.6,30.78333333333333,30.55,30.53333333333333,31.1,-17.30111112666667,-0.0111110799999991,0.1433333333333331,1.55,1.77,19.029629641111114,1.5802222222222235,5.118405,4.9859796,5.0405717,4.9876337,5.1376486,0,0.0,1,1.0,-0.91,22.7,77.3
2023-03-24 09:15:00,54.471709777784,0.0,0.0,19.23888891,1.77,31.1,0,5.1764362714980825,70.66250196097344,9,4,3,0.7071067811865476,-0.7071067811865475,-0.433883739117558,-0.9009688679024191,1.0,6.123233995736766e-17,178.75,132.8125,58.35416666666666,12.825,29.25,100.0,76.25,-1.975,4.1744833,0.0,1.775,19.225925906666667,31.433333333333334,30.6,30.78333333333333,30.55,30.716666666666665,-17.46888891,0.2444444499999996,0.0766666666666668,1.6933333333333331,1.914,19.079629636666667,1.6711111111111123,5.1376486,5.118405,4.9859796,5.0405717,5.0704494,1,1.0,1,0.75,-0.86,20.6,79.4
2023-03-24 09:30:00,113.283523911116,68.50837065555599,68.52503663889,19.225925906666667,1.914,30.716666666666665,1,5.1764362714980825,70.66250196097344,9,4,3,0.7071067811865476,-0.7071067811865475,-0.433883739117558,-0.9009688679024191,1.0,6.123233995736766e-17,214.5,163.4375,76.22916666666667,12.65,29.700000000000003,100.0,73.5,-2.15,4.1275125,0.0,2.15,19.3222222,31.1,31.433333333333334,30.6,30.78333333333333,31.0,-17.311925906666666,-0.0129630033333327,0.1440000000000001,1.77,2.142,19.15308642555556,1.7924444444444456,5.0704494,5.1376486,5.118405,4.9859796,5.146321,0,1.0,1,0.75,-0.86,20.8,79.2
2023-03-24 09:45:00,194.045848972222,102.6917255,102.7442234,19.3222222,2.142,31.0,2,5.1764362714980825,70.66250196097344,9,4,3,0.7071067811865476,-0.7071067811865475,-0.433883739117558,-0.9009688679024191,1.0,6.123233995736766e-17,250.25,196.625,97.08333333333331,12.475,30.15,100.0,70.75,-2.325,4.07503,0.0,2.525,19.601851866666667,30.716666666666665,31.1,31.433333333333334,30.6,30.816666666666663,-17.1802222,0.0962962933333315,0.2279999999999997,1.914,2.252,19.262345672222224,1.9420000000000013,5.146321,5.0704494,5.1376486,5.118405,5.200707,0,1.0,1,0.75,-0.84,19.9,80.1
2023-03-24 10:00:00,101.9934201,0.0,0.0,19.601851866666667,2.252,30.816666666666663,0,5.1764362714980825,70.66250196097344,10,4,3,0.4999999999999999,-0.8660254037844387,-0.433883739117558,-0.9009688679024191,1.0,6.123233995736766e-17,286.0,232.375,120.91666666666669,12.3,30.6,100.0,68.0,-2.5,4.0168185,0.0,2.9,20.08888887,31.0,30.716666666666665,31.1,31.433333333333334,30.1,-17.34985186666667,0.2796296666666684,0.1100000000000003,2.142,3.0780000000000003,19.383333324444447,2.102666666666668,5.200707,5.146321,5.0704494,5.1376486,5.2268987,1,2.0,1,0.5,-0.78,17.7,82.3
2023-03-24 10:15:00,112.25912062222,25.708693844444,25.754803149998,20.08888887,3.0780000000000003,30.1,1,5.1764362714980825,70.66250196097344,10,4,3,0.4999999999999999,-0.8660254037844387,-0.433883739117558,-0.9009688679024191,1.0,6.123233995736766e-17,298.75,262.375,144.95833333333334,12.175,30.5,100.0,65.75,-2.725,3.9496865,0.0,3.15,20.47962964666667,30.816666666666663,31.0,30.716666666666665,31.1,29.53333333333333,-17.010888870000002,0.4870370033333344,0.8260000000000001,2.252,3.1053333333333333,19.67098764555556,2.490666666666668,5.2268987,5.200707,5.146321,5.0704494,5.2469277,0,1.0,1,0.75,-0.67,14.4,85.6
2023-03-24 10:30:00,196.773795383334,99.067981572222,99.123812705554,20.47962964666667,3.1053333333333333,29.53333333333333,2,5.1764362714980825,70.66250196097344,10,4,3,0.4999999999999999,-0.8660254037844387,-0.433883739117558,-0.9009688679024191,1.0,6.123233995736766e-17,311.5,286.625,169.20833333333334,12.05,30.4,100.0,63.5,-2.95,3.878992,0.0,3.4,20.89444443,30.1,30.816666666666663,31.0,30.716666666666665,29.1,-17.374296313333335,0.3907407766666679,0.0273333333333329,3.0780000000000003,3.056,20.05679012777778,2.811777777777779,5.2469277,5.2268987,5.200707,5.146321,5.29637,0,1.0,1,0.75,-0.58,12.1,87.9
2023-03-24 10:45:00,102.304241066664,0.0,0.0,20.89444443,3.056,29.1,0,5.1764362714980825,70.66250196097344,10,4,3,0.4999999999999999,-0.8660254037844387,-0.433883739117558,-0.9009688679024191,1.0,6.123233995736766e-17,324.25,305.125,193.66666666666663,11.925,30.3,100.0,61.25,-3.175,3.8046477,0.0,3.65,21.27592592333333,29.53333333333333,30.1,30.816666666666663,31.0,28.35,-17.83844443,0.4148147833333304,-0.0493333333333332,3.1053333333333333,3.4373333333333336,20.48765431555556,3.0797777777777795,5.29637,5.2469277,5.2268987,5.200707,5.2754326,1,2.0,1,0.5,-0.49,10.0,90.0
2023-03-24 11:00:00,87.690103405554,0.0,0.0,21.27592592333333,3.4373333333333336,28.35,0,5.1764362714980825,70.66250196097344,11,4,3,0.258819045102521,-0.9659258262890682,-0.433883739117558,-0.9009688679024191,1.0,6.123233995736766e-17,337.0,317.875,218.33333333333331,11.8,30.2,100.0,59.0,-3.4,3.726562,0.0,3.9,21.26666667,29.1,29.53333333333333,30.1,30.816666666666663,28.1,-17.838592589999998,0.3814814933333323,0.3813333333333335,3.056,3.9606666666666666,20.883333333333336,3.199555555555557,5.2754326,5.29637,5.2469277,5.2268987,5.226105,0,2.0,0,0.5,-0.41,8.4,91.6
2023-03-24 11:15:00,197.660426533336,99.327971155556,99.380469055556,21.26666667,3.9606666666666666,28.1,2,5.1764362714980825,70.66250196097344,11,4,3,0.258819045102521,-0.9659258262890682,-0.433883739117558,-0.9009688679024191,1.0,6.123233995736766e-17,377.75,337.625,244.27083333333331,11.6,30.2,99.75,56.5,-3.675,3.6528072,0.0,4.25,20.97777778333333,28.35,29.1,29.53333333333333,30.1,28.75,-17.30600000333333,-0.0092592533333331,0.523333333333333,3.4373333333333336,3.9006666666666665,21.14567900777778,3.484666666666668,5.226105,5.2754326,5.29637,5.2469277,5.258078,0,2.0,1,0.5,-0.41,8.5,91.5
2023-03-24 11:30:00,134.167133166664,33.918087672222,33.968918955556,20.97777778333333,3.9006666666666665,28.75,1,5.1764362714980825,70.66250196097344,11,4,3,0.258819045102521,-0.9659258262890682,-0.433883739117558,-0.9009688679024191,1.0,6.123233995736766e-17,418.5,364.375,271.4791666666667,11.4,30.2,99.5,54.0,-3.95,3.57326,0.0,4.6,20.70555558,28.1,28.35,29.1,29.53333333333333,28.6,-17.077111116666668,-0.2888888866666654,-0.06,3.9606666666666666,3.920666666666667,21.173456792222225,3.7662222222222232,5.258078,5.226105,5.2754326,5.29637,5.148464,0,2.0,1,0.5,-0.47,9.7,90.3
2023-03-24 11:45:00,518.668419316658,0.0,0.0,20.70555558,3.920666666666667,28.6,0,5.1764362714980825,70.66250196097344,11,4,3,0.258819045102521,-0.9659258262890682,-0.433883739117558,-0.9009688679024191,1.0,6.123233995736766e-17,459.25,398.125,299.9583333333333,11.2,30.2,99.25,51.5,-4.225,3.4877172,0.0,4.949999999999999,20.30555556,28.75,28.1,28.35,29.1,29.25,-16.784888913333333,-0.2722222033333352,0.0200000000000004,3.9006666666666665,4.061333333333334,20.983333344444446,3.927333333333335,5.148464,5.258078,5.226105,5.2754326,5.14405,1,2.0,1,0.5,-0.54,11.0,89.0
2023-03-24 12:00:00,1386.191494638886,118.130830144444,118.187772366664,20.30555556,4.061333333333334,29.25,2,5.1764362714980825,70.66250196097344,12,4,3,1.2246467991473532e-16,-1.0,-0.433883739117558,-0.9009688679024191,1.0,6.123233995736766e-17,500.0,438.875,329.7083333333333,11.0,30.2,99.0,49.0,-4.5,3.395973,0.0,5.3,20.09444443,28.6,28.75,28.1,28.35,30.0,-16.24422222666667,-0.4000000199999967,0.1406666666666667,3.920666666666667,4.206666666666666,20.662962974444444,3.96088888888889,5.14405,5.148464,5.258078,5.226105,5.211228,0,1.0,1,0.75,-0.63,13.2,86.8
2023-03-24 12:15:00,226.070123483334,36.6510339,36.704365116666,20.09444443,4.206666666666666,30.0,1,5.1764362714980825,70.66250196097344,12,4,3,1.2246467991473532e-16,-1.0,-0.433883739117558,-0.9009688679024191,1.0,6.123233995736766e-17,547.5,481.3125,360.4375,10.8,30.2,99.25,48.75,-4.35,3.4403794,0.0,5.575,19.87407404,29.25,28.6,28.75,28.1,30.03333333333333,-15.887777763333332,-0.2111111300000026,0.1453333333333324,4.061333333333334,4.408666666666666,20.368518523333336,4.06288888888889,5.211228,5.14405,5.148464,5.258078,5.1501207,0,1.0,1,0.75,-0.67,14.4,85.6
2023-03-24 12:30:00,116.603946755556,27.327795744444,27.377515972222,19.87407404,4.408666666666666,30.03333333333333,1,5.1764362714980825,70.66250196097344,12,4,3,1.2246467991473532e-16,-1.0,-0.433883739117558,-0.9009688679024191,1.0,6.123233995736766e-17,595.0,525.4375,392.1458333333333,10.6,30.2,99.5,48.5,-4.2,3.4851303,0.0,5.85,19.666666650000003,30.0,29.25,28.6,28.75,31.1,-15.465407373333337,-0.2203703899999993,0.2019999999999999,4.206666666666666,4.766,20.091358010000004,4.225555555555556,5.1501207,5.211228,5.14405,5.148464,5.2685375,0,1.0,0,0.75,-0.72,15.9,84.1
2023-03-24 12:45:00,221.903901355552,107.137103244444,107.196267544444,19.666666650000003,4.766,31.1,2,5.1764362714980825,70.66250196097344,12,4,3,1.2246467991473532e-16,-1.0,-0.433883739117558,-0.9009688679024191,1.0,6.123233995736766e-17,642.5,571.25,424.8333333333333,10.4,30.2,99.75,48.25,-4.05,3.5302265,0.0,6.125,19.83888887333333,30.03333333333333,30.0,29.25,28.6,31.966666666666665,-14.900666650000003,-0.2074073899999966,0.3573333333333339,4.408666666666666,4.824666666666667,19.878395040000004,4.460444444444445,5.2685375,5.1501207,5.211228,5.14405,5.470353,0,0.0,1,1.0,-0.76,17.2,82.8
2023-03-24 13:00:00,970.816721394442,0.0,0.0,19.83888887333333,4.824666666666667,31.966666666666665,0,5.1764362714980825,70.66250196097344,13,4,3,-0.2588190451025208,-0.9659258262890684,-0.433883739117558,-0.9009688679024191,1.0,6.123233995736766e-17,690.0,618.75,458.5,10.2,30.2,100.0,48.0,-3.9,3.5756629,0.0,6.4,19.92777775,31.1,30.03333333333333,30.0,29.25,31.6,-15.014222206666668,0.1722222233333319,0.0586666666666673,4.766,5.212,19.793209854444445,4.666444444444445,5.470353,5.2685375,5.1501207,5.211228,5.435855,1,1.0,1,0.75,-0.72,15.8,84.2
2023-03-24 13:15:00,241.109799738886,0.0,0.0,19.92777775,5.212,31.6,0,5.1764362714980825,70.66250196097344,13,4,3,-0.2588190451025208,-0.9659258262890684,-0.433883739117558,-0.9009688679024191,1.0,6.123233995736766e-17,682.25,652.4375,490.4583333333333,10.525,30.2,100.0,47.5,-3.875,3.5732348,0.0,6.550000000000001,19.9444444,31.966666666666665,31.1,30.03333333333333,30.0,31.4,-14.71577775,0.0888888766666653,0.3873333333333324,4.824666666666667,5.560666666666666,19.811111091111115,4.934222222222224,5.435855,5.470353,5.2685375,5.1501207,5.4067254,0,2.0,0,0.5,-0.7,15.2,84.8
2023-03-24 13:30:00,214.670024005554,107.425425011112,107.487367016666,19.9444444,5.560666666666666,31.4,2,5.1764362714980825,70.66250196097344,13,4,3,-0.2588190451025208,-0.9659258262890684,-0.433883739117558,-0.9009688679024191,1.0,6.123233995736766e-17,674.5,672.3125,520.7083333333334,10.85,30.2,100.0,47.0,-3.85,3.5703692,0.0,6.7,20.1722222,31.6,31.966666666666665,31.1,30.03333333333333,32.0,-14.383777733333332,0.0166666499999976,0.3486666666666664,5.212,5.607333333333333,19.903703674444444,5.199111111111112,5.4067254,5.435855,5.470353,5.2685375,5.583993,0,2.0,1,0.5,-0.7,15.2,84.8
2023-03-24 13:45:00,90.270278027774,0.0,0.0,20.1722222,5.607333333333333,32.0,0,5.1764362714980825,70.66250196097344,13,4,3,-0.2588190451025208,-0.9659258262890684,-0.433883739117558,-0.9009688679024191,1.0,6.123233995736766e-17,666.75,678.375,549.25,11.175,30.2,100.0,46.5,-3.825,3.5670593,0.0,6.85,20.55370372333333,31.4,31.6,31.966666666666665,31.1,31.816666666666663,-14.564888866666667,0.2277778000000019,0.0466666666666668,5.560666666666666,5.792,20.014814783333332,5.460000000000001,5.583993,5.4067254,5.435855,5.470353,5.67706,1,3.0,1,0.25,-0.64,13.6,86.4
2023-03-24 14:00:00,99.033816138894,0.0,0.0,20.55370372333333,5.792,31.816666666666663,0,5.1764362714980825,70.66250196097344,14,4,3,-0.4999999999999997,-0.8660254037844388,-0.433883739117558,-0.9009688679024191,1.0,6.123233995736766e-17,659.0,670.625,576.0833333333334,11.5,30.2,100.0,46.0,-3.8,3.5632977,0.0,7.0,20.69999998,32.0,31.4,31.6,31.966666666666665,31.5,-14.761703723333335,0.3814815233333348,0.1846666666666667,5.607333333333333,5.965999999999999,20.223456774444443,5.653333333333333,5.67706,5.583993,5.4067254,5.435855,5.6686764,0,3.0,0,0.25,-0.55,11.4,88.6
2023-03-24 14:15:00,432.20798873889,0.0,0.0,20.69999998,5.965999999999999,31.5,0,5.1764362714980825,70.66250196097344,14,4,3,-0.4999999999999997,-0.8660254037844388,-0.433883739117558,-0.9009688679024191,1.0,6.123233995736766e-17,653.0,663.3125,599.0208333333334,11.625,30.575,100.0,45.75,-3.875,3.549695,0.0,7.025,20.86666663,31.816666666666663,32.0,31.4,31.6,31.316666666666663,-14.733999979999998,0.1462962566666625,0.1739999999999995,5.792,6.433333333333334,20.475308634444445,5.788444444444445,5.6686764,5.67706,5.583993,5.4067254,5.690617,0,3.0,0,0.25,-0.52,10.7,89.3
2023-03-24 14:30:00,96.683076955556,0.0,0.0,20.86666663,6.433333333333334,31.316666666666663,0,5.1764362714980825,70.66250196097344,14,4,3,-0.4999999999999997,-0.8660254037844388,-0.433883739117558,-0.9009688679024191,1.0,6.123233995736766e-17,647.0,656.4375,618.0625,11.75,30.95,100.0,45.5,-3.95,3.5360377,0.0,7.05,20.98888888,31.5,31.816666666666663,32.0,31.4,30.6,-14.433333296666667,0.1666666500000033,0.4673333333333342,5.965999999999999,5.992,20.706790111111115,6.063777777777779,5.690617,5.6686764,5.67706,5.583993,5.6000395,0,4.0,0,0.0,-0.48,9.9,90.1
2023-03-24 14:45:00,100.877353677776,0.0,0.0,20.98888888,5.992,30.6,0,5.1764362714980825,70.66250196097344,14,4,3,-0.4999999999999997,-0.8660254037844388,-0.433883739117558,-0.9009688679024191,1.0,6.123233995736766e-17,641.0,650.0,633.2083333333334,11.875,31.325,100.0,45.25,-4.025,3.5223238,0.0,7.074999999999999,21.051851893333332,31.316666666666663,31.5,31.816666666666663,32.0,29.85,-14.996888879999997,0.1222222499999965,-0.4413333333333336,6.433333333333334,6.186000000000001,20.85185183,6.1304444444444455,5.6000395,5.690617,5.6686764,5.67706,5.4828,0,4.0,0,0.0,-0.46,9.4,90.6
2023-03-24 15:00:00,162.660993183338,60.449804127778,60.496191188888,21.051851893333332,6.186000000000001,29.85,1,5.1764362714980825,70.66250196097344,15,4,3,-0.7071067811865471,-0.7071067811865479,-0.433883739117558,-0.9009688679024191,1.0,6.123233995736766e-17,635.0,644.0,644.4583333333334,12.0,31.7,100.0,45.0,-4.1,3.5085564,0.0,7.1,20.98888888,30.6,31.316666666666663,31.5,31.816666666666663,29.85,-14.865851893333335,0.0629630133333378,0.1940000000000008,5.992,6.396,20.96913580111111,6.20377777777778,5.4828,5.6000395,5.690617,5.6686764,5.462784,0,3.0,1,0.25,-0.45,9.2,90.8
2023-03-24 15:15:00,159.961101366664,53.738683733332,53.78479302222,20.98888888,6.396,29.85,1,5.1764362714980825,70.66250196097344,15,4,3,-0.7071067811865471,-0.7071067811865479,-0.433883739117558,-0.9009688679024191,1.0,6.123233995736766e-17,618.75,635.4375,650.3958333333334,11.975,31.875,99.5,44.75,-4.275,3.4664688,0.0,7.0,21.068518536666662,29.85,30.6,31.316666666666663,31.5,29.816666666666663,-14.592888879999997,-0.0629630133333378,0.209999999999999,6.186000000000001,6.332666666666666,21.00987655111111,6.191333333333335,5.462784,5.4828,5.6000395,5.690617,5.4819813,0,2.0,0,0.5,-0.46,9.5,90.5
2023-03-24 15:30:00,100.608197877772,0.0,0.0,21.068518536666662,6.332666666666666,29.816666666666663,0,5.1764362714980825,70.66250196097344,15,4,3,-0.7071067811865471,-0.7071067811865479,-0.433883739117558,-0.9009688679024191,1.0,6.123233995736766e-17,602.5,624.3125,651.0208333333334,11.95,32.05,99.0,44.5,-4.449999999999999,3.4247613,0.0,6.9,20.93333334,29.85,29.85,30.6,31.316666666666663,29.45,-14.73585187,0.0796296566666683,-0.0633333333333334,6.396,6.465333333333334,21.03641977,6.30488888888889,5.4819813,5.462784,5.4828,5.6000395,5.372206,1,2.0,1,0.5,-0.45,9.2,90.8
2023-03-24 15:45:00,139.466643427774,57.0260522,57.076328005554,20.93333334,6.465333333333334,29.45,1,5.1764362714980825,70.66250196097344,15,4,3,-0.7071067811865471,-0.7071067811865479,-0.433883739117558,-0.9009688679024191,1.0,6.123233995736766e-17,586.25,610.625,646.3333333333334,11.925,32.225,98.5,44.25,-4.625,3.3834305,0.0,6.8,20.640740776666668,29.816666666666663,29.85,29.85,30.6,28.85,-14.468000006666667,-0.135185196666665,0.1326666666666671,6.332666666666666,6.346,20.99691358555556,6.398000000000001,5.372206,5.4819813,5.462784,5.4828,5.1738973,0,1.0,1,0.75,-0.48,9.8,90.2
2023-03-24 16:00:00,225.908741172218,126.2357837,126.291614816666,20.640740776666668,6.346,28.85,2,5.1764362714980825,70.66250196097344,16,4,3,-0.8660254037844385,-0.5000000000000004,-0.433883739117558,-0.9009688679024191,1.0,6.123233995736766e-17,570.0,594.375,636.3333333333334,11.9,32.4,98.0,44.0,-4.8,3.3424733,0.0,6.7,20.53333337,29.45,29.816666666666663,29.85,29.85,28.45,-14.294740776666668,-0.2925925633333328,-0.1193333333333335,6.465333333333334,6.230666666666667,20.88086421777778,6.381333333333334,5.1738973,5.372206,5.4819813,5.462784,5.0703197,0,1.0,1,0.75,-0.55,11.4,88.6
2023-03-24 16:15:00,110.545578116662,25.093440672222,25.140383261110003,20.53333337,6.230666666666667,28.45,1,5.1764362714980825,70.66250196097344,16,4,3,-0.8660254037844385,-0.5000000000000004,-0.433883739117558,-0.9009688679024191,1.0,6.123233995736766e-17,547.5,576.5625,625.1041666666666,11.55,32.05,97.0,44.0,-4.925,3.315346,0.0,6.575,20.266666646666668,28.85,29.45,29.816666666666663,29.85,28.03333333333333,-14.302666703333331,-0.1074074066666668,-0.115333333333333,6.346,6.343333333333334,20.702469162222226,6.347333333333335,5.0703197,5.1738973,5.372206,5.4819813,4.918892,0,1.0,1,0.75,-0.58,12.0,88.0
2023-03-24 16:30:00,109.213409105554,41.1891857,41.227517533332,20.266666646666668,6.343333333333334,28.03333333333333,1,5.1764362714980825,70.66250196097344,16,4,3,-0.8660254037844385,-0.5000000000000004,-0.433883739117558,-0.9009688679024191,1.0,6.123233995736766e-17,525.0,557.1875,612.6458333333334,11.2,31.7,96.0,44.0,-5.05,3.288411,0.0,6.45,20.04444444,28.45,28.85,29.45,29.816666666666663,27.6,-13.923333313333334,-0.2666667233333335,0.1126666666666666,6.230666666666667,6.619333333333333,20.48024693111111,6.306666666666668,4.918892,5.0703197,5.1738973,5.372206,4.7803216,0,0.0,0,1.0,-0.64,13.7,86.3
2023-03-24 16:45:00,219.15845556111,131.176141611112,131.22252863889,20.04444444,6.619333333333333,27.6,2,5.1764362714980825,70.66250196097344,16,4,3,-0.8660254037844385,-0.5000000000000004,-0.433883739117558,-0.9009688679024191,1.0,6.123233995736766e-17,502.5,536.25,598.9583333333334,10.85,31.35,95.0,44.0,-5.175,3.2616677,0.0,6.325,20.14444443,28.03333333333333,28.45,28.85,29.45,26.85,-13.425111106666666,-0.2222222066666681,0.2759999999999989,6.343333333333334,6.278666666666667,20.28148148555556,6.397777777777779,4.7803216,4.918892,5.0703197,5.1738973,4.6777124,0,0.0,1,1.0,-0.69,15.1,84.9
2023-03-24 17:00:00,144.560050633336,75.519479083334,75.5603108,20.14444443,6.278666666666667,26.85,2,5.1764362714980825,70.66250196097344,17,4,3,-0.9659258262890684,-0.2588190451025206,-0.433883739117558,-0.9009688679024191,1.0,6.123233995736766e-17,480.0,513.75,584.0416666666666,10.5,31.0,94.0,44.0,-5.3,3.2351146,0.0,6.2,20.04444444,27.6,28.03333333333333,28.45,28.85,26.45,-13.865777763333334,0.0999999900000006,-0.3406666666666655,6.619333333333333,6.156666666666666,20.151851838888888,6.413777777777779,4.6777124,4.7803216,4.918892,5.0703197,4.581142,0,0.0,0,1.0,-0.68,14.6,85.4
2023-03-24 17:15:00,347.880806411112,36.233828372222,36.2718824,20.04444444,6.156666666666666,26.45,1,5.1764362714980825,70.66250196097344,17,4,3,-0.9659258262890684,-0.2588190451025206,-0.433883739117558,-0.9009688679024191,1.0,6.123233995736766e-17,430.5,484.5,565.5,10.375,29.9,77.0,44.5,-5.375,3.208204,0.0,5.9,19.792592613333333,26.85,27.6,28.03333333333333,28.45,26.03333333333333,-13.887777773333331,-0.0999999900000006,-0.1220000000000007,6.278666666666667,6.071333333333333,20.07777777,6.3515555555555565,4.581142,4.6777124,4.7803216,4.918892,4.442922,0,0.0,1,1.0,-0.7,15.3,84.7
2023-03-24 17:30:00,218.906521255552,132.247209916666,132.293596927778,19.792592613333333,6.071333333333333,26.03333333333333,2,5.1764362714980825,70.66250196097344,17,4,3,-0.9659258262890684,-0.2588190451025206,-0.433883739117558,-0.9009688679024191,1.0,6.123233995736766e-17,381.0,448.5,543.3333333333334,10.25,28.8,60.0,45.0,-5.449999999999999,3.1809595,0.0,5.6,19.90555554,26.45,26.85,27.6,28.03333333333333,25.65,-13.721259280000002,-0.251851826666666,-0.0853333333333337,6.156666666666666,5.656000000000001,19.993827161111117,6.1688888888888895,4.442922,4.581142,4.6777124,4.7803216,4.406589,0,0.0,1,1.0,-0.76,17.2,82.8
2023-03-24 17:45:00,208.949141683334,138.665842027778,138.71445119999998,19.90555554,5.656000000000001,25.65,2,5.1764362714980825,70.66250196097344,17,4,3,-0.9659258262890684,-0.2588190451025206,-0.433883739117558,-0.9009688679024191,1.0,6.123233995736766e-17,331.5,405.75,517.5416666666666,10.125,27.700000000000003,42.99999999999999,45.5,-5.525,3.1534033,0.0,5.3,20.048148186666666,26.03333333333333,26.45,26.85,27.6,25.316666666666663,-14.24955554,0.1129629266666683,-0.415333333333332,6.071333333333333,5.2733333333333325,19.914197531111117,5.961333333333333,4.406589,4.442922,4.581142,4.6777124,4.3857985,0,0.0,0,1.0,-0.74,16.4,83.6
2023-03-24 18:00:00,120.479069577776,49.663291172222,49.701900727778,20.048148186666666,5.2733333333333325,25.316666666666663,1,5.1764362714980825,70.66250196097344,18,4,3,-1.0,-1.8369701987210294e-16,-0.433883739117558,-0.9009688679024191,1.0,6.123233995736766e-17,282.0,356.25,488.125,10.0,26.6,26.0,46.0,-5.6,3.1255548,0.0,5.0,19.84444447,25.65,26.03333333333333,26.45,26.85,25.0,-14.774814853333332,0.1425926466666638,-0.382666666666668,5.656000000000001,5.078,19.91543211333333,5.666888888888889,4.3857985,4.406589,4.442922,4.581142,4.279564,0,0.0,1,1.0,-0.71,15.5,84.5
2023-03-24 18:15:00,164.852294577776,83.932753672222,83.974974233332,19.84444447,5.078,25.0,2,5.1764362714980825,70.66250196097344,18,4,3,-1.0,-1.8369701987210294e-16,-0.433883739117558,-0.9009688679024191,1.0,6.123233995736766e-17,238.25,308.1875,456.4166666666667,8.975,25.525,44.5,49.0,-5.375,3.2156277,0.0,4.475,19.66296295,25.316666666666663,25.65,26.03333333333333,26.45,24.816666666666663,-14.76644447,-0.2037037166666664,-0.1953333333333322,5.2733333333333325,4.803333333333333,19.93271606555556,5.335777777777778,4.279564,4.3857985,4.406589,4.442922,4.2031875,0,0.0,1,1.0,-0.75,17.0,83.0
2023-03-24 18:30:00,226.210951183334,154.297994483334,154.34854804444402,19.66296295,4.803333333333333,24.816666666666663,2,5.1764362714980825,70.66250196097344,18,4,3,-1.0,-1.8369701987210294e-16,-0.433883739117558,-0.9009688679024191,1.0,6.123233995736766e-17,194.5,261.5625,422.4166666666667,7.95,24.450000000000003,63.0,52.0,-5.15,3.2953947,0.0,3.95,19.84444444,25.0,25.316666666666663,25.65,26.03333333333333,24.45,-14.859629616666668,-0.1814815199999984,-0.2746666666666675,5.078,4.5793333333333335,19.85185186888889,5.051555555555556,4.2031875,4.279564,4.3857985,4.406589,4.185414,0,0.0,0,1.0,-0.8,18.4,81.6
2023-03-24 18:45:00,221.323368911112,146.270815566668,146.3199803,19.84444444,4.5793333333333335,24.45,2,5.1764362714980825,70.66250196097344,18,4,3,-1.0,-1.8369701987210294e-16,-0.433883739117558,-0.9009688679024191,1.0,6.123233995736766e-17,150.75,216.375,386.125,6.925000000000001,23.375,81.5,55.0,-4.925,3.365386,0.0,3.425,19.92037035,24.816666666666663,25.0,25.316666666666663,25.65,24.03333333333333,-15.265111106666666,0.1814814899999994,-0.2239999999999993,4.803333333333333,4.436000000000001,19.78395062,4.820222222222223,4.185414,4.2031875,4.279564,4.3857985,4.1324368,0,0.0,0,1.0,-0.76,17.1,82.9
2023-03-24 19:00:00,194.596937861118,119.694934227778,119.739376883334,19.92037035,4.436000000000001,24.03333333333333,2,5.1764362714980825,70.66250196097344,19,4,3,-0.9659258262890684,0.2588190451025203,-0.433883739117558,-0.9009688679024191,1.0,6.123233995736766e-17,107.0,172.625,347.5416666666667,5.9,22.3,100.0,58.0,-4.7,3.4261096,0.0,2.9,19.84999998,24.45,24.816666666666663,25.0,25.316666666666663,24.35,-15.48437035,0.0759259099999987,-0.1433333333333326,4.5793333333333335,4.276666666666667,19.809259246666667,4.606222222222224,4.1324368,4.185414,4.2031875,4.279564,4.169653,0,0.0,0,1.0,-0.74,16.6,83.4
2023-03-24 19:15:00,403.356365116666,134.5221189,134.5662838,19.84999998,4.276666666666667,24.35,2,5.1764362714980825,70.66250196097344,19,4,3,-0.9659258262890684,0.2588190451025203,-0.433883739117558,-0.9009688679024191,1.0,6.123233995736766e-17,81.0,133.3125,308.6666666666667,6.15,19.075,100.0,61.5,-4.675,3.4536326,0.0,2.15,19.8333333,24.03333333333333,24.45,24.816666666666663,25.0,24.5,-15.573333313333332,-0.0703703699999991,-0.1593333333333335,4.436000000000001,4.037333333333334,19.871604923333333,4.430666666666668,4.169653,4.1324368,4.185414,4.2031875,4.1912417,0,0.0,0,1.0,-0.76,17.1,82.9
2023-03-24 19:30:00,657.663136855556,48.904710416666,48.945264344444,19.8333333,4.037333333333334,24.5,1,5.1764362714980825,70.66250196097344,19,4,3,-0.9659258262890684,0.2588190451025203,-0.433883739117558,-0.9009688679024191,1.0,6.123233995736766e-17,55.0,98.4375,269.5,6.4,15.85,100.0,65.0,-4.65,3.468993,0.0,1.4,19.70555557,24.35,24.03333333333333,24.45,24.816666666666663,25.35,-15.795999966666669,-0.0166666800000001,-0.2393333333333336,4.276666666666667,3.8866666666666654,19.867901210000003,4.250000000000001,4.1912417,4.169653,4.1324368,4.185414,4.304265,0,0.0,1,1.0,-0.76,17.2,82.8
2023-03-24 19:45:00,479.093335466668,0.0,0.0,19.70555557,3.8866666666666654,25.35,0,5.1764362714980825,70.66250196097344,19,4,3,-0.9659258262890684,0.2588190451025203,-0.433883739117558,-0.9009688679024191,1.0,6.123233995736766e-17,29.0,68.0,230.04166666666663,6.65,12.625,100.0,68.5,-4.625,3.4732,0.0,0.6499999999999999,19.54259262,24.5,24.35,24.03333333333333,24.45,27.08333333333333,-15.818888903333336,-0.1277777299999982,-0.1506666666666674,4.037333333333334,3.740666666666667,19.796296283333334,4.06688888888889,4.304265,4.1912417,4.169653,4.1324368,4.554773,1,1.0,1,0.75,-0.78,18.0,82.0
2023-03-24 20:00:00,202.130525588888,0.0,0.0,19.54259262,3.740666666666667,27.08333333333333,0,5.1764362714980825,70.66250196097344,20,4,3,-0.8660254037844386,0.5000000000000001,-0.433883739117558,-0.9009688679024191,1.0,6.123233995736766e-17,3.0,42.0,190.29166666666663,6.9,9.4,100.0,72.0,-4.6,3.467207,0.0,-0.1,19.45555553,25.35,24.5,24.35,24.03333333333333,27.8,-15.801925953333336,-0.1629629500000007,-0.1459999999999994,3.8866666666666654,3.5866666666666664,19.69382716333333,3.888222222222223,4.554773,4.304265,4.1912417,4.169653,4.6514363,0,2.0,0,0.5,-0.81,18.9,81.1
2023-03-24 20:15:00,1086.957353399996,0.0,0.0,19.45555553,3.5866666666666664,27.8,0,5.1764362714980825,70.66250196097344,20,4,3,-0.8660254037844386,0.5000000000000001,-0.433883739117558,-0.9009688679024191,1.0,6.123233995736766e-17,2.25,22.3125,154.60416666666666,6.45,9.3,100.0,71.75,-4.6,3.4671,0.0,-0.05,19.37222221333333,27.08333333333333,25.35,24.5,24.35,31.03333333333333,-15.868888863333336,-0.087037089999999,-0.1540000000000003,3.740666666666667,3.46,19.56790124,3.738000000000001,4.6514363,4.554773,4.304265,4.1912417,5.16704,0,3.0,0,0.25,-0.83,19.5,80.5
2023-03-24 20:30:00,1266.795159516666,0.0,0.0,19.37222221333333,3.46,31.03333333333333,0,5.1764362714980825,70.66250196097344,20,4,3,-0.8660254037844386,0.5000000000000001,-0.433883739117558,-0.9009688679024191,1.0,6.123233995736766e-17,1.5,8.9375,122.97916666666669,6.0,9.2,100.0,71.5,-4.6,3.4669461,0.0,0.0,19.24999998,27.8,27.08333333333333,25.35,24.5,32.5,-15.91222221333333,-0.0833333166666712,-0.1266666666666664,3.5866666666666664,3.401333333333333,19.456790121111112,3.595777777777778,5.16704,4.6514363,4.554773,4.304265,5.3724394,0,4.0,0,0.0,-0.83,19.5,80.5
2023-03-24 20:45:00,1274.469296972222,0.0,0.0,19.24999998,3.401333333333333,32.5,0,5.1764362714980825,70.66250196097344,20,4,3,-0.8660254037844386,0.5000000000000001,-0.433883739117558,-0.9009688679024191,1.0,6.123233995736766e-17,0.75,1.875,95.41666666666669,5.55,9.1,100.0,71.25,-4.6,3.4667454,0.0,0.05,19.129629663333333,31.03333333333333,27.8,27.08333333333333,25.35,32.5,-15.848666646666665,-0.122222233333332,-0.0586666666666664,3.46,3.31,19.359259241111108,3.482666666666668,5.3724394,5.16704,4.6514363,4.554773,5.334465,0,4.0,0,0.0,-0.85,20.2,79.8
2023-03-24 21:00:00,435.461469827774,0.0,0.0,19.129629663333333,3.31,32.5,0,5.1764362714980825,70.66250196097344,21,4,3,-0.7071067811865477,0.7071067811865474,-0.433883739117558,-0.9009688679024191,1.0,6.123233995736766e-17,0.0,1.125,71.91666666666667,5.1,9.0,100.0,71.0,-4.6,3.4664953,0.0,0.1,19.01666668,32.5,31.03333333333333,27.8,27.08333333333333,33.25,-15.819629663333332,-0.1203703166666656,-0.0913333333333334,3.401333333333333,3.226,19.250617285555556,3.3904444444444457,5.334465,5.3724394,5.16704,4.6514363,5.421325,0,4.0,0,0.0,-0.88,21.3,78.7
2023-03-24 21:15:00,124.9250028,0.0,0.0,19.01666668,3.226,33.25,0,5.1764362714980825,70.66250196097344,21,4,3,-0.7071067811865477,0.7071067811865474,-0.433883739117558,-0.9009688679024191,1.0,6.123233995736766e-17,0.0,0.5625,52.0625,4.55,8.9,100.0,70.0,-4.775,3.4176714,0.0,0.1,18.959259263333333,32.5,32.5,31.03333333333333,27.8,33.6,-15.79066668,-0.1129629833333325,-0.084,3.31,3.008,19.132098774444444,3.3124444444444454,5.421325,5.334465,5.3724394,5.16704,5.459859,0,4.0,0,0.0,-0.9,22.1,77.9
2023-03-24 21:30:00,125.644140716666,0.0,0.0,18.959259263333333,3.008,33.6,0,5.1764362714980825,70.66250196097344,21,4,3,-0.7071067811865477,0.7071067811865474,-0.433883739117558,-0.9009688679024191,1.0,6.123233995736766e-17,0.0,0.1875,35.854166666666664,4.0,8.8,100.0,69.0,-4.949999999999999,3.3688476,0.0,0.1,18.84444443,33.25,32.5,32.5,31.03333333333333,33.35,-15.951259263333334,-0.0574074166666669,-0.2179999999999999,3.226,2.788,19.035185202222223,3.1813333333333342,5.459859,5.421325,5.334465,5.3724394,5.3826094,0,4.0,0,0.0,-0.91,22.5,77.5
2023-03-24 21:45:00,202.084694155552,0.0,0.0,18.84444443,2.788,33.35,0,5.1764362714980825,70.66250196097344,21,4,3,-0.7071067811865477,0.7071067811865474,-0.433883739117558,-0.9009688679024191,1.0,6.123233995736766e-17,0.0,0.0,23.291666666666668,3.45,8.7,100.0,68.0,-5.125,3.3200238,0.0,0.1,18.76111111333333,33.6,33.25,32.5,32.5,33.68333333333333,-16.05644443,-0.1148148333333338,-0.2200000000000002,3.008,2.555333333333333,18.940123457777776,3.007333333333334,5.3826094,5.459859,5.421325,5.334465,5.4096947,0,4.0,0,0.0,-0.94,23.6,76.4
2023-03-24 22:00:00,120.77600201667,0.0,0.0,18.76111111333333,2.555333333333333,33.68333333333333,0,5.1764362714980825,70.66250196097344,22,4,3,-0.5000000000000004,0.8660254037844384,-0.433883739117558,-0.9009688679024191,1.0,6.123233995736766e-17,0.0,0.0,14.375,2.9,8.6,100.0,67.0,-5.3,3.2711997,0.0,0.1,18.71666665,33.35,33.6,33.25,32.5,34.45,-16.205777780000002,-0.0833333166666641,-0.2326666666666668,2.788,2.361333333333333,18.85493826888889,2.783777777777779,5.4096947,5.3826094,5.459859,5.421325,5.518301,0,4.0,0,0.0,-0.96,24.3,75.7
2023-03-24 22:15:00,117.772233355556,0.0,0.0,18.71666665,2.361333333333333,34.45,0,5.1764362714980825,70.66250196097344,22,4,3,-0.5000000000000004,0.8660254037844384,-0.433883739117558,-0.9009688679024191,1.0,6.123233995736766e-17,0.0,0.0,7.625,3.475,8.15,100.0,70.75,-5.0,3.3661113,0.0,-0.275,18.69074075,33.68333333333333,33.35,33.6,33.25,35.43333333333333,-16.355333316666666,-0.0444444633333347,-0.1939999999999995,2.555333333333333,2.227333333333333,18.774074064444445,2.568222222222223,5.518301,5.4096947,5.3826094,5.459859,5.6671157,0,4.0,0,0.0,-0.96,24.6,75.4
2023-03-24 22:30:00,387.498388261114,0.0,0.0,18.69074075,2.227333333333333,35.43333333333333,0,5.1764362714980825,70.66250196097344,22,4,3,-0.5000000000000004,0.8660254037844384,-0.433883739117558,-0.9009688679024191,1.0,6.123233995736766e-17,0.0,0.0,3.0416666666666665,4.05,7.699999999999999,100.0,74.5,-4.699999999999999,3.4537601,0.0,-0.65,18.68333335,34.45,33.68333333333333,33.35,33.6,35.55,-16.463407416666666,-0.0259259000000007,-0.1340000000000003,2.361333333333333,2.051333333333333,18.722839504444448,2.381333333333334,5.6671157,5.518301,5.4096947,5.3826094,5.6832848,0,4.0,0,0.0,-0.96,24.6,75.4
2023-03-24 22:45:00,113.662953333332,0.0,0.0,18.68333335,2.051333333333333,35.55,0,5.1764362714980825,70.66250196097344,22,4,3,-0.5000000000000004,0.8660254037844384,-0.433883739117558,-0.9009688679024191,1.0,6.123233995736766e-17,0.0,0.0,0.625,4.625,7.25,100.0,78.25,-4.4,3.5344217,0.0,-1.025,18.68703705,35.43333333333333,34.45,33.68333333333333,33.35,36.333333333333336,-16.63200001666667,-0.0074073999999981,-0.1759999999999997,2.227333333333333,1.8393333333333333,18.696913583333338,2.2133333333333343,5.6832848,5.6671157,5.518301,5.4096947,5.8097863,0,4.0,0,0.0,-0.96,24.6,75.4
2023-03-24 23:00:00,109.347570455552,0.0,0.0,18.68703705,1.8393333333333333,36.333333333333336,0,5.1764362714980825,70.66250196097344,23,4,3,-0.2588190451025215,0.965925826289068,-0.433883739117558,-0.9009688679024191,1.0,6.123233995736766e-17,0.0,0.0,0.375,5.2,6.8,100.0,82.0,-4.1,3.608361,0.0,-1.4,18.7222222,35.55,35.43333333333333,34.45,33.68333333333333,36.7,-16.84770371666667,0.003703699999999,-0.2120000000000002,2.051333333333333,1.606,18.68703705,2.0393333333333343,5.8097863,5.6832848,5.6671157,5.518301,5.880645,0,4.0,0,0.0,-0.96,24.4,75.6
2023-03-24 23:15:00,76.097789316666,0.0,0.0,18.7222222,1.606,36.7,0,5.1764362714980825,70.66250196097344,23,4,3,-0.2588190451025215,0.965925826289068,-0.433883739117558,-0.9009688679024191,1.0,6.123233995736766e-17,0.0,0.0,0.1875,5.075,7.35,100.0,80.25,-4.324999999999999,3.5436838,0.0,-1.35,18.70185185,36.333333333333336,35.55,35.43333333333333,34.45,36.41666666666666,-17.1162222,0.0351851500000002,-0.2333333333333331,1.8393333333333333,1.53,18.697530866666668,1.8322222222222235,5.880645,5.8097863,5.6832848,5.6671157,5.8282185,0,4.0,0,0.0,-0.95,24.0,76.0
2023-03-24 23:30:00,80.787046072226,36.1410543,36.147720716666,18.70185185,1.53,36.41666666666666,1,5.1764362714980825,70.66250196097344,23,4,3,-0.2588190451025215,0.965925826289068,-0.433883739117558,-0.9009688679024191,1.0,6.123233995736766e-17,0.0,0.0,0.0625,4.95,7.9,100.0,78.5,-4.55,3.4785063,0.0,-1.2999999999999998,18.67222225,36.7,36.333333333333336,35.55,35.43333333333333,34.75,-17.17185185,-0.0203703500000003,-0.076,1.606,1.2866666666666666,18.7037037,1.6584444444444453,5.8282185,5.880645,5.8097863,5.6832848,5.55174,0,3.0,1,0.25,-0.96,24.3,75.7
2023-03-24 23:45:00,148.429895850002,105.799378955556,105.811600716666,18.67222225,1.2866666666666666,34.75,2,5.1764362714980825,70.66250196097344,23,4,3,-0.2588190451025215,0.965925826289068,-0.433883739117558,-0.9009688679024191,1.0,6.123233995736766e-17,0.0,0.0,0.0,4.825,8.45,100.0,76.75,-4.775,3.4128244,0.0,-1.25,18.840740746666665,36.41666666666666,36.7,36.333333333333336,35.55,33.666666666666664,-17.385555583333336,-0.0296295999999998,-0.2433333333333334,1.53,0.7200000000000001,18.69876543333333,1.4742222222222232,5.55174,5.8282185,5.880645,5.8097863,5.4325304,0,2.0,1,0.5,-0.97,24.9,75.1
2023-03-25 00:00:00,135.086540638894,95.116195183334,95.132305672222,18.840740746666665,0.7200000000000001,33.666666666666664,2,5.1764362714980825,70.66250196097344,0,5,3,0.0,1.0,-0.9749279121818236,-0.2225209339563146,1.0,6.123233995736766e-17,0.0,0.0,0.0,4.7,9.0,100.0,75.0,-5.0,3.346638,0.0,-1.2,18.99444446,34.75,36.41666666666666,36.7,36.333333333333336,32.3,-18.120740746666662,0.1685184966666639,-0.5666666666666665,1.2866666666666666,0.508,18.73827161555556,1.17888888888889,5.4325304,5.55174,5.8282185,5.880645,5.259527,0,1.0,0,0.75,-0.94,23.6,76.4
2023-03-25 00:15:00,63.852445766668,36.972687683334,36.982965088888,18.99444446,0.508,32.3,1,5.1764362714980825,70.66250196097344,0,5,3,0.0,1.0,-0.9749279121818236,-0.2225209339563146,1.0,6.123233995736766e-17,0.0,0.0,0.0,5.625,9.8,100.0,75.0,-5.1,3.3234134,0.0,-1.3,18.874074086666667,33.666666666666664,34.75,36.41666666666666,36.7,32.0,-18.48644446,0.1537037133333356,-0.212,0.7200000000000001,0.7806666666666666,18.83580248555556,0.8382222222222232,5.259527,5.4325304,5.55174,5.8282185,5.1737714,0,0.0,1,1.0,-0.91,22.5,77.5
2023-03-25 00:30:00,164.33037102222,133.480493916666,133.501604238886,18.874074086666667,0.7806666666666666,32.0,2,5.1764362714980825,70.66250196097344,0,5,3,0.0,1.0,-0.9749279121818236,-0.2225209339563146,1.0,6.123233995736766e-17,0.0,0.0,0.0,6.55,10.6,100.0,75.0,-5.2,3.3003302,0.0,-1.4,19.13333332,32.3,33.666666666666664,34.75,36.41666666666666,31.25,-18.09340742,-0.1203703733333334,0.2726666666666666,0.508,0.8599999999999999,18.90308643111111,0.6695555555555565,5.1737714,5.259527,5.4325304,5.55174,5.1304145,0,0.0,1,1.0,-0.94,23.6,76.4
2023-03-25 00:45:00,44.295450494438,0.0,0.0,19.13333332,0.8599999999999999,31.25,0,5.1764362714980825,70.66250196097344,0,5,3,0.0,1.0,-0.9749279121818236,-0.2225209339563146,1.0,6.123233995736766e-17,0.0,0.0,0.0,7.475,11.4,100.0,75.0,-5.300000000000001,3.2773876,0.0,-1.5,18.95370369,32.0,32.3,33.666666666666664,34.75,30.53333333333333,-18.273333320000003,0.259259233333335,0.0793333333333332,0.7806666666666666,0.9646666666666666,19.00061728888889,0.716222222222223,5.1304145,5.1737714,5.259527,5.4325304,4.959911,1,1.0,1,0.75,-0.88,21.5,78.5
2023-03-25 01:00:00,116.312847266668,95.342575027778,95.361185466664,18.95370369,0.9646666666666666,30.53333333333333,2,5.1764362714980825,70.66250196097344,1,5,3,0.2588190451025207,0.9659258262890684,-0.9749279121818236,-0.2225209339563146,1.0,6.123233995736766e-17,0.0,0.0,0.0,8.4,12.2,100.0,75.0,-5.4,3.2545853,0.0,-1.6,19.00555557,31.25,32.0,32.3,33.666666666666664,30.4,-17.989037023333335,-0.1796296300000008,0.1046666666666666,0.8599999999999999,0.77,18.987037032222226,0.8684444444444451,4.959911,5.1304145,5.1737714,5.259527,4.9533916,0,1.0,1,0.75,-0.93,23.2,76.8
2023-03-25 01:15:00,113.45962818333,83.621932772222,83.638321016666,19.00555557,0.77,30.4,2,5.1764362714980825,70.66250196097344,1,5,3,0.2588190451025207,0.9659258262890684,-0.9749279121818236,-0.2225209339563146,1.0,6.123233995736766e-17,0.0,0.0,0.0,8.025,12.925,100.0,75.25,-5.4,3.2654338,0.0,-1.6,19.109259233333333,30.53333333333333,31.25,32.0,32.3,29.566666666666663,-18.23555557,0.0518518800000009,-0.1946666666666665,0.9646666666666666,0.6893333333333334,19.030864193333333,0.8648888888888897,4.9533916,4.959911,5.1304145,5.1737714,4.847171,0,1.0,0,0.75,-0.92,22.8,77.2
2023-03-25 01:30:00,69.424167372222,28.020823572222,28.03082322222,19.109259233333333,0.6893333333333334,29.566666666666663,1,5.1764362714980825,70.66250196097344,1,5,3,0.2588190451025207,0.9659258262890684,-0.9749279121818236,-0.2225209339563146,1.0,6.123233995736766e-17,0.0,0.0,0.0,7.65,13.65,100.0,75.5,-5.4,3.2762825,0.0,-1.6,18.89444441,30.4,30.53333333333333,31.25,32.0,29.85,-18.4199259,0.1037036633333308,-0.0806666666666666,0.77,0.986,19.02283949777778,0.8080000000000008,4.847171,4.9533916,4.959911,5.1304145,4.83197,0,1.0,1,0.75,-0.9,22.0,78.0
2023-03-25 01:45:00,169.019905716662,132.3722049,132.395537349998,18.89444441,0.986,29.85,2,5.1764362714980825,70.66250196097344,1,5,3,0.2588190451025207,0.9659258262890684,-0.9749279121818236,-0.2225209339563146,1.0,6.123233995736766e-17,0.0,0.0,0.0,7.275,14.375,100.0,75.75,-5.4,3.287131,0.0,-1.6,19.13333331666667,29.566666666666663,30.4,30.53333333333333,31.25,29.633333333333333,-17.90844441,-0.2148148233333309,0.2966666666666667,0.6893333333333334,0.9866666666666668,19.00308640444445,0.8151111111111121,4.83197,4.847171,4.9533916,4.959911,4.8650007,0,0.0,1,1.0,-0.95,23.9,76.1
2023-03-25 02:00:00,98.675775094442,23.386009005554,23.394064266664003,19.13333331666667,0.9866666666666668,29.633333333333333,1,5.1764362714980825,70.66250196097344,2,5,3,0.4999999999999999,0.8660254037844387,-0.9749279121818236,-0.2225209339563146,1.0,6.123233995736766e-17,0.0,0.0,0.0,6.9,15.1,100.0,76.0,-5.4,3.2979798,0.0,-1.6,19.0333333,29.85,29.566666666666663,30.4,30.53333333333333,29.05,-18.14666665,0.2388889066666664,0.0006666666666665,0.986,0.8753333333333333,19.04567898666667,0.8873333333333343,4.8650007,4.83197,4.847171,4.9533916,4.7411857,0,0.0,1,1.0,-0.89,21.8,78.2
2023-03-25 02:15:00,454.457376577776,98.352454644444,98.366065266664,19.0333333,0.8753333333333333,29.05,2,5.1764362714980825,70.66250196097344,2,5,3,0.4999999999999999,0.8660254037844387,-0.9749279121818236,-0.2225209339563146,1.0,6.123233995736766e-17,0.0,0.0,0.0,7.425000000000001,14.375,100.0,75.75,-5.4,3.2928758,0.0,-1.5750000000000002,19.11851850333333,29.633333333333333,29.85,29.566666666666663,30.4,29.28333333333333,-18.157999966666665,-0.1000000166666694,-0.1113333333333334,0.9866666666666668,0.8926666666666667,19.020370342222225,0.9493333333333344,4.7411857,4.8650007,4.83197,4.847171,4.8033423,0,0.0,1,1.0,-0.92,22.8,77.2
2023-03-25 02:30:00,124.771953355556,83.83692413889,83.852756855556,19.11851850333333,0.8926666666666667,29.28333333333333,2,5.1764362714980825,70.66250196097344,2,5,3,0.4999999999999999,0.8660254037844387,-0.9749279121818236,-0.2225209339563146,1.0,6.123233995736766e-17,0.0,0.0,0.0,7.95,13.65,100.0,75.5,-5.4,3.2877417,0.0,-1.55,19.2222222,29.05,29.633333333333333,29.85,29.566666666666663,28.7,-18.225851836666667,0.0851852033333351,0.0173333333333334,0.8753333333333333,0.7853333333333333,19.09506170666667,0.918222222222223,4.8033423,4.7411857,4.8650007,4.83197,4.7365203,0,0.0,0,1.0,-0.9,22.0,78.0
2023-03-25 02:45:00,72.243221272222,29.596593872222,29.606315716666003,19.2222222,0.7853333333333333,28.7,1,5.1764362714980825,70.66250196097344,2,5,3,0.4999999999999999,0.8660254037844387,-0.9749279121818236,-0.2225209339563146,1.0,6.123233995736766e-17,0.0,0.0,0.0,8.475,12.925,100.0,75.25,-5.4,3.2825794,0.0,-1.525,18.951851856666668,29.28333333333333,29.05,29.633333333333333,29.85,29.15,-18.436888866666663,0.1037036966666633,-0.1073333333333333,0.8926666666666667,0.7739999999999999,19.12469133444445,0.8511111111111119,4.7365203,4.8033423,4.7411857,4.8650007,4.7346826,0,0.0,1,1.0,-0.88,21.2,78.8
2023-03-25 03:00:00,179.860027577776,133.36438746111,133.386053327774,18.951851856666668,0.7739999999999999,29.15,2,5.1764362714980825,70.66250196097344,3,5,3,0.7071067811865476,0.7071067811865476,-0.9749279121818236,-0.2225209339563146,1.0,6.123233995736766e-17,0.0,0.0,0.0,9.0,12.2,100.0,75.0,-5.4,3.2773876,0.0,-1.5,19.17222224,28.7,29.28333333333333,29.05,29.633333333333333,29.15,-18.177851856666667,-0.2703703433333295,-0.0113333333333334,0.7853333333333333,0.7153333333333334,19.097530853333332,0.8173333333333342,4.7346826,4.7365203,4.8033423,4.7411857,4.7966332,0,0.0,1,1.0,-0.94,23.5,76.5
2023-03-25 03:15:00,43.981573950002,0.0,0.0,19.17222224,0.7153333333333334,29.15,0,5.1764362714980825,70.66250196097344,3,5,3,0.7071067811865476,0.7071067811865476,-0.9749279121818236,-0.2225209339563146,1.0,6.123233995736766e-17,0.0,0.0,0.0,9.0,13.2,100.0,75.25,-5.375,3.2825794,0.0,-1.525,19.00925929,29.15,28.7,29.28333333333333,29.05,29.0,-18.456888906666663,0.2203703833333321,-0.0586666666666665,0.7739999999999999,0.92,19.11543209888889,0.7582222222222231,4.7966332,4.7346826,4.7365203,4.8033423,4.7263074,1,1.0,1,0.75,-0.89,21.6,78.4
2023-03-25 03:30:00,120.394906111116,98.8102141,98.828268944444,19.00925929,0.92,29.0,2,5.1764362714980825,70.66250196097344,3,5,3,0.7071067811865476,0.7071067811865476,-0.9749279121818236,-0.2225209339563146,1.0,6.123233995736766e-17,0.0,0.0,0.0,9.0,14.2,100.0,75.5,-5.35,3.2877417,0.0,-1.55,19.10000002,29.15,29.15,28.7,29.28333333333333,28.95,-18.08925929,-0.1629629500000007,0.2046666666666665,0.7153333333333334,1.0206666666666666,19.044444462222227,0.8031111111111119,4.7263074,4.7966332,4.7346826,4.7365203,4.743482,0,1.0,1,0.75,-0.92,23.0,77.0
2023-03-25 03:45:00,133.63937646111,92.1221483,92.138814333332,19.10000002,1.0206666666666666,28.95,2,5.1764362714980825,70.66250196097344,3,5,3,0.7071067811865476,0.7071067811865476,-0.9749279121818236,-0.2225209339563146,1.0,6.123233995736766e-17,0.0,0.0,0.0,9.0,15.2,100.0,75.75,-5.325,3.2928758,0.0,-1.5750000000000002,19.22037037,29.0,29.15,29.15,28.7,28.53333333333333,-18.07933335333333,0.0907407300000002,0.1006666666666666,0.92,0.9006666666666667,19.09382718333333,0.8853333333333341,4.743482,4.7263074,4.7966332,4.7346826,4.708502,0,1.0,0,0.75,-0.9,22.2,77.8
2023-03-25 04:00:00,62.931649250002,34.602226988888,34.613337677776,19.22037037,0.9006666666666667,28.53333333333333,1,5.1764362714980825,70.66250196097344,4,5,3,0.8660254037844386,0.5000000000000001,-0.9749279121818236,-0.2225209339563146,1.0,6.123233995736766e-17,0.0,0.0,0.0,9.0,16.2,100.0,76.0,-5.3,3.2979798,0.0,-1.6,19.0111111,28.95,29.0,29.15,29.15,28.8,-18.31970370333333,0.1203703500000017,-0.1199999999999998,1.0206666666666666,0.368,19.10987656,0.947111111111112,4.708502,4.743482,4.7263074,4.7966332,4.694225,0,1.0,1,0.75,-0.88,21.3,78.7
2023-03-25 04:15:00,163.383464300004,142.922616183334,142.945948583334,19.0111111,0.368,28.8,2,5.1764362714980825,70.66250196097344,4,5,3,0.8660254037844386,0.5000000000000001,-0.9749279121818236,-0.2225209339563146,1.0,6.123233995736766e-17,0.0,0.0,0.0,9.55,17.55,100.0,74.75,-5.275,3.3008144,0.0,-1.35,19.27592592333333,28.53333333333333,28.95,29.0,29.15,28.35,-18.6431111,-0.2092592700000004,-0.5326666666666666,0.9006666666666667,0.0986666666666666,19.11049383,0.7631111111111121,4.694225,4.708502,4.743482,4.7263074,4.693582,0,0.0,1,1.0,-0.92,23.0,77.0
2023-03-25 04:30:00,64.394924116666,18.740917,18.74786122222,19.27592592333333,0.0986666666666666,28.35,1,5.1764362714980825,70.66250196097344,4,5,3,0.8660254037844386,0.5000000000000001,-0.9749279121818236,-0.2225209339563146,1.0,6.123233995736766e-17,0.0,0.0,0.0,10.1,18.9,100.0,73.5,-5.25,3.3026052,0.0,-1.1,19.09444443,28.8,28.53333333333333,28.95,29.0,28.05,-19.177259256666662,0.2648148233333316,-0.2693333333333333,0.368,0.074,19.16913579777778,0.4557777777777787,4.693582,4.694225,4.708502,4.743482,4.594511,0,0.0,1,1.0,-0.87,20.8,79.2
2023-03-25 04:45:00,111.320824755556,86.04628021111199,86.06044636111,19.09444443,0.074,28.05,2,5.1764362714980825,70.66250196097344,4,5,3,0.8660254037844386,0.5000000000000001,-0.9749279121818236,-0.2225209339563146,1.0,6.123233995736766e-17,0.0,0.0,0.0,10.65,20.25,100.0,72.25,-5.225,3.3033202,0.0,-0.8500000000000001,19.09074070333333,28.35,28.8,28.53333333333333,28.95,28.28333333333333,-19.02044443,-0.181481493333333,-0.0246666666666666,0.0986666666666666,0.2006666666666667,19.127160484444445,0.1802222222222231,4.594511,4.693582,4.694225,4.708502,4.6317196,0,0.0,1,1.0,-0.91,22.5,77.5
2023-03-25 05:00:00,123.381175705554,102.086749716666,102.103971244444,19.09074070333333,0.2006666666666667,28.28333333333333,2,5.1764362714980825,70.66250196097344,5,5,3,0.9659258262890684,0.2588190451025207,-0.9749279121818236,-0.2225209339563146,1.0,6.123233995736766e-17,0.0,0.0,0.0,11.2,21.6,100.0,71.0,-5.2,3.302923,0.0,-0.6,19.26111111,28.05,28.35,28.8,28.53333333333333,28.0,-18.890074036666665,-0.0037037266666679,0.1266666666666666,0.074,0.2813333333333334,19.15370368555556,0.1244444444444453,4.6317196,4.594511,4.693582,4.694225,4.6315937,0,0.0,0,1.0,-0.91,22.4,77.6
2023-03-25 05:15:00,79.811529694442,33.634765655556,33.643654216666,19.26111111,0.2813333333333334,28.0,1,5.1764362714980825,70.66250196097344,5,5,3,0.9659258262890684,0.2588190451025207,-0.9749279121818236,-0.2225209339563146,1.0,6.123233995736766e-17,0.0,0.0,0.0,11.275,21.775,100.0,70.25,-5.175,3.307853,0.0,-0.425,19.0074074,28.28333333333333,28.05,28.35,28.8,28.183333333333334,-18.97977777666667,0.1703704066666702,0.0806666666666666,0.2006666666666667,0.5446666666666666,19.148765414444444,0.1853333333333342,4.6315937,4.6317196,4.594511,4.693582,4.592708,0,0.0,1,1.0,-0.87,21.0,79.0
2023-03-25 05:30:00,150.748136533332,129.157889027778,129.178999316666,19.0074074,0.5446666666666666,28.183333333333334,2,5.1764362714980825,70.66250196097344,5,5,3,0.9659258262890684,0.2588190451025207,-0.9749279121818236,-0.2225209339563146,1.0,6.123233995736766e-17,0.0,0.0,0.0,11.35,21.950000000000003,100.0,69.5,-5.15,3.3123531,0.0,-0.25,19.22777777,28.0,28.28333333333333,28.05,28.35,28.15,-18.46274073333333,-0.2537037100000034,0.2633333333333332,0.2813333333333334,0.8946666666666666,19.119753071111116,0.3422222222222231,4.592708,4.6315937,4.6317196,4.594511,4.647271,0,0.0,1,1.0,-0.93,23.2,76.8
2023-03-25 05:45:00,41.98165391667,21.308869811112,21.318869411112,19.22777777,0.8946666666666666,28.15,1,5.1764362714980825,70.66250196097344,5,5,3,0.9659258262890684,0.2588190451025207,-0.9749279121818236,-0.2225209339563146,1.0,6.123233995736766e-17,0.0,0.0,0.0,11.425,22.125,100.0,68.75,-5.125,3.3164136,0.0,-0.075,19.06481479,28.183333333333334,28.0,28.28333333333333,28.05,28.0,-18.333111103333334,0.2203703700000012,0.35,0.5446666666666666,0.8866666666666666,19.165432093333337,0.5735555555555564,4.647271,4.592708,4.6315937,4.6317196,4.5783134,0,0.0,1,1.0,-0.88,21.3,78.7
2023-03-25 06:00:00,138.32918894444,94.468443311112,94.484831605554,19.06481479,0.8866666666666666,28.0,2,5.1764362714980825,70.66250196097344,6,5,3,1.0,6.123233995736766e-17,-0.9749279121818236,-0.2225209339563146,1.0,6.123233995736766e-17,0.0,0.0,0.0,11.5,22.3,100.0,68.0,-5.1,3.3200238,0.0,0.1,19.11111112,28.15,28.183333333333334,28.0,28.28333333333333,28.25,-18.178148123333333,-0.1629629799999996,-0.008,0.8946666666666666,0.9446666666666668,19.09999998666667,0.7753333333333341,4.5783134,4.647271,4.592708,4.6315937,4.6318207,0,0.0,1,1.0,-0.92,22.7,77.3
2023-03-25 06:15:00,96.56474833889,73.57844562777801,73.5945561,19.11111112,0.9446666666666668,28.25,2,5.1764362714980825,70.66250196097344,6,5,3,1.0,6.123233995736766e-17,-0.9749279121818236,-0.2225209339563146,1.0,6.123233995736766e-17,0.0,0.0,0.0,11.175,22.675,100.0,66.75,-5.1,3.315513,0.0,0.35,19.148148146666664,28.0,28.15,28.183333333333334,28.0,27.75,-18.16644445333333,0.0462963300000005,0.058,0.8866666666666666,1.2406666666666666,19.134567893333333,0.9086666666666676,4.6318207,4.5783134,4.647271,4.592708,4.559788,0,0.0,0,1.0,-0.9,22.3,77.7
2023-03-25 06:30:00,68.982518372222,48.509726216666,48.52111466111,19.148148146666664,1.2406666666666666,27.75,1,5.1764362714980825,70.66250196097344,6,5,3,1.0,6.123233995736766e-17,-0.9749279121818236,-0.2225209339563146,1.0,6.123233995736766e-17,0.0,0.0,0.0,10.85,23.05,100.0,65.5,-5.1,3.3097265,0.0,0.6,18.99444443,28.25,28.0,28.15,28.183333333333334,28.0,-17.907481479999998,0.0370370266666633,0.2959999999999999,0.9446666666666668,1.406,19.10802468555556,1.024000000000001,4.559788,4.6318207,4.5783134,4.647271,4.559343,0,0.0,1,1.0,-0.9,22.0,78.0
2023-03-25 06:45:00,149.66206894444,108.088731844444,108.109286638886,18.99444443,1.406,28.0,2,5.1764362714980825,70.66250196097344,6,5,3,1.0,6.123233995736766e-17,-0.9749279121818236,-0.2225209339563146,1.0,6.123233995736766e-17,0.0,0.0,0.0,10.525,23.425,100.0,64.25,-5.1,3.302628,0.0,0.85,19.14444443,27.75,28.25,28.0,28.15,28.0,-17.58844443,-0.1537037166666657,0.1653333333333333,1.2406666666666666,1.4746666666666668,19.08456789888889,1.197111111111112,4.559343,4.559788,4.6318207,4.5783134,4.5998626,0,0.0,1,1.0,-0.93,23.4,76.6
2023-03-25 07:00:00,104.25805176111,79.49598669999999,79.512374944444,19.14444443,1.4746666666666668,28.0,2,5.1764362714980825,70.66250196097344,7,5,3,0.9659258262890684,-0.2588190451025206,-0.9749279121818236,-0.2225209339563146,1.0,6.123233995736766e-17,0.0,0.0,0.0,10.2,23.8,100.0,63.0,-5.1,3.2941778,0.0,1.1,19.15000001,28.0,27.75,28.25,28.0,27.7,-17.669777763333332,0.1500000000000021,0.0686666666666668,1.406,1.5033333333333334,19.095679002222223,1.3737777777777789,4.5998626,4.559343,4.559788,4.6318207,4.552069,0,0.0,0,1.0,-0.9,22.0,78.0
2023-03-25 07:15:00,273.356565283334,28.497748911112,28.511081711112,19.15000001,1.5033333333333334,27.7,1,5.1764362714980825,70.66250196097344,7,5,3,0.9659258262890684,-0.2588190451025206,-0.9749279121818236,-0.2225209339563146,1.0,6.123233995736766e-17,2.25,0.5625,0.1875,10.8,24.05,100.0,62.0,-4.9,3.3371565,0.0,1.525,18.937037036666663,28.0,28.0,27.75,28.25,27.966666666666665,-17.646666676666666,0.0055555799999993,0.0286666666666666,1.4746666666666668,1.8173333333333328,19.09629629,1.4613333333333345,4.552069,4.5998626,4.559343,4.559788,4.5385065,0,0.0,1,1.0,-0.9,22.0,78.0
2023-03-25 07:30:00,174.600238011108,130.448670744444,130.471447633332,18.937037036666663,1.8173333333333328,27.966666666666665,2,5.1764362714980825,70.66250196097344,7,5,3,0.9659258262890684,-0.2588190451025206,-0.9749279121818236,-0.2225209339563146,1.0,6.123233995736766e-17,4.5,1.6875,0.5625,11.4,24.3,100.0,61.0,-4.699999999999999,3.3794663,0.0,1.95,19.18888892,27.7,28.0,28.0,27.75,27.65,-17.119703703333332,-0.2129629733333331,0.3139999999999998,1.5033333333333334,2.146666666666667,19.077160492222223,1.5984444444444454,4.5385065,4.552069,4.5998626,4.559343,4.554279,0,0.0,1,1.0,-0.95,23.9,76.1
2023-03-25 07:45:00,40.45504831667,13.457239472222,13.466405772222,19.18888892,2.146666666666667,27.65,1,5.1764362714980825,70.66250196097344,7,5,3,0.9659258262890684,-0.2588190451025206,-0.9749279121818236,-0.2225209339563146,1.0,6.123233995736766e-17,6.75,3.375,1.125,12.0,24.55,100.0,60.0,-4.5,3.421042,0.0,2.375,19.00925929,27.966666666666665,27.7,28.0,28.0,27.683333333333334,-17.042222253333332,0.2518518833333338,0.3293333333333337,1.8173333333333328,2.488,19.091975322222225,1.8224444444444452,4.554279,4.5385065,4.552069,4.5998626,4.511722,0,0.0,1,1.0,-0.89,21.7,78.3
2023-03-25 08:00:00,128.509859433332,94.773153372222,94.789263894442,19.00925929,2.488,27.683333333333334,2,5.1764362714980825,70.66250196097344,8,5,3,0.8660254037844387,-0.4999999999999998,-0.9749279121818236,-0.2225209339563146,1.0,6.123233995736766e-17,9.0,5.625,1.875,12.6,24.8,100.0,59.0,-4.3,3.461813,0.0,2.8,19.005555590000004,27.65,27.966666666666665,27.7,28.0,28.4,-16.52125929,-0.1796296300000008,0.341333333333333,2.146666666666667,2.515333333333333,19.045061748888887,2.1506666666666674,4.511722,4.554279,4.5385065,4.552069,4.627511,0,0.0,1,1.0,-0.93,23.3,76.7
2023-03-25 08:15:00,153.86440077777598,38.566512811112,38.584567688888,19.005555590000004,2.515333333333333,28.4,1,5.1764362714980825,70.66250196097344,8,5,3,0.8660254037844387,-0.4999999999999998,-0.9749279121818236,-0.2225209339563146,1.0,6.123233995736766e-17,18.0,9.5625,3.375,13.125,26.25,100.0,69.0,-2.9,3.9608493,0.325,2.475,18.95370374,27.683333333333334,27.65,27.966666666666665,27.7,28.966666666666665,-16.49022225666667,-0.0037036999999955,0.0273333333333329,2.488,2.6526666666666667,19.06790126666667,2.383333333333334,4.627511,4.511722,4.554279,4.5385065,4.705418,0,0.0,1,1.0,-0.93,23.2,76.8
2023-03-25 08:30:00,100.489313483338,55.798601283334,55.814711722224,18.95370374,2.6526666666666667,28.966666666666665,1,5.1764362714980825,70.66250196097344,8,5,3,0.8660254037844387,-0.4999999999999998,-0.9749279121818236,-0.2225209339563146,1.0,6.123233995736766e-17,27.0,15.1875,5.625,13.65,27.700000000000003,100.0,79.0,-1.5,4.4363737,0.65,2.15,18.88333335,28.4,27.683333333333334,27.65,27.966666666666665,29.0,-16.301037073333333,-0.0518518500000055,0.1373333333333337,2.515333333333333,2.536,18.989506206666665,2.552000000000001,4.705418,4.627511,4.511722,4.554279,4.691296,0,0.0,0,1.0,-0.94,23.5,76.5
2023-03-25 08:45:00,133.901310433332,102.24563226111,102.268409149998,18.88333335,2.536,29.0,2,5.1764362714980825,70.66250196097344,8,5,3,0.8660254037844387,-0.4999999999999998,-0.9749279121818236,-0.2225209339563146,1.0,6.123233995736766e-17,36.0,22.5,8.625,14.175,29.15,100.0,89.0,-0.1000000000000005,4.889075,0.975,1.825,19.06666667,28.966666666666665,28.4,27.683333333333334,27.65,29.0,-16.347333349999996,-0.0703703900000007,-0.1166666666666667,2.6526666666666667,2.572666666666667,18.947530893333333,2.568000000000001,4.691296,4.705418,4.627511,4.511722,4.7423425,0,0.0,1,1.0,-0.95,24.2,75.8
2023-03-25 09:00:00,50.401317216666,0.0,0.0,19.06666667,2.572666666666667,29.0,0,5.1764362714980825,70.66250196097344,9,5,3,0.7071067811865476,-0.7071067811865475,-0.9749279121818236,-0.2225209339563146,1.0,6.123233995736766e-17,45.0,31.5,12.375,14.7,30.6,100.0,99.0,1.3,5.31963,1.3,1.5,18.80555553,29.0,28.966666666666665,28.4,27.683333333333334,29.4,-16.494000003333333,0.1833333200000027,0.036666666666667,2.536,2.719333333333333,18.96790125333333,2.587111111111112,4.7423425,4.691296,4.705418,4.627511,4.734195,1,1.0,1,0.75,-0.91,22.5,77.5
2023-03-25 09:15:00,143.339266233332,100.586531944444,100.608753288888,18.80555553,2.719333333333333,29.4,2,5.1764362714980825,70.66250196097344,9,5,3,0.7071067811865476,-0.7071067811865475,-0.9749279121818236,-0.2225209339563146,1.0,6.123233995736766e-17,41.75,37.4375,15.854166666666666,15.725,33.125,100.0,99.0,1.4,5.346837,1.45,1.575,18.93888891,29.0,29.0,28.966666666666665,28.4,29.78333333333333,-16.086222196666668,-0.2611111400000006,0.146666666666666,2.572666666666667,2.824,18.918518516666666,2.609333333333334,4.734195,4.7423425,4.691296,4.705418,4.8338494,0,1.0,1,0.75,-0.97,24.8,75.2
2023-03-25 09:30:00,77.617450694446,44.317949427778,44.3340599,18.93888891,2.824,29.78333333333333,1,5.1764362714980825,70.66250196097344,9,5,3,0.7071067811865476,-0.7071067811865475,-0.9749279121818236,-0.2225209339563146,1.0,6.123233995736766e-17,38.5,40.3125,19.0625,16.75,35.650000000000006,100.0,99.0,1.5,5.3741655,1.6,1.65,18.9277778,29.4,29.0,29.0,28.966666666666665,29.85,-16.114888909999998,0.1333333799999998,0.1046666666666666,2.719333333333333,2.95,18.937037036666663,2.7053333333333343,4.8338494,4.734195,4.7423425,4.691296,4.8414936,0,1.0,1,0.75,-0.94,23.5,76.5
2023-03-25 09:45:00,103.76862683889,58.733761672222,58.750427655556,18.9277778,2.95,29.85,1,5.1764362714980825,70.66250196097344,9,5,3,0.7071067811865476,-0.7071067811865475,-0.9749279121818236,-0.2225209339563146,1.0,6.123233995736766e-17,35.25,40.125,22.0,17.775,38.175,100.0,99.0,1.6,5.4016166,1.75,1.725,18.887037066666668,29.78333333333333,29.4,29.0,29.0,30.0,-15.977777800000002,-0.011111109999998,0.1260000000000003,2.824,3.127333333333333,18.89074074666667,2.831111111111112,4.8414936,4.8338494,4.734195,4.7423425,4.8541274,0,1.0,0,0.75,-0.94,23.6,76.4
2023-03-25 10:00:00,117.271420138886,74.741454672222,74.7603428,18.887037066666668,3.127333333333333,30.0,2,5.1764362714980825,70.66250196097344,10,5,3,0.4999999999999999,-0.8660254037844387,-0.9749279121818236,-0.2225209339563146,1.0,6.123233995736766e-17,32.0,36.875,24.666666666666668,18.8,40.7,100.0,99.0,1.7,5.4291906,1.9,1.8,18.99444446,29.85,29.78333333333333,29.4,29.0,30.05,-15.759703733333335,-0.0407407333333331,0.1773333333333333,2.95,3.372666666666667,18.91790125888889,2.9671111111111124,4.8541274,4.8414936,4.8338494,4.734195,4.8931518,0,0.0,1,1.0,-0.95,23.9,76.1
2023-03-25 10:15:00,68.313656227778,32.74563453889,32.760911727778,18.99444446,3.372666666666667,30.05,1,5.1764362714980825,70.66250196097344,10,5,3,0.4999999999999999,-0.8660254037844387,-0.9749279121818236,-0.2225209339563146,1.0,6.123233995736766e-17,33.75,34.875,27.291666666666668,18.775,40.425,100.0,99.0,1.8,5.466148,1.85,1.9,18.8537037,30.0,29.85,29.78333333333333,29.4,30.466666666666665,-15.621777793333331,0.1074073933333323,0.2453333333333334,3.127333333333333,3.575333333333333,18.93641977555556,3.150000000000001,4.8931518,4.8541274,4.8414936,4.8338494,4.9199376,0,0.0,1,1.0,-0.92,22.9,77.1
2023-03-25 10:30:00,144.172844005554,101.3726116,101.393721872222,18.8537037,3.575333333333333,30.466666666666665,2,5.1764362714980825,70.66250196097344,10,5,3,0.4999999999999999,-0.8660254037844387,-0.9749279121818236,-0.2225209339563146,1.0,6.123233995736766e-17,35.5,34.125,29.875,18.75,40.150000000000006,100.0,99.0,1.9,5.503325,1.7999999999999998,2.0,18.99444446,30.05,30.0,29.85,29.78333333333333,30.55,-15.278370366666664,-0.1407407600000034,0.2026666666666665,3.372666666666667,3.771333333333333,18.91172840888889,3.3584444444444457,4.9199376,4.8931518,4.8541274,4.8414936,4.974569,0,0.0,1,1.0,-0.95,24.1,75.9
2023-03-25 10:45:00,50.38326225556,0.0,0.0,18.99444446,3.771333333333333,30.55,0,5.1764362714980825,70.66250196097344,10,5,3,0.4999999999999999,-0.8660254037844387,-0.9749279121818236,-0.2225209339563146,1.0,6.123233995736766e-17,37.25,34.625,32.416666666666664,18.725,39.875,100.0,99.0,2.0,5.540724,1.75,2.1,18.81666667,30.466666666666665,30.05,30.0,29.85,30.966666666666665,-15.223111126666668,0.1407407600000034,0.1959999999999997,3.575333333333333,3.5900000000000003,18.94753087333333,3.573111111111112,4.974569,4.9199376,4.8931518,4.8541274,4.9897466,1,1.0,1,0.75,-0.92,22.8,77.2
2023-03-25 11:00:00,156.435409016666,116.810049644444,116.833937572222,18.81666667,3.5900000000000003,30.966666666666665,2,5.1764362714980825,70.66250196097344,11,5,3,0.258819045102521,-0.9659258262890682,-0.9749279121818236,-0.2225209339563146,1.0,6.123233995736766e-17,39.0,36.375,34.916666666666664,18.7,39.6,100.0,99.0,2.1,5.578344,1.7,2.2,19.01111109,30.55,30.466666666666665,30.05,30.0,31.0,-15.22666667,-0.1777777900000003,-0.1813333333333329,3.771333333333333,3.46,18.88827161,3.645555555555557,4.9897466,4.974569,4.9199376,4.8931518,5.0528116,0,1.0,1,0.75,-0.96,24.4,75.6
2023-03-25 11:15:00,66.57289247778,18.502315411112,18.515370472222,19.01111109,3.46,31.0,1,5.1764362714980825,70.66250196097344,11,5,3,0.258819045102521,-0.9659258262890682,-0.9749279121818236,-0.2225209339563146,1.0,6.123233995736766e-17,39.25,37.75,36.6875,19.6,41.4,100.0,95.75,1.775,5.4686384,1.35,2.4000000000000004,18.894444426666663,30.966666666666665,30.55,30.466666666666665,30.05,31.183333333333334,-15.55111109,0.1944444199999999,-0.1300000000000003,3.5900000000000003,3.412,18.94074074,3.607111111111113,5.0528116,4.9897466,4.974569,4.9199376,5.047803,0,1.0,1,0.75,-0.91,22.6,77.4
2023-03-25 11:30:00,121.733741522224,83.245558944444,83.2666692,18.894444426666663,3.412,31.183333333333334,2,5.1764362714980825,70.66250196097344,11,5,3,0.258819045102521,-0.9659258262890682,-0.9749279121818236,-0.2225209339563146,1.0,6.123233995736766e-17,39.5,38.75,37.72916666666666,20.5,43.2,100.0,92.5,1.4500000000000002,5.3547926,1.0,2.6,19.01666667,31.0,30.966666666666665,30.55,30.466666666666665,31.45,-15.482444426666667,-0.1166666633333335,-0.048,3.46,3.551333333333333,18.907407395555555,3.4873333333333343,5.047803,5.0528116,4.9897466,4.974569,5.12784,0,1.0,1,0.75,-0.94,23.6,76.4
2023-03-25 11:45:00,112.162457788888,62.99053586111,63.008312916666,19.01666667,3.551333333333333,31.45,1,5.1764362714980825,70.66250196097344,11,5,3,0.258819045102521,-0.9659258262890682,-0.9749279121818236,-0.2225209339563146,1.0,6.123233995736766e-17,39.75,39.375,38.04166666666666,21.4,45.0,100.0,89.25,1.125,5.2367263,0.6500000000000001,2.8,19.06111113333333,31.183333333333334,31.0,30.966666666666665,30.55,31.216666666666665,-15.465333336666664,0.1222222433333328,0.1393333333333335,3.412,3.848,18.974074062222225,3.4744444444444453,5.12784,5.047803,5.0528116,4.9897466,5.10316,0,0.0,1,1.0,-0.91,22.5,77.5
2023-03-25 12:00:00,351.550104166664,35.308865355556,35.323864772222,19.06111113333333,3.848,31.216666666666665,1,5.1764362714980825,70.66250196097344,12,5,3,1.2246467991473532e-16,-1.0,-0.9749279121818236,-0.2225209339563146,1.0,6.123233995736766e-17,40.0,39.625,37.625,22.3,46.8,100.0,86.0,0.8,5.1143565,0.3,3.0,18.87777776,31.45,31.183333333333334,31.0,30.966666666666665,31.9,-15.213111133333337,0.0444444633333347,0.2966666666666664,3.551333333333333,4.277333333333333,18.990740743333337,3.603777777777778,5.10316,5.12784,5.047803,5.0528116,5.158732,0,0.0,0,1.0,-0.9,22.1,77.9
2023-03-25 12:15:00,160.934395816662,124.575572327778,124.6008491,18.87777776,4.277333333333333,31.9,2,5.1764362714980825,70.66250196097344,12,5,3,1.2246467991473532e-16,-1.0,-0.9749279121818236,-0.2225209339563146,1.0,6.123233995736766e-17,74.75,48.5,40.375,21.05,47.525,100.0,85.5,1.0,5.170662,1.7000000000000002,3.25,19.112962966666664,31.216666666666665,31.45,31.183333333333334,31.0,32.28333333333333,-14.600444426666668,-0.1833333733333333,0.4293333333333331,3.848,4.616666666666666,18.985185187777777,3.892222222222223,5.158732,5.10316,5.12784,5.047803,5.293697,0,0.0,1,1.0,-0.94,23.6,76.4
2023-03-25 12:30:00,79.183221344448,26.213951383334,26.227284150002,19.112962966666664,4.616666666666666,32.28333333333333,1,5.1764362714980825,70.66250196097344,12,5,3,1.2246467991473532e-16,-1.0,-0.9749279121818236,-0.2225209339563146,1.0,6.123233995736766e-17,109.5,66.0,46.29166666666666,19.8,48.25,100.0,85.0,1.2000000000000002,5.2272253,3.1,3.5,18.96111113,31.9,31.216666666666665,31.45,31.183333333333334,32.05,-14.496296299999996,0.2351852066666637,0.3393333333333332,4.277333333333333,5.140666666666666,19.017283953333337,4.247333333333334,5.293697,5.158732,5.10316,5.12784,5.20856,0,0.0,1,1.0,-0.88,21.4,78.6
2023-03-25 12:45:00,90.349719216666,58.302112272222,58.320444855556,18.96111113,5.140666666666666,32.05,1,5.1764362714980825,70.66250196097344,12,5,3,1.2246467991473532e-16,-1.0,-0.9749279121818236,-0.2225209339563146,1.0,6.123233995736766e-17,144.25,92.125,55.375,18.55,48.975,100.0,84.5,1.4,5.28404,4.5,3.75,18.887037066666668,32.28333333333333,31.9,31.216666666666665,31.45,32.46666666666667,-13.820444463333333,-0.1518518366666654,0.524,4.616666666666666,5.544666666666667,18.98395061888889,4.678222222222224,5.20856,5.293697,5.158732,5.10316,5.2532454,0,0.0,0,1.0,-0.92,22.8,77.2
2023-03-25 13:00:00,175.761024827778,134.598504744444,134.627948049998,18.887037066666668,5.544666666666667,32.46666666666667,2,5.1764362714980825,70.66250196097344,13,5,3,-0.2588190451025208,-0.9659258262890684,-0.9749279121818236,-0.2225209339563146,1.0,6.123233995736766e-17,179.0,126.875,67.625,17.3,49.7,100.0,84.0,1.6,5.341099,5.9,4.0,19.18888892,32.05,32.28333333333333,31.9,31.216666666666665,32.15,-13.3423704,-0.074074063333331,0.4040000000000008,5.140666666666666,5.500666666666667,18.987037054444443,5.100666666666667,5.2532454,5.20856,5.293697,5.158732,5.295482,0,0.0,1,1.0,-0.93,23.4,76.6
2023-03-25 13:15:00,93.976518505558,19.598104927778,19.622270627778,19.18888892,5.500666666666667,32.15,1,5.1764362714980825,70.66250196097344,13,5,3,-0.2588190451025208,-0.9659258262890684,-0.9749279121818236,-0.2225209339563146,1.0,6.123233995736766e-17,160.25,148.25,78.16666666666667,16.4,48.625,100.0,85.0,1.75,5.4046836,4.9750000000000005,4.0,18.988888903333336,32.46666666666667,32.05,32.28333333333333,31.9,32.18333333333333,-13.688222253333333,0.3018518533333321,-0.0440000000000004,5.544666666666667,5.332666666666666,19.01234570555556,5.395333333333334,5.295482,5.2532454,5.20856,5.293697,5.238813,0,0.0,1,1.0,-0.87,20.8,79.2
2023-03-25 13:30:00,99.730177266668,65.70348283889,65.722648722224,18.988888903333336,5.332666666666666,32.18333333333333,1,5.1764362714980825,70.66250196097344,13,5,3,-0.2588190451025208,-0.9659258262890684,-0.9749279121818236,-0.2225209339563146,1.0,6.123233995736766e-17,141.5,156.25,87.0,15.5,47.55,100.0,86.0,1.9,5.468268,4.050000000000001,4.0,18.96666666,32.15,32.46666666666667,32.05,32.28333333333333,32.45,-13.65622223666667,-0.2000000166666637,-0.1680000000000001,5.500666666666667,5.399333333333333,19.02160496333333,5.459333333333334,5.238813,5.295482,5.2532454,5.20856,5.275295,0,0.0,0,1.0,-0.91,22.5,77.5
2023-03-25 13:45:00,107.837353049998,68.16810650000001,68.186716872222,18.96666666,5.399333333333333,32.45,1,5.1764362714980825,70.66250196097344,13,5,3,-0.2588190451025208,-0.9659258262890684,-0.9749279121818236,-0.2225209339563146,1.0,6.123233995736766e-17,122.75,150.875,94.125,14.6,46.475,100.0,87.0,2.0500000000000003,5.5318522,3.1250000000000004,4.0,19.074074076666665,32.18333333333333,32.15,32.46666666666667,32.05,32.03333333333333,-13.567333326666663,-0.0222222433333385,0.0666666666666664,5.332666666666666,5.446,19.04814816111111,5.410888888888889,5.275295,5.238813,5.295482,5.2532454,5.24067,0,0.0,0,1.0,-0.92,22.7,77.3
2023-03-25 14:00:00,68.877800411108,17.1943122,17.207367277776,19.074074076666665,5.446,32.03333333333333,1,5.1764362714980825,70.66250196097344,14,5,3,-0.4999999999999997,-0.8660254037844388,-0.9749279121818236,-0.2225209339563146,1.0,6.123233995736766e-17,104.0,132.125,99.54166666666669,13.7,45.4,100.0,88.0,2.2,5.5954366,2.2,4.0,18.88888886,32.45,32.18333333333333,32.15,32.46666666666667,32.35,-13.628074076666666,0.1074074166666676,0.0466666666666668,5.399333333333333,5.470666666666667,19.009876546666664,5.392666666666667,5.24067,5.275295,5.238813,5.295482,5.234939,0,0.0,0,1.0,-0.89,21.8,78.2
2023-03-25 14:15:00,148.149351638886,114.596527088888,114.621248333332,18.88888886,5.470666666666667,32.35,2,5.1764362714980825,70.66250196097344,14,5,3,-0.4999999999999997,-0.8660254037844388,-0.9749279121818236,-0.2225209339563146,1.0,6.123233995736766e-17,100.5,117.1875,104.64583333333331,14.15,41.975,100.0,85.75,2.1,5.553086,1.6750000000000005,4.275,19.06111113,32.03333333333333,32.45,32.18333333333333,32.15,32.31666666666667,-13.418222193333335,-0.1851852166666638,0.0246666666666675,5.446,5.708,18.97654319888889,5.438666666666667,5.234939,5.24067,5.275295,5.238813,5.2829833,0,0.0,1,1.0,-0.93,23.4,76.6
2023-03-25 14:30:00,404.194109272226,0.0,0.0,19.06111113,5.708,32.31666666666667,0,5.1764362714980825,70.66250196097344,14,5,3,-0.4999999999999997,-0.8660254037844388,-0.9749279121818236,-0.2225209339563146,1.0,6.123233995736766e-17,97.0,106.0625,109.4375,14.6,38.55,100.0,83.5,2.0,5.5070286,1.15,4.55,18.9222222,32.35,32.03333333333333,32.45,32.18333333333333,32.05,-13.353111129999997,0.1722222699999953,0.2373333333333329,5.470666666666667,5.696666666666667,19.008024688888888,5.541555555555557,5.2829833,5.234939,5.24067,5.275295,5.196614,1,1.0,1,0.75,-0.89,21.9,78.1
2023-03-25 14:45:00,1235.15364754444,75.964183527778,75.985571605554,18.9222222,5.696666666666667,32.05,2,5.1764362714980825,70.66250196097344,14,5,3,-0.4999999999999997,-0.8660254037844388,-0.9749279121818236,-0.2225209339563146,1.0,6.123233995736766e-17,93.5,98.75,113.91666666666669,15.05,35.125,100.0,81.25,1.9,5.4571614,0.6250000000000002,4.824999999999999,18.98703705333333,32.31666666666667,32.35,32.03333333333333,32.45,32.65,-13.225555533333331,-0.1388889299999967,-0.0113333333333329,5.708,5.722,18.957407396666667,5.625111111111113,5.196614,5.2829833,5.234939,5.24067,5.314196,0,1.0,1,0.75,-0.93,23.2,76.8
2023-03-25 15:00:00,83.63693213889,48.235014955556,48.251680955556,18.98703705333333,5.722,32.65,1,5.1764362714980825,70.66250196097344,15,5,3,-0.7071067811865471,-0.7071067811865479,-0.9749279121818236,-0.2225209339563146,1.0,6.123233995736766e-17,90.0,95.25,118.08333333333331,15.5,31.7,100.0,79.0,1.8,5.4033732,0.1,5.1,19.02777779,32.05,32.31666666666667,32.35,32.03333333333333,33.0,-13.265037053333332,0.0648148533333312,0.0253333333333323,5.696666666666667,6.13,18.99012346111111,5.7088888888888905,5.314196,5.196614,5.2829833,5.234939,5.3840923,0,1.0,1,0.75,-0.91,22.5,77.5
2023-03-25 15:15:00,55.98748266111,12.605051344444,12.61921746111,19.02777779,6.13,33.0,1,5.1764362714980825,70.66250196097344,15,5,3,-0.7071067811865471,-0.7071067811865479,-0.9749279121818236,-0.2225209339563146,1.0,6.123233995736766e-17,79.0,89.875,118.4375,17.95,36.825,100.0,78.0,1.8,5.405834,0.075,5.3,18.83333335,32.65,32.05,32.31666666666667,32.35,33.55,-12.897777790000005,0.0407407366666703,0.4080000000000003,5.722,6.011333333333334,18.97901234777778,5.849555555555557,5.3840923,5.314196,5.196614,5.2829833,5.411334,0,1.0,0,0.75,-0.9,22.0,78.0
2023-03-25 15:30:00,827.58300643889,107.406536883334,107.43209146111,18.83333335,6.011333333333334,33.55,2,5.1764362714980825,70.66250196097344,15,5,3,-0.7071067811865471,-0.7071067811865479,-0.9749279121818236,-0.2225209339563146,1.0,6.123233995736766e-17,68.0,82.625,114.97916666666669,20.4,41.95,100.0,77.0,1.8,5.4072886,0.05,5.5,19.02777777,33.0,32.65,32.05,32.31666666666667,34.5,-12.822000016666664,-0.1944444400000051,-0.118666666666666,6.13,6.037999999999999,18.94938273111111,5.954444444444445,5.411334,5.3840923,5.314196,5.196614,5.6288233,0,0.0,1,1.0,-0.94,23.7,76.3
2023-03-25 15:45:00,50.018276922224,0.0,0.0,19.02777777,6.037999999999999,34.5,0,5.1764362714980825,70.66250196097344,15,5,3,-0.7071067811865471,-0.7071067811865479,-0.9749279121818236,-0.2225209339563146,1.0,6.123233995736766e-17,57.0,73.5,107.70833333333331,22.85,47.075,100.0,76.0,1.8,5.407714,0.0249999999999999,5.7,18.894444426666663,33.55,33.0,32.65,32.05,34.68333333333333,-12.98977777,0.1944444200000035,0.0266666666666655,6.011333333333334,6.065333333333333,18.962962970000003,6.059777777777779,5.6288233,5.411334,5.3840923,5.314196,5.614366,1,1.0,1,0.75,-0.89,21.7,78.3
2023-03-25 16:00:00,368.80885805556,66.354845683334,66.374289322224,18.894444426666663,6.065333333333333,34.68333333333333,1,5.1764362714980825,70.66250196097344,16,5,3,-0.8660254037844385,-0.5000000000000004,-0.9749279121818236,-0.2225209339563146,1.0,6.123233995736766e-17,46.0,62.5,96.625,25.3,52.2,100.0,75.0,1.8,5.4070854,0.0,5.9,18.89444442,34.5,33.55,33.0,32.65,34.95,-12.829111093333331,-0.1333333433333337,0.0273333333333338,6.037999999999999,6.342666666666667,18.91851851555556,6.038222222222223,5.614366,5.6288233,5.411334,5.3840923,5.6575327,0,1.0,1,0.75,-0.92,22.9,77.1
2023-03-25 16:15:00,85.586298727774,35.554688888888,35.569410516666004,18.89444442,6.342666666666667,34.95,1,5.1764362714980825,70.66250196097344,16,5,3,-0.8660254037844385,-0.5000000000000004,-0.9749279121818236,-0.2225209339563146,1.0,6.123233995736766e-17,84.5,63.875,90.3125,26.375,54.0,99.75,73.25,1.65,5.350593,0.0,6.1000000000000005,18.86296292666667,34.68333333333333,34.5,33.55,33.0,34.53333333333333,-12.551777753333331,-6.666667218269141e-09,0.2773333333333339,6.065333333333333,6.238,18.938888872222226,6.148666666666668,5.6575327,5.614366,5.6288233,5.411334,5.5796986,0,1.0,0,0.75,-0.92,22.8,77.2
2023-03-25 16:30:00,85.97350527222599,45.167359883334,45.18347033889,18.86296292666667,6.238,34.53333333333333,1,5.1764362714980825,70.66250196097344,16,5,3,-0.8660254037844385,-0.5000000000000004,-0.9749279121818236,-0.2225209339563146,1.0,6.123233995736766e-17,123.0,77.625,88.77083333333333,27.450000000000003,55.8,99.5,71.5,1.5,5.2915554,0.0,6.300000000000001,18.8222222,34.95,34.68333333333333,34.5,33.55,35.2,-12.624962926666669,-0.0314814933333309,-0.1046666666666675,6.342666666666667,6.347333333333334,18.883950591111116,6.215333333333334,5.5796986,5.6575327,5.614366,5.6288233,5.673738,0,1.0,0,0.75,-0.93,23.2,76.8
2023-03-25 16:45:00,145.39057306111,91.241905711112,91.261349416666,18.8222222,6.347333333333334,35.2,2,5.1764362714980825,70.66250196097344,16,5,3,-0.8660254037844385,-0.5000000000000004,-0.9749279121818236,-0.2225209339563146,1.0,6.123233995736766e-17,161.5,103.75,92.0,28.525,57.6,99.25,69.75,1.35,5.229922,0.0,6.5,19.000000006666667,34.53333333333333,34.95,34.68333333333333,34.5,35.5,-12.474888866666664,-0.0407407266666695,0.1093333333333346,6.238,6.641333333333334,18.859876515555555,6.309333333333335,5.673738,5.5796986,5.6575327,5.614366,5.782491,0,0.0,1,1.0,-0.93,23.4,76.6
2023-03-25 17:00:00,86.693754344444,0.0,0.0,19.000000006666667,6.641333333333334,35.5,0,5.1764362714980825,70.66250196097344,17,5,3,-0.9659258262890684,-0.2588190451025206,-0.9749279121818236,-0.2225209339563146,1.0,6.123233995736766e-17,200.0,142.25,100.0,29.6,59.4,99.0,68.0,1.2,5.1656404,0.0,6.7,18.82222222,35.2,34.53333333333333,34.95,34.68333333333333,36.25,-12.358666673333332,0.1777778066666684,0.2939999999999996,6.347333333333334,6.678666666666667,18.89506171111111,6.40888888888889,5.782491,5.673738,5.5796986,5.6575327,5.8429832,1,1.0,1,0.75,-0.89,21.8,78.2
2023-03-25 17:15:00,48.467783477776,0.0,0.0,18.82222222,6.678666666666667,36.25,0,5.1764362714980825,70.66250196097344,17,5,3,-0.9659258262890684,-0.2588190451025206,-0.9749279121818236,-0.2225209339563146,1.0,6.123233995736766e-17,187.0,167.875,107.20833333333331,30.65,62.825,99.25,71.75,1.625,5.3536057,0.775,6.425,18.66481482,35.5,35.2,34.53333333333333,34.95,37.15,-12.143555553333332,-0.1777777866666667,0.0373333333333336,6.641333333333334,6.3886666666666665,18.88148147555556,6.55577777777778,5.8429832,5.782491,5.673738,5.5796986,5.932567,0,2.0,0,0.5,-0.93,23.2,76.8
2023-03-25 17:30:00,93.524592216666,0.0,0.0,18.66481482,6.3886666666666665,37.15,0,5.1764362714980825,70.66250196097344,17,5,3,-0.9659258262890684,-0.2588190451025206,-0.9749279121818236,-0.2225209339563146,1.0,6.123233995736766e-17,174.0,180.625,113.625,31.7,66.25,99.5,75.5,2.05,5.5330286,1.55,6.15,18.533333350000003,36.25,35.5,35.2,34.53333333333333,37.45,-12.276148153333336,-0.1574074000000003,-0.2900000000000009,6.678666666666667,5.906666666666666,18.82901234888889,6.5695555555555565,5.932567,5.8429832,5.782491,5.673738,5.934102,0,3.0,0,0.25,-0.96,24.5,75.5
2023-03-25 17:45:00,140.45243726111,98.135241083334,98.156629094446,18.533333350000003,5.906666666666666,37.45,2,5.1764362714980825,70.66250196097344,17,5,3,-0.9659258262890684,-0.2588190451025206,-0.9749279121818236,-0.2225209339563146,1.0,6.123233995736766e-17,161.0,180.5,119.25,32.75,69.675,99.75,79.25,2.475,5.704125,2.325,5.875,18.798148183333332,37.15,36.25,35.5,35.2,36.66666666666666,-12.626666683333337,-0.1314814699999971,-0.4820000000000002,6.3886666666666665,6.004666666666666,18.673456796666667,6.324666666666668,5.934102,5.932567,5.8429832,5.782491,5.9017415,0,3.0,1,0.25,-0.99,25.7,74.3
2023-03-25 18:00:00,182.44353546666,137.596162616666,137.6203283,18.798148183333332,6.004666666666666,36.66666666666666,2,5.1764362714980825,70.66250196097344,18,5,3,-1.0,-1.8369701987210294e-16,-0.9749279121818236,-0.2225209339563146,1.0,6.123233995736766e-17,148.0,167.5,124.08333333333331,33.8,73.1,100.0,83.0,2.9,5.867103,3.1,5.6,19.15,37.45,37.15,36.25,35.5,35.6,-12.79348151666667,0.2648148333333324,0.0979999999999998,5.906666666666666,6.134666666666666,18.665432117777783,6.1000000000000005,5.9017415,5.934102,5.932567,5.8429832,5.850312,0,2.0,0,0.5,-0.93,23.3,76.7
2023-03-25 18:15:00,60.643685288888,0.0,0.0,19.15,6.134666666666666,35.6,0,5.1764362714980825,70.66250196097344,18,5,3,-1.0,-1.8369701987210294e-16,-0.9749279121818236,-0.2225209339563146,1.0,6.123233995736766e-17,115.0,149.5,127.08333333333331,33.224999999999994,72.27499999999999,99.0,82.75,2.925,5.8783402,2.35,5.675,18.93333334,36.66666666666666,37.45,37.15,36.25,35.21666666666667,-13.015333333333333,0.3518518166666631,0.1299999999999999,6.004666666666666,5.973333333333333,18.827160511111117,6.015333333333333,5.850312,5.9017415,5.934102,5.932567,5.7138085,1,2.0,1,0.5,-0.86,20.5,79.5
2023-03-25 18:30:00,108.571768272214,62.5216657,62.538331733332,18.93333334,5.973333333333333,35.21666666666667,1,5.1764362714980825,70.66250196097344,18,5,3,-1.0,-1.8369701987210294e-16,-0.9749279121818236,-0.2225209339563146,1.0,6.123233995736766e-17,82.0,126.5,128.25,32.65,71.44999999999999,98.0,82.5,2.95,5.889527,1.6,5.75,18.9222222,35.6,36.66666666666666,37.45,37.15,35.45,-12.960000006666668,-0.2166666599999978,-0.1613333333333333,6.134666666666666,6.074666666666667,18.960493841111116,6.0375555555555565,5.7138085,5.850312,5.9017415,5.934102,5.747893,0,1.0,1,0.75,-0.91,22.4,77.6
2023-03-25 18:45:00,173.320011405554,133.099953572222,133.124397027778,18.9222222,6.074666666666667,35.45,2,5.1764362714980825,70.66250196097344,18,5,3,-1.0,-1.8369701987210294e-16,-0.9749279121818236,-0.2225209339563146,1.0,6.123233995736766e-17,49.0,98.5,127.58333333333331,32.075,70.625,97.0,82.25,2.975,5.900662,0.8500000000000001,5.825,19.20370368,35.21666666666667,35.6,36.66666666666666,37.45,34.85,-12.847555533333331,-0.0111111400000005,0.1013333333333346,5.973333333333333,6.404,19.001851846666668,6.06088888888889,5.747893,5.7138085,5.850312,5.9017415,5.745218,0,1.0,1,0.75,-0.91,22.5,77.5
2023-03-25 19:00:00,63.52884766111,12.621995116666,12.63505016111,19.20370368,6.404,34.85,1,5.1764362714980825,70.66250196097344,19,5,3,-0.9659258262890684,0.2588190451025203,-0.9749279121818236,-0.2225209339563146,1.0,6.123233995736766e-17,16.0,65.5,125.08333333333331,31.5,69.8,96.0,82.0,3.0,5.9117465,0.1,5.9,19.01666663,35.45,35.21666666666667,35.6,36.66666666666666,34.85,-12.79970368,0.28148148,0.3293333333333326,6.074666666666667,6.818,19.019753073333334,6.150666666666667,5.745218,5.747893,5.7138085,5.850312,5.6822004,0,1.0,1,0.75,-0.85,20.2,79.8
2023-03-25 19:15:00,102.941160138882,53.281202,53.297312472222,19.01666663,6.818,34.85,1,5.1764362714980825,70.66250196097344,19,5,3,-0.9659258262890684,0.2588190451025203,-0.9749279121818236,-0.2225209339563146,1.0,6.123233995736766e-17,12.75,39.9375,119.10416666666669,29.425,68.825,94.0,83.0,2.925,5.8864202,0.075,5.65,18.92222221666667,34.85,35.45,35.21666666666667,35.6,35.0,-12.19866663,-0.1870370500000007,0.4139999999999997,6.404,6.341333333333334,19.047530836666667,6.432222222222222,5.6822004,5.745218,5.747893,5.7138085,5.6749296,0,0.0,0,1.0,-0.89,21.8,78.2
2023-03-25 19:30:00,409.232518994442,130.946984144444,130.971149827778,18.92222221666667,6.341333333333334,35.0,2,5.1764362714980825,70.66250196097344,19,5,3,-0.9659258262890684,0.2588190451025203,-0.9749279121818236,-0.2225209339563146,1.0,6.123233995736766e-17,9.5,21.8125,109.64583333333331,27.35,67.85,92.0,84.0,2.85,5.8601537,0.05,5.4,19.23888888,34.85,34.85,35.45,35.21666666666667,34.65,-12.580888883333332,-0.0944444133333313,-0.4766666666666657,6.818,6.760000000000001,19.047530842222223,6.521111111111112,5.6749296,5.6822004,5.745218,5.747893,5.7241006,0,0.0,1,1.0,-0.91,22.6,77.4
2023-03-25 19:45:00,102.61006218333,44.332948844444,44.344892816666,19.23888888,6.760000000000001,34.65,1,5.1764362714980825,70.66250196097344,19,5,3,-0.9659258262890684,0.2588190451025203,-0.9749279121818236,-0.2225209339563146,1.0,6.123233995736766e-17,6.25,11.125,96.70833333333331,25.275,66.875,90.0,85.0,2.7750000000000004,5.8329782,0.0249999999999999,5.15,19.148148133333333,35.0,34.85,34.85,35.45,34.68333333333333,-12.478888879999996,0.3166666633333292,0.4186666666666667,6.341333333333334,6.744,19.059259242222225,6.63977777777778,5.7241006,5.6749296,5.6822004,5.745218,5.699051,0,0.0,1,1.0,-0.84,19.9,80.1
2023-03-25 20:00:00,86.825415777776,0.0,0.0,19.148148133333333,6.744,34.68333333333333,0,5.1764362714980825,70.66250196097344,20,5,3,-0.8660254037844386,0.5000000000000001,-0.9749279121818236,-0.2225209339563146,1.0,6.123233995736766e-17,3.0,7.875,80.29166666666667,23.2,65.9,88.0,86.0,2.7,5.8049264,0.0,4.9,18.8388889,34.65,35.0,34.85,34.85,35.75,-12.404148133333331,-0.0907407466666647,-0.0160000000000009,6.760000000000001,6.936000000000001,19.103086410000003,6.615111111111112,5.699051,5.7241006,5.6749296,5.6822004,5.7680683,1,1.0,1,0.75,-0.86,20.7,79.3
2023-03-25 20:15:00,119.746876649998,32.220377816666,32.232044033332,18.8388889,6.936000000000001,35.75,1,5.1764362714980825,70.66250196097344,20,5,3,-0.8660254037844386,0.5000000000000001,-0.9749279121818236,-0.2225209339563146,1.0,6.123233995736766e-17,2.25,5.25,64.89583333333333,23.95,63.10000000000001,86.5,85.25,2.6750000000000003,5.7924685,0.0,5.0,18.80740738,34.68333333333333,34.65,35.0,34.85,36.28333333333333,-11.902888899999995,-0.3092592333333357,0.192000000000001,6.744,6.946,19.075308637777777,6.813333333333335,5.7680683,5.699051,5.7241006,5.6749296,5.8432384,0,1.0,1,0.75,-0.93,23.2,76.8
2023-03-25 20:30:00,178.141485105558,127.387126544444,127.4099034,18.80740738,6.946,36.28333333333333,2,5.1764362714980825,70.66250196097344,20,5,3,-0.8660254037844386,0.5000000000000001,-0.9749279121818236,-0.2225209339563146,1.0,6.123233995736766e-17,1.5,3.25,50.520833333333336,24.7,60.3,85.0,84.5,2.6500000000000004,5.7795577,0.0,5.1,19.14444442,35.75,34.68333333333333,34.65,35.0,35.6,-11.861407379999998,-0.0314815199999998,0.0099999999999988,6.936000000000001,7.218,18.931481471111116,6.875333333333334,5.8432384,5.7680683,5.699051,5.7241006,5.8483963,0,1.0,1,0.75,-0.93,23.3,76.7
2023-03-25 20:45:00,113.52962521667,63.130530244444,63.146640683334,19.14444442,7.218,35.6,1,5.1764362714980825,70.66250196097344,20,5,3,-0.8660254037844386,0.5000000000000001,-0.9749279121818236,-0.2225209339563146,1.0,6.123233995736766e-17,0.75,1.875,37.16666666666666,25.45,57.5,83.5,83.75,2.625,5.766191,0.0,5.2,19.192592620000003,36.28333333333333,35.75,34.68333333333333,34.65,35.03333333333333,-11.92644442,0.337037040000002,0.2720000000000002,6.946,7.069333333333334,18.9302469,7.033333333333334,5.8483963,5.8432384,5.7680683,5.699051,5.7716603,0,1.0,1,0.75,-0.86,20.5,79.5
2023-03-25 21:00:00,64.826851255556,0.0,0.0,19.192592620000003,7.069333333333334,35.03333333333333,0,5.1764362714980825,70.66250196097344,21,5,3,-0.7071067811865477,0.7071067811865474,-0.9749279121818236,-0.2225209339563146,1.0,6.123233995736766e-17,0.0,1.125,24.83333333333333,26.2,54.7,82.0,83.0,2.6,5.7523623,0.0,5.3,18.95555558,35.6,36.28333333333333,35.75,34.68333333333333,35.4,-12.12325928666667,0.0481482000000035,-0.1486666666666662,7.218,6.935333333333333,19.04814814,7.077777777777778,5.7716603,5.8483963,5.8432384,5.7680683,5.7510934,1,1.0,1,0.75,-0.85,20.2,79.8
2023-03-25 21:15:00,167.678848261106,118.143329644444,118.165550972222,18.95555558,6.935333333333333,35.4,2,5.1764362714980825,70.66250196097344,21,5,3,-0.7071067811865477,0.7071067811865474,-0.9749279121818236,-0.2225209339563146,1.0,6.123233995736766e-17,0.0,0.5625,15.25,26.875,55.975,85.0,82.5,2.675,5.774488,0.0,5.45,19.12592596,35.03333333333333,35.6,36.28333333333333,35.75,36.15,-12.02022224666667,-0.2370370400000006,-0.1340000000000003,7.069333333333334,7.037999999999999,19.097530873333337,7.074222222222223,5.7510934,5.7716603,5.8483963,5.8432384,5.9322724,0,1.0,1,0.75,-0.9,22.2,77.8
2023-03-25 21:30:00,100.01738806111,35.664128927778,35.677461727778,19.12592596,7.037999999999999,36.15,1,5.1764362714980825,70.66250196097344,21,5,3,-0.7071067811865477,0.7071067811865474,-0.9749279121818236,-0.2225209339563146,1.0,6.123233995736766e-17,0.0,0.1875,8.416666666666666,27.55,57.25,88.0,82.0,2.75,5.7964153,0.0,5.6,19.15,35.4,35.03333333333333,35.6,36.28333333333333,36.85,-12.08792596,0.1703703799999978,0.102666666666666,6.935333333333333,7.191333333333334,19.091358053333337,7.014222222222223,5.9322724,5.7510934,5.7716603,5.8483963,6.0557303,0,1.0,1,0.75,-0.86,20.6,79.4
2023-03-25 21:45:00,86.72930843889,0.0,0.0,19.15,7.191333333333334,36.85,0,5.1764362714980825,70.66250196097344,21,5,3,-0.7071067811865477,0.7071067811865474,-0.9749279121818236,-0.2225209339563146,1.0,6.123233995736766e-17,0.0,0.0,4.333333333333333,28.225,58.525,91.0,81.5,2.825,5.8181386,0.0,5.75,18.94629628333333,36.15,35.4,35.03333333333333,35.6,37.18333333333333,-11.958666666666666,0.0240740399999985,0.1533333333333342,7.037999999999999,7.34,19.077160513333336,7.05488888888889,6.0557303,5.9322724,5.7510934,5.7716603,6.0375147,1,2.0,1,0.5,-0.85,20.2,79.8
2023-03-25 22:00:00,58.059622055552,0.0,0.0,18.94629628333333,7.34,37.18333333333333,0,5.1764362714980825,70.66250196097344,22,5,3,-0.5000000000000004,0.8660254037844384,-0.9749279121818236,-0.2225209339563146,1.0,6.123233995736766e-17,0.0,0.0,3.0,28.9,59.8,94.0,81.0,2.9,5.8396525,0.0,5.9,18.74999998,36.85,36.15,35.4,35.03333333333333,37.85,-11.606296283333332,-0.2037037166666664,0.1486666666666662,7.191333333333334,7.494666666666666,19.07407408111111,7.1897777777777785,6.0375147,6.0557303,5.9322724,5.7510934,6.0748878,0,2.0,0,0.5,-0.89,21.9,78.1
2023-03-25 22:15:00,74.595071727774,0.0,0.0,18.74999998,7.494666666666666,37.85,0,5.1764362714980825,70.66250196097344,22,5,3,-0.5000000000000004,0.8660254037844384,-0.9749279121818236,-0.2225209339563146,1.0,6.123233995736766e-17,0.0,0.0,1.9375,27.3,59.975,95.5,81.75,3.0,5.8840656,0.0,5.875,18.650000013333333,37.18333333333333,36.85,36.15,35.4,38.18333333333333,-11.255333313333333,-0.1962963033333338,0.1546666666666665,7.34,7.734,18.94876542111111,7.342000000000001,6.0748878,6.0375147,6.0557303,5.9322724,6.0922413,0,3.0,0,0.25,-0.94,23.5,76.5
2023-03-25 22:30:00,72.95930372777799,0.0,0.0,18.650000013333333,7.734,38.18333333333333,0,5.1764362714980825,70.66250196097344,22,5,3,-0.5000000000000004,0.8660254037844384,-0.9749279121818236,-0.2225209339563146,1.0,6.123233995736766e-17,0.0,0.0,1.1458333333333333,25.7,60.15,97.0,82.5,3.1,5.9283147,0.0,5.85,18.60555555,37.85,37.18333333333333,36.85,36.15,38.85,-10.916000013333331,-0.0999999666666653,0.2393333333333336,7.494666666666666,7.73,18.78209875888889,7.52288888888889,6.0922413,6.0748878,6.0375147,6.0557303,6.1823225,0,4.0,0,0.0,-0.96,24.4,75.6
2023-03-25 22:45:00,72.292941516666,15.400772811112,15.411050150002,18.60555555,7.73,38.85,1,5.1764362714980825,70.66250196097344,22,5,3,-0.5000000000000004,0.8660254037844384,-0.9749279121818236,-0.2225209339563146,1.0,6.123233995736766e-17,0.0,0.0,0.625,24.1,60.325,98.5,83.25,3.2,5.9724026,0.0,5.825,18.620370386666664,38.18333333333333,37.85,37.18333333333333,36.85,38.81666666666667,-10.87555555,-0.0444444633333311,-0.0039999999999995,7.734,7.710666666666667,18.668518514444447,7.6528888888888895,6.1823225,6.0922413,6.0748878,6.0375147,6.1824384,0,3.0,1,0.25,-0.97,24.7,75.3
2023-03-25 23:00:00,191.009859333332,118.431373655556,118.452206205554,18.620370386666664,7.710666666666667,38.81666666666667,2,5.1764362714980825,70.66250196097344,23,5,3,-0.2588190451025215,0.965925826289068,-0.9749279121818236,-0.2225209339563146,1.0,6.123233995736766e-17,0.0,0.0,0.375,22.5,60.5,100.0,84.0,3.3,6.0163274,0.0,5.8,18.95555558,38.85,38.18333333333333,37.85,37.18333333333333,38.5,-10.909703719999998,0.0148148366666625,-0.0193333333333338,7.73,6.4193333333333324,18.62530865,7.724888888888889,6.1824384,6.1823225,6.0922413,6.0748878,6.25472,0,2.0,1,0.5,-0.96,24.6,75.4
2023-03-25 23:15:00,91.52939426111,26.023403472222,26.035347477776,18.95555558,6.4193333333333324,38.5,1,5.1764362714980825,70.66250196097344,23,5,3,-0.2588190451025215,0.965925826289068,-0.9749279121818236,-0.2225209339563146,1.0,6.123233995736766e-17,0.0,0.0,0.1875,20.225,57.175,100.0,88.0,3.45,6.108948,0.475,5.325,19.01481482666667,38.81666666666667,38.85,38.18333333333333,37.85,39.23333333333333,-12.53622224666667,0.3351851933333378,-1.291333333333334,7.710666666666667,5.174,18.72716050555556,7.286666666666668,6.25472,6.1824384,6.1823225,6.0922413,6.3961935,0,1.0,1,0.75,-0.89,21.6,78.4
2023-03-25 23:30:00,69.457499372222,0.0,0.0,19.01481482666667,5.174,39.23333333333333,0,5.1764362714980825,70.66250196097344,23,5,3,-0.2588190451025215,0.965925826289068,-0.9749279121818236,-0.2225209339563146,1.0,6.123233995736766e-17,0.0,0.0,0.0625,17.95,53.85,100.0,92.0,3.6,6.1894164,0.95,4.85,18.86111108,38.5,38.81666666666667,38.85,38.18333333333333,41.2,-13.84081482666667,0.0592592466666666,-1.245333333333332,6.4193333333333324,4.722666666666667,18.863580264444447,6.434666666666668,6.3961935,6.25472,6.1824384,6.1823225,6.656132,1,1.0,1,0.75,-0.87,20.9,79.1
2023-03-25 23:45:00,73.379842555552,0.0,0.0,18.86111108,4.722666666666667,41.2,0,5.1764362714980825,70.66250196097344,23,5,3,-0.2588190451025215,0.965925826289068,-0.9749279121818236,-0.2225209339563146,1.0,6.123233995736766e-17,0.0,0.0,0.0,15.675,50.525000000000006,100.0,96.0,3.75,6.258314,1.4249999999999998,4.375,18.76111111333333,39.23333333333333,38.5,38.81666666666667,38.85,41.5,-14.138444413333334,-0.1537037466666682,-0.4513333333333333,5.174,4.430666666666667,18.943827162222224,5.438666666666667,6.656132,6.3961935,6.25472,6.1824384,6.6650853,0,2.0,0,0.5,-0.89,21.9,78.1
2023-03-26 00:00:00,69.023350105554,0.0,0.0,18.76111111333333,4.430666666666667,41.5,0,5.1764362714980825,70.66250196097344,0,6,3,0.0,1.0,-0.7818314824680299,0.6234898018587334,1.0,6.123233995736766e-17,0.0,0.0,0.0,13.4,47.2,100.0,100.0,3.9,6.3162074,1.9,3.9,18.7222222,41.2,39.23333333333333,38.5,38.81666666666667,41.55,-14.330444446666668,-0.0999999666666653,-0.2919999999999998,4.722666666666667,4.364000000000001,18.879012340000003,4.77577777777778,6.6650853,6.656132,6.3961935,6.25472,6.657787,0,3.0,0,0.25,-0.92,22.7,77.3
2023-03-26 00:15:00,70.63634126666,0.0,0.0,18.7222222,4.364000000000001,41.55,0,5.1764362714980825,70.66250196097344,0,6,3,0.0,1.0,-0.7818314824680299,0.6234898018587334,1.0,6.123233995736766e-17,0.0,0.0,0.0,12.525,42.5,100.0,100.0,3.425,6.1188836,2.125,3.425,18.70185185,41.5,41.2,39.23333333333333,38.5,41.78333333333333,-14.3582222,-0.0388889133333343,-0.0666666666666664,4.430666666666667,4.212,18.781481464444447,4.505777777777779,6.657787,6.6650853,6.656132,6.3961935,6.6871133,0,4.0,0,0.0,-0.92,23.0,77.0
2023-03-26 00:30:00,84.682168177776,0.0,0.0,18.70185185,4.212,41.78333333333333,0,5.1764362714980825,70.66250196097344,0,6,3,0.0,1.0,-0.7818314824680299,0.6234898018587334,1.0,6.123233995736766e-17,0.0,0.0,0.0,11.65,37.8,100.0,100.0,2.95,5.9269767,2.35,2.95,18.62777778,41.55,41.5,41.2,39.23333333333333,41.5,-14.48985185,-0.0203703500000003,-0.152000000000001,4.364000000000001,3.8886666666666665,18.728395054444448,4.335555555555557,6.6871133,6.657787,6.6650853,6.656132,6.612718,0,4.0,0,0.0,-0.93,23.2,76.8
2023-03-26 00:45:00,88.42701834444401,0.0,0.0,18.62777778,3.8886666666666665,41.5,0,5.1764362714980825,70.66250196097344,0,6,3,0.0,1.0,-0.7818314824680299,0.6234898018587334,1.0,6.123233995736766e-17,0.0,0.0,0.0,10.775,33.1,100.0,100.0,2.475,5.7403617,2.575,2.475,18.6111111,41.78333333333333,41.55,41.5,41.2,41.5,-14.739111113333331,-0.0740740700000017,-0.3233333333333332,4.212,3.720666666666667,18.68395061,4.15488888888889,6.612718,6.6871133,6.657787,6.6650853,6.606198,0,4.0,0,0.0,-0.95,23.9,76.1
2023-03-26 01:00:00,72.98791378333,0.0,0.0,18.6111111,3.720666666666667,41.5,0,5.1764362714980825,70.66250196097344,1,6,3,0.2588190451025207,0.9659258262890684,-0.7818314824680299,0.6234898018587334,1.0,6.123233995736766e-17,0.0,0.0,0.0,9.9,28.4,100.0,100.0,2.0,5.558914,2.8,2.0,18.63333332,41.5,41.78333333333333,41.55,41.5,40.8,-14.890444433333332,-0.0166666800000001,-0.1679999999999997,3.8886666666666665,3.567333333333333,18.646913576666662,3.940444444444445,6.606198,6.612718,6.6871133,6.657787,6.5033174,0,4.0,0,0.0,-0.95,24.1,75.9
2023-03-26 01:15:00,443.9964061,106.550460027778,106.569070449998,18.63333332,3.567333333333333,40.8,2,5.1764362714980825,70.66250196097344,1,6,3,0.2588190451025207,0.9659258262890684,-0.7818314824680299,0.6234898018587334,1.0,6.123233995736766e-17,0.0,0.0,0.0,11.2,29.575,98.0,98.5,2.125,5.5972714,2.15,2.325,18.92037034666667,41.5,41.5,41.78333333333333,41.55,39.95,-15.065999986666668,0.0222222200000032,-0.1533333333333337,3.720666666666667,3.564,18.62407406666667,3.7255555555555566,6.5033174,6.606198,6.612718,6.6871133,6.4768186,0,3.0,1,0.25,-0.95,24.0,76.0
2023-03-26 01:30:00,117.568630383334,35.394417466668,35.405805927778005,18.92037034666667,3.564,39.95,1,5.1764362714980825,70.66250196097344,1,6,3,0.2588190451025207,0.9659258262890684,-0.7818314824680299,0.6234898018587334,1.0,6.123233995736766e-17,0.0,0.0,0.0,12.5,30.75,96.0,97.0,2.25,5.634252,1.5,2.65,18.97222219,40.8,41.5,41.5,41.78333333333333,38.6,-15.356370346666669,0.2870370266666668,-0.0033333333333329,3.567333333333333,3.718,18.721604922222227,3.617333333333334,6.4768186,6.5033174,6.606198,6.612718,6.2771397,0,2.0,1,0.5,-0.89,21.6,78.4
2023-03-26 01:45:00,85.46963657778,15.761036183334,15.769369183334,18.97222219,3.718,38.6,1,5.1764362714980825,70.66250196097344,1,6,3,0.2588190451025207,0.9659258262890684,-0.7818314824680299,0.6234898018587334,1.0,6.123233995736766e-17,0.0,0.0,0.0,13.8,31.925,94.0,95.5,2.375,5.6697817,0.8500000000000001,2.975,18.77777775,39.95,40.8,41.5,41.5,38.21666666666667,-15.25422219,0.0518518433333312,0.1540000000000003,3.564,3.732,18.84197528555556,3.6164444444444457,6.2771397,6.4768186,6.5033174,6.606198,6.1438212,0,1.0,0,0.75,-0.88,21.4,78.6
2023-03-26 02:00:00,198.696218566664,112.579107755556,112.592440572222,18.77777775,3.732,38.21666666666667,2,5.1764362714980825,70.66250196097344,2,6,3,0.4999999999999999,0.8660254037844387,-0.7818314824680299,0.6234898018587334,1.0,6.123233995736766e-17,0.0,0.0,0.0,15.1,33.1,92.0,94.0,2.5,5.70379,0.2,3.3,19.01666665,38.6,39.95,40.8,41.5,37.75,-15.04577775,-0.1944444400000016,0.0139999999999997,3.718,3.955333333333333,18.890123428888888,3.6713333333333344,6.1438212,6.2771397,6.4768186,6.5033174,6.155038,0,0.0,1,1.0,-0.93,23.2,76.8
2023-03-26 02:15:00,91.14135436666,10.431249383334,10.434860405554,19.01666665,3.955333333333333,37.75,1,5.1764362714980825,70.66250196097344,2,6,3,0.4999999999999999,0.8660254037844387,-0.7818314824680299,0.6234898018587334,1.0,6.123233995736766e-17,0.0,0.0,0.0,16.725,36.075,94.0,92.5,2.15,5.5752635,0.175,3.2,18.94629628333333,38.21666666666667,38.6,39.95,40.8,37.03333333333333,-15.061333316666667,0.2388889000000027,0.2233333333333331,3.732,4.336,18.922222196666667,3.801777777777779,6.155038,6.1438212,6.2771397,6.4768186,6.013159,0,0.0,1,1.0,-0.88,21.2,78.8
2023-03-26 02:30:00,96.759740655552,32.250654372222,32.25982072222,18.94629628333333,4.336,37.03333333333333,1,5.1764362714980825,70.66250196097344,2,6,3,0.4999999999999999,0.8660254037844387,-0.7818314824680299,0.6234898018587334,1.0,6.123233995736766e-17,0.0,0.0,0.0,18.35,39.05,96.0,91.0,1.8,5.4481716,0.15,3.1,18.86111108,37.75,38.21666666666667,38.6,39.95,37.3,-14.610296283333332,-0.070370366666669,0.3806666666666669,3.955333333333333,4.663333333333333,18.913580227777786,4.007777777777779,6.013159,6.155038,6.1438212,6.2771397,6.0260606,0,0.0,0,1.0,-0.9,21.9,78.1
2023-03-26 02:45:00,176.107677611112,94.726488572222,94.74398792222,18.86111108,4.663333333333333,37.3,2,5.1764362714980825,70.66250196097344,2,6,3,0.4999999999999999,0.8660254037844387,-0.7818314824680299,0.6234898018587334,1.0,6.123233995736766e-17,0.0,0.0,0.0,19.975,42.025,98.0,89.5,1.4500000000000002,5.322499,0.125,3.0,19.07222223,37.03333333333333,37.75,38.21666666666667,38.6,36.85,-14.197777746666668,-0.0851852033333315,0.3273333333333328,4.336,4.556,18.94135800444445,4.318222222222224,6.0260606,6.013159,6.155038,6.1438212,6.0280204,0,0.0,1,1.0,-0.91,22.6,77.4
2023-03-26 03:00:00,72.06295086666,0.0,0.0,19.07222223,4.556,36.85,0,5.1764362714980825,70.66250196097344,3,6,3,0.7071067811865476,0.7071067811865476,-0.7818314824680299,0.6234898018587334,1.0,6.123233995736766e-17,0.0,0.0,0.0,21.6,45.0,100.0,88.0,1.1,5.1982355,0.1,2.9,18.89444444,37.3,37.03333333333333,37.75,38.21666666666667,36.2,-14.51622223,0.2111111500000007,-0.107333333333333,4.663333333333333,4.399333333333333,18.95987653111111,4.518444444444445,6.0280204,6.0260606,6.013159,6.155038,5.859877,1,1.0,1,0.75,-0.87,20.9,79.1
2023-03-26 03:15:00,108.100398194438,50.383262355556,50.397150733332,18.89444444,4.399333333333333,36.2,1,5.1764362714980825,70.66250196097344,3,6,3,0.7071067811865476,0.7071067811865476,-0.7818314824680299,0.6234898018587334,1.0,6.123233995736766e-17,0.0,0.0,0.0,21.200000000000003,45.0,98.75,87.25,0.8,5.093592,0.075,2.725,18.90370371,36.85,37.3,37.03333333333333,37.75,36.28333333333333,-14.495111106666664,-0.1777777900000039,-0.1566666666666671,4.556,4.543333333333334,18.942592583333333,4.539555555555556,5.859877,6.0280204,6.0260606,6.013159,5.876579,0,1.0,1,0.75,-0.91,22.6,77.4
2023-03-26 03:30:00,162.170457355556,85.206869355556,85.223257633332,18.90370371,4.543333333333334,36.28333333333333,2,5.1764362714980825,70.66250196097344,3,6,3,0.7071067811865476,0.7071067811865476,-0.7818314824680299,0.6234898018587334,1.0,6.123233995736766e-17,0.0,0.0,0.0,20.8,45.0,97.5,86.5,0.5,4.9906006,0.05,2.55,19.12777779,36.2,36.85,37.3,37.03333333333333,35.25,-14.360370376666664,0.0092592700000011,0.144000000000001,4.399333333333333,4.779333333333333,18.956790126666665,4.499555555555556,5.876579,5.859877,6.0280204,6.0260606,5.785211,0,1.0,1,0.75,-0.91,22.5,77.5
2023-03-26 03:45:00,64.850183622224,0.0,0.0,19.12777779,4.779333333333333,35.25,0,5.1764362714980825,70.66250196097344,3,6,3,0.7071067811865476,0.7071067811865476,-0.7818314824680299,0.6234898018587334,1.0,6.123233995736766e-17,0.0,0.0,0.0,20.4,45.0,96.25,85.75,0.1999999999999999,4.8892393,0.0249999999999999,2.375,18.938888870000003,36.28333333333333,36.2,36.85,37.3,34.71666666666667,-14.348444456666666,0.2240740800000011,0.2359999999999988,4.543333333333334,4.755333333333334,18.975308646666665,4.574000000000001,5.785211,5.876579,5.859877,6.0280204,5.634532,1,2.0,1,0.5,-0.86,20.7,79.3
2023-03-26 04:00:00,153.194149705558,94.3978906,94.417334305554,18.938888870000003,4.755333333333334,34.71666666666667,2,5.1764362714980825,70.66250196097344,4,6,3,0.8660254037844386,0.5000000000000001,-0.7818314824680299,0.6234898018587334,1.0,6.123233995736766e-17,0.0,0.0,0.0,20.0,45.0,95.0,85.0,-0.1,4.789487,0.0,2.2,19.08888891,35.25,36.28333333333333,36.2,36.85,34.55,-14.18355553666667,-0.1888889199999965,-0.0239999999999991,4.779333333333333,4.709999999999999,18.990123456666662,4.692666666666668,5.634532,5.785211,5.876579,5.859877,5.6573386,0,1.0,1,0.75,-0.91,22.5,77.5
2023-03-26 04:15:00,115.843143855556,45.790390511112,45.803723311112,19.08888891,4.709999999999999,34.55,1,5.1764362714980825,70.66250196097344,4,6,3,0.8660254037844386,0.5000000000000001,-0.7818314824680299,0.6234898018587334,1.0,6.123233995736766e-17,0.0,0.0,0.0,19.925,44.375,95.25,83.25,-0.4499999999999999,4.6671357,0.0,2.125,19.13703702666667,34.71666666666667,35.25,36.28333333333333,36.2,33.56666666666667,-14.37888891,0.1500000399999947,-0.0453333333333345,4.755333333333334,4.706666666666666,19.05185185666667,4.748222222222224,5.6573386,5.634532,5.785211,5.876579,5.511953,0,1.0,1,0.75,-0.88,21.2,78.8
2023-03-26 04:30:00,80.87537598888801,20.581676733332,20.592509633332,19.13703702666667,4.706666666666666,33.56666666666667,1,5.1764362714980825,70.66250196097344,4,6,3,0.8660254037844386,0.5000000000000001,-0.7818314824680299,0.6234898018587334,1.0,6.123233995736766e-17,0.0,0.0,0.0,19.85,43.75,95.5,81.5,-0.7999999999999999,4.5458856,0.0,2.05,18.95000001,34.55,34.71666666666667,35.25,36.28333333333333,33.85,-14.43037036,0.0481481166666704,-0.0033333333333329,4.709999999999999,4.6386666666666665,19.054938268888893,4.724000000000001,5.511953,5.6573386,5.634532,5.785211,5.4974766,0,1.0,0,0.75,-0.87,21.0,79.0
2023-03-26 04:45:00,177.283741766664,112.859929872222,112.877151416666,18.95000001,4.6386666666666665,33.85,2,5.1764362714980825,70.66250196097344,4,6,3,0.8660254037844386,0.5000000000000001,-0.7818314824680299,0.6234898018587334,1.0,6.123233995736766e-17,0.0,0.0,0.0,19.775,43.125,95.75,79.75,-1.15,4.4257298,0.0,1.975,19.14814818,33.56666666666667,34.55,34.71666666666667,35.25,33.63333333333333,-14.311333343333336,-0.1870370166666681,-0.0679999999999996,4.706666666666666,4.607333333333333,19.058641982222223,4.685111111111112,5.4974766,5.511953,5.6573386,5.634532,5.5265183,0,0.0,1,1.0,-0.91,22.6,77.4
2023-03-26 05:00:00,70.407461472218,0.0,0.0,19.14814818,4.607333333333333,33.63333333333333,0,5.1764362714980825,70.66250196097344,5,6,3,0.9659258262890684,0.2588190451025207,-0.7818314824680299,0.6234898018587334,1.0,6.123233995736766e-17,0.0,0.0,0.0,19.7,42.5,96.0,78.0,-1.5,4.3066616,0.0,1.9,19.00555554,33.85,33.56666666666667,34.55,34.71666666666667,32.75,-14.540814846666668,0.1981481699999996,-0.0313333333333334,4.6386666666666665,4.569999999999999,19.078395072222225,4.65088888888889,5.5265183,5.4974766,5.511953,5.6573386,5.3363023,1,1.0,1,0.75,-0.87,20.9,79.1
2023-03-26 05:15:00,118.337488544444,56.976609711112,56.990775827778,19.00555554,4.569999999999999,32.75,1,5.1764362714980825,70.66250196097344,5,6,3,0.9659258262890684,0.2588190451025207,-0.7818314824680299,0.6234898018587334,1.0,6.123233995736766e-17,0.0,0.0,0.0,19.6,42.95,94.5,76.75,-1.65,4.259245,0.0,1.975,19.01481481,33.63333333333333,33.85,33.56666666666667,34.55,33.25,-14.43555554,-0.1425926400000001,-0.0373333333333336,4.607333333333333,4.573333333333333,19.03456791,4.605333333333334,5.3363023,5.5265183,5.4974766,5.511953,5.4207335,0,1.0,1,0.75,-0.9,22.3,77.7
2023-03-26 05:30:00,155.169626416662,89.8805713,89.898903916666,19.01481481,4.573333333333333,33.25,2,5.1764362714980825,70.66250196097344,5,6,3,0.9659258262890684,0.2588190451025207,-0.7818314824680299,0.6234898018587334,1.0,6.123233995736766e-17,0.0,0.0,0.0,19.5,43.4,93.0,75.5,-1.8,4.2112193,0.0,2.05,19.19999998,32.75,33.63333333333333,33.85,33.56666666666667,32.6,-14.441481476666668,0.0092592700000011,0.0033333333333338,4.569999999999999,4.676666666666667,19.05617284333333,4.583555555555557,5.4207335,5.3363023,5.5265183,5.4974766,5.3731184,0,1.0,1,0.75,-0.9,22.1,77.9
2023-03-26 05:45:00,65.07267465556,0.0,0.0,19.19999998,4.676666666666667,32.6,0,5.1764362714980825,70.66250196097344,5,6,3,0.9659258262890684,0.2588190451025207,-0.7818314824680299,0.6234898018587334,1.0,6.123233995736766e-17,0.0,0.0,0.0,19.4,43.85,91.5,74.25,-1.95,4.1625805,0.0,2.125,18.974074076666668,33.25,32.75,33.63333333333333,33.85,32.4,-14.523333313333332,0.1851851699999969,0.1033333333333335,4.573333333333333,4.709999999999999,19.073456776666667,4.606666666666668,5.3731184,5.4207335,5.3363023,5.5265183,5.2694716,1,2.0,1,0.5,-0.86,20.6,79.4
2023-03-26 06:00:00,157.640082994446,95.825888994446,95.844777155556,18.974074076666668,4.709999999999999,32.4,2,5.1764362714980825,70.66250196097344,6,6,3,1.0,6.123233995736766e-17,-0.7818314824680299,0.6234898018587334,1.0,6.123233995736766e-17,0.0,0.0,0.0,19.3,44.3,90.0,73.0,-2.1,4.113324,0.0,2.2,19.12222221,32.6,33.25,32.75,33.63333333333333,32.9,-14.264074076666668,-0.22592590333333,0.0333333333333323,4.676666666666667,4.69,19.06296295555556,4.653333333333334,5.2694716,5.3731184,5.4207335,5.3363023,5.397763,0,1.0,1,0.75,-0.91,22.6,77.4
2023-03-26 06:15:00,96.1169885,36.73047513889,36.743530183334,19.12222221,4.69,32.9,1,5.1764362714980825,70.66250196097344,6,6,3,1.0,6.123233995736766e-17,-0.7818314824680299,0.6234898018587334,1.0,6.123233995736766e-17,0.0,0.0,0.0,20.025,45.475,91.25,72.75,-2.175,4.0992374,0.0,2.2,19.140740726666667,32.4,32.6,33.25,32.75,32.06666666666667,-14.43222221,0.1481481333333327,-0.0199999999999995,4.709999999999999,4.728,19.098765422222225,4.692222222222223,5.397763,5.2694716,5.3731184,5.4207335,5.2667875,0,1.0,1,0.75,-0.88,21.2,78.8
2023-03-26 06:30:00,63.94355315556,26.464219172222,26.476718655556,19.140740726666667,4.728,32.06666666666667,1,5.1764362714980825,70.66250196097344,6,6,3,1.0,6.123233995736766e-17,-0.7818314824680299,0.6234898018587334,1.0,6.123233995736766e-17,0.0,0.0,0.0,20.75,46.65,92.5,72.5,-2.25,4.0851507,0.0,2.2,18.99444442,32.9,32.4,32.6,33.25,32.35,-14.412740726666668,0.018518516666667,0.0380000000000002,4.69,4.6626666666666665,19.07901233777778,4.709333333333334,5.2667875,5.397763,5.2694716,5.3731184,5.2676687,0,1.0,0,0.75,-0.88,21.2,78.8
2023-03-26 06:45:00,160.440804227782,115.977582911112,116.00008197778,18.99444442,4.6626666666666665,32.35,2,5.1764362714980825,70.66250196097344,6,6,3,1.0,6.123233995736766e-17,-0.7818314824680299,0.6234898018587334,1.0,6.123233995736766e-17,0.0,0.0,0.0,21.475,47.825,93.75,72.25,-2.325,4.071064,0.0,2.2,19.23518518666667,32.06666666666667,32.9,32.4,32.6,32.13333333333333,-14.33177775333333,-0.1462963066666702,-0.0653333333333332,4.728,4.614000000000001,19.08580245222222,4.693555555555556,5.2676687,5.2667875,5.397763,5.2694716,5.307194,0,0.0,1,1.0,-0.91,22.5,77.5
2023-03-26 07:00:00,45.033754044448,0.0,0.0,19.23518518666667,4.614000000000001,32.13333333333333,0,5.1764362714980825,70.66250196097344,7,6,3,0.9659258262890684,-0.2588190451025206,-0.7818314824680299,0.6234898018587334,1.0,6.123233995736766e-17,0.0,0.0,0.0,22.2,49.0,95.0,72.0,-2.4,4.0569773,0.0,2.2,19.0611111,32.35,32.06666666666667,32.9,32.4,31.9,-14.621185186666668,0.2407407666666721,-0.0486666666666657,4.6626666666666665,4.606666666666667,19.12345677777778,4.668222222222224,5.307194,5.2676687,5.2667875,5.397763,5.2148685,1,1.0,1,0.75,-0.86,20.4,79.6
2023-03-26 07:15:00,103.24031472222,63.700229688888,63.718562288888,19.0611111,4.606666666666667,31.9,1,5.1764362714980825,70.66250196097344,7,6,3,0.9659258262890684,-0.2588190451025206,-0.7818314824680299,0.6234898018587334,1.0,6.123233995736766e-17,7.75,1.9375,0.6458333333333334,21.825,49.45,95.25,70.5,-2.275,4.088104,0.0,2.625,19.07037035333333,32.13333333333333,32.35,32.06666666666667,32.9,32.28333333333333,-14.454444433333334,-0.1740740866666676,-0.0073333333333334,4.614000000000001,4.535333333333333,19.09691356888889,4.627777777777779,5.2148685,5.307194,5.2676687,5.2667875,5.280416,0,1.0,1,0.75,-0.9,22.0,78.0
2023-03-26 07:30:00,132.938015633332,82.368649555556,82.388371016666,19.07037035333333,4.535333333333333,32.28333333333333,2,5.1764362714980825,70.66250196097344,7,6,3,0.9659258262890684,-0.2588190451025206,-0.7818314824680299,0.6234898018587334,1.0,6.123233995736766e-17,15.5,5.8125,1.9375,21.45,49.9,95.5,69.0,-2.15,4.1171846,0.0,3.05,19.21666666,31.9,32.13333333333333,32.35,32.06666666666667,31.65,-14.535037019999995,0.0092592533333295,-0.0713333333333343,4.606666666666667,4.42,19.12222221333333,4.585333333333335,5.280416,5.2148685,5.307194,5.2676687,5.221666,0,1.0,1,0.75,-0.89,21.8,78.2
2023-03-26 07:45:00,282.800354133336,22.67214866111,22.685203672222,19.21666666,4.42,31.65,1,5.1764362714980825,70.66250196097344,7,6,3,0.9659258262890684,-0.2588190451025206,-0.7818314824680299,0.6234898018587334,1.0,6.123233995736766e-17,23.25,11.625,3.875,21.075,50.35,95.75,67.5,-2.025,4.144093,0.0,3.475,19.05555555,32.28333333333333,31.9,32.13333333333333,32.35,31.683333333333334,-14.796666659999998,0.1462963066666667,-0.115333333333333,4.535333333333333,4.394,19.116049371111117,4.520666666666668,5.221666,5.280416,5.2148685,5.307194,5.1777515,0,1.0,1,0.75,-0.86,20.7,79.3
2023-03-26 08:00:00,159.156133450002,123.226737366668,123.251458627778,19.05555555,4.394,31.683333333333334,2,5.1764362714980825,70.66250196097344,8,6,3,0.8660254037844387,-0.4999999999999998,-0.7818314824680299,0.6234898018587334,1.0,6.123233995736766e-17,31.0,19.375,6.458333333333333,20.7,50.8,96.0,66.0,-1.9,4.168697,0.0,3.9,19.24999998,31.65,32.28333333333333,31.9,32.13333333333333,31.65,-14.66155555,-0.1611111099999966,-0.0259999999999998,4.42,4.211333333333333,19.11419752111111,4.449777777777779,5.1777515,5.221666,5.280416,5.2148685,5.23193,0,0.0,1,1.0,-0.9,22.1,77.9
2023-03-26 08:15:00,56.540238333332,0.0,0.0,19.24999998,4.211333333333333,31.65,0,5.1764362714980825,70.66250196097344,8,6,3,0.8660254037844387,-0.4999999999999998,-0.7818314824680299,0.6234898018587334,1.0,6.123233995736766e-17,58.0,31.9375,11.291666666666666,24.65,56.45,97.0,64.0,-2.2,4.0694084,0.025,4.0,19.11666668333333,31.683333333333334,31.65,32.28333333333333,31.9,31.683333333333334,-15.038666646666666,0.1944444299999972,-0.1826666666666669,4.394,4.228,19.17407406333333,4.341777777777779,5.23193,5.1777515,5.221666,5.280416,5.196446,1,1.0,1,0.75,-0.85,20.4,79.6
2023-03-26 08:30:00,127.8715516,90.38110686111,90.400828288888,19.11666668333333,4.228,31.683333333333334,2,5.1764362714980825,70.66250196097344,8,6,3,0.8660254037844387,-0.4999999999999998,-0.7818314824680299,0.6234898018587334,1.0,6.123233995736766e-17,85.0,49.3125,18.375,28.6,62.1,98.0,62.0,-2.5,3.968584,0.05,4.1,19.20000001,31.65,31.683333333333334,31.65,32.28333333333333,31.9,-14.888666683333335,-0.1333332966666631,0.0166666666666666,4.211333333333333,4.294,19.14074073777778,4.27777777777778,5.196446,5.23193,5.1777515,5.221666,5.2577453,0,1.0,1,0.75,-0.88,21.5,78.5
2023-03-26 08:45:00,84.144134083334,50.599364827778,50.616030844444,19.20000001,4.294,31.9,1,5.1764362714980825,70.66250196097344,8,6,3,0.8660254037844387,-0.4999999999999998,-0.7818314824680299,0.6234898018587334,1.0,6.123233995736766e-17,112.0,71.5,27.70833333333333,32.55,67.75,99.0,60.0,-2.8,3.8662095,0.075,4.2,19.248148126666667,31.683333333333334,31.65,31.683333333333334,31.65,31.25,-14.90600001,0.0833333266666649,0.0659999999999998,4.228,4.485333333333333,19.188888891111112,4.244444444444446,5.2577453,5.196446,5.23193,5.1777515,5.165245,0,1.0,1,0.75,-0.86,20.8,79.2
2023-03-26 09:00:00,99.146033933336,43.999073266668,44.014905950002,19.248148126666667,4.485333333333333,31.25,1,5.1764362714980825,70.66250196097344,9,6,3,0.7071067811865476,-0.7071067811865475,-0.7818314824680299,0.6234898018587334,1.0,6.123233995736766e-17,139.0,98.5,39.29166666666666,36.5,73.4,100.0,58.0,-3.1,3.7622688,0.1,4.3,19.13888888,31.9,31.683333333333334,31.65,31.683333333333334,31.75,-14.762814793333334,0.0481481166666668,0.1913333333333335,4.294,4.727333333333333,19.18827160666667,4.335777777777778,5.165245,5.2577453,5.196446,5.23193,5.214208,0,1.0,0,0.75,-0.86,20.5,79.5
2023-03-26 09:15:00,114.806240866668,79.183776972222,79.203498416666,19.13888888,4.727333333333333,31.75,2,5.1764362714980825,70.66250196097344,9,6,3,0.7071067811865476,-0.7071067811865475,-0.7818314824680299,0.6234898018587334,1.0,6.123233995736766e-17,132.5,117.125,50.333333333333336,34.675,72.60000000000001,97.5,57.75,-3.125,3.7647672,0.075,4.375,19.37037038,31.25,31.9,31.683333333333334,31.65,31.066666666666663,-14.411555546666666,-0.1092592466666673,0.242,4.485333333333333,5.014,19.19567900555556,4.502222222222224,5.214208,5.165245,5.2577453,5.196446,5.172026,0,0.0,1,1.0,-0.88,21.3,78.7
2023-03-26 09:30:00,36.815193966668,0.0,0.0,19.37037038,5.014,31.066666666666663,0,5.1764362714980825,70.66250196097344,9,6,3,0.7071067811865476,-0.7071067811865475,-0.7818314824680299,0.6234898018587334,1.0,6.123233995736766e-17,126.0,127.375,60.833333333333336,32.85,71.80000000000001,95.0,57.5,-3.1500000000000004,3.7671843,0.05,4.449999999999999,19.43333334,31.75,31.25,31.9,31.683333333333334,30.95,-14.35637038,0.231481500000001,0.286666666666667,4.727333333333333,5.3726666666666665,19.25246912888889,4.742222222222224,5.172026,5.214208,5.165245,5.2577453,5.1717253,1,1.0,1,0.75,-0.83,19.5,80.5
2023-03-26 09:45:00,143.511481511112,87.115681916666,87.134292255556,19.43333334,5.3726666666666665,30.95,2,5.1764362714980825,70.66250196097344,9,6,3,0.7071067811865476,-0.7071067811865475,-0.7818314824680299,0.6234898018587334,1.0,6.123233995736766e-17,119.5,129.25,70.79166666666667,31.025,71.0,92.5,57.25,-3.1750000000000003,3.76952,0.0249999999999999,4.525,20.00740739333333,31.066666666666663,31.75,31.25,31.9,30.35,-14.060666673333332,0.0629629600000001,0.3586666666666662,5.014,5.344666666666667,19.31419753333333,5.038000000000001,5.1717253,5.172026,5.214208,5.165245,5.2452354,0,1.0,1,0.75,-0.82,19.0,81.0
2023-03-26 10:00:00,64.32603793889,30.006021944444,30.020743572222003,20.00740739333333,5.344666666666667,30.35,1,5.1764362714980825,70.66250196097344,10,6,3,0.4999999999999999,-0.8660254037844387,-0.7818314824680299,0.6234898018587334,1.0,6.123233995736766e-17,113.0,122.75,80.20833333333333,29.2,70.2,90.0,57.0,-3.2,3.771774,0.0,4.6,20.82777775,30.95,31.066666666666663,31.75,31.25,29.25,-14.662740726666668,0.5740740533333337,-0.0279999999999995,5.3726666666666665,5.708,19.603703704444445,5.243777777777779,5.2452354,5.1717253,5.172026,5.214208,5.303067,0,1.0,1,0.75,-0.69,14.9,85.1
2023-03-26 10:15:00,36.766029200004,0.0,0.0,20.82777775,5.708,29.25,0,5.1764362714980825,70.66250196097344,10,6,3,0.4999999999999999,-0.8660254037844387,-0.7818314824680299,0.6234898018587334,1.0,6.123233995736766e-17,179.25,134.4375,94.5,29.225,69.925,77.75,55.0,-3.325,3.7432544,0.0,5.025,21.512962926666667,30.35,30.95,31.066666666666663,31.75,28.35,-15.11977775,0.8203703566666647,0.3633333333333333,5.344666666666667,6.292,20.089506161111117,5.475111111111112,5.303067,5.2452354,5.1717253,5.172026,5.348363,1,2.0,1,0.5,-0.51,10.3,89.7
2023-03-26 10:30:00,61.864191966668,0.0,0.0,21.512962926666667,6.292,28.35,0,5.1764362714980825,70.66250196097344,10,6,3,0.4999999999999999,-0.8660254037844387,-0.7818314824680299,0.6234898018587334,1.0,6.123233995736766e-17,245.5,164.3125,113.66666666666669,29.25,69.65,65.5,53.0,-3.45,3.7096708,0.0,5.449999999999999,21.92777774,29.25,30.35,30.95,31.066666666666663,27.65,-15.220962926666669,0.6851851766666677,0.5839999999999996,5.708,6.751333333333333,20.78271602333333,5.781555555555556,5.348363,5.303067,5.2452354,5.1717253,5.3428326,0,2.0,0,0.5,-0.35,7.6,92.4
2023-03-26 10:45:00,122.998135577772,80.681772616666,80.69954972222,21.92777774,6.751333333333333,27.65,2,5.1764362714980825,70.66250196097344,10,6,3,0.4999999999999999,-0.8660254037844387,-0.7818314824680299,0.6234898018587334,1.0,6.123233995736766e-17,311.75,212.375,137.70833333333334,29.275,69.375,53.25,51.0,-3.575,3.6707928,0.0,5.875,22.69629626,28.35,29.25,30.35,30.95,27.316666666666663,-15.176444406666668,0.4148148133333329,0.4593333333333333,6.292,7.024,21.422839472222226,6.250444444444445,5.3428326,5.348363,5.303067,5.2452354,5.516953,0,2.0,1,0.5,-0.26,6.4,93.6
2023-03-26 11:00:00,63.529125366668,27.309463127778,27.323351472222,22.69629626,7.024,27.316666666666663,1,5.1764362714980825,70.66250196097344,11,6,3,0.258819045102521,-0.9659258262890682,-0.7818314824680299,0.6234898018587334,1.0,6.123233995736766e-17,378.0,278.625,166.625,29.3,69.1,41.0,49.0,-3.7,3.6263812,0.0,6.3,23.52777776,27.65,28.35,29.25,30.35,26.25,-15.67229626,0.7685185200000006,0.2726666666666668,6.751333333333333,7.124666666666667,22.04567897555556,6.689111111111113,5.516953,5.3428326,5.348363,5.303067,5.5595565,0,2.0,1,0.5,-0.08,5.1,94.9
2023-03-26 11:15:00,65.640707616666,0.0,0.0,23.52777776,7.124666666666667,26.25,0,5.1764362714980825,70.66250196097344,11,6,3,0.258819045102521,-0.9659258262890682,-0.7818314824680299,0.6234898018587334,1.0,6.123233995736766e-17,434.75,342.5,198.02083333333331,29.05,68.64999999999999,36.0,47.5,-3.8,3.602478,0.0,6.675,24.02407404,27.316666666666663,27.65,28.35,29.25,25.166666666666668,-16.403111093333333,0.8314814999999989,0.1006666666666671,7.024,7.499333333333333,22.71728392,6.966666666666669,5.5595565,5.516953,5.3428326,5.348363,5.4826756,1,2.0,1,0.5,0.11,5.2,94.8
2023-03-26 11:30:00,116.495339950002,82.554753227778,82.576141272222,24.02407404,7.499333333333333,25.166666666666668,2,5.1764362714980825,70.66250196097344,11,6,3,0.258819045102521,-0.9659258262890682,-0.7818314824680299,0.6234898018587334,1.0,6.123233995736766e-17,491.5,404.0,231.89583333333331,28.8,68.19999999999999,31.0,46.0,-3.9,3.574895,0.0,7.05,24.55555554,26.25,27.316666666666663,27.65,28.35,24.4,-16.52474070666667,0.4962962800000028,0.3746666666666662,7.124666666666667,7.705333333333333,23.41604935333333,7.216000000000001,5.4826756,5.5595565,5.516953,5.3428326,5.478098,0,1.0,1,0.75,0.21,6.0,94.0
2023-03-26 11:45:00,109.99282227778,77.483567183334,77.50273305000199,24.55555554,7.705333333333333,24.4,2,5.1764362714980825,70.66250196097344,11,6,3,0.258819045102521,-0.9659258262890682,-0.7818314824680299,0.6234898018587334,1.0,6.123233995736766e-17,548.25,463.125,268.25,28.55,67.75,26.0,44.5,-4.0,3.543484,0.0,7.425,25.28333332,25.166666666666668,26.25,27.316666666666663,27.65,23.383333333333333,-16.85022220666667,0.5314814999999982,0.2059999999999995,7.499333333333333,7.841333333333334,24.03580244666667,7.443111111111112,5.478098,5.4826756,5.5595565,5.516953,5.4696712,0,1.0,0,0.75,0.33,7.3,92.7
2023-03-26 12:00:00,67.883673444444,0.0,0.0,25.28333332,7.841333333333334,23.383333333333333,0,5.1764362714980825,70.66250196097344,12,6,3,1.2246467991473532e-16,-1.0,-0.7818314824680299,0.6234898018587334,1.0,6.123233995736766e-17,605.0,519.875,307.0833333333333,28.3,67.3,21.0,43.0,-4.1,3.5080957,0.0,7.8,25.67777776,24.4,25.166666666666668,26.25,27.316666666666663,22.95,-17.441999986666666,0.7277777800000003,0.136000000000001,7.705333333333333,8.352,24.62098763333333,7.682000000000001,5.4696712,5.478098,5.4826756,5.5595565,5.48847,1,2.0,1,0.5,0.5,10.1,89.9
2023-03-26 12:15:00,53.14759626111,0.0,0.0,25.67777776,8.352,22.95,0,5.1764362714980825,70.66250196097344,12,6,3,1.2246467991473532e-16,-1.0,-0.7818314824680299,0.6234898018587334,1.0,6.123233995736766e-17,646.0,572.6875,349.875,26.925,65.875,16.0,42.5,-3.925,3.552156,0.0,8.175,25.99074071,23.383333333333333,24.4,25.166666666666668,26.25,22.716666666666665,-17.32577776,0.3944444400000009,0.5106666666666664,7.841333333333334,8.416,25.172222206666664,7.966222222222224,5.48847,5.4696712,5.478098,5.4826756,5.5286636,0,2.0,0,0.5,0.59,12.2,87.8
2023-03-26 12:30:00,50.09021831112,0.0,0.0,25.99074071,8.416,22.716666666666665,0,5.1764362714980825,70.66250196097344,12,6,3,1.2246467991473532e-16,-1.0,-0.7818314824680299,0.6234898018587334,1.0,6.123233995736766e-17,687.0,621.5625,396.625,25.55,64.45,11.0,42.0,-3.75,3.5960054,0.0,8.55,26.25000001,22.95,23.383333333333333,24.4,25.166666666666668,23.0,-17.57474071,0.3129629499999993,0.064,8.352,8.506,25.65061726333333,8.203111111111111,5.5286636,5.48847,5.4696712,5.478098,5.6792564,0,3.0,0,0.25,0.66,14.1,85.9
2023-03-26 12:45:00,69.60249353889,0.0,0.0,26.25000001,8.506,23.0,0,5.1764362714980825,70.66250196097344,12,6,3,1.2246467991473532e-16,-1.0,-0.7818314824680299,0.6234898018587334,1.0,6.123233995736766e-17,728.0,666.5,447.3333333333333,24.175,63.025,6.0,41.5,-3.575,3.6396122,0.0,8.925,26.52592592333333,22.716666666666665,22.95,23.383333333333333,24.4,22.816666666666663,-17.74400001,0.2592593000000001,0.0899999999999998,8.416,8.962,25.972839493333336,8.424666666666669,5.6792564,5.5286636,5.48847,5.4696712,5.7212944,0,4.0,0,0.0,0.72,15.9,84.1
2023-03-26 13:00:00,54.647813900004,0.0,0.0,26.52592592333333,8.962,22.816666666666663,0,5.1764362714980825,70.66250196097344,13,6,3,-0.2588190451025208,-0.9659258262890684,-0.7818314824680299,0.6234898018587334,1.0,6.123233995736766e-17,769.0,707.5,502.0,22.8,61.6,1.0,41.0,-3.4,3.6829422,0.0,9.3,26.57222225,23.0,22.716666666666665,22.95,23.383333333333333,22.15,-17.563925923333333,0.2759259133333316,0.4559999999999995,8.506,9.511333333333331,26.255555547777774,8.628000000000002,5.7212944,5.6792564,5.5286636,5.48847,5.568458,0,4.0,0,0.0,0.78,18.0,82.0
2023-03-26 13:15:00,51.151287183334,0.0,0.0,26.57222225,9.511333333333331,22.15,0,5.1764362714980825,70.66250196097344,13,6,3,-0.2588190451025208,-0.9659258262890684,-0.7818314824680299,0.6234898018587334,1.0,6.123233995736766e-17,776.75,740.1875,551.7916666666666,22.45,59.35,0.75,40.25,-3.45,3.6677866,0.0,9.525,26.5555556,22.816666666666663,23.0,22.716666666666665,22.95,21.816666666666663,-17.060888916666666,0.0462963266666669,0.5493333333333332,8.962,9.673333333333334,26.449382727777778,8.993111111111112,5.568458,5.7212944,5.6792564,5.5286636,5.4795756,0,4.0,0,0.0,0.79,18.2,81.8
2023-03-26 13:30:00,72.55126441667,0.0,0.0,26.5555556,9.673333333333334,21.816666666666663,0,5.1764362714980825,70.66250196097344,13,6,3,-0.2588190451025208,-0.9659258262890684,-0.7818314824680299,0.6234898018587334,1.0,6.123233995736766e-17,784.5,764.5625,596.7083333333334,22.1,57.1,0.5,39.5,-3.5,3.651329,0.0,9.75,26.51111112,22.15,22.816666666666663,23.0,22.716666666666665,21.5,-16.882222266666666,-0.0166666499999976,0.1620000000000008,9.511333333333331,9.638,26.55123459111111,9.382222222222223,5.4795756,5.568458,5.7212944,5.6792564,5.3866944,0,4.0,0,0.0,0.78,17.9,82.1
2023-03-26 13:45:00,285.546355455556,0.0,0.0,26.51111112,9.638,21.5,0,5.1764362714980825,70.66250196097344,13,6,3,-0.2588190451025208,-0.9659258262890684,-0.7818314824680299,0.6234898018587334,1.0,6.123233995736766e-17,792.25,780.625,636.75,21.75,54.85,0.25,38.75,-3.55,3.63354,0.0,9.975,26.38703702,21.816666666666663,22.15,22.816666666666663,23.0,21.316666666666663,-16.873111120000004,-0.0444444799999992,-0.0353333333333338,9.673333333333334,9.894666666666666,26.546296323333337,9.607555555555557,5.3866944,5.4795756,5.568458,5.7212944,5.3039765,0,4.0,0,0.0,0.77,17.5,82.5
2023-03-26 14:00:00,60.497857705558,15.542711583334,15.553544549997998,26.38703702,9.894666666666666,21.316666666666663,1,5.1764362714980825,70.66250196097344,14,6,3,-0.4999999999999997,-0.8660254037844388,-0.7818314824680299,0.6234898018587334,1.0,6.123233995736766e-17,800.0,788.375,671.9166666666666,21.4,52.6,0.0,38.0,-3.6,3.6143887,0.0,10.2,25.94444446,21.5,21.816666666666663,22.15,22.816666666666663,20.0,-16.49237035333333,-0.1240741000000049,0.2566666666666659,9.638,10.059333333333331,26.484567913333336,9.735333333333337,5.3039765,5.3866944,5.4795756,5.568458,4.8549128,0,3.0,1,0.25,0.74,16.5,83.5
2023-03-26 14:15:00,191.236794688888,121.132098972222,121.150709327778,25.94444446,10.059333333333331,20.0,2,5.1764362714980825,70.66250196097344,14,6,3,-0.4999999999999997,-0.8660254037844388,-0.7818314824680299,0.6234898018587334,1.0,6.123233995736766e-17,787.5,791.0625,701.3125,20.875,51.875,0.0,38.25,-3.45,3.649702,0.0,10.25,26.014814803333334,21.316666666666663,21.5,21.816666666666663,22.15,19.966666666666665,-15.885111126666668,-0.4425925599999978,0.1646666666666671,9.894666666666666,10.233333333333333,26.2808642,9.864000000000004,4.8549128,5.3039765,5.3866944,5.4795756,4.865928,0,2.0,1,0.5,0.62,13.2,86.8
2023-03-26 14:30:00,591.75355116111,107.615139655556,107.646805088888,26.014814803333334,10.233333333333333,19.966666666666665,2,5.1764362714980825,70.66250196097344,14,6,3,-0.4999999999999997,-0.8660254037844388,-0.7818314824680299,0.6234898018587334,1.0,6.123233995736766e-17,775.0,788.6875,724.9375,20.35,51.150000000000006,0.0,38.5,-3.3,3.685198,0.0,10.3,26.18333333,20.0,21.316666666666663,21.5,21.816666666666663,20.0,-15.78148147,0.0703703433333338,0.1739999999999995,10.059333333333331,10.435333333333334,26.115432094444444,10.062444444444443,4.865928,4.8549128,5.3039765,5.3866944,4.9201465,0,1.0,0,0.75,0.64,13.6,86.4
2023-03-26 14:45:00,356.841559216662,11.452875216666,11.493429177776,26.18333333,10.435333333333334,20.0,1,5.1764362714980825,70.66250196097344,14,6,3,-0.4999999999999997,-0.8660254037844388,-0.7818314824680299,0.6234898018587334,1.0,6.123233995736766e-17,762.5,781.25,742.7916666666666,19.825,50.425,0.0,38.75,-3.15,3.720878,0.0,10.35,25.89259260333333,19.966666666666665,20.0,21.316666666666663,21.5,20.183333333333334,-15.747999996666666,0.1685185266666664,0.2020000000000017,10.233333333333333,10.584,26.04753086444445,10.242666666666668,4.9201465,4.865928,4.8549128,5.3039765,4.8852286,0,0.0,1,1.0,0.68,14.7,85.3
2023-03-26 15:00:00,876.5432701999999,0.0,0.0,25.89259260333333,10.584,20.183333333333334,0,5.1764362714980825,70.66250196097344,15,6,3,-0.7071067811865471,-0.7071067811865479,-0.7818314824680299,0.6234898018587334,1.0,6.123233995736766e-17,750.0,768.75,754.875,19.3,49.7,0.0,39.0,-3.0,3.756741,0.0,10.4,25.388888880000003,20.0,19.966666666666665,20.0,21.316666666666663,20.85,-15.308592603333334,-0.2907407266666659,0.1486666666666654,10.435333333333334,10.974666666666668,26.030246912222225,10.417555555555555,4.8852286,4.9201465,4.865928,4.8549128,4.9061,1,1.0,1,0.75,0.61,12.9,87.1
2023-03-26 15:15:00,58.845979283338,0.0,0.0,25.388888880000003,10.974666666666668,20.85,0,5.1764362714980825,70.66250196097344,15,6,3,-0.7071067811865471,-0.7071067811865479,-0.7818314824680299,0.6234898018587334,1.0,6.123233995736766e-17,723.0,752.625,761.2916666666666,18.85,48.525000000000006,0.0,40.25,-2.825,3.8223433,0.0,10.175,24.775925930000003,20.183333333333334,20.0,19.966666666666665,20.0,21.183333333333334,-14.414222213333336,-0.5037037233333308,0.390666666666668,10.584,10.912666666666668,25.821604937777774,10.664666666666667,4.9061,4.8852286,4.9201465,4.865928,4.815473,0,2.0,0,0.5,0.5,10.3,89.7
2023-03-26 15:30:00,105.206902788884,62.280286455556,62.294174833332,24.775925930000003,10.912666666666668,21.183333333333334,1,5.1764362714980825,70.66250196097344,15,6,3,-0.7071067811865471,-0.7071067811865479,-0.7818314824680299,0.6234898018587334,1.0,6.123233995736766e-17,696.0,732.875,762.0416666666666,18.4,47.35,0.0,41.5,-2.65,3.8852367,0.0,9.95,24.19999999,20.85,20.183333333333334,20.0,19.966666666666665,21.5,-13.863259263333337,-0.61296295,-0.0620000000000011,10.974666666666668,10.774,25.352469137777785,10.82377777777778,4.815473,4.9061,4.8852286,4.9201465,4.730844,0,2.0,1,0.5,0.36,7.7,92.3
2023-03-26 15:45:00,172.843086049998,105.629385772222,105.648273966664,24.19999999,10.774,21.5,2,5.1764362714980825,70.66250196097344,15,6,3,-0.7071067811865471,-0.7071067811865479,-0.7818314824680299,0.6234898018587334,1.0,6.123233995736766e-17,669.0,709.5,757.125,17.95,46.175,0.0,42.75,-2.475,3.9454808,0.0,9.725,23.72962961,21.183333333333334,20.85,20.183333333333334,20.0,21.866666666666667,-13.42599999,-0.5759259400000047,-0.1386666666666673,10.912666666666668,10.972666666666669,24.7882716,10.88711111111111,4.730844,4.815473,4.9061,4.8852286,4.6847215,0,2.0,1,0.5,0.23,6.1,93.9
2023-03-26 16:00:00,142.00237517778,93.920409716666,93.940131177776,23.72962961,10.972666666666669,21.866666666666667,2,5.1764362714980825,70.66250196097344,16,6,3,-0.8660254037844385,-0.5000000000000004,-0.7818314824680299,0.6234898018587334,1.0,6.123233995736766e-17,642.0,682.5,746.5416666666666,17.5,45.0,0.0,44.0,-2.3,4.003128,0.0,9.5,23.26666665,21.5,21.183333333333334,20.85,20.183333333333334,23.65,-12.756962943333331,-0.4703703799999985,0.1986666666666678,10.774,11.011333333333331,24.235185176666672,10.886444444444445,4.6847215,4.730844,4.815473,4.9061,4.93486,0,1.0,0,0.75,0.12,5.3,94.7
2023-03-26 16:15:00,76.554715388892,15.37799593889,15.387717766668,23.26666665,11.011333333333331,23.65,1,5.1764362714980825,70.66250196097344,16,6,3,-0.8660254037844385,-0.5000000000000004,-0.7818314824680299,0.6234898018587334,1.0,6.123233995736766e-17,603.5,652.625,732.1041666666666,16.95,44.1,0.0,43.5,-2.525,3.9325051,0.0,9.4,22.737037016666665,21.866666666666667,21.5,21.183333333333334,20.85,25.116666666666667,-12.255333316666665,-0.4629629600000022,0.0386666666666659,10.972666666666669,11.149333333333336,23.73209875,10.919333333333334,4.93486,4.6847215,4.730844,4.815473,5.0844965,0,0.0,1,1.0,0.02,5.0,95.0
2023-03-26 16:30:00,92.357138916666,32.961459255556,32.973958805554,22.737037016666665,11.149333333333336,25.116666666666667,1,5.1764362714980825,70.66250196097344,16,6,3,-0.8660254037844385,-0.5000000000000004,-0.7818314824680299,0.6234898018587334,1.0,6.123233995736766e-17,565.0,619.875,713.8125,16.4,43.2,0.0,43.0,-2.75,3.862598,0.0,9.3,22.28888888,23.65,21.866666666666667,21.5,21.183333333333334,25.5,-11.58770368333333,-0.5296296333333324,0.1380000000000016,11.011333333333331,11.093333333333334,23.24444442555556,11.044444444444446,5.0844965,4.93486,4.6847215,4.730844,5.0309525,0,0.0,0,1.0,-0.09,5.2,94.8
2023-03-26 16:45:00,160.269700105554,104.376935872222,104.397490633332,22.28888888,11.093333333333334,25.5,2,5.1764362714980825,70.66250196097344,16,6,3,-0.8660254037844385,-0.5000000000000004,-0.7818314824680299,0.6234898018587334,1.0,6.123233995736766e-17,526.5,584.25,691.6666666666666,15.85,42.3,0.0,42.5,-2.975,3.7933996,0.0,9.2,22.025925933333333,25.116666666666667,23.65,21.866666666666667,21.5,25.316666666666663,-11.195555546666665,-0.4481481366666671,-0.0560000000000009,11.149333333333336,10.962,22.764197515555555,11.084666666666667,5.0309525,5.0844965,4.93486,4.6847215,4.919723,0,0.0,1,1.0,-0.19,5.7,94.3
2023-03-26 17:00:00,98.794936944444,32.4137034,32.425091844444,22.025925933333333,10.962,25.316666666666663,1,5.1764362714980825,70.66250196097344,17,6,3,-0.9659258262890684,-0.2588190451025206,-0.7818314824680299,0.6234898018587334,1.0,6.123233995736766e-17,488.0,545.75,665.6666666666666,15.3,41.4,0.0,42.0,-3.2,3.724907,0.0,9.1,21.5888889,25.5,25.116666666666667,23.65,21.866666666666667,23.5,-11.063925933333334,-0.262962946666665,-0.1313333333333339,11.093333333333334,10.774666666666668,22.350617276666668,11.068222222222223,4.919723,5.0309525,5.0844965,4.93486,4.4529037,0,0.0,1,1.0,-0.25,6.3,93.7
2023-03-26 17:15:00,169.819040333332,81.326469027778,81.341190705554,21.5888889,10.774666666666668,23.5,2,5.1764362714980825,70.66250196097344,17,6,3,-0.9659258262890684,-0.2588190451025206,-0.7818314824680299,0.6234898018587334,1.0,6.123233995736766e-17,441.5,505.25,636.8333333333334,14.875,39.875,0.0,41.25,-3.625,3.6003628,0.0,8.85,20.818518496666663,25.316666666666663,25.5,25.116666666666667,23.65,22.25,-10.81422223333333,-0.4370370333333362,-0.1873333333333331,10.962,10.308,21.967901237777777,10.943333333333335,4.4529037,4.919723,5.0309525,5.0844965,4.031785,0,0.0,1,1.0,-0.36,7.8,92.2
2023-03-26 17:30:00,307.28993024444003,220.926718144444,220.95643922222,20.818518496666663,10.308,22.25,2,5.1764362714980825,70.66250196097344,17,6,3,-0.9659258262890684,-0.2588190451025206,-0.7818314824680299,0.6234898018587334,1.0,6.123233995736766e-17,395.0,462.75,605.1666666666666,14.45,38.35,0.0,40.5,-4.050000000000001,3.4787192,0.0,8.6,20.91111107,23.5,25.316666666666663,25.5,25.116666666666667,22.85,-10.510518496666666,-0.770370403333331,-0.4666666666666668,10.774666666666668,10.019333333333332,21.477777776666667,10.681555555555557,4.031785,4.4529037,4.919723,5.0309525,4.162867,0,0.0,0,1.0,-0.55,11.3,88.7
2023-03-26 17:45:00,351.75509581667,282.455645772222,282.493144272222,20.91111107,10.019333333333332,22.85,2,5.1764362714980825,70.66250196097344,17,6,3,-0.9659258262890684,-0.2588190451025206,-0.7818314824680299,0.6234898018587334,1.0,6.123233995736766e-17,348.5,418.25,570.6666666666666,14.025,36.825,0.0,39.75,-4.4750000000000005,3.3599226,0.0,8.35,20.90370366333333,22.25,23.5,25.316666666666663,25.5,23.0,-10.891777736666668,0.0925925733333343,-0.2886666666666677,10.308,9.796,21.106172822222224,10.367333333333333,4.162867,4.031785,4.4529037,4.919723,4.188389,0,0.0,0,1.0,-0.52,10.7,89.3
2023-03-26 18:00:00,609.284516594442,248.605610944444,248.640887349998,20.90370366333333,9.796,23.0,2,5.1764362714980825,70.66250196097344,18,6,3,-1.0,-1.8369701987210294e-16,-0.7818314824680299,0.6234898018587334,1.0,6.123233995736766e-17,302.0,371.75,533.3333333333334,13.6,35.3,0.0,39.0,-4.9,3.2439206,0.0,8.1,20.85555553,22.85,22.25,23.5,25.316666666666663,23.05,-11.107703663333332,-0.0074074066666689,-0.2233333333333327,10.019333333333332,9.598,20.877777743333336,10.041111111111112,4.188389,4.162867,4.031785,4.4529037,4.1857567,0,0.0,0,1.0,-0.52,10.8,89.2
2023-03-26 18:15:00,291.513061361106,225.395150466668,225.429871344444,20.85555553,9.598,23.05,2,5.1764362714980825,70.66250196097344,18,6,3,-1.0,-1.8369701987210294e-16,-0.7818314824680299,0.6234898018587334,1.0,6.123233995736766e-17,254.75,325.0625,494.3125,12.9,33.575,0.0,40.5,-4.95,3.256434,0.0,7.574999999999999,21.101851866666667,23.0,22.85,22.25,23.5,23.28333333333333,-11.25755553,-0.0481481333333313,-0.1979999999999986,9.796,9.413333333333332,20.890123421111117,9.804444444444444,4.1857567,4.188389,4.162867,4.031785,4.2890797,0,0.0,0,1.0,-0.54,11.0,89.0
2023-03-26 18:30:00,695.159692516666,188.7516163,188.785226105554,21.101851866666667,9.413333333333332,23.28333333333333,2,5.1764362714980825,70.66250196097344,18,6,3,-1.0,-1.8369701987210294e-16,-0.7818314824680299,0.6234898018587334,1.0,6.123233995736766e-17,207.5,278.1875,453.6041666666667,12.2,31.85,0.0,42.0,-5.0,3.2640343,0.0,7.05,21.355555560000003,23.05,23.0,22.85,22.25,23.5,-11.688518533333337,0.246296336666667,-0.1846666666666685,9.598,9.11,20.953703686666667,9.602444444444446,4.2890797,4.1857567,4.188389,4.162867,4.3931623,0,0.0,0,1.0,-0.48,9.8,90.2
2023-03-26 18:45:00,561.37198863889,185.945339655556,185.985338105554,21.355555560000003,9.11,23.5,2,5.1764362714980825,70.66250196097344,18,6,3,-1.0,-1.8369701987210294e-16,-0.7818314824680299,0.6234898018587334,1.0,6.123233995736766e-17,160.25,231.125,411.2083333333333,11.5,30.125,0.0,43.5,-5.05,3.2669976,0.0,6.525,21.483333363333333,23.28333333333333,23.05,23.0,22.85,24.716666666666665,-12.24555556,0.2537036933333354,-0.303333333333331,9.413333333333332,8.861333333333333,21.10432098555556,9.37377777777778,4.3931623,4.2890797,4.1857567,4.188389,4.654928,0,0.0,0,1.0,-0.42,8.6,91.4
2023-03-26 19:00:00,106.137698772222,14.279428783334,14.289706172222,21.483333363333333,8.861333333333333,24.716666666666665,1,5.1764362714980825,70.66250196097344,19,6,3,-0.9659258262890684,0.2588190451025203,-0.7818314824680299,0.6234898018587334,1.0,6.123233995736766e-17,113.0,183.875,367.125,10.8,28.4,0.0,45.0,-5.1,3.2655916,0.0,6.0,21.12222225,23.5,23.28333333333333,23.05,23.0,24.5,-12.62200003,0.1277778033333305,-0.2486666666666686,9.11,8.491333333333333,21.313580263333336,9.128222222222224,4.654928,4.3931623,4.2890797,4.1857567,4.5185456,0,0.0,1,1.0,-0.38,8.0,92.0
2023-03-26 19:15:00,82.988069227778,0.0,0.0,21.12222225,8.491333333333333,24.5,0,5.1764362714980825,70.66250196097344,19,6,3,-0.9659258262890684,0.2588190451025203,-0.7818314824680299,0.6234898018587334,1.0,6.123233995736766e-17,86.0,141.6875,324.0,10.825,26.6,0.75,47.5,-4.85,3.3411572,0.0,5.525,20.68333334,24.716666666666665,23.5,23.28333333333333,23.05,24.683333333333334,-12.630888916666668,-0.3611111133333331,-0.3699999999999992,8.861333333333333,8.244,21.32037039111112,8.82088888888889,4.5185456,4.654928,4.3931623,4.2890797,4.437654,1,1.0,1,0.75,-0.47,9.5,90.5
2023-03-26 19:30:00,166.222795255556,80.513168211112,80.52927869999999,20.68333334,8.244,24.683333333333334,2,5.1764362714980825,70.66250196097344,19,6,3,-0.9659258262890684,0.2588190451025203,-0.7818314824680299,0.6234898018587334,1.0,6.123233995736766e-17,59.0,104.5625,281.8333333333333,10.85,24.8,1.5,50.0,-4.6,3.4085834,0.0,5.05,20.63888892,24.5,24.716666666666665,23.5,23.28333333333333,25.3,-12.43933334,-0.4388889099999993,-0.2473333333333336,8.491333333333333,8.132,21.09629631777778,8.532222222222224,4.437654,4.5185456,4.654928,4.3931623,4.5367584,0,1.0,1,0.75,-0.57,11.7,88.3
2023-03-26 19:45:00,129.199276172226,67.356750088888,67.374804916666,20.63888892,8.132,25.3,1,5.1764362714980825,70.66250196097344,19,6,3,-0.9659258262890684,0.2588190451025203,-0.7818314824680299,0.6234898018587334,1.0,6.123233995736766e-17,32.0,72.5,240.625,10.875,23.0,2.25,52.5,-4.35,3.4682481,0.0,4.574999999999999,20.63703702666667,24.683333333333334,24.5,24.716666666666665,23.5,25.03333333333333,-12.50688892,-0.0444444200000013,-0.1120000000000001,8.244,7.939999999999999,20.81481483666667,8.289111111111112,4.5367584,4.437654,4.5185456,4.654928,4.4884567,0,1.0,1,0.75,-0.57,11.9,88.1
2023-03-26 20:00:00,68.497260099996,0.0,0.0,20.63703702666667,7.939999999999999,25.03333333333333,0,5.1764362714980825,70.66250196097344,20,6,3,-0.8660254037844386,0.5000000000000001,-0.7818314824680299,0.6234898018587334,1.0,6.123233995736766e-17,5.0,45.5,200.375,10.9,21.2,3.0,55.0,-4.1,3.5205183,0.0,4.1,20.3388889,25.3,24.683333333333334,24.5,24.716666666666665,25.35,-12.697037026666669,-0.0018518933333311,-0.1920000000000001,8.132,7.811333333333334,20.653086428888887,8.105333333333334,4.4884567,4.5367584,4.437654,4.5185456,4.466865,1,2.0,1,0.5,-0.57,11.9,88.1
2023-03-26 20:15:00,134.463510111112,80.08818526111,80.107628933332,20.3388889,7.811333333333334,25.35,2,5.1764362714980825,70.66250196097344,20,6,3,-0.8660254037844386,0.5000000000000001,-0.7818314824680299,0.6234898018587334,1.0,6.123233995736766e-17,3.75,24.9375,163.89583333333334,10.75,20.3,16.25,56.5,-4.025,3.550847,0.0,3.825,20.30740738,25.03333333333333,25.3,24.683333333333334,24.5,25.5,-12.527555566666663,-0.2981481266666712,-0.1286666666666658,7.939999999999999,7.711333333333333,20.538271615555555,7.961111111111112,4.466865,4.4884567,4.5367584,4.437654,4.485041,0,1.0,1,0.75,-0.64,13.6,86.4
2023-03-26 20:30:00,162.827097755556,118.196105333332,118.219993277776,20.30740738,7.711333333333333,25.5,2,5.1764362714980825,70.66250196097344,20,6,3,-0.8660254037844386,0.5000000000000001,-0.7818314824680299,0.6234898018587334,1.0,6.123233995736766e-17,2.5,10.8125,131.1875,10.6,19.4,29.5,58.0,-3.95,3.5787628,0.0,3.55,20.4611111,25.35,25.03333333333333,25.3,24.683333333333334,25.5,-12.596074046666663,-0.0314815199999998,-0.1000000000000005,7.811333333333334,7.448666666666667,20.427777768888888,7.82088888888889,4.485041,4.466865,4.4884567,4.5367584,4.5254683,0,1.0,0,0.75,-0.65,13.8,86.2
2023-03-26 20:45:00,56.794672522224005,0.0,0.0,20.4611111,7.448666666666667,25.5,0,5.1764362714980825,70.66250196097344,20,6,3,-0.8660254037844386,0.5000000000000001,-0.7818314824680299,0.6234898018587334,1.0,6.123233995736766e-17,1.25,3.125,102.25,10.45,18.5,42.75,59.5,-3.875,3.604333,0.0,3.275,20.21111114,25.5,25.35,25.03333333333333,25.3,25.683333333333334,-13.012444433333332,0.1537037200000028,-0.2626666666666661,7.711333333333333,7.144666666666667,20.36913579333333,7.657111111111113,4.5254683,4.485041,4.466865,4.4884567,4.4919367,1,2.0,1,0.5,-0.61,12.8,87.2
2023-03-26 21:00:00,50.651862694446,0.0,0.0,20.21111114,7.144666666666667,25.683333333333334,0,5.1764362714980825,70.66250196097344,21,6,3,-0.7071067811865477,0.7071067811865474,-0.7818314824680299,0.6234898018587334,1.0,6.123233995736766e-17,0.0,1.875,77.08333333333333,10.3,17.6,56.0,61.0,-3.8,3.6276252,0.0,3.0,19.9277778,25.5,25.5,25.35,25.03333333333333,26.05,-13.066444473333334,-0.2499999600000002,-0.3040000000000002,7.448666666666667,7.069999999999999,20.326543206666667,7.4348888888888895,4.4919367,4.5254683,4.485041,4.466865,4.4811397,0,2.0,0,0.5,-0.67,14.4,85.6
2023-03-26 21:15:00,83.648876011116,31.935111444444,31.950388616666,19.9277778,7.069999999999999,26.05,1,5.1764362714980825,70.66250196097344,21,6,3,-0.7071067811865477,0.7071067811865474,-0.7818314824680299,0.6234898018587334,1.0,6.123233995736766e-17,0.0,0.9375,55.85416666666666,10.475,17.8,42.25,63.0,-3.5,3.7152128,0.0,2.875,19.84629629333333,25.683333333333334,25.5,25.5,25.35,26.65,-12.8577778,-0.2833333399999986,-0.0746666666666673,7.144666666666667,6.984,20.200000013333334,7.221111111111113,4.4811397,4.4919367,4.5254683,4.485041,4.562511,0,2.0,1,0.5,-0.73,16.2,83.8
2023-03-26 21:30:00,163.58817854443998,125.878853527778,125.904963616666,19.84629629333333,6.984,26.65,2,5.1764362714980825,70.66250196097344,21,6,3,-0.7071067811865477,0.7071067811865474,-0.7818314824680299,0.6234898018587334,1.0,6.123233995736766e-17,0.0,0.3125,38.5625,10.65,18.0,28.5,65.0,-3.2,3.801047,0.0,2.75,20.04999998,26.05,25.683333333333334,25.5,25.5,27.3,-12.862296293333335,-0.081481506666666,-0.0859999999999994,7.069999999999999,6.832,19.995061744444445,7.066222222222223,4.562511,4.4811397,4.4919367,4.5254683,4.7298994,0,2.0,1,0.5,-0.74,16.7,83.3
2023-03-26 21:45:00,200.577809866668,0.0,0.0,20.04999998,6.832,27.3,0,5.1764362714980825,70.66250196097344,21,6,3,-0.7071067811865477,0.7071067811865474,-0.7818314824680299,0.6234898018587334,1.0,6.123233995736766e-17,0.0,0.0,25.20833333333333,10.825,18.2,14.75,67.0,-2.9,3.8851488,0.0,2.625,19.94629628333333,26.65,26.05,25.683333333333334,25.5,27.216666666666665,-13.217999979999998,0.2037036866666639,-0.1520000000000001,6.984,6.465999999999999,19.941358024444444,6.962000000000001,4.7298994,4.562511,4.4811397,4.4919367,4.686912,1,2.0,1,0.5,-0.69,15.1,84.9
2023-03-26 22:00:00,202.776055316666,0.0,0.0,19.94629628333333,6.465999999999999,27.216666666666665,0,5.1764362714980825,70.66250196097344,22,6,3,-0.5000000000000004,0.8660254037844384,-0.7818314824680299,0.6234898018587334,1.0,6.123233995736766e-17,0.0,0.0,15.791666666666666,11.0,18.4,1.0,69.0,-2.6,3.9675367,0.0,2.5,19.68333332,27.3,26.65,26.05,25.683333333333334,27.55,-13.480296283333333,-0.1037036966666669,-0.3660000000000005,6.832,6.196666666666667,19.947530852222226,6.760666666666668,4.686912,4.7298994,4.562511,4.4811397,4.671714,0,2.0,0,0.5,-0.72,15.9,84.1
2023-03-26 22:15:00,122.473989794442,69.67693504444401,69.695823188888,19.68333332,6.196666666666667,27.55,1,5.1764362714980825,70.66250196097344,22,6,3,-0.5000000000000004,0.8660254037844384,-0.7818314824680299,0.6234898018587334,1.0,6.123233995736766e-17,0.0,0.0,8.625,11.075,18.575,1.5,69.25,-2.6,3.9684987,0.0,2.45,19.744444466666668,27.216666666666665,27.3,26.65,26.05,27.966666666666665,-13.486666653333332,-0.262962963333333,-0.2693333333333321,6.465999999999999,5.556,19.893209861111117,6.498222222222224,4.671714,4.686912,4.7298994,4.562511,4.759408,0,2.0,1,0.5,-0.78,17.7,82.3
2023-03-26 22:30:00,120.622674933332,72.46404573889001,72.482933883334,19.744444466666668,5.556,27.966666666666665,2,5.1764362714980825,70.66250196097344,22,6,3,-0.5000000000000004,0.8660254037844384,-0.7818314824680299,0.6234898018587334,1.0,6.123233995736766e-17,0.0,0.0,3.7083333333333335,11.15,18.75,2.0,69.5,-2.6,3.9694033,0.0,2.4,19.86666668,27.55,27.216666666666665,27.3,26.65,27.65,-14.188444466666668,0.0611111466666685,-0.6406666666666672,6.196666666666667,5.3,19.79135802333333,6.07288888888889,4.759408,4.671714,4.686912,4.7298994,4.7393684,0,2.0,1,0.5,-0.76,17.2,82.8
2023-03-26 22:45:00,51.708487127778,0.0,0.0,19.86666668,5.3,27.65,0,5.1764362714980825,70.66250196097344,22,6,3,-0.5000000000000004,0.8660254037844384,-0.7818314824680299,0.6234898018587334,1.0,6.123233995736766e-17,0.0,0.0,1.0416666666666667,11.225,18.925,2.5,69.75,-2.6,3.9702504,0.0,2.35,19.62037039,27.966666666666665,27.55,27.216666666666665,27.3,27.683333333333334,-14.566666679999996,0.1222222133333303,-0.2560000000000002,5.556,5.391333333333334,19.76481482222222,5.684222222222224,4.7393684,4.759408,4.671714,4.686912,4.6770015,1,2.0,1,0.5,-0.73,16.4,83.6
2023-03-26 23:00:00,91.397455005558,36.031891966668,36.0452248,19.62037039,5.391333333333334,27.683333333333334,1,5.1764362714980825,70.66250196097344,23,6,3,-0.2588190451025215,0.965925826289068,-0.7818314824680299,0.6234898018587334,1.0,6.123233995736766e-17,0.0,0.0,0.625,11.3,19.1,3.0,70.0,-2.6,3.9710426,0.0,2.3,19.56111114,27.65,27.966666666666665,27.55,27.216666666666665,28.0,-14.229037056666668,-0.2462962899999965,0.0913333333333339,5.3,5.4206666666666665,19.74382717888889,5.415777777777779,4.6770015,4.7393684,4.759408,4.671714,4.714061,0,1.0,1,0.75,-0.79,18.2,81.8
2023-03-26 23:15:00,159.076414488888,105.766324727778,105.7857684,19.56111114,5.4206666666666665,28.0,2,5.1764362714980825,70.66250196097344,23,6,3,-0.2588190451025215,0.965925826289068,-0.7818314824680299,0.6234898018587334,1.0,6.123233995736766e-17,0.0,0.0,0.3125,11.2,19.1,2.25,70.5,-2.7,3.9456663,0.0,2.1,19.7425926,27.683333333333334,27.65,27.966666666666665,27.55,28.0,-14.140444473333332,-0.0592592500000037,0.0293333333333327,5.391333333333334,5.141333333333334,19.68271607,5.370666666666668,4.714061,4.6770015,4.7393684,4.759408,4.7645636,0,1.0,1,0.75,-0.8,18.6,81.4
2023-03-26 23:30:00,65.966805605558,0.0,0.0,19.7425926,5.141333333333334,28.0,0,5.1764362714980825,70.66250196097344,23,6,3,-0.2588190451025215,0.965925826289068,-0.7818314824680299,0.6234898018587334,1.0,6.123233995736766e-17,0.0,0.0,0.1041666666666666,11.1,19.1,1.5,71.0,-2.8,3.9201667,0.0,1.9,19.58888891,28.0,27.683333333333334,27.65,27.966666666666665,28.05,-14.601259266666668,0.1814814600000041,-0.2793333333333327,5.4206666666666665,4.985333333333333,19.641358043333337,5.317777777777779,4.7645636,4.714061,4.6770015,4.7393684,4.7301917,1,2.0,1,0.5,-0.76,17.2,82.8
2023-03-26 23:45:00,60.185925816666,15.012177255556,15.023843455556,19.58888891,4.985333333333333,28.05,1,5.1764362714980825,70.66250196097344,23,6,3,-0.2588190451025215,0.965925826289068,-0.7818314824680299,0.6234898018587334,1.0,6.123233995736766e-17,0.0,0.0,0.0,11.0,19.1,0.75,71.5,-2.9,3.8945491,0.0,1.7,19.420370363333333,28.0,28.0,27.683333333333334,27.65,28.466666666666665,-14.603555576666665,-0.1537036900000039,-0.1560000000000005,5.141333333333334,5.332,19.630864216666662,5.182444444444446,4.7301917,4.7645636,4.714061,4.6770015,4.753135,0,1.0,1,0.75,-0.8,18.4,81.6
2023-03-27 00:00:00,181.443853055556,119.695489788888,119.716877833332,19.420370363333333,5.332,28.466666666666665,2,5.1764362714980825,70.66250196097344,0,0,3,0.0,1.0,0.0,1.0,1.0,6.123233995736766e-17,0.0,0.0,0.0,10.9,19.1,0.0,72.0,-3.0,3.8688219,0.0,1.5,19.62777775,28.05,28.0,28.0,27.683333333333334,28.1,-14.088370363333333,-0.1685185466666645,0.3466666666666667,4.985333333333333,5.1193333333333335,19.583950624444444,5.1528888888888895,4.753135,4.7301917,4.7645636,4.714061,4.7494607,0,1.0,1,0.75,-0.83,19.6,80.4
2023-03-27 00:15:00,80.481780733328,20.428071744444,20.43418268333,19.62777775,5.1193333333333335,28.1,1,5.1764362714980825,70.66250196097344,0,0,3,0.0,1.0,0.0,1.0,1.0,6.123233995736766e-17,0.0,0.0,0.0,10.6,19.375,0.0,72.0,-3.05,3.8491237,0.0,1.425,19.53703703333333,28.466666666666665,28.05,28.0,28.0,27.53333333333333,-14.508444416666666,0.2074073866666665,-0.2126666666666663,5.332,5.277333333333333,19.54567900777778,5.145555555555557,4.7494607,4.753135,4.7301917,4.7645636,4.628939,0,1.0,1,0.75,-0.79,18.0,82.0
2023-03-27 00:30:00,112.693547861102,63.5074596,63.521070288884,19.53703703333333,5.277333333333333,27.53333333333333,1,5.1764362714980825,70.66250196097344,0,0,3,0.0,1.0,0.0,1.0,1.0,6.123233995736766e-17,0.0,0.0,0.0,10.3,19.65,0.0,72.0,-3.1,3.8295128,0.0,1.35,19.48888889,28.1,28.466666666666665,28.05,28.0,27.45,-14.2597037,-0.0907407166666658,0.1579999999999994,5.1193333333333335,5.168666666666667,19.528395048888893,5.242888888888889,4.628939,4.7494607,4.753135,4.7301917,4.601887,0,0.0,0,1.0,-0.81,18.9,81.1
2023-03-27 00:45:00,149.416523116666,88.427573855556,88.445628666668,19.48888889,5.168666666666667,27.45,2,5.1764362714980825,70.66250196097344,0,0,3,0.0,1.0,0.0,1.0,1.0,6.123233995736766e-17,0.0,0.0,0.0,10.0,19.925,0.0,72.0,-3.1500000000000004,3.8099902,0.0,1.275,19.646296300000003,27.53333333333333,28.1,28.466666666666665,28.05,27.03333333333333,-14.320222223333332,-0.0481481433333357,-0.1086666666666662,5.277333333333333,5.139333333333334,19.55123455777778,5.188444444444445,4.601887,4.628939,4.7494607,4.753135,4.574144,0,0.0,1,1.0,-0.82,19.3,80.7
2023-03-27 01:00:00,64.662691155556,10.059319811112,10.069874922224,19.646296300000003,5.139333333333334,27.03333333333333,1,5.1764362714980825,70.66250196097344,1,0,3,0.2588190451025207,0.9659258262890684,0.0,1.0,1.0,6.123233995736766e-17,0.0,0.0,0.0,9.7,20.2,0.0,72.0,-3.2,3.7905543,0.0,1.2,19.45555558,27.45,27.53333333333333,28.1,28.466666666666665,27.05,-14.50696296666667,0.1574074100000047,-0.0293333333333327,5.168666666666667,4.862,19.557407407777777,5.195111111111112,4.574144,4.601887,4.628939,4.7494607,4.525948,0,0.0,1,1.0,-0.79,18.1,81.9
2023-03-27 01:15:00,163.604288850002,118.227770733332,118.24999206111,19.45555558,4.862,27.05,2,5.1764362714980825,70.66250196097344,1,0,3,0.2588190451025207,0.9659258262890684,0.0,1.0,1.0,6.123233995736766e-17,0.0,0.0,0.0,8.975,19.2,2.0,73.0,-3.225,3.791083,0.0,1.0,19.585185223333333,27.03333333333333,27.45,27.53333333333333,28.1,27.28333333333333,-14.593555580000002,-0.1907407200000008,-0.2773333333333339,5.139333333333334,4.730666666666667,19.530246923333333,5.056666666666668,4.525948,4.574144,4.601887,4.628939,4.5999055,0,0.0,1,1.0,-0.83,19.6,80.4
2023-03-27 01:30:00,98.710773561114,35.555522155556,35.56885493889,19.585185223333333,4.730666666666667,27.28333333333333,1,5.1764362714980825,70.66250196097344,1,0,3,0.2588190451025207,0.9659258262890684,0.0,1.0,1.0,6.123233995736766e-17,0.0,0.0,0.0,8.25,18.2,4.0,74.0,-3.25,3.7908134,0.0,0.8,19.53333334,27.05,27.03333333333333,27.45,27.53333333333333,26.7,-14.854518556666664,0.129629643333331,-0.131333333333333,4.862,4.822666666666667,19.56234570111112,4.9106666666666685,4.5999055,4.525948,4.574144,4.601887,4.4878626,0,0.0,1,1.0,-0.8,18.5,81.5
2023-03-27 01:45:00,100.59903146111,48.940542316666,48.95609726111,19.53333334,4.822666666666667,26.7,1,5.1764362714980825,70.66250196097344,1,0,3,0.2588190451025207,0.9659258262890684,0.0,1.0,1.0,6.123233995736766e-17,0.0,0.0,0.0,7.524999999999999,17.2,6.0,75.0,-3.275,3.789763,0.0,0.6,19.405555536666668,27.28333333333333,27.05,27.03333333333333,27.45,26.966666666666665,-14.710666673333336,-0.051851883333331,0.0919999999999996,4.730666666666667,4.933999999999999,19.52469138111111,4.805111111111112,4.4878626,4.5999055,4.525948,4.574144,4.4987564,0,0.0,0,1.0,-0.82,19.0,81.0
2023-03-27 02:00:00,168.65047596111,111.328879983334,111.351379116666,19.405555536666668,4.933999999999999,26.966666666666665,2,5.1764362714980825,70.66250196097344,2,0,3,0.4999999999999999,0.8660254037844387,0.0,1.0,1.0,6.123233995736766e-17,0.0,0.0,0.0,6.8,16.2,8.0,76.0,-3.3,3.7879534,0.0,0.4,19.55555555,26.7,27.28333333333333,27.05,27.03333333333333,26.65,-14.471555536666669,-0.1277778033333341,0.1113333333333326,4.822666666666667,5.029333333333333,19.508024700000004,4.829111111111112,4.4987564,4.4878626,4.5999055,4.525948,4.485312,0,0.0,1,1.0,-0.84,20.0,80.0
2023-03-27 02:15:00,334.58661596666803,0.0,0.0,19.55555555,5.029333333333333,26.65,0,5.1764362714980825,70.66250196097344,2,0,3,0.4999999999999999,0.8660254037844387,0.0,1.0,1.0,6.123233995736766e-17,0.0,0.0,0.0,7.2,15.475,15.75,76.25,-3.35,3.7808836,0.0,0.325,19.383333326666666,26.966666666666665,26.7,27.28333333333333,27.05,26.683333333333334,-14.526222216666667,0.150000013333333,0.0953333333333334,4.933999999999999,4.669333333333333,19.498148142222224,4.928666666666667,4.485312,4.4987564,4.4878626,4.5999055,4.445672,1,1.0,1,0.75,-0.81,18.9,81.1
2023-03-27 02:30:00,169.381002255556,108.666764255556,108.688152283334,19.383333326666666,4.669333333333333,26.683333333333334,2,5.1764362714980825,70.66250196097344,2,0,3,0.4999999999999999,0.8660254037844387,0.0,1.0,1.0,6.123233995736766e-17,0.0,0.0,0.0,7.6,14.75,23.5,76.5,-3.4,3.7737744,0.0,0.25,19.48888891,26.65,26.966666666666665,26.7,27.28333333333333,26.95,-14.713999993333331,-0.1722222233333354,-0.3599999999999994,5.029333333333333,4.08,19.44814813777778,4.877555555555556,4.445672,4.485312,4.4987564,4.4878626,4.5180645,0,1.0,1,0.75,-0.85,20.3,79.7
2023-03-27 02:45:00,101.624545955556,51.767373655556,51.782650794446,19.48888891,4.08,26.95,1,5.1764362714980825,70.66250196097344,2,0,3,0.4999999999999999,0.8660254037844387,0.0,1.0,1.0,6.123233995736766e-17,0.0,0.0,0.0,8.0,14.025,31.25,76.75,-3.45,3.7666264,0.0,0.175,19.45370374,26.683333333333334,26.65,26.966666666666665,26.7,26.53333333333333,-15.40888891,0.1055555833333343,-0.5893333333333333,4.669333333333333,3.958666666666667,19.475925928888888,4.59288888888889,4.5180645,4.445672,4.485312,4.4987564,4.439018,0,1.0,1,0.75,-0.82,19.4,80.6
2023-03-27 03:00:00,104.579427805554,56.858281144444,56.874947144444,19.45370374,3.958666666666667,26.53333333333333,1,5.1764362714980825,70.66250196097344,3,0,3,0.7071067811865476,0.7071067811865476,0.0,1.0,1.0,6.123233995736766e-17,0.0,0.0,0.0,8.4,13.3,39.0,77.0,-3.5,3.7594383,0.0,0.1,19.37777779,26.95,26.683333333333334,26.65,26.966666666666665,26.8,-15.495037073333332,-0.0351851700000018,-0.1213333333333333,4.08,3.792666666666667,19.44197532555556,4.2360000000000015,4.439018,4.5180645,4.445672,4.485312,4.4636497,0,1.0,0,0.75,-0.84,19.7,80.3
2023-03-27 03:15:00,177.26818672222402,111.238605811112,111.2605494,19.37777779,3.792666666666667,26.8,2,5.1764362714980825,70.66250196097344,3,0,3,0.7071067811865476,0.7071067811865476,0.0,1.0,1.0,6.123233995736766e-17,0.0,0.0,0.0,8.275,13.4,34.75,77.25,-3.55,3.7457566,0.0,0.0,19.55555555,26.53333333333333,26.95,26.683333333333334,26.65,26.53333333333333,-15.585111123333332,-0.0759259499999984,-0.1659999999999999,3.958666666666667,3.63,19.44012348,3.9437777777777794,4.4636497,4.439018,4.5180645,4.445672,4.465677,0,0.0,1,1.0,-0.85,20.3,79.7
2023-03-27 03:30:00,52.09069412222,0.0,0.0,19.55555555,3.63,26.53333333333333,0,5.1764362714980825,70.66250196097344,3,0,3,0.7071067811865476,0.7071067811865476,0.0,1.0,1.0,6.123233995736766e-17,0.0,0.0,0.0,8.15,13.5,30.5,77.5,-3.6,3.7320626,0.0,-0.1,19.35555557,26.8,26.53333333333333,26.95,26.683333333333334,26.5,-15.925555550000002,0.1777777600000014,-0.1626666666666669,3.792666666666667,3.669333333333333,19.462345693333333,3.793777777777779,4.465677,4.4636497,4.439018,4.5180645,4.407915,1,1.0,1,0.75,-0.81,18.9,81.1
2023-03-27 03:45:00,171.587580855548,117.703069472222,117.72306872222,19.35555557,3.669333333333333,26.5,2,5.1764362714980825,70.66250196097344,3,0,3,0.7071067811865476,0.7071067811865476,0.0,1.0,1.0,6.123233995736766e-17,0.0,0.0,0.0,8.025,13.6,26.25,77.75,-3.65,3.7183588,0.0,-0.2,19.442592616666666,26.53333333333333,26.8,26.53333333333333,26.95,26.5,-15.686222236666666,-0.1999999800000012,0.0393333333333334,3.63,3.8613333333333335,19.42962963666667,3.697333333333335,4.407915,4.465677,4.4636497,4.439018,4.4305444,0,1.0,1,0.75,-0.86,20.5,79.5
2023-03-27 04:00:00,104.053059944444,40.356163455556,40.367274111112,19.442592616666666,3.8613333333333335,26.5,1,5.1764362714980825,70.66250196097344,4,0,3,0.8660254037844386,0.5000000000000001,0.0,1.0,1.0,6.123233995736766e-17,0.0,0.0,0.0,7.9,13.7,22.0,78.0,-3.7,3.7046454,0.0,-0.3,19.383333330000003,26.5,26.53333333333333,26.8,26.53333333333333,26.2,-15.581259283333331,0.0870370466666656,0.1920000000000001,3.669333333333333,4.008,19.45123457888889,3.720222222222223,4.4305444,4.407915,4.465677,4.4636497,4.3651443,0,1.0,1,0.75,-0.84,19.8,80.2
2023-03-27 04:15:00,105.019410255552,58.615433072222,58.631265772222,19.383333330000003,4.008,26.2,1,5.1764362714980825,70.66250196097344,4,0,3,0.8660254037844386,0.5000000000000001,0.0,1.0,1.0,6.123233995736766e-17,0.0,0.0,0.0,6.675000000000001,13.325,33.0,78.5,-3.75,3.6963198,0.0,-0.425,19.27962963,26.5,26.5,26.53333333333333,26.8,26.466666666666665,-15.375333330000004,-0.0592592866666628,0.1466666666666665,3.8613333333333335,3.784666666666667,19.393827172222224,3.846222222222224,4.3651443,4.4305444,4.407915,4.465677,4.382736,0,1.0,0,0.75,-0.85,20.4,79.6
2023-03-27 04:30:00,179.545040177776,122.219555472222,122.242610116666,19.27962963,3.784666666666667,26.466666666666665,2,5.1764362714980825,70.66250196097344,4,0,3,0.8660254037844386,0.5000000000000001,0.0,1.0,1.0,6.123233995736766e-17,0.0,0.0,0.0,5.45,12.95,44.0,79.0,-3.8,3.6878295,0.0,-0.55,19.49444446,26.2,26.5,26.5,26.53333333333333,26.15,-15.494962963333332,-0.103703700000004,-0.2233333333333331,4.008,3.4553333333333334,19.36851852555556,3.884666666666668,4.382736,4.3651443,4.4305444,4.407915,4.3853793,0,0.0,1,1.0,-0.88,21.2,78.8
2023-03-27 04:45:00,62.40444805556,0.0,0.0,19.49444446,3.4553333333333334,26.15,0,5.1764362714980825,70.66250196097344,4,0,3,0.8660254037844386,0.5000000000000001,0.0,1.0,1.0,6.123233995736766e-17,0.0,0.0,0.0,4.2250000000000005,12.575,55.0,79.5,-3.85,3.6791773,0.0,-0.675,19.275925933333333,26.466666666666665,26.2,26.5,26.5,26.183333333333334,-16.03911112666667,0.2148148300000016,-0.3293333333333335,3.784666666666667,2.978,19.38580247333333,3.749333333333335,4.3853793,4.382736,4.3651443,4.4305444,4.3348713,1,1.0,1,0.75,-0.83,19.5,80.5
2023-03-27 05:00:00,164.073992411108,118.612477527778,118.636365472222,19.275925933333333,2.978,26.183333333333334,2,5.1764362714980825,70.66250196097344,5,0,3,0.9659258262890684,0.2588190451025207,0.0,1.0,1.0,6.123233995736766e-17,0.0,0.0,0.0,3.0,12.2,66.0,80.0,-3.9,3.670367,0.0,-0.8,19.411111100000003,26.15,26.466666666666665,26.2,26.5,26.15,-16.29792593333333,-0.2185185266666671,-0.4773333333333331,3.4553333333333334,2.3786666666666667,19.350000007777776,3.406000000000001,4.3348713,4.3853793,4.382736,4.3651443,4.3639407,0,1.0,1,0.75,-0.88,21.3,78.7
2023-03-27 05:15:00,105.627719188888,47.352550255556,47.366994111112,19.411111100000003,2.3786666666666667,26.15,1,5.1764362714980825,70.66250196097344,5,0,3,0.9659258262890684,0.2588190451025207,0.0,1.0,1.0,6.123233995736766e-17,0.0,0.0,0.0,3.25,10.85,74.25,80.75,-4.0,3.6410093,0.0,-1.05,19.34629628333333,26.183333333333334,26.15,26.466666666666665,26.2,26.0,-17.032444433333335,0.1351851666666697,-0.5993333333333335,2.978,1.654,19.39382716444445,2.937333333333335,4.3639407,4.3348713,4.3853793,4.382736,4.3223915,0,1.0,1,0.75,-0.85,20.1,79.9
2023-03-27 05:30:00,109.455066005558,53.466750111112,53.483138355556,19.34629628333333,1.654,26.0,1,5.1764362714980825,70.66250196097344,5,0,3,0.9659258262890684,0.2588190451025207,0.0,1.0,1.0,6.123233995736766e-17,0.0,0.0,0.0,3.5,9.5,82.5,81.5,-4.1,3.6114426,0.0,-1.3,19.22777777,26.15,26.183333333333334,26.15,26.466666666666665,26.3,-17.692296283333334,-0.0648148166666686,-0.7246666666666668,2.3786666666666667,1.43,19.344444438888893,2.33688888888889,4.3223915,4.3639407,4.3348713,4.3853793,4.3418555,0,1.0,0,0.75,-0.86,20.7,79.3
2023-03-27 05:45:00,161.588258477776,116.076745627778,116.098966955556,19.22777777,1.43,26.3,2,5.1764362714980825,70.66250196097344,5,0,3,0.9659258262890684,0.2588190451025207,0.0,1.0,1.0,6.123233995736766e-17,0.0,0.0,0.0,3.75,8.149999999999999,90.75,82.25,-4.2,3.5816789,0.0,-1.55,19.38888885,26.0,26.15,26.183333333333334,26.15,26.03333333333333,-17.79777777,-0.1185185133333348,-0.2239999999999999,1.654,1.2146666666666666,19.32839505111112,1.8208888888888903,4.3418555,4.3223915,4.3639407,4.3348713,4.3387947,0,0.0,1,1.0,-0.89,21.7,78.3
2023-03-27 06:00:00,67.35369474444,0.0,0.0,19.38888885,1.2146666666666666,26.03333333333333,0,5.1764362714980825,70.66250196097344,6,0,3,1.0,6.123233995736766e-17,0.0,1.0,1.0,6.123233995736766e-17,0.0,0.0,0.0,4.0,6.8,99.0,83.0,-4.3,3.551734,0.0,-1.8,19.19444443,26.3,26.0,26.15,26.183333333333334,26.05,-18.17422218333333,0.1611110800000013,-0.2153333333333333,1.43,1.1966666666666663,19.32098763444445,1.43288888888889,4.3387947,4.3418555,4.3223915,4.3639407,4.2921453,1,1.0,1,0.75,-0.85,20.3,79.7
2023-03-27 06:15:00,174.858560861114,119.3493925,119.371058316666,19.19444443,1.1966666666666663,26.05,2,5.1764362714980825,70.66250196097344,6,0,3,1.0,6.123233995736766e-17,0.0,1.0,1.0,6.123233995736766e-17,0.0,0.0,0.0,4.525,7.45,99.25,84.0,-4.325,3.544535,0.0,-2.0,19.32777777333333,26.03333333333333,26.3,26.0,26.15,26.28333333333333,-17.997777763333332,-0.1944444200000035,-0.018,1.2146666666666666,1.1333333333333333,19.270370350000004,1.2804444444444456,4.2921453,4.3387947,4.3418555,4.3223915,4.3647323,0,1.0,1,0.75,-0.9,22.0,78.0
2023-03-27 06:30:00,83.31638937778,36.286604027778,36.300214566668,19.32777777333333,1.1333333333333333,26.28333333333333,1,5.1764362714980825,70.66250196097344,6,0,3,1.0,6.123233995736766e-17,0.0,1.0,1.0,6.123233995736766e-17,0.0,0.0,0.0,5.05,8.1,99.5,85.0,-4.35,3.5367646,0.0,-2.2,19.2388889,26.05,26.03333333333333,26.3,26.0,26.05,-18.19444444,0.1333333433333337,-0.0633333333333332,1.1966666666666663,1.082,19.303703684444443,1.1815555555555568,4.3647323,4.2921453,4.3387947,4.3418555,4.3034,0,1.0,1,0.75,-0.87,20.8,79.2
2023-03-27 06:45:00,127.817387116666,71.32409135555599,71.34159063889,19.2388889,1.082,26.05,2,5.1764362714980825,70.66250196097344,6,0,3,1.0,6.123233995736766e-17,0.0,1.0,1.0,6.123233995736766e-17,0.0,0.0,0.0,5.574999999999999,8.75,99.75,86.0,-4.375,3.5284386,0.0,-2.4000000000000004,19.16481483,26.28333333333333,26.05,26.03333333333333,26.3,26.28333333333333,-18.1568889,-0.0888888733333317,-0.0513333333333332,1.1333333333333333,1.3533333333333333,19.25370370111111,1.1373333333333344,4.3034,4.3647323,4.2921453,4.3387947,4.323035,0,1.0,1,0.75,-0.89,21.6,78.4
2023-03-27 07:00:00,164.286206172218,108.962863527778,108.985084888888,19.16481483,1.3533333333333333,26.28333333333333,2,5.1764362714980825,70.66250196097344,7,0,3,0.9659258262890684,-0.2588190451025206,0.0,1.0,1.0,6.123233995736766e-17,0.0,0.0,0.0,6.1,9.4,100.0,87.0,-4.4,3.519571,0.0,-2.6,19.34444444,26.05,26.28333333333333,26.05,26.03333333333333,26.0,-17.81148149666667,-0.0740740699999982,0.2713333333333332,1.082,2.118666666666667,19.243827167777777,1.1895555555555568,4.323035,4.3034,4.3647323,4.2921453,4.3219194,0,0.0,0,1.0,-0.9,22.2,77.8
2023-03-27 07:15:00,58.407107938894,10.725682072222,10.738181555556,19.34444444,2.118666666666667,26.0,1,5.1764362714980825,70.66250196097344,7,0,3,0.9659258262890684,-0.2588190451025206,0.0,1.0,1.0,6.123233995736766e-17,12.75,3.1875,1.0625,6.55,10.025,100.0,85.25,-4.15,3.5909832,0.0,-2.025,19.12962962,26.28333333333333,26.05,26.28333333333333,26.05,26.183333333333334,-17.225777773333334,0.1796296099999992,0.7653333333333336,1.3533333333333333,2.4553333333333334,19.249382723333337,1.5180000000000011,4.3219194,4.323035,4.3034,4.3647323,4.2976637,0,0.0,1,1.0,-0.86,20.7,79.3
2023-03-27 07:30:00,186.761695933332,130.696438583334,130.721993127778,19.12962962,2.4553333333333334,26.183333333333334,2,5.1764362714980825,70.66250196097344,7,0,3,0.9659258262890684,-0.2588190451025206,0.0,1.0,1.0,6.123233995736766e-17,25.5,9.5625,3.1875,7.0,10.65,100.0,83.5,-3.9,3.6615765,0.0,-1.45,19.3333333,26.0,26.28333333333333,26.05,26.28333333333333,26.15,-16.674296286666667,-0.2148148200000008,0.3366666666666664,2.118666666666667,2.462,19.212962963333336,1.975777777777779,4.2976637,4.3219194,4.323035,4.3034,4.344012,0,0.0,1,1.0,-0.91,22.5,77.5
2023-03-27 07:45:00,88.14064090000001,34.196409855556,34.210020394446,19.3333333,2.462,26.15,1,5.1764362714980825,70.66250196097344,7,0,3,0.9659258262890684,-0.2588190451025206,0.0,1.0,1.0,6.123233995736766e-17,38.25,19.125,6.375,7.45,11.275,100.0,81.75,-3.65,3.731186,0.0,-0.875,19.23888888333333,26.183333333333334,26.0,26.28333333333333,26.05,26.183333333333334,-16.8713333,0.2037036800000002,0.0066666666666668,2.4553333333333334,2.8706666666666667,19.26913578666667,2.345333333333335,4.344012,4.2976637,4.3219194,4.323035,4.325426,0,0.0,1,1.0,-0.86,20.8,79.2
2023-03-27 08:00:00,383.286056827778,67.462579172222,67.482022844444,19.23888888333333,2.8706666666666667,26.183333333333334,1,5.1764362714980825,70.66250196097344,8,0,3,0.8660254037844387,-0.4999999999999998,0.0,1.0,1.0,6.123233995736766e-17,51.0,31.875,10.625,7.9,11.9,100.0,80.0,-3.4,3.7996364,0.0,-0.3,19.18888889,26.15,26.183333333333334,26.0,26.28333333333333,26.45,-16.368222216666666,-0.0944444166666649,0.4086666666666665,2.462,3.7146666666666666,19.233950601111115,2.5960000000000014,4.325426,4.344012,4.2976637,4.3219194,4.3566256,0,0.0,0,1.0,-0.89,21.6,78.4
2023-03-27 08:15:00,142.556241972222,85.576299011112,85.596575983334,19.18888889,3.7146666666666666,26.45,2,5.1764362714980825,70.66250196097344,8,0,3,0.8660254037844387,-0.4999999999999998,0.0,1.0,1.0,6.123233995736766e-17,78.5,48.3125,17.166666666666668,6.4,12.425,100.0,77.5,-3.0,3.9026854,0.0,0.55,19.316666663333333,26.183333333333334,26.15,26.183333333333334,26.0,26.216666666666665,-15.474222223333332,-0.049999993333337,0.8439999999999999,2.8706666666666667,4.726666666666666,19.25370369111111,3.0157777777777786,4.3566256,4.325426,4.344012,4.2976637,4.3508162,0,0.0,1,1.0,-0.9,22.0,78.0
2023-03-27 08:30:00,65.189892166672,12.575330316666,12.586163183334,19.316666663333333,4.726666666666666,26.216666666666665,1,5.1764362714980825,70.66250196097344,8,0,3,0.8660254037844387,-0.4999999999999998,0.0,1.0,1.0,6.123233995736766e-17,106.0,68.4375,26.0,4.9,12.95,100.0,75.0,-2.6,4.0026846,0.0,1.4,19.08888888,26.45,26.183333333333334,26.15,26.183333333333334,26.55,-14.589999996666666,0.1277777733333351,1.0119999999999991,3.7146666666666666,4.610666666666666,19.24814814555556,3.770666666666668,4.3508162,4.3566256,4.325426,4.344012,4.3473907,0,0.0,1,1.0,-0.87,20.9,79.1
2023-03-27 08:45:00,167.763844694446,119.134956611112,119.158844555556,19.08888888,4.610666666666666,26.55,2,5.1764362714980825,70.66250196097344,8,0,3,0.8660254037844387,-0.4999999999999998,0.0,1.0,1.0,6.123233995736766e-17,133.5,92.25,37.125,3.4000000000000004,13.475,100.0,72.5,-2.2,4.0989876,0.0,2.2500000000000004,19.26851851,26.216666666666665,26.45,26.183333333333334,26.15,26.78333333333333,-14.478222213333332,-0.2277777833333338,-0.1159999999999996,4.726666666666666,4.842,19.19814814444445,4.350666666666668,4.3473907,4.3508162,4.3566256,4.325426,4.4322734,0,0.0,1,1.0,-0.92,22.8,77.2
2023-03-27 09:00:00,74.80922967778,14.721077783334,14.732466194446,19.26851851,4.842,26.78333333333333,1,5.1764362714980825,70.66250196097344,9,0,3,0.7071067811865476,-0.7071067811865475,0.0,1.0,1.0,6.123233995736766e-17,161.0,119.75,50.54166666666666,1.9,14.0,100.0,70.0,-1.8,4.1909013,0.0,3.1,19.37777779,26.55,26.216666666666665,26.45,26.183333333333334,26.55,-14.42651851,0.1796296300000008,0.2313333333333336,4.610666666666666,6.155333333333333,19.224691351111108,4.726444444444446,4.4322734,4.3473907,4.3508162,4.3566256,4.422011,0,0.0,1,1.0,-0.88,21.2,78.8
2023-03-27 09:15:00,95.388406444448,44.3640587,44.379335872222,19.37777779,6.155333333333333,26.55,1,5.1764362714980825,70.66250196097344,9,0,3,0.7071067811865476,-0.7071067811865475,0.0,1.0,1.0,6.123233995736766e-17,212.25,153.1875,68.22916666666667,2.75,14.725,100.0,67.75,-1.575,4.257874,0.0,3.825,19.34629629333333,26.78333333333333,26.55,26.216666666666665,26.45,26.966666666666665,-13.222444456666668,0.1092592799999998,1.3133333333333337,4.842,6.8293333333333335,19.245061726666663,5.202666666666667,4.422011,4.4322734,4.3473907,4.3508162,4.483096,0,0.0,0,1.0,-0.85,20.3,79.7
2023-03-27 09:30:00,138.122530477776,89.091713988888,89.113102033332,19.34629629333333,6.8293333333333335,26.966666666666665,2,5.1764362714980825,70.66250196097344,9,0,3,0.7071067811865476,-0.7071067811865475,0.0,1.0,1.0,6.123233995736766e-17,263.5,192.5625,90.1875,3.6,15.45,100.0,65.5,-1.35,4.319885,0.0,4.55,19.52222224,26.55,26.78333333333333,26.55,26.216666666666665,26.65,-12.51696296,-0.0314814966666645,0.6740000000000004,6.155333333333333,7.157333333333333,19.33086419777778,5.942222222222224,4.483096,4.422011,4.4322734,4.3473907,4.476533,0,0.0,1,1.0,-0.86,20.5,79.5
2023-03-27 09:45:00,62.71110262222,0.0,0.0,19.52222224,7.157333333333333,26.65,0,5.1764362714980825,70.66250196097344,9,0,3,0.7071067811865476,-0.7071067811865475,0.0,1.0,1.0,6.123233995736766e-17,314.75,237.875,116.41666666666669,4.45,16.174999999999997,100.0,63.25,-1.125,4.3763585,0.0,5.275,19.57592595,26.966666666666665,26.55,26.78333333333333,26.55,26.316666666666663,-12.364888906666668,0.1759259466666662,0.3279999999999994,6.8293333333333335,7.971333333333333,19.41543210777778,6.714000000000001,4.476533,4.483096,4.422011,4.4322734,4.4345145,1,1.0,1,0.75,-0.82,19.1,80.9
2023-03-27 10:00:00,93.034889522224,42.574130283334,42.590240755556,19.57592595,7.971333333333333,26.316666666666663,1,5.1764362714980825,70.66250196097344,10,0,3,0.4999999999999999,-0.8660254037844387,0.0,1.0,1.0,6.123233995736766e-17,366.0,289.125,146.91666666666666,5.3,16.9,100.0,61.0,-0.9,4.4266906,0.0,6.0,19.66111113,26.65,26.966666666666665,26.55,26.78333333333333,26.65,-11.604592616666668,0.0537037100000006,0.8140000000000001,7.157333333333333,8.426,19.48148149444445,7.319333333333334,4.4345145,4.476533,4.483096,4.422011,4.5132074,0,1.0,1,0.75,-0.81,18.8,81.2
2023-03-27 10:15:00,133.83881281667,83.388330983334,83.409163483334,19.66111113,8.426,26.65,2,5.1764362714980825,70.66250196097344,10,0,3,0.4999999999999999,-0.8660254037844387,0.0,1.0,1.0,6.123233995736766e-17,365.25,327.375,176.29166666666666,5.675,17.625,100.0,60.0,-0.925,4.425973,0.0,6.25,19.729629656666667,26.316666666666663,26.65,26.966666666666665,26.55,26.53333333333333,-11.235111129999998,0.0851851799999963,0.4546666666666672,7.971333333333333,7.937333333333333,19.586419773333336,7.851555555555556,4.5132074,4.4345145,4.476533,4.483096,4.5115585,0,1.0,1,0.75,-0.79,18.1,81.9
2023-03-27 10:30:00,64.5815833,0.0,0.0,19.729629656666667,7.937333333333333,26.53333333333333,0,5.1764362714980825,70.66250196097344,10,0,3,0.4999999999999999,-0.8660254037844387,0.0,1.0,1.0,6.123233995736766e-17,364.5,352.625,204.54166666666663,6.05,18.35,100.0,59.0,-0.95,4.423877,0.0,6.5,19.51111109,26.65,26.316666666666663,26.65,26.966666666666665,26.95,-11.792296323333334,0.0685185266666685,-0.488666666666667,8.426,7.406666666666666,19.65555557888889,8.111555555555556,4.5115585,4.5132074,4.4345145,4.476533,4.52397,1,2.0,1,0.5,-0.77,17.6,82.4
2023-03-27 10:45:00,442.349249772222,82.802243327778,82.820575944444,19.51111109,7.406666666666666,26.95,2,5.1764362714980825,70.66250196097344,10,0,3,0.4999999999999999,-0.8660254037844387,0.0,1.0,1.0,6.123233995736766e-17,363.75,364.875,231.66666666666663,6.425,19.075,100.0,58.0,-0.975,4.420363,0.0,6.75,19.50555552333333,26.53333333333333,26.65,26.316666666666663,26.65,28.116666666666667,-12.104444423333334,-0.2185185666666669,-0.5306666666666668,7.937333333333333,7.688666666666666,19.63395062555556,7.923333333333335,4.52397,4.5115585,4.5132074,4.4345145,4.718272,0,1.0,1,0.75,-0.82,19.2,80.8
2023-03-27 11:00:00,1089.191708372222,41.438342383334,41.481396227778,19.50555552333333,7.688666666666666,28.116666666666667,1,5.1764362714980825,70.66250196097344,11,0,3,0.258819045102521,-0.9659258262890682,0.0,1.0,1.0,6.123233995736766e-17,363.0,364.125,257.6666666666667,6.8,19.8,100.0,57.0,-1.0,4.4153905,0.0,7.0,19.47222219,26.95,26.53333333333333,26.65,26.316666666666663,28.55,-11.816888856666663,-0.0055555666666684,0.282,7.406666666666666,7.963333333333334,19.582098756666667,7.677555555555557,4.718272,4.52397,4.5115585,4.5132074,4.7816095,0,1.0,1,0.75,-0.81,19.0,81.0
2023-03-27 11:15:00,79.525985533332,23.852656972222,23.868211916666,19.47222219,7.963333333333334,28.55,1,5.1764362714980825,70.66250196097344,11,0,3,0.258819045102521,-0.9659258262890682,0.0,1.0,1.0,6.123233995736766e-17,333.5,356.1875,278.9166666666667,6.75,19.7,100.0,57.0,-0.95,4.4225707,0.0,7.025,19.23703701333333,28.116666666666667,26.95,26.53333333333333,26.65,29.33333333333333,-11.508888856666664,-0.0333333333333314,0.2746666666666675,7.688666666666666,8.196,19.496296267777776,7.686222222222224,4.7816095,4.718272,4.52397,4.5115585,4.845271,0,1.0,0,0.75,-0.82,19.2,80.8
2023-03-27 11:30:00,177.450401733332,123.981429427778,124.0050396,19.23703701333333,8.196,29.33333333333333,2,5.1764362714980825,70.66250196097344,11,0,3,0.258819045102521,-0.9659258262890682,0.0,1.0,1.0,6.123233995736766e-17,304.0,341.0625,295.4166666666667,6.699999999999999,19.6,100.0,57.0,-0.9,4.429761,0.0,7.05,19.3833333,28.55,28.116666666666667,26.95,26.53333333333333,29.95,-11.041037013333336,-0.2351851766666648,0.2326666666666659,7.963333333333334,7.721999999999999,19.404938242222222,7.9493333333333345,4.845271,4.7816095,4.718272,4.52397,4.989927,0,0.0,1,1.0,-0.87,21.0,79.0
2023-03-27 11:45:00,690.1051726222161,58.702374044444,58.72042892222,19.3833333,7.721999999999999,29.95,1,5.1764362714980825,70.66250196097344,11,0,3,0.258819045102521,-0.9659258262890682,0.0,1.0,1.0,6.123233995736766e-17,274.5,318.75,307.1666666666667,6.65,19.5,100.0,57.0,-0.8500000000000001,4.4369607,0.0,7.074999999999999,19.394444433333334,29.33333333333333,28.55,28.116666666666667,26.95,29.53333333333333,-11.6613333,0.146296286666665,-0.4740000000000002,8.196,7.285333333333333,19.36419750111111,7.960444444444445,4.989927,4.845271,4.7816095,4.718272,4.9237237,0,0.0,1,1.0,-0.83,19.6,80.4
2023-03-27 12:00:00,187.475278555552,0.0,0.0,19.394444433333334,7.285333333333333,29.53333333333333,0,5.1764362714980825,70.66250196097344,12,0,3,1.2246467991473532e-16,-1.0,0.0,1.0,1.0,6.123233995736766e-17,245.0,289.25,314.1666666666667,6.6,19.4,100.0,57.0,-0.8,4.444172,0.0,7.1,19.08888888,29.95,29.33333333333333,28.55,28.116666666666667,29.45,-12.1091111,0.0111111333333333,-0.4366666666666665,7.721999999999999,7.495999999999999,19.338271582222223,7.734444444444445,4.9237237,4.989927,4.845271,4.7816095,4.8222466,1,1.0,1,0.75,-0.83,19.6,80.4
2023-03-27 12:15:00,162.883762088892,119.183843572222,119.209675888888,19.08888888,7.495999999999999,29.45,2,5.1764362714980825,70.66250196097344,12,0,3,1.2246467991473532e-16,-1.0,0.0,1.0,1.0,6.123233995736766e-17,229.0,263.125,315.5625,7.1,19.325,100.0,58.5,-0.5750000000000001,4.531585,0.075,7.0,19.28888886,29.53333333333333,29.95,29.33333333333333,28.55,29.03333333333333,-11.59288888,-0.3055555533333347,0.2106666666666665,7.285333333333333,7.532666666666667,19.288888871111112,7.501111111111112,4.8222466,4.9237237,4.989927,4.845271,4.8103843,0,1.0,1,0.75,-0.9,22.2,77.8
2023-03-27 12:30:00,167.154702361114,115.0545643,115.078730016666,19.28888886,7.532666666666667,29.03333333333333,2,5.1764362714980825,70.66250196097344,12,0,3,1.2246467991473532e-16,-1.0,0.0,1.0,1.0,6.123233995736766e-17,213.0,240.375,311.3541666666667,7.6,19.25,100.0,60.0,-0.35,4.617656,0.15,6.9,19.45555554,29.45,29.53333333333333,29.95,29.33333333333333,28.65,-11.756222193333333,0.1999999800000012,0.036666666666667,7.495999999999999,7.361333333333333,19.257407391111112,7.4380000000000015,4.8103843,4.8222466,4.9237237,4.989927,4.7936573,0,1.0,0,0.75,-0.86,20.6,79.4
2023-03-27 12:45:00,345.346463472218,0.0,0.0,19.45555554,7.361333333333333,28.65,0,5.1764362714980825,70.66250196097344,12,0,3,1.2246467991473532e-16,-1.0,0.0,1.0,1.0,6.123233995736766e-17,197.0,221.0,301.5416666666667,8.1,19.175,100.0,61.5,-0.1250000000000001,4.702395,0.225,6.8,19.19999998333333,29.03333333333333,29.45,29.53333333333333,29.95,28.5,-12.094222206666664,0.1666666799999987,-0.1713333333333331,7.532666666666667,7.580666666666667,19.277777760000003,7.463333333333334,4.7936573,4.8103843,4.8222466,4.9237237,4.6973586,1,2.0,1,0.5,-0.82,19.3,80.7
2023-03-27 13:00:00,156.000704038894,113.6696197,113.694340944444,19.19999998333333,7.580666666666667,28.5,2,5.1764362714980825,70.66250196097344,13,0,3,-0.2588190451025208,-0.9659258262890684,0.0,1.0,1.0,6.123233995736766e-17,181.0,205.0,286.125,8.6,19.1,100.0,63.0,0.1,4.785814,0.3,6.7,19.28333331,28.65,29.03333333333333,29.45,29.53333333333333,28.45,-11.619333316666667,-0.2555555566666641,0.2193333333333331,7.361333333333333,8.336,19.314814794444445,7.491555555555557,4.6973586,4.7936573,4.8103843,4.8222466,4.7121935,0,1.0,1,0.75,-0.88,21.4,78.6
2023-03-27 13:15:00,169.568494705558,117.291141483334,117.31558493889,19.28333331,8.336,28.45,2,5.1764362714980825,70.66250196097344,13,0,3,-0.2588190451025208,-0.9659258262890684,0.0,1.0,1.0,6.123233995736766e-17,171.0,190.5,269.9375,9.725,21.25,100.0,66.25,0.25,4.8551416,0.375,6.15,19.4685185,28.5,28.65,29.03333333333333,29.45,28.03333333333333,-10.94733331,0.0833333266666649,0.7553333333333336,7.580666666666667,8.34,19.312962944444447,7.759333333333334,4.7121935,4.6973586,4.7936573,4.8103843,4.6940556,0,1.0,0,0.75,-0.86,20.7,79.3
2023-03-27 13:30:00,72.633761299996,18.217049055556,18.230937383334,19.4685185,8.34,28.03333333333333,1,5.1764362714980825,70.66250196097344,13,0,3,-0.2588190451025208,-0.9659258262890684,0.0,1.0,1.0,6.123233995736766e-17,161.0,177.5,252.97916666666663,10.85,23.4,100.0,69.5,0.4,4.912815,0.4499999999999999,5.6,19.25000001,28.45,28.5,28.65,29.03333333333333,28.05,-11.128518500000002,0.1851851900000021,0.0039999999999995,8.336,7.471333333333333,19.317283931111117,8.085555555555556,4.6940556,4.7121935,4.6973586,4.7936573,4.636829,0,1.0,1,0.75,-0.82,19.3,80.7
2023-03-27 13:45:00,128.225426244448,85.390473144444,85.411583416666,19.25000001,7.471333333333333,28.05,2,5.1764362714980825,70.66250196097344,13,0,3,-0.2588190451025208,-0.9659258262890684,0.0,1.0,1.0,6.123233995736766e-17,151.0,166.0,235.25,11.975,25.55,100.0,72.75,0.55,4.959489,0.525,5.05,19.24814817333333,28.03333333333333,28.45,28.5,28.65,28.28333333333333,-11.778666676666669,-0.218518490000001,-0.8686666666666669,8.34,6.832,19.33395060666667,8.049111111111111,4.636829,4.6940556,4.7121935,4.6973586,4.674891,0,0.0,1,1.0,-0.87,21.1,78.9
2023-03-27 14:00:00,185.802845372222,133.41910743889,133.444384211112,19.24814817333333,6.832,28.28333333333333,2,5.1764362714980825,70.66250196097344,14,0,3,-0.4999999999999997,-0.8660254037844388,0.0,1.0,1.0,6.123233995736766e-17,141.0,156.0,216.75,13.1,27.7,100.0,76.0,0.7,4.9957867,0.6,4.5,19.49444447,28.05,28.03333333333333,28.45,28.5,28.0,-12.416148173333331,-0.0018518366666668,-0.6393333333333331,7.471333333333333,6.488,19.322222227777782,7.547777777777778,4.674891,4.636829,4.6940556,4.7121935,4.6956253,0,0.0,0,1.0,-0.87,21.1,78.9
2023-03-27 14:15:00,93.924020788884,40.127561516666,40.14394976111,19.49444447,6.488,28.0,1,5.1764362714980825,70.66250196097344,14,0,3,-0.4999999999999997,-0.8660254037844388,0.0,1.0,1.0,6.123233995736766e-17,137.0,147.5,200.375,12.175,27.625,100.0,79.5,0.95,5.114215,0.6,4.175,19.37037034,28.28333333333333,28.05,28.03333333333333,28.45,28.183333333333334,-13.006444470000002,0.2462962966666673,-0.3439999999999994,6.832,6.458666666666667,19.330864217777783,6.930444444444444,4.6956253,4.674891,4.636829,4.6940556,4.6920047,0,0.0,1,1.0,-0.82,19.1,80.9
2023-03-27 14:30:00,113.147973866668,69.46777676111,69.48777596111,19.37037034,6.458666666666667,28.183333333333334,1,5.1764362714980825,70.66250196097344,14,0,3,-0.4999999999999997,-0.8660254037844388,0.0,1.0,1.0,6.123233995736766e-17,133.0,140.5,186.125,11.25,27.55,100.0,83.0,1.2,5.2249966,0.6,3.85,19.2888889,28.0,28.28333333333333,28.05,28.03333333333333,28.5,-12.911703673333337,-0.1240741300000003,-0.0293333333333336,6.488,6.725333333333333,19.370987661111112,6.592888888888889,4.6920047,4.6956253,4.674891,4.636829,4.722019,0,0.0,0,1.0,-0.85,20.1,79.9
2023-03-27 14:45:00,185.595075933332,133.424662783334,133.45105066111,19.2888889,6.725333333333333,28.5,2,5.1764362714980825,70.66250196097344,14,0,3,-0.4999999999999997,-0.8660254037844388,0.0,1.0,1.0,6.123233995736766e-17,129.0,135.0,174.0,10.325,27.475,100.0,86.5,1.45,5.328375,0.6,3.5250000000000004,19.55740743,28.183333333333334,28.0,28.28333333333333,28.05,28.5,-12.563555566666668,-0.081481440000001,0.2666666666666666,6.458666666666667,6.570666666666667,19.38456790333333,6.557333333333335,4.722019,4.6920047,4.6956253,4.674891,4.7971964,0,0.0,1,1.0,-0.86,20.7,79.3
2023-03-27 15:00:00,94.090125294438,41.203907344444,41.220851133332005,19.55740743,6.570666666666667,28.5,1,5.1764362714980825,70.66250196097344,15,0,3,-0.7071067811865471,-0.7071067811865479,0.0,1.0,1.0,6.123233995736766e-17,125.0,131.0,164.0,9.4,27.4,100.0,90.0,1.7,5.4245806,0.6,3.2,19.40555553,28.5,28.183333333333334,28.0,28.28333333333333,28.55,-12.986740763333334,0.2685185300000015,-0.1546666666666665,6.725333333333333,6.141333333333334,19.40555555666667,6.58488888888889,4.7971964,4.722019,4.6920047,4.6956253,4.762898,0,0.0,1,1.0,-0.8,18.5,81.5
2023-03-27 15:15:00,112.048017866668,67.19842305555599,67.2181445,19.40555553,6.141333333333334,28.55,1,5.1764362714980825,70.66250196097344,15,0,3,-0.7071067811865471,-0.7071067811865479,0.0,1.0,1.0,6.123233995736766e-17,125.75,128.1875,155.39583333333334,9.125,25.6,100.0,92.25,1.95,5.523009,0.625,3.1,19.29074073,28.5,28.5,28.183333333333334,28.0,28.966666666666665,-13.264222196666667,-0.1518519000000004,-0.4293333333333331,6.570666666666667,6.249333333333333,19.41728395333333,6.479111111111112,4.762898,4.7971964,4.722019,4.6920047,4.799863,0,0.0,0,1.0,-0.84,19.7,80.3
2023-03-27 15:30:00,188.926331577776,138.113086372222,138.139196444444,19.29074073,6.249333333333333,28.966666666666665,2,5.1764362714980825,70.66250196097344,15,0,3,-0.7071067811865471,-0.7071067811865479,0.0,1.0,1.0,6.123233995736766e-17,126.5,126.5625,148.1875,8.850000000000001,23.8,100.0,94.5,2.2,5.619845,0.6499999999999999,3.0,19.51111114,28.55,28.5,28.5,28.183333333333334,29.0,-13.041407396666669,-0.1148148000000013,0.1079999999999996,6.141333333333334,5.782,19.41790123,6.320444444444445,4.799863,4.762898,4.7971964,4.722019,4.8680935,0,0.0,1,1.0,-0.86,20.6,79.4
2023-03-27 15:45:00,168.140774050002,114.722910933332,114.747076616666,19.51111114,5.782,29.0,2,5.1764362714980825,70.66250196097344,15,0,3,-0.7071067811865471,-0.7071067811865479,0.0,1.0,1.0,6.123233995736766e-17,127.25,126.125,142.375,8.575000000000001,22.0,100.0,96.75,2.45,5.7151055,0.6749999999999999,2.9,19.58703705,28.966666666666665,28.55,28.5,28.5,29.0,-13.72911114,0.220370410000001,-0.4673333333333334,6.249333333333333,5.681333333333333,19.402469133333337,6.057555555555556,4.8680935,4.799863,4.762898,4.7971964,4.889863,0,0.0,0,1.0,-0.81,18.8,81.2
2023-03-27 16:00:00,84.784663877784,38.534847427778,38.551513427778,19.58703705,5.681333333333333,29.0,1,5.1764362714980825,70.66250196097344,16,0,3,-0.8660254037844385,-0.5000000000000004,0.0,1.0,1.0,6.123233995736766e-17,128.0,126.875,137.95833333333334,8.3,20.2,100.0,99.0,2.7,5.8088055,0.7,2.8,19.35555558,29.0,28.966666666666665,28.55,28.5,29.35,-13.905703716666666,0.0759259099999987,-0.1006666666666671,5.782,5.696,19.462962973333333,5.904222222222224,4.889863,4.8680935,4.799863,4.762898,4.881974,0,0.0,1,1.0,-0.79,18.2,81.8
2023-03-27 16:15:00,144.344503838886,94.848150355556,94.869260611112,19.35555558,5.696,29.35,2,5.1764362714980825,70.66250196097344,16,0,3,-0.8660254037844385,-0.5000000000000004,0.0,1.0,1.0,6.123233995736766e-17,111.25,123.25,132.97916666666666,8.375,20.0,100.0,99.25,2.625,5.7941437,0.825,2.725,19.28703703,29.0,29.0,28.966666666666665,28.55,29.5,-13.65955558,-0.2314814699999985,0.0146666666666668,5.681333333333333,5.124666666666667,19.484567923333334,5.719777777777779,4.881974,4.889863,4.8680935,4.799863,4.887171,0,0.0,1,1.0,-0.84,20.0,80.0
2023-03-27 16:30:00,186.888357450002,134.47184312777802,134.497675444444,19.28703703,5.124666666666667,29.5,2,5.1764362714980825,70.66250196097344,16,0,3,-0.8660254037844385,-0.5000000000000004,0.0,1.0,1.0,6.123233995736766e-17,94.5,115.25,127.4375,8.45,19.8,100.0,99.5,2.55,5.7794647,0.95,2.65,19.51111114,29.35,29.0,29.0,28.966666666666665,29.55,-14.162370363333334,-0.0685185500000002,-0.5713333333333326,5.696,5.274666666666667,19.409876553333334,5.500666666666668,4.887171,4.881974,4.889863,4.8680935,4.960419,0,0.0,0,1.0,-0.86,20.5,79.5
2023-03-27 16:45:00,172.998079849998,124.874171483334,124.9000038,19.51111114,5.274666666666667,29.55,2,5.1764362714980825,70.66250196097344,16,0,3,-0.8660254037844385,-0.5000000000000004,0.0,1.0,1.0,6.123233995736766e-17,77.75,102.875,121.33333333333331,8.525,19.6,100.0,99.75,2.475,5.7647667,1.075,2.575,19.546296276666663,29.5,29.35,29.0,29.0,29.966666666666665,-14.236444473333334,0.2240741100000001,0.1499999999999994,5.124666666666667,5.098666666666667,19.38456791666667,5.365111111111112,4.960419,4.887171,4.881974,4.889863,5.040778,0,0.0,0,1.0,-0.81,18.7,81.3
2023-03-27 17:00:00,59.302905605554,11.305103327778,11.318158372222,19.546296276666663,5.098666666666667,29.966666666666665,1,5.1764362714980825,70.66250196097344,17,0,3,-0.9659258262890684,-0.2588190451025206,0.0,1.0,1.0,6.123233995736766e-17,61.0,86.125,114.66666666666669,8.6,19.4,100.0,100.0,2.4,5.7500534,1.2,2.5,19.29444442,29.55,29.5,29.35,29.0,30.35,-14.44762961,0.0351851366666657,-0.1759999999999992,5.274666666666667,5.098,19.44814814888889,5.166000000000001,5.040778,4.960419,4.887171,4.881974,5.030182,0,0.0,1,1.0,-0.8,18.3,81.7
2023-03-27 17:15:00,186.880857833332,124.577238911112,124.601960155556,19.29444442,5.098,30.35,2,5.1764362714980825,70.66250196097344,17,0,3,-0.9659258262890684,-0.2588190451025206,0.0,1.0,1.0,6.123233995736766e-17,52.0,71.3125,107.58333333333331,7.975,19.05,100.0,100.0,2.275,5.6921153,1.35,2.35,19.33518518,29.966666666666665,29.55,29.5,29.35,30.5,-14.19644442,-0.2518518566666685,-0.0006666666666674,5.098666666666667,4.854666666666666,19.45061727888889,5.157111111111111,5.030182,5.040778,4.960419,4.887171,5.0671825,0,0.0,1,1.0,-0.85,20.3,79.7
2023-03-27 17:30:00,405.89626366666,136.202607211112,136.23010616111,19.33518518,4.854666666666666,30.5,2,5.1764362714980825,70.66250196097344,17,0,3,-0.9659258262890684,-0.2588190451025206,0.0,1.0,1.0,6.123233995736766e-17,43.0,58.4375,100.08333333333331,7.35,18.7,100.0,100.0,2.15,5.6346908,1.5,2.2,19.55555554,30.35,29.966666666666665,29.55,29.5,30.5,-14.480518513333331,0.040740760000002,-0.243333333333334,5.098,4.916,19.391975292222224,5.017111111111112,5.0671825,5.030182,5.040778,4.960419,5.1332846,0,0.0,0,1.0,-0.84,19.9,80.1
2023-03-27 17:45:00,122.101226938886,75.855021244444,75.874187144444,19.55555554,4.916,30.5,2,5.1764362714980825,70.66250196097344,17,0,3,-0.9659258262890684,-0.2588190451025206,0.0,1.0,1.0,6.123233995736766e-17,34.0,47.5,92.16666666666669,6.725,18.35,100.0,100.0,2.025,5.577774,1.65,2.05,19.43703705333333,30.5,30.35,29.966666666666665,29.55,30.683333333333334,-14.63955554,0.2203703600000004,0.0613333333333345,4.854666666666666,5.229333333333333,19.39506171333333,4.956222222222222,5.1332846,5.0671825,5.030182,5.040778,5.128281,0,0.0,0,1.0,-0.79,18.2,81.8
2023-03-27 18:00:00,117.470023277776,64.914903316666,64.933791444444,19.43703705333333,5.229333333333333,30.683333333333334,1,5.1764362714980825,70.66250196097344,18,0,3,-1.0,-1.8369701987210294e-16,0.0,1.0,1.0,6.123233995736766e-17,25.0,38.5,83.83333333333333,6.1,18.0,100.0,100.0,1.9,5.5213614,1.8,1.9,19.23333331,30.5,30.5,30.35,29.966666666666665,31.0,-14.207703719999998,-0.1185184866666695,0.3133333333333326,4.916,4.476666666666668,19.44259259111111,5.0,5.128281,5.1332846,5.0671825,5.030182,5.119453,0,0.0,1,1.0,-0.82,19.1,80.9
2023-03-27 18:15:00,184.425956183326,133.336888544444,133.363831949998,19.23333331,4.476666666666668,31.0,2,5.1764362714980825,70.66250196097344,18,0,3,-1.0,-1.8369701987210294e-16,0.0,1.0,1.0,6.123233995736766e-17,20.75,30.6875,75.08333333333333,6.199999999999999,17.2,100.0,100.0,1.775,5.4747324,1.875,1.775,19.387037016666667,30.683333333333334,30.5,30.5,30.35,31.0,-14.756666643333332,-0.2037037433333317,-0.7526666666666655,5.229333333333333,4.144666666666667,19.40864196777778,4.874000000000001,5.119453,5.128281,5.1332846,5.0671825,5.165991,0,0.0,1,1.0,-0.86,20.7,79.3
2023-03-27 18:30:00,183.436273488884,139.1577668,139.183876888888,19.387037016666667,4.144666666666667,31.0,2,5.1764362714980825,70.66250196097344,18,0,3,-1.0,-1.8369701987210294e-16,0.0,1.0,1.0,6.123233995736766e-17,16.5,24.0625,65.91666666666667,6.3,16.4,100.0,100.0,1.65,5.42845,1.95,1.65,19.52222225,31.0,30.683333333333334,30.5,30.5,31.95,-15.242370350000002,0.1537037066666684,-0.3320000000000007,4.476666666666668,3.829333333333333,19.352469126666666,4.61688888888889,5.165991,5.119453,5.128281,5.1332846,5.366801,0,0.0,0,1.0,-0.83,19.4,80.6
2023-03-27 18:45:00,1333.723593438886,28.087487588888,28.099709349998,19.52222225,3.829333333333333,31.95,1,5.1764362714980825,70.66250196097344,18,0,3,-1.0,-1.8369701987210294e-16,0.0,1.0,1.0,6.123233995736766e-17,12.249999999999998,18.625,56.333333333333336,6.4,15.6,100.0,100.0,1.525,5.3825107,2.025,1.525,19.31851854,31.0,31.0,30.683333333333334,30.5,34.516666666666666,-15.69288891666667,0.1351852333333347,-0.3153333333333337,4.144666666666667,3.707333333333333,19.380864192222223,4.150222222222223,5.366801,5.165991,5.119453,5.128281,5.728875,0,0.0,1,1.0,-0.79,18.2,81.8
2023-03-27 19:00:00,1118.837467027774,95.1995252,95.221746594442,19.31851854,3.707333333333333,34.516666666666666,2,5.1764362714980825,70.66250196097344,19,0,3,-0.9659258262890684,0.2588190451025203,0.0,1.0,1.0,6.123233995736766e-17,8.0,14.375,46.333333333333336,6.5,14.8,100.0,100.0,1.4,5.3369126,2.1,1.4,19.26666669,31.95,31.0,31.0,30.683333333333334,34.2,-15.611185206666669,-0.2037037100000027,-0.1219999999999998,3.829333333333333,3.388,19.40925926888889,3.893777777777778,5.728875,5.366801,5.165991,5.119453,5.6590123,0,0.0,1,1.0,-0.82,19.3,80.7
2023-03-27 19:15:00,241.569781438882,167.236088088888,167.273864427774,19.26666669,3.388,34.2,2,5.1764362714980825,70.66250196097344,19,0,3,-0.9659258262890684,0.2588190451025203,0.0,1.0,1.0,6.123233995736766e-17,6.25,10.75,37.583333333333336,6.325,14.7,100.0,100.0,1.2,5.2736435,1.95,1.225,19.52592592333333,34.516666666666666,31.95,31.0,31.0,32.88333333333333,-15.87866669,-0.0518518499999984,-0.3193333333333332,3.707333333333333,3.1413333333333333,19.369135826666668,3.641555555555556,5.6590123,5.728875,5.366801,5.165991,5.5247803,0,0.0,0,1.0,-0.84,19.8,80.2
2023-03-27 19:30:00,171.04454686111,50.425205144444,50.475203177776,19.52592592333333,3.1413333333333333,32.88333333333333,1,5.1764362714980825,70.66250196097344,19,0,3,-0.9659258262890684,0.2588190451025203,0.0,1.0,1.0,6.123233995736766e-17,4.5,7.75,30.08333333333333,6.15,14.6,100.0,100.0,1.0,5.2110333,1.8,1.0499999999999998,19.38888887,34.2,34.516666666666666,31.95,31.0,32.55,-16.38459259,0.2592592333333314,-0.2466666666666666,3.388,3.0626666666666664,19.370370384444445,3.4122222222222227,5.5247803,5.6590123,5.728875,5.366801,5.4248815,0,0.0,1,1.0,-0.78,18.0,82.0
2023-03-27 19:45:00,210.066874788888,44.667935411112,44.735432761110005,19.38888887,3.0626666666666664,32.55,1,5.1764362714980825,70.66250196097344,19,0,3,-0.9659258262890684,0.2588190451025203,0.0,1.0,1.0,6.123233995736766e-17,2.75,5.375,23.83333333333333,5.975,14.5,100.0,100.0,0.7999999999999999,5.1490755,1.65,0.875,19.11481485,32.88333333333333,34.2,34.516666666666666,31.95,33.15,-16.326222203333337,-0.13703705333333,-0.0786666666666668,3.1413333333333333,2.922,19.393827161111115,3.1973333333333342,5.4248815,5.5247803,5.6590123,5.728875,5.436405,0,0.0,0,1.0,-0.82,19.1,80.9
2023-03-27 20:00:00,773.429061500004,135.238479144444,135.323197972222,19.11481485,2.922,33.15,2,5.1764362714980825,70.66250196097344,20,0,3,-0.8660254037844386,0.5000000000000001,0.0,1.0,1.0,6.123233995736766e-17,1.0,3.625,18.83333333333333,5.8,14.4,100.0,100.0,0.6,5.0877643,1.5,0.7,19.31666668,32.55,32.88333333333333,34.2,34.516666666666666,33.4,-16.19281485,-0.2740740200000005,-0.1406666666666667,3.0626666666666664,3.016,19.34320988111111,3.0420000000000003,5.436405,5.4248815,5.5247803,5.6590123,5.5429344,0,0.0,1,1.0,-0.88,21.3,78.7
2023-03-27 20:15:00,214.627803411112,58.2568363,58.33322216111,19.31666668,3.016,33.4,1,5.1764362714980825,70.66250196097344,20,0,3,-0.8660254037844386,0.5000000000000001,0.0,1.0,1.0,6.123233995736766e-17,0.75,2.25,14.5625,6.225,14.95,100.0,100.0,0.65,5.0964837,1.325,0.725,19.23518518333333,33.15,32.55,32.88333333333333,34.2,32.75,-16.30066668,0.2018518299999989,0.0940000000000003,2.922,2.948666666666667,19.2734568,3.0002222222222223,5.5429344,5.436405,5.4248815,5.5247803,5.4090433,0,0.0,1,1.0,-0.83,19.5,80.5
2023-03-27 20:30:00,201.189174344444,61.341435127778,61.416987738886,19.23518518333333,2.948666666666667,32.75,1,5.1764362714980825,70.66250196097344,20,0,3,-0.8660254037844386,0.5000000000000001,0.0,1.0,1.0,6.123233995736766e-17,0.5,1.25,11.020833333333334,6.65,15.5,100.0,100.0,0.7,5.105216,1.15,0.75,19.12222223,33.4,33.15,32.55,32.88333333333333,33.0,-16.286518516666664,-0.0814814966666688,-0.067333333333333,3.016,3.045333333333333,19.222222237777785,2.962222222222223,5.4090433,5.5429344,5.436405,5.4248815,5.4141693,0,0.0,0,1.0,-0.85,20.3,79.7
2023-03-27 20:45:00,272.035507077776,138.2403035,138.32418904444398,19.12222223,3.045333333333333,33.0,2,5.1764362714980825,70.66250196097344,20,0,3,-0.8660254037844386,0.5000000000000001,0.0,1.0,1.0,6.123233995736766e-17,0.25,0.625,8.208333333333334,7.075,16.05,100.0,100.0,0.75,5.113962,0.975,0.775,19.309259256666667,32.75,33.4,33.15,32.55,32.81666666666667,-16.076888896666667,-0.1129629533333336,0.0966666666666662,2.948666666666667,2.789333333333333,19.224691364444443,3.003333333333334,5.4141693,5.4090433,5.5429344,5.436405,5.4437513,0,0.0,1,1.0,-0.88,21.2,78.8
2023-03-27 21:00:00,261.2087179,108.048177916666,108.126230411108,19.309259256666667,2.789333333333333,32.81666666666667,2,5.1764362714980825,70.66250196097344,21,0,3,-0.7071067811865477,0.7071067811865474,0.0,1.0,1.0,6.123233995736766e-17,0.0,0.375,6.125,7.5,16.6,100.0,100.0,0.8,5.1227207,0.8,0.8,19.21111112,33.0,32.75,33.4,33.15,32.8,-16.519925923333336,0.187037026666669,-0.2560000000000002,3.045333333333333,2.803333333333333,19.222222223333336,2.9277777777777785,5.4437513,5.4141693,5.4090433,5.5429344,5.4096236,0,0.0,0,1.0,-0.83,19.7,80.3
2023-03-27 21:15:00,265.583543016662,128.786792772222,128.869011749998,19.21111112,2.803333333333333,32.8,2,5.1764362714980825,70.66250196097344,21,0,3,-0.7071067811865477,0.7071067811865474,0.0,1.0,1.0,6.123233995736766e-17,0.0,0.1875,4.395833333333333,7.075,16.400000000000002,100.0,100.0,0.775,5.113962,0.775,0.775,19.34444441333333,32.81666666666667,33.0,32.75,33.4,32.53333333333333,-16.407777786666667,-0.0981481366666656,0.0140000000000002,2.789333333333333,2.44,19.21419753555556,2.8793333333333337,5.4096236,5.4437513,5.4141693,5.4090433,5.4079404,0,0.0,0,1.0,-0.86,20.5,79.5
2023-03-27 21:30:00,131.573070166668,27.703614044444,27.75166772222,19.34444441333333,2.44,32.53333333333333,1,5.1764362714980825,70.66250196097344,21,0,3,-0.7071067811865477,0.7071067811865474,0.0,1.0,1.0,6.123233995736766e-17,0.0,0.0625,3.020833333333333,6.65,16.200000000000003,100.0,100.0,0.75,5.105216,0.75,0.75,19.166666650000003,32.8,32.81666666666667,33.0,32.75,32.5,-16.904444413333334,0.1333332933333331,-0.3633333333333333,2.803333333333333,2.1813333333333333,19.28827159666667,2.677555555555556,5.4079404,5.4096236,5.4437513,5.4141693,5.346125,0,0.0,1,1.0,-0.83,19.5,80.5
2023-03-27 21:45:00,210.181036888888,129.915080972222,129.937302283334,19.166666650000003,2.1813333333333333,32.5,2,5.1764362714980825,70.66250196097344,21,0,3,-0.7071067811865477,0.7071067811865474,0.0,1.0,1.0,6.123233995736766e-17,0.0,0.0,2.0,6.225,16.0,100.0,100.0,0.725,5.0964837,0.725,0.725,19.33888887333333,32.53333333333333,32.8,32.81666666666667,33.0,32.13333333333333,-16.98533331666667,-0.1777777633333315,-0.2586666666666666,2.44,2.1546666666666665,19.24074072777778,2.4748888888888896,5.346125,5.4079404,5.4096236,5.4437513,5.339703,0,0.0,1,1.0,-0.87,20.9,79.1
2023-03-27 22:00:00,86.519594627778,23.992929144444,24.004873083334,19.33888887333333,2.1546666666666665,32.13333333333333,1,5.1764362714980825,70.66250196097344,22,0,3,-0.5000000000000004,0.8660254037844384,0.0,1.0,1.0,6.123233995736766e-17,0.0,0.0,1.3333333333333333,5.8,15.8,100.0,100.0,0.7,5.0877643,0.7,0.7,19.2,32.5,32.53333333333333,32.8,32.81666666666667,31.9,-17.184222206666668,0.1722222233333319,-0.0266666666666668,2.1813333333333333,2.1300000000000003,19.283333312222226,2.258666666666667,5.339703,5.346125,5.4079404,5.4096236,5.2577453,0,0.0,1,1.0,-0.83,19.6,80.4
2023-03-27 22:15:00,457.799742811112,104.965801183334,104.9883003,19.2,2.1300000000000003,31.9,2,5.1764362714980825,70.66250196097344,22,0,3,-0.5000000000000004,0.8660254037844384,0.0,1.0,1.0,6.123233995736766e-17,0.0,0.0,0.8125,5.45,15.0,100.0,100.0,0.725,5.0964837,0.625,0.725,19.264814816666668,32.13333333333333,32.5,32.53333333333333,32.8,32.1,-17.07,-0.138888873333336,-0.0246666666666661,2.1546666666666665,2.182,19.23518517444445,2.155333333333334,5.2577453,5.339703,5.346125,5.4079404,5.31095,0,0.0,1,1.0,-0.86,20.8,79.2
2023-03-27 22:30:00,138.338355111112,58.9568083,58.97319656111,19.264814816666668,2.182,32.1,1,5.1764362714980825,70.66250196097344,22,0,3,-0.5000000000000004,0.8660254037844384,0.0,1.0,1.0,6.123233995736766e-17,0.0,0.0,0.4375,5.1,14.2,100.0,100.0,0.75,5.105216,0.55,0.75,19.27777775,31.9,32.13333333333333,32.5,32.53333333333333,31.9,-17.08281481666667,0.0648148166666686,0.0519999999999996,2.1300000000000003,2.1666666666666665,19.267901230000003,2.1555555555555563,5.31095,5.2577453,5.339703,5.346125,5.2818913,0,0.0,1,1.0,-0.85,20.2,79.8
2023-03-27 22:45:00,132.284708449998,81.953666172222,81.972832055556,19.27777775,2.1666666666666665,31.9,2,5.1764362714980825,70.66250196097344,22,0,3,-0.5000000000000004,0.8660254037844384,0.0,1.0,1.0,6.123233995736766e-17,0.0,0.0,0.2083333333333333,4.75,13.4,100.0,100.0,0.775,5.113962,0.475,0.775,19.220370366666668,32.1,31.9,32.13333333333333,32.5,32.28333333333333,-17.11111108333333,0.0129629333333305,-0.0153333333333334,2.182,2.204,19.24753085555556,2.1595555555555563,5.2818913,5.31095,5.2577453,5.339703,5.3273177,0,0.0,1,1.0,-0.85,20.1,79.9
2023-03-27 23:00:00,130.620330661106,87.583163216666,87.60232913333199,19.220370366666668,2.204,32.28333333333333,2,5.1764362714980825,70.66250196097344,23,0,3,-0.2588190451025215,0.965925826289068,0.0,1.0,1.0,6.123233995736766e-17,0.0,0.0,0.125,4.4,12.6,100.0,100.0,0.8,5.1227207,0.4,0.8,19.28888891,31.9,32.1,31.9,32.13333333333333,31.75,-17.016370366666667,-0.0574073833333308,0.0373333333333336,2.1666666666666665,1.984,19.25432097777778,2.184222222222223,5.3273177,5.2818913,5.31095,5.2577453,5.260495,0,0.0,0,1.0,-0.86,20.5,79.5
2023-03-27 23:15:00,112.979647233336,50.340208527778,50.3546524,19.28888891,1.984,31.75,1,5.1764362714980825,70.66250196097344,23,0,3,-0.2588190451025215,0.965925826289068,0.0,1.0,1.0,6.123233995736766e-17,0.0,0.0,0.0625,4.050000000000001,11.875,100.0,100.0,0.8250000000000001,5.131492,0.325,0.8250000000000001,19.15185188666667,32.28333333333333,31.9,32.1,31.9,32.25,-17.304888910000003,0.068518543333333,-0.2200000000000004,2.204,1.988,19.262345675555554,2.1182222222222227,5.260495,5.3273177,5.2818913,5.31095,5.30037,0,0.0,1,1.0,-0.84,20.1,79.9
2023-03-27 23:30:00,197.650982494446,144.88698203889,144.910036683334,19.15185188666667,1.988,32.25,2,5.1764362714980825,70.66250196097344,23,0,3,-0.2588190451025215,0.965925826289068,0.0,1.0,1.0,6.123233995736766e-17,0.0,0.0,0.0208333333333333,3.7,11.15,100.0,100.0,0.8500000000000001,5.1402774,0.25,0.8500000000000001,19.40000001,31.75,32.28333333333333,31.9,32.1,31.65,-17.16385188666667,-0.1370370233333311,0.0040000000000002,1.984,2.051333333333333,19.22037038777778,2.0586666666666678,5.30037,5.260495,5.3273177,5.2818913,5.278334,0,0.0,1,1.0,-0.87,21.1,78.9
2023-03-27 23:45:00,69.445555633324,21.564692927778,21.571914955552,19.40000001,2.051333333333333,31.65,1,5.1764362714980825,70.66250196097344,23,0,3,-0.2588190451025215,0.965925826289068,0.0,1.0,1.0,6.123233995736766e-17,0.0,0.0,0.0,3.35,10.425,100.0,100.0,0.875,5.1490755,0.175,0.875,19.18888892,32.25,31.75,32.28333333333333,31.9,31.683333333333334,-17.348666676666667,0.2481481233333298,0.0633333333333334,1.988,2.138,19.28024693555556,2.0077777777777785,5.278334,5.30037,5.260495,5.3273177,5.2186165,0,0.0,1,1.0,-0.82,19.2,80.8
2023-03-28 00:00:00,186.778084177776,126.19884076111,126.21772892222,19.18888892,2.138,31.683333333333334,2,5.1764362714980825,70.66250196097344,0,1,3,0.0,1.0,0.7818314824680298,0.6234898018587336,1.0,6.123233995736766e-17,0.0,0.0,0.0,3.0,9.7,100.0,100.0,0.9,5.157887,0.1,0.9,19.32222224,31.65,32.25,31.75,32.28333333333333,31.65,-17.05088892,-0.2111110899999992,0.0866666666666664,2.051333333333333,2.1540000000000004,19.24691360555556,2.059111111111112,5.2186165,5.278334,5.30037,5.260495,5.2542276,0,0.0,1,1.0,-0.87,20.9,79.1
2023-03-28 00:15:00,110.977505188888,63.499959883334,63.515237055556,19.32222224,2.1540000000000004,31.65,1,5.1764362714980825,70.66250196097344,0,1,3,0.0,1.0,0.7818314824680298,0.6234898018587336,1.0,6.123233995736766e-17,0.0,0.0,0.0,3.6,9.7,100.0,100.0,0.9,5.157887,0.075,0.9,19.28703704,31.683333333333334,31.65,32.25,31.75,31.5,-17.16822224,0.1333333199999984,0.0160000000000004,2.138,2.311333333333333,19.30370372333333,2.114444444444445,5.2542276,5.2186165,5.278334,5.30037,5.218505,0,0.0,1,1.0,-0.84,19.8,80.2
2023-03-28 00:30:00,135.970949894442,95.9444954,95.963939105554,19.28703704,2.311333333333333,31.5,2,5.1764362714980825,70.66250196097344,0,1,3,0.0,1.0,0.7818314824680298,0.6234898018587336,1.0,6.123233995736766e-17,0.0,0.0,0.0,4.2,9.7,100.0,100.0,0.9,5.157887,0.05,0.9,19.25000001,31.65,31.683333333333334,31.65,32.25,31.45,-16.975703706666664,-0.0351852000000008,0.1573333333333328,2.1540000000000004,2.522666666666667,19.2660494,2.201111111111112,5.218505,5.2542276,5.2186165,5.278334,5.1988688,0,0.0,1,1.0,-0.85,20.1,79.9
2023-03-28 00:45:00,189.550750983334,140.727981722224,140.753258544444,19.25000001,2.522666666666667,31.45,2,5.1764362714980825,70.66250196097344,0,1,3,0.0,1.0,0.7818314824680298,0.6234898018587336,1.0,6.123233995736766e-17,0.0,0.0,0.0,4.800000000000001,9.7,100.0,100.0,0.9,5.157887,0.0249999999999999,0.9,19.403703713333336,31.5,31.65,31.683333333333334,31.65,31.03333333333333,-16.727333343333335,-0.0370370299999969,0.2113333333333336,2.311333333333333,2.552666666666666,19.28641976333333,2.329333333333334,5.1988688,5.218505,5.2542276,5.2186165,5.176619,0,0.0,0,1.0,-0.86,20.4,79.6
2023-03-28 01:00:00,146.99328686666,100.490980216666,100.510701694442,19.403703713333336,2.552666666666666,31.03333333333333,2,5.1764362714980825,70.66250196097344,1,1,3,0.2588190451025207,0.9659258262890684,0.7818314824680298,0.6234898018587336,1.0,6.123233995736766e-17,0.0,0.0,0.0,5.4,9.7,100.0,100.0,0.9,5.157887,0.0,0.9,19.14444448,31.45,31.5,31.65,31.683333333333334,31.35,-16.85103704666667,0.1537037033333348,0.0299999999999998,2.522666666666667,2.44,19.31358025444445,2.462222222222223,5.176619,5.1988688,5.218505,5.2542276,5.150204,0,0.0,0,1.0,-0.82,19.3,80.7
2023-03-28 01:15:00,169.045182355556,131.073645727778,131.097533655556,19.14444448,2.44,31.35,2,5.1764362714980825,70.66250196097344,1,1,3,0.2588190451025207,0.9659258262890684,0.7818314824680298,0.6234898018587336,1.0,6.123233995736766e-17,0.0,0.0,0.0,6.050000000000001,11.15,100.0,100.0,0.9,5.157887,0.0,0.9,19.34444446,31.03333333333333,31.45,31.5,31.65,31.316666666666663,-16.70444448,-0.259259233333335,-0.1126666666666666,2.552666666666666,2.44,19.266049401111115,2.5051111111111117,5.150204,5.176619,5.1988688,5.218505,5.2056975,0,0.0,0,1.0,-0.88,21.4,78.6
2023-03-28 01:30:00,119.409945627778,76.360001027778,76.378889155556,19.34444446,2.44,31.316666666666663,2,5.1764362714980825,70.66250196097344,1,1,3,0.2588190451025207,0.9659258262890684,0.7818314824680298,0.6234898018587336,1.0,6.123233995736766e-17,0.0,0.0,0.0,6.7,12.6,100.0,100.0,0.9,5.157887,0.0,0.9,19.36111109,31.35,31.03333333333333,31.45,31.5,31.05,-16.904444459999997,0.1999999799999976,0.0,2.44,2.476,19.297530884444445,2.477555555555556,5.2056975,5.150204,5.176619,5.1988688,5.166435,0,0.0,0,1.0,-0.83,19.7,80.3
2023-03-28 01:45:00,106.867391783334,63.7041184,63.721617716666,19.36111109,2.476,31.05,1,5.1764362714980825,70.66250196097344,1,1,3,0.2588190451025207,0.9659258262890684,0.7818314824680298,0.6234898018587336,1.0,6.123233995736766e-17,0.0,0.0,0.0,7.35,14.05,100.0,100.0,0.9,5.157887,0.0,0.9,19.207407386666667,31.316666666666663,31.35,31.03333333333333,31.45,31.466666666666665,-16.885111090000002,0.0166666300000031,0.036,2.44,2.4373333333333336,19.283333343333336,2.4520000000000004,5.166435,5.2056975,5.150204,5.176619,5.1885886,0,0.0,1,1.0,-0.83,19.6,80.4
2023-03-28 02:00:00,171.037602772218,132.69913628888798,132.724690833332,19.207407386666667,2.4373333333333336,31.466666666666665,2,5.1764362714980825,70.66250196097344,2,1,3,0.4999999999999999,0.8660254037844387,0.7818314824680298,0.6234898018587336,1.0,6.123233995736766e-17,0.0,0.0,0.0,8.0,15.5,100.0,100.0,0.9,5.157887,0.0,0.9,19.46666668,31.05,31.316666666666663,31.35,31.03333333333333,31.15,-16.77007405333333,-0.1537037033333348,-0.0386666666666664,2.476,2.444,19.30432097888889,2.451111111111112,5.1885886,5.166435,5.2056975,5.150204,5.215358,0,0.0,1,1.0,-0.87,20.8,79.2
2023-03-28 02:15:00,73.381231333332,32.530087611112,32.543420427778,19.46666668,2.444,31.15,1,5.1764362714980825,70.66250196097344,2,1,3,0.4999999999999999,0.8660254037844387,0.7818314824680298,0.6234898018587336,1.0,6.123233995736766e-17,0.0,0.0,0.0,7.925,15.5,100.0,99.75,0.85,5.1449924,0.0,0.9,19.266666646666668,31.466666666666665,31.05,31.316666666666663,31.35,31.183333333333334,-17.02266668,0.2592592933333328,0.0066666666666663,2.4373333333333336,2.4366666666666665,19.34506171888889,2.452444444444445,5.215358,5.1885886,5.166435,5.2056975,5.1598496,0,0.0,1,1.0,-0.81,18.7,81.3
2023-03-28 02:30:00,416.614168033336,108.985918172222,109.0073062,19.266666646666668,2.4366666666666665,31.183333333333334,2,5.1764362714980825,70.66250196097344,2,1,3,0.4999999999999999,0.8660254037844387,0.7818314824680298,0.6234898018587336,1.0,6.123233995736766e-17,0.0,0.0,0.0,7.85,15.5,100.0,99.5,0.8,5.1320977,0.0,0.9,19.32222223,31.15,31.466666666666665,31.05,31.316666666666663,31.45,-16.82999998,-0.2000000333333318,-0.0073333333333334,2.444,2.362,19.31358023777778,2.439333333333334,5.1598496,5.215358,5.1885886,5.166435,5.2210255,0,0.0,1,1.0,-0.85,20.4,79.6
2023-03-28 02:45:00,148.367120727774,107.886795488888,107.909016816666,19.32222223,2.362,31.45,2,5.1764362714980825,70.66250196097344,2,1,3,0.4999999999999999,0.8660254037844387,0.7818314824680298,0.6234898018587336,1.0,6.123233995736766e-17,0.0,0.0,0.0,7.775,15.5,100.0,99.25,0.75,5.119203,0.0,0.9,19.442592626666663,31.183333333333334,31.15,31.466666666666665,31.05,31.03333333333333,-16.96022223,0.0555555833333336,-0.0746666666666664,2.4366666666666665,2.378,19.35185185222222,2.414222222222223,5.2210255,5.1598496,5.215358,5.1885886,5.188474,0,0.0,0,1.0,-0.84,19.8,80.2
2023-03-28 03:00:00,87.26400921667,47.861141027778,47.876418183334,19.442592626666663,2.378,31.03333333333333,1,5.1764362714980825,70.66250196097344,3,1,3,0.7071067811865476,0.7071067811865476,0.7818314824680298,0.6234898018587336,1.0,6.123233995736766e-17,0.0,0.0,0.0,7.7,15.5,100.0,99.0,0.7,5.1063085,0.0,0.9,19.31111113,31.45,31.183333333333334,31.15,31.466666666666665,31.3,-17.064592626666666,0.1203703966666651,0.016,2.362,2.3800000000000003,19.34382716777778,2.3922222222222227,5.188474,5.2210255,5.1598496,5.215358,5.192728,0,0.0,1,1.0,-0.81,18.9,81.1
2023-03-28 03:15:00,205.943984277772,166.327791088888,166.35529002222,19.31111113,2.3800000000000003,31.3,2,5.1764362714980825,70.66250196097344,3,1,3,0.7071067811865476,0.7071067811865476,0.7818314824680298,0.6234898018587336,1.0,6.123233995736766e-17,0.0,0.0,0.0,7.5,15.125,100.0,98.75,0.6499999999999999,5.084712,0.0,0.875,19.54814814333333,31.03333333333333,31.45,31.183333333333334,31.15,31.03333333333333,-16.931111129999998,-0.1314814966666695,0.0020000000000002,2.378,2.283333333333333,19.35864199555556,2.373333333333334,5.192728,5.188474,5.2210255,5.1598496,5.2207723,0,0.0,1,1.0,-0.84,20.0,80.0
2023-03-28 03:30:00,64.396035205554,19.844206216666,19.856427927778,19.54814814333333,2.283333333333333,31.03333333333333,1,5.1764362714980825,70.66250196097344,3,1,3,0.7071067811865476,0.7071067811865476,0.7818314824680298,0.6234898018587336,1.0,6.123233995736766e-17,0.0,0.0,0.0,7.300000000000001,14.75,100.0,98.5,0.6,5.0631733,0.0,0.8500000000000001,19.36111112,31.3,31.03333333333333,31.45,31.183333333333334,31.0,-17.264814809999997,0.2370370133333352,-0.0966666666666671,2.3800000000000003,2.28,19.43395063333333,2.347111111111112,5.2207723,5.192728,5.188474,5.2210255,5.158116,0,0.0,1,1.0,-0.79,18.1,81.9
2023-03-28 03:45:00,175.489091355552,135.168481927778,135.191814327778,19.36111112,2.28,31.0,2,5.1764362714980825,70.66250196097344,3,1,3,0.7071067811865476,0.7071067811865476,0.7818314824680298,0.6234898018587336,1.0,6.123233995736766e-17,0.0,0.0,0.0,7.1000000000000005,14.375,100.0,98.25,0.55,5.0416913,0.0,0.8250000000000001,19.514814803333334,31.03333333333333,31.3,31.03333333333333,31.45,30.816666666666663,-17.08111112,-0.1870370233333318,-0.0033333333333334,2.283333333333333,2.214,19.406790131111112,2.314444444444445,5.158116,5.2207723,5.192728,5.188474,5.1741767,0,0.0,1,1.0,-0.83,19.6,80.4
2023-03-28 04:00:00,119.104680188884,80.0001332,80.01679923333201,19.514814803333334,2.214,30.816666666666663,2,5.1764362714980825,70.66250196097344,4,1,3,0.8660254037844386,0.5000000000000001,0.7818314824680298,0.6234898018587336,1.0,6.123233995736766e-17,0.0,0.0,0.0,6.9,14.0,100.0,98.0,0.5,5.0202665,0.0,0.8,19.45555557,31.0,31.03333333333333,31.3,31.03333333333333,30.55,-17.300814803333335,0.1537036833333331,-0.0659999999999998,2.28,2.1766666666666667,19.47469135555556,2.2591111111111117,5.1741767,5.158116,5.2207723,5.192728,5.111561,0,0.0,0,1.0,-0.8,18.4,81.6
2023-03-28 04:15:00,126.622990277784,77.513565966668,77.530231966668,19.45555557,2.1766666666666667,30.55,2,5.1764362714980825,70.66250196097344,4,1,3,0.8660254037844386,0.5000000000000001,0.7818314824680298,0.6234898018587336,1.0,6.123233995736766e-17,0.0,0.0,0.0,6.875,13.65,91.0,98.25,0.475,5.0158744,0.0,0.75,19.314814786666663,30.816666666666663,31.0,31.03333333333333,31.3,30.78333333333333,-17.278888903333335,-0.0592592333333321,-0.0373333333333332,2.214,2.1933333333333334,19.443827164444446,2.223555555555556,5.111561,5.1741767,5.158116,5.2207723,5.108124,0,0.0,0,1.0,-0.81,18.9,81.1
2023-03-28 04:30:00,191.271515549998,153.58524526111,153.612744194442,19.314814786666663,2.1933333333333334,30.78333333333333,2,5.1764362714980825,70.66250196097344,4,1,3,0.8660254037844386,0.5000000000000001,0.7818314824680298,0.6234898018587336,1.0,6.123233995736766e-17,0.0,0.0,0.0,6.85,13.3,82.0,98.5,0.45,5.0114484,0.0,0.7,19.57777778,30.55,30.816666666666663,31.0,31.03333333333333,30.5,-17.12148145333333,-0.1407407833333351,0.0166666666666666,2.1766666666666667,2.1286666666666667,19.428395053333336,2.194666666666667,5.108124,5.111561,5.1741767,5.158116,5.1399903,0,0.0,0,1.0,-0.84,20.0,80.0
2023-03-28 04:45:00,76.42472063889,42.139425455556,42.153591555556,19.57777778,2.1286666666666667,30.5,1,5.1764362714980825,70.66250196097344,4,1,3,0.8660254037844386,0.5000000000000001,0.7818314824680298,0.6234898018587336,1.0,6.123233995736766e-17,0.0,0.0,0.0,6.825,12.95,73.0,98.75,0.425,5.0069857,0.0,0.65,19.377777746666663,30.78333333333333,30.55,30.816666666666663,31.0,30.5,-17.449111113333334,0.2629629933333355,-0.0646666666666666,2.1933333333333334,2.079333333333333,19.449382712222228,2.1662222222222227,5.1399903,5.108124,5.111561,5.1741767,5.0799003,0,0.0,1,1.0,-0.78,18.0,82.0
2023-03-28 05:00:00,156.602624627774,105.395228455556,105.415505444444,19.377777746666663,2.079333333333333,30.5,2,5.1764362714980825,70.66250196097344,5,1,3,0.9659258262890684,0.2588190451025207,0.7818314824680298,0.6234898018587336,1.0,6.123233995736766e-17,0.0,0.0,0.0,6.8,12.6,64.0,99.0,0.4,5.002487,0.0,0.6,19.15555557,30.5,30.78333333333333,30.55,30.816666666666663,30.5,-17.298444413333332,-0.2000000333333353,-0.0493333333333336,2.1286666666666667,1.9813333333333327,19.42345677111112,2.133777777777778,5.0799003,5.1399903,5.108124,5.111561,5.013849,0,0.0,1,1.0,-0.83,19.6,80.4
2023-03-28 05:15:00,133.714929072218,97.2602761,97.282775233332,19.15555557,1.9813333333333327,30.5,2,5.1764362714980825,70.66250196097344,5,1,3,0.9659258262890684,0.2588190451025207,0.7818314824680298,0.6234898018587336,1.0,6.123233995736766e-17,0.0,0.0,0.0,6.925,12.775,73.0,99.0,0.05,4.8753195,0.0,0.2249999999999999,18.90740742,30.5,30.5,30.78333333333333,30.55,30.683333333333334,-17.17422223666667,-0.2222221766666656,-0.0979999999999998,2.079333333333333,1.8613333333333333,19.370370365555555,2.063111111111111,5.013849,5.0799003,5.1399903,5.108124,4.97067,0,0.0,0,1.0,-0.88,21.4,78.6
2023-03-28 05:30:00,178.909232327774,146.1458206,146.17220846111,18.90740742,1.8613333333333333,30.683333333333334,2,5.1764362714980825,70.66250196097344,5,1,3,0.9659258262890684,0.2588190451025207,0.7818314824680298,0.6234898018587336,1.0,6.123233995736766e-17,0.0,0.0,0.0,7.05,12.95,82.0,99.0,-0.2999999999999999,4.750995,0.0,-0.15,19.26666668,30.5,30.5,30.5,30.78333333333333,30.6,-17.046074086666668,-0.2481481499999986,-0.1199999999999998,1.9813333333333327,1.7306666666666668,19.14691357888889,1.9740000000000004,4.97067,5.013849,5.0799003,5.1399903,5.0633264,0,0.0,0,1.0,-0.94,23.6,76.4
2023-03-28 05:45:00,185.442026372226,132.969125455556,132.993291188888,19.26666668,1.7306666666666668,30.6,2,5.1764362714980825,70.66250196097344,5,1,3,0.9659258262890684,0.2588190451025207,0.7818314824680298,0.6234898018587336,1.0,6.123233995736766e-17,0.0,0.0,0.0,7.175,13.125,91.0,99.0,-0.6499999999999998,4.629462,0.0,-0.525,19.54629632,30.683333333333334,30.5,30.5,30.5,30.03333333333333,-17.536000013333332,0.3592592599999982,-0.1306666666666665,1.8613333333333333,1.6106666666666667,19.109876556666663,1.857777777777778,5.0633264,4.97067,5.013849,5.0799003,5.0519915,0,0.0,0,1.0,-0.86,20.5,79.5
2023-03-28 06:00:00,97.971914266668,55.702771766668,55.716937850002,19.54629632,1.6106666666666667,30.03333333333333,1,5.1764362714980825,70.66250196097344,6,1,3,1.0,6.123233995736766e-17,0.7818314824680298,0.6234898018587336,1.0,6.123233995736766e-17,0.0,0.0,0.0,7.3,13.3,100.0,99.0,-1.0,4.5106645,0.0,-0.9,19.34444446,30.6,30.683333333333334,30.5,30.5,30.45,-17.935629653333333,0.2796296399999995,-0.1200000000000001,1.7306666666666668,1.4166666666666667,19.24012347333333,1.7342222222222228,5.0519915,5.0633264,4.97067,5.013849,5.061633,0,0.0,1,1.0,-0.79,18.3,81.7
2023-03-28 06:15:00,278.547468755556,169.296283444444,169.324060133332,19.34444446,1.4166666666666667,30.45,2,5.1764362714980825,70.66250196097344,6,1,3,1.0,6.123233995736766e-17,0.7818314824680298,0.6234898018587336,1.0,6.123233995736766e-17,0.0,0.0,0.0,7.625,14.2,100.0,99.0,-1.15,4.4639,0.0,-1.05,19.609259266666665,30.03333333333333,30.6,30.683333333333334,30.5,31.433333333333334,-17.92777779333333,-0.2018518600000014,-0.1939999999999999,1.6106666666666667,1.4386666666666663,19.385802486666663,1.5860000000000003,5.061633,5.0519915,5.0633264,4.97067,5.3070846,0,0.0,1,1.0,-0.84,19.9,80.1
2023-03-28 06:30:00,106.969609827782,52.424847372222,52.440402316666,19.609259266666665,1.4386666666666663,31.433333333333334,1,5.1764362714980825,70.66250196097344,6,1,3,1.0,6.123233995736766e-17,0.7818314824680298,0.6234898018587336,1.0,6.123233995736766e-17,0.0,0.0,0.0,7.949999999999999,15.1,100.0,99.0,-1.3,4.4175615,0.0,-1.2,19.3777778,30.45,30.03333333333333,30.6,30.683333333333334,31.55,-18.1705926,0.2648148066666671,0.0219999999999997,1.4166666666666667,1.3726666666666667,19.50000001555556,1.488666666666667,5.3070846,5.061633,5.0519915,5.0633264,5.254782,0,0.0,1,1.0,-0.77,17.6,82.4
2023-03-28 06:45:00,348.841601411108,69.933869216666,69.953312855556,19.3777778,1.3726666666666667,31.55,1,5.1764362714980825,70.66250196097344,6,1,3,1.0,6.123233995736766e-17,0.7818314824680298,0.6234898018587336,1.0,6.123233995736766e-17,0.0,0.0,0.0,8.275,16.0,100.0,99.0,-1.4500000000000002,4.371647,0.0,-1.35,19.1425926,31.433333333333334,30.45,30.03333333333333,30.6,31.966666666666665,-18.005111133333333,-0.2314814666666649,-0.0659999999999998,1.4386666666666663,1.2633333333333332,19.44382717555556,1.4093333333333338,5.254782,5.3070846,5.061633,5.0519915,5.250938,0,0.0,0,1.0,-0.83,19.4,80.6
2023-03-28 07:00:00,179.98196701667,147.834364155556,147.860752016666,19.1425926,1.2633333333333332,31.966666666666665,2,5.1764362714980825,70.66250196097344,7,1,3,0.9659258262890684,-0.2588190451025206,0.7818314824680298,0.6234898018587336,1.0,6.123233995736766e-17,0.0,0.0,0.0,8.6,16.9,100.0,99.0,-1.6,4.326152,0.0,-1.5,19.32222224,31.55,31.433333333333334,30.45,30.03333333333333,31.65,-17.87925926666667,-0.2351852000000001,-0.1093333333333335,1.3726666666666667,0.9953333333333332,19.376543222222224,1.3582222222222224,5.250938,5.254782,5.3070846,5.061633,5.2542276,0,0.0,1,1.0,-0.88,21.2,78.8
2023-03-28 07:15:00,144.441166605554,92.329084455556,92.35019476111,19.32222224,0.9953333333333332,31.65,2,5.1764362714980825,70.66250196097344,7,1,3,0.9659258262890684,-0.2588190451025206,0.7818314824680298,0.6234898018587336,1.0,6.123233995736766e-17,11.75,2.9375,0.9791666666666666,8.6,17.9,100.0,98.75,-1.475,4.3606076,0.0,-1.35,19.26666669,31.966666666666665,31.55,31.433333333333334,30.45,31.5,-18.326888906666664,0.1796296399999981,-0.2679999999999999,1.2633333333333332,0.8413333333333334,19.28086421333333,1.2104444444444449,5.2542276,5.250938,5.254782,5.3070846,5.212248,0,0.0,0,1.0,-0.84,19.8,80.2
2023-03-28 07:30:00,70.700782972222,35.177481727778,35.192481127778,19.26666669,0.8413333333333334,31.5,1,5.1764362714980825,70.66250196097344,7,1,3,0.9659258262890684,-0.2588190451025206,0.7818314824680298,0.6234898018587336,1.0,6.123233995736766e-17,23.5,8.8125,2.9375,8.6,18.9,100.0,98.5,-1.35,4.3952518,0.0,-1.2,18.88888888,31.65,31.966666666666665,31.55,31.433333333333334,31.55,-18.425333356666663,-0.0555555499999975,-0.1539999999999999,0.9953333333333332,0.752,19.243827176666667,1.033333333333334,5.212248,5.2542276,5.250938,5.254782,5.105482,0,0.0,1,1.0,-0.85,20.3,79.7
2023-03-28 07:45:00,126.727430916658,94.546218016666,94.56899492222,18.88888888,0.752,31.55,2,5.1764362714980825,70.66250196097344,7,1,3,0.9659258262890684,-0.2588190451025206,0.7818314824680298,0.6234898018587336,1.0,6.123233995736766e-17,35.25,17.625,5.875,8.6,19.9,100.0,98.25,-1.225,4.430083,0.0,-1.05,18.688888870000003,31.5,31.65,31.966666666666665,31.55,31.966666666666665,-18.13688888,-0.3777778100000013,-0.0893333333333333,0.8413333333333334,0.8153333333333334,19.15925927,0.8628888888888894,5.105482,5.212248,5.2542276,5.250938,5.1121063,0,0.0,1,1.0,-0.94,23.6,76.4
2023-03-28 08:00:00,173.477227349998,123.7658825,123.789770444444,18.688888870000003,0.8153333333333334,31.966666666666665,2,5.1764362714980825,70.66250196097344,8,1,3,0.8660254037844387,-0.4999999999999998,0.7818314824680298,0.6234898018587336,1.0,6.123233995736766e-17,47.0,29.375,9.791666666666666,8.6,20.9,100.0,98.0,-1.1,4.465102,0.0,-0.9,18.83888889,31.55,31.5,31.65,31.966666666666665,31.95,-17.873555536666668,-0.2000000099999965,0.0633333333333333,0.752,1.5526666666666666,18.948148146666668,0.8028888888888893,5.1121063,5.105482,5.212248,5.2542276,5.154959,0,0.0,0,1.0,-0.98,25.4,74.6
2023-03-28 08:15:00,178.713962372218,141.325457855556,141.35240126111,18.83888889,1.5526666666666666,31.95,2,5.1764362714980825,70.66250196097344,8,1,3,0.8660254037844387,-0.4999999999999998,0.7818314824680298,0.6234898018587336,1.0,6.123233995736766e-17,78.5,46.0625,16.333333333333332,8.425,20.725,90.25,96.0,-1.1,4.4659243,0.0,-0.6000000000000001,19.26111110333333,31.966666666666665,31.55,31.5,31.65,31.53333333333333,-17.286222223333333,0.1500000199999966,0.7373333333333333,0.8153333333333334,1.53,18.805555546666668,1.0400000000000005,5.154959,5.1121063,5.105482,5.212248,5.2160573,0,0.0,0,1.0,-0.95,24.0,76.0
2023-03-28 08:30:00,98.640220966664,66.613446488888,66.63344572222,19.26111110333333,1.53,31.53333333333333,1,5.1764362714980825,70.66250196097344,8,1,3,0.8660254037844387,-0.4999999999999998,0.7818314824680298,0.6234898018587336,1.0,6.123233995736766e-17,110.0,67.6875,25.5,8.25,20.55,80.5,94.0,-1.1,4.464573,0.0,-0.3,19.17222222,31.95,31.966666666666665,31.55,31.5,31.5,-17.731111103333333,0.4222222133333346,-0.0226666666666666,1.5526666666666666,1.268,18.929629621111115,1.299333333333334,5.2160573,5.154959,5.1121063,5.105482,5.183326,0,0.0,1,1.0,-0.85,20.3,79.7
2023-03-28 08:45:00,98.565223866668,50.476591922224,50.492424622224,19.17222222,1.268,31.5,1,5.1764362714980825,70.66250196097344,8,1,3,0.8660254037844387,-0.4999999999999998,0.7818314824680298,0.6234898018587336,1.0,6.123233995736766e-17,141.5,94.25,37.29166666666666,8.075,20.375,70.75,92.0,-1.1,4.460966,0.0,0.0,18.96481483666667,31.53333333333333,31.95,31.966666666666665,31.55,31.683333333333334,-17.904222219999998,-0.0888888833333361,-0.262,1.53,1.163333333333333,19.09074073777778,1.4502222222222227,5.183326,5.2160573,5.154959,5.1121063,5.150097,0,0.0,0,1.0,-0.87,21.1,78.9
2023-03-28 09:00:00,185.300920866672,145.139749727778,145.166693133332,18.96481483666667,1.163333333333333,31.683333333333334,2,5.1764362714980825,70.66250196097344,9,1,3,0.7071067811865476,-0.7071067811865475,0.7818314824680298,0.6234898018587336,1.0,6.123233995736766e-17,173.0,125.75,51.708333333333336,7.9,20.2,61.0,90.0,-1.1,4.455022,0.0,0.3,19.28333335,31.5,31.53333333333333,31.95,31.966666666666665,31.6,-17.801481503333335,-0.2074073833333294,-0.1046666666666666,1.268,1.1406666666666667,19.132716053333336,1.3204444444444448,5.150097,5.183326,5.2160573,5.154959,5.23393,0,0.0,1,1.0,-0.92,22.9,77.1
2023-03-28 09:15:00,106.573792444444,73.528725433332,73.54761357777599,19.28333335,1.1406666666666667,31.6,2,5.1764362714980825,70.66250196097344,9,1,3,0.7071067811865476,-0.7071067811865475,0.7818314824680298,0.6234898018587336,1.0,6.123233995736766e-17,225.5,162.5,70.5,7.575,20.725,55.25,87.0,-1.0750000000000002,4.4643984,0.0,0.825,19.23518518333333,31.683333333333334,31.5,31.53333333333333,31.95,31.03333333333333,-18.14266668333333,0.3185185133333306,-0.0226666666666666,1.163333333333333,1.1366666666666667,19.14012346888889,1.1906666666666672,5.23393,5.150097,5.183326,5.2160573,5.125516,0,0.0,0,1.0,-0.85,20.1,79.9
2023-03-28 09:30:00,100.419038761106,55.972760983334,55.990260283334,19.23518518333333,1.1366666666666667,31.03333333333333,1,5.1764362714980825,70.66250196097344,9,1,3,0.7071067811865476,-0.7071067811865475,0.7818314824680298,0.6234898018587336,1.0,6.123233995736766e-17,278.0,204.5,93.66666666666669,7.25,21.25,49.5,84.0,-1.05,4.4677644,0.0,1.35,19.08333337,31.6,31.683333333333334,31.5,31.53333333333333,31.35,-18.098518516666665,-0.0481481666666674,-0.004,1.1406666666666667,1.2186666666666668,19.16111112333333,1.1468888888888893,5.125516,5.23393,5.150097,5.183326,5.1316786,0,0.0,1,1.0,-0.86,20.6,79.4
2023-03-28 09:45:00,188.949386105558,146.528305316666,146.55469316111,19.08333337,1.2186666666666668,31.35,2,5.1764362714980825,70.66250196097344,9,1,3,0.7071067811865476,-0.7071067811865475,0.7818314824680298,0.6234898018587336,1.0,6.123233995736766e-17,330.5,251.75,121.20833333333331,6.925,21.775,43.75,81.0,-1.025,4.4647264,0.0,1.875,19.37592591,31.03333333333333,31.6,31.683333333333334,31.5,31.316666666666663,-17.86466670333333,-0.1518518133333337,0.082,1.1366666666666667,1.5486666666666666,19.200617301111112,1.1653333333333338,5.1316786,5.125516,5.23393,5.150097,5.215351,0,0.0,1,1.0,-0.89,21.9,78.1
2023-03-28 10:00:00,51.681543788888,17.689570155555998,17.702069638890002,19.37592591,1.5486666666666666,31.316666666666663,1,5.1764362714980825,70.66250196097344,10,1,3,0.4999999999999999,-0.8660254037844387,0.7818314824680298,0.6234898018587336,1.0,6.123233995736766e-17,383.0,304.25,153.125,6.6,22.3,38.0,78.0,-1.0,4.4548697,0.0,2.4,19.56666666,31.35,31.03333333333333,31.6,31.683333333333334,30.7,-17.827259243333334,0.2925925400000011,0.3299999999999998,1.2186666666666668,1.956,19.23148148777777,1.3013333333333337,5.215351,5.1316786,5.125516,5.23393,5.1703186,0,0.0,1,1.0,-0.83,19.4,80.6
2023-03-28 10:15:00,89.395590666668,46.257038544444,46.273149,19.56666666,1.956,30.7,1,5.1764362714980825,70.66250196097344,10,1,3,0.4999999999999999,-0.8660254037844387,0.7818314824680298,0.6234898018587336,1.0,6.123233995736766e-17,432.5,356.0,188.1875,6.4,21.675,29.0,74.5,-1.175,4.4081836,0.0,2.925,19.50740740666667,31.316666666666663,31.35,31.03333333333333,31.6,30.966666666666665,-17.61066666,0.1907407499999998,0.4073333333333333,1.5486666666666666,2.422,19.34197531333333,1.5744444444444448,5.1703186,5.215351,5.1316786,5.125516,5.197098,0,0.0,0,1.0,-0.79,18.0,82.0
2023-03-28 10:30:00,174.025260827782,131.0405915,131.065868272222,19.50740740666667,2.422,30.966666666666665,2,5.1764362714980825,70.66250196097344,10,1,3,0.4999999999999999,-0.8660254037844387,0.7818314824680298,0.6234898018587336,1.0,6.123233995736766e-17,482.0,407.0,226.39583333333331,6.199999999999999,21.05,20.0,71.0,-1.35,4.3516836,0.0,3.45,19.64444446,30.7,31.316666666666663,31.35,31.03333333333333,30.65,-17.08540740666667,-0.0592592533333302,0.4659999999999997,1.956,2.849333333333333,19.48333332555556,1.975555555555556,5.197098,5.1703186,5.215351,5.1316786,5.1855335,0,0.0,1,1.0,-0.8,18.4,81.6
2023-03-28 10:45:00,51.5037731,16.644334216666,16.658778105554,19.64444446,2.849333333333333,30.65,1,5.1764362714980825,70.66250196097344,10,1,3,0.4999999999999999,-0.8660254037844387,0.7818314824680298,0.6234898018587336,1.0,6.123233995736766e-17,531.5,457.25,267.75,6.0,20.425,11.0,67.5,-1.525,4.2848105,0.0,3.975,20.14999999333333,30.966666666666665,30.7,31.316666666666663,31.35,30.316666666666663,-16.795111126666665,0.13703705333333,0.4273333333333338,2.422,3.4440000000000004,19.57283950888889,2.409111111111111,5.1855335,5.197098,5.1703186,5.215351,5.2833805,0,0.0,1,1.0,-0.77,17.5,82.5
2023-03-28 11:00:00,71.373533894442,29.391324316666,29.405490383334,20.14999999333333,3.4440000000000004,30.316666666666663,1,5.1764362714980825,70.66250196097344,11,1,3,0.258819045102521,-0.9659258262890682,0.7818314824680298,0.6234898018587336,1.0,6.123233995736766e-17,581.0,506.75,312.25,5.8,19.8,2.0,64.0,-1.7,4.206978,0.0,4.5,20.5888889,30.65,30.966666666666665,30.7,31.316666666666663,29.65,-16.705999993333336,0.5055555333333359,0.5946666666666669,2.849333333333333,3.963333333333333,19.767283953333337,2.905111111111112,5.2833805,5.1855335,5.197098,5.1703186,5.301324,0,0.0,0,1.0,-0.66,14.0,86.0
2023-03-28 11:15:00,149.79456372777,108.011790488888,108.032900744444,20.5888889,3.963333333333333,29.65,2,5.1764362714980825,70.66250196097344,11,1,3,0.258819045102521,-0.9659258262890682,0.7818314824680298,0.6234898018587336,1.0,6.123233995736766e-17,616.75,552.8125,357.1041666666667,7.225,22.4,18.25,61.5,-1.925,4.158066,0.025,4.925,20.74259263333333,30.316666666666663,30.65,30.966666666666665,30.7,29.316666666666663,-16.625555566666662,0.4388889066666621,0.519333333333333,3.4440000000000004,4.481333333333334,20.127777784444444,3.418888888888889,5.301324,5.2833805,5.1855335,5.197098,5.2888694,0,0.0,1,1.0,-0.56,11.5,88.5
2023-03-28 11:30:00,40.350052533336,0.0,0.0,20.74259263333333,4.481333333333334,29.316666666666663,0,5.1764362714980825,70.66250196097344,11,1,3,0.258819045102521,-0.9659258262890682,0.7818314824680298,0.6234898018587336,1.0,6.123233995736766e-17,652.5,595.4375,402.3125,8.65,25.0,34.5,59.0,-2.15,4.1025248,0.05,5.35,21.20000003,29.65,30.316666666666663,30.65,30.966666666666665,28.65,-16.2612593,0.1537037333333373,0.5180000000000002,3.963333333333333,4.6066666666666665,20.493827175555555,3.9628888888888896,5.2888694,5.301324,5.2833805,5.1855335,5.307833,1,1.0,1,0.75,-0.52,10.8,89.2
2023-03-28 11:45:00,62.941371227774,21.6791328,21.6932989,21.20000003,4.6066666666666665,28.65,1,5.1764362714980825,70.66250196097344,11,1,3,0.258819045102521,-0.9659258262890682,0.7818314824680298,0.6234898018587336,1.0,6.123233995736766e-17,688.25,634.625,447.875,10.075,27.6,50.75,56.5,-2.375,4.0400605,0.075,5.775,21.09259259666667,29.316666666666663,29.65,30.316666666666663,30.65,28.5,-16.593333363333336,0.4574073966666674,0.1253333333333328,4.481333333333334,4.67,20.84382718777778,4.350444444444444,5.307833,5.2888694,5.301324,5.2833805,5.247234,0,1.0,1,0.75,-0.42,8.7,91.3
2023-03-28 12:00:00,144.684490238886,104.291105972222,104.314160616666,21.09259259666667,4.67,28.5,2,5.1764362714980825,70.66250196097344,12,1,3,1.2246467991473532e-16,-1.0,0.7818314824680298,0.6234898018587336,1.0,6.123233995736766e-17,724.0,670.375,493.7916666666667,11.5,30.2,67.0,54.0,-2.6,3.970368,0.1,6.2,21.166666640000003,28.65,29.316666666666663,29.65,30.316666666666663,28.45,-16.422592596666668,-0.1074074333333321,0.0633333333333334,4.6066666666666665,5.236666666666666,21.011728420000004,4.586,5.247234,5.307833,5.2888694,5.301324,5.2605977,0,1.0,1,0.75,-0.45,9.2,90.8
2023-03-28 12:15:00,43.434095783338,0.0,0.0,21.166666640000003,5.236666666666666,28.45,0,5.1764362714980825,70.66250196097344,12,1,3,1.2246467991473532e-16,-1.0,0.7818314824680298,0.6234898018587336,1.0,6.123233995736766e-17,694.0,689.6875,532.8333333333334,11.575,30.3,74.75,52.5,-2.775,3.9108815,0.075,6.4,21.583333340000003,28.5,28.65,29.316666666666663,29.65,28.03333333333333,-15.929999973333336,0.0740740433333329,0.5666666666666664,4.67,5.740666666666667,21.153086422222227,4.837777777777778,5.2605977,5.247234,5.307833,5.2888694,5.310198,1,2.0,1,0.5,-0.43,8.9,91.1
2023-03-28 12:30:00,708.0030676444441,0.0,0.0,21.583333340000003,5.740666666666667,28.03333333333333,0,5.1764362714980825,70.66250196097344,12,1,3,1.2246467991473532e-16,-1.0,0.7818314824680298,0.6234898018587336,1.0,6.123233995736766e-17,664.0,692.5625,565.0,11.65,30.4,82.5,51.0,-2.95,3.8490582,0.05,6.6,21.60000003,28.45,28.5,28.65,29.316666666666663,27.7,-15.842666673333335,0.4166667000000004,0.5040000000000004,5.236666666666666,5.824666666666667,21.28086419222223,5.215777777777777,5.310198,5.2605977,5.247234,5.307833,5.252116,0,2.0,0,0.5,-0.34,7.4,92.6
2023-03-28 12:45:00,141.227961788888,103.063655072222,103.085876383334,21.60000003,5.824666666666667,27.7,2,5.1764362714980825,70.66250196097344,12,1,3,1.2246467991473532e-16,-1.0,0.7818314824680298,0.6234898018587336,1.0,6.123233995736766e-17,634.0,679.0,590.2916666666666,11.725,30.5,90.25,49.5,-3.125,3.7848544,0.0249999999999999,6.8,21.368518506666664,28.03333333333333,28.45,28.5,28.65,27.966666666666665,-15.775333363333331,0.0166666899999974,0.0840000000000005,5.740666666666667,5.737333333333334,21.45000000333334,5.600666666666668,5.252116,5.310198,5.2605977,5.247234,5.232102,0,2.0,1,0.5,-0.34,7.3,92.7
2023-03-28 13:00:00,295.462903161114,14.550251283334,14.5644174,21.368518506666664,5.737333333333334,27.966666666666665,1,5.1764362714980825,70.66250196097344,13,1,3,-0.2588190451025208,-0.9659258262890684,0.7818314824680298,0.6234898018587336,1.0,6.123233995736766e-17,604.0,649.0,608.7083333333334,11.8,30.6,98.0,48.0,-3.3,3.7182236,0.0,7.0,21.27222224,27.7,28.03333333333333,28.45,28.5,27.7,-15.63118517333333,-0.2314815233333362,-0.0873333333333334,5.824666666666667,5.36,21.517283958888893,5.767555555555556,5.232102,5.252116,5.310198,5.2605977,5.153373,0,2.0,1,0.5,-0.39,8.1,91.9
2023-03-28 13:15:00,44.02879427778,0.0,0.0,21.27222224,5.36,27.7,0,5.1764362714980825,70.66250196097344,13,1,3,-0.2588190451025208,-0.9659258262890684,0.7818314824680298,0.6234898018587336,1.0,6.123233995736766e-17,587.0,622.25,621.5833333333334,12.2,31.15,98.5,47.25,-3.425,3.683984,0.0,7.1,20.792592616666663,27.966666666666665,27.7,28.03333333333333,28.45,28.33333333333333,-15.912222240000002,-0.0962962666666626,-0.3773333333333335,5.737333333333334,4.529333333333333,21.41358025888889,5.640666666666668,5.153373,5.232102,5.252116,5.310198,5.1263685,1,2.0,1,0.5,-0.41,8.5,91.5
2023-03-28 13:30:00,194.139734133332,117.335028627778,117.355305566668,20.792592616666663,4.529333333333333,28.33333333333333,2,5.1764362714980825,70.66250196097344,13,1,3,-0.2588190451025208,-0.9659258262890684,0.7818314824680298,0.6234898018587336,1.0,6.123233995736766e-17,570.0,598.75,628.9166666666666,12.6,31.7,99.0,46.5,-3.55,3.649121,0.0,7.2,20.51111112,27.7,27.966666666666665,27.7,28.03333333333333,29.7,-16.26325928333333,-0.4796296233333379,-0.8306666666666676,5.36,4.672,21.144444454444443,5.20888888888889,5.1263685,5.153373,5.232102,5.252116,5.2862372,0,1.0,1,0.75,-0.52,10.6,89.4
2023-03-28 13:45:00,117.209478050002,71.873791616666,71.893790833332,20.51111112,4.672,29.7,2,5.1764362714980825,70.66250196097344,13,1,3,-0.2588190451025208,-0.9659258262890684,0.7818314824680298,0.6234898018587336,1.0,6.123233995736766e-17,553.0,578.5,630.7083333333334,13.0,32.25,99.5,45.75,-3.675,3.6136289,0.0,7.300000000000001,20.36666663333333,28.33333333333333,27.7,27.966666666666665,27.7,30.0,-15.839111120000002,-0.281481496666661,0.1426666666666669,4.529333333333333,4.569999999999999,20.858641992222225,4.853777777777778,5.2862372,5.1263685,5.153373,5.232102,5.2948127,0,1.0,0,0.75,-0.58,11.9,88.1
2023-03-28 14:00:00,42.421636449998,0.0,0.0,20.36666663333333,4.569999999999999,30.0,0,5.1764362714980825,70.66250196097344,14,1,3,-0.4999999999999997,-0.8660254037844388,0.7818314824680298,0.6234898018587336,1.0,6.123233995736766e-17,536.0,561.5,626.9583333333334,13.4,32.8,100.0,45.0,-3.8,3.5774996,0.0,7.4,20.02222219,29.7,28.33333333333333,27.7,27.966666666666665,30.05,-15.796666633333334,-0.1444444866666678,-0.1020000000000003,4.672,4.3406666666666665,20.55679012333333,4.5904444444444445,5.2948127,5.2862372,5.1263685,5.153373,5.197895,1,2.0,1,0.5,-0.61,12.7,87.3
2023-03-28 14:15:00,126.290503827774,90.806923144444,90.826644572222,20.02222219,4.3406666666666665,30.05,2,5.1764362714980825,70.66250196097344,14,1,3,-0.4999999999999997,-0.8660254037844388,0.7818314824680298,0.6234898018587336,1.0,6.123233995736766e-17,494.0,538.25,616.7291666666666,13.25,32.875,98.25,45.5,-3.75,3.5997112,0.0,7.325,19.933333336666667,30.0,29.7,28.33333333333333,27.7,30.466666666666665,-15.68155552333333,-0.3444444433333373,-0.2293333333333329,4.569999999999999,4.719333333333334,20.29999998111111,4.527555555555556,5.197895,5.2948127,5.2862372,5.1263685,5.2426033,0,1.0,1,0.75,-0.68,14.9,85.1
2023-03-28 14:30:00,123.155073633332,74.918392044444,74.93839126111,19.933333336666667,4.719333333333334,30.466666666666665,2,5.1764362714980825,70.66250196097344,14,1,3,-0.4999999999999997,-0.8660254037844388,0.7818314824680298,0.6234898018587336,1.0,6.123233995736766e-17,452.0,508.75,600.0208333333334,13.1,32.95,96.5,46.0,-3.7,3.621612,0.0,7.25,19.90555556,30.05,30.0,29.7,28.33333333333333,30.15,-15.214000003333332,-0.08888885333333,0.3786666666666676,4.3406666666666665,5.607333333333333,20.107407386666665,4.543333333333334,5.2426033,5.197895,5.2948127,5.2862372,5.1796746,0,1.0,0,0.75,-0.7,15.4,84.6
2023-03-28 14:45:00,41.095578327778,0.0,0.0,19.90555556,5.607333333333333,30.15,0,5.1764362714980825,70.66250196097344,14,1,3,-0.4999999999999997,-0.8660254037844388,0.7818314824680298,0.6234898018587336,1.0,6.123233995736766e-17,410.0,473.0,576.8333333333334,12.95,33.025,94.75,46.5,-3.65,3.643206,0.0,7.175,19.692592576666662,30.466666666666665,30.05,30.0,29.7,30.183333333333334,-14.298222226666669,-0.0277777766666673,0.887999999999999,4.719333333333334,5.289333333333333,19.95370369555556,4.889111111111112,5.1796746,5.2426033,5.197895,5.2948127,5.1210365,1,2.0,1,0.5,-0.71,15.6,84.4
2023-03-28 15:00:00,139.06721485555602,105.607719972222,105.630219072222,19.692592576666662,5.289333333333333,30.183333333333334,2,5.1764362714980825,70.66250196097344,15,1,3,-0.7071067811865471,-0.7071067811865479,0.7818314824680298,0.6234898018587336,1.0,6.123233995736766e-17,368.0,431.0,547.1666666666666,12.8,33.1,93.0,47.0,-3.6,3.6644924,0.0,7.1,19.73333334,30.15,30.466666666666665,30.05,30.0,30.45,-14.403259243333332,-0.2129629833333339,-0.3179999999999996,5.607333333333333,5.526,19.84382715777778,5.205333333333333,5.1210365,5.1796746,5.2426033,5.197895,5.1786485,0,1.0,1,0.75,-0.76,17.2,82.8
2023-03-28 15:15:00,109.46117687778,58.487104888888,58.503770888888,19.73333334,5.526,30.45,1,5.1764362714980825,70.66250196097344,15,1,3,-0.7071067811865471,-0.7071067811865479,0.7818314824680298,0.6234898018587336,1.0,6.123233995736766e-17,363.5,398.375,519.625,12.6,32.375,91.75,47.0,-3.575,3.6644924,0.0,7.1,19.768518513333333,30.183333333333334,30.15,30.466666666666665,30.05,30.03333333333333,-14.207333340000002,0.0407407633333356,0.2366666666666663,5.289333333333333,5.981333333333334,19.777160492222222,5.474222222222223,5.1786485,5.1210365,5.1796746,5.2426033,5.1183405,0,1.0,1,0.75,-0.75,16.8,83.2
2023-03-28 15:30:00,42.054706511116,0.0,0.0,19.768518513333333,5.981333333333334,30.03333333333333,0,5.1764362714980825,70.66250196097344,15,1,3,-0.7071067811865471,-0.7071067811865479,0.7818314824680298,0.6234898018587336,1.0,6.123233995736766e-17,359.0,375.125,494.2083333333333,12.4,31.65,90.5,47.0,-3.55,3.6644924,0.0,7.1,19.59444448,30.45,30.183333333333334,30.15,30.466666666666665,30.1,-13.78718518,0.0351851733333319,0.4553333333333338,5.526,5.774,19.73148147666667,5.598888888888889,5.1183405,5.1786485,5.1210365,5.1796746,5.077549,1,2.0,1,0.5,-0.74,16.6,83.4
2023-03-28 15:45:00,138.508348344444,106.074090216666,106.0965893,19.59444448,5.774,30.1,2,5.1764362714980825,70.66250196097344,15,1,3,-0.7071067811865471,-0.7071067811865479,0.7818314824680298,0.6234898018587336,1.0,6.123233995736766e-17,354.5,361.25,470.9166666666667,12.2,30.925,89.25,47.0,-3.525,3.6644924,0.0,7.1,19.668518523333333,30.03333333333333,30.45,30.183333333333334,30.15,30.75,-13.82044448,-0.1740740333333335,-0.2073333333333336,5.981333333333334,6.2780000000000005,19.698765444444447,5.760444444444445,5.077549,5.1183405,5.1786485,5.1210365,5.2098126,0,1.0,1,0.75,-0.78,17.9,82.1
2023-03-28 16:00:00,113.962941283334,60.308976444444,60.3259202,19.668518523333333,6.2780000000000005,30.75,1,5.1764362714980825,70.66250196097344,16,1,3,-0.8660254037844385,-0.5000000000000004,0.7818314824680298,0.6234898018587336,1.0,6.123233995736766e-17,350.0,356.75,449.75,12.0,30.2,88.0,47.0,-3.5,3.6644924,0.0,7.1,19.68333336,30.1,30.03333333333333,30.45,30.183333333333334,30.15,-13.390518523333332,0.0740740433333329,0.5040000000000004,5.774,5.905333333333333,19.67716050555556,6.011111111111112,5.2098126,5.077549,5.1183405,5.1786485,5.1126013,0,1.0,1,0.75,-0.76,17.3,82.7
2023-03-28 16:15:00,40.802812272222,0.0,0.0,19.68333336,5.905333333333333,30.15,0,5.1764362714980825,70.66250196097344,16,1,3,-0.8660254037844385,-0.5000000000000004,0.7818314824680298,0.6234898018587336,1.0,6.123233995736766e-17,337.5,350.25,428.9583333333333,11.875,29.85,71.75,47.5,-3.475,3.679492,0.0,7.0,19.470370376666665,30.75,30.1,30.03333333333333,30.45,30.183333333333334,-13.778000026666666,0.014814836666666,-0.3726666666666673,6.2780000000000005,5.908,19.648765454444444,5.985777777777778,5.1126013,5.2098126,5.077549,5.1183405,5.0546136,1,2.0,1,0.5,-0.76,17.3,82.7
2023-03-28 16:30:00,142.233754855556,109.878660227778,109.901714855556,19.470370376666665,5.908,30.183333333333334,2,5.1764362714980825,70.66250196097344,16,1,3,-0.8660254037844385,-0.5000000000000004,0.7818314824680298,0.6234898018587336,1.0,6.123233995736766e-17,325.0,341.75,408.5416666666667,11.75,29.5,55.5,48.0,-3.45,3.6941247,0.0,6.9,19.58888891,30.15,30.75,30.1,30.03333333333333,30.1,-13.562370376666664,-0.2129629833333339,0.0026666666666672,5.905333333333333,6.529333333333333,19.60740742,6.030444444444445,5.0546136,5.1126013,5.2098126,5.077549,5.075892,0,1.0,1,0.75,-0.81,18.9,81.1
2023-03-28 16:45:00,128.91345450555,72.490433616666,72.509043988888,19.58888891,6.529333333333333,30.1,2,5.1764362714980825,70.66250196097344,16,1,3,-0.8660254037844385,-0.5000000000000004,0.7818314824680298,0.6234898018587336,1.0,6.123233995736766e-17,312.5,331.25,388.5,11.625,29.15,39.25,48.5,-3.425,3.708393,0.0,6.8,19.65740741333333,30.183333333333334,30.15,30.75,30.1,29.53333333333333,-13.059555576666664,0.1185185333333329,0.6213333333333324,5.908,6.6866666666666665,19.580864215555557,6.114222222222222,5.075892,5.0546136,5.1126013,5.2098126,5.0004153,0,1.0,0,0.75,-0.78,18.0,82.0
2023-03-28 17:00:00,36.372989405558,0.0,0.0,19.65740741333333,6.6866666666666665,29.53333333333333,0,5.1764362714980825,70.66250196097344,17,1,3,-0.9659258262890684,-0.2588190451025206,0.7818314824680298,0.6234898018587336,1.0,6.123233995736766e-17,300.0,318.75,368.8333333333333,11.5,28.8,23.0,49.0,-3.4,3.7223,0.0,6.7,19.411111100000003,30.1,30.183333333333334,30.15,30.75,29.55,-12.970740746666664,0.0685185033333333,0.1573333333333337,6.529333333333333,6.676,19.57222223333333,6.374666666666666,5.0004153,5.075892,5.0546136,5.1126013,4.931336,1,2.0,1,0.5,-0.77,17.6,82.4
2023-03-28 17:15:00,134.206575972222,101.835370872222,101.857036672222,19.411111100000003,6.676,29.55,2,5.1764362714980825,70.66250196097344,17,1,3,-0.9659258262890684,-0.2588190451025206,0.7818314824680298,0.6234898018587336,1.0,6.123233995736766e-17,294.0,307.875,352.1666666666667,11.5,28.45,20.75,49.75,-3.35,3.7363937,0.0,6.525,19.518518503333333,29.53333333333333,30.1,30.183333333333334,30.15,29.78333333333333,-12.735111100000005,-0.2462963133333282,-0.0106666666666663,6.6866666666666665,6.708666666666667,19.552469141111114,6.6306666666666665,4.931336,5.0004153,5.075892,5.0546136,5.0017657,0,1.0,1,0.75,-0.83,19.5,80.5
2023-03-28 17:30:00,117.705569405554,62.481667300000005,62.49972216111,19.518518503333333,6.708666666666667,29.78333333333333,1,5.1764362714980825,70.66250196097344,17,1,3,-0.9659258262890684,-0.2588190451025206,0.7818314824680298,0.6234898018587336,1.0,6.123233995736766e-17,288.0,298.625,338.5,11.5,28.1,18.5,50.5,-3.3,3.7496266,0.0,6.35,19.57222226,29.55,29.53333333333333,30.1,30.183333333333334,29.15,-12.809851836666668,0.1074074033333296,0.0326666666666666,6.676,6.641333333333334,19.52901233888889,6.690444444444445,5.0017657,4.931336,5.0004153,5.075892,4.9108787,0,1.0,1,0.75,-0.8,18.6,81.4
2023-03-28 17:45:00,37.256009416678,0.0,0.0,19.57222226,6.641333333333334,29.15,0,5.1764362714980825,70.66250196097344,17,1,3,-0.9659258262890684,-0.2588190451025206,0.7818314824680298,0.6234898018587336,1.0,6.123233995736766e-17,282.0,291.0,327.8333333333333,11.5,27.75,16.25,51.25,-3.25,3.7620144,0.0,6.175,19.379629626666667,29.78333333333333,29.55,29.53333333333333,30.1,29.183333333333334,-12.930888926666666,0.0537037566666676,-0.067333333333333,6.708666666666667,6.331333333333333,19.500617287777786,6.675333333333335,4.9108787,5.0017657,4.931336,5.0004153,4.861132,1,2.0,1,0.5,-0.79,18.3,81.7
2023-03-28 18:00:00,145.51723466111,112.560497433332,112.584385377776,19.379629626666667,6.331333333333333,29.183333333333334,2,5.1764362714980825,70.66250196097344,18,1,3,-1.0,-1.8369701987210294e-16,0.7818314824680298,0.6234898018587336,1.0,6.123233995736766e-17,276.0,285.0,320.1666666666667,11.5,27.4,14.0,52.0,-3.2,3.7735724,0.0,6.0,19.50000002,29.15,29.78333333333333,29.55,29.53333333333333,29.1,-13.048296293333332,-0.1925926333333336,-0.3100000000000005,6.641333333333334,6.271333333333334,19.490123463333333,6.560444444444445,4.861132,4.9108787,5.0017657,4.931336,4.8816915,0,1.0,1,0.75,-0.84,19.8,80.2
2023-03-28 18:15:00,120.836555211112,67.827009027778,67.84423053889,19.50000002,6.271333333333334,29.1,1,5.1764362714980825,70.66250196097344,18,1,3,-1.0,-1.8369701987210294e-16,0.7818314824680298,0.6234898018587336,1.0,6.123233995736766e-17,236.0,270.5,309.5416666666667,10.9,27.4,15.75,54.75,-3.0500000000000003,3.8258584,0.0,5.425,19.57777778333333,29.183333333333334,29.15,29.78333333333333,29.55,28.53333333333333,-13.228666686666667,0.1203703933333351,-0.0599999999999996,6.331333333333333,6.16,19.48395063555556,6.414666666666668,4.8816915,4.861132,4.9108787,5.0017657,4.8085594,0,1.0,1,0.75,-0.81,18.9,81.1
2023-03-28 18:30:00,41.003359616674,0.0,0.0,19.57777778333333,6.16,28.53333333333333,0,5.1764362714980825,70.66250196097344,18,1,3,-1.0,-1.8369701987210294e-16,0.7818314824680298,0.6234898018587336,1.0,6.123233995736766e-17,196.0,247.5,295.9583333333333,10.3,27.4,17.5,57.5,-2.9000000000000004,3.8683848,0.0,4.85,19.33888889,29.1,29.183333333333334,29.15,29.78333333333333,28.5,-13.417777783333332,0.07777776333333,-0.1113333333333335,6.271333333333334,5.879333333333333,19.485802476666667,6.254222222222222,4.8085594,4.8816915,4.861132,4.9108787,4.7359395,1,2.0,1,0.5,-0.8,18.4,81.6
2023-03-28 18:45:00,150.56842147222198,116.474785272222,116.497562127778,19.33888889,5.879333333333333,28.5,2,5.1764362714980825,70.66250196097344,18,1,3,-1.0,-1.8369701987210294e-16,0.7818314824680298,0.6234898018587336,1.0,6.123233995736766e-17,156.0,216.0,279.4166666666667,9.7,27.4,19.25,60.25,-2.75,3.9017308,0.0,4.275,19.48333335333333,28.53333333333333,29.1,29.183333333333334,29.15,28.316666666666663,-13.459555556666666,-0.2388888933333319,-0.2806666666666668,6.16,5.674666666666667,19.472222231111115,6.103555555555555,4.7359395,4.8085594,4.8816915,4.861132,4.7456303,0,1.0,1,0.75,-0.85,20.3,79.7
2023-03-28 19:00:00,147.998246483334,65.871531683334,65.91375226111,19.48333335333333,5.674666666666667,28.316666666666663,1,5.1764362714980825,70.66250196097344,19,1,3,-0.9659258262890684,0.2588190451025203,0.7818314824680298,0.6234898018587336,1.0,6.123233995736766e-17,116.0,176.0,259.9166666666667,9.1,27.4,21.0,63.0,-2.6,3.926446,0.0,3.7,19.49444443,28.5,28.53333333333333,29.1,29.183333333333334,28.0,-13.808666686666664,0.1444444633333326,-0.2046666666666663,5.879333333333333,5.563333333333333,19.466666675555555,5.904666666666667,4.7456303,4.7359395,4.8085594,4.8816915,4.6956253,0,1.0,1,0.75,-0.82,19.1,80.9
2023-03-28 19:15:00,124.570017016666,37.982091755556,38.033756372222,19.49444443,5.563333333333333,28.0,1,5.1764362714980825,70.66250196097344,19,1,3,-0.9659258262890684,0.2588190451025203,0.7818314824680298,0.6234898018587336,1.0,6.123233995736766e-17,88.5,139.125,239.16666666666663,8.275,24.775,40.75,65.25,-3.0500000000000003,3.8285306,0.0,2.8000000000000003,19.32962964333333,28.316666666666663,28.5,28.53333333333333,29.1,28.183333333333334,-13.931111096666664,0.0111110766666655,-0.1113333333333344,5.674666666666667,5.438666666666666,19.43888889111111,5.7057777777777785,4.6956253,4.7456303,4.7359395,4.8085594,4.6807675,0,1.0,0,0.75,-0.82,19.1,80.9
2023-03-28 19:30:00,236.044168905558,133.877700227778,133.953808333332,19.32962964333333,5.438666666666666,28.183333333333334,2,5.1764362714980825,70.66250196097344,19,1,3,-0.9659258262890684,0.2588190451025203,0.7818314824680298,0.6234898018587336,1.0,6.123233995736766e-17,61.0,105.375,217.16666666666663,7.45,22.15,60.5,67.5,-3.5,3.7269194,0.0,1.9,19.56666669,28.0,28.316666666666663,28.5,28.53333333333333,28.45,-13.890962976666664,-0.1648147866666676,-0.1246666666666662,5.563333333333333,5.233333333333333,19.435802475555555,5.558888888888888,4.6807675,4.6956253,4.7456303,4.7359395,4.7913866,0,0.0,1,1.0,-0.85,20.4,79.6
2023-03-28 19:45:00,145.777224227778,27.894995288888,27.962214849998,19.56666669,5.233333333333333,28.45,1,5.1764362714980825,70.66250196097344,19,1,3,-0.9659258262890684,0.2588190451025203,0.7818314824680298,0.6234898018587336,1.0,6.123233995736766e-17,33.5,74.75,193.91666666666663,6.625,19.525,80.25,69.75,-3.95,3.6223016,0.0,1.0000000000000004,19.42962964,28.183333333333334,28.0,28.316666666666663,28.5,28.03333333333333,-14.333333356666664,0.2370370466666678,-0.2053333333333329,5.438666666666666,5.138000000000001,19.463580254444445,5.411777777777778,4.7913866,4.6807675,4.6956253,4.7456303,4.683332,0,0.0,1,1.0,-0.8,18.5,81.5
2023-03-28 20:00:00,179.151722611108,66.62205726111,66.69483218332999,19.42962964,5.138000000000001,28.03333333333333,1,5.1764362714980825,70.66250196097344,20,1,3,-0.8660254037844386,0.5000000000000001,0.7818314824680298,0.6234898018587336,1.0,6.123233995736766e-17,6.0,47.25,169.41666666666666,5.8,16.9,100.0,72.0,-4.4,3.5153193,0.0,0.1,19.38333335,28.45,28.183333333333334,28.0,28.316666666666663,28.3,-14.291629639999996,-0.13703705,-0.0953333333333326,5.233333333333333,5.022666666666667,19.44197532444444,5.2700000000000005,4.683332,4.7913866,4.6807675,4.6956253,4.715022,0,0.0,0,1.0,-0.83,19.6,80.4
2023-03-28 20:15:00,236.893023949998,126.512994827778,126.592158327778,19.38333335,5.022666666666667,28.3,2,5.1764362714980825,70.66250196097344,20,1,3,-0.8660254037844386,0.5000000000000001,0.7818314824680298,0.6234898018587336,1.0,6.123233995736766e-17,4.5,26.25,145.29166666666666,6.2,15.724999999999998,100.0,72.0,-4.275,3.5456867,0.0,0.225,19.587037056666667,28.03333333333333,28.45,28.183333333333334,28.0,27.85,-14.360666683333331,-0.0462962900000007,-0.1153333333333339,5.138000000000001,4.87,19.45987656,5.131333333333334,4.715022,4.683332,4.7913866,4.6807675,4.695955,0,0.0,1,1.0,-0.84,19.9,80.1
2023-03-28 20:30:00,121.37570036111,0.0,0.0,19.587037056666667,4.87,27.85,0,5.1764362714980825,70.66250196097344,20,1,3,-0.8660254037844386,0.5000000000000001,0.7818314824680298,0.6234898018587336,1.0,6.123233995736766e-17,3.0,11.75,121.54166666666669,6.6,14.55,100.0,72.0,-4.15,3.5762837,0.0,0.35,19.36111112,28.3,28.03333333333333,28.45,28.183333333333334,27.9,-14.717037056666666,0.2037037066666691,-0.1526666666666667,5.022666666666667,4.7733333333333325,19.466666682222225,5.010222222222223,4.695955,4.715022,4.683332,4.7913866,4.642304,1,1.0,1,0.75,-0.8,18.4,81.6
2023-03-28 20:45:00,235.9163963,119.205231566668,119.283561816666,19.36111112,4.7733333333333325,27.9,2,5.1764362714980825,70.66250196097344,20,1,3,-0.8660254037844386,0.5000000000000001,0.7818314824680298,0.6234898018587336,1.0,6.123233995736766e-17,1.5,3.75,98.16666666666669,7.0,13.375,100.0,72.0,-4.025,3.607112,0.0,0.475,19.514814803333334,27.85,28.3,28.03333333333333,28.45,28.28333333333333,-14.587777786666669,-0.2259259366666661,-0.0966666666666675,4.87,4.582,19.443827175555555,4.8886666666666665,4.642304,4.695955,4.715022,4.683332,4.748825,0,1.0,1,0.75,-0.85,20.2,79.8
2023-03-28 21:00:00,177.450123911112,70.32274252777799,70.387739977776,19.514814803333334,4.582,28.28333333333333,1,5.1764362714980825,70.66250196097344,21,1,3,-0.7071067811865477,0.7071067811865474,0.7818314824680298,0.6234898018587336,1.0,6.123233995736766e-17,0.0,2.25,75.16666666666667,7.4,12.2,100.0,72.0,-3.9,3.6381729,0.0,0.6,19.52777779,27.9,27.85,28.3,28.03333333333333,27.7,-14.932814803333333,0.1537036833333331,-0.1913333333333327,4.7733333333333325,4.2026666666666666,19.487654326666668,4.741777777777778,4.748825,4.642304,4.695955,4.715022,4.6544275,0,1.0,1,0.75,-0.81,18.9,81.1
2023-03-28 21:15:00,354.621925705554,50.232157316666,50.2746556,19.52777779,4.2026666666666666,27.7,1,5.1764362714980825,70.66250196097344,21,1,3,-0.7071067811865477,0.7071067811865474,0.7818314824680298,0.6234898018587336,1.0,6.123233995736766e-17,0.0,1.125,55.5,7.825,12.85,100.0,72.75,-3.95,3.6259687,0.0,0.3999999999999999,19.374074086666667,28.28333333333333,27.9,27.85,28.3,27.966666666666665,-15.325111123333336,0.0129629866666682,-0.3793333333333333,4.582,3.715333333333333,19.46790123777778,4.519333333333333,4.6544275,4.748825,4.642304,4.695955,4.6569476,0,1.0,0,0.75,-0.81,18.9,81.1
2023-03-28 21:30:00,161.837415194442,101.727041855556,101.746207772222,19.374074086666667,3.715333333333333,27.966666666666665,2,5.1764362714980825,70.66250196097344,21,1,3,-0.7071067811865477,0.7071067811865474,0.7818314824680298,0.6234898018587336,1.0,6.123233995736766e-17,0.0,0.375,39.16666666666666,8.25,13.5,100.0,73.5,-4.0,3.6133363,0.0,0.1999999999999999,19.51111114,27.7,28.28333333333333,27.9,27.85,27.3,-15.658740753333332,-0.1537037033333348,-0.4873333333333334,4.2026666666666666,3.3400000000000003,19.47222222666667,4.166666666666667,4.6569476,4.6544275,4.748825,4.642304,4.5827227,0,0.0,1,1.0,-0.85,20.1,79.9
2023-03-28 21:45:00,61.460874700004,14.531640927778,14.542196088888002,19.51111114,3.3400000000000003,27.3,1,5.1764362714980825,70.66250196097344,21,1,3,-0.7071067811865477,0.7071067811865474,0.7818314824680298,0.6234898018587336,1.0,6.123233995736766e-17,0.0,0.0,26.166666666666668,8.675,14.15,100.0,74.25,-4.05,3.6002903,0.0,-1.1102230246251563e-16,19.29629632,27.966666666666665,27.7,28.28333333333333,27.9,27.183333333333334,-16.17111114,0.1370370533333336,-0.3753333333333328,3.715333333333333,2.9593333333333334,19.470987672222225,3.752666666666667,4.5827227,4.6569476,4.6544275,4.748825,4.5058327,0,0.0,1,1.0,-0.82,19.1,80.9
2023-03-28 22:00:00,160.955228166668,122.0067862,122.0292853,19.29629632,2.9593333333333334,27.183333333333334,2,5.1764362714980825,70.66250196097344,22,1,3,-0.5000000000000004,0.8660254037844384,0.7818314824680298,0.6234898018587336,1.0,6.123233995736766e-17,0.0,0.0,16.5,9.1,14.8,100.0,75.0,-4.1,3.5868416,0.0,-0.2,19.4666667,27.3,27.966666666666665,27.7,28.28333333333333,27.1,-16.336962986666666,-0.2148148200000008,-0.3806666666666669,3.3400000000000003,2.6293333333333333,19.39382718222222,3.3382222222222224,4.5058327,4.5827227,4.6569476,4.6544275,4.5372777,0,0.0,1,1.0,-0.87,20.9,79.1
2023-03-28 22:15:00,113.046866844444,48.412230116666,48.425562933332,19.4666667,2.6293333333333333,27.1,1,5.1764362714980825,70.66250196097344,22,1,3,-0.5000000000000004,0.8660254037844384,0.7818314824680298,0.6234898018587336,1.0,6.123233995736766e-17,0.0,0.0,9.125,8.75,15.15,100.0,74.5,-4.375,3.5201201,0.0,-0.375,19.422222233333333,27.183333333333334,27.3,27.966666666666665,27.7,26.53333333333333,-16.83733336666667,0.1703703800000013,-0.33,2.9593333333333334,2.37,19.42469138666667,2.9762222222222228,4.5372777,4.5058327,4.5827227,4.6569476,4.4308066,0,0.0,1,1.0,-0.83,19.5,80.5
2023-03-28 22:30:00,100.426260738882,62.02307456111,62.039185066664,19.422222233333333,2.37,26.53333333333333,1,5.1764362714980825,70.66250196097344,22,1,3,-0.5000000000000004,0.8660254037844384,0.7818314824680298,0.6234898018587336,1.0,6.123233995736766e-17,0.0,0.0,4.041666666666667,8.4,15.5,100.0,74.0,-4.65,3.4544225,0.0,-0.55,19.34444443,27.1,27.183333333333334,27.3,27.966666666666665,26.8,-17.05222223333333,-0.0444444666666683,-0.2593333333333336,2.6293333333333333,2.5773333333333333,19.39506175111111,2.652888888888889,4.4308066,4.5372777,4.5058327,4.5827227,4.4549017,0,0.0,0,1.0,-0.84,20.0,80.0
2023-03-28 22:45:00,157.256765044444,108.698151883334,108.71953996111,19.34444443,2.5773333333333333,26.8,2,5.1764362714980825,70.66250196097344,22,1,3,-0.5000000000000004,0.8660254037844384,0.7818314824680298,0.6234898018587336,1.0,6.123233995736766e-17,0.0,0.0,1.25,8.05,15.85,100.0,73.5,-4.925,3.3897352,0.0,-0.7249999999999999,19.531481456666665,26.53333333333333,27.1,27.183333333333334,27.3,26.35,-16.767111096666667,-0.0777778033333334,0.2073333333333336,2.37,2.583333333333333,19.41111112111111,2.525555555555556,4.4549017,4.4308066,4.5372777,4.5058327,4.4285502,0,0.0,1,1.0,-0.86,20.6,79.4
2023-03-28 23:00:00,75.71697128333,16.834604372222,16.842937388888,19.531481456666665,2.583333333333333,26.35,1,5.1764362714980825,70.66250196097344,23,1,3,-0.2588190451025215,0.965925826289068,0.7818314824680298,0.6234898018587336,1.0,6.123233995736766e-17,0.0,0.0,0.75,7.7,16.2,100.0,73.0,-5.2,3.3260458,0.0,-0.9,19.31666664,26.8,26.53333333333333,27.1,27.183333333333334,26.35,-16.948148123333333,0.1870370266666654,0.0060000000000002,2.5773333333333333,2.248,19.43271604,2.510222222222222,4.4285502,4.4549017,4.4308066,4.5372777,4.372944,0,0.0,1,1.0,-0.82,19.1,80.9
2023-03-28 23:15:00,179.391157416666,133.05412203889,133.07689892777802,19.31666664,2.248,26.35,2,5.1764362714980825,70.66250196097344,23,1,3,-0.2588190451025215,0.965925826289068,0.7818314824680298,0.6234898018587336,1.0,6.123233995736766e-17,0.0,0.0,0.375,7.475,15.3,100.0,72.25,-5.35,3.2804637,0.0,-0.95,19.501851866666662,26.35,26.8,26.53333333333333,27.1,26.316666666666663,-17.06866664,-0.2148148166666637,-0.3353333333333337,2.583333333333333,2.4313333333333333,19.39753084222222,2.469555555555556,4.372944,4.4285502,4.4549017,4.4308066,4.4152513,0,0.0,1,1.0,-0.87,20.9,79.1
2023-03-28 23:30:00,79.091836316662,21.826349127778,21.8366265,19.501851866666662,2.4313333333333333,26.316666666666663,1,5.1764362714980825,70.66250196097344,23,1,3,-0.2588190451025215,0.965925826289068,0.7818314824680298,0.6234898018587336,1.0,6.123233995736766e-17,0.0,0.0,0.125,7.25,14.4,100.0,71.5,-5.5,3.2351518,0.0,-1.0,19.36111114,26.35,26.35,26.8,26.53333333333333,26.1,-17.07051853333333,0.1851852266666647,0.1833333333333335,2.248,2.608,19.449999987777776,2.4208888888888893,4.4152513,4.372944,4.4285502,4.4549017,4.3428006,0,0.0,1,1.0,-0.83,19.4,80.6
2023-03-28 23:45:00,142.453468316666,88.354799,88.371742772222,19.36111114,2.608,26.1,2,5.1764362714980825,70.66250196097344,23,1,3,-0.2588190451025215,0.965925826289068,0.7818314824680298,0.6234898018587336,1.0,6.123233995736766e-17,0.0,0.0,0.0,7.025,13.5,100.0,70.75,-5.65,3.1901102,0.0,-1.05,19.37962966,26.316666666666663,26.35,26.35,26.8,26.75,-16.753111139999998,-0.1407407266666673,0.1766666666666663,2.4313333333333333,2.6,19.393209882222223,2.4291111111111108,4.3428006,4.4152513,4.372944,4.4285502,4.4558067,0,0.0,1,1.0,-0.86,20.6,79.4
2023-03-29 00:00:00,149.441244377776,87.933704727778,87.951481833332,19.37962966,2.6,26.75,2,5.1764362714980825,70.66250196097344,0,2,3,0.0,1.0,0.9749279121818236,-0.2225209339563143,1.0,6.123233995736766e-17,0.0,0.0,0.0,6.8,12.6,100.0,70.0,-5.8,3.1453383,0.0,-1.1,19.4888889,26.1,26.316666666666663,26.35,26.35,26.2,-16.779629659999998,0.0185185200000006,-0.0079999999999995,2.608,2.587333333333333,19.41419755555556,2.5464444444444445,4.4558067,4.3428006,4.4152513,4.372944,4.392329,0,0.0,0,1.0,-0.85,20.3,79.7
2023-03-29 00:15:00,94.987589377772,30.527389972222,30.536000794442,19.4888889,2.587333333333333,26.2,1,5.1764362714980825,70.66250196097344,0,2,3,0.0,1.0,0.9749279121818236,-0.2225209339563143,1.0,6.123233995736766e-17,0.0,0.0,0.0,6.675,12.325,100.0,70.25,-5.85,3.1401436,0.0,-1.175,19.281481456666665,26.75,26.1,26.316666666666663,26.35,26.466666666666665,-16.901555566666666,0.10925924,-0.0126666666666666,2.6,2.586,19.409876566666668,2.598444444444445,4.392329,4.4558067,4.3428006,4.4152513,4.383214,0,0.0,1,1.0,-0.83,19.5,80.5
2023-03-29 00:30:00,204.08183648333,126.634101116666,126.65104492222,19.281481456666665,2.586,26.466666666666665,2,5.1764362714980825,70.66250196097344,0,2,3,0.0,1.0,0.9749279121818236,-0.2225209339563143,1.0,6.123233995736766e-17,0.0,0.0,0.0,6.55,12.05,100.0,70.5,-5.9,3.134907,0.0,-1.25,19.46666668,26.2,26.75,26.1,26.316666666666663,26.15,-16.695481456666666,-0.2074074433333343,-0.0013333333333336,2.587333333333333,2.4246666666666665,19.38333333888889,2.591111111111112,4.383214,4.392329,4.4558067,4.3428006,4.378222,0,0.0,1,1.0,-0.87,21.2,78.8
2023-03-29 00:45:00,102.39423731667,15.704927344444002,15.709927211108,19.46666668,2.4246666666666665,26.15,1,5.1764362714980825,70.66250196097344,0,2,3,0.0,1.0,0.9749279121818236,-0.2225209339563143,1.0,6.123233995736766e-17,0.0,0.0,0.0,6.425,11.775,100.0,70.75,-5.95,3.12963,0.0,-1.325,19.28703703333333,26.466666666666665,26.2,26.75,26.1,26.183333333333334,-17.042000013333332,0.1851852233333346,-0.1613333333333333,2.586,2.4246666666666665,19.412345678888887,2.532666666666667,4.378222,4.383214,4.392329,4.4558067,4.337709,0,0.0,1,1.0,-0.83,19.7,80.3
2023-03-29 01:00:00,155.189903372218,91.575225744444,91.591058494442,19.28703703333333,2.4246666666666665,26.183333333333334,2,5.1764362714980825,70.66250196097344,1,2,3,0.2588190451025207,0.9659258262890684,0.9749279121818236,-0.2225209339563143,1.0,6.123233995736766e-17,0.0,0.0,0.0,6.3,11.5,100.0,71.0,-6.0,3.1243124,0.0,-1.4,19.34444446,26.15,26.466666666666665,26.2,26.75,26.45,-16.862370366666667,-0.1796296466666653,0.0,2.4246666666666665,2.716,19.34506172333333,2.478444444444445,4.337709,4.378222,4.383214,4.392329,4.396723,0,0.0,1,1.0,-0.88,21.2,78.8
2023-03-29 01:15:00,165.257833938886,96.388922072222,96.405588105554,19.34444446,2.716,26.45,2,5.1764362714980825,70.66250196097344,1,2,3,0.2588190451025207,0.9659258262890684,0.9749279121818236,-0.2225209339563143,1.0,6.123233995736766e-17,0.0,0.0,0.0,6.825,12.125,100.0,71.25,-5.975,3.129852,0.0,-1.4249999999999998,19.474074076666668,26.183333333333334,26.15,26.466666666666665,26.2,26.03333333333333,-16.628444459999997,0.0574074266666642,0.2913333333333336,2.4246666666666665,2.652,19.36604939111111,2.521777777777778,4.396723,4.337709,4.378222,4.383214,4.360589,0,0.0,0,1.0,-0.86,20.6,79.4
2023-03-29 01:30:00,100.87624270555,35.915229950002,35.9227297,19.474074076666668,2.652,26.03333333333333,1,5.1764362714980825,70.66250196097344,1,2,3,0.2588190451025207,0.9659258262890684,0.9749279121818236,-0.2225209339563143,1.0,6.123233995736766e-17,0.0,0.0,0.0,7.35,12.75,100.0,71.5,-5.95,3.135362,0.0,-1.45,19.20000003,26.45,26.183333333333334,26.15,26.466666666666665,26.05,-16.822074076666667,0.1296296166666692,-0.064,2.716,2.4033333333333333,19.368518523333336,2.597555555555556,4.360589,4.396723,4.337709,4.378222,4.2935505,0,0.0,1,1.0,-0.83,19.6,80.4
2023-03-29 01:45:00,145.406128005554,100.844021677776,100.862354277776,19.20000003,2.4033333333333333,26.05,2,5.1764362714980825,70.66250196097344,1,2,3,0.2588190451025207,0.9659258262890684,0.9749279121818236,-0.2225209339563143,1.0,6.123233995736766e-17,0.0,0.0,0.0,7.875,13.375,100.0,71.75,-5.925000000000001,3.1408417,0.0,-1.475,19.176851875,26.03333333333333,26.45,26.183333333333334,26.15,26.375,-16.79666669666667,-0.2740740466666658,-0.2486666666666668,2.652,2.41,19.33950618888889,2.590444444444445,4.2935505,4.360589,4.396723,4.337709,4.341191,0,0.0,1,1.0,-0.9,21.9,78.1
2023-03-29 02:00:00,130.580054372222,75.298376844444,75.3144873,19.176851875,2.41,26.375,2,5.1764362714980825,70.66250196097344,2,2,3,0.4999999999999999,0.8660254037844387,0.9749279121818236,-0.2225209339563143,1.0,6.123233995736766e-17,0.0,0.0,0.0,8.4,14.0,100.0,72.0,-5.9,3.1462924,0.0,-1.5,19.197222215,26.05,26.03333333333333,26.45,26.183333333333334,26.125,-16.766851875,-0.0231481550000012,0.0066666666666663,2.4033333333333333,2.373333333333333,19.28364199388889,2.4884444444444447,4.341191,4.2935505,4.360589,4.396723,4.3052073,0,0.0,0,1.0,-0.9,22.1,77.9
2023-03-29 02:15:00,105.044409105558,52.233466111112,52.246243416666,19.197222215,2.373333333333333,26.125,1,5.1764362714980825,70.66250196097344,2,2,3,0.4999999999999999,0.8660254037844387,0.9749279121818236,-0.2225209339563143,1.0,6.123233995736766e-17,0.0,0.0,0.0,8.05,14.0,96.75,73.0,-5.825,3.1677964,0.0,-1.6,19.127777793333333,26.375,26.05,26.03333333333333,26.45,26.466666666666665,-16.823888881666665,0.0203703399999994,-0.0366666666666661,2.41,2.3886666666666665,19.19135804,2.395555555555556,4.3052073,4.341191,4.2935505,4.360589,4.343695,0,0.0,1,1.0,-0.9,22.0,78.0
2023-03-29 02:30:00,144.97392297778,92.69851416111,92.717124533332,19.127777793333333,2.3886666666666665,26.466666666666665,2,5.1764362714980825,70.66250196097344,2,2,3,0.4999999999999999,0.8660254037844387,0.9749279121818236,-0.2225209339563143,1.0,6.123233995736766e-17,0.0,0.0,0.0,7.7,14.0,93.5,74.0,-5.75,3.1888301,0.0,-1.7,19.19999998,26.125,26.375,26.05,26.03333333333333,26.5,-16.739111126666668,-0.0694444216666667,0.0153333333333329,2.373333333333333,2.226,19.167283961111117,2.3906666666666667,4.343695,4.3052073,4.341191,4.2935505,4.367719,0,0.0,1,1.0,-0.91,22.5,77.5
2023-03-29 02:45:00,77.695225333336,30.273511227778,30.285177461110003,19.19999998,2.226,26.5,1,5.1764362714980825,70.66250196097344,2,2,3,0.4999999999999999,0.8660254037844387,0.9749279121818236,-0.2225209339563143,1.0,6.123233995736766e-17,0.0,0.0,0.0,7.35,14.0,90.25,75.0,-5.675,3.209398,0.0,-1.7999999999999998,19.075925936666668,26.466666666666665,26.125,26.375,26.05,26.683333333333334,-16.97399998,0.0722221866666643,-0.1626666666666665,2.3886666666666665,2.1966666666666668,19.17499999611111,2.329333333333334,4.367719,4.343695,4.3052073,4.341191,4.3658843,0,0.0,1,1.0,-0.89,21.9,78.1
2023-03-29 03:00:00,186.79419468333,132.853574527778,132.874684833332,19.075925936666668,2.1966666666666668,26.683333333333334,2,5.1764362714980825,70.66250196097344,3,2,3,0.7071067811865476,0.7071067811865476,0.9749279121818236,-0.2225209339563143,1.0,6.123233995736766e-17,0.0,0.0,0.0,7.0,14.0,87.0,76.0,-5.6,3.2295063,0.0,-1.9,19.300000015,26.5,26.466666666666665,26.125,26.375,26.675,-16.879259270000002,-0.12407404333333,-0.0293333333333332,2.226,2.29,19.13456790333333,2.2704444444444447,4.3658843,4.367719,4.343695,4.3052073,4.422537,0,0.0,1,1.0,-0.92,22.9,77.1
2023-03-29 03:15:00,68.70975141667,11.7978614,11.806194449998,19.300000015,2.29,26.675,1,5.1764362714980825,70.66250196097344,3,2,3,0.7071067811865476,0.7071067811865476,0.9749279121818236,-0.2225209339563143,1.0,6.123233995736766e-17,0.0,0.0,0.0,6.8,13.1,77.75,77.25,-5.475,3.2654223,0.0,-1.975,19.099999975,26.683333333333334,26.5,26.466666666666665,26.125,26.825,-17.010000015000003,0.2240740783333343,0.0933333333333328,2.1966666666666668,2.29,19.19197531055556,2.237555555555556,4.422537,4.3658843,4.367719,4.343695,4.3952994,0,0.0,1,1.0,-0.87,21.0,79.0
2023-03-29 03:30:00,116.579503283334,74.315638372222,74.332026633332,19.099999975,2.29,26.825,2,5.1764362714980825,70.66250196097344,3,2,3,0.7071067811865476,0.7071067811865476,0.9749279121818236,-0.2225209339563143,1.0,6.123233995736766e-17,0.0,0.0,0.0,6.6,12.2,68.5,78.5,-5.35,3.3008623,0.0,-2.05,19.08888887,26.675,26.683333333333334,26.5,26.466666666666665,27.0,-16.809999975,-0.2000000400000026,0.0,2.29,2.264,19.15864197555556,2.258888888888889,4.3952994,4.422537,4.3658843,4.367719,4.421076,0,0.0,1,1.0,-0.91,22.7,77.3
2023-03-29 03:45:00,173.006968394442,115.395939511112,115.41510546111,19.08888887,2.264,27.0,2,5.1764362714980825,70.66250196097344,3,2,3,0.7071067811865476,0.7071067811865476,0.9749279121818236,-0.2225209339563143,1.0,6.123233995736766e-17,0.0,0.0,0.0,6.4,11.3,59.25,79.75,-5.225,3.3358305,0.0,-2.125,19.309259256666667,26.825,26.675,26.683333333333334,26.5,27.0,-16.824888870000002,-0.0111111049999976,-0.0259999999999993,2.29,2.029333333333333,19.16296295333333,2.281333333333333,4.421076,4.3952994,4.422537,4.3658843,4.478861,0,0.0,0,1.0,-0.92,22.7,77.3
2023-03-29 04:00:00,67.901172694446,16.627112688888,16.637667816666,19.309259256666667,2.029333333333333,27.0,1,5.1764362714980825,70.66250196097344,4,2,3,0.8660254037844386,0.5000000000000001,0.9749279121818236,-0.2225209339563143,1.0,6.123233995736766e-17,0.0,0.0,0.0,6.2,10.4,50.0,81.0,-5.1,3.3703287,0.0,-2.2,19.08888888,27.0,26.825,26.675,26.683333333333334,27.0,-17.279925923333334,0.2203703866666657,-0.234666666666667,2.264,1.982,19.166049367222225,2.1944444444444446,4.478861,4.421076,4.3952994,4.422537,4.421076,0,0.0,1,1.0,-0.87,20.8,79.2
2023-03-29 04:15:00,171.824237822224,130.11535074444402,130.13673873889,19.08888888,1.982,27.0,2,5.1764362714980825,70.66250196097344,4,2,3,0.8660254037844386,0.5000000000000001,0.9749279121818236,-0.2225209339563143,1.0,6.123233995736766e-17,0.0,0.0,0.0,6.25,10.4,39.0,82.25,-4.949999999999999,3.4043617,0.0,-2.2750000000000004,19.309259246666667,27.0,27.0,26.825,26.675,27.0,-17.10688888,-0.2203703766666684,-0.0473333333333332,2.029333333333333,1.996,19.16234566888889,2.091777777777778,4.421076,4.478861,4.421076,4.3952994,4.478861,0,0.0,1,1.0,-0.92,22.7,77.3
2023-03-29 04:30:00,116.101466888888,54.343937255556,54.357270072222,19.309259246666667,1.996,27.0,1,5.1764362714980825,70.66250196097344,4,2,3,0.8660254037844386,0.5000000000000001,0.9749279121818236,-0.2225209339563143,1.0,6.123233995736766e-17,0.0,0.0,0.0,6.300000000000001,10.4,28.0,83.5,-4.8,3.4379325,0.0,-2.35,19.28888888,27.0,27.0,27.0,26.825,27.0,-17.313259246666668,0.2203703666666676,0.014,1.982,1.9406666666666663,19.23580246111111,2.002444444444445,4.478861,4.421076,4.478861,4.421076,4.473492,0,0.0,1,1.0,-0.87,20.8,79.2
2023-03-29 04:45:00,101.996197688892,54.131445755556,54.144778555556,19.28888888,1.9406666666666663,27.0,1,5.1764362714980825,70.66250196097344,4,2,3,0.8660254037844386,0.5000000000000001,0.9749279121818236,-0.2225209339563143,1.0,6.123233995736766e-17,0.0,0.0,0.0,6.3500000000000005,10.4,17.0,84.75,-4.65,3.4710443,0.0,-2.425,19.14814818,27.0,27.0,27.0,27.0,27.0,-17.348222213333333,-0.0203703666666683,-0.0553333333333334,1.996,1.7673333333333334,19.22901233555556,1.9728888888888887,4.473492,4.478861,4.421076,4.478861,4.436551,0,0.0,0,1.0,-0.87,21.0,79.0
2023-03-29 05:00:00,174.55301755000198,131.971109811112,131.994164422224,19.14814818,1.7673333333333334,27.0,2,5.1764362714980825,70.66250196097344,5,2,3,0.9659258262890684,0.2588190451025207,0.9749279121818236,-0.2225209339563143,1.0,6.123233995736766e-17,0.0,0.0,0.0,6.4,10.4,6.0,86.0,-4.5,3.503701,0.0,-2.5,19.366666650000003,27.0,27.0,27.0,27.0,27.0,-17.380814846666667,-0.1407406999999985,-0.1733333333333331,1.9406666666666663,1.7966666666666666,19.24876543555556,1.901333333333333,4.436551,4.473492,4.478861,4.421076,4.4940214,0,0.0,1,1.0,-0.9,22.2,77.8
2023-03-29 05:15:00,63.503848594446,0.0,0.0,19.366666650000003,1.7966666666666666,27.0,0,5.1764362714980825,70.66250196097344,5,2,3,0.9659258262890684,0.2588190451025207,0.9749279121818236,-0.2225209339563143,1.0,6.123233995736766e-17,0.0,0.0,0.0,6.875,11.225,4.5,87.0,-4.45,3.519571,0.0,-2.6,19.144444476666667,27.0,27.0,27.0,27.0,27.0,-17.569999983333336,0.2185184700000029,0.0293333333333332,1.7673333333333334,1.7706666666666666,19.26790123666667,1.8348888888888888,4.4940214,4.436551,4.473492,4.478861,4.4355826,1,1.0,1,0.75,-0.85,20.3,79.7
2023-03-29 05:30:00,166.498617638886,118.413318844444,118.43415136111,19.144444476666667,1.7706666666666666,27.0,2,5.1764362714980825,70.66250196097344,5,2,3,0.9659258262890684,0.2588190451025207,0.9749279121818236,-0.2225209339563143,1.0,6.123233995736766e-17,0.0,0.0,0.0,7.35,12.05,3.0,88.0,-4.4,3.5350251,0.0,-2.7,19.25555555,27.0,27.0,27.0,27.0,27.0,-17.37377781,-0.2222221733333356,-0.026,1.7966666666666666,1.88,19.219753102222224,1.7782222222222224,4.4355826,4.4940214,4.436551,4.473492,4.4647193,0,1.0,1,0.75,-0.9,22.2,77.8
2023-03-29 05:45:00,114.618748499996,67.218700027778,67.233699427778,19.25555555,1.88,27.0,1,5.1764362714980825,70.66250196097344,5,2,3,0.9659258262890684,0.2588190451025207,0.9749279121818236,-0.2225209339563143,1.0,6.123233995736766e-17,0.0,0.0,0.0,7.825000000000001,12.875,1.5,89.0,-4.35,3.5500658,0.0,-2.8,19.28333333333333,27.0,27.0,27.0,27.0,27.0,-17.37555555,0.1111110733333333,0.1093333333333332,1.7706666666666666,1.8946666666666667,19.25555555888889,1.815777777777778,4.4647193,4.4355826,4.4940214,4.436551,4.4720287,0,1.0,1,0.75,-0.88,21.3,78.7
2023-03-29 06:00:00,109.314238522216,57.455757244444,57.469923394442,19.28333333333333,1.8946666666666667,27.0,1,5.1764362714980825,70.66250196097344,6,2,3,1.0,6.123233995736766e-17,0.9749279121818236,-0.2225209339563143,1.0,6.123233995736766e-17,0.0,0.0,0.0,8.3,13.7,0.0,90.0,-4.3,3.5646994,0.0,-2.9,19.13888888,27.0,27.0,27.0,27.0,27.0,-17.38866666666667,0.0277777833333345,0.0146666666666668,1.88,1.8733333333333333,19.227777786666667,1.8484444444444448,4.4720287,4.4647193,4.4355826,4.4940214,4.4341297,0,1.0,0,0.75,-0.87,21.0,79.0
2023-03-29 06:15:00,172.054506444444,121.482640483334,121.503195211112,19.13888888,1.8733333333333333,27.0,2,5.1764362714980825,70.66250196097344,6,2,3,1.0,6.123233995736766e-17,0.9749279121818236,-0.2225209339563143,1.0,6.123233995736766e-17,0.0,0.0,0.0,8.725000000000001,14.5,0.0,90.25,-4.225,3.587245,0.0,-2.85,19.32962964333333,27.0,27.0,27.0,27.0,26.816666666666663,-17.265555546666665,-0.1444444533333353,-0.0213333333333332,1.8946666666666667,1.096,19.225925921111116,1.8826666666666672,4.4341297,4.4720287,4.4647193,4.4355826,4.453788,0,0.0,1,1.0,-0.9,22.3,77.7
2023-03-29 06:30:00,63.53634727778,12.68977013889,12.698658633336,19.32962964333333,1.096,26.816666666666663,1,5.1764362714980825,70.66250196097344,6,2,3,1.0,6.123233995736766e-17,0.9749279121818236,-0.2225209339563143,1.0,6.123233995736766e-17,0.0,0.0,0.0,9.15,15.3,0.0,90.5,-4.15,3.6098983,0.0,-2.8,19.10000001,27.0,27.0,27.0,27.0,26.85,-18.23362964333333,0.1907407633333306,-0.7773333333333334,1.8733333333333333,0.846,19.25061728555556,1.621333333333334,4.453788,4.4341297,4.4720287,4.4647193,4.3993955,0,0.0,1,1.0,-0.86,20.7,79.3
2023-03-29 06:45:00,166.779161999996,120.761280488888,120.783501866664,19.10000001,0.846,26.85,2,5.1764362714980825,70.66250196097344,6,2,3,1.0,6.123233995736766e-17,0.9749279121818236,-0.2225209339563143,1.0,6.123233995736766e-17,0.0,0.0,0.0,9.575,16.099999999999998,0.0,90.75,-4.075,3.6326628,0.0,-2.75,19.216666673333336,26.816666666666663,27.0,27.0,27.0,26.816666666666663,-18.25400001,-0.2296296333333316,-0.2500000000000001,1.096,0.8213333333333334,19.189506177777776,1.271777777777778,4.3993955,4.453788,4.4341297,4.4720287,4.424255,0,0.0,1,1.0,-0.91,22.7,77.3
2023-03-29 07:00:00,101.156786933332,48.684996988888,48.69944086111,19.216666673333336,0.8213333333333334,26.816666666666663,1,5.1764362714980825,70.66250196097344,7,2,3,0.9659258262890684,-0.2588190451025206,0.9749279121818236,-0.2225209339563143,1.0,6.123233995736766e-17,0.0,0.0,0.0,10.0,16.9,0.0,91.0,-4.0,3.6555374,0.0,-2.7,19.17222221,26.85,26.816666666666663,27.0,27.0,26.55,-18.395333340000004,0.116666663333337,-0.0246666666666666,0.846,0.9233333333333332,19.21543210888889,0.9211111111111115,4.424255,4.3993955,4.453788,4.4341297,4.3688025,0,0.0,1,1.0,-0.89,21.6,78.4
2023-03-29 07:15:00,364.782630377776,84.1807993,84.200242972222,19.17222221,0.9233333333333332,26.55,2,5.1764362714980825,70.66250196097344,7,2,3,0.9659258262890684,-0.2588190451025206,0.9749279121818236,-0.2225209339563143,1.0,6.123233995736766e-17,17.5,4.375,1.4583333333333333,10.5,17.9,0.0,88.75,-3.65,3.738413,0.0,-2.0250000000000004,19.18148151,26.816666666666663,26.85,26.816666666666663,27.0,26.966666666666665,-18.248888876666665,-0.0444444633333382,0.1019999999999999,0.8213333333333334,0.9053333333333332,19.162962964444443,0.8635555555555557,4.3688025,4.424255,4.3993955,4.453788,4.4397883,0,0.0,1,1.0,-0.9,22.1,77.9
2023-03-29 07:30:00,137.501444038894,95.309243044444,95.328964488888,19.18148151,0.9053333333333332,26.966666666666665,2,5.1764362714980825,70.66250196097344,7,2,3,0.9659258262890684,-0.2588190451025206,0.9749279121818236,-0.2225209339563143,1.0,6.123233995736766e-17,35.0,13.125,4.375,11.0,18.9,0.0,86.5,-3.3,3.8196719,0.0,-1.35,19.32777776,26.55,26.816666666666663,26.85,26.816666666666663,26.7,-18.276148176666663,0.0092593000000036,-0.018,0.9233333333333332,1.2993333333333332,19.190123464444444,0.8833333333333336,4.4397883,4.3688025,4.424255,4.3993955,4.4339266,0,0.0,0,1.0,-0.9,21.9,78.1
2023-03-29 07:45:00,73.157351372222,21.318036144444,21.329424588888,19.32777776,1.2993333333333332,26.7,1,5.1764362714980825,70.66250196097344,7,2,3,0.9659258262890684,-0.2588190451025206,0.9749279121818236,-0.2225209339563143,1.0,6.123233995736766e-17,52.49999999999999,26.25,8.75,11.5,19.9,0.0,84.25,-2.95,3.8990016,0.0,-0.6750000000000003,19.146296300000003,26.966666666666665,26.55,26.816666666666663,26.85,27.15,-18.028444426666667,0.1462962499999989,0.3939999999999999,0.9053333333333332,2.04,19.227160493333333,1.042666666666667,4.4339266,4.4397883,4.3688025,4.424255,4.4607105,0,0.0,1,1.0,-0.86,20.7,79.3
2023-03-29 08:00:00,182.530753994446,121.8692917,121.89067976111,19.146296300000003,2.04,27.15,2,5.1764362714980825,70.66250196097344,8,2,3,0.8660254037844387,-0.4999999999999998,0.9749279121818236,-0.2225209339563143,1.0,6.123233995736766e-17,70.0,43.75,14.583333333333334,12.0,20.9,0.0,82.0,-2.6,3.976078,0.0,0.0,19.327777790000003,26.7,26.966666666666665,26.55,26.816666666666663,27.1,-17.106296300000004,-0.1814814599999969,0.7406666666666668,1.2993333333333332,2.9166666666666665,19.218518523333334,1.414888888888889,4.4607105,4.4339266,4.4397883,4.3688025,4.5003524,0,0.0,1,1.0,-0.9,22.2,77.8
2023-03-29 08:15:00,57.318818422216,11.745363483334,11.756751911112,19.327777790000003,2.9166666666666665,27.1,1,5.1764362714980825,70.66250196097344,8,2,3,0.8660254037844387,-0.4999999999999998,0.9749279121818236,-0.2225209339563143,1.0,6.123233995736766e-17,115.0,68.125,24.166666666666668,11.725,21.7,0.0,78.5,-2.275,4.0767126,0.0,1.0,19.4407407,27.15,26.7,26.966666666666665,26.55,26.716666666666665,-16.411111123333335,0.1814814899999994,0.8766666666666665,2.04,3.6346666666666665,19.267283950000003,2.0853333333333337,4.5003524,4.4607105,4.4339266,4.4397883,4.4662833,0,0.0,1,1.0,-0.86,20.6,79.4
2023-03-29 08:30:00,108.233726211104,54.654758155556,54.669479800000005,19.4407407,3.6346666666666665,26.716666666666665,1,5.1764362714980825,70.66250196097344,8,2,3,0.8660254037844387,-0.4999999999999998,0.9749279121818236,-0.2225209339563143,1.0,6.123233995736766e-17,160.0,99.375,37.5,11.45,22.5,0.0,75.0,-1.95,4.1691856,0.0,2.0,19.55000001,27.1,27.15,26.7,26.966666666666665,27.0,-15.806074033333331,0.1129629099999967,0.718,2.9166666666666665,4.38,19.304938263333337,2.8637777777777784,4.4662833,4.5003524,4.4607105,4.4339266,4.542736,0,0.0,0,1.0,-0.84,19.8,80.2
2023-03-29 08:45:00,124.883893294446,69.114179772222,69.130845772222,19.55000001,4.38,27.0,1,5.1764362714980825,70.66250196097344,8,2,3,0.8660254037844387,-0.4999999999999998,0.9749279121818236,-0.2225209339563143,1.0,6.123233995736766e-17,205.0,137.5,54.583333333333336,11.175,23.3,0.0,71.5,-1.625,4.252052,0.0,3.0,19.916666646666663,26.716666666666665,27.1,27.15,26.7,26.816666666666663,-15.170000010000004,0.1092593100000023,0.7453333333333334,3.6346666666666665,4.996,19.439506166666668,3.643777777777778,4.542736,4.4662833,4.5003524,4.4607105,4.6100197,0,0.0,0,1.0,-0.81,18.9,81.1
2023-03-29 09:00:00,45.64734061667,0.0,0.0,19.916666646666663,4.996,26.816666666666663,0,5.1764362714980825,70.66250196097344,9,2,3,0.7071067811865476,-0.7071067811865475,0.9749279121818236,-0.2225209339563143,1.0,6.123233995736766e-17,250.0,182.5,75.41666666666667,10.9,24.1,0.0,68.0,-1.3,4.3237467,0.0,4.0,20.28888887,27.0,26.716666666666665,27.1,27.15,26.5,-14.920666646666668,0.3666666366666646,0.6159999999999997,4.38,5.46,19.635802452222222,4.336888888888889,4.6100197,4.542736,4.4662833,4.5003524,4.655886,1,1.0,1,0.75,-0.73,16.1,83.9
2023-03-29 09:15:00,104.797474566668,53.187594644444,53.203149572222,20.28888887,5.46,26.5,1,5.1764362714980825,70.66250196097344,9,2,3,0.7071067811865476,-0.7071067811865475,0.9749279121818236,-0.2225209339563143,1.0,6.123233995736766e-17,297.75,228.1875,100.22916666666669,11.725,26.275,1.0,64.5,-1.425,4.3035603,0.0,4.725,20.68333334,26.816666666666663,27.0,26.716666666666665,27.1,26.316666666666663,-14.82888887,0.3722222233333347,0.4640000000000004,4.996,5.892,19.91851850888889,4.945333333333334,4.655886,4.6100197,4.542736,4.4662833,4.7313004,0,1.0,1,0.75,-0.65,13.8,86.2
2023-03-29 09:30:00,115.279277611108,61.91974536111,61.936966905554,20.68333334,5.892,26.316666666666663,1,5.1764362714980825,70.66250196097344,9,2,3,0.7071067811865476,-0.7071067811865475,0.9749279121818236,-0.2225209339563143,1.0,6.123233995736766e-17,345.5,274.5625,129.02083333333334,12.55,28.45,2.0,61.0,-1.55,4.2696214,0.0,5.45,21.32777774,26.5,26.816666666666663,27.0,26.716666666666665,25.95,-14.79133334,0.3944444699999998,0.4319999999999995,5.46,7.010666666666666,20.29629628555556,5.449333333333333,4.7313004,4.655886,4.6100197,4.542736,4.8433695,0,1.0,0,0.75,-0.56,11.5,88.5
2023-03-29 09:45:00,44.715988888896,0.0,0.0,21.32777774,7.010666666666666,25.95,0,5.1764362714980825,70.66250196097344,9,2,3,0.7071067811865476,-0.7071067811865475,0.9749279121818236,-0.2225209339563143,1.0,6.123233995736766e-17,393.25,321.625,161.79166666666666,13.375,30.625,3.0,57.5,-1.675,4.220797,0.0,6.175000000000001,21.87777778333333,26.316666666666663,26.5,26.816666666666663,27.0,25.35,-14.317111073333333,0.6444443999999976,1.118666666666667,5.892,8.092666666666666,20.76666665,6.1208888888888895,4.8433695,4.7313004,4.655886,4.6100197,4.8842907,1,2.0,1,0.5,-0.41,8.5,91.5
2023-03-29 10:00:00,55.455281683334,0.0,0.0,21.87777778333333,8.092666666666666,25.35,0,5.1764362714980825,70.66250196097344,10,2,3,0.4999999999999999,-0.8660254037844387,0.9749279121818236,-0.2225209339563143,1.0,6.123233995736766e-17,441.0,369.375,198.54166666666663,14.2,32.8,4.0,54.0,-1.8,4.1558905,0.0,6.9,22.29444445,25.95,26.316666666666663,26.5,26.816666666666663,25.0,-13.785111116666666,0.5500000433333341,1.082,7.010666666666666,7.911333333333333,21.29629628777778,6.998444444444445,4.8842907,4.8433695,4.7313004,4.655886,4.933883,0,2.0,0,0.5,-0.29,6.7,93.3
2023-03-29 10:15:00,78.38241999445,16.641001000000003,16.649889544444,22.29444445,7.911333333333333,25.0,1,5.1764362714980825,70.66250196097344,10,2,3,0.4999999999999999,-0.8660254037844387,0.9749279121818236,-0.2225209339563143,1.0,6.123233995736766e-17,482.25,415.5,237.27083333333331,14.925,34.599999999999994,19.25,51.75,-2.125,4.0545354,0.05,7.175000000000001,22.285185206666664,25.35,25.95,26.316666666666663,26.5,25.0,-14.383111116666669,0.4166666666666678,-0.1813333333333329,8.092666666666666,8.733333333333333,21.833333324444443,7.671555555555556,4.933883,4.8842907,4.8433695,4.7313004,4.9312553,0,2.0,1,0.5,-0.19,5.8,94.2
2023-03-29 10:30:00,344.98481113889,97.48498936111,97.502488727774,22.285185206666664,8.733333333333333,25.0,2,5.1764362714980825,70.66250196097344,10,2,3,0.4999999999999999,-0.8660254037844387,0.9749279121818236,-0.2225209339563143,1.0,6.123233995736766e-17,523.5,460.0,277.9791666666667,15.65,36.4,34.5,49.5,-2.45,3.9480152,0.1,7.45,22.7111111,25.0,25.35,25.95,26.316666666666663,24.95,-13.551851873333332,-0.0092592433333358,0.8219999999999992,7.911333333333333,8.849333333333334,22.152469146666665,8.245777777777777,4.9312553,4.933883,4.8842907,4.8433695,5.043254,0,2.0,1,0.5,-0.19,5.8,94.2
2023-03-29 10:45:00,842.6787915,0.0,0.0,22.7111111,8.849333333333334,24.95,0,5.1764362714980825,70.66250196097344,10,2,3,0.4999999999999999,-0.8660254037844387,0.9749279121818236,-0.2225209339563143,1.0,6.123233995736766e-17,564.75,502.875,320.6666666666667,16.375,38.2,49.75,47.25,-2.7750000000000004,3.8361962,0.15,7.725,23.350000026666667,25.0,25.0,25.35,25.95,24.53333333333333,-13.861777766666666,0.4259258933333356,0.1160000000000014,8.733333333333333,9.062,22.43024691888889,8.498,5.043254,4.9312553,4.933883,4.8842907,5.143582,1,2.0,1,0.5,-0.1,5.2,94.8
2023-03-29 11:00:00,124.865283055552,0.0,0.0,23.350000026666667,9.062,24.53333333333333,0,5.1764362714980825,70.66250196097344,11,2,3,0.258819045102521,-0.9659258262890682,0.9749279121818236,-0.2225209339563143,1.0,6.123233995736766e-17,606.0,544.125,365.3333333333333,17.1,40.0,65.0,45.0,-3.1,3.718943,0.2,8.0,23.69444444,24.95,25.0,25.0,25.35,24.45,-14.288000026666666,0.6388889266666666,0.2126666666666672,8.849333333333334,9.622666666666667,22.78209877777778,8.881555555555558,5.143582,5.043254,4.9312553,4.933883,5.227701,0,2.0,0,0.5,0.05,5.1,94.9
2023-03-29 11:15:00,110.161149111104,0.0,0.0,23.69444444,9.622666666666667,24.45,0,5.1764362714980825,70.66250196097344,11,2,3,0.258819045102521,-0.9659258262890682,0.9749279121818236,-0.2225209339563143,1.0,6.123233995736766e-17,620.0,578.5625,407.4166666666667,17.5,40.8,68.75,43.25,-3.45,3.638177,0.175,8.275,24.011111096666664,24.53333333333333,24.95,25.0,25.0,24.03333333333333,-14.07177777333333,0.3444444133333313,0.5606666666666662,9.062,9.548,23.25185185555556,9.178000000000004,5.227701,5.143582,5.043254,4.9312553,5.231923,0,3.0,0,0.25,0.13,5.4,94.6
2023-03-29 11:30:00,119.800207916662,0.0,0.0,24.011111096666664,9.548,24.03333333333333,0,5.1764362714980825,70.66250196097344,11,2,3,0.258819045102521,-0.9659258262890682,0.9749279121818236,-0.2225209339563143,1.0,6.123233995736766e-17,634.0,606.1875,446.9166666666667,17.9,41.6,72.5,41.5,-3.8,3.5531962,0.15,8.55,24.15000003,24.45,24.53333333333333,24.95,25.0,24.0,-14.463111096666664,0.3166666566666656,-0.0746666666666673,9.622666666666667,10.014666666666669,23.68518518777778,9.41088888888889,5.231923,5.227701,5.143582,5.043254,5.265995,0,4.0,0,0.0,0.2,5.9,94.1
2023-03-29 11:45:00,123.652276027774,0.0,0.0,24.15000003,10.014666666666669,24.0,0,5.1764362714980825,70.66250196097344,11,2,3,0.258819045102521,-0.9659258262890682,0.9749279121818236,-0.2225209339563143,1.0,6.123233995736766e-17,648.0,627.0,483.8333333333333,18.3,42.400000000000006,76.25,39.75,-4.15,3.4638915,0.125,8.825,23.90925925333333,24.03333333333333,24.45,24.53333333333333,24.95,24.0,-14.135333363333334,0.1388889333333374,0.4666666666666668,9.548,10.109333333333332,23.95185185555556,9.728444444444444,5.265995,5.231923,5.227701,5.143582,5.1945376,0,4.0,0,0.0,0.24,6.1,93.9
2023-03-29 12:00:00,92.125481649994,0.0,0.0,23.90925925333333,10.109333333333332,24.0,0,5.1764362714980825,70.66250196097344,12,2,3,1.2246467991473532e-16,-1.0,0.9749279121818236,-0.2225209339563143,1.0,6.123233995736766e-17,662.0,641.0,518.1666666666666,18.7,43.2,80.0,38.0,-4.5,3.370154,0.1,9.1,23.43333331,24.0,24.03333333333333,24.45,24.53333333333333,24.05,-13.799925920000003,-0.2407407766666658,0.0946666666666651,10.014666666666669,9.933333333333334,24.02345679333333,9.890666666666666,5.1945376,5.265995,5.231923,5.227701,5.066268,0,4.0,0,0.0,0.18,5.7,94.3
2023-03-29 12:15:00,157.35009474444,103.555024316666,103.576690133332,23.43333331,9.933333333333334,24.05,2,5.1764362714980825,70.66250196097344,12,2,3,1.2246467991473532e-16,-1.0,0.9749279121818236,-0.2225209339563143,1.0,6.123233995736766e-17,665.75,652.4375,548.8333333333334,18.6,43.475,74.25,37.25,-4.625,3.3354306,0.1,9.25,23.238888893333336,24.0,24.0,24.03333333333333,24.45,24.466666666666665,-13.499999976666668,-0.4759259433333334,-0.1759999999999983,10.109333333333332,10.184666666666669,23.83086419777778,10.019111111111112,5.066268,5.1945376,5.265995,5.231923,5.0971785,0,3.0,1,0.25,0.07,5.1,94.9
2023-03-29 12:30:00,206.145087249998,10.186814711112,10.201536388888,23.238888893333336,10.184666666666669,24.466666666666665,1,5.1764362714980825,70.66250196097344,12,2,3,1.2246467991473532e-16,-1.0,0.9749279121818236,-0.2225209339563143,1.0,6.123233995736766e-17,669.5,661.3125,575.8333333333334,18.5,43.75,68.5,36.5,-4.75,3.2996883,0.1,9.4,22.64444441,24.05,24.0,24.0,24.03333333333333,25.15,-13.054222226666669,-0.1944444166666663,0.2513333333333332,9.933333333333334,9.985333333333331,23.527160485555555,10.07577777777778,5.0971785,5.066268,5.1945376,5.265995,5.0642834,0,2.0,1,0.5,0.02,5.0,95.0
2023-03-29 12:45:00,87.357061111112,20.514734927778,20.526956655556,22.64444441,9.985333333333331,25.15,1,5.1764362714980825,70.66250196097344,12,2,3,1.2246467991473532e-16,-1.0,0.9749279121818236,-0.2225209339563143,1.0,6.123233995736766e-17,673.25,667.625,599.1666666666666,18.4,44.025,62.75,35.75,-4.875,3.2629123,0.1,9.55,21.740740766666665,24.466666666666665,24.05,24.0,24.0,25.03333333333333,-12.659111076666669,-0.5944444833333336,-0.1993333333333335,10.184666666666669,9.739333333333333,23.10555553777778,10.034444444444446,5.0642834,5.0971785,5.066268,5.1945376,4.7852654,0,1.0,0,0.75,-0.11,5.2,94.8
2023-03-29 13:00:00,475.825688511108,111.23360606111,111.255827438886,21.740740766666665,9.739333333333333,25.03333333333333,2,5.1764362714980825,70.66250196097344,13,2,3,-0.2588190451025208,-0.9659258262890684,0.9749279121818236,-0.2225209339563143,1.0,6.123233995736766e-17,677.0,671.375,618.8333333333334,18.3,44.3,57.0,35.0,-5.0,3.2250884,0.1,9.7,21.4888889,25.15,24.466666666666665,24.05,24.0,24.95,-12.001407433333332,-0.903703643333337,-0.2460000000000004,9.985333333333331,9.866666666666667,22.54135802333333,9.969777777777775,4.7852654,5.0642834,5.0971785,5.066268,4.7003837,0,0.0,1,1.0,-0.32,7.1,92.9
2023-03-29 13:15:00,89.896404,20.157249244444,20.167804388888,21.4888889,9.866666666666667,24.95,1,5.1764362714980825,70.66250196097344,13,2,3,-0.2588190451025208,-0.9659258262890684,0.9749279121818236,-0.2225209339563143,1.0,6.123233995736766e-17,695.0,678.6875,636.5625,18.05,44.3,67.25,34.75,-4.825,3.2636359,0.075,10.0,21.13888886,25.03333333333333,25.15,24.466666666666665,24.05,24.716666666666665,-11.622222233333332,-0.2518518666666658,0.1273333333333344,9.739333333333333,9.994,21.95802469222222,9.86377777777778,4.7003837,4.7852654,5.0642834,5.0971785,4.562918,0,0.0,1,1.0,-0.38,8.0,92.0
2023-03-29 13:30:00,145.05114213889,82.1708797,82.188656772222,21.13888886,9.994,24.716666666666665,2,5.1764362714980825,70.66250196097344,13,2,3,-0.2588190451025208,-0.9659258262890684,0.9749279121818236,-0.2225209339563143,1.0,6.123233995736766e-17,713.0,689.5625,652.3541666666666,17.8,44.3,77.5,34.5,-4.65,3.3023205,0.05,10.3,20.95555554,24.95,25.03333333333333,25.15,24.466666666666665,24.95,-11.144888860000002,-0.3500000399999976,0.1273333333333326,9.866666666666667,10.496666666666666,21.45617284222222,9.866666666666667,4.562918,4.7003837,4.7852654,5.0642834,4.557208,0,0.0,1,1.0,-0.46,9.4,90.6
2023-03-29 13:45:00,76.698598533336,28.3188672,28.332477772222,20.95555554,10.496666666666666,24.95,1,5.1764362714980825,70.66250196097344,13,2,3,-0.2588190451025208,-0.9659258262890684,0.9749279121818236,-0.2225209339563143,1.0,6.123233995736766e-17,731.0,704.0,666.2083333333334,17.55,44.3,87.75,34.25,-4.475,3.3411334,0.0249999999999999,10.6,20.69999998333333,24.716666666666665,24.95,25.03333333333333,25.15,24.716666666666665,-10.458888873333333,-0.1833333200000027,0.5026666666666664,9.994,11.134,21.19444443333333,10.119111111111112,4.557208,4.562918,4.7003837,4.7852654,4.447962,0,0.0,1,1.0,-0.5,10.3,89.7
2023-03-29 14:00:00,136.962299088888,89.900014988888,89.91945866111,20.69999998333333,11.134,24.716666666666665,2,5.1764362714980825,70.66250196097344,14,2,3,-0.4999999999999997,-0.8660254037844388,0.9749279121818236,-0.2225209339563143,1.0,6.123233995736766e-17,749.0,722.0,678.125,17.3,44.3,98.0,34.0,-4.3,3.3800664,0.0,10.9,20.72222223,24.95,24.716666666666665,24.95,25.03333333333333,24.95,-9.565999983333336,-0.2555555566666641,0.6373333333333324,10.496666666666666,11.114,20.93148146111111,10.541555555555556,4.447962,4.557208,4.562918,4.7003837,4.495765,0,0.0,1,1.0,-0.56,11.6,88.4
2023-03-29 14:15:00,105.50272405556,51.277115533332,51.292948216666,20.72222223,11.114,24.95,1,5.1764362714980825,70.66250196097344,14,2,3,-0.4999999999999997,-0.8660254037844388,0.9749279121818236,-0.2225209339563143,1.0,6.123233995736766e-17,738.75,732.9375,688.0208333333334,17.95,45.025,95.25,33.75,-4.325,3.3817093,0.0,11.025,20.644444433333334,24.716666666666665,24.95,24.716666666666665,24.95,24.716666666666665,-9.60822223,0.022222246666665,-0.0199999999999977,11.134,11.177333333333332,20.79259258444445,10.914888888888887,4.495765,4.447962,4.557208,4.562918,4.433591,0,0.0,1,1.0,-0.55,11.4,88.6
2023-03-29 14:30:00,118.025278849998,74.889782072222,74.908948005554,20.644444433333334,11.177333333333332,24.716666666666665,2,5.1764362714980825,70.66250196097344,14,2,3,-0.4999999999999997,-0.8660254037844388,0.9749279121818236,-0.2225209339563143,1.0,6.123233995736766e-17,728.5,736.8125,695.8958333333334,18.6,45.75,92.5,33.5,-4.35,3.3831413,0.0,11.15,20.61666669,24.95,24.716666666666665,24.95,24.716666666666665,24.95,-9.4671111,-0.0777777966666661,0.0633333333333325,11.114,11.698,20.688888882222223,11.141777777777778,4.433591,4.495765,4.447962,4.557208,4.468207,0,0.0,1,1.0,-0.57,11.9,88.1
2023-03-29 14:45:00,107.67569288333,62.967758972222,62.98553606111,20.61666669,11.698,24.95,1,5.1764362714980825,70.66250196097344,14,2,3,-0.4999999999999997,-0.8660254037844388,0.9749279121818236,-0.2225209339563143,1.0,6.123233995736766e-17,718.25,733.625,701.75,19.25,46.475,89.75,33.25,-4.375,3.384358,0.0,11.275,20.54444445333333,24.716666666666665,24.95,24.716666666666665,24.95,24.35,-8.918666689999998,-0.0277777433333348,0.520666666666667,11.177333333333332,11.756666666666666,20.66111111777778,11.329777777777778,4.468207,4.433591,4.495765,4.447962,4.342436,0,0.0,1,1.0,-0.58,12.0,88.0
2023-03-29 15:00:00,80.47122538889201,22.1507806,22.164113416666,20.54444445333333,11.756666666666666,24.35,1,5.1764362714980825,70.66250196097344,15,2,3,-0.7071067811865471,-0.7071067811865479,0.9749279121818236,-0.2225209339563143,1.0,6.123233995736766e-17,708.0,723.375,705.5833333333334,19.9,47.2,87.0,33.0,-4.4,3.3853567,0.0,11.4,20.27777775,24.95,24.716666666666665,24.95,24.716666666666665,24.35,-8.787777786666668,-0.0722222366666649,0.0586666666666655,11.698,11.718666666666667,20.60185185888889,11.544000000000002,4.342436,4.468207,4.433591,4.495765,4.275368,0,0.0,0,1.0,-0.6,12.5,87.5
2023-03-29 15:15:00,141.951821683334,100.378484666668,100.400150466668,20.27777775,11.718666666666667,24.35,2,5.1764362714980825,70.66250196097344,15,2,3,-0.7071067811865471,-0.7071067811865479,0.9749279121818236,-0.2225209339563143,1.0,6.123233995736766e-17,669.0,705.9375,705.8541666666666,20.15,47.650000000000006,90.25,33.0,-4.45,3.3747563,0.0,11.35,20.38888885,24.35,24.95,24.716666666666665,24.95,24.316666666666663,-8.559111083333331,-0.2666667033333354,-0.0379999999999984,11.756666666666666,12.337333333333332,20.47962963111111,11.724444444444444,4.275368,4.342436,4.468207,4.433591,4.297312,0,0.0,1,1.0,-0.66,14.2,85.8
2023-03-29 15:30:00,65.749869883334,23.90209946111,23.915710033332,20.38888885,12.337333333333332,24.316666666666663,1,5.1764362714980825,70.66250196097344,15,2,3,-0.7071067811865471,-0.7071067811865479,0.9749279121818236,-0.2225209339563143,1.0,6.123233995736766e-17,630.0,681.3125,702.5625,20.4,48.1,93.5,33.0,-4.5,3.3641863,0.0,11.3,20.2388889,24.35,24.35,24.95,24.716666666666665,23.65,-8.051555516666667,0.1111111000000022,0.618666666666666,11.718666666666667,12.058666666666666,20.403703684444448,11.937555555555557,4.297312,4.275368,4.342436,4.468207,4.1430354,0,0.0,1,1.0,-0.64,13.5,86.5
2023-03-29 15:45:00,172.706147011112,111.25527186111,111.276104327778,20.2388889,12.058666666666666,23.65,2,5.1764362714980825,70.66250196097344,15,2,3,-0.7071067811865471,-0.7071067811865479,0.9749279121818236,-0.2225209339563143,1.0,6.123233995736766e-17,591.0,649.5,695.7083333333334,20.65,48.55,96.75,33.0,-4.55,3.3536441,0.0,11.25,20.43518521,24.316666666666663,24.35,24.35,24.95,23.5,-8.180222233333334,-0.1499999500000015,-0.2786666666666679,12.337333333333332,11.992,20.30185183333333,12.038222222222222,4.1430354,4.297312,4.275368,4.342436,4.1642256,0,0.0,1,1.0,-0.67,14.5,85.5
2023-03-29 16:00:00,89.16032236111,48.105575683334,48.121130611112,20.43518521,11.992,23.5,1,5.1764362714980825,70.66250196097344,16,2,3,-0.8660254037844385,-0.5000000000000004,0.9749279121818236,-0.2225209339563143,1.0,6.123233995736766e-17,552.0,610.5,685.2916666666666,20.9,49.0,100.0,33.0,-4.6,3.3431306,0.0,11.2,20.36111114,23.65,24.316666666666663,24.35,24.35,23.55,-8.443185210000001,0.196296310000001,-0.0666666666666664,12.058666666666666,11.400666666666666,20.354320986666668,12.129333333333337,4.1642256,4.1430354,4.297312,4.275368,4.1550794,0,0.0,1,1.0,-0.63,13.3,86.7
2023-03-29 16:15:00,161.507983872222,84.60772668888801,84.623837144444,20.36111114,11.400666666666666,23.55,2,5.1764362714980825,70.66250196097344,16,2,3,-0.8660254037844385,-0.5000000000000004,0.9749279121818236,-0.2225209339563143,1.0,6.123233995736766e-17,470.75,560.9375,666.6041666666666,19.875,50.075,100.0,34.25,-4.475,3.3888743,0.0,10.825,20.338888886666663,23.5,23.65,24.316666666666663,24.35,24.15,-8.960444473333332,-0.0740740700000017,-0.591333333333333,11.992,11.424666666666669,20.34506175,11.817111111111112,4.1550794,4.1642256,4.1430354,4.297312,4.2554154,0,0.0,1,1.0,-0.65,13.8,86.2
2023-03-29 16:30:00,109.343681627778,49.430244927778,49.4455221,20.338888886666663,11.424666666666669,24.15,1,5.1764362714980825,70.66250196097344,16,2,3,-0.8660254037844385,-0.5000000000000004,0.9749279121818236,-0.2225209339563143,1.0,6.123233995736766e-17,389.5,500.8125,639.6458333333334,18.85,51.15,100.0,35.5,-4.35,3.4304216,0.0,10.45,20.34999997,23.55,23.5,23.65,24.316666666666663,24.15,-8.91422222,-0.0222222533333322,0.0240000000000009,11.400666666666666,11.365333333333332,20.37839507888889,11.60577777777778,4.2554154,4.1550794,4.1642256,4.1430354,4.2581778,0,0.0,1,1.0,-0.65,13.8,86.2
2023-03-29 16:45:00,44.137956544448,0.0,0.0,20.34999997,11.365333333333332,24.15,0,5.1764362714980825,70.66250196097344,16,2,3,-0.8660254037844385,-0.5000000000000004,0.9749279121818236,-0.2225209339563143,1.0,6.123233995736766e-17,308.25,430.125,604.4166666666666,17.825,52.225,100.0,36.75,-4.225,3.467923,0.0,10.075,20.11666668333333,24.15,23.55,23.5,23.65,24.183333333333334,-8.984666636666667,0.0111110833333327,-0.0593333333333347,11.424666666666669,11.608666666666666,20.34999999888889,11.39688888888889,4.2581778,4.2554154,4.1550794,4.1642256,4.206295,1,1.0,1,0.75,-0.65,13.7,86.3
2023-03-29 17:00:00,321.245205277776,20.030309855556,20.044753727778,20.11666668333333,11.608666666666666,24.183333333333334,1,5.1764362714980825,70.66250196097344,17,2,3,-0.9659258262890684,-0.2588190451025206,0.9749279121818236,-0.2225209339563143,1.0,6.123233995736766e-17,227.0,348.875,560.9166666666666,16.8,53.3,100.0,38.0,-4.1,3.5015247,0.0,9.7,19.98333331,24.15,24.15,23.55,23.5,24.85,-8.508000016666669,-0.2333332866666637,0.243333333333334,11.365333333333332,11.37,20.268518513333333,11.466222222222225,4.206295,4.2581778,4.2554154,4.1550794,4.2886477,0,1.0,1,0.75,-0.7,15.2,84.8
2023-03-29 17:15:00,166.094467088888,106.801005555556,106.823782477776,19.98333331,11.37,24.85,2,5.1764362714980825,70.66250196097344,17,2,3,-0.9659258262890684,-0.2588190451025206,0.9749279121818236,-0.2225209339563143,1.0,6.123233995736766e-17,199.75,281.125,516.0,17.0,52.575,100.0,46.75,-2.725,4.0478716,0.175,8.725,20.17222223,24.183333333333334,24.15,24.15,23.55,24.816666666666663,-8.613333309999998,-0.1333333733333361,-0.2386666666666652,11.608666666666666,11.02,20.14999998777778,11.448,4.2886477,4.206295,4.2581778,4.2554154,4.3305035,0,1.0,1,0.75,-0.72,16.0,84.0
2023-03-29 17:30:00,50.526589955556,10.415972227778,10.428471727778,20.17222223,11.02,24.816666666666663,1,5.1764362714980825,70.66250196097344,17,2,3,-0.9659258262890684,-0.2588190451025206,0.9749279121818236,-0.2225209339563143,1.0,6.123233995736766e-17,172.5,226.875,469.6666666666667,17.200000000000003,51.85,100.0,55.5,-1.3499999999999996,4.513292,0.35,7.75,20.08888891,24.85,24.183333333333334,24.15,24.15,24.9,-9.152222229999998,0.1888889200000001,-0.3499999999999996,11.37,9.921333333333331,20.090740741111112,11.33288888888889,4.3305035,4.2886477,4.206295,4.2581778,4.323913,0,1.0,1,0.75,-0.68,14.8,85.2
2023-03-29 17:45:00,49.18192147778,0.0,0.0,20.08888891,9.921333333333331,24.9,0,5.1764362714980825,70.66250196097344,17,2,3,-0.9659258262890684,-0.2588190451025206,0.9749279121818236,-0.2225209339563143,1.0,6.123233995736766e-17,145.25,186.125,421.9166666666667,17.400000000000002,51.125,100.0,64.25,0.0250000000000003,4.904674,0.5249999999999999,6.775,19.879629626666667,24.816666666666663,24.85,24.183333333333334,24.15,25.65,-10.167555576666665,-0.0833333200000012,-1.0986666666666682,11.02,8.870000000000001,20.08148148333333,10.770444444444443,4.323913,4.3305035,4.2886477,4.206295,4.399898,1,1.0,1,0.75,-0.7,15.3,84.7
2023-03-29 18:00:00,155.623497094442,97.954137244444,97.974692005554,19.879629626666667,8.870000000000001,25.65,2,5.1764362714980825,70.66250196097344,18,2,3,-1.0,-1.8369701987210294e-16,0.9749279121818236,-0.2225209339563143,1.0,6.123233995736766e-17,118.0,158.875,372.75,17.6,50.4,100.0,73.0,1.4,5.228475,0.7,5.8,20.02777776,24.9,24.816666666666663,24.85,24.183333333333334,25.95,-11.009629626666666,-0.2092592833333313,-1.051333333333332,9.921333333333331,8.703333333333335,20.046913588888888,9.937111111111111,4.399898,4.323913,4.3305035,4.2886477,4.4901576,0,1.0,1,0.75,-0.74,16.6,83.4
2023-03-29 18:15:00,90.770257927778,49.406634788888,49.422189733332,20.02777776,8.703333333333335,25.95,1,5.1764362714980825,70.66250196097344,18,2,3,-1.0,-1.8369701987210294e-16,0.9749279121818236,-0.2225209339563143,1.0,6.123233995736766e-17,95.0,132.6875,324.9166666666667,17.875,47.075,100.0,72.25,1.15,5.140886,0.5499999999999999,5.7,20.049999976666665,25.65,24.9,24.816666666666663,24.85,25.716666666666665,-11.324444426666664,0.1481481333333327,-0.166666666666666,8.870000000000001,8.669333333333332,19.99876543222222,9.164888888888887,4.4901576,4.399898,4.323913,4.3305035,4.455577,0,1.0,1,0.75,-0.71,15.5,84.5
2023-03-29 18:30:00,49.136367766668,0.0,0.0,20.049999976666665,8.669333333333332,25.716666666666665,0,5.1764362714980825,70.66250196097344,18,2,3,-1.0,-1.8369701987210294e-16,0.9749279121818236,-0.2225209339563143,1.0,6.123233995736766e-17,72.0,107.5625,278.4166666666667,18.15,43.75,100.0,71.5,0.8999999999999999,5.054191,0.3999999999999999,5.6,19.85555552,25.95,25.65,24.9,24.816666666666663,26.4,-11.380666643333331,0.0222222166666661,-0.0340000000000024,8.703333333333335,8.118666666666666,19.985802454444443,8.747555555555557,4.455577,4.4901576,4.399898,4.323913,4.522164,1,2.0,1,0.5,-0.7,15.4,84.6
2023-03-29 18:45:00,86.659033516666,30.943484411112003,30.955706105558,19.85555552,8.118666666666666,26.4,1,5.1764362714980825,70.66250196097344,18,2,3,-1.0,-1.8369701987210294e-16,0.9749279121818236,-0.2225209339563143,1.0,6.123233995736766e-17,49.0,83.5,233.25,18.425,40.425,100.0,70.75,0.65,4.968385,0.2499999999999999,5.5,19.79074073,25.716666666666665,25.95,25.65,24.9,27.33333333333333,-11.736888853333332,-0.1944444566666661,-0.5506666666666664,8.669333333333332,4.91,19.97777775222222,8.497111111111112,4.522164,4.455577,4.4901576,4.399898,4.6642776,0,1.0,1,0.75,-0.74,16.6,83.4
2023-03-29 19:00:00,167.709680277776,124.481687216666,124.503353,19.79074073,4.91,27.33333333333333,2,5.1764362714980825,70.66250196097344,19,2,3,-0.9659258262890684,0.2588190451025203,0.9749279121818236,-0.2225209339563143,1.0,6.123233995736766e-17,26.0,60.5,189.41666666666663,18.7,37.1,100.0,70.0,0.4,4.8834615,0.1,5.4,20.03333333,26.4,25.716666666666665,25.95,25.65,28.0,-14.88074073,-0.0648147899999997,-3.208666666666666,8.118666666666666,1.6053333333333333,19.898765408888888,7.232666666666667,4.6642776,4.522164,4.455577,4.4901576,4.8464484,0,1.0,1,0.75,-0.75,17.0,83.0
2023-03-29 19:15:00,59.114579838886,13.875556055555998,13.8886111,20.03333333,1.6053333333333333,28.0,1,5.1764362714980825,70.66250196097344,19,2,3,-0.9659258262890684,0.2588190451025203,0.9749279121818236,-0.2225209339563143,1.0,6.123233995736766e-17,19.75,41.6875,151.83333333333334,19.6,44.125,100.0,75.25,-0.2249999999999999,4.7371206,0.375,3.850000000000001,19.94629628333333,27.33333333333333,26.4,25.716666666666665,25.95,28.0,-18.427999996666667,0.2425926000000018,-3.304666666666667,4.91,0.896,19.89320986,4.878,4.8464484,4.6642776,4.522164,4.455577,4.821808,0,1.0,1,0.75,-0.69,15.1,84.9
2023-03-29 19:30:00,56.89994616111,0.0,0.0,19.94629628333333,0.896,28.0,0,5.1764362714980825,70.66250196097344,19,2,3,-0.9659258262890684,0.2588190451025203,0.9749279121818236,-0.2225209339563143,1.0,6.123233995736766e-17,13.5,27.0625,120.5,20.5,51.150000000000006,100.0,80.5,-0.85,4.5666986,0.6499999999999999,2.3000000000000003,19.72777779,28.0,27.33333333333333,26.4,25.716666666666665,28.35,-19.05029628333333,-0.0870370466666692,-0.7093333333333333,1.6053333333333333,0.6273333333333333,19.92345678111111,2.470444444444445,4.821808,4.8464484,4.6642776,4.522164,4.8199286,1,1.0,1,0.75,-0.71,15.7,84.3
2023-03-29 19:45:00,152.636116594442,107.153769227778,107.173212883334,19.72777779,0.6273333333333333,28.35,2,5.1764362714980825,70.66250196097344,19,2,3,-0.9659258262890684,0.2588190451025203,0.9749279121818236,-0.2225209339563143,1.0,6.123233995736766e-17,7.25,16.625,95.41666666666669,21.4,58.175,100.0,85.75,-1.475,4.3777227,0.9249999999999998,0.75,19.851851866666667,28.0,28.0,27.33333333333333,26.4,28.316666666666663,-19.10044445666667,-0.218518493333331,-0.2686666666666667,0.896,0.3213333333333333,19.902469134444445,1.0428888888888894,4.8199286,4.821808,4.8464484,4.6642776,4.849424,0,1.0,1,0.75,-0.76,17.2,82.8
2023-03-29 20:00:00,127.137136494446,83.088065244444,83.106675583334,19.851851866666667,0.3213333333333333,28.316666666666663,2,5.1764362714980825,70.66250196097344,20,2,3,-0.8660254037844386,0.5000000000000001,0.9749279121818236,-0.2225209339563143,1.0,6.123233995736766e-17,1.0,10.375,76.58333333333333,22.3,65.2,100.0,91.0,-2.1,4.1750426,1.2,-0.8,19.93888886,28.35,28.0,28.0,27.33333333333333,27.95,-19.530518533333336,0.1240740766666661,-0.3059999999999999,0.6273333333333333,-0.482,19.84197531333333,0.6148888888888895,4.849424,4.8199286,4.821808,4.8464484,4.811109,0,1.0,0,0.75,-0.73,16.3,83.7
2023-03-29 20:15:00,64.49630896111,20.340019733332,20.352519233332,19.93888886,-0.482,27.95,1,5.1764362714980825,70.66250196097344,20,2,3,-0.8660254037844386,0.5000000000000001,0.9749279121818236,-0.2225209339563143,1.0,6.123233995736766e-17,0.75,5.625,60.0,21.675,61.400000000000006,100.0,86.75,-2.825,3.9731574,0.975,-0.8250000000000001,19.675925926666665,28.316666666666663,28.35,28.0,28.0,27.53333333333333,-20.42088886,0.087036993333335,-0.8033333333333335,0.3213333333333333,-0.8093333333333333,19.839506172222222,0.1555555555555561,4.811109,4.849424,4.8199286,4.821808,4.6668577,0,1.0,1,0.75,-0.72,15.8,84.2
2023-03-29 20:30:00,141.278515366664,97.4061036,97.427213888888,19.675925926666665,-0.8093333333333333,27.53333333333333,2,5.1764362714980825,70.66250196097344,20,2,3,-0.8660254037844386,0.5000000000000001,0.9749279121818236,-0.2225209339563143,1.0,6.123233995736766e-17,0.5,2.375,45.66666666666666,21.05,57.6,100.0,82.5,-3.55,3.7719567,0.75,-0.8500000000000001,19.56111115,27.95,28.316666666666663,28.35,28.0,28.0,-20.48525926,-0.2629629333333376,-0.3273333333333333,-0.482,-0.8133333333333332,19.822222217777774,-0.3233333333333327,4.6668577,4.811109,4.849424,4.8199286,4.714061,0,0.0,1,1.0,-0.78,17.8,82.2
2023-03-29 20:45:00,693.244491311112,88.00342413889,88.023978866668,19.56111115,-0.8133333333333332,28.0,2,5.1764362714980825,70.66250196097344,20,2,3,-0.8660254037844386,0.5000000000000001,0.9749279121818236,-0.2225209339563143,1.0,6.123233995736766e-17,0.25,0.625,33.583333333333336,20.425,53.8,100.0,78.25,-4.275,3.5714412,0.525,-0.875,19.64814813666667,27.53333333333333,27.95,28.316666666666663,28.35,29.766666666666666,-20.37444448333333,-0.114814776666666,-0.0039999999999998,-0.8093333333333333,-0.678,19.72530864555556,-0.7015555555555549,4.714061,4.6668577,4.811109,4.849424,5.0371833,0,0.0,0,1.0,-0.8,18.6,81.4
2023-03-29 21:00:00,1230.551053888884,43.780193155556,43.799914649998,19.64814813666667,-0.678,29.766666666666666,1,5.1764362714980825,70.66250196097344,21,2,3,-0.7071067811865477,0.7071067811865474,0.9749279121818236,-0.2225209339563143,1.0,6.123233995736766e-17,0.0,0.375,23.75,19.8,50.0,100.0,74.0,-5.0,3.3716078,0.3,-0.9,19.62777776,28.0,27.53333333333333,27.95,28.316666666666663,30.2,-20.32614813666667,0.0870369866666713,0.1353333333333332,-0.8133333333333332,-0.538,19.62839507111111,-0.7668888888888882,5.0371833,4.714061,4.6668577,4.811109,5.1044025,0,0.0,1,1.0,-0.77,17.6,82.4
2023-03-29 21:15:00,252.863774027774,0.0,0.0,19.62777776,-0.538,30.2,0,5.1764362714980825,70.66250196097344,21,2,3,-0.7071067811865477,0.7071067811865474,0.9749279121818236,-0.2225209339563143,1.0,6.123233995736766e-17,0.0,0.1875,15.833333333333334,19.6,48.575,97.25,72.25,-5.375,3.2804637,0.2249999999999999,-0.95,19.435185163333337,29.766666666666666,28.0,27.53333333333333,27.95,30.466666666666665,-20.16577776,-0.0203703766666691,0.14,-0.678,-0.542,19.612345682222223,-0.676444444444444,5.1044025,5.0371833,4.714061,4.6668577,5.0915146,1,1.0,1,0.75,-0.78,17.7,82.3
2023-03-29 21:30:00,540.32366402222,83.384720011112,83.40360813889001,19.435185163333337,-0.542,30.466666666666665,2,5.1764362714980825,70.66250196097344,21,2,3,-0.7071067811865477,0.7071067811865474,0.9749279121818236,-0.2225209339563143,1.0,6.123233995736766e-17,0.0,0.0625,9.833333333333334,19.4,47.15,94.5,70.5,-5.75,3.189905,0.15,-1.0,19.52222225,30.2,29.766666666666666,28.0,27.53333333333333,30.4,-19.97718516333334,-0.1925925966666639,-0.004,-0.538,-0.5833333333333334,19.570370353333335,-0.5859999999999995,5.0915146,5.1044025,5.0371833,4.714061,5.1064396,0,1.0,1,0.75,-0.82,19.1,80.9
2023-03-29 21:45:00,408.192560544444,85.6149086,85.634074483334,19.52222225,-0.5833333333333334,30.4,2,5.1764362714980825,70.66250196097344,21,2,3,-0.7071067811865477,0.7071067811865474,0.9749279121818236,-0.2225209339563143,1.0,6.123233995736766e-17,0.0,0.0,5.75,19.2,45.725,91.75,68.75,-6.125,3.0999308,0.0749999999999999,-1.05,19.65000000666667,30.466666666666665,30.2,29.766666666666666,28.0,29.566666666666663,-20.10555558333333,0.0870370866666654,-0.0413333333333333,-0.542,-0.6866666666666668,19.528395057777782,-0.554444444444444,5.1064396,5.0915146,5.1044025,5.0371833,5.0038824,0,1.0,0,0.75,-0.8,18.4,81.6
2023-03-29 22:00:00,65.038231666668,15.007177455556,15.017732583334,19.65000000666667,-0.6866666666666668,29.566666666666663,1,5.1764362714980825,70.66250196097344,22,2,3,-0.5000000000000004,0.8660254037844384,0.9749279121818236,-0.2225209339563143,1.0,6.123233995736766e-17,0.0,0.0,3.583333333333333,19.0,44.3,89.0,67.0,-6.5,3.010538,0.0,-1.1,19.48888888,30.4,30.466666666666665,30.2,29.766666666666666,29.5,-20.336666673333337,0.1277777566666671,-0.1033333333333333,-0.5833333333333334,-1.1526666666666665,19.535802473333337,-0.6039999999999995,5.0038824,5.1064396,5.0915146,5.1044025,4.945562,0,1.0,1,0.75,-0.77,17.6,82.4
2023-03-29 22:15:00,463.467293966664,123.1425741,123.16646206111,19.48888888,-1.1526666666666665,29.5,2,5.1764362714980825,70.66250196097344,22,2,3,-0.5000000000000004,0.8660254037844384,0.9749279121818236,-0.2225209339563143,1.0,6.123233995736766e-17,0.0,0.0,1.9375,19.2,43.75,71.75,63.5,-7.25,2.843364,0.0,-1.15,19.62962966,29.566666666666663,30.4,30.466666666666665,30.2,29.133333333333333,-20.641555546666662,-0.1611111266666718,-0.4659999999999997,-0.6866666666666668,-1.0826666666666669,19.553703712222223,-0.807555555555555,4.945562,5.0038824,5.1064396,5.0915146,4.9246497,0,0.0,1,1.0,-0.81,18.9,81.1
2023-03-29 22:30:00,100.107384411112,61.540593844444,61.556704333332,19.62962966,-1.0826666666666669,29.133333333333333,1,5.1764362714980825,70.66250196097344,22,2,3,-0.5000000000000004,0.8660254037844384,0.9749279121818236,-0.2225209339563143,1.0,6.123233995736766e-17,0.0,0.0,0.8125,19.4,43.2,54.5,60.0,-8.0,2.6773102,0.0,-1.2000000000000002,19.64444444,29.5,29.566666666666663,30.4,30.466666666666665,28.2,-20.712296326666667,0.1407407800000015,0.0699999999999996,-1.1526666666666665,-1.1233333333333335,19.589506182222223,-0.9739999999999996,4.9246497,4.945562,5.0038824,5.1064396,4.77103,0,0.0,1,1.0,-0.78,17.8,82.2
2023-03-29 22:45:00,83.855534594442,37.470723327778,37.484056144444,19.64444444,-1.1233333333333335,28.2,1,5.1764362714980825,70.66250196097344,22,2,3,-0.5000000000000004,0.8660254037844384,0.9749279121818236,-0.2225209339563143,1.0,6.123233995736766e-17,0.0,0.0,0.2083333333333333,19.6,42.65,37.25000000000001,56.5,-8.75,2.5123725,0.0,-1.25,19.4759259,29.133333333333333,29.5,29.566666666666663,30.4,28.466666666666665,-20.76777777333333,0.0148147799999982,-0.0406666666666666,-1.0826666666666669,-1.4746666666666668,19.587654326666662,-1.1195555555555552,4.77103,4.9246497,4.945562,5.0038824,4.7686915,0,0.0,0,1.0,-0.78,17.9,82.1
2023-03-29 23:00:00,187.49138896111,134.376291383334,134.401012644444,19.4759259,-1.4746666666666668,28.466666666666665,2,5.1764362714980825,70.66250196097344,23,2,3,-0.2588190451025215,0.965925826289068,0.9749279121818236,-0.2225209339563143,1.0,6.123233995736766e-17,0.0,0.0,0.125,19.8,42.1,20.0,53.0,-9.5,2.3485453,0.0,-1.3,19.63888888,28.2,29.133333333333333,29.5,29.566666666666663,27.8,-20.950592566666668,-0.1685185399999973,-0.3513333333333333,-1.1233333333333335,-1.526,19.58333333333333,-1.2268888888888885,4.7686915,4.77103,4.9246497,4.945562,4.7018223,0,0.0,1,1.0,-0.82,19.2,80.8
2023-03-29 23:15:00,57.745467905554,16.872380611112,16.884046827778,19.63888888,-1.526,27.8,1,5.1764362714980825,70.66250196097344,23,2,3,-0.2588190451025215,0.965925826289068,0.9749279121818236,-0.2225209339563143,1.0,6.123233995736766e-17,0.0,0.0,0.0625,19.825,42.275,23.5,52.0,-9.95,2.2762897,0.0,-1.475,19.505555583333333,28.466666666666665,28.2,29.133333333333333,29.5,27.683333333333334,-21.16488888,0.1629629799999996,-0.0513333333333332,-1.4746666666666668,-1.413333333333333,19.58641974,-1.3746666666666665,4.7018223,4.7686915,4.77103,4.9246497,4.6455536,0,0.0,1,1.0,-0.79,18.0,82.0
2023-03-29 23:30:00,124.337526266668,77.493566833332,77.511899466664,19.505555583333333,-1.413333333333333,27.683333333333334,2,5.1764362714980825,70.66250196097344,23,2,3,-0.2588190451025215,0.965925826289068,0.9749279121818236,-0.2225209339563143,1.0,6.123233995736766e-17,0.0,0.0,0.0208333333333333,19.85,42.45,27.0,51.0,-10.4,2.2054007,0.0,-1.65,19.48888889,27.8,28.466666666666665,28.2,29.133333333333333,27.9,-20.918888916666667,-0.1333332966666667,0.1126666666666666,-1.526,-1.4686666666666668,19.540123454444444,-1.471333333333333,4.6455536,4.7018223,4.7686915,4.77103,4.6773276,0,0.0,1,1.0,-0.82,19.1,80.9
2023-03-29 23:45:00,172.808642927778,116.1670198,116.187574527778,19.48888889,-1.4686666666666668,27.9,2,5.1764362714980825,70.66250196097344,23,2,3,-0.2588190451025215,0.965925826289068,0.9749279121818236,-0.2225209339563143,1.0,6.123233995736766e-17,0.0,0.0,0.0,19.875,42.625,30.5,50.0,-10.85,2.1358595,0.0,-1.825,19.646296300000003,27.683333333333334,27.8,28.466666666666665,28.2,27.066666666666663,-20.957555556666662,-0.0166666933333345,-0.0553333333333334,-1.413333333333333,-1.6406666666666667,19.54444445111111,-1.469333333333333,4.6773276,4.6455536,4.7018223,4.7686915,4.5797844,0,0.0,0,1.0,-0.82,19.2,80.8
2023-03-30 00:00:00,69.644158505558,29.997966716666,30.010743955556,19.646296300000003,-1.6406666666666667,27.066666666666663,1,5.1764362714980825,70.66250196097344,0,3,3,0.0,1.0,0.4338837391175582,-0.900968867902419,1.0,6.123233995736766e-17,0.0,0.0,0.0,19.9,42.8,34.0,49.0,-11.3,2.0676455,0.0,-2.0,19.49999999,27.9,27.683333333333334,27.8,28.466666666666665,27.3,-21.28696296666667,0.1574074100000047,-0.1719999999999999,-1.4686666666666668,-1.6606666666666667,19.54691359111111,-1.507555555555555,4.5797844,4.6773276,4.6455536,4.7018223,4.579731,0,0.0,1,1.0,-0.79,18.1,81.9
2023-03-30 00:15:00,196.826293366664,144.9800339,144.998922077776,19.49999999,-1.6606666666666667,27.3,2,5.1764362714980825,70.66250196097344,0,3,3,0.0,1.0,0.4338837391175582,-0.900968867902419,1.0,6.123233995736766e-17,0.0,0.0,0.0,19.4,42.625,33.25,50.25,-11.15,2.098203,0.0,-2.15,19.692592616666666,27.066666666666663,27.9,27.683333333333334,27.8,26.666666666666668,-21.160666656666667,-0.1462963100000038,-0.02,-1.6406666666666667,-1.682,19.545061726666667,-1.5899999999999996,4.579731,4.5797844,4.6773276,4.6455536,4.5243835,0,0.0,1,1.0,-0.82,19.2,80.8
2023-03-30 00:30:00,103.973896427778,38.115419755556,38.123752838886,19.692592616666666,-1.682,26.666666666666668,1,5.1764362714980825,70.66250196097344,0,3,3,0.0,1.0,0.4338837391175582,-0.900968867902419,1.0,6.123233995736766e-17,0.0,0.0,0.0,18.9,42.45,32.5,51.5,-11.0,2.1278656,0.0,-2.3,19.61111114,27.3,27.066666666666663,27.9,27.683333333333334,25.7,-21.374592616666664,0.1925926266666664,-0.0213333333333332,-1.6606666666666667,-1.7373333333333332,19.61296296888889,-1.6611111111111108,4.5243835,4.579731,4.5797844,4.6773276,4.339563,0,0.0,1,1.0,-0.78,17.8,82.2
2023-03-30 00:45:00,129.598427005554,84.691889972222,84.70577838333,19.61111114,-1.7373333333333332,25.7,2,5.1764362714980825,70.66250196097344,0,3,3,0.0,1.0,0.4338837391175582,-0.900968867902419,1.0,6.123233995736766e-17,0.0,0.0,0.0,18.4,42.275,31.75,52.75,-10.85,2.1566472,0.0,-2.45,19.55370367333333,26.666666666666668,27.3,27.066666666666663,27.9,25.78333333333333,-21.34844447333333,-0.0814814766666671,-0.0553333333333332,-1.682,-1.7779999999999998,19.601234582222222,-1.6933333333333327,4.339563,4.5243835,4.579731,4.5797844,4.338975,0,0.0,1,1.0,-0.8,18.6,81.4
2023-03-30 01:00:00,168.696029672222,123.8825445,123.902821488888,19.55370367333333,-1.7779999999999998,25.78333333333333,2,5.1764362714980825,70.66250196097344,1,3,3,0.2588190451025207,0.9659258262890684,0.4338837391175582,-0.900968867902419,1.0,6.123233995736766e-17,0.0,0.0,0.0,17.9,42.1,31.0,54.0,-10.7,2.1845615,0.0,-2.6,19.694444420000004,25.7,26.666666666666668,27.3,27.066666666666663,25.15,-21.331703673333333,-0.0574074666666639,-0.0406666666666666,-1.7373333333333332,-1.9353333333333331,19.61913581,-1.7324444444444438,4.338975,4.339563,4.5243835,4.579731,4.267523,0,0.0,0,1.0,-0.82,19.1,80.9
2023-03-30 01:15:00,90.643318672218,26.644211972222,26.653378338886,19.694444420000004,-1.9353333333333331,25.15,1,5.1764362714980825,70.66250196097344,1,3,3,0.2588190451025207,0.9659258262890684,0.4338837391175582,-0.900968867902419,1.0,6.123233995736766e-17,0.0,0.0,0.0,17.349999999999998,41.025,36.0,55.0,-10.575,2.2054992,0.0,-2.725,19.46296292,25.78333333333333,25.7,26.666666666666668,27.3,25.0,-21.629777753333336,0.140740746666669,-0.1573333333333335,-1.7779999999999998,-1.846,19.619753077777784,-1.8168888888888883,4.267523,4.338975,4.339563,4.5243835,4.18477,0,0.0,1,1.0,-0.79,18.1,81.9
2023-03-30 01:30:00,164.51897464444,123.280068633332,123.300901166664,19.46296292,-1.846,25.0,2,5.1764362714980825,70.66250196097344,1,3,3,0.2588190451025207,0.9659258262890684,0.4338837391175582,-0.900968867902419,1.0,6.123233995736766e-17,0.0,0.0,0.0,16.799999999999997,39.95,41.0,56.0,-10.45,2.2258806,0.0,-2.85,19.59444445,25.15,25.78333333333333,25.7,26.666666666666668,24.95,-21.30896292,-0.2314815000000045,0.0893333333333332,-1.9353333333333331,-2.068,19.570370337777774,-1.8531111111111105,4.18477,4.267523,4.338975,4.339563,4.2087994,0,0.0,1,1.0,-0.84,19.9,80.1
2023-03-30 01:45:00,95.735892594446,54.735588255556,54.74975433889,19.59444445,-2.068,24.95,1,5.1764362714980825,70.66250196097344,1,3,3,0.2588190451025207,0.9659258262890684,0.4338837391175582,-0.900968867902419,1.0,6.123233995736766e-17,0.0,0.0,0.0,16.25,38.875,46.0,57.0,-10.325,2.2457128,0.0,-2.975,19.53333333333333,25.0,25.15,25.78333333333333,25.7,24.53333333333333,-21.66244445,0.131481530000002,-0.2219999999999999,-1.846,-1.899333333333333,19.583950596666668,-1.9497777777777772,4.2087994,4.18477,4.267523,4.338975,4.123678,0,0.0,1,1.0,-0.81,18.9,81.1
2023-03-30 02:00:00,391.374066677776,85.7849018,85.804345505554,19.53333333333333,-1.899333333333333,24.53333333333333,2,5.1764362714980825,70.66250196097344,2,3,3,0.4999999999999999,0.8660254037844387,0.4338837391175582,-0.900968867902419,1.0,6.123233995736766e-17,0.0,0.0,0.0,15.7,37.8,51.0,58.0,-10.2,2.2650025,0.0,-3.1,19.49444445,24.95,25.0,25.15,25.78333333333333,24.45,-21.43266666666667,-0.061111116666666,0.1686666666666665,-2.068,-1.8193333333333328,19.530246901111116,-1.9377777777777776,4.123678,4.2087994,4.18477,4.267523,4.100288,0,0.0,1,1.0,-0.83,19.5,80.5
2023-03-30 02:15:00,162.301285488888,121.535416172222,121.558470849998,19.49444445,-1.8193333333333328,24.45,2,5.1764362714980825,70.66250196097344,2,3,3,0.4999999999999999,0.8660254037844387,0.4338837391175582,-0.900968867902419,1.0,6.123233995736766e-17,0.0,0.0,0.0,15.5,36.625,52.75,58.75,-10.1,2.286188,0.025,-3.15,19.65740742,24.53333333333333,24.95,25.0,25.15,23.85,-21.31377778333333,-0.0388888833333354,0.0800000000000003,-1.899333333333333,-2.053333333333333,19.54074074444445,-1.9288888888888884,4.100288,4.123678,4.2087994,4.18477,4.038146,0,0.0,0,1.0,-0.84,19.8,80.2
2023-03-30 02:30:00,73.00624621667001,32.979791855556,32.993124655556,19.65740742,-2.053333333333333,23.85,1,5.1764362714980825,70.66250196097344,2,3,3,0.4999999999999999,0.8660254037844387,0.4338837391175582,-0.900968867902419,1.0,6.123233995736766e-17,0.0,0.0,0.0,15.3,35.45,54.5,59.5,-10.0,2.3071928,0.05,-3.2,19.44444445,24.45,24.53333333333333,24.95,25.0,23.85,-21.710740753333337,0.1629629700000023,-0.2339999999999999,-1.8193333333333328,-1.93,19.561728401111115,-1.9239999999999997,4.038146,4.100288,4.123678,4.2087994,3.9879246,0,0.0,1,1.0,-0.8,18.6,81.4
2023-03-30 02:45:00,209.081080955552,145.591398327778,145.615286272222,19.44444445,-1.93,23.85,2,5.1764362714980825,70.66250196097344,2,3,3,0.4999999999999999,0.8660254037844387,0.4338837391175582,-0.900968867902419,1.0,6.123233995736766e-17,0.0,0.0,0.0,15.1,34.275,56.25,60.25,-9.9,2.3280163,0.075,-3.25,19.61666667333333,23.85,24.45,24.53333333333333,24.95,23.816666666666663,-21.37444445,-0.212962970000003,0.1233333333333333,-2.053333333333333,-1.9193333333333331,19.53209877333333,-1.9342222222222212,3.9879246,4.038146,4.100288,4.123678,4.0228662,0,0.0,1,1.0,-0.85,20.3,79.7
2023-03-30 03:00:00,73.959819188892,33.881978,33.894755255556,19.61666667333333,-1.9193333333333331,23.816666666666663,1,5.1764362714980825,70.66250196097344,3,3,3,0.7071067811865476,0.7071067811865476,0.4338837391175582,-0.900968867902419,1.0,6.123233995736766e-17,0.0,0.0,0.0,14.9,33.1,58.0,61.0,-9.8,2.3486605,0.1,-3.3,19.50555554,23.85,23.85,24.45,24.53333333333333,23.55,-21.53600000666667,0.1722222233333354,0.0106666666666666,-1.93,-1.9306666666666668,19.572839514444446,-1.967555555555555,4.0228662,3.9879246,4.038146,4.100288,3.951937,0,0.0,1,1.0,-0.81,18.9,81.1
2023-03-30 03:15:00,149.624848149998,109.938657811112,109.9606014,19.50555554,-1.9306666666666668,23.55,2,5.1764362714980825,70.66250196097344,3,3,3,0.7071067811865476,0.7071067811865476,0.4338837391175582,-0.900968867902419,1.0,6.123233995736766e-17,0.0,0.0,0.0,14.925,32.925,56.0,61.0,-9.8,2.3486605,0.075,-3.3,19.433333336666667,23.816666666666663,23.85,23.85,24.45,23.78333333333333,-21.436222206666667,-0.1111111333333347,-0.0113333333333334,-1.9193333333333331,-2.065333333333333,19.52222222111111,-1.926666666666666,3.951937,4.0228662,3.9879246,4.038146,3.9741797,0,0.0,1,1.0,-0.84,19.9,80.1
2023-03-30 03:30:00,173.870267194442,112.6229949,112.64438296111,19.433333336666667,-2.065333333333333,23.78333333333333,2,5.1764362714980825,70.66250196097344,3,3,3,0.7071067811865476,0.7071067811865476,0.4338837391175582,-0.900968867902419,1.0,6.123233995736766e-17,0.0,0.0,0.0,14.95,32.75,54.0,61.0,-9.8,2.3486605,0.05,-3.3,19.53888892,23.55,23.816666666666663,23.85,23.85,23.45,-21.49866667,-0.0722222033333324,-0.1346666666666665,-1.9306666666666668,-2.134,19.51851851666667,-1.9717777777777772,3.9741797,3.951937,4.0228662,3.9879246,3.9428742,0,0.0,0,1.0,-0.85,20.4,79.6
2023-03-30 03:45:00,120.860998749998,78.221037683334,78.23992586111,19.53888892,-2.134,23.45,2,5.1764362714980825,70.66250196097344,3,3,3,0.7071067811865476,0.7071067811865476,0.4338837391175582,-0.900968867902419,1.0,6.123233995736766e-17,0.0,0.0,0.0,14.975,32.575,52.0,61.0,-9.8,2.3486605,0.0249999999999999,-3.3,19.47407409,23.78333333333333,23.55,23.816666666666663,23.85,23.03333333333333,-21.67288892,0.1055555833333308,-0.0686666666666666,-2.065333333333333,-2.127333333333333,19.492592598888887,-2.043333333333333,3.9428742,3.9741797,3.951937,4.0228662,3.858088,0,0.0,0,1.0,-0.83,19.6,80.4
2023-03-30 04:00:00,116.202018333336,76.470552172222,76.488607,19.47407409,-2.127333333333333,23.03333333333333,2,5.1764362714980825,70.66250196097344,4,3,3,0.8660254037844386,0.5000000000000001,0.4338837391175582,-0.900968867902419,1.0,6.123233995736766e-17,0.0,0.0,0.0,15.0,32.4,50.0,61.0,-9.8,2.3486605,0.0,-3.3,19.40555555,23.45,23.78333333333333,23.55,23.816666666666663,23.3,-21.60140742333333,-0.0648148299999995,0.0066666666666663,-2.134,-2.19,19.482098782222224,-2.108888888888888,3.858088,3.9428742,3.9741797,3.951937,3.887059,0,0.0,0,1.0,-0.85,20.2,79.8
2023-03-30 04:15:00,202.085805027782,143.6200883,143.643976244444,19.40555555,-2.19,23.3,2,5.1764362714980825,70.66250196097344,4,3,3,0.8660254037844386,0.5000000000000001,0.4338837391175582,-0.900968867902419,1.0,6.123233995736766e-17,0.0,0.0,0.0,14.825,32.225,37.5,60.5,-10.0,2.3047626,0.0,-3.45,19.618518506666664,23.03333333333333,23.45,23.78333333333333,23.55,22.85,-21.59555555,-0.0685185399999994,-0.0626666666666664,-2.127333333333333,-2.156,19.47283952,-2.150444444444444,3.887059,3.858088,3.9428742,3.9741797,3.860006,0,0.0,0,1.0,-0.86,20.7,79.3
2023-03-30 04:30:00,69.969145555556,24.9923336,25.00427753889,19.618518506666664,-2.156,22.85,1,5.1764362714980825,70.66250196097344,4,3,3,0.8660254037844386,0.5000000000000001,0.4338837391175582,-0.900968867902419,1.0,6.123233995736766e-17,0.0,0.0,0.0,14.65,32.05,25.0,60.0,-10.2,2.2614992,0.0,-3.6,19.40555554,23.3,23.03333333333333,23.45,23.78333333333333,22.85,-21.774518506666663,0.2129629566666651,0.0340000000000002,-2.19,-2.27,19.499382715555555,-2.157777777777777,3.860006,3.887059,3.858088,3.9428742,3.811987,0,0.0,1,1.0,-0.82,19.1,80.9
2023-03-30 04:45:00,196.00188186111,156.500128611112,156.527627577776,19.40555554,-2.27,22.85,2,5.1764362714980825,70.66250196097344,4,3,3,0.8660254037844386,0.5000000000000001,0.4338837391175582,-0.900968867902419,1.0,6.123233995736766e-17,0.0,0.0,0.0,14.475,31.875,12.5,59.5,-10.4,2.2188637,0.0,-3.75,19.581481516666667,22.85,23.3,23.03333333333333,23.45,22.816666666666663,-21.67555554,-0.2129629666666623,-0.1140000000000003,-2.156,-2.441333333333333,19.47654319888889,-2.2053333333333325,3.811987,3.860006,3.887059,3.858088,3.8459985,0,0.0,1,1.0,-0.87,20.8,79.2
2023-03-30 05:00:00,89.378924799996,33.786148466668,33.797814650002,19.581481516666667,-2.441333333333333,22.816666666666663,1,5.1764362714980825,70.66250196097344,5,3,3,0.9659258262890684,0.2588190451025207,0.4338837391175582,-0.900968867902419,1.0,6.123233995736766e-17,0.0,0.0,0.0,14.3,31.7,0.0,59.0,-10.6,2.176848,0.0,-3.9,19.47222224,22.85,22.85,23.3,23.03333333333333,22.55,-22.02281485,0.1759259766666652,-0.1713333333333331,-2.27,-2.6886666666666668,19.535185187777778,-2.28911111111111,3.8459985,3.811987,3.860006,3.887059,3.776718,0,0.0,1,1.0,-0.83,19.4,80.6
2023-03-30 05:15:00,160.113039755552,112.864096372222,112.885484433332,19.47222224,-2.6886666666666668,22.55,2,5.1764362714980825,70.66250196097344,5,3,3,0.9659258262890684,0.2588190451025207,0.4338837391175582,-0.900968867902419,1.0,6.123233995736766e-17,0.0,0.0,0.0,13.875,31.325,0.0,59.5,-10.7,2.168079,0.0,-4.075,19.47037037333333,22.816666666666663,22.85,22.85,23.3,22.78333333333333,-22.160888906666667,-0.1092592766666662,-0.2473333333333336,-2.441333333333333,-2.826,19.48641976555556,-2.4666666666666663,3.776718,3.8459985,3.811987,3.860006,3.8153818,0,0.0,1,1.0,-0.85,20.3,79.7
2023-03-30 05:30:00,136.322324738886,96.848070372222,96.867514044444,19.47037037333333,-2.826,22.78333333333333,2,5.1764362714980825,70.66250196097344,5,3,3,0.9659258262890684,0.2588190451025207,0.4338837391175582,-0.900968867902419,1.0,6.123233995736766e-17,0.0,0.0,0.0,13.45,30.95,0.0,60.0,-10.8,2.1591523,0.0,-4.25,19.51111111,22.55,22.816666666666663,22.85,22.85,22.15,-22.29637037333333,-0.0018518666666693,-0.1373333333333333,-2.6886666666666668,-3.0006666666666666,19.50802471,-2.652,3.8153818,3.776718,3.8459985,3.811987,3.7182167,0,0.0,0,1.0,-0.85,20.3,79.7
2023-03-30 05:45:00,110.968061216662,58.109897744444,58.125452688888,19.51111111,-3.0006666666666666,22.15,1,5.1764362714980825,70.66250196097344,5,3,3,0.9659258262890684,0.2588190451025207,0.4338837391175582,-0.900968867902419,1.0,6.123233995736766e-17,0.0,0.0,0.0,13.025,30.575,0.0,60.5,-10.9,2.150072,0.0,-4.425,19.3537037,22.78333333333333,22.55,22.816666666666663,22.85,22.183333333333334,-22.51177777666667,0.0407407366666703,-0.1746666666666665,-2.826,-3.114,19.484567907777777,-2.8384444444444434,3.7182167,3.8153818,3.776718,3.8459985,3.6894937,0,0.0,1,1.0,-0.85,20.1,79.9
2023-03-30 06:00:00,205.593442616666,155.408227872222,155.435171277776,19.3537037,-3.114,22.183333333333334,2,5.1764362714980825,70.66250196097344,6,3,3,1.0,6.123233995736766e-17,0.4338837391175582,-0.900968867902419,1.0,6.123233995736766e-17,0.0,0.0,0.0,12.6,30.2,0.0,61.0,-11.0,2.1408439,0.0,-4.6,19.53333331,22.15,22.78333333333333,22.55,22.816666666666663,22.15,-22.4677037,-0.1574074100000047,-0.1133333333333332,-3.0006666666666666,-3.2419999999999995,19.44506172777778,-2.980222222222222,3.6894937,3.7182167,3.8153818,3.776718,3.7230768,0,0.0,1,1.0,-0.88,21.4,78.6
2023-03-30 06:15:00,84.228575288884,35.402750516666,35.414694505554,19.53333331,-3.2419999999999995,22.15,1,5.1764362714980825,70.66250196097344,6,3,3,1.0,6.123233995736766e-17,0.4338837391175582,-0.900968867902419,1.0,6.123233995736766e-17,0.0,0.0,0.0,12.225,29.225,0.25,60.75,-11.125,2.1206374,0.0,-4.675,19.331481470000003,22.183333333333334,22.15,22.78333333333333,22.55,22.366666666666667,-22.77533331,0.1796296100000027,-0.1279999999999996,-3.114,-3.349333333333333,19.46604937333333,-3.118888888888888,3.7230768,3.6894937,3.7182167,3.8153818,3.7151237,0,0.0,1,1.0,-0.84,19.9,80.1
2023-03-30 06:30:00,205.474002944444,150.842577155556,150.87007612221998,19.331481470000003,-3.349333333333333,22.366666666666667,2,5.1764362714980825,70.66250196097344,6,3,3,1.0,6.123233995736766e-17,0.4338837391175582,-0.900968867902419,1.0,6.123233995736766e-17,0.0,0.0,0.0,11.85,28.25,0.5,60.5,-11.25,2.100579,0.0,-4.75,19.44444445,22.15,22.183333333333334,22.15,22.78333333333333,23.35,-22.680814803333337,-0.2018518399999962,-0.1073333333333339,-3.2419999999999995,-3.4266666666666667,19.406172826666666,-3.235111111111111,3.7151237,3.7230768,3.6894937,3.7182167,3.9043207,0,0.0,1,1.0,-0.89,21.6,78.4
2023-03-30 06:45:00,238.184083555548,172.858918716666,172.888362055552,19.44444445,-3.4266666666666667,23.35,2,5.1764362714980825,70.66250196097344,6,3,3,1.0,6.123233995736766e-17,0.4338837391175582,-0.900968867902419,1.0,6.123233995736766e-17,0.0,0.0,0.0,11.475,27.275,0.75,60.25,-11.375,2.0806677,0.0,-4.825,19.64444443,22.366666666666667,22.15,22.183333333333334,22.15,23.316666666666663,-22.871111116666665,0.1129629799999953,-0.0773333333333332,-3.349333333333333,-3.438,19.43641974333333,-3.3393333333333324,3.9043207,3.7151237,3.7230768,3.6894937,3.944841,0,0.0,0,1.0,-0.85,20.4,79.6
2023-03-30 07:00:00,169.33794837778,70.066363866668,70.083307688888,19.64444443,-3.438,23.316666666666663,1,5.1764362714980825,70.66250196097344,7,3,3,0.9659258262890684,-0.2588190451025206,0.4338837391175582,-0.900968867902419,1.0,6.123233995736766e-17,0.0,0.0,0.0,11.1,26.3,1.0,60.0,-11.5,2.060902,0.0,-4.9,19.47222222,23.35,22.366666666666667,22.15,22.183333333333334,23.05,-23.08244443,0.1999999800000012,-0.0113333333333334,-3.4266666666666667,-3.3993333333333333,19.473456783333337,-3.404666666666666,3.944841,3.9043207,3.7151237,3.7230768,3.8604586,0,0.0,1,1.0,-0.81,18.8,81.2
2023-03-30 07:15:00,210.574354538886,79.581538844444,79.597927138886,19.47222222,-3.3993333333333333,23.05,2,5.1764362714980825,70.66250196097344,7,3,3,0.9659258262890684,-0.2588190451025206,0.4338837391175582,-0.900968867902419,1.0,6.123233995736766e-17,19.25,4.8125,1.6041666666666667,11.375,26.125,2.0,60.25,-11.25,2.0994165,0.0,-4.7,19.294444436666662,23.316666666666663,23.35,22.366666666666667,22.15,23.466666666666665,-22.871555553333334,-0.172222210000001,0.0386666666666668,-3.438,-3.306666666666666,19.520370366666665,-3.421333333333333,3.8604586,3.944841,3.9043207,3.7151237,3.8893445,0,0.0,1,1.0,-0.85,20.2,79.8
2023-03-30 07:30:00,234.098969049998,167.87772903889,167.905227988888,19.294444436666662,-3.306666666666666,23.466666666666665,2,5.1764362714980825,70.66250196097344,7,3,3,0.9659258262890684,-0.2588190451025206,0.4338837391175582,-0.900968867902419,1.0,6.123233995736766e-17,38.5,14.4375,4.8125,11.65,25.950000000000003,3.0,60.5,-11.0,2.1385605,0.0,-4.5,19.55555555,23.05,23.316666666666663,23.35,22.366666666666667,23.45,-22.60111110333333,-0.1777777833333331,0.0926666666666666,-3.3993333333333333,-3.2366666666666664,19.470370362222223,-3.3813333333333326,3.8893445,3.8604586,3.944841,3.9043207,3.946738,0,0.0,0,1.0,-0.89,21.7,78.3
2023-03-30 07:45:00,207.303096644436,147.336328544444,147.363549755552,19.55555555,-3.2366666666666664,23.45,2,5.1764362714980825,70.66250196097344,7,3,3,0.9659258262890684,-0.2588190451025206,0.4338837391175582,-0.900968867902419,1.0,6.123233995736766e-17,57.75,28.875,9.625,11.925,25.775,4.0,60.75,-10.75,2.1783438,0.0,-4.3,19.674074056666665,23.466666666666665,23.05,23.316666666666663,23.35,22.85,-22.792222216666666,0.2611111133333352,0.0700000000000002,-3.306666666666666,-3.243333333333333,19.44074073555556,-3.314222222222221,3.946738,3.8893445,3.8604586,3.944841,3.8726196,0,0.0,0,1.0,-0.83,19.5,80.5
2023-03-30 08:00:00,60.281199672226,0.0,0.0,19.674074056666665,-3.243333333333333,22.85,0,5.1764362714980825,70.66250196097344,8,3,3,0.8660254037844387,-0.4999999999999998,0.4338837391175582,-0.900968867902419,1.0,6.123233995736766e-17,77.0,48.125,16.041666666666668,12.2,25.6,5.0,61.0,-10.5,2.218775,0.0,-4.1,19.57222225,23.45,23.466666666666665,23.05,23.316666666666663,22.55,-22.91740739,0.118518506666664,-0.0066666666666668,-3.2366666666666664,-3.23,19.508024681111117,-3.262222222222222,3.8726196,3.946738,3.8893445,3.8604586,3.7989812,1,1.0,1,0.75,-0.81,18.7,81.3
2023-03-30 08:15:00,387.371171133336,110.813900616666,110.837510772222,19.57222225,-3.23,22.55,2,5.1764362714980825,70.66250196097344,8,3,3,0.8660254037844387,-0.4999999999999998,0.4338837391175582,-0.900968867902419,1.0,6.123233995736766e-17,109.75,70.75,25.1875,12.325,26.85,12.75,59.25,-10.625,2.19387,0.0,-3.85,19.67777781,22.85,23.45,23.466666666666665,23.05,22.966666666666665,-22.80222225,-0.1018518066666658,0.0133333333333331,-3.243333333333333,-2.941333333333333,19.60061728555556,-3.236666666666666,3.7989812,3.8726196,3.946738,3.8893445,3.8932385,0,1.0,1,0.75,-0.83,19.5,80.5
2023-03-30 08:30:00,201.475274033332,157.937293322224,157.965903294446,19.67777781,-2.941333333333333,22.966666666666665,2,5.1764362714980825,70.66250196097344,8,3,3,0.8660254037844387,-0.4999999999999998,0.4338837391175582,-0.900968867902419,1.0,6.123233995736766e-17,142.5,96.75,37.0625,12.45,28.1,20.5,57.5,-10.75,2.1672702,0.0,-3.6,20.20000002,22.55,22.85,23.45,23.466666666666665,22.25,-22.61911114333333,0.1055555600000026,0.2886666666666668,-3.23,-2.796,19.64135803888889,-3.138222222222222,3.8932385,3.7989812,3.8726196,3.946738,3.8889303,0,1.0,0,0.75,-0.8,18.6,81.4
2023-03-30 08:45:00,59.531229672226,0.0,0.0,20.20000002,-2.796,22.25,0,5.1764362714980825,70.66250196097344,8,3,3,0.8660254037844387,-0.4999999999999998,0.4338837391175582,-0.900968867902419,1.0,6.123233995736766e-17,175.25,126.125,51.66666666666666,12.575,29.35,28.25,55.75,-10.875,2.1389275,0.0,-3.35,20.742592596666668,22.966666666666665,22.55,22.85,23.45,21.35,-22.99600002,0.5222222099999989,0.1453333333333333,-2.941333333333333,-2.575333333333333,19.81666669333333,-2.9891111111111104,3.8889303,3.8932385,3.7989812,3.8726196,3.851644,1,2.0,1,0.5,-0.69,15.0,85.0
2023-03-30 09:00:00,113.494626833328,70.732448372222,70.751336549998,20.742592596666668,-2.575333333333333,21.35,2,5.1764362714980825,70.66250196097344,9,3,3,0.7071067811865476,-0.7071067811865475,0.4338837391175582,-0.900968867902419,1.0,6.123233995736766e-17,208.0,158.875,69.0,12.7,30.6,36.0,54.0,-11.0,2.1087956,0.0,-3.1,21.22777774,22.25,22.966666666666665,22.55,22.85,21.0,-23.31792593,0.5425925766666673,0.2206666666666663,-2.796,-2.1106666666666665,20.20679014222223,-2.7708888888888885,3.851644,3.8889303,3.8932385,3.7989812,3.896832,0,1.0,1,0.75,-0.57,11.8,88.2
2023-03-30 09:15:00,197.449323911112,143.862578616666,143.888966477776,21.22777774,-2.1106666666666665,21.0,2,5.1764362714980825,70.66250196097344,9,3,3,0.7071067811865476,-0.7071067811865475,0.4338837391175582,-0.900968867902419,1.0,6.123233995736766e-17,260.5,196.5625,90.70833333333331,13.25,32.05,52.0,52.75,-11.05,2.104112,0.0,-2.8,21.416666643333333,21.35,22.25,22.966666666666665,22.55,20.816666666666663,-23.338444406666667,0.4851851433333323,0.464666666666667,-2.575333333333333,-1.9286666666666668,20.723456785555555,-2.4939999999999998,3.896832,3.851644,3.8889303,3.8932385,3.905332,0,1.0,0,0.75,-0.46,9.5,90.5
2023-03-30 09:30:00,50.10021816111,0.0,0.0,21.416666643333333,-1.9286666666666668,20.816666666666663,0,5.1764362714980825,70.66250196097344,9,3,3,0.7071067811865476,-0.7071067811865475,0.4338837391175582,-0.900968867902419,1.0,6.123233995736766e-17,313.0,239.1875,116.79166666666669,13.8,33.5,68.0,51.5,-11.1,2.0981464,0.0,-2.5,21.38888887,21.0,21.35,22.25,22.966666666666665,20.45,-23.34533331,0.188888903333332,0.1819999999999997,-2.1106666666666665,-1.9586666666666663,21.12901232666667,-2.2048888888888887,3.905332,3.896832,3.851644,3.8889303,3.8303754,1,2.0,1,0.5,-0.42,8.7,91.3
2023-03-30 09:45:00,115.849254794442,76.115844127778,76.135287816666,21.38888887,-1.9586666666666663,20.45,2,5.1764362714980825,70.66250196097344,9,3,3,0.7071067811865476,-0.7071067811865475,0.4338837391175582,-0.900968867902419,1.0,6.123233995736766e-17,365.5,286.75,147.25,14.35,34.95,84.0,50.25,-11.15,2.090852,0.0,-2.2,21.79814813333333,20.816666666666663,21.0,21.35,22.25,20.03333333333333,-23.34755553666667,-0.0277777733333302,-0.0299999999999998,-1.9286666666666668,-1.6493333333333335,21.34444441777778,-1.9993333333333323,3.8303754,3.905332,3.896832,3.851644,3.842204,0,1.0,1,0.75,-0.43,8.8,91.2
2023-03-30 10:00:00,175.102717761114,112.822153616666,112.845486033332,21.79814813333333,-1.6493333333333335,20.03333333333333,2,5.1764362714980825,70.66250196097344,10,3,3,0.4999999999999999,-0.8660254037844387,0.4338837391175582,-0.900968867902419,1.0,6.123233995736766e-17,418.0,339.25,182.08333333333331,14.9,36.4,100.0,49.0,-11.2,2.0821815,0.0,-1.9,21.98333333,20.45,20.816666666666663,21.0,21.35,19.95,-23.447481466666662,0.4092592633333289,0.309333333333333,-1.9586666666666663,-1.8326666666666669,21.534567882222223,-1.8455555555555552,3.842204,3.8303754,3.905332,3.896832,3.8673258,0,1.0,0,0.75,-0.34,7.4,92.6
2023-03-30 10:15:00,43.633532322224,0.0,0.0,21.98333333,-1.8326666666666669,19.95,0,5.1764362714980825,70.66250196097344,10,3,3,0.4999999999999999,-0.8660254037844387,0.4338837391175582,-0.900968867902419,1.0,6.123233995736766e-17,398.75,373.8125,213.70833333333331,15.15,36.75,99.0,48.0,-11.35,2.0576103,0.0,-1.775,21.905555536666668,20.03333333333333,20.45,20.816666666666663,21.0,19.53333333333333,-23.81599999666667,0.1851851966666693,-0.1833333333333331,-1.6493333333333335,-1.5266666666666666,21.72345677777778,-1.8135555555555551,3.8673258,3.842204,3.8303754,3.905332,3.7696066,1,2.0,1,0.5,-0.3,6.8,93.2
2023-03-30 10:30:00,132.311374016666,92.239921355556,92.260476066668,21.905555536666668,-1.5266666666666666,19.53333333333333,2,5.1764362714980825,70.66250196097344,10,3,3,0.4999999999999999,-0.8660254037844387,0.4338837391175582,-0.900968867902419,1.0,6.123233995736766e-17,379.5,390.4375,242.125,15.4,37.1,98.0,47.0,-11.5,2.0324283,0.0,-1.65,22.06666666,19.95,20.03333333333333,20.45,20.816666666666663,19.85,-23.432222203333332,-0.0777777933333325,0.306,-1.8326666666666669,-1.238,21.895679,-1.669555555555555,3.7696066,3.8673258,3.842204,3.8303754,3.8664675,0,1.0,1,0.75,-0.32,7.1,92.9
2023-03-30 10:45:00,172.639205272222,110.598353705554,110.620852838886,22.06666666,-1.238,19.85,2,5.1764362714980825,70.66250196097344,10,3,3,0.4999999999999999,-0.8660254037844387,0.4338837391175582,-0.900968867902419,1.0,6.123233995736766e-17,360.25,389.125,267.3333333333333,15.65,37.45,97.0,46.0,-11.65,2.0066268,0.0,-1.525,22.02777779333333,19.53333333333333,19.95,20.03333333333333,20.45,19.816666666666663,-23.30466666,0.1611111233333311,0.2886666666666666,-1.5266666666666666,-0.9553333333333334,21.98518517555556,-1.5324444444444438,3.8664675,3.7696066,3.8673258,3.842204,3.8513343,0,1.0,0,0.75,-0.28,6.6,93.4
2023-03-30 11:00:00,50.992126866668,0.0,0.0,22.02777779333333,-0.9553333333333334,19.816666666666663,0,5.1764362714980825,70.66250196097344,11,3,3,0.258819045102521,-0.9659258262890682,0.4338837391175582,-0.900968867902419,1.0,6.123233995736766e-17,341.0,369.875,289.3333333333333,15.9,37.8,96.0,45.0,-11.8,1.9801979,0.0,-1.4,22.06111115,19.85,19.53333333333333,19.95,20.03333333333333,19.5,-22.983111126666664,-0.0388888666666673,0.2826666666666666,-1.238,-0.7746666666666667,21.99999999666667,-1.239999999999999,3.8513343,3.8664675,3.7696066,3.8673258,3.7970777,1,2.0,1,0.5,-0.29,6.7,93.3
2023-03-30 11:15:00,144.462832405554,97.140836427778,97.16166896111,22.06111115,-0.7746666666666667,19.5,2,5.1764362714980825,70.66250196097344,11,3,3,0.258819045102521,-0.9659258262890682,0.4338837391175582,-0.900968867902419,1.0,6.123233995736766e-17,392.25,368.25,312.875,16.25,38.7,97.0,44.75,-11.6,2.0107696,0.0,-1.1,22.12777778666667,19.816666666666663,19.85,19.53333333333333,19.95,19.683333333333334,-22.835777816666667,0.0333333566666667,0.1806666666666666,-0.9553333333333334,-1.064,22.05185186777778,-0.9893333333333328,3.7970777,3.8513343,3.8664675,3.7696066,3.8475242,0,1.0,1,0.75,-0.28,6.6,93.4
2023-03-30 11:30:00,144.030071783338,87.272342266668,87.29178593889,22.12777778666667,-1.064,19.683333333333334,2,5.1764362714980825,70.66250196097344,11,3,3,0.258819045102521,-0.9659258262890682,0.4338837391175582,-0.900968867902419,1.0,6.123233995736766e-17,443.5,384.25,337.9583333333333,16.6,39.6,98.0,44.5,-11.4,2.0416415,0.0,-0.7999999999999999,22.32222224,19.5,19.816666666666663,19.85,19.53333333333333,19.65,-23.19177778666667,0.066666636666671,-0.2893333333333333,-0.7746666666666667,-0.7040000000000001,22.07222224333334,-0.9313333333333328,3.8475242,3.7970777,3.8513343,3.8664675,3.8842313,0,1.0,0,0.75,-0.26,6.5,93.5
2023-03-30 11:45:00,45.837610988884,0.0,0.0,22.32222224,-0.7040000000000001,19.65,0,5.1764362714980825,70.66250196097344,11,3,3,0.258819045102521,-0.9659258262890682,0.4338837391175582,-0.900968867902419,1.0,6.123233995736766e-17,494.75,417.875,364.5833333333333,16.95,40.5,99.0,44.25,-11.2,2.072812,0.0,-0.4999999999999999,22.45000002333333,19.683333333333334,19.5,19.816666666666663,19.85,19.5,-23.02622224,0.1944444533333289,0.36,-1.064,-0.6739999999999999,22.170370392222225,-0.8475555555555551,3.8842313,3.8475242,3.7970777,3.8513343,3.8829951,1,2.0,1,0.5,-0.22,6.0,94.0
2023-03-30 12:00:00,165.88030902222,117.660571172222,117.683070255556,22.45000002333333,-0.6739999999999999,19.5,2,5.1764362714980825,70.66250196097344,12,3,3,1.2246467991473532e-16,-1.0,0.4338837391175582,-0.900968867902419,1.0,6.123233995736766e-17,546.0,469.125,392.75,17.3,41.4,100.0,44.0,-11.0,2.1042802,0.0,-0.2,22.49444446,19.65,19.683333333333334,19.5,19.816666666666663,19.85,-23.12400002333333,0.127777783333336,0.0300000000000001,-0.7040000000000001,-0.6746666666666667,22.30000001666667,-0.8139999999999995,3.8829951,3.8842313,3.8475242,3.7970777,3.9627943,0,1.0,1,0.75,-0.19,5.8,94.2
2023-03-30 12:15:00,101.806760966664,50.86018776111,50.875742705554,22.49444446,-0.6746666666666667,19.85,1,5.1764362714980825,70.66250196097344,12,3,3,1.2246467991473532e-16,-1.0,0.4338837391175582,-0.900968867902419,1.0,6.123233995736766e-17,555.25,509.875,417.3125,17.55,41.95,96.75,43.75,-10.875,2.1177313,0.0,-0.025,22.21111114,19.5,19.65,19.683333333333334,19.5,20.0,-23.169111126666667,0.0444444366666658,-0.0006666666666668,-0.6739999999999999,-0.2586666666666666,22.42222224111111,-0.6842222222222217,3.9627943,3.8829951,3.8842313,3.8475242,3.928226,0,1.0,1,0.75,-0.18,5.7,94.3
2023-03-30 12:30:00,66.65288941110799,23.58239,23.594889483334,22.21111114,-0.2586666666666666,20.0,1,5.1764362714980825,70.66250196097344,12,3,3,1.2246467991473532e-16,-1.0,0.4338837391175582,-0.900968867902419,1.0,6.123233995736766e-17,564.5,540.125,438.2708333333333,17.8,42.5,93.5,43.5,-10.75,2.131161,0.0,0.1499999999999999,22.0388889,19.85,19.5,19.65,19.683333333333334,20.05,-22.469777806666663,-0.2833333200000005,0.4160000000000001,-0.6746666666666667,0.126,22.38518520777778,-0.5357777777777772,3.928226,3.9627943,3.8829951,3.8842313,3.8991778,0,1.0,0,0.75,-0.24,6.2,93.8
2023-03-30 12:45:00,173.03113397778,123.3358997,123.359787644444,22.0388889,0.126,20.05,2,5.1764362714980825,70.66250196097344,12,3,3,1.2246467991473532e-16,-1.0,0.4338837391175582,-0.900968867902419,1.0,6.123233995736766e-17,573.75,559.875,455.625,18.05,43.05,90.25,43.25,-10.625,2.1445668,0.0,0.3249999999999999,22.146296300000003,20.0,19.85,19.5,19.65,20.28333333333333,-21.9128889,-0.1722222399999999,0.3846666666666666,-0.2586666666666666,0.056,22.24814816666667,-0.2691111111111106,3.8991778,3.928226,3.9627943,3.8829951,3.9690373,0,0.0,1,1.0,-0.28,6.7,93.3
2023-03-30 13:00:00,88.64700964444,43.1432742,43.159384672222,22.146296300000003,0.056,20.28333333333333,1,5.1764362714980825,70.66250196097344,13,3,3,-0.2588190451025208,-0.9659258262890684,0.4338837391175582,-0.900968867902419,1.0,6.123233995736766e-17,583.0,569.125,469.375,18.3,43.6,87.0,43.0,-10.5,2.1579466,0.0,0.5,21.83333336,20.05,20.0,19.85,19.5,20.05,-22.0902963,0.1074074000000031,-0.0699999999999999,0.126,-0.0693333333333333,22.132098780000003,-0.025555555555555,3.9690373,3.8991778,3.928226,3.9627943,3.8532205,0,0.0,1,1.0,-0.26,6.4,93.6
2023-03-30 13:15:00,93.96651902222,47.968914533332,47.984747216666,21.83333336,-0.0693333333333333,20.05,1,5.1764362714980825,70.66250196097344,13,3,3,-0.2588190451025208,-0.9659258262890684,0.4338837391175582,-0.900968867902419,1.0,6.123233995736766e-17,579.0,575.0625,484.3958333333333,18.15,43.675,83.0,43.0,-10.4,2.180257,0.0,0.65,21.457407396666667,20.28333333333333,20.05,20.0,19.85,20.65,-21.90266669333333,-0.3129629400000056,-0.1253333333333333,0.056,0.0006666666666666,22.006172853333336,0.037555555555556,3.8532205,3.9690373,3.8991778,3.928226,3.883214,0,0.0,0,1.0,-0.33,7.3,92.7
2023-03-30 13:30:00,202.219966361114,150.414538744444,150.440648833332,21.457407396666667,0.0006666666666666,20.65,2,5.1764362714980825,70.66250196097344,13,3,3,-0.2588190451025208,-0.9659258262890684,0.4338837391175582,-0.900968867902419,1.0,6.123233995736766e-17,575.0,577.6875,500.6875,18.0,43.75,79.0,43.0,-10.3,2.20277,0.0,0.8,21.42777777,20.05,20.28333333333333,20.05,20.0,20.95,-21.45674073,-0.37592596333333,0.0699999999999999,-0.0693333333333333,0.4453333333333333,21.81234568555556,-0.0042222222222217,3.883214,3.8532205,3.9690373,3.8991778,3.932877,0,0.0,1,1.0,-0.41,8.5,91.5
2023-03-30 13:45:00,63.755227572218,23.612944311112,23.625443794446,21.42777777,0.4453333333333333,20.95,1,5.1764362714980825,70.66250196097344,13,3,3,-0.2588190451025208,-0.9659258262890684,0.4338837391175582,-0.900968867902419,1.0,6.123233995736766e-17,571.0,577.0,518.25,17.85,43.825,75.0,43.0,-10.2,2.225486,0.0,0.95,22.07037035,20.65,20.05,20.28333333333333,20.05,20.35,-20.982444436666665,-0.0296296266666686,0.4446666666666667,0.0006666666666666,0.8653333333333334,21.572839508888887,0.1255555555555561,3.932877,3.883214,3.8532205,3.9690373,3.964705,0,0.0,1,1.0,-0.42,8.6,91.4
2023-03-30 14:00:00,73.26762474444399,21.350534844444,21.363034327778,22.07037035,0.8653333333333334,20.35,1,5.1764362714980825,70.66250196097344,14,3,3,-0.4999999999999997,-0.8660254037844388,0.4338837391175582,-0.900968867902419,1.0,6.123233995736766e-17,567.0,573.0,537.0833333333334,17.7,43.9,71.0,43.0,-10.1,2.2484071,0.0,1.1,22.27777779,20.95,20.65,20.05,20.28333333333333,20.05,-21.20503701666667,0.6425925800000023,0.42,0.4453333333333333,0.8846666666666666,21.651851838888888,0.4371111111111116,3.964705,3.932877,3.883214,3.8532205,3.9531825,0,0.0,0,1.0,-0.27,6.6,93.4
2023-03-30 14:15:00,182.162713216666,130.404228072222,130.42950486111,22.27777779,0.8846666666666666,20.05,2,5.1764362714980825,70.66250196097344,14,3,3,-0.4999999999999997,-0.8660254037844388,0.4338837391175582,-0.900968867902419,1.0,6.123233995736766e-17,594.75,576.9375,553.9583333333334,17.675,43.45,64.5,42.25,-10.125,2.2471793,0.0,1.35,21.92592589,20.35,20.95,20.65,20.05,20.466666666666665,-21.39311112333333,0.2074074400000007,0.0193333333333332,0.8653333333333334,1.174,21.925308636666667,0.7317777777777783,3.9531825,3.964705,3.932877,3.883214,3.954368,0,0.0,1,1.0,-0.23,6.1,93.9
2023-03-30 14:30:00,98.541891566664,59.27068466111,59.28846178333,21.92592589,1.174,20.466666666666665,1,5.1764362714980825,70.66250196097344,14,3,3,-0.4999999999999997,-0.8660254037844388,0.4338837391175582,-0.900968867902419,1.0,6.123233995736766e-17,622.5,588.8125,568.875,17.65,43.0,58.0,41.5,-10.15,2.245164,0.0,1.6,22.20555553,20.05,20.35,20.95,20.65,20.1,-20.75192589,-0.3518519000000033,0.2893333333333333,0.8846666666666666,1.2153333333333334,22.091358010000004,0.9746666666666672,3.954368,3.9531825,3.964705,3.932877,3.9466043,0,0.0,1,1.0,-0.31,6.9,93.1
2023-03-30 14:45:00,52.9095502,0.0,0.0,22.20555553,1.2153333333333334,20.1,0,5.1764362714980825,70.66250196097344,14,3,3,-0.4999999999999997,-0.8660254037844388,0.4338837391175582,-0.900968867902419,1.0,6.123233995736766e-17,650.25,608.625,581.8333333333334,17.625,42.55,51.5,40.75,-10.175,2.242337,0.0,1.85,22.601851866666667,20.466666666666665,20.05,20.35,20.95,19.53333333333333,-20.990222196666668,0.2796296400000031,0.0413333333333334,1.174,1.3206666666666669,22.136419736666667,1.091333333333334,3.9466043,3.954368,3.9531825,3.964705,3.9236937,1,1.0,1,0.75,-0.24,6.2,93.8
2023-03-30 15:00:00,171.729241688888,116.748385444444,116.773106705554,22.601851866666667,1.3206666666666669,19.53333333333333,2,5.1764362714980825,70.66250196097344,15,3,3,-0.7071067811865471,-0.7071067811865479,0.4338837391175582,-0.900968867902419,1.0,6.123233995736766e-17,678.0,636.375,592.8333333333334,17.6,42.1,45.0,40.0,-10.2,2.238676,0.0,2.1,22.75000001,20.1,20.466666666666665,20.05,20.35,19.45,-21.2811852,0.3962963366666656,0.1053333333333332,1.2153333333333334,1.844,22.244444428888887,1.236666666666667,3.9236937,3.9466043,3.954368,3.9531825,3.94029,0,1.0,1,0.75,-0.16,5.5,94.5
2023-03-30 15:15:00,81.199807494442,41.944711044444,41.961932605554,22.75000001,1.844,19.45,1,5.1764362714980825,70.66250196097344,15,3,3,-0.7071067811865471,-0.7071067811865479,0.4338837391175582,-0.900968867902419,1.0,6.123233995736766e-17,669.25,655.0,602.3333333333334,16.975,42.025,36.25,39.25,-10.375,2.2004216,0.0,2.125,22.53148151,19.53333333333333,20.1,20.466666666666665,20.05,19.216666666666665,-20.90600001,0.1481481433333336,0.5233333333333334,1.3206666666666669,1.824,22.519135802222223,1.4600000000000006,3.94029,3.9236937,3.9466043,3.954368,3.844524,0,1.0,1,0.75,-0.12,5.3,94.7
2023-03-30 15:30:00,69.809151888892,24.166811088888,24.17847723889,22.53148151,1.824,19.216666666666665,1,5.1764362714980825,70.66250196097344,15,3,3,-0.7071067811865471,-0.7071067811865479,0.4338837391175582,-0.900968867902419,1.0,6.123233995736766e-17,660.5,664.5,610.3333333333334,16.35,41.95,27.5,38.5,-10.55,2.16203,0.0,2.1500000000000004,21.59444446,19.45,19.53333333333333,20.1,20.466666666666665,17.85,-20.70748151,-0.2185185000000018,-0.02,1.844,1.97,22.62777779555556,1.6628888888888893,3.844524,3.94029,3.9236937,3.9466043,3.3833985,0,1.0,0,0.75,-0.17,5.6,94.4
2023-03-30 15:45:00,461.500428144444,131.21836213889,131.241416816666,21.59444446,1.97,17.85,2,5.1764362714980825,70.66250196097344,15,3,3,-0.7071067811865471,-0.7071067811865479,0.4338837391175582,-0.900968867902419,1.0,6.123233995736766e-17,651.75,664.875,616.8333333333334,15.725,41.875,18.750000000000004,37.75,-10.725,2.1235015,0.0,2.1750000000000003,20.81851854,19.216666666666665,19.45,19.53333333333333,20.1,18.3,-19.62444446,-0.9370370500000008,0.1459999999999996,1.824,1.9253333333333331,22.29197532666667,1.879333333333334,3.3833985,3.844524,3.94029,3.9236937,3.3160298,0,0.0,1,1.0,-0.4,8.3,91.7
2023-03-30 16:00:00,393.37954193889,197.2612759,197.291830277776,20.81851854,1.9253333333333331,18.3,2,5.1764362714980825,70.66250196097344,16,3,3,-0.8660254037844385,-0.5000000000000004,0.4338837391175582,-0.900968867902419,1.0,6.123233995736766e-17,643.0,656.125,621.8333333333334,15.1,41.8,10.0,37.0,-10.9,2.0848358,0.0,2.2,20.916666650000003,17.85,19.216666666666665,19.45,19.53333333333333,19.7,-18.893185206666665,-0.7759259199999988,-0.0446666666666664,1.97,1.905333333333333,21.64814817,1.9064444444444448,3.3160298,3.3833985,3.844524,3.94029,3.5901518,0,0.0,0,1.0,-0.57,11.9,88.1
2023-03-30 16:15:00,330.985926733332,252.268519955556,252.304074149998,20.916666650000003,1.905333333333333,19.7,2,5.1764362714980825,70.66250196097344,16,3,3,-0.8660254037844385,-0.5000000000000004,0.4338837391175582,-0.900968867902419,1.0,6.123233995736766e-17,608.75,641.0,624.3125,14.575,40.625,7.75,37.75,-10.825,2.1091774,0.0,2.075,21.131481493333336,18.3,17.85,19.216666666666665,19.45,19.816666666666663,-19.01133331666667,0.0981481100000039,-0.02,1.9253333333333331,2.358,21.109876550000003,1.933555555555556,3.5901518,3.3160298,3.3833985,3.844524,3.6567614,0,0.0,0,1.0,-0.54,11.1,88.9
2023-03-30 16:30:00,428.498137238886,63.202194044444,63.218304549998,21.131481493333336,2.358,19.816666666666663,1,5.1764362714980825,70.66250196097344,16,3,3,-0.8660254037844385,-0.5000000000000004,0.4338837391175582,-0.900968867902419,1.0,6.123233995736766e-17,574.5,619.5,624.2708333333334,14.05,39.45,5.5,38.5,-10.75,2.1329417,0.0,1.95,20.79999998,19.7,18.3,17.85,19.216666666666665,20.7,-18.773481493333332,0.2148148433333325,0.4526666666666663,1.905333333333333,2.2113333333333336,20.955555561111115,2.062888888888889,3.6567614,3.5901518,3.3160298,3.3833985,3.7468798,0,0.0,1,1.0,-0.49,10.1,89.9
2023-03-30 16:45:00,1238.898497777772,0.0,0.0,20.79999998,2.2113333333333336,20.7,0,5.1764362714980825,70.66250196097344,16,3,3,-0.8660254037844385,-0.5000000000000004,0.4338837391175582,-0.900968867902419,1.0,6.123233995736766e-17,540.25,591.625,621.7083333333334,13.525,38.275,3.25,39.25,-10.675,2.156137,0.0,1.825,20.338888876666665,19.816666666666663,19.7,18.3,17.85,23.133333333333333,-18.588666646666667,-0.3314815133333368,-0.146666666666666,2.358,2.248,20.949382707777783,2.1582222222222227,3.7468798,3.6567614,3.5901518,3.3160298,4.076271,1,1.0,1,0.75,-0.56,11.6,88.4
2023-03-30 17:00:00,1357.7106894,132.587751844444,132.612750844444,20.338888876666665,2.248,23.133333333333333,2,5.1764362714980825,70.66250196097344,17,3,3,-0.9659258262890684,-0.2588190451025206,0.4338837391175582,-0.900968867902419,1.0,6.123233995736766e-17,506.0,557.375,616.625,13.0,37.1,1.0,40.0,-10.6,2.1787689,0.0,1.7,20.38333331,20.7,19.816666666666663,19.7,18.3,24.4,-18.090888876666664,-0.4611111033333337,0.0366666666666661,2.2113333333333336,2.707333333333333,20.756790116666668,2.2724444444444445,4.076271,3.7468798,3.6567614,3.5901518,4.3106403,0,1.0,1,0.75,-0.65,14.0,86.0
2023-03-30 17:15:00,1299.75856316111,60.561466344444,60.5784101,20.38333331,2.707333333333333,24.4,1,5.1764362714980825,70.66250196097344,17,3,3,-0.9659258262890684,-0.2588190451025206,0.4338837391175582,-0.900968867902419,1.0,6.123233995736766e-17,460.25,520.25,605.4166666666666,12.05,35.75,0.75,40.5,-10.6,2.179917,0.0,1.525,20.23888888333333,23.133333333333333,20.7,19.816666666666663,19.7,23.383333333333333,-17.675999976666667,0.0444444333333358,0.4593333333333333,2.248,2.5286666666666666,20.50740738888889,2.3888888888888893,4.3106403,4.076271,3.7468798,3.6567614,4.09632,0,1.0,1,0.75,-0.64,13.5,86.5
2023-03-30 17:30:00,290.810589311112,25.078441255556,25.08621876111,20.23888888333333,2.5286666666666666,23.383333333333333,1,5.1764362714980825,70.66250196097344,17,3,3,-0.9659258262890684,-0.2588190451025206,0.4338837391175582,-0.900968867902419,1.0,6.123233995736766e-17,414.5,480.25,588.0833333333334,11.1,34.4,0.5,41.0,-10.6,2.1806948,0.0,1.35,19.99999999,24.4,23.133333333333333,20.7,19.816666666666663,24.05,-17.71022221666667,-0.1444444266666664,-0.1786666666666665,2.707333333333333,2.5373333333333337,20.32037035666667,2.494666666666667,4.09632,4.3106403,4.076271,3.7468798,4.1546354,0,1.0,0,0.75,-0.67,14.6,85.4
2023-03-30 17:45:00,890.98213712222,98.12829696111,98.13663004444,19.99999999,2.5373333333333337,24.05,2,5.1764362714980825,70.66250196097344,17,3,3,-0.9659258262890684,-0.2588190451025206,0.4338837391175582,-0.900968867902419,1.0,6.123233995736766e-17,368.75,437.375,564.625,10.15,33.05,0.25,41.5,-10.6,2.1811106,0.0,1.175,20.131481493333336,23.383333333333333,24.4,23.133333333333333,20.7,24.133333333333333,-17.462666656666666,-0.2388888933333355,0.008666666666667,2.5286666666666666,2.556666666666666,20.20740739444445,2.591111111111112,4.1546354,4.09632,4.3106403,4.076271,4.2012377,0,0.0,1,1.0,-0.72,16.0,84.0
2023-03-30 18:00:00,177.756778377776,0.0,0.0,20.131481493333336,2.556666666666666,24.133333333333333,0,5.1764362714980825,70.66250196097344,18,3,3,-1.0,-1.8369701987210294e-16,0.4338837391175582,-0.900968867902419,1.0,6.123233995736766e-17,323.0,391.625,535.0416666666666,9.2,31.7,0.0,42.0,-10.6,2.181171,0.0,1.0,19.94444445,24.05,23.383333333333333,24.4,23.133333333333333,23.6,-17.574814826666667,0.1314815033333367,0.0193333333333329,2.5373333333333337,2.182666666666667,20.12345678888889,2.54088888888889,4.2012377,4.1546354,4.09632,4.3106403,4.0636535,1,1.0,1,0.75,-0.69,15.1,84.9
2023-03-30 18:15:00,86.576814688884,0.0,0.0,19.94444445,2.182666666666667,23.6,0,5.1764362714980825,70.66250196097344,18,3,3,-1.0,-1.8369701987210294e-16,0.4338837391175582,-0.900968867902419,1.0,6.123233995736766e-17,274.5,345.1875,502.1458333333333,8.399999999999999,29.175,0.0,44.5,-10.225,2.2563124,0.0,0.65,19.72407408333333,24.133333333333333,24.05,23.383333333333333,24.4,24.433333333333334,-17.761777783333333,-0.187037043333337,-0.3739999999999996,2.556666666666666,2.016,20.025308644444447,2.4255555555555564,4.0636535,4.2012377,4.1546354,4.09632,4.1531334,0,2.0,0,0.5,-0.74,16.5,83.5
2023-03-30 18:30:00,456.007592349998,16.8068277,16.815716244444,19.72407408333333,2.016,24.433333333333334,1,5.1764362714980825,70.66250196097344,18,3,3,-1.0,-1.8369701987210294e-16,0.4338837391175582,-0.900968867902419,1.0,6.123233995736766e-17,226.0,298.0625,465.9375,7.6,26.65,0.0,47.0,-9.85,2.3265114,0.0,0.3,19.58333336,23.6,24.133333333333333,24.05,23.383333333333333,24.85,-17.708074083333337,-0.2203703666666641,-0.1666666666666669,2.182666666666667,2.0086666666666666,19.933333342222223,2.2517777777777783,4.1531334,4.0636535,4.2012377,4.1546354,4.189195,0,2.0,1,0.5,-0.78,18.0,82.0
2023-03-30 18:45:00,340.180836755552,124.774175466668,124.79139706111,19.58333336,2.0086666666666666,24.85,2,5.1764362714980825,70.66250196097344,18,3,3,-1.0,-1.8369701987210294e-16,0.4338837391175582,-0.900968867902419,1.0,6.123233995736766e-17,177.5,250.25,426.4166666666667,6.8,24.125,0.0,49.5,-9.475,2.3919365,0.0,-0.0499999999999998,19.72037038,24.433333333333334,23.6,24.133333333333333,24.05,25.0,-17.57466669333333,-0.1407407233333373,-0.0073333333333334,2.016,1.618,19.75061729777778,2.069111111111112,4.189195,4.1531334,4.0636535,4.2012377,4.248531,0,2.0,1,0.5,-0.81,19.0,81.0
2023-03-30 19:00:00,566.28956967778,52.383182355556,52.39179316111,19.72037038,1.618,25.0,1,5.1764362714980825,70.66250196097344,19,3,3,-0.9659258262890684,0.2588190451025203,0.4338837391175582,-0.900968867902419,1.0,6.123233995736766e-17,129.0,201.75,383.5833333333333,6.0,21.6,0.0,52.0,-9.1,2.452754,0.0,-0.4,19.73888887,24.85,24.433333333333334,23.6,24.133333333333333,26.75,-18.102370380000004,0.1370370200000046,-0.3906666666666667,2.0086666666666666,1.2693333333333332,19.675925941111117,1.8808888888888893,4.248531,4.189195,4.1531334,4.0636535,4.550872,0,1.0,1,0.75,-0.78,17.9,82.1
2023-03-30 19:15:00,481.675732266664,0.0,0.0,19.73888887,1.2693333333333332,26.75,0,5.1764362714980825,70.66250196097344,19,3,3,-0.9659258262890684,0.2588190451025203,0.4338837391175582,-0.900968867902419,1.0,6.123233995736766e-17,98.5,157.75,341.0625,6.5,18.55,3.0,55.75,-9.075,2.4790225,0.0,-1.25,19.485185196666663,25.0,24.85,24.433333333333334,23.6,27.133333333333333,-18.469555536666668,0.0185184899999981,-0.3486666666666667,1.618,1.0266666666666666,19.68086420333333,1.6320000000000003,4.550872,4.248531,4.189195,4.1531334,4.547808,1,1.0,1,0.75,-0.77,17.4,82.6
2023-03-30 19:30:00,469.66787928333,0.0,0.0,19.485185196666663,1.0266666666666666,27.133333333333333,0,5.1764362714980825,70.66250196097344,19,3,3,-0.9659258262890684,0.2588190451025203,0.4338837391175582,-0.900968867902419,1.0,6.123233995736766e-17,68.0,118.25,298.8541666666667,7.0,15.5,6.0,59.5,-9.05,2.4931703,0.0,-2.1,19.21111112,26.75,25.0,24.85,24.433333333333334,26.2,-18.45851853,-0.2537036733333337,-0.2426666666666666,1.2693333333333332,0.8546666666666667,19.64814814888889,1.304666666666667,4.547808,4.550872,4.248531,4.189195,4.3211017,0,2.0,0,0.5,-0.82,19.3,80.7
2023-03-30 19:45:00,1072.940136327774,37.286563994446,37.34545062222,19.21111112,0.8546666666666667,26.2,1,5.1764362714980825,70.66250196097344,19,3,3,-0.9659258262890684,0.2588190451025203,0.4338837391175582,-0.900968867902419,1.0,6.123233995736766e-17,37.5,83.25,256.9583333333333,7.5,12.45,9.0,63.25,-9.025,2.4963593,0.0,-2.95,19.19629628,27.133333333333333,26.75,25.0,24.85,27.2,-18.35644445333333,-0.2740740766666647,-0.1719999999999999,1.0266666666666666,0.768,19.478395062222223,1.0502222222222226,4.3211017,4.547808,4.550872,4.248531,4.482116,0,2.0,1,0.5,-0.89,21.8,78.2
2023-03-30 20:00:00,1060.824787544444,99.1901989,99.26075166111,19.19629628,0.768,27.2,2,5.1764362714980825,70.66250196097344,20,3,3,-0.8660254037844386,0.5000000000000001,0.4338837391175582,-0.900968867902419,1.0,6.123233995736766e-17,7.0,52.75,215.375,8.0,9.4,12.0,67.0,-9.0,2.4896781,0.0,-3.8,19.44444443,26.2,27.133333333333333,26.75,25.0,27.85,-18.42829628,-0.0148148399999996,-0.0866666666666666,0.8546666666666667,0.8106666666666666,19.29753086555556,0.8831111111111115,4.482116,4.3211017,4.547808,4.550872,4.6567593,0,2.0,1,0.5,-0.89,21.7,78.3
2023-03-30 20:15:00,164.911458894442,0.0,0.0,19.44444443,0.8106666666666666,27.85,0,5.1764362714980825,70.66250196097344,20,3,3,-0.8660254037844386,0.5000000000000001,0.4338837391175582,-0.900968867902419,1.0,6.123233995736766e-17,5.25,29.4375,177.45833333333334,6.575,9.475,11.0,64.25,-9.2,2.4563174,0.0,-3.4,19.40740737,27.2,26.2,27.133333333333333,26.75,27.966666666666665,-18.63377776333333,0.2481481499999951,0.0426666666666666,0.768,0.5333333333333333,19.28395061,0.8111111111111114,4.6567593,4.482116,4.3211017,4.547808,4.66609,1,2.0,1,0.5,-0.83,19.5,80.5
2023-03-30 20:30:00,482.079049449998,0.0,0.0,19.40740737,0.5333333333333333,27.966666666666665,0,5.1764362714980825,70.66250196097344,20,3,3,-0.8660254037844386,0.5000000000000001,0.4338837391175582,-0.900968867902419,1.0,6.123233995736766e-17,3.5,13.3125,143.20833333333334,5.15,9.55,10.0,61.5,-9.4,2.4187279,0.0,-3.0,19.28888889,27.85,27.2,26.2,27.133333333333333,28.65,-18.874074036666663,-0.0370370599999994,-0.2773333333333333,0.8106666666666666,0.516,19.349382693333336,0.7040000000000005,4.66609,4.6567593,4.482116,4.3211017,4.746872,0,2.0,0,0.5,-0.84,19.8,80.2
2023-03-30 20:45:00,856.576568949998,0.0,0.0,19.28888889,0.516,28.65,0,5.1764362714980825,70.66250196097344,20,3,3,-0.8660254037844386,0.5000000000000001,0.4338837391175582,-0.900968867902419,1.0,6.123233995736766e-17,1.75,4.375,112.625,3.725,9.625,9.0,58.75,-9.6,2.3767216,0.0,-2.6,19.16481482,27.966666666666665,27.85,27.2,26.2,27.616666666666667,-18.77288889,-0.1185184799999987,-0.0173333333333333,0.5333333333333333,0.4846666666666667,19.380246896666662,0.6200000000000004,4.746872,4.66609,4.6567593,4.482116,4.5423393,0,3.0,0,0.25,-0.86,20.7,79.3
2023-03-30 21:00:00,223.351065716662,90.162782244444,90.229446294442,19.16481482,0.4846666666666667,27.616666666666667,2,5.1764362714980825,70.66250196097344,21,3,3,-0.7071067811865477,0.7071067811865474,0.4338837391175582,-0.900968867902419,1.0,6.123233995736766e-17,0.0,2.625,85.70833333333333,2.3,9.7,8.0,56.0,-9.8,2.3301036,0.0,-2.2,19.255555580000003,28.65,27.966666666666665,27.85,27.2,25.6,-18.68014815333333,-0.1240740699999989,-0.0313333333333333,0.516,0.3873333333333333,19.287037026666667,0.5113333333333338,4.5423393,4.746872,4.66609,4.6567593,4.2332153,0,3.0,1,0.25,-0.9,21.9,78.1
2023-03-30 21:15:00,292.54690873889,175.0938293,175.168548544444,19.255555580000003,0.3873333333333333,25.6,2,5.1764362714980825,70.66250196097344,21,3,3,-0.7071067811865477,0.7071067811865474,0.4338837391175582,-0.900968867902419,1.0,6.123233995736766e-17,0.0,1.3125,62.833333333333336,3.1,9.35,25.0,58.25,-9.65,2.3648076,0.0,-2.5500000000000003,19.692592573333336,27.616666666666667,28.65,27.966666666666665,27.85,24.666666666666668,-18.86822224666667,0.0907407600000027,-0.0973333333333333,0.4846666666666667,0.208,19.23641976333333,0.462666666666667,4.2332153,4.5423393,4.746872,4.66609,4.185055,0,2.0,0,0.5,-0.89,21.6,78.4
2023-03-30 21:30:00,133.43327362222,17.035985183334,17.094594005554,19.692592573333336,0.208,24.666666666666668,1,5.1764362714980825,70.66250196097344,21,3,3,-0.7071067811865477,0.7071067811865474,0.4338837391175582,-0.900968867902419,1.0,6.123233995736766e-17,0.0,0.4375,44.0,3.9,9.0,42.0,60.5,-9.5,2.3962705,0.0,-2.9000000000000004,19.52777774,25.6,27.616666666666667,28.65,27.966666666666665,24.05,-19.484592573333337,0.4370369933333329,-0.1793333333333333,0.3873333333333333,0.0986666666666666,19.370987657777786,0.3600000000000005,4.185055,4.2332153,4.5423393,4.746872,4.041118,0,1.0,1,0.75,-0.79,18.2,81.8
2023-03-30 21:45:00,205.438171044444,93.291545972222,93.359598849998,19.52777774,0.0986666666666666,24.05,2,5.1764362714980825,70.66250196097344,21,3,3,-0.7071067811865477,0.7071067811865474,0.4338837391175582,-0.900968867902419,1.0,6.123233995736766e-17,0.0,0.0,29.20833333333333,4.7,8.65,59.00000000000001,62.75,-9.35,2.4246144,0.0,-3.25,19.54629626,24.666666666666668,25.6,27.616666666666667,28.65,24.28333333333333,-19.42911107333333,-0.1648148333333381,-0.1093333333333333,0.208,-0.1433333333333333,19.49197529777778,0.2313333333333338,4.041118,4.185055,4.2332153,4.5423393,4.084768,0,0.0,1,1.0,-0.83,19.6,80.4
2023-03-30 22:00:00,244.082180772222,116.016748044444,116.0853564,19.54629626,-0.1433333333333333,24.28333333333333,2,5.1764362714980825,70.66250196097344,22,3,3,-0.5000000000000004,0.8660254037844384,0.4338837391175582,-0.900968867902419,1.0,6.123233995736766e-17,0.0,0.0,18.45833333333333,5.5,8.3,76.0,65.0,-9.2,2.4499574,0.0,-3.6,19.65555557,24.05,24.666666666666668,25.6,27.616666666666667,23.7,-19.689629593333336,0.0185185200000042,-0.242,0.0986666666666666,-0.328,19.58888885777778,0.0544444444444448,4.084768,4.041118,4.185055,4.2332153,4.012313,0,0.0,0,1.0,-0.83,19.4,80.6
2023-03-30 22:15:00,130.26062278333,21.600524844444,21.66302236111,19.65555557,-0.328,23.7,1,5.1764362714980825,70.66250196097344,22,3,3,-0.5000000000000004,0.8660254037844384,0.4338837391175582,-0.900968867902419,1.0,6.123233995736766e-17,0.0,0.0,10.25,6.3,9.65,82.0,65.75,-9.225,2.443229,0.0,-3.8,19.42777777,24.28333333333333,24.05,24.666666666666668,25.6,23.966666666666665,-19.98355557,0.1092593099999987,-0.1846666666666666,-0.1433333333333333,-0.2486666666666667,19.57654319,-0.1242222222222217,4.012313,4.084768,4.041118,4.185055,4.0035067,0,0.0,1,1.0,-0.8,18.6,81.4
2023-03-30 22:30:00,479.530540311108,135.699294044444,135.774568833332,19.42777777,-0.2486666666666667,23.966666666666665,2,5.1764362714980825,70.66250196097344,22,3,3,-0.5000000000000004,0.8660254037844384,0.4338837391175582,-0.900968867902419,1.0,6.123233995736766e-17,0.0,0.0,4.583333333333333,7.1,11.0,88.0,66.5,-9.25,2.4361432,0.0,-4.0,19.6222222,23.7,24.28333333333333,24.05,24.666666666666668,23.65,-19.676444436666664,-0.2277778000000019,0.0793333333333333,-0.328,-0.6546666666666667,19.54320986666667,-0.2399999999999995,4.0035067,4.012313,4.084768,4.041118,3.9960182,0,0.0,1,1.0,-0.86,20.4,79.6
2023-03-30 22:45:00,225.521812149998,36.688810172222,36.752418811108,19.6222222,-0.6546666666666667,23.65,1,5.1764362714980825,70.66250196097344,22,3,3,-0.5000000000000004,0.8660254037844384,0.4338837391175582,-0.900968867902419,1.0,6.123233995736766e-17,0.0,0.0,1.4583333333333333,7.899999999999999,12.35,94.0,67.25,-9.275,2.4287088,0.0,-4.2,19.485185196666663,23.966666666666665,23.7,24.28333333333333,24.05,23.5,-20.276888866666667,0.1944444300000007,-0.406,-0.2486666666666667,-0.348,19.56851851333333,-0.410444444444444,3.9960182,4.0035067,4.012313,4.084768,3.938826,0,0.0,1,1.0,-0.81,18.9,81.1
2023-03-30 23:00:00,203.950730594442,96.461974733332,96.530305349998,19.485185196666663,-0.348,23.5,2,5.1764362714980825,70.66250196097344,23,3,3,-0.2588190451025215,0.965925826289068,0.4338837391175582,-0.900968867902419,1.0,6.123233995736766e-17,0.0,0.0,0.875,8.7,13.7,100.0,68.0,-9.3,2.4209363,0.0,-4.4,19.511111130000003,23.65,23.966666666666665,23.7,24.28333333333333,23.45,-19.833185196666665,-0.137037003333333,0.3066666666666667,-0.6546666666666667,-0.578,19.511728388888887,-0.4171111111111107,3.938826,3.9960182,4.0035067,4.012313,3.9364417,0,0.0,1,1.0,-0.84,20.0,80.0
2023-03-30 23:15:00,224.380191199996,103.611966472222,103.682797038886,19.511111130000003,-0.578,23.45,2,5.1764362714980825,70.66250196097344,23,3,3,-0.2588190451025215,0.965925826289068,0.4338837391175582,-0.900968867902419,1.0,6.123233995736766e-17,0.0,0.0,0.4375,8.75,14.15,99.75,68.0,-9.375,2.4079773,0.0,-4.4750000000000005,19.661111126666665,23.5,23.65,23.966666666666665,23.7,23.03333333333333,-20.089111130000003,0.0259259333333368,-0.2299999999999999,-0.348,-0.4633333333333333,19.53950617555556,-0.5268888888888884,3.9364417,3.938826,3.9960182,4.0035067,3.9007208,0,0.0,0,1.0,-0.84,19.8,80.2
2023-03-30 23:30:00,154.345492583334,45.690950055556,45.747058927778,19.661111126666665,-0.4633333333333333,23.03333333333333,1,5.1764362714980825,70.66250196097344,23,3,3,-0.2588190451025215,0.965925826289068,0.4338837391175582,-0.900968867902419,1.0,6.123233995736766e-17,0.0,0.0,0.1458333333333333,8.8,14.6,99.5,68.0,-9.45,2.3950791,0.0,-4.550000000000001,19.45000001,23.45,23.5,23.65,23.966666666666665,23.35,-20.12444446,0.1499999966666614,0.1146666666666666,-0.578,-0.288,19.55246915111111,-0.4631111111111106,3.9007208,3.9364417,3.938826,3.9960182,3.9055963,0,0.0,1,1.0,-0.81,18.7,81.3
2023-03-30 23:45:00,215.245278827774,150.540367077776,150.553699911108,19.45000001,-0.288,23.35,2,5.1764362714980825,70.66250196097344,23,3,3,-0.2588190451025215,0.965925826289068,0.4338837391175582,-0.900968867902419,1.0,6.123233995736766e-17,0.0,0.0,0.0,8.85,15.05,99.25,68.0,-9.525,2.3822422,0.0,-4.625,19.627777793333333,23.03333333333333,23.45,23.5,23.65,23.316666666666663,-19.73800001,-0.2111111166666646,0.1753333333333332,-0.4633333333333333,-0.6813333333333333,19.54074075555556,-0.4431111111111106,3.9055963,3.9007208,3.9364417,3.938826,3.9409819,0,0.0,1,1.0,-0.85,20.4,79.6
2023-03-31 00:00:00,77.893273077776,14.222208888887998,14.231097466664,19.627777793333333,-0.6813333333333333,23.316666666666663,1,5.1764362714980825,70.66250196097344,0,4,3,0.0,1.0,-0.433883739117558,-0.9009688679024191,1.0,6.123233995736766e-17,0.0,0.0,0.0,8.9,15.5,99.0,68.0,-9.6,2.3694658,0.0,-4.7,19.4222222,23.35,23.03333333333333,23.45,23.5,23.35,-20.309111126666668,0.1777777833333331,-0.3933333333333333,-0.288,-0.7433333333333334,19.57962964333333,-0.4775555555555551,3.9409819,3.9055963,3.9007208,3.9364417,3.8992212,0,0.0,1,1.0,-0.81,18.9,81.1
2023-03-31 00:15:00,170.764558161106,113.556846444444,113.564901738886,19.4222222,-0.7433333333333334,23.35,2,5.1764362714980825,70.66250196097344,0,4,3,0.0,1.0,-0.433883739117558,-0.9009688679024191,1.0,6.123233995736766e-17,0.0,0.0,0.0,9.05,15.775,85.25,67.75,-9.65,2.3649905,0.0,-4.675,19.466666666666665,23.316666666666663,23.35,23.03333333333333,23.45,23.316666666666663,-20.165555533333333,-0.205555593333333,-0.062,-0.6813333333333333,-0.596,19.500000001111115,-0.5708888888888884,3.8992212,3.9409819,3.9055963,3.9007208,3.9038448,0,0.0,1,1.0,-0.86,20.6,79.4
2023-03-31 00:30:00,132.101104694442,76.243339011112,76.25167206111,19.466666666666665,-0.596,23.316666666666663,2,5.1764362714980825,70.66250196097344,0,4,3,0.0,1.0,-0.433883739117558,-0.9009688679024191,1.0,6.123233995736766e-17,0.0,0.0,0.0,9.2,16.05,71.5,67.5,-9.7,2.3604913,0.0,-4.65,19.51666666,23.35,23.316666666666663,23.35,23.03333333333333,23.05,-20.062666666666665,0.0444444666666647,0.1473333333333334,-0.7433333333333334,-1.714,19.50555555333333,-0.6735555555555551,3.9038448,3.8992212,3.9409819,3.9055963,3.870559,0,0.0,0,1.0,-0.85,20.2,79.8
2023-03-31 00:45:00,114.889570866668,66.278459872222,66.287626205554,19.51666666,-1.714,23.05,1,5.1764362714980825,70.66250196097344,0,4,3,0.0,1.0,-0.433883739117558,-0.9009688679024191,1.0,6.123233995736766e-17,0.0,0.0,0.0,9.35,16.325000000000003,57.75,67.25,-9.75,2.3559675,0.0,-4.625,19.42592592333333,23.316666666666663,23.35,23.316666666666663,23.35,23.466666666666665,-21.23066666,0.0499999933333334,-1.118,-0.596,-2.2373333333333334,19.468518508888888,-1.0177777777777772,3.870559,3.9038448,3.8992212,3.9409819,3.9195566,0,0.0,1,1.0,-0.84,19.9,80.1
2023-03-31 01:00:00,182.199934111104,129.038171616666,129.052893327774,19.42592592333333,-2.2373333333333334,23.466666666666665,2,5.1764362714980825,70.66250196097344,1,4,3,0.2588190451025207,0.9659258262890684,-0.433883739117558,-0.9009688679024191,1.0,6.123233995736766e-17,0.0,0.0,0.0,9.5,16.6,44.0,67.0,-9.8,2.351419,0.0,-4.6,19.56666667,23.05,23.316666666666663,23.35,23.316666666666663,23.15,-21.663259256666667,-0.0907407366666639,-0.5233333333333334,-1.714,-2.1546666666666665,19.46975308333333,-1.5157777777777774,3.9195566,3.870559,3.9038448,3.8992212,3.8987904,0,0.0,1,1.0,-0.86,20.5,79.5
2023-03-31 01:15:00,75.037831733332,20.99277133889,20.9974934,19.56666667,-2.1546666666666665,23.15,1,5.1764362714980825,70.66250196097344,1,4,3,0.2588190451025207,0.9659258262890684,-0.433883739117558,-0.9009688679024191,1.0,6.123233995736766e-17,0.0,0.0,0.0,9.475,16.85,49.75,66.0,-9.825,2.3455334,0.0,-4.425,19.35185182,23.466666666666665,23.05,23.316666666666663,23.35,23.0,-21.721333336666667,0.1407407466666654,0.0826666666666668,-2.2373333333333334,-2.0886666666666667,19.503086417777777,-2.035333333333333,3.8987904,3.9195566,3.870559,3.9038448,3.824904,0,0.0,1,1.0,-0.83,19.5,80.5
2023-03-31 01:30:00,181.591902716666,140.058841855556,140.075230116666,19.35185182,-2.0886666666666667,23.0,2,5.1764362714980825,70.66250196097344,1,4,3,0.2588190451025207,0.9659258262890684,-0.433883739117558,-0.9009688679024191,1.0,6.123233995736766e-17,0.0,0.0,0.0,9.45,17.1,55.5,65.0,-9.85,2.3390813,0.0,-4.25,19.55000001,23.15,23.466666666666665,23.05,23.316666666666663,22.95,-21.44051848666667,-0.2148148499999997,0.0659999999999998,-2.1546666666666665,-2.5013333333333336,19.448148137777785,-2.1602222222222216,3.824904,3.8987904,3.9195566,3.870559,3.8613253,0,0.0,1,1.0,-0.88,21.3,78.7
2023-03-31 01:45:00,101.009570505558,50.150771655556,50.157993616666,19.55000001,-2.5013333333333336,22.95,1,5.1764362714980825,70.66250196097344,1,4,3,0.2588190451025207,0.9659258262890684,-0.433883739117558,-0.9009688679024191,1.0,6.123233995736766e-17,0.0,0.0,0.0,9.425,17.35,61.25,64.0,-9.875,2.332051,0.0,-4.075,19.42962964,23.0,23.15,23.466666666666665,23.05,22.716666666666665,-22.051333343333337,0.1981481900000012,-0.4126666666666669,-2.0886666666666667,-2.305333333333333,19.48950616666667,-2.2482222222222217,3.8613253,3.824904,3.8987904,3.9195566,3.7951138,0,0.0,1,1.0,-0.83,19.6,80.4
2023-03-31 02:00:00,135.624019372218,83.481938388888,83.493326866664,19.42962964,-2.305333333333333,22.716666666666665,2,5.1764362714980825,70.66250196097344,2,4,3,0.4999999999999999,0.8660254037844387,-0.433883739117558,-0.9009688679024191,1.0,6.123233995736766e-17,0.0,0.0,0.0,9.4,17.6,67.0,63.0,-9.9,2.3244312,0.0,-3.9,19.28888891,22.95,23.0,23.15,23.466666666666665,23.0,-21.73496297333333,-0.1203703700000033,0.1960000000000006,-2.5013333333333336,-2.67,19.443827156666668,-2.298444444444444,3.7951138,3.8613253,3.824904,3.8987904,3.8107524,0,0.0,1,1.0,-0.86,20.7,79.3
2023-03-31 02:15:00,166.291125855556,129.072892444444,129.090114005554,19.28888891,-2.67,23.0,2,5.1764362714980825,70.66250196097344,2,4,3,0.4999999999999999,0.8660254037844387,-0.433883739117558,-0.9009688679024191,1.0,6.123233995736766e-17,0.0,0.0,0.0,9.325,17.425,75.25,62.25,-9.925,2.3214164,0.0,-3.75,19.442592616666666,22.716666666666665,22.95,23.0,23.15,22.816666666666663,-21.95888891,-0.1407407299999974,-0.3646666666666669,-2.305333333333333,-2.0973333333333333,19.42283952,-2.492222222222221,3.8107524,3.7951138,3.8613253,3.824904,3.8147266,0,0.0,0,1.0,-0.89,21.8,78.2
2023-03-31 02:30:00,101.149009444444,52.186523522224,52.195412116666,19.442592616666666,-2.0973333333333333,22.816666666666663,1,5.1764362714980825,70.66250196097344,2,4,3,0.4999999999999999,0.8660254037844387,-0.433883739117558,-0.9009688679024191,1.0,6.123233995736766e-17,0.0,0.0,0.0,9.25,17.25,83.5,61.5,-9.95,2.3180368,0.0,-3.6,19.36111114,23.0,22.716666666666665,22.95,23.0,22.55,-21.53992595,0.1537037066666648,0.5726666666666667,-2.67,-1.982,19.38703705555556,-2.357555555555555,3.8147266,3.8107524,3.7951138,3.8613253,3.7521129,0,0.0,1,1.0,-0.86,20.5,79.5
2023-03-31 02:45:00,139.83051772222,90.979138472222,90.99302688333,19.36111114,-1.982,22.55,2,5.1764362714980825,70.66250196097344,2,4,3,0.4999999999999999,0.8660254037844387,-0.433883739117558,-0.9009688679024191,1.0,6.123233995736766e-17,0.0,0.0,0.0,9.175,17.075,91.75,60.75,-9.975,2.3142862,0.0,-3.45,19.37962966,22.816666666666663,23.0,22.716666666666665,22.95,22.78333333333333,-21.34311114,-0.0814814766666671,0.1153333333333332,-2.0973333333333333,-1.744,19.364197555555556,-2.249777777777777,3.7521129,3.8147266,3.8107524,3.7951138,3.7950704,0,0.0,1,1.0,-0.88,21.3,78.7
2023-03-31 03:00:00,420.267355250002,114.659580083334,114.677079433332,19.37962966,-1.744,22.78333333333333,2,5.1764362714980825,70.66250196097344,3,4,3,0.7071067811865476,0.7071067811865476,-0.433883739117558,-0.9009688679024191,1.0,6.123233995736766e-17,0.0,0.0,0.0,9.1,16.9,100.0,60.0,-10.0,2.3101575,0.0,-3.3,19.4888889,22.55,22.816666666666663,23.0,22.716666666666665,22.2,-21.12362966,0.0185185200000006,0.238,-1.982,-1.9886666666666664,19.394444472222222,-1.9411111111111108,3.7950704,3.7521129,3.8147266,3.8107524,3.721745,0,0.0,0,1.0,-0.87,21.1,78.9
2023-03-31 03:15:00,95.38062912222,44.948201966668,44.955979488888,19.4888889,-1.9886666666666664,22.2,1,5.1764362714980825,70.66250196097344,3,4,3,0.7071067811865476,0.7071067811865476,-0.433883739117558,-0.9009688679024191,1.0,6.123233995736766e-17,0.0,0.0,0.0,8.525,16.275,100.0,59.0,-9.95,2.3163083,0.0,-3.025,19.30185184333333,22.78333333333333,22.55,22.816666666666663,23.0,22.466666666666665,-21.477555566666663,0.10925924,-0.2446666666666666,-1.744,-2.168,19.409876566666668,-1.9048888888888884,3.721745,3.7950704,3.7521129,3.8147266,3.7252297,0,0.0,1,1.0,-0.85,20.3,79.7
2023-03-31 03:30:00,196.701298316666,148.393230716666,148.412396649998,19.30185184333333,-2.168,22.466666666666665,2,5.1764362714980825,70.66250196097344,3,4,3,0.7071067811865476,0.7071067811865476,-0.433883739117558,-0.9009688679024191,1.0,6.123233995736766e-17,0.0,0.0,0.0,7.949999999999999,15.65,100.0,58.0,-9.9,2.3217018,0.0,-2.75,19.48333336,22.2,22.78333333333333,22.55,22.816666666666663,22.15,-21.46985184333333,-0.1870370566666643,-0.1793333333333335,-1.9886666666666664,-2.196,19.39012346777778,-1.9668888888888885,3.7252297,3.721745,3.7950704,3.7521129,3.7121496,0,0.0,1,1.0,-0.89,21.8,78.2
2023-03-31 03:45:00,50.062997549994,11.440375749998,11.445375633327998,19.48333336,-2.196,22.15,1,5.1764362714980825,70.66250196097344,3,4,3,0.7071067811865476,0.7071067811865476,-0.433883739117558,-0.9009688679024191,1.0,6.123233995736766e-17,0.0,0.0,0.0,7.375,15.025,100.0,57.0,-9.85,2.3263102,0.0,-2.475,19.32777777,22.466666666666665,22.2,22.78333333333333,22.55,22.183333333333334,-21.67933336,0.1814815166666648,-0.0279999999999995,-2.168,-1.612,19.42469136777778,-2.117555555555555,3.7121496,3.7252297,3.721745,3.7950704,3.6838672,0,0.0,1,1.0,-0.85,20.3,79.7
2023-03-31 04:00:00,186.258105011108,134.187687827778,134.205187211108,19.32777777,-1.612,22.183333333333334,2,5.1764362714980825,70.66250196097344,4,4,3,0.8660254037844386,0.5000000000000001,-0.433883739117558,-0.9009688679024191,1.0,6.123233995736766e-17,0.0,0.0,0.0,6.8,14.4,100.0,56.0,-9.8,2.3301036,0.0,-2.2,19.4666667,22.15,22.466666666666665,22.2,22.78333333333333,22.45,-20.93977777,-0.1555555899999987,0.5839999999999999,-2.196,-1.616,19.37098765777778,-1.992,3.6838672,3.7121496,3.7252297,3.721745,3.7587414,0,0.0,1,1.0,-0.89,21.6,78.4
2023-03-31 04:15:00,113.88627778333,68.220326627778,68.231159577776,19.4666667,-1.616,22.45,1,5.1764362714980825,70.66250196097344,4,4,3,0.8660254037844386,0.5000000000000001,-0.433883739117558,-0.9009688679024191,1.0,6.123233995736766e-17,0.0,0.0,0.0,6.7,13.4,100.0,58.0,-9.3,2.421806,0.0,-2.1500000000000004,19.401851846666663,22.183333333333334,22.15,22.466666666666665,22.2,22.216666666666665,-21.0826667,0.1388889300000002,-0.0040000000000002,-1.612,-1.6273333333333333,19.425925943333336,-1.808,3.7587414,3.6838672,3.7121496,3.7252297,3.7055225,0,0.0,1,1.0,-0.85,20.4,79.6
2023-03-31 04:30:00,110.87500940555,74.332026583334,74.344803938886,19.401851846666663,-1.6273333333333333,22.216666666666665,2,5.1764362714980825,70.66250196097344,4,4,3,0.8660254037844386,0.5000000000000001,-0.433883739117558,-0.9009688679024191,1.0,6.123233995736766e-17,0.0,0.0,0.0,6.6,12.4,100.0,60.0,-8.8,2.5141213,0.0,-2.1,19.28333334,22.45,22.183333333333334,22.15,22.466666666666665,22.45,-21.02918518,-0.0648148533333348,-0.0113333333333331,-1.616,-1.5646666666666669,19.39876543888889,-1.618444444444444,3.7055225,3.7587414,3.6838672,3.7121496,3.718409,0,0.0,1,1.0,-0.87,21.0,79.0
2023-03-31 04:45:00,166.101966938882,112.727990716666,112.743823466664,19.28333334,-1.5646666666666669,22.45,2,5.1764362714980825,70.66250196097344,4,4,3,0.8660254037844386,0.5000000000000001,-0.433883739117558,-0.9009688679024191,1.0,6.123233995736766e-17,0.0,0.0,0.0,6.5,11.4,100.0,62.0,-8.3,2.6070507,0.0,-2.05,19.403703713333336,22.216666666666665,22.45,22.183333333333334,22.15,22.03333333333333,-20.84800000666667,-0.118518506666664,0.0626666666666666,-1.6273333333333333,-1.474,19.383950628888893,-1.602666666666666,3.718409,3.7055225,3.7587414,3.6838672,3.6753435,0,0.0,0,1.0,-0.9,22.0,78.0
2023-03-31 05:00:00,86.878746994442,41.747218894446,41.755274172222,19.403703713333336,-1.474,22.03333333333333,1,5.1764362714980825,70.66250196097344,5,4,3,0.9659258262890684,0.2588190451025207,-0.433883739117558,-0.9009688679024191,1.0,6.123233995736766e-17,0.0,0.0,0.0,6.4,10.4,100.0,64.0,-7.8,2.700598,0.0,-2.0,19.2611111,22.45,22.216666666666665,22.45,22.183333333333334,22.35,-20.877703713333336,0.1203703733333334,0.0906666666666666,-1.5646666666666669,-1.244,19.362962966666668,-1.5553333333333328,3.6753435,3.718409,3.7055225,3.7587414,3.6970046,0,0.0,1,1.0,-0.87,21.0,79.0
2023-03-31 05:15:00,181.603291311104,144.978645055556,144.998922077776,19.2611111,-1.244,22.35,2,5.1764362714980825,70.66250196097344,5,4,3,0.9659258262890684,0.2588190451025207,-0.433883739117558,-0.9009688679024191,1.0,6.123233995736766e-17,0.0,0.0,0.0,6.15,10.225,100.0,63.75,-7.85,2.69949,0.0,-1.95,19.409259236666667,22.03333333333333,22.45,22.216666666666665,22.45,22.316666666666663,-20.5051111,-0.1425926133333348,0.2299999999999999,-1.474,-1.0833333333333333,19.316049384444447,-1.4275555555555552,3.6970046,3.6753435,3.718409,3.7055225,3.723823,0,0.0,1,1.0,-0.9,22.2,77.8
2023-03-31 05:30:00,60.002044338886,0.0,0.0,19.409259236666667,-1.0833333333333333,22.316666666666663,0,5.1764362714980825,70.66250196097344,5,4,3,0.9659258262890684,0.2588190451025207,-0.433883739117558,-0.9009688679024191,1.0,6.123233995736766e-17,0.0,0.0,0.0,5.9,10.05,100.0,63.5,-7.9,2.6983373,0.0,-1.9,19.24444447,22.35,22.03333333333333,22.45,22.216666666666665,22.35,-20.49259257,0.1481481366666663,0.1606666666666667,-1.244,-0.9853333333333332,19.358024683333337,-1.2671111111111106,3.723823,3.6970046,3.6753435,3.718409,3.6933768,1,1.0,1,0.75,-0.87,20.9,79.1
2023-03-31 05:45:00,167.52191002222,123.169795244444,123.186183488888,19.24444447,-0.9853333333333332,22.35,2,5.1764362714980825,70.66250196097344,5,4,3,0.9659258262890684,0.2588190451025207,-0.433883739117558,-0.9009688679024191,1.0,6.123233995736766e-17,0.0,0.0,0.0,5.65,9.875,100.0,63.25,-7.95,2.6971385,0.0,-1.85,19.351851866666667,22.316666666666663,22.35,22.03333333333333,22.45,22.5,-20.22977780333333,-0.1648147666666659,0.0979999999999999,-1.0833333333333333,-0.7446666666666667,19.304938268888893,-1.1042222222222218,3.6933768,3.723823,3.6970046,3.6753435,3.7417533,0,1.0,1,0.75,-0.91,22.3,77.7
2023-03-31 06:00:00,102.46812336111,65.907641355556,65.918474305554,19.351851866666667,-0.7446666666666667,22.5,1,5.1764362714980825,70.66250196097344,6,4,3,1.0,6.123233995736766e-17,-0.433883739117558,-0.9009688679024191,1.0,6.123233995736766e-17,0.0,0.0,0.0,5.4,9.7,100.0,63.0,-8.0,2.6958942,0.0,-1.8,19.327777790000003,22.35,22.316666666666663,22.35,22.03333333333333,22.2,-20.09651853333333,0.1074073966666659,0.2406666666666665,-0.9853333333333332,-0.6613333333333333,19.335185191111112,-0.9377777777777772,3.7417533,3.6933768,3.723823,3.6970046,3.6866353,0,1.0,1,0.75,-0.88,21.4,78.6
2023-03-31 06:15:00,121.15293160555,69.989422544444,70.00053326666401,19.327777790000003,-0.6613333333333333,22.2,1,5.1764362714980825,70.66250196097344,6,4,3,1.0,6.123233995736766e-17,-0.433883739117558,-0.9009688679024191,1.0,6.123233995736766e-17,0.0,0.0,0.0,5.325,9.35,100.0,61.5,-8.075,2.673424,0.0,-1.575,19.203703686666664,22.5,22.35,22.316666666666663,22.35,22.466666666666665,-19.989111123333338,-0.0240740766666647,0.0833333333333333,-0.7446666666666667,0.1593333333333333,19.30802470888889,-0.7971111111111107,3.6866353,3.7417533,3.6933768,3.723823,3.703756,0,1.0,0,0.75,-0.89,21.6,78.4
2023-03-31 06:30:00,153.17303958333,107.508199483334,107.522643405554,19.203703686666664,0.1593333333333333,22.466666666666665,2,5.1764362714980825,70.66250196097344,6,4,3,1.0,6.123233995736766e-17,-0.433883739117558,-0.9009688679024191,1.0,6.123233995736766e-17,0.0,0.0,0.0,5.25,9.0,100.0,60.0,-8.15,2.6494832,0.0,-1.35,19.33888889,22.2,22.5,22.35,22.316666666666663,22.2,-19.04437035333333,-0.1240741033333385,0.8206666666666667,-0.6613333333333333,0.744,19.29444444777778,-0.4155555555555552,3.703756,3.6866353,3.7417533,3.6933768,3.6890478,0,0.0,1,1.0,-0.91,22.6,77.4
2023-03-31 06:45:00,71.67435511111199,33.275057827778,33.284224211108,19.33888889,0.744,22.2,1,5.1764362714980825,70.66250196097344,6,4,3,1.0,6.123233995736766e-17,-0.433883739117558,-0.9009688679024191,1.0,6.123233995736766e-17,0.0,0.0,0.0,5.175,8.65,100.0,58.5,-8.225,2.6240373,0.0,-1.125,19.118518556666668,22.466666666666665,22.2,22.5,22.35,22.65,-18.59488889,0.1351852033333358,0.5846666666666667,0.1593333333333333,0.1826666666666666,19.290123455555555,0.0806666666666671,3.6890478,3.703756,3.6866353,3.7417533,3.715277,0,0.0,1,1.0,-0.88,21.5,78.5
2023-03-31 07:00:00,182.569641455552,135.33986393889,135.359585433332,19.118518556666668,0.1826666666666666,22.65,2,5.1764362714980825,70.66250196097344,7,4,3,0.9659258262890684,-0.2588190451025206,-0.433883739117558,-0.9009688679024191,1.0,6.123233995736766e-17,0.0,0.0,0.0,5.1,8.3,100.0,57.0,-8.3,2.5970492,0.0,-0.9,19.33888887,22.2,22.466666666666665,22.2,22.5,22.65,-18.93585189,-0.2203703333333315,-0.5613333333333334,0.744,-0.486,19.22037037777778,0.3620000000000004,3.715277,3.6890478,3.703756,3.6866353,3.7638257,0,0.0,1,1.0,-0.93,23.4,76.6
2023-03-31 07:15:00,68.522536772222,21.451364127778,21.456086172222,19.33888887,-0.486,22.65,1,5.1764362714980825,70.66250196097344,7,4,3,0.9659258262890684,-0.2588190451025206,-0.433883739117558,-0.9009688679024191,1.0,6.123233995736766e-17,17.0,4.25,1.4166666666666667,5.875,9.2,100.0,56.25,-8.025,2.6486368,0.0,-0.425,19.196296276666665,22.65,22.2,22.466666666666665,22.2,22.5,-19.82488887,0.2203703133333334,-0.6686666666666666,0.1826666666666666,-0.3253333333333333,19.26543210555556,0.1468888888888893,3.7638257,3.715277,3.6890478,3.703756,3.707633,0,0.0,1,1.0,-0.88,21.4,78.6
2023-03-31 07:30:00,158.949752872222,118.145551772222,118.162773316666,19.196296276666665,-0.3253333333333333,22.5,2,5.1764362714980825,70.66250196097344,7,4,3,0.9659258262890684,-0.2588190451025206,-0.433883739117558,-0.9009688679024191,1.0,6.123233995736766e-17,34.0,12.75,4.25,6.65,10.1,100.0,55.5,-7.75,2.7004123,0.0,0.0499999999999999,19.34444441,22.65,22.65,22.2,22.466666666666665,22.45,-19.52162961,-0.1425925933333367,0.1606666666666666,-0.486,-0.0713333333333333,19.217901234444447,-0.2095555555555551,3.707633,3.7638257,3.715277,3.6890478,3.7318118,0,0.0,1,1.0,-0.92,22.7,77.3
2023-03-31 07:45:00,116.683943572222,71.53852726110999,71.55074902222,19.34444441,-0.0713333333333333,22.45,2,5.1764362714980825,70.66250196097344,7,4,3,0.9659258262890684,-0.2588190451025206,-0.433883739117558,-0.9009688679024191,1.0,6.123233995736766e-17,51.00000000000001,25.5,8.5,7.424999999999999,11.0,100.0,54.75,-7.475,2.7523348,0.0,0.5249999999999998,19.342592576666668,22.5,22.65,22.65,22.2,22.216666666666665,-19.41577774333333,0.1481481333333327,0.254,-0.3253333333333333,0.584,19.293209852222223,-0.2942222222222218,3.7318118,3.707633,3.7638257,3.715277,3.6926224,0,0.0,0,1.0,-0.88,21.4,78.6
2023-03-31 08:00:00,112.28523066111,65.0598975,65.070730449998,19.342592576666668,0.584,22.216666666666665,1,5.1764362714980825,70.66250196097344,8,4,3,0.8660254037844387,-0.4999999999999998,-0.433883739117558,-0.9009688679024191,1.0,6.123233995736766e-17,68.0,42.5,14.166666666666666,8.2,11.9,100.0,54.0,-7.2,2.8043628,0.0,1.0,19.26111113,22.45,22.5,22.65,22.65,22.45,-18.75859257666667,-0.0018518333333297,0.6553333333333333,-0.0713333333333333,1.278,19.29444442111111,0.0624444444444448,3.6926224,3.7318118,3.707633,3.7638257,3.713546,0,0.0,1,1.0,-0.88,21.5,78.5
2023-03-31 08:15:00,135.311531788888,93.7779154,93.79319262222,19.26111113,1.278,22.45,2,5.1764362714980825,70.66250196097344,8,4,3,0.8660254037844387,-0.4999999999999998,-0.433883739117558,-0.9009688679024191,1.0,6.123233995736766e-17,97.5,62.625,22.291666666666668,7.924999999999999,13.15,100.0,51.25,-7.275,2.8058002,0.0,1.775,19.372222188333332,22.216666666666665,22.45,22.5,22.65,22.216666666666665,-17.98311113,-0.0814814466666682,0.6940000000000001,0.584,2.26,19.316049372222224,0.5968888888888894,3.713546,3.6926224,3.7318118,3.707633,3.699068,0,0.0,1,1.0,-0.9,22.2,77.8
2023-03-31 08:30:00,256.971109727774,33.619766255556,33.628932638886,19.372222188333332,2.26,22.216666666666665,1,5.1764362714980825,70.66250196097344,8,4,3,0.8660254037844387,-0.4999999999999998,-0.433883739117558,-0.9009688679024191,1.0,6.123233995736766e-17,127.0,85.875,32.875,7.649999999999999,14.4,100.0,48.5,-7.35,2.798198,0.0,2.55,19.188888875,22.45,22.216666666666665,22.45,22.5,22.85,-17.112222188333334,0.1111110583333356,0.9819999999999998,1.278,2.630666666666667,19.32530863166667,1.3740000000000006,3.699068,3.713546,3.6926224,3.7318118,3.763663,0,0.0,1,1.0,-0.88,21.2,78.8
2023-03-31 08:45:00,256.310858438882,126.5932694,126.61160208333,19.188888875,2.630666666666667,22.85,2,5.1764362714980825,70.66250196097344,8,4,3,0.8660254037844387,-0.4999999999999998,-0.433883739117558,-0.9009688679024191,1.0,6.123233995736766e-17,156.5,112.25,45.91666666666666,7.375,15.65,100.0,45.75,-7.425,2.7807014,0.0,3.325,19.34999999333333,22.216666666666665,22.45,22.216666666666665,22.45,23.0,-16.558222208333333,-0.1833333133333354,0.3706666666666671,2.26,3.2626666666666666,19.274074064444445,2.056222222222223,3.763663,3.699068,3.713546,3.6926224,3.8244874,0,0.0,1,1.0,-0.92,22.7,77.3
2023-03-31 09:00:00,47.413659011108,0.0,0.0,19.34999999333333,3.2626666666666666,23.0,0,5.1764362714980825,70.66250196097344,9,4,3,0.7071067811865476,-0.7071067811865475,-0.433883739117558,-0.9009688679024191,1.0,6.123233995736766e-17,186.0,141.75,61.41666666666666,7.1,16.9,100.0,43.0,-7.5,2.7524054,0.0,4.1,19.16111113,22.85,22.216666666666665,22.45,22.216666666666665,23.05,-16.087333326666663,0.1611111183333307,0.6319999999999997,2.630666666666667,2.7666666666666666,19.30370368555556,2.717777777777778,3.8244874,3.763663,3.699068,3.713546,3.7903953,1,1.0,1,0.75,-0.88,21.3,78.7
2023-03-31 09:15:00,158.44088436111,115.190947727778,115.209002638886,19.16111113,2.7666666666666666,23.05,2,5.1764362714980825,70.66250196097344,9,4,3,0.7071067811865476,-0.7071067811865475,-0.433883739117558,-0.9009688679024191,1.0,6.123233995736766e-17,212.75,170.5625,79.14583333333333,7.425,17.9,100.0,42.75,-7.025,2.8335228,0.0,4.625,19.30370372333333,23.0,22.85,22.216666666666665,22.45,23.466666666666665,-16.394444463333333,-0.1888888633333323,-0.496,3.2626666666666666,3.2186666666666666,19.23333333277778,2.8866666666666667,3.7903953,3.8244874,3.763663,3.699068,3.8914654,0,1.0,1,0.75,-0.92,22.9,77.1
2023-03-31 09:30:00,77.50495524444399,33.113953172222,33.121175149998,19.30370372333333,3.2186666666666666,23.466666666666665,1,5.1764362714980825,70.66250196097344,9,4,3,0.7071067811865476,-0.7071067811865475,-0.433883739117558,-0.9009688679024191,1.0,6.123233995736766e-17,239.5,198.6875,99.10416666666669,7.75,18.9,100.0,42.5,-6.55,2.9164891,0.0,5.15,19.21666669,23.05,23.0,22.85,22.216666666666665,23.55,-16.085037056666668,0.1425925933333367,0.4519999999999999,2.7666666666666666,3.828,19.27160494888889,3.082666666666667,3.8914654,3.7903953,3.8244874,3.763663,3.8853152,0,1.0,1,0.75,-0.89,21.6,78.4
2023-03-31 09:45:00,105.992982494438,58.769871344444,58.781537611108,19.21666669,3.828,23.55,1,5.1764362714980825,70.66250196097344,9,4,3,0.7071067811865476,-0.7071067811865475,-0.433883739117558,-0.9009688679024191,1.0,6.123233995736766e-17,266.25,226.125,121.29166666666669,8.075,19.9,100.0,42.25,-6.074999999999999,3.0013278,0.0,5.675,19.13333332333333,23.466666666666665,23.05,23.0,22.85,23.966666666666665,-15.38866669,-0.0870370333333347,0.6093333333333337,3.2186666666666666,4.124,19.22716051444445,3.271111111111112,3.8853152,3.8914654,3.7903953,3.8244874,3.934686,0,1.0,0,0.75,-0.91,22.3,77.7
2023-03-31 10:00:00,135.288199438886,93.050444483334,93.065721738886,19.13333332333333,4.124,23.966666666666665,2,5.1764362714980825,70.66250196097344,10,4,3,0.4999999999999999,-0.8660254037844387,-0.433883739117558,-0.9009688679024191,1.0,6.123233995736766e-17,293.0,252.875,145.70833333333334,8.4,20.9,100.0,42.0,-5.6,3.088064,0.0,6.2,19.30555553,23.55,23.466666666666665,23.05,23.0,23.65,-15.009333323333331,-0.0833333666666682,0.2959999999999994,3.828,4.617333333333333,19.21790124555556,3.723555555555556,3.934686,3.8853152,3.8914654,3.7903953,3.9222946,0,0.0,1,1.0,-0.92,23.0,77.0
2023-03-31 10:15:00,49.578294555556,0.0,0.0,19.30555553,4.617333333333333,23.65,0,5.1764362714980825,70.66250196097344,10,4,3,0.4999999999999999,-0.8660254037844387,-0.433883739117558,-0.9009688679024191,1.0,6.123233995736766e-17,272.0,267.6875,166.95833333333334,8.525,21.25,100.0,42.75,-5.3,3.1638322,0.0,6.3,19.07407411333333,23.966666666666665,23.55,23.466666666666665,23.05,23.683333333333334,-14.688222196666668,0.1722222066666674,0.4933333333333332,4.124,5.763333333333334,19.218518514444444,4.1897777777777785,3.9222946,3.934686,3.8853152,3.8914654,3.874606,1,1.0,1,0.75,-0.88,21.5,78.5
2023-03-31 10:30:00,165.414494355552,115.827588927778,115.845366049998,19.07407411333333,5.763333333333334,23.683333333333334,2,5.1764362714980825,70.66250196097344,10,4,3,0.4999999999999999,-0.8660254037844387,-0.433883739117558,-0.9009688679024191,1.0,6.123233995736766e-17,251.0,270.5625,185.04166666666663,8.65,21.6,100.0,43.5,-5.0,3.2404447,0.0,6.4,19.27222224,23.65,23.966666666666665,23.55,23.466666666666665,23.95,-13.31074078,-0.2314814166666643,1.1460000000000008,4.617333333333333,6.2860000000000005,19.17098765555556,4.834888888888889,3.874606,3.9222946,3.934686,3.8853152,3.9642603,0,1.0,1,0.75,-0.94,23.5,76.5
2023-03-31 10:45:00,54.947801950002,13.29057943889,13.295857077776,19.27222224,6.2860000000000005,23.95,1,5.1764362714980825,70.66250196097344,10,4,3,0.4999999999999999,-0.8660254037844387,-0.433883739117558,-0.9009688679024191,1.0,6.123233995736766e-17,230.0,261.5,199.95833333333331,8.775,21.95,100.0,44.25,-4.7,3.3179078,0.0,6.5,19.15185184,23.683333333333334,23.65,23.966666666666665,23.55,23.53333333333333,-12.98622224,0.1981481266666662,0.5226666666666668,5.763333333333334,6.548666666666667,19.21728396111111,5.555555555555556,3.9642603,3.874606,3.9222946,3.934686,3.8677635,0,1.0,1,0.75,-0.89,21.7,78.3
2023-03-31 11:00:00,104.670813,62.979425155556,62.990813633332,19.15185184,6.548666666666667,23.53333333333333,1,5.1764362714980825,70.66250196097344,11,4,3,0.258819045102521,-0.9659258262890682,-0.433883739117558,-0.9009688679024191,1.0,6.123233995736766e-17,209.0,240.5,211.70833333333331,8.9,22.3,100.0,45.0,-4.4,3.396228,0.0,6.6,19.13333335,23.95,23.683333333333334,23.65,23.966666666666665,23.8,-12.603185173333332,-0.1203704000000023,0.2626666666666661,6.2860000000000005,6.974,19.16604939777778,6.199333333333335,3.8677635,3.9642603,3.874606,3.9222946,3.9073231,0,1.0,0,0.75,-0.92,22.9,77.1
2023-03-31 11:15:00,120.901830499996,61.585314272222,61.594758394442,19.13333335,6.974,23.8,1,5.1764362714980825,70.66250196097344,11,4,3,0.258819045102521,-0.9659258262890682,-0.433883739117558,-0.9009688679024191,1.0,6.123233995736766e-17,205.25,223.8125,220.6875,8.45,22.125,100.0,44.5,-4.4,3.4080873,0.0,6.824999999999999,19.24074072,23.53333333333333,23.95,23.683333333333334,23.65,23.53333333333333,-12.15933335,-0.0185184899999981,0.4253333333333335,6.548666666666667,7.531333333333333,19.185802476666662,6.602888888888889,3.9073231,3.8677635,3.9642603,3.874606,3.8880758,0,0.0,0,1.0,-0.92,23.0,77.0
2023-03-31 11:30:00,72.853196955552,15.228835255556,15.23300182222,19.24074072,7.531333333333333,23.53333333333333,1,5.1764362714980825,70.66250196097344,11,4,3,0.258819045102521,-0.9659258262890682,-0.433883739117558,-0.9009688679024191,1.0,6.123233995736766e-17,201.5,211.4375,226.89583333333331,8.0,21.950000000000003,100.0,44.0,-4.4,3.4194646,0.0,7.05,18.97777778,23.8,23.53333333333333,23.95,23.683333333333334,24.25,-11.709407386666667,0.1074073700000006,0.5573333333333332,6.974,7.762,19.175308636666667,7.018000000000001,3.8880758,3.9073231,3.8677635,3.9642603,3.9448338,0,0.0,0,1.0,-0.9,22.1,77.9
2023-03-31 11:45:00,152.780277577772,114.756520672222,114.77374228333,18.97777778,7.762,24.25,2,5.1764362714980825,70.66250196097344,11,4,3,0.258819045102521,-0.9659258262890682,-0.433883739117558,-0.9009688679024191,1.0,6.123233995736766e-17,197.75,203.375,230.33333333333331,7.55,21.775,100.0,43.5,-4.4,3.4303436,0.0,7.275,19.198148146666664,23.53333333333333,23.8,23.53333333333333,23.95,24.966666666666665,-11.21577778,-0.2629629400000013,0.230666666666667,7.531333333333333,7.702666666666667,19.11728395,7.422444444444445,3.9448338,3.8880758,3.9073231,3.8677635,4.1145477,0,0.0,1,1.0,-0.96,24.3,75.7
2023-03-31 12:00:00,126.669933,74.140923094446,74.15258936111,19.198148146666664,7.702666666666667,24.966666666666665,2,5.1764362714980825,70.66250196097344,12,4,3,1.2246467991473532e-16,-1.0,-0.433883739117558,-0.9009688679024191,1.0,6.123233995736766e-17,194.0,199.625,231.0,7.1,21.6,100.0,43.0,-4.4,3.440709,0.0,7.5,19.28333335,24.25,23.53333333333333,23.8,23.53333333333333,24.65,-11.495481479999995,0.2203703666666641,-0.059333333333333,7.762,7.511333333333334,19.138888882222226,7.665333333333334,4.1145477,3.9448338,3.8880758,3.9073231,4.082796,0,0.0,0,1.0,-0.9,22.2,77.8
2023-03-31 12:15:00,145.601675749998,0.0,0.0,19.28333335,7.511333333333334,24.65,0,5.1764362714980825,70.66250196097344,12,4,3,1.2246467991473532e-16,-1.0,-0.433883739117558,-0.9009688679024191,1.0,6.123233995736766e-17,187.5,195.1875,228.89583333333331,7.725,21.05,100.0,41.25,-4.65,3.3707602,0.05,7.825,18.99814813333333,24.966666666666665,24.25,23.53333333333333,23.8,25.416666666666668,-11.772000016666668,0.0851852033333351,-0.1913333333333335,7.702666666666667,8.463333333333333,19.153086425555557,7.658666666666669,4.082796,4.1145477,3.9448338,3.8880758,4.139594,1,1.0,1,0.75,-0.88,21.5,78.5
2023-03-31 12:30:00,388.938608549998,56.641345388888,56.655789277776,18.99814813333333,8.463333333333333,25.416666666666668,1,5.1764362714980825,70.66250196097344,12,4,3,1.2246467991473532e-16,-1.0,-0.433883739117558,-0.9009688679024191,1.0,6.123233995736766e-17,181.0,190.0625,224.02083333333331,8.35,20.5,100.0,39.5,-4.9,3.296106,0.1,8.15,19.01666668,24.65,24.966666666666665,24.25,23.53333333333333,28.95,-10.5348148,-0.2851852166666653,0.9519999999999992,7.511333333333334,8.937999999999999,19.159876543333336,7.892444444444446,4.139594,4.082796,4.1145477,3.9448338,4.7202215,0,1.0,1,0.75,-0.95,23.9,76.1
2023-03-31 12:45:00,346.132820933328,16.846826116666,16.876824999996,19.01666668,8.937999999999999,28.95,1,5.1764362714980825,70.66250196097344,12,4,3,1.2246467991473532e-16,-1.0,-0.433883739117558,-0.9009688679024191,1.0,6.123233995736766e-17,174.5,184.25,216.375,8.975,19.95,100.0,37.75,-5.15,3.2165992,0.15,8.475000000000001,18.942592583333333,25.416666666666668,24.65,24.966666666666665,24.25,28.6,-10.07866668,0.0185185466666659,0.4746666666666659,8.463333333333333,9.262,19.099382721111112,8.304222222222222,4.7202215,4.139594,4.082796,4.1145477,4.642809,0,1.0,0,0.75,-0.92,23.0,77.0
2023-03-31 13:00:00,758.19855976111,24.552628972222,24.575405877776,18.942592583333333,9.262,28.6,1,5.1764362714980825,70.66250196097344,13,4,3,-0.2588190451025208,-0.9659258262890684,-0.433883739117558,-0.9009688679024191,1.0,6.123233995736766e-17,168.0,177.75,205.95833333333331,9.6,19.4,100.0,36.0,-5.4,3.1320913,0.2,8.8,18.70555557,28.95,25.416666666666668,24.65,24.966666666666665,29.15,-9.680592583333333,-0.074074096666667,0.3240000000000016,8.937999999999999,9.299333333333331,18.98580246555556,8.887777777777778,4.642809,4.7202215,4.139594,4.082796,4.6662636,0,1.0,0,0.75,-0.94,23.7,76.3
2023-03-31 13:15:00,513.353354027774,0.0,0.0,18.70555557,9.299333333333331,29.15,0,5.1764362714980825,70.66250196097344,13,4,3,-0.2588190451025208,-0.9659258262890684,-0.433883739117558,-0.9009688679024191,1.0,6.123233995736766e-17,154.5,169.5,196.16666666666663,11.65,22.925,100.0,38.5,-4.7,3.322875,0.2,8.675,18.54259262,28.6,28.95,25.416666666666668,24.65,29.03333333333333,-9.406222236666668,-0.2370370133333317,0.0373333333333327,9.262,9.189333333333334,18.88827161111111,9.166444444444446,4.6662636,4.642809,4.7202215,4.139594,4.6029706,1,1.0,1,0.75,-0.99,25.8,74.2
2023-03-31 13:30:00,116.604780005558,0.0,0.0,18.54259262,9.189333333333334,29.03333333333333,0,5.1764362714980825,70.66250196097344,13,4,3,-0.2588190451025208,-0.9659258262890684,-0.433883739117558,-0.9009688679024191,1.0,6.123233995736766e-17,141.0,159.5,187.0,13.7,26.45,100.0,41.0,-4.0,3.5103865,0.2,8.55,18.41111112,29.15,28.6,28.95,25.416666666666668,28.6,-9.353259286666669,-0.1629629500000007,-0.1099999999999994,9.299333333333331,9.122000000000002,18.730246924444447,9.250222222222224,4.6029706,4.6662636,4.642809,4.7202215,4.4990773,0,2.0,0,0.5,-1.03,27.4,72.6
2023-03-31 13:45:00,104.974967450002,0.0,0.0,18.41111112,9.122000000000002,28.6,0,5.1764362714980825,70.66250196097344,13,4,3,-0.2588190451025208,-0.9659258262890684,-0.433883739117558,-0.9009688679024191,1.0,6.123233995736766e-17,127.5,147.75,178.45833333333334,15.75,29.975,100.0,43.5,-3.3000000000000003,3.694661,0.2,8.425,18.24444447,29.03333333333333,29.15,28.6,28.95,28.03333333333333,-9.289111119999996,-0.1314815000000031,-0.0673333333333321,9.189333333333334,8.51,18.55308643666667,9.203555555555557,4.4990773,4.6029706,4.6662636,4.642809,4.36654,0,3.0,0,0.25,-1.06,28.8,71.2
2023-03-31 14:00:00,794.379890333328,19.829206833332,19.83476224444,18.24444447,8.51,28.03333333333333,1,5.1764362714980825,70.66250196097344,14,4,3,-0.4999999999999997,-0.8660254037844388,-0.433883739117558,-0.9009688679024191,1.0,6.123233995736766e-17,114.0,134.25,170.54166666666666,17.8,33.5,100.0,46.0,-2.6,3.875733,0.2,8.3,18.13888889,28.6,29.03333333333333,29.15,28.6,28.45,-9.73444447,-0.1666666499999962,-0.6120000000000019,9.122000000000002,7.932666666666666,18.39938273666667,8.940444444444447,4.36654,4.4990773,4.6029706,4.6662636,4.403746,0,3.0,1,0.25,-1.1,30.7,69.3
2023-03-31 14:15:00,209.053304299996,109.545340244444,109.555617616666,18.13888889,7.932666666666666,28.45,2,5.1764362714980825,70.66250196097344,14,4,3,-0.4999999999999997,-0.8660254037844388,-0.433883739117558,-0.9009688679024191,1.0,6.123233995736766e-17,109.75,123.0625,162.58333333333334,17.8,34.475,100.0,59.25,-0.8999999999999999,4.6875362,0.55,7.325000000000001,18.316666653333336,28.03333333333333,28.6,29.03333333333333,29.15,29.616666666666667,-10.20622222333333,-0.1055555800000043,-0.5773333333333337,8.51,7.458,18.26481482666667,8.521555555555556,4.403746,4.36654,4.4990773,4.6029706,4.6329823,0,2.0,1,0.5,-1.13,31.7,68.3
2023-03-31 14:30:00,154.650480366668,62.742767972222,62.749434388888,18.316666653333336,7.458,29.616666666666667,1,5.1764362714980825,70.66250196097344,14,4,3,-0.4999999999999997,-0.8660254037844388,-0.433883739117558,-0.9009688679024191,1.0,6.123233995736766e-17,105.5,114.1875,154.58333333333334,17.8,35.45,100.0,72.5,0.8000000000000003,5.3831267,0.9000000000000001,6.3500000000000005,18.41111112,28.45,28.03333333333333,28.6,29.03333333333333,30.4,-10.858666653333335,0.1777777633333386,-0.4746666666666659,7.932666666666666,7.461333333333333,18.23333333777778,7.966888888888889,4.6329823,4.403746,4.36654,4.4990773,4.782236,0,1.0,1,0.75,-1.08,29.6,70.4
2023-03-31 14:45:00,253.368198249998,0.0,0.0,18.41111112,7.461333333333333,30.4,0,5.1764362714980825,70.66250196097344,14,4,3,-0.4999999999999997,-0.8660254037844388,-0.433883739117558,-0.9009688679024191,1.0,6.123233995736766e-17,101.25,107.625,146.54166666666666,17.8,36.425,100.0,85.75,2.5000000000000004,5.972397,1.25,5.375,18.24444447,29.616666666666667,28.45,28.03333333333333,28.6,31.15,-10.949777786666663,0.0944444666666619,0.0033333333333329,7.458,7.674,18.288888887777777,7.617333333333334,4.782236,4.6329823,4.403746,4.36654,4.8519998,1,1.0,1,0.75,-1.05,28.4,71.6
2023-03-31 15:00:00,242.959170277772,0.0,0.0,18.24444447,7.674,31.15,0,5.1764362714980825,70.66250196097344,15,4,3,-0.7071067811865471,-0.7071067811865479,-0.433883739117558,-0.9009688679024191,1.0,6.123233995736766e-17,97.0,103.375,138.45833333333334,17.8,37.4,100.0,99.0,4.2,6.464612,1.6,4.4,18.12222223,30.4,29.616666666666667,28.45,28.03333333333333,31.9,-10.570444470000002,-0.1666666499999962,0.2126666666666672,7.461333333333333,7.734,18.324074081111117,7.531111111111111,4.8519998,4.782236,4.6329823,4.403746,4.9328794,0,2.0,0,0.5,-1.09,30.0,70.0
2023-03-31 15:15:00,149.07903668333,25.486480466668,25.493980216666,18.12222223,7.734,31.9,1,5.1764362714980825,70.66250196097344,15,4,3,-0.7071067811865471,-0.7071067811865479,-0.433883739117558,-0.9009688679024191,1.0,6.123233995736766e-17,107.5,102.8125,131.79166666666666,18.325,38.95,100.0,99.0,4.3,6.5076694,1.5,4.5,18.14074077333333,31.15,30.4,29.616666666666667,28.45,32.65,-10.388222229999998,-0.1222222400000028,0.0599999999999996,7.674,7.634,18.25925927333333,7.623111111111112,4.9328794,4.8519998,4.782236,4.6329823,5.0544157,0,2.0,1,0.5,-1.11,31.1,68.9
2023-03-31 15:30:00,172.245054355556,71.567414972222,71.578525711108,18.14074077333333,7.634,32.65,2,5.1764362714980825,70.66250196097344,15,4,3,-0.7071067811865471,-0.7071067811865479,-0.433883739117558,-0.9009688679024191,1.0,6.123233995736766e-17,118.0,105.9375,126.54166666666669,18.85,40.5,100.0,99.0,4.4,6.5509763,1.4,4.6,18.30555554,31.9,31.15,30.4,29.616666666666667,33.05,-10.506740773333334,0.0185185433333359,-0.0999999999999996,7.734,7.519333333333333,18.16913582444445,7.680666666666667,5.0544157,4.9328794,4.8519998,4.782236,5.1666574,0,2.0,1,0.5,-1.1,30.7,69.3
2023-03-31 15:45:00,172.818364922216,0.0,0.0,18.30555554,7.519333333333333,33.05,0,5.1764362714980825,70.66250196097344,15,4,3,-0.7071067811865471,-0.7071067811865479,-0.433883739117558,-0.9009688679024191,1.0,6.123233995736766e-17,128.5,112.75,122.70833333333331,19.375,42.05,100.0,99.0,4.5,6.594536,1.3,4.7,18.168518520000003,32.65,31.9,31.15,30.4,33.46666666666667,-10.786222206666668,0.1648147666666659,-0.1146666666666673,7.634,7.664666666666666,18.189506181111117,7.629111111111111,5.1666574,5.0544157,4.9328794,4.8519998,5.1893973,1,2.0,1,0.5,-1.06,28.9,71.1
2023-03-31 16:00:00,134.348792549998,0.0,0.0,18.168518520000003,7.664666666666666,33.46666666666667,0,5.1764362714980825,70.66250196097344,16,4,3,-0.8660254037844385,-0.5000000000000004,-0.433883739117558,-0.9009688679024191,1.0,6.123233995736766e-17,139.0,123.25,120.29166666666669,19.9,43.6,100.0,99.0,4.6,6.638348,1.2,4.8,18.033333350000003,33.05,32.65,31.9,31.15,33.85,-10.503851853333336,-0.1370370199999975,0.1453333333333333,7.519333333333333,7.725333333333333,18.20493827777778,7.606000000000001,5.1893973,5.1666574,5.0544157,4.9328794,5.206831,0,2.0,0,0.5,-1.09,30.2,69.8
2023-03-31 16:15:00,180.994704372222,89.808629711112,89.821684772222,18.033333350000003,7.725333333333333,33.85,2,5.1764362714980825,70.66250196097344,16,4,3,-0.8660254037844385,-0.5000000000000004,-0.433883739117558,-0.9009688679024191,1.0,6.123233995736766e-17,116.75,125.5625,117.14583333333331,20.075,43.15,100.0,97.0,4.425,6.547416,1.0,4.9,18.23703706,33.46666666666667,33.05,32.65,31.9,34.0,-10.30800001666667,-0.1351851699999997,0.060666666666667,7.664666666666666,7.909333333333333,18.169135803333337,7.636444444444446,5.206831,5.1893973,5.1666574,5.0544157,5.2935944,0,2.0,1,0.5,-1.12,31.6,68.4
2023-03-31 16:30:00,403.786903494442,43.881300227778,43.89129986111,18.23703706,7.909333333333333,34.0,1,5.1764362714980825,70.66250196097344,16,4,3,-0.8660254037844385,-0.5000000000000004,-0.433883739117558,-0.9009688679024191,1.0,6.123233995736766e-17,94.5,119.6875,113.27083333333331,20.25,42.7,100.0,95.0,4.25,6.45495,0.8,5.0,18.29444446,33.85,33.46666666666667,33.05,32.65,34.35,-10.327703726666666,0.2037037099999956,0.1840000000000001,7.725333333333333,8.05,18.146296310000004,7.766444444444446,5.2935944,5.206831,5.1893973,5.1666574,5.3663445,0,2.0,1,0.5,-1.08,29.4,70.6
2023-03-31 16:45:00,104.174999433336,0.0,0.0,18.29444446,8.05,34.35,0,5.1764362714980825,70.66250196097344,16,4,3,-0.8660254037844385,-0.5000000000000004,-0.433883739117558,-0.9009688679024191,1.0,6.123233995736766e-17,72.25,105.625,108.66666666666669,20.425,42.25,100.0,93.0,4.075,6.360934,0.6,5.1,18.081481476666667,34.0,33.85,33.46666666666667,33.05,34.68333333333333,-10.24444446,0.0574074000000024,0.1406666666666671,7.909333333333333,8.164,18.188271623333332,7.89488888888889,5.3663445,5.2935944,5.206831,5.1893973,5.35031,1,2.0,1,0.5,-1.06,28.7,71.3
2023-03-31 17:00:00,92.755734055556,0.0,0.0,18.081481476666667,8.164,34.68333333333333,0,5.1764362714980825,70.66250196097344,17,4,3,-0.9659258262890684,-0.2588190451025206,-0.433883739117558,-0.9009688679024191,1.0,6.123233995736766e-17,50.0,83.375,103.33333333333331,20.6,41.8,100.0,91.0,3.9,6.265354,0.4,5.2,17.966666640000003,34.35,34.0,33.85,33.46666666666667,35.05,-9.917481476666667,-0.2129629833333339,0.1139999999999989,8.05,8.188666666666666,18.20432099888889,8.041111111111112,5.35031,5.3663445,5.2935944,5.206831,5.3700767,0,2.0,0,0.5,-1.11,30.9,69.1
2023-03-31 17:15:00,161.059112911112,72.751534255556,72.760978327778,17.966666640000003,8.188666666666666,35.05,2,5.1764362714980825,70.66250196097344,17,4,3,-0.9659258262890684,-0.2588190451025206,-0.433883739117558,-0.9009688679024191,1.0,6.123233995736766e-17,49.5,66.5625,98.3125,19.65,41.7,100.0,90.5,3.95,6.2928557,0.325,5.35,18.11851850333333,34.68333333333333,34.35,34.0,33.85,35.28333333333333,-9.777999973333335,-0.1148148366666639,0.0246666666666666,8.164,8.130666666666666,18.11419752555556,8.134222222222222,5.3700767,5.35031,5.3663445,5.2935944,5.4548626,0,2.0,1,0.5,-1.13,32.0,68.0
2023-03-31 17:30:00,177.60761776110598,80.694549888888,80.705660611108,18.11851850333333,8.130666666666666,35.28333333333333,2,5.1764362714980825,70.66250196097344,17,4,3,-0.9659258262890684,-0.2588190451025206,-0.433883739117558,-0.9009688679024191,1.0,6.123233995736766e-17,49.0,55.1875,93.60416666666669,18.700000000000003,41.6,100.0,90.0,4.0,6.3202076,0.25,5.5,18.31666664,35.05,34.68333333333333,34.35,34.0,35.35,-9.987851836666668,0.1518518633333307,-0.0579999999999998,8.188666666666666,8.016,18.05555554,8.161111111111111,5.4548626,5.3700767,5.35031,5.3663445,5.529856,0,2.0,0,0.5,-1.1,30.3,69.7
2023-03-31 17:45:00,88.025923355552,0.0,0.0,18.31666664,8.016,35.35,0,5.1764362714980825,70.66250196097344,17,4,3,-0.9659258262890684,-0.2588190451025206,-0.433883739117558,-0.9009688679024191,1.0,6.123233995736766e-17,48.5,49.25,89.20833333333333,17.75,41.5,100.0,89.5,4.05,6.3474054,0.175,5.65,18.11666668333333,35.28333333333333,35.05,34.68333333333333,34.35,35.68333333333333,-10.30066664,0.198148136666667,-0.1146666666666664,8.130666666666666,7.784666666666666,18.13395059444445,8.111777777777778,5.529856,5.4548626,5.3700767,5.35031,5.5160956,1,2.0,1,0.5,-1.05,28.3,71.7
2023-03-31 18:00:00,102.282019655556,30.303232272222,30.311009811108,18.11666668333333,7.784666666666666,35.68333333333333,1,5.1764362714980825,70.66250196097344,18,4,3,-1.0,-1.8369701987210294e-16,-0.433883739117558,-0.9009688679024191,1.0,6.123233995736766e-17,48.0,48.75,85.125,16.8,41.4,100.0,89.0,4.1,6.374442,0.1,5.8,18.06666669,35.35,35.28333333333333,35.05,34.68333333333333,36.0,-10.332000016666669,-0.1999999566666659,-0.2313333333333336,8.016,8.093333333333334,18.18395060888889,7.977111111111111,5.5160956,5.529856,5.4548626,5.3700767,5.5485325,0,1.0,1,0.75,-1.09,30.3,69.7
2023-03-31 18:15:00,191.654000333328,113.0904762,113.105197894442,18.06666669,8.093333333333334,36.0,2,5.1764362714980825,70.66250196097344,18,4,3,-1.0,-1.8369701987210294e-16,-0.433883739117558,-0.9009688679024191,1.0,6.123233995736766e-17,38.5,46.0,79.375,16.575,39.5,100.0,89.25,4.15,6.3923483,0.25,5.8,18.294444436666662,35.68333333333333,35.35,35.28333333333333,35.05,36.0,-9.973333356666664,-0.049999993333337,0.3086666666666673,7.784666666666666,8.247333333333334,18.166666671111116,7.964666666666669,5.5485325,5.5160956,5.529856,5.4548626,5.624117,0,1.0,1,0.75,-1.1,30.7,69.3
2023-03-31 18:30:00,233.599266755556,0.0,0.0,18.294444436666662,8.247333333333334,36.0,0,5.1764362714980825,70.66250196097344,18,4,3,-1.0,-1.8369701987210294e-16,-0.433883739117558,-0.9009688679024191,1.0,6.123233995736766e-17,29.0,41.0,71.95833333333333,16.35,37.6,100.0,89.5,4.199999999999999,6.4102535,0.4,5.8,18.18888892,36.0,35.68333333333333,35.35,35.28333333333333,36.55,-10.047111103333332,0.2277777466666677,0.1539999999999999,8.093333333333334,8.265333333333334,18.159259270000003,8.04177777777778,5.624117,5.5485325,5.5160956,5.529856,5.674366,1,2.0,1,0.5,-1.05,28.4,71.6
2023-03-31 18:45:00,1804.219217077784,23.467672322224,23.482393966668,18.18888892,8.265333333333334,36.55,1,5.1764362714980825,70.66250196097344,18,4,3,-1.0,-1.8369701987210294e-16,-0.433883739117558,-0.9009688679024191,1.0,6.123233995736766e-17,19.5,33.75,62.875,16.125,35.7,100.0,89.75,4.25,6.428159,0.55,5.8,18.16481483,36.0,36.0,35.68333333333333,35.35,39.28333333333333,-9.923555586666666,-0.1055555166666657,0.0180000000000006,8.247333333333334,8.131333333333334,18.18333334888889,8.202000000000002,5.674366,5.624117,5.5485325,5.5160956,6.089998,0,1.0,1,0.75,-1.07,29.3,70.7
2023-03-31 19:00:00,2164.049267916666,48.063910733332,48.083354422220005,18.16481483,8.131333333333334,39.28333333333333,1,5.1764362714980825,70.66250196097344,19,4,3,-0.9659258262890684,0.2588190451025203,-0.433883739117558,-0.9009688679024191,1.0,6.123233995736766e-17,10.0,24.25,52.125,15.9,33.8,100.0,90.0,4.3,6.446065,0.7,5.8,18.511111130000003,36.55,36.0,36.0,35.68333333333333,47.15,-10.033481496666669,-0.0240740899999991,-0.1340000000000003,8.265333333333334,7.853333333333333,18.21604939555556,8.214666666666668,6.089998,5.674366,5.624117,5.5485325,7.461276,0,1.0,0,0.75,-1.07,29.0,71.0
2023-03-31 19:15:00,2429.271714111112,0.0,0.0,18.511111130000003,7.853333333333333,47.15,0,5.1764362714980825,70.66250196097344,19,4,3,-0.9659258262890684,0.2588190451025203,-0.433883739117558,-0.9009688679024191,1.0,6.123233995736766e-17,7.75,16.5625,43.04166666666666,16.375,34.525,100.0,90.75,4.6,6.574827,0.825,5.975,18.84444446,39.28333333333333,36.55,36.0,36.0,53.95,-10.65777779666667,0.3462963000000023,-0.2780000000000004,8.131333333333334,7.738,18.28827162666667,8.083333333333336,7.461276,6.089998,5.674366,5.624117,8.707399,1,2.0,1,0.5,-0.94,23.8,76.2
2023-03-31 19:30:00,1567.394246172222,0.0,0.0,18.84444446,7.738,53.95,0,5.1764362714980825,70.66250196097344,19,4,3,-0.9659258262890684,0.2588190451025203,-0.433883739117558,-0.9009688679024191,1.0,6.123233995736766e-17,5.5,10.6875,35.625,16.85,35.25,100.0,91.5,4.9,6.7055917,0.95,6.15,19.03333336,47.15,39.28333333333333,36.55,36.0,51.325,-11.10644446,0.333333329999995,-0.115333333333333,7.853333333333333,7.638666666666666,18.506790140000003,7.907555555555557,8.707399,7.461276,6.089998,5.674366,8.376639,0,2.0,0,0.5,-0.83,19.6,80.4
2023-03-31 19:45:00,229.507486116662,0.0,0.0,19.03333336,7.638666666666666,51.325,0,5.1764362714980825,70.66250196097344,19,4,3,-0.9659258262890684,0.2588190451025203,-0.433883739117558,-0.9009688679024191,1.0,6.123233995736766e-17,3.25,6.625,29.875,17.325,35.975,100.0,92.25,5.2,6.8383837,1.075,6.325,18.98333332,53.95,47.15,39.28333333333333,36.55,47.575,-11.394666693333331,0.1888888999999984,-0.0993333333333339,7.738,7.606,18.796296316666663,7.743333333333335,8.376639,8.707399,7.461276,6.089998,7.7417336,0,3.0,0,0.25,-0.8,18.5,81.5
2023-03-31 20:00:00,316.412898527778,0.0,0.0,18.98333332,7.606,47.575,0,5.1764362714980825,70.66250196097344,20,4,3,-0.8660254037844386,0.5000000000000001,-0.433883739117558,-0.9009688679024191,1.0,6.123233995736766e-17,1.0,4.375,25.791666666666668,17.8,36.7,100.0,93.0,5.5,6.9732294,1.2,6.5,18.85555552,51.325,53.95,47.15,39.28333333333333,46.4,-11.37733332,-0.0500000399999969,-0.0326666666666666,7.638666666666666,7.678666666666667,18.953703713333333,7.66088888888889,7.7417336,8.376639,8.707399,7.461276,7.493766,0,4.0,0,0.0,-0.83,19.6,80.4
2023-03-31 20:15:00,1328.859621288888,0.0,0.0,18.85555552,7.678666666666667,46.4,0,5.1764362714980825,70.66250196097344,20,4,3,-0.8660254037844386,0.5000000000000001,-0.433883739117558,-0.9009688679024191,1.0,6.123233995736766e-17,0.75,2.625,21.729166666666668,17.925,36.875,100.0,94.5,5.725,7.0857015,0.975,6.5,18.709259256666662,47.575,51.325,53.95,47.15,46.96666666666667,-11.176888853333333,-0.1277778000000005,0.0726666666666675,7.606,7.831333333333333,18.9574074,7.641111111111113,7.493766,7.7417336,8.376639,8.707399,7.5199614,0,4.0,0,0.0,-0.87,20.9,79.1
2023-03-31 20:30:00,778.262757027782,0.0,0.0,18.709259256666662,7.831333333333333,46.96666666666667,0,5.1764362714980825,70.66250196097344,20,4,3,-0.8660254037844386,0.5000000000000001,-0.433883739117558,-0.9009688679024191,1.0,6.123233995736766e-17,0.5,1.375,17.6875,18.05,37.05,100.0,96.0,5.95,7.198173,0.75,6.5,18.58333337,46.4,47.575,51.325,53.95,46.6,-10.877925923333333,-0.1462962633333333,0.1526666666666658,7.678666666666667,7.921333333333333,18.84938269888889,7.705333333333335,7.5199614,7.493766,7.7417336,8.376639,7.4058547,0,4.0,0,0.0,-0.9,22.1,77.9
2023-03-31 20:45:00,156.660122161114,0.0,0.0,18.58333337,7.921333333333333,46.6,0,5.1764362714980825,70.66250196097344,20,4,3,-0.8660254037844386,0.5000000000000001,-0.433883739117558,-0.9009688679024191,1.0,6.123233995736766e-17,0.25,0.625,13.666666666666666,18.175,37.225,100.0,97.5,6.175000000000001,7.3106437,0.525,6.5,18.46296297,46.96666666666667,46.4,47.575,51.325,46.03333333333333,-10.662000036666663,-0.1259258866666677,0.0899999999999998,7.831333333333333,8.057333333333334,18.71604938222222,7.810444444444446,7.4058547,7.5199614,7.493766,7.7417336,7.2638154,0,4.0,0,0.0,-0.93,23.3,76.7
2023-03-31 21:00:00,970.20313482222,0.0,0.0,18.46296297,8.057333333333334,46.03333333333333,0,5.1764362714980825,70.66250196097344,21,4,3,-0.7071067811865477,0.7071067811865474,-0.433883739117558,-0.9009688679024191,1.0,6.123233995736766e-17,0.0,0.375,9.666666666666666,18.3,37.4,100.0,99.0,6.4,7.4231157,0.3,6.5,18.34444443,46.6,46.96666666666667,46.4,47.575,45.6,-10.405629636666664,-0.1203703999999987,0.136000000000001,7.921333333333333,8.053333333333333,18.58518519888889,7.936666666666667,7.2638154,7.4058547,7.5199614,7.493766,7.1450453,0,4.0,0,0.0,-0.96,24.5,75.5
2023-03-31 21:15:00,361.37693326111,0.0,0.0,18.34444443,8.053333333333333,45.6,0,5.1764362714980825,70.66250196097344,21,4,3,-0.7071067811865477,0.7071067811865474,-0.433883739117558,-0.9009688679024191,1.0,6.123233995736766e-17,0.0,0.1875,6.458333333333333,18.325,37.675,100.0,97.5,6.425000000000001,7.4307823,0.3999999999999999,6.75,18.24074076333333,46.03333333333333,46.6,46.96666666666667,46.4,44.85,-10.291111096666668,-0.1185185400000001,-0.0040000000000013,8.057333333333334,8.076,18.463580256666663,8.010666666666667,7.1450453,7.2638154,7.4058547,7.5199614,6.984408,0,4.0,0,0.0,-0.99,25.8,74.2
2023-03-31 21:30:00,148.284624027774,0.0,0.0,18.24074076333333,8.076,44.85,0,5.1764362714980825,70.66250196097344,21,4,3,-0.7071067811865477,0.7071067811865474,-0.433883739117558,-0.9009688679024191,1.0,6.123233995736766e-17,0.0,0.0625,4.041666666666667,18.35,37.95,100.0,96.0,6.45,7.436447,0.5,7.0,18.12222223,45.6,46.03333333333333,46.6,46.96666666666667,44.45,-10.164740763333334,-0.1037036666666644,0.0226666666666677,8.053333333333333,8.402666666666667,18.349382721111112,8.062222222222223,6.984408,7.1450453,7.2638154,7.4058547,6.8735576,0,4.0,0,0.0,-1.02,27.0,73.0
2023-03-31 21:45:00,153.327200099996,0.0,0.0,18.12222223,8.402666666666667,44.45,0,5.1764362714980825,70.66250196097344,21,4,3,-0.7071067811865477,0.7071067811865474,-0.433883739117558,-0.9009688679024191,1.0,6.123233995736766e-17,0.0,0.0,2.4166666666666665,18.375,38.225,100.0,94.5,6.475,7.4400506,0.6,7.25,18.03888891333333,44.85,45.6,46.03333333333333,46.6,44.03333333333333,-9.719555563333332,-0.1185185333333365,0.3266666666666662,8.076,8.708666666666666,18.235802474444444,8.177333333333335,6.8735576,6.984408,7.1450453,7.2638154,6.7754774,0,4.0,0,0.0,-1.05,28.2,71.8
2023-03-31 22:00:00,158.785037294442,0.0,0.0,18.03888891333333,8.708666666666666,44.03333333333333,0,5.1764362714980825,70.66250196097344,22,4,3,-0.5000000000000004,0.8660254037844384,-0.433883739117558,-0.9009688679024191,1.0,6.123233995736766e-17,0.0,0.0,1.5833333333333333,18.4,38.5,100.0,93.0,6.5,7.4415336,0.7,7.5,17.961111080000002,44.45,44.85,45.6,46.03333333333333,44.05,-9.330222246666668,-0.0833333166666641,0.3059999999999991,8.402666666666667,9.064,18.13395063555556,8.395777777777779,6.7754774,6.8735576,6.984408,7.1450453,6.7467527,0,4.0,0,0.0,-1.07,29.2,70.8
2023-03-31 22:15:00,162.657660199996,0.0,0.0,17.961111080000002,9.064,44.05,0,5.1764362714980825,70.66250196097344,22,4,3,-0.5000000000000004,0.8660254037844384,-0.433883739117558,-0.9009688679024191,1.0,6.123233995736766e-17,0.0,0.0,0.9375,18.725,38.675,100.0,92.75,6.55,7.4697056,0.5249999999999999,7.6,17.924074049999998,44.03333333333333,44.45,44.85,45.6,44.46666666666667,-8.897111080000002,-0.0777778333333323,0.3553333333333341,8.708666666666666,9.193333333333332,18.04074074111111,8.725111111111111,6.7467527,6.7754774,6.8735576,6.984408,6.7955756,0,4.0,0,0.0,-1.09,30.0,70.0
2023-03-31 22:30:00,147.244943349998,0.0,0.0,17.924074049999998,9.193333333333332,44.46666666666667,0,5.1764362714980825,70.66250196097344,22,4,3,-0.5000000000000004,0.8660254037844384,-0.433883739117558,-0.9009688679024191,1.0,6.123233995736766e-17,0.0,0.0,0.4791666666666667,19.05,38.85,100.0,92.5,6.6,7.497891,0.35,7.7,17.88333334,44.05,44.03333333333333,44.45,44.85,44.5,-8.730740716666665,-0.037037030000004,0.1293333333333333,9.064,9.327333333333334,17.974691347777778,8.988666666666667,6.7955756,6.7467527,6.7754774,6.8735576,6.7841964,0,4.0,0,0.0,-1.1,30.3,69.7
2023-03-31 22:45:00,149.35013692222,0.0,0.0,17.88333334,9.327333333333334,44.5,0,5.1764362714980825,70.66250196097344,22,4,3,-0.5000000000000004,0.8660254037844384,-0.433883739117558,-0.9009688679024191,1.0,6.123233995736766e-17,0.0,0.0,0.2083333333333333,19.375,39.025000000000006,100.0,92.25,6.65,7.526089,0.175,7.800000000000001,17.816666656666666,44.46666666666667,44.05,44.03333333333333,44.45,44.5,-8.556000006666666,-0.0407407099999979,0.1340000000000003,9.193333333333332,9.382666666666667,17.92283949,9.19488888888889,6.7841964,6.7955756,6.7467527,6.7754774,6.7573123,0,4.0,0,0.0,-1.11,30.8,69.2
2023-03-31 23:00:00,183.049622272218,0.0,0.0,17.816666656666666,9.382666666666667,44.5,0,5.1764362714980825,70.66250196097344,23,4,3,-0.2588190451025215,0.965925826289068,-0.433883739117558,-0.9009688679024191,1.0,6.123233995736766e-17,0.0,0.0,0.125,19.7,39.2,100.0,92.0,6.7,7.554296,0.0,7.9,17.77222224,44.5,44.46666666666667,44.05,44.03333333333333,44.5,-8.433999989999998,-0.0666666833333344,0.0553333333333334,9.327333333333334,9.476,17.87469134888889,9.301111111111112,6.7573123,6.7841964,6.7955756,6.7467527,6.739444,0,4.0,0,0.0,-1.12,31.5,68.5
2023-03-31 23:15:00,181.795783494442,0.0,0.0,17.77222224,9.476,44.5,0,5.1764362714980825,70.66250196097344,23,4,3,-0.2588190451025215,0.965925826289068,-0.433883739117558,-0.9009688679024191,1.0,6.123233995736766e-17,0.0,0.0,0.0625,19.475,39.400000000000006,100.0,92.0,6.775,7.6031723,0.225,8.0,17.705555556666663,44.5,44.5,44.46666666666667,44.05,44.68333333333333,-8.296222240000002,-0.0444444166666642,0.0933333333333319,9.382666666666667,9.597333333333331,17.824074078888888,9.395333333333332,6.739444,6.7573123,6.7841964,6.7955756,6.740369,0,4.0,0,0.0,-1.13,32.0,68.0
2023-03-31 23:30:00,147.81353172222,0.0,0.0,17.705555556666663,9.597333333333331,44.68333333333333,0,5.1764362714980825,70.66250196097344,23,4,3,-0.2588190451025215,0.965925826289068,-0.433883739117558,-0.9009688679024191,1.0,6.123233995736766e-17,0.0,0.0,0.0208333333333333,19.25,39.6,100.0,92.0,6.85,7.6523256,0.45,8.100000000000001,17.66111114,44.5,44.5,44.5,44.46666666666667,45.0,-8.10822222333333,-0.066666683333338,0.1213333333333341,9.476,9.692666666666668,17.76481481777778,9.485333333333337,6.740369,6.739444,6.7573123,6.7841964,6.7701707,0,4.0,0,0.0,-1.15,32.7,67.3
2023-03-31 23:45:00,113.227137416666,0.0,0.0,17.66111114,9.692666666666668,45.0,0,5.1764362714980825,70.66250196097344,23,4,3,-0.2588190451025215,0.965925826289068,-0.433883739117558,-0.9009688679024191,1.0,6.123233995736766e-17,0.0,0.0,0.0,19.025,39.8,100.0,92.0,6.925,7.7017555,0.6749999999999999,8.200000000000001,17.63518519333333,44.68333333333333,44.5,44.5,44.5,45.0,-7.9684444733333315,-0.0444444166666642,0.0953333333333343,9.597333333333331,9.748,17.712962978888893,9.588666666666668,6.7701707,6.740369,6.739444,6.7573123,6.759708,0,4.0,0,0.0,-1.16,33.2,66.8
2023-04-01 00:00:00,182.132158872222,0.0,0.0,17.63518519333333,9.748,45.0,0,5.1764362714980825,70.66250196097344,0,5,4,0.0,1.0,-0.9749279121818236,-0.2225209339563146,0.8660254037844387,-0.4999999999999998,0.0,0.0,0.0,18.8,40.0,100.0,92.0,7.0,7.751466,0.9,8.3,17.62777778,45.0,44.68333333333333,44.5,44.5,44.95,-7.887185193333332,-0.0259259466666677,0.0553333333333316,9.692666666666668,9.832666666666666,17.667283963333333,9.679333333333334,6.759708,6.7701707,6.740369,6.739444,6.749213,0,4.0,0,0.0,-1.16,33.5,66.5
2023-04-01 00:15:00,96.015881411112,0.0,0.0,17.62777778,9.832666666666666,44.95,0,5.1764362714980825,70.66250196097344,0,5,4,0.0,1.0,-0.9749279121818236,-0.2225209339563146,0.8660254037844387,-0.4999999999999998,0.0,0.0,0.0,18.15,39.175,100.0,92.0,7.025,7.763936,0.675,8.325000000000001,17.590740750000002,45.0,45.0,44.68333333333333,44.5,44.53333333333333,-7.795111113333332,-0.0074074133333326,0.0846666666666671,9.748,9.884,17.641358037777778,9.75777777777778,6.749213,6.759708,6.7701707,6.740369,6.6718903,0,4.0,0,0.0,-1.17,33.6,66.4
2023-04-01 00:30:00,322.19766726110595,0.0,0.0,17.590740750000002,9.884,44.53333333333333,0,5.1764362714980825,70.66250196097344,0,5,4,0.0,1.0,-0.9749279121818236,-0.2225209339563146,0.8660254037844387,-0.4999999999999998,0.0,0.0,0.0,17.5,38.35,100.0,92.0,7.05,7.7764244,0.45,8.350000000000001,17.5555556,44.95,45.0,45.0,44.68333333333333,44.55,-7.706740750000003,-0.0370370299999969,0.0513333333333321,9.832666666666666,9.960666666666668,17.617901241111113,9.821555555555555,6.6718903,6.749213,6.759708,6.7701707,6.660386,0,4.0,0,0.0,-1.18,34.1,65.9
2023-04-01 00:45:00,53.118986222224,0.0,0.0,17.5555556,9.960666666666668,44.55,0,5.1764362714980825,70.66250196097344,0,5,4,0.0,1.0,-0.9749279121818236,-0.2225209339563146,0.8660254037844387,-0.4999999999999998,0.0,0.0,0.0,16.85,37.525000000000006,100.0,92.0,7.074999999999999,7.7889304,0.2250000000000001,8.375,17.5555556,44.53333333333333,44.95,45.0,45.0,44.96666666666667,-7.594888933333335,-0.0351851500000002,0.0766666666666679,9.884,10.156,17.591358043333337,9.892444444444443,6.660386,6.6718903,6.749213,6.759708,6.7226796,0,4.0,0,0.0,-1.18,34.5,65.5
2023-04-01 01:00:00,46.805349994442,0.0,0.0,17.5555556,10.156,44.96666666666667,0,5.1764362714980825,70.66250196097344,1,5,4,0.2588190451025207,0.9659258262890684,-0.9749279121818236,-0.2225209339563146,0.8660254037844387,-0.4999999999999998,0.0,0.0,0.0,16.2,36.7,100.0,92.0,7.1,7.801455,0.0,8.4,17.55000004,44.55,44.53333333333333,44.95,45.0,45.0,-7.399555600000001,0.0,0.195333333333334,9.960666666666668,10.332,17.567283983333336,10.000222222222222,6.7226796,6.660386,6.6718903,6.749213,6.7254305,0,4.0,0,0.0,-1.18,34.4,65.6
2023-04-01 01:15:00,38.475960999996,0.0,0.0,17.55000004,10.332,45.0,0,5.1764362714980825,70.66250196097344,1,5,4,0.2588190451025207,0.9659258262890684,-0.9749279121818236,-0.2225209339563146,0.8660254037844387,-0.4999999999999998,0.0,0.0,0.0,15.975,35.625,100.0,92.0,7.15,7.8265533,0.0,8.45,17.503703706666666,44.96666666666667,44.55,44.53333333333333,44.95,45.0,-7.2180000400000015,-0.0055555600000012,0.1759999999999983,10.156,10.457333333333333,17.55370374666667,10.149555555555557,6.7254305,6.7226796,6.660386,6.6718903,6.706867,0,4.0,0,0.0,-1.18,34.5,65.5
2023-04-01 01:30:00,45.197081027774,0.0,0.0,17.503703706666666,10.457333333333333,45.0,0,5.1764362714980825,70.66250196097344,1,5,4,0.2588190451025207,0.9659258262890684,-0.9749279121818236,-0.2225209339563146,0.8660254037844387,-0.4999999999999998,0.0,0.0,0.0,15.75,34.55,100.0,92.0,7.199999999999999,7.8517237,0.0,8.5,17.5,45.0,44.96666666666667,44.55,44.53333333333333,45.05,-7.046370373333334,-0.0462963333333341,0.1253333333333337,10.332,10.675333333333333,17.53641978222222,10.315111111111111,6.706867,6.7254305,6.7226796,6.660386,6.7128325,0,4.0,0,0.0,-1.2,35.0,65.0
2023-04-01 01:45:00,45.70844950555,0.0,0.0,17.5,10.675333333333333,45.05,0,5.1764362714980825,70.66250196097344,1,5,4,0.2588190451025207,0.9659258262890684,-0.9749279121818236,-0.2225209339563146,0.8660254037844387,-0.4999999999999998,0.0,0.0,0.0,15.525,33.475,100.0,92.0,7.25,7.876965,0.0,8.55,17.5,45.0,45.0,44.96666666666667,44.55,45.46666666666667,-6.824666666666667,-0.0037037066666663,0.2179999999999999,10.457333333333333,10.782666666666666,17.51790124888889,10.488222222222223,6.7128325,6.706867,6.7254305,6.7226796,6.7749195,0,4.0,0,0.0,-1.2,35.0,65.0
2023-04-01 02:00:00,42.373860544444,0.0,0.0,17.5,10.782666666666666,45.46666666666667,0,5.1764362714980825,70.66250196097344,2,5,4,0.4999999999999999,0.8660254037844387,-0.9749279121818236,-0.2225209339563146,0.8660254037844387,-0.4999999999999998,0.0,0.0,0.0,15.3,32.4,100.0,92.0,7.3,7.902275,0.0,8.6,17.49444444,45.05,45.0,45.0,44.96666666666667,45.5,-6.717333333333334,0.0,0.107333333333333,10.675333333333333,10.838,17.50123456888889,10.638444444444444,6.7749195,6.7128325,6.706867,6.7254305,6.777638,0,4.0,0,0.0,-1.19,34.9,65.1
2023-04-01 02:15:00,54.369214011112,0.0,0.0,17.49444444,10.838,45.5,0,5.1764362714980825,70.66250196097344,2,5,4,0.4999999999999999,0.8660254037844387,-0.9749279121818236,-0.2225209339563146,0.8660254037844387,-0.4999999999999998,0.0,0.0,0.0,15.3,32.05,100.0,91.75,7.375,7.9188,0.05,8.675,17.448148106666665,45.46666666666667,45.05,45.0,45.0,45.68333333333333,-6.65644444,-0.0055555600000012,0.0553333333333334,10.782666666666666,10.834,17.498148146666665,10.765333333333336,6.777638,6.7749195,6.7128325,6.706867,6.7861533,0,4.0,0,0.0,-1.2,35.0,65.0
2023-04-01 02:30:00,63.389130966668,0.0,0.0,17.448148106666665,10.834,45.68333333333333,0,5.1764362714980825,70.66250196097344,2,5,4,0.4999999999999999,0.8660254037844387,-0.9749279121818236,-0.2225209339563146,0.8660254037844387,-0.4999999999999998,0.0,0.0,0.0,15.3,31.7,100.0,91.5,7.449999999999999,7.9352746,0.1,8.75,17.4444444,45.5,45.46666666666667,45.05,45.0,46.05,-6.614148106666665,-0.0462963333333341,-0.0039999999999995,10.838,10.752666666666666,17.48086418222222,10.818222222222223,6.7861533,6.777638,6.7749195,6.7128325,6.839107,0,4.0,0,0.0,-1.21,35.5,64.5
2023-04-01 02:45:00,36.727975455548,0.0,0.0,17.4444444,10.752666666666666,46.05,0,5.1764362714980825,70.66250196097344,2,5,4,0.4999999999999999,0.8660254037844387,-0.9749279121818236,-0.2225209339563146,0.8660254037844387,-0.4999999999999998,0.0,0.0,0.0,15.3,31.35,100.0,91.25,7.524999999999999,7.9517016,0.15,8.825,17.4444444,45.68333333333333,45.5,45.46666666666667,45.05,46.46666666666667,-6.691777733333332,-0.0037037066666663,-0.0813333333333332,10.834,10.444666666666668,17.46234564888889,10.808222222222222,6.839107,6.7861533,6.777638,6.7749195,6.900988,0,4.0,0,0.0,-1.2,35.5,64.5
2023-04-01 03:00:00,36.39298872222,0.0,0.0,17.4444444,10.444666666666668,46.46666666666667,0,5.1764362714980825,70.66250196097344,3,5,4,0.7071067811865476,0.7071067811865476,-0.9749279121818236,-0.2225209339563146,0.8660254037844387,-0.4999999999999998,0.0,0.0,0.0,15.3,31.0,100.0,91.0,7.6,7.9680796,0.2,8.9,17.4444444,46.05,45.68333333333333,45.5,45.46666666666667,46.85,-6.99977773333333,0.0,-0.307999999999998,10.752666666666666,10.302,17.44567896888889,10.677111111111111,6.900988,6.839107,6.7861533,6.777638,6.9579186,0,4.0,0,0.0,-1.2,35.4,64.6
2023-04-01 03:15:00,46.313425255552,0.0,0.0,17.4444444,10.302,46.85,0,5.1764362714980825,70.66250196097344,3,5,4,0.7071067811865476,0.7071067811865476,-0.9749279121818236,-0.2225209339563146,0.8660254037844387,-0.4999999999999998,0.0,0.0,0.0,14.425,31.975,100.0,93.25,7.775,8.087042,0.825,8.75,17.424074049999998,46.46666666666667,46.05,45.68333333333333,45.5,47.18333333333333,-7.142444399999999,0.0,-0.1426666666666687,10.444666666666668,10.41,17.4444444,10.49977777777778,6.9579186,6.900988,6.839107,6.7861533,6.9989004,0,4.0,0,0.0,-1.2,35.3,64.7
2023-04-01 03:30:00,37.29656366111,0.0,0.0,17.424074049999998,10.41,47.18333333333333,0,5.1764362714980825,70.66250196097344,3,5,4,0.7071067811865476,0.7071067811865476,-0.9749279121818236,-0.2225209339563146,0.8660254037844387,-0.4999999999999998,0.0,0.0,0.0,13.55,32.95,100.0,95.5,7.95,8.202906,1.45,8.600000000000001,17.3888889,46.85,46.46666666666667,46.05,45.68333333333333,47.55,-7.014074049999998,-0.0203703500000003,0.1080000000000005,10.302,10.856,17.437654283333334,10.385555555555555,6.9989004,6.9579186,6.900988,6.839107,7.0384736,0,4.0,0,0.0,-1.2,35.4,64.6
2023-04-01 03:45:00,36.458819405554,0.0,0.0,17.3888889,10.856,47.55,0,5.1764362714980825,70.66250196097344,3,5,4,0.7071067811865476,0.7071067811865476,-0.9749279121818236,-0.2225209339563146,0.8660254037844387,-0.4999999999999998,0.0,0.0,0.0,12.675,33.925,100.0,97.75,8.125,8.315713,2.075,8.450000000000001,17.3888889,47.18333333333333,46.85,46.46666666666667,46.05,47.96666666666667,-6.532888900000001,-0.0351851499999966,0.4459999999999997,10.41,10.860666666666669,17.419135783333335,10.522666666666668,7.0384736,6.9989004,6.9579186,6.900988,7.10015,0,4.0,0,0.0,-1.21,35.8,64.2
2023-04-01 04:00:00,42.893839827774,0.0,0.0,17.3888889,10.860666666666669,47.96666666666667,0,5.1764362714980825,70.66250196097344,4,5,4,0.8660254037844386,0.5000000000000001,-0.9749279121818236,-0.2225209339563146,0.8660254037844387,-0.4999999999999998,0.0,0.0,0.0,11.8,34.9,100.0,100.0,8.3,8.425507,2.7,8.3,17.35555554,47.55,47.18333333333333,46.85,46.46666666666667,48.05,-6.528222233333334,0.0,0.004666666666667,10.856,10.718666666666667,17.400617283333332,10.708888888888891,7.10015,7.0384736,6.9989004,6.9579186,7.0983257,0,4.0,0,0.0,-1.21,35.7,64.3
2023-04-01 04:15:00,57.969903461106,0.0,0.0,17.35555554,10.718666666666667,48.05,0,5.1764362714980825,70.66250196097344,4,5,4,0.8660254037844386,0.5000000000000001,-0.9749279121818236,-0.2225209339563146,0.8660254037844387,-0.4999999999999998,0.0,0.0,0.0,12.7,34.375,100.0,99.0,8.325000000000001,8.435585,2.225,8.475000000000001,17.36481480666667,47.96666666666667,47.55,47.18333333333333,46.85,48.46666666666667,-6.6368888733333335,-0.0333333600000003,-0.1419999999999994,10.860666666666669,10.675333333333333,17.377777780000002,10.811777777777776,7.0983257,7.10015,7.0384736,6.9989004,7.1638446,0,4.0,0,0.0,-1.22,36.1,63.9
2023-04-01 04:30:00,52.8087209,0.0,0.0,17.36481480666667,10.675333333333333,48.46666666666667,0,5.1764362714980825,70.66250196097344,4,5,4,0.8660254037844386,0.5000000000000001,-0.9749279121818236,-0.2225209339563146,0.8660254037844387,-0.4999999999999998,0.0,0.0,0.0,13.6,33.849999999999994,100.0,98.0,8.350000000000001,8.44468,1.75,8.65,17.37222222,48.05,47.96666666666667,47.55,47.18333333333333,48.55,-6.689481473333336,0.0092592666666675,-0.0433333333333347,10.718666666666667,10.89,17.36975308222223,10.751555555555557,7.1638446,7.0983257,7.10015,7.0384736,7.1793404,0,4.0,0,0.0,-1.21,35.9,64.1
2023-04-01 04:45:00,41.39167768333,0.0,0.0,17.37222222,10.89,48.55,0,5.1764362714980825,70.66250196097344,4,5,4,0.8660254037844386,0.5000000000000001,-0.9749279121818236,-0.2225209339563146,0.8660254037844387,-0.4999999999999998,0.0,0.0,0.0,14.5,33.325,100.0,97.0,8.375,8.452767,1.275,8.825,17.368518513333335,48.46666666666667,48.05,47.96666666666667,47.55,48.96666666666667,-6.482222220000002,0.0074074133333326,0.2146666666666661,10.675333333333333,10.878000000000002,17.364197522222224,10.761333333333337,7.1793404,7.1638446,7.0983257,7.10015,7.239351,0,4.0,0,0.0,-1.21,35.7,64.3
2023-04-01 05:00:00,45.892053144444,0.0,0.0,17.368518513333335,10.878000000000002,48.96666666666667,0,5.1764362714980825,70.66250196097344,5,5,4,0.9659258262890684,0.2588190451025207,-0.9749279121818236,-0.2225209339563146,0.8660254037844387,-0.4999999999999998,0.0,0.0,0.0,15.4,32.8,100.0,96.0,8.4,8.459827,0.8,9.0,17.36666666,48.55,48.46666666666667,48.05,47.96666666666667,49.05,-6.490518513333333,-0.0037037066666663,-0.0119999999999969,10.89,10.992666666666668,17.368518513333335,10.814444444444446,7.239351,7.1793404,7.1638446,7.0983257,7.2508693,0,4.0,0,0.0,-1.21,35.7,64.3
2023-04-01 05:15:00,37.120181866664,0.0,0.0,17.36666666,10.992666666666668,49.05,0,5.1764362714980825,70.66250196097344,5,5,4,0.9659258262890684,0.2588190451025207,-0.9749279121818236,-0.2225209339563146,0.8660254037844387,-0.4999999999999998,0.0,0.0,0.0,14.8,33.25,100.0,95.25,8.425,8.461059,1.275,9.125,17.357407393333332,48.96666666666667,48.55,48.46666666666667,48.05,49.65,-6.373999993333332,-0.0018518533333349,0.1146666666666664,10.878000000000002,11.669333333333332,17.36913579777778,10.920222222222224,7.2508693,7.239351,7.1793404,7.1638446,7.335502,0,4.0,0,0.0,-1.21,35.7,64.3
2023-04-01 05:30:00,36.68825474444,0.0,0.0,17.357407393333332,11.669333333333332,49.65,0,5.1764362714980825,70.66250196097344,5,5,4,0.9659258262890684,0.2588190451025207,-0.9749279121818236,-0.2225209339563146,0.8660254037844387,-0.4999999999999998,0.0,0.0,0.0,14.2,33.7,100.0,94.5,8.45,8.461697,1.75,9.25,17.35555554,49.05,48.96666666666667,48.55,48.46666666666667,50.05,-5.68807406,-0.0092592666666675,0.6766666666666641,10.992666666666668,12.273333333333332,17.364197522222224,11.18,7.335502,7.2508693,7.239351,7.1793404,7.3937807,0,4.0,0,0.0,-1.21,35.7,64.3
2023-04-01 05:45:00,47.550875688888,0.0,0.0,17.35555554,12.273333333333332,50.05,0,5.1764362714980825,70.66250196097344,5,5,4,0.9659258262890684,0.2588190451025207,-0.9749279121818236,-0.2225209339563146,0.8660254037844387,-0.4999999999999998,0.0,0.0,0.0,13.6,34.15,100.0,93.75,8.475,8.461732,2.2250000000000005,9.375,17.38518519333333,49.65,49.05,48.96666666666667,48.55,50.46666666666667,-5.082222206666668,-0.0018518533333313,0.604000000000001,11.669333333333332,12.616,17.359876531111112,11.645111111111111,7.3937807,7.335502,7.2508693,7.239351,7.468552,0,4.0,0,0.0,-1.21,35.6,64.4
2023-04-01 06:00:00,36.98713162222,0.0,0.0,17.38518519333333,12.616,50.46666666666667,0,5.1764362714980825,70.66250196097344,6,5,4,1.0,6.123233995736766e-17,-0.9749279121818236,-0.2225209339563146,0.8660254037844387,-0.4999999999999998,0.0,0.0,0.0,13.0,34.6,100.0,93.0,8.5,8.461158,2.7,9.5,17.38333334,50.05,49.65,49.05,48.96666666666667,50.85,-4.76918519333333,0.0296296533333304,0.342666666666668,12.273333333333332,12.964,17.366049375555555,12.186222222222222,7.468552,7.3937807,7.335502,7.2508693,7.5244484,0,4.0,0,0.0,-1.2,35.1,64.9
2023-04-01 06:15:00,48.24418123889,0.0,0.0,17.38333334,12.964,50.85,0,5.1764362714980825,70.66250196097344,6,5,4,1.0,6.123233995736766e-17,-0.9749279121818236,-0.2225209339563146,0.8660254037844387,-0.4999999999999998,0.0,0.0,0.0,14.45,37.925,99.75,93.25,8.7,8.578909,2.6,9.675,17.357407393333332,50.46666666666667,50.05,49.65,49.05,51.0,-4.41933334,-0.0018518533333313,0.347999999999999,12.616,13.149333333333336,17.37469135777778,12.61777777777778,7.5244484,7.468552,7.3937807,7.335502,7.534957,0,4.0,0,0.0,-1.2,35.1,64.9
2023-04-01 06:30:00,60.916729916666,0.0,0.0,17.357407393333332,13.149333333333336,51.0,0,5.1764362714980825,70.66250196097344,6,5,4,1.0,6.123233995736766e-17,-0.9749279121818236,-0.2225209339563146,0.8660254037844387,-0.4999999999999998,0.0,0.0,0.0,15.9,41.25,99.5,93.5,8.9,8.698101,2.5,9.85,17.35555554,50.85,50.46666666666667,50.05,49.65,51.35,-4.208074059999998,-0.0259259466666677,0.1853333333333342,12.964,12.974666666666668,17.375308642222222,12.909777777777782,7.534957,7.5244484,7.468552,7.3937807,7.585828,0,4.0,0,0.0,-1.2,35.4,64.6
2023-04-01 06:45:00,282.182045583334,0.0,0.0,17.35555554,12.974666666666668,51.35,0,5.1764362714980825,70.66250196097344,6,5,4,1.0,6.123233995736766e-17,-0.9749279121818236,-0.2225209339563146,0.8660254037844387,-0.4999999999999998,0.0,0.0,0.0,17.35,44.575,99.25,93.75,9.1,8.818745,2.4,10.025,17.38518519333333,51.0,50.85,50.46666666666667,50.05,51.68333333333333,-4.380888873333333,-0.0018518533333313,-0.1746666666666669,13.149333333333336,13.471333333333332,17.365432091111114,13.029333333333335,7.585828,7.534957,7.5244484,7.468552,7.6486063,0,4.0,0,0.0,-1.2,35.3,64.7
2023-04-01 07:00:00,36.356045766664,0.0,0.0,17.38518519333333,13.471333333333332,51.68333333333333,0,5.1764362714980825,70.66250196097344,7,5,4,0.9659258262890684,-0.2588190451025206,-0.9749279121818236,-0.2225209339563146,0.8660254037844387,-0.4999999999999998,0.0,0.0,0.0,18.8,47.9,99.0,94.0,9.3,8.940856,2.3,10.2,17.3888889,51.35,51.0,50.85,50.46666666666667,52.0,-3.91385186,0.0296296533333304,0.4966666666666643,12.974666666666668,13.870666666666668,17.366049375555555,13.198444444444446,7.6486063,7.585828,7.534957,7.5244484,7.697174,0,4.0,0,0.0,-1.19,34.9,65.1
2023-04-01 07:15:00,41.528894344444,0.0,0.0,17.3888889,13.870666666666668,52.0,0,5.1764362714980825,70.66250196097344,7,5,4,0.9659258262890684,-0.2588190451025206,-0.9749279121818236,-0.2225209339563146,0.8660254037844387,-0.4999999999999998,6.75,1.6875,0.5625,20.025,51.225,99.25,93.5,9.8,9.23682,2.55,10.8,17.3888889,51.68333333333333,51.35,51.0,50.85,52.18333333333333,-3.5182222333333346,0.0037037066666698,0.3993333333333346,13.471333333333332,14.244,17.376543211111112,13.43888888888889,7.697174,7.6486063,7.585828,7.534957,7.724312,0,4.0,0,0.0,-1.19,34.7,65.3
2023-04-01 07:30:00,41.896379561114,0.0,0.0,17.3888889,14.244,52.18333333333333,0,5.1764362714980825,70.66250196097344,7,5,4,0.9659258262890684,-0.2588190451025206,-0.9749279121818236,-0.2225209339563146,0.8660254037844387,-0.4999999999999998,13.5,5.0625,1.6875,21.25,54.55,99.5,93.0,10.3,9.54055,2.8,11.4,17.3888889,52.0,51.68333333333333,51.35,51.0,52.55,-3.144888900000001,0.0,0.3733333333333331,13.870666666666668,14.579333333333333,17.38765433111111,13.862,7.724312,7.697174,7.6486063,7.585828,7.778587,0,4.0,0,0.0,-1.19,34.7,65.3
2023-04-01 07:45:00,40.427827372218,0.0,0.0,17.3888889,14.579333333333333,52.55,0,5.1764362714980825,70.66250196097344,7,5,4,0.9659258262890684,-0.2588190451025206,-0.9749279121818236,-0.2225209339563146,0.8660254037844387,-0.4999999999999998,20.25,10.125,3.375,22.475,57.875,99.75,92.5,10.8,9.852185,3.05,12.0,17.3888889,52.18333333333333,52.0,51.68333333333333,51.35,53.15,-2.8095555666666687,0.0,0.3353333333333328,14.244,14.734,17.3888889,14.231333333333334,7.778587,7.724312,7.697174,7.6486063,7.867401,0,4.0,0,0.0,-1.19,34.6,65.4
2023-04-01 08:00:00,117.076150199996,0.0,0.0,17.3888889,14.734,53.15,0,5.1764362714980825,70.66250196097344,8,5,4,0.8660254037844387,-0.4999999999999998,-0.9749279121818236,-0.2225209339563146,0.8660254037844387,-0.4999999999999998,27.0,16.875,5.625,23.7,61.2,100.0,92.0,11.3,10.171857,3.3,12.6,17.433333310000002,52.55,52.18333333333333,52.0,51.68333333333333,53.55,-2.6548889000000013,0.0,0.1546666666666674,14.579333333333333,14.923333333333334,17.3888889,14.51911111111111,7.867401,7.778587,7.724312,7.697174,7.9476914,0,4.0,0,0.0,-1.18,34.5,65.5
2023-04-01 08:15:00,172.363660711112,0.0,0.0,17.433333310000002,14.923333333333334,53.55,0,5.1764362714980825,70.66250196097344,8,5,4,0.8660254037844387,-0.4999999999999998,-0.9749279121818236,-0.2225209339563146,0.8660254037844387,-0.4999999999999998,57.75,29.625,10.4375,24.4,59.85,100.0,91.25,11.375,10.230767,2.5,12.825,17.496296293333334,53.15,52.55,52.18333333333333,52.0,53.96666666666667,-2.509999976666668,0.0444444100000005,0.1893333333333338,14.734,15.042666666666667,17.40370370333334,14.745555555555557,7.9476914,7.867401,7.778587,7.724312,8.039712,0,4.0,0,0.0,-1.17,33.9,66.1
2023-04-01 08:30:00,66.480674066664,0.0,0.0,17.496296293333334,15.042666666666667,53.96666666666667,0,5.1764362714980825,70.66250196097344,8,5,4,0.8660254037844387,-0.4999999999999998,-0.9749279121818236,-0.2225209339563146,0.8660254037844387,-0.4999999999999998,88.5,48.375,17.8125,25.1,58.5,100.0,90.5,11.45,10.289064,1.7,13.05,17.57777777,53.55,53.15,52.55,52.18333333333333,53.65,-2.4536296266666664,0.0629629833333318,0.1193333333333335,14.923333333333334,15.160666666666666,17.43950616777778,14.9,8.039712,7.9476914,7.867401,7.778587,8.031514,0,4.0,0,0.0,-1.15,33.0,67.0
2023-04-01 08:45:00,59.844550638886,0.0,0.0,17.57777777,15.160666666666666,53.65,0,5.1764362714980825,70.66250196097344,8,5,4,0.8660254037844387,-0.4999999999999998,-0.9749279121818236,-0.2225209339563146,0.8660254037844387,-0.4999999999999998,119.25,73.125,27.75,25.8,57.15,100.0,89.75,11.525,10.34672,0.8999999999999999,13.275,17.6111111,53.96666666666667,53.55,53.15,52.55,53.5,-2.417111103333335,0.0814814766666671,0.1179999999999985,15.042666666666667,15.320666666666666,17.50246912444445,15.042222222222223,8.031514,8.039712,7.9476914,7.867401,8.025006,0,4.0,0,0.0,-1.14,32.1,67.9
2023-04-01 09:00:00,60.771180072226,0.0,0.0,17.6111111,15.320666666666666,53.5,0,5.1764362714980825,70.66250196097344,9,5,4,0.7071067811865476,-0.7071067811865475,-0.9749279121818236,-0.2225209339563146,0.8660254037844387,-0.4999999999999998,150.0,103.875,40.25,26.5,55.8,100.0,89.0,11.6,10.403713,0.1,13.5,17.6111111,53.65,53.96666666666667,53.55,53.15,53.45,-2.2904444333333327,0.0333333299999978,0.1600000000000001,15.160666666666666,15.461333333333332,17.56172838777778,15.174666666666669,8.025006,8.031514,8.039712,7.9476914,8.017507,0,4.0,0,0.0,-1.13,31.8,68.2
2023-04-01 09:15:00,50.358263488884,0.0,0.0,17.6111111,15.461333333333332,53.45,0,5.1764362714980825,70.66250196097344,9,5,4,0.7071067811865476,-0.7071067811865475,-0.9749279121818236,-0.2225209339563146,0.8660254037844387,-0.4999999999999998,130.0,121.9375,51.083333333333336,25.625,55.7,83.0,88.75,11.5,10.326615,0.2,13.425,17.6111111,53.5,53.65,53.96666666666667,53.55,53.03333333333333,-2.1497777666666664,0.0,0.1406666666666662,15.320666666666666,15.774666666666668,17.59999999,15.314222222222222,8.017507,8.025006,8.031514,8.039712,7.9550066,0,4.0,0,0.0,-1.13,31.8,68.2
2023-04-01 09:30:00,50.278544344444,0.0,0.0,17.6111111,15.774666666666668,53.03333333333333,0,5.1764362714980825,70.66250196097344,9,5,4,0.7071067811865476,-0.7071067811865475,-0.9749279121818236,-0.2225209339563146,0.8660254037844387,-0.4999999999999998,110.0,127.3125,60.25,24.75,55.6,66.0,88.5,11.4,10.249974,0.3,13.35,17.633333320000002,53.45,53.5,53.65,53.96666666666667,53.0,-1.836444433333332,0.0,0.3133333333333343,15.461333333333332,15.936666666666667,17.6111111,15.51888888888889,7.9550066,8.017507,8.025006,8.031514,7.960553,0,4.0,0,0.0,-1.13,31.9,68.1
2023-04-01 09:45:00,58.331277722224,0.0,0.0,17.633333320000002,15.936666666666667,53.0,0,5.1764362714980825,70.66250196097344,9,5,4,0.7071067811865476,-0.7071067811865475,-0.9749279121818236,-0.2225209339563146,0.8660254037844387,-0.4999999999999998,90.0,120.0,67.75,23.875,55.5,48.99999999999999,88.25,11.3,10.173795,0.4,13.275,18.10370368,53.03333333333333,53.45,53.5,53.65,52.266666666666666,-1.6966666533333346,0.0222222200000032,0.1620000000000008,15.774666666666668,16.785999999999998,17.618518506666668,15.724222222222224,7.960553,7.9550066,8.017507,8.025006,8.073403,0,4.0,0,0.0,-1.12,31.7,68.3
2023-04-01 10:00:00,170.99538219444202,0.0,0.0,18.10370368,16.785999999999998,52.266666666666666,0,5.1764362714980825,70.66250196097344,10,5,4,0.4999999999999999,-0.8660254037844387,-0.9749279121818236,-0.2225209339563146,0.8660254037844387,-0.4999999999999998,70.0,100.0,73.58333333333333,23.0,55.4,32.0,88.0,11.2,10.098073,0.5,13.2,19.31666666,53.0,53.03333333333333,53.45,53.5,49.05,-1.3177036800000046,0.4703703600000004,0.8493333333333304,15.936666666666667,17.546,17.782716033333337,16.165777777777777,8.073403,7.960553,7.9550066,8.017507,8.140147,0,4.0,0,0.0,-1.01,26.7,73.3
2023-04-01 10:15:00,164.208709322216,0.0,0.0,19.31666666,17.546,49.05,0,5.1764362714980825,70.66250196097344,10,5,4,0.4999999999999999,-0.8660254037844387,-0.9749279121818236,-0.2225209339563146,0.8660254037844387,-0.4999999999999998,191.0,115.25,88.9375,22.275,53.425,30.0,82.25,11.05,10.037492,0.4,14.2,20.56296294,52.266666666666666,53.0,53.03333333333333,53.45,45.9,-1.7706666599999998,1.2129629799999968,0.7600000000000016,16.785999999999998,17.946,18.351234553333335,16.75622222222222,8.140147,8.073403,7.960553,7.9550066,8.194378,0,4.0,0,0.0,-0.74,16.7,83.3
2023-04-01 10:30:00,71.730186144448,0.0,0.0,20.56296294,17.946,45.9,0,5.1764362714980825,70.66250196097344,10,5,4,0.4999999999999999,-0.8660254037844387,-0.9749279121818236,-0.2225209339563146,0.8660254037844387,-0.4999999999999998,312.0,165.75,113.8125,21.55,51.45,28.0,76.5,10.9,9.92364,0.3,15.2,21.6388889,49.05,52.266666666666666,53.0,53.03333333333333,43.35,-2.616962939999997,1.2462962799999993,0.4000000000000021,17.546,18.05933333333333,19.32777776,17.426,8.194378,8.140147,8.073403,7.960553,8.237969,0,4.0,0,0.0,-0.47,9.6,90.4
2023-04-01 10:45:00,75.334764255556,0.0,0.0,21.6388889,18.05933333333333,43.35,0,5.1764362714980825,70.66250196097344,10,5,4,0.4999999999999999,-0.8660254037844387,-0.9749279121818236,-0.2225209339563146,0.8660254037844387,-0.4999999999999998,433.0,251.5,148.20833333333334,20.825000000000003,49.475,26.0,70.75,10.75,9.750923,0.1999999999999999,16.2,22.40925928333333,45.9,49.05,52.266666666666666,53.0,41.7,-3.5795555666666665,1.0759259599999993,0.1133333333333297,17.946,18.04866666666667,20.50617283333333,17.850444444444445,8.237969,8.194378,8.140147,8.073403,8.28422,0,4.0,0,0.0,-0.23,6.1,93.9
2023-04-01 11:00:00,54.023950088888,0.0,0.0,22.40925928333333,18.04866666666667,41.7,0,5.1764362714980825,70.66250196097344,11,5,4,0.258819045102521,-0.9659258262890682,-0.9749279121818236,-0.2225209339563146,0.8660254037844387,-0.4999999999999998,554.0,372.5,192.125,20.1,47.5,24.0,65.0,10.6,9.513364,0.1,17.2,21.62222222,43.35,45.9,49.05,52.266666666666666,42.15,-4.360592616666661,0.7703703833333329,-0.0106666666666619,18.05933333333333,18.078,21.53703704111111,18.018,8.28422,8.237969,8.194378,8.140147,8.002215,0,4.0,0,0.0,-0.06,5.1,94.9
2023-04-01 11:15:00,74.367303038886,0.0,0.0,21.62222222,18.078,42.15,0,5.1764362714980825,70.66250196097344,11,5,4,0.258819045102521,-0.9659258262890682,-0.9749279121818236,-0.2225209339563146,0.8660254037844387,-0.4999999999999998,576.75,468.9375,235.375,21.35,50.375,22.5,59.25,9.2,8.815579,0.075,17.475,20.546296323333333,41.7,43.35,45.9,49.05,43.98333333333333,-3.5442222200000018,-0.7870370633333295,0.0293333333333301,18.04866666666667,18.473333333333336,21.89012346777778,18.062,8.002215,8.28422,8.237969,8.194378,7.844576,0,4.0,0,0.0,-0.24,6.2,93.8
2023-04-01 11:30:00,758.164949988888,0.0,0.0,20.546296323333333,18.473333333333336,43.98333333333333,0,5.1764362714980825,70.66250196097344,11,5,4,0.258819045102521,-0.9659258262890682,-0.9749279121818236,-0.2225209339563146,0.8660254037844387,-0.4999999999999998,599.5,540.8125,277.9583333333333,22.6,53.25,21.0,53.5,7.8,8.091752,0.05,17.75,20.52222225,42.15,41.7,43.35,45.9,45.3,-2.072962989999997,-1.0759258966666678,0.3953333333333368,18.078,18.723333333333336,21.525925942222223,18.200000000000003,7.844576,8.002215,8.28422,8.237969,8.068073,0,4.0,0,0.0,-0.48,9.9,90.1
2023-04-01 11:45:00,850.637917605554,0.0,0.0,20.52222225,18.723333333333336,45.3,0,5.1764362714980825,70.66250196097344,11,5,4,0.258819045102521,-0.9659258262890682,-0.9749279121818236,-0.2225209339563146,0.8660254037844387,-0.4999999999999998,622.25,588.125,319.875,23.85,56.125,19.5,47.75,6.4,7.3412986,0.0249999999999999,18.025,20.772222216666663,43.98333333333333,42.15,41.7,43.35,43.93333333333333,-1.798888916666666,-0.0240740733333311,0.25,18.473333333333336,19.04733333333333,20.896913597777782,18.42488888888889,8.068073,7.844576,8.002215,8.28422,7.9394703,0,4.0,0,0.0,-0.48,9.9,90.1
2023-04-01 12:00:00,453.489637588884,0.0,0.0,20.772222216666663,19.04733333333333,43.93333333333333,0,5.1764362714980825,70.66250196097344,12,5,4,1.2246467991473532e-16,-1.0,-0.9749279121818236,-0.2225209339563146,0.8660254037844387,-0.4999999999999998,645.0,610.875,361.125,25.1,59.0,18.0,42.0,5.0,6.5636325,0.0,18.3,20.98333334,45.3,43.98333333333333,42.15,41.7,40.9,-1.7248888833333351,0.2499999666666639,0.3239999999999945,18.723333333333336,19.197333333333333,20.613580263333336,18.748,7.9394703,8.068073,7.844576,8.002215,7.4826035,0,4.0,0,0.0,-0.43,8.9,91.1
2023-04-01 12:15:00,86.264049349998,0.0,0.0,20.98333334,19.197333333333333,40.9,0,5.1764362714980825,70.66250196097344,12,5,4,1.2246467991473532e-16,-1.0,-0.9749279121818236,-0.2225209339563146,0.8660254037844387,-0.4999999999999998,672.25,634.75,406.3125,24.775,58.025,21.75,39.75,4.4,6.2861195,0.05,18.5,21.196296323333332,43.93333333333333,45.3,43.98333333333333,42.15,39.66666666666666,-1.7860000066666686,0.2111111233333353,0.1500000000000021,19.04733333333333,19.56,20.759259268888894,18.98933333333333,7.4826035,7.9394703,8.068073,7.844576,7.3472557,0,4.0,0,0.0,-0.4,8.3,91.7
2023-04-01 12:30:00,69.753043299992,0.0,0.0,21.196296323333332,19.56,39.66666666666666,0,5.1764362714980825,70.66250196097344,12,5,4,1.2246467991473532e-16,-1.0,-0.9749279121818236,-0.2225209339563146,0.8660254037844387,-0.4999999999999998,699.5,659.75,455.4375,24.450000000000003,57.05,25.5,37.5,3.8,6.00094,0.1,18.700000000000003,21.40555554,40.9,43.93333333333333,45.3,43.98333333333333,38.55,-1.6362963233333367,0.2129629833333339,0.3626666666666658,19.197333333333333,19.646,20.98395062666667,19.26822222222222,7.3472557,7.4826035,7.9394703,8.068073,7.2275596,0,4.0,0,0.0,-0.36,7.6,92.4
2023-04-01 12:45:00,74.40563478888801,0.0,0.0,21.40555554,19.646,38.55,0,5.1764362714980825,70.66250196097344,12,5,4,1.2246467991473532e-16,-1.0,-0.9749279121818236,-0.2225209339563146,0.8660254037844387,-0.4999999999999998,726.75,685.875,508.5,24.125,56.075,29.25,35.25,3.2,5.7079678,0.15,18.9,21.548148186666666,39.66666666666666,40.9,43.93333333333333,45.3,37.2,-1.759555540000001,0.2092592166666662,0.086000000000002,19.56,20.23,21.195061734444447,19.46777777777778,7.2275596,7.3472557,7.4826035,7.9394703,7.032261,0,4.0,0,0.0,-0.31,7.0,93.0
2023-04-01 13:00:00,107.143769711108,0.0,0.0,21.548148186666666,20.23,37.2,0,5.1764362714980825,70.66250196097344,13,5,4,-0.2588190451025208,-0.9659258262890684,-0.9749279121818236,-0.2225209339563146,0.8660254037844387,-0.4999999999999998,754.0,713.125,565.5,23.8,55.1,33.0,33.0,2.6,5.4070787,0.2,19.1,21.42222224,38.55,39.66666666666666,40.9,43.93333333333333,35.35,-1.3181481866666651,0.1425926466666638,0.5839999999999996,19.646,20.06733333333333,21.38333335,19.812,7.032261,7.2275596,7.3472557,7.4826035,6.634007,0,4.0,0,0.0,-0.29,6.7,93.3
2023-04-01 13:15:00,81.583958944436,0.0,0.0,21.42222224,20.06733333333333,35.35,0,5.1764362714980825,70.66250196097344,13,5,4,-0.2588190451025208,-0.9659258262890684,-0.9749279121818236,-0.2225209339563146,0.8660254037844387,-0.4999999999999998,732.0,728.0625,610.5833333333334,23.175,54.275,32.25,31.75,2.175,5.2561946,0.175,19.275,21.233333313333333,37.2,38.55,39.66666666666666,40.9,34.43333333333333,-1.354888906666666,-0.1259259466666655,-0.1626666666666665,20.23,20.89,21.45864198888889,19.98111111111111,6.634007,7.032261,7.2275596,7.3472557,6.3916264,0,4.0,0,0.0,-0.33,7.3,92.7
2023-04-01 13:30:00,247.540931433328,0.0,0.0,21.233333313333333,20.89,34.43333333333333,0,5.1764362714980825,70.66250196097344,13,5,4,-0.2588190451025208,-0.9659258262890684,-0.9749279121818236,-0.2225209339563146,0.8660254037844387,-0.4999999999999998,710.0,730.6875,643.75,22.55,53.45,31.5,30.5,1.75,5.101528,0.15,19.450000000000003,21.30555553,35.35,37.2,38.55,39.66666666666666,34.95,-0.343333313333332,-0.1888889266666673,0.8226666666666667,20.06733333333333,20.526666666666664,21.40123458,20.39577777777778,6.3916264,6.634007,7.032261,7.2275596,6.5147567,0,4.0,0,0.0,-0.38,8.0,92.0
2023-04-01 13:45:00,142.20486727777202,0.0,0.0,21.30555553,20.526666666666664,34.95,0,5.1764362714980825,70.66250196097344,13,5,4,-0.2588190451025208,-0.9659258262890684,-0.9749279121818236,-0.2225209339563146,0.8660254037844387,-0.4999999999999998,688.0,721.0,665.0,21.925,52.625,30.75,29.25,1.325,4.943027,0.125,19.625,21.38518519333333,34.43333333333333,35.35,37.2,38.55,34.35,-0.7788888633333357,0.0722222166666668,-0.3633333333333368,20.89,20.67866666666667,21.320370361111117,20.494666666666667,6.5147567,6.3916264,6.634007,7.032261,6.432526,0,4.0,0,0.0,-0.36,7.7,92.3
2023-04-01 14:00:00,962.846484583334,0.0,0.0,21.38518519333333,20.67866666666667,34.35,0,5.1764362714980825,70.66250196097344,14,5,4,-0.4999999999999997,-0.8660254037844388,-0.9749279121818236,-0.2225209339563146,0.8660254037844387,-0.4999999999999998,666.0,699.0,674.3333333333334,21.3,51.8,30.0,28.0,0.9,4.780637,0.1,19.8,21.5166667,34.95,34.43333333333333,35.35,37.2,33.75,-0.7065185266666631,0.0796296633333319,0.1520000000000045,20.526666666666664,21.14466666666667,21.308024678888888,20.698444444444448,6.432526,6.5147567,6.3916264,6.634007,6.368464,0,4.0,0,0.0,-0.34,7.5,92.5
2023-04-01 14:15:00,1528.644962905554,0.0,0.0,21.5166667,21.14466666666667,33.75,0,5.1764362714980825,70.66250196097344,14,5,4,-0.4999999999999997,-0.8660254037844388,-0.9749279121818236,-0.2225209339563146,0.8660254037844387,-0.4999999999999998,672.5,684.125,682.3125,21.4,51.45,46.25,26.5,0.175,4.5711756,0.075,19.975,21.70000003,34.35,34.95,34.43333333333333,35.35,34.06666666666667,-0.3720000333333288,0.1314815066666668,0.4660000000000011,20.67866666666667,21.144,21.402469141111112,20.78333333333333,6.368464,6.432526,6.5147567,6.3916264,6.4967284,0,4.0,0,0.0,-0.32,7.1,92.9
2023-04-01 14:30:00,1694.342501455552,0.0,0.0,21.70000003,21.144,34.06666666666667,0,5.1764362714980825,70.66250196097344,14,5,4,-0.4999999999999997,-0.8660254037844388,-0.9749279121818236,-0.2225209339563146,0.8660254037844387,-0.4999999999999998,679.0,676.375,688.9375,21.5,51.1,62.5,25.0,-0.5499999999999999,4.356828,0.05,20.15,21.86111112,33.75,34.35,34.95,34.43333333333333,33.75,-0.5560000299999999,0.1833333300000035,-0.0006666666666674,21.14466666666667,21.396666666666665,21.533950641111108,20.989111111111114,6.4967284,6.368464,6.432526,6.5147567,6.4965024,0,4.0,0,0.0,-0.27,6.5,93.5
2023-04-01 14:45:00,1535.219422199996,0.0,0.0,21.86111112,21.396666666666665,33.75,0,5.1764362714980825,70.66250196097344,14,5,4,-0.4999999999999997,-0.8660254037844388,-0.9749279121818236,-0.2225209339563146,0.8660254037844387,-0.4999999999999998,685.5,675.75,694.2083333333334,21.6,50.75,78.75,23.5,-1.275,4.1375227,0.0249999999999999,20.325,21.899999963333336,34.06666666666667,33.75,34.35,34.95,32.7,-0.464444453333332,0.161111089999995,0.2526666666666628,21.144,21.748,21.69259261666667,21.228444444444445,6.4965024,6.4967284,6.368464,6.432526,6.308531,0,4.0,0,0.0,-0.24,6.2,93.8
2023-04-01 15:00:00,638.627787266664,0.0,0.0,21.899999963333336,21.748,32.7,0,5.1764362714980825,70.66250196097344,15,5,4,-0.7071067811865471,-0.7071067811865479,-0.9749279121818236,-0.2225209339563146,0.8660254037844387,-0.4999999999999998,692.0,682.25,698.125,21.7,50.4,95.0,22.0,-2.0,3.9131944,0.0,20.5,21.77777778,33.75,34.06666666666667,33.75,34.35,31.9,-0.1519999633333348,0.0388888433333391,0.3513333333333364,21.396666666666665,21.334666666666667,21.820370371111117,21.42955555555556,6.308531,6.4965024,6.4967284,6.368464,6.110929,0,4.0,0,0.0,-0.23,6.1,93.9
2023-04-01 15:15:00,437.878317483334,0.0,0.0,21.77777778,21.334666666666667,31.9,0,5.1764362714980825,70.66250196097344,15,5,4,-0.7071067811865471,-0.7071067811865479,-0.9749279121818236,-0.2225209339563146,0.8660254037844387,-0.4999999999999998,671.25,681.9375,698.0416666666666,23.175,52.65,96.25,21.75,-2.2,3.8687265,0.0,20.5,21.56111109,32.7,33.75,34.06666666666667,33.75,30.883333333333333,-0.4431111133333338,-0.122222183333335,-0.413333333333334,21.748,21.07733333333333,21.84629628777778,21.49311111111111,6.110929,6.308531,6.4965024,6.4967284,5.8425417,0,4.0,0,0.0,-0.27,6.5,93.5
2023-04-01 15:30:00,647.458822827778,0.0,0.0,21.56111109,21.07733333333333,30.883333333333333,0,5.1764362714980825,70.66250196097344,15,5,4,-0.7071067811865471,-0.7071067811865479,-0.9749279121818236,-0.2225209339563146,0.8660254037844387,-0.4999999999999998,650.5,674.8125,693.9583333333334,24.65,54.9,97.5,21.5,-2.4,3.8242583,0.0,20.5,21.39999999,31.9,32.7,33.75,34.06666666666667,31.25,-0.4837777566666688,-0.2166666900000002,-0.2573333333333352,21.334666666666667,21.04,21.746296277777777,21.38666666666667,5.8425417,6.110929,6.308531,6.4965024,5.857032,0,4.0,0,0.0,-0.32,7.2,92.8
2023-04-01 15:45:00,734.878937,0.0,0.0,21.39999999,21.04,31.25,0,5.1764362714980825,70.66250196097344,15,5,4,-0.7071067811865471,-0.7071067811865479,-0.9749279121818236,-0.2225209339563146,0.8660254037844387,-0.4999999999999998,629.75,660.875,685.875,26.125,57.15,98.75,21.25,-2.6,3.7797904,0.0,20.5,21.296296270000003,30.883333333333333,31.9,32.7,33.75,31.416666666666668,-0.3599999900000021,-0.1611110999999994,-0.0373333333333327,21.07733333333333,20.396,21.57962962,21.150666666666663,5.857032,5.8425417,6.110929,6.308531,5.8529935,0,4.0,0,0.0,-0.36,7.7,92.3
2023-04-01 16:00:00,1072.351826411112,0.0,0.0,21.296296270000003,20.396,31.416666666666668,0,5.1764362714980825,70.66250196097344,16,5,4,-0.8660254037844385,-0.5000000000000004,-0.9749279121818236,-0.2225209339563146,0.8660254037844387,-0.4999999999999998,609.0,640.125,673.7916666666666,27.6,59.4,100.0,21.0,-2.8,3.7353222,0.0,20.5,21.02777777,31.25,30.883333333333333,31.9,32.7,31.35,-0.9002962700000019,-0.1037037199999986,-0.6439999999999984,21.04,18.084666666666667,21.41913578333333,20.837777777777777,5.8529935,5.857032,5.8425417,6.110929,5.750273,0,4.0,0,0.0,-0.38,8.1,91.9
2023-04-01 16:15:00,1181.453573433328,0.0,0.0,21.02777777,18.084666666666667,31.35,0,5.1764362714980825,70.66250196097344,16,5,4,-0.8660254037844385,-0.5000000000000004,-0.9749279121818236,-0.2225209339563146,0.8660254037844387,-0.4999999999999998,487.75,594.25,653.4375,27.625,59.95,100.0,24.25,-2.1,4.0204887,0.0,19.3,20.53518516666667,31.416666666666668,31.25,30.883333333333333,31.9,33.63333333333333,-2.943111103333333,-0.2685185000000025,-2.3113333333333337,20.396,16.6,21.241358010000003,19.840222222222224,5.750273,5.8529935,5.857032,5.8425417,5.9947324,0,4.0,0,0.0,-0.45,9.2,90.8
2023-04-01 16:30:00,447.889861588884,0.0,0.0,20.53518516666667,16.6,33.63333333333333,0,5.1764362714980825,70.66250196097344,16,5,4,-0.8660254037844385,-0.5000000000000004,-0.9749279121818236,-0.2225209339563146,0.8660254037844387,-0.4999999999999998,366.5,523.25,624.8125,27.65,60.5,100.0,27.5,-1.4,4.2468686,0.0,18.1,20.166666650000003,31.35,31.416666666666668,31.25,30.883333333333333,36.55,-3.935185166666667,-0.4925926033333319,-1.4846666666666657,18.084666666666667,14.96,20.953086402222223,18.360222222222223,5.9947324,5.750273,5.8529935,5.857032,6.375894,0,4.0,0,0.0,-0.55,11.3,88.7
2023-04-01 16:45:00,449.55618378333,0.0,0.0,20.166666650000003,14.96,36.55,0,5.1764362714980825,70.66250196097344,16,5,4,-0.8660254037844385,-0.5000000000000004,-0.9749279121818236,-0.2225209339563146,0.8660254037844387,-0.4999999999999998,245.25,427.125,587.9166666666666,27.675,61.05,100.0,30.75,-0.7000000000000002,4.4203568,0.0,16.9,20.06851853,33.63333333333333,31.35,31.416666666666668,31.25,39.13333333333333,-5.2066666500000025,-0.3685185166666649,-1.6400000000000006,16.6,13.012,20.57654319555556,16.548222222222225,6.375894,5.9947324,5.750273,5.8529935,6.787453,0,4.0,0,0.0,-0.62,13.0,87.0
2023-04-01 17:00:00,498.614499155552,0.0,0.0,20.06851853,13.012,39.13333333333333,0,5.1764362714980825,70.66250196097344,17,5,4,-0.9659258262890684,-0.2588190451025206,-0.9749279121818236,-0.2225209339563146,0.8660254037844387,-0.4999999999999998,124.0,305.875,542.75,27.7,61.6,100.0,34.0,0.0,4.5464196,0.0,15.7,20.28888888,36.55,33.63333333333333,31.35,31.416666666666668,41.7,-7.056518530000002,-0.0981481200000011,-1.9480000000000004,14.96,11.648666666666664,20.25679011555556,14.857333333333337,6.787453,6.375894,5.9947324,5.750273,7.3264327,0,4.0,0,0.0,-0.62,13.1,86.9
2023-04-01 17:15:00,1163.545123033332,0.0,0.0,20.28888888,11.648666666666664,41.7,0,5.1764362714980825,70.66250196097344,17,5,4,-0.9659258262890684,-0.2588190451025206,-0.9749279121818236,-0.2225209339563146,0.8660254037844387,-0.4999999999999998,100.5,209.0625,495.0833333333333,24.325,61.225,100.0,50.25,1.975,5.983534,0.475,13.8,20.42592593,39.13333333333333,36.55,33.63333333333333,31.35,45.05,-8.640222213333333,0.220370349999996,-1.363333333333335,13.012,10.610666666666669,20.174691353333337,13.20688888888889,7.3264327,6.787453,6.375894,5.9947324,7.9785976,0,4.0,0,0.0,-0.56,11.5,88.5
2023-04-01 17:30:00,986.61553396666,0.0,0.0,20.42592593,10.610666666666669,45.05,0,5.1764362714980825,70.66250196097344,17,5,4,-0.9659258262890684,-0.2588190451025206,-0.9749279121818236,-0.2225209339563146,0.8660254037844387,-0.4999999999999998,77.0,136.6875,444.9166666666667,20.95,60.85,100.0,66.5,3.95,7.038843,0.95,11.9,20.66666665,41.7,39.13333333333333,36.55,33.63333333333333,54.25,-9.815259263333337,0.1370370500000035,-1.0379999999999985,11.648666666666664,9.703333333333337,20.26111111333334,11.757111111111112,7.9785976,7.3264327,6.787453,6.375894,9.743786,0,4.0,0,0.0,-0.51,10.4,89.6
2023-04-01 17:45:00,835.948783011108,0.0,0.0,20.66666665,9.703333333333337,54.25,0,5.1764362714980825,70.66250196097344,17,5,4,-0.9659258262890684,-0.2588190451025206,-0.9749279121818236,-0.2225209339563146,0.8660254037844387,-0.4999999999999998,53.5,88.75,392.25,17.575,60.475,100.0,82.75,5.925,7.7716794,1.4249999999999998,10.0,20.86666663,45.05,41.7,39.13333333333333,36.55,58.56666666666667,-10.963333316666665,0.240740719999998,-0.907333333333332,10.610666666666669,9.427333333333332,20.46049382,10.654222222222224,9.743786,7.9785976,7.3264327,6.787453,10.642271,0,4.0,0,0.0,-0.4,8.3,91.7
2023-04-01 18:00:00,931.798559966664,0.0,0.0,20.86666663,9.427333333333332,58.56666666666667,0,5.1764362714980825,70.66250196097344,18,5,4,-1.0,-1.8369701987210294e-16,-0.9749279121818236,-0.2225209339563146,0.8660254037844387,-0.4999999999999998,30.0,65.25,337.0833333333333,14.2,60.1,100.0,99.0,7.9,8.234569,1.9,8.1,20.98888888,54.25,45.05,41.7,39.13333333333333,57.5,-11.439333296666668,0.1999999800000012,-0.2760000000000016,9.703333333333337,9.65,20.653086403333333,9.91377777777778,10.642271,9.743786,7.9785976,7.3264327,10.52295,0,4.0,0,0.0,-0.32,7.2,92.8
2023-04-01 18:15:00,1496.702074038886,0.0,0.0,20.98888888,9.65,57.5,0,5.1764362714980825,70.66250196097344,18,5,4,-1.0,-1.8369701987210294e-16,-0.9749279121818236,-0.2225209339563146,0.8660254037844387,-0.4999999999999998,28.5,47.25,283.5208333333333,14.625,53.0,100.0,96.0,7.6,8.062513,1.45,8.25,21.051851893333332,58.56666666666667,54.25,45.05,41.7,56.766666666666666,-11.338888879999995,0.1222222499999965,0.222666666666667,9.427333333333332,9.859333333333334,20.84074072,9.593555555555556,10.52295,10.642271,9.743786,7.9785976,10.42681,0,4.0,0,0.0,-0.3,6.9,93.1
2023-04-01 18:30:00,1473.078019072218,0.0,0.0,21.051851893333332,9.859333333333334,56.766666666666666,0,5.1764362714980825,70.66250196097344,18,5,4,-1.0,-1.8369701987210294e-16,-0.9749279121818236,-0.2225209339563146,0.8660254037844387,-0.4999999999999998,27.0,34.75,231.5625,15.05,45.9,100.0,93.0,7.300000000000001,7.8862534,1.0,8.399999999999999,21.01666668,57.5,58.56666666666667,54.25,45.05,54.7,-11.192518560000002,0.0629630133333378,0.2093333333333333,9.65,9.756666666666666,20.96913580111111,9.645555555555555,10.42681,10.52295,10.642271,9.743786,10.026695,0,4.0,0,0.0,-0.29,6.7,93.3
2023-04-01 18:45:00,173.09752040555,0.0,0.0,21.01666668,9.756666666666666,54.7,0,5.1764362714980825,70.66250196097344,18,5,4,-1.0,-1.8369701987210294e-16,-0.9749279121818236,-0.2225209339563146,0.8660254037844387,-0.4999999999999998,25.5,27.75,181.20833333333331,15.475,38.8,100.0,90.0,7.0,7.705726,0.55,8.549999999999999,21.0,56.766666666666666,57.5,58.56666666666667,54.25,53.38333333333333,-11.260000013333334,-0.0351852133333352,-0.1026666666666678,9.859333333333334,9.462666666666667,21.01913581777778,9.755333333333336,10.026695,10.42681,10.52295,10.642271,9.775876,0,4.0,0,0.0,-0.31,7.0,93.0
2023-04-01 19:00:00,698.56094536111,0.0,0.0,21.0,9.462666666666667,53.38333333333333,0,5.1764362714980825,70.66250196097344,19,5,4,-0.9659258262890684,0.2588190451025203,-0.9749279121818236,-0.2225209339563146,0.8660254037844387,-0.4999999999999998,24.0,26.25,132.45833333333334,15.9,31.7,100.0,87.0,6.7,7.5208774,0.1,8.7,20.966666640000003,54.7,56.766666666666666,57.5,58.56666666666667,53.5,-11.537333333333333,-0.0166666800000001,-0.2939999999999987,9.756666666666666,9.330666666666668,21.022839524444446,9.69288888888889,9.775876,10.026695,10.42681,10.52295,9.778282,0,4.0,0,0.0,-0.32,7.1,92.9
2023-04-01 19:15:00,1544.311280561114,0.0,0.0,20.966666640000003,9.330666666666668,53.5,0,5.1764362714980825,70.66250196097344,19,5,4,-0.9659258262890684,0.2588190451025203,-0.9749279121818236,-0.2225209339563146,0.8660254037844387,-0.4999999999999998,19.5,24.0,93.4375,16.275,31.525,100.0,88.0,6.65,7.510344,0.075,8.5,20.996296293333334,53.38333333333333,54.7,56.766666666666666,57.5,54.9,-11.635999973333336,-0.0333333599999967,-0.1319999999999996,9.462666666666667,9.292666666666666,20.99444444,9.516666666666667,9.778282,9.775876,10.026695,10.42681,10.051453,0,4.0,0,0.0,-0.33,7.2,92.8
2023-04-01 19:30:00,1603.226146172222,0.0,0.0,20.996296293333334,9.292666666666666,54.9,0,5.1764362714980825,70.66250196097344,19,5,4,-0.9659258262890684,0.2588190451025203,-0.9749279121818236,-0.2225209339563146,0.8660254037844387,-0.4999999999999998,15.0,21.0,64.14583333333333,16.65,31.35,100.0,89.0,6.6,7.4987,0.05,8.3,21.0,53.5,53.38333333333333,54.7,56.766666666666666,54.55,-11.703629626666668,0.0296296533333304,-0.038000000000002,9.330666666666668,9.275333333333332,20.987654311111115,9.362,10.051453,9.778282,9.775876,10.026695,9.989523,0,4.0,0,0.0,-0.31,7.0,93.0
2023-04-01 19:45:00,1595.417292038882,0.0,0.0,21.0,9.275333333333332,54.55,0,5.1764362714980825,70.66250196097344,19,5,4,-0.9659258262890684,0.2588190451025203,-0.9749279121818236,-0.2225209339563146,0.8660254037844387,-0.4999999999999998,10.5,17.25,44.583333333333336,17.025,31.175,100.0,90.0,6.55,7.4859715,0.0249999999999999,8.1,21.0,54.9,53.5,53.38333333333333,54.7,53.2,-11.724666666666668,0.0037037066666663,-0.0173333333333332,9.292666666666666,9.487333333333334,20.987654311111115,9.299555555555555,9.989523,10.051453,9.778282,9.775876,9.742304,0,4.0,0,0.0,-0.31,7.0,93.0
2023-04-01 20:00:00,1241.685052877776,0.0,0.0,21.0,9.487333333333334,53.2,0,5.1764362714980825,70.66250196097344,20,5,4,-0.8660254037844386,0.5000000000000001,-0.9749279121818236,-0.2225209339563146,0.8660254037844387,-0.4999999999999998,6.0,12.75,34.75,17.4,31.0,100.0,91.0,6.5,7.4721837,0.0,7.9,21.00555556,54.55,54.9,53.5,53.38333333333333,52.9,-11.512666666666666,0.0,0.2120000000000015,9.275333333333332,9.285333333333334,20.998765431111117,9.351777777777778,9.742304,9.989523,10.051453,9.778282,9.690493,0,4.0,0,0.0,-0.32,7.2,92.8
2023-04-01 20:15:00,566.651221977776,0.0,0.0,21.00555556,9.285333333333334,52.9,0,5.1764362714980825,70.66250196097344,20,5,4,-0.8660254037844386,0.5000000000000001,-0.9749279121818236,-0.2225209339563146,0.8660254037844387,-0.4999999999999998,4.5,9.0,26.75,19.975,37.55,100.0,91.5,6.2,7.3333654,0.2,7.525,21.051851893333332,53.2,54.55,54.9,53.5,53.46666666666667,-11.720222226666667,0.0055555600000012,-0.2019999999999999,9.487333333333334,8.475333333333333,21.00185185333333,9.349333333333334,9.690493,9.742304,9.989523,10.051453,9.820672,0,4.0,0,0.0,-0.32,7.2,92.8
2023-04-01 20:30:00,1000.748579505558,0.0,0.0,21.051851893333332,8.475333333333333,53.46666666666667,0,5.1764362714980825,70.66250196097344,20,5,4,-0.8660254037844386,0.5000000000000001,-0.9749279121818236,-0.2225209339563146,0.8660254037844387,-0.4999999999999998,3.0,6.0,20.58333333333333,22.55,44.1,100.0,92.0,5.9,7.1963754,0.4,7.15,21.01111112,52.9,53.2,54.55,54.9,53.0,-12.576518560000002,0.0462963333333341,-0.8100000000000005,9.285333333333334,7.614,21.01913581777778,9.082666666666668,9.820672,9.690493,9.742304,9.989523,9.711945,0,4.0,0,0.0,-0.31,7.0,93.0
2023-04-01 20:45:00,860.9600047055541,0.0,0.0,21.01111112,7.614,53.0,0,5.1764362714980825,70.66250196097344,20,5,4,-0.8660254037844386,0.5000000000000001,-0.9749279121818236,-0.2225209339563146,0.8660254037844387,-0.4999999999999998,1.5,3.75,16.25,25.125,50.650000000000006,100.0,92.5,5.6,7.0612044,0.6000000000000001,6.775,20.927777756666668,53.46666666666667,52.9,53.2,54.55,51.05,-13.397111120000002,-0.0407407733333329,-0.8613333333333335,8.475333333333333,7.190666666666667,21.022839524444446,8.458222222222224,9.711945,9.820672,9.690493,9.742304,9.309425,0,4.0,0,0.0,-0.32,7.1,92.9
2023-04-01 21:00:00,139.47053203888998,0.0,0.0,20.927777756666668,7.190666666666667,51.05,0,5.1764362714980825,70.66250196097344,21,5,4,-0.7071067811865477,0.7071067811865474,-0.9749279121818236,-0.2225209339563146,0.8660254037844387,-0.4999999999999998,0.0,2.25,13.75,27.7,57.2,100.0,93.0,5.3,6.927847,0.8,6.4,20.84444443,53.0,53.46666666666667,52.9,53.2,49.2,-13.73711109,-0.0833333633333346,-0.4233333333333329,7.614,6.736666666666666,20.996913590000005,7.760000000000001,9.309425,9.711945,9.820672,9.690493,8.928684,0,4.0,0,0.0,-0.35,7.6,92.4
2023-04-01 21:15:00,128.619021766664,0.0,0.0,20.84444443,6.736666666666666,49.2,0,5.1764362714980825,70.66250196097344,21,5,4,-0.7071067811865477,0.7071067811865474,-0.9749279121818236,-0.2225209339563146,0.8660254037844387,-0.4999999999999998,0.0,1.125,11.375,27.775,58.025000000000006,100.0,93.0,4.75,6.6718736,0.675,5.825,20.76111111333333,51.05,53.0,53.46666666666667,52.9,47.88333333333333,-14.107777763333331,-0.0833333266666684,-0.4540000000000006,7.190666666666667,5.899333333333333,20.92777776888889,7.180444444444446,8.928684,9.309425,9.711945,9.820672,8.647703,0,4.0,0,0.0,-0.38,8.1,91.9
2023-04-01 21:30:00,135.920951844444,0.0,0.0,20.76111111333333,5.899333333333333,47.88333333333333,0,5.1764362714980825,70.66250196097344,21,5,4,-0.7071067811865477,0.7071067811865474,-0.9749279121818236,-0.2225209339563146,0.8660254037844387,-0.4999999999999998,0.0,0.375,9.125,27.85,58.85,100.0,93.0,4.2,6.424206,0.55,5.25,20.638888880000003,49.2,51.05,53.0,53.46666666666667,47.1,-14.861777780000002,-0.0833333166666641,-0.8373333333333335,6.736666666666666,5.602,20.844444433333333,6.608888888888889,8.647703,8.928684,9.309425,9.711945,8.445903,0,4.0,0,0.0,-0.41,8.5,91.5
2023-04-01 21:45:00,150.067608188888,0.0,0.0,20.638888880000003,5.602,47.1,0,5.1764362714980825,70.66250196097344,21,5,4,-0.7071067811865477,0.7071067811865474,-0.9749279121818236,-0.2225209339563146,0.8660254037844387,-0.4999999999999998,0.0,0.0,7.0,27.925,59.675,100.0,93.0,3.65,6.184615,0.425,4.675,20.53888891333333,47.88333333333333,49.2,51.05,53.0,46.53333333333333,-15.036888880000005,-0.122222233333332,-0.2973333333333325,5.899333333333333,5.203333333333333,20.748148141111116,6.079333333333334,8.445903,8.647703,8.928684,9.309425,8.295794,0,4.0,0,0.0,-0.44,9.1,90.9
2023-04-01 22:00:00,135.713460094446,0.0,0.0,20.53888891333333,5.203333333333333,46.53333333333333,0,5.1764362714980825,70.66250196097344,22,5,4,-0.5000000000000004,0.8660254037844384,-0.9749279121818236,-0.2225209339563146,0.8660254037844387,-0.4999999999999998,0.0,0.0,5.0,28.0,60.5,100.0,93.0,3.1,5.9528766,0.3,4.1,20.46111108,47.1,47.88333333333333,49.2,51.05,46.1,-15.33555558,-0.0999999666666688,-0.3986666666666671,5.602,4.633333333333334,20.646296302222225,5.568222222222222,8.295794,8.445903,8.647703,8.928684,8.181336,0,4.0,0,0.0,-0.47,9.6,90.4
2023-04-01 22:15:00,140.291888166664,0.0,0.0,20.46111108,4.633333333333334,46.1,0,5.1764362714980825,70.66250196097344,22,5,4,-0.5000000000000004,0.8660254037844384,-0.9749279121818236,-0.2225209339563146,0.8660254037844387,-0.4999999999999998,0.0,0.0,3.375,26.725,60.125,100.0,94.75,2.85,5.875731,0.55,3.625,20.40370366333333,46.53333333333333,47.1,47.88333333333333,49.2,45.35,-15.82777774666667,-0.0777778333333323,-0.5699999999999994,5.203333333333333,4.157333333333333,20.54629629111112,5.146222222222224,8.181336,8.295794,8.445903,8.647703,8.021317,0,4.0,0,0.0,-0.49,10.1,89.9
2023-04-01 22:30:00,141.18713003889,0.0,0.0,20.40370366333333,4.157333333333333,45.35,0,5.1764362714980825,70.66250196097344,22,5,4,-0.5000000000000004,0.8660254037844384,-0.9749279121818236,-0.2225209339563146,0.8660254037844387,-0.4999999999999998,0.0,0.0,2.125,25.45,59.75,100.0,96.5,2.6,5.796878,0.8,3.15,20.28888889,46.1,46.53333333333333,47.1,47.88333333333333,44.9,-16.246370329999998,-0.0574074166666704,-0.4760000000000008,4.633333333333334,3.965333333333333,20.467901218888887,4.664666666666668,8.021317,8.181336,8.295794,8.445903,7.888653,0,4.0,0,0.0,-0.51,10.4,89.6
2023-04-01 22:45:00,116.05980167223,0.0,0.0,20.28888889,3.965333333333333,44.9,0,5.1764362714980825,70.66250196097344,22,5,4,-0.5000000000000004,0.8660254037844384,-0.9749279121818236,-0.2225209339563146,0.8660254037844387,-0.4999999999999998,0.0,0.0,1.25,24.175,59.375,100.0,98.25,2.35,5.7164803,1.05,2.675,20.18518517,45.35,46.1,46.53333333333333,47.1,43.88333333333333,-16.323555556666665,-0.1148147733333324,-0.1919999999999997,4.157333333333333,3.836,20.38456787777778,4.252000000000001,7.888653,8.021317,8.181336,8.295794,7.663438,0,4.0,0,0.0,-0.54,11.1,88.9
2023-04-01 23:00:00,392.261531094446,0.0,0.0,20.18518517,3.836,43.88333333333333,0,5.1764362714980825,70.66250196097344,23,5,4,-0.2588190451025215,0.965925826289068,-0.9749279121818236,-0.2225209339563146,0.8660254037844387,-0.4999999999999998,0.0,0.0,0.75,22.9,59.0,100.0,100.0,2.1,5.6346908,1.3,2.2,20.02222222,44.9,45.35,46.1,46.53333333333333,43.15,-16.349185170000002,-0.1037037199999986,-0.1293333333333333,3.965333333333333,3.583333333333333,20.292592574444445,3.986222222222223,7.663438,7.888653,8.021317,8.181336,7.4638667,0,4.0,0,0.0,-0.57,11.8,88.2
2023-04-01 23:15:00,134.166299783334,0.0,0.0,20.02222222,3.583333333333333,43.15,0,5.1764362714980825,70.66250196097344,23,5,4,-0.2588190451025215,0.965925826289068,-0.9749279121818236,-0.2225209339563146,0.8660254037844387,-0.4999999999999998,0.0,0.0,0.375,22.525,55.85,100.0,99.25,1.725,5.4892483,1.05,1.9250000000000005,19.85555557,43.88333333333333,44.9,45.35,46.1,42.81666666666667,-16.438888886666668,-0.1629629500000007,-0.2526666666666664,3.836,3.259333333333333,20.165432093333333,3.79488888888889,7.4638667,7.663438,7.888653,8.021317,7.334242,0,4.0,0,0.0,-0.61,12.8,87.2
2023-04-01 23:30:00,80.814822994438,0.0,0.0,19.85555557,3.259333333333333,42.81666666666667,0,5.1764362714980825,70.66250196097344,23,5,4,-0.2588190451025215,0.965925826289068,-0.9749279121818236,-0.2225209339563146,0.8660254037844387,-0.4999999999999998,0.0,0.0,0.125,22.15,52.7,100.0,98.5,1.35,5.347024,0.8,1.65,19.73333333,43.15,43.88333333333333,44.9,45.35,42.5,-16.596222236666666,-0.1666666499999998,-0.3240000000000003,3.583333333333333,2.944666666666667,20.02098765333333,3.5595555555555567,7.334242,7.4638667,7.663438,7.888653,7.227999,0,4.0,0,0.0,-0.65,13.9,86.1
2023-04-01 23:45:00,79.590705277772,0.0,0.0,19.73333333,2.944666666666667,42.5,0,5.1764362714980825,70.66250196097344,23,5,4,-0.2588190451025215,0.965925826289068,-0.9749279121818236,-0.2225209339563146,0.8660254037844387,-0.4999999999999998,0.0,0.0,0.0,21.775,49.55,100.0,97.75,0.975,5.207957,0.55,1.375,19.629629663333333,42.81666666666667,43.15,43.88333333333333,44.9,42.31666666666667,-16.788666663333334,-0.1222222399999992,-0.3146666666666662,3.259333333333333,2.372666666666667,19.870370373333333,3.2624444444444456,7.227999,7.334242,7.4638667,7.663438,7.153138,0,4.0,0,0.0,-0.68,14.8,85.2
2023-04-02 00:00:00,84.30496108333,0.0,0.0,19.629629663333333,2.372666666666667,42.31666666666667,0,5.1764362714980825,70.66250196097344,0,6,4,0.0,1.0,-0.7818314824680299,0.6234898018587334,0.8660254037844387,-0.4999999999999998,0.0,0.0,0.0,21.4,46.4,100.0,97.0,0.6,5.0719886,0.3,1.1,19.50555557,42.5,42.81666666666667,43.15,43.88333333333333,41.3,-17.256962996666665,-0.1037036666666679,-0.5720000000000001,2.944666666666667,2.317333333333333,19.739506187777778,2.85888888888889,7.153138,7.227999,7.334242,7.4638667,6.9305725,0,4.0,0,0.0,-0.71,15.5,84.5
2023-04-02 00:15:00,434.18957622222,0.0,0.0,19.50555557,2.317333333333333,41.3,0,5.1764362714980825,70.66250196097344,0,6,4,0.0,1.0,-0.7818314824680299,0.6234898018587334,0.8660254037844387,-0.4999999999999998,0.0,0.0,0.0,21.525,46.6,100.0,96.5,0.3999999999999999,5.0029464,0.325,0.975,19.37592592,42.31666666666667,42.5,42.81666666666667,43.15,41.0,-17.188222236666668,-0.1240740933333306,-0.0553333333333339,2.372666666666667,2.2,19.622839521111118,2.5448888888888903,6.9305725,7.153138,7.227999,7.334242,6.827974,0,4.0,0,0.0,-0.74,16.6,83.4
2023-04-02 00:30:00,46.064824133328,0.0,0.0,19.37592592,2.2,41.0,0,5.1764362714980825,70.66250196097344,0,6,4,0.0,1.0,-0.7818314824680299,0.6234898018587334,0.8660254037844387,-0.4999999999999998,0.0,0.0,0.0,21.65,46.8,100.0,96.0,0.1999999999999999,4.934666,0.35,0.8500000000000001,19.28888889,41.3,42.31666666666667,42.5,42.81666666666667,40.65,-17.17592592,-0.1296296500000018,-0.1173333333333328,2.317333333333333,1.9813333333333327,19.50370371777778,2.296666666666668,6.827974,6.9305725,7.153138,7.227999,6.7350907,0,4.0,0,0.0,-0.77,17.6,82.4
2023-04-02 00:45:00,57.586585344444,0.0,0.0,19.28888889,1.9813333333333327,40.65,0,5.1764362714980825,70.66250196097344,0,6,4,0.0,1.0,-0.7818314824680299,0.6234898018587334,0.8660254037844387,-0.4999999999999998,0.0,0.0,0.0,21.775,47.0,100.0,95.5,-1.1102230246251563e-16,4.867142,0.375,0.725,19.205555556666663,41.0,41.3,42.31666666666667,42.5,40.31666666666667,-17.307555556666667,-0.0870370300000011,-0.218666666666667,2.2,1.49,19.39012346,2.166222222222223,6.7350907,6.827974,6.9305725,7.153138,6.647152,0,4.0,0,0.0,-0.8,18.4,81.6
2023-04-02 01:00:00,43.444095549998,0.0,0.0,19.205555556666663,1.49,40.31666666666667,0,5.1764362714980825,70.66250196097344,1,6,4,0.2588190451025207,0.9659258262890684,-0.7818314824680299,0.6234898018587334,0.8660254037844387,-0.4999999999999998,0.0,0.0,0.0,21.9,47.2,100.0,95.0,-0.2,4.8003664,0.4,0.6,19.15555559,40.65,41.0,41.3,42.31666666666667,39.95,-17.715555556666665,-0.0833333333333357,-0.4913333333333332,1.9813333333333327,1.0693333333333332,19.290123455555555,1.8904444444444453,6.647152,6.7350907,6.827974,6.9305725,6.56732,0,4.0,0,0.0,-0.82,19.1,80.9
2023-04-02 01:15:00,30.7596029,0.0,0.0,19.15555559,1.0693333333333332,39.95,0,5.1764362714980825,70.66250196097344,1,6,4,0.2588190451025207,0.9659258262890684,-0.7818314824680299,0.6234898018587334,0.8660254037844387,-0.4999999999999998,0.0,0.0,0.0,21.85,47.375,100.0,92.75,-0.675,4.630741,0.35,0.425,19.04259262,40.31666666666667,40.65,41.0,41.3,39.35,-18.08622225666667,-0.049999966666661,-0.4206666666666667,1.49,1.0786666666666669,19.21666667888889,1.5135555555555569,6.56732,6.647152,6.7350907,6.827974,6.4257355,0,4.0,0,0.0,-0.83,19.6,80.4
2023-04-02 01:30:00,41.421120872222,0.0,0.0,19.04259262,1.0786666666666669,39.35,0,5.1764362714980825,70.66250196097344,1,6,4,0.2588190451025207,0.9659258262890684,-0.7818314824680299,0.6234898018587334,0.8660254037844387,-0.4999999999999998,0.0,0.0,0.0,21.8,47.55,100.0,90.5,-1.15,4.4643993,0.3,0.25,18.95555553,39.95,40.31666666666667,40.65,41.0,39.0,-17.963925953333334,-0.1129629700000016,0.0093333333333334,1.0693333333333332,1.156,19.134567922222224,1.212666666666668,6.4257355,6.56732,6.647152,6.7350907,6.3359504,0,4.0,0,0.0,-0.86,20.7,79.3
2023-04-02 01:45:00,55.708604850002,0.0,0.0,18.95555553,1.156,39.0,0,5.1764362714980825,70.66250196097344,1,6,4,0.2588190451025207,0.9659258262890684,-0.7818314824680299,0.6234898018587334,0.8660254037844387,-0.4999999999999998,0.0,0.0,0.0,21.75,47.725,100.0,88.25,-1.6250000000000002,4.301297,0.25,0.075,18.87222221333333,39.35,39.95,40.31666666666667,40.65,38.81666666666667,-17.799555530000003,-0.087037089999999,0.0773333333333332,1.0786666666666669,1.1673333333333331,19.051234580000003,1.1013333333333344,6.3359504,6.4257355,6.56732,6.647152,6.2752066,0,4.0,0,0.0,-0.88,21.5,78.5
2023-04-02 02:00:00,34.319182777776,0.0,0.0,18.87222221333333,1.1673333333333331,38.81666666666667,0,5.1764362714980825,70.66250196097344,2,6,4,0.4999999999999999,0.8660254037844387,-0.7818314824680299,0.6234898018587334,0.8660254037844387,-0.4999999999999998,0.0,0.0,0.0,21.7,47.9,100.0,86.0,-2.1,4.1413856,0.2,-0.1,18.79444445,39.0,39.35,39.95,40.31666666666667,38.1,-17.70488888,-0.0833333166666712,0.0113333333333331,1.156,1.104,18.956790121111112,1.1340000000000012,6.2752066,6.3359504,6.4257355,6.56732,6.131103,0,4.0,0,0.0,-0.9,22.2,77.8
2023-04-02 02:15:00,30.049631349998,0.0,0.0,18.79444445,1.104,38.1,0,5.1764362714980825,70.66250196097344,2,6,4,0.4999999999999999,0.8660254037844387,-0.7818314824680299,0.6234898018587334,0.8660254037844387,-0.4999999999999998,0.0,0.0,0.0,21.75,48.075,100.0,82.5,-2.85,3.9251473,0.15,-0.275,18.73703706333333,38.81666666666667,39.0,39.35,39.95,37.53333333333333,-17.69044445,-0.07777776333333,-0.063333333333333,1.1673333333333331,1.1646666666666663,18.874074064444446,1.1424444444444457,6.131103,6.2752066,6.3359504,6.4257355,6.0194473,0,4.0,0,0.0,-0.93,23.1,76.9
2023-04-02 02:30:00,48.06029984444,0.0,0.0,18.73703706333333,1.1646666666666663,37.53333333333333,0,5.1764362714980825,70.66250196097344,2,6,4,0.4999999999999999,0.8660254037844387,-0.7818314824680299,0.6234898018587334,0.8660254037844387,-0.4999999999999998,0.0,0.0,0.0,21.8,48.25,100.0,79.0,-3.6,3.713437,0.1,-0.45,18.66111114,38.1,38.81666666666667,39.0,39.35,37.1,-17.572370396666667,-0.057407386666668,0.0606666666666664,1.104,0.9653333333333334,18.801234575555554,1.1453333333333344,6.0194473,6.131103,6.2752066,6.3359504,5.9232864,0,4.0,0,0.0,-0.94,23.7,76.3
2023-04-02 02:45:00,45.346797238886,0.0,0.0,18.66111114,0.9653333333333334,37.1,0,5.1764362714980825,70.66250196097344,2,6,4,0.4999999999999999,0.8660254037844387,-0.7818314824680299,0.6234898018587334,0.8660254037844387,-0.4999999999999998,0.0,0.0,0.0,21.85,48.425,100.0,75.5,-4.35,3.506187,0.0499999999999999,-0.625,18.59444445666667,37.53333333333333,38.1,38.81666666666667,39.0,36.53333333333333,-17.695777806666666,-0.0759259233333331,-0.1993333333333331,1.1646666666666663,0.766,18.73086421777778,1.0780000000000012,5.9232864,6.0194473,6.131103,6.2752066,5.8098407,0,4.0,0,0.0,-0.96,24.5,75.5
2023-04-02 03:00:00,34.418900905558004,0.0,0.0,18.59444445666667,0.766,36.53333333333333,0,5.1764362714980825,70.66250196097344,3,6,4,0.7071067811865476,0.7071067811865476,-0.7818314824680299,0.6234898018587334,0.8660254037844387,-0.4999999999999998,0.0,0.0,0.0,21.9,48.6,100.0,72.0,-5.1,3.3033302,0.0,-0.8,18.51111112,37.1,37.53333333333333,38.1,38.81666666666667,36.15,-17.828444456666666,-0.0666666833333309,-0.1993333333333333,0.9653333333333334,0.53,18.66419755333333,0.9653333333333344,5.8098407,5.9232864,6.0194473,6.131103,5.7205763,0,4.0,0,0.0,-0.98,25.3,74.7
2023-04-02 03:15:00,37.598218311108,0.0,0.0,18.51111112,0.53,36.15,0,5.1764362714980825,70.66250196097344,3,6,4,0.7071067811865476,0.7071067811865476,-0.7818314824680299,0.6234898018587334,0.8660254037844387,-0.4999999999999998,0.0,0.0,0.0,22.225,50.125,94.75,69.25,-5.9,3.1279068,0.0,-1.025,18.448148106666665,36.53333333333333,37.1,37.53333333333333,38.1,35.81666666666667,-17.98111112,-0.0833333366666657,-0.236,0.766,0.362,18.58888890555556,0.753777777777779,5.7205763,5.8098407,5.9232864,6.0194473,5.6467185,0,4.0,0,0.0,-1.0,26.2,73.8
2023-04-02 03:30:00,37.785155299996,0.0,0.0,18.448148106666665,0.362,35.81666666666667,0,5.1764362714980825,70.66250196097344,3,6,4,0.7071067811865476,0.7071067811865476,-0.7818314824680299,0.6234898018587334,0.8660254037844387,-0.4999999999999998,0.0,0.0,0.0,22.55,51.650000000000006,89.5,66.5,-6.7,2.9570403,0.0,-1.25,18.39999999,36.15,36.53333333333333,37.1,37.53333333333333,35.15,-18.086148106666663,-0.0629630133333378,-0.1679999999999999,0.53,0.232,18.51790122777778,0.5526666666666679,5.6467185,5.7205763,5.8098407,5.9232864,5.5258174,0,4.0,0,0.0,-1.02,26.9,73.1
2023-04-02 03:45:00,45.513179366668,0.0,0.0,18.39999999,0.232,35.15,0,5.1764362714980825,70.66250196097344,3,6,4,0.7071067811865476,0.7071067811865476,-0.7818314824680299,0.6234898018587334,0.8660254037844387,-0.4999999999999998,0.0,0.0,0.0,22.875,53.175,84.25,63.75,-7.5,2.7906437,0.0,-1.475,18.337037006666662,35.81666666666667,36.15,36.53333333333333,37.1,34.81666666666667,-18.16799999,-0.0481481166666633,-0.13,0.362,0.1933333333333333,18.45308640555556,0.3746666666666678,5.5258174,5.6467185,5.7205763,5.8098407,5.453013,0,4.0,0,0.0,-1.03,27.5,72.5
2023-04-02 04:00:00,312.005297105554,0.0,0.0,18.337037006666662,0.1933333333333333,34.81666666666667,0,5.1764362714980825,70.66250196097344,4,6,4,0.8660254037844386,0.5000000000000001,-0.7818314824680299,0.6234898018587334,0.8660254037844387,-0.4999999999999998,0.0,0.0,0.0,23.2,54.7,79.0,61.0,-8.3,2.6286304,0.0,-1.7,18.29444445,35.15,35.81666666666667,36.15,36.53333333333333,34.45,-18.14370367333333,-0.0629629833333353,-0.0386666666666666,0.232,0.0433333333333333,18.395061701111118,0.2624444444444456,5.453013,5.5258174,5.6467185,5.7205763,5.3819675,0,4.0,0,0.0,-1.05,28.2,71.8
2023-04-02 04:15:00,36.614368749998,0.0,0.0,18.29444445,0.0433333333333333,34.45,0,5.1764362714980825,70.66250196097344,4,6,4,0.8660254037844386,0.5000000000000001,-0.7818314824680299,0.6234898018587334,0.8660254037844387,-0.4999999999999998,0.0,0.0,0.0,22.75,53.975,61.0,60.0,-8.825000000000001,2.522952,0.0,-2.05,18.257407413333333,34.81666666666667,35.15,35.81666666666667,36.15,34.03333333333333,-18.251111116666667,-0.0425925566666656,-0.15,0.1933333333333333,-0.2846666666666667,18.34382714888889,0.1562222222222234,5.3819675,5.453013,5.5258174,5.6467185,5.305196,0,4.0,0,0.0,-1.06,28.7,71.3
2023-04-02 04:30:00,32.853408077776,0.0,0.0,18.257407413333333,-0.2846666666666667,34.03333333333333,0,5.1764362714980825,70.66250196097344,4,6,4,0.8660254037844386,0.5000000000000001,-0.7818314824680299,0.6234898018587334,0.8660254037844387,-0.4999999999999998,0.0,0.0,0.0,22.3,53.25,43.0,59.0,-9.35,2.420673,0.0,-2.4,18.17777779,34.45,34.81666666666667,35.15,35.81666666666667,33.65,-18.54207408,-0.0370370366666676,-0.328,0.0433333333333333,-0.452,18.29629629,-0.0159999999999988,5.305196,5.3819675,5.453013,5.5258174,5.220697,0,4.0,0,0.0,-1.07,29.2,70.8
2023-04-02 04:45:00,46.598691527778,0.0,0.0,18.17777779,-0.452,33.65,0,5.1764362714980825,70.66250196097344,4,6,4,0.8660254037844386,0.5000000000000001,-0.7818314824680299,0.6234898018587334,0.8660254037844387,-0.4999999999999998,0.0,0.0,0.0,21.85,52.525,25.0,58.0,-9.875,2.3217018,0.0,-2.75,18.11481480666667,34.03333333333333,34.45,34.81666666666667,35.15,33.31666666666667,-18.62977779,-0.0796296233333322,-0.1673333333333333,-0.2846666666666667,-0.748,18.243209884444443,-0.2311111111111099,5.220697,5.305196,5.3819675,5.453013,5.1496787,0,4.0,0,0.0,-1.09,30.1,69.9
2023-04-02 05:00:00,47.047562572218,0.0,0.0,18.11481480666667,-0.748,33.31666666666667,0,5.1764362714980825,70.66250196097344,5,6,4,0.9659258262890684,0.2588190451025207,-0.7818314824680299,0.6234898018587334,0.8660254037844387,-0.4999999999999998,0.0,0.0,0.0,21.4,51.8,7.0,57.0,-10.4,2.2259507,0.0,-3.1,18.07222225,33.65,34.03333333333333,34.45,34.81666666666667,32.65,-18.86281480666667,-0.0629629833333318,-0.296,-0.452,-1.0753333333333333,18.183333336666667,-0.4948888888888876,5.1496787,5.220697,5.305196,5.3819675,5.033872,0,4.0,0,0.0,-1.11,30.8,69.2
2023-04-02 05:15:00,30.209347177776,0.0,0.0,18.07222225,-1.0753333333333333,32.65,0,5.1764362714980825,70.66250196097344,5,6,4,0.9659258262890684,0.2588190451025207,-0.7818314824680299,0.6234898018587334,0.8660254037844387,-0.4999999999999998,0.0,0.0,0.0,20.625,50.275,5.75,57.25,-10.7,2.1809528,0.0,-3.45,18.03518521333333,33.31666666666667,33.65,34.03333333333333,34.45,32.31666666666667,-19.14755558333333,-0.0425925566666691,-0.3273333333333332,-0.748,-1.318,18.12160494888889,-0.7584444444444433,5.033872,5.1496787,5.220697,5.305196,4.97152,0,4.0,0,0.0,-1.12,31.4,68.6
2023-04-02 05:30:00,30.046853711108,0.0,0.0,18.03518521333333,-1.318,32.31666666666667,0,5.1764362714980825,70.66250196097344,5,6,4,0.9659258262890684,0.2588190451025207,-0.7818314824680299,0.6234898018587334,0.8660254037844387,-0.4999999999999998,0.0,0.0,0.0,19.85,48.75,4.5,57.5,-11.0,2.1366642,0.0,-3.8,17.95555553,32.65,33.31666666666667,33.65,34.03333333333333,31.95,-19.353185213333333,-0.0370370366666676,-0.2426666666666668,-1.0753333333333333,-1.582,18.07407409,-1.04711111111111,4.97152,5.033872,5.1496787,5.220697,4.8918843,0,4.0,0,0.0,-1.13,31.9,68.1
2023-04-02 05:45:00,53.600911661102,0.0,0.0,17.95555553,-1.582,31.95,0,5.1764362714980825,70.66250196097344,5,6,4,0.9659258262890684,0.2588190451025207,-0.7818314824680299,0.6234898018587334,0.8660254037844387,-0.4999999999999998,0.0,0.0,0.0,19.075,47.225,3.25,57.75,-11.3,2.0930789,0.0,-4.15,17.8925926,32.31666666666667,32.65,33.31666666666667,33.65,31.53333333333333,-19.53755553,-0.07962968333333,-0.264,-1.318,-1.9513333333333331,18.020987664444444,-1.32511111111111,4.8918843,4.97152,5.033872,5.1496787,4.8100295,0,4.0,0,0.0,-1.15,32.9,67.1
2023-04-02 06:00:00,40.864476405558,0.0,0.0,17.8925926,-1.9513333333333331,31.53333333333333,0,5.1764362714980825,70.66250196097344,6,6,4,1.0,6.123233995736766e-17,-0.7818314824680299,0.6234898018587334,0.8660254037844387,-0.4999999999999998,0.0,0.0,0.0,18.3,45.7,2.0,58.0,-11.6,2.0501902,0.0,-4.5,17.84999998,31.95,32.31666666666667,32.65,33.31666666666667,31.1,-19.84392593333333,-0.0629629300000012,-0.3693333333333333,-1.582,-2.1493333333333333,17.961111114444446,-1.61711111111111,4.8100295,4.8918843,4.97152,5.033872,4.731912,0,4.0,0,0.0,-1.17,33.7,66.3
2023-04-02 06:15:00,30.04852026111,0.0,0.0,17.84999998,-2.1493333333333333,31.1,0,5.1764362714980825,70.66250196097344,6,6,4,1.0,6.123233995736766e-17,-0.7818314824680299,0.6234898018587334,0.8660254037844387,-0.4999999999999998,0.25,0.0625,0.0208333333333333,17.875,44.0,1.5,58.25,-11.675,2.033368,0.0,-4.675,17.81296295,31.53333333333333,31.95,32.31666666666667,32.65,30.35,-19.99933331333333,-0.0425926200000006,-0.1979999999999999,-1.9513333333333331,-2.44,17.899382703333334,-1.8942222222222207,4.731912,4.8100295,4.8918843,4.97152,4.6076226,0,4.0,0,0.0,-1.18,34.3,65.7
2023-04-02 06:30:00,36.392155322224,0.0,0.0,17.81296295,-2.44,30.35,0,5.1764362714980825,70.66250196097344,6,6,4,1.0,6.123233995736766e-17,-0.7818314824680299,0.6234898018587334,0.8660254037844387,-0.4999999999999998,0.5,0.1875,0.0625,17.450000000000003,42.3,1.0,58.5,-11.75,2.0166094,0.0,-4.85,17.73333333,31.1,31.53333333333333,31.95,32.31666666666667,29.95,-20.25296295,-0.0370370300000004,-0.2906666666666666,-2.1493333333333333,-2.5886666666666667,17.851851843333336,-2.180222222222221,4.6076226,4.731912,4.8100295,4.8918843,4.525371,0,4.0,0,0.0,-1.19,34.9,65.1
2023-04-02 06:45:00,41.052246527786,0.0,0.0,17.73333333,-2.5886666666666667,29.95,0,5.1764362714980825,70.66250196097344,6,6,4,1.0,6.123233995736766e-17,-0.7818314824680299,0.6234898018587334,0.8660254037844387,-0.4999999999999998,0.75,0.375,0.125,17.025000000000002,40.6,0.5,58.75,-11.825,1.9999139,0.0,-5.025,17.670370400000003,30.35,31.1,31.53333333333333,31.95,29.53333333333333,-20.32199999666667,-0.0796296199999986,-0.1486666666666667,-2.44,-2.7486666666666664,17.79876542,-2.3926666666666656,4.525371,4.6076226,4.731912,4.8100295,4.4456916,0,4.0,0,0.0,-1.21,35.9,64.1
2023-04-02 07:00:00,45.393739711112,0.0,0.0,17.670370400000003,-2.7486666666666664,29.53333333333333,0,5.1764362714980825,70.66250196097344,7,6,4,0.9659258262890684,-0.2588190451025206,-0.7818314824680299,0.6234898018587334,0.8660254037844387,-0.4999999999999998,1.0,0.625,0.2083333333333333,16.6,38.9,0.0,59.0,-11.9,1.9832833,0.0,-5.2,17.62777778,29.95,30.35,31.1,31.53333333333333,29.1,-20.419037066666668,-0.0629629299999976,-0.1599999999999997,-2.5886666666666667,-2.776,17.738888893333336,-2.592444444444443,4.4456916,4.525371,4.6076226,4.731912,4.3693466,0,4.0,0,0.0,-1.23,36.7,63.3
2023-04-02 07:15:00,33.162006700004,0.0,0.0,17.62777778,-2.776,29.1,0,5.1764362714980825,70.66250196097344,7,6,4,0.9659258262890684,-0.2588190451025206,-0.7818314824680299,0.6234898018587334,0.8660254037844387,-0.4999999999999998,23.5,6.4375,2.1666666666666665,17.0,38.625,0.25,58.5,-11.875,1.9914037,0.0,-5.025,17.590740750000002,29.53333333333333,29.95,30.35,31.1,28.35,-20.40377778,-0.0425926200000041,-0.0273333333333338,-2.7486666666666664,-2.833333333333333,17.677160503333337,-2.704444444444443,4.3693466,4.4456916,4.525371,4.6076226,4.2473373,0,4.0,0,0.0,-1.24,37.3,62.7
2023-04-02 07:30:00,38.527903188892,0.0,0.0,17.590740750000002,-2.833333333333333,28.35,0,5.1764362714980825,70.66250196097344,7,6,4,0.9659258262890684,-0.2588190451025206,-0.7818314824680299,0.6234898018587334,0.8660254037844387,-0.4999999999999998,46.0,17.8125,6.0,17.4,38.35,0.5,58.0,-11.85,1.9993736,0.0,-4.85,17.5555556,29.1,29.53333333333333,29.95,30.35,27.6,-20.42407408333333,-0.0370370299999969,-0.0573333333333332,-2.776,-2.944666666666667,17.629629643333335,-2.785999999999999,4.2473373,4.3693466,4.4456916,4.525371,4.1263,0,4.0,0,0.0,-1.25,38.0,62.0
2023-04-02 07:45:00,29.700200727782,0.0,0.0,17.5555556,-2.944666666666667,27.6,0,5.1764362714980825,70.66250196097344,7,6,4,0.9659258262890684,-0.2588190451025206,-0.7818314824680299,0.6234898018587334,0.8660254037844387,-0.4999999999999998,68.5,34.75,11.708333333333334,17.8,38.075,0.75,57.5,-11.825,2.0071876,0.0,-4.675,17.5555556,28.35,29.1,29.53333333333333,29.95,26.85,-20.50022226666667,-0.0351851500000002,-0.1113333333333335,-2.833333333333333,-3.061333333333333,17.591358043333333,-2.8513333333333324,4.1263,4.2473373,4.3693466,4.4456916,4.014172,0,4.0,0,0.0,-1.27,38.6,61.4
2023-04-02 08:00:00,43.25326971667,0.0,0.0,17.5555556,-3.061333333333333,26.85,0,5.1764362714980825,70.66250196097344,8,6,4,0.8660254037844387,-0.4999999999999998,-0.7818314824680299,0.6234898018587334,0.8660254037844387,-0.4999999999999998,91.0,57.25,19.291666666666668,18.2,37.8,1.0,57.0,-11.8,2.0148423,0.0,-4.5,17.65000003,27.6,28.35,29.1,29.53333333333333,26.1,-20.616888933333332,0.0,-0.1166666666666662,-2.944666666666667,-2.9353333333333333,17.567283983333336,-2.9464444444444435,4.014172,4.1263,4.2473373,4.3693466,3.9240968,0,4.0,0,0.0,-1.27,38.8,61.2
2023-04-02 08:15:00,50.001333216666,0.0,0.0,17.65000003,-2.9353333333333333,26.1,0,5.1764362714980825,70.66250196097344,8,6,4,0.8660254037844387,-0.4999999999999998,-0.7818314824680299,0.6234898018587334,0.8660254037844387,-0.4999999999999998,134.25,84.9375,30.479166666666668,18.0,38.7,7.75,56.0,-11.85,2.0080206,0.0,-4.3,17.944444439999998,26.85,27.6,28.35,29.1,25.35,-20.585333363333334,0.0944444299999993,0.1259999999999999,-3.061333333333333,-2.924,17.58703707666667,-2.980444444444443,3.9240968,4.014172,4.1263,4.2473373,3.8787894,0,4.0,0,0.0,-1.25,37.8,62.2
2023-04-02 08:30:00,29.786864094442,0.0,0.0,17.944444439999998,-2.924,25.35,0,5.1764362714980825,70.66250196097344,8,6,4,0.8660254037844387,-0.4999999999999998,-0.7818314824680299,0.6234898018587334,0.8660254037844387,-0.4999999999999998,177.5,117.8125,45.270833333333336,17.799999999999997,39.6,14.5,55.0,-11.9,2.0005352,0.0,-4.1,18.39444443,26.1,26.85,27.6,28.35,24.6,-20.86844444,0.294444409999997,0.0113333333333334,-2.9353333333333333,-2.8833333333333333,17.71666669,-2.9735555555555546,3.8787894,3.9240968,4.014172,4.1263,3.8660123,0,4.0,0,0.0,-1.19,34.6,65.4
2023-04-02 08:45:00,29.72297761667,0.0,0.0,18.39444443,-2.8833333333333333,24.6,0,5.1764362714980825,70.66250196097344,8,6,4,0.8660254037844387,-0.4999999999999998,-0.7818314824680299,0.6234898018587334,0.8660254037844387,-0.4999999999999998,220.75,155.875,63.66666666666666,17.599999999999998,40.5,21.25,54.0,-11.95,1.9923695,0.0,-3.9,18.87777778333333,25.35,26.1,26.85,27.6,23.85,-21.277777763333333,0.449999990000002,0.0406666666666666,-2.924,-2.6926666666666668,17.9962963,-2.914222222222221,3.8660123,3.8787894,3.9240968,4.014172,3.8569205,0,4.0,0,0.0,-1.09,29.9,70.1
2023-04-02 09:00:00,39.72729959445,0.0,0.0,18.87777778333333,-2.6926666666666668,23.85,0,5.1764362714980825,70.66250196097344,9,6,4,0.7071067811865476,-0.7071067811865475,-0.7818314824680299,0.6234898018587334,0.8660254037844387,-0.4999999999999998,264.0,199.125,85.66666666666667,17.4,41.4,28.0,53.0,-12.0,1.9835081,0.0,-3.7,19.333333340000003,24.6,25.35,26.1,26.85,23.45,-21.57044445,0.4833333533333324,0.1906666666666665,-2.8833333333333333,-2.3646666666666665,18.40555555111111,-2.833333333333332,3.8569205,3.8660123,3.8787894,3.9240968,3.8954906,0,4.0,0,0.0,-0.98,25.3,74.7
2023-04-02 09:15:00,322.98235802222,0.0,0.0,19.333333340000003,-2.3646666666666665,23.45,0,5.1764362714980825,70.66250196097344,9,6,4,0.7071067811865476,-0.7071067811865475,-0.7818314824680299,0.6234898018587334,0.8660254037844387,-0.4999999999999998,315.0,244.3125,111.89583333333331,17.275,41.3,21.0,51.5,-12.1,1.9619052,0.0,-3.45,19.77037039,23.85,24.6,25.35,26.1,22.85,-21.698000006666668,0.4555555566666704,0.3280000000000003,-2.6926666666666668,-2.2993333333333337,18.868518517777783,-2.646888888888888,3.8954906,3.8569205,3.8660123,3.8787894,3.8945663,0,4.0,0,0.0,-0.88,21.3,78.7
2023-04-02 09:30:00,44.06184862222,0.0,0.0,19.77037039,-2.2993333333333337,22.85,0,5.1764362714980825,70.66250196097344,9,6,4,0.7071067811865476,-0.7071067811865475,-0.7818314824680299,0.6234898018587334,0.8660254037844387,-0.4999999999999998,366.0,291.4375,142.35416666666666,17.15,41.2,14.0,50.0,-12.2,1.9388174,0.0,-3.2,20.26111109,23.45,23.85,24.6,25.35,22.1,-22.069703723333333,0.4370370499999971,0.0653333333333328,-2.3646666666666665,-2.281333333333333,19.327160504444446,-2.4522222222222214,3.8945663,3.8954906,3.8569205,3.8660123,3.8765352,0,4.0,0,0.0,-0.78,17.9,82.1
2023-04-02 09:45:00,47.24533236111,0.0,0.0,20.26111109,-2.281333333333333,22.1,0,5.1764362714980825,70.66250196097344,9,6,4,0.7071067811865476,-0.7071067811865475,-0.7818314824680299,0.6234898018587334,0.8660254037844387,-0.4999999999999998,417.0,340.5,177.04166666666666,17.025,41.1,7.0,48.5,-12.3,1.9142045,0.0,-2.95,20.71481479,22.85,23.45,23.85,24.6,21.53333333333333,-22.542444423333333,0.4907406999999999,0.0180000000000002,-2.2993333333333337,-1.8766666666666665,19.78827160666667,-2.31511111111111,3.8765352,3.8945663,3.8954906,3.8569205,3.8784406,0,4.0,0,0.0,-0.68,14.6,85.4
2023-04-02 10:00:00,587.287063261106,0.0,0.0,20.71481479,-1.8766666666666665,21.53333333333333,0,5.1764362714980825,70.66250196097344,10,6,4,0.4999999999999999,-0.8660254037844387,-0.7818314824680299,0.6234898018587334,0.8660254037844387,-0.4999999999999998,468.0,391.5,215.95833333333331,16.9,41.0,0.0,47.0,-12.4,1.8880246,0.0,-2.7,21.1722222,22.1,22.85,23.45,23.85,21.1,-22.591481456666664,0.4537036999999984,0.4046666666666669,-2.281333333333333,-1.836666666666667,20.24876542333333,-2.1524444444444435,3.8784406,3.8765352,3.8945663,3.8954906,3.9027908,0,4.0,0,0.0,-0.58,12.0,88.0
2023-04-02 10:15:00,1241.95643092222,0.0,0.0,21.1722222,-1.836666666666667,21.1,0,5.1764362714980825,70.66250196097344,10,6,4,0.4999999999999999,-0.8660254037844387,-0.7818314824680299,0.6234898018587334,0.8660254037844387,-0.4999999999999998,513.0,441.0,256.75,16.7,41.0,0.0,46.0,-12.4,1.8906249,0.0,-2.375,21.65555558333333,21.53333333333333,22.1,22.85,23.45,20.53333333333333,-23.008888866666663,0.4574074100000018,0.0399999999999998,-1.8766666666666665,-1.5033333333333334,20.716049360000003,-1.998222222222221,3.9027908,3.8784406,3.8765352,3.8945663,3.905791,0,4.0,0,0.0,-0.47,9.7,90.3
2023-04-02 10:30:00,331.603679888884,0.0,0.0,21.65555558333333,-1.5033333333333334,20.53333333333333,0,5.1764362714980825,70.66250196097344,10,6,4,0.4999999999999999,-0.8660254037844387,-0.7818314824680299,0.6234898018587334,0.8660254037844387,-0.4999999999999998,558.0,489.0,299.4166666666667,16.5,41.0,0.0,45.0,-12.4,1.8922141,0.0,-2.05,22.14444443,21.1,21.53333333333333,22.1,22.85,20.85,-23.15888891666667,0.4833333833333348,0.3333333333333332,-1.836666666666667,-1.3213333333333332,21.180864191111112,-1.7388888888888878,3.905791,3.9027908,3.8784406,3.8765352,4.079488,0,4.0,0,0.0,-0.37,7.8,92.2
2023-04-02 10:45:00,46.645078555556,0.0,0.0,22.14444443,-1.3213333333333332,20.85,0,5.1764362714980825,70.66250196097344,10,6,4,0.4999999999999999,-0.8660254037844387,-0.7818314824680299,0.6234898018587334,0.8660254037844387,-0.4999999999999998,603.0,535.5,343.9583333333333,16.3,41.0,0.0,44.0,-12.4,1.8927501,0.0,-1.725,22.531481446666664,20.53333333333333,21.1,21.53333333333333,22.1,21.0,-23.46577776333333,0.488888846666665,0.1820000000000001,-1.5033333333333334,-1.155333333333333,21.657407404444445,-1.5537777777777766,4.079488,3.905791,3.9027908,3.8784406,4.2013006,0,4.0,0,0.0,-0.25,6.3,93.7
2023-04-02 11:00:00,641.851824933332,0.0,0.0,22.531481446666664,-1.155333333333333,21.0,0,5.1764362714980825,70.66250196097344,11,6,4,0.258819045102521,-0.9659258262890682,-0.7818314824680299,0.6234898018587334,0.8660254037844387,-0.4999999999999998,648.0,580.5,390.375,16.1,41.0,0.0,43.0,-12.4,1.8921894,0.0,-1.4,22.89999997,20.85,20.53333333333333,21.1,21.53333333333333,20.65,-23.68681478,0.3870370166666639,0.1659999999999999,-1.3213333333333332,-0.9373333333333334,22.11049382,-1.326666666666665,4.2013006,4.079488,3.905791,3.9027908,4.219493,0,4.0,0,0.0,-0.16,5.6,94.4
2023-04-02 11:15:00,125.820800283334,0.0,0.0,22.89999997,-0.9373333333333334,20.65,0,5.1764362714980825,70.66250196097344,11,6,4,0.258819045102521,-0.9659258262890682,-0.7818314824680299,0.6234898018587334,0.8660254037844387,-0.4999999999999998,679.25,622.0625,435.7916666666667,15.775000000000002,40.825,2.5,41.5,-12.525,1.8712307,0.0,-1.0499999999999998,23.23333335333333,21.0,20.85,20.53333333333333,21.1,20.5,-23.83733330333333,0.3685185233333357,0.2179999999999999,-1.155333333333333,-0.7040000000000001,22.52530861555556,-1.1379999999999988,4.219493,4.2013006,4.079488,3.905791,4.269441,0,4.0,0,0.0,-0.08,5.1,94.9
2023-04-02 11:30:00,50.01077732222,0.0,0.0,23.23333335333333,-0.7040000000000001,20.5,0,5.1764362714980825,70.66250196097344,11,6,4,0.258819045102521,-0.9659258262890682,-0.7818314824680299,0.6234898018587334,0.8660254037844387,-0.4999999999999998,710.5,660.1875,480.2083333333333,15.45,40.65,5.0,40.0,-12.65,1.8479539,0.0,-0.7,23.56111111,20.65,21.0,20.85,20.53333333333333,20.5,-23.937333353333333,0.3333333833333327,0.2333333333333332,-0.9373333333333334,-0.77,22.88827159,-0.9322222222222212,4.269441,4.219493,4.2013006,4.079488,4.3500004,0,4.0,0,0.0,-0.0,5.0,95.0
2023-04-02 11:45:00,339.412534105554,0.0,0.0,23.56111111,-0.77,20.5,0,5.1764362714980825,70.66250196097344,11,6,4,0.258819045102521,-0.9659258262890682,-0.7818314824680299,0.6234898018587334,0.8660254037844387,-0.4999999999999998,741.75,694.875,523.625,15.125,40.475,7.5,38.5,-12.775,1.8222686,0.0,-0.3500000000000001,23.82777777333333,20.5,20.65,21.0,20.85,20.316666666666663,-24.33111111,0.32777775666667,-0.0659999999999999,-0.7040000000000001,-0.4626666666666666,23.23148147777778,-0.8037777777777766,4.3500004,4.269441,4.219493,4.2013006,4.377008,0,4.0,0,0.0,0.07,5.1,94.9
2023-04-02 12:00:00,32.678415044444,0.0,0.0,23.82777777333333,-0.4626666666666666,20.316666666666663,0,5.1764362714980825,70.66250196097344,12,6,4,1.2246467991473532e-16,-1.0,-0.7818314824680299,0.6234898018587334,0.8660254037844387,-0.4999999999999998,773.0,726.125,566.0416666666666,14.8,40.3,10.0,37.0,-12.9,1.7940841,0.0,-0.0,24.033333350000003,20.5,20.5,20.65,21.0,20.0,-24.29044444,0.2666666633333285,0.3073333333333333,-0.77,-0.2113333333333333,23.54074074555556,-0.6455555555555544,4.377008,4.3500004,4.269441,4.219493,4.3593836,0,4.0,0,0.0,0.13,5.4,94.6
2023-04-02 12:15:00,36.509928327782,0.0,0.0,24.033333350000003,-0.2113333333333333,20.0,0,5.1764362714980825,70.66250196097344,12,6,4,1.2246467991473532e-16,-1.0,-0.7818314824680299,0.6234898018587334,0.8660254037844387,-0.4999999999999998,790.75,754.0,605.6875,14.75,39.95,7.5,35.75,-13.125,1.7665949,0.0,0.275,24.09814817,20.316666666666663,20.5,20.5,20.65,20.183333333333334,-24.24466668333333,0.2055555766666721,0.2513333333333333,-0.4626666666666666,-0.1653333333333333,23.807407411111114,-0.4813333333333322,4.3593836,4.377008,4.3500004,4.269441,4.4155517,0,4.0,0,0.0,0.18,5.7,94.3
2023-04-02 12:30:00,820.2135791111081,0.0,0.0,24.09814817,-0.1653333333333333,20.183333333333334,0,5.1764362714980825,70.66250196097344,12,6,4,1.2246467991473532e-16,-1.0,-0.7818314824680299,0.6234898018587334,0.8660254037844387,-0.4999999999999998,808.5,778.5,642.5625,14.7,39.6,5.0,34.5,-13.35,1.7373245,0.0,0.55,23.8111111,20.0,20.316666666666663,20.5,20.5,21.7,-24.26348150333333,0.0648148199999987,0.046,-0.2113333333333333,0.2966666666666667,23.986419764444445,-0.2797777777777766,4.4155517,4.3593836,4.377008,4.3500004,4.6706066,0,4.0,0,0.0,0.2,5.8,94.2
2023-04-02 12:45:00,789.808962027774,0.0,0.0,23.8111111,0.2966666666666667,21.7,0,5.1764362714980825,70.66250196097344,12,6,4,1.2246467991473532e-16,-1.0,-0.7818314824680299,0.6234898018587334,0.8660254037844387,-0.4999999999999998,826.25,799.625,676.6666666666666,14.65,39.25,2.5,33.25,-13.575,1.7062211,0.0,0.8250000000000001,23.81481483,20.183333333333334,20.0,20.316666666666663,20.5,23.58333333333333,-23.51444443333333,-0.2870370700000002,0.462,-0.1653333333333333,0.5193333333333333,23.98086420666667,-0.0266666666666654,4.6706066,4.4155517,4.3593836,4.377008,5.077035,0,4.0,0,0.0,0.14,5.4,94.6
2023-04-02 13:00:00,503.6098547166701,0.0,0.0,23.81481483,0.5193333333333333,23.58333333333333,0,5.1764362714980825,70.66250196097344,13,6,4,-0.2588190451025208,-0.9659258262890684,-0.7818314824680299,0.6234898018587334,0.8660254037844387,-0.4999999999999998,844.0,817.375,708.0,14.6,38.9,0.0,32.0,-13.8,1.6732333,0.0,1.1,23.97777778,21.7,20.183333333333334,20.0,20.316666666666663,24.4,-23.295481496666667,0.003703729999998,0.2226666666666666,0.2966666666666667,0.9653333333333334,23.9080247,0.2168888888888901,5.077035,4.6706066,4.4155517,4.3593836,5.3017025,0,4.0,0,0.0,0.15,5.5,94.5
2023-04-02 13:15:00,710.613796627774,0.0,0.0,23.97777778,0.9653333333333334,24.4,0,5.1764362714980825,70.66250196097344,13,6,4,-0.2588190451025208,-0.9659258262890684,-0.7818314824680299,0.6234898018587334,0.8660254037844387,-0.4999999999999998,846.25,831.25,735.7708333333334,14.65,38.9,0.0,31.5,-13.9,1.6640319,0.0,1.25,24.14444443,23.58333333333333,21.7,20.183333333333334,20.0,24.78333333333333,-23.012444446666667,0.1629629500000007,0.446,0.5193333333333333,1.0853333333333337,23.86790123666667,0.593777777777779,5.3017025,5.077035,4.6706066,4.4155517,5.436158,0,4.0,0,0.0,0.2,5.8,94.2
2023-04-02 13:30:00,556.407742849998,0.0,0.0,24.14444443,1.0853333333333337,24.78333333333333,0,5.1764362714980825,70.66250196097344,13,6,4,-0.2588190451025208,-0.9659258262890684,-0.7818314824680299,0.6234898018587334,0.8660254037844387,-0.4999999999999998,848.5,841.25,759.9791666666666,14.7,38.9,0.0,31.0,-14.0,1.6544429,0.0,1.4,24.26111112,24.4,23.58333333333333,21.7,20.183333333333334,25.25,-23.059111096666665,0.1666666499999998,0.1200000000000001,0.9653333333333334,1.0693333333333332,23.979012346666668,0.8566666666666679,5.436158,5.3017025,5.077035,4.6706066,5.5752635,0,4.0,0,0.0,0.24,6.2,93.8
2023-04-02 13:45:00,1319.270838205554,0.0,0.0,24.26111112,1.0693333333333332,25.25,0,5.1764362714980825,70.66250196097344,13,6,4,-0.2588190451025208,-0.9659258262890684,-0.7818314824680299,0.6234898018587334,0.8660254037844387,-0.4999999999999998,850.75,847.375,780.625,14.75,38.9,0.0,30.5,-14.1,1.6444597,0.0,1.55,24.29814815,24.78333333333333,24.4,23.58333333333333,21.7,25.966666666666665,-23.191777786666663,0.1166666899999988,-0.0160000000000002,1.0853333333333337,1.066,24.127777776666665,1.0400000000000011,5.5752635,5.436158,5.3017025,5.077035,5.7455454,0,4.0,0,0.0,0.27,6.5,93.5
2023-04-02 14:00:00,232.142380716662,0.0,0.0,24.29814815,1.066,25.966666666666665,0,5.1764362714980825,70.66250196097344,14,6,4,-0.4999999999999997,-0.8660254037844388,-0.7818314824680299,0.6234898018587334,0.8660254037844387,-0.4999999999999998,853.0,849.625,797.7083333333334,14.8,38.9,0.0,30.0,-14.2,1.6340766,0.0,1.7,24.28888889,25.25,24.78333333333333,24.4,23.58333333333333,25.95,-23.23214815,0.0370370300000004,-0.0033333333333331,1.0693333333333332,1.418,24.2345679,1.0735555555555567,5.7455454,5.5752635,5.436158,5.3017025,5.738848,0,4.0,0,0.0,0.28,6.7,93.3
2023-04-02 14:15:00,621.084877911108,0.0,0.0,24.28888889,1.418,25.95,0,5.1764362714980825,70.66250196097344,14,6,4,-0.4999999999999997,-0.8660254037844388,-0.7818314824680299,0.6234898018587334,0.8660254037844387,-0.4999999999999998,840.0,848.0625,811.1041666666666,14.675,38.8,0.0,29.5,-14.275,1.617789,0.0,1.8,24.16481482,25.966666666666665,25.25,24.78333333333333,24.4,25.716666666666665,-22.87088889,-0.0092592600000003,0.3519999999999998,1.066,1.4506666666666668,24.28271605333333,1.1844444444444455,5.738848,5.7455454,5.5752635,5.436158,5.647401,0,4.0,0,0.0,0.28,6.7,93.3
2023-04-02 14:30:00,992.615016111108,0.0,0.0,24.16481482,1.4506666666666668,25.716666666666665,0,5.1764362714980825,70.66250196097344,14,6,4,-0.4999999999999997,-0.8660254037844388,-0.7818314824680299,0.6234898018587334,0.8660254037844387,-0.4999999999999998,827.0,842.6875,820.8125,14.55,38.7,0.0,29.0,-14.35,1.6011947,0.0,1.9,23.96666665,25.95,25.966666666666665,25.25,24.78333333333333,26.7,-22.714148153333333,-0.1240740699999989,0.0326666666666668,1.418,2.0073333333333334,24.250617286666667,1.3115555555555567,5.647401,5.738848,5.7455454,5.5752635,5.797795,0,4.0,0,0.0,0.25,6.3,93.7
2023-04-02 14:45:00,769.09534612222,0.0,0.0,23.96666665,2.0073333333333334,26.7,0,5.1764362714980825,70.66250196097344,14,6,4,-0.4999999999999997,-0.8660254037844388,-0.7818314824680299,0.6234898018587334,0.8660254037844387,-0.4999999999999998,814.0,833.5,826.8333333333334,14.425,38.6,0.0,28.5,-14.425,1.5842904,0.0,2.0,23.77962962,25.716666666666665,25.95,25.966666666666665,25.25,26.633333333333333,-21.959333316666665,-0.1981481700000031,0.5566666666666666,1.4506666666666668,1.9106666666666667,24.14012345333333,1.6253333333333346,5.797795,5.647401,5.738848,5.7455454,5.722182,0,4.0,0,0.0,0.21,5.9,94.1
2023-04-02 15:00:00,71.73518607777599,0.0,0.0,23.77962962,1.9106666666666667,26.633333333333333,0,5.1764362714980825,70.66250196097344,15,6,4,-0.7071067811865471,-0.7071067811865479,-0.7818314824680299,0.6234898018587334,0.8660254037844387,-0.4999999999999998,801.0,820.5,829.1666666666666,14.3,38.5,0.0,28.0,-14.5,1.5670732,0.0,2.1,23.43888891,26.7,25.716666666666665,25.95,25.966666666666665,25.25,-21.86896295333333,-0.187037029999999,-0.0966666666666666,2.0073333333333334,2.155333333333333,23.97037036333333,1.789555555555557,5.722182,5.797795,5.647401,5.738848,5.32074,0,4.0,0,0.0,0.17,5.6,94.4
2023-04-02 15:15:00,125.383595655552,0.0,0.0,23.43888891,2.155333333333333,25.25,0,5.1764362714980825,70.66250196097344,15,6,4,-0.7071067811865471,-0.7071067811865479,-0.7818314824680299,0.6234898018587334,0.8660254037844387,-0.4999999999999998,773.25,803.8125,827.7083333333334,14.075,38.15,0.0,28.0,-14.45,1.5697273,0.0,2.125,22.93518522333333,26.633333333333333,26.7,25.716666666666665,25.95,24.35,-21.283555576666664,-0.3407407099999986,0.2446666666666663,1.9106666666666667,2.231333333333333,23.72839506,2.0244444444444456,5.32074,5.722182,5.797795,5.647401,4.9855595,0,4.0,0,0.0,0.08,5.1,94.9
2023-04-02 15:30:00,130.60949766111,0.0,0.0,22.93518522333333,2.231333333333333,24.35,0,5.1764362714980825,70.66250196097344,15,6,4,-0.7071067811865471,-0.7071067811865479,-0.7818314824680299,0.6234898018587334,0.8660254037844387,-0.4999999999999998,745.5,783.4375,822.4583333333334,13.85,37.8,0.0,28.0,-14.4,1.5723857,0.0,2.1500000000000004,22.27222225,25.25,26.633333333333333,26.7,25.716666666666665,22.55,-20.703851890000003,-0.5037036866666647,0.076,2.155333333333333,2.308,23.384567917777776,2.099111111111112,4.9855595,5.32074,5.722182,5.797795,4.4446774,0,4.0,0,0.0,-0.05,5.0,95.0
2023-04-02 15:45:00,81.377855988884,0.0,0.0,22.27222225,2.308,22.55,0,5.1764362714980825,70.66250196097344,15,6,4,-0.7071067811865471,-0.7071067811865479,-0.7818314824680299,0.6234898018587334,0.8660254037844387,-0.4999999999999998,717.75,759.375,813.4166666666666,13.625,37.45,0.0,28.0,-14.35,1.5750476,0.0,2.1750000000000003,21.609259236666663,24.35,25.25,26.633333333333333,26.7,21.716666666666665,-19.96422225,-0.6629629733333324,0.0766666666666666,2.231333333333333,2.429333333333333,22.882098794444445,2.231555555555557,4.4446774,4.9855595,5.32074,5.722182,4.119839,0,4.0,0,0.0,-0.21,5.9,94.1
2023-04-02 16:00:00,187.029740711112,0.0,0.0,21.609259236666663,2.429333333333333,21.716666666666665,0,5.1764362714980825,70.66250196097344,16,6,4,-0.8660254037844385,-0.5000000000000004,-0.7818314824680299,0.6234898018587334,0.8660254037844387,-0.4999999999999998,690.0,731.625,800.5833333333334,13.4,37.1,0.0,28.0,-14.3,1.5777134,0.0,2.2,21.11666668,22.55,24.35,25.25,26.633333333333333,22.4,-19.17992590333333,-0.6629630133333357,0.1213333333333333,2.308,2.1933333333333334,22.272222236666668,2.32288888888889,4.119839,4.4446774,4.9855595,5.32074,4.129909,0,4.0,0,0.0,-0.37,7.9,92.1
2023-04-02 16:15:00,243.12305252222,0.0,0.0,21.11666668,2.1933333333333334,22.4,0,5.1764362714980825,70.66250196097344,16,6,4,-0.8660254037844385,-0.5000000000000004,-0.7818314824680299,0.6234898018587334,0.8660254037844387,-0.4999999999999998,650.25,700.875,784.25,12.75,36.275,0.0,28.75,-14.125,1.6090485,0.0,2.1,20.766666646666668,21.716666666666665,22.55,24.35,25.25,23.15,-18.923333346666663,-0.4925925566666684,-0.2359999999999997,2.429333333333333,2.3353333333333333,21.66604938888889,2.310222222222223,4.129909,4.119839,4.4446774,4.9855595,4.1822286,0,4.0,0,0.0,-0.48,9.8,90.2
2023-04-02 16:30:00,84.248296583334,0.0,0.0,20.766666646666668,2.3353333333333333,23.15,0,5.1764362714980825,70.66250196097344,16,6,4,-0.8660254037844385,-0.5000000000000004,-0.7818314824680299,0.6234898018587334,0.8660254037844387,-0.4999999999999998,610.5,667.125,764.4166666666666,12.1,35.45,0.0,29.5,-13.95,1.6398796,0.0,2.0,20.43888889,22.4,21.716666666666665,22.55,24.35,23.5,-18.431333313333333,-0.3500000333333304,0.1419999999999999,2.1933333333333334,2.7113333333333336,21.16419752111111,2.319333333333334,4.1822286,4.129909,4.119839,4.4446774,4.165125,0,4.0,0,0.0,-0.56,11.5,88.5
2023-04-02 16:45:00,71.213262572218,0.0,0.0,20.43888889,2.7113333333333336,23.5,0,5.1764362714980825,70.66250196097344,16,6,4,-0.8660254037844385,-0.5000000000000004,-0.7818314824680299,0.6234898018587334,0.8660254037844387,-0.4999999999999998,570.75,630.375,741.0833333333334,11.45,34.625,0.0,30.25,-13.775,1.670212,0.0,1.9,20.17222222666667,23.15,22.4,21.716666666666665,22.55,23.5,-17.727555556666665,-0.32777775666667,0.3760000000000003,2.3353333333333333,2.6086666666666667,20.774074072222223,2.4133333333333344,4.165125,4.1822286,4.129909,4.119839,4.1007447,0,4.0,0,0.0,-0.63,13.3,86.7
2023-04-02 17:00:00,69.513886066664,0.0,0.0,20.17222222666667,2.6086666666666667,23.5,0,5.1764362714980825,70.66250196097344,17,6,4,-0.9659258262890684,-0.2588190451025206,-0.7818314824680299,0.6234898018587334,0.8660254037844387,-0.4999999999999998,531.0,590.625,714.25,10.8,33.8,0.0,31.0,-13.6,1.7000494,0.0,1.8,19.96666665,23.5,23.15,22.4,21.716666666666665,23.5,-17.56355556,-0.2666666633333285,-0.1026666666666669,2.7113333333333336,2.6566666666666667,20.459259254444444,2.551777777777779,4.1007447,4.165125,4.1822286,4.129909,4.0517054,0,4.0,0,0.0,-0.69,15.0,85.0
2023-04-02 17:15:00,78.359087794442,0.0,0.0,19.96666665,2.6566666666666667,23.5,0,5.1764362714980825,70.66250196097344,17,6,4,-0.9659258262890684,-0.2588190451025206,-0.7818314824680299,0.6234898018587334,0.8660254037844387,-0.4999999999999998,482.75,548.75,684.4791666666666,10.0,32.275,6.5,31.75,-13.425,1.7235328,0.0,1.65,19.77962962,23.5,23.5,23.15,22.4,23.5,-17.30999998333333,-0.2055555766666721,0.048,2.6086666666666667,2.85,20.19259258888889,2.65888888888889,4.0517054,4.1007447,4.165125,4.1822286,4.0075283,0,4.0,0,0.0,-0.73,16.4,83.6
2023-04-02 17:30:00,65.539878266668,0.0,0.0,19.77962962,2.85,23.5,0,5.1764362714980825,70.66250196097344,17,6,4,-0.9659258262890684,-0.2588190451025206,-0.7818314824680299,0.6234898018587334,0.8660254037844387,-0.4999999999999998,434.5,504.75,651.7708333333334,9.2,30.75,13.0,32.5,-13.25,1.7463431,0.0,1.5,19.57777781,23.5,23.5,23.5,23.15,23.45,-16.929629619999996,-0.187037029999999,0.1933333333333333,2.6566666666666667,2.9566666666666666,19.972839498888888,2.705111111111112,4.0075283,4.0517054,4.1007447,4.165125,3.9518943,0,4.0,0,0.0,-0.78,17.7,82.3
2023-04-02 17:45:00,52.346517422212,0.0,0.0,19.57777781,2.9566666666666666,23.45,0,5.1764362714980825,70.66250196097344,17,6,4,-0.9659258262890684,-0.2588190451025206,-0.7818314824680299,0.6234898018587334,0.8660254037844387,-0.4999999999999998,386.25,458.625,616.125,8.4,29.225,19.5,33.25,-13.075,1.7684902,0.0,1.35,19.411111076666664,23.5,23.5,23.5,23.5,23.03333333333333,-16.621111143333334,-0.2018518099999973,0.1066666666666664,2.85,2.689333333333333,19.77469136,2.821111111111112,3.9518943,4.0075283,4.0517054,4.1007447,3.8438277,0,4.0,0,0.0,-0.82,19.3,80.7
2023-04-02 18:00:00,228.074765711104,0.0,0.0,19.411111076666664,2.689333333333333,23.03333333333333,0,5.1764362714980825,70.66250196097344,18,6,4,-1.0,-1.8369701987210294e-16,-0.7818314824680299,0.6234898018587334,0.8660254037844387,-0.4999999999999998,338.0,410.375,577.5416666666666,7.6,27.7,26.0,34.0,-12.9,1.7899839,0.0,1.2,19.28888889,23.45,23.5,23.5,23.5,23.85,-16.72177774333333,-0.1666667333333364,-0.2673333333333336,2.9566666666666666,2.825333333333333,19.58950616888889,2.832000000000001,3.8438277,3.9518943,4.0075283,4.0517054,3.9515846,0,4.0,0,0.0,-0.86,20.8,79.2
2023-04-02 18:15:00,675.348818266668,0.0,0.0,19.28888889,2.825333333333333,23.85,0,5.1764362714980825,70.66250196097344,18,6,4,-1.0,-1.8369701987210294e-16,-0.7818314824680299,0.6234898018587334,0.8660254037844387,-0.4999999999999998,288.5,361.8125,537.1458333333334,6.475,25.55,35.75,39.0,-11.775,2.0081391,0.0,0.875,19.225925906666667,23.03333333333333,23.45,23.5,23.5,25.766666666666666,-16.463555556666666,-0.122222186666665,0.1360000000000001,2.689333333333333,3.571333333333333,19.42592592555556,2.8237777777777784,3.9515846,3.8438277,3.9518943,4.0075283,4.253345,0,4.0,0,0.0,-0.89,21.6,78.4
2023-04-02 18:30:00,655.3535071444401,0.0,0.0,19.225925906666667,3.571333333333333,25.766666666666666,0,5.1764362714980825,70.66250196097344,18,6,4,-1.0,-1.8369701987210294e-16,-0.7818314824680299,0.6234898018587334,0.8660254037844387,-0.4999999999999998,239.0,312.9375,494.9375,5.35,23.4,45.5,44.0,-10.65,2.215718,0.0,0.5499999999999999,19.27222223,23.85,23.03333333333333,23.45,23.5,27.55,-15.654592573333334,-0.0629629833333318,0.7460000000000004,2.825333333333333,2.8786666666666667,19.30864195777778,3.0286666666666675,4.253345,3.9515846,3.8438277,3.9518943,4.5601406,0,4.0,0,0.0,-0.89,21.8,78.2
2023-04-02 18:45:00,386.986742144444,0.0,0.0,19.27222223,2.8786666666666667,27.55,0,5.1764362714980825,70.66250196097344,18,6,4,-1.0,-1.8369701987210294e-16,-0.7818314824680299,0.6234898018587334,0.8660254037844387,-0.4999999999999998,189.5,263.75,450.9166666666667,4.225,21.25,55.25,49.0,-9.525,2.4130368,0.0,0.2249999999999998,19.381481493333336,25.766666666666666,23.85,23.03333333333333,23.45,28.0,-16.393555563333333,0.0462963233333333,-0.6926666666666668,3.571333333333333,2.496,19.262345675555554,3.091777777777779,4.5601406,4.253345,3.9515846,3.8438277,4.664531,0,4.0,0,0.0,-0.87,21.0,79.0
2023-04-02 19:00:00,420.75789134444,0.0,0.0,19.381481493333336,2.496,28.0,0,5.1764362714980825,70.66250196097344,19,6,4,-0.9659258262890684,0.2588190451025203,-0.7818314824680299,0.6234898018587334,0.8660254037844387,-0.4999999999999998,140.0,214.25,405.0833333333333,3.1,19.1,65.0,54.0,-8.4,2.6004055,0.0,-0.1,19.4222222,27.55,25.766666666666666,23.85,23.03333333333333,28.05,-16.885481493333337,0.1092592633333353,-0.3826666666666667,2.8786666666666667,2.1566666666666667,19.29320987666667,2.982000000000001,4.664531,4.5601406,4.253345,3.9515846,4.684075,0,4.0,0,0.0,-0.84,20.0,80.0
2023-04-02 19:15:00,849.021315638886,0.0,0.0,19.4222222,2.1566666666666667,28.05,0,5.1764362714980825,70.66250196097344,19,6,4,-0.9659258262890684,0.2588190451025203,-0.7818314824680299,0.6234898018587334,0.8660254037844387,-0.4999999999999998,107.5,169.0,359.8541666666667,3.375,15.85,62.5,51.5,-9.125,2.4544773,0.0,-0.25,19.3925926,28.0,27.55,25.766666666666666,23.85,28.28333333333333,-17.265555533333334,0.0407407066666642,-0.3393333333333332,2.496,1.774,19.35864197444445,2.510444444444446,4.684075,4.664531,4.5601406,4.253345,4.714813,0,4.0,0,0.0,-0.83,19.7,80.3
2023-04-02 19:30:00,148.091298427774,0.0,0.0,19.3925926,1.774,28.28333333333333,0,5.1764362714980825,70.66250196097344,19,6,4,-0.9659258262890684,0.2588190451025203,-0.7818314824680299,0.6234898018587334,0.8660254037844387,-0.4999999999999998,75.0,128.0,315.2291666666667,3.65,12.6,60.0,49.0,-9.85,2.3112488,0.0,-0.4,19.34444443,28.05,28.0,27.55,25.766666666666666,27.65,-17.6185926,-0.0296295999999998,-0.3826666666666667,2.1566666666666667,1.488,19.39876543111112,2.142222222222223,4.714813,4.684075,4.664531,4.5601406,4.596195,0,4.0,0,0.0,-0.84,19.9,80.1
2023-04-02 19:45:00,79.690145633332,0.0,0.0,19.34444443,1.488,27.65,0,5.1764362714980825,70.66250196097344,19,6,4,-0.9659258262890684,0.2588190451025203,-0.7818314824680299,0.6234898018587334,0.8660254037844387,-0.4999999999999998,42.5,91.25,271.2083333333333,3.925,9.35,57.5,46.5,-10.575,2.1706843,0.0,-0.55,19.2814815,28.28333333333333,28.05,28.0,27.55,27.133333333333333,-17.85644443,-0.048148170000001,-0.286,1.774,1.3966666666666667,19.38641974333333,1.8062222222222235,4.596195,4.714813,4.684075,4.664531,4.4936223,0,4.0,0,0.0,-0.85,20.4,79.6
2023-04-02 20:00:00,68.91252115555599,0.0,0.0,19.2814815,1.3966666666666667,27.133333333333333,0,5.1764362714980825,70.66250196097344,20,6,4,-0.8660254037844386,0.5000000000000001,-0.7818314824680299,0.6234898018587334,0.8660254037844387,-0.4999999999999998,10.0,58.75,227.79166666666663,4.2,6.1,55.0,44.0,-11.3,2.0327492,0.0,-0.7,19.19444447,27.65,28.28333333333333,28.05,28.0,26.5,-17.88481483333333,-0.0629629300000012,-0.0913333333333332,1.488,1.3666666666666667,19.339506176666667,1.55288888888889,4.4936223,4.596195,4.714813,4.684075,4.366289,0,4.0,0,0.0,-0.87,21.0,79.0
2023-04-02 20:15:00,74.668957605554,0.0,0.0,19.19444447,1.3666666666666667,26.5,0,5.1764362714980825,70.66250196097344,20,6,4,-0.8660254037844386,0.5000000000000001,-0.7818314824680299,0.6234898018587334,0.8660254037844387,-0.4999999999999998,7.5,33.75,188.1875,3.925,5.925,64.5,45.5,-11.075,2.0839038,0.0,-0.825,19.09444445666667,27.133333333333333,27.65,28.28333333333333,28.05,26.5,-17.827777803333333,-0.0870370299999976,-0.03,1.3966666666666667,1.2086666666666666,19.2734568,1.4171111111111123,4.366289,4.4936223,4.596195,4.714813,4.3406253,0,4.0,0,0.0,-0.89,21.9,78.1
2023-04-02 20:30:00,92.52685444444,0.0,0.0,19.09444445666667,1.2086666666666666,26.5,0,5.1764362714980825,70.66250196097344,20,6,4,-0.8660254037844386,0.5000000000000001,-0.7818314824680299,0.6234898018587334,0.8660254037844387,-0.4999999999999998,5.0,16.25,152.39583333333334,3.65,5.75,74.0,47.0,-10.85,2.1340039,0.0,-0.95,19.0555556,26.5,27.133333333333333,27.65,28.28333333333333,26.85,-17.885777790000002,-0.1000000133333323,-0.1580000000000001,1.3666666666666667,1.678,19.19012347555556,1.3240000000000012,4.3406253,4.366289,4.4936223,4.596195,4.3878794,0,4.0,0,0.0,-0.92,22.8,77.2
2023-04-02 20:45:00,80.775102249998,0.0,0.0,19.0555556,1.678,26.85,0,5.1764362714980825,70.66250196097344,20,6,4,-0.8660254037844386,0.5000000000000001,-0.7818314824680299,0.6234898018587334,0.8660254037844387,-0.4999999999999998,2.5,6.25,120.41666666666669,3.375,5.575,83.5,48.5,-10.625,2.1830626,0.0,-1.075,19.03518521333333,26.5,26.5,27.133333333333333,27.65,26.816666666666663,-17.3775556,-0.0388888566666665,0.4693333333333334,1.2086666666666666,1.704,19.114814842222227,1.417777777777779,4.3878794,4.3406253,4.366289,4.4936223,4.377167,0,4.0,0,0.0,-0.92,23.1,76.9
2023-04-02 21:00:00,69.338337455556,0.0,0.0,19.03518521333333,1.704,26.816666666666663,0,5.1764362714980825,70.66250196097344,21,6,4,-0.7071067811865477,0.7071067811865474,-0.7818314824680299,0.6234898018587334,0.8660254037844387,-0.4999999999999998,0.0,3.75,92.25,3.1,5.4,93.0,50.0,-10.4,2.231092,0.0,-1.2,18.95277775,26.85,26.5,26.5,27.133333333333333,26.125,-17.33118521333333,-0.02037038666667,0.026,1.678,0.7926666666666667,19.06172842333333,1.5302222222222233,4.377167,4.3878794,4.3406253,4.366289,4.243579,0,4.0,0,0.0,-0.93,23.2,76.8
2023-04-02 21:15:00,69.989700349998,0.0,0.0,18.95277775,0.7926666666666667,26.125,0,5.1764362714980825,70.66250196097344,21,6,4,-0.7071067811865477,0.7071067811865474,-0.7818314824680299,0.6234898018587334,0.8660254037844387,-0.4999999999999998,0.0,1.875,68.20833333333333,3.05,5.2250000000000005,94.75,51.75,-10.2,2.2653458,0.0,-1.475,18.83611111,26.816666666666663,26.85,26.5,26.5,25.675,-18.160111083333334,-0.0824074633333324,-0.9113333333333332,1.704,0.6980000000000001,19.01450618777778,1.3915555555555568,4.243579,4.377167,4.3878794,4.3406253,4.1418414,0,4.0,0,0.0,-0.95,24.1,75.9
2023-04-02 21:30:00,59.331237788888,0.0,0.0,18.83611111,0.6980000000000001,25.675,0,5.1764362714980825,70.66250196097344,21,6,4,-0.7071067811865477,0.7071067811865474,-0.7818314824680299,0.6234898018587334,0.8660254037844387,-0.4999999999999998,0.0,0.625,48.29166666666666,3.0,5.050000000000001,96.5,53.5,-10.0,2.2973921,0.0,-1.75,18.72777777,26.125,26.816666666666663,26.85,26.5,25.45,-18.13811111,-0.1166666399999982,-0.0946666666666666,0.7926666666666667,0.5966666666666666,18.941358024444444,1.06488888888889,4.1418414,4.243579,4.377167,4.3878794,4.079335,0,4.0,0,0.0,-0.98,25.3,74.7
2023-04-02 21:45:00,65.029620944444,0.0,0.0,18.72777777,0.5966666666666666,25.45,0,5.1764362714980825,70.66250196097344,21,6,4,-0.7071067811865477,0.7071067811865474,-0.7818314824680299,0.6234898018587334,0.8660254037844387,-0.4999999999999998,0.0,0.0,32.5,2.95,4.875,98.25,55.25,-9.8,2.327294,0.0,-2.025,18.57777777,25.675,26.125,26.816666666666663,26.85,25.03333333333333,-18.13111110333333,-0.1083333400000015,-0.1013333333333335,0.6980000000000001,0.2046666666666667,18.83888887666667,0.695777777777779,4.079335,4.1418414,4.243579,4.377167,3.9770858,0,4.0,0,0.0,-1.01,26.4,73.6
2023-04-02 22:00:00,61.39643287778,0.0,0.0,18.57777777,0.2046666666666667,25.03333333333333,0,5.1764362714980825,70.66250196097344,22,6,4,-0.5000000000000004,0.8660254037844384,-0.7818314824680299,0.6234898018587334,0.8660254037844387,-0.4999999999999998,0.0,0.0,20.83333333333333,2.9,4.7,100.0,57.0,-9.6,2.3551135,0.0,-2.3,18.41666667,25.45,25.675,26.125,26.816666666666663,25.0,-18.373111103333333,-0.1499999999999985,-0.3919999999999999,0.5966666666666666,0.4226666666666666,18.713888883333336,0.4997777777777789,3.9770858,4.079335,4.1418414,4.243579,3.9340549,0,4.0,0,0.0,-1.04,28.0,72.0
2023-04-02 22:15:00,60.678128294446,0.0,0.0,18.41666667,0.4226666666666666,25.0,0,5.1764362714980825,70.66250196097344,22,6,4,-0.5000000000000004,0.8660254037844384,-0.7818314824680299,0.6234898018587334,0.8660254037844387,-0.4999999999999998,0.0,0.0,11.875,4.125,6.575,100.0,58.75,-9.575,2.3683634,0.0,-2.65,18.316666656666666,25.03333333333333,25.45,25.675,26.125,24.816666666666663,-17.99400000333333,-0.1611111000000029,0.2179999999999999,0.2046666666666667,0.7873333333333333,18.57407407,0.4080000000000011,3.9340549,3.9770858,4.079335,4.1418414,3.882111,0,4.0,0,0.0,-1.08,29.6,70.4
2023-04-02 22:30:00,283.831979566668,0.0,0.0,18.316666656666666,0.7873333333333333,24.816666666666663,0,5.1764362714980825,70.66250196097344,22,6,4,-0.5000000000000004,0.8660254037844384,-0.7818314824680299,0.6234898018587334,0.8660254037844387,-0.4999999999999998,0.0,0.0,5.625,5.35,8.45,100.0,60.5,-9.55,2.379399,0.0,-3.0,18.19444447,25.0,25.03333333333333,25.45,25.675,24.5,-17.529333323333333,-0.1000000133333323,0.3646666666666667,0.4226666666666666,0.3046666666666667,18.43703703222222,0.4715555555555568,3.882111,3.9340549,3.9770858,4.079335,3.8048656,0,4.0,0,0.0,-1.1,30.7,69.3
2023-04-02 22:45:00,38.07708802222,0.0,0.0,18.19444447,0.3046666666666667,24.5,0,5.1764362714980825,70.66250196097344,22,6,4,-0.5000000000000004,0.8660254037844384,-0.7818314824680299,0.6234898018587334,0.8660254037844387,-0.4999999999999998,0.0,0.0,2.083333333333333,6.574999999999999,10.325,100.0,62.25,-9.525,2.388309,0.0,-3.35,18.09444445666667,24.816666666666663,25.0,25.03333333333333,25.45,24.5,-17.889777803333335,-0.122222186666665,-0.4826666666666666,0.7873333333333333,0.6533333333333334,18.30925926555556,0.50488888888889,3.8048656,3.882111,3.9340549,3.9770858,3.7823248,0,4.0,0,0.0,-1.13,32.0,68.0
2023-04-02 23:00:00,65.128505805558,0.0,0.0,18.09444445666667,0.6533333333333334,24.5,0,5.1764362714980825,70.66250196097344,23,6,4,-0.2588190451025215,0.965925826289068,-0.7818314824680299,0.6234898018587334,0.8660254037844387,-0.4999999999999998,0.0,0.0,1.25,7.8,12.2,100.0,64.0,-9.5,2.3951797,0.0,-3.7,18.05000001,24.5,24.816666666666663,25.0,25.03333333333333,24.9,-17.441111123333336,-0.1000000133333323,0.3486666666666667,0.3046666666666667,0.686,18.201851861111116,0.581777777777779,3.7823248,3.8048656,3.882111,3.9340549,3.8339336,0,4.0,0,0.0,-1.16,33.1,66.9
2023-04-02 23:15:00,186.209495855552,133.78714829999998,133.810758472222,18.05000001,0.686,24.9,2,5.1764362714980825,70.66250196097344,23,6,4,-0.2588190451025215,0.965925826289068,-0.7818314824680299,0.6234898018587334,0.8660254037844387,-0.4999999999999998,0.0,0.0,0.625,8.3,13.3,95.75,63.5,-9.65,2.3680308,0.0,-3.75,18.494444413333333,24.5,24.5,24.816666666666663,25.0,25.28333333333333,-17.36400001,-0.0444444466666666,0.0326666666666666,0.6533333333333334,0.908,18.11296297888889,0.5480000000000013,3.8339336,3.7823248,3.8048656,3.882111,3.9970248,0,3.0,1,0.25,-1.16,33.5,66.5
2023-04-02 23:30:00,284.666946233332,224.652402427778,224.684345649998,18.494444413333333,0.908,25.28333333333333,2,5.1764362714980825,70.66250196097344,23,6,4,-0.2588190451025215,0.965925826289068,-0.7818314824680299,0.6234898018587334,0.8660254037844387,-0.4999999999999998,0.0,0.0,0.2083333333333333,8.8,14.4,91.5,63.0,-9.8,2.3410404,0.0,-3.8,19.25555555,24.9,24.5,24.5,24.816666666666663,24.65,-17.586444413333332,0.4444444033333319,0.2219999999999999,0.686,0.4033333333333333,18.21296296,0.7491111111111124,3.9970248,3.8339336,3.7823248,3.8048656,4.076123,0,2.0,0,0.5,-1.06,28.7,71.3
2023-04-02 23:45:00,315.379328722224,259.297961,259.333237355556,19.25555555,0.4033333333333333,24.65,2,5.1764362714980825,70.66250196097344,23,6,4,-0.2588190451025215,0.965925826289068,-0.7818314824680299,0.6234898018587334,0.8660254037844387,-0.4999999999999998,0.0,0.0,0.0,9.3,15.5,87.25,62.5,-9.95,2.3142092,0.0,-3.85,19.822222226666668,25.28333333333333,24.9,24.5,24.5,24.316666666666663,-18.852222216666668,0.761111136666667,-0.5046666666666667,0.908,-0.0786666666666666,18.599999991111115,0.6657777777777789,4.076123,3.9970248,3.8339336,3.7823248,4.1571684,0,1.0,0,0.75,-0.89,21.7,78.3
2023-04-03 00:00:00,304.653368927778,262.160624272222,262.197289472222,19.822222226666668,-0.0786666666666666,24.316666666666663,2,5.1764362714980825,70.66250196097344,0,0,4,0.0,1.0,0.0,1.0,0.8660254037844387,-0.4999999999999998,0.0,0.0,0.0,9.8,16.6,83.0,62.0,-10.1,2.2875354,0.0,-3.9,20.2277778,24.65,25.28333333333333,24.9,24.5,24.0,-19.90088889333333,0.5666666766666673,-0.482,0.4033333333333333,-0.4973333333333333,19.19074073,0.4108888888888901,4.1571684,4.076123,3.9970248,3.8339336,4.2016187,0,0.0,0,1.0,-0.76,17.3,82.7
2023-04-03 00:15:00,293.598255749994,247.395103816666,247.427602516666,20.2277778,-0.4973333333333333,24.0,2,5.1764362714980825,70.66250196097344,0,0,4,0.0,1.0,0.0,1.0,0.8660254037844387,-0.4999999999999998,0.0,0.0,0.0,9.825,16.950000000000003,86.5,60.25,-10.375,2.2388525,0.0,-3.8,20.494444416666667,24.316666666666663,24.65,25.28333333333333,24.9,23.816666666666663,-20.725111133333336,0.4055555733333342,-0.4186666666666667,-0.0786666666666666,-0.6786666666666666,19.76851852555556,-0.0575555555555544,4.2016187,4.1571684,4.076123,3.9970248,4.234956,0,0.0,0,1.0,-0.67,14.5,85.5
2023-04-03 00:30:00,267.657348894442,201.288892572222,201.318058105554,20.494444416666667,-0.6786666666666666,23.816666666666663,2,5.1764362714980825,70.66250196097344,0,0,4,0.0,1.0,0.0,1.0,0.8660254037844387,-0.4999999999999998,0.0,0.0,0.0,9.85,17.3,90.0,58.5,-10.65,2.189344,0.0,-3.7,20.48888889,24.0,24.316666666666663,24.65,25.28333333333333,23.5,-21.173111083333332,0.2666666166666651,-0.1813333333333333,-0.4973333333333333,-0.1133333333333333,20.181481481111117,-0.418222222222221,4.234956,4.2016187,4.1571684,4.076123,4.1772947,0,0.0,0,1.0,-0.61,12.9,87.1
2023-04-03 00:45:00,95.453126072226,34.698889755556,34.710555955556,20.48888889,-0.1133333333333333,23.5,1,5.1764362714980825,70.66250196097344,0,0,4,0.0,1.0,0.0,1.0,0.8660254037844387,-0.4999999999999998,0.0,0.0,0.0,9.875,17.65,93.5,56.75,-10.925,2.1390014,0.0,-3.6,20.08518522666667,23.816666666666663,24.0,24.316666666666663,24.65,23.5,-20.60222222333333,-0.0055555266666686,0.5653333333333332,-0.6786666666666666,-0.1373333333333333,20.403703702222224,-0.4297777777777766,4.1772947,4.234956,4.2016187,4.1571684,4.0799184,0,0.0,1,1.0,-0.62,13.0,87.0
2023-04-03 01:00:00,200.223935172222,151.154509127778,151.178119316666,20.08518522666667,-0.1373333333333333,23.5,2,5.1764362714980825,70.66250196097344,1,0,4,0.2588190451025207,0.9659258262890684,0.0,1.0,0.8660254037844387,-0.4999999999999998,0.0,0.0,0.0,9.9,18.0,97.0,55.0,-11.2,2.0878162,0.0,-3.5,20.2277778,23.5,23.816666666666663,24.0,24.316666666666663,23.5,-20.222518560000005,-0.4037036633333279,-0.0239999999999999,-0.1133333333333333,0.152,20.356172844444444,-0.3097777777777766,4.0799184,4.1772947,4.234956,4.2016187,4.1140847,0,0.0,1,1.0,-0.71,15.5,84.5
2023-04-03 01:15:00,204.057948488888,156.329302094446,156.349856855556,20.2277778,0.152,23.5,2,5.1764362714980825,70.66250196097344,1,0,4,0.2588190451025207,0.9659258262890684,0.0,1.0,0.8660254037844387,-0.4999999999999998,0.0,0.0,0.0,9.85,17.9,95.0,53.0,-11.575,2.0334196,0.0,-3.35,20.43333329333333,23.5,23.5,23.816666666666663,24.0,23.316666666666663,-20.0757778,0.1425925733333315,0.2893333333333333,-0.1373333333333333,-0.378,20.267283972222224,-0.0328888888888877,4.1140847,4.0799184,4.1772947,4.234956,4.1312923,0,0.0,0,1.0,-0.68,14.6,85.4
2023-04-03 01:30:00,170.409016799996,121.290148216666,121.309869711108,20.43333329333333,-0.378,23.316666666666663,2,5.1764362714980825,70.66250196097344,1,0,4,0.2588190451025207,0.9659258262890684,0.0,1.0,0.8660254037844387,-0.4999999999999998,0.0,0.0,0.0,9.8,17.8,93.0,51.0,-11.95,1.9775934,0.0,-3.2,20.40555555,23.5,23.5,23.5,23.816666666666663,23.0,-20.81133329333333,0.2055554933333283,-0.53,0.152,0.3406666666666667,20.248765440000003,-0.1211111111111099,4.1312923,4.1140847,4.0799184,4.1772947,4.068583,0,0.0,0,1.0,-0.63,13.4,86.6
2023-04-03 01:45:00,176.584047472222,129.172055111112,129.195109722224,20.40555555,0.3406666666666667,23.0,2,5.1764362714980825,70.66250196097344,1,0,4,0.2588190451025207,0.9659258262890684,0.0,1.0,0.8660254037844387,-0.4999999999999998,0.0,0.0,0.0,9.75,17.700000000000003,91.0,49.0,-12.325,1.9203162,0.0,-3.05,20.40925925,23.316666666666663,23.5,23.5,23.5,23.0,-20.06488888333333,-0.0277777433333312,0.7186666666666667,-0.378,-1.186,20.35555554777778,0.0382222222222233,4.068583,4.1312923,4.1140847,4.0799184,4.0694623,0,0.0,0,1.0,-0.64,13.6,86.4
2023-04-03 02:00:00,163.240970050002,106.764618127778,106.785172872222,20.40925925,-1.186,23.0,2,5.1764362714980825,70.66250196097344,2,0,4,0.4999999999999999,0.8660254037844387,0.0,1.0,0.8660254037844387,-0.4999999999999998,0.0,0.0,0.0,9.7,17.6,89.0,47.0,-12.7,1.8615655,0.0,-2.9,20.29444444,23.0,23.316666666666663,23.5,23.5,22.65,-21.59525925,0.003703699999999,-1.5266666666666666,0.3406666666666667,-0.7153333333333334,20.416049364444444,-0.4077777777777766,4.0694623,4.068583,4.1312923,4.1140847,3.9807568,0,0.0,0,1.0,-0.64,13.5,86.5
2023-04-03 02:15:00,82.377260511104,19.751987688888,19.762820605554,20.29444444,-0.7153333333333334,22.65,1,5.1764362714980825,70.66250196097344,2,0,4,0.4999999999999999,0.8660254037844387,0.0,1.0,0.8660254037844387,-0.4999999999999998,0.0,0.0,0.0,9.525,17.150000000000002,91.0,45.5,-12.925,1.8309928,0.0,-2.675,19.946296276666665,23.0,23.0,23.316666666666663,23.5,22.683333333333334,-21.009777773333333,-0.1148148099999986,0.4706666666666665,-1.186,-0.8853333333333334,20.36975308,-0.520222222222221,3.9807568,4.0694623,4.068583,4.1312923,3.9062388,0,0.0,1,1.0,-0.67,14.3,85.7
2023-04-03 02:30:00,190.069341388888,150.121217111112,150.14649388333402,19.946296276666665,-0.8853333333333334,22.683333333333334,2,5.1764362714980825,70.66250196097344,2,0,4,0.4999999999999999,0.8660254037844387,0.0,1.0,0.8660254037844387,-0.4999999999999998,0.0,0.0,0.0,9.35,16.700000000000003,93.0,44.0,-13.15,1.7989097,0.0,-2.45,20.10555558,22.65,23.0,23.0,23.316666666666663,22.95,-20.83162961,-0.3481481633333345,-0.17,-0.7153333333333334,-0.3633333333333333,20.216666655555557,-0.928888888888888,3.9062388,3.9807568,4.0694623,4.068583,3.9891832,0,0.0,1,1.0,-0.74,16.7,83.3
2023-04-03 02:45:00,196.301869877776,156.605402216666,156.632345638886,20.10555558,-0.3633333333333333,22.95,2,5.1764362714980825,70.66250196097344,2,0,4,0.4999999999999999,0.8660254037844387,0.0,1.0,0.8660254037844387,-0.4999999999999998,0.0,0.0,0.0,9.175,16.25,95.0,42.5,-13.375,1.7652813,0.0,-2.225,20.292592613333333,22.683333333333334,22.65,23.0,23.0,22.35,-20.46888891333333,0.1592593033333358,0.522,-0.8853333333333334,-0.7873333333333333,20.11543209888889,-0.6546666666666655,3.9891832,3.9062388,3.9807568,4.0694623,3.9276063,0,0.0,0,1.0,-0.71,15.5,84.5
2023-04-03 03:00:00,99.150478188892,33.491715827778,33.502548727778,20.292592613333333,-0.7873333333333333,22.35,1,5.1764362714980825,70.66250196097344,3,0,4,0.7071067811865476,0.7071067811865476,0.0,1.0,0.8660254037844387,-0.4999999999999998,0.0,0.0,0.0,9.0,15.8,97.0,41.0,-13.6,1.7300707,0.0,-2.0,20.02777776,22.95,22.683333333333334,22.65,23.0,22.35,-21.079925946666663,0.1870370333333326,-0.424,-0.3633333333333333,-0.5066666666666667,20.114814823333337,-0.6786666666666656,3.9276063,3.9891832,3.9062388,3.9807568,3.8672454,0,0.0,1,1.0,-0.67,14.4,85.6
2023-04-03 03:15:00,420.574565227778,144.402834772222,144.427556,20.02777776,-0.5066666666666667,22.35,2,5.1764362714980825,70.66250196097344,3,0,4,0.7071067811865476,0.7071067811865476,0.0,1.0,0.8660254037844387,-0.4999999999999998,0.0,0.0,0.0,9.45,16.525,97.75,40.5,-13.625,1.7270216,0.0,-1.85,20.18148146,22.35,22.95,22.683333333333334,22.65,22.5,-20.534444426666667,-0.2648148533333341,0.2806666666666666,-0.7873333333333333,-0.496,20.14197531777778,-0.5524444444444433,3.8672454,3.9276063,3.9891832,3.9062388,3.9283707,0,0.0,1,1.0,-0.73,16.1,83.9
2023-04-03 03:30:00,164.538418133336,109.930324844444,109.951712905554,20.18148146,-0.496,22.5,2,5.1764362714980825,70.66250196097344,3,0,4,0.7071067811865476,0.7071067811865476,0.0,1.0,0.8660254037844387,-0.4999999999999998,0.0,0.0,0.0,9.9,17.25,98.5,40.0,-13.65,1.7236922,0.0,-1.7,20.1888889,22.35,22.35,22.95,22.683333333333334,22.2,-20.67748146,0.1537037000000012,0.0106666666666666,-0.5066666666666667,-0.0586666666666666,20.16728394444445,-0.5966666666666656,3.9283707,3.8672454,3.9276063,3.9891832,3.8776717,0,0.0,0,1.0,-0.69,15.1,84.9
2023-04-03 03:45:00,103.450861816666,55.965816844444,55.980538472222,20.1888889,-0.0586666666666666,22.2,1,5.1764362714980825,70.66250196097344,3,0,4,0.7071067811865476,0.7071067811865476,0.0,1.0,0.8660254037844387,-0.4999999999999998,0.0,0.0,0.0,10.35,17.975,99.25,39.5,-13.675,1.7200768,0.0,-1.5499999999999998,19.90740742,22.5,22.35,22.35,22.95,22.466666666666665,-20.247555566666662,0.0074074399999979,0.4373333333333333,-0.496,0.8140000000000001,20.13271604,-0.3537777777777767,3.8776717,3.9283707,3.8672454,3.9276063,3.860121,0,0.0,1,1.0,-0.69,15.1,84.9
2023-04-03 04:00:00,156.577069900004,114.308760816666,114.33098216111,19.90740742,0.8140000000000001,22.466666666666665,2,5.1764362714980825,70.66250196097344,4,0,4,0.8660254037844386,0.5000000000000001,0.0,1.0,0.8660254037844387,-0.4999999999999998,0.0,0.0,0.0,10.8,18.7,100.0,39.0,-13.7,1.7161716,0.0,-1.4,19.94444442,22.2,22.5,22.35,22.35,22.5,-19.09340742,-0.2814814799999965,0.8726666666666667,-0.0586666666666666,1.284,20.09259259333333,0.0864444444444455,3.860121,3.8776717,3.9283707,3.8672454,3.8742456,0,0.0,1,1.0,-0.75,17.0,83.0
2023-04-03 04:15:00,181.184974511112,141.824049044444,141.84877030555398,19.94444442,1.284,22.5,2,5.1764362714980825,70.66250196097344,4,0,4,0.8660254037844386,0.5000000000000001,0.0,1.0,0.8660254037844387,-0.4999999999999998,0.0,0.0,0.0,9.95,18.875,100.0,39.5,-13.325,1.7687068,0.0,-1.15,20.140740723333334,22.466666666666665,22.2,22.5,22.35,22.316666666666663,-18.66044442,0.0370369999999979,0.47,0.8140000000000001,1.655333333333333,20.013580246666667,0.679777777777779,3.8742456,3.860121,3.8776717,3.9283707,3.8870888,0,0.0,0,1.0,-0.75,16.7,83.3
2023-04-03 04:30:00,130.070074705558,70.850776955556,70.866331883334,20.140740723333334,1.655333333333333,22.316666666666663,2,5.1764362714980825,70.66250196097344,4,0,4,0.8660254037844386,0.5000000000000001,0.0,1.0,0.8660254037844387,-0.4999999999999998,0.0,0.0,0.0,9.1,19.05,100.0,40.0,-12.95,1.8224907,0.0,-0.8999999999999999,19.99999997,22.5,22.466666666666665,22.2,22.5,22.05,-18.48540739,0.1962963033333338,0.3713333333333333,1.284,2.0660000000000003,19.997530854444445,1.2511111111111122,3.8870888,3.8742456,3.860121,3.8776717,3.8091357,0,0.0,0,1.0,-0.7,15.4,84.6
2023-04-03 04:45:00,115.108728866664,53.681463788888,53.694796588888,19.99999997,2.0660000000000003,22.05,1,5.1764362714980825,70.66250196097344,4,0,4,0.8660254037844386,0.5000000000000001,0.0,1.0,0.8660254037844387,-0.4999999999999998,0.0,0.0,0.0,8.25,19.225,100.0,40.5,-12.575,1.8775476,0.0,-0.65,19.7462963,22.316666666666663,22.5,22.466666666666665,22.2,22.466666666666665,-17.93399997,-0.1407407533333362,0.4106666666666669,1.655333333333333,2.6406666666666667,20.028395037777777,1.6684444444444455,3.8091357,3.8870888,3.8742456,3.860121,3.8238251,0,0.0,1,1.0,-0.74,16.4,83.6
2023-04-03 05:00:00,173.405285794442,131.813893916666,131.837504088888,19.7462963,2.6406666666666667,22.466666666666665,2,5.1764362714980825,70.66250196097344,5,0,4,0.9659258262890684,0.2588190451025207,0.0,1.0,0.8660254037844387,-0.4999999999999998,0.0,0.0,0.0,7.4,19.4,100.0,41.0,-12.2,1.9339021,0.0,-0.4,20.03333332,22.05,22.316666666666663,22.5,22.466666666666665,22.45,-17.105629633333333,-0.2537036699999966,0.5746666666666664,2.0660000000000003,2.777333333333333,19.962345664444445,2.120666666666668,3.8238251,3.8091357,3.8870888,3.8742456,3.8858128,0,0.0,1,1.0,-0.79,18.2,81.8
2023-04-03 05:15:00,137.6378276,95.412572227778,95.430627088888,20.03333332,2.777333333333333,22.45,2,5.1764362714980825,70.66250196097344,5,0,4,0.9659258262890684,0.2588190451025207,0.0,1.0,0.8660254037844387,-0.4999999999999998,0.0,0.0,0.0,8.25,20.05,100.0,40.0,-12.15,1.9328781,0.0,-0.05,20.040740746666664,22.466666666666665,22.05,22.316666666666663,22.5,21.85,-17.255999986666666,0.2870370199999996,0.1366666666666662,2.6406666666666667,2.708666666666667,19.926543196666668,2.494666666666668,3.8858128,3.8238251,3.8091357,3.8870888,3.7836003,0,0.0,0,1.0,-0.73,16.1,83.9
2023-04-03 05:30:00,87.891206511108,37.652938255556,37.663771188888,20.040740746666664,2.708666666666667,21.85,1,5.1764362714980825,70.66250196097344,5,0,4,0.9659258262890684,0.2588190451025207,0.0,1.0,0.8660254037844387,-0.4999999999999998,0.0,0.0,0.0,9.1,20.7,100.0,39.0,-12.1,1.9305097,0.0,0.2999999999999999,19.77777775,22.45,22.466666666666665,22.05,22.316666666666663,21.85,-17.332074079999998,0.0074074266666634,-0.0686666666666662,2.777333333333333,3.052,19.94012345555556,2.7088888888888896,3.7836003,3.8858128,3.8238251,3.8091357,3.7257445,0,0.0,1,1.0,-0.73,16.1,83.9
2023-04-03 05:45:00,176.019625583334,126.046346827778,126.067179327778,19.77777775,3.052,21.85,2,5.1764362714980825,70.66250196097344,5,0,4,0.9659258262890684,0.2588190451025207,0.0,1.0,0.8660254037844387,-0.4999999999999998,0.0,0.0,0.0,9.95,21.35,100.0,38.0,-12.05,1.9267389,0.0,0.6499999999999998,19.99074071,21.85,22.45,22.466666666666665,22.05,21.816666666666663,-16.72577775,-0.2629629966666655,0.3433333333333332,2.708666666666667,3.648,19.95061727222222,2.8460000000000014,3.7257445,3.7836003,3.8858128,3.8238251,3.766785,0,0.0,1,1.0,-0.79,18.1,81.9
2023-04-03 06:00:00,125.108051077776,69.186399083334,69.202787294446,19.99074071,3.648,21.816666666666663,1,5.1764362714980825,70.66250196097344,6,0,4,1.0,6.123233995736766e-17,0.0,1.0,0.8660254037844387,-0.4999999999999998,0.0,0.0,0.0,10.8,22.0,100.0,37.0,-12.0,1.9215078,0.0,1.0,19.93333334,21.85,21.85,22.45,22.466666666666665,21.55,-16.34274071,0.2129629600000022,0.5960000000000001,3.052,4.004,19.93641973555556,3.136222222222224,3.766785,3.7257445,3.7836003,3.8858128,3.7082524,0,0.0,1,1.0,-0.74,16.5,83.5
2023-04-03 06:15:00,105.93909568333,50.033276388888,50.046331449998,19.93333334,4.004,21.55,1,5.1764362714980825,70.66250196097344,6,0,4,1.0,6.123233995736766e-17,0.0,1.0,0.8660254037844387,-0.4999999999999998,0.25,0.0625,0.0208333333333333,11.2,22.625,100.0,37.5,-11.825,1.9574765,0.0,1.075,19.7425926,21.816666666666663,21.85,21.85,22.45,21.966666666666665,-15.92933334,-0.0574073699999999,0.3560000000000003,3.648,4.424666666666667,19.900617266666668,3.5680000000000014,3.7082524,3.766785,3.7257445,3.7836003,3.7379138,0,0.0,0,1.0,-0.75,16.9,83.1
2023-04-03 06:30:00,165.825866733332,126.458274816666,126.480496111112,19.7425926,4.424666666666667,21.966666666666665,2,5.1764362714980825,70.66250196097344,6,0,4,1.0,6.123233995736766e-17,0.0,1.0,0.8660254037844387,-0.4999999999999998,0.5,0.1875,0.0625,11.6,23.25,100.0,38.0,-11.65,1.9937574,0.0,1.15,19.98333335,21.55,21.816666666666663,21.85,21.85,21.95,-15.317925933333337,-0.1907407399999989,0.4206666666666665,4.004,4.575333333333333,19.888888883333333,4.025555555555557,3.7379138,3.7082524,3.766785,3.7257445,3.788162,0,0.0,1,1.0,-0.79,18.3,81.7
2023-04-03 06:45:00,94.02262777778,54.726421955556,54.742532427778,19.98333335,4.575333333333333,21.95,1,5.1764362714980825,70.66250196097344,6,0,4,1.0,6.123233995736766e-17,0.0,1.0,0.8660254037844387,-0.4999999999999998,0.75,0.375,0.125,12.0,23.875,100.0,38.5,-11.475,2.0303526,0.0,1.225,19.881481496666662,21.966666666666665,21.55,21.816666666666663,21.85,21.53333333333333,-15.40800001666667,0.2407407500000005,0.150666666666666,4.424666666666667,4.193333333333333,19.886419763333336,4.334666666666668,3.788162,3.7379138,3.7082524,3.766785,3.6941433,0,0.0,1,1.0,-0.74,16.5,83.5
2023-04-03 07:00:00,128.439862233332,73.39345302777801,73.410674522224,19.881481496666662,4.193333333333333,21.53333333333333,2,5.1764362714980825,70.66250196097344,7,0,4,0.9659258262890684,-0.2588190451025206,0.0,1.0,0.8660254037844387,-0.4999999999999998,1.0,0.625,0.2083333333333333,12.4,24.5,100.0,39.0,-11.3,2.0672643,0.0,1.3,19.77222225,21.95,21.966666666666665,21.55,21.816666666666663,21.8,-15.688148163333333,-0.1018518533333363,-0.3819999999999997,4.575333333333333,4.0920000000000005,19.86913581555556,4.397777777777779,3.6941433,3.788162,3.7379138,3.7082524,3.716007,0,0.0,1,1.0,-0.77,17.3,82.7
2023-04-03 07:15:00,185.225924066664,128.248758727778,128.272646672222,19.77222225,4.0920000000000005,21.8,2,5.1764362714980825,70.66250196097344,7,0,4,0.9659258262890684,-0.2588190451025206,0.0,1.0,0.8660254037844387,-0.4999999999999998,11.75,3.5,1.1875,13.725,27.475,77.5,39.75,-10.5,2.1873107,0.0,1.85,19.996296306666668,21.53333333333333,21.95,21.966666666666665,21.55,21.35,-15.680222250000002,-0.1092592466666637,-0.1013333333333328,4.193333333333333,4.215333333333333,19.87901236555556,4.28688888888889,3.716007,3.6941433,3.788162,3.7379138,3.687411,0,0.0,0,1.0,-0.79,18.1,81.9
2023-04-03 07:30:00,53.346199283338,0.0,0.0,19.996296306666668,4.215333333333333,21.35,0,5.1764362714980825,70.66250196097344,7,0,4,0.9659258262890684,-0.2588190451025206,0.0,1.0,0.8660254037844387,-0.4999999999999998,22.5,9.0,3.0625,15.05,30.45,55.0,40.5,-9.7,2.3131056,0.0,2.4000000000000004,19.80555553,21.8,21.53333333333333,21.95,21.966666666666665,21.4,-15.780962973333336,0.2240740566666659,0.1233333333333321,4.0920000000000005,4.572,19.883333351111112,4.16688888888889,3.687411,3.716007,3.6941433,3.788162,3.6549633,1,1.0,1,0.75,-0.74,16.5,83.5
2023-04-03 07:45:00,167.20331168333,121.3209803,121.3443127,19.80555553,4.572,21.4,2,5.1764362714980825,70.66250196097344,7,0,4,0.9659258262890684,-0.2588190451025206,0.0,1.0,0.8660254037844387,-0.4999999999999998,33.25,17.125,5.833333333333333,16.375,33.425,32.5,41.25,-8.9,2.4448779,0.0,2.95,19.93888891,21.35,21.8,21.53333333333333,21.95,21.78333333333333,-15.23355553,-0.1907407766666686,0.3566666666666673,4.215333333333333,4.6353333333333335,19.85802469555556,4.293111111111112,3.6549633,3.687411,3.716007,3.6941433,3.749624,0,1.0,1,0.75,-0.78,17.9,82.1
2023-04-03 08:00:00,294.776819605554,62.595273905554,62.613328783330005,19.93888891,4.6353333333333335,21.78333333333333,1,5.1764362714980825,70.66250196097344,8,0,4,0.8660254037844387,-0.4999999999999998,0.0,1.0,0.8660254037844387,-0.4999999999999998,44.0,27.875,9.5,17.7,36.4,10.0,42.0,-8.1,2.582864,0.0,3.5,20.0555556,21.4,21.35,21.8,21.53333333333333,20.85,-15.303555576666666,0.1333333799999998,0.0633333333333334,4.572,5.071333333333333,19.91358024888889,4.474222222222223,3.749624,3.6549633,3.687411,3.716007,3.6135702,0,1.0,1,0.75,-0.75,16.9,83.1
2023-04-03 08:15:00,161.515205700004,38.7934482,38.807892072222,20.0555556,5.071333333333333,20.85,1,5.1764362714980825,70.66250196097344,8,0,4,0.8660254037844387,-0.4999999999999998,0.0,1.0,0.8660254037844387,-0.4999999999999998,102.5,50.5625,18.041666666666668,17.875,36.925,26.25,42.0,-7.824999999999999,2.6483877,0.0,3.875,20.11666668666667,21.78333333333333,21.4,21.35,21.8,21.15,-14.98422226666667,0.1166666900000024,0.435999999999999,4.6353333333333335,5.304,19.933333346666668,4.759555555555556,3.6135702,3.749624,3.6549633,3.687411,3.678696,0,1.0,0,0.75,-0.73,16.2,83.8
2023-04-03 08:30:00,176.940144411108,117.903339227778,117.92639383889,20.11666668666667,5.304,21.15,2,5.1764362714980825,70.66250196097344,8,0,4,0.8660254037844387,-0.4999999999999998,0.0,1.0,0.8660254037844387,-0.4999999999999998,161.0,85.1875,31.45833333333333,18.05,37.45,42.5,42.0,-7.55,2.715361,0.0,4.25,20.5111111,20.85,21.78333333333333,21.4,21.35,21.05,-14.812666686666669,0.061111086666667,0.2326666666666677,5.071333333333333,5.351333333333333,20.03703706555556,5.003555555555557,3.678696,3.6135702,3.749624,3.6549633,3.7466426,0,0.0,1,1.0,-0.71,15.7,84.3
2023-04-03 08:45:00,61.178108327778,0.0,0.0,20.5111111,5.351333333333333,21.05,0,5.1764362714980825,70.66250196097344,8,0,4,0.8660254037844387,-0.4999999999999998,0.0,1.0,0.8660254037844387,-0.4999999999999998,219.5,131.75,49.75,18.225,37.975,58.75,42.0,-7.275,2.7838118,0.0,4.625,20.82777777333333,21.15,20.85,21.78333333333333,21.4,20.066666666666663,-15.159777766666668,0.394444413333332,0.0473333333333325,5.304,5.77,20.22777779555556,5.242222222222223,3.7466426,3.678696,3.6135702,3.749624,3.638116,1,1.0,1,0.75,-0.63,13.2,86.8
2023-04-03 09:00:00,91.500506599996,52.148469511112,52.164857772222,20.82777777333333,5.77,20.066666666666663,1,5.1764362714980825,70.66250196097344,9,0,4,0.7071067811865476,-0.7071067811865475,0.0,1.0,0.8660254037844387,-0.4999999999999998,278.0,190.25,72.91666666666667,18.4,38.5,75.0,42.0,-7.0,2.8537672,0.0,5.0,21.22777778,21.05,21.15,20.85,21.78333333333333,20.3,-15.057777773333331,0.3166666733333301,0.4186666666666667,5.351333333333333,5.878,20.485185186666666,5.475111111111112,3.638116,3.7466426,3.678696,3.6135702,3.766938,0,1.0,1,0.75,-0.56,11.6,88.4
2023-04-03 09:15:00,128.685407977776,88.475349711112,88.494515611112,21.22777778,5.878,20.3,2,5.1764362714980825,70.66250196097344,9,0,4,0.7071067811865476,-0.7071067811865475,0.0,1.0,0.8660254037844387,-0.4999999999999998,324.25,245.6875,99.91666666666669,19.75,42.025,81.25,40.75,-6.875,2.8710792,0.0,5.55,21.82592594,20.066666666666663,21.05,21.15,20.85,19.85,-15.34977778,0.4000000066666693,0.1080000000000005,5.77,6.33,20.85555555111111,5.666444444444445,3.766938,3.638116,3.7466426,3.678696,3.8131537,0,1.0,1,0.75,-0.47,9.6,90.4
2023-04-03 09:30:00,56.420243066668,0.0,0.0,21.82592594,6.33,19.85,0,5.1764362714980825,70.66250196097344,9,0,4,0.7071067811865476,-0.7071067811865475,0.0,1.0,0.8660254037844387,-0.4999999999999998,370.5,298.0625,130.75,21.1,45.55,87.5,39.5,-6.75,2.8853025,0.0,6.1,21.99444444,20.3,20.066666666666663,21.05,21.15,19.25,-15.49592594,0.5981481600000009,0.4519999999999999,5.878,7.025333333333333,21.293827164444448,5.992666666666668,3.8131537,3.766938,3.638116,3.7466426,3.7340207,1,2.0,1,0.5,-0.33,7.3,92.7
2023-04-03 09:45:00,869.7802074333321,49.912447855556,49.9271695,21.99444444,7.025333333333333,19.25,1,5.1764362714980825,70.66250196097344,9,0,4,0.7071067811865476,-0.7071067811865475,0.0,1.0,0.8660254037844387,-0.4999999999999998,416.75,347.375,165.41666666666666,22.45,49.075,93.75,38.25,-6.625,2.89622,0.0,6.65,21.96851849333333,19.85,20.3,20.066666666666663,21.05,20.666666666666668,-14.969111106666666,0.1685184999999975,0.6953333333333331,6.33,7.200666666666667,21.682716053333333,6.411111111111112,3.7340207,3.8131537,3.766938,3.638116,4.002832,0,1.0,1,0.75,-0.3,6.8,93.2
2023-04-03 10:00:00,529.36549128333,94.261784927778,94.282895216666,21.96851849333333,7.200666666666667,20.666666666666668,2,5.1764362714980825,70.66250196097344,10,0,4,0.4999999999999999,-0.8660254037844387,0.0,1.0,0.8660254037844387,-0.4999999999999998,463.0,393.625,203.91666666666663,23.8,52.6,100.0,37.0,-6.5,2.9036016,0.0,7.2,22.06666666,19.25,19.85,20.3,20.066666666666663,22.35,-14.767851826666664,-0.0259259466666677,0.1753333333333335,7.025333333333333,7.759333333333333,21.929629624444445,6.852000000000001,4.002832,3.7340207,3.8131537,3.766938,4.3534284,0,1.0,1,0.75,-0.29,6.8,93.2
2023-04-03 10:15:00,59.424845144444,0.0,0.0,22.06666666,7.759333333333333,22.35,0,5.1764362714980825,70.66250196097344,10,0,4,0.4999999999999999,-0.8660254037844387,0.0,1.0,0.8660254037844387,-0.4999999999999998,458.25,427.125,241.125,23.2,52.675,100.0,37.25,-5.95,3.0194209,0.0,7.7,21.96666667,20.666666666666668,19.25,19.85,20.3,22.316666666666663,-14.307333326666663,0.0981481666666681,0.5586666666666664,7.200666666666667,8.256,22.009876531111107,7.328444444444446,4.3534284,4.002832,3.7340207,3.8131537,4.3219504,1,2.0,1,0.5,-0.26,6.4,93.6
2023-04-03 10:30:00,68.351154861106,26.870591816666,26.883369138886,21.96666667,8.256,22.316666666666663,1,5.1764362714980825,70.66250196097344,10,0,4,0.4999999999999999,-0.8660254037844387,0.0,1.0,0.8660254037844387,-0.4999999999999998,453.5,447.875,277.0416666666667,22.6,52.75,100.0,37.5,-5.4,3.1393025,0.0,8.2,21.85555554,22.35,20.666666666666668,19.25,19.85,23.1,-13.710666669999998,-0.0999999900000006,0.496666666666667,7.759333333333333,8.853333333333333,22.000617274444448,7.738666666666667,4.3219504,4.3534284,4.002832,3.7340207,4.44507,0,1.0,1,0.75,-0.28,6.7,93.3
2023-04-03 10:45:00,149.230975205546,110.0655972,110.08948516111,21.85555554,8.853333333333333,23.1,2,5.1764362714980825,70.66250196097344,10,0,4,0.4999999999999999,-0.8660254037844387,0.0,1.0,0.8660254037844387,-0.4999999999999998,448.75,455.875,311.6666666666667,22.0,52.825,100.0,37.75,-4.85,3.263369,0.0,8.7,21.86481480666667,22.316666666666663,22.35,20.666666666666668,19.25,23.78333333333333,-13.002222206666668,-0.1111111299999976,0.5973333333333333,8.256,9.539333333333332,21.96296295666667,8.289555555555557,4.44507,4.3219504,4.3534284,4.002832,4.579008,0,1.0,1,0.75,-0.31,6.9,93.1
2023-04-03 11:00:00,161.71075364444,34.090580755556,34.10585796111,21.86481480666667,9.539333333333332,23.78333333333333,1,5.1764362714980825,70.66250196097344,11,0,4,0.258819045102521,-0.9659258262890682,0.0,1.0,0.8660254037844387,-0.4999999999999998,444.0,451.125,345.0,21.4,52.9,100.0,38.0,-4.3,3.3917458,0.0,9.2,21.73888887,23.1,22.316666666666663,22.35,20.666666666666668,23.9,-12.325481473333337,0.0092592666666675,0.6859999999999999,8.853333333333333,10.348,21.895679005555557,8.88288888888889,4.579008,4.44507,4.3219504,4.3534284,4.568134,0,1.0,1,0.75,-0.3,6.9,93.1
2023-04-03 11:15:00,1019.398111344444,0.0,0.0,21.73888887,10.348,23.9,0,5.1764362714980825,70.66250196097344,11,0,4,0.258819045102521,-0.9659258262890682,0.0,1.0,0.8660254037844387,-0.4999999999999998,470.5,454.1875,375.6666666666667,21.875,52.45,100.0,38.0,-3.775,3.5350566,0.0,9.85,21.525925933333333,23.78333333333333,23.1,22.316666666666663,22.35,24.83333333333333,-11.39088887,-0.1259259366666683,0.8086666666666673,9.539333333333332,10.989333333333333,21.819753072222227,9.580222222222224,4.568134,4.579008,4.44507,4.3219504,4.6884427,1,1.0,1,0.75,-0.33,7.2,92.8
2023-04-03 11:30:00,884.033803833336,0.0,0.0,21.525925933333333,10.989333333333333,24.83333333333333,0,5.1764362714980825,70.66250196097344,11,0,4,0.258819045102521,-0.9659258262890682,0.0,1.0,0.8660254037844387,-0.4999999999999998,497.0,465.0625,403.6666666666667,22.35,52.0,100.0,38.0,-3.25,3.6836185,0.0,10.5,21.49999999,23.9,23.78333333333333,23.1,22.316666666666663,26.15,-10.5365926,-0.212962936666667,0.641333333333332,10.348,11.56,21.70987653666667,10.292222222222223,4.6884427,4.568134,4.579008,4.44507,4.929623,0,2.0,0,0.5,-0.37,7.9,92.1
2023-04-03 11:45:00,576.2152838000001,0.0,0.0,21.49999999,11.56,26.15,0,5.1764362714980825,70.66250196097344,11,0,4,0.258819045102521,-0.9659258262890682,0.0,1.0,0.8660254037844387,-0.4999999999999998,523.5,483.75,429.0,22.825,51.55,100.0,38.0,-2.725,3.8375928,0.0,11.15,21.716666673333336,24.83333333333333,23.9,23.78333333333333,23.1,25.85,-9.93999999,-0.025925943333334,0.5706666666666678,10.989333333333333,12.488666666666663,21.588271597777776,10.96577777777778,4.929623,4.6884427,4.568134,4.579008,4.9345098,0,3.0,0,0.25,-0.37,7.8,92.2
2023-04-03 12:00:00,47.152836011112,0.0,0.0,21.716666673333336,12.488666666666663,25.85,0,5.1764362714980825,70.66250196097344,12,0,4,1.2246467991473532e-16,-1.0,0.0,1.0,0.8660254037844387,-0.4999999999999998,550.0,510.25,451.6666666666667,23.3,51.1,100.0,38.0,-2.2,3.997144,0.0,11.8,22.011111130000003,26.15,24.83333333333333,23.9,23.78333333333333,25.45,-9.22800000666667,0.2166666833333366,0.9286666666666648,11.56,13.274,21.58086419888889,11.679333333333334,4.9345098,4.929623,4.6884427,4.568134,4.9414115,0,4.0,0,0.0,-0.32,7.1,92.9
2023-04-03 12:15:00,42.995224555556,0.0,0.0,22.011111130000003,13.274,25.45,0,5.1764362714980825,70.66250196097344,12,0,4,1.2246467991473532e-16,-1.0,0.0,1.0,0.8660254037844387,-0.4999999999999998,589.5,540.0,473.7708333333333,23.85,52.625,84.5,37.5,-1.825,4.0885544,0.0,12.375,22.364814846666665,25.85,26.15,24.83333333333333,23.9,24.85,-8.737111130000002,0.2944444566666675,0.7853333333333357,12.488666666666663,13.921333333333331,21.742592597777783,12.44088888888889,4.9414115,4.9345098,4.929623,4.6884427,4.9241657,0,4.0,0,0.0,-0.25,6.3,93.7
2023-04-03 12:30:00,57.439091161114,0.0,0.0,22.364814846666665,13.921333333333331,24.85,0,5.1764362714980825,70.66250196097344,12,0,4,1.2246467991473532e-16,-1.0,0.0,1.0,0.8660254037844387,-0.4999999999999998,629.0,573.0,495.3125,24.4,54.150000000000006,69.0,37.0,-1.4500000000000002,4.180619,0.0,12.95,22.7277778,25.45,25.85,26.15,24.83333333333333,24.5,-8.443481513333332,0.3537037166666614,0.6473333333333322,13.274,14.413333333333332,22.030864216666668,13.228,4.9241657,4.9414115,4.9345098,4.929623,4.9570284,0,4.0,0,0.0,-0.18,5.6,94.4
2023-04-03 12:45:00,65.475158588892,0.0,0.0,22.7277778,14.413333333333332,24.5,0,5.1764362714980825,70.66250196097344,12,0,4,1.2246467991473532e-16,-1.0,0.0,1.0,0.8660254037844387,-0.4999999999999998,668.5,609.25,516.2916666666666,24.95,55.675,53.5,36.5,-1.075,4.273273,0.0,13.525,22.974074066666667,24.85,25.45,25.85,26.15,24.316666666666663,-8.31444446666667,0.3629629533333371,0.4919999999999991,13.921333333333331,15.126,22.36790125888889,13.869555555555555,4.9570284,4.9241657,4.9414115,4.9345098,4.989826,0,4.0,0,0.0,-0.09,5.2,94.8
2023-04-03 13:00:00,45.521790238886,0.0,0.0,22.974074066666667,15.126,24.316666666666663,0,5.1764362714980825,70.66250196097344,13,0,4,-0.2588190451025208,-0.9659258262890684,0.0,1.0,0.8660254037844387,-0.4999999999999998,708.0,648.75,536.7083333333334,25.5,57.2,38.0,36.0,-0.7,4.366446,0.0,14.1,23.17777778,24.5,24.85,25.45,25.85,24.0,-7.848074066666667,0.2462962666666648,0.7126666666666672,14.413333333333332,15.770666666666669,22.688888904444443,14.48688888888889,4.989826,4.9570284,4.9241657,4.9414115,4.9825363,0,4.0,0,0.0,-0.04,5.0,95.0
2023-04-03 13:15:00,44.206287211112,0.0,0.0,23.17777778,15.770666666666669,24.0,0,5.1764362714980825,70.66250196097344,13,0,4,-0.2588190451025208,-0.9659258262890684,0.0,1.0,0.8660254037844387,-0.4999999999999998,732.25,684.4375,559.5416666666666,25.6,57.650000000000006,44.75,35.75,-0.3999999999999999,4.450489,0.0,14.525,23.31481483,24.316666666666663,24.5,24.85,25.45,24.0,-7.407111113333332,0.2037037133333328,0.6446666666666676,15.126,16.311333333333334,22.95987654888889,15.103333333333332,4.9825363,4.989826,4.9570284,4.9241657,5.021673,0,4.0,0,0.0,0.01,5.0,95.0
2023-04-03 13:30:00,52.5445648,0.0,0.0,23.31481483,16.311333333333334,24.0,0,5.1764362714980825,70.66250196097344,13,0,4,-0.2588190451025208,-0.9659258262890684,0.0,1.0,0.8660254037844387,-0.4999999999999998,756.5,716.3125,584.7916666666666,25.7,58.1,51.5,35.5,-0.0999999999999999,4.535526,0.0,14.95,23.40000001,24.0,24.316666666666663,24.5,24.85,24.0,-7.003481496666666,0.13703705,0.5406666666666666,15.770666666666669,16.619333333333334,23.15555555888889,15.736,5.021673,4.9825363,4.989826,4.9570284,5.0461354,0,4.0,0,0.0,0.04,5.0,95.0
2023-04-03 13:45:00,63.633287966664,17.293474883334,17.306252188888,23.40000001,16.619333333333334,24.0,1,5.1764362714980825,70.66250196097344,13,0,4,-0.2588190451025208,-0.9659258262890684,0.0,1.0,0.8660254037844387,-0.4999999999999998,780.75,744.375,612.4583333333334,25.8,58.55,58.25,35.25,0.2,4.621554,0.0,15.375,23.574074066666665,24.0,24.0,24.316666666666663,24.5,24.183333333333334,-6.780666676666666,0.0851851799999998,0.3079999999999998,16.311333333333334,16.68466666666667,23.297530873333333,16.233777777777778,5.0461354,5.021673,4.9825363,4.989826,5.135376,0,3.0,1,0.25,0.06,5.1,94.9
2023-04-03 14:00:00,126.647156211108,71.400754988888,71.419087638886,23.574074066666665,16.68466666666667,24.183333333333334,2,5.1764362714980825,70.66250196097344,14,0,4,-0.4999999999999997,-0.8660254037844388,0.0,1.0,0.8660254037844387,-0.4999999999999998,805.0,768.625,642.5416666666666,25.9,59.0,65.0,35.0,0.5,4.7085657,0.0,15.8,23.87222219,24.0,24.0,24.0,24.316666666666663,24.15,-6.889407399999996,0.1740740566666652,0.065333333333335,16.619333333333334,17.278666666666666,23.42962963555556,16.538444444444444,5.135376,5.0461354,5.021673,4.9825363,5.2160172,0,2.0,1,0.5,0.1,5.2,94.8
2023-04-03 14:15:00,57.54658696111,0.0,0.0,23.87222219,17.278666666666666,24.15,0,5.1764362714980825,70.66250196097344,14,0,4,-0.4999999999999997,-0.8660254037844388,0.0,1.0,0.8660254037844387,-0.4999999999999998,792.5,783.6875,669.375,25.6,58.825,72.75,35.25,0.75,4.8217106,0.0,16.075,23.85185186333333,24.183333333333334,24.0,24.0,24.0,24.183333333333334,-6.5935555233333325,0.298148123333334,0.5939999999999976,16.68466666666667,17.669333333333334,23.615432088888884,16.86088888888889,5.2160172,5.135376,5.0461354,5.021673,5.2171736,1,2.0,1,0.5,0.17,5.6,94.4
2023-04-03 14:30:00,167.11748174999798,0.0,0.0,23.85185186333333,17.669333333333334,24.183333333333334,0,5.1764362714980825,70.66250196097344,14,0,4,-0.4999999999999997,-0.8660254037844388,0.0,1.0,0.8660254037844387,-0.4999999999999998,780.0,789.5625,692.9583333333334,25.3,58.65,80.5,35.5,1.0,4.937148,0.0,16.35,23.68333336,24.15,24.183333333333334,24.0,24.0,24.5,-6.182518529999996,-0.0203703266666686,0.390666666666668,17.278666666666666,18.22,23.76604937333333,17.210888888888892,5.2171736,5.2160172,5.135376,5.0461354,5.235081,0,2.0,0,0.5,0.17,5.6,94.4
2023-04-03 14:45:00,177.60678434444398,0.0,0.0,23.68333336,18.22,24.5,0,5.1764362714980825,70.66250196097344,14,0,4,-0.4999999999999997,-0.8660254037844388,0.0,1.0,0.8660254037844387,-0.4999999999999998,767.5,786.25,713.2916666666666,25.0,58.475,88.25,35.75,1.25,5.054914,0.0,16.625,23.470370376666665,24.183333333333334,24.15,24.183333333333334,24.0,24.683333333333334,-5.4633333599999965,-0.1685185033333311,0.5506666666666682,17.669333333333334,18.828666666666667,23.802469137777777,17.72266666666667,5.235081,5.2171736,5.2160172,5.135376,5.210674,0,3.0,0,0.25,0.13,5.3,94.7
2023-04-03 15:00:00,60.186481294446,0.0,0.0,23.470370376666665,18.828666666666667,24.683333333333334,0,5.1764362714980825,70.66250196097344,15,0,4,-0.7071067811865471,-0.7071067811865479,0.0,1.0,0.8660254037844387,-0.4999999999999998,755.0,773.75,730.375,24.7,58.3,96.0,36.0,1.5,5.1750517,0.0,16.9,23.25555555,24.5,24.183333333333334,24.15,24.183333333333334,25.05,-4.641703709999998,-0.2129629833333339,0.6086666666666645,18.22,19.118666666666662,23.66851853333333,18.23933333333333,5.210674,5.235081,5.2171736,5.2160172,5.223673,0,4.0,0,0.0,0.08,5.1,94.9
2023-04-03 15:15:00,59.571783600004,0.0,0.0,23.25555555,19.118666666666662,25.05,0,5.1764362714980825,70.66250196097344,15,0,4,-0.7071067811865471,-0.7071067811865479,0.0,1.0,0.8660254037844387,-0.4999999999999998,690.75,748.3125,738.8125,24.0,57.575,97.0,36.5,1.75,5.254802,0.0,16.924999999999997,22.964814846666663,24.683333333333334,24.5,24.183333333333334,24.15,25.65,-4.136888883333334,-0.2148148266666645,0.2899999999999991,18.828666666666667,19.037333333333333,23.46975309555556,18.722444444444445,5.223673,5.210674,5.235081,5.2171736,5.260641,0,4.0,0,0.0,0.03,5.0,95.0
2023-04-03 15:30:00,46.808127633332,0.0,0.0,22.964814846666663,19.037333333333333,25.65,0,5.1764362714980825,70.66250196097344,15,0,4,-0.7071067811865471,-0.7071067811865479,0.0,1.0,0.8660254037844387,-0.4999999999999998,626.5,709.9375,738.6041666666666,23.3,56.85,98.0,37.0,2.0,5.33478,0.0,16.95,22.60555559,25.05,24.683333333333334,24.5,24.183333333333334,26.4,-3.927481513333333,-0.2907407033333342,-0.0813333333333332,19.118666666666662,19.152,23.230246924444444,18.99488888888889,5.260641,5.223673,5.210674,5.235081,5.3041396,0,4.0,0,0.0,-0.03,5.0,95.0
2023-04-03 15:45:00,51.152676011112,0.0,0.0,22.60555559,19.152,26.4,0,5.1764362714980825,70.66250196097344,15,0,4,-0.7071067811865471,-0.7071067811865479,0.0,1.0,0.8660254037844387,-0.4999999999999998,562.25,658.625,729.75,22.6,56.125,99.0,37.5,2.25,5.4149857,0.0,16.975,22.31851854,25.65,25.05,24.683333333333334,24.5,26.966666666666665,-3.453555590000001,-0.3592592566666646,0.1146666666666682,19.037333333333333,19.124,22.94197532888889,19.102666666666668,5.3041396,5.260641,5.223673,5.210674,5.3293886,0,4.0,0,0.0,-0.11,5.3,94.7
2023-04-03 16:00:00,56.881613627774,14.2819287,14.29415046111,22.31851854,19.124,26.966666666666665,1,5.1764362714980825,70.66250196097344,16,0,4,-0.8660254037844385,-0.5000000000000004,0.0,1.0,0.8660254037844387,-0.4999999999999998,498.0,594.375,712.25,21.9,55.4,100.0,38.0,2.5,5.495417,0.0,17.0,21.85,26.4,25.65,25.05,24.683333333333334,26.4,-3.194518539999997,-0.2870370500000021,-0.0279999999999986,19.152,18.946,22.629629658888888,19.104444444444447,5.3293886,5.3041396,5.260641,5.223673,5.078451,0,3.0,1,0.25,-0.17,5.6,94.4
2023-04-03 16:15:00,150.40203926111,84.783830727778,84.807718688888,21.85,18.946,26.4,2,5.1764362714980825,70.66250196097344,16,0,4,-0.8660254037844385,-0.5000000000000004,0.0,1.0,0.8660254037844387,-0.4999999999999998,445.0,532.9375,688.3125,20.25,53.7,100.0,39.25,2.85,5.650712,0.0,16.925,21.69074075,26.966666666666665,26.4,25.65,25.05,27.116666666666667,-2.904,-0.468518539999998,-0.1780000000000008,19.124,19.062666666666665,22.25802471,19.074,5.078451,5.3293886,5.3041396,5.260641,5.168555,0,2.0,1,0.5,-0.29,6.7,93.3
2023-04-03 16:30:00,194.80415193889,66.539282788888,66.603169133332,21.69074075,19.062666666666665,27.116666666666667,1,5.1764362714980825,70.66250196097344,16,0,4,-0.8660254037844385,-0.5000000000000004,0.0,1.0,0.8660254037844387,-0.4999999999999998,392.0,474.3125,657.9375,18.6,52.0,100.0,40.5,3.2,5.8044868,0.0,16.85,21.65555557,26.4,26.966666666666665,26.4,25.65,27.5,-2.6280740833333347,-0.1592592500000016,0.1166666666666635,18.946,18.90533333333333,21.953086430000003,19.04422222222222,5.168555,5.078451,5.3293886,5.3041396,5.2309704,0,1.0,1,0.75,-0.32,7.1,92.9
2023-04-03 16:45:00,123.299234549998,0.0,0.0,21.65555557,18.90533333333333,27.5,0,5.1764362714980825,70.66250196097344,16,0,4,-0.8660254037844385,-0.5000000000000004,0.0,1.0,0.8660254037844387,-0.4999999999999998,339.0,418.5,621.125,16.95,50.3,100.0,41.75,3.55,5.95675,0.0,16.775,21.30555556,27.116666666666667,26.4,26.966666666666665,26.4,27.683333333333334,-2.7502222366666693,-0.0351851799999991,-0.1573333333333337,19.062666666666665,18.7,21.732098773333338,18.97133333333333,5.2309704,5.168555,5.078451,5.3293886,5.160234,1,1.0,1,0.75,-0.32,7.2,92.8
2023-04-03 17:00:00,157.314540616662,46.3581456,46.429531694442,21.30555556,18.7,27.683333333333334,1,5.1764362714980825,70.66250196097344,17,0,4,-0.9659258262890684,-0.2588190451025206,0.0,1.0,0.8660254037844387,-0.4999999999999998,286.0,365.5,577.875,15.3,48.6,100.0,43.0,3.9,6.107513,0.0,16.7,21.19999998,27.5,27.116666666666667,26.4,26.966666666666665,28.1,-2.6055555600000027,-0.3500000099999987,-0.205333333333332,18.90533333333333,16.832,21.55061729333333,18.889333333333333,5.160234,5.2309704,5.168555,5.078451,5.205938,0,1.0,1,0.75,-0.4,8.4,91.6
2023-04-03 17:15:00,186.80836061667,72.750423216666,72.824031405554,21.19999998,16.832,28.1,2,5.1764362714980825,70.66250196097344,17,0,4,-0.9659258262890684,-0.2588190451025206,0.0,1.0,0.8660254037844387,-0.4999999999999998,238.5,313.875,531.7083333333334,13.7,44.65,100.0,45.25,4.075,6.1895723,0.0,16.075,21.20370368333333,27.683333333333334,27.5,27.116666666666667,26.4,29.3,-4.367999979999997,-0.1055555800000043,-1.8679999999999983,18.7,14.863333333333332,21.38703703666667,18.145777777777777,5.205938,5.160234,5.2309704,5.168555,5.4294214,0,1.0,1,0.75,-0.43,8.8,91.2
2023-04-03 17:30:00,156.866780711108,30.472669927778,30.5396117,21.20370368333333,14.863333333333332,29.3,1,5.1764362714980825,70.66250196097344,17,0,4,-0.9659258262890684,-0.2588190451025206,0.0,1.0,0.8660254037844387,-0.4999999999999998,191.0,263.625,482.625,12.1,40.7,100.0,47.5,4.25,6.2560506,0.0,15.45,20.90555554,28.1,27.683333333333334,27.5,27.116666666666667,30.35,-6.340370350000001,0.0037037033333362,-1.9686666666666677,16.832,14.012,21.23641974111111,16.798444444444442,5.4294214,5.205938,5.160234,5.2309704,5.527448,0,1.0,1,0.75,-0.42,8.6,91.4
2023-04-03 17:45:00,455.41539382222,95.016754711112,95.090918394446,20.90555554,14.012,30.35,2,5.1764362714980825,70.66250196097344,17,0,4,-0.9659258262890684,-0.2588190451025206,0.0,1.0,0.8660254037844387,-0.4999999999999998,143.5,214.75,430.625,10.5,36.75,100.0,49.75,4.425,6.3078637,0.0,14.825,21.101851866666667,29.3,28.1,27.683333333333334,27.5,30.5,-6.893555540000001,-0.2981481433333321,-0.8513333333333328,14.863333333333332,13.248666666666669,21.10308640111111,15.23577777777778,5.527448,5.4294214,5.205938,5.160234,5.6184797,0,0.0,1,1.0,-0.48,9.8,90.2
2023-04-03 18:00:00,195.049142155556,83.0200124,83.095009449998,21.101851866666667,13.248666666666669,30.5,2,5.1764362714980825,70.66250196097344,18,0,4,-1.0,-1.8369701987210294e-16,0.0,1.0,0.8660254037844387,-0.4999999999999998,96.0,167.25,375.7083333333333,8.9,32.8,100.0,52.0,4.6,6.345891,0.0,14.2,21.188888870000003,30.35,29.3,28.1,27.683333333333334,30.1,-7.8531852,0.1962963266666655,-0.7633333333333336,14.012,12.932,21.070370363333332,14.041333333333334,5.6184797,5.527448,5.4294214,5.205938,5.5728736,0,0.0,0,1.0,-0.43,8.9,91.1
2023-04-03 18:15:00,154.492708911112,34.151411655556004,34.217520127778,21.188888870000003,12.932,30.1,1,5.1764362714980825,70.66250196097344,18,0,4,-1.0,-1.8369701987210294e-16,0.0,1.0,0.8660254037844387,-0.4999999999999998,80.5,127.75,324.8541666666667,8.025,29.1,100.0,54.75,4.65,6.4099092,0.0,13.525,20.93148147,30.5,30.35,29.3,28.1,29.53333333333333,-8.256888870000004,0.0870370033333358,-0.3166666666666682,13.248666666666669,12.697333333333336,21.065432092222228,13.397555555555556,5.5728736,5.6184797,5.527448,5.4294214,5.3868275,0,0.0,1,1.0,-0.42,8.6,91.4
2023-04-03 18:30:00,208.874144633336,99.314082811112,99.388802055556,20.93148147,12.697333333333336,29.53333333333333,2,5.1764362714980825,70.66250196097344,18,0,4,-1.0,-1.8369701987210294e-16,0.0,1.0,0.8660254037844387,-0.4999999999999998,65.0,96.25,278.0625,7.15,25.4,100.0,57.5,4.699999999999999,6.456783,0.0,12.85,21.06666665,30.1,30.5,30.35,29.3,29.15,-8.234148136666667,-0.2574074000000017,-0.2346666666666639,12.932,12.464666666666666,21.07407406888889,12.959333333333332,5.3868275,5.5728736,5.6184797,5.527448,5.3588343,0,0.0,1,1.0,-0.48,9.8,90.2
2023-04-03 18:45:00,218.819580266664,96.930844844444,97.005564105554,21.06666665,12.464666666666666,29.15,2,5.1764362714980825,70.66250196097344,18,0,4,-1.0,-1.8369701987210294e-16,0.0,1.0,0.8660254037844387,-0.4999999999999998,49.5,72.75,235.33333333333331,6.275,21.7,100.0,60.25,4.75,6.4876485,0.0,12.175,21.20370373,29.53333333333333,30.1,30.5,30.35,29.183333333333334,-8.601999983333336,0.1351851800000005,-0.2326666666666685,12.697333333333336,12.440666666666663,21.062345663333332,12.698,5.3588343,5.3868275,5.5728736,5.6184797,5.4078026,0,0.0,0,1.0,-0.45,9.2,90.8
2023-04-03 19:00:00,233.565101422224,100.000999816666,100.075441288888,21.20370373,12.440666666666663,29.183333333333334,2,5.1764362714980825,70.66250196097344,19,0,4,-0.9659258262890684,0.2588190451025203,0.0,1.0,0.8660254037844387,-0.4999999999999998,34.0,57.25,196.66666666666663,5.4,18.0,100.0,63.0,4.8,6.5035906,0.0,11.5,21.32222221,29.15,29.53333333333333,30.1,30.5,30.25,-8.763037063333332,0.1370370799999953,-0.0240000000000009,12.464666666666666,12.244666666666664,21.067283950000004,12.53422222222222,5.4078026,5.3588343,5.3868275,5.5728736,5.6441145,0,0.0,0,1.0,-0.42,8.7,91.3
2023-04-03 19:15:00,212.024574044452,101.864814177776,101.93897786111,21.32222221,12.244666666666664,30.25,2,5.1764362714980825,70.66250196097344,19,0,4,-0.9659258262890684,0.2588190451025203,0.0,1.0,0.8660254037844387,-0.4999999999999998,25.75,43.5625,161.72916666666666,4.5,15.925,100.0,60.5,3.95,6.1483474,0.0,11.25,21.38518519333333,29.183333333333334,29.15,29.53333333333333,30.1,30.78333333333333,-9.077555543333334,0.1185184800000023,-0.1959999999999997,12.440666666666663,11.814666666666666,21.19753086333333,12.383333333333333,5.6441145,5.4078026,5.3588343,5.3868275,5.7646165,0,0.0,0,1.0,-0.38,8.1,91.9
2023-04-03 19:30:00,214.229485827786,103.072821355556,103.148096127778,21.38518519333333,11.814666666666666,30.78333333333333,2,5.1764362714980825,70.66250196097344,19,0,4,-0.9659258262890684,0.2588190451025203,0.0,1.0,0.8660254037844387,-0.4999999999999998,17.5,31.6875,130.52083333333334,3.6,13.85,100.0,58.0,3.1,5.8023977,0.0,11.0,21.42777775,30.25,29.183333333333334,29.15,29.53333333333333,30.5,-9.570518526666666,0.0629629833333318,-0.4299999999999997,12.244666666666664,11.877333333333333,21.30370371111111,12.166666666666666,5.7646165,5.6441145,5.4078026,5.3588343,5.725668,0,0.0,0,1.0,-0.37,7.8,92.2
2023-04-03 19:45:00,222.361105183334,102.732001672222,102.8067209,21.42777775,11.877333333333333,30.5,2,5.1764362714980825,70.66250196097344,19,0,4,-0.9659258262890684,0.2588190451025203,0.0,1.0,0.8660254037844387,-0.4999999999999998,9.25,21.625,103.04166666666669,2.7,11.775,100.0,55.5,2.25,5.4655676,0.0,10.75,21.40370366333333,30.78333333333333,30.25,29.183333333333334,29.15,30.683333333333334,-9.550444416666668,0.0425925566666691,0.0626666666666668,11.814666666666666,11.348666666666666,21.378395051111116,11.97888888888889,5.725668,5.7646165,5.6441145,5.4078026,5.752057,0,0.0,0,1.0,-0.36,7.7,92.3
2023-04-03 20:00:00,299.286083627778,31.7162313,31.782339788888,21.40370366333333,11.348666666666666,30.683333333333334,1,5.1764362714980825,70.66250196097344,20,0,4,-0.8660254037844386,0.5000000000000001,0.0,1.0,0.8660254037844387,-0.4999999999999998,1.0,13.375,79.29166666666667,1.8,9.7,100.0,53.0,1.4,5.137678,0.0,10.5,21.12222224,30.5,30.78333333333333,30.25,29.183333333333334,31.8,-10.055036996666663,-0.0240740866666691,-0.5286666666666662,11.877333333333333,10.95,21.405555535555557,11.680222222222222,5.752057,5.725668,5.7646165,5.6441145,5.8648877,0,0.0,1,1.0,-0.36,7.7,92.3
2023-04-03 20:15:00,406.600402,0.0,0.0,21.12222224,10.95,31.8,0,5.1764362714980825,70.66250196097344,20,0,4,-0.8660254037844386,0.5000000000000001,0.0,1.0,0.8660254037844387,-0.4999999999999998,0.75,7.125,59.47916666666666,1.85,8.274999999999999,100.0,55.25,1.6,5.2385173,0.075,10.15,20.859259276666663,30.683333333333334,30.5,30.78333333333333,30.25,34.21666666666667,-10.17222224,-0.2814814233333322,-0.3986666666666671,11.348666666666666,11.152666666666669,21.317901217777777,11.392,5.8648877,5.752057,5.725668,5.7646165,6.2149034,1,1.0,1,0.75,-0.42,8.7,91.3
2023-04-03 20:30:00,446.37492212222,0.0,0.0,20.859259276666663,11.152666666666669,34.21666666666667,0,5.1764362714980825,70.66250196097344,20,0,4,-0.8660254037844386,0.5000000000000001,0.0,1.0,0.8660254037844387,-0.4999999999999998,0.5,2.875,43.60416666666666,1.9,6.85,100.0,57.5,1.8,5.332139,0.15,9.8,20.73333336,31.8,30.683333333333334,30.5,30.78333333333333,37.7,-9.70659261,-0.262962963333333,0.2026666666666674,10.95,11.184,21.12839506,11.150444444444444,6.2149034,5.8648877,5.752057,5.725668,6.7975974,0,2.0,0,0.5,-0.47,9.6,90.4
2023-04-03 20:45:00,502.575729450002,0.0,0.0,20.73333336,11.184,37.7,0,5.1764362714980825,70.66250196097344,20,0,4,-0.8660254037844386,0.5000000000000001,0.0,1.0,0.8660254037844387,-0.4999999999999998,0.25,0.625,31.666666666666668,1.95,5.425,100.0,59.75,2.0,5.4187803,0.225,9.45,20.629629666666663,34.21666666666667,31.8,30.683333333333334,30.5,39.21666666666667,-9.54933336,-0.1259259166666666,0.0313333333333325,11.152666666666669,11.320666666666666,20.904938292222223,11.095555555555556,6.7975974,6.2149034,5.8648877,5.752057,7.0284805,0,3.0,0,0.25,-0.48,9.8,90.2
2023-04-03 21:00:00,379.3062160611101,0.0,0.0,20.629629666666663,11.320666666666666,39.21666666666667,0,5.1764362714980825,70.66250196097344,21,0,4,-0.7071067811865477,0.7071067811865474,0.0,1.0,0.8660254037844387,-0.4999999999999998,0.0,0.375,23.666666666666668,2.0,4.0,100.0,62.0,2.2,5.4986725,0.3,9.1,20.51111112,37.7,34.21666666666667,31.8,30.683333333333334,39.25,-9.308963,-0.1037036933333332,0.1366666666666667,11.184,11.240666666666668,20.74074076777778,11.219111111111111,7.0284805,6.7975974,6.2149034,5.8648877,6.9860206,0,4.0,0,0.0,-0.49,10.1,89.9
2023-04-03 21:15:00,860.240311244444,0.0,0.0,20.51111112,11.240666666666668,39.25,0,5.1764362714980825,70.66250196097344,21,0,4,-0.7071067811865477,0.7071067811865474,0.0,1.0,0.8660254037844387,-0.4999999999999998,0.0,0.1875,16.958333333333332,2.75,4.9,100.0,71.0,3.25,6.059482,0.375,8.5,20.427777756666668,39.21666666666667,37.7,34.21666666666667,31.8,38.38333333333333,-9.270444453333337,-0.1185185466666638,-0.0799999999999983,11.320666666666666,10.658666666666669,20.624691382222224,11.248444444444443,6.9860206,7.0284805,6.7975974,6.2149034,6.79863,0,4.0,0,0.0,-0.52,10.7,89.3
2023-04-03 21:30:00,135.306531988888,0.0,0.0,20.427777756666668,10.658666666666669,38.38333333333333,0,5.1764362714980825,70.66250196097344,21,0,4,-0.7071067811865477,0.7071067811865474,0.0,1.0,0.8660254037844387,-0.4999999999999998,0.0,0.0625,11.541666666666666,3.5,5.8,100.0,80.0,4.300000000000001,6.5689526,0.4499999999999999,7.9,20.30000002,39.25,39.21666666666667,37.7,34.21666666666667,37.65,-9.76911109,-0.0833333633333346,-0.5820000000000007,11.240666666666668,10.092666666666666,20.52283951444445,11.073333333333332,6.79863,6.9860206,7.0284805,6.7975974,6.6191683,0,4.0,0,0.0,-0.54,11.2,88.8
2023-04-03 21:45:00,129.599538077776,0.0,0.0,20.30000002,10.092666666666666,37.65,0,5.1764362714980825,70.66250196097344,21,0,4,-0.7071067811865477,0.7071067811865474,0.0,1.0,0.8660254037844387,-0.4999999999999998,0.0,0.0,7.416666666666667,4.25,6.699999999999999,100.0,89.0,5.35,7.0297914,0.525,7.3,20.214814843333333,38.38333333333333,39.25,39.21666666666667,37.7,37.5,-10.207333353333336,-0.1277777366666654,-0.5660000000000007,10.658666666666669,9.816666666666666,20.41296296555556,10.664,6.6191683,6.79863,6.9860206,7.0284805,6.560056,0,4.0,0,0.0,-0.58,12.0,88.0
2023-04-03 22:00:00,228.268646705554,122.45287943889,122.529820827778,20.214814843333333,9.816666666666666,37.5,2,5.1764362714980825,70.66250196097344,22,0,4,-0.5000000000000004,0.8660254037844384,0.0,1.0,0.8660254037844387,-0.4999999999999998,0.0,0.0,4.583333333333333,5.0,7.6,100.0,98.0,6.4,7.4446,0.6,6.7,20.47222226,37.65,38.38333333333333,39.25,39.21666666666667,37.15,-10.398148176666666,-0.0851851766666698,-0.2759999999999998,10.092666666666666,9.477333333333332,20.31419754,10.189333333333332,6.560056,6.6191683,6.79863,6.9860206,6.5972614,0,3.0,1,0.25,-0.6,12.5,87.5
2023-04-03 22:15:00,134.8071075,19.695045533332,19.762265127774,20.47222226,9.477333333333332,37.15,1,5.1764362714980825,70.66250196097344,22,0,4,-0.5000000000000004,0.8660254037844384,0.0,1.0,0.8660254037844387,-0.4999999999999998,0.0,0.0,2.4375,4.75,7.775,100.0,98.25,6.300000000000001,7.4030166,0.6,6.575,20.47407409,37.5,37.65,38.38333333333333,39.25,37.0,-10.99488892666667,0.2574074166666698,-0.3393333333333341,9.816666666666666,9.059333333333337,20.32901237444445,9.795555555555554,6.5972614,6.560056,6.6191683,6.79863,6.5713363,0,2.0,1,0.5,-0.54,11.1,88.9
2023-04-03 22:30:00,119.946868566668,0.0,0.0,20.47407409,9.059333333333337,37.0,0,5.1764362714980825,70.66250196097344,22,0,4,-0.5000000000000004,0.8660254037844384,0.0,1.0,0.8660254037844387,-0.4999999999999998,0.0,0.0,0.9791666666666666,4.5,7.95,100.0,98.5,6.2,7.3615565,0.6,6.45,20.31666667,37.15,37.5,37.65,38.38333333333333,37.0,-11.414740756666664,0.0018518299999961,-0.4179999999999975,9.477333333333332,8.864666666666666,20.38703706444445,9.45111111111111,6.5713363,6.5972614,6.560056,6.6191683,6.511228,1,2.0,1,0.5,-0.54,11.1,88.9
2023-04-03 22:45:00,233.70676260555,108.182616972222,108.256225177776,20.31666667,8.864666666666666,37.0,2,5.1764362714980825,70.66250196097344,22,0,4,-0.5000000000000004,0.8660254037844384,0.0,1.0,0.8660254037844387,-0.4999999999999998,0.0,0.0,0.2083333333333333,4.25,8.125,100.0,98.75,6.1,7.3202205,0.6,6.325,20.52592592333333,37.0,37.15,37.5,37.65,36.81666666666667,-11.452000003333334,-0.1574074199999984,-0.1946666666666683,9.059333333333337,8.611333333333333,20.420987673333336,9.133777777777778,6.511228,6.5713363,6.5972614,6.560056,6.55858,0,1.0,1,0.75,-0.58,12.0,88.0
2023-04-03 23:00:00,140.54354478333,11.022614627778,11.084278844444,20.52592592333333,8.611333333333333,36.81666666666667,1,5.1764362714980825,70.66250196097344,23,0,4,-0.2588190451025215,0.965925826289068,0.0,1.0,0.8660254037844387,-0.4999999999999998,0.0,0.0,0.125,4.0,8.3,100.0,99.0,6.0,7.2790084,0.6,6.2,20.44444445,37.0,37.0,37.15,37.5,36.85,-11.91459259,0.2092592533333324,-0.2533333333333338,8.864666666666666,8.100666666666667,20.43888889444445,8.84511111111111,6.55858,6.511228,6.5713363,6.5972614,6.5333886,0,1.0,1,0.75,-0.53,10.9,89.1
2023-04-03 23:15:00,203.013267994446,20.034476372222,20.096973872222,20.44444445,8.100666666666667,36.85,1,5.1764362714980825,70.66250196097344,23,0,4,-0.2588190451025215,0.965925826289068,0.0,1.0,0.8660254037844387,-0.4999999999999998,0.0,0.0,0.0625,4.4,8.75,100.0,98.25,5.9,7.223864,0.525,6.2,20.32592594333333,36.81666666666667,37.0,37.0,37.15,37.0,-12.343777783333332,-0.0814814733333335,-0.5106666666666655,8.611333333333333,7.848,20.42901234777778,8.525555555555556,6.5333886,6.55858,6.511228,6.5713363,6.514751,0,1.0,0,0.75,-0.55,11.3,88.7
2023-04-03 23:30:00,420.885664083326,103.428084944444,103.504193066664,20.32592594333333,7.848,37.0,2,5.1764362714980825,70.66250196097344,23,0,4,-0.2588190451025215,0.965925826289068,0.0,1.0,0.8660254037844387,-0.4999999999999998,0.0,0.0,0.0208333333333333,4.8,9.2,100.0,97.5,5.8,7.16872,0.4499999999999999,6.2,20.52777777,36.85,36.81666666666667,37.0,37.0,36.65,-12.477925943333336,-0.118518506666664,-0.2526666666666672,8.100666666666667,7.873333333333333,20.432098772222226,8.186666666666667,6.514751,6.5333886,6.55858,6.511228,6.5295978,0,0.0,1,1.0,-0.58,12.0,88.0
2023-04-03 23:45:00,82.40142604444401,0.0,0.0,20.52777777,7.873333333333333,36.65,0,5.1764362714980825,70.66250196097344,23,0,4,-0.2588190451025215,0.965925826289068,0.0,1.0,0.8660254037844387,-0.4999999999999998,0.0,0.0,0.0,5.199999999999999,9.65,100.0,96.75,5.699999999999999,7.1135755,0.375,6.2,20.394444426666663,37.0,36.85,36.81666666666667,37.0,36.68333333333333,-12.654444436666669,0.2018518266666653,0.0253333333333332,7.848,7.616,20.432716054444445,7.940666666666666,6.5295978,6.514751,6.5333886,6.55858,6.484887,1,1.0,1,0.75,-0.53,10.9,89.1
2023-04-04 00:00:00,75.627252605554,18.023723472222,18.033167544444,20.394444426666663,7.616,36.68333333333333,1,5.1764362714980825,70.66250196097344,0,1,4,0.0,1.0,0.7818314824680298,0.6234898018587336,0.8660254037844387,-0.4999999999999998,0.0,0.0,0.0,5.6,10.1,100.0,96.0,5.6,7.0584316,0.3,6.2,20.2277778,36.65,37.0,36.85,36.81666666666667,37.0,-12.778444426666669,-0.1333333433333337,-0.2573333333333334,7.873333333333333,7.582666666666666,20.41604938,7.779111111111111,6.484887,6.5295978,6.514751,6.5333886,6.4774957,0,1.0,1,0.75,-0.56,11.6,88.4
2023-04-04 00:15:00,153.878289072222,111.176386083334,111.196385283334,20.2277778,7.582666666666666,37.0,2,5.1764362714980825,70.66250196097344,0,1,4,0.0,1.0,0.7818314824680298,0.6234898018587336,0.8660254037844387,-0.4999999999999998,0.0,0.0,0.0,6.1,10.825,100.0,95.75,5.525,7.028544,0.2249999999999999,6.175,20.44629627333333,36.68333333333333,36.65,37.0,36.85,36.81666666666667,-12.645111133333335,-0.1666666266666645,-0.0333333333333332,7.616,7.597333333333333,20.383333332222225,7.690666666666666,6.4774957,6.484887,6.5295978,6.514751,6.5281854,0,1.0,1,0.75,-0.6,12.5,87.5
2023-04-04 00:30:00,56.789672705558,0.0,0.0,20.44629627333333,7.597333333333333,36.81666666666667,0,5.1764362714980825,70.66250196097344,0,1,4,0.0,1.0,0.7818314824680298,0.6234898018587336,0.8660254037844387,-0.4999999999999998,0.0,0.0,0.0,6.6,11.55,100.0,95.5,5.449999999999999,6.998732,0.15,6.15,20.36666665,37.0,36.68333333333333,36.65,37.0,36.85,-12.848962940000002,0.2185184733333329,0.0146666666666668,7.582666666666666,7.717333333333332,20.356172833333336,7.598666666666666,6.5281854,6.4774957,6.484887,6.5295978,6.5037947,1,2.0,1,0.5,-0.55,11.3,88.7
2023-04-04 00:45:00,81.24813886111,30.369062972222,30.382395805554,20.36666665,7.717333333333332,36.85,1,5.1764362714980825,70.66250196097344,0,1,4,0.0,1.0,0.7818314824680298,0.6234898018587336,0.8660254037844387,-0.4999999999999998,0.0,0.0,0.0,7.1,12.275,100.0,95.25,5.375,6.968996,0.0749999999999999,6.125,20.25925928,36.81666666666667,37.0,36.68333333333333,36.65,37.0,-12.649333316666668,-0.0796296233333357,0.1199999999999992,7.597333333333333,7.78,20.346913574444446,7.632444444444444,6.5037947,6.5281854,6.4774957,6.484887,6.489427,0,1.0,1,0.75,-0.57,11.8,88.2
2023-04-04 01:00:00,157.276764327774,100.777913188888,100.797634633332,20.25925928,7.78,37.0,2,5.1764362714980825,70.66250196097344,1,1,4,0.2588190451025207,0.9659258262890684,0.7818314824680298,0.6234898018587336,0.8660254037844387,-0.4999999999999998,0.0,0.0,0.0,7.6,13.0,100.0,95.0,5.3,6.939335,0.0,6.1,20.48333336,36.85,36.81666666666667,37.0,36.68333333333333,37.0,-12.479259279999996,-0.1074073700000006,0.0626666666666677,7.717333333333332,7.792666666666666,20.357407401111114,7.698222222222223,6.489427,6.5037947,6.5281854,6.4774957,6.574886,0,1.0,1,0.75,-0.59,12.4,87.6
2023-04-04 01:15:00,54.196443238886,0.0,0.0,20.48333336,7.792666666666666,37.0,0,5.1764362714980825,70.66250196097344,1,1,4,0.2588190451025207,0.9659258262890684,0.7818314824680298,0.6234898018587336,0.8660254037844387,-0.4999999999999998,0.0,0.0,0.0,7.75,13.45,100.0,94.0,5.225,6.9000854,0.0,6.175,20.28703703333333,37.0,36.85,36.81666666666667,37.0,37.0,-12.690666693333334,0.2240740800000011,0.0126666666666661,7.78,7.916666666666667,20.369753096666667,7.763333333333333,6.574886,6.489427,6.5037947,6.5281854,6.499967,1,2.0,1,0.5,-0.54,11.1,88.9
2023-04-04 01:30:00,95.118695133332,48.503337572222,48.518059216666,20.28703703333333,7.916666666666667,37.0,1,5.1764362714980825,70.66250196097344,1,1,4,0.2588190451025207,0.9659258262890684,0.7818314824680298,0.6234898018587336,0.8660254037844387,-0.4999999999999998,0.0,0.0,0.0,7.899999999999999,13.9,100.0,93.0,5.15,6.8602586,0.0,6.25,20.26666669,37.0,37.0,36.85,36.81666666666667,37.3,-12.370370366666666,-0.1962963266666655,0.1240000000000005,7.792666666666666,8.211333333333334,20.343209891111112,7.829777777777778,6.499967,6.574886,6.489427,6.5037947,6.5448747,0,1.0,1,0.75,-0.59,12.2,87.8
2023-04-04 01:45:00,117.335028594446,77.062750683334,77.080249966668,20.26666669,8.211333333333334,37.3,2,5.1764362714980825,70.66250196097344,1,1,4,0.2588190451025207,0.9659258262890684,0.7818314824680298,0.6234898018587336,0.8660254037844387,-0.4999999999999998,0.0,0.0,0.0,8.049999999999999,14.35,100.0,92.0,5.075,6.819851,0.0,6.325,20.44444445,37.0,37.0,37.0,36.85,37.03333333333333,-12.055333356666669,-0.020370343333333,0.2946666666666671,7.916666666666667,8.480666666666666,20.34567902777778,7.973555555555556,6.5448747,6.499967,6.574886,6.489427,6.565892,0,1.0,1,0.75,-0.59,12.3,87.7
2023-04-04 02:00:00,61.007559633332,0.0,0.0,20.44444445,8.480666666666666,37.03333333333333,0,5.1764362714980825,70.66250196097344,2,1,4,0.4999999999999999,0.8660254037844387,0.7818314824680298,0.6234898018587336,0.8660254037844387,-0.4999999999999998,0.0,0.0,0.0,8.2,14.8,100.0,91.0,5.0,6.778861,0.0,6.4,20.2277778,37.3,37.0,37.0,37.0,37.35,-11.963777783333333,0.1777777599999979,0.2693333333333321,8.211333333333334,8.537333333333333,20.332716057777777,8.20288888888889,6.565892,6.5448747,6.499967,6.574886,6.538769,1,2.0,1,0.5,-0.55,11.3,88.7
2023-04-04 02:15:00,115.756480655556,54.121446122224,54.1361678,20.2277778,8.537333333333333,37.35,1,5.1764362714980825,70.66250196097344,2,1,4,0.4999999999999999,0.8660254037844387,0.7818314824680298,0.6234898018587336,0.8660254037844387,-0.4999999999999998,0.0,0.0,0.0,7.774999999999999,14.7,100.0,93.25,5.125,6.8562374,0.05,6.2,20.216666666666665,37.03333333333333,37.3,37.0,37.0,37.5,-11.69044446666667,-0.2166666499999969,0.0566666666666666,8.480666666666666,8.252666666666666,20.31296298,8.409777777777778,6.538769,6.565892,6.5448747,6.499967,6.5607667,0,1.0,1,0.75,-0.6,12.5,87.5
2023-04-04 02:30:00,104.311383027774,63.899666144444,63.916887688888,20.216666666666665,8.252666666666666,37.5,1,5.1764362714980825,70.66250196097344,2,1,4,0.4999999999999999,0.8660254037844387,0.7818314824680298,0.6234898018587336,0.8660254037844387,-0.4999999999999998,0.0,0.0,0.0,7.35,14.6,100.0,95.5,5.25,6.9303107,0.1,6.0,20.33333332,37.35,37.03333333333333,37.3,37.0,37.5,-11.964,-0.0111111333333369,-0.2846666666666664,8.537333333333333,8.384,20.29629630555556,8.423555555555556,6.5607667,6.538769,6.565892,6.5448747,6.6056447,0,1.0,0,0.75,-0.6,12.5,87.5
2023-04-04 02:45:00,44.407112677772,0.0,0.0,20.33333332,8.384,37.5,0,5.1764362714980825,70.66250196097344,2,1,4,0.4999999999999999,0.8660254037844387,0.7818314824680298,0.6234898018587336,0.8660254037844387,-0.4999999999999998,0.0,0.0,0.0,6.925,14.5,100.0,97.75,5.375,7.001143,0.15,5.8,20.177777806666665,37.5,37.35,37.03333333333333,37.3,37.68333333333333,-11.94933332,0.1166666533333362,0.1313333333333339,8.252666666666666,8.178666666666667,20.259259262222223,8.391333333333334,6.6056447,6.5607667,6.538769,6.565892,6.57787,1,2.0,1,0.5,-0.57,11.9,88.1
2023-04-04 03:00:00,156.928722633332,99.478242927778,99.49713112222,20.177777806666665,8.178666666666667,37.68333333333333,2,5.1764362714980825,70.66250196097344,3,1,4,0.7071067811865476,0.7071067811865476,0.7818314824680298,0.6234898018587336,0.8660254037844387,-0.4999999999999998,0.0,0.0,0.0,6.5,14.4,100.0,100.0,5.5,7.068799,0.2,5.6,20.31666668,37.5,37.5,37.35,37.03333333333333,37.65,-11.999111139999998,-0.1555555133333364,-0.2053333333333338,8.384,8.283999999999999,20.24259259777778,8.271777777777778,6.57787,6.6056447,6.5607667,6.538769,6.6256146,0,1.0,1,0.75,-0.61,12.7,87.3
2023-04-04 03:15:00,74.26064045556,17.904561555556,17.91595,20.31666668,8.283999999999999,37.65,1,5.1764362714980825,70.66250196097344,3,1,4,0.7071067811865476,0.7071067811865476,0.7818314824680298,0.6234898018587336,0.8660254037844387,-0.4999999999999998,0.0,0.0,0.0,5.85,14.3,100.0,100.0,5.475,7.0455933,0.325,5.55,20.25555553333333,37.68333333333333,37.5,37.5,37.35,37.68333333333333,-12.032666680000002,0.138888873333336,0.1053333333333323,8.178666666666667,8.358666666666666,20.27592593555556,8.282222222222222,6.6256146,6.57787,6.6056447,6.5607667,6.607846,0,1.0,1,0.75,-0.58,11.9,88.1
2023-04-04 03:30:00,327.46717858888803,27.458068283334,27.468623427778,20.25555553333333,8.358666666666666,37.68333333333333,1,5.1764362714980825,70.66250196097344,3,1,4,0.7071067811865476,0.7071067811865476,0.7818314824680298,0.6234898018587336,0.8660254037844387,-0.4999999999999998,0.0,0.0,0.0,5.2,14.2,100.0,100.0,5.45,7.0224533,0.4499999999999999,5.5,20.13888888,37.65,37.68333333333333,37.5,37.5,37.95,-11.896888866666666,-0.0611111466666685,0.0746666666666673,8.283999999999999,8.27,20.250000006666667,8.273777777777777,6.607846,6.6256146,6.57787,6.6056447,6.609368,0,1.0,0,0.75,-0.59,12.3,87.7
2023-04-04 03:45:00,145.43890446111,92.429636,92.444635449998,20.13888888,8.27,37.95,2,5.1764362714980825,70.66250196097344,3,1,4,0.7071067811865476,0.7071067811865476,0.7818314824680298,0.6234898018587336,0.8660254037844387,-0.4999999999999998,0.0,0.0,0.0,4.55,14.1,100.0,100.0,5.425000000000001,6.9993796,0.575,5.45,20.32962964333333,37.68333333333333,37.65,37.68333333333333,37.5,37.71666666666667,-11.86888888,-0.1166666533333327,-0.0886666666666666,8.358666666666666,8.387333333333334,20.23703703111111,8.30422222222222,6.609368,6.607846,6.6256146,6.57787,6.6423736,0,0.0,1,1.0,-0.61,12.9,87.1
2023-04-04 04:00:00,45.120417411108,0.0,0.0,20.32962964333333,8.387333333333334,37.71666666666667,0,5.1764362714980825,70.66250196097344,4,1,4,0.8660254037844386,0.5000000000000001,0.7818314824680298,0.6234898018587336,0.8660254037844387,-0.4999999999999998,0.0,0.0,0.0,3.9,14.0,100.0,100.0,5.4,6.9763737,0.7,5.4,20.15555556,37.95,37.68333333333333,37.65,37.68333333333333,38.0,-11.942296309999996,0.1907407633333306,0.1173333333333346,8.27,8.097333333333333,20.24135801888889,8.338666666666667,6.6423736,6.609368,6.607846,6.6256146,6.624531,1,1.0,1,0.75,-0.57,11.8,88.2
2023-04-04 04:15:00,118.891077483334,62.511110605554,62.525554477776,20.15555556,8.097333333333333,38.0,1,5.1764362714980825,70.66250196097344,4,1,4,0.8660254037844386,0.5000000000000001,0.7818314824680298,0.6234898018587336,0.8660254037844387,-0.4999999999999998,0.0,0.0,0.0,4.1,12.75,100.0,100.0,5.300000000000001,6.941986,0.875,5.325,20.16111112333333,37.71666666666667,37.95,37.68333333333333,37.65,38.0,-12.058222226666668,-0.1740740833333305,-0.2900000000000009,8.387333333333334,8.296666666666667,20.208024694444443,8.251555555555555,6.624531,6.6423736,6.609368,6.607846,6.626684,0,1.0,1,0.75,-0.61,12.8,87.2
2023-04-04 04:30:00,115.130950111112,54.946690944444,54.960301533332,20.16111112333333,8.296666666666667,38.0,1,5.1764362714980825,70.66250196097344,4,1,4,0.8660254037844386,0.5000000000000001,0.7818314824680298,0.6234898018587336,0.8660254037844387,-0.4999999999999998,0.0,0.0,0.0,4.3,11.5,100.0,100.0,5.2,6.9077477,1.0499999999999998,5.25,20.27222223,38.0,37.71666666666667,37.95,37.68333333333333,38.05,-11.864444456666668,0.0055555633333348,0.1993333333333335,8.097333333333333,7.947333333333334,20.21543210888889,8.260444444444445,6.626684,6.624531,6.6423736,6.609368,6.6786423,0,1.0,0,0.75,-0.61,12.8,87.2
2023-04-04 04:45:00,46.257316433328,0.0,0.0,20.27222223,7.947333333333334,38.05,0,5.1764362714980825,70.66250196097344,4,1,4,0.8660254037844386,0.5000000000000001,0.7818314824680298,0.6234898018587336,0.8660254037844387,-0.4999999999999998,0.0,0.0,0.0,4.5,10.25,100.0,100.0,5.1,6.8736577,1.225,5.175,20.07037041333333,38.0,38.0,37.71666666666667,37.95,38.46666666666667,-12.324888896666668,0.1111111066666659,-0.349333333333333,8.296666666666667,7.609999999999999,20.196296304444445,8.113777777777779,6.6786423,6.626684,6.624531,6.6423736,6.6725454,1,2.0,1,0.5,-0.58,12.1,87.9
2023-04-04 05:00:00,140.29883223889,99.853783472222,99.873782672222,20.07037041333333,7.609999999999999,38.46666666666667,2,5.1764362714980825,70.66250196097344,5,1,4,0.9659258262890684,0.2588190451025207,0.7818314824680298,0.6234898018587336,0.8660254037844387,-0.4999999999999998,0.0,0.0,0.0,4.7,9.0,100.0,100.0,5.0,6.8397136,1.4,5.1,20.24444444,38.05,38.0,38.0,37.71666666666667,38.15,-12.460370413333331,-0.201851816666668,-0.3373333333333344,7.947333333333334,8.049333333333333,20.16790125555556,7.951333333333333,6.6725454,6.6786423,6.626684,6.624531,6.6853333,0,1.0,1,0.75,-0.63,13.2,86.8
2023-04-04 05:15:00,81.696732066664,25.9889604,26.00118216111,20.24444444,8.049333333333333,38.15,1,5.1764362714980825,70.66250196097344,5,1,4,0.9659258262890684,0.2588190451025207,0.7818314824680298,0.6234898018587336,0.8660254037844387,-0.4999999999999998,0.0,0.0,0.0,4.575,9.725,100.0,100.0,5.0,6.8397136,1.225,5.1,20.200000026666665,38.46666666666667,38.05,38.0,38.0,38.18333333333333,-12.195111106666666,0.1740740266666662,0.4393333333333338,7.609999999999999,8.057333333333334,20.19567902777778,7.86888888888889,6.6853333,6.6725454,6.6786423,6.626684,6.6738133,0,1.0,1,0.75,-0.59,12.3,87.7
2023-04-04 05:30:00,63.840224055556,0.0,0.0,20.200000026666665,8.057333333333334,38.18333333333333,0,5.1764362714980825,70.66250196097344,5,1,4,0.9659258262890684,0.2588190451025207,0.7818314824680298,0.6234898018587336,0.8660254037844387,-0.4999999999999998,0.0,0.0,0.0,4.45,10.45,100.0,100.0,5.0,6.8397136,1.0499999999999998,5.1,19.99999999,38.15,38.46666666666667,38.05,38.0,38.5,-12.14266669333333,-0.0444444133333341,0.0080000000000008,8.049333333333333,8.162666666666667,20.17160496,7.905555555555556,6.6738133,6.6853333,6.6725454,6.6786423,6.6508713,1,2.0,1,0.5,-0.6,12.5,87.5
2023-04-04 05:45:00,194.179732400004,106.565737183334,106.58684743889,19.99999999,8.162666666666667,38.5,2,5.1764362714980825,70.66250196097344,5,1,4,0.9659258262890684,0.2588190451025207,0.7818314824680298,0.6234898018587336,0.8660254037844387,-0.4999999999999998,0.0,0.0,0.0,4.325,11.175,100.0,100.0,5.0,6.8397136,0.875,5.1,20.192592616666666,38.18333333333333,38.15,38.46666666666667,38.05,38.68333333333333,-11.837333323333333,-0.2000000366666654,0.1053333333333323,8.057333333333334,8.083333333333334,20.148148152222223,8.089777777777778,6.6508713,6.6738133,6.6853333,6.6725454,6.7582765,0,1.0,1,0.75,-0.64,13.7,86.3
2023-04-04 06:00:00,179.938913288888,11.991742527778,12.008408511112,20.192592616666666,8.083333333333334,38.68333333333333,1,5.1764362714980825,70.66250196097344,6,1,4,1.0,6.123233995736766e-17,0.7818314824680298,0.6234898018587336,0.8660254037844387,-0.4999999999999998,0.0,0.0,0.0,4.2,11.9,100.0,100.0,5.0,6.8397136,0.7,5.1,20.14444444,38.5,38.18333333333333,38.15,38.46666666666667,39.35,-12.109259283333332,0.1925926266666664,-0.0793333333333325,8.162666666666667,8.145999999999999,20.13086421111111,8.101111111111111,6.7582765,6.6508713,6.6738133,6.6853333,6.855418,0,1.0,1,0.75,-0.6,12.5,87.5
2023-04-04 06:15:00,109.204520661106,0.0,0.0,20.14444444,8.145999999999999,39.35,0,5.1764362714980825,70.66250196097344,6,1,4,1.0,6.123233995736766e-17,0.7818314824680298,0.6234898018587336,0.8660254037844387,-0.4999999999999998,0.0,0.0,0.0,4.8,11.9,100.0,99.75,5.0,6.8226137,0.8999999999999999,5.1,19.914814776666667,38.68333333333333,38.5,38.18333333333333,38.15,39.5,-11.998444439999998,-0.0481481766666682,0.0626666666666651,8.083333333333334,8.356,20.112345682222223,8.130666666666668,6.855418,6.7582765,6.6508713,6.6738133,6.789657,1,2.0,1,0.5,-0.61,12.7,87.3
2023-04-04 06:30:00,168.028000961106,37.3501726,37.359616705554,19.914814776666667,8.356,39.5,1,5.1764362714980825,70.66250196097344,6,1,4,1.0,6.123233995736766e-17,0.7818314824680298,0.6234898018587336,0.8660254037844387,-0.4999999999999998,0.0,0.0,0.0,5.4,11.9,100.0,99.5,5.0,6.805515,1.1,5.1,19.89444444,39.35,38.68333333333333,38.5,38.18333333333333,39.8,-11.558814776666669,-0.2296296633333305,0.2100000000000008,8.145999999999999,8.455333333333334,20.08395061111111,8.195111111111112,6.789657,6.855418,6.7582765,6.6508713,6.8330636,0,1.0,1,0.75,-0.66,14.1,85.9
2023-04-04 06:45:00,133.424107255556,77.4769008,77.494955627778,19.89444444,8.455333333333334,39.8,2,5.1764362714980825,70.66250196097344,6,1,4,1.0,6.123233995736766e-17,0.7818314824680298,0.6234898018587336,0.8660254037844387,-0.4999999999999998,0.0,0.0,0.0,6.0,11.9,100.0,99.25,5.0,6.7884154,1.3,5.1,20.05555555,39.5,39.35,38.68333333333333,38.5,39.53333333333333,-11.439111106666664,-0.0203703366666694,0.0993333333333339,8.356,8.629333333333333,19.984567885555556,8.319111111111111,6.8330636,6.789657,6.855418,6.7582765,6.8516297,0,1.0,1,0.75,-0.66,14.1,85.9
2023-04-04 07:00:00,68.629754550006,0.0,0.0,20.05555555,8.629333333333333,39.53333333333333,0,5.1764362714980825,70.66250196097344,7,1,4,0.9659258262890684,-0.2588190451025206,0.7818314824680298,0.6234898018587336,0.8660254037844387,-0.4999999999999998,0.0,0.0,0.0,6.6,11.9,100.0,99.0,5.0,6.7713165,1.5,5.1,19.8722222,39.8,39.5,39.35,38.68333333333333,39.85,-11.426222216666668,0.1611111100000037,0.1739999999999995,8.455333333333334,8.666666666666666,19.95493825555556,8.480222222222224,6.8516297,6.8330636,6.789657,6.855418,6.832742,1,2.0,1,0.5,-0.62,13.2,86.8
2023-04-04 07:15:00,59.832051055556,0.0,0.0,19.8722222,8.666666666666666,39.85,0,5.1764362714980825,70.66250196097344,7,1,4,0.9659258262890684,-0.2588190451025206,0.7818314824680298,0.6234898018587336,0.8660254037844387,-0.4999999999999998,2.25,0.5625,0.1875,7.05,12.425,100.0,98.0,5.175,6.8481116,1.55,5.425,19.749999993333333,39.53333333333333,39.8,39.5,39.35,40.18333333333333,-11.205555533333332,-0.1833333500000016,0.0373333333333327,8.629333333333333,9.011333333333331,19.94074073,8.583777777777778,6.832742,6.8516297,6.8330636,6.789657,6.8406897,0,2.0,0,0.5,-0.66,14.3,85.7
2023-04-04 07:30:00,455.258455666664,111.392210783334,111.415265427778,19.749999993333333,9.011333333333331,40.18333333333333,2,5.1764362714980825,70.66250196097344,7,1,4,0.9659258262890684,-0.2588190451025206,0.7818314824680298,0.6234898018587336,0.8660254037844387,-0.4999999999999998,4.5,1.6875,0.5625,7.5,12.95,100.0,97.0,5.35,6.924656,1.6,5.75,19.9666667,39.85,39.53333333333333,39.8,39.5,40.15,-10.73866666,-0.1222222066666667,0.3446666666666669,8.666666666666666,8.848,19.892592581111117,8.76911111111111,6.8406897,6.832742,6.8516297,6.8330636,6.922382,0,2.0,1,0.5,-0.69,15.1,84.9
2023-04-04 07:45:00,79.39460175556,15.235223883334,15.246056750002,19.9666667,8.848,40.15,1,5.1764362714980825,70.66250196097344,7,1,4,0.9659258262890684,-0.2588190451025206,0.7818314824680298,0.6234898018587336,0.8660254037844387,-0.4999999999999998,6.75,3.375,1.125,7.95,13.475,100.0,96.0,5.525,7.0009108,1.65,6.075,19.942592583333333,40.18333333333333,39.85,39.53333333333333,39.8,40.0,-11.1186667,0.2166667066666683,-0.1633333333333322,9.011333333333331,8.762,19.86296296444445,8.842,6.922382,6.8406897,6.832742,6.8516297,6.886802,0,2.0,1,0.5,-0.64,13.6,86.4
2023-04-04 08:00:00,56.934944711112,0.0,0.0,19.942592583333333,8.762,40.0,0,5.1764362714980825,70.66250196097344,8,1,4,0.8660254037844387,-0.4999999999999998,0.7818314824680298,0.6234898018587336,0.8660254037844387,-0.4999999999999998,9.0,5.625,1.875,8.4,14.0,100.0,95.0,5.7,7.0768332,1.7,6.4,19.76666664,40.15,40.18333333333333,39.85,39.53333333333333,40.3,-11.180592583333333,-0.024074116666668,-0.0860000000000003,8.848,8.544666666666666,19.88641975888889,8.87377777777778,6.886802,6.922382,6.8406897,6.832742,6.8672605,1,2.0,1,0.5,-0.65,13.8,86.2
2023-04-04 08:15:00,127.061028488888,87.286508366668,87.30845193889,19.76666664,8.544666666666666,40.3,2,5.1764362714980825,70.66250196097344,8,1,4,0.8660254037844387,-0.4999999999999998,0.7818314824680298,0.6234898018587336,0.8660254037844387,-0.4999999999999998,11.75,8.0,2.8541666666666665,7.975,14.275,100.0,96.25,5.825,7.1582494,1.45,6.375,19.92777775333333,40.0,40.15,40.18333333333333,39.85,39.85,-11.221999973333334,-0.1759259433333326,-0.2173333333333342,8.762,8.434000000000001,19.89197530777778,8.718222222222224,6.8672605,6.886802,6.922382,6.8406897,6.8550262,0,1.0,1,0.75,-0.69,14.9,85.1
2023-04-04 08:30:00,103.392530849998,55.355007927778,55.37139613889,19.92777775333333,8.434000000000001,39.85,1,5.1764362714980825,70.66250196097344,8,1,4,0.8660254037844387,-0.4999999999999998,0.7818314824680298,0.6234898018587336,0.8660254037844387,-0.4999999999999998,14.5,10.5,4.0625,7.550000000000001,14.55,100.0,97.5,5.95,7.239378,1.2,6.35,20.05000002,40.3,40.0,40.15,40.18333333333333,39.55,-11.49377775333333,0.1611111133333302,-0.1106666666666651,8.544666666666666,8.300666666666666,19.879012325555557,8.580222222222224,6.8550262,6.8672605,6.886802,6.922382,6.8522906,0,1.0,1,0.75,-0.65,13.9,86.1
2023-04-04 08:45:00,48.38445346111,0.0,0.0,20.05000002,8.300666666666666,39.55,0,5.1764362714980825,70.66250196097344,8,1,4,0.8660254037844387,-0.4999999999999998,0.7818314824680298,0.6234898018587336,0.8660254037844387,-0.4999999999999998,17.25,13.125,5.5,7.125,14.825,100.0,98.75,6.075,7.3202205,0.95,6.325,19.80740738333333,39.85,40.3,40.0,40.15,39.96666666666667,-11.749333353333336,0.1222222666666716,-0.1333333333333346,8.434000000000001,8.23,19.914814804444447,8.426444444444444,6.8522906,6.8550262,6.8672605,6.886802,6.8267536,1,2.0,1,0.5,-0.62,13.2,86.8
2023-04-04 09:00:00,132.40192587778,79.239052527778,79.2593295,19.80740738333333,8.23,39.96666666666667,2,5.1764362714980825,70.66250196097344,9,1,4,0.7071067811865476,-0.7071067811865475,0.7818314824680298,0.6234898018587336,0.8660254037844387,-0.4999999999999998,20.0,15.875,7.166666666666667,6.7,15.1,100.0,100.0,6.2,7.400777,0.7,6.3,19.93333333,39.55,39.85,40.3,40.0,39.95,-11.577407383333334,-0.2425926366666679,-0.0706666666666659,8.300666666666666,8.181999999999999,19.928395052222225,8.321555555555557,6.8267536,6.8522906,6.8550262,6.8672605,6.874464,0,1.0,1,0.75,-0.68,14.7,85.3
2023-04-04 09:15:00,129.648702627782,73.8787114,73.8978773,19.93333333,8.181999999999999,39.95,2,5.1764362714980825,70.66250196097344,9,1,4,0.7071067811865476,-0.7071067811865475,0.7818314824680298,0.6234898018587336,0.8660254037844387,-0.4999999999999998,27.25,19.75,9.4375,6.825,14.925,100.0,100.0,6.3,7.4371424,0.625,6.375,20.09444446333333,39.96666666666667,39.55,39.85,40.3,39.53333333333333,-11.75133333,0.1259259466666655,-0.0480000000000018,8.23,8.014666666666667,19.93024691111112,8.237555555555554,6.874464,6.8267536,6.8522906,6.8550262,6.8672404,0,1.0,0,0.75,-0.65,13.9,86.1
2023-04-04 09:30:00,42.976058738886,0.0,0.0,20.09444446333333,8.014666666666667,39.53333333333333,0,5.1764362714980825,70.66250196097344,9,1,4,0.7071067811865476,-0.7071067811865475,0.7818314824680298,0.6234898018587336,0.8660254037844387,-0.4999999999999998,34.5,24.75,12.3125,6.95,14.75,100.0,100.0,6.4,7.4736614,0.55,6.449999999999999,19.88888887,39.95,39.96666666666667,39.55,39.85,39.5,-12.079777796666663,0.1611111333333319,-0.1673333333333317,8.181999999999999,8.044666666666666,19.94506172555556,8.142222222222223,6.8672404,6.874464,6.8267536,6.8522906,6.7793508,1,2.0,1,0.5,-0.61,12.9,87.1
2023-04-04 09:45:00,111.975243111108,74.851450288888,74.869782855556,19.88888887,8.044666666666666,39.5,2,5.1764362714980825,70.66250196097344,9,1,4,0.7071067811865476,-0.7071067811865475,0.7818314824680298,0.6234898018587336,0.8660254037844387,-0.4999999999999998,41.75,30.875,15.791666666666666,7.075,14.575,100.0,100.0,6.5,7.5103393,0.475,6.525,19.966666666666665,39.53333333333333,39.95,39.96666666666667,39.55,39.5,-11.844222203333336,-0.2055555933333295,0.0299999999999993,8.014666666666667,8.266666666666667,19.972222221111117,8.080444444444444,6.7793508,6.8672404,6.874464,6.8267536,6.810314,0,1.0,1,0.75,-0.66,14.2,85.8
2023-04-04 10:00:00,117.099760272222,59.8884377,59.904825927778,19.966666666666665,8.266666666666667,39.5,1,5.1764362714980825,70.66250196097344,10,1,4,0.4999999999999999,-0.8660254037844387,0.7818314824680298,0.6234898018587336,0.8660254037844387,-0.4999999999999998,49.0,38.125,19.875,7.2,14.4,100.0,100.0,6.6,7.5471735,0.4,6.6,20.05555558,39.5,39.53333333333333,39.95,39.96666666666667,39.55,-11.699999999999998,0.0777777966666626,0.2220000000000013,8.044666666666666,8.284666666666666,19.98333333333333,8.108666666666666,6.810314,6.7793508,6.8672404,6.874464,6.854518,0,1.0,1,0.75,-0.64,13.7,86.3
2023-04-04 10:15:00,60.318698338886,0.0,0.0,20.05555558,8.284666666666666,39.55,0,5.1764362714980825,70.66250196097344,10,1,4,0.4999999999999999,-0.8660254037844387,0.7818314824680298,0.6234898018587336,0.8660254037844387,-0.4999999999999998,58.75,46.0,24.58333333333333,7.25,14.675,100.0,100.0,6.725,7.621315,0.45,6.75,19.83888889,39.5,39.5,39.53333333333333,39.95,39.96666666666667,-11.770888913333334,0.088888913333335,0.0179999999999989,8.266666666666667,8.542666666666667,19.970370372222224,8.198666666666668,6.854518,6.810314,6.7793508,6.8672404,6.839367,1,2.0,1,0.5,-0.62,13.2,86.8
2023-04-04 10:30:00,88.814225105554,51.785984044444,51.803205588888,19.83888889,8.542666666666667,39.96666666666667,1,5.1764362714980825,70.66250196097344,10,1,4,0.4999999999999999,-0.8660254037844387,0.7818314824680298,0.6234898018587336,0.8660254037844387,-0.4999999999999998,68.5,54.5,29.916666666666668,7.300000000000001,14.95,100.0,100.0,6.85,7.696093,0.5,6.9,19.86666667,39.55,39.5,39.5,39.53333333333333,39.95,-11.296222223333332,-0.2166666900000002,0.2580000000000009,8.284666666666666,8.307333333333334,19.953703712222225,8.364666666666668,6.839367,6.854518,6.810314,6.7793508,6.8476586,0,1.0,1,0.75,-0.67,14.5,85.5
2023-04-04 10:45:00,142.850119116666,101.242894572222,101.26456033889,19.86666667,8.307333333333334,39.95,2,5.1764362714980825,70.66250196097344,10,1,4,0.4999999999999999,-0.8660254037844387,0.7818314824680298,0.6234898018587336,0.8660254037844387,-0.4999999999999998,78.25,63.625,35.875,7.35,15.225,100.0,100.0,6.975,7.7715106,0.55,7.05,20.127777793333333,39.96666666666667,39.55,39.5,39.5,39.71666666666667,-11.559333336666665,0.0277777799999974,-0.2353333333333331,8.542666666666667,8.068666666666667,19.92037038,8.378222222222222,6.8476586,6.839367,6.854518,6.810314,6.912555,0,1.0,1,0.75,-0.67,14.3,85.7
2023-04-04 11:00:00,42.794399272222,0.0,0.0,20.127777793333333,8.068666666666667,39.71666666666667,0,5.1764362714980825,70.66250196097344,11,1,4,0.258819045102521,-0.9659258262890682,0.7818314824680298,0.6234898018587336,0.8660254037844387,-0.4999999999999998,88.0,73.375,42.458333333333336,7.4,15.5,100.0,100.0,7.1,7.8475723,0.6,7.2,19.95,39.95,39.96666666666667,39.55,39.5,40.05,-12.059111126666666,0.2611111233333361,-0.238666666666667,8.307333333333334,8.330666666666668,19.94444445111111,8.306222222222223,6.912555,6.8476586,6.839367,6.854518,6.8984036,1,2.0,1,0.5,-0.61,12.7,87.3
2023-04-04 11:15:00,93.554590983334,46.06593503889,46.082045494446,19.95,8.330666666666668,40.05,1,5.1764362714980825,70.66250196097344,11,1,4,0.258819045102521,-0.9659258262890682,0.7818314824680298,0.6234898018587336,0.8660254037844387,-0.4999999999999998,105.25,85.0,50.25,8.1,17.375,100.0,98.25,7.0,7.773003,0.4499999999999999,7.325,19.938888866666662,39.71666666666667,39.95,39.96666666666667,39.55,40.46666666666667,-11.619333333333332,-0.177777793333334,0.2620000000000004,8.068666666666667,8.537333333333333,19.98148148777778,8.235555555555557,6.8984036,6.912555,6.8476586,6.839367,6.965637,0,1.0,1,0.75,-0.65,13.7,86.3
2023-04-04 11:30:00,113.46851657778,66.2923482,66.310403027778,19.938888866666662,8.537333333333333,40.46666666666667,1,5.1764362714980825,70.66250196097344,11,1,4,0.258819045102521,-0.9659258262890682,0.7818314824680298,0.6234898018587336,0.8660254037844387,-0.4999999999999998,122.5,98.5,59.25,8.8,19.25,100.0,96.5,6.9,7.696635,0.3,7.45,20.17777776,40.05,39.71666666666667,39.95,39.96666666666667,40.2,-11.401555533333331,-0.0111111333333333,0.2066666666666652,8.330666666666668,8.844,20.00555555333333,8.312222222222223,6.965637,6.8984036,6.912555,6.8476586,7.0171695,0,1.0,0,0.75,-0.65,13.8,86.2
2023-04-04 11:45:00,45.412905644444,0.0,0.0,20.17777776,8.844,40.2,0,5.1764362714980825,70.66250196097344,11,1,4,0.258819045102521,-0.9659258262890682,0.7818314824680298,0.6234898018587336,0.8660254037844387,-0.4999999999999998,139.75,113.875,69.45833333333333,9.5,21.125,100.0,94.75,6.8,7.6184473,0.1499999999999999,7.575,20.07777777,40.46666666666667,40.05,39.71666666666667,39.95,40.46666666666667,-11.333777760000002,0.2388888933333355,0.3066666666666666,8.537333333333333,9.299333333333331,20.022222208888888,8.570666666666668,7.0171695,6.965637,6.8984036,6.912555,7.0225143,1,2.0,1,0.5,-0.59,12.4,87.6
2023-04-04 12:00:00,55.452781733336,23.123241683334,23.136852222224,20.07777777,9.299333333333331,40.46666666666667,1,5.1764362714980825,70.66250196097344,12,1,4,1.2246467991473532e-16,-1.0,0.7818314824680298,0.6234898018587336,0.8660254037844387,-0.4999999999999998,157.0,131.125,80.875,10.2,23.0,100.0,93.0,6.7,7.5384207,0.0,7.7,19.95000001,40.2,40.46666666666667,40.05,39.71666666666667,40.45,-10.778444436666668,-0.0999999900000006,0.4553333333333338,8.844,9.748666666666669,20.06481479888889,8.893555555555556,7.0225143,7.0171695,6.965637,6.8984036,6.967302,0,1.0,1,0.75,-0.61,12.9,87.1
2023-04-04 12:15:00,132.800798872222,96.280037544444,96.303092172222,19.95000001,9.748666666666669,40.45,2,5.1764362714980825,70.66250196097344,12,1,4,1.2246467991473532e-16,-1.0,0.7818314824680298,0.6234898018587336,0.8660254037844387,-0.4999999999999998,159.75,144.75,91.91666666666669,10.475,23.55,100.0,92.75,6.75,7.579104,0.0,7.825,20.16851853,40.46666666666667,40.2,40.46666666666667,40.05,40.03333333333333,-10.201333343333332,-0.1277777600000007,0.4493333333333336,9.299333333333331,9.891333333333334,20.06851851333333,9.297333333333334,6.967302,7.0225143,7.0171695,6.965637,6.9842925,0,1.0,1,0.75,-0.64,13.7,86.3
2023-04-04 12:30:00,63.439406805554,0.0,0.0,20.16851853,9.891333333333334,40.03333333333333,0,5.1764362714980825,70.66250196097344,12,1,4,1.2246467991473532e-16,-1.0,0.7818314824680298,0.6234898018587336,0.8660254037844387,-0.4999999999999998,162.5,154.75,102.58333333333331,10.75,24.1,100.0,92.5,6.800000000000001,7.6198883,0.0,7.949999999999999,20.05555555,40.45,40.46666666666667,40.2,40.46666666666667,40.4,-10.277185196666665,0.2185185199999963,0.1426666666666669,9.748666666666669,10.018666666666666,20.065432103333336,9.646444444444445,6.9842925,6.967302,7.0225143,7.0171695,7.0018344,1,2.0,1,0.5,-0.6,12.5,87.5
2023-04-04 12:45:00,42.15081381667,0.0,0.0,20.05555555,10.018666666666666,40.4,0,5.1764362714980825,70.66250196097344,12,1,4,1.2246467991473532e-16,-1.0,0.7818314824680298,0.6234898018587336,0.8660254037844387,-0.4999999999999998,165.25,161.125,112.875,11.025,24.65,100.0,92.25,6.8500000000000005,7.660772,0.0,8.075,19.896296306666667,40.03333333333333,40.45,40.46666666666667,40.2,40.96666666666667,-10.036888883333337,-0.1129629799999953,0.1273333333333326,9.891333333333334,10.152666666666669,20.058024696666667,9.886222222222225,7.0018344,6.9842925,6.967302,7.0225143,7.034125,0,2.0,0,0.5,-0.62,13.0,87.0
2023-04-04 13:00:00,125.450537311112,93.058499744444,93.080443316666,19.896296306666667,10.152666666666669,40.96666666666667,2,5.1764362714980825,70.66250196097344,13,1,4,-0.2588190451025208,-0.9659258262890684,0.7818314824680298,0.6234898018587336,0.8660254037844387,-0.4999999999999998,168.0,163.875,122.79166666666669,11.3,25.2,100.0,92.0,6.9,7.7017555,0.0,8.2,20.08888891,40.4,40.03333333333333,40.45,40.46666666666667,41.0,-9.74362964,-0.1592592433333344,0.1340000000000003,10.018666666666666,10.220666666666666,20.040123462222223,10.020888888888887,7.034125,7.0018344,6.9842925,6.967302,7.1196957,0,2.0,1,0.5,-0.65,14.0,86.0
2023-04-04 13:15:00,61.377822522224,16.845159483334,16.857381194446,20.08888891,10.220666666666666,41.0,1,5.1764362714980825,70.66250196097344,13,1,4,-0.2588190451025208,-0.9659258262890684,0.7818314824680298,0.6234898018587336,0.8660254037844387,-0.4999999999999998,281.0,194.1875,141.3125,11.4,26.45,100.0,88.25,7.075,7.789314,0.0,9.025,20.19814815,40.96666666666667,40.4,40.03333333333333,40.45,41.18333333333333,-9.868222243333332,0.1925926033333311,0.0679999999999996,10.152666666666669,10.033333333333331,20.01358025555556,10.130666666666668,7.1196957,7.034125,7.0018344,6.9842925,7.1973834,0,2.0,1,0.5,-0.61,12.7,87.3
2023-04-04 13:30:00,47.660871188892,0.0,0.0,20.19814815,10.033333333333331,41.18333333333333,0,5.1764362714980825,70.66250196097344,13,1,4,-0.2588190451025208,-0.9659258262890684,0.7818314824680298,0.6234898018587336,0.8660254037844387,-0.4999999999999998,394.0,252.0625,168.4375,11.5,27.7,100.0,84.5,7.25,7.8608503,0.0,9.85,20.07777781,41.0,40.96666666666667,40.4,40.03333333333333,41.5,-10.164814816666668,0.1092592400000036,-0.1873333333333331,10.220666666666666,10.156,20.061111122222226,10.135555555555555,7.1973834,7.1196957,7.034125,7.0018344,7.2018375,1,2.0,1,0.5,-0.58,12.1,87.9
2023-04-04 13:45:00,61.131721283334,14.444977694446,14.458588266668,20.07777781,10.156,41.5,1,5.1764362714980825,70.66250196097344,13,1,4,-0.2588190451025208,-0.9659258262890684,0.7818314824680298,0.6234898018587336,0.8660254037844387,-0.4999999999999998,507.0,337.5,204.16666666666663,11.6,28.95,100.0,80.75,7.425,7.9146357,0.0,10.675,19.9722222,41.18333333333333,41.0,40.96666666666667,40.4,41.68333333333333,-9.92177781,-0.1203703400000009,0.1226666666666673,10.033333333333331,10.220666666666666,20.12160495666667,10.136666666666668,7.2018375,7.1973834,7.1196957,7.034125,7.1890874,0,1.0,1,0.75,-0.61,12.7,87.3
2023-04-04 14:00:00,653.747182449998,101.931200355556,101.955088316666,19.9722222,10.220666666666666,41.68333333333333,2,5.1764362714980825,70.66250196097344,14,1,4,-0.4999999999999997,-0.8660254037844388,0.7818314824680298,0.6234898018587336,0.8660254037844387,-0.4999999999999998,620.0,450.5,248.5,11.7,30.2,100.0,77.0,7.6,7.948833,0.0,11.5,20.11666669,41.5,41.18333333333333,41.0,40.96666666666667,41.65,-9.751555533333333,-0.1055556100000032,0.0646666666666657,10.156,10.318,20.08271605333333,10.136666666666668,7.1890874,7.2018375,7.1973834,7.1196957,7.244335,0,1.0,1,0.75,-0.63,13.4,86.6
2023-04-04 14:15:00,475.577365011112,16.256294188888,16.270460288888,20.11666669,10.318,41.65,1,5.1764362714980825,70.66250196097344,14,1,4,-0.4999999999999997,-0.8660254037844388,0.7818314824680298,0.6234898018587336,0.8660254037844387,-0.4999999999999998,608.75,532.4375,290.4583333333333,11.8,30.475,100.0,75.0,7.524999999999999,7.901435,0.0,11.825,20.105555576666667,41.68333333333333,41.5,41.18333333333333,41.0,41.5,-9.798666689999996,0.1444444900000014,0.097333333333335,10.220666666666666,10.273333333333332,20.055555566666666,10.231555555555556,7.244335,7.1890874,7.2018375,7.1973834,7.213555,0,1.0,1,0.75,-0.6,12.5,87.5
2023-04-04 14:30:00,40.026454311116,0.0,0.0,20.105555576666667,10.273333333333332,41.5,0,5.1764362714980825,70.66250196097344,14,1,4,-0.4999999999999997,-0.8660254037844388,0.7818314824680298,0.6234898018587336,0.8660254037844387,-0.4999999999999998,597.5,583.3125,330.0416666666667,11.9,30.75,100.0,73.0,7.449999999999999,7.8483143,0.0,12.15,19.966666640000003,41.65,41.68333333333333,41.5,41.18333333333333,41.5,-9.832222243333334,-0.0111111133333317,-0.0446666666666679,10.318,10.5,20.06481482222222,10.270666666666669,7.213555,7.244335,7.1890874,7.2018375,7.15514,1,1.0,1,0.75,-0.6,12.6,87.4
2023-04-04 14:45:00,137.875318116666,82.442813255556,82.461701383334,19.966666640000003,10.5,41.5,2,5.1764362714980825,70.66250196097344,14,1,4,-0.4999999999999997,-0.8660254037844388,0.7818314824680298,0.6234898018587336,0.8660254037844387,-0.4999999999999998,586.25,603.125,367.25,12.0,31.025,100.0,71.0,7.375,7.789287,0.0,12.475,20.077777766666667,41.5,41.65,41.68333333333333,41.5,41.31666666666667,-9.466666640000003,-0.1388889366666639,0.2266666666666665,10.273333333333332,10.842666666666666,20.062962968888893,10.36377777777778,7.15514,7.213555,7.244335,7.1890874,7.1700215,0,1.0,1,0.75,-0.63,13.4,86.6
2023-04-04 15:00:00,94.13484553889,52.4704011,52.487622644444,20.077777766666667,10.842666666666666,41.31666666666667,1,5.1764362714980825,70.66250196097344,15,1,4,-0.7071067811865471,-0.7071067811865479,0.7818314824680298,0.6234898018587336,0.8660254037844387,-0.4999999999999998,575.0,591.875,402.0833333333333,12.1,31.3,100.0,69.0,7.3,7.7241626,0.0,12.8,20.16111112,41.5,41.5,41.65,41.68333333333333,41.0,-9.2351111,0.111111126666664,0.3426666666666662,10.5,10.712666666666667,20.049999994444445,10.538666666666666,7.1700215,7.15514,7.213555,7.244335,7.149843,0,1.0,1,0.75,-0.61,12.8,87.2
2023-04-04 15:15:00,36.956855,0.0,0.0,20.16111112,10.712666666666667,41.0,0,5.1764362714980825,70.66250196097344,15,1,4,-0.7071067811865471,-0.7071067811865479,0.7818314824680298,0.6234898018587336,0.8660254037844387,-0.4999999999999998,490.75,562.375,429.6666666666667,11.75,31.4,100.0,69.5,7.1,7.636583,0.0,12.5,19.918518483333333,41.31666666666667,41.5,41.5,41.65,41.18333333333333,-9.448444453333334,0.0833333533333338,-0.129999999999999,10.842666666666666,11.23,20.06851850888889,10.685111111111112,7.149843,7.1700215,7.15514,7.213555,7.080542,1,2.0,1,0.5,-0.59,12.4,87.6
2023-04-04 15:30:00,102.77561106111,27.011697272222,27.047251433332,19.918518483333333,11.23,41.18333333333333,1,5.1764362714980825,70.66250196097344,15,1,4,-0.7071067811865471,-0.7071067811865479,0.7818314824680298,0.6234898018587336,0.8660254037844387,-0.4999999999999998,406.5,514.625,450.0,11.4,31.5,100.0,70.0,6.9,7.549267,0.0,12.2,19.9,41.0,41.31666666666667,41.5,41.5,41.5,-8.688518483333334,-0.2425926366666679,0.5173333333333314,10.712666666666667,11.294,20.05246912333333,10.928444444444445,7.080542,7.149843,7.1700215,7.15514,7.127249,0,1.0,1,0.75,-0.65,13.8,86.2
2023-04-04 15:45:00,202.54050930555,102.352294627778,102.405348138886,19.9,11.294,41.5,2,5.1764362714980825,70.66250196097344,15,1,4,-0.7071067811865471,-0.7071067811865479,0.7818314824680298,0.6234898018587336,0.8660254037844387,-0.4999999999999998,322.25,448.625,463.0833333333333,11.05,31.6,100.0,70.5,6.7,7.462231,0.0,11.9,20.14814818,41.18333333333333,41.0,41.31666666666667,41.5,41.5,-8.605999999999998,-0.0185184833333345,0.0640000000000018,11.23,11.502666666666666,19.99320986777778,11.078888888888889,7.127249,7.080542,7.149843,7.1700215,7.2315507,0,1.0,1,0.75,-0.65,13.8,86.2
2023-04-04 16:00:00,127.142969594446,0.0,0.0,20.14814818,11.502666666666666,41.5,0,5.1764362714980825,70.66250196097344,16,1,4,-0.8660254037844385,-0.5000000000000004,0.7818314824680298,0.6234898018587336,0.8660254037844387,-0.4999999999999998,238.0,364.375,468.9166666666667,10.7,31.7,100.0,71.0,6.5,7.375492,0.0,11.6,20.07777781,41.5,41.18333333333333,41.0,41.31666666666667,42.25,-8.645481513333333,0.2481481800000011,0.2086666666666659,11.294,11.737333333333334,19.988888887777776,11.342222222222224,7.2315507,7.127249,7.080542,7.149843,7.3319917,1,2.0,1,0.5,-0.59,12.4,87.6
2023-04-04 16:15:00,89.885571149998,0.0,0.0,20.07777781,11.737333333333334,42.25,0,5.1764362714980825,70.66250196097344,16,1,4,-0.8660254037844385,-0.5000000000000004,0.7818314824680298,0.6234898018587336,0.8660254037844387,-0.4999999999999998,210.0,294.1875,463.0,9.975,29.9,100.0,70.75,6.5,7.3725605,0.0,11.65,19.911111076666664,41.5,41.5,41.18333333333333,41.0,42.78333333333333,-8.340444476666667,-0.0703703699999991,0.2346666666666674,11.502666666666666,11.871333333333332,20.04197533,11.511333333333337,7.3319917,7.2315507,7.127249,7.080542,7.352434,0,2.0,0,0.5,-0.6,12.6,87.4
2023-04-04 16:30:00,106.781561933332,0.0,0.0,19.911111076666664,11.871333333333332,42.78333333333333,0,5.1764362714980825,70.66250196097344,16,1,4,-0.8660254037844385,-0.5000000000000004,0.7818314824680298,0.6234898018587336,0.8660254037844387,-0.4999999999999998,182.0,238.0625,445.3333333333333,9.25,28.1,100.0,70.5,6.5,7.369527,0.0,11.7,19.74444442,42.25,41.5,41.5,41.18333333333333,42.5,-8.039777743333332,-0.1666667333333364,0.1339999999999985,11.737333333333334,11.955333333333334,20.04567902222222,11.70377777777778,7.352434,7.3319917,7.2315507,7.127249,7.2327123,0,3.0,0,0.25,-0.64,13.6,86.4
2023-04-04 16:45:00,101.049569122216,0.0,0.0,19.74444442,11.955333333333334,42.5,0,5.1764362714980825,70.66250196097344,16,1,4,-0.8660254037844385,-0.5000000000000004,0.7818314824680298,0.6234898018587336,0.8660254037844387,-0.4999999999999998,154.0,196.0,415.9166666666667,8.524999999999999,26.3,100.0,70.25,6.5,7.3663936,0.0,11.75,19.65925924333333,42.78333333333333,42.25,41.5,41.5,42.5,-7.789111086666663,-0.166666656666667,0.0840000000000014,11.871333333333332,11.956666666666669,19.911111102222225,11.854666666666668,7.2327123,7.352434,7.3319917,7.2315507,7.19664,0,4.0,0,0.0,-0.68,14.7,85.3
2023-04-04 17:00:00,187.983869294442,103.277257627778,103.332533249998,19.65925924333333,11.956666666666669,42.5,2,5.1764362714980825,70.66250196097344,17,1,4,-0.9659258262890684,-0.2588190451025206,0.7818314824680298,0.6234898018587336,0.8660254037844387,-0.4999999999999998,126.0,168.0,374.75,7.8,24.5,100.0,70.0,6.5,7.363159,0.0,11.8,19.911111100000003,42.5,42.78333333333333,42.25,41.5,42.1,-7.702592576666667,-0.0851851766666627,0.0013333333333331,11.955333333333334,12.310666666666666,19.77160491333333,11.92777777777778,7.19664,7.2327123,7.352434,7.3319917,7.235001,0,3.0,1,0.25,-0.7,15.3,84.7
2023-04-04 17:15:00,94.662324638882,10.593465127778,10.639296677776,19.911111100000003,12.310666666666666,42.1,1,5.1764362714980825,70.66250196097344,17,1,4,-0.9659258262890684,-0.2588190451025206,0.7818314824680298,0.6234898018587336,0.8660254037844387,-0.4999999999999998,105.75,141.9375,332.8333333333333,6.775,22.875,100.0,72.25,6.625,7.4468093,0.0,11.475,19.88703702,42.5,42.5,42.78333333333333,42.25,41.53333333333333,-7.600444433333337,0.2518518566666685,0.3539999999999992,11.956666666666669,12.229333333333331,19.771604921111116,12.074222222222224,7.235001,7.19664,7.2327123,7.352434,7.1275573,0,2.0,1,0.5,-0.64,13.7,86.3
2023-04-04 17:30:00,77.037751833328,0.0,0.0,19.88703702,12.229333333333331,41.53333333333333,0,5.1764362714980825,70.66250196097344,17,1,4,-0.9659258262890684,-0.2588190451025206,0.7818314824680298,0.6234898018587336,0.8660254037844387,-0.4999999999999998,85.5,117.8125,290.1666666666667,5.75,21.25,100.0,74.5,6.75,7.5237026,0.0,11.15,19.74999999,42.1,42.5,42.5,42.78333333333333,41.85,-7.657703686666665,-0.0240740800000054,-0.0813333333333332,12.310666666666666,12.526,19.81913578777778,12.165555555555557,7.1275573,7.235001,7.19664,7.2327123,7.124417,1,2.0,1,0.5,-0.65,13.9,86.1
2023-04-04 17:45:00,157.471478655556,84.538562805554,84.58467211110799,19.74999999,12.526,41.85,2,5.1764362714980825,70.66250196097344,17,1,4,-0.9659258262890684,-0.2588190451025206,0.7818314824680298,0.6234898018587336,0.8660254037844387,-0.4999999999999998,65.25,95.625,246.75,4.725,19.625,100.0,76.75,6.875,7.594046,0.0,10.825,19.90740740333333,41.53333333333333,42.1,42.5,42.5,41.81666666666667,-7.223999989999999,-0.1370370299999983,0.2966666666666668,12.229333333333331,12.511333333333331,19.849382703333333,12.355333333333334,7.124417,7.1275573,7.235001,7.19664,7.18475,0,1.0,1,0.75,-0.68,14.8,85.2
2023-04-04 18:00:00,114.077658861114,26.952532955556,26.988642644444,19.90740740333333,12.511333333333331,41.81666666666667,1,5.1764362714980825,70.66250196097344,18,1,4,-1.0,-1.8369701987210294e-16,0.7818314824680298,0.6234898018587336,0.8660254037844387,-0.4999999999999998,45.0,75.375,202.58333333333331,3.7,18.0,100.0,79.0,7.0,7.658049,0.0,10.5,19.9277778,41.85,41.53333333333333,42.1,42.5,41.5,-7.396074069999997,0.1574074133333312,-0.0146666666666668,12.526,12.604,19.84814813777778,12.422222222222222,7.18475,7.124417,7.1275573,7.235001,7.13886,0,1.0,1,0.75,-0.65,13.7,86.3
2023-04-04 18:15:00,65.480158455556,0.0,0.0,19.9277778,12.604,41.5,0,5.1764362714980825,70.66250196097344,18,1,4,-1.0,-1.8369701987210294e-16,0.7818314824680298,0.6234898018587336,0.8660254037844387,-0.4999999999999998,38.0,58.4375,164.85416666666666,4.825,16.3,100.0,79.0,6.875,7.60981,0.0,10.4,19.74444447,41.81666666666667,41.85,41.53333333333333,42.1,41.5,-7.3237778,0.0203703966666708,0.092666666666668,12.511333333333331,12.248,19.861728397777775,12.547111111111112,7.13886,7.18475,7.124417,7.1275573,7.0625305,1,2.0,1,0.5,-0.64,13.7,86.3
2023-04-04 18:30:00,130.216180044444,70.205247227778,70.24691226111,19.74444447,12.248,41.5,1,5.1764362714980825,70.66250196097344,18,1,4,-1.0,-1.8369701987210294e-16,0.7818314824680298,0.6234898018587336,0.8660254037844387,-0.4999999999999998,31.0,44.8125,133.5625,5.949999999999999,14.6,100.0,79.0,6.75,7.5618353,0.0,10.3,19.87777776,41.5,41.81666666666667,41.85,41.53333333333333,41.45,-7.496444470000002,-0.1833333299999999,-0.3560000000000016,12.604,12.343333333333334,19.859876557777778,12.454444444444446,7.0625305,7.13886,7.18475,7.124417,7.109396,0,1.0,1,0.75,-0.69,14.9,85.1
2023-04-04 18:45:00,127.829886566668,54.795308083334,54.833084372222,19.87777776,12.343333333333334,41.45,1,5.1764362714980825,70.66250196097344,18,1,4,-1.0,-1.8369701987210294e-16,0.7818314824680298,0.6234898018587336,0.8660254037844387,-0.4999999999999998,24.0,34.5,108.70833333333331,7.074999999999999,12.9,100.0,79.0,6.625,7.5141234,0.0,10.2,20.038888863333334,41.5,41.5,41.81666666666667,41.85,41.03333333333333,-7.534444426666667,0.1333332899999995,0.0953333333333343,12.248,11.874,19.85000001,12.398444444444443,7.109396,7.0625305,7.13886,7.18475,7.1046653,0,1.0,0,0.75,-0.65,14.0,86.0
2023-04-04 19:00:00,82.13782552222,0.0,0.0,20.038888863333334,11.874,41.03333333333333,0,5.1764362714980825,70.66250196097344,19,1,4,-0.9659258262890684,0.2588190451025203,0.7818314824680298,0.6234898018587336,0.8660254037844387,-0.4999999999999998,17.0,27.5,90.29166666666669,8.2,11.2,100.0,79.0,6.5,7.466676,0.0,10.1,19.81666667,41.45,41.5,41.5,41.81666666666667,41.05,-8.164888863333335,0.161111103333333,-0.4693333333333349,12.343333333333334,11.925333333333333,19.887037031111117,12.155111111111111,7.1046653,7.109396,7.0625305,7.13886,7.015608,1,2.0,1,0.5,-0.62,13.0,87.0
2023-04-04 19:15:00,96.172264072222,31.700954111112,31.737341555556,19.81666667,11.925333333333333,41.05,1,5.1764362714980825,70.66250196097344,19,1,4,-0.9659258262890684,0.2588190451025203,0.7818314824680298,0.6234898018587336,0.8660254037844387,-0.4999999999999998,13.25,21.3125,73.89583333333333,9.2,13.45,100.0,78.25,6.2,7.3141675,0.0,9.925,19.775925930000003,41.03333333333333,41.45,41.5,41.5,41.28333333333333,-7.891333336666667,-0.2222221933333337,0.0513333333333339,11.874,11.778666666666668,19.91111109777778,12.047555555555556,7.015608,7.1046653,7.109396,7.0625305,7.038646,0,1.0,1,0.75,-0.67,14.5,85.5
2023-04-04 19:30:00,170.116806355548,102.929493788888,102.974214266664,19.775925930000003,11.778666666666668,41.28333333333333,2,5.1764362714980825,70.66250196097344,19,1,4,-0.9659258262890684,0.2588190451025203,0.7818314824680298,0.6234898018587336,0.8660254037844387,-0.4999999999999998,9.5,15.9375,59.520833333333336,10.2,15.7,100.0,77.5,5.9,7.164,0.0,9.75,20.083333340000003,41.05,41.03333333333333,41.45,41.5,40.65,-7.997259263333335,-0.0407407399999968,-0.1466666666666647,11.925333333333333,11.762666666666666,19.877160487777783,11.859333333333334,7.038646,7.015608,7.1046653,7.109396,7.0566244,0,1.0,1,0.75,-0.68,14.7,85.3
2023-04-04 19:45:00,122.643427516662,0.0,0.0,20.083333340000003,11.762666666666666,40.65,0,5.1764362714980825,70.66250196097344,19,1,4,-0.9659258262890684,0.2588190451025203,0.7818314824680298,0.6234898018587336,0.8660254037844387,-0.4999999999999998,5.75,11.375,47.16666666666666,11.2,17.95,100.0,76.75,5.6,7.0161476,0.0,9.575,19.94999999,41.28333333333333,41.05,41.03333333333333,41.45,40.86666666666667,-8.320666673333337,0.3074074099999997,-0.0160000000000017,11.778666666666668,11.454666666666666,19.891975313333337,11.822222222222225,7.0566244,7.038646,7.015608,7.1046653,7.0390697,1,2.0,1,0.5,-0.61,12.8,87.2
2023-04-04 20:00:00,565.751813455556,0.0,0.0,19.94999999,11.454666666666666,40.86666666666667,0,5.1764362714980825,70.66250196097344,20,1,4,-0.8660254037844386,0.5000000000000001,0.7818314824680298,0.6234898018587336,0.8660254037844387,-0.4999999999999998,2.0,7.625,36.833333333333336,12.2,20.2,100.0,76.0,5.3,6.8705835,0.0,9.4,19.74999998,40.65,41.28333333333333,41.05,41.03333333333333,42.35,-8.495333323333332,-0.1333333500000044,-0.3079999999999998,11.762666666666666,11.401333333333334,19.936419753333336,11.665333333333336,7.0390697,7.0566244,7.038646,7.015608,7.209535,0,2.0,0,0.5,-0.64,13.6,86.4
2023-04-04 20:15:00,278.580800838886,0.0,0.0,19.74999998,11.401333333333334,42.35,0,5.1764362714980825,70.66250196097344,20,1,4,-0.8660254037844386,0.5000000000000001,0.7818314824680298,0.6234898018587336,0.8660254037844387,-0.4999999999999998,1.5,4.6875,28.14583333333333,11.5,21.0,100.0,76.75,5.025,6.7418633,0.0,8.95,19.670370400000003,40.86666666666667,40.65,41.28333333333333,41.05,44.266666666666666,-8.348666646666665,-0.2000000100000001,-0.0533333333333327,11.454666666666666,11.434,19.92777777,11.539555555555555,7.209535,7.0390697,7.0566244,7.038646,7.500685,0,3.0,0,0.25,-0.68,14.7,85.3
2023-04-04 20:30:00,156.917056433332,0.0,0.0,19.670370400000003,11.434,44.266666666666666,0,5.1764362714980825,70.66250196097344,20,1,4,-0.8660254037844386,0.5000000000000001,0.7818314824680298,0.6234898018587336,0.8660254037844387,-0.4999999999999998,1.0,2.5625,21.104166666666668,10.8,21.8,100.0,77.5,4.75,6.614223,0.0,8.5,19.66111114,42.35,40.86666666666667,40.65,41.28333333333333,44.6,-8.236370400000004,-0.0796295799999953,0.0326666666666657,11.401333333333334,11.383333333333333,19.790123456666667,11.43,7.500685,7.209535,7.0390697,7.0566244,7.5530605,0,4.0,0,0.0,-0.69,14.9,85.1
2023-04-04 20:45:00,151.24283891111202,0.0,0.0,19.66111114,11.383333333333333,44.6,0,5.1764362714980825,70.66250196097344,20,1,4,-0.8660254037844386,0.5000000000000001,0.7818314824680298,0.6234898018587336,0.8660254037844387,-0.4999999999999998,0.5,1.25,15.708333333333334,10.1,22.6,100.0,78.25,4.475,6.4877024,0.0,8.05,19.59444445666667,44.266666666666666,42.35,40.86666666666667,40.65,43.85,-8.277777806666666,-0.0092592600000038,-0.0506666666666664,11.434,11.144666666666668,19.693827173333336,11.40622222222222,7.5530605,7.500685,7.209535,7.0390697,7.3970275,0,4.0,0,0.0,-0.69,14.9,85.1
2023-04-04 21:00:00,155.42378283333198,0.0,0.0,19.59444445666667,11.144666666666668,43.85,0,5.1764362714980825,70.66250196097344,21,1,4,-0.7071067811865477,0.7071067811865474,0.7818314824680298,0.6234898018587336,0.8660254037844387,-0.4999999999999998,0.0,0.75,11.958333333333334,9.4,23.4,100.0,79.0,4.2,6.362337,0.0,7.6,19.5555556,44.6,44.266666666666666,42.35,40.86666666666667,43.15,-8.44977779,-0.0666666833333309,-0.2386666666666652,11.383333333333333,11.004666666666669,19.641975332222227,11.320666666666668,7.3970275,7.5530605,7.500685,7.209535,7.262335,0,4.0,0,0.0,-0.71,15.5,84.5
2023-04-04 21:15:00,161.793805772222,0.0,0.0,19.5555556,11.004666666666669,43.15,0,5.1764362714980825,70.66250196097344,21,1,4,-0.7071067811865477,0.7071067811865474,0.7818314824680298,0.6234898018587336,0.8660254037844387,-0.4999999999999998,0.0,0.375,8.791666666666666,9.225,22.05,91.5,78.0,4.125,6.332768,0.0,7.725,19.53518521333333,43.85,44.6,44.266666666666666,42.35,43.0,-8.550888933333335,-0.0388888566666665,-0.1400000000000005,11.144666666666668,11.059333333333331,19.603703732222225,11.177555555555555,7.262335,7.3970275,7.5530605,7.500685,7.228429,0,4.0,0,0.0,-0.72,15.9,84.1
2023-04-04 21:30:00,164.158433433332,0.0,0.0,19.53518521333333,11.059333333333331,43.0,0,5.1764362714980825,70.66250196097344,21,1,4,-0.7071067811865477,0.7071067811865474,0.7818314824680298,0.6234898018587336,0.8660254037844387,-0.4999999999999998,0.0,0.125,6.208333333333333,9.05,20.7,83.0,77.0,4.05,6.302248,0.0,7.85,19.46111108,43.15,43.85,44.6,44.266666666666666,42.75,-8.475851879999999,-0.02037038666667,0.0546666666666659,11.004666666666669,10.944,19.56172842333333,11.069555555555558,7.228429,7.262335,7.3970275,7.5530605,7.155177,0,4.0,0,0.0,-0.73,16.1,83.9
2023-04-04 21:45:00,536.732141005554,0.0,0.0,19.46111108,10.944,42.75,0,5.1764362714980825,70.66250196097344,21,1,4,-0.7071067811865477,0.7071067811865474,0.7818314824680298,0.6234898018587336,0.8660254037844387,-0.4999999999999998,0.0,0.0,4.208333333333333,8.875,19.35,74.5,76.0,3.975,6.270766,0.0,7.975,19.46481478666667,43.0,43.15,43.85,44.6,44.35,-8.517111080000003,-0.0740741333333296,-0.1153333333333339,11.059333333333331,10.657333333333334,19.517283964444445,11.002666666666668,7.155177,7.228429,7.262335,7.3970275,7.4245896,0,4.0,0,0.0,-0.75,16.7,83.3
2023-04-04 22:00:00,1230.03051906111,0.0,0.0,19.46481478666667,10.657333333333334,44.35,0,5.1764362714980825,70.66250196097344,22,1,4,-0.5000000000000004,0.8660254037844384,0.7818314824680298,0.6234898018587336,0.8660254037844387,-0.4999999999999998,0.0,0.0,2.7916666666666665,8.7,18.0,66.0,75.0,3.9,6.238309,0.0,8.1,19.54444447,42.75,43.0,43.15,43.85,46.4,-8.807481453333335,0.0037037066666663,-0.2866666666666653,10.944,10.609333333333332,19.487037026666663,10.88688888888889,7.4245896,7.155177,7.228429,7.262335,7.804227,0,4.0,0,0.0,-0.74,16.4,83.6
2023-04-04 22:15:00,108.217337766668,0.0,0.0,19.54444447,10.609333333333332,46.4,0,5.1764362714980825,70.66250196097344,22,1,4,-0.5000000000000004,0.8660254037844384,0.7818314824680298,0.6234898018587336,0.8660254037844387,-0.4999999999999998,0.0,0.0,1.6875,8.975,18.0,74.25,76.0,3.85,6.2204013,0.0,7.85,19.62777778666667,44.35,42.75,43.0,43.15,46.96666666666667,-8.935111136666666,0.07962968333333,-0.0480000000000018,10.657333333333334,10.708,19.49012344555556,10.73688888888889,7.804227,7.4245896,7.155177,7.228429,7.938303,0,4.0,0,0.0,-0.71,15.5,84.5
2023-04-04 22:30:00,143.315100516666,0.0,0.0,19.62777778666667,10.708,46.96666666666667,0,5.1764362714980825,70.66250196097344,22,1,4,-0.5000000000000004,0.8660254037844384,0.7818314824680298,0.6234898018587336,0.8660254037844387,-0.4999999999999998,0.0,0.0,0.8958333333333334,9.25,18.0,82.5,77.0,3.8,6.2012644,0.0,7.6,19.67222225,46.4,44.35,42.75,43.0,46.95,-8.91977778666667,0.0833333166666712,0.0986666666666682,10.609333333333332,10.432666666666668,19.545679014444445,10.658222222222223,7.938303,7.804227,7.4245896,7.155177,7.956223,0,4.0,0,0.0,-0.68,14.8,85.2
2023-04-04 22:45:00,146.03360292222,0.0,0.0,19.67222225,10.432666666666668,46.95,0,5.1764362714980825,70.66250196097344,22,1,4,-0.5000000000000004,0.8660254037844384,0.7818314824680298,0.6234898018587336,0.8660254037844387,-0.4999999999999998,0.0,0.0,0.4166666666666667,9.525,18.0,90.75,78.0,3.75,6.1809406,0.0,7.35,19.7185185,46.96666666666667,46.4,44.35,42.75,46.53333333333333,-9.239555583333331,0.0444444633333311,-0.2753333333333323,10.708,10.383333333333333,19.61481483555556,10.583333333333334,7.956223,7.938303,7.804227,7.4245896,7.907074,0,4.0,0,0.0,-0.67,14.5,85.5
2023-04-04 23:00:00,127.053806661106,0.0,0.0,19.7185185,10.383333333333333,46.53333333333333,0,5.1764362714980825,70.66250196097344,23,1,4,-0.2588190451025215,0.965925826289068,0.7818314824680298,0.6234898018587336,0.8660254037844387,-0.4999999999999998,0.0,0.0,0.25,9.8,18.0,99.0,79.0,3.7,6.159466,0.0,7.1,19.7222222,46.95,46.96666666666667,46.4,44.35,46.55,-9.335185166666667,0.046296250000001,-0.049333333333335,10.432666666666668,10.284666666666668,19.672839512222225,10.508,7.907074,7.956223,7.938303,7.804227,7.9116225,0,4.0,0,0.0,-0.66,14.3,85.7
2023-04-04 23:15:00,419.376002105554,0.0,0.0,19.7222222,10.284666666666668,46.55,0,5.1764362714980825,70.66250196097344,23,1,4,-0.2588190451025215,0.965925826289068,0.7818314824680298,0.6234898018587336,0.8660254037844387,-0.4999999999999998,0.0,0.0,0.125,10.05,18.725,78.0,79.5,3.875,6.2388196,0.0,7.199999999999999,19.7222222,46.53333333333333,46.95,46.96666666666667,46.4,46.96666666666667,-9.437555533333333,0.003703699999999,-0.0986666666666646,10.383333333333333,10.201333333333334,19.704320983333336,10.36688888888889,7.9116225,7.907074,7.956223,7.938303,7.982439,0,4.0,0,0.0,-0.66,14.2,85.8
2023-04-04 23:30:00,147.02689652222,0.0,0.0,19.7222222,10.201333333333334,46.96666666666667,0,5.1764362714980825,70.66250196097344,23,1,4,-0.2588190451025215,0.965925826289068,0.7818314824680298,0.6234898018587336,0.8660254037844387,-0.4999999999999998,0.0,0.0,0.0416666666666666,10.3,19.45,57.0,80.0,4.050000000000001,6.3189135,0.0,7.3,19.72777776,46.55,46.53333333333333,46.95,46.96666666666667,47.0,-9.520888866666668,0.0,-0.0833333333333339,10.284666666666668,10.026,19.720987633333333,10.28977777777778,7.982439,7.9116225,7.907074,7.956223,7.9907103,0,4.0,0,0.0,-0.66,14.2,85.8
2023-04-04 23:45:00,128.771515633332,0.0,0.0,19.72777776,10.026,47.0,0,5.1764362714980825,70.66250196097344,23,1,4,-0.2588190451025215,0.965925826289068,0.7818314824680298,0.6234898018587336,0.8660254037844387,-0.4999999999999998,0.0,0.0,0.0,10.55,20.175,36.0,80.5,4.2250000000000005,6.3997498,0.0,7.4,19.774074093333333,46.96666666666667,46.55,46.53333333333333,46.95,46.81666666666667,-9.70177776,0.0055555599999976,-0.1753333333333344,10.201333333333334,9.843333333333334,19.724074053333336,10.170666666666667,7.9907103,7.982439,7.9116225,7.907074,7.981191,0,4.0,0,0.0,-0.66,14.1,85.9
2023-04-05 00:00:00,105.921318627774,0.0,0.0,19.774074093333333,9.843333333333334,46.81666666666667,0,5.1764362714980825,70.66250196097344,0,2,4,0.0,1.0,0.9749279121818236,-0.2225209339563143,0.8660254037844387,-0.4999999999999998,0.0,0.0,0.0,10.8,20.9,15.0,81.0,4.4,6.4813356,0.0,7.5,19.72777777,47.0,46.96666666666667,46.55,46.53333333333333,45.75,-9.93074076,0.0462963333333341,-0.1826666666666661,10.026,9.704666666666666,19.74135801777778,10.023555555555555,7.981191,7.9907103,7.982439,7.9116225,7.778192,0,4.0,0,0.0,-0.65,13.8,86.2
2023-04-05 00:15:00,100.474036494442,0.0,0.0,19.72777777,9.704666666666666,45.75,0,5.1764362714980825,70.66250196097344,0,2,4,0.0,1.0,0.9749279121818236,-0.2225209339563143,0.8660254037844387,-0.4999999999999998,0.0,0.0,0.0,10.725,21.175,12.75,81.25,4.325,6.4384804,0.0,7.35,19.598148156666664,46.81666666666667,47.0,46.96666666666667,46.55,45.03333333333333,-10.023111103333331,-0.0462963233333333,-0.1386666666666673,9.843333333333334,9.924,19.74320987444444,9.858000000000002,7.778192,7.981191,7.9907103,7.982439,7.5982966,0,4.0,0,0.0,-0.67,14.3,85.7
2023-04-05 00:30:00,177.745945494442,75.093662783334,75.14921616111,19.598148156666664,9.924,45.03333333333333,2,5.1764362714980825,70.66250196097344,0,2,4,0.0,1.0,0.9749279121818236,-0.2225209339563143,0.8660254037844387,-0.4999999999999998,0.0,0.0,0.0,10.65,21.45,10.5,81.5,4.25,6.3957705,0.0,7.2,19.75555555,45.75,46.81666666666667,47.0,46.96666666666667,44.25,-9.674148156666664,-0.1296296133333356,0.2193333333333349,9.704666666666666,9.852,19.700000006666667,9.824,7.5982966,7.778192,7.981191,7.9907103,7.5354414,0,3.0,1,0.25,-0.7,15.3,84.7
2023-04-05 00:45:00,119.84798372222,44.068792727778,44.089625294442,19.75555555,9.852,44.25,1,5.1764362714980825,70.66250196097344,0,2,4,0.0,1.0,0.9749279121818236,-0.2225209339563143,0.8660254037844387,-0.4999999999999998,0.0,0.0,0.0,10.575,21.725,8.25,81.75,4.175,6.3532095,0.0,7.050000000000001,19.84444445666667,45.03333333333333,45.75,46.81666666666667,47.0,43.35,-9.90355555,0.1574073933333366,-0.0720000000000009,9.924,9.569333333333333,19.69382715888889,9.82688888888889,7.5354414,7.5982966,7.778192,7.981191,7.420764,0,2.0,1,0.5,-0.67,14.4,85.6
2023-04-05 01:00:00,48.59138968333,0.0,0.0,19.84444445666667,9.569333333333333,43.35,0,5.1764362714980825,70.66250196097344,1,2,4,0.2588190451025207,0.9659258262890684,0.9749279121818236,-0.2225209339563143,0.8660254037844387,-0.4999999999999998,0.0,0.0,0.0,10.5,22.0,6.0,82.0,4.1,6.3107967,0.0,6.9,19.71666669,44.25,45.03333333333333,45.75,46.81666666666667,43.0,-10.275111123333335,0.0888889066666678,-0.2826666666666675,9.852,9.466,19.73271605444444,9.781777777777778,7.420764,7.5354414,7.5982966,7.778192,7.305885,1,2.0,1,0.5,-0.65,13.9,86.1
2023-04-05 01:15:00,137.025907677776,93.975407516666,93.99318462222,19.71666669,9.466,43.0,2,5.1764362714980825,70.66250196097344,1,2,4,0.2588190451025207,0.9659258262890684,0.9749279121818236,-0.2225209339563143,0.8660254037844387,-0.4999999999999998,0.0,0.0,0.0,10.575,21.55,28.75,81.75,3.925,6.2405777,0.0,6.775,19.883333316666665,43.35,44.25,45.03333333333333,45.75,42.63333333333333,-10.25066669,-0.1277777666666679,-0.1033333333333317,9.569333333333333,9.226,19.772222232222223,9.629111111111111,7.305885,7.420764,7.5354414,7.5982966,7.314739,0,1.0,1,0.75,-0.68,14.8,85.2
2023-04-05 01:30:00,60.884509155548,23.544891516666,23.558224333332,19.883333316666665,9.226,42.63333333333333,1,5.1764362714980825,70.66250196097344,1,2,4,0.2588190451025207,0.9659258262890684,0.9749279121818236,-0.2225209339563143,0.8660254037844387,-0.4999999999999998,0.0,0.0,0.0,10.65,21.1,51.5,81.5,3.75,6.171031,0.0,6.65,19.86666665,43.0,43.35,44.25,45.03333333333333,42.0,-10.657333316666664,0.1666666266666645,-0.2400000000000002,9.466,9.138666666666667,19.814814821111117,9.420444444444444,7.314739,7.305885,7.420764,7.5354414,7.19904,0,1.0,1,0.75,-0.65,13.8,86.2
2023-04-05 01:45:00,59.781497627774,0.0,0.0,19.86666665,9.138666666666667,42.0,0,5.1764362714980825,70.66250196097344,1,2,4,0.2588190451025207,0.9659258262890684,0.9749279121818236,-0.2225209339563143,0.8660254037844387,-0.4999999999999998,0.0,0.0,0.0,10.725,20.65,74.25,81.25,3.575,6.1021504,0.0,6.525,19.698148156666665,42.63333333333333,43.0,43.35,44.25,42.0,-10.727999983333332,-0.0166666666666657,-0.0873333333333334,9.226,9.105333333333334,19.82222221888889,9.27688888888889,7.19904,7.314739,7.305885,7.420764,7.1282287,1,2.0,1,0.5,-0.65,14.0,86.0
2023-04-05 02:00:00,161.080778794442,107.597362583334,107.61763953889,19.698148156666665,9.105333333333334,42.0,2,5.1764362714980825,70.66250196097344,2,2,4,0.4999999999999999,0.8660254037844387,0.9749279121818236,-0.2225209339563143,0.8660254037844387,-0.4999999999999998,0.0,0.0,0.0,10.8,20.2,97.0,81.0,3.4,6.0339313,0.0,6.4,19.91666666,42.0,42.63333333333333,43.0,43.35,41.6,-10.592814823333333,-0.1685184933333339,-0.0333333333333332,9.138666666666667,8.829333333333333,19.816049374444443,9.156666666666668,7.1282287,7.19904,7.314739,7.305885,7.1514034,0,1.0,1,0.75,-0.69,15.1,84.9
2023-04-05 02:15:00,52.649005055556,18.253992027778,18.26621373889,19.91666666,8.829333333333333,41.6,1,5.1764362714980825,70.66250196097344,2,2,4,0.4999999999999999,0.8660254037844387,0.9749279121818236,-0.2225209339563143,0.8660254037844387,-0.4999999999999998,0.0,0.0,0.0,10.475,20.0,97.75,81.25,3.375,6.022966,0.0,6.325,19.918518526666663,42.0,42.0,42.63333333333333,43.0,41.03333333333333,-11.087333326666664,0.2185185033333319,-0.2760000000000016,9.105333333333334,8.831999999999999,19.82716048888889,9.024444444444446,7.1514034,7.1282287,7.19904,7.314739,7.054754,0,1.0,1,0.75,-0.64,13.7,86.3
2023-04-05 02:30:00,60.018988044444,26.871702872222,26.8864245,19.918518526666663,8.831999999999999,41.03333333333333,1,5.1764362714980825,70.66250196097344,2,2,4,0.4999999999999999,0.8660254037844387,0.9749279121818236,-0.2225209339563143,0.8660254037844387,-0.4999999999999998,0.0,0.0,0.0,10.15,19.8,98.5,81.5,3.35,6.0119467,0.0,6.25,19.80555558,41.6,42.0,42.0,42.63333333333333,41.25,-11.086518526666667,0.0018518666666693,0.0026666666666663,8.829333333333333,8.780666666666667,19.84444444777777,8.922222222222222,7.054754,7.1514034,7.1282287,7.19904,7.045197,0,1.0,0,0.75,-0.65,13.8,86.2
2023-04-05 02:45:00,359.605892905558,96.6028024,96.623634916666,19.80555558,8.780666666666667,41.25,2,5.1764362714980825,70.66250196097344,2,2,4,0.4999999999999999,0.8660254037844387,0.9749279121818236,-0.2225209339563143,0.8660254037844387,-0.4999999999999998,0.0,0.0,0.0,9.825,19.6,99.25,81.75,3.325,6.0008717,0.0,6.175,19.996296306666668,41.03333333333333,41.6,42.0,42.0,40.38333333333333,-11.02488891333333,-0.1129629466666699,-0.0513333333333321,8.831999999999999,8.574666666666667,19.880246922222224,8.814,7.045197,7.054754,7.1514034,7.1282287,6.974705,0,0.0,1,1.0,-0.67,14.5,85.5
2023-04-05 03:00:00,132.525254344444,0.0,0.0,19.996296306666668,8.574666666666667,40.38333333333333,0,5.1764362714980825,70.66250196097344,3,2,4,0.7071067811865476,0.7071067811865476,0.9749279121818236,-0.2225209339563143,0.8660254037844387,-0.4999999999999998,0.0,0.0,0.0,9.5,19.4,100.0,82.0,3.3,5.989742,0.0,6.1,19.81666667,41.25,41.03333333333333,41.6,42.0,40.35,-11.42162964,0.1907407266666716,-0.2059999999999995,8.780666666666667,8.603333333333333,19.90679013777778,8.729111111111111,6.974705,7.045197,7.054754,7.1514034,6.8959756,1,1.0,1,0.75,-0.63,13.4,86.6
2023-04-05 03:15:00,76.50916176111001,38.4634614,38.478460816666,19.81666667,8.603333333333333,40.35,1,5.1764362714980825,70.66250196097344,3,2,4,0.7071067811865476,0.7071067811865476,0.9749279121818236,-0.2225209339563143,0.8660254037844387,-0.4999999999999998,0.0,0.0,0.0,9.95,19.85,100.0,82.25,3.3,5.998176,0.0,6.074999999999999,19.775925930000003,40.38333333333333,41.25,41.03333333333333,41.6,40.5,-11.213333336666668,-0.1796296366666681,0.0286666666666661,8.574666666666667,8.545333333333334,19.87283951888889,8.652888888888889,6.8959756,6.974705,7.045197,7.054754,6.905091,0,1.0,1,0.75,-0.68,14.6,85.4
2023-04-05 03:30:00,147.4316025,103.427529416666,103.448084127778,19.775925930000003,8.545333333333334,40.5,2,5.1764362714980825,70.66250196097344,3,2,4,0.7071067811865476,0.7071067811865476,0.9749279121818236,-0.2225209339563143,0.8660254037844387,-0.4999999999999998,0.0,0.0,0.0,10.4,20.3,100.0,82.5,3.3,6.0065637,0.0,6.05,20.04444442,40.35,40.38333333333333,41.25,41.03333333333333,39.8,-11.23059259666667,-0.0407407399999968,-0.0579999999999998,8.603333333333333,8.302666666666665,19.86296296888889,8.574444444444445,6.905091,6.8959756,6.974705,7.045197,6.8933625,0,1.0,1,0.75,-0.68,14.8,85.2
2023-04-05 03:45:00,37.655438122224,0.0,0.0,20.04444442,8.302666666666665,39.8,0,5.1764362714980825,70.66250196097344,3,2,4,0.7071067811865476,0.7071067811865476,0.9749279121818236,-0.2225209339563143,0.8660254037844387,-0.4999999999999998,0.0,0.0,0.0,10.85,20.75,100.0,82.75,3.3,6.014905,0.0,6.025,19.87407404,40.5,40.35,40.38333333333333,41.25,39.5,-11.741777753333333,0.2685184899999946,-0.2426666666666683,8.545333333333334,8.264,19.87901234,8.48377777777778,6.8933625,6.905091,6.8959756,6.974705,6.7734666,1,2.0,1,0.5,-0.62,13.2,86.8
2023-04-05 04:00:00,91.12746592222,52.210133711112,52.226521922224,19.87407404,8.264,39.5,1,5.1764362714980825,70.66250196097344,4,2,4,0.8660254037844386,0.5000000000000001,0.9749279121818236,-0.2225209339563143,0.8660254037844387,-0.4999999999999998,0.0,0.0,0.0,11.3,21.2,100.0,83.0,3.3,6.023202,0.0,6.0,19.86666667,39.8,40.5,40.35,40.38333333333333,39.45,-11.61007404,-0.1703703799999978,-0.0386666666666659,8.302666666666665,8.219333333333333,19.89814813,8.370666666666667,6.7734666,6.8933625,6.905091,6.8959756,6.7619557,0,1.0,1,0.75,-0.67,14.3,85.7
2023-04-05 04:15:00,140.8968639,82.314762877776,82.333373233332,19.86666667,8.219333333333333,39.45,2,5.1764362714980825,70.66250196097344,4,2,4,0.8660254037844386,0.5000000000000001,0.9749279121818236,-0.2225209339563143,0.8660254037844387,-0.4999999999999998,0.0,0.0,0.0,11.425,21.3,100.0,83.25,3.35,6.0413446,0.0,6.0,20.087037056666667,39.5,39.8,40.5,40.35,39.03333333333333,-11.647333336666664,-0.0074073700000028,-0.0446666666666661,8.264,8.151333333333334,19.92839504333333,8.262,6.7619557,6.7734666,6.8933625,6.905091,6.7774487,0,1.0,1,0.75,-0.67,14.4,85.6
2023-04-05 04:30:00,39.904237166664,0.0,0.0,20.087037056666667,8.151333333333334,39.03333333333333,0,5.1764362714980825,70.66250196097344,4,2,4,0.8660254037844386,0.5000000000000001,0.9749279121818236,-0.2225209339563143,0.8660254037844387,-0.4999999999999998,0.0,0.0,0.0,11.55,21.4,100.0,83.5,3.4,6.0594864,0.0,6.0,19.85000001,39.45,39.5,39.8,40.5,39.05,-11.935703723333331,0.2203703866666693,-0.0679999999999996,8.219333333333333,8.004,19.94259258888889,8.211555555555556,6.7774487,6.7619557,6.7734666,6.8933625,6.686856,1,2.0,1,0.5,-0.62,13.0,87.0
2023-04-05 04:45:00,111.497484488884,76.7577629,76.774706672222,19.85000001,8.004,39.05,2,5.1764362714980825,70.66250196097344,4,2,4,0.8660254037844386,0.5000000000000001,0.9749279121818236,-0.2225209339563143,0.8660254037844387,-0.4999999999999998,0.0,0.0,0.0,11.675,21.5,100.0,83.75,3.45,6.0776286,0.0,6.0,19.93148146,39.03333333333333,39.45,39.5,39.8,39.1,-11.84600001,-0.2370370466666678,-0.1473333333333339,8.151333333333334,8.064,19.93456791222222,8.12488888888889,6.686856,6.7774487,6.7619557,6.7734666,6.7274685,0,1.0,1,0.75,-0.67,14.6,85.4
2023-04-05 05:00:00,87.567330599996,46.035936288888,46.050380177776,19.93148146,8.064,39.1,1,5.1764362714980825,70.66250196097344,5,2,4,0.9659258262890684,0.2588190451025207,0.9749279121818236,-0.2225209339563143,0.8660254037844387,-0.4999999999999998,0.0,0.0,0.0,11.8,21.6,100.0,84.0,3.5,6.095771,0.0,6.0,19.97777775,39.05,39.03333333333333,39.45,39.5,38.5,-11.86748146,0.0814814500000018,0.0600000000000005,8.004,8.281333333333333,19.95617284222222,8.073111111111112,6.7274685,6.686856,6.7774487,6.7619557,6.6422215,0,1.0,1,0.75,-0.66,14.0,86.0
2023-04-05 05:15:00,58.674319566668,11.753974255556,11.765362666668,19.97777775,8.281333333333333,38.5,1,5.1764362714980825,70.66250196097344,5,2,4,0.9659258262890684,0.2588190451025207,0.9749279121818236,-0.2225209339563143,0.8660254037844387,-0.4999999999999998,0.0,0.0,0.0,11.875,22.225,100.0,83.75,3.675,6.1678257,0.0,6.225,19.809259256666667,39.1,39.05,39.03333333333333,39.45,38.68333333333333,-11.696444416666663,0.0462962899999972,0.2173333333333325,8.064,8.296,19.919753073333336,8.116444444444445,6.6422215,6.7274685,6.686856,6.7774487,6.608264,0,1.0,0,0.75,-0.65,13.8,86.2
2023-04-05 05:30:00,158.824479966672,111.730530566668,111.753029683334,19.809259256666667,8.296,38.68333333333333,2,5.1764362714980825,70.66250196097344,5,2,4,0.9659258262890684,0.2588190451025207,0.9749279121818236,-0.2225209339563143,0.8660254037844387,-0.4999999999999998,0.0,0.0,0.0,11.95,22.85,100.0,83.5,3.85,6.240507,0.0,6.45,20.01111109,38.5,39.1,39.05,39.03333333333333,38.6,-11.513259256666668,-0.1685184933333303,0.0146666666666668,8.281333333333333,8.026666666666667,19.90617282222222,8.213777777777779,6.608264,6.6422215,6.7274685,6.686856,6.672487,0,0.0,1,1.0,-0.69,14.9,85.1
2023-04-05 05:45:00,44.972923277776,0.0,0.0,20.01111109,8.026666666666667,38.6,0,5.1764362714980825,70.66250196097344,5,2,4,0.9659258262890684,0.2588190451025207,0.9749279121818236,-0.2225209339563143,0.8660254037844387,-0.4999999999999998,0.0,0.0,0.0,12.025,23.475,100.0,83.25,4.025,6.313817,0.0,6.675000000000001,19.894444426666663,38.68333333333333,38.5,39.1,39.05,38.21666666666667,-11.984444423333333,0.2018518333333325,-0.2693333333333321,8.296,8.063333333333334,19.93271603222222,8.201333333333332,6.672487,6.608264,6.6422215,6.7274685,6.5612288,1,1.0,1,0.75,-0.64,13.6,86.4
2023-04-05 06:00:00,43.90435500555,0.0,0.0,19.894444426666663,8.063333333333334,38.21666666666667,0,5.1764362714980825,70.66250196097344,6,2,4,1.0,6.123233995736766e-17,0.9749279121818236,-0.2225209339563143,0.8660254037844387,-0.4999999999999998,0.0,0.0,0.0,12.1,24.1,100.0,83.0,4.2,6.3877573,0.0,6.9,19.65,38.6,38.68333333333333,38.5,39.1,38.5,-11.831111093333332,-0.1166666633333335,0.036666666666667,8.026666666666667,8.438666666666666,19.904938257777776,8.128666666666668,6.5612288,6.672487,6.608264,6.6422215,6.5157657,0,2.0,0,0.5,-0.67,14.4,85.6
2023-04-05 06:15:00,44.928480605554,11.317325055556,11.32815793889,19.65,8.438666666666666,38.5,1,5.1764362714980825,70.66250196097344,6,2,4,1.0,6.123233995736766e-17,0.9749279121818236,-0.2225209339563143,0.8660254037844387,-0.4999999999999998,0.5,0.125,0.0416666666666666,11.6,23.925,100.0,83.5,4.375,6.457657,0.0,6.9750000000000005,19.54814814333333,38.21666666666667,38.6,38.68333333333333,38.5,38.68333333333333,-11.211333333333332,-0.2444444266666678,0.3753333333333319,8.063333333333334,8.597333333333333,19.85185183888889,8.176222222222224,6.5157657,6.5612288,6.672487,6.608264,6.50774,0,2.0,1,0.5,-0.72,16.0,84.0
2023-04-05 06:30:00,166.767773372226,117.952226188888,117.975558572222,19.54814814333333,8.597333333333333,38.68333333333333,2,5.1764362714980825,70.66250196097344,6,2,4,1.0,6.123233995736766e-17,0.9749279121818236,-0.2225209339563143,0.8660254037844387,-0.4999999999999998,1.0,0.375,0.125,11.1,23.75,100.0,84.0,4.550000000000001,6.5280685,0.0,7.050000000000001,19.8333333,38.5,38.21666666666667,38.6,38.68333333333333,38.6,-10.95081481,-0.1018518566666664,0.1586666666666669,8.438666666666666,8.679333333333334,19.697530856666667,8.366444444444445,6.50774,6.5157657,6.5612288,6.672487,6.6033435,0,2.0,1,0.5,-0.75,16.7,83.3
2023-04-05 06:45:00,59.397346327774,0.0,0.0,19.8333333,8.679333333333334,38.6,0,5.1764362714980825,70.66250196097344,6,2,4,1.0,6.123233995736766e-17,0.9749279121818236,-0.2225209339563143,0.8660254037844387,-0.4999999999999998,1.5,0.75,0.25,10.6,23.575,100.0,84.5,4.7250000000000005,6.5989947,0.0,7.125,19.77962962,38.68333333333333,38.5,38.21666666666667,38.6,38.21666666666667,-11.153999966666666,0.2851851566666674,0.0820000000000007,8.597333333333333,8.804,19.677160481111112,8.571777777777779,6.6033435,6.50774,6.5157657,6.5612288,6.517207,1,2.0,1,0.5,-0.68,14.7,85.3
2023-04-05 07:00:00,89.391146477776,56.5969027,56.614679788888,19.77962962,8.804,38.21666666666667,1,5.1764362714980825,70.66250196097344,7,2,4,0.9659258262890684,-0.2588190451025206,0.9749279121818236,-0.2225209339563143,0.8660254037844387,-0.4999999999999998,2.0,1.25,0.4166666666666667,10.1,23.4,100.0,85.0,4.9,6.6704364,0.0,7.2,19.80555555,38.6,38.68333333333333,38.5,38.21666666666667,38.45,-10.975629619999998,-0.0537036800000017,0.1246666666666662,8.679333333333334,8.781333333333333,19.720370354444444,8.693555555555557,6.517207,6.6033435,6.50774,6.5157657,6.5669785,0,1.0,1,0.75,-0.7,15.2,84.8
2023-04-05 07:15:00,108.677041627778,75.671417455556,75.691416655556,19.80555555,8.781333333333333,38.45,2,5.1764362714980825,70.66250196097344,7,2,4,0.9659258262890684,-0.2588190451025206,0.9749279121818236,-0.2225209339563143,0.8660254037844387,-0.4999999999999998,15.25,4.9375,1.6875,10.95,23.675,100.0,83.75,5.275,6.843665,0.0,7.825,19.979629656666667,38.21666666666667,38.6,38.68333333333333,38.5,38.03333333333333,-11.024222216666669,0.0259259300000032,-0.0226666666666677,8.804,9.211333333333334,19.80617282333333,8.75488888888889,6.5669785,6.517207,6.6033435,6.50774,6.5624237,0,1.0,1,0.75,-0.69,15.0,85.0
2023-04-05 07:30:00,47.116726372222,0.0,0.0,19.979629656666667,9.211333333333334,38.03333333333333,0,5.1764362714980825,70.66250196097344,7,2,4,0.9659258262890684,-0.2588190451025206,0.9749279121818236,-0.2225209339563143,0.8660254037844387,-0.4999999999999998,28.5,11.8125,4.0625,11.8,23.95,100.0,82.5,5.65,7.0183764,0.0,8.45,19.78333332,38.45,38.21666666666667,38.6,38.68333333333333,38.4,-10.768296323333333,0.1740741066666657,0.4300000000000015,8.781333333333333,9.255333333333336,19.85493827555556,8.932222222222224,6.5624237,6.5669785,6.517207,6.6033435,6.5498953,1,2.0,1,0.5,-0.65,13.9,86.1
2023-04-05 07:45:00,128.945119788888,80.428727155556,80.449004127778,19.78333332,9.255333333333336,38.4,2,5.1764362714980825,70.66250196097344,7,2,4,0.9659258262890684,-0.2588190451025206,0.9749279121818236,-0.2225209339563143,0.8660254037844387,-0.4999999999999998,41.75,21.875,7.541666666666667,12.65,24.225,100.0,81.25,6.025,7.1944194,0.0,9.075,19.92777775333333,38.03333333333333,38.45,38.21666666666667,38.6,38.78333333333333,-10.527999986666666,-0.1962963366666663,0.0440000000000004,9.211333333333334,9.448666666666666,19.856172842222225,9.082666666666668,6.5498953,6.5624237,6.5669785,6.517207,6.671537,0,1.0,1,0.75,-0.69,15.1,84.9
2023-04-05 08:00:00,350.268488666668,43.439651211112,43.456594983334,19.92777775333333,9.448666666666666,38.78333333333333,1,5.1764362714980825,70.66250196097344,8,2,4,0.8660254037844387,-0.4999999999999998,0.9749279121818236,-0.2225209339563143,0.8660254037844387,-0.4999999999999998,55.0,35.125,12.125,13.5,24.5,100.0,80.0,6.4,7.371631,0.0,9.7,19.97777775,38.4,38.03333333333333,38.45,38.21666666666667,38.55,-10.479111086666665,0.1444444333333301,0.1933333333333315,9.255333333333336,9.751333333333331,19.896913576666662,9.305111111111112,6.671537,6.5498953,6.5624237,6.5669785,6.6508474,0,1.0,1,0.75,-0.66,14.1,85.9
2023-04-05 08:15:00,47.875029288892,0.0,0.0,19.97777775,9.751333333333331,38.55,0,5.1764362714980825,70.66250196097344,8,2,4,0.8660254037844387,-0.4999999999999998,0.9749279121818236,-0.2225209339563143,0.8660254037844387,-0.4999999999999998,69.25,48.625,17.895833333333332,13.225,24.775,100.0,80.75,7.050000000000001,7.6927423,0.0,10.225,19.788888906666667,38.78333333333333,38.4,38.03333333333333,38.45,39.15,-10.226444416666665,0.0499999966666671,0.3026666666666671,9.448666666666666,10.087333333333332,19.89629627444444,9.485111111111111,6.6508474,6.671537,6.5498953,6.5624237,6.68,1,2.0,1,0.5,-0.65,13.8,86.2
2023-04-05 08:30:00,133.957419305554,101.24067246111,101.263727088888,19.788888906666667,10.087333333333332,39.15,2,5.1764362714980825,70.66250196097344,8,2,4,0.8660254037844387,-0.4999999999999998,0.9749279121818236,-0.2225209339563143,0.8660254037844387,-0.4999999999999998,83.5,62.375,24.854166666666668,12.95,25.05,100.0,81.5,7.7,8.026012,0.0,10.75,19.9666667,38.55,38.78333333333333,38.4,38.03333333333333,39.2,-9.701555573333334,-0.1888888433333306,0.3360000000000003,9.751333333333331,10.303333333333336,19.898148136666663,9.762444444444446,6.68,6.6508474,6.671537,6.5498953,6.7585907,0,1.0,1,0.75,-0.69,15.0,85.0
2023-04-05 08:45:00,50.245490066668,14.609971144444,14.623026172222,19.9666667,10.303333333333336,39.2,1,5.1764362714980825,70.66250196097344,8,2,4,0.8660254037844387,-0.4999999999999998,0.9749279121818236,-0.2225209339563143,0.8660254037844387,-0.4999999999999998,97.75,76.375,33.0,12.675,25.325000000000003,100.0,82.25,8.35,8.371832,0.0,11.275,19.922222233333333,39.15,38.55,38.78333333333333,38.4,39.65,-9.663333366666668,0.177777793333334,0.216000000000001,10.087333333333332,10.844,19.911111118888893,10.047333333333334,6.7585907,6.68,6.6508474,6.671537,6.818402,0,1.0,1,0.75,-0.65,13.8,86.2
2023-04-05 09:00:00,63.34468836111,0.0,0.0,19.922222233333333,10.844,39.65,0,5.1764362714980825,70.66250196097344,9,2,4,0.7071067811865476,-0.7071067811865475,0.9749279121818236,-0.2225209339563143,0.8660254037844387,-0.4999999999999998,112.0,90.625,42.333333333333336,12.4,25.6,100.0,83.0,9.0,8.730604,0.0,11.8,19.71666669,39.2,39.15,38.55,38.78333333333333,40.75,-9.078222233333332,-0.0444444666666683,0.5406666666666649,10.303333333333336,11.463333333333331,19.89259261333333,10.411555555555555,6.818402,6.7585907,6.68,6.6508474,6.9235997,1,2.0,1,0.5,-0.65,14.0,86.0
2023-04-05 09:15:00,114.762076049998,76.689710055556,76.7094315,19.71666669,11.463333333333331,40.75,2,5.1764362714980825,70.66250196097344,9,2,4,0.7071067811865476,-0.7071067811865475,0.9749279121818236,-0.2225209339563143,0.8660254037844387,-0.4999999999999998,132.5,106.4375,53.333333333333336,13.6,29.200000000000003,100.0,81.25,9.225,8.858535,0.0,12.375,19.883333316666665,39.65,39.2,39.15,38.55,41.65,-8.253333356666667,-0.2055555433333324,0.6193333333333335,10.844,12.244,19.86851854111111,10.870222222222225,6.9235997,6.818402,6.7585907,6.68,7.1460257,0,1.0,1,0.75,-0.7,15.2,84.8
2023-04-05 09:30:00,59.5751169,26.620601783334,26.635601166668,19.883333316666665,12.244,41.65,1,5.1764362714980825,70.66250196097344,9,2,4,0.7071067811865476,-0.7071067811865475,0.9749279121818236,-0.2225209339563143,0.8660254037844387,-0.4999999999999998,153.0,123.8125,66.0,14.8,32.800000000000004,100.0,79.5,9.45,8.982681,0.0,12.95,19.90555556,40.75,39.65,39.2,39.15,42.75,-7.639333316666665,0.1666666266666645,0.7806666666666668,11.463333333333331,13.362666666666666,19.84074074666667,11.517111111111111,7.1460257,6.9235997,6.818402,6.7585907,7.344315,0,1.0,1,0.75,-0.65,13.9,86.1
2023-04-05 09:45:00,49.217753361114,0.0,0.0,19.90555556,13.362666666666666,42.75,0,5.1764362714980825,70.66250196097344,9,2,4,0.7071067811865476,-0.7071067811865475,0.9749279121818236,-0.2225209339563143,0.8660254037844387,-0.4999999999999998,173.5,142.75,80.33333333333333,16.0,36.4,100.0,77.75,9.675,9.102656,0.0,13.525,19.71296296333333,41.65,40.75,39.65,39.2,43.65,-6.542888893333334,0.022222243333335,1.118666666666666,12.244,14.526666666666667,19.83518518888889,12.356666666666667,7.344315,7.1460257,6.9235997,6.818402,7.414711,1,2.0,1,0.5,-0.64,13.6,86.4
2023-04-05 10:00:00,188.633010011108,0.0,0.0,19.71296296333333,14.526666666666667,43.65,0,5.1764362714980825,70.66250196097344,10,2,4,0.4999999999999999,-0.8660254037844387,0.9749279121818236,-0.2225209339563143,0.8660254037844387,-0.4999999999999998,194.0,163.25,96.33333333333331,17.2,40.0,100.0,76.0,9.9,9.218051,0.0,14.1,19.58333337,42.75,41.65,40.75,39.65,44.75,-5.186296296666665,-0.1925925966666675,1.1640000000000017,13.362666666666666,15.044,19.83395061333333,13.377777777777778,7.414711,7.344315,7.1460257,6.9235997,7.543923,0,2.0,0,0.5,-0.68,14.7,85.3
2023-04-05 10:15:00,53.13787448333,0.0,0.0,19.58333337,15.044,44.75,0,5.1764362714980825,70.66250196097344,10,2,4,0.4999999999999999,-0.8660254037844387,0.9749279121818236,-0.2225209339563143,0.8660254037844387,-0.4999999999999998,234.25,188.6875,114.58333333333331,17.8,41.075,100.0,74.25,10.125,9.328447,0.0,14.675,19.48333332,43.65,42.75,41.65,40.75,45.65,-4.539333369999998,-0.129629593333334,0.5173333333333332,14.526666666666667,15.404,19.73395063111111,14.311111111111112,7.543923,7.414711,7.344315,7.1460257,7.6505485,0,3.0,0,0.25,-0.71,15.5,84.5
2023-04-05 10:30:00,58.074899227774,0.0,0.0,19.48333332,15.404,45.65,0,5.1764362714980825,70.66250196097344,10,2,4,0.4999999999999999,-0.8660254037844387,0.9749279121818236,-0.2225209339563143,0.8660254037844387,-0.4999999999999998,274.5,219.0625,135.08333333333334,18.4,42.15,100.0,72.5,10.35,9.433396,0.0,15.25,19.4444444,44.75,43.65,42.75,41.65,46.4,-4.07933332,-0.1000000499999984,0.3599999999999994,15.044,16.13266666666667,19.593209884444445,14.991555555555555,7.6505485,7.543923,7.414711,7.344315,7.758478,0,4.0,0,0.0,-0.72,16.0,84.0
2023-04-05 10:45:00,50.135216661114,0.0,0.0,19.4444444,16.13266666666667,46.4,0,5.1764362714980825,70.66250196097344,10,2,4,0.4999999999999999,-0.8660254037844387,0.9749279121818236,-0.2225209339563143,0.8660254037844387,-0.4999999999999998,314.75,254.375,157.83333333333334,19.0,43.225,100.0,70.75,10.575,9.532439,0.0,15.825,19.48518517333333,45.65,44.75,43.65,42.75,46.78333333333333,-3.3117777333333294,-0.0388889200000015,0.728666666666669,15.404,17.057333333333336,19.503703696666665,15.526888888888893,7.758478,7.6505485,7.543923,7.414711,7.8413377,0,4.0,0,0.0,-0.73,16.2,83.8
2023-04-05 11:00:00,36.508817322224,0.0,0.0,19.48518517333333,17.057333333333336,46.78333333333333,0,5.1764362714980825,70.66250196097344,11,2,4,0.258819045102521,-0.9659258262890682,0.9749279121818236,-0.2225209339563143,0.8660254037844387,-0.4999999999999998,355.0,294.625,182.83333333333331,19.6,44.3,100.0,69.0,10.8,9.625101,0.0,16.4,19.69444444,46.4,45.65,44.75,43.65,46.45,-2.4278518399999958,0.0407407733333329,0.924666666666667,16.13266666666667,18.09,19.47098763111111,16.198000000000004,7.8413377,7.758478,7.6505485,7.543923,7.8817663,0,4.0,0,0.0,-0.72,15.8,84.2
2023-04-05 11:15:00,46.07037927778,0.0,0.0,19.69444444,18.09,46.45,0,5.1764362714980825,70.66250196097344,11,2,4,0.258819045102521,-0.9659258262890682,0.9749279121818236,-0.2225209339563143,0.8660254037844387,-0.4999999999999998,369.0,328.3125,207.8125,19.8,45.1,100.0,68.0,10.95,9.731189,0.0,16.825,20.011111096666664,46.78333333333333,46.4,45.65,44.75,46.03333333333333,-1.6044444399999982,0.2092592666666668,1.032666666666664,17.057333333333336,18.50733333333333,19.541358004444444,17.093333333333337,7.8817663,7.8413377,7.758478,7.6505485,7.9574304,0,4.0,0,0.0,-0.67,14.4,85.6
2023-04-05 11:30:00,74.15175597778,0.0,0.0,20.011111096666664,18.50733333333333,46.03333333333333,0,5.1764362714980825,70.66250196097344,11,2,4,0.258819045102521,-0.9659258262890682,0.9749279121818236,-0.2225209339563143,0.8660254037844387,-0.4999999999999998,383.0,355.4375,232.77083333333331,20.0,45.9,100.0,67.0,11.1,9.835473,0.0,17.25,20.255555580000003,46.45,46.78333333333333,46.4,45.65,46.05,-1.5037777633333285,0.3166666566666656,0.4173333333333353,18.09,18.86133333333333,19.73024690333333,17.88488888888889,7.9574304,7.8817663,7.8413377,7.758478,8.074957,0,4.0,0,0.0,-0.6,12.5,87.5
2023-04-05 11:45:00,616.4917281944461,0.0,0.0,20.255555580000003,18.86133333333333,46.05,0,5.1764362714980825,70.66250196097344,11,2,4,0.258819045102521,-0.9659258262890682,0.9749279121818236,-0.2225209339563143,0.8660254037844387,-0.4999999999999998,397.0,376.0,257.7083333333333,20.2,46.7,100.0,66.0,11.25,9.937813,0.0,17.675,20.401851843333336,46.03333333333333,46.45,46.78333333333333,46.4,46.46666666666667,-1.3942222466666685,0.2444444833333392,0.3539999999999992,18.50733333333333,19.026,19.98703703888889,18.486222222222224,8.074957,7.9574304,7.8817663,7.8413377,8.21794,0,4.0,0,0.0,-0.54,11.1,88.9
2023-04-05 12:00:00,150.722026411112,0.0,0.0,20.401851843333336,19.026,46.46666666666667,0,5.1764362714980825,70.66250196097344,12,2,4,1.2246467991473532e-16,-1.0,0.9749279121818236,-0.2225209339563143,0.8660254037844387,-0.4999999999999998,411.0,390.0,282.625,20.4,47.5,100.0,65.0,11.4,10.038053,0.0,18.1,20.5388889,46.05,46.03333333333333,46.45,46.78333333333333,47.25,-1.3758518433333364,0.1462962633333333,0.1646666666666654,18.86133333333333,19.447333333333333,20.22283950666667,18.798222222222225,8.21794,8.074957,7.9574304,7.8817663,8.423557,0,4.0,0,0.0,-0.5,10.3,89.7
2023-04-05 12:15:00,61.36504521667,0.0,0.0,20.5388889,19.447333333333333,47.25,0,5.1764362714980825,70.66250196097344,12,2,4,1.2246467991473532e-16,-1.0,0.9749279121818236,-0.2225209339563143,0.8660254037844387,-0.4999999999999998,398.25,397.3125,304.7708333333333,19.825,47.325,100.0,64.5,11.475,10.064918,0.0,18.275,20.772222216666663,46.46666666666667,46.05,46.03333333333333,46.45,48.15,-1.091555566666667,0.1370370566666636,0.4213333333333331,19.026,19.988,20.398765441111117,19.111555555555555,8.423557,8.21794,8.074957,7.9574304,8.701491,0,4.0,0,0.0,-0.47,9.6,90.4
2023-04-05 12:30:00,49.444688783334,0.0,0.0,20.772222216666663,19.988,48.15,0,5.1764362714980825,70.66250196097344,12,2,4,1.2246467991473532e-16,-1.0,0.9749279121818236,-0.2225209339563143,0.8660254037844387,-0.4999999999999998,385.5,397.9375,324.1458333333333,19.25,47.15,100.0,64.0,11.55,10.091102,0.0,18.450000000000003,20.98333334,47.25,46.46666666666667,46.05,46.03333333333333,48.45,-0.7842222166666666,0.2333333166666662,0.5406666666666666,19.447333333333333,20.59,20.570987653333333,19.48711111111111,8.701491,8.423557,8.21794,8.074957,8.863867,0,4.0,0,0.0,-0.41,8.4,91.6
2023-04-05 12:45:00,36.287714950006,0.0,0.0,20.98333334,20.59,48.45,0,5.1764362714980825,70.66250196097344,12,2,4,1.2246467991473532e-16,-1.0,0.9749279121818236,-0.2225209339563143,0.8660254037844387,-0.4999999999999998,372.75,391.875,340.75,18.675,46.975,100.0,63.5,11.625,10.116592,0.0,18.625,21.23703706,48.15,47.25,46.46666666666667,46.05,48.03333333333333,-0.3933333400000016,0.2111111233333353,0.6020000000000003,19.988,21.180666666666664,20.76481481888889,20.008444444444446,8.863867,8.701491,8.423557,8.21794,8.91802,0,4.0,0,0.0,-0.35,7.6,92.4
2023-04-05 13:00:00,47.256443016666,0.0,0.0,21.23703706,21.180666666666664,48.03333333333333,0,5.1764362714980825,70.66250196097344,13,2,4,-0.2588190451025208,-0.9659258262890684,0.9749279121818236,-0.2225209339563143,0.8660254037844387,-0.4999999999999998,360.0,379.125,354.5833333333333,18.1,46.8,100.0,63.0,11.7,10.141375,0.0,18.8,21.60555558,48.45,48.15,47.25,46.46666666666667,47.25,-0.056370393333335,0.2537037199999972,0.5906666666666638,20.59,21.37,20.997530872222224,20.586222222222226,8.91802,8.863867,8.701491,8.423557,8.961811,0,4.0,0,0.0,-0.3,6.8,93.2
2023-04-05 13:15:00,45.517068044448,0.0,0.0,21.60555558,21.37,47.25,0,5.1764362714980825,70.66250196097344,13,2,4,-0.2588190451025208,-0.9659258262890684,0.9749279121818236,-0.2225209339563143,0.8660254037844387,-0.4999999999999998,293.75,353.0,359.5416666666667,13.95,44.9,100.0,72.0,12.375,10.873617,1.475,17.725,21.914814823333334,48.03333333333333,48.45,48.15,47.25,46.53333333333333,-0.2355555799999997,0.368518520000002,0.1893333333333373,21.180666666666664,21.69066666666667,21.275308660000004,21.04688888888889,8.961811,8.91802,8.863867,8.701491,8.984951,0,4.0,0,0.0,-0.21,5.9,94.1
2023-04-05 13:30:00,52.141803094446,0.0,0.0,21.914814823333334,21.69066666666667,46.53333333333333,0,5.1764362714980825,70.66250196097344,13,2,4,-0.2588190451025208,-0.9659258262890684,0.9749279121818236,-0.2225209339563143,0.8660254037844387,-0.4999999999999998,227.5,313.5,355.625,9.8,43.0,100.0,81.0,13.05,11.470323,2.95,16.65,22.07777777,47.25,48.03333333333333,48.45,48.15,46.5,-0.224148156666665,0.309259243333333,0.3206666666666677,21.37,22.33933333333333,21.58580248777778,21.413777777777774,8.984951,8.961811,8.91802,8.863867,9.063267,0,4.0,0,0.0,-0.14,5.4,94.6
2023-04-05 13:45:00,49.055815488888,0.0,0.0,22.07777777,22.33933333333333,46.5,0,5.1764362714980825,70.66250196097344,13,2,4,-0.2588190451025208,-0.9659258262890684,0.9749279121818236,-0.2225209339563143,0.8660254037844387,-0.4999999999999998,161.25,260.625,342.8333333333333,5.65,41.1,100.0,90.0,13.725,11.943807,4.425000000000001,15.575,22.1111111,46.53333333333333,47.25,48.03333333333333,48.45,46.5,0.2615555633333315,0.1629629466666671,0.6486666666666636,21.69066666666667,22.284666666666663,21.866049391111115,21.8,9.063267,8.984951,8.961811,8.91802,9.080688,0,4.0,0,0.0,-0.1,5.2,94.8
2023-04-05 14:00:00,36.391044266668,0.0,0.0,22.1111111,22.284666666666663,46.5,0,5.1764362714980825,70.66250196097344,14,2,4,-0.4999999999999997,-0.8660254037844388,0.9749279121818236,-0.2225209339563143,0.8660254037844387,-0.4999999999999998,95.0,194.375,321.1666666666667,1.5,39.2,100.0,99.0,14.4,12.305603,5.9,14.5,22.07222225,46.5,46.53333333333333,47.25,48.03333333333333,46.5,0.1735555666666677,0.0333333299999978,-0.0546666666666659,22.33933333333333,22.41,22.034567897777777,22.10488888888889,9.080688,9.063267,8.984951,8.961811,9.060367,0,4.0,0,0.0,-0.1,5.2,94.8
2023-04-05 14:15:00,40.113395416666,0.0,0.0,22.07222225,22.41,46.5,0,5.1764362714980825,70.66250196097344,14,2,4,-0.4999999999999997,-0.8660254037844388,0.9749279121818236,-0.2225209339563143,0.8660254037844387,-0.4999999999999998,104.0,146.9375,299.0833333333333,5.725,38.400000000000006,100.0,97.0,14.375,12.29875,4.875,14.825,22.03518521333333,46.5,46.5,46.53333333333333,47.25,46.68333333333333,0.3377777500000007,-0.0388888499999993,0.1253333333333337,22.284666666666663,22.752,22.08703704,22.344666666666665,9.060367,9.080688,9.063267,8.984951,9.076696,0,4.0,0,0.0,-0.11,5.2,94.8
2023-04-05 14:30:00,62.339728711104,0.0,0.0,22.03518521333333,22.752,46.68333333333333,0,5.1764362714980825,70.66250196097344,14,2,4,-0.4999999999999997,-0.8660254037844388,0.9749279121818236,-0.2225209339563143,0.8660254037844387,-0.4999999999999998,113.0,118.3125,276.5833333333333,9.95,37.6,100.0,95.0,14.35,12.286051,3.85,15.15,21.90555556,46.5,46.5,46.5,46.53333333333333,47.05,0.7168147866666672,-0.0370370366666676,0.3419999999999987,22.41,22.726666666666667,22.07283952111111,22.48222222222222,9.076696,9.060367,9.080688,9.063267,9.079863,0,4.0,0,0.0,-0.11,5.3,94.7
2023-04-05 14:45:00,44.63765883889,0.0,0.0,21.90555556,22.726666666666667,47.05,0,5.1764362714980825,70.66250196097344,14,2,4,-0.4999999999999997,-0.8660254037844388,0.9749279121818236,-0.2225209339563143,0.8660254037844387,-0.4999999999999998,122.0,108.5,253.66666666666663,14.175,36.8,100.0,93.0,14.325,12.26729,2.825,15.475,21.67222222666667,46.68333333333333,46.5,46.5,46.5,47.46666666666667,0.8211111066666668,-0.1296296533333318,-0.0253333333333323,22.752,22.768,22.004321007777776,22.629555555555555,9.079863,9.076696,9.060367,9.080688,9.037675,0,4.0,0,0.0,-0.14,5.4,94.6
2023-04-05 15:00:00,329.573483166668,0.0,0.0,21.67222222666667,22.768,47.46666666666667,0,5.1764362714980825,70.66250196097344,15,2,4,-0.7071067811865471,-0.7071067811865479,0.9749279121818236,-0.2225209339563143,0.8660254037844387,-0.4999999999999998,131.0,117.5,230.33333333333331,18.4,36.0,100.0,91.0,14.3,12.242273,1.8,15.8,21.46666665,47.05,46.68333333333333,46.5,46.5,47.95,1.095777773333328,-0.2333333333333307,0.0413333333333305,22.726666666666667,22.652,21.870987666666668,22.74888888888889,9.037675,9.079863,9.076696,9.060367,9.02179,0,4.0,0,0.0,-0.2,5.8,94.2
2023-04-05 15:15:00,44.003239683338,0.0,0.0,21.46666665,22.652,47.95,0,5.1764362714980825,70.66250196097344,15,2,4,-0.7071067811865471,-0.7071067811865479,0.9749279121818236,-0.2225209339563143,0.8660254037844387,-0.4999999999999998,128.25,123.5625,207.83333333333331,20.175,39.775,100.0,90.5,14.425,12.341808,1.5,16.025,21.27962962,47.46666666666667,47.05,46.68333333333333,46.5,49.11666666666667,1.1853333500000005,-0.2055555766666721,-0.1159999999999996,22.768,22.014,21.681481478888887,22.715555555555557,9.02179,9.037675,9.079863,9.076696,9.141703,0,4.0,0,0.0,-0.24,6.2,93.8
2023-04-05 15:30:00,53.970618788892,0.0,0.0,21.27962962,22.014,49.11666666666667,0,5.1764362714980825,70.66250196097344,15,2,4,-0.7071067811865471,-0.7071067811865479,0.9749279121818236,-0.2225209339563143,0.8660254037844387,-0.4999999999999998,125.5,126.6875,186.16666666666663,21.95,43.55,100.0,90.0,14.55,12.441474,1.2,16.25,21.04444445,47.95,47.46666666666667,47.05,46.68333333333333,49.9,0.7343703800000014,-0.187037029999999,-0.6379999999999981,22.652,21.72266666666667,21.472839498888888,22.478,9.141703,9.02179,9.037675,9.079863,9.161611,0,4.0,0,0.0,-0.28,6.6,93.4
2023-04-05 15:45:00,50.992960183334,0.0,0.0,21.04444445,21.72266666666667,49.9,0,5.1764362714980825,70.66250196097344,15,2,4,-0.7071067811865471,-0.7071067811865479,0.9749279121818236,-0.2225209339563143,0.8660254037844387,-0.4999999999999998,122.75,126.875,165.33333333333334,23.725,47.325,100.0,89.5,14.675,12.541252,0.8999999999999999,16.475,20.948148106666665,49.11666666666667,47.95,47.46666666666667,47.05,50.46666666666667,0.6782222166666685,-0.2351851699999976,-0.2913333333333305,22.014,21.723333333333336,21.26358024,22.129555555555555,9.161611,9.141703,9.02179,9.037675,9.213952,0,4.0,0,0.0,-0.33,7.3,92.7
2023-04-05 16:00:00,41.955821650002,0.0,0.0,20.948148106666665,21.723333333333336,50.46666666666667,0,5.1764362714980825,70.66250196097344,16,2,4,-0.8660254037844385,-0.5000000000000004,0.9749279121818236,-0.2225209339563143,0.8660254037844387,-0.4999999999999998,120.0,124.125,145.33333333333334,25.5,51.1,100.0,89.0,14.8,12.641131,0.6,16.7,20.90555555,49.9,49.11666666666667,47.95,47.46666666666667,50.5,0.7751852266666717,-0.0962963433333357,0.0006666666666674,21.72266666666667,21.78533333333333,21.09074072555556,21.820000000000004,9.213952,9.161611,9.141703,9.02179,9.197237,0,4.0,0,0.0,-0.35,7.6,92.4
2023-04-05 16:15:00,41.915267788888,0.0,0.0,20.90555555,21.78533333333333,50.5,0,5.1764362714980825,70.66250196097344,16,2,4,-0.8660254037844385,-0.5000000000000004,0.9749279121818236,-0.2225209339563143,0.8660254037844387,-0.4999999999999998,118.0,121.5625,130.6875,26.725,54.25,100.0,86.25,14.575,12.435805,0.4499999999999999,16.95,20.86851851333333,50.46666666666667,49.9,49.11666666666667,47.95,50.5,0.8797777833333313,-0.0425925566666656,0.061999999999994,21.723333333333336,21.976666666666667,20.96604936888889,21.74377777777778,9.197237,9.213952,9.161611,9.141703,9.177447,0,4.0,0,0.0,-0.36,7.7,92.3
2023-04-05 16:30:00,47.50365527778,0.0,0.0,20.86851851333333,21.976666666666667,50.5,0,5.1764362714980825,70.66250196097344,16,2,4,-0.8660254037844385,-0.5000000000000004,0.9749279121818236,-0.2225209339563143,0.8660254037844387,-0.4999999999999998,116.0,119.1875,121.39583333333331,27.95,57.400000000000006,100.0,83.5,14.35,12.221014,0.3,17.2,20.74444442,50.5,50.46666666666667,49.9,49.11666666666667,50.95,1.1081481533333315,-0.0370370366666641,0.1913333333333362,21.78533333333333,21.88266666666667,20.90740739,21.828444444444443,9.177447,9.197237,9.213952,9.161611,9.192617,0,4.0,0,0.0,-0.37,7.8,92.2
2023-04-05 16:45:00,55.710271433336,0.0,0.0,20.74444442,21.88266666666667,50.95,0,5.1764362714980825,70.66250196097344,16,2,4,-0.8660254037844385,-0.5000000000000004,0.9749279121818236,-0.2225209339563143,0.8660254037844387,-0.4999999999999998,114.0,117.0,117.45833333333331,29.175,60.55,100.0,80.75,14.125,11.996552,0.1499999999999999,17.45,20.598148156666664,50.5,50.5,50.46666666666667,49.9,52.3,1.1382222466666718,-0.1240740933333377,-0.0939999999999976,21.976666666666667,20.886000000000003,20.839506161111117,21.881555555555558,9.192617,9.177447,9.197237,9.213952,9.356117,0,4.0,0,0.0,-0.4,8.3,91.7
2023-04-05 17:00:00,48.14418523889,0.0,0.0,20.598148156666664,20.886000000000003,52.3,0,5.1764362714980825,70.66250196097344,17,2,4,-0.9659258262890684,-0.2588190451025206,0.9749279121818236,-0.2225209339563143,0.8660254037844387,-0.4999999999999998,112.0,115.0,118.875,30.4,63.7,100.0,78.0,13.9,11.762206,0.0,17.7,20.47222221,50.95,50.5,50.5,50.46666666666667,53.75,0.287851843333339,-0.1462962633333333,-0.996666666666666,21.88266666666667,19.22133333333333,20.73703703,21.581777777777777,9.356117,9.192617,9.177447,9.197237,9.545162,0,4.0,0,0.0,-0.42,8.7,91.3
2023-04-05 17:15:00,36.299381366664,0.0,0.0,20.47222221,19.22133333333333,53.75,0,5.1764362714980825,70.66250196097344,17,2,4,-0.9659258262890684,-0.2588190451025206,0.9749279121818236,-0.2225209339563143,0.8660254037844387,-0.4999999999999998,129.25,117.8125,120.97916666666669,29.65,64.075,100.0,76.5,13.675,11.604977,0.0,17.8,20.37222221333333,52.3,50.95,50.5,50.5,54.65,-1.2508888766666644,-0.1259259466666655,-1.664666666666669,20.886000000000003,19.01066666666667,20.60493826222222,20.663333333333338,9.545162,9.356117,9.192617,9.177447,9.648512,0,4.0,0,0.0,-0.45,9.1,90.9
2023-04-05 17:30:00,40.1633934,0.0,0.0,20.37222221333333,19.01066666666667,54.65,0,5.1764362714980825,70.66250196097344,17,2,4,-0.9659258262890684,-0.2588190451025206,0.9749279121818236,-0.2225209339563143,0.8660254037844387,-0.4999999999999998,146.5,125.4375,123.77083333333331,28.9,64.45,100.0,75.0,13.45,11.44539,0.0,17.9,20.29444445,53.75,52.3,50.95,50.5,55.45,-1.3615555466666611,-0.0999999966666678,-0.2106666666666647,19.22133333333333,19.31733333333333,20.48086419333333,19.706000000000003,9.648512,9.545162,9.356117,9.192617,9.745384,0,4.0,0,0.0,-0.46,9.5,90.5
2023-04-05 17:45:00,62.1133487,0.0,0.0,20.29444445,19.31733333333333,55.45,0,5.1764362714980825,70.66250196097344,17,2,4,-0.9659258262890684,-0.2588190451025206,0.9749279121818236,-0.2225209339563143,0.8660254037844387,-0.4999999999999998,163.75,137.875,127.25,28.15,64.825,100.0,73.5,13.225,11.283428,0.0,18.0,20.257407413333333,54.65,53.75,52.3,50.95,56.8,-0.9771111166666664,-0.07777776333333,0.3066666666666648,19.01066666666667,19.162666666666667,20.379629624444444,19.183111111111117,9.745384,9.648512,9.545162,9.356117,9.961066,0,4.0,0,0.0,-0.48,9.8,90.2
2023-04-05 18:00:00,43.08216547778,0.0,0.0,20.257407413333333,19.162666666666667,56.8,0,5.1764362714980825,70.66250196097344,18,2,4,-1.0,-1.8369701987210294e-16,0.9749279121818236,-0.2225209339563143,0.8660254037844387,-0.4999999999999998,181.0,155.125,131.41666666666666,27.4,65.2,100.0,72.0,13.0,11.119075,0.0,18.1,20.20000001,55.45,54.65,53.75,52.3,57.35,-1.094740746666666,-0.0370370366666676,-0.1546666666666674,19.31733333333333,18.466,20.308024692222222,19.16355555555556,9.961066,9.745384,9.648512,9.545162,10.023828,0,4.0,0,0.0,-0.48,9.8,90.2
2023-04-05 18:15:00,91.407176850002,59.0509712,59.0684705,20.20000001,18.466,57.35,1,5.1764362714980825,70.66250196097344,18,2,4,-1.0,-1.8369701987210294e-16,0.9749279121818236,-0.2225209339563143,0.8660254037844387,-0.4999999999999998,140.5,157.9375,132.4375,25.85,63.650000000000006,100.0,78.75,13.425,11.594988,0.575,17.3,20.40370370333333,56.8,55.45,54.65,53.75,56.1,-1.734000009999999,-0.0574074033333324,-0.6966666666666654,19.162666666666667,18.26333333333333,20.250617291111112,18.982,10.023828,9.961066,9.745384,9.648512,9.922731,0,3.0,1,0.25,-0.49,10.0,90.0
2023-04-05 18:30:00,82.775855483334,39.392590933332,39.407590349998,20.40370370333333,18.26333333333333,56.1,1,5.1764362714980825,70.66250196097344,18,2,4,-1.0,-1.8369701987210294e-16,0.9749279121818236,-0.2225209339563143,0.8660254037844387,-0.4999999999999998,100.0,146.3125,130.3125,24.3,62.1,100.0,85.5,13.85,11.998795,1.15,16.5,20.54444448,57.35,56.8,55.45,54.65,56.45,-2.140370370000003,0.2037036933333347,-0.2026666666666692,18.466,18.168666666666663,20.287037042222224,18.630666666666663,9.922731,10.023828,9.961066,9.745384,10.066962,0,2.0,0,0.5,-0.45,9.2,90.8
2023-04-05 18:45:00,55.497502194446,0.0,0.0,20.54444448,18.168666666666663,56.45,0,5.1764362714980825,70.66250196097344,18,2,4,-1.0,-1.8369701987210294e-16,0.9749279121818236,-0.2225209339563143,0.8660254037844387,-0.4999999999999998,59.5,120.25,125.04166666666669,22.75,60.55,100.0,92.25,14.275,12.335506,1.725,15.7,20.45185181333333,56.1,57.35,56.8,55.45,57.8,-2.375777813333336,0.1407407766666644,-0.0946666666666686,18.26333333333333,18.37333333333333,20.382716064444445,18.299333333333333,10.066962,9.922731,10.023828,9.961066,10.252189,1,2.0,1,0.5,-0.41,8.5,91.5
2023-04-05 19:00:00,66.47595193889,0.0,0.0,20.45185181333333,18.37333333333333,57.8,0,5.1764362714980825,70.66250196097344,19,2,4,-0.9659258262890684,0.2588190451025203,0.9749279121818236,-0.2225209339563143,0.8660254037844387,-0.4999999999999998,19.0,79.75,116.625,21.2,59.0,100.0,99.0,14.7,12.609878,2.3,14.9,20.39999999,56.45,56.1,57.35,56.8,58.9,-2.07851848,-0.0925926666666647,0.2046666666666716,18.168666666666663,18.108,20.46666666555556,18.268444444444444,10.252189,10.066962,9.922731,10.023828,10.415731,0,2.0,0,0.5,-0.43,8.8,91.2
2023-04-05 19:15:00,66.214851349998,0.0,0.0,20.39999999,18.108,58.9,0,5.1764362714980825,70.66250196097344,19,2,4,-0.9659258262890684,0.2588190451025203,0.9749279121818236,-0.2225209339563143,0.8660254037844387,-0.4999999999999998,14.5,48.25,108.0,18.35,56.95,100.0,98.25,14.575,12.495289,2.5,14.875,20.316666656666666,57.8,56.45,56.1,57.35,59.65,-2.2919999900000008,-0.0518518233333331,-0.2653333333333343,18.37333333333333,17.876666666666665,20.46543209444445,18.216666666666665,10.415731,10.252189,10.066962,9.922731,10.497156,0,3.0,0,0.25,-0.43,8.9,91.1
2023-04-05 19:30:00,68.23588162222,0.0,0.0,20.316666656666666,17.876666666666665,59.65,0,5.1764362714980825,70.66250196097344,19,2,4,-0.9659258262890684,0.2588190451025203,0.9749279121818236,-0.2225209339563143,0.8660254037844387,-0.4999999999999998,10.0,25.75,99.16666666666669,15.5,54.9,100.0,97.5,14.45,12.381014,2.7,14.85,20.2777778,58.9,57.8,56.45,56.1,60.05,-2.4399999900000005,-0.0833333333333357,-0.2313333333333354,18.108,17.805999999999997,20.389506153333336,18.119333333333334,10.497156,10.415731,10.252189,10.066962,10.543567,0,4.0,0,0.0,-0.45,9.2,90.8
2023-04-05 19:45:00,60.672295361106,0.0,0.0,20.2777778,17.805999999999997,60.05,0,5.1764362714980825,70.66250196097344,19,2,4,-0.9659258262890684,0.2588190451025203,0.9749279121818236,-0.2225209339563143,0.8660254037844387,-0.4999999999999998,5.5,12.25,90.125,12.65,52.85,100.0,96.75,14.325,12.267051,2.9,14.825,20.2777778,59.65,58.9,57.8,56.45,60.46666666666667,-2.4717778000000017,-0.0388888566666665,-0.0706666666666677,17.876666666666665,17.615333333333336,20.33148148222222,17.930222222222223,10.543567,10.497156,10.415731,10.252189,10.616724,0,4.0,0,0.0,-0.46,9.3,90.7
2023-04-05 20:00:00,362.031629105562,0.0,0.0,20.2777778,17.615333333333336,60.46666666666667,0,5.1764362714980825,70.66250196097344,20,2,4,-0.8660254037844386,0.5000000000000001,0.9749279121818236,-0.2225209339563143,0.8660254037844387,-0.4999999999999998,1.0,7.75,80.875,9.8,50.8,100.0,96.0,14.2,12.15341,3.1,14.8,20.27222224,60.05,59.65,58.9,57.8,60.85,-2.662444466666664,0.0,-0.1906666666666616,17.805999999999997,17.468,20.290740752222224,17.766000000000002,10.616724,10.543567,10.497156,10.415731,10.680562,0,4.0,0,0.0,-0.45,9.3,90.7
2023-04-05 20:15:00,77.73355728333,0.0,0.0,20.27222224,17.468,60.85,0,5.1764362714980825,70.66250196097344,20,2,4,-0.8660254037844386,0.5000000000000001,0.9749279121818236,-0.2225209339563143,0.8660254037844387,-0.4999999999999998,0.75,4.3125,70.16666666666667,10.225,44.675,100.0,97.0,14.225,12.186659,3.125,14.675,20.225925906666667,60.46666666666667,60.05,59.65,58.9,61.18333333333333,-2.8042222400000014,-0.0055555599999976,-0.1473333333333357,17.615333333333336,17.412666666666667,20.27592594666667,17.62977777777778,10.680562,10.616724,10.543567,10.497156,10.710051,0,4.0,0,0.0,-0.45,9.3,90.7
2023-04-05 20:30:00,57.84990816111,0.0,0.0,20.225925906666667,17.412666666666667,61.18333333333333,0,5.1764362714980825,70.66250196097344,20,2,4,-0.8660254037844386,0.5000000000000001,0.9749279121818236,-0.2225209339563143,0.8660254037844387,-0.4999999999999998,0.5,1.9375,58.0,10.65,38.55,100.0,98.0,14.25,12.218605,3.1500000000000004,14.55,20.2222222,60.85,60.46666666666667,60.05,59.65,61.5,-2.8132592400000007,-0.0462963333333341,-0.0553333333333334,17.468,17.263333333333332,20.258641982222223,17.49866666666667,10.710051,10.680562,10.616724,10.543567,10.763151,0,4.0,0,0.0,-0.46,9.5,90.5
2023-04-05 20:45:00,60.564521722224,0.0,0.0,20.2222222,17.263333333333332,61.5,0,5.1764362714980825,70.66250196097344,20,2,4,-0.8660254037844386,0.5000000000000001,0.9749279121818236,-0.2225209339563143,0.8660254037844387,-0.4999999999999998,0.25,0.625,44.375,11.075,32.425,100.0,99.0,14.275,12.249268,3.1750000000000003,14.425,20.2222222,61.18333333333333,60.85,60.46666666666667,60.05,61.5,-2.958888866666669,-0.0037037066666663,-0.1493333333333346,17.412666666666667,17.272000000000002,20.24012344888889,17.381333333333334,10.763151,10.710051,10.680562,10.616724,10.763151,0,4.0,0,0.0,-0.46,9.4,90.6
2023-04-05 21:00:00,64.70630056111,0.0,0.0,20.2222222,17.272000000000002,61.5,0,5.1764362714980825,70.66250196097344,21,2,4,-0.7071067811865477,0.7071067811865474,0.9749279121818236,-0.2225209339563143,0.8660254037844387,-0.4999999999999998,0.0,0.375,29.291666666666668,11.5,26.3,100.0,100.0,14.3,12.27866,3.2,14.3,20.2222222,61.5,61.18333333333333,60.85,60.46666666666667,61.55,-2.950222199999999,0.0,0.0086666666666701,17.263333333333332,17.420666666666666,20.22345676888889,17.316,10.763151,10.763151,10.710051,10.680562,10.771901,0,4.0,0,0.0,-0.46,9.4,90.6
2023-04-05 21:15:00,87.331228927774,0.0,0.0,20.2222222,17.420666666666666,61.55,0,5.1764362714980825,70.66250196097344,21,2,4,-0.7071067811865477,0.7071067811865474,0.9749279121818236,-0.2225209339563143,0.8660254037844387,-0.4999999999999998,0.0,0.1875,17.583333333333332,12.25,28.825,100.0,99.75,14.325,12.285525,2.7750000000000004,14.35,20.2222222,61.5,61.5,61.18333333333333,60.85,61.96666666666667,-2.8015555333333357,0.0,0.1486666666666636,17.272000000000002,17.57333333333333,20.2222222,17.31866666666667,10.771901,10.763151,10.763151,10.710051,10.844824,0,4.0,0,0.0,-0.46,9.4,90.6
2023-04-05 21:30:00,79.914303366664,0.0,0.0,20.2222222,17.57333333333333,61.96666666666667,0,5.1764362714980825,70.66250196097344,21,2,4,-0.7071067811865477,0.7071067811865474,0.9749279121818236,-0.2225209339563143,0.8660254037844387,-0.4999999999999998,0.0,0.0625,9.25,13.0,31.35,100.0,99.5,14.35,12.292307,2.35,14.4,20.18333335,61.55,61.5,61.5,61.18333333333333,62.0,-2.6488888666666703,0.0,0.1526666666666649,17.420666666666666,17.646,20.2222222,17.421999999999997,10.844824,10.771901,10.763151,10.763151,10.826017,0,4.0,0,0.0,-0.46,9.4,90.6
2023-04-05 21:45:00,658.432550627774,0.0,0.0,20.18333335,17.646,62.0,0,5.1764362714980825,70.66250196097344,21,2,4,-0.7071067811865477,0.7071067811865474,0.9749279121818236,-0.2225209339563143,0.8660254037844387,-0.4999999999999998,0.0,0.0,4.291666666666667,13.75,33.875,100.0,99.25,14.375,12.298998,1.925,14.45,20.14629631333333,61.96666666666667,61.55,61.5,61.5,62.0,-2.537333350000001,-0.0388888499999993,0.0726666666666702,17.57333333333333,17.531333333333333,20.20925925,17.546666666666667,10.826017,10.844824,10.771901,10.763151,10.80259,0,4.0,0,0.0,-0.47,9.6,90.4
2023-04-05 22:00:00,65.948195233336,0.0,0.0,20.14629631333333,17.531333333333333,62.0,0,5.1764362714980825,70.66250196097344,22,2,4,-0.5000000000000004,0.8660254037844384,0.9749279121818236,-0.2225209339563143,0.8660254037844387,-0.4999999999999998,0.0,0.0,2.708333333333333,14.5,36.4,100.0,99.0,14.4,12.305603,1.5,14.5,20.1111111,62.0,61.96666666666667,61.55,61.5,62.0,-2.6149629800000014,-0.0370370366666676,-0.1146666666666682,17.646,17.274,20.183950621111112,17.583555555555556,10.80259,10.826017,10.844824,10.771901,10.780379,0,4.0,0,0.0,-0.48,9.7,90.3
2023-04-05 22:15:00,69.841095094446,0.0,0.0,20.1111111,17.274,62.0,0,5.1764362714980825,70.66250196097344,22,2,4,-0.5000000000000004,0.8660254037844384,0.9749279121818236,-0.2225209339563143,0.8660254037844387,-0.4999999999999998,0.0,0.0,1.5,14.7,37.825,100.0,99.25,14.3,12.24267,1.5,14.375,20.09074075,62.0,62.0,61.96666666666667,61.55,62.0,-2.8371110999999978,-0.0351852133333352,-0.2573333333333316,17.531333333333333,17.012,20.146913587777775,17.483777777777778,10.780379,10.80259,10.826017,10.844824,10.76754,0,4.0,0,0.0,-0.48,9.9,90.1
2023-04-05 22:30:00,61.636978822224,0.0,0.0,20.09074075,17.012,62.0,0,5.1764362714980825,70.66250196097344,22,2,4,-0.5000000000000004,0.8660254037844384,0.9749279121818236,-0.2225209339563143,0.8660254037844387,-0.4999999999999998,0.0,0.0,0.6666666666666666,14.9,39.25,100.0,99.5,14.2,12.179891,1.5,14.25,20.0555556,62.0,62.0,62.0,61.96666666666667,62.0,-3.078740750000001,-0.0203703499999967,-0.2620000000000004,17.274,16.915333333333333,20.11604938777778,17.272444444444446,10.76754,10.780379,10.80259,10.826017,10.745389,0,4.0,0,0.0,-0.49,10.0,90.0
2023-04-05 22:45:00,60.064541872218,0.0,0.0,20.0555556,16.915333333333333,62.0,0,5.1764362714980825,70.66250196097344,22,2,4,-0.5000000000000004,0.8660254037844384,0.9749279121818236,-0.2225209339563143,0.8660254037844387,-0.4999999999999998,0.0,0.0,0.2083333333333333,15.1,40.675,100.0,99.75,14.1,12.117265,1.5,14.125,20.03518521333333,62.0,62.0,62.0,62.0,62.0,-3.140222266666669,-0.0351851500000002,-0.0966666666666675,17.012,16.903333333333332,20.08580248333333,17.067111111111114,10.745389,10.76754,10.780379,10.80259,10.732584,0,4.0,0,0.0,-0.5,10.2,89.8
2023-04-05 23:00:00,52.890106511112,0.0,0.0,20.03518521333333,16.903333333333332,62.0,0,5.1764362714980825,70.66250196097344,23,2,4,-0.2588190451025215,0.965925826289068,0.9749279121818236,-0.2225209339563143,0.8660254037844387,-0.4999999999999998,0.0,0.0,0.125,15.3,42.1,100.0,100.0,14.0,12.054792,1.5,14.0,19.96111108,62.0,62.0,62.0,62.0,62.0,-3.1318518799999997,-0.02037038666667,-0.0120000000000004,16.915333333333333,16.850666666666665,20.060493854444445,16.943555555555555,10.732584,10.745389,10.76754,10.780379,10.686128,0,4.0,0,0.0,-0.5,10.3,89.7
2023-04-05 23:15:00,72.37821588888801,0.0,0.0,19.96111108,16.850666666666665,62.0,0,5.1764362714980825,70.66250196097344,23,2,4,-0.2588190451025215,0.965925826289068,0.9749279121818236,-0.2225209339563143,0.8660254037844387,-0.4999999999999998,0.0,0.0,0.0625,15.35,42.1,100.0,100.0,14.0,12.073312,1.65,14.025,19.9444444,62.0,62.0,62.0,62.0,62.0,-3.1104444133333367,-0.0740741333333296,-0.052666666666667,16.903333333333332,16.790000000000003,20.01728396444445,16.889777777777777,10.686128,10.732584,10.745389,10.76754,10.675699,0,4.0,0,0.0,-0.52,10.6,89.4
2023-04-05 23:30:00,65.37460707778,0.0,0.0,19.9444444,16.790000000000003,62.0,0,5.1764362714980825,70.66250196097344,23,2,4,-0.2588190451025215,0.965925826289068,0.9749279121818236,-0.2225209339563143,0.8660254037844387,-0.4999999999999998,0.0,0.0,0.0208333333333333,15.4,42.1,100.0,100.0,14.0,12.091857,1.8,14.05,19.9444444,62.0,62.0,62.0,62.0,62.0,-3.154444399999996,-0.0166666800000037,-0.0606666666666626,16.850666666666665,16.756,19.98024689777778,16.848,10.675699,10.686128,10.732584,10.745389,10.675699,0,4.0,0,0.0,-0.52,10.7,89.3
2023-04-05 23:45:00,72.428213855556,27.319184972222,27.331684505554,19.9444444,16.756,62.0,1,5.1764362714980825,70.66250196097344,23,2,4,-0.2588190451025215,0.965925826289068,0.9749279121818236,-0.2225209339563143,0.8660254037844387,-0.4999999999999998,0.0,0.0,0.0,15.45,42.1,100.0,100.0,14.0,12.110421,1.95,14.075,20.066666646666665,62.0,62.0,62.0,62.0,61.81666666666667,-3.188444399999998,0.0,-0.0340000000000024,16.790000000000003,16.588,19.94999996,16.79888888888889,10.675699,10.675699,10.686128,10.732584,10.720584,0,3.0,1,0.25,-0.52,10.7,89.3
2023-04-06 00:00:00,95.45423726111,51.143231972222,51.157120316666,20.066666646666665,16.588,61.81666666666667,1,5.1764362714980825,70.66250196097344,0,3,4,0.0,1.0,0.4338837391175582,-0.900968867902419,0.8660254037844387,-0.4999999999999998,0.0,0.0,0.0,15.5,42.1,100.0,100.0,14.0,12.129016,2.1,14.1,20.30555554,62.0,62.0,62.0,62.0,61.5,-3.478666646666664,0.1222222466666664,-0.1679999999999992,16.756,16.467333333333332,19.98518514888889,16.711333333333336,10.720584,10.675699,10.675699,10.686128,10.815696,0,2.0,0,0.5,-0.49,10.1,89.9
2023-04-06 00:15:00,49.347748377772,0.0,0.0,20.30555554,16.467333333333332,61.5,0,5.1764362714980825,70.66250196097344,0,3,4,0.0,1.0,0.4338837391175582,-0.900968867902419,0.8660254037844387,-0.4999999999999998,0.0,0.0,0.0,15.175,39.4,100.0,98.25,13.95,12.063784,1.625,14.3,20.209259256666662,61.81666666666667,62.0,62.0,62.0,61.5,-3.838222206666668,0.2388888933333355,-0.1206666666666684,16.588,16.342,20.10555552888889,16.60377777777778,10.815696,10.720584,10.675699,10.675699,10.754999,1,2.0,1,0.5,-0.44,9.1,90.9
2023-04-06 00:30:00,99.6768461,0.0,0.0,20.209259256666662,16.342,61.5,0,5.1764362714980825,70.66250196097344,0,3,4,0.0,1.0,0.4338837391175582,-0.900968867902419,0.8660254037844387,-0.4999999999999998,0.0,0.0,0.0,14.85,36.7,100.0,96.5,13.9,11.994855,1.15,14.5,20.12222223,61.5,61.81666666666667,62.0,62.0,61.5,-3.8672592566666673,-0.0962962833333342,-0.1253333333333337,16.467333333333332,16.32333333333333,20.193827147777775,16.465777777777777,10.754999,10.815696,10.720584,10.675699,10.700396,0,2.0,0,0.5,-0.46,9.5,90.5
2023-04-06 00:45:00,135.3429194,0.0,0.0,20.12222223,16.32333333333333,61.5,0,5.1764362714980825,70.66250196097344,0,3,4,0.0,1.0,0.4338837391175582,-0.900968867902419,0.8660254037844387,-0.4999999999999998,0.0,0.0,0.0,14.525,34.0,100.0,94.75,13.85,11.922165,0.6749999999999998,14.7,20.0592593,61.5,61.5,61.81666666666667,62.0,61.5,-3.798888896666668,-0.0870370266666675,-0.0186666666666681,16.342,16.481333333333332,20.21234567555556,16.377555555555556,10.700396,10.754999,10.815696,10.720584,10.661043,0,3.0,0,0.25,-0.48,9.9,90.1
2023-04-06 01:00:00,131.10836653889,0.0,0.0,20.0592593,16.481333333333332,61.5,0,5.1764362714980825,70.66250196097344,1,3,4,0.2588190451025207,0.9659258262890684,0.4338837391175582,-0.900968867902419,0.8660254037844387,-0.4999999999999998,0.0,0.0,0.0,14.2,31.3,100.0,93.0,13.8,11.845643,0.2,14.9,20.01111112,61.5,61.5,61.5,61.81666666666667,61.15,-3.577925966666669,-0.0629629299999976,0.1580000000000012,16.32333333333333,16.550666666666665,20.13024692888889,16.38222222222222,10.661043,10.700396,10.754999,10.815696,10.570534,0,4.0,0,0.0,-0.5,10.2,89.8
2023-04-06 01:15:00,367.874173461106,0.0,0.0,20.01111112,16.550666666666665,61.15,0,5.1764362714980825,70.66250196097344,1,3,4,0.2588190451025207,0.9659258262890684,0.4338837391175582,-0.900968867902419,0.8660254037844387,-0.4999999999999998,0.0,0.0,0.0,15.25,32.375,100.0,93.25,13.975,11.968306,0.15,15.025,19.948148106666665,61.5,61.5,61.5,61.5,61.0,-3.460444453333338,-0.0481481799999983,0.0693333333333328,16.481333333333332,16.529999999999998,20.06419755,16.451777777777778,10.570534,10.661043,10.700396,10.754999,10.505794,0,4.0,0,0.0,-0.51,10.5,89.5
2023-04-06 01:30:00,76.43583136111,0.0,0.0,19.948148106666665,16.529999999999998,61.0,0,5.1764362714980825,70.66250196097344,1,3,4,0.2588190451025207,0.9659258262890684,0.4338837391175582,-0.900968867902419,0.8660254037844387,-0.4999999999999998,0.0,0.0,0.0,16.299999999999997,33.45,100.0,93.5,14.15,12.09206,0.1,15.15,19.90555555,61.15,61.5,61.5,61.5,61.0,-3.418148106666667,-0.0629630133333378,-0.020666666666667,16.550666666666665,16.324666666666666,20.006172842222224,16.520666666666664,10.505794,10.570534,10.661043,10.700396,10.479608,0,4.0,0,0.0,-0.53,10.8,89.2
2023-04-06 01:45:00,63.545235788892,0.0,0.0,19.90555555,16.324666666666666,61.0,0,5.1764362714980825,70.66250196097344,1,3,4,0.2588190451025207,0.9659258262890684,0.4338837391175582,-0.900968867902419,0.8660254037844387,-0.4999999999999998,0.0,0.0,0.0,17.349999999999998,34.525,100.0,93.75,14.325,12.21691,0.0499999999999999,15.275,19.8888889,61.0,61.15,61.5,61.5,60.81666666666667,-3.580888883333333,-0.0425925566666656,-0.205333333333332,16.529999999999998,16.188000000000002,19.95493825888889,16.46844444444444,10.479608,10.505794,10.570534,10.661043,10.437911,0,4.0,0,0.0,-0.54,11.1,88.9
2023-04-06 02:00:00,61.501706450002,0.0,0.0,19.8888889,16.188000000000002,60.81666666666667,0,5.1764362714980825,70.66250196097344,2,3,4,0.4999999999999999,0.8660254037844387,0.4338837391175582,-0.900968867902419,0.8660254037844387,-0.4999999999999998,0.0,0.0,0.0,18.4,35.6,100.0,94.0,14.5,12.34287,0.0,15.4,19.91666668,61.0,61.0,61.15,61.5,60.4,-3.700888899999999,-0.0166666499999976,-0.1366666666666631,16.324666666666666,16.328666666666667,19.914197518888887,16.347555555555555,10.437911,10.479608,10.505794,10.570534,10.383288,0,4.0,0,0.0,-0.54,11.2,88.8
2023-04-06 02:15:00,148.892099727774,82.803909927778,82.820575977776,19.91666668,16.328666666666667,60.4,2,5.1764362714980825,70.66250196097344,2,3,4,0.4999999999999999,0.8660254037844387,0.4338837391175582,-0.900968867902419,0.8660254037844387,-0.4999999999999998,0.0,0.0,0.0,18.225,35.8,100.0,94.0,14.625,12.455745,0.0,15.55,20.188888916666667,60.81666666666667,61.0,61.0,61.15,59.56666666666667,-3.588000013333332,0.0277777799999974,0.1406666666666645,16.188000000000002,16.413333333333334,19.90370371,16.280444444444445,10.383288,10.437911,10.479608,10.505794,10.404503,0,3.0,1,0.25,-0.54,11.1,88.9
2023-04-06 02:30:00,66.092633922224,0.0,0.0,20.188888916666667,16.413333333333334,59.56666666666667,0,5.1764362714980825,70.66250196097344,2,3,4,0.4999999999999999,0.8660254037844387,0.4338837391175582,-0.900968867902419,0.8660254037844387,-0.4999999999999998,0.0,0.0,0.0,18.05,36.0,100.0,94.0,14.75,12.569513,0.0,15.7,20.19444447,60.4,60.81666666666667,61.0,61.0,59.5,-3.775555583333333,0.2722222366666678,0.0846666666666671,16.328666666666667,16.548666666666666,19.99814816555556,16.310000000000002,10.404503,10.383288,10.437911,10.479608,10.3962345,1,3.0,1,0.25,-0.48,9.8,90.2
2023-04-06 02:45:00,62.124181566668,0.0,0.0,20.19444447,16.548666666666666,59.5,0,5.1764362714980825,70.66250196097344,2,3,4,0.4999999999999999,0.8660254037844387,0.4338837391175582,-0.900968867902419,0.8660254037844387,-0.4999999999999998,0.0,0.0,0.0,17.875,36.2,100.0,94.0,14.875,12.684185,0.0,15.85,20.07407407,59.56666666666667,60.4,60.81666666666667,61.0,59.5,-3.645777803333335,0.005555553333334,0.1353333333333317,16.413333333333334,16.566666666666666,20.100000022222225,16.430222222222223,10.3962345,10.404503,10.383288,10.437911,10.32329,0,3.0,0,0.25,-0.48,9.8,90.2
2023-04-06 03:00:00,68.86918962222,0.0,0.0,20.07407407,16.566666666666666,59.5,0,5.1764362714980825,70.66250196097344,3,3,4,0.7071067811865476,0.7071067811865476,0.4338837391175582,-0.900968867902419,0.8660254037844387,-0.4999999999999998,0.0,0.0,0.0,17.7,36.4,100.0,94.0,15.0,12.799764,0.0,16.0,19.99444444,59.5,59.56666666666667,60.4,60.81666666666667,59.5,-3.507407403333332,-0.1203704000000023,0.0180000000000006,16.548666666666666,16.48,20.15246915222222,16.509555555555554,10.32329,10.3962345,10.404503,10.383288,10.275278,0,3.0,0,0.25,-0.51,10.4,89.6
2023-04-06 03:15:00,69.972756611108,0.0,0.0,19.99444444,16.48,59.5,0,5.1764362714980825,70.66250196097344,3,3,4,0.7071067811865476,0.7071067811865476,0.4338837391175582,-0.900968867902419,0.8660254037844387,-0.4999999999999998,0.0,0.0,0.0,17.4,35.95,100.0,93.75,14.95,12.727198,0.0,15.95,19.927777756666668,59.5,59.5,59.56666666666667,60.4,59.5,-3.5144444399999983,-0.0796296299999994,-0.086666666666666,16.566666666666666,16.468,20.087654326666662,16.531777777777776,10.275278,10.32329,10.3962345,10.404503,10.235233,0,4.0,0,0.0,-0.53,10.8,89.2
2023-04-06 03:30:00,60.530356488888,0.0,0.0,19.927777756666668,16.468,59.5,0,5.1764362714980825,70.66250196097344,3,3,4,0.7071067811865476,0.7071067811865476,0.4338837391175582,-0.900968867902419,0.8660254037844387,-0.4999999999999998,0.0,0.0,0.0,17.1,35.5,100.0,93.5,14.9,12.654937,0.0,15.9,19.9222222,59.5,59.5,59.5,59.56666666666667,59.55,-3.459777756666668,-0.0666666833333309,-0.0120000000000004,16.48,16.523999999999997,19.998765422222224,16.50488888888889,10.235233,10.275278,10.32329,10.3962345,10.2404995,0,4.0,0,0.0,-0.54,11.1,88.9
2023-04-06 03:45:00,64.923236266668,0.0,0.0,19.9222222,16.523999999999997,59.55,0,5.1764362714980825,70.66250196097344,3,3,4,0.7071067811865476,0.7071067811865476,0.4338837391175582,-0.900968867902419,0.8660254037844387,-0.4999999999999998,0.0,0.0,0.0,16.8,35.05,100.0,93.25,14.85,12.582981,0.0,15.85,19.87222221333333,59.5,59.5,59.5,59.5,59.96666666666667,-3.398222200000003,-0.0055555566666676,0.0559999999999973,16.468,16.447333333333333,19.948148132222222,16.490666666666666,10.2404995,10.235233,10.275278,10.32329,10.281978,0,4.0,0,0.0,-0.54,11.2,88.8
2023-04-06 04:00:00,67.126203727778,0.0,0.0,19.87222221333333,16.447333333333333,59.96666666666667,0,5.1764362714980825,70.66250196097344,4,3,4,0.8660254037844386,0.5000000000000001,0.4338837391175582,-0.900968867902419,0.8660254037844387,-0.4999999999999998,0.0,0.0,0.0,16.5,34.6,100.0,93.0,14.8,12.511333,0.0,15.8,19.8333333,59.55,59.5,59.5,59.5,60.0,-3.424888879999997,-0.0499999866666698,-0.0766666666666644,16.523999999999997,16.314666666666668,19.90740739,16.479777777777777,10.281978,10.2404995,10.235233,10.275278,10.264265,0,4.0,0,0.0,-0.55,11.4,88.6
2023-04-06 04:15:00,60.16981536111,0.0,0.0,19.8333333,16.314666666666668,60.0,0,5.1764362714980825,70.66250196097344,4,3,4,0.8660254037844386,0.5000000000000001,0.4338837391175582,-0.900968867902419,0.8660254037844387,-0.4999999999999998,0.0,0.0,0.0,15.625,33.875,100.0,93.0,14.775,12.511333,0.0,15.8,19.853703686666663,59.96666666666667,59.55,59.5,59.5,59.81666666666667,-3.518666633333332,-0.0388889133333307,-0.1326666666666653,16.447333333333333,16.394666666666666,19.875925904444447,16.42866666666667,10.264265,10.281978,10.2404995,10.235233,10.245133,0,4.0,0,0.0,-0.56,11.6,88.4
2023-04-06 04:30:00,131.513072649998,73.722328772222,73.739272577776,19.853703686666663,16.394666666666666,59.81666666666667,2,5.1764362714980825,70.66250196097344,4,3,4,0.8660254037844386,0.5000000000000001,0.4338837391175582,-0.900968867902419,0.8660254037844387,-0.4999999999999998,0.0,0.0,0.0,14.75,33.15,100.0,93.0,14.75,12.511333,0.0,15.8,20.12222221,60.0,59.96666666666667,59.55,59.5,59.15,-3.45903702,0.0203703866666664,0.0799999999999983,16.314666666666668,16.774,19.8530864,16.385555555555555,10.245133,10.264265,10.281978,10.2404995,10.291519,0,3.0,1,0.25,-0.56,11.5,88.5
2023-04-06 04:45:00,82.963626005546,17.75567866111,17.767344894442,20.12222221,16.774,59.15,1,5.1764362714980825,70.66250196097344,4,3,4,0.8660254037844386,0.5000000000000001,0.4338837391175582,-0.900968867902419,0.8660254037844387,-0.4999999999999998,0.0,0.0,0.0,13.875,32.425,100.0,93.0,14.725,12.511333,0.0,15.8,20.18148146333333,59.81666666666667,60.0,59.96666666666667,59.55,59.0,-3.3482222099999994,0.2685185233333342,0.3793333333333351,16.394666666666666,17.099333333333334,19.936419732222223,16.494444444444444,10.291519,10.245133,10.264265,10.281978,10.30106,0,2.0,1,0.5,-0.5,10.2,89.8
2023-04-06 05:00:00,59.880938099996,0.0,0.0,20.18148146333333,17.099333333333334,59.0,0,5.1764362714980825,70.66250196097344,5,3,4,0.9659258262890684,0.2588190451025207,0.4338837391175582,-0.900968867902419,0.8660254037844387,-0.4999999999999998,0.0,0.0,0.0,13.0,31.7,100.0,93.0,14.7,12.511333,0.0,15.8,20.06666669,59.15,59.81666666666667,60.0,59.96666666666667,59.4,-3.08214813,0.0592592533333338,0.325333333333333,16.774,17.361333333333334,20.05246912,16.756,10.30106,10.291519,10.245133,10.264265,10.301474,1,2.0,1,0.5,-0.48,9.9,90.1
2023-04-06 05:15:00,59.881215838886,0.0,0.0,20.06666669,17.361333333333334,59.4,0,5.1764362714980825,70.66250196097344,5,3,4,0.9659258262890684,0.2588190451025207,0.4338837391175582,-0.900968867902419,0.8660254037844387,-0.4999999999999998,0.0,0.0,0.0,12.6,29.975,100.0,94.0,14.55,12.418021,0.0,15.5,19.98333332,59.0,59.15,59.81666666666667,60.0,59.96666666666667,-2.705333356666664,-0.114814773333336,0.2620000000000004,17.099333333333334,17.692666666666664,20.12345678777778,17.078222222222223,10.301474,10.30106,10.291519,10.245133,10.349132,0,2.0,0,0.5,-0.51,10.4,89.6
2023-04-06 05:30:00,70.896886327774,0.0,0.0,19.98333332,17.692666666666664,59.96666666666667,0,5.1764362714980825,70.66250196097344,5,3,4,0.9659258262890684,0.2588190451025207,0.4338837391175582,-0.900968867902419,0.8660254037844387,-0.4999999999999998,0.0,0.0,0.0,12.2,28.25,100.0,95.0,14.4,12.323474,0.0,15.2,19.90555555,59.4,59.0,59.15,59.81666666666667,60.05,-2.290666653333336,-0.0833333699999983,0.3313333333333297,17.361333333333334,18.290000000000003,20.077160491111112,17.384444444444444,10.349132,10.301474,10.30106,10.291519,10.316401,0,3.0,0,0.25,-0.53,10.8,89.2
2023-04-06 05:45:00,59.660391372218,0.0,0.0,19.90555555,18.290000000000003,60.05,0,5.1764362714980825,70.66250196097344,5,3,4,0.9659258262890684,0.2588190451025207,0.4338837391175582,-0.900968867902419,0.8660254037844387,-0.4999999999999998,0.0,0.0,0.0,11.8,26.525,100.0,96.0,14.25,12.227759,0.0,14.9,19.86851851333333,59.96666666666667,59.4,59.0,59.15,60.46666666666667,-1.6155555499999965,-0.0777777700000008,0.5973333333333386,17.692666666666664,18.09333333333333,19.98518518666667,17.781333333333333,10.316401,10.349132,10.301474,10.30106,10.365456,0,4.0,0,0.0,-0.54,11.2,88.8
2023-04-06 06:00:00,318.877799894446,0.0,0.0,19.86851851333333,18.09333333333333,60.46666666666667,0,5.1764362714980825,70.66250196097344,6,3,4,1.0,6.123233995736766e-17,0.4338837391175582,-0.900968867902419,0.8660254037844387,-0.4999999999999998,0.0,0.0,0.0,11.4,24.8,100.0,97.0,14.1,12.130944,0.0,14.6,19.82777775,60.05,59.96666666666667,59.4,59.0,60.5,-1.7751851800000047,-0.0370370366666641,-0.1966666666666725,18.290000000000003,17.88,19.919135794444443,18.02533333333333,10.365456,10.316401,10.349132,10.301474,10.346429,0,4.0,0,0.0,-0.55,11.3,88.7
2023-04-06 06:15:00,72.118781783334,0.0,0.0,19.82777775,17.88,60.5,0,5.1764362714980825,70.66250196097344,6,3,4,1.0,6.123233995736766e-17,0.4338837391175582,-0.900968867902419,0.8660254037844387,-0.4999999999999998,0.25,0.0625,0.0208333333333333,11.25,23.9,100.0,97.0,14.075,12.112421,0.025,14.575,19.7814815,60.46666666666667,60.05,59.96666666666667,59.4,60.68333333333333,-1.94777775,-0.0407407633333356,-0.2133333333333311,18.09333333333333,17.83,19.867283937777778,18.087777777777777,10.346429,10.365456,10.316401,10.349132,10.349642,0,4.0,0,0.0,-0.56,11.6,88.4
2023-04-06 06:30:00,61.153942611112,0.0,0.0,19.7814815,17.83,60.68333333333333,0,5.1764362714980825,70.66250196097344,6,3,4,1.0,6.123233995736766e-17,0.4338837391175582,-0.900968867902419,0.8660254037844387,-0.4999999999999998,0.5,0.1875,0.0625,11.1,23.0,100.0,97.0,14.05,12.093926,0.05,14.55,19.77222224,60.5,60.46666666666667,60.05,59.96666666666667,61.0,-1.9514815,-0.046296250000001,-0.0500000000000007,17.88,17.83,19.82592592111111,17.93444444444444,10.349642,10.346429,10.365456,10.316401,10.398002,0,4.0,0,0.0,-0.57,11.8,88.2
2023-04-06 06:45:00,59.208742688888,0.0,0.0,19.77222224,17.83,61.0,0,5.1764362714980825,70.66250196097344,6,3,4,1.0,6.123233995736766e-17,0.4338837391175582,-0.900968867902419,0.8660254037844387,-0.4999999999999998,0.75,0.375,0.125,10.95,22.1,100.0,97.0,14.025,12.075453,0.075,14.525,19.725925906666667,60.68333333333333,60.5,60.46666666666667,60.05,61.0,-1.942222240000003,-0.0092592599999967,0.0,17.83,17.92,19.793827163333333,17.846666666666664,10.398002,10.349642,10.346429,10.365456,10.369795,0,4.0,0,0.0,-0.57,11.8,88.2
2023-04-06 07:00:00,105.771602283334,41.097522683334,41.111133272222,19.725925906666667,17.92,61.0,1,5.1764362714980825,70.66250196097344,7,3,4,0.9659258262890684,-0.2588190451025206,0.4338837391175582,-0.900968867902419,0.8660254037844387,-0.4999999999999998,1.0,0.625,0.2083333333333333,10.8,21.2,100.0,97.0,14.0,12.057005,0.1,14.5,19.89999997,61.0,60.68333333333333,60.5,60.46666666666667,60.6,-1.8059259066666653,-0.0462963333333341,0.0900000000000034,17.83,17.886666666666667,19.759876548888894,17.86,10.369795,10.398002,10.349642,10.346429,10.4075,0,3.0,1,0.25,-0.58,12.1,87.9
2023-04-06 07:15:00,106.59045846111,49.364414244444,49.378858116666,19.89999997,17.886666666666667,60.6,1,5.1764362714980825,70.66250196097344,7,3,4,0.9659258262890684,-0.2588190451025206,0.4338837391175582,-0.900968867902419,0.8660254037844387,-0.4999999999999998,6.25,2.125,0.7291666666666666,10.85,23.2,100.0,96.0,13.875,11.950964,0.075,14.525,20.131481493333336,61.0,61.0,60.68333333333333,60.5,60.03333333333333,-2.013333303333333,0.1740740633333324,-0.0333333333333349,17.92,17.706666666666667,19.79938270555556,17.87888888888889,10.4075,10.369795,10.398002,10.349642,10.45087,0,2.0,0,0.5,-0.54,11.1,88.9
2023-04-06 07:30:00,59.207909472218,0.0,0.0,20.131481493333336,17.706666666666667,60.03333333333333,0,5.1764362714980825,70.66250196097344,7,3,4,0.9659258262890684,-0.2588190451025206,0.4338837391175582,-0.900968867902419,0.8660254037844387,-0.4999999999999998,11.5,4.875,1.6875,10.9,25.2,100.0,95.0,13.75,11.844566,0.05,14.55,20.03333333,60.6,61.0,61.0,60.68333333333333,59.95,-2.424814826666669,0.2314815233333362,-0.1799999999999997,17.886666666666667,17.218,19.91913579,17.837777777777777,10.45087,10.4075,10.369795,10.398002,10.376592,1,2.0,1,0.5,-0.49,10.0,90.0
2023-04-06 07:45:00,66.411510249994,0.0,0.0,20.03333333,17.218,59.95,0,5.1764362714980825,70.66250196097344,7,3,4,0.9659258262890684,-0.2588190451025206,0.4338837391175582,-0.900968867902419,0.8660254037844387,-0.4999999999999998,16.75,8.875,3.083333333333333,10.95,27.2,100.0,94.0,13.625,11.73781,0.0249999999999999,14.575,19.979629613333334,60.03333333333333,60.6,61.0,61.0,59.35,-2.8153333300000014,-0.0981481633333345,-0.488666666666667,17.706666666666667,17.02,20.021604931111117,17.60377777777778,10.376592,10.45087,10.4075,10.369795,10.240486,0,2.0,0,0.5,-0.51,10.5,89.5
2023-04-06 08:00:00,62.983591738886,0.0,0.0,19.979629613333334,17.02,59.35,0,5.1764362714980825,70.66250196097344,8,3,4,0.8660254037844387,-0.4999999999999998,0.4338837391175582,-0.900968867902419,0.8660254037844387,-0.4999999999999998,22.0,14.125,4.916666666666667,11.0,29.2,100.0,93.0,13.5,11.630698,0.0,14.6,19.89999999,59.95,60.03333333333333,60.6,61.0,58.6,-2.959629613333334,-0.0537037166666678,-0.1980000000000004,17.218,16.817999999999998,20.04814814555556,17.314888888888888,10.240486,10.376592,10.45087,10.4075,10.064017,0,3.0,0,0.25,-0.53,10.9,89.1
2023-04-06 08:15:00,59.043471599996,0.0,0.0,19.89999999,16.817999999999998,58.6,0,5.1764362714980825,70.66250196097344,8,3,4,0.8660254037844387,-0.4999999999999998,0.4338837391175582,-0.900968867902419,0.8660254037844387,-0.4999999999999998,32.5,20.6875,7.625,12.85,31.25,100.0,90.25,12.8,11.149555,0.0,14.4,19.837037006666662,59.35,59.95,60.03333333333333,60.6,58.03333333333333,-3.0819999900000035,-0.0796296233333322,-0.2020000000000017,17.02,16.609333333333332,19.970987644444445,17.018666666666665,10.064017,10.240486,10.376592,10.45087,9.929981,0,4.0,0,0.0,-0.55,11.4,88.6
2023-04-06 08:30:00,136.925356066668,0.0,0.0,19.837037006666662,16.609333333333332,58.03333333333333,0,5.1764362714980825,70.66250196097344,8,3,4,0.8660254037844387,-0.4999999999999998,0.4338837391175582,-0.900968867902419,0.8660254037844387,-0.4999999999999998,43.0,28.5625,11.208333333333334,14.7,33.3,100.0,87.5,12.1,10.678183,0.0,14.2,19.8,58.6,59.35,59.95,60.03333333333333,57.95,-3.227703673333334,-0.0629629833333353,-0.2086666666666659,16.817999999999998,16.468,19.905555536666668,16.815777777777775,9.929981,10.064017,10.240486,10.376592,9.894211,0,4.0,0,0.0,-0.57,11.8,88.2
2023-04-06 08:45:00,68.385320011112,0.0,0.0,19.8,16.468,57.95,0,5.1764362714980825,70.66250196097344,8,3,4,0.8660254037844387,-0.4999999999999998,0.4338837391175582,-0.900968867902419,0.8660254037844387,-0.4999999999999998,53.5,37.75,15.666666666666666,16.549999999999997,35.35,100.0,84.75,11.4,10.216436,0.0,14.0,19.80925925,58.03333333333333,58.6,59.35,59.95,57.35,-3.3320000000000007,-0.0370370066666652,-0.1413333333333319,16.609333333333332,15.28,19.84567899888889,16.631777777777774,9.894211,9.929981,10.064017,10.240486,9.797085,0,4.0,0,0.0,-0.58,12.1,87.9
2023-04-06 09:00:00,48.433340455552,0.0,0.0,19.80925925,15.28,57.35,0,5.1764362714980825,70.66250196097344,9,3,4,0.7071067811865476,-0.7071067811865475,0.4338837391175582,-0.900968867902419,0.8660254037844387,-0.4999999999999998,64.0,48.25,21.0,18.4,37.4,100.0,82.0,10.7,9.764175,0.0,13.8,19.75555555,57.95,58.03333333333333,58.6,59.35,55.9,-4.529259249999999,0.0092592499999994,-1.1879999999999988,16.468,13.021333333333333,19.81543208555556,16.11911111111111,9.797085,9.894211,9.929981,10.064017,9.519348,0,4.0,0,0.0,-0.58,12.1,87.9
2023-04-06 09:15:00,136.622312688888,76.61387973889,76.630823511112,19.75555555,13.021333333333333,55.9,2,5.1764362714980825,70.66250196097344,9,3,4,0.7071067811865476,-0.7071067811865475,0.4338837391175582,-0.900968867902419,0.8660254037844387,-0.4999999999999998,65.75,56.5625,26.45833333333333,16.5,37.225,100.0,82.25,10.6,9.703945,0.025,13.65,19.97962964666667,57.35,57.95,58.03333333333333,58.6,54.3,-6.734222216666668,-0.0537036999999998,-2.2586666666666684,15.28,12.347333333333331,19.7882716,14.923111111111112,9.519348,9.797085,9.894211,9.929981,9.369139,0,3.0,1,0.25,-0.6,12.6,87.4
2023-04-06 09:30:00,93.457928316662,32.567863916666,32.578974638885995,19.97962964666667,12.347333333333331,54.3,1,5.1764362714980825,70.66250196097344,9,3,4,0.7071067811865476,-0.7071067811865475,0.4338837391175582,-0.900968867902419,0.8660254037844387,-0.4999999999999998,67.5,62.6875,32.041666666666664,14.6,37.05,100.0,82.5,10.5,9.643891,0.05,13.5,20.15000003,55.9,57.35,57.95,58.03333333333333,52.3,-7.632296313333336,0.2240740966666692,-0.6739999999999995,13.021333333333333,11.992666666666668,19.84814814888889,13.549555555555555,9.369139,9.519348,9.797085,9.894211,9.114485,0,2.0,1,0.5,-0.56,11.5,88.5
2023-04-06 09:45:00,48.724995455552,0.0,0.0,20.15000003,11.992666666666668,52.3,0,5.1764362714980825,70.66250196097344,9,3,4,0.7071067811865476,-0.7071067811865475,0.4338837391175582,-0.900968867902419,0.8660254037844387,-0.4999999999999998,69.25,66.625,37.75,12.7,36.875,100.0,82.75,10.4,9.584016,0.075,13.35,19.970370376666665,54.3,55.9,57.35,57.95,51.81666666666667,-8.157333363333334,0.1703703833333314,-0.3546666666666667,12.347333333333331,11.796,19.96172840888889,12.45377777777778,9.114485,9.369139,9.519348,9.797085,8.935808,1,2.0,1,0.5,-0.53,10.9,89.1
2023-04-06 10:00:00,63.842724005554,0.0,0.0,19.970370376666665,11.796,51.81666666666667,0,5.1764362714980825,70.66250196097344,10,3,4,0.4999999999999999,-0.8660254037844387,0.4338837391175582,-0.900968867902419,0.8660254037844387,-0.4999999999999998,71.0,68.375,43.583333333333336,10.8,36.7,100.0,83.0,10.3,9.524319,0.1,13.2,19.84444443,52.3,54.3,55.9,57.35,51.15,-8.174370376666666,-0.1796296533333361,-0.1966666666666672,11.992666666666668,11.511333333333331,20.033333351111114,12.045333333333334,8.935808,9.114485,9.369139,9.519348,8.755988,0,2.0,0,0.5,-0.57,11.9,88.1
2023-04-06 10:15:00,81.34813486111,26.806427666668,26.817816094446,19.84444443,11.511333333333331,51.15,1,5.1764362714980825,70.66250196097344,10,3,4,0.4999999999999999,-0.8660254037844387,0.4338837391175582,-0.900968867902419,0.8660254037844387,-0.4999999999999998,80.5,72.0625,49.770833333333336,10.05,33.2,100.0,82.25,10.175,9.423683,0.075,13.175,19.88333336,51.81666666666667,52.3,54.3,55.9,51.0,-8.333111096666666,-0.1259259466666655,-0.2846666666666664,11.796,11.185333333333334,19.988271612222224,11.766666666666666,8.755988,8.935808,9.114485,9.369139,8.750236,0,2.0,1,0.5,-0.61,12.8,87.2
2023-04-06 10:30:00,125.679417138886,80.440393355556,80.459559272222,19.88333336,11.185333333333334,51.0,2,5.1764362714980825,70.66250196097344,10,3,4,0.4999999999999999,-0.8660254037844387,0.4338837391175582,-0.900968867902419,0.8660254037844387,-0.4999999999999998,90.0,77.6875,56.3125,9.3,29.700000000000003,100.0,81.5,10.05,9.323332,0.05,13.15,20.16111111,51.15,51.81666666666667,52.3,54.3,50.25,-8.698000026666664,0.0388889299999988,-0.3259999999999987,11.511333333333331,10.886666666666668,19.899382722222224,11.497555555555556,8.750236,8.755988,8.935808,9.114485,8.762918,0,2.0,1,0.5,-0.6,12.5,87.5
2023-04-06 10:45:00,59.129023761106,0.0,0.0,20.16111111,10.886666666666668,50.25,0,5.1764362714980825,70.66250196097344,10,3,4,0.4999999999999999,-0.8660254037844387,0.4338837391175582,-0.900968867902419,0.8660254037844387,-0.4999999999999998,99.5,85.25,63.208333333333336,8.55,26.200000000000003,100.0,80.75,9.925,9.223265,0.0249999999999999,13.125,20.07777777,51.0,51.15,51.81666666666667,52.3,49.35,-9.274444443333334,0.277777750000002,-0.2986666666666675,11.185333333333334,10.908666666666669,19.962962966666662,11.194444444444445,8.762918,8.750236,8.755988,8.935808,8.564113,1,2.0,1,0.5,-0.54,11.1,88.9
2023-04-06 11:00:00,55.33361998333,0.0,0.0,20.07777777,10.908666666666669,49.35,0,5.1764362714980825,70.66250196097344,11,3,4,0.258819045102521,-0.9659258262890682,0.4338837391175582,-0.900968867902419,0.8660254037844387,-0.4999999999999998,109.0,94.75,70.45833333333333,7.8,22.7,100.0,80.0,9.8,9.123483,0.0,13.1,19.95555553,50.25,51.0,51.15,51.81666666666667,49.3,-9.169111103333334,-0.0833333399999993,0.0220000000000002,10.886666666666668,11.181333333333331,20.040740746666668,10.993555555555558,8.564113,8.762918,8.750236,8.755988,8.494431,0,2.0,0,0.5,-0.56,11.6,88.4
2023-04-06 11:15:00,56.949666372222,0.0,0.0,19.95555553,11.181333333333331,49.3,0,5.1764362714980825,70.66250196097344,11,3,4,0.258819045102521,-0.9659258262890682,0.4338837391175582,-0.900968867902419,0.8660254037844387,-0.4999999999999998,112.5,102.75,77.125,7.425,21.525,100.0,79.0,9.6,8.995516,0.0,13.075,19.91296295,49.35,50.25,51.0,51.15,49.03333333333333,-8.774222196666669,-0.1222222399999992,0.2726666666666659,10.908666666666669,11.746666666666666,20.06481480333333,10.992222222222225,8.494431,8.564113,8.762918,8.750236,8.427429,0,3.0,0,0.25,-0.59,12.4,87.6
2023-04-06 11:30:00,114.206265016662,55.810545272222,55.826378005554,19.91296295,11.746666666666666,49.03333333333333,1,5.1764362714980825,70.66250196097344,11,3,4,0.258819045102521,-0.9659258262890682,0.4338837391175582,-0.900968867902419,0.8660254037844387,-0.4999999999999998,116.0,109.25,83.20833333333333,7.05,20.35,100.0,78.0,9.4,8.867923,0.0,13.05,20.08333331,49.3,49.35,50.25,51.0,49.6,-8.166296283333335,-0.0425925800000008,0.5653333333333332,11.181333333333331,11.594666666666669,19.98209875,11.278888888888888,8.427429,8.494431,8.564113,8.762918,8.610297,0,3.0,1,0.25,-0.6,12.6,87.4
2023-04-06 11:45:00,454.72625472222,65.017954711112,65.035176288888,20.08333331,11.594666666666669,49.6,1,5.1764362714980825,70.66250196097344,11,3,4,0.258819045102521,-0.9659258262890682,0.4338837391175582,-0.900968867902419,0.8660254037844387,-0.4999999999999998,119.5,114.25,88.70833333333333,6.675,19.175,100.0,77.0,9.2,8.740697,0.0,13.025,20.2574074,49.03333333333333,49.3,49.35,50.25,48.88333333333333,-8.488666643333334,0.1703703599999997,-0.1519999999999992,11.746666666666666,11.66,19.98395059666667,11.507555555555555,8.610297,8.427429,8.494431,8.564113,8.572713,0,2.0,0,0.5,-0.56,11.6,88.4
2023-04-06 12:00:00,417.2196994277781,0.0,0.0,20.2574074,11.66,48.88333333333333,0,5.1764362714980825,70.66250196097344,12,3,4,1.2246467991473532e-16,-1.0,0.4338837391175582,-0.900968867902419,0.8660254037844387,-0.4999999999999998,123.0,117.75,93.625,6.3,18.0,100.0,76.0,9.0,8.613843,0.0,13.0,20.11666667,49.6,49.03333333333333,49.3,49.35,48.45,-8.597407399999998,0.1740740899999977,0.0653333333333332,11.594666666666669,11.837333333333332,20.084567886666665,11.667111111111112,8.572713,8.610297,8.427429,8.494431,8.427084,1,2.0,1,0.5,-0.52,10.8,89.2
2023-04-06 12:15:00,300.953794799996,0.0,0.0,20.11666667,11.837333333333332,48.45,0,5.1764362714980825,70.66250196097344,12,3,4,1.2246467991473532e-16,-1.0,0.4338837391175582,-0.900968867902419,0.8660254037844387,-0.4999999999999998,141.5,125.0,99.9375,6.525,18.45,100.0,73.5,8.4,8.304743,0.0,12.95,19.96666667,48.88333333333333,49.6,49.03333333333333,49.3,48.03333333333333,-8.279333336666664,-0.1407407300000009,0.1773333333333333,11.66,12.100666666666664,20.152469126666663,11.697333333333331,8.427084,8.572713,8.610297,8.427429,8.281571,0,2.0,0,0.5,-0.56,11.5,88.5
2023-04-06 12:30:00,58.38488667778,0.0,0.0,19.96666667,12.100666666666664,48.03333333333333,0,5.1764362714980825,70.66250196097344,12,3,4,1.2246467991473532e-16,-1.0,0.4338837391175582,-0.900968867902419,0.8660254037844387,-0.4999999999999998,160.0,136.0,107.64583333333331,6.75,18.9,100.0,71.0,7.8,7.997462,0.0,12.9,19.91111112,48.45,48.88333333333333,49.6,49.03333333333333,48.0,-7.866000003333333,-0.1499999999999985,0.2633333333333318,11.837333333333332,12.262666666666666,20.113580246666668,11.866,8.281571,8.427084,8.572713,8.610297,8.248933,0,3.0,0,0.25,-0.6,12.5,87.5
2023-04-06 12:45:00,154.695200844444,96.518083572222,96.537805066664,19.91111112,12.262666666666666,48.0,2,5.1764362714980825,70.66250196097344,12,3,4,1.2246467991473532e-16,-1.0,0.4338837391175582,-0.900968867902419,0.8660254037844387,-0.4999999999999998,178.5,150.75,116.75,6.975,19.35,100.0,68.5,7.199999999999999,7.6919937,0.0,12.85,20.15740741,48.03333333333333,48.45,48.88333333333333,49.6,47.81666666666667,-7.648444453333335,-0.0555555499999975,0.1620000000000008,12.100666666666664,12.559333333333331,19.99814815333333,12.066888888888888,8.248933,8.281571,8.427084,8.572713,8.336771,0,3.0,1,0.25,-0.61,12.8,87.2
2023-04-06 13:00:00,64.544918066668,13.479460816666,13.490571472222,20.15740741,12.559333333333331,47.81666666666667,1,5.1764362714980825,70.66250196097344,13,3,4,-0.2588190451025208,-0.9659258262890684,0.4338837391175582,-0.900968867902419,0.8660254037844387,-0.4999999999999998,197.0,169.25,127.25,7.2,19.8,100.0,66.0,6.6,7.3883286,0.0,12.8,20.27222224,48.0,48.03333333333333,48.45,48.88333333333333,47.5,-7.598074076666668,0.24629629,0.2966666666666668,12.262666666666666,13.074,20.0117284,12.307555555555554,8.336771,8.248933,8.281571,8.427084,8.337333,0,2.0,1,0.5,-0.55,11.4,88.6
2023-04-06 13:15:00,55.074185811112,0.0,0.0,20.27222224,13.074,47.5,0,5.1764362714980825,70.66250196097344,13,3,4,-0.2588190451025208,-0.9659258262890684,0.4338837391175582,-0.900968867902419,0.8660254037844387,-0.4999999999999998,198.25,183.4375,137.0625,6.85,19.45,100.0,63.0,5.925,7.0743876,0.0,12.85,20.225925906666667,47.81666666666667,48.0,48.03333333333333,48.45,47.31666666666667,-7.1982222400000015,0.1148148300000002,0.5146666666666668,12.559333333333331,13.263333333333332,20.11358025666667,12.632,8.337333,8.336771,8.248933,8.281571,8.28271,1,2.0,1,0.5,-0.53,10.9,89.1
2023-04-06 13:30:00,66.111244211116,0.0,0.0,20.225925906666667,13.263333333333332,47.31666666666667,0,5.1764362714980825,70.66250196097344,13,3,4,-0.2588190451025208,-0.9659258262890684,0.4338837391175582,-0.900968867902419,0.8660254037844387,-0.4999999999999998,199.5,193.3125,146.1875,6.5,19.1,100.0,60.0,5.25,6.758419,0.0,12.9,20.17222224,47.5,47.81666666666667,48.0,48.03333333333333,47.0,-6.962592573333335,-0.0462963333333341,0.189333333333332,13.074,13.047333333333334,20.21851851888889,12.965555555555554,8.28271,8.337333,8.336771,8.248933,8.201489,0,2.0,0,0.5,-0.54,11.1,88.9
2023-04-06 13:45:00,52.823720200004,0.0,0.0,20.17222224,13.047333333333334,47.0,0,5.1764362714980825,70.66250196097344,13,3,4,-0.2588190451025208,-0.9659258262890684,0.4338837391175582,-0.900968867902419,0.8660254037844387,-0.4999999999999998,200.75,198.875,154.625,6.15,18.75,100.0,57.0,4.574999999999999,6.440413,0.0,12.95,20.062963006666667,47.31666666666667,47.5,47.81666666666667,48.0,47.0,-7.124888906666666,-0.0537036666666672,-0.2159999999999975,13.263333333333332,12.818,20.22345679555556,13.12822222222222,8.201489,8.28271,8.337333,8.336771,8.149232,0,3.0,0,0.25,-0.56,11.5,88.5
2023-04-06 14:00:00,98.204127227778,48.740550283334,48.755549683334,20.062963006666667,12.818,47.0,1,5.1764362714980825,70.66250196097344,14,3,4,-0.4999999999999997,-0.8660254037844388,0.4338837391175582,-0.900968867902419,0.8660254037844387,-0.4999999999999998,202.0,200.125,162.375,5.8,18.4,100.0,54.0,3.9,6.1203623,0.0,13.0,20.18888889,47.0,47.31666666666667,47.5,47.81666666666667,47.25,-7.244963006666666,-0.1092592333333328,-0.2293333333333329,13.047333333333334,12.520666666666669,20.153703717777777,13.04288888888889,8.149232,8.201489,8.28271,8.337333,8.253153,0,3.0,1,0.25,-0.58,12.0,88.0
2023-04-06 14:15:00,134.409067805558,68.429762716666,68.445039888888,20.18888889,12.520666666666669,47.25,1,5.1764362714980825,70.66250196097344,14,3,4,-0.4999999999999997,-0.8660254037844388,0.4338837391175582,-0.900968867902419,0.8660254037844387,-0.4999999999999998,186.75,197.25,168.5625,6.125,17.95,100.0,53.0,3.575,5.97919,0.0,12.925,20.3574074,47.0,47.0,47.31666666666667,47.5,46.56666666666667,-7.668222223333331,0.1259258833333305,-0.2973333333333343,12.818,12.563333333333333,20.14135804555556,12.795333333333334,8.253153,8.149232,8.201489,8.28271,8.214282,0,2.0,0,0.5,-0.55,11.3,88.7
2023-04-06 14:30:00,50.506590938882,0.0,0.0,20.3574074,12.563333333333333,46.56666666666667,0,5.1764362714980825,70.66250196097344,14,3,4,-0.4999999999999997,-0.8660254037844388,0.4338837391175582,-0.900968867902419,0.8660254037844387,-0.4999999999999998,171.5,190.25,173.1875,6.449999999999999,17.5,100.0,52.0,3.25,5.8391776,0.0,12.85,20.24444442,47.25,47.0,47.0,47.31666666666667,46.45,-7.794074066666667,0.1685185100000019,0.0426666666666655,12.520666666666669,12.514,20.20308643222222,12.634,8.214282,8.253153,8.149232,8.201489,8.13981,1,2.0,1,0.5,-0.51,10.5,89.5
2023-04-06 14:45:00,53.81729172222,0.0,0.0,20.24444442,12.514,46.45,0,5.1764362714980825,70.66250196097344,14,3,4,-0.4999999999999997,-0.8660254037844388,0.4338837391175582,-0.900968867902419,0.8660254037844387,-0.4999999999999998,156.25,179.125,176.25,6.775,17.05,100.0,51.0,2.925,5.700319,0.0,12.775,20.098148156666664,46.56666666666667,47.25,47.0,47.0,46.03333333333333,-7.730444419999996,-0.1129629800000024,-0.0493333333333314,12.563333333333333,12.262666666666666,20.263580236666662,12.532666666666666,8.13981,8.214282,8.253153,8.149232,7.9980726,0,2.0,0,0.5,-0.54,11.1,88.9
2023-04-06 15:00:00,71.397421788888,0.0,0.0,20.098148156666664,12.262666666666666,46.03333333333333,0,5.1764362714980825,70.66250196097344,15,3,4,-0.7071067811865471,-0.7071067811865479,0.4338837391175582,-0.900968867902419,0.8660254037844387,-0.4999999999999998,141.0,163.875,177.75,7.1,16.6,100.0,50.0,2.6,5.5626073,0.0,12.7,19.97222221,46.45,46.56666666666667,47.25,47.0,46.0,-7.835481489999998,-0.1462962633333333,-0.2513333333333349,12.514,12.537333333333333,20.233333325555552,12.446666666666667,7.9980726,8.13981,8.214282,8.253153,7.933579,0,3.0,0,0.25,-0.58,12.0,88.0
2023-04-06 15:15:00,67.722846677772,22.056895472222,22.0691172,19.97222221,12.537333333333333,46.0,1,5.1764362714980825,70.66250196097344,15,3,4,-0.7071067811865471,-0.7071067811865479,0.4338837391175582,-0.900968867902419,0.8660254037844387,-0.4999999999999998,145.25,153.5,178.0625,7.3,17.05,100.0,50.5,2.625,5.583465,0.0,12.6,19.953703723333334,46.03333333333333,46.45,46.56666666666667,47.25,46.18333333333333,-7.434888876666665,-0.1259259466666655,0.2746666666666666,12.262666666666666,12.234,20.10493826222222,12.438,7.933579,7.9980726,8.13981,8.214282,7.956565,0,3.0,1,0.25,-0.61,12.7,87.3
2023-04-06 15:30:00,151.665599766668,103.830291072222,103.850568077776,19.953703723333334,12.234,46.18333333333333,2,5.1764362714980825,70.66250196097344,15,3,4,-0.7071067811865471,-0.7071067811865479,0.4338837391175582,-0.900968867902419,0.8660254037844387,-0.4999999999999998,149.5,148.0,177.1875,7.5,17.5,100.0,51.0,2.6500000000000004,5.603823,0.0,12.5,20.23888888,46.0,46.03333333333333,46.45,46.56666666666667,45.8,-7.719703723333334,-0.0185184866666645,-0.3033333333333328,12.537333333333333,12.298666666666666,20.008024696666663,12.344666666666669,7.956565,7.933579,7.9980726,8.13981,8.0233,0,2.0,1,0.5,-0.61,12.8,87.2
2023-04-06 15:45:00,74.480353983334,0.0,0.0,20.23888888,12.298666666666666,45.8,0,5.1764362714980825,70.66250196097344,15,3,4,-0.7071067811865471,-0.7071067811865479,0.4338837391175582,-0.900968867902419,0.8660254037844387,-0.4999999999999998,153.75,147.375,175.125,7.7,17.95,100.0,51.5,2.6750000000000003,5.6236877,0.0,12.4,20.188888870000003,46.18333333333333,46.0,46.03333333333333,46.45,45.5,-7.940222213333332,0.2851851566666639,0.0646666666666657,12.234,12.433333333333334,20.05493827111111,12.356666666666667,8.0233,7.956565,7.933579,7.9980726,7.9474807,1,2.0,1,0.5,-0.55,11.3,88.7
2023-04-06 16:00:00,51.505439766664,0.0,0.0,20.188888870000003,12.433333333333334,45.5,0,5.1764362714980825,70.66250196097344,16,3,4,-0.8660254037844385,-0.5000000000000004,0.4338837391175582,-0.900968867902419,0.8660254037844387,-0.4999999999999998,158.0,151.625,171.875,7.9,18.4,100.0,52.0,2.7,5.643061,0.0,12.3,20.02777777,45.8,46.18333333333333,46.0,46.03333333333333,45.15,-7.755555536666669,-0.0500000099999944,0.1346666666666678,12.298666666666666,12.504,20.127160491111116,12.322,7.9474807,8.0233,7.956565,7.933579,7.8123555,0,2.0,0,0.5,-0.56,11.6,88.4
2023-04-06 16:15:00,48.036411983326,0.0,0.0,20.02777777,12.504,45.15,0,5.1764362714980825,70.66250196097344,16,3,4,-0.8660254037844385,-0.5000000000000004,0.4338837391175582,-0.900968867902419,0.8660254037844387,-0.4999999999999998,138.25,149.875,166.875,8.75,19.55,100.0,52.25,2.625,5.626217,0.0,12.175,19.948148106666665,45.5,45.8,46.18333333333333,46.0,45.36666666666667,-7.523777770000001,-0.1611111000000029,0.0706666666666659,12.433333333333334,12.624666666666666,20.151851840000003,12.412,7.8123555,7.9474807,8.0233,7.956565,7.813324,0,3.0,0,0.25,-0.6,12.5,87.5
2023-04-06 16:30:00,161.802972138886,91.867714077776,91.885213427774,19.948148106666665,12.624666666666666,45.36666666666667,2,5.1764362714980825,70.66250196097344,16,3,4,-0.8660254037844385,-0.5000000000000004,0.4338837391175582,-0.900968867902419,0.8660254037844387,-0.4999999999999998,118.5,142.125,160.125,9.6,20.7,100.0,52.5,2.55,5.6092515,0.0,12.05,20.13888886,45.15,45.5,45.8,46.18333333333333,45.2,-7.323481439999998,-0.0796296633333355,0.1206666666666667,12.504,12.648666666666664,20.054938248888888,12.520666666666664,7.813324,7.8123555,7.9474807,8.0233,7.8720284,0,3.0,1,0.25,-0.62,13.0,87.0
2023-04-06 16:45:00,67.643960899996,15.6785395,15.690483488888,20.13888886,12.648666666666664,45.2,1,5.1764362714980825,70.66250196097344,16,3,4,-0.8660254037844385,-0.5000000000000004,0.4338837391175582,-0.900968867902419,0.8660254037844387,-0.4999999999999998,98.75,128.375,151.625,10.45,21.85,100.0,52.75,2.475,5.592166,0.0,11.925,20.18148146333333,45.36666666666667,45.15,45.5,45.8,44.06666666666667,-7.490222193333336,0.1907407533333369,0.0239999999999991,12.624666666666666,12.556,20.03827157888889,12.592444444444444,7.8720284,7.813324,7.8123555,7.9474807,7.6937866,0,2.0,1,0.5,-0.57,11.9,88.1
2023-04-06 17:00:00,48.005579766664,0.0,0.0,20.18148146333333,12.556,44.06666666666667,0,5.1764362714980825,70.66250196097344,17,3,4,-0.9659258262890684,-0.2588190451025206,0.4338837391175582,-0.900968867902419,0.8660254037844387,-0.4999999999999998,79.0,108.625,141.375,11.3,23.0,100.0,53.0,2.4,5.574963,0.0,11.8,20.02777777,45.2,45.36666666666667,45.15,45.5,44.0,-7.625481463333333,0.0425926033333325,-0.0926666666666644,12.648666666666664,11.987333333333334,20.08950614333333,12.609777777777778,7.6937866,7.8720284,7.813324,7.8123555,7.613369,1,2.0,1,0.5,-0.57,11.8,88.2
2023-04-06 17:15:00,68.295879172222,0.0,0.0,20.02777777,11.987333333333334,44.0,0,5.1764362714980825,70.66250196097344,17,3,4,-0.9659258262890684,-0.2588190451025206,0.4338837391175582,-0.900968867902419,0.8660254037844387,-0.4999999999999998,79.5,93.9375,132.4375,12.9,26.7,100.0,48.75,1.0,5.080033,0.0,11.65,19.948148106666665,44.06666666666667,45.2,45.36666666666667,45.15,44.0,-8.040444436666666,-0.153703693333334,-0.5686666666666671,12.556,11.920666666666667,20.116049364444446,12.397333333333334,7.613369,7.6937866,7.8720284,7.813324,7.577949,0,2.0,0,0.5,-0.6,12.7,87.3
2023-04-06 17:30:00,60.769513605554,0.0,0.0,19.948148106666665,11.920666666666667,44.0,0,5.1764362714980825,70.66250196097344,17,3,4,-0.9659258262890684,-0.2588190451025206,0.4338837391175582,-0.900968867902419,0.8660254037844387,-0.4999999999999998,80.0,84.3125,124.8125,14.5,30.4,100.0,44.5,-0.3999999999999999,4.593806,0.0,11.5,19.92222222,44.0,44.06666666666667,45.2,45.36666666666667,44.0,-8.027481439999997,-0.0796296633333355,-0.0666666666666664,11.987333333333334,11.584666666666667,20.05246911333333,12.15466666666667,7.577949,7.613369,7.6937866,7.8720284,7.566448,0,3.0,0,0.25,-0.62,13.2,86.8
2023-04-06 17:45:00,133.898532877772,89.9639013,89.98306726666401,19.92222222,11.584666666666667,44.0,2,5.1764362714980825,70.66250196097344,17,3,4,-0.9659258262890684,-0.2588190451025206,0.4338837391175582,-0.900968867902419,0.8660254037844387,-0.4999999999999998,80.5,79.75,118.5,16.1,34.099999999999994,100.0,40.25,-1.7999999999999994,4.11618,0.0,11.35,20.12592596,44.0,44.0,44.06666666666667,45.2,43.81666666666667,-8.337555553333331,-0.0259258866666662,-0.3360000000000003,11.920666666666667,11.424666666666669,19.96604936555556,11.830888888888888,7.566448,7.577949,7.613369,7.6937866,7.6253214,0,3.0,1,0.25,-0.63,13.3,86.7
2023-04-06 18:00:00,94.145122977776,36.51076176111,36.524650138886,20.12592596,11.424666666666669,43.81666666666667,1,5.1764362714980825,70.66250196097344,18,3,4,-1.0,-1.8369701987210294e-16,0.4338837391175582,-0.900968867902419,0.8660254037844387,-0.4999999999999998,81.0,80.25,113.5,17.7,37.8,100.0,36.0,-3.2,3.6470513,0.0,11.2,20.22222222,44.0,44.0,44.0,44.06666666666667,43.15,-8.701259293333333,0.2037037400000017,-0.1600000000000001,11.584666666666667,11.326666666666666,19.998765428888888,11.643333333333333,7.6253214,7.566448,7.577949,7.613369,7.5517063,0,2.0,1,0.5,-0.58,12.1,87.9
2023-04-06 18:15:00,65.90653021666999,0.0,0.0,20.22222222,11.326666666666666,43.15,0,5.1764362714980825,70.66250196097344,18,3,4,-1.0,-1.8369701987210294e-16,0.4338837391175582,-0.900968867902419,0.8660254037844387,-0.4999999999999998,76.5,79.5,107.77083333333331,17.175,37.975,99.0,37.0,-3.1,3.695712,0.0,10.975,20.025925933333333,43.81666666666667,44.0,44.0,44.0,43.0,-8.895555553333333,0.096296259999999,-0.0980000000000007,11.424666666666669,11.332666666666666,20.090123466666668,11.445333333333332,7.5517063,7.6253214,7.566448,7.577949,7.4395323,1,2.0,1,0.5,-0.57,11.7,88.3
2023-04-06 18:30:00,48.831380199992,0.0,0.0,20.025925933333333,11.332666666666666,43.0,0,5.1764362714980825,70.66250196097344,18,3,4,-1.0,-1.8369701987210294e-16,0.4338837391175582,-0.900968867902419,0.8660254037844387,-0.4999999999999998,72.0,77.5,101.3125,16.65,38.15,98.0,38.0,-3.0,3.74219,0.0,10.75,19.911111100000003,43.15,43.81666666666667,44.0,44.0,42.7,-8.693259266666667,-0.1962962866666657,0.0060000000000002,11.326666666666666,11.44,20.124691371111112,11.361333333333334,7.4395323,7.5517063,7.6253214,7.566448,7.3381143,0,2.0,0,0.5,-0.61,12.8,87.2
2023-04-06 18:45:00,115.89341957778,65.14850503889,65.164059966668,19.911111100000003,11.44,42.7,1,5.1764362714980825,70.66250196097344,18,3,4,-1.0,-1.8369701987210294e-16,0.4338837391175582,-0.900968867902419,0.8660254037844387,-0.4999999999999998,67.5,74.25,94.125,16.125,38.325,97.0,39.0,-2.9,3.7865303,0.0,10.525,20.04259256,43.0,43.15,43.81666666666667,44.0,42.41666666666666,-8.471111100000003,-0.1148148333333303,0.107333333333333,11.332666666666666,11.458,20.05308641777778,11.366444444444443,7.3381143,7.4395323,7.5517063,7.6253214,7.345771,0,2.0,1,0.5,-0.64,13.6,86.4
2023-04-06 19:00:00,125.589142866668,61.801138972222,61.81641616111,20.04259256,11.458,42.41666666666666,1,5.1764362714980825,70.66250196097344,19,3,4,-0.9659258262890684,0.2588190451025203,0.4338837391175582,-0.900968867902419,0.8660254037844387,-0.4999999999999998,63.0,69.75,86.20833333333333,15.6,38.5,96.0,40.0,-2.8,3.8287773,0.0,10.3,20.20555554,42.7,43.0,43.15,43.81666666666667,40.75,-8.584592559999999,0.1314814599999962,0.0180000000000006,11.44,11.615333333333332,19.99320986444445,11.410222222222222,7.345771,7.3381143,7.4395323,7.5517063,7.1247363,0,2.0,0,0.5,-0.61,12.8,87.2
2023-04-06 19:15:00,53.222593277776,0.0,0.0,20.20555554,11.615333333333332,40.75,0,5.1764362714980825,70.66250196097344,19,3,4,-0.9659258262890684,0.2588190451025203,0.4338837391175582,-0.900968867902419,0.8660254037844387,-0.4999999999999998,49.25,62.9375,78.79166666666667,14.975,37.15,92.75,42.25,-2.425,3.942921,0.0,9.9,20.005555583333333,42.41666666666666,42.7,43.0,43.15,39.85,-8.590222206666667,0.1629629799999996,0.157333333333332,11.458,11.444,20.0530864,11.504444444444443,7.1247363,7.345771,7.3381143,7.4395323,6.8863254,1,2.0,1,0.5,-0.58,12.1,87.9
2023-04-06 19:30:00,54.232552827778,0.0,0.0,20.005555583333333,11.444,39.85,0,5.1764362714980825,70.66250196097344,19,3,4,-0.9659258262890684,0.2588190451025203,0.4338837391175582,-0.900968867902419,0.8660254037844387,-0.4999999999999998,35.5,53.8125,71.875,14.35,35.8,89.5,44.5,-2.05,4.0486183,0.0,9.5,19.91111112,40.75,42.41666666666666,42.7,43.0,39.5,-8.561555583333334,-0.1999999566666659,-0.1713333333333331,11.615333333333332,11.204,20.084567894444447,11.505777777777778,6.8863254,7.1247363,7.345771,7.3381143,6.788185,0,2.0,0,0.5,-0.63,13.4,86.6
2023-04-06 19:45:00,168.620477111112,107.776799855556,107.796799088888,19.91111112,11.204,39.5,2,5.1764362714980825,70.66250196097344,19,3,4,-0.9659258262890684,0.2588190451025203,0.4338837391175582,-0.900968867902419,0.8660254037844387,-0.4999999999999998,21.75,42.375,65.45833333333333,13.725,34.45,86.25,46.75,-1.675,4.146176,0.0,9.1,20.13703702333333,39.85,40.75,42.41666666666666,42.7,39.13333333333333,-8.70711112,-0.0944444633333319,-0.2399999999999984,11.444,10.958666666666666,20.04074074777778,11.421111111111111,6.788185,6.8863254,7.1247363,7.345771,6.8147197,0,2.0,1,0.5,-0.66,14.1,85.9
2023-04-06 20:00:00,72.94235993889,19.640325455556,19.650047250002,20.13703702333333,10.958666666666666,39.13333333333333,1,5.1764362714980825,70.66250196097344,20,3,4,-0.8660254037844386,0.5000000000000001,0.4338837391175582,-0.900968867902419,0.8660254037844387,-0.4999999999999998,8.0,28.625,59.54166666666666,13.1,33.1,83.0,49.0,-1.3,4.2358966,0.0,8.7,20.09444446,39.5,39.85,40.75,42.41666666666666,38.45,-9.178370356666669,0.2259259033333336,-0.2453333333333347,11.204,10.726666666666668,20.017901242222223,11.202222222222224,6.8147197,6.788185,6.8863254,7.1247363,6.679057,0,2.0,1,0.5,-0.61,12.8,87.2
2023-04-06 20:15:00,50.839355394438,0.0,0.0,20.09444446,10.726666666666668,38.45,0,5.1764362714980825,70.66250196097344,20,3,4,-0.8660254037844386,0.5000000000000001,0.4338837391175582,-0.900968867902419,0.8660254037844387,-0.4999999999999998,6.0,17.8125,53.41666666666666,12.9,30.85,85.75,50.75,-1.325,4.2622137,0.0,8.25,19.911111076666664,39.13333333333333,39.5,39.85,40.75,38.03333333333333,-9.367777793333332,-0.0425925633333363,-0.2319999999999993,10.958666666666666,10.521999999999998,20.04753086777778,10.963111111111113,6.679057,6.8147197,6.788185,6.8863254,6.5361342,1,2.0,1,0.5,-0.62,13.1,86.9
2023-04-06 20:30:00,136.44176429444602,77.2894083,77.304963227778,19.911111076666664,10.521999999999998,38.03333333333333,2,5.1764362714980825,70.66250196097344,20,3,4,-0.8660254037844386,0.5000000000000001,0.4338837391175582,-0.900968867902419,0.8660254037844387,-0.4999999999999998,4.0,9.9375,47.083333333333336,12.7,28.6,88.5,52.5,-1.35,4.2831397,0.0,7.8,20.00555557,38.45,39.13333333333333,39.5,39.85,37.9,-9.389111076666666,-0.1833333833333341,-0.2046666666666681,10.726666666666668,10.321333333333332,20.04753085333333,10.735777777777775,6.5361342,6.679057,6.8147197,6.788185,6.549353,0,1.0,1,0.75,-0.67,14.3,85.7
2023-04-06 20:45:00,120.470181016666,62.956926055556,62.972481016666,20.00555557,10.321333333333332,37.9,1,5.1764362714980825,70.66250196097344,20,3,4,-0.8660254037844386,0.5000000000000001,0.4338837391175582,-0.900968867902419,0.8660254037844387,-0.4999999999999998,2.0,5.0,40.54166666666666,12.5,26.35,91.25,54.25,-1.375,4.298924,0.0,7.35,20.15000000666667,38.03333333333333,38.45,39.13333333333333,39.5,37.06666666666667,-9.684222236666669,0.0944444933333379,-0.200666666666665,10.521999999999998,10.096666666666666,20.00370370222222,10.523333333333332,6.549353,6.5361342,6.679057,6.8147197,6.4597235,0,1.0,1,0.75,-0.64,13.7,86.3
2023-04-06 21:00:00,85.24464566111,0.0,0.0,20.15000000666667,10.096666666666666,37.06666666666667,0,5.1764362714980825,70.66250196097344,21,3,4,-0.7071067811865477,0.7071067811865474,0.4338837391175582,-0.900968867902419,0.8660254037844387,-0.4999999999999998,0.0,3.0,33.791666666666664,12.3,24.1,94.0,56.0,-1.4,4.309812,0.0,6.9,19.93888891,37.9,38.03333333333333,38.45,39.13333333333333,37.1,-10.053333340000004,0.1444444366666673,-0.2246666666666676,10.321333333333332,9.807333333333334,20.02222221777778,10.313333333333333,6.4597235,6.549353,6.5361342,6.679057,6.3861227,1,2.0,1,0.5,-0.62,13.0,87.0
2023-04-06 21:15:00,359.583949383334,69.213342488888,69.26278501110801,19.93888891,9.807333333333334,37.1,1,5.1764362714980825,70.66250196097344,21,3,4,-0.7071067811865477,0.7071067811865474,0.4338837391175582,-0.900968867902419,0.8660254037844387,-0.4999999999999998,0.0,1.5,27.416666666666668,13.025,25.625,95.5,54.75,-1.725,4.2067623,0.0,6.875,19.99074076,37.06666666666667,37.9,38.03333333333333,38.45,37.93333333333333,-10.131555576666663,-0.21111109666667,-0.2893333333333316,10.096666666666666,9.578666666666669,20.03148149555556,10.075111111111111,6.3861227,6.4597235,6.549353,6.5361342,6.5494285,0,1.0,1,0.75,-0.66,14.3,85.7
2023-04-06 21:30:00,205.326786649998,70.333297688888,70.38412902222,19.99074076,9.578666666666669,37.93333333333333,1,5.1764362714980825,70.66250196097344,21,3,4,-0.7071067811865477,0.7071067811865474,0.4338837391175582,-0.900968867902419,0.8660254037844387,-0.4999999999999998,0.0,0.5,21.416666666666668,13.75,27.15,97.0,53.5,-2.05,4.104037,0.0,6.85,20.14444447,37.1,37.06666666666667,37.9,38.03333333333333,37.65,-10.412074093333334,0.051851850000002,-0.2286666666666672,9.807333333333334,9.302666666666664,20.02654322555556,9.827555555555556,6.5494285,6.3861227,6.4597235,6.549353,6.5592523,0,1.0,0,0.75,-0.65,13.8,86.2
2023-04-06 21:45:00,87.54010937222199,0.0,0.0,20.14444447,9.302666666666664,37.65,0,5.1764362714980825,70.66250196097344,21,3,4,-0.7071067811865477,0.7071067811865474,0.4338837391175582,-0.900968867902419,0.8660254037844387,-0.4999999999999998,0.0,0.0,15.791666666666666,14.475,28.675,98.5,52.25,-2.375,4.0016303,0.0,6.825,19.918518483333333,37.93333333333333,37.1,37.06666666666667,37.9,37.5,-10.841777803333336,0.1537037099999985,-0.2760000000000016,9.578666666666669,9.2,20.024691380000004,9.56288888888889,6.5592523,6.5494285,6.3861227,6.4597235,6.447276,1,2.0,1,0.5,-0.62,12.9,87.1
2023-04-06 22:00:00,182.810742811112,78.94656426111,79.000728777776,19.918518483333333,9.2,37.5,2,5.1764362714980825,70.66250196097344,22,3,4,-0.5000000000000004,0.8660254037844384,0.4338837391175582,-0.900968867902419,0.8660254037844387,-0.4999999999999998,0.0,0.0,10.541666666666666,15.2,30.2,100.0,51.0,-2.7,3.8995469,0.0,6.8,20.03333332,37.65,37.93333333333333,37.1,37.06666666666667,37.4,-10.718518483333334,-0.2259259866666667,-0.102666666666666,9.302666666666664,9.117333333333333,20.017901237777775,9.360444444444443,6.447276,6.5592523,6.5494285,6.3861227,6.47347,0,1.0,1,0.75,-0.67,14.4,85.6
2023-04-06 22:15:00,191.027080761114,56.7327306,56.798839072222,20.03333332,9.117333333333333,37.4,1,5.1764362714980825,70.66250196097344,22,3,4,-0.5000000000000004,0.8660254037844384,0.4338837391175582,-0.900968867902419,0.8660254037844387,-0.4999999999999998,0.0,0.0,6.4375,15.45,31.025,99.75,50.25,-2.975,3.8172567,0.0,6.7,20.10185187,37.5,37.65,37.93333333333333,37.1,36.38333333333333,-10.915999986666668,0.1148148366666674,-0.0826666666666664,9.2,8.972,20.032098757777774,9.206666666666663,6.47347,6.447276,6.5592523,6.5494285,6.322802,0,1.0,1,0.75,-0.64,13.6,86.4
2023-04-06 22:30:00,116.715331349994,0.0,0.0,20.10185187,8.972,36.38333333333333,0,5.1764362714980825,70.66250196097344,22,3,4,-0.5000000000000004,0.8660254037844384,0.4338837391175582,-0.900968867902419,0.8660254037844387,-0.4999999999999998,0.0,0.0,3.4791666666666665,15.7,31.85,99.5,49.5,-3.25,3.7358508,0.0,6.6,19.89444442,37.4,37.5,37.65,37.93333333333333,36.05,-11.12985187,0.0685185500000002,-0.1453333333333333,9.117333333333333,8.883999999999999,20.017901224444447,9.096444444444444,6.322802,6.47347,6.447276,6.5592523,6.189244,1,2.0,1,0.5,-0.63,13.3,86.7
2023-04-06 22:45:00,197.348216872222,83.03306742777801,83.104453488888,19.89444442,8.883999999999999,36.05,2,5.1764362714980825,70.66250196097344,22,3,4,-0.5000000000000004,0.8660254037844384,0.4338837391175582,-0.900968867902419,0.8660254037844387,-0.4999999999999998,0.0,0.0,1.6666666666666667,15.95,32.675,99.25,48.75,-3.525,3.6553218,0.0,6.5,20.038888853333333,36.38333333333333,37.4,37.5,37.65,36.28333333333333,-11.01044442,-0.2074074500000016,-0.0880000000000009,8.972,8.671333333333333,20.009876536666667,8.991111111111111,6.189244,6.322802,6.47347,6.447276,6.282232,0,1.0,1,0.75,-0.68,14.7,85.3
2023-04-06 23:00:00,164.03593833333198,49.7038451,49.77273126111,20.038888853333333,8.671333333333333,36.28333333333333,1,5.1764362714980825,70.66250196097344,23,3,4,-0.2588190451025215,0.965925826289068,0.4338837391175582,-0.900968867902419,0.8660254037844387,-0.4999999999999998,0.0,0.0,1.0,16.2,33.5,99.0,48.0,-3.8,3.5756629,0.0,6.4,20.08888891,36.05,36.38333333333333,37.4,37.5,35.6,-11.36755552,0.1444444333333336,-0.2126666666666654,8.883999999999999,8.478,20.011728381111112,8.842444444444444,6.282232,6.189244,6.322802,6.47347,6.1819797,0,1.0,1,0.75,-0.65,13.8,86.2
2023-04-06 23:15:00,124.201420777772,0.0,0.0,20.08888891,8.478,35.6,0,5.1764362714980825,70.66250196097344,23,3,4,-0.2588190451025215,0.965925826289068,0.4338837391175582,-0.900968867902419,0.8660254037844387,-0.4999999999999998,0.0,0.0,0.5,15.75,33.5,97.25,49.0,-3.75,3.5968528,0.0,6.175000000000001,19.859259276666663,36.28333333333333,36.05,36.38333333333333,37.4,35.4,-11.610888909999998,0.0500000566666649,-0.1933333333333333,8.671333333333333,8.302666666666665,20.00740739444444,8.677777777777777,6.1819797,6.282232,6.189244,6.322802,6.065129,1,2.0,1,0.5,-0.64,13.5,86.5
2023-04-06 23:30:00,196.130210011112,81.321469227778,81.393133044444,19.859259276666663,8.302666666666665,35.4,2,5.1764362714980825,70.66250196097344,23,3,4,-0.2588190451025215,0.965925826289068,0.4338837391175582,-0.900968867902419,0.8660254037844387,-0.4999999999999998,0.0,0.0,0.1666666666666666,15.3,33.5,95.5,50.0,-3.7,3.6165621,0.0,5.95,19.98333337,35.6,36.28333333333333,36.05,36.38333333333333,35.9,-11.55659261,-0.2296296333333316,-0.1753333333333344,8.478,8.119333333333334,19.995679013333334,8.484,6.065129,6.1819797,6.282232,6.189244,6.195673,0,1.0,1,0.75,-0.69,15.1,84.9
2023-04-06 23:45:00,163.445961883334,54.201442972222,54.271440205554,19.98333337,8.119333333333334,35.9,1,5.1764362714980825,70.66250196097344,23,3,4,-0.2588190451025215,0.965925826289068,0.4338837391175582,-0.900968867902419,0.8660254037844387,-0.4999999999999998,0.0,0.0,0.0,14.85,33.5,93.75,51.0,-3.65,3.6348255,0.0,5.725,20.07777778333333,35.4,35.6,36.28333333333333,36.05,35.06666666666667,-11.864000036666669,0.1240740933333341,-0.1833333333333318,8.302666666666665,7.899333333333333,19.97716051888889,8.299999999999999,6.195673,6.065129,6.1819797,6.282232,6.0854073,0,1.0,1,0.75,-0.66,14.2,85.8
2023-04-07 00:00:00,130.84393284999402,0.0,0.0,20.07777778333333,7.899333333333333,35.06666666666667,0,5.1764362714980825,70.66250196097344,0,4,4,0.0,1.0,-0.433883739117558,-0.9009688679024191,0.8660254037844387,-0.4999999999999998,0.0,0.0,0.0,14.4,33.5,92.0,52.0,-3.6,3.6516752,0.0,5.5,19.82222222,35.9,35.4,35.6,36.28333333333333,35.1,-12.17844445,0.0944444133333313,-0.2200000000000006,8.119333333333334,7.663333333333333,19.97345681,8.10711111111111,6.0854073,6.195673,6.065129,6.1819797,6.0006833,1,2.0,1,0.5,-0.64,13.7,86.3
2023-04-07 00:15:00,175.213546794442,52.021807911112,52.091527355556,19.82222222,7.663333333333333,35.1,1,5.1764362714980825,70.66250196097344,0,4,4,0.0,1.0,-0.433883739117558,-0.9009688679024191,0.8660254037844387,-0.4999999999999998,0.0,0.0,0.0,14.45,32.425,90.5,52.75,-3.55,3.6739814,0.0,5.375,19.848148153333334,35.06666666666667,35.9,35.4,35.6,36.11666666666667,-12.158888886666666,-0.2555555633333313,-0.2359999999999997,7.899333333333333,7.491333333333333,19.961111124444447,7.893999999999999,6.0006833,6.0854073,6.195673,6.065129,6.1838865,0,1.0,1,0.75,-0.7,15.4,84.6
2023-04-07 00:30:00,211.095444794442,99.322415844444,99.396857366664,19.848148153333334,7.491333333333333,36.11666666666667,2,5.1764362714980825,70.66250196097344,0,4,4,0.0,1.0,-0.433883739117558,-0.9009688679024191,0.8660254037844387,-0.4999999999999998,0.0,0.0,0.0,14.5,31.35,89.0,53.5,-3.5,3.6956456,0.0,5.25,20.07777778,35.1,35.06666666666667,35.9,35.4,35.8,-12.35681482,0.0259259333333332,-0.1719999999999997,7.663333333333333,7.352666666666667,19.91604938555556,7.684666666666666,6.1838865,6.0006833,6.0854073,6.195673,6.212669,0,1.0,1,0.75,-0.69,15.0,85.0
2023-04-07 00:45:00,115.76898013889,0.0,0.0,20.07777778,7.352666666666667,35.8,0,5.1764362714980825,70.66250196097344,0,4,4,0.0,1.0,-0.433883739117558,-0.9009688679024191,0.8660254037844387,-0.4999999999999998,0.0,0.0,0.0,14.55,30.275,87.5,54.25,-3.45,3.716674,0.0,5.125,19.894444426666663,36.11666666666667,35.1,35.06666666666667,35.9,35.68333333333333,-12.725111113333334,0.2296296266666679,-0.1386666666666665,7.491333333333333,7.323333333333333,19.916049384444445,7.502444444444445,6.212669,6.1838865,6.0006833,6.0854073,6.126293,1,2.0,1,0.5,-0.64,13.6,86.4
2023-04-07 01:00:00,167.538853727778,59.790941583334,59.841495144444,19.894444426666663,7.323333333333333,35.68333333333333,1,5.1764362714980825,70.66250196097344,1,4,4,0.2588190451025207,0.9659258262890684,-0.433883739117558,-0.9009688679024191,0.8660254037844387,-0.4999999999999998,0.0,0.0,0.0,14.6,29.2,86.0,55.0,-3.4,3.737076,0.0,5.0,19.87777779,35.8,36.11666666666667,35.1,35.06666666666667,35.9,-12.571111093333332,-0.1833333533333352,-0.0293333333333336,7.352666666666667,7.256,19.94012345333333,7.38911111111111,6.126293,6.212669,6.1838865,6.0006833,6.157475,0,1.0,1,0.75,-0.68,14.8,85.2
2023-04-07 01:15:00,200.463092272222,134.472676444444,134.492953416666,19.87777779,7.256,35.9,2,5.1764362714980825,70.66250196097344,1,4,4,0.2588190451025207,0.9659258262890684,-0.433883739117558,-0.9009688679024191,0.8660254037844387,-0.4999999999999998,0.0,0.0,0.0,14.8,29.55,81.5,55.25,-3.35,3.7416775,0.0,4.95,20.11666667333333,35.68333333333333,35.8,36.11666666666667,35.1,34.7,-12.62177779,-0.0166666366666667,-0.067333333333333,7.323333333333333,7.28,19.949999998888888,7.310666666666666,6.157475,6.126293,6.212669,6.1838865,6.0354967,0,1.0,1,0.75,-0.69,14.9,85.1
2023-04-07 01:30:00,61.075612411112,20.136694516666,20.148082927778,20.11666667333333,7.28,34.7,1,5.1764362714980825,70.66250196097344,1,4,4,0.2588190451025207,0.9659258262890684,-0.433883739117558,-0.9009688679024191,0.8660254037844387,-0.4999999999999998,0.0,0.0,0.0,15.0,29.9,77.0,55.5,-3.3,3.7462027,0.0,4.9,19.99444443,35.9,35.68333333333333,35.8,36.11666666666667,34.05,-12.836666673333331,0.2388888833333347,0.024,7.256,7.271333333333334,19.962962963333336,7.286444444444444,6.0354967,6.157475,6.126293,6.212669,5.880222,0,1.0,1,0.75,-0.64,13.5,86.5
2023-04-07 01:45:00,86.189052416662,45.446793155556,45.462348133332,19.99444443,7.271333333333334,34.05,1,5.1764362714980825,70.66250196097344,1,4,4,0.2588190451025207,0.9659258262890684,-0.433883739117558,-0.9009688679024191,0.8660254037844387,-0.4999999999999998,0.0,0.0,0.0,15.2,30.25,72.5,55.75,-3.25,3.7506516,0.0,4.85,19.890740766666667,34.7,35.9,35.68333333333333,35.8,34.46666666666667,-12.723111096666663,-0.1222222433333364,-0.0086666666666666,7.28,7.2,19.99629629777778,7.269111111111111,5.880222,6.0354967,6.157475,6.126293,5.916125,0,0.0,0,1.0,-0.67,14.4,85.6
2023-04-07 02:00:00,178.43564003889,115.241779044444,115.262889333332,19.890740766666667,7.2,34.46666666666667,2,5.1764362714980825,70.66250196097344,2,4,4,0.4999999999999999,0.8660254037844387,-0.433883739117558,-0.9009688679024191,0.8660254037844387,-0.4999999999999998,0.0,0.0,0.0,15.4,30.6,68.0,56.0,-3.2,3.7550259,0.0,4.8,20.11111114,34.05,34.7,35.9,35.68333333333333,33.75,-12.690740766666668,-0.1037036633333308,-0.0713333333333334,7.271333333333334,7.138000000000001,20.00061729,7.250444444444445,5.916125,5.880222,6.0354967,6.157475,5.868352,0,0.0,1,1.0,-0.69,15.0,85.0
2023-04-07 02:15:00,41.02169256666,0.0,0.0,20.11111114,7.138000000000001,33.75,0,5.1764362714980825,70.66250196097344,2,4,4,0.4999999999999999,0.8660254037844387,-0.433883739117558,-0.9009688679024191,0.8660254037844387,-0.4999999999999998,0.0,0.0,0.0,15.675,31.4,70.0,56.0,-3.2,3.7550259,0.0,4.8,19.898148133333333,34.46666666666667,34.05,34.7,35.9,33.21666666666667,-12.973111139999997,0.2203703733333313,-0.0619999999999993,7.2,7.0906666666666665,19.99876544555556,7.203111111111112,5.868352,5.916125,5.880222,6.0354967,5.7040424,1,1.0,1,0.75,-0.64,13.7,86.3
2023-04-07 02:30:00,97.637761,63.896055172222006,63.912721172222,19.898148133333333,7.0906666666666665,33.21666666666667,1,5.1764362714980825,70.66250196097344,2,4,4,0.4999999999999999,0.8660254037844387,-0.433883739117558,-0.9009688679024191,0.8660254037844387,-0.4999999999999998,0.0,0.0,0.0,15.95,32.2,72.0,56.0,-3.2,3.7550259,0.0,4.8,19.87777779,33.75,34.46666666666667,34.05,34.7,33.45,-12.807481466666664,-0.2129630066666656,-0.0473333333333343,7.138000000000001,7.02,19.966666680000003,7.142888888888888,5.7040424,5.868352,5.916125,5.880222,5.737257,0,1.0,1,0.75,-0.7,15.2,84.8
2023-04-07 02:45:00,135.279588583334,79.83458423889,79.852639050002,19.87777779,7.02,33.45,2,5.1764362714980825,70.66250196097344,2,4,4,0.4999999999999999,0.8660254037844387,-0.433883739117558,-0.9009688679024191,0.8660254037844387,-0.4999999999999998,0.0,0.0,0.0,16.225,33.0,74.0,56.0,-3.2,3.7550259,0.0,4.8,20.03518516333333,33.21666666666667,33.75,34.46666666666667,34.05,32.85,-12.85777779,-0.020370343333333,-0.0706666666666668,7.0906666666666665,6.908,19.96234568777778,7.082888888888888,5.737257,5.7040424,5.868352,5.916125,5.6865377,0,1.0,1,0.75,-0.7,15.3,84.7
2023-04-07 03:00:00,53.89839956111,0.0,0.0,20.03518516333333,6.908,32.85,0,5.1764362714980825,70.66250196097344,3,4,4,0.7071067811865476,0.7071067811865476,-0.433883739117558,-0.9009688679024191,0.8660254037844387,-0.4999999999999998,0.0,0.0,0.0,16.5,33.8,76.0,56.0,-3.2,3.7550259,0.0,4.8,19.78888886,33.45,33.21666666666667,33.75,34.46666666666667,32.9,-13.12718516333333,0.1574073733333314,-0.1119999999999992,7.02,6.819999999999999,19.937037028888888,7.006222222222221,5.6865377,5.737257,5.7040424,5.868352,5.613589,1,2.0,1,0.5,-0.67,14.3,85.7
2023-04-07 03:15:00,114.423200755552,79.071281455556,79.088780722224,19.78888886,6.819999999999999,32.9,2,5.1764362714980825,70.66250196097344,3,4,4,0.7071067811865476,0.7071067811865476,-0.433883739117558,-0.9009688679024191,0.8660254037844387,-0.4999999999999998,0.0,0.0,0.0,16.5,33.9,67.25,56.0,-3.225,3.7550259,0.0,4.8,19.82407406,32.85,33.45,33.21666666666667,33.75,33.28333333333333,-12.96888886,-0.2462963033333309,-0.0880000000000009,6.908,6.707333333333334,19.900617271111116,6.916,5.613589,5.6865377,5.737257,5.7040424,5.690726,0,1.0,1,0.75,-0.72,16.0,84.0
2023-04-07 03:30:00,104.5274854,58.751816483334,58.768760272222,19.82407406,6.707333333333334,33.28333333333333,1,5.1764362714980825,70.66250196097344,3,4,4,0.7071067811865476,0.7071067811865476,-0.433883739117558,-0.9009688679024191,0.8660254037844387,-0.4999999999999998,0.0,0.0,0.0,16.5,34.0,58.5,56.0,-3.25,3.7550259,0.0,4.8,19.90000001,32.9,32.85,33.45,33.21666666666667,32.65,-13.116740726666666,0.0351852000000008,-0.1126666666666658,6.819999999999999,6.601333333333333,19.88271602777778,6.8117777777777775,5.690726,5.613589,5.6865377,5.737257,5.6073413,0,1.0,1,0.75,-0.71,15.7,84.3
2023-04-07 03:45:00,51.503217605554,0.0,0.0,19.90000001,6.601333333333333,32.65,0,5.1764362714980825,70.66250196097344,3,4,4,0.7071067811865476,0.7071067811865476,-0.433883739117558,-0.9009688679024191,0.8660254037844387,-0.4999999999999998,0.0,0.0,0.0,16.5,34.1,49.75,56.0,-3.275,3.7550259,0.0,4.8,19.68148151333333,33.28333333333333,32.9,32.85,33.45,32.68333333333333,-13.298666676666668,0.0759259499999984,-0.1060000000000007,6.707333333333334,6.492,19.83765431,6.709555555555554,5.6073413,5.690726,5.613589,5.6865377,5.541582,1,2.0,1,0.5,-0.7,15.3,84.7
2023-04-07 04:00:00,154.559095205554,109.048137916666,109.070081488888,19.68148151333333,6.492,32.68333333333333,2,5.1764362714980825,70.66250196097344,4,4,4,0.8660254037844386,0.5000000000000001,-0.433883739117558,-0.9009688679024191,0.8660254037844387,-0.4999999999999998,0.0,0.0,0.0,16.5,34.2,41.0,56.0,-3.3,3.7550259,0.0,4.8,19.827777790000003,32.65,33.28333333333333,32.9,32.85,32.6,-13.18948151333333,-0.2185184966666682,-0.1093333333333328,6.601333333333333,6.416,19.80185186111111,6.6002222222222215,5.541582,5.6073413,5.690726,5.613589,5.5751004,0,1.0,1,0.75,-0.75,16.8,83.2
2023-04-07 04:15:00,95.498957705554,52.321518155556,52.337350855556,19.827777790000003,6.416,32.6,1,5.1764362714980825,70.66250196097344,4,4,4,0.8660254037844386,0.5000000000000001,-0.433883739117558,-0.9009688679024191,0.8660254037844387,-0.4999999999999998,0.0,0.0,0.0,16.725,34.75,55.0,56.0,-3.375,3.7240694,0.0,4.675,19.859259226666666,32.68333333333333,32.65,33.28333333333333,32.9,32.03333333333333,-13.411777790000002,0.1462962766666713,-0.0759999999999996,6.492,6.2860000000000005,19.80308643777778,6.50311111111111,5.5751004,5.541582,5.6073413,5.690726,5.4883137,0,1.0,1,0.75,-0.72,15.8,84.2
2023-04-07 04:30:00,61.32810244444,25.798412455556,25.810634183334003,19.859259226666666,6.2860000000000005,32.03333333333333,1,5.1764362714980825,70.66250196097344,4,4,4,0.8660254037844386,0.5000000000000001,-0.433883739117558,-0.9009688679024191,0.8660254037844387,-0.4999999999999998,0.0,0.0,0.0,16.95,35.3,69.0,56.0,-3.45,3.6933367,0.0,4.55,19.666666650000003,32.6,32.68333333333333,32.65,33.28333333333333,32.35,-13.573259226666664,0.0314814366666631,-0.1299999999999999,6.416,6.204,19.789506176666663,6.398,5.4883137,5.5751004,5.541582,5.6073413,5.4802957,0,1.0,0,0.75,-0.71,15.6,84.4
2023-04-07 04:45:00,169.735710266668,122.258165044444,122.280386355556,19.666666650000003,6.204,32.35,2,5.1764362714980825,70.66250196097344,4,4,4,0.8660254037844386,0.5000000000000001,-0.433883739117558,-0.9009688679024191,0.8660254037844387,-0.4999999999999998,0.0,0.0,0.0,17.174999999999997,35.85,83.0,56.0,-3.525,3.662826,0.0,4.425,19.83888887333333,32.03333333333333,32.6,32.68333333333333,32.65,32.13333333333333,-13.462666650000005,-0.1925925766666623,-0.0820000000000007,6.2860000000000005,6.098,19.78456788888889,6.302,5.4802957,5.4883137,5.5751004,5.541582,5.498874,0,0.0,1,1.0,-0.75,17.0,83.0
2023-04-07 05:00:00,72.672093049998,23.4473954,23.461283777776,19.83888887333333,6.098,32.13333333333333,1,5.1764362714980825,70.66250196097344,5,4,4,0.9659258262890684,0.2588190451025207,-0.433883739117558,-0.9009688679024191,0.8660254037844387,-0.4999999999999998,0.0,0.0,0.0,17.4,36.4,97.0,56.0,-3.6,3.6325357,0.0,4.3,19.75555555,32.35,32.03333333333333,32.6,32.68333333333333,31.55,-13.740888873333336,0.1722222233333319,-0.1059999999999998,6.204,6.024,19.788271583333337,6.196000000000001,5.498874,5.4802957,5.4883137,5.5751004,5.372727,0,0.0,1,1.0,-0.72,15.8,84.2
2023-04-07 05:15:00,92.242421272222,55.228068572222,55.244179011112,19.75555555,6.024,31.55,1,5.1764362714980825,70.66250196097344,5,4,4,0.9659258262890684,0.2588190451025207,-0.433883739117558,-0.9009688679024191,0.8660254037844387,-0.4999999999999998,0.0,0.0,0.0,17.224999999999998,36.4,73.75,56.5,-3.65,3.6346302,0.0,4.175,19.66851853,32.13333333333333,32.35,32.03333333333333,32.6,31.78333333333333,-13.73155555,-0.0833333233333348,-0.0739999999999998,6.098,5.890666666666666,19.753703691111117,6.108666666666667,5.372727,5.498874,5.4802957,5.4883137,5.384885,0,0.0,0,1.0,-0.74,16.5,83.5
2023-04-07 05:30:00,136.120110427782,103.489193583334,103.50974827778,19.66851853,5.890666666666666,31.78333333333333,2,5.1764362714980825,70.66250196097344,5,4,4,0.9659258262890684,0.2588190451025207,-0.433883739117558,-0.9009688679024191,0.8660254037844387,-0.4999999999999998,0.0,0.0,0.0,17.049999999999997,36.4,50.5,57.0,-3.7,3.6364095,0.0,4.05,19.85,31.55,32.13333333333333,32.35,32.03333333333333,31.15,-13.77785186333333,-0.0870370200000039,-0.1333333333333337,6.024,5.744666666666666,19.754320984444444,6.004222222222222,5.384885,5.372727,5.498874,5.4802957,5.334073,0,0.0,1,1.0,-0.76,17.1,82.9
2023-04-07 05:45:00,55.71304913889,0.0,0.0,19.85,5.744666666666666,31.15,0,5.1764362714980825,70.66250196097344,5,4,4,0.9659258262890684,0.2588190451025207,-0.433883739117558,-0.9009688679024191,0.8660254037844387,-0.4999999999999998,0.0,0.0,0.0,16.875,36.4,27.25,57.5,-3.75,3.637879,0.0,3.925,19.62037039,31.78333333333333,31.55,32.13333333333333,32.35,31.183333333333334,-14.105333333333334,0.1814814700000049,-0.1459999999999999,5.890666666666666,5.6113333333333335,19.758024693333333,5.886444444444444,5.334073,5.384885,5.372727,5.498874,5.2683144,1,1.0,1,0.75,-0.72,15.9,84.1
2023-04-07 06:00:00,134.663779833336,84.5241189,84.543284833332,19.62037039,5.6113333333333335,31.183333333333334,2,5.1764362714980825,70.66250196097344,6,4,4,1.0,6.123233995736766e-17,-0.433883739117558,-0.9009688679024191,0.8660254037844387,-0.4999999999999998,0.0,0.0,0.0,16.7,36.4,4.0,58.0,-3.8,3.639041,0.0,3.8,19.661111100000003,31.15,31.78333333333333,31.55,32.13333333333333,31.4,-14.009037056666669,-0.2296296099999999,-0.1333333333333328,5.744666666666666,5.539333333333333,19.712962973333333,5.748888888888889,5.2683144,5.334073,5.384885,5.372727,5.3176255,0,1.0,1,0.75,-0.77,17.5,82.5
2023-04-07 06:15:00,98.474116394446,65.489880316666,65.50737960000001,19.661111100000003,5.539333333333333,31.4,1,5.1764362714980825,70.66250196097344,6,4,4,1.0,6.123233995736766e-17,-0.433883739117558,-0.9009688679024191,0.8660254037844387,-0.4999999999999998,1.0,0.25,0.0833333333333333,16.125,36.025,8.5,60.0,-3.6,3.6959827,0.0,3.525,19.71296297,31.183333333333334,31.15,31.78333333333333,31.55,30.566666666666663,-14.12177776666667,0.0407407100000014,-0.072,5.6113333333333335,5.383333333333334,19.71049383,5.631777777777778,5.3176255,5.2683144,5.334073,5.384885,5.19228,0,1.0,1,0.75,-0.76,17.2,82.8
2023-04-07 06:30:00,60.268977927782,25.754247555556,25.768135883334,19.71296297,5.383333333333334,30.566666666666663,1,5.1764362714980825,70.66250196097344,6,4,4,1.0,6.123233995736766e-17,-0.433883739117558,-0.9009688679024191,0.8660254037844387,-0.4999999999999998,2.0,0.75,0.25,15.55,35.65,13.0,62.0,-3.4,3.749486,0.0,3.25,19.52777775,31.4,31.183333333333334,31.15,31.78333333333333,30.85,-14.329629636666668,0.0518518699999965,-0.1559999999999997,5.539333333333333,5.298,19.66481482,5.511333333333333,5.19228,5.3176255,5.2683144,5.334073,5.183721,0,1.0,0,0.75,-0.75,17.0,83.0
2023-04-07 06:45:00,189.708244583338,135.330419866668,135.355141111112,19.52777775,5.298,30.85,2,5.1764362714980825,70.66250196097344,6,4,4,1.0,6.123233995736766e-17,-0.433883739117558,-0.9009688679024191,0.8660254037844387,-0.4999999999999998,3.0,1.5,0.5,14.975,35.275,17.5,64.0,-3.2,3.7996442,0.0,2.975,19.75555557333333,30.566666666666663,31.4,31.183333333333334,31.15,30.816666666666663,-14.229777749999998,-0.185185220000001,-0.0853333333333337,5.383333333333334,5.183333333333334,19.63395060666667,5.406888888888889,5.183721,5.19228,5.3176255,5.2683144,5.247846,0,0.0,1,1.0,-0.79,18.3,81.7
2023-04-07 07:00:00,49.782175283334,0.0,0.0,19.75555557333333,5.183333333333334,30.816666666666663,0,5.1764362714980825,70.66250196097344,7,4,4,0.9659258262890684,-0.2588190451025206,-0.433883739117558,-0.9009688679024191,0.8660254037844387,-0.4999999999999998,4.0,2.5,0.8333333333333334,14.4,34.9,22.0,66.0,-3.0,3.8465502,0.0,2.7,19.6166667,30.85,30.566666666666663,31.4,31.183333333333334,30.55,-14.57222224,0.2277778233333336,-0.1146666666666664,5.298,4.8773333333333335,19.665432097777774,5.288222222222223,5.247846,5.183721,5.19228,5.3176255,5.160191,1,1.0,1,0.75,-0.74,16.6,83.4
2023-04-07 07:15:00,111.788583911108,79.209331516666,79.228497416666,19.6166667,4.8773333333333335,30.55,2,5.1764362714980825,70.66250196097344,7,4,4,0.9659258262890684,-0.2588190451025206,-0.433883739117558,-0.9009688679024191,0.8660254037844387,-0.4999999999999998,30.0,9.75,3.333333333333333,15.275,35.8,19.25,66.25,-2.75,3.9134448,0.0,2.9000000000000004,19.605555566666663,30.816666666666663,30.85,30.566666666666663,31.4,30.78333333333333,-14.739333366666669,-0.1388888733333324,-0.306,5.183333333333334,4.620666666666667,19.63333334111111,5.119555555555556,5.160191,5.247846,5.183721,5.19228,5.1962104,0,1.0,1,0.75,-0.78,17.7,82.3
2023-04-07 07:30:00,104.600815866664,60.946450927778,60.964505772222,19.605555566666663,4.620666666666667,30.78333333333333,1,5.1764362714980825,70.66250196097344,7,4,4,0.9659258262890684,-0.2588190451025206,-0.433883739117558,-0.9009688679024191,0.8660254037844387,-0.4999999999999998,56.0,23.25,8.0,16.15,36.7,16.5,66.5,-2.5,3.9813561,0.0,3.1,19.68333336,30.55,30.816666666666663,30.85,30.566666666666663,30.15,-14.9848889,-0.0111111333333333,-0.2566666666666668,4.8773333333333335,4.568666666666667,19.65925928,4.893777777777777,5.1962104,5.160191,5.247846,5.183721,5.1126013,0,1.0,1,0.75,-0.78,17.7,82.3
2023-04-07 07:45:00,48.784715216666,0.0,0.0,19.68333336,4.568666666666667,30.15,0,5.1764362714980825,70.66250196097344,7,4,4,0.9659258262890684,-0.2588190451025206,-0.433883739117558,-0.9009688679024191,0.8660254037844387,-0.4999999999999998,82.0,43.0,14.833333333333334,17.025,37.6,13.75,66.75,-2.25,4.050298,0.0,3.3,19.51111111333333,30.78333333333333,30.55,30.816666666666663,30.85,30.366666666666667,-15.114666693333332,0.0777777933333325,-0.0519999999999996,4.620666666666667,4.46,19.63518520888889,4.688888888888889,5.1126013,5.1962104,5.160191,5.247846,5.09751,1,2.0,1,0.5,-0.76,17.3,82.7
2023-04-07 08:00:00,163.47901616111,115.008732783334,115.032065183334,19.51111111333333,4.46,30.366666666666667,2,5.1764362714980825,70.66250196097344,8,4,4,0.8660254037844387,-0.4999999999999998,-0.433883739117558,-0.9009688679024191,0.8660254037844387,-0.4999999999999998,108.0,69.0,23.83333333333333,17.9,38.5,11.0,67.0,-2.0,4.120283,0.0,3.5,19.70000001,30.15,30.78333333333333,30.55,30.816666666666663,30.6,-15.051111113333334,-0.1722222466666636,-0.1086666666666671,4.568666666666667,4.355333333333333,19.60000001333333,4.549777777777778,5.09751,5.1126013,5.1962104,5.160191,5.1939883,0,1.0,1,0.75,-0.8,18.5,81.5
2023-04-07 08:15:00,62.407225844444,18.582034455556,18.59536723889,19.70000001,4.355333333333333,30.6,1,5.1764362714980825,70.66250196097344,8,4,4,0.8660254037844387,-0.4999999999999998,-0.433883739117558,-0.9009688679024191,0.8660254037844387,-0.4999999999999998,147.75,98.4375,36.145833333333336,18.75,40.85,31.75,63.25,-2.9,3.8766758,0.0,3.45,19.788888863333334,30.366666666666667,30.15,30.78333333333333,30.55,30.03333333333333,-15.344666676666666,0.1888888966666648,-0.1046666666666666,4.46,4.046666666666666,19.631481494444447,4.461333333333333,5.1939883,5.09751,5.1126013,5.1962104,5.1244607,0,1.0,1,0.75,-0.76,17.0,83.0
2023-04-07 08:30:00,65.172115144448,32.171490855556,32.18565693889,19.788888863333334,4.046666666666666,30.03333333333333,1,5.1764362714980825,70.66250196097344,8,4,4,0.8660254037844387,-0.4999999999999998,-0.433883739117558,-0.9009688679024191,0.8660254037844387,-0.4999999999999998,187.5,131.3125,51.770833333333336,19.6,43.2,52.5,59.5,-3.8,3.6346464,0.0,3.4,19.661111100000003,30.6,30.366666666666667,30.15,30.78333333333333,30.35,-15.742222196666669,0.0888888533333336,-0.3086666666666673,4.355333333333333,3.596,19.666666662222223,4.287333333333333,5.1244607,5.1939883,5.09751,5.1126013,5.1398063,0,1.0,0,0.75,-0.74,16.5,83.5
2023-04-07 08:45:00,377.899327972218,118.136385472222,118.161384488888,19.661111100000003,3.596,30.35,2,5.1764362714980825,70.66250196097344,8,4,4,0.8660254037844387,-0.4999999999999998,-0.433883739117558,-0.9009688679024191,0.8660254037844387,-0.4999999999999998,227.25,167.625,70.70833333333333,20.45,45.55,73.25,55.75,-4.699999999999999,3.394185,0.0,3.35,19.7462963,30.03333333333333,30.6,30.366666666666667,30.15,30.316666666666663,-16.065111100000003,-0.1277777633333308,-0.4506666666666663,4.046666666666666,3.182,19.71666665777778,3.999333333333333,5.1398063,5.1244607,5.1939883,5.09751,5.159895,0,0.0,1,1.0,-0.77,17.4,82.6
2023-04-07 09:00:00,61.143942961114,0.0,0.0,19.7462963,3.182,30.316666666666663,0,5.1764362714980825,70.66250196097344,9,4,4,0.7071067811865476,-0.7071067811865475,-0.433883739117558,-0.9009688679024191,0.8660254037844387,-0.4999999999999998,267.0,207.375,92.95833333333331,21.3,47.9,94.0,52.0,-5.6,3.155288,0.0,3.3,19.5611111,30.35,30.03333333333333,30.6,30.366666666666667,30.4,-16.564296300000002,0.0851851999999979,-0.4139999999999997,3.596,2.7666666666666666,19.732098754444447,3.608222222222222,5.159895,5.1398063,5.1244607,5.1939883,5.118123,1,1.0,1,0.75,-0.75,16.8,83.2
2023-04-07 09:15:00,109.96087913889,68.245881155556,68.264491527778,19.5611111,2.7666666666666666,30.4,1,5.1764362714980825,70.66250196097344,9,4,4,0.7071067811865476,-0.7071067811865475,-0.433883739117558,-0.9009688679024191,0.8660254037844387,-0.4999999999999998,310.5,248.0625,118.75,22.05,49.15,94.0,52.0,-5.525,3.1711836,0.0,3.375,19.529629616666668,30.316666666666663,30.35,30.03333333333333,30.6,30.78333333333333,-16.794444433333336,-0.1851851999999993,-0.4153333333333333,3.182,2.8400000000000003,19.65617283333334,3.1815555555555552,5.118123,5.159895,5.1398063,5.1244607,5.17308,0,1.0,1,0.75,-0.79,18.1,81.9
2023-04-07 09:30:00,113.21019366111,80.627885888888,80.64816286111001,19.529629616666668,2.8400000000000003,30.78333333333333,2,5.1764362714980825,70.66250196097344,9,4,4,0.7071067811865476,-0.7071067811865475,-0.433883739117558,-0.9009688679024191,0.8660254037844387,-0.4999999999999998,354.0,289.6875,148.08333333333334,22.8,50.4,94.0,52.0,-5.449999999999999,3.1871486,0.0,3.45,19.7,30.4,30.316666666666663,30.35,30.03333333333333,29.8,-16.689629616666668,-0.0314814833333336,0.0733333333333337,2.7666666666666666,2.791333333333333,19.612345672222222,2.9295555555555555,5.17308,5.118123,5.159895,5.1398063,5.0581975,0,1.0,1,0.75,-0.79,18.3,81.7
2023-04-07 09:45:00,42.841064022224,0.0,0.0,19.7,2.791333333333333,29.8,0,5.1764362714980825,70.66250196097344,9,4,4,0.7071067811865476,-0.7071067811865475,-0.433883739117558,-0.9009688679024191,0.8660254037844387,-0.4999999999999998,397.5,332.25,180.95833333333331,23.55,51.65,94.0,52.0,-5.375,3.2031848,0.0,3.525,19.650000013333333,30.78333333333333,30.4,30.316666666666663,30.35,29.683333333333334,-16.908666666666665,0.1703703833333314,-0.048666666666667,2.8400000000000003,2.802666666666666,19.596913572222224,2.799333333333333,5.0581975,5.17308,5.118123,5.159895,5.0236273,1,2.0,1,0.5,-0.76,17.2,82.8
2023-04-07 10:00:00,160.60413124444,111.0280587,111.050835605554,19.650000013333333,2.802666666666666,29.683333333333334,2,5.1764362714980825,70.66250196097344,10,4,4,0.4999999999999999,-0.8660254037844387,-0.433883739117558,-0.9009688679024191,0.8660254037844387,-0.4999999999999998,441.0,375.75,217.375,24.3,52.9,94.0,52.0,-5.3,3.2192905,0.0,3.6,19.73333334,29.8,30.78333333333333,30.4,30.316666666666663,29.6,-16.847333346666666,-0.0499999866666662,0.0113333333333334,2.791333333333333,2.7700000000000005,19.62654321,2.8113333333333337,5.0236273,5.0581975,5.17308,5.118123,5.0340886,0,1.0,1,0.75,-0.77,17.6,82.4
2023-04-07 10:15:00,102.365349688888,48.203627294446,48.218904466668,19.73333334,2.7700000000000005,29.6,1,5.1764362714980825,70.66250196097344,10,4,4,0.4999999999999999,-0.8660254037844387,-0.433883739117558,-0.9009688679024191,0.8660254037844387,-0.4999999999999998,485.5,419.5,255.33333333333331,24.6,54.35,90.5,51.0,-5.475,3.1785517,0.0,3.7,19.8296296,29.683333333333334,29.8,30.78333333333333,30.4,28.85,-16.963333340000002,0.0833333266666684,-0.0326666666666661,2.802666666666666,2.9433333333333334,19.694444451111117,2.7880000000000003,5.0340886,5.0236273,5.0581975,5.17308,4.93433,0,1.0,1,0.75,-0.75,17.0,83.0
2023-04-07 10:30:00,100.312931722224,59.493453483334,59.510119466668,19.8296296,2.9433333333333334,28.85,1,5.1764362714980825,70.66250196097344,10,4,4,0.4999999999999999,-0.8660254037844387,-0.433883739117558,-0.9009688679024191,0.8660254037844387,-0.4999999999999998,530.0,463.5,294.8333333333333,24.9,55.8,87.0,50.0,-5.65,3.1371045,0.0,3.8,19.83888886,29.6,29.683333333333334,29.8,30.78333333333333,28.5,-16.886296266666662,0.0962962599999954,0.1733333333333329,2.7700000000000005,2.981333333333333,19.73765431777778,2.8386666666666667,4.93433,5.0340886,5.0236273,5.0581975,4.877113,0,1.0,0,0.75,-0.74,16.4,83.6
2023-04-07 10:45:00,170.772057644448,130.866431783334,130.891153011112,19.83888886,2.981333333333333,28.5,2,5.1764362714980825,70.66250196097344,10,4,4,0.4999999999999999,-0.8660254037844387,-0.433883739117558,-0.9009688679024191,0.8660254037844387,-0.4999999999999998,574.5,507.75,335.875,25.2,57.25,83.5,49.0,-5.825,3.0949416,0.0,3.9,19.90555554333333,28.85,29.6,29.683333333333334,29.8,28.5,-16.85755552666667,0.0092592600000038,0.0379999999999998,2.9433333333333334,2.9593333333333334,19.800617266666663,2.898222222222222,4.877113,4.93433,5.0340886,5.0236273,4.8962097,0,0.0,1,1.0,-0.74,16.4,83.6
2023-04-07 11:00:00,117.415025444444,80.7201044,80.739825844444,19.90555554333333,2.9593333333333334,28.5,2,5.1764362714980825,70.66250196097344,11,4,4,0.258819045102521,-0.9659258262890682,-0.433883739117558,-0.9009688679024191,0.8660254037844387,-0.4999999999999998,619.0,552.25,378.4583333333333,25.5,58.7,80.0,48.0,-6.0,3.0520563,0.0,4.0,20.32222222,28.5,28.85,29.6,29.683333333333334,28.1,-16.94622221,0.0666666833333309,-0.0219999999999997,2.981333333333333,3.1873333333333336,19.85802466777778,2.9613333333333336,4.8962097,4.877113,4.93433,5.0340886,4.9466186,0,0.0,0,1.0,-0.72,15.9,84.1
2023-04-07 11:15:00,52.9237163,0.0,0.0,20.32222222,3.1873333333333336,28.1,0,5.1764362714980825,70.66250196097344,11,4,4,0.258819045102521,-0.9659258262890682,-0.433883739117558,-0.9009688679024191,0.8660254037844387,-0.4999999999999998,645.0,592.125,419.8958333333333,25.25,58.6,75.75,47.5,-6.1,3.035391,0.0,4.075,21.112962976666665,28.5,28.5,28.85,29.6,27.35,-17.134888886666666,0.4166666766666687,0.2280000000000002,2.9593333333333334,2.682666666666667,20.022222207777777,3.042666666666667,4.9466186,4.8962097,4.877113,4.93433,5.0414615,1,1.0,1,0.75,-0.63,13.3,86.7
2023-04-07 11:30:00,128.724850733336,77.820775944444,77.839941844444,21.112962976666665,2.682666666666667,27.35,2,5.1764362714980825,70.66250196097344,11,4,4,0.258819045102521,-0.9659258262890682,-0.433883739117558,-0.9009688679024191,0.8660254037844387,-0.4999999999999998,671.0,627.375,460.1875,25.0,58.5,71.5,47.0,-6.2,3.0184724,0.0,4.15,21.38888886,28.1,28.5,28.5,28.85,26.95,-18.43029631,0.7907407566666649,-0.5046666666666666,3.1873333333333336,2.9346666666666663,20.44691358,2.9431111111111115,5.0414615,4.9466186,4.8962097,4.877113,5.0478544,0,1.0,1,0.75,-0.45,9.2,90.8
2023-04-07 11:45:00,160.332752900008,127.909605644444,127.935715733332,21.38888886,2.9346666666666663,26.95,2,5.1764362714980825,70.66250196097344,11,4,4,0.258819045102521,-0.9659258262890682,-0.433883739117558,-0.9009688679024191,0.8660254037844387,-0.4999999999999998,697.0,658.0,499.3333333333333,24.75,58.4,67.25,46.5,-6.300000000000001,3.0012987,0.0,4.225,22.014814806666667,27.35,28.1,28.5,28.5,26.35,-18.454222193333337,0.2759258833333362,0.2519999999999993,2.682666666666667,3.175333333333333,20.941358018888888,2.9348888888888887,5.0478544,5.0414615,4.9466186,4.8962097,5.117251,0,1.0,0,0.75,-0.39,8.2,91.8
2023-04-07 12:00:00,38.103475750002,0.0,0.0,22.014814806666667,3.175333333333333,26.35,0,5.1764362714980825,70.66250196097344,12,4,4,1.2246467991473532e-16,-1.0,-0.433883739117558,-0.9009688679024191,0.8660254037844387,-0.4999999999999998,723.0,684.0,537.3333333333334,24.5,58.3,63.0,46.0,-6.4,2.983869,0.0,4.3,22.31111111,26.95,27.35,28.1,28.5,25.65,-18.839481473333333,0.6259259466666656,0.2406666666666668,2.9346666666666663,3.256,21.505555547777774,2.9308888888888887,5.117251,5.0478544,5.0414615,4.9466186,5.067019,1,2.0,1,0.5,-0.25,6.3,93.7
2023-04-07 12:15:00,81.833115411112,31.181808211112,31.19569653889,22.31111111,3.256,25.65,1,5.1764362714980825,70.66250196097344,12,4,4,1.2246467991473532e-16,-1.0,-0.433883739117558,-0.9009688679024191,0.8660254037844387,-0.4999999999999998,746.25,709.3125,573.6458333333334,24.325,57.95,72.0,44.75,-6.575,2.9367213,0.0,4.475,22.474074066666667,26.35,26.95,27.35,28.1,25.316666666666663,-19.05511111,0.2962963033333352,0.0806666666666671,3.175333333333333,3.6926666666666663,21.90493825888889,3.122,5.067019,5.117251,5.0478544,5.0414615,5.048233,0,1.0,1,0.75,-0.18,5.7,94.3
2023-04-07 12:30:00,172.00950826111,123.78532613889,123.808936294446,22.474074066666667,3.6926666666666663,25.316666666666663,2,5.1764362714980825,70.66250196097344,12,4,4,1.2246467991473532e-16,-1.0,-0.433883739117558,-0.9009688679024191,0.8660254037844387,-0.4999999999999998,769.5,733.9375,608.2708333333334,24.15,57.6,81.0,43.5,-6.75,2.8880157,0.0,4.65,22.51111112,25.65,26.35,26.95,27.35,25.0,-18.7814074,0.1629629566666643,0.4366666666666665,3.256,3.422,22.266666661111117,3.3746666666666663,5.048233,5.067019,5.117251,5.0478544,4.9957037,0,1.0,1,0.75,-0.15,5.5,94.5
2023-04-07 12:45:00,92.078816733332,55.243345727778,55.260011727778,22.51111112,3.422,25.0,1,5.1764362714980825,70.66250196097344,12,4,4,1.2246467991473532e-16,-1.0,-0.433883739117558,-0.9009688679024191,0.8660254037844387,-0.4999999999999998,792.75,757.875,641.2083333333334,23.975,57.25,90.0,42.25,-6.925,2.837724,0.0,4.825,22.448148106666665,25.316666666666663,25.65,26.35,26.95,25.0,-19.08911112,0.0370370533333357,-0.270666666666667,3.6926666666666663,3.6753333333333336,22.432098765555555,3.456888888888889,4.9957037,5.048233,5.067019,5.117251,4.9776697,0,1.0,1,0.75,-0.14,5.4,94.6
2023-04-07 13:00:00,46.24176142222,0.0,0.0,22.448148106666665,3.6753333333333336,25.0,0,5.1764362714980825,70.66250196097344,13,4,4,-0.2588190451025208,-0.9659258262890684,-0.433883739117558,-0.9009688679024191,0.8660254037844387,-0.4999999999999998,816.0,781.125,672.4583333333334,23.8,56.9,99.0,41.0,-7.1,2.7858202,0.0,5.0,22.43888885,25.0,25.316666666666663,25.65,26.35,24.6,-18.77281477333333,-0.0629630133333378,0.2533333333333338,3.422,3.9246666666666665,22.477777764444443,3.5966666666666662,4.9776697,4.9957037,5.048233,5.067019,4.8954215,1,1.0,1,0.75,-0.16,5.5,94.5
2023-04-07 13:15:00,148.71349563889,114.930402616666,114.95429056111,22.43888885,3.9246666666666665,24.6,2,5.1764362714980825,70.66250196097344,13,4,4,-0.2588190451025208,-0.9659258262890684,-0.433883739117558,-0.9009688679024191,0.8660254037844387,-0.4999999999999998,817.5,798.9375,700.125,23.75,56.525,99.25,40.5,-7.199999999999999,2.770084,0.0,5.1,22.44351853,25.0,25.0,25.316666666666663,25.65,24.125,-18.51422218333333,-0.0092592566666631,0.2493333333333329,3.6753333333333336,4.04,22.46604935888889,3.674,4.8954215,4.9776697,4.9957037,5.048233,4.802174,0,1.0,1,0.75,-0.16,5.5,94.5
2023-04-07 13:30:00,109.553673194446,64.874627144444,64.894070849998,22.44351853,4.04,24.125,1,5.1764362714980825,70.66250196097344,13,4,4,-0.2588190451025208,-0.9659258262890684,-0.433883739117558,-0.9009688679024191,0.8660254037844387,-0.4999999999999998,819.0,811.3125,724.2083333333334,23.700000000000003,56.15,99.5,40.0,-7.3,2.7540019,0.0,5.2,22.630555580000003,24.6,25.0,25.0,25.316666666666663,24.425,-18.40351853,0.0046296799999971,0.1153333333333335,3.9246666666666665,4.262666666666666,22.443518495555555,3.88,4.802174,4.8954215,4.9776697,4.9957037,4.9143777,0,1.0,1,0.75,-0.16,5.5,94.5
2023-04-07 13:45:00,59.623448333332,0.0,0.0,22.630555580000003,4.262666666666666,24.425,0,5.1764362714980825,70.66250196097344,13,4,4,-0.2588190451025208,-0.9659258262890684,-0.433883739117558,-0.9009688679024191,0.8660254037844387,-0.4999999999999998,820.5,818.25,744.7083333333334,23.65,55.775,99.75,39.5,-7.4,2.73757,0.0,5.300000000000001,22.759259236666665,24.125,24.6,25.0,25.0,24.316666666666663,-18.36788891333334,0.1870370500000042,0.2226666666666661,4.04,4.365333333333334,22.50432098666667,4.075777777777778,4.9143777,4.802174,4.8954215,4.9776697,4.9288225,1,2.0,1,0.5,-0.12,5.3,94.7
2023-04-07 14:00:00,65.639874283334,28.980229627778,28.99495123889,22.759259236666665,4.365333333333334,24.316666666666663,1,5.1764362714980825,70.66250196097344,14,4,4,-0.4999999999999997,-0.8660254037844388,-0.433883739117558,-0.9009688679024191,0.8660254037844387,-0.4999999999999998,822.0,819.75,761.625,23.6,55.4,100.0,39.0,-7.5,2.7207856,0.0,5.4,22.8333333,24.425,24.125,24.6,25.0,24.0,-18.393925903333333,0.1287036566666621,0.1026666666666678,4.262666666666666,4.406000000000001,22.61111111555556,4.222666666666666,4.9288225,4.9143777,4.802174,4.8954215,4.885326,0,1.0,1,0.75,-0.09,5.2,94.8
2023-04-07 14:15:00,158.149507000004,116.425065011112,116.447564111112,22.8333333,4.406000000000001,24.0,2,5.1764362714980825,70.66250196097344,14,4,4,-0.4999999999999997,-0.8660254037844388,-0.433883739117558,-0.9009688679024191,0.8660254037844387,-0.4999999999999998,804.0,816.375,774.875,23.3,55.225,97.5,39.5,-7.45,2.73757,0.0,5.300000000000001,22.8333333,24.316666666666663,24.425,24.125,24.6,24.0,-18.4273333,0.0740740633333345,0.0406666666666666,4.365333333333334,4.3886666666666665,22.74104937222222,4.344666666666667,4.885326,4.9288225,4.9143777,4.802174,4.885326,0,1.0,1,0.75,-0.07,5.1,94.9
2023-04-07 14:30:00,64.916847705554,25.000944355556,25.014554911112,22.8333333,4.3886666666666665,24.0,1,5.1764362714980825,70.66250196097344,14,4,4,-0.4999999999999997,-0.8660254037844388,-0.433883739117558,-0.9009688679024191,0.8660254037844387,-0.4999999999999998,786.0,808.125,784.4583333333334,23.0,55.05,95.0,40.0,-7.4,2.7540019,0.0,5.2,22.77777778,24.0,24.316666666666663,24.425,24.125,24.05,-18.44466663333333,0.0,-0.017333333333334,4.406000000000001,4.382000000000001,22.808641945555557,4.386666666666667,4.885326,4.885326,4.9288225,4.9143777,4.879946,0,1.0,1,0.75,-0.07,5.1,94.9
2023-04-07 14:45:00,58.638487666668,0.0,0.0,22.77777778,4.382000000000001,24.05,0,5.1764362714980825,70.66250196097344,14,4,4,-0.4999999999999997,-0.8660254037844388,-0.433883739117558,-0.9009688679024191,0.8660254037844387,-0.4999999999999998,768.0,795.0,790.375,22.7,54.875,92.5,40.5,-7.35,2.770084,0.0,5.1,22.56111109,24.0,24.0,24.316666666666663,24.425,24.28333333333333,-18.39577778,-0.0555555199999986,-0.0066666666666659,4.3886666666666665,4.207333333333334,22.81481479333333,4.392222222222222,4.879946,4.885326,4.885326,4.9288225,4.8664427,1,1.0,1,0.75,-0.09,5.2,94.8
2023-04-07 15:00:00,114.595416049998,70.39968391666599,70.41746102222,22.56111109,4.207333333333334,24.28333333333333,1,5.1764362714980825,70.66250196097344,15,4,4,-0.7071067811865471,-0.7071067811865479,-0.433883739117558,-0.9009688679024191,0.8660254037844387,-0.4999999999999998,750.0,777.0,792.625,22.4,54.7,90.0,41.0,-7.3,2.7858202,0.0,5.0,22.2722222,24.05,24.0,24.0,24.316666666666663,24.4,-18.353777756666663,-0.2166666900000002,-0.1746666666666669,4.382000000000001,4.218,22.72407405666667,4.3260000000000005,4.8664427,4.879946,4.885326,4.885326,4.809318,0,1.0,1,0.75,-0.13,5.4,94.6
2023-04-07 15:15:00,138.882222288888,95.87838696111,95.898663916666,22.2722222,4.218,24.4,2,5.1764362714980825,70.66250196097344,15,4,4,-0.7071067811865471,-0.7071067811865479,-0.433883739117558,-0.9009688679024191,0.8660254037844387,-0.4999999999999998,726.25,757.5625,790.9583333333334,22.025,54.25,89.0,40.75,-7.375,2.755141,0.0,4.925,22.025925933333333,24.28333333333333,24.05,24.0,24.0,24.966666666666665,-18.0542222,-0.2888888900000026,0.0106666666666663,4.207333333333334,3.977333333333333,22.53703702333333,4.269111111111112,4.809318,4.8664427,4.879946,4.885326,4.8517084,0,1.0,1,0.75,-0.2,5.8,94.2
2023-04-07 15:30:00,50.16438217778,0.0,0.0,22.025925933333333,3.977333333333333,24.966666666666665,0,5.1764362714980825,70.66250196097344,15,4,4,-0.7071067811865471,-0.7071067811865479,-0.433883739117558,-0.9009688679024191,0.8660254037844387,-0.4999999999999998,702.5,736.6875,785.375,21.65,53.8,88.0,40.5,-7.449999999999999,2.7246885,0.0,4.85,21.76111108,24.4,24.28333333333333,24.05,24.0,25.0,-18.0485926,-0.2462962666666648,-0.2406666666666668,4.218,4.029333333333333,22.286419741111114,4.134222222222222,4.8517084,4.809318,4.8664427,4.879946,4.78452,1,2.0,1,0.5,-0.25,6.3,93.7
2023-04-07 15:45:00,106.955721566668,58.655987016666,58.672653,21.76111108,4.029333333333333,25.0,1,5.1764362714980825,70.66250196097344,15,4,4,-0.7071067811865471,-0.7071067811865479,-0.433883739117558,-0.9009688679024191,0.8660254037844387,-0.4999999999999998,678.75,714.375,775.875,21.275,53.35,87.0,40.25,-7.524999999999999,2.6944618,0.0,4.775,21.401851833333332,24.966666666666665,24.4,24.28333333333333,24.05,25.366666666666667,-17.731777746666666,-0.2648148533333341,0.0519999999999996,3.977333333333333,4.054666666666667,22.01975307111111,4.074888888888889,4.78452,4.8517084,4.809318,4.8664427,4.754857,0,1.0,1,0.75,-0.32,7.1,92.9
2023-04-07 16:00:00,793.9599070666641,115.258167272222,115.282332988888,21.401851833333332,4.054666666666667,25.366666666666667,2,5.1764362714980825,70.66250196097344,16,4,4,-0.8660254037844385,-0.5000000000000004,-0.433883739117558,-0.9009688679024191,0.8660254037844387,-0.4999999999999998,655.0,690.625,762.4583333333334,20.9,52.9,86.0,40.0,-7.6,2.664459,0.0,4.7,21.26111113,25.0,24.966666666666665,24.4,24.28333333333333,25.65,-17.34718516666667,-0.3592592466666637,0.025333333333334,4.029333333333333,4.018,21.72962961555556,4.020444444444444,4.754857,4.78452,4.8517084,4.809318,4.768912,0,1.0,1,0.75,-0.4,8.3,91.7
2023-04-07 16:15:00,110.698071883334,0.0,0.0,21.26111113,4.018,25.65,0,5.1764362714980825,70.66250196097344,16,4,4,-0.8660254037844385,-0.5000000000000004,-0.433883739117558,-0.9009688679024191,0.8660254037844387,-0.4999999999999998,623.5,664.9375,746.2916666666666,20.55,51.925,85.75,40.5,-7.625,2.6666474,0.0,4.525,21.02037035333333,25.366666666666667,25.0,24.966666666666665,24.4,25.5,-17.24311113,-0.1407407033333356,-0.036666666666667,4.054666666666667,3.89,21.47469134777778,4.034,4.768912,4.754857,4.78452,4.8517084,4.6752424,1,2.0,1,0.5,-0.43,8.8,91.2
2023-04-07 16:30:00,94.181232550002,56.781062,56.797172472222,21.02037035333333,3.89,25.5,1,5.1764362714980825,70.66250196097344,16,4,4,-0.8660254037844385,-0.5000000000000004,-0.433883739117558,-0.9009688679024191,0.8660254037844387,-0.4999999999999998,592.0,637.3125,727.375,20.2,50.95,85.5,41.0,-7.65,2.6683862,0.0,4.35,20.76111109,25.65,25.366666666666667,25.0,24.966666666666665,25.85,-17.13037035333333,-0.2407407766666693,-0.1279999999999996,4.018,4.0713333333333335,21.227777772222225,3.9875555555555553,4.6752424,4.768912,4.754857,4.78452,4.6684957,0,1.0,1,0.75,-0.48,9.9,90.1
2023-04-07 16:45:00,158.381442122228,116.209518083334,116.231739394446,20.76111109,4.0713333333333335,25.85,2,5.1764362714980825,70.66250196097344,16,4,4,-0.8660254037844385,-0.5000000000000004,-0.433883739117558,-0.9009688679024191,0.8660254037844387,-0.4999999999999998,560.5,607.75,705.7083333333334,19.85,49.975,85.25,41.5,-7.675,2.6696842,0.0,4.175,20.733333356666662,25.5,25.65,25.366666666666667,25.0,25.816666666666663,-16.689777756666665,-0.2592592633333304,0.1813333333333333,3.89,4.145333333333333,21.014197524444445,3.993111111111111,4.6684957,4.6752424,4.768912,4.754857,4.6549416,0,1.0,1,0.75,-0.54,11.1,88.9
2023-04-07 17:00:00,68.714473527778,0.0,0.0,20.733333356666662,4.145333333333333,25.816666666666663,0,5.1764362714980825,70.66250196097344,17,4,4,-0.9659258262890684,-0.2588190451025206,-0.433883739117558,-0.9009688679024191,0.8660254037844387,-0.4999999999999998,529.0,576.25,681.2916666666666,19.5,49.0,85.0,42.0,-7.7,2.6705494,0.0,4.0,20.49444443,25.85,25.5,25.65,25.366666666666667,25.55,-16.588000023333333,-0.0277777333333339,0.0739999999999998,4.0713333333333335,4.255333333333334,20.8382716,4.035555555555555,4.6549416,4.6684957,4.6752424,4.768912,4.543168,1,2.0,1,0.5,-0.55,11.3,88.7
2023-04-07 17:15:00,89.996400033332,51.936255816666,51.953199572222,20.49444443,4.255333333333334,25.55,1,5.1764362714980825,70.66250196097344,17,4,4,-0.9659258262890684,-0.2588190451025206,-0.433883739117558,-0.9009688679024191,0.8660254037844387,-0.4999999999999998,481.25,540.6875,654.3958333333334,18.65,47.9,84.25,42.5,-7.725,2.67545,0.0,3.85,20.32962964333333,25.816666666666663,25.85,25.5,25.65,26.15,-16.239111096666665,-0.238888926666668,0.1100000000000003,4.145333333333333,3.780666666666667,20.662962958888887,4.157333333333333,4.543168,4.6549416,4.6684957,4.6752424,4.60534,0,1.0,1,0.75,-0.6,12.6,87.4
2023-04-07 17:30:00,152.675003855556,118.751360855556,118.775526572222,20.32962964333333,3.780666666666667,26.15,2,5.1764362714980825,70.66250196097344,17,4,4,-0.9659258262890684,-0.2588190451025206,-0.433883739117558,-0.9009688679024191,0.8660254037844387,-0.4999999999999998,433.5,501.0625,625.0208333333334,17.8,46.8,83.5,43.0,-7.75,2.6799555,0.0,3.7,20.40555553,25.55,25.816666666666663,25.85,25.5,26.15,-16.548962976666665,-0.1648147866666676,-0.4746666666666668,4.255333333333334,3.7006666666666654,20.51913581,4.060444444444444,4.60534,4.543168,4.6549416,4.6684957,4.625802,0,1.0,1,0.75,-0.64,13.6,86.4
2023-04-07 17:45:00,47.01728598333,0.0,0.0,20.40555553,3.7006666666666654,26.15,0,5.1764362714980825,70.66250196097344,17,4,4,-0.9659258262890684,-0.2588190451025206,-0.433883739117558,-0.9009688679024191,0.8660254037844387,-0.4999999999999998,385.75,457.375,593.1666666666666,16.950000000000003,45.7,82.75,43.5,-7.775,2.6840723,0.0,3.55,20.175925926666665,26.15,25.55,25.816666666666663,25.85,26.183333333333334,-16.704888863333334,0.0759258866666705,-0.0800000000000005,3.780666666666667,3.657333333333333,20.409876534444447,3.9122222222222223,4.625802,4.60534,4.543168,4.6549416,4.5699735,1,2.0,1,0.5,-0.62,13.1,86.9
2023-04-07 18:00:00,288.315966883334,83.571101488888,83.590822916666,20.175925926666665,3.657333333333333,26.183333333333334,2,5.1764362714980825,70.66250196097344,18,4,4,-1.0,-1.8369701987210294e-16,-0.433883739117558,-0.9009688679024191,0.8660254037844387,-0.4999999999999998,338.0,409.625,558.8333333333334,16.1,44.6,82.0,44.0,-7.8,2.6878057,0.0,3.4,20.14444448,26.15,26.15,25.55,25.816666666666663,26.5,-16.51859259333333,-0.2296296033333362,-0.043333333333333,3.7006666666666654,3.656,20.3037037,3.7128888888888887,4.5699735,4.625802,4.60534,4.543168,4.616738,0,1.0,1,0.75,-0.67,14.5,85.5
2023-04-07 18:15:00,225.647362711108,96.948344144444,96.971954316666,20.14444448,3.656,26.5,2,5.1764362714980825,70.66250196097344,18,4,4,-1.0,-1.8369701987210294e-16,-0.433883739117558,-0.9009688679024191,0.8660254037844387,-0.4999999999999998,290.25,361.875,522.5,15.275,42.45,74.0,44.75,-7.775,2.6927028,0.0,3.175,20.20925927,26.183333333333334,26.15,26.15,25.55,26.316666666666663,-16.488444480000002,-0.0314814466666639,-0.0013333333333331,3.657333333333333,3.52,20.241975312222223,3.671333333333333,4.616738,4.5699735,4.625802,4.60534,4.6022067,0,1.0,0,0.75,-0.68,14.7,85.3
2023-04-07 18:30:00,333.11500815000204,0.0,0.0,20.20925927,3.52,26.316666666666663,0,5.1764362714980825,70.66250196097344,18,4,4,-1.0,-1.8369701987210294e-16,-0.433883739117558,-0.9009688679024191,0.8660254037844387,-0.4999999999999998,242.5,314.125,484.1666666666667,14.45,40.3,66.0,45.5,-7.75,2.6967742,0.0,2.95,20.00555553,26.5,26.183333333333334,26.15,26.15,27.45,-16.68925927,0.0648147899999997,-0.1360000000000001,3.656,3.3906666666666667,20.176543225555555,3.611111111111111,4.6022067,4.616738,4.5699735,4.625802,4.7435293,1,2.0,1,0.5,-0.66,14.3,85.7
2023-04-07 18:45:00,1377.603504872218,117.168924188888,117.221977666664,20.00555553,3.3906666666666667,27.45,2,5.1764362714980825,70.66250196097344,18,4,4,-1.0,-1.8369701987210294e-16,-0.433883739117558,-0.9009688679024191,0.8660254037844387,-0.4999999999999998,194.75,266.375,443.8333333333333,13.625,38.15,58.0,46.25,-7.725,2.7000418,0.0,2.725,20.109259273333336,26.316666666666663,26.5,26.183333333333334,26.15,31.23333333333333,-16.61488886333333,-0.2037037400000017,-0.1293333333333333,3.52,3.3426666666666667,20.119753093333333,3.522222222222222,4.7435293,4.6022067,4.616738,4.5699735,5.4301734,0,1.0,1,0.75,-0.7,15.4,84.6
2023-04-07 19:00:00,693.762803994442,33.7711491,33.806703294442,20.109259273333336,3.3426666666666667,31.23333333333333,1,5.1764362714980825,70.66250196097344,19,4,4,-0.9659258262890684,0.2588190451025203,-0.433883739117558,-0.9009688679024191,0.8660254037844387,-0.4999999999999998,147.0,218.625,401.5,12.8,36.0,50.0,47.0,-7.7,2.7025251,0.0,2.5,20.08333335,27.45,26.316666666666663,26.5,26.183333333333334,31.65,-16.76659260666667,0.1037037433333374,-0.048,3.3906666666666667,3.208666666666667,20.108024691111112,3.4177777777777774,5.4301734,4.7435293,4.6022067,4.616738,5.4942727,0,1.0,1,0.75,-0.66,14.1,85.9
2023-04-07 19:15:00,250.538866994442,0.0,0.0,20.08333335,3.208666666666667,31.65,0,5.1764362714980825,70.66250196097344,19,4,4,-0.9659258262890684,0.2588190451025203,-0.433883739117558,-0.9009688679024191,0.8660254037844387,-0.4999999999999998,114.0,174.5625,359.0416666666667,12.325,33.75,43.75,49.0,-7.65,2.7284853,0.0,2.025,19.80740738333333,31.23333333333333,27.45,26.316666666666663,26.5,32.9,-16.87466668333333,-0.0259259233333395,-0.1339999999999999,3.3426666666666667,3.002,20.066049384444444,3.314,5.4942727,5.4301734,4.7435293,4.6022067,5.619689,1,2.0,1,0.5,-0.66,14.2,85.8
2023-04-07 19:30:00,529.986855244444,0.0,0.0,19.80740738333333,3.002,32.9,0,5.1764362714980825,70.66250196097344,19,4,4,-0.9659258262890684,0.2588190451025203,-0.433883739117558,-0.9009688679024191,0.8660254037844387,-0.4999999999999998,81.0,134.1875,316.4583333333333,11.85,31.5,37.5,51.0,-7.6,2.7497523,0.0,1.55,19.64999999,31.65,31.23333333333333,27.45,26.316666666666663,33.7,-16.805407383333336,-0.2759259666666622,-0.2066666666666665,3.208666666666667,2.884,20.000000002222222,3.1844444444444444,5.619689,5.4942727,5.4301734,4.7435293,5.7034106,0,2.0,0,0.5,-0.72,15.9,84.1
2023-04-07 19:45:00,816.531226244448,95.9236629,95.988382511112,19.64999999,2.884,33.7,2,5.1764362714980825,70.66250196097344,19,4,4,-0.9659258262890684,0.2588190451025203,-0.433883739117558,-0.9009688679024191,0.8660254037844387,-0.4999999999999998,48.0,97.5,273.75,11.375,29.25,31.25,53.0,-7.55,2.7665665,0.0,1.0750000000000002,19.764814816666668,32.9,31.65,31.23333333333333,27.45,33.63333333333333,-16.76599999,-0.1574073933333331,-0.1180000000000003,3.002,2.744,19.846913574444446,3.031555555555555,5.7034106,5.619689,5.4942727,5.4301734,5.7306156,0,2.0,1,0.5,-0.75,16.9,83.1
2023-04-07 20:00:00,195.242467872218,72.06267296111,72.132947949998,19.764814816666668,2.744,33.63333333333333,2,5.1764362714980825,70.66250196097344,20,4,4,-0.8660254037844386,0.5000000000000001,-0.433883739117558,-0.9009688679024191,0.8660254037844387,-0.4999999999999998,15.0,64.5,230.91666666666663,10.9,27.0,25.0,55.0,-7.5,2.7791598,0.0,0.6,19.883333330000003,33.7,32.9,31.65,31.23333333333333,32.25,-17.020814816666668,0.1148148266666666,-0.1399999999999996,2.884,2.6786666666666665,19.74074073,2.8766666666666665,5.7306156,5.7034106,5.619689,5.4942727,5.5332375,0,2.0,0,0.5,-0.72,16.0,84.0
2023-04-07 20:15:00,134.57739452222,10.206813944444,10.272089149998,19.883333330000003,2.6786666666666665,32.25,1,5.1764362714980825,70.66250196097344,20,4,4,-0.8660254037844386,0.5000000000000001,-0.433883739117558,-0.9009688679024191,0.8660254037844387,-0.4999999999999998,11.25,38.8125,191.75,10.675,25.2,19.5,56.25,-7.375,2.8084006,0.0,0.425,19.661111126666665,33.63333333333333,33.7,32.9,31.65,31.716666666666665,-17.204666663333334,0.1185185133333348,-0.0653333333333336,2.744,2.572666666666667,19.76604937888889,2.7688888888888883,5.5332375,5.7306156,5.7034106,5.619689,5.371254,0,1.0,1,0.75,-0.7,15.4,84.6
2023-04-07 20:30:00,229.237774522224,120.984604888888,121.063212894442,19.661111126666665,2.572666666666667,31.716666666666665,2,5.1764362714980825,70.66250196097344,20,4,4,-0.8660254037844386,0.5000000000000001,-0.433883739117558,-0.9009688679024191,0.8660254037844387,-0.4999999999999998,7.5,20.4375,156.25,10.45,23.4,14.0,57.5,-7.25,2.8364968,0.0,0.25,19.81666667,32.25,33.63333333333333,33.7,32.9,31.55,-17.088444459999998,-0.2222222033333381,-0.1059999999999994,2.6786666666666665,2.417333333333333,19.769753091111117,2.665111111111111,5.371254,5.5332375,5.7306156,5.7034106,5.3920207,0,0.0,1,1.0,-0.76,17.1,82.9
2023-04-07 20:45:00,193.390597499996,71.34436834444399,71.417421055552,19.81666667,2.417333333333333,31.55,2,5.1764362714980825,70.66250196097344,20,4,4,-0.8660254037844386,0.5000000000000001,-0.433883739117558,-0.9009688679024191,0.8660254037844387,-0.4999999999999998,3.75,9.375,124.41666666666669,10.225,21.6,8.5,58.75,-7.125,2.8634696,0.0,0.075,19.91111112,31.716666666666665,32.25,33.63333333333333,33.7,30.383333333333333,-17.39933333666667,0.1555555433333353,-0.155333333333334,2.572666666666667,2.31,19.787037042222224,2.5562222222222224,5.3920207,5.371254,5.5332375,5.7306156,5.2214603,0,0.0,0,1.0,-0.72,16.0,84.0
2023-04-07 21:00:00,155.499057572222,28.0188792,28.086932077776,19.91111112,2.31,30.383333333333333,1,5.1764362714980825,70.66250196097344,21,4,4,-0.7071067811865477,0.7071067811865474,-0.433883739117558,-0.9009688679024191,0.8660254037844387,-0.4999999999999998,0.0,5.625,96.25,10.0,19.8,3.0,60.0,-7.0,2.8893392,0.0,-0.1,19.72222225,31.55,31.716666666666665,32.25,33.63333333333333,30.35,-17.60111112,0.0944444499999974,-0.107333333333333,2.417333333333333,2.119333333333333,19.79629630555556,2.433333333333333,5.2214603,5.3920207,5.371254,5.5332375,5.1582756,0,0.0,1,1.0,-0.71,15.6,84.4
2023-04-07 21:15:00,907.615638288892,132.949126272222,133.0305119,19.72222225,2.119333333333333,30.35,2,5.1764362714980825,70.66250196097344,21,4,4,-0.7071067811865477,0.7071067811865474,-0.433883739117558,-0.9009688679024191,0.8660254037844387,-0.4999999999999998,0.0,2.8125,72.0625,10.125,19.7,7.25,60.75,-6.95,2.900332,0.0,-0.225,19.914814823333334,30.383333333333333,31.55,31.716666666666665,32.25,30.133333333333333,-17.602888916666668,-0.188888869999996,-0.1906666666666669,2.31,1.952,19.81666668,2.282222222222222,5.1582756,5.2214603,5.3920207,5.371254,5.1796207,0,0.0,1,1.0,-0.75,16.9,83.1
2023-04-07 21:30:00,132.174434961114,24.492075811112,24.560406477776,19.914814823333334,1.952,30.133333333333333,1,5.1764362714980825,70.66250196097344,21,4,4,-0.7071067811865477,0.7071067811865474,-0.433883739117558,-0.9009688679024191,0.8660254037844387,-0.4999999999999998,0.0,0.9375,51.85416666666666,10.25,19.6,11.5,61.5,-6.9,2.9108968,0.0,-0.35,19.8388889,30.35,30.383333333333333,31.55,31.716666666666665,29.2,-17.962814823333332,0.1925925733333322,-0.1673333333333329,2.119333333333333,1.909333333333333,19.84938273111111,2.1271111111111107,5.1796207,5.1582756,5.2214603,5.3920207,4.996902,0,0.0,1,1.0,-0.71,15.6,84.4
2023-04-07 21:45:00,262.463945488888,84.013028244444,84.08330328333,19.8388889,1.909333333333333,29.2,2,5.1764362714980825,70.66250196097344,21,4,4,-0.7071067811865477,0.7071067811865474,-0.433883739117558,-0.9009688679024191,0.8660254037844387,-0.4999999999999998,0.0,0.0,35.625,10.375,19.5,15.750000000000002,62.25,-6.85,2.9210386,0.0,-0.475,19.827777766666667,30.133333333333333,30.35,30.383333333333333,31.55,29.466666666666665,-17.929555566666664,-0.0759259233333367,-0.0426666666666668,1.952,1.7966666666666666,19.82530865777778,1.9935555555555555,4.996902,5.1796207,5.1582756,5.2214603,5.0392528,0,0.0,1,1.0,-0.73,16.3,83.7
2023-04-07 22:00:00,466.0991330388901,107.874018216666,107.945126488888,19.827777766666667,1.7966666666666666,29.466666666666665,2,5.1764362714980825,70.66250196097344,22,4,4,-0.5000000000000004,0.8660254037844384,-0.433883739117558,-0.9009688679024191,0.8660254037844387,-0.4999999999999998,0.0,0.0,23.375,10.5,19.4,20.0,63.0,-6.8,2.9307628,0.0,-0.6,19.93888886,29.2,30.133333333333333,30.35,30.383333333333333,28.8,-18.0311111,-0.0111111333333298,-0.1126666666666666,1.909333333333333,1.7006666666666663,19.86049383,1.886,5.0392528,4.996902,5.1796207,5.1582756,4.957422,0,0.0,0,1.0,-0.73,16.3,83.7
2023-04-07 22:15:00,100.311542927778,23.778493272222,23.8040478,19.93888886,1.7006666666666663,28.8,1,5.1764362714980825,70.66250196097344,22,4,4,-0.5000000000000004,0.8660254037844384,-0.433883739117558,-0.9009688679024191,0.8660254037844387,-0.4999999999999998,0.0,0.0,13.875,10.5,19.4,15.0,63.75,-6.725,2.9451761,0.0,-0.7,19.73703701333333,29.466666666666665,29.2,30.133333333333333,30.35,28.683333333333334,-18.238222193333332,0.111111093333335,-0.096,1.7966666666666666,1.5766666666666669,19.868518508888894,1.8022222222222224,4.957422,5.0392528,4.996902,5.1796207,4.8792505,0,0.0,1,1.0,-0.71,15.6,84.4
2023-04-07 22:30:00,178.628132305558,127.83127546111,127.85433012222,19.73703701333333,1.5766666666666669,28.683333333333334,2,5.1764362714980825,70.66250196097344,22,4,4,-0.5000000000000004,0.8660254037844384,-0.433883739117558,-0.9009688679024191,0.8660254037844387,-0.4999999999999998,0.0,0.0,7.125,10.5,19.4,10.0,64.5,-6.65,2.9592333,0.0,-0.8,19.87777774,28.8,29.466666666666665,29.2,30.133333333333333,28.95,-18.160370346666667,-0.201851846666667,-0.1239999999999996,1.7006666666666663,1.5593333333333337,19.834567880000005,1.691333333333333,4.8792505,4.957422,5.0392528,4.996902,4.9654284,0,0.0,1,1.0,-0.76,17.1,82.9
2023-04-07 22:45:00,108.515659249998,67.237032644444,67.255643033332,19.87777774,1.5593333333333337,28.95,1,5.1764362714980825,70.66250196097344,22,4,4,-0.5000000000000004,0.8660254037844384,-0.433883739117558,-0.9009688679024191,0.8660254037844387,-0.4999999999999998,0.0,0.0,3.125,10.5,19.4,5.0,65.25,-6.575,2.9729378,0.0,-0.9,19.86296292666667,28.683333333333334,28.8,29.466666666666665,29.2,28.35,-18.318444406666664,0.1407407266666638,-0.0173333333333334,1.5766666666666669,1.504,19.85123453777778,1.612222222222222,4.9654284,4.8792505,4.957422,5.0392528,4.8582964,0,0.0,1,1.0,-0.72,16.0,84.0
2023-04-07 23:00:00,95.168970805558,42.642183127778,42.657738055556,19.86296292666667,1.504,28.35,1,5.1764362714980825,70.66250196097344,23,4,4,-0.2588190451025215,0.965925826289068,-0.433883739117558,-0.9009688679024191,0.8660254037844387,-0.4999999999999998,0.0,0.0,1.875,10.5,19.4,0.0,66.0,-6.5,2.9862943,0.0,-1.0,19.70555557,28.95,28.683333333333334,28.8,29.466666666666665,28.35,-18.358962926666667,-0.0148148133333307,-0.0553333333333334,1.5593333333333337,1.4199999999999997,19.82592589333333,1.5466666666666666,4.8582964,4.9654284,4.8792505,4.957422,4.813646,0,0.0,0,1.0,-0.73,16.3,83.7
2023-04-07 23:15:00,201.818593633332,143.562312827778,143.586478527778,19.70555557,1.4199999999999997,28.35,2,5.1764362714980825,70.66250196097344,23,4,4,-0.2588190451025215,0.965925826289068,-0.433883739117558,-0.9009688679024191,0.8660254037844387,-0.4999999999999998,0.0,0.0,0.9375,10.5,19.4,0.0,66.75,-6.45,3.0045242,0.0,-1.075,19.894444436666667,28.35,28.95,28.683333333333334,28.8,28.316666666666663,-18.285555570000003,-0.1574073566666669,-0.0840000000000003,1.504,1.336,19.81543207888889,1.4944444444444442,4.813646,4.8582964,4.9654284,4.8792505,4.8615475,0,0.0,1,1.0,-0.77,17.4,82.6
2023-04-07 23:30:00,68.502815394442,24.500131088888,24.5123528,19.894444436666667,1.336,28.316666666666663,1,5.1764362714980825,70.66250196097344,23,4,4,-0.2588190451025215,0.965925826289068,-0.433883739117558,-0.9009688679024191,0.8660254037844387,-0.4999999999999998,0.0,0.0,0.3125,10.5,19.4,0.0,67.5,-6.4,3.0224736,0.0,-1.15,19.78333331,28.35,28.35,28.95,28.683333333333334,27.7,-18.55844443666667,0.1888888666666659,-0.0839999999999998,1.4199999999999997,1.28,19.820987644444447,1.4199999999999997,4.8615475,4.813646,4.8582964,4.9654284,4.724795,0,0.0,1,1.0,-0.72,16.0,84.0
2023-04-07 23:45:00,113.469072272218,79.4376557,79.457932688888,19.78333331,1.28,27.7,2,5.1764362714980825,70.66250196097344,23,4,4,-0.2588190451025215,0.965925826289068,-0.433883739117558,-0.9009688679024191,0.8660254037844387,-0.4999999999999998,0.0,0.0,0.0,10.5,19.4,0.0,68.25,-6.35,3.040145,0.0,-1.225,19.751851873333333,28.316666666666663,28.35,28.35,28.95,27.966666666666665,-18.50333331,-0.1111111266666675,-0.0559999999999998,1.336,1.28,19.79444443888889,1.3453333333333328,4.724795,4.8615475,4.813646,4.8582964,4.7614765,0,0.0,1,1.0,-0.75,16.9,83.1
2023-04-08 00:00:00,148.081576366672,95.671172983334,95.690894394446,19.751851873333333,1.28,27.966666666666665,2,5.1764362714980825,70.66250196097344,0,5,4,0.0,1.0,-0.9749279121818236,-0.2225209339563146,0.8660254037844387,-0.4999999999999998,0.0,0.0,0.0,10.5,19.4,0.0,69.0,-6.3,3.0575404,0.0,-1.3,19.86666668,27.7,28.316666666666663,28.35,28.35,27.35,-18.47185187333333,-0.0314814366666666,0.0,1.28,1.28,19.80987654,1.2986666666666664,4.7614765,4.724795,4.8615475,4.813646,4.6879463,0,0.0,0,1.0,-0.76,17.1,82.9
2023-04-08 00:15:00,68.558924133336,0.0,0.0,19.86666668,1.28,27.35,0,5.1764362714980825,70.66250196097344,0,5,4,0.0,1.0,-0.9749279121818236,-0.2225209339563146,0.8660254037844387,-0.4999999999999998,0.0,0.0,0.0,10.4,19.325,0.0,70.0,-6.2,3.0803082,0.0,-1.4,19.661111126666665,27.966666666666665,27.7,28.316666666666663,28.35,27.466666666666665,-18.58666668,0.1148148066666649,0.0,1.28,1.2006666666666663,19.80061728777778,1.28,4.6879463,4.7614765,4.724795,4.8615475,4.651511,1,1.0,1,0.75,-0.74,16.4,83.6
2023-04-08 00:30:00,169.643491705558,123.539502672222,123.561168455556,19.661111126666665,1.2006666666666663,27.466666666666665,2,5.1764362714980825,70.66250196097344,0,5,4,0.0,1.0,-0.9749279121818236,-0.2225209339563146,0.8660254037844387,-0.4999999999999998,0.0,0.0,0.0,10.3,19.25,0.0,71.0,-6.1,3.1025937,0.0,-1.5,19.83888886,27.35,27.966666666666665,27.7,28.316666666666663,28.15,-18.46044446,-0.2055555533333333,-0.0793333333333334,1.28,1.134,19.75987656,1.253555555555555,4.651511,4.6879463,4.7614765,4.724795,4.8172183,0,1.0,1,0.75,-0.78,17.9,82.1
2023-04-08 00:45:00,99.731288355556,57.239099244444,57.25409866111001,19.83888886,1.134,28.15,1,5.1764362714980825,70.66250196097344,0,5,4,0.0,1.0,-0.9749279121818236,-0.2225209339563146,0.8660254037844387,-0.4999999999999998,0.0,0.0,0.0,10.2,19.175,0.0,72.0,-6.0,3.124402,0.0,-1.6,19.811111126666667,27.466666666666665,27.35,27.966666666666665,27.7,28.03333333333333,-18.70488886,0.1777777333333361,-0.0666666666666664,1.2006666666666663,1.0733333333333337,19.788888888888888,1.2048888888888885,4.8172183,4.651511,4.6879463,4.7614765,4.7894483,0,1.0,1,0.75,-0.74,16.5,83.5
2023-04-08 01:00:00,118.622477111112,62.505555227778,62.520276855556,19.811111126666667,1.0733333333333337,28.03333333333333,1,5.1764362714980825,70.66250196097344,1,5,4,0.2588190451025207,0.9659258262890684,-0.9749279121818236,-0.2225209339563146,0.8660254037844387,-0.4999999999999998,0.0,0.0,0.0,10.1,19.1,0.0,73.0,-5.9,3.145738,0.0,-1.7,19.71111111,28.15,27.466666666666665,27.35,27.966666666666665,28.0,-18.737777793333333,-0.0277777333333339,-0.0606666666666666,1.134,1.044,19.77037037111111,1.1359999999999997,4.7894483,4.8172183,4.651511,4.6879463,4.7557693,0,1.0,0,0.75,-0.74,16.7,83.3
2023-04-08 01:15:00,164.51064139445,108.325111272222,108.34511043889,19.71111111,1.044,28.0,2,5.1764362714980825,70.66250196097344,1,5,4,0.2588190451025207,0.9659258262890684,-0.9749279121818236,-0.2225209339563146,0.8660254037844387,-0.4999999999999998,0.0,0.0,0.0,9.975,18.825000000000003,0.0,74.25,-5.775,3.177304,0.0,-1.8,19.81481483,28.03333333333333,28.15,27.466666666666665,27.35,27.816666666666663,-18.66711111,-0.1000000166666659,-0.0293333333333334,1.0733333333333337,0.9093333333333332,19.787037032222223,1.0837777777777775,4.7557693,4.7894483,4.8172183,4.651511,4.753463,0,0.0,1,1.0,-0.77,17.4,82.6
2023-04-08 01:30:00,347.783865805558,68.24421453888999,68.262269383334,19.81481483,0.9093333333333332,27.816666666666663,1,5.1764362714980825,70.66250196097344,1,5,4,0.2588190451025207,0.9659258262890684,-0.9749279121818236,-0.2225209339563146,0.8660254037844387,-0.4999999999999998,0.0,0.0,0.0,9.85,18.55,0.0,75.5,-5.65,3.2082593,0.0,-1.9,19.75555555,28.0,28.03333333333333,28.15,27.466666666666665,27.5,-18.905481496666667,0.1037037199999986,-0.1346666666666667,1.044,0.8033333333333333,19.77901235555556,1.0088888888888887,4.753463,4.7557693,4.7894483,4.8172183,4.683043,0,0.0,1,1.0,-0.75,16.7,83.3
2023-04-08 01:45:00,104.939135633332,54.250052144444,54.265884877776,19.75555555,0.8033333333333333,27.5,1,5.1764362714980825,70.66250196097344,1,5,4,0.2588190451025207,0.9659258262890684,-0.9749279121818236,-0.2225209339563146,0.8660254037844387,-0.4999999999999998,0.0,0.0,0.0,9.725,18.275,0.0,76.75,-5.525,3.238608,0.0,-2.0,19.64814818,27.816666666666663,28.0,28.03333333333333,28.15,27.5,-18.952222216666662,-0.0592592799999991,-0.1059999999999999,0.9093333333333332,0.83,19.76049383,0.9188888888888886,4.683043,4.753463,4.7557693,4.7894483,4.6536126,0,0.0,0,1.0,-0.76,17.2,82.8
2023-04-08 02:00:00,164.83979506111,123.662553316666,123.685052416666,19.64814818,0.83,27.5,2,5.1764362714980825,70.66250196097344,2,5,4,0.4999999999999999,0.8660254037844387,-0.9749279121818236,-0.2225209339563146,0.8660254037844387,-0.4999999999999998,0.0,0.0,0.0,9.6,18.0,0.0,78.0,-5.4,3.2683575,0.0,-2.1,19.83333335,27.5,27.816666666666663,28.0,28.03333333333333,27.15,-18.81814818,-0.1074073700000006,0.0266666666666666,0.8033333333333333,0.7693333333333333,19.73950618666667,0.8475555555555552,4.6536126,4.683043,4.753463,4.7557693,4.6445794,0,0.0,1,1.0,-0.79,18.0,82.0
2023-04-08 02:15:00,59.707056055556,0.0,0.0,19.83333335,0.7693333333333333,27.15,0,5.1764362714980825,70.66250196097344,2,5,4,0.4999999999999999,0.8660254037844387,-0.9749279121818236,-0.2225209339563146,0.8660254037844387,-0.4999999999999998,0.0,0.0,0.0,9.675,17.9,0.0,79.25,-5.300000000000001,3.297513,0.0,-2.2,19.640740776666668,27.5,27.5,27.816666666666663,28.0,27.183333333333334,-19.064000016666665,0.1851851699999969,-0.0606666666666666,0.83,0.716,19.745679026666664,0.8008888888888887,4.6445794,4.6536126,4.683043,4.753463,4.598025,1,1.0,1,0.75,-0.74,16.7,83.3
2023-04-08 02:30:00,167.129147766672,113.48240493889,113.502959650002,19.640740776666668,0.716,27.183333333333334,2,5.1764362714980825,70.66250196097344,2,5,4,0.4999999999999999,0.8660254037844387,-0.9749279121818236,-0.2225209339563146,0.8660254037844387,-0.4999999999999998,0.0,0.0,0.0,9.75,17.8,0.0,80.5,-5.2,3.3260813,0.0,-2.3,19.72222225,27.15,27.5,27.5,27.816666666666663,27.15,-18.924740776666667,-0.1925925733333287,-0.0533333333333333,0.7693333333333333,0.614,19.70740743555556,0.7717777777777775,4.598025,4.6445794,4.6536126,4.683043,4.614405,0,1.0,1,0.75,-0.79,18.1,81.9
2023-04-08 02:45:00,125.615530627782,84.46967664444401,84.489398105554,19.72222225,0.614,27.15,2,5.1764362714980825,70.66250196097344,2,5,4,0.4999999999999999,0.8660254037844387,-0.9749279121818236,-0.2225209339563146,0.8660254037844387,-0.4999999999999998,0.0,0.0,0.0,9.825,17.700000000000003,0.0,81.75,-5.1,3.354068,0.0,-2.4,19.80000002,27.183333333333334,27.15,27.5,27.5,26.816666666666663,-19.10822225,0.0814814733333335,-0.1019999999999999,0.716,0.558,19.73209879222222,0.6997777777777774,4.614405,4.598025,4.6445794,4.6536126,4.5785975,0,1.0,0,0.75,-0.77,17.5,82.5
2023-04-08 03:00:00,85.183814694446,45.767613688888,45.782057544444,19.80000002,0.558,26.816666666666663,1,5.1764362714980825,70.66250196097344,3,5,4,0.7071067811865476,0.7071067811865476,-0.9749279121818236,-0.2225209339563146,0.8660254037844387,-0.4999999999999998,0.0,0.0,0.0,9.9,17.6,0.0,83.0,-5.0,3.3814785,0.0,-2.5,19.65555556,27.15,27.183333333333334,27.15,27.5,26.85,-19.242000020000003,0.0777777700000008,-0.0559999999999999,0.614,0.4013333333333334,19.720987682222223,0.629333333333333,4.5785975,4.614405,4.598025,4.6445794,4.545595,0,1.0,1,0.75,-0.75,17.0,83.0
2023-04-08 03:15:00,201.211673494442,141.104077844444,141.127688016666,19.65555556,0.4013333333333334,26.85,2,5.1764362714980825,70.66250196097344,3,5,4,0.7071067811865476,0.7071067811865476,-0.9749279121818236,-0.2225209339563146,0.8660254037844387,-0.4999999999999998,0.0,0.0,0.0,10.1,17.975,0.0,83.75,-4.95,3.3940644,0.0,-2.575,19.84999999333333,26.816666666666663,27.15,27.183333333333334,27.15,26.816666666666663,-19.254222226666663,-0.1444444600000025,-0.1566666666666666,0.558,0.3353333333333333,19.725925943333337,0.5244444444444442,4.545595,4.5785975,4.614405,4.598025,4.592041,0,0.0,1,1.0,-0.79,18.1,81.9
2023-04-08 03:30:00,57.404925894446,0.0,0.0,19.84999999333333,0.3353333333333333,26.816666666666663,0,5.1764362714980825,70.66250196097344,3,5,4,0.7071067811865476,0.7071067811865476,-0.9749279121818236,-0.2225209339563146,0.8660254037844387,-0.4999999999999998,0.0,0.0,0.0,10.3,18.35,0.0,84.5,-4.9,3.4064121,0.0,-2.65,19.67777776,26.85,26.816666666666663,27.15,27.183333333333334,26.55,-19.51466666,0.1944444333333308,-0.066,0.4013333333333334,0.2446666666666667,19.768518524444445,0.4315555555555553,4.592041,4.545595,4.5785975,4.614405,4.5006733,1,1.0,1,0.75,-0.74,16.6,83.4
2023-04-08 03:45:00,136.985075861114,97.529709755556,97.551375588888,19.67777776,0.2446666666666667,26.55,2,5.1764362714980825,70.66250196097344,3,5,4,0.7071067811865476,0.7071067811865476,-0.9749279121818236,-0.2225209339563146,0.8660254037844387,-0.4999999999999998,0.0,0.0,0.0,10.5,18.725,0.0,85.25,-4.85,3.4185238,0.0,-2.725,19.69259257333333,26.816666666666663,26.85,26.816666666666663,27.15,26.78333333333333,-19.43311109333333,-0.1722222333333292,-0.0906666666666666,0.3353333333333333,0.1693333333333333,19.72777777111111,0.3271111111111108,4.5006733,4.592041,4.545595,4.5785975,4.5441775,0,1.0,1,0.75,-0.78,17.9,82.1
2023-04-08 04:00:00,141.933489050002,98.369676155556,98.388564266668,19.69259257333333,0.1693333333333333,26.78333333333333,2,5.1764362714980825,70.66250196097344,4,5,4,0.8660254037844386,0.5000000000000001,-0.9749279121818236,-0.2225209339563146,0.8660254037844387,-0.4999999999999998,0.0,0.0,0.0,10.7,19.1,0.0,86.0,-4.8,3.4304008,0.0,-2.8,19.80555553,26.55,26.816666666666663,26.85,26.816666666666663,26.5,-19.52325924,0.0148148133333307,-0.0753333333333333,0.2446666666666667,0.1346666666666666,19.740123442222224,0.2497777777777775,4.5441775,4.5006733,4.592041,4.545595,4.5260053,0,1.0,0,0.75,-0.78,17.8,82.2
2023-04-08 04:15:00,85.626852555556,29.58353886111,29.595205044444,19.80555553,0.1346666666666666,26.5,1,5.1764362714980825,70.66250196097344,4,5,4,0.8660254037844386,0.5000000000000001,-0.9749279121818236,-0.2225209339563146,0.8660254037844387,-0.4999999999999998,0.0,0.0,0.0,10.525,19.1,0.0,86.75,-4.775,3.4420462,0.0,-2.875,19.59444446333333,26.78333333333333,26.55,26.816666666666663,26.85,26.683333333333334,-19.67088886333333,0.1129629566666672,-0.0346666666666666,0.1693333333333333,0.09,19.725308621111115,0.1828888888888885,4.5260053,4.5441775,4.5006733,4.592041,4.501194,0,1.0,1,0.75,-0.75,17.0,83.0
2023-04-08 04:30:00,181.692176472222,128.197649655556,128.220426527778,19.59444446333333,0.09,26.683333333333334,2,5.1764362714980825,70.66250196097344,4,5,4,0.8660254037844386,0.5000000000000001,-0.9749279121818236,-0.2225209339563146,0.8660254037844387,-0.4999999999999998,0.0,0.0,0.0,10.35,19.1,0.0,87.5,-4.75,3.4534616,0.0,-2.95,19.74444442,26.5,26.78333333333333,26.55,26.816666666666663,26.65,-19.50444446333333,-0.2111110666666675,-0.0446666666666666,0.1346666666666666,0.0686666666666666,19.69753085555556,0.131333333333333,4.501194,4.5260053,4.5441775,4.5006733,4.535336,0,0.0,1,1.0,-0.8,18.6,81.4
2023-04-08 04:45:00,57.93518233334,17.691514527778,17.703736255556002,19.74444442,0.0686666666666666,26.65,1,5.1764362714980825,70.66250196097344,4,5,4,0.8660254037844386,0.5000000000000001,-0.9749279121818236,-0.2225209339563146,0.8660254037844387,-0.4999999999999998,0.0,0.0,0.0,10.175,19.1,0.0,88.25,-4.725,3.4646473,0.0,-3.025,19.585185176666663,26.683333333333334,26.5,26.78333333333333,26.55,26.5,-19.675777753333332,0.1499999566666687,-0.0213333333333333,0.09,-0.04,19.714814804444448,0.0977777777777774,4.535336,4.501194,4.5260053,4.5441775,4.467838,0,0.0,1,1.0,-0.77,17.4,82.6
2023-04-08 05:00:00,148.964874566664,99.384635555556,99.403523733332,19.585185176666663,-0.04,26.5,2,5.1764362714980825,70.66250196097344,5,5,4,0.9659258262890684,0.2588190451025207,-0.9749279121818236,-0.2225209339563146,0.8660254037844387,-0.4999999999999998,0.0,0.0,0.0,10.0,19.1,0.0,89.0,-4.7,3.4756074,0.0,-3.1,19.63333335,26.65,26.683333333333334,26.5,26.78333333333333,26.45,-19.625185176666665,-0.1592592433333344,-0.1086666666666666,0.0686666666666666,-0.04,19.64135802,0.0395555555555552,4.467838,4.535336,4.501194,4.5260053,4.472037,0,0.0,1,1.0,-0.81,18.7,81.3
2023-04-08 05:15:00,134.32073803889,90.900808255556,90.918863083334,19.63333335,-0.04,26.45,2,5.1764362714980825,70.66250196097344,5,5,4,0.9659258262890684,0.2588190451025207,-0.9749279121818236,-0.2225209339563146,0.8660254037844387,-0.4999999999999998,0.0,0.0,0.0,9.75,18.725,0.0,89.5,-4.675,3.4766307,0.0,-3.175,19.72037037,26.5,26.65,26.683333333333334,26.5,26.03333333333333,-19.67333335,0.0481481733333346,0.0,-0.04,-0.032,19.654320982222227,-0.003777777777778,4.472037,4.467838,4.535336,4.501194,4.4241366,0,0.0,0,1.0,-0.79,18.3,81.7
2023-04-08 05:30:00,85.537689505554,30.133239072222,30.146571872222,19.72037037,-0.032,26.03333333333333,1,5.1764362714980825,70.66250196097344,5,5,4,0.9659258262890684,0.2588190451025207,-0.9749279121818236,-0.2225209339563146,0.8660254037844387,-0.4999999999999998,0.0,0.0,0.0,9.5,18.35,0.0,90.0,-4.65,3.4775345,0.0,-3.25,19.49999999,26.45,26.5,26.65,26.683333333333334,26.35,-19.75237037,0.0870370200000003,0.008,-0.04,-0.15,19.64629629888889,-0.0373333333333336,4.4241366,4.472037,4.467838,4.535336,4.4203634,0,0.0,1,1.0,-0.78,17.7,82.3
2023-04-08 05:45:00,185.736181138898,132.232488255556,132.25582063889,19.49999999,-0.15,26.35,2,5.1764362714980825,70.66250196097344,5,5,4,0.9659258262890684,0.2588190451025207,-0.9749279121818236,-0.2225209339563146,0.8660254037844387,-0.4999999999999998,0.0,0.0,0.0,9.25,17.975,0.0,90.5,-4.625,3.4783194,0.0,-3.325,19.73333335333333,26.03333333333333,26.45,26.5,26.65,26.316666666666663,-19.64999999,-0.2203703800000021,-0.118,-0.032,-0.2413333333333333,19.61790123666667,-0.0740000000000003,4.4203634,4.4241366,4.472037,4.467838,4.47569,0,0.0,1,1.0,-0.83,19.4,80.6
2023-04-08 06:00:00,93.28571283889,53.812291888888,53.829513433332,19.73333335333333,-0.2413333333333333,26.316666666666663,1,5.1764362714980825,70.66250196097344,6,5,4,1.0,6.123233995736766e-17,-0.9749279121818236,-0.2225209339563146,0.8660254037844387,-0.4999999999999998,0.0,0.0,0.0,9.0,17.6,0.0,91.0,-4.6,3.4789867,0.0,-3.4,19.68888889,26.35,26.03333333333333,26.45,26.5,26.05,-19.974666686666662,0.2333333633333332,-0.0913333333333333,-0.15,-0.33,19.651234571111114,-0.1411111111111114,4.47569,4.4203634,4.4241366,4.472037,4.418796,0,0.0,1,1.0,-0.77,17.6,82.4
2023-04-08 06:15:00,120.374907077776,80.917040972222,80.93565134444401,19.68888889,-0.33,26.05,2,5.1764362714980825,70.66250196097344,6,5,4,1.0,6.123233995736766e-17,-0.9749279121818236,-0.2225209339563146,0.8660254037844387,-0.4999999999999998,1.25,0.3125,0.1041666666666666,8.85,17.075000000000003,0.0,91.25,-4.6,3.4823627,0.0,-3.425,19.66111112333333,26.316666666666663,26.35,26.03333333333333,26.45,26.466666666666665,-20.01888889,-0.0444444633333347,-0.0886666666666666,-0.2413333333333333,-0.4166666666666667,19.640740744444447,-0.2404444444444447,4.418796,4.47569,4.4203634,4.4241366,4.48216,0,0.0,1,1.0,-0.78,18.0,82.0
2023-04-08 06:30:00,185.478413850002,121.473196427778,121.494584455556,19.66111112333333,-0.4166666666666667,26.466666666666665,2,5.1764362714980825,70.66250196097344,6,5,4,1.0,6.123233995736766e-17,-0.9749279121818236,-0.2225209339563146,0.8660254037844387,-0.4999999999999998,2.5,0.9375,0.3125,8.7,16.55,0.0,91.5,-4.6,3.4857154,0.0,-3.45,19.81111108,26.05,26.316666666666663,26.35,26.03333333333333,26.15,-20.077777790000003,-0.0277777666666629,-0.0866666666666666,-0.33,-0.516,19.69444445555556,-0.3293333333333336,4.48216,4.418796,4.47569,4.4203634,4.467684,0,0.0,0,1.0,-0.79,18.1,81.9
2023-04-08 06:45:00,69.278062050002,20.873887211112,20.887775555556,19.81111108,-0.516,26.15,1,5.1764362714980825,70.66250196097344,6,5,4,1.0,6.123233995736766e-17,-0.9749279121818236,-0.2225209339563146,0.8660254037844387,-0.4999999999999998,3.75,1.875,0.625,8.55,16.025,0.0,91.75,-4.6,3.489043,0.0,-3.475,19.625925913333333,26.466666666666665,26.05,26.316666666666663,26.35,26.183333333333334,-20.32711108,0.1499999566666652,-0.0993333333333333,-0.4166666666666667,-0.422,19.720370364444445,-0.4208888888888891,4.467684,4.48216,4.418796,4.47569,4.425025,0,0.0,1,1.0,-0.76,17.0,83.0
2023-04-08 07:00:00,167.583852061106,128.3048676,128.329033333332,19.625925913333333,-0.422,26.183333333333334,2,5.1764362714980825,70.66250196097344,7,5,4,0.9659258262890684,-0.2588190451025206,-0.9749279121818236,-0.2225209339563146,0.8660254037844387,-0.4999999999999998,5.0,3.125,1.0416666666666667,8.4,15.5,0.0,92.0,-4.6,3.492347,0.0,-3.5,19.79444445,26.15,26.466666666666665,26.05,26.316666666666663,26.1,-20.047925913333334,-0.1851851666666668,0.094,-0.516,-0.13,19.699382705555557,-0.4515555555555559,4.425025,4.467684,4.48216,4.418796,4.454785,0,0.0,1,1.0,-0.8,18.4,81.6
2023-04-08 07:15:00,99.849339233332,53.68674136111,53.70257406111,19.79444445,-0.13,26.1,1,5.1764362714980825,70.66250196097344,7,5,4,0.9659258262890684,-0.2588190451025206,-0.9749279121818236,-0.2225209339563146,0.8660254037844387,-0.4999999999999998,33.0,11.0625,3.7916666666666665,7.575,15.4,0.0,89.25,-4.475,3.528757,0.0,-2.925,19.70370373333333,26.183333333333334,26.15,26.466666666666665,26.05,25.716666666666665,-19.92444445,0.1685185366666672,0.292,-0.422,0.35,19.74382714777778,-0.3560000000000003,4.454785,4.425025,4.467684,4.48216,4.3660493,0,0.0,1,1.0,-0.76,17.2,82.8
2023-04-08 07:30:00,121.532360627782,69.031405316666,69.049182355556,19.70370373333333,0.35,25.716666666666665,1,5.1764362714980825,70.66250196097344,7,5,4,0.9659258262890684,-0.2588190451025206,-0.9749279121818236,-0.2225209339563146,0.8660254037844387,-0.4999999999999998,61.0,25.6875,8.875,6.75,15.3,0.0,86.5,-4.35,3.5614512,0.0,-2.35,19.61666667,26.1,26.183333333333334,26.15,26.466666666666665,26.25,-19.353703733333333,-0.0907407166666658,0.48,-0.13,0.4653333333333334,19.70802469888889,-0.0673333333333336,4.3660493,4.454785,4.425025,4.467684,4.4338794,0,0.0,0,1.0,-0.78,17.9,82.1
2023-04-08 07:45:00,150.890075388884,97.696091983334,97.717757816666,19.61666667,0.4653333333333334,26.25,2,5.1764362714980825,70.66250196097344,7,5,4,0.9659258262890684,-0.2588190451025206,-0.9749279121818236,-0.2225209339563146,0.8660254037844387,-0.4999999999999998,89.0,47.0,16.291666666666668,5.925,15.2,0.0,83.75,-4.225,3.5901012,0.0,-1.775,19.77777775,25.716666666666665,26.1,26.183333333333334,26.15,25.566666666666663,-19.151333336666664,-0.0870370633333372,0.1153333333333334,0.35,1.5086666666666666,19.704938284444445,0.2284444444444441,4.4338794,4.3660493,4.454785,4.425025,4.3594904,0,0.0,1,1.0,-0.8,18.5,81.5
2023-04-08 08:00:00,65.360163172226,21.4383091,21.451086372222,19.77777775,1.5086666666666666,25.566666666666663,1,5.1764362714980825,70.66250196097344,8,5,4,0.8660254037844387,-0.4999999999999998,-0.9749279121818236,-0.2225209339563146,0.8660254037844387,-0.4999999999999998,117.0,75.0,26.041666666666668,5.1,15.1,0.0,81.0,-4.1,3.614369,0.0,-1.2,19.666666650000003,26.25,25.716666666666665,26.1,26.183333333333334,25.85,-18.26911108333333,0.1611110800000013,1.0433333333333332,0.4653333333333334,2.1546666666666665,19.699382717777777,0.7746666666666663,4.3594904,4.4338794,4.3660493,4.454785,4.3791547,0,0.0,1,1.0,-0.77,17.4,82.6
2023-04-08 08:15:00,185.258422716666,129.066503766668,129.088169566668,19.666666650000003,2.1546666666666665,25.85,2,5.1764362714980825,70.66250196097344,8,5,4,0.8660254037844387,-0.4999999999999998,-0.9749279121818236,-0.2225209339563146,0.8660254037844387,-0.4999999999999998,166.0,108.25,39.875,5.0,15.275,0.0,74.5,-4.699999999999999,3.483787,0.0,-0.5249999999999999,19.94074073333333,25.566666666666663,26.25,25.716666666666665,26.1,25.816666666666663,-17.511999983333336,-0.1111110999999951,0.6459999999999999,1.5086666666666666,2.992,19.687037023333332,1.376222222222222,4.3791547,4.3594904,4.4338794,4.3660493,4.444375,0,0.0,1,1.0,-0.79,18.2,81.8
2023-04-08 08:30:00,301.810149294446,0.0,0.0,19.94074073333333,2.992,25.816666666666663,0,5.1764362714980825,70.66250196097344,8,5,4,0.8660254037844387,-0.4999999999999998,-0.9749279121818236,-0.2225209339563146,0.8660254037844387,-0.4999999999999998,215.0,146.75,57.79166666666666,4.9,15.45,0.0,68.0,-5.3,3.3314703,0.0,0.1500000000000001,20.34444446,25.85,25.566666666666663,26.25,25.716666666666665,25.15,-16.94874073333333,0.2740740833333284,0.8373333333333335,2.1546666666666665,3.662,19.795061711111117,2.218444444444444,4.444375,4.3791547,4.3594904,4.4338794,4.433061,1,1.0,1,0.75,-0.73,16.1,83.9
2023-04-08 08:45:00,118.754416433328,58.02073466111,58.035734077776,20.34444446,3.662,25.15,1,5.1764362714980825,70.66250196097344,8,5,4,0.8660254037844387,-0.4999999999999998,-0.9749279121818236,-0.2225209339563146,0.8660254037844387,-0.4999999999999998,264.0,190.5,79.79166666666667,4.8,15.625,0.0,61.5,-5.9,3.1558676,0.0,0.825,20.77962962,25.816666666666663,25.85,25.566666666666663,26.25,24.816666666666663,-16.68244446,0.4037037266666665,0.6699999999999999,2.992,3.899333333333333,19.98395061444445,2.936222222222222,4.433061,4.444375,4.3791547,4.3594904,4.4867096,0,1.0,1,0.75,-0.64,13.6,86.4
2023-04-08 09:00:00,128.871233794446,74.75978723889,74.776453205558,20.77962962,3.899333333333333,24.816666666666663,2,5.1764362714980825,70.66250196097344,9,5,4,0.7071067811865476,-0.7071067811865475,-0.9749279121818236,-0.2225209339563146,0.8660254037844387,-0.4999999999999998,313.0,239.5,105.875,4.7,15.8,0.0,55.0,-6.5,2.95535,0.0,1.5,21.36111108,25.15,25.816666666666663,25.85,25.566666666666663,24.1,-16.880296286666663,0.4351851599999996,0.2373333333333334,3.662,3.9133333333333336,20.35493827111111,3.517777777777777,4.4867096,4.433061,4.444375,4.3791547,4.5067782,0,1.0,1,0.75,-0.54,11.2,88.8
2023-04-08 09:15:00,44.546551266672,0.0,0.0,21.36111108,3.9133333333333336,24.1,0,5.1764362714980825,70.66250196097344,9,5,4,0.7071067811865476,-0.7071067811865475,-0.9749279121818236,-0.2225209339563146,0.8660254037844387,-0.4999999999999998,361.75,288.4375,135.91666666666666,4.975,16.7,0.0,51.0,-7.275,2.8111238,0.0,1.875,21.68148146,24.816666666666663,25.15,25.816666666666663,25.85,23.35,-17.447777746666667,0.5814814600000027,0.0140000000000002,3.899333333333333,4.056,20.82839505333333,3.824888888888889,4.5067782,4.4867096,4.433061,4.444375,4.44823,1,2.0,1,0.5,-0.41,8.6,91.4
2023-04-08 09:30:00,89.456977027782,48.750827672222,48.766382633332,21.68148146,4.056,23.35,1,5.1764362714980825,70.66250196097344,9,5,4,0.7071067811865476,-0.7071067811865475,-0.9749279121818236,-0.2225209339563146,0.8660254037844387,-0.4999999999999998,410.5,337.3125,169.91666666666666,5.25,17.6,0.0,47.0,-8.05,2.6572747,0.0,2.25,22.11111112,24.1,24.816666666666663,25.15,25.816666666666663,22.95,-17.62548146,0.3203703799999999,0.1426666666666665,3.9133333333333336,3.3920000000000003,21.274074053333333,3.956222222222222,4.44823,4.5067782,4.4867096,4.433061,4.481759,0,1.0,1,0.75,-0.34,7.5,92.5
2023-04-08 09:45:00,142.313196111112,76.46305248888801,76.48027400000001,22.11111112,3.3920000000000003,22.95,2,5.1764362714980825,70.66250196097344,9,5,4,0.7071067811865476,-0.7071067811865475,-0.9749279121818236,-0.2225209339563146,0.8660254037844387,-0.4999999999999998,459.25,386.125,207.875,5.525,18.5,0.0,43.0,-8.825,2.4934535,0.0,2.625,22.683333333333334,23.35,24.1,24.816666666666663,25.15,22.35,-18.71911112,0.4296296599999962,-0.6639999999999997,4.056,4.782,21.71790122,3.7871111111111113,4.481759,4.44823,4.5067782,4.4867096,4.5105157,0,1.0,1,0.75,-0.25,6.3,93.7
2023-04-08 10:00:00,55.490280183338,0.0,0.0,22.683333333333334,4.782,22.35,0,5.1764362714980825,70.66250196097344,10,5,4,0.4999999999999999,-0.8660254037844387,-0.9749279121818236,-0.2225209339563146,0.8660254037844387,-0.4999999999999998,508.0,434.875,249.79166666666663,5.8,19.4,0.0,39.0,-9.6,2.3193011,0.0,3.0,23.02222225,22.95,23.35,24.1,24.816666666666663,21.65,-17.901333333333334,0.5722222133333368,1.3899999999999997,3.3920000000000003,5.250666666666667,22.15864197111111,4.076666666666667,4.5105157,4.481759,4.44823,4.5067782,4.454875,1,2.0,1,0.5,-0.12,5.3,94.7
2023-04-08 10:15:00,43.985184788896,0.0,0.0,23.02222225,5.250666666666667,21.65,0,5.1764362714980825,70.66250196097344,10,5,4,0.4999999999999999,-0.8660254037844387,-0.9749279121818236,-0.2225209339563146,0.8660254037844387,-0.4999999999999998,549.75,481.875,292.8541666666667,5.75,19.675,0.0,38.25,-9.55,2.3209572,0.0,3.3,23.312962953333333,22.35,22.95,23.35,24.1,21.316666666666663,-17.771555583333335,0.3388889166666686,0.4686666666666665,4.782,5.581333333333333,22.60555556777778,4.474888888888889,4.454875,4.5105157,4.481759,4.44823,4.459751,0,2.0,0,0.5,-0.05,5.0,95.0
2023-04-08 10:30:00,156.81844917778,105.991593466668,106.013814794446,23.312962953333333,5.581333333333333,21.316666666666663,2,5.1764362714980825,70.66250196097344,10,5,4,0.4999999999999999,-0.8660254037844387,-0.9749279121818236,-0.2225209339563146,0.8660254037844387,-0.4999999999999998,591.5,527.125,337.0625,5.699999999999999,19.95,0.0,37.5,-9.5,2.3216038,0.0,3.6,23.79444445,21.65,22.35,22.95,23.35,20.95,-17.73162962,0.2907407033333307,0.3306666666666666,5.250666666666667,5.708,23.00617284555556,5.204666666666666,4.459751,4.454875,4.5105157,4.481759,4.5049105,0,2.0,1,0.5,0.02,5.0,95.0
2023-04-08 10:45:00,65.274333322224,16.776828883334,16.787383994446,23.79444445,5.708,20.95,1,5.1764362714980825,70.66250196097344,10,5,4,0.4999999999999999,-0.8660254037844387,-0.9749279121818236,-0.2225209339563146,0.8660254037844387,-0.4999999999999998,633.25,570.625,382.4166666666667,5.65,20.225,0.0,36.75,-9.45,2.321206,0.0,3.9,24.15740741,21.316666666666663,21.65,22.35,22.95,20.35,-18.08644445,0.4814814966666674,0.1266666666666669,5.581333333333333,5.332666666666666,23.37654321777778,5.513333333333333,4.5049105,4.459751,4.454875,4.5105157,4.467,0,2.0,1,0.5,0.13,5.4,94.6
2023-04-08 11:00:00,60.282866405554,0.0,0.0,24.15740741,5.332666666666666,20.35,0,5.1764362714980825,70.66250196097344,11,5,4,0.258819045102521,-0.9659258262890682,-0.9749279121818236,-0.2225209339563146,0.8660254037844387,-0.4999999999999998,675.0,612.375,428.9166666666667,5.6,20.5,0.0,36.0,-9.4,2.3197255,0.0,4.2,24.41111109,20.95,21.316666666666663,21.65,22.35,20.0,-18.824740743333336,0.3629629600000008,-0.3753333333333337,5.708,4.751333333333333,23.754938271111115,5.540666666666667,4.467,4.5049105,4.459751,4.454875,4.4537144,1,2.0,1,0.5,0.21,5.9,94.1
2023-04-08 11:15:00,54.394768505558,0.0,0.0,24.41111109,4.751333333333333,20.0,0,5.1764362714980825,70.66250196097344,11,5,4,0.258819045102521,-0.9659258262890682,-0.9749279121818236,-0.2225209339563146,0.8660254037844387,-0.4999999999999998,705.75,651.375,473.8958333333333,5.5,20.425,0.0,35.75,-9.2,2.3538926,0.0,4.525,24.640740723333334,20.35,20.95,21.316666666666663,21.65,19.816666666666663,-19.65977775666667,0.253703680000001,-0.5813333333333333,5.332666666666666,5.359333333333334,24.12098765,5.263999999999999,4.4537144,4.467,4.5049105,4.459751,4.470549,0,2.0,0,0.5,0.27,6.5,93.5
2023-04-08 11:30:00,95.185359299992,53.253147588888005,53.270369149998,24.640740723333334,5.359333333333334,19.816666666666663,1,5.1764362714980825,70.66250196097344,11,5,4,0.258819045102521,-0.9659258262890682,-0.9749279121818236,-0.2225209339563146,0.8660254037844387,-0.4999999999999998,736.5,687.625,517.3541666666666,5.4,20.35,0.0,35.5,-9.0,2.3883073,0.0,4.85,24.94444444,20.0,20.35,20.95,21.316666666666663,19.5,-19.28140739,0.2296296333333316,0.6080000000000005,4.751333333333333,6.467333333333333,24.403086407777774,5.147777777777778,4.470549,4.4537144,4.467,4.5049105,4.4751363,0,2.0,1,0.5,0.32,7.1,92.9
2023-04-08 11:45:00,107.818187116666,65.397939544444,65.415161072222,24.94444444,6.467333333333333,19.5,1,5.1764362714980825,70.66250196097344,11,5,4,0.258819045102521,-0.9659258262890682,-0.9749279121818236,-0.2225209339563146,0.8660254037844387,-0.4999999999999998,767.25,721.125,559.2916666666666,5.3,20.275,0.0,35.25,-8.8,2.422964,0.0,5.175,25.300000016666665,19.816666666666663,20.0,20.35,20.95,19.5,-18.477111106666666,0.3037037166666643,1.1079999999999997,5.359333333333334,6.044,24.665432084444447,5.526,4.4751363,4.470549,4.4537144,4.467,4.5655823,0,2.0,0,0.5,0.39,8.1,91.9
2023-04-08 12:00:00,64.061604149998,0.0,0.0,25.300000016666665,6.044,19.5,0,5.1764362714980825,70.66250196097344,12,5,4,1.2246467991473532e-16,-1.0,-0.9749279121818236,-0.2225209339563146,0.8660254037844387,-0.4999999999999998,798.0,751.875,599.7083333333334,5.2,20.2,0.0,35.0,-8.6,2.4578586,0.0,5.5,25.47777778,19.5,19.816666666666663,20.0,20.35,19.15,-19.256000016666665,0.3555555766666671,-0.4233333333333338,6.467333333333333,5.932666666666666,24.96172839333333,5.956888888888888,4.5655823,4.4751363,4.470549,4.4537144,4.528624,1,2.0,1,0.5,0.47,9.6,90.4
2023-04-08 12:15:00,57.514921461114,0.0,0.0,25.47777778,5.932666666666666,19.15,0,5.1764362714980825,70.66250196097344,12,5,4,1.2246467991473532e-16,-1.0,-0.9749279121818236,-0.2225209339563146,0.8660254037844387,-0.4999999999999998,814.25,779.0,637.4166666666666,5.125,20.275,0.0,35.0,-8.4,2.506803,0.0,5.8,25.62407408,19.5,19.5,19.816666666666663,20.0,19.0,-19.54511111333333,0.177777763333335,-0.1113333333333335,6.044,5.83,25.24074074555556,6.148,4.528624,4.5655823,4.4751363,4.470549,4.530174,0,2.0,0,0.5,0.51,10.4,89.6
2023-04-08 12:30:00,61.957799238894,22.607428966668,22.620206205558,25.62407408,5.83,19.0,1,5.1764362714980825,70.66250196097344,12,5,4,1.2246467991473532e-16,-1.0,-0.9749279121818236,-0.2225209339563146,0.8660254037844387,-0.4999999999999998,830.5,802.5,672.4166666666666,5.050000000000001,20.35,0.0,35.0,-8.2,2.5565972,0.0,6.1,25.68333336,19.15,19.5,19.5,19.816666666666663,19.05,-19.79407408,0.1462962999999995,-0.102666666666666,5.932666666666666,5.78,25.46728395888889,5.935555555555555,4.530174,4.528624,4.5655823,4.4751363,4.5572066,0,2.0,1,0.5,0.54,11.1,88.9
2023-04-08 12:45:00,140.84381052222,98.013579283334,98.0360784,25.68333336,5.78,19.05,2,5.1764362714980825,70.66250196097344,12,5,4,1.2246467991473532e-16,-1.0,-0.9749279121818236,-0.2225209339563146,0.8660254037844387,-0.4999999999999998,846.75,822.375,704.7083333333334,4.9750000000000005,20.425,0.0,35.0,-8.0,2.6072543,0.0,6.4,25.86296293,19.0,19.15,19.5,19.5,19.28333333333333,-19.90333336,0.0592592799999991,-0.0499999999999998,5.83,6.254,25.59506174,5.847555555555555,4.5572066,4.530174,4.528624,4.5655823,4.6596584,0,2.0,1,0.5,0.56,11.5,88.5
2023-04-08 13:00:00,58.084343266664,0.0,0.0,25.86296293,6.254,19.28333333333333,0,5.1764362714980825,70.66250196097344,13,5,4,-0.2588190451025208,-0.9659258262890684,-0.9749279121818236,-0.2225209339563146,0.8660254037844387,-0.4999999999999998,863.0,838.625,734.2916666666666,4.9,20.5,0.0,35.0,-7.8,2.6587856,0.0,6.7,25.9444444,19.05,19.0,19.15,19.5,19.05,-19.60896293,0.1796295699999994,0.4740000000000002,5.78,6.970666666666667,25.72345679,5.954666666666665,4.6596584,4.5572066,4.530174,4.528624,4.624304,1,2.0,1,0.5,0.6,12.5,87.5
2023-04-08 13:15:00,65.217391183334,0.0,0.0,25.9444444,6.970666666666667,19.05,0,5.1764362714980825,70.66250196097344,13,5,4,-0.2588190451025208,-0.9659258262890684,-0.9749279121818236,-0.2225209339563146,0.8660254037844387,-0.4999999999999998,864.0,851.0625,760.4791666666666,4.9750000000000005,20.325,13.5,34.5,-7.775,2.6638002,0.0,6.95,25.96481478666667,19.28333333333333,19.05,19.0,19.15,19.466666666666665,-18.97377773333333,0.0814814699999999,0.7166666666666668,6.254,8.281333333333333,25.830246896666665,6.33488888888889,4.624304,4.6596584,4.5572066,4.530174,4.7308345,0,2.0,0,0.5,0.62,13.0,87.0
2023-04-08 13:30:00,65.284055266664,0.0,0.0,25.96481478666667,8.281333333333333,19.466666666666665,0,5.1764362714980825,70.66250196097344,13,5,4,-0.2588190451025208,-0.9659258262890684,-0.9749279121818236,-0.2225209339563146,0.8660254037844387,-0.4999999999999998,865.0,859.6875,783.2708333333334,5.050000000000001,20.15,27.0,34.0,-7.75,2.6681745,0.0,7.2,25.91666667,19.05,19.28333333333333,19.05,19.0,19.45,-17.683481453333336,0.02037038666667,1.310666666666665,6.970666666666667,8.455333333333334,25.92407403888889,7.168666666666667,4.7308345,4.624304,4.6596584,4.5572066,4.7140746,0,3.0,0,0.25,0.63,13.2,86.8
2023-04-08 13:45:00,71.878791466664,0.0,0.0,25.91666667,8.455333333333334,19.45,0,5.1764362714980825,70.66250196097344,13,5,4,-0.2588190451025208,-0.9659258262890684,-0.9749279121818236,-0.2225209339563146,0.8660254037844387,-0.4999999999999998,866.0,864.5,802.6666666666666,5.125,19.975,40.5,33.5,-7.725,2.671889,0.0,7.45,25.77592592,19.466666666666665,19.05,19.28333333333333,19.05,19.03333333333333,-17.461333336666662,-0.0481481166666704,0.1740000000000012,8.281333333333333,8.516666666666667,25.94197528555556,7.902444444444444,4.7140746,4.7308345,4.624304,4.6596584,4.5768943,0,4.0,0,0.0,0.61,12.9,87.1
2023-04-08 14:00:00,107.635972205554,51.785150744444,51.800983427778,25.77592592,8.516666666666667,19.03333333333333,1,5.1764362714980825,70.66250196097344,14,5,4,-0.4999999999999997,-0.8660254037844388,-0.9749279121818236,-0.2225209339563146,0.8660254037844387,-0.4999999999999998,867.0,865.5,818.6666666666666,5.2,19.8,54.0,33.0,-7.7,2.6749237,0.0,7.7,25.70555555,19.45,19.466666666666665,19.05,19.28333333333333,19.0,-17.259259253333333,-0.1407407499999955,0.0613333333333336,8.455333333333334,8.0,25.88580245888889,8.417777777777777,4.5768943,4.7140746,4.7308345,4.624304,4.550907,0,3.0,1,0.25,0.58,12.0,88.0
2023-04-08 14:15:00,141.692943155556,85.8623987,85.882120127778,25.70555555,8.0,19.0,2,5.1764362714980825,70.66250196097344,14,5,4,-0.4999999999999997,-0.8660254037844388,-0.9749279121818236,-0.2225209339563146,0.8660254037844387,-0.4999999999999998,853.0,862.75,830.9375,5.475,20.35,40.75,32.5,-7.775,2.66004,0.0,7.85,25.68148146333333,19.03333333333333,19.45,19.466666666666665,19.05,19.0,-17.70555555,-0.0703703700000026,-0.5166666666666675,8.516666666666667,9.758,25.799382713333333,8.324,4.550907,4.5768943,4.7140746,4.7308345,4.544774,0,2.0,1,0.5,0.56,11.6,88.4
2023-04-08 14:30:00,70.96743905555199,0.0,0.0,25.68148146333333,9.758,19.0,0,5.1764362714980825,70.66250196097344,14,5,4,-0.4999999999999997,-0.8660254037844388,-0.9749279121818236,-0.2225209339563146,0.8660254037844387,-0.4999999999999998,839.0,856.25,839.4791666666666,5.75,20.9,27.5,32.0,-7.85,2.6445816,0.0,8.0,25.47222219,19.0,19.03333333333333,19.45,19.466666666666665,19.0,-15.923481463333331,-0.0240740866666655,1.758000000000001,8.0,8.948,25.72098764444445,8.758222222222223,4.544774,4.550907,4.5768943,4.7140746,4.491751,1,2.0,1,0.5,0.56,11.5,88.5
2023-04-08 14:45:00,278.616354949998,0.0,0.0,25.47222219,8.948,19.0,0,5.1764362714980825,70.66250196097344,14,5,4,-0.4999999999999997,-0.8660254037844388,-0.9749279121818236,-0.2225209339563146,0.8660254037844387,-0.4999999999999998,825.0,846.0,844.2916666666666,6.025,21.45,14.25,31.5,-7.925,2.6285403,0.0,8.15,25.15555554,19.0,19.0,19.03333333333333,19.45,19.0,-16.52422219,-0.209259273333334,-0.8100000000000005,9.758,8.466666666666667,25.61975306777778,8.902000000000001,4.491751,4.544774,4.550907,4.5768943,4.4125304,0,2.0,0,0.5,0.51,10.4,89.6
2023-04-08 15:00:00,62.739712444448,0.0,0.0,25.15555554,8.466666666666667,19.0,0,5.1764362714980825,70.66250196097344,15,5,4,-0.7071067811865471,-0.7071067811865479,-0.9749279121818236,-0.2225209339563146,0.8660254037844387,-0.4999999999999998,811.0,832.0,845.375,6.3,22.0,1.0,31.0,-8.0,2.611907,0.0,8.3,24.77777776,19.0,19.0,19.0,19.03333333333333,19.4,-16.688888873333333,-0.3166666499999984,-0.4813333333333336,8.948,8.5,25.436419731111112,9.057555555555556,4.4125304,4.491751,4.544774,4.550907,4.4105415,0,3.0,0,0.25,0.43,8.9,91.1
2023-04-08 15:15:00,155.384895422224,90.05278666111,90.07139706666399,24.77777776,8.5,19.4,2,5.1764362714980825,70.66250196097344,15,5,4,-0.7071067811865471,-0.7071067811865479,-0.9749279121818236,-0.2225209339563146,0.8660254037844387,-0.4999999999999998,783.25,814.5625,842.7916666666666,6.65,22.25,2.0,30.5,-8.1,2.578054,0.0,8.350000000000001,24.381481446666665,19.0,19.0,19.0,19.0,19.966666666666665,-16.27777776,-0.3777777800000024,0.0333333333333332,8.466666666666667,8.707333333333334,25.135185163333336,8.638222222222224,4.4105415,4.4125304,4.491751,4.544774,4.4388423,0,3.0,1,0.25,0.35,7.5,92.5
2023-04-08 15:30:00,147.301607849994,65.389328755556,65.405717,24.381481446666665,8.707333333333334,19.966666666666665,1,5.1764362714980825,70.66250196097344,15,5,4,-0.7071067811865471,-0.7071067811865479,-0.9749279121818236,-0.2225209339563146,0.8660254037844387,-0.4999999999999998,755.5,793.6875,836.5416666666666,7.0,22.5,3.0,30.0,-8.2,2.5439527,0.0,8.4,23.90555553,19.4,19.0,19.0,19.0,20.0,-15.674148113333333,-0.3962963133333339,0.2073333333333344,8.5,8.622666666666667,24.77160491555556,8.558000000000002,4.4388423,4.4105415,4.4125304,4.491751,4.327872,0,2.0,1,0.5,0.26,6.4,93.6
2023-04-08 15:45:00,143.267880338882,0.0,0.0,23.90555553,8.622666666666667,20.0,0,5.1764362714980825,70.66250196097344,15,5,4,-0.7071067811865471,-0.7071067811865479,-0.9749279121818236,-0.2225209339563146,0.8660254037844387,-0.4999999999999998,727.75,769.375,826.625,7.35,22.75,4.0,29.5,-8.3,2.5096014,0.0,8.45,23.275925930000003,19.966666666666665,19.4,19.0,19.0,20.0,-15.282888863333334,-0.4759259166666645,-0.0846666666666671,8.707333333333334,8.692666666666666,24.35493824555556,8.610000000000001,4.327872,4.4388423,4.4105415,4.4125304,4.1754494,1,2.0,1,0.5,0.15,5.5,94.5
2023-04-08 16:00:00,622.870361972222,70.9846605,71.00021546111,23.275925930000003,8.692666666666666,20.0,2,5.1764362714980825,70.66250196097344,16,5,4,-0.8660254037844385,-0.5000000000000004,-0.9749279121818236,-0.2225209339563146,0.8660254037844387,-0.4999999999999998,700.0,741.625,813.0416666666666,7.7,23.0,5.0,29.0,-8.4,2.4749997,0.0,8.5,22.83333335,20.0,19.966666666666665,19.4,19.0,20.45,-14.583259263333336,-0.6296295999999977,0.0699999999999985,8.622666666666667,8.816,23.85432096888889,8.674222222222221,4.1754494,4.327872,4.4388423,4.4105415,4.162705,0,1.0,1,0.75,0.0,5.0,95.0
2023-04-08 16:15:00,171.969787716662,116.208684816666,116.233683816666,22.83333335,8.816,20.45,2,5.1764362714980825,70.66250196097344,16,5,4,-0.8660254037844385,-0.5000000000000004,-0.9749279121818236,-0.2225209339563146,0.8660254037844387,-0.4999999999999998,660.5,710.9375,796.0833333333334,8.15,23.45,16.75,29.0,-8.475,2.4631073,0.0,8.425,22.63333337,20.0,20.0,19.966666666666665,19.4,21.616666666666667,-14.01733335,-0.442592580000003,0.1233333333333348,8.692666666666666,8.677999999999999,23.338271603333336,8.710444444444445,4.162705,4.1754494,4.327872,4.4388423,4.3500266,0,1.0,0,0.75,-0.1,5.2,94.8
2023-04-08 16:30:00,394.716432894446,0.0,0.0,22.63333337,8.677999999999999,21.616666666666667,0,5.1764362714980825,70.66250196097344,16,5,4,-0.8660254037844385,-0.5000000000000004,-0.9749279121818236,-0.2225209339563146,0.8660254037844387,-0.4999999999999998,621.0,677.3125,775.75,8.6,23.9,28.5,29.0,-8.55,2.4512641,0.0,8.35,22.383333330000003,20.45,20.0,20.0,19.966666666666665,22.0,-13.95533337,-0.1999999800000012,-0.1380000000000016,8.816,8.953333333333335,22.91419755,8.72888888888889,4.3500266,4.162705,4.1754494,4.327872,4.3640647,1,2.0,1,0.5,-0.14,5.4,94.6
2023-04-08 16:45:00,1236.416652372226,0.0,0.0,22.383333330000003,8.953333333333335,22.0,0,5.1764362714980825,70.66250196097344,16,5,4,-0.8660254037844385,-0.5000000000000004,-0.9749279121818236,-0.2225209339563146,0.8660254037844387,-0.4999999999999998,581.5,640.75,752.0416666666666,9.05,24.35,40.25,29.0,-8.625,2.4394712,0.0,8.275,22.11666668333333,21.616666666666667,20.45,20.0,20.0,22.0,-13.429999996666668,-0.2500000399999962,0.2753333333333359,8.677999999999999,8.881333333333334,22.61666668333333,8.815777777777777,4.3640647,4.3500266,4.162705,4.1754494,4.2976146,0,2.0,0,0.5,-0.19,5.8,94.2
2023-04-08 17:00:00,73.26262509443801,0.0,0.0,22.11666668333333,8.881333333333334,22.0,0,5.1764362714980825,70.66250196097344,17,5,4,-0.9659258262890684,-0.2588190451025206,-0.9749279121818236,-0.2225209339563146,0.8660254037844387,-0.4999999999999998,542.0,601.25,724.9583333333334,9.5,24.8,52.0,29.0,-8.7,2.4277272,0.0,8.2,21.86666665,22.0,21.616666666666667,20.45,20.0,22.2,-13.23533335,-0.2666666466666676,-0.0720000000000009,8.953333333333335,8.916666666666666,22.377777794444444,8.837555555555555,4.2976146,4.3640647,4.3500266,4.162705,4.2746253,0,3.0,0,0.25,-0.25,6.3,93.7
2023-04-08 17:15:00,117.203922805554,61.774195583334,61.790583844444,21.86666665,8.916666666666666,22.2,1,5.1764362714980825,70.66250196097344,17,5,4,-0.9659258262890684,-0.2588190451025206,-0.9749279121818236,-0.2225209339563146,0.8660254037844387,-0.4999999999999998,492.0,559.125,694.875,9.8,25.075,59.25,29.5,-8.725,2.4223013,0.0,7.899999999999999,21.698148156666665,22.0,22.0,21.616666666666667,20.45,24.23333333333333,-12.949999983333331,-0.2500000333333361,0.0353333333333321,8.881333333333334,8.740666666666668,22.12222222111112,8.917111111111112,4.2746253,4.2976146,4.3640647,4.3500266,4.620956,0,3.0,1,0.25,-0.31,7.0,93.0
2023-04-08 17:30:00,130.028132033332,73.103464611112,73.120408366668,21.698148156666665,8.740666666666668,24.23333333333333,2,5.1764362714980825,70.66250196097344,17,5,4,-0.9659258262890684,-0.2588190451025206,-0.9749279121818236,-0.2225209339563146,0.8660254037844387,-0.4999999999999998,442.0,514.375,661.7916666666666,10.1,25.35,66.5,30.0,-8.75,2.4160774,0.0,7.6,21.62222221,22.2,22.0,22.0,21.616666666666667,24.65,-12.957481489999996,-0.1685184933333339,-0.1759999999999983,8.916666666666666,9.168,21.893827163333334,8.846222222222222,4.620956,4.2746253,4.2976146,4.3640647,4.679825,0,2.0,1,0.5,-0.33,7.3,92.7
2023-04-08 17:45:00,68.994740149998,0.0,0.0,21.62222221,9.168,24.65,0,5.1764362714980825,70.66250196097344,17,5,4,-0.9659258262890684,-0.2588190451025206,-0.9749279121818236,-0.2225209339563146,0.8660254037844387,-0.4999999999999998,392.0,467.0,625.7083333333334,10.4,25.625,73.75,30.5,-8.775,2.4090858,0.0,7.3,21.32222224,24.23333333333333,22.2,22.0,22.0,24.5,-12.45422221,-0.0759259466666648,0.4273333333333333,8.740666666666668,8.598666666666666,21.72901233888889,8.941777777777778,4.679825,4.620956,4.2746253,4.2976146,4.571266,1,2.0,1,0.5,-0.35,7.5,92.5
2023-04-08 18:00:00,75.509201694446,20.234468355556,20.246690066668,21.32222224,8.598666666666666,24.5,1,5.1764362714980825,70.66250196097344,18,5,4,-1.0,-1.8369701987210294e-16,-0.9749279121818236,-0.2225209339563146,0.8660254037844387,-0.4999999999999998,342.0,417.0,586.625,10.7,25.9,81.0,31.0,-8.8,2.401353,0.0,7.0,21.06666668,24.65,24.23333333333333,22.2,22.0,24.9,-12.723555573333332,-0.2999999700000018,-0.5693333333333346,9.168,8.266,21.547530868888888,8.835777777777778,4.571266,4.679825,4.620956,4.2746253,4.577529,0,1.0,1,0.75,-0.42,8.7,91.3
2023-04-08 18:15:00,1008.260779188884,112.048573394446,112.073572411112,21.06666668,8.266,24.9,2,5.1764362714980825,70.66250196097344,18,5,4,-1.0,-1.8369701987210294e-16,-0.9749279121818236,-0.2225209339563146,0.8660254037844387,-0.4999999999999998,292.0,367.0,545.6875,9.75,25.55,85.75,33.75,-8.3,2.5306075,0.0,6.5,21.155555586666665,24.5,24.65,24.23333333333333,22.2,25.28333333333333,-12.80066668,-0.2555555599999977,-0.3326666666666664,8.598666666666666,7.992666666666667,21.337037043333336,8.677555555555555,4.577529,4.571266,4.679825,4.620956,4.6720467,0,1.0,1,0.75,-0.48,9.7,90.3
2023-04-08 18:30:00,171.804516477776,0.0,0.0,21.155555586666665,7.992666666666667,25.28333333333333,0,5.1764362714980825,70.66250196097344,18,5,4,-1.0,-1.8369701987210294e-16,-0.9749279121818236,-0.2225209339563146,0.8660254037844387,-0.4999999999999998,242.0,317.0,502.8958333333333,8.8,25.2,90.5,36.5,-7.800000000000001,2.6487577,0.0,6.0,21.02777779,24.9,24.5,24.65,24.23333333333333,24.95,-13.16288892,0.0888889066666642,-0.2733333333333334,8.266,7.865333333333334,21.181481502222223,8.285777777777776,4.6720467,4.577529,4.571266,4.679825,4.576374,1,2.0,1,0.5,-0.45,9.3,90.7
2023-04-08 18:45:00,53.715073511112,0.0,0.0,21.02777779,7.865333333333334,24.95,0,5.1764362714980825,70.66250196097344,18,5,4,-1.0,-1.8369701987210294e-16,-0.9749279121818236,-0.2225209339563146,0.8660254037844387,-0.4999999999999998,192.0,267.0,458.25,7.85,24.85,95.25,39.25,-7.3,2.7563128,0.0,5.5,20.772222226666667,25.28333333333333,24.9,24.5,24.65,24.9,-13.162444456666668,-0.1277777966666633,-0.1273333333333326,7.992666666666667,7.814666666666667,21.083333352222223,8.041333333333332,4.576374,4.6720467,4.577529,4.571266,4.4998364,0,2.0,0,0.5,-0.48,9.9,90.1
2023-04-08 19:00:00,160.723293011112,110.997226583334,111.021114527778,20.772222226666667,7.814666666666667,24.9,2,5.1764362714980825,70.66250196097344,19,5,4,-0.9659258262890684,0.2588190451025203,-0.9749279121818236,-0.2225209339563146,0.8660254037844387,-0.4999999999999998,142.0,217.0,411.75,6.9,24.5,100.0,42.0,-6.8,2.8537672,0.0,5.0,20.87777774,24.95,25.28333333333333,24.9,24.5,25.45,-12.95755556,-0.2555555633333348,-0.0506666666666673,7.865333333333334,7.514666666666667,20.98518520111111,7.890888888888889,4.4998364,4.576374,4.6720467,4.577529,4.6275616,0,2.0,1,0.5,-0.54,11.2,88.8
2023-04-08 19:15:00,99.746009950002,39.972012155556,39.986178238890005,20.87777774,7.514666666666667,25.45,1,5.1764362714980825,70.66250196097344,19,5,4,-0.9659258262890684,0.2588190451025203,-0.9749279121818236,-0.2225209339563146,0.8660254037844387,-0.4999999999999998,109.0,171.25,365.7916666666667,6.925000000000001,21.7,98.5,42.5,-6.95,2.8356793,0.0,4.725,20.86296292666667,24.9,24.95,25.28333333333333,24.9,24.85,-13.363111073333332,0.1055555133333321,-0.2999999999999998,7.814666666666667,7.240666666666667,20.89259258555556,7.7315555555555555,4.6275616,4.4998364,4.576374,4.6720467,4.5145717,0,2.0,1,0.5,-0.52,10.6,89.4
2023-04-08 19:30:00,54.578094438894,0.0,0.0,20.86296292666667,7.240666666666667,24.85,0,5.1764362714980825,70.66250196097344,19,5,4,-0.9659258262890684,0.2588190451025203,-0.9749279121818236,-0.2225209339563146,0.8660254037844387,-0.4999999999999998,76.0,129.75,320.375,6.95,18.9,97.0,43.0,-7.1,2.817199,0.0,4.45,20.61666669,25.45,24.9,24.95,25.28333333333333,24.6,-13.622296260000002,-0.0148148133333307,-0.274,7.514666666666667,6.892666666666667,20.837654297777775,7.523333333333333,4.5145717,4.6275616,4.4998364,4.576374,4.4055266,1,2.0,1,0.5,-0.52,10.7,89.3
2023-04-08 19:45:00,149.357358933328,99.692956572222,99.714622388888,20.61666669,6.892666666666667,24.6,2,5.1764362714980825,70.66250196097344,19,5,4,-0.9659258262890684,0.2588190451025203,-0.9749279121818236,-0.2225209339563146,0.8660254037844387,-0.4999999999999998,43.0,92.5,275.5,6.975,16.1,95.5,43.5,-7.25,2.798344,0.0,4.175,20.72037038,24.85,25.45,24.9,24.95,25.25,-13.724000023333332,-0.2462962366666694,-0.3479999999999998,7.240666666666667,6.598666666666667,20.785802452222224,7.216,4.4055266,4.5145717,4.6275616,4.4998364,4.549333,0,1.0,1,0.75,-0.58,12.1,87.9
2023-04-08 20:00:00,110.37641801667,52.469567783334,52.484567183334,20.72037038,6.598666666666667,25.25,1,5.1764362714980825,70.66250196097344,20,5,4,-0.8660254037844386,0.5000000000000001,-0.9749279121818236,-0.2225209339563146,0.8660254037844387,-0.4999999999999998,10.0,59.5,231.16666666666663,7.0,13.3,94.0,44.0,-7.4,2.7791312,0.0,3.9,20.73888887,24.6,24.85,25.45,24.9,24.7,-14.121703713333336,0.1037036900000032,-0.2939999999999996,6.892666666666667,6.250666666666667,20.733333332222227,6.910666666666667,4.549333,4.4055266,4.5145717,4.6275616,4.4550395,0,1.0,1,0.75,-0.55,11.4,88.6
2023-04-08 20:15:00,85.308531872226,0.0,0.0,20.73888887,6.250666666666667,24.7,0,5.1764362714980825,70.66250196097344,20,5,4,-0.8660254037844386,0.5000000000000001,-0.9749279121818236,-0.2225209339563146,0.8660254037844387,-0.4999999999999998,7.5,34.125,190.79166666666663,6.6,12.575,86.25,48.25,-6.775,2.9424922,0.0,3.375,20.525925933333333,25.25,24.6,24.85,25.45,24.78333333333333,-14.488222203333333,0.0185184899999981,-0.3480000000000007,6.598666666666667,5.9366666666666665,20.691975313333334,6.580666666666667,4.4550395,4.549333,4.4055266,4.5145717,4.4149427,1,2.0,1,0.5,-0.55,11.4,88.6
2023-04-08 20:30:00,81.474240916666,0.0,0.0,20.525925933333333,5.9366666666666665,24.78333333333333,0,5.1764362714980825,70.66250196097344,20,5,4,-0.8660254037844386,0.5000000000000001,-0.9749279121818236,-0.2225209339563146,0.8660254037844387,-0.4999999999999998,5.0,16.375,154.375,6.2,11.85,78.5,52.5,-6.15,3.090808,0.0,2.85,20.33888889,24.7,25.25,24.6,24.85,24.95,-14.589259266666666,-0.212962936666667,-0.314,6.250666666666667,5.886666666666667,20.661728394444445,6.2620000000000005,4.4149427,4.4550395,4.549333,4.4055266,4.396382,0,2.0,0,0.5,-0.6,12.6,87.4
2023-04-08 20:45:00,181.773562199996,100.416538727778,100.434593605554,20.33888889,5.886666666666667,24.95,2,5.1764362714980825,70.66250196097344,20,5,4,-0.8660254037844386,0.5000000000000001,-0.9749279121818236,-0.2225209339563146,0.8660254037844387,-0.4999999999999998,2.5,6.25,121.91666666666669,5.800000000000001,11.125,70.75,56.75,-5.525,3.2248242,0.0,2.325,20.462962966666662,24.78333333333333,24.7,25.25,24.6,25.75,-14.452222223333331,-0.1870370433333334,-0.0499999999999998,5.9366666666666665,5.612666666666667,20.53456789777778,6.024666666666668,4.396382,4.4149427,4.4550395,4.549333,4.5703306,0,2.0,1,0.5,-0.64,13.7,86.3
2023-04-08 21:00:00,154.99824423889,70.427182816666,70.44107116111,20.462962966666662,5.612666666666667,25.75,1,5.1764362714980825,70.66250196097344,21,5,4,-0.7071067811865477,0.7071067811865474,-0.9749279121818236,-0.2225209339563146,0.8660254037844387,-0.4999999999999998,0.0,3.75,93.41666666666669,5.4,10.4,63.0,61.0,-4.9,3.3452587,0.0,1.8,20.58888888,24.95,24.78333333333333,24.7,25.25,24.85,-14.8502963,0.1240740766666661,-0.274,5.886666666666667,5.492,20.442592596666668,5.812,4.5703306,4.396382,4.4149427,4.4550395,4.4430995,0,2.0,1,0.5,-0.61,12.8,87.2
2023-04-08 21:15:00,80.705105066664,0.0,0.0,20.58888888,5.492,24.85,0,5.1764362714980825,70.66250196097344,21,5,4,-0.7071067811865477,0.7071067811865474,-0.9749279121818236,-0.2225209339563146,0.8660254037844387,-0.4999999999999998,0.0,1.875,69.08333333333333,4.675000000000001,10.05,70.75,56.75,-5.875,3.1280644,0.0,1.875,20.362962976666665,25.75,24.95,24.78333333333333,24.7,24.966666666666665,-15.096888879999998,0.125925913333333,-0.1206666666666667,5.612666666666667,5.524,20.46358024555556,5.663777777777778,4.4430995,4.5703306,4.396382,4.4149427,4.4055076,1,2.0,1,0.5,-0.59,12.2,87.8
2023-04-08 21:30:00,73.235681655552,11.482040683334,11.487040566664,20.362962976666665,5.524,24.966666666666665,1,5.1764362714980825,70.66250196097344,21,5,4,-0.7071067811865477,0.7071067811865474,-0.9749279121818236,-0.2225209339563146,0.8660254037844387,-0.4999999999999998,0.0,0.625,48.91666666666666,3.95,9.7,78.5,52.5,-6.8500000000000005,2.908557,0.0,1.95,20.24999999,24.85,25.75,24.95,24.78333333333333,25.35,-14.838962976666664,-0.2259259033333336,0.032,5.492,5.381333333333333,20.47160494111111,5.542888888888889,4.4055076,4.4430995,4.5703306,4.396382,4.443728,0,1.0,1,0.75,-0.64,13.5,86.5
2023-04-08 21:45:00,187.081127438894,118.790803744444,118.806358705554,20.24999999,5.381333333333333,25.35,2,5.1764362714980825,70.66250196097344,21,5,4,-0.7071067811865477,0.7071067811865474,-0.9749279121818236,-0.2225209339563146,0.8660254037844387,-0.4999999999999998,0.0,0.0,32.916666666666664,3.225,9.35,86.25,48.25,-7.825000000000001,2.6867225,0.0,2.025,20.40740740333333,24.966666666666665,24.85,25.75,24.95,25.5,-14.868666656666663,-0.1129629866666661,-0.1426666666666669,5.524,5.266,20.40061728222222,5.465777777777777,4.443728,4.4055076,4.4430995,4.5703306,4.511308,0,1.0,1,0.75,-0.66,14.2,85.8
2023-04-08 22:00:00,130.793934799996,70.9729943,70.984382811108,20.40740740333333,5.266,25.5,2,5.1764362714980825,70.66250196097344,22,5,4,-0.5000000000000004,0.8660254037844384,-0.9749279121818236,-0.2225209339563146,0.8660254037844387,-0.4999999999999998,0.0,0.0,21.08333333333333,2.5,9.0,94.0,44.0,-8.8,2.4625437,0.0,2.1,20.50000001,25.35,24.966666666666665,24.85,25.75,24.8,-15.14140740333333,0.1574074133333312,-0.115333333333333,5.381333333333333,5.123333333333333,20.340123456666667,5.390444444444444,4.511308,4.443728,4.4055076,4.4430995,4.4112372,0,1.0,0,0.75,-0.62,13.2,86.8
2023-04-08 22:15:00,62.289175033332,0.0,0.0,20.50000001,5.123333333333333,24.8,0,5.1764362714980825,70.66250196097344,22,5,4,-0.5000000000000004,0.8660254037844384,-0.9749279121818236,-0.2225209339563146,0.8660254037844387,-0.4999999999999998,0.0,0.0,12.0,2.425,7.75,92.25,46.75,-8.275,2.5812364,0.0,1.9,20.283333326666664,25.5,25.35,24.966666666666665,24.85,24.5,-15.376666676666668,0.0925926066666704,-0.1426666666666669,5.266,4.974,20.385802467777776,5.256888888888889,4.4112372,4.511308,4.443728,4.4055076,4.3031015,1,1.0,1,0.75,-0.61,12.7,87.3
2023-04-08 22:30:00,321.157986433336,18.612033255556,18.617033072222,20.283333326666664,4.974,24.5,1,5.1764362714980825,70.66250196097344,22,5,4,-0.5000000000000004,0.8660254037844384,-0.9749279121818236,-0.2225209339563146,0.8660254037844387,-0.4999999999999998,0.0,0.0,5.666666666666667,2.35,6.5,90.5,49.5,-7.75,2.6962264,0.0,1.7000000000000002,20.14444445,24.8,25.5,25.35,24.966666666666665,24.9,-15.309333326666664,-0.2166666833333366,-0.1493333333333328,5.123333333333333,4.963333333333334,20.39691358,5.121111111111111,4.3031015,4.4112372,4.511308,4.443728,4.3379903,0,1.0,1,0.75,-0.66,14.1,85.9
2023-04-08 22:45:00,191.640389627778,131.799450044444,131.817227149998,20.14444445,4.963333333333334,24.9,2,5.1764362714980825,70.66250196097344,22,5,4,-0.5000000000000004,0.8660254037844384,-0.9749279121818236,-0.2225209339563146,0.8660254037844387,-0.4999999999999998,0.0,0.0,2.083333333333333,2.2750000000000004,5.25,88.75,52.25,-7.225,2.8075824,0.0,1.5,20.32777777333333,24.5,24.8,25.5,25.35,25.28333333333333,-15.181111116666663,-0.138888876666666,-0.0106666666666663,4.974,4.207333333333334,20.309259262222223,5.020222222222222,4.3379903,4.3031015,4.4112372,4.511308,4.452227,0,1.0,1,0.75,-0.69,14.9,85.1
2023-04-08 23:00:00,143.460928149994,83.532214144444,83.545269188888,20.32777777333333,4.207333333333334,25.28333333333333,2,5.1764362714980825,70.66250196097344,23,5,4,-0.2588190451025215,0.965925826289068,-0.9749279121818236,-0.2225209339563146,0.8660254037844387,-0.4999999999999998,0.0,0.0,1.25,2.2,4.0,87.0,55.0,-6.7,2.9153728,0.0,1.3,20.36666663,24.9,24.5,24.8,25.5,25.35,-16.120444439999996,0.1833333233333327,-0.7560000000000002,4.963333333333334,3.5073333333333334,20.25185185,4.71488888888889,4.452227,4.3379903,4.3031015,4.4112372,4.474117,0,1.0,0,0.75,-0.64,13.7,86.3
2023-04-08 23:15:00,119.359669938886,48.481671772222,48.491115927774,20.36666663,3.5073333333333334,25.35,1,5.1764362714980825,70.66250196097344,23,5,4,-0.2588190451025215,0.965925826289068,-0.9749279121818236,-0.2225209339563146,0.8660254037844387,-0.4999999999999998,0.0,0.0,0.625,2.675,4.25,73.5,59.5,-6.05,3.095275,0.0,1.025,20.292592563333333,25.28333333333333,24.9,24.5,24.8,25.133333333333333,-16.85933329666667,0.03888885666667,-0.7000000000000002,4.207333333333334,2.94,20.279629617777776,4.226,4.474117,4.452227,4.3379903,4.3031015,4.4167266,0,0.0,1,1.0,-0.63,13.4,86.6
2023-04-08 23:30:00,63.124141716662,0.0,0.0,20.292592563333333,2.94,25.133333333333333,0,5.1764362714980825,70.66250196097344,23,5,4,-0.2588190451025215,0.965925826289068,-0.9749279121818236,-0.2225209339563146,0.8660254037844387,-0.4999999999999998,0.0,0.0,0.2083333333333333,3.15,4.5,60.0,64.0,-5.4,3.267338,0.0,0.75,20.10000002,25.35,25.28333333333333,24.9,24.5,24.55,-17.35259256333333,-0.0740740666666681,-0.5673333333333335,3.5073333333333334,2.8800000000000003,20.329012322222223,3.551555555555556,4.4167266,4.474117,4.452227,4.3379903,4.2659082,1,1.0,1,0.75,-0.65,13.9,86.1
2023-04-08 23:45:00,111.316102777776,69.753876366668,69.765542616666,20.10000002,2.8800000000000003,24.55,1,5.1764362714980825,70.66250196097344,23,5,4,-0.2588190451025215,0.965925826289068,-0.9749279121818236,-0.2225209339563146,0.8660254037844387,-0.4999999999999998,0.0,0.0,0.0,3.625,4.75,46.5,68.5,-4.75,3.4317658,0.0,0.475,20.08518518,25.133333333333333,25.35,25.28333333333333,24.9,24.966666666666665,-17.22000002,-0.1925925433333333,-0.0599999999999996,2.94,3.015333333333333,20.25308640444445,3.1091111111111114,4.2659082,4.4167266,4.474117,4.452227,4.3345523,0,1.0,1,0.75,-0.7,15.3,84.7
2023-04-09 00:00:00,160.43163822777,131.080034388888,131.100033638886,20.08518518,3.015333333333333,24.966666666666665,2,5.1764362714980825,70.66250196097344,0,6,4,0.0,1.0,-0.7818314824680299,0.6234898018587334,0.8660254037844387,-0.4999999999999998,0.0,0.0,0.0,4.1,5.0,33.0,73.0,-4.1,3.5887556,0.0,0.2,20.35555552,24.55,25.133333333333333,25.35,25.28333333333333,24.25,-17.069851846666666,-0.0148148399999996,0.1353333333333326,2.8800000000000003,2.810666666666666,20.159259254444446,2.945111111111111,4.3345523,4.2659082,4.4167266,4.474117,4.277197,0,1.0,1,0.75,-0.7,15.3,84.7
2023-04-09 00:15:00,41.273348966668,12.687270288888,12.692825699996,20.35555552,2.810666666666666,24.25,1,5.1764362714980825,70.66250196097344,0,6,4,0.0,1.0,-0.7818314824680299,0.6234898018587334,0.8660254037844387,-0.4999999999999998,0.0,0.0,0.0,4.625,5.825,26.0,74.25,-4.4,3.5204523,0.0,-0.325,20.175925926666665,24.966666666666665,24.55,25.133333333333333,25.35,23.716666666666665,-17.544888853333333,0.2703703399999995,-0.2046666666666663,3.015333333333333,2.502666666666667,20.180246906666667,2.902,4.277197,4.3345523,4.2659082,4.4167266,4.139448,0,1.0,1,0.75,-0.64,13.7,86.3
2023-04-09 00:30:00,129.92813604999802,94.745654472222,94.760931711108,20.175925926666665,2.502666666666667,23.716666666666665,2,5.1764362714980825,70.66250196097344,0,6,4,0.0,1.0,-0.7818314824680299,0.6234898018587334,0.8660254037844387,-0.4999999999999998,0.0,0.0,0.0,5.15,6.65,19.0,75.5,-4.699999999999999,3.451912,0.0,-0.8500000000000001,20.19444444,24.25,24.966666666666665,24.55,25.133333333333333,23.95,-17.67325926,-0.1796295933333347,-0.3079999999999998,2.810666666666666,2.4486666666666665,20.205555542222225,2.776222222222222,4.139448,4.277197,4.3345523,4.2659082,4.1847034,0,0.0,1,1.0,-0.69,14.9,85.1
2023-04-09 00:45:00,156.238750333328,106.839059633332,106.853503538886,20.19444444,2.4486666666666665,23.95,2,5.1764362714980825,70.66250196097344,0,6,4,0.0,1.0,-0.7818314824680299,0.6234898018587334,0.8660254037844387,-0.4999999999999998,0.0,0.0,0.0,5.675,7.475,12.0,76.75,-5.0,3.3832293,0.0,-1.375,20.3685185,23.716666666666665,24.25,24.966666666666665,24.55,23.35,-17.74577777333333,0.0185185133333334,-0.0540000000000002,2.502666666666667,2.409333333333333,20.241975295555555,2.587333333333333,4.1847034,4.139448,4.277197,4.3345523,4.121575,0,0.0,0,1.0,-0.68,14.8,85.2
2023-04-09 01:00:00,48.707496238882,0.0,0.0,20.3685185,2.409333333333333,23.35,0,5.1764362714980825,70.66250196097344,1,6,4,0.2588190451025207,0.9659258262890684,-0.7818314824680299,0.6234898018587334,0.8660254037844387,-0.4999999999999998,0.0,0.0,0.0,6.2,8.3,5.0,78.0,-5.3,3.314493,0.0,-1.9,20.12777781,23.95,23.716666666666665,24.25,24.966666666666665,23.4,-17.959185166666668,0.1740740600000023,-0.039333333333333,2.4486666666666665,2.32,20.24629628888889,2.4535555555555555,4.121575,4.1847034,4.139448,4.277197,4.072693,1,1.0,1,0.75,-0.65,13.7,86.3
2023-04-09 01:15:00,154.516041394442,114.204320511112,114.22181986111,20.12777781,2.32,23.4,2,5.1764362714980825,70.66250196097344,1,6,4,0.2588190451025207,0.9659258262890684,-0.7818314824680299,0.6234898018587334,0.8660254037844387,-0.4999999999999998,0.0,0.0,0.0,5.45,8.375,3.75,76.75,-5.4,3.278544,0.0,-1.825,20.20925926,23.35,23.95,23.716666666666665,24.25,23.966666666666665,-17.80777781,-0.2407406899999991,-0.0893333333333337,2.409333333333333,1.9553333333333327,20.23024691666667,2.392666666666667,4.072693,4.121575,4.1847034,4.139448,4.1912436,0,1.0,1,0.75,-0.7,15.3,84.7
2023-04-09 01:30:00,139.081103083338,94.29233923889,94.306227583334,20.20925926,1.9553333333333327,23.966666666666665,2,5.1764362714980825,70.66250196097344,1,6,4,0.2588190451025207,0.9659258262890684,-0.7818314824680299,0.6234898018587334,0.8660254037844387,-0.4999999999999998,0.0,0.0,0.0,4.7,8.45,2.5,75.5,-5.5,3.242114,0.0,-1.75,20.32222221,23.4,23.35,23.95,23.716666666666665,23.65,-18.253925926666668,0.0814814499999982,-0.3646666666666667,2.32,1.415333333333333,20.235185190000003,2.228222222222222,4.1912436,4.072693,4.121575,4.1847034,4.163257,0,1.0,0,0.75,-0.68,14.7,85.3
2023-04-09 01:45:00,72.357661211108,26.188674627778,26.194785549998,20.32222221,1.415333333333333,23.65,1,5.1764362714980825,70.66250196097344,1,6,4,0.2588190451025207,0.9659258262890684,-0.7818314824680299,0.6234898018587334,0.8660254037844387,-0.4999999999999998,0.0,0.0,0.0,3.95,8.525,1.25,74.25,-5.6,3.2051992,0.0,-1.675,20.07407411333333,23.966666666666665,23.4,23.35,23.95,23.683333333333334,-18.906888876666667,0.11296295,-0.5399999999999998,1.9553333333333327,1.114666666666667,20.21975309333333,1.8968888888888888,4.163257,4.1912436,4.072693,4.121575,4.109074,0,1.0,1,0.75,-0.65,14.0,86.0
2023-04-09 02:00:00,167.12248158333,127.331017672222,127.349628077776,20.07407411333333,1.114666666666667,23.683333333333334,2,5.1764362714980825,70.66250196097344,2,6,4,0.4999999999999999,0.8660254037844387,-0.7818314824680299,0.6234898018587334,0.8660254037844387,-0.4999999999999998,0.0,0.0,0.0,3.2,8.6,0.0,73.0,-5.7,3.1677964,0.0,-1.6,20.24999999,23.65,23.966666666666665,23.4,23.35,23.95,-18.959407446666667,-0.2481480966666644,-0.3006666666666664,1.415333333333333,1.11,20.201851861111116,1.495111111111111,4.109074,4.163257,4.1912436,4.072693,4.1983147,0,0.0,1,1.0,-0.71,15.6,84.4
2023-04-09 02:15:00,109.426456316658,68.0647773,68.076721338886,20.24999999,1.11,23.95,1,5.1764362714980825,70.66250196097344,2,6,4,0.4999999999999999,0.8660254037844387,-0.7818314824680299,0.6234898018587334,0.8660254037844387,-0.4999999999999998,0.0,0.0,0.0,3.0,7.524999999999999,0.0,73.5,-5.775,3.1562302,0.0,-1.75,20.231481476666666,23.683333333333334,23.65,23.966666666666665,23.4,23.53333333333333,-19.13999999,0.175925876666664,-0.0046666666666668,1.114666666666667,0.9073333333333332,20.21543210444445,1.2133333333333336,4.1983147,4.109074,4.163257,4.1912436,4.1208134,0,0.0,1,1.0,-0.67,14.4,85.6
2023-04-09 02:30:00,79.586538711108,30.611553272222,30.619330794442,20.231481476666666,0.9073333333333332,23.53333333333333,1,5.1764362714980825,70.66250196097344,2,6,4,0.4999999999999999,0.8660254037844387,-0.7818314824680299,0.6234898018587334,0.8660254037844387,-0.4999999999999998,0.0,0.0,0.0,2.8,6.449999999999999,0.0,74.0,-5.85,3.144519,0.0,-1.9,19.99999999,23.95,23.683333333333334,23.65,23.966666666666665,23.85,-19.32414814333333,-0.0185185133333334,-0.2026666666666667,1.11,0.4886666666666667,20.185185193333336,1.044,4.1208134,4.1983147,4.109074,4.163257,4.1200857,0,0.0,0,1.0,-0.68,14.6,85.4
2023-04-09 02:45:00,171.263427055552,131.78250623889,131.801949927778,19.99999999,0.4886666666666667,23.85,2,5.1764362714980825,70.66250196097344,2,6,4,0.4999999999999999,0.8660254037844387,-0.7818314824680299,0.6234898018587334,0.8660254037844387,-0.4999999999999998,0.0,0.0,0.0,2.6,5.375,0.0,74.5,-5.925,3.1326654,0.0,-2.0500000000000003,20.192592616666666,23.53333333333333,23.95,23.683333333333334,23.65,23.816666666666663,-19.51133332333333,-0.2314814866666665,-0.4186666666666666,0.9073333333333332,0.1266666666666666,20.16049381888889,0.8353333333333333,4.1200857,4.1208134,4.1983147,4.109074,4.1609554,0,0.0,1,1.0,-0.73,16.1,83.9
2023-04-09 03:00:00,84.70355622222,45.222635455556,45.231246277776,20.192592616666666,0.1266666666666666,23.816666666666663,1,5.1764362714980825,70.66250196097344,3,6,4,0.7071067811865476,0.7071067811865476,-0.7818314824680299,0.6234898018587334,0.8660254037844387,-0.4999999999999998,0.0,0.0,0.0,2.4,4.3,0.0,75.0,-6.0,3.1206746,0.0,-2.2,20.10555559,23.85,23.53333333333333,23.95,23.683333333333334,23.2,-20.06592595,0.1925926266666664,-0.362,0.4886666666666667,-0.0413333333333333,20.14135802777778,0.5075555555555555,4.1609554,4.1200857,4.1208134,4.1983147,4.032638,0,0.0,1,1.0,-0.68,14.8,85.2
2023-04-09 03:15:00,105.531334127778,64.570750383334,64.581027788888,20.10555559,-0.0413333333333333,23.2,1,5.1764362714980825,70.66250196097344,3,6,4,0.7071067811865476,0.7071067811865476,-0.7818314824680299,0.6234898018587334,0.8660254037844387,-0.4999999999999998,0.0,0.0,0.0,2.975,5.575,0.0,75.75,-6.075,3.1078978,0.0,-2.4000000000000004,19.981481486666667,23.816666666666663,23.85,23.53333333333333,23.95,23.466666666666665,-20.146888923333336,-0.087037026666664,-0.168,0.1266666666666666,0.2293333333333333,20.099382732222224,0.1913333333333333,4.032638,4.1609554,4.1200857,4.1208134,4.049472,0,0.0,0,1.0,-0.7,15.4,84.6
2023-04-09 03:30:00,155.959039288884,133.729928372222,133.749649849998,19.981481486666667,0.2293333333333333,23.466666666666665,2,5.1764362714980825,70.66250196097344,3,6,4,0.7071067811865476,0.7071067811865476,-0.7818314824680299,0.6234898018587334,0.8660254037844387,-0.4999999999999998,0.0,0.0,0.0,3.55,6.85,0.0,76.5,-6.15,3.094795,0.0,-2.6,20.24999998,23.2,23.816666666666663,23.85,23.53333333333333,23.1,-19.752148153333334,-0.124074103333335,0.2706666666666667,-0.0413333333333333,0.3113333333333333,20.09320989777778,0.1048888888888889,4.049472,4.032638,4.1609554,4.1200857,4.0493145,0,0.0,1,1.0,-0.73,16.3,83.7
2023-04-09 03:45:00,62.193067777776,36.76991806111,36.779362216662,20.24999998,0.3113333333333333,23.1,1,5.1764362714980825,70.66250196097344,3,6,4,0.7071067811865476,0.7071067811865476,-0.7818314824680299,0.6234898018587334,0.8660254037844387,-0.4999999999999998,0.0,0.0,0.0,4.125,8.125,0.0,77.25,-6.225,3.0813775,0.0,-2.8,20.05555556,23.466666666666665,23.2,23.816666666666663,23.85,22.53333333333333,-19.938666646666665,0.2685184933333318,0.0819999999999999,0.2293333333333333,0.336,20.11234568555556,0.1664444444444444,4.0493145,4.049472,4.032638,4.1609554,3.9053133,0,0.0,1,1.0,-0.67,14.5,85.5
2023-04-09 04:00:00,294.025738516666,20.645285272222,20.651673966664,20.05555556,0.336,22.53333333333333,1,5.1764362714980825,70.66250196097344,4,6,4,0.8660254037844386,0.5000000000000001,-0.7818314824680299,0.6234898018587334,0.8660254037844387,-0.4999999999999998,0.0,0.0,0.0,4.7,9.4,0.0,78.0,-6.3,3.0676546,0.0,-3.0,19.76666664,23.1,23.466666666666665,23.2,23.816666666666663,22.85,-19.719555560000003,-0.1944444199999964,0.0246666666666666,0.3113333333333333,0.1446666666666666,20.09567900888889,0.2922222222222222,3.9053133,4.0493145,4.049472,4.032638,3.89372,0,0.0,0,1.0,-0.72,15.9,84.1
2023-04-09 04:15:00,155.219346577776,115.191781044444,115.207891516666,19.76666664,0.1446666666666666,22.85,2,5.1764362714980825,70.66250196097344,4,6,4,0.8660254037844386,0.5000000000000001,-0.7818314824680299,0.6234898018587334,0.8660254037844387,-0.4999999999999998,0.0,0.0,0.0,4.475,9.475,0.0,78.75,-6.375,3.0536373,0.0,-3.2,19.94814814,22.53333333333333,23.1,23.466666666666665,23.2,23.0,-19.62199997333333,-0.2888889200000015,-0.1913333333333333,0.336,-0.024,20.02407406,0.264,3.89372,3.9053133,4.0493145,4.049472,3.961201,0,0.0,1,1.0,-0.78,18.0,82.0
2023-04-09 04:30:00,142.122648416658,102.288408283334,102.305074333332,19.94814814,-0.024,23.0,2,5.1764362714980825,70.66250196097344,4,6,4,0.8660254037844386,0.5000000000000001,-0.7818314824680299,0.6234898018587334,0.8660254037844387,-0.4999999999999998,0.0,0.0,0.0,4.25,9.55,0.0,79.5,-6.449999999999999,3.0393345,0.0,-3.4,20.1,22.85,22.53333333333333,23.1,23.466666666666665,22.65,-19.97214814,0.1814815000000003,-0.1686666666666666,0.1446666666666666,0.1006666666666666,19.92345678,0.1522222222222222,3.961201,3.89372,3.9053133,4.0493145,3.9357567,0,0.0,0,1.0,-0.74,16.6,83.4
2023-04-09 04:45:00,67.960059472214,20.0458648,20.05336458333,20.1,0.1006666666666666,22.65,1,5.1764362714980825,70.66250196097344,4,6,4,0.8660254037844386,0.5000000000000001,-0.7818314824680299,0.6234898018587334,0.8660254037844387,-0.4999999999999998,0.0,0.0,0.0,4.025,9.625,0.0,80.25,-6.525,3.0247552,0.0,-3.6,19.85185182,23.0,22.85,22.53333333333333,23.1,22.683333333333334,-19.999333333333336,0.1518518600000007,0.1246666666666666,-0.024,0.0713333333333333,19.938271593333337,0.0737777777777777,3.9357567,3.961201,3.89372,3.9053133,3.8846772,0,0.0,1,1.0,-0.71,15.6,84.4
2023-04-09 05:00:00,166.147798422216,123.857823288888,123.87532262222,19.85185182,0.0713333333333333,22.683333333333334,2,5.1764362714980825,70.66250196097344,5,6,4,0.9659258262890684,0.2588190451025207,-0.7818314824680299,0.6234898018587334,0.8660254037844387,-0.4999999999999998,0.0,0.0,0.0,3.8,9.7,0.0,81.0,-6.6,3.0099094,0.0,-3.8,20.03333332,22.65,23.0,22.85,22.53333333333333,22.6,-19.78051848666667,-0.2481481800000011,-0.0293333333333333,0.1006666666666666,-0.124,19.966666653333338,0.0493333333333333,3.8846772,3.9357567,3.961201,3.89372,3.9117763,0,0.0,1,1.0,-0.77,17.3,82.7
2023-04-09 05:15:00,113.168528761106,73.579278911112,73.59288954999799,20.03333332,-0.124,22.6,2,5.1764362714980825,70.66250196097344,5,6,4,0.9659258262890684,0.2588190451025207,-0.7818314824680299,0.6234898018587334,0.8660254037844387,-0.4999999999999998,0.0,0.0,0.0,3.4,9.35,0.0,80.25,-6.699999999999999,2.9873505,0.0,-3.775,20.06111113333333,22.683333333333334,22.65,23.0,22.85,22.03333333333333,-20.15733332,0.1814815000000003,-0.1953333333333333,0.0713333333333333,0.31,19.99506171333333,0.0159999999999999,3.9117763,3.8846772,3.9357567,3.961201,3.8198986,0,0.0,0,1.0,-0.72,16.0,84.0
2023-04-09 05:30:00,96.99334244444,52.138192188888,52.14874738333,20.06111113333333,0.31,22.03333333333333,1,5.1764362714980825,70.66250196097344,5,6,4,0.9659258262890684,0.2588190451025207,-0.7818314824680299,0.6234898018587334,0.8660254037844387,-0.4999999999999998,0.0,0.0,0.0,3.0,9.0,0.0,79.5,-6.8,2.9647002,0.0,-3.75,19.87222221,22.6,22.683333333333334,22.65,23.0,22.3,-19.751111133333332,0.0277778133333335,0.434,-0.124,0.0826666666666666,19.98209875777778,0.0857777777777777,3.8198986,3.9117763,3.8846772,3.9357567,3.8235922,0,0.0,1,1.0,-0.72,16.0,84.0
2023-04-09 05:45:00,172.630872188892,127.529620844444,127.547953444444,19.87222221,0.0826666666666666,22.3,2,5.1764362714980825,70.66250196097344,5,6,4,0.9659258262890684,0.2588190451025207,-0.7818314824680299,0.6234898018587334,0.8660254037844387,-0.4999999999999998,0.0,0.0,0.0,2.6,8.65,0.0,78.75,-6.9,2.9419587,0.0,-3.725,20.040740780000004,22.03333333333333,22.6,22.683333333333334,22.65,22.03333333333333,-19.78955554333333,-0.1888889233333337,-0.2273333333333333,0.31,-0.142,19.98888888777778,0.0895555555555555,3.8235922,3.8198986,3.9117763,3.8846772,3.8153465,0,0.0,1,1.0,-0.76,17.3,82.7
2023-04-09 06:00:00,153.463027949998,113.758227255556,113.776004377776,20.040740780000004,-0.142,22.03333333333333,2,5.1764362714980825,70.66250196097344,6,6,4,1.0,6.123233995736766e-17,-0.7818314824680299,0.6234898018587334,0.8660254037844387,-0.4999999999999998,0.0,0.0,0.0,2.2,8.3,0.0,78.0,-7.0,2.9191253,0.0,-3.7,20.03333337,22.3,22.03333333333333,22.6,22.683333333333334,21.95,-20.182740780000003,0.1685185700000033,-0.2246666666666666,0.0826666666666666,-0.4539999999999999,19.991358041111116,0.0835555555555555,3.8153465,3.8235922,3.8198986,3.9117763,3.7992694,0,0.0,0,1.0,-0.73,16.1,83.9
2023-04-09 06:15:00,46.250927855548,0.0,0.0,20.03333337,-0.4539999999999999,21.95,0,5.1764362714980825,70.66250196097344,6,6,4,1.0,6.123233995736766e-17,-0.7818314824680299,0.6234898018587334,0.8660254037844387,-0.4999999999999998,1.75,0.4375,0.1458333333333333,2.125,7.675000000000001,0.0,76.25,-7.1,2.8944726,0.0,-3.5,19.80740738333333,22.03333333333333,22.3,22.03333333333333,22.6,21.716666666666665,-20.48733337,-0.0074074100000025,-0.3119999999999999,-0.142,-0.3846666666666667,19.98209878666667,-0.1711111111111111,3.7992694,3.8153465,3.8235922,3.8198986,3.70945,1,1.0,1,0.75,-0.73,16.2,83.8
2023-04-09 06:30:00,136.784250794438,101.033180744444,101.049569005554,19.80740738333333,-0.3846666666666667,21.716666666666665,2,5.1764362714980825,70.66250196097344,6,6,4,1.0,6.123233995736766e-17,-0.7818314824680299,0.6234898018587334,0.8660254037844387,-0.4999999999999998,3.5,1.3125,0.4375,2.05,7.050000000000001,0.0,74.5,-7.2,2.8684459,0.0,-3.3,19.861111110000003,21.95,22.03333333333333,22.3,22.03333333333333,22.0,-20.19207405,-0.2259259866666667,0.0693333333333332,-0.4539999999999999,-0.3846666666666667,19.960493844444446,-0.3268888888888889,3.70945,3.7992694,3.8153465,3.8235922,3.7696974,0,1.0,1,0.75,-0.78,17.9,82.1
2023-04-09 06:45:00,147.104393472218,125.18777003889,125.208047027778,19.861111110000003,-0.3846666666666667,22.0,2,5.1764362714980825,70.66250196097344,6,6,4,1.0,6.123233995736766e-17,-0.7818314824680299,0.6234898018587334,0.8660254037844387,-0.4999999999999998,5.25,2.625,0.875,1.975,6.425,0.0,72.75,-7.300000000000001,2.8410163,0.0,-3.1,20.03518516333333,21.716666666666665,21.95,22.03333333333333,22.3,21.816666666666663,-20.24577777666667,0.0537037266666686,0.0,-0.3846666666666667,-0.3833333333333333,19.90061728777778,-0.4077777777777778,3.7696974,3.70945,3.7992694,3.8153465,3.7766001,0,1.0,0,0.75,-0.77,17.4,82.6
2023-04-09 07:00:00,48.493615794442,20.661951272222,20.671117655552,20.03518516333333,-0.3833333333333333,21.816666666666663,1,5.1764362714980825,70.66250196097344,7,6,4,0.9659258262890684,-0.2588190451025206,-0.7818314824680299,0.6234898018587334,0.8660254037844387,-0.4999999999999998,7.0,4.375,1.4583333333333333,1.9,5.8,0.0,71.0,-7.4,2.812152,0.0,-2.9,19.80555553,22.0,21.716666666666665,21.95,22.03333333333333,21.85,-20.418518496666664,0.174074053333328,0.0013333333333333,-0.3846666666666667,-0.0113333333333333,19.901234552222224,-0.3842222222222222,3.7766001,3.7696974,3.70945,3.7992694,3.73182,0,1.0,1,0.75,-0.73,16.2,83.8
2023-04-09 07:15:00,171.027047611108,120.0468646,120.064919477776,19.80555553,-0.0113333333333333,21.85,2,5.1764362714980825,70.66250196097344,7,6,4,0.9659258262890684,-0.2588190451025206,-0.7818314824680299,0.6234898018587334,0.8660254037844387,-0.4999999999999998,35.75,12.875,4.4375,2.2,6.15,0.0,70.5,-6.75,2.943747,0.0,-2.15,19.97962964666667,21.816666666666663,22.0,21.716666666666665,21.95,22.0,-19.81688886333333,-0.2296296333333316,0.372,-0.3833333333333333,0.5413333333333334,19.90061726777778,-0.2597777777777778,3.73182,3.7766001,3.7696974,3.70945,3.7959683,0,0.0,1,1.0,-0.78,17.8,82.2
2023-04-09 07:30:00,122.523154477776,82.853630172222,82.868351849998,19.97962964666667,0.5413333333333334,22.0,2,5.1764362714980825,70.66250196097344,7,6,4,0.9659258262890684,-0.2588190451025206,-0.7818314824680299,0.6234898018587334,0.8660254037844387,-0.4999999999999998,64.5,28.125,9.8125,2.5,6.5,0.0,70.0,-6.1,3.0803082,0.0,-1.4,20.0666667,21.85,21.816666666666663,22.0,21.716666666666665,21.65,-19.438296313333336,0.1740741166666701,0.5526666666666668,-0.0113333333333333,1.2073333333333334,19.940123446666668,0.0488888888888889,3.7959683,3.73182,3.7766001,3.7696974,3.7546613,0,0.0,0,1.0,-0.74,16.5,83.5
2023-04-09 07:45:00,52.552620094442,13.119752955556,13.126974933332,20.0666667,1.2073333333333334,21.65,1,5.1764362714980825,70.66250196097344,7,6,4,0.9659258262890684,-0.2588190451025206,-0.7818314824680299,0.6234898018587334,0.8660254037844387,-0.4999999999999998,93.25,50.125,17.583333333333332,2.8,6.85,0.0,69.5,-5.45,3.2219641,0.0,-0.6499999999999999,19.84814812,22.0,21.85,21.816666666666663,22.0,21.683333333333334,-18.859333366666664,0.0870370533333293,0.6659999999999999,0.5413333333333334,2.288,19.950617292222223,0.5791111111111111,3.7546613,3.7959683,3.73182,3.7766001,3.7126148,0,0.0,1,1.0,-0.72,16.0,84.0
2023-04-09 08:00:00,167.78773263889,117.410858927778,117.428636,19.84814812,2.288,21.683333333333334,2,5.1764362714980825,70.66250196097344,8,6,4,0.8660254037844387,-0.4999999999999998,-0.7818314824680299,0.6234898018587334,0.8660254037844387,-0.4999999999999998,122.0,78.875,27.75,3.1,7.2,0.0,69.0,-4.8,3.3688476,0.0,0.1,20.03888887,21.65,22.0,21.85,21.816666666666663,21.95,-17.56014812,-0.2185185799999978,1.0806666666666664,1.2073333333333334,3.996,19.964814822222223,1.3455555555555556,3.7126148,3.7546613,3.7959683,3.73182,3.8005054,0,0.0,1,1.0,-0.77,17.6,82.4
2023-04-09 08:15:00,89.767798261102,50.394095255556,50.405205994442,20.03888887,3.996,21.95,1,5.1764362714980825,70.66250196097344,8,6,4,0.8660254037844387,-0.4999999999999998,-0.7818314824680299,0.6234898018587334,0.8660254037844387,-0.4999999999999998,170.5,112.5625,41.958333333333336,2.425,7.375,0.0,64.0,-5.25,3.295408,0.0,0.875,20.296296266666666,21.683333333333334,21.65,22.0,21.85,21.53333333333333,-16.042888870000002,0.1907407499999998,1.7080000000000002,2.288,5.558666666666666,19.98456789666667,2.4971111111111117,3.8005054,3.7126148,3.7546613,3.7959683,3.7849107,0,0.0,1,1.0,-0.73,16.1,83.9
2023-04-09 08:30:00,43.234381788884,0.0,0.0,20.296296266666666,5.558666666666666,21.53333333333333,0,5.1764362714980825,70.66250196097344,8,6,4,0.8660254037844387,-0.4999999999999998,-0.7818314824680299,0.6234898018587334,0.8660254037844387,-0.4999999999999998,219.0,151.1875,60.208333333333336,1.75,7.550000000000001,0.0,59.0,-5.7,3.2027855,0.0,1.65,20.555555570000003,21.95,21.683333333333334,21.65,22.0,21.15,-14.737629599999998,0.2574073966666645,1.5626666666666664,3.996,6.1706666666666665,20.06111108555556,3.9475555555555553,3.7849107,3.8005054,3.7126148,3.7546613,3.7742105,1,1.0,1,0.75,-0.67,14.5,85.5
2023-04-09 08:45:00,151.548660094442,101.975365255556,101.991753533332,20.555555570000003,6.1706666666666665,21.15,2,5.1764362714980825,70.66250196097344,8,6,4,0.8660254037844387,-0.4999999999999998,-0.7818314824680299,0.6234898018587334,0.8660254037844387,-0.4999999999999998,267.5,194.75,82.5,1.0750000000000002,7.725,0.0,54.0,-6.15,3.0893514,0.0,2.4250000000000003,21.02962962666667,21.53333333333333,21.95,21.683333333333334,21.65,21.0,-14.384888903333335,0.2592593033333372,0.6120000000000001,5.558666666666666,6.474,20.296913568888893,5.241777777777777,3.7742105,3.7849107,3.8005054,3.7126148,3.8522701,0,1.0,1,0.75,-0.62,12.9,87.1
2023-04-09 09:00:00,74.751732194438,41.931378227778005,41.942488966664,21.02962962666667,6.474,21.0,1,5.1764362714980825,70.66250196097344,9,6,4,0.7071067811865476,-0.7071067811865475,-0.7818314824680299,0.6234898018587334,0.8660254037844387,-0.4999999999999998,316.0,243.25,108.83333333333331,0.4,7.9,0.0,49.0,-6.6,2.9533827,0.0,3.2,21.5888889,21.15,21.53333333333333,21.95,21.683333333333334,20.65,-14.555629626666668,0.4740740566666659,0.3033333333333337,6.1706666666666665,5.674,20.627160487777783,6.067777777777778,3.8522701,3.7742105,3.7849107,3.8005054,3.9128711,0,1.0,1,0.75,-0.51,10.4,89.6
2023-04-09 09:15:00,25.796468216662,0.0,0.0,21.5888889,5.674,20.65,0,5.1764362714980825,70.66250196097344,9,6,4,0.7071067811865476,-0.7071067811865475,-0.7818314824680299,0.6234898018587334,0.8660254037844387,-0.4999999999999998,364.25,291.6875,139.04166666666666,0.75,8.9,0.0,47.25,-6.55,2.9645638,0.0,3.8,21.95555556,21.0,21.15,21.53333333333333,21.95,20.5,-15.914888899999998,0.5592592733333284,-0.7999999999999998,6.474,6.729333333333333,21.05802469888889,6.106222222222222,3.9128711,3.8522701,3.7742105,3.7849107,3.9675817,1,2.0,1,0.5,-0.38,8.0,92.0
2023-04-09 09:30:00,101.677599549994,73.522614527778,73.53705846666399,21.95555556,6.729333333333333,20.5,2,5.1764362714980825,70.66250196097344,9,6,4,0.7071067811865476,-0.7071067811865475,-0.7818314824680299,0.6234898018587334,0.8660254037844387,-0.4999999999999998,412.5,340.0625,173.125,1.1,9.9,0.0,45.5,-6.5,2.9711096,0.0,4.4,22.42777777,20.65,21.0,21.15,21.53333333333333,20.45,-15.226222226666668,0.3666666600000035,1.0553333333333326,5.674,7.1066666666666665,21.524691362222224,6.2924444444444445,3.9675817,3.9128711,3.8522701,3.7742105,4.0669713,0,1.0,1,0.75,-0.3,6.9,93.1
2023-04-09 09:45:00,80.448726438886,48.348343772222,48.359176738886,22.42777777,7.1066666666666665,20.45,1,5.1764362714980825,70.66250196097344,9,6,4,0.7071067811865476,-0.7071067811865475,-0.7818314824680299,0.6234898018587334,0.8660254037844387,-0.4999999999999998,460.75,388.375,211.08333333333331,1.4499999999999995,10.9,0.0,43.75,-6.45,2.9726741,0.0,5.0,22.996296283333333,20.5,20.65,21.0,21.15,20.03333333333333,-15.321111103333331,0.4722222099999982,0.3773333333333335,6.729333333333333,7.908666666666666,21.990740743333333,6.503333333333334,4.0669713,3.9675817,3.9128711,3.8522701,4.116107,0,1.0,1,0.75,-0.19,5.8,94.2
2023-04-09 10:00:00,42.76301182777,0.0,0.0,22.996296283333333,7.908666666666666,20.03333333333333,0,5.1764362714980825,70.66250196097344,10,6,4,0.4999999999999999,-0.8660254037844387,-0.7818314824680299,0.6234898018587334,0.8660254037844387,-0.4999999999999998,509.0,436.625,252.91666666666663,1.8,11.9,0.0,42.0,-6.4,2.9688954,0.0,5.6,23.29999999,20.45,20.5,20.65,21.0,19.65,-15.087629616666668,0.5685185133333341,0.8019999999999996,7.1066666666666665,8.782666666666668,22.459876537777777,7.248222222222222,4.116107,4.0669713,3.9675817,3.9128711,4.108021,1,2.0,1,0.5,-0.06,5.1,94.9
2023-04-09 10:15:00,36.679088394442,0.0,0.0,23.29999999,8.782666666666668,19.65,0,5.1764362714980825,70.66250196097344,10,6,4,0.4999999999999999,-0.8660254037844387,-0.7818314824680299,0.6234898018587334,0.8660254037844387,-0.4999999999999998,550.25,483.125,295.7916666666667,2.1,12.7,0.0,40.5,-6.425000000000001,2.9535093,0.0,6.074999999999999,23.611111096666665,20.03333333333333,20.45,20.5,20.65,19.5,-14.517333323333332,0.303703706666667,0.8740000000000014,7.908666666666666,7.962666666666666,22.90802468111111,7.932666666666667,4.108021,4.116107,4.0669713,3.9675817,4.1496024,0,2.0,0,0.5,0.01,5.0,95.0
2023-04-09 10:30:00,129.040671683326,99.436022416666,99.452966238886,23.611111096666665,7.962666666666666,19.5,2,5.1764362714980825,70.66250196097344,10,6,4,0.4999999999999999,-0.8660254037844387,-0.7818314824680299,0.6234898018587334,0.8660254037844387,-0.4999999999999998,591.5,527.875,339.7083333333333,2.4,13.5,0.0,39.0,-6.45,2.9338138,0.0,6.55,24.1222222,19.65,20.03333333333333,20.45,20.5,19.45,-15.648444429999998,0.3111111066666652,-0.8200000000000012,8.782666666666668,9.126666666666669,23.30246912333333,8.218,4.1496024,4.108021,4.116107,4.0669713,4.260934,0,2.0,1,0.5,0.08,5.1,94.9
2023-04-09 10:45:00,30.804045738882,0.0,0.0,24.1222222,9.126666666666669,19.45,0,5.1764362714980825,70.66250196097344,10,6,4,0.4999999999999999,-0.8660254037844387,-0.7818314824680299,0.6234898018587334,0.8660254037844387,-0.4999999999999998,632.75,570.875,384.6666666666667,2.7,14.3,0.0,37.5,-6.475,2.909586,0.0,7.025,24.43888891,19.5,19.65,20.03333333333333,20.45,19.03333333333333,-14.995555533333333,0.5111111033333344,1.1640000000000006,7.962666666666666,10.094666666666669,23.677777762222224,8.624,4.260934,4.1496024,4.108021,4.116107,4.2451167,1,3.0,1,0.25,0.2,5.8,94.2
2023-04-09 11:00:00,137.844208311108,0.0,0.0,24.43888891,10.094666666666669,19.03333333333333,0,5.1764362714980825,70.66250196097344,11,6,4,0.258819045102521,-0.9659258262890682,-0.7818314824680299,0.6234898018587334,0.8660254037844387,-0.4999999999999998,674.0,612.125,430.6666666666667,3.0,15.1,0.0,36.0,-6.5,2.8805938,0.0,7.5,24.65555559,19.45,19.5,19.65,20.03333333333333,19.0,-14.344222243333332,0.3166667099999998,0.968,9.126666666666669,10.206666666666669,24.05740740222222,9.061333333333335,4.2451167,4.260934,4.1496024,4.108021,4.2899013,0,3.0,0,0.25,0.27,6.5,93.5
2023-04-09 11:15:00,243.685807727778,0.0,0.0,24.65555559,10.206666666666669,19.0,0,5.1764362714980825,70.66250196097344,11,6,4,0.258819045102521,-0.9659258262890682,-0.7818314824680299,0.6234898018587334,0.8660254037844387,-0.4999999999999998,704.0,650.5625,475.125,3.075,15.375,0.0,35.25,-6.525,2.8804677,0.0,7.825,24.914814823333334,19.03333333333333,19.45,19.5,19.65,18.816666666666663,-14.448888923333332,0.2166666799999994,0.1120000000000001,10.094666666666669,10.154666666666666,24.405555566666667,9.809333333333337,4.2899013,4.2451167,4.260934,4.1496024,4.31111,0,3.0,0,0.25,0.32,7.1,92.9
2023-04-09 11:30:00,626.596601833332,0.0,0.0,24.914814823333334,10.154666666666666,18.816666666666663,0,5.1764362714980825,70.66250196097344,11,6,4,0.258819045102521,-0.9659258262890682,-0.7818314824680299,0.6234898018587334,0.8660254037844387,-0.4999999999999998,734.0,686.1875,518.0416666666666,3.15,15.65,0.0,34.5,-6.55,2.8788772,0.0,8.15,25.09999999,19.0,19.03333333333333,19.45,19.5,18.95,-14.760148156666668,0.259259233333335,-0.0520000000000013,10.206666666666669,9.636,24.66975310777778,10.152,4.31111,4.2899013,4.2451167,4.260934,4.3871818,0,4.0,0,0.0,0.38,7.9,92.1
2023-04-09 11:45:00,87.772600222216,64.9024038,64.917125511108,25.09999999,9.636,18.95,1,5.1764362714980825,70.66250196097344,11,6,4,0.258819045102521,-0.9659258262890682,-0.7818314824680299,0.6234898018587334,0.8660254037844387,-0.4999999999999998,764.0,719.0,559.4166666666666,3.225,15.925,0.0,33.75,-6.574999999999999,2.8757677,0.0,8.475000000000001,25.44074073333333,18.816666666666663,19.0,19.03333333333333,19.45,20.3,-15.46399999,0.1851851666666668,-0.5186666666666664,10.154666666666666,10.525333333333332,24.89012346777778,9.99911111111111,4.3871818,4.31111,4.2899013,4.2451167,4.79061,0,3.0,1,0.25,0.42,8.7,91.3
2023-04-09 12:00:00,84.856327827778,41.775273355556,41.786106255556,25.44074073333333,10.525333333333332,20.3,1,5.1764362714980825,70.66250196097344,12,6,4,1.2246467991473532e-16,-1.0,-0.7818314824680299,0.6234898018587334,0.8660254037844387,-0.4999999999999998,794.0,749.0,599.25,3.3,16.2,0.0,33.0,-6.6,2.8710835,0.0,8.8,25.755555580000003,18.95,18.816666666666663,19.0,19.03333333333333,20.65,-14.9154074,0.3407407433333311,0.8893333333333331,9.636,10.859333333333332,25.15185184888889,10.105333333333332,4.79061,4.3871818,4.31111,4.2899013,4.95999,0,2.0,0,0.5,0.51,10.4,89.6
2023-04-09 12:15:00,35.441082283334,0.0,0.0,25.755555580000003,10.859333333333332,20.65,0,5.1764362714980825,70.66250196097344,12,6,4,1.2246467991473532e-16,-1.0,-0.7818314824680299,0.6234898018587334,0.8660254037844387,-0.4999999999999998,810.5,775.625,636.4375,3.65,16.925,0.0,32.75,-6.5,2.8906517,0.0,9.025,25.92222223,20.3,18.95,18.816666666666663,19.0,20.316666666666663,-14.896222246666673,0.3148148466666711,0.3339999999999996,10.525333333333332,11.87,25.432098767777784,10.340222222222222,4.95999,4.79061,4.3871818,4.31111,4.9256577,1,2.0,1,0.5,0.59,12.2,87.8
2023-04-09 12:30:00,35.265255983334,0.0,0.0,25.92222223,11.87,20.316666666666663,0,5.1764362714980825,70.66250196097344,12,6,4,1.2246467991473532e-16,-1.0,-0.7818314824680299,0.6234898018587334,0.8660254037844387,-0.4999999999999998,827.0,798.875,670.9791666666666,4.0,17.65,0.0,32.5,-6.4,2.9101071,0.0,9.25,26.0,20.65,20.3,18.95,18.816666666666663,19.95,-14.052222229999998,0.1666666499999962,1.010666666666669,10.859333333333332,11.522,25.70617284777778,11.084888888888887,4.9256577,4.95999,4.79061,4.3871818,4.857842,0,2.0,0,0.5,0.62,13.1,86.9
2023-04-09 12:45:00,44.451277494442,0.0,0.0,26.0,11.522,19.95,0,5.1764362714980825,70.66250196097344,12,6,4,1.2246467991473532e-16,-1.0,-0.7818314824680299,0.6234898018587334,0.8660254037844387,-0.4999999999999998,843.5,818.75,702.875,4.35,18.375,0.0,32.25,-6.3,2.9294431,0.0,9.475,26.020370386666663,20.316666666666663,20.65,20.3,18.95,19.53333333333333,-14.478,0.0777777700000008,-0.3480000000000007,11.87,10.806,25.892592603333338,11.417111111111112,4.857842,4.9256577,4.95999,4.79061,4.761801,0,3.0,0,0.25,0.64,13.5,86.5
2023-04-09 13:00:00,37.12101501667,0.0,0.0,26.020370386666663,10.806,19.53333333333333,0,5.1764362714980825,70.66250196097344,13,6,4,-0.2588190451025208,-0.9659258262890684,-0.7818314824680299,0.6234898018587334,0.8660254037844387,-0.4999999999999998,860.0,835.25,732.125,4.7,19.1,0.0,32.0,-6.2,2.9486525,0.0,9.7,26.0555556,19.95,20.316666666666663,20.65,20.3,19.5,-15.214370386666666,0.0203703866666664,-0.7159999999999993,11.522,11.740666666666668,25.98086420555556,11.399333333333333,4.761801,4.857842,4.9256577,4.95999,4.763032,0,4.0,0,0.0,0.64,13.6,86.4
2023-04-09 13:15:00,35.241923649998,0.0,0.0,26.0555556,11.740666666666668,19.5,0,5.1764362714980825,70.66250196097344,13,6,4,-0.2588190451025208,-0.9659258262890684,-0.7818314824680299,0.6234898018587334,0.8660254037844387,-0.4999999999999998,861.5,848.0,758.0625,4.925,19.450000000000003,0.0,31.75,-6.15,2.958325,0.0,9.875,26.03518521333333,19.53333333333333,19.95,20.316666666666663,20.65,19.316666666666663,-14.314888933333334,0.0351852133333352,0.9346666666666668,10.806,12.017333333333331,26.025308662222223,11.356222222222224,4.763032,4.761801,4.857842,4.9256577,4.7128835,0,4.0,0,0.0,0.65,13.8,86.2
2023-04-09 13:30:00,41.957210544444,0.0,0.0,26.03518521333333,12.017333333333331,19.316666666666663,0,5.1764362714980825,70.66250196097344,13,6,4,-0.2588190451025208,-0.9659258262890684,-0.7818314824680299,0.6234898018587334,0.8660254037844387,-0.4999999999999998,863.0,857.0,780.6875,5.15,19.8,0.0,31.5,-6.1,2.9677985,0.0,10.05,25.95555553,19.5,19.53333333333333,19.95,20.316666666666663,19.05,-14.017851879999998,-0.02037038666667,0.2766666666666655,11.740666666666668,11.212,26.03703706666667,11.521333333333336,4.7128835,4.763032,4.761801,4.857842,4.6271777,0,4.0,0,0.0,0.64,13.6,86.4
2023-04-09 13:45:00,79.78403076111,33.009790655556,33.023123488888004,25.95555553,11.212,19.05,1,5.1764362714980825,70.66250196097344,13,6,4,-0.2588190451025208,-0.9659258262890684,-0.7818314824680299,0.6234898018587334,0.8660254037844387,-0.4999999999999998,864.5,862.25,800.0,5.375,20.15,0.0,31.25,-6.05,2.9770675,0.0,10.225,25.953703723333334,19.316666666666663,19.5,19.53333333333333,19.95,19.466666666666665,-14.743555530000002,-0.07962968333333,-0.8053333333333335,12.017333333333331,11.4,26.015432114444447,11.656666666666666,4.6271777,4.7128835,4.763032,4.761801,4.727896,0,3.0,1,0.25,0.62,13.1,86.9
2023-04-09 14:00:00,109.0606374,64.447699788888,64.464643577776,25.953703723333334,11.4,19.466666666666665,1,5.1764362714980825,70.66250196097344,14,6,4,-0.4999999999999997,-0.8660254037844388,-0.7818314824680299,0.6234898018587334,0.8660254037844387,-0.4999999999999998,866.0,863.75,816.0,5.6,20.5,0.0,31.0,-6.0,2.9861276,0.0,10.4,26.04444448,19.05,19.316666666666663,19.5,19.53333333333333,19.5,-14.553703723333332,-0.0018518066666679,0.1880000000000006,11.212,11.199333333333334,25.98148148888889,11.543111111111113,4.727896,4.6271777,4.7128835,4.763032,4.7600756,0,2.0,0,0.5,0.62,13.1,86.9
2023-04-09 14:15:00,52.48817813889,0.0,0.0,26.04444448,11.199333333333334,19.5,0,5.1764362714980825,70.66250196097344,14,6,4,-0.4999999999999997,-0.8660254037844388,-0.7818314824680299,0.6234898018587334,0.8660254037844387,-0.4999999999999998,852.25,861.4375,828.3541666666666,5.324999999999999,20.425,0.0,31.0,-5.9,3.005057,0.0,10.5,25.890740726666664,19.466666666666665,19.05,19.316666666666663,19.5,19.5,-14.845111146666666,0.0907407566666655,-0.2006666666666667,11.4,11.489333333333333,25.98456791111111,11.270444444444443,4.7600756,4.727896,4.6271777,4.7128835,4.719343,1,2.0,1,0.5,0.64,13.7,86.3
2023-04-09 14:30:00,55.366396205562,0.0,0.0,25.890740726666664,11.489333333333333,19.5,0,5.1764362714980825,70.66250196097344,14,6,4,-0.4999999999999997,-0.8660254037844388,-0.7818314824680299,0.6234898018587334,0.8660254037844387,-0.4999999999999998,838.5,855.3125,837.0625,5.05,20.35,0.0,31.0,-5.8,3.0240915,0.0,10.6,25.64444444,19.5,19.466666666666665,19.05,19.316666666666663,19.5,-14.401407393333333,-0.1537037533333354,0.2899999999999991,11.199333333333334,12.227333333333332,25.96296297666667,11.36288888888889,4.719343,4.7600756,4.727896,4.6271777,4.654701,0,2.0,0,0.5,0.61,12.8,87.2
2023-04-09 14:45:00,46.267315949998,0.0,0.0,25.64444444,12.227333333333332,19.5,0,5.1764362714980825,70.66250196097344,14,6,4,-0.4999999999999997,-0.8660254037844388,-0.7818314824680299,0.6234898018587334,0.8660254037844387,-0.4999999999999998,824.75,845.375,842.125,4.775,20.275,0.0,31.0,-5.699999999999999,3.0432303,0.0,10.7,25.37407404,19.5,19.5,19.466666666666665,19.05,19.5,-13.417111106666663,-0.2462962866666664,0.7379999999999995,11.489333333333333,12.396666666666668,25.859876548888888,11.638666666666666,4.654701,4.719343,4.7600756,4.727896,4.5846214,0,3.0,0,0.25,0.55,11.3,88.7
2023-04-09 15:00:00,36.421876449998,0.0,0.0,25.37407404,12.396666666666668,19.5,0,5.1764362714980825,70.66250196097344,15,6,4,-0.7071067811865471,-0.7071067811865479,-0.7818314824680299,0.6234898018587334,0.8660254037844387,-0.4999999999999998,811.0,831.625,843.5416666666666,4.5,20.2,0.0,31.0,-5.6,3.0624752,0.0,10.8,24.99999997,19.5,19.5,19.5,19.466666666666665,19.55,-12.977407373333332,-0.2703703999999973,0.1693333333333342,12.227333333333332,12.136,25.636419735555556,12.037777777777777,4.5846214,4.654701,4.719343,4.7600756,4.500676,0,4.0,0,0.0,0.49,10.0,90.0
2023-04-09 15:15:00,399.685956405554,76.719708872222,76.739152577776,24.99999997,12.136,19.55,2,5.1764362714980825,70.66250196097344,15,6,4,-0.7071067811865471,-0.7071067811865479,-0.7818314824680299,0.6234898018587334,0.8660254037844387,-0.4999999999999998,783.0,814.3125,841.25,4.725,19.65,0.0,31.5,-5.35,3.1266062,0.0,10.875,24.60370370333333,19.5,19.5,19.5,19.5,19.966666666666665,-12.863999969999998,-0.3740740700000025,-0.2606666666666672,12.396666666666668,11.586,25.33950615,12.253333333333332,4.500676,4.5846214,4.654701,4.719343,4.4949746,0,3.0,1,0.25,0.4,8.3,91.7
2023-04-09 15:30:00,71.421309733332,28.749683283334,28.762738294446,24.60370370333333,11.586,19.966666666666665,1,5.1764362714980825,70.66250196097344,15,6,4,-0.7071067811865471,-0.7071067811865479,-0.7818314824680299,0.6234898018587334,0.8660254037844387,-0.4999999999999998,755.0,793.4375,835.25,4.95,19.1,0.0,32.0,-5.1,3.1912668,0.0,10.95,24.12777779,19.55,19.5,19.5,19.5,20.05,-13.017703703333334,-0.3962962666666634,-0.5499999999999989,12.136,11.586,24.992592571111118,12.039555555555555,4.4949746,4.500676,4.5846214,4.654701,4.3937593,0,2.0,1,0.5,0.31,7.0,93.0
2023-04-09 15:45:00,49.119701916662,0.0,0.0,24.12777779,11.586,20.05,0,5.1764362714980825,70.66250196097344,15,6,4,-0.7071067811865471,-0.7071067811865479,-0.7818314824680299,0.6234898018587334,0.8660254037844387,-0.4999999999999998,727.0,769.0,825.5416666666666,5.175000000000001,18.55,0.0,32.5,-4.85,3.2564607,0.0,11.025,23.51851852333333,19.966666666666665,19.55,19.5,19.5,20.466666666666665,-12.54177779,-0.4759259133333344,0.0,11.586,11.76,24.57716048777778,11.769333333333334,4.3937593,4.4949746,4.500676,4.5846214,4.332402,1,2.0,1,0.5,0.2,5.8,94.2
2023-04-09 16:00:00,59.579561088892,0.0,0.0,23.51851852333333,11.76,20.466666666666665,0,5.1764362714980825,70.66250196097344,16,6,4,-0.8660254037844385,-0.5000000000000004,-0.7818314824680299,0.6234898018587334,0.8660254037844387,-0.4999999999999998,699.0,741.0,812.125,5.4,18.0,0.0,33.0,-4.6,3.3221905,0.0,11.1,23.061111120000003,20.05,19.966666666666665,19.55,19.5,20.5,-11.758518523333334,-0.6092592666666654,0.1739999999999995,11.586,12.048,24.083333338888888,11.644,4.332402,4.3937593,4.4949746,4.500676,4.2276335,0,2.0,0,0.5,0.06,5.1,94.9
2023-04-09 16:15:00,302.517898916662,0.0,0.0,23.061111120000003,12.048,20.5,0,5.1764362714980825,70.66250196097344,16,6,4,-0.8660254037844385,-0.5000000000000004,-0.7818314824680299,0.6234898018587334,0.8660254037844387,-0.4999999999999998,659.25,710.0625,795.2708333333334,6.125,19.0,0.0,34.0,-4.324999999999999,3.4067593,0.0,11.025,22.71111114,20.466666666666665,20.05,19.966666666666665,19.55,20.683333333333334,-11.013111120000003,-0.4574074033333311,0.2880000000000002,11.76,12.172,23.569135811111117,11.798,4.2276335,4.332402,4.3937593,4.4949746,4.180814,0,3.0,0,0.25,-0.04,5.0,95.0
2023-04-09 16:30:00,1305.016130533336,78.775182166668,78.79462583889,22.71111114,12.172,20.683333333333334,2,5.1764362714980825,70.66250196097344,16,6,4,-0.8660254037844385,-0.5000000000000004,-0.7818314824680299,0.6234898018587334,0.8660254037844387,-0.4999999999999998,619.5,676.1875,774.9791666666666,6.8500000000000005,20.0,0.0,35.0,-4.05,3.490448,0.0,10.95,22.55000004,20.5,20.466666666666665,20.05,19.966666666666665,21.35,-10.53911114,-0.3499999800000033,0.1240000000000005,12.048,12.039333333333332,23.096913594444448,11.993333333333334,4.180814,4.2276335,4.332402,4.3937593,4.275867,0,3.0,1,0.25,-0.12,5.3,94.7
2023-04-09 16:45:00,758.075231311112,33.365332,33.378386994446,22.55000004,12.039333333333332,21.35,1,5.1764362714980825,70.66250196097344,16,6,4,-0.8660254037844385,-0.5000000000000004,-0.7818314824680299,0.6234898018587334,0.8660254037844387,-0.4999999999999998,579.75,639.375,751.25,7.575000000000001,21.0,0.0,36.0,-3.775,3.5732646,0.0,10.875,22.442592583333333,20.683333333333334,20.5,20.466666666666665,20.05,21.5,-10.510666706666669,-0.1611110999999994,-0.1326666666666671,12.172,11.791333333333334,22.774074100000004,12.086444444444444,4.275867,4.180814,4.2276335,4.332402,4.2794294,0,2.0,1,0.5,-0.16,5.5,94.5
2023-04-09 17:00:00,194.038627127774,0.0,0.0,22.442592583333333,11.791333333333334,21.5,0,5.1764362714980825,70.66250196097344,17,6,4,-0.9659258262890684,-0.2588190451025206,-0.7818314824680299,0.6234898018587334,0.8660254037844387,-0.4999999999999998,540.0,599.625,724.0833333333334,8.3,22.0,0.0,37.0,-3.5,3.6552124,0.0,10.8,22.19444445,21.35,20.683333333333334,20.5,20.466666666666665,21.5,-10.65125925,-0.1074074566666674,-0.2479999999999993,12.039333333333332,11.884,22.567901254444447,12.00088888888889,4.2794294,4.275867,4.180814,4.2276335,4.218794,1,2.0,1,0.5,-0.18,5.7,94.3
2023-04-09 17:15:00,618.9327417,0.0,0.0,22.19444445,11.884,21.5,0,5.1764362714980825,70.66250196097344,17,6,4,-0.9659258262890684,-0.2588190451025206,-0.7818314824680299,0.6234898018587334,0.8660254037844387,-0.4999999999999998,492.5,557.9375,694.1041666666666,8.925,22.8,0.0,38.25,-3.375,3.6903238,0.0,10.425,21.898148133333333,21.5,21.35,20.683333333333334,20.5,21.5,-10.31044445,-0.2481481333333342,0.0926666666666644,11.791333333333334,11.875333333333334,22.395679024444444,11.90488888888889,4.218794,4.2794294,4.275867,4.180814,4.147367,0,2.0,0,0.5,-0.24,6.2,93.8
2023-04-09 17:30:00,357.129603227774,16.929322799999998,16.942933405554,21.898148133333333,11.875333333333334,21.5,1,5.1764362714980825,70.66250196097344,17,6,4,-0.9659258262890684,-0.2588190451025206,-0.7818314824680299,0.6234898018587334,0.8660254037844387,-0.4999999999999998,445.0,514.3125,661.3125,9.55,23.6,0.0,39.5,-3.25,3.7215254,0.0,10.05,21.70555558,21.5,21.5,21.35,20.683333333333334,22.35,-10.0228148,-0.2962963166666661,-0.0086666666666648,11.884,12.036666666666669,22.178395055555555,11.850222222222222,4.147367,4.218794,4.2794294,4.275867,4.2636547,0,2.0,1,0.5,-0.31,6.9,93.1
2023-04-09 17:45:00,120.513234927774,90.307498655556,90.326942327778,21.70555558,12.036666666666669,22.35,2,5.1764362714980825,70.66250196097344,17,6,4,-0.9659258262890684,-0.2588190451025206,-0.7818314824680299,0.6234898018587334,0.8660254037844387,-0.4999999999999998,397.5,468.75,625.7083333333334,10.175,24.4,0.0,40.75,-3.125,3.7489605,0.0,9.675,21.7185185,21.5,21.5,21.5,21.35,23.9,-9.668888913333337,-0.1925925533333305,0.1613333333333333,11.875333333333334,11.522,21.932716054444445,11.932,4.2636547,4.147367,4.218794,4.2794294,4.562761,0,2.0,1,0.5,-0.34,7.5,92.5
2023-04-09 18:00:00,46.69229881667,13.0111462,13.023090155556,21.7185185,11.522,23.9,1,5.1764362714980825,70.66250196097344,18,6,4,-1.0,-1.8369701987210294e-16,-0.7818314824680299,0.6234898018587334,0.8660254037844387,-0.4999999999999998,350.0,421.25,587.2916666666666,10.8,25.2,0.0,42.0,-3.0,3.77277,0.0,9.3,21.54999999,22.35,21.5,21.5,21.5,24.05,-10.196518500000002,0.0129629199999996,-0.5146666666666668,12.036666666666669,10.928666666666668,21.77407407111112,11.811333333333332,4.562761,4.2636547,4.147367,4.218794,4.5468807,0,1.0,1,0.75,-0.33,7.3,92.7
2023-04-09 18:15:00,55.978038555556,0.0,0.0,21.54999999,10.928666666666668,24.05,0,5.1764362714980825,70.66250196097344,18,6,4,-1.0,-1.8369701987210294e-16,-0.7818314824680299,0.6234898018587334,0.8660254037844387,-0.4999999999999998,301.5,373.5,547.1666666666666,9.9,25.2,0.0,45.0,-2.675,3.890109,0.0,8.700000000000001,21.283333326666664,23.9,22.35,21.5,21.5,24.466666666666665,-10.621333323333332,-0.1685185100000019,-0.5933333333333337,11.522,10.642666666666663,21.65802469,11.49577777777778,4.5468807,4.562761,4.2636547,4.147367,4.5547686,1,1.0,1,0.75,-0.37,7.8,92.2
2023-04-09 18:30:00,81.149531522228,31.556515455556,31.568737183334,21.283333326666664,10.642666666666663,24.466666666666665,1,5.1764362714980825,70.66250196097344,18,6,4,-1.0,-1.8369701987210294e-16,-0.7818314824680299,0.6234898018587334,0.8660254037844387,-0.4999999999999998,253.0,325.5,505.3333333333333,9.0,25.2,0.0,48.0,-2.35,3.9925177,0.0,8.100000000000001,21.18888892,24.05,23.9,22.35,21.5,24.85,-10.64066666,-0.2666666633333356,-0.2860000000000013,10.928666666666668,10.336666666666668,21.51728393888889,11.03111111111111,4.5547686,4.5468807,4.562761,4.2636547,4.600861,0,1.0,1,0.75,-0.43,8.8,91.2
2023-04-09 18:45:00,144.760876066664,96.697798616666,96.718353394442,21.18888892,10.336666666666668,24.85,2,5.1764362714980825,70.66250196097344,18,6,4,-1.0,-1.8369701987210294e-16,-0.7818314824680299,0.6234898018587334,0.8660254037844387,-0.4999999999999998,204.5,277.25,461.7916666666667,8.1,25.2,0.0,51.0,-2.025,4.080841,0.0,7.5,21.3537037,24.466666666666665,24.05,23.9,22.35,25.0,-10.852222253333332,-0.0944444066666641,-0.3059999999999974,10.642666666666663,10.082666666666666,21.340740745555557,10.636,4.600861,4.5547686,4.5468807,4.562761,4.6730757,0,1.0,1,0.75,-0.45,9.2,90.8
2023-04-09 19:00:00,624.200031066664,0.0,0.0,21.3537037,10.082666666666666,25.0,0,5.1764362714980825,70.66250196097344,19,6,4,-0.9659258262890684,0.2588190451025203,-0.7818314824680299,0.6234898018587334,0.8660254037844387,-0.4999999999999998,156.0,228.75,416.5416666666667,7.2,25.2,0.0,54.0,-1.7,4.1558905,0.0,6.9,21.17222221,24.85,24.466666666666665,24.05,23.9,25.05,-11.27103703333333,0.1648147799999968,-0.2540000000000013,10.336666666666668,9.633333333333333,21.275308648888885,10.354,4.6730757,4.600861,4.5547686,4.5468807,4.6334076,1,2.0,1,0.5,-0.41,8.5,91.5
2023-04-09 19:15:00,141.05213543889,84.033860744444,84.051360094442,21.17222221,9.633333333333333,25.05,2,5.1764362714980825,70.66250196097344,19,6,4,-0.9659258262890684,0.2588190451025203,-0.7818314824680299,0.6234898018587334,0.8660254037844387,-0.4999999999999998,121.25,183.6875,371.7083333333333,7.775,22.225,0.0,58.0,-1.8,4.181479,0.0,5.9,21.100000036666664,25.0,24.85,24.466666666666665,24.05,25.466666666666665,-11.538888876666665,-0.1814814899999994,-0.4493333333333336,10.082666666666666,9.482666666666669,21.23827161,10.017555555555557,4.6334076,4.6730757,4.600861,4.5547686,4.690773,0,1.0,1,0.75,-0.45,9.2,90.8
2023-04-09 19:30:00,165.65392907778,115.856198883334,115.8778647,21.100000036666664,9.482666666666669,25.466666666666665,2,5.1764362714980825,70.66250196097344,19,6,4,-0.9659258262890684,0.2588190451025203,-0.7818314824680299,0.6234898018587334,0.8660254037844387,-0.4999999999999998,86.5,142.0625,327.2916666666667,8.35,19.25,0.0,62.0,-1.9,4.1849465,0.0,4.9,21.19444444,25.05,25.0,24.85,24.466666666666665,25.1,-11.617333369999995,-0.0722221733333334,-0.150666666666666,9.633333333333333,9.018,21.208641982222225,9.732888888888889,4.690773,4.6334076,4.6730757,4.600861,4.6486454,0,1.0,0,0.75,-0.46,9.5,90.5
2023-04-09 19:45:00,67.17870166111,24.193476688888,24.204031816666,21.19444444,9.018,25.1,1,5.1764362714980825,70.66250196097344,19,6,4,-0.9659258262890684,0.2588190451025203,-0.7818314824680299,0.6234898018587334,0.8660254037844387,-0.4999999999999998,51.75,103.875,283.2916666666667,8.925,16.275,0.0,66.0,-2.0,4.168697,0.0,3.9,21.05740738333333,25.466666666666665,25.05,25.0,24.85,24.166666666666668,-12.176444439999996,0.094444403333334,-0.4646666666666661,9.482666666666669,8.770666666666667,21.155555562222226,9.378,4.6486454,4.690773,4.6334076,4.6730757,4.440327,0,1.0,1,0.75,-0.45,9.1,90.9
2023-04-09 20:00:00,117.025874261114,74.29313927222199,74.308694233332,21.05740738333333,8.770666666666667,24.166666666666668,2,5.1764362714980825,70.66250196097344,20,6,4,-0.8660254037844386,0.5000000000000001,-0.7818314824680299,0.6234898018587334,0.8660254037844387,-0.4999999999999998,17.0,69.125,239.70833333333331,9.5,13.3,0.0,70.0,-2.1,4.13496,0.0,2.9,20.911111100000003,25.1,25.466666666666665,25.05,25.0,23.45,-12.286740716666667,-0.1370370566666636,-0.2473333333333336,9.018,8.506,21.11728395333333,9.090444444444444,4.440327,4.6486454,4.690773,4.6334076,4.2721763,0,0.0,1,1.0,-0.48,9.9,90.1
2023-04-09 20:15:00,166.536393827778,129.132056711112,129.155389094446,20.911111100000003,8.506,23.45,2,5.1764362714980825,70.66250196097344,20,6,4,-0.8660254037844386,0.5000000000000001,-0.7818314824680299,0.6234898018587334,0.8660254037844387,-0.4999999999999998,12.75,42.0,199.72916666666663,7.75,12.85,0.0,65.75,-2.6,4.0097175,0.0,3.375,20.961111086666666,24.166666666666668,25.1,25.466666666666665,25.05,22.85,-12.405111100000004,-0.1462962833333314,-0.2646666666666668,8.770666666666667,8.476,21.054320974444448,8.764888888888889,4.2721763,4.440327,4.6486454,4.690773,4.174983,0,0.0,0,1.0,-0.52,10.7,89.3
2023-04-09 20:30:00,185.448692872222,135.15570467222202,135.180148144444,20.961111086666666,8.476,22.85,2,5.1764362714980825,70.66250196097344,20,6,4,-0.8660254037844386,0.5000000000000001,-0.7818314824680299,0.6234898018587334,0.8660254037844387,-0.4999999999999998,8.5,22.5,163.35416666666666,6.0,12.4,0.0,61.5,-3.1,3.871534,0.0,3.85,21.03888892,23.45,24.166666666666668,25.1,25.466666666666665,22.15,-12.485111086666665,0.0499999866666627,-0.0299999999999993,8.506,8.208666666666666,20.976543190000005,8.584222222222222,4.174983,4.2721763,4.440327,4.6486454,4.065415,0,0.0,0,1.0,-0.51,10.5,89.5
2023-04-09 20:45:00,199.967556494446,139.452477227778,139.474976294446,21.03888892,8.208666666666666,22.15,2,5.1764362714980825,70.66250196097344,20,6,4,-0.8660254037844386,0.5000000000000001,-0.7818314824680299,0.6234898018587334,0.8660254037844387,-0.4999999999999998,4.249999999999998,10.625,130.58333333333334,4.25,11.95,0.0,57.25,-3.6,3.7197938,0.0,4.324999999999999,21.07592595,22.85,23.45,24.166666666666668,25.1,21.816666666666663,-12.830222253333332,0.0777778333333323,-0.267333333333335,8.476,7.815333333333333,20.97037036888889,8.396888888888888,4.065415,4.174983,4.2721763,4.440327,4.0128574,0,0.0,0,1.0,-0.5,10.2,89.8
2023-04-09 21:00:00,189.486031288892,141.546560127778,141.569336950002,21.07592595,7.815333333333333,21.816666666666663,2,5.1764362714980825,70.66250196097344,21,6,4,-0.7071067811865477,0.7071067811865474,-0.7818314824680299,0.6234898018587334,0.8660254037844387,-0.4999999999999998,0.0,6.375,101.41666666666669,2.5,11.5,0.0,53.0,-4.1,3.5538633,0.0,4.8,21.1111111,22.15,22.85,23.45,24.166666666666668,21.15,-13.260592616666669,0.037037030000004,-0.3933333333333326,8.208666666666666,7.689999999999999,21.025308652222225,8.166666666666666,4.0128574,4.065415,4.174983,4.2721763,3.8981884,0,0.0,0,1.0,-0.49,10.1,89.9
2023-04-09 21:15:00,187.325839983334,141.218239894446,141.241850050002,21.1111111,7.689999999999999,21.15,2,5.1764362714980825,70.66250196097344,21,6,4,-0.7071067811865477,0.7071067811865474,-0.7818314824680299,0.6234898018587334,0.8660254037844387,-0.4999999999999998,0.0,3.1875,76.29166666666667,2.425,9.8,0.0,56.5,-3.85,3.6406803,0.0,4.2,21.09074075,21.816666666666663,22.15,22.85,23.45,21.0,-13.4211111,0.0351851499999966,-0.1253333333333337,7.815333333333333,7.656666666666666,21.075308656666667,7.904666666666666,3.8981884,4.0128574,4.065415,4.174983,3.865967,0,0.0,0,1.0,-0.49,10.0,90.0
2023-04-09 21:30:00,196.023825416666,140.550488872222,140.57493236111,21.09074075,7.656666666666666,21.0,2,5.1764362714980825,70.66250196097344,21,6,4,-0.7071067811865477,0.7071067811865474,-0.7818314824680299,0.6234898018587334,0.8660254037844387,-0.4999999999999998,0.0,1.0624999999999996,55.208333333333336,2.35,8.1,0.0,60.0,-3.6,3.7145662,0.0,3.6,21.0555556,21.15,21.816666666666663,22.15,22.85,21.0,-13.434074083333336,-0.0203703499999967,-0.0333333333333332,7.689999999999999,7.27,21.0925926,7.720666666666666,3.865967,3.8981884,4.0128574,4.065415,3.8580766,0,0.0,0,1.0,-0.49,10.1,89.9
2023-04-09 21:45:00,185.204258233332,139.499975344444,139.523029955556,21.0555556,7.27,21.0,2,5.1764362714980825,70.66250196097344,21,6,4,-0.7071067811865477,0.7071067811865474,-0.7818314824680299,0.6234898018587334,0.8660254037844387,-0.4999999999999998,0.0,0.0,38.16666666666666,2.2750000000000004,6.4,0.0,63.5,-3.35,3.776298,0.0,3.0,21.03518521333333,21.0,21.15,21.816666666666663,22.15,21.0,-13.785555600000002,-0.0351851500000002,-0.3866666666666667,7.656666666666666,6.693333333333333,21.08580248333333,7.538888888888889,3.8580766,3.865967,3.8981884,4.0128574,3.853514,0,0.0,0,1.0,-0.5,10.3,89.7
2023-04-09 22:00:00,396.586358194442,139.675801627778,139.6994118,21.03518521333333,6.693333333333333,21.0,2,5.1764362714980825,70.66250196097344,22,6,4,-0.5000000000000004,0.8660254037844384,-0.7818314824680299,0.6234898018587334,0.8660254037844387,-0.4999999999999998,0.0,0.0,25.166666666666668,2.2,4.7,0.0,67.0,-3.1,3.8266194,0.0,2.4,21.0,21.0,21.0,21.15,21.816666666666663,21.0,-14.341851879999998,-0.02037038666667,-0.5766666666666662,7.27,5.8933333333333335,21.060493854444445,7.206666666666666,3.853514,3.8580766,3.865967,3.8981884,3.8456457,0,0.0,0,1.0,-0.51,10.4,89.6
2023-04-09 22:15:00,240.094562566664,59.537618383334,59.553173311112,21.0,5.8933333333333335,21.0,1,5.1764362714980825,70.66250196097344,22,6,4,-0.5000000000000004,0.8660254037844384,-0.7818314824680299,0.6234898018587334,0.8660254037844387,-0.4999999999999998,0.0,0.0,15.0625,2.925,5.775,0.0,67.5,-3.225,3.7969897,0.0,2.175,20.918518526666663,21.0,21.0,21.0,21.15,21.183333333333334,-15.106666666666666,-0.0351852133333316,-0.7999999999999998,6.693333333333333,5.504,21.03024693777778,6.618888888888889,3.8456457,3.853514,3.8580766,3.865967,3.8608913,0,0.0,1,1.0,-0.51,10.5,89.5
2023-04-09 22:30:00,53.788959472222,0.0,0.0,20.918518526666663,5.504,21.183333333333334,0,5.1764362714980825,70.66250196097344,22,6,4,-0.5000000000000004,0.8660254037844384,-0.7818314824680299,0.6234898018587334,0.8660254037844387,-0.4999999999999998,0.0,0.0,7.854166666666667,3.65,6.85,0.0,68.0,-3.35,3.767274,0.0,1.95,20.62777781,21.0,21.0,21.0,21.0,21.55,-15.414518526666663,-0.0814814733333335,-0.3893333333333331,5.8933333333333335,5.347333333333333,20.984567913333333,6.030222222222222,3.8608913,3.8456457,3.853514,3.8580766,3.8618128,1,1.0,1,0.75,-0.53,10.9,89.1
2023-04-09 22:45:00,157.892295205554,111.232772711112,111.253882983334,20.62777781,5.347333333333333,21.55,2,5.1764362714980825,70.66250196097344,22,6,4,-0.5000000000000004,0.8660254037844384,-0.7818314824680299,0.6234898018587334,0.8660254037844387,-0.4999999999999998,0.0,0.0,3.5416666666666665,4.375,7.925000000000001,0.0,68.5,-3.475,3.7374823,0.0,1.725,20.688888873333333,21.183333333333334,21.0,21.0,21.0,21.966666666666665,-15.280444476666668,-0.2907407166666651,-0.1566666666666671,5.504,4.94,20.84876544555556,5.581555555555556,3.8618128,3.8608913,3.8456457,3.853514,3.9505203,0,1.0,1,0.75,-0.6,12.5,87.5
2023-04-09 23:00:00,111.960243694442,59.528729888888,59.54400706111,20.688888873333333,4.94,21.966666666666665,1,5.1764362714980825,70.66250196097344,23,6,4,-0.2588190451025215,0.965925826289068,-0.7818314824680299,0.6234898018587334,0.8660254037844387,-0.4999999999999998,0.0,0.0,2.125,5.1,9.0,0.0,69.0,-3.6,3.7076209,0.0,1.5,20.69444445,21.55,21.183333333333334,21.0,21.0,22.0,-15.748888873333334,0.0611110633333318,-0.4073333333333337,5.347333333333333,4.763333333333334,20.74506173666667,5.2637777777777774,3.9505203,3.8618128,3.8608913,3.8456457,3.9577944,0,1.0,1,0.75,-0.58,12.1,87.9
2023-04-09 23:15:00,58.728761855556,17.810676427778,17.821509311112,20.69444445,4.763333333333334,22.0,1,5.1764362714980825,70.66250196097344,23,6,4,-0.2588190451025215,0.965925826289068,-0.7818314824680299,0.6234898018587334,0.8660254037844387,-0.4999999999999998,0.0,0.0,1.0624999999999998,5.725,10.0,0.0,73.0,-3.575,3.7395864,0.0,0.8,20.438888870000003,21.966666666666665,21.55,21.183333333333334,21.0,22.183333333333334,-15.931111116666663,0.0055555766666657,-0.1766666666666658,4.94,4.668,20.670370377777772,5.0168888888888885,3.9577944,3.9505203,3.8618128,3.8608913,3.9317598,0,1.0,0,0.75,-0.58,12.0,88.0
2023-04-09 23:30:00,151.691710038882,123.6275547,123.650331555556,20.438888870000003,4.668,22.183333333333334,2,5.1764362714980825,70.66250196097344,23,6,4,-0.2588190451025215,0.965925826289068,-0.7818314824680299,0.6234898018587334,0.8660254037844387,-0.4999999999999998,0.0,0.0,0.3541666666666665,6.35,11.0,0.0,77.0,-3.55,3.7594383,0.0,0.1,20.53888889,22.0,21.966666666666665,21.55,21.183333333333334,22.15,-15.770888870000004,-0.2555555799999958,-0.0953333333333334,4.763333333333334,4.902,20.60740739777778,4.790444444444444,3.9317598,3.9577944,3.9505203,3.8618128,3.9488213,0,0.0,1,1.0,-0.64,13.5,86.5
2023-04-09 23:45:00,79.27044013889,44.1157353,44.129623627778,20.53888889,4.902,22.15,1,5.1764362714980825,70.66250196097344,23,6,4,-0.2588190451025215,0.965925826289068,-0.7818314824680299,0.6234898018587334,0.8660254037844387,-0.4999999999999998,0.0,0.0,0.0,6.975,12.0,0.0,81.0,-3.525,3.7681236,0.0,-0.5999999999999996,20.45740744,22.183333333333334,22.0,21.966666666666665,21.55,22.0,-15.636888889999998,0.1000000199999959,0.2339999999999999,4.668,4.578,20.55740740333333,4.777777777777778,3.9488213,3.9317598,3.9577944,3.9505203,3.9034834,0,0.0,1,1.0,-0.61,12.9,87.1
2023-04-10 00:00:00,111.434153522224,50.52242343889,50.535478516666,20.45740744,4.578,22.0,1,5.1764362714980825,70.66250196097344,0,0,4,0.0,1.0,0.0,1.0,0.8660254037844387,-0.4999999999999998,0.0,0.0,0.0,7.6,13.0,0.0,85.0,-3.5,3.7665355,0.0,-1.3,20.29444446,22.15,22.183333333333334,22.0,21.966666666666665,22.35,-15.87940744,-0.0814814499999982,-0.3239999999999998,4.902,4.304,20.478395066666668,4.716,3.9034834,3.9488213,3.9317598,3.9577944,3.9280314,0,0.0,0,1.0,-0.63,13.4,86.6
2023-04-10 00:15:00,176.17517496111,124.111979772222,124.133367833332,20.29444446,4.304,22.35,2,5.1764362714980825,70.66250196097344,0,0,4,0.0,1.0,0.0,1.0,0.8660254037844387,-0.4999999999999998,0.0,0.0,0.0,7.875,13.525,0.0,84.5,-3.65,3.7248583,0.0,-1.375,20.43333329333333,22.0,22.15,22.183333333333334,22.0,22.5,-15.99044446,-0.1629629799999996,-0.274,4.578,4.120666666666667,20.430246930000003,4.594666666666668,3.9280314,3.9034834,3.9488213,3.9317598,3.986594,0,0.0,1,1.0,-0.67,14.4,85.6
2023-04-10 00:30:00,56.394966327778,0.0,0.0,20.43333329333333,4.120666666666667,22.5,0,5.1764362714980825,70.66250196097344,0,0,4,0.0,1.0,0.0,1.0,0.8660254037844387,-0.4999999999999998,0.0,0.0,0.0,8.149999999999999,14.05,0.0,84.0,-3.8,3.6835022,0.0,-1.4500000000000002,20.24444445,22.35,22.0,22.15,22.183333333333334,22.55,-16.312666626666662,0.1388888333333291,-0.1833333333333335,4.304,4.004,20.395061731111117,4.334222222222222,3.986594,3.9280314,3.9034834,3.9488213,3.9516187,1,1.0,1,0.75,-0.64,13.5,86.5
2023-04-10 00:45:00,143.27343558333,81.65645586111,81.673399666664,20.24444445,4.004,22.55,2,5.1764362714980825,70.66250196097344,0,0,4,0.0,1.0,0.0,1.0,0.8660254037844387,-0.4999999999999998,0.0,0.0,0.0,8.424999999999999,14.575,0.0,83.5,-3.95,3.6424632,0.0,-1.525,20.19629628,22.5,22.35,22.0,22.15,22.966666666666665,-16.24044445,-0.1888888433333306,-0.1166666666666662,4.120666666666667,3.66,20.32407406777778,4.14288888888889,3.9516187,3.986594,3.9280314,3.9034834,4.0133233,0,1.0,1,0.75,-0.68,14.7,85.3
2023-04-10 01:00:00,155.326842311108,103.963619088888,103.982229477776,20.19629628,3.66,22.966666666666665,2,5.1764362714980825,70.66250196097344,1,0,4,0.2588190451025207,0.9659258262890684,0.0,1.0,0.8660254037844387,-0.4999999999999998,0.0,0.0,0.0,8.7,15.1,0.0,83.0,-4.1,3.601741,0.0,-1.6,20.31111108,22.55,22.5,22.35,22.0,22.65,-16.536296280000002,-0.0481481699999974,-0.3440000000000007,4.004,3.4833333333333334,20.291358007777777,3.9282222222222223,4.0133233,3.9516187,3.986594,3.9280314,3.9846346,0,1.0,0,0.75,-0.69,14.9,85.1
2023-04-10 01:15:00,55.250845444444,0.0,0.0,20.31111108,3.4833333333333334,22.65,0,5.1764362714980825,70.66250196097344,1,0,4,0.2588190451025207,0.9659258262890684,0.0,1.0,0.8660254037844387,-0.4999999999999998,0.0,0.0,0.0,8.799999999999999,15.375,0.0,81.25,-4.3,3.5505033,0.0,-1.5,20.06481479,22.966666666666665,22.55,22.5,22.35,22.683333333333334,-16.827777746666666,0.1148147999999977,-0.1766666666666663,3.66,3.365333333333333,20.250617270000003,3.715777777777778,3.9846346,4.0133233,3.9516187,3.986594,3.9334414,1,2.0,1,0.5,-0.66,14.2,85.8
2023-04-10 01:30:00,168.496315594438,106.495462244444,106.514072649998,20.06481479,3.365333333333333,22.683333333333334,2,5.1764362714980825,70.66250196097344,1,0,4,0.2588190451025207,0.9659258262890684,0.0,1.0,0.8660254037844387,-0.4999999999999998,0.0,0.0,0.0,8.899999999999999,15.65,0.0,79.5,-4.5,3.4983501,0.0,-1.4,20.11111112,22.65,22.966666666666665,22.55,22.5,23.0,-16.699481456666668,-0.24629629,-0.1179999999999998,3.4833333333333334,3.297333333333333,20.190740716666667,3.5028888888888887,3.9334414,3.9846346,4.0133233,3.9516187,3.999173,0,1.0,1,0.75,-0.72,15.8,84.2
2023-04-10 01:45:00,644.701988772218,106.346023755556,106.36463416111,20.11111112,3.297333333333333,23.0,2,5.1764362714980825,70.66250196097344,1,0,4,0.2588190451025207,0.9659258262890684,0.0,1.0,0.8660254037844387,-0.4999999999999998,0.0,0.0,0.0,9.0,15.925,0.0,77.75,-4.7,3.4452715,0.0,-1.3,20.20925927,22.683333333333334,22.65,22.966666666666665,22.55,23.0,-16.813777786666666,0.0462963300000005,-0.068,3.365333333333333,3.3586666666666667,20.162345663333337,3.382,3.999173,3.9334414,3.9846346,4.0133233,4.0221944,0,1.0,0,0.75,-0.7,15.4,84.6
2023-04-10 02:00:00,869.0869018,10.360974394446,10.369307444444,20.20925927,3.3586666666666667,23.0,1,5.1764362714980825,70.66250196097344,2,0,4,0.4999999999999999,0.8660254037844387,0.0,1.0,0.8660254037844387,-0.4999999999999998,0.0,0.0,0.0,9.1,16.2,0.0,76.0,-4.9,3.3912597,0.0,-1.2,19.96666667,23.0,22.683333333333334,22.65,22.966666666666665,24.25,-16.850592603333332,0.0981481500000001,0.0613333333333332,3.297333333333333,3.4426666666666668,20.12839506,3.340444444444445,4.0221944,3.999173,3.9334414,3.9846346,4.1810155,0,1.0,1,0.75,-0.68,14.8,85.2
2023-04-10 02:15:00,178.130930111108,128.34514373889,128.361254244444,19.96666667,3.4426666666666668,24.25,2,5.1764362714980825,70.66250196097344,2,0,4,0.4999999999999999,0.8660254037844387,0.0,1.0,0.8660254037844387,-0.4999999999999998,0.0,0.0,0.0,9.0,16.2,0.0,75.25,-5.0,3.3636415,0.0,-1.175,20.074074066666665,23.0,23.0,22.683333333333334,22.65,26.366666666666667,-16.52400000333333,-0.2425926000000018,0.084,3.3586666666666667,3.453333333333333,20.09567902,3.366222222222222,4.1810155,4.0221944,3.999173,3.9334414,4.574634,0,0.0,1,1.0,-0.73,16.2,83.8
2023-04-10 02:30:00,86.403210533328,36.717142355556,36.72325326111,20.074074066666665,3.453333333333333,26.366666666666667,1,5.1764362714980825,70.66250196097344,2,0,4,0.4999999999999999,0.8660254037844387,0.0,1.0,0.8660254037844387,-0.4999999999999998,0.0,0.0,0.0,8.899999999999999,16.2,0.0,74.5,-5.1,3.3359153,0.0,-1.15,20.01111108,24.25,23.0,23.0,22.683333333333334,26.2,-16.62074073333333,0.1074073966666659,0.0106666666666663,3.4426666666666668,3.458,20.083333335555555,3.4182222222222225,4.574634,4.1810155,4.0221944,3.999173,4.5289936,0,0.0,1,1.0,-0.69,15.1,84.9
2023-04-10 02:45:00,109.588949633332,56.2452501,56.256083033332,20.01111108,3.458,26.2,1,5.1764362714980825,70.66250196097344,2,0,4,0.4999999999999999,0.8660254037844387,0.0,1.0,0.8660254037844387,-0.4999999999999998,0.0,0.0,0.0,8.799999999999999,16.2,0.0,73.75,-5.2,3.3080812,0.0,-1.125,19.82962964333333,26.366666666666667,24.25,23.0,23.0,26.65,-16.55311108,-0.0629629866666654,0.0046666666666665,3.453333333333333,3.269333333333333,20.017283938888887,3.451333333333333,4.5289936,4.574634,4.1810155,4.0221944,4.558055,0,0.0,0,1.0,-0.71,15.6,84.4
2023-04-10 03:00:00,174.353858966664,129.563983916666,129.584816433332,19.82962964333333,3.269333333333333,26.65,2,5.1764362714980825,70.66250196097344,3,0,4,0.7071067811865476,0.7071067811865476,0.0,1.0,0.8660254037844387,-0.4999999999999998,0.0,0.0,0.0,8.7,16.2,0.0,73.0,-5.3,3.2801387,0.0,-1.1,19.98333336,26.2,26.366666666666667,24.25,23.0,26.25,-16.56029631,-0.1814814366666688,-0.1886666666666663,3.458,3.2993333333333337,19.97160493,3.393555555555555,4.558055,4.5289936,4.574634,4.1810155,4.5302615,0,0.0,1,1.0,-0.75,16.8,83.2
2023-04-10 03:15:00,42.66690442222,0.0,0.0,19.98333336,3.2993333333333337,26.25,0,5.1764362714980825,70.66250196097344,3,0,4,0.7071067811865476,0.7071067811865476,0.0,1.0,0.8660254037844387,-0.4999999999999998,0.0,0.0,0.0,8.049999999999999,15.65,0.0,73.5,-5.25,3.2968674,0.0,-1.125,19.78703703333333,26.65,26.2,26.366666666666667,24.25,25.716666666666665,-16.684000026666666,0.1537037166666692,0.0300000000000002,3.269333333333333,3.1626666666666665,19.941358027777778,3.3422222222222224,4.5302615,4.558055,4.5289936,4.574634,4.3874493,1,1.0,1,0.75,-0.72,15.8,84.2
2023-04-10 03:30:00,406.692065099996,98.007468427778,98.02663436111,19.78703703333333,3.1626666666666665,25.716666666666665,2,5.1764362714980825,70.66250196097344,3,0,4,0.7071067811865476,0.7071067811865476,0.0,1.0,0.8660254037844387,-0.4999999999999998,0.0,0.0,0.0,7.399999999999999,15.1,0.0,74.0,-5.199999999999999,3.3135266,0.0,-1.15,19.79444443,26.25,26.65,26.2,26.366666666666667,25.95,-16.624370366666668,-0.1962963266666655,-0.1366666666666671,3.2993333333333337,3.087333333333333,19.86666667888889,3.243777777777778,4.3874493,4.5302615,4.558055,4.5289936,4.4291825,0,1.0,1,0.75,-0.76,17.3,82.7
2023-04-10 03:45:00,134.330182127778,88.321189211112,88.338132983334,19.79444443,3.087333333333333,25.95,2,5.1764362714980825,70.66250196097344,3,0,4,0.7071067811865476,0.7071067811865476,0.0,1.0,0.8660254037844387,-0.4999999999999998,0.0,0.0,0.0,6.75,14.55,0.0,74.5,-5.15,3.3301167,0.0,-1.175,19.83518517,25.716666666666665,26.25,26.65,26.2,25.35,-16.707111096666665,0.0074073966666645,-0.075333333333333,3.1626666666666665,3.061333333333333,19.854938274444446,3.1831111111111112,4.4291825,4.3874493,4.5302615,4.558055,4.3371234,0,1.0,0,0.75,-0.76,17.2,82.8
2023-04-10 04:00:00,73.30428996111,16.489340383334,16.498784488888,19.83518517,3.061333333333333,25.35,1,5.1764362714980825,70.66250196097344,4,0,4,0.8660254037844386,0.5000000000000001,0.0,1.0,0.8660254037844387,-0.4999999999999998,0.0,0.0,0.0,6.1,14.0,0.0,75.0,-5.1,3.346638,0.0,-1.2,19.56666668,25.95,25.716666666666665,26.25,26.65,25.35,-16.773851836666665,0.0407407400000003,-0.0260000000000002,3.087333333333333,2.9626666666666663,19.805555544444445,3.1037777777777777,4.3371234,4.4291825,4.3874493,4.5302615,4.2693024,0,1.0,1,0.75,-0.75,17.0,83.0
2023-04-10 04:15:00,157.432035833332,118.514148127778,118.534702905554,19.56666668,2.9626666666666663,25.35,2,5.1764362714980825,70.66250196097344,4,0,4,0.8660254037844386,0.5000000000000001,0.0,1.0,0.8660254037844387,-0.4999999999999998,0.0,0.0,0.0,5.824999999999999,12.85,0.0,75.25,-5.1,3.3403034,0.0,-1.275,19.716666673333336,25.35,25.95,25.716666666666665,26.25,25.316666666666663,-16.604000013333334,-0.2685184899999981,-0.0986666666666669,3.061333333333333,2.957333333333333,19.73209876,3.037111111111111,4.2693024,4.3371234,4.4291825,4.3874493,4.3014107,0,0.0,1,1.0,-0.82,19.0,81.0
2023-04-10 04:30:00,101.23206163889,63.696618683334,63.71106253889,19.716666673333336,2.957333333333333,25.316666666666663,1,5.1764362714980825,70.66250196097344,4,0,4,0.8660254037844386,0.5000000000000001,0.0,1.0,0.8660254037844387,-0.4999999999999998,0.0,0.0,0.0,5.55,11.7,0.0,75.5,-5.1,3.333933,0.0,-1.35,19.69444445,25.35,25.35,25.95,25.716666666666665,24.7,-16.75933334,0.1499999933333349,-0.0053333333333331,2.9626666666666663,2.865333333333333,19.706172841111112,2.993777777777777,4.3014107,4.2693024,4.3371234,4.4291825,4.1911654,0,0.0,1,1.0,-0.78,17.9,82.1
2023-04-10 04:45:00,91.193018833332,48.973596527778,48.985262777776,19.69444445,2.865333333333333,24.7,1,5.1764362714980825,70.66250196097344,4,0,4,0.8660254037844386,0.5000000000000001,0.0,1.0,0.8660254037844387,-0.4999999999999998,0.0,0.0,0.0,5.275,10.55,0.0,75.75,-5.1,3.327527,0.0,-1.425,19.54074073,25.316666666666663,25.35,25.35,25.95,24.966666666666665,-16.829111116666667,-0.0222222233333369,-0.092,2.957333333333333,2.779333333333333,19.65925926777778,2.928444444444444,4.1911654,4.3014107,4.2693024,4.3371234,4.198343,0,0.0,0,1.0,-0.79,18.2,81.8
2023-04-10 05:00:00,188.38885306111,150.2723222,150.295376844444,19.54074073,2.779333333333333,24.966666666666665,2,5.1764362714980825,70.66250196097344,5,0,4,0.9659258262890684,0.2588190451025207,0.0,1.0,0.8660254037844387,-0.4999999999999998,0.0,0.0,0.0,5.0,9.4,0.0,76.0,-5.1,3.3210862,0.0,-1.5,19.79444446,24.7,25.316666666666663,25.35,25.35,24.65,-16.761407396666666,-0.1537037199999993,-0.0859999999999998,2.865333333333333,2.469333333333333,19.650617284444447,2.8673333333333333,4.198343,4.1911654,4.3014107,4.2693024,4.207297,0,0.0,1,1.0,-0.82,19.3,80.7
2023-04-10 05:15:00,57.965459155552,0.0,0.0,19.79444446,2.469333333333333,24.65,0,5.1764362714980825,70.66250196097344,5,0,4,0.9659258262890684,0.2588190451025207,0.0,1.0,0.8660254037844387,-0.4999999999999998,0.0,0.0,0.0,5.1,9.2,0.0,76.25,-5.074999999999999,3.3320107,0.0,-1.5,19.568518496666663,24.966666666666665,24.7,25.316666666666663,25.35,24.683333333333334,-17.32511112666667,0.2537037300000015,-0.31,2.779333333333333,2.0153333333333334,19.676543213333336,2.7046666666666663,4.207297,4.198343,4.1911654,4.3014107,4.157478,1,1.0,1,0.75,-0.77,17.4,82.6
2023-04-10 05:30:00,163.095975833336,108.510937188888,108.527047694442,19.568518496666663,2.0153333333333334,24.683333333333334,2,5.1764362714980825,70.66250196097344,5,0,4,0.9659258262890684,0.2588190451025207,0.0,1.0,0.8660254037844387,-0.4999999999999998,0.0,0.0,0.0,5.2,9.0,0.0,76.5,-5.05,3.3429353,0.0,-1.5,19.61111112,24.65,24.966666666666665,24.7,25.316666666666663,24.95,-17.553185163333332,-0.225925963333335,-0.4539999999999997,2.469333333333333,1.924,19.63456789555556,2.421333333333333,4.157478,4.207297,4.198343,4.1911654,4.2129216,0,1.0,1,0.75,-0.82,19.1,80.9
2023-04-10 05:45:00,130.071463616666,94.968978872222,94.98675596111,19.61111112,1.924,24.95,2,5.1764362714980825,70.66250196097344,5,0,4,0.9659258262890684,0.2588190451025207,0.0,1.0,0.8660254037844387,-0.4999999999999998,0.0,0.0,0.0,5.300000000000001,8.8,0.0,76.75,-5.025,3.3538597,0.0,-1.5,19.68888892,24.683333333333334,24.65,24.966666666666665,24.7,24.53333333333333,-17.68711112,0.0425926233333342,-0.0913333333333334,2.0153333333333334,2.075333333333333,19.658024692222224,2.136222222222222,4.2129216,4.157478,4.207297,4.198343,4.1615276,0,1.0,0,0.75,-0.81,18.8,81.2
2023-04-10 06:00:00,67.464523544444,32.687303538890006,32.697580927778,19.68888892,2.075333333333333,24.53333333333333,1,5.1764362714980825,70.66250196097344,6,0,4,1.0,6.123233995736766e-17,0.0,1.0,0.8660254037844387,-0.4999999999999998,0.0,0.0,0.0,5.4,8.6,0.0,77.0,-5.0,3.3647847,0.0,-1.5,19.46111113,24.95,24.683333333333334,24.65,24.966666666666665,24.8,-17.613555586666667,0.0777777999999997,0.1513333333333335,1.924,1.8593333333333333,19.622839512222225,2.004888888888889,4.1615276,4.2129216,4.157478,4.207297,4.1508393,0,1.0,1,0.75,-0.79,18.2,81.8
2023-04-10 06:15:00,180.173070422228,134.364347394446,134.386568755556,19.46111113,1.8593333333333333,24.8,2,5.1764362714980825,70.66250196097344,6,0,4,1.0,6.123233995736766e-17,0.0,1.0,0.8660254037844387,-0.4999999999999998,1.75,0.4375,0.1458333333333333,5.8500000000000005,9.25,0.0,76.5,-4.975,3.3663368,0.0,-1.4,19.65740741,24.53333333333333,24.95,24.683333333333334,24.65,24.53333333333333,-17.601777796666667,-0.2277777900000011,-0.2160000000000002,2.075333333333333,1.657333333333333,19.587037056666667,1.952888888888889,4.1508393,4.1615276,4.2129216,4.157478,4.1538444,0,0.0,1,1.0,-0.84,20.0,80.0
2023-04-10 06:30:00,110.639185322224,62.446946472222,62.462223627778,19.65740741,1.657333333333333,24.53333333333333,1,5.1764362714980825,70.66250196097344,6,0,4,1.0,6.123233995736766e-17,0.0,1.0,0.8660254037844387,-0.4999999999999998,3.5,1.3125,0.4375,6.300000000000001,9.9,0.0,76.0,-4.95,3.3677256,0.0,-1.3,19.60000003,24.8,24.53333333333333,24.95,24.683333333333334,24.2,-18.000074076666667,0.1962962800000021,-0.2019999999999999,1.8593333333333333,1.6973333333333334,19.60246915333333,1.864,4.1538444,4.1508393,4.1615276,4.2129216,4.0836153,0,0.0,1,1.0,-0.8,18.5,81.5
2023-04-10 06:45:00,97.163891055556,49.036094044444,49.050260127778,19.60000003,1.6973333333333334,24.2,1,5.1764362714980825,70.66250196097344,6,0,4,1.0,6.123233995736766e-17,0.0,1.0,0.8660254037844387,-0.4999999999999998,5.25,2.625,0.875,6.75,10.55,0.0,75.5,-4.925000000000001,3.368949,0.0,-1.2000000000000002,19.388888856666664,24.53333333333333,24.8,24.53333333333333,24.95,24.466666666666665,-17.902666696666667,-0.0574073800000007,0.04,1.657333333333333,1.7773333333333334,19.572839523333336,1.7380000000000002,4.0836153,4.1538444,4.1508393,4.1615276,4.077689,0,0.0,0,1.0,-0.81,19.0,81.0
2023-04-10 07:00:00,376.575769650002,128.458472572222,128.482082777776,19.388888856666664,1.7773333333333334,24.466666666666665,2,5.1764362714980825,70.66250196097344,7,0,4,0.9659258262890684,-0.2588190451025206,0.0,1.0,0.8660254037844387,-0.4999999999999998,7.0,4.375,1.4583333333333333,7.2,11.2,0.0,75.0,-4.9,3.3700054,0.0,-1.1,19.59444445,24.2,24.53333333333333,24.8,24.53333333333333,24.5,-17.61155552333333,-0.2111111733333359,0.08,1.6973333333333334,2.322666666666667,19.548765432222226,1.7106666666666666,4.077689,4.0836153,4.1538444,4.1508393,4.1328893,0,0.0,1,1.0,-0.86,20.7,79.3
2023-04-10 07:15:00,127.34518382222,47.262831694442,47.27672002222,19.59444445,2.322666666666667,24.5,1,5.1764362714980825,70.66250196097344,7,0,4,0.9659258262890684,-0.2588190451025206,0.0,1.0,0.8660254037844387,-0.4999999999999998,36.25,13.0,4.479166666666667,7.2,12.0,0.0,74.0,-4.25,3.5329142,0.0,-0.2250000000000001,19.51296294666667,24.466666666666665,24.2,24.53333333333333,24.8,24.683333333333334,-17.271777783333334,0.2055555933333366,0.5453333333333337,1.7773333333333334,3.5813333333333333,19.52777777888889,1.9324444444444449,4.1328893,4.077689,4.0836153,4.1538444,4.143926,0,0.0,1,1.0,-0.81,19.0,81.0
2023-04-10 07:30:00,104.687201227778,70.389406527778,70.405517,19.51296294666667,3.5813333333333333,24.683333333333334,1,5.1764362714980825,70.66250196097344,7,0,4,0.9659258262890684,-0.2588190451025206,0.0,1.0,0.8660254037844387,-0.4999999999999998,65.5,28.5,9.9375,7.2,12.8,0.0,73.0,-3.6,3.701367,0.0,0.6499999999999999,19.4333333,24.5,24.466666666666665,24.2,24.53333333333333,25.0,-15.931629613333335,-0.0814815033333324,1.2586666666666662,2.322666666666667,3.889333333333333,19.49876541777778,2.5604444444444447,4.143926,4.1328893,4.077689,4.0836153,4.177484,0,0.0,0,1.0,-0.83,19.6,80.4
2023-04-10 07:45:00,166.67888807778,116.5211723,116.542838116666,19.4333333,3.889333333333333,25.0,2,5.1764362714980825,70.66250196097344,7,0,4,0.9659258262890684,-0.2588190451025206,0.0,1.0,0.8660254037844387,-0.4999999999999998,94.75,50.875,17.833333333333332,7.2,13.6,0.0,72.0,-2.95,3.8754082,0.0,1.525,19.631481493333336,24.683333333333334,24.5,24.466666666666665,24.2,25.0,-15.543999966666668,-0.0796296466666675,0.3079999999999998,3.5813333333333333,4.981333333333334,19.513580232222225,3.2644444444444445,4.177484,4.143926,4.1328893,4.077689,4.2264185,0,0.0,1,1.0,-0.85,20.2,79.8
2023-04-10 08:00:00,57.473534349998,0.0,0.0,19.631481493333336,4.981333333333334,25.0,0,5.1764362714980825,70.66250196097344,8,0,4,0.8660254037844387,-0.4999999999999998,0.0,1.0,0.8660254037844387,-0.4999999999999998,124.0,80.125,28.166666666666668,7.2,14.4,0.0,71.0,-2.3,4.055074,0.0,2.4,19.53333333,25.0,24.683333333333334,24.5,24.466666666666665,25.05,-14.650148160000002,0.1981481933333349,1.0920000000000003,3.889333333333333,7.077333333333333,19.52592591333334,4.150666666666667,4.2264185,4.177484,4.143926,4.1328893,4.2105227,1,1.0,1,0.75,-0.8,18.6,81.4
2023-04-10 08:15:00,97.478878488888,59.605671244444,59.621503944444,19.53333333,7.077333333333333,25.05,1,5.1764362714980825,70.66250196097344,8,0,4,0.8660254037844387,-0.4999999999999998,0.0,1.0,0.8660254037844387,-0.4999999999999998,171.75,114.0,42.47916666666666,5.95,14.3,0.0,68.5,-1.6749999999999998,4.233714,0.0,3.575,19.561111123333333,25.0,25.0,24.683333333333334,24.5,25.466666666666665,-12.45599999666667,-0.0981481633333345,2.095999999999999,4.981333333333334,8.517999999999999,19.53271604111111,5.316,4.2105227,4.2264185,4.177484,4.143926,4.2875514,0,1.0,1,0.75,-0.83,19.4,80.6
2023-04-10 08:30:00,127.172690622224,86.9006905,86.919578627778,19.561111123333333,8.517999999999999,25.466666666666665,2,5.1764362714980825,70.66250196097344,8,0,4,0.8660254037844387,-0.4999999999999998,0.0,1.0,0.8660254037844387,-0.4999999999999998,219.5,152.5,60.770833333333336,4.7,14.2,0.0,66.0,-1.0499999999999998,4.41094,0.0,4.75,19.977777810000003,25.05,25.0,25.0,24.683333333333334,25.1,-11.043111123333334,0.0277777933333318,1.440666666666666,7.077333333333333,9.405333333333337,19.575308648888893,6.858888888888888,4.2875514,4.2105227,4.2264185,4.177484,4.330384,0,1.0,1,0.75,-0.82,19.1,80.9
2023-04-10 08:45:00,43.40826351667,0.0,0.0,19.977777810000003,9.405333333333337,25.1,0,5.1764362714980825,70.66250196097344,8,0,4,0.8660254037844387,-0.4999999999999998,0.0,1.0,0.8660254037844387,-0.4999999999999998,267.25,195.625,83.04166666666667,3.45,14.1,0.0,63.5,-0.4249999999999998,4.585511,0.0,5.924999999999999,20.540740726666662,25.466666666666665,25.05,25.0,25.0,24.53333333333333,-10.572444476666668,0.4166666866666695,0.887333333333336,8.517999999999999,9.886666666666668,19.690740754444448,8.333555555555556,4.330384,4.2875514,4.2105227,4.2264185,4.3741846,1,2.0,1,0.5,-0.72,16.0,84.0
2023-04-10 09:00:00,70.36551851667,29.255218627778,29.266607055556,20.540740726666662,9.886666666666668,24.53333333333333,1,5.1764362714980825,70.66250196097344,9,0,4,0.7071067811865476,-0.7071067811865475,0.0,1.0,0.8660254037844387,-0.4999999999999998,315.0,243.375,109.29166666666669,2.2,14.0,0.0,61.0,0.2,4.7560434,0.0,7.1,21.05555556,25.1,25.466666666666665,25.05,25.0,24.5,-10.65407406,0.5629629166666632,0.4813333333333318,9.405333333333337,11.319333333333333,20.02654322,9.27,4.3741846,4.330384,4.2875514,4.2105227,4.5010896,0,1.0,1,0.75,-0.6,12.5,87.5
2023-04-10 09:15:00,292.95522585555204,103.465027933332,103.485304938886,21.05555556,11.319333333333333,24.5,2,5.1764362714980825,70.66250196097344,9,0,4,0.7071067811865476,-0.7071067811865475,0.0,1.0,0.8660254037844387,-0.4999999999999998,362.5,291.0625,139.35416666666666,2.3000000000000003,13.475,0.0,57.25,-0.0499999999999999,4.7009063,0.0,7.9,21.7092593,24.53333333333333,25.1,25.466666666666665,25.05,24.5,-9.73622222666667,0.514814833333336,1.432666666666666,9.886666666666668,11.101333333333336,20.52469136555556,10.20377777777778,4.5010896,4.3741846,4.330384,4.2875514,4.6748056,0,1.0,1,0.75,-0.48,9.8,90.2
2023-04-10 09:30:00,216.228850433336,20.211413727778,20.222246627778,21.7092593,11.101333333333336,24.5,1,5.1764362714980825,70.66250196097344,9,0,4,0.7071067811865476,-0.7071067811865475,0.0,1.0,0.8660254037844387,-0.4999999999999998,410.0,338.6875,173.22916666666666,2.4000000000000004,12.95,0.0,53.5,-0.3,4.624908,0.0,8.7,22.27222222,24.5,24.53333333333333,25.1,25.466666666666665,24.1,-10.607925966666665,0.6537037399999974,-0.2179999999999982,11.319333333333333,11.507333333333332,21.101851862222222,10.76911111111111,4.6748056,4.5010896,4.3741846,4.330384,4.7501874,0,1.0,1,0.75,-0.33,7.3,92.7
2023-04-10 09:45:00,57.454368366668,0.0,0.0,22.27222222,11.507333333333332,24.1,0,5.1764362714980825,70.66250196097344,9,0,4,0.7071067811865476,-0.7071067811865475,0.0,1.0,0.8660254037844387,-0.4999999999999998,457.5,386.25,210.91666666666663,2.5,12.425,0.0,49.75,-0.55,4.526264,0.0,9.5,22.622222253333334,24.5,24.5,24.53333333333333,25.1,23.53333333333333,-10.764888886666666,0.5629629200000004,0.4059999999999988,11.101333333333336,11.952666666666666,21.67901236,11.309333333333331,4.7501874,4.6748056,4.5010896,4.3741846,4.7327085,1,1.0,1,0.75,-0.2,5.9,94.1
2023-04-10 10:00:00,74.61645967222199,0.0,0.0,22.622222253333334,11.952666666666666,23.53333333333333,0,5.1764362714980825,70.66250196097344,10,0,4,0.4999999999999999,-0.8660254037844387,0.0,1.0,0.8660254037844387,-0.4999999999999998,505.0,433.75,252.41666666666663,2.6,11.9,0.0,46.0,-0.8,4.403094,0.0,10.3,22.96666667,24.1,24.5,24.5,24.53333333333333,23.5,-10.669555586666668,0.3500000333333339,0.4453333333333322,11.507333333333332,12.251333333333331,22.201234591111117,11.520444444444443,4.7327085,4.7501874,4.6748056,4.5010896,4.8202014,0,2.0,0,0.5,-0.13,5.3,94.7
2023-04-10 10:15:00,140.615208566664,63.146918472222,63.195805433332,22.96666667,12.251333333333331,23.5,1,5.1764362714980825,70.66250196097344,10,0,4,0.4999999999999999,-0.8660254037844387,0.0,1.0,0.8660254037844387,-0.4999999999999998,545.25,479.4375,294.8333333333333,2.775,12.425,0.0,44.0,-0.925,4.360452,0.0,10.85,23.474074063333333,23.53333333333333,24.1,24.5,24.5,23.316666666666663,-10.715333336666664,0.3444444166666649,0.2986666666666675,11.952666666666666,13.481333333333334,22.620370381111112,11.903777777777776,4.8202014,4.7327085,4.7501874,4.6748056,4.923208,0,2.0,1,0.5,-0.05,5.0,95.0
2023-04-10 10:30:00,133.349110355552,53.0437115,53.092320705554,23.474074063333333,13.481333333333334,23.316666666666663,1,5.1764362714980825,70.66250196097344,10,0,4,0.4999999999999999,-0.8660254037844387,0.0,1.0,0.8660254037844387,-0.4999999999999998,585.5,523.3125,338.1666666666667,2.95,12.95,0.0,42.0,-1.05,4.308635,0.0,11.4,23.95000001,23.5,23.53333333333333,24.1,24.5,23.0,-9.99274073,0.5074073933333345,1.2300000000000004,12.251333333333331,14.467333333333332,23.020987662222225,12.561777777777776,4.923208,4.8202014,4.7327085,4.7501874,4.989631,0,2.0,0,0.5,0.07,5.1,94.9
2023-04-10 10:45:00,95.507290772218,0.0,0.0,23.95000001,14.467333333333332,23.0,0,5.1764362714980825,70.66250196097344,10,0,4,0.4999999999999999,-0.8660254037844387,0.0,1.0,0.8660254037844387,-0.4999999999999998,625.75,565.375,382.4166666666667,3.125,13.475,0.0,40.0,-1.175,4.2471294,0.0,11.95,24.216666673333336,23.316666666666663,23.5,23.53333333333333,24.1,22.816666666666663,-9.482666676666668,0.475925946666667,0.9859999999999988,13.481333333333334,14.188666666666666,23.46358024777778,13.4,4.989631,4.923208,4.8202014,4.7327085,5.025306,1,2.0,1,0.5,0.18,5.7,94.3
2023-04-10 11:00:00,85.383251183334,0.0,0.0,24.216666673333336,14.188666666666666,22.816666666666663,0,5.1764362714980825,70.66250196097344,11,0,4,0.258819045102521,-0.9659258262890682,0.0,1.0,0.8660254037844387,-0.4999999999999998,666.0,605.625,427.5833333333333,3.3,14.0,0.0,38.0,-1.3,4.1753974,0.0,12.5,24.39999996,23.0,23.316666666666663,23.5,23.53333333333333,22.55,-10.02800000666667,0.2666666633333356,-0.2786666666666662,14.467333333333332,14.182,23.88024691555556,14.045777777777776,5.025306,4.989631,4.923208,4.8202014,5.0184054,0,2.0,0,0.5,0.24,6.2,93.8
2023-04-10 11:15:00,99.959890311112,0.0,0.0,24.39999996,14.182,22.55,0,5.1764362714980825,70.66250196097344,11,0,4,0.258819045102521,-0.9659258262890682,0.0,1.0,0.8660254037844387,-0.4999999999999998,695.75,643.25,471.25,3.425,14.375,0.0,37.5,-1.125,4.230559,0.0,12.925,24.15740737333333,22.816666666666663,23.0,23.316666666666663,23.5,23.15,-10.21799996,0.183333286666663,-0.0066666666666677,14.188666666666666,14.944,24.188888881111115,14.279333333333332,5.0184054,5.025306,4.989631,4.923208,5.081624,0,3.0,0,0.25,0.28,6.7,93.3
2023-04-10 11:30:00,446.54324872222,0.0,0.0,24.15740737333333,14.944,23.15,0,5.1764362714980825,70.66250196097344,11,0,4,0.258819045102521,-0.9659258262890682,0.0,1.0,0.8660254037844387,-0.4999999999999998,725.5,678.25,513.4166666666666,3.55,14.75,0.0,37.0,-0.95,4.2853,0.0,13.35,23.27777776,22.55,22.816666666666663,23.0,23.316666666666663,25.0,-9.213407373333336,-0.2425925866666638,0.7620000000000005,14.182,16.156,24.25802466888889,14.43822222222222,5.081624,5.0184054,5.025306,4.989631,5.2198644,0,4.0,0,0.0,0.23,6.1,93.9
2023-04-10 11:45:00,845.675060544444,0.0,0.0,23.27777776,16.156,25.0,0,5.1764362714980825,70.66250196097344,11,0,4,0.258819045102521,-0.9659258262890682,0.0,1.0,0.8660254037844387,-0.4999999999999998,755.25,710.625,554.0833333333334,3.675,15.125,0.0,36.5,-0.775,4.3395696,0.0,13.775,22.501851836666667,23.15,22.55,22.816666666666663,23.0,26.433333333333334,-7.1217777600000005,-0.8796296133333357,1.2119999999999995,14.944,16.767333333333333,23.945061697777778,15.094,5.2198644,5.081624,5.0184054,5.025306,5.2793155,0,4.0,0,0.0,0.04,5.0,95.0
2023-04-10 12:00:00,1114.606802811112,0.0,0.0,22.501851836666667,16.767333333333333,26.433333333333334,0,5.1764362714980825,70.66250196097344,12,0,4,1.2246467991473532e-16,-1.0,0.0,1.0,0.8660254037844387,-0.4999999999999998,785.0,740.375,593.25,3.8,15.5,0.0,36.0,-0.6,4.3933096,0.0,14.2,21.99999997,25.0,23.15,22.55,22.816666666666663,26.85,-5.734518503333334,-0.7759259233333324,0.6113333333333344,16.156,17.214,23.31234565666667,15.955777777777776,5.2793155,5.2198644,5.081624,5.0184054,5.2099,0,4.0,0,0.0,-0.13,5.4,94.6
2023-04-10 12:15:00,62.30389649445,0.0,0.0,21.99999997,17.214,26.85,0,5.1764362714980825,70.66250196097344,12,0,4,1.2246467991473532e-16,-1.0,0.0,1.0,0.8660254037844387,-0.4999999999999998,801.5,766.8125,629.8333333333334,4.025,15.95,11.25,35.25,-0.6,4.3949575,0.0,14.55,21.62407409,26.433333333333334,25.0,23.15,22.55,27.183333333333334,-4.785999969999999,-0.5018518666666694,0.4466666666666654,16.767333333333333,16.136666666666667,22.59320985555556,16.712444444444444,5.2099,5.2793155,5.2198644,5.081624,5.1613326,0,4.0,0,0.0,-0.25,6.3,93.7
2023-04-10 12:30:00,69.568605877784,0.0,0.0,21.62407409,16.136666666666667,27.183333333333334,0,5.1764362714980825,70.66250196097344,12,0,4,1.2246467991473532e-16,-1.0,0.0,1.0,0.8660254037844387,-0.4999999999999998,818.0,789.9375,663.8333333333334,4.25,16.4,22.5,34.5,-0.6,4.394352,0.0,14.9,21.40555556,26.85,26.433333333333334,25.0,23.15,27.5,-5.487407423333334,-0.3759258799999969,-1.077333333333332,17.214,15.937333333333331,22.04197529888889,16.706,5.1613326,5.2099,5.2793155,5.2198644,5.155847,0,4.0,0,0.0,-0.33,7.3,92.7
2023-04-10 12:45:00,534.901936333336,0.0,0.0,21.40555556,15.937333333333331,27.5,0,5.1764362714980825,70.66250196097344,12,0,4,1.2246467991473532e-16,-1.0,0.0,1.0,0.8660254037844387,-0.4999999999999998,834.5,809.75,695.25,4.475,16.85,33.75,33.75,-0.6,4.391409,0.0,15.25,21.233333313333333,27.183333333333334,26.85,26.433333333333334,25.0,27.683333333333334,-5.468222226666667,-0.2185185300000007,-0.1993333333333335,16.136666666666667,16.859333333333336,21.67654320666667,16.429333333333332,5.155847,5.1613326,5.2099,5.2793155,5.138669,0,4.0,0,0.0,-0.38,8.0,92.0
2023-04-10 13:00:00,350.995404055556,70.553566627778,70.57106596111,21.233333313333333,16.859333333333336,27.683333333333334,1,5.1764362714980825,70.66250196097344,13,0,4,-0.2588190451025208,-0.9659258262890684,0.0,1.0,0.8660254037844387,-0.4999999999999998,851.0,826.25,724.0833333333334,4.7,17.3,45.0,33.0,-0.6,4.3860397,0.0,15.6,21.29999997,27.5,27.183333333333334,26.85,26.433333333333334,28.4,-4.373999979999997,-0.1722222466666672,0.9220000000000024,15.937333333333331,17.308,21.42098765444445,16.311111111111114,5.138669,5.155847,5.1613326,5.2099,5.2921176,0,3.0,1,0.25,-0.42,8.7,91.3
2023-04-10 13:15:00,94.179010388892,22.345772816666,22.356883488888,21.29999997,17.308,28.4,1,5.1764362714980825,70.66250196097344,13,0,4,-0.2588190451025208,-0.9659258262890684,0.0,1.0,0.8660254037844387,-0.4999999999999998,851.5,838.75,749.6041666666666,4.7,17.375,33.75,32.75,-0.5,4.4192243,0.0,15.85,21.31296295,27.683333333333334,27.5,27.183333333333334,26.85,28.78333333333333,-3.9919999699999984,0.0666666566666656,0.4486666666666643,16.859333333333336,17.656,21.31296294777778,16.701555555555554,5.2921176,5.138669,5.155847,5.1613326,5.36758,0,2.0,0,0.5,-0.4,8.3,91.7
2023-04-10 13:30:00,362.039128972222,0.0,0.0,21.31296295,17.656,28.78333333333333,0,5.1764362714980825,70.66250196097344,13,0,4,-0.2588190451025208,-0.9659258262890684,0.0,1.0,0.8660254037844387,-0.4999999999999998,852.0,847.25,771.8125,4.7,17.450000000000003,22.5,32.5,-0.4,4.4522653,0.0,16.1,21.19444447,28.4,27.683333333333334,27.5,27.183333333333334,28.85,-3.656962950000001,0.012962980000001,0.347999999999999,17.308,17.653333333333332,21.282098744444443,17.274444444444445,5.36758,5.2921176,5.138669,5.155847,5.3431635,1,2.0,1,0.5,-0.4,8.3,91.7
2023-04-10 13:45:00,62.33972847778,0.0,0.0,21.19444447,17.653333333333332,28.85,0,5.1764362714980825,70.66250196097344,13,0,4,-0.2588190451025208,-0.9659258262890684,0.0,1.0,0.8660254037844387,-0.4999999999999998,852.5,851.75,790.7083333333334,4.7,17.525000000000002,11.25,32.25,-0.3,4.4851556,0.0,16.35,21.09444445666667,28.78333333333333,28.4,27.683333333333334,27.5,28.816666666666663,-3.541111136666668,-0.1185184799999987,-0.0026666666666663,17.656,17.447333333333333,21.269135796666667,17.53911111111111,5.3431635,5.36758,5.2921176,5.138669,5.3061066,0,2.0,0,0.5,-0.42,8.7,91.3
2023-04-10 14:00:00,65.235723683338,0.0,0.0,21.09444445666667,17.447333333333333,28.816666666666663,0,5.1764362714980825,70.66250196097344,14,0,4,-0.4999999999999997,-0.8660254037844388,0.0,1.0,0.8660254037844387,-0.4999999999999998,853.0,852.25,806.2916666666666,4.7,17.6,0.0,32.0,-0.2,4.5178804,0.0,16.6,21.09444445,28.85,28.78333333333333,28.4,27.683333333333334,28.5,-3.6471111233333353,-0.1000000133333323,-0.2059999999999995,17.653333333333332,17.622666666666667,21.200617292222223,17.585555555555555,5.3061066,5.3431635,5.36758,5.2921176,5.247798,0,3.0,0,0.25,-0.45,9.2,90.8
2023-04-10 14:15:00,85.077985627778,0.0,0.0,21.09444445,17.622666666666667,28.5,0,5.1764362714980825,70.66250196097344,14,0,4,-0.4999999999999997,-0.8660254037844388,0.0,1.0,0.8660254037844387,-0.4999999999999998,839.0,849.125,818.2291666666666,4.875,17.6,0.0,32.0,-0.0499999999999999,4.5588017,0.0,16.75,21.1111111,28.816666666666663,28.85,28.78333333333333,28.4,28.316666666666663,-3.4717777833333336,-6.666667218269141e-09,0.1753333333333344,17.447333333333333,17.916666666666668,21.127777792222226,17.574444444444442,5.247798,5.3061066,5.3431635,5.36758,5.2190876,0,4.0,0,0.0,-0.45,9.2,90.8
2023-04-10 14:30:00,76.464163544444,0.0,0.0,21.1111111,17.916666666666668,28.316666666666663,0,5.1764362714980825,70.66250196097344,14,0,4,-0.4999999999999997,-0.8660254037844388,0.0,1.0,0.8660254037844387,-0.4999999999999998,825.0,842.375,826.5208333333334,5.050000000000001,17.6,0.0,32.0,0.1,4.6000457,0.0,16.9,21.06111113,28.5,28.816666666666663,28.85,28.78333333333333,27.0,-3.194444433333331,0.0166666499999976,0.2940000000000005,17.622666666666667,18.11,21.100000002222227,17.662222222222223,5.2190876,5.247798,5.3061066,5.3431635,4.961985,0,4.0,0,0.0,-0.45,9.1,90.9
2023-04-10 14:45:00,62.280008600004,0.0,0.0,21.06111113,18.11,27.0,0,5.1764362714980825,70.66250196097344,14,0,4,-0.4999999999999997,-0.8660254037844388,0.0,1.0,0.8660254037844387,-0.4999999999999998,811.0,832.0,831.1666666666666,5.2250000000000005,17.6,0.0,32.0,0.25,4.6416116,0.0,17.05,20.93148146333333,28.316666666666663,28.5,28.816666666666663,28.85,27.15,-2.951111129999997,-0.0499999700000017,0.1933333333333315,17.916666666666668,18.418666666666663,21.088888893333333,17.88311111111111,4.961985,5.2190876,5.247798,5.3061066,4.9521112,0,4.0,0,0.0,-0.46,9.5,90.5
2023-04-10 15:00:00,73.19346089445,0.0,0.0,20.93148146333333,18.418666666666663,27.15,0,5.1764362714980825,70.66250196097344,15,0,4,-0.7071067811865471,-0.7071067811865479,0.0,1.0,0.8660254037844387,-0.4999999999999998,797.0,818.0,832.1666666666666,5.4,17.6,0.0,32.0,0.4,4.6835027,0.0,17.2,20.84444443,27.0,28.316666666666663,28.5,28.816666666666663,27.15,-2.512814796666671,-0.1296296666666627,0.3086666666666637,18.11,18.818,21.03456789777778,18.148444444444447,4.9521112,4.961985,5.2190876,5.247798,4.927109,0,4.0,0,0.0,-0.49,10.1,89.9
2023-04-10 15:15:00,62.297507883338,0.0,0.0,20.84444443,18.818,27.15,0,5.1764362714980825,70.66250196097344,15,0,4,-0.7071067811865471,-0.7071067811865479,0.0,1.0,0.8660254037844387,-0.4999999999999998,769.5,800.625,829.5,5.425000000000001,17.6,0.0,32.25,0.5,4.734239,0.0,17.25,20.7814815,27.15,27.0,28.316666666666663,28.5,27.183333333333334,-2.026444430000001,-0.0870370333333347,0.3993333333333346,18.418666666666663,18.722666666666665,20.94567900777778,18.448888888888888,4.927109,4.9521112,4.961985,5.2190876,4.915119,0,4.0,0,0.0,-0.51,10.5,89.5
2023-04-10 15:30:00,118.546646877776,50.7504699,50.765469316666,20.7814815,18.722666666666665,27.183333333333334,1,5.1764362714980825,70.66250196097344,15,0,4,-0.7071067811865471,-0.7071067811865479,0.0,1.0,0.8660254037844387,-0.4999999999999998,742.0,779.875,823.1666666666666,5.45,17.6,0.0,32.5,0.6000000000000001,4.7852325,0.0,17.299999999999997,20.89999998,27.15,27.15,27.0,28.316666666666663,27.5,-2.058814833333333,-0.0629629300000012,-0.0953333333333326,18.818,19.281333333333336,20.85246913111111,18.65311111111111,4.915119,4.927109,4.9521112,4.961985,5.0067787,0,3.0,1,0.25,-0.53,10.8,89.2
2023-04-10 15:45:00,130.955317044448,45.458737127778,45.472069911112,20.89999998,19.281333333333336,27.5,1,5.1764362714980825,70.66250196097344,15,0,4,-0.7071067811865471,-0.7071067811865479,0.0,1.0,0.8660254037844387,-0.4999999999999998,714.5,755.75,813.1666666666666,5.475,17.6,0.0,32.75,0.7000000000000001,4.8364816,0.0,17.349999999999998,20.955555556666663,27.183333333333334,27.15,27.15,27.0,27.316666666666663,-1.6186666466666644,0.1185184800000023,0.5586666666666709,18.722666666666665,19.418,20.84197530333333,18.94066666666667,5.0067787,4.915119,4.927109,4.9521112,4.9894886,0,2.0,0,0.5,-0.5,10.2,89.8
2023-04-10 16:00:00,64.55241761667399,0.0,0.0,20.955555556666663,19.418,27.316666666666663,0,5.1764362714980825,70.66250196097344,16,0,4,-0.8660254037844385,-0.5000000000000004,0.0,1.0,0.8660254037844387,-0.4999999999999998,687.0,728.25,799.5,5.5,17.6,0.0,33.0,0.8,4.8879905,0.0,17.4,20.80000002,27.5,27.183333333333334,27.15,27.15,26.65,-1.537555556666664,0.0555555766666628,0.1366666666666631,19.281333333333336,19.004,20.879012345555555,19.140666666666668,4.9894886,5.0067787,4.915119,4.927109,4.8238816,1,2.0,1,0.5,-0.49,10.0,90.0
2023-04-10 16:15:00,62.314451672226,0.0,0.0,20.80000002,19.004,26.65,0,5.1764362714980825,70.66250196097344,16,0,4,-0.8660254037844385,-0.5000000000000004,0.0,1.0,0.8660254037844387,-0.4999999999999998,648.75,698.0625,782.6041666666666,5.575,17.525000000000002,0.0,33.25,0.9,4.9029865,0.0,17.325,20.67407410666667,27.316666666666663,27.5,27.183333333333334,27.15,26.5,-1.796000020000001,-0.155555536666661,-0.4139999999999979,19.418,19.018666666666665,20.88518518555556,19.23444444444445,4.8238816,4.9894886,5.0067787,4.915119,4.7616906,0,2.0,0,0.5,-0.53,10.8,89.2
2023-04-10 16:30:00,128.69262992222,60.086207555556,60.100929216666,20.67407410666667,19.018666666666665,26.5,1,5.1764362714980825,70.66250196097344,16,0,4,-0.8660254037844385,-0.5000000000000004,0.0,1.0,0.8660254037844387,-0.4999999999999998,610.5,665.1875,762.4791666666666,5.65,17.450000000000003,0.0,33.5,1.0,4.9177365,0.0,17.25,20.78888888,26.65,27.316666666666663,27.5,27.183333333333334,26.5,-1.6554074400000047,-0.125925913333333,0.0146666666666632,19.004,19.314666666666668,20.80987656111111,19.14688888888889,4.7616906,4.8238816,4.9894886,5.0067787,4.793629,0,2.0,1,0.5,-0.56,11.5,88.5
2023-04-10 16:45:00,103.936397977776,40.347552683334,40.361441044444,20.78888888,19.314666666666668,26.5,1,5.1764362714980825,70.66250196097344,16,0,4,-0.8660254037844385,-0.5000000000000004,0.0,1.0,0.8660254037844387,-0.4999999999999998,572.25,629.625,739.125,5.725,17.375,0.0,33.75,1.1,4.9322453,0.0,17.175,20.84444445666667,26.5,26.65,27.316666666666663,27.5,26.316666666666663,-1.4742222133333307,0.1148147733333289,0.2960000000000029,19.018666666666665,19.534666666666663,20.754321002222223,19.11244444444445,4.793629,4.7616906,4.8238816,4.9894886,4.775878,0,2.0,0,0.5,-0.53,10.9,89.1
2023-04-10 17:00:00,78.481027316666,0.0,0.0,20.84444445666667,19.534666666666663,26.316666666666663,0,5.1764362714980825,70.66250196097344,17,0,4,-0.9659258262890684,-0.2588190451025206,0.0,1.0,0.8660254037844387,-0.4999999999999998,534.0,591.375,712.5416666666666,5.8,17.3,0.0,34.0,1.2,4.94651,0.0,17.1,20.69444447,26.5,26.5,26.65,27.316666666666663,26.35,-1.3097777900000018,0.0555555766666699,0.2199999999999988,19.314666666666668,19.256000000000004,20.769135814444443,19.28933333333333,4.775878,4.793629,4.7616906,4.8238816,4.740359,1,2.0,1,0.5,-0.52,10.6,89.4
2023-04-10 17:15:00,78.469638872222,0.0,0.0,20.69444447,19.256000000000004,26.35,0,5.1764362714980825,70.66250196097344,17,0,4,-0.9659258262890684,-0.2588190451025206,0.0,1.0,0.8660254037844387,-0.4999999999999998,488.0,551.1875,683.2916666666666,5.55,16.75,0.0,37.25,2.1,5.338694,0.0,16.85,20.61481480666667,26.316666666666663,26.5,26.5,26.65,26.5,-1.4384444699999968,-0.1499999866666677,-0.2786666666666626,19.534666666666663,19.34466666666667,20.77592593555556,19.36844444444445,4.740359,4.775878,4.793629,4.7616906,4.745279,0,2.0,0,0.5,-0.55,11.4,88.6
2023-04-10 17:30:00,108.362054277776,63.283857427778,63.300523494442,20.61481480666667,19.34466666666667,26.5,1,5.1764362714980825,70.66250196097344,17,0,4,-0.9659258262890684,-0.2588190451025206,0.0,1.0,0.8660254037844387,-0.4999999999999998,442.0,509.0625,651.375,5.3,16.2,0.0,40.5,3.0,5.7179427,0.0,16.6,20.73333334,26.35,26.316666666666663,26.5,26.5,26.45,-1.27014814,-0.0796296633333319,0.0886666666666649,19.256000000000004,19.142666666666667,20.717901244444445,19.378444444444444,4.745279,4.740359,4.775878,4.793629,4.7691374,0,2.0,1,0.5,-0.57,11.8,88.2
2023-04-10 17:45:00,335.4574145,62.555275455556,62.573885894442,20.73333334,19.142666666666667,26.45,1,5.1764362714980825,70.66250196097344,17,0,4,-0.9659258262890684,-0.2588190451025206,0.0,1.0,0.8660254037844387,-0.4999999999999998,396.0,465.0,616.7916666666666,5.05,15.65,0.0,43.75,3.9,6.084513,0.0,16.35,20.80925925,26.5,26.35,26.316666666666663,26.5,26.03333333333333,-1.5906666733333346,0.1185185333333329,-0.2020000000000017,19.34466666666667,19.08,20.68086420555556,19.24777777777778,4.7691374,4.745279,4.740359,4.775878,4.714799,0,2.0,0,0.5,-0.54,11.2,88.8
2023-04-10 18:00:00,59.02708323889,0.0,0.0,20.80925925,19.08,26.03333333333333,0,5.1764362714980825,70.66250196097344,18,0,4,-1.0,-1.8369701987210294e-16,0.0,1.0,0.8660254037844387,-0.4999999999999998,350.0,419.0,579.5416666666666,4.8,15.1,0.0,47.0,4.8,6.4386616,0.0,16.1,20.65,26.45,26.5,26.35,26.316666666666663,25.7,-1.729259250000002,0.0759259099999987,-0.0626666666666686,19.142666666666667,18.97133333333333,20.71913579888889,19.189111111111117,4.714799,4.7691374,4.745279,4.740359,4.61147,1,2.0,1,0.5,-0.53,10.8,89.2
2023-04-10 18:15:00,78.436029033336,18.089831927778,18.10122033889,20.65,18.97133333333333,25.7,1,5.1764362714980825,70.66250196097344,18,0,4,-1.0,-1.8369701987210294e-16,0.0,1.0,0.8660254037844387,-0.4999999999999998,302.25,372.5625,540.6041666666666,5.1,13.925,0.0,48.75,4.75,6.440197,0.0,15.5,20.54814814333333,26.03333333333333,26.45,26.5,26.35,26.15,-1.6786666666666648,-0.1592592500000016,-0.1086666666666644,19.08,18.648000000000003,20.73086419666667,19.064666666666668,4.61147,4.714799,4.7691374,4.745279,4.6644435,0,1.0,1,0.75,-0.57,11.7,88.3
2023-04-10 18:30:00,137.60810662222,90.838588527778,90.85942106111,20.54814814333333,18.648000000000003,26.15,2,5.1764362714980825,70.66250196097344,18,0,4,-1.0,-1.8369701987210294e-16,0.0,1.0,0.8660254037844387,-0.4999999999999998,254.5,325.6875,499.9791666666667,5.4,12.75,0.0,50.5,4.699999999999999,6.432312,0.0,14.9,20.7388889,25.7,26.03333333333333,26.45,26.5,26.15,-1.900148143333329,-0.1018518566666664,-0.3233333333333306,18.97133333333333,18.13533333333333,20.669135797777777,18.89977777777778,4.6644435,4.61147,4.714799,4.7691374,4.7165694,0,1.0,1,0.75,-0.59,12.2,87.8
2023-04-10 18:45:00,436.492817472218,72.254331944444,72.268498077776,20.7388889,18.13533333333333,26.15,2,5.1764362714980825,70.66250196097344,18,0,4,-1.0,-1.8369701987210294e-16,0.0,1.0,0.8660254037844387,-0.4999999999999998,206.75,278.375,457.6666666666667,5.7,11.575,0.0,52.25,4.65,6.4155993,0.0,14.3,20.82037037,26.15,25.7,26.03333333333333,26.45,26.183333333333334,-2.603555566666664,0.190740756666667,-0.5126666666666679,18.648000000000003,17.971999999999998,20.645679014444443,18.58488888888889,4.7165694,4.6644435,4.61147,4.714799,4.745031,0,1.0,0,0.75,-0.54,11.2,88.8
2023-04-10 19:00:00,283.45171712777403,0.0,0.0,20.82037037,17.971999999999998,26.183333333333334,0,5.1764362714980825,70.66250196097344,19,0,4,-0.9659258262890684,0.2588190451025203,0.0,1.0,0.8660254037844387,-0.4999999999999998,159.0,230.625,413.6666666666667,6.0,10.4,0.0,54.0,4.6,6.3906217,0.0,13.7,20.67222224,26.15,26.15,25.7,26.03333333333333,27.5,-2.8483703700000014,0.0814814699999999,-0.1633333333333375,18.13533333333333,17.740000000000002,20.70246913777778,18.25177777777778,4.745031,4.7165694,4.6644435,4.61147,4.940845,1,1.0,1,0.75,-0.53,10.8,89.2
2023-04-10 19:15:00,93.42431837778,20.540567244444,20.552233411112,20.67222224,17.740000000000002,27.5,1,5.1764362714980825,70.66250196097344,19,0,4,-0.9659258262890684,0.2588190451025203,0.0,1.0,0.8660254037844387,-0.4999999999999998,124.0,186.0625,369.9375,6.375,11.225,3.75,56.25,4.574999999999999,6.4149485,0.0,13.1,20.583333356666667,26.183333333333334,26.15,26.15,25.7,27.716666666666665,-2.932222239999998,-0.1481481299999991,-0.2319999999999957,17.971999999999998,17.255333333333333,20.74382717,17.94911111111111,4.940845,4.745031,4.7165694,4.6644435,4.9540453,0,1.0,1,0.75,-0.55,11.4,88.6
2023-04-10 19:30:00,174.14664493889,95.650062711112,95.669228677776,20.583333356666667,17.255333333333333,27.716666666666665,2,5.1764362714980825,70.66250196097344,19,0,4,-0.9659258262890684,0.2588190451025203,0.0,1.0,0.8660254037844387,-0.4999999999999998,89.0,144.6875,326.4791666666667,6.75,12.05,7.5,58.5,4.55,6.427914,0.0,12.5,20.76111109,27.5,26.183333333333334,26.15,26.15,27.55,-3.3280000233333347,-0.0888888833333325,-0.4846666666666692,17.740000000000002,16.776666666666667,20.691975322222223,17.655777777777775,4.9540453,4.940845,4.745031,4.7165694,4.9755144,0,1.0,1,0.75,-0.57,11.8,88.2
2023-04-10 19:45:00,113.485182711108,32.593418411112,32.605640205554,20.76111109,16.776666666666667,27.55,1,5.1764362714980825,70.66250196097344,19,0,4,-0.9659258262890684,0.2588190451025203,0.0,1.0,0.8660254037844387,-0.4999999999999998,54.000000000000014,106.5,283.2916666666667,7.125,12.875,11.25,60.75,4.525,6.4302206,0.0,11.9,20.720370376666665,27.716666666666665,27.5,26.183333333333334,26.15,26.566666666666663,-3.9844444233333327,0.1777777333333325,-0.4786666666666654,17.255333333333333,16.418666666666667,20.672222228888888,17.257333333333335,4.9755144,4.9540453,4.940845,4.745031,4.786559,0,1.0,1,0.75,-0.53,10.9,89.1
2023-04-10 20:00:00,66.091522866668,0.0,0.0,20.720370376666665,16.418666666666667,26.566666666666663,0,5.1764362714980825,70.66250196097344,20,0,4,-0.8660254037844386,0.5000000000000001,0.0,1.0,0.8660254037844387,-0.4999999999999998,19.0,71.5,240.375,7.5,13.7,15.0,63.0,4.5,6.4225373,0.0,11.3,20.52777777,27.55,27.716666666666665,27.5,26.183333333333334,26.55,-4.301703709999998,-0.040740713333335,-0.3580000000000005,16.776666666666667,16.052666666666667,20.68827160777778,16.816888888888887,4.786559,4.9755144,4.9540453,4.940845,4.7301717,1,1.0,1,0.75,-0.55,11.2,88.8
2023-04-10 20:15:00,101.317335944448,0.0,0.0,20.52777777,16.052666666666667,26.55,0,5.1764362714980825,70.66250196097344,20,0,4,-0.8660254037844386,0.5000000000000001,0.0,1.0,0.8660254037844387,-0.4999999999999998,14.25,44.0625,200.89583333333331,7.175,13.6,36.25,64.0,4.2,6.312575,0.0,10.775,20.427777756666668,26.566666666666663,27.55,27.716666666666665,27.5,27.15,-4.475111103333333,-0.1925926066666647,-0.3659999999999996,16.418666666666667,15.674666666666669,20.66975307888889,16.416,4.7301717,4.786559,4.9755144,4.9540453,4.808931,0,2.0,0,0.5,-0.59,12.3,87.7
2023-04-10 20:30:00,91.643834233328,0.0,0.0,20.427777756666668,15.674666666666669,27.15,0,5.1764362714980825,70.66250196097344,20,0,4,-0.8660254037844386,0.5000000000000001,0.0,1.0,0.8660254037844387,-0.4999999999999998,9.5,24.187500000000004,164.85416666666666,6.85,13.5,57.5,65.0,3.9,6.2021084,0.0,10.25,20.34999998,26.55,26.566666666666663,27.55,27.716666666666665,27.85,-4.753111090000001,-0.1000000133333323,-0.3780000000000001,16.052666666666667,15.474666666666668,20.558641967777778,16.048666666666666,4.808931,4.7301717,4.786559,4.9755144,4.9105697,0,3.0,0,0.25,-0.61,12.8,87.2
2023-04-10 20:45:00,301.545437583338,0.0,0.0,20.34999998,15.474666666666668,27.85,0,5.1764362714980825,70.66250196097344,20,0,4,-0.8660254037844386,0.5000000000000001,0.0,1.0,0.8660254037844387,-0.4999999999999998,4.75,11.875,132.25,6.525,13.4,78.75,66.0,3.6,6.0912685,0.0,9.725,20.31296295,27.15,26.55,26.566666666666663,27.55,27.816666666666663,-4.875333313333332,-0.077777776666668,-0.1999999999999993,15.674666666666669,15.189333333333334,20.43518516888889,15.734,4.9105697,4.808931,4.7301717,4.786559,4.8940945,0,4.0,0,0.0,-0.62,13.2,86.8
2023-04-10 21:00:00,64.700189505562,0.0,0.0,20.31296295,15.189333333333334,27.816666666666663,0,5.1764362714980825,70.66250196097344,21,0,4,-0.7071067811865477,0.7071067811865474,0.0,1.0,0.8660254037844387,-0.4999999999999998,0.0,7.125,103.08333333333331,6.2,13.3,100.0,67.0,3.3,5.980183,0.0,9.2,20.23888888,27.85,27.15,26.55,26.566666666666663,27.9,-5.1236296166666655,-0.0370370300000004,-0.2853333333333339,15.474666666666668,15.289333333333332,20.36358022888889,15.446222222222223,4.8940945,4.9105697,4.808931,4.7301717,4.8875556,0,4.0,0,0.0,-0.63,13.4,86.6
2023-04-10 21:15:00,108.808703011112,0.0,0.0,20.23888888,15.289333333333332,27.9,0,5.1764362714980825,70.66250196097344,21,0,4,-0.7071067811865477,0.7071067811865474,0.0,1.0,0.8660254037844387,-0.4999999999999998,0.0,3.5625,77.89583333333333,6.7250000000000005,13.125,98.25,67.25,3.025,5.85092,0.0,8.799999999999999,20.2222222,27.816666666666663,27.85,27.15,26.55,29.2,-4.949555546666668,-0.0740740699999982,0.0999999999999996,15.189333333333334,14.556666666666668,20.30061727,15.317777777777778,4.8875556,4.8940945,4.9105697,4.808931,5.1103086,0,4.0,0,0.0,-0.65,13.8,86.2
2023-04-10 21:30:00,1115.08567270555,0.0,0.0,20.2222222,14.556666666666668,29.2,0,5.1764362714980825,70.66250196097344,21,0,4,-0.7071067811865477,0.7071067811865474,0.0,1.0,0.8660254037844387,-0.4999999999999998,0.0,1.1875,56.6875,7.25,12.95,96.5,67.5,2.75,5.7238936,0.0,8.399999999999999,20.18333335,27.9,27.816666666666663,27.85,27.15,30.1,-5.665555533333334,-0.0166666800000001,-0.7326666666666668,15.289333333333332,14.19,20.25802467666667,15.01177777777778,5.1103086,4.8875556,4.8940945,4.9105697,5.255857,0,4.0,0,0.0,-0.65,13.7,86.3
2023-04-10 21:45:00,125.591642733336,0.0,0.0,20.18333335,14.19,30.1,0,5.1764362714980825,70.66250196097344,21,0,4,-0.7071067811865477,0.7071067811865474,0.0,1.0,0.8660254037844387,-0.4999999999999998,0.0,0.0,39.458333333333336,7.775,12.775,94.75,67.75,2.475,5.5990753,0.0,8.0,20.14629631333333,29.2,27.9,27.816666666666663,27.85,29.53333333333333,-5.993333350000002,-0.0388888499999993,-0.3666666666666671,14.556666666666668,13.677333333333332,20.214814810000004,14.678666666666668,5.255857,5.1103086,4.8875556,4.8940945,5.14575,0,4.0,0,0.0,-0.65,13.9,86.1
2023-04-10 22:00:00,120.237690200004,0.0,0.0,20.14629631333333,13.677333333333332,29.53333333333333,0,5.1764362714980825,70.66250196097344,22,0,4,-0.5000000000000004,0.8660254037844384,0.0,1.0,0.8660254037844387,-0.4999999999999998,0.0,0.0,26.20833333333333,8.3,12.6,93.0,68.0,2.2,5.476442,0.0,7.6,20.10555555,30.1,29.2,27.9,27.816666666666663,29.5,-6.468962980000001,-0.0370370366666676,-0.5126666666666662,14.19,13.100666666666664,20.183950621111112,14.141333333333334,5.14575,5.255857,5.1103086,4.8875556,5.1277075,0,4.0,0,0.0,-0.66,14.2,85.8
2023-04-10 22:15:00,64.701023055552,0.0,0.0,20.10555555,13.100666666666664,29.5,0,5.1764362714980825,70.66250196097344,22,0,4,-0.5000000000000004,0.8660254037844384,0.0,1.0,0.8660254037844387,-0.4999999999999998,0.0,0.0,15.875,9.15,14.5,84.5,66.0,1.5750000000000002,5.2555046,0.0,7.425,20.0592593,29.53333333333333,30.1,29.2,27.9,29.5,-7.0048888833333365,-0.0407407633333321,-0.576666666666668,13.677333333333332,12.836,20.14506173777778,13.656,5.1277075,5.14575,5.255857,5.1103086,5.113833,0,4.0,0,0.0,-0.67,14.4,85.6
2023-04-10 22:30:00,62.491944805550006,0.0,0.0,20.0592593,12.836,29.5,0,5.1764362714980825,70.66250196097344,22,0,4,-0.5000000000000004,0.8660254037844384,0.0,1.0,0.8660254037844387,-0.4999999999999998,0.0,0.0,8.458333333333334,10.0,16.4,76.0,64.0,0.9500000000000002,5.0387645,0.0,7.25,20.01666668,29.5,29.53333333333333,30.1,29.2,29.1,-7.2232593,-0.046296250000001,-0.264666666666665,13.100666666666664,12.788666666666666,20.103703721111117,13.204666666666668,5.113833,5.1277075,5.14575,5.255857,5.031932,0,4.0,0,0.0,-0.68,14.7,85.3
2023-04-10 22:45:00,77.516899349994,0.0,0.0,20.01666668,12.788666666666666,29.1,0,5.1764362714980825,70.66250196097344,22,0,4,-0.5000000000000004,0.8660254037844384,0.0,1.0,0.8660254037844387,-0.4999999999999998,0.0,0.0,3.9583333333333335,10.85,18.3,67.5,62.0,0.3250000000000002,4.8261676,0.0,7.075,19.979629613333334,29.5,29.5,29.53333333333333,30.1,28.53333333333333,-7.228000013333334,-0.0425926200000006,-0.0473333333333343,12.836,12.646,20.060493843333337,12.908444444444443,5.031932,5.113833,5.1277075,5.14575,4.923256,0,4.0,0,0.0,-0.69,15.1,84.9
2023-04-10 23:00:00,341.180241177776,0.0,0.0,19.979629613333334,12.646,28.53333333333333,0,5.1764362714980825,70.66250196097344,23,0,4,-0.2588190451025215,0.965925826289068,0.0,1.0,0.8660254037844387,-0.4999999999999998,0.0,0.0,2.375,11.7,20.2,59.0,60.0,-0.3,4.617656,0.0,6.9,19.90555555,29.1,29.5,29.5,29.53333333333333,28.15,-7.3336296133333345,-0.0370370666666666,-0.1426666666666669,12.788666666666666,12.498666666666669,20.018518531111116,12.75688888888889,4.923256,5.031932,5.113833,5.1277075,4.8360806,0,4.0,0,0.0,-0.7,15.4,84.6
2023-04-10 23:15:00,111.56775936111,45.296799172222,45.30374336111,19.90555555,12.498666666666669,28.15,1,5.1764362714980825,70.66250196097344,23,0,4,-0.2588190451025215,0.965925826289068,0.0,1.0,0.8660254037844387,-0.4999999999999998,0.0,0.0,1.1875,11.65,20.275,54.5,59.0,-0.6,4.5185876,0.0,6.825,19.99074076,28.53333333333333,29.1,29.5,29.5,28.0,-7.406888883333332,-0.0740740633333345,-0.1473333333333322,12.646,12.316666666666666,19.967283947777776,12.644444444444444,4.8360806,4.923256,5.031932,5.113833,4.8343763,0,3.0,1,0.25,-0.72,16.0,84.0
2023-04-10 23:30:00,119.07468132222,66.232628355556,66.2456834,19.99074076,12.316666666666666,28.0,1,5.1764362714980825,70.66250196097344,23,0,4,-0.2588190451025215,0.965925826289068,0.0,1.0,0.8660254037844387,-0.4999999999999998,0.0,0.0,0.3958333333333333,11.6,20.35,50.0,58.0,-0.8999999999999999,4.420363,0.0,6.75,20.18888889,28.15,28.53333333333333,29.1,29.5,27.6,-7.674074093333335,0.0851852100000023,-0.1820000000000003,12.498666666666669,12.048,19.958641974444443,12.487111111111112,4.8343763,4.8360806,4.923256,5.031932,4.820889,0,2.0,0,0.5,-0.7,15.4,84.6
2023-04-10 23:45:00,54.896137433332,0.0,0.0,20.18888889,12.048,27.6,0,5.1764362714980825,70.66250196097344,23,0,4,-0.2588190451025215,0.965925826289068,0.0,1.0,0.8660254037844387,-0.4999999999999998,0.0,0.0,0.0,11.55,20.425,45.5,57.0,-1.2,4.3229737,0.0,6.675,20.025925933333333,28.0,28.15,28.53333333333333,29.1,27.03333333333333,-8.140888889999998,0.1981481299999963,-0.2686666666666664,12.316666666666666,12.070666666666666,20.028395066666665,12.287777777777777,4.820889,4.8343763,4.8360806,4.923256,4.6771007,1,2.0,1,0.5,-0.66,14.2,85.8
2023-04-11 00:00:00,44.9998666,0.0,0.0,20.025925933333333,12.070666666666666,27.03333333333333,0,5.1764362714980825,70.66250196097344,0,1,4,0.0,1.0,0.7818314824680298,0.6234898018587336,0.8660254037844387,-0.4999999999999998,0.0,0.0,0.0,11.5,20.5,41.0,56.0,-1.5,4.226417,0.0,6.6,19.922222215,27.6,28.0,28.15,28.53333333333333,27.325,-7.955259266666667,-0.1629629566666643,0.0226666666666659,12.048,12.116666666666667,20.06851852777778,12.145111111111111,4.6771007,4.820889,4.8343763,4.8360806,4.6989365,0,2.0,0,0.5,-0.7,15.3,84.7
2023-04-11 00:15:00,143.902577133328,99.0560376,99.076592344444,19.922222215,12.116666666666667,27.325,2,5.1764362714980825,70.66250196097344,0,1,4,0.0,1.0,0.7818314824680298,0.6234898018587336,0.8660254037844387,-0.4999999999999998,0.0,0.0,0.0,11.15,20.6,34.0,56.0,-1.6,4.20579,0.0,6.525,20.105555545,27.03333333333333,27.6,28.0,28.15,27.175,-7.805555548333331,-0.1037037183333353,0.0460000000000011,12.070666666666666,12.41,20.04567901277778,12.078444444444443,4.6989365,4.6771007,4.820889,4.8343763,4.723575,0,2.0,1,0.5,-0.72,16.0,84.0
2023-04-11 00:30:00,75.050608988888,0.0,0.0,20.105555545,12.41,27.175,0,5.1764362714980825,70.66250196097344,0,1,4,0.0,1.0,0.7818314824680298,0.6234898018587336,0.8660254037844387,-0.4999999999999998,0.0,0.0,0.0,10.8,20.7,27.0,56.0,-1.7,4.1852503,0.0,6.449999999999999,20.09444446,27.325,27.03333333333333,27.6,28.0,27.0,-7.695555545000001,0.1833333300000035,0.293333333333333,12.116666666666667,12.156666666666666,20.01790123111111,12.19911111111111,4.723575,4.6989365,4.6771007,4.820889,4.6901054,1,3.0,1,0.25,-0.68,14.8,85.2
2023-04-11 00:45:00,55.23723475556,0.0,0.0,20.09444446,12.156666666666666,27.0,0,5.1764362714980825,70.66250196097344,0,1,4,0.0,1.0,0.7818314824680298,0.6234898018587336,0.8660254037844387,-0.4999999999999998,0.0,0.0,0.0,10.45,20.8,20.0,56.0,-1.7999999999999998,4.1647997,0.0,6.375,19.911111076666664,27.175,27.325,27.03333333333333,27.6,27.0,-7.937777793333332,-0.0111110850000031,-0.2533333333333338,12.41,11.988,20.04074074,12.227777777777776,4.6901054,4.723575,4.6989365,4.6771007,4.640025,0,3.0,0,0.25,-0.69,14.9,85.1
2023-04-11 01:00:00,98.146351755556,57.634916744444,57.651305005554,19.911111076666664,11.988,27.0,1,5.1764362714980825,70.66250196097344,1,1,4,0.2588190451025207,0.9659258262890684,0.7818314824680298,0.6234898018587336,0.8660254037844387,-0.4999999999999998,0.0,0.0,0.0,10.1,20.9,13.0,56.0,-1.9,4.1444354,0.0,6.3,20.00555557,27.0,27.175,27.325,27.03333333333333,27.25,-7.923111076666665,-0.1833333833333341,-0.1686666666666667,12.156666666666666,11.853333333333332,20.037037027222222,12.184888888888889,4.640025,4.6901054,4.723575,4.6989365,4.708968,0,2.0,1,0.5,-0.73,16.1,83.9
2023-04-11 01:15:00,105.941873288888,54.391435372222,54.406434788888,20.00555557,11.853333333333332,27.25,1,5.1764362714980825,70.66250196097344,1,1,4,0.2588190451025207,0.9659258262890684,0.7818314824680298,0.6234898018587336,0.8660254037844387,-0.4999999999999998,0.0,0.0,0.0,10.725,20.725,17.25,55.75,-2.0,4.1191955,0.0,6.275,20.17037035666667,27.0,27.0,27.175,27.325,26.566666666666663,-8.152222236666669,0.0944444933333379,-0.134666666666666,11.988,11.704666666666666,20.00370370222222,11.999333333333334,4.708968,4.640025,4.6901054,4.723575,4.6353736,0,2.0,0,0.5,-0.7,15.4,84.6
2023-04-11 01:30:00,44.807374333332,0.0,0.0,20.17037035666667,11.704666666666666,26.566666666666663,0,5.1764362714980825,70.66250196097344,1,1,4,0.2588190451025207,0.9659258262890684,0.7818314824680298,0.6234898018587336,0.8660254037844387,-0.4999999999999998,0.0,0.0,0.0,11.35,20.55,21.5,55.5,-2.1,4.094025,0.0,6.25,19.9833333,27.25,27.0,27.0,27.175,26.55,-8.465703690000003,0.1648147866666676,-0.1486666666666671,11.853333333333332,11.174,20.029012334444445,11.848666666666666,4.6353736,4.708968,4.640025,4.6901054,4.5820355,1,2.0,1,0.5,-0.67,14.5,85.5
2023-04-11 01:45:00,82.235043766668,29.415767772222,29.429656149998,19.9833333,11.174,26.55,1,5.1764362714980825,70.66250196097344,1,1,4,0.2588190451025207,0.9659258262890684,0.7818314824680298,0.6234898018587336,0.8660254037844387,-0.4999999999999998,0.0,0.0,0.0,11.975,20.375,25.75,55.25,-2.2,4.068924,0.0,6.225,19.94259256666667,26.566666666666663,27.25,27.0,27.0,26.966666666666665,-8.8093333,-0.1870370566666679,-0.5306666666666651,11.704666666666666,10.862,20.05308640888889,11.577333333333334,4.5820355,4.6353736,4.708968,4.640025,4.6428523,0,1.0,1,0.75,-0.71,15.7,84.3
2023-04-11 02:00:00,144.033960611112,78.63213233889,78.649353933332,19.94259256666667,10.862,26.966666666666665,2,5.1764362714980825,70.66250196097344,2,1,4,0.4999999999999999,0.8660254037844387,0.7818314824680298,0.6234898018587336,0.8660254037844387,-0.4999999999999998,0.0,0.0,0.0,12.6,20.2,30.0,55.0,-2.3,4.043894,0.0,6.2,20.13888891,26.55,26.566666666666663,27.25,27.0,26.65,-9.080592566666668,-0.0407407333333331,-0.3120000000000011,11.174,10.47,20.03209874111112,11.24688888888889,4.6428523,4.5820355,4.6353736,4.708968,4.641361,0,1.0,1,0.75,-0.72,15.9,84.1
2023-04-11 02:15:00,49.536351766668,0.0,0.0,20.13888891,10.47,26.65,0,5.1764362714980825,70.66250196097344,2,1,4,0.4999999999999999,0.8660254037844387,0.7818314824680298,0.6234898018587336,0.8660254037844387,-0.4999999999999998,0.0,0.0,0.0,12.6,21.0,40.75,53.75,-2.525,3.9649343,0.0,6.25,20.00185188333333,26.966666666666665,26.55,26.566666666666663,27.25,26.5,-9.668888909999998,0.19629634333333,-0.3919999999999994,10.862,10.599333333333334,20.02160492555556,10.835333333333333,4.641361,4.6428523,4.5820355,4.6353736,4.578369,1,2.0,1,0.5,-0.68,14.7,85.3
2023-04-11 02:30:00,55.128072588888,14.750521055556,14.761076150002,20.00185188333333,10.599333333333334,26.5,1,5.1764362714980825,70.66250196097344,2,1,4,0.4999999999999999,0.8660254037844387,0.7818314824680298,0.6234898018587336,0.8660254037844387,-0.4999999999999998,0.0,0.0,0.0,12.6,21.8,51.5,52.5,-2.75,3.8854082,0.0,6.300000000000001,19.87777776,26.65,26.966666666666665,26.55,26.566666666666663,26.85,-9.40251855,-0.1370370266666647,0.1293333333333333,10.47,11.02,20.027777786666665,10.643777777777778,4.578369,4.641361,4.6428523,4.5820355,4.605242,0,1.0,1,0.75,-0.71,15.6,84.4
2023-04-11 02:45:00,141.889324299996,95.08008556111,95.098695949998,19.87777776,11.02,26.85,2,5.1764362714980825,70.66250196097344,2,1,4,0.4999999999999999,0.8660254037844387,0.7818314824680298,0.6234898018587336,0.8660254037844387,-0.4999999999999998,0.0,0.0,0.0,12.6,22.6,62.25,51.25,-2.975,3.8053138,0.0,6.3500000000000005,20.112962966666664,26.5,26.65,26.966666666666665,26.55,26.816666666666663,-8.85777776,-0.1240741233333331,0.4206666666666674,10.599333333333334,11.210666666666668,20.006172851111117,10.696444444444444,4.605242,4.578369,4.641361,4.6428523,4.6633086,0,1.0,1,0.75,-0.74,16.4,83.6
2023-04-11 03:00:00,53.193427694446,0.0,0.0,20.112962966666664,11.210666666666668,26.816666666666663,0,5.1764362714980825,70.66250196097344,3,1,4,0.7071067811865476,0.7071067811865476,0.7818314824680298,0.6234898018587336,0.8660254037844387,-0.4999999999999998,0.0,0.0,0.0,12.6,23.4,73.0,50.0,-3.2,3.724649,0.0,6.4,19.99999998,26.85,26.5,26.65,26.966666666666665,26.45,-8.902296299999998,0.2351852066666637,0.1906666666666652,11.02,11.456666666666669,19.99753087,10.943333333333332,4.6633086,4.605242,4.578369,4.641361,4.569236,1,2.0,1,0.5,-0.68,14.8,85.2
2023-04-11 03:15:00,60.528412033336,0.0,0.0,19.99999998,11.456666666666669,26.45,0,5.1764362714980825,70.66250196097344,3,1,4,0.7071067811865476,0.7071067811865476,0.7818314824680298,0.6234898018587336,0.8660254037844387,-0.4999999999999998,0.0,0.0,0.0,12.425,23.4,79.75,50.0,-3.225,3.7185712,0.0,6.375,19.82037035666667,26.816666666666663,26.85,26.5,26.65,26.216666666666665,-8.543333313333331,-0.1129629866666661,0.2460000000000004,11.210666666666668,11.555333333333332,19.99691356888889,11.229111111111113,4.569236,4.6633086,4.605242,4.578369,4.481506,0,2.0,0,0.5,-0.71,15.6,84.4
2023-04-11 03:30:00,368.959685372226,76.94692198333401,76.96553233889,19.82037035666667,11.555333333333332,26.216666666666665,2,5.1764362714980825,70.66250196097344,3,1,4,0.7071067811865476,0.7071067811865476,0.7818314824680298,0.6234898018587336,0.8660254037844387,-0.4999999999999998,0.0,0.0,0.0,12.25,23.4,86.5,50.0,-3.25,3.7125015,0.0,6.35,19.977777810000003,26.45,26.816666666666663,26.85,26.5,26.45,-8.265037023333335,-0.1796296233333301,0.0986666666666664,11.456666666666669,11.678,19.977777767777777,11.407555555555556,4.481506,4.569236,4.6633086,4.605242,4.563293,0,2.0,1,0.5,-0.75,16.9,83.1
2023-04-11 03:45:00,81.296470377772,31.25597196111,31.265693805554,19.977777810000003,11.678,26.45,1,5.1764362714980825,70.66250196097344,3,1,4,0.7071067811865476,0.7071067811865476,0.7818314824680298,0.6234898018587336,0.8660254037844387,-0.4999999999999998,0.0,0.0,0.0,12.075,23.4,93.25,50.0,-3.275,3.7064407,0.0,6.325,20.046296276666663,26.216666666666665,26.45,26.816666666666663,26.85,26.03333333333333,-8.299777810000002,0.1574074533333345,0.1226666666666673,11.555333333333332,11.734,19.93271604888889,11.563333333333333,4.563293,4.481506,4.569236,4.6633086,4.5094633,0,2.0,1,0.5,-0.72,15.8,84.2
2023-04-11 04:00:00,45.882609022224,0.0,0.0,20.046296276666663,11.734,26.03333333333333,0,5.1764362714980825,70.66250196097344,4,1,4,0.8660254037844386,0.5000000000000001,0.7818314824680298,0.6234898018587336,0.8660254037844387,-0.4999999999999998,0.0,0.0,0.0,11.9,23.4,100.0,50.0,-3.3,3.7003884,0.0,6.3,19.85,26.45,26.216666666666665,26.45,26.816666666666663,26.05,-8.312296276666666,0.0685184666666636,0.0559999999999991,11.678,11.645333333333332,19.948148147777783,11.65577777777778,4.5094633,4.563293,4.481506,4.569236,4.4607577,1,2.0,1,0.5,-0.7,15.4,84.6
2023-04-11 04:15:00,127.685170255552,86.190441144444,86.208496005554,19.85,11.645333333333332,26.05,2,5.1764362714980825,70.66250196097344,4,1,4,0.8660254037844386,0.5000000000000001,0.7818314824680298,0.6234898018587336,0.8660254037844387,-0.4999999999999998,0.0,0.0,0.0,11.8,23.05,100.0,50.25,-3.175,3.737164,0.0,6.375,20.06666666,26.03333333333333,26.45,26.216666666666665,26.45,26.28333333333333,-8.204666666666668,-0.1962962766666649,-0.0886666666666666,11.734,11.718666666666667,19.958024695555554,11.685777777777778,4.4607577,4.5094633,4.563293,4.481506,4.5581994,0,1.0,1,0.75,-0.75,16.8,83.2
2023-04-11 04:30:00,93.39487530555,29.819085005554,29.830473466664,20.06666666,11.718666666666667,26.28333333333333,1,5.1764362714980825,70.66250196097344,4,1,4,0.8660254037844386,0.5000000000000001,0.7818314824680298,0.6234898018587336,0.8660254037844387,-0.4999999999999998,0.0,0.0,0.0,11.7,22.7,100.0,50.5,-3.05,3.7741988,0.0,6.449999999999999,20.08888891,26.05,26.03333333333333,26.45,26.216666666666665,26.0,-8.347999993333332,0.2166666599999978,0.0733333333333341,11.645333333333332,11.697333333333336,19.987654312222222,11.699333333333334,4.5581994,4.4607577,4.5094633,4.563293,4.514929,0,1.0,1,0.75,-0.7,15.2,84.8
2023-04-11 04:45:00,60.310087450002,0.0,0.0,20.08888891,11.697333333333336,26.0,0,5.1764362714980825,70.66250196097344,4,1,4,0.8660254037844386,0.5000000000000001,0.7818314824680298,0.6234898018587336,0.8660254037844387,-0.4999999999999998,0.0,0.0,0.0,11.6,22.35,100.0,50.75,-2.925,3.811497,0.0,6.525,19.83888889,26.28333333333333,26.05,26.03333333333333,26.45,26.0,-8.391555576666663,0.0222222499999986,-0.0213333333333327,11.718666666666667,11.876666666666669,20.001851856666665,11.687111111111111,4.514929,4.5581994,4.4607577,4.5094633,4.449296,1,2.0,1,0.5,-0.69,15.1,84.9
2023-04-11 05:00:00,79.364880844444,36.622979455556,36.636867800000005,19.83888889,11.876666666666669,26.0,1,5.1764362714980825,70.66250196097344,5,1,4,0.9659258262890684,0.2588190451025207,0.7818314824680298,0.6234898018587336,0.8660254037844387,-0.4999999999999998,0.0,0.0,0.0,11.5,22.0,100.0,51.0,-2.8,3.8490582,0.0,6.6,19.861111110000003,26.0,26.28333333333333,26.05,26.03333333333333,26.3,-7.962222223333333,-0.2500000199999981,0.1793333333333322,11.697333333333336,11.934666666666669,19.99814815333333,11.764222222222225,4.449296,4.514929,4.5581994,4.4607577,4.506501,0,1.0,1,0.75,-0.75,16.8,83.2
2023-04-11 05:15:00,127.228799577776,76.097511527778,76.11417756111,19.861111110000003,11.934666666666669,26.3,2,5.1764362714980825,70.66250196097344,5,1,4,0.9659258262890684,0.2588190451025207,0.7818314824680298,0.6234898018587336,0.8660254037844387,-0.4999999999999998,0.0,0.0,0.0,11.45,21.8,100.0,51.5,-2.725,3.8741384,0.0,6.55,20.075925936666668,26.0,26.0,26.28333333333333,26.05,25.85,-7.926444443333336,0.0222222200000032,0.0579999999999998,11.876666666666669,11.774666666666668,19.92962963666667,11.836222222222224,4.506501,4.449296,4.514929,4.5581994,4.4854784,0,1.0,1,0.75,-0.74,16.6,83.4
2023-04-11 05:30:00,44.86514973889,0.0,0.0,20.075925936666668,11.774666666666668,25.85,0,5.1764362714980825,70.66250196097344,5,1,4,0.9659258262890684,0.2588190451025207,0.7818314824680298,0.6234898018587336,0.8660254037844387,-0.4999999999999998,0.0,0.0,0.0,11.4,21.6,100.0,52.0,-2.65,3.8990102,0.0,6.5,19.88888888,26.3,26.0,26.0,26.28333333333333,25.55,-8.301259270000001,0.2148148266666645,-0.1600000000000001,11.934666666666669,11.521999999999998,19.92530864555556,11.862,4.4854784,4.506501,4.449296,4.514929,4.3851237,1,2.0,1,0.5,-0.7,15.2,84.8
2023-04-11 05:45:00,146.615801766668,28.945231011112,28.9605082,19.88888888,11.521999999999998,25.55,1,5.1764362714980825,70.66250196097344,5,1,4,0.9659258262890684,0.2588190451025207,0.7818314824680298,0.6234898018587336,0.8660254037844387,-0.4999999999999998,0.0,0.0,0.0,11.35,21.4,100.0,52.5,-2.575,3.923672,0.0,6.45,19.79074073,25.85,26.3,26.0,26.0,26.33333333333333,-8.366888880000001,-0.1870370566666679,-0.2526666666666681,11.774666666666668,11.144,19.94197530888889,11.743777777777778,4.3851237,4.4854784,4.506501,4.449296,4.4936333,0,1.0,1,0.75,-0.74,16.6,83.4
2023-04-11 06:00:00,178.851456805554,49.060815272222,49.078870116666,19.79074073,11.144,26.33333333333333,1,5.1764362714980825,70.66250196097344,6,1,4,1.0,6.123233995736766e-17,0.7818314824680298,0.6234898018587336,0.8660254037844387,-0.4999999999999998,0.0,0.0,0.0,11.3,21.2,100.0,53.0,-2.5,3.9481277,0.0,6.4,19.87777779,25.55,25.85,26.3,26.0,26.95,-8.64674073,-0.0981481500000001,-0.3779999999999983,11.521999999999998,10.694,19.91851851555556,11.480222222222222,4.4936333,4.3851237,4.4854784,4.506501,4.622394,0,1.0,0,0.75,-0.76,17.1,82.9
2023-04-11 06:15:00,63.539680511112,0.0,0.0,19.87777779,10.694,26.95,0,5.1764362714980825,70.66250196097344,6,1,4,1.0,6.123233995736766e-17,0.7818314824680298,0.6234898018587336,0.8660254037844387,-0.4999999999999998,2.0,0.5,0.1666666666666666,11.8,21.4,100.0,53.0,-2.425,3.973991,0.0,6.5,19.72407408333333,26.33333333333333,25.55,25.85,26.3,26.53333333333333,-9.18377779,0.0870370600000001,-0.450000000000001,11.144,10.788,19.852469133333333,11.12,4.622394,4.4936333,4.3851237,4.4854784,4.5100875,1,2.0,1,0.5,-0.74,16.4,83.6
2023-04-11 06:30:00,48.801381216666,0.0,0.0,19.72407408333333,10.788,26.53333333333333,0,5.1764362714980825,70.66250196097344,6,1,4,1.0,6.123233995736766e-17,0.7818314824680298,0.6234898018587336,0.8660254037844387,-0.4999999999999998,4.0,1.5,0.5,12.3,21.6,100.0,53.0,-2.35,4.000002,0.0,6.6,19.58888891,26.95,26.33333333333333,25.55,25.85,26.9,-8.936074083333335,-0.1537037066666648,0.0940000000000012,10.694,10.972666666666669,19.79753086777778,10.875333333333332,4.5100875,4.622394,4.4936333,4.3851237,4.5362625,0,2.0,0,0.5,-0.77,17.6,82.4
2023-04-11 06:45:00,136.413432144444,89.298650177776,89.31864936111,19.58888891,10.972666666666669,26.9,2,5.1764362714980825,70.66250196097344,6,1,4,1.0,6.123233995736766e-17,0.7818314824680298,0.6234898018587336,0.8660254037844387,-0.4999999999999998,6.0,3.0,1.0,12.8,21.8,100.0,53.0,-2.2750000000000004,4.0261607,0.0,6.7,19.772222216666663,26.53333333333333,26.95,26.33333333333333,25.55,27.28333333333333,-8.61622224333333,-0.1351851733333369,0.1846666666666667,10.788,11.192666666666666,19.73024692777778,10.818222222222223,4.5362625,4.5100875,4.622394,4.4936333,4.650691,0,2.0,1,0.5,-0.8,18.6,81.4
2023-04-11 07:00:00,65.31349843889001,21.291926072222,21.305536627778,19.772222216666663,11.192666666666666,27.28333333333333,1,5.1764362714980825,70.66250196097344,7,1,4,0.9659258262890684,-0.2588190451025206,0.7818314824680298,0.6234898018587336,0.8660254037844387,-0.4999999999999998,8.0,5.0,1.6666666666666667,13.3,22.0,100.0,53.0,-2.2,4.0524697,0.0,6.8,19.79444446,26.9,26.53333333333333,26.95,26.33333333333333,27.0,-8.57955555,0.1833333066666682,0.2199999999999988,10.972666666666669,11.618,19.69506173666667,10.984444444444444,4.650691,4.5362625,4.5100875,4.622394,4.6083984,0,2.0,1,0.5,-0.76,17.1,82.9
2023-04-11 07:15:00,50.701860744444,0.0,0.0,19.79444446,11.618,27.0,0,5.1764362714980825,70.66250196097344,7,1,4,0.9659258262890684,-0.2588190451025206,0.7818314824680298,0.6234898018587336,0.8660254037844387,-0.4999999999999998,30.75,12.1875,4.229166666666667,13.8,23.15,100.0,51.0,-1.875,4.133972,0.0,7.7,19.60185186333333,27.28333333333333,26.9,26.53333333333333,26.95,27.0,-8.17644446,0.022222243333335,0.4253333333333344,11.192666666666666,12.17,19.71851852888889,11.261111111111113,4.6083984,4.650691,4.5362625,4.5100875,4.5565953,1,2.0,1,0.5,-0.75,17.0,83.0
2023-04-11 07:30:00,91.5121727,31.433187072222,31.446519872222,19.60185186333333,12.17,27.0,1,5.1764362714980825,70.66250196097344,7,1,4,0.9659258262890684,-0.2588190451025206,0.7818314824680298,0.6234898018587336,0.8660254037844387,-0.4999999999999998,53.5,24.5625,8.6875,14.3,24.3,100.0,49.0,-1.55,4.208821,0.0,8.6,19.62222223,27.0,27.28333333333333,26.9,26.53333333333333,27.65,-7.43185186333333,-0.192592596666671,0.5519999999999996,11.618,12.638,19.722839513333337,11.660222222222222,4.5565953,4.6083984,4.650691,4.5362625,4.6718774,0,1.0,1,0.75,-0.8,18.4,81.6
2023-04-11 07:45:00,134.658780133332,79.0643373,79.082947688888,19.62222223,12.638,27.65,2,5.1764362714980825,70.66250196097344,7,1,4,0.9659258262890684,-0.2588190451025206,0.7818314824680298,0.6234898018587336,0.8660254037844387,-0.4999999999999998,76.25,42.125,15.041666666666666,14.8,25.45,100.0,47.0,-1.225,4.2760687,0.0,9.5,19.87037038,27.0,27.0,27.28333333333333,26.9,27.35,-6.984222229999999,0.0203703666666683,0.4679999999999999,12.17,13.375333333333334,19.672839517777778,12.142,4.6718774,4.5565953,4.6083984,4.650691,4.688965,0,1.0,1,0.75,-0.79,18.2,81.8
2023-04-11 08:00:00,43.93713136111,0.0,0.0,19.87037038,13.375333333333334,27.35,0,5.1764362714980825,70.66250196097344,8,1,4,0.8660254037844387,-0.4999999999999998,0.7818314824680298,0.6234898018587336,0.8660254037844387,-0.4999999999999998,99.0,64.875,23.291666666666668,15.3,26.6,100.0,45.0,-0.9,4.334701,0.0,10.4,19.938888870000003,27.65,27.0,27.0,27.28333333333333,27.0,-6.495037046666667,0.2481481500000022,0.7373333333333338,12.638,14.314666666666666,19.698148157777776,12.727777777777776,4.688965,4.6718774,4.5565953,4.6083984,4.647583,1,2.0,1,0.5,-0.74,16.4,83.6
2023-04-11 08:15:00,291.501950555556,0.0,0.0,19.938888870000003,14.314666666666666,27.0,0,5.1764362714980825,70.66250196097344,8,1,4,0.8660254037844387,-0.4999999999999998,0.7818314824680298,0.6234898018587336,0.8660254037844387,-0.4999999999999998,138.0,91.6875,34.791666666666664,14.625,27.325000000000003,100.0,45.5,-0.2249999999999999,4.5518813,0.0,11.0,20.12962966,27.35,27.65,27.0,27.0,27.0,-5.624222203333337,0.0685184900000024,0.939333333333332,13.375333333333334,14.856,19.81049382666667,13.442666666666668,4.647583,4.688965,4.6718774,4.5565953,4.69977,0,2.0,0,0.5,-0.72,15.9,84.1
2023-04-11 08:30:00,53.952286122228,0.0,0.0,20.12962966,14.856,27.0,0,5.1764362714980825,70.66250196097344,8,1,4,0.8660254037844387,-0.4999999999999998,0.7818314824680298,0.6234898018587336,0.8660254037844387,-0.4999999999999998,177.0,122.5625,49.54166666666666,13.95,28.05,100.0,46.0,0.45,4.778488,0.0,11.6,20.39999998,27.0,27.35,27.65,27.0,27.0,-5.273629659999999,0.190740789999996,0.5413333333333341,14.314666666666666,15.259333333333332,19.97962963666667,14.182,4.69977,4.647583,4.688965,4.6718774,4.774614,0,3.0,0,0.25,-0.68,14.6,85.4
2023-04-11 08:45:00,59.930380338894,0.0,0.0,20.39999998,15.259333333333332,27.0,0,5.1764362714980825,70.66250196097344,8,1,4,0.8660254037844387,-0.4999999999999998,0.7818314824680298,0.6234898018587336,0.8660254037844387,-0.4999999999999998,216.0,157.5,67.54166666666667,13.275,28.775,100.0,46.5,1.125,5.01487,0.0,12.2,20.51666668,27.0,27.0,27.35,27.65,27.0,-5.140666646666668,0.2703703200000014,0.4033333333333324,14.856,15.480666666666668,20.15617283666667,14.809999999999995,4.774614,4.69977,4.647583,4.688965,4.807227,0,4.0,0,0.0,-0.62,13.0,87.0
2023-04-11 09:00:00,58.280446322228,0.0,0.0,20.51666668,15.480666666666668,27.0,0,5.1764362714980825,70.66250196097344,9,1,4,0.7071067811865476,-0.7071067811865475,0.7818314824680298,0.6234898018587336,0.8660254037844387,-0.4999999999999998,255.0,196.5,88.79166666666667,12.6,29.5,100.0,47.0,1.8,5.261386,0.0,12.8,20.65555559,27.0,27.0,27.0,27.35,27.0,-5.036000013333332,0.1166666999999996,0.2213333333333356,15.259333333333332,15.888666666666666,20.34876544,15.198666666666668,4.807227,4.774614,4.69977,4.647583,4.8463044,0,4.0,0,0.0,-0.59,12.3,87.7
2023-04-11 09:15:00,55.164737705558,0.0,0.0,20.65555559,15.888666666666666,27.0,0,5.1764362714980825,70.66250196097344,9,1,4,0.7071067811865476,-0.7071067811865475,0.7818314824680298,0.6234898018587336,0.8660254037844387,-0.4999999999999998,301.25,237.3125,113.72916666666669,13.525,31.025,100.0,45.5,1.825,5.2942085,0.0,13.425,20.996296296666667,27.0,27.0,27.0,27.0,26.816666666666663,-4.766888923333333,0.1388889099999986,0.4079999999999977,15.480666666666668,16.324666666666666,20.524074083333332,15.542888888888887,4.8463044,4.807227,4.774614,4.69977,4.9097714,0,4.0,0,0.0,-0.56,11.5,88.5
2023-04-11 09:30:00,44.014350472222,0.0,0.0,20.996296296666667,16.324666666666666,26.816666666666663,0,5.1764362714980825,70.66250196097344,9,1,4,0.7071067811865476,-0.7071067811865475,0.7818314824680298,0.6234898018587336,0.8660254037844387,-0.4999999999999998,347.5,279.9375,142.35416666666666,14.45,32.55,100.0,44.0,1.85,5.320417,0.0,14.05,21.53333332,27.0,27.0,27.0,27.0,26.15,-4.671629630000002,0.3407407066666685,0.4359999999999999,15.888666666666666,16.875999999999998,20.722839522222227,15.898,4.9097714,4.8463044,4.807227,4.774614,4.9391418,0,4.0,0,0.0,-0.48,9.8,90.2
2023-04-11 09:45:00,43.990462427782,0.0,0.0,21.53333332,16.875999999999998,26.15,0,5.1764362714980825,70.66250196097344,9,1,4,0.7071067811865476,-0.7071067811865475,0.7818314824680298,0.6234898018587336,0.8660254037844387,-0.4999999999999998,393.75,324.375,174.66666666666666,15.375,34.075,100.0,42.5,1.875,5.3395157,0.0,14.675,22.07592593333333,26.816666666666663,27.0,27.0,27.0,25.816666666666663,-4.657333320000003,0.5370370233333333,0.5513333333333321,16.324666666666666,17.186666666666667,21.061728402222226,16.36311111111111,4.9391418,4.9097714,4.8463044,4.807227,5.0313644,0,4.0,0,0.0,-0.36,7.7,92.3
2023-04-11 10:00:00,62.64054986111,0.0,0.0,22.07592593333333,17.186666666666667,25.816666666666663,0,5.1764362714980825,70.66250196097344,10,1,4,0.4999999999999999,-0.8660254037844387,0.7818314824680298,0.6234898018587336,0.8660254037844387,-0.4999999999999998,440.0,370.625,210.66666666666663,16.3,35.6,100.0,41.0,1.9,5.3509874,0.0,15.3,22.49444448,26.15,26.816666666666663,27.0,27.0,25.5,-4.8892592666666665,0.5425926133333334,0.3106666666666697,16.875999999999998,17.38,21.535185183333336,16.795777777777776,5.0313644,4.9391418,4.9097714,4.8463044,5.0907426,0,4.0,0,0.0,-0.24,6.2,93.8
2023-04-11 10:15:00,61.0792234,0.0,0.0,22.49444448,17.38,25.5,0,5.1764362714980825,70.66250196097344,10,1,4,0.4999999999999999,-0.8660254037844387,0.7818314824680298,0.6234898018587336,0.8660254037844387,-0.4999999999999998,474.25,413.875,247.625,17.025,37.5,100.0,39.75,1.875,5.3152995,0.0,15.7,22.84444446,25.816666666666663,26.15,26.816666666666663,27.0,25.316666666666663,-5.114444480000003,0.4185185466666681,0.1933333333333315,17.186666666666667,17.616,22.03456791111111,17.147555555555552,5.0907426,5.0313644,4.9391418,4.9097714,5.1566205,0,4.0,0,0.0,-0.14,5.4,94.6
2023-04-11 10:30:00,49.706345,0.0,0.0,22.84444446,17.616,25.316666666666663,0,5.1764362714980825,70.66250196097344,10,1,4,0.4999999999999999,-0.8660254037844387,0.7818314824680298,0.6234898018587336,0.8660254037844387,-0.4999999999999998,508.5,454.125,285.5416666666667,17.75,39.4,100.0,38.5,1.85,5.2742224,0.0,16.1,23.13888891,25.5,25.816666666666663,26.15,26.816666666666663,25.0,-5.228444459999999,0.3499999799999962,0.2360000000000006,17.38,17.96333333333333,22.47160495777778,17.394222222222222,5.1566205,5.0907426,5.0313644,4.9391418,5.1786222,0,4.0,0,0.0,-0.06,5.1,94.9
2023-04-11 10:45:00,56.589958494446,0.0,0.0,23.13888891,17.96333333333333,25.0,0,5.1764362714980825,70.66250196097344,10,1,4,0.4999999999999999,-0.8660254037844387,0.7818314824680298,0.6234898018587336,0.8660254037844387,-0.4999999999999998,542.75,491.375,324.4166666666667,18.475,41.3,100.0,37.25,1.825,5.2275453,0.0,16.5,23.43518521,25.316666666666663,25.5,25.816666666666663,26.15,24.816666666666663,-5.175555576666667,0.2944444500000003,0.3473333333333315,17.616,18.368666666666662,22.82592595,17.65311111111111,5.1786222,5.1566205,5.0907426,5.0313644,5.228323,0,4.0,0,0.0,0.0,5.0,95.0
2023-04-11 11:00:00,48.687774477784,0.0,0.0,23.43518521,18.368666666666662,24.816666666666663,0,5.1764362714980825,70.66250196097344,11,1,4,0.258819045102521,-0.9659258262890682,0.7818314824680298,0.6234898018587336,0.8660254037844387,-0.4999999999999998,577.0,525.625,364.25,19.2,43.2,100.0,36.0,1.8,5.1750517,0.0,16.9,23.605555560000003,25.0,25.316666666666663,25.5,25.816666666666663,24.5,-5.066518543333334,0.2962963000000016,0.4053333333333349,17.96333333333333,18.406,23.139506193333336,17.982666666666663,5.228323,5.1786222,5.1566205,5.0907426,5.211956,0,4.0,0,0.0,0.07,5.1,94.9
2023-04-11 11:15:00,45.533734011116,0.0,0.0,23.605555560000003,18.406,24.5,0,5.1764362714980825,70.66250196097344,11,1,4,0.258819045102521,-0.9659258262890682,0.7818314824680298,0.6234898018587336,0.8660254037844387,-0.4999999999999998,609.5,559.4375,403.5416666666667,19.6,44.1,100.0,35.25,1.875,5.2056785,0.0,17.349999999999998,23.75555553,24.816666666666663,25.0,25.316666666666663,25.5,24.5,-5.19955556,0.1703703500000024,0.0373333333333363,18.368666666666662,18.73333333333333,23.39320989333333,18.246,5.211956,5.228323,5.1786222,5.1566205,5.256634,0,4.0,0,0.0,0.11,5.3,94.7
2023-04-11 11:30:00,64.84268402222,0.0,0.0,23.75555553,18.73333333333333,24.5,0,5.1764362714980825,70.66250196097344,11,1,4,0.258819045102521,-0.9659258262890682,0.7818314824680298,0.6234898018587336,0.8660254037844387,-0.4999999999999998,642.0,592.8125,442.2916666666667,20.0,45.0,100.0,34.5,1.95,5.2336173,0.0,17.799999999999997,23.96666666,24.5,24.816666666666663,25.0,25.316666666666663,24.45,-5.0222221966666645,0.1499999699999961,0.3273333333333319,18.406,19.023333333333333,23.598765433333337,18.502666666666663,5.256634,5.211956,5.228323,5.1786222,5.3092165,0,4.0,0,0.0,0.15,5.4,94.6
2023-04-11 11:45:00,63.957441466672,0.0,0.0,23.96666666,19.023333333333333,24.45,0,5.1764362714980825,70.66250196097344,11,1,4,0.258819045102521,-0.9659258262890682,0.7818314824680298,0.6234898018587336,0.8660254037844387,-0.4999999999999998,674.5,625.75,480.5,20.4,45.9,100.0,33.75,2.025,5.258716,0.0,18.25,24.216666673333336,24.5,24.5,24.816666666666663,25.0,24.03333333333333,-4.943333326666664,0.211111129999999,0.2899999999999991,18.73333333333333,19.438,23.77592591666667,18.72088888888889,5.3092165,5.256634,5.211956,5.228323,5.2932734,0,4.0,0,0.0,0.2,5.8,94.2
2023-04-11 12:00:00,46.292592655556,0.0,0.0,24.216666673333336,19.438,24.03333333333333,0,5.1764362714980825,70.66250196097344,12,1,4,1.2246467991473532e-16,-1.0,0.7818314824680298,0.6234898018587336,0.8660254037844387,-0.4999999999999998,707.0,658.25,518.1666666666666,20.8,46.8,100.0,33.0,2.1,5.280827,0.0,18.7,24.39444441,24.45,24.5,24.5,24.816666666666663,24.05,-4.778666673333337,0.250000013333338,0.4146666666666654,19.023333333333333,19.703333333333333,23.979629621111112,19.064888888888888,5.2932734,5.3092165,5.256634,5.211956,5.3505406,0,4.0,0,0.0,0.25,6.3,93.7
2023-04-11 12:15:00,44.94459106111,0.0,0.0,24.39444441,19.703333333333333,24.05,0,5.1764362714980825,70.66250196097344,12,1,4,1.2246467991473532e-16,-1.0,0.7818314824680298,0.6234898018587336,0.8660254037844387,-0.4999999999999998,694.5,679.5,550.9375,21.0,47.25,100.0,33.25,2.325,5.3682303,0.0,18.85,24.105555573333334,24.03333333333333,24.45,24.5,24.5,24.65,-4.691111076666665,0.1777777366666626,0.2653333333333343,19.438,19.622666666666664,24.192592581111118,19.388222222222225,5.3505406,5.2932734,5.3092165,5.256634,5.3950005,0,4.0,0,0.0,0.29,6.8,93.2
2023-04-11 12:30:00,54.235330400004,0.0,0.0,24.105555573333334,19.622666666666664,24.65,0,5.1764362714980825,70.66250196097344,12,1,4,1.2246467991473532e-16,-1.0,0.7818314824680298,0.6234898018587336,0.8660254037844387,-0.4999999999999998,682.0,689.5,578.8125,21.200000000000003,47.7,100.0,33.5,2.5500000000000003,5.4567175,0.0,19.0,23.53888887,24.05,24.03333333333333,24.45,24.5,25.35,-4.48288890666667,-0.2888888366666648,-0.0806666666666693,19.703333333333333,19.62,24.23888888555556,19.588,5.3950005,5.3505406,5.2932734,5.3092165,5.372342,0,4.0,0,0.0,0.23,6.1,93.9
2023-04-11 12:45:00,53.941453188896,0.0,0.0,23.53888887,19.62,25.35,0,5.1764362714980825,70.66250196097344,12,1,4,1.2246467991473532e-16,-1.0,0.7818314824680298,0.6234898018587336,0.8660254037844387,-0.4999999999999998,669.5,688.25,601.7916666666666,21.4,48.15,100.0,33.75,2.775,5.5462933,0.0,19.15,23.49444446,24.65,24.05,24.03333333333333,24.45,25.5,-3.91888887,-0.5666667033333326,-0.0026666666666628,19.622666666666664,20.112,24.01296295111111,19.648666666666667,5.372342,5.3950005,5.3505406,5.2932734,5.390463,0,4.0,0,0.0,0.1,5.2,94.8
2023-04-11 13:00:00,59.85649456111,0.0,0.0,23.49444446,20.112,25.5,0,5.1764362714980825,70.66250196097344,13,1,4,-0.2588190451025208,-0.9659258262890684,0.7818314824680298,0.6234898018587336,0.8660254037844387,-0.4999999999999998,657.0,675.75,619.875,21.6,48.6,100.0,34.0,3.0,5.636974,0.0,19.3,23.88333332,25.35,24.65,24.05,24.03333333333333,25.15,-3.3824444599999985,-0.0444444100000005,0.4920000000000009,19.62,20.549333333333333,23.71296296777778,19.784888888888887,5.390463,5.372342,5.3950005,5.3505406,5.4354324,0,4.0,0,0.0,0.09,5.2,94.8
2023-04-11 13:15:00,58.6243216,0.0,0.0,23.88333332,20.549333333333333,25.15,0,5.1764362714980825,70.66250196097344,13,1,4,-0.2588190451025208,-0.9659258262890684,0.7818314824680298,0.6234898018587336,0.8660254037844387,-0.4999999999999998,673.5,670.5,636.4791666666666,22.05,49.5,100.0,33.25,2.95,5.594295,0.0,19.55,24.192592616666666,25.5,25.35,24.65,24.05,25.0,-3.3339999866666687,0.3888888600000015,0.4373333333333313,20.112,21.032666666666668,23.638888883333337,20.093777777777778,5.4354324,5.390463,5.372342,5.3950005,5.4986715,0,4.0,0,0.0,0.18,5.7,94.3
2023-04-11 13:30:00,43.86685625556,0.0,0.0,24.192592616666666,21.032666666666668,25.0,0,5.1764362714980825,70.66250196097344,13,1,4,-0.2588190451025208,-0.9659258262890684,0.7818314824680298,0.6234898018587336,0.8660254037844387,-0.4999999999999998,690.0,672.5,651.6041666666666,22.5,50.400000000000006,100.0,32.5,2.9,5.548953,0.0,19.8,24.13888889,25.15,25.5,25.35,24.65,25.05,-3.159925949999998,0.3092592966666636,0.4833333333333343,20.549333333333333,21.004,23.856790132222223,20.564666666666668,5.4986715,5.4354324,5.390463,5.372342,5.492921,0,4.0,0,0.0,0.25,6.3,93.7
2023-04-11 13:45:00,43.9365758,0.0,0.0,24.13888889,21.004,25.05,0,5.1764362714980825,70.66250196097344,13,1,4,-0.2588190451025208,-0.9659258262890684,0.7818314824680298,0.6234898018587336,0.8660254037844387,-0.4999999999999998,706.5,681.75,665.25,22.95,51.3,100.0,31.75,2.85,5.5008903,0.0,20.05,23.903703713333336,25.0,25.15,25.5,25.35,25.466666666666665,-3.134888889999996,-0.0537037266666686,-0.0286666666666661,21.032666666666668,21.024,24.071604942222223,20.862,5.492921,5.4986715,5.4354324,5.390463,5.5102425,0,4.0,0,0.0,0.24,6.2,93.8
2023-04-11 14:00:00,55.878875738894,0.0,0.0,23.903703713333336,21.024,25.466666666666665,0,5.1764362714980825,70.66250196097344,14,1,4,-0.4999999999999997,-0.8660254037844388,0.7818314824680298,0.6234898018587336,0.8660254037844387,-0.4999999999999998,723.0,698.25,677.4166666666666,23.4,52.2,100.0,31.0,2.8,5.4500456,0.0,20.3,23.82777776,25.05,25.0,25.15,25.5,25.55,-2.8797037133333347,-0.2351851766666612,0.0199999999999995,21.004,20.906,24.078395073333336,21.020222222222223,5.5102425,5.492921,5.4986715,5.4354324,5.504473,0,4.0,0,0.0,0.19,5.7,94.3
2023-04-11 14:15:00,61.686699216662,0.0,0.0,23.82777776,20.906,25.55,0,5.1764362714980825,70.66250196097344,14,1,4,-0.4999999999999997,-0.8660254037844388,0.7818314824680298,0.6234898018587336,0.8660254037844387,-0.4999999999999998,715.25,708.6875,686.2291666666666,23.675,52.825,100.0,31.25,2.975,5.518114,0.0,20.375,23.54444444,25.466666666666665,25.05,25.0,25.15,25.966666666666665,-2.921777760000001,-0.0759259533333356,-0.1180000000000021,21.024,20.756000000000004,23.956790121111112,20.978,5.504473,5.5102425,5.492921,5.4986715,5.5047727,0,4.0,0,0.0,0.17,5.6,94.4
2023-04-11 14:30:00,88.37118719444601,0.0,0.0,23.54444444,20.756000000000004,25.966666666666665,0,5.1764362714980825,70.66250196097344,14,1,4,-0.4999999999999997,-0.8660254037844388,0.7818314824680298,0.6234898018587336,0.8660254037844387,-0.4999999999999998,707.5,713.0625,691.6875,23.95,53.45,100.0,31.5,3.15,5.586661,0.0,20.450000000000003,23.17777777,25.55,25.466666666666665,25.05,25.0,26.35,-2.788444439999996,-0.2833333200000005,-0.149999999999995,20.906,20.816666666666663,23.758641971111118,20.895333333333337,5.5047727,5.504473,5.5102425,5.492921,5.47041,0,4.0,0,0.0,0.11,5.2,94.8
2023-04-11 14:45:00,905.784044972222,0.0,0.0,23.17777777,20.816666666666663,26.35,0,5.1764362714980825,70.66250196097344,14,1,4,-0.4999999999999997,-0.8660254037844388,0.7818314824680298,0.6234898018587336,0.8660254037844387,-0.4999999999999998,699.75,711.375,693.7916666666666,24.225,54.075,100.0,31.75,3.325,5.6556907,0.0,20.525,22.914814776666667,25.966666666666665,25.55,25.466666666666665,25.05,26.683333333333334,-2.3611111033333323,-0.3666666700000007,0.0606666666666626,20.756000000000004,20.958,23.51666665666667,20.826222222222224,5.47041,5.5047727,5.504473,5.5102425,5.4569316,0,4.0,0,0.0,0.02,5.0,95.0
2023-04-11 15:00:00,47.915583200004,0.0,0.0,22.914814776666667,20.958,26.683333333333334,0,5.1764362714980825,70.66250196097344,15,1,4,-0.7071067811865471,-0.7071067811865479,0.7818314824680298,0.6234898018587336,0.8660254037844387,-0.4999999999999998,692.0,703.625,692.5416666666666,24.5,54.7,100.0,32.0,3.5,5.7252026,0.0,20.6,22.70555557,26.35,25.966666666666665,25.55,25.466666666666665,27.05,-1.9568147766666648,-0.2629629933333319,0.1413333333333355,20.816666666666663,21.16,23.21234566222222,20.84355555555556,5.4569316,5.47041,5.5047727,5.504473,5.4659953,0,4.0,0,0.0,-0.04,5.0,95.0
2023-04-11 15:15:00,44.340170755556,0.0,0.0,22.70555557,21.16,27.05,0,5.1764362714980825,70.66250196097344,15,1,4,-0.7071067811865471,-0.7071067811865479,0.7818314824680298,0.6234898018587336,0.8660254037844387,-0.4999999999999998,641.0,685.0625,688.0833333333334,24.65,54.8,100.0,32.5,3.575,5.7640147,0.0,20.450000000000003,22.52222223333333,26.683333333333334,26.35,25.966666666666665,25.55,27.466666666666665,-1.5455555700000012,-0.2092592066666654,0.2019999999999981,20.958,21.21466666666667,22.93271603888889,20.978222222222225,5.4659953,5.4569316,5.47041,5.5047727,5.4921165,0,4.0,0,0.0,-0.08,5.1,94.9
2023-04-11 15:30:00,57.953792888888,0.0,0.0,22.52222223333333,21.21466666666667,27.466666666666665,0,5.1764362714980825,70.66250196097344,15,1,4,-0.7071067811865471,-0.7071067811865479,0.7818314824680298,0.6234898018587336,0.8660254037844387,-0.4999999999999998,590.0,655.6875,680.4166666666666,24.8,54.900000000000006,100.0,33.0,3.65,5.8016615,0.0,20.3,22.36111108,27.05,26.683333333333334,26.35,25.966666666666665,27.85,-1.307555566666661,-0.1833333366666707,0.0546666666666695,21.16,21.330666666666666,22.714197526666663,21.11088888888889,5.4921165,5.4659953,5.4569316,5.47041,5.517456,0,4.0,0,0.0,-0.12,5.3,94.7
2023-04-11 15:45:00,58.855701294442,0.0,0.0,22.36111108,21.330666666666666,27.85,0,5.1764362714980825,70.66250196097344,15,1,4,-0.7071067811865471,-0.7071067811865479,0.7818314824680298,0.6234898018587336,0.8660254037844387,-0.4999999999999998,539.0,615.5,669.5416666666666,24.95,55.0,100.0,33.5,3.725,5.8381495,0.0,20.15,22.220370376666665,27.466666666666665,27.05,26.683333333333334,26.35,28.366666666666667,-1.0304444133333348,-0.16111115333333,0.1159999999999961,21.21466666666667,21.31,22.52962962777778,21.235111111111117,5.517456,5.4921165,5.4659953,5.4569316,5.574505,0,4.0,0,0.0,-0.16,5.5,94.5
2023-04-11 16:00:00,123.491449127774,0.0,0.0,22.220370376666665,21.31,28.366666666666667,0,5.1764362714980825,70.66250196097344,16,1,4,-0.8660254037844385,-0.5000000000000004,0.7818314824680298,0.6234898018587336,0.8660254037844387,-0.4999999999999998,488.0,564.5,655.4583333333334,25.1,55.1,100.0,34.0,3.8,5.8734975,0.0,20.0,21.93333334,27.85,27.466666666666665,27.05,26.683333333333334,29.45,-0.9103703766666662,-0.1407407033333356,-0.020666666666667,21.330666666666666,21.401333333333334,22.36790123,21.28511111111111,5.574505,5.517456,5.4921165,5.4659953,5.6924715,0,4.0,0,0.0,-0.19,5.7,94.3
2023-04-11 16:15:00,50.594087272222,0.0,0.0,21.93333334,21.401333333333334,29.45,0,5.1764362714980825,70.66250196097344,16,1,4,-0.8660254037844385,-0.5000000000000004,0.7818314824680298,0.6234898018587336,0.8660254037844387,-0.4999999999999998,435.25,513.0625,635.6041666666666,24.925,55.0,100.0,34.75,3.975,5.9767466,0.0,19.925,21.640740776666668,28.366666666666667,27.85,27.466666666666665,27.05,30.616666666666667,-0.5320000066666672,-0.2870370366666641,0.0913333333333348,21.31,21.722666666666665,22.171604932222223,21.34733333333333,5.6924715,5.574505,5.517456,5.4921165,5.8188276,0,4.0,0,0.0,-0.25,6.3,93.7
2023-04-11 16:30:00,52.694003205558,0.0,0.0,21.640740776666668,21.722666666666665,30.616666666666667,0,5.1764362714980825,70.66250196097344,16,1,4,-0.8660254037844385,-0.5000000000000004,0.7818314824680298,0.6234898018587336,0.8660254037844387,-0.4999999999999998,382.5,461.1875,609.9791666666666,24.75,54.900000000000006,100.0,35.5,4.15,6.0789604,0.0,19.85,21.43333335,29.45,28.366666666666667,27.85,27.466666666666665,31.35,0.0819258899999972,-0.2925925633333328,0.3213333333333317,21.401333333333334,21.896666666666665,21.931481497777774,21.478,5.8188276,5.6924715,5.574505,5.517456,5.8871284,0,4.0,0,0.0,-0.31,7.0,93.0
2023-04-11 16:45:00,44.048793527778,0.0,0.0,21.43333335,21.896666666666665,31.35,0,5.1764362714980825,70.66250196097344,16,1,4,-0.8660254037844385,-0.5000000000000004,0.7818314824680298,0.6234898018587336,0.8660254037844387,-0.4999999999999998,329.75,408.875,578.5833333333334,24.575,54.8,100.0,36.25,4.325,6.180148,0.0,19.775,21.296296270000003,30.616666666666667,29.45,28.366666666666667,27.85,31.5,0.4633333166666666,-0.2074074266666699,0.1739999999999995,21.722666666666665,21.795333333333332,21.66913582222222,21.67355555555556,5.8871284,5.8188276,5.6924715,5.574505,5.8685184,0,4.0,0,0.0,-0.35,7.6,92.4
2023-04-11 17:00:00,43.97212987778,0.0,0.0,21.296296270000003,21.795333333333332,31.5,0,5.1764362714980825,70.66250196097344,17,1,4,-0.9659258262890684,-0.2588190451025206,0.7818314824680298,0.6234898018587336,0.8660254037844387,-0.4999999999999998,277.0,356.125,541.4166666666666,24.4,54.7,100.0,37.0,4.5,6.2803125,0.0,19.7,21.13333332,31.35,30.616666666666667,29.45,28.366666666666667,31.5,0.4990370633333327,-0.1370370799999953,-0.1013333333333292,21.896666666666665,21.60933333333333,21.456790132222224,21.80488888888889,5.8685184,5.8871284,5.8188276,5.6924715,5.813306,0,4.0,0,0.0,-0.38,8.1,91.9
2023-04-11 17:15:00,70.640229761114,0.0,0.0,21.13333332,21.60933333333333,31.5,0,5.1764362714980825,70.66250196097344,17,1,4,-0.9659258262890684,-0.2588190451025206,0.7818314824680298,0.6234898018587336,0.8660254037844387,-0.4999999999999998,259.5,312.1875,503.4375,24.3,55.25,100.0,37.0,4.525,6.261905,0.0,19.65,20.98703702,31.5,31.35,30.616666666666667,29.45,31.5,0.47600001333333,-0.1629629500000007,-0.1860000000000035,21.795333333333332,21.614666666666665,21.28765431333333,21.76711111111111,5.813306,5.8685184,5.8871284,5.8188276,5.764126,0,4.0,0,0.0,-0.42,8.7,91.3
2023-04-11 17:30:00,55.947761983334,0.0,0.0,20.98703702,21.614666666666665,31.5,0,5.1764362714980825,70.66250196097344,17,1,4,-0.9659258262890684,-0.2588190451025206,0.7818314824680298,0.6234898018587336,0.8660254037844387,-0.4999999999999998,242.0,277.0625,464.6458333333333,24.2,55.8,100.0,37.0,4.55,6.2435436,0.0,19.6,20.89444444,31.5,31.5,31.35,30.616666666666667,31.85,0.6276296466666658,-0.146296300000003,0.0053333333333327,21.60933333333333,21.542666666666666,21.13888887,21.673111111111112,5.764126,5.813306,5.8685184,5.8871284,5.796886,0,4.0,0,0.0,-0.45,9.3,90.7
2023-04-11 17:45:00,43.15382927778,0.0,0.0,20.89444444,21.542666666666666,31.85,0,5.1764362714980825,70.66250196097344,17,1,4,-0.9659258262890684,-0.2588190451025206,0.7818314824680298,0.6234898018587336,0.8660254037844387,-0.4999999999999998,224.5,250.75,425.0416666666667,24.1,56.35,100.0,37.0,4.574999999999999,6.22523,0.0,19.55,20.76481482,31.5,31.5,31.5,31.35,32.18333333333333,0.6482222266666682,-0.0925925800000015,-0.0719999999999991,21.614666666666665,21.438,21.004938260000003,21.58888888888889,5.796886,5.764126,5.813306,5.8685184,5.813546,0,4.0,0,0.0,-0.47,9.7,90.3
2023-04-11 18:00:00,53.145096344444,0.0,0.0,20.76481482,21.438,32.18333333333333,0,5.1764362714980825,70.66250196097344,18,1,4,-1.0,-1.8369701987210294e-16,0.7818314824680298,0.6234898018587336,0.8660254037844387,-0.4999999999999998,207.0,233.25,384.625,24.0,56.9,100.0,37.0,4.6,6.206961,0.0,19.5,20.67777779,31.85,31.5,31.5,31.5,32.55,0.6731851799999973,-0.1296296199999957,-0.1046666666666666,21.542666666666666,21.325333333333333,20.88209876,21.531777777777776,5.813546,5.796886,5.764126,5.813306,5.8500566,0,4.0,0,0.0,-0.5,10.3,89.7
2023-04-11 18:15:00,44.504053000004,0.0,0.0,20.67777779,21.325333333333333,32.55,0,5.1764362714980825,70.66250196097344,18,1,4,-1.0,-1.8369701987210294e-16,0.7818314824680298,0.6234898018587336,0.8660254037844387,-0.4999999999999998,166.75,210.0625,345.1041666666667,23.325,55.45,100.0,38.25,4.675,6.2672954,0.0,19.1,20.59444445666667,32.18333333333333,31.85,31.5,31.5,32.96666666666667,0.6475555433333327,-0.0870370300000011,-0.1126666666666658,21.438,21.218,20.77901235,21.43533333333333,5.8500566,5.813546,5.796886,5.764126,5.8962417,0,4.0,0,0.0,-0.52,10.7,89.3
2023-04-11 18:30:00,50.925740688888,0.0,0.0,20.59444445666667,21.218,32.96666666666667,0,5.1764362714980825,70.66250196097344,18,1,4,-1.0,-1.8369701987210294e-16,0.7818314824680298,0.6234898018587336,0.8660254037844387,-0.4999999999999998,126.5,181.1875,306.4791666666667,22.65,54.0,100.0,39.5,4.75,6.32099,0.0,18.7,20.51111112,32.55,32.18333333333333,31.85,31.5,33.0,0.6235555433333317,-0.0833333333333321,-0.107333333333333,21.325333333333333,21.040666666666667,20.67901235555556,21.327111111111112,5.8962417,5.8500566,5.813546,5.796886,5.8735967,0,4.0,0,0.0,-0.54,11.0,89.0
2023-04-11 18:45:00,66.260405111108,0.0,0.0,20.51111112,21.040666666666667,33.0,0,5.1764362714980825,70.66250196097344,18,1,4,-1.0,-1.8369701987210294e-16,0.7818314824680298,0.6234898018587336,0.8660254037844387,-0.4999999999999998,86.24999999999999,146.625,268.75,21.975,52.55,100.0,40.75,4.825,6.368286,0.0,18.3,20.427777756666668,32.96666666666667,32.55,32.18333333333333,31.85,33.0,0.5295555466666642,-0.0833333366666657,-0.1773333333333333,21.218,20.82933333333333,20.59444445555556,21.194666666666667,5.8735967,5.8962417,5.8500566,5.813546,5.84511,0,4.0,0,0.0,-0.56,11.5,88.5
2023-04-11 19:00:00,52.256520688892,0.0,0.0,20.427777756666668,20.82933333333333,33.0,0,5.1764362714980825,70.66250196097344,19,1,4,-0.9659258262890684,0.2588190451025203,0.7818314824680298,0.6234898018587336,0.8660254037844387,-0.4999999999999998,46.0,106.375,231.91666666666663,21.3,51.1,100.0,42.0,4.9,6.4094176,0.0,17.9,20.37222221,33.0,32.96666666666667,32.55,32.18333333333333,33.0,0.4015555766666665,-0.0833333633333346,-0.2113333333333322,21.040666666666667,20.656,20.511111111111116,21.029333333333337,5.84511,5.8735967,5.8962417,5.8500566,5.826183,0,4.0,0,0.0,-0.58,12.0,88.0
2023-04-11 19:15:00,108.003735127782,68.895299627778,68.91391,20.37222221,20.656,33.0,1,5.1764362714980825,70.66250196097344,19,1,4,-0.9659258262890684,0.2588190451025203,0.7818314824680298,0.6234898018587336,0.8660254037844387,-0.4999999999999998,36.0,73.6875,198.64583333333331,22.45,49.85,100.0,41.0,4.625,6.303524,0.0,18.025,20.622222253333334,33.0,33.0,32.96666666666667,32.55,33.0,0.283777790000002,-0.0555555466666675,-0.173333333333332,20.82933333333333,20.534666666666663,20.43703702888889,20.842,5.826183,5.84511,5.8735967,5.8962417,5.911767,0,3.0,1,0.25,-0.59,12.3,87.7
2023-04-11 19:30:00,72.103782449998,28.286090727778,28.299979055556,20.622222253333334,20.534666666666663,33.0,1,5.1764362714980825,70.66250196097344,19,1,4,-0.9659258262890684,0.2588190451025203,0.7818314824680298,0.6234898018587336,0.8660254037844387,-0.4999999999999998,26.0,48.5625,168.9375,23.6,48.6,100.0,40.0,4.35,6.1956463,0.0,18.15,20.72222222,33.0,33.0,33.0,32.96666666666667,33.0,-0.0875555866666673,0.2500000433333333,-0.1213333333333359,20.656,20.39733333333333,20.474074073333338,20.673333333333336,5.911767,5.826183,5.84511,5.8735967,5.946303,0,2.0,0,0.5,-0.53,10.9,89.1
2023-04-11 19:45:00,94.094569499996,0.0,0.0,20.72222222,20.39733333333333,33.0,0,5.1764362714980825,70.66250196097344,19,1,4,-0.9659258262890684,0.2588190451025203,0.7818314824680298,0.6234898018587336,0.8660254037844387,-0.4999999999999998,16.0,31.0,142.79166666666666,24.75,47.35,100.0,39.0,4.075,6.0857644,0.0,18.275,20.525925933333333,33.0,33.0,33.0,33.0,33.18333333333333,-0.3248888866666668,0.0999999666666653,-0.1373333333333342,20.534666666666663,20.23733333333333,20.57222222777777,20.529333333333337,5.946303,5.911767,5.826183,5.84511,5.9113317,1,2.0,1,0.5,-0.51,10.4,89.6
2023-04-11 20:00:00,203.348810188888,0.0,0.0,20.525925933333333,20.23733333333333,33.18333333333333,0,5.1764362714980825,70.66250196097344,20,1,4,-0.8660254037844386,0.5000000000000001,0.7818314824680298,0.6234898018587336,0.8660254037844387,-0.4999999999999998,6.0,21.0,120.20833333333331,25.9,46.1,100.0,38.0,3.8,5.9738564,0.0,18.4,20.44999996,33.0,33.0,33.0,33.0,34.0,-0.2885926000000012,-0.1962962866666657,-0.1600000000000001,20.39733333333333,20.07133333333333,20.623456802222226,20.389777777777777,5.9113317,5.946303,5.911767,5.826183,6.030047,0,2.0,0,0.5,-0.55,11.4,88.6
2023-04-11 20:15:00,321.831570622224,0.0,0.0,20.44999996,20.07133333333333,34.0,0,5.1764362714980825,70.66250196097344,20,1,4,-0.8660254037844386,0.5000000000000001,0.7818314824680298,0.6234898018587336,0.8660254037844387,-0.4999999999999998,4.5,13.125,98.95833333333331,25.9,48.35,100.0,38.75,3.825,6.010954,0.0,18.175,20.496296293333334,33.18333333333333,33.0,33.0,33.0,35.583333333333336,-0.3786666266666678,-0.0759259733333337,-0.1660000000000003,20.23733333333333,19.894,20.56604937111111,20.235333333333333,6.030047,5.9113317,5.946303,5.911767,6.3279276,0,3.0,0,0.25,-0.57,11.7,88.3
2023-04-11 20:30:00,623.102852688888,0.0,0.0,20.496296293333334,19.894,35.583333333333336,0,5.1764362714980825,70.66250196097344,20,1,4,-0.8660254037844386,0.5000000000000001,0.7818314824680298,0.6234898018587336,0.8660254037844387,-0.4999999999999998,3.0,7.375,79.04166666666667,25.9,50.6,100.0,39.5,3.85,6.045871,0.0,17.95,20.49444444,34.0,33.18333333333333,33.0,33.0,35.55,-0.6022962933333318,0.0462963333333341,-0.1773333333333298,20.07133333333333,19.715333333333334,20.49074072888889,20.06755555555556,6.3279276,6.030047,5.9113317,5.946303,6.3213153,0,4.0,0,0.0,-0.55,11.2,88.8
2023-04-11 20:45:00,606.430741833332,0.0,0.0,20.49444444,19.715333333333334,35.55,0,5.1764362714980825,70.66250196097344,20,1,4,-0.8660254037844386,0.5000000000000001,0.7818314824680298,0.6234898018587336,0.8660254037844387,-0.4999999999999998,1.5,3.75,60.458333333333336,25.9,52.85,100.0,40.25,3.875,6.0786543,0.0,17.725,20.427777756666668,35.583333333333336,34.0,33.18333333333333,33.0,34.56666666666667,-0.7791111066666652,-0.0018518533333349,-0.1786666666666683,19.894,19.590666666666667,20.48024689777778,19.893555555555555,6.3213153,6.3279276,6.030047,5.9113317,6.122605,0,4.0,0,0.0,-0.55,11.2,88.8
2023-04-11 21:00:00,116.38062233889,0.0,0.0,20.427777756666668,19.590666666666667,34.56666666666667,0,5.1764362714980825,70.66250196097344,21,1,4,-0.7071067811865477,0.7071067811865474,0.7818314824680298,0.6234898018587336,0.8660254037844387,-0.4999999999999998,0.0,2.25,43.208333333333336,25.9,55.1,100.0,41.0,3.9,6.1093483,0.0,17.5,20.34999998,35.55,35.583333333333336,34.0,33.18333333333333,34.5,-0.8371110900000005,-0.0666666833333309,-0.1246666666666662,19.715333333333334,19.43133333333333,20.47283949666667,19.73333333333333,6.122605,6.3213153,6.3279276,6.030047,6.0831113,0,4.0,0,0.0,-0.57,11.7,88.3
2023-04-11 21:15:00,128.572634822216,0.0,0.0,20.34999998,19.43133333333333,34.5,0,5.1764362714980825,70.66250196097344,21,1,4,-0.7071067811865477,0.7071067811865474,0.7818314824680298,0.6234898018587336,0.8660254037844387,-0.4999999999999998,0.0,1.125,29.3125,25.85,55.175,100.0,41.0,3.9,6.082037,0.0,17.425,20.31296295,34.56666666666667,35.55,35.583333333333336,34.0,34.5,-0.9186666466666652,-0.077777776666668,-0.1593333333333326,19.590666666666667,19.27,20.424074058888888,19.57911111111111,6.0831113,6.122605,6.3213153,6.3279276,6.069967,0,4.0,0,0.0,-0.59,12.2,87.8
2023-04-11 21:30:00,145.795556827778,0.0,0.0,20.31296295,19.27,34.5,0,5.1764362714980825,70.66250196097344,21,1,4,-0.7071067811865477,0.7071067811865474,0.7818314824680298,0.6234898018587336,0.8660254037844387,-0.4999999999999998,0.0,0.375,18.77083333333333,25.8,55.25,100.0,41.0,3.9,6.0548315,0.0,17.35,20.27222224,34.5,34.56666666666667,35.55,35.583333333333336,34.5,-1.0429629499999995,-0.0370370300000004,-0.1613333333333351,19.43133333333333,19.112666666666662,20.36358022888889,19.430666666666667,6.069967,6.0831113,6.122605,6.3213153,6.0555367,0,4.0,0,0.0,-0.59,12.4,87.6
2023-04-11 21:45:00,151.76670673889402,0.0,0.0,20.27222224,19.112666666666662,34.5,0,5.1764362714980825,70.66250196097344,21,1,4,-0.7071067811865477,0.7071067811865474,0.7818314824680298,0.6234898018587336,0.8660254037844387,-0.4999999999999998,0.0,0.0,11.583333333333334,25.75,55.325,100.0,41.0,3.9,6.027732,0.0,17.275,20.225925906666667,34.5,34.5,34.56666666666667,35.55,34.31666666666667,-1.1595555733333356,-0.0407407099999979,-0.1573333333333337,19.27,19.076666666666664,20.311728390000003,19.27133333333333,6.0555367,6.069967,6.0831113,6.122605,6.0070806,0,4.0,0,0.0,-0.6,12.6,87.4
2023-04-11 22:00:00,152.9363823,0.0,0.0,20.225925906666667,19.076666666666664,34.31666666666667,0,5.1764362714980825,70.66250196097344,22,1,4,-0.5000000000000004,0.8660254037844384,0.7818314824680298,0.6234898018587336,0.8660254037844387,-0.4999999999999998,0.0,0.0,7.75,25.7,55.4,100.0,41.0,3.9,6.0007377,0.0,17.2,20.19444446,34.5,34.5,34.5,34.56666666666667,34.05,-1.1492592400000028,-0.0462963333333341,-0.0360000000000013,19.112666666666662,19.032,20.270370365555557,19.153111111111112,6.0070806,6.0555367,6.069967,6.0831113,5.9494414,0,4.0,0,0.0,-0.62,12.9,87.1
2023-04-11 22:15:00,174.293305838886,39.927013955556,39.995344588888,20.19444446,19.032,34.05,1,5.1764362714980825,70.66250196097344,22,1,4,-0.5000000000000004,0.8660254037844384,0.7818314824680298,0.6234898018587336,0.8660254037844387,-0.4999999999999998,0.0,0.0,4.75,25.225,55.225,100.0,41.25,3.875,5.992298,0.0,17.075,20.372222253333334,34.31666666666667,34.5,34.5,34.5,34.28333333333333,-1.1624444599999997,-0.0314814466666675,-0.0446666666666644,19.076666666666664,18.964,20.23086420222222,19.073777777777774,5.9494414,6.0070806,6.0555367,6.069967,6.052757,0,3.0,1,0.25,-0.62,13.2,86.8
2023-04-11 22:30:00,183.156006816666,49.303027783334,49.371913927778,20.372222253333334,18.964,34.28333333333333,1,5.1764362714980825,70.66250196097344,22,1,4,-0.5000000000000004,0.8660254037844384,0.7818314824680298,0.6234898018587336,0.8660254037844387,-0.4999999999999998,0.0,0.0,2.583333333333333,24.75,55.05,100.0,41.5,3.85,5.9836044,0.0,16.95,20.55000004,34.05,34.31666666666667,34.5,34.5,34.0,-1.4082222533333315,0.177777793333334,-0.0679999999999978,19.032,18.89466666666667,20.26419754,19.02422222222222,6.052757,5.9494414,6.0070806,6.0555367,6.0653243,0,2.0,0,0.5,-0.58,12.1,87.9
2023-04-11 22:45:00,153.92578713889,0.0,0.0,20.55000004,18.89466666666667,34.0,0,5.1764362714980825,70.66250196097344,22,1,4,-0.5000000000000004,0.8660254037844384,0.7818314824680298,0.6234898018587336,0.8660254037844387,-0.4999999999999998,0.0,0.0,1.25,24.275,54.875,100.0,41.75,3.825,5.9746637,0.0,16.825,20.46296297,34.28333333333333,34.05,34.31666666666667,34.5,34.0,-1.655333373333331,0.1777777866666667,-0.0693333333333328,18.964,18.774,20.37222225111111,18.963555555555555,6.0653243,6.052757,5.9494414,6.0070806,6.034611,1,2.0,1,0.5,-0.54,11.1,88.9
2023-04-11 23:00:00,158.81170277778,0.0,0.0,20.46296297,18.774,34.0,0,5.1764362714980825,70.66250196097344,23,1,4,-0.2588190451025215,0.965925826289068,0.7818314824680298,0.6234898018587336,0.8660254037844387,-0.4999999999999998,0.0,0.0,0.75,23.8,54.7,100.0,42.0,3.8,5.965478,0.0,16.7,20.3888889,34.0,34.28333333333333,34.05,34.31666666666667,34.0,-1.6889629699999986,-0.0870370700000009,-0.1206666666666684,18.89466666666667,18.61733333333333,20.461728421111115,18.87755555555556,6.034611,6.0653243,6.052757,5.9494414,6.008578,0,2.0,0,0.5,-0.56,11.6,88.4
2023-04-11 23:15:00,149.985944805554,0.0,0.0,20.3888889,18.61733333333333,34.0,0,5.1764362714980825,70.66250196097344,23,1,4,-0.2588190451025215,0.965925826289068,0.7818314824680298,0.6234898018587336,0.8660254037844387,-0.4999999999999998,0.0,0.0,0.375,23.375,53.725,100.0,42.5,3.9,6.0274315,0.0,16.675,20.3888889,34.0,34.0,34.28333333333333,34.05,34.18333333333333,-1.7715555666666702,-0.0740740699999982,-0.1566666666666698,18.774,18.496,20.46728397,18.762,6.008578,6.034611,6.0653243,6.052757,6.0409775,0,3.0,0,0.25,-0.58,12.0,88.0
2023-04-11 23:30:00,149.042649322216,0.0,0.0,20.3888889,18.496,34.18333333333333,0,5.1764362714980825,70.66250196097344,23,1,4,-0.2588190451025215,0.965925826289068,0.7818314824680298,0.6234898018587336,0.8660254037844387,-0.4999999999999998,0.0,0.0,0.125,22.950000000000003,52.75,100.0,43.0,4.0,6.0891843,0.0,16.65,20.3888889,34.0,34.0,34.0,34.28333333333333,34.5,-1.8928889000000024,0.0,-0.1213333333333324,18.61733333333333,18.448,20.413580256666663,18.62911111111111,6.0409775,6.008578,6.034611,6.0653243,6.0969396,0,4.0,0,0.0,-0.58,12.0,88.0
2023-04-11 23:45:00,131.819171555552,0.0,0.0,20.3888889,18.448,34.5,0,5.1764362714980825,70.66250196097344,23,1,4,-0.2588190451025215,0.965925826289068,0.7818314824680298,0.6234898018587336,0.8660254037844387,-0.4999999999999998,0.0,0.0,0.0,22.525,51.775,100.0,43.5,4.1,6.150735,0.0,16.625,20.3888889,34.18333333333333,34.0,34.0,34.0,34.5,-1.940888900000001,0.0,-0.0479999999999982,18.496,18.441333333333333,20.3888889,18.520444444444443,6.0969396,6.0409775,6.008578,6.034611,6.0969396,0,4.0,0,0.0,-0.58,12.0,88.0
2023-04-12 00:00:00,64.20882021112,0.0,0.0,20.3888889,18.441333333333333,34.5,0,5.1764362714980825,70.66250196097344,0,2,4,0.0,1.0,0.9749279121818236,-0.2225209339563143,0.8660254037844387,-0.4999999999999998,0.0,0.0,0.0,22.1,50.8,100.0,44.0,4.2,6.2120857,0.0,16.6,20.38333334,34.5,34.18333333333333,34.0,34.0,34.5,-1.9475555666666688,0.0,-0.0066666666666677,18.448,18.41333333333333,20.3888889,18.46177777777778,6.0969396,6.0969396,6.0409775,6.008578,6.0949626,0,4.0,0,0.0,-0.58,12.0,88.0
2023-04-12 00:15:00,99.4668545,0.0,0.0,20.38333334,18.41333333333333,34.5,0,5.1764362714980825,70.66250196097344,0,2,4,0.0,1.0,0.9749279121818236,-0.2225209339563143,0.8660254037844387,-0.4999999999999998,0.0,0.0,0.0,21.275,49.8,100.0,45.0,4.35,6.27724,0.0,16.400000000000002,20.337037006666662,34.5,34.5,34.18333333333333,34.0,34.68333333333333,-1.970000006666666,-0.0055555600000012,-0.0279999999999986,18.441333333333333,18.366,20.387037046666663,18.43422222222222,6.0949626,6.0969396,6.0969396,6.0409775,6.1108093,0,4.0,0,0.0,-0.58,12.0,88.0
2023-04-12 00:30:00,338.76617114444,0.0,0.0,20.337037006666662,18.366,34.68333333333333,0,5.1764362714980825,70.66250196097344,0,2,4,0.0,1.0,0.9749279121818236,-0.2225209339563143,0.8660254037844387,-0.4999999999999998,0.0,0.0,0.0,20.45,48.8,100.0,46.0,4.5,6.3398237,0.0,16.200000000000003,20.3333333,34.5,34.5,34.5,34.18333333333333,35.0,-1.9710370066666665,-0.0462963333333341,-0.0473333333333343,18.41333333333333,18.33133333333333,20.369753082222225,18.40688888888889,6.1108093,6.0949626,6.0969396,6.0969396,6.1652684,0,4.0,0,0.0,-0.59,12.2,87.8
2023-04-12 00:45:00,73.645943027774,0.0,0.0,20.3333333,18.33133333333333,35.0,0,5.1764362714980825,70.66250196097344,0,2,4,0.0,1.0,0.9749279121818236,-0.2225209339563143,0.8660254037844387,-0.4999999999999998,0.0,0.0,0.0,19.625,47.8,100.0,47.0,4.65,6.399882,0.0,16.0,20.31296295,34.68333333333333,34.5,34.5,34.5,35.0,-2.00199996666667,-0.0037037066666663,-0.0346666666666699,18.366,18.28666666666667,20.35123454888889,18.37022222222222,6.1652684,6.1108093,6.0949626,6.0969396,6.1579375,0,4.0,0,0.0,-0.59,12.2,87.8
2023-04-12 01:00:00,81.092589566664,0.0,0.0,20.31296295,18.28666666666667,35.0,0,5.1764362714980825,70.66250196097344,1,2,4,0.2588190451025207,0.9659258262890684,0.9749279121818236,-0.2225209339563143,0.8660254037844387,-0.4999999999999998,0.0,0.0,0.0,18.8,46.8,100.0,48.0,4.8,6.4574623,0.0,15.8,20.2777778,35.0,34.68333333333333,34.5,34.5,35.0,-2.0262962833333305,-0.0203703500000003,-0.0446666666666608,18.33133333333333,18.248,20.32777775222222,18.328,6.1579375,6.1652684,6.1108093,6.0949626,6.1452928,0,4.0,0,0.0,-0.59,12.3,87.7
2023-04-12 01:15:00,80.760102866664,0.0,0.0,20.2777778,18.248,35.0,0,5.1764362714980825,70.66250196097344,1,2,4,0.2588190451025207,0.9659258262890684,0.9749279121818236,-0.2225209339563143,0.8660254037844387,-0.4999999999999998,0.0,0.0,0.0,18.425,45.1,100.0,49.0,4.875,6.4928885,0.0,15.55,20.2777778,35.0,35.0,34.68333333333333,34.5,35.0,-2.029777799999998,-0.0351851500000002,-0.0386666666666677,18.28666666666667,18.278,20.308024683333333,18.288666666666668,6.1452928,6.1579375,6.1652684,6.1108093,6.1452928,0,4.0,0,0.0,-0.6,12.5,87.5
2023-04-12 01:30:00,82.92057201110799,0.0,0.0,20.2777778,18.278,35.0,0,5.1764362714980825,70.66250196097344,1,2,4,0.2588190451025207,0.9659258262890684,0.9749279121818236,-0.2225209339563143,0.8660254037844387,-0.4999999999999998,0.0,0.0,0.0,18.05,43.4,100.0,50.0,4.949999999999999,6.5255947,0.0,15.3,20.2777778,35.0,35.0,35.0,34.68333333333333,35.35,-1.9997777999999968,0.0,0.0300000000000011,18.248,18.362,20.289506183333334,18.27088888888889,6.1452928,6.1452928,6.1579375,6.1652684,6.206745,0,4.0,0,0.0,-0.6,12.5,87.5
2023-04-12 01:45:00,86.069334888888,0.0,0.0,20.2777778,18.362,35.35,0,5.1764362714980825,70.66250196097344,1,2,4,0.2588190451025207,0.9659258262890684,0.9749279121818236,-0.2225209339563143,0.8660254037844387,-0.4999999999999998,0.0,0.0,0.0,17.675,41.7,100.0,51.0,5.025,6.555642,0.0,15.05,20.2777778,35.0,35.0,35.0,35.0,35.5,-1.9157777999999968,0.0,0.0839999999999996,18.278,17.762666666666668,20.2777778,18.296000000000003,6.206745,6.1452928,6.1452928,6.1579375,6.2330823,0,4.0,0,0.0,-0.6,12.5,87.5
2023-04-12 02:00:00,80.389840011104,0.0,0.0,20.2777778,17.762666666666668,35.5,0,5.1764362714980825,70.66250196097344,2,2,4,0.4999999999999999,0.8660254037844387,0.9749279121818236,-0.2225209339563143,0.8660254037844387,-0.4999999999999998,0.0,0.0,0.0,17.3,40.0,100.0,52.0,5.1,6.5830975,0.0,14.8,20.23888888,35.35,35.0,35.0,35.0,35.5,-2.515111133333331,0.0,-0.5993333333333339,18.362,16.796,20.2777778,18.134222222222224,6.2330823,6.206745,6.1452928,6.1452928,6.218933,0,4.0,0,0.0,-0.6,12.5,87.5
2023-04-12 02:15:00,66.894546377776,0.0,0.0,20.23888888,16.796,35.5,0,5.1764362714980825,70.66250196097344,2,2,4,0.4999999999999999,0.8660254037844387,0.9749279121818236,-0.2225209339563143,0.8660254037844387,-0.4999999999999998,0.0,0.0,0.0,17.1,39.175,100.0,53.0,5.1,6.6080213,0.0,14.55,20.2222222,35.5,35.35,35.0,35.0,35.5,-3.4428888800000017,-0.0388889199999979,-0.9666666666666686,17.762666666666668,16.278666666666666,20.26481482666667,17.64022222222222,6.218933,6.2330823,6.206745,6.1452928,6.212876,0,4.0,0,0.0,-0.61,12.7,87.3
2023-04-12 02:30:00,65.515990322224,0.0,0.0,20.2222222,16.278666666666666,35.5,0,5.1764362714980825,70.66250196097344,2,2,4,0.4999999999999999,0.8660254037844387,0.9749279121818236,-0.2225209339563143,0.8660254037844387,-0.4999999999999998,0.0,0.0,0.0,16.9,38.35,100.0,54.0,5.1,6.630476,0.0,14.3,20.21666665,35.5,35.5,35.35,35.0,35.5,-3.943555533333335,-0.0166666800000001,-0.5173333333333332,16.796,16.173333333333336,20.246296293333334,16.945777777777778,6.212876,6.218933,6.2330823,6.206745,6.21086,0,4.0,0,0.0,-0.61,12.8,87.2
2023-04-12 02:45:00,81.576736849998,0.0,0.0,20.21666665,16.173333333333336,35.5,0,5.1764362714980825,70.66250196097344,2,2,4,0.4999999999999999,0.8660254037844387,0.9749279121818236,-0.2225209339563143,0.8660254037844387,-0.4999999999999998,0.0,0.0,0.0,16.7,37.525000000000006,100.0,55.0,5.1,6.6505213,0.0,14.05,20.170370400000003,35.5,35.5,35.5,35.35,35.5,-4.043333316666665,-0.0055555500000004,-0.1053333333333306,16.278666666666666,16.295333333333335,20.225925910000004,16.416,6.21086,6.212876,6.218933,6.2330823,6.1940694,0,4.0,0,0.0,-0.61,12.8,87.2
2023-04-12 03:00:00,81.32341346667201,0.0,0.0,20.170370400000003,16.295333333333335,35.5,0,5.1764362714980825,70.66250196097344,3,2,4,0.7071067811865476,0.7071067811865476,0.9749279121818236,-0.2225209339563143,0.8660254037844387,-0.4999999999999998,0.0,0.0,0.0,16.5,36.7,100.0,56.0,5.1,6.668217,0.0,13.8,20.1666667,35.5,35.5,35.5,35.5,35.15,-3.875037066666668,-0.0462962499999974,0.1219999999999998,16.173333333333336,16.283333333333335,20.203086416666668,16.24911111111111,6.1940694,6.21086,6.212876,6.218933,6.1316743,0,4.0,0,0.0,-0.62,13.1,86.9
2023-04-12 03:15:00,67.490911305558,0.0,0.0,20.1666667,16.283333333333335,35.15,0,5.1764362714980825,70.66250196097344,3,2,4,0.7071067811865476,0.7071067811865476,0.9749279121818236,-0.2225209339563143,0.8660254037844387,-0.4999999999999998,0.0,0.0,0.0,16.5,36.425,100.0,57.0,5.05,6.6527886,0.0,13.475,20.1666667,35.5,35.5,35.5,35.5,35.0,-3.8833333666666654,-0.0037037000000026,-0.0120000000000004,16.295333333333335,16.16,20.18456791666667,16.250666666666667,6.1316743,6.1940694,6.21086,6.212876,6.105508,0,4.0,0,0.0,-0.62,13.2,86.8
2023-04-12 03:30:00,56.57079257778,0.0,0.0,20.1666667,16.16,35.0,0,5.1764362714980825,70.66250196097344,3,2,4,0.7071067811865476,0.7071067811865476,0.9749279121818236,-0.2225209339563143,0.8660254037844387,-0.4999999999999998,0.0,0.0,0.0,16.5,36.150000000000006,100.0,58.0,5.0,6.635009,0.0,13.15,20.16111111,35.15,35.5,35.5,35.5,35.0,-4.0066667,0.0,-0.1233333333333348,16.283333333333335,15.980666666666668,20.167901266666668,16.246222222222226,6.105508,6.1316743,6.1940694,6.21086,6.1035247,0,4.0,0,0.0,-0.63,13.2,86.8
2023-04-12 03:45:00,126.57632574444,84.163577772222,84.180521577776,20.16111111,15.980666666666668,35.0,2,5.1764362714980825,70.66250196097344,3,2,4,0.7071067811865476,0.7071067811865476,0.9749279121818236,-0.2225209339563143,0.8660254037844387,-0.4999999999999998,0.0,0.0,0.0,16.5,35.875,100.0,59.0,4.95,6.6149616,0.0,12.825,20.44259256666667,35.0,35.15,35.5,35.5,35.0,-4.180444443333332,-0.0055555900000001,-0.1793333333333322,16.16,15.854666666666668,20.164814836666668,16.141333333333336,6.1035247,6.105508,6.1316743,6.1940694,6.204719,0,3.0,1,0.25,-0.63,13.2,86.8
2023-04-12 04:00:00,44.426000772218,0.0,0.0,20.44259256666667,15.854666666666668,35.0,0,5.1764362714980825,70.66250196097344,4,2,4,0.8660254037844386,0.5000000000000001,0.9749279121818236,-0.2225209339563143,0.8660254037844387,-0.4999999999999998,0.0,0.0,0.0,16.5,35.6,100.0,60.0,4.9,6.5927334,0.0,12.5,20.44999997,35.0,35.0,35.15,35.5,35.0,-4.587925900000002,0.2814814566666683,-0.1260000000000012,15.980666666666668,15.674666666666669,20.25679012555556,15.998444444444443,6.204719,6.1035247,6.105508,6.1316743,6.2074013,1,3.0,1,0.25,-0.56,11.6,88.4
2023-04-12 04:15:00,67.075927972222,0.0,0.0,20.44999997,15.674666666666669,35.0,0,5.1764362714980825,70.66250196097344,4,2,4,0.8660254037844386,0.5000000000000001,0.9749279121818236,-0.2225209339563143,0.8660254037844387,-0.4999999999999998,0.0,0.0,0.0,16.275,35.35,100.0,60.5,4.775,6.545077,0.0,12.25,20.29999997,35.0,35.0,35.0,35.15,35.0,-4.775333303333333,0.0074074033333317,-0.1799999999999997,15.854666666666668,15.392,20.35123454888889,15.836666666666668,6.2074013,6.204719,6.1035247,6.105508,6.1532774,0,3.0,0,0.25,-0.56,11.5,88.5
2023-04-12 04:30:00,63.11164226666,0.0,0.0,20.29999997,15.392,35.0,0,5.1764362714980825,70.66250196097344,4,2,4,0.8660254037844386,0.5000000000000001,0.9749279121818236,-0.2225209339563143,0.8660254037844387,-0.4999999999999998,0.0,0.0,0.0,16.05,35.1,100.0,61.0,4.65,6.4971166,0.0,12.0,20.17777779,35.0,35.0,35.0,35.0,35.0,-4.907999969999999,-0.1500000000000021,-0.2826666666666675,15.674666666666669,15.238666666666663,20.39753083555556,15.640444444444446,6.1532774,6.2074013,6.204719,6.1035247,6.1094756,0,3.0,0,0.25,-0.59,12.4,87.6
2023-04-12 04:45:00,45.848443805554,0.0,0.0,20.17777779,15.238666666666663,35.0,0,5.1764362714980825,70.66250196097344,4,2,4,0.8660254037844386,0.5000000000000001,0.9749279121818236,-0.2225209339563143,0.8660254037844387,-0.4999999999999998,0.0,0.0,0.0,15.825,34.85,100.0,61.5,4.525,6.448872,0.0,11.75,20.09444445666667,35.0,35.0,35.0,35.0,35.0,-4.939111123333335,-0.1222221799999978,-0.1533333333333342,15.392,15.075333333333331,20.309259243333333,15.43511111111111,6.1094756,6.1532774,6.2074013,6.204719,6.0797653,0,4.0,0,0.0,-0.62,13.1,86.9
2023-04-12 05:00:00,64.463254683334,19.871982872222,19.881982488888,20.09444445666667,15.075333333333331,35.0,1,5.1764362714980825,70.66250196097344,5,2,4,0.9659258262890684,0.2588190451025207,0.9749279121818236,-0.2225209339563143,0.8660254037844387,-0.4999999999999998,0.0,0.0,0.0,15.6,34.6,100.0,62.0,4.4,6.4003596,0.0,11.5,20.12222223,35.0,35.0,35.0,35.0,34.95,-5.019111123333335,-0.0833333333333321,-0.1633333333333322,15.238666666666663,14.843333333333334,20.190740738888888,15.235333333333331,6.0797653,6.1094756,6.1532774,6.2074013,6.0809565,0,3.0,1,0.25,-0.64,13.6,86.4
2023-04-12 05:15:00,123.297290144444,74.906170266668,74.920891911112,20.12222223,14.843333333333334,34.95,2,5.1764362714980825,70.66250196097344,5,2,4,0.9659258262890684,0.2588190451025207,0.9749279121818236,-0.2225209339563143,0.8660254037844387,-0.4999999999999998,0.0,0.0,0.0,15.1,34.225,100.0,62.75,4.275,6.337078,0.0,11.15,20.39074073,35.0,35.0,35.0,35.0,34.35,-5.278888896666665,0.0277777733333302,-0.2319999999999993,15.075333333333331,14.481333333333334,20.131481492222225,15.052444444444443,6.0809565,6.0797653,6.1094756,6.1532774,6.071088,0,2.0,1,0.5,-0.63,13.4,86.6
2023-04-12 05:30:00,54.236997050002,0.0,0.0,20.39074073,14.481333333333334,34.35,0,5.1764362714980825,70.66250196097344,5,2,4,0.9659258262890684,0.2588190451025207,0.9749279121818236,-0.2225209339563143,0.8660254037844387,-0.4999999999999998,0.0,0.0,0.0,14.6,33.85,100.0,63.5,4.15,6.2731347,0.0,10.8,20.35555552,34.95,35.0,35.0,35.0,34.0,-5.909407396666667,0.2685185000000025,-0.3620000000000001,14.843333333333334,14.256,20.20246913888889,14.8,6.071088,6.0809565,6.0797653,6.1094756,5.9968944,1,2.0,1,0.5,-0.58,12.0,88.0
2023-04-12 05:45:00,60.600631427778,0.0,0.0,20.35555552,14.256,34.0,0,5.1764362714980825,70.66250196097344,5,2,4,0.9659258262890684,0.2588190451025207,0.9749279121818236,-0.2225209339563143,0.8660254037844387,-0.4999999999999998,0.0,0.0,0.0,14.1,33.475,100.0,64.25,4.025,6.2085805,0.0,10.45,20.188888870000003,34.35,34.95,35.0,35.0,34.0,-6.099555519999999,-0.0351852100000016,-0.2253333333333333,14.481333333333334,14.122666666666667,20.28950616,14.52688888888889,5.9968944,6.071088,6.0809565,6.0797653,5.938777,0,2.0,0,0.5,-0.59,12.2,87.8
2023-04-12 06:00:00,58.013234861114,0.0,0.0,20.188888870000003,14.122666666666667,34.0,0,5.1764362714980825,70.66250196097344,6,2,4,1.0,6.123233995736766e-17,0.9749279121818236,-0.2225209339563143,0.8660254037844387,-0.4999999999999998,0.0,0.0,0.0,13.6,33.1,100.0,65.0,3.9,6.1434674,0.0,10.1,20.06666669,34.0,34.35,34.95,35.0,34.0,-6.066222203333336,-0.1666666499999962,-0.1333333333333328,14.256,13.891333333333334,20.31172837333333,14.286666666666669,5.938777,5.9968944,6.071088,6.0809565,5.896466,0,3.0,0,0.25,-0.63,13.2,86.8
2023-04-12 06:15:00,299.062481372226,0.0,0.0,20.06666669,13.891333333333334,34.0,0,5.1764362714980825,70.66250196097344,6,2,4,1.0,6.123233995736766e-17,0.9749279121818236,-0.2225209339563143,0.8660254037844387,-0.4999999999999998,1.5,0.375,0.125,12.625,31.75,100.0,66.5,3.9,6.156948,0.0,9.775,20.003703706666663,34.0,34.0,34.35,34.95,34.18333333333333,-6.175333356666664,-0.1222221800000049,-0.2313333333333336,14.122666666666667,13.612666666666666,20.20370369333333,14.090000000000002,5.896466,5.938777,5.9968944,6.071088,5.9064507,0,4.0,0,0.0,-0.65,13.9,86.1
2023-04-12 06:30:00,98.224682055552,58.300167883334,58.316833916666,20.003703706666663,13.612666666666666,34.18333333333333,1,5.1764362714980825,70.66250196097344,6,2,4,1.0,6.123233995736766e-17,0.9749279121818236,-0.2225209339563143,0.8660254037844387,-0.4999999999999998,3.0,1.125,0.375,11.65,30.4,100.0,68.0,3.9,6.16698,0.0,9.45,20.17777776,34.0,34.0,34.0,34.35,34.15,-6.3910370400000005,-0.0629629833333318,-0.2786666666666679,13.891333333333334,13.365333333333332,20.08641975555556,13.875555555555556,5.9064507,5.896466,5.938777,5.9968944,5.9611034,0,3.0,1,0.25,-0.67,14.3,85.7
2023-04-12 06:45:00,105.258567288888,48.985262744444,49.000539949998,20.17777776,13.365333333333332,34.15,1,5.1764362714980825,70.66250196097344,6,2,4,1.0,6.123233995736766e-17,0.9749279121818236,-0.2225209339563143,0.8660254037844387,-0.4999999999999998,4.5,2.25,0.75,10.675,29.05,100.0,69.5,3.9,6.173686,0.0,9.125,20.38888885,34.18333333333333,34.0,34.0,34.0,34.0,-6.812444426666669,0.1740740533333351,-0.2473333333333336,13.612666666666666,13.186666666666667,20.082716052222224,13.62311111111111,5.9611034,5.9064507,5.896466,5.938777,6.008578,0,2.0,0,0.5,-0.63,13.3,86.7
2023-04-12 07:00:00,60.716460127778,0.0,0.0,20.38888885,13.186666666666667,34.0,0,5.1764362714980825,70.66250196097344,7,2,4,0.9659258262890684,-0.2588190451025206,0.9749279121818236,-0.2225209339563143,0.8660254037844387,-0.4999999999999998,6.0,3.75,1.25,9.7,27.7,100.0,71.0,3.9,6.1771793,0.0,8.8,20.24444442,34.15,34.18333333333333,34.0,34.0,34.0,-7.202222183333333,0.2111110899999992,-0.1786666666666647,13.365333333333332,13.063333333333334,20.19012343888889,13.38822222222222,6.008578,5.9611034,5.9064507,5.896466,5.958095,1,2.0,1,0.5,-0.58,12.0,88.0
2023-04-12 07:15:00,51.679599366668,0.0,0.0,20.24444442,13.063333333333334,34.0,0,5.1764362714980825,70.66250196097344,7,2,4,0.9659258262890684,-0.2588190451025206,0.9749279121818236,-0.2225209339563143,0.8660254037844387,-0.4999999999999998,31.75,11.3125,3.8958333333333335,9.275,25.45,86.0,70.5,4.175,6.312694,0.0,9.25,20.098148156666664,34.0,34.15,34.18333333333333,34.0,34.0,-7.181111086666663,-0.1444444300000036,-0.123333333333333,13.186666666666667,13.091333333333331,20.270370343333333,13.205111111111114,5.958095,6.008578,5.9611034,5.9064507,5.9073386,0,2.0,0,0.5,-0.61,12.9,87.1
2023-04-12 07:30:00,51.130176944444,0.0,0.0,20.098148156666664,13.091333333333331,34.0,0,5.1764362714980825,70.66250196097344,7,2,4,0.9659258262890684,-0.2588190451025206,0.9749279121818236,-0.2225209339563143,0.8660254037844387,-0.4999999999999998,57.5,24.9375,8.6875,8.85,23.2,72.0,70.0,4.45,6.4501767,0.0,9.7,20.0555556,34.0,34.0,34.15,34.18333333333333,34.35,-7.006814823333331,-0.1462962633333333,0.0279999999999986,13.063333333333334,13.183333333333334,20.24382714222222,13.11377777777778,5.9073386,5.958095,6.008578,5.9611034,5.953292,0,3.0,0,0.25,-0.65,13.7,86.3
2023-04-12 07:45:00,47.71114697778,0.0,0.0,20.0555556,13.183333333333334,34.35,0,5.1764362714980825,70.66250196097344,7,2,4,0.9659258262890684,-0.2588190451025206,0.9749279121818236,-0.2225209339563143,0.8660254037844387,-0.4999999999999998,83.25,44.625,15.625,8.425,20.95,58.0,69.5,4.725,6.5896277,0.0,10.15,20.07592595,34.0,34.0,34.0,34.15,34.31666666666667,-6.872222266666668,-0.042592556666662,0.0920000000000005,13.091333333333331,13.534,20.13271605888889,13.112666666666668,5.953292,5.9073386,5.958095,6.008578,5.95461,0,4.0,0,0.0,-0.65,14.0,86.0
2023-04-12 08:00:00,43.740472677772,0.0,0.0,20.07592595,13.534,34.31666666666667,0,5.1764362714980825,70.66250196097344,8,2,4,0.8660254037844387,-0.4999999999999998,0.9749279121818236,-0.2225209339563143,0.8660254037844387,-0.4999999999999998,109.0,70.375,24.70833333333333,8.0,18.7,44.0,69.0,5.0,6.7310424,0.0,10.6,20.25000001,34.35,34.0,34.0,34.0,34.0,-6.541925950000003,0.0203703500000003,0.3506666666666653,13.183333333333334,13.686,20.07654323555556,13.269555555555556,5.95461,5.953292,5.9073386,5.958095,5.9600296,0,4.0,0,0.0,-0.65,13.8,86.2
2023-04-12 08:15:00,64.438533572218,0.0,0.0,20.25000001,13.686,34.0,0,5.1764362714980825,70.66250196097344,8,2,4,0.8660254037844387,-0.4999999999999998,0.9749279121818236,-0.2225209339563143,0.8660254037844387,-0.4999999999999998,159.0,102.1875,37.958333333333336,7.475,18.7,40.0,66.0,4.9,6.675771,0.0,11.175,20.607407396666662,34.31666666666667,34.35,34.0,34.0,33.81666666666667,-6.564000010000001,0.1740740599999988,0.152000000000001,13.534,13.819333333333333,20.127160520000004,13.467777777777778,5.9600296,5.95461,5.953292,5.9073386,6.0528393,0,4.0,0,0.0,-0.61,12.8,87.2
2023-04-12 08:30:00,63.479127333336,0.0,0.0,20.607407396666662,13.819333333333333,33.81666666666667,0,5.1764362714980825,70.66250196097344,8,2,4,0.8660254037844387,-0.4999999999999998,0.9749279121818236,-0.2225209339563143,0.8660254037844387,-0.4999999999999998,209.0,140.0625,55.375,6.95,18.7,36.0,63.0,4.8,6.6061616,0.0,11.75,21.09444445,34.0,34.31666666666667,34.35,34.0,33.1,-6.788074063333333,0.3574073866666651,0.1333333333333328,13.686,14.254,20.31111111888889,13.679777777777778,6.0528393,5.9600296,5.95461,5.953292,6.0948095,0,4.0,0,0.0,-0.53,10.9,89.1
2023-04-12 08:45:00,43.903521555556,0.0,0.0,21.09444445,14.254,33.1,0,5.1764362714980825,70.66250196097344,8,2,4,0.8660254037844387,-0.4999999999999998,0.9749279121818236,-0.2225209339563143,0.8660254037844387,-0.4999999999999998,259.0,184.0,76.95833333333333,6.425000000000001,18.7,32.0,60.0,4.699999999999999,6.521365,0.0,12.325,21.54814813333333,33.81666666666667,34.0,34.31666666666667,34.35,32.35,-6.8404444500000015,0.487037053333335,0.4346666666666667,13.819333333333333,14.973999999999998,20.65061728555556,13.919777777777776,6.0948095,6.0528393,5.9600296,5.95461,6.115418,0,4.0,0,0.0,-0.42,8.7,91.3
2023-04-12 09:00:00,45.605397927778,0.0,0.0,21.54814813333333,14.973999999999998,32.35,0,5.1764362714980825,70.66250196097344,9,2,4,0.7071067811865476,-0.7071067811865475,0.9749279121818236,-0.2225209339563143,0.8660254037844387,-0.4999999999999998,309.0,234.0,102.70833333333331,5.9,18.7,28.0,57.0,4.6,6.420497,0.0,12.9,21.94444445,33.1,33.81666666666667,34.0,34.31666666666667,31.65,-6.574148133333333,0.4537036833333303,0.7199999999999989,14.254,15.197333333333331,21.083333326666665,14.349111111111108,6.115418,6.0948095,6.0528393,5.9600296,6.121636,0,4.0,0,0.0,-0.32,7.1,92.9
2023-04-12 09:15:00,53.170650955552,0.0,0.0,21.94444445,15.197333333333331,31.65,0,5.1764362714980825,70.66250196097344,9,2,4,0.7071067811865476,-0.7071067811865475,0.9749279121818236,-0.2225209339563143,0.8660254037844387,-0.4999999999999998,353.5,282.625,132.04166666666666,5.95,18.8,22.25,55.0,4.525,6.379878,0.0,13.375,22.205555553333333,32.35,33.1,33.81666666666667,34.0,31.316666666666663,-6.747111116666668,0.3962963166666675,0.2233333333333327,14.973999999999998,14.836666666666668,21.529012344444443,14.808444444444442,6.121636,6.115418,6.0948095,6.0528393,6.148979,0,4.0,0,0.0,-0.23,6.1,93.9
2023-04-12 09:30:00,57.424369716662,0.0,0.0,22.205555553333333,14.836666666666668,31.316666666666663,0,5.1764362714980825,70.66250196097344,9,2,4,0.7071067811865476,-0.7071067811865475,0.9749279121818236,-0.2225209339563143,0.8660254037844387,-0.4999999999999998,398.0,329.875,164.95833333333334,6.0,18.9,16.5,53.0,4.449999999999999,6.3304243,0.0,13.85,22.61111113,31.65,32.35,33.1,33.81666666666667,30.65,-7.3688888866666655,0.2611111033333344,-0.3606666666666633,15.197333333333331,15.238,21.899382712222224,15.002666666666665,6.148979,6.121636,6.115418,6.0948095,6.1599884,0,4.0,0,0.0,-0.17,5.6,94.4
2023-04-12 09:45:00,1030.099349977776,0.0,0.0,22.61111113,15.238,30.65,0,5.1764362714980825,70.66250196097344,9,2,4,0.7071067811865476,-0.7071067811865475,0.9749279121818236,-0.2225209339563143,0.8660254037844387,-0.4999999999999998,442.5,375.75,201.45833333333331,6.05,19.0,10.75,51.0,4.375,6.271711,0.0,14.325,23.04814813333333,31.316666666666663,31.65,32.35,33.1,30.866666666666667,-7.373111129999998,0.4055555766666643,0.4013333333333317,14.836666666666668,16.014,22.25370371111111,15.090666666666666,6.1599884,6.148979,6.121636,6.115418,6.3607917,0,4.0,0,0.0,-0.08,5.1,94.9
2023-04-12 10:00:00,156.048202355552,0.0,0.0,23.04814813333333,16.014,30.866666666666667,0,5.1764362714980825,70.66250196097344,10,2,4,0.4999999999999999,-0.8660254037844387,0.9749279121818236,-0.2225209339563143,0.8660254037844387,-0.4999999999999998,487.0,420.25,241.54166666666663,6.1,19.1,5.0,49.0,4.3,6.2033033,0.0,14.8,23.46111112,30.65,31.316666666666663,31.65,32.35,31.5,-7.034148133333332,0.4370370033333337,0.7759999999999998,15.238,16.703333333333333,22.62160493888889,15.36288888888889,6.3607917,6.1599884,6.148979,6.121636,6.6461687,0,4.0,0,0.0,0.02,5.0,95.0
2023-04-12 10:15:00,47.392548622224,0.0,0.0,23.46111112,16.703333333333333,31.5,0,5.1764362714980825,70.66250196097344,10,2,4,0.4999999999999999,-0.8660254037844387,0.9749279121818236,-0.2225209339563143,0.8660254037844387,-0.4999999999999998,527.5,463.75,282.8541666666667,6.225,19.55,3.75,48.25,4.45,6.2780876,0.0,15.25,23.82037036666667,30.866666666666667,30.65,31.316666666666663,31.65,31.5,-6.757777786666669,0.4129629866666704,0.6893333333333338,16.014,16.808666666666667,23.04012346111111,15.985111111111111,6.6461687,6.3607917,6.1599884,6.148979,6.7834816,0,4.0,0,0.0,0.13,5.3,94.7
2023-04-12 10:30:00,36.626868050006,0.0,0.0,23.82037036666667,16.808666666666667,31.5,0,5.1764362714980825,70.66250196097344,10,2,4,0.4999999999999999,-0.8660254037844387,0.9749279121818236,-0.2225209339563143,0.8660254037844387,-0.4999999999999998,568.0,506.25,325.3958333333333,6.35,20.0,2.5,47.5,4.6,6.351616,0.0,15.7,24.07777776,31.5,30.866666666666667,30.65,31.316666666666663,31.5,-7.011703700000002,0.3592592466666673,0.1053333333333341,16.703333333333333,18.054666666666662,23.44320987333333,16.508666666666667,6.7834816,6.6461687,6.3607917,6.1599884,6.8833647,0,4.0,0,0.0,0.21,5.9,94.1
2023-04-12 10:45:00,47.222833161114,0.0,0.0,24.07777776,18.054666666666662,31.5,0,5.1764362714980825,70.66250196097344,10,2,4,0.4999999999999999,-0.8660254037844387,0.9749279121818236,-0.2225209339563143,0.8660254037844387,-0.4999999999999998,608.5,547.75,369.1666666666667,6.475,20.45,1.25,46.75,4.75,6.4237757,0.0,16.150000000000002,24.34814816,31.5,31.5,30.866666666666667,30.65,31.5,-6.023111093333334,0.2574073933333309,1.2459999999999989,16.808666666666667,18.414,23.786419748888893,17.188888888888886,6.8833647,6.7834816,6.6461687,6.3607917,6.9896455,0,4.0,0,0.0,0.27,6.5,93.5
2023-04-12 11:00:00,694.979421911112,0.0,0.0,24.34814816,18.414,31.5,0,5.1764362714980825,70.66250196097344,11,2,4,0.258819045102521,-0.9659258262890682,0.9749279121818236,-0.2225209339563143,0.8660254037844387,-0.4999999999999998,649.0,588.25,414.1666666666667,6.6,20.9,0.0,46.0,4.9,6.494454,0.0,16.6,24.63888891,31.5,31.5,31.5,30.866666666666667,31.15,-5.934148160000003,0.2703704000000009,0.3593333333333319,18.054666666666662,18.48933333333333,24.082098762222227,17.75911111111111,6.9896455,6.8833647,6.7834816,6.6461687,7.026562,0,4.0,0,0.0,0.34,7.4,92.6
2023-04-12 11:15:00,48.312511805558,0.0,0.0,24.63888891,18.48933333333333,31.15,0,5.1764362714980825,70.66250196097344,11,2,4,0.258819045102521,-0.9659258262890682,0.9749279121818236,-0.2225209339563143,0.8660254037844387,-0.4999999999999998,678.5,626.0,457.4583333333333,7.025,21.7,0.0,45.25,5.15,6.602969,0.0,17.150000000000002,24.95555556,31.5,31.5,31.5,31.5,30.816666666666663,-6.149555576666668,0.2907407499999976,0.075333333333333,18.414,19.433333333333334,24.35493827666667,18.319333333333333,7.026562,6.9896455,6.8833647,6.7834816,7.076675,0,4.0,0,0.0,0.4,8.4,91.6
2023-04-12 11:30:00,60.674239616666,0.0,0.0,24.95555556,19.433333333333334,30.816666666666663,0,5.1764362714980825,70.66250196097344,11,2,4,0.258819045102521,-0.9659258262890682,0.9749279121818236,-0.2225209339563143,0.8660254037844387,-0.4999999999999998,708.0,661.0,499.0416666666667,7.45,22.5,0.0,44.5,5.4,6.7104897,0.0,17.700000000000003,25.28888887,31.15,31.5,31.5,31.5,30.1,-5.522222226666667,0.3166666500000019,0.9440000000000026,18.48933333333333,20.59333333333333,24.647530876666668,18.77888888888889,7.076675,7.026562,6.9896455,6.8833647,7.0429864,0,4.0,0,0.0,0.48,9.7,90.3
2023-04-12 11:45:00,218.52486973889,0.0,0.0,25.28888887,20.59333333333333,30.1,0,5.1764362714980825,70.66250196097344,11,2,4,0.258819045102521,-0.9659258262890682,0.9749279121818236,-0.2225209339563143,0.8660254037844387,-0.4999999999999998,737.5,693.25,538.9166666666666,7.875,23.3,0.0,43.75,5.65,6.8168545,0.0,18.25,25.622222253333334,30.816666666666663,31.15,31.5,31.5,29.53333333333333,-4.695555536666671,0.3333333100000004,1.1599999999999966,19.433333333333334,20.002666666666663,24.96111111333333,19.50533333333333,7.0429864,7.076675,7.026562,6.9896455,7.040908,0,4.0,0,0.0,0.55,11.3,88.7
2023-04-12 12:00:00,114.664302144444,0.0,0.0,25.622222253333334,20.002666666666663,29.53333333333333,0,5.1764362714980825,70.66250196097344,12,2,4,1.2246467991473532e-16,-1.0,0.9749279121818236,-0.2225209339563143,0.8660254037844387,-0.4999999999999998,767.0,722.75,577.0833333333334,8.3,24.1,0.0,43.0,5.9,6.9218907,0.0,18.8,25.87222224,30.1,30.816666666666663,31.15,31.5,29.15,-5.619555586666667,0.3333333833333327,-0.5906666666666638,20.59333333333333,20.258666666666667,25.288888894444444,20.00977777777777,7.040908,7.0429864,7.076675,7.026562,7.047508,0,4.0,0,0.0,0.62,13.2,86.8
2023-04-12 12:15:00,43.11216427778,0.0,0.0,25.87222224,20.258666666666667,29.15,0,5.1764362714980825,70.66250196097344,12,2,4,1.2246467991473532e-16,-1.0,0.9749279121818236,-0.2225209339563143,0.8660254037844387,-0.4999999999999998,782.75,748.8125,612.8541666666666,8.775,25.0,0.0,42.75,6.275,7.066825,0.0,19.25,26.105555573333334,29.53333333333333,30.1,30.816666666666663,31.15,28.816666666666663,-5.613555573333333,0.2499999866666655,0.2560000000000002,20.002666666666663,21.244,25.59444445444445,20.284888888888887,7.047508,7.040908,7.0429864,7.076675,7.058389,0,4.0,0,0.0,0.68,14.8,85.2
2023-04-12 12:30:00,46.070657066668,0.0,0.0,26.105555573333334,21.244,28.816666666666663,0,5.1764362714980825,70.66250196097344,12,2,4,1.2246467991473532e-16,-1.0,0.9749279121818236,-0.2225209339563143,0.8660254037844387,-0.4999999999999998,798.5,771.4375,646.2291666666666,9.25,25.9,0.0,42.5,6.65,7.213873,0.0,19.700000000000003,26.35,29.15,29.53333333333333,30.1,30.816666666666663,28.5,-4.861555573333337,0.2333333333333342,0.9853333333333296,20.258666666666667,21.555333333333337,25.866666688888888,20.50177777777777,7.058389,7.047508,7.040908,7.0429864,7.076696,0,4.0,0,0.0,0.73,16.3,83.7
2023-04-12 12:45:00,52.360961027778,0.0,0.0,26.35,21.555333333333337,28.5,0,5.1764362714980825,70.66250196097344,12,2,4,1.2246467991473532e-16,-1.0,0.9749279121818236,-0.2225209339563143,0.8660254037844387,-0.4999999999999998,814.25,790.625,677.2083333333334,9.725,26.8,0.0,42.25,7.025,7.3630395,0.0,20.15,26.49259259333333,28.816666666666663,29.15,29.53333333333333,30.1,28.5,-4.794666666666664,0.2444444266666678,0.3113333333333408,21.244,22.057333333333336,26.109259271111117,21.01933333333333,7.076696,7.058389,7.047508,7.040908,7.1331434,0,4.0,0,0.0,0.79,18.2,81.8
2023-04-12 13:00:00,52.478178672218,0.0,0.0,26.49259259333333,22.057333333333336,28.5,0,5.1764362714980825,70.66250196097344,13,2,4,-0.2588190451025208,-0.9659258262890684,0.9749279121818236,-0.2225209339563143,0.8660254037844387,-0.4999999999999998,830.0,806.375,705.7916666666666,10.2,27.7,0.0,42.0,7.4,7.5143285,0.0,20.6,26.53333336,28.5,28.816666666666663,29.15,29.53333333333333,28.85,-4.435259259999995,0.1425925933333296,0.5019999999999989,21.555333333333337,22.87,26.31604938888889,21.61888888888889,7.1331434,7.076696,7.058389,7.047508,7.237142,0,4.0,0,0.0,0.82,19.3,80.7
2023-04-12 13:15:00,43.463261383334,0.0,0.0,26.53333336,22.87,28.85,0,5.1764362714980825,70.66250196097344,13,2,4,-0.2588190451025208,-0.9659258262890684,0.9749279121818236,-0.2225209339563143,0.8660254037844387,-0.4999999999999998,831.0,818.4375,731.0833333333334,10.75,28.7,0.0,42.0,7.7,7.6689763,0.0,20.950000000000003,26.503703706666663,28.5,28.5,28.816666666666663,29.15,29.0,-3.663333359999996,0.0407407666666657,0.8126666666666651,22.057333333333336,23.159333333333333,26.458641984444444,22.16088888888889,7.237142,7.1331434,7.076696,7.058389,7.2627788,0,4.0,0,0.0,0.84,19.8,80.2
2023-04-12 13:30:00,36.503817505558,0.0,0.0,26.503703706666663,23.159333333333333,29.0,0,5.1764362714980825,70.66250196097344,13,2,4,-0.2588190451025208,-0.9659258262890684,0.9749279121818236,-0.2225209339563143,0.8660254037844387,-0.4999999999999998,832.0,826.8125,753.0833333333334,11.3,29.7,0.0,42.0,8.0,7.826371,0.0,21.3,26.41666667,28.85,28.5,28.5,28.816666666666663,29.35,-3.3443703733333336,-0.0296296533333304,0.2893333333333316,22.87,23.320666666666668,26.50987655333333,22.69555555555556,7.2627788,7.237142,7.1331434,7.076696,7.314884,0,4.0,0,0.0,0.83,19.6,80.4
2023-04-12 13:45:00,38.715951399996,0.0,0.0,26.41666667,23.320666666666668,29.35,0,5.1764362714980825,70.66250196097344,13,2,4,-0.2588190451025208,-0.9659258262890684,0.9749279121818236,-0.2225209339563143,0.8660254037844387,-0.4999999999999998,833.0,831.5,771.7916666666666,11.85,30.7,0.0,42.0,8.3,7.9865522,0.0,21.65,26.296296270000003,29.0,28.85,28.5,28.5,29.683333333333334,-3.09600000333333,-0.0870370366666684,0.1613333333333351,23.159333333333333,23.95533333333333,26.48456791222222,23.11666666666667,7.314884,7.2627788,7.237142,7.1331434,7.3484864,0,4.0,0,0.0,0.81,18.9,81.1
2023-04-12 14:00:00,57.405203816662,0.0,0.0,26.296296270000003,23.95533333333333,29.683333333333334,0,5.1764362714980825,70.66250196097344,14,2,4,-0.4999999999999997,-0.8660254037844388,0.9749279121818236,-0.2225209339563143,0.8660254037844387,-0.4999999999999998,834.0,832.5,787.2083333333334,12.4,31.7,0.0,42.0,8.6,8.149564,0.0,22.0,26.17222224,29.35,29.0,28.85,28.5,30.35,-2.3409629366666707,-0.1203703999999952,0.6346666666666643,23.320666666666668,24.094666666666665,26.405555548888888,23.478444444444445,7.3484864,7.314884,7.2627788,7.237142,7.4616914,0,4.0,0,0.0,0.79,18.1,81.9
2023-04-12 14:15:00,52.131525805554,0.0,0.0,26.17222224,24.094666666666665,30.35,0,5.1764362714980825,70.66250196097344,14,2,4,-0.4999999999999997,-0.8660254037844388,0.9749279121818236,-0.2225209339563143,0.8660254037844387,-0.4999999999999998,820.0,829.75,799.0,12.9,32.325,0.0,41.75,8.775,8.242219,0.0,22.3,26.00185188333333,29.683333333333334,29.35,29.0,28.85,30.683333333333334,-2.077555573333335,-0.1240740300000027,0.1393333333333331,23.95533333333333,24.64,26.29506172666667,23.790222222222223,7.4616914,7.3484864,7.314884,7.2627788,7.4721894,0,4.0,0,0.0,0.76,17.3,82.7
2023-04-12 14:30:00,41.338346416666,0.0,0.0,26.00185188333333,24.64,30.683333333333334,0,5.1764362714980825,70.66250196097344,14,2,4,-0.4999999999999997,-0.8660254037844388,0.9749279121818236,-0.2225209339563143,0.8660254037844387,-0.4999999999999998,806.0,823.25,807.1666666666666,13.4,32.95,0.0,41.5,8.95,8.335289,0.0,22.6,25.80000002,30.35,29.683333333333334,29.35,29.0,31.05,-1.3618518833333333,-0.1703703566666661,0.5453333333333354,24.094666666666665,24.918,26.156790131111112,24.23,7.4721894,7.4616914,7.3484864,7.314884,7.4765835,0,4.0,0,0.0,0.72,16.1,83.9
2023-04-12 14:45:00,48.000579866668,0.0,0.0,25.80000002,24.918,31.05,0,5.1764362714980825,70.66250196097344,14,2,4,-0.4999999999999997,-0.8660254037844388,0.9749279121818236,-0.2225209339563143,0.8660254037844387,-0.4999999999999998,792.0,813.0,811.7083333333334,13.9,33.575,0.0,41.25,9.125,8.42877,0.0,22.9,25.612962983333333,30.683333333333334,30.35,29.683333333333334,29.35,31.466666666666665,-0.8820000200000031,-0.2018518633333315,0.2779999999999987,24.64,25.038666666666664,25.99135804777778,24.55088888888889,7.4765835,7.4721894,7.4616914,7.3484864,7.4979305,0,4.0,0,0.0,0.68,14.7,85.3
2023-04-12 15:00:00,36.576592311116,0.0,0.0,25.612962983333333,25.038666666666664,31.466666666666665,0,5.1764362714980825,70.66250196097344,15,2,4,-0.7071067811865471,-0.7071067811865479,0.9749279121818236,-0.2225209339563143,0.8660254037844387,-0.4999999999999998,778.0,799.0,812.625,14.4,34.2,0.0,41.0,9.3,8.522642,0.0,23.2,25.19999999,31.05,30.683333333333334,30.35,29.683333333333334,31.9,-0.5742963166666684,-0.1870370366666698,0.1206666666666649,24.918,25.172,25.80493829555556,24.86555555555556,7.4979305,7.4765835,7.4721894,7.4616914,7.4269514,0,4.0,0,0.0,0.64,13.5,86.5
2023-04-12 15:15:00,39.000662127778,0.0,0.0,25.19999999,25.172,31.9,0,5.1764362714980825,70.66250196097344,15,2,4,-0.7071067811865471,-0.7071067811865479,0.9749279121818236,-0.2225209339563143,0.8660254037844387,-0.4999999999999998,750.5,781.625,809.9375,15.325,35.725,1.0,40.25,9.225,8.486949,0.0,23.45,24.72962961,31.466666666666665,31.05,30.683333333333334,30.35,32.65,-0.0279999899999978,-0.4129629933333341,0.1333333333333364,25.038666666666664,25.454666666666665,25.537654331111117,25.04288888888889,7.4269514,7.4979305,7.4765835,7.4721894,7.402754,0,4.0,0,0.0,0.54,11.2,88.8
2023-04-12 15:30:00,64.089103016666,0.0,0.0,24.72962961,25.454666666666665,32.65,0,5.1764362714980825,70.66250196097344,15,2,4,-0.7071067811865471,-0.7071067811865479,0.9749279121818236,-0.2225209339563143,0.8660254037844387,-0.4999999999999998,723.0,760.875,803.6458333333334,16.25,37.25,2.0,39.5,9.15,8.448241,0.0,23.7,24.32222224,31.9,31.466666666666665,31.05,30.683333333333334,33.4,0.7250370566666646,-0.4703703799999985,0.2826666666666639,25.172,25.65666666666667,25.18086419444445,25.221777777777778,7.402754,7.4269514,7.4979305,7.4765835,7.4003716,0,4.0,0,0.0,0.44,9.0,91.0
2023-04-12 15:45:00,50.483258405554,0.0,0.0,24.32222224,25.65666666666667,33.4,0,5.1764362714980825,70.66250196097344,15,2,4,-0.7071067811865471,-0.7071067811865479,0.9749279121818236,-0.2225209339563143,0.8660254037844387,-0.4999999999999998,695.5,736.75,793.75,17.175,38.775,3.0,38.75,9.075,8.406443,0.0,23.95,24.02962964,32.65,31.9,31.466666666666665,31.05,33.96666666666667,1.3344444266666713,-0.4074073700000014,0.2020000000000053,25.454666666666665,25.981333333333332,24.75061728,25.427777777777777,7.4003716,7.402754,7.4269514,7.4979305,7.4021306,0,4.0,0,0.0,0.34,7.5,92.5
2023-04-12 16:00:00,36.72880853889,0.0,0.0,24.02962964,25.981333333333332,33.96666666666667,0,5.1764362714980825,70.66250196097344,16,2,4,-0.8660254037844385,-0.5000000000000004,0.9749279121818236,-0.2225209339563143,0.8660254037844387,-0.4999999999999998,668.0,709.25,780.25,18.1,40.3,4.0,38.0,9.0,8.361491,0.0,24.2,23.81111111,33.4,32.65,31.9,31.466666666666665,34.35,1.951703693333336,-0.292592599999999,0.3246666666666655,25.65666666666667,26.066,24.36049383,25.69755555555556,7.4021306,7.4003716,7.402754,7.4269514,7.393332,0,4.0,0,0.0,0.28,6.6,93.4
2023-04-12 16:15:00,46.73507485556,0.0,0.0,23.81111111,26.066,34.35,0,5.1764362714980825,70.66250196097344,16,2,4,-0.8660254037844385,-0.5000000000000004,0.9749279121818236,-0.2225209339563143,0.8660254037844387,-0.4999999999999998,628.25,678.6875,763.3541666666666,18.15,40.925,3.0,37.75,8.875,8.271238,0.0,24.125,23.581481476666667,33.96666666666667,33.4,32.65,31.9,34.68333333333333,2.2548888899999966,-0.2185185299999972,0.0846666666666635,25.981333333333332,26.09466666666667,24.054320996666664,25.901333333333337,7.393332,7.4021306,7.4003716,7.402754,7.36818,0,4.0,0,0.0,0.23,6.1,93.9
2023-04-12 16:30:00,40.49310237778,0.0,0.0,23.581481476666667,26.09466666666667,34.68333333333333,0,5.1764362714980825,70.66250196097344,16,2,4,-0.8660254037844385,-0.5000000000000004,0.9749279121818236,-0.2225209339563143,0.8660254037844387,-0.4999999999999998,588.5,645.0625,743.0625,18.200000000000003,41.55,2.0,37.5,8.75,8.18158,0.0,24.05,23.40555556,34.35,33.96666666666667,33.4,32.65,35.05,2.513185190000001,-0.2296296333333352,0.0286666666666697,26.066,25.92866666666667,23.80740740888889,26.04733333333333,7.36818,7.393332,7.4021306,7.4003716,7.371796,0,4.0,0,0.0,0.18,5.7,94.3
2023-04-12 16:45:00,52.655949227778,0.0,0.0,23.40555556,25.92866666666667,35.05,0,5.1764362714980825,70.66250196097344,16,2,4,-0.8660254037844385,-0.5000000000000004,0.9749279121818236,-0.2225209339563143,0.8660254037844387,-0.4999999999999998,548.75,608.375,719.375,18.25,42.175,1.0,37.25,8.625,8.092512,0.0,23.975,23.21296296333333,34.68333333333333,34.35,33.96666666666667,33.4,35.46666666666667,2.5231111066666685,-0.1759259166666673,-0.1660000000000003,26.09466666666667,26.02733333333333,23.59938271555556,26.029777777777777,7.371796,7.36818,7.393332,7.4021306,7.377894,0,4.0,0,0.0,0.14,5.4,94.6
2023-04-12 17:00:00,286.062445927778,0.0,0.0,23.21296296333333,26.02733333333333,35.46666666666667,0,5.1764362714980825,70.66250196097344,17,2,4,-0.9659258262890684,-0.2588190451025206,0.9749279121818236,-0.2225209339563143,0.8660254037844387,-0.4999999999999998,509.0,568.625,692.2916666666666,18.3,42.8,0.0,37.0,8.5,8.004035,0.0,23.9,23.07777781,35.05,34.68333333333333,34.35,33.96666666666667,35.55,2.814370369999999,-0.1925925966666675,0.0986666666666629,25.92866666666667,25.978,23.4,26.01688888888889,7.377894,7.371796,7.36818,7.393332,7.338323,0,4.0,0,0.0,0.09,5.2,94.8
2023-04-12 17:15:00,39.848405983334,0.0,0.0,23.07777781,25.978,35.55,0,5.1764362714980825,70.66250196097344,17,2,4,-0.9659258262890684,-0.2588190451025206,0.9749279121818236,-0.2225209339563143,0.8660254037844387,-0.4999999999999998,467.0,528.3125,662.875,17.0,42.275,0.0,38.75,8.85,8.264283,0.0,23.65,22.93148146333333,35.46666666666667,35.05,34.68333333333333,34.35,35.96666666666667,2.900222190000001,-0.1351851533333317,-0.0493333333333296,26.02733333333333,25.834,23.23209877777778,25.978,7.338323,7.377894,7.371796,7.36818,7.3624606,0,4.0,0,0.0,0.06,5.1,94.9
2023-04-12 17:30:00,36.594924927782,0.0,0.0,22.93148146333333,25.834,35.96666666666667,0,5.1764362714980825,70.66250196097344,17,2,4,-0.9659258262890684,-0.2588190451025206,0.9749279121818236,-0.2225209339563143,0.8660254037844387,-0.4999999999999998,425.0,487.4375,631.125,15.7,41.75,0.0,40.5,9.2,8.515354,0.0,23.4,22.80000002,35.55,35.46666666666667,35.05,34.68333333333333,36.0,2.902518536666665,-0.1462963466666664,-0.1440000000000019,25.978,25.67866666666667,23.07407407888889,25.94644444444444,7.3624606,7.338323,7.377894,7.371796,7.3140087,0,4.0,0,0.0,0.03,5.0,95.0
2023-04-12 17:45:00,42.81134289445,0.0,0.0,22.80000002,25.67866666666667,36.0,0,5.1764362714980825,70.66250196097344,17,2,4,-0.9659258262890684,-0.2588190451025206,0.9749279121818236,-0.2225209339563143,0.8660254037844387,-0.4999999999999998,383.0,446.0,597.0416666666666,14.4,41.225,0.0,42.25,9.55,8.75743,0.0,23.15,22.63333337,35.96666666666667,35.55,35.46666666666667,35.05,36.0,2.878666646666666,-0.1314814433333317,-0.1553333333333313,25.834,25.674666666666667,22.936419764444448,25.830222222222226,7.3140087,7.3624606,7.338323,7.377894,7.2444544,0,4.0,0,0.0,-0.0,5.0,95.0
2023-04-12 18:00:00,51.752929783334,0.0,0.0,22.63333337,25.674666666666667,36.0,0,5.1764362714980825,70.66250196097344,18,2,4,-1.0,-1.8369701987210294e-16,0.9749279121818236,-0.2225209339563143,0.8660254037844387,-0.4999999999999998,341.0,404.0,560.625,13.1,40.7,0.0,44.0,9.9,8.990688,0.0,22.9,22.50555557,36.0,35.96666666666667,35.55,35.46666666666667,36.05,3.041333296666668,-0.1666666500000033,-0.0040000000000013,25.67866666666667,25.441333333333333,22.78827161777778,25.729111111111116,7.2444544,7.3140087,7.3624606,7.338323,7.201507,0,4.0,0,0.0,-0.04,5.0,95.0
2023-04-12 18:15:00,52.284297411112,0.0,0.0,22.50555557,25.441333333333333,36.05,0,5.1764362714980825,70.66250196097344,18,2,4,-1.0,-1.8369701987210294e-16,0.9749279121818236,-0.2225209339563143,0.8660254037844387,-0.4999999999999998,294.75,360.9375,522.6458333333334,12.575,37.55,0.25,46.0,10.0,9.094311,0.0,22.325,22.37592592,36.0,36.0,35.96666666666667,35.55,36.46666666666667,2.93577776333333,-0.1277777999999969,-0.2333333333333342,25.674666666666667,25.13,22.646296320000005,25.598222222222223,7.201507,7.2444544,7.3140087,7.3624606,7.230688,0,4.0,0,0.0,-0.07,5.1,94.9
2023-04-12 18:30:00,45.767335833336,0.0,0.0,22.37592592,25.13,36.46666666666667,0,5.1764362714980825,70.66250196097344,18,2,4,-1.0,-1.8369701987210294e-16,0.9749279121818236,-0.2225209339563143,0.8660254037844387,-0.4999999999999998,248.5,316.8125,483.1041666666667,12.05,34.400000000000006,0.5,48.0,10.1,9.180387,0.0,21.75,22.28888889,36.05,36.0,36.0,35.96666666666667,36.85,2.7540740799999988,-0.1296296500000018,-0.3113333333333337,25.441333333333333,25.00133333333333,22.50493828666667,25.415333333333333,7.230688,7.201507,7.2444544,7.3140087,7.27022,0,4.0,0,0.0,-0.1,5.2,94.8
2023-04-12 18:45:00,43.843523822228,0.0,0.0,22.28888889,25.00133333333333,36.85,0,5.1764362714980825,70.66250196097344,18,2,4,-1.0,-1.8369701987210294e-16,0.9749279121818236,-0.2225209339563143,0.8660254037844387,-0.4999999999999998,202.25,271.625,442.0,11.525,31.25,0.75,50.0,10.2,9.249809,0.0,21.175,22.18518517,36.46666666666667,36.05,36.0,36.0,37.0,2.7124444433333323,-0.0870370300000011,-0.1286666666666676,25.13,24.712,22.39012346,25.19088888888889,7.27022,7.230688,7.201507,7.2444544,7.2563815,0,4.0,0,0.0,-0.12,5.3,94.7
2023-04-12 19:00:00,36.566870450006,0.0,0.0,22.18518517,24.712,37.0,0,5.1764362714980825,70.66250196097344,19,2,4,-0.9659258262890684,0.2588190451025203,0.9749279121818236,-0.2225209339563143,0.8660254037844387,-0.4999999999999998,156.0,225.375,399.3333333333333,11.0,28.1,1.0,52.0,10.3,9.303454,0.0,20.6,22.06666669,36.85,36.46666666666667,36.05,36.0,37.0,2.5268148299999997,-0.1037037199999986,-0.2893333333333316,25.00133333333333,24.388,22.283333326666668,24.947777777777777,7.2563815,7.27022,7.230688,7.201507,7.207017,0,4.0,0,0.0,-0.14,5.4,94.6
2023-04-12 19:15:00,41.148631588896,0.0,0.0,22.06666669,24.388,37.0,0,5.1764362714980825,70.66250196097344,19,2,4,-0.9659258262890684,0.2588190451025203,0.9749279121818236,-0.2225209339563143,0.8660254037844387,-0.4999999999999998,122.0,182.1875,357.1458333333333,12.425,28.375,0.75,50.0,9.55,8.867716,0.0,20.450000000000003,21.96296297,37.0,36.85,36.46666666666667,36.05,37.18333333333333,2.32133331,-0.1185184800000023,-0.3240000000000016,24.712,24.066666666666663,22.180246916666665,24.700444444444443,7.207017,7.2563815,7.27022,7.230688,7.1995625,0,4.0,0,0.0,-0.17,5.6,94.4
2023-04-12 19:30:00,61.670866583326,0.0,0.0,21.96296297,24.066666666666663,37.18333333333333,0,5.1764362714980825,70.66250196097344,19,2,4,-0.9659258262890684,0.2588190451025203,0.9749279121818236,-0.2225209339563143,0.8660254037844387,-0.4999999999999998,88.0,142.0625,315.4375,13.85,28.65,0.5,48.0,8.8,8.438779,0.0,20.3,21.88333334,37.0,37.0,36.85,36.46666666666667,37.5,2.103703696666667,-0.1037037199999986,-0.3213333333333317,24.388,23.740666666666662,22.071604943333337,24.38888888888889,7.1995625,7.207017,7.2563815,7.27022,7.227597,0,4.0,0,0.0,-0.19,5.8,94.2
2023-04-12 19:45:00,49.588571894446,0.0,0.0,21.88333334,23.740666666666662,37.5,0,5.1764362714980825,70.66250196097344,19,2,4,-0.9659258262890684,0.2588190451025203,0.9749279121818236,-0.2225209339563143,0.8660254037844387,-0.4999999999999998,53.99999999999999,105.0,274.2083333333333,15.275,28.925,0.25,46.0,8.05,8.016563,0.0,20.15,21.816666656666666,37.18333333333333,37.0,37.0,36.85,37.68333333333333,1.8573333266666656,-0.0796296299999994,-0.3260000000000005,24.066666666666663,23.459333333333333,21.97098766666667,24.06511111111111,7.227597,7.1995625,7.207017,7.2563815,7.23504,0,4.0,0,0.0,-0.21,5.9,94.1
2023-04-12 20:00:00,36.932411427782,0.0,0.0,21.816666656666666,23.459333333333333,37.68333333333333,0,5.1764362714980825,70.66250196097344,20,2,4,-0.8660254037844386,0.5000000000000001,0.9749279121818236,-0.2225209339563143,0.8660254037844387,-0.4999999999999998,20.0,71.0,233.45833333333331,16.7,29.2,0.0,44.0,7.3,7.600996,0.0,20.0,21.73333333,37.5,37.18333333333333,37.0,37.0,38.0,1.6426666766666678,-0.0666666833333344,-0.2813333333333325,23.740666666666662,23.182,21.88765432222222,23.75555555555556,7.23504,7.227597,7.1995625,7.207017,7.2608113,0,4.0,0,0.0,-0.22,6.0,94.0
2023-04-12 20:15:00,47.934471311116,0.0,0.0,21.73333333,23.182,38.0,0,5.1764362714980825,70.66250196097344,20,2,4,-0.8660254037844386,0.5000000000000001,0.9749279121818236,-0.2225209339563143,0.8660254037844387,-0.4999999999999998,15.0,44.25,195.79166666666663,16.65,30.275,0.0,43.75,7.025,7.4369497,0.0,19.725,21.670370400000003,37.68333333333333,37.5,37.18333333333333,37.0,38.0,1.4486666700000017,-0.0833333266666649,-0.2773333333333312,23.459333333333333,22.90266666666667,21.81111110888889,23.46066666666667,7.2608113,7.23504,7.227597,7.1995625,7.2344427,0,4.0,0,0.0,-0.24,6.2,93.8
2023-04-12 20:30:00,36.58048105556,0.0,0.0,21.670370400000003,22.90266666666667,38.0,0,5.1764362714980825,70.66250196097344,20,2,4,-0.8660254037844386,0.5000000000000001,0.9749279121818236,-0.2225209339563143,0.8660254037844387,-0.4999999999999998,10.0,24.75,161.20833333333334,16.6,31.35,0.0,43.5,6.75,7.2759495,0.0,19.45,21.62222223,38.0,37.68333333333333,37.5,37.18333333333333,38.35,1.2322962666666657,-0.0629629299999976,-0.2793333333333336,23.182,22.62,21.740123462222225,23.18133333333334,7.2344427,7.2608113,7.23504,7.227597,7.2807817,0,4.0,0,0.0,-0.25,6.3,93.7
2023-04-12 20:45:00,47.155335927778,0.0,0.0,21.62222223,22.62,38.35,0,5.1764362714980825,70.66250196097344,20,2,4,-0.8660254037844386,0.5000000000000001,0.9749279121818236,-0.2225209339563143,0.8660254037844387,-0.4999999999999998,5.0,12.5,129.70833333333334,16.55,32.425,0.0,43.25,6.475,7.1179533,0.0,19.175,21.53888891333333,38.0,38.0,37.68333333333333,37.5,38.5,0.9977777700000026,-0.0481481700000046,-0.2826666666666675,22.90266666666667,22.401333333333334,21.67530865333333,22.90155555555556,7.2807817,7.2344427,7.2608113,7.23504,7.2741146,0,4.0,0,0.0,-0.26,6.4,93.6
2023-04-12 21:00:00,63.525514511108,0.0,0.0,21.53888891333333,22.401333333333334,38.5,0,5.1764362714980825,70.66250196097344,21,2,4,-0.7071067811865477,0.7071067811865474,0.9749279121818236,-0.2225209339563143,0.8660254037844387,-0.4999999999999998,0.0,7.5,101.29166666666669,16.5,33.5,0.0,43.0,6.2,6.9629116,0.0,18.9,21.49444444,38.35,38.0,38.0,37.68333333333333,38.5,0.8624444199999992,-0.0833333166666641,-0.2186666666666674,22.62,22.255333333333333,21.61049384777778,22.641333333333336,7.2741146,7.2807817,7.2344427,7.2608113,7.255428,0,4.0,0,0.0,-0.28,6.7,93.3
2023-04-12 21:15:00,51.911812411108,0.0,0.0,21.49444444,22.255333333333333,38.5,0,5.1764362714980825,70.66250196097344,21,2,4,-0.7071067811865477,0.7071067811865474,0.9749279121818236,-0.2225209339563143,0.8660254037844387,-0.4999999999999998,0.0,3.75,76.72916666666667,16.775,34.125,0.0,43.5,6.15,6.971392,0.0,18.725,21.448148106666665,38.5,38.35,38.0,38.0,38.5,0.760888893333334,-0.0444444733333355,-0.1460000000000008,22.401333333333334,22.126,21.551851861111107,22.42555555555556,7.255428,7.2741146,7.2807817,7.2344427,7.2360115,0,4.0,0,0.0,-0.29,6.8,93.2
2023-04-12 21:30:00,99.016039066672,0.0,0.0,21.448148106666665,22.126,38.5,0,5.1764362714980825,70.66250196097344,21,2,4,-0.7071067811865477,0.7071067811865474,0.9749279121818236,-0.2225209339563143,0.8660254037844387,-0.4999999999999998,0.0,1.25,56.020833333333336,17.05,34.75,0.0,44.0,6.1,6.9788613,0.0,18.55,21.40555555,38.5,38.5,38.35,38.0,38.55,0.6778518933333331,-0.0462963333333341,-0.129333333333335,22.255333333333333,22.022,21.49382715333333,22.26088888888889,7.2360115,7.255428,7.2741146,7.2807817,7.2275596,0,4.0,0,0.0,-0.3,6.9,93.1
2023-04-12 21:45:00,141.434342466664,0.0,0.0,21.40555555,22.022,38.55,0,5.1764362714980825,70.66250196097344,21,2,4,-0.7071067811865477,0.7071067811865474,0.9749279121818236,-0.2225209339563143,0.8660254037844387,-0.4999999999999998,0.0,0.0,39.16666666666666,17.325000000000003,35.375,0.0,44.5,6.05,6.9853373,0.0,18.375,21.3888889,38.5,38.5,38.5,38.35,39.15,0.6164444499999995,-0.0425925566666656,-0.1039999999999992,22.126,21.671333333333333,21.449382698888886,22.134444444444444,7.2275596,7.2360115,7.255428,7.2741146,7.332968,0,4.0,0,0.0,-0.31,7.0,93.0
2023-04-12 22:00:00,107.979013883338,0.0,0.0,21.3888889,21.671333333333333,39.15,0,5.1764362714980825,70.66250196097344,22,2,4,-0.5000000000000004,0.8660254037844384,0.9749279121818236,-0.2225209339563143,0.8660254037844387,-0.4999999999999998,0.0,0.0,26.166666666666668,17.6,36.0,0.0,45.0,6.0,6.9908347,0.0,18.2,21.3888889,38.55,38.5,38.5,38.5,39.85,0.2824444333333318,-0.0166666499999976,-0.3506666666666653,22.022,21.496,21.414197518888887,21.939777777777778,7.332968,7.2275596,7.2360115,7.255428,7.4640813,0,4.0,0,0.0,-0.31,7.1,92.9
2023-04-12 22:15:00,59.84288402222,0.0,0.0,21.3888889,21.496,39.85,0,5.1764362714980825,70.66250196097344,22,2,4,-0.5000000000000004,0.8660254037844384,0.9749279121818236,-0.2225209339563143,0.8660254037844387,-0.4999999999999998,0.0,0.0,16.0,17.400000000000002,36.175,0.0,45.5,6.05,7.0057826,0.0,18.05,21.3888889,39.15,38.55,38.5,38.5,40.0,0.1071110999999973,0.0,-0.1753333333333344,21.671333333333333,21.266666666666666,21.394444450000005,21.72977777777778,7.4640813,7.332968,7.2275596,7.2360115,7.4921765,0,4.0,0,0.0,-0.31,7.0,93.0
2023-04-12 22:30:00,69.159733516666,0.0,0.0,21.3888889,21.266666666666666,40.0,0,5.1764362714980825,70.66250196097344,22,2,4,-0.5000000000000004,0.8660254037844384,0.9749279121818236,-0.2225209339563143,0.8660254037844387,-0.4999999999999998,0.0,0.0,8.666666666666666,17.200000000000003,36.35,0.0,46.0,6.1,7.0198393,0.0,17.9,21.34444443,39.85,39.15,38.55,38.5,40.0,-0.1222222333333356,0.0,-0.2293333333333329,21.496,21.054666666666662,21.3888889,21.478,7.4921765,7.4640813,7.332968,7.2275596,7.472909,0,4.0,0,0.0,-0.31,7.0,93.0
2023-04-12 22:45:00,61.10616682222,0.0,0.0,21.34444443,21.054666666666662,40.0,0,5.1764362714980825,70.66250196097344,22,2,4,-0.5000000000000004,0.8660254037844384,0.9749279121818236,-0.2225209339563143,0.8660254037844387,-0.4999999999999998,0.0,0.0,4.166666666666667,17.0,36.525000000000006,0.0,46.5,6.15,7.033018,0.0,17.75,21.26111111333333,40.0,39.85,39.15,38.55,40.0,-0.2897777633333334,-0.0444444700000019,-0.2119999999999997,21.266666666666666,20.88733333333333,21.37407407666667,21.27244444444444,7.472909,7.4921765,7.4640813,7.332968,7.4368997,0,4.0,0,0.0,-0.32,7.1,92.9
2023-04-12 23:00:00,61.776695300008,0.0,0.0,21.26111111333333,20.88733333333333,40.0,0,5.1764362714980825,70.66250196097344,23,2,4,-0.2588190451025215,0.965925826289068,0.9749279121818236,-0.2225209339563143,0.8660254037844387,-0.4999999999999998,0.0,0.0,2.5,16.8,36.7,0.0,47.0,6.2,7.0453334,0.0,17.6,21.21111109,40.0,40.0,39.85,39.15,40.0,-0.373777780000001,-0.0833333166666641,-0.1673333333333317,21.054666666666662,20.76333333333333,21.331481481111112,21.069555555555556,7.4368997,7.472909,7.4921765,7.4640813,7.415365,0,4.0,0,0.0,-0.34,7.4,92.6
2023-04-12 23:15:00,66.588725144448,0.0,0.0,21.21111109,20.76333333333333,40.0,0,5.1764362714980825,70.66250196097344,23,2,4,-0.2588190451025215,0.965925826289068,0.9749279121818236,-0.2225209339563143,0.8660254037844387,-0.4999999999999998,0.0,0.0,1.25,16.525,36.25,0.0,47.75,6.275,7.0939374,0.0,17.450000000000003,21.118518506666664,40.0,40.0,40.0,39.85,40.0,-0.4477777566666674,-0.0500000233333359,-0.1240000000000023,20.88733333333333,20.748,21.272222211111117,20.901777777777777,7.415365,7.4368997,7.472909,7.4921765,7.3756294,0,4.0,0,0.0,-0.35,7.6,92.4
2023-04-12 23:30:00,52.867051883334,0.0,0.0,21.118518506666664,20.748,40.0,0,5.1764362714980825,70.66250196097344,23,2,4,-0.2588190451025215,0.965925826289068,0.9749279121818236,-0.2225209339563143,0.8660254037844387,-0.4999999999999998,0.0,0.0,0.4166666666666667,16.25,35.8,0.0,48.5,6.35,7.1410394,0.0,17.3,21.10555555,40.0,40.0,40.0,40.0,40.0,-0.370518506666663,-0.0925925833333352,-0.0153333333333307,20.76333333333333,20.838666666666665,21.196913570000003,20.79955555555556,7.3756294,7.415365,7.4368997,7.472909,7.3700824,0,4.0,0,0.0,-0.37,7.9,92.1
2023-04-12 23:45:00,53.225370783338,0.0,0.0,21.10555555,20.838666666666665,40.0,0,5.1764362714980825,70.66250196097344,23,2,4,-0.2588190451025215,0.965925826289068,0.9749279121818236,-0.2225209339563143,0.8660254037844387,-0.4999999999999998,0.0,0.0,0.0,15.975,35.35,0.0,49.25,6.425,7.1866574,0.0,17.150000000000002,21.03888891333333,40.0,40.0,40.0,40.0,40.0,-0.2668888833333369,-0.0129629566666622,0.0906666666666637,20.748,20.858,21.14506171555556,20.78333333333333,7.3700824,7.3756294,7.415365,7.4368997,7.341608,0,4.0,0,0.0,-0.38,7.9,92.1
2023-04-13 00:00:00,65.26322278333,0.0,0.0,21.03888891333333,20.858,40.0,0,5.1764362714980825,70.66250196097344,0,3,4,0.0,1.0,0.4338837391175582,-0.900968867902419,0.8660254037844387,-0.4999999999999998,0.0,0.0,0.0,15.7,34.9,0.0,50.0,6.5,7.2308125,0.0,17.0,20.99444444,40.0,40.0,40.0,40.0,40.05,-0.1808889133333338,-0.0666666366666675,0.0193333333333356,20.838666666666665,20.81,21.087654323333336,20.814888888888888,7.341608,7.3700824,7.3756294,7.415365,7.3318295,0,4.0,0,0.0,-0.39,8.2,91.8
2023-04-13 00:15:00,72.800143411112,0.0,0.0,20.99444444,20.81,40.05,0,5.1764362714980825,70.66250196097344,0,3,4,0.0,1.0,0.4338837391175582,-0.900968867902419,0.8660254037844387,-0.4999999999999998,0.0,0.0,0.0,15.6,34.175,0.0,50.25,6.55,7.2343507,0.0,16.925,20.948148106666665,40.0,40.0,40.0,40.0,40.46666666666667,-0.18444444,-0.0444444733333355,-0.0480000000000018,20.858,20.756000000000004,21.046296301111116,20.835555555555555,7.3318295,7.341608,7.3700824,7.3756294,7.3882017,0,4.0,0,0.0,-0.4,8.4,91.6
2023-04-13 00:30:00,59.65122493889,0.0,0.0,20.948148106666665,20.756000000000004,40.46666666666667,0,5.1764362714980825,70.66250196097344,0,3,4,0.0,1.0,0.4338837391175582,-0.900968867902419,0.8660254037844387,-0.4999999999999998,0.0,0.0,0.0,15.5,33.45,0.0,50.5,6.6,7.237693,0.0,16.85,20.89999999,40.05,40.0,40.0,40.0,40.5,-0.1921481066666608,-0.0462963333333341,-0.0539999999999949,20.81,20.796,20.99382715333333,20.808000000000003,7.3882017,7.3318295,7.341608,7.3700824,7.37362,0,4.0,0,0.0,-0.41,8.5,91.5
2023-04-13 00:45:00,54.69559000555,0.0,0.0,20.89999999,20.796,40.5,0,5.1764362714980825,70.66250196097344,0,3,4,0.0,1.0,0.4338837391175582,-0.900968867902419,0.8660254037844387,-0.4999999999999998,0.0,0.0,0.0,15.4,32.725,0.0,50.75,6.65,7.2408404,0.0,16.775,20.837037006666662,40.46666666666667,40.05,40.0,40.0,40.5,-0.1039999900000019,-0.0481481166666633,0.0399999999999955,20.756000000000004,20.552666666666667,20.94753084555556,20.787333333333333,7.37362,7.3882017,7.3318295,7.341608,7.346667,0,4.0,0,0.0,-0.42,8.7,91.3
2023-04-13 01:00:00,280.156571188884,0.0,0.0,20.837037006666662,20.552666666666667,40.5,0,5.1764362714980825,70.66250196097344,1,3,4,0.2588190451025207,0.9659258262890684,0.4338837391175582,-0.900968867902419,0.8660254037844387,-0.4999999999999998,0.0,0.0,0.0,15.3,32.0,0.0,51.0,6.7,7.243794,0.0,16.7,20.79444445,40.5,40.46666666666667,40.05,40.0,40.5,-0.2843703399999988,-0.0629629833333353,-0.2433333333333323,20.796,20.14133333333333,20.895061701111118,20.70155555555556,7.346667,7.37362,7.3882017,7.3318295,7.328483,0,4.0,0,0.0,-0.44,9.0,91.0
2023-04-13 01:15:00,62.694158849998,0.0,0.0,20.79444445,20.14133333333333,40.5,0,5.1764362714980825,70.66250196097344,1,3,4,0.2588190451025207,0.9659258262890684,0.4338837391175582,-0.900968867902419,0.8660254037844387,-0.4999999999999998,0.0,0.0,0.0,15.3,31.825,0.0,51.25,6.7,7.2574577,0.0,16.65,20.757407413333333,40.5,40.5,40.46666666666667,40.05,40.5,-0.6531111166666683,-0.0425925566666656,-0.4113333333333351,20.552666666666667,19.850666666666665,20.84382714888889,20.496666666666663,7.328483,7.346667,7.37362,7.3882017,7.3127003,0,4.0,0,0.0,-0.45,9.2,90.8
2023-04-13 01:30:00,59.536507211116,0.0,0.0,20.757407413333333,19.850666666666665,40.5,0,5.1764362714980825,70.66250196097344,1,3,4,0.2588190451025207,0.9659258262890684,0.4338837391175582,-0.900968867902419,0.8660254037844387,-0.4999999999999998,0.0,0.0,0.0,15.3,31.65,0.0,51.5,6.7,7.2709637,0.0,16.6,20.7222222,40.5,40.5,40.5,40.46666666666667,40.8,-0.9067407466666672,-0.0370370366666676,-0.2906666666666666,20.14133333333333,19.67666666666667,20.79629629,20.18155555555556,7.3127003,7.328483,7.346667,7.37362,7.3517923,0,4.0,0,0.0,-0.46,9.3,90.7
2023-04-13 01:45:00,53.173984022224005,0.0,0.0,20.7222222,19.67666666666667,40.8,0,5.1764362714980825,70.66250196097344,1,3,4,0.2588190451025207,0.9659258262890684,0.4338837391175582,-0.900968867902419,0.8660254037844387,-0.4999999999999998,0.0,0.0,0.0,15.3,31.475,0.0,51.75,6.7,7.2843146,0.0,16.55,20.70185185,40.5,40.5,40.5,40.5,40.53333333333333,-1.0455555333333315,-0.0351852133333316,-0.1739999999999959,19.850666666666665,19.646,20.75802468777778,19.88955555555556,7.3517923,7.3127003,7.328483,7.346667,7.295085,0,4.0,0,0.0,-0.46,9.4,90.6
2023-04-13 02:00:00,45.199303088888,0.0,0.0,20.70185185,19.646,40.53333333333333,0,5.1764362714980825,70.66250196097344,2,3,4,0.4999999999999999,0.8660254037844387,0.4338837391175582,-0.900968867902419,0.8660254037844387,-0.4999999999999998,0.0,0.0,0.0,15.3,31.3,0.0,52.0,6.7,7.297512,0.0,16.5,20.66111114,40.8,40.5,40.5,40.5,40.85,-1.0558518499999998,-0.0203703500000003,-0.0306666666666686,19.67666666666667,19.662,20.72716048777778,19.724444444444444,7.295085,7.3517923,7.3127003,7.328483,7.3346515,0,4.0,0,0.0,-0.47,9.6,90.4
2023-04-13 02:15:00,54.710033727778,0.0,0.0,20.66111114,19.662,40.85,0,5.1764362714980825,70.66250196097344,2,3,4,0.4999999999999999,0.8660254037844387,0.4338837391175582,-0.900968867902419,0.8660254037844387,-0.4999999999999998,0.0,0.0,0.0,15.175,31.225,0.0,52.5,6.7,7.3234468,0.0,16.4,20.61481480666667,40.53333333333333,40.8,40.5,40.5,41.0,-0.99911114,-0.0407407100000014,0.0159999999999982,19.646,19.706666666666667,20.695061730000003,19.661555555555555,7.3346515,7.295085,7.3517923,7.3127003,7.3417525,0,4.0,0,0.0,-0.48,9.7,90.3
2023-04-13 02:30:00,71.120210644444,0.0,0.0,20.61481480666667,19.706666666666667,41.0,0,5.1764362714980825,70.66250196097344,2,3,4,0.4999999999999999,0.8660254037844387,0.4338837391175582,-0.900968867902419,0.8660254037844387,-0.4999999999999998,0.0,0.0,0.0,15.05,31.15,0.0,53.0,6.7,7.34877,0.0,16.3,20.57222225,40.85,40.53333333333333,40.8,40.5,41.0,-0.9081481400000015,-0.0462963333333306,0.0446666666666679,19.662,19.710666666666665,20.65925926555556,19.67155555555556,7.3417525,7.3346515,7.295085,7.3517923,7.3235483,0,4.0,0,0.0,-0.49,9.9,90.1
2023-04-13 02:45:00,45.912330249994,0.0,0.0,20.57222225,19.710666666666665,41.0,0,5.1764362714980825,70.66250196097344,2,3,4,0.4999999999999999,0.8660254037844387,0.4338837391175582,-0.900968867902419,0.8660254037844387,-0.4999999999999998,0.0,0.0,0.0,14.925,31.075,0.0,53.5,6.7,7.37349,0.0,16.200000000000003,20.53518521333333,41.0,40.85,40.53333333333333,40.8,41.0,-0.8615555833333346,-0.0425925566666691,0.0039999999999977,19.706666666666667,19.683333333333334,20.61604939888889,19.69311111111111,7.3235483,7.3417525,7.3346515,7.295085,7.30775,0,4.0,0,0.0,-0.5,10.1,89.9
2023-04-13 03:00:00,44.986811822212,0.0,0.0,20.53518521333333,19.683333333333334,41.0,0,5.1764362714980825,70.66250196097344,3,3,4,0.7071067811865476,0.7071067811865476,0.4338837391175582,-0.900968867902419,0.8660254037844387,-0.4999999999999998,0.0,0.0,0.0,14.8,31.0,0.0,54.0,6.7,7.397611,0.0,16.1,20.5,41.0,41.0,40.85,40.53333333333333,41.0,-0.8518518799999981,-0.0370370366666676,-0.0273333333333312,19.710666666666665,19.76,20.57407409,19.70022222222222,7.30775,7.3235483,7.3417525,7.3346515,7.292772,0,4.0,0,0.0,-0.5,10.3,89.7
2023-04-13 03:15:00,56.929944827782,0.0,0.0,20.5,19.76,41.0,0,5.1764362714980825,70.66250196097344,3,3,4,0.7071067811865476,0.7071067811865476,0.4338837391175582,-0.900968867902419,0.8660254037844387,-0.4999999999999998,0.0,0.0,0.0,14.725,30.725,0.0,54.25,6.725,7.3982663,0.0,16.025000000000002,20.5,41.0,41.0,41.0,40.85,41.18333333333333,-0.740000000000002,-0.0351852133333316,0.0766666666666644,19.683333333333334,19.862,20.535802487777776,19.718,7.292772,7.30775,7.3235483,7.3417525,7.3253813,0,4.0,0,0.0,-0.51,10.5,89.5
2023-04-13 03:30:00,61.59309167778,0.0,0.0,20.5,19.862,41.18333333333333,0,5.1764362714980825,70.66250196097344,3,3,4,0.7071067811865476,0.7071067811865476,0.4338837391175582,-0.900968867902419,0.8660254037844387,-0.4999999999999998,0.0,0.0,0.0,14.65,30.45,0.0,54.5,6.75,7.3987436,0.0,15.95,20.46111108,41.0,41.0,41.0,41.0,41.5,-0.6379999999999981,0.0,0.1020000000000038,19.76,19.974,20.511728404444444,19.768444444444444,7.3253813,7.292772,7.30775,7.3235483,7.3649783,0,4.0,0,0.0,-0.51,10.5,89.5
2023-04-13 03:45:00,52.674004138886,0.0,0.0,20.46111108,19.974,41.5,0,5.1764362714980825,70.66250196097344,3,3,4,0.7071067811865476,0.7071067811865476,0.4338837391175582,-0.900968867902419,0.8660254037844387,-0.4999999999999998,0.0,0.0,0.0,14.575,30.175,0.0,54.75,6.775,7.399047,0.0,15.875000000000002,20.42407405,41.18333333333333,41.0,41.0,41.0,41.5,-0.4871110800000018,-0.0388889199999979,0.1119999999999983,19.862,20.056,20.487037026666663,19.865333333333336,7.3649783,7.3253813,7.292772,7.30775,7.349079,0,4.0,0,0.0,-0.52,10.6,89.4
2023-04-13 04:00:00,56.559959744444,0.0,0.0,20.42407405,20.056,41.5,0,5.1764362714980825,70.66250196097344,4,3,4,0.8660254037844386,0.5000000000000001,0.4338837391175582,-0.900968867902419,0.8660254037844387,-0.4999999999999998,0.0,0.0,0.0,14.5,29.9,0.0,55.0,6.8,7.3991756,0.0,15.8,20.3888889,41.5,41.18333333333333,41.0,41.0,41.5,-0.3680740500000006,-0.037037030000004,0.0819999999999971,19.974,20.012,20.46172837666667,19.964,7.349079,7.3649783,7.3253813,7.292772,7.3339996,0,4.0,0,0.0,-0.53,10.8,89.2
2023-04-13 04:15:00,45.07930800555,0.0,0.0,20.3888889,20.012,41.5,0,5.1764362714980825,70.66250196097344,4,3,4,0.8660254037844386,0.5000000000000001,0.4338837391175582,-0.900968867902419,0.8660254037844387,-0.4999999999999998,0.0,0.0,0.0,14.15,29.625,0.0,55.75,6.825,7.4209857,0.0,15.625,20.36851851333333,41.5,41.5,41.18333333333333,41.0,41.5,-0.3768889000000008,-0.0351851499999966,-0.0439999999999969,20.056,19.868666666666662,20.424691343333336,20.014,7.3339996,7.349079,7.3649783,7.3253813,7.325282,0,4.0,0,0.0,-0.54,11.0,89.0
2023-04-13 04:30:00,55.085018611116,0.0,0.0,20.36851851333333,19.868666666666662,41.5,0,5.1764362714980825,70.66250196097344,4,3,4,0.8660254037844386,0.5000000000000001,0.4338837391175582,-0.900968867902419,0.8660254037844387,-0.4999999999999998,0.0,0.0,0.0,13.8,29.35,0.0,56.5,6.85,7.4414067,0.0,15.45,20.32777775,41.5,41.5,41.5,41.18333333333333,41.85,-0.4998518466666688,-0.0203703866666664,-0.1433333333333344,20.012,19.678,20.393827154444445,19.97888888888889,7.325282,7.3339996,7.349079,7.3649783,7.3695064,0,4.0,0,0.0,-0.54,11.1,88.9
2023-04-13 04:45:00,69.141400883334,0.0,0.0,20.32777775,19.678,41.85,0,5.1764362714980825,70.66250196097344,4,3,4,0.8660254037844386,0.5000000000000001,0.4338837391175582,-0.900968867902419,0.8660254037844387,-0.4999999999999998,0.0,0.0,0.0,13.45,29.075,0.0,57.25,6.875,7.46046,0.0,15.275,20.30185185,41.5,41.5,41.5,41.5,42.0,-0.6497777499999984,-0.0407407633333356,-0.1906666666666652,19.868666666666662,19.42933333333333,20.361728387777777,19.852888888888888,7.3695064,7.325282,7.3339996,7.349079,7.3847294,0,4.0,0,0.0,-0.55,11.3,88.7
2023-04-13 05:00:00,47.852808177772,0.0,0.0,20.30185185,19.42933333333333,42.0,0,5.1764362714980825,70.66250196097344,5,3,4,0.9659258262890684,0.2588190451025207,0.4338837391175582,-0.900968867902419,0.8660254037844387,-0.4999999999999998,0.0,0.0,0.0,13.1,28.8,0.0,58.0,6.9,7.4781656,0.0,15.1,20.29444445,41.85,41.5,41.5,41.5,42.0,-0.8725185166666662,-0.0259259000000007,-0.2486666666666686,19.678,19.168,20.332716037777782,19.658666666666665,7.3847294,7.3695064,7.325282,7.3339996,7.381536,0,4.0,0,0.0,-0.55,11.4,88.6
2023-04-13 05:15:00,47.135059038886,0.0,0.0,20.29444445,19.168,42.0,0,5.1764362714980825,70.66250196097344,5,3,4,0.9659258262890684,0.2588190451025207,0.4338837391175582,-0.900968867902419,0.8660254037844387,-0.4999999999999998,0.0,0.0,0.0,12.875,27.8,0.0,59.0,6.95,7.5149775,0.0,14.9,20.257407413333333,42.0,41.85,41.5,41.5,42.0,-1.126444450000001,-0.0074073999999981,-0.261333333333333,19.42933333333333,19.0,20.308024683333333,19.42511111111111,7.381536,7.3847294,7.3695064,7.325282,7.365577,0,4.0,0,0.0,-0.56,11.5,88.5
2023-04-13 05:30:00,56.4385757,0.0,0.0,20.257407413333333,19.0,42.0,0,5.1764362714980825,70.66250196097344,5,3,4,0.9659258262890684,0.2588190451025207,0.4338837391175582,-0.900968867902419,0.8660254037844387,-0.4999999999999998,0.0,0.0,0.0,12.65,26.8,0.0,60.0,7.0,7.5496564,0.0,14.7,20.2222222,42.0,42.0,41.85,41.5,42.0,-1.2574074133333326,-0.0370370366666676,-0.1679999999999992,19.168,19.02,20.284567904444444,19.19911111111111,7.365577,7.381536,7.3847294,7.3695064,7.350445,0,4.0,0,0.0,-0.56,11.7,88.3
2023-04-13 05:45:00,64.81212959444599,0.0,0.0,20.2222222,19.02,42.0,0,5.1764362714980825,70.66250196097344,5,3,4,0.9659258262890684,0.2588190451025207,0.4338837391175582,-0.900968867902419,0.8660254037844387,-0.4999999999999998,0.0,0.0,0.0,12.425,25.8,0.0,61.0,7.05,7.5822396,0.0,14.5,20.20185185,42.0,42.0,42.0,41.85,42.0,-1.2022222000000014,-0.0351852133333316,0.0199999999999995,19.0,19.116,20.25802468777778,19.06266666666667,7.350445,7.365577,7.381536,7.3847294,7.341698,0,4.0,0,0.0,-0.57,11.9,88.1
2023-04-13 06:00:00,51.02740323889,0.0,0.0,20.20185185,19.116,42.0,0,5.1764362714980825,70.66250196097344,6,3,4,1.0,6.123233995736766e-17,0.4338837391175582,-0.900968867902419,0.8660254037844387,-0.4999999999999998,0.0,0.0,0.0,12.2,24.8,0.0,62.0,7.1,7.612769,0.0,14.3,20.1666667,42.0,42.0,42.0,42.0,42.0,-1.085851850000001,-0.0203703500000003,0.096,19.02,19.208666666666662,20.22716048777778,19.04533333333333,7.341698,7.350445,7.365577,7.381536,7.3266087,0,4.0,0,0.0,-0.58,12.0,88.0
2023-04-13 06:15:00,53.143985355552,0.0,0.0,20.1666667,19.208666666666662,42.0,0,5.1764362714980825,70.66250196097344,6,3,4,1.0,6.123233995736766e-17,0.4338837391175582,-0.900968867902419,0.8660254037844387,-0.4999999999999998,2.75,0.6875,0.2291666666666666,12.275,24.45,0.0,62.5,7.199999999999999,7.662416,0.0,14.275,20.1666667,42.0,42.0,42.0,42.0,42.0,-0.9580000333333344,-0.0351851500000002,0.0926666666666662,19.116,19.365333333333336,20.196913583333338,19.11488888888889,7.3266087,7.341698,7.350445,7.365577,7.3266087,0,4.0,0,0.0,-0.59,12.2,87.8
2023-04-13 06:30:00,50.839355111116,0.0,0.0,20.1666667,19.365333333333336,42.0,0,5.1764362714980825,70.66250196097344,6,3,4,1.0,6.123233995736766e-17,0.4338837391175582,-0.900968867902419,0.8660254037844387,-0.4999999999999998,5.5,2.0625,0.6875,12.35,24.1,0.0,63.0,7.3,7.711891,0.0,14.25,20.16111114,42.0,42.0,42.0,42.0,42.35,-0.8013333666666647,0.0,0.1566666666666698,19.208666666666662,19.519333333333336,20.17839508333333,19.23,7.3266087,7.3266087,7.341698,7.350445,7.385265,0,4.0,0,0.0,-0.59,12.2,87.8
2023-04-13 06:45:00,54.932247022224,0.0,0.0,20.16111114,19.519333333333336,42.35,0,5.1764362714980825,70.66250196097344,6,3,4,1.0,6.123233995736766e-17,0.4338837391175582,-0.900968867902419,0.8660254037844387,-0.4999999999999998,8.25,4.125,1.375,12.425,23.75,0.0,63.5,7.4,7.7611957,0.0,14.225,20.11481480666667,42.0,42.0,42.0,42.0,42.5,-0.6417778066666635,-0.0055555600000012,0.1539999999999999,19.365333333333336,19.73733333333333,20.16481484666667,19.364444444444445,7.385265,7.3266087,7.3266087,7.341698,7.3913784,0,4.0,0,0.0,-0.58,12.2,87.8
2023-04-13 07:00:00,62.61082888333,0.0,0.0,20.11481480666667,19.73733333333333,42.5,0,5.1764362714980825,70.66250196097344,7,3,4,0.9659258262890684,-0.2588190451025206,0.4338837391175582,-0.900968867902419,0.8660254037844387,-0.4999999999999998,11.0,6.875,2.2916666666666665,12.5,23.4,0.0,64.0,7.5,7.8103275,0.0,14.2,20.1111111,42.35,42.0,42.0,42.0,42.85,-0.3774814733333365,-0.0462963333333306,0.2179999999999964,19.519333333333336,19.999333333333333,20.147530882222224,19.540666666666667,7.3913784,7.385265,7.3266087,7.3266087,7.450633,0,4.0,0,0.0,-0.59,12.4,87.6
2023-04-13 07:15:00,50.991293500004,0.0,0.0,20.1111111,19.999333333333333,42.85,0,5.1764362714980825,70.66250196097344,7,3,4,0.9659258262890684,-0.2588190451025206,0.4338837391175582,-0.900968867902419,0.8660254037844387,-0.4999999999999998,40.75,16.375,5.6875,12.85,23.3,0.0,62.0,7.775,7.9453697,0.0,15.0,20.1111111,42.5,42.35,42.0,42.0,43.0,-0.1117777666666661,-0.0037037066666698,0.2620000000000004,19.73733333333333,20.284666666666663,20.12901234888889,19.752,7.450633,7.3913784,7.385265,7.3266087,7.4767146,0,4.0,0,0.0,-0.59,12.3,87.7
2023-04-13 07:30:00,44.341281627786,0.0,0.0,20.1111111,20.284666666666663,43.0,0,5.1764362714980825,70.66250196097344,7,3,4,0.9659258262890684,-0.2588190451025206,0.4338837391175582,-0.900968867902419,0.8660254037844387,-0.4999999999999998,70.5,32.625,11.5625,13.2,23.2,0.0,60.0,8.05,8.071828,0.0,15.8,20.15555557,42.85,42.5,42.35,42.0,43.0,0.1735555666666677,0.0,0.2853333333333339,19.999333333333333,20.604,20.11234566888889,20.00711111111111,7.4767146,7.450633,7.3913784,7.385265,7.49618,0,4.0,0,0.0,-0.59,12.3,87.7
2023-04-13 07:45:00,49.57135031667,0.0,0.0,20.15555557,20.604,43.0,0,5.1764362714980825,70.66250196097344,7,3,4,0.9659258262890684,-0.2588190451025206,0.4338837391175582,-0.900968867902419,0.8660254037844387,-0.4999999999999998,100.25,55.625,19.916666666666668,13.55,23.1,0.0,58.0,8.325,8.188659,0.0,16.599999999999998,20.259259236666665,43.0,42.85,42.5,42.35,43.0,0.4484444299999985,0.0444444700000019,0.3193333333333328,20.284666666666663,21.044666666666668,20.12592592333333,20.296000000000003,7.49618,7.4767146,7.450633,7.3913784,7.5417666,0,4.0,0,0.0,-0.58,12.1,87.9
2023-04-13 08:00:00,69.58666092222,0.0,0.0,20.259259236666665,21.044666666666668,43.0,0,5.1764362714980825,70.66250196097344,8,3,4,0.8660254037844387,-0.4999999999999998,0.4338837391175582,-0.900968867902419,0.8660254037844387,-0.4999999999999998,130.0,85.375,30.75,13.9,23.0,0.0,56.0,8.6,8.294771,0.0,17.4,20.4333333,43.0,43.0,42.85,42.5,42.65,0.7854074300000029,0.1037036666666644,0.4406666666666687,20.604,21.444666666666667,20.17530863555556,20.64444444444444,7.5417666,7.49618,7.4767146,7.450633,7.5568104,0,4.0,0,0.0,-0.56,11.5,88.5
2023-04-13 08:15:00,49.705233827782,0.0,0.0,20.4333333,21.444666666666667,42.65,0,5.1764362714980825,70.66250196097344,8,3,4,0.8660254037844387,-0.4999999999999998,0.4338837391175582,-0.900968867902419,0.8660254037844387,-0.4999999999999998,176.0,119.1875,45.41666666666666,13.35,23.825,0.0,55.25,9.025,8.532346,0.0,18.1,20.77407409,43.0,43.0,43.0,42.85,42.31666666666667,1.0113333666666655,0.1740740633333359,0.3999999999999986,21.044666666666668,21.878,20.28271603555556,21.031111111111112,7.5568104,7.5417666,7.49618,7.4767146,7.6481357,0,4.0,0,0.0,-0.52,10.6,89.4
2023-04-13 08:30:00,56.787450644444,0.0,0.0,20.77407409,21.878,42.31666666666667,0,5.1764362714980825,70.66250196097344,8,3,4,0.8660254037844387,-0.4999999999999998,0.4338837391175582,-0.900968867902419,0.8660254037844387,-0.4999999999999998,222.0,157.0625,63.91666666666666,12.8,24.65,0.0,54.5,9.45,8.773094,0.0,18.8,21.20555557,42.65,43.0,43.0,43.0,41.7,1.103925910000001,0.3407407899999981,0.4333333333333335,21.444666666666667,22.204,20.48888887555556,21.45577777777778,7.6481357,7.5568104,7.5417666,7.49618,7.7280264,0,4.0,0,0.0,-0.44,9.0,91.0
2023-04-13 08:45:00,169.001017505554,13.646120833332,13.664175711108,21.20555557,22.204,41.7,1,5.1764362714980825,70.66250196097344,8,3,4,0.8660254037844387,-0.4999999999999998,0.4338837391175582,-0.900968867902419,0.8660254037844387,-0.4999999999999998,268.0,199.0,86.25,12.25,25.475,0.0,53.75,9.875,9.01687,0.0,19.5,21.401851843333336,42.31666666666667,42.65,43.0,43.0,41.78333333333333,0.9984444299999992,0.4314814800000022,0.3260000000000005,21.878,22.484,20.804320986666667,21.842222222222222,7.7280264,7.6481357,7.5568104,7.5417666,7.832081,0,3.0,1,0.25,-0.34,7.4,92.6
2023-04-13 09:00:00,94.577050233328,44.42627846111,44.44238898333,21.401851843333336,22.484,41.78333333333333,1,5.1764362714980825,70.66250196097344,9,3,4,0.7071067811865476,-0.7071067811865475,0.4338837391175582,-0.900968867902419,0.8660254037844387,-0.4999999999999998,314.0,245.0,112.41666666666669,11.7,26.3,0.0,53.0,10.3,9.26352,0.0,20.2,21.44999996,41.7,42.31666666666667,42.65,43.0,41.5,1.082148156666662,0.1962962733333348,0.2799999999999976,22.204,22.844,21.12716050111111,22.188666666666663,7.832081,7.7280264,7.6481357,7.5568104,7.8006916,0,2.0,0,0.5,-0.3,6.8,93.2
2023-04-13 09:15:00,87.838708711104,47.312551872222,47.32782906111,21.44999996,22.844,41.5,1,5.1764362714980825,70.66250196097344,9,3,4,0.7071067811865476,-0.7071067811865475,0.4338837391175582,-0.900968867902419,0.8660254037844387,-0.4999999999999998,360.0,291.0,142.1875,12.125,27.65,0.0,51.25,10.225,9.236282,0.0,20.725,21.51666668,41.78333333333333,41.7,42.31666666666667,42.65,41.31666666666667,1.3940000400000017,0.0481481166666633,0.360000000000003,22.484,23.269333333333336,21.352469124444443,22.51066666666667,7.8006916,7.832081,7.7280264,7.6481357,7.7962575,0,1.0,0,0.75,-0.29,6.7,93.3
2023-04-13 09:30:00,92.747956816658,48.94109786111,48.95859724444,21.51666668,23.269333333333336,41.31666666666667,1,5.1764362714980825,70.66250196097344,9,3,4,0.7071067811865476,-0.7071067811865475,0.4338837391175582,-0.900968867902419,0.8660254037844387,-0.4999999999999998,406.0,337.0,175.5625,12.55,29.0,0.0,49.5,10.15,9.197235,0.0,21.25,21.60000001,41.5,41.78333333333333,41.7,42.31666666666667,41.0,1.7526666533333355,0.0666667200000006,0.4253333333333344,22.844,23.39133333333333,21.456172827777777,22.865777777777776,7.7962575,7.8006916,7.832081,7.7280264,7.7738905,0,0.0,0,1.0,-0.27,6.5,93.5
2023-04-13 09:45:00,80.986760516662,48.29612366111,48.313345238886,21.60000001,23.39133333333333,41.0,1,5.1764362714980825,70.66250196097344,9,3,4,0.7071067811865476,-0.7071067811865475,0.4338837391175582,-0.900968867902419,0.8660254037844387,-0.4999999999999998,452.0,383.0,212.54166666666663,12.975,30.35,0.0,47.75,10.075,9.145768,0.0,21.775,21.68333334333333,41.31666666666667,41.5,41.78333333333333,41.7,41.18333333333333,1.7913333233333333,0.0833333299999985,0.1219999999999963,23.269333333333336,23.484,21.522222216666663,23.168222222222223,7.7738905,7.7962575,7.8006916,7.832081,7.8463626,0,0.0,0,1.0,-0.25,6.3,93.7
2023-04-13 10:00:00,70.43329373888601,30.911541255556,30.925707372222,21.68333334333333,23.484,41.18333333333333,1,5.1764362714980825,70.66250196097344,10,3,4,0.4999999999999999,-0.8660254037844387,0.4338837391175582,-0.900968867902419,0.8660254037844387,-0.4999999999999998,498.0,429.0,253.125,13.4,31.7,0.0,46.0,10.0,9.081247,0.0,22.3,21.94999999,41.0,41.31666666666667,41.5,41.78333333333333,41.8,1.8006666566666638,0.0833333333333357,0.0926666666666662,23.39133333333333,23.96733333333333,21.60000001111111,23.381555555555558,7.8463626,7.7738905,7.7962575,7.8006916,8.087405,0,0.0,0,1.0,-0.23,6.1,93.9
2023-04-13 10:15:00,278.256369366664,0.0,0.0,21.94999999,23.96733333333333,41.8,0,5.1764362714980825,70.66250196097344,10,3,4,0.4999999999999999,-0.8660254037844387,0.4338837391175582,-0.900968867902419,0.8660254037844387,-0.4999999999999998,537.25,473.3125,294.5,13.575,32.325,0.0,44.75,9.925,9.013874,0.0,22.65,22.39259259,41.18333333333333,41.0,41.31666666666667,41.5,41.53333333333333,2.017333343333334,0.266666646666664,0.4833333333333343,23.484,24.314,21.744444447777777,23.61422222222222,8.087405,7.8463626,7.7738905,7.7962575,8.243212,1,1.0,1,0.75,-0.16,5.6,94.4
2023-04-13 10:30:00,36.612146488892,0.0,0.0,22.39259259,24.314,41.53333333333333,0,5.1764362714980825,70.66250196097344,10,3,4,0.4999999999999999,-0.8660254037844387,0.4338837391175582,-0.900968867902419,0.8660254037844387,-0.4999999999999998,576.5,515.9375,336.6666666666667,13.75,32.95,0.0,43.5,9.85,8.939533,0.0,23.0,22.65555559,41.8,41.18333333333333,41.0,41.31666666666667,41.15,1.9214074100000005,0.4425926000000011,0.3466666666666675,23.96733333333333,24.58333333333333,22.008641974444444,23.921777777777777,8.243212,8.087405,7.8463626,7.7738905,8.291377,0,2.0,0,0.5,-0.06,5.1,94.9
2023-04-13 10:45:00,34.016139200004,0.0,0.0,22.65555559,24.58333333333333,41.15,0,5.1764362714980825,70.66250196097344,10,3,4,0.4999999999999999,-0.8660254037844387,0.4338837391175582,-0.900968867902419,0.8660254037844387,-0.4999999999999998,615.75,556.875,379.625,13.925,33.575,0.0,42.25,9.775,8.858004,0.0,23.35,22.93518521,41.53333333333333,41.8,41.18333333333333,41.0,41.0,1.9277777433333332,0.2629629999999991,0.2693333333333321,24.314,25.110666666666663,22.33271605666667,24.28822222222222,8.291377,8.243212,8.087405,7.8463626,8.394576,0,3.0,0,0.25,-0.0,5.0,95.0
2023-04-13 11:00:00,41.585836483334,0.0,0.0,22.93518521,25.110666666666663,41.0,0,5.1764362714980825,70.66250196097344,11,3,4,0.258819045102521,-0.9659258262890682,0.4338837391175582,-0.900968867902419,0.8660254037844387,-0.4999999999999998,655.0,596.125,423.375,14.1,34.2,0.0,41.0,9.7,8.76906,0.0,23.7,23.18888889,41.15,41.53333333333333,41.8,41.18333333333333,41.0,2.175481456666663,0.2796296200000014,0.5273333333333312,24.58333333333333,25.128666666666668,22.661111130000005,24.66933333333333,8.394576,8.291377,8.243212,8.087405,8.517235,0,4.0,0,0.0,0.07,5.1,94.9
2023-04-13 11:15:00,51.295725888888,0.0,0.0,23.18888889,25.128666666666668,41.0,0,5.1764362714980825,70.66250196097344,11,3,4,0.258819045102521,-0.9659258262890682,0.4338837391175582,-0.900968867902419,0.8660254037844387,-0.4999999999999998,683.5,632.6875,465.6666666666667,14.1,34.2,0.0,40.5,9.775,8.823579,0.0,24.025,23.45925926,41.0,41.15,41.53333333333333,41.8,40.81666666666667,1.93977777666667,0.2537036799999974,0.0180000000000042,25.110666666666663,25.134,22.92654323,24.94088888888889,8.517235,8.394576,8.291377,8.243212,8.610979,0,4.0,0,0.0,0.13,5.3,94.7
2023-04-13 11:30:00,106.186307994442,40.173115227778,40.193670005554,23.45925926,25.134,40.81666666666667,1,5.1764362714980825,70.66250196097344,11,3,4,0.258819045102521,-0.9659258262890682,0.4338837391175582,-0.900968867902419,0.8660254037844387,-0.4999999999999998,712.0,666.5625,506.5,14.1,34.2,0.0,40.0,9.85,8.876671,0.0,24.35,23.6111111,41.0,41.0,41.15,41.53333333333333,40.15,1.6747407400000007,0.2703703700000019,0.0053333333333327,25.128666666666668,25.53533333333333,23.194444453333336,25.12444444444445,8.610979,8.517235,8.394576,8.291377,8.543926,0,3.0,1,0.25,0.19,5.8,94.2
2023-04-13 11:45:00,96.298092388888,54.4703211,54.48754266111,23.6111111,25.53533333333333,40.15,1,5.1764362714980825,70.66250196097344,11,3,4,0.258819045102521,-0.9659258262890682,0.4338837391175582,-0.900968867902419,0.8660254037844387,-0.4999999999999998,740.5,697.75,545.875,14.1,34.2,0.0,39.5,9.925,8.928278,0.0,24.675,23.59074075,40.81666666666667,41.0,41.0,41.15,40.0,1.924222233333332,0.151851839999999,0.40133333333333,25.134,26.322,23.419753083333333,25.266,8.543926,8.610979,8.517235,8.394576,8.502141,0,2.0,0,0.5,0.22,6.0,94.0
2023-04-13 12:00:00,89.982234016662,52.103193572222,52.120970711108,23.59074075,26.322,40.0,1,5.1764362714980825,70.66250196097344,12,3,4,1.2246467991473532e-16,-1.0,0.4338837391175582,-0.900968867902419,0.8660254037844387,-0.4999999999999998,769.0,726.25,583.7916666666666,14.1,34.2,0.0,39.0,10.0,8.978332,0.0,25.0,23.51666668,40.15,40.81666666666667,41.0,41.0,40.35,2.7312592499999973,-0.0203703499999967,0.7866666666666688,25.53533333333333,26.157333333333334,23.553703703333337,25.663777777777774,8.502141,8.543926,8.610979,8.517235,8.540422,0,1.0,0,0.75,0.22,6.0,94.0
2023-04-13 12:15:00,89.370591749998,52.15985793889,52.175135111112,23.51666668,26.157333333333334,40.35,1,5.1764362714980825,70.66250196097344,12,3,4,1.2246467991473532e-16,-1.0,0.4338837391175582,-0.900968867902419,0.8660254037844387,-0.4999999999999998,784.5,751.5,619.1666666666666,14.0,34.2,0.0,38.75,10.175,9.059893,0.0,25.275,23.5,40.0,40.15,40.81666666666667,41.0,40.68333333333333,2.6406666533333336,-0.0740740700000017,-0.1646666666666654,26.322,26.378,23.572839510000005,26.004888888888885,8.540422,8.502141,8.543926,8.610979,8.602801,0,0.0,0,1.0,0.2,5.8,94.2
2023-04-13 12:30:00,104.814140483338,53.349810372222,53.365920877776,23.5,26.378,40.68333333333333,1,5.1764362714980825,70.66250196097344,12,3,4,1.2246467991473532e-16,-1.0,0.4338837391175582,-0.900968867902419,0.8660254037844387,-0.4999999999999998,800.0,773.5,652.0,13.9,34.2,0.0,38.5,10.35,9.141512,0.0,25.55,23.5,40.35,40.0,40.15,40.81666666666667,41.05,2.878,-0.0166666800000001,0.2206666666666663,26.157333333333334,26.7,23.53580247666667,26.285777777777778,8.602801,8.540422,8.502141,8.543926,8.680336,0,0.0,0,1.0,0.2,5.8,94.2
2023-04-13 12:45:00,97.433880305554,53.65979793889,53.675630688888,23.5,26.7,41.05,1,5.1764362714980825,70.66250196097344,12,3,4,1.2246467991473532e-16,-1.0,0.4338837391175582,-0.900968867902419,0.8660254037844387,-0.4999999999999998,815.5,792.25,682.2916666666666,13.8,34.2,0.0,38.25,10.525,9.22318,0.0,25.825000000000003,23.520370386666663,40.68333333333333,40.35,40.0,40.15,41.46666666666667,3.1999999999999997,0.0,0.3219999999999992,26.378,27.388666666666666,23.50555556,26.411777777777772,8.680336,8.602801,8.540422,8.502141,8.778629,0,0.0,0,1.0,0.2,5.9,94.1
2023-04-13 13:00:00,87.421225411104,54.822251488888,54.83975082222,23.520370386666663,27.388666666666666,41.46666666666667,1,5.1764362714980825,70.66250196097344,13,3,4,-0.2588190451025208,-0.9659258262890684,0.4338837391175582,-0.900968867902419,0.8660254037844387,-0.4999999999999998,831.0,807.75,710.0416666666666,13.7,34.2,0.0,38.0,10.7,9.304878,0.0,26.1,23.5555556,41.05,40.68333333333333,40.35,40.0,41.5,3.868296279999999,0.0203703866666664,0.6886666666666663,26.7,27.518,23.50679012888889,26.822222222222223,8.778629,8.680336,8.602801,8.540422,8.803313,0,0.0,0,1.0,0.21,5.9,94.1
2023-04-13 13:15:00,87.79926573888599,55.360007744444005,55.37639602222,23.5555556,27.518,41.5,1,5.1764362714980825,70.66250196097344,13,3,4,-0.2588190451025208,-0.9659258262890684,0.4338837391175582,-0.900968867902419,0.8660254037844387,-0.4999999999999998,831.75,819.5625,734.5833333333334,13.775,34.375,0.0,37.75,10.75,9.347423,0.0,26.3,23.53518521333333,41.46666666666667,41.05,40.68333333333333,40.35,41.5,3.962444399999995,0.0351852133333352,0.1293333333333315,27.388666666666666,27.424666666666667,23.525308662222223,27.202222222222225,8.803313,8.778629,8.680336,8.602801,8.793102,0,0.0,0,1.0,0.22,6.0,94.0
2023-04-13 13:30:00,110.43308258333,55.461392605554,55.47833644444,23.53518521333333,27.424666666666667,41.5,1,5.1764362714980825,70.66250196097344,13,3,4,-0.2588190451025208,-0.9659258262890684,0.4338837391175582,-0.900968867902419,0.8660254037844387,-0.4999999999999998,832.5,827.6875,755.9166666666666,13.85,34.55,0.0,37.5,10.8,9.389586,0.0,26.5,23.54444447,41.5,41.46666666666667,41.05,40.68333333333333,41.85,3.8894814533333353,-0.02037038666667,-0.0933333333333301,27.518,27.731333333333332,23.53703706666667,27.44377777777778,8.793102,8.803313,8.778629,8.680336,8.87194,0,0.0,0,1.0,0.21,6.0,94.0
2023-04-13 13:45:00,101.9142566,58.032400811112,58.048233544444,23.54444447,27.731333333333332,41.85,1,5.1764362714980825,70.66250196097344,13,3,4,-0.2588190451025208,-0.9659258262890684,0.4338837391175582,-0.900968867902419,0.8660254037844387,-0.4999999999999998,833.25,832.125,774.0416666666666,13.925,34.725,0.0,37.25,10.85,9.431362,0.0,26.7,23.6074074,41.5,41.5,41.46666666666667,41.05,42.0,4.186888863333337,0.0092592566666667,0.3066666666666684,27.424666666666667,28.186,23.54506176111111,27.558000000000003,8.87194,8.793102,8.803313,8.778629,8.935723,0,0.0,0,1.0,0.22,6.0,94.0
2023-04-13 14:00:00,91.478840799996,58.922920755556,58.94125342222,23.6074074,28.186,42.0,1,5.1764362714980825,70.66250196097344,14,3,4,-0.4999999999999997,-0.8660254037844388,0.4338837391175582,-0.900968867902419,0.8660254037844387,-0.4999999999999998,834.0,832.875,788.9583333333334,14.0,34.9,0.0,37.0,10.9,9.472736,0.0,26.9,23.56666669,41.85,41.5,41.5,41.46666666666667,42.0,4.5785926,0.0629629300000012,0.4546666666666645,27.731333333333332,28.157333333333334,23.56234569444445,27.780666666666665,8.935723,8.87194,8.793102,8.803313,8.915014,0,0.0,0,1.0,0.24,6.1,93.9
2023-04-13 14:15:00,102.196467611108,58.940975583334,58.957641633332,23.56666669,28.157333333333334,42.0,1,5.1764362714980825,70.66250196097344,14,3,4,-0.4999999999999997,-0.8660254037844388,0.4338837391175582,-0.900968867902419,0.8660254037844387,-0.4999999999999998,820.75,830.125,800.3958333333334,14.025,34.9,0.0,36.5,10.85,9.409766,0.0,27.025,23.48333332,42.0,41.85,41.5,41.5,42.0,4.590666643333336,-0.0407407100000014,-0.0286666666666661,28.186,28.340666666666667,23.57283952,28.02488888888889,8.915014,8.935723,8.87194,8.793102,8.872789,0,0.0,0,1.0,0.23,6.1,93.9
2023-04-13 14:30:00,92.885451283326,58.239059244444,58.256003066664,23.48333332,28.340666666666667,42.0,1,5.1764362714980825,70.66250196097344,14,3,4,-0.4999999999999997,-0.8660254037844388,0.4338837391175582,-0.900968867902419,0.8660254037844387,-0.4999999999999998,807.5,823.875,808.3541666666666,14.05,34.9,0.0,36.0,10.8,9.3454,0.0,27.15,23.411111100000003,42.0,42.0,41.85,41.5,42.3,4.857333346666668,-0.0833333699999983,0.1833333333333335,28.157333333333334,28.39466666666667,23.55246913666667,28.228,8.872789,8.915014,8.935723,8.87194,8.899452,0,0.0,0,1.0,0.21,5.9,94.1
2023-04-13 14:45:00,108.627876861114,60.1492606,60.167315511108,23.411111100000003,28.39466666666667,42.3,1,5.1764362714980825,70.66250196097344,14,3,4,-0.4999999999999997,-0.8660254037844388,0.4338837391175582,-0.900968867902419,0.8660254037844387,-0.4999999999999998,794.25,814.125,812.8333333333334,14.075,34.9,0.0,35.5,10.75,9.279619,0.0,27.275,23.4407407,42.0,42.0,42.0,41.85,42.21666666666667,4.983555566666666,-0.0722222199999969,0.054000000000002,28.340666666666667,28.73,23.487037036666667,28.29755555555556,8.899452,8.872789,8.915014,8.935723,8.896936,0,0.0,0,1.0,0.19,5.7,94.3
2023-04-13 15:00:00,106.727952944444,60.161482344444,60.177870605554,23.4407407,28.73,42.21666666666667,1,5.1764362714980825,70.66250196097344,15,3,4,-0.7071067811865471,-0.7071067811865479,0.4338837391175582,-0.900968867902419,0.8660254037844387,-0.4999999999999998,781.0,800.875,813.8333333333334,14.1,34.9,0.0,35.0,10.7,9.212415,0.0,27.4,23.40555555,42.3,42.0,42.0,42.0,42.5,5.289259300000001,0.0296295999999962,0.335333333333331,28.39466666666667,28.986,23.445061706666667,28.488444444444443,8.896936,8.899452,8.872789,8.915014,8.938697,0,0.0,0,1.0,0.2,5.8,94.2
2023-04-13 15:15:00,95.06203086666,60.68896126111,60.706460661106,23.40555555,28.986,42.5,1,5.1764362714980825,70.66250196097344,15,3,4,-0.7071067811865471,-0.7071067811865479,0.4338837391175582,-0.900968867902419,0.8660254037844387,-0.4999999999999998,754.5,784.3125,811.3333333333334,14.3,34.9,0.0,34.75,10.6,9.171932,0.0,27.45,23.327777776666668,42.21666666666667,42.3,42.0,42.0,42.5,5.580444450000002,-0.0351851500000002,0.2560000000000002,28.73,28.910666666666664,23.41913578333333,28.70355555555556,8.938697,8.896936,8.899452,8.872789,8.899126,0,0.0,0,1.0,0.19,5.7,94.3
2023-04-13 15:30:00,91.555504516658,59.091802900000005,59.110968916662,23.327777776666668,28.910666666666664,42.5,1,5.1764362714980825,70.66250196097344,15,3,4,-0.7071067811865471,-0.7071067811865479,0.4338837391175582,-0.900968867902419,0.8660254037844387,-0.4999999999999998,728.0,764.4375,805.3333333333334,14.5,34.9,0.0,34.5,10.5,9.131147,0.0,27.5,23.138888880000003,42.5,42.21666666666667,42.3,42.0,42.6,5.582888889999996,-0.0777777733333309,-0.0753333333333365,28.986,29.212,23.39135800888889,28.875555555555557,8.899126,8.938697,8.896936,8.899452,8.824372,0,0.0,0,1.0,0.17,5.6,94.4
2023-04-13 15:45:00,104.23777482222,56.829671172222,56.84661496111,23.138888880000003,29.212,42.6,1,5.1764362714980825,70.66250196097344,15,3,4,-0.7071067811865471,-0.7071067811865479,0.4338837391175582,-0.900968867902419,0.8660254037844387,-0.4999999999999998,701.5,741.25,795.8333333333334,14.7,34.9,0.0,34.25,10.4,9.090058,0.0,27.55,23.0592593,42.5,42.5,42.21666666666667,42.3,43.43333333333333,6.0731111199999965,-0.1888888966666648,0.3013333333333357,28.910666666666664,29.134,23.29074073555556,29.03622222222222,8.824372,8.899126,8.938697,8.896936,8.956135,0,0.0,0,1.0,0.12,5.3,94.7
2023-04-13 16:00:00,110.247256733328,57.270486905554,57.286875199996,23.0592593,29.134,43.43333333333333,1,5.1764362714980825,70.66250196097344,16,3,4,-0.8660254037844385,-0.5000000000000004,0.4338837391175582,-0.900968867902419,0.8660254037844387,-0.4999999999999998,675.0,714.75,782.8333333333334,14.9,34.9,0.0,34.0,10.3,9.04866,0.0,27.6,23.033333350000003,42.6,42.5,42.5,42.21666666666667,43.6,6.0747407,-0.0796295800000024,-0.0779999999999994,29.212,29.369333333333334,23.175308652222224,29.085555555555555,8.956135,8.824372,8.899126,8.938697,8.977182,0,0.0,0,1.0,0.11,5.3,94.7
2023-04-13 16:15:00,355.402172277776,58.403497116666,58.414330066664,23.033333350000003,29.369333333333334,43.6,1,5.1764362714980825,70.66250196097344,16,3,4,-0.8660254037844385,-0.5000000000000004,0.4338837391175582,-0.900968867902419,0.8660254037844387,-0.4999999999999998,637.5,685.5,766.6458333333334,15.05,35.075,0.0,33.75,10.125,8.932646,0.0,27.5,23.25740741,43.43333333333333,42.6,42.5,42.5,44.25,6.3359999833333305,-0.0259259499999977,0.2353333333333331,29.134,29.478666666666665,23.07716051,29.238444444444443,8.977182,8.956135,8.824372,8.899126,9.228421,0,0.0,0,1.0,0.11,5.2,94.8
2023-04-13 16:30:00,257.919405044444,60.640629877776,60.653407149998,23.25740741,29.478666666666665,44.25,1,5.1764362714980825,70.66250196097344,16,3,4,-0.8660254037844385,-0.5000000000000004,0.4338837391175582,-0.900968867902419,0.8660254037844387,-0.4999999999999998,600.0,653.5,747.2708333333334,15.2,35.25,0.0,33.5,9.95,8.817597,0.0,27.4,23.51666668,43.6,43.43333333333333,42.6,42.5,43.25,6.2212592566666665,0.2240740599999959,0.1093333333333319,29.369333333333334,29.258,23.116666686666665,29.32733333333333,9.228421,8.977182,8.956135,8.824372,9.154233,0,0.0,0,1.0,0.16,5.6,94.4
2023-04-13 16:45:00,140.086340872218,57.339095227778,57.3518725,23.51666668,29.258,43.25,1,5.1764362714980825,70.66250196097344,16,3,4,-0.8660254037844385,-0.5000000000000004,0.4338837391175582,-0.900968867902419,0.8660254037844387,-0.4999999999999998,562.5,618.75,724.7083333333334,15.35,35.425,0.0,33.25,9.775,8.703511,0.0,27.3,23.361111110000003,44.25,43.6,43.43333333333333,42.6,42.53333333333333,5.741333319999999,0.2592592700000011,-0.2206666666666663,29.478666666666665,29.294666666666664,23.26913581333333,29.368666666666662,9.154233,9.228421,8.977182,8.956135,8.9230585,0,0.0,0,1.0,0.22,6.0,94.0
2023-04-13 17:00:00,100.083218561118,58.591545094446,58.607377827778,23.361111110000003,29.294666666666664,42.53333333333333,1,5.1764362714980825,70.66250196097344,17,3,4,-0.9659258262890684,-0.2588190451025206,0.4338837391175582,-0.900968867902419,0.8660254037844387,-0.4999999999999998,525.0,581.25,698.9583333333334,15.5,35.6,0.0,33.0,9.6,8.590377,0.0,27.2,22.86111112,43.25,44.25,43.6,43.43333333333333,42.9,5.933555556666661,-0.1555555699999971,0.0366666666666652,29.258,29.204,23.37839506666667,29.34377777777777,8.9230585,9.154233,9.228421,8.977182,8.746423,0,0.0,0,1.0,0.18,5.7,94.3
2023-04-13 17:15:00,54.589205294442,21.7041318,21.717464583334,22.86111112,29.204,42.9,1,5.1764362714980825,70.66250196097344,17,3,4,-0.9659258262890684,-0.2588190451025206,0.4338837391175582,-0.900968867902419,0.8660254037844387,-0.4999999999999998,480.25,541.9375,670.5833333333334,14.875,35.425,0.0,34.0,9.7,8.704677,0.0,26.9,22.60185186333333,42.53333333333333,43.25,44.25,43.6,43.28333333333333,6.34288888,-0.4999999900000027,-0.0906666666666637,29.294666666666664,29.194000000000003,23.246296303333335,29.25222222222222,8.746423,8.9230585,9.154233,9.228421,8.694396,0,0.0,0,1.0,0.06,5.1,94.9
2023-04-13 17:30:00,738.644619799996,0.0,0.0,22.60185186333333,29.194000000000003,43.28333333333333,0,5.1764362714980825,70.66250196097344,17,3,4,-0.9659258262890684,-0.2588190451025206,0.4338837391175582,-0.900968867902419,0.8660254037844387,-0.4999999999999998,435.5,500.8125,639.5833333333334,14.25,35.25,0.0,35.0,9.8,8.8125305,0.0,26.6,22.5888889,42.9,42.53333333333333,43.25,44.25,43.0,6.5921481366666725,-0.2592592566666702,-0.009999999999998,29.204,29.262,22.94135803111111,29.230888888888888,8.694396,8.746423,8.9230585,9.154233,8.631059,1,1.0,1,0.75,0.0,5.0,95.0
2023-04-13 17:45:00,48.258347372222,0.0,0.0,22.5888889,29.262,43.0,0,5.1764362714980825,70.66250196097344,17,3,4,-0.9659258262890684,-0.2588190451025206,0.4338837391175582,-0.900968867902419,0.8660254037844387,-0.4999999999999998,390.75,457.875,605.9583333333334,13.625,35.075,0.0,36.0,9.9,8.9141,0.0,26.3,22.5592593,43.28333333333333,42.9,42.53333333333333,43.25,43.0,6.673111100000003,-0.012962963333333,0.0679999999999978,29.194000000000003,29.09733333333333,22.683950627777776,29.22,8.631059,8.694396,8.746423,8.9230585,8.616393,0,2.0,0,0.5,-0.0,5.0,95.0
2023-04-13 18:00:00,33.93836457778,0.0,0.0,22.5592593,29.09733333333333,43.0,0,5.1764362714980825,70.66250196097344,18,3,4,-1.0,-1.8369701987210294e-16,0.4338837391175582,-0.900968867902419,0.8660254037844387,-0.4999999999999998,346.0,413.125,569.7083333333334,13.0,34.9,0.0,37.0,10.0,9.009531,0.0,26.0,22.55000004,43.0,43.28333333333333,42.9,42.53333333333333,42.65,6.538074033333331,-0.0296295999999962,-0.1646666666666689,29.262,28.98,22.583333354444445,29.18444444444445,8.616393,8.631059,8.694396,8.746423,8.54172,0,3.0,0,0.25,-0.01,5.0,95.0
2023-04-13 18:15:00,45.219024300008,0.0,0.0,22.55000004,28.98,42.65,0,5.1764362714980825,70.66250196097344,18,3,4,-1.0,-1.8369701987210294e-16,0.4338837391175582,-0.900968867902419,0.8660254037844387,-0.4999999999999998,299.75,368.0,531.8125,12.45,33.025,0.0,38.5,9.975,9.001442,0.0,25.275,22.48333332,43.0,43.0,43.28333333333333,42.9,42.31666666666667,6.42999996,-0.0092592600000003,-0.117333333333331,29.09733333333333,28.87933333333333,22.56604941333333,29.11311111111111,8.54172,8.616393,8.631059,8.694396,8.442583,0,4.0,0,0.0,-0.02,5.0,95.0
2023-04-13 18:30:00,40.092840572226,0.0,0.0,22.48333332,28.87933333333333,42.31666666666667,0,5.1764362714980825,70.66250196097344,18,3,4,-1.0,-1.8369701987210294e-16,0.4338837391175582,-0.900968867902419,0.8660254037844387,-0.4999999999999998,253.5,322.5,492.2708333333333,11.9,31.15,0.0,40.0,9.95,8.977669,0.0,24.55,22.43888885,42.65,43.0,43.0,43.28333333333333,41.95,6.396000013333332,-0.0666667200000006,-0.1006666666666689,28.98,28.59,22.53086422,28.985555555555557,8.442583,8.54172,8.616393,8.631059,8.348086,0,4.0,0,0.0,-0.03,5.0,95.0
2023-04-13 18:45:00,49.937724544448,0.0,0.0,22.43888885,28.59,41.95,0,5.1764362714980825,70.66250196097344,18,3,4,-1.0,-1.8369701987210294e-16,0.4338837391175582,-0.900968867902419,0.8660254037844387,-0.4999999999999998,207.25,276.625,451.0833333333333,11.35,29.275,0.0,41.5,9.925,8.93932,0.0,23.825000000000003,22.37222221333333,42.31666666666667,42.65,43.0,43.0,41.53333333333333,6.151111149999998,-0.0444444699999984,-0.2893333333333316,28.87933333333333,28.376,22.49074073666667,28.816444444444443,8.348086,8.442583,8.54172,8.616393,8.233565,0,4.0,0,0.0,-0.05,5.0,95.0
2023-04-13 19:00:00,47.248109900004,0.0,0.0,22.37222221333333,28.376,41.53333333333333,0,5.1764362714980825,70.66250196097344,19,3,4,-0.9659258262890684,0.2588190451025203,0.4338837391175582,-0.900968867902419,0.8660254037844387,-0.4999999999999998,161.0,230.375,408.25,10.8,27.4,0.0,43.0,9.9,8.887455,0.0,23.1,22.29444445,41.95,42.31666666666667,42.65,43.0,41.15,6.003777786666667,-0.066666636666671,-0.2140000000000022,28.59,27.892666666666667,22.431481461111115,28.61511111111111,8.233565,8.348086,8.442583,8.54172,8.121172,0,4.0,0,0.0,-0.07,5.1,94.9
2023-04-13 19:15:00,35.570521438894,0.0,0.0,22.29444445,27.892666666666667,41.15,0,5.1764362714980825,70.66250196097344,19,3,4,-0.9659258262890684,0.2588190451025203,0.4338837391175582,-0.900968867902419,0.8660254037844387,-0.4999999999999998,126.25,187.0,365.6458333333333,11.25,26.4,0.0,42.75,9.275,8.549469,0.0,22.525,22.2777778,41.53333333333333,41.95,42.31666666666667,42.65,41.0,5.598222216666667,-0.07777776333333,-0.4833333333333307,28.376,27.38533333333333,22.36851850444445,28.28622222222222,8.121172,8.233565,8.348086,8.442583,8.083815,0,4.0,0,0.0,-0.09,5.2,94.8
2023-04-13 19:30:00,270.045308822224,0.0,0.0,22.2777778,27.38533333333333,41.0,0,5.1764362714980825,70.66250196097344,19,3,4,-0.9659258262890684,0.2588190451025203,0.4338837391175582,-0.900968867902419,0.8660254037844387,-0.4999999999999998,91.5,146.5,323.2708333333333,11.7,25.4,0.0,42.5,8.65,8.22284,0.0,21.950000000000003,22.19444447,41.15,41.53333333333333,41.95,42.31666666666667,40.6,5.107555533333336,-0.0166666500000012,-0.5073333333333316,27.892666666666667,26.918666666666663,22.314814821111117,27.884666666666664,8.083815,8.121172,8.233565,8.348086,7.966652,0,4.0,0,0.0,-0.09,5.2,94.8
2023-04-13 19:45:00,52.38707093334,0.0,0.0,22.19444447,26.918666666666663,40.6,0,5.1764362714980825,70.66250196097344,19,3,4,-0.9659258262890684,0.2588190451025203,0.4338837391175582,-0.900968867902419,0.8660254037844387,-0.4999999999999998,56.75,108.875,281.125,12.15,24.4,0.0,42.25,8.025,7.9072475,0.0,21.375,22.11481480666667,41.0,41.15,41.53333333333333,41.95,39.85,4.724222196666663,-0.0833333299999985,-0.4666666666666721,27.38533333333333,26.418666666666663,22.255555573333336,27.39888888888889,7.966652,8.083815,8.121172,8.233565,7.7837133,0,4.0,0,0.0,-0.11,5.3,94.7
2023-04-13 20:00:00,53.260925011112,0.0,0.0,22.11481480666667,26.418666666666663,39.85,0,5.1764362714980825,70.66250196097344,20,3,4,-0.8660254037844386,0.5000000000000001,0.4338837391175582,-0.900968867902419,0.8660254037844387,-0.4999999999999998,22.0,74.125,239.20833333333331,12.6,23.4,0.0,42.0,7.4,7.602365,0.0,20.8,22.07222225,40.6,41.0,41.15,41.53333333333333,39.5,4.303851859999995,-0.0796296633333319,-0.5,26.918666666666663,26.06733333333333,22.19567902555556,26.90755555555556,7.7837133,7.966652,8.083815,8.121172,7.6964407,0,4.0,0,0.0,-0.14,5.4,94.6
2023-04-13 20:15:00,34.325015894442004,0.0,0.0,22.07222225,26.06733333333333,39.5,0,5.1764362714980825,70.66250196097344,20,3,4,-0.8660254037844386,0.5000000000000001,0.4338837391175582,-0.900968867902419,0.8660254037844387,-0.4999999999999998,16.5,46.6875,200.5625,12.625,22.6,0.0,42.25,7.050000000000001,7.4387374,0.0,20.325,22.03518521333333,39.85,40.6,41.0,41.15,39.5,3.995111083333335,-0.0425925566666691,-0.3513333333333293,26.418666666666663,25.87933333333333,22.12716050888889,26.46822222222222,7.6964407,7.7837133,7.966652,8.083815,7.6800323,0,4.0,0,0.0,-0.15,5.5,94.5
2023-04-13 20:30:00,40.082563283334,0.0,0.0,22.03518521333333,25.87933333333333,39.5,0,5.1764362714980825,70.66250196097344,20,3,4,-0.8660254037844386,0.5000000000000001,0.4338837391175582,-0.900968867902419,0.8660254037844387,-0.4999999999999998,11.0,26.5625,165.1875,12.65,21.8,0.0,42.5,6.7,7.277629,0.0,19.85,21.96111108,39.5,39.85,40.6,41.0,39.5,3.84414812,-0.0370370366666676,-0.1880000000000024,26.06733333333333,25.514666666666667,22.07407409,26.121777777777776,7.6800323,7.6964407,7.7837133,7.966652,7.647304,0,4.0,0,0.0,-0.16,5.5,94.5
2023-04-13 20:45:00,39.338426383334,0.0,0.0,21.96111108,25.514666666666667,39.5,0,5.1764362714980825,70.66250196097344,20,3,4,-0.8660254037844386,0.5000000000000001,0.4338837391175582,-0.900968867902419,0.8660254037844387,-0.4999999999999998,5.5,13.75,133.08333333333334,12.675,21.0,0.0,42.75,6.35,7.1190248,0.0,19.375,21.92407405,39.5,39.5,39.85,40.6,39.5,3.553555586666665,-0.0740741333333296,-0.3646666666666647,25.87933333333333,25.056,22.02283951444445,25.820444444444444,7.647304,7.6800323,7.6964407,7.7837133,7.6309876,0,4.0,0,0.0,-0.18,5.6,94.4
2023-04-13 21:00:00,49.5080196,0.0,0.0,21.92407405,25.056,39.5,0,5.1764362714980825,70.66250196097344,21,3,4,-0.7071067811865477,0.7071067811865474,0.4338837391175582,-0.900968867902419,0.8660254037844387,-0.4999999999999998,0.0,8.25,104.25,12.7,20.2,0.0,43.0,6.0,6.9629116,0.0,18.9,21.84999998,39.5,39.5,39.5,39.85,39.55,3.131925950000003,-0.037037030000004,-0.4586666666666659,25.514666666666667,24.552000000000003,21.97345678111111,25.48333333333333,7.6309876,7.647304,7.6800323,7.6964407,7.6080585,0,4.0,0,0.0,-0.19,5.7,94.3
2023-04-13 21:15:00,48.689718900004,0.0,0.0,21.84999998,24.552000000000003,39.55,0,5.1764362714980825,70.66250196097344,21,3,4,-0.7071067811865477,0.7071067811865474,0.4338837391175582,-0.900968867902419,0.8660254037844387,-0.4999999999999998,0.0,4.125,79.27083333333333,12.65,20.9,0.0,42.75,5.625,6.7906456,0.0,18.575,21.81296295,39.5,39.5,39.5,39.5,39.96666666666667,2.7020000200000034,-0.0740740699999982,-0.5039999999999978,25.056,24.14466666666667,21.91172837,25.04088888888889,7.6080585,7.6309876,7.647304,7.6800323,7.6717906,0,4.0,0,0.0,-0.2,5.9,94.1
2023-04-13 21:30:00,41.444453255556,0.0,0.0,21.81296295,24.14466666666667,39.96666666666667,0,5.1764362714980825,70.66250196097344,21,3,4,-0.7071067811865477,0.7071067811865474,0.4338837391175582,-0.900968867902419,0.8660254037844387,-0.4999999999999998,0.0,1.375,58.145833333333336,12.6,21.6,0.0,42.5,5.25,6.6220875,0.0,18.25,21.73888888,39.55,39.5,39.5,39.5,39.95,2.33170371666667,-0.0370370300000004,-0.4073333333333337,24.552000000000003,23.818,21.862345660000003,24.584222222222223,7.6717906,7.6080585,7.6309876,7.647304,7.6358566,0,4.0,0,0.0,-0.21,5.9,94.1
2023-04-13 21:45:00,42.790788333332,0.0,0.0,21.73888888,23.818,39.95,0,5.1764362714980825,70.66250196097344,21,3,4,-0.7071067811865477,0.7071067811865474,0.4338837391175582,-0.900968867902419,0.8660254037844387,-0.4999999999999998,0.0,0.0,40.875,12.55,22.3,0.0,42.25,4.875,6.4571724,0.0,17.925,21.70185185,39.96666666666667,39.55,39.5,39.5,39.53333333333333,2.0791111199999968,-0.0740740699999982,-0.3266666666666715,24.14466666666667,23.421333333333333,21.800617270000004,24.17155555555556,7.6358566,7.6717906,7.6080585,7.6309876,7.540065,0,4.0,0,0.0,-0.23,6.1,93.9
2023-04-13 22:00:00,62.146958422224,0.0,0.0,21.70185185,23.421333333333333,39.53333333333333,0,5.1764362714980825,70.66250196097344,22,3,4,-0.5000000000000004,0.8660254037844384,0.4338837391175582,-0.900968867902419,0.8660254037844387,-0.4999999999999998,0.0,0.0,27.45833333333333,12.5,23.0,0.0,42.0,4.5,6.2958293,0.0,17.6,21.66111114,39.95,39.96666666666667,39.55,39.5,39.5,1.7194814833333325,-0.0370370300000004,-0.3966666666666647,23.818,23.226,21.75123456,23.794666666666668,7.540065,7.6358566,7.6717906,7.6080585,7.5159903,0,4.0,0,0.0,-0.24,6.2,93.8
2023-04-13 22:15:00,79.78736396111,0.0,0.0,21.66111114,23.226,39.5,0,5.1764362714980825,70.66250196097344,22,3,4,-0.5000000000000004,0.8660254037844384,0.4338837391175582,-0.900968867902419,0.8660254037844387,-0.4999999999999998,0.0,0.0,16.9375,12.7,23.725,7.5,41.75,4.375,6.2397056,0.0,17.55,21.59444445666667,39.53333333333333,39.95,39.96666666666667,39.55,39.5,1.56488886,-0.0407407100000014,-0.195333333333334,23.421333333333333,22.814,21.70061729,23.488444444444443,7.5159903,7.540065,7.6358566,7.6717906,7.487073,0,4.0,0,0.0,-0.25,6.3,93.7
2023-04-13 22:30:00,45.520679083334,0.0,0.0,21.59444445666667,22.814,39.5,0,5.1764362714980825,70.66250196097344,22,3,4,-0.5000000000000004,0.8660254037844384,0.4338837391175582,-0.900968867902419,0.8660254037844387,-0.4999999999999998,0.0,0.0,9.3125,12.9,24.45,15.0,41.5,4.25,6.1838527,0.0,17.5,21.55000004,39.5,39.53333333333333,39.95,39.96666666666667,39.15,1.2195555433333318,-0.0666666833333309,-0.411999999999999,23.226,22.60333333333333,21.652469148888887,23.153777777777776,7.487073,7.5159903,7.540065,7.6358566,7.40168,0,4.0,0,0.0,-0.26,6.4,93.6
2023-04-13 22:45:00,54.192832266664,0.0,0.0,21.55000004,22.60333333333333,39.15,0,5.1764362714980825,70.66250196097344,22,3,4,-0.5000000000000004,0.8660254037844384,0.4338837391175582,-0.900968867902419,0.8660254037844387,-0.4999999999999998,0.0,0.0,4.583333333333333,13.1,25.175,22.5,41.25,4.125,6.12827,0.0,17.45,21.503703706666663,39.5,39.5,39.53333333333333,39.95,39.18333333333333,1.0533332933333348,-0.0444444166666677,-0.2106666666666647,22.814,22.09,21.60185187888889,22.88111111111111,7.40168,7.487073,7.5159903,7.540065,7.3881655,0,4.0,0,0.0,-0.28,6.6,93.4
2023-04-13 23:00:00,58.52876983889,0.0,0.0,21.503703706666663,22.09,39.18333333333333,0,5.1764362714980825,70.66250196097344,23,3,4,-0.2588190451025215,0.965925826289068,0.4338837391175582,-0.900968867902419,0.8660254037844387,-0.4999999999999998,0.0,0.0,2.75,13.3,25.9,30.0,41.0,4.0,6.0729575,0.0,17.4,21.45555553,39.15,39.5,39.5,39.53333333333333,39.45,0.5862962933333336,-0.0462963333333341,-0.5133333333333354,22.60333333333333,22.15266666666667,21.54938273444445,22.502444444444446,7.3881655,7.40168,7.487073,7.5159903,7.4177413,0,4.0,0,0.0,-0.29,6.7,93.3
2023-04-13 23:15:00,42.824398105554,0.0,0.0,21.45555553,22.15266666666667,39.45,0,5.1764362714980825,70.66250196097344,23,3,4,-0.2588190451025215,0.965925826289068,0.4338837391175582,-0.900968867902419,0.8660254037844387,-0.4999999999999998,0.0,0.0,1.375,12.625,25.725,32.5,41.5,4.0,6.064834,0.0,17.174999999999997,21.3925926,39.18333333333333,39.15,39.5,39.5,39.03333333333333,0.6971111366666669,-0.0481481766666647,0.0626666666666686,22.09,22.159333333333333,21.503086425555555,22.282,7.4177413,7.3881655,7.40168,7.487073,7.3126855,0,4.0,0,0.0,-0.3,6.8,93.2
2023-04-13 23:30:00,56.348023638894,0.0,0.0,21.3925926,22.159333333333333,39.03333333333333,0,5.1764362714980825,70.66250196097344,23,3,4,-0.2588190451025215,0.965925826289068,0.4338837391175582,-0.900968867902419,0.8660254037844387,-0.4999999999999998,0.0,0.0,0.4583333333333333,11.95,25.55,35.0,42.0,4.0,6.0556965,0.0,16.95,21.3888889,39.45,39.18333333333333,39.15,39.5,39.35,0.7667407333333323,-0.0629629300000012,0.0066666666666641,22.15266666666667,21.582,21.45061727888889,22.134,7.3126855,7.4177413,7.3881655,7.40168,7.370428,0,4.0,0,0.0,-0.31,7.1,92.9
2023-04-13 23:45:00,61.60809107778,0.0,0.0,21.3888889,21.582,39.35,0,5.1764362714980825,70.66250196097344,23,3,4,-0.2588190451025215,0.965925826289068,0.4338837391175582,-0.900968867902419,0.8660254037844387,-0.4999999999999998,0.0,0.0,0.0,11.275,25.375,37.5,42.5,4.0,6.0455723,0.0,16.725,21.36851851333333,39.03333333333333,39.45,39.18333333333333,39.15,39.5,0.1931110999999994,-0.003703699999999,-0.5773333333333319,22.159333333333333,21.236,21.41234567666667,21.96466666666667,7.370428,7.3126855,7.4177413,7.3881655,7.3897986,0,4.0,0,0.0,-0.31,7.0,93.0
2023-04-14 00:00:00,107.98095827222602,0.0,0.0,21.36851851333333,21.236,39.5,0,5.1764362714980825,70.66250196097344,0,4,4,0.0,1.0,-0.433883739117558,-0.9009688679024191,0.8660254037844387,-0.4999999999999998,0.0,0.0,0.0,10.6,25.2,40.0,43.0,4.0,6.034481,0.0,16.5,21.29444445,39.35,39.03333333333333,39.45,39.18333333333333,39.45,-0.1325185133333377,-0.0203703866666664,-0.3460000000000036,21.582,20.982666666666667,21.38333333777778,21.659111111111116,7.3897986,7.370428,7.3126855,7.4177413,7.3488317,0,4.0,0,0.0,-0.32,7.1,92.9
2023-04-14 00:15:00,220.686449922224,0.0,0.0,21.29444445,20.982666666666667,39.45,0,5.1764362714980825,70.66250196097344,0,4,4,0.0,1.0,-0.433883739117558,-0.9009688679024191,0.8660254037844387,-0.4999999999999998,0.0,0.0,0.0,10.275,23.75,34.25,44.0,4.025,6.082499,0.0,16.25,21.257407413333333,39.5,39.35,39.03333333333333,39.45,39.03333333333333,-0.3117777833333335,-0.0740740633333345,-0.2533333333333303,21.236,20.944,21.35061728777778,21.26688888888889,7.3488317,7.3897986,7.370428,7.3126855,7.255616,0,4.0,0,0.0,-0.33,7.3,92.7
2023-04-14 00:30:00,62.264731577776,0.0,0.0,21.257407413333333,20.944,39.03333333333333,0,5.1764362714980825,70.66250196097344,0,4,4,0.0,1.0,-0.433883739117558,-0.9009688679024191,0.8660254037844387,-0.4999999999999998,0.0,0.0,0.0,9.95,22.3,28.5,45.0,4.05,6.1275463,0.0,16.0,21.21666665,39.45,39.5,39.35,39.03333333333333,39.35,-0.3134074133333335,-0.0370370366666676,-0.0386666666666677,20.982666666666667,21.255333333333333,21.30679012555556,21.054222222222226,7.255616,7.3488317,7.3897986,7.370428,7.297217,0,4.0,0,0.0,-0.35,7.5,92.5
2023-04-14 00:45:00,62.5158326,17.885673444444,17.894839727778,21.21666665,21.255333333333333,39.35,1,5.1764362714980825,70.66250196097344,0,4,4,0.0,1.0,-0.433883739117558,-0.9009688679024191,0.8660254037844387,-0.4999999999999998,0.0,0.0,0.0,9.625,20.85,22.75,46.0,4.074999999999999,6.1696944,0.0,15.75,21.109259276666663,39.03333333333333,39.45,39.5,39.35,39.5,0.0386666833333322,-0.0407407633333321,0.3113333333333337,20.944,21.144,21.25617283777778,21.060666666666663,7.297217,7.255616,7.3488317,7.3897986,7.279524,0,3.0,1,0.25,-0.35,7.6,92.4
2023-04-14 01:00:00,75.117273055552,35.643296411112,35.650796127778,21.109259276666663,21.144,39.5,1,5.1764362714980825,70.66250196097344,1,4,4,0.2588190451025207,0.9659258262890684,-0.433883739117558,-0.9009688679024191,0.8660254037844387,-0.4999999999999998,0.0,0.0,0.0,9.3,19.4,17.0,47.0,4.1,6.2090106,0.0,15.5,20.827777790000003,39.35,39.03333333333333,39.45,39.5,39.85,0.0347407233333321,-0.1074073733333342,-0.1113333333333344,21.255333333333333,21.045333333333332,21.194444446666665,21.114444444444445,7.279524,7.297217,7.255616,7.3488317,7.224863,0,2.0,0,0.5,-0.38,8.0,92.0
2023-04-14 01:15:00,80.285399588888,35.431638244444,35.441360088888004,20.827777790000003,21.045333333333332,39.85,1,5.1764362714980825,70.66250196097344,1,4,4,0.2588190451025207,0.9659258262890684,-0.433883739117558,-0.9009688679024191,0.8660254037844387,-0.4999999999999998,0.0,0.0,0.0,8.825000000000001,18.25,35.0,47.75,4.074999999999999,6.203593,0.0,15.225,20.56111109,39.5,39.35,39.03333333333333,39.45,40.0,0.2175555433333329,-0.2814814866666637,-0.0986666666666629,21.144,21.134,21.051234572222224,21.14822222222222,7.224863,7.279524,7.297217,7.255616,7.1402993,0,1.0,0,0.75,-0.44,9.1,90.9
2023-04-14 01:30:00,84.162188944444,37.44405776111,37.457390577776,20.56111109,21.134,40.0,1,5.1764362714980825,70.66250196097344,1,4,4,0.2588190451025207,0.9659258262890684,-0.433883739117558,-0.9009688679024191,0.8660254037844387,-0.4999999999999998,0.0,0.0,0.0,8.350000000000001,17.1,53.0,48.5,4.05,6.1964235,0.0,14.95,20.31666667,39.85,39.5,39.35,39.03333333333333,40.35,0.5728889099999996,-0.2666667000000018,0.0886666666666649,21.045333333333332,21.15333333333333,20.832716052222224,21.10777777777778,7.1402993,7.224863,7.279524,7.297217,7.1007576,0,0.0,0,1.0,-0.5,10.3,89.7
2023-04-14 01:45:00,85.506579500004,36.9035238,36.916301055556,20.31666667,21.15333333333333,40.35,1,5.1764362714980825,70.66250196097344,1,4,4,0.2588190451025207,0.9659258262890684,-0.433883739117558,-0.9009688679024191,0.8660254037844387,-0.4999999999999998,0.0,0.0,0.0,7.875,15.95,71.0,49.25,4.025,6.1875563,0.0,14.675,20.13333337,40.0,39.85,39.5,39.35,40.5,0.8366666633333324,-0.2444444200000006,0.019333333333332,21.134,21.156,20.568518516666668,21.11088888888889,7.1007576,7.1402993,7.224863,7.279524,7.0511837,0,0.0,0,1.0,-0.56,11.6,88.4
2023-04-14 02:00:00,66.28651501667001,29.179666066668,29.193832200000003,20.13333337,21.156,40.5,1,5.1764362714980825,70.66250196097344,2,4,4,0.4999999999999999,0.8660254037844387,-0.433883739117558,-0.9009688679024191,0.8660254037844387,-0.4999999999999998,0.0,0.0,0.0,7.4,14.8,89.0,50.0,4.0,6.177039,0.0,14.4,20.00555557,40.35,40.0,39.85,39.5,40.5,1.0226666299999998,-0.183333300000001,0.0026666666666663,21.15333333333333,21.08,20.337037043333336,21.147777777777776,7.0511837,7.1007576,7.1402993,7.224863,6.998649,0,0.0,0,1.0,-0.6,12.5,87.5
2023-04-14 02:15:00,70.575787955556,30.724326544444,30.736548272222,20.00555557,21.08,40.5,1,5.1764362714980825,70.66250196097344,2,4,4,0.4999999999999999,0.8660254037844387,-0.433883739117558,-0.9009688679024191,0.8660254037844387,-0.4999999999999998,0.0,0.0,0.0,7.6,14.525,91.75,50.25,3.95,6.1417336,0.0,14.225,19.85555557,40.5,40.35,40.0,39.85,40.5,1.0744444299999962,-0.1277777999999969,-0.0760000000000005,21.156,20.96333333333333,20.15185187,21.12977777777777,6.998649,7.0511837,7.1007576,7.1402993,6.937412,0,0.0,0,1.0,-0.63,13.3,86.7
2023-04-14 02:30:00,61.040891716662,28.072210416666,28.085265477776,19.85555557,20.96333333333333,40.5,1,5.1764362714980825,70.66250196097344,2,4,4,0.4999999999999999,0.8660254037844387,-0.433883739117558,-0.9009688679024191,0.8660254037844387,-0.4999999999999998,0.0,0.0,0.0,7.8,14.25,94.5,50.5,3.9,6.1063876,0.0,14.05,19.76666669,40.5,40.5,40.35,40.0,40.5,1.1077777633333312,-0.1500000000000021,-0.1166666666666671,21.08,20.729333333333333,19.99814817,21.066444444444443,6.937412,6.998649,7.0511837,7.1007576,6.901342,0,0.0,0,1.0,-0.67,14.3,85.7
2023-04-14 02:45:00,76.304725588884,29.0346719,29.046060311112,19.76666669,20.729333333333333,40.5,1,5.1764362714980825,70.66250196097344,2,4,4,0.4999999999999999,0.8660254037844387,-0.433883739117558,-0.9009688679024191,0.8660254037844387,-0.4999999999999998,0.0,0.0,0.0,8.0,13.975,97.25,50.75,3.85,6.0710034,0.0,13.875,19.67407410666667,40.5,40.5,40.5,40.35,40.5,0.962666643333332,-0.0888888799999989,-0.2339999999999982,20.96333333333333,20.59,19.875925943333336,20.924222222222223,6.901342,6.937412,6.998649,7.0511837,6.863942,0,0.0,0,1.0,-0.69,14.9,85.1
2023-04-14 03:00:00,62.589440805554,0.0,0.0,19.67407410666667,20.59,40.5,0,5.1764362714980825,70.66250196097344,3,4,4,0.7071067811865476,0.7071067811865476,-0.433883739117558,-0.9009688679024191,0.8660254037844387,-0.4999999999999998,0.0,0.0,0.0,8.2,13.7,100.0,51.0,3.8,6.035587,0.0,13.7,19.71666666,40.5,40.5,40.5,40.5,40.15,0.915925893333327,-0.0925925833333316,-0.1393333333333366,20.729333333333333,20.46933333333333,19.765432122222222,20.76088888888889,6.863942,6.901342,6.937412,6.998649,6.8216577,1,1.0,1,0.75,-0.71,15.5,84.5
2023-04-14 03:15:00,34.383346977772,0.0,0.0,19.71666666,20.46933333333333,40.15,0,5.1764362714980825,70.66250196097344,3,4,4,0.7071067811865476,0.7071067811865476,-0.433883739117558,-0.9009688679024191,0.8660254037844387,-0.4999999999999998,0.0,0.0,0.0,7.824999999999999,13.7,100.0,52.0,3.8,6.0598598,0.0,13.45,19.84629628,40.5,40.5,40.5,40.5,40.0,0.7526666733333371,0.0425925533333284,-0.1206666666666613,20.59,20.25933333333333,19.71913581888889,20.596222222222224,6.8216577,6.863942,6.901342,6.937412,6.848047,0,2.0,0,0.5,-0.7,15.3,84.7
2023-04-14 03:30:00,34.538062972218,0.0,0.0,19.84629628,20.25933333333333,40.0,0,5.1764362714980825,70.66250196097344,3,4,4,0.7071067811865476,0.7071067811865476,-0.433883739117558,-0.9009688679024191,0.8660254037844387,-0.4999999999999998,0.0,0.0,0.0,7.449999999999999,13.7,100.0,53.0,3.8,6.081794,0.0,13.2,19.92777775,40.15,40.5,40.5,40.5,40.0,0.4130370533333334,0.1296296200000029,-0.2100000000000008,20.46933333333333,20.110666666666663,19.74567901555556,20.439555555555557,6.848047,6.8216577,6.863942,6.901342,6.880829,0,3.0,0,0.25,-0.67,14.4,85.6
2023-04-14 03:45:00,47.951137277784,0.0,0.0,19.92777775,20.110666666666663,40.0,0,5.1764362714980825,70.66250196097344,3,4,4,0.7071067811865476,0.7071067811865476,-0.433883739117558,-0.9009688679024191,0.8660254037844387,-0.4999999999999998,0.0,0.0,0.0,7.075,13.7,100.0,54.0,3.8,6.1014442,0.0,12.95,19.96481478666667,40.0,40.15,40.5,40.5,40.0,0.1828889166666627,0.0814814699999999,-0.1486666666666707,20.25933333333333,19.804,19.83024689666667,20.279777777777777,6.880829,6.848047,6.8216577,6.863942,6.895773,0,4.0,0,0.0,-0.65,13.9,86.1
2023-04-14 04:00:00,69.071403749998,19.044793744444,19.057293277776,19.96481478666667,19.804,40.0,1,5.1764362714980825,70.66250196097344,4,4,4,0.8660254037844386,0.5000000000000001,-0.433883739117558,-0.9009688679024191,0.8660254037844387,-0.4999999999999998,0.0,0.0,0.0,6.7,13.7,100.0,55.0,3.8,6.1188684,0.0,12.7,19.90555556,40.0,40.0,40.15,40.5,40.35,-0.1608147866666698,0.0370370366666676,-0.3066666666666648,20.110666666666663,19.466666666666665,19.91296293888889,20.058,6.895773,6.880829,6.848047,6.8216577,6.9320025,0,3.0,1,0.25,-0.64,13.7,86.3
2023-04-14 04:15:00,65.689316872218,28.248870033332,28.261369533332,19.90555556,19.466666666666665,40.35,1,5.1764362714980825,70.66250196097344,4,4,4,0.8660254037844386,0.5000000000000001,-0.433883739117558,-0.9009688679024191,0.8660254037844387,-0.4999999999999998,0.0,0.0,0.0,6.6,12.975,100.0,55.75,3.75,6.1067376,0.0,12.45,19.71296296333333,40.0,40.0,40.0,40.15,40.5,-0.4388888933333348,-0.0592592266666684,-0.3373333333333335,19.804,19.08333333333333,19.932716032222224,19.793777777777777,6.9320025,6.895773,6.880829,6.848047,6.879629,0,2.0,0,0.5,-0.65,14.0,86.0
2023-04-14 04:30:00,67.750067788884,26.956143944444,26.969199005554,19.71296296333333,19.08333333333333,40.5,1,5.1764362714980825,70.66250196097344,4,4,4,0.8660254037844386,0.5000000000000001,-0.433883739117558,-0.9009688679024191,0.8660254037844387,-0.4999999999999998,0.0,0.0,0.0,6.5,12.25,100.0,56.5,3.7,6.0933366,0.0,12.2,19.62222223,40.35,40.0,40.0,40.0,40.85,-0.6296296300000002,-0.1925925966666675,-0.3833333333333328,19.466666666666665,18.964,19.861111103333336,19.45133333333333,6.879629,6.9320025,6.895773,6.880829,6.902213,0,1.0,0,0.75,-0.7,15.3,84.7
2023-04-14 04:45:00,59.090136250002,20.49918,20.5091796,19.62222223,18.964,40.85,1,5.1764362714980825,70.66250196097344,4,4,4,0.8660254037844386,0.5000000000000001,-0.433883739117558,-0.9009688679024191,0.8660254037844387,-0.4999999999999998,0.0,0.0,0.0,6.4,11.525,100.0,57.25,3.65,6.0787034,0.0,11.95,19.518518526666664,40.5,40.35,40.0,40.0,41.0,-0.6582222299999962,-0.0907407333333338,-0.1193333333333299,19.08333333333333,18.91466666666667,19.74691358444445,19.171333333333333,6.902213,6.879629,6.9320025,6.895773,6.885475,0,0.0,0,1.0,-0.72,15.8,84.2
2023-04-14 05:00:00,70.867720694446,26.6814327,26.692543372222,19.518518526666664,18.91466666666667,41.0,1,5.1764362714980825,70.66250196097344,5,4,4,0.9659258262890684,0.2588190451025207,-0.433883739117558,-0.9009688679024191,0.8660254037844387,-0.4999999999999998,0.0,0.0,0.0,6.3,10.8,100.0,58.0,3.6,6.062873,0.0,11.7,19.40555555,40.85,40.5,40.35,40.0,41.0,-0.6038518599999954,-0.1037037033333341,-0.0493333333333332,18.964,18.44333333333333,19.61790124,18.987333333333336,6.885475,6.902213,6.879629,6.9320025,6.839889,0,0.0,0,1.0,-0.74,16.6,83.4
2023-04-14 05:15:00,75.852521261114,24.810674216666,24.822340416666,19.40555555,18.44333333333333,41.0,1,5.1764362714980825,70.66250196097344,5,4,4,0.9659258262890684,0.2588190451025207,-0.433883739117558,-0.9009688679024191,0.8660254037844387,-0.4999999999999998,0.0,0.0,0.0,6.475,11.15,100.0,58.5,3.55,6.0295963,0.0,11.475,19.36851851333333,41.0,40.85,40.5,40.35,41.18333333333333,-0.9622222166666674,-0.1129629766666653,-0.4713333333333374,18.91466666666667,17.973333333333336,19.515432102222224,18.774,6.839889,6.885475,6.902213,6.879629,6.855516,0,0.0,0,1.0,-0.77,17.4,82.6
2023-04-14 05:30:00,59.907325827778,18.972018872222,18.984796177776,19.36851851333333,17.973333333333336,41.18333333333333,1,5.1764362714980825,70.66250196097344,5,4,4,0.9659258262890684,0.2588190451025207,-0.433883739117558,-0.9009688679024191,0.8660254037844387,-0.4999999999999998,0.0,0.0,0.0,6.65,11.5,100.0,59.0,3.5,5.9959087,0.0,11.25,19.28888889,41.0,41.0,40.85,40.5,41.5,-1.3951851799999986,-0.0370370366666641,-0.4699999999999953,18.44333333333333,18.159333333333333,19.43086419666667,18.44377777777778,6.855516,6.839889,6.885475,6.902213,6.875923,0,0.0,0,1.0,-0.78,17.7,82.3
2023-04-14 05:45:00,55.61721972222,21.864680944444,21.876902688888,19.28888889,18.159333333333333,41.5,1,5.1764362714980825,70.66250196097344,5,4,4,0.9659258262890684,0.2588190451025207,-0.433883739117558,-0.9009688679024191,0.8660254037844387,-0.4999999999999998,0.0,0.0,0.0,6.825,11.85,100.0,59.5,3.45,5.9618287,0.0,11.025,19.225925906666667,41.18333333333333,41.0,41.0,40.85,41.5,-1.1295555566666664,-0.0796296233333357,0.1859999999999964,17.973333333333336,17.685333333333332,19.354320984444445,18.192000000000004,6.875923,6.855516,6.839889,6.885475,6.8504715,0,0.0,0,1.0,-0.79,18.2,81.8
2023-04-14 06:00:00,54.164777888884,20.91055246111,20.922774205554,19.225925906666667,17.685333333333332,41.5,1,5.1764362714980825,70.66250196097344,6,4,4,1.0,6.123233995736766e-17,-0.433883739117558,-0.9009688679024191,0.8660254037844387,-0.4999999999999998,0.0,0.0,0.0,7.0,12.2,100.0,60.0,3.4,5.9273715,0.0,10.8,19.17777779,41.5,41.18333333333333,41.0,41.0,41.5,-1.5405925733333348,-0.0629629833333318,-0.4740000000000002,18.159333333333333,17.505333333333333,19.294444436666662,17.939333333333334,6.8504715,6.875923,6.855516,6.839889,6.831063,0,0.0,0,1.0,-0.81,18.7,81.3
2023-04-14 06:15:00,80.56566607778,21.9141234,21.9257896,19.17777779,17.505333333333333,41.5,1,5.1764362714980825,70.66250196097344,6,4,4,1.0,6.123233995736766e-17,-0.433883739117558,-0.9009688679024191,0.8660254037844387,-0.4999999999999998,2.75,0.6875,0.2291666666666666,6.25,12.025,100.0,61.25,3.575,6.012834,0.0,10.7,19.11481480666667,41.5,41.5,41.18333333333333,41.0,41.5,-1.6724444566666676,-0.0481481166666668,-0.1799999999999997,17.685333333333332,18.224666666666668,19.23086419555556,17.78333333333333,6.831063,6.8504715,6.875923,6.855516,6.805755,0,0.0,0,1.0,-0.82,19.1,80.9
2023-04-14 06:30:00,60.759791694446,18.954797294446,18.96785233889,19.11481480666667,18.224666666666668,41.5,1,5.1764362714980825,70.66250196097344,6,4,4,1.0,6.123233995736766e-17,-0.433883739117558,-0.9009688679024191,0.8660254037844387,-0.4999999999999998,5.5,2.0625,0.6875,5.5,11.85,100.0,62.5,3.75,6.0969586,0.0,10.6,19.11666666,41.5,41.5,41.5,41.18333333333333,41.8,-0.8901481400000009,-0.0629629833333318,0.7193333333333349,17.505333333333333,18.944666666666667,19.172839501111117,17.80511111111111,6.805755,6.831063,6.8504715,6.875923,6.8557005,0,0.0,0,1.0,-0.83,19.6,80.4
2023-04-14 06:45:00,34.315293883338,0.0,0.0,19.11666666,18.944666666666667,41.8,0,5.1764362714980825,70.66250196097344,6,4,4,1.0,6.123233995736766e-17,-0.433883739117558,-0.9009688679024191,0.8660254037844387,-0.4999999999999998,8.25,4.125,1.375,4.75,11.675,100.0,63.75,3.925,6.1797547,0.0,10.5,19.20370373,41.5,41.5,41.5,41.5,41.53333333333333,-0.1719999933333333,0.0018518533333313,0.7199999999999989,18.224666666666668,17.778666666666666,19.136419752222224,18.224888888888888,6.8557005,6.805755,6.831063,6.8504715,6.847003,1,1.0,1,0.75,-0.83,19.6,80.4
2023-04-14 07:00:00,42.9124501,0.0,0.0,19.20370373,17.778666666666666,41.53333333333333,0,5.1764362714980825,70.66250196097344,7,4,4,0.9659258262890684,-0.2588190451025206,-0.433883739117558,-0.9009688679024191,0.8660254037844387,-0.4999999999999998,11.0,6.875,2.2916666666666665,4.0,11.5,100.0,65.0,4.1,6.2612357,0.0,10.4,19.32222221,41.8,41.5,41.5,41.5,41.85,-1.4250370633333311,0.0870370699999973,-1.1660000000000004,18.944666666666667,17.000666666666667,19.14506173222222,18.316,6.847003,6.8557005,6.805755,6.831063,6.9475327,0,2.0,0,0.5,-0.81,18.9,81.1
2023-04-14 07:15:00,40.285888533332,0.0,0.0,19.32222221,17.000666666666667,41.85,0,5.1764362714980825,70.66250196097344,7,4,4,0.9659258262890684,-0.2588190451025206,-0.433883739117558,-0.9009688679024191,0.8660254037844387,-0.4999999999999998,38.75,15.875,5.520833333333333,4.725,11.225,99.75,64.0,4.725,6.514252,0.0,11.275,19.38518519333333,41.53333333333333,41.8,41.5,41.5,42.0,-2.321555543333332,0.1185184800000023,-0.7779999999999987,17.778666666666666,16.974,19.214197533333333,17.908,6.9475327,6.847003,6.8557005,6.805755,6.998322,0,3.0,0,0.25,-0.78,17.9,82.1
2023-04-14 07:30:00,50.422427405558,0.0,0.0,19.38518519333333,16.974,42.0,0,5.1764362714980825,70.66250196097344,7,4,4,0.9659258262890684,-0.2588190451025206,-0.433883739117558,-0.9009688679024191,0.8660254037844387,-0.4999999999999998,66.5,31.125,11.0625,5.45,10.95,99.5,63.0,5.35,6.7732034,0.0,12.15,19.43333331,41.85,41.53333333333333,41.8,41.5,42.4,-2.4111851933333317,0.0629629833333318,-0.0266666666666672,17.000666666666667,17.272666666666666,19.303703711111112,17.25111111111111,6.998322,6.9475327,6.847003,6.8557005,7.085014,0,4.0,0,0.0,-0.77,17.4,82.6
2023-04-14 07:45:00,43.39048647778,0.0,0.0,19.43333331,17.272666666666666,42.4,0,5.1764362714980825,70.66250196097344,7,4,4,0.9659258262890684,-0.2588190451025206,-0.433883739117558,-0.9009688679024191,0.8660254037844387,-0.4999999999999998,94.25,52.625,18.916666666666668,6.175000000000001,10.675,99.25,62.0,5.975,7.037965,0.0,13.025,19.53703703,42.0,41.85,41.53333333333333,41.8,42.96666666666667,-2.160666643333336,0.0481481166666704,0.2986666666666657,16.974,17.642,19.380246904444444,17.082444444444445,7.085014,6.998322,6.9475327,6.847003,7.223612,0,4.0,0,0.0,-0.75,17.0,83.0
2023-04-14 08:00:00,42.136092255556,0.0,0.0,19.53703703,17.642,42.96666666666667,0,5.1764362714980825,70.66250196097344,8,4,4,0.8660254037844387,-0.4999999999999998,-0.433883739117558,-0.9009688679024191,0.8660254037844387,-0.4999999999999998,122.0,80.375,29.08333333333333,6.9,10.4,99.0,61.0,6.6,7.308388,0.0,13.9,19.7388889,42.4,42.0,41.85,41.53333333333333,42.65,-1.895037030000001,0.1037037199999986,0.3693333333333335,17.272666666666666,18.044666666666668,19.451851844444445,17.296222222222223,7.223612,7.085014,6.998322,6.9475327,7.2558756,0,4.0,0,0.0,-0.73,16.1,83.9
2023-04-14 08:15:00,72.276553272222,38.803447766668,38.819280516666,19.7388889,18.044666666666668,42.65,1,5.1764362714980825,70.66250196097344,8,4,4,0.8660254037844387,-0.4999999999999998,-0.433883739117558,-0.9009688679024191,0.8660254037844387,-0.4999999999999998,164.0,111.6875,42.75,6.125,11.05,99.25,59.75,7.3,7.6570306,0.0,15.0,19.92222223,42.96666666666667,42.4,42.0,41.85,42.31666666666667,-1.6942222333333312,0.2018518699999987,0.4026666666666685,17.642,19.086,19.56975308,17.653111111111112,7.2558756,7.223612,7.085014,6.998322,7.2769747,0,3.0,1,0.25,-0.68,14.7,85.3
2023-04-14 08:30:00,76.53304977221799,32.547864716666,32.56230862222,19.92222223,19.086,42.31666666666667,1,5.1764362714980825,70.66250196097344,8,4,4,0.8660254037844387,-0.4999999999999998,-0.433883739117558,-0.9009688679024191,0.8660254037844387,-0.4999999999999998,206.0,146.5625,59.91666666666666,5.35,11.7,99.5,58.5,8.0,8.014078,0.0,16.1,20.07222222,42.65,42.96666666666667,42.4,42.0,42.0,-0.8362222299999971,0.1833333299999999,1.041333333333334,18.044666666666668,19.764,19.73271605333333,18.257555555555555,7.2769747,7.2558756,7.223612,7.085014,7.286237,0,2.0,0,0.5,-0.64,13.6,86.4
2023-04-14 08:45:00,149.33069306667198,41.457786055556,41.47306326111,20.07222222,19.764,42.0,1,5.1764362714980825,70.66250196097344,8,4,4,0.8660254037844387,-0.4999999999999998,-0.433883739117558,-0.9009688679024191,0.8660254037844387,-0.4999999999999998,248.0,185.0,80.58333333333333,4.575,12.35,99.75,57.25,8.7,8.379079,0.0,17.2,20.0592593,42.31666666666667,42.65,42.96666666666667,42.4,42.0,-0.3082222200000011,0.1499999900000013,0.6779999999999973,19.086,20.384666666666664,19.91111111666667,18.96488888888889,7.286237,7.2769747,7.2558756,7.223612,7.280712,0,1.0,0,0.75,-0.61,12.7,87.3
2023-04-14 09:00:00,211.91791186111,12.010908444444,12.023407944444,20.0592593,20.384666666666664,42.0,1,5.1764362714980825,70.66250196097344,9,4,4,0.7071067811865476,-0.7071067811865475,-0.433883739117558,-0.9009688679024191,0.8660254037844387,-0.4999999999999998,290.0,227.0,104.75,3.8,13.0,100.0,56.0,9.4,8.75151,0.0,18.3,20.15555559,42.0,42.31666666666667,42.65,42.96666666666667,42.0,0.3254073666666635,-0.0129629199999996,0.6206666666666649,19.764,21.162666666666667,20.01790125,19.74488888888889,7.280712,7.286237,7.2769747,7.2558756,7.3218503,0,0.0,0,1.0,-0.61,12.8,87.2
2023-04-14 09:15:00,34.285850777776,0.0,0.0,20.15555559,21.162666666666667,42.0,0,5.1764362714980825,70.66250196097344,9,4,4,0.7071067811865476,-0.7071067811865475,-0.433883739117558,-0.9009688679024191,0.8660254037844387,-0.4999999999999998,337.5,270.375,132.64583333333334,3.425,12.35,98.25,51.75,8.725,8.429406,0.0,19.0,20.475925946666667,42.0,42.0,42.31666666666667,42.65,42.0,1.0071110766666678,0.0962962899999979,0.7780000000000022,20.384666666666664,22.148666666666667,20.095679036666667,20.43711111111111,7.3218503,7.280712,7.286237,7.2769747,7.4601583,1,1.0,1,0.75,-0.59,12.2,87.8
2023-04-14 09:30:00,53.84840147778,0.0,0.0,20.475925946666667,22.148666666666667,42.0,0,5.1764362714980825,70.66250196097344,9,4,4,0.7071067811865476,-0.7071067811865475,-0.433883739117558,-0.9009688679024191,0.8660254037844387,-0.4999999999999998,385.0,315.125,164.27083333333334,3.05,11.7,96.5,47.5,8.05,8.062564,0.0,19.700000000000003,21.01111111,42.0,42.0,42.0,42.31666666666667,41.55,1.6727407200000002,0.3203703566666682,0.9860000000000008,21.162666666666667,22.90333333333333,20.23024694555556,21.232,7.4601583,7.3218503,7.280712,7.286237,7.6137977,0,2.0,0,0.5,-0.51,10.5,89.5
2023-04-14 09:45:00,143.242047955552,31.641512055556,31.690954577776,21.01111111,22.90333333333333,41.55,1,5.1764362714980825,70.66250196097344,9,4,4,0.7071067811865476,-0.7071067811865475,-0.433883739117558,-0.9009688679024191,0.8660254037844387,-0.4999999999999998,432.5,361.25,199.625,2.675,11.05,94.75,43.25,7.375,7.648224,0.0,20.4,21.50370369,42.0,42.0,42.0,42.0,40.2,1.8922222233333308,0.5351851633333347,0.7546666666666653,22.148666666666667,23.39933333333333,20.547530882222222,22.07155555555556,7.6137977,7.4601583,7.3218503,7.280712,7.579861,0,2.0,1,0.5,-0.39,8.2,91.8
2023-04-14 10:00:00,142.061261888884,47.074505844444,47.120615133332,21.50370369,23.39933333333333,40.2,1,5.1764362714980825,70.66250196097344,10,4,4,0.4999999999999999,-0.8660254037844387,-0.433883739117558,-0.9009688679024191,0.8660254037844387,-0.4999999999999998,480.0,408.75,238.70833333333331,2.3,10.4,93.0,39.0,6.7,7.183513,0.0,21.1,21.89999998,41.55,42.0,42.0,42.0,39.1,1.8956296433333328,0.4925925800000001,0.4960000000000022,22.90333333333333,23.518666666666665,20.996913582222223,22.817111111111117,7.579861,7.6137977,7.4601583,7.3218503,7.5432267,0,2.0,0,0.5,-0.28,6.6,93.4
2023-04-14 10:15:00,88.05564438333,48.789159488888,48.806103311108,21.89999998,23.518666666666665,39.1,1,5.1764362714980825,70.66250196097344,10,4,4,0.4999999999999999,-0.8660254037844387,-0.433883739117558,-0.9009688679024191,0.8660254037844387,-0.4999999999999998,524.5,455.5,279.1875,2.45,11.05,69.75,38.5,6.85,7.2682705,0.0,21.525,22.44999997,40.2,41.55,42.0,42.0,38.35,1.618666686666664,0.3962962899999986,0.1193333333333299,23.39933333333333,24.188,21.47160492666667,23.273777777777777,7.5432267,7.579861,7.6137977,7.4601583,7.6365566,0,1.0,0,0.75,-0.19,5.8,94.2
2023-04-14 10:30:00,86.512928411104,49.850228127778,49.867449755552,22.44999997,24.188,38.35,1,5.1764362714980825,70.66250196097344,10,4,4,0.4999999999999999,-0.8660254037844387,-0.433883739117558,-0.9009688679024191,0.8660254037844387,-0.4999999999999998,569.0,501.5,321.0625,2.6,11.7,46.5,38.0,7.0,7.3521867,0.0,21.950000000000003,22.911111100000003,39.1,40.2,41.55,42.0,38.3,1.7380000299999985,0.5499999899999999,0.6693333333333342,23.518666666666665,24.72533333333333,21.95123454666667,23.702,7.6365566,7.5432267,7.579861,7.6137977,7.830965,0,0.0,0,1.0,-0.07,5.1,94.9
2023-04-14 10:45:00,475.938183977776,50.945184344444,50.962128149998,22.911111100000003,24.72533333333333,38.3,1,5.1764362714980825,70.66250196097344,10,4,4,0.4999999999999999,-0.8660254037844387,-0.433883739117558,-0.9009688679024191,0.8660254037844387,-0.4999999999999998,613.5,546.75,364.3333333333333,2.75,12.35,23.25,37.5,7.15,7.435184,0.0,22.375,22.948148106666665,38.35,39.1,40.2,41.55,40.98333333333333,1.8142222333333289,0.4611111300000026,0.5373333333333328,24.188,25.710666666666665,22.42037035,24.143999999999995,7.830965,7.6365566,7.5432267,7.579861,8.397391,0,0.0,0,1.0,0.04,5.0,95.0
2023-04-14 11:00:00,1348.07524158333,49.508852933332,49.529407694442,22.948148106666665,25.710666666666665,40.98333333333333,1,5.1764362714980825,70.66250196097344,11,4,4,0.258819045102521,-0.9659258262890682,-0.433883739117558,-0.9009688679024191,0.8660254037844387,-0.4999999999999998,658.0,591.25,409.0,2.9,13.0,0.0,37.0,7.3,7.5171747,0.0,22.8,22.98333332,38.3,38.35,39.1,40.2,41.9,2.76251856,0.0370370066666616,0.9853333333333332,24.72533333333333,26.756666666666668,22.76975305888889,24.874666666666663,8.397391,7.830965,7.6365566,7.5432267,8.602517,0,0.0,0,1.0,0.07,5.1,94.9
2023-04-14 11:15:00,202.06441718333,53.635632272222,53.65229832222,22.98333332,26.756666666666668,41.9,1,5.1764362714980825,70.66250196097344,11,4,4,0.258819045102521,-0.9659258262890682,-0.433883739117558,-0.9009688679024191,0.8660254037844387,-0.4999999999999998,691.25,632.9375,452.9375,2.625,13.075,0.0,36.5,7.5,7.5872307,0.0,23.2,22.938888876666667,40.98333333333333,38.3,38.35,39.1,41.55,3.773333346666668,0.0351852133333352,1.046000000000003,25.710666666666665,26.266666666666666,22.94753084222222,25.730888888888888,8.602517,8.397391,7.830965,7.6365566,8.508988,0,0.0,0,1.0,0.08,5.1,94.9
2023-04-14 11:30:00,86.784306272222,53.9403423,53.95811942222,22.938888876666667,26.266666666666666,41.55,1,5.1764362714980825,70.66250196097344,11,4,4,0.258819045102521,-0.9659258262890682,-0.433883739117558,-0.9009688679024191,0.8660254037844387,-0.4999999999999998,724.5,671.8125,496.1458333333333,2.35,13.15,0.0,36.0,7.699999999999999,7.6559606,0.0,23.6,22.76111109,41.9,40.98333333333333,38.3,38.35,40.3,3.327777789999999,-0.044444443333333,-0.490000000000002,26.756666666666668,26.78933333333333,22.956790101111118,26.244666666666664,8.508988,8.602517,8.397391,7.830965,8.169399,0,0.0,0,1.0,0.07,5.1,94.9
2023-04-14 11:45:00,765.444936527778,56.643845255556,56.6635667,22.76111109,26.78933333333333,40.3,1,5.1764362714980825,70.66250196097344,11,4,4,0.258819045102521,-0.9659258262890682,-0.433883739117558,-0.9009688679024191,0.8660254037844387,-0.4999999999999998,757.75,707.875,538.625,2.075,13.225,0.0,35.5,7.899999999999999,7.723281,0.0,24.0,22.81481483,41.55,41.9,40.98333333333333,38.3,39.66666666666666,4.028222243333335,-0.1777777866666667,0.5226666666666695,26.266666666666666,28.464,22.89444442888889,26.604222222222223,8.169399,8.508988,8.602517,8.397391,8.065796,0,0.0,0,1.0,0.02,5.0,95.0
2023-04-14 12:00:00,102.495900016666,51.606269016666,51.62237952222,22.81481483,28.464,39.66666666666666,1,5.1764362714980825,70.66250196097344,12,4,4,1.2246467991473532e-16,-1.0,-0.433883739117558,-0.9009688679024191,0.8660254037844387,-0.4999999999999998,791.0,741.125,580.375,1.8,13.3,0.0,35.0,8.1,7.7890997,0.0,24.4,23.11666669,40.3,41.55,41.9,40.98333333333333,38.6,5.649185169999999,0.0537037399999995,1.6746666666666634,26.78933333333333,28.956000000000003,22.83827159888889,27.173333333333336,8.065796,8.169399,8.508988,8.602517,7.9856443,0,0.0,0,1.0,0.03,5.0,95.0
2023-04-14 12:15:00,376.360500544444,54.224219844444,54.241163633332,23.11666669,28.956000000000003,38.6,1,5.1764362714980825,70.66250196097344,12,4,4,1.2246467991473532e-16,-1.0,-0.433883739117558,-0.9009688679024191,0.8660254037844387,-0.4999999999999998,806.25,769.875,619.4375,1.625,12.95,9.5,34.25,8.05,7.8074217,0.0,24.825,23.55925925333333,39.66666666666666,40.3,41.55,41.9,38.03333333333333,5.839333310000004,0.3018518599999993,0.4920000000000044,28.464,28.418666666666663,22.89753087,28.069777777777784,7.9856443,8.065796,8.169399,8.508988,8.069636,0,0.0,0,1.0,0.09,5.2,94.8
2023-04-14 12:30:00,88.170639733332,52.7603895,52.777055549998,23.55925925333333,28.418666666666663,38.03333333333333,1,5.1764362714980825,70.66250196097344,12,4,4,1.2246467991473532e-16,-1.0,-0.433883739117558,-0.9009688679024191,0.8660254037844387,-0.4999999999999998,821.5,794.125,655.8125,1.4500000000000002,12.6,19.0,33.5,8.0,7.821424,0.0,25.25,23.81666664,38.6,39.66666666666666,40.3,41.55,37.65,4.859407413333329,0.4425925633333349,-0.5373333333333399,28.956000000000003,28.95266666666667,23.16358025777778,28.61288888888889,8.069636,7.9856443,8.065796,8.169399,8.106168,0,0.0,0,1.0,0.2,5.8,94.2
2023-04-14 12:45:00,95.799501299996,56.427742783334,56.44468662222,23.81666664,28.95266666666667,37.65,1,5.1764362714980825,70.66250196097344,12,4,4,1.2246467991473532e-16,-1.0,-0.433883739117558,-0.9009688679024191,0.8660254037844387,-0.4999999999999998,836.75,813.875,689.5,1.275,12.25,28.5,32.75,7.95,7.8309107,0.0,25.675,24.02962962333333,38.03333333333333,38.6,39.66666666666666,40.3,37.5,5.136000026666668,0.2574073866666673,0.534000000000006,28.418666666666663,29.39333333333333,23.497530861111112,28.77577777777778,8.106168,8.069636,7.9856443,8.065796,8.172126,0,0.0,0,1.0,0.25,6.3,93.7
2023-04-14 13:00:00,89.930291661106,53.733683916666,53.75034998333,24.02962962333333,29.39333333333333,37.5,1,5.1764362714980825,70.66250196097344,13,4,4,-0.2588190451025208,-0.9659258262890684,-0.433883739117558,-0.9009688679024191,0.8660254037844387,-0.4999999999999998,852.0,829.125,720.5,1.1,11.9,38.0,32.0,7.9,7.835687,0.0,26.1,24.11666666,37.65,38.03333333333333,38.6,39.66666666666666,37.15,5.363703709999996,0.2129629833333339,0.4406666666666616,28.95266666666667,28.71933333333333,23.80185183888889,28.92155555555556,8.172126,8.106168,8.069636,7.9856443,8.135927,0,0.0,0,1.0,0.3,6.9,93.1
2023-04-14 13:15:00,95.251467488892,53.660631255556,53.677019533332,24.11666666,28.71933333333333,37.15,1,5.1764362714980825,70.66250196097344,13,4,4,-0.2588190451025208,-0.9659258262890684,-0.433883739117558,-0.9009688679024191,0.8660254037844387,-0.4999999999999998,853.25,840.875,747.8958333333334,1.4500000000000002,12.175,46.5,31.0,7.725,7.686736,0.0,26.325000000000003,24.16296299333333,37.5,37.65,38.03333333333333,38.6,37.0,4.602666673333335,0.0870370366666648,-0.6739999999999959,29.39333333333333,29.200666666666667,23.987654307777778,29.02177777777777,8.135927,8.172126,8.106168,8.069636,8.124378,0,0.0,0,1.0,0.32,7.2,92.8
2023-04-14 13:30:00,102.97199195556,54.010617255556,54.027005533332,24.16296299333333,29.200666666666667,37.0,1,5.1764362714980825,70.66250196097344,13,4,4,-0.2588190451025208,-0.9659258262890684,-0.433883739117558,-0.9009688679024191,0.8660254037844387,-0.4999999999999998,854.5,849.125,771.6875,1.8,12.45,55.0,30.0,7.550000000000001,7.532609,0.0,26.55,24.12777778,37.15,37.5,37.65,38.03333333333333,37.0,5.037703673333333,0.0462963333333341,0.4813333333333318,28.71933333333333,29.00333333333333,24.10308642555556,29.104444444444443,8.124378,8.135927,8.172126,8.106168,8.108186,0,0.0,0,1.0,0.33,7.3,92.7
2023-04-14 13:45:00,96.216428955556,55.298065772222,55.31500956111,24.12777778,29.00333333333333,37.0,1,5.1764362714980825,70.66250196097344,13,4,4,-0.2588190451025208,-0.9659258262890684,-0.433883739117558,-0.9009688679024191,0.8660254037844387,-0.4999999999999998,855.75,853.875,791.875,2.15,12.725,63.5,29.0,7.375,7.373211,0.0,26.775,24.07037036333333,37.0,37.15,37.5,37.65,37.0,4.875555553333335,-0.0351852133333352,-0.1973333333333329,29.200666666666667,28.794,24.135802477777776,28.974444444444444,8.108186,8.124378,8.135927,8.172126,8.081825,0,0.0,0,1.0,0.32,7.2,92.8
2023-04-14 14:00:00,85.940173488884,53.298979088888,53.31620068333,24.07037036333333,28.794,37.0,1,5.1764362714980825,70.66250196097344,14,4,4,-0.4999999999999997,-0.8660254037844388,-0.433883739117558,-0.9009688679024191,0.8660254037844387,-0.4999999999999998,857.0,855.125,808.4583333333334,2.5,13.0,72.0,28.0,7.2,7.2084494,0.0,27.0,24.06111114,37.0,37.0,37.15,37.5,37.0,4.723629636666665,-0.0574074166666669,-0.2093333333333369,29.00333333333333,29.280666666666665,24.12037037888889,28.99933333333333,8.081825,8.108186,8.124378,8.135927,8.077582,0,0.0,0,1.0,0.31,7.0,93.0
2023-04-14 14:15:00,34.174743988892,0.0,0.0,24.06111114,29.280666666666665,37.0,0,5.1764362714980825,70.66250196097344,14,4,4,-0.4999999999999997,-0.8660254037844388,-0.433883739117558,-0.9009688679024191,0.8660254037844387,-0.4999999999999998,843.5,852.6875,821.1458333333334,2.6,13.175,69.25,27.75,7.125,7.193773,0.0,27.125,24.324074073333332,37.0,37.0,37.0,37.15,37.0,5.219555526666667,-0.0092592233333341,0.4866666666666681,28.794,29.25933333333333,24.086419761111117,29.026,8.077582,8.081825,8.108186,8.124378,8.198878,1,1.0,1,0.75,0.31,7.0,93.0
2023-04-14 14:30:00,58.997362361106,0.0,0.0,24.324074073333332,29.25933333333333,37.0,0,5.1764362714980825,70.66250196097344,14,4,4,-0.4999999999999997,-0.8660254037844388,-0.433883739117558,-0.9009688679024191,0.8660254037844387,-0.4999999999999998,830.0,846.5625,829.9375,2.7,13.35,66.5,27.5,7.050000000000001,7.1784954,0.0,27.25,24.46666665,37.0,37.0,37.0,37.0,36.65,4.935259259999999,0.2629629333333376,-0.0213333333333309,29.280666666666665,29.30666666666667,24.15185185888889,29.11133333333333,8.198878,8.077582,8.081825,8.108186,8.187121,0,2.0,0,0.5,0.37,7.9,92.1
2023-04-14 14:45:00,88.824502511108,46.973676527778,46.99006482222,24.46666665,29.30666666666667,36.65,1,5.1764362714980825,70.66250196097344,14,4,4,-0.4999999999999997,-0.8660254037844388,-0.433883739117558,-0.9009688679024191,0.8660254037844387,-0.4999999999999998,816.5,836.75,834.8333333333334,2.8,13.525,63.75,27.25,6.9750000000000005,7.162612,0.0,27.375,24.22222220333333,37.0,37.0,37.0,37.0,36.68333333333333,4.840000016666672,0.1425925766666615,0.0473333333333343,29.25933333333333,29.57,24.283950621111117,29.28222222222222,8.187121,8.198878,8.077582,8.081825,8.0819435,0,2.0,1,0.5,0.4,8.4,91.6
2023-04-14 15:00:00,86.87569161666201,54.4319893,54.448099788888,24.22222220333333,29.57,36.68333333333333,1,5.1764362714980825,70.66250196097344,15,4,4,-0.7071067811865471,-0.7071067811865479,-0.433883739117558,-0.9009688679024191,0.8660254037844387,-0.4999999999999998,803.0,823.25,835.8333333333334,2.9,13.7,61.0,27.0,6.9,7.146116,0.0,27.5,23.68333333,36.65,37.0,37.0,37.0,37.1,5.347777796666666,-0.2444444466666624,0.2633333333333318,29.30666666666667,29.918666666666663,24.33765430888889,29.378666666666664,8.0819435,8.187121,8.198878,8.077582,7.927409,0,2.0,0,0.5,0.34,7.5,92.5
2023-04-14 15:15:00,99.358525466668,59.232630583334,59.250129966664,23.68333333,29.918666666666663,37.1,1,5.1764362714980825,70.66250196097344,15,4,4,-0.7071067811865471,-0.7071067811865479,-0.433883739117558,-0.9009688679024191,0.8660254037844387,-0.4999999999999998,775.25,806.1875,833.25,3.0,13.525,70.75,27.0,6.95,7.155996,0.0,27.525,23.09444446666667,36.68333333333333,36.65,37.0,37.0,38.11666666666667,6.235333336666663,-0.5388888733333346,0.3486666666666629,29.57,29.55133333333333,24.124074061111116,29.598444444444443,7.927409,8.0819435,8.187121,8.198878,7.8756413,0,1.0,0,0.75,0.22,6.0,94.0
2023-04-14 15:30:00,99.073536999996,60.026487744444,60.04482044444,23.09444446666667,29.55133333333333,38.11666666666667,1,5.1764362714980825,70.66250196097344,15,4,4,-0.7071067811865471,-0.7071067811865479,-0.433883739117558,-0.9009688679024191,0.8660254037844387,-0.4999999999999998,747.5,785.5625,827.0833333333334,3.1,13.35,80.5,27.0,7.0,7.165886,0.0,27.55,22.67222222,37.1,36.68333333333333,36.65,37.0,38.55,6.456888866666663,-0.5888888633333309,-0.367333333333331,29.918666666666663,29.683333333333334,23.666666666666668,29.68,7.8756413,7.927409,8.0819435,8.187121,7.774927,0,0.0,0,1.0,0.08,5.1,94.9
2023-04-14 15:45:00,103.898621572226,55.18751466111,55.204180727774,22.67222222,29.683333333333334,38.55,1,5.1764362714980825,70.66250196097344,15,4,4,-0.7071067811865471,-0.7071067811865479,-0.433883739117558,-0.9009688679024191,0.8660254037844387,-0.4999999999999998,719.75,761.375,817.3333333333334,3.2,13.175,90.25,27.0,7.05,7.175785,0.0,27.575000000000003,22.34259259,38.11666666666667,37.1,36.68333333333333,36.65,39.15,7.011111113333335,-0.4222222466666707,0.1320000000000014,29.55133333333333,30.012666666666668,23.15000000555556,29.71777777777778,7.774927,7.8756413,7.927409,8.0819435,7.7478843,0,0.0,0,1.0,-0.01,5.0,95.0
2023-04-14 16:00:00,75.152271722216,35.0660973,35.081930049998,22.34259259,30.012666666666668,39.15,1,5.1764362714980825,70.66250196097344,16,4,4,-0.8660254037844385,-0.5000000000000004,-0.433883739117558,-0.9009688679024191,0.8660254037844387,-0.4999999999999998,692.0,733.625,804.0,3.3,13.0,100.0,27.0,7.1,7.1857004,0.0,27.6,22.1888889,38.55,38.11666666666667,37.1,36.68333333333333,39.85,7.670074076666669,-0.3296296299999994,0.3293333333333343,29.683333333333334,30.03666666666667,22.70308642555556,29.74911111111111,7.7478843,7.774927,7.8756413,7.927409,7.8169837,0,0.0,0,1.0,-0.09,5.2,94.8
2023-04-14 16:15:00,193.181994627778,0.0,0.0,22.1888889,30.03666666666667,39.85,0,5.1764362714980825,70.66250196097344,16,4,4,-0.8660254037844385,-0.5000000000000004,-0.433883739117558,-0.9009688679024191,0.8660254037844387,-0.4999999999999998,651.75,702.75,787.2083333333334,3.6,13.075,78.5,27.75,7.35,7.3446198,0.0,27.5,22.238888886666665,39.15,38.55,38.11666666666667,37.1,40.0,7.84777776666667,-0.1537036900000004,0.0240000000000009,30.012666666666668,29.444666666666667,22.40123457,29.910888888888888,7.8169837,7.7478843,7.774927,7.8756413,7.869022,1,1.0,1,0.75,-0.12,5.3,94.7
2023-04-14 16:30:00,119.288561666664,0.0,0.0,22.238888886666665,29.444666666666667,40.0,0,5.1764362714980825,70.66250196097344,16,4,4,-0.8660254037844385,-0.5000000000000004,-0.433883739117558,-0.9009688679024191,0.8660254037844387,-0.4999999999999998,611.5,668.75,766.9583333333334,3.9,13.15,57.0,28.5,7.6,7.501538,0.0,27.4,22.3111111,39.85,39.15,38.55,38.11666666666667,40.0,7.205777780000002,0.0499999866666662,-0.5920000000000023,30.03666666666667,29.264666666666663,22.256790125555558,29.831333333333333,7.869022,7.8169837,7.7478843,7.774927,7.901783,0,2.0,0,0.5,-0.11,5.2,94.8
2023-04-14 16:45:00,104.29305044444,52.91677216111,52.933715966664,22.3111111,29.264666666666663,40.0,1,5.1764362714980825,70.66250196097344,16,4,4,-0.8660254037844385,-0.5000000000000004,-0.433883739117558,-0.9009688679024191,0.8660254037844387,-0.4999999999999998,571.25,631.625,743.25,4.2,13.225,35.5,29.25,7.85,7.6564713,0.0,27.3,22.200000026666665,40.0,39.85,39.15,38.55,40.0,6.953555566666662,0.0722222133333367,-0.1800000000000032,29.444666666666667,29.526,22.24629629555556,29.582,7.901783,7.869022,7.8169837,7.7478843,7.8514295,0,2.0,1,0.5,-0.09,5.2,94.8
2023-04-14 17:00:00,115.376773677776,54.552540027778,54.567817249998,22.200000026666665,29.526,40.0,1,5.1764362714980825,70.66250196097344,17,4,4,-0.9659258262890684,-0.2588190451025206,-0.433883739117558,-0.9009688679024191,0.8660254037844387,-0.4999999999999998,531.0,591.375,716.0833333333334,4.5,13.3,14.0,30.0,8.1,7.809434,0.0,27.2,21.92222224,40.0,40.0,39.85,39.15,40.05,7.325999973333335,-0.1111110733333369,0.2613333333333365,29.264666666666663,29.516,22.250000004444445,29.411777777777772,7.8514295,7.901783,7.869022,7.8169837,7.736414,0,2.0,0,0.5,-0.12,5.3,94.7
2023-04-14 17:15:00,101.74537460555,52.377627044444,52.394848638886,21.92222224,29.516,40.05,1,5.1764362714980825,70.66250196097344,17,4,4,-0.9659258262890684,-0.2588190451025206,-0.433883739117558,-0.9009688679024191,0.8660254037844387,-0.4999999999999998,487.5,550.3125,686.4166666666666,5.025,13.4,14.75,33.0,9.0,8.40187,0.0,26.8,21.67222222666667,40.0,40.0,40.0,39.85,40.46666666666667,7.593777760000002,-0.2777777866666646,-0.009999999999998,29.526,29.468,22.14444445555556,29.43555555555556,7.736414,7.8514295,7.901783,7.869022,7.704871,0,1.0,0,0.75,-0.18,5.7,94.3
2023-04-14 17:30:00,170.05791971110798,52.93843796111,52.951770794442,21.67222222666667,29.468,40.46666666666667,1,5.1764362714980825,70.66250196097344,17,4,4,-0.9659258262890684,-0.2588190451025206,-0.433883739117558,-0.9009688679024191,0.8660254037844387,-0.4999999999999998,444.0,508.4375,654.25,5.55,13.5,15.5,36.0,9.9,8.963933,0.0,26.4,21.4277778,40.05,40.0,40.0,40.0,40.85,7.795777773333331,-0.2500000133333309,-0.0480000000000018,29.516,29.26533333333333,21.931481497777774,29.50333333333333,7.704871,7.736414,7.8514295,7.901783,7.6686397,0,0.0,0,1.0,-0.24,6.2,93.8
2023-04-14 17:45:00,137.424225044444,35.9593949,35.97050553889,21.4277778,29.26533333333333,40.85,1,5.1764362714980825,70.66250196097344,17,4,4,-0.9659258262890684,-0.2588190451025206,-0.433883739117558,-0.9009688679024191,0.8660254037844387,-0.4999999999999998,400.5,465.75,619.5833333333334,6.074999999999999,13.6,16.25,39.0,10.8,9.496532,0.0,26.0,21.305555556666665,40.46666666666667,40.05,40.0,40.0,41.18333333333333,7.837555533333333,-0.2444444266666678,-0.2026666666666656,29.468,29.068666666666665,21.67407408888889,29.416444444444448,7.6686397,7.704871,7.736414,7.8514295,7.6766644,0,0.0,0,1.0,-0.29,6.8,93.2
2023-04-14 18:00:00,56.378300261114,0.0,0.0,21.305555556666665,29.068666666666665,41.18333333333333,0,5.1764362714980825,70.66250196097344,18,4,4,-1.0,-1.8369701987210294e-16,-0.433883739117558,-0.9009688679024191,0.8660254037844387,-0.4999999999999998,357.0,422.25,582.4166666666666,6.6,13.7,17.0,42.0,11.7,10.000562,0.0,25.6,21.41666663,40.85,40.46666666666667,40.05,40.0,41.15,7.76311111,-0.1222222433333364,-0.196666666666669,29.26533333333333,28.633333333333333,21.46851852777778,29.26733333333333,7.6766644,7.6686397,7.704871,7.736414,7.7199874,1,1.0,1,0.75,-0.32,7.1,92.9
2023-04-14 18:15:00,53.96506347778,0.0,0.0,21.41666663,28.633333333333333,41.15,0,5.1764362714980825,70.66250196097344,18,4,4,-1.0,-1.8369701987210294e-16,-0.433883739117558,-0.9009688679024191,0.8660254037844387,-0.4999999999999998,309.5,377.75,543.6041666666666,6.425,13.325,34.5,45.0,11.85,10.1858225,0.0,24.700000000000003,21.496296293333334,41.18333333333333,40.85,40.46666666666667,40.05,41.0,7.216666703333331,0.1111110733333369,-0.4353333333333324,29.068666666666665,28.320666666666668,21.38333332888889,28.98911111111111,7.7199874,7.6766644,7.6686397,7.704871,7.7273884,0,2.0,0,0.5,-0.3,6.8,93.2
2023-04-14 18:30:00,108.239836916666,51.810983027778,51.825426916666,21.496296293333334,28.320666666666668,41.0,1,5.1764362714980825,70.66250196097344,18,4,4,-1.0,-1.8369701987210294e-16,-0.433883739117558,-0.9009688679024191,0.8660254037844387,-0.4999999999999998,262.0,332.25,503.1458333333333,6.25,12.95,52.0,48.0,12.0,10.324771,0.0,23.8,21.3722222,41.15,41.18333333333333,40.85,40.46666666666667,41.35,6.824370373333334,0.0796296633333319,-0.3126666666666651,28.633333333333333,28.046,21.406172826666666,28.674222222222223,7.7273884,7.7199874,7.6766644,7.6686397,7.737564,0,2.0,1,0.5,-0.28,6.6,93.4
2023-04-14 18:45:00,104.649702811108,49.0863698,49.101647005554,21.3722222,28.046,41.35,1,5.1764362714980825,70.66250196097344,18,4,4,-1.0,-1.8369701987210294e-16,-0.433883739117558,-0.9009688679024191,0.8660254037844387,-0.4999999999999998,214.5,285.75,461.0416666666667,6.075,12.575,69.5,51.0,12.15,10.421024,0.0,22.9,21.168518520000003,41.0,41.15,41.18333333333333,40.85,41.68333333333333,6.6737778,-0.1240740933333341,-0.2746666666666684,28.320666666666668,27.84333333333333,21.42839504111112,28.33333333333333,7.737564,7.7273884,7.7199874,7.6766644,7.708359,0,2.0,0,0.5,-0.3,6.9,93.1
2023-04-14 19:00:00,84.414401172218,48.711662555556,48.728050849998,21.168518520000003,27.84333333333333,41.68333333333333,1,5.1764362714980825,70.66250196097344,19,4,4,-0.9659258262890684,0.2588190451025203,-0.433883739117558,-0.9009688679024191,0.8660254037844387,-0.4999999999999998,167.0,238.25,417.2916666666667,5.9,12.2,87.0,54.0,12.3,10.478011,0.0,22.0,20.89444444,41.35,41.0,41.15,41.18333333333333,42.0,6.674814813333327,-0.2037036799999967,-0.2026666666666692,28.046,27.53,21.345679004444445,28.070000000000004,7.708359,7.737564,7.7273884,7.7199874,7.6442447,0,1.0,0,0.75,-0.35,7.6,92.4
2023-04-14 19:15:00,74.669790888888,39.983400583334,39.99812226111,20.89444444,27.53,42.0,1,5.1764362714980825,70.66250196097344,19,4,4,-0.9659258262890684,0.2588190451025203,-0.433883739117558,-0.9009688679024191,0.8660254037844387,-0.4999999999999998,131.0,193.625,373.8958333333333,5.675000000000001,11.675,90.25,52.25,11.4,9.892654,0.0,21.575,20.74074076333333,41.68333333333333,41.35,41.0,41.15,42.18333333333333,6.63555556,-0.2740740800000054,-0.3133333333333326,27.84333333333333,26.482000000000003,21.14506172,27.80644444444444,7.6442447,7.708359,7.737564,7.7273884,7.6092563,0,0.0,0,1.0,-0.41,8.6,91.4
2023-04-14 19:30:00,95.791723661114,46.3889777,46.402866044444,20.74074076333333,26.482000000000003,42.18333333333333,1,5.1764362714980825,70.66250196097344,19,4,4,-0.9659258262890684,0.2588190451025203,-0.433883739117558,-0.9009688679024191,0.8660254037844387,-0.4999999999999998,95.0,151.875,330.8541666666667,5.45,11.15,93.5,50.5,10.5,9.328765,0.0,21.15,20.58888893,42.0,41.68333333333333,41.35,41.0,42.1,5.741259236666668,-0.1537036766666624,-1.0479999999999947,27.53,25.624666666666663,20.93456790777778,27.28511111111111,7.6092563,7.6442447,7.708359,7.737564,7.5273433,0,0.0,0,1.0,-0.45,9.2,90.8
2023-04-14 19:45:00,56.83161547778,0.0,0.0,20.58888893,25.624666666666663,42.1,0,5.1764362714980825,70.66250196097344,19,4,4,-0.9659258262890684,0.2588190451025203,-0.433883739117558,-0.9009688679024191,0.8660254037844387,-0.4999999999999998,59.0,113.0,288.1666666666667,5.225,10.625,96.75,48.75,9.6,8.785732,0.0,20.725,20.57592595,42.18333333333333,42.0,41.68333333333333,41.35,41.35,5.035777736666667,-0.1518518333333354,-0.8573333333333366,26.482000000000003,25.022,20.741358044444443,26.54555555555556,7.5273433,7.6092563,7.6442447,7.708359,7.38766,1,1.0,1,0.75,-0.49,9.9,90.1
2023-04-14 20:00:00,40.80725656111,0.0,0.0,20.57592595,25.022,41.35,0,5.1764362714980825,70.66250196097344,20,4,4,-0.8660254037844386,0.5000000000000001,-0.433883739117558,-0.9009688679024191,0.8660254037844387,-0.4999999999999998,23.0,77.0,245.83333333333331,5.0,10.1,100.0,47.0,8.7,8.262972,0.0,20.3,20.69444443,42.1,42.18333333333333,42.0,41.68333333333333,40.95,4.4460740499999964,-0.0129629799999975,-0.6026666666666678,25.624666666666663,24.7,20.635185214444444,25.709555555555557,7.38766,7.5273433,7.6092563,7.6442447,7.3668957,0,2.0,0,0.5,-0.49,10.1,89.9
2023-04-14 20:15:00,46.007326266668,0.0,0.0,20.69444443,24.7,40.95,0,5.1764362714980825,70.66250196097344,20,4,4,-0.8660254037844386,0.5000000000000001,-0.433883739117558,-0.9009688679024191,0.8660254037844387,-0.4999999999999998,17.25,48.5625,206.64583333333331,4.525,9.025,100.0,49.5,9.0,8.4887295,0.0,19.875,20.774074093333333,41.35,42.1,42.18333333333333,42.0,40.71666666666667,4.005555570000002,0.1185184799999952,-0.3219999999999992,25.022,24.407333333333334,20.61975310333333,25.11555555555556,7.3668957,7.38766,7.5273433,7.6092563,7.358958,0,3.0,0,0.25,-0.47,9.6,90.4
2023-04-14 20:30:00,60.319809411108,26.39866626111,26.410610249998,20.774074093333333,24.407333333333334,40.71666666666667,1,5.1764362714980825,70.66250196097344,20,4,4,-0.8660254037844386,0.5000000000000001,-0.433883739117558,-0.9009688679024191,0.8660254037844387,-0.4999999999999998,11.5,27.6875,170.60416666666666,4.05,7.949999999999999,100.0,52.0,9.3,8.697687,0.0,19.450000000000003,20.72222222,40.95,41.35,42.1,42.18333333333333,41.35,3.633259240000001,0.0796296633333355,-0.2926666666666655,24.7,24.138666666666666,20.68148149111111,24.709777777777777,7.358958,7.3668957,7.38766,7.5273433,7.4508977,0,3.0,1,0.25,-0.45,9.2,90.8
2023-04-14 20:45:00,91.545226977776,45.678450588888,45.693727811108,20.72222222,24.138666666666666,41.35,1,5.1764362714980825,70.66250196097344,20,4,4,-0.8660254037844386,0.5000000000000001,-0.433883739117558,-0.9009688679024191,0.8660254037844387,-0.4999999999999998,5.75,14.375,137.70833333333334,3.575,6.875,100.0,54.5,9.6,8.890452,0.0,19.025,20.505555583333333,40.71666666666667,40.95,41.35,42.1,41.5,3.4164444466666666,-0.0518518733333337,-0.2686666666666681,24.407333333333334,23.92,20.730246914444443,24.415333333333336,7.4508977,7.358958,7.3668957,7.38766,7.384099,0,2.0,0,0.5,-0.46,9.4,90.6
2023-04-14 21:00:00,96.282259655556,41.411954555556,41.425565144444,20.505555583333333,23.92,41.5,1,5.1764362714980825,70.66250196097344,21,4,4,-0.7071067811865477,0.7071067811865474,-0.433883739117558,-0.9009688679024191,0.8660254037844387,-0.4999999999999998,0.0,8.625,107.95833333333331,3.1,5.8,100.0,57.0,9.9,9.067606,0.0,18.6,20.30000002,41.35,40.71666666666667,40.95,41.35,41.5,3.4144444166666688,-0.216666636666666,-0.2186666666666639,24.138666666666666,23.75933333333333,20.667283965555555,24.15533333333333,7.384099,7.4508977,7.358958,7.3668957,7.296028,0,1.0,0,0.75,-0.51,10.4,89.6
2023-04-14 21:15:00,70.218580044444,32.849797072222,32.862018833332,20.30000002,23.75933333333333,41.5,1,5.1764362714980825,70.66250196097344,21,4,4,-0.7071067811865477,0.7071067811865474,-0.433883739117558,-0.9009688679024191,0.8660254037844387,-0.4999999999999998,0.0,4.3125,82.16666666666667,3.8,6.5,100.0,58.25,9.875,9.062694,0.0,18.225,20.15370372,41.5,41.35,40.71666666666667,40.95,41.5,3.459333313333332,-0.2055555633333305,-0.1606666666666676,23.92,23.62066666666667,20.50925927444445,23.93933333333333,7.296028,7.384099,7.4508977,7.358958,7.2339,0,0.0,0,1.0,-0.56,11.5,88.5
2023-04-14 21:30:00,60.04370932222,26.120899555556,26.133121300000003,20.15370372,23.62066666666667,41.5,1,5.1764362714980825,70.66250196097344,21,4,4,-0.7071067811865477,0.7071067811865474,-0.433883739117558,-0.9009688679024191,0.8660254037844387,-0.4999999999999998,0.0,1.4375,60.333333333333336,4.5,7.199999999999999,100.0,59.5,9.85,9.053017,0.0,17.85,20.08333336,41.5,41.5,41.35,40.71666666666667,41.1,3.466962946666669,-0.146296300000003,-0.1386666666666656,23.75933333333333,23.32933333333333,20.319753107777775,23.76666666666667,7.2339,7.296028,7.384099,7.4508977,7.1347423,0,0.0,0,1.0,-0.59,12.3,87.7
2023-04-14 21:45:00,38.091254138886,0.0,0.0,20.08333336,23.32933333333333,41.1,0,5.1764362714980825,70.66250196097344,21,4,4,-0.7071067811865477,0.7071067811865474,-0.433883739117558,-0.9009688679024191,0.8660254037844387,-0.4999999999999998,0.0,0.0,42.458333333333336,5.2,7.899999999999999,100.0,60.75,9.825,9.03876,0.0,17.475,20.20000003,41.5,41.5,41.5,41.35,40.35,3.245999973333337,-0.0703703600000018,-0.2913333333333341,23.62066666666667,23.114,20.17901236666667,23.569777777777777,7.1347423,7.2339,7.296028,7.384099,7.05251,1,1.0,1,0.75,-0.61,12.8,87.2
2023-04-14 22:00:00,60.76284705556,0.0,0.0,20.20000003,23.114,40.35,0,5.1764362714980825,70.66250196097344,22,4,4,-0.5000000000000004,0.8660254037844384,-0.433883739117558,-0.9009688679024191,0.8660254037844387,-0.4999999999999998,0.0,0.0,28.541666666666668,5.9,8.6,100.0,62.0,9.8,9.020106,0.0,17.1,20.32222221,41.1,41.5,41.5,41.5,40.0,2.9139999699999954,0.1166666700000043,-0.2153333333333371,23.32933333333333,22.730666666666664,20.145679036666667,23.35466666666667,7.05251,7.1347423,7.2339,7.296028,7.041449,0,2.0,0,0.5,-0.59,12.2,87.8
2023-04-14 22:15:00,43.291323794446,0.0,0.0,20.32222221,22.730666666666664,40.0,0,5.1764362714980825,70.66250196097344,22,4,4,-0.5000000000000004,0.8660254037844384,-0.433883739117558,-0.9009688679024191,0.8660254037844387,-0.4999999999999998,0.0,0.0,17.625,6.325,9.05,100.0,63.25,9.725,8.997233,0.0,16.725,20.38518519333333,40.35,41.1,41.5,41.5,40.0,2.4084444566666647,0.1222221799999978,-0.3833333333333328,23.114,22.408666666666665,20.20185186666667,23.058,7.041449,7.05251,7.1347423,7.2339,7.067388,0,3.0,0,0.25,-0.56,11.6,88.4
2023-04-14 22:30:00,35.478303127774,0.0,0.0,20.38518519333333,22.408666666666665,40.0,0,5.1764362714980825,70.66250196097344,22,4,4,-0.5000000000000004,0.8660254037844384,-0.433883739117558,-0.9009688679024191,0.8660254037844387,-0.4999999999999998,0.0,0.0,9.708333333333334,6.75,9.5,100.0,64.5,9.65,8.970311,0.0,16.35,20.4222222,40.0,40.35,41.1,41.5,40.05,2.0234814733333337,0.0629629833333318,-0.3219999999999992,22.730666666666664,22.292666666666666,20.302469144444448,22.75111111111111,7.067388,7.041449,7.05251,7.1347423,7.091537,0,4.0,0,0.0,-0.55,11.2,88.8
2023-04-14 22:45:00,71.359367827774,26.213951416666,26.225895372222,20.4222222,22.292666666666666,40.05,1,5.1764362714980825,70.66250196097344,22,4,4,-0.5000000000000004,0.8660254037844384,-0.433883739117558,-0.9009688679024191,0.8660254037844387,-0.4999999999999998,0.0,0.0,4.791666666666667,7.175,9.95,100.0,65.75,9.575,8.939508,0.0,15.975,20.331481476666667,40.0,40.0,40.35,41.1,40.65,1.8704444666666653,0.0370370066666687,-0.1159999999999996,22.408666666666665,22.264000000000003,20.37654320111111,22.47733333333333,7.091537,7.067388,7.041449,7.05251,7.1597447,0,3.0,1,0.25,-0.54,11.0,89.0
2023-04-14 23:00:00,71.28242633889,31.820671572222,31.834004405554,20.331481476666667,22.264000000000003,40.65,1,5.1764362714980825,70.66250196097344,23,4,4,-0.2588190451025215,0.965925826289068,-0.433883739117558,-0.9009688679024191,0.8660254037844387,-0.4999999999999998,0.0,0.0,2.875,7.6,10.4,100.0,67.0,9.5,8.90499,0.0,15.6,20.13333332,40.05,40.0,40.0,40.35,41.0,1.932518523333336,-0.090740723333333,-0.0286666666666626,22.292666666666666,22.280000000000005,20.379629623333333,22.32177777777778,7.1597447,7.091537,7.067388,7.041449,7.138235,0,2.0,0,0.5,-0.55,11.4,88.6
2023-04-14 23:15:00,312.498332883334,33.223948772222,33.237559344444,20.13333332,22.280000000000005,41.0,1,5.1764362714980825,70.66250196097344,23,4,4,-0.2588190451025215,0.965925826289068,-0.433883739117558,-0.9009688679024191,0.8660254037844387,-0.4999999999999998,0.0,0.0,1.4375,8.0,11.125,100.0,64.75,8.925,8.605942,0.0,15.6,19.96666667,40.65,40.05,40.0,40.0,41.18333333333333,2.1466666800000027,-0.1981481566666652,0.0160000000000017,22.264000000000003,22.264000000000003,20.29567899888889,22.27888888888889,7.138235,7.1597447,7.091537,7.067388,7.1005425,0,1.0,0,0.75,-0.6,12.5,87.5
2023-04-14 23:30:00,75.496424472222,31.095422816666,31.107089,19.96666667,22.264000000000003,41.18333333333333,1,5.1764362714980825,70.66250196097344,23,4,4,-0.2588190451025215,0.965925826289068,-0.433883739117558,-0.9009688679024191,0.8660254037844387,-0.4999999999999998,0.0,0.0,0.4791666666666667,8.399999999999999,11.85,100.0,62.5,8.35,8.306893,0.0,15.6,19.83888887,41.0,40.65,40.05,40.0,41.5,2.2973333300000043,-0.1666666500000033,-0.0160000000000017,22.280000000000005,21.99333333333333,20.14382715555556,22.26933333333334,7.1005425,7.138235,7.1597447,7.091537,7.101761,0,0.0,0,1.0,-0.64,13.5,86.5
2023-04-14 23:45:00,61.840303988892,24.691790022224,24.70373397778,19.83888887,21.99333333333333,41.5,1,5.1764362714980825,70.66250196097344,23,4,4,-0.2588190451025215,0.965925826289068,-0.433883739117558,-0.9009688679024191,0.8660254037844387,-0.4999999999999998,0.0,0.0,0.0,8.799999999999999,12.575,100.0,60.25,7.775,8.007846,0.0,15.6,19.729629606666663,41.18333333333333,41.0,40.65,40.05,41.5,2.1544444633333306,-0.1277777999999969,-0.2706666666666706,22.264000000000003,21.396,19.97962962,22.179111111111112,7.101761,7.1005425,7.138235,7.1597447,7.0563946,0,0.0,0,1.0,-0.66,14.2,85.8
2023-04-15 00:00:00,62.743601222224,28.806903244444,28.819402744444,19.729629606666663,21.396,41.5,1,5.1764362714980825,70.66250196097344,0,5,4,0.0,1.0,-0.9749279121818236,-0.2225209339563146,0.8660254037844387,-0.4999999999999998,0.0,0.0,0.0,9.2,13.3,100.0,58.0,7.2,7.7087965,0.0,15.6,19.64444443,41.5,41.18333333333333,41.0,40.65,41.5,1.6663703933333345,-0.1092592633333353,-0.5973333333333315,21.99333333333333,21.032666666666668,19.84506171555556,21.884444444444444,7.0563946,7.101761,7.1005425,7.138235,7.021196,0,0.0,0,1.0,-0.69,15.0,85.0
2023-04-15 00:15:00,71.452419488892,23.553780044444,23.564612944444,19.64444443,21.032666666666668,41.5,1,5.1764362714980825,70.66250196097344,0,5,4,0.0,1.0,-0.9749279121818236,-0.2225209339563146,0.8660254037844387,-0.4999999999999998,0.0,0.0,0.0,8.774999999999999,13.85,100.0,58.0,7.125,7.6505685,0.0,15.475,19.6111111,41.5,41.5,41.18333333333333,41.0,41.5,1.3882222366666674,-0.0851851766666662,-0.3633333333333333,21.396,20.340666666666667,19.73765430222222,21.474,7.021196,7.0563946,7.101761,7.1005425,7.007465,0,0.0,0,1.0,-0.71,15.6,84.4
2023-04-15 00:30:00,55.573332494446,0.0,0.0,19.6111111,20.340666666666667,41.5,0,5.1764362714980825,70.66250196097344,0,5,4,0.0,1.0,-0.9749279121818236,-0.2225209339563146,0.8660254037844387,-0.4999999999999998,0.0,0.0,0.0,8.35,14.4,100.0,58.0,7.050000000000001,7.59272,0.0,15.35,19.69444443,41.5,41.5,41.5,41.18333333333333,41.5,0.7295555666666687,-0.0333333300000013,-0.6920000000000002,21.032666666666668,19.481333333333332,19.66172837888889,20.923111111111112,7.007465,7.021196,7.0563946,7.101761,7.0418367,1,1.0,1,0.75,-0.72,15.8,84.2
2023-04-15 00:45:00,35.497746833328,0.0,0.0,19.69444443,19.481333333333332,41.5,0,5.1764362714980825,70.66250196097344,0,5,4,0.0,1.0,-0.9749279121818236,-0.2225209339563146,0.8660254037844387,-0.4999999999999998,0.0,0.0,0.0,7.925,14.95,100.0,58.0,6.9750000000000005,7.5352545,0.0,15.225,19.794444443333337,41.5,41.5,41.5,41.5,41.31666666666667,-0.2131110966666618,0.0833333299999985,-0.859333333333332,20.340666666666667,18.711333333333336,19.649999986666668,20.28488888888889,7.0418367,7.007465,7.021196,7.0563946,7.051986,0,2.0,0,0.5,-0.7,15.2,84.8
2023-04-15 01:00:00,35.37330742777,0.0,0.0,19.794444443333337,18.711333333333336,41.31666666666667,0,5.1764362714980825,70.66250196097344,1,5,4,0.2588190451025207,0.9659258262890684,-0.9749279121818236,-0.2225209339563146,0.8660254037844387,-0.4999999999999998,0.0,0.0,0.0,7.5,15.5,100.0,58.0,6.9,7.4781656,0.0,15.1,19.87222222,41.5,41.5,41.5,41.5,41.0,-1.0831111100000008,0.1000000133333394,-0.7699999999999996,19.481333333333332,18.388666666666666,19.69999999111111,19.51111111111111,7.051986,7.0418367,7.007465,7.021196,7.029923,0,3.0,0,0.25,-0.67,14.6,85.4
2023-04-15 01:15:00,46.13426572222,0.0,0.0,19.87222222,18.388666666666666,41.0,0,5.1764362714980825,70.66250196097344,1,5,4,0.2588190451025207,0.9659258262890684,-0.9749279121818236,-0.2225209339563146,0.8660254037844387,-0.4999999999999998,0.0,0.0,0.0,6.95,14.5,99.5,59.75,7.0,7.552702,0.0,14.775,19.90925925,41.31666666666667,41.5,41.5,41.5,41.0,-1.4835555533333356,0.0777777766666645,-0.3226666666666702,18.711333333333336,18.124,19.78703703111111,18.860444444444443,7.029923,7.051986,7.0418367,7.007465,7.0451984,0,4.0,0,0.0,-0.66,14.1,85.9
2023-04-15 01:30:00,50.647974099996,0.0,0.0,19.90925925,18.124,41.0,0,5.1764362714980825,70.66250196097344,1,5,4,0.2588190451025207,0.9659258262890684,-0.9749279121818236,-0.2225209339563146,0.8660254037844387,-0.4999999999999998,0.0,0.0,0.0,6.4,13.5,99.0,61.5,7.1,7.6210423,0.0,14.45,19.9444444,41.0,41.31666666666667,41.5,41.5,41.0,-1.7852592499999955,0.0370370299999969,-0.2646666666666633,18.388666666666666,18.241333333333333,19.858641971111112,18.408,7.0451984,7.029923,7.051986,7.0418367,7.0597367,0,4.0,0,0.0,-0.65,13.9,86.1
2023-04-15 01:45:00,52.093749450002,0.0,0.0,19.9444444,18.241333333333333,41.0,0,5.1764362714980825,70.66250196097344,1,5,4,0.2588190451025207,0.9659258262890684,-0.9749279121818236,-0.2225209339563146,0.8660254037844387,-0.4999999999999998,0.0,0.0,0.0,5.85,12.5,98.5,63.25,7.2,7.683378,0.0,14.125,19.90370366333333,41.0,41.0,41.31666666666667,41.5,41.18333333333333,-1.703111066666665,0.0351851500000002,0.117333333333331,18.124,18.33133333333333,19.908641956666667,18.25133333333333,7.0597367,7.0451984,7.029923,7.051986,7.0743985,0,4.0,0,0.0,-0.64,13.6,86.4
2023-04-15 02:00:00,72.8579189,28.960230411112,28.972174366668,19.90370366333333,18.33133333333333,41.18333333333333,1,5.1764362714980825,70.66250196097344,2,5,4,0.4999999999999999,0.8660254037844387,-0.9749279121818236,-0.2225209339563146,0.8660254037844387,-0.4999999999999998,0.0,0.0,0.0,5.3,11.5,98.0,65.0,7.3,7.739895,0.0,13.8,19.74444442,41.0,41.0,41.0,41.31666666666667,41.5,-1.5723703300000018,-0.0407407366666667,0.0899999999999963,18.241333333333333,18.248,19.91913577111111,18.232222222222223,7.0743985,7.0597367,7.0451984,7.029923,7.0625305,0,3.0,1,0.25,-0.65,13.9,86.1
2023-04-15 02:15:00,62.084460922224,27.2164113,27.229188588888,19.74444442,18.248,41.5,1,5.1764362714980825,70.66250196097344,2,5,4,0.4999999999999999,0.8660254037844387,-0.9749279121818236,-0.2225209339563146,0.8660254037844387,-0.4999999999999998,0.0,0.0,0.0,5.65,10.775,75.25,67.25,7.35,7.788823,0.0,13.35,19.598148156666664,41.18333333333333,41.0,41.0,41.0,41.5,-1.496444419999996,-0.1592592433333344,-0.0833333333333286,18.33133333333333,18.2,19.864197494444443,18.273555555555557,7.0625305,7.0743985,7.0597367,7.0451984,7.002132,0,2.0,0,0.5,-0.69,14.9,85.1
2023-04-15 02:30:00,65.792645955556,27.6022292,27.6138954,19.598148156666664,18.2,41.5,1,5.1764362714980825,70.66250196097344,2,5,4,0.4999999999999999,0.8660254037844387,-0.9749279121818236,-0.2225209339563146,0.8660254037844387,-0.4999999999999998,0.0,0.0,0.0,6.0,10.05,52.5,69.5,7.4,7.8285017,0.0,12.9,19.47777776,41.5,41.18333333333333,41.0,41.0,41.85,-1.3981481566666645,-0.1462962633333333,-0.0480000000000018,18.248,18.04866666666667,19.74876541333333,18.25977777777777,7.002132,7.0625305,7.0743985,7.0597367,7.011409,0,1.0,0,0.75,-0.72,15.9,84.1
2023-04-15 02:45:00,80.00013316666801,23.946819855556,23.959319355556,19.47777776,18.04866666666667,41.85,1,5.1764362714980825,70.66250196097344,2,5,4,0.4999999999999999,0.8660254037844387,-0.9749279121818236,-0.2225209339563146,0.8660254037844387,-0.4999999999999998,0.0,0.0,0.0,6.35,9.325,29.75,71.75,7.45,7.859343,0.0,12.45,19.42407405,41.5,41.5,41.18333333333333,41.0,42.0,-1.4291110933333293,-0.1203703966666651,-0.15133333333333,18.2,17.48933333333333,19.606790112222217,18.16555555555556,7.011409,7.002132,7.0625305,7.0743985,7.0143504,0,0.0,0,1.0,-0.75,16.7,83.3
2023-04-15 03:00:00,59.948990877776,18.169550972222,18.180939416666,19.42407405,17.48933333333333,42.0,1,5.1764362714980825,70.66250196097344,3,5,4,0.7071067811865476,0.7071067811865476,-0.9749279121818236,-0.2225209339563146,0.8660254037844387,-0.4999999999999998,0.0,0.0,0.0,6.7,8.6,7.0,74.0,7.5,7.881748,0.0,12.0,19.35555554,41.85,41.5,41.5,41.18333333333333,42.3,-1.934740716666667,-0.0537037100000006,-0.5593333333333383,18.04866666666667,16.836,19.499999988888888,17.912666666666667,7.0143504,7.011409,7.002132,7.0625305,7.036031,0,0.0,0,1.0,-0.76,17.1,82.9
2023-04-15 03:15:00,35.381362572218,0.0,0.0,19.35555554,16.836,42.3,0,5.1764362714980825,70.66250196097344,3,5,4,0.7071067811865476,0.7071067811865476,-0.9749279121818236,-0.2225209339563146,0.8660254037844387,-0.4999999999999998,0.0,0.0,0.0,6.5,8.7,29.75,73.75,7.3,7.794055,0.0,11.875,19.40555554333333,42.0,41.85,41.5,41.5,42.03333333333333,-2.5195555400000025,-0.0685185099999969,-0.6533333333333324,17.48933333333333,16.726666666666667,19.41913578333333,17.458,7.036031,7.0143504,7.011409,7.002132,7.012276,1,1.0,1,0.75,-0.77,17.6,82.4
2023-04-15 03:30:00,37.346284022216,0.0,0.0,19.40555554333333,16.726666666666667,42.03333333333333,0,5.1764362714980825,70.66250196097344,3,5,4,0.7071067811865476,0.7071067811865476,-0.9749279121818236,-0.2225209339563146,0.8660254037844387,-0.4999999999999998,0.0,0.0,0.0,6.300000000000001,8.8,52.5,73.5,7.1,7.707189,0.0,11.75,19.48333332,42.3,42.0,41.85,41.5,42.05,-2.678888876666665,0.0500000033333307,-0.1093333333333319,16.836,16.833333333333332,19.39506171111111,17.017333333333333,7.012276,7.036031,7.0143504,7.011409,7.0472183,0,2.0,0,0.5,-0.76,17.2,82.8
2023-04-15 03:45:00,53.900899427778,0.0,0.0,19.48333332,16.833333333333332,42.05,0,5.1764362714980825,70.66250196097344,3,5,4,0.7071067811865476,0.7071067811865476,-0.9749279121818236,-0.2225209339563146,0.8660254037844387,-0.4999999999999998,0.0,0.0,0.0,6.1000000000000005,8.9,75.25,73.25,6.9,7.6211414,0.0,11.625,19.520370386666663,42.03333333333333,42.3,42.0,41.85,42.46666666666667,-2.649999986666668,0.077777776666668,0.1066666666666655,16.726666666666667,16.87666666666667,19.41481480111111,16.798666666666666,7.0472183,7.012276,7.036031,7.0143504,7.1325607,0,3.0,0,0.25,-0.74,16.6,83.4
2023-04-15 04:00:00,49.774120055556,0.0,0.0,19.520370386666663,16.87666666666667,42.46666666666667,0,5.1764362714980825,70.66250196097344,4,5,4,0.8660254037844386,0.5000000000000001,-0.9749279121818236,-0.2225209339563146,0.8660254037844387,-0.4999999999999998,0.0,0.0,0.0,5.9,9.0,98.0,73.0,6.7,7.5359073,0.0,11.5,19.59444445,42.05,42.03333333333333,42.3,42.0,42.5,-2.6437037199999978,0.0370370666666666,0.0433333333333365,16.833333333333332,16.65,19.46975308333333,16.81222222222222,7.1325607,7.0472183,7.012276,7.036031,7.169297,0,4.0,0,0.0,-0.73,16.3,83.7
2023-04-15 04:15:00,35.383029188884,0.0,0.0,19.59444445,16.65,42.5,0,5.1764362714980825,70.66250196097344,4,5,4,0.8660254037844386,0.5000000000000001,-0.9749279121818236,-0.2225209339563146,0.8660254037844387,-0.4999999999999998,0.0,0.0,0.0,5.95,8.725,98.0,73.0,6.675,7.5005674,0.0,11.425,19.6111111,42.46666666666667,42.05,42.03333333333333,42.3,42.5,-2.9444444500000024,0.0740740633333345,-0.2266666666666701,16.87666666666667,16.541333333333334,19.532716052222224,16.786666666666665,7.169297,7.1325607,7.0472183,7.012276,7.1763196,0,4.0,0,0.0,-0.72,15.8,84.2
2023-04-15 04:30:00,46.304258855556,0.0,0.0,19.6111111,16.541333333333334,42.5,0,5.1764362714980825,70.66250196097344,4,5,4,0.8660254037844386,0.5000000000000001,-0.9749279121818236,-0.2225209339563146,0.8660254037844387,-0.4999999999999998,0.0,0.0,0.0,6.0,8.45,98.0,73.0,6.65,7.4653707,0.0,11.35,19.61666666,42.5,42.46666666666667,42.05,42.03333333333333,42.5,-3.069777766666665,0.0166666499999976,-0.1086666666666644,16.65,16.408666666666665,19.575308645555555,16.689333333333334,7.1763196,7.169297,7.1325607,7.0472183,7.178663,0,4.0,0,0.0,-0.71,15.6,84.4
2023-04-15 04:45:00,35.598020538886004,0.0,0.0,19.61666666,16.408666666666665,42.5,0,5.1764362714980825,70.66250196097344,4,5,4,0.8660254037844386,0.5000000000000001,-0.9749279121818236,-0.2225209339563146,0.8660254037844387,-0.4999999999999998,0.0,0.0,0.0,6.05,8.175,98.0,73.0,6.625,7.430319,0.0,11.275,19.66296299333333,42.5,42.5,42.46666666666667,42.05,42.5,-3.2079999933333347,0.0055555600000012,-0.1326666666666689,16.541333333333334,16.058666666666667,19.607407403333337,16.53333333333333,7.178663,7.1763196,7.169297,7.1325607,7.1982055,0,4.0,0,0.0,-0.71,15.6,84.4
2023-04-15 05:00:00,60.14148316111,11.6487007,11.658978055556,19.66296299333333,16.058666666666667,42.5,1,5.1764362714980825,70.66250196097344,5,5,4,0.9659258262890684,0.2588190451025207,-0.9749279121818236,-0.2225209339563146,0.8660254037844387,-0.4999999999999998,0.0,0.0,0.0,6.1,7.9,98.0,73.0,6.6,7.3954096,0.0,11.2,19.61666667,42.5,42.5,42.5,42.46666666666667,42.55,-3.6042963266666663,0.0462963333333341,-0.3499999999999978,16.408666666666665,15.793333333333331,19.63024691777778,16.336222222222222,7.1982055,7.178663,7.1763196,7.169297,7.1871076,0,3.0,1,0.25,-0.7,15.3,84.7
2023-04-15 05:15:00,81.203140644444,26.462274816666,26.473663244444,19.61666667,15.793333333333331,42.55,1,5.1764362714980825,70.66250196097344,5,5,4,0.9659258262890684,0.2588190451025207,-0.9749279121818236,-0.2225209339563146,0.8660254037844387,-0.4999999999999998,0.0,0.0,0.0,6.225,8.0,98.5,73.75,6.6,7.412933,0.0,11.075,19.46666667,42.5,42.5,42.5,42.5,42.96666666666667,-3.823333336666664,-0.0462963233333368,-0.2653333333333343,16.058666666666667,15.276,19.632098774444444,16.08688888888889,7.1871076,7.1982055,7.178663,7.1763196,7.1937904,0,2.0,0,0.5,-0.71,15.6,84.4
2023-04-15 05:30:00,67.02287461110801,23.242125844444,23.252958727778,19.46666667,15.276,42.96666666666667,1,5.1764362714980825,70.66250196097344,5,5,4,0.9659258262890684,0.2588190451025207,-0.9749279121818236,-0.2225209339563146,0.8660254037844387,-0.4999999999999998,0.0,0.0,0.0,6.35,8.100000000000001,99.0,74.5,6.6,7.4296684,0.0,10.95,19.305555570000003,42.55,42.5,42.5,42.5,43.05,-4.190666669999999,-0.1499999999999985,-0.5173333333333332,15.793333333333331,15.396666666666668,19.582098777777777,15.709333333333332,7.1937904,7.1871076,7.1982055,7.178663,7.139738,0,1.0,0,0.75,-0.74,16.6,83.4
2023-04-15 05:45:00,58.484049611104,24.19208786111,24.204587377776,19.305555570000003,15.396666666666668,43.05,1,5.1764362714980825,70.66250196097344,5,5,4,0.9659258262890684,0.2588190451025207,-0.9749279121818236,-0.2225209339563146,0.8660254037844387,-0.4999999999999998,0.0,0.0,0.0,6.475,8.200000000000001,99.5,75.25,6.6,7.445629,0.0,10.825,19.205555556666663,42.96666666666667,42.55,42.5,42.5,43.46666666666667,-3.908888903333336,-0.1611110999999958,0.1206666666666667,15.276,15.492,19.46296297,15.488666666666669,7.139738,7.1937904,7.1871076,7.1982055,7.166504,0,0.0,0,1.0,-0.78,17.8,82.2
2023-04-15 06:00:00,57.372427211112,17.231255188888,17.24236586111,19.205555556666663,15.492,43.46666666666667,1,5.1764362714980825,70.66250196097344,6,5,4,1.0,6.123233995736766e-17,-0.9749279121818236,-0.2225209339563146,0.8660254037844387,-0.4999999999999998,0.0,0.0,0.0,6.6,8.3,100.0,76.0,6.6,7.460822,0.0,10.7,19.12222223,43.05,42.96666666666667,42.55,42.5,43.5,-3.713555556666664,-0.1000000133333394,0.0953333333333326,15.396666666666668,15.948666666666666,19.325925932222223,15.38822222222222,7.166504,7.139738,7.1937904,7.1871076,7.1368594,0,0.0,0,1.0,-0.8,18.5,81.5
2023-04-15 06:15:00,82.771411227778,24.376524916666,24.389302188888,19.12222223,15.948666666666666,43.5,1,5.1764362714980825,70.66250196097344,6,5,4,1.0,6.123233995736766e-17,-0.9749279121818236,-0.2225209339563146,0.8660254037844387,-0.4999999999999998,3.0,0.75,0.25,6.1,8.3,100.0,76.0,6.75,7.53169,0.0,10.85,19.03888891333333,43.46666666666667,43.05,42.96666666666667,42.55,43.5,-3.1735555633333323,-0.0833333266666649,0.456666666666667,15.492,15.874,19.21111111888889,15.612444444444444,7.1368594,7.166504,7.139738,7.1937904,7.1018677,0,0.0,0,1.0,-0.82,19.2,80.8
2023-04-15 06:30:00,62.373060527778,24.473465472222,24.486242744444,19.03888891333333,15.874,43.5,1,5.1764362714980825,70.66250196097344,6,5,4,1.0,6.123233995736766e-17,-0.9749279121818236,-0.2225209339563146,0.8660254037844387,-0.4999999999999998,6.0,2.25,0.75,5.6,8.3,100.0,76.0,6.9,7.6031423,0.0,11.0,18.95555553,43.5,43.46666666666667,43.05,42.96666666666667,43.85,-3.164888913333336,-0.0833333166666641,-0.0746666666666673,15.948666666666666,16.712666666666667,19.12222223333333,15.771555555555553,7.1018677,7.1368594,7.166504,7.139738,7.123883,0,0.0,0,1.0,-0.84,19.9,80.1
2023-04-15 06:45:00,50.018277072218,16.087967572222,16.100467088888,18.95555553,16.712666666666667,43.85,1,5.1764362714980825,70.66250196097344,6,5,4,1.0,6.123233995736766e-17,-0.9749279121818236,-0.2225209339563146,0.8660254037844387,-0.4999999999999998,9.0,4.5,1.5,5.1,8.3,100.0,76.0,7.05,7.6751857,0.0,11.15,18.933333336666667,43.5,43.5,43.46666666666667,43.05,44.0,-2.2428888633333344,-0.0833333833333327,0.8386666666666684,15.874,17.715333333333334,19.038888891111117,16.178444444444445,7.123883,7.1018677,7.1368594,7.166504,7.13888,0,0.0,0,1.0,-0.86,20.5,79.5
2023-04-15 07:00:00,46.556193211112,0.0,0.0,18.933333336666667,17.715333333333334,44.0,0,5.1764362714980825,70.66250196097344,7,5,4,0.9659258262890684,-0.2588190451025206,-0.9749279121818236,-0.2225209339563146,0.8660254037844387,-0.4999999999999998,12.0,7.5,2.5,4.6,8.3,100.0,76.0,7.2,7.7478223,0.0,11.3,19.04444447,43.85,43.5,43.5,43.46666666666667,44.05,-1.2180000033333336,-0.0222221933333344,1.0026666666666664,16.712666666666667,17.740666666666666,18.97592592666667,16.767333333333333,7.13888,7.123883,7.1018677,7.1368594,7.194019,1,1.0,1,0.75,-0.86,20.7,79.3
2023-04-15 07:15:00,43.898521838886,0.0,0.0,19.04444447,17.740666666666666,44.05,0,5.1764362714980825,70.66250196097344,7,5,4,0.9659258262890684,-0.2588190451025206,-0.9749279121818236,-0.2225209339563146,0.8660254037844387,-0.4999999999999998,36.25,15.8125,5.520833333333333,5.074999999999999,8.475000000000001,100.0,73.25,7.575,7.936758,0.0,12.275,19.12777778666667,44.0,43.85,43.5,43.5,44.65,-1.3037778033333325,0.1111111333333312,0.0253333333333323,17.715333333333334,18.204,18.977777778888893,17.389555555555557,7.194019,7.13888,7.123883,7.1018677,7.3279343,0,2.0,0,0.5,-0.84,19.7,80.3
2023-04-15 07:30:00,50.4779808,0.0,0.0,19.12777778666667,18.204,44.65,0,5.1764362714980825,70.66250196097344,7,5,4,0.9659258262890684,-0.2588190451025206,-0.9749279121818236,-0.2225209339563146,0.8660254037844387,-0.4999999999999998,60.5,29.4375,10.5625,5.55,8.65,100.0,70.5,7.949999999999999,8.114965,0.0,13.25,19.21111111,44.05,44.0,43.85,43.5,45.35,-0.923777786666669,0.0833333166666712,0.4633333333333347,17.740666666666666,18.401333333333334,19.03518519777778,17.886666666666667,7.3279343,7.194019,7.13888,7.123883,7.4794645,0,3.0,0,0.25,-0.81,18.9,81.1
2023-04-15 07:45:00,42.108037877776,0.0,0.0,19.21111111,18.401333333333334,45.35,0,5.1764362714980825,70.66250196097344,7,5,4,0.9659258262890684,-0.2588190451025206,-0.9749279121818236,-0.2225209339563146,0.8660254037844387,-0.4999999999999998,84.75,48.375,17.625,6.025,8.825,100.0,67.75,8.325,8.280645,0.0,14.225,19.294444443333337,44.65,44.05,44.0,43.85,45.68333333333333,-0.8097777766666674,0.0833333233333313,0.1973333333333329,18.204,18.516,19.12777778888889,18.115333333333336,7.4794645,7.3279343,7.194019,7.13888,7.5715156,0,4.0,0,0.0,-0.79,18.1,81.9
2023-04-15 08:00:00,39.721466694442,0.0,0.0,19.294444443333337,18.516,45.68333333333333,0,5.1764362714980825,70.66250196097344,8,5,4,0.8660254037844387,-0.4999999999999998,-0.9749279121818236,-0.2225209339563146,0.8660254037844387,-0.4999999999999998,109.0,72.625,26.70833333333333,6.5,9.0,100.0,65.0,8.7,8.43185,0.0,15.2,19.43888885,45.35,44.65,44.05,44.0,45.6,-0.7784444433333348,0.0833333333333357,0.1146666666666682,18.401333333333334,19.048,19.21111111333333,18.37377777777778,7.5715156,7.4794645,7.3279343,7.194019,7.622219,0,4.0,0,0.0,-0.77,17.4,82.6
2023-04-15 08:15:00,35.333586716662,0.0,0.0,19.43888885,19.048,45.6,0,5.1764362714980825,70.66250196097344,8,5,4,0.8660254037844387,-0.4999999999999998,-0.9749279121818236,-0.2225209339563146,0.8660254037844387,-0.4999999999999998,155.0,102.3125,39.625,5.425,9.8,88.25,64.25,9.375,8.815084,0.0,16.125,19.80555554,45.68333333333333,45.35,44.65,44.05,44.85,-0.3908888499999996,0.1444444066666648,0.532,18.516,19.712,19.314814801111115,18.65511111111111,7.622219,7.5715156,7.4794645,7.3279343,7.6600504,0,4.0,0,0.0,-0.73,16.4,83.6
2023-04-15 08:30:00,85.692961127774,35.705793927778004,35.72079336111,19.80555554,19.712,44.85,1,5.1764362714980825,70.66250196097344,8,5,4,0.8660254037844387,-0.4999999999999998,-0.9749279121818236,-0.2225209339563146,0.8660254037844387,-0.4999999999999998,201.0,137.4375,56.375,4.35,10.6,76.5,63.5,10.05,9.210699,0.0,17.049999999999997,20.17777776,45.6,45.68333333333333,45.35,44.65,44.1,-0.0935555400000005,0.3666666899999988,0.6639999999999979,19.048,20.974666666666668,19.51296294444445,19.092,7.6600504,7.622219,7.5715156,7.4794645,7.6979394,0,3.0,1,0.25,-0.65,13.9,86.1
2023-04-15 08:45:00,94.039293911108,41.353068044444,41.367511949998,20.17777776,20.974666666666668,44.1,1,5.1764362714980825,70.66250196097344,8,5,4,0.8660254037844387,-0.4999999999999998,-0.9749279121818236,-0.2225209339563146,0.8660254037844387,-0.4999999999999998,247.0,178.0,76.95833333333333,3.275,11.4,64.75,62.75,10.725,9.618815,0.0,17.974999999999998,20.49074071,44.85,45.6,45.68333333333333,45.35,43.35,0.7968889066666662,0.3722222200000011,1.262666666666668,19.712,21.67,19.807407383333334,19.911555555555555,7.6979394,7.6600504,7.622219,7.5715156,7.7066054,0,2.0,0,0.5,-0.57,11.8,88.2
2023-04-15 09:00:00,291.391677333328,43.318267233332,43.33409998333,20.49074071,21.67,43.35,1,5.1764362714980825,70.66250196097344,9,5,4,0.7071067811865476,-0.7071067811865475,-0.9749279121818236,-0.2225209339563146,0.8660254037844387,-0.4999999999999998,293.0,224.0,101.375,2.2,12.2,53.0,62.0,11.4,10.039548,0.0,18.9,20.79999998,44.1,44.85,45.6,45.68333333333333,43.0,1.179259290000001,0.3129629499999993,0.695333333333334,20.974666666666668,21.74,20.158024670000003,20.78555555555556,7.7066054,7.6979394,7.6600504,7.622219,7.783374,0,1.0,0,0.75,-0.5,10.3,89.7
2023-04-15 09:15:00,50.644362944448,16.744607955556,16.756551911112002,20.79999998,21.74,43.0,1,5.1764362714980825,70.66250196097344,9,5,4,0.7071067811865476,-0.7071067811865475,-0.9749279121818236,-0.2225209339563146,0.8660254037844387,-0.4999999999999998,344.75,271.4375,129.85416666666666,2.1,11.675,43.0,60.75,11.875,10.326736,0.0,19.725,21.327777806666667,43.35,44.1,44.85,45.6,42.63333333333333,0.9400000200000028,0.3092592699999983,0.0700000000000002,21.67,22.055333333333333,20.48950615,21.46155555555556,7.783374,7.7066054,7.6979394,7.6600504,7.957187,0,0.0,0,1.0,-0.43,8.9,91.1
2023-04-15 09:30:00,47.882251266668,0.0,0.0,21.327777806666667,22.055333333333333,42.63333333333333,0,5.1764362714980825,70.66250196097344,9,5,4,0.7071067811865476,-0.7071067811865475,-0.9749279121818236,-0.2225209339563146,0.8660254037844387,-0.4999999999999998,396.5,320.3125,162.39583333333334,2.0,11.15,33.0,59.5,12.35,10.614318,0.0,20.55,22.06111114,43.0,43.35,44.1,44.85,41.6,0.7275555266666665,0.527777826666668,0.3153333333333314,21.74,22.944666666666667,20.87283949888889,21.82177777777778,7.957187,7.783374,7.7066054,7.6979394,8.100432,1,1.0,1,0.75,-0.31,7.0,93.0
2023-04-15 09:45:00,64.020216805558,13.812225288888,13.825280333332,22.06111114,22.944666666666667,41.6,1,5.1764362714980825,70.66250196097344,9,5,4,0.7071067811865476,-0.7071067811865475,-0.9749279121818236,-0.2225209339563146,0.8660254037844387,-0.4999999999999998,448.25,370.625,199.0,1.9,10.625,23.0,58.25,12.825,10.901708,0.0,21.375,22.62222221,42.63333333333333,43.0,43.35,44.1,40.85,0.8835555266666688,0.7333333333333307,0.8893333333333331,22.055333333333333,24.200666666666667,21.39629630888889,22.24666666666667,8.100432,7.957187,7.783374,7.7066054,8.215205,0,1.0,1,0.75,-0.14,5.4,94.6
2023-04-15 10:00:00,90.186948027774,50.536867344444,50.553533411108,22.62222221,24.200666666666667,40.85,1,5.1764362714980825,70.66250196097344,10,5,4,0.4999999999999999,-0.8660254037844387,-0.9749279121818236,-0.2225209339563146,0.8660254037844387,-0.4999999999999998,500.0,422.375,239.66666666666663,1.8,10.1,13.0,57.0,13.3,11.188287,0.0,22.2,22.81111108,41.6,42.63333333333333,43.0,43.35,40.45,1.5784444566666664,0.5611110700000026,1.2560000000000002,22.944666666666667,25.084,22.00370371888889,23.066888888888887,8.215205,8.100432,7.957187,7.783374,8.223334,0,1.0,0,0.75,-0.01,5.0,95.0
2023-04-15 10:15:00,90.327220133332,48.865267544444,48.880544766664,22.81111108,25.084,40.45,1,5.1764362714980825,70.66250196097344,10,5,4,0.4999999999999999,-0.8660254037844387,-0.9749279121818236,-0.2225209339563146,0.8660254037844387,-0.4999999999999998,539.0,470.9375,281.5625,2.0,10.725,19.0,56.0,13.525,11.361061,0.0,22.775,22.95740738,40.85,41.6,42.63333333333333,43.0,40.03333333333333,2.27288892,0.1888888699999995,0.8833333333333329,24.200666666666667,25.074666666666666,22.49814814333333,24.076444444444444,8.223334,8.215205,8.100432,7.957187,8.207086,0,1.0,0,0.75,0.03,5.0,95.0
2023-04-15 10:30:00,87.752323233328,50.742692444444,50.757414105554,22.95740738,25.074666666666666,40.03333333333333,1,5.1764362714980825,70.66250196097344,10,5,4,0.4999999999999999,-0.8660254037844387,-0.9749279121818236,-0.2225209339563146,0.8660254037844387,-0.4999999999999998,578.0,516.3125,324.6875,2.2,11.35,25.0,55.0,13.75,11.531128,0.0,23.35,23.08333333,40.45,40.85,41.6,42.63333333333333,40.0,2.117259286666666,0.1462962999999995,-0.009333333333334,25.084,25.728666666666665,22.79691355666667,24.78644444444444,8.207086,8.223334,8.215205,8.100432,8.259526,0,0.0,0,1.0,0.06,5.1,94.9
2023-04-15 10:45:00,91.107188949998,50.830466683334,50.847688277776,23.08333333,25.728666666666665,40.0,1,5.1764362714980825,70.66250196097344,10,5,4,0.4999999999999999,-0.8660254037844387,-0.9749279121818236,-0.2225209339563146,0.8660254037844387,-0.4999999999999998,617.0,558.5,369.0416666666667,2.4000000000000004,11.975,31.0,54.0,13.975,11.698166,0.0,23.925,23.20370373,40.03333333333333,40.45,40.85,41.6,40.0,2.645333336666664,0.1259259500000027,0.6539999999999999,25.074666666666666,27.188,22.95061726333334,25.295777777777776,8.259526,8.207086,8.223334,8.215205,8.316532,0,0.0,0,1.0,0.09,5.2,94.8
2023-04-15 11:00:00,103.418363199996,50.542144916666,50.557144333332,23.20370373,27.188,40.0,1,5.1764362714980825,70.66250196097344,11,5,4,0.258819045102521,-0.9659258262890682,-0.9749279121818236,-0.2225209339563146,0.8660254037844387,-0.4999999999999998,656.0,597.5,414.625,2.6,12.6,37.0,53.0,14.2,11.861834,0.0,24.5,23.26111113,40.0,40.03333333333333,40.45,40.85,40.05,3.9842962700000015,0.1203703999999952,1.4593333333333334,25.728666666666665,28.154666666666667,23.08148148,25.99711111111111,8.316532,8.259526,8.207086,8.223334,8.35427,0,0.0,0,1.0,0.12,5.3,94.7
2023-04-15 11:15:00,93.668475394442,50.689361244444,50.70713838333,23.26111113,28.154666666666667,40.05,1,5.1764362714980825,70.66250196097344,11,5,4,0.258819045102521,-0.9659258262890682,-0.9749279121818236,-0.2225209339563146,0.8660254037844387,-0.4999999999999998,684.0,633.75,458.7083333333333,2.7,12.875,37.5,51.5,14.15,11.839317,0.0,24.975,23.081481476666667,40.0,40.0,40.03333333333333,40.45,40.65,4.893555536666668,0.0574074000000024,0.9666666666666686,27.188,27.99533333333333,23.18271606333333,27.023777777777777,8.35427,8.316532,8.259526,8.207086,8.392857,0,0.0,0,1.0,0.14,5.4,94.6
2023-04-15 11:30:00,48.953875083334,15.076619127778,15.088285327778,23.081481476666667,27.99533333333333,40.65,1,5.1764362714980825,70.66250196097344,11,5,4,0.258819045102521,-0.9659258262890682,-0.9749279121818236,-0.2225209339563146,0.8660254037844387,-0.4999999999999998,712.0,667.25,501.2916666666667,2.8,13.15,38.0,50.0,14.1,11.805664,0.0,25.45,23.15000002,40.05,40.0,40.0,40.03333333333333,40.95,4.913851856666668,-0.1796296533333325,-0.1593333333333326,28.154666666666667,28.508,23.18209877888889,27.77933333333333,8.392857,8.35427,8.316532,8.259526,8.487969,0,0.0,0,1.0,0.1,5.2,94.8
2023-04-15 11:45:00,35.746347888888,0.0,0.0,23.15000002,28.508,40.95,0,5.1764362714980825,70.66250196097344,11,5,4,0.258819045102521,-0.9659258262890682,-0.9749279121818236,-0.2225209339563146,0.8660254037844387,-0.4999999999999998,740.0,698.0,542.375,2.9,13.425,38.5,48.5,14.05,11.760371,0.0,25.925,23.640740726666664,40.65,40.05,40.0,40.0,40.35,5.357999979999999,0.068518543333333,0.5126666666666644,27.99533333333333,29.418,23.164197542222222,28.21933333333333,8.487969,8.392857,8.35427,8.316532,8.600983,1,1.0,1,0.75,0.12,5.3,94.7
2023-04-15 12:00:00,78.677963988884,23.563224116666,23.575445844444,23.640740726666664,29.418,40.35,1,5.1764362714980825,70.66250196097344,12,5,4,1.2246467991473532e-16,-1.0,-0.9749279121818236,-0.2225209339563146,0.8660254037844387,-0.4999999999999998,768.0,726.0,581.9583333333334,3.0,13.7,39.0,47.0,14.0,11.702912,0.0,26.4,24.06666665,40.95,40.65,40.05,40.0,39.6,5.777259273333335,0.4907407066666636,0.91,28.508,29.453333333333333,23.290740741111108,28.640444444444444,8.600983,8.487969,8.392857,8.35427,8.6479225,0,1.0,1,0.75,0.23,6.1,93.9
2023-04-15 12:15:00,102.89393966111,55.936373555556,55.952484077776,24.06666665,29.453333333333333,39.6,1,5.1764362714980825,70.66250196097344,12,5,4,1.2246467991473532e-16,-1.0,-0.9749279121818236,-0.2225209339563146,0.8660254037844387,-0.4999999999999998,780.5,750.125,618.2708333333334,3.45,15.225,41.0,44.5,13.45,11.314065,0.0,26.775,24.16296299333333,40.35,40.95,40.65,40.05,38.85,5.386666683333331,0.4259259233333381,0.0353333333333338,29.418,29.958666666666662,23.61913579888889,29.126444444444445,8.6479225,8.600983,8.487969,8.392857,8.530597,0,1.0,0,0.75,0.33,7.2,92.8
2023-04-15 12:30:00,89.120324027774,55.287788366668,55.3044544,24.16296299333333,29.958666666666662,38.85,1,5.1764362714980825,70.66250196097344,12,5,4,1.2246467991473532e-16,-1.0,-0.9749279121818236,-0.2225209339563146,0.8660254037844387,-0.4999999999999998,793.0,770.375,651.3125,3.9,16.75,43.0,42.0,12.9,10.9029665,0.0,27.15,24.25000002,39.6,40.35,40.95,40.65,38.45,5.795703673333332,0.0962963433333321,0.5053333333333327,29.453333333333333,29.767333333333333,23.95679012333333,29.61,8.530597,8.6479225,8.600983,8.487969,8.484512,0,1.0,0,0.75,0.35,7.5,92.5
2023-04-15 12:45:00,98.098575833336,56.33135773889,56.346912733332,24.25000002,29.767333333333333,38.45,1,5.1764362714980825,70.66250196097344,12,5,4,1.2246467991473532e-16,-1.0,-0.9749279121818236,-0.2225209339563146,0.8660254037844387,-0.4999999999999998,805.5,786.75,681.0833333333334,4.35,18.275,45.0,39.5,12.35,10.468957,0.0,27.525,24.41111111,38.85,39.6,40.35,40.95,38.21666666666667,5.517333313333332,0.0870370266666675,-0.1913333333333327,29.958666666666662,30.610666666666667,24.15987655444445,29.726444444444443,8.484512,8.530597,8.6479225,8.600983,8.510305,0,0.0,0,1.0,0.36,7.8,92.2
2023-04-15 13:00:00,971.465306566664,59.670113066668,59.68650136111,24.41111111,30.610666666666667,38.21666666666667,1,5.1764362714980825,70.66250196097344,13,5,4,-0.2588190451025208,-0.9659258262890684,-0.9749279121818236,-0.2225209339563146,0.8660254037844387,-0.4999999999999998,818.0,799.25,707.5833333333334,4.8,19.8,47.0,37.0,11.8,10.011362,0.0,27.9,24.65000003,38.45,38.85,39.6,40.35,39.1,6.199555556666667,0.1611110899999985,0.8433333333333337,29.767333333333333,30.318,24.274691374444448,30.112222222222226,8.510305,8.484512,8.530597,8.6479225,8.825396,0,0.0,0,1.0,0.4,8.4,91.6
2023-04-15 13:15:00,910.399415883334,58.977085255556,58.99375132222,24.65000003,30.318,39.1,1,5.1764362714980825,70.66250196097344,13,5,4,-0.2588190451025208,-0.9659258262890684,-0.9749279121818236,-0.2225209339563146,0.8660254037844387,-0.4999999999999998,779.75,799.0625,727.6458333333334,4.6,19.525,59.25,36.0,11.475,9.8080635,0.0,28.025,24.80185184333333,38.21666666666667,38.45,38.85,39.6,38.56666666666667,5.667999969999997,0.2388889200000008,-0.2926666666666691,30.610666666666667,30.438666666666663,24.437037053333334,30.232,8.825396,8.510305,8.484512,8.530597,8.779952,0,0.0,0,1.0,0.47,9.5,90.5
2023-04-15 13:30:00,490.422882349998,57.139658755556,57.154658155556,24.80185184333333,30.438666666666663,38.56666666666667,1,5.1764362714980825,70.66250196097344,13,5,4,-0.2588190451025208,-0.9659258262890684,-0.9749279121818236,-0.2225209339563146,0.8660254037844387,-0.4999999999999998,741.5,786.1875,741.2708333333334,4.4,19.25,71.5,35.0,11.15,9.601418,0.0,28.15,24.72777777,39.1,38.21666666666667,38.45,38.85,38.5,5.636814823333332,0.1518518133333337,0.1206666666666684,30.318,30.363333333333333,24.62098766111112,30.45577777777778,8.779952,8.825396,8.510305,8.484512,8.728213,0,0.0,0,1.0,0.5,10.2,89.8
2023-04-15 13:45:00,493.591088999996,60.657573616666,60.672295311108,24.72777777,30.363333333333333,38.5,1,5.1764362714980825,70.66250196097344,13,5,4,-0.2588190451025208,-0.9659258262890684,-0.9749279121818236,-0.2225209339563146,0.8660254037844387,-0.4999999999999998,703.25,760.625,748.4583333333334,4.2,18.975,83.75,34.0,10.825,9.391388,0.0,28.275,24.47592591,38.56666666666667,39.1,38.21666666666667,38.45,38.86666666666667,5.635555563333334,-0.0740740733333353,-0.075333333333333,30.438666666666663,30.322666666666667,24.726543214444447,30.37333333333333,8.728213,8.779952,8.825396,8.510305,8.686842,0,0.0,0,1.0,0.48,9.8,90.2
2023-04-15 14:00:00,407.547864166664,60.910063516666,60.926174038886,24.47592591,30.322666666666667,38.86666666666667,1,5.1764362714980825,70.66250196097344,14,5,4,-0.4999999999999997,-0.8660254037844388,-0.9749279121818236,-0.2225209339563146,0.8660254037844387,-0.4999999999999998,665.0,722.375,749.2083333333334,4.0,18.7,96.0,33.0,10.5,9.177952,0.0,28.4,23.96666667,38.5,38.56666666666667,39.1,38.21666666666667,39.85,5.846740756666666,-0.2518518599999986,-0.0406666666666666,30.363333333333333,29.796666666666667,24.66851850777778,30.37488888888889,8.686842,8.728213,8.779952,8.825396,8.653263,0,0.0,0,1.0,0.42,8.7,91.3
2023-04-15 14:15:00,121.979842927774,59.319571605554,59.334015511108,23.96666667,29.796666666666667,39.85,1,5.1764362714980825,70.66250196097344,14,5,4,-0.4999999999999997,-0.8660254037844388,-0.9749279121818236,-0.2225209339563146,0.8660254037844387,-0.4999999999999998,664.0,693.4375,747.5416666666666,4.6,18.425,97.0,32.5,10.4,9.126063,0.0,28.575,23.60000000333333,38.86666666666667,38.5,38.56666666666667,39.1,40.18333333333333,5.829999996666668,-0.5092592400000022,-0.5259999999999998,30.322666666666667,30.200666666666667,24.39012345,30.16088888888889,8.653263,8.686842,8.728213,8.779952,8.545612,0,0.0,0,1.0,0.31,6.9,93.1
2023-04-15 14:30:00,121.385699994442,59.7301107,59.745387888888,23.60000000333333,30.200666666666667,40.18333333333333,1,5.1764362714980825,70.66250196097344,14,5,4,-0.4999999999999997,-0.8660254037844388,-0.9749279121818236,-0.2225209339563146,0.8660254037844387,-0.4999999999999998,663.0,673.8125,743.4583333333334,5.2,18.15,98.0,32.0,10.3,9.07221,0.0,28.75,23.31111111,39.85,38.86666666666667,38.5,38.56666666666667,41.0,6.600666663333335,-0.3666666666666671,0.4039999999999999,29.796666666666667,30.682,24.014197527777775,30.106666666666666,8.545612,8.653263,8.686842,8.728213,8.5768795,0,0.0,0,1.0,0.22,6.0,94.0
2023-04-15 14:45:00,886.850913411112,60.677572816666,60.69285002222,23.31111111,30.682,41.0,1,5.1764362714980825,70.66250196097344,14,5,4,-0.4999999999999997,-0.8660254037844388,-0.9749279121818236,-0.2225209339563146,0.8660254037844387,-0.4999999999999998,662.0,663.5,736.9583333333334,5.800000000000001,17.875,99.0,31.5,10.2,9.016355,0.0,28.925,23.12222221333333,40.18333333333333,39.85,38.86666666666667,38.5,42.4,7.37088889,-0.2888888933333291,0.4813333333333354,30.200666666666667,30.2,23.62592592777777,30.22644444444445,8.5768795,8.545612,8.653263,8.686842,8.774581,0,0.0,0,1.0,0.16,5.5,94.5
2023-04-15 15:00:00,126.59993596666,61.590591811112,61.605313488888,23.12222221333333,30.2,42.4,1,5.1764362714980825,70.66250196097344,15,5,4,-0.7071067811865471,-0.7071067811865479,-0.9749279121818236,-0.2225209339563146,0.8660254037844387,-0.4999999999999998,661.0,662.5,728.0416666666666,6.4,17.6,100.0,31.0,10.1,8.958473,0.0,29.1,23.05000002,41.0,40.18333333333333,39.85,38.86666666666667,42.2,7.077777786666669,-0.1888888966666719,-0.4820000000000028,30.682,30.026666666666664,23.344444442222223,30.36088888888889,8.774581,8.5768795,8.545612,8.653263,8.697211,0,0.0,0,1.0,0.12,5.3,94.7
2023-04-15 15:15:00,111.926911777772,58.527658816666,58.541547177776,23.05000002,30.026666666666664,42.2,1,5.1764362714980825,70.66250196097344,15,5,4,-0.7071067811865471,-0.7071067811865479,-0.9749279121818236,-0.2225209339563146,0.8660254037844387,-0.4999999999999998,601.25,646.8125,713.1041666666666,7.325,19.225,100.0,32.0,10.175,8.997983,0.0,28.6,22.72592591,42.4,41.0,40.18333333333333,39.85,42.65,6.976666646666661,-0.072222193333328,-0.1733333333333355,30.2,29.858666666666668,23.16111111444445,30.302888888888887,8.697211,8.774581,8.5768795,8.545612,8.628362,0,0.0,0,1.0,0.1,5.2,94.8
2023-04-15 15:30:00,118.329433449994,59.817884988888,59.832884438886,22.72592591,29.858666666666668,42.65,1,5.1764362714980825,70.66250196097344,15,5,4,-0.7071067811865471,-0.7071067811865479,-0.9749279121818236,-0.2225209339563146,0.8660254037844387,-0.4999999999999998,541.5,616.4375,692.1458333333334,8.25,20.85,100.0,33.0,10.25,9.027904,0.0,28.1,22.3722222,42.2,42.4,41.0,40.18333333333333,43.4,7.132740756666667,-0.3240741100000015,-0.1679999999999957,30.026666666666664,30.15266666666667,22.96604938111112,30.02844444444444,8.628362,8.697211,8.774581,8.5768795,8.603613,0,0.0,0,1.0,0.03,5.0,95.0
2023-04-15 15:45:00,131.858614627766,59.753443133332,59.768720355552,22.3722222,30.15266666666667,43.4,1,5.1764362714980825,70.66250196097344,15,5,4,-0.7071067811865471,-0.7071067811865479,-0.9749279121818236,-0.2225209339563146,0.8660254037844387,-0.4999999999999998,481.75,571.375,665.1666666666666,9.175,22.475,100.0,34.0,10.325,9.04866,0.0,27.6,22.209259256666662,42.65,42.2,42.4,41.0,44.15,7.780444466666669,-0.3537037100000013,0.2940000000000005,29.858666666666668,29.608,22.71604937666667,30.012666666666664,8.603613,8.628362,8.697211,8.774581,8.670634,0,0.0,0,1.0,-0.05,5.1,94.9
2023-04-15 16:00:00,105.206624916666,59.862049855556,59.876215988888,22.209259256666662,29.608,44.15,1,5.1764362714980825,70.66250196097344,16,5,4,-0.8660254037844385,-0.5000000000000004,-0.9749279121818236,-0.2225209339563146,0.8660254037844387,-0.4999999999999998,422.0,511.625,632.1666666666666,10.1,24.1,100.0,35.0,10.4,9.060662,0.0,27.1,21.99444443,43.4,42.65,42.2,42.4,44.9,7.3987407433333345,-0.1629629433333335,-0.544666666666668,30.15266666666667,29.837333333333333,22.43580245555556,29.873111111111115,8.670634,8.603613,8.628362,8.697211,8.709482,0,0.0,0,1.0,-0.09,5.2,94.8
2023-04-15 16:15:00,124.850283672218,57.061328555556,57.07577246111,21.99444443,29.837333333333333,44.9,1,5.1764362714980825,70.66250196097344,16,5,4,-0.8660254037844385,-0.5000000000000004,-0.9749279121818236,-0.2225209339563146,0.8660254037844387,-0.4999999999999998,399.5,461.1875,600.4791666666666,10.275,25.1,100.0,36.25,10.6,9.216515,0.0,26.775,21.74814817,44.15,43.4,42.65,42.2,45.65,7.842888903333335,-0.214814826666668,0.2293333333333329,29.608,28.986,22.191975295555554,29.866,8.709482,8.670634,8.603613,8.628362,8.729995,0,0.0,0,1.0,-0.13,5.4,94.6
2023-04-15 16:30:00,107.37459384444,55.463336944444,55.477225305554,21.74814817,28.986,45.65,1,5.1764362714980825,70.66250196097344,16,5,4,-0.8660254037844385,-0.5000000000000004,-0.9749279121818236,-0.2225209339563146,0.8660254037844387,-0.4999999999999998,377.0,420.0625,570.1041666666666,10.45,26.1,100.0,37.5,10.8,9.363477,0.0,26.450000000000003,21.57777781,44.9,44.15,43.4,42.65,46.7,7.23785183,-0.2462962599999976,-0.8513333333333328,29.837333333333333,28.256666666666668,21.98395061888889,29.47711111111111,8.729995,8.709482,8.670634,8.603613,8.843276,0,0.0,0,1.0,-0.19,5.7,94.3
2023-04-15 16:45:00,119.297450177776,53.557024266668,53.570634855556,21.57777781,28.256666666666668,46.7,1,5.1764362714980825,70.66250196097344,16,5,4,-0.8660254037844385,-0.5000000000000004,-0.9749279121818236,-0.2225209339563146,0.8660254037844387,-0.4999999999999998,354.5,388.25,541.0416666666666,10.625,27.1,100.0,38.75,11.0,9.501785,0.0,26.125,21.411111076666664,45.65,44.9,44.15,43.4,47.0,6.678888856666667,-0.1703703599999997,-0.729333333333333,28.986,28.096666666666668,21.773456803333332,29.026666666666667,8.843276,8.729995,8.709482,8.670634,8.814648,0,0.0,0,1.0,-0.22,6.0,94.0
2023-04-15 17:00:00,112.218566677776,54.129223644444,54.143667549998,21.411111076666664,28.096666666666668,47.0,1,5.1764362714980825,70.66250196097344,17,5,4,-0.9659258262890684,-0.2588190451025206,-0.9749279121818236,-0.2225209339563146,0.8660254037844387,-0.4999999999999998,332.0,365.75,513.2916666666666,10.8,28.1,100.0,40.0,11.2,9.63167,0.0,25.8,21.24444442,46.7,45.65,44.9,44.15,47.35,6.685555590000003,-0.1666667333333364,-0.1600000000000001,28.256666666666668,27.941333333333333,21.57901235222222,28.44644444444444,8.814648,8.843276,8.729995,8.709482,8.794926,0,0.0,0,1.0,-0.26,6.4,93.6
2023-04-15 17:15:00,113.309078722216,53.577856816666,53.592578494442,21.24444442,27.941333333333333,47.35,1,5.1764362714980825,70.66250196097344,17,5,4,-0.9659258262890684,-0.2588190451025206,-0.9749279121818236,-0.2225209339563146,0.8660254037844387,-0.4999999999999998,301.25,341.1875,483.0625,9.65,26.925,100.0,41.75,11.6,9.913198,0.0,25.55,21.098148156666664,47.0,46.7,45.65,44.9,47.68333333333333,6.696888913333336,-0.166666656666667,-0.1553333333333348,28.096666666666668,27.902,21.411111102222225,28.098222222222223,8.794926,8.814648,8.843276,8.729995,8.781978,0,0.0,0,1.0,-0.3,6.9,93.1
2023-04-15 17:30:00,203.4593613,54.887526611112,54.900581672222,21.098148156666664,27.902,47.68333333333333,1,5.1764362714980825,70.66250196097344,17,5,4,-0.9659258262890684,-0.2588190451025206,-0.9749279121818236,-0.2225209339563146,0.8660254037844387,-0.4999999999999998,270.5,314.5625,450.3541666666667,8.5,25.75,100.0,43.5,12.0,10.18476,0.0,25.3,20.97222221,47.35,47.0,46.7,45.65,48.0,6.803851843333334,-0.1462962633333333,-0.0393333333333352,27.941333333333333,27.923333333333336,21.25123455111111,27.98,8.781978,8.794926,8.814648,8.843276,8.77587,0,0.0,0,1.0,-0.33,7.3,92.7
2023-04-15 17:45:00,288.31374482222003,53.621188383334,53.634798972222,20.97222221,27.923333333333336,48.0,1,5.1764362714980825,70.66250196097344,17,5,4,-0.9659258262890684,-0.2588190451025206,-0.9749279121818236,-0.2225209339563146,0.8660254037844387,-0.4999999999999998,239.75,285.875,415.1666666666667,7.35,24.575,100.0,45.25,12.4,10.446542,0.0,25.05,20.87222221333333,47.68333333333333,47.35,47.0,46.7,48.36666666666667,6.951111123333337,-0.1259259466666655,0.021333333333338,27.902,27.949333333333332,21.10493826222222,27.92222222222222,8.77587,8.781978,8.794926,8.814648,8.791648,0,0.0,0,1.0,-0.36,7.7,92.3
2023-04-15 18:00:00,112.988535727782,61.292270427778,61.306992088888,20.87222221333333,27.949333333333332,48.36666666666667,1,5.1764362714980825,70.66250196097344,18,5,4,-1.0,-1.8369701987210294e-16,-0.9749279121818236,-0.2225209339563146,0.8660254037844387,-0.4999999999999998,209.0,255.125,377.5,6.2,23.4,100.0,47.0,12.8,10.698739,0.0,24.8,20.86666666,48.0,47.68333333333333,47.35,47.0,48.95,7.077111120000005,-0.0999999966666678,0.0259999999999998,27.923333333333336,27.964,20.98086419333333,27.92488888888889,8.791648,8.77587,8.781978,8.794926,8.894807,0,0.0,0,1.0,-0.38,8.0,92.0
2023-04-15 18:15:00,124.853894594442,55.6877724,55.702216305554,20.86666666,27.964,48.95,1,5.1764362714980825,70.66250196097344,18,5,4,-1.0,-1.8369701987210294e-16,-0.9749279121818236,-0.2225209339563146,0.8660254037844387,-0.4999999999999998,177.25,224.125,342.1666666666667,7.9,23.225,100.0,48.25,12.675,10.6621065,0.0,24.275,20.796296270000003,48.36666666666667,48.0,47.68333333333333,47.35,48.53333333333333,7.097333340000002,-0.0055555533333304,0.0146666666666668,27.949333333333332,27.896666666666665,20.90370369444444,27.94555555555556,8.894807,8.791648,8.77587,8.781978,8.783062,0,0.0,0,1.0,-0.38,8.0,92.0
2023-04-15 18:30:00,99.115757394446,52.3470727,52.36096106111,20.796296270000003,27.896666666666665,48.53333333333333,1,5.1764362714980825,70.66250196097344,18,5,4,-1.0,-1.8369701987210294e-16,-0.9749279121818236,-0.2225209339563146,0.8660254037844387,-0.4999999999999998,145.5,192.875,309.1666666666667,9.6,23.05,100.0,49.5,12.55,10.61719,0.0,23.75,20.67222224,48.95,48.36666666666667,48.0,47.68333333333333,48.5,7.100370396666662,-0.0703703899999972,-0.0673333333333374,27.964,27.755333333333333,20.845061714444444,27.936666666666667,8.783062,8.894807,8.791648,8.77587,8.713854,0,0.0,0,1.0,-0.4,8.3,91.7
2023-04-15 18:45:00,122.091227355552,51.816538388888,51.830148977776,20.67222224,27.755333333333333,48.5,1,5.1764362714980825,70.66250196097344,18,5,4,-1.0,-1.8369701987210294e-16,-0.9749279121818236,-0.2225209339563146,0.8660254037844387,-0.4999999999999998,113.75,161.375,278.5,11.3,22.875,100.0,50.75,12.425,10.564444,0.0,23.225,20.562963006666667,48.53333333333333,48.95,48.36666666666667,48.0,48.5,7.083111093333333,-0.1240740300000027,-0.1413333333333319,27.896666666666665,25.65266666666667,20.77839505666667,27.872,8.713854,8.783062,8.894807,8.791648,8.658547,0,0.0,0,1.0,-0.43,8.8,91.2
2023-04-15 19:00:00,68.869745166664,16.77321796111,16.783495316666,20.562963006666667,25.65266666666667,48.5,1,5.1764362714980825,70.66250196097344,19,5,4,-0.9659258262890684,0.2588190451025203,-0.9749279121818236,-0.2225209339563146,0.8660254037844387,-0.4999999999999998,82.0,129.625,250.16666666666663,13.0,22.7,100.0,52.0,12.3,10.504297,0.0,22.7,20.56666671,48.5,48.53333333333333,48.95,48.36666666666667,48.15,5.089703660000001,-0.1092592333333328,-2.102666666666664,27.755333333333333,25.00133333333333,20.67716050555556,27.101555555555557,8.658547,8.713854,8.783062,8.894807,8.597919,0,0.0,0,1.0,-0.45,9.3,90.7
2023-04-15 19:15:00,59.072914855552,0.0,0.0,20.56666671,25.00133333333333,48.15,0,5.1764362714980825,70.66250196097344,19,5,4,-0.9659258262890684,0.2588190451025203,-0.9749279121818236,-0.2225209339563146,0.8660254037844387,-0.4999999999999998,65.0,101.5625,222.29166666666663,12.125,23.675,100.0,52.75,12.1,10.368979,0.0,22.225,20.67962964333333,48.5,48.5,48.53333333333333,48.95,48.0,4.434666623333332,0.0037037033333326,-0.6513333333333371,25.65266666666667,24.378,20.60061731888889,26.136444444444447,8.597919,8.658547,8.713854,8.783062,8.627741,1,1.0,1,0.75,-0.46,9.3,90.7
2023-04-15 19:30:00,62.747767838886,0.0,0.0,20.67962964333333,24.378,48.0,0,5.1764362714980825,70.66250196097344,19,5,4,-0.9659258262890684,0.2588190451025203,-0.9749279121818236,-0.2225209339563146,0.8660254037844387,-0.4999999999999998,48.0,77.1875,194.875,11.25,24.65,100.0,53.5,11.9,10.2323065,0.0,21.75,20.75555556,48.15,48.5,48.5,48.53333333333333,48.45,3.698370356666669,0.1129629333333319,-0.6233333333333313,25.00133333333333,23.933333333333334,20.603086453333336,25.010666666666665,8.627741,8.597919,8.658547,8.713854,8.747214,0,2.0,0,0.5,-0.43,8.8,91.2
2023-04-15 19:45:00,94.732043883334,37.733768372222,37.745434555556,20.75555556,23.933333333333334,48.45,1,5.1764362714980825,70.66250196097344,19,5,4,-0.9659258262890684,0.2588190451025203,-0.9749279121818236,-0.2225209339563146,0.8660254037844387,-0.4999999999999998,30.999999999999996,56.5,167.91666666666666,10.375,25.625,100.0,54.25,11.7,10.09442,0.0,21.275,20.705555556666663,48.0,48.15,48.5,48.5,49.25,3.1777777733333323,0.0759259166666694,-0.4446666666666665,24.378,23.566666666666663,20.667283971111114,24.43755555555556,8.747214,8.627741,8.597919,8.658547,8.865799,0,2.0,1,0.5,-0.41,8.5,91.5
2023-04-15 20:00:00,100.113217511112,46.4973067,46.509528427778,20.705555556666663,23.566666666666663,49.25,1,5.1764362714980825,70.66250196097344,20,5,4,-0.8660254037844386,0.5000000000000001,-0.9749279121818236,-0.2225209339563146,0.8660254037844387,-0.4999999999999998,14.0,39.5,141.41666666666666,9.5,26.6,100.0,55.0,11.5,9.955479,0.0,20.8,20.5388889,48.45,48.0,48.15,48.5,48.65,2.861111110000003,-0.0500000033333378,-0.3666666666666671,23.933333333333334,23.211333333333336,20.713580253333333,23.959333333333333,8.865799,8.747214,8.627741,8.597919,8.673145,0,2.0,0,0.5,-0.42,8.6,91.4
2023-04-15 20:15:00,109.625892655552,45.721226644444,45.733448388888,20.5388889,23.211333333333336,48.65,1,5.1764362714980825,70.66250196097344,20,5,4,-0.8660254037844386,0.5000000000000001,-0.9749279121818236,-0.2225209339563146,0.8660254037844387,-0.4999999999999998,10.5,25.875,117.1875,10.175,26.15,99.0,56.5,11.6,10.049795,0.0,20.5,20.37592592,49.25,48.45,48.0,48.15,48.68333333333333,2.672444433333336,-0.1666666566666634,-0.3553333333333306,23.566666666666663,22.807333333333336,20.666666672222224,23.570444444444444,8.673145,8.865799,8.747214,8.627741,8.596952,0,1.0,0,0.75,-0.46,9.4,90.6
2023-04-15 20:30:00,76.00751516111,23.3915643,23.402674988888,20.37592592,22.807333333333336,48.68333333333333,1,5.1764362714980825,70.66250196097344,20,5,4,-0.8660254037844386,0.5000000000000001,-0.9749279121818236,-0.2225209339563146,0.8660254037844387,-0.4999999999999998,7.0,15.624999999999998,95.22916666666669,10.85,25.700000000000003,98.0,58.0,11.7,10.137437,0.0,20.200000000000003,20.37777777,48.65,49.25,48.45,48.0,49.35,2.431407413333336,-0.1629629799999996,-0.4039999999999999,23.211333333333336,22.54133333333333,20.54012345888889,23.195111111111117,8.596952,8.673145,8.865799,8.747214,8.715619,0,0.0,0,1.0,-0.5,10.2,89.8
2023-04-15 20:45:00,64.63380346111,0.0,0.0,20.37777777,22.54133333333333,49.35,0,5.1764362714980825,70.66250196097344,20,5,4,-0.8660254037844386,0.5000000000000001,-0.9749279121818236,-0.2225209339563146,0.8660254037844387,-0.4999999999999998,3.5,8.75,75.54166666666667,11.525,25.25,97.0,59.5,11.8,10.218585,0.0,19.9,20.461111086666666,48.68333333333333,48.65,49.25,48.45,49.68333333333333,2.1635555633333325,0.0018518500000013,-0.2660000000000018,22.807333333333336,22.360666666666663,20.430864196666665,22.85333333333333,8.715619,8.596952,8.673145,8.865799,8.817269,1,1.0,1,0.75,-0.49,10.1,89.9
2023-04-15 21:00:00,56.59051412222,0.0,0.0,20.461111086666666,22.360666666666663,49.68333333333333,0,5.1764362714980825,70.66250196097344,21,5,4,-0.7071067811865477,0.7071067811865474,-0.9749279121818236,-0.2225209339563146,0.8660254037844387,-0.4999999999999998,0.0,5.25,58.125,12.2,24.8,96.0,61.0,11.9,10.29341,0.0,19.6,20.53888892,49.35,48.68333333333333,48.65,49.25,50.1,1.8995555799999977,0.0833333166666641,-0.1806666666666707,22.54133333333333,22.176,20.40493825888889,22.569777777777777,8.817269,8.715619,8.596952,8.673145,8.931645,0,2.0,0,0.5,-0.47,9.6,90.4
2023-04-15 21:15:00,75.625030394446,21.651633916666,21.6624668,20.53888892,22.176,50.1,1,5.1764362714980825,70.66250196097344,21,5,4,-0.7071067811865477,0.7071067811865474,-0.9749279121818236,-0.2225209339563146,0.8660254037844387,-0.4999999999999998,0.0,2.625,43.35416666666666,12.325,24.45,90.5,62.75,11.95,10.372942,0.0,19.25,20.53518521333333,49.68333333333333,49.35,48.68333333333333,48.65,50.75,1.6371110800000004,0.0777778333333323,-0.1846666666666649,22.360666666666663,21.862,20.45925925888889,22.359333333333336,8.931645,8.817269,8.715619,8.596952,9.045569,0,2.0,1,0.5,-0.45,9.2,90.8
2023-04-15 21:30:00,107.124325872226,43.767138094446,43.777693205558,20.53518521333333,21.862,50.75,1,5.1764362714980825,70.66250196097344,21,5,4,-0.7071067811865477,0.7071067811865474,-0.9749279121818236,-0.2225209339563146,0.8660254037844387,-0.4999999999999998,0.0,0.875,31.229166666666668,12.45,24.1,85.0,64.5,12.0,10.444367,0.0,18.9,20.3722222,50.1,49.68333333333333,49.35,48.68333333333333,50.45,1.3268147866666702,-0.0037037066666663,-0.3139999999999965,22.176,21.598666666666663,20.511728406666663,22.13288888888889,9.045569,8.931645,8.817269,8.715619,8.906999,0,2.0,0,0.5,-0.45,9.2,90.8
2023-04-15 21:45:00,107.32209586111,43.22632646111,43.236048272222,20.3722222,21.598666666666663,50.45,1,5.1764362714980825,70.66250196097344,21,5,4,-0.7071067811865477,0.7071067811865474,-0.9749279121818236,-0.2225209339563146,0.8660254037844387,-0.4999999999999998,0.0,0.0,21.75,12.575,23.75,79.5,66.25,12.05,10.507945,0.0,18.55,20.209259256666662,50.75,50.1,49.68333333333333,49.35,50.21666666666667,1.226444466666667,-0.1629630133333321,-0.2633333333333354,21.862,21.36466666666667,20.48209877777778,21.87888888888889,8.906999,9.045569,8.931645,8.817269,8.781792,0,1.0,0,0.75,-0.49,10.0,90.0
2023-04-15 22:00:00,90.9705277,30.218513444444,30.2279575,20.209259256666662,21.36466666666667,50.21666666666667,1,5.1764362714980825,70.66250196097344,22,5,4,-0.5000000000000004,0.8660254037844384,-0.9749279121818236,-0.2225209339563146,0.8660254037844387,-0.4999999999999998,0.0,0.0,14.916666666666666,12.7,23.4,74.0,68.0,12.1,10.563929,0.0,18.2,20.13333334,50.45,50.75,50.1,49.68333333333333,50.9,1.1554074100000022,-0.1629629433333335,-0.2339999999999982,21.598666666666663,21.03,20.37222222333333,21.608444444444444,8.781792,8.906999,9.045569,8.931645,8.861858,0,0.0,0,1.0,-0.53,10.8,89.2
2023-04-15 22:15:00,74.305916577776,0.0,0.0,20.13333334,21.03,50.9,0,5.1764362714980825,70.66250196097344,22,5,4,-0.5000000000000004,0.8660254037844384,-0.9749279121818236,-0.2225209339563146,0.8660254037844387,-0.4999999999999998,0.0,0.0,9.5,12.95,24.2,55.5,69.0,12.125,10.592607,0.0,18.0,20.20370373,50.21666666666667,50.45,50.75,50.1,51.65,0.8966666599999975,-0.0759259166666659,-0.3346666666666706,21.36466666666667,20.73,20.23827159888889,21.331111111111117,8.861858,8.781792,8.906999,9.045569,9.029516,1,1.0,1,0.75,-0.54,11.1,88.9
2023-04-15 22:30:00,63.134141166668,0.0,0.0,20.20370373,20.73,51.65,0,5.1764362714980825,70.66250196097344,22,5,4,-0.5000000000000004,0.8660254037844384,-0.9749279121818236,-0.2225209339563146,0.8660254037844387,-0.4999999999999998,0.0,0.0,5.5,13.2,25.0,37.0,70.0,12.15,10.618933,0.0,17.799999999999997,20.31666665,50.9,50.21666666666667,50.45,50.75,52.0,0.5262962700000031,0.0703703899999972,-0.2999999999999971,21.03,20.45133333333333,20.18209877555556,21.041555555555554,9.029516,8.861858,8.781792,8.906999,9.150914,0,2.0,0,0.5,-0.52,10.7,89.3
2023-04-15 22:45:00,62.051406744444,0.0,0.0,20.31666665,20.45133333333333,52.0,0,5.1764362714980825,70.66250196097344,22,5,4,-0.5000000000000004,0.8660254037844384,-0.9749279121818236,-0.2225209339563146,0.8660254037844387,-0.4999999999999998,0.0,0.0,2.9166666666666665,13.45,25.8,18.5,71.0,12.175,10.642949,0.0,17.599999999999998,20.3333333,51.65,50.9,50.21666666666667,50.45,52.0,0.1346666833333323,0.112962920000001,-0.2786666666666697,20.73,20.168666666666663,20.21790124,20.73711111111111,9.150914,9.029516,8.861858,8.781792,9.159827,0,3.0,0,0.25,-0.49,10.1,89.9
2023-04-15 23:00:00,104.008617438882,30.975705388888,30.98542728333,20.3333333,20.168666666666663,52.0,1,5.1764362714980825,70.66250196097344,23,5,4,-0.2588190451025215,0.965925826289068,-0.9749279121818236,-0.2225209339563146,0.8660254037844387,-0.4999999999999998,0.0,0.0,1.75,13.7,26.6,0.0,72.0,12.2,10.664706,0.0,17.4,20.28333334,52.0,51.65,50.9,50.21666666666667,51.95,-0.1646666333333364,0.0166666500000012,-0.2826666666666675,20.45133333333333,19.92866666666667,20.28456789333333,20.45,9.159827,9.150914,9.029516,8.861858,9.124331,0,3.0,1,0.25,-0.49,10.0,90.0
2023-04-15 23:15:00,95.885608805558,37.60460683889,37.614884194446,20.28333334,19.92866666666667,51.95,1,5.1764362714980825,70.66250196097344,23,5,4,-0.2588190451025215,0.965925826289068,-0.9749279121818236,-0.2225209339563146,0.8660254037844387,-0.4999999999999998,0.0,0.0,0.875,13.65,26.700000000000003,0.0,72.5,12.15,10.611061,0.0,17.2,20.13333337,52.0,52.0,51.65,50.9,51.53333333333333,-0.3546666733333339,-0.0499999599999974,-0.2399999999999948,20.168666666666663,19.762666666666668,20.311111096666668,20.18288888888889,9.124331,9.159827,9.150914,9.029516,8.972124,0,2.0,0,0.5,-0.5,10.2,89.8
2023-04-15 23:30:00,345.249244927782,32.14982503889,32.159269094446,20.13333337,19.762666666666668,51.53333333333333,1,5.1764362714980825,70.66250196097344,23,5,4,-0.2588190451025215,0.965925826289068,-0.9749279121818236,-0.2225209339563146,0.8660254037844387,-0.4999999999999998,0.0,0.0,0.2916666666666667,13.6,26.8,0.0,73.0,12.1,10.556986,0.0,17.0,19.98888888,51.95,52.0,52.0,51.65,51.85,-0.370666703333331,-0.1499999700000032,-0.1660000000000003,19.92866666666667,19.406,20.250000003333337,19.953333333333333,8.972124,9.124331,9.159827,9.150914,8.951259,0,1.0,0,0.75,-0.54,11.0,89.0
2023-04-15 23:45:00,82.579752361106,0.0,0.0,19.98888888,19.406,51.85,0,5.1764362714980825,70.66250196097344,23,5,4,-0.2588190451025215,0.965925826289068,-0.9749279121818236,-0.2225209339563146,0.8660254037844387,-0.4999999999999998,0.0,0.0,0.0,13.55,26.9,0.0,73.5,12.05,10.502494,0.0,16.8,20.048148186666666,51.53333333333333,51.95,52.0,52.0,52.18333333333333,-0.5828888799999987,-0.1444444900000014,-0.3566666666666691,19.762666666666668,19.226,20.13518519666667,19.69911111111111,8.951259,8.972124,9.124331,9.159827,9.040115,1,1.0,1,0.75,-0.57,11.8,88.2
2023-04-16 00:00:00,57.534087561106,0.0,0.0,20.048148186666666,19.226,52.18333333333333,0,5.1764362714980825,70.66250196097344,0,6,4,0.0,1.0,-0.7818314824680299,0.6234898018587334,0.8660254037844387,-0.4999999999999998,0.0,0.0,0.0,13.5,27.0,0.0,74.0,12.0,10.447599,0.0,16.6,20.10000001,51.85,51.53333333333333,51.95,52.0,52.5,-0.8221481866666664,0.059259306666668,-0.1799999999999997,19.406,18.976,20.05679014555556,19.46488888888889,9.040115,8.951259,8.972124,9.124331,9.122615,0,2.0,0,0.5,-0.55,11.4,88.6
2023-04-16 00:15:00,80.812878588884,0.0,0.0,20.10000001,18.976,52.5,0,5.1764362714980825,70.66250196097344,0,6,4,0.0,1.0,-0.7818314824680299,0.6234898018587334,0.8660254037844387,-0.4999999999999998,0.0,0.0,0.0,12.75,26.725,0.0,75.25,12.025,10.465363,0.0,16.35,20.16296299333333,52.18333333333333,51.85,51.53333333333333,51.95,52.68333333333333,-1.1240000099999996,0.0518518233333331,-0.25,19.226,18.92,20.045679025555557,19.202666666666666,9.122615,9.040115,8.951259,8.972124,9.1882515,0,3.0,0,0.25,-0.54,11.1,88.9
2023-04-16 00:30:00,122.52454348888,23.561001972222,23.565168555552,20.16296299333333,18.92,52.68333333333333,1,5.1764362714980825,70.66250196097344,0,6,4,0.0,1.0,-0.7818314824680299,0.6234898018587334,0.8660254037844387,-0.4999999999999998,0.0,0.0,0.0,12.0,26.45,0.0,76.5,12.05,10.479948,0.0,16.1,20.11666667,52.5,52.18333333333333,51.85,51.53333333333333,52.95,-1.2429629933333324,0.0629629833333353,-0.0559999999999973,18.976,18.848000000000003,20.103703730000003,19.040666666666667,9.1882515,9.122615,9.040115,8.951259,9.209785,0,3.0,1,0.25,-0.53,10.8,89.2
2023-04-16 00:45:00,108.34344383889,32.923682983334,32.931460455556,20.11666667,18.848000000000003,52.95,1,5.1764362714980825,70.66250196097344,0,6,4,0.0,1.0,-0.7818314824680299,0.6234898018587334,0.8660254037844387,-0.4999999999999998,0.0,0.0,0.0,11.25,26.175,0.0,77.75,12.075,10.491439,0.0,15.85,19.96666667,52.68333333333333,52.5,52.18333333333333,51.85,52.35,-1.268666669999995,-0.0462963233333368,-0.0719999999999991,18.92,18.582,20.126543224444443,18.914666666666665,9.209785,9.1882515,9.122615,9.040115,9.02582,0,2.0,0,0.5,-0.53,10.9,89.1
2023-04-16 01:00:00,94.041793727778,32.048995755556,32.058995388888,19.96666667,18.582,52.35,1,5.1764362714980825,70.66250196097344,1,6,4,0.2588190451025207,0.9659258262890684,-0.7818314824680299,0.6234898018587334,0.8660254037844387,-0.4999999999999998,0.0,0.0,0.0,10.5,25.9,0.0,79.0,12.1,10.499914,0.0,15.6,19.81111113,52.95,52.68333333333333,52.5,52.18333333333333,52.2,-1.384666669999998,-0.1499999999999985,-0.2660000000000018,18.848000000000003,18.280666666666665,20.082098777777777,18.78333333333333,9.02582,9.209785,9.1882515,9.122615,8.918283,0,1.0,0,0.75,-0.57,11.9,88.1
2023-04-16 01:15:00,116.818382777772,30.074352544444,30.082130033332,19.81111113,18.280666666666665,52.2,1,5.1764362714980825,70.66250196097344,1,6,4,0.2588190451025207,0.9659258262890684,-0.7818314824680299,0.6234898018587334,0.8660254037844387,-0.4999999999999998,0.0,0.0,0.0,11.35,26.175,6.75,79.5,12.125,10.518416,0.0,15.525,19.859259273333333,52.35,52.95,52.68333333333333,52.5,55.88333333333333,-1.5304444633333318,-0.1555555400000017,-0.3013333333333357,18.582,18.16,19.96481482333333,18.570222222222224,8.918283,9.02582,9.209785,9.1882515,9.574566,0,0.0,0,1.0,-0.61,12.8,87.2
2023-04-16 01:30:00,132.27248663889,49.686068027778,49.693845549998,19.859259273333333,18.16,55.88333333333333,1,5.1764362714980825,70.66250196097344,1,6,4,0.2588190451025207,0.9659258262890684,-0.7818314824680299,0.6234898018587334,0.8660254037844387,-0.4999999999999998,0.0,0.0,0.0,12.2,26.45,13.5,80.0,12.15,10.536506,0.0,15.45,20.161111100000003,52.2,52.35,52.95,52.68333333333333,58.4,-1.6992592733333325,0.0481481433333357,-0.1206666666666649,18.280666666666665,18.022,19.87901235777778,18.340888888888887,9.574566,8.918283,9.02582,9.209785,10.184167,0,0.0,0,1.0,-0.58,12.0,88.0
2023-04-16 01:45:00,70.000533249998,0.0,0.0,20.161111100000003,18.022,58.4,0,5.1764362714980825,70.66250196097344,1,6,4,0.2588190451025207,0.9659258262890684,-0.7818314824680299,0.6234898018587334,0.8660254037844387,-0.4999999999999998,0.0,0.0,0.0,13.05,26.725,20.25,80.5,12.175,10.554188,0.0,15.375,20.274074093333333,55.88333333333333,52.2,52.35,52.95,57.16666666666666,-2.1391111000000045,0.3018518266666703,-0.1380000000000016,18.16,17.832,19.94382716777778,18.15422222222222,10.184167,9.574566,8.918283,9.02582,10.035136,1,1.0,1,0.75,-0.49,10.1,89.9
2023-04-16 02:00:00,64.093269599996,0.0,0.0,20.274074093333333,17.832,57.16666666666666,0,5.1764362714980825,70.66250196097344,2,6,4,0.4999999999999999,0.8660254037844387,-0.7818314824680299,0.6234898018587334,0.8660254037844387,-0.4999999999999998,0.0,0.0,0.0,13.9,27.0,27.0,81.0,12.2,10.571464,0.0,15.3,20.2777778,58.4,55.88333333333333,52.2,52.35,56.45,-2.442074093333332,0.1129629933333298,-0.1899999999999977,18.022,17.703333333333333,20.09814815555556,18.004666666666665,10.035136,10.184167,9.574566,8.918283,9.911479,0,2.0,0,0.5,-0.47,9.7,90.3
2023-04-16 02:15:00,45.69761652222,0.0,0.0,20.2777778,17.703333333333333,56.45,0,5.1764362714980825,70.66250196097344,2,6,4,0.4999999999999999,0.8660254037844387,-0.7818314824680299,0.6234898018587334,0.8660254037844387,-0.4999999999999998,0.0,0.0,0.0,13.425,27.1,29.0,81.0,12.2,10.587532,0.0,15.325,20.2777778,57.16666666666666,58.4,55.88333333333333,52.2,56.03333333333333,-2.574444466666666,0.0037037066666663,-0.1286666666666676,17.832,17.718666666666664,20.237654331111116,17.852444444444444,9.911479,10.035136,10.184167,9.574566,9.838321,0,3.0,0,0.25,-0.48,9.7,90.3
2023-04-16 02:30:00,46.825071438886,0.0,0.0,20.2777778,17.718666666666664,56.03333333333333,0,5.1764362714980825,70.66250196097344,2,6,4,0.4999999999999999,0.8660254037844387,-0.7818314824680299,0.6234898018587334,0.8660254037844387,-0.4999999999999998,0.0,0.0,0.0,12.95,27.2,31.0,81.0,12.2,10.603626,0.0,15.35,20.2777778,56.45,57.16666666666666,58.4,55.88333333333333,55.65,-2.559111133333335,0.0,0.0153333333333307,17.703333333333333,17.87066666666667,20.276543231111116,17.75133333333333,9.838321,9.911479,10.035136,10.184167,9.771015,0,4.0,0,0.0,-0.48,9.8,90.2
2023-04-16 02:45:00,52.968992288888,0.0,0.0,20.2777778,17.87066666666667,55.65,0,5.1764362714980825,70.66250196097344,2,6,4,0.4999999999999999,0.8660254037844387,-0.7818314824680299,0.6234898018587334,0.8660254037844387,-0.4999999999999998,0.0,0.0,0.0,12.475,27.3,33.0,81.0,12.2,10.619741,0.0,15.375,20.2777778,56.03333333333333,56.45,57.16666666666666,58.4,55.5,-2.4071111333333306,0.0,0.1520000000000045,17.718666666666664,18.05133333333333,20.2777778,17.764222222222223,9.771015,9.838321,9.911479,10.035136,9.744679,0,4.0,0,0.0,-0.48,9.8,90.2
2023-04-16 03:00:00,41.664444422224,0.0,0.0,20.2777778,18.05133333333333,55.5,0,5.1764362714980825,70.66250196097344,3,6,4,0.7071067811865476,0.7071067811865476,-0.7818314824680299,0.6234898018587334,0.8660254037844387,-0.4999999999999998,0.0,0.0,0.0,12.0,27.4,35.0,81.0,12.2,10.635877,0.0,15.4,20.2777778,55.65,56.03333333333333,56.45,57.16666666666666,55.55,-2.226444466666667,0.0,0.1806666666666636,17.87066666666667,17.825333333333333,20.2777778,17.88022222222222,9.744679,9.771015,9.838321,9.911479,9.753457,0,4.0,0,0.0,-0.48,9.8,90.2
2023-04-16 03:15:00,44.945146572222,0.0,0.0,20.2777778,17.825333333333333,55.55,0,5.1764362714980825,70.66250196097344,3,6,4,0.7071067811865476,0.7071067811865476,-0.7818314824680299,0.6234898018587334,0.8660254037844387,-0.4999999999999998,0.0,0.0,0.0,9.9,26.225,26.25,83.0,12.2,10.652755,0.0,15.025,20.2777778,55.5,55.65,56.03333333333333,56.45,55.96666666666667,-2.452444466666666,0.0,-0.2259999999999991,18.05133333333333,17.280666666666665,20.2777778,17.915777777777777,9.753457,9.744679,9.771015,9.838321,9.826616,0,4.0,0,0.0,-0.48,9.8,90.2
2023-04-16 03:30:00,50.531034311108,0.0,0.0,20.2777778,17.280666666666665,55.96666666666667,0,5.1764362714980825,70.66250196097344,3,6,4,0.7071067811865476,0.7071067811865476,-0.7818314824680299,0.6234898018587334,0.8660254037844387,-0.4999999999999998,0.0,0.0,0.0,7.8,25.05,17.5,85.0,12.2,10.662736,0.0,14.65,20.2777778,55.55,55.5,55.65,56.03333333333333,56.35,-2.997111133333334,0.0,-0.544666666666668,17.825333333333333,17.002,20.2777778,17.719111111111108,9.826616,9.753457,9.744679,9.771015,9.893921,0,4.0,0,0.0,-0.48,9.8,90.2
2023-04-16 03:45:00,45.227079877772,0.0,0.0,20.2777778,17.002,56.35,0,5.1764362714980825,70.66250196097344,3,6,4,0.7071067811865476,0.7071067811865476,-0.7818314824680299,0.6234898018587334,0.8660254037844387,-0.4999999999999998,0.0,0.0,0.0,5.7,23.875,8.750000000000004,87.0,12.2,10.666082,0.0,14.275,20.2777778,55.96666666666667,55.55,55.5,55.65,56.5,-3.2757778,0.0,-0.2786666666666662,17.280666666666665,16.935333333333332,20.2777778,17.369333333333334,9.893921,9.826616,9.753457,9.744679,9.9202585,0,4.0,0,0.0,-0.48,9.8,90.2
2023-04-16 04:00:00,36.876302655556,0.0,0.0,20.2777778,16.935333333333332,56.5,0,5.1764362714980825,70.66250196097344,4,6,4,0.8660254037844386,0.5000000000000001,-0.7818314824680299,0.6234898018587334,0.8660254037844387,-0.4999999999999998,0.0,0.0,0.0,3.6,22.7,0.0,89.0,12.2,10.663057,0.0,13.9,20.27222224,56.35,55.96666666666667,55.55,55.5,56.5,-3.3424444666666666,0.0,-0.0666666666666664,17.002,16.636666666666667,20.2777778,17.072666666666667,9.9202585,9.893921,9.826616,9.753457,9.917039,0,4.0,0,0.0,-0.48,9.7,90.3
2023-04-16 04:15:00,57.478534033336,0.0,0.0,20.27222224,16.636666666666667,56.5,0,5.1764362714980825,70.66250196097344,4,6,4,0.8660254037844386,0.5000000000000001,-0.7818314824680299,0.6234898018587334,0.8660254037844387,-0.4999999999999998,0.0,0.0,0.0,4.5,19.45,0.0,90.0,12.1,10.618298,0.0,13.65,20.225925906666667,56.5,56.35,55.96666666666667,55.55,56.5,-3.635555573333335,-0.0055555599999976,-0.2986666666666657,16.935333333333332,16.37933333333333,20.27592594666667,16.858,9.917039,9.9202585,9.893921,9.826616,9.89024,0,4.0,0,0.0,-0.48,9.8,90.2
2023-04-16 04:30:00,34.935824694446,0.0,0.0,20.225925906666667,16.37933333333333,56.5,0,5.1764362714980825,70.66250196097344,4,6,4,0.8660254037844386,0.5000000000000001,-0.7818314824680299,0.6234898018587334,0.8660254037844387,-0.4999999999999998,0.0,0.0,0.0,5.4,16.2,0.0,91.0,12.0,10.572097,0.0,13.4,20.2222222,56.5,56.5,56.35,55.96666666666667,56.5,-3.846592573333336,-0.0462963333333341,-0.2573333333333352,16.636666666666667,16.332,20.258641982222223,16.650444444444442,9.89024,9.917039,9.9202585,9.893921,9.888098,0,4.0,0,0.0,-0.49,10.0,90.0
2023-04-16 04:45:00,44.23795257778,0.0,0.0,20.2222222,16.332,56.5,0,5.1764362714980825,70.66250196097344,4,6,4,0.8660254037844386,0.5000000000000001,-0.7818314824680299,0.6234898018587334,0.8660254037844387,-0.4999999999999998,0.0,0.0,0.0,6.3,12.95,0.0,92.0,11.9,10.524497,0.0,13.15,20.2222222,56.5,56.5,56.5,56.35,56.5,-3.8902222,-0.0037037066666663,-0.0473333333333307,16.37933333333333,16.148666666666667,20.24012344888889,16.449333333333332,9.888098,9.89024,9.917039,9.9202585,9.888098,0,4.0,0,0.0,-0.49,10.0,90.0
2023-04-16 05:00:00,51.021292499996,0.0,0.0,20.2222222,16.148666666666667,56.5,0,5.1764362714980825,70.66250196097344,5,6,4,0.9659258262890684,0.2588190451025207,-0.7818314824680299,0.6234898018587334,0.8660254037844387,-0.4999999999999998,0.0,0.0,0.0,7.2,9.7,0.0,93.0,11.8,10.47555,0.0,12.9,20.2222222,56.5,56.5,56.5,56.5,56.5,-4.073555533333334,0.0,-0.1833333333333335,16.332,15.777333333333331,20.22345676888889,16.286666666666665,9.888098,9.888098,9.89024,9.917039,9.888098,0,4.0,0,0.0,-0.49,10.0,90.0
2023-04-16 05:15:00,41.454452772226,0.0,0.0,20.2222222,15.777333333333331,56.5,0,5.1764362714980825,70.66250196097344,5,6,4,0.9659258262890684,0.2588190451025207,-0.7818314824680299,0.6234898018587334,0.8660254037844387,-0.4999999999999998,0.0,0.0,0.0,7.55,10.975,0.0,93.5,11.75,10.434393,0.0,12.75,20.2222222,56.5,56.5,56.5,56.5,56.5,-4.444888866666668,0.0,-0.3713333333333342,16.148666666666667,15.778666666666668,20.2222222,16.086000000000002,9.888098,9.888098,9.888098,9.89024,9.888098,0,4.0,0,0.0,-0.49,10.0,90.0
2023-04-16 05:30:00,44.884593444444,0.0,0.0,20.2222222,15.778666666666668,56.5,0,5.1764362714980825,70.66250196097344,5,6,4,0.9659258262890684,0.2588190451025207,-0.7818314824680299,0.6234898018587334,0.8660254037844387,-0.4999999999999998,0.0,0.0,0.0,7.9,12.25,0.0,94.0,11.7,10.392984,0.0,12.6,20.21666665,56.5,56.5,56.5,56.5,56.45,-4.443555533333333,0.0,0.0013333333333349,15.777333333333331,15.610666666666669,20.2222222,15.901555555555555,9.888098,9.888098,9.888098,9.888098,9.8761425,0,4.0,0,0.0,-0.49,10.0,90.0
2023-04-16 05:45:00,49.1588669,0.0,0.0,20.21666665,15.610666666666669,56.45,0,5.1764362714980825,70.66250196097344,5,6,4,0.9659258262890684,0.2588190451025207,-0.7818314824680299,0.6234898018587334,0.8660254037844387,-0.4999999999999998,0.0,0.0,0.0,8.25,13.525,0.0,94.5,11.65,10.351331,0.0,12.45,20.170370400000003,56.5,56.5,56.5,56.5,56.03333333333333,-4.605999983333334,-0.0055555500000004,-0.168000000000001,15.778666666666668,15.582,20.22037035,15.722222222222223,9.8761425,9.888098,9.888098,9.888098,9.776742,0,4.0,0,0.0,-0.49,10.0,90.0
2023-04-16 06:00:00,45.178748394442,0.0,0.0,20.170370400000003,15.582,56.03333333333333,0,5.1764362714980825,70.66250196097344,6,6,4,1.0,6.123233995736766e-17,-0.7818314824680299,0.6234898018587334,0.8660254037844387,-0.4999999999999998,0.0,0.0,0.0,8.6,14.8,0.0,95.0,11.6,10.309439,0.0,12.3,20.16111114,56.45,56.5,56.5,56.5,56.0,-4.588370400000004,-0.0462962499999974,-0.0286666666666679,15.610666666666669,15.655333333333331,20.203086416666668,15.657111111111112,9.776742,9.8761425,9.888098,9.888098,9.76564,0,4.0,0,0.0,-0.5,10.3,89.7
2023-04-16 06:15:00,34.163911238886,0.0,0.0,20.16111114,15.655333333333331,56.0,0,5.1764362714980825,70.66250196097344,6,6,4,1.0,6.123233995736766e-17,-0.7818314824680299,0.6234898018587334,0.8660254037844387,-0.4999999999999998,3.75,0.9375,0.3125,8.45,14.425,0.0,95.25,11.625,10.336568,0.0,12.3,20.11481480666667,56.03333333333333,56.45,56.5,56.5,56.0,-4.505777806666666,-0.0092592600000038,0.0733333333333341,15.582,15.859333333333332,20.18271606333333,15.616,9.76564,9.776742,9.8761425,9.888098,9.739228,0,4.0,0,0.0,-0.51,10.4,89.6
2023-04-16 06:30:00,316.040413494442,0.0,0.0,20.11481480666667,15.859333333333332,56.0,0,5.1764362714980825,70.66250196097344,6,6,4,1.0,6.123233995736766e-17,-0.7818314824680299,0.6234898018587334,0.8660254037844387,-0.4999999999999998,7.5,2.8125,0.9375,8.3,14.05,0.0,95.5,11.65,10.3637,0.0,12.3,20.14444446,56.0,56.03333333333333,56.45,56.5,56.35,-4.255481473333337,-0.0462963333333306,0.2039999999999988,15.655333333333331,16.157333333333334,20.14876544888889,15.698888888888888,9.739228,9.76564,9.776742,9.8761425,9.8171,0,4.0,0,0.0,-0.52,10.6,89.4
2023-04-16 06:45:00,35.700794094446,0.0,0.0,20.14444446,16.157333333333334,56.35,0,5.1764362714980825,70.66250196097344,6,6,4,1.0,6.123233995736766e-17,-0.7818314824680299,0.6234898018587334,0.8660254037844387,-0.4999999999999998,11.25,5.625,1.875,8.15,13.675,0.0,95.75,11.675,10.390829,0.0,12.3,20.11481480666667,56.0,56.0,56.03333333333333,56.45,56.5,-3.987111126666665,0.0296296533333304,0.2980000000000018,15.859333333333332,16.212,20.14012346888889,15.890666666666666,9.8171,9.739228,9.76564,9.776742,9.826184,0,4.0,0,0.0,-0.51,10.4,89.6
2023-04-16 07:00:00,43.11216427778,0.0,0.0,20.11481480666667,16.212,56.5,0,5.1764362714980825,70.66250196097344,7,6,4,0.9659258262890684,-0.2588190451025206,-0.7818314824680299,0.6234898018587334,0.8660254037844387,-0.4999999999999998,15.0,9.375,3.125,8.0,13.3,0.0,96.0,11.7,10.417959,0.0,12.3,20.11666666,56.35,56.0,56.0,56.03333333333333,56.55,-3.902814806666669,-0.0296296533333304,0.0546666666666659,16.157333333333334,16.220000000000002,20.12469135777778,16.076222222222224,9.826184,9.8171,9.739228,9.76564,9.835946,0,4.0,0,0.0,-0.51,10.5,89.5
2023-04-16 07:15:00,48.099464911108,0.0,0.0,20.11666666,16.220000000000002,56.55,0,5.1764362714980825,70.66250196097344,7,6,4,0.9659258262890684,-0.2588190451025206,-0.7818314824680299,0.6234898018587334,0.8660254037844387,-0.4999999999999998,46.25,20.0,6.979166666666667,7.925,13.85,0.0,93.5,12.0,10.613706,0.0,13.025,20.16296299333333,56.5,56.35,56.0,56.0,56.96666666666667,-3.8966666599999975,0.0018518533333313,0.0080000000000026,16.212,16.424666666666667,20.125308642222222,16.196444444444445,9.835946,9.826184,9.8171,9.739228,9.935287,0,4.0,0,0.0,-0.51,10.5,89.5
2023-04-16 07:30:00,42.456634850006,0.0,0.0,20.16296299333333,16.424666666666667,56.96666666666667,0,5.1764362714980825,70.66250196097344,7,6,4,0.9659258262890684,-0.2588190451025206,-0.7818314824680299,0.6234898018587334,0.8660254037844387,-0.4999999999999998,77.5,37.5,13.4375,7.85,14.4,0.0,91.0,12.3,10.802571,0.0,13.75,20.21111111,56.55,56.5,56.35,56.0,57.0,-3.738296326666667,0.0462963333333341,0.2046666666666645,16.220000000000002,16.667333333333332,20.13148148666667,16.285555555555558,9.935287,9.835946,9.826184,9.8171,9.969127,0,4.0,0,0.0,-0.5,10.2,89.8
2023-04-16 07:45:00,38.553735488892,0.0,0.0,20.21111111,16.667333333333332,57.0,0,5.1764362714980825,70.66250196097344,7,6,4,0.9659258262890684,-0.2588190451025206,-0.7818314824680299,0.6234898018587334,0.8660254037844387,-0.4999999999999998,108.75,61.875,22.5,7.775,14.95,0.0,88.5,12.6,10.983652,0.0,14.475,20.31481483,56.96666666666667,56.55,56.5,56.35,57.0,-3.543777776666669,0.0481481166666668,0.2426666666666648,16.424666666666667,17.066666666666666,20.163580254444444,16.43733333333333,9.969127,9.935287,9.835946,9.826184,10.029725,0,4.0,0,0.0,-0.49,10.0,90.0
2023-04-16 08:00:00,49.619681816666,0.0,0.0,20.31481483,17.066666666666666,57.0,0,5.1764362714980825,70.66250196097344,8,6,4,0.8660254037844387,-0.4999999999999998,-0.7818314824680299,0.6234898018587334,0.8660254037844387,-0.4999999999999998,140.0,93.125,34.166666666666664,7.7,15.5,0.0,86.0,12.9,11.155989,0.0,15.2,20.49444445,57.0,56.96666666666667,56.55,56.5,56.65,-3.248148163333333,0.1037037199999986,0.3993333333333346,16.667333333333332,17.684666666666665,20.229629644444447,16.719555555555555,10.029725,9.969127,9.935287,9.835946,10.073209,0,4.0,0,0.0,-0.46,9.5,90.5
2023-04-16 08:15:00,41.260016183334,0.0,0.0,20.49444445,17.684666666666665,56.65,0,5.1764362714980825,70.66250196097344,8,6,4,0.8660254037844387,-0.4999999999999998,-0.7818314824680299,0.6234898018587334,0.8660254037844387,-0.4999999999999998,185.0,127.8125,49.583333333333336,7.275,15.95,0.25,83.0,13.2,11.353249,0.0,16.075,20.88148149,57.0,57.0,56.96666666666667,56.55,56.13333333333333,-2.8097777833333346,0.17962962,0.6179999999999986,17.066666666666666,18.192666666666664,20.340123463333335,17.139555555555557,10.073209,10.029725,9.969127,9.935287,10.208899,0,4.0,0,0.0,-0.42,8.7,91.3
2023-04-16 08:30:00,39.541751633332,0.0,0.0,20.88148149,18.192666666666664,56.13333333333333,0,5.1764362714980825,70.66250196097344,8,6,4,0.8660254037844387,-0.4999999999999998,-0.7818314824680299,0.6234898018587334,0.8660254037844387,-0.4999999999999998,230.0,165.9375,68.75,6.85,16.4,0.5,80.0,13.5,11.53466,0.0,16.95,21.3833333,56.65,57.0,57.0,56.96666666666667,55.05,-2.6888148233333347,0.3870370399999991,0.5079999999999991,17.684666666666665,19.077333333333332,20.56358025666667,17.648,10.208899,10.073209,10.029725,9.969127,10.30779,0,4.0,0,0.0,-0.33,7.3,92.7
2023-04-16 08:45:00,46.970621083334,0.0,0.0,21.3833333,19.077333333333332,55.05,0,5.1764362714980825,70.66250196097344,8,6,4,0.8660254037844387,-0.4999999999999998,-0.7818314824680299,0.6234898018587334,0.8660254037844387,-0.4999999999999998,275.0,207.5,91.66666666666669,6.425,16.85,0.75,77.0,13.8,11.6982355,0.0,17.825,21.94999997,56.13333333333333,56.65,57.0,57.0,53.88333333333333,-2.305999966666665,0.5018518100000016,0.8846666666666714,18.192666666666664,20.08133333333333,20.91975308,18.31822222222222,10.30779,10.208899,10.073209,10.029725,10.425273,0,4.0,0,0.0,-0.22,6.0,94.0
2023-04-16 09:00:00,43.574923699996,0.0,0.0,21.94999997,20.08133333333333,53.88333333333333,0,5.1764362714980825,70.66250196097344,9,6,4,0.7071067811865476,-0.7071067811865475,-0.7818314824680299,0.6234898018587334,0.8660254037844387,-0.4999999999999998,320.0,252.5,118.33333333333331,6.0,17.3,1.0,74.0,14.1,11.841855,0.0,18.7,22.52777776,55.05,56.13333333333333,56.65,57.0,52.7,-1.8686666366666709,0.56666667,1.0039999999999942,19.077333333333332,21.682666666666663,21.40493825333333,19.11711111111111,10.425273,10.30779,10.208899,10.073209,10.541025,0,4.0,0,0.0,-0.09,5.2,94.8
2023-04-16 09:15:00,36.919356649994,0.0,0.0,22.52777776,21.682666666666663,52.7,0,5.1764362714980825,70.66250196097344,9,6,4,0.7071067811865476,-0.7071067811865475,-0.7818314824680299,0.6234898018587334,0.8660254037844387,-0.4999999999999998,365.0,297.5,148.4375,6.0,17.575,1.75,71.25,14.05,11.847597,0.0,19.35,23.064814776666665,53.88333333333333,55.05,56.13333333333333,56.65,51.38333333333333,-0.8451110933333332,0.577777789999999,1.6013333333333364,20.08133333333333,22.607333333333333,21.953703676666667,20.280444444444445,10.541025,10.425273,10.30779,10.208899,10.598824,0,4.0,0,0.0,0.04,5.0,95.0
2023-04-16 09:30:00,54.451710727778,0.0,0.0,23.064814776666665,22.607333333333333,51.38333333333333,0,5.1764362714980825,70.66250196097344,9,6,4,0.7071067811865476,-0.7071067811865475,-0.7818314824680299,0.6234898018587334,0.8660254037844387,-0.4999999999999998,410.0,342.5,181.97916666666663,6.0,17.85,2.5,68.5,14.0,11.833368,0.0,20.0,23.60000001,52.7,53.88333333333333,55.05,56.13333333333333,50.25,-0.4574814433333323,0.537037016666666,0.924666666666667,21.682666666666663,22.968,22.51419750222222,21.457111111111107,10.598824,10.541025,10.425273,10.30779,10.686444,0,4.0,0,0.0,0.17,5.6,94.4
2023-04-16 09:45:00,41.458897261106,0.0,0.0,23.60000001,22.968,50.25,0,5.1764362714980825,70.66250196097344,9,6,4,0.7071067811865476,-0.7071067811865475,-0.7818314824680299,0.6234898018587334,0.8660254037844387,-0.4999999999999998,455.0,387.5,218.95833333333331,6.0,18.125,3.25,65.75,13.95,11.797828,0.0,20.65,24.09999999,51.38333333333333,52.7,53.88333333333333,55.05,49.16666666666666,-0.6320000099999987,0.5351852333333333,0.3606666666666669,22.607333333333333,23.63133333333333,23.06419751555556,22.41933333333333,10.686444,10.598824,10.541025,10.425273,10.757429,0,4.0,0,0.0,0.29,6.8,93.2
2023-04-16 10:00:00,43.393542038886,0.0,0.0,24.09999999,23.63133333333333,49.16666666666666,0,5.1764362714980825,70.66250196097344,10,6,4,0.4999999999999999,-0.8660254037844387,-0.7818314824680299,0.6234898018587334,0.8660254037844387,-0.4999999999999998,500.0,432.5,259.375,6.0,18.4,4.0,63.0,13.9,11.739556,0.0,21.3,24.59444445,50.25,51.38333333333333,52.7,53.88333333333333,47.75,-0.4686666566666666,0.4999999800000019,0.663333333333334,22.968,23.986,23.588271592222224,23.06888888888889,10.757429,10.686444,10.598824,10.541025,10.744042,0,4.0,0,0.0,0.41,8.4,91.6
2023-04-16 10:15:00,38.580401272218,0.0,0.0,24.59444445,23.986,47.75,0,5.1764362714980825,70.66250196097344,10,6,4,0.4999999999999999,-0.8660254037844387,-0.7818314824680299,0.6234898018587334,0.8660254037844387,-0.4999999999999998,537.75,475.6875,300.3333333333333,5.925,18.475,3.0,60.5,13.725,11.5878315,0.0,21.775,25.02777774666667,49.16666666666666,50.25,51.38333333333333,52.7,46.85,-0.6084444500000004,0.4944444600000004,0.3546666666666667,23.63133333333333,24.862,24.09814815,23.52844444444445,10.744042,10.757429,10.686444,10.598824,10.802397,0,4.0,0,0.0,0.52,10.6,89.4
2023-04-16 10:30:00,65.045731466664,0.0,0.0,25.02777774666667,24.862,46.85,0,5.1764362714980825,70.66250196097344,10,6,4,0.4999999999999999,-0.8660254037844387,-0.7818314824680299,0.6234898018587334,0.8660254037844387,-0.4999999999999998,575.5,517.0625,341.8333333333333,5.85,18.55,2.0,58.0,13.55,11.417377,0.0,22.25,25.3833333,47.75,49.16666666666666,50.25,51.38333333333333,46.3,-0.1657777466666665,0.4333332966666674,0.8760000000000012,23.986,24.994000000000003,24.574074062222223,24.159777777777776,10.802397,10.744042,10.757429,10.686444,10.8912,0,4.0,0,0.0,0.62,13.0,87.0
2023-04-16 10:45:00,884.923212855552,15.192447811112,15.20411406111,25.3833333,24.994000000000003,46.3,1,5.1764362714980825,70.66250196097344,10,6,4,0.4999999999999999,-0.8660254037844387,-0.7818314824680299,0.6234898018587334,0.8660254037844387,-0.4999999999999998,613.25,556.625,383.875,5.775,18.625,1.0,55.5,13.375,11.227399,0.0,22.725,25.353703696666667,46.85,47.75,49.16666666666666,50.25,47.583333333333336,-0.389333299999997,0.3555555533333319,0.1320000000000014,24.862,24.87066666666667,25.001851832222226,24.614000000000004,10.8912,10.802397,10.744042,10.757429,11.174469,0,3.0,1,0.25,0.7,15.3,84.7
2023-04-16 11:00:00,504.85619377778,51.439331227778,51.449330811112,25.353703696666667,24.87066666666667,47.583333333333336,1,5.1764362714980825,70.66250196097344,11,6,4,0.258819045102521,-0.9659258262890682,-0.7818314824680299,0.6234898018587334,0.8660254037844387,-0.4999999999999998,651.0,594.375,426.4583333333333,5.7,18.7,0.0,53.0,13.2,11.017074,0.0,23.2,24.916666640000003,46.3,46.85,47.75,49.16666666666666,48.35,-0.4830370299999984,-0.0296296033333334,-0.1233333333333348,24.994000000000003,25.666666666666668,25.254938247777783,24.90888888888889,11.174469,10.8912,10.802397,10.744042,11.078688,0,2.0,0,0.5,0.7,15.4,84.6
2023-04-16 11:15:00,213.614232772226,49.161922311112,49.174977355556,24.916666640000003,25.666666666666668,48.35,1,5.1764362714980825,70.66250196097344,11,6,4,0.258819045102521,-0.9659258262890682,-0.7818314824680299,0.6234898018587334,0.8660254037844387,-0.4999999999999998,679.5,629.8125,467.6666666666667,5.9,19.15,5.0,51.25,12.95,10.868121,0.0,23.55,24.8333333,47.583333333333336,46.3,46.85,47.75,48.31666666666667,0.7500000266666653,-0.4370370566666643,0.7959999999999994,24.87066666666667,26.138666666666666,25.217901212222227,25.177111111111117,11.078688,11.174469,10.8912,10.802397,11.019152,0,1.0,0,0.75,0.6,12.5,87.5
2023-04-16 11:30:00,1383.273000183334,56.911890116666,56.917445511108,24.8333333,26.138666666666666,48.31666666666667,1,5.1764362714980825,70.66250196097344,11,6,4,0.258819045102521,-0.9659258262890682,-0.7818314824680299,0.6234898018587334,0.8660254037844387,-0.4999999999999998,708.0,662.9375,507.5,6.1,19.6,10.0,49.5,12.7,10.708102,0.0,23.9,24.83888886,48.35,47.583333333333336,46.3,46.85,47.9,1.305333366666666,-0.0833333400000029,0.4719999999999977,25.666666666666668,26.314666666666664,25.03456787888889,25.558666666666667,11.019152,11.078688,11.174469,10.8912,10.927549,0,0.0,0,1.0,0.58,12.0,88.0
2023-04-16 11:45:00,806.083588733332,70.75161428888799,70.75716968333,24.83888886,26.314666666666664,47.9,2,5.1764362714980825,70.66250196097344,11,6,4,0.258819045102521,-0.9659258262890682,-0.7818314824680299,0.6234898018587334,0.8660254037844387,-0.4999999999999998,736.5,693.75,545.9583333333334,6.3,20.05,15.0,47.75,12.45,10.536683,0.0,24.25,24.88518519333333,48.31666666666667,48.35,47.583333333333336,46.3,46.516666666666666,1.4757778066666631,0.0055555600000012,0.1759999999999983,26.138666666666666,26.83333333333333,24.862962933333336,26.040000000000003,10.927549,11.019152,11.078688,11.174469,10.639707,0,0.0,1,1.0,0.58,12.0,88.0
2023-04-16 12:00:00,899.313748194446,71.008548444444,71.016603655556,24.88518519333333,26.83333333333333,46.516666666666666,2,5.1764362714980825,70.66250196097344,12,6,4,1.2246467991473532e-16,-1.0,-0.7818314824680299,0.6234898018587334,0.8660254037844387,-0.4999999999999998,765.0,722.25,583.0416666666666,6.5,20.5,20.0,46.0,12.2,10.353531,0.0,24.6,24.97777778,47.9,48.31666666666667,48.35,47.583333333333336,45.0,1.9481481400000007,0.0462963333333306,0.5186666666666682,26.314666666666664,26.328666666666667,24.852469117777776,26.42888888888889,10.639707,10.927549,11.019152,11.078688,10.346652,0,0.0,0,1.0,0.58,12.0,88.0
2023-04-16 12:15:00,572.963469494442,86.589314072222,86.601813605554,24.97777778,26.328666666666667,45.0,2,5.1764362714980825,70.66250196097344,12,6,4,1.2246467991473532e-16,-1.0,-0.7818314824680299,0.6234898018587334,0.8660254037844387,-0.4999999999999998,755.0,741.125,615.5416666666666,6.925,21.125,19.0,45.0,12.025,10.229033,0.0,24.775,25.14444443,46.516666666666666,47.9,48.31666666666667,48.35,46.36666666666667,1.3508888866666666,0.0925925866666688,-0.5046666666666653,26.83333333333333,26.990666666666662,24.90061727777778,26.49222222222222,10.346652,10.639707,10.927549,11.019152,10.761393,0,0.0,0,1.0,0.59,12.3,87.7
2023-04-16 12:30:00,539.602304061106,74.904503683334,74.918947572222,25.14444443,26.990666666666662,46.36666666666667,2,5.1764362714980825,70.66250196097344,12,6,4,1.2246467991473532e-16,-1.0,-0.7818314824680299,0.6234898018587334,0.8660254037844387,-0.4999999999999998,745.0,750.375,643.4583333333334,7.35,21.75,18.0,44.0,11.85,10.100905,0.0,24.950000000000003,25.17222224,45.0,46.516666666666666,47.9,48.31666666666667,45.7,1.8462222366666656,0.1666666499999998,0.661999999999999,26.328666666666667,27.84333333333333,25.002469134444443,26.717555555555556,10.761393,10.346652,10.639707,10.927549,10.623255,0,0.0,0,1.0,0.64,13.6,86.4
2023-04-16 12:45:00,343.657364305554,57.8651853,57.874351616666,25.17222224,27.84333333333333,45.7,1,5.1764362714980825,70.66250196097344,12,6,4,1.2246467991473532e-16,-1.0,-0.7818314824680299,0.6234898018587334,0.8660254037844387,-0.4999999999999998,735.0,750.0,666.7916666666666,7.774999999999999,22.375,17.0,43.0,11.675,9.969099,0.0,25.125,25.083333356666667,46.36666666666667,45.0,46.516666666666666,47.9,44.75,2.67111109333333,0.0277778099999999,0.8526666666666642,26.990666666666662,27.570666666666668,25.09814815,27.054222222222226,10.623255,10.761393,10.346652,10.639707,10.350516,0,0.0,1,1.0,0.64,13.7,86.3
2023-04-16 13:00:00,158.400608122224,55.811100783334,55.822211455556,25.083333356666667,27.570666666666668,44.75,1,5.1764362714980825,70.66250196097344,13,6,4,-0.2588190451025208,-0.9659258262890684,-0.7818314824680299,0.6234898018587334,0.8660254037844387,-0.4999999999999998,725.0,740.0,685.5416666666666,8.2,23.0,16.0,42.0,11.5,9.833562,0.0,25.3,25.04444444,45.7,46.36666666666667,45.0,46.516666666666666,45.1,2.4873333100000004,-0.0888888833333325,-0.2726666666666624,27.84333333333333,27.732666666666667,25.133333342222222,27.46822222222222,10.350516,10.623255,10.761393,10.346652,10.408656,0,0.0,0,1.0,0.61,12.9,87.1
2023-04-16 13:15:00,62.081961072222,0.0,0.0,25.04444444,27.732666666666667,45.1,0,5.1764362714980825,70.66250196097344,13,6,4,-0.2588190451025208,-0.9659258262890684,-0.7818314824680299,0.6234898018587334,0.8660254037844387,-0.4999999999999998,740.25,736.3125,702.4166666666666,8.375,23.275,19.5,41.25,11.45,9.780753,0.0,25.525,25.103703693333333,44.75,45.7,46.36666666666667,45.0,45.93333333333333,2.6882222266666678,-0.0388889166666679,0.161999999999999,27.570666666666668,27.73,25.10000001222222,27.715555555555557,10.408656,10.350516,10.623255,10.761393,10.636406,1,1.0,1,0.75,0.61,12.7,87.3
2023-04-16 13:30:00,386.189829638886,0.0,0.0,25.103703693333333,27.73,45.93333333333333,0,5.1764362714980825,70.66250196097344,13,6,4,-0.2588190451025208,-0.9659258262890684,-0.7818314824680299,0.6234898018587334,0.8660254037844387,-0.4999999999999998,755.5,738.9375,717.4166666666666,8.55,23.55,23.0,40.5,11.4,9.7248,0.0,25.75,25.05555558,45.1,44.75,45.7,46.36666666666667,47.35,2.626296306666667,0.0592592533333338,-0.0026666666666663,27.732666666666667,27.582,25.077160496666668,27.677777777777777,10.636406,10.408656,10.350516,10.623255,10.934775,0,2.0,0,0.5,0.63,13.3,86.7
2023-04-16 13:45:00,70.633563677768,0.0,0.0,25.05555558,27.582,47.35,0,5.1764362714980825,70.66250196097344,13,6,4,-0.2588190451025208,-0.9659258262890684,-0.7818314824680299,0.6234898018587334,0.8660254037844387,-0.4999999999999998,770.75,747.875,730.5416666666666,8.725,23.825000000000003,26.5,39.75,11.35,9.66564,0.0,25.975,24.798148153333333,45.93333333333333,45.1,44.75,45.7,47.16666666666666,2.5264444200000007,-0.0481481133333332,-0.1479999999999997,27.73,27.476666666666667,25.06790123777778,27.68155555555556,10.934775,10.636406,10.408656,10.350516,10.735552,0,3.0,0,0.25,0.63,13.2,86.8
2023-04-16 14:00:00,55.108073572214,0.0,0.0,24.798148153333333,27.476666666666667,47.16666666666666,0,5.1764362714980825,70.66250196097344,14,6,4,-0.4999999999999997,-0.8660254037844388,-0.7818314824680299,0.6234898018587334,0.8660254037844387,-0.4999999999999998,786.0,763.125,741.7916666666666,8.9,24.1,30.0,39.0,11.3,9.603211,0.0,26.2,24.63888891,47.35,45.93333333333333,45.1,44.75,46.5,2.6785185133333336,-0.257407426666667,-0.1053333333333341,27.582,27.69333333333333,24.98580247555556,27.596222222222224,10.735552,10.934775,10.636406,10.408656,10.48909,0,4.0,0,0.0,0.56,11.6,88.4
2023-04-16 14:15:00,79.622648399996,0.0,0.0,24.63888891,27.69333333333333,46.5,0,5.1764362714980825,70.66250196097344,14,6,4,-0.4999999999999997,-0.8660254037844388,-0.7818314824680299,0.6234898018587334,0.8660254037844387,-0.4999999999999998,760.25,768.125,748.5208333333334,9.4,24.925,27.75,39.0,11.275,9.589821,0.0,26.175,24.52222223333333,47.16666666666666,47.35,45.93333333333333,45.1,46.5,3.054444423333333,-0.1592592433333344,0.216666666666665,27.476666666666667,28.296,24.830864214444446,27.584,10.48909,10.735552,10.934775,10.636406,10.420165,0,4.0,0,0.0,0.52,10.6,89.4
2023-04-16 14:30:00,103.303645472222,0.0,0.0,24.52222223333333,28.296,46.5,0,5.1764362714980825,70.66250196097344,14,6,4,-0.4999999999999997,-0.8660254037844388,-0.7818314824680299,0.6234898018587334,0.8660254037844387,-0.4999999999999998,734.5,762.875,750.7291666666666,9.9,25.75,25.5,39.0,11.25,9.576447,0.0,26.15,24.39444444,46.5,47.16666666666666,47.35,45.93333333333333,46.2,3.7737777666666688,-0.1166666766666679,0.6026666666666678,27.69333333333333,27.581333333333337,24.65308643222222,27.822000000000003,10.420165,10.48909,10.735552,10.934775,10.2783785,0,4.0,0,0.0,0.49,10.0,90.0
2023-04-16 14:45:00,86.467930177772,0.0,0.0,24.39444444,27.581333333333337,46.2,0,5.1764362714980825,70.66250196097344,14,6,4,-0.4999999999999997,-0.8660254037844388,-0.7818314824680299,0.6234898018587334,0.8660254037844387,-0.4999999999999998,708.75,747.375,748.4166666666666,10.4,26.575,23.25,39.0,11.225,9.5630865,0.0,26.125,24.26481482,46.5,46.5,47.16666666666666,47.35,47.016666666666666,3.1868888933333395,-0.1277777933333332,-0.7146666666666626,28.296,26.636000000000003,24.518518527777776,27.85688888888889,10.2783785,10.420165,10.48909,10.735552,10.383576,0,4.0,0,0.0,0.46,9.3,90.7
2023-04-16 15:00:00,84.90938132222,0.0,0.0,24.26481482,26.636000000000003,47.016666666666666,0,5.1764362714980825,70.66250196097344,15,6,4,-0.7071067811865471,-0.7071067811865479,-0.7818314824680299,0.6234898018587334,0.8660254037844387,-0.4999999999999998,683.0,721.625,741.5833333333334,10.9,27.4,21.0,39.0,11.2,9.549744,0.0,26.1,24.21666665,46.2,46.5,46.5,47.16666666666666,46.95,2.371185180000001,-0.1296296199999957,-0.945333333333334,27.581333333333337,26.72533333333333,24.39382716444445,27.504444444444445,10.383576,10.2783785,10.420165,10.48909,10.340605,0,4.0,0,0.0,0.43,8.9,91.1
2023-04-16 15:15:00,60.228701822224,0.0,0.0,24.21666665,26.72533333333333,46.95,0,5.1764362714980825,70.66250196097344,15,6,4,-0.7071067811865471,-0.7071067811865479,-0.7818314824680299,0.6234898018587334,0.8660254037844387,-0.4999999999999998,667.25,698.375,734.2708333333334,11.0,27.75,23.75,39.0,11.15,9.523108,0.0,26.05,24.129629663333333,47.016666666666666,46.2,46.5,46.5,46.68333333333333,2.508666683333331,-0.048148170000001,0.0893333333333288,26.636000000000003,26.534666666666663,24.29197530333333,26.980888888888888,10.340605,10.383576,10.2783785,10.420165,10.231267,0,4.0,0,0.0,0.42,8.6,91.4
2023-04-16 15:30:00,47.47254543889,0.0,0.0,24.129629663333333,26.534666666666663,46.68333333333333,0,5.1764362714980825,70.66250196097344,15,6,4,-0.7071067811865471,-0.7071067811865479,-0.7818314824680299,0.6234898018587334,0.8660254037844387,-0.4999999999999998,651.5,677.625,726.4791666666666,11.1,28.1,26.5,39.0,11.1,9.496532,0.0,26.0,24.00555557,46.95,47.016666666666666,46.2,46.5,47.0,2.4050370033333337,-0.0870369866666678,-0.1906666666666652,26.72533333333333,26.21333333333333,24.203703711111118,26.632,10.231267,10.340605,10.383576,10.2783785,10.228414,0,4.0,0,0.0,0.4,8.3,91.7
2023-04-16 15:45:00,41.198629672226,0.0,0.0,24.00555557,26.21333333333333,47.0,0,5.1764362714980825,70.66250196097344,15,6,4,-0.7071067811865471,-0.7071067811865479,-0.7818314824680299,0.6234898018587334,0.8660254037844387,-0.4999999999999998,635.75,659.375,718.2083333333334,11.2,28.45,29.25,39.0,11.05,9.470024,0.0,25.95,23.87592592,46.68333333333333,46.95,47.016666666666666,46.2,47.0,2.2077777633333326,-0.1240740933333306,-0.3213333333333317,26.534666666666663,26.302666666666667,24.117283961111116,26.49111111111111,10.228414,10.231267,10.340605,10.383576,10.153392,0,4.0,0,0.0,0.37,7.8,92.2
2023-04-16 16:00:00,53.03232312222,0.0,0.0,23.87592592,26.302666666666667,47.0,0,5.1764362714980825,70.66250196097344,16,6,4,-0.8660254037844385,-0.5000000000000004,-0.7818314824680299,0.6234898018587334,0.8660254037844387,-0.4999999999999998,620.0,643.625,709.4583333333334,11.3,28.8,32.0,39.0,11.0,9.443576,0.0,25.9,23.8,47.0,46.68333333333333,46.95,47.016666666666666,47.5,2.426740746666667,-0.1296296500000018,0.0893333333333323,26.21333333333333,26.42666666666667,24.00370371777778,26.350222222222225,10.153392,10.228414,10.231267,10.340605,10.217222,0,4.0,0,0.0,0.34,7.3,92.7
2023-04-16 16:15:00,65.502102077776,0.0,0.0,23.8,26.42666666666667,47.5,0,5.1764362714980825,70.66250196097344,16,6,4,-0.8660254037844385,-0.5000000000000004,-0.7818314824680299,0.6234898018587334,0.8660254037844387,-0.4999999999999998,580.75,622.0,696.1666666666666,11.175,28.8,28.0,39.25,10.95,9.424652,0.0,25.75,23.870370336666667,47.0,47.0,46.68333333333333,46.95,48.16666666666666,2.6266666666666687,-0.0759259199999995,0.1240000000000023,26.302666666666667,27.044,23.893827163333334,26.314222222222224,10.217222,10.153392,10.228414,10.231267,10.402143,0,4.0,0,0.0,0.32,7.1,92.9
2023-04-16 16:30:00,62.533331916666,0.0,0.0,23.870370336666667,27.044,48.16666666666666,0,5.1764362714980825,70.66250196097344,16,6,4,-0.8660254037844385,-0.5000000000000004,-0.7818314824680299,0.6234898018587334,0.8660254037844387,-0.4999999999999998,541.5,594.5,678.3333333333334,11.05,28.8,24.0,39.5,10.9,9.405291,0.0,25.6,23.97777776,47.5,47.0,47.0,46.68333333333333,46.6,3.1736296633333296,0.0703703366666665,0.6173333333333275,26.42666666666667,27.078,23.84876541888889,26.591111111111115,10.402143,10.217222,10.153392,10.228414,10.125382,0,4.0,0,0.0,0.34,7.4,92.6
2023-04-16 16:45:00,52.32374038333,0.0,0.0,23.97777776,27.078,46.6,0,5.1764362714980825,70.66250196097344,16,6,4,-0.8660254037844385,-0.5000000000000004,-0.7818314824680299,0.6234898018587334,0.8660254037844387,-0.4999999999999998,502.25,561.125,655.9583333333334,10.925,28.8,20.0,39.75,10.85,9.385503,0.0,25.45,23.927777756666668,48.16666666666666,47.5,47.0,47.0,45.85,3.100222240000001,0.1074074233333313,0.0340000000000024,27.044,26.978,23.882716032222223,26.849555555555558,10.125382,10.402143,10.217222,10.153392,9.934177,0,4.0,0,0.0,0.36,7.7,92.3
2023-04-16 17:00:00,54.173388594442,0.0,0.0,23.927777756666668,26.978,45.85,0,5.1764362714980825,70.66250196097344,17,6,4,-0.9659258262890684,-0.2588190451025206,-0.7818314824680299,0.6234898018587334,0.8660254037844387,-0.4999999999999998,463.0,521.875,629.0416666666666,10.8,28.8,16.0,40.0,10.8,9.365298,0.0,25.3,23.8888889,46.6,48.16666666666666,47.5,47.0,45.8,3.0502222433333337,-0.0500000033333307,-0.0999999999999978,27.078,27.068666666666665,23.925308617777777,27.03333333333333,9.934177,10.125382,10.402143,10.217222,9.901447,0,4.0,0,0.0,0.34,7.4,92.6
2023-04-16 17:15:00,59.966767966664,0.0,0.0,23.8888889,27.068666666666665,45.8,0,5.1764362714980825,70.66250196097344,17,6,4,-0.9659258262890684,-0.2588190451025206,-0.7818314824680299,0.6234898018587334,0.8660254037844387,-0.4999999999999998,427.25,483.5,601.2916666666666,10.45,27.9,23.25,41.0,11.0,9.518801,0.0,25.15,23.8888889,45.85,46.6,48.16666666666666,47.5,45.35,3.179777766666664,-0.0388888566666665,0.0906666666666637,26.978,27.110666666666667,23.93148147222222,27.04155555555556,9.901447,9.934177,10.125382,10.402143,9.804161,0,4.0,0,0.0,0.33,7.3,92.7
2023-04-16 17:30:00,46.387866711108,0.0,0.0,23.8888889,27.110666666666667,45.35,0,5.1764362714980825,70.66250196097344,17,6,4,-0.9659258262890684,-0.2588190451025206,-0.7818314824680299,0.6234898018587334,0.8660254037844387,-0.4999999999999998,391.5,446.0,572.7083333333334,10.1,27.0,30.5,42.0,11.2,9.668972,0.0,25.0,23.83888887,45.8,45.85,46.6,48.16666666666666,44.3,3.2217777666666656,0.0,0.0420000000000015,27.068666666666665,26.8,23.901851852222222,27.052444444444443,9.804161,9.901447,9.934177,10.125382,9.54999,0,4.0,0,0.0,0.33,7.2,92.8
2023-04-16 17:45:00,803.758403894446,0.0,0.0,23.83888887,26.8,44.3,0,5.1764362714980825,70.66250196097344,17,6,4,-0.9659258262890684,-0.2588190451025206,-0.7818314824680299,0.6234898018587334,0.8660254037844387,-0.4999999999999998,355.75,409.375,543.2916666666666,9.75,26.1,37.75,43.0,11.4,9.81585,0.0,24.85,23.688888870000003,45.35,45.8,45.85,46.6,43.63333333333333,2.961111129999999,-0.0500000299999996,-0.3106666666666662,27.110666666666667,26.39933333333333,23.87222222333333,26.99311111111111,9.54999,9.804161,9.901447,9.934177,9.326378,0,4.0,0,0.0,0.31,7.0,93.0
2023-04-16 18:00:00,136.35704553333198,0.0,0.0,23.688888870000003,26.39933333333333,43.63333333333333,0,5.1764362714980825,70.66250196097344,18,6,4,-1.0,-1.8369701987210294e-16,-0.7818314824680299,0.6234898018587334,0.8660254037844387,-0.4999999999999998,320.0,373.625,513.0416666666666,9.4,25.2,45.0,44.0,11.6,9.959471,0.0,24.7,23.60555555,44.3,45.35,45.8,45.85,42.55,2.710444463333332,-0.1499999999999985,-0.400666666666666,26.8,26.519333333333336,23.80555554666667,26.77,9.326378,9.54999,9.804161,9.901447,9.051785,0,4.0,0,0.0,0.27,6.5,93.5
2023-04-16 18:15:00,127.366016305554,0.0,0.0,23.60555555,26.519333333333336,42.55,0,5.1764362714980825,70.66250196097344,18,6,4,-1.0,-1.8369701987210294e-16,-0.7818314824680299,0.6234898018587334,0.8660254037844387,-0.4999999999999998,279.5,336.6875,480.7291666666667,9.6,23.85,58.25,45.75,11.7,10.052542,0.0,24.175,23.5592593,43.63333333333333,44.3,45.35,45.8,41.56666666666667,2.913777783333334,-0.0833333200000012,0.120000000000001,26.39933333333333,26.548,23.71111109666667,26.57288888888889,9.051785,9.326378,9.54999,9.804161,8.819313,0,4.0,0,0.0,0.24,6.2,93.8
2023-04-16 18:30:00,93.26432477778,0.0,0.0,23.5592593,26.548,41.56666666666667,0,5.1764362714980825,70.66250196097344,18,6,4,-1.0,-1.8369701987210294e-16,-0.7818314824680299,0.6234898018587334,0.8660254037844387,-0.4999999999999998,239.0,298.5625,446.3541666666667,9.8,22.5,71.5,47.5,11.8,10.130412,0.0,23.65,23.51111112,42.55,43.63333333333333,44.3,45.35,41.5,2.988740699999997,-0.046296250000001,0.0286666666666626,26.519333333333336,26.420666666666666,23.61790124,26.48888888888889,8.819313,9.051785,9.326378,9.54999,8.78105,0,4.0,0,0.0,0.22,6.0,94.0
2023-04-16 18:45:00,111.416654305554,0.0,0.0,23.51111112,26.420666666666666,41.5,0,5.1764362714980825,70.66250196097344,18,6,4,-1.0,-1.8369701987210294e-16,-0.7818314824680299,0.6234898018587334,0.8660254037844387,-0.4999999999999998,198.5,259.25,409.9166666666667,10.0,21.15,84.75,49.25,11.9,10.19379,0.0,23.125,23.427777756666668,41.56666666666667,42.55,43.63333333333333,44.3,41.5,2.909555546666663,-0.0481481799999983,-0.1273333333333326,26.548,26.186,23.55864199,26.496,8.78105,8.819313,9.051785,9.326378,8.739442,0,4.0,0,0.0,0.21,5.9,94.1
2023-04-16 19:00:00,116.862269872218,0.0,0.0,23.427777756666668,26.186,41.5,0,5.1764362714980825,70.66250196097344,19,6,4,-0.9659258262890684,0.2588190451025203,-0.7818314824680299,0.6234898018587334,0.8660254037844387,-0.4999999999999998,158.0,218.75,371.4166666666667,10.2,19.8,98.0,51.0,12.0,10.243367,0.0,22.6,23.34444443,41.5,41.56666666666667,42.55,43.63333333333333,41.85,2.758222243333332,-0.0833333633333346,-0.2346666666666657,26.420666666666666,25.89933333333333,23.49938272555556,26.38488888888889,8.739442,8.78105,8.819313,9.051785,8.771359,0,4.0,0,0.0,0.19,5.7,94.3
2023-04-16 19:15:00,106.498795577772,0.0,0.0,23.34444443,25.89933333333333,41.85,0,5.1764362714980825,70.66250196097344,19,6,4,-0.9659258262890684,0.2588190451025203,-0.7818314824680299,0.6234898018587334,0.8660254037844387,-0.4999999999999998,124.0,179.875,333.3541666666667,11.425,20.525,75.75,51.75,11.85,10.1870575,0.0,22.25,23.24074076333333,41.5,41.5,41.56666666666667,42.55,42.36666666666667,2.5548889033333357,-0.0833333266666684,-0.2866666666666653,26.186,25.514666666666663,23.42777776888889,26.168666666666667,8.771359,8.739442,8.78105,8.819313,8.827244,0,4.0,0,0.0,0.17,5.6,94.4
2023-04-16 19:30:00,180.101684711104,0.0,0.0,23.24074076333333,25.514666666666663,42.36666666666667,0,5.1764362714980825,70.66250196097344,19,6,4,-0.9659258262890684,0.2588190451025203,-0.7818314824680299,0.6234898018587334,0.8660254037844387,-0.4999999999999998,90.0,142.625,295.7291666666667,12.65,21.25,53.5,52.5,11.7,10.128374,0.0,21.9,23.11666667,41.85,41.5,41.5,41.56666666666667,43.4,2.2739259033333283,-0.1037036666666644,-0.3846666666666714,25.89933333333333,25.16133333333333,23.33765431666667,25.866666666666664,8.827244,8.771359,8.739442,8.78105,8.978678,0,4.0,0,0.0,0.15,5.5,94.5
2023-04-16 19:45:00,150.688138866668,0.0,0.0,23.11666667,25.16133333333333,43.4,0,5.1764362714980825,70.66250196097344,19,6,4,-0.9659258262890684,0.2588190451025203,-0.7818314824680299,0.6234898018587334,0.8660254037844387,-0.4999999999999998,55.99999999999999,107.0,258.5416666666667,13.875,21.975,31.25,53.25,11.55,10.067419,0.0,21.55,22.96666667,42.36666666666667,41.85,41.5,41.5,44.15,2.044666663333338,-0.1240740933333377,-0.3533333333333281,25.514666666666663,24.872666666666664,23.23395062111111,25.525111111111112,8.978678,8.827244,8.771359,8.739442,9.055825,0,4.0,0,0.0,0.12,5.3,94.7
2023-04-16 20:00:00,89.770298094438,0.0,0.0,22.96666667,24.872666666666664,44.15,0,5.1764362714980825,70.66250196097344,20,6,4,-0.8660254037844386,0.5000000000000001,-0.7818314824680299,0.6234898018587334,0.8660254037844387,-0.4999999999999998,22.0,73.0,221.79166666666663,15.1,22.7,9.0,54.0,11.4,10.0042925,0.0,21.2,22.805555570000003,43.4,42.36666666666667,41.85,41.5,44.85,1.9059999966666648,-0.1499999999999985,-0.2886666666666713,25.16133333333333,24.41933333333333,23.10802470111112,25.18288888888889,9.055825,8.978678,8.827244,8.771359,9.114936,0,4.0,0,0.0,0.09,5.2,94.8
2023-04-16 20:15:00,164.24565227777202,0.0,0.0,22.805555570000003,24.41933333333333,44.85,0,5.1764362714980825,70.66250196097344,20,6,4,-0.8660254037844386,0.5000000000000001,-0.7818314824680299,0.6234898018587334,0.8660254037844387,-0.4999999999999998,16.5,46.125,187.5625,15.3,24.775,9.0,54.25,11.25,9.905762,0.0,20.95,22.68518517,44.15,43.4,42.36666666666667,41.85,45.18333333333333,1.6137777633333314,-0.1611110999999958,-0.4533333333333296,24.872666666666664,23.962,22.962962970000003,24.817777777777778,9.114936,9.055825,8.978678,8.827244,9.119542,0,4.0,0,0.0,0.06,5.1,94.9
2023-04-16 20:30:00,294.790708016662,0.0,0.0,22.68518517,23.962,45.18333333333333,0,5.1764362714980825,70.66250196097344,20,6,4,-0.8660254037844386,0.5000000000000001,-0.7818314824680299,0.6234898018587334,0.8660254037844387,-0.4999999999999998,11.0,26.375,155.85416666666666,15.5,26.85,9.0,54.5,11.1,9.80771,0.0,20.7,22.57222225,44.85,44.15,43.4,42.36666666666667,45.85,1.2768148299999993,-0.1203704000000023,-0.4573333333333345,24.41933333333333,23.67533333333333,22.81913580333333,24.418000000000003,9.119542,9.114936,9.055825,8.978678,9.19432,0,4.0,0,0.0,0.03,5.0,95.0
2023-04-16 20:45:00,115.188170055556,0.0,0.0,22.57222225,23.67533333333333,45.85,0,5.1764362714980825,70.66250196097344,20,6,4,-0.8660254037844386,0.5000000000000001,-0.7818314824680299,0.6234898018587334,0.8660254037844387,-0.4999999999999998,5.5,13.75,126.66666666666669,15.7,28.925,9.0,54.75,10.95,9.71015,0.0,20.45,22.53518521333333,45.18333333333333,44.85,44.15,43.4,46.18333333333333,1.103111083333335,-0.112962920000001,-0.2866666666666653,23.962,23.601333333333333,22.687654330000004,24.01888888888889,9.19432,9.119542,9.114936,9.055825,9.241495,0,4.0,0,0.0,0.01,5.0,95.0
2023-04-16 21:00:00,133.014956955556,0.0,0.0,22.53518521333333,23.601333333333333,46.18333333333333,0,5.1764362714980825,70.66250196097344,21,6,4,-0.7071067811865477,0.7071067811865474,-0.7818314824680299,0.6234898018587334,0.8660254037844387,-0.4999999999999998,0.0,8.25,100.0,15.9,31.0,9.0,55.0,10.8,9.613088,0.0,20.2,22.5,45.85,45.18333333333333,44.85,44.15,46.9,1.0661481200000011,-0.0370370366666676,-0.0740000000000016,23.67533333333333,23.38,22.59753087777777,23.74622222222222,9.241495,9.19432,9.119542,9.114936,9.365961,0,4.0,0,0.0,0.0,5.0,95.0
2023-04-16 21:15:00,127.896550533336,0.0,0.0,22.5,23.38,46.9,0,5.1764362714980825,70.66250196097344,21,6,4,-0.7071067811865477,0.7071067811865474,-0.7818314824680299,0.6234898018587334,0.8660254037844387,-0.4999999999999998,0.0,4.125,76.70833333333333,17.025,33.775,9.25,56.25,11.1,9.788538,0.0,20.125,22.479629613333334,46.18333333333333,45.85,45.18333333333333,44.85,47.65,0.879999999999999,-0.0351852133333316,-0.2213333333333338,23.601333333333333,23.108,22.535802487777776,23.552222222222223,9.365961,9.241495,9.19432,9.119542,9.504612,0,4.0,0,0.0,-0.0,5.0,95.0
2023-04-16 21:30:00,123.248680972222,0.0,0.0,22.479629613333334,23.108,47.65,0,5.1764362714980825,70.66250196097344,21,6,4,-0.7071067811865477,0.7071067811865474,-0.7818314824680299,0.6234898018587334,0.8660254037844387,-0.4999999999999998,0.0,1.375,56.79166666666666,18.15,36.55,9.5,57.5,11.4,9.962242,0.0,20.05,22.4444444,46.9,46.18333333333333,45.85,45.18333333333333,48.05,0.628370386666667,-0.0203703866666664,-0.2719999999999984,23.38,22.736666666666668,22.50493827555556,23.363111111111117,9.504612,9.365961,9.241495,9.19432,9.565045,0,4.0,0,0.0,-0.0,5.0,95.0
2023-04-16 21:45:00,130.685327994442,0.0,0.0,22.4444444,22.736666666666668,48.05,0,5.1764362714980825,70.66250196097344,21,6,4,-0.7071067811865477,0.7071067811865474,-0.7818314824680299,0.6234898018587334,0.8660254037844387,-0.4999999999999998,0.0,0.0,40.25,19.275,39.325,9.75,58.75,11.7,10.13421,0.0,19.975,22.42407405,47.65,46.9,46.18333333333333,45.85,48.65,0.2922222666666698,-0.0351852133333352,-0.3713333333333324,23.108,22.421333333333333,22.47469133777778,23.07488888888889,9.565045,9.504612,9.365961,9.241495,9.673157,0,4.0,0,0.0,-0.01,5.0,95.0
2023-04-16 22:00:00,131.662788894442,0.0,0.0,22.42407405,22.421333333333333,48.65,0,5.1764362714980825,70.66250196097344,22,6,4,-0.5000000000000004,0.8660254037844384,-0.7818314824680299,0.6234898018587334,0.8660254037844387,-0.4999999999999998,0.0,0.0,27.08333333333333,20.4,42.1,10.0,60.0,12.0,10.304455,0.0,19.9,22.38333334,48.05,47.65,46.9,46.18333333333333,49.4,-0.0027407166666648,-0.0203703500000003,-0.315333333333335,22.736666666666668,22.15266666666667,22.44938268777777,22.755333333333336,9.673157,9.565045,9.504612,9.365961,9.79931,0,4.0,0,0.0,-0.01,5.0,95.0
2023-04-16 22:15:00,126.442442149998,0.0,0.0,22.38333334,22.15266666666667,49.4,0,5.1764362714980825,70.66250196097344,22,6,4,-0.5000000000000004,0.8660254037844384,-0.7818314824680299,0.6234898018587334,0.8660254037844387,-0.4999999999999998,0.0,0.0,16.75,20.075,42.1,19.0,61.5,12.125,10.42359,0.0,19.675,22.337037006666662,48.65,48.05,47.65,46.9,50.15,-0.2306666733333315,-0.0407407099999979,-0.2686666666666646,22.421333333333333,21.996,22.41728393,22.436888888888888,9.79931,9.673157,9.565045,9.504612,9.92164,0,4.0,0,0.0,-0.01,5.0,95.0
2023-04-16 22:30:00,136.007337222224,0.0,0.0,22.337037006666662,21.996,50.15,0,5.1764362714980825,70.66250196097344,22,6,4,-0.5000000000000004,0.8660254037844384,-0.7818314824680299,0.6234898018587334,0.8660254037844387,-0.4999999999999998,0.0,0.0,9.249999999999998,19.75,42.1,28.0,63.0,12.25,10.537582,0.0,19.45,22.32777775,49.4,48.65,48.05,47.65,50.85,-0.3410370066666672,-0.0462963333333341,-0.1566666666666698,22.15266666666667,21.824666666666666,22.38148146555556,22.19,9.92164,9.79931,9.673157,9.565045,10.054772,0,4.0,0,0.0,-0.02,5.0,95.0
2023-04-16 22:45:00,133.13023024444,0.0,0.0,22.32777775,21.824666666666666,50.85,0,5.1764362714980825,70.66250196097344,22,6,4,-0.5000000000000004,0.8660254037844384,-0.7818314824680299,0.6234898018587334,0.8660254037844387,-0.4999999999999998,0.0,0.0,4.583333333333333,19.425,42.1,37.0,64.5,12.375,10.646536,0.0,19.225,22.2814815,50.15,49.4,48.65,48.05,51.18333333333333,-0.5031110833333337,-0.0092592566666667,-0.1713333333333331,21.996,21.60533333333333,22.34938269888889,21.99111111111111,10.054772,9.92164,9.79931,9.673157,10.093774,0,4.0,0,0.0,-0.02,5.0,95.0
2023-04-16 23:00:00,136.422042883334,0.0,0.0,22.2814815,21.60533333333333,51.18333333333333,0,5.1764362714980825,70.66250196097344,23,6,4,-0.2588190451025215,0.965925826289068,-0.7818314824680299,0.6234898018587334,0.8660254037844387,-0.4999999999999998,0.0,0.0,2.75,19.1,42.1,46.0,66.0,12.5,10.750547,0.0,19.0,22.27222224,50.85,50.15,49.4,48.65,51.55,-0.6761481666666675,-0.046296250000001,-0.2193333333333349,21.824666666666666,21.40333333333333,22.31543208555556,21.808666666666664,10.093774,10.054772,9.92164,9.79931,10.160671,0,4.0,0,0.0,-0.02,5.0,95.0
2023-04-16 23:15:00,100.335153166664,0.0,0.0,22.27222224,21.40333333333333,51.55,0,5.1764362714980825,70.66250196097344,23,6,4,-0.2588190451025215,0.965925826289068,-0.7818314824680299,0.6234898018587334,0.8660254037844387,-0.4999999999999998,0.0,0.0,1.375,19.5,42.1,57.0,66.75,12.5,10.760914,0.0,18.825,22.225925906666667,51.18333333333333,50.85,50.15,49.4,51.96666666666667,-0.868888906666669,-0.0092592599999967,-0.2019999999999981,21.60533333333333,21.15333333333333,22.293827163333333,21.61111111111111,10.160671,10.093774,10.054772,9.92164,10.215547,0,4.0,0,0.0,-0.02,5.0,95.0
2023-04-16 23:30:00,61.278382283326,0.0,0.0,22.225925906666667,21.15333333333333,51.96666666666667,0,5.1764362714980825,70.66250196097344,23,6,4,-0.2588190451025215,0.965925826289068,-0.7818314824680299,0.6234898018587334,0.8660254037844387,-0.4999999999999998,0.0,0.0,0.4583333333333333,19.9,42.1,68.0,67.5,12.5,10.769785,0.0,18.65,22.21666665,51.55,51.18333333333333,50.85,50.15,52.0,-1.0725925733333348,-0.0462963333333341,-0.25,21.40333333333333,21.00733333333333,22.259876548888894,21.38733333333333,10.215547,10.160671,10.093774,10.054772,10.216651,0,4.0,0,0.0,-0.03,5.0,95.0
2023-04-16 23:45:00,66.23401728333,0.0,0.0,22.21666665,21.00733333333333,52.0,0,5.1764362714980825,70.66250196097344,23,6,4,-0.2588190451025215,0.965925826289068,-0.7818314824680299,0.6234898018587334,0.8660254037844387,-0.4999999999999998,0.0,0.0,0.0,20.3,42.1,79.0,68.25,12.5,10.777171,0.0,18.475,22.170370400000003,51.96666666666667,51.55,51.18333333333333,50.85,52.18333333333333,-1.209333316666665,-0.0092592566666667,-0.1459999999999972,21.15333333333333,20.857333333333333,22.23827159888889,21.188,10.216651,10.215547,10.160671,10.093774,10.225387,0,4.0,0,0.0,-0.04,5.0,95.0
2023-04-17 00:00:00,45.297354600004,0.0,0.0,22.170370400000003,20.857333333333333,52.18333333333333,0,5.1764362714980825,70.66250196097344,0,0,4,0.0,1.0,0.0,1.0,0.8660254037844387,-0.4999999999999998,0.0,0.0,0.0,20.7,42.1,90.0,69.0,12.5,10.783111,0.0,18.3,22.12777778,52.0,51.96666666666667,51.55,51.18333333333333,52.5,-1.31303706666667,-0.0462962499999974,-0.1500000000000021,21.00733333333333,20.71933333333333,22.20432098555556,21.006,10.225387,10.216651,10.215547,10.160671,10.262236,0,4.0,0,0.0,-0.05,5.0,95.0
2023-04-17 00:15:00,50.88768666111,0.0,0.0,22.12777778,20.71933333333333,52.5,0,5.1764362714980825,70.66250196097344,0,0,4,0.0,1.0,0.0,1.0,0.8660254037844387,-0.4999999999999998,0.0,0.0,0.0,20.575,42.825,79.25,69.25,12.525,10.806133,0.0,18.275,22.1111111,52.18333333333333,52.0,51.96666666666667,51.55,52.5,-1.408444446666664,-0.0425926200000041,-0.1379999999999981,20.857333333333333,20.526,22.17160494333333,20.86133333333333,10.262236,10.225387,10.216651,10.215547,10.25239,0,4.0,0,0.0,-0.05,5.1,94.9
2023-04-17 00:30:00,335.826566466664,0.0,0.0,22.1111111,20.526,52.5,0,5.1764362714980825,70.66250196097344,0,0,4,0.0,1.0,0.0,1.0,0.8660254037844387,-0.4999999999999998,0.0,0.0,0.0,20.45,43.55,68.5,69.5,12.55,10.82906,0.0,18.25,22.1111111,52.5,52.18333333333333,52.0,51.96666666666667,52.85,-1.5851110999999989,-0.0166666800000001,-0.1933333333333351,20.71933333333333,20.398000000000003,22.13641976,20.700888888888887,10.25239,10.262236,10.225387,10.216651,10.320739,0,4.0,0,0.0,-0.06,5.1,94.9
2023-04-17 00:45:00,38.421240972218,0.0,0.0,22.1111111,20.398000000000003,52.85,0,5.1764362714980825,70.66250196097344,0,0,4,0.0,1.0,0.0,1.0,0.8660254037844387,-0.4999999999999998,0.0,0.0,0.0,20.325,44.275,57.75,69.75,12.575,10.851895,0.0,18.225,22.1111111,52.5,52.5,52.18333333333333,52.0,53.18333333333333,-1.7131110999999954,0.0,-0.1279999999999965,20.526,20.255333333333333,22.116666660000003,20.54777777777778,10.320739,10.25239,10.262236,10.225387,10.385835,0,4.0,0,0.0,-0.06,5.1,94.9
2023-04-17 01:00:00,47.313662977776,0.0,0.0,22.1111111,20.255333333333333,53.18333333333333,0,5.1764362714980825,70.66250196097344,1,0,4,0.2588190451025207,0.9659258262890684,0.0,1.0,0.8660254037844387,-0.4999999999999998,0.0,0.0,0.0,20.2,45.0,47.0,70.0,12.6,10.874633,0.0,18.2,22.07222225,52.85,52.5,52.5,52.18333333333333,53.55,-1.855777766666666,0.0,-0.1426666666666705,20.398000000000003,20.134666666666664,22.1111111,20.39311111111111,10.385835,10.320739,10.25239,10.262236,10.434034,0,4.0,0,0.0,-0.05,5.1,94.9
2023-04-17 01:15:00,57.576863599996,0.0,0.0,22.07222225,20.134666666666664,53.55,0,5.1764362714980825,70.66250196097344,1,0,4,0.2588190451025207,0.9659258262890684,0.0,1.0,0.8660254037844387,-0.4999999999999998,0.0,0.0,0.0,19.75,44.275,60.25,74.75,12.85,11.138385,0.525,17.5,22.03518521333333,53.18333333333333,52.85,52.5,52.5,53.96666666666667,-1.937555583333335,-0.0388888499999993,-0.1206666666666684,20.255333333333333,19.953333333333333,22.09814815,20.262666666666668,10.434034,10.385835,10.320739,10.25239,10.492804,0,4.0,0,0.0,-0.06,5.1,94.9
2023-04-17 01:30:00,38.685397072218,0.0,0.0,22.03518521333333,19.953333333333333,53.96666666666667,0,5.1764362714980825,70.66250196097344,1,0,4,0.2588190451025207,0.9659258262890684,0.0,1.0,0.8660254037844387,-0.4999999999999998,0.0,0.0,0.0,19.3,43.55,73.5,79.5,13.1,11.35984,1.05,16.8,22.0,53.55,53.18333333333333,52.85,52.5,53.95,-2.0818518799999985,-0.0370370366666676,-0.1813333333333311,20.134666666666664,16.814,22.07283952111111,20.114444444444445,10.492804,10.434034,10.385835,10.320739,10.468308,0,4.0,0,0.0,-0.07,5.1,94.9
2023-04-17 01:45:00,45.237634955552,0.0,0.0,22.0,16.814,53.95,0,5.1764362714980825,70.66250196097344,1,0,4,0.2588190451025207,0.9659258262890684,0.0,1.0,0.8660254037844387,-0.4999999999999998,0.0,0.0,0.0,18.85,42.825,86.75,84.25,13.35,11.541643,1.575,16.1,21.979629613333334,53.96666666666667,53.55,53.18333333333333,52.85,53.35,-5.186,-0.0351852133333316,-3.139333333333333,19.953333333333333,14.670666666666667,22.035802487777776,18.96733333333333,10.468308,10.492804,10.434034,10.385835,10.339737,0,4.0,0,0.0,-0.08,5.1,94.9
2023-04-17 02:00:00,58.979029627778,0.0,0.0,21.979629613333334,14.670666666666667,53.35,0,5.1764362714980825,70.66250196097344,2,0,4,0.4999999999999999,0.8660254037844387,0.0,1.0,0.8660254037844387,-0.4999999999999998,0.0,0.0,0.0,18.4,42.1,100.0,89.0,13.6,11.686334,2.1,15.4,21.90555555,53.95,53.96666666666667,53.55,53.18333333333333,52.6,-7.308962946666666,-0.0203703866666664,-2.1433333333333326,16.814,13.54,22.00493827555556,17.146,10.339737,10.468308,10.492804,10.434034,10.150919,0,4.0,0,0.0,-0.08,5.1,94.9
2023-04-17 02:15:00,39.466476844444,0.0,0.0,21.90555555,13.54,52.6,0,5.1764362714980825,70.66250196097344,2,0,4,0.4999999999999999,0.8660254037844387,0.0,1.0,0.8660254037844387,-0.4999999999999998,0.0,0.0,0.0,16.95,42.025,100.0,91.75,12.725,11.128371,2.7,14.1,21.86851851333333,53.35,53.95,53.96666666666667,53.55,51.85,-8.36555555,-0.0740740633333345,-1.1306666666666685,14.670666666666667,12.956,21.96172838777778,15.008222222222225,10.150919,10.339737,10.468308,10.492804,9.9848175,0,4.0,0,0.0,-0.11,5.2,94.8
2023-04-17 02:30:00,45.470403411108,0.0,0.0,21.86851851333333,12.956,51.85,0,5.1764362714980825,70.66250196097344,2,0,4,0.4999999999999999,0.8660254037844387,0.0,1.0,0.8660254037844387,-0.4999999999999998,0.0,0.0,0.0,15.5,41.95,100.0,94.5,11.85,10.578743,3.3,12.8,21.78888889,52.6,53.35,53.95,53.96666666666667,51.45,-8.912518513333335,-0.0370370366666641,-0.5839999999999996,13.54,12.312,21.91790122555556,13.72222222222222,9.9848175,10.150919,10.339737,10.468308,9.862353,0,4.0,0,0.0,-0.12,5.3,94.7
2023-04-17 02:45:00,58.784315299996,0.0,0.0,21.78888889,12.312,51.45,0,5.1764362714980825,70.66250196097344,2,0,4,0.4999999999999999,0.8660254037844387,0.0,1.0,0.8660254037844387,-0.4999999999999998,0.0,0.0,0.0,14.05,41.875,100.0,97.25,10.975,10.039273,3.9,11.5,21.725925906666667,51.85,52.6,53.35,53.95,50.85,-9.476888889999998,-0.0796296233333357,-0.6439999999999984,12.956,11.646666666666668,21.854320984444445,12.936,9.862353,9.9848175,10.150919,10.339737,9.711954,0,4.0,0,0.0,-0.14,5.4,94.6
2023-04-17 03:00:00,38.814002894446,0.0,0.0,21.725925906666667,11.646666666666668,50.85,0,5.1764362714980825,70.66250196097344,3,0,4,0.7071067811865476,0.7071067811865476,0.0,1.0,0.8660254037844387,-0.4999999999999998,0.0,0.0,0.0,12.6,41.8,100.0,100.0,10.1,9.511549,4.5,10.2,21.67777779,51.45,51.85,52.6,53.35,50.15,-10.07925924,-0.0629629833333318,-0.6653333333333347,12.312,10.984666666666667,21.79444443666667,12.304888888888888,9.711954,9.862353,9.9848175,10.150919,9.55165,0,4.0,0,0.0,-0.16,5.5,94.5
2023-04-17 03:15:00,43.011057322220005,0.0,0.0,21.67777779,10.984666666666667,50.15,0,5.1764362714980825,70.66250196097344,3,0,4,0.7071067811865476,0.7071067811865476,0.0,1.0,0.8660254037844387,-0.4999999999999998,0.0,0.0,0.0,11.625,38.0,100.0,99.75,9.925,9.383143,3.75,10.025,21.61481480666667,50.85,51.45,51.85,52.6,50.0,-10.693111123333331,-0.0481481166666668,-0.661999999999999,11.646666666666668,10.639333333333331,21.73086419555556,11.647777777777778,9.55165,9.711954,9.862353,9.9848175,9.4884815,0,4.0,0,0.0,-0.18,5.7,94.3
2023-04-17 03:30:00,60.837288644444,0.0,0.0,21.61481480666667,10.639333333333331,50.0,0,5.1764362714980825,70.66250196097344,3,0,4,0.7071067811865476,0.7071067811865476,0.0,1.0,0.8660254037844387,-0.4999999999999998,0.0,0.0,0.0,10.65,34.2,100.0,99.5,9.75,9.256268,3.0,9.85,21.57222225,50.15,50.85,51.45,51.85,49.65,-10.975481473333335,-0.0629629833333318,-0.3453333333333344,10.984666666666667,10.337333333333332,21.672839501111117,11.090222222222222,9.4884815,9.55165,9.711954,9.862353,9.398878,0,4.0,0,0.0,-0.19,5.8,94.2
2023-04-17 03:45:00,38.038756238886,0.0,0.0,21.57222225,10.337333333333332,49.65,0,5.1764362714980825,70.66250196097344,3,0,4,0.7071067811865476,0.7071067811865476,0.0,1.0,0.8660254037844387,-0.4999999999999998,0.0,0.0,0.0,9.675,30.4,100.0,99.25,9.575,9.130904,2.25,9.675,21.53518521333333,50.0,50.15,50.85,51.45,49.31666666666667,-11.234888916666666,-0.0425925566666691,-0.3019999999999996,10.639333333333331,10.255333333333336,21.621604948888887,10.653777777777778,9.398878,9.4884815,9.55165,9.711954,9.315795,0,4.0,0,0.0,-0.21,5.9,94.1
2023-04-17 04:00:00,45.175415177776,0.0,0.0,21.53518521333333,10.255333333333336,49.31666666666667,0,5.1764362714980825,70.66250196097344,4,0,4,0.8660254037844386,0.5000000000000001,0.0,1.0,0.8660254037844387,-0.4999999999999998,0.0,0.0,0.0,8.7,26.6,100.0,99.0,9.4,9.007038,1.5,9.5,21.46111108,49.65,50.0,50.15,50.85,49.0,-11.279851879999995,-0.0370370366666676,-0.0819999999999989,10.337333333333332,10.100666666666664,21.57407409,10.410666666666666,9.315795,9.398878,9.4884815,9.55165,9.216382,0,4.0,0,0.0,-0.22,6.0,94.0
2023-04-17 04:15:00,60.42036100555,0.0,0.0,21.46111108,10.100666666666664,49.0,0,5.1764362714980825,70.66250196097344,4,0,4,0.8660254037844386,0.5000000000000001,0.0,1.0,0.8660254037844387,-0.4999999999999998,0.0,0.0,0.0,9.45,25.8,100.0,97.25,9.05,8.805653,1.2,9.425,21.42407405,49.31666666666667,49.65,50.0,50.15,48.81666666666667,-11.360444413333337,-0.0740741333333296,-0.1546666666666691,10.255333333333336,9.811333333333332,21.52283951444445,10.23111111111111,9.216382,9.315795,9.398878,9.4884815,9.16223,0,4.0,0,0.0,-0.24,6.2,93.8
2023-04-17 04:30:00,39.434811411112,0.0,0.0,21.42407405,9.811333333333332,48.81666666666667,0,5.1764362714980825,70.66250196097344,4,0,4,0.8660254037844386,0.5000000000000001,0.0,1.0,0.8660254037844387,-0.4999999999999998,0.0,0.0,0.0,10.2,25.0,100.0,95.5,8.7,8.605957,0.9,9.35,21.34444443,49.0,49.31666666666667,49.65,50.0,48.1,-11.612740716666666,-0.037037030000004,-0.2893333333333334,10.100666666666664,9.062666666666669,21.47345678111111,10.055777777777775,9.16223,9.216382,9.315795,9.398878,8.986173,0,4.0,0,0.0,-0.25,6.3,93.7
2023-04-17 04:45:00,43.106053505554,0.0,0.0,21.34444443,9.062666666666669,48.1,0,5.1764362714980825,70.66250196097344,4,0,4,0.8660254037844386,0.5000000000000001,0.0,1.0,0.8660254037844387,-0.4999999999999998,0.0,0.0,0.0,10.95,24.2,100.0,93.75,8.35,8.407941,0.6,9.275,21.2814815,48.81666666666667,49.0,49.31666666666667,49.65,47.53333333333333,-12.281777763333332,-0.0796296199999986,-0.748666666666665,9.811333333333332,8.616666666666667,21.40987652,9.65822222222222,8.986173,9.16223,9.216382,9.315795,8.847958,0,4.0,0,0.0,-0.27,6.5,93.5
2023-04-17 05:00:00,57.65547160555,0.0,0.0,21.2814815,8.616666666666667,47.53333333333333,0,5.1764362714980825,70.66250196097344,5,0,4,0.9659258262890684,0.2588190451025207,0.0,1.0,0.8660254037844387,-0.4999999999999998,0.0,0.0,0.0,11.7,23.4,100.0,92.0,8.0,8.211595,0.3,9.2,21.23333333,48.1,48.81666666666667,49.0,49.31666666666667,47.45,-12.664814833333333,-0.0629629300000012,-0.4459999999999997,9.062666666666669,8.419333333333332,21.34999999333333,9.163555555555556,8.847958,8.986173,9.16223,9.216382,8.807821,0,4.0,0,0.0,-0.29,6.7,93.3
2023-04-17 05:15:00,41.242516933332,0.0,0.0,21.23333333,8.419333333333332,47.45,0,5.1764362714980825,70.66250196097344,5,0,4,0.9659258262890684,0.2588190451025207,0.0,1.0,0.8660254037844387,-0.4999999999999998,0.0,0.0,0.0,11.25,23.4,100.0,92.0,7.8,8.120305,0.3,9.025,21.150000013333333,47.53333333333333,48.1,48.81666666666667,49.0,46.85,-12.813999996666668,-0.0481481699999974,-0.1973333333333347,8.616666666666667,8.291333333333334,21.28641975333333,8.699555555555555,8.807821,8.847958,8.986173,9.16223,8.654507,0,4.0,0,0.0,-0.3,6.9,93.1
2023-04-17 05:30:00,42.12998131667,0.0,0.0,21.150000013333333,8.291333333333334,46.85,0,5.1764362714980825,70.66250196097344,5,0,4,0.9659258262890684,0.2588190451025207,0.0,1.0,0.8660254037844387,-0.4999999999999998,0.0,0.0,0.0,10.8,23.4,100.0,92.0,7.6,8.029901,0.3,8.85,21.10555555,47.45,47.53333333333333,48.1,48.81666666666667,46.5,-12.85866668,-0.0833333166666676,-0.1279999999999983,8.419333333333332,8.004,21.221604947777777,8.442444444444446,8.654507,8.807821,8.847958,8.986173,8.567721,0,4.0,0,0.0,-0.32,7.2,92.8
2023-04-17 05:45:00,55.843321777776,0.0,0.0,21.10555555,8.004,46.5,0,5.1764362714980825,70.66250196097344,5,0,4,0.9659258262890684,0.2588190451025207,0.0,1.0,0.8660254037844387,-0.4999999999999998,0.0,0.0,0.0,10.35,23.4,100.0,92.0,7.4,7.940377,0.3,8.675,21.03888891333333,46.85,47.45,47.53333333333333,48.1,46.31666666666667,-13.101555550000002,-0.0444444633333311,-0.2873333333333345,8.291333333333334,7.902666666666667,21.162962964444446,8.238222222222221,8.567721,8.654507,8.807821,8.847958,8.50097,0,4.0,0,0.0,-0.34,7.4,92.6
2023-04-17 06:00:00,43.554646694442,0.0,0.0,21.03888891333333,7.902666666666667,46.31666666666667,0,5.1764362714980825,70.66250196097344,6,0,4,1.0,6.123233995736766e-17,0.0,1.0,0.8660254037844387,-0.4999999999999998,0.0,0.0,0.0,9.9,23.4,100.0,92.0,7.2,7.8517237,0.3,8.5,20.95555553,46.5,46.85,47.45,47.53333333333333,46.0,-13.136222246666668,-0.0666666366666675,-0.1013333333333328,8.004,7.683333333333334,21.09814815888889,8.066,8.50097,8.567721,8.654507,8.807821,8.402066,0,4.0,0,0.0,-0.35,7.6,92.4
2023-04-17 06:15:00,280.145182694442,0.0,0.0,20.95555553,7.683333333333334,46.0,0,5.1764362714980825,70.66250196097344,6,0,4,1.0,6.123233995736766e-17,0.0,1.0,0.8660254037844387,-0.4999999999999998,0.5,0.125,0.0416666666666666,9.35,22.6,100.0,93.75,7.35,7.924346,0.475,8.35,20.87222221333333,46.31666666666667,46.5,46.85,47.45,46.0,-13.272222196666668,-0.0833333833333327,-0.2193333333333331,7.902666666666667,7.626,21.033333331111116,7.863333333333333,8.402066,8.50097,8.567721,8.654507,8.361458,0,4.0,0,0.0,-0.38,7.9,92.1
2023-04-17 06:30:00,65.394884166664,0.0,0.0,20.87222221333333,7.626,46.0,0,5.1764362714980825,70.66250196097344,6,0,4,1.0,6.123233995736766e-17,0.0,1.0,0.8660254037844387,-0.4999999999999998,1.0,0.375,0.125,8.8,21.8,100.0,95.5,7.5,7.994757,0.6499999999999999,8.2,20.82777775,46.0,46.31666666666667,46.5,46.85,45.65,-13.24622221333333,-0.0833333166666712,-0.0573333333333332,7.683333333333334,7.608666666666666,20.955555552222226,7.737333333333333,8.361458,8.402066,8.50097,8.567721,8.276412,0,4.0,0,0.0,-0.4,8.3,91.7
2023-04-17 06:45:00,46.640356494446,0.0,0.0,20.82777775,7.608666666666666,45.65,0,5.1764362714980825,70.66250196097344,6,0,4,1.0,6.123233995736766e-17,0.0,1.0,0.8660254037844387,-0.4999999999999998,1.5,0.75,0.25,8.25,21.0,100.0,97.25,7.65,8.062992,0.825,8.05,20.76111111333333,46.0,46.0,46.31666666666667,46.5,45.5,-13.219111083333331,-0.0444444633333311,-0.017333333333334,7.626,7.565333333333333,20.885185164444447,7.639333333333333,8.276412,8.361458,8.402066,8.50097,8.217275,0,4.0,0,0.0,-0.41,8.5,91.5
2023-04-17 07:00:00,38.014312583338,0.0,0.0,20.76111111333333,7.565333333333333,45.5,0,5.1764362714980825,70.66250196097344,7,0,4,0.9659258262890684,-0.2588190451025206,0.0,1.0,0.8660254037844387,-0.4999999999999998,2.0,1.25,0.4166666666666667,7.7,20.2,100.0,99.0,7.8,8.12908,1.0,7.9,20.67777779,45.65,46.0,46.0,46.31666666666667,45.5,-13.195777780000002,-0.0666666366666639,-0.043333333333333,7.608666666666666,7.625333333333333,20.82037035888889,7.6,8.217275,8.276412,8.361458,8.402066,8.1775,0,4.0,0,0.0,-0.42,8.8,91.2
2023-04-17 07:15:00,52.554286644444,0.0,0.0,20.67777779,7.625333333333333,45.5,0,5.1764362714980825,70.66250196097344,7,0,4,0.9659258262890684,-0.2588190451025206,0.0,1.0,0.8660254037844387,-0.4999999999999998,6.5,2.75,0.9583333333333334,6.725,19.1,100.0,97.5,7.35,7.9031825,0.925,7.7,20.61481480666667,45.5,45.65,46.0,46.0,45.31666666666667,-13.052444456666668,-0.0833333233333348,0.0599999999999996,7.565333333333333,7.838666666666667,20.755555551111115,7.599777777777777,8.1775,8.217275,8.276412,8.361458,8.114726,0,4.0,0,0.0,-0.44,9.1,90.9
2023-04-17 07:30:00,50.002721944448,0.0,0.0,20.61481480666667,7.838666666666667,45.31666666666667,0,5.1764362714980825,70.66250196097344,7,0,4,0.9659258262890684,-0.2588190451025206,0.0,1.0,0.8660254037844387,-0.4999999999999998,11.0,5.25,1.875,5.75,18.0,100.0,96.0,6.9,7.681583,0.85,7.5,20.57222225,45.5,45.5,45.65,46.0,45.0,-12.776148140000002,-0.0629629833333318,0.2133333333333338,7.625333333333333,7.872666666666666,20.68456790333333,7.676444444444445,8.114726,8.1775,8.217275,8.276412,8.038041,0,4.0,0,0.0,-0.46,9.4,90.6
2023-04-17 07:45:00,37.880984666668,0.0,0.0,20.57222225,7.872666666666666,45.0,0,5.1764362714980825,70.66250196097344,7,0,4,0.9659258262890684,-0.2588190451025206,0.0,1.0,0.8660254037844387,-0.4999999999999998,15.5,8.75,3.1666666666666665,4.775,16.9,100.0,94.5,6.45,7.464216,0.7749999999999999,7.3,20.51481482666667,45.31666666666667,45.5,45.5,45.65,45.0,-12.699555583333332,-0.0425925566666691,0.0339999999999998,7.838666666666667,7.893333333333333,20.62160494888889,7.778888888888889,8.038041,8.114726,8.1775,8.217275,8.011181,0,4.0,0,0.0,-0.47,9.7,90.3
2023-04-17 08:00:00,52.735668172226,0.0,0.0,20.51481482666667,7.893333333333333,45.0,0,5.1764362714980825,70.66250196097344,8,0,4,0.8660254037844387,-0.4999999999999998,0.0,1.0,0.8660254037844387,-0.4999999999999998,20.0,13.25,4.833333333333333,3.8,15.8,100.0,93.0,6.0,7.251017,0.7,7.1,20.40555555,45.0,45.31666666666667,45.5,45.5,45.0,-12.621481493333334,-0.0574074233333306,0.020666666666667,7.872666666666666,8.118666666666666,20.567283961111112,7.868222222222222,8.011181,8.038041,8.114726,8.1775,7.9602714,0,4.0,0,0.0,-0.49,9.9,90.1
2023-04-17 08:15:00,49.562739561114,0.0,0.0,20.40555555,8.118666666666666,45.0,0,5.1764362714980825,70.66250196097344,8,0,4,0.8660254037844387,-0.4999999999999998,0.0,1.0,0.8660254037844387,-0.4999999999999998,34.5,20.25,7.708333333333333,4.2,15.35,100.0,91.5,5.95,7.2155504,0.575,7.274999999999999,20.36851851333333,45.0,45.0,45.31666666666667,45.5,45.0,-12.286888883333331,-0.1092592766666697,0.2253333333333325,7.893333333333333,8.087333333333333,20.49753087555556,7.961555555555556,7.9602714,8.011181,8.038041,8.114726,7.9430766,0,4.0,0,0.0,-0.51,10.5,89.5
2023-04-17 08:30:00,38.514292683334,0.0,0.0,20.36851851333333,8.087333333333333,45.0,0,5.1764362714980825,70.66250196097344,8,0,4,0.8660254037844387,-0.4999999999999998,0.0,1.0,0.8660254037844387,-0.4999999999999998,49.0,29.75,11.791666666666666,4.6,14.9,100.0,90.0,5.9,7.178209,0.4499999999999999,7.449999999999999,20.32777775,45.0,45.0,45.0,45.31666666666667,45.0,-12.28118518,-0.0370370366666641,-0.0313333333333325,8.118666666666666,7.943333333333333,20.429629630000004,8.033111111111111,7.9430766,7.9602714,8.011181,8.038041,7.924201,0,4.0,0,0.0,-0.52,10.7,89.3
2023-04-17 08:45:00,49.20830933889,0.0,0.0,20.32777775,7.943333333333333,45.0,0,5.1764362714980825,70.66250196097344,8,0,4,0.8660254037844387,-0.4999999999999998,0.0,1.0,0.8660254037844387,-0.4999999999999998,63.5,41.75,17.083333333333332,5.0,14.45,100.0,88.5,5.85,7.138962,0.325,7.625,20.2814815,45.0,45.0,45.0,45.0,45.0,-12.384444416666666,-0.0407407633333356,-0.1440000000000001,8.087333333333333,7.995333333333334,20.36728393777778,8.049777777777779,7.924201,7.9430766,7.9602714,8.011181,7.902799,0,4.0,0,0.0,-0.53,10.9,89.1
2023-04-17 09:00:00,50.040776055556,0.0,0.0,20.2814815,7.995333333333334,45.0,0,5.1764362714980825,70.66250196097344,9,0,4,0.7071067811865476,-0.7071067811865475,0.0,1.0,0.8660254037844387,-0.4999999999999998,78.0,56.25,23.58333333333333,5.4,14.0,100.0,87.0,5.8,7.097775,0.2,7.8,20.23333333,45.0,45.0,45.0,45.0,45.0,-12.286148166666663,-0.046296250000001,0.0520000000000004,7.943333333333333,7.985333333333333,20.32592592111111,8.008666666666668,7.902799,7.924201,7.9430766,7.9602714,7.880594,0,4.0,0,0.0,-0.54,11.1,88.9
2023-04-17 09:15:00,40.514212633336,0.0,0.0,20.23333333,7.985333333333333,45.0,0,5.1764362714980825,70.66250196097344,9,0,4,0.7071067811865476,-0.7071067811865475,0.0,1.0,0.8660254037844387,-0.4999999999999998,86.25,69.1875,30.729166666666668,5.5,14.55,100.0,86.5,5.75,7.0683823,0.175,7.825,20.170370400000003,45.0,45.0,45.0,45.0,45.0,-12.247999996666667,-0.0481481699999974,-0.0100000000000006,7.995333333333334,8.079333333333333,20.280864193333333,7.974666666666667,7.880594,7.902799,7.924201,7.9430766,7.8516374,0,4.0,0,0.0,-0.55,11.4,88.6
2023-04-17 09:30:00,51.957921633332,0.0,0.0,20.170370400000003,8.079333333333333,45.0,0,5.1764362714980825,70.66250196097344,9,0,4,0.7071067811865476,-0.7071067811865475,0.0,1.0,0.8660254037844387,-0.4999999999999998,94.5,80.5625,38.520833333333336,5.6,15.1,100.0,86.0,5.699999999999999,7.038875,0.15,7.85,20.08333337,45.0,45.0,45.0,45.0,45.0,-12.09103706666667,-0.0629629299999976,0.0939999999999994,7.985333333333333,8.116,20.22839507666667,8.020000000000001,7.8516374,7.880594,7.902799,7.924201,7.811762,0,4.0,0,0.0,-0.57,11.7,88.3
2023-04-17 09:45:00,52.578730116666,0.0,0.0,20.08333337,8.116,45.0,0,5.1764362714980825,70.66250196097344,9,0,4,0.7071067811865476,-0.7071067811865475,0.0,1.0,0.8660254037844387,-0.4999999999999998,102.75,90.375,46.958333333333336,5.7,15.65,100.0,85.5,5.65,7.0092525,0.125,7.875,19.98333332,45.0,45.0,45.0,45.0,44.81666666666667,-11.96733337,-0.0870370300000047,0.036666666666667,8.079333333333333,8.365333333333332,20.1623457,8.060222222222222,7.811762,7.8516374,7.880594,7.902799,7.7345233,0,4.0,0,0.0,-0.59,12.2,87.8
2023-04-17 10:00:00,43.240770283334,0.0,0.0,19.98333332,8.365333333333332,44.81666666666667,0,5.1764362714980825,70.66250196097344,10,0,4,0.4999999999999999,-0.8660254037844387,0.0,1.0,0.8660254037844387,-0.4999999999999998,111.0,98.625,56.04166666666666,5.8,16.2,100.0,85.0,5.6,6.9795127,0.1,7.9,19.90555555,45.0,45.0,45.0,45.0,44.5,-11.617999986666668,-0.1000000499999984,0.2493333333333325,8.116,8.592666666666666,20.079012363333334,8.186888888888888,7.7345233,7.811762,7.8516374,7.880594,7.6449594,0,4.0,0,0.0,-0.61,12.8,87.2
2023-04-17 10:15:00,42.6266282,0.0,0.0,19.90555555,8.592666666666666,44.5,0,5.1764362714980825,70.66250196097344,10,0,4,0.4999999999999999,-0.8660254037844387,0.0,1.0,0.8660254037844387,-0.4999999999999998,109.75,104.5,64.64583333333333,4.975,16.025,100.0,83.75,5.475,6.9213657,0.2,8.0,19.86851851333333,44.81666666666667,45.0,45.0,45.0,44.5,-11.312888883333333,-0.0777777700000008,0.227333333333334,8.365333333333332,8.803333333333335,19.99074074666667,8.357999999999999,7.6449594,7.7345233,7.811762,7.8516374,7.628381,0,4.0,0,0.0,-0.63,13.4,86.6
2023-04-17 10:30:00,51.284337394446,0.0,0.0,19.86851851333333,8.803333333333335,44.5,0,5.1764362714980825,70.66250196097344,10,0,4,0.4999999999999999,-0.8660254037844387,0.0,1.0,0.8660254037844387,-0.4999999999999998,108.5,108.0,72.77083333333333,4.15,15.85,100.0,82.5,5.35,6.86214,0.3,8.100000000000001,19.82777775,44.5,44.81666666666667,45.0,45.0,44.5,-11.06518518,-0.0370370366666641,0.2106666666666683,8.592666666666666,9.069333333333333,19.919135794444443,8.587111111111112,7.628381,7.6449594,7.7345233,7.811762,7.610183,0,4.0,0,0.0,-0.64,13.6,86.4
2023-04-17 10:45:00,45.893442005554,0.0,0.0,19.82777775,9.069333333333333,44.5,0,5.1764362714980825,70.66250196097344,10,0,4,0.4999999999999999,-0.8660254037844387,0.0,1.0,0.8660254037844387,-0.4999999999999998,107.25,109.125,80.41666666666667,3.325,15.675,100.0,81.25,5.225,6.8018217,0.4,8.200000000000001,19.7814815,44.5,44.5,44.81666666666667,45.0,44.68333333333333,-10.758444416666666,-0.0407407633333356,0.2659999999999982,8.803333333333335,9.317333333333332,19.867283937777778,8.821777777777777,7.610183,7.628381,7.6449594,7.7345233,7.6208158,0,4.0,0,0.0,-0.65,13.9,86.1
2023-04-17 11:00:00,620.461013850002,0.0,0.0,19.7814815,9.317333333333332,44.68333333333333,0,5.1764362714980825,70.66250196097344,11,0,4,0.258819045102521,-0.9659258262890682,0.0,1.0,0.8660254037844387,-0.4999999999999998,106.0,107.875,87.58333333333333,2.5,15.5,100.0,80.0,5.1,6.7404056,0.5,8.3,19.73888888,44.5,44.5,44.5,44.81666666666667,45.05,-10.464148166666666,-0.046296250000001,0.2479999999999993,9.069333333333333,9.912666666666668,19.82592592111111,9.063333333333334,7.6208158,7.610183,7.628381,7.6449594,7.6641774,0,4.0,0,0.0,-0.66,14.1,85.9
2023-04-17 11:15:00,627.78377656111,0.0,0.0,19.73888888,9.912666666666668,45.05,0,5.1764362714980825,70.66250196097344,11,0,4,0.258819045102521,-0.9659258262890682,0.0,1.0,0.8660254037844387,-0.4999999999999998,96.5,104.5625,92.75,3.225,15.125,100.0,83.5,5.574999999999999,6.9789414,0.65,8.175,19.7222222,44.68333333333333,44.5,44.5,44.5,45.46666666666667,-9.826222213333336,-0.042592619999997,0.5953333333333344,9.317333333333332,10.877999999999998,19.78271604333333,9.433111111111112,7.6641774,7.6208158,7.610183,7.628381,7.7275004,0,4.0,0,0.0,-0.67,14.4,85.6
2023-04-17 11:30:00,72.143780849998,0.0,0.0,19.7222222,10.877999999999998,45.46666666666667,0,5.1764362714980825,70.66250196097344,11,0,4,0.258819045102521,-0.9659258262890682,0.0,1.0,0.8660254037844387,-0.4999999999999998,87.0,99.1875,95.91666666666669,3.95,14.75,100.0,87.0,6.05,7.2131643,0.8,8.05,20.005555580000003,45.05,44.68333333333333,44.5,44.5,45.8,-8.844222200000003,-0.0166666800000001,0.9653333333333318,9.912666666666668,11.977333333333332,19.74753086,10.036,7.7275004,7.6641774,7.6208158,7.610183,7.914522,0,4.0,0,0.0,-0.67,14.4,85.6
2023-04-17 11:45:00,819.400278244444,0.0,0.0,20.005555580000003,11.977333333333332,45.8,0,5.1764362714980825,70.66250196097344,11,0,4,0.258819045102521,-0.9659258262890682,0.0,1.0,0.8660254037844387,-0.4999999999999998,77.5,91.75,97.08333333333331,4.675000000000001,14.375,100.0,90.5,6.525,7.4431224,0.95,7.925,20.644444476666667,45.46666666666667,45.05,44.68333333333333,44.5,45.35,-8.02822224666667,0.2833333800000019,1.099333333333334,10.877999999999998,11.832666666666666,19.822222220000004,10.922666666666666,7.914522,7.7275004,7.6641774,7.6208158,8.1347275,0,4.0,0,0.0,-0.6,12.5,87.5
2023-04-17 12:00:00,50.001333216666,0.0,0.0,20.644444476666667,11.832666666666666,45.35,0,5.1764362714980825,70.66250196097344,12,0,4,1.2246467991473532e-16,-1.0,0.0,1.0,0.8660254037844387,-0.4999999999999998,68.0,82.25,96.25,5.4,14.0,100.0,94.0,7.0,7.6688595,1.1,7.8,21.22222221,45.8,45.46666666666667,45.05,44.68333333333333,44.25,-8.81177781,0.6388888966666642,-0.1446666666666658,11.977333333333332,12.626,20.12407408555556,11.562666666666669,8.1347275,7.914522,7.7275004,7.6641774,8.208535,0,4.0,0,0.0,-0.45,9.3,90.7
2023-04-17 12:15:00,52.293185955556,0.0,0.0,21.22222221,12.626,44.25,0,5.1764362714980825,70.66250196097344,12,0,4,1.2246467991473532e-16,-1.0,0.0,1.0,0.8660254037844387,-0.4999999999999998,100.5,83.25,97.4375,5.775,14.825,99.75,91.25,6.8,7.5777283,0.8500000000000001,8.075,21.581481516666667,45.35,45.8,45.46666666666667,45.05,43.35,-8.596222209999999,0.5777777333333312,0.793333333333333,11.832666666666666,12.633333333333333,20.62407408888889,12.145333333333332,8.208535,8.1347275,7.914522,7.7275004,8.210669,0,4.0,0,0.0,-0.32,7.2,92.8
2023-04-17 12:30:00,105.881597916666,0.0,0.0,21.581481516666667,12.633333333333333,43.35,0,5.1764362714980825,70.66250196097344,12,0,4,1.2246467991473532e-16,-1.0,0.0,1.0,0.8660254037844387,-0.4999999999999998,133.0,94.75,100.64583333333331,6.15,15.65,99.5,88.5,6.6,7.480582,0.6000000000000001,8.35,21.58888893,44.25,45.35,45.8,45.46666666666667,42.65,-8.948148183333334,0.3592593066666687,0.0073333333333334,12.626,12.704,21.149382734444444,12.364,8.210669,8.208535,8.1347275,7.914522,8.081548,0,4.0,0,0.0,-0.24,6.2,93.8
2023-04-17 12:45:00,275.425649249998,0.0,0.0,21.58888893,12.704,42.65,0,5.1764362714980825,70.66250196097344,12,0,4,1.2246467991473532e-16,-1.0,0.0,1.0,0.8660254037844387,-0.4999999999999998,165.5,116.75,105.875,6.525,16.475,99.25,85.75,6.4,7.377257,0.3500000000000001,8.625,21.59629633666667,43.35,44.25,45.35,45.8,42.31666666666667,-8.884888929999999,0.0074074133333326,0.0706666666666677,12.633333333333333,12.566666666666666,21.46419755222222,12.654444444444444,8.081548,8.210669,8.208535,8.1347275,8.021821,0,4.0,0,0.0,-0.25,6.2,93.8
2023-04-17 13:00:00,51.126288266664,0.0,0.0,21.59629633666667,12.566666666666666,42.31666666666667,0,5.1764362714980825,70.66250196097344,13,0,4,-0.2588190451025208,-0.9659258262890684,0.0,1.0,0.8660254037844387,-0.4999999999999998,198.0,149.25,113.125,6.9,17.3,99.0,83.0,6.2,7.2675886,0.1,8.9,21.78888888,42.65,43.35,44.25,45.35,41.6,-9.029629670000002,0.0074074066666689,-0.1373333333333342,12.704,12.340666666666667,21.588888927777777,12.634666666666668,8.021821,8.081548,8.210669,8.208535,7.974225,0,4.0,0,0.0,-0.25,6.3,93.7
2023-04-17 13:15:00,47.740312694438,0.0,0.0,21.78888888,12.340666666666667,41.6,0,5.1764362714980825,70.66250196097344,13,0,4,-0.2588190451025208,-0.9659258262890684,0.0,1.0,0.8660254037844387,-0.4999999999999998,265.0,190.375,126.0625,7.475,18.55,99.25,77.5,5.875,7.164,0.1,9.75,21.92592593,42.31666666666667,42.65,43.35,44.25,41.03333333333333,-9.448222213333333,0.1925925433333297,-0.2259999999999991,12.566666666666666,13.458666666666666,21.658024715555555,12.53711111111111,7.974225,8.021821,8.081548,8.210669,7.9280577,0,4.0,0,0.0,-0.2,5.9,94.1
2023-04-17 13:30:00,55.114739805554,0.0,0.0,21.92592593,13.458666666666666,41.03333333333333,0,5.1764362714980825,70.66250196097344,13,0,4,-0.2588190451025208,-0.9659258262890684,0.0,1.0,0.8660254037844387,-0.4999999999999998,332.0,240.125,144.6875,8.05,19.8,99.5,72.0,5.550000000000001,7.0236964,0.1,10.6,22.027777800000003,41.6,42.31666666666667,42.65,43.35,40.6,-8.467259263333336,0.1370370500000035,1.1179999999999986,12.340666666666667,13.770666666666669,21.770370382222225,12.788666666666666,7.9280577,7.974225,8.021821,8.081548,7.8905377,0,4.0,0,0.0,-0.18,5.6,94.4
2023-04-17 13:45:00,46.772573588884,0.0,0.0,22.027777800000003,13.770666666666669,40.6,0,5.1764362714980825,70.66250196097344,13,0,4,-0.2588190451025208,-0.9659258262890684,0.0,1.0,0.8660254037844387,-0.4999999999999998,399.0,298.5,169.0,8.625,21.05,99.75,66.5,5.2250000000000005,6.843425,0.1,11.45,21.9722222,41.03333333333333,41.6,42.31666666666667,42.65,40.03333333333333,-8.257111133333336,0.1018518700000008,0.3120000000000011,13.458666666666666,13.600666666666664,21.914197536666663,13.19,7.8905377,7.9280577,7.974225,8.021821,7.755525,0,4.0,0,0.0,-0.15,5.5,94.5
2023-04-17 14:00:00,49.80161893889,0.0,0.0,21.9722222,13.600666666666664,40.03333333333333,0,5.1764362714980825,70.66250196097344,14,0,4,-0.4999999999999997,-0.8660254037844388,0.0,1.0,0.8660254037844387,-0.4999999999999998,466.0,365.5,199.0,9.2,22.3,100.0,61.0,4.9,6.619745,0.1,12.3,22.161111100000003,40.6,41.03333333333333,41.6,42.31666666666667,39.6,-8.371555533333332,-0.0555556000000052,-0.1700000000000017,13.770666666666669,14.241333333333332,21.97530864333333,13.61,7.755525,7.8905377,7.9280577,7.974225,7.7555337,0,4.0,0,0.0,-0.17,5.6,94.4
2023-04-17 14:15:00,56.378578199996,0.0,0.0,22.161111100000003,14.241333333333332,39.6,0,5.1764362714980825,70.66250196097344,14,0,4,-0.4999999999999997,-0.8660254037844388,0.0,1.0,0.8660254037844387,-0.4999999999999998,427.75,406.1875,226.60416666666663,9.8,23.475,100.0,57.25,4.25,6.369185,0.075,12.7,22.172222233333333,40.03333333333333,40.6,41.03333333333333,41.6,39.03333333333333,-7.919777766666669,0.1888889000000055,0.640666666666668,13.600666666666664,13.932666666666668,22.0537037,13.87088888888889,7.7555337,7.755525,7.8905377,7.9280577,7.6494446,0,4.0,0,0.0,-0.13,5.3,94.7
2023-04-17 14:30:00,45.654285038882,0.0,0.0,22.172222233333333,13.932666666666668,39.03333333333333,0,5.1764362714980825,70.66250196097344,14,0,4,-0.4999999999999997,-0.8660254037844388,0.0,1.0,0.8660254037844387,-0.4999999999999998,389.5,420.5625,251.8125,10.4,24.65,100.0,53.5,3.6,6.10133,0.05,13.1,21.75000002,39.6,40.03333333333333,40.6,41.03333333333333,39.35,-8.239555566666665,0.0111111333333298,-0.3086666666666655,14.241333333333332,13.915333333333333,22.10185184444445,13.924888888888889,7.6494446,7.7555337,7.755525,7.8905377,7.526004,0,4.0,0,0.0,-0.13,5.3,94.7
2023-04-17 14:45:00,51.325724655556,0.0,0.0,21.75000002,13.915333333333333,39.35,0,5.1764362714980825,70.66250196097344,14,0,4,-0.4999999999999997,-0.8660254037844388,0.0,1.0,0.8660254037844387,-0.4999999999999998,351.25,408.625,274.625,11.0,25.825,100.0,49.75,2.95,5.815559,0.0249999999999999,13.5,21.42962964,39.03333333333333,39.6,40.03333333333333,40.6,39.5,-7.834666686666669,-0.4222222133333311,-0.0173333333333349,13.932666666666668,13.890666666666666,22.02777778444444,14.02977777777778,7.526004,7.6494446,7.7555337,7.755525,7.4160028,0,4.0,0,0.0,-0.23,6.1,93.9
2023-04-17 15:00:00,56.457463877776,0.0,0.0,21.42962964,13.890666666666666,39.5,0,5.1764362714980825,70.66250196097344,15,0,4,-0.7071067811865471,-0.7071067811865479,0.0,1.0,0.8660254037844387,-0.4999999999999998,313.0,370.375,295.0416666666667,11.6,27.0,100.0,46.0,2.3,5.511244,0.0,13.9,21.13888889,39.35,39.03333333333333,39.6,40.03333333333333,39.85,-7.538962973333332,-0.3203703800000035,-0.0246666666666666,13.915333333333333,13.478000000000002,21.78395063111111,13.912888888888888,7.4160028,7.526004,7.6494446,7.7555337,7.3566666,0,4.0,0,0.0,-0.3,6.9,93.1
2023-04-17 15:15:00,42.92661636666,0.0,0.0,21.13888889,13.478000000000002,39.85,0,5.1764362714980825,70.66250196097344,15,0,4,-0.7071067811865471,-0.7071067811865479,0.0,1.0,0.8660254037844387,-0.4999999999999998,314.0,341.9375,312.8333333333333,12.325,28.45,100.0,44.5,2.05,5.3974123,0.0,14.1,20.862962976666665,39.5,39.35,39.03333333333333,39.6,40.0,-7.660888889999995,-0.2907407500000012,-0.4126666666666647,13.890666666666666,13.102666666666666,21.439506183333336,13.761333333333337,7.3566666,7.4160028,7.526004,7.6494446,7.2669163,0,4.0,0,0.0,-0.37,7.8,92.2
2023-04-17 15:30:00,54.786141833332,0.0,0.0,20.862962976666665,13.102666666666666,40.0,0,5.1764362714980825,70.66250196097344,15,0,4,-0.7071067811865471,-0.7071067811865479,0.0,1.0,0.8660254037844387,-0.4999999999999998,315.0,323.3125,328.0,13.05,29.9,100.0,43.0,1.8,5.279824,0.0,14.3,20.68888892,39.85,39.5,39.35,39.03333333333333,40.05,-7.760296309999999,-0.2759259133333316,-0.3753333333333355,13.478000000000002,13.036666666666669,21.14382716888889,13.490444444444444,7.2669163,7.3566666,7.4160028,7.526004,7.202656,0,4.0,0,0.0,-0.43,8.9,91.1
2023-04-17 15:45:00,52.096527255552,0.0,0.0,20.68888892,13.036666666666669,40.05,0,5.1764362714980825,70.66250196097344,15,0,4,-0.7071067811865471,-0.7071067811865479,0.0,1.0,0.8660254037844387,-0.4999999999999998,316.0,314.5,340.5416666666667,13.775,31.35,100.0,41.5,1.55,5.158409,0.0,14.5,20.52222223333333,40.0,39.85,39.5,39.35,40.46666666666667,-7.652222253333333,-0.1740740566666652,-0.0659999999999989,13.102666666666666,13.615333333333332,20.89691359555556,13.205777777777778,7.202656,7.2669163,7.3566666,7.4160028,7.207242,0,4.0,0,0.0,-0.47,9.7,90.3
2023-04-17 16:00:00,47.205611766664,0.0,0.0,20.52222223333333,13.615333333333332,40.46666666666667,0,5.1764362714980825,70.66250196097344,16,0,4,-0.8660254037844385,-0.5000000000000004,0.0,1.0,0.8660254037844387,-0.4999999999999998,317.0,315.5,350.4583333333333,14.5,32.8,100.0,40.0,1.3,5.0331035,0.0,14.7,20.43888885,40.05,40.0,39.85,39.5,40.5,-6.906888899999998,-0.1666666866666695,0.5786666666666651,13.036666666666669,13.936666666666667,20.69135804333333,13.251555555555557,7.207242,7.202656,7.2669163,7.3566666,7.1781945,0,4.0,0,0.0,-0.51,10.5,89.5
2023-04-17 16:15:00,51.75209658333,0.0,0.0,20.43888885,13.936666666666667,40.5,0,5.1764362714980825,70.66250196097344,16,0,4,-0.8660254037844385,-0.5000000000000004,0.0,1.0,0.8660254037844387,-0.4999999999999998,289.5,309.375,352.5,15.15,34.675,99.75,40.25,1.2,5.018356,0.0,14.55,20.37222221333333,40.46666666666667,40.05,40.0,39.85,40.86666666666667,-6.502222183333334,-0.0833333833333291,0.3213333333333352,13.615333333333332,13.563333333333333,20.550000001111112,13.529555555555556,7.1781945,7.207242,7.202656,7.2669163,7.21505,0,4.0,0,0.0,-0.53,10.9,89.1
2023-04-17 16:30:00,52.513732749998,0.0,0.0,20.37222221333333,13.563333333333333,40.86666666666667,0,5.1764362714980825,70.66250196097344,16,0,4,-0.8660254037844385,-0.5000000000000004,0.0,1.0,0.8660254037844387,-0.4999999999999998,262.0,296.125,346.6666666666667,15.8,36.55,99.5,40.5,1.1,5.0034018,0.0,14.4,20.29444445,40.5,40.46666666666667,40.05,40.0,41.1,-6.808888879999998,-0.066666636666671,-0.3733333333333348,13.936666666666667,13.417333333333334,20.444444432222223,13.70511111111111,7.21505,7.1781945,7.207242,7.202656,7.22336,0,4.0,0,0.0,-0.54,11.2,88.8
2023-04-17 16:45:00,51.986809427774,0.0,0.0,20.29444445,13.417333333333334,41.1,0,5.1764362714980825,70.66250196097344,16,0,4,-0.8660254037844385,-0.5000000000000004,0.0,1.0,0.8660254037844387,-0.4999999999999998,234.5,275.75,332.9583333333333,16.450000000000003,38.425,99.25,40.75,1.0,4.988247,0.0,14.25,20.23703706333333,40.86666666666667,40.5,40.46666666666667,40.05,40.35,-6.877111116666667,-0.07777776333333,-0.145999999999999,13.563333333333333,13.232666666666669,20.36851850444444,13.639111111111111,7.22336,7.21505,7.1781945,7.207242,7.0677967,0,4.0,0,0.0,-0.56,11.6,88.4
2023-04-17 17:00:00,50.05577560555,0.0,0.0,20.23703706333333,13.232666666666669,40.35,0,5.1764362714980825,70.66250196097344,17,0,4,-0.9659258262890684,-0.2588190451025206,0.0,1.0,0.8660254037844387,-0.4999999999999998,207.0,248.25,311.375,17.1,40.3,99.0,41.0,0.9,4.9728966,0.0,14.1,20.16111114,41.1,40.86666666666667,40.5,40.46666666666667,40.0,-7.0043703966666655,-0.057407386666668,-0.1846666666666667,13.417333333333334,13.462666666666667,20.301234575555554,13.404444444444444,7.0677967,7.22336,7.21505,7.1781945,6.975457,0,4.0,0,0.0,-0.58,12.0,88.0
2023-04-17 17:15:00,295.13819401666603,0.0,0.0,20.16111114,13.462666666666667,40.0,0,5.1764362714980825,70.66250196097344,17,0,4,-0.9659258262890684,-0.2588190451025206,0.0,1.0,0.8660254037844387,-0.4999999999999998,193.75,224.3125,291.875,17.425,40.475,98.5,41.75,1.05,5.009743,0.0,13.925,20.09444445666667,40.35,41.1,40.86666666666667,40.5,40.0,-6.698444473333332,-0.0759259233333331,0.2300000000000004,13.232666666666669,13.45,20.23086421777778,13.37088888888889,6.975457,7.0677967,7.22336,7.21505,6.9483037,0,4.0,0,0.0,-0.6,12.5,87.5
2023-04-17 17:30:00,54.57809462222,0.0,0.0,20.09444445666667,13.45,40.0,0,5.1764362714980825,70.66250196097344,17,0,4,-0.9659258262890684,-0.2588190451025206,0.0,1.0,0.8660254037844387,-0.4999999999999998,180.5,203.9375,274.4583333333333,17.75,40.65,98.0,42.5,1.2,5.045157,0.0,13.75,20.01666668,40.0,40.35,41.1,40.86666666666667,39.95,-6.644444456666669,-0.0666666833333309,-0.0126666666666679,13.462666666666667,13.291333333333334,20.16419755333333,13.381777777777778,6.9483037,6.975457,7.0677967,7.22336,6.908099,0,4.0,0,0.0,-0.61,12.9,87.1
2023-04-17 17:45:00,45.680395061106,0.0,0.0,20.01666668,13.291333333333334,39.95,0,5.1764362714980825,70.66250196097344,17,0,4,-0.9659258262890684,-0.2588190451025206,0.0,1.0,0.8660254037844387,-0.4999999999999998,167.25,187.125,259.125,18.075,40.825,97.5,43.25,1.35,5.0791626,0.0,13.575,19.979629613333334,40.0,40.0,40.35,41.1,39.53333333333333,-6.725333346666666,-0.077777776666668,-0.1586666666666651,13.45,13.365333333333332,20.090740758888888,13.401333333333334,6.908099,6.9483037,6.975457,7.0677967,6.8212395,0,4.0,0,0.0,-0.63,13.3,86.7
2023-04-17 18:00:00,51.714598016666,0.0,0.0,19.979629613333334,13.365333333333332,39.53333333333333,0,5.1764362714980825,70.66250196097344,18,0,4,-1.0,-1.8369701987210294e-16,0.0,1.0,0.8660254037844387,-0.4999999999999998,154.0,173.875,245.875,18.4,41.0,97.0,44.0,1.5,5.1117826,0.0,13.4,19.93888885,39.95,40.0,40.0,40.35,39.55,-6.614296280000001,-0.0370370666666666,0.073999999999998,13.291333333333334,13.515333333333333,20.030246916666663,13.36888888888889,6.8212395,6.908099,6.9483037,6.975457,6.8078485,0,4.0,0,0.0,-0.64,13.6,86.4
2023-04-17 18:15:00,55.958872672222,0.0,0.0,19.93888885,13.515333333333333,39.55,0,5.1764362714980825,70.66250196097344,18,0,4,-1.0,-1.8369701987210294e-16,0.0,1.0,0.8660254037844387,-0.4999999999999998,137.0,159.6875,231.125,19.225,43.7,97.75,50.0,2.175,5.493944,0.0,12.5,19.8925926,39.53333333333333,39.95,40.0,40.0,39.96666666666667,-6.423555516666669,-0.0407407633333321,0.1500000000000003,13.365333333333332,13.288666666666666,19.97839504777778,13.390666666666666,6.8078485,6.8212395,6.908099,6.9483037,6.860934,0,4.0,0,0.0,-0.65,13.9,86.1
2023-04-17 18:30:00,42.67829296666,0.0,0.0,19.8925926,13.288666666666666,39.96666666666667,0,5.1764362714980825,70.66250196097344,18,0,4,-1.0,-1.8369701987210294e-16,0.0,1.0,0.8660254037844387,-0.4999999999999998,120.0,144.5625,214.875,20.05,46.4,98.5,56.0,2.85,5.81729,0.0,11.6,19.84444443,39.55,39.53333333333333,39.95,40.0,39.7,-6.603925933333334,-0.046296250000001,-0.2266666666666665,13.515333333333333,13.212,19.937037021111117,13.38977777777778,6.860934,6.8078485,6.8212395,6.908099,6.7959476,0,4.0,0,0.0,-0.66,14.1,85.9
2023-04-17 18:45:00,53.768126988888,0.0,0.0,19.84444443,13.212,39.7,0,5.1764362714980825,70.66250196097344,18,0,4,-1.0,-1.8369701987210294e-16,0.0,1.0,0.8660254037844387,-0.4999999999999998,103.0,128.5,197.125,20.875,49.1,99.25,62.0,3.525,6.0864606,0.0,10.7,19.7814815,39.96666666666667,39.55,39.53333333333333,39.95,39.78333333333333,-6.63244443,-0.048148170000001,-0.0766666666666662,13.288666666666666,12.626666666666669,19.89197529333333,13.338666666666668,6.7959476,6.860934,6.8078485,6.8212395,6.7851124,0,4.0,0,0.0,-0.67,14.5,85.5
2023-04-17 19:00:00,57.288819472222,0.0,0.0,19.7814815,12.626666666666669,39.78333333333333,0,5.1764362714980825,70.66250196097344,19,0,4,-0.9659258262890684,0.2588190451025203,0.0,1.0,0.8660254037844387,-0.4999999999999998,86.0,111.5,177.875,21.7,51.8,100.0,68.0,4.2,6.3058343,0.0,9.8,19.77222224,39.7,39.96666666666667,39.55,39.53333333333333,39.9,-7.154814833333331,-0.0629629300000012,-0.5853333333333328,13.212,10.192666666666666,19.839506176666667,13.042444444444447,6.7851124,6.7959476,6.860934,6.8078485,6.8013163,0,4.0,0,0.0,-0.69,14.9,85.1
2023-04-17 19:15:00,70.71189382777,0.0,0.0,19.77222224,10.192666666666666,39.9,0,5.1764362714980825,70.66250196097344,19,0,4,-0.9659258262890684,0.2588190451025203,0.0,1.0,0.8660254037844387,-0.4999999999999998,65.75,93.6875,159.22916666666666,21.2,50.2,100.0,74.25,4.625,6.5745926,0.075,9.075,19.725925906666667,39.78333333333333,39.7,39.96666666666667,39.55,40.65,-9.579555573333336,-0.0092592599999967,-2.434000000000001,12.626666666666669,8.901333333333334,19.79938272333333,12.010444444444444,6.8013163,6.7851124,6.7959476,6.860934,6.9103637,0,4.0,0,0.0,-0.69,14.9,85.1
2023-04-17 19:30:00,120.429626988892,0.0,0.0,19.725925906666667,8.901333333333334,40.65,0,5.1764362714980825,70.66250196097344,19,0,4,-0.9659258262890684,0.2588190451025203,0.0,1.0,0.8660254037844387,-0.4999999999999998,45.5,75.0625,141.1875,20.7,48.6,100.0,80.5,5.050000000000001,6.804372,0.15,8.350000000000001,19.71666665,39.9,39.78333333333333,39.7,39.96666666666667,41.35,-10.824592573333334,-0.0462963333333341,-1.2913333333333323,10.192666666666666,7.851333333333333,19.759876548888894,10.573555555555556,6.9103637,6.8013163,6.7851124,6.7959476,7.0255423,0,4.0,0,0.0,-0.69,15.1,84.9
2023-04-17 19:45:00,125.480536111112,0.0,0.0,19.71666665,7.851333333333333,41.35,0,5.1764362714980825,70.66250196097344,19,0,4,-0.9659258262890684,0.2588190451025203,0.0,1.0,0.8660254037844387,-0.4999999999999998,25.25,55.625,123.75,20.2,47.0,100.0,86.75,5.4750000000000005,6.997796,0.225,7.625,19.670370400000003,40.65,39.9,39.78333333333333,39.7,41.5,-11.865333316666668,-0.0092592566666667,-1.0500000000000007,8.901333333333334,7.686000000000001,19.73827159888889,8.98177777777778,7.0255423,6.9103637,6.8013163,6.7851124,7.0318933,0,4.0,0,0.0,-0.69,15.1,84.9
2023-04-17 20:00:00,225.681805666668,0.0,0.0,19.670370400000003,7.686000000000001,41.5,0,5.1764362714980825,70.66250196097344,20,0,4,-0.8660254037844386,0.5000000000000001,0.0,1.0,0.8660254037844387,-0.4999999999999998,5.0,35.375,106.91666666666669,19.7,45.4,100.0,93.0,5.9,7.1573668,0.3,6.9,19.67222225,41.35,40.65,39.9,39.78333333333333,42.4,-11.984370400000005,-0.0462962499999974,-0.165333333333332,7.851333333333333,7.007333333333333,19.70432098555556,8.146222222222223,7.0318933,7.0255423,6.9103637,6.8013163,7.185174,0,4.0,0,0.0,-0.7,15.4,84.6
2023-04-17 20:15:00,310.89284153889,0.0,0.0,19.67222225,7.007333333333333,42.4,0,5.1764362714980825,70.66250196097344,20,0,4,-0.8660254037844386,0.5000000000000001,0.0,1.0,0.8660254037844387,-0.4999999999999998,3.75,19.875,91.08333333333331,17.8,44.3,100.0,93.0,5.625,7.0417905,0.375,6.65,19.738888886666665,41.5,41.35,40.65,39.9,44.18333333333333,-12.664888916666667,0.0018518499999977,-0.6786666666666674,7.686000000000001,6.562666666666667,19.68641976666667,7.51488888888889,7.185174,7.0318933,7.0255423,6.9103637,7.5167356,0,4.0,0,0.0,-0.7,15.2,84.8
2023-04-17 20:30:00,137.212566794446,0.0,0.0,19.738888886666665,6.562666666666667,44.18333333333333,0,5.1764362714980825,70.66250196097344,20,0,4,-0.8660254037844386,0.5000000000000001,0.0,1.0,0.8660254037844387,-0.4999999999999998,2.5,9.125,76.25,15.9,43.2,100.0,93.0,5.35,6.927847,0.4499999999999999,6.4,19.77222224,42.4,41.5,41.35,40.65,43.6,-13.176222219999998,0.0666666366666639,-0.4446666666666665,7.007333333333333,6.4,19.69382717888889,7.085333333333335,7.5167356,7.185174,7.0318933,7.0255423,7.432014,0,4.0,0,0.0,-0.67,14.5,85.5
2023-04-17 20:45:00,131.746674372222,0.0,0.0,19.77222224,6.4,43.6,0,5.1764362714980825,70.66250196097344,20,0,4,-0.8660254037844386,0.5000000000000001,0.0,1.0,0.8660254037844387,-0.4999999999999998,1.25,3.125,62.41666666666666,14.0,42.1,100.0,93.0,5.075,6.815519,0.525,6.15,19.725925906666667,44.18333333333333,42.4,41.5,41.35,43.03333333333333,-13.37222224,0.0333333533333366,-0.1626666666666665,6.562666666666667,6.496,19.727777792222223,6.656666666666667,7.432014,7.5167356,7.185174,7.0318933,7.315522,0,4.0,0,0.0,-0.67,14.4,85.6
2023-04-17 21:00:00,122.895361755556,0.0,0.0,19.725925906666667,6.496,43.03333333333333,0,5.1764362714980825,70.66250196097344,21,0,4,-0.7071067811865477,0.7071067811865474,0.0,1.0,0.8660254037844387,-0.4999999999999998,0.0,1.875,49.583333333333336,12.1,41.0,100.0,93.0,4.8,6.704786,0.6,5.9,19.7222222,43.6,44.18333333333333,42.4,41.5,43.35,-13.229925906666669,-0.0462963333333341,0.0959999999999992,6.4,6.439333333333334,19.74567901111111,6.486222222222222,7.315522,7.432014,7.5167356,7.185174,7.3677516,0,4.0,0,0.0,-0.68,14.8,85.2
2023-04-17 21:15:00,121.886235472222,0.0,0.0,19.7222222,6.439333333333334,43.35,0,5.1764362714980825,70.66250196097344,21,0,4,-0.7071067811865477,0.7071067811865474,0.0,1.0,0.8660254037844387,-0.4999999999999998,0.0,0.9375,38.16666666666666,9.875,36.875,99.5,92.5,4.7,6.6468983,0.475,5.8500000000000005,19.70185185,43.03333333333333,43.6,44.18333333333333,42.4,43.5,-13.282888866666667,-0.0037037066666663,-0.0566666666666657,6.496,6.266,19.74012344888889,6.445111111111113,7.3677516,7.315522,7.432014,7.5167356,7.384414,0,4.0,0,0.0,-0.68,14.7,85.3
2023-04-17 21:30:00,111.166942127774,0.0,0.0,19.70185185,6.266,43.5,0,5.1764362714980825,70.66250196097344,21,0,4,-0.7071067811865477,0.7071067811865474,0.0,1.0,0.8660254037844387,-0.4999999999999998,0.0,0.3125,28.166666666666668,7.65,32.75,99.0,92.0,4.6,6.589311,0.35,5.800000000000001,19.66111114,43.35,43.03333333333333,43.6,44.18333333333333,43.15,-13.43585185,-0.0203703500000003,-0.1733333333333337,6.439333333333334,6.228666666666666,19.716666652222223,6.400444444444445,7.384414,7.3677516,7.315522,7.432014,7.3075013,0,4.0,0,0.0,-0.68,14.8,85.2
2023-04-17 21:45:00,78.379086977776,0.0,0.0,19.66111114,6.228666666666666,43.15,0,5.1764362714980825,70.66250196097344,21,0,4,-0.7071067811865477,0.7071067811865474,0.0,1.0,0.8660254037844387,-0.4999999999999998,0.0,0.0,19.58333333333333,5.425000000000001,28.625,98.5,91.5,4.5,6.532021,0.2249999999999999,5.75,19.59444445666667,43.5,43.35,43.03333333333333,43.6,42.81666666666667,-13.432444473333334,-0.0407407100000014,-0.0373333333333336,6.266,6.314666666666667,19.695061730000003,6.311333333333334,7.3075013,7.384414,7.3677516,7.315522,7.222716,0,4.0,0,0.0,-0.7,15.2,84.8
2023-04-17 22:00:00,67.602018111108,0.0,0.0,19.59444445666667,6.314666666666667,42.81666666666667,0,5.1764362714980825,70.66250196097344,22,0,4,-0.5000000000000004,0.8660254037844384,0.0,1.0,0.8660254037844387,-0.4999999999999998,0.0,0.0,12.416666666666666,3.2,24.5,98.0,91.0,4.4,6.475026,0.1,5.7,19.5555556,43.15,43.5,43.35,43.03333333333333,42.5,-13.27977779,-0.0666666833333309,0.0860000000000003,6.228666666666666,6.438666666666666,19.652469148888887,6.269777777777779,7.222716,7.3075013,7.384414,7.3677516,7.1529374,0,4.0,0,0.0,-0.71,15.7,84.3
2023-04-17 22:15:00,36.933800272226,0.0,0.0,19.5555556,6.438666666666666,42.5,0,5.1764362714980825,70.66250196097344,22,0,4,-0.5000000000000004,0.8660254037844384,0.0,1.0,0.8660254037844387,-0.4999999999999998,0.0,0.0,6.9375,2.95,20.725,98.5,92.5,4.4,6.4850903,0.175,5.475,19.53518521333333,42.81666666666667,43.15,43.5,43.35,42.5,-13.116888933333335,-0.0388888566666665,0.1239999999999996,6.314666666666667,6.545333333333334,19.603703732222225,6.327333333333333,7.1529374,7.222716,7.3075013,7.384414,7.1443787,0,4.0,0,0.0,-0.72,16.0,84.0
2023-04-17 22:30:00,37.73710162222,0.0,0.0,19.53518521333333,6.545333333333334,42.5,0,5.1764362714980825,70.66250196097344,22,0,4,-0.5000000000000004,0.8660254037844384,0.0,1.0,0.8660254037844387,-0.4999999999999998,0.0,0.0,3.145833333333333,2.7,16.950000000000003,99.0,94.0,4.4,6.4932833,0.25,5.25,19.46111108,42.5,42.81666666666667,43.15,43.5,42.5,-12.989851879999998,-0.02037038666667,0.1066666666666673,6.438666666666666,6.593999999999999,19.56172842333333,6.43288888888889,7.1443787,7.1529374,7.222716,7.3075013,7.113333,0,4.0,0,0.0,-0.73,16.2,83.8
2023-04-17 22:45:00,50.507979583334,0.0,0.0,19.46111108,6.593999999999999,42.5,0,5.1764362714980825,70.66250196097344,22,0,4,-0.5000000000000004,0.8660254037844384,0.0,1.0,0.8660254037844387,-0.4999999999999998,0.0,0.0,1.0416666666666667,2.45,13.175,99.5,95.5,4.4,6.4996514,0.325,5.025,19.4444444,42.5,42.5,42.81666666666667,43.15,42.5,-12.867111080000004,-0.0740741333333296,0.0486666666666657,6.545333333333334,6.44,19.517283964444445,6.526000000000001,7.113333,7.1443787,7.1529374,7.222716,7.1063647,0,4.0,0,0.0,-0.75,16.7,83.3
2023-04-17 23:00:00,54.85169476111,0.0,0.0,19.4444444,6.44,42.5,0,5.1764362714980825,70.66250196097344,23,0,4,-0.2588190451025215,0.965925826289068,0.0,1.0,0.8660254037844387,-0.4999999999999998,0.0,0.0,0.625,2.2,9.4,100.0,97.0,4.4,6.5042405,0.4,4.8,19.40555555,42.5,42.5,42.5,42.81666666666667,42.15,-13.0044444,-0.0166666800000037,-0.1539999999999999,6.593999999999999,6.331333333333333,19.48024689777778,6.5264444444444445,7.1063647,7.113333,7.1443787,7.1529374,7.03174,0,4.0,0,0.0,-0.75,16.9,83.1
2023-04-17 23:15:00,42.324695911108,0.0,0.0,19.40555555,6.331333333333333,42.15,0,5.1764362714980825,70.66250196097344,23,0,4,-0.2588190451025215,0.965925826289068,0.0,1.0,0.8660254037844387,-0.4999999999999998,0.0,0.0,0.3125,2.1,11.1,100.0,97.5,4.550000000000001,6.5702925,0.6,4.875,19.36851851333333,42.5,42.5,42.5,42.5,41.81666666666667,-13.074222216666666,-0.0388888499999993,-0.1086666666666662,6.44,6.327333333333333,19.43703701,6.455111111111111,7.03174,7.1063647,7.113333,7.1443787,6.9609427,0,4.0,0,0.0,-0.76,17.2,82.8
2023-04-17 23:30:00,50.029387594446,0.0,0.0,19.36851851333333,6.327333333333333,41.81666666666667,0,5.1764362714980825,70.66250196097344,23,0,4,-0.2588190451025215,0.965925826289068,0.0,1.0,0.8660254037844387,-0.4999999999999998,0.0,0.0,0.1041666666666666,2.0,12.8,100.0,98.0,4.7,6.6368213,0.8,4.949999999999999,19.32777775,42.15,42.5,42.5,42.5,41.5,-13.041185180000005,-0.0370370366666641,-0.0040000000000004,6.331333333333333,5.198666666666667,19.406172821111117,6.3662222222222224,6.9609427,7.03174,7.1063647,7.113333,6.891683,0,4.0,0,0.0,-0.77,17.6,82.4
2023-04-17 23:45:00,278.06276596111,0.0,0.0,19.32777775,5.198666666666667,41.5,0,5.1764362714980825,70.66250196097344,23,0,4,-0.2588190451025215,0.965925826289068,0.0,1.0,0.8660254037844387,-0.4999999999999998,0.0,0.0,0.0,1.9,14.5,100.0,98.5,4.85,6.703829,1.0,5.025,19.26111111333333,41.81666666666667,42.15,42.5,42.5,41.31666666666667,-14.129111083333331,-0.0407407633333356,-1.1286666666666658,6.327333333333333,4.704666666666667,19.36728393777778,5.9524444444444455,6.891683,6.9609427,7.03174,7.1063647,6.8343577,0,4.0,0,0.0,-0.78,17.9,82.1
2023-04-18 00:00:00,50.173548577776,0.0,0.0,19.26111111333333,4.704666666666667,41.31666666666667,0,5.1764362714980825,70.66250196097344,0,1,4,0.0,1.0,0.7818314824680298,0.6234898018587336,0.8660254037844387,-0.4999999999999998,0.0,0.0,0.0,1.8,16.2,100.0,99.0,5.0,6.7713165,1.2,5.1,19.17777779,41.5,41.81666666666667,42.15,42.5,40.95,-14.556444446666667,-0.0666666366666639,-0.4939999999999998,5.198666666666667,4.6946666666666665,19.319135792222223,5.410222222222223,6.8343577,6.891683,6.9609427,7.03174,6.740531,0,4.0,0,0.0,-0.8,18.5,81.5
2023-04-18 00:15:00,62.796099155556,0.0,0.0,19.17777779,4.6946666666666665,40.95,0,5.1764362714980825,70.66250196097344,0,1,4,0.0,1.0,0.7818314824680298,0.6234898018587336,0.8660254037844387,-0.4999999999999998,0.0,0.0,0.0,3.85,18.55,100.0,99.0,4.8,6.682415,1.2,4.9,19.09444445666667,41.31666666666667,41.5,41.81666666666667,42.15,40.53333333333333,-14.483111123333334,-0.0833333233333348,-0.0100000000000006,4.704666666666667,4.740666666666667,19.25555555111111,4.8660000000000005,6.740531,6.8343577,6.891683,6.9609427,6.6392465,0,4.0,0,0.0,-0.82,19.2,80.8
2023-04-18 00:30:00,65.175170705554,0.0,0.0,19.09444445666667,4.740666666666667,40.53333333333333,0,5.1764362714980825,70.66250196097344,0,1,4,0.0,1.0,0.7818314824680298,0.6234898018587336,0.8660254037844387,-0.4999999999999998,0.0,0.0,0.0,5.9,20.9,100.0,99.0,4.6,6.594536,1.2,4.699999999999999,19.01111112,40.95,41.31666666666667,41.5,41.81666666666667,40.5,-14.353777790000002,-0.0833333333333321,0.0460000000000002,4.6946666666666665,4.989999999999999,19.177777786666667,4.713333333333334,6.6392465,6.740531,6.8343577,6.891683,6.601254,0,4.0,0,0.0,-0.84,20.0,80.0
2023-04-18 00:45:00,50.519923488892,0.0,0.0,19.01111112,4.989999999999999,40.5,0,5.1764362714980825,70.66250196097344,0,1,4,0.0,1.0,0.7818314824680298,0.6234898018587336,0.8660254037844387,-0.4999999999999998,0.0,0.0,0.0,7.949999999999999,23.25,100.0,99.0,4.4,6.5076694,1.2,4.5,18.927777756666668,40.53333333333333,40.95,41.31666666666667,41.5,40.5,-14.021111120000004,-0.0833333366666657,0.2493333333333325,4.740666666666667,4.906000000000001,19.09444445555556,4.8084444444444445,6.601254,6.6392465,6.740531,6.8343577,6.568861,0,4.0,0,0.0,-0.86,20.7,79.3
2023-04-18 01:00:00,53.187316888888,0.0,0.0,18.927777756666668,4.906000000000001,40.5,0,5.1764362714980825,70.66250196097344,1,1,4,0.2588190451025207,0.9659258262890684,0.7818314824680298,0.6234898018587336,0.8660254037844387,-0.4999999999999998,0.0,0.0,0.0,10.0,25.6,100.0,99.0,4.2,6.4218044,1.2,4.3,18.84999998,40.5,40.53333333333333,40.95,41.31666666666667,40.45,-14.021777756666667,-0.0833333633333346,-0.0839999999999987,4.989999999999999,4.667333333333334,19.011111111111116,4.87888888888889,6.568861,6.601254,6.6392465,6.740531,6.5306745,0,4.0,0,0.0,-0.88,21.4,78.6
2023-04-18 01:15:00,76.324169144444,0.0,0.0,18.84999998,4.667333333333334,40.45,0,5.1764362714980825,70.66250196097344,1,1,4,0.2588190451025207,0.9659258262890684,0.7818314824680298,0.6234898018587336,0.8660254037844387,-0.4999999999999998,0.0,0.0,0.0,9.6,26.125,88.0,97.75,3.75,6.2361236,1.05,4.05,18.81296295,40.5,40.5,40.53333333333333,40.95,40.03333333333333,-14.182666646666666,-0.077777776666668,-0.238666666666667,4.906000000000001,4.722666666666667,18.92962961888889,4.854444444444446,6.5306745,6.568861,6.601254,6.6392465,6.449274,0,4.0,0,0.0,-0.9,22.1,77.9
2023-04-18 01:30:00,53.26425826111,0.0,0.0,18.81296295,4.722666666666667,40.03333333333333,0,5.1764362714980825,70.66250196097344,1,1,4,0.2588190451025207,0.9659258262890684,0.7818314824680298,0.6234898018587336,0.8660254037844387,-0.4999999999999998,0.0,0.0,0.0,9.2,26.65,76.0,96.5,3.3,6.0546117,0.8999999999999999,3.8,18.73333333,40.45,40.5,40.5,40.53333333333333,40.0,-14.090296283333332,-0.0370370300000004,0.0553333333333334,4.667333333333334,4.906000000000001,18.86358022888889,4.765333333333334,6.449274,6.5306745,6.568861,6.601254,6.413636,0,4.0,0,0.0,-0.91,22.5,77.5
2023-04-18 01:45:00,47.83558658333,0.0,0.0,18.73333333,4.906000000000001,40.0,0,5.1764362714980825,70.66250196097344,1,1,4,0.2588190451025207,0.9659258262890684,0.7818314824680298,0.6234898018587336,0.8660254037844387,-0.4999999999999998,0.0,0.0,0.0,8.8,27.175,64.0,95.25,2.85,5.8771925,0.75,3.55,18.670370400000003,40.03333333333333,40.45,40.5,40.5,40.0,-13.82733333,-0.0796296199999986,0.1833333333333335,4.722666666666667,4.916,18.79876542,4.765333333333334,6.413636,6.449274,6.5306745,6.568861,6.38979,0,4.0,0,0.0,-0.93,23.3,76.7
2023-04-18 02:00:00,58.577101272222,0.0,0.0,18.670370400000003,4.916,40.0,0,5.1764362714980825,70.66250196097344,2,1,4,0.4999999999999999,0.8660254037844387,0.7818314824680298,0.6234898018587336,0.8660254037844387,-0.4999999999999998,0.0,0.0,0.0,8.4,27.7,52.0,94.0,2.4,5.70379,0.6,3.3,18.62222223,40.0,40.03333333333333,40.45,40.5,40.3,-13.754370400000004,-0.0629629299999976,0.0099999999999997,4.906000000000001,4.960666666666667,18.738888893333336,4.848222222222224,6.38979,6.413636,6.449274,6.5306745,6.419397,0,4.0,0,0.0,-0.94,23.8,76.2
2023-04-18 02:15:00,65.590987488884,0.0,0.0,18.62222223,4.960666666666667,40.3,0,5.1764362714980825,70.66250196097344,2,1,4,0.4999999999999999,0.8660254037844387,0.7818314824680298,0.6234898018587336,0.8660254037844387,-0.4999999999999998,0.0,0.0,0.0,9.05,26.525,52.0,93.75,2.275,5.6506047,0.475,3.2,18.5592593,40.0,40.0,40.03333333333333,40.45,40.03333333333333,-13.661555563333332,-0.0481481700000046,0.0446666666666661,4.916,4.918,18.67530865333333,4.927555555555556,6.419397,6.38979,6.413636,6.449274,6.353189,0,4.0,0,0.0,-0.95,24.2,75.8
2023-04-18 02:30:00,60.105095749998,0.0,0.0,18.5592593,4.918,40.03333333333333,0,5.1764362714980825,70.66250196097344,2,1,4,0.4999999999999999,0.8660254037844387,0.7818314824680298,0.6234898018587336,0.8660254037844387,-0.4999999999999998,0.0,0.0,0.0,9.7,25.35,52.0,93.5,2.15,5.597846,0.35,3.1,18.51666668,40.3,40.0,40.0,40.03333333333333,40.0,-13.641259300000002,-0.0629629299999976,-0.0426666666666664,4.960666666666667,5.086,18.617283976666663,4.931555555555557,6.353189,6.419397,6.38979,6.413636,6.3319044,0,4.0,0,0.0,-0.97,24.9,75.1
2023-04-18 02:45:00,51.032403055556,0.0,0.0,18.51666668,5.086,40.0,0,5.1764362714980825,70.66250196097344,2,1,4,0.4999999999999999,0.8660254037844387,0.7818314824680298,0.6234898018587336,0.8660254037844387,-0.4999999999999998,0.0,0.0,0.0,10.35,24.175,52.0,93.25,2.025,5.545509,0.2249999999999999,3.0,18.479629613333334,40.03333333333333,40.3,40.0,40.0,40.0,-13.43066668,-0.0425926200000006,0.1680000000000001,4.918,5.08,18.56604940333333,4.988222222222222,6.3319044,6.353189,6.419397,6.38979,6.318025,0,4.0,0,0.0,-0.98,25.3,74.7
2023-04-18 03:00:00,51.862369888888,0.0,0.0,18.479629613333334,5.08,40.0,0,5.1764362714980825,70.66250196097344,3,1,4,0.7071067811865476,0.7071067811865476,0.7818314824680298,0.6234898018587336,0.8660254037844387,-0.4999999999999998,0.0,0.0,0.0,11.0,23.0,52.0,93.0,1.9,5.49359,0.1,2.9,18.40555555,40.0,40.03333333333333,40.3,40.0,40.0,-13.399629613333332,-0.0370370666666666,-0.0060000000000002,5.086,4.914666666666666,18.518518531111116,5.0280000000000005,6.318025,6.3319044,6.353189,6.419397,6.290343,0,4.0,0,0.0,-0.99,25.6,74.4
2023-04-18 03:15:00,46.620635116666,0.0,0.0,18.40555555,4.914666666666666,40.0,0,5.1764362714980825,70.66250196097344,3,1,4,0.7071067811865476,0.7071067811865476,0.7818314824680298,0.6234898018587336,0.8660254037844387,-0.4999999999999998,0.0,0.0,0.0,11.7,23.9,42.75,92.25,1.7,5.4127507,0.075,2.8,18.36851851333333,40.0,40.0,40.03333333333333,40.3,39.81666666666667,-13.490888883333334,-0.0740740633333345,-0.1653333333333337,5.08,4.875333333333333,18.467283947777776,5.02688888888889,6.290343,6.318025,6.3319044,6.353189,6.247772,0,4.0,0,0.0,-1.01,26.4,73.6
2023-04-18 03:30:00,62.476667433336,0.0,0.0,18.36851851333333,4.875333333333333,39.81666666666667,0,5.1764362714980825,70.66250196097344,3,1,4,0.7071067811865476,0.7071067811865476,0.7818314824680298,0.6234898018587336,0.8660254037844387,-0.4999999999999998,0.0,0.0,0.0,12.4,24.8,33.5,91.5,1.5,5.332717,0.05,2.7,18.29444445,40.0,40.0,40.0,40.03333333333333,39.5,-13.49318518,-0.0370370366666641,-0.0393333333333334,4.914666666666666,4.902,18.41790122555556,4.956666666666667,6.247772,6.290343,6.318025,6.3319044,6.1709065,0,4.0,0,0.0,-1.02,26.8,73.2
2023-04-18 03:45:00,58.34461053889,0.0,0.0,18.29444445,4.902,39.5,0,5.1764362714980825,70.66250196097344,3,1,4,0.7071067811865476,0.7071067811865476,0.7818314824680298,0.6234898018587336,0.8660254037844387,-0.4999999999999998,0.0,0.0,0.0,13.1,25.700000000000003,24.25,90.75,1.3,5.2534857,0.0249999999999999,2.6,18.257407413333333,39.81666666666667,40.0,40.0,40.0,39.5,-13.39244445,-0.0740740633333345,0.0266666666666672,4.875333333333333,4.8,18.35617283777778,4.897333333333333,6.1709065,6.247772,6.290343,6.318025,6.157353,0,4.0,0,0.0,-1.03,27.6,72.4
2023-04-18 04:00:00,46.412865627778,0.0,0.0,18.257407413333333,4.8,39.5,0,5.1764362714980825,70.66250196097344,4,1,4,0.8660254037844386,0.5000000000000001,0.7818314824680298,0.6234898018587336,0.8660254037844387,-0.4999999999999998,0.0,0.0,0.0,13.8,26.6,15.0,90.0,1.1,5.175048,0.0,2.5,18.21666665,39.5,39.81666666666667,40.0,40.0,39.45,-13.457407413333332,-0.0370370366666676,-0.1020000000000003,4.902,4.883333333333334,18.30679012555556,4.859111111111112,6.157353,6.1709065,6.247772,6.290343,6.134701,0,4.0,0,0.0,-1.04,28.0,72.0
2023-04-18 04:15:00,43.749083250002,0.0,0.0,18.21666665,4.883333333333334,39.45,0,5.1764362714980825,70.66250196097344,4,1,4,0.8660254037844386,0.5000000000000001,0.7818314824680298,0.6234898018587336,0.8660254037844387,-0.4999999999999998,0.0,0.0,0.0,13.575,26.700000000000003,17.0,90.25,0.9000000000000001,5.111164,0.0,2.275,18.150000013333333,39.5,39.5,39.81666666666667,40.0,39.03333333333333,-13.333333316666668,-0.0407407633333321,0.0833333333333339,4.8,5.004,18.25617283777778,4.861777777777778,6.134701,6.157353,6.1709065,6.247772,6.045918,0,4.0,0,0.0,-1.05,28.4,71.6
2023-04-18 04:30:00,64.339648594442,0.0,0.0,18.150000013333333,5.004,39.03333333333333,0,5.1764362714980825,70.66250196097344,4,1,4,0.8660254037844386,0.5000000000000001,0.7818314824680298,0.6234898018587336,0.8660254037844387,-0.4999999999999998,0.0,0.0,0.0,13.35,26.8,19.0,90.5,0.7000000000000001,5.0478854,0.0,2.05,18.10555555,39.45,39.5,39.5,39.81666666666667,39.0,-13.146000013333332,-0.0666666366666675,0.1206666666666667,4.883333333333334,5.004,18.20802469222222,4.895777777777778,6.045918,6.134701,6.157353,6.1709065,6.024822,0,4.0,0,0.0,-1.07,29.2,70.8
2023-04-18 04:45:00,56.920500872222,0.0,0.0,18.10555555,5.004,39.0,0,5.1764362714980825,70.66250196097344,4,1,4,0.8660254037844386,0.5000000000000001,0.7818314824680298,0.6234898018587336,0.8660254037844387,-0.4999999999999998,0.0,0.0,0.0,13.125,26.9,21.0,90.75,0.5,4.9852085,0.0,1.825,18.0592593,39.03333333333333,39.45,39.5,39.5,39.0,-13.10155555,-0.0444444633333311,0.0,5.004,5.118666666666667,18.157407404444445,4.9637777777777785,6.024822,6.045918,6.134701,6.157353,6.0082626,0,4.0,0,0.0,-1.08,29.6,70.4
2023-04-18 05:00:00,44.224897666664,0.0,0.0,18.0592593,5.118666666666667,39.0,0,5.1764362714980825,70.66250196097344,5,1,4,0.9659258262890684,0.2588190451025207,0.7818314824680298,0.6234898018587336,0.8660254037844387,-0.4999999999999998,0.0,0.0,0.0,12.9,27.0,23.0,91.0,0.3,4.92313,0.0,1.6,18.04444448,39.0,39.03333333333333,39.45,39.5,39.0,-12.940592633333337,-0.046296250000001,0.1146666666666664,5.004,4.996,18.10493828777778,5.042222222222224,6.0082626,6.024822,6.045918,6.134701,6.0029726,0,4.0,0,0.0,-1.09,30.1,69.9
2023-04-18 05:15:00,47.542542655556,0.0,0.0,18.04444448,4.996,39.0,0,5.1764362714980825,70.66250196097344,5,1,4,0.9659258262890684,0.2588190451025207,0.7818314824680298,0.6234898018587336,0.8660254037844387,-0.4999999999999998,0.0,0.0,0.0,12.7,26.45,25.5,90.5,0.15,4.871172,0.0,1.525,17.951851813333334,39.0,39.0,39.03333333333333,39.45,39.0,-13.04844448,-0.0148148200000015,-0.1226666666666673,5.118666666666667,4.999333333333333,18.06975311,5.039555555555556,6.0029726,6.0082626,6.024822,6.045918,5.9699993,0,4.0,0,0.0,-1.09,30.3,69.7
2023-04-18 05:30:00,50.298265805554,0.0,0.0,17.951851813333334,4.999333333333333,39.0,0,5.1764362714980825,70.66250196097344,5,1,4,0.9659258262890684,0.2588190451025207,0.7818314824680298,0.6234898018587336,0.8660254037844387,-0.4999999999999998,0.0,0.0,0.0,12.5,25.9,28.0,90.0,0.0,4.8195996,0.0,1.4500000000000002,17.93888885,39.0,39.0,39.0,39.03333333333333,38.95,-12.952518480000002,-0.0925926666666647,0.0033333333333338,4.996,5.037333333333334,18.018518531111116,5.038,5.9699993,6.0029726,6.0082626,6.024822,5.9577475,0,4.0,0,0.0,-1.12,31.3,68.7
2023-04-18 05:45:00,65.463770294442,0.0,0.0,17.93888885,5.037333333333334,38.95,0,5.1764362714980825,70.66250196097344,5,1,4,0.9659258262890684,0.2588190451025207,0.7818314824680298,0.6234898018587336,0.8660254037844387,-0.4999999999999998,0.0,0.0,0.0,12.3,25.35,30.5,89.5,-0.15,4.7684107,0.0,1.375,17.8925926,39.0,39.0,39.0,39.0,38.9,-12.901555516666669,-0.012962963333333,0.0380000000000002,4.999333333333333,5.066,17.97839504777778,5.010888888888889,5.9577475,5.9699993,6.0029726,6.0082626,5.9337254,0,4.0,0,0.0,-1.12,31.4,68.6
2023-04-18 06:00:00,208.529158616662,0.0,0.0,17.8925926,5.066,38.9,0,5.1764362714980825,70.66250196097344,6,1,4,1.0,6.123233995736766e-17,0.7818314824680298,0.6234898018587336,0.8660254037844387,-0.4999999999999998,0.0,0.0,0.0,12.1,24.8,33.0,89.0,-0.3,4.717603,0.0,1.3,17.8888889,38.95,39.0,39.0,39.0,40.15,-12.8265926,-0.046296250000001,0.0286666666666661,5.037333333333334,5.106666666666667,17.92777775444445,5.034222222222224,5.9337254,5.9577475,5.9699993,6.0029726,6.123048,0,4.0,0,0.0,-1.13,31.9,68.1
2023-04-18 06:15:00,56.474407533336,0.0,0.0,17.8888889,5.106666666666667,40.15,0,5.1764362714980825,70.66250196097344,6,1,4,1.0,6.123233995736766e-17,0.7818314824680298,0.6234898018587336,0.8660254037844387,-0.4999999999999998,4.5,1.125,0.375,11.975,24.55,49.25,88.5,-0.35,4.699098,0.0,1.325,17.8888889,38.9,38.95,39.0,39.0,40.03333333333333,-12.782222233333334,-0.003703699999999,0.0406666666666675,5.066,5.234666666666667,17.90679011666667,5.070000000000001,6.123048,5.9337254,5.9577475,5.9699993,6.105254,0,4.0,0,0.0,-1.13,31.7,68.3
2023-04-18 06:30:00,54.0770035,0.0,0.0,17.8888889,5.234666666666667,40.03333333333333,0,5.1764362714980825,70.66250196097344,6,1,4,1.0,6.123233995736766e-17,0.7818314824680298,0.6234898018587336,0.8660254037844387,-0.4999999999999998,9.0,3.375,1.125,11.85,24.3,65.5,88.0,-0.4,4.6805153,0.0,1.35,17.84999998,40.15,38.9,38.95,39.0,40.0,-12.654222233333336,0.0,0.1279999999999992,5.106666666666667,5.248,17.89012346666667,5.135777777777778,6.105254,6.123048,5.9337254,5.9577475,6.0860615,0,4.0,0,0.0,-1.13,31.7,68.3
2023-04-18 06:45:00,62.610273272222,0.0,0.0,17.84999998,5.248,40.0,0,5.1764362714980825,70.66250196097344,6,1,4,1.0,6.123233995736766e-17,0.7818314824680298,0.6234898018587336,0.8660254037844387,-0.4999999999999998,13.5,6.75,2.25,11.725,24.05,81.75,87.5,-0.45,4.6618543,0.0,1.375,17.81296295,40.03333333333333,40.15,38.9,38.95,39.81666666666667,-12.60199998,-0.0388889200000015,0.0133333333333336,5.234666666666667,5.163333333333333,17.875925926666667,5.196444444444445,6.0860615,6.105254,6.123048,5.9337254,6.0448165,0,4.0,0,0.0,-1.14,32.2,67.8
2023-04-18 07:00:00,283.941419705554,0.0,0.0,17.81296295,5.163333333333333,39.81666666666667,0,5.1764362714980825,70.66250196097344,7,1,4,0.9659258262890684,-0.2588190451025206,0.7818314824680298,0.6234898018587336,0.8660254037844387,-0.4999999999999998,18.0,11.25,3.75,11.6,23.8,98.0,87.0,-0.5,4.6431136,0.0,1.4,17.77222224,40.0,40.03333333333333,40.15,38.9,39.5,-12.649629616666664,-0.0370370300000004,-0.0846666666666671,5.248,5.067333333333334,17.850617276666668,5.215333333333334,6.0448165,6.0860615,6.105254,6.123048,5.982203,0,4.0,0,0.0,-1.15,32.6,67.4
2023-04-18 07:15:00,47.685036872226,0.0,0.0,17.77222224,5.067333333333334,39.5,0,5.1764362714980825,70.66250196097344,7,1,4,0.9659258262890684,-0.2588190451025206,0.7818314824680298,0.6234898018587336,0.8660254037844387,-0.4999999999999998,40.75,20.3125,7.145833333333333,11.65,26.125,98.5,83.0,-0.5,4.65312,0.0,2.125,17.725925906666667,39.81666666666667,40.0,40.03333333333333,40.15,39.5,-12.704888906666667,-0.0407407099999979,-0.0959999999999992,5.163333333333333,5.189333333333334,17.811728390000003,5.159555555555556,5.982203,6.0448165,6.0860615,6.105254,5.965718,0,4.0,0,0.0,-1.16,33.2,66.8
2023-04-18 07:30:00,58.427662766668,0.0,0.0,17.725925906666667,5.189333333333334,39.5,0,5.1764362714980825,70.66250196097344,7,1,4,0.9659258262890684,-0.2588190451025206,0.7818314824680298,0.6234898018587336,0.8660254037844387,-0.4999999999999998,63.5,33.9375,12.4375,11.7,28.450000000000003,99.0,79.0,-0.5,4.650931,0.0,2.85,17.7222222,39.5,39.81666666666667,40.0,40.03333333333333,39.45,-12.536592573333332,-0.0462963333333341,0.1219999999999998,5.067333333333334,5.326,17.770370365555557,5.140000000000001,5.965718,5.982203,6.0448165,6.0860615,5.956849,0,4.0,0,0.0,-1.17,33.7,66.3
2023-04-18 07:45:00,63.659397922224,0.0,0.0,17.7222222,5.326,39.45,0,5.1764362714980825,70.66250196097344,7,1,4,0.9659258262890684,-0.2588190451025206,0.7818314824680298,0.6234898018587336,0.8660254037844387,-0.4999999999999998,86.25,52.125,19.625,11.75,30.775,99.5,75.0,-0.5,4.635453,0.0,3.575,17.70185185,39.5,39.5,39.81666666666667,40.0,39.03333333333333,-12.3962222,-0.0037037066666663,0.1366666666666658,5.189333333333334,5.53,17.74012344888889,5.194222222222223,5.956849,5.965718,5.982203,6.0448165,5.8867826,0,4.0,0,0.0,-1.17,33.8,66.2
2023-04-18 08:00:00,53.42869601667,0.0,0.0,17.70185185,5.53,39.03333333333333,0,5.1764362714980825,70.66250196097344,8,1,4,0.8660254037844387,-0.4999999999999998,0.7818314824680298,0.6234898018587336,0.8660254037844387,-0.4999999999999998,109.0,74.875,28.70833333333333,11.8,33.1,100.0,71.0,-0.5,4.605536,0.0,4.3,17.66111114,39.45,39.5,39.5,39.81666666666667,39.0,-12.17185185,-0.0203703500000003,0.2040000000000006,5.326,5.641333333333334,17.716666652222223,5.348444444444445,5.8867826,5.956849,5.965718,5.982203,5.8674817,0,4.0,0,0.0,-1.18,34.1,65.9
2023-04-18 08:15:00,46.999786533336,0.0,0.0,17.66111114,5.641333333333334,39.0,0,5.1764362714980825,70.66250196097344,8,1,4,0.8660254037844387,-0.4999999999999998,0.7818314824680298,0.6234898018587336,0.8660254037844387,-0.4999999999999998,125.5,96.0625,39.16666666666666,12.875,33.55,100.0,68.5,-0.75,4.5252385,0.0,4.575,17.61481480666667,39.03333333333333,39.45,39.5,39.5,39.0,-12.019777806666664,-0.0407407100000014,0.1113333333333335,5.53,5.745333333333334,17.695061730000003,5.499111111111112,5.8674817,5.8867826,5.956849,5.965718,5.851298,0,4.0,0,0.0,-1.19,34.6,65.4
2023-04-18 08:30:00,64.962123644444,0.0,0.0,17.61481480666667,5.745333333333334,39.0,0,5.1764362714980825,70.66250196097344,8,1,4,0.8660254037844387,-0.4999999999999998,0.7818314824680298,0.6234898018587336,0.8660254037844387,-0.4999999999999998,142.0,115.6875,51.0,13.95,34.0,100.0,66.0,-1.0,4.440233,0.0,4.85,17.6111111,39.0,39.03333333333333,39.45,39.5,39.0,-11.869481473333334,-0.0462963333333306,0.104,5.641333333333334,5.821333333333333,17.65925926555556,5.63888888888889,5.851298,5.8674817,5.8867826,5.956849,5.8500047,0,4.0,0,0.0,-1.2,35.1,64.9
2023-04-18 08:45:00,60.530634227778,0.0,0.0,17.6111111,5.821333333333333,39.0,0,5.1764362714980825,70.66250196097344,8,1,4,0.8660254037844387,-0.4999999999999998,0.7818314824680298,0.6234898018587336,0.8660254037844387,-0.4999999999999998,158.5,133.75,64.20833333333333,15.025000000000002,34.45,100.0,63.5,-1.25,4.350393,0.0,5.125,17.6111111,39.0,39.0,39.03333333333333,39.45,39.0,-11.789777766666669,-0.0037037066666698,0.0759999999999987,5.745333333333334,5.798666666666667,17.629012348888892,5.736000000000001,5.8500047,5.851298,5.8674817,5.8867826,5.8500047,0,4.0,0,0.0,-1.2,35.2,64.8
2023-04-18 09:00:00,47.87586263889,0.0,0.0,17.6111111,5.798666666666667,39.0,0,5.1764362714980825,70.66250196097344,9,1,4,0.7071067811865476,-0.7071067811865475,0.7818314824680298,0.6234898018587336,0.8660254037844387,-0.4999999999999998,175.0,150.25,78.79166666666667,16.1,34.9,100.0,61.0,-1.5,4.255588,0.0,5.4,17.605555550000002,39.0,39.0,39.0,39.03333333333333,39.0,-11.812444433333331,0.0,-0.0226666666666659,5.821333333333333,5.939333333333334,17.61234566888889,5.788444444444445,5.8500047,5.8500047,5.851298,5.8674817,5.848066,0,4.0,0,0.0,-1.2,35.2,64.8
2023-04-18 09:15:00,55.943595483334,0.0,0.0,17.605555550000002,5.939333333333334,39.0,0,5.1764362714980825,70.66250196097344,9,1,4,0.7071067811865476,-0.7071067811865475,0.7818314824680298,0.6234898018587336,0.8660254037844387,-0.4999999999999998,184.25,164.9375,93.77083333333331,16.575,36.175,100.0,61.0,-1.45,4.283696,0.025,5.5,17.57962965,39.0,39.0,39.0,39.0,39.0,-11.666222216666668,-0.0055555499999968,0.1406666666666671,5.798666666666667,5.904,17.609259250000004,5.853111111111112,5.848066,5.8500047,5.8500047,5.851298,5.8390245,0,4.0,0,0.0,-1.2,35.2,64.8
2023-04-18 09:30:00,68.317267249998,0.0,0.0,17.57962965,5.904,39.0,0,5.1764362714980825,70.66250196097344,9,1,4,0.7071067811865476,-0.7071067811865475,0.7818314824680298,0.6234898018587336,0.8660254037844387,-0.4999999999999998,193.5,177.8125,109.14583333333331,17.05,37.45,100.0,61.0,-1.4,4.3119674,0.05,5.6,17.6111111,39.0,39.0,39.0,39.0,39.0,-11.67562965,-0.0259259000000007,-0.0353333333333338,5.939333333333334,5.903333333333333,17.598765433333337,5.880666666666667,5.8390245,5.848066,5.8500047,5.8500047,5.8500047,0,4.0,0,0.0,-1.21,35.5,64.5
2023-04-18 09:45:00,47.620595149998,0.0,0.0,17.6111111,5.903333333333333,39.0,0,5.1764362714980825,70.66250196097344,9,1,4,0.7071067811865476,-0.7071067811865475,0.7818314824680298,0.6234898018587336,0.8660254037844387,-0.4999999999999998,202.75,188.875,124.91666666666669,17.525,38.725,100.0,61.0,-1.35,4.3404016,0.075,5.7,17.6111111,39.0,39.0,39.0,39.0,39.0,-11.707777766666666,0.0314814499999975,-0.0006666666666665,5.904,5.981333333333334,17.598765433333334,5.915555555555557,5.8500047,5.8390245,5.848066,5.8500047,5.8500047,0,4.0,0,0.0,-1.2,35.2,64.8
2023-04-18 10:00:00,47.746145627778,0.0,0.0,17.6111111,5.981333333333334,39.0,0,5.1764362714980825,70.66250196097344,10,1,4,0.4999999999999999,-0.8660254037844387,0.7818314824680298,0.6234898018587336,0.8660254037844387,-0.4999999999999998,212.0,198.125,141.08333333333334,18.0,40.0,100.0,61.0,-1.3,4.369,0.1,5.8,17.61666666,39.0,39.0,39.0,39.0,38.65,-11.629777766666663,0.0,0.0780000000000002,5.903333333333333,6.084666666666666,17.600617283333335,5.929555555555556,5.8500047,5.8500047,5.8390245,5.848066,5.7994266,0,4.0,0,0.0,-1.2,35.2,64.8
2023-04-18 10:15:00,66.315958405554,0.0,0.0,17.61666666,6.084666666666666,38.65,0,5.1764362714980825,70.66250196097344,10,1,4,0.4999999999999999,-0.8660254037844387,0.7818314824680298,0.6234898018587336,0.8660254037844387,-0.4999999999999998,214.25,205.625,155.54166666666666,17.825,40.075,100.0,62.25,-1.1,4.422075,0.125,5.675,17.662962993333334,39.0,39.0,39.0,39.0,38.5,-11.531999993333333,0.0055555600000012,0.1033333333333326,5.981333333333334,6.164666666666666,17.612962953333334,5.989777777777778,5.7994266,5.8500047,5.8500047,5.8390245,5.792897,0,4.0,0,0.0,-1.2,35.2,64.8
2023-04-18 10:30:00,58.003790905554,0.0,0.0,17.662962993333334,6.164666666666666,38.5,0,5.1764362714980825,70.66250196097344,10,1,4,0.4999999999999999,-0.8660254037844387,0.7818314824680298,0.6234898018587336,0.8660254037844387,-0.4999999999999998,216.5,211.375,168.29166666666666,17.65,40.15,100.0,63.5,-0.9,4.473952,0.15,5.55,17.67222225,38.65,39.0,39.0,39.0,38.5,-11.498296326666669,0.0462963333333341,0.08,6.084666666666666,5.988,17.63024691777778,6.076888888888889,5.792897,5.7994266,5.8500047,5.8500047,5.7960963,0,4.0,0,0.0,-1.19,34.7,65.3
2023-04-18 10:45:00,45.872053944444,0.0,0.0,17.67222225,5.988,38.5,0,5.1764362714980825,70.66250196097344,10,1,4,0.4999999999999999,-0.8660254037844387,0.7818314824680298,0.6234898018587336,0.8660254037844387,-0.4999999999999998,218.75,215.375,179.33333333333334,17.475,40.225,100.0,64.75,-0.7,4.524645,0.175,5.425,17.69814815,38.5,38.65,39.0,39.0,38.31666666666667,-11.68422225,0.0092592566666667,-0.1766666666666667,6.164666666666666,5.496666666666667,17.65061730111111,6.079111111111111,5.7960963,5.792897,5.7994266,5.8500047,5.7774215,0,4.0,0,0.0,-1.19,34.6,65.4
2023-04-18 11:00:00,43.796859338882,0.0,0.0,17.69814815,5.496666666666667,38.31666666666667,0,5.1764362714980825,70.66250196097344,11,1,4,0.258819045102521,-0.9659258262890682,0.7818314824680298,0.6234898018587336,0.8660254037844387,-0.4999999999999998,221.0,217.625,188.66666666666663,17.3,40.3,100.0,66.0,-0.5,4.5741677,0.2,5.3,17.677777810000002,38.5,38.5,38.65,39.0,38.35,-12.201481483333335,0.0259259000000007,-0.4913333333333325,5.988,4.583333333333333,17.67777779777778,5.883111111111112,5.7774215,5.7960963,5.792897,5.7994266,5.7754273,0,4.0,0,0.0,-1.18,34.3,65.7
2023-04-18 11:15:00,68.020612366668,0.0,0.0,17.677777810000002,4.583333333333333,38.35,0,5.1764362714980825,70.66250196097344,11,1,4,0.258819045102521,-0.9659258262890682,0.7818314824680298,0.6234898018587336,0.8660254037844387,-0.4999999999999998,263.25,229.875,200.14583333333331,17.075,41.025,100.0,67.0,-0.15,4.697309,0.225,5.475,17.91296299,38.31666666666667,38.5,38.5,38.65,38.5,-13.09444447666667,-0.0203703399999994,-0.913333333333334,5.496666666666667,5.455333333333333,17.68271607,5.356000000000001,5.7754273,5.7774215,5.7960963,5.792897,5.8798356,0,4.0,0,0.0,-1.19,34.5,65.5
2023-04-18 11:30:00,46.836182011112,0.0,0.0,17.91296299,5.455333333333333,38.5,0,5.1764362714980825,70.66250196097344,11,1,4,0.258819045102521,-0.9659258262890682,0.7818314824680298,0.6234898018587336,0.8660254037844387,-0.4999999999999998,305.5,252.125,213.77083333333331,16.85,41.75,100.0,68.0,0.1999999999999999,4.8226094,0.25,5.65,18.41111112,38.35,38.31666666666667,38.5,38.5,38.1,-12.457629656666668,0.2351851799999984,0.8719999999999999,4.583333333333333,6.476666666666668,17.762962983333335,5.1784444444444455,5.8798356,5.7754273,5.7774215,5.7960963,5.9935255,0,4.0,0,0.0,-1.13,31.8,68.2
2023-04-18 11:45:00,42.321640383334,0.0,0.0,18.41111112,6.476666666666668,38.1,0,5.1764362714980825,70.66250196097344,11,1,4,0.258819045102521,-0.9659258262890682,0.7818314824680298,0.6234898018587336,0.8660254037844387,-0.4999999999999998,347.75,284.375,229.54166666666663,16.625,42.475,100.0,69.0,0.5499999999999998,4.9501,0.275,5.825,18.62407408,38.5,38.35,38.31666666666667,38.5,37.53333333333333,-11.934444453333334,0.4981481300000006,1.0213333333333343,5.455333333333333,7.0953333333333335,18.00061730666667,5.505111111111112,5.9935255,5.8798356,5.7754273,5.7774215,5.9793487,0,4.0,0,0.0,-1.01,26.7,73.3
2023-04-18 12:00:00,53.284812838894,0.0,0.0,18.62407408,7.0953333333333335,37.53333333333333,0,5.1764362714980825,70.66250196097344,12,1,4,1.2246467991473532e-16,-1.0,0.7818314824680298,0.6234898018587336,0.8660254037844387,-0.4999999999999998,390.0,326.625,247.45833333333331,16.4,43.2,100.0,70.0,0.9,5.079809,0.3,6.0,18.72222222,38.1,38.5,38.35,38.31666666666667,37.45,-11.528740746666667,0.2129629599999987,0.618666666666666,6.476666666666668,7.056666666666667,18.316049396666667,6.342444444444446,5.9793487,5.9935255,5.8798356,5.7754273,6.000821,0,4.0,0,0.0,-0.97,24.8,75.2
2023-04-18 12:15:00,54.860305383338,0.0,0.0,18.72222222,7.056666666666667,37.45,0,5.1764362714980825,70.66250196097344,12,1,4,1.2246467991473532e-16,-1.0,0.7818314824680298,0.6234898018587336,0.8660254037844387,-0.4999999999999998,423.75,366.75,267.4166666666667,16.799999999999997,43.3,99.5,69.25,0.875,5.0666986,0.325,6.125,18.93888891,37.53333333333333,38.1,38.5,38.35,36.85,-11.665555553333332,0.0981481399999992,-0.0386666666666668,7.0953333333333335,7.189333333333334,18.58580247333333,6.876222222222222,6.000821,5.9793487,5.9935255,5.8798356,5.980773,0,4.0,0,0.0,-0.95,23.9,76.1
2023-04-18 12:30:00,51.930144911112,0.0,0.0,18.93888891,7.189333333333334,36.85,0,5.1764362714980825,70.66250196097344,12,1,4,1.2246467991473532e-16,-1.0,0.7818314824680298,0.6234898018587336,0.8660254037844387,-0.4999999999999998,457.5,404.75,289.4166666666667,17.2,43.400000000000006,99.0,68.5,0.8500000000000001,5.0529857,0.35,6.25,19.09444445,37.45,37.53333333333333,38.1,38.5,36.45,-11.749555576666666,0.2166666900000002,0.1326666666666671,7.056666666666667,6.844666666666667,18.761728403333336,7.11377777777778,5.980773,6.000821,5.9793487,5.9935255,5.970408,0,4.0,0,0.0,-0.9,22.0,78.0
2023-04-18 12:45:00,48.174184072222,0.0,0.0,19.09444445,6.844666666666667,36.45,0,5.1764362714980825,70.66250196097344,12,1,4,1.2246467991473532e-16,-1.0,0.7818314824680298,0.6234898018587336,0.8660254037844387,-0.4999999999999998,491.25,440.625,313.4583333333333,17.6,43.5,98.5,67.75,0.8250000000000001,5.0386643,0.375,6.375,19.131481486666665,36.85,37.45,37.53333333333333,38.1,36.03333333333333,-12.249777783333334,0.1555555400000017,-0.3446666666666669,7.189333333333334,7.248666666666667,18.91851852666667,7.030222222222224,5.970408,5.980773,6.000821,5.9793487,5.9150634,0,4.0,0,0.0,-0.86,20.8,79.2
2023-04-18 13:00:00,47.889473277776,0.0,0.0,19.131481486666665,7.248666666666667,36.03333333333333,0,5.1764362714980825,70.66250196097344,13,1,4,-0.2588190451025208,-0.9659258262890684,0.7818314824680298,0.6234898018587336,0.8660254037844387,-0.4999999999999998,525.0,474.375,339.5416666666667,18.0,43.6,98.0,67.0,0.8,5.023725,0.4,6.5,19.21111111,36.45,36.85,37.45,37.53333333333333,36.0,-11.882814819999998,0.0370370366666641,0.4039999999999999,6.844666666666667,6.918666666666667,19.05493828222222,7.094222222222224,5.9150634,5.970408,5.980773,6.000821,5.937392,0,4.0,0,0.0,-0.86,20.5,79.5
2023-04-18 13:15:00,607.845963072218,0.0,0.0,19.21111111,6.918666666666667,36.0,0,5.1764362714980825,70.66250196097344,13,1,4,-0.2588190451025208,-0.9659258262890684,0.7818314824680298,0.6234898018587336,0.8660254037844387,-0.4999999999999998,515.0,497.1875,364.6041666666667,18.175,44.125,98.5,65.5,0.5,4.9273024,0.375,6.55,19.274074093333333,36.03333333333333,36.45,36.85,37.45,35.81666666666667,-12.292444443333334,0.0796296233333357,-0.33,7.248666666666667,6.732,19.14567901555556,7.004,5.937392,5.9150634,5.970408,5.980773,5.9291067,0,4.0,0,0.0,-0.84,19.9,80.1
2023-04-18 13:30:00,152.365571666672,0.0,0.0,19.274074093333333,6.732,35.81666666666667,0,5.1764362714980825,70.66250196097344,13,1,4,-0.2588190451025208,-0.9659258262890684,0.7818314824680298,0.6234898018587336,0.8660254037844387,-0.4999999999999998,505.0,509.0625,388.6458333333333,18.35,44.650000000000006,99.0,64.0,0.1999999999999999,4.8301907,0.35,6.6,19.18888892,36.0,36.03333333333333,36.45,36.85,35.85,-12.542074093333332,0.0629629833333318,-0.1866666666666665,6.918666666666667,6.312,19.20555556333333,6.966444444444445,5.9291067,5.937392,5.9150634,5.970408,5.904915,0,4.0,0,0.0,-0.83,19.4,80.6
2023-04-18 13:45:00,53.636465605554,0.0,0.0,19.18888892,6.312,35.85,0,5.1764362714980825,70.66250196097344,13,1,4,-0.2588190451025208,-0.9659258262890684,0.7818314824680298,0.6234898018587336,0.8660254037844387,-0.4999999999999998,495.0,510.0,411.6666666666667,18.525,45.175,99.5,62.5,-0.1,4.7323856,0.325,6.65,19.04259262,35.81666666666667,36.0,36.03333333333333,36.45,36.0,-12.87688892,-0.0851851733333326,-0.4199999999999999,6.732,5.04,19.224691374444443,6.654222222222224,5.904915,5.9291067,5.937392,5.9150634,5.8786907,0,4.0,0,0.0,-0.85,20.1,79.9
2023-04-18 14:00:00,42.261087422216,0.0,0.0,19.04259262,5.04,36.0,0,5.1764362714980825,70.66250196097344,14,1,4,-0.4999999999999997,-0.8660254037844388,0.7818314824680298,0.6234898018587336,0.8660254037844387,-0.4999999999999998,485.0,500.0,433.6666666666667,18.7,45.7,100.0,61.0,-0.4,4.6338835,0.3,6.7,18.90555556,35.85,35.81666666666667,36.0,36.03333333333333,36.35,-14.00259262,-0.1462962999999995,-1.2720000000000002,6.312,5.0633333333333335,19.16851854444445,6.028000000000001,5.8786907,5.904915,5.9291067,5.937392,5.888022,0,4.0,0,0.0,-0.88,21.3,78.7
2023-04-18 14:15:00,42.803287916662,0.0,0.0,18.90555556,5.0633333333333335,36.35,0,5.1764362714980825,70.66250196097344,14,1,4,-0.4999999999999997,-0.8660254037844388,0.7818314824680298,0.6234898018587336,0.8660254037844387,-0.4999999999999998,462.25,486.8125,450.25,19.075,45.7,100.0,57.5,-0.9,4.475881,0.25,7.075,18.692592576666662,36.0,35.85,35.81666666666667,36.0,36.68333333333333,-13.842222226666667,-0.1370370600000008,0.0233333333333334,5.04,4.784666666666666,19.04567903333333,5.4717777777777785,5.888022,5.8786907,5.904915,5.9291067,5.867681,0,4.0,0,0.0,-0.91,22.4,77.6
2023-04-18 14:30:00,65.21072486666401,0.0,0.0,18.692592576666662,4.784666666666666,36.68333333333333,0,5.1764362714980825,70.66250196097344,14,1,4,-0.4999999999999997,-0.8660254037844388,0.7818314824680298,0.6234898018587336,0.8660254037844387,-0.4999999999999998,439.5,470.4375,461.4166666666667,19.45,45.7,100.0,54.0,-1.4,4.3069253,0.2,7.449999999999999,18.52777777,36.35,36.0,35.85,35.81666666666667,37.35,-13.90792591,-0.2129629833333339,-0.278666666666667,5.0633333333333335,5.266,18.88024691888889,4.962666666666667,5.867681,5.888022,5.8786907,5.904915,5.9163094,0,4.0,0,0.0,-0.96,24.3,75.7
2023-04-18 14:45:00,51.182674844444,0.0,0.0,18.52777777,5.266,37.35,0,5.1764362714980825,70.66250196097344,14,1,4,-0.4999999999999997,-0.8660254037844388,0.7818314824680298,0.6234898018587336,0.8660254037844387,-0.4999999999999998,416.75,450.875,467.1666666666667,19.825,45.7,100.0,50.5,-1.9,4.126628,0.15,7.824999999999999,18.427777756666668,36.68333333333333,36.35,36.0,35.85,37.68333333333333,-13.26177777,-0.1648148066666657,0.4813333333333336,4.784666666666666,5.862,18.708641968888887,5.038000000000001,5.9163094,5.867681,5.888022,5.8786907,5.9338408,0,4.0,0,0.0,-0.99,25.7,74.3
2023-04-18 15:00:00,276.631434483326,0.0,0.0,18.427777756666668,5.862,37.68333333333333,0,5.1764362714980825,70.66250196097344,15,1,4,-0.7071067811865471,-0.7071067811865479,0.7818314824680298,0.6234898018587336,0.8660254037844387,-0.4999999999999998,394.0,428.125,467.5,20.2,45.7,100.0,47.0,-2.4,3.9345922,0.1,8.2,18.34999998,37.35,36.68333333333333,36.35,36.0,38.0,-12.565777756666668,-0.1000000133333323,0.5960000000000001,5.266,5.989333333333334,18.549382701111117,5.304222222222223,5.9338408,5.9163094,5.867681,5.888022,5.9561667,0,4.0,0,0.0,-1.01,26.7,73.3
2023-04-18 15:15:00,47.8122541,0.0,0.0,18.34999998,5.989333333333334,38.0,0,5.1764362714980825,70.66250196097344,15,1,4,-0.7071067811865471,-0.7071067811865479,0.7818314824680298,0.6234898018587336,0.8660254037844387,-0.4999999999999998,348.25,399.625,461.2083333333333,20.325,45.875,100.0,47.5,-2.4,3.950929,0.075,8.1,18.31296295,37.68333333333333,37.35,36.68333333333333,36.35,38.0,-12.360666646666663,-0.077777776666668,0.1273333333333335,5.862,5.874666666666667,18.43518516888889,5.7057777777777785,5.9561667,5.9338408,5.9163094,5.867681,5.9430947,0,4.0,0,0.0,-1.03,27.4,72.6
2023-04-18 15:30:00,55.31584269445,0.0,0.0,18.31296295,5.874666666666667,38.0,0,5.1764362714980825,70.66250196097344,15,1,4,-0.7071067811865471,-0.7071067811865479,0.7818314824680298,0.6234898018587336,0.8660254037844387,-0.4999999999999998,302.5,365.375,448.2916666666667,20.45,46.05,100.0,48.0,-2.4,3.9668725,0.05,8.0,18.27222224,38.0,37.68333333333333,37.35,36.68333333333333,38.0,-12.438296283333331,-0.0370370300000004,-0.1146666666666664,5.989333333333334,6.060666666666666,18.36358022888889,5.908666666666668,5.9430947,5.9561667,5.9338408,5.9163094,5.928742,0,4.0,0,0.0,-1.04,27.7,72.3
2023-04-18 15:45:00,56.9218897,0.0,0.0,18.27222224,6.060666666666666,38.0,0,5.1764362714980825,70.66250196097344,15,1,4,-0.7071067811865471,-0.7071067811865479,0.7818314824680298,0.6234898018587336,0.8660254037844387,-0.4999999999999998,256.75,325.375,428.75,20.575,46.225,100.0,48.5,-2.4,3.9824276,0.0249999999999999,7.899999999999999,18.225925906666667,38.0,38.0,37.68333333333333,37.35,38.18333333333333,-12.211555573333335,-0.0407407099999979,0.185999999999999,5.874666666666667,5.854,18.311728390000003,5.974888888888889,5.928742,5.9430947,5.9561667,5.9338408,5.9409933,0,4.0,0,0.0,-1.05,28.1,71.9
2023-04-18 16:00:00,74.578128022216,0.0,0.0,18.225925906666667,5.854,38.18333333333333,0,5.1764362714980825,70.66250196097344,16,1,4,-0.8660254037844385,-0.5000000000000004,0.7818314824680298,0.6234898018587336,0.8660254037844387,-0.4999999999999998,211.0,279.625,402.5833333333333,20.7,46.4,100.0,49.0,-2.4,3.9975972,0.0,7.8,18.2222222,38.0,38.0,38.0,37.68333333333333,38.85,-12.371925906666668,-0.0462963333333341,-0.2066666666666661,6.060666666666666,5.537333333333334,18.27037036555556,5.929777777777779,5.9409933,5.928742,5.9430947,5.9561667,6.043391,0,4.0,0,0.0,-1.06,28.6,71.4
2023-04-18 16:15:00,54.642536411112,0.0,0.0,18.2222222,5.537333333333334,38.85,0,5.1764362714980825,70.66250196097344,16,1,4,-0.8660254037844385,-0.5000000000000004,0.7818314824680298,0.6234898018587336,0.8660254037844387,-0.4999999999999998,178.5,237.1875,374.5416666666667,19.3,45.95,100.0,50.75,-2.15,4.0805936,0.05,7.575,18.20185185,38.18333333333333,38.0,38.0,38.0,38.81666666666667,-12.684888866666668,-0.0037037066666663,-0.3166666666666664,5.854,5.303333333333333,18.24012344888889,5.817333333333334,6.043391,5.9409933,5.928742,5.9430947,6.0309076,0,4.0,0,0.0,-1.05,28.5,71.5
2023-04-18 16:30:00,56.47301882222,0.0,0.0,18.20185185,5.303333333333333,38.81666666666667,0,5.1764362714980825,70.66250196097344,16,1,4,-0.8660254037844385,-0.5000000000000004,0.7818314824680298,0.6234898018587336,0.8660254037844387,-0.4999999999999998,146.0,198.0625,344.625,17.9,45.5,100.0,52.5,-1.9,4.1602488,0.1,7.35,18.1666667,38.85,38.18333333333333,38.0,38.0,38.5,-12.898518516666668,-0.0203703500000003,-0.2340000000000008,5.537333333333334,5.399333333333333,18.216666652222223,5.56488888888889,6.0309076,6.043391,5.9409933,5.928742,5.9692183,0,4.0,0,0.0,-1.06,28.7,71.3
2023-04-18 16:45:00,59.519841227782,0.0,0.0,18.1666667,5.399333333333333,38.5,0,5.1764362714980825,70.66250196097344,16,1,4,-0.8660254037844385,-0.5000000000000004,0.7818314824680298,0.6234898018587336,0.8660254037844387,-0.4999999999999998,113.5,162.25,312.8333333333333,16.5,45.05,100.0,54.25,-1.65,4.2366323,0.15,7.125,18.14629631333333,38.81666666666667,38.85,38.18333333333333,38.0,38.31666666666667,-12.767333366666668,-0.0351851500000002,0.096,5.303333333333333,5.540666666666667,18.19691358333333,5.413333333333334,5.9692183,6.0309076,6.043391,5.9409933,5.9336066,0,4.0,0,0.0,-1.07,29.1,70.9
2023-04-18 17:00:00,53.307867533336,0.0,0.0,18.14629631333333,5.540666666666667,38.31666666666667,0,5.1764362714980825,70.66250196097344,17,1,4,-0.9659258262890684,-0.2588190451025206,0.7818314824680298,0.6234898018587336,0.8660254037844387,-0.4999999999999998,81.0,129.75,279.1666666666667,15.1,44.6,100.0,56.0,-1.4,4.309812,0.2,6.9,18.07222225,38.5,38.81666666666667,38.85,38.18333333333333,38.0,-12.605629646666667,-0.0203703866666664,0.1413333333333337,5.399333333333333,5.584,18.171604954444447,5.414444444444444,5.9336066,5.9692183,6.0309076,6.043391,5.8587174,0,4.0,0,0.0,-1.07,29.4,70.6
2023-04-18 17:15:00,46.313703061106,0.0,0.0,18.07222225,5.584,38.0,0,5.1764362714980825,70.66250196097344,17,1,4,-0.9659258262890684,-0.2588190451025206,0.7818314824680298,0.6234898018587336,0.8660254037844387,-0.4999999999999998,80.0,105.125,247.3125,15.65,42.45,100.0,57.0,-1.2999999999999998,4.3300223,0.2,6.7,18.0555556,38.31666666666667,38.5,38.81666666666667,38.85,38.0,-12.48822225,-0.0740740633333345,0.043333333333333,5.540666666666667,5.704666666666666,18.12839508777778,5.508,5.8587174,5.9336066,5.9692183,6.0309076,5.852916,0,4.0,0,0.0,-1.09,30.2,69.8
2023-04-18 17:30:00,48.736939394442,0.0,0.0,18.0555556,5.704666666666666,38.0,0,5.1764362714980825,70.66250196097344,17,1,4,-0.9659258262890684,-0.2588190451025206,0.7818314824680298,0.6234898018587336,0.8660254037844387,-0.4999999999999998,79.0,88.375,217.27083333333331,16.2,40.3,100.0,58.0,-1.2,4.3488955,0.2,6.5,18.0555556,38.0,38.31666666666667,38.5,38.81666666666667,37.65,-12.350888933333335,-0.0166666499999976,0.1206666666666667,5.584,5.505333333333334,18.091358054444445,5.609777777777778,5.852916,5.8587174,5.9336066,5.9692183,5.7990074,0,4.0,0,0.0,-1.1,30.4,69.6
2023-04-18 17:45:00,62.679714744452,0.0,0.0,18.0555556,5.505333333333334,37.65,0,5.1764362714980825,70.66250196097344,17,1,4,-0.9659258262890684,-0.2588190451025206,0.7818314824680298,0.6234898018587336,0.8660254037844387,-0.4999999999999998,78.0,79.5,189.04166666666663,16.75,38.15,100.0,59.0,-1.1,4.3664584,0.2,6.3,18.03518521333333,38.0,38.0,38.31666666666667,38.5,37.31666666666667,-12.550222266666667,0.0,-0.1993333333333327,5.704666666666666,5.240666666666667,18.06111115,5.598,5.7990074,5.852916,5.8587174,5.9336066,5.740708,0,4.0,0,0.0,-1.1,30.5,69.5
2023-04-18 18:00:00,63.128030311112,0.0,0.0,18.03518521333333,5.240666666666667,37.31666666666667,0,5.1764362714980825,70.66250196097344,18,1,4,-1.0,-1.8369701987210294e-16,0.7818314824680298,0.6234898018587336,0.8660254037844387,-0.4999999999999998,77.0,78.5,162.625,17.3,36.0,100.0,60.0,-1.0,4.382738,0.2,6.1,18.0,37.65,38.0,38.0,38.31666666666667,37.0,-12.794518546666666,-0.02037038666667,-0.2646666666666668,5.505333333333334,5.278666666666667,18.048765471111118,5.483555555555557,5.740708,5.7990074,5.852916,5.8587174,5.6800933,0,4.0,0,0.0,-1.11,30.8,69.2
2023-04-18 18:15:00,1183.02989916111,0.0,0.0,18.0,5.278666666666667,37.0,0,5.1764362714980825,70.66250196097344,18,1,4,-1.0,-1.8369701987210294e-16,0.7818314824680298,0.6234898018587336,0.8660254037844387,-0.4999999999999998,68.25,75.5625,139.29166666666666,17.05,36.55,100.0,61.25,-1.1,4.3725276,0.2,5.75,18.0,37.31666666666667,37.65,38.0,38.0,36.81666666666667,-12.721333333333334,-0.0351852133333316,0.0380000000000002,5.240666666666667,5.028666666666667,18.03024693777778,5.341555555555556,5.6800933,5.740708,5.7990074,5.852916,5.6519485,0,4.0,0,0.0,-1.12,31.2,68.8
2023-04-18 18:30:00,977.549785311112,0.0,0.0,18.0,5.028666666666667,36.81666666666667,0,5.1764362714980825,70.66250196097344,18,1,4,-1.0,-1.8369701987210294e-16,0.7818314824680298,0.6234898018587336,0.8660254037844387,-0.4999999999999998,59.5,70.6875,119.04166666666669,16.8,37.1,100.0,62.5,-1.2,4.3602333,0.2,5.4,17.961111080000002,37.0,37.31666666666667,37.65,38.0,36.5,-12.971333333333334,0.0,-0.25,5.278666666666667,4.828,18.011728404444444,5.182666666666668,5.6519485,5.6800933,5.740708,5.7990074,5.590386,0,4.0,0,0.0,-1.12,31.3,68.7
2023-04-18 18:45:00,85.461303644444,0.0,0.0,17.961111080000002,4.828,36.5,0,5.1764362714980825,70.66250196097344,18,1,4,-1.0,-1.8369701987210294e-16,0.7818314824680298,0.6234898018587336,0.8660254037844387,-0.4999999999999998,50.75,63.875,101.875,16.55,37.650000000000006,100.0,63.75,-1.2999999999999998,4.3459435,0.2,5.05,17.9444444,36.81666666666667,37.0,37.31666666666667,37.65,36.31666666666667,-13.133111080000004,-0.0388889199999979,-0.2006666666666667,5.028666666666667,4.243333333333333,17.98703702666667,5.045111111111112,5.590386,5.6519485,5.6800933,5.740708,5.5567923,0,4.0,0,0.0,-1.13,31.7,68.3
2023-04-18 19:00:00,746.4956946444399,0.0,0.0,17.9444444,4.243333333333333,36.31666666666667,0,5.1764362714980825,70.66250196097344,19,1,4,-0.9659258262890684,0.2588190451025203,0.7818314824680298,0.6234898018587336,0.8660254037844387,-0.4999999999999998,42.0,55.125,87.79166666666667,16.3,38.2,100.0,65.0,-1.4,4.3297453,0.2,4.7,17.93888885,36.5,36.81666666666667,37.0,37.31666666666667,36.0,-13.701111066666666,-0.0166666800000037,-0.5846666666666671,4.828,4.175333333333333,17.968518493333335,4.700000000000001,5.5567923,5.590386,5.6519485,5.6800933,5.506519,0,4.0,0,0.0,-1.13,32.0,68.0
2023-04-18 19:15:00,338.192027494438,0.0,0.0,17.93888885,4.175333333333333,36.0,0,5.1764362714980825,70.66250196097344,19,1,4,-0.9659258262890684,0.2588190451025203,0.7818314824680298,0.6234898018587336,0.8660254037844387,-0.4999999999999998,33.5,46.4375,75.70833333333333,16.275,37.75,100.0,65.5,-1.6749999999999998,4.2417154,0.15,4.275,17.8925926,36.31666666666667,36.5,36.81666666666667,37.0,35.81666666666667,-13.763555516666669,-0.0055555499999968,-0.0680000000000005,4.243333333333333,4.040666666666667,17.94814811,4.415555555555556,5.506519,5.5567923,5.590386,5.6519485,5.4634,0,4.0,0,0.0,-1.13,32.1,67.9
2023-04-18 19:30:00,48.683885883334,0.0,0.0,17.8925926,4.040666666666667,35.81666666666667,0,5.1764362714980825,70.66250196097344,19,1,4,-0.9659258262890684,0.2588190451025203,0.7818314824680298,0.6234898018587336,0.8660254037844387,-0.4999999999999998,25.0,37.8125,65.625,16.25,37.3,100.0,66.0,-1.95,4.154817,0.1,3.85,17.8888889,36.0,36.31666666666667,36.5,36.81666666666667,35.5,-13.851925933333334,-0.046296250000001,-0.134666666666666,4.175333333333333,3.933333333333333,17.92530861666667,4.153111111111111,5.4634,5.506519,5.5567923,5.590386,5.413902,0,4.0,0,0.0,-1.15,32.7,67.3
2023-04-18 19:45:00,63.2508032,0.0,0.0,17.8888889,3.933333333333333,35.5,0,5.1764362714980825,70.66250196097344,19,1,4,-0.9659258262890684,0.2588190451025203,0.7818314824680298,0.6234898018587336,0.8660254037844387,-0.4999999999999998,16.499999999999996,29.25,57.54166666666666,16.225,36.85,100.0,66.5,-2.225,4.0690575,0.0499999999999999,3.425,17.868518513333335,35.81666666666667,36.0,36.31666666666667,36.5,35.31666666666667,-13.955555566666668,-0.003703699999999,-0.1073333333333335,4.040666666666667,3.9766666666666666,17.90679011666667,4.049777777777778,5.413902,5.4634,5.506519,5.5567923,5.379413,0,4.0,0,0.0,-1.15,32.8,67.2
2023-04-18 20:00:00,46.392033211108,0.0,0.0,17.868518513333335,3.9766666666666666,35.31666666666667,0,5.1764362714980825,70.66250196097344,20,1,4,-0.8660254037844386,0.5000000000000001,0.7818314824680298,0.6234898018587336,0.8660254037844387,-0.4999999999999998,8.0,20.75,51.458333333333336,16.2,36.4,100.0,67.0,-2.5,3.984441,0.0,3.0,17.8333333,35.5,35.81666666666667,36.0,36.31666666666667,35.1,-13.891851846666668,-0.0203703866666664,0.0433333333333334,3.933333333333333,4.181333333333333,17.88333333777778,3.983555555555556,5.379413,5.413902,5.4634,5.506519,5.33522,0,4.0,0,0.0,-1.15,33.0,67.0
2023-04-18 20:15:00,240.9836936,0.0,0.0,17.8333333,4.181333333333333,35.1,0,5.1764362714980825,70.66250196097344,20,1,4,-0.8660254037844386,0.5000000000000001,0.7818314824680298,0.6234898018587336,0.8660254037844387,-0.4999999999999998,6.0,13.875,45.29166666666666,16.025,35.85,97.75,66.5,-2.675,3.9414394,0.0,2.95,17.874074036666666,35.31666666666667,35.5,35.81666666666667,36.0,38.86666666666667,-13.651999966666668,-0.0351852133333352,0.2046666666666663,3.9766666666666666,4.050666666666666,17.86358023777778,4.030444444444445,5.33522,5.379413,5.413902,5.4634,5.9221063,0,4.0,0,0.0,-1.16,33.5,66.5
2023-04-18 20:30:00,1241.60227833889,0.0,0.0,17.874074036666666,4.050666666666666,38.86666666666667,0,5.1764362714980825,70.66250196097344,20,1,4,-0.8660254037844386,0.5000000000000001,0.7818314824680298,0.6234898018587336,0.8660254037844387,-0.4999999999999998,4.0,8.625,39.04166666666666,15.85,35.3,95.5,66.0,-2.85,3.8986766,0.0,2.9,18.0722222,35.1,35.31666666666667,35.5,35.81666666666667,46.55,-13.82340737,0.0407407366666667,-0.1306666666666665,4.181333333333333,3.806666666666666,17.858641950000003,4.069555555555556,5.9221063,5.33522,5.379413,5.413902,7.176929,0,4.0,0,0.0,-1.14,32.2,67.8
2023-04-18 20:45:00,751.63437775556,0.0,0.0,18.0722222,3.806666666666666,46.55,0,5.1764362714980825,70.66250196097344,20,1,4,-0.8660254037844386,0.5000000000000001,0.7818314824680298,0.6234898018587336,0.8660254037844387,-0.4999999999999998,2.0,5.0,32.708333333333336,15.675,34.75,93.25,65.5,-3.0250000000000004,3.8561509,0.0,2.85,18.19444444333333,38.86666666666667,35.1,35.31666666666667,35.5,45.48333333333333,-14.265555533333332,0.1981481633333324,-0.2439999999999997,4.050666666666666,3.665333333333333,17.926543178888892,4.012888888888889,7.176929,5.9221063,5.33522,5.379413,7.06359,0,4.0,0,0.0,-1.05,28.3,71.7
2023-04-18 21:00:00,503.263479855552,0.0,0.0,18.19444444333333,3.665333333333333,45.48333333333333,0,5.1764362714980825,70.66250196097344,21,1,4,-0.7071067811865477,0.7071067811865474,0.7818314824680298,0.6234898018587336,0.8660254037844387,-0.4999999999999998,0.0,3.0,26.291666666666668,15.5,34.2,91.0,65.0,-3.2,3.813862,0.0,2.8,18.1666667,46.55,38.86666666666667,35.1,35.31666666666667,44.15,-14.529111110000002,0.1222222433333364,-0.1413333333333333,3.806666666666666,3.606666666666667,18.04691356,3.840888888888889,7.06359,7.176929,5.9221063,5.33522,6.845221,0,4.0,0,0.0,-1.03,27.3,72.7
2023-04-18 21:15:00,49.678290522224,0.0,0.0,18.1666667,3.606666666666667,44.15,0,5.1764362714980825,70.66250196097344,21,1,4,-0.7071067811865477,0.7071067811865474,0.7818314824680298,0.6234898018587336,0.8660254037844387,-0.4999999999999998,0.0,1.5,20.604166666666668,15.3,33.85,77.0,65.0,-3.25,3.788269,0.0,2.7,18.1666667,45.48333333333333,46.55,38.86666666666667,35.1,42.96666666666667,-14.560000033333331,-0.0277777433333348,-0.0586666666666664,3.665333333333333,3.5900000000000003,18.14444444777778,3.6928888888888896,6.845221,7.06359,7.176929,5.9221063,6.6617513,0,4.0,0,0.0,-1.04,27.9,72.1
2023-04-18 21:30:00,64.519085833332,0.0,0.0,18.1666667,3.5900000000000003,42.96666666666667,0,5.1764362714980825,70.66250196097344,21,1,4,-0.7071067811865477,0.7071067811865474,0.7818314824680298,0.6234898018587336,0.8660254037844387,-0.4999999999999998,0.0,0.5,15.645833333333334,15.1,33.5,63.0,65.0,-3.3,3.7628272,0.0,2.6,18.24444447,44.15,45.48333333333333,46.55,38.86666666666667,43.4,-14.5766667,0.0,-0.0166666666666666,3.606666666666667,3.606666666666667,18.17592594777778,3.620666666666667,6.6617513,6.845221,7.06359,7.176929,6.76009,0,4.0,0,0.0,-1.05,28.1,71.9
2023-04-18 21:45:00,128.199038516666,0.0,0.0,18.24444447,3.606666666666667,43.4,0,5.1764362714980825,70.66250196097344,21,1,4,-0.7071067811865477,0.7071067811865474,0.7818314824680298,0.6234898018587336,0.8660254037844387,-0.4999999999999998,0.0,0.0,11.416666666666666,14.9,33.15,49.0,65.0,-3.35,3.7375345,0.0,2.5,18.2777778,42.96666666666667,44.15,45.48333333333333,46.55,42.2,-14.637777803333334,0.0777777700000008,0.0166666666666666,3.5900000000000003,3.541333333333333,18.192592623333336,3.6011111111111123,6.76009,6.6617513,6.845221,7.06359,6.586196,0,4.0,0,0.0,-1.03,27.2,72.8
2023-04-18 22:00:00,138.336966316666,0.0,0.0,18.2777778,3.541333333333333,42.2,0,5.1764362714980825,70.66250196097344,22,1,4,-0.5000000000000004,0.8660254037844384,0.7818314824680298,0.6234898018587336,0.8660254037844387,-0.4999999999999998,0.0,0.0,7.916666666666667,14.7,32.8,35.0,65.0,-3.4,3.7123916,0.0,2.4,18.24444444,43.4,42.96666666666667,44.15,45.48333333333333,41.1,-14.736444466666663,0.0333333299999978,-0.0653333333333336,3.606666666666667,3.41,18.22962965666667,3.5793333333333344,6.586196,6.76009,6.6617513,6.845221,6.401836,0,4.0,0,0.0,-1.02,27.2,72.8
2023-04-18 22:15:00,139.23054163889,0.0,0.0,18.24444444,3.41,41.1,0,5.1764362714980825,70.66250196097344,22,1,4,-0.5000000000000004,0.8660254037844384,0.7818314824680298,0.6234898018587336,0.8660254037844387,-0.4999999999999998,0.0,0.0,5.125,14.05,32.25,50.0,66.25,-3.325,3.7393003,0.0,2.225,18.274074093333333,42.2,43.4,42.96666666666667,44.15,40.53333333333333,-14.83444444,-0.0333333600000003,-0.1313333333333335,3.541333333333333,3.3346666666666667,18.25555557,3.519333333333334,6.401836,6.586196,6.76009,6.6617513,6.324686,0,4.0,0,0.0,-1.04,27.7,72.3
2023-04-18 22:30:00,129.013172583334,0.0,0.0,18.274074093333333,3.3346666666666667,40.53333333333333,0,5.1764362714980825,70.66250196097344,22,1,4,-0.5000000000000004,0.8660254037844384,0.7818314824680298,0.6234898018587336,0.8660254037844387,-0.4999999999999998,0.0,0.0,3.0416666666666665,13.4,31.7,65.0,67.5,-3.25,3.7649972,0.0,2.05,18.24444444,41.1,42.2,43.4,42.96666666666667,40.2,-14.939407426666666,0.029629653333334,-0.075333333333333,3.41,3.334,18.26543211111111,3.428666666666667,6.324686,6.401836,6.586196,6.76009,6.2616496,0,4.0,0,0.0,-1.03,27.6,72.4
2023-04-18 22:45:00,140.594931494446,0.0,0.0,18.24444444,3.334,40.2,0,5.1764362714980825,70.66250196097344,22,1,4,-0.5000000000000004,0.8660254037844384,0.7818314824680298,0.6234898018587336,0.8660254037844387,-0.4999999999999998,0.0,0.0,1.6666666666666667,12.75,31.15,80.0,68.75,-3.175,3.789505,0.0,1.875,18.294444443333337,40.53333333333333,41.1,42.2,43.4,40.28333333333333,-14.91044444,-0.029629653333334,-0.0006666666666665,3.3346666666666667,3.29,18.25432099111111,3.359555555555556,6.2616496,6.324686,6.401836,6.586196,6.2932825,0,4.0,0,0.0,-1.04,27.9,72.1
2023-04-18 23:00:00,438.685785349994,0.0,0.0,18.294444443333337,3.29,40.28333333333333,0,5.1764362714980825,70.66250196097344,23,1,4,-0.2588190451025215,0.965925826289068,0.7818314824680298,0.6234898018587336,0.8660254037844387,-0.4999999999999998,0.0,0.0,1.0,12.1,30.6,95.0,70.0,-3.1,3.8128455,0.0,1.7,18.32777775,40.2,40.53333333333333,41.1,42.2,39.6,-15.004444443333336,0.0500000033333378,-0.0440000000000004,3.334,3.356666666666667,18.270987658888888,3.319555555555556,6.2932825,6.2616496,6.324686,6.401836,6.198776,0,4.0,0,0.0,-1.03,27.4,72.6
2023-04-18 23:15:00,138.18558335556,0.0,0.0,18.32777775,3.356666666666667,39.6,0,5.1764362714980825,70.66250196097344,23,1,4,-0.2588190451025215,0.965925826289068,0.7818314824680298,0.6234898018587336,0.8660254037844387,-0.4999999999999998,0.0,0.0,0.5,12.175,29.425,91.0,70.0,-3.025,3.8323126,0.0,1.775,18.2814815,40.28333333333333,40.2,40.53333333333333,41.1,39.03333333333333,-14.971111083333332,0.0333333066666625,0.0666666666666673,3.29,3.4233333333333333,18.28888887777778,3.326888888888889,6.198776,6.2932825,6.2616496,6.324686,6.0933084,0,4.0,0,0.0,-1.03,27.2,72.8
2023-04-18 23:30:00,128.281257244452,0.0,0.0,18.2814815,3.4233333333333333,39.03333333333333,0,5.1764362714980825,70.66250196097344,23,1,4,-0.2588190451025215,0.965925826289068,0.7818314824680298,0.6234898018587336,0.8660254037844387,-0.4999999999999998,0.0,0.0,0.1666666666666666,12.25,28.25,87.0,70.0,-2.95,3.8518674,0.0,1.85,18.2777778,39.6,40.28333333333333,40.2,40.53333333333333,38.95,-14.858148166666664,-0.046296250000001,0.0666666666666664,3.356666666666667,3.5246666666666666,18.30123456444445,3.356666666666668,6.0933084,6.198776,6.2932825,6.2616496,6.0789657,0,4.0,0,0.0,-1.04,27.8,72.2
2023-04-18 23:45:00,141.531838450002,0.0,0.0,18.2777778,3.5246666666666666,38.95,0,5.1764362714980825,70.66250196097344,23,1,4,-0.2588190451025215,0.965925826289068,0.7818314824680298,0.6234898018587336,0.8660254037844387,-0.4999999999999998,0.0,0.0,0.0,12.325,27.075,83.0,70.0,-2.875,3.8715096,0.0,1.925,18.257407413333333,39.03333333333333,39.6,40.28333333333333,40.2,38.71666666666667,-14.753111133333332,-0.003703699999999,0.1013333333333332,3.4233333333333333,3.665333333333333,18.295679016666668,3.43488888888889,6.0789657,6.0933084,6.198776,6.2932825,6.035245,0,4.0,0,0.0,-1.04,27.9,72.1
2023-04-19 00:00:00,149.340970438894,0.0,0.0,18.257407413333333,3.665333333333333,38.71666666666667,0,5.1764362714980825,70.66250196097344,0,2,4,0.0,1.0,0.9749279121818236,-0.2225209339563143,0.8660254037844387,-0.4999999999999998,0.0,0.0,0.0,12.4,25.9,79.0,70.0,-2.8,3.8912396,0.0,2.0,18.26111112,38.95,39.03333333333333,39.6,40.28333333333333,39.0,-14.59207408,-0.0203703866666664,0.1406666666666667,3.5246666666666666,3.657333333333333,18.27222223777778,3.5377777777777784,6.035245,6.0789657,6.0933084,6.198776,6.0807486,0,4.0,0,0.0,-1.05,28.1,71.9
2023-04-19 00:15:00,105.974649627782,0.0,0.0,18.26111112,3.657333333333333,39.0,0,5.1764362714980825,70.66250196097344,0,2,4,0.0,1.0,0.9749279121818236,-0.2225209339563143,0.8660254037844387,-0.4999999999999998,0.0,0.0,0.0,12.475,26.0,71.5,71.25,-2.7,3.9339697,0.0,1.9,18.2777778,38.71666666666667,38.95,39.03333333333333,39.6,39.0,-14.603777786666663,0.0037037066666663,-0.008,3.665333333333333,3.764,18.265432111111117,3.615777777777778,6.0807486,6.035245,6.0789657,6.0933084,6.086768,0,4.0,0,0.0,-1.04,28.0,72.0
2023-04-19 00:30:00,70.389406594442,0.0,0.0,18.2777778,3.764,39.0,0,5.1764362714980825,70.66250196097344,0,2,4,0.0,1.0,0.9749279121818236,-0.2225209339563143,0.8660254037844387,-0.4999999999999998,0.0,0.0,0.0,12.55,26.1,64.0,72.5,-2.6,3.9759226,0.0,1.8,18.2777778,39.0,38.71666666666667,38.95,39.03333333333333,39.0,-14.5137778,0.0166666800000001,0.1066666666666669,3.657333333333333,3.714,18.26543211111111,3.695555555555557,6.086768,6.0807486,6.035245,6.0789657,6.086768,0,4.0,0,0.0,-1.04,27.9,72.1
2023-04-19 00:45:00,79.554873311108,0.0,0.0,18.2777778,3.714,39.0,0,5.1764362714980825,70.66250196097344,0,2,4,0.0,1.0,0.9749279121818236,-0.2225209339563143,0.8660254037844387,-0.4999999999999998,0.0,0.0,0.0,12.625,26.2,56.5,73.75,-2.5,4.017105,0.0,1.7000000000000002,18.257407413333333,39.0,39.0,38.71666666666667,38.95,38.63333333333333,-14.5637778,0.0,-0.0500000000000002,3.764,3.725333333333333,18.27222224,3.7117777777777774,6.086768,6.086768,6.0807486,6.035245,6.022255,0,4.0,0,0.0,-1.04,27.9,72.1
2023-04-19 01:00:00,60.604520038894,0.0,0.0,18.257407413333333,3.725333333333333,38.63333333333333,0,5.1764362714980825,70.66250196097344,1,2,4,0.2588190451025207,0.9659258262890684,0.9749279121818236,-0.2225209339563143,0.8660254037844387,-0.4999999999999998,0.0,0.0,0.0,12.7,26.3,49.0,75.0,-2.4,4.0575247,0.0,1.6,18.17777779,39.0,39.0,39.0,38.71666666666667,37.95,-14.53207408,-0.0203703866666664,0.0113333333333334,3.714,3.806666666666666,18.27098767111111,3.734444444444445,6.022255,6.086768,6.086768,6.0807486,5.8878293,0,4.0,0,0.0,-1.05,28.2,71.8
2023-04-19 01:15:00,49.67301308333,0.0,0.0,18.17777779,3.806666666666666,37.95,0,5.1764362714980825,70.66250196097344,1,2,4,0.2588190451025207,0.9659258262890684,0.9749279121818236,-0.2225209339563143,0.8660254037844387,-0.4999999999999998,0.0,0.0,0.0,12.55,26.2,48.25,75.75,-2.325,4.077252,0.0,1.525,18.09444445666667,38.63333333333333,39.0,39.0,39.0,37.53333333333333,-14.371111123333334,-0.0796296233333322,0.0813333333333332,3.725333333333333,3.793333333333333,18.237654334444446,3.7486666666666673,5.8878293,6.022255,6.086768,6.086768,5.794419,0,4.0,0,0.0,-1.07,29.1,70.9
2023-04-19 01:30:00,59.145967449998,0.0,0.0,18.09444445666667,3.793333333333333,37.53333333333333,0,5.1764362714980825,70.66250196097344,1,2,4,0.2588190451025207,0.9659258262890684,0.9749279121818236,-0.2225209339563143,0.8660254037844387,-0.4999999999999998,0.0,0.0,0.0,12.4,26.1,47.5,76.5,-2.25,4.0966597,0.0,1.4500000000000002,18.01666668,37.95,38.63333333333333,39.0,39.0,37.15,-14.301111123333335,-0.0833333333333321,-0.0133333333333331,3.806666666666666,3.854,18.17654322,3.775111111111112,5.794419,5.8878293,6.022255,6.086768,5.708778,0,4.0,0,0.0,-1.09,30.1,69.9
2023-04-19 01:45:00,57.674081794446,0.0,0.0,18.01666668,3.854,37.15,0,5.1764362714980825,70.66250196097344,1,2,4,0.2588190451025207,0.9659258262890684,0.9749279121818236,-0.2225209339563143,0.8660254037844387,-0.4999999999999998,0.0,0.0,0.0,12.25,26.0,46.75,77.25,-2.175,4.115751,0.0,1.375,17.979629613333334,37.53333333333333,37.95,38.63333333333333,39.0,37.0,-14.16266668,-0.077777776666668,0.0606666666666666,3.793333333333333,3.884666666666667,18.09629630888889,3.818,5.708778,5.794419,5.8878293,6.022255,5.6732144,0,4.0,0,0.0,-1.11,31.0,69.0
2023-04-19 02:00:00,63.567734988888,0.0,0.0,17.979629613333334,3.884666666666667,37.0,0,5.1764362714980825,70.66250196097344,2,2,4,0.4999999999999999,0.8660254037844387,0.9749279121818236,-0.2225209339563143,0.8660254037844387,-0.4999999999999998,0.0,0.0,0.0,12.1,25.9,46.0,78.0,-2.1,4.1345286,0.0,1.3,17.93888885,37.15,37.53333333333333,37.95,38.63333333333333,36.65,-14.094962946666666,-0.0370370666666666,0.0306666666666668,3.854,3.8466666666666662,18.030246916666663,3.8440000000000007,5.6732144,5.708778,5.794419,5.8878293,5.6059422,0,4.0,0,0.0,-1.12,31.4,68.6
2023-04-19 02:15:00,297.250887222224,0.0,0.0,17.93888885,3.8466666666666662,36.65,0,5.1764362714980825,70.66250196097344,2,2,4,0.4999999999999999,0.8660254037844387,0.9749279121818236,-0.2225209339563143,0.8660254037844387,-0.4999999999999998,0.0,0.0,0.0,12.5,26.175,43.25,78.0,-2.1,4.1274886,0.0,1.275,17.8925926,37.0,37.15,37.53333333333333,37.95,36.31666666666667,-14.092222183333334,-0.0407407633333321,-0.0380000000000002,3.884666666666667,3.803333333333333,17.97839504777778,3.861777777777778,5.6059422,5.6732144,5.708778,5.794419,5.539669,0,4.0,0,0.0,-1.13,31.9,68.1
2023-04-19 02:30:00,52.882606811112,0.0,0.0,17.8925926,3.803333333333333,36.31666666666667,0,5.1764362714980825,70.66250196097344,2,2,4,0.4999999999999999,0.8660254037844387,0.9749279121818236,-0.2225209339563143,0.8660254037844387,-0.4999999999999998,0.0,0.0,0.0,12.9,26.45,40.5,78.0,-2.1,4.1204596,0.0,1.25,17.84999998,36.65,37.0,37.15,37.53333333333333,36.0,-14.089259266666668,-0.046296250000001,-0.0433333333333334,3.8466666666666662,3.737333333333333,17.937037021111113,3.844888888888889,5.539669,5.6059422,5.6732144,5.708778,5.4774556,0,4.0,0,0.0,-1.14,32.5,67.5
2023-04-19 02:45:00,46.719520011112,0.0,0.0,17.84999998,3.737333333333333,36.0,0,5.1764362714980825,70.66250196097344,2,2,4,0.4999999999999999,0.8660254037844387,0.9749279121818236,-0.2225209339563143,0.8660254037844387,-0.4999999999999998,0.0,0.0,0.0,13.3,26.725,37.75,78.0,-2.1,4.113442,0.0,1.225,17.81296295,36.31666666666667,36.65,37.0,37.15,35.81666666666667,-14.112666646666666,-0.0425926200000006,-0.0659999999999998,3.803333333333333,3.666,17.893827143333336,3.795777777777778,5.4774556,5.539669,5.6059422,5.6732144,5.4375515,0,4.0,0,0.0,-1.16,33.1,66.9
2023-04-19 03:00:00,60.471469827782,0.0,0.0,17.81296295,3.666,35.81666666666667,0,5.1764362714980825,70.66250196097344,3,2,4,0.7071067811865476,0.7071067811865476,0.9749279121818236,-0.2225209339563143,0.8660254037844387,-0.4999999999999998,0.0,0.0,0.0,13.7,27.0,35.0,78.0,-2.1,4.1064334,0.0,1.2,17.77222224,36.0,36.31666666666667,36.65,37.0,35.5,-14.14696295,-0.0370370300000004,-0.0713333333333334,3.737333333333333,3.676,17.851851843333336,3.735555555555557,5.4375515,5.4774556,5.539669,5.6059422,5.37641,0,4.0,0,0.0,-1.17,33.6,66.4
2023-04-19 03:15:00,60.312031805558,0.0,0.0,17.77222224,3.676,35.5,0,5.1764362714980825,70.66250196097344,3,2,4,0.7071067811865476,0.7071067811865476,0.9749279121818236,-0.2225209339563143,0.8660254037844387,-0.4999999999999998,0.0,0.0,0.0,13.55,27.275,41.75,78.5,-2.125,4.1116614,0.0,1.125,17.746296293333334,35.81666666666667,36.0,36.31666666666667,36.65,35.31666666666667,-14.09622224,-0.0407407099999979,0.0100000000000002,3.666,3.5900000000000003,17.811728390000003,3.693111111111112,5.37641,5.4375515,5.4774556,5.539669,5.340385,0,4.0,0,0.0,-1.18,34.1,65.9
2023-04-19 03:30:00,43.5740903,0.0,0.0,17.746296293333334,3.5900000000000003,35.31666666666667,0,5.1764362714980825,70.66250196097344,3,2,4,0.7071067811865476,0.7071067811865476,0.9749279121818236,-0.2225209339563143,0.8660254037844387,-0.4999999999999998,0.0,0.0,0.0,13.4,27.55,48.5,79.0,-2.1500000000000004,4.1167164,0.0,1.05,17.73333333,35.5,35.81666666666667,36.0,36.31666666666667,35.0,-14.156296293333334,-0.0259259466666677,-0.0859999999999998,3.676,3.552,17.777160494444445,3.644000000000001,5.340385,5.37641,5.4375515,5.4774556,5.288413,0,4.0,0,0.0,-1.18,34.5,65.5
2023-04-19 03:45:00,45.055419927778,0.0,0.0,17.73333333,3.552,35.0,0,5.1764362714980825,70.66250196097344,3,2,4,0.7071067811865476,0.7071067811865476,0.9749279121818236,-0.2225209339563143,0.8660254037844387,-0.4999999999999998,0.0,0.0,0.0,13.25,27.825000000000003,55.25,79.5,-2.1750000000000003,4.1215982,0.0,0.975,17.670370400000003,35.31666666666667,35.5,35.81666666666667,36.0,34.81666666666667,-14.18133333,-0.012962963333333,-0.0380000000000002,3.5900000000000003,3.488,17.750617287777782,3.606,5.288413,5.340385,5.37641,5.4375515,5.2409983,0,4.0,0,0.0,-1.19,34.7,65.3
2023-04-19 04:00:00,63.6749529,0.0,0.0,17.670370400000003,3.488,34.81666666666667,0,5.1764362714980825,70.66250196097344,4,2,4,0.8660254037844386,0.5000000000000001,0.9749279121818236,-0.2225209339563143,0.8660254037844387,-0.4999999999999998,0.0,0.0,0.0,13.1,28.1,62.0,80.0,-2.2,4.12631,0.0,0.9,17.6666667,35.0,35.31666666666667,35.5,35.81666666666667,34.5,-14.182370400000003,-0.0629629299999976,-0.064,3.552,3.4679999999999995,17.716666674444443,3.5433333333333343,5.2409983,5.288413,5.340385,5.37641,5.1921835,0,4.0,0,0.0,-1.2,35.5,64.5
2023-04-19 04:15:00,54.865027577776,0.0,0.0,17.6666667,3.4679999999999995,34.5,0,5.1764362714980825,70.66250196097344,4,2,4,0.8660254037844386,0.5000000000000001,0.9749279121818236,-0.2225209339563143,0.8660254037844387,-0.4999999999999998,0.0,0.0,0.0,12.95,27.725,71.5,80.0,-2.1500000000000004,4.140439,0.0,0.95,17.646296313333334,34.81666666666667,35.0,35.31666666666667,35.5,34.5,-14.1986667,-0.0037037000000026,-0.0200000000000004,3.488,3.44,17.69012347666667,3.502666666666667,5.1921835,5.2409983,5.288413,5.340385,5.185879,0,4.0,0,0.0,-1.21,35.6,64.4
2023-04-19 04:30:00,43.12633046111,0.0,0.0,17.646296313333334,3.44,34.5,0,5.1764362714980825,70.66250196097344,4,2,4,0.8660254037844386,0.5000000000000001,0.9749279121818236,-0.2225209339563143,0.8660254037844387,-0.4999999999999998,0.0,0.0,0.0,12.8,27.35,81.0,80.0,-2.1,4.154612,0.0,1.0,17.6111111,34.5,34.81666666666667,35.0,35.31666666666667,34.45,-14.206296313333334,-0.0203703866666664,-0.0279999999999995,3.4679999999999995,3.4233333333333333,17.66111113777778,3.4653333333333336,5.185879,5.1921835,5.2409983,5.288413,5.1675043,0,4.0,0,0.0,-1.21,35.8,64.2
2023-04-19 04:45:00,46.401477166668,0.0,0.0,17.6111111,3.4233333333333333,34.45,0,5.1764362714980825,70.66250196097344,4,2,4,0.8660254037844386,0.5000000000000001,0.9749279121818236,-0.2225209339563143,0.8660254037844387,-0.4999999999999998,0.0,0.0,0.0,12.65,26.975,90.5,80.0,-2.05,4.168827,0.0,1.05,17.6111111,34.5,34.5,34.81666666666667,35.0,34.03333333333333,-14.187777766666663,-0.0351852133333352,-0.0166666666666666,3.44,3.4133333333333336,17.641358037777778,3.4437777777777785,5.1675043,5.185879,5.1921835,5.2409983,5.1050043,0,4.0,0,0.0,-1.22,36.2,63.8
2023-04-19 05:00:00,60.817011588892,0.0,0.0,17.6111111,3.4133333333333336,34.03333333333333,0,5.1764362714980825,70.66250196097344,5,2,4,0.9659258262890684,0.2588190451025207,0.9749279121818236,-0.2225209339563143,0.8660254037844387,-0.4999999999999998,0.0,0.0,0.0,12.5,26.6,100.0,80.0,-2.0,4.1830835,0.0,1.1,17.605555550000002,34.45,34.5,34.5,34.81666666666667,34.0,-14.197777766666665,0.0,-0.0099999999999997,3.4233333333333333,3.384666666666667,17.622839504444446,3.425555555555556,5.1050043,5.1675043,5.185879,5.1921835,5.0983143,0,4.0,0,0.0,-1.22,36.3,63.7
2023-04-19 05:15:00,55.776657794442,0.0,0.0,17.605555550000002,3.384666666666667,34.0,0,5.1764362714980825,70.66250196097344,5,2,4,0.9659258262890684,0.2588190451025207,0.9749279121818236,-0.2225209339563143,0.8660254037844387,-0.4999999999999998,0.0,0.0,0.0,12.55,26.975,100.0,79.25,-2.0,4.179363,0.0,1.225,17.5592593,34.03333333333333,34.45,34.5,34.5,34.0,-14.220888883333334,-0.0055555499999968,-0.0286666666666666,3.4133333333333336,3.3040000000000003,17.609259250000004,3.407111111111112,5.0983143,5.1050043,5.1675043,5.185879,5.0842466,0,4.0,0,0.0,-1.22,36.4,63.6
2023-04-19 05:30:00,44.844317438882,0.0,0.0,17.5592593,3.3040000000000003,34.0,0,5.1764362714980825,70.66250196097344,5,2,4,0.9659258262890684,0.2588190451025207,0.9749279121818236,-0.2225209339563143,0.8660254037844387,-0.4999999999999998,0.0,0.0,0.0,12.6,27.35,100.0,78.5,-2.0,4.175233,0.0,1.35,17.5555556,34.0,34.03333333333333,34.45,34.5,34.05,-14.2552593,-0.046296250000001,-0.0806666666666666,3.384666666666667,3.104,17.591975316666666,3.367333333333334,5.0842466,5.0983143,5.1050043,5.1675043,5.090598,0,4.0,0,0.0,-1.23,37.0,63.0
2023-04-19 05:45:00,56.424965227774,0.0,0.0,17.5555556,3.104,34.05,0,5.1764362714980825,70.66250196097344,5,2,4,0.9659258262890684,0.2588190451025207,0.9749279121818236,-0.2225209339563143,0.8660254037844387,-0.4999999999999998,0.0,0.0,0.0,12.65,27.725,100.0,77.75,-2.0,4.170689,0.0,1.475,17.53518521333333,34.0,34.0,34.03333333333333,34.45,34.46666666666667,-14.451555600000002,-0.003703699999999,-0.2000000000000001,3.3040000000000003,2.9313333333333333,17.573456816666667,3.264222222222223,5.090598,5.0842466,5.0983143,5.1050043,5.146628,0,4.0,0,0.0,-1.24,37.0,63.0
2023-04-19 06:00:00,49.201920727778,0.0,0.0,17.53518521333333,2.9313333333333333,34.46666666666667,0,5.1764362714980825,70.66250196097344,6,2,4,1.0,6.123233995736766e-17,0.9749279121818236,-0.2225209339563143,0.8660254037844387,-0.4999999999999998,0.0,0.0,0.0,12.7,28.1,100.0,77.0,-2.0,4.1657257,0.0,1.6,17.5,34.05,34.0,34.0,34.03333333333333,34.5,-14.60385188,-0.02037038666667,-0.1726666666666667,3.104,2.9553333333333334,17.550000037777778,3.113111111111112,5.146628,5.090598,5.0842466,5.0983143,5.1407933,0,4.0,0,0.0,-1.24,37.1,62.9
2023-04-19 06:15:00,61.02644784444,0.0,0.0,17.5,2.9553333333333334,34.5,0,5.1764362714980825,70.66250196097344,6,2,4,1.0,6.123233995736766e-17,0.9749279121818236,-0.2225209339563143,0.8660254037844387,-0.4999999999999998,1.75,0.4375,0.1458333333333333,12.1,27.65,100.0,76.75,-2.0,4.1663356,0.0,1.65,17.5,34.46666666666667,34.05,34.0,34.0,34.5,-14.544666666666666,-0.0351852133333316,0.024,2.9313333333333333,2.716,17.53024693777778,2.99688888888889,5.1407933,5.146628,5.090598,5.0842466,5.1407933,0,4.0,0,0.0,-1.25,37.6,62.4
2023-04-19 06:30:00,47.950581949998,0.0,0.0,17.5,2.716,34.5,0,5.1764362714980825,70.66250196097344,6,2,4,1.0,6.123233995736766e-17,0.9749279121818236,-0.2225209339563143,0.8660254037844387,-0.4999999999999998,3.5,1.3125,0.4375,11.5,27.200000000000003,100.0,76.5,-2.0,4.1668954,0.0,1.7000000000000002,17.5,34.5,34.46666666666667,34.05,34.0,34.5,-14.784,0.0,-0.2393333333333331,2.9553333333333334,2.6733333333333333,17.511728404444444,2.867555555555556,5.1407933,5.1407933,5.146628,5.090598,5.1407933,0,4.0,0,0.0,-1.25,37.6,62.4
2023-04-19 06:45:00,305.250567305554,0.0,0.0,17.5,2.6733333333333333,34.5,0,5.1764362714980825,70.66250196097344,6,2,4,1.0,6.123233995736766e-17,0.9749279121818236,-0.2225209339563143,0.8660254037844387,-0.4999999999999998,5.25,2.625,0.875,10.9,26.75,100.0,76.25,-2.0,4.1674047,0.0,1.75,17.479629613333334,34.5,34.5,34.46666666666667,34.05,34.68333333333333,-14.826666666666666,0.0,-0.0426666666666668,2.716,2.6466666666666665,17.5,2.781555555555556,5.1407933,5.1407933,5.1407933,5.146628,5.1618285,0,4.0,0,0.0,-1.25,37.6,62.4
2023-04-19 07:00:00,43.319933866664,0.0,0.0,17.479629613333334,2.6466666666666665,34.68333333333333,0,5.1764362714980825,70.66250196097344,7,2,4,0.9659258262890684,-0.2588190451025206,0.9749279121818236,-0.2225209339563143,0.8660254037844387,-0.4999999999999998,7.0,4.375,1.4583333333333333,10.3,26.3,100.0,76.0,-2.0,4.1678634,0.0,1.8,17.4444444,34.5,34.5,34.5,34.46666666666667,35.0,-14.832962946666669,-0.0203703866666664,-0.0266666666666668,2.6733333333333333,2.5626666666666664,17.493209871111112,2.678666666666667,5.1618285,5.1407933,5.1407933,5.1407933,5.198018,0,4.0,0,0.0,-1.25,37.8,62.2
2023-04-19 07:15:00,57.551864433336,0.0,0.0,17.4444444,2.5626666666666664,35.0,0,5.1764362714980825,70.66250196097344,7,2,4,0.9659258262890684,-0.2588190451025206,0.9749279121818236,-0.2225209339563143,0.8660254037844387,-0.4999999999999998,13.75,7.375,2.6041666666666665,10.625,27.825,100.0,77.25,-1.725,4.258026,0.025,1.875,17.4444444,34.68333333333333,34.5,34.5,34.5,35.0,-14.881777733333331,-0.0351852133333352,-0.084,2.6466666666666665,2.62,17.47469133777778,2.627555555555556,5.198018,5.1618285,5.1407933,5.1407933,5.198018,0,4.0,0,0.0,-1.26,38.1,61.9
2023-04-19 07:30:00,60.106206772222,0.0,0.0,17.4444444,2.62,35.0,0,5.1764362714980825,70.66250196097344,7,2,4,0.9659258262890684,-0.2588190451025206,0.9749279121818236,-0.2225209339563143,0.8660254037844387,-0.4999999999999998,20.5,11.625,4.3125,10.95,29.35,100.0,78.5,-1.45,4.348985,0.05,1.95,17.4444444,35.0,34.68333333333333,34.5,34.5,35.0,-14.8244444,0.0,0.0573333333333332,2.5626666666666664,2.1,17.456172804444446,2.609777777777778,5.198018,5.198018,5.1618285,5.1407933,5.198018,0,4.0,0,0.0,-1.26,38.1,61.9
2023-04-19 07:45:00,43.898521872218,0.0,0.0,17.4444444,2.1,35.0,0,5.1764362714980825,70.66250196097344,7,2,4,0.9659258262890684,-0.2588190451025206,0.9749279121818236,-0.2225209339563143,0.8660254037844387,-0.4999999999999998,27.25,17.125,6.583333333333333,11.275,30.875,100.0,79.75,-1.1749999999999998,4.4407487,0.075,2.025,17.424074049999998,35.0,35.0,34.68333333333333,34.5,35.0,-15.3444444,0.0,-0.5199999999999996,2.62,1.744,17.4444444,2.427555555555556,5.198018,5.198018,5.198018,5.1618285,5.1916957,0,4.0,0,0.0,-1.26,38.1,61.9
2023-04-19 08:00:00,43.90213276111,0.0,0.0,17.424074049999998,1.744,35.0,0,5.1764362714980825,70.66250196097344,8,2,4,0.8660254037844387,-0.4999999999999998,0.9749279121818236,-0.2225209339563143,0.8660254037844387,-0.4999999999999998,34.0,23.875,9.416666666666666,11.6,32.4,100.0,81.0,-0.9,4.533319,0.1,2.1,17.3888889,35.0,35.0,35.0,34.68333333333333,35.0,-15.680074049999998,-0.0203703500000003,-0.3560000000000001,2.1,1.8886666666666665,17.437654283333334,2.154666666666667,5.1916957,5.198018,5.198018,5.198018,5.1807904,0,4.0,0,0.0,-1.26,38.4,61.6
2023-04-19 08:15:00,56.95911054444,0.0,0.0,17.3888889,1.8886666666666665,35.0,0,5.1764362714980825,70.66250196097344,8,2,4,0.8660254037844387,-0.4999999999999998,0.9749279121818236,-0.2225209339563143,0.8660254037844387,-0.4999999999999998,56.0,34.4375,14.083333333333334,13.975,35.375,100.0,79.5,-0.975,4.502355,0.1,2.275,17.3888889,35.0,35.0,35.0,35.0,35.0,-15.500222233333336,-0.0351851499999966,0.1446666666666665,1.744,2.102,17.41913578333333,1.9108888888888893,5.1807904,5.1916957,5.198018,5.198018,5.1807904,0,4.0,0,0.0,-1.27,38.8,61.2
2023-04-19 08:30:00,60.11953953889,0.0,0.0,17.3888889,2.102,35.0,0,5.1764362714980825,70.66250196097344,8,2,4,0.8660254037844387,-0.4999999999999998,0.9749279121818236,-0.2225209339563143,0.8660254037844387,-0.4999999999999998,78.0,48.8125,20.58333333333333,16.35,38.35,100.0,78.0,-1.05,4.4699335,0.1,2.45,17.394444449999998,35.0,35.0,35.0,35.0,35.35,-15.2868889,0.0,0.2133333333333333,1.8886666666666665,2.0766666666666667,17.400617283333336,1.911555555555556,5.1807904,5.1807904,5.1916957,5.198018,5.2343354,0,4.0,0,0.0,-1.27,38.8,61.2
2023-04-19 08:45:00,43.650198455552,0.0,0.0,17.394444449999998,2.0766666666666667,35.35,0,5.1764362714980825,70.66250196097344,8,2,4,0.8660254037844387,-0.4999999999999998,0.9749279121818236,-0.2225209339563143,0.8660254037844387,-0.4999999999999998,100.0,67.0,28.916666666666668,18.725,41.325,100.0,76.5,-1.125,4.436028,0.1,2.625,17.42037035,35.0,35.0,35.0,35.0,35.5,-15.317777783333332,0.0055555499999968,-0.0253333333333332,2.102,2.2133333333333334,17.390740750000003,2.022444444444445,5.2343354,5.1807904,5.1807904,5.1916957,5.2646966,0,4.0,0,0.0,-1.27,38.6,61.4
2023-04-19 09:00:00,44.08045896111,0.0,0.0,17.42037035,2.2133333333333334,35.5,0,5.1764362714980825,70.66250196097344,9,2,4,0.7071067811865476,-0.7071067811865475,0.9749279121818236,-0.2225209339563143,0.8660254037844387,-0.4999999999999998,122.0,89.0,39.083333333333336,21.1,44.3,100.0,75.0,-1.2,4.40061,0.1,2.8,17.3888889,35.35,35.0,35.0,35.0,35.6,-15.207037016666666,0.0259259000000007,0.1366666666666667,2.0766666666666667,2.4066666666666667,17.40123456666667,2.130666666666667,5.2646966,5.2343354,5.1807904,5.1807904,5.2696037,0,4.0,0,0.0,-1.26,38.3,61.7
2023-04-19 09:15:00,84.792997044444,32.437591344444,32.449813088888,17.3888889,2.4066666666666667,35.6,1,5.1764362714980825,70.66250196097344,9,2,4,0.7071067811865476,-0.7071067811865475,0.9749279121818236,-0.2225209339563143,0.8660254037844387,-0.4999999999999998,125.75,106.4375,49.41666666666666,20.725,44.65,100.0,74.0,-1.325,4.3639007,0.075,2.875,17.51111111,35.5,35.35,35.0,35.0,36.8,-14.982222233333337,-0.0314814499999975,0.1933333333333333,2.2133333333333334,2.561333333333333,17.40123456666667,2.2322222222222226,5.2696037,5.2646966,5.2343354,5.1807904,5.487153,0,3.0,1,0.25,-1.27,38.6,61.4
2023-04-19 09:30:00,174.390801805558,117.398915005554,117.421414105554,17.51111111,2.561333333333333,36.8,2,5.1764362714980825,70.66250196097344,9,2,4,0.7071067811865476,-0.7071067811865475,0.9749279121818236,-0.2225209339563143,0.8660254037844387,-0.4999999999999998,129.5,119.3125,59.91666666666666,20.35,45.0,100.0,73.0,-1.45,4.326693,0.05,2.95,18.19999997,35.6,35.5,35.35,35.0,37.4,-14.949777776666668,0.1222222100000003,0.1546666666666665,2.4066666666666667,2.8873333333333333,17.440123453333335,2.3937777777777782,5.487153,5.2696037,5.2646966,5.2343354,5.810161,0,2.0,1,0.5,-1.23,36.9,63.1
2023-04-19 09:45:00,169.248785311112,127.351572366668,127.37462706111,18.19999997,2.8873333333333333,37.4,2,5.1764362714980825,70.66250196097344,9,2,4,0.7071067811865476,-0.7071067811865475,0.9749279121818236,-0.2225209339563143,0.8660254037844387,-0.4999999999999998,133.25,127.625,70.58333333333333,19.975,45.35,100.0,72.0,-1.575,4.288985,0.0249999999999999,3.025,18.73888888,36.8,35.6,35.5,35.35,36.38333333333333,-15.312666636666666,0.6888888599999987,0.326,2.561333333333333,3.4486666666666665,17.699999993333336,2.618444444444445,5.810161,5.487153,5.2696037,5.2646966,5.8356543,0,1.0,0,0.75,-1.07,29.0,71.0
2023-04-19 10:00:00,61.626145955556,12.581996683334,12.593940655556,18.73888888,3.4486666666666665,36.38333333333333,1,5.1764362714980825,70.66250196097344,10,2,4,0.4999999999999999,-0.8660254037844387,0.9749279121818236,-0.2225209339563143,0.8660254037844387,-0.4999999999999998,137.0,131.375,81.41666666666667,19.6,45.7,100.0,71.0,-1.7,4.2507706,0.0,3.1,18.583333340000003,37.4,36.8,35.6,35.5,36.0,-15.290222213333337,0.5388889100000007,0.5613333333333332,2.8873333333333333,3.641333333333333,18.14999998666667,2.9657777777777787,5.8356543,5.810161,5.487153,5.2696037,5.721261,0,0.0,1,1.0,-0.95,24.0,76.0
2023-04-19 10:15:00,151.599491294446,109.162855511112,109.1839658,18.583333340000003,3.641333333333333,36.0,2,5.1764362714980825,70.66250196097344,10,2,4,0.4999999999999999,-0.8660254037844387,0.9749279121818236,-0.2225209339563143,0.8660254037844387,-0.4999999999999998,152.25,138.0,92.95833333333331,19.675,45.25,100.0,70.75,-1.65,4.2643228,0.025,3.2,18.91296294,36.38333333333333,37.4,36.8,35.6,35.63333333333333,-14.94200000666667,-0.1555555399999981,0.1926666666666667,3.4486666666666665,4.042666666666666,18.507407396666668,3.325777777777778,5.721261,5.8356543,5.810161,5.487153,5.774461,0,0.0,1,1.0,-0.99,25.5,74.5
2023-04-19 10:30:00,73.092353922224,0.0,0.0,18.91296294,4.042666666666666,35.63333333333333,0,5.1764362714980825,70.66250196097344,10,2,4,0.4999999999999999,-0.8660254037844387,0.9749279121818236,-0.2225209339563143,0.8660254037844387,-0.4999999999999998,167.5,147.5,105.20833333333331,19.75,44.8,100.0,70.5,-1.6,4.2778425,0.05,3.3,19.00555555,36.0,36.38333333333333,37.4,36.8,34.7,-14.870296273333334,0.3296295999999969,0.4013333333333331,3.641333333333333,3.769333333333333,18.74506172,3.71088888888889,5.774461,5.721261,5.8356543,5.810161,5.654036,1,1.0,1,0.75,-0.91,22.5,77.5
2023-04-19 10:45:00,97.726090733336,29.345215027778,29.35493692222,19.00555555,3.769333333333333,34.7,1,5.1764362714980825,70.66250196097344,10,2,4,0.4999999999999999,-0.8660254037844387,0.9749279121818236,-0.2225209339563143,0.8660254037844387,-0.4999999999999998,182.75,159.875,118.16666666666669,19.825,44.35,100.0,70.25,-1.55,4.291326,0.075,3.4,18.80185184333333,35.63333333333333,36.0,36.38333333333333,37.4,35.333333333333336,-15.236222216666668,0.0925926100000005,-0.273333333333333,4.042666666666666,2.7179999999999995,18.83395061,3.817777777777778,5.654036,5.774461,5.721261,5.8356543,5.688377,0,1.0,1,0.75,-0.89,21.9,78.1
2023-04-19 11:00:00,187.358894311108,123.722273127778,123.741716816666,18.80185184333333,2.7179999999999995,35.333333333333336,2,5.1764362714980825,70.66250196097344,11,2,4,0.258819045102521,-0.9659258262890682,0.9749279121818236,-0.2225209339563143,0.8660254037844387,-0.4999999999999998,198.0,175.125,131.83333333333334,19.9,43.9,100.0,70.0,-1.5,4.3047733,0.1,3.5,18.98888892,34.7,35.63333333333333,36.0,36.38333333333333,35.65,-16.083851843333335,-0.2037037066666656,-1.051333333333334,3.769333333333333,2.281333333333333,18.90679011111111,3.51,5.688377,5.654036,5.774461,5.721261,5.8031178,0,1.0,1,0.75,-0.94,23.6,76.4
2023-04-19 11:15:00,44.133234699996,0.0,0.0,18.98888892,2.281333333333333,35.65,0,5.1764362714980825,70.66250196097344,11,2,4,0.258819045102521,-0.9659258262890682,0.9749279121818236,-0.2225209339563143,0.8660254037844387,-0.4999999999999998,196.75,186.25,143.5625,19.225,44.0,100.0,70.25,-1.4,4.327379,0.1,3.525,18.900000013333333,35.333333333333336,34.7,35.63333333333333,36.0,35.5,-16.70755558666667,0.187037076666666,-0.4366666666666661,2.7179999999999995,2.6386666666666665,18.932098771111114,2.922888888888889,5.8031178,5.688377,5.654036,5.774461,5.74845,1,2.0,1,0.5,-0.89,21.8,78.2
2023-04-19 11:30:00,527.591117744444,61.069779327778,61.087278611112,18.900000013333333,2.6386666666666665,35.5,1,5.1764362714980825,70.66250196097344,11,2,4,0.258819045102521,-0.9659258262890682,0.9749279121818236,-0.2225209339563143,0.8660254037844387,-0.4999999999999998,195.5,193.25,153.35416666666666,18.55,44.1,100.0,70.5,-1.3,4.350048,0.1,3.55,18.97222223,35.65,35.333333333333336,34.7,35.63333333333333,35.8,-16.261333346666667,-0.0888889066666678,0.357333333333333,2.281333333333333,2.9033333333333333,18.896913592222223,2.5460000000000003,5.74845,5.8031178,5.688377,5.654036,5.8218026,0,1.0,1,0.75,-0.91,22.7,77.3
2023-04-19 11:45:00,375.503312583334,66.602891327778,66.6198351,18.97222223,2.9033333333333333,35.8,1,5.1764362714980825,70.66250196097344,11,2,4,0.258819045102521,-0.9659258262890682,0.9749279121818236,-0.2225209339563143,0.8660254037844387,-0.4999999999999998,194.25,196.125,161.20833333333334,17.875,44.2,100.0,70.75,-1.2000000000000002,4.3727775,0.1,3.575,18.97037038333333,35.5,35.65,35.333333333333336,34.7,35.53333333333333,-16.068888896666667,0.0722222166666668,0.2646666666666668,2.6386666666666665,2.994,18.95370372111111,2.607777777777778,5.8218026,5.74845,5.8031178,5.688377,5.777807,0,1.0,0,0.75,-0.9,22.0,78.0
2023-04-19 12:00:00,585.399916383334,0.0,0.0,18.97037038333333,2.994,35.53333333333333,0,5.1764362714980825,70.66250196097344,12,2,4,1.2246467991473532e-16,-1.0,0.9749279121818236,-0.2225209339563143,0.8660254037844387,-0.4999999999999998,193.0,194.875,167.125,17.2,44.3,100.0,71.0,-1.1,4.39557,0.1,3.6,18.76666664,35.8,35.5,35.65,35.333333333333336,36.4,-15.976370383333332,-0.0018518466666677,0.0906666666666664,2.9033333333333333,2.848,18.94753087555556,2.845333333333334,5.777807,5.8218026,5.74845,5.8031178,5.8479247,1,2.0,1,0.5,-0.9,22.0,78.0
2023-04-19 12:15:00,142.501799733332,99.51324156111,99.533796305554,18.76666664,2.848,36.4,2,5.1764362714980825,70.66250196097344,12,2,4,1.2246467991473532e-16,-1.0,0.9749279121818236,-0.2225209339563143,0.8660254037844387,-0.4999999999999998,199.25,195.5,173.25,17.325,43.125,100.0,70.25,-1.15,4.3782988,0.075,3.7,18.887037016666667,35.53333333333333,35.8,35.5,35.65,38.18333333333333,-15.91866664,-0.2037037433333317,-0.1459999999999999,2.994,3.0,18.90308641777778,2.9151111111111114,5.8479247,5.777807,5.8218026,5.74845,6.178226,0,1.0,1,0.75,-0.94,23.7,76.3
2023-04-19 12:30:00,91.061357366668,26.974754283334,26.986976011112,18.887037016666667,3.0,38.18333333333333,1,5.1764362714980825,70.66250196097344,12,2,4,1.2246467991473532e-16,-1.0,0.9749279121818236,-0.2225209339563143,0.8660254037844387,-0.4999999999999998,205.5,198.0,179.58333333333334,17.45,41.95,100.0,69.5,-1.2000000000000002,4.360575,0.05,3.8,18.86666665,36.4,35.53333333333333,35.8,35.5,37.95,-15.887037016666667,0.120370376666667,0.1520000000000001,2.848,3.286,18.87469134666667,2.9473333333333342,6.178226,5.8479247,5.777807,5.8218026,6.1330853,0,1.0,1,0.75,-0.9,22.2,77.8
2023-04-19 12:45:00,59.82732914444,0.0,0.0,18.86666665,3.286,37.95,0,5.1764362714980825,70.66250196097344,12,2,4,1.2246467991473532e-16,-1.0,0.9749279121818236,-0.2225209339563143,0.8660254037844387,-0.4999999999999998,211.75,202.375,186.125,17.575,40.775,100.0,68.75,-1.25,4.3423924,0.0249999999999999,3.9,18.677777806666665,38.18333333333333,36.4,35.53333333333333,35.8,37.71666666666667,-15.58066665,-0.0203703666666683,0.286,3.0,3.498,18.84012343555556,3.0446666666666675,6.1330853,6.178226,5.8479247,5.777807,6.027683,1,2.0,1,0.5,-0.91,22.5,77.5
2023-04-19 13:00:00,214.46503222222,100.613753072222,100.63875212222,18.677777806666665,3.498,37.71666666666667,2,5.1764362714980825,70.66250196097344,13,2,4,-0.2588190451025208,-0.9659258262890684,0.9749279121818236,-0.2225209339563143,0.8660254037844387,-0.4999999999999998,218.0,208.625,192.875,17.7,39.6,100.0,68.0,-1.3,4.3237467,0.0,4.0,18.77777777,37.95,38.18333333333333,36.4,35.53333333333333,38.65,-15.179777806666666,-0.1888888433333342,0.2119999999999997,3.286,3.626,18.81049382444445,3.2613333333333343,6.027683,6.1330853,6.178226,5.8479247,6.213485,0,1.0,1,0.75,-0.95,24.2,75.8
2023-04-19 13:15:00,55.298621250002,0.0,0.0,18.77777777,3.626,38.65,0,5.1764362714980825,70.66250196097344,13,2,4,-0.2588190451025208,-0.9659258262890684,0.9749279121818236,-0.2225209339563143,0.8660254037844387,-0.4999999999999998,257.5,223.1875,201.64583333333331,17.95,40.325,100.0,66.5,-1.325,4.320809,0.025,4.325,18.720370376666665,37.71666666666667,37.95,38.18333333333333,36.4,38.35,-15.15177777,0.0999999633333352,0.1280000000000001,3.498,3.6226666666666665,18.77407407555556,3.4700000000000006,6.213485,6.027683,6.1330853,6.178226,6.144361,1,2.0,1,0.5,-0.93,23.1,76.9
2023-04-19 13:30:00,67.463690244444,0.0,0.0,18.720370376666665,3.6226666666666665,38.35,0,5.1764362714980825,70.66250196097344,13,2,4,-0.2588190451025208,-0.9659258262890684,0.9749279121818236,-0.2225209339563143,0.8660254037844387,-0.4999999999999998,297.0,246.0625,212.4375,18.2,41.05,100.0,65.0,-1.35,4.3154254,0.05,4.65,18.52777777,38.65,37.71666666666667,37.95,38.18333333333333,37.65,-15.097703709999998,-0.0574073933333352,-0.0033333333333334,3.626,3.682666666666667,18.72530865111111,3.582222222222222,6.144361,6.213485,6.027683,6.1330853,5.9638305,0,3.0,0,0.25,-0.94,23.7,76.3
2023-04-19 13:45:00,75.720859977776,35.772180172222,35.7869018,18.52777777,3.682666666666667,37.65,1,5.1764362714980825,70.66250196097344,13,2,4,-0.2588190451025208,-0.9659258262890684,0.9749279121818236,-0.2225209339563143,0.8660254037844387,-0.4999999999999998,336.5,277.25,225.25,18.45,41.775,100.0,63.5,-1.375,4.307502,0.075,4.975,18.529629616666668,38.35,38.65,37.71666666666667,37.95,37.68333333333333,-14.845111103333334,-0.1925926066666647,0.0600000000000005,3.6226666666666665,3.8346666666666662,18.67530863888889,3.643777777777778,5.9638305,6.144361,6.213485,6.027683,5.9697647,0,2.0,1,0.5,-0.99,25.7,74.3
2023-04-19 14:00:00,128.559579644444,88.592845044444,88.611733155556,18.529629616666668,3.8346666666666662,37.68333333333333,2,5.1764362714980825,70.66250196097344,14,2,4,-0.4999999999999997,-0.8660254037844388,0.9749279121818236,-0.2225209339563143,0.8660254037844387,-0.4999999999999998,376.0,316.75,240.08333333333331,18.7,42.5,100.0,62.0,-1.4,4.2969456,0.1,5.3,18.7277778,37.65,38.35,38.65,37.71666666666667,37.3,-14.69496295,0.0018518466666677,0.1519999999999997,3.682666666666667,3.984,18.592592587777776,3.7133333333333343,5.9697647,5.9638305,6.144361,6.213485,5.9787507,0,2.0,1,0.5,-0.99,25.7,74.3
2023-04-19 14:15:00,55.353896805558,0.0,0.0,18.7277778,3.984,37.3,0,5.1764362714980825,70.66250196097344,14,2,4,-0.4999999999999997,-0.8660254037844388,0.9749279121818236,-0.2225209339563143,0.8660254037844387,-0.4999999999999998,368.0,344.375,254.35416666666663,18.275,42.575,100.0,60.5,-1.5499999999999998,4.2485843,0.075,5.5,18.581481476666667,37.68333333333333,37.65,38.35,38.65,37.0,-14.743777800000002,0.198148183333334,0.1493333333333333,3.8346666666666662,3.630666666666667,18.59506172888889,3.833777777777778,5.9787507,5.9697647,5.9638305,6.144361,5.87954,1,2.0,1,0.5,-0.95,23.9,76.1
2023-04-19 14:30:00,333.85553399445,0.0,0.0,18.581481476666667,3.630666666666667,37.0,0,5.1764362714980825,70.66250196097344,14,2,4,-0.4999999999999997,-0.8660254037844388,0.9749279121818236,-0.2225209339563143,0.8660254037844387,-0.4999999999999998,360.0,360.125,268.0625,17.85,42.65,100.0,59.0,-1.7,4.1980934,0.05,5.699999999999999,18.43333334,37.3,37.68333333333333,37.65,38.35,36.7,-14.95081481,-0.1462963233333347,-0.353333333333333,3.984,3.6753333333333336,18.61296296444445,3.816444444444445,5.87954,5.9787507,5.9697647,5.9638305,5.780903,0,2.0,0,0.5,-0.98,25.3,74.7
2023-04-19 14:45:00,119.076070083334,75.605309,75.623919355556,18.43333334,3.6753333333333336,36.7,2,5.1764362714980825,70.66250196097344,14,2,4,-0.4999999999999997,-0.8660254037844388,0.9749279121818236,-0.2225209339563143,0.8660254037844387,-0.4999999999999998,352.0,364.0,281.2083333333333,17.425,42.725,100.0,57.5,-1.85,4.1454325,0.0249999999999999,5.9,18.59444445333333,37.0,37.3,37.68333333333333,37.65,36.78333333333333,-14.758000006666666,-0.1481481366666663,0.0446666666666666,3.630666666666667,3.77,18.58086420555556,3.763333333333334,5.780903,5.87954,5.9787507,5.9697647,5.849598,0,2.0,1,0.5,-1.02,26.8,73.2
2023-04-19 15:00:00,104.378880294442,57.7926882,57.808798655556,18.59444445333333,3.77,36.78333333333333,1,5.1764362714980825,70.66250196097344,15,2,4,-0.7071067811865471,-0.7071067811865479,0.9749279121818236,-0.2225209339563143,0.8660254037844387,-0.4999999999999998,344.0,356.0,293.7916666666667,17.0,42.8,100.0,56.0,-2.0,4.0905557,0.0,6.1,18.76111113,36.7,37.0,37.3,37.68333333333333,36.15,-14.824444453333331,0.1611111133333302,0.0946666666666664,3.6753333333333336,3.995333333333333,18.53641975666667,3.6920000000000006,5.849598,5.780903,5.87954,5.9787507,5.8058524,0,2.0,1,0.5,-0.98,25.2,74.8
2023-04-19 15:15:00,48.788603994442,0.0,0.0,18.76111113,3.995333333333333,36.15,0,5.1764362714980825,70.66250196097344,15,2,4,-0.7071067811865471,-0.7071067811865479,0.9749279121818236,-0.2225209339563143,0.8660254037844387,-0.4999999999999998,355.75,352.9375,306.8333333333333,16.7,41.825,91.5,56.25,-1.975,4.1088166,0.0,6.1,18.60185186333333,36.78333333333333,36.7,37.0,37.3,36.0,-14.765777796666669,0.1666666766666686,0.2253333333333333,3.77,4.444,18.59629630777778,3.813555555555556,5.8058524,5.849598,5.780903,5.87954,5.727537,1,2.0,1,0.5,-0.94,23.8,76.2
2023-04-19 15:30:00,126.1982852,74.184810272222,74.202309605554,18.60185186333333,4.444,36.0,2,5.1764362714980825,70.66250196097344,15,2,4,-0.7071067811865471,-0.7071067811865479,0.9749279121818236,-0.2225209339563143,0.8660254037844387,-0.4999999999999998,367.5,354.8125,320.3333333333333,16.4,40.85,83.0,56.5,-1.95,4.127078,0.0,6.1,18.75555555,36.15,36.78333333333333,36.7,37.0,35.95,-14.157851863333333,-0.1592592666666696,0.4486666666666665,3.995333333333333,4.55,18.652469148888887,4.069777777777778,5.727537,5.8058524,5.849598,5.780903,5.7718368,0,1.0,1,0.75,-0.98,25.3,74.7
2023-04-19 15:45:00,102.083972044444,52.346794894446,52.361794261114,18.75555555,4.55,35.95,1,5.1764362714980825,70.66250196097344,15,2,4,-0.7071067811865471,-0.7071067811865479,0.9749279121818236,-0.2225209339563143,0.8660254037844387,-0.4999999999999998,379.25,361.625,334.2916666666667,16.1,39.875,74.5,56.75,-1.925,4.14534,0.0,6.1,18.82407407,36.0,36.15,36.78333333333333,36.7,35.53333333333333,-14.20555555,0.1537036866666703,0.1059999999999998,4.444,4.770666666666667,18.70617284777778,4.329777777777778,5.7718368,5.727537,5.8058524,5.849598,5.7280946,0,1.0,1,0.75,-0.95,23.9,76.1
2023-04-19 16:00:00,54.072559127782,0.0,0.0,18.82407407,4.770666666666667,35.53333333333333,0,5.1764362714980825,70.66250196097344,16,2,4,-0.8660254037844385,-0.5000000000000004,0.9749279121818236,-0.2225209339563143,0.8660254037844387,-0.4999999999999998,391.0,373.375,348.7083333333333,15.8,38.9,66.0,57.0,-1.9,4.1636014,0.0,6.1,18.64444443,35.95,36.0,36.15,36.78333333333333,35.55,-14.053407403333331,0.0685185199999978,0.2206666666666672,4.55,4.978,18.727160494444444,4.588222222222224,5.7280946,5.7718368,5.727537,5.8058524,5.670221,1,2.0,1,0.5,-0.93,23.3,76.7
2023-04-19 16:15:00,94.49816442222,54.318104955556,54.333937672222,18.64444443,4.978,35.55,1,5.1764362714980825,70.66250196097344,16,2,4,-0.8660254037844385,-0.5000000000000004,0.9749279121818236,-0.2225209339563143,0.8660254037844387,-0.4999999999999998,427.0,391.1875,362.8333333333333,15.875,38.9,69.75,56.0,-2.075,4.103968,0.0,6.15,18.71296296,35.53333333333333,35.95,36.0,36.15,35.96666666666667,-13.66644443,-0.1796296399999981,0.2073333333333327,4.770666666666667,4.913333333333333,18.74135801666667,4.766222222222223,5.670221,5.7280946,5.7718368,5.727537,5.7599835,0,1.0,1,0.75,-0.97,25.0,75.0
2023-04-19 16:30:00,130.227290633336,52.587896383334005,52.60567343889,18.71296296,4.913333333333333,35.96666666666667,1,5.1764362714980825,70.66250196097344,16,2,4,-0.8660254037844385,-0.5000000000000004,0.9749279121818236,-0.2225209339563143,0.8660254037844387,-0.4999999999999998,463.0,415.0625,376.6666666666667,15.95,38.9,73.5,55.0,-2.25,4.043894,0.0,6.199999999999999,18.87777779,35.55,35.53333333333333,35.95,36.0,35.3,-13.799629626666668,0.0685185300000021,-0.0646666666666666,4.978,5.12,18.727160486666666,4.887333333333333,5.7599835,5.670221,5.7280946,5.7718368,5.708565,0,1.0,0,0.75,-0.96,24.3,75.7
2023-04-19 16:45:00,68.320044788892,0.0,0.0,18.87777779,5.12,35.3,0,5.1764362714980825,70.66250196097344,16,2,4,-0.8660254037844385,-0.5000000000000004,0.9749279121818236,-0.2225209339563143,0.8660254037844387,-0.4999999999999998,499.0,445.0,390.2083333333333,16.025000000000002,38.9,77.25,54.0,-2.425,3.9833758,0.0,6.25,18.74444447,35.96666666666667,35.55,35.53333333333333,35.95,35.0,-13.75777779,0.1648148299999974,0.206666666666667,4.913333333333333,5.186000000000001,18.74506172666667,5.0037777777777785,5.708565,5.7599835,5.670221,5.7280946,5.6156206,1,2.0,1,0.5,-0.92,22.9,77.1
2023-04-19 17:00:00,45.035976455548,0.0,0.0,18.74444447,5.186000000000001,35.0,0,5.1764362714980825,70.66250196097344,17,2,4,-0.9659258262890684,-0.2588190451025206,0.9749279121818236,-0.2225209339563143,0.8660254037844387,-0.4999999999999998,535.0,481.0,403.4583333333333,16.1,38.9,81.0,53.0,-2.6,3.922412,0.0,6.3,18.59444448,35.3,35.96666666666667,35.55,35.53333333333333,35.0,-13.55844447,-0.1333333199999984,0.0660000000000007,5.12,5.415333333333334,18.77839507333334,5.073111111111111,5.6156206,5.708565,5.7599835,5.670221,5.565997,0,2.0,0,0.5,-0.95,24.2,75.8
2023-04-19 17:15:00,103.386420111104,63.175806183334,63.193027727778,18.59444448,5.415333333333334,35.0,1,5.1764362714980825,70.66250196097344,17,2,4,-0.9659258262890684,-0.2588190451025206,0.9749279121818236,-0.2225209339563143,0.8660254037844387,-0.4999999999999998,496.0,498.25,414.125,15.525000000000002,38.725,85.5,53.25,-2.725,3.8960536,0.0,6.125,18.70925926,35.0,35.3,35.96666666666667,35.55,34.81666666666667,-13.179111146666669,-0.1499999900000013,0.2293333333333329,5.186000000000001,5.448,18.738888913333337,5.240444444444446,5.565997,5.6156206,5.708565,5.7599835,5.5745916,0,2.0,1,0.5,-0.99,25.6,74.4
2023-04-19 17:30:00,101.70176518333,51.269338044444,51.284059672222,18.70925926,5.448,34.81666666666667,1,5.1764362714980825,70.66250196097344,17,2,4,-0.9659258262890684,-0.2588190451025206,0.9749279121818236,-0.2225209339563143,0.8660254037844387,-0.4999999999999998,457.0,496.75,422.2083333333333,14.95,38.55,90.0,53.5,-2.85,3.8697217,0.0,5.949999999999999,18.83333332,35.0,35.0,35.3,35.96666666666667,34.5,-13.26125926,0.1148147799999996,0.0326666666666657,5.415333333333334,5.4526666666666666,18.68271607,5.349777777777779,5.5745916,5.565997,5.6156206,5.708565,5.5645614,0,2.0,0,0.5,-0.96,24.6,75.4
2023-04-19 17:45:00,65.234890549998,0.0,0.0,18.83333332,5.4526666666666666,34.5,0,5.1764362714980825,70.66250196097344,17,2,4,-0.9659258262890684,-0.2588190451025206,0.9749279121818236,-0.2225209339563143,0.8660254037844387,-0.4999999999999998,418.0,476.5,427.7083333333333,14.375000000000002,38.375,94.5,53.75,-2.975,3.8434205,0.0,5.775,18.65740742,34.81666666666667,35.0,35.0,35.3,34.5,-13.380666653333336,0.1240740600000016,0.004666666666667,5.448,5.421333333333333,18.71234568666667,5.438666666666667,5.5645614,5.5745916,5.565997,5.6156206,5.5069685,1,2.0,1,0.5,-0.94,23.5,76.5
2023-04-19 18:00:00,70.851610472214,30.74321463889,30.75738073889,18.65740742,5.421333333333333,34.5,1,5.1764362714980825,70.66250196097344,18,2,4,-1.0,-1.8369701987210294e-16,0.9749279121818236,-0.2225209339563143,0.8660254037844387,-0.4999999999999998,379.0,437.5,430.625,13.8,38.2,99.0,54.0,-3.1,3.8171515,0.0,5.6,18.67777779,34.5,34.81666666666667,35.0,35.0,34.45,-13.236074086666669,-0.1759258999999993,-0.0313333333333334,5.4526666666666666,5.718666666666667,18.73333333333333,5.440666666666668,5.5069685,5.5645614,5.5745916,5.565997,5.5056214,0,1.0,1,0.75,-0.98,25.1,74.9
2023-04-19 18:15:00,133.697707561106,93.581534372222,93.601811344444,18.67777779,5.718666666666667,34.45,2,5.1764362714980825,70.66250196097344,18,2,4,-1.0,-1.8369701987210294e-16,0.9749279121818236,-0.2225209339563143,0.8660254037844387,-0.4999999999999998,327.25,395.3125,428.25,12.7,36.75,98.75,54.75,-3.075,3.8132799,0.0,5.375,18.905555536666668,34.5,34.5,34.81666666666667,35.0,34.21666666666667,-12.959111123333331,0.0203703699999984,0.2973333333333334,5.421333333333333,5.740666666666667,18.722839510000004,5.530888888888889,5.5056214,5.5069685,5.5645614,5.5745916,5.5424614,0,1.0,1,0.75,-0.97,24.9,75.1
2023-04-19 18:30:00,475.799022894442,0.0,0.0,18.905555536666668,5.740666666666667,34.21666666666667,0,5.1764362714980825,70.66250196097344,18,2,4,-1.0,-1.8369701987210294e-16,0.9749279121818236,-0.2225209339563143,0.8660254037844387,-0.4999999999999998,275.5,349.9375,420.5833333333333,11.6,35.3,98.5,55.5,-3.05,3.8085918,0.0,5.15,18.76666666,34.45,34.5,34.5,34.81666666666667,35.7,-13.164888870000002,0.2277777466666677,0.0220000000000002,5.718666666666667,5.48,18.746913582222223,5.62688888888889,5.5424614,5.5056214,5.5069685,5.5645614,5.7354646,1,2.0,1,0.5,-0.92,22.9,77.1
2023-04-19 18:45:00,1333.790257388888,0.0,0.0,18.76666666,5.48,35.7,0,5.1764362714980825,70.66250196097344,18,2,4,-1.0,-1.8369701987210294e-16,0.9749279121818236,-0.2225209339563143,0.8660254037844387,-0.4999999999999998,223.75,301.375,407.625,10.5,33.85,98.25,56.25,-3.025,3.803109,0.0,4.925,18.69074075,34.21666666666667,34.45,34.5,34.5,39.05,-13.286666659999998,-0.1388888766666696,-0.2606666666666664,5.740666666666667,5.274,18.78333332888889,5.6464444444444455,5.7354646,5.5424614,5.5056214,5.5069685,6.245556,0,2.0,0,0.5,-0.94,23.8,76.2
2023-04-19 19:00:00,1035.73495786111,0.0,0.0,18.69074075,5.274,39.05,0,5.1764362714980825,70.66250196097344,19,2,4,-0.9659258262890684,0.2588190451025203,0.9749279121818236,-0.2225209339563143,0.8660254037844387,-0.4999999999999998,172.0,249.625,389.375,9.4,32.4,98.0,57.0,-3.0,3.796854,0.0,4.7,18.85,35.7,34.21666666666667,34.45,34.5,46.4,-13.41674075,-0.0759259099999987,-0.2060000000000004,5.48,4.974,18.78765431555556,5.498222222222222,6.245556,5.7354646,5.5424614,5.5056214,7.4913054,0,3.0,0,0.25,-0.94,23.8,76.2
2023-04-19 19:15:00,1296.691185711116,0.0,0.0,18.85,4.974,46.4,0,5.1764362714980825,70.66250196097344,19,2,4,-0.9659258262890684,0.2588190451025203,0.9749279121818236,-0.2225209339563143,0.8660254037844387,-0.4999999999999998,136.0,201.8125,365.125,8.575,29.25,79.75,60.5,-2.95,3.8404596,0.0,3.975,18.99259259333333,39.05,35.7,34.21666666666667,34.45,46.18333333333333,-13.876,0.1592592500000016,-0.2999999999999998,5.274,4.722,18.76913580333333,5.242666666666668,7.4913054,6.245556,5.7354646,5.5424614,7.5193806,0,4.0,0,0.0,-0.87,20.9,79.1
2023-04-19 19:30:00,878.845678233328,0.0,0.0,18.99259259333333,4.722,46.18333333333333,0,5.1764362714980825,70.66250196097344,19,2,4,-0.9659258262890684,0.2588190451025203,0.9749279121818236,-0.2225209339563143,0.8660254037844387,-0.4999999999999998,100.0,157.9375,334.875,7.75,26.1,61.5,64.0,-2.9,3.8704367,0.0,3.25,18.99444444,46.4,39.05,35.7,34.21666666666667,44.5,-14.270592593333332,0.1425925933333296,-0.2520000000000006,4.974,4.442666666666667,18.84444444777778,4.99,7.5193806,7.4913054,6.245556,5.7354646,7.246098,0,4.0,0,0.0,-0.84,19.8,80.2
2023-04-19 19:45:00,1178.55063383889,0.0,0.0,18.99444444,4.442666666666667,44.5,0,5.1764362714980825,70.66250196097344,19,2,4,-0.9659258262890684,0.2588190451025203,0.9749279121818236,-0.2225209339563143,0.8660254037844387,-0.4999999999999998,64.0,118.0,298.625,6.925,22.950000000000003,43.25,67.5,-2.85,3.887838,0.0,2.525,18.96851849333333,46.18333333333333,46.4,39.05,35.7,44.13333333333333,-14.551777773333331,0.0018518466666677,-0.2793333333333327,4.722,4.26,18.94567901111111,4.71288888888889,7.246098,7.5193806,7.4913054,6.245556,7.1754045,0,4.0,0,0.0,-0.85,20.1,79.9
2023-04-19 20:00:00,450.515589838886,0.0,0.0,18.96851849333333,4.26,44.13333333333333,0,5.1764362714980825,70.66250196097344,20,2,4,-0.8660254037844386,0.5000000000000001,0.9749279121818236,-0.2225209339563143,0.8660254037844387,-0.4999999999999998,28.0,82.0,256.375,6.1,19.8,25.0,71.0,-2.8,3.8936617,0.0,1.8,18.99444444,44.5,46.18333333333333,46.4,39.05,44.1,-14.708518493333331,-0.0259259466666677,-0.1826666666666669,4.442666666666667,4.058666666666666,18.98518517555556,4.474888888888889,7.1754045,7.246098,7.5193806,7.4913054,7.1809645,0,4.0,0,0.0,-0.85,20.4,79.6
2023-04-19 20:15:00,66.736496966672,0.0,0.0,18.99444444,4.058666666666666,44.1,0,5.1764362714980825,70.66250196097344,20,2,4,-0.8660254037844386,0.5000000000000001,0.9749279121818236,-0.2225209339563143,0.8660254037844387,-0.4999999999999998,21.0,53.25,216.79166666666663,6.0,18.1,39.25,71.5,-2.675,3.9344075,0.0,1.85,18.927777756666668,44.13333333333333,44.5,46.18333333333333,46.4,43.2,-14.935777773333331,0.0259259466666677,-0.2013333333333333,4.26,4.024,18.985802457777776,4.2537777777777785,7.1809645,7.1754045,7.246098,7.5193806,7.006785,0,4.0,0,0.0,-0.85,20.1,79.9
2023-04-19 20:30:00,71.011048427774,0.0,0.0,18.927777756666668,4.024,43.2,0,5.1764362714980825,70.66250196097344,20,2,4,-0.8660254037844386,0.5000000000000001,0.9749279121818236,-0.2225209339563143,0.8660254037844387,-0.4999999999999998,14.0,31.75,179.875,5.9,16.4,53.5,72.0,-2.55,3.9753804,0.0,1.9,18.84444443,44.1,44.13333333333333,44.5,46.18333333333333,41.7,-14.903777756666669,-0.0666666833333309,-0.0346666666666664,4.058666666666666,3.938,18.96358023,4.114222222222224,7.006785,7.1809645,7.1754045,7.246098,6.7302785,0,4.0,0,0.0,-0.87,20.9,79.1
2023-04-19 20:45:00,127.519065766664,0.0,0.0,18.84444443,3.938,41.7,0,5.1764362714980825,70.66250196097344,20,2,4,-0.8660254037844386,0.5000000000000001,0.9749279121818236,-0.2225209339563143,0.8660254037844387,-0.4999999999999998,7.0,17.5,145.625,5.8,14.7,67.75,72.5,-2.425,4.016579,0.0,1.95,18.76111111333333,43.2,44.1,44.13333333333333,44.5,40.2,-14.90644443,-0.0833333266666684,-0.0859999999999998,4.024,3.8466666666666662,18.92222220888889,4.006888888888889,6.7302785,7.006785,7.1809645,7.1754045,6.4563003,0,4.0,0,0.0,-0.89,21.9,78.1
2023-04-19 21:00:00,143.303989844444,0.0,0.0,18.76111111333333,3.8466666666666662,40.2,0,5.1764362714980825,70.66250196097344,21,2,4,-0.7071067811865477,0.7071067811865474,0.9749279121818236,-0.2225209339563143,0.8660254037844387,-0.4999999999999998,0.0,10.5,114.04166666666669,5.7,13.0,82.0,73.0,-2.3,4.0580072,0.0,2.0,18.638888880000003,41.7,43.2,44.1,44.13333333333333,39.1,-14.914444446666668,-0.0833333166666641,-0.0913333333333334,3.938,3.7966666666666655,18.844444433333333,3.936222222222223,6.4563003,6.7302785,7.006785,7.1809645,6.234395,0,4.0,0,0.0,-0.92,23.0,77.0
2023-04-19 21:15:00,145.024476555556,0.0,0.0,18.638888880000003,3.7966666666666655,39.1,0,5.1764362714980825,70.66250196097344,21,2,4,-0.7071067811865477,0.7071067811865474,0.9749279121818236,-0.2225209339563143,0.8660254037844387,-0.4999999999999998,0.0,5.25,86.77083333333333,5.325,12.175,82.5,73.5,-2.275,4.0650854,0.0,1.925,18.53888891333333,40.2,41.7,43.2,44.1,38.53333333333333,-14.842222213333336,-0.122222233333332,-0.0500000000000002,3.8466666666666662,3.536,18.748148141111116,3.860444444444445,6.234395,6.4563003,6.7302785,7.006785,6.10777,0,4.0,0,0.0,-0.96,24.3,75.7
2023-04-19 21:30:00,81.378133544448,0.0,0.0,18.53888891333333,3.536,38.53333333333333,0,5.1764362714980825,70.66250196097344,21,2,4,-0.7071067811865477,0.7071067811865474,0.9749279121818236,-0.2225209339563143,0.8660254037844387,-0.4999999999999998,0.0,1.75,63.8125,4.95,11.35,83.0,74.0,-2.25,4.0719743,0.0,1.85,18.45555553,39.1,40.2,41.7,43.2,38.15,-15.002888913333337,-0.0999999666666688,-0.2606666666666664,3.7966666666666655,3.252,18.646296302222225,3.7264444444444447,6.10777,6.234395,6.4563003,6.7302785,6.017223,0,4.0,0,0.0,-0.98,25.4,74.6
2023-04-19 21:45:00,58.367387327782,0.0,0.0,18.45555553,3.252,38.15,0,5.1764362714980825,70.66250196097344,21,2,4,-0.7071067811865477,0.7071067811865474,0.9749279121818236,-0.2225209339563143,0.8660254037844387,-0.4999999999999998,0.0,0.0,45.16666666666666,4.575,10.525,83.5,74.5,-2.225,4.0786757,0.0,1.775,18.37222221333333,38.53333333333333,39.1,40.2,41.7,38.18333333333333,-15.20355553,-0.0833333833333327,-0.2839999999999998,3.536,2.9633333333333334,18.544444441111114,3.528222222222223,6.017223,6.10777,6.234395,6.4563003,5.992799,0,4.0,0,0.0,-1.0,26.3,73.7
2023-04-19 22:00:00,788.938163427778,0.0,0.0,18.37222221333333,2.9633333333333334,38.18333333333333,0,5.1764362714980825,70.66250196097344,22,2,4,-0.5000000000000004,0.8660254037844384,0.9749279121818236,-0.2225209339563143,0.8660254037844387,-0.4999999999999998,0.0,0.0,30.83333333333333,4.2,9.7,84.0,75.0,-2.2,4.0851917,0.0,1.7,18.3333333,38.15,38.53333333333333,39.1,40.2,39.2,-15.408888879999996,-0.0833333166666712,-0.2886666666666668,3.252,2.9186666666666667,18.455555552222226,3.250444444444445,5.992799,6.017223,6.10777,6.234395,6.1381855,0,4.0,0,0.0,-1.02,27.1,72.9
2023-04-19 22:15:00,1046.641743855552,0.0,0.0,18.3333333,2.9186666666666667,39.2,0,5.1764362714980825,70.66250196097344,22,2,4,-0.5000000000000004,0.8660254037844384,0.9749279121818236,-0.2225209339563143,0.8660254037844387,-0.4999999999999998,0.0,0.0,19.5,3.7,9.25,75.0,75.25,-2.25,4.077974,0.0,1.625,18.31296295,38.18333333333333,38.15,38.53333333333333,39.1,39.31666666666667,-15.414666633333333,-0.0388889133333307,-0.0446666666666666,2.9633333333333334,2.9853333333333336,18.387037014444445,3.0446666666666675,6.1381855,5.992799,6.017223,6.10777,6.1490173,0,4.0,0,0.0,-1.03,27.3,72.7
2023-04-19 22:30:00,58.161284605554,0.0,0.0,18.31296295,2.9853333333333336,39.31666666666667,0,5.1764362714980825,70.66250196097344,22,2,4,-0.5000000000000004,0.8660254037844384,0.9749279121818236,-0.2225209339563143,0.8660254037844387,-0.4999999999999998,0.0,0.0,11.166666666666666,3.2,8.8,66.0,75.5,-2.3,4.070712,0.0,1.5499999999999998,18.27222224,39.2,38.18333333333333,38.15,38.53333333333333,38.95,-15.327629616666666,-0.0203703500000003,0.0666666666666668,2.9186666666666667,2.9,18.339506154444447,2.955777777777778,6.1490173,6.1381855,5.992799,6.017223,6.076961,0,4.0,0,0.0,-1.03,27.4,72.6
2023-04-19 22:45:00,105.005244105554,0.0,0.0,18.27222224,2.9,38.95,0,5.1764362714980825,70.66250196097344,22,2,4,-0.5000000000000004,0.8660254037844384,0.9749279121818236,-0.2225209339563143,0.8660254037844387,-0.4999999999999998,0.0,0.0,5.833333333333333,2.7,8.35,57.0,75.75,-2.35,4.0634046,0.0,1.475,18.225925906666667,39.31666666666667,39.2,38.18333333333333,38.15,38.35,-15.37222224,-0.0407407099999979,-0.0853333333333337,2.9853333333333336,2.905333333333333,18.306172830000005,2.934666666666667,6.076961,6.1490173,6.1381855,5.992799,5.9669247,0,4.0,0,0.0,-1.04,27.9,72.1
2023-04-19 23:00:00,106.731286177776,0.0,0.0,18.225925906666667,2.905333333333333,38.35,0,5.1764362714980825,70.66250196097344,23,2,4,-0.2588190451025215,0.965925826289068,0.9749279121818236,-0.2225209339563143,0.8660254037844387,-0.4999999999999998,0.0,0.0,3.5,2.2,7.9,48.0,76.0,-2.4,4.0560536,0.0,1.4,18.2222222,38.95,39.31666666666667,39.2,38.18333333333333,38.0,-15.320592573333334,-0.0462963333333341,0.0053333333333331,2.9,3.0113333333333334,18.270370365555557,2.930222222222223,5.9669247,6.076961,6.1490173,6.1381855,5.911168,0,4.0,0,0.0,-1.06,28.5,71.5
2023-04-19 23:15:00,88.510626066668,0.0,0.0,18.2222222,3.0113333333333334,38.0,0,5.1764362714980825,70.66250196097344,23,2,4,-0.2588190451025215,0.965925826289068,0.9749279121818236,-0.2225209339563143,0.8660254037844387,-0.4999999999999998,0.0,0.0,1.75,2.925,8.075,61.0,76.25,-2.45,4.0348854,0.0,1.275,18.2222222,38.35,38.95,39.31666666666667,39.2,38.18333333333333,-15.210888866666668,-0.0037037066666663,0.1060000000000003,2.905333333333333,3.064,18.24012344888889,2.9388888888888896,5.911168,5.9669247,6.076961,6.1490173,5.939687,0,4.0,0,0.0,-1.06,28.7,71.3
2023-04-19 23:30:00,758.774370011112,0.0,0.0,18.2222222,3.064,38.18333333333333,0,5.1764362714980825,70.66250196097344,23,2,4,-0.2588190451025215,0.965925826289068,0.9749279121818236,-0.2225209339563143,0.8660254037844387,-0.4999999999999998,0.0,0.0,0.5833333333333334,3.65,8.25,74.0,76.5,-2.5,4.013748,0.0,1.15,18.21666665,38.0,38.35,38.95,39.31666666666667,38.1,-15.1582222,0.0,0.0526666666666666,3.0113333333333334,3.035333333333333,18.22345676888889,2.993555555555556,5.939687,5.911168,5.9669247,6.076961,5.924768,0,4.0,0,0.0,-1.06,28.6,71.4
2023-04-19 23:45:00,213.060643933332,0.0,0.0,18.21666665,3.035333333333333,38.1,0,5.1764362714980825,70.66250196097344,23,2,4,-0.2588190451025215,0.965925826289068,0.9749279121818236,-0.2225209339563143,0.8660254037844387,-0.4999999999999998,0.0,0.0,0.0,4.375,8.425,87.0,76.75,-2.55,3.9926438,0.0,1.025,18.170370400000003,38.18333333333333,38.0,38.35,38.95,37.53333333333333,-15.181333316666668,-0.0055555500000004,-0.0286666666666666,3.064,3.1453333333333333,18.22037035,3.0368888888888894,5.924768,5.939687,5.911168,5.9669247,5.8206205,0,4.0,0,0.0,-1.06,28.7,71.3
2023-04-20 00:00:00,444.900814488884,21.067768388888,21.078601338886,18.170370400000003,3.1453333333333333,37.53333333333333,1,5.1764362714980825,70.66250196097344,0,3,4,0.0,1.0,0.4338837391175582,-0.900968867902419,0.8660254037844387,-0.4999999999999998,0.0,0.0,0.0,5.1,8.6,100.0,77.0,-2.6,3.971573,0.0,0.9,18.27222225,38.1,38.18333333333333,38.0,38.35,38.55,-15.02503706666667,-0.0462962499999974,0.1099999999999998,3.035333333333333,3.23,18.203086416666668,3.0815555555555565,5.8206205,5.924768,5.939687,5.911168,6.0145526,0,3.0,1,0.25,-1.07,29.3,70.7
2023-04-20 00:15:00,1316.796770405558,93.028500944444,93.048500177776,18.27222225,3.23,38.55,2,5.1764362714980825,70.66250196097344,0,3,4,0.0,1.0,0.4338837391175582,-0.900968867902419,0.8660254037844387,-0.4999999999999998,0.0,0.0,0.0,5.324999999999999,9.7,100.0,75.5,-2.5,4.008836,0.0,1.3250000000000002,18.55740743,37.53333333333333,38.1,38.18333333333333,38.0,38.81666666666667,-15.042222250000002,0.1018518499999991,0.0846666666666666,3.1453333333333333,3.436,18.2197531,3.136888888888889,6.0145526,5.8206205,5.924768,5.939687,6.1594324,0,2.0,1,0.5,-1.04,28.0,72.0
2023-04-20 00:30:00,413.338188127774,0.0,0.0,18.55740743,3.436,38.81666666666667,0,5.1764362714980825,70.66250196097344,0,3,4,0.0,1.0,0.4338837391175582,-0.900968867902419,0.8660254037844387,-0.4999999999999998,0.0,0.0,0.0,5.55,10.8,100.0,74.0,-2.4000000000000004,4.044432,0.0,1.75,18.51666666,38.55,37.53333333333333,38.1,38.18333333333333,38.1,-15.12140743,0.2851851799999991,0.2059999999999999,3.23,3.4833333333333334,18.33333336,3.2704444444444447,6.1594324,6.0145526,5.8206205,5.924768,6.0311384,1,2.0,1,0.5,-0.98,25.2,74.8
2023-04-20 00:45:00,66.109855533332,0.0,0.0,18.51666666,3.4833333333333334,38.1,0,5.1764362714980825,70.66250196097344,0,3,4,0.0,1.0,0.4338837391175582,-0.900968867902419,0.8660254037844387,-0.4999999999999998,0.0,0.0,0.0,5.775,11.9,100.0,72.5,-2.3000000000000003,4.078248,0.0,2.1750000000000003,18.3648148,38.81666666666667,38.55,37.53333333333333,38.1,37.53333333333333,-15.033333326666664,-0.0407407700000028,0.0473333333333334,3.436,3.629333333333333,18.44876544666667,3.3831111111111114,6.0311384,6.1594324,6.0145526,5.8206205,5.888196,0,2.0,0,0.5,-0.99,25.7,74.3
2023-04-20 01:00:00,163.030700894438,102.386182172222,102.398681705554,18.3648148,3.629333333333333,37.53333333333333,2,5.1764362714980825,70.66250196097344,1,3,4,0.2588190451025207,0.9659258262890684,0.4338837391175582,-0.900968867902419,0.8660254037844387,-0.4999999999999998,0.0,0.0,0.0,6.0,13.0,100.0,71.0,-2.2,4.1101646,0.0,2.6,18.61666666,38.1,38.81666666666667,38.55,37.53333333333333,37.1,-14.735481466666664,-0.1518518600000007,0.1459999999999999,3.4833333333333334,3.52,18.47962963,3.5162222222222232,5.888196,6.0311384,6.1594324,6.0145526,5.9077244,0,2.0,1,0.5,-1.03,27.3,72.7
2023-04-20 01:15:00,90.083618827774,12.202567444444,12.209789472218,18.61666666,3.52,37.1,1,5.1764362714980825,70.66250196097344,1,3,4,0.2588190451025207,0.9659258262890684,0.4338837391175582,-0.900968867902419,0.8660254037844387,-0.4999999999999998,0.0,0.0,0.0,5.675,12.625,100.0,70.75,-2.1750000000000003,4.109519,0.0,2.65,18.609259276666663,37.53333333333333,38.1,38.81666666666667,38.55,36.53333333333333,-15.09666666,0.2518518600000021,-0.1093333333333332,3.629333333333333,3.46,18.499382706666665,3.544222222222223,5.9077244,5.888196,6.0311384,6.1594324,5.814938,0,2.0,1,0.5,-0.97,24.9,75.1
2023-04-20 01:30:00,55.095296050002,0.0,0.0,18.609259276666663,3.46,36.53333333333333,0,5.1764362714980825,70.66250196097344,1,3,4,0.2588190451025207,0.9659258262890684,0.4338837391175582,-0.900968867902419,0.8660254037844387,-0.4999999999999998,0.0,0.0,0.0,5.35,12.25,100.0,70.5,-2.1500000000000004,4.1088147,0.0,2.7,18.44444445,37.1,37.53333333333333,38.1,38.81666666666667,36.5,-15.149259276666664,-0.0074073833333336,-0.06,3.52,3.583333333333333,18.53024691222222,3.536444444444445,5.814938,5.9077244,5.888196,6.0311384,5.7531857,1,2.0,1,0.5,-0.98,25.1,74.9
2023-04-20 01:45:00,432.877128788884,99.8785047,99.89822616111,18.44444445,3.583333333333333,36.5,2,5.1764362714980825,70.66250196097344,1,3,4,0.2588190451025207,0.9659258262890684,0.4338837391175582,-0.900968867902419,0.8660254037844387,-0.4999999999999998,0.0,0.0,0.0,5.025,11.875,100.0,70.25,-2.125,4.1080546,0.0,2.75,18.65740741,36.53333333333333,37.1,37.53333333333333,38.1,36.13333333333333,-14.861111116666663,-0.1648148266666673,0.1233333333333335,3.46,3.766,18.55679012888889,3.521111111111112,5.7531857,5.814938,5.9077244,5.888196,5.767685,0,1.0,1,0.75,-1.01,26.7,73.3
2023-04-20 02:00:00,75.04227593889,14.6685799,14.678301727778,18.65740741,3.766,36.13333333333333,1,5.1764362714980825,70.66250196097344,2,3,4,0.4999999999999999,0.8660254037844387,0.4338837391175582,-0.900968867902419,0.8660254037844387,-0.4999999999999998,0.0,0.0,0.0,4.7,11.5,100.0,70.0,-2.1,4.107236,0.0,2.8,18.65,36.5,36.53333333333333,37.1,37.53333333333333,35.5,-14.89140741,0.2129629600000022,0.1826666666666665,3.583333333333333,3.93,18.57037037888889,3.603111111111112,5.767685,5.7531857,5.814938,5.9077244,5.6641083,0,1.0,1,0.75,-0.97,24.8,75.2
2023-04-20 02:15:00,55.9377624,0.0,0.0,18.65,3.93,35.5,0,5.1764362714980825,70.66250196097344,2,3,4,0.4999999999999999,0.8660254037844387,0.4338837391175582,-0.900968867902419,0.8660254037844387,-0.4999999999999998,0.0,0.0,0.0,3.975,10.525,99.75,71.5,-1.925,4.1600842,0.0,2.675,18.50740740666667,36.13333333333333,36.5,36.53333333333333,37.1,35.68333333333333,-14.72,-0.0074074100000025,0.1640000000000001,3.766,3.854,18.58395062,3.7597777777777774,5.6641083,5.767685,5.7531857,5.814938,5.6454883,1,2.0,1,0.5,-0.97,25.0,75.0
2023-04-20 02:30:00,138.481960433336,96.507528427778,96.5261388,18.50740740666667,3.854,35.68333333333333,2,5.1764362714980825,70.66250196097344,2,3,4,0.4999999999999999,0.8660254037844387,0.4338837391175582,-0.900968867902419,0.8660254037844387,-0.4999999999999998,0.0,0.0,0.0,3.25,9.55,99.5,73.0,-1.75,4.211721,0.0,2.55,18.69444446,35.5,36.13333333333333,36.5,36.53333333333333,35.6,-14.65340740666667,-0.1425925933333296,-0.076,3.93,3.846,18.604938272222224,3.850000000000001,5.6454883,5.6641083,5.767685,5.7531857,5.69502,0,1.0,1,0.75,-1.0,26.3,73.7
2023-04-20 02:45:00,68.728639694442,17.91122793889,17.921783066668002,18.69444446,3.846,35.6,1,5.1764362714980825,70.66250196097344,2,3,4,0.4999999999999999,0.8660254037844387,0.4338837391175582,-0.900968867902419,0.8660254037844387,-0.4999999999999998,0.0,0.0,0.0,2.525,8.575,99.25,74.5,-1.575,4.262161,0.0,2.425,18.696296326666666,35.68333333333333,35.5,36.13333333333333,36.5,35.03333333333333,-14.84844446,0.1870370533333307,-0.0080000000000004,3.854,3.84,18.61728395555556,3.8766666666666674,5.69502,5.6454883,5.6641083,5.767685,5.604984,0,1.0,1,0.75,-0.96,24.5,75.5
2023-04-20 03:00:00,64.69130116111,0.0,0.0,18.696296326666666,3.84,35.03333333333333,0,5.1764362714980825,70.66250196097344,3,3,4,0.7071067811865476,0.7071067811865476,0.4338837391175582,-0.900968867902419,0.8660254037844387,-0.4999999999999998,0.0,0.0,0.0,1.8,7.6,99.0,76.0,-1.4,4.3114176,0.0,2.3,18.49999999,35.6,35.68333333333333,35.5,36.13333333333333,35.05,-14.856296326666666,0.0018518666666658,-0.0059999999999993,3.846,3.947333333333333,18.63271606444445,3.846666666666668,5.604984,5.69502,5.6454883,5.6641083,5.5428543,1,2.0,1,0.5,-0.96,24.6,75.4
2023-04-20 03:15:00,136.057057566664,94.285395083334,94.303172172222,18.49999999,3.947333333333333,35.05,2,5.1764362714980825,70.66250196097344,3,3,4,0.7071067811865476,0.7071067811865476,0.4338837391175582,-0.900968867902419,0.8660254037844387,-0.4999999999999998,0.0,0.0,0.0,1.35,6.875,99.0,76.25,-1.25,4.3622785,0.0,2.425,18.73333335333333,35.03333333333333,35.6,35.68333333333333,35.5,35.1,-14.552666656666666,-0.1962963366666663,0.107333333333333,3.84,4.247333333333334,18.630246925555557,3.877777777777778,5.5428543,5.604984,5.69502,5.6454883,5.627965,0,1.0,1,0.75,-1.01,26.5,73.5
2023-04-20 03:30:00,71.50825063889,29.229386344444,29.241608055556,18.73333335333333,4.247333333333334,35.1,1,5.1764362714980825,70.66250196097344,3,3,4,0.7071067811865476,0.7071067811865476,0.4338837391175582,-0.900968867902419,0.8660254037844387,-0.4999999999999998,0.0,0.0,0.0,0.9,6.15,99.0,76.5,-1.1,4.4136524,0.0,2.55,18.75555555,35.05,35.03333333333333,35.6,35.68333333333333,34.5,-14.48600002,0.2333333633333332,0.3000000000000002,3.947333333333333,4.382666666666667,18.64320989,4.011555555555557,5.627965,5.5428543,5.604984,5.69502,5.5390363,0,1.0,1,0.75,-0.96,24.3,75.7
2023-04-20 03:45:00,72.30099684444,0.0,0.0,18.75555555,4.382666666666667,34.5,0,5.1764362714980825,70.66250196097344,3,3,4,0.7071067811865476,0.7071067811865476,0.4338837391175582,-0.900968867902419,0.8660254037844387,-0.4999999999999998,0.0,0.0,0.0,0.4500000000000002,5.425,99.0,76.75,-0.95,4.4655457,0.0,2.675,18.54629632,35.1,35.05,35.03333333333333,35.6,34.5,-14.372888883333331,0.022222196666668,0.1353333333333335,4.247333333333334,4.488,18.662962964444446,4.192444444444445,5.5390363,5.627965,5.5428543,5.604984,5.4708624,1,2.0,1,0.5,-0.95,24.2,75.8
2023-04-20 04:00:00,120.197691999996,74.389802088888,74.404801555552,18.54629632,4.488,34.5,2,5.1764362714980825,70.66250196097344,4,3,4,0.8660254037844386,0.5000000000000001,0.4338837391175582,-0.900968867902419,0.8660254037844387,-0.4999999999999998,0.0,0.0,0.0,0.0,4.7,99.0,77.0,-0.8,4.5179596,0.0,2.8,18.70555557,34.5,35.1,35.05,35.03333333333333,34.5,-14.05829632,-0.2092592300000006,0.1053333333333323,4.382666666666667,4.891333333333334,18.678395074444445,4.372666666666667,5.4708624,5.5390363,5.627965,5.5428543,5.522679,0,1.0,1,0.75,-1.0,26.2,73.8
2023-04-20 04:15:00,93.135996544448,50.06438626111,50.077163516666,18.70555557,4.891333333333334,34.5,1,5.1764362714980825,70.66250196097344,4,3,4,0.8660254037844386,0.5000000000000001,0.4338837391175582,-0.900968867902419,0.8660254037844387,-0.4999999999999998,0.0,0.0,0.0,0.525,4.7,97.5,77.25,-0.7250000000000001,4.5479035,0.0,2.85,18.82037037,34.5,34.5,35.1,35.05,34.5,-13.814222236666668,0.1592592500000016,0.4033333333333342,4.488,4.572,18.669135813333337,4.587333333333334,5.522679,5.4708624,5.5390363,5.627965,5.5603004,0,1.0,1,0.75,-0.96,24.7,75.3
2023-04-20 04:30:00,65.410161255556,0.0,0.0,18.82037037,4.572,34.5,0,5.1764362714980825,70.66250196097344,4,3,4,0.8660254037844386,0.5000000000000001,0.4338837391175582,-0.900968867902419,0.8660254037844387,-0.4999999999999998,0.0,0.0,0.0,1.05,4.7,96.0,77.5,-0.65,4.577991,0.0,2.9,18.61666669,34.5,34.5,34.5,35.1,34.5,-14.24837037,0.1148147999999977,-0.3193333333333337,4.891333333333334,4.895333333333334,18.690740753333333,4.650444444444445,5.5603004,5.522679,5.4708624,5.5390363,5.493706,1,2.0,1,0.5,-0.94,23.6,76.4
2023-04-20 04:45:00,133.8379796,82.441702216666,82.45947932222,18.61666669,4.895333333333334,34.5,2,5.1764362714980825,70.66250196097344,4,3,4,0.8660254037844386,0.5000000000000001,0.4338837391175582,-0.900968867902419,0.8660254037844387,-0.4999999999999998,0.0,0.0,0.0,1.575,4.7,94.5,77.75,-0.575,4.608224,0.0,2.95,18.740740766666665,34.5,34.5,34.5,34.5,34.31666666666667,-13.721333356666666,-0.2037036800000002,0.3233333333333341,4.572,5.141333333333334,18.714197543333334,4.786222222222222,5.493706,5.5603004,5.522679,5.4708624,5.504775,0,1.0,1,0.75,-0.99,25.5,74.5
2023-04-20 05:00:00,354.11055717778,42.918838727778,42.933004811112,18.740740766666665,5.141333333333334,34.31666666666667,1,5.1764362714980825,70.66250196097344,5,3,4,0.9659258262890684,0.2588190451025207,0.4338837391175582,-0.900968867902419,0.8660254037844387,-0.4999999999999998,0.0,0.0,0.0,2.1,4.7,93.0,78.0,-0.5,4.6386023,0.0,3.0,18.79444446,34.5,34.5,34.5,34.5,34.0,-13.599407433333331,0.1240740766666661,0.2459999999999995,4.895333333333334,4.956,18.725925942222226,4.869555555555557,5.504775,5.493706,5.5603004,5.522679,5.4713264,0,1.0,1,0.75,-0.96,24.4,75.6
2023-04-20 05:15:00,59.383458049994005,11.172330872222,11.182052749998,18.79444446,4.956,34.0,1,5.1764362714980825,70.66250196097344,5,3,4,0.9659258262890684,0.2588190451025207,0.4338837391175582,-0.900968867902419,0.8660254037844387,-0.4999999999999998,0.0,0.0,0.0,2.025,4.6,87.0,79.0,-0.45,4.658759,0.0,2.875,18.6425926,34.31666666666667,34.5,34.5,34.5,34.18333333333333,-13.838444460000002,0.0537036933333361,-0.1853333333333333,5.141333333333334,4.5520000000000005,18.717283972222223,4.997555555555556,5.4713264,5.504775,5.493706,5.5603004,5.45164,0,1.0,0,0.75,-0.95,23.9,76.1
2023-04-20 05:30:00,176.189063272222,112.172457372222,112.19328992222,18.6425926,4.5520000000000005,34.18333333333333,2,5.1764362714980825,70.66250196097344,5,3,4,0.9659258262890684,0.2588190451025207,0.4338837391175582,-0.900968867902419,0.8660254037844387,-0.4999999999999998,0.0,0.0,0.0,1.95,4.5,81.0,80.0,-0.4,4.6782117,0.0,2.75,18.84999998,34.0,34.31666666666667,34.5,34.5,34.2,-14.0905926,-0.1518518600000007,-0.4039999999999999,4.956,4.141333333333333,18.725925942222226,4.883111111111112,5.45164,5.4713264,5.504775,5.493706,5.5216084,0,0.0,1,1.0,-0.98,25.3,74.7
2023-04-20 05:45:00,144.457277027778,0.0,0.0,18.84999998,4.141333333333333,34.2,0,5.1764362714980825,70.66250196097344,5,3,4,0.9659258262890684,0.2588190451025207,0.4338837391175582,-0.900968867902419,0.8660254037844387,-0.4999999999999998,0.0,0.0,0.0,1.875,4.4,75.0,81.0,-0.35,4.696971,0.0,2.625,18.77962962,34.18333333333333,34.0,34.31666666666667,34.5,34.833333333333336,-14.708666646666668,0.2074073799999993,-0.4106666666666676,4.5520000000000005,4.029999999999999,18.762345680000003,4.549777777777779,5.5216084,5.45164,5.4713264,5.504775,5.600518,1,1.0,1,0.75,-0.93,23.4,76.6
2023-04-20 06:00:00,87.793988116666,0.0,0.0,18.77962962,4.029999999999999,34.833333333333336,0,5.1764362714980825,70.66250196097344,6,3,4,1.0,6.123233995736766e-17,0.4338837391175582,-0.900968867902419,0.8660254037844387,-0.4999999999999998,0.0,0.0,0.0,1.8,4.3,69.0,82.0,-0.3,4.7150435,0.0,2.5,18.57777781,34.2,34.18333333333333,34.0,34.31666666666667,35.8,-14.74962962,-0.0703703600000018,-0.1113333333333335,4.141333333333333,4.026,18.7574074,4.241111111111112,5.600518,5.5216084,5.45164,5.4713264,5.6876035,0,2.0,0,0.5,-0.95,23.9,76.1
2023-04-20 06:15:00,66.07346803889,0.0,0.0,18.57777781,4.026,35.8,0,5.1764362714980825,70.66250196097344,6,3,4,1.0,6.123233995736766e-17,0.4338837391175582,-0.900968867902419,0.8660254037844387,-0.4999999999999998,4.0,1.0,0.3333333333333333,1.975,4.75,76.75,82.0,-0.275,4.7150435,0.0,2.5,18.43148146333333,34.833333333333336,34.2,34.18333333333333,34.0,35.71666666666667,-14.55177781,-0.2018518099999973,-0.0039999999999995,4.029999999999999,3.986,18.73580247,4.065777777777778,5.6876035,5.600518,5.5216084,5.45164,5.625393,0,3.0,0,0.25,-0.99,25.6,74.4
2023-04-20 06:30:00,117.153369327774,69.971923227778,69.98914480555399,18.43148146333333,3.986,35.71666666666667,1,5.1764362714980825,70.66250196097344,6,3,4,1.0,6.123233995736766e-17,0.4338837391175582,-0.900968867902419,0.8660254037844387,-0.4999999999999998,8.0,3.0,1.0,2.15,5.2,84.5,82.0,-0.25,4.7150435,0.0,2.5,18.55,35.8,34.833333333333336,34.2,34.18333333333333,36.3,-14.445481463333332,-0.1462963466666664,-0.04,4.026,4.448666666666667,18.59629629777778,4.014,5.625393,5.6876035,5.600518,5.5216084,5.757561,0,3.0,1,0.25,-1.02,27.0,73.0
2023-04-20 06:45:00,84.572450283334,44.609604427778,44.624048266668,18.55,4.448666666666667,36.3,1,5.1764362714980825,70.66250196097344,6,3,4,1.0,6.123233995736766e-17,0.4338837391175582,-0.900968867902419,0.8660254037844387,-0.4999999999999998,12.0,6.0,2.0,2.325,5.65,92.25,82.0,-0.225,4.7150435,0.0,2.5,18.60185187,35.71666666666667,35.8,34.833333333333336,34.2,36.03333333333333,-14.101333333333333,0.1185185366666665,0.4626666666666672,3.986,5.322666666666667,18.519753091111117,4.153555555555556,5.757561,5.625393,5.6876035,5.600518,5.73284,0,2.0,0,0.5,-0.99,25.8,74.2
2023-04-20 07:00:00,65.52793427777999,0.0,0.0,18.60185187,5.322666666666667,36.03333333333333,0,5.1764362714980825,70.66250196097344,7,3,4,0.9659258262890684,-0.2588190451025206,0.4338837391175582,-0.900968867902419,0.8660254037844387,-0.4999999999999998,16.0,10.0,3.333333333333333,2.5,6.1,100.0,82.0,-0.2,4.7150435,0.0,2.5,18.46111108,36.3,35.71666666666667,35.8,34.833333333333336,36.0,-13.279185203333334,0.0518518700000001,0.8739999999999997,4.448666666666667,5.6226666666666665,18.527777777777786,4.585777777777778,5.73284,5.757561,5.625393,5.6876035,5.679984,1,2.0,1,0.5,-0.98,25.3,74.7
2023-04-20 07:15:00,96.063935105554,51.475440933332,51.491273616666,18.46111108,5.6226666666666665,36.0,1,5.1764362714980825,70.66250196097344,7,3,4,0.9659258262890684,-0.2588190451025206,0.4338837391175582,-0.900968867902419,0.8660254037844387,-0.4999999999999998,19.75,13.9375,4.979166666666667,2.375,6.275,100.0,78.5,-0.5,4.621494,0.025,2.85,18.52592591,36.03333333333333,36.3,35.71666666666667,35.8,36.0,-12.838444413333336,-0.1407407899999988,0.2999999999999998,5.322666666666667,5.548,18.53765431666667,5.131333333333334,5.679984,5.73284,5.757561,5.625393,5.7018404,0,1.0,1,0.75,-1.01,26.7,73.3
2023-04-20 07:30:00,136.809249711108,96.823071355556,96.843626083334,18.52592591,5.548,36.0,2,5.1764362714980825,70.66250196097344,7,3,4,0.9659258262890684,-0.2588190451025206,0.4338837391175582,-0.900968867902419,0.8660254037844387,-0.4999999999999998,23.5,17.8125,6.9375,2.25,6.449999999999999,100.0,75.0,-0.8,4.520484,0.05,3.2,18.7277778,36.0,36.03333333333333,36.3,35.71666666666667,36.0,-12.977925910000002,0.0648148299999995,-0.0746666666666664,5.6226666666666665,4.859333333333334,18.529629620000005,5.497777777777778,5.7018404,5.679984,5.73284,5.757561,5.770376,0,1.0,1,0.75,-1.0,26.1,73.9
2023-04-20 07:45:00,65.786812772226,0.0,0.0,18.7277778,4.859333333333334,36.0,0,5.1764362714980825,70.66250196097344,7,3,4,0.9659258262890684,-0.2588190451025206,0.4338837391175582,-0.900968867902419,0.8660254037844387,-0.4999999999999998,27.25,21.625,9.208333333333334,2.125,6.625,100.0,71.5,-1.1,4.411751,0.075,3.55,18.56111109,36.0,36.0,36.03333333333333,36.3,36.0,-13.868444466666668,0.2018518900000003,-0.6886666666666663,5.548,4.584666666666666,18.571604930000003,5.343333333333334,5.770376,5.7018404,5.679984,5.73284,5.713737,1,2.0,1,0.5,-0.95,24.1,75.9
2023-04-20 08:00:00,85.730737416662,42.5274655,42.542464916666,18.56111109,4.584666666666666,36.0,1,5.1764362714980825,70.66250196097344,8,3,4,0.8660254037844387,-0.4999999999999998,0.4338837391175582,-0.900968867902419,0.8660254037844387,-0.4999999999999998,31.0,25.375,11.791666666666666,2.0,6.8,100.0,68.0,-1.4,4.2950206,0.1,3.9,18.55000001,36.0,36.0,36.0,36.03333333333333,36.3,-13.976444423333334,-0.1666667100000012,-0.2746666666666675,4.859333333333334,3.855333333333333,18.604938266666668,4.997333333333334,5.713737,5.770376,5.7018404,5.679984,5.757561,0,1.0,1,0.75,-0.99,25.7,74.3
2023-04-20 08:15:00,151.043957983334,108.655931372222,108.677597172222,18.55000001,3.855333333333333,36.3,2,5.1764362714980825,70.66250196097344,8,3,4,0.8660254037844387,-0.4999999999999998,0.4338837391175582,-0.900968867902419,0.8660254037844387,-0.4999999999999998,73.75,38.875,17.9375,2.35,8.25,100.0,66.75,-1.375,4.301158,0.075,4.2,18.814814786666663,36.0,36.0,36.0,36.0,36.03333333333333,-14.694666676666667,-0.0111110799999991,-0.729333333333333,4.584666666666666,4.066,18.61296296666667,4.433111111111113,5.757561,5.713737,5.770376,5.7018404,5.805518,0,1.0,1,0.75,-0.99,25.8,74.2
2023-04-20 08:30:00,59.09208063889,0.0,0.0,18.814814786666663,4.066,36.03333333333333,0,5.1764362714980825,70.66250196097344,8,3,4,0.8660254037844387,-0.4999999999999998,0.4338837391175582,-0.900968867902419,0.8660254037844387,-0.4999999999999998,116.5,62.125,27.64583333333333,2.7,9.7,100.0,65.5,-1.35,4.305579,0.05,4.5,18.666666650000003,36.3,36.0,36.0,36.0,36.0,-14.748814786666667,0.2648147766666646,0.2106666666666665,3.855333333333333,4.1786666666666665,18.64197529555556,4.168666666666667,5.805518,5.757561,5.713737,5.770376,5.749553,1,2.0,1,0.5,-0.93,23.3,76.7
2023-04-20 08:45:00,335.584353955552,33.466716827778,33.480605172222,18.666666650000003,4.1786666666666665,36.0,1,5.1764362714980825,70.66250196097344,8,3,4,0.8660254037844387,-0.4999999999999998,0.4338837391175582,-0.900968867902419,0.8660254037844387,-0.4999999999999998,159.25,95.125,40.91666666666666,3.05,11.15,100.0,64.25,-1.325,4.3082213,0.0249999999999999,4.8,18.588888880000003,36.03333333333333,36.3,36.0,36.0,36.0,-14.487999983333337,-0.1481481366666628,0.1126666666666666,4.066,4.263333333333334,18.677160482222224,4.033333333333334,5.749553,5.805518,5.757561,5.713737,5.7231426,0,1.0,1,0.75,-0.97,24.7,75.3
2023-04-20 09:00:00,168.296878838894,122.190112183334,122.212889055556,18.588888880000003,4.263333333333334,36.0,2,5.1764362714980825,70.66250196097344,9,3,4,0.7071067811865476,-0.7071067811865475,0.4338837391175582,-0.900968867902419,0.8660254037844387,-0.4999999999999998,202.0,137.875,57.75,3.4,12.6,100.0,63.0,-1.3,4.309019,0.0,5.1,18.86111108,36.0,36.03333333333333,36.3,36.0,35.65,-14.325555546666669,-0.0777777700000008,0.0846666666666671,4.1786666666666665,4.797333333333333,18.690123438888893,4.169333333333333,5.7231426,5.749553,5.805518,5.757561,5.759493,0,1.0,1,0.75,-0.98,25.4,74.6
2023-04-20 09:15:00,51.483496177776,0.0,0.0,18.86111108,4.797333333333333,35.65,0,5.1764362714980825,70.66250196097344,9,3,4,0.7071067811865476,-0.7071067811865475,0.4338837391175582,-0.900968867902419,0.8660254037844387,-0.4999999999999998,262.25,185.0,79.27083333333333,3.5,13.4,99.75,61.75,-1.225,4.343505,0.0,5.525,18.72777778333333,36.0,36.0,36.03333333333333,36.3,35.5,-14.063777746666668,0.2722221999999981,0.5339999999999989,4.263333333333334,5.348666666666667,18.70555553666667,4.413111111111111,5.759493,5.7231426,5.749553,5.805518,5.690232,1,2.0,1,0.5,-0.92,23.0,77.0
2023-04-20 09:30:00,76.638045372226,25.296210344444,25.309543144444,18.72777778333333,5.348666666666667,35.5,1,5.1764362714980825,70.66250196097344,9,3,4,0.7071067811865476,-0.7071067811865475,0.4338837391175582,-0.900968867902419,0.8660254037844387,-0.4999999999999998,322.5,236.5,105.47916666666669,3.6,14.2,99.5,60.5,-1.15,4.37604,0.0,5.949999999999999,18.63333332,35.65,36.0,36.0,36.03333333333333,35.8,-13.379111116666667,-0.1333332966666667,0.5513333333333348,4.797333333333333,5.468666666666667,18.72592591444445,4.803111111111112,5.690232,5.759493,5.7231426,5.749553,5.7063417,0,1.0,1,0.75,-0.95,24.2,75.8
2023-04-20 09:45:00,159.153911388888,110.134761083334,110.15614907778,18.63333332,5.468666666666667,35.8,2,5.1764362714980825,70.66250196097344,9,3,4,0.7071067811865476,-0.7071067811865475,0.4338837391175582,-0.900968867902419,0.8660254037844387,-0.4999999999999998,382.75,292.375,136.375,3.7,15.0,99.25,59.25,-1.075,4.4065065,0.0,6.375,18.83888887333333,35.5,35.65,36.0,36.0,35.35,-13.164666653333336,-0.0944444633333319,0.1199999999999992,5.348666666666667,5.8373333333333335,18.74074072777778,5.204888888888889,5.7063417,5.690232,5.759493,5.7231426,5.7035303,0,1.0,1,0.75,-0.97,25.1,74.9
2023-04-20 10:00:00,48.435840255556,0.0,0.0,18.83888887333333,5.8373333333333335,35.35,0,5.1764362714980825,70.66250196097344,10,3,4,0.4999999999999999,-0.8660254037844387,0.4338837391175582,-0.900968867902419,0.8660254037844387,-0.4999999999999998,443.0,352.625,171.95833333333334,3.8,15.8,99.0,58.0,-1.0,4.4347787,0.0,6.8,18.81111113,35.8,35.5,35.65,36.0,34.95,-13.001555540000002,0.2055555533333333,0.3686666666666669,5.468666666666667,6.302666666666667,18.73333332555556,5.551555555555557,5.7035303,5.7063417,5.690232,5.759493,5.629744,1,2.0,1,0.5,-0.93,23.2,76.8
2023-04-20 10:15:00,52.687892300004,0.0,0.0,18.81111113,6.302666666666667,34.95,0,5.1764362714980825,70.66250196097344,10,3,4,0.4999999999999999,-0.8660254037844387,0.4338837391175582,-0.900968867902419,0.8660254037844387,-0.4999999999999998,467.5,403.9375,209.27083333333331,3.925,16.175,87.0,57.0,-0.925,4.4586234,0.0,7.15,18.859259273333333,35.35,35.8,35.5,35.65,34.53333333333333,-12.50844446333333,-0.0277777433333383,0.4653333333333336,5.8373333333333335,6.978666666666666,18.76111110777778,5.869555555555557,5.629744,5.7035303,5.7063417,5.690232,5.5784774,0,2.0,0,0.5,-0.94,23.6,76.4
2023-04-20 10:30:00,59.260685011112,0.0,0.0,18.859259273333333,6.978666666666666,34.53333333333333,0,5.1764362714980825,70.66250196097344,10,3,4,0.4999999999999999,-0.8660254037844387,0.4338837391175582,-0.900968867902419,0.8660254037844387,-0.4999999999999998,492.0,446.3125,248.3125,4.05,16.55,75.0,56.0,-0.85,4.4809237,0.0,7.5,19.21111112,34.95,35.35,35.8,35.5,34.1,-11.880592606666667,0.0481481433333357,0.6759999999999993,6.302666666666667,7.414,18.83641975888889,6.37288888888889,5.5784774,5.629744,5.7035303,5.7063417,5.6240296,0,3.0,0,0.25,-0.93,23.2,76.8
2023-04-20 10:45:00,82.230599511112,41.146131872222,41.160297972222,19.21111112,7.414,34.1,1,5.1764362714980825,70.66250196097344,10,3,4,0.4999999999999999,-0.8660254037844387,0.4338837391175582,-0.900968867902419,0.8660254037844387,-0.4999999999999998,516.5,479.75,289.0833333333333,4.175,16.925,63.0,55.0,-0.7749999999999999,4.501606,0.0,7.85,19.494444416666667,34.53333333333333,34.95,35.35,35.8,33.53333333333333,-11.797111120000002,0.3518518466666691,0.4353333333333333,6.978666666666666,7.578,18.960493841111116,6.898444444444444,5.6240296,5.5784774,5.629744,5.7035303,5.6235704,0,3.0,1,0.25,-0.85,20.2,79.8
2023-04-20 11:00:00,135.075707938886,91.342179516666,91.361900944444,19.494444416666667,7.578,33.53333333333333,2,5.1764362714980825,70.66250196097344,11,3,4,0.258819045102521,-0.9659258262890682,0.4338837391175582,-0.900968867902419,0.8660254037844387,-0.4999999999999998,541.0,504.25,331.5833333333333,4.3,17.3,51.0,54.0,-0.7,4.5205956,0.0,8.2,20.01666666,34.1,34.53333333333333,34.95,35.35,33.05,-11.916444416666668,0.2833332966666653,0.1640000000000006,7.414,7.680666666666666,19.18827160333333,7.323555555555555,5.6235704,5.6240296,5.5784774,5.629744,5.71496,0,2.0,1,0.5,-0.79,18.1,81.9
2023-04-20 11:15:00,64.868516338886,0.0,0.0,20.01666666,7.680666666666666,33.05,0,5.1764362714980825,70.66250196097344,11,3,4,0.258819045102521,-0.9659258262890682,0.4338837391175582,-0.900968867902419,0.8660254037844387,-0.4999999999999998,601.25,537.6875,375.5416666666667,3.85,17.575,63.25,52.75,-0.5,4.5673842,0.0,8.725,20.792592606666663,33.53333333333333,34.1,34.53333333333333,34.95,31.883333333333333,-12.335999993333331,0.5222222433333314,0.102666666666666,7.578,8.315333333333333,19.57407406555556,7.557555555555556,5.71496,5.6235704,5.6240296,5.5784774,5.768672,1,2.0,1,0.5,-0.67,14.4,85.6
2023-04-20 11:30:00,44.179899416666,0.0,0.0,20.792592606666663,8.315333333333333,31.883333333333333,0,5.1764362714980825,70.66250196097344,11,3,4,0.258819045102521,-0.9659258262890682,0.4338837391175582,-0.900968867902419,0.8660254037844387,-0.4999999999999998,661.5,580.0625,420.9583333333333,3.4,17.85,75.5,51.5,-0.3,4.6114006,0.0,9.25,21.37777775,33.05,33.53333333333333,34.1,34.53333333333333,31.1,-12.477259273333331,0.7759259466666677,0.6346666666666669,7.680666666666666,9.497333333333334,20.10123456111111,7.858,5.768672,5.71496,5.6235704,5.6240296,5.8214192,0,2.0,0,0.5,-0.5,10.2,89.8
2023-04-20 11:45:00,46.173430788888,0.0,0.0,21.37777775,9.497333333333334,31.1,0,5.1764362714980825,70.66250196097344,11,3,4,0.258819045102521,-0.9659258262890682,0.4338837391175582,-0.900968867902419,0.8660254037844387,-0.4999999999999998,721.75,631.375,467.8333333333333,2.95,18.125,87.75,50.25,-0.0999999999999999,4.6524305,0.0,9.775,21.87777778333333,31.883333333333333,33.05,33.53333333333333,34.1,30.35,-11.880444416666666,0.5851851433333337,1.1820000000000004,8.315333333333333,10.195333333333334,20.72901233888889,8.49777777777778,5.8214192,5.768672,5.71496,5.6235704,5.847661,0,3.0,0,0.25,-0.37,7.8,92.2
2023-04-20 12:00:00,66.496784572218,0.0,0.0,21.87777778333333,10.195333333333334,30.35,0,5.1764362714980825,70.66250196097344,12,3,4,1.2246467991473532e-16,-1.0,0.4338837391175582,-0.900968867902419,0.8660254037844387,-0.4999999999999998,782.0,691.625,516.1666666666666,2.5,18.4,100.0,49.0,0.1,4.6902523,0.0,10.3,22.41111111,31.1,31.883333333333333,33.05,33.53333333333333,29.95,-11.682444449999998,0.5000000333333325,0.6980000000000004,9.497333333333334,10.196666666666664,21.34938271333333,9.336,5.847661,5.8214192,5.768672,5.71496,5.9505725,0,4.0,0,0.0,-0.25,6.3,93.7
2023-04-20 12:15:00,44.163233383334,0.0,0.0,22.41111111,10.196666666666664,29.95,0,5.1764362714980825,70.66250196097344,12,3,4,1.2246467991473532e-16,-1.0,0.4338837391175582,-0.900968867902419,0.8660254037844387,-0.4999999999999998,785.5,737.6875,559.7708333333334,2.925,18.3,100.0,48.5,0.25,4.753682,0.0,10.675,22.84074075333333,30.35,31.1,31.883333333333333,33.05,29.53333333333333,-12.214444443333337,0.5333333266666678,0.0013333333333314,10.195333333333334,11.058,21.888888881111114,9.963111111111113,5.9505725,5.847661,5.8214192,5.768672,6.014216,0,4.0,0,0.0,-0.13,5.4,94.6
2023-04-20 12:30:00,49.100813655556,0.0,0.0,22.84074075333333,11.058,29.53333333333333,0,5.1764362714980825,70.66250196097344,12,3,4,1.2246467991473532e-16,-1.0,0.4338837391175582,-0.900968867902419,0.8660254037844387,-0.4999999999999998,789.0,769.5625,598.6458333333334,3.35,18.2,100.0,48.0,0.4,4.81711,0.0,11.05,23.16666665,29.95,30.35,31.1,31.883333333333333,29.15,-11.782740753333332,0.4296296433333317,0.8613333333333344,10.196666666666664,11.775333333333332,22.37654321555556,10.483333333333334,6.014216,5.9505725,5.847661,5.8214192,6.047865,0,4.0,0,0.0,-0.03,5.0,95.0
2023-04-20 12:45:00,60.858676622224,0.0,0.0,23.16666665,11.775333333333332,29.15,0,5.1764362714980825,70.66250196097344,12,3,4,1.2246467991473532e-16,-1.0,0.4338837391175582,-0.900968867902419,0.8660254037844387,-0.4999999999999998,792.5,787.25,632.7916666666666,3.775,18.1,100.0,47.5,0.55,4.880506,0.0,11.425,23.36666663,29.53333333333333,29.95,30.35,31.1,29.0,-11.391333316666667,0.3259258966666678,0.7173333333333325,11.058,12.214,22.80617283777778,11.01,6.047865,6.014216,5.9505725,5.847661,6.085833,0,4.0,0,0.0,0.04,5.0,95.0
2023-04-20 13:00:00,49.623570494446,0.0,0.0,23.36666663,12.214,29.0,0,5.1764362714980825,70.66250196097344,13,3,4,-0.2588190451025208,-0.9659258262890684,0.4338837391175582,-0.900968867902419,0.8660254037844387,-0.4999999999999998,796.0,790.75,662.2083333333334,4.2,18.0,100.0,47.0,0.7,4.9438357,0.0,11.8,23.48888888,29.15,29.53333333333333,29.95,30.35,29.0,-11.15266663,0.1999999800000012,0.4386666666666681,11.775333333333332,12.841333333333331,23.124691344444443,11.682444444444444,6.085833,6.047865,6.014216,5.9505725,6.1283903,0,4.0,0,0.0,0.09,5.2,94.8
2023-04-20 13:15:00,60.248701088888,0.0,0.0,23.48888888,12.841333333333331,29.0,0,5.1764362714980825,70.66250196097344,13,3,4,-0.2588190451025208,-0.9659258262890684,0.4338837391175582,-0.900968867902419,0.8660254037844387,-0.4999999999999998,805.5,795.75,690.375,4.3,18.175,99.0,46.25,0.85,4.972391,0.0,12.15,23.551851893333332,29.0,29.15,29.53333333333333,29.95,28.816666666666663,-10.647555546666664,0.1222222499999965,0.6273333333333326,12.214,12.562,23.34074072,12.276888888888893,6.1283903,6.085833,6.047865,6.014216,6.111533,0,4.0,0,0.0,0.12,5.3,94.7
2023-04-20 13:30:00,55.422505227778,0.0,0.0,23.551851893333332,12.562,28.816666666666663,0,5.1764362714980825,70.66250196097344,13,3,4,-0.2588190451025208,-0.9659258262890684,0.4338837391175582,-0.900968867902419,0.8660254037844387,-0.4999999999999998,815.0,802.25,717.2916666666666,4.4,18.35,98.0,45.5,1.0,4.999489,0.0,12.5,23.5555556,29.0,29.0,29.15,29.53333333333333,28.55,-10.989851893333334,0.0629630133333378,-0.2793333333333319,12.841333333333331,13.907333333333334,23.46913580111111,12.539111111111112,6.111533,6.1283903,6.085833,6.047865,6.056255,0,4.0,0,0.0,0.13,5.3,94.7
2023-04-20 13:45:00,282.555641622228,0.0,0.0,23.5555556,13.907333333333334,28.55,0,5.1764362714980825,70.66250196097344,13,3,4,-0.2588190451025208,-0.9659258262890684,0.4338837391175582,-0.900968867902419,0.8660254037844387,-0.4999999999999998,824.5,810.25,742.9583333333334,4.5,18.525,97.0,44.75,1.15,5.025061,0.0,12.85,23.53518521333333,28.816666666666663,29.0,29.0,29.15,28.966666666666665,-9.648222266666668,0.0037037066666663,1.3453333333333326,12.562,13.600666666666664,23.532098791111117,13.10355555555556,6.056255,6.111533,6.1283903,6.085833,6.137515,0,4.0,0,0.0,0.13,5.3,94.7
2023-04-20 14:00:00,75.252823066668,0.0,0.0,23.53518521333333,13.600666666666664,28.966666666666665,0,5.1764362714980825,70.66250196097344,14,3,4,-0.4999999999999997,-0.8660254037844388,0.4338837391175582,-0.900968867902419,0.8660254037844387,-0.4999999999999998,834.0,819.75,767.375,4.6,18.7,96.0,44.0,1.3,5.0490365,0.0,13.2,23.44999997,28.55,28.816666666666663,29.0,29.0,29.0,-9.934518546666666,-0.02037038666667,-0.3066666666666684,13.907333333333334,13.07,23.547530902222224,13.35666666666667,6.137515,6.056255,6.111533,6.1283903,6.1148205,0,4.0,0,0.0,0.13,5.3,94.7
2023-04-20 14:15:00,44.18045487778,0.0,0.0,23.44999997,13.07,29.0,0,5.1764362714980825,70.66250196097344,14,3,4,-0.4999999999999997,-0.8660254037844388,0.4338837391175582,-0.900968867902419,0.8660254037844387,-0.4999999999999998,825.25,824.6875,786.0416666666666,4.9,19.075,95.25,43.75,1.45,5.0984397,0.0,13.45,23.32037035666667,28.966666666666665,28.55,28.816666666666663,29.0,29.183333333333334,-10.37999997,-0.0851852433333313,-0.5306666666666651,13.600666666666664,13.801333333333334,23.513580261111112,13.526000000000002,6.1148205,6.137515,6.056255,6.111533,6.10815,0,4.0,0,0.0,0.11,5.2,94.8
2023-04-20 14:30:00,53.238425927778,0.0,0.0,23.32037035666667,13.801333333333334,29.183333333333334,0,5.1764362714980825,70.66250196097344,14,3,4,-0.4999999999999997,-0.8660254037844388,0.4338837391175582,-0.900968867902419,0.8660254037844387,-0.4999999999999998,816.5,825.0625,798.9583333333334,5.199999999999999,19.45,94.5,43.5,1.6,5.1480007,0.0,13.7,23.18888892,29.0,28.966666666666665,28.55,28.816666666666663,29.5,-9.519037023333334,-0.1296296133333321,0.7313333333333336,13.07,14.669333333333332,23.43518518,13.490666666666668,6.10815,6.1148205,6.137515,6.056255,6.1282544,0,4.0,0,0.0,0.08,5.1,94.9
2023-04-20 14:45:00,48.709718183334,0.0,0.0,23.18888892,14.669333333333332,29.5,0,5.1764362714980825,70.66250196097344,14,3,4,-0.4999999999999997,-0.8660254037844388,0.4338837391175582,-0.900968867902419,0.8660254037844387,-0.4999999999999998,807.75,820.875,806.125,5.5,19.825,93.75,43.25,1.75,5.1977105,0.0,13.95,22.981481496666667,29.183333333333334,29.0,28.966666666666665,28.55,29.683333333333334,-8.519555586666668,-0.1314814366666681,0.8679999999999986,13.801333333333334,15.160666666666666,23.319753082222224,13.84688888888889,6.1282544,6.10815,6.1148205,6.137515,6.09366,0,4.0,0,0.0,0.05,5.0,95.0
2023-04-20 15:00:00,67.066761688888,0.0,0.0,22.981481496666667,15.160666666666666,29.683333333333334,0,5.1764362714980825,70.66250196097344,15,3,4,-0.7071067811865471,-0.7071067811865479,0.4338837391175582,-0.900968867902419,0.8660254037844387,-0.4999999999999998,799.0,812.125,807.5416666666666,5.8,20.2,93.0,43.0,1.9,5.2475643,0.0,14.2,22.61666668,29.5,29.183333333333334,29.0,28.966666666666665,30.4,-7.8208148300000015,-0.2074074233333327,0.4913333333333334,14.669333333333332,15.295333333333334,23.16358025777778,14.54377777777778,6.09366,6.1282544,6.10815,6.1148205,6.1116924,0,4.0,0,0.0,-0.0,5.0,95.0
2023-04-20 15:15:00,99.55685106666,0.0,0.0,22.61666668,15.295333333333334,30.4,0,5.1764362714980825,70.66250196097344,15,3,4,-0.7071067811865471,-0.7071067811865479,0.4338837391175582,-0.900968867902419,0.8660254037844387,-0.4999999999999998,772.75,799.0,806.4791666666666,5.875,20.45,94.5,43.0,1.975,5.279824,0.0,14.3,22.266666646666668,29.683333333333334,29.5,29.183333333333334,29.0,30.966666666666665,-7.321333346666664,-0.3648148166666694,0.1346666666666678,15.160666666666666,14.843333333333334,22.929012365555558,15.04177777777778,6.1116924,6.09366,6.1282544,6.10815,6.1016784,0,4.0,0,0.0,-0.08,5.1,94.9
2023-04-20 15:30:00,64.444088766668,0.0,0.0,22.266666646666668,14.843333333333334,30.966666666666665,0,5.1764362714980825,70.66250196097344,15,3,4,-0.7071067811865471,-0.7071067811865479,0.4338837391175582,-0.900968867902419,0.8660254037844387,-0.4999999999999998,746.5,781.5,802.9375,5.949999999999999,20.7,96.0,43.0,2.05,5.3122535,0.0,14.4,21.97777775,30.4,29.683333333333334,29.5,29.183333333333334,31.05,-7.423333313333334,-0.3500000333333304,-0.4519999999999999,15.295333333333334,13.84,22.62160494111112,15.09977777777778,6.1016784,6.1116924,6.09366,6.1282544,6.0171423,0,4.0,0,0.0,-0.16,5.5,94.5
2023-04-20 15:45:00,52.151524988888,0.0,0.0,21.97777775,13.84,31.05,0,5.1764362714980825,70.66250196097344,15,3,4,-0.7071067811865471,-0.7071067811865479,0.4338837391175582,-0.900968867902419,0.8660254037844387,-0.4999999999999998,720.25,759.625,796.9166666666666,6.025,20.95,97.5,43.0,2.125,5.344858,0.0,14.5,21.72777778333333,30.966666666666665,30.4,29.683333333333334,29.5,31.466666666666665,-8.137777749999998,-0.2888888966666698,-1.003333333333334,14.843333333333334,14.022666666666668,22.287037025555552,14.659555555555556,6.0171423,6.1016784,6.1116924,6.09366,6.010532,0,4.0,0,0.0,-0.23,6.1,93.9
2023-04-20 16:00:00,47.40338162222,0.0,0.0,21.72777778333333,14.022666666666668,31.466666666666665,0,5.1764362714980825,70.66250196097344,16,3,4,-0.8660254037844385,-0.5000000000000004,0.4338837391175582,-0.900968867902419,0.8660254037844387,-0.4999999999999998,694.0,733.375,788.4166666666666,6.1,21.2,99.0,43.0,2.2,5.377635,0.0,14.6,21.4833333,31.05,30.966666666666665,30.4,29.683333333333334,31.5,-7.705111116666666,-0.2499999666666639,0.1826666666666678,13.84,13.984666666666666,21.99074072666667,14.235333333333337,6.010532,6.0171423,6.1016784,6.1116924,5.932443,0,4.0,0,0.0,-0.28,6.7,93.3
2023-04-20 16:15:00,52.493733533332,0.0,0.0,21.4833333,13.984666666666666,31.5,0,5.1764362714980825,70.66250196097344,16,3,4,-0.8660254037844385,-0.5000000000000004,0.4338837391175582,-0.900968867902419,0.8660254037844387,-0.4999999999999998,654.0,703.6875,775.7916666666666,5.925,20.75,89.75,43.25,2.2750000000000004,5.4171696,0.0,14.625,21.29999997,31.466666666666665,31.05,30.966666666666665,30.4,31.5,-7.498666633333336,-0.2444444833333321,-0.038000000000002,14.022666666666668,14.374,21.72962961111111,13.949111111111112,5.932443,6.010532,6.0171423,6.1016784,5.869778,0,4.0,0,0.0,-0.34,7.4,92.6
2023-04-20 16:30:00,53.968952255556,0.0,0.0,21.29999997,14.374,31.5,0,5.1764362714980825,70.66250196097344,16,3,4,-0.8660254037844385,-0.5000000000000004,0.4338837391175582,-0.900968867902419,0.8660254037844387,-0.4999999999999998,614.0,670.5625,759.0416666666666,5.75,20.3,80.5,43.5,2.35,5.456812,0.0,14.65,21.10000002,31.5,31.466666666666665,31.05,30.966666666666665,31.85,-6.925999969999998,-0.1833333300000035,0.3893333333333348,13.984666666666666,15.037333333333333,21.50370368444445,14.127111111111113,5.869778,5.932443,6.010532,6.0171423,5.866536,0,4.0,0,0.0,-0.38,8.0,92.0
2023-04-20 16:45:00,51.652656077776,0.0,0.0,21.10000002,15.037333333333333,31.85,0,5.1764362714980825,70.66250196097344,16,3,4,-0.8660254037844385,-0.5000000000000004,0.4338837391175582,-0.900968867902419,0.8660254037844387,-0.4999999999999998,574.0,634.0,738.1666666666666,5.575,19.85,71.25,43.75,2.425,5.49656,0.0,14.675,20.96296297,31.5,31.5,31.466666666666665,31.05,32.0,-6.062666686666667,-0.1999999499999987,0.6633333333333322,14.374,15.332666666666666,21.29444443,14.465333333333334,5.866536,5.869778,5.932443,6.010532,5.847434,0,4.0,0,0.0,-0.43,8.8,91.2
2023-04-20 17:00:00,53.71590677778,0.0,0.0,20.96296297,15.332666666666666,32.0,0,5.1764362714980825,70.66250196097344,17,3,4,-0.9659258262890684,-0.2588190451025206,0.4338837391175582,-0.900968867902419,0.8660254037844387,-0.4999999999999998,534.0,594.0,713.1666666666666,5.4,19.4,62.0,44.0,2.5,5.536414,0.0,14.7,20.80000002,31.85,31.5,31.5,31.466666666666665,31.65,-5.630296303333333,-0.13703705,0.2953333333333336,15.037333333333333,14.704,21.120987653333334,14.914666666666667,5.847434,5.866536,5.869778,5.932443,5.728925,0,4.0,0,0.0,-0.46,9.4,90.6
2023-04-20 17:15:00,43.769915816666,0.0,0.0,20.80000002,14.704,31.65,0,5.1764362714980825,70.66250196097344,17,3,4,-0.9659258262890684,-0.2588190451025206,0.4338837391175582,-0.900968867902419,0.8660254037844387,-0.4999999999999998,471.25,548.3125,683.6666666666666,5.75,18.7,70.75,44.75,2.575,5.570892,0.0,14.525,20.65370372,32.0,31.85,31.5,31.5,31.5,-6.096000020000002,-0.1629629499999971,-0.6286666666666658,15.332666666666666,14.882666666666667,20.95432100333333,15.024666666666668,5.728925,5.847434,5.866536,5.869778,5.6534104,0,4.0,0,0.0,-0.5,10.2,89.8
2023-04-20 17:30:00,57.215489022224,0.0,0.0,20.65370372,14.882666666666667,31.5,0,5.1764362714980825,70.66250196097344,17,3,4,-0.9659258262890684,-0.2588190451025206,0.4338837391175582,-0.900968867902419,0.8660254037844387,-0.4999999999999998,408.5,496.9375,649.6666666666666,6.1,18.0,79.5,45.5,2.65,5.6039243,0.0,14.35,20.52222222,31.65,32.0,31.85,31.5,31.5,-5.771037053333332,-0.146296300000003,0.1786666666666665,14.704,15.533333333333331,20.80555557,14.973111111111114,5.6534104,5.728925,5.847434,5.866536,5.61025,0,4.0,0,0.0,-0.53,10.9,89.1
2023-04-20 17:45:00,65.649873883334,18.313989644444,18.325655811112,20.52222222,15.533333333333331,31.5,1,5.1764362714980825,70.66250196097344,17,3,4,-0.9659258262890684,-0.2588190451025206,0.4338837391175582,-0.900968867902419,0.8660254037844387,-0.4999999999999998,345.75,439.875,611.1666666666666,6.45,17.3,88.25,46.25,2.725,5.6355376,0.0,14.175,20.416666656666667,31.5,31.65,32.0,31.85,31.5,-4.9888888866666665,-0.1314814999999995,0.6506666666666661,14.882666666666667,15.666,20.65864198666667,15.04,5.61025,5.6534104,5.728925,5.847434,5.575805,0,3.0,1,0.25,-0.56,11.6,88.4
2023-04-20 18:00:00,160.54246694444402,116.120077227778,116.142020733336,20.416666656666667,15.666,31.5,2,5.1764362714980825,70.66250196097344,18,3,4,-1.0,-1.8369701987210294e-16,0.4338837391175582,-0.900968867902419,0.8660254037844387,-0.4999999999999998,283.0,377.125,568.1666666666666,6.8,16.6,97.0,47.0,2.8,5.6657524,0.0,14.0,20.54999998,31.5,31.5,31.65,32.0,31.45,-4.750666656666667,-0.1055555633333327,0.1326666666666671,15.533333333333331,15.292,20.53086419888889,15.360666666666669,5.575805,5.61025,5.6534104,5.728925,5.610425,0,2.0,1,0.5,-0.59,12.2,87.8
2023-04-20 18:15:00,47.992524672222,0.0,0.0,20.54999998,15.292,31.45,0,5.1764362714980825,70.66250196097344,18,3,4,-1.0,-1.8369701987210294e-16,0.4338837391175582,-0.900968867902419,0.8660254037844387,-0.4999999999999998,245.75,320.75,524.25,7.15,16.675,90.25,49.25,3.05,5.7837863,0.0,13.575,20.44629628333333,31.5,31.5,31.5,31.65,31.03333333333333,-5.257999979999999,0.133333323333332,-0.3740000000000005,15.666,15.131333333333334,20.496296285555555,15.497111111111112,5.610425,5.575805,5.61025,5.6534104,5.502708,1,2.0,1,0.5,-0.56,11.5,88.5
2023-04-20 18:30:00,60.484525038886,0.0,0.0,20.44629628333333,15.131333333333334,31.03333333333333,0,5.1764362714980825,70.66250196097344,18,3,4,-1.0,-1.8369701987210294e-16,0.4338837391175582,-0.900968867902419,0.8660254037844387,-0.4999999999999998,208.5,270.75,479.4166666666667,7.5,16.75,83.5,51.5,3.3,5.8914304,0.0,13.15,20.20555557,31.45,31.5,31.5,31.5,30.95,-5.314962949999998,-0.1037036966666669,-0.1606666666666658,15.292,15.134,20.47098764,15.363111111111117,5.502708,5.610425,5.575805,5.61025,5.4113035,0,2.0,0,0.5,-0.58,12.1,87.9
2023-04-20 18:45:00,653.786903077776,0.0,0.0,20.20555557,15.134,30.95,0,5.1764362714980825,70.66250196097344,18,3,4,-1.0,-1.8369701987210294e-16,0.4338837391175582,-0.900968867902419,0.8660254037844387,-0.4999999999999998,171.25,227.125,433.6666666666667,7.85,16.825,76.75,53.75,3.55,5.9890857,0.0,12.725,20.02222223333333,31.03333333333333,31.45,31.5,31.5,30.53333333333333,-5.071555570000003,-0.2407407133333308,0.0026666666666645,15.131333333333334,14.927333333333332,20.40061727777778,15.185777777777778,5.4113035,5.502708,5.610425,5.575805,5.2814994,0,3.0,0,0.25,-0.64,13.6,86.4
2023-04-20 19:00:00,165.38532878888802,0.0,0.0,20.02222223333333,14.927333333333332,30.53333333333333,0,5.1764362714980825,70.66250196097344,19,3,4,-0.9659258262890684,0.2588190451025203,0.4338837391175582,-0.900968867902419,0.8660254037844387,-0.4999999999999998,134.0,189.875,387.0,8.2,16.9,70.0,56.0,3.8,6.0771427,0.0,12.3,19.86111108,30.95,31.03333333333333,31.45,31.5,30.55,-5.094888899999997,-0.1833333366666707,-0.2066666666666652,15.134,14.832,20.224691362222224,15.064222222222222,5.2814994,5.4113035,5.502708,5.610425,5.2347383,0,4.0,0,0.0,-0.68,14.8,85.2
2023-04-20 19:15:00,148.389619877772,15.541600527778,15.55048912222,19.86111108,14.832,30.55,1,5.1764362714980825,70.66250196097344,19,3,4,-0.9659258262890684,0.2588190451025203,0.4338837391175582,-0.900968867902419,0.8660254037844387,-0.4999999999999998,108.25,155.5,341.5208333333333,7.774999999999999,16.549999999999997,62.75,59.75,3.8,6.1391625,0.0,11.425,19.80185185,30.53333333333333,30.95,31.03333333333333,31.45,31.15,-5.029111080000002,-0.16111115333333,-0.0953333333333343,14.927333333333332,14.816666666666666,20.02962962777778,14.964444444444444,5.2347383,5.2814994,5.4113035,5.502708,5.319035,0,3.0,1,0.25,-0.72,15.9,84.1
2023-04-20 19:30:00,207.8391861,104.185832433332,104.204165033332,19.80185185,14.816666666666666,31.15,2,5.1764362714980825,70.66250196097344,19,3,4,-0.9659258262890684,0.2588190451025203,0.4338837391175582,-0.900968867902419,0.8660254037844387,-0.4999999999999998,82.5,124.0,297.2291666666667,7.35,16.2,55.5,63.5,3.8,6.1749887,0.0,10.55,19.98333335,30.55,30.53333333333333,30.95,31.03333333333333,31.15,-4.985185183333332,-0.0592592300000021,-0.0153333333333325,14.832,14.792666666666666,19.895061721111112,14.858666666666666,5.319035,5.2347383,5.2814994,5.4113035,5.3759103,0,2.0,1,0.5,-0.73,16.2,83.8
2023-04-20 19:45:00,321.269093088892,0.0,0.0,19.98333335,14.792666666666666,31.15,0,5.1764362714980825,70.66250196097344,19,3,4,-0.9659258262890684,0.2588190451025203,0.4338837391175582,-0.900968867902419,0.8660254037844387,-0.4999999999999998,56.75,95.375,254.125,6.925,15.85,48.25,67.25,3.8,6.186935,0.0,9.675,19.96296297,31.15,30.55,30.53333333333333,30.95,31.183333333333334,-5.190666683333337,0.1814815000000038,-0.0240000000000009,14.816666666666666,14.607333333333331,19.88209876,14.813777777777778,5.3759103,5.319035,5.2347383,5.2814994,5.375246,1,2.0,1,0.5,-0.69,14.9,85.1
2023-04-20 20:00:00,234.558394972226,0.0,0.0,19.96296297,14.607333333333331,31.183333333333334,0,5.1764362714980825,70.66250196097344,20,3,4,-0.8660254037844386,0.5000000000000001,0.4338837391175582,-0.900968867902419,0.8660254037844387,-0.4999999999999998,31.0,69.625,212.20833333333331,6.5,15.5,41.0,71.0,3.8,6.1771793,0.0,8.8,19.84999998,31.15,31.15,30.55,30.53333333333333,32.25,-5.3556296366666665,-0.0203703800000027,-0.1853333333333324,14.792666666666666,14.482666666666669,19.91604939,14.738888888888887,5.375246,5.3759103,5.319035,5.2347383,5.5224357,0,2.0,0,0.5,-0.69,15.1,84.9
2023-04-20 20:15:00,163.439295533332,0.0,0.0,19.84999998,14.482666666666669,32.25,0,5.1764362714980825,70.66250196097344,20,3,4,-0.8660254037844386,0.5000000000000001,0.4338837391175582,-0.900968867902419,0.8660254037844387,-0.4999999999999998,23.25,48.375,174.875,6.3,13.775,55.75,70.0,3.75,6.1489305,0.0,8.950000000000001,19.81296295,31.183333333333334,31.15,31.15,30.55,33.15,-5.367333313333333,-0.1129629899999997,-0.1246666666666662,14.607333333333331,14.166666666666666,19.932098766666662,14.627555555555556,5.5224357,5.375246,5.3759103,5.319035,5.6642365,0,3.0,0,0.25,-0.71,15.7,84.3
2023-04-20 20:30:00,87.015130405554,0.0,0.0,19.81296295,14.166666666666666,33.15,0,5.1764362714980825,70.66250196097344,20,3,4,-0.8660254037844386,0.5000000000000001,0.4338837391175582,-0.900968867902419,0.8660254037844387,-0.4999999999999998,15.5,31.625,142.125,6.1,12.05,70.5,69.0,3.7,6.11949,0.0,9.1,19.8111111,32.25,31.183333333333334,31.15,31.15,33.15,-5.646296283333333,-0.0370370300000004,-0.3160000000000007,14.482666666666669,14.007333333333332,19.875308633333333,14.418888888888889,5.6642365,5.5224357,5.375246,5.3759103,5.6636224,0,4.0,0,0.0,-0.72,15.8,84.2
2023-04-20 20:45:00,67.155369061118,0.0,0.0,19.8111111,14.007333333333332,33.15,0,5.1764362714980825,70.66250196097344,20,3,4,-0.8660254037844386,0.5000000000000001,0.4338837391175582,-0.900968867902419,0.8660254037844387,-0.4999999999999998,7.75,19.375,113.95833333333331,5.9,10.325,85.25,68.0,3.65,6.088839,0.0,9.25,19.76111111333333,33.15,32.25,31.183333333333334,31.15,33.0,-5.803777766666668,-0.0018518499999977,-0.1593333333333326,14.166666666666666,13.940666666666663,19.82469134333334,14.21888888888889,5.6636224,5.6642365,5.5224357,5.375246,5.621484,0,4.0,0,0.0,-0.72,15.8,84.2
2023-04-20 21:00:00,80.641218655556,0.0,0.0,19.76111111333333,13.940666666666663,33.0,0,5.1764362714980825,70.66250196097344,21,3,4,-0.7071067811865477,0.7071067811865474,0.4338837391175582,-0.900968867902419,0.8660254037844387,-0.4999999999999998,0.0,11.625,90.375,5.7,8.6,100.0,67.0,3.6,6.056962,0.0,9.4,19.7222222,33.15,33.15,32.25,31.183333333333334,33.75,-5.82044444666667,-0.0499999866666662,-0.0666666666666682,14.007333333333332,13.984,19.79506172111111,14.038222222222222,5.621484,5.6636224,5.6642365,5.5224357,5.7361393,0,4.0,0,0.0,-0.73,16.2,83.8
2023-04-20 21:15:00,1149.907890827774,0.0,0.0,19.7222222,13.984,33.75,0,5.1764362714980825,70.66250196097344,21,3,4,-0.7071067811865477,0.7071067811865474,0.4338837391175582,-0.900968867902419,0.8660254037844387,-0.4999999999999998,0.0,5.8125,69.89583333333333,6.75,10.325,85.5,65.5,3.35,5.9592013,0.0,9.5,19.70185185,33.0,33.15,33.15,32.25,34.28333333333333,-5.738222200000001,-0.0388889133333343,0.0433333333333347,13.940666666666663,13.774,19.764814804444445,13.977333333333334,5.7361393,5.621484,5.6636224,5.6642365,5.8198237,0,4.0,0,0.0,-0.73,16.3,83.7
2023-04-20 21:30:00,1266.302956838894,0.0,0.0,19.70185185,13.774,34.28333333333333,0,5.1764362714980825,70.66250196097344,21,3,4,-0.7071067811865477,0.7071067811865474,0.4338837391175582,-0.900968867902419,0.8660254037844387,-0.4999999999999998,0.0,1.9375,52.520833333333336,7.800000000000001,12.05,71.0,64.0,3.1,5.8599143,0.0,9.6,19.66111114,33.75,33.0,33.15,33.15,34.05,-5.9278518500000015,-0.0203703500000003,-0.2100000000000008,13.984,13.5,19.728395054444448,13.899555555555557,5.8198237,5.7361393,5.621484,5.6636224,5.766406,0,4.0,0,0.0,-0.74,16.4,83.6
2023-04-20 21:45:00,1262.21145385556,0.0,0.0,19.66111114,13.5,34.05,0,5.1764362714980825,70.66250196097344,21,3,4,-0.7071067811865477,0.7071067811865474,0.4338837391175582,-0.900968867902419,0.8660254037844387,-0.4999999999999998,0.0,0.0,38.25,8.85,13.775,56.5,62.5,2.85,5.7590866,0.0,9.7,19.59444445666667,34.28333333333333,33.75,33.0,33.15,34.833333333333336,-6.161111139999999,-0.0407407100000014,-0.2739999999999991,13.774,13.321333333333332,19.695061730000003,13.752666666666668,5.766406,5.8198237,5.7361393,5.621484,5.8760123,0,4.0,0,0.0,-0.75,16.7,83.3
2023-04-20 22:00:00,127.043529188888,0.0,0.0,19.59444445666667,13.321333333333332,34.833333333333336,0,5.1764362714980825,70.66250196097344,22,3,4,-0.5000000000000004,0.8660254037844384,0.4338837391175582,-0.900968867902419,0.8660254037844387,-0.4999999999999998,0.0,0.0,27.08333333333333,9.9,15.5,42.0,61.0,2.6,5.6567044,0.0,9.8,19.55000004,34.05,34.28333333333333,33.75,33.0,35.5,-6.273111123333335,-0.0666666833333309,-0.1786666666666665,13.5,13.310666666666666,19.652469148888887,13.531777777777778,5.8760123,5.766406,5.8198237,5.7361393,5.972856,0,4.0,0,0.0,-0.76,17.1,82.9
2023-04-20 22:15:00,68.056444283334,0.0,0.0,19.55000004,13.310666666666666,35.5,0,5.1764362714980825,70.66250196097344,22,3,4,-0.5000000000000004,0.8660254037844384,0.4338837391175582,-0.900968867902419,0.8660254037844387,-0.4999999999999998,0.0,0.0,18.0625,9.775,16.225,37.0,61.75,2.525,5.6269774,0.0,9.525,19.503703706666663,34.833333333333336,34.05,34.28333333333333,33.75,35.5,-6.239333373333334,-0.0444444166666677,-0.0106666666666672,13.321333333333332,13.076666666666666,19.60185187888889,13.377333333333334,5.972856,5.8760123,5.766406,5.8198237,5.9566245,0,4.0,0,0.0,-0.76,17.3,82.7
2023-04-20 22:30:00,81.38480001111199,0.0,0.0,19.503703706666663,13.076666666666666,35.5,0,5.1764362714980825,70.66250196097344,22,3,4,-0.5000000000000004,0.8660254037844384,0.4338837391175582,-0.900968867902419,0.8660254037844387,-0.4999999999999998,0.0,0.0,11.1875,9.65,16.95,32.0,62.5,2.45,5.5963597,0.0,9.25,19.46111108,35.5,34.833333333333336,34.05,34.28333333333333,35.9,-6.42703704,-0.0462963333333341,-0.2339999999999999,13.310666666666666,13.0,19.54938273444445,13.236222222222224,5.9566245,5.972856,5.8760123,5.766406,6.008675,0,4.0,0,0.0,-0.77,17.6,82.4
2023-04-20 22:45:00,75.196991966668,0.0,0.0,19.46111108,13.0,35.9,0,5.1764362714980825,70.66250196097344,22,3,4,-0.5000000000000004,0.8660254037844384,0.4338837391175582,-0.900968867902419,0.8660254037844387,-0.4999999999999998,0.0,0.0,6.458333333333333,9.525,17.674999999999997,27.0,63.25,2.375,5.56489,0.0,8.975,19.42407405,35.5,35.5,34.833333333333336,34.05,36.46666666666667,-6.461111080000002,-0.0425926266666643,-0.0766666666666662,13.076666666666666,12.777333333333331,19.50493827555556,13.12911111111111,6.008675,5.9566245,5.972856,5.8760123,6.090238,0,4.0,0,0.0,-0.78,17.9,82.1
2023-04-20 23:00:00,67.702291866664,0.0,0.0,19.42407405,12.777333333333331,36.46666666666667,0,5.1764362714980825,70.66250196097344,23,3,4,-0.2588190451025215,0.965925826289068,0.4338837391175582,-0.900968867902419,0.8660254037844387,-0.4999999999999998,0.0,0.0,3.875,9.4,18.4,22.0,64.0,2.3,5.5325994,0.0,8.7,19.3888889,35.9,35.5,35.5,34.833333333333336,36.5,-6.646740716666665,-0.037037030000004,-0.222666666666667,13.0,12.528,19.46296294555556,12.951333333333336,6.090238,6.008675,5.9566245,5.972856,6.083201,0,4.0,0,0.0,-0.79,18.1,81.9
2023-04-20 23:15:00,81.875336138882,0.0,0.0,19.3888889,12.528,36.5,0,5.1764362714980825,70.66250196097344,23,3,4,-0.2588190451025215,0.965925826289068,0.4338837391175582,-0.900968867902419,0.8660254037844387,-0.4999999999999998,0.0,0.0,1.9375,9.075,17.5,25.0,64.75,2.325,5.5616555,0.0,8.6,19.36851851333333,36.46666666666667,35.9,35.5,35.5,36.68333333333333,-6.860888900000001,-0.0351851499999966,-0.2493333333333325,12.777333333333331,12.369333333333334,19.424691343333333,12.768444444444446,6.083201,6.090238,6.008675,5.9566245,6.1064315,0,4.0,0,0.0,-0.8,18.4,81.6
2023-04-20 23:30:00,72.019897038882,0.0,0.0,19.36851851333333,12.369333333333334,36.68333333333333,0,5.1764362714980825,70.66250196097344,23,3,4,-0.2588190451025215,0.965925826289068,0.4338837391175582,-0.900968867902419,0.8660254037844387,-0.4999999999999998,0.0,0.0,0.6458333333333334,8.75,16.6,28.0,65.5,2.35,5.590086,0.0,8.5,19.29444445,36.5,36.46666666666667,35.9,35.5,37.35,-6.999185180000001,-0.0203703866666664,-0.1586666666666669,12.528,12.387333333333334,19.393827154444445,12.558222222222222,6.1064315,6.083201,6.090238,6.008675,6.1903553,0,4.0,0,0.0,-0.8,18.5,81.5
2023-04-20 23:45:00,349.72462153889,0.0,0.0,19.29444445,12.387333333333334,37.35,0,5.1764362714980825,70.66250196097344,23,3,4,-0.2588190451025215,0.965925826289068,0.4338837391175582,-0.900968867902419,0.8660254037844387,-0.4999999999999998,0.0,0.0,0.0,8.425,15.7,31.0,66.25,2.375,5.6178956,0.0,8.4,19.2777778,36.68333333333333,36.5,36.46666666666667,35.9,37.68333333333333,-6.907111116666666,-0.0740740633333345,0.0180000000000006,12.369333333333334,12.331333333333331,19.35061728777778,12.428222222222225,6.1903553,6.1064315,6.083201,6.090238,6.239476,0,4.0,0,0.0,-0.81,18.9,81.1
2023-04-21 00:00:00,80.883153494442,0.0,0.0,19.2777778,12.331333333333331,37.68333333333333,0,5.1764362714980825,70.66250196097344,0,4,4,0.0,1.0,-0.433883739117558,-0.9009688679024191,0.8660254037844387,-0.4999999999999998,0.0,0.0,0.0,8.1,14.8,34.0,67.0,2.4,5.645089,0.0,8.3,19.2777778,37.35,36.68333333333333,36.5,36.46666666666667,38.35,-6.946444466666666,-0.0166666500000012,-0.0560000000000009,12.387333333333334,12.25,19.31358025444445,12.36266666666667,6.239476,6.1903553,6.1064315,6.083201,6.3498597,0,4.0,0,0.0,-0.82,19.0,81.0
2023-04-21 00:15:00,64.304650111104,0.0,0.0,19.2777778,12.25,38.35,0,5.1764362714980825,70.66250196097344,0,4,4,0.0,1.0,-0.433883739117558,-0.9009688679024191,0.8660254037844387,-0.4999999999999998,0.0,0.0,0.0,7.3,14.35,48.75,68.25,2.575,5.7043447,0.0,8.175,19.257407413333333,37.68333333333333,37.35,36.68333333333333,36.5,38.31666666666667,-7.027777799999999,0.0,-0.0813333333333332,12.331333333333331,12.432,19.28333335,12.32288888888889,6.3498597,6.239476,6.1903553,6.1064315,6.3367333,0,4.0,0,0.0,-0.81,18.9,81.1
2023-04-21 00:30:00,119.292450327778,0.0,0.0,19.257407413333333,12.432,38.31666666666667,0,5.1764362714980825,70.66250196097344,0,4,4,0.0,1.0,-0.433883739117558,-0.9009688679024191,0.8660254037844387,-0.4999999999999998,0.0,0.0,0.0,6.5,13.9,63.5,69.5,2.75,5.7622404,0.0,8.05,19.17777779,38.35,37.68333333333333,37.35,36.68333333333333,38.0,-6.825407413333334,-0.0203703866666664,0.1819999999999986,12.25,12.402,19.27098767111111,12.33777777777778,6.3367333,6.3498597,6.239476,6.1903553,6.254949,0,4.0,0,0.0,-0.82,19.1,80.9
2023-04-21 00:45:00,118.759693872222,0.0,0.0,19.17777779,12.402,38.0,0,5.1764362714980825,70.66250196097344,0,4,4,0.0,1.0,-0.433883739117558,-0.9009688679024191,0.8660254037844387,-0.4999999999999998,0.0,0.0,0.0,5.7,13.45,78.25,70.75,2.925,5.8187947,0.0,7.925,19.09444445666667,38.31666666666667,38.35,37.68333333333333,37.35,38.0,-6.775777790000001,-0.0796296233333322,-0.0299999999999993,12.432,12.342666666666666,19.237654334444446,12.361333333333334,6.254949,6.3367333,6.3498597,6.239476,6.224293,0,4.0,0,0.0,-0.84,19.8,80.2
2023-04-21 01:00:00,147.125781300004,40.009788411112,40.069508255556,19.09444445666667,12.342666666666666,38.0,1,5.1764362714980825,70.66250196097344,1,4,4,0.2588190451025207,0.9659258262890684,-0.433883739117558,-0.9009688679024191,0.8660254037844387,-0.4999999999999998,0.0,0.0,0.0,4.9,13.0,93.0,72.0,3.1,5.8740206,0.0,7.8,19.2,38.0,38.31666666666667,38.35,37.68333333333333,38.3,-6.751777790000002,-0.0833333333333321,-0.059333333333333,12.402,12.205333333333334,19.17654322,12.392222222222223,6.224293,6.254949,6.3367333,6.3498597,6.31259,0,3.0,1,0.25,-0.86,20.5,79.5
2023-04-21 01:15:00,185.908396799996,72.239054772222,72.30127456666399,19.2,12.205333333333334,38.3,2,5.1764362714980825,70.66250196097344,1,4,4,0.2588190451025207,0.9659258262890684,-0.433883739117558,-0.9009688679024191,0.8660254037844387,-0.4999999999999998,0.0,0.0,0.0,5.7,12.8,94.5,71.5,3.075,5.8804774,0.0,7.925,19.461111093333333,38.0,38.0,38.31666666666667,38.35,37.85,-6.9946666666666655,0.105555543333331,-0.1373333333333324,12.342666666666666,12.085333333333333,19.15740741555556,12.316666666666668,6.31259,6.224293,6.254949,6.3367333,6.335051,0,2.0,1,0.5,-0.83,19.5,80.5
2023-04-21 01:30:00,112.896595072222,0.0,0.0,19.461111093333333,12.085333333333333,37.85,0,5.1764362714980825,70.66250196097344,1,4,4,0.2588190451025207,0.9659258262890684,-0.433883739117558,-0.9009688679024191,0.8660254037844387,-0.4999999999999998,0.0,0.0,0.0,6.5,12.6,96.0,71.0,3.05,5.8866053,0.0,8.05,19.31666667,38.3,38.0,38.0,38.31666666666667,37.85,-7.37577776,0.2611110933333336,-0.120000000000001,12.205333333333334,11.964,19.25185185,12.21111111111111,6.335051,6.31259,6.224293,6.254949,6.2814384,1,2.0,1,0.5,-0.77,17.6,82.4
2023-04-21 01:45:00,109.743110216662,0.0,0.0,19.31666667,11.964,37.85,0,5.1764362714980825,70.66250196097344,1,4,4,0.2588190451025207,0.9659258262890684,-0.433883739117558,-0.9009688679024191,0.8660254037844387,-0.4999999999999998,0.0,0.0,0.0,7.3,12.4,97.5,70.5,3.025,5.8924,0.0,8.175,19.15370372,37.85,38.3,38.0,38.0,38.0,-7.35266667,-0.1444444233333328,-0.1213333333333324,12.085333333333333,11.992666666666668,19.32592592111111,12.084888888888887,6.2814384,6.335051,6.31259,6.224293,6.246079,0,2.0,0,0.5,-0.81,18.7,81.3
2023-04-21 02:00:00,110.818622694442,0.0,0.0,19.15370372,11.992666666666668,38.0,0,5.1764362714980825,70.66250196097344,2,4,4,0.4999999999999999,0.8660254037844387,-0.433883739117558,-0.9009688679024191,0.8660254037844387,-0.4999999999999998,0.0,0.0,0.0,8.1,12.2,99.0,70.0,3.0,5.8978543,0.0,8.3,19.13888888,37.85,37.85,38.3,38.0,38.35,-7.161037053333333,-0.1629629500000007,0.0286666666666661,11.964,11.734,19.310493827777776,12.014,6.246079,6.2814384,6.335051,6.31259,6.298106,0,3.0,0,0.25,-0.84,20.0,80.0
2023-04-21 02:15:00,176.535993844444,107.5715303,107.610417694442,19.13888888,11.734,38.35,2,5.1764362714980825,70.66250196097344,2,4,4,0.4999999999999999,0.8660254037844387,-0.433883739117558,-0.9009688679024191,0.8660254037844387,-0.4999999999999998,0.0,0.0,0.0,7.625,12.4,95.75,71.25,3.35,6.0225024,0.0,8.350000000000001,19.411111116666667,38.0,37.85,37.85,38.3,38.31666666666667,-7.40488888,-0.0148148399999996,-0.2586666666666666,11.992666666666668,11.487333333333334,19.203086423333332,11.89688888888889,6.298106,6.246079,6.2814384,6.335051,6.3943276,0,3.0,1,0.25,-0.84,20.0,80.0
2023-04-21 02:30:00,45.31429843889,0.0,0.0,19.411111116666667,11.487333333333334,38.31666666666667,0,5.1764362714980825,70.66250196097344,2,4,4,0.4999999999999999,0.8660254037844387,-0.433883739117558,-0.9009688679024191,0.8660254037844387,-0.4999999999999998,0.0,0.0,0.0,7.15,12.6,92.5,72.5,3.7,6.147886,0.0,8.4,19.3722222,38.35,38.0,37.85,37.85,38.35,-7.923777783333334,0.2722222366666678,-0.2466666666666661,11.734,11.652666666666669,19.23456790555556,11.738,6.3943276,6.298106,6.246079,6.2814384,6.385262,1,3.0,1,0.25,-0.78,17.9,82.1
2023-04-21 02:45:00,35.997171172222004,0.0,0.0,19.3722222,11.652666666666669,38.35,0,5.1764362714980825,70.66250196097344,2,4,4,0.4999999999999999,0.8660254037844387,-0.433883739117558,-0.9009688679024191,0.8660254037844387,-0.4999999999999998,0.0,0.0,0.0,6.675,12.8,89.25,73.75,4.050000000000001,6.2740035,0.0,8.45,19.188888870000003,38.31666666666667,38.35,38.0,37.85,38.68333333333333,-7.719555533333333,-0.0388889166666679,0.1653333333333329,11.487333333333334,11.831333333333331,19.307407398888888,11.62466666666667,6.385262,6.3943276,6.298106,6.246079,6.3715987,0,3.0,0,0.25,-0.79,18.1,81.9
2023-04-21 03:00:00,46.225928838882,0.0,0.0,19.188888870000003,11.831333333333331,38.68333333333333,0,5.1764362714980825,70.66250196097344,3,4,4,0.7071067811865476,0.7071067811865476,-0.433883739117558,-0.9009688679024191,0.8660254037844387,-0.4999999999999998,0.0,0.0,0.0,6.2,13.0,86.0,75.0,4.4,6.4008617,0.0,8.5,19.06666669,38.35,38.31666666666667,38.35,38.0,39.0,-7.35755553666667,-0.1833333299999964,0.1786666666666665,11.652666666666669,11.810666666666666,19.324074062222227,11.657111111111112,6.3715987,6.385262,6.3943276,6.298106,6.3776326,0,3.0,0,0.25,-0.83,19.6,80.4
2023-04-21 03:15:00,78.621577294442,32.513143872222,32.522310188888,19.06666669,11.810666666666666,39.0,1,5.1764362714980825,70.66250196097344,3,4,4,0.7071067811865476,0.7071067811865476,-0.433883739117558,-0.9009688679024191,0.8660254037844387,-0.4999999999999998,0.0,0.0,0.0,6.35,12.1,88.5,75.25,4.300000000000001,6.3606076,0.0,8.35,19.105555566666663,38.68333333333333,38.35,38.31666666666667,38.35,39.0,-7.256000023333332,-0.1222221800000049,-0.020666666666667,11.831333333333331,11.641333333333334,19.209259253333336,11.76488888888889,6.3776326,6.3715987,6.385262,6.3943276,6.3922772,0,3.0,1,0.25,-0.86,20.5,79.5
2023-04-21 03:30:00,366.746718394446,75.715304583334,75.730581788888,19.105555566666663,11.641333333333334,39.0,2,5.1764362714980825,70.66250196097344,3,4,4,0.7071067811865476,0.7071067811865476,-0.433883739117558,-0.9009688679024191,0.8660254037844387,-0.4999999999999998,0.0,0.0,0.0,6.5,11.2,91.0,75.5,4.2,6.3204627,0.0,8.2,19.34444446,39.0,38.68333333333333,38.35,38.31666666666667,38.65,-7.464222233333333,0.0388888766666681,-0.1693333333333324,11.810666666666666,11.78,19.12037037555556,11.761111111111113,6.3922772,6.3776326,6.3715987,6.385262,6.4247003,0,2.0,1,0.5,-0.85,20.2,79.8
2023-04-21 03:45:00,43.947686588884,0.0,0.0,19.34444446,11.78,38.65,0,5.1764362714980825,70.66250196097344,3,4,4,0.7071067811865476,0.7071067811865476,-0.433883739117558,-0.9009688679024191,0.8660254037844387,-0.4999999999999998,0.0,0.0,0.0,6.65,10.3,93.5,75.75,4.1,6.2804275,0.0,8.05,19.22407408333333,39.0,39.0,38.68333333333333,38.35,38.5,-7.564444459999999,0.2388888933333319,0.1386666666666656,11.641333333333334,11.646666666666668,19.17222223888889,11.744,6.4247003,6.3922772,6.3776326,6.3715987,6.3545637,1,2.0,1,0.5,-0.79,18.3,81.7
2023-04-21 04:00:00,47.968359038886,0.0,0.0,19.22407408333333,11.646666666666668,38.5,0,5.1764362714980825,70.66250196097344,4,4,4,0.8660254037844386,0.5000000000000001,-0.433883739117558,-0.9009688679024191,0.8660254037844387,-0.4999999999999998,0.0,0.0,0.0,6.8,9.4,96.0,76.0,4.0,6.240505,0.0,7.9,19.02777777,38.65,39.0,39.0,38.68333333333333,38.85,-7.577407416666668,-0.1203703766666635,-0.1333333333333328,11.78,11.576666666666666,19.22469137,11.689333333333336,6.3545637,6.4247003,6.3922772,6.3776326,6.3385444,0,2.0,0,0.5,-0.82,19.3,80.7
2023-04-21 04:15:00,51.514050405558,19.355336872222,19.36450322222,19.02777777,11.576666666666666,38.85,1,5.1764362714980825,70.66250196097344,4,4,4,0.8660254037844386,0.5000000000000001,-0.433883739117558,-0.9009688679024191,0.8660254037844387,-0.4999999999999998,0.0,0.0,0.0,6.575,9.2,89.5,76.25,4.05,6.271139,0.0,7.925000000000001,19.029629616666668,38.5,38.65,39.0,39.0,39.0,-7.451111103333334,-0.1962963133333346,-0.0700000000000002,11.646666666666668,11.855333333333334,19.19876543777778,11.667777777777776,6.3385444,6.3545637,6.4247003,6.3922772,6.363713,0,2.0,1,0.5,-0.87,20.9,79.1
2023-04-21 04:30:00,121.577636799996,88.157862427778,88.174528494442,19.029629616666668,11.855333333333334,39.0,2,5.1764362714980825,70.66250196097344,4,4,4,0.8660254037844386,0.5000000000000001,-0.433883739117558,-0.9009688679024191,0.8660254037844387,-0.4999999999999998,0.0,0.0,0.0,6.35,9.0,83.0,76.5,4.1,6.3018537,0.0,7.95,19.27777777,38.85,38.5,38.65,39.0,38.65,-7.174296283333334,0.0018518466666677,0.2786666666666679,11.576666666666666,11.73,19.093827156666663,11.69288888888889,6.363713,6.3385444,6.3545637,6.4247003,6.3995323,0,2.0,1,0.5,-0.87,20.8,79.2
2023-04-21 04:45:00,46.232595022224,0.0,0.0,19.27777777,11.73,38.65,0,5.1764362714980825,70.66250196097344,4,4,4,0.8660254037844386,0.5000000000000001,-0.433883739117558,-0.9009688679024191,0.8660254037844387,-0.4999999999999998,0.0,0.0,0.0,6.125,8.8,76.5,76.75,4.15,6.3326483,0.0,7.975,19.220370376666665,39.0,38.85,38.5,38.65,38.68333333333333,-7.5477777700000015,0.2481481533333323,-0.1253333333333355,11.855333333333334,11.757333333333332,19.111728385555555,11.720666666666666,6.3995323,6.363713,6.3385444,6.3545637,6.3834305,1,2.0,1,0.5,-0.81,18.8,81.2
2023-04-21 05:00:00,42.437747072214,0.0,0.0,19.220370376666665,11.757333333333332,38.68333333333333,0,5.1764362714980825,70.66250196097344,5,4,4,0.9659258262890684,0.2588190451025207,-0.433883739117558,-0.9009688679024191,0.8660254037844387,-0.4999999999999998,0.0,0.0,0.0,5.9,8.6,70.0,77.0,4.2,6.3635244,0.0,8.0,19.02222222,38.65,39.0,38.85,38.5,39.0,-7.4630370433333315,-0.0574073933333352,0.0273333333333347,11.73,11.763333333333332,19.175925921111112,11.78088888888889,6.3834305,6.3995323,6.363713,6.3385444,6.3609314,0,2.0,0,0.5,-0.82,19.3,80.7
2023-04-21 05:15:00,49.203587427774,19.074237016666,19.08090348333,19.02222222,11.763333333333332,39.0,1,5.1764362714980825,70.66250196097344,5,4,4,0.9659258262890684,0.2588190451025207,-0.433883739117558,-0.9009688679024191,0.8660254037844387,-0.4999999999999998,0.0,0.0,0.0,5.875,8.6,57.5,76.75,4.2,6.3735957,0.0,8.075,18.998148166666667,38.68333333333333,38.65,39.0,38.85,39.0,-7.258888886666668,-0.1981481566666652,0.0059999999999984,11.757333333333332,11.668,19.17345678888889,11.750222222222222,6.3609314,6.3834305,6.3995323,6.363713,6.351901,0,2.0,1,0.5,-0.87,20.9,79.1
2023-04-21 05:30:00,136.617312805558,94.450388516666,94.465388016662,18.998148166666667,11.668,39.0,2,5.1764362714980825,70.66250196097344,5,4,4,0.9659258262890684,0.2588190451025207,-0.433883739117558,-0.9009688679024191,0.8660254037844387,-0.4999999999999998,0.0,0.0,0.0,5.85,8.6,45.0,76.5,4.2,6.3835974,0.0,8.15,19.305555570000003,39.0,38.68333333333333,38.65,39.0,38.65,-7.330148166666666,-0.024074053333333,-0.0953333333333308,11.763333333333332,11.448666666666666,19.08024692111111,11.729555555555557,6.351901,6.3609314,6.3834305,6.3995323,6.410008,0,2.0,1,0.5,-0.87,21.1,78.9
2023-04-21 05:45:00,45.94677313889,0.0,0.0,19.305555570000003,11.448666666666666,38.65,0,5.1764362714980825,70.66250196097344,5,4,4,0.9659258262890684,0.2588190451025207,-0.433883739117558,-0.9009688679024191,0.8660254037844387,-0.4999999999999998,0.0,0.0,0.0,5.825,8.6,32.5,76.25,4.2,6.3935266,0.0,8.225,19.192592576666662,39.0,39.0,38.68333333333333,38.65,38.5,-7.856888903333337,0.307407403333336,-0.2193333333333349,11.668,11.19,19.108641985555558,11.626666666666669,6.410008,6.351901,6.3609314,6.3834305,6.3427854,1,2.0,1,0.5,-0.8,18.6,81.4
2023-04-21 06:00:00,32.367316372222,0.0,0.0,19.192592576666662,11.19,38.5,0,5.1764362714980825,70.66250196097344,6,4,4,1.0,6.123233995736766e-17,-0.433883739117558,-0.9009688679024191,0.8660254037844387,-0.4999999999999998,0.0,0.0,0.0,5.8,8.6,20.0,76.0,4.2,6.4033847,0.0,8.3,18.99444441,38.65,39.0,39.0,38.68333333333333,38.85,-8.002592576666666,-0.1129629933333369,-0.2586666666666666,11.448666666666666,11.156666666666666,19.165432104444445,11.435555555555558,6.3427854,6.410008,6.351901,6.3609314,6.3260875,0,2.0,0,0.5,-0.83,19.6,80.4
2023-04-21 06:15:00,75.141716494442,38.150696144444,38.161251305554,18.99444441,11.156666666666666,38.85,1,5.1764362714980825,70.66250196097344,6,4,4,1.0,6.123233995736766e-17,-0.433883739117558,-0.9009688679024191,0.8660254037844387,-0.4999999999999998,6.0,1.5,0.5,5.975,8.8,28.25,77.25,4.45,6.498246,0.0,8.275,19.04629626,38.5,38.65,39.0,39.0,39.0,-7.83777774333333,-0.1981481666666695,-0.0333333333333332,11.19,11.723333333333333,19.164197518888887,11.265111111111112,6.3260875,6.3427854,6.410008,6.351901,6.3699737,0,2.0,1,0.5,-0.87,21.2,78.8
2023-04-21 06:30:00,120.393517333336,76.690265583334,76.704987227778,19.04629626,11.723333333333333,39.0,2,5.1764362714980825,70.66250196097344,6,4,4,1.0,6.123233995736766e-17,-0.433883739117558,-0.9009688679024191,0.8660254037844387,-0.4999999999999998,12.0,4.5,1.5,6.15,9.0,36.5,78.5,4.7,6.592785,0.0,8.25,19.28888886,38.85,38.5,38.65,39.0,38.65,-7.322962926666669,0.0518518500000055,0.5666666666666664,11.156666666666666,12.308,19.077777748888888,11.356666666666667,6.3699737,6.3260875,6.3427854,6.410008,6.4037213,0,2.0,1,0.5,-0.86,20.7,79.3
2023-04-21 06:45:00,33.509492933332,0.0,0.0,19.28888886,12.308,38.65,0,5.1764362714980825,70.66250196097344,6,4,4,1.0,6.123233995736766e-17,-0.433883739117558,-0.9009688679024191,0.8660254037844387,-0.4999999999999998,18.0,9.0,3.0,6.325,9.2,44.75,79.75,4.95,6.6870003,0.0,8.225,19.168518520000003,39.0,38.85,38.5,38.65,38.68333333333333,-6.98088886,0.2425925999999982,0.5846666666666671,11.723333333333333,12.278666666666668,19.109876510000003,11.729333333333336,6.4037213,6.3699737,6.3260875,6.3427854,6.3639545,1,2.0,1,0.5,-0.81,18.8,81.2
2023-04-21 07:00:00,35.904119327778,0.0,0.0,19.168518520000003,12.278666666666668,38.68333333333333,0,5.1764362714980825,70.66250196097344,7,4,4,0.9659258262890684,-0.2588190451025206,-0.433883739117558,-0.9009688679024191,0.8660254037844387,-0.4999999999999998,24.0,15.0,5.0,6.5,9.4,53.0,81.0,5.2,6.7808933,0.0,8.2,18.97222221,38.65,39.0,38.85,38.5,39.05,-6.889851853333335,-0.1203703399999973,-0.0293333333333318,12.308,11.866,19.167901213333337,12.103333333333332,6.3639545,6.4037213,6.3699737,6.3260875,6.350319,0,2.0,0,0.5,-0.84,19.7,80.3
2023-04-21 07:15:00,67.402026177772,23.799603544444,23.809047666664,18.97222221,11.866,39.05,1,5.1764362714980825,70.66250196097344,7,4,4,0.9659258262890684,-0.2588190451025206,-0.433883739117558,-0.9009688679024191,0.8660254037844387,-0.4999999999999998,54.75,27.1875,9.5625,6.075,9.85,60.5,80.25,6.275,7.277943,0.0,9.45,18.99444446,38.68333333333333,38.65,39.0,38.85,39.46666666666667,-7.106222209999997,-0.1962963100000045,-0.4126666666666665,12.278666666666668,12.004666666666669,19.143209863333336,12.150888888888892,6.350319,6.3639545,6.4037213,6.3699737,6.4265018,0,2.0,1,0.5,-0.88,21.3,78.7
2023-04-21 07:30:00,112.084960938886,77.112470894446,77.1285814,18.99444446,12.004666666666669,39.46666666666667,2,5.1764362714980825,70.66250196097344,7,4,4,0.9659258262890684,-0.2588190451025206,-0.433883739117558,-0.9009688679024191,0.8660254037844387,-0.4999999999999998,85.5,45.5625,16.6875,5.65,10.3,68.0,79.5,7.35,7.8044133,0.0,10.7,19.23888891,39.05,38.68333333333333,38.65,39.0,39.5,-6.989777793333333,0.0222222500000022,0.1386666666666656,11.866,12.765333333333333,19.04506173,12.04977777777778,6.4265018,6.350319,6.3639545,6.4037213,6.5253096,0,2.0,1,0.5,-0.87,21.0,79.0
2023-04-21 07:45:00,32.432591544444,0.0,0.0,19.23888891,12.765333333333333,39.5,0,5.1764362714980825,70.66250196097344,7,4,4,0.9659258262890684,-0.2588190451025206,-0.433883739117558,-0.9009688679024191,0.8660254037844387,-0.4999999999999998,116.25,70.125,26.375,5.225,10.75,75.5,78.75,8.425,8.361535,0.0,11.95,19.205555556666663,39.46666666666667,39.05,38.68333333333333,38.65,39.68333333333333,-6.473555576666668,0.2444444499999996,0.7606666666666655,12.004666666666669,13.83,19.06851852666667,12.212000000000002,6.5253096,6.4265018,6.350319,6.3639545,6.5427322,1,2.0,1,0.5,-0.81,19.0,81.0
2023-04-21 08:00:00,46.114544227778,0.0,0.0,19.205555556666663,13.83,39.68333333333333,0,5.1764362714980825,70.66250196097344,8,4,4,0.8660254037844387,-0.4999999999999998,-0.433883739117558,-0.9009688679024191,0.8660254037844387,-0.4999999999999998,147.0,100.875,38.625,4.8,11.2,83.0,78.0,9.5,8.950564,0.0,13.2,19.21666666,39.5,39.46666666666667,39.05,38.68333333333333,40.35,-5.375555556666663,-0.0333333533333366,1.0646666666666675,12.765333333333333,15.174,19.14629630888889,12.866666666666667,6.5427322,6.5253096,6.4265018,6.350319,6.657005,0,2.0,0,0.5,-0.82,19.2,80.8
2023-04-21 08:15:00,44.12184622222,0.0,0.0,19.21666666,15.174,40.35,0,5.1764362714980825,70.66250196097344,8,4,4,0.8660254037844387,-0.4999999999999998,-0.433883739117558,-0.9009688679024191,0.8660254037844387,-0.4999999999999998,196.75,136.375,55.020833333333336,4.325,11.55,87.25,75.75,9.95,9.201832,0.0,14.125,19.387037016666667,39.68333333333333,39.5,39.46666666666667,39.05,40.5,-4.0426666599999965,0.0111111033333344,1.3440000000000012,13.83,15.982666666666669,19.22037037555556,13.923111111111112,6.657005,6.5427322,6.5253096,6.4265018,6.7491164,0,3.0,0,0.25,-0.82,19.0,81.0
2023-04-21 08:30:00,33.048955772222,0.0,0.0,19.387037016666667,15.982666666666669,40.5,0,5.1764362714980825,70.66250196097344,8,4,4,0.8660254037844387,-0.4999999999999998,-0.433883739117558,-0.9009688679024191,0.8660254037844387,-0.4999999999999998,246.5,176.625,75.5625,3.85,11.9,91.5,73.5,10.4,9.447838,0.0,15.05,19.68333332,40.35,39.68333333333333,39.5,39.46666666666667,40.45,-3.4043703500000007,0.1703703566666696,0.8086666666666655,15.174,16.266666666666666,19.26975307777778,14.995555555555557,6.7491164,6.657005,6.5427322,6.5253096,6.8591948,0,4.0,0,0.0,-0.77,17.6,82.4
2023-04-21 08:45:00,40.929196083334,0.0,0.0,19.68333332,16.266666666666666,40.45,0,5.1764362714980825,70.66250196097344,8,4,4,0.8660254037844387,-0.4999999999999998,-0.433883739117558,-0.9009688679024191,0.8660254037844387,-0.4999999999999998,296.25,221.625,100.25,3.375,12.25,95.75,71.25,10.85,9.6873,0.0,15.974999999999998,20.083333340000003,40.5,40.35,39.68333333333333,39.5,40.03333333333333,-3.4166666533333334,0.2962963033333317,0.2839999999999989,15.982666666666669,15.988666666666669,19.429012332222225,15.807777777777778,6.8591948,6.7491164,6.657005,6.5427322,6.949574,0,4.0,0,0.0,-0.71,15.5,84.5
2023-04-21 09:00:00,49.488020599992,0.0,0.0,20.083333340000003,15.988666666666669,40.03333333333333,0,5.1764362714980825,70.66250196097344,9,4,4,0.7071067811865476,-0.7071067811865475,-0.433883739117558,-0.9009688679024191,0.8660254037844387,-0.4999999999999998,346.0,271.375,129.08333333333334,2.9,12.6,100.0,69.0,11.3,9.918849,0.0,16.9,20.50000003,40.45,40.5,40.35,39.68333333333333,39.6,-4.094666673333336,0.4000000200000038,-0.2779999999999987,16.266666666666666,16.222666666666665,19.717901225555558,16.079333333333334,6.949574,6.8591948,6.7491164,6.657005,7.0437503,0,4.0,0,0.0,-0.61,12.9,87.1
2023-04-21 09:15:00,32.45064642222,0.0,0.0,20.50000003,16.222666666666665,39.6,0,5.1764362714980825,70.66250196097344,9,4,4,0.7071067811865476,-0.7071067811865475,-0.433883739117558,-0.9009688679024191,0.8660254037844387,-0.4999999999999998,382.0,317.6875,160.41666666666666,3.125,12.7,99.75,67.0,11.625,10.133596,0.0,17.75,20.937037033333333,40.03333333333333,40.45,40.5,40.35,39.03333333333333,-4.277333363333337,0.4166666899999995,0.2339999999999982,15.988666666666669,16.999333333333333,20.08888889666667,16.159333333333333,7.0437503,6.949574,6.8591948,6.7491164,7.121908,0,4.0,0,0.0,-0.52,10.7,89.3
2023-04-21 09:30:00,35.733292877776,0.0,0.0,20.937037033333333,16.999333333333333,39.03333333333333,0,5.1764362714980825,70.66250196097344,9,4,4,0.7071067811865476,-0.7071067811865475,-0.433883739117558,-0.9009688679024191,0.8660254037844387,-0.4999999999999998,418.0,360.5625,194.25,3.35,12.8,99.5,65.0,11.95,10.340253,0.0,18.6,21.35555557,39.6,40.03333333333333,40.45,40.5,38.65,-3.9377037,0.4370370033333302,0.7766666666666673,16.222666666666665,17.934,20.506790134444447,16.403555555555556,7.121908,7.0437503,6.949574,6.8591948,7.2253504,0,4.0,0,0.0,-0.42,8.7,91.3
2023-04-21 09:45:00,51.149620699996,0.0,0.0,21.35555557,17.934,38.65,0,5.1764362714980825,70.66250196097344,9,4,4,0.7071067811865476,-0.7071067811865475,-0.433883739117558,-0.9009688679024191,0.8660254037844387,-0.4999999999999998,454.0,400.0,230.58333333333331,3.575,12.9,99.25,63.0,12.275,10.537582,0.0,19.45,21.822222226666668,39.03333333333333,39.6,40.03333333333333,40.45,38.31666666666667,-3.421555569999999,0.4185185366666673,0.9346666666666684,16.999333333333333,19.792666666666666,20.930864211111118,17.052000000000003,7.2253504,7.121908,7.0437503,6.949574,7.358997,0,4.0,0,0.0,-0.33,7.2,92.8
2023-04-21 10:00:00,37.215733444448,0.0,0.0,21.822222226666668,19.792666666666666,38.31666666666667,0,5.1764362714980825,70.66250196097344,10,4,4,0.4999999999999999,-0.8660254037844387,-0.433883739117558,-0.9009688679024191,0.8660254037844387,-0.4999999999999998,490.0,436.0,269.4166666666667,3.8,13.0,99.0,61.0,12.6,10.724282,0.0,20.3,22.27777777,38.65,39.03333333333333,39.6,40.03333333333333,37.6,-2.029555560000002,0.4666666566666677,1.8586666666666645,17.934,20.642666666666667,21.37160494333333,18.242,7.358997,7.2253504,7.121908,7.0437503,7.413449,0,4.0,0,0.0,-0.22,6.0,94.0
2023-04-21 10:15:00,267.0268185,0.0,0.0,22.27777777,20.642666666666667,37.6,0,5.1764362714980825,70.66250196097344,10,4,4,0.4999999999999999,-0.8660254037844387,-0.433883739117558,-0.9009688679024191,0.8660254037844387,-0.4999999999999998,535.5,474.375,309.4791666666667,4.025,13.7,99.25,58.5,12.7,10.822276,0.0,21.175,22.69444444,38.31666666666667,38.65,39.03333333333333,39.6,37.03333333333333,-1.6351111033333332,0.4555555433333325,0.8500000000000014,19.792666666666666,21.570666666666668,21.818518522222224,19.456444444444447,7.413449,7.358997,7.2253504,7.121908,7.4785624,0,4.0,0,0.0,-0.11,5.3,94.7
2023-04-21 10:30:00,99.831006666664,0.0,0.0,22.69444444,21.570666666666668,37.03333333333333,0,5.1764362714980825,70.66250196097344,10,4,4,0.4999999999999999,-0.8660254037844387,-0.433883739117558,-0.9009688679024191,0.8660254037844387,-0.4999999999999998,581.0,515.125,350.7708333333333,4.25,14.4,99.5,56.0,12.8,10.897447,0.0,22.05,23.14444443,37.6,38.31666666666667,38.65,39.03333333333333,36.95,-1.1237777733333305,0.4166666699999979,0.9280000000000008,20.642666666666667,22.485333333333337,22.264814812222223,20.668666666666667,7.4785624,7.413449,7.358997,7.2253504,7.6564326,0,4.0,0,0.0,-0.02,5.0,95.0
2023-04-21 10:45:00,36.68825449445,0.0,0.0,23.14444443,22.485333333333337,36.95,0,5.1764362714980825,70.66250196097344,10,4,4,0.4999999999999999,-0.8660254037844387,-0.433883739117558,-0.9009688679024191,0.8660254037844387,-0.4999999999999998,626.5,558.25,393.2916666666667,4.475,15.1,99.75,53.5,12.9,10.9475155,0.0,22.925,23.511111096666664,37.03333333333333,37.6,38.31666666666667,38.65,36.53333333333333,-0.6591110966666633,0.449999990000002,0.914666666666669,21.570666666666668,24.13733333333333,22.70555554666667,21.566222222222223,7.6564326,7.4785624,7.413449,7.358997,7.7301445,0,4.0,0,0.0,0.09,5.2,94.8
2023-04-21 11:00:00,32.145102961114,0.0,0.0,23.511111096666664,24.13733333333333,36.53333333333333,0,5.1764362714980825,70.66250196097344,11,4,4,0.258819045102521,-0.9659258262890682,-0.433883739117558,-0.9009688679024191,0.8660254037844387,-0.4999999999999998,672.0,603.75,437.0416666666667,4.7,15.8,100.0,51.0,13.0,10.97007,0.0,23.8,23.8111111,36.95,37.03333333333333,37.6,38.31666666666667,36.55,0.6262222366666705,0.3666666666666636,1.6519999999999977,22.485333333333337,24.019333333333336,23.11666665555556,22.731111111111115,7.7301445,7.6564326,7.4785624,7.413449,7.8668504,0,4.0,0,0.0,0.17,5.6,94.4
2023-04-21 11:15:00,50.227990933328,0.0,0.0,23.8111111,24.019333333333336,36.55,0,5.1764362714980825,70.66250196097344,11,4,4,0.258819045102521,-0.9659258262890682,-0.433883739117558,-0.9009688679024191,0.8660254037844387,-0.4999999999999998,700.0,644.875,478.9791666666667,4.85,16.075,99.75,48.0,12.55,10.712455,0.0,24.45,24.17407405333333,36.53333333333333,36.95,37.03333333333333,37.6,36.96666666666667,0.2082222333333341,0.3000000033333379,-0.1179999999999985,24.13733333333333,23.696666666666665,23.48888887555556,23.547333333333334,7.8668504,7.7301445,7.6564326,7.4785624,8.122173,0,4.0,0,0.0,0.25,6.2,93.8
2023-04-21 11:30:00,40.233112877776,0.0,0.0,24.17407405333333,23.696666666666665,36.96666666666667,0,5.1764362714980825,70.66250196097344,11,4,4,0.258819045102521,-0.9659258262890682,-0.433883739117558,-0.9009688679024191,0.8660254037844387,-0.4999999999999998,728.0,681.625,519.1041666666666,5.0,16.35,99.5,45.0,12.1,10.41811,0.0,25.1,24.46666666,36.55,36.53333333333333,36.95,37.03333333333333,37.0,-0.4774073866666697,0.3629629533333336,-0.3226666666666702,24.019333333333336,24.656,23.83209875,23.951111111111118,8.122173,7.8668504,7.7301445,7.6564326,8.265306,0,4.0,0,0.0,0.34,7.3,92.7
2023-04-21 11:45:00,34.47806515556,0.0,0.0,24.46666666,24.656,37.0,0,5.1764362714980825,70.66250196097344,11,4,4,0.258819045102521,-0.9659258262890682,-0.433883739117558,-0.9009688679024191,0.8660254037844387,-0.4999999999999998,756.0,714.0,557.4166666666666,5.15,16.625,99.25,42.0,11.65,10.084978,0.0,25.75,24.696296323333332,36.96666666666667,36.55,36.53333333333333,36.95,37.0,0.189333340000001,0.2925926066666626,0.9593333333333334,23.696666666666665,24.711333333333336,24.150617271111116,24.12400000000001,8.265306,8.122173,7.8668504,7.7301445,8.373261,0,4.0,0,0.0,0.41,8.4,91.6
2023-04-21 12:00:00,44.322115944444,0.0,0.0,24.696296323333332,24.711333333333336,37.0,0,5.1764362714980825,70.66250196097344,12,4,4,1.2246467991473532e-16,-1.0,-0.433883739117558,-0.9009688679024191,0.8660254037844387,-0.4999999999999998,784.0,742.0,593.9166666666666,5.3,16.9,99.0,39.0,11.2,9.710926,0.0,26.4,24.90555554,37.0,36.96666666666667,36.55,36.53333333333333,37.35,0.0150370100000003,0.2296296633333376,0.055333333333337,24.656,25.55933333333333,24.445679012222225,24.35466666666667,8.373261,8.265306,8.122173,7.8668504,8.552841,0,4.0,0,0.0,0.46,9.4,90.6
2023-04-21 12:15:00,45.113473255552,0.0,0.0,24.90555554,25.55933333333333,37.35,0,5.1764362714980825,70.66250196097344,12,4,4,1.2246467991473532e-16,-1.0,-0.433883739117558,-0.9009688679024191,0.8660254037844387,-0.4999999999999998,799.0,766.75,628.6666666666666,6.6,19.15,86.0,36.5,10.5,9.280076,0.0,26.775,25.068518536666662,37.0,37.0,36.96666666666667,36.55,37.5,0.6537777933333295,0.2092592166666662,0.8479999999999954,24.711333333333336,26.09933333333333,24.68950617444445,24.975555555555555,8.552841,8.373261,8.265306,8.122173,8.666388,0,4.0,0,0.0,0.51,10.5,89.5
2023-04-21 12:30:00,32.088716266672,0.0,0.0,25.068518536666662,26.09933333333333,37.5,0,5.1764362714980825,70.66250196097344,12,4,4,1.2246467991473532e-16,-1.0,-0.433883739117558,-0.9009688679024191,0.8660254037844387,-0.4999999999999998,814.0,788.25,661.6666666666666,7.9,21.4,73.0,34.0,9.8,8.826212,0.0,27.15,25.15555557,37.35,37.0,37.0,36.96666666666667,37.5,1.030814796666668,0.1629629966666641,0.5400000000000027,25.55933333333333,26.72533333333333,24.890123466666665,25.456666666666667,8.666388,8.552841,8.373261,8.265306,8.708941,0,4.0,0,0.0,0.55,11.4,88.6
2023-04-21 12:45:00,39.598138227778,0.0,0.0,25.15555557,26.72533333333333,37.5,0,5.1764362714980825,70.66250196097344,12,4,4,1.2246467991473532e-16,-1.0,-0.433883739117558,-0.9009688679024191,0.8660254037844387,-0.4999999999999998,829.0,806.5,692.9166666666666,9.2,23.65,60.0,31.5,9.1,8.348661,0.0,27.525,25.259259236666665,37.5,37.35,37.0,37.0,37.68333333333333,1.569777763333331,0.0870370333333347,0.6259999999999977,26.09933333333333,27.229333333333333,25.043209882222225,26.128,8.708941,8.666388,8.552841,8.373261,8.802711,0,4.0,0,0.0,0.58,11.9,88.1
2023-04-21 13:00:00,56.16275348333,0.0,0.0,25.259259236666665,27.229333333333333,37.68333333333333,0,5.1764362714980825,70.66250196097344,13,4,4,-0.2588190451025208,-0.9659258262890684,-0.433883739117558,-0.9009688679024191,0.8660254037844387,-0.4999999999999998,844.0,821.5,722.4166666666666,10.5,25.9,47.0,29.0,8.4,7.8467426,0.0,27.9,25.14999998,37.5,37.5,37.35,37.0,39.55,1.970074096666668,0.1037036666666644,0.5040000000000013,26.72533333333333,28.351333333333333,25.16111111444444,26.68466666666667,8.802711,8.708941,8.666388,8.552841,9.18216,0,4.0,0,0.0,0.6,12.6,87.4
2023-04-21 13:15:00,686.503094377776,17.1976454,17.207367277776,25.14999998,28.351333333333333,39.55,1,5.1764362714980825,70.66250196097344,13,4,4,-0.2588190451025208,-0.9659258262890684,-0.433883739117558,-0.9009688679024191,0.8660254037844387,-0.4999999999999998,808.25,823.8125,745.1458333333334,12.1,28.875,41.25,28.5,8.1,7.7008376,0.0,27.875,24.790740733333333,37.68333333333333,37.5,37.5,37.35,37.9,3.2013333533333324,-0.1092592566666645,1.122,27.229333333333333,29.540000000000003,25.18827159555556,27.43533333333333,9.18216,8.802711,8.708941,8.666388,8.622772,0,3.0,1,0.25,0.59,12.3,87.7
2023-04-21 13:30:00,643.232325194446,69.411112344444,69.4280561,24.790740733333333,29.540000000000003,37.9,1,5.1764362714980825,70.66250196097344,13,4,4,-0.2588190451025208,-0.9659258262890684,-0.433883739117558,-0.9009688679024191,0.8660254037844387,-0.4999999999999998,772.5,813.4375,761.1041666666666,13.7,31.85,35.5,28.0,7.800000000000001,7.5553203,0.0,27.85,24.70555555,39.55,37.68333333333333,37.5,37.5,37.05,4.7492592666666695,-0.3592592466666673,1.18866666666667,28.351333333333333,29.934666666666665,25.06666665,28.373555555555555,8.622772,9.18216,8.802711,8.708941,8.388958,0,2.0,0,0.5,0.49,10.0,90.0
2023-04-21 13:45:00,944.657489972222,108.211226911112,108.227337383334,24.70555555,29.934666666666665,37.05,2,5.1764362714980825,70.66250196097344,13,4,4,-0.2588190451025208,-0.9659258262890684,-0.433883739117558,-0.9009688679024191,0.8660254037844387,-0.4999999999999998,736.75,790.375,770.2916666666666,15.3,34.825,29.75,27.5,7.5,7.4101844,0.0,27.825,24.742592586666667,37.9,39.55,37.68333333333333,37.5,37.016666666666666,5.229111116666665,-0.0851851833333334,0.3946666666666623,29.540000000000003,29.97266666666667,24.88209875444445,29.275333333333336,8.388958,8.622772,9.18216,8.802711,8.398954,0,1.0,1,0.75,0.46,9.5,90.5
2023-04-21 14:00:00,177.17569060555,117.547797916666,117.564463966664,24.742592586666667,29.97266666666667,37.016666666666666,2,5.1764362714980825,70.66250196097344,14,4,4,-0.4999999999999997,-0.8660254037844388,-0.433883739117558,-0.9009688679024191,0.8660254037844387,-0.4999999999999998,701.0,754.625,772.7083333333334,16.9,37.8,24.0,27.0,7.2,7.2654357,0.0,27.8,24.81666665,37.05,37.9,39.55,37.68333333333333,36.25,5.230074080000001,0.0370370366666676,0.0380000000000038,29.934666666666665,30.362,24.74629629,29.815777777777782,8.398954,8.388958,8.622772,9.18216,8.259447,0,0.0,0,1.0,0.47,9.7,90.3
2023-04-21 14:15:00,209.19440963889,136.645645055556,136.664810988888,24.81666665,30.362,36.25,2,5.1764362714980825,70.66250196097344,14,4,4,-0.4999999999999997,-0.8660254037844388,-0.433883739117558,-0.9009688679024191,0.8660254037844387,-0.4999999999999998,713.25,730.875,773.8125,16.674999999999997,38.8,29.25,27.0,7.275,7.2955313,0.0,27.875,24.81296295,37.016666666666666,37.05,37.9,39.55,34.46666666666667,5.545333350000004,0.074074063333331,0.3893333333333331,29.97266666666667,30.436666666666667,24.754938262222225,30.08977777777778,8.259447,8.398954,8.388958,8.622772,7.851481,0,0.0,0,1.0,0.48,9.9,90.1
2023-04-21 14:30:00,194.67360174444,126.139954183334,126.158286833332,24.81296295,30.436666666666667,34.46666666666667,2,5.1764362714980825,70.66250196097344,14,4,4,-0.4999999999999997,-0.8660254037844388,-0.433883739117558,-0.9009688679024191,0.8660254037844387,-0.4999999999999998,725.5,719.125,773.6041666666666,16.45,39.8,34.5,27.0,7.35,7.3257346,0.0,27.950000000000003,24.85555557,36.25,37.016666666666666,37.05,37.9,35.3,5.623703716666668,-0.003703699999999,0.0746666666666655,30.362,30.27466666666667,24.79074072888889,30.257111111111115,7.851481,8.259447,8.398954,8.388958,8.060653,0,0.0,0,1.0,0.47,9.6,90.4
2023-04-21 14:45:00,188.75189428888,130.29673238888802,130.315898372218,24.85555557,30.27466666666667,35.3,2,5.1764362714980825,70.66250196097344,14,4,4,-0.4999999999999997,-0.8660254037844388,-0.433883739117558,-0.9009688679024191,0.8660254037844387,-0.4999999999999998,737.75,719.375,772.0833333333334,16.225,40.8,39.75,27.0,7.425,7.3560476,0.0,28.025,24.8888889,34.46666666666667,36.25,37.016666666666666,37.05,35.4,5.4191110966666685,0.0425926200000006,-0.161999999999999,30.436666666666667,30.38533333333333,24.828395056666665,30.357777777777784,8.060653,7.851481,8.259447,8.398954,8.098696,0,0.0,0,1.0,0.49,9.9,90.1
2023-04-21 15:00:00,181.158864588884,131.174475027778,131.194196505554,24.8888889,30.38533333333333,35.4,2,5.1764362714980825,70.66250196097344,15,4,4,-0.7071067811865471,-0.7071067811865479,-0.433883739117558,-0.9009688679024191,0.8660254037844387,-0.4999999999999998,750.0,731.625,769.25,16.0,41.8,45.0,27.0,7.5,7.3864675,0.0,28.1,24.72222225,35.3,34.46666666666667,36.25,37.016666666666666,37.05,5.49644443333333,0.0333333300000013,0.1106666666666633,30.27466666666667,30.57133333333333,24.85246914,30.36555555555556,8.098696,8.060653,7.851481,8.259447,8.396854,0,0.0,0,1.0,0.49,10.1,89.9
2023-04-21 15:15:00,146.003326416662,95.572565844444,95.587565277776,24.72222225,30.57133333333333,37.05,2,5.1764362714980825,70.66250196097344,15,4,4,-0.7071067811865471,-0.7071067811865479,-0.433883739117558,-0.9009688679024191,0.8660254037844387,-0.4999999999999998,711.0,731.0625,761.9166666666666,15.95,40.8,39.0,27.5,7.675,7.481968,0.0,28.0,24.481481496666667,35.4,35.3,34.46666666666667,36.25,37.5,5.84911108333333,-0.1666666499999998,0.1859999999999999,30.38533333333333,30.66333333333333,24.82222224,30.410444444444447,8.396854,8.098696,8.060653,7.851481,8.384022,0,0.0,0,1.0,0.47,9.6,90.4
2023-04-21 15:30:00,121.146820749994,62.812487383334,62.826375727778,24.481481496666667,30.66333333333333,37.5,1,5.1764362714980825,70.66250196097344,15,4,4,-0.7071067811865471,-0.7071067811865479,-0.433883739117558,-0.9009688679024191,0.8660254037844387,-0.4999999999999998,672.0,717.6875,750.0833333333334,15.9,39.8,33.0,28.0,7.85,7.576166,0.0,27.9,24.20000001,37.05,35.4,35.3,34.46666666666667,37.6,6.181851836666667,-0.2407407533333341,0.0920000000000023,30.57133333333333,30.49333333333333,24.697530882222225,30.540000000000003,8.384022,8.396854,8.098696,8.060653,8.273476,0,0.0,1,1.0,0.41,8.6,91.4
2023-04-21 15:45:00,407.65869324999,60.587576416666,60.604520205554,24.20000001,30.49333333333333,37.6,1,5.1764362714980825,70.66250196097344,15,4,4,-0.7071067811865471,-0.7071067811865479,-0.433883739117558,-0.9009688679024191,0.8660254037844387,-0.4999999999999998,633.0,691.5,733.75,15.85,38.8,27.0,28.5,8.024999999999999,7.6690702,0.0,27.8,23.94999999,37.5,37.05,35.4,35.3,38.25,6.293333323333332,-0.2814814866666673,-0.1700000000000017,30.66333333333333,30.618,24.467901252222223,30.576000000000004,8.273476,8.384022,8.396854,8.098696,8.297974,0,0.0,0,1.0,0.35,7.5,92.5
2023-04-21 16:00:00,120.566288388884,60.10648456111,60.122872838886,23.94999999,30.618,38.25,1,5.1764362714980825,70.66250196097344,16,4,4,-0.8660254037844385,-0.5000000000000004,-0.433883739117558,-0.9009688679024191,0.8660254037844387,-0.4999999999999998,594.0,652.5,712.9166666666666,15.8,37.8,21.0,29.0,8.2,7.7606916,0.0,27.7,23.86666666,37.6,37.5,37.05,35.4,38.0,6.66800001,-0.2500000200000016,0.1246666666666662,30.49333333333333,30.8,24.210493832222223,30.59155555555556,8.297974,8.273476,8.384022,8.396854,8.204806,0,0.0,0,1.0,0.29,6.8,93.2
2023-04-21 16:15:00,111.347490272226,58.725706444444,58.739594805554,23.86666666,30.8,38.0,1,5.1764362714980825,70.66250196097344,16,4,4,-0.8660254037844385,-0.5000000000000004,-0.433883739117558,-0.9009688679024191,0.8660254037844387,-0.4999999999999998,581.75,620.1875,694.0416666666666,16.0,37.8,26.25,29.0,8.149999999999999,7.7821274,0.0,27.75,23.837037006666662,38.25,37.6,37.5,37.05,38.0,6.933333340000001,-0.0833333299999985,0.1820000000000021,30.618,30.718666666666664,24.00555555333333,30.63711111111111,8.204806,8.297974,8.273476,8.384022,8.191003,0,0.0,0,1.0,0.27,6.5,93.5
2023-04-21 16:30:00,44.197954077784,10.30819873889,10.318753883334,23.837037006666662,30.718666666666664,38.0,1,5.1764362714980825,70.66250196097344,16,4,4,-0.8660254037844385,-0.5000000000000004,-0.433883739117558,-0.9009688679024191,0.8660254037844387,-0.4999999999999998,569.5,594.5625,677.125,16.200000000000003,37.8,31.5,29.0,8.1,7.803615,0.0,27.8,23.8333333,38.0,38.25,37.6,37.5,38.3,6.881629659999998,-0.029629653333334,-0.0813333333333368,30.8,30.545333333333332,23.884567885555555,30.712222222222223,8.191003,8.204806,8.297974,8.273476,8.25393,0,0.0,0,1.0,0.26,6.4,93.6
2023-04-21 16:45:00,51.54793808333,0.0,0.0,23.8333333,30.545333333333332,38.3,0,5.1764362714980825,70.66250196097344,16,4,4,-0.8660254037844385,-0.5000000000000004,-0.433883739117558,-0.9009688679024191,0.8660254037844387,-0.4999999999999998,557.25,575.625,662.1666666666666,16.400000000000002,37.8,36.75,29.0,8.05,7.8251524,0.0,27.85,23.8333333,38.0,38.0,38.25,37.6,37.85,6.712000033333336,-0.0037037066666663,-0.1733333333333284,30.718666666666664,30.542666666666666,23.84567898888889,30.688,8.25393,8.191003,8.204806,8.297974,8.156953,1,1.0,1,0.75,0.26,6.4,93.6
2023-04-21 17:00:00,46.838959683334,0.0,0.0,23.8333333,30.542666666666666,37.85,0,5.1764362714980825,70.66250196097344,17,4,4,-0.9659258262890684,-0.2588190451025206,-0.433883739117558,-0.9009688679024191,0.8660254037844387,-0.4999999999999998,545.0,563.375,649.1666666666666,16.6,37.8,42.0,29.0,8.0,7.8467426,0.0,27.9,23.79444445,38.3,38.0,38.0,38.25,37.45,6.709333366666666,0.0,-0.0026666666666699,30.545333333333332,30.65,23.834567868888893,30.602222222222224,8.156953,8.25393,8.191003,8.204806,8.052929,0,2.0,0,0.5,0.26,6.4,93.6
2023-04-21 17:15:00,43.06522165556,0.0,0.0,23.79444445,30.65,37.45,0,5.1764362714980825,70.66250196097344,17,4,4,-0.9659258262890684,-0.2588190451025206,-0.433883739117558,-0.9009688679024191,0.8660254037844387,-0.4999999999999998,491.25,540.75,630.6666666666666,14.875,37.525,42.5,29.75,8.025,7.8522305,0.0,27.45,23.73703706333333,37.85,38.3,38.0,38.0,36.85,6.855555549999998,-0.0388888499999993,0.107333333333333,30.542666666666666,30.314666666666668,23.82037035,30.57933333333333,8.052929,8.156953,8.25393,8.191003,7.8980846,0,3.0,0,0.25,0.25,6.3,93.7
2023-04-21 17:30:00,46.508695011116,0.0,0.0,23.73703706333333,30.314666666666668,36.85,0,5.1764362714980825,70.66250196097344,17,4,4,-0.9659258262890684,-0.2588190451025206,-0.433883739117558,-0.9009688679024191,0.8660254037844387,-0.4999999999999998,437.5,507.75,606.6666666666666,13.15,37.25,43.0,30.5,8.05,7.8520603,0.0,27.0,23.62777778,37.45,37.85,38.3,38.0,36.9,6.577629603333335,-0.057407386666668,-0.335333333333331,30.65,29.837333333333333,23.788271604444446,30.502444444444446,7.8980846,8.052929,8.156953,8.25393,7.8597813,0,4.0,0,0.0,0.23,6.1,93.9
2023-04-21 17:45:00,41.87943583889,0.0,0.0,23.62777778,29.837333333333333,36.9,0,5.1764362714980825,70.66250196097344,17,4,4,-0.9659258262890684,-0.2588190451025206,-0.433883739117558,-0.9009688679024191,0.8660254037844387,-0.4999999999999998,383.75,464.375,577.1666666666666,11.425,36.975,43.5,31.25,8.075,7.8464665,0.0,26.55,23.6111111,36.85,37.45,37.85,38.3,37.28333333333333,6.209555553333335,-0.1092592833333334,-0.477333333333334,30.314666666666668,29.818,23.71975309777778,30.267333333333337,7.8597813,7.8980846,8.052929,8.156953,7.933898,0,4.0,0,0.0,0.2,5.9,94.1
2023-04-21 18:00:00,53.885066777776,0.0,0.0,23.6111111,29.818,37.28333333333333,0,5.1764362714980825,70.66250196097344,18,4,4,-1.0,-1.8369701987210294e-16,-0.433883739117558,-0.9009688679024191,0.8660254037844387,-0.4999999999999998,330.0,410.625,542.1666666666666,9.7,36.7,44.0,32.0,8.1,7.835687,0.0,26.1,23.59444443,36.9,36.85,37.45,37.85,37.4,6.206888899999999,-0.0166666800000001,-0.0193333333333356,29.837333333333333,30.00733333333333,23.658641981111117,29.99,7.933898,7.8597813,7.8980846,8.052929,7.9511757,0,4.0,0,0.0,0.2,5.9,94.1
2023-04-21 18:15:00,75.395039694442,37.7159913,37.729601888888,23.59444443,30.00733333333333,37.4,1,5.1764362714980825,70.66250196097344,18,4,4,-1.0,-1.8369701987210294e-16,-0.433883739117558,-0.9009688679024191,0.8660254037844387,-0.4999999999999998,289.5,360.1875,507.0416666666667,9.325,32.375,48.5,35.5,8.775,8.323384,0.0,25.325000000000003,23.37407404,37.28333333333333,36.9,36.85,37.45,38.333333333333336,6.412888903333336,-0.0166666699999993,0.1893333333333373,29.818,26.970666666666663,23.61111110333333,29.887555555555554,7.9511757,7.933898,7.8597813,7.8980846,8.047891,0,3.0,1,0.25,0.2,5.8,94.2
2023-04-21 18:30:00,88.090642916666,47.680037172222,47.693092216666,23.37407404,26.970666666666663,38.333333333333336,1,5.1764362714980825,70.66250196097344,18,4,4,-1.0,-1.8369701987210294e-16,-0.433883739117558,-0.9009688679024191,0.8660254037844387,-0.4999999999999998,249.0,313.0625,471.7916666666667,8.95,28.05,53.0,39.0,9.45,8.753227,0.0,24.55,23.03888888,37.4,37.28333333333333,36.9,36.85,39.45,3.5965926266666663,-0.2203703899999993,-3.036666666666669,30.00733333333333,24.589333333333336,23.52654319,28.932,8.047891,7.9511757,7.933898,7.8597813,8.125284,0,2.0,0,0.5,0.15,5.5,94.5
2023-04-21 18:45:00,110.060597416666,38.471516627778,38.486516077776,23.03888888,24.589333333333336,39.45,1,5.1764362714980825,70.66250196097344,18,4,4,-1.0,-1.8369701987210294e-16,-0.433883739117558,-0.9009688679024191,0.8660254037844387,-0.4999999999999998,208.5,269.25,436.4166666666667,8.575,23.725,57.5,42.5,10.125,9.128738,0.0,23.775,22.659259246666668,38.333333333333336,37.4,37.28333333333333,36.9,40.61666666666667,1.5504444533333377,-0.3351851600000017,-2.3813333333333304,26.970666666666663,23.044666666666668,23.33580245,27.189111111111117,8.125284,8.047891,7.9511757,7.933898,8.185652,0,1.0,0,0.75,0.08,5.1,94.9
2023-04-21 19:00:00,118.047500227774,0.0,0.0,22.659259246666668,23.044666666666668,40.61666666666667,0,5.1764362714980825,70.66250196097344,19,4,4,-0.9659258262890684,0.2588190451025203,-0.433883739117558,-0.9009688679024191,0.8660254037844387,-0.4999999999999998,168.0,228.75,400.9166666666667,8.2,19.4,62.0,46.0,10.8,9.4532995,0.0,23.0,22.36666665,39.45,38.333333333333336,37.4,37.28333333333333,41.45,0.3854074199999999,-0.3796296333333302,-1.544666666666668,24.589333333333336,22.249333333333333,23.02407405555556,24.868222222222222,8.185652,8.125284,8.047891,7.9511757,8.21442,1,1.0,1,0.75,-0.0,5.0,95.0
2023-04-21 19:15:00,117.0303186,0.0,0.0,22.36666665,22.249333333333333,41.45,0,5.1764362714980825,70.66250196097344,19,4,4,-0.9659258262890684,0.2588190451025203,-0.433883739117558,-0.9009688679024191,0.8660254037844387,-0.4999999999999998,133.25,189.6875,363.5416666666667,10.1,20.225,69.75,48.0,10.275,9.193651,0.0,21.775,22.11666668333333,40.61666666666667,39.45,38.333333333333336,37.4,43.16666666666666,-0.1173333166666665,-0.2925925966666689,-0.7953333333333354,23.044666666666668,21.700666666666667,22.688271592222225,23.294444444444448,8.21442,8.185652,8.125284,8.047891,8.432442,0,2.0,0,0.5,-0.07,5.1,94.9
2023-04-21 19:30:00,93.54653573889,0.0,0.0,22.11666668333333,21.700666666666667,43.16666666666666,0,5.1764362714980825,70.66250196097344,19,4,4,-0.9659258262890684,0.2588190451025203,-0.433883739117558,-0.9009688679024191,0.8660254037844387,-0.4999999999999998,98.5,152.0625,324.2916666666667,12.0,21.05,77.5,50.0,9.75,8.919595,0.0,20.55,21.87777776,41.45,40.61666666666667,39.45,38.333333333333336,44.95,-0.4160000166666684,-0.2499999666666639,-0.5486666666666657,22.249333333333333,21.406,22.380864193333338,22.331555555555557,8.432442,8.21442,8.185652,8.125284,8.660704,0,3.0,0,0.25,-0.12,5.3,94.7
2023-04-21 19:45:00,77.60634012222,0.0,0.0,21.87777776,21.406,44.95,0,5.1764362714980825,70.66250196097344,19,4,4,-0.9659258262890684,0.2588190451025203,-0.433883739117558,-0.9009688679024191,0.8660254037844387,-0.4999999999999998,63.75,115.875,283.1666666666667,13.9,21.875,85.25,52.0,9.225,8.633951,0.0,19.325000000000003,21.720370376666665,43.16666666666666,41.45,40.61666666666667,39.45,46.3,-0.4717777599999984,-0.2388889233333344,-0.2946666666666644,21.700666666666667,21.287333333333333,22.120370364444444,21.785333333333337,8.660704,8.432442,8.21442,8.185652,8.840102,0,4.0,0,0.0,-0.16,5.5,94.5
2023-04-21 20:00:00,89.801963294446,0.0,0.0,21.720370376666665,21.287333333333333,46.3,0,5.1764362714980825,70.66250196097344,20,4,4,-0.8660254037844386,0.5000000000000001,-0.433883739117558,-0.9009688679024191,0.8660254037844387,-0.4999999999999998,29.0,81.125,240.16666666666663,15.8,22.7,93.0,54.0,8.7,8.339306,0.0,18.1,21.56111113,44.95,43.16666666666666,41.45,40.61666666666667,47.0,-0.4330370433333321,-0.1574073833333358,-0.1186666666666695,21.406,19.83,21.90493827333334,21.46466666666667,8.840102,8.660704,8.432442,8.21442,8.89151,0,4.0,0,0.0,-0.19,5.8,94.2
2023-04-21 20:15:00,82.472812172218,0.0,0.0,21.56111113,19.83,47.0,0,5.1764362714980825,70.66250196097344,20,4,4,-0.8660254037844386,0.5000000000000001,-0.433883739117558,-0.9009688679024191,0.8660254037844387,-0.4999999999999998,21.75,53.25,201.04166666666663,14.25,24.225,94.5,55.75,8.549999999999999,8.307224,0.0,17.5,21.43148146333333,46.3,44.95,43.16666666666666,41.45,47.0,-1.7311111299999986,-0.159259246666668,-1.4573333333333345,21.287333333333333,19.73,21.71975308888889,20.841111111111115,8.89151,8.840102,8.660704,8.432442,8.825051,0,4.0,0,0.0,-0.22,6.0,94.0
2023-04-21 20:30:00,371.044324266668,0.0,0.0,21.43148146333333,19.73,47.0,0,5.1764362714980825,70.66250196097344,20,4,4,-0.8660254037844386,0.5000000000000001,-0.433883739117558,-0.9009688679024191,0.8660254037844387,-0.4999999999999998,14.5,32.25,165.79166666666666,12.7,25.75,96.0,57.5,8.399999999999999,8.265707,0.0,16.9,21.34444443,47.0,46.3,44.95,43.16666666666666,46.95,-1.7014814633333335,-0.1296296666666627,-0.0999999999999978,19.83,19.88,21.57098765666667,20.282444444444447,8.825051,8.89151,8.840102,8.660704,8.771327,0,4.0,0,0.0,-0.26,6.4,93.6
2023-04-21 20:45:00,82.372260511112,0.0,0.0,21.34444443,19.88,46.95,0,5.1764362714980825,70.66250196097344,20,4,4,-0.8660254037844386,0.5000000000000001,-0.433883739117558,-0.9009688679024191,0.8660254037844387,-0.4999999999999998,7.25,18.125,134.41666666666666,11.15,27.275,97.5,59.25,8.25,8.21537,0.0,16.3,21.26111111333333,47.0,47.0,46.3,44.95,46.35,-1.4644444300000004,-0.0870370333333347,0.1499999999999985,19.73,20.0,21.44567900777778,19.813333333333333,8.771327,8.825051,8.89151,8.840102,8.617507,0,4.0,0,0.0,-0.28,6.6,93.4
2023-04-21 21:00:00,78.029378733332,0.0,0.0,21.26111111333333,20.0,46.35,0,5.1764362714980825,70.66250196097344,21,4,4,-0.7071067811865477,0.7071067811865474,-0.433883739117558,-0.9009688679024191,0.8660254037844387,-0.4999999999999998,0.0,10.875,106.91666666666669,9.6,28.8,99.0,61.0,8.1,8.156812,0.0,15.7,21.17777779,46.95,47.0,47.0,46.3,45.65,-1.2611111133333353,-0.0833333166666641,0.120000000000001,19.88,19.991333333333333,21.345679002222223,19.87,8.617507,8.771327,8.825051,8.89151,8.446438,0,4.0,0,0.0,-0.3,6.9,93.1
2023-04-21 21:15:00,99.513519333332,0.0,0.0,21.17777779,19.991333333333333,45.65,0,5.1764362714980825,70.66250196097344,21,4,4,-0.7071067811865477,0.7071067811865474,-0.433883739117558,-0.9009688679024191,0.8660254037844387,-0.4999999999999998,0.0,5.4375,82.79166666666667,8.575,26.45,97.5,62.25,8.3,8.261132,0.0,15.575,21.09444445666667,46.35,46.95,47.0,47.0,45.86666666666667,-1.186444456666667,-0.0833333233333348,-0.0086666666666666,20.0,19.634,21.261111111111116,19.957111111111114,8.446438,8.617507,8.771327,8.825051,8.445579,0,4.0,0,0.0,-0.32,7.2,92.8
2023-04-21 21:30:00,73.119575116666,0.0,0.0,21.09444445666667,19.634,45.86666666666667,0,5.1764362714980825,70.66250196097344,21,4,4,-0.7071067811865477,0.7071067811865474,-0.433883739117558,-0.9009688679024191,0.8660254037844387,-0.4999999999999998,0.0,1.8125,62.04166666666666,7.55,24.1,96.0,63.5,8.5,8.363352,0.0,15.45,21.01111112,45.65,46.35,46.95,47.0,46.9,-1.460444456666668,-0.0833333333333321,-0.357333333333333,19.991333333333333,19.256000000000004,21.177777786666667,19.875111111111117,8.445579,8.446438,8.617507,8.771327,8.594155,0,4.0,0,0.0,-0.34,7.4,92.6
2023-04-21 21:45:00,207.83696410555,0.0,0.0,21.01111112,19.256000000000004,46.9,0,5.1764362714980825,70.66250196097344,21,4,4,-0.7071067811865477,0.7071067811865474,-0.433883739117558,-0.9009688679024191,0.8660254037844387,-0.4999999999999998,0.0,0.0,44.66666666666666,6.525,21.75,94.5,64.75,8.7,8.46349,0.0,15.325,20.86666663333333,45.86666666666667,45.65,46.35,46.95,47.65,-1.7551111199999987,-0.0833333366666657,-0.3779999999999965,19.634,19.066666666666663,21.09444445555556,19.62711111111112,8.594155,8.445579,8.446438,8.617507,8.658581,0,4.0,0,0.0,-0.36,7.6,92.4
2023-04-21 22:00:00,1192.938391688888,0.0,0.0,20.86666663333333,19.066666666666663,47.65,0,5.1764362714980825,70.66250196097344,22,4,4,-0.5000000000000004,0.8660254037844384,-0.433883739117558,-0.9009688679024191,0.8660254037844387,-0.4999999999999998,0.0,0.0,30.666666666666668,5.5,19.4,93.0,66.0,8.9,8.561572,0.0,15.2,20.59444446,46.9,45.86666666666667,45.65,46.35,48.2,-1.7999999666666682,-0.1444444866666678,-0.1893333333333373,19.256000000000004,19.054666666666662,20.99074073666667,19.318888888888893,8.658581,8.594155,8.445579,8.446438,8.620794,0,4.0,0,0.0,-0.39,8.1,91.9
2023-04-21 22:15:00,93.032112016662,0.0,0.0,20.59444446,19.054666666666662,48.2,0,5.1764362714980825,70.66250196097344,22,4,4,-0.5000000000000004,0.8660254037844384,-0.433883739117558,-0.9009688679024191,0.8660254037844387,-0.4999999999999998,0.0,0.0,19.5625,6.75,20.575,94.75,65.75,8.75,8.464511,0.0,15.075,20.411111076666664,47.65,46.9,45.86666666666667,45.65,50.6,-1.5397777933333323,-0.2722221733333363,-0.0120000000000004,19.066666666666663,18.610666666666667,20.824074071111117,19.12577777777778,8.620794,8.658581,8.594155,8.445579,8.953786,0,4.0,0,0.0,-0.45,9.2,90.8
2023-04-21 22:30:00,94.467054599996,0.0,0.0,20.411111076666664,18.610666666666667,50.6,0,5.1764362714980825,70.66250196097344,22,4,4,-0.5000000000000004,0.8660254037844384,-0.433883739117558,-0.9009688679024191,0.8660254037844387,-0.4999999999999998,0.0,0.0,11.354166666666666,8.0,21.75,96.5,65.5,8.600000000000001,8.368365,0.0,14.95,20.41666663,48.2,47.65,46.9,45.86666666666667,51.3,-1.8004444099999972,-0.1833333833333341,-0.443999999999999,19.054666666666662,18.386000000000003,20.624074056666668,18.910666666666668,8.953786,8.620794,8.658581,8.594155,9.080597,0,4.0,0,0.0,-0.48,9.8,90.2
2023-04-21 22:45:00,63.830502227778,0.0,0.0,20.41666663,18.386000000000003,51.3,0,5.1764362714980825,70.66250196097344,22,4,4,-0.5000000000000004,0.8660254037844384,-0.433883739117558,-0.9009688679024191,0.8660254037844387,-0.4999999999999998,0.0,0.0,6.041666666666667,9.25,22.925,98.25,65.25,8.450000000000001,8.2731285,0.0,14.825,20.53703703,50.6,48.2,47.65,46.9,51.0,-2.030666629999999,0.0055555533333375,-0.2246666666666641,18.610666666666667,18.540000000000003,20.474074055555555,18.68377777777778,9.080597,8.953786,8.620794,8.658581,9.09111,0,4.0,0,0.0,-0.47,9.7,90.3
2023-04-21 23:00:00,63.582456699996,0.0,0.0,20.53703703,18.540000000000003,51.0,0,5.1764362714980825,70.66250196097344,23,4,4,-0.2588190451025215,0.965925826289068,-0.433883739117558,-0.9009688679024191,0.8660254037844387,-0.4999999999999998,0.0,0.0,3.625,10.5,24.1,100.0,65.0,8.3,8.178794,0.0,14.7,20.65555557,51.3,50.6,48.2,47.65,51.0,-1.9970370299999975,0.1203703999999987,0.1539999999999999,18.386000000000003,18.45,20.45493824555556,18.512222222222224,9.09111,9.080597,8.953786,8.620794,9.154129,0,4.0,0,0.0,-0.45,9.1,90.9
2023-04-21 23:15:00,67.860341094442,0.0,0.0,20.65555557,18.45,51.0,0,5.1764362714980825,70.66250196097344,23,4,4,-0.2588190451025215,0.965925826289068,-0.433883739117558,-0.9009688679024191,0.8660254037844387,-0.4999999999999998,0.0,0.0,1.8125,9.525,22.85,99.25,66.75,8.375,8.258975,0.0,14.425,20.738888886666665,51.0,51.3,50.6,48.2,51.0,-2.2055555700000014,0.1185185400000001,-0.0900000000000034,18.540000000000003,18.36133333333333,20.536419743333337,18.45866666666667,9.154129,9.09111,9.080597,8.953786,9.198664,0,4.0,0,0.0,-0.42,8.6,91.4
2023-04-21 23:30:00,67.628405822224,0.0,0.0,20.738888886666665,18.36133333333333,51.0,0,5.1764362714980825,70.66250196097344,23,4,4,-0.2588190451025215,0.965925826289068,-0.433883739117558,-0.9009688679024191,0.8660254037844387,-0.4999999999999998,0.0,0.0,0.6041666666666666,8.55,21.6,98.5,68.5,8.45,8.3338995,0.0,14.15,20.7777778,51.0,51.0,51.3,50.6,50.95,-2.3775555533333304,0.0833333166666641,-0.0886666666666649,18.45,18.116,20.643827162222223,18.450444444444447,9.198664,9.154129,9.09111,9.080597,9.210473,0,4.0,0,0.0,-0.4,8.3,91.7
2023-04-21 23:45:00,80.700938516666,0.0,0.0,20.7777778,18.116,50.95,0,5.1764362714980825,70.66250196097344,23,4,4,-0.2588190451025215,0.965925826289068,-0.433883739117558,-0.9009688679024191,0.8660254037844387,-0.4999999999999998,0.0,0.0,0.0,7.574999999999999,20.35,97.75,70.25,8.525,8.403704,0.0,13.875,20.7777778,51.0,51.0,51.0,51.3,50.71666666666667,-2.6617777999999994,0.0388889133333343,-0.2453333333333347,18.36133333333333,17.562666666666665,20.724074085555557,18.30911111111111,9.210473,9.198664,9.154129,9.09111,9.168293,0,4.0,0,0.0,-0.39,8.1,91.9
2023-04-22 00:00:00,370.4874021944421,0.0,0.0,20.7777778,17.562666666666665,50.71666666666667,0,5.1764362714980825,70.66250196097344,0,5,4,0.0,1.0,-0.9749279121818236,-0.2225209339563146,0.8660254037844387,-0.4999999999999998,0.0,0.0,0.0,6.6,19.1,97.0,72.0,8.6,8.468519,0.0,13.6,20.76666669,50.95,51.0,51.0,51.0,50.7,-3.215111133333334,0.0,-0.5533333333333346,18.116,17.399333333333335,20.764814828888888,18.013333333333332,9.168293,9.210473,9.198664,9.154129,9.159353,0,4.0,0,0.0,-0.39,8.2,91.8
2023-04-22 00:15:00,42.046095772226,0.0,0.0,20.76666669,17.399333333333335,50.7,0,5.1764362714980825,70.66250196097344,0,5,4,0.0,1.0,-0.9749279121818236,-0.2225209339563146,0.8660254037844387,-0.4999999999999998,0.0,0.0,0.0,6.199999999999999,18.65,95.75,74.25,8.925,8.666133,0.575,13.475,20.63333337,50.71666666666667,50.95,51.0,51.0,50.96666666666667,-3.3673333566666663,-0.011111109999998,-0.1633333333333304,17.562666666666665,17.27,20.774074096666663,17.692666666666668,9.159353,9.168293,9.210473,9.198664,9.136308,0,4.0,0,0.0,-0.39,8.2,91.8
2023-04-22 00:30:00,61.063668455556,0.0,0.0,20.63333337,17.27,50.96666666666667,0,5.1764362714980825,70.66250196097344,0,5,4,0.0,1.0,-0.9749279121818236,-0.2225209339563146,0.8660254037844387,-0.4999999999999998,0.0,0.0,0.0,5.8,18.200000000000003,94.5,76.5,9.25,8.860147,1.15,13.35,20.54444448,50.7,50.71666666666667,50.95,51.0,51.05,-3.3633333699999994,-0.1333333200000019,-0.129333333333335,17.399333333333335,17.404666666666667,20.72592595333333,17.410666666666668,9.136308,9.159353,9.168293,9.210473,9.103957,0,4.0,0,0.0,-0.42,8.7,91.3
2023-04-22 00:45:00,35.213313644444,0.0,0.0,20.54444448,17.404666666666667,51.05,0,5.1764362714980825,70.66250196097344,0,5,4,0.0,1.0,-0.9749279121818236,-0.2225209339563146,0.8660254037844387,-0.4999999999999998,0.0,0.0,0.0,5.4,17.75,93.25,78.75,9.575,9.0506,1.725,13.225,20.4722222,50.96666666666667,50.7,50.71666666666667,50.95,51.65,-3.139777813333332,-0.0888888899999997,0.1346666666666678,17.27,17.174,20.648148180000003,17.358000000000004,9.103957,9.136308,9.159353,9.168293,9.1722355,0,4.0,0,0.0,-0.44,9.1,90.9
2023-04-22 01:00:00,43.937964727774,0.0,0.0,20.4722222,17.174,51.65,0,5.1764362714980825,70.66250196097344,1,5,4,0.2588190451025207,0.9659258262890684,-0.9749279121818236,-0.2225209339563146,0.8660254037844387,-0.4999999999999998,0.0,0.0,0.0,5.0,17.3,92.0,81.0,9.9,9.237527,2.3,13.1,20.44444442,51.05,50.96666666666667,50.7,50.71666666666667,52.3,-3.298222199999998,-0.0722222800000018,-0.2306666666666679,17.404666666666667,16.596666666666668,20.55000001666667,17.28288888888889,9.1722355,9.103957,9.136308,9.159353,9.272625,0,4.0,0,0.0,-0.46,9.4,90.6
2023-04-22 01:15:00,72.08711648332999,0.0,0.0,20.44444442,16.596666666666668,52.3,0,5.1764362714980825,70.66250196097344,1,5,4,0.2588190451025207,0.9659258262890684,-0.9749279121818236,-0.2225209339563146,0.8660254037844387,-0.4999999999999998,0.0,0.0,0.0,5.625,15.575,84.5,83.0,10.1,9.378144,1.725,12.95,20.24814817,51.65,51.05,50.96666666666667,50.7,52.03333333333333,-3.847777753333333,-0.0277777799999974,-0.5773333333333319,17.174,16.302666666666667,20.487037033333333,17.058444444444447,9.272625,9.1722355,9.103957,9.136308,9.120198,0,4.0,0,0.0,-0.46,9.4,90.6
2023-04-22 01:30:00,58.953475166664,0.0,0.0,20.24814817,16.302666666666667,52.03333333333333,0,5.1764362714980825,70.66250196097344,1,5,4,0.2588190451025207,0.9659258262890684,-0.9749279121818236,-0.2225209339563146,0.8660254037844387,-0.4999999999999998,0.0,0.0,0.0,6.25,13.85,77.0,85.0,10.3,9.515272,1.15,12.8,20.08333337,52.3,51.65,51.05,50.96666666666667,52.0,-3.945481503333333,-0.1962962499999996,-0.2940000000000005,16.596666666666668,15.981333333333334,20.388271596666662,16.691111111111113,9.120198,9.272625,9.1722355,9.103957,9.026924,0,4.0,0,0.0,-0.51,10.4,89.6
2023-04-22 01:45:00,69.10834675555199,0.0,0.0,20.08333337,15.981333333333334,52.0,0,5.1764362714980825,70.66250196097344,1,5,4,0.2588190451025207,0.9659258262890684,-0.9749279121818236,-0.2225209339563146,0.8660254037844387,-0.4999999999999998,0.0,0.0,0.0,6.875,12.125,69.5,87.0,10.5,9.648948,0.575,12.65,20.003703706666663,52.03333333333333,52.3,51.65,51.05,52.0,-4.102000036666665,-0.164814800000002,-0.3213333333333334,16.302666666666667,15.652666666666669,20.258641986666667,16.293555555555557,9.026924,9.120198,9.272625,9.1722355,8.984945,0,4.0,0,0.0,-0.55,11.3,88.7
2023-04-22 02:00:00,45.925107388888,0.0,0.0,20.003703706666663,15.652666666666669,52.0,0,5.1764362714980825,70.66250196097344,2,5,4,0.4999999999999999,0.8660254037844387,-0.9749279121818236,-0.2225209339563146,0.8660254037844387,-0.4999999999999998,0.0,0.0,0.0,7.5,10.4,62.0,89.0,10.7,9.779221,0.0,12.5,19.96111108,52.0,52.03333333333333,52.3,51.65,51.65,-4.35103704,-0.0796296633333319,-0.3286666666666669,15.981333333333334,15.462,20.11172841555556,15.978888888888893,8.984945,9.026924,9.120198,9.272625,8.902234,0,4.0,0,0.0,-0.57,11.7,88.3
2023-04-22 02:15:00,43.716029138886,0.0,0.0,19.96111108,15.462,51.65,0,5.1764362714980825,70.66250196097344,2,5,4,0.4999999999999999,0.8660254037844387,-0.9749279121818236,-0.2225209339563146,0.8660254037844387,-0.4999999999999998,0.0,0.0,0.0,8.05,12.3,70.75,90.75,10.825,9.863565,0.025,12.325,19.9444444,52.0,52.0,52.03333333333333,52.3,51.31666666666667,-4.499111080000002,-0.0425926266666643,-0.1906666666666669,15.652666666666669,15.320666666666666,20.01604938555556,15.698666666666668,8.902234,8.984945,9.026924,9.120198,8.83615,0,4.0,0,0.0,-0.58,12.0,88.0
2023-04-22 02:30:00,46.695354261114,0.0,0.0,19.9444444,15.320666666666666,51.31666666666667,0,5.1764362714980825,70.66250196097344,2,5,4,0.4999999999999999,0.8660254037844387,-0.9749279121818236,-0.2225209339563146,0.8660254037844387,-0.4999999999999998,0.0,0.0,0.0,8.6,14.2,79.5,92.5,10.95,9.944782,0.05,12.15,19.89999999,51.65,52.0,52.0,52.03333333333333,50.65,-4.623777733333332,-0.0166666800000037,-0.1413333333333337,15.462,15.300666666666666,19.96975306222222,15.478444444444447,8.83615,8.902234,8.984945,9.026924,8.698678,0,4.0,0,0.0,-0.58,12.1,87.9
2023-04-22 02:45:00,47.401715038886,13.0119795,13.02086806111,19.89999999,15.300666666666666,50.65,1,5.1764362714980825,70.66250196097344,2,5,4,0.4999999999999999,0.8660254037844387,-0.9749279121818236,-0.2225209339563146,0.8660254037844387,-0.4999999999999998,0.0,0.0,0.0,9.15,16.1,88.25,94.25,11.075,10.022927,0.075,11.975,19.89814813,51.31666666666667,51.65,52.0,52.0,50.31666666666667,-4.599333323333335,-0.0444444099999969,-0.0199999999999995,15.320666666666666,15.096666666666666,19.935185156666662,15.361111111111112,8.698678,8.83615,8.902234,8.984945,8.640493,0,3.0,1,0.25,-0.6,12.5,87.5
2023-04-22 03:00:00,114.0021064,63.66939753889,63.683841477776,19.89814813,15.096666666666666,50.31666666666667,1,5.1764362714980825,70.66250196097344,3,5,4,0.7071067811865476,0.7071067811865476,-0.9749279121818236,-0.2225209339563146,0.8660254037844387,-0.4999999999999998,0.0,0.0,0.0,9.7,18.0,97.0,96.0,11.2,10.098047,0.1,11.8,20.11111113,50.65,51.31666666666667,51.65,52.0,49.6,-4.801481463333333,-0.0018518600000021,-0.2040000000000006,15.300666666666666,14.952,19.914197506666667,15.239333333333336,8.640493,8.698678,8.83615,8.902234,8.624303,0,2.0,0,0.5,-0.6,12.6,87.4
2023-04-22 03:15:00,44.25072998333,0.0,0.0,20.11111113,14.952,49.6,0,5.1764362714980825,70.66250196097344,3,5,4,0.7071067811865476,0.7071067811865476,-0.9749279121818236,-0.2225209339563146,0.8660254037844387,-0.4999999999999998,0.0,0.0,0.0,9.975,18.175,97.5,94.75,11.0,9.966562,0.075,11.8,20.07407407,50.31666666666667,50.65,51.31666666666667,51.65,49.03333333333333,-5.159111129999998,0.2129629999999984,-0.1446666666666658,15.096666666666666,14.923333333333334,19.96975308333333,15.116444444444443,8.624303,8.640493,8.698678,8.83615,8.507317,1,2.0,1,0.5,-0.55,11.4,88.6
2023-04-22 03:30:00,37.966814583334,0.0,0.0,20.07407407,14.923333333333334,49.03333333333333,0,5.1764362714980825,70.66250196097344,3,5,4,0.7071067811865476,0.7071067811865476,-0.9749279121818236,-0.2225209339563146,0.8660254037844387,-0.4999999999999998,0.0,0.0,0.0,10.25,18.35,98.0,93.5,10.8,9.835077,0.05,11.8,19.966666640000003,49.6,50.31666666666667,50.65,51.31666666666667,49.35,-5.150740736666664,-0.0370370599999994,-0.0286666666666661,14.952,14.796,20.027777776666667,14.990666666666668,8.507317,8.624303,8.640493,8.698678,8.508581,0,2.0,0,0.5,-0.57,11.7,88.3
2023-04-22 03:45:00,109.452843927778,54.480042894446,54.4911536,19.966666640000003,14.796,49.35,1,5.1764362714980825,70.66250196097344,3,5,4,0.7071067811865476,0.7071067811865476,-0.9749279121818236,-0.2225209339563146,0.8660254037844387,-0.4999999999999998,0.0,0.0,0.0,10.525,18.525,98.5,92.25,10.6,9.703592,0.0249999999999999,11.8,20.03703703,49.03333333333333,49.6,50.31666666666667,50.65,49.5,-5.170666640000004,-0.1074074299999949,-0.1273333333333344,14.923333333333334,14.496666666666666,20.05061728,14.890444444444446,8.508581,8.507317,8.624303,8.640493,8.569684,0,2.0,1,0.5,-0.59,12.3,87.7
2023-04-22 04:00:00,328.031044800004,15.6027092,15.612708816666,20.03703703,14.496666666666666,49.5,1,5.1764362714980825,70.66250196097344,4,5,4,0.8660254037844386,0.5000000000000001,-0.9749279121818236,-0.2225209339563146,0.8660254037844387,-0.4999999999999998,0.0,0.0,0.0,10.8,18.7,99.0,91.0,10.4,9.572107,0.0,11.8,20.06111113,49.35,49.03333333333333,49.6,50.31666666666667,49.5,-5.540370363333334,0.0703703899999972,-0.2993333333333332,14.796,14.35,20.02592591333333,14.738666666666669,8.569684,8.508581,8.507317,8.624303,8.58177,0,2.0,0,0.5,-0.57,11.8,88.2
2023-04-22 04:15:00,37.667382111112,0.0,0.0,20.06111113,14.35,49.5,0,5.1764362714980825,70.66250196097344,4,5,4,0.8660254037844386,0.5000000000000001,-0.9749279121818236,-0.2225209339563146,0.8660254037844387,-0.4999999999999998,0.0,0.0,0.0,10.7,18.875,99.25,91.75,10.3,9.516099,0.125,11.575,19.95185181333333,49.5,49.35,49.03333333333333,49.6,49.68333333333333,-5.711111129999997,0.0240740999999964,-0.1466666666666665,14.496666666666666,14.394666666666666,20.021604933333336,14.547555555555556,8.58177,8.569684,8.508581,8.507317,8.558624,1,2.0,1,0.5,-0.57,11.7,88.3
2023-04-22 04:30:00,129.904248055556,78.293534783334,78.30908976111,19.95185181333333,14.394666666666666,49.68333333333333,2,5.1764362714980825,70.66250196097344,4,5,4,0.8660254037844386,0.5000000000000001,-0.9749279121818236,-0.2225209339563146,0.8660254037844387,-0.4999999999999998,0.0,0.0,0.0,10.6,19.05,99.5,92.5,10.2,9.459545,0.25,11.35,20.10000001,49.5,49.5,49.35,49.03333333333333,49.65,-5.557185146666669,-0.1092593166666624,0.0446666666666661,14.35,14.138,20.01666665777778,14.41377777777778,8.558624,8.58177,8.569684,8.508581,8.627388,0,1.0,1,0.75,-0.59,12.3,87.7
2023-04-22 04:45:00,43.80019233889,0.0,0.0,20.10000001,14.138,49.65,0,5.1764362714980825,70.66250196097344,4,5,4,0.8660254037844386,0.5000000000000001,-0.9749279121818236,-0.2225209339563146,0.8660254037844387,-0.4999999999999998,0.0,0.0,0.0,10.5,19.225,99.75,93.25,10.1,9.402468,0.375,11.125,20.105555576666667,49.68333333333333,49.5,49.5,49.35,49.5,-5.962000009999999,0.1481481966666642,-0.2566666666666659,14.394666666666666,14.200666666666669,20.037654317777776,14.294222222222222,8.627388,8.558624,8.58177,8.569684,8.60412,1,2.0,1,0.5,-0.56,11.5,88.5
2023-04-22 05:00:00,37.64432741667,0.0,0.0,20.105555576666667,14.200666666666669,49.5,0,5.1764362714980825,70.66250196097344,5,5,4,0.9659258262890684,0.2588190451025207,-0.9749279121818236,-0.2225209339563146,0.8660254037844387,-0.4999999999999998,0.0,0.0,0.0,10.4,19.4,100.0,94.0,10.0,9.34489,0.5,10.9,19.92777778,49.65,49.68333333333333,49.5,49.5,49.85,-5.90488891,0.0055555666666684,0.0626666666666668,14.138,14.492666666666668,20.052469133333336,14.244444444444444,8.60412,8.627388,8.558624,8.58177,8.5752325,0,3.0,0,0.25,-0.56,11.5,88.5
2023-04-22 05:15:00,101.033458649994,54.798085772222,54.809752055552,19.92777778,14.492666666666668,49.85,1,5.1764362714980825,70.66250196097344,5,5,4,0.9659258262890684,0.2588190451025207,-0.9749279121818236,-0.2225209339563146,0.8660254037844387,-0.4999999999999998,0.0,0.0,0.0,10.35,20.125,100.0,95.0,9.95,9.326028,0.4,10.7,20.04259256,49.5,49.65,49.68333333333333,49.5,49.81666666666667,-5.435111113333333,-0.1777777966666676,0.2919999999999998,14.200666666666669,14.590666666666667,20.04444445555556,14.277111111111113,8.5752325,8.60412,8.627388,8.558624,8.627313,0,2.0,1,0.5,-0.6,12.4,87.6
2023-04-22 05:30:00,82.027552249994,37.16379113889,37.173790788888,20.04259256,14.590666666666667,49.81666666666667,1,5.1764362714980825,70.66250196097344,5,5,4,0.9659258262890684,0.2588190451025207,-0.9749279121818236,-0.2225209339563146,0.8660254037844387,-0.4999999999999998,0.0,0.0,0.0,10.3,20.85,100.0,96.0,9.9,9.3059845,0.3,10.5,20.13333332,49.85,49.5,49.65,49.68333333333333,49.5,-5.451925893333332,0.1148147799999996,0.0980000000000007,14.492666666666668,14.398,20.02530863888889,14.428000000000004,8.627313,8.5752325,8.60412,8.627388,8.6181135,0,2.0,0,0.5,-0.57,11.8,88.2
2023-04-22 05:45:00,42.708013977772,0.0,0.0,20.13333332,14.398,49.5,0,5.1764362714980825,70.66250196097344,5,5,4,0.9659258262890684,0.2588190451025207,-0.9749279121818236,-0.2225209339563146,0.8660254037844387,-0.4999999999999998,0.0,0.0,0.0,10.25,21.575,100.0,97.0,9.85,9.284785,0.1999999999999999,10.3,19.96666667,49.81666666666667,49.85,49.5,49.65,49.68333333333333,-5.735333320000002,0.0907407600000027,-0.1926666666666676,14.590666666666667,14.237333333333334,20.034567886666668,14.49377777777778,8.6181135,8.627313,8.5752325,8.60412,8.566053,1,2.0,1,0.5,-0.55,11.3,88.7
2023-04-22 06:00:00,110.345308244444,66.556226544444,66.568170566664,19.96666667,14.237333333333334,49.68333333333333,1,5.1764362714980825,70.66250196097344,6,5,4,1.0,6.123233995736766e-17,-0.9749279121818236,-0.2225209339563146,0.8660254037844387,-0.4999999999999998,0.0,0.0,0.0,10.2,22.3,100.0,98.0,9.8,9.262459,0.1,10.1,20.04444444,49.5,49.81666666666667,49.85,49.5,49.6,-5.729333336666665,-0.1666666500000033,-0.1606666666666658,14.398,13.714666666666666,20.04753085,14.408666666666669,8.566053,8.6181135,8.627313,8.5752325,8.590722,0,1.0,1,0.75,-0.59,12.2,87.8
2023-04-22 06:15:00,64.320482777772,20.338075344444,20.34668618333,20.04444444,13.714666666666666,49.6,1,5.1764362714980825,70.66250196097344,6,5,4,1.0,6.123233995736766e-17,-0.9749279121818236,-0.2225209339563146,0.8660254037844387,-0.4999999999999998,5.0,1.25,0.4166666666666667,10.025,21.675,100.0,97.75,9.8,9.253478,0.075,10.125,20.049999976666665,49.68333333333333,49.5,49.81666666666667,49.85,49.21666666666667,-6.329777773333333,0.0777777700000008,-0.5226666666666677,14.237333333333334,13.144,20.048148143333336,14.116666666666667,8.590722,8.566053,8.6181135,8.627313,8.527102,0,1.0,0,0.75,-0.57,11.8,88.2
2023-04-22 06:30:00,63.243581372218,20.886664516666,20.897775238886,20.049999976666665,13.144,49.21666666666667,1,5.1764362714980825,70.66250196097344,6,5,4,1.0,6.123233995736766e-17,-0.9749279121818236,-0.2225209339563146,0.8660254037844387,-0.4999999999999998,10.0,3.75,1.25,9.85,21.05,100.0,97.5,9.8,9.244442,0.05,10.15,19.96666663,49.6,49.68333333333333,49.5,49.81666666666667,49.45,-6.905999976666665,0.0055555366666659,-0.570666666666666,13.714666666666666,12.562666666666669,20.02037036222222,13.698666666666668,8.527102,8.590722,8.566053,8.6181135,8.525824,0,1.0,0,0.75,-0.57,11.8,88.2
2023-04-22 06:45:00,99.987667066664,61.08089,61.096444994442,19.96666663,12.562666666666669,49.45,1,5.1764362714980825,70.66250196097344,6,5,4,1.0,6.123233995736766e-17,-0.9749279121818236,-0.2225209339563146,0.8660254037844387,-0.4999999999999998,15.0,7.5,2.5,9.675,20.425,100.0,97.25,9.8,9.235352,0.0249999999999999,10.175,20.111111143333336,49.21666666666667,49.6,49.68333333333333,49.5,49.21666666666667,-7.403999963333332,-0.0833333466666665,-0.5813333333333333,13.144,12.465333333333332,20.02037034888889,13.140444444444446,8.525824,8.527102,8.590722,8.566053,8.557651,0,0.0,0,1.0,-0.59,12.3,87.7
2023-04-22 07:00:00,41.582781105554,0.0,0.0,20.111111143333336,12.465333333333332,49.21666666666667,0,5.1764362714980825,70.66250196097344,7,5,4,0.9659258262890684,-0.2588190451025206,-0.9749279121818236,-0.2225209339563146,0.8660254037844387,-0.4999999999999998,20.0,12.5,4.166666666666667,9.5,19.8,100.0,97.0,9.8,9.226203,0.0,10.2,19.95000002,49.45,49.21666666666667,49.6,49.68333333333333,49.55,-7.645777810000004,0.1444445133333367,-0.097333333333335,12.562666666666669,12.38,20.04259258333333,12.724000000000002,8.557651,8.525824,8.527102,8.590722,8.534729,1,1.0,1,0.75,-0.56,11.5,88.5
2023-04-22 07:15:00,114.987622511112,64.949068583334,64.964068,19.95000002,12.38,49.55,1,5.1764362714980825,70.66250196097344,7,5,4,0.9659258262890684,-0.2588190451025206,-0.9749279121818236,-0.2225209339563146,0.8660254037844387,-0.4999999999999998,46.75,22.9375,8.0625,11.2,21.325,100.0,93.0,9.95,9.333151,0.0,11.05,19.99259259333333,49.21666666666667,49.45,49.21666666666667,49.6,49.78333333333333,-7.570000020000002,-0.1611111233333346,-0.0853333333333328,12.465333333333332,12.512,20.009259264444445,12.469333333333331,8.534729,8.557651,8.525824,8.527102,8.596338,0,1.0,1,0.75,-0.59,12.3,87.7
2023-04-22 07:30:00,39.32259386666,0.0,0.0,19.99259259333333,12.512,49.78333333333333,0,5.1764362714980825,70.66250196097344,7,5,4,0.9659258262890684,-0.2588190451025206,-0.9749279121818236,-0.2225209339563146,0.8660254037844387,-0.4999999999999998,73.5,38.8125,14.1875,12.9,22.85,100.0,89.0,10.1,9.420405,0.0,11.9,19.8722222,49.55,49.21666666666667,49.45,49.21666666666667,49.9,-7.480592593333331,0.0425925733333301,0.1320000000000014,12.38,13.010666666666667,20.01790125222222,12.452444444444446,8.596338,8.534729,8.557651,8.525824,8.555931,1,2.0,1,0.5,-0.58,12.1,87.9
2023-04-22 07:45:00,67.445913322216,34.35168146111,34.363903238886,19.8722222,13.010666666666667,49.9,1,5.1764362714980825,70.66250196097344,7,5,4,0.9659258262890684,-0.2588190451025206,-0.9749279121818236,-0.2225209339563146,0.8660254037844387,-0.4999999999999998,100.25,60.125,22.541666666666668,14.6,24.375,100.0,85.0,10.25,9.485811,0.0,12.75,19.81111108,49.78333333333333,49.55,49.21666666666667,49.45,50.28333333333333,-6.861555533333332,-0.1203703933333315,0.4986666666666668,12.512,15.051333333333334,19.938271604444445,12.634222222222222,8.555931,8.596338,8.534729,8.557651,8.590823,0,2.0,1,0.5,-0.61,12.8,87.2
2023-04-22 08:00:00,160.71218250555,52.681503772222,52.69483662222,19.81111108,15.051333333333334,50.28333333333333,1,5.1764362714980825,70.66250196097344,8,5,4,0.8660254037844387,-0.4999999999999998,-0.9749279121818236,-0.2225209339563146,0.8660254037844387,-0.4999999999999998,127.0,86.875,33.125,16.3,25.9,100.0,81.0,10.4,9.527084,0.0,13.6,19.92777774,49.9,49.78333333333333,49.55,49.21666666666667,51.05,-4.759777746666666,-0.0611111199999996,2.040666666666666,13.010666666666667,16.091333333333335,19.891975291111116,13.524666666666668,8.590823,8.555931,8.596338,8.534729,8.781658,0,1.0,0,0.75,-0.62,13.1,86.9
2023-04-22 08:15:00,415.32977506111,0.0,0.0,19.92777774,16.091333333333335,51.05,0,5.1764362714980825,70.66250196097344,8,5,4,0.8660254037844387,-0.4999999999999998,-0.9749279121818236,-0.2225209339563146,0.8660254037844387,-0.4999999999999998,162.75,115.875,46.6875,16.275,29.325,100.0,77.75,10.35,9.502881,0.0,14.225,19.707407433333334,50.28333333333333,49.9,49.78333333333333,49.55,51.68333333333333,-3.836444406666665,0.1166666599999999,1.040000000000001,15.051333333333334,16.62933333333333,19.87037034,14.717777777777778,8.781658,8.590823,8.555931,8.596338,8.776452,1,2.0,1,0.5,-0.59,12.3,87.7
2023-04-22 08:30:00,45.623452772222,0.0,0.0,19.707407433333334,16.62933333333333,51.68333333333333,0,5.1764362714980825,70.66250196097344,8,5,4,0.8660254037844387,-0.4999999999999998,-0.9749279121818236,-0.2225209339563146,0.8660254037844387,-0.4999999999999998,198.5,147.125,63.22916666666666,16.25,32.75,100.0,74.5,10.3,9.460364,0.0,14.85,19.51666668,51.05,50.28333333333333,49.9,49.78333333333333,52.4,-3.078074100000002,-0.2203703066666662,0.5379999999999967,16.091333333333335,17.09733333333333,19.81543208444444,15.924,8.776452,8.781658,8.590823,8.555931,8.799016,0,2.0,0,0.5,-0.64,13.5,86.5
2023-04-22 08:45:00,51.433776033328,0.0,0.0,19.51666668,17.09733333333333,52.4,0,5.1764362714980825,70.66250196097344,8,5,4,0.8660254037844387,-0.4999999999999998,-0.9749279121818236,-0.2225209339563146,0.8660254037844387,-0.4999999999999998,234.25,180.625,82.75,16.225,36.175,100.0,71.25,10.25,9.398327,0.0,15.475,19.438888876666667,51.68333333333333,51.05,50.28333333333333,49.9,52.78333333333333,-2.4193333466666687,-0.1907407533333334,0.4679999999999999,16.62933333333333,17.41,19.717283951111117,16.606,8.799016,8.776452,8.781658,8.590823,8.822943,0,3.0,0,0.25,-0.68,14.7,85.3
2023-04-22 09:00:00,43.441040072222,0.0,0.0,19.438888876666667,17.41,52.78333333333333,0,5.1764362714980825,70.66250196097344,9,5,4,0.7071067811865476,-0.7071067811865475,-0.9749279121818236,-0.2225209339563146,0.8660254037844387,-0.4999999999999998,270.0,216.375,105.25,16.2,39.6,100.0,68.0,10.2,9.31551,0.0,16.1,19.3,52.4,51.68333333333333,51.05,50.28333333333333,53.2,-2.0288888766666666,-0.0777778033333334,0.3126666666666686,17.09733333333333,17.766000000000002,19.55432099666667,17.045555555555556,8.822943,8.799016,8.776452,8.781658,8.820206,0,4.0,0,0.0,-0.7,15.2,84.8
2023-04-22 09:15:00,48.615555250002,0.0,0.0,19.3,17.766000000000002,53.2,0,5.1764362714980825,70.66250196097344,9,5,4,0.7071067811865476,-0.7071067811865475,-0.9749279121818236,-0.2225209339563146,0.8660254037844387,-0.4999999999999998,304.0,251.6875,130.16666666666666,16.9,40.05,100.0,65.75,10.175,9.310787,0.0,16.650000000000002,19.3296296,52.78333333333333,52.4,51.68333333333333,51.05,53.5,-1.533999999999999,-0.138888876666666,0.3560000000000016,17.41,18.22533333333333,19.41851851888889,17.424444444444443,8.820206,8.822943,8.799016,8.776452,8.885431,0,4.0,0,0.0,-0.73,16.1,83.9
2023-04-22 09:30:00,43.165773283334,0.0,0.0,19.3296296,18.22533333333333,53.5,0,5.1764362714980825,70.66250196097344,9,5,4,0.7071067811865476,-0.7071067811865475,-0.9749279121818236,-0.2225209339563146,0.8660254037844387,-0.4999999999999998,338.0,286.5625,157.5,17.6,40.5,100.0,63.5,10.15,9.293826,0.0,17.200000000000003,19.37777777,53.2,52.78333333333333,52.4,51.68333333333333,53.55,-1.1042962666666654,0.0296295999999962,0.4593333333333298,17.766000000000002,18.508,19.35617282555556,17.800444444444445,8.885431,8.820206,8.822943,8.799016,8.918972,0,4.0,0,0.0,-0.72,15.8,84.2
2023-04-22 09:45:00,43.672419633336,0.0,0.0,19.37777777,18.508,53.55,0,5.1764362714980825,70.66250196097344,9,5,4,0.7071067811865476,-0.7071067811865475,-0.9749279121818236,-0.2225209339563146,0.8660254037844387,-0.4999999999999998,372.0,321.0,187.25,18.3,40.95,100.0,61.25,10.125,9.263922,0.0,17.75,19.481481473333336,53.5,53.2,52.78333333333333,52.4,53.96666666666667,-0.8697777700000024,0.0481481700000046,0.2826666666666675,18.22533333333333,19.055333333333333,19.335802456666663,18.166444444444448,8.918972,8.885431,8.820206,8.822943,9.0433655,0,4.0,0,0.0,-0.71,15.5,84.5
2023-04-22 10:00:00,49.906336966668,0.0,0.0,19.481481473333336,19.055333333333333,53.96666666666667,0,5.1764362714980825,70.66250196097344,10,5,4,0.4999999999999999,-0.8660254037844387,-0.9749279121818236,-0.2225209339563146,0.8660254037844387,-0.4999999999999998,406.0,355.0,219.41666666666663,19.0,41.4,100.0,59.0,10.1,9.220341,0.0,18.3,19.73333336,53.55,53.5,53.2,52.78333333333333,53.3,-0.4261481400000022,0.1037037033333341,0.5473333333333343,18.508,19.83333333333333,19.39629628111111,18.59622222222222,9.0433655,8.918972,8.885431,8.820206,9.06476,0,4.0,0,0.0,-0.68,14.7,85.3
2023-04-22 10:15:00,36.714086744452,0.0,0.0,19.73333336,19.83333333333333,53.3,0,5.1764362714980825,70.66250196097344,10,5,4,0.4999999999999999,-0.8660254037844387,-0.9749279121818236,-0.2225209339563146,0.8660254037844387,-0.4999999999999998,426.25,385.5625,251.04166666666663,19.175,42.025,100.0,57.5,10.1,9.201441,0.0,18.7,20.04629631,53.96666666666667,53.55,53.5,53.2,53.0,0.0999999733333325,0.2518518866666639,0.7779999999999987,19.055333333333333,19.884,19.530864201111115,19.13222222222222,9.06476,9.0433655,8.918972,8.885431,9.180597,0,4.0,0,0.0,-0.62,13.1,86.9
2023-04-22 10:30:00,47.587263033336,0.0,0.0,20.04629631,19.884,53.0,0,5.1764362714980825,70.66250196097344,10,5,4,0.4999999999999999,-0.8660254037844387,-0.9749279121818236,-0.2225209339563146,0.8660254037844387,-0.4999999999999998,446.5,412.6875,282.125,19.35,42.65,100.0,56.0,10.1,9.175648,0.0,19.1,20.20555555,53.3,53.96666666666667,53.55,53.5,52.25,-0.1622963099999985,0.3129629499999993,0.0506666666666681,19.83333333333333,20.46333333333333,19.753703714444445,19.590888888888887,9.180597,9.06476,9.0433655,8.918972,9.135399,0,4.0,0,0.0,-0.55,11.3,88.7
2023-04-22 10:45:00,49.965779022224,0.0,0.0,20.20555555,20.46333333333333,52.25,0,5.1764362714980825,70.66250196097344,10,5,4,0.4999999999999999,-0.8660254037844387,-0.9749279121818236,-0.2225209339563146,0.8660254037844387,-0.4999999999999998,466.75,436.375,312.6666666666667,19.525,43.275,100.0,54.5,10.1,9.142687,0.0,19.5,20.242592586666667,53.0,53.3,53.96666666666667,53.55,51.71666666666667,0.2577777833333314,0.1592592400000008,0.5793333333333308,19.884,20.126666666666665,19.99506174,20.060222222222222,9.135399,9.180597,9.06476,9.0433655,9.0617485,0,4.0,0,0.0,-0.52,10.6,89.4
2023-04-22 11:00:00,36.66825537778,0.0,0.0,20.242592586666667,20.126666666666665,51.71666666666667,0,5.1764362714980825,70.66250196097344,11,5,4,0.258819045102521,-0.9659258262890682,-0.9749279121818236,-0.2225209339563146,0.8660254037844387,-0.4999999999999998,487.0,456.625,342.6666666666667,19.7,43.9,100.0,53.0,10.1,9.102268,0.0,19.9,20.27222224,52.25,53.0,53.3,53.96666666666667,51.6,-0.1159259200000022,0.0370370366666676,-0.336666666666666,20.46333333333333,20.104666666666667,20.164814815555555,20.158,9.0617485,9.135399,9.180597,9.06476,9.056975,0,4.0,0,0.0,-0.51,10.5,89.5
2023-04-22 11:15:00,57.866851866668,0.0,0.0,20.27222224,20.104666666666667,51.6,0,5.1764362714980825,70.66250196097344,11,5,4,0.258819045102521,-0.9659258262890682,-0.9749279121818236,-0.2225209339563146,0.8660254037844387,-0.4999999999999998,512.5,478.1875,371.8125,20.325,45.425,100.0,52.0,10.05,9.07546,0.0,20.175,20.18518517,51.71666666666667,52.25,53.0,53.3,51.03333333333333,-0.1675555733333347,0.029629653333334,-0.0219999999999984,20.126666666666665,20.000666666666667,20.24012345888889,20.23155555555556,9.056975,9.0617485,9.135399,9.180597,8.912057,0,4.0,0,0.0,-0.51,10.3,89.7
2023-04-22 11:30:00,325.586698294442,0.0,0.0,20.18518517,20.000666666666667,51.03333333333333,0,5.1764362714980825,70.66250196097344,11,5,4,0.258819045102521,-0.9659258262890682,-0.9749279121818236,-0.2225209339563146,0.8660254037844387,-0.4999999999999998,538.0,501.0625,400.1041666666667,20.95,46.95,100.0,51.0,10.0,9.04507,0.0,20.45,20.02777777,51.6,51.71666666666667,52.25,53.0,51.0,-0.1845185033333329,-0.0870370700000009,-0.1039999999999992,20.104666666666667,19.77733333333333,20.233333332222227,20.07733333333333,8.912057,9.056975,9.0617485,9.135399,8.824588,0,4.0,0,0.0,-0.53,10.9,89.1
2023-04-22 11:45:00,38.330688727786,0.0,0.0,20.02777777,19.77733333333333,51.0,0,5.1764362714980825,70.66250196097344,11,5,4,0.258819045102521,-0.9659258262890682,-0.9749279121818236,-0.2225209339563146,0.8660254037844387,-0.4999999999999998,563.5,525.25,427.5416666666667,21.575,48.475,100.0,50.0,9.95,9.011007,0.0,20.725,20.00925923,51.03333333333333,51.6,51.71666666666667,52.25,51.0,-0.2504444366666654,-0.1574074000000003,-0.2233333333333327,20.000666666666667,20.288666666666664,20.16172839333333,19.96088888888889,8.824588,8.912057,9.056975,9.0617485,8.815026,0,4.0,0,0.0,-0.57,11.7,88.3
2023-04-22 12:00:00,49.167755244452,0.0,0.0,20.00925923,20.288666666666664,51.0,0,5.1764362714980825,70.66250196097344,12,5,4,1.2246467991473532e-16,-1.0,-0.9749279121818236,-0.2225209339563146,0.8660254037844387,-0.4999999999999998,589.0,550.75,454.125,22.2,50.0,100.0,49.0,9.9,8.973174,0.0,21.0,20.19999998,51.0,51.03333333333333,51.6,51.71666666666667,49.3,0.2794074366666663,-0.0185185400000023,0.5113333333333294,19.77733333333333,20.563333333333333,20.074074056666664,20.022222222222226,8.815026,8.824588,8.912057,9.056975,8.616821,0,4.0,0,0.0,-0.57,11.8,88.2
2023-04-22 12:15:00,51.174064022224,0.0,0.0,20.19999998,20.563333333333333,49.3,0,5.1764362714980825,70.66250196097344,12,5,4,1.2246467991473532e-16,-1.0,-0.9749279121818236,-0.2225209339563146,0.8660254037844387,-0.4999999999999998,606.0,574.125,479.2916666666667,22.775,51.0,99.25,47.75,9.65,8.833568,0.0,21.175,20.36666663,51.0,51.0,51.03333333333333,51.6,46.38333333333333,0.3633333533333349,0.1907407499999998,0.2746666666666684,20.288666666666664,20.804,20.079012326666668,20.209777777777777,8.616821,8.815026,8.824588,8.912057,8.186368,0,4.0,0,0.0,-0.54,11.0,89.0
2023-04-22 12:30:00,37.955148283338,0.0,0.0,20.36666663,20.804,46.38333333333333,0,5.1764362714980825,70.66250196097344,12,5,4,1.2246467991473532e-16,-1.0,-0.9749279121818236,-0.2225209339563146,0.8660254037844387,-0.4999999999999998,623.0,595.375,503.0416666666667,23.35,52.0,98.5,46.5,9.4,8.690056,0.0,21.35,20.744444410000003,49.3,51.0,51.0,51.03333333333333,45.85,0.4373333699999975,0.1666666500000033,0.2406666666666659,20.563333333333333,21.08533333333333,20.19197528,20.552000000000003,8.186368,8.616821,8.815026,8.824588,8.272453,0,4.0,0,0.0,-0.51,10.5,89.5
2023-04-22 12:45:00,51.402388222224005,0.0,0.0,20.744444410000003,21.08533333333333,45.85,0,5.1764362714980825,70.66250196097344,12,5,4,1.2246467991473532e-16,-1.0,-0.9749279121818236,-0.2225209339563146,0.8660254037844387,-0.4999999999999998,640.0,614.5,525.375,23.925,53.0,97.75,45.25,9.15,8.542579,0.0,21.525,21.17407405333333,46.38333333333333,49.3,51.0,51.0,43.38333333333333,0.3408889233333276,0.3777777800000024,0.2813333333333325,20.804,21.422,20.437037006666667,20.817555555555558,8.272453,8.186368,8.616821,8.815026,8.025321,0,4.0,0,0.0,-0.43,8.8,91.2
2023-04-22 13:00:00,49.483020666664,0.0,0.0,21.17407405333333,21.422,43.38333333333333,0,5.1764362714980825,70.66250196097344,13,5,4,-0.2588190451025208,-0.9659258262890684,-0.9749279121818236,-0.2225209339563146,0.8660254037844387,-0.4999999999999998,657.0,631.5,546.2916666666666,24.5,54.0,97.0,44.0,8.9,8.391079,0.0,21.7,21.33888886,45.85,46.38333333333333,49.3,51.0,42.5,0.2479259466666654,0.4296296433333317,0.3366666666666695,21.08533333333333,21.392,20.761728364444448,21.103777777777776,8.025321,8.272453,8.186368,8.616821,7.937411,0,4.0,0,0.0,-0.34,7.4,92.6
2023-04-22 13:15:00,37.141014233336,0.0,0.0,21.33888886,21.392,42.5,0,5.1764362714980825,70.66250196097344,13,5,4,-0.2588190451025208,-0.9659258262890684,-0.9749279121818236,-0.2225209339563146,0.8660254037844387,-0.4999999999999998,693.5,653.375,568.5625,25.2,56.075,97.75,43.0,8.775,8.319579,0.0,21.95,21.40555554333333,43.38333333333333,45.85,46.38333333333333,49.3,42.28333333333333,0.0531111399999986,0.1648148066666657,-0.0300000000000011,21.422,21.396,21.085802441111117,21.299777777777777,7.937411,8.025321,8.272453,8.186368,7.927505,0,4.0,0,0.0,-0.31,6.9,93.1
2023-04-22 13:30:00,56.425798361114,0.0,0.0,21.40555554333333,21.396,42.28333333333333,0,5.1764362714980825,70.66250196097344,13,5,4,-0.2588190451025208,-0.9659258262890684,-0.9749279121818236,-0.2225209339563146,0.8660254037844387,-0.4999999999999998,730.0,680.125,592.1875,25.9,58.15,98.5,42.0,8.65,8.244,0.0,22.2,21.35555552,42.5,43.38333333333333,45.85,46.38333333333333,42.35,-0.0095555433333309,0.0666666833333309,0.0040000000000013,21.392,21.236666666666668,21.306172818888893,21.403333333333336,7.927505,7.937411,8.025321,8.272453,7.9170384,0,4.0,0,0.0,-0.29,6.8,93.2
2023-04-22 13:45:00,101.580103283334,0.0,0.0,21.35555552,21.236666666666668,42.35,0,5.1764362714980825,70.66250196097344,13,5,4,-0.2588190451025208,-0.9659258262890684,-0.9749279121818236,-0.2225209339563146,0.8660254037844387,-0.4999999999999998,766.5,711.75,617.1666666666666,26.6,60.225,99.25,41.0,8.525,8.164247,0.0,22.45,21.209259256666662,42.28333333333333,42.5,43.38333333333333,45.85,42.5,-0.1188888533333312,-0.0500000233333324,-0.1593333333333326,21.396,21.44066666666667,21.36666664111111,21.34155555555556,7.9170384,7.927505,7.937411,8.025321,7.8779807,0,4.0,0,0.0,-0.3,6.9,93.1
2023-04-22 14:00:00,54.000339866668,0.0,0.0,21.209259256666662,21.44066666666667,42.5,0,5.1764362714980825,70.66250196097344,14,5,4,-0.4999999999999997,-0.8660254037844388,-0.9749279121818236,-0.2225209339563146,0.8660254037844387,-0.4999999999999998,803.0,748.25,643.5,27.3,62.3,100.0,40.0,8.4,8.08023,0.0,22.7,21.08888893,42.35,42.28333333333333,42.5,43.38333333333333,42.85,0.2314074100000027,-0.1462962633333333,0.2040000000000006,21.236666666666668,21.45133333333333,21.323456773333334,21.35777777777778,7.8779807,7.9170384,7.927505,7.937411,7.887564,0,4.0,0,0.0,-0.34,7.4,92.6
2023-04-22 14:15:00,127.696558649998,0.0,0.0,21.08888893,21.45133333333333,42.85,0,5.1764362714980825,70.66250196097344,14,5,4,-0.4999999999999997,-0.8660254037844388,-0.9749279121818236,-0.2225209339563146,0.8660254037844387,-0.4999999999999998,762.75,765.5625,664.3541666666666,26.925,61.85,100.0,38.75,8.05,7.8839993,0.0,22.825,21.03518521333333,42.5,42.35,42.28333333333333,42.5,43.18333333333333,0.3624444033333311,-0.1203703266666664,0.0106666666666619,21.44066666666667,21.43933333333333,21.217901235555555,21.376222222222225,7.887564,7.8779807,7.9170384,7.927505,7.9241714,0,4.0,0,0.0,-0.36,7.7,92.3
2023-04-22 14:30:00,110.641129877772,0.0,0.0,21.03518521333333,21.43933333333333,43.18333333333333,0,5.1764362714980825,70.66250196097344,14,5,4,-0.4999999999999997,-0.8660254037844388,-0.9749279121818236,-0.2225209339563146,0.8660254037844387,-0.4999999999999998,722.5,763.6875,679.7291666666666,26.55,61.4,100.0,37.5,7.7,7.6844783,0.0,22.95,21.02222222,42.85,42.5,42.35,42.28333333333333,44.25,0.4041481200000021,-0.0537037166666678,-0.0119999999999969,21.45133333333333,21.94066666666667,21.11111113333333,21.44377777777778,7.9241714,7.887564,7.8779807,7.9170384,8.113794,0,4.0,0,0.0,-0.37,7.9,92.1
2023-04-22 14:45:00,71.38408902222,12.260342883334,12.269509216666,21.02222222,21.94066666666667,44.25,1,5.1764362714980825,70.66250196097344,14,5,4,-0.4999999999999997,-0.8660254037844388,-0.9749279121818236,-0.2225209339563146,0.8660254037844387,-0.4999999999999998,682.25,742.625,689.625,26.175,60.95,100.0,36.25,7.35,7.481629,0.0,23.075,21.28888886,43.18333333333333,42.85,42.5,42.35,44.96666666666667,0.918444446666669,-0.0129629933333319,0.501333333333335,21.43933333333333,22.968,21.04876545444445,21.610444444444443,8.113794,7.9241714,7.887564,7.8779807,8.373791,0,3.0,1,0.25,-0.37,7.9,92.1
2023-04-22 15:00:00,126.009959449998,50.058830916666,50.07188596111,21.28888886,22.968,44.96666666666667,1,5.1764362714980825,70.66250196097344,15,5,4,-0.7071067811865471,-0.7071067811865479,-0.9749279121818236,-0.2225209339563146,0.8660254037844387,-0.4999999999999998,642.0,702.375,694.0416666666666,25.8,60.5,100.0,35.0,7.0,7.275427,0.0,23.2,21.57777776,44.25,43.18333333333333,42.85,42.5,45.25,1.6791111399999998,0.2666666400000004,1.0273333333333312,21.94066666666667,23.41333333333333,21.11543209777778,22.116000000000003,8.373791,8.113794,7.9241714,7.887564,8.568699,0,2.0,0,0.5,-0.3,6.9,93.1
2023-04-22 15:15:00,127.766000272222,48.512226116666,48.524725616666,21.57777776,23.41333333333333,45.25,1,5.1764362714980825,70.66250196097344,15,5,4,-0.7071067811865471,-0.7071067811865479,-0.9749279121818236,-0.2225209339563146,0.8660254037844387,-0.4999999999999998,545.5,648.0625,689.0,23.425,60.125,100.0,38.5,7.625,7.7216506,0.1,22.575,21.80740742333333,44.96666666666667,44.25,43.18333333333333,42.85,44.2,1.835555573333334,0.2888888999999999,0.445333333333334,22.968,23.683333333333334,21.29629628,22.774,8.568699,8.373791,8.113794,7.9241714,8.481677,0,1.0,0,0.75,-0.23,6.1,93.9
2023-04-22 15:30:00,124.202809455556,50.194381027778,50.206602772222,21.80740742333333,23.683333333333334,44.2,1,5.1764362714980825,70.66250196097344,15,5,4,-0.7071067811865471,-0.7071067811865479,-0.9749279121818236,-0.2225209339563146,0.8660254037844387,-0.4999999999999998,449.0,579.6875,674.5,21.05,59.75,100.0,42.0,8.25,8.126101,0.2,21.95,21.97777778,45.25,44.96666666666667,44.25,43.18333333333333,42.7,1.8759259099999996,0.2296296633333341,0.2699999999999996,23.41333333333333,24.266666666666666,21.55802468111111,23.35488888888889,8.481677,8.568699,8.373791,8.113794,8.274781,0,0.0,0,1.0,-0.18,5.7,94.3
2023-04-22 15:45:00,110.140871988888,51.82264926111,51.835426533332,21.97777778,24.266666666666666,42.7,1,5.1764362714980825,70.66250196097344,15,5,4,-0.7071067811865471,-0.7071067811865479,-0.9749279121818236,-0.2225209339563146,0.8660254037844387,-0.4999999999999998,352.5,497.25,650.5416666666666,18.675,59.375,100.0,45.5,8.875,8.490862,0.3,21.325,22.12407408,44.2,45.25,44.96666666666667,44.25,41.38333333333333,2.288888886666665,0.1703703566666661,0.5833333333333321,23.683333333333334,24.555333333333333,21.78765432111111,23.787777777777777,8.274781,8.481677,8.568699,8.373791,8.087523,0,0.0,0,1.0,-0.15,5.5,94.5
2023-04-22 16:00:00,124.997222011116,51.947088716666,51.96014376111,22.12407408,24.555333333333333,41.38333333333333,1,5.1764362714980825,70.66250196097344,16,5,4,-0.8660254037844385,-0.5000000000000004,-0.9749279121818236,-0.2225209339563146,0.8660254037844387,-0.4999999999999998,256.0,400.75,617.125,16.3,59.0,100.0,49.0,9.5,8.817942,0.4,20.7,22.20555555,42.7,44.2,45.25,44.96666666666667,40.65,2.4312592533333337,0.1462962999999995,0.2886666666666677,24.266666666666666,24.31533333333333,21.96975309444445,24.168444444444447,8.087523,8.274781,8.481677,8.568699,7.981565,0,0.0,0,1.0,-0.13,5.3,94.7
2023-04-22 16:15:00,120.17991477778,52.159580216666,52.172079716666,22.20555555,24.31533333333333,40.65,1,5.1764362714980825,70.66250196097344,16,5,4,-0.8660254037844385,-0.5000000000000004,-0.9749279121818236,-0.2225209339563146,0.8660254037844387,-0.4999999999999998,243.0,325.125,579.5833333333334,16.05,53.25,100.0,58.0,10.525,9.758469,1.1,19.55,22.2222222,41.38333333333333,42.7,44.2,45.25,40.13333333333333,2.1097777833333358,0.0814814699999999,-0.2399999999999984,24.555333333333333,24.555333333333333,22.102469136666667,24.379111111111115,7.981565,8.087523,8.274781,8.481677,7.8876824,0,0.0,0,1.0,-0.11,5.3,94.7
2023-04-22 16:30:00,118.528036455556,52.399015088888,52.412625677776,22.2222222,24.555333333333333,40.13333333333333,1,5.1764362714980825,70.66250196097344,16,5,4,-0.8660254037844385,-0.5000000000000004,-0.9749279121818236,-0.2225209339563146,0.8660254037844387,-0.4999999999999998,230.0,270.375,537.9166666666666,15.8,47.5,100.0,67.0,11.55,10.532852,1.8000000000000005,18.4,22.16111112,40.65,41.38333333333333,42.7,44.2,40.35,2.3331111333333325,0.0166666500000012,0.2399999999999984,24.31533333333333,24.209333333333333,22.18395061,24.47533333333333,7.8876824,7.981565,8.087523,8.274781,7.9024186,0,0.0,0,1.0,-0.11,5.3,94.7
2023-04-22 16:45:00,385.927895550002,51.369056272222,51.382944616666,22.16111112,24.209333333333333,40.35,1,5.1764362714980825,70.66250196097344,16,5,4,-0.8660254037844385,-0.5000000000000004,-0.9749279121818236,-0.2225209339563146,0.8660254037844387,-0.4999999999999998,217.0,236.5,492.125,15.55,41.75,100.0,76.0,12.575,11.156657,2.5,17.25,21.877777746666663,40.13333333333333,40.65,41.38333333333333,42.7,42.45,2.0482222133333323,-0.0611110799999998,-0.3460000000000001,24.555333333333333,22.697333333333333,22.196296290000003,24.36,7.9024186,7.8876824,7.981565,8.087523,8.179019,0,0.0,0,1.0,-0.12,5.3,94.7
2023-04-22 17:00:00,85.621852922216,20.836388744444,20.84527732222,21.877777746666663,22.697333333333333,42.45,1,5.1764362714980825,70.66250196097344,17,5,4,-0.9659258262890684,-0.2588190451025206,-0.9749279121818236,-0.2225209339563146,0.8660254037844387,-0.4999999999999998,204.0,223.5,442.2083333333333,15.3,36.0,100.0,85.0,13.6,11.644388,3.2,16.1,21.45,40.35,40.13333333333333,40.65,41.38333333333333,45.7,0.8195555866666666,-0.2833333733333347,-1.5120000000000005,24.209333333333333,19.26333333333333,22.087037022222223,23.820666666666668,8.179019,7.9024186,7.8876824,7.981565,8.590159,0,0.0,0,1.0,-0.18,5.7,94.3
2023-04-22 17:15:00,313.63245433332804,0.0,0.0,21.45,19.26333333333333,45.7,0,5.1764362714980825,70.66250196097344,17,5,4,-0.9659258262890684,-0.2588190451025206,-0.9749279121818236,-0.2225209339563146,0.8660254037844387,-0.4999999999999998,162.75,203.4375,392.2083333333333,15.175,35.55,100.0,85.0,13.45,11.539325,2.45,15.95,20.822222206666662,42.45,40.35,40.13333333333333,40.65,52.03333333333333,-2.1866666666666674,-0.427777746666667,-3.434000000000001,22.697333333333333,17.015333333333334,21.829629622222225,22.05666666666667,8.590159,8.179019,7.9024186,7.8876824,9.43067,1,1.0,1,0.75,-0.26,6.4,93.6
2023-04-22 17:30:00,1210.56129786111,0.0,0.0,20.822222206666662,17.015333333333334,52.03333333333333,0,5.1764362714980825,70.66250196097344,17,5,4,-0.9659258262890684,-0.2588190451025206,-0.9749279121818236,-0.2225209339563146,0.8660254037844387,-0.4999999999999998,121.5,176.3125,342.125,15.05,35.1,100.0,85.0,13.3,11.43509,1.7000000000000002,15.8,20.46111107,45.7,42.45,40.35,40.13333333333333,56.2,-3.806888873333332,-0.6277777933333333,-2.2479999999999976,19.26333333333333,15.859333333333332,21.38333331777778,19.658666666666665,9.43067,8.590159,8.179019,7.9024186,9.973778,0,2.0,0,0.5,-0.37,7.9,92.1
2023-04-22 17:45:00,401.614212572222,0.0,0.0,20.46111107,15.859333333333332,56.2,0,5.1764362714980825,70.66250196097344,17,5,4,-0.9659258262890684,-0.2588190451025206,-0.9749279121818236,-0.2225209339563146,0.8660254037844387,-0.4999999999999998,80.25000000000001,142.125,291.9583333333333,14.925,34.650000000000006,100.0,85.0,13.15,11.331667,0.9500000000000002,15.65,20.579629636666667,52.03333333333333,45.7,42.45,40.35,55.766666666666666,-4.601777736666669,-0.3611111366666648,-1.1560000000000024,17.015333333333334,15.437333333333331,20.911111092222225,17.379333333333335,9.973778,9.43067,8.590159,8.179019,9.96552,0,3.0,0,0.25,-0.43,8.9,91.1
2023-04-22 18:00:00,115.559266377776,28.55691326111,28.56746842222,20.579629636666667,15.437333333333331,55.766666666666666,1,5.1764362714980825,70.66250196097344,18,5,4,-1.0,-1.8369701987210294e-16,-0.9749279121818236,-0.2225209339563146,0.8660254037844387,-0.4999999999999998,39.0,100.875,241.70833333333331,14.8,34.2,100.0,85.0,13.0,11.229061,0.2,15.5,20.4611111,56.2,52.03333333333333,45.7,42.45,53.75,-5.1422963033333335,0.1185185666666654,-0.4219999999999988,15.859333333333332,15.399333333333336,20.620987637777777,16.104,9.96552,9.973778,9.43067,8.590159,9.538979,0,3.0,1,0.25,-0.41,8.5,91.5
2023-04-22 18:15:00,778.986617005558,28.5546911,28.56774616111,20.4611111,15.399333333333336,53.75,1,5.1764362714980825,70.66250196097344,18,5,4,-1.0,-1.8369701987210294e-16,-0.9749279121818236,-0.2225209339563146,0.8660254037844387,-0.4999999999999998,47.75,72.125,200.22916666666663,12.35,32.5,100.0,88.5,13.25,11.445426,0.55,15.15,20.26851852,55.766666666666666,56.2,52.03333333333333,45.7,52.85,-5.0617777666666655,-0.1185185366666665,-0.0379999999999984,15.437333333333331,15.237333333333334,20.500617268888888,15.565333333333337,9.538979,9.96552,9.973778,9.43067,9.27437,0,2.0,0,0.5,-0.45,9.2,90.8
2023-04-22 18:30:00,93.953741550006,24.930669383334,24.940391161114,20.26851852,15.237333333333334,52.85,1,5.1764362714980825,70.66250196097344,18,5,4,-1.0,-1.8369701987210294e-16,-0.9749279121818236,-0.2225209339563146,0.8660254037844387,-0.4999999999999998,56.5,55.875,167.52083333333334,9.9,30.8,100.0,92.0,13.5,11.6470175,0.9000000000000001,14.8,20.1888889,53.75,55.766666666666666,56.2,52.03333333333333,53.3,-5.031185186666667,-0.1925925799999994,-0.1620000000000008,15.399333333333336,15.120666666666668,20.43641975222222,15.358000000000002,9.27437,9.538979,9.96552,9.973778,9.309906,0,1.0,0,0.75,-0.5,10.2,89.8
2023-04-22 18:45:00,374.07448100555,0.0,0.0,20.1888889,15.120666666666668,53.3,0,5.1764362714980825,70.66250196097344,18,5,4,-1.0,-1.8369701987210294e-16,-0.9749279121818236,-0.2225209339563146,0.8660254037844387,-0.4999999999999998,65.25,52.125,143.58333333333334,7.450000000000001,29.1,100.0,95.5,13.75,11.834301,1.25,14.45,20.238888886666665,52.85,53.75,55.766666666666666,56.2,54.61666666666667,-5.068222233333332,-0.0796296200000021,-0.1166666666666671,15.237333333333334,15.076666666666666,20.30617284,15.252444444444444,9.309906,9.27437,9.538979,9.96552,9.567813,1,1.0,1,0.75,-0.52,10.6,89.4
2023-04-22 19:00:00,59.21207600555,0.0,0.0,20.238888886666665,15.076666666666666,54.61666666666667,0,5.1764362714980825,70.66250196097344,19,5,4,-0.9659258262890684,0.2588190451025203,-0.9749279121818236,-0.2225209339563146,0.8660254037844387,-0.4999999999999998,74.0,60.875,128.41666666666666,5.0,27.4,100.0,99.0,14.0,12.007726,1.6,14.1,20.2777778,53.3,52.85,53.75,55.766666666666666,54.95,-5.162222219999999,0.0499999866666662,-0.0440000000000004,15.120666666666668,14.884666666666668,20.23209876888889,15.144888888888891,9.567813,9.309906,9.27437,9.538979,9.648109,0,2.0,0,0.5,-0.5,10.1,89.9
2023-04-22 19:15:00,53.96200818333,0.0,0.0,20.2777778,14.884666666666668,54.95,0,5.1764362714980825,70.66250196097344,19,5,4,-0.9659258262890684,0.2588190451025203,-0.9749279121818236,-0.2225209339563146,0.8660254037844387,-0.4999999999999998,56.25,63.0,112.85416666666669,3.75,28.55,100.0,97.5,13.4,11.574183,1.95,13.75,20.2777778,54.61666666666667,53.3,52.85,53.75,54.53333333333333,-5.393111133333331,0.0388889133333343,-0.1919999999999984,15.076666666666666,14.577333333333334,20.235185195555555,15.027333333333337,9.648109,9.567813,9.309906,9.27437,9.574951,0,3.0,0,0.25,-0.48,9.9,90.1
2023-04-22 19:30:00,48.074188088888,0.0,0.0,20.2777778,14.577333333333334,54.53333333333333,0,5.1764362714980825,70.66250196097344,19,5,4,-0.9659258262890684,0.2588190451025203,-0.9749279121818236,-0.2225209339563146,0.8660254037844387,-0.4999999999999998,38.5,58.5,96.89583333333331,2.5,29.7,100.0,96.0,12.8,11.152981,2.3,13.4,20.23333333,54.95,54.61666666666667,53.3,52.85,54.5,-5.700444466666665,0.0,-0.3073333333333341,14.884666666666668,14.310666666666666,20.26481482888889,14.846222222222224,9.574951,9.648109,9.567813,9.309906,9.544274,0,4.0,0,0.0,-0.49,10.0,90.0
2023-04-22 19:45:00,52.038474077772,0.0,0.0,20.23333333,14.310666666666666,54.5,0,5.1764362714980825,70.66250196097344,19,5,4,-0.9659258262890684,0.2588190451025203,-0.9749279121818236,-0.2225209339563146,0.8660254037844387,-0.4999999999999998,20.750000000000007,47.37500000000001,80.54166666666667,1.25,30.85,100.0,94.5,12.2,10.74383,2.65,13.05,20.170370400000003,54.53333333333333,54.95,54.61666666666667,53.3,54.5,-5.922666663333335,-0.0444444699999984,-0.2666666666666675,14.577333333333334,13.973333333333333,20.262962976666667,14.590888888888893,9.544274,9.574951,9.648109,9.567813,9.509205,0,4.0,0,0.0,-0.5,10.2,89.8
2023-04-22 20:00:00,43.261880588888,0.0,0.0,20.170370400000003,13.973333333333333,54.5,0,5.1764362714980825,70.66250196097344,20,5,4,-0.8660254037844386,0.5000000000000001,-0.9749279121818236,-0.2225209339563146,0.8660254037844387,-0.4999999999999998,3.0,29.625,63.79166666666666,0.0,32.0,100.0,93.0,11.6,10.34645,3.0,12.7,20.16111114,54.5,54.53333333333333,54.95,54.61666666666667,54.5,-6.19703706666667,-0.0629629299999976,-0.3373333333333335,14.310666666666666,13.661333333333332,20.22716051,14.28711111111111,9.509205,9.544274,9.574951,9.648109,9.504061,0,4.0,0,0.0,-0.51,10.5,89.5
2023-04-22 20:15:00,63.464961233336,0.0,0.0,20.16111114,13.661333333333332,54.5,0,5.1764362714980825,70.66250196097344,20,5,4,-0.8660254037844386,0.5000000000000001,-0.9749279121818236,-0.2225209339563146,0.8660254037844387,-0.4999999999999998,2.25,16.125,50.41666666666666,0.775,26.35,100.0,94.75,11.625,10.3787155,3.45,12.45,20.11481480666667,54.5,54.5,54.53333333333333,54.95,54.5,-6.499777806666666,-0.0092592600000038,-0.3119999999999994,13.973333333333333,13.496,20.188271623333332,13.98177777777778,9.504061,9.509205,9.544274,9.574951,9.478356,0,4.0,0,0.0,-0.52,10.6,89.4
2023-04-22 20:30:00,124.974723027778,0.0,0.0,20.11481480666667,13.496,54.5,0,5.1764362714980825,70.66250196097344,20,5,4,-0.8660254037844386,0.5000000000000001,-0.9749279121818236,-0.2225209339563146,0.8660254037844387,-0.4999999999999998,1.5,6.875000000000002,40.41666666666666,1.55,20.7,100.0,96.5,11.65,10.407204,3.9,12.2,20.06666669,54.5,54.5,54.5,54.53333333333333,54.5,-6.618814806666668,-0.0462963333333306,-0.1653333333333329,13.661333333333332,13.364666666666666,20.14876544888889,13.710222222222225,9.478356,9.504061,9.509205,9.544274,9.451688,0,4.0,0,0.0,-0.52,10.8,89.2
2023-04-22 20:45:00,85.282421949998,0.0,0.0,20.06666669,13.364666666666666,54.5,0,5.1764362714980825,70.66250196097344,20,5,4,-0.8660254037844386,0.5000000000000001,-0.9749279121818236,-0.2225209339563146,0.8660254037844387,-0.4999999999999998,0.75,1.875,33.791666666666664,2.325,15.049999999999995,100.0,98.25,11.675,10.432011,4.35,11.95,20.003703706666663,54.5,54.5,54.5,54.5,54.68333333333333,-6.702000023333332,-0.0481481166666704,-0.1313333333333339,13.496,12.658666666666669,20.11419754555556,13.507333333333335,9.451688,9.478356,9.504061,9.509205,9.448593,0,4.0,0,0.0,-0.54,11.0,89.0
2023-04-22 21:00:00,35.550522538882,0.0,0.0,20.003703706666663,12.658666666666669,54.68333333333333,0,5.1764362714980825,70.66250196097344,21,5,4,-0.7071067811865477,0.7071067811865474,-0.9749279121818236,-0.2225209339563146,0.8660254037844387,-0.4999999999999998,0.0,1.125,30.541666666666668,3.1,9.4,100.0,100.0,11.7,10.45323,4.8,11.7,20.0,54.5,54.5,54.5,54.5,54.55,-7.345037039999999,-0.0629629833333318,-0.7059999999999995,13.364666666666666,11.288666666666668,20.06172840111111,13.173111111111112,9.448593,9.451688,9.478356,9.504061,9.423508,0,4.0,0,0.0,-0.55,11.3,88.7
2023-04-22 21:15:00,57.261042766668005,0.0,0.0,20.0,11.288666666666668,54.55,0,5.1764362714980825,70.66250196097344,21,5,4,-0.7071067811865477,0.7071067811865474,-0.9749279121818236,-0.2225209339563146,0.8660254037844387,-0.4999999999999998,0.0,0.5625,26.5625,3.4250000000000003,11.45,100.0,99.75,11.45,10.281235,4.125,11.475,19.979629613333334,54.68333333333333,54.5,54.5,54.5,53.38333333333333,-8.711333333333332,-0.0037037066666663,-1.3699999999999992,12.658666666666669,10.452,20.023456798888887,12.437333333333337,9.423508,9.448593,9.451688,9.478356,9.210974,0,4.0,0,0.0,-0.55,11.4,88.6
2023-04-22 21:30:00,29.296328133332,0.0,0.0,19.979629613333334,10.452,53.38333333333333,0,5.1764362714980825,70.66250196097344,21,5,4,-0.7071067811865477,0.7071067811865474,-0.9749279121818236,-0.2225209339563146,0.8660254037844387,-0.4999999999999998,0.0,0.1875,21.854166666666668,3.75,13.5,100.0,99.5,11.2,10.111745,3.45,11.25,19.86666663,54.55,54.68333333333333,54.5,54.5,52.6,-9.527629613333334,-0.0203703866666664,-0.8366666666666678,11.288666666666668,9.608666666666666,19.99444444,11.466444444444448,9.210974,9.423508,9.448593,9.451688,9.01594,0,4.0,0,0.0,-0.56,11.6,88.4
2023-04-22 21:45:00,31.892613277772,0.0,0.0,19.86666663,9.608666666666666,52.6,0,5.1764362714980825,70.66250196097344,21,5,4,-0.7071067811865477,0.7071067811865474,-0.9749279121818236,-0.2225209339563146,0.8660254037844387,-0.4999999999999998,0.0,0.0,16.416666666666668,4.075,15.55,100.0,99.25,10.95,9.944731,2.775,11.025,19.81296295,53.38333333333333,54.55,54.68333333333333,54.5,51.85,-10.257999963333337,-0.1129629833333325,-0.8433333333333337,10.452,9.620666666666668,19.94876541444445,10.449777777777776,9.01594,9.210974,9.423508,9.448593,8.859447,0,4.0,0,0.0,-0.59,12.4,87.6
2023-04-22 22:00:00,50.571310466664,0.0,0.0,19.81296295,9.620666666666668,51.85,0,5.1764362714980825,70.66250196097344,22,5,4,-0.5000000000000004,0.8660254037844384,-0.9749279121818236,-0.2225209339563146,0.8660254037844387,-0.4999999999999998,0.0,0.0,10.25,4.4,17.6,100.0,99.0,10.7,9.780163,2.1,10.8,19.73333333,52.6,53.38333333333333,54.55,54.68333333333333,51.5,-10.192296283333333,-0.0537036800000017,0.0120000000000004,9.608666666666666,9.658,19.886419731111115,9.89377777777778,8.859447,9.01594,9.210974,9.423508,8.758633,0,4.0,0,0.0,-0.61,12.9,87.1
2023-04-22 22:15:00,285.359140694446,0.0,0.0,19.73333333,9.658,51.5,0,5.1764362714980825,70.66250196097344,22,5,4,-0.5000000000000004,0.8660254037844384,-0.9749279121818236,-0.2225209339563146,0.8660254037844387,-0.4999999999999998,0.0,0.0,5.5625,5.625,18.05,100.0,99.25,10.425,9.62103,2.2,10.5,19.670370400000003,51.85,52.6,53.38333333333333,54.55,51.5,-10.07533333,-0.0796296199999986,0.0373333333333327,9.620666666666668,9.57,19.804320970000003,9.629111111111111,8.758633,8.859447,9.01594,9.210974,8.726324,0,4.0,0,0.0,-0.63,13.4,86.6
2023-04-22 22:30:00,36.069112727778,0.0,0.0,19.670370400000003,9.57,51.5,0,5.1764362714980825,70.66250196097344,22,5,4,-0.5000000000000004,0.8660254037844384,-0.9749279121818236,-0.2225209339563146,0.8660254037844387,-0.4999999999999998,0.0,0.0,2.3541666666666674,6.8500000000000005,18.5,100.0,99.5,10.15,9.463991,2.3,10.2,19.62222223,51.5,51.85,52.6,53.38333333333333,51.45,-10.100370400000005,-0.0629629299999976,-0.0879999999999991,9.658,9.663333333333332,19.738888893333336,9.616222222222223,8.726324,8.758633,8.859447,9.01594,8.693241,0,4.0,0,0.0,-0.65,13.8,86.2
2023-04-22 22:45:00,46.626190527774,0.0,0.0,19.62222223,9.663333333333332,51.45,0,5.1764362714980825,70.66250196097344,22,5,4,-0.5000000000000004,0.8660254037844384,-0.9749279121818236,-0.2225209339563146,0.8660254037844387,-0.4999999999999998,0.0,0.0,0.625,8.075,18.95,100.0,99.75,9.875,9.309027,2.4,9.9,19.5592593,51.5,51.5,51.85,52.6,51.03333333333333,-9.958888896666666,-0.0481481700000046,0.0933333333333319,9.57,9.741333333333332,19.67530865333333,9.630444444444445,8.693241,8.726324,8.758633,8.859447,8.5910015,0,4.0,0,0.0,-0.66,14.1,85.9
2023-04-22 23:00:00,34.288350677776,0.0,0.0,19.5592593,9.741333333333332,51.03333333333333,0,5.1764362714980825,70.66250196097344,23,5,4,-0.2588190451025215,0.965925826289068,-0.9749279121818236,-0.2225209339563146,0.8660254037844387,-0.4999999999999998,0.0,0.0,0.375,9.3,19.4,100.0,100.0,9.6,9.1561165,2.5,9.6,19.51111112,51.45,51.5,51.5,51.85,50.65,-9.817925966666667,-0.0629629299999976,0.0780000000000011,9.663333333333332,9.708,19.61728397666667,9.658222222222223,8.5910015,8.693241,8.726324,8.758633,8.502378,0,4.0,0,0.0,-0.68,14.6,85.4
2023-04-22 23:15:00,46.1098222,0.0,0.0,19.51111112,9.708,50.65,0,5.1764362714980825,70.66250196097344,23,5,4,-0.2588190451025215,0.965925826289068,-0.9749279121818236,-0.2225209339563146,0.8660254037844387,-0.4999999999999998,0.0,0.0,0.1875,7.550000000000001,19.325,100.0,100.0,9.5,9.098019,2.125,9.5,19.448148106666665,51.03333333333333,51.45,51.5,51.5,50.31666666666667,-9.803111120000002,-0.0481481799999983,-0.0333333333333332,9.741333333333332,9.730666666666668,19.564197550000003,9.704222222222224,8.502378,8.5910015,8.693241,8.726324,8.415212,0,4.0,0,0.0,-0.69,15.0,85.0
2023-04-22 23:30:00,43.120775083334,0.0,0.0,19.448148106666665,9.730666666666668,50.31666666666667,0,5.1764362714980825,70.66250196097344,23,5,4,-0.2588190451025215,0.965925826289068,-0.9749279121818236,-0.2225209339563146,0.8660254037844387,-0.4999999999999998,0.0,0.0,0.0625,5.8,19.25,100.0,100.0,9.4,9.040241,1.75,9.4,19.39999999,50.65,51.03333333333333,51.45,51.5,49.95,-9.717481439999997,-0.0629630133333378,0.0226666666666677,9.708,9.601333333333336,19.506172842222224,9.726666666666668,8.415212,8.502378,8.5910015,8.693241,8.330262,0,4.0,0,0.0,-0.71,15.5,84.5
2023-04-22 23:45:00,37.722102205554,0.0,0.0,19.39999999,9.601333333333336,49.95,0,5.1764362714980825,70.66250196097344,23,5,4,-0.2588190451025215,0.965925826289068,-0.9749279121818236,-0.2225209339563146,0.8660254037844387,-0.4999999999999998,0.0,0.0,0.0,4.05,19.175,100.0,100.0,9.3,8.982786,1.375,9.3,19.316666656666666,50.31666666666667,50.65,51.03333333333333,51.45,49.53333333333333,-9.798666656666668,-0.0481481166666633,-0.1293333333333333,9.730666666666668,9.485333333333331,19.45308640555556,9.68,8.330262,8.415212,8.502378,8.5910015,8.220359,0,4.0,0,0.0,-0.72,15.9,84.1
2023-04-23 00:00:00,49.900226227774,0.0,0.0,19.316666656666666,9.485333333333331,49.53333333333333,0,5.1764362714980825,70.66250196097344,0,6,4,0.0,1.0,-0.7818314824680299,0.6234898018587334,0.8660254037844387,-0.4999999999999998,0.0,0.0,0.0,2.3,19.1,100.0,100.0,9.2,8.925646,1.0,9.2,19.27222224,49.95,50.31666666666667,50.65,51.03333333333333,49.5,-9.831333323333332,-0.0833333333333357,-0.1160000000000014,9.601333333333336,9.815333333333331,19.388271584444443,9.60577777777778,8.220359,8.330262,8.415212,8.502378,8.1933565,0,4.0,0,0.0,-0.74,16.6,83.4
2023-04-23 00:15:00,37.660993466668,0.0,0.0,19.27222224,9.815333333333331,49.5,0,5.1764362714980825,70.66250196097344,0,6,4,0.0,1.0,-0.7818314824680299,0.6234898018587334,0.8660254037844387,-0.4999999999999998,0.0,0.0,0.0,2.35,15.95,100.0,100.0,9.275,8.968471,0.775,9.275,19.205555556666663,49.53333333333333,49.95,50.31666666666667,50.65,49.5,-9.456888906666668,-0.0444444166666642,0.33,9.485333333333331,10.413333333333332,19.32962962888889,9.634000000000002,8.1933565,8.220359,8.330262,8.415212,8.161241,0,4.0,0,0.0,-0.75,16.9,83.1
2023-04-23 00:30:00,46.238150383334,0.0,0.0,19.205555556666663,10.413333333333332,49.5,0,5.1764362714980825,70.66250196097344,0,6,4,0.0,1.0,-0.7818314824680299,0.6234898018587334,0.8660254037844387,-0.4999999999999998,0.0,0.0,0.0,2.4,12.8,100.0,100.0,9.35,9.011474,0.55,9.35,19.12777778,49.5,49.53333333333333,49.95,50.31666666666667,49.5,-8.792222223333331,-0.066666683333338,0.597999999999999,9.815333333333331,10.050666666666666,19.26481481777778,9.904666666666667,8.161241,8.1933565,8.220359,8.330262,8.123913,0,4.0,0,0.0,-0.77,17.4,82.6
2023-04-23 00:45:00,40.670317605554,0.0,0.0,19.12777778,10.050666666666666,49.5,0,5.1764362714980825,70.66250196097344,0,6,4,0.0,1.0,-0.7818314824680299,0.6234898018587334,0.8660254037844387,-0.4999999999999998,0.0,0.0,0.0,2.45,9.65,100.0,100.0,9.425,9.054656,0.325,9.425,19.09074075,49.5,49.5,49.53333333333333,49.95,49.5,-9.077111113333332,-0.0777777766666645,-0.3626666666666658,10.413333333333332,9.849333333333334,19.20185185888889,10.093111111111112,8.123913,8.161241,8.1933565,8.220359,8.106192,0,4.0,0,0.0,-0.79,18.1,81.9
2023-04-23 01:00:00,36.485762711112,0.0,0.0,19.09074075,9.849333333333334,49.5,0,5.1764362714980825,70.66250196097344,1,6,4,0.2588190451025207,0.9659258262890684,-0.7818314824680299,0.6234898018587334,0.8660254037844387,-0.4999999999999998,0.0,0.0,0.0,2.5,6.5,100.0,100.0,9.5,9.098019,0.1,9.5,19.01111112,49.5,49.5,49.5,49.53333333333333,49.5,-9.241407416666668,-0.0370370299999969,-0.2013333333333324,10.050666666666666,9.630666666666666,19.14135802888889,10.104444444444445,8.106192,8.123913,8.161241,8.1933565,8.0682,0,4.0,0,0.0,-0.8,18.4,81.6
2023-04-23 01:15:00,52.43929142777,0.0,0.0,19.01111112,9.630666666666666,49.5,0,5.1764362714980825,70.66250196097344,1,6,4,0.2588190451025207,0.9659258262890684,-0.7818314824680299,0.6234898018587334,0.8660254037844387,-0.4999999999999998,0.0,0.0,0.0,2.325,6.5,100.0,99.75,9.4,9.032019,0.075,9.425,18.948148106666665,49.5,49.5,49.5,49.5,49.5,-9.380444453333336,-0.0796296299999994,-0.2186666666666674,9.849333333333334,9.544666666666666,19.076543216666668,9.843555555555556,8.0682,8.106192,8.123913,8.161241,8.038268,0,4.0,0,0.0,-0.81,19.0,81.0
2023-04-23 01:30:00,318.499759599996,0.0,0.0,18.948148106666665,9.544666666666666,49.5,0,5.1764362714980825,70.66250196097344,1,6,4,0.2588190451025207,0.9659258262890684,-0.7818314824680299,0.6234898018587334,0.8660254037844387,-0.4999999999999998,0.0,0.0,0.0,2.15,6.5,100.0,99.5,9.3,8.966415,0.05,9.35,18.87222219,49.5,49.5,49.5,49.5,49.85,-9.403481439999998,-0.0629630133333378,-0.0860000000000003,9.630666666666666,9.376,19.01666665888889,9.67488888888889,8.038268,8.0682,8.106192,8.123913,8.058885,0,4.0,0,0.0,-0.83,19.5,80.5
2023-04-23 01:45:00,53.224815372222,0.0,0.0,18.87222219,9.376,49.85,0,5.1764362714980825,70.66250196097344,1,6,4,0.2588190451025207,0.9659258262890684,-0.7818314824680299,0.6234898018587334,0.8660254037844387,-0.4999999999999998,0.0,0.0,0.0,1.975,6.5,100.0,99.25,9.2,8.901206,0.0249999999999999,9.275,18.86481480666667,49.5,49.5,49.5,49.5,50.0,-9.496222189999996,-0.0759259166666659,-0.1686666666666649,9.544666666666666,9.383333333333333,18.94382713888889,9.517111111111111,8.058885,8.038268,8.0682,8.106192,8.079598,0,4.0,0,0.0,-0.85,20.1,79.9
2023-04-23 02:00:00,51.33572432222,0.0,0.0,18.86481480666667,9.383333333333333,50.0,0,5.1764362714980825,70.66250196097344,2,6,4,0.4999999999999999,0.8660254037844387,-0.7818314824680299,0.6234898018587334,0.8660254037844387,-0.4999999999999998,0.0,0.0,0.0,1.8,6.5,100.0,99.0,9.1,8.8363905,0.0,9.2,18.8333333,49.85,49.5,49.5,49.5,50.0,-9.481481473333336,-0.0074073833333301,0.0073333333333316,9.376,9.23,18.89506170111111,9.434666666666669,8.079598,8.058885,8.038268,8.0682,8.064581,0,4.0,0,0.0,-0.85,20.1,79.9
2023-04-23 02:15:00,48.398897483326,0.0,0.0,18.8333333,9.23,50.0,0,5.1764362714980825,70.66250196097344,2,6,4,0.4999999999999999,0.8660254037844387,-0.7818314824680299,0.6234898018587334,0.8660254037844387,-0.4999999999999998,0.0,0.0,0.0,1.875,6.05,100.0,99.0,9.075,8.822298,0.0,9.175,18.81296295,50.0,49.85,49.5,49.5,50.0,-9.6033333,-0.0314815066666689,-0.1533333333333342,9.383333333333333,9.229333333333331,18.85679009888889,9.329777777777778,8.064581,8.079598,8.058885,8.038268,8.054881,0,4.0,0,0.0,-0.85,20.4,79.6
2023-04-23 02:30:00,35.478580999992,0.0,0.0,18.81296295,9.229333333333331,50.0,0,5.1764362714980825,70.66250196097344,2,6,4,0.4999999999999999,0.8660254037844387,-0.7818314824680299,0.6234898018587334,0.8660254037844387,-0.4999999999999998,0.0,0.0,0.0,1.95,5.6,100.0,99.0,9.05,8.808225,0.0,9.15,18.77222224,50.0,50.0,49.85,49.5,49.7,-9.583629616666666,-0.0203703500000003,-0.0006666666666657,9.23,9.39,18.83703701888889,9.280888888888889,8.054881,8.064581,8.079598,8.058885,7.9872894,0,4.0,0,0.0,-0.86,20.6,79.4
2023-04-23 02:45:00,51.135176877772,0.0,0.0,18.77222224,9.39,49.7,0,5.1764362714980825,70.66250196097344,2,6,4,0.4999999999999999,0.8660254037844387,-0.7818314824680299,0.6234898018587334,0.8660254037844387,-0.4999999999999998,0.0,0.0,0.0,2.025,5.15,100.0,99.0,9.025,8.794171,0.0,9.125,18.725925906666667,50.0,50.0,50.0,49.85,49.96666666666667,-9.382222240000004,-0.0407407099999979,0.1606666666666658,9.229333333333331,9.395333333333332,18.806172830000005,9.283111111111111,7.9872894,8.054881,8.064581,8.079598,8.008191,0,4.0,0,0.0,-0.87,21.0,79.0
2023-04-23 03:00:00,42.776622299996,0.0,0.0,18.725925906666667,9.395333333333332,49.96666666666667,0,5.1764362714980825,70.66250196097344,3,6,4,0.7071067811865476,0.7071067811865476,-0.7818314824680299,0.6234898018587334,0.8660254037844387,-0.4999999999999998,0.0,0.0,0.0,2.1,4.7,100.0,99.0,9.0,8.780138,0.0,9.1,18.7,49.7,50.0,50.0,50.0,50.0,-9.330592573333334,-0.0462963333333341,0.0053333333333345,9.39,9.361333333333334,18.770370365555557,9.338222222222225,8.008191,7.9872894,8.054881,8.064581,8.001253,0,4.0,0,0.0,-0.88,21.3,78.7
2023-04-23 03:15:00,38.797614766664,0.0,0.0,18.7,9.361333333333334,50.0,0,5.1764362714980825,70.66250196097344,3,6,4,0.7071067811865476,0.7071067811865476,-0.7818314824680299,0.6234898018587334,0.8660254037844387,-0.4999999999999998,0.0,0.0,0.0,2.5,5.425,100.0,99.0,8.975,8.780138,0.025,9.1,18.64814816333333,49.96666666666667,49.7,50.0,50.0,50.0,-9.338666666666663,-0.0259259066666679,-0.0339999999999989,9.395333333333332,9.317333333333332,18.73271604888889,9.382222222222223,8.001253,8.008191,7.9872894,8.054881,7.9767413,0,4.0,0,0.0,-0.89,21.6,78.4
2023-04-23 03:30:00,49.02581672222,0.0,0.0,18.64814816333333,9.317333333333332,50.0,0,5.1764362714980825,70.66250196097344,3,6,4,0.7071067811865476,0.7071067811865476,-0.7818314824680299,0.6234898018587334,0.8660254037844387,-0.4999999999999998,0.0,0.0,0.0,2.9000000000000004,6.15,100.0,99.0,8.95,8.780138,0.05,9.1,18.5888889,50.0,49.96666666666667,49.7,50.0,50.0,-9.330814830000003,-0.051851836666664,-0.0440000000000022,9.361333333333334,9.374,18.691358023333336,9.358000000000002,7.9767413,8.001253,8.008191,7.9872894,7.948809,0,4.0,0,0.0,-0.9,22.0,78.0
2023-04-23 03:45:00,40.975027616666,0.0,0.0,18.5888889,9.374,50.0,0,5.1764362714980825,70.66250196097344,3,6,4,0.7071067811865476,0.7071067811865476,-0.7818314824680299,0.6234898018587334,0.8660254037844387,-0.4999999999999998,0.0,0.0,0.0,3.3000000000000003,6.875,100.0,99.0,8.925,8.780138,0.075,9.1,18.557407450000003,50.0,50.0,49.96666666666667,49.7,50.0,-9.214888899999996,-0.0592592633333382,0.0566666666666684,9.317333333333332,9.327333333333334,18.64567902111111,9.35088888888889,7.948809,7.9767413,8.001253,8.008191,7.9340043,0,4.0,0,0.0,-0.91,22.6,77.4
2023-04-23 04:00:00,46.207318449994,0.0,0.0,18.557407450000003,9.327333333333334,50.0,0,5.1764362714980825,70.66250196097344,4,6,4,0.8660254037844386,0.5000000000000001,-0.7818314824680299,0.6234898018587334,0.8660254037844387,-0.4999999999999998,0.0,0.0,0.0,3.7,7.6,100.0,99.0,8.9,8.780138,0.1,9.1,18.51666668,50.0,50.0,50.0,49.96666666666667,49.95,-9.23007411666667,-0.031481449999994,-0.0466666666666668,9.374,9.388,18.59814817111111,9.339555555555556,7.9340043,7.948809,7.9767413,8.001253,7.9069657,0,4.0,0,0.0,-0.92,22.8,77.2
2023-04-23 04:15:00,37.605995749998,0.0,0.0,18.51666668,9.388,49.95,0,5.1764362714980825,70.66250196097344,4,6,4,0.8660254037844386,0.5000000000000001,-0.7818314824680299,0.6234898018587334,0.8660254037844387,-0.4999999999999998,0.0,0.0,0.0,3.325,7.675,100.0,99.25,8.925,8.78826,0.125,9.075,18.5,50.0,50.0,50.0,50.0,49.53333333333333,-9.12866668,-0.0407407700000028,0.0606666666666662,9.327333333333334,9.453333333333337,18.55432101,9.363111111111111,7.9069657,7.9340043,7.948809,7.9767413,7.8332686,0,4.0,0,0.0,-0.93,23.2,76.8
2023-04-23 04:30:00,55.896375172222,0.0,0.0,18.5,9.453333333333337,49.53333333333333,0,5.1764362714980825,70.66250196097344,4,6,4,0.8660254037844386,0.5000000000000001,-0.7818314824680299,0.6234898018587334,0.8660254037844387,-0.4999999999999998,0.0,0.0,0.0,2.95,7.75,100.0,99.5,8.95,8.796332,0.15,9.05,18.45555553,49.95,50.0,50.0,50.0,49.5,-9.046666666666663,-0.0166666800000001,0.065333333333335,9.388,9.448,18.524691376666667,9.38955555555556,7.8332686,7.9069657,7.9340043,7.948809,7.8074055,0,4.0,0,0.0,-0.94,23.5,76.5
2023-04-23 04:45:00,35.257478511112,0.0,0.0,18.45555553,9.448,49.5,0,5.1764362714980825,70.66250196097344,4,6,4,0.8660254037844386,0.5000000000000001,-0.7818314824680299,0.6234898018587334,0.8660254037844387,-0.4999999999999998,0.0,0.0,0.0,2.575,7.825,100.0,99.75,8.975,8.804352,0.175,9.025,18.3925926,49.53333333333333,49.95,50.0,50.0,49.5,-9.00755553,-0.0444444699999984,-0.0053333333333345,9.453333333333337,9.34,18.49074073666667,9.42977777777778,7.8074055,7.8332686,7.9069657,7.9340043,7.7783184,0,4.0,0,0.0,-0.95,23.9,76.1
2023-04-23 05:00:00,43.158273633332,0.0,0.0,18.3925926,9.34,49.5,0,5.1764362714980825,70.66250196097344,5,6,4,0.9659258262890684,0.2588190451025207,-0.7818314824680299,0.6234898018587334,0.8660254037844387,-0.4999999999999998,0.0,0.0,0.0,2.2,7.9,100.0,100.0,9.0,8.812321,0.2,9.0,18.38333334,49.5,49.53333333333333,49.95,50.0,49.5,-9.0525926,-0.0629629300000012,-0.1080000000000005,9.448,9.476666666666668,18.44938271,9.41377777777778,7.7783184,7.8074055,7.8332686,7.9069657,7.774047,0,4.0,0,0.0,-0.96,24.5,75.5
2023-04-23 05:15:00,49.872171716666,0.0,0.0,18.38333334,9.476666666666668,49.5,0,5.1764362714980825,70.66250196097344,5,6,4,0.9659258262890684,0.2588190451025207,-0.7818314824680299,0.6234898018587334,0.8660254037844387,-0.4999999999999998,0.0,0.0,0.0,2.475,7.275,100.0,99.25,8.725,8.648837,0.15,8.825,18.337037006666662,49.5,49.5,49.53333333333333,49.95,49.5,-8.906666673333334,-0.0092592600000003,0.1366666666666667,9.34,9.31,18.410493823333336,9.421555555555557,7.774047,7.7783184,7.8074055,7.8332686,7.7527285,0,4.0,0,0.0,-0.96,24.6,75.4
2023-04-23 05:30:00,35.99078256111,0.0,0.0,18.337037006666662,9.31,49.5,0,5.1764362714980825,70.66250196097344,5,6,4,0.9659258262890684,0.2588190451025207,-0.7818314824680299,0.6234898018587334,0.8660254037844387,-0.4999999999999998,0.0,0.0,0.0,2.75,6.65,100.0,98.5,8.45,8.487764,0.1,8.65,18.29444445,49.5,49.5,49.5,49.53333333333333,49.5,-9.027037006666664,-0.0462963333333341,-0.166666666666666,9.476666666666668,9.19,18.37098764888889,9.375555555555556,7.7527285,7.774047,7.7783184,7.8074055,7.733161,0,4.0,0,0.0,-0.97,25.0,75.0
2023-04-23 05:45:00,48.402786111108,0.0,0.0,18.29444445,9.19,49.5,0,5.1764362714980825,70.66250196097344,5,6,4,0.9659258262890684,0.2588190451025207,-0.7818314824680299,0.6234898018587334,0.8660254037844387,-0.4999999999999998,0.0,0.0,0.0,3.025,6.025,100.0,97.75,8.175,8.329075,0.0499999999999999,8.475000000000001,18.2777778,49.5,49.5,49.5,49.5,49.5,-9.10444445,-0.0425925566666656,-0.120000000000001,9.31,9.288666666666668,18.33827159888889,9.325555555555557,7.733161,7.7527285,7.774047,7.7783184,7.7255144,0,4.0,0,0.0,-0.98,25.4,74.6
2023-04-23 06:00:00,46.5173059,0.0,0.0,18.2777778,9.288666666666668,49.5,0,5.1764362714980825,70.66250196097344,6,6,4,1.0,6.123233995736766e-17,-0.7818314824680299,0.6234898018587334,0.8660254037844387,-0.4999999999999998,0.0,0.0,0.0,3.3,5.4,100.0,97.0,7.9,8.172742,0.0,8.3,18.23888888,49.5,49.5,49.5,49.5,49.5,-8.989111133333331,-0.0166666500000012,0.0986666666666682,9.19,9.262,18.30308641888889,9.26288888888889,7.7255144,7.733161,7.7527285,7.774047,7.707699,0,4.0,0,0.0,-0.99,25.6,74.4
2023-04-23 06:15:00,50.636585722216,0.0,0.0,18.23888888,9.262,49.5,0,5.1764362714980825,70.66250196097344,6,6,4,1.0,6.123233995736766e-17,-0.7818314824680299,0.6234898018587334,0.8660254037844387,-0.4999999999999998,3.0,0.75,0.25,4.075,7.1,100.0,97.25,7.875,8.18064,0.0,8.275,18.20185185,49.5,49.5,49.5,49.5,49.31666666666667,-8.97688888,-0.0388889199999979,-0.0266666666666672,9.288666666666668,9.154,18.270370376666666,9.24688888888889,7.707699,7.7255144,7.733161,7.7527285,7.662282,0,4.0,0,0.0,-1.0,26.0,74.0
2023-04-23 06:30:00,36.315769577776,0.0,0.0,18.20185185,9.154,49.31666666666667,0,5.1764362714980825,70.66250196097344,6,6,4,1.0,6.123233995736766e-17,-0.7818314824680299,0.6234898018587334,0.8660254037844387,-0.4999999999999998,6.0,2.25,0.75,4.85,8.8,100.0,97.5,7.85,8.188491,0.0,8.25,18.16111114,49.5,49.5,49.5,49.5,49.05,-9.04785185,-0.0370370300000004,-0.1080000000000005,9.262,9.095333333333334,18.23950617666667,9.234888888888891,7.662282,7.707699,7.7255144,7.733161,7.60243,0,4.0,0,0.0,-1.01,26.4,73.6
2023-04-23 06:45:00,45.365685266668,0.0,0.0,18.16111114,9.095333333333334,49.05,0,5.1764362714980825,70.66250196097344,6,6,4,1.0,6.123233995736766e-17,-0.7818314824680299,0.6234898018587334,0.8660254037844387,-0.4999999999999998,9.0,4.5,1.5,5.625,10.5,100.0,97.75,7.825,8.196291,0.0,8.225,18.11481480666667,49.31666666666667,49.5,49.5,49.5,49.46666666666667,-9.065777806666665,-0.0407407100000014,-0.0586666666666655,9.154,8.961333333333332,18.20061729,9.170444444444446,7.60243,7.662282,7.707699,7.7255144,7.6459465,0,4.0,0,0.0,-1.02,26.8,73.2
2023-04-23 07:00:00,275.182325583334,0.0,0.0,18.11481480666667,8.961333333333332,49.46666666666667,0,5.1764362714980825,70.66250196097344,7,6,4,0.9659258262890684,-0.2588190451025206,-0.7818314824680299,0.6234898018587334,0.8660254037844387,-0.4999999999999998,12.0,7.5,2.5,6.4,12.2,100.0,98.0,7.8,8.204043,0.0,8.2,18.1111111,49.05,49.31666666666667,49.5,49.5,49.5,-9.153481473333336,-0.0462963333333306,-0.1340000000000021,9.095333333333334,8.91,18.15925926555556,9.070222222222224,7.6459465,7.60243,7.662282,7.707699,7.649414,0,4.0,0,0.0,-1.03,27.2,72.8
2023-04-23 07:15:00,35.097484927778,0.0,0.0,18.1111111,8.91,49.5,0,5.1764362714980825,70.66250196097344,7,6,4,0.9659258262890684,-0.2588190451025206,-0.7818314824680299,0.6234898018587334,0.8660254037844387,-0.4999999999999998,25.0,13.0,4.583333333333333,5.375,12.65,100.0,97.5,7.825,8.214869,0.0,8.299999999999999,18.09074075,49.46666666666667,49.05,49.31666666666667,49.5,49.68333333333333,-9.2011111,-0.0037037066666698,-0.0513333333333321,8.961333333333332,8.956,18.12901234888889,8.98888888888889,7.649414,7.6459465,7.60243,7.662282,7.668457,0,4.0,0,0.0,-1.03,27.3,72.7
2023-04-23 07:30:00,46.7256309,0.0,0.0,18.09074075,8.956,49.68333333333333,0,5.1764362714980825,70.66250196097344,7,6,4,0.9659258262890684,-0.2588190451025206,-0.7818314824680299,0.6234898018587334,0.8660254037844387,-0.4999999999999998,38.0,21.0,7.75,4.35,13.1,100.0,97.0,7.85,8.225447,0.0,8.399999999999999,18.0555556,49.5,49.46666666666667,49.05,49.31666666666667,50.0,-9.134740750000002,-0.0203703499999967,0.0459999999999993,8.91,9.079333333333333,18.105555552222224,8.942444444444446,7.668457,7.649414,7.6459465,7.60243,7.7012053,0,4.0,0,0.0,-1.03,27.4,72.6
2023-04-23 07:45:00,46.053991233328,0.0,0.0,18.0555556,9.079333333333333,50.0,0,5.1764362714980825,70.66250196097344,7,6,4,0.9659258262890684,-0.2588190451025206,-0.7818314824680299,0.6234898018587334,0.8660254037844387,-0.4999999999999998,51.0,31.5,12.0,3.325,13.55,100.0,96.5,7.875,8.235775,0.0,8.5,18.0555556,49.68333333333333,49.5,49.46666666666667,49.05,50.0,-8.97622226666667,-0.0351851500000002,0.123333333333333,8.956,9.081333333333331,18.08580248333333,8.98177777777778,7.7012053,7.668457,7.649414,7.6459465,7.7012053,0,4.0,0,0.0,-1.04,27.7,72.3
2023-04-23 08:00:00,35.475803194442,0.0,0.0,18.0555556,9.081333333333331,50.0,0,5.1764362714980825,70.66250196097344,8,6,4,0.8660254037844387,-0.4999999999999998,-0.7818314824680299,0.6234898018587334,0.8660254037844387,-0.4999999999999998,64.0,44.5,17.333333333333332,2.3,14.0,100.0,96.0,7.9,8.2458515,0.0,8.6,18.0555556,50.0,49.68333333333333,49.5,49.46666666666667,50.0,-8.974222266666668,0.0,0.0020000000000006,9.079333333333333,9.229333333333331,18.067283983333336,9.03888888888889,7.7012053,7.7012053,7.668457,7.649414,7.7012053,0,4.0,0,0.0,-1.04,27.7,72.3
2023-04-23 08:15:00,45.55845525556,0.0,0.0,18.0555556,9.229333333333331,50.0,0,5.1764362714980825,70.66250196097344,8,6,4,0.8660254037844387,-0.4999999999999998,-0.7818314824680299,0.6234898018587334,0.8660254037844387,-0.4999999999999998,122.25,68.8125,27.52083333333333,3.85,15.725,80.25,90.25,7.25,7.9024076,0.0,8.9,18.07592595,50.0,50.0,49.68333333333333,49.5,50.18333333333333,-8.826222266666669,0.0,0.1479999999999997,9.081333333333331,9.476,18.0555556,9.13,7.7012053,7.7012053,7.7012053,7.668457,7.7388086,0,4.0,0,0.0,-1.04,27.7,72.3
2023-04-23 08:30:00,44.672657472222,0.0,0.0,18.07592595,9.476,50.18333333333333,0,5.1764362714980825,70.66250196097344,8,6,4,0.8660254037844387,-0.4999999999999998,-0.7818314824680299,0.6234898018587334,0.8660254037844387,-0.4999999999999998,180.5,104.4375,42.5625,5.4,17.45,60.5,84.5,6.6,7.542171,0.0,9.2,18.17777779,50.0,50.0,50.0,49.68333333333333,50.5,-8.599925950000003,0.0203703500000003,0.2466666666666661,9.229333333333331,10.011333333333331,18.06234571666667,9.262222222222222,7.7388086,7.7012053,7.7012053,7.7012053,7.8349237,0,4.0,0,0.0,-1.03,27.5,72.5
2023-04-23 08:45:00,44.014906,0.0,0.0,18.17777779,10.011333333333331,50.5,0,5.1764362714980825,70.66250196097344,8,6,4,0.8660254037844387,-0.4999999999999998,-0.7818314824680299,0.6234898018587334,0.8660254037844387,-0.4999999999999998,238.75,151.375,62.458333333333336,6.95,19.175,40.75,78.75,5.95,7.16469,0.0,9.5,18.52777774666667,50.18333333333333,50.0,50.0,50.0,50.31666666666667,-8.166444456666667,0.1018518399999983,0.5353333333333339,9.476,10.065333333333331,18.10308644666667,9.572222222222225,7.8349237,7.7388086,7.7012053,7.7012053,7.970254,0,4.0,0,0.0,-1.01,26.4,73.6
2023-04-23 09:00:00,38.211526927782,0.0,0.0,18.52777774666667,10.065333333333331,50.31666666666667,0,5.1764362714980825,70.66250196097344,9,6,4,0.7071067811865476,-0.7071067811865475,-0.7818314824680299,0.6234898018587334,0.8660254037844387,-0.4999999999999998,297.0,209.625,87.20833333333333,8.5,20.9,21.0,73.0,5.3,6.769499,0.0,9.8,18.79444442,50.5,50.18333333333333,50.0,50.0,49.6,-8.462444413333335,0.349999956666668,0.0540000000000002,10.011333333333331,10.269333333333332,18.26049382888889,9.850888888888887,7.970254,7.8349237,7.7388086,7.7012053,7.9816995,0,4.0,0,0.0,-0.92,23.0,77.0
2023-04-23 09:15:00,40.048675705558,0.0,0.0,18.79444442,10.269333333333332,49.6,0,5.1764362714980825,70.66250196097344,9,6,4,0.7071067811865476,-0.7071067811865475,-0.7818314824680299,0.6234898018587334,0.8660254037844387,-0.4999999999999998,350.75,266.75,116.1875,9.05,22.775,25.25,70.5,5.025,6.663299,0.0,10.1,18.74074076333333,50.31666666666667,50.5,50.18333333333333,50.0,49.03333333333333,-8.525111086666666,0.2666666733333294,0.2039999999999988,10.065333333333331,10.201333333333334,18.49999998555556,10.115333333333334,7.9816995,7.970254,7.8349237,7.7388086,7.8654923,0,4.0,0,0.0,-0.87,20.8,79.2
2023-04-23 09:30:00,51.819038272222,0.0,0.0,18.74074076333333,10.201333333333334,49.03333333333333,0,5.1764362714980825,70.66250196097344,9,6,4,0.7071067811865476,-0.7071067811865475,-0.7818314824680299,0.6234898018587334,0.8660254037844387,-0.4999999999999998,404.5,322.75,149.39583333333334,9.6,24.65,29.5,68.0,4.75,6.5502157,0.0,10.4,18.66111114,49.6,50.31666666666667,50.5,50.18333333333333,48.65,-8.53940743,-0.0537036566666628,-0.0679999999999978,10.269333333333332,10.222,18.687654310000003,10.178666666666668,7.8654923,7.9816995,7.970254,7.8349237,7.7673287,0,4.0,0,0.0,-0.88,21.4,78.6
2023-04-23 09:45:00,34.69972312222,0.0,0.0,18.66111114,10.222,48.65,0,5.1764362714980825,70.66250196097344,9,6,4,0.7071067811865476,-0.7071067811865475,-0.7818314824680299,0.6234898018587334,0.8660254037844387,-0.4999999999999998,458.25,377.625,186.83333333333331,10.15,26.525,33.75,65.5,4.475,6.430051,0.0,10.7,18.57407407,49.03333333333333,49.6,50.31666666666667,50.5,48.31666666666667,-8.439111139999998,-0.0796296233333357,0.020666666666667,10.201333333333334,9.822666666666668,18.73209877444445,10.23088888888889,7.7673287,7.8654923,7.9816995,7.970254,7.674464,0,4.0,0,0.0,-0.9,22.2,77.8
2023-04-23 10:00:00,41.45250841667,0.0,0.0,18.57407407,9.822666666666668,48.31666666666667,0,5.1764362714980825,70.66250196097344,10,6,4,0.4999999999999999,-0.8660254037844387,-0.7818314824680299,0.6234898018587334,0.8660254037844387,-0.4999999999999998,512.0,431.375,228.5,10.7,28.4,38.0,63.0,4.2,6.302605,0.0,11.0,18.42777778,48.65,49.03333333333333,49.6,50.31666666666667,48.0,-8.751407403333332,-0.0870370700000009,-0.3993333333333346,10.222,9.863333333333332,18.65864199111111,10.082000000000004,7.674464,7.7673287,7.8654923,7.9816995,7.558364,0,4.0,0,0.0,-0.92,23.0,77.0
2023-04-23 10:15:00,50.86768746111,0.0,0.0,18.42777778,9.863333333333332,48.0,0,5.1764362714980825,70.66250196097344,10,6,4,0.4999999999999999,-0.8660254037844387,-0.7818314824680299,0.6234898018587334,0.8660254037844387,-0.4999999999999998,537.75,478.125,271.2291666666667,10.45,28.675,53.5,61.0,3.925,6.1894374,0.0,11.225,18.54259256,48.31666666666667,48.65,49.03333333333333,49.6,47.81666666666667,-8.564444446666666,-0.1462962899999986,0.0406666666666666,9.822666666666668,9.785333333333334,18.554320996666664,9.969333333333337,7.558364,7.674464,7.7673287,7.8654923,7.580897,0,4.0,0,0.0,-0.96,24.5,75.5
2023-04-23 10:30:00,34.743054605558,0.0,0.0,18.54259256,9.785333333333334,47.81666666666667,0,5.1764362714980825,70.66250196097344,10,6,4,0.4999999999999999,-0.8660254037844387,-0.7818314824680299,0.6234898018587334,0.8660254037844387,-0.4999999999999998,563.5,517.875,315.0208333333333,10.2,28.95,69.0,59.0,3.65,6.0716095,0.0,11.45,19.05000001,48.0,48.31666666666667,48.65,49.03333333333333,46.75,-8.757259226666665,0.1148147799999996,-0.0779999999999994,9.863333333333332,10.006666666666666,18.514814803333334,9.82377777777778,7.580897,7.558364,7.674464,7.7673287,7.6374702,0,4.0,0,0.0,-0.93,23.4,76.6
2023-04-23 10:45:00,46.39981051667,0.0,0.0,19.05000001,10.006666666666666,46.75,0,5.1764362714980825,70.66250196097344,10,6,4,0.4999999999999999,-0.8660254037844387,-0.7818314824680299,0.6234898018587334,0.8660254037844387,-0.4999999999999998,589.25,550.625,359.875,9.95,29.225,84.5,57.0,3.375,5.9490294,0.0,11.675,19.36296293,47.81666666666667,48.0,48.31666666666667,48.65,45.85,-9.043333343333336,0.5074074500000023,0.221333333333332,9.785333333333334,10.206666666666669,18.673456783333336,9.885111111111112,7.6374702,7.580897,7.558364,7.674464,7.629849,0,4.0,0,0.0,-0.82,19.2,80.8
2023-04-23 11:00:00,44.310727466668,0.0,0.0,19.36296293,10.206666666666669,45.85,0,5.1764362714980825,70.66250196097344,11,6,4,0.258819045102521,-0.9659258262890682,-0.7818314824680299,0.6234898018587334,0.8660254037844387,-0.4999999999999998,615.0,576.375,405.7916666666667,9.7,29.5,100.0,55.0,3.1,5.821599,0.0,11.9,19.68333333,46.75,47.81666666666667,48.0,48.31666666666667,44.75,-9.156296263333331,0.3129629199999968,0.200000000000001,10.006666666666666,10.445333333333334,18.985185166666668,9.999555555555558,7.629849,7.6374702,7.580897,7.558364,7.5883546,0,4.0,0,0.0,-0.75,16.9,83.1
2023-04-23 11:15:00,39.185099150002,0.0,0.0,19.68333333,10.445333333333334,44.75,0,5.1764362714980825,70.66250196097344,11,6,4,0.258819045102521,-0.9659258262890682,-0.7818314824680299,0.6234898018587334,0.8660254037844387,-0.4999999999999998,549.25,579.25,441.375,9.575,28.875,99.75,55.0,3.0,5.78534,0.0,11.8,19.849999986666667,45.85,46.75,47.81666666666667,48.0,44.03333333333333,-9.237999996666666,0.3203704000000016,0.238666666666667,10.206666666666669,10.788,19.36543209,10.219555555555557,7.5883546,7.629849,7.6374702,7.580897,7.540194,0,4.0,0,0.0,-0.68,14.8,85.2
2023-04-23 11:30:00,66.041247177776,0.0,0.0,19.849999986666667,10.788,44.03333333333333,0,5.1764362714980825,70.66250196097344,11,6,4,0.258819045102521,-0.9659258262890682,-0.7818314824680299,0.6234898018587334,0.8660254037844387,-0.4999999999999998,483.5,559.25,466.625,9.45,28.25,99.5,55.0,2.9000000000000004,5.7492766,0.0,11.7,19.85555554,44.75,45.85,46.75,47.81666666666667,43.6,-9.061999986666669,0.166666656666667,0.3426666666666662,10.445333333333334,11.116666666666667,19.63209874888889,10.480000000000002,7.540194,7.5883546,7.629849,7.6374702,7.4684224,0,4.0,0,0.0,-0.65,13.8,86.2
2023-04-23 11:45:00,71.352701394442,0.0,0.0,19.85555554,11.116666666666667,43.6,0,5.1764362714980825,70.66250196097344,11,6,4,0.258819045102521,-0.9659258262890682,-0.7818314824680299,0.6234898018587334,0.8660254037844387,-0.4999999999999998,417.75,516.375,481.5416666666667,9.325,27.625,99.25,55.0,2.8000000000000003,5.71341,0.0,11.6,19.94629631666667,44.03333333333333,44.75,45.85,46.75,43.21666666666667,-8.738888873333334,0.005555553333334,0.3286666666666669,10.788,11.366,19.79629628555556,10.783333333333337,7.4684224,7.540194,7.5883546,7.629849,7.442231,0,4.0,0,0.0,-0.65,13.8,86.2
2023-04-23 12:00:00,409.787774566664,0.0,0.0,19.94629631666667,11.366,43.21666666666667,0,5.1764362714980825,70.66250196097344,12,6,4,1.2246467991473532e-16,-1.0,-0.7818314824680299,0.6234898018587334,0.8660254037844387,-0.4999999999999998,352.0,450.625,486.125,9.2,27.0,99.0,55.0,2.7,5.677738,0.0,11.5,20.14444448,43.6,44.03333333333333,44.75,45.85,43.45,-8.580296316666667,0.0907407766666672,0.2493333333333343,11.116666666666667,11.315333333333331,19.883950614444448,11.090222222222224,7.442231,7.4684224,7.540194,7.5883546,7.5697083,0,4.0,0,0.0,-0.63,13.3,86.7
2023-04-23 12:15:00,35.94522871667,0.0,0.0,20.14444448,11.315333333333331,43.45,0,5.1764362714980825,70.66250196097344,12,6,4,1.2246467991473532e-16,-1.0,-0.7818314824680299,0.6234898018587334,0.8660254037844387,-0.4999999999999998,387.0,410.0625,489.1458333333333,9.05,26.65,96.25,54.25,2.6750000000000003,5.6708775,0.0,11.7,20.351851866666667,43.21666666666667,43.6,44.03333333333333,44.75,42.66666666666666,-8.829111146666667,0.1981481633333324,-0.0506666666666681,11.366,11.819333333333333,19.98209877888889,11.266000000000004,7.5697083,7.442231,7.4684224,7.540194,7.5238895,0,4.0,0,0.0,-0.58,12.1,87.9
2023-04-23 12:30:00,1123.28256681667,0.0,0.0,20.351851866666667,11.819333333333333,42.66666666666666,0,5.1764362714980825,70.66250196097344,12,6,4,1.2246467991473532e-16,-1.0,-0.7818314824680299,0.6234898018587334,0.8660254037844387,-0.4999999999999998,422.0,394.6875,490.6041666666667,8.899999999999999,26.3,93.5,53.5,2.6500000000000004,5.6628284,0.0,11.9,20.81666667,43.45,43.21666666666667,43.6,44.03333333333333,41.3,-8.532518533333334,0.2074073866666665,0.5039999999999996,11.315333333333331,11.741333333333332,20.14753088777778,11.500222222222224,7.5238895,7.5697083,7.442231,7.4684224,7.4829106,0,4.0,0,0.0,-0.54,11.1,88.9
2023-04-23 12:45:00,988.401851327774,0.0,0.0,20.81666667,11.741333333333332,41.3,0,5.1764362714980825,70.66250196097344,12,6,4,1.2246467991473532e-16,-1.0,-0.7818314824680299,0.6234898018587334,0.8660254037844387,-0.4999999999999998,457.0,404.5,490.5,8.75,25.950000000000003,90.75,52.75,2.625,5.6535635,0.0,12.1,21.30370367333333,42.66666666666666,43.45,43.21666666666667,43.6,40.81666666666667,-9.075333336666668,0.4648148033333328,-0.0779999999999994,11.819333333333333,12.018,20.43765433888889,11.625333333333336,7.4829106,7.5238895,7.5697083,7.442231,7.6074963,0,4.0,0,0.0,-0.44,9.0,91.0
2023-04-23 13:00:00,37.80793203889,0.0,0.0,21.30370367333333,12.018,40.81666666666667,0,5.1764362714980825,70.66250196097344,13,6,4,-0.2588190451025208,-0.9659258262890684,-0.7818314824680299,0.6234898018587334,0.8660254037844387,-0.4999999999999998,492.0,439.5,488.8333333333333,8.6,25.6,88.0,52.0,2.6,5.643061,0.0,12.3,21.36666664,41.3,42.66666666666666,43.45,43.21666666666667,40.45,-9.285703673333334,0.4870370033333344,0.2766666666666673,11.741333333333332,11.958666666666666,20.82407407,11.859555555555556,7.6074963,7.4829106,7.5238895,7.5697083,7.5667167,0,4.0,0,0.0,-0.32,7.2,92.8
2023-04-23 13:15:00,44.9240363,0.0,0.0,21.36666664,11.958666666666666,40.45,0,5.1764362714980825,70.66250196097344,13,6,4,-0.2588190451025208,-0.9659258262890684,-0.7818314824680299,0.6234898018587334,0.8660254037844387,-0.4999999999999998,527.5,474.625,487.9791666666667,8.5,25.6,91.0,51.0,2.525,5.5951223,0.0,12.475,21.624074086666667,40.81666666666667,41.3,42.66666666666666,43.45,40.03333333333333,-9.407999973333336,0.0629629666666673,-0.0593333333333347,12.018,12.002666666666666,21.162345661111114,11.906,7.5667167,7.6074963,7.4829106,7.5238895,7.6011786,0,4.0,0,0.0,-0.31,7.0,93.0
2023-04-23 13:30:00,723.850211566664,0.0,0.0,21.624074086666667,12.002666666666666,40.03333333333333,0,5.1764362714980825,70.66250196097344,13,6,4,-0.2588190451025208,-0.9659258262890684,-0.7818314824680299,0.6234898018587334,0.8660254037844387,-0.4999999999999998,563.0,509.875,487.9375,8.399999999999999,25.6,94.0,50.0,2.45,5.545372,0.0,12.65,21.55555558,40.45,40.81666666666667,41.3,42.66666666666666,39.65,-9.62140742,0.2574074466666651,0.0440000000000004,11.958666666666666,12.219333333333331,21.431481466666668,11.993111111111112,7.6011786,7.5667167,7.6074963,7.4829106,7.4986205,0,4.0,0,0.0,-0.25,6.3,93.7
2023-04-23 13:45:00,27.867218616666,0.0,0.0,21.55555558,12.219333333333331,39.65,0,5.1764362714980825,70.66250196097344,13,6,4,-0.2588190451025208,-0.9659258262890684,-0.7818314824680299,0.6234898018587334,0.8660254037844387,-0.4999999999999998,598.5,545.25,488.7083333333333,8.299999999999999,25.6,97.0,49.0,2.375,5.4937816,0.0,12.825,21.33888889,40.03333333333333,40.45,40.81666666666667,41.3,39.5,-9.336222246666669,-0.0685185066666669,0.2166666666666667,12.002666666666666,11.913333333333332,21.515432102222224,12.060222222222222,7.4986205,7.6011786,7.5667167,7.6074963,7.377123,0,4.0,0,0.0,-0.27,6.5,93.5
2023-04-23 14:00:00,41.22473986111,0.0,0.0,21.33888889,11.913333333333332,39.5,0,5.1764362714980825,70.66250196097344,14,6,4,-0.4999999999999997,-0.8660254037844388,-0.7818314824680299,0.6234898018587334,0.8660254037844387,-0.4999999999999998,634.0,580.75,490.2916666666667,8.2,25.6,100.0,48.0,2.3,5.440322,0.0,13.0,21.04444444,39.65,40.03333333333333,40.45,40.81666666666667,39.15,-9.425555556666668,-0.2166666900000002,-0.3060000000000009,12.219333333333331,11.312666666666669,21.50617285222222,12.045111111111112,7.377123,7.4986205,7.6011786,7.5667167,7.187917,0,4.0,0,0.0,-0.32,7.2,92.8
2023-04-23 14:15:00,37.748212311108,0.0,0.0,21.04444444,11.312666666666669,39.15,0,5.1764362714980825,70.66250196097344,14,6,4,-0.4999999999999997,-0.8660254037844388,-0.7818314824680299,0.6234898018587334,0.8660254037844387,-0.4999999999999998,544.25,584.9375,489.875,8.7,25.325000000000003,100.0,48.75,2.3,5.448834,0.0,12.775,20.751851876666667,39.5,39.65,40.03333333333333,40.45,39.0,-9.731777773333333,-0.2944444500000003,-0.6006666666666653,11.913333333333332,11.185333333333334,21.31296297,11.815111111111111,7.187917,7.377123,7.4986205,7.6011786,7.039584,0,4.0,0,0.0,-0.4,8.3,91.7
2023-04-23 14:30:00,36.772140288884,0.0,0.0,20.751851876666667,11.185333333333334,39.0,0,5.1764362714980825,70.66250196097344,14,6,4,-0.4999999999999997,-0.8660254037844388,-0.7818314824680299,0.6234898018587334,0.8660254037844387,-0.4999999999999998,454.5,557.8125,487.4583333333333,9.2,25.05,100.0,49.5,2.3,5.455931,0.0,12.55,20.53333334,39.15,39.5,39.65,40.03333333333333,38.65,-9.566518543333332,-0.2925925633333328,-0.1273333333333326,11.312666666666669,11.142,21.04506173555556,11.470444444444446,7.039584,7.187917,7.377123,7.4986205,6.8881493,0,4.0,0,0.0,-0.47,9.5,90.5
2023-04-23 14:45:00,362.878262088888,0.0,0.0,20.53333334,11.142,38.65,0,5.1764362714980825,70.66250196097344,14,6,4,-0.4999999999999997,-0.8660254037844388,-0.7818314824680299,0.6234898018587334,0.8660254037844387,-0.4999999999999998,364.75,499.375,483.0416666666667,9.7,24.775,100.0,50.25,2.3,5.461643,0.0,12.325,20.283333326666664,39.0,39.15,39.5,39.65,38.5,-9.391333340000005,-0.2185185366666644,-0.0433333333333347,11.185333333333334,10.888666666666667,20.77654321888889,11.213333333333331,6.8881493,7.039584,7.187917,7.377123,6.762016,0,4.0,0,0.0,-0.52,10.6,89.4
2023-04-23 15:00:00,85.44491531667,0.0,0.0,20.283333326666664,10.888666666666667,38.5,0,5.1764362714980825,70.66250196097344,15,6,4,-0.7071067811865471,-0.7071067811865479,-0.7818314824680299,0.6234898018587334,0.8660254037844387,-0.4999999999999998,275.0,409.625,476.625,10.2,24.5,100.0,51.0,2.3,5.466005,0.0,12.1,20.02777779,38.65,39.0,39.15,39.5,38.55,-9.394666659999997,-0.250000013333338,-0.2533333333333321,11.142,10.637333333333334,20.52283951444445,11.072000000000005,6.762016,6.8881493,7.039584,7.187917,6.6703496,0,4.0,0,0.0,-0.58,12.0,88.0
2023-04-23 15:15:00,92.343528311112,0.0,0.0,20.02777779,10.637333333333334,38.55,0,5.1764362714980825,70.66250196097344,15,6,4,-0.7071067811865471,-0.7071067811865479,-0.7818314824680299,0.6234898018587334,0.8660254037844387,-0.4999999999999998,272.5,341.6875,467.0833333333333,10.9,26.025,100.0,51.5,2.275,5.4767184,0.0,11.975,19.772222226666667,38.5,38.65,39.0,39.15,38.96666666666667,-9.390444456666668,-0.2555555366666624,-0.2513333333333332,10.888666666666667,10.347333333333331,20.28148148555556,10.889333333333337,6.6703496,6.762016,6.8881493,7.039584,6.642221,0,4.0,0,0.0,-0.64,13.5,86.5
2023-04-23 15:30:00,67.66757102222,0.0,0.0,19.772222226666667,10.347333333333331,38.96666666666667,0,5.1764362714980825,70.66250196097344,15,6,4,-0.7071067811865471,-0.7071067811865479,-0.7818314824680299,0.6234898018587334,0.8660254037844387,-0.4999999999999998,270.0,295.5625,454.4166666666667,11.6,27.55,100.0,52.0,2.25,5.486892,0.0,11.85,19.59444446,38.55,38.5,38.65,39.0,39.0,-9.424888893333334,-0.2555555633333348,-0.2900000000000009,10.637333333333334,9.871333333333332,20.027777781111112,10.624444444444444,6.642221,6.6703496,6.762016,6.8881493,6.578884,0,4.0,0,0.0,-0.69,15.1,84.9
2023-04-23 15:45:00,74.51174169444201,0.0,0.0,19.59444446,9.871333333333332,39.0,0,5.1764362714980825,70.66250196097344,15,6,4,-0.7071067811865471,-0.7071067811865479,-0.7818314824680299,0.6234898018587334,0.8660254037844387,-0.4999999999999998,267.5,271.25,438.625,12.3,29.075000000000003,100.0,52.5,2.225,5.496534,0.0,11.725,19.411111076666664,38.96666666666667,38.55,38.5,38.65,39.0,-9.723111126666666,-0.1777777666666686,-0.4760000000000008,10.347333333333331,9.48,19.79814815888889,10.285333333333334,6.578884,6.642221,6.6703496,6.762016,6.5083623,0,4.0,0,0.0,-0.73,16.4,83.6
2023-04-23 16:00:00,87.60094040554999,0.0,0.0,19.411111076666664,9.48,39.0,0,5.1764362714980825,70.66250196097344,16,6,4,-0.8660254037844385,-0.5000000000000004,-0.7818314824680299,0.6234898018587334,0.8660254037844387,-0.4999999999999998,265.0,268.75,419.7083333333333,13.0,30.6,100.0,53.0,2.2,5.505649,0.0,11.6,19.24444442,39.0,38.96666666666667,38.55,38.5,39.3,-9.931111076666664,-0.1833333833333341,-0.3913333333333337,9.871333333333332,9.336,19.592592587777776,9.899555555555557,6.5083623,6.578884,6.642221,6.6703496,6.4943943,0,4.0,0,0.0,-0.78,17.7,82.3
2023-04-23 16:15:00,113.33130014999,0.0,0.0,19.24444442,9.336,39.3,0,5.1764362714980825,70.66250196097344,16,6,4,-0.8660254037844385,-0.5000000000000004,-0.7818314824680299,0.6234898018587334,0.8660254037844387,-0.4999999999999998,223.75,256.5625,394.3958333333333,13.975,32.75,100.0,54.5,2.1750000000000003,5.486648,0.025,11.1,19.07777777,39.0,39.0,38.96666666666667,38.55,38.85,-9.908444419999997,-0.166666656666667,-0.1439999999999983,9.48,9.240666666666668,19.41666665222222,9.562444444444443,6.4943943,6.5083623,6.578884,6.642221,6.357269,0,4.0,0,0.0,-0.81,19.0,81.0
2023-04-23 16:30:00,70.952161766668,0.0,0.0,19.07777777,9.240666666666668,38.85,0,5.1764362714980825,70.66250196097344,16,6,4,-0.8660254037844385,-0.5000000000000004,-0.7818314824680299,0.6234898018587334,0.8660254037844387,-0.4999999999999998,182.5,234.6875,362.6875,14.95,34.900000000000006,100.0,56.0,2.1500000000000004,5.462875,0.05,10.6,18.8722222,39.3,39.0,39.0,38.96666666666667,38.45,-9.837111103333331,-0.1666666499999962,-0.0953333333333326,9.336,8.989333333333333,19.244444422222223,9.352222222222224,6.357269,6.4943943,6.5083623,6.578884,6.2159295,0,4.0,0,0.0,-0.86,20.4,79.6
2023-04-23 16:45:00,68.098387055556,0.0,0.0,18.8722222,8.989333333333333,38.45,0,5.1764362714980825,70.66250196097344,16,6,4,-0.8660254037844385,-0.5000000000000004,-0.7818314824680299,0.6234898018587334,0.8660254037844387,-0.4999999999999998,141.25,203.125,324.5833333333333,15.925,37.05,100.0,57.5,2.125,5.4346056,0.075,10.1,18.709259256666662,38.85,39.3,39.0,39.0,38.03333333333333,-9.882888866666669,-0.2055555700000013,-0.2513333333333349,9.240666666666668,8.596666666666666,19.064814796666667,9.188666666666668,6.2159295,6.357269,6.4943943,6.5083623,6.0896215,0,4.0,0,0.0,-0.91,22.3,77.7
2023-04-23 17:00:00,98.283568483334,0.0,0.0,18.709259256666662,8.596666666666666,38.03333333333333,0,5.1764362714980825,70.66250196097344,17,6,4,-0.9659258262890684,-0.2588190451025206,-0.7818314824680299,0.6234898018587334,0.8660254037844387,-0.4999999999999998,100.0,161.875,280.0833333333333,16.9,39.2,100.0,59.0,2.1,5.4021087,0.1,9.6,18.60000002,38.45,38.85,39.3,39.0,38.0,-10.11259259,-0.1629629433333335,-0.3926666666666669,8.989333333333333,8.295333333333334,18.886419742222223,8.942222222222224,6.0896215,6.2159295,6.357269,6.4943943,6.045071,0,4.0,0,0.0,-0.95,23.9,76.1
2023-04-23 17:15:00,109.948657444444,17.529021044444,17.568741672222,18.60000002,8.295333333333334,38.0,1,5.1764362714980825,70.66250196097344,17,6,4,-0.9659258262890684,-0.2588190451025206,-0.7818314824680299,0.6234898018587334,0.8660254037844387,-0.4999999999999998,86.25,127.5,241.91666666666663,16.125,38.75,100.0,60.0,1.9,5.338318,0.125,9.15,18.505555556666664,38.03333333333333,38.45,38.85,39.3,37.81666666666667,-10.304666686666666,-0.1092592366666664,-0.3013333333333321,8.596666666666666,7.917333333333334,18.72716049222222,8.627111111111113,6.045071,6.0896215,6.2159295,6.357269,5.9823484,0,3.0,1,0.25,-0.97,24.9,75.1
2023-04-23 17:30:00,147.933249199996,88.057033111112,88.07564354999799,18.505555556666664,7.917333333333334,37.81666666666667,2,5.1764362714980825,70.66250196097344,17,6,4,-0.9659258262890684,-0.2588190451025206,-0.7818314824680299,0.6234898018587334,0.8660254037844387,-0.4999999999999998,72.5,100.0,210.08333333333331,15.35,38.3,100.0,61.0,1.7000000000000002,5.273259,0.15,8.7,18.53888892,38.0,38.03333333333333,38.45,38.85,37.5,-10.58822222333333,-0.0944444633333354,-0.3780000000000001,8.295333333333334,7.905333333333333,18.604938277777777,8.269777777777778,5.9823484,6.045071,6.0896215,6.2159295,5.9439807,0,2.0,1,0.5,-0.99,25.9,74.1
2023-04-23 17:45:00,49.679679449998,0.0,0.0,18.53888892,7.905333333333333,37.5,0,5.1764362714980825,70.66250196097344,17,6,4,-0.9659258262890684,-0.2588190451025206,-0.7818314824680299,0.6234898018587334,0.8660254037844387,-0.4999999999999998,58.75,79.375,184.58333333333331,14.575,37.85,100.0,62.0,1.5,5.20704,0.175,8.25,18.51481482666667,37.81666666666667,38.0,38.03333333333333,38.45,37.5,-10.633555586666663,0.0333333633333339,-0.0120000000000004,7.917333333333334,7.958,18.54814816555556,8.039333333333333,5.9439807,5.9823484,6.045071,6.0896215,5.93551,1,2.0,1,0.5,-0.99,25.6,74.4
2023-04-23 18:00:00,38.610122150002,0.0,0.0,18.51481482666667,7.958,37.5,0,5.1764362714980825,70.66250196097344,18,6,4,-1.0,-1.8369701987210294e-16,-0.7818314824680299,0.6234898018587334,0.8660254037844387,-0.4999999999999998,45.0,65.625,165.41666666666666,13.8,37.4,100.0,63.0,1.3,5.139768,0.2,7.8,18.39999999,37.5,37.81666666666667,38.0,38.03333333333333,37.5,-10.556814826666669,-0.0240740933333292,0.052666666666667,7.905333333333333,7.797333333333333,18.51975310111111,7.9268888888888895,5.93551,5.9439807,5.9823484,6.045071,5.8952537,0,2.0,0,0.5,-0.99,25.8,74.2
2023-04-23 18:15:00,307.230488072222,0.0,0.0,18.39999999,7.797333333333333,37.5,0,5.1764362714980825,70.66250196097344,18,6,4,-1.0,-1.8369701987210294e-16,-0.7818314824680299,0.6234898018587334,0.8660254037844387,-0.4999999999999998,40.75,54.25,146.10416666666666,12.775,35.15,100.0,62.75,1.05,5.069995,0.2,7.65,18.316666656666666,37.5,37.5,37.81666666666667,38.0,37.5,-10.602666656666669,-0.1148148366666674,-0.1606666666666667,7.958,7.726,18.48456791222222,7.88688888888889,5.8952537,5.93551,5.9439807,5.9823484,5.8661847,0,3.0,0,0.25,-1.02,27.0,73.0
2023-04-23 18:30:00,49.413578927778,0.0,0.0,18.316666656666666,7.726,37.5,0,5.1764362714980825,70.66250196097344,18,6,4,-1.0,-1.8369701987210294e-16,-0.7818314824680299,0.6234898018587334,0.8660254037844387,-0.4999999999999998,36.5,45.25,126.64583333333331,11.75,32.9,100.0,62.5,0.8,5.0010304,0.2,7.5,18.23333333,37.5,37.5,37.5,37.81666666666667,37.85,-10.590666656666668,-0.0833333333333357,-0.0713333333333334,7.797333333333333,7.531333333333333,18.410493824444448,7.827111111111113,5.8661847,5.8952537,5.93551,5.9439807,5.891721,0,4.0,0,0.0,-1.04,27.8,72.2
2023-04-23 18:45:00,33.702262922224,0.0,0.0,18.23333333,7.531333333333333,37.85,0,5.1764362714980825,70.66250196097344,18,6,4,-1.0,-1.8369701987210294e-16,-0.7818314824680299,0.6234898018587334,0.8660254037844387,-0.4999999999999998,32.25,38.625,107.04166666666669,10.725,30.65,100.0,62.25,0.55,4.932866,0.2,7.35,18.150000013333333,37.5,37.5,37.5,37.5,38.0,-10.701999996666668,-0.0833333266666649,-0.1946666666666665,7.726,7.354,18.316666658888888,7.6848888888888895,5.891721,5.8661847,5.8952537,5.93551,5.885864,0,4.0,0,0.0,-1.06,28.6,71.4
2023-04-23 19:00:00,45.431516033332,0.0,0.0,18.150000013333333,7.354,38.0,0,5.1764362714980825,70.66250196097344,19,6,4,-0.9659258262890684,0.2588190451025203,-0.7818314824680299,0.6234898018587334,0.8660254037844387,-0.4999999999999998,28.0,34.375,87.29166666666667,9.7,28.4,100.0,62.0,0.3,4.8654947,0.2,7.2,18.10555555,37.85,37.5,37.5,37.5,38.05,-10.796000013333334,-0.0833333166666676,-0.1773333333333333,7.531333333333333,7.268,18.23333333333333,7.537111111111112,5.885864,5.891721,5.8661847,5.8952537,5.8780637,0,4.0,0,0.0,-1.08,29.4,70.6
2023-04-23 19:15:00,49.998555527778,0.0,0.0,18.10555555,7.268,38.05,0,5.1764362714980825,70.66250196097344,19,6,4,-0.9659258262890684,0.2588190451025203,-0.7818314824680299,0.6234898018587334,0.8660254037844387,-0.4999999999999998,23.5,30.0625,70.60416666666667,8.899999999999999,26.25,100.0,64.25,0.425,4.920665,0.175,6.825,18.100000036666664,38.0,37.85,37.5,37.5,38.65,-10.83755555,-0.0444444633333311,-0.0860000000000003,7.354,7.239999999999999,18.162962964444446,7.384444444444445,5.8780637,5.885864,5.891721,5.8661847,5.9687805,0,4.0,0,0.0,-1.09,29.8,70.2
2023-04-23 19:30:00,111.398599477776,78.308811955556,78.326589044444,18.100000036666664,7.239999999999999,38.65,2,5.1764362714980825,70.66250196097344,19,6,4,-0.9659258262890684,0.2588190451025203,-0.7818314824680299,0.6234898018587334,0.8660254037844387,-0.4999999999999998,19.0,25.6875,56.97916666666666,8.1,24.1,100.0,66.5,0.55,4.969985,0.15,6.45,18.20555555,38.05,38.0,37.85,37.5,38.7,-10.860000036666666,-0.0055555133333378,-0.0280000000000004,7.268,7.320666666666667,18.118518533333333,7.287333333333334,5.9687805,5.8780637,5.885864,5.891721,6.014102,0,3.0,1,0.25,-1.08,29.8,70.2
2023-04-23 19:45:00,45.201247511108,0.0,0.0,18.20555555,7.320666666666667,38.7,0,5.1764362714980825,70.66250196097344,19,6,4,-0.9659258262890684,0.2588190451025203,-0.7818314824680299,0.6234898018587334,0.8660254037844387,-0.4999999999999998,14.5,21.25,46.41666666666666,7.3,21.95,100.0,68.75,0.675,5.013673,0.125,6.075,18.20185185,38.65,38.05,38.0,37.85,38.96666666666667,-10.884888883333332,0.1055555133333356,0.0806666666666675,7.239999999999999,7.284666666666666,18.137037045555555,7.276222222222223,6.014102,5.9687805,5.8780637,5.885864,6.0542126,1,3.0,1,0.25,-1.06,28.7,71.3
2023-04-23 20:00:00,36.87324726111,0.0,0.0,18.20185185,7.284666666666666,38.96666666666667,0,5.1764362714980825,70.66250196097344,20,6,4,-0.8660254037844386,0.5000000000000001,-0.7818314824680299,0.6234898018587334,0.8660254037844387,-0.4999999999999998,10.0,16.75,38.91666666666666,6.5,19.8,100.0,71.0,0.8,5.0519433,0.1,5.7,18.08333337,38.7,38.65,38.05,38.0,39.35,-10.917185183333334,-0.003703699999999,-0.0360000000000004,7.320666666666667,7.319999999999999,18.169135812222223,7.281777777777779,6.0542126,6.014102,5.9687805,5.8780637,6.0708656,0,3.0,0,0.25,-1.06,28.6,71.4
2023-04-23 20:15:00,44.992922394446,0.0,0.0,18.08333337,7.319999999999999,39.35,0,5.1764362714980825,70.66250196097344,20,6,4,-0.8660254037844386,0.5000000000000001,-0.7818314824680299,0.6234898018587334,0.8660254037844387,-0.4999999999999998,7.5,12.75,32.354166666666664,5.975,18.1,100.0,74.0,1.225,5.222319,0.1,5.575,18.003703706666666,38.96666666666667,38.7,38.65,38.05,39.5,-10.763333369999998,-0.1185184800000023,0.0353333333333329,7.284666666666666,7.316666666666666,18.163580256666663,7.3084444444444445,6.0708656,6.0542126,6.014102,5.9687805,6.0652213,0,3.0,0,0.25,-1.08,29.8,70.2
2023-04-23 20:30:00,39.78479754444,0.0,0.0,18.003703706666666,7.316666666666666,39.5,0,5.1764362714980825,70.66250196097344,20,6,4,-0.8660254037844386,0.5000000000000001,-0.7818314824680299,0.6234898018587334,0.8660254037844387,-0.4999999999999998,5.0,9.25,26.729166666666668,5.45,16.4,100.0,77.0,1.65,5.389522,0.1,5.45,17.95555553,39.35,38.96666666666667,38.7,38.65,39.5,-10.68703704,-0.0796296633333319,-0.0033333333333329,7.319999999999999,7.3,18.09629630888889,7.307111111111112,6.0652213,6.0708656,6.0542126,6.014102,6.0478697,0,4.0,0,0.0,-1.1,30.6,69.4
2023-04-23 20:45:00,34.680279366668,0.0,0.0,17.95555553,7.3,39.5,0,5.1764362714980825,70.66250196097344,20,6,4,-0.8660254037844386,0.5000000000000001,-0.7818314824680299,0.6234898018587334,0.8660254037844387,-0.4999999999999998,2.5,6.25,22.041666666666668,4.925000000000001,14.7,100.0,80.0,2.075,5.5535893,0.1,5.325,17.91296295,39.5,39.35,38.96666666666667,38.7,39.31666666666667,-10.65555553,-0.0481481766666647,-0.0166666666666666,7.316666666666666,7.216666666666667,18.014197535555557,7.312222222222222,6.0478697,6.0652213,6.0708656,6.0542126,6.0045595,0,4.0,0,0.0,-1.11,31.1,68.9
2023-04-23 21:00:00,1231.820169622224,110.940562183334,110.959450327778,17.91296295,7.216666666666667,39.31666666666667,2,5.1764362714980825,70.66250196097344,21,6,4,-0.7071067811865477,0.7071067811865474,-0.7818314824680299,0.6234898018587334,0.8660254037844387,-0.4999999999999998,0.0,3.75,18.291666666666668,4.4,13.0,100.0,83.0,2.5,5.7145534,0.1,5.2,18.13888886,39.5,39.5,39.35,38.96666666666667,38.65,-10.696296283333334,-0.0425925800000008,-0.083333333333333,7.3,7.050666666666666,17.957407395555556,7.277777777777779,6.0045595,6.0478697,6.0652213,6.0708656,5.982593,0,3.0,1,0.25,-1.12,31.6,68.4
2023-04-23 21:15:00,997.903971211108,13.38502016111,13.397241938886,18.13888886,7.050666666666666,38.65,1,5.1764362714980825,70.66250196097344,21,6,4,-0.7071067811865477,0.7071067811865474,-0.7818314824680299,0.6234898018587334,0.8660254037844387,-0.4999999999999998,0.0,1.875,14.895833333333334,4.45,12.275,98.25,84.0,2.65,5.7738724,0.2,5.175,18.18148146333333,39.31666666666667,39.5,39.5,39.35,38.68333333333333,-11.088222193333335,0.2259259100000008,-0.1660000000000003,7.216666666666667,7.0,18.002469113333337,7.189111111111113,5.982593,6.0045595,6.0478697,6.0652213,6.0029235,0,2.0,1,0.5,-1.07,29.4,70.6
2023-04-23 21:30:00,30.637107849998,0.0,0.0,18.18148146333333,7.0,38.68333333333333,0,5.1764362714980825,70.66250196097344,21,6,4,-0.7071067811865477,0.7071067811865474,-0.7818314824680299,0.6234898018587334,0.8660254037844387,-0.4999999999999998,0.0,0.625,11.854166666666666,4.5,11.55,96.5,85.0,2.8,5.8329782,0.3,5.15,18.02777777,38.65,39.31666666666667,39.5,39.5,39.1,-11.181481463333334,0.0425926033333325,-0.0506666666666664,7.050666666666666,6.8613333333333335,18.077777757777778,7.089111111111112,6.0029235,5.982593,6.0045595,6.0478697,6.012403,1,2.0,1,0.5,-1.06,28.9,71.1
2023-04-23 21:45:00,109.572283616666,0.0,0.0,18.02777777,6.8613333333333335,39.1,0,5.1764362714980825,70.66250196097344,21,6,4,-0.7071067811865477,0.7071067811865474,-0.7818314824680299,0.6234898018587334,0.8660254037844387,-0.4999999999999998,0.0,0.0,9.166666666666666,4.55,10.825,94.75,86.0,2.95,5.8918705,0.4,5.125,17.96851849333333,38.68333333333333,38.65,39.31666666666667,39.5,40.3,-11.166444436666666,-0.153703693333334,-0.1386666666666665,7.0,6.752,18.116049364444446,6.970666666666669,6.012403,6.0029235,5.982593,6.0045595,6.17512,0,2.0,0,0.5,-1.1,30.4,69.6
2023-04-23 22:00:00,103.617799605554,0.0,0.0,17.96851849333333,6.752,40.3,0,5.1764362714980825,70.66250196097344,22,6,4,-0.5000000000000004,0.8660254037844384,-0.7818314824680299,0.6234898018587334,0.8660254037844387,-0.4999999999999998,0.0,0.0,6.833333333333333,4.6,10.1,93.0,87.0,3.1,5.9505506,0.5,5.1,18.08333333,39.1,38.68333333333333,38.65,39.31666666666667,42.1,-11.216518493333332,-0.059259276666669,-0.1093333333333337,6.8613333333333335,6.779333333333333,18.059259242222225,6.871111111111112,6.17512,6.012403,6.0029235,5.982593,6.4951324,0,3.0,0,0.25,-1.11,30.8,69.2
2023-04-23 22:15:00,94.815096211108,0.0,0.0,18.08333333,6.779333333333333,42.1,0,5.1764362714980825,70.66250196097344,22,6,4,-0.5000000000000004,0.8660254037844384,-0.7818314824680299,0.6234898018587334,0.8660254037844387,-0.4999999999999998,0.0,0.0,4.875,4.225,10.1,94.75,89.0,3.25,6.027317,0.4,4.949999999999999,18.18333334333333,40.3,39.1,38.68333333333333,38.65,42.96666666666667,-11.303999996666668,0.114814836666671,0.0273333333333329,6.752,6.776,18.02654319777778,6.797555555555557,6.4951324,6.17512,6.012403,6.0029235,6.668349,0,4.0,0,0.0,-1.07,29.2,70.8
2023-04-23 22:30:00,102.553675588884,0.0,0.0,18.18333334333333,6.776,42.96666666666667,0,5.1764362714980825,70.66250196097344,22,6,4,-0.5000000000000004,0.8660254037844384,-0.7818314824680299,0.6234898018587334,0.8660254037844387,-0.4999999999999998,0.0,0.0,3.2916666666666665,3.85,10.1,96.5,91.0,3.4000000000000004,6.1019163,0.3,4.8,18.26111112,42.1,40.3,39.1,38.68333333333333,43.35,-11.407333343333336,0.1000000133333323,-0.0033333333333329,6.779333333333333,6.728666666666666,18.07839505555556,6.769111111111112,6.668349,6.4951324,6.17512,6.012403,6.7589855,0,4.0,0,0.0,-1.04,27.9,72.1
2023-04-23 22:45:00,99.444077861102,0.0,0.0,18.26111112,6.728666666666666,43.35,0,5.1764362714980825,70.66250196097344,22,6,4,-0.5000000000000004,0.8660254037844384,-0.7818314824680299,0.6234898018587334,0.8660254037844387,-0.4999999999999998,0.0,0.0,2.083333333333333,3.475,10.1,98.25,93.0,3.5500000000000003,6.1743784,0.1999999999999999,4.65,18.29814815,42.96666666666667,42.1,40.3,39.1,43.5,-11.532444453333332,0.0777777766666645,-0.0473333333333334,6.776,6.672,18.175925931111117,6.761333333333334,6.7589855,6.668349,6.4951324,6.17512,6.7973,0,4.0,0,0.0,-1.02,27.1,72.9
2023-04-23 23:00:00,95.352019166664,0.0,0.0,18.29814815,6.672,43.5,0,5.1764362714980825,70.66250196097344,23,6,4,-0.2588190451025215,0.965925826289068,-0.7818314824680299,0.6234898018587334,0.8660254037844387,-0.4999999999999998,0.0,0.0,1.25,3.1,10.1,100.0,95.0,3.7,6.244733,0.1,4.5,18.33888886,43.35,42.96666666666667,42.1,40.3,43.85,-11.62614815,0.0370370300000004,-0.0566666666666666,6.728666666666666,6.660666666666667,18.247530871111117,6.725555555555556,6.7973,6.7589855,6.668349,6.4951324,6.868574,0,4.0,0,0.0,-1.01,26.7,73.3
2023-04-23 23:15:00,443.906687555552,0.0,0.0,18.33888886,6.660666666666667,43.85,0,5.1764362714980825,70.66250196097344,23,6,4,-0.2588190451025215,0.965925826289068,-0.7818314824680299,0.6234898018587334,0.8660254037844387,-0.4999999999999998,0.0,0.0,0.625,3.675,10.175,100.0,94.5,3.7,6.242847,0.075,4.575,18.38518519333333,43.5,43.35,42.96666666666667,42.1,44.0,-11.678222193333331,0.0407407100000014,-0.0113333333333329,6.672,6.671333333333334,18.29938271,6.687111111111112,6.868574,6.7973,6.7589855,6.668349,6.911022,0,4.0,0,0.0,-1.0,26.2,73.8
2023-04-23 23:30:00,97.729146311108,0.0,0.0,18.38518519333333,6.671333333333334,44.0,0,5.1764362714980825,70.66250196097344,23,6,4,-0.2588190451025215,0.965925826289068,-0.7818314824680299,0.6234898018587334,0.8660254037844387,-0.4999999999999998,0.0,0.0,0.2083333333333333,4.25,10.25,100.0,94.0,3.7,6.240769,0.05,4.65,18.39444445,43.85,43.5,43.35,42.96666666666667,44.0,-11.713851859999998,0.0462963333333306,0.0106666666666672,6.660666666666667,6.5520000000000005,18.340740734444445,6.668000000000002,6.911022,6.868574,6.7973,6.7589855,6.914819,0,4.0,0,0.0,-0.99,25.7,74.3
2023-04-23 23:45:00,102.109804544436,0.0,0.0,18.39444445,6.5520000000000005,44.0,0,5.1764362714980825,70.66250196097344,23,6,4,-0.2588190451025215,0.965925826289068,-0.7818314824680299,0.6234898018587334,0.8660254037844387,-0.4999999999999998,0.0,0.0,0.0,4.825,10.325,100.0,93.5,3.7,6.2384944,0.0249999999999999,4.725,18.4407407,44.0,43.85,43.5,43.35,44.0,-11.84244445,0.0092592566666667,-0.1193333333333335,6.671333333333334,6.38,18.372839501111116,6.628000000000001,6.914819,6.911022,6.868574,6.7973,6.9338264,0,4.0,0,0.0,-0.99,25.6,74.4
2023-04-24 00:00:00,140.91075226111,0.0,0.0,18.4407407,6.38,44.0,0,5.1764362714980825,70.66250196097344,0,0,4,0.0,1.0,0.0,1.0,0.8660254037844387,-0.4999999999999998,0.0,0.0,0.0,5.4,10.4,100.0,93.0,3.7,6.2360244,0.0,4.8,18.48333332,44.0,44.0,43.85,43.5,44.35,-12.0607407,0.046296250000001,-0.1720000000000006,6.5520000000000005,6.424666666666667,18.406790114444444,6.534444444444446,6.9338264,6.914819,6.911022,6.868574,7.0066457,0,4.0,0,0.0,-0.98,25.2,74.8
2023-04-24 00:15:00,116.522838999996,0.0,0.0,18.48333332,6.424666666666667,44.35,0,5.1764362714980825,70.66250196097344,0,0,4,0.0,1.0,0.0,1.0,0.8660254037844387,-0.4999999999999998,0.0,0.0,0.0,5.7,10.775,98.25,93.0,3.65,6.205134,0.0,4.725,18.5,44.0,44.0,44.0,43.85,44.5,-12.058666653333333,0.0425926200000006,0.044666666666667,6.38,6.516,18.439506156666667,6.452222222222223,7.0066457,6.9338264,6.914819,6.911022,7.0372906,0,4.0,0,0.0,-0.97,24.7,75.3
2023-04-24 00:30:00,125.574143566664,0.0,0.0,18.5,6.516,44.5,0,5.1764362714980825,70.66250196097344,0,0,4,0.0,1.0,0.0,1.0,0.8660254037844387,-0.4999999999999998,0.0,0.0,0.0,6.0,11.15,96.5,93.0,3.6,6.1743784,0.0,4.65,18.5,44.35,44.0,44.0,44.0,44.5,-11.984,0.0166666800000001,0.091333333333333,6.424666666666667,6.476,18.474691340000003,6.440222222222224,7.0372906,7.0066457,6.9338264,6.914819,7.0372906,0,4.0,0,0.0,-0.96,24.5,75.5
2023-04-24 00:45:00,114.05543776666,0.0,0.0,18.5,6.476,44.5,0,5.1764362714980825,70.66250196097344,0,0,4,0.0,1.0,0.0,1.0,0.8660254037844387,-0.4999999999999998,0.0,0.0,0.0,6.3,11.525,94.75,93.0,3.55,6.143754,0.0,4.575,18.479629613333334,44.5,44.35,44.0,44.0,44.5,-12.024,0.0,-0.04,6.516,6.42,18.49444444,6.472222222222224,7.0372906,7.0372906,7.0066457,6.9338264,7.0288033,0,4.0,0,0.0,-0.96,24.5,75.5
2023-04-24 01:00:00,123.094798411104,0.0,0.0,18.479629613333334,6.42,44.5,0,5.1764362714980825,70.66250196097344,1,0,4,0.2588190451025207,0.9659258262890684,0.0,1.0,0.8660254037844387,-0.4999999999999998,0.0,0.0,0.0,6.6,11.9,93.0,93.0,3.5,6.1132655,0.0,4.5,18.4444444,44.5,44.5,44.35,44.0,44.5,-12.059629613333334,-0.0203703866666664,-0.056,6.476,6.364000000000001,18.493209871111112,6.470666666666667,7.0288033,7.0372906,7.0372906,7.0066457,7.014158,0,4.0,0,0.0,-0.97,24.7,75.3
2023-04-24 01:15:00,128.225981888888,0.0,0.0,18.4444444,6.364000000000001,44.5,0,5.1764362714980825,70.66250196097344,1,0,4,0.2588190451025207,0.9659258262890684,0.0,1.0,0.8660254037844387,-0.4999999999999998,0.0,0.0,0.0,7.324999999999999,13.525,81.75,92.25,3.325,6.0438743,0.0,4.45,18.4444444,44.5,44.5,44.5,44.35,44.68333333333333,-12.080444399999998,-0.0351852133333352,-0.0559999999999991,6.42,6.222666666666667,18.47469133777778,6.420000000000002,7.014158,7.0288033,7.0372906,7.0372906,7.043055,0,4.0,0,0.0,-0.97,25.0,75.0
2023-04-24 01:30:00,112.895761855552,0.0,0.0,18.4444444,6.222666666666667,44.68333333333333,0,5.1764362714980825,70.66250196097344,1,0,4,0.2588190451025207,0.9659258262890684,0.0,1.0,0.8660254037844387,-0.4999999999999998,0.0,0.0,0.0,8.05,15.15,70.5,91.5,3.15,5.974869,0.0,4.4,18.44999996,44.5,44.5,44.5,44.5,44.65,-12.221777733333331,0.0,-0.1413333333333337,6.364000000000001,6.076,18.45617280444445,6.335555555555557,7.043055,7.014158,7.0288033,7.0372906,7.0401206,0,4.0,0,0.0,-0.97,25.0,75.0
2023-04-24 01:45:00,128.899843783334,0.0,0.0,18.44999996,6.076,44.65,0,5.1764362714980825,70.66250196097344,1,0,4,0.2588190451025207,0.9659258262890684,0.0,1.0,0.8660254037844387,-0.4999999999999998,0.0,0.0,0.0,8.775,16.775,59.25,90.75,2.975,5.9062457,0.0,4.35,18.475925906666664,44.68333333333333,44.5,44.5,44.5,43.95,-12.37399996,0.0055555600000012,-0.1466666666666674,6.222666666666667,5.95,18.446296253333333,6.22088888888889,7.0401206,7.043055,7.014158,7.0288033,6.940405,0,4.0,0,0.0,-0.97,24.9,75.1
2023-04-24 02:00:00,73.841212933332,0.0,0.0,18.475925906666664,5.95,43.95,0,5.1764362714980825,70.66250196097344,2,0,4,0.4999999999999999,0.8660254037844387,0.0,1.0,0.8660254037844387,-0.4999999999999998,0.0,0.0,0.0,9.5,18.4,48.0,90.0,2.8,5.838004,0.0,4.3,18.39444444,44.65,44.68333333333333,44.5,44.5,42.25,-12.525925906666664,0.0259259466666641,-0.1259999999999994,6.076,5.766,18.45679008888889,6.082888888888889,6.940405,7.0401206,7.043055,7.014158,6.6397977,0,4.0,0,0.0,-0.97,24.8,75.2
2023-04-24 02:15:00,48.98220721667,0.0,0.0,18.39444444,5.766,42.25,0,5.1764362714980825,70.66250196097344,2,0,4,0.4999999999999999,0.8660254037844387,0.0,1.0,0.8660254037844387,-0.4999999999999998,0.0,0.0,0.0,9.35,18.575,38.0,90.25,2.475,5.709888,0.0,3.925,18.26481482,43.95,44.65,44.68333333333333,44.5,41.35,-12.628444439999996,-0.0814814666666663,-0.1840000000000001,5.95,5.605333333333333,18.44012343555556,5.930666666666668,6.6397977,6.940405,7.0401206,7.043055,6.4485703,0,4.0,0,0.0,-1.0,26.0,74.0
2023-04-24 02:30:00,53.341199616666,0.0,0.0,18.26481482,5.605333333333333,41.35,0,5.1764362714980825,70.66250196097344,2,0,4,0.4999999999999999,0.8660254037844387,0.0,1.0,0.8660254037844387,-0.4999999999999998,0.0,0.0,0.0,9.2,18.75,28.0,90.5,2.15,5.584104,0.0,3.55,18.13333332,42.25,43.95,44.65,44.68333333333333,40.65,-12.659481486666667,-0.1296296199999957,-0.1606666666666667,5.766,5.444,18.378395055555558,5.773777777777778,6.4485703,6.6397977,6.940405,7.0401206,6.2900925,0,4.0,0,0.0,-1.03,27.5,72.5
2023-04-24 02:45:00,44.459332755552,0.0,0.0,18.13333332,5.444,40.65,0,5.1764362714980825,70.66250196097344,2,0,4,0.4999999999999999,0.8660254037844387,0.0,1.0,0.8660254037844387,-0.4999999999999998,0.0,0.0,0.0,9.05,18.925,18.0,90.75,1.825,5.460621,0.0,3.175,18.00740740666667,41.35,42.25,43.95,44.65,40.5,-12.689333320000005,-0.1314814999999995,-0.1613333333333333,5.605333333333333,5.266,18.264197526666667,5.605111111111113,6.2900925,6.4485703,6.6397977,6.940405,6.2201405,0,4.0,0,0.0,-1.07,29.0,71.0
2023-04-24 03:00:00,54.674201811112,0.0,0.0,18.00740740666667,5.266,40.5,0,5.1764362714980825,70.66250196097344,3,0,4,0.7071067811865476,0.7071067811865476,0.0,1.0,0.8660254037844387,-0.4999999999999998,0.0,0.0,0.0,8.9,19.1,8.0,91.0,1.5,5.339407,0.0,2.8,17.95555553,40.65,41.35,42.25,43.95,40.1,-12.741407406666667,-0.125925913333333,-0.1779999999999999,5.444,5.1433333333333335,18.135185182222227,5.438444444444445,6.2201405,6.2900925,6.4485703,6.6397977,6.139736,0,4.0,0,0.0,-1.1,30.3,69.7
2023-04-24 03:15:00,359.567283416666,0.0,0.0,17.95555553,5.1433333333333335,40.1,0,5.1764362714980825,70.66250196097344,3,0,4,0.7071067811865476,0.7071067811865476,0.0,1.0,0.8660254037844387,-0.4999999999999998,0.0,0.0,0.0,9.0,18.55,14.0,91.25,1.325,5.2824306,0.0,2.6,17.87222221333333,40.5,40.65,41.35,42.25,39.53333333333333,-12.812222196666667,-0.0518518766666673,-0.1226666666666664,5.266,4.94,18.032098752222225,5.284444444444445,6.139736,6.2201405,6.2900925,6.4485703,6.0230227,0,4.0,0,0.0,-1.11,31.0,69.0
2023-04-24 03:30:00,38.768449216666,0.0,0.0,17.87222221333333,4.94,39.53333333333333,0,5.1764362714980825,70.66250196097344,3,0,4,0.7071067811865476,0.7071067811865476,0.0,1.0,0.8660254037844387,-0.4999999999999998,0.0,0.0,0.0,9.1,18.0,20.0,91.5,1.15,5.225906,0.0,2.4,17.75555553,40.1,40.5,40.65,41.35,39.45,-12.93222221333333,-0.0833333166666712,-0.203333333333334,5.1433333333333335,4.834666666666666,17.945061716666668,5.116444444444445,6.0230227,6.139736,6.2201405,6.2900925,5.9686985,0,4.0,0,0.0,-1.13,32.0,68.0
2023-04-24 03:45:00,61.820860433332,0.0,0.0,17.75555553,4.834666666666666,39.45,0,5.1764362714980825,70.66250196097344,3,0,4,0.7071067811865476,0.7071067811865476,0.0,1.0,0.8660254037844387,-0.4999999999999998,0.0,0.0,0.0,9.2,17.45,26.0,91.75,0.975,5.1698284,0.0,2.2,17.7222222,39.53333333333333,40.1,40.5,40.65,39.03333333333333,-12.920888863333332,-0.1166666833333316,-0.1053333333333332,4.94,4.708,17.861111091111113,4.972666666666668,5.9686985,6.0230227,6.139736,6.2201405,5.8939333,0,4.0,0,0.0,-1.16,33.4,66.6
2023-04-24 04:00:00,38.58512336666,0.0,0.0,17.7222222,4.708,39.03333333333333,0,5.1764362714980825,70.66250196097344,4,0,4,0.8660254037844386,0.5000000000000001,0.0,1.0,0.8660254037844387,-0.4999999999999998,0.0,0.0,0.0,9.3,16.9,32.0,92.0,0.8,5.114201,0.0,2.0,17.64444443,39.45,39.53333333333333,40.1,40.5,39.0,-13.0142222,-0.0333333299999978,-0.126666666666666,4.834666666666666,4.646,17.783333314444445,4.8275555555555565,5.8939333,5.9686985,6.0230227,6.139736,5.8616505,0,4.0,0,0.0,-1.17,33.9,66.1
2023-04-24 04:15:00,44.538773944444,0.0,0.0,17.64444443,4.646,39.0,0,5.1764362714980825,70.66250196097344,4,0,4,0.8660254037844386,0.5000000000000001,0.0,1.0,0.8660254037844387,-0.4999999999999998,0.0,0.0,0.0,9.125,16.9,26.25,91.75,0.7250000000000001,5.08305,0.0,1.95,17.590740750000002,39.03333333333333,39.45,39.53333333333333,40.1,38.81666666666667,-12.99844443,-0.0777777700000008,-0.0620000000000002,4.708,4.646,17.707407386666667,4.729555555555557,5.8616505,5.8939333,5.9686985,6.0230227,5.815431,0,4.0,0,0.0,-1.19,34.8,65.2
2023-04-24 04:30:00,51.001015477776,0.0,0.0,17.590740750000002,4.646,38.81666666666667,0,5.1764362714980825,70.66250196097344,4,0,4,0.8660254037844386,0.5000000000000001,0.0,1.0,0.8660254037844387,-0.4999999999999998,0.0,0.0,0.0,8.95,16.9,20.5,91.5,0.65,5.052046,0.0,1.9,17.55000004,39.0,39.03333333333333,39.45,39.53333333333333,38.5,-12.94474075,-0.0537036799999981,0.0,4.646,4.626,17.65246912666667,4.666666666666668,5.815431,5.8616505,5.8939333,5.9686985,5.75398,0,4.0,0,0.0,-1.2,35.4,64.6
2023-04-24 04:45:00,42.638294533328,0.0,0.0,17.55000004,4.626,38.5,0,5.1764362714980825,70.66250196097344,4,0,4,0.8660254037844386,0.5000000000000001,0.0,1.0,0.8660254037844387,-0.4999999999999998,0.0,0.0,0.0,8.775,16.9,14.75,91.25,0.575,5.021185,0.0,1.85,17.503703706666666,38.81666666666667,39.0,39.03333333333333,39.45,38.5,-12.92400004,-0.0407407100000014,-0.0199999999999995,4.646,4.646,17.595061740000002,4.639333333333335,5.75398,5.815431,5.8616505,5.8939333,5.7380977,0,4.0,0,0.0,-1.22,36.0,64.0
2023-04-24 05:00:00,50.050775755552,0.0,0.0,17.503703706666666,4.646,38.5,0,5.1764362714980825,70.66250196097344,5,0,4,0.9659258262890684,0.2588190451025207,0.0,1.0,0.8660254037844387,-0.4999999999999998,0.0,0.0,0.0,8.6,16.9,9.0,91.0,0.5,4.990468,0.0,1.8,17.466666640000003,38.5,38.81666666666667,39.0,39.03333333333333,38.5,-12.857703706666666,-0.0462963333333341,0.0199999999999995,4.626,4.612,17.54814816555556,4.639333333333334,5.7380977,5.75398,5.815431,5.8616505,5.7254176,0,4.0,0,0.0,-1.23,36.6,63.4
2023-04-24 05:15:00,69.435555816666,34.596671627778,34.607226788888,17.466666640000003,4.612,38.5,1,5.1764362714980825,70.66250196097344,5,0,4,0.9659258262890684,0.2588190451025207,0.0,1.0,0.8660254037844387,-0.4999999999999998,0.0,0.0,0.0,8.8,16.825,11.25,91.5,0.425,4.975477,0.0,1.675,17.598148153333334,38.5,38.5,38.81666666666667,39.0,38.31666666666667,-12.854666640000003,-0.037037066666663,-0.0339999999999998,4.646,4.618,17.50679012888889,4.628000000000001,5.7254176,5.7380977,5.75398,5.815431,5.7430615,0,3.0,1,0.25,-1.24,37.0,63.0
2023-04-24 05:30:00,126.432442549998,77.342461727778,77.355794577776,17.598148153333334,4.618,38.31666666666667,2,5.1764362714980825,70.66250196097344,5,0,4,0.9659258262890684,0.2588190451025207,0.0,1.0,0.8660254037844387,-0.4999999999999998,0.0,0.0,0.0,9.0,16.75,13.5,92.0,0.35,4.9603376,0.0,1.55,17.84444446,38.5,38.5,38.5,38.81666666666667,37.65,-12.980148153333332,0.1314815133333304,0.0060000000000002,4.612,4.634,17.5228395,4.625333333333335,5.7430615,5.7254176,5.7380977,5.75398,5.7266107,0,2.0,1,0.5,-1.2,35.5,64.5
2023-04-24 05:45:00,49.982167366664,0.0,0.0,17.84444446,4.634,37.65,0,5.1764362714980825,70.66250196097344,5,0,4,0.9659258262890684,0.2588190451025207,0.0,1.0,0.8660254037844387,-0.4999999999999998,0.0,0.0,0.0,9.2,16.675,15.75,92.5,0.275,4.945055,0.0,1.425,17.74444447,38.31666666666667,38.5,38.5,38.5,37.5,-13.210444459999998,0.2462963066666645,0.016,4.618,4.707333333333334,17.636419751111113,4.621333333333335,5.7266107,5.7430615,5.7254176,5.7380977,5.66991,1,2.0,1,0.5,-1.15,32.8,67.2
2023-04-24 06:00:00,38.923998577776,0.0,0.0,17.74444447,4.707333333333334,37.5,0,5.1764362714980825,70.66250196097344,6,0,4,1.0,6.123233995736766e-17,0.0,1.0,0.8660254037844387,-0.4999999999999998,0.0,0.0,0.0,9.4,16.6,18.0,93.0,0.2,4.9296303,0.0,1.3,17.62222223,37.65,38.31666666666667,38.5,38.5,37.5,-13.037111136666669,-0.099999989999997,0.0733333333333332,4.634,4.854666666666666,17.729012361111113,4.653111111111113,5.66991,5.7266107,5.7430615,5.7254176,5.628735,0,2.0,0,0.5,-1.17,34.0,66.0
2023-04-24 06:15:00,54.92919157778,0.0,0.0,17.62222223,4.854666666666666,37.5,0,5.1764362714980825,70.66250196097344,6,0,4,1.0,6.123233995736766e-17,0.0,1.0,0.8660254037844387,-0.4999999999999998,7.5,1.875,0.625,9.275,16.950000000000003,24.75,92.5,0.275,4.953477,0.0,1.45,17.538888913333334,37.5,37.65,38.31666666666667,38.5,37.5,-12.767555563333332,-0.1222222400000028,0.1473333333333322,4.707333333333334,4.785333333333333,17.737037053333335,4.732000000000002,5.628735,5.66991,5.7266107,5.7430615,5.6008096,0,3.0,0,0.25,-1.2,35.4,64.6
2023-04-24 06:30:00,44.793485988888,0.0,0.0,17.538888913333334,4.785333333333333,37.5,0,5.1764362714980825,70.66250196097344,6,0,4,1.0,6.123233995736766e-17,0.0,1.0,0.8660254037844387,-0.4999999999999998,15.0,5.625,1.875,9.15,17.3,31.5,92.0,0.35,4.9772305,0.0,1.6,17.472222199999997,37.5,37.5,37.65,38.31666666666667,37.55,-12.75355558,-0.0833333166666641,-0.0693333333333328,4.854666666666666,4.754,17.635185204444443,4.782444444444446,5.6008096,5.628735,5.66991,5.7266107,5.585994,0,4.0,0,0.0,-1.22,36.4,63.6
2023-04-24 06:45:00,99.023261277772,64.479642944444,64.49519787222201,17.472222199999997,4.754,37.55,1,5.1764362714980825,70.66250196097344,6,0,4,1.0,6.123233995736766e-17,0.0,1.0,0.8660254037844387,-0.4999999999999998,22.5,11.25,3.75,9.025,17.65,38.25,91.5,0.425,5.0008855,0.0,1.75,17.65000001,37.5,37.5,37.5,37.65,37.78333333333333,-12.718222199999996,-0.0666667133333369,-0.0313333333333325,4.785333333333333,4.865333333333334,17.544444447777778,4.798000000000001,5.585994,5.6008096,5.628735,5.66991,5.6806684,0,3.0,1,0.25,-1.24,37.2,62.8
2023-04-24 07:00:00,78.83212425556,30.204625116666,30.216013561110003,17.65000001,4.865333333333334,37.78333333333333,1,5.1764362714980825,70.66250196097344,7,0,4,0.9659258262890684,-0.2588190451025206,0.0,1.0,0.8660254037844387,-0.4999999999999998,30.0,18.75,6.25,8.9,18.0,45.0,91.0,0.5,5.0244393,0.0,1.9,17.783333340000002,37.55,37.5,37.5,37.5,37.15,-12.784666676666664,0.177777810000002,0.1113333333333335,4.754,4.962666666666666,17.553703707777778,4.801555555555557,5.6806684,5.585994,5.6008096,5.628735,5.6300263,0,2.0,0,0.5,-1.19,35.0,65.0
2023-04-24 07:15:00,46.697021011108,0.0,0.0,17.783333340000002,4.962666666666666,37.15,0,5.1764362714980825,70.66250196097344,7,0,4,0.9659258262890684,-0.2588190451025206,0.0,1.0,0.8660254037844387,-0.4999999999999998,61.75,32.3125,11.395833333333334,8.75,18.9,50.75,87.75,0.65,5.071261,0.0,2.575,17.65370372,37.78333333333333,37.55,37.5,37.5,37.0,-12.820666673333337,0.1333333300000028,0.0973333333333323,4.865333333333334,5.179333333333333,17.635185183333334,4.860666666666668,5.6300263,5.6806684,5.585994,5.6008096,5.5641246,1,2.0,1,0.5,-1.17,33.6,66.4
2023-04-24 07:30:00,39.908125844444,0.0,0.0,17.65370372,5.179333333333333,37.0,0,5.1764362714980825,70.66250196097344,7,0,4,0.9659258262890684,-0.2588190451025206,0.0,1.0,0.8660254037844387,-0.4999999999999998,93.5,51.9375,19.1875,8.600000000000001,19.8,56.5,84.5,0.8,5.110186,0.0,3.25,17.53333333,37.15,37.78333333333333,37.55,37.5,37.0,-12.474370386666669,-0.1296296200000029,0.2166666666666667,4.962666666666666,5.411333333333333,17.695679023333334,5.002444444444445,5.5641246,5.6300263,5.6806684,5.585994,5.5242996,0,2.0,0,0.5,-1.2,35.1,64.9
2023-04-24 07:45:00,48.219182205558,0.0,0.0,17.53333333,5.411333333333333,37.0,0,5.1764362714980825,70.66250196097344,7,0,4,0.9659258262890684,-0.2588190451025206,0.0,1.0,0.8660254037844387,-0.4999999999999998,125.25,77.625,29.625,8.450000000000001,20.700000000000003,62.25,81.25,0.95,5.1404805,0.0,3.925,17.5,37.0,37.15,37.78333333333333,37.55,37.18333333333333,-12.121999996666668,-0.1203703899999979,0.2320000000000002,5.179333333333333,5.726,17.656790130000005,5.184444444444446,5.5242996,5.5641246,5.6300263,5.6806684,5.5406327,0,3.0,0,0.25,-1.23,36.6,63.4
2023-04-24 08:00:00,50.351319216666,0.0,0.0,17.5,5.726,37.18333333333333,0,5.1764362714980825,70.66250196097344,8,0,4,0.8660254037844387,-0.4999999999999998,0.0,1.0,0.8660254037844387,-0.4999999999999998,157.0,109.375,42.708333333333336,8.3,21.6,68.0,78.0,1.1,5.1613755,0.0,4.6,17.52777778,37.0,37.0,37.15,37.78333333333333,37.5,-11.774,-0.0333333300000013,0.3146666666666666,5.411333333333333,6.051333333333333,17.562345683333334,5.43888888888889,5.5406327,5.5242996,5.5641246,5.6300263,5.5970964,0,4.0,0,0.0,-1.23,36.9,63.1
2023-04-24 08:15:00,135.416249916662,93.40015276111,93.41792988333,17.52777778,6.051333333333333,37.5,2,5.1764362714980825,70.66250196097344,8,0,4,0.8660254037844387,-0.4999999999999998,0.0,1.0,0.8660254037844387,-0.4999999999999998,200.5,144.0625,59.41666666666666,8.275,22.05,60.5,76.25,1.25,5.2066793,0.0,5.074999999999999,17.800000016666665,37.18333333333333,37.0,37.0,37.15,37.5,-11.476444446666669,0.0277777800000009,0.325333333333333,5.726,6.163333333333333,17.520370370000006,5.729555555555557,5.5970964,5.5406327,5.5242996,5.5641246,5.6887145,0,3.0,1,0.25,-1.23,36.5,63.5
2023-04-24 08:30:00,339.1989315,0.0,0.0,17.800000016666665,6.163333333333333,37.5,0,5.1764362714980825,70.66250196097344,8,0,4,0.8660254037844387,-0.4999999999999998,0.0,1.0,0.8660254037844387,-0.4999999999999998,244.0,181.6875,79.75,8.25,22.5,53.0,74.5,1.4,5.2489667,0.0,5.55,17.84444443,37.5,37.18333333333333,37.0,37.0,37.5,-11.636666683333331,0.2722222366666642,0.1120000000000001,6.051333333333333,6.098666666666667,17.609259265555554,5.980222222222223,5.6887145,5.5970964,5.5406327,5.5242996,5.703795,1,3.0,1,0.25,-1.16,33.3,66.7
2023-04-24 08:45:00,42.675237372222,0.0,0.0,17.84444443,6.098666666666667,37.5,0,5.1764362714980825,70.66250196097344,8,0,4,0.8660254037844387,-0.4999999999999998,0.0,1.0,0.8660254037844387,-0.4999999999999998,287.5,222.25,103.70833333333331,8.225,22.95,45.5,72.75,1.55,5.2880287,0.0,6.025,17.761111113333335,37.5,37.5,37.18333333333333,37.0,37.5,-11.745777763333331,0.0444444133333341,-0.0646666666666657,6.163333333333333,6.414666666666666,17.724074075555556,6.104444444444446,5.703795,5.6887145,5.5970964,5.5406327,5.675546,0,3.0,0,0.25,-1.15,32.8,67.2
2023-04-24 09:00:00,56.113588666668,0.0,0.0,17.761111113333335,6.414666666666666,37.5,0,5.1764362714980825,70.66250196097344,9,0,4,0.7071067811865476,-0.7071067811865475,0.0,1.0,0.8660254037844387,-0.4999999999999998,331.0,265.75,131.29166666666666,8.2,23.4,38.0,71.0,1.7,5.323648,0.0,6.5,17.68333335,37.5,37.5,37.5,37.18333333333333,37.55,-11.34644444666667,-0.0833333166666641,0.3159999999999989,6.098666666666667,6.553333333333333,17.801851853333336,6.225555555555556,5.675546,5.703795,5.6887145,5.5970964,5.6568227,0,3.0,0,0.25,-1.17,33.8,66.2
2023-04-24 09:15:00,38.474294399996,0.0,0.0,17.68333335,6.553333333333333,37.55,0,5.1764362714980825,70.66250196097344,9,0,4,0.7071067811865476,-0.7071067811865475,0.0,1.0,0.8660254037844387,-0.4999999999999998,378.75,310.3125,162.22916666666666,7.949999999999999,23.4,36.75,69.25,1.725,5.3295445,0.0,6.9,17.6666667,37.5,37.5,37.5,37.5,37.96666666666667,-11.130000016666669,-0.0777777633333336,0.1386666666666665,6.414666666666666,6.760666666666666,17.762962964444444,6.355555555555557,5.6568227,5.675546,5.703795,5.6887145,5.7139106,0,4.0,0,0.0,-1.19,34.7,65.3
2023-04-24 09:30:00,38.457905972226,0.0,0.0,17.6666667,6.760666666666666,37.96666666666667,0,5.1764362714980825,70.66250196097344,9,0,4,0.7071067811865476,-0.7071067811865475,0.0,1.0,0.8660254037844387,-0.4999999999999998,426.5,355.9375,196.52083333333331,7.699999999999999,23.4,35.5,67.5,1.75,5.3315835,0.0,7.3,17.66111114,37.55,37.5,37.5,37.5,38.35,-10.906000033333337,-0.0166666500000012,0.2073333333333336,6.553333333333333,7.003333333333333,17.703703721111115,6.576222222222223,5.7139106,5.6568227,5.675546,5.703795,5.76969,0,4.0,0,0.0,-1.19,34.8,65.2
2023-04-24 09:45:00,60.87534272222,0.0,0.0,17.66111114,7.003333333333333,38.35,0,5.1764362714980825,70.66250196097344,9,0,4,0.7071067811865476,-0.7071067811865475,0.0,1.0,0.8660254037844387,-0.4999999999999998,474.25,402.625,234.16666666666663,7.45,23.4,34.25,65.75,1.775,5.329582,0.0,7.699999999999999,17.59444445666667,37.96666666666667,37.55,37.5,37.5,38.5,-10.657777806666664,-0.0055555600000012,0.2426666666666666,6.760666666666666,7.130666666666667,17.670370396666666,6.772444444444446,5.76969,5.7139106,5.6568227,5.675546,5.7692637,0,4.0,0,0.0,-1.19,34.7,65.3
2023-04-24 10:00:00,38.251803266664,0.0,0.0,17.59444445666667,7.130666666666667,38.5,0,5.1764362714980825,70.66250196097344,10,0,4,0.4999999999999999,-0.8660254037844387,0.0,1.0,0.8660254037844387,-0.4999999999999998,522.0,450.375,275.1666666666667,7.2,23.4,33.0,64.0,1.8,5.323357,0.0,8.1,17.56111115,38.35,37.96666666666667,37.55,37.5,38.2,-10.463777790000002,-0.0666666833333309,0.1273333333333344,7.003333333333333,7.196,17.64074076555556,6.96488888888889,5.7692637,5.76969,5.7139106,5.6568227,5.7129326,0,4.0,0,0.0,-1.2,35.5,64.5
2023-04-24 10:15:00,82.51558812777799,42.537187327778,42.55024242222,17.56111115,7.196,38.2,1,5.1764362714980825,70.66250196097344,10,0,4,0.4999999999999999,-0.8660254037844387,0.0,1.0,0.8660254037844387,-0.4999999999999998,551.5,493.5625,315.9791666666667,7.475,23.85,39.0,62.25,1.625,5.278702,0.025,8.4,17.70925926,38.5,38.35,37.96666666666667,37.55,38.28333333333333,-10.36511115,-0.0333333066666696,0.0653333333333323,7.130666666666667,7.418666666666667,17.605555582222223,7.110000000000002,5.7129326,5.7692637,5.76969,5.7139106,5.776221,0,3.0,1,0.25,-1.21,35.9,64.1
2023-04-24 10:30:00,101.352612516662,51.332668811112,51.346001644444,17.70925926,7.418666666666667,38.28333333333333,1,5.1764362714980825,70.66250196097344,10,0,4,0.4999999999999999,-0.8660254037844387,0.0,1.0,0.8660254037844387,-0.4999999999999998,581.0,532.1875,356.6041666666667,7.75,24.3,45.0,60.5,1.4500000000000002,5.230036,0.05,8.7,18.0166667,38.2,38.5,38.35,37.96666666666667,38.0,-10.290592593333333,0.148148110000001,0.222666666666667,7.196,7.875333333333333,17.621604955555554,7.248444444444446,5.776221,5.7129326,5.7692637,5.76969,5.8393955,0,2.0,0,0.5,-1.18,34.2,65.8
2023-04-24 10:45:00,1014.573582050002,0.0,0.0,18.0166667,7.875333333333333,38.0,0,5.1764362714980825,70.66250196097344,10,0,4,0.4999999999999999,-0.8660254037844387,0.0,1.0,0.8660254037844387,-0.4999999999999998,610.5,566.25,397.0416666666667,8.025,24.75,51.0,58.75,1.275,5.177238,0.075,9.0,18.17962964333333,38.28333333333333,38.2,38.5,38.35,38.18333333333333,-10.141333366666665,0.3074074399999986,0.4566666666666661,7.418666666666667,8.000666666666667,17.762345703333335,7.496666666666667,5.8393955,5.776221,5.7129326,5.7692637,5.9246817,1,2.0,1,0.5,-1.11,30.8,69.2
2023-04-24 11:00:00,561.690586961114,0.0,0.0,18.17962964333333,8.000666666666667,38.18333333333333,0,5.1764362714980825,70.66250196097344,11,0,4,0.258819045102521,-0.9659258262890682,0.0,1.0,0.8660254037844387,-0.4999999999999998,640.0,595.75,437.2916666666667,8.3,25.2,57.0,57.0,1.1,5.1201878,0.1,9.3,18.41666666,38.0,38.28333333333333,38.2,38.5,38.2,-10.178962976666664,0.1629629433333335,0.1253333333333346,7.875333333333333,7.892666666666667,17.968518534444442,7.76488888888889,5.9246817,5.8393955,5.776221,5.7129326,6.011235,0,2.0,0,0.5,-1.07,29.0,71.0
2023-04-24 11:15:00,41.574448088888,0.0,0.0,18.41666666,7.892666666666667,38.2,0,5.1764362714980825,70.66250196097344,11,0,4,0.258819045102521,-0.9659258262890682,0.0,1.0,0.8660254037844387,-0.4999999999999998,657.5,622.25,475.375,8.600000000000001,25.75,67.75,55.5,0.9000000000000001,5.0413675,0.1,9.475,18.459259263333333,38.18333333333333,38.0,38.28333333333333,38.2,38.46666666666667,-10.52399999333333,0.2370370166666653,-0.1080000000000005,8.000666666666667,7.025333333333333,18.20432100111111,7.922888888888889,6.011235,5.9246817,5.8393955,5.776221,6.068502,0,3.0,0,0.25,-1.01,26.7,73.3
2023-04-24 11:30:00,45.547622455556,0.0,0.0,18.459259263333333,7.025333333333333,38.46666666666667,0,5.1764362714980825,70.66250196097344,11,0,4,0.258819045102521,-0.9659258262890682,0.0,1.0,0.8660254037844387,-0.4999999999999998,675.0,645.75,511.2916666666667,8.9,26.3,78.5,54.0,0.7000000000000001,4.960055,0.1,9.65,18.36666665,38.2,38.18333333333333,38.0,38.28333333333333,38.85,-11.43392593,0.0425926033333361,-0.8673333333333337,7.892666666666667,7.2,18.351851855555555,7.639555555555557,6.068502,6.011235,5.9246817,5.8393955,6.095422,0,4.0,0,0.0,-1.0,26.2,73.8
2023-04-24 11:45:00,49.04442706111,0.0,0.0,18.36666665,7.2,38.85,0,5.1764362714980825,70.66250196097344,11,0,4,0.258819045102521,-0.9659258262890682,0.0,1.0,0.8660254037844387,-0.4999999999999998,692.5,666.25,545.0416666666666,9.2,26.85,89.25,52.5,0.5,4.876211,0.1,9.825,18.71296295666667,38.46666666666667,38.2,38.18333333333333,38.0,38.81666666666667,-11.16666665,-0.0925926133333341,0.1746666666666669,7.025333333333333,7.967333333333333,18.414197524444443,7.372666666666667,6.095422,6.068502,6.011235,5.9246817,6.2164044,0,4.0,0,0.0,-1.02,27.0,73.0
2023-04-24 12:00:00,208.857200944444,0.0,0.0,18.71296295666667,7.967333333333333,38.81666666666667,0,5.1764362714980825,70.66250196097344,12,0,4,1.2246467991473532e-16,-1.0,0.0,1.0,0.8660254037844387,-0.4999999999999998,710.0,683.75,576.625,9.5,27.4,100.0,51.0,0.3,4.7897964,0.1,10.0,19.1111111,38.85,38.46666666666667,38.2,38.18333333333333,38.5,-10.745629623333336,0.3462963066666695,0.7673333333333332,7.2,8.729333333333333,18.51296295666667,7.397555555555557,6.2164044,6.095422,6.068502,6.011235,6.3123927,0,4.0,0,0.0,-0.94,23.7,76.3
2023-04-24 12:15:00,235.903341272222,0.0,0.0,19.1111111,8.729333333333333,38.5,0,5.1764362714980825,70.66250196097344,12,0,4,1.2246467991473532e-16,-1.0,0.0,1.0,0.8660254037844387,-0.4999999999999998,629.75,676.8125,597.5416666666666,9.55,27.4,100.0,50.5,0.0999999999999999,4.7353234,0.075,9.975,19.31481482,38.81666666666667,38.85,38.46666666666667,38.2,38.31666666666667,-10.381777766666666,0.39814814333333,0.7619999999999996,7.967333333333333,9.032666666666668,18.730246902222223,7.965555555555557,6.3123927,6.2164044,6.095422,6.068502,6.3581905,0,4.0,0,0.0,-0.85,20.2,79.8
2023-04-24 12:30:00,45.96288357778,0.0,0.0,19.31481482,9.032666666666668,38.31666666666667,0,5.1764362714980825,70.66250196097344,12,0,4,1.2246467991473532e-16,-1.0,0.0,1.0,0.8660254037844387,-0.4999999999999998,549.5,645.4375,607.7916666666666,9.6,27.4,100.0,50.0,-0.1,4.6810083,0.05,9.95,19.67777777,38.5,38.81666666666667,38.85,38.46666666666667,37.65,-10.282148153333331,0.20370372,0.3033333333333345,8.729333333333333,7.878,19.046296292222223,8.576444444444446,6.3581905,6.3123927,6.2164044,6.095422,6.3823113,0,4.0,0,0.0,-0.8,18.6,81.4
2023-04-24 12:45:00,59.907048072222,0.0,0.0,19.67777777,7.878,37.65,0,5.1764362714980825,70.66250196097344,12,0,4,1.2246467991473532e-16,-1.0,0.0,1.0,0.8660254037844387,-0.4999999999999998,469.25,589.625,607.375,9.65,27.4,100.0,49.5,-0.3000000000000001,4.6268535,0.0249999999999999,9.925,19.401851833333332,38.31666666666667,38.5,38.81666666666667,38.85,37.86666666666667,-11.79977777,0.36296295,-1.1546666666666674,9.032666666666668,6.771333333333333,19.36790123,8.546666666666669,6.3823113,6.3581905,6.3123927,6.2164044,6.3157883,0,4.0,0,0.0,-0.72,16.0,84.0
2023-04-24 13:00:00,135.746792111112,0.0,0.0,19.401851833333332,6.771333333333333,37.86666666666667,0,5.1764362714980825,70.66250196097344,13,0,4,-0.2588190451025208,-0.9659258262890684,0.0,1.0,0.8660254037844387,-0.4999999999999998,389.0,509.375,596.2916666666666,9.7,27.4,100.0,49.0,-0.5,4.572855,0.0,9.9,19.2777778,37.65,38.31666666666667,38.5,38.81666666666667,39.25,-12.630518500000004,-0.2759259366666633,-1.1066666666666674,7.878,6.958666666666667,19.464814807777778,7.894000000000001,6.3157883,6.3823113,6.3581905,6.3123927,6.498879,0,4.0,0,0.0,-0.79,18.0,82.0
2023-04-24 13:15:00,547.549208255556,0.0,0.0,19.2777778,6.958666666666667,39.25,0,5.1764362714980825,70.66250196097344,13,0,4,-0.2588190451025208,-0.9659258262890684,0.0,1.0,0.8660254037844387,-0.4999999999999998,450.0,464.4375,587.8333333333334,10.625,29.2,97.25,54.75,0.1999999999999999,4.878998,0.55,9.175,19.359259273333333,37.86666666666667,37.65,38.31666666666667,38.5,40.333333333333336,-12.319111133333331,-0.1240740333333363,0.187333333333334,6.771333333333333,6.935333333333333,19.45246913444445,7.202666666666668,6.498879,6.3157883,6.3823113,6.3581905,6.7103643,0,4.0,0,0.0,-0.81,18.7,81.3
2023-04-24 13:30:00,1182.129101844444,0.0,0.0,19.359259273333333,6.935333333333333,40.333333333333336,0,5.1764362714980825,70.66250196097344,13,0,4,-0.2588190451025208,-0.9659258262890684,0.0,1.0,0.8660254037844387,-0.4999999999999998,511.0,454.8125,582.0,11.55,31.0,94.5,60.5,0.8999999999999999,5.1468096,1.1,8.45,19.97777777,39.25,37.86666666666667,37.65,38.31666666666667,40.9,-12.42392594,0.0814814733333335,-0.0233333333333334,6.958666666666667,7.714,19.346296302222225,6.8884444444444455,6.7103643,6.498879,6.3157883,6.3823113,7.056282,0,4.0,0,0.0,-0.78,17.9,82.1
2023-04-24 13:45:00,1194.60471381667,0.0,0.0,19.97777777,7.714,40.9,0,5.1764362714980825,70.66250196097344,13,0,4,-0.2588190451025208,-0.9659258262890684,0.0,1.0,0.8660254037844387,-0.4999999999999998,572.0,480.5,578.7916666666666,12.475,32.8,91.75,66.25,1.5999999999999996,5.378794,1.65,7.725,20.72037036333333,40.333333333333336,39.25,37.86666666666667,37.65,39.516666666666666,-12.26377777,0.6185184966666668,0.7786666666666671,6.935333333333333,8.804,19.538271614444444,7.202666666666668,7.056282,6.7103643,6.498879,6.3157883,7.1197815,0,4.0,0,0.0,-0.63,13.4,86.6
2023-04-24 14:00:00,62.329451322216,0.0,0.0,20.72037036333333,8.804,39.516666666666666,0,5.1764362714980825,70.66250196097344,14,0,4,-0.4999999999999997,-0.8660254037844388,0.0,1.0,0.8660254037844387,-0.4999999999999998,633.0,541.5,578.2083333333334,13.4,34.6,89.0,72.0,2.3,5.577336,2.2,7.0,21.19444446,40.9,40.333333333333336,39.25,37.86666666666667,37.75,-11.916370363333334,0.7425925933333346,1.09,7.714,9.211333333333332,20.019135802222223,7.81777777777778,7.1197815,7.056282,6.7103643,6.498879,6.991488,0,4.0,0,0.0,-0.47,9.6,90.4
2023-04-24 14:15:00,31.841504105554,0.0,0.0,21.19444446,9.211333333333332,37.75,0,5.1764362714980825,70.66250196097344,14,0,4,-0.4999999999999997,-0.8660254037844388,0.0,1.0,0.8660254037844387,-0.4999999999999998,604.5,580.125,573.7916666666666,12.2,34.225,84.5,70.0,2.425,5.628405,1.7000000000000002,7.575,21.216666676666662,39.516666666666666,40.9,40.333333333333336,39.25,36.85,-11.983111126666667,0.4740740966666656,0.407333333333332,8.804,9.834,20.63086419777778,8.576444444444446,6.991488,7.1197815,7.056282,6.7103643,6.833608,0,4.0,0,0.0,-0.37,7.8,92.2
2023-04-24 14:30:00,748.623109527774,0.0,0.0,21.216666676666662,9.834,36.85,0,5.1764362714980825,70.66250196097344,14,0,4,-0.4999999999999997,-0.8660254037844388,0.0,1.0,0.8660254037844387,-0.4999999999999998,576.0,596.375,565.5416666666666,11.0,33.85,80.0,68.0,2.55,5.6743093,1.2000000000000002,8.15,20.9833333,37.75,39.516666666666666,40.9,40.333333333333336,36.45,-11.382666676666666,0.0222222166666661,0.6226666666666674,9.211333333333332,10.246666666666666,21.04382716666667,9.283111111111111,6.833608,6.991488,7.1197815,7.056282,6.668482,0,4.0,0,0.0,-0.37,7.8,92.2
2023-04-24 14:45:00,36.48159626111,0.0,0.0,20.9833333,10.246666666666666,36.45,0,5.1764362714980825,70.66250196097344,14,0,4,-0.4999999999999997,-0.8660254037844388,0.0,1.0,0.8660254037844387,-0.4999999999999998,547.5,590.25,553.4583333333334,9.8,33.475,75.5,66.0,2.675,5.7146425,0.7000000000000002,8.725,20.79999997,36.85,37.75,39.516666666666666,40.9,36.03333333333333,-10.736666633333336,-0.2333333766666641,0.4126666666666665,9.834,9.352,21.13148147888889,9.764,6.668482,6.833608,6.991488,7.1197815,6.5223465,0,4.0,0,0.0,-0.43,8.8,91.2
2023-04-24 15:00:00,41.77444020555,0.0,0.0,20.79999997,9.352,36.03333333333333,0,5.1764362714980825,70.66250196097344,15,0,4,-0.7071067811865471,-0.7071067811865479,0.0,1.0,0.8660254037844387,-0.4999999999999998,519.0,561.75,537.5416666666666,8.6,33.1,71.0,64.0,2.8,5.7489824,0.2,9.3,20.63333332,36.45,36.85,37.75,39.516666666666666,35.95,-11.447999969999998,-0.1833333300000035,-0.8946666666666658,10.246666666666666,9.091333333333331,20.999999982222224,9.81088888888889,6.5223465,6.668482,6.833608,6.991488,6.444414,0,4.0,0,0.0,-0.47,9.6,90.4
2023-04-24 15:15:00,36.636590194438,0.0,0.0,20.63333332,9.091333333333331,35.95,0,5.1764362714980825,70.66250196097344,15,0,4,-0.7071067811865471,-0.7071067811865479,0.0,1.0,0.8660254037844387,-0.4999999999999998,561.5,551.0,531.8541666666666,9.15,32.575,77.0,62.75,2.75,5.7181025,0.15,9.525,20.46666667,36.03333333333333,36.45,36.85,37.75,35.53333333333333,-11.541999986666667,-0.1666666499999962,-0.2606666666666672,9.352,9.409333333333333,20.805555530000003,9.563333333333334,6.444414,6.5223465,6.668482,6.833608,6.308122,0,4.0,0,0.0,-0.51,10.5,89.5
2023-04-24 15:30:00,30.995704555556,0.0,0.0,20.46666667,9.409333333333333,35.53333333333333,0,5.1764362714980825,70.66250196097344,15,0,4,-0.7071067811865471,-0.7071067811865479,0.0,1.0,0.8660254037844387,-0.4999999999999998,604.0,558.0,536.3958333333334,9.7,32.05,83.0,61.5,2.7,5.684981,0.1,9.75,20.37777779,35.95,36.03333333333333,36.45,36.85,35.45,-11.057333336666666,-0.1666666500000033,0.3179999999999996,9.091333333333331,10.352,20.63333332,9.284222222222224,6.308122,6.444414,6.5223465,6.668482,6.2607636,0,4.0,0,0.0,-0.55,11.4,88.6
2023-04-24 15:45:00,381.556959344444,0.0,0.0,20.37777779,10.352,35.45,0,5.1764362714980825,70.66250196097344,15,0,4,-0.7071067811865471,-0.7071067811865479,0.0,1.0,0.8660254037844387,-0.4999999999999998,646.5,582.75,551.1666666666666,10.25,31.525,89.0,60.25,2.65,5.6495695,0.0499999999999999,9.975,20.24444447,35.53333333333333,35.95,36.03333333333333,36.45,35.21666666666667,-10.02577779,-0.0888888799999989,0.9426666666666677,9.409333333333333,9.806666666666668,20.49259259333333,9.617555555555557,6.2607636,6.308122,6.444414,6.5223465,6.1713014,0,4.0,0,0.0,-0.57,11.9,88.1
2023-04-24 16:00:00,31.229584216662,0.0,0.0,20.24444447,9.806666666666668,35.21666666666667,0,5.1764362714980825,70.66250196097344,16,0,4,-0.8660254037844385,-0.5000000000000004,0.0,1.0,0.8660254037844387,-0.4999999999999998,689.0,625.25,576.1666666666666,10.8,31.0,95.0,59.0,2.6,5.6118135,0.0,10.2,20.08333337,35.45,35.53333333333333,35.95,36.03333333333333,35.8,-10.437777803333336,-0.1333333199999984,-0.5453333333333337,10.352,10.054666666666666,20.36296297666667,9.856000000000002,6.1713014,6.2607636,6.308122,6.444414,6.21469,0,4.0,0,0.0,-0.61,12.7,87.3
2023-04-24 16:15:00,66.35040147777599,0.0,0.0,20.08333337,10.054666666666666,35.8,0,5.1764362714980825,70.66250196097344,16,0,4,-0.8660254037844385,-0.5000000000000004,0.0,1.0,0.8660254037844387,-0.4999999999999998,631.5,642.75,591.2916666666666,10.775,30.725,82.5,58.5,2.475,5.5642557,0.0,10.2,19.96296297,35.21666666666667,35.45,35.53333333333333,35.95,35.53333333333333,-10.028666703333332,-0.1611111000000029,0.2479999999999993,9.806666666666668,10.334666666666664,20.23518521,10.071111111111112,6.21469,6.1713014,6.2607636,6.308122,6.1250806,0,4.0,0,0.0,-0.64,13.6,86.4
2023-04-24 16:30:00,68.126163644448,0.0,0.0,19.96296297,10.334666666666664,35.53333333333333,0,5.1764362714980825,70.66250196097344,16,0,4,-0.8660254037844385,-0.5000000000000004,0.0,1.0,0.8660254037844387,-0.4999999999999998,574.0,635.25,596.5416666666666,10.75,30.45,70.0,58.0,2.35,5.5166984,0.0,10.2,19.71111113,35.8,35.21666666666667,35.45,35.53333333333333,35.15,-9.628296303333334,-0.1203703999999987,0.2799999999999993,10.054666666666666,10.434,20.09691360333333,10.065333333333331,6.1250806,6.21469,6.1713014,6.2607636,5.9701886,0,4.0,0,0.0,-0.67,14.4,85.6
2023-04-24 16:45:00,37.263787172222,0.0,0.0,19.71111113,10.434,35.15,0,5.1764362714980825,70.66250196097344,16,0,4,-0.8660254037844385,-0.5000000000000004,0.0,1.0,0.8660254037844387,-0.4999999999999998,516.5,602.75,591.9166666666666,10.725,30.175,57.5,57.5,2.225,5.4691405,0.0,10.2,19.398148133333333,35.53333333333333,35.8,35.21666666666667,35.45,35.0,-9.27711113,-0.2518518400000005,0.0993333333333339,10.334666666666664,9.532666666666668,19.91913582333333,10.274444444444445,5.9701886,6.1250806,6.21469,6.1713014,5.836385,0,4.0,0,0.0,-0.73,16.2,83.8
2023-04-24 17:00:00,37.64960503889,0.0,0.0,19.398148133333333,9.532666666666668,35.0,0,5.1764362714980825,70.66250196097344,17,0,4,-0.9659258262890684,-0.2588190451025206,0.0,1.0,0.8660254037844387,-0.4999999999999998,459.0,545.25,577.4166666666666,10.7,29.9,45.0,57.0,2.1,5.421583,0.0,10.2,19.15,35.15,35.53333333333333,35.8,35.21666666666667,35.4,-9.865481466666663,-0.3129629966666662,-0.9013333333333318,10.434,8.966666666666667,19.690740744444444,10.100444444444449,5.836385,5.9701886,6.1250806,6.21469,5.8174458,0,4.0,0,0.0,-0.8,18.6,81.4
2023-04-24 17:15:00,41.711387011112,0.0,0.0,19.15,8.966666666666667,35.4,0,5.1764362714980825,70.66250196097344,17,0,4,-0.9659258262890684,-0.2588190451025206,0.0,1.0,0.8660254037844387,-0.4999999999999998,434.25,495.9375,563.2291666666666,11.6,31.075,58.0,59.25,2.0,5.4249988,0.075,9.6,18.94629628333333,35.0,35.15,35.53333333333333,35.8,35.96666666666667,-10.183333333333332,-0.2481481333333342,-0.5660000000000007,9.532666666666668,8.424,19.419753087777774,9.644444444444446,5.8174458,5.836385,5.9701886,6.1250806,5.8399634,0,4.0,0,0.0,-0.86,20.5,79.5
2023-04-24 17:30:00,38.757616349998,0.0,0.0,18.94629628333333,8.424,35.96666666666667,0,5.1764362714980825,70.66250196097344,17,0,4,-0.9659258262890684,-0.2588190451025206,0.0,1.0,0.8660254037844387,-0.4999999999999998,409.5,454.8125,549.3541666666666,12.5,32.25,71.0,61.5,1.9,5.4195766,0.15,9.0,18.74999998,35.4,35.0,35.15,35.53333333333333,36.05,-10.522296283333333,-0.2037037166666664,-0.5426666666666673,8.966666666666667,8.667333333333334,19.164814805555554,8.974444444444446,5.8399634,5.8174458,5.836385,5.9701886,5.7859898,0,4.0,0,0.0,-0.9,22.2,77.8
2023-04-24 17:45:00,36.577148122216,0.0,0.0,18.74999998,8.667333333333334,36.05,0,5.1764362714980825,70.66250196097344,17,0,4,-0.9659258262890684,-0.2588190451025206,0.0,1.0,0.8660254037844387,-0.4999999999999998,384.75,421.875,535.7916666666666,13.4,33.425000000000004,84.0,63.75,1.8,5.4058995,0.225,8.4,18.650000013333333,35.96666666666667,35.4,35.0,35.15,36.46666666666667,-10.082666646666665,-0.1962963033333338,0.243333333333334,8.424,8.954666666666666,18.94876542111111,8.686,5.7859898,5.8399634,5.8174458,5.836385,5.8183427,0,4.0,0,0.0,-0.95,23.9,76.1
2023-04-24 18:00:00,36.905745927778,0.0,0.0,18.650000013333333,8.954666666666666,36.46666666666667,0,5.1764362714980825,70.66250196097344,18,0,4,-1.0,-1.8369701987210294e-16,0.0,1.0,0.8660254037844387,-0.4999999999999998,360.0,397.125,522.5416666666666,14.3,34.6,97.0,66.0,1.7,5.384519,0.3,7.8,18.57222225,36.05,35.96666666666667,35.4,35.0,36.5,-9.695333346666668,-0.0999999666666653,0.2873333333333328,8.667333333333334,8.898,18.78209875888889,8.682,5.8183427,5.7859898,5.8399634,5.8174458,5.796907,0,4.0,0,0.0,-0.97,24.8,75.2
2023-04-24 18:15:00,41.271126938886,0.0,0.0,18.57222225,8.898,36.5,0,5.1764362714980825,70.66250196097344,18,0,4,-1.0,-1.8369701987210294e-16,0.0,1.0,0.8660254037844387,-0.4999999999999998,298.0,363.0625,500.5833333333333,13.2,34.225,95.5,65.25,1.4249999999999998,5.2719865,0.2249999999999999,7.65,18.51481482666667,36.46666666666667,36.05,35.96666666666667,35.4,36.5,-9.67422225,-0.0777777633333336,-0.0566666666666666,8.954666666666666,8.700666666666667,18.65740741444445,8.840000000000002,5.796907,5.8183427,5.7859898,5.8399634,5.77723,0,4.0,0,0.0,-0.99,25.5,74.5
2023-04-24 18:30:00,38.12875262222,0.0,0.0,18.51481482666667,8.700666666666667,36.5,0,5.1764362714980825,70.66250196097344,18,0,4,-1.0,-1.8369701987210294e-16,0.0,1.0,0.8660254037844387,-0.4999999999999998,236.0,319.6875,469.9166666666667,12.1,33.85,94.0,64.5,1.15,5.161063,0.15,7.5,18.39999999,36.5,36.46666666666667,36.05,35.96666666666667,36.5,-9.814148160000002,-0.0574074233333306,-0.1973333333333329,8.898,8.413333333333334,18.579012363333337,8.851111111111113,5.77723,5.796907,5.8183427,5.7859898,5.7380466,0,4.0,0,0.0,-1.0,26.1,73.9
2023-04-24 18:45:00,35.18664814444,0.0,0.0,18.39999999,8.413333333333334,36.5,0,5.1764362714980825,70.66250196097344,18,0,4,-1.0,-1.8369701987210294e-16,0.0,1.0,0.8660254037844387,-0.4999999999999998,174.0,267.0,430.5416666666667,11.0,33.475,92.5,63.75,0.8749999999999999,5.0517306,0.0749999999999999,7.35,18.316666656666666,36.5,36.5,36.46666666666667,36.05,36.5,-9.986666656666667,-0.1148148366666674,-0.2873333333333328,8.700666666666667,8.138666666666667,18.495679022222223,8.670666666666667,5.7380466,5.77723,5.796907,5.8183427,5.709753,0,4.0,0,0.0,-1.03,27.2,72.8
2023-04-24 19:00:00,36.063557433332,0.0,0.0,18.316666656666666,8.138666666666667,36.5,0,5.1764362714980825,70.66250196097344,19,0,4,-0.9659258262890684,0.2588190451025203,0.0,1.0,0.8660254037844387,-0.4999999999999998,112.0,205.0,382.4583333333333,9.9,33.1,91.0,63.0,0.6,4.94397,0.0,7.2,18.23888888,36.5,36.5,36.5,36.46666666666667,36.5,-10.177999989999998,-0.0833333333333357,-0.2746666666666666,8.413333333333334,8.024,18.410493824444448,8.417555555555557,5.709753,5.7380466,5.77723,5.796907,5.6834545,0,4.0,0,0.0,-1.04,28.0,72.0
2023-04-24 19:15:00,45.229857449998,0.0,0.0,18.23888888,8.024,36.5,0,5.1764362714980825,70.66250196097344,19,0,4,-0.9659258262890684,0.2588190451025203,0.0,1.0,0.8660254037844387,-0.4999999999999998,91.5,153.375,337.4583333333333,9.05,30.05,89.75,67.75,1.125,5.18028,0.0,6.8,18.20185185,36.5,36.5,36.5,36.5,36.5,-10.214888880000002,-0.0777777766666645,-0.1146666666666682,8.138666666666667,7.791333333333333,18.31851850888889,8.192000000000002,5.6834545,5.709753,5.7380466,5.77723,5.6709695,0,4.0,0,0.0,-1.06,28.8,71.2
2023-04-24 19:30:00,33.508937455552,0.0,0.0,18.20185185,7.791333333333333,36.5,0,5.1764362714980825,70.66250196097344,19,0,4,-0.9659258262890684,0.2588190451025203,0.0,1.0,0.8660254037844387,-0.4999999999999998,71.0,112.125,295.5416666666667,8.2,27.0,88.5,72.5,1.65,5.400741,0.0,6.4,18.16111114,36.5,36.5,36.5,36.5,36.45,-10.410518516666666,-0.0370370300000004,-0.2326666666666659,8.024,7.624,18.25246912888889,7.984666666666668,5.6709695,5.6834545,5.709753,5.7380466,5.6495123,0,4.0,0,0.0,-1.07,29.2,70.8
2023-04-24 19:45:00,30.488780533328,0.0,0.0,18.16111114,7.624,36.45,0,5.1764362714980825,70.66250196097344,19,0,4,-0.9659258262890684,0.2588190451025203,0.0,1.0,0.8660254037844387,-0.4999999999999998,50.5,81.25,256.7083333333333,7.35,23.95,87.25,77.25,2.175,5.6059318,0.0,6.0,18.09444445666667,36.5,36.5,36.5,36.5,36.03333333333333,-10.53711114,-0.0407407100000014,-0.1673333333333335,7.791333333333333,7.468000000000001,18.20061729,7.813111111111112,5.6495123,5.6709695,5.6834545,5.709753,5.5628476,0,4.0,0,0.0,-1.08,29.6,70.4
2023-04-24 20:00:00,52.189023472222,0.0,0.0,18.09444445666667,7.468000000000001,36.03333333333333,0,5.1764362714980825,70.66250196097344,20,0,4,-0.8660254037844386,0.5000000000000001,0.0,1.0,0.8660254037844387,-0.4999999999999998,30.0,60.75,220.95833333333331,6.5,20.9,86.0,82.0,2.7,5.7964153,0.0,5.6,18.01666668,36.45,36.5,36.5,36.5,36.0,-10.626444456666668,-0.0666666833333309,-0.1559999999999988,7.624,7.339333333333333,18.15246914888889,7.627777777777779,5.5628476,5.6495123,5.6709695,5.6834545,5.532059,0,4.0,0,0.0,-1.1,30.4,69.6
2023-04-24 20:15:00,93.171550888884,0.0,0.0,18.01666668,7.339333333333333,36.0,0,5.1764362714980825,70.66250196097344,20,0,4,-0.8660254037844386,0.5000000000000001,0.0,1.0,0.8660254037844387,-0.4999999999999998,22.5,43.5,186.64583333333331,6.975,19.275,89.25,84.25,2.8000000000000003,5.848623,0.0,5.324999999999999,18.0,36.03333333333333,36.45,36.5,36.5,36.36666666666667,-10.677333346666668,-0.077777776666668,-0.1286666666666676,7.468000000000001,7.197333333333333,18.090740758888888,7.477111111111111,5.532059,5.5628476,5.6495123,5.6709695,5.582866,0,4.0,0,0.0,-1.12,31.3,68.7
2023-04-24 20:30:00,510.998726083326,0.0,0.0,18.0,7.197333333333333,36.36666666666667,0,5.1764362714980825,70.66250196097344,20,0,4,-0.8660254037844386,0.5000000000000001,0.0,1.0,0.8660254037844387,-0.4999999999999998,15.0,29.5,153.77083333333334,7.45,17.65,92.5,86.5,2.9000000000000004,5.896849,0.0,5.05,18.04444447,36.0,36.03333333333333,36.45,36.5,38.15,-10.802666666666669,-0.0166666800000001,-0.1420000000000003,7.339333333333333,6.966666666666667,18.03703704555556,7.334888888888891,5.582866,5.532059,5.5628476,5.6495123,5.872139,0,4.0,0,0.0,-1.12,31.4,68.6
2023-04-24 20:45:00,315.168226166664,0.0,0.0,18.04444447,6.966666666666667,38.15,0,5.1764362714980825,70.66250196097344,20,0,4,-0.8660254037844386,0.5000000000000001,0.0,1.0,0.8660254037844387,-0.4999999999999998,7.5,18.75,122.33333333333331,7.925000000000001,16.025,95.75,88.75,3.0,5.9412045,0.0,4.775,18.1074074,36.36666666666667,36.0,36.03333333333333,36.45,39.43333333333333,-11.077777803333332,0.0444444699999984,-0.2306666666666661,7.197333333333333,6.701333333333333,18.020370383333333,7.167777777777779,5.872139,5.582866,5.532059,5.5628476,6.0924344,0,4.0,0,0.0,-1.1,30.5,69.5
2023-04-24 21:00:00,88.142863077776,0.0,0.0,18.1074074,6.701333333333333,39.43333333333333,0,5.1764362714980825,70.66250196097344,21,0,4,-0.7071067811865477,0.7071067811865474,0.0,1.0,0.8660254037844387,-0.4999999999999998,0.0,11.25,92.33333333333331,8.4,14.4,99.0,91.0,3.1,5.9817977,0.0,4.5,18.14444446,38.15,36.36666666666667,36.0,36.03333333333333,39.4,-11.406074066666664,0.0629629300000012,-0.2653333333333334,6.966666666666667,6.466666666666667,18.05061729,6.955111111111112,6.0924344,5.872139,5.582866,5.532059,6.1006975,0,4.0,0,0.0,-1.08,29.5,70.5
2023-04-24 21:15:00,69.2588962,0.0,0.0,18.14444446,6.466666666666667,39.4,0,5.1764362714980825,70.66250196097344,21,0,4,-0.7071067811865477,0.7071067811865474,0.0,1.0,0.8660254037844387,-0.4999999999999998,0.0,5.625,67.5,8.775,15.4,98.75,91.75,3.075,5.9614167,0.0,4.325,18.11481480666667,39.43333333333333,38.15,36.36666666666667,36.0,38.38333333333333,-11.677777793333332,0.0370370599999994,-0.2346666666666665,6.701333333333333,6.35,18.09876544333333,6.711555555555557,6.1006975,6.0924344,5.872139,5.582866,5.932822,0,4.0,0,0.0,-1.07,29.1,70.9
2023-04-24 21:30:00,113.917665261114,0.0,0.0,18.11481480666667,6.35,38.38333333333333,0,5.1764362714980825,70.66250196097344,21,0,4,-0.7071067811865477,0.7071067811865474,0.0,1.0,0.8660254037844387,-0.4999999999999998,0.0,1.875,47.833333333333336,9.15,16.4,98.5,92.5,3.05,5.940611,0.0,4.15,18.07222225,39.4,39.43333333333333,38.15,36.36666666666667,37.95,-11.764814806666667,-0.0296296533333304,-0.1166666666666671,6.466666666666667,6.3293333333333335,18.122222222222224,6.506000000000001,5.932822,6.1006975,6.0924344,5.872139,5.8510084,0,4.0,0,0.0,-1.08,29.7,70.3
2023-04-24 21:45:00,122.631205755552,0.0,0.0,18.07222225,6.3293333333333335,37.95,0,5.1764362714980825,70.66250196097344,21,0,4,-0.7071067811865477,0.7071067811865474,0.0,1.0,0.8660254037844387,-0.4999999999999998,0.0,0.0,33.333333333333336,9.525,17.4,98.25,93.25,3.025,5.919386,0.0,3.975,18.03518521333333,38.38333333333333,39.4,39.43333333333333,38.15,37.53333333333333,-11.742888916666663,-0.0425925566666691,-0.0206666666666661,6.35,6.205333333333333,18.11049383888889,6.382000000000001,5.8510084,5.932822,6.1006975,6.0924344,5.7740397,0,4.0,0,0.0,-1.09,30.2,69.8
2023-04-24 22:00:00,150.567032611112,0.0,0.0,18.03518521333333,6.205333333333333,37.53333333333333,0,5.1764362714980825,70.66250196097344,22,0,4,-0.5000000000000004,0.8660254037844384,0.0,1.0,0.8660254037844387,-0.4999999999999998,0.0,0.0,24.0,9.9,18.4,98.0,94.0,3.0,5.8977566,0.0,3.8,17.99444444,37.95,38.38333333333333,39.4,39.43333333333333,37.5,-11.82985188,-0.0370370366666676,-0.1240000000000005,6.3293333333333335,6.060666666666666,18.07407409,6.294888888888891,5.7740397,5.8510084,5.932822,6.1006975,5.7549496,0,4.0,0,0.0,-1.1,30.7,69.3
2023-04-24 22:15:00,154.649647116666,0.0,0.0,17.99444444,6.060666666666666,37.5,0,5.1764362714980825,70.66250196097344,22,0,4,-0.5000000000000004,0.8660254037844384,0.0,1.0,0.8660254037844387,-0.4999999999999998,0.0,0.0,16.375,9.825,18.575,88.25,94.5,2.925,5.8798413,0.0,3.675,17.927777756666668,37.53333333333333,37.95,38.38333333333333,39.4,37.5,-11.933777773333333,-0.0407407733333329,-0.1446666666666667,6.205333333333333,5.958,18.033950634444444,6.198444444444445,5.7549496,5.7740397,5.8510084,5.932822,5.732166,0,4.0,0,0.0,-1.11,31.2,68.8
2023-04-24 22:30:00,159.415289849998,0.0,0.0,17.927777756666668,5.958,37.5,0,5.1764362714980825,70.66250196097344,22,0,4,-0.5000000000000004,0.8660254037844384,0.0,1.0,0.8660254037844387,-0.4999999999999998,0.0,0.0,10.458333333333334,9.75,18.75,78.5,95.0,2.85,5.8617663,0.0,3.55,17.8888889,37.5,37.53333333333333,37.95,38.38333333333333,37.85,-11.969777756666668,-0.0666666833333309,-0.102666666666666,6.060666666666666,5.8533333333333335,17.98580247,6.074666666666668,5.732166,5.7549496,5.7740397,5.8510084,5.772287,0,4.0,0,0.0,-1.13,31.9,68.1
2023-04-24 22:45:00,355.51355680555,0.0,0.0,17.8888889,5.8533333333333335,37.85,0,5.1764362714980825,70.66250196097344,22,0,4,-0.5000000000000004,0.8660254037844384,0.0,1.0,0.8660254037844387,-0.4999999999999998,0.0,0.0,6.25,9.675,18.925,68.75,95.5,2.7750000000000004,5.8435335,0.0,3.425,17.868518513333335,37.5,37.5,37.53333333333333,37.95,38.0,-12.035555566666668,-0.0388888566666665,-0.1046666666666666,5.958,5.8340000000000005,17.937037032222225,5.957333333333335,5.772287,5.732166,5.7549496,5.7740397,5.788137,0,4.0,0,0.0,-1.14,32.2,67.8
2023-04-24 23:00:00,72.197667544444,0.0,0.0,17.868518513333335,5.8340000000000005,38.0,0,5.1764362714980825,70.66250196097344,23,0,4,-0.2588190451025215,0.965925826289068,0.0,1.0,0.8660254037844387,-0.4999999999999998,0.0,0.0,3.75,9.6,19.1,59.0,96.0,2.7,5.8251476,0.0,3.3,17.82777775,37.85,37.5,37.5,37.53333333333333,38.0,-12.034518513333335,-0.0203703866666664,-0.0193333333333329,5.8533333333333335,5.772666666666667,17.895061723333335,5.88177777777778,5.788137,5.772287,5.732166,5.7549496,5.77411,0,4.0,0,0.0,-1.14,32.4,67.6
2023-04-24 23:15:00,71.87518054444,0.0,0.0,17.82777775,5.772666666666667,38.0,0,5.1764362714980825,70.66250196097344,23,0,4,-0.2588190451025215,0.965925826289068,0.0,1.0,0.8660254037844387,-0.4999999999999998,0.0,0.0,1.875,9.375,18.825000000000003,62.25,96.0,2.5500000000000003,5.7668424,0.0,3.15,17.781481499999998,38.0,37.85,37.5,37.5,38.18333333333333,-12.055111083333331,-0.0407407633333356,-0.0613333333333336,5.8340000000000005,5.756,17.861728387777777,5.820000000000001,5.77411,5.788137,5.772287,5.732166,5.785986,0,4.0,0,0.0,-1.15,32.9,67.1
2023-04-24 23:30:00,81.168697588888,0.0,0.0,17.781481499999998,5.756,38.18333333333333,0,5.1764362714980825,70.66250196097344,23,0,4,-0.2588190451025215,0.965925826289068,0.0,1.0,0.8660254037844387,-0.4999999999999998,0.0,0.0,0.625,9.15,18.55,65.5,96.0,2.4000000000000004,5.7090487,0.0,3.0,17.73888888,38.0,38.0,37.85,37.5,38.5,-12.025481499999998,-0.046296250000001,-0.0166666666666666,5.772666666666667,5.700666666666666,17.82592592111111,5.787555555555557,5.785986,5.77411,5.788137,5.772287,5.819181,0,4.0,0,0.0,-1.16,33.4,66.6
2023-04-24 23:45:00,63.48134956111,0.0,0.0,17.73888888,5.700666666666666,38.5,0,5.1764362714980825,70.66250196097344,23,0,4,-0.2588190451025215,0.965925826289068,0.0,1.0,0.8660254037844387,-0.4999999999999998,0.0,0.0,0.0,8.924999999999999,18.275,68.75,96.0,2.25,5.6517634,0.0,2.85,17.70185185,38.18333333333333,38.0,38.0,37.85,38.5,-12.038222213333334,-0.042592619999997,-0.0553333333333343,5.756,5.642,17.782716043333334,5.743111111111112,5.819181,5.785986,5.77411,5.788137,5.806348,0,4.0,0,0.0,-1.17,33.8,66.2
2023-04-25 00:00:00,66.933155966664,0.0,0.0,17.70185185,5.642,38.5,0,5.1764362714980825,70.66250196097344,0,1,4,0.0,1.0,0.7818314824680298,0.6234898018587336,0.8660254037844387,-0.4999999999999998,0.0,0.0,0.0,8.7,18.0,72.0,96.0,2.1,5.5949817,0.0,2.7,17.66111114,38.5,38.18333333333333,38.0,38.0,38.5,-12.05985185,-0.0370370300000004,-0.0586666666666664,5.700666666666666,5.586666666666667,17.740740743333333,5.699555555555556,5.806348,5.819181,5.785986,5.77411,5.7922573,0,4.0,0,0.0,-1.18,34.2,65.8
2023-04-25 00:15:00,87.806209911108,0.0,0.0,17.66111114,5.586666666666667,38.5,0,5.1764362714980825,70.66250196097344,0,1,4,0.0,1.0,0.7818314824680298,0.6234898018587336,0.8660254037844387,-0.4999999999999998,0.0,0.0,0.0,8.5,17.45,78.25,96.0,2.0,5.557406,0.0,2.6,17.61481480666667,38.5,38.5,38.18333333333333,38.0,38.5,-12.074444473333331,-0.0407407100000014,-0.0553333333333325,5.642,5.569999999999999,17.70061729,5.643111111111112,5.7922573,5.806348,5.819181,5.785986,5.7762814,0,4.0,0,0.0,-1.19,34.7,65.3
2023-04-25 00:30:00,64.330759933336,0.0,0.0,17.61481480666667,5.569999999999999,38.5,0,5.1764362714980825,70.66250196097344,0,1,4,0.0,1.0,0.7818314824680298,0.6234898018587336,0.8660254037844387,-0.4999999999999998,0.0,0.0,0.0,8.3,16.9,84.5,96.0,1.9,5.520051,0.0,2.5,17.57222225,38.5,38.5,38.5,38.18333333333333,38.5,-12.044814806666668,-0.0462963333333306,-0.0166666666666674,5.586666666666667,5.596666666666667,17.65925926555556,5.599555555555557,5.7762814,5.7922573,5.806348,5.819181,5.7616167,0,4.0,0,0.0,-1.2,35.2,64.8
2023-04-25 00:45:00,61.438931361106,0.0,0.0,17.57222225,5.596666666666667,38.5,0,5.1764362714980825,70.66250196097344,0,1,4,0.0,1.0,0.7818314824680298,0.6234898018587336,0.8660254037844387,-0.4999999999999998,0.0,0.0,0.0,8.1,16.35,90.75,96.0,1.8,5.4829173,0.0,2.4,17.53518521333333,38.5,38.5,38.5,38.5,38.5,-11.975555583333332,-0.0425925566666691,0.0266666666666672,5.569999999999999,5.573333333333333,17.61604939888889,5.584444444444446,5.7616167,5.7762814,5.7922573,5.806348,5.7488933,0,4.0,0,0.0,-1.21,35.7,64.3
2023-04-25 01:00:00,79.652924955552,0.0,0.0,17.53518521333333,5.573333333333333,38.5,0,5.1764362714980825,70.66250196097344,1,1,4,0.2588190451025207,0.9659258262890684,0.7818314824680298,0.6234898018587336,0.8660254037844387,-0.4999999999999998,0.0,0.0,0.0,7.9,15.8,97.0,96.0,1.7,5.446001,0.0,2.3,17.5,38.5,38.5,38.5,38.5,38.85,-11.961851879999998,-0.0370370366666676,-0.0233333333333334,5.596666666666667,5.515333333333333,17.57407409,5.580000000000001,5.7488933,5.7616167,5.7762814,5.7922573,5.7889795,0,4.0,0,0.0,-1.22,36.2,63.8
2023-04-25 01:15:00,62.968592222224,0.0,0.0,17.5,5.515333333333333,38.85,0,5.1764362714980825,70.66250196097344,1,1,4,0.2588190451025207,0.9659258262890684,0.7818314824680298,0.6234898018587336,0.8660254037844387,-0.4999999999999998,0.0,0.0,0.0,8.05,15.725,93.0,96.0,1.7,5.436806,0.0,2.275,17.479629613333334,38.5,38.5,38.5,38.5,38.81666666666667,-11.984666666666666,-0.0351852133333316,-0.0579999999999998,5.573333333333333,5.44,17.535802487777776,5.561777777777778,5.7889795,5.7488933,5.7616167,5.7762814,5.776981,0,4.0,0,0.0,-1.23,36.5,63.5
2023-04-25 01:30:00,66.800661299996,11.052891216666,11.060113194442,17.479629613333334,5.44,38.81666666666667,1,5.1764362714980825,70.66250196097344,1,1,4,0.2588190451025207,0.9659258262890684,0.7818314824680298,0.6234898018587336,0.8660254037844387,-0.4999999999999998,0.0,0.0,0.0,8.2,15.65,89.0,96.0,1.7,5.4276247,0.0,2.25,17.5111111,38.85,38.5,38.5,38.5,38.8,-12.039629613333332,-0.0203703866666664,-0.075333333333333,5.515333333333333,5.423333333333334,17.504938275555556,5.509555555555557,5.776981,5.7889795,5.7488933,5.7616167,5.7853675,0,3.0,1,0.25,-1.23,36.8,63.2
2023-04-25 01:45:00,171.139265288888,101.930922583334,101.946477577776,17.5111111,5.423333333333334,38.8,2,5.1764362714980825,70.66250196097344,1,1,4,0.2588190451025207,0.9659258262890684,0.7818314824680298,0.6234898018587336,0.8660254037844387,-0.4999999999999998,0.0,0.0,0.0,8.35,15.575,85.0,96.0,1.7,5.418457,0.0,2.225,17.800000016666665,38.81666666666667,38.85,38.5,38.5,38.35,-12.087777766666669,0.0314814866666672,-0.0166666666666666,5.44,5.42,17.49691357111111,5.459555555555557,5.7853675,5.776981,5.7889795,5.7488933,5.8176584,0,2.0,1,0.5,-1.22,36.4,63.6
2023-04-25 02:00:00,69.1730663,0.0,0.0,17.800000016666665,5.42,38.35,0,5.1764362714980825,70.66250196097344,2,1,4,0.4999999999999999,0.8660254037844387,0.7818314824680298,0.6234898018587336,0.8660254037844387,-0.4999999999999998,0.0,0.0,0.0,8.5,15.5,81.0,96.0,1.7,5.409303,0.0,2.2,17.800000020000002,38.8,38.81666666666667,38.85,38.5,38.0,-12.380000016666663,0.2888889166666644,-0.0033333333333338,5.423333333333334,5.332,17.59691357666667,5.42777777777778,5.8176584,5.7853675,5.776981,5.7889795,5.7645636,1,2.0,1,0.5,-1.16,33.1,66.9
2023-04-25 02:15:00,60.364252,0.0,0.0,17.800000020000002,5.332,38.0,0,5.1764362714980825,70.66250196097344,2,1,4,0.4999999999999999,0.8660254037844387,0.7818314824680298,0.6234898018587336,0.8660254037844387,-0.4999999999999998,0.0,0.0,0.0,8.4,15.5,62.25,96.25,1.625,5.386814,0.0,2.1,17.65370372,38.35,38.8,38.81666666666667,38.85,38.0,-12.468000020000002,3.3333371618482492e-09,-0.088,5.42,5.234,17.70370371222222,5.391777777777779,5.7645636,5.8176584,5.7853675,5.776981,5.714506,0,2.0,0,0.5,-1.16,33.2,66.8
2023-04-25 02:30:00,71.043824933328,0.0,0.0,17.65370372,5.234,38.0,0,5.1764362714980825,70.66250196097344,2,1,4,0.4999999999999999,0.8660254037844387,0.7818314824680298,0.6234898018587336,0.8660254037844387,-0.4999999999999998,0.0,0.0,0.0,8.3,15.5,43.5,96.5,1.5499999999999998,5.364352,0.0,2.0,17.566666689999998,38.0,38.35,38.8,38.81666666666667,38.0,-12.41970372,-0.146296300000003,-0.0979999999999998,5.332,5.002666666666667,17.751234585555558,5.328666666666668,5.714506,5.7645636,5.8176584,5.7853675,5.6849055,0,3.0,0,0.25,-1.19,34.9,65.1
2023-04-25 02:45:00,70.777446655552,0.0,0.0,17.566666689999998,5.002666666666667,38.0,0,5.1764362714980825,70.66250196097344,2,1,4,0.4999999999999999,0.8660254037844387,0.7818314824680298,0.6234898018587336,0.8660254037844387,-0.4999999999999998,0.0,0.0,0.0,8.2,15.5,24.75,96.75,1.475,5.341917,0.0,1.9,17.48333332,38.0,38.0,38.35,38.8,38.0,-12.564000023333332,-0.0870370300000011,-0.2313333333333327,5.234,4.85,17.67345681,5.189555555555557,5.6849055,5.714506,5.7645636,5.8176584,5.656689,0,4.0,0,0.0,-1.21,35.9,64.1
2023-04-25 03:00:00,63.23580388333,0.0,0.0,17.48333332,4.85,38.0,0,5.1764362714980825,70.66250196097344,3,1,4,0.7071067811865476,0.7071067811865476,0.7818314824680298,0.6234898018587336,0.8660254037844387,-0.4999999999999998,0.0,0.0,0.0,8.1,15.5,6.0,97.0,1.4,5.3195105,0.0,1.8,17.39999999,38.0,38.0,38.0,38.35,38.0,-12.63333332,-0.0833333699999983,-0.1526666666666676,5.002666666666667,4.758666666666667,17.567901243333335,5.028888888888891,5.656689,5.6849055,5.714506,5.7645636,5.628595,0,4.0,0,0.0,-1.23,36.9,63.1
2023-04-25 03:15:00,71.67768836111,0.0,0.0,17.39999999,4.758666666666667,38.0,0,5.1764362714980825,70.66250196097344,3,1,4,0.7071067811865476,0.7071067811865476,0.7818314824680298,0.6234898018587336,0.8660254037844387,-0.4999999999999998,0.0,0.0,0.0,8.2,15.5,8.0,97.0,1.1749999999999998,5.247732,0.0,1.6,17.337037006666666,38.0,38.0,38.0,38.0,38.0,-12.641333323333336,-0.0833333299999985,-0.091333333333333,4.85,4.563999999999999,17.483333333333334,4.870444444444446,5.628595,5.656689,5.6849055,5.714506,5.607446,0,4.0,0,0.0,-1.25,37.9,62.1
2023-04-25 03:30:00,111.174441877772,51.654600383334,51.665711088888,17.337037006666666,4.563999999999999,38.0,1,5.1764362714980825,70.66250196097344,3,1,4,0.7071067811865476,0.7071067811865476,0.7818314824680298,0.6234898018587336,0.8660254037844387,-0.4999999999999998,0.0,0.0,0.0,8.3,15.5,10.0,97.0,0.95,5.176805,0.0,1.4,17.511111130000003,38.0,38.0,38.0,38.0,37.9,-12.773037006666666,-0.0629629833333353,-0.1946666666666674,4.758666666666667,4.405333333333333,17.406790105555555,4.724222222222223,5.607446,5.628595,5.656689,5.6849055,5.651171,0,3.0,1,0.25,-1.27,38.7,61.3
2023-04-25 03:45:00,108.618988533328,61.517261477776,61.52892774444,17.511111130000003,4.405333333333333,37.9,1,5.1764362714980825,70.66250196097344,3,1,4,0.7071067811865476,0.7071067811865476,0.7818314824680298,0.6234898018587336,0.8660254037844387,-0.4999999999999998,0.0,0.0,0.0,8.4,15.5,12.0,97.0,0.725,5.1067185,0.0,1.2,17.72222225,38.0,38.0,38.0,38.0,37.06666666666667,-13.10577779666667,0.1740741233333373,-0.158666666666666,4.563999999999999,4.33,17.41604937555556,4.5760000000000005,5.651171,5.607446,5.628595,5.656689,5.5969715,0,2.0,0,0.5,-1.23,36.6,63.4
2023-04-25 04:00:00,50.811300933328,0.0,0.0,17.72222225,4.33,37.06666666666667,0,5.1764362714980825,70.66250196097344,4,1,4,0.8660254037844386,0.5000000000000001,0.7818314824680298,0.6234898018587336,0.8660254037844387,-0.4999999999999998,0.0,0.0,0.0,8.5,15.5,14.0,97.0,0.5,5.037467,0.0,1.0,17.5388889,37.9,38.0,38.0,38.0,37.35,-13.39222225,0.2111111199999982,-0.075333333333333,4.405333333333333,4.22,17.523456795555557,4.433111111111113,5.5969715,5.651171,5.607446,5.628595,5.578406,1,2.0,1,0.5,-1.18,34.3,65.7
2023-04-25 04:15:00,39.600638144444,0.0,0.0,17.5388889,4.22,37.35,0,5.1764362714980825,70.66250196097344,4,1,4,0.8660254037844386,0.5000000000000001,0.7818314824680298,0.6234898018587336,0.8660254037844387,-0.4999999999999998,0.0,0.0,0.0,8.225,15.5,13.0,96.75,0.4,4.9902554,0.0,0.9,17.396296306666667,37.06666666666667,37.9,38.0,38.0,37.5,-13.3188889,-0.1833333500000016,-0.1100000000000003,4.33,4.166,17.590740760000003,4.318444444444445,5.578406,5.5969715,5.651171,5.607446,5.5533037,0,2.0,0,0.5,-1.22,36.4,63.6
2023-04-25 04:30:00,112.799376644448,64.427978311112,64.440477877776,17.396296306666667,4.166,37.5,1,5.1764362714980825,70.66250196097344,4,1,4,0.8660254037844386,0.5000000000000001,0.7818314824680298,0.6234898018587336,0.8660254037844387,-0.4999999999999998,0.0,0.0,0.0,7.95,15.5,12.0,96.5,0.3,4.9434257,0.0,0.8,17.55555555,37.35,37.06666666666667,37.9,38.0,37.45,-13.230296306666666,-0.1425925933333331,-0.0539999999999993,4.22,4.146,17.552469152222223,4.238666666666668,5.5533037,5.578406,5.5969715,5.651171,5.5989103,0,2.0,1,0.5,-1.26,38.1,61.9
2023-04-25 04:45:00,85.873231649998,40.537267327778,40.547822488888,17.55555555,4.146,37.45,1,5.1764362714980825,70.66250196097344,4,1,4,0.8660254037844386,0.5000000000000001,0.7818314824680298,0.6234898018587336,0.8660254037844387,-0.4999999999999998,0.0,0.0,0.0,7.675000000000001,15.5,11.0,96.25,0.1999999999999999,4.896973,0.0,0.7,17.653703706666665,37.5,37.35,37.06666666666667,37.9,37.03333333333333,-13.40955555,0.1592592433333344,-0.0200000000000004,4.166,4.183333333333334,17.496913585555557,4.177333333333334,5.5989103,5.5533037,5.578406,5.5969715,5.5691366,0,2.0,0,0.5,-1.22,36.2,63.8
2023-04-25 05:00:00,38.684563822216,0.0,0.0,17.653703706666665,4.183333333333334,37.03333333333333,0,5.1764362714980825,70.66250196097344,5,1,4,0.9659258262890684,0.2588190451025207,0.7818314824680298,0.6234898018587336,0.8660254037844387,-0.4999999999999998,0.0,0.0,0.0,7.4,15.5,10.0,96.0,0.1,4.850897,0.0,0.6,17.466666649999997,37.45,37.5,37.35,37.06666666666667,37.0,-13.470370373333331,0.0981481566666637,0.0373333333333336,4.146,4.072,17.53518518777778,4.165111111111113,5.5691366,5.5989103,5.5533037,5.578406,5.502349,1,2.0,1,0.5,-1.2,35.1,64.9
2023-04-25 05:15:00,60.358974511108,18.064277433332,18.072054938886,17.466666649999997,4.072,37.0,1,5.1764362714980825,70.66250196097344,5,1,4,0.9659258262890684,0.2588190451025207,0.7818314824680298,0.6234898018587336,0.8660254037844387,-0.4999999999999998,0.0,0.0,0.0,7.4,14.95,8.25,96.0,-0.0249999999999999,4.817741,0.0,0.5,17.381481443333332,37.03333333333333,37.45,37.5,37.35,37.18333333333333,-13.394666649999998,-0.1870370566666679,-0.1113333333333335,4.183333333333334,4.053999999999999,17.55864196888889,4.133777777777779,5.502349,5.5691366,5.5989103,5.5533037,5.5015373,0,1.0,1,0.75,-1.24,37.4,62.6
2023-04-25 05:30:00,137.54533146666,86.210718116666,86.225439794442,17.381481443333332,4.053999999999999,37.18333333333333,2,5.1764362714980825,70.66250196097344,5,1,4,0.9659258262890684,0.2588190451025207,0.7818314824680298,0.6234898018587336,0.8660254037844387,-0.4999999999999998,0.0,0.0,0.0,7.4,14.4,6.5,96.0,-0.15,4.784783,0.0,0.4,17.583333340000003,37.0,37.03333333333333,37.45,37.5,36.85,-13.327481443333332,-0.0851852066666651,-0.0180000000000006,4.072,4.02,17.500617266666666,4.103111111111112,5.5015373,5.502349,5.5691366,5.5989103,5.5183496,0,1.0,1,0.75,-1.26,38.3,61.7
2023-04-25 05:45:00,364.09376916666,0.0,0.0,17.583333340000003,4.02,36.85,0,5.1764362714980825,70.66250196097344,5,1,4,0.9659258262890684,0.2588190451025207,0.7818314824680298,0.6234898018587336,0.8660254037844387,-0.4999999999999998,0.0,0.0,0.0,7.4,13.85,4.75,96.0,-0.275,4.752023,0.0,0.3,17.490740726666665,37.18333333333333,37.0,37.03333333333333,37.45,37.516666666666666,-13.563333340000003,0.2018518966666711,-0.0339999999999998,4.053999999999999,4.030666666666667,17.477160477777776,4.048666666666667,5.5183496,5.5015373,5.502349,5.5691366,5.587211,1,2.0,1,0.5,-1.22,36.0,64.0
2023-04-25 06:00:00,68.590589533336,0.0,0.0,17.490740726666665,4.030666666666667,37.516666666666666,0,5.1764362714980825,70.66250196097344,6,1,4,1.0,6.123233995736766e-17,0.7818314824680298,0.6234898018587336,0.8660254037844387,-0.4999999999999998,0.0,0.0,0.0,7.4,13.3,3.0,96.0,-0.4,4.7194595,0.0,0.2,17.394444439999997,36.85,37.18333333333333,37.0,37.03333333333333,38.5,-13.460074059999998,-0.0925926133333376,0.0106666666666672,4.02,3.9426666666666663,17.485185170000005,4.03488888888889,5.587211,5.5183496,5.5015373,5.502349,5.700762,0,2.0,0,0.5,-1.23,36.9,63.1
2023-04-25 06:15:00,50.626863694446,0.0,0.0,17.394444439999997,3.9426666666666663,38.5,0,5.1764362714980825,70.66250196097344,6,1,4,1.0,6.123233995736766e-17,0.7818314824680298,0.6234898018587336,0.8660254037844387,-0.4999999999999998,8.25,2.0625,0.6875,7.575,13.475,6.75,95.5,-0.3,4.7435427,0.0,0.35,17.26481482,37.516666666666666,36.85,37.18333333333333,37.0,38.5,-13.45177777333333,-0.0962962866666679,-0.088,4.030666666666667,3.823333333333333,17.48950616888889,3.997777777777779,5.700762,5.587211,5.5183496,5.5015373,5.65674,0,3.0,0,0.25,-1.25,37.9,62.1
2023-04-25 06:30:00,32.291763961106,0.0,0.0,17.26481482,3.823333333333333,38.5,0,5.1764362714980825,70.66250196097344,6,1,4,1.0,6.123233995736766e-17,0.7818314824680298,0.6234898018587336,0.8660254037844387,-0.4999999999999998,16.5,6.1875,2.0625,7.75,13.65,10.5,95.0,-0.2,4.767556,0.0,0.5,17.17777779,38.5,37.516666666666666,36.85,37.18333333333333,38.15,-13.441481486666667,-0.1296296199999957,-0.1193333333333335,3.9426666666666663,3.9133333333333336,17.38333332888889,3.932222222222224,5.65674,5.700762,5.587211,5.5183496,5.5761914,0,4.0,0,0.0,-1.28,39.5,60.5
2023-04-25 06:45:00,59.833162194442,25.237879327778,25.250101088888,17.17777779,3.9133333333333336,38.15,1,5.1764362714980825,70.66250196097344,6,1,4,1.0,6.123233995736766e-17,0.7818314824680298,0.6234898018587336,0.8660254037844387,-0.4999999999999998,24.75,12.375,4.125,7.925,13.825,14.25,94.5,-0.0999999999999999,4.7914953,0.0,0.6500000000000001,17.196296280000002,38.5,38.5,37.516666666666666,36.85,38.0,-13.264444456666666,-0.0870370300000011,0.0900000000000003,3.823333333333333,4.237333333333334,17.279012350000002,3.893111111111113,5.5761914,5.65674,5.700762,5.587211,5.560426,0,3.0,1,0.25,-1.31,40.6,59.4
2023-04-25 07:00:00,111.537482638894,70.882442372222,70.898552827778,17.196296280000002,4.237333333333334,38.0,2,5.1764362714980825,70.66250196097344,7,1,4,0.9659258262890684,-0.2588190451025206,0.7818314824680298,0.6234898018587336,0.8660254037844387,-0.4999999999999998,33.0,20.625,6.875,8.1,14.0,18.0,94.0,0.0,4.8153577,0.0,0.8,17.39999996,38.15,38.5,38.5,37.516666666666666,37.65,-12.958962946666668,0.0185184900000017,0.3240000000000003,3.9133333333333336,4.762666666666666,17.212962963333336,3.991333333333335,5.560426,5.5761914,5.65674,5.700762,5.576752,0,2.0,1,0.5,-1.3,40.4,59.6
2023-04-25 07:15:00,34.833328894442,0.0,0.0,17.39999996,4.762666666666666,37.65,0,5.1764362714980825,70.66250196097344,7,1,4,0.9659258262890684,-0.2588190451025206,0.7818314824680298,0.6234898018587336,0.8660254037844387,-0.4999999999999998,69.25,35.875,12.645833333333334,7.425,14.45,14.5,91.25,0.3,4.9199,0.0,1.55,17.29999997,38.0,38.15,38.5,38.5,37.5,-12.637333293333333,0.2037036799999967,0.5253333333333323,4.237333333333334,4.959333333333333,17.25802467666667,4.304444444444446,5.576752,5.560426,5.5761914,5.65674,5.5214224,1,2.0,1,0.5,-1.26,38.0,62.0
2023-04-25 07:30:00,38.304578955552,0.0,0.0,17.29999997,4.959333333333333,37.5,0,5.1764362714980825,70.66250196097344,7,1,4,0.9659258262890684,-0.2588190451025206,0.7818314824680298,0.6234898018587336,0.8660254037844387,-0.4999999999999998,105.5,58.125,21.4375,6.75,14.9,11.0,88.5,0.6,5.0205326,0.0,2.3,17.14444443,37.65,38.0,38.15,38.5,37.5,-12.340666636666665,-0.0999999900000006,0.1966666666666672,4.762666666666666,4.792,17.298765403333334,4.653111111111112,5.5214224,5.576752,5.560426,5.5761914,5.470254,0,2.0,0,0.5,-1.28,39.3,60.7
2023-04-25 07:45:00,45.838444272218,14.286095216666,14.298039172222,17.14444443,4.792,37.5,1,5.1764362714980825,70.66250196097344,7,1,4,0.9659258262890684,-0.2588190451025206,0.7818314824680298,0.6234898018587336,0.8660254037844387,-0.4999999999999998,141.75,87.375,33.25,6.075,15.35,7.5,85.75,0.9,5.116646,0.0,3.05,17.172222223333332,37.5,37.65,38.0,38.15,37.5,-12.35244443,-0.1555555399999981,-0.1673333333333335,4.959333333333333,4.888,17.281481453333335,4.838000000000001,5.470254,5.5214224,5.576752,5.560426,5.47936,0,2.0,1,0.5,-1.32,41.2,58.8
2023-04-25 08:00:00,116.933655766668,79.4534884,79.470154383334,17.172222223333332,4.888,37.5,2,5.1764362714980825,70.66250196097344,8,1,4,0.8660254037844387,-0.4999999999999998,0.7818314824680298,0.6234898018587336,0.8660254037844387,-0.4999999999999998,178.0,123.625,48.083333333333336,5.4,15.8,4.0,83.0,1.2,5.2075934,0.0,3.8,17.4388889,37.5,37.5,37.65,38.0,37.15,-12.284222223333332,0.0277777933333318,0.096,4.792,5.852,17.20555554111111,4.879777777777779,5.47936,5.470254,5.5214224,5.576752,5.5154953,0,2.0,1,0.5,-1.31,40.8,59.2
2023-04-25 08:15:00,38.865111933336,0.0,0.0,17.4388889,5.852,37.15,0,5.1764362714980825,70.66250196097344,8,1,4,0.8660254037844387,-0.4999999999999998,0.7818314824680298,0.6234898018587336,0.8660254037844387,-0.4999999999999998,227.75,163.25,67.0625,5.75,17.35,7.75,79.75,1.1,5.17312,0.0,4.3,17.592592630000002,37.5,37.5,37.5,37.65,37.0,-11.586888899999998,0.2666666766666665,0.9640000000000004,4.888,5.799333333333333,17.25185185111111,5.177333333333334,5.5154953,5.47936,5.470254,5.5214224,5.5438757,1,2.0,1,0.5,-1.25,37.7,62.3
2023-04-25 08:30:00,34.689723588884,0.0,0.0,17.592592630000002,5.799333333333333,37.0,0,5.1764362714980825,70.66250196097344,8,1,4,0.8660254037844387,-0.4999999999999998,0.7818314824680298,0.6234898018587336,0.8660254037844387,-0.4999999999999998,277.5,206.25,90.1875,6.1,18.9,11.5,76.5,1.0,5.129633,0.0,4.8,17.73333333,37.15,37.5,37.5,37.5,36.65,-11.793259296666667,0.1537037300000037,-0.052666666666667,5.852,5.777333333333333,17.401234584444442,5.513111111111113,5.5438757,5.5154953,5.47936,5.470254,5.5377245,0,2.0,0,0.5,-1.21,35.9,64.1
2023-04-25 08:45:00,39.68507936666,0.0,0.0,17.73333333,5.777333333333333,36.65,0,5.1764362714980825,70.66250196097344,8,1,4,0.8660254037844387,-0.4999999999999998,0.7818314824680298,0.6234898018587336,0.8660254037844387,-0.4999999999999998,327.25,252.625,117.45833333333331,6.45,20.45,15.25,73.25,0.9,5.076633,0.0,5.3,18.10370369,37.0,37.15,37.5,37.5,36.31666666666667,-11.955999996666668,0.1407406999999985,-0.0220000000000002,5.799333333333333,6.589333333333333,17.58827162,5.809555555555558,5.5377245,5.5438757,5.5154953,5.47936,5.609676,0,3.0,0,0.25,-1.18,34.3,65.7
2023-04-25 09:00:00,47.329217955552,0.0,0.0,18.10370369,6.589333333333333,36.31666666666667,0,5.1764362714980825,70.66250196097344,9,1,4,0.7071067811865476,-0.7071067811865475,0.7818314824680298,0.6234898018587336,0.8660254037844387,-0.4999999999999998,377.0,302.375,148.875,6.8,22.0,19.0,70.0,0.8,5.013606,0.0,5.8,18.48888891,36.65,37.0,37.15,37.5,35.95,-11.514370356666667,0.370370359999999,0.8120000000000003,5.777333333333333,7.255333333333334,17.809876550000002,6.055333333333334,5.609676,5.5377245,5.5438757,5.5154953,5.6814413,0,4.0,0,0.0,-1.09,30.3,69.7
2023-04-25 09:15:00,30.520445783334,0.0,0.0,18.48888891,7.255333333333334,35.95,0,5.1764362714980825,70.66250196097344,9,1,4,0.7071067811865476,-0.7071067811865475,0.7818314824680298,0.6234898018587336,0.8660254037844387,-0.4999999999999998,414.5,349.0625,182.72916666666663,7.1,22.625,35.75,67.25,0.5,4.920368,0.0,6.125,18.51481482666667,36.31666666666667,36.65,37.0,37.15,35.53333333333333,-11.233555576666667,0.3851852200000003,0.6660000000000004,6.589333333333333,7.178,18.108641976666668,6.540666666666668,5.6814413,5.609676,5.5377245,5.5438757,5.6242256,0,4.0,0,0.0,-1.01,26.4,73.6
2023-04-25 09:30:00,30.894041972222,0.0,0.0,18.51481482666667,7.178,35.53333333333333,0,5.1764362714980825,70.66250196097344,9,1,4,0.7071067811865476,-0.7071067811865475,0.7818314824680298,0.6234898018587336,0.8660254037844387,-0.4999999999999998,452.0,392.6875,219.02083333333331,7.4,23.25,52.5,64.5,0.1999999999999999,4.8205113,0.0,6.449999999999999,18.4444444,35.95,36.31666666666667,36.65,37.0,35.45,-11.336814826666668,0.0259259166666687,-0.0773333333333337,7.255333333333334,7.006666666666666,18.36913580888889,7.007555555555558,5.6242256,5.6814413,5.609676,5.5377245,5.587683,0,4.0,0,0.0,-1.0,26.3,73.7
2023-04-25 09:45:00,53.8528458,0.0,0.0,18.4444444,7.006666666666666,35.45,0,5.1764362714980825,70.66250196097344,9,1,4,0.7071067811865476,-0.7071067811865475,0.7818314824680298,0.6234898018587336,0.8660254037844387,-0.4999999999999998,489.5,433.25,257.75,7.7,23.875,69.25,61.75,-0.1,4.713831,0.0,6.775,18.42407405,35.53333333333333,35.95,36.31666666666667,36.65,35.03333333333333,-11.437777733333332,-0.0703704266666704,-0.171333333333334,7.178,6.804,18.48271604555556,7.146666666666668,5.587683,5.6242256,5.6814413,5.609676,5.5153446,0,4.0,0,0.0,-1.02,27.0,73.0
2023-04-25 10:00:00,313.233859094442,0.0,0.0,18.42407405,6.804,35.03333333333333,0,5.1764362714980825,70.66250196097344,10,1,4,0.4999999999999999,-0.8660254037844387,0.7818314824680298,0.6234898018587336,0.8660254037844387,-0.4999999999999998,527.0,470.75,298.9166666666667,8.0,24.5,86.0,59.0,-0.4,4.600107,0.0,7.1,18.38888887,35.45,35.53333333333333,35.95,36.31666666666667,35.0,-11.620074049999998,-0.0203703500000003,-0.2026666666666656,7.006666666666666,7.039333333333333,18.461111092222225,6.996222222222223,5.5153446,5.587683,5.6242256,5.6814413,5.4986124,0,4.0,0,0.0,-1.03,27.3,72.7
2023-04-25 10:15:00,122.142336411108,91.783550694446,91.802161083334,18.38888887,7.039333333333333,35.0,2,5.1764362714980825,70.66250196097344,10,1,4,0.4999999999999999,-0.8660254037844387,0.7818314824680298,0.6234898018587336,0.8660254037844387,-0.4999999999999998,542.75,502.8125,338.375,7.825,24.5,88.5,57.25,-0.6,4.536652,0.0,7.35,18.79814813333333,35.03333333333333,35.45,35.53333333333333,35.95,34.81666666666667,-11.349555536666667,-0.0351851799999956,0.2353333333333331,6.804,8.049333333333333,18.41913577333333,6.95,5.4986124,5.5153446,5.587683,5.6242256,5.6039705,0,3.0,1,0.25,-1.04,27.6,72.4
2023-04-25 10:30:00,54.935580305554,0.0,0.0,18.79814813333333,8.049333333333333,34.81666666666667,0,5.1764362714980825,70.66250196097344,10,1,4,0.4999999999999999,-0.8660254037844387,0.7818314824680298,0.6234898018587336,0.8660254037844387,-0.4999999999999998,558.5,529.4375,376.125,7.65,24.5,91.0,55.5,-0.8,4.4697433,0.0,7.6,18.82222224,35.0,35.03333333333333,35.45,35.53333333333333,34.2,-10.748814799999998,0.4092592633333289,1.0099999999999998,7.039333333333333,7.699333333333333,18.53703701777778,7.297555555555557,5.6039705,5.4986124,5.5153446,5.587683,5.5125527,1,3.0,1,0.25,-0.94,23.7,76.3
2023-04-25 10:45:00,36.660200216666,0.0,0.0,18.82222224,7.699333333333333,34.2,0,5.1764362714980825,70.66250196097344,10,1,4,0.4999999999999999,-0.8660254037844387,0.7818314824680298,0.6234898018587336,0.8660254037844387,-0.4999999999999998,574.25,550.625,412.1666666666667,7.475,24.5,93.5,53.75,-1.0,4.399297,0.0,7.85,18.52962964,34.81666666666667,35.0,35.03333333333333,35.45,34.65,-11.122888906666669,0.0240741066666672,-0.3500000000000005,8.049333333333333,7.352,18.66975308111111,7.596000000000001,5.5125527,5.6039705,5.4986124,5.5153446,5.489227,0,3.0,0,0.25,-0.94,23.6,76.4
2023-04-25 11:00:00,36.783806405554,0.0,0.0,18.52962964,7.352,34.65,0,5.1764362714980825,70.66250196097344,11,1,4,0.258819045102521,-0.9659258262890682,0.7818314824680298,0.6234898018587336,0.8660254037844387,-0.4999999999999998,590.0,566.375,446.5,7.3,24.5,96.0,52.0,-1.2,4.3252273,0.0,8.1,18.35555552,34.2,34.81666666666667,35.0,35.03333333333333,35.05,-11.17762964,-0.292592599999999,-0.3473333333333324,7.699333333333333,7.922,18.71666667111111,7.700222222222224,5.489227,5.5125527,5.6039705,5.4986124,5.4955916,0,3.0,0,0.25,-1.0,26.3,73.7
2023-04-25 11:15:00,44.443222166668,12.219511216666,12.230621872222,18.35555552,7.922,35.05,1,5.1764362714980825,70.66250196097344,11,1,4,0.258819045102521,-0.9659258262890682,0.7818314824680298,0.6234898018587336,0.8660254037844387,-0.4999999999999998,582.25,576.25,476.0416666666667,7.25,24.125,83.25,50.75,-1.35,4.2690744,0.0,8.275,18.209259256666662,34.65,34.2,34.81666666666667,35.0,35.46666666666667,-10.43355552,-0.1740741200000002,0.5699999999999994,7.352,7.955333333333333,18.5691358,7.657777777777778,5.4955916,5.489227,5.5125527,5.6039705,5.512845,0,3.0,1,0.25,-1.04,28.0,72.0
2023-04-25 11:30:00,130.22867946111398,92.607962216666,92.6262948,18.209259256666662,7.955333333333333,35.46666666666667,2,5.1764362714980825,70.66250196097344,11,1,4,0.258819045102521,-0.9659258262890682,0.7818314824680298,0.6234898018587336,0.8660254037844387,-0.4999999999999998,574.5,580.25,500.7916666666667,7.199999999999999,23.75,70.5,49.5,-1.5,4.211026,0.0,8.45,18.24444447,35.05,34.65,34.2,34.81666666666667,35.5,-10.253925923333334,-0.1462962633333333,0.0333333333333332,7.922,7.888666666666666,18.36481480555556,7.743111111111113,5.512845,5.4955916,5.489227,5.5125527,5.529566,0,2.0,1,0.5,-1.07,29.4,70.6
2023-04-25 11:45:00,38.545124816666,0.0,0.0,18.24444447,7.888666666666666,35.5,0,5.1764362714980825,70.66250196097344,11,1,4,0.258819045102521,-0.9659258262890682,0.7818314824680298,0.6234898018587336,0.8660254037844387,-0.4999999999999998,566.75,578.375,520.75,7.15,23.375,57.75,48.25,-1.65,4.1510515,0.0,8.625,18.318518536666662,35.46666666666667,35.05,34.65,34.2,35.5,-10.355777803333336,0.0351852133333352,-0.0666666666666664,7.955333333333333,8.024,18.269753082222223,7.9220000000000015,5.529566,5.512845,5.4955916,5.489227,5.5539308,1,2.0,1,0.5,-1.07,29.0,71.0
2023-04-25 12:00:00,34.554728888888,0.0,0.0,18.318518536666662,8.024,35.5,0,5.1764362714980825,70.66250196097344,12,1,4,1.2246467991473532e-16,-1.0,0.7818314824680298,0.6234898018587336,0.8660254037844387,-0.4999999999999998,559.0,570.625,535.9166666666666,7.1,23.0,45.0,47.0,-1.8,4.089119,0.0,8.8,18.47222223,35.5,35.46666666666667,35.05,34.65,35.15,-10.294518536666668,0.0740740666666646,0.1353333333333326,7.888666666666666,8.558,18.25740742111111,7.956,5.5539308,5.529566,5.512845,5.4955916,5.549526,0,2.0,0,0.5,-1.05,28.2,71.8
2023-04-25 12:15:00,37.23406624444,0.0,0.0,18.47222223,8.558,35.15,0,5.1764362714980825,70.66250196097344,12,1,4,1.2246467991473532e-16,-1.0,0.7818314824680298,0.6234898018587336,0.8660254037844387,-0.4999999999999998,628.5,582.1875,553.75,7.5,24.0,47.5,46.75,-1.625,4.1395583,0.05,9.075,18.61296298,35.5,35.5,35.46666666666667,35.05,34.81666666666667,-9.91422223,0.153703693333334,0.5340000000000007,8.024,8.374,18.345061745555554,8.156888888888892,5.549526,5.5539308,5.529566,5.512845,5.5429144,0,3.0,0,0.25,-1.02,26.8,73.2
2023-04-25 12:30:00,44.921536516662,0.0,0.0,18.61296298,8.374,34.81666666666667,0,5.1764362714980825,70.66250196097344,12,1,4,1.2246467991473532e-16,-1.0,0.7818314824680298,0.6234898018587336,0.8660254037844387,-0.4999999999999998,698.0,613.0625,574.25,7.899999999999999,25.0,50.0,46.5,-1.4500000000000002,4.1903353,0.1,9.35,18.62777776,35.15,35.5,35.5,35.46666666666667,34.5,-10.238962980000002,0.1407407500000026,-0.1839999999999992,8.558,7.459333333333333,18.46790124888889,8.318666666666669,5.5429144,5.549526,5.5539308,5.529566,5.4973197,0,4.0,0,0.0,-0.98,25.5,74.5
2023-04-25 12:45:00,32.886462305554,0.0,0.0,18.62777776,7.459333333333333,34.5,0,5.1764362714980825,70.66250196097344,12,1,4,1.2246467991473532e-16,-1.0,0.7818314824680298,0.6234898018587336,0.8660254037844387,-0.4999999999999998,767.5,663.25,597.4166666666666,8.299999999999999,26.0,52.5,46.25,-1.275,4.2414446,0.15,9.625,18.516666636666667,34.81666666666667,35.15,35.5,35.5,34.68333333333333,-11.168444426666667,0.0148147799999982,-0.9146666666666672,8.374,6.711333333333333,18.57098765666667,8.130444444444446,5.4973197,5.5429144,5.549526,5.5539308,5.490289,0,4.0,0,0.0,-0.98,25.4,74.6
2023-04-25 13:00:00,30.539611633336,0.0,0.0,18.516666636666667,6.711333333333333,34.68333333333333,0,5.1764362714980825,70.66250196097344,13,1,4,-0.2588190451025208,-0.9659258262890684,0.7818314824680298,0.6234898018587336,0.8660254037844387,-0.4999999999999998,837.0,732.75,623.25,8.7,27.0,55.0,46.0,-1.1,4.292885,0.2,9.9,18.69444446,34.5,34.81666666666667,35.15,35.5,34.6,-11.805333303333336,-0.1111111233333339,-0.7480000000000002,7.459333333333333,7.47,18.58580245888889,7.51488888888889,5.490289,5.4973197,5.5429144,5.549526,5.535048,0,4.0,0,0.0,-1.01,26.4,73.6
2023-04-25 13:15:00,52.991491388888,0.0,0.0,18.69444446,7.47,34.6,0,5.1764362714980825,70.66250196097344,13,1,4,-0.2588190451025208,-0.9659258262890684,0.7818314824680298,0.6234898018587336,0.8660254037844387,-0.4999999999999998,813.5,779.0,645.8125,8.95,27.1,54.5,45.75,-1.15,4.2899218,0.15,9.975,19.285185193333334,34.68333333333333,34.5,34.81666666666667,35.15,33.85,-11.22444446,0.1777778233333329,0.7586666666666666,6.711333333333333,9.036666666666669,18.612962952222222,7.213555555555557,5.535048,5.490289,5.4973197,5.5429144,5.6072106,0,4.0,0,0.0,-0.97,24.7,75.3
2023-04-25 13:30:00,31.433742416674,0.0,0.0,19.285185193333334,9.036666666666669,33.85,0,5.1764362714980825,70.66250196097344,13,1,4,-0.2588190451025208,-0.9659258262890684,0.7818314824680298,0.6234898018587336,0.8660254037844387,-0.4999999999999998,790.0,802.0,665.1041666666666,9.2,27.2,54.0,45.5,-1.2000000000000002,4.28682,0.1,10.05,20.05555559,34.6,34.68333333333333,34.5,34.81666666666667,32.7,-10.248518526666668,0.5907407333333339,1.566666666666667,7.47,10.154,18.83209876333333,7.7393333333333345,5.6072106,5.535048,5.490289,5.4973197,5.6673265,0,4.0,0,0.0,-0.83,19.7,80.3
2023-04-25 13:45:00,30.556277650002,0.0,0.0,20.05555559,10.154,32.7,0,5.1764362714980825,70.66250196097344,13,1,4,-0.2588190451025208,-0.9659258262890684,0.7818314824680298,0.6234898018587336,0.8660254037844387,-0.4999999999999998,766.5,801.75,681.125,9.45,27.3,53.5,45.25,-1.25,4.2835793,0.0499999999999999,10.125,20.611111146666666,33.85,34.6,34.68333333333333,34.5,31.383333333333333,-9.901555589999996,0.7703703966666637,1.1173333333333328,9.036666666666669,10.436,19.345061747777777,8.88688888888889,5.6673265,5.6072106,5.535048,5.490289,5.6185102,0,4.0,0,0.0,-0.66,14.2,85.8
2023-04-25 14:00:00,49.914947788888,0.0,0.0,20.611111146666666,10.436,31.383333333333333,0,5.1764362714980825,70.66250196097344,14,1,4,-0.4999999999999997,-0.8660254037844388,0.7818314824680298,0.6234898018587336,0.8660254037844387,-0.4999999999999998,743.0,778.25,693.875,9.7,27.4,53.0,45.0,-1.3,4.280197,0.0,10.2,20.80555554,32.7,33.85,34.6,34.68333333333333,30.95,-10.175111146666666,0.5555555566666683,0.282,10.154,10.307333333333334,19.983950643333333,9.875555555555556,5.6185102,5.6673265,5.6072106,5.535048,5.60403,0,4.0,0,0.0,-0.54,11.2,88.8
2023-04-25 14:15:00,34.457510594442,0.0,0.0,20.80555554,10.307333333333334,30.95,0,5.1764362714980825,70.66250196097344,14,1,4,-0.4999999999999997,-0.8660254037844388,0.7818314824680298,0.6234898018587336,0.8660254037844387,-0.4999999999999998,744.0,760.875,707.3541666666666,9.775,28.1,45.0,45.25,-1.125,4.317621,0.0,10.25,20.607407396666662,31.383333333333333,32.7,33.85,34.6,30.53333333333333,-10.498222206666666,0.1944443933333346,-0.1286666666666658,10.436,10.389333333333331,20.49074075888889,10.299111111111111,5.60403,5.6185102,5.6673265,5.6072106,5.465156,0,4.0,0,0.0,-0.5,10.2,89.8
2023-04-25 14:30:00,30.544055955556,0.0,0.0,20.607407396666662,10.389333333333331,30.53333333333333,0,5.1764362714980825,70.66250196097344,14,1,4,-0.4999999999999997,-0.8660254037844388,0.7818314824680298,0.6234898018587336,0.8660254037844387,-0.4999999999999998,745.0,749.625,721.5625,9.85,28.8,37.0,45.5,-0.95,4.355234,0.0,10.3,20.12777781,30.95,31.383333333333333,32.7,33.85,30.9,-10.218074063333331,-0.1981481433333343,0.0819999999999989,10.307333333333334,9.212,20.674691361111112,10.377555555555558,5.465156,5.60403,5.6185102,5.6673265,5.378043,0,4.0,0,0.0,-0.55,11.3,88.7
2023-04-25 14:45:00,42.746067872222,0.0,0.0,20.12777781,9.212,30.9,0,5.1764362714980825,70.66250196097344,14,1,4,-0.4999999999999997,-0.8660254037844388,0.7818314824680298,0.6234898018587336,0.8660254037844387,-0.4999999999999998,746.0,744.5,736.5,9.925,29.5,29.0,45.75,-0.775,4.3930373,0.0,10.35,19.735185196666663,30.53333333333333,30.95,31.383333333333333,32.7,31.466666666666665,-10.915777810000002,-0.4796295866666646,-1.1773333333333331,10.389333333333331,8.642666666666665,20.51358024888889,9.969555555555557,5.378043,5.465156,5.60403,5.6185102,5.352134,0,4.0,0,0.0,-0.66,14.0,86.0
2023-04-25 15:00:00,41.20529605556,0.0,0.0,19.735185196666663,8.642666666666665,31.466666666666665,0,5.1764362714980825,70.66250196097344,15,1,4,-0.7071067811865471,-0.7071067811865479,0.7818314824680298,0.6234898018587336,0.8660254037844387,-0.4999999999999998,747.0,745.5,752.1666666666666,10.0,30.2,21.0,46.0,-0.6,4.431028,0.0,10.4,19.48888886,30.9,30.53333333333333,30.95,31.383333333333333,31.9,-11.09251853,-0.3925926133333348,-0.5693333333333346,9.212,8.331333333333333,20.15679013444445,9.414666666666667,5.352134,5.378043,5.465156,5.60403,5.347913,0,4.0,0,0.0,-0.74,16.6,83.4
2023-04-25 15:15:00,30.539611633336,0.0,0.0,19.48888886,8.331333333333333,31.9,0,5.1764362714980825,70.66250196097344,15,1,4,-0.7071067811865471,-0.7071067811865479,0.7818314824680298,0.6234898018587336,0.8660254037844387,-0.4999999999999998,736.25,743.5625,761.1458333333334,9.5,29.95,21.75,45.5,-0.675,4.410649,0.0,10.5,19.37222221333333,31.466666666666665,30.9,30.53333333333333,30.95,32.65,-11.157555526666666,-0.246296336666667,-0.3113333333333319,8.642666666666665,8.508000000000001,19.783950622222225,8.728666666666667,5.347913,5.352134,5.378043,5.465156,5.436215,0,4.0,0,0.0,-0.8,18.4,81.6
2023-04-25 15:30:00,232.914849716666,0.0,0.0,19.37222221333333,8.508000000000001,32.65,0,5.1764362714980825,70.66250196097344,15,1,4,-0.7071067811865471,-0.7071067811865479,0.7818314824680298,0.6234898018587336,0.8660254037844387,-0.4999999999999998,725.5,738.6875,763.4375,9.0,29.7,22.5,45.0,-0.75,4.3898096,0.0,10.6,19.28333334,31.9,31.466666666666665,30.9,30.53333333333333,33.45,-10.86422221333333,-0.116666646666669,0.1766666666666676,8.331333333333333,8.365333333333334,19.532098756666667,8.494000000000002,5.436215,5.347913,5.352134,5.378043,5.540347,0,4.0,0,0.0,-0.82,19.2,80.8
2023-04-25 15:45:00,127.960159122224,0.0,0.0,19.28333334,8.365333333333334,33.45,0,5.1764362714980825,70.66250196097344,15,1,4,-0.7071067811865471,-0.7071067811865479,0.7818314824680298,0.6234898018587336,0.8660254037844387,-0.4999999999999998,714.75,730.875,759.0416666666666,8.5,29.45,23.25,44.5,-0.825,4.3685074,0.0,10.7,19.15370372,32.65,31.9,31.466666666666665,30.9,34.61666666666667,-10.918000006666668,-0.0888888733333281,-0.1426666666666669,8.508000000000001,8.210666666666667,19.381481471111112,8.401555555555559,5.540347,5.436215,5.347913,5.352134,5.6899586,0,4.0,0,0.0,-0.84,19.8,80.2
2023-04-25 16:00:00,33.54643600555,0.0,0.0,19.15370372,8.210666666666667,34.61666666666667,0,5.1764362714980825,70.66250196097344,16,1,4,-0.8660254037844385,-0.5000000000000004,0.7818314824680298,0.6234898018587336,0.8660254037844387,-0.4999999999999998,704.0,720.125,747.9583333333334,8.0,29.2,24.0,44.0,-0.9,4.346739,0.0,10.8,19.03333333,33.45,32.65,31.9,31.466666666666665,35.35,-10.943037053333333,-0.1296296200000029,-0.1546666666666674,8.365333333333334,8.162,19.26975309111111,8.361333333333336,5.6899586,5.540347,5.436215,5.347913,5.7693954,0,4.0,0,0.0,-0.86,20.6,79.4
2023-04-25 16:15:00,87.16345778888801,0.0,0.0,19.03333333,8.162,35.35,0,5.1764362714980825,70.66250196097344,16,1,4,-0.8660254037844385,-0.5000000000000004,0.7818314824680298,0.6234898018587336,0.8660254037844387,-0.4999999999999998,663.25,701.875,735.4375,8.175,27.75,21.5,43.5,-1.125,4.283823,0.0,10.75,18.979629613333334,34.61666666666667,33.45,32.65,31.9,35.68333333333333,-10.87133333,-0.1203703899999979,-0.0486666666666657,8.210666666666667,8.791333333333334,19.156790130000005,8.246000000000002,5.7693954,5.6899586,5.540347,5.436215,5.80537,0,4.0,0,0.0,-0.88,21.5,78.5
2023-04-25 16:30:00,49.111646588888,0.0,0.0,18.979629613333334,8.791333333333334,35.68333333333333,0,5.1764362714980825,70.66250196097344,16,1,4,-0.8660254037844385,-0.5000000000000004,0.7818314824680298,0.6234898018587336,0.8660254037844387,-0.4999999999999998,622.5,676.125,721.4791666666666,8.35,26.3,19.0,43.0,-1.35,4.221255,0.0,10.7,18.89444444,35.35,34.61666666666667,33.45,32.65,35.95,-10.18829628,-0.0537037166666678,0.6293333333333333,8.162,9.026,19.05555555444445,8.388000000000003,5.80537,5.7693954,5.6899586,5.540347,5.819408,0,4.0,0,0.0,-0.9,21.9,78.1
2023-04-25 16:45:00,45.291243911108,0.0,0.0,18.89444444,9.026,35.95,0,5.1764362714980825,70.66250196097344,16,1,4,-0.8660254037844385,-0.5000000000000004,0.7818314824680298,0.6234898018587336,0.8660254037844387,-0.4999999999999998,581.75,642.875,706.0833333333334,8.524999999999999,24.85,16.5,42.5,-1.575,4.159034,0.0,10.65,18.74444447,35.68333333333333,35.35,34.61666666666667,33.45,35.35,-9.868444439999998,-0.0851851733333362,0.2346666666666657,8.791333333333334,8.992666666666667,18.969135794444444,8.659777777777778,5.819408,5.80537,5.7693954,5.6899586,5.671777,0,4.0,0,0.0,-0.91,22.6,77.4
2023-04-25 17:00:00,42.902728355552,0.0,0.0,18.74444447,8.992666666666667,35.35,0,5.1764362714980825,70.66250196097344,17,1,4,-0.9659258262890684,-0.2588190451025206,0.7818314824680298,0.6234898018587336,0.8660254037844387,-0.4999999999999998,541.0,602.125,689.25,8.7,23.4,14.0,42.0,-1.8,4.097156,0.0,10.6,18.62777778,35.95,35.68333333333333,35.35,34.61666666666667,35.0,-9.751777803333336,-0.1499999699999961,-0.0333333333333332,9.026,9.301333333333334,18.87283950777778,8.93666666666667,5.671777,5.819408,5.80537,5.7693954,5.5769906,0,4.0,0,0.0,-0.95,24.1,75.9
2023-04-25 17:15:00,30.499335611108,0.0,0.0,18.62777778,9.301333333333334,35.0,0,5.1764362714980825,70.66250196097344,17,1,4,-0.9659258262890684,-0.2588190451025206,0.7818314824680298,0.6234898018587336,0.8660254037844387,-0.4999999999999998,500.25,561.375,668.9375,8.774999999999999,23.575,17.75,41.75,-1.975,4.034369,0.0,10.45,18.57037036333333,35.35,35.95,35.68333333333333,35.35,34.81666666666667,-9.326444446666663,-0.1166666900000024,0.3086666666666673,8.992666666666667,9.701333333333332,18.75555556333333,9.10666666666667,5.5769906,5.671777,5.819408,5.80537,5.528954,0,4.0,0,0.0,-0.98,25.3,74.7
2023-04-25 17:30:00,95.823111455552,59.528729855556,59.544840394442,18.57037036333333,9.701333333333332,34.81666666666667,1,5.1764362714980825,70.66250196097344,17,1,4,-0.9659258262890684,-0.2588190451025206,0.7818314824680298,0.6234898018587336,0.8660254037844387,-0.4999999999999998,459.5,520.625,645.1458333333334,8.85,23.75,21.5,41.5,-2.15,3.9723563,0.0,10.3,18.50555556,35.0,35.35,35.95,35.68333333333333,34.45,-8.86903703,-0.0574074166666669,0.3999999999999986,9.301333333333334,9.737333333333334,18.647530871111112,9.33177777777778,5.528954,5.5769906,5.671777,5.819408,5.449764,0,3.0,1,0.25,-0.99,25.9,74.1
2023-04-25 17:45:00,69.860816688884,29.2846619,29.297994683334,18.50555556,9.737333333333334,34.45,1,5.1764362714980825,70.66250196097344,17,1,4,-0.9659258262890684,-0.2588190451025206,0.7818314824680298,0.6234898018587336,0.8660254037844387,-0.4999999999999998,418.75,479.875,617.875,8.924999999999999,23.925,25.25,41.25,-2.325,3.9111097,0.0,10.15,18.51111112,34.81666666666667,35.0,35.35,35.95,33.85,-8.768222226666667,-0.0648148033333306,0.0360000000000013,9.701333333333332,9.712,18.567901234444445,9.58,5.449764,5.528954,5.5769906,5.671777,5.356611,0,2.0,0,0.5,-1.01,26.6,73.4
2023-04-25 18:00:00,30.456281766664,0.0,0.0,18.51111112,9.712,33.85,0,5.1764362714980825,70.66250196097344,18,1,4,-1.0,-1.8369701987210294e-16,0.7818314824680298,0.6234898018587336,0.8660254037844387,-0.4999999999999998,378.0,439.125,587.125,9.0,24.1,29.0,41.0,-2.5,3.8506207,0.0,10.0,18.31666667,34.45,34.81666666666667,35.0,35.35,33.55,-8.799111120000003,0.0055555600000012,-0.025333333333334,9.737333333333334,10.158666666666669,18.52901234777778,9.71688888888889,5.356611,5.449764,5.528954,5.5769906,5.24828,1,2.0,1,0.5,-1.01,26.7,73.3
2023-04-25 18:15:00,34.59778278333,0.0,0.0,18.31666667,10.158666666666669,33.55,0,5.1764362714980825,70.66250196097344,18,1,4,-1.0,-1.8369701987210294e-16,0.7818314824680298,0.6234898018587336,0.8660254037844387,-0.4999999999999998,331.25,396.875,553.375,7.925,23.375,45.75,44.75,-1.725,4.123506,0.0,9.7,18.13333337,33.85,34.45,34.81666666666667,35.0,33.78333333333333,-8.158000003333333,-0.1944444500000024,0.4466666666666672,9.712,10.149333333333336,18.44444445,9.869333333333335,5.24828,5.356611,5.449764,5.528954,5.227559,0,2.0,0,0.5,-1.06,28.7,71.3
2023-04-25 18:30:00,83.536380594446,0.0,0.0,18.13333337,10.149333333333336,33.78333333333333,0,5.1764362714980825,70.66250196097344,18,1,4,-1.0,-1.8369701987210294e-16,0.7818314824680298,0.6234898018587336,0.8660254037844387,-0.4999999999999998,284.5,353.125,516.625,6.85,22.65,62.5,48.5,-0.95,4.384517,0.0,9.4,17.97777776,33.55,33.85,34.45,34.81666666666667,33.55,-7.984000036666664,-0.183333300000001,-0.0093333333333323,10.158666666666669,10.040666666666668,18.320370386666667,10.00666666666667,5.227559,5.24828,5.356611,5.449764,5.143658,0,3.0,0,0.25,-1.1,30.5,69.5
2023-04-25 18:45:00,141.670721911108,49.229975188888,49.294694849998,17.97777776,10.040666666666668,33.55,1,5.1764362714980825,70.66250196097344,18,1,4,-1.0,-1.8369701987210294e-16,0.7818314824680298,0.6234898018587336,0.8660254037844387,-0.4999999999999998,237.75,307.875,476.875,5.775,21.925,79.25,52.25,-0.1749999999999998,4.6339617,0.0,9.1,18.04629626,33.78333333333333,33.55,33.85,34.45,33.96666666666667,-7.93711109333333,-0.1555556100000004,-0.1086666666666662,10.149333333333336,9.622000000000002,18.1425926,10.116222222222223,5.143658,5.227559,5.24828,5.356611,5.228807,0,3.0,1,0.25,-1.14,32.2,67.8
2023-04-25 19:00:00,139.046660127778,46.487862644444,46.553415588888,18.04629626,9.622000000000002,33.96666666666667,1,5.1764362714980825,70.66250196097344,19,1,4,-0.9659258262890684,0.2588190451025203,0.7818314824680298,0.6234898018587336,0.8660254037844387,-0.4999999999999998,191.0,261.125,434.125,4.7,21.2,96.0,56.0,0.6,4.872142,0.0,8.8,18.17222224,33.55,33.78333333333333,33.55,33.85,33.65,-8.42429626,0.0685185000000032,-0.4186666666666667,10.040666666666668,9.39,18.05246913,9.937333333333337,5.228807,5.143658,5.227559,5.24828,5.2189746,0,2.0,0,0.5,-1.12,31.4,68.6
2023-04-25 19:15:00,120.6576735,0.0,0.0,18.17222224,9.39,33.65,0,5.1764362714980825,70.66250196097344,19,1,4,-0.9659258262890684,0.2588190451025203,0.7818314824680298,0.6234898018587336,0.8660254037844387,-0.4999999999999998,153.5,216.6875,391.6458333333333,5.7,18.15,97.0,65.75,1.5,5.3814654,0.0,7.85,18.02222223333333,33.96666666666667,33.55,33.78333333333333,33.55,33.5,-8.782222240000001,0.1259259799999981,-0.2320000000000028,9.622000000000002,9.258666666666668,18.065432086666664,9.684222222222225,5.2189746,5.228807,5.143658,5.227559,5.1495905,1,2.0,1,0.5,-1.09,30.2,69.8
2023-04-25 19:30:00,97.690259083326,0.0,0.0,18.02222223333333,9.258666666666668,33.5,0,5.1764362714980825,70.66250196097344,19,1,4,-0.9659258262890684,0.2588190451025203,0.7818314824680298,0.6234898018587336,0.8660254037844387,-0.4999999999999998,116.0,174.5625,349.4375,6.699999999999999,15.1,98.0,75.5,2.4,5.81055,0.0,6.9,17.86111108,33.65,33.96666666666667,33.55,33.78333333333333,33.9,-8.763555566666664,-0.1500000066666693,-0.1313333333333322,9.39,9.120666666666668,18.080246911111114,9.423555555555556,5.1495905,5.2189746,5.228807,5.143658,5.1613517,0,2.0,0,0.5,-1.13,31.8,68.2
2023-04-25 19:45:00,97.886362205554,0.0,0.0,17.86111108,9.120666666666668,33.9,0,5.1764362714980825,70.66250196097344,19,1,4,-0.9659258262890684,0.2588190451025203,0.7818314824680298,0.6234898018587336,0.8660254037844387,-0.4999999999999998,78.5,134.75,307.5,7.699999999999999,12.05,99.0,85.25,3.3,6.1662383,0.0,5.95,17.761111113333335,33.5,33.65,33.96666666666667,33.55,34.46666666666667,-8.740444413333334,-0.16111115333333,-0.1379999999999999,9.258666666666668,8.974,18.01851851777778,9.256444444444446,5.1613517,5.1495905,5.2189746,5.228807,5.216457,0,3.0,0,0.25,-1.16,33.5,66.5
2023-04-25 20:00:00,114.083769816666,0.0,0.0,17.761111113333335,8.974,34.46666666666667,0,5.1764362714980825,70.66250196097344,20,1,4,-0.8660254037844386,0.5000000000000001,0.7818314824680298,0.6234898018587336,0.8660254037844387,-0.4999999999999998,41.0,97.25,265.8333333333333,8.7,9.0,100.0,95.0,4.2,6.45495,0.0,5.0,17.64444443,33.9,33.5,33.65,33.96666666666667,34.55,-8.787111113333335,-0.0999999666666653,-0.1466666666666665,9.120666666666668,8.659333333333333,17.881481475555557,9.11777777777778,5.216457,5.1613517,5.1495905,5.2189746,5.192821,0,4.0,0,0.0,-1.18,34.5,65.5
2023-04-25 20:15:00,103.088098661106,0.0,0.0,17.64444443,8.659333333333333,34.55,0,5.1764362714980825,70.66250196097344,20,1,4,-0.8660254037844386,0.5000000000000001,0.7818314824680298,0.6234898018587336,0.8660254037844387,-0.4999999999999998,30.75,66.5625,226.70833333333331,8.475,10.7,100.0,94.0,3.9,6.3135157,0.0,4.825,17.590740750000002,34.46666666666667,33.9,33.5,33.65,35.15,-8.985111096666667,-0.1166666833333351,-0.3146666666666675,8.974,8.571333333333333,17.75555554111111,8.918000000000001,5.192821,5.216457,5.1613517,5.1495905,5.266099,0,4.0,0,0.0,-1.21,35.8,64.2
2023-04-25 20:30:00,99.035205066668,0.0,0.0,17.590740750000002,8.571333333333333,35.15,0,5.1764362714980825,70.66250196097344,20,1,4,-0.8660254037844386,0.5000000000000001,0.7818314824680298,0.6234898018587336,0.8660254037844387,-0.4999999999999998,20.5,42.6875,190.125,8.25,12.4,100.0,93.0,3.6,6.1743784,0.0,4.65,17.51666668,34.55,34.46666666666667,33.9,33.5,35.45,-9.019407416666668,-0.0537036799999981,-0.0879999999999991,8.659333333333333,8.443999999999999,17.66543209777778,8.734888888888891,5.266099,5.192821,5.216457,5.1613517,5.2876115,0,4.0,0,0.0,-1.22,36.3,63.7
2023-04-25 20:45:00,129.279273155552,0.0,0.0,17.51666668,8.443999999999999,35.45,0,5.1764362714980825,70.66250196097344,20,1,4,-0.8660254037844386,0.5000000000000001,0.7818314824680298,0.6234898018587336,0.8660254037844387,-0.4999999999999998,10.25,25.625,156.08333333333334,8.025,14.1,100.0,92.0,3.3,6.0375056,0.0,4.475,17.5,35.15,34.55,34.46666666666667,33.9,35.21666666666667,-9.07266668,-0.0740740700000017,-0.1273333333333344,8.571333333333333,8.528,17.58395062,8.558222222222222,5.2876115,5.266099,5.192821,5.216457,5.247583,0,4.0,0,0.0,-1.24,37.1,62.9
2023-04-25 21:00:00,135.910396716666,0.0,0.0,17.5,8.528,35.21666666666667,0,5.1764362714980825,70.66250196097344,21,1,4,-0.7071067811865477,0.7071067811865474,0.7818314824680298,0.6234898018587336,0.8660254037844387,-0.4999999999999998,0.0,15.375,124.58333333333331,7.8,15.8,100.0,91.0,3.0,5.902871,0.0,4.3,17.49444444,35.45,35.15,34.55,34.46666666666667,35.5,-8.972,-0.0166666800000001,0.0840000000000014,8.443999999999999,8.718,17.53580247666667,8.514444444444447,5.247583,5.2876115,5.266099,5.192821,5.288047,0,4.0,0,0.0,-1.24,37.4,62.6
2023-04-25 21:15:00,123.60811097778,0.0,0.0,17.49444444,8.718,35.5,0,5.1764362714980825,70.66250196097344,21,1,4,-0.7071067811865477,0.7071067811865474,0.7818314824680298,0.6234898018587336,0.8660254037844387,-0.4999999999999998,0.0,7.6875,96.97916666666669,7.65,15.55,99.75,91.25,2.9,5.870089,0.0,4.175,17.448148106666665,35.21666666666667,35.45,35.15,34.55,35.5,-8.776444439999999,-0.0055555600000012,0.1899999999999995,8.528,9.011333333333331,17.503703706666666,8.563333333333334,5.288047,5.247583,5.2876115,5.266099,5.2734427,0,4.0,0,0.0,-1.24,37.4,62.6
2023-04-25 21:30:00,206.43507568333,0.0,0.0,17.448148106666665,9.011333333333331,35.5,0,5.1764362714980825,70.66250196097344,21,1,4,-0.7071067811865477,0.7071067811865474,0.7818314824680298,0.6234898018587336,0.8660254037844387,-0.4999999999999998,0.0,2.5625,73.27083333333333,7.5,15.3,99.5,91.5,2.8,5.837394,0.0,4.05,17.4444444,35.5,35.21666666666667,35.45,35.15,35.6,-8.436814773333332,-0.0462963333333341,0.293333333333333,8.718,8.892666666666665,17.480864182222223,8.752444444444446,5.2734427,5.288047,5.247583,5.2876115,5.2871265,0,4.0,0,0.0,-1.25,37.9,62.1
2023-04-25 21:45:00,480.2799546833341,0.0,0.0,17.4444444,8.892666666666665,35.6,0,5.1764362714980825,70.66250196097344,21,1,4,-0.7071067811865477,0.7071067811865474,0.7818314824680298,0.6234898018587336,0.8660254037844387,-0.4999999999999998,0.0,0.0,53.458333333333336,7.35,15.05,99.25,91.75,2.7,5.804789,0.0,3.925,17.4444444,35.5,35.5,35.21666666666667,35.45,37.35,-8.551777733333333,-0.0037037066666663,-0.1186666666666678,9.011333333333331,8.962,17.46234564888889,8.874,5.2871265,5.2734427,5.288047,5.247583,5.547028,0,4.0,0,0.0,-1.25,38.0,62.0
2023-04-25 22:00:00,1268.317876388888,0.0,0.0,17.4444444,8.962,37.35,0,5.1764362714980825,70.66250196097344,22,1,4,-0.5000000000000004,0.8660254037844384,0.7818314824680298,0.6234898018587336,0.8660254037844387,-0.4999999999999998,0.0,0.0,37.54166666666666,7.2,14.8,99.0,92.0,2.6,5.7722726,0.0,3.8,17.47777776,35.6,35.5,35.5,35.21666666666667,39.25,-8.482444399999999,0.0,0.0693333333333345,8.892666666666665,8.476666666666667,17.44567896888889,8.955333333333336,5.547028,5.2871265,5.2734427,5.288047,5.840826,0,4.0,0,0.0,-1.25,37.5,62.5
2023-04-25 22:15:00,644.642824322224,0.0,0.0,17.47777776,8.476666666666667,39.25,0,5.1764362714980825,70.66250196097344,22,1,4,-0.5000000000000004,0.8660254037844384,0.7818314824680298,0.6234898018587336,0.8660254037844387,-0.4999999999999998,0.0,0.0,24.75,6.75,14.35,77.0,92.75,2.45,5.713373,0.0,3.525,17.448148106666665,37.35,35.6,35.5,35.5,38.38333333333333,-9.001111093333332,0.0333333600000003,-0.4853333333333332,8.962,8.096,17.45555552,8.777111111111113,5.840826,5.547028,5.2871265,5.2734427,5.7017555,0,4.0,0,0.0,-1.23,36.7,63.3
2023-04-25 22:30:00,35.982171755556,0.0,0.0,17.448148106666665,8.096,38.38333333333333,0,5.1764362714980825,70.66250196097344,22,1,4,-0.5000000000000004,0.8660254037844384,0.7818314824680298,0.6234898018587336,0.8660254037844387,-0.4999999999999998,0.0,0.0,15.083333333333334,6.3,13.9,55.0,93.5,2.3,5.6544666,0.0,3.25,17.39999999,39.25,37.35,35.6,35.5,37.95,-9.352148106666665,-0.029629653333334,-0.3806666666666665,8.476666666666667,7.867999999999999,17.45679008888889,8.511555555555558,5.7017555,5.840826,5.547028,5.2871265,5.6211886,0,4.0,0,0.0,-1.24,37.3,62.7
2023-04-25 22:45:00,55.972760966668005,0.0,0.0,17.39999999,7.867999999999999,37.95,0,5.1764362714980825,70.66250196097344,22,1,4,-0.5000000000000004,0.8660254037844384,0.7818314824680298,0.6234898018587336,0.8660254037844387,-0.4999999999999998,0.0,0.0,8.541666666666666,5.8500000000000005,13.45,33.0,94.25,2.15,5.59557,0.0,2.975,17.337037006666666,38.38333333333333,39.25,37.35,35.6,37.53333333333333,-9.531999990000005,-0.0481481166666633,-0.2280000000000006,8.096,7.926666666666667,17.441975285555557,8.14688888888889,5.6211886,5.7017555,5.840826,5.547028,5.5385833,0,4.0,0,0.0,-1.25,37.9,62.1
2023-04-25 23:00:00,687.044183849998,56.658844655556,56.673844072222,17.337037006666666,7.926666666666667,37.53333333333333,1,5.1764362714980825,70.66250196097344,23,1,4,-0.2588190451025215,0.965925826289068,0.7818314824680298,0.6234898018587336,0.8660254037844387,-0.4999999999999998,0.0,0.0,5.125,5.4,13.0,11.0,95.0,2.0,5.5367007,0.0,2.7,17.505555570000002,37.95,38.38333333333333,39.25,37.35,37.4,-9.41037034,-0.0629629833333353,0.0586666666666673,7.867999999999999,7.840666666666666,17.395061701111114,7.963555555555557,5.5385833,5.6211886,5.7017555,5.840826,5.574768,0,3.0,1,0.25,-1.27,38.8,61.2
2023-04-25 23:15:00,173.04363347778,55.623886072222,55.638885488888,17.505555570000002,7.840666666666666,37.4,1,5.1764362714980825,70.66250196097344,23,1,4,-0.2588190451025215,0.965925826289068,0.7818314824680298,0.6234898018587336,0.8660254037844387,-0.4999999999999998,0.0,0.0,2.5625,4.8500000000000005,12.275,22.75,95.75,1.65,5.41349,0.0,2.25,17.690740743333333,37.53333333333333,37.95,38.38333333333333,39.25,36.56666666666667,-9.664888903333337,0.1685185633333361,-0.0860000000000003,7.926666666666667,7.529333333333333,17.414197522222224,7.878444444444447,5.574768,5.5385833,5.6211886,5.7017555,5.51112,0,2.0,0,0.5,-1.23,36.8,63.2
2023-04-25 23:30:00,58.787648549994,0.0,0.0,17.690740743333333,7.529333333333333,36.56666666666667,0,5.1764362714980825,70.66250196097344,23,1,4,-0.2588190451025215,0.965925826289068,0.7818314824680298,0.6234898018587336,0.8660254037844387,-0.4999999999999998,0.0,0.0,0.8541666666666666,4.300000000000001,11.55,34.5,96.5,1.3,5.2920895,0.0,1.8,17.57777781,37.4,37.53333333333333,37.95,38.38333333333333,36.5,-10.16140741,0.1851851733333305,-0.3113333333333337,7.840666666666666,7.537333333333334,17.51111110666667,7.765555555555558,5.51112,5.574768,5.5385833,5.6211886,5.4641237,1,2.0,1,0.5,-1.19,34.8,65.2
2023-04-25 23:45:00,40.629763561114,0.0,0.0,17.57777781,7.537333333333334,36.5,0,5.1764362714980825,70.66250196097344,23,1,4,-0.2588190451025215,0.965925826289068,0.7818314824680298,0.6234898018587336,0.8660254037844387,-0.4999999999999998,0.0,0.0,0.0,3.75,10.825,46.25,97.25,0.9500000000000002,5.1725016,0.0,1.35,17.431481463333334,36.56666666666667,37.4,37.53333333333333,37.95,36.5,-10.040444476666668,-0.1129629333333319,0.0080000000000008,7.529333333333333,7.093333333333334,17.59135804111111,7.635777777777779,5.4641237,5.51112,5.574768,5.5385833,5.416594,0,2.0,0,0.5,-1.22,36.2,63.8
2023-04-26 00:00:00,372.075949650002,17.102371394446,17.112093238889997,17.431481463333334,7.093333333333334,36.5,1,5.1764362714980825,70.66250196097344,0,2,4,0.0,1.0,0.9749279121818236,-0.2225209339563143,0.8660254037844387,-0.4999999999999998,0.0,0.0,0.0,3.2,10.1,58.0,98.0,0.6,5.05473,0.0,0.9,17.449999979999998,36.5,36.56666666666667,37.4,37.53333333333333,36.5,-10.33814813,-0.1462963466666664,-0.4439999999999999,7.537333333333334,6.799333333333333,17.566666672222226,7.386666666666668,5.416594,5.4641237,5.51112,5.574768,5.4225907,0,2.0,1,0.5,-1.25,37.9,62.1
2023-04-26 00:15:00,124.113368749994,79.57153926111,79.587371994442,17.449999979999998,6.799333333333333,36.5,2,5.1764362714980825,70.66250196097344,0,2,4,0.0,1.0,0.9749279121818236,-0.2225209339563143,0.8660254037844387,-0.4999999999999998,0.0,0.0,0.0,3.2,9.275,67.0,98.25,0.3999999999999999,4.990175,0.0,0.675,17.65185188,36.5,36.5,36.56666666666667,37.4,36.31666666666667,-10.650666646666664,0.0185185166666634,-0.2940000000000005,7.093333333333334,6.044,17.48641975111111,7.143333333333335,5.4225907,5.416594,5.4641237,5.51112,5.4607615,0,2.0,1,0.5,-1.25,37.7,62.3
2023-04-26 00:30:00,60.036487311112,0.0,0.0,17.65185188,6.044,36.31666666666667,0,5.1764362714980825,70.66250196097344,0,2,4,0.0,1.0,0.9749279121818236,-0.2225209339563143,0.8660254037844387,-0.4999999999999998,0.0,0.0,0.0,3.2,8.45,76.0,98.5,0.1999999999999999,4.926269,0.0,0.45,17.57777781,36.5,36.5,36.5,36.56666666666667,36.0,-11.607851879999998,0.2018519000000012,-0.7553333333333336,6.799333333333333,5.282,17.51111110777778,6.645555555555558,5.4607615,5.4225907,5.416594,5.4641237,5.389273,1,2.0,1,0.5,-1.2,35.3,64.7
2023-04-26 00:45:00,61.845026216662,0.0,0.0,17.57777781,5.282,36.0,0,5.1764362714980825,70.66250196097344,0,2,4,0.0,1.0,0.9749279121818236,-0.2225209339563143,0.8660254037844387,-0.4999999999999998,0.0,0.0,0.0,3.2,7.625,85.0,98.75,-1.1102230246251563e-16,4.863008,0.0,0.2250000000000001,17.431481463333334,36.31666666666667,36.5,36.5,36.5,36.0,-12.29577781,-0.0740740699999982,-0.7619999999999996,6.044,4.8566666666666665,17.559876556666666,6.041777777777779,5.389273,5.4607615,5.4225907,5.416594,5.3423944,0,2.0,0,0.5,-1.22,36.3,63.7
2023-04-26 01:00:00,64.851572549998,17.115982,17.119593005554,17.431481463333334,4.8566666666666665,36.0,1,5.1764362714980825,70.66250196097344,1,2,4,0.2588190451025207,0.9659258262890684,0.9749279121818236,-0.2225209339563143,0.8660254037844387,-0.4999999999999998,0.0,0.0,0.0,3.2,6.8,94.0,99.0,-0.2,4.800387,0.0,-0.0,17.449999979999998,36.0,36.31666666666667,36.5,36.5,36.3,-12.574814796666669,-0.1462963466666664,-0.4253333333333335,5.282,4.666666666666667,17.55370371777778,5.394222222222225,5.3423944,5.389273,5.4607615,5.4225907,5.3928776,0,2.0,1,0.5,-1.26,38.0,62.0
2023-04-26 01:15:00,135.942617594446,88.314522844444,88.326744588888,17.449999979999998,4.666666666666667,36.3,2,5.1764362714980825,70.66250196097344,1,2,4,0.2588190451025207,0.9659258262890684,0.9749279121818236,-0.2225209339563143,0.8660254037844387,-0.4999999999999998,0.0,0.0,0.0,3.125,7.0,92.75,98.75,-0.25,4.780022,0.075,-0.025,17.67222223,36.0,36.0,36.31666666666667,36.5,35.85,-12.78333331333333,0.0185185166666634,-0.1899999999999995,4.8566666666666665,4.160666666666667,17.48641975111111,4.935111111111113,5.3928776,5.3423944,5.389273,5.4607615,5.397145,0,2.0,1,0.5,-1.25,37.7,62.3
2023-04-26 01:30:00,62.16751328333,0.0,0.0,17.67222223,4.160666666666667,35.85,0,5.1764362714980825,70.66250196097344,1,2,4,0.2588190451025207,0.9659258262890684,0.9749279121818236,-0.2225209339563143,0.8660254037844387,-0.4999999999999998,0.0,0.0,0.0,3.05,7.199999999999999,91.5,98.5,-0.3,4.759712,0.15,-0.05,17.59444446,36.3,36.0,36.0,36.31666666666667,35.5,-13.511555563333332,0.2222222500000015,-0.5060000000000002,4.666666666666667,4.034666666666666,17.517901224444444,4.561333333333335,5.397145,5.3928776,5.3423944,5.389273,5.3197103,1,2.0,1,0.5,-1.2,35.2,64.8
2023-04-26 01:45:00,42.266364877776,0.0,0.0,17.59444446,4.034666666666666,35.5,0,5.1764362714980825,70.66250196097344,1,2,4,0.2588190451025207,0.9659258262890684,0.9749279121818236,-0.2225209339563143,0.8660254037844387,-0.4999999999999998,0.0,0.0,0.0,2.975,7.399999999999999,90.25,98.25,-0.35,4.7394567,0.225,-0.075,17.431481463333334,35.85,36.3,36.0,36.0,35.5,-13.559777793333332,-0.0777777700000008,-0.1260000000000003,4.160666666666667,3.984,17.57222222333333,4.287333333333335,5.3197103,5.397145,5.3928776,5.3423944,5.2681937,0,2.0,0,0.5,-1.22,36.2,63.8
2023-04-26 02:00:00,89.87640478333401,47.097560488888,47.110893338886,17.431481463333334,3.984,35.5,1,5.1764362714980825,70.66250196097344,2,2,4,0.4999999999999999,0.8660254037844387,0.9749279121818236,-0.2225209339563143,0.8660254037844387,-0.4999999999999998,0.0,0.0,0.0,2.9,7.6,89.0,98.0,-0.4,4.719254,0.3,-0.1,17.522222250000002,35.5,35.85,36.3,36.0,35.4,-13.447481463333334,-0.1629629966666641,-0.0506666666666664,4.034666666666666,4.0520000000000005,17.566049384444444,4.05977777777778,5.2681937,5.3197103,5.397145,5.3928776,5.281906,0,2.0,1,0.5,-1.26,38.1,61.9
2023-04-26 02:15:00,110.325586866664,57.875462688888,57.88796222222,17.522222250000002,4.0520000000000005,35.4,1,5.1764362714980825,70.66250196097344,2,2,4,0.4999999999999999,0.8660254037844387,0.9749279121818236,-0.2225209339563143,0.8660254037844387,-0.4999999999999998,0.0,0.0,0.0,2.9,7.675,91.75,98.5,-0.25,4.7761426,0.25,0.0,17.67037035666667,35.5,35.5,35.85,36.3,34.56666666666667,-13.470222250000004,0.090740786666668,0.0680000000000005,3.984,4.084666666666666,17.516049391111114,4.023555555555557,5.281906,5.2681937,5.3197103,5.397145,5.203366,0,2.0,0,0.5,-1.24,37.1,62.9
2023-04-26 02:30:00,38.869278566664,0.0,0.0,17.67037035666667,4.084666666666666,34.56666666666667,0,5.1764362714980825,70.66250196097344,2,2,4,0.4999999999999999,0.8660254037844387,0.9749279121818236,-0.2225209339563143,0.8660254037844387,-0.4999999999999998,0.0,0.0,0.0,2.9,7.75,94.5,99.0,-0.0999999999999999,4.833564,0.2,0.1,17.48888886,35.4,35.5,35.5,35.85,34.5,-13.585703690000004,0.1481481066666674,0.0326666666666657,4.0520000000000005,4.1386666666666665,17.541358023333334,4.040222222222224,5.203366,5.281906,5.2681937,5.3197103,5.137383,1,2.0,1,0.5,-1.21,35.5,64.5
2023-04-26 02:45:00,51.836815244448,0.0,0.0,17.48888886,4.1386666666666665,34.5,0,5.1764362714980825,70.66250196097344,2,2,4,0.4999999999999999,0.8660254037844387,0.9749279121818236,-0.2225209339563143,0.8660254037844387,-0.4999999999999998,0.0,0.0,0.0,2.9,7.825,97.25,99.5,0.05,4.8915234,0.15,0.2,17.433333336666667,34.56666666666667,35.4,35.5,35.5,34.5,-13.350222193333334,-0.1814814966666702,0.0540000000000002,4.084666666666666,4.084,17.560493822222224,4.09177777777778,5.137383,5.203366,5.281906,5.2681937,5.120362,0,2.0,0,0.5,-1.25,37.7,62.3
2023-04-26 03:00:00,139.489420150002,94.57899443889,94.595660472222,17.433333336666667,4.084,34.5,2,5.1764362714980825,70.66250196097344,3,2,4,0.7071067811865476,0.7071067811865476,0.9749279121818236,-0.2225209339563143,0.8660254037844387,-0.4999999999999998,0.0,0.0,0.0,2.9,7.9,100.0,100.0,0.2,4.9500246,0.1,0.3,17.64999999,34.5,34.56666666666667,35.4,35.5,34.15,-13.349333336666668,-0.0555555233333322,-0.0546666666666668,4.1386666666666665,4.241333333333333,17.530864184444443,4.102444444444446,5.120362,5.137383,5.203366,5.281906,5.1344028,0,2.0,1,0.5,-1.26,38.4,61.6
2023-04-26 03:15:00,43.87046736111,0.0,0.0,17.64999999,4.241333333333333,34.15,0,5.1764362714980825,70.66250196097344,3,2,4,0.7071067811865476,0.7071067811865476,0.9749279121818236,-0.2225209339563143,0.8660254037844387,-0.4999999999999998,0.0,0.0,0.0,3.675,8.9,99.5,98.75,0.3,4.972777,0.075,0.55,17.609259276666666,34.5,34.5,34.56666666666667,35.4,34.0,-13.408666656666668,0.2166666533333341,0.1573333333333337,4.084,4.728666666666667,17.524074062222223,4.154666666666668,5.1344028,5.120362,5.137383,5.203366,5.099441,1,3.0,1,0.25,-1.21,35.9,64.1
2023-04-26 03:30:00,50.358541227774,0.0,0.0,17.609259276666666,4.728666666666667,34.0,0,5.1764362714980825,70.66250196097344,3,2,4,0.7071067811865476,0.7071067811865476,0.9749279121818236,-0.2225209339563143,0.8660254037844387,-0.4999999999999998,0.0,0.0,0.0,4.45,9.9,99.0,97.5,0.4,4.994653,0.05,0.8,17.42222223,34.15,34.5,34.5,34.56666666666667,34.05,-12.88059261,-0.040740713333335,0.4873333333333338,4.241333333333333,4.832666666666667,17.564197534444446,4.351333333333336,5.099441,5.1344028,5.120362,5.137383,5.05022,0,3.0,0,0.25,-1.22,36.4,63.6
2023-04-26 03:45:00,66.001248911104,31.541238283334,31.552904533332,17.42222223,4.832666666666667,34.05,1,5.1764362714980825,70.66250196097344,3,2,4,0.7071067811865476,0.7071067811865476,0.9749279121818236,-0.2225209339563143,0.8660254037844387,-0.4999999999999998,0.0,0.0,0.0,5.225,10.9,98.5,96.25,0.5,5.0156198,0.0249999999999999,1.05,17.47037037333333,34.0,34.15,34.5,34.5,34.46666666666667,-12.589555563333333,-0.1870370466666671,0.104,4.728666666666667,5.223333333333333,17.560493832222225,4.600888888888892,5.05022,5.099441,5.1344028,5.120362,5.126745,0,2.0,1,0.5,-1.27,38.6,61.4
2023-04-26 04:00:00,118.246936649998,72.63681666111,72.650705038886,17.47037037333333,5.223333333333333,34.46666666666667,2,5.1764362714980825,70.66250196097344,4,2,4,0.8660254037844386,0.5000000000000001,0.9749279121818236,-0.2225209339563143,0.8660254037844387,-0.4999999999999998,0.0,0.0,0.0,6.0,11.9,98.0,95.0,0.6,5.0356436,0.0,1.3,17.63888891,34.05,34.0,34.15,34.5,34.15,-12.24703704,0.0481481433333321,0.3906666666666654,4.832666666666667,5.582666666666666,17.50061729333333,4.9282222222222245,5.126745,5.05022,5.099441,5.1344028,5.131001,0,2.0,1,0.5,-1.25,37.9,62.1
2023-04-26 04:15:00,52.456512855552,0.0,0.0,17.63888891,5.582666666666666,34.15,0,5.1764362714980825,70.66250196097344,4,2,4,0.8660254037844386,0.5000000000000001,0.9749279121818236,-0.2225209339563143,0.8660254037844387,-0.4999999999999998,0.0,0.0,0.0,5.5,11.9,98.5,94.75,0.3999999999999999,4.9712768,0.0,1.15,17.52222223333333,34.46666666666667,34.05,34.0,34.15,34.18333333333333,-12.056222243333332,0.1685185366666672,0.3593333333333337,5.223333333333333,5.868666666666667,17.510493837777776,5.212888888888891,5.131001,5.126745,5.05022,5.099441,5.1003723,1,2.0,1,0.5,-1.22,36.0,64.0
2023-04-26 04:30:00,40.039509488888,0.0,0.0,17.52222223333333,5.868666666666667,34.18333333333333,0,5.1764362714980825,70.66250196097344,4,2,4,0.8660254037844386,0.5000000000000001,0.9749279121818236,-0.2225209339563143,0.8660254037844387,-0.4999999999999998,0.0,0.0,0.0,5.0,11.9,99.0,94.5,0.1999999999999999,4.9076347,0.0,1.0,17.37777774,34.15,34.46666666666667,34.05,34.0,34.5,-11.653555566666665,-0.1166666766666679,0.2860000000000005,5.582666666666666,5.766666666666667,17.54382717222222,5.558222222222224,5.1003723,5.131001,5.126745,5.05022,5.103388,0,2.0,0,0.5,-1.24,37.4,62.6
2023-04-26 04:45:00,108.74898328333,67.188701244444,67.201200794442,17.37777774,5.766666666666667,34.5,1,5.1764362714980825,70.66250196097344,4,2,4,0.8660254037844386,0.5000000000000001,0.9749279121818236,-0.2225209339563143,0.8660254037844387,-0.4999999999999998,0.0,0.0,0.0,4.5,11.9,99.5,94.25,-1.1102230246251563e-16,4.8447113,0.0,0.85,17.518518503333333,34.18333333333333,34.15,34.46666666666667,34.05,34.31666666666667,-11.611111073333332,-0.1444444933333315,-0.1020000000000003,5.868666666666667,5.743333333333334,17.51296296111111,5.739333333333335,5.103388,5.1003723,5.131001,5.126745,5.1191325,0,2.0,1,0.5,-1.28,39.0,61.0
2023-04-26 05:00:00,338.205915772218,38.117919688888,38.130974799996,17.518518503333333,5.743333333333334,34.31666666666667,1,5.1764362714980825,70.66250196097344,5,2,4,0.9659258262890684,0.2588190451025207,0.9749279121818236,-0.2225209339563143,0.8660254037844387,-0.4999999999999998,0.0,0.0,0.0,4.0,11.9,100.0,94.0,-0.2,4.7824984,0.0,0.7,17.616666669999997,34.5,34.18333333333333,34.15,34.46666666666667,34.0,-11.77518517,0.1407407633333335,-0.0233333333333325,5.766666666666667,5.223333333333333,17.472839492222224,5.792888888888892,5.1191325,5.103388,5.1003723,5.131001,5.101695,0,2.0,0,0.5,-1.24,37.4,62.6
2023-04-26 05:15:00,38.73678388333,0.0,0.0,17.616666669999997,5.223333333333333,34.0,0,5.1764362714980825,70.66250196097344,5,2,4,0.9659258262890684,0.2588190451025207,0.9749279121818236,-0.2225209339563143,0.8660254037844387,-0.4999999999999998,0.0,0.0,0.0,3.925,11.275,100.0,92.5,-0.25,4.754757,0.125,0.85,17.46666667,34.31666666666667,34.5,34.18333333333333,34.15,34.0,-12.393333336666664,0.0981481666666646,-0.5200000000000014,5.743333333333334,5.522,17.504320971111113,5.577777777777779,5.101695,5.1191325,5.103388,5.1003723,5.0562124,1,2.0,1,0.5,-1.22,36.3,63.7
2023-04-26 05:30:00,40.45504848333,0.0,0.0,17.46666667,5.522,34.0,0,5.1764362714980825,70.66250196097344,5,2,4,0.9659258262890684,0.2588190451025207,0.9749279121818236,-0.2225209339563143,0.8660254037844387,-0.4999999999999998,0.0,0.0,0.0,3.85,10.65,100.0,91.0,-0.3,4.7258706,0.25,1.0,17.37222221,34.0,34.31666666666667,34.5,34.18333333333333,34.35,-11.944666669999998,-0.1499999999999985,0.2986666666666675,5.223333333333333,4.875333333333333,17.533950614444446,5.496222222222225,5.0562124,5.101695,5.1191325,5.103388,5.0795126,0,2.0,0,0.5,-1.26,38.1,61.9
2023-04-26 05:45:00,159.70083404444,100.280433055556,100.295988033332,17.37222221,4.875333333333333,34.35,2,5.1764362714980825,70.66250196097344,5,2,4,0.9659258262890684,0.2588190451025207,0.9749279121818236,-0.2225209339563143,0.8660254037844387,-0.4999999999999998,0.0,0.0,0.0,3.775,10.025,100.0,89.5,-0.35,4.6958237,0.375,1.15,17.581481516666667,34.0,34.0,34.31666666666667,34.5,34.31666666666667,-12.496888876666668,-0.0944444599999982,-0.6466666666666674,5.522,4.607333333333333,17.485185183333332,5.20688888888889,5.0795126,5.0562124,5.101695,5.1191325,5.13841,0,2.0,1,0.5,-1.28,39.1,60.9
2023-04-26 06:00:00,39.293706088884,0.0,0.0,17.581481516666667,4.607333333333333,34.31666666666667,0,5.1764362714980825,70.66250196097344,6,2,4,1.0,6.123233995736766e-17,0.9749279121818236,-0.2225209339563143,0.8660254037844387,-0.4999999999999998,0.0,0.0,0.0,3.7,9.4,100.0,88.0,-0.4,4.664596,0.5,1.3,17.57222226,34.35,34.0,34.0,34.31666666666667,34.35,-12.974148183333334,0.2092593066666666,-0.2679999999999998,4.875333333333333,4.699333333333334,17.47345679888889,5.001555555555558,5.13841,5.0795126,5.0562124,5.101695,5.140559,1,3.0,1,0.25,-1.23,36.6,63.4
2023-04-26 06:15:00,38.695674477772,0.0,0.0,17.57222226,4.699333333333334,34.35,0,5.1764362714980825,70.66250196097344,6,2,4,1.0,6.123233995736766e-17,0.9749279121818236,-0.2225209339563143,0.8660254037844387,-0.4999999999999998,2.25,0.5625,0.1875,4.075,9.125,98.5,88.25,-0.2,4.7419934,0.55,1.5,17.379629626666667,34.31666666666667,34.35,34.0,34.0,34.68333333333333,-12.872888926666668,-0.0092592566666667,0.0920000000000005,4.607333333333333,5.021333333333334,17.50864199555556,4.727333333333335,5.140559,5.13841,5.0795126,5.0562124,5.1310754,0,3.0,0,0.25,-1.23,36.7,63.3
2023-04-26 06:30:00,92.261864911112,37.098793755556,37.10990446111,17.379629626666667,5.021333333333334,34.68333333333333,1,5.1764362714980825,70.66250196097344,6,2,4,1.0,6.123233995736766e-17,0.9749279121818236,-0.2225209339563143,0.8660254037844387,-0.4999999999999998,4.5,1.6875,0.5625,4.45,8.850000000000001,97.0,88.5,0.0,4.820526,0.6,1.7000000000000002,17.466666659999998,34.35,34.31666666666667,34.35,34.0,34.8,-12.358296293333332,-0.1925926333333336,0.322,4.699333333333334,5.306666666666667,17.511111134444445,4.7760000000000025,5.1310754,5.140559,5.13841,5.0795126,5.175182,0,2.0,1,0.5,-1.27,39.0,61.0
2023-04-26 06:45:00,97.731368488884,59.582061105554,59.59706052222,17.466666659999998,5.306666666666667,34.8,1,5.1764362714980825,70.66250196097344,6,2,4,1.0,6.123233995736766e-17,0.9749279121818236,-0.2225209339563143,0.8660254037844387,-0.4999999999999998,6.75,3.375,1.125,4.825,8.575000000000001,95.5,88.75,0.2,4.9002085,0.6499999999999999,1.9,17.614814850000002,34.68333333333333,34.35,34.31666666666667,34.35,34.7,-12.159999993333331,0.0870370333333312,0.285333333333333,5.021333333333334,5.658,17.47283951555556,5.009111111111113,5.175182,5.1310754,5.140559,5.13841,5.2061553,0,2.0,0,0.5,-1.25,37.9,62.1
2023-04-26 07:00:00,38.515126099996,0.0,0.0,17.614814850000002,5.658,34.7,0,5.1764362714980825,70.66250196097344,7,2,4,0.9659258262890684,-0.2588190451025206,0.9749279121818236,-0.2225209339563143,0.8660254037844387,-0.4999999999999998,9.0,5.625,1.875,5.2,8.3,94.0,89.0,0.4,4.9810543,0.7,2.1,17.466666649999997,34.8,34.68333333333333,34.35,34.31666666666667,35.0,-11.95681485,0.1481481900000041,0.3513333333333337,5.306666666666667,5.736666666666666,17.487037045555557,5.328666666666669,5.2061553,5.175182,5.1310754,5.140559,5.204925,1,2.0,1,0.5,-1.22,36.1,63.9
2023-04-26 07:15:00,51.936811461106,0.0,0.0,17.466666649999997,5.736666666666666,35.0,0,5.1764362714980825,70.66250196097344,7,2,4,0.9659258262890684,-0.2588190451025206,0.9749279121818236,-0.2225209339563143,0.8660254037844387,-0.4999999999999998,41.5,15.4375,5.333333333333333,5.225,9.275,95.5,87.25,0.875,5.1366286,0.5249999999999999,2.85,17.32037035666667,34.7,34.8,34.68333333333333,34.35,35.18333333333333,-11.72999998333333,-0.1481482000000049,0.078666666666666,5.658,6.011333333333334,17.516049386666666,5.567111111111113,5.204925,5.2061553,5.175182,5.1310754,5.186635,0,2.0,0,0.5,-1.25,37.8,62.2
2023-04-26 07:30:00,95.26813362222,50.456592772222,50.470203377776,17.32037035666667,6.011333333333334,35.18333333333333,1,5.1764362714980825,70.66250196097344,7,2,4,0.9659258262890684,-0.2588190451025206,0.9749279121818236,-0.2225209339563143,0.8660254037844387,-0.4999999999999998,74.0,32.8125,11.5,5.25,10.25,97.0,85.5,1.35,5.2932568,0.35,3.6,17.45000001,35.0,34.7,34.8,34.68333333333333,35.45,-11.309037023333335,-0.1462962933333287,0.2746666666666675,5.736666666666666,6.339333333333333,17.46728395222222,5.802000000000002,5.186635,5.204925,5.2061553,5.175182,5.266598,0,2.0,1,0.5,-1.29,39.6,60.4
2023-04-26 07:45:00,89.631692322224,55.143349711112,55.157793583334005,17.45000001,6.339333333333333,35.45,1,5.1764362714980825,70.66250196097344,7,2,4,0.9659258262890684,-0.2588190451025206,0.9749279121818236,-0.2225209339563143,0.8660254037844387,-0.4999999999999998,106.5,57.75,20.375,5.275,11.225,98.5,83.75,1.825,5.450667,0.175,4.35,17.635185200000002,35.18333333333333,35.0,34.7,34.8,35.21666666666667,-11.110666676666668,0.1296296533333318,0.3279999999999994,6.011333333333334,6.102666666666666,17.412345672222223,6.0291111111111135,5.266598,5.186635,5.204925,5.2061553,5.2900977,0,2.0,0,0.5,-1.25,37.9,62.1
2023-04-26 08:00:00,51.276004427778,0.0,0.0,17.635185200000002,6.102666666666666,35.21666666666667,0,5.1764362714980825,70.66250196097344,8,2,4,0.8660254037844387,-0.4999999999999998,0.9749279121818236,-0.2225209339563143,0.8660254037844387,-0.4999999999999998,139.0,90.25,31.95833333333333,5.3,12.2,100.0,82.0,2.3,5.6085653,0.0,5.1,17.52222222,35.45,35.18333333333333,35.0,34.7,35.5,-11.532518533333336,0.1851851900000021,-0.2366666666666672,6.339333333333333,6.513999999999999,17.468518522222222,6.151111111111113,5.2900977,5.266598,5.186635,5.204925,5.296827,1,2.0,1,0.5,-1.21,35.8,64.2
2023-04-26 08:15:00,47.156724855552,0.0,0.0,17.52222222,6.513999999999999,35.5,0,5.1764362714980825,70.66250196097344,8,2,4,0.8660254037844387,-0.4999999999999998,0.9749279121818236,-0.2225209339563143,0.8660254037844387,-0.4999999999999998,167.75,121.8125,45.9375,5.0,12.75,100.0,79.75,2.275,5.6004066,0.05,5.5,17.37592592,35.21666666666667,35.45,35.18333333333333,35.0,35.68333333333333,-11.00822222,-0.1129629800000024,0.4113333333333333,6.102666666666666,6.832666666666666,17.53580247666667,6.318666666666668,5.296827,5.2900977,5.266598,5.186635,5.277848,0,2.0,0,0.5,-1.24,37.1,62.9
2023-04-26 08:30:00,41.24501688333,0.0,0.0,17.37592592,6.832666666666666,35.68333333333333,0,5.1764362714980825,70.66250196097344,8,2,4,0.8660254037844387,-0.4999999999999998,0.9749279121818236,-0.2225209339563143,0.8660254037844387,-0.4999999999999998,196.5,152.4375,62.3125,4.699999999999999,13.3,100.0,77.5,2.25,5.5873213,0.1,5.9,17.29444445,35.5,35.21666666666667,35.45,35.18333333333333,36.35,-10.543259253333334,-0.1462962999999995,0.3186666666666671,6.513999999999999,7.056666666666667,17.51111111333334,6.483111111111112,5.277848,5.296827,5.2900977,5.266598,5.3503203,0,3.0,0,0.25,-1.27,38.8,61.2
2023-04-26 08:45:00,51.439886922216,0.0,0.0,17.29444445,7.056666666666667,36.35,0,5.1764362714980825,70.66250196097344,8,2,4,0.8660254037844387,-0.4999999999999998,0.9749279121818236,-0.2225209339563143,0.8660254037844387,-0.4999999999999998,225.25,182.125,81.08333333333333,4.4,13.85,100.0,75.25,2.225,5.569085,0.15,6.3,17.2777778,35.68333333333333,35.5,35.21666666666667,35.45,36.68333333333333,-10.237777783333334,-0.0814814699999999,0.2240000000000002,6.832666666666666,7.536,17.397530863333333,6.801111111111112,5.3503203,5.277848,5.296827,5.2900977,5.394002,0,4.0,0,0.0,-1.29,39.6,60.4
2023-04-26 09:00:00,52.946493188888,0.0,0.0,17.2777778,7.536,36.68333333333333,0,5.1764362714980825,70.66250196097344,9,2,4,0.7071067811865476,-0.7071067811865475,0.9749279121818236,-0.2225209339563143,0.8660254037844387,-0.4999999999999998,254.0,210.875,102.25,4.1,14.4,100.0,73.0,2.2,5.5454674,0.2,6.7,17.37777779,36.35,35.68333333333333,35.5,35.21666666666667,37.05,-9.741777799999998,-0.0166666500000012,0.4793333333333338,7.056666666666667,8.322666666666667,17.31604939,7.141777777777779,5.394002,5.3503203,5.277848,5.296827,5.480595,0,4.0,0,0.0,-1.29,39.7,60.3
2023-04-26 09:15:00,837.069571527774,0.0,0.0,17.37777779,8.322666666666667,37.05,0,5.1764362714980825,70.66250196097344,9,2,4,0.7071067811865476,-0.7071067811865475,0.9749279121818236,-0.2225209339563143,0.8660254037844387,-0.4999999999999998,250.25,231.5,122.91666666666669,4.074999999999999,14.3,86.25,71.25,2.1750000000000003,5.528213,0.15,7.025,17.738888883333335,36.68333333333333,36.35,35.68333333333333,35.5,37.46666666666667,-9.055111123333331,0.0999999900000006,0.7866666666666662,7.536,9.156,17.31666668,7.638444444444445,5.480595,5.394002,5.3503203,5.277848,5.6629953,0,4.0,0,0.0,-1.26,38.4,61.6
2023-04-26 09:30:00,98.595500555552,0.0,0.0,17.738888883333335,9.156,37.46666666666667,0,5.1764362714980825,70.66250196097344,9,2,4,0.7071067811865476,-0.7071067811865475,0.9749279121818236,-0.2225209339563143,0.8660254037844387,-0.4999999999999998,246.5,244.0,143.08333333333334,4.05,14.2,72.5,69.5,2.1500000000000004,5.5073767,0.1,7.35,18.13333335,37.05,36.68333333333333,36.35,35.68333333333333,37.15,-8.582888883333334,0.361111093333335,0.8333333333333339,8.322666666666667,9.942,17.464814824444446,8.338222222222223,5.6629953,5.480595,5.394002,5.3503203,5.748511,0,4.0,0,0.0,-1.17,34.0,66.0
2023-04-26 09:45:00,115.002622077772,0.0,0.0,18.13333335,9.942,37.15,0,5.1764362714980825,70.66250196097344,9,2,4,0.7071067811865476,-0.7071067811865475,0.9749279121818236,-0.2225209339563143,0.8660254037844387,-0.4999999999999998,242.75,248.375,162.75,4.025,14.1,58.75,67.75,2.125,5.482833,0.0499999999999999,7.675,18.32222219333333,37.46666666666667,37.05,36.68333333333333,36.35,37.0,-8.19133335,0.3944444666666662,0.7859999999999996,9.156,9.408,17.750000007777782,9.140222222222222,5.748511,5.6629953,5.480595,5.394002,5.7898765,0,4.0,0,0.0,-1.08,29.8,70.2
2023-04-26 10:00:00,90.99580452222,0.0,0.0,18.32222219333333,9.408,37.0,0,5.1764362714980825,70.66250196097344,10,2,4,0.4999999999999999,-0.8660254037844387,0.9749279121818236,-0.2225209339563143,0.8660254037844387,-0.4999999999999998,239.0,244.625,181.91666666666663,4.0,14.0,45.0,66.0,2.1,5.45445,0.0,8.0,18.24444442,37.15,37.46666666666667,37.05,36.68333333333333,37.0,-8.914222193333336,0.1888888433333342,-0.5340000000000007,9.942,8.282666666666666,18.06481480888889,9.502,5.7898765,5.748511,5.6629953,5.480595,5.76321,0,4.0,0,0.0,-1.04,27.9,72.1
2023-04-26 10:15:00,76.580270099996,0.0,0.0,18.24444442,8.282666666666666,37.0,0,5.1764362714980825,70.66250196097344,10,2,4,0.4999999999999999,-0.8660254037844387,0.9749279121818236,-0.2225209339563143,0.8660254037844387,-0.4999999999999998,345.5,268.4375,207.25,6.25,19.675,48.5,61.5,1.6,5.316482,0.025,8.7,18.07777777,37.0,37.15,37.46666666666667,37.05,37.18333333333333,-9.961777753333331,-0.077777773333338,-1.1253333333333335,9.408,8.340666666666667,18.233333321111115,9.210888888888888,5.76321,5.7898765,5.748511,5.6629953,5.734701,0,4.0,0,0.0,-1.06,28.6,71.4
2023-04-26 10:30:00,42.083872127778,0.0,0.0,18.07777777,8.340666666666667,37.18333333333333,0,5.1764362714980825,70.66250196097344,10,2,4,0.4999999999999999,-0.8660254037844387,0.9749279121818236,-0.2225209339563143,0.8660254037844387,-0.4999999999999998,452.0,319.8125,238.75,8.5,25.35,52.0,57.0,1.1,5.1529374,0.05,9.4,17.92222223,37.0,37.0,37.15,37.46666666666667,37.9,-9.737111103333334,-0.1666666499999962,0.0580000000000016,8.282666666666666,8.842,18.214814794444447,8.677111111111111,5.734701,5.76321,5.7898765,5.748511,5.7913933,0,4.0,0,0.0,-1.1,30.3,69.7
2023-04-26 10:45:00,46.867569822216,0.0,0.0,17.92222223,8.842,37.9,0,5.1764362714980825,70.66250196097344,10,2,4,0.4999999999999999,-0.8660254037844387,0.9749279121818236,-0.2225209339563143,0.8660254037844387,-0.4999999999999998,558.5,398.75,276.4166666666667,10.75,31.025,55.5,52.5,0.6000000000000001,4.9620314,0.075,10.1,17.929629636666668,37.18333333333333,37.0,37.0,37.15,38.46666666666667,-9.08022223,-0.1555555400000017,0.5013333333333332,8.340666666666667,9.36,18.081481473333334,8.488444444444445,5.7913933,5.734701,5.76321,5.7898765,5.8805766,0,4.0,0,0.0,-1.13,31.8,68.2
2023-04-26 11:00:00,38.777615400004,0.0,0.0,17.929629636666668,9.36,38.46666666666667,0,5.1764362714980825,70.66250196097344,11,2,4,0.258819045102521,-0.9659258262890682,0.9749279121818236,-0.2225209339563143,0.8660254037844387,-0.4999999999999998,665.0,505.25,320.25,13.0,36.7,59.0,48.0,0.1,4.741897,0.1,10.8,18.1277778,37.9,37.18333333333333,37.0,37.0,38.45,-8.569629636666667,0.0074074066666689,0.5180000000000007,8.842,10.048,17.97654321222222,8.847555555555557,5.8805766,5.7913933,5.734701,5.76321,5.9477057,0,4.0,0,0.0,-1.12,31.6,68.4
2023-04-26 11:15:00,30.667384188896,0.0,0.0,18.1277778,10.048,38.45,0,5.1764362714980825,70.66250196097344,11,2,4,0.258819045102521,-0.9659258262890682,0.9749279121818236,-0.2225209339563143,0.8660254037844387,-0.4999999999999998,640.0,578.875,359.6041666666667,13.35,36.525000000000006,60.75,49.0,0.275,4.802689,0.1,10.675,18.33148148,38.46666666666667,37.9,37.18333333333333,37.0,37.85,-8.0797778,0.1981481633333324,0.6879999999999988,9.36,10.204666666666666,17.993209888888888,9.41666666666667,5.9477057,5.8805766,5.7913933,5.734701,5.9261417,0,4.0,0,0.0,-1.08,29.5,70.5
2023-04-26 11:30:00,311.065890100004,0.0,0.0,18.33148148,10.204666666666666,37.85,0,5.1764362714980825,70.66250196097344,11,2,4,0.258819045102521,-0.9659258262890682,0.9749279121818236,-0.2225209339563143,0.8660254037844387,-0.4999999999999998,615.0,619.625,394.4791666666667,13.7,36.35,62.5,50.0,0.45,4.862196,0.1,10.55,18.62777778,38.45,38.46666666666667,37.9,37.18333333333333,37.45,-8.126814813333331,0.2037036799999967,0.1566666666666663,10.048,10.32,18.12962963888889,9.87088888888889,5.9261417,5.9477057,5.8805766,5.7913933,5.9673805,0,4.0,0,0.0,-1.03,27.6,72.4
2023-04-26 11:45:00,69.447777494446,0.0,0.0,18.62777778,10.32,37.45,0,5.1764362714980825,70.66250196097344,11,2,4,0.258819045102521,-0.9659258262890682,0.9749279121818236,-0.2225209339563143,0.8660254037844387,-0.4999999999999998,590.0,627.5,424.875,14.05,36.175,64.25,51.0,0.625,4.920432,0.1,10.425,18.96666666,37.85,38.45,38.46666666666667,37.9,36.85,-8.307777779999999,0.2962963000000016,0.1153333333333339,10.204666666666666,10.340666666666667,18.362345686666668,10.19088888888889,5.9673805,5.9261417,5.9477057,5.8805766,5.9905896,0,4.0,0,0.0,-0.97,24.8,75.2
2023-04-26 12:00:00,97.648316144444,0.0,0.0,18.96666666,10.340666666666667,36.85,0,5.1764362714980825,70.66250196097344,12,2,4,1.2246467991473532e-16,-1.0,0.9749279121818236,-0.2225209339563143,0.8660254037844387,-0.4999999999999998,565.0,602.5,450.7916666666667,14.4,36.0,66.0,52.0,0.8,4.9774103,0.1,10.3,19.10000001,37.45,37.85,38.45,38.46666666666667,36.45,-8.625999993333334,0.3388888800000025,0.020666666666667,10.32,10.248666666666669,18.641975306666662,10.288444444444446,5.9905896,5.9673805,5.9261417,5.9477057,5.9723644,0,4.0,0,0.0,-0.89,21.8,78.2
2023-04-26 12:15:00,125.266655849998,0.0,0.0,19.10000001,10.248666666666669,36.45,0,5.1764362714980825,70.66250196097344,12,2,4,1.2246467991473532e-16,-1.0,0.9749279121818236,-0.2225209339563143,0.8660254037844387,-0.4999999999999998,590.25,590.0625,479.125,13.5,36.175,59.0,53.0,1.25,5.137678,0.125,10.5,19.18333334333333,36.85,37.45,37.85,38.45,35.85,-8.851333343333332,0.1333333499999973,-0.0920000000000005,10.340666666666667,10.630666666666666,18.89814815,10.303111111111113,5.9723644,5.9905896,5.9673805,5.9261417,5.9029827,0,4.0,0,0.0,-0.86,20.7,79.3
2023-04-26 12:30:00,48.69749643889,0.0,0.0,19.18333334333333,10.630666666666666,35.85,0,5.1764362714980825,70.66250196097344,12,2,4,1.2246467991473532e-16,-1.0,0.9749279121818236,-0.2225209339563143,0.8660254037844387,-0.4999999999999998,615.5,590.1875,509.875,12.6,36.35,52.0,54.0,1.7000000000000002,5.301111,0.15,10.7,19.40555552,36.45,36.85,37.45,37.85,35.5,-8.552666676666668,0.0833333333333357,0.3819999999999997,10.248666666666669,10.582,19.083333337777777,10.406666666666668,5.9029827,5.9723644,5.9905896,5.9673805,5.922343,0,4.0,0,0.0,-0.85,20.1,79.9
2023-04-26 12:45:00,56.848837072222,0.0,0.0,19.40555552,10.582,35.5,0,5.1764362714980825,70.66250196097344,12,2,4,1.2246467991473532e-16,-1.0,0.9749279121818236,-0.2225209339563143,0.8660254037844387,-0.4999999999999998,640.75,602.875,543.0416666666666,11.7,36.525000000000006,45.0,55.0,2.15,5.467755,0.175,10.9,19.825925926666667,35.85,36.45,36.85,37.45,35.31666666666667,-8.823555520000001,0.2222221766666656,-0.0486666666666675,10.630666666666666,10.781333333333333,19.22962962444445,10.487111111111112,5.922343,5.9029827,5.9723644,5.9905896,6.0390363,0,4.0,0,0.0,-0.8,18.4,81.6
2023-04-26 13:00:00,48.087798694442,0.0,0.0,19.825925926666667,10.781333333333333,35.31666666666667,0,5.1764362714980825,70.66250196097344,13,2,4,-0.2588190451025208,-0.9659258262890684,0.9749279121818236,-0.2225209339563143,0.8660254037844387,-0.4999999999999998,666.0,628.125,578.625,10.8,36.7,38.0,56.0,2.6,5.637656,0.2,11.1,20.05000004,35.5,35.85,36.45,36.85,35.05,-9.044592593333334,0.4203704066666667,0.1993333333333335,10.582,10.659333333333333,19.47160493,10.664666666666667,6.0390363,5.922343,5.9029827,5.9723644,6.072636,0,4.0,0,0.0,-0.7,15.3,84.7
2023-04-26 13:15:00,42.011097288888,0.0,0.0,20.05000004,10.659333333333333,35.05,0,5.1764362714980825,70.66250196097344,13,2,4,-0.2588190451025208,-0.9659258262890684,0.9749279121818236,-0.2225209339563143,0.8660254037844387,-0.4999999999999998,705.5,656.9375,608.625,12.025,37.325,43.0,57.5,2.75,5.707297,0.2,10.875,19.942592583333333,35.31666666666667,35.5,35.85,36.45,35.46666666666667,-9.390666706666668,0.2240741133333337,-0.1219999999999998,10.781333333333333,10.189333333333334,19.76049382888889,10.67422222222222,6.072636,6.0390363,5.922343,5.9029827,6.1062975,0,4.0,0,0.0,-0.65,13.9,86.1
2023-04-26 13:30:00,41.414732411104,0.0,0.0,19.942592583333333,10.189333333333334,35.46666666666667,0,5.1764362714980825,70.66250196097344,13,2,4,-0.2588190451025208,-0.9659258262890684,0.9749279121818236,-0.2225209339563143,0.8660254037844387,-0.4999999999999998,745.0,689.3125,633.0416666666666,13.25,37.95,48.0,59.0,2.9000000000000004,5.773717,0.2,10.65,19.78888889,35.05,35.31666666666667,35.5,35.85,35.5,-9.75325925,-0.1074074566666674,-0.4699999999999988,10.659333333333333,10.119333333333334,19.939506183333336,10.543333333333337,6.1062975,6.072636,6.0390363,5.922343,6.0572157,0,4.0,0,0.0,-0.67,14.5,85.5
2023-04-26 13:45:00,45.749003349998,0.0,0.0,19.78888889,10.119333333333334,35.5,0,5.1764362714980825,70.66250196097344,13,2,4,-0.2588190451025208,-0.9659258262890684,0.9749279121818236,-0.2225209339563143,0.8660254037844387,-0.4999999999999998,784.5,725.25,651.875,14.475,38.575,53.0,60.5,3.0500000000000003,5.836983,0.2,10.425,19.66481482,35.46666666666667,35.05,35.31666666666667,35.5,35.5,-9.669555556666666,-0.153703693333334,-0.0700000000000002,10.189333333333334,10.003333333333334,19.927160504444444,10.322666666666668,6.0572157,6.1062975,6.072636,6.0390363,6.0132704,0,4.0,0,0.0,-0.71,15.6,84.4
2023-04-26 14:00:00,31.36124541667,0.0,0.0,19.66481482,10.003333333333334,35.5,0,5.1764362714980825,70.66250196097344,14,2,4,-0.4999999999999997,-0.8660254037844388,0.9749279121818236,-0.2225209339563143,0.8660254037844387,-0.4999999999999998,824.0,764.75,665.125,15.7,39.2,58.0,62.0,3.2,5.8971605,0.2,10.2,19.4611111,35.5,35.46666666666667,35.05,35.31666666666667,35.5,-9.661481486666666,-0.1240740699999989,-0.1159999999999996,10.119333333333334,10.06,19.79876543111111,10.104,6.0132704,6.0572157,6.1062975,6.072636,5.9417253,0,4.0,0,0.0,-0.74,16.4,83.6
2023-04-26 14:15:00,38.88594458333,0.0,0.0,19.4611111,10.06,35.5,0,5.1764362714980825,70.66250196097344,14,2,4,-0.4999999999999997,-0.8660254037844388,0.9749279121818236,-0.2225209339563143,0.8660254037844387,-0.4999999999999998,777.0,782.625,676.5416666666666,14.0,39.3,49.5,61.0,3.0500000000000003,5.8296566,0.175,10.275,19.207407433333334,35.5,35.5,35.46666666666667,35.05,35.68333333333333,-9.4011111,-0.20370372,0.0566666666666666,10.003333333333334,9.690666666666669,19.638271603333333,10.060888888888892,5.9417253,6.0132704,6.0572157,6.1062975,5.8838816,0,4.0,0,0.0,-0.78,18.0,82.0
2023-04-26 14:30:00,47.751701038886,0.0,0.0,19.207407433333334,9.690666666666669,35.68333333333333,0,5.1764362714980825,70.66250196097344,14,2,4,-0.4999999999999997,-0.8660254037844388,0.9749279121818236,-0.2225209339563143,0.8660254037844387,-0.4999999999999998,730.0,778.875,686.125,12.3,39.400000000000006,41.0,60.0,2.9000000000000004,5.7613597,0.15,10.35,18.93333335,35.5,35.5,35.5,35.46666666666667,36.05,-9.516740766666668,-0.2537036666666665,-0.3693333333333335,10.06,9.621333333333332,19.44444445111111,9.918,5.8838816,5.9417253,6.0132704,6.0572157,5.849014,0,4.0,0,0.0,-0.84,20.0,80.0
2023-04-26 14:45:00,30.713493594446,0.0,0.0,18.93333335,9.621333333333332,36.05,0,5.1764362714980825,70.66250196097344,14,2,4,-0.4999999999999997,-0.8660254037844388,0.9749279121818236,-0.2225209339563143,0.8660254037844387,-0.4999999999999998,683.0,753.5,693.875,10.6,39.5,32.5,59.0,2.75,5.692264,0.125,10.425,18.85740739333333,35.68333333333333,35.5,35.5,35.5,36.46666666666667,-9.312000016666666,-0.2740740833333355,-0.0693333333333345,9.690666666666669,10.203333333333337,19.200617294444445,9.790666666666668,5.849014,5.8838816,5.9417253,6.0132704,5.8901415,0,4.0,0,0.0,-0.9,22.3,77.7
2023-04-26 15:00:00,41.91804546111,0.0,0.0,18.85740739333333,10.203333333333337,36.46666666666667,0,5.1764362714980825,70.66250196097344,15,2,4,-0.7071067811865471,-0.7071067811865479,0.9749279121818236,-0.2225209339563143,0.8660254037844387,-0.4999999999999998,636.0,706.5,699.7916666666666,8.9,39.6,24.0,58.0,2.6,5.622365,0.1,10.5,18.92777775,36.05,35.68333333333333,35.5,35.5,36.5,-8.654074059999997,-0.0759259566666656,0.5820000000000025,9.621333333333332,10.852666666666666,18.99938272555556,9.838444444444448,5.8901415,5.849014,5.8838816,5.9417253,5.9200845,0,4.0,0,0.0,-0.92,22.9,77.1
2023-04-26 15:15:00,46.30898098333,0.0,0.0,18.92777775,10.852666666666666,36.5,0,5.1764362714980825,70.66250196097344,15,2,4,-0.7071067811865471,-0.7071067811865479,0.9749279121818236,-0.2225209339563143,0.8660254037844387,-0.4999999999999998,641.0,672.5,704.0208333333334,8.875,36.0,25.75,56.75,2.4,5.553533,0.125,10.65,18.92407405,36.46666666666667,36.05,35.68333333333333,35.5,36.68333333333333,-8.075111083333335,0.0703703566666682,0.6493333333333311,10.203333333333337,10.534,18.90617283111111,10.22577777777778,5.9200845,5.8901415,5.849014,5.8838816,5.948518,0,4.0,0,0.0,-0.9,22.2,77.8
2023-04-26 15:30:00,38.171806449998,0.0,0.0,18.92407405,10.534,36.68333333333333,0,5.1764362714980825,70.66250196097344,15,2,4,-0.7071067811865471,-0.7071067811865479,0.9749279121818236,-0.2225209339563143,0.8660254037844387,-0.4999999999999998,646.0,651.5,706.5625,8.850000000000001,32.4,27.5,55.5,2.2,5.4828186,0.15,10.8,18.83333332,36.5,36.46666666666667,36.05,35.68333333333333,37.35,-8.390074049999999,-0.0037037000000026,-0.3186666666666671,10.852666666666666,10.365333333333332,18.90308639777778,10.53,5.948518,5.9200845,5.8901415,5.849014,6.0242424,0,4.0,0,0.0,-0.9,22.2,77.8
2023-04-26 15:45:00,39.574805844444,0.0,0.0,18.83333332,10.365333333333332,37.35,0,5.1764362714980825,70.66250196097344,15,2,4,-0.7071067811865471,-0.7071067811865479,0.9749279121818236,-0.2225209339563143,0.8660254037844387,-0.4999999999999998,651.0,643.5,707.4166666666666,8.825000000000001,28.8,29.25,54.25,2.0,5.410195,0.175,10.95,18.65740742,36.68333333333333,36.5,36.46666666666667,36.05,37.5,-8.467999986666669,-0.0907407299999967,-0.1686666666666667,10.534,10.429333333333334,18.895061706666667,10.584,6.0242424,5.948518,5.9200845,5.8901415,5.9858356,0,4.0,0,0.0,-0.92,22.9,77.1
2023-04-26 16:00:00,37.254620855556,0.0,0.0,18.65740742,10.429333333333334,37.5,0,5.1764362714980825,70.66250196097344,16,2,4,-0.8660254037844385,-0.5000000000000004,0.9749279121818236,-0.2225209339563143,0.8660254037844387,-0.4999999999999998,656.0,648.5,706.5833333333334,8.8,25.2,31.0,53.0,1.8,5.3356385,0.2,11.1,18.53333333,37.35,36.68333333333333,36.5,36.46666666666667,37.9,-8.228074086666668,-0.1759258999999993,0.0640000000000018,10.365333333333332,10.99,18.804938263333334,10.44288888888889,5.9858356,6.0242424,5.948518,5.9200845,6.0054064,0,4.0,0,0.0,-0.96,24.5,75.5
2023-04-26 16:15:00,119.881037750006,0.0,0.0,18.53333333,10.99,37.9,0,5.1764362714980825,70.66250196097344,16,2,4,-0.8660254037844385,-0.5000000000000004,0.9749279121818236,-0.2225209339563143,0.8660254037844387,-0.4999999999999998,612.5,641.375,698.8333333333334,8.850000000000001,25.2,31.25,53.25,1.8,5.335586,0.15,11.025,18.5,37.5,37.35,36.68333333333333,36.5,38.28333333333333,-7.543333330000001,-0.1240740900000005,0.5606666666666662,10.429333333333334,11.211333333333334,18.67469135666667,10.59488888888889,6.0054064,5.9858356,6.0242424,5.948518,6.054178,0,4.0,0,0.0,-0.99,25.6,74.4
2023-04-26 16:30:00,52.840941877776,0.0,0.0,18.5,11.211333333333334,38.28333333333333,0,5.1764362714980825,70.66250196097344,16,2,4,-0.8660254037844385,-0.5000000000000004,0.9749279121818236,-0.2225209339563143,0.8660254037844387,-0.4999999999999998,569.0,622.125,684.1666666666666,8.9,25.2,31.5,53.5,1.8,5.335399,0.1,10.95,18.44999997,37.9,37.5,37.35,36.68333333333333,37.95,-7.288666666666666,-0.0333333300000013,0.2213333333333338,10.99,10.555333333333332,18.56358025,10.87688888888889,6.054178,6.0054064,5.9858356,6.0242424,5.9837084,0,4.0,0,0.0,-0.99,25.8,74.2
2023-04-26 16:45:00,34.67666837778,0.0,0.0,18.44999997,10.555333333333332,37.95,0,5.1764362714980825,70.66250196097344,16,2,4,-0.8660254037844385,-0.5000000000000004,0.9749279121818236,-0.2225209339563143,0.8660254037844387,-0.4999999999999998,525.5,590.75,662.5833333333334,8.95,25.2,31.75,53.75,1.8,5.3350825,0.0499999999999999,10.875,18.32037035666667,38.28333333333333,37.9,37.5,37.35,37.53333333333333,-7.894666636666667,-0.0500000299999996,-0.6560000000000006,11.211333333333334,10.377333333333333,18.49444443333334,10.918888888888892,5.9837084,6.054178,6.0054064,5.9858356,5.8726892,0,4.0,0,0.0,-1.01,26.4,73.6
2023-04-26 17:00:00,56.448019772222,0.0,0.0,18.32037035666667,10.377333333333333,37.53333333333333,0,5.1764362714980825,70.66250196097344,17,2,4,-0.9659258262890684,-0.2588190451025206,0.9749279121818236,-0.2225209339563143,0.8660254037844387,-0.4999999999999998,482.0,547.25,634.0833333333334,9.0,25.2,32.0,54.0,1.8,5.3346343,0.0,10.8,18.23333333,37.95,38.28333333333333,37.9,37.5,37.45,-7.943037023333336,-0.1296296133333321,-0.1780000000000008,10.555333333333332,10.200666666666669,18.42345677555556,10.714666666666668,5.8726892,5.9837084,6.054178,6.0054064,5.8294573,0,4.0,0,0.0,-1.04,27.8,72.2
2023-04-26 17:15:00,305.250567288888,0.0,0.0,18.23333333,10.200666666666669,37.45,0,5.1764362714980825,70.66250196097344,17,2,4,-0.9659258262890684,-0.2588190451025206,0.9749279121818236,-0.2225209339563143,0.8660254037844387,-0.4999999999999998,448.0,506.125,606.6666666666666,8.925,24.925,29.0,54.25,1.7,5.3005157,0.0,10.625,18.150000013333333,37.53333333333333,37.95,38.28333333333333,37.9,37.03333333333333,-8.032666663333334,-0.0870370266666675,-0.1766666666666658,10.377333333333333,10.225333333333332,18.33456788555556,10.377777777777778,5.8294573,5.8726892,5.9837084,6.054178,5.7361355,0,4.0,0,0.0,-1.06,28.7,71.3
2023-04-26 17:30:00,30.78265756111,0.0,0.0,18.150000013333333,10.225333333333332,37.03333333333333,0,5.1764362714980825,70.66250196097344,17,2,4,-0.9659258262890684,-0.2588190451025206,0.9749279121818236,-0.2225209339563143,0.8660254037844387,-0.4999999999999998,414.0,467.375,580.3333333333334,8.85,24.65,26.0,54.5,1.6,5.2664223,0.0,10.45,18.02777777,37.45,37.53333333333333,37.95,38.28333333333333,37.0,-7.92466668,-0.0833333166666676,0.0246666666666666,10.200666666666669,10.19,18.2345679,10.26777777777778,5.7361355,5.8294573,5.8726892,5.9837084,5.6894865,0,4.0,0,0.0,-1.08,29.6,70.4
2023-04-26 17:45:00,50.554088955552,0.0,0.0,18.02777777,10.19,37.0,0,5.1764362714980825,70.66250196097344,17,2,4,-0.9659258262890684,-0.2588190451025206,0.9749279121818236,-0.2225209339563143,0.8660254037844387,-0.4999999999999998,380.0,431.0,555.0833333333334,8.775,24.375,23.0,54.75,1.5,5.232356,0.0,10.275,17.948148106666665,37.03333333333333,37.45,37.53333333333333,37.95,37.0,-7.837777770000001,-0.1222222433333328,-0.0353333333333338,10.225333333333332,10.218666666666667,18.137037037777777,10.205333333333334,5.6894865,5.7361355,5.8294573,5.8726892,5.6625977,0,4.0,0,0.0,-1.11,30.9,69.1
2023-04-26 18:00:00,33.5094929,0.0,0.0,17.948148106666665,10.218666666666667,37.0,0,5.1764362714980825,70.66250196097344,18,2,4,-1.0,-1.8369701987210294e-16,0.9749279121818236,-0.2225209339563143,0.8660254037844387,-0.4999999999999998,346.0,397.0,530.9166666666666,8.7,24.1,20.0,55.0,1.4,5.198319,0.0,10.1,17.90555555,37.0,37.03333333333333,37.45,37.53333333333333,37.0,-7.729481439999997,-0.0796296633333355,0.0286666666666679,10.19,10.470666666666666,18.041975296666667,10.211333333333334,5.6625977,5.6894865,5.7361355,5.8294573,5.6482606,0,4.0,0,0.0,-1.13,31.8,68.2
2023-04-26 18:15:00,62.288341816662,33.943919972222,33.958641666664,17.90555555,10.470666666666666,37.0,1,5.1764362714980825,70.66250196097344,18,2,4,-1.0,-1.8369701987210294e-16,0.9749279121818236,-0.2225209339563143,0.8660254037844387,-0.4999999999999998,309.25,362.3125,503.2708333333333,8.625,23.3,15.25,56.75,1.525,5.254237,0.0,9.775,17.99074076,37.0,37.0,37.03333333333333,37.45,37.0,-7.434888883333333,-0.0425925566666656,0.2519999999999989,10.218666666666667,10.35,17.960493808888888,10.293111111111113,5.6482606,5.6625977,5.6894865,5.7361355,5.676965,0,3.0,1,0.25,-1.14,32.2,67.8
2023-04-26 18:30:00,120.013532550002,82.45475726110999,82.4733676,17.99074076,10.35,37.0,2,5.1764362714980825,70.66250196097344,18,2,4,-1.0,-1.8369701987210294e-16,0.9749279121818236,-0.2225209339563143,0.8660254037844387,-0.4999999999999998,272.5,326.9375,472.1458333333333,8.55,22.5,10.5,58.5,1.65,5.3054166,0.0,9.45,18.23333336,37.0,37.0,37.0,37.03333333333333,36.65,-7.640740760000002,0.0851852100000023,-0.1206666666666667,10.470666666666666,10.105333333333334,17.948148138888886,10.346444444444446,5.676965,5.6482606,5.6625977,5.6894865,5.70493,0,2.0,1,0.5,-1.12,31.3,68.7
2023-04-26 18:45:00,40.672817405558,0.0,0.0,18.23333336,10.105333333333334,36.65,0,5.1764362714980825,70.66250196097344,18,2,4,-1.0,-1.8369701987210294e-16,0.9749279121818236,-0.2225209339563143,0.8660254037844387,-0.4999999999999998,235.75,290.875,437.5416666666667,8.475,21.7,5.75,60.25,1.775,5.3520083,0.0,9.125,18.15370372,37.0,37.0,37.0,37.0,36.31666666666667,-8.128000026666665,0.2425925999999982,-0.2446666666666654,10.35,9.930666666666667,18.04320989,10.308666666666667,5.70493,5.676965,5.6482606,5.6625977,5.6263676,1,2.0,1,0.5,-1.06,28.8,71.2
2023-04-26 19:00:00,33.736983816666,0.0,0.0,18.15370372,9.930666666666667,36.31666666666667,0,5.1764362714980825,70.66250196097344,19,2,4,-0.9659258262890684,0.2588190451025203,0.9749279121818236,-0.2225209339563143,0.8660254037844387,-0.4999999999999998,199.0,254.125,399.4583333333333,8.4,20.9,1.0,62.0,1.9,5.394157,0.0,8.8,18.02777777,36.65,37.0,37.0,37.0,36.05,-8.223037053333332,-0.0796296400000002,-0.1746666666666669,10.105333333333334,9.890666666666668,18.12592594666667,10.128666666666668,5.6263676,5.70493,5.676965,5.6482606,5.5434046,0,2.0,0,0.5,-1.08,29.7,70.3
2023-04-26 19:15:00,44.354059216662,0.0,0.0,18.02777777,9.890666666666668,36.05,0,5.1764362714980825,70.66250196097344,19,2,4,-0.9659258262890684,0.2588190451025203,0.9749279121818236,-0.2225209339563143,0.8660254037844387,-0.4999999999999998,160.25,216.875,361.7708333333333,7.575,19.9,1.0,64.5,1.6749999999999998,5.339082,0.0,8.025,17.927777756666668,36.31666666666667,36.65,37.0,37.0,36.46666666666667,-8.137111103333332,-0.1259259499999991,-0.0399999999999991,9.930666666666667,9.826666666666666,18.138271616666668,9.975555555555555,5.5434046,5.6263676,5.70493,5.676965,5.5742135,0,3.0,0,0.25,-1.11,31.1,68.9
2023-04-26 19:30:00,108.434273688884,0.0,0.0,17.927777756666668,9.826666666666666,36.46666666666667,0,5.1764362714980825,70.66250196097344,19,2,4,-0.9659258262890684,0.2588190451025203,0.9749279121818236,-0.2225209339563143,0.8660254037844387,-0.4999999999999998,121.5,179.125,324.4791666666667,6.75,18.9,1.0,67.0,1.45,5.2749567,0.0,7.25,17.88333334,36.05,36.31666666666667,36.65,37.0,36.15,-8.101111090000002,-0.1000000133333323,-0.0640000000000018,9.890666666666668,9.658,18.03641974888889,9.882666666666667,5.5742135,5.5434046,5.6263676,5.70493,5.511207,0,4.0,0,0.0,-1.13,32.1,67.9
2023-04-26 19:45:00,108.96203017778,0.0,0.0,17.88333334,9.658,36.15,0,5.1764362714980825,70.66250196097344,19,2,4,-0.9659258262890684,0.2588190451025203,0.9749279121818236,-0.2225209339563143,0.8660254037844387,-0.4999999999999998,82.75,140.875,287.5833333333333,5.925,17.9,1.0,69.5,1.225,5.2026796,0.0,6.4750000000000005,17.816666656666666,36.46666666666667,36.05,36.31666666666667,36.65,36.18333333333333,-8.22533334,-0.0444444166666677,-0.1686666666666667,9.826666666666666,9.395333333333332,17.94629628888889,9.79177777777778,5.511207,5.5742135,5.5434046,5.6263676,5.4944296,0,4.0,0,0.0,-1.15,32.7,67.3
2023-04-26 20:00:00,130.472280850002,21.886068955556,21.951066372222,17.816666656666666,9.395333333333332,36.18333333333333,1,5.1764362714980825,70.66250196097344,20,2,4,-0.8660254037844386,0.5000000000000001,0.9749279121818236,-0.2225209339563143,0.8660254037844387,-0.4999999999999998,44.0,102.125,251.08333333333331,5.1,16.9,1.0,72.0,1.0,5.1230974,0.0,5.7,17.883333349999997,36.15,36.46666666666667,36.05,36.31666666666667,36.5,-8.421333323333332,-0.0666666833333344,-0.2626666666666661,9.658,9.187333333333331,17.875925917777778,9.626666666666669,5.4944296,5.511207,5.5742135,5.5434046,5.564566,0,3.0,1,0.25,-1.16,33.4,66.6
2023-04-26 20:15:00,192.43952444444,89.230041788888,89.29948347777601,17.883333349999997,9.187333333333331,36.5,2,5.1764362714980825,70.66250196097344,20,2,4,-0.8660254037844386,0.5000000000000001,0.9749279121818236,-0.2225209339563143,0.8660254037844387,-0.4999999999999998,33.0,70.3125,216.5,5.8,14.825,3.0,74.5,1.125,5.188846,0.0,5.375,18.127777793333333,36.18333333333333,36.15,36.46666666666667,36.05,36.31666666666667,-8.696000016666664,0.0666666933333317,-0.2080000000000001,9.395333333333332,8.883999999999999,17.861111115555556,9.413555555555556,5.564566,5.4944296,5.511207,5.5742135,5.6177073,0,2.0,1,0.5,-1.14,32.6,67.4
2023-04-26 20:30:00,119.233008372218,0.0,0.0,18.127777793333333,8.883999999999999,36.31666666666667,0,5.1764362714980825,70.66250196097344,20,2,4,-0.8660254037844386,0.5000000000000001,0.9749279121818236,-0.2225209339563143,0.8660254037844387,-0.4999999999999998,22.0,45.4375,183.83333333333331,6.5,12.75,5.0,77.0,1.25,5.249218,0.0,5.050000000000001,18.02777777,36.5,36.18333333333333,36.15,36.46666666666667,36.0,-9.243777793333336,0.2444444433333359,-0.3033333333333345,9.187333333333331,8.619333333333334,17.9425926,9.155555555555557,5.6177073,5.564566,5.4944296,5.511207,5.535717,1,2.0,1,0.5,-1.09,30.0,70.0
2023-04-26 20:45:00,108.393997433332,0.0,0.0,18.02777777,8.619333333333334,36.0,0,5.1764362714980825,70.66250196097344,20,2,4,-0.8660254037844386,0.5000000000000001,0.9749279121818236,-0.2225209339563143,0.8660254037844387,-0.4999999999999998,11.0,27.5,153.08333333333334,7.2,10.675,7.0,79.5,1.375,5.3043885,0.0,4.7250000000000005,17.927777756666668,36.31666666666667,36.5,36.18333333333333,36.15,36.0,-9.408444436666668,-0.1000000233333331,-0.264666666666665,8.883999999999999,8.312,18.01296297111111,8.896888888888888,5.535717,5.6177073,5.564566,5.4944296,5.5028796,0,2.0,0,0.5,-1.11,31.1,68.9
2023-04-26 21:00:00,103.396974922228,0.0,0.0,17.927777756666668,8.312,36.0,0,5.1764362714980825,70.66250196097344,21,2,4,-0.7071067811865477,0.7071067811865474,0.9749279121818236,-0.2225209339563143,0.8660254037844387,-0.4999999999999998,0.0,16.5,124.25,7.9,8.6,9.0,82.0,1.5,5.354527,0.0,4.4,17.87222221,36.0,36.31666666666667,36.5,36.18333333333333,36.0,-9.615777756666668,-0.1000000133333323,-0.3073333333333341,8.619333333333334,8.13,18.027777773333334,8.605111111111112,5.5028796,5.535717,5.6177073,5.564566,5.4847083,0,3.0,0,0.25,-1.14,32.2,67.8
2023-04-26 21:15:00,224.957390244444,105.185236855556,105.254123016666,17.87222221,8.13,36.0,2,5.1764362714980825,70.66250196097344,21,2,4,-0.7071067811865477,0.7071067811865474,0.9749279121818236,-0.2225209339563143,0.8660254037844387,-0.4999999999999998,0.0,8.25,98.47916666666669,6.550000000000001,8.8,7.0,79.25,1.225,5.2527885,0.0,4.625,18.081481516666667,36.0,36.0,36.31666666666667,36.5,35.63333333333333,-9.74222221,-0.0555555466666675,-0.1819999999999986,8.312,8.020000000000001,17.942592578888892,8.353777777777779,5.4847083,5.5028796,5.535717,5.6177073,5.496858,0,3.0,1,0.25,-1.15,32.8,67.2
2023-04-26 21:30:00,139.85468333889,18.532314211112,18.590367472222,18.081481516666667,8.020000000000001,35.63333333333333,1,5.1764362714980825,70.66250196097344,21,2,4,-0.7071067811865477,0.7071067811865474,0.9749279121818236,-0.2225209339563143,0.8660254037844387,-0.4999999999999998,0.0,2.75,75.77083333333333,5.2,9.0,5.0,76.5,0.95,5.146634,0.0,4.85,18.09444448,36.0,36.0,36.0,36.31666666666667,35.0,-10.061481516666666,0.2092593066666666,-0.1099999999999994,8.13,7.819333333333334,17.96049382777778,8.154000000000002,5.496858,5.4847083,5.5028796,5.535717,5.403321,0,2.0,1,0.5,-1.1,30.7,69.3
2023-04-26 21:45:00,204.663202011112,82.569197083334,82.635027816666,18.09444448,7.819333333333334,35.0,2,5.1764362714980825,70.66250196097344,21,2,4,-0.7071067811865477,0.7071067811865474,0.9749279121818236,-0.2225209339563143,0.8660254037844387,-0.4999999999999998,0.0,0.0,56.125,3.850000000000001,9.2,3.0,73.75,0.6749999999999999,5.035969,0.0,5.075,18.188888873333333,35.63333333333333,36.0,36.0,36.0,34.81666666666667,-10.275111146666667,0.012962963333333,-0.2006666666666676,8.020000000000001,7.616,18.016049402222222,7.989777777777779,5.403321,5.496858,5.4847083,5.5028796,5.4052663,0,1.0,1,0.75,-1.1,30.7,69.3
2023-04-26 22:00:00,149.453743827778,23.209627144444,23.271013605554,18.188888873333333,7.616,34.81666666666667,1,5.1764362714980825,70.66250196097344,22,2,4,-0.5000000000000004,0.8660254037844384,0.9749279121818236,-0.2225209339563143,0.8660254037844387,-0.4999999999999998,0.0,0.0,39.54166666666666,2.5,9.4,1.0,71.0,0.4,4.9206953,0.0,5.3,18.20555557,35.0,35.63333333333333,36.0,36.0,34.55,-10.572888873333332,0.0944443933333332,-0.203333333333334,7.819333333333334,6.85,18.12160495666667,7.818444444444446,5.4052663,5.403321,5.496858,5.4847083,5.369179,0,0.0,1,1.0,-1.08,29.7,70.3
2023-04-26 22:15:00,117.169757588884,0.0,0.0,18.20555557,6.85,34.55,0,5.1764362714980825,70.66250196097344,22,2,4,-0.5000000000000004,0.8660254037844384,0.9749279121818236,-0.2225209339563143,0.8660254037844387,-0.4999999999999998,0.0,0.0,26.1875,3.5,9.4,0.75,73.5,0.375,4.9203215,0.0,4.775,18.02222223333333,34.81666666666667,35.0,35.63333333333333,36.0,34.96666666666667,-11.355555570000002,0.0166666966666682,-0.766,7.616,6.664,18.162962974444444,7.428444444444445,5.369179,5.4052663,5.403321,5.496858,5.3750453,1,1.0,1,0.75,-1.08,29.6,70.4
2023-04-26 22:30:00,111.633312138894,0.0,0.0,18.02222223333333,6.664,34.96666666666667,0,5.1764362714980825,70.66250196097344,22,2,4,-0.5000000000000004,0.8660254037844384,0.9749279121818236,-0.2225209339563143,0.8660254037844387,-0.4999999999999998,0.0,0.0,16.0625,4.5,9.4,0.5,76.0,0.35,4.9135103,0.0,4.25,17.86666663,34.55,34.81666666666667,35.0,35.63333333333333,35.05,-11.358222233333333,-0.1833333366666707,-0.1859999999999999,6.85,6.448666666666667,18.138888892222223,7.043333333333334,5.3750453,5.369179,5.4052663,5.403321,5.3382072,0,2.0,0,0.5,-1.12,31.4,68.6
2023-04-26 22:45:00,153.93495343889,38.606789,38.672341944444,17.86666663,6.448666666666667,35.05,1,5.1764362714980825,70.66250196097344,22,2,4,-0.5000000000000004,0.8660254037844384,0.9749279121818236,-0.2225209339563143,0.8660254037844387,-0.4999999999999998,0.0,0.0,9.166666666666666,5.5,9.4,0.25,78.5,0.325,4.9006534,0.0,3.725,17.91481481,34.96666666666667,34.55,34.81666666666667,35.0,35.46666666666667,-11.417999963333331,-0.1555556033333296,-0.2153333333333327,6.664,6.109333333333334,18.031481477777778,6.654222222222224,5.3382072,5.3750453,5.369179,5.4052663,5.4171724,0,2.0,1,0.5,-1.16,33.1,66.9
2023-04-26 23:00:00,187.826097872218,67.679792683334,67.74673443889,17.91481481,6.109333333333334,35.46666666666667,1,5.1764362714980825,70.66250196097344,23,2,4,-0.2588190451025215,0.965925826289068,0.9749279121818236,-0.2225209339563143,0.8660254037844387,-0.4999999999999998,0.0,0.0,5.5,6.5,9.4,0.0,81.0,0.3,4.882123,0.0,3.2,18.1166667,35.05,34.96666666666667,34.55,34.81666666666667,35.15,-11.805481476666666,0.0481481799999983,-0.3393333333333332,6.448666666666667,5.961333333333333,17.93456789111111,6.407333333333334,5.4171724,5.3382072,5.3750453,5.369179,5.4336505,0,2.0,0,0.5,-1.14,32.5,67.5
2023-04-26 23:15:00,111.170830605562,0.0,0.0,18.1166667,5.961333333333333,35.15,0,5.1764362714980825,70.66250196097344,23,2,4,-0.2588190451025215,0.965925826289068,0.9749279121818236,-0.2225209339563143,0.8660254037844387,-0.4999999999999998,0.0,0.0,2.75,6.625,10.55,0.0,84.0,0.2249999999999999,4.8791456,0.0,2.6500000000000004,17.970370376666665,35.46666666666667,35.05,34.96666666666667,34.55,35.18333333333333,-12.155333366666667,0.2018518900000003,-0.1480000000000005,6.109333333333334,6.039333333333333,17.96604938,6.173111111111113,5.4336505,5.4171724,5.3382072,5.3750453,5.3916936,1,2.0,1,0.5,-1.1,30.4,69.6
2023-04-26 23:30:00,117.568352594446,0.0,0.0,17.970370376666665,6.039333333333333,35.18333333333333,0,5.1764362714980825,70.66250196097344,23,2,4,-0.2588190451025215,0.965925826289068,0.9749279121818236,-0.2225209339563143,0.8660254037844387,-0.4999999999999998,0.0,0.0,0.9166666666666666,6.75,11.7,0.0,87.0,0.15,4.8691206,0.0,2.1,17.805555570000003,35.15,35.46666666666667,35.05,34.96666666666667,35.5,-11.931037043333331,-0.1462963233333347,0.0780000000000002,5.961333333333333,5.777333333333333,18.000617295555557,6.036666666666668,5.3916936,5.4336505,5.4171724,5.3382072,5.3870993,0,2.0,0,0.5,-1.13,31.9,68.1
2023-04-26 23:45:00,404.931024327778,31.661789044444003,31.71845346111,17.805555570000003,5.777333333333333,35.5,1,5.1764362714980825,70.66250196097344,23,2,4,-0.2588190451025215,0.965925826289068,0.9749279121818236,-0.2225209339563143,0.8660254037844387,-0.4999999999999998,0.0,0.0,0.0,6.875,12.85,0.0,90.0,0.0749999999999999,4.8525043,0.0,1.55,17.807407379999997,35.18333333333333,35.15,35.46666666666667,35.05,35.5,-12.02822223666667,-0.1648148066666621,-0.2620000000000004,6.039333333333333,5.534666666666666,17.96419754888889,5.926000000000001,5.3870993,5.3916936,5.4336505,5.4171724,5.3876934,0,2.0,1,0.5,-1.17,33.7,66.3
2023-04-27 00:00:00,192.918671827778,82.50586630000001,82.568086094442,17.807407379999997,5.534666666666666,35.5,2,5.1764362714980825,70.66250196097344,0,3,4,0.0,1.0,0.4338837391175582,-0.900968867902419,0.8660254037844387,-0.4999999999999998,0.0,0.0,0.0,7.0,14.0,0.0,93.0,-0.0,4.8297358,0.0,1.0,18.011111120000002,35.5,35.18333333333333,35.15,35.46666666666667,35.15,-12.27274071333333,0.0018518099999944,-0.2426666666666666,5.777333333333333,5.281333333333333,17.86111110888889,5.783777777777779,5.3876934,5.3870993,5.3916936,5.4336505,5.3996563,0,2.0,1,0.5,-1.17,33.7,66.3
2023-04-27 00:15:00,113.37268716111,0.0,0.0,18.011111120000002,5.281333333333333,35.15,0,5.1764362714980825,70.66250196097344,0,3,4,0.0,1.0,0.4338837391175582,-0.900968867902419,0.8660254037844387,-0.4999999999999998,0.0,0.0,0.0,6.5,13.375,1.0,93.75,-0.1,4.7943397,0.0,0.775,17.911111076666664,35.5,35.5,35.18333333333333,35.15,35.0,-12.72977778666667,0.2037037400000052,-0.2533333333333329,5.534666666666666,5.245333333333334,17.87469135666667,5.531111111111112,5.3996563,5.3876934,5.3870993,5.3916936,5.3447165,1,2.0,1,0.5,-1.12,31.5,68.5
2023-04-27 00:30:00,111.224439694446,0.0,0.0,17.911111076666664,5.245333333333334,35.0,0,5.1764362714980825,70.66250196097344,0,3,4,0.0,1.0,0.4338837391175582,-0.900968867902419,0.8660254037844387,-0.4999999999999998,0.0,0.0,0.0,6.0,12.75,2.0,94.5,-0.2,4.758758,0.0,0.55,17.74999998,35.15,35.5,35.5,35.18333333333333,35.35,-12.66577774333333,-0.1000000433333383,-0.0359999999999995,5.281333333333333,5.213333333333334,17.909876525555557,5.353777777777779,5.3447165,5.3996563,5.3876934,5.3870993,5.346606,0,2.0,0,0.5,-1.15,32.6,67.4
2023-04-27 00:45:00,125.888019911108,14.664413416666,14.725522088888,17.74999998,5.213333333333334,35.35,1,5.1764362714980825,70.66250196097344,0,3,4,0.0,1.0,0.4338837391175582,-0.900968867902419,0.8660254037844387,-0.4999999999999998,0.0,0.0,0.0,5.5,12.125,3.0,95.25,-0.3,4.7230053,0.0,0.325,17.731481486666667,35.0,35.15,35.5,35.5,35.5,-12.536666646666664,-0.1611110966666658,-0.032,5.245333333333334,5.183333333333334,17.890740725555556,5.246666666666669,5.346606,5.3447165,5.3996563,5.3876934,5.36337,0,2.0,1,0.5,-1.18,34.4,65.6
2023-04-27 01:00:00,205.878431266664,100.5934761,100.664028844444,17.731481486666667,5.183333333333334,35.5,2,5.1764362714980825,70.66250196097344,1,3,4,0.2588190451025207,0.9659258262890684,0.4338837391175582,-0.900968867902419,0.8660254037844387,-0.4999999999999998,0.0,0.0,0.0,5.0,11.5,4.0,96.0,-0.4,4.6870923,0.0,0.1,17.97777779,35.35,35.0,35.15,35.5,35.1,-12.548148153333331,-0.0185184933333317,-0.0300000000000002,5.213333333333334,5.101333333333333,17.79753084777778,5.214000000000001,5.36337,5.346606,5.3447165,5.3996563,5.381294,0,2.0,1,0.5,-1.19,34.6,65.4
2023-04-27 01:15:00,115.080118794446,0.0,0.0,17.97777779,5.101333333333333,35.1,0,5.1764362714980825,70.66250196097344,1,3,4,0.2588190451025207,0.9659258262890684,0.4338837391175582,-0.900968867902419,0.8660254037844387,-0.4999999999999998,0.0,0.0,0.0,4.925,10.775,8.75,96.0,-0.45,4.670983,0.0,0.05,17.890740726666664,35.5,35.35,35.0,35.15,34.53333333333333,-12.876444456666668,0.2462963033333345,-0.0820000000000007,5.183333333333334,4.954666666666666,17.819753085555558,5.166000000000001,5.381294,5.36337,5.346606,5.3447165,5.2670617,1,2.0,1,0.5,-1.13,31.9,68.1
2023-04-27 01:30:00,114.701522888888,0.0,0.0,17.890740726666664,4.954666666666666,34.53333333333333,0,5.1764362714980825,70.66250196097344,1,3,4,0.2588190451025207,0.9659258262890684,0.4338837391175582,-0.900968867902419,0.8660254037844387,-0.4999999999999998,0.0,0.0,0.0,4.85,10.05,13.5,96.0,-0.5,4.6549206,0.0,0.0,17.71666669,35.1,35.5,35.35,35.0,34.85,-12.936074059999996,-0.0870370633333372,-0.1466666666666665,5.101333333333333,4.888,17.86666666777778,5.079777777777779,5.2670617,5.381294,5.36337,5.346606,5.2605186,0,2.0,0,0.5,-1.15,33.0,67.0
2023-04-27 01:45:00,182.33937288333,89.541695972222,89.596416016666,17.71666669,4.888,34.85,2,5.1764362714980825,70.66250196097344,1,3,4,0.2588190451025207,0.9659258262890684,0.4338837391175582,-0.900968867902419,0.8660254037844387,-0.4999999999999998,0.0,0.0,0.0,4.775,9.325,18.25,96.0,-0.55,4.6389074,0.0,-0.05,17.903703703333335,34.53333333333333,35.1,35.5,35.35,34.81666666666667,-12.82866669,-0.1740740366666635,-0.0666666666666664,4.954666666666666,4.763333333333334,17.861728402222223,4.981333333333335,5.2605186,5.2670617,5.381294,5.36337,5.3143754,0,2.0,1,0.5,-1.19,34.9,65.1
2023-04-27 02:00:00,67.6856258,24.505408611112,24.515130505554,17.903703703333335,4.763333333333334,34.81666666666667,1,5.1764362714980825,70.66250196097344,2,3,4,0.4999999999999999,0.8660254037844387,0.4338837391175582,-0.900968867902419,0.8660254037844387,-0.4999999999999998,0.0,0.0,0.0,4.7,8.6,23.0,96.0,-0.6,4.6229424,0.0,-0.1,17.9611111,34.85,34.53333333333333,35.1,35.5,34.5,-13.14037037,0.1870370133333345,-0.1246666666666662,4.888,4.6080000000000005,17.837037040000002,4.868666666666668,5.3143754,5.2605186,5.2670617,5.381294,5.2840633,0,2.0,1,0.5,-1.15,32.8,67.2
2023-04-27 02:15:00,38.506515361106,0.0,0.0,17.9611111,4.6080000000000005,34.5,0,5.1764362714980825,70.66250196097344,2,3,4,0.4999999999999999,0.8660254037844387,0.4338837391175582,-0.900968867902419,0.8660254037844387,-0.4999999999999998,0.0,0.0,0.0,4.25,8.6,21.25,96.25,-0.7,4.5951757,0.0,-0.225,17.74814817,34.81666666666667,34.85,34.53333333333333,35.1,34.68333333333333,-13.3531111,0.0574073966666652,-0.1553333333333331,4.763333333333334,4.489333333333334,17.860493831111114,4.753111111111113,5.2840633,5.3143754,5.2605186,5.2670617,5.2451963,1,2.0,1,0.5,-1.14,32.2,67.8
2023-04-27 02:30:00,92.144647449998,43.446039888888,43.45603952222,17.74814817,4.489333333333334,34.68333333333333,1,5.1764362714980825,70.66250196097344,2,3,4,0.4999999999999999,0.8660254037844387,0.4338837391175582,-0.900968867902419,0.8660254037844387,-0.4999999999999998,0.0,0.0,0.0,3.8,8.6,19.5,96.5,-0.8,4.5675044,0.0,-0.35,17.76111113,34.5,34.81666666666667,34.85,34.53333333333333,34.95,-13.258814836666666,-0.2129629299999997,-0.1186666666666669,4.6080000000000005,4.274666666666667,17.87098765777778,4.620222222222224,5.2451963,5.2840633,5.3143754,5.2605186,5.289609,0,1.0,1,0.75,-1.19,34.6,65.4
2023-04-27 02:45:00,110.496968877776,61.668088777776,61.68086608333,17.76111113,4.274666666666667,34.95,1,5.1764362714980825,70.66250196097344,2,3,4,0.4999999999999999,0.8660254037844387,0.4338837391175582,-0.900968867902419,0.8660254037844387,-0.4999999999999998,0.0,0.0,0.0,3.35,8.6,17.75,96.75,-0.9,4.539927,0.0,-0.475,17.892592556666667,34.68333333333333,34.5,34.81666666666667,34.85,34.53333333333333,-13.486444463333331,0.0129629599999994,-0.214666666666667,4.489333333333334,4.074666666666667,17.823456800000002,4.457333333333335,5.289609,5.2451963,5.2840633,5.3143754,5.267643,0,1.0,0,0.75,-1.18,34.4,65.6
2023-04-27 03:00:00,40.752814338886,0.0,0.0,17.892592556666667,4.074666666666667,34.53333333333333,0,5.1764362714980825,70.66250196097344,3,3,4,0.7071067811865476,0.7071067811865476,0.4338837391175582,-0.900968867902419,0.8660254037844387,-0.4999999999999998,0.0,0.0,0.0,2.9,8.6,16.0,97.0,-1.0,4.512445,0.0,-0.6,17.744444419999997,34.95,34.68333333333333,34.5,34.81666666666667,34.55,-13.81792589,0.1314814266666673,-0.1999999999999993,4.274666666666667,4.040666666666667,17.800617285555557,4.279555555555557,5.267643,5.289609,5.2451963,5.2840633,5.223877,1,2.0,1,0.5,-1.15,33.0,67.0
2023-04-27 03:15:00,64.204653927778,24.278195483334,24.287084044444,17.744444419999997,4.040666666666667,34.55,1,5.1764362714980825,70.66250196097344,3,3,4,0.7071067811865476,0.7071067811865476,0.4338837391175582,-0.900968867902419,0.8660254037844387,-0.4999999999999998,0.0,0.0,0.0,2.625,8.25,12.5,96.5,-1.1,4.481417,0.0,-0.625,17.699999979999998,34.53333333333333,34.95,34.68333333333333,34.5,34.96666666666667,-13.70377775333333,-0.1481481366666699,-0.0340000000000006,4.074666666666667,3.91,17.79938270222222,4.130000000000002,5.223877,5.267643,5.289609,5.2451963,5.2728868,0,1.0,1,0.75,-1.19,34.7,65.3
2023-04-27 03:30:00,143.70314056111,89.350870288888,89.366703005554,17.699999979999998,3.91,34.96666666666667,2,5.1764362714980825,70.66250196097344,3,3,4,0.7071067811865476,0.7071067811865476,0.4338837391175582,-0.900968867902419,0.8660254037844387,-0.4999999999999998,0.0,0.0,0.0,2.35,7.9,9.0,96.0,-1.2,4.450483,0.0,-0.6499999999999999,17.938888879999997,34.55,34.53333333333333,34.95,34.68333333333333,34.7,-13.789999979999996,-0.0444444399999994,-0.1306666666666669,4.040666666666667,4.134666666666666,17.77901231888889,4.008444444444446,5.2728868,5.223877,5.267643,5.289609,5.307672,0,1.0,1,0.75,-1.2,35.1,64.9
2023-04-27 03:45:00,38.602622649994,0.0,0.0,17.938888879999997,4.134666666666666,34.7,0,5.1764362714980825,70.66250196097344,3,3,4,0.7071067811865476,0.7071067811865476,0.4338837391175582,-0.900968867902419,0.8660254037844387,-0.4999999999999998,0.0,0.0,0.0,2.075,7.55,5.5,95.5,-1.2999999999999998,4.41964,0.0,-0.6749999999999999,17.835185183333333,34.96666666666667,34.55,34.53333333333333,34.95,34.96666666666667,-13.80422221333333,0.2388888999999991,0.2246666666666663,3.91,4.274666666666667,17.794444426666665,4.028444444444445,5.307672,5.2728868,5.223877,5.267643,5.315541,1,2.0,1,0.5,-1.14,32.4,67.6
2023-04-27 04:00:00,38.532625399996,0.0,0.0,17.835185183333333,4.274666666666667,34.96666666666667,0,5.1764362714980825,70.66250196097344,4,3,4,0.8660254037844386,0.5000000000000001,0.4338837391175582,-0.900968867902419,0.8660254037844387,-0.4999999999999998,0.0,0.0,0.0,1.8,7.2,2.0,95.0,-1.4,4.3888903,0.0,-0.7,17.661111100000003,34.7,34.96666666666667,34.55,34.53333333333333,35.05,-13.560518516666669,-0.1037036966666633,0.1400000000000005,4.134666666666666,4.368666666666667,17.824691347777776,4.1064444444444455,5.315541,5.307672,5.2728868,5.223877,5.2732105,0,2.0,0,0.5,-1.16,33.5,66.5
2023-04-27 04:15:00,144.19923188333,87.722602055556,87.737879277776,17.661111100000003,4.368666666666667,35.05,2,5.1764362714980825,70.66250196097344,4,3,4,0.8660254037844386,0.5000000000000001,0.4338837391175582,-0.900968867902419,0.8660254037844387,-0.4999999999999998,0.0,0.0,0.0,2.1,7.1,1.75,95.0,-1.4,4.3965006,0.0,-0.6749999999999999,17.82777777333333,34.96666666666667,34.7,34.96666666666667,34.55,35.28333333333333,-13.292444433333335,-0.1740740833333305,0.0940000000000003,4.274666666666667,4.512,17.81172838777778,4.259333333333334,5.2732105,5.315541,5.307672,5.2728868,5.3613114,0,2.0,1,0.5,-1.21,35.5,64.5
2023-04-27 04:30:00,53.179261694442,17.826231372222,17.834286616666002,17.82777777333333,4.512,35.28333333333333,1,5.1764362714980825,70.66250196097344,4,3,4,0.8660254037844386,0.5000000000000001,0.4338837391175582,-0.900968867902419,0.8660254037844387,-0.4999999999999998,0.0,0.0,0.0,2.4,7.0,1.5,95.0,-1.4,4.4041233,0.0,-0.6499999999999999,17.81666667,35.05,34.96666666666667,34.7,34.96666666666667,35.0,-13.31577777333333,0.1666666733333279,0.1433333333333326,4.368666666666667,4.612,17.774691352222224,4.385111111111112,5.3613114,5.2732105,5.315541,5.307672,5.3147407,0,2.0,1,0.5,-1.16,33.5,66.5
2023-04-27 04:45:00,38.372909538886,0.0,0.0,17.81666667,4.612,35.0,0,5.1764362714980825,70.66250196097344,4,3,4,0.8660254037844386,0.5000000000000001,0.4338837391175582,-0.900968867902419,0.8660254037844387,-0.4999999999999998,0.0,0.0,0.0,2.7,6.9,1.25,95.0,-1.4,4.411758,0.0,-0.625,17.65370372,35.28333333333333,35.05,34.96666666666667,34.7,35.0,-13.20466667,-0.0111111033333308,0.1000000000000005,4.512,4.586,17.768518514444448,4.497555555555556,5.3147407,5.3613114,5.2732105,5.315541,5.2633615,1,2.0,1,0.5,-1.17,33.7,66.3
2023-04-27 05:00:00,783.392551977776,69.211675888888,69.22750862222,17.65370372,4.586,35.0,1,5.1764362714980825,70.66250196097344,5,3,4,0.9659258262890684,0.2588190451025207,0.4338837391175582,-0.900968867902419,0.8660254037844387,-0.4999999999999998,0.0,0.0,0.0,3.0,6.8,1.0,95.0,-1.4,4.419404,0.0,-0.6,17.772222199999998,35.0,35.28333333333333,35.05,34.96666666666667,34.95,-13.06770372,-0.1629629500000007,-0.0259999999999998,4.612,3.988,17.76604938777778,4.570000000000001,5.2633615,5.3147407,5.3613114,5.2732105,5.2931137,0,1.0,1,0.75,-1.21,35.6,64.4
2023-04-27 05:15:00,78.78045973889,35.954950627778004,35.964116927778,17.772222199999998,3.988,34.95,1,5.1764362714980825,70.66250196097344,5,3,4,0.9659258262890684,0.2588190451025207,0.4338837391175582,-0.900968867902419,0.8660254037844387,-0.4999999999999998,0.0,0.0,0.0,2.925,6.8,0.75,94.25,-1.35,4.4226165,0.0,-0.475,17.824074069999998,35.0,35.0,35.28333333333333,35.05,34.53333333333333,-13.7842222,0.1185184799999987,-0.5980000000000003,4.586,3.719333333333333,17.747530863333335,4.395333333333334,5.2931137,5.2633615,5.3147407,5.3613114,5.2461925,0,1.0,0,0.75,-1.18,34.2,65.8
2023-04-27 05:30:00,40.903086127774,0.0,0.0,17.824074069999998,3.719333333333333,34.53333333333333,0,5.1764362714980825,70.66250196097344,5,3,4,0.9659258262890684,0.2588190451025207,0.4338837391175582,-0.900968867902419,0.8660254037844387,-0.4999999999999998,0.0,0.0,0.0,2.85,6.8,0.5,93.5,-1.2999999999999998,4.42551,0.0,-0.35,17.64444443,34.95,35.0,35.0,35.28333333333333,34.85,-14.104740736666663,0.0518518700000001,-0.2686666666666668,3.988,3.4406666666666665,17.749999996666666,4.097777777777779,5.2461925,5.2931137,5.2633615,5.3147407,5.2379103,1,2.0,1,0.5,-1.17,33.7,66.3
2023-04-27 05:45:00,108.143729694442,57.644638588888,57.656582611108,17.64444443,3.4406666666666665,34.85,1,5.1764362714980825,70.66250196097344,5,3,4,0.9659258262890684,0.2588190451025207,0.4338837391175582,-0.900968867902419,0.8660254037844387,-0.4999999999999998,0.0,0.0,0.0,2.7750000000000004,6.8,0.25,92.75,-1.25,4.4280787,0.0,-0.2249999999999999,17.692592573333332,34.53333333333333,34.95,35.0,35.0,35.0,-14.203777763333331,-0.1796296399999981,-0.2786666666666666,3.719333333333333,3.2353333333333336,17.746913566666667,3.716000000000001,5.2379103,5.2461925,5.2931137,5.2633615,5.275583,0,1.0,1,0.75,-1.21,35.8,64.2
2023-04-27 06:00:00,354.450543694442,45.246801205554,45.25818968333,17.692592573333332,3.2353333333333336,35.0,1,5.1764362714980825,70.66250196097344,6,3,4,1.0,6.123233995736766e-17,0.4338837391175582,-0.900968867902419,0.8660254037844387,-0.4999999999999998,0.0,0.0,0.0,2.7,6.8,0.0,92.0,-1.2,4.4303203,0.0,-0.1,17.77777778,34.85,34.53333333333333,34.95,35.0,34.7,-14.45725924,0.0481481433333321,-0.2053333333333329,3.4406666666666665,3.158,17.720370357777778,3.465111111111112,5.275583,5.2379103,5.2461925,5.2931137,5.2569914,0,1.0,0,0.75,-1.2,35.2,64.8
2023-04-27 06:15:00,38.519014694446,0.0,0.0,17.77777778,3.158,34.7,0,5.1764362714980825,70.66250196097344,6,3,4,1.0,6.123233995736766e-17,0.4338837391175582,-0.900968867902419,0.8660254037844387,-0.4999999999999998,9.75,2.4375,0.8125,3.075,6.9,0.0,91.0,-0.975,4.4967875,0.0,0.275,17.60185186333333,35.0,34.85,34.53333333333333,34.95,34.96666666666667,-14.61977778,0.0851852066666687,-0.0773333333333337,3.2353333333333336,3.2153333333333336,17.704938261111113,3.278000000000001,5.2569914,5.275583,5.2379103,5.2461925,5.242107,1,2.0,1,0.5,-1.18,34.2,65.8
2023-04-27 06:30:00,100.287099622216,54.293106005554,54.30699438333,17.60185186333333,3.2153333333333336,34.96666666666667,1,5.1764362714980825,70.66250196097344,6,3,4,1.0,6.123233995736766e-17,0.4338837391175582,-0.900968867902419,0.8660254037844387,-0.4999999999999998,19.5,7.3125,2.4375,3.45,7.0,0.0,90.0,-0.75,4.5633287,0.0,0.65,17.688888889999998,34.7,35.0,34.85,34.53333333333333,35.3,-14.386518529999996,-0.1759259166666709,0.0573333333333336,3.158,3.27,17.690740738888888,3.20288888888889,5.242107,5.2569914,5.275583,5.2379103,5.319627,0,1.0,1,0.75,-1.22,36.2,63.8
2023-04-27 06:45:00,99.85295022222,60.223979877776,60.238979311108,17.688888889999998,3.27,35.3,1,5.1764362714980825,70.66250196097344,6,3,4,1.0,6.123233995736766e-17,0.4338837391175582,-0.900968867902419,0.8660254037844387,-0.4999999999999998,29.25,14.625,4.875,3.825,7.1,0.0,89.0,-0.525,4.6299067,0.0,1.025,17.83703705,34.96666666666667,34.7,35.0,34.85,35.03333333333333,-14.418888889999998,0.0870370266666675,0.0546666666666664,3.2153333333333336,3.604,17.689506177777776,3.214444444444445,5.319627,5.242107,5.2569914,5.275583,5.326261,0,1.0,0,0.75,-1.2,35.1,64.9
2023-04-27 07:00:00,44.055459894446,0.0,0.0,17.83703705,3.604,35.03333333333333,0,5.1764362714980825,70.66250196097344,7,3,4,0.9659258262890684,-0.2588190451025206,0.4338837391175582,-0.900968867902419,0.8660254037844387,-0.4999999999999998,39.0,24.375,8.125,4.2,7.2,0.0,88.0,-0.3,4.6964827,0.0,1.4,17.65555556,35.3,34.96666666666667,34.7,35.0,35.35,-14.23303705,0.1481481600000016,0.3340000000000001,3.27,4.014666666666667,17.709259267777778,3.363111111111112,5.326261,5.319627,5.242107,5.2569914,5.3165827,1,2.0,1,0.5,-1.16,33.5,66.5
2023-04-27 07:15:00,50.015221461114,0.0,0.0,17.65555556,4.014666666666667,35.35,0,5.1764362714980825,70.66250196097344,7,3,4,0.9659258262890684,-0.2588190451025206,0.4338837391175582,-0.900968867902419,0.8660254037844387,-0.4999999999999998,78.5,41.5625,14.666666666666666,3.975,7.825,0.0,85.75,0.125,4.8317475,0.0,2.2,17.5592593,35.03333333333333,35.3,34.96666666666667,34.7,35.68333333333333,-13.640888893333331,-0.1814814899999994,0.4106666666666667,3.604,4.617999999999999,17.7271605,3.629555555555557,5.3165827,5.326261,5.319627,5.242107,5.335967,0,2.0,0,0.5,-1.21,35.5,64.5
2023-04-27 07:30:00,116.809494149998,82.5266988,82.543642605554,17.5592593,4.617999999999999,35.68333333333333,2,5.1764362714980825,70.66250196097344,7,3,4,0.9659258262890684,-0.2588190451025206,0.4338837391175582,-0.900968867902419,0.8660254037844387,-0.4999999999999998,118.0,66.1875,24.5,3.75,8.45,0.0,83.5,0.55,4.965683,0.0,3.0,17.75555555,35.35,35.03333333333333,35.3,34.96666666666667,35.65,-12.941259300000002,-0.096296259999999,0.6033333333333326,4.014666666666667,5.663333333333333,17.683950636666665,4.07888888888889,5.335967,5.3165827,5.326261,5.319627,5.393767,0,2.0,1,0.5,-1.23,36.6,63.4
2023-04-27 07:45:00,68.831968811112,23.639887683334003,23.650442877776,17.75555555,5.663333333333333,35.65,1,5.1764362714980825,70.66250196097344,7,3,4,0.9659258262890684,-0.2588190451025206,0.4338837391175582,-0.900968867902419,0.8660254037844387,-0.4999999999999998,157.5,98.25,37.625,3.525,9.075,0.0,81.25,0.975,5.0977945,0.0,3.8,17.824074069999998,35.68333333333333,35.35,35.03333333333333,35.3,35.5,-12.092222216666666,0.1962962499999996,1.0453333333333337,4.617999999999999,6.73,17.656790136666668,4.765333333333333,5.393767,5.335967,5.3165827,5.326261,5.393045,0,2.0,1,0.5,-1.18,34.3,65.7
2023-04-27 08:00:00,49.550795655556,0.0,0.0,17.824074069999998,6.73,35.5,0,5.1764362714980825,70.66250196097344,8,3,4,0.8660254037844387,-0.4999999999999998,0.4338837391175582,-0.900968867902419,0.8660254037844387,-0.4999999999999998,197.0,137.75,54.04166666666666,3.3,9.7,0.0,79.0,1.4,5.227547,0.0,4.6,17.68333335,35.65,35.68333333333333,35.35,35.03333333333333,35.5,-11.094074069999998,0.0685185199999978,1.066666666666667,5.663333333333333,7.611999999999999,17.712962973333333,5.670444444444445,5.393045,5.393767,5.335967,5.3165827,5.347995,1,2.0,1,0.5,-1.16,33.5,66.5
2023-04-27 08:15:00,38.35929881667,0.0,0.0,17.68333335,7.611999999999999,35.5,0,5.1764362714980825,70.66250196097344,8,3,4,0.8660254037844387,-0.4999999999999998,0.4338837391175582,-0.900968867902419,0.8660254037844387,-0.4999999999999998,245.75,179.5625,74.52083333333333,3.275,10.6,0.0,75.25,1.275,5.2152443,0.0,5.3,17.68703705,35.5,35.65,35.68333333333333,35.35,35.5,-10.071333350000003,-0.1407407199999966,0.8819999999999988,6.73,7.944,17.75432099,6.668444444444446,5.347995,5.393045,5.393767,5.335967,5.3491755,0,2.0,0,0.5,-1.2,35.1,64.9
2023-04-27 08:30:00,43.755749650002,0.0,0.0,17.68703705,7.944,35.5,0,5.1764362714980825,70.66250196097344,8,3,4,0.8660254037844387,-0.4999999999999998,0.4338837391175582,-0.900968867902419,0.8660254037844387,-0.4999999999999998,294.5,223.6875,99.0625,3.25,11.5,0.0,71.5,1.15,5.188662,0.0,6.0,17.855555560000003,35.5,35.5,35.65,35.68333333333333,35.5,-9.743037050000002,0.003703699999999,0.3320000000000007,7.611999999999999,9.218666666666667,17.731481490000004,7.428666666666667,5.3491755,5.347995,5.393045,5.393767,5.4031663,0,3.0,0,0.25,-1.2,35.1,64.9
2023-04-27 08:45:00,156.748174272222,61.688087911112,61.704198433332,17.855555560000003,9.218666666666667,35.5,1,5.1764362714980825,70.66250196097344,8,3,4,0.8660254037844387,-0.4999999999999998,0.4338837391175582,-0.900968867902419,0.8660254037844387,-0.4999999999999998,343.25,270.125,127.66666666666669,3.225,12.4,0.0,67.75,1.025,5.1466494,0.0,6.7,18.166666696666667,35.5,35.5,35.5,35.65,35.31666666666667,-8.636888893333335,0.1685185100000019,1.2746666666666675,7.944,9.882666666666667,17.741975320000005,8.258222222222223,5.4031663,5.3491755,5.347995,5.393045,5.4756594,0,3.0,1,0.25,-1.16,33.1,66.9
2023-04-27 09:00:00,59.357069988892,20.696394327778,20.706949438890003,18.166666696666667,9.882666666666667,35.31666666666667,1,5.1764362714980825,70.66250196097344,9,3,4,0.7071067811865476,-0.7071067811865475,0.4338837391175582,-0.900968867902419,0.8660254037844387,-0.4999999999999998,392.0,318.875,160.33333333333334,3.2,13.3,0.0,64.0,0.9,5.088,0.0,7.4,18.69444446,35.5,35.5,35.5,35.5,34.55,-8.28400003,0.3111111366666641,0.6639999999999997,9.218666666666667,10.388666666666667,17.90308643555556,9.015111111111112,5.4756594,5.4031663,5.3491755,5.347995,5.52705,0,2.0,0,0.5,-1.08,29.8,70.2
2023-04-27 09:15:00,37.953481783334,0.0,0.0,18.69444446,10.388666666666667,34.55,0,5.1764362714980825,70.66250196097344,9,3,4,0.7071067811865476,-0.7071067811865475,0.4338837391175582,-0.900968867902419,0.8660254037844387,-0.4999999999999998,438.5,367.0625,196.0625,3.6,14.3,0.0,60.25,0.45,4.9392686,0.0,7.875,19.170370353333333,35.31666666666667,35.5,35.5,35.5,33.56666666666667,-8.305777793333332,0.5277777633333329,0.5060000000000002,9.882666666666667,11.115333333333332,18.23888890555556,9.83,5.52705,5.4756594,5.4031663,5.3491755,5.522793,1,2.0,1,0.5,-0.97,24.8,75.2
2023-04-27 09:30:00,60.361474327778,0.0,0.0,19.170370353333333,11.115333333333332,33.56666666666667,0,5.1764362714980825,70.66250196097344,9,3,4,0.7071067811865476,-0.7071067811865475,0.4338837391175582,-0.900968867902419,0.8660254037844387,-0.4999999999999998,485.0,414.6875,234.85416666666663,4.0,15.3,0.0,56.5,0.0,4.7757387,0.0,8.35,19.46666666,34.55,35.31666666666667,35.5,35.5,33.1,-8.05503702,0.4759258933333328,0.7266666666666648,10.388666666666667,11.640666666666668,18.677160503333337,10.462222222222223,5.522793,5.52705,5.4756594,5.4031663,5.541841,0,2.0,0,0.5,-0.86,20.7,79.3
2023-04-27 09:45:00,37.96875885556,0.0,0.0,19.46666666,11.640666666666668,33.1,0,5.1764362714980825,70.66250196097344,9,3,4,0.7071067811865476,-0.7071067811865475,0.4338837391175582,-0.900968867902419,0.8660254037844387,-0.4999999999999998,531.5,461.75,276.7083333333333,4.4,16.3,0.0,52.75,-0.4499999999999998,4.5967364,0.0,8.825000000000001,19.696296323333332,33.56666666666667,34.55,35.31666666666667,35.5,32.35,-7.82599999333333,0.2962963066666653,0.5253333333333359,11.115333333333332,12.024,19.110493824444443,11.048222222222222,5.541841,5.522793,5.52705,5.4756594,5.489837,0,3.0,0,0.25,-0.8,18.4,81.6
2023-04-27 10:00:00,38.40263033334,0.0,0.0,19.696296323333332,12.024,32.35,0,5.1764362714980825,70.66250196097344,10,3,4,0.4999999999999999,-0.8660254037844387,0.4338837391175582,-0.900968867902419,0.8660254037844387,-0.4999999999999998,578.0,508.25,321.625,4.8,17.3,0.0,49.0,-0.9,4.401565,0.0,9.3,19.87777779,33.1,33.56666666666667,34.55,35.31666666666667,31.95,-7.6722963233333346,0.2296296633333376,0.3833333333333328,11.640666666666668,11.592666666666666,19.44444444555556,11.593333333333334,5.489837,5.541841,5.522793,5.52705,5.4799805,0,4.0,0,0.0,-0.75,16.8,83.2
2023-04-27 10:15:00,57.14049203889,0.0,0.0,19.87777779,11.592666666666666,31.95,0,5.1764362714980825,70.66250196097344,10,3,4,0.4999999999999999,-0.8660254037844387,0.4338837391175582,-0.900968867902419,0.8660254037844387,-0.4999999999999998,617.25,552.9375,366.5208333333333,4.95,17.825,0.0,47.5,-0.925,4.376906,0.0,9.7,20.17777776,32.35,33.1,33.56666666666667,34.55,31.53333333333333,-8.285111123333333,0.1814814666666642,-0.4313333333333347,12.024,12.296666666666663,19.680246924444447,11.752444444444444,5.4799805,5.489837,5.541841,5.522793,5.504347,0,4.0,0,0.0,-0.71,15.5,84.5
2023-04-27 10:30:00,41.869158466668,0.0,0.0,20.17777776,12.296666666666663,31.53333333333333,0,5.1764362714980825,70.66250196097344,10,3,4,0.4999999999999999,-0.8660254037844387,0.4338837391175582,-0.900968867902419,0.8660254037844387,-0.4999999999999998,656.5,595.8125,411.3958333333333,5.1,18.35,0.0,46.0,-0.95,4.347685,0.0,10.1,20.50555557,31.95,32.35,33.1,33.56666666666667,31.15,-7.881111093333336,0.2999999700000018,0.7039999999999988,11.592666666666666,12.163333333333332,19.91728395777778,11.971111111111112,5.504347,5.4799805,5.489837,5.541841,5.5425224,0,4.0,0,0.0,-0.64,13.7,86.3
2023-04-27 10:45:00,38.114308650002,0.0,0.0,20.50555557,12.163333333333332,31.15,0,5.1764362714980825,70.66250196097344,10,3,4,0.4999999999999999,-0.8660254037844387,0.4338837391175582,-0.900968867902419,0.8660254037844387,-0.4999999999999998,695.75,636.875,456.25,5.25,18.875,0.0,44.5,-0.975,4.313711,0.0,10.5,20.772222216666663,31.53333333333333,31.95,32.35,33.1,30.816666666666663,-8.34222223666667,0.3277778100000006,-0.1333333333333328,12.296666666666663,12.19,20.187037040000003,12.017555555555557,5.5425224,5.504347,5.4799805,5.489837,5.5690746,0,4.0,0,0.0,-0.57,11.8,88.2
2023-04-27 11:00:00,48.373064900004,0.0,0.0,20.772222216666663,12.19,30.816666666666663,0,5.1764362714980825,70.66250196097344,11,3,4,0.258819045102521,-0.9659258262890682,0.4338837391175582,-0.900968867902419,0.8660254037844387,-0.4999999999999998,735.0,676.125,501.0833333333333,5.4,19.4,0.0,43.0,-1.0,4.27479,0.0,10.9,21.02222225,31.15,31.53333333333333,31.95,32.35,30.1,-8.582222216666667,0.266666646666664,0.0266666666666672,12.163333333333332,12.996,20.485185182222224,12.216666666666669,5.5690746,5.5425224,5.504347,5.4799805,5.519214,0,4.0,0,0.0,-0.51,10.4,89.6
2023-04-27 11:15:00,50.611864344444,0.0,0.0,21.02222225,12.996,30.1,0,5.1764362714980825,70.66250196097344,11,3,4,0.258819045102521,-0.9659258262890682,0.4338837391175582,-0.900968867902419,0.8660254037844387,-0.4999999999999998,763.25,712.625,544.2083333333334,5.5,19.775,0.25,42.5,-0.925,4.3055468,0.0,11.2,21.272222216666663,30.816666666666663,31.15,31.53333333333333,31.95,29.53333333333333,-8.026222250000002,0.2500000333333361,0.8060000000000009,12.19,13.281333333333333,20.766666678888893,12.449777777777776,5.519214,5.5690746,5.5425224,5.504347,5.49445,0,4.0,0,0.0,-0.46,9.3,90.7
2023-04-27 11:30:00,38.02042337223,0.0,0.0,21.272222216666663,13.281333333333333,29.53333333333333,0,5.1764362714980825,70.66250196097344,11,3,4,0.258819045102521,-0.9659258262890682,0.4338837391175582,-0.900968867902419,0.8660254037844387,-0.4999999999999998,791.5,746.375,585.625,5.6,20.15,0.5,42.0,-0.85,4.335727,0.0,11.5,21.51111114,30.1,30.816666666666663,31.15,31.53333333333333,29.15,-7.990888883333334,0.2499999666666639,0.2853333333333321,12.996,13.608,21.022222227777775,12.822444444444445,5.49445,5.519214,5.5690746,5.5425224,5.4986978,0,4.0,0,0.0,-0.4,8.3,91.7
2023-04-27 11:45:00,494.40800063889,0.0,0.0,21.51111114,13.608,29.15,0,5.1764362714980825,70.66250196097344,11,3,4,0.258819045102521,-0.9659258262890682,0.4338837391175582,-0.900968867902419,0.8660254037844387,-0.4999999999999998,819.75,777.375,625.3333333333334,5.7,20.525,0.75,41.5,-0.7749999999999999,4.365302,0.0,11.8,21.688888873333333,29.53333333333333,30.1,30.816666666666663,31.15,29.366666666666667,-7.90311114,0.2388889233333344,0.326666666666668,13.281333333333333,13.432,21.26851853555556,13.295111111111112,5.4986978,5.49445,5.519214,5.5690746,5.5968146,0,4.0,0,0.0,-0.35,7.5,92.5
2023-04-27 12:00:00,52.956214983334,0.0,0.0,21.688888873333333,13.432,29.366666666666667,0,5.1764362714980825,70.66250196097344,12,3,4,1.2246467991473532e-16,-1.0,0.4338837391175582,-0.900968867902419,0.8660254037844387,-0.4999999999999998,848.0,805.625,663.3333333333334,5.8,20.9,1.0,41.0,-0.7,4.3942394,0.0,12.1,21.9611111,29.15,29.53333333333333,30.1,30.816666666666663,30.4,-8.256888873333335,0.1777777333333325,-0.1760000000000019,13.608,14.816,21.490740743333333,13.440444444444443,5.5968146,5.4986978,5.49445,5.519214,5.88552,0,4.0,0,0.0,-0.3,6.9,93.1
2023-04-27 12:15:00,39.596471627778,0.0,0.0,21.9611111,14.816,30.4,0,5.1764362714980825,70.66250196097344,12,3,4,1.2246467991473532e-16,-1.0,0.4338837391175582,-0.900968867902419,0.8660254037844387,-0.4999999999999998,861.5,830.1875,698.5833333333334,5.75,20.975,9.75,40.25,-0.6749999999999999,4.3883815,0.0,12.375,22.12407408,29.366666666666667,29.15,29.53333333333333,30.1,31.15,-7.145111099999999,0.2722222266666669,1.384000000000002,13.432,14.862666666666666,21.720370371111112,13.952,5.88552,5.5968146,5.4986978,5.49445,6.0876284,0,4.0,0,0.0,-0.23,6.1,93.9
2023-04-27 12:30:00,40.592265061114,0.0,0.0,22.12407408,14.862666666666666,31.15,0,5.1764362714980825,70.66250196097344,12,3,4,1.2246467991473532e-16,-1.0,0.4338837391175582,-0.900968867902419,0.8660254037844387,-0.4999999999999998,875.0,851.0625,731.0833333333334,5.699999999999999,21.05,18.5,39.5,-0.6499999999999999,4.3808446,0.0,12.65,22.21111111,30.4,29.366666666666667,29.15,29.53333333333333,31.45,-7.261407413333334,0.1629629799999996,0.046666666666665,14.816,15.620666666666668,21.92469135111111,14.370222222222225,6.0876284,5.88552,5.5968146,5.4986978,6.1771355,0,4.0,0,0.0,-0.19,5.8,94.2
2023-04-27 12:45:00,51.073512494446,0.0,0.0,22.21111111,15.620666666666668,31.45,0,5.1764362714980825,70.66250196097344,12,3,4,1.2246467991473532e-16,-1.0,0.4338837391175582,-0.900968867902419,0.8660254037844387,-0.4999999999999998,888.5,868.25,760.8333333333334,5.65,21.125,27.25,38.75,-0.625,4.3715773,0.0,12.925,22.294444443333337,31.15,30.4,29.366666666666667,29.15,31.03333333333333,-6.590444443333334,0.0870370300000011,0.7580000000000009,14.862666666666666,14.382,22.09876543,15.09977777777778,6.1771355,6.0876284,5.88552,5.5968146,6.1245937,0,4.0,0,0.0,-0.17,5.6,94.4
2023-04-27 13:00:00,45.295688133332,0.0,0.0,22.294444443333337,14.382,31.03333333333333,0,5.1764362714980825,70.66250196097344,13,3,4,-0.2588190451025208,-0.9659258262890684,0.4338837391175582,-0.900968867902419,0.8660254037844387,-0.4999999999999998,902.0,881.75,787.8333333333334,5.6,21.2,36.0,38.0,-0.6,4.3605313,0.0,13.2,22.29444445,31.45,31.15,30.4,29.366666666666667,30.65,-7.912444443333337,0.0833333333333357,-1.238666666666667,15.620666666666668,14.154,22.209876544444445,14.95511111111111,6.1245937,6.1771355,6.0876284,5.88552,6.04894,0,4.0,0,0.0,-0.15,5.5,94.5
2023-04-27 13:15:00,37.952370611116,0.0,0.0,22.29444445,14.154,30.65,0,5.1764362714980825,70.66250196097344,13,3,4,-0.2588190451025208,-0.9659258262890684,0.4338837391175582,-0.900968867902419,0.8660254037844387,-0.4999999999999998,883.75,887.3125,810.0416666666666,5.4,21.125,41.75,37.75,-0.55,4.3924475,0.0,13.425,22.2777778,31.03333333333333,31.45,31.15,30.4,30.5,-8.14044445,6.666663665555461e-09,-0.2279999999999997,14.382,13.916,22.26666666777778,14.71888888888889,6.04894,6.1245937,6.1771355,6.0876284,6.01357,0,4.0,0,0.0,-0.16,5.5,94.5
2023-04-27 13:30:00,326.867202572222,0.0,0.0,22.2777778,13.916,30.5,0,5.1764362714980825,70.66250196097344,13,3,4,-0.2588190451025208,-0.9659258262890684,0.4338837391175582,-0.900968867902419,0.8660254037844387,-0.4999999999999998,865.5,884.9375,827.4583333333334,5.199999999999999,21.05,47.5,37.5,-0.5,4.4242916,0.0,13.65,22.23888888,30.65,31.03333333333333,31.45,31.15,30.15,-8.361777799999999,-0.0166666500000012,-0.2379999999999995,14.154,13.892,22.28888889777778,14.150666666666668,6.01357,6.04894,6.1245937,6.1771355,5.931275,0,4.0,0,0.0,-0.16,5.5,94.5
2023-04-27 13:45:00,49.325804755552,0.0,0.0,22.23888888,13.892,30.15,0,5.1764362714980825,70.66250196097344,13,3,4,-0.2588190451025208,-0.9659258262890684,0.4338837391175582,-0.900968867902419,0.8660254037844387,-0.4999999999999998,847.25,874.625,840.0833333333334,5.0,20.975,53.25,37.25,-0.45,4.4560566,0.0,13.875,22.20185185,30.5,30.65,31.03333333333333,31.45,30.0,-8.346888880000002,-0.0388889199999979,-0.0240000000000009,13.916,14.813333333333333,22.270370376666666,13.987333333333334,5.931275,6.01357,6.04894,6.1245937,5.8892007,0,4.0,0,0.0,-0.17,5.6,94.4
2023-04-27 14:00:00,37.93098253334,0.0,0.0,22.20185185,14.813333333333333,30.0,0,5.1764362714980825,70.66250196097344,14,3,4,-0.4999999999999997,-0.8660254037844388,0.4338837391175582,-0.900968867902419,0.8660254037844387,-0.4999999999999998,829.0,856.375,847.9166666666666,4.8,20.9,59.0,37.0,-0.4,4.487736,0.0,14.1,22.07777781,30.15,30.5,30.65,31.03333333333333,29.95,-7.388518516666668,-0.0370370300000004,0.9213333333333332,13.892,14.982,22.23950617666667,14.20711111111111,5.8892007,5.931275,6.01357,6.04894,5.837524,0,4.0,0,0.0,-0.18,5.7,94.3
2023-04-27 14:15:00,50.144383077776,0.0,0.0,22.07777781,14.982,29.95,0,5.1764362714980825,70.66250196097344,14,3,4,-0.4999999999999997,-0.8660254037844388,0.4338837391175582,-0.900968867902419,0.8660254037844387,-0.4999999999999998,808.75,837.625,851.7083333333334,5.75,21.875,44.25,36.5,-0.525,4.4475055,0.0,14.175,21.93148146333333,30.0,30.15,30.5,30.65,29.53333333333333,-7.095777810000001,-0.12407404,0.1686666666666667,14.813333333333333,15.669333333333332,22.172839513333333,14.562444444444443,5.837524,5.8892007,5.931275,6.01357,5.7079687,0,4.0,0,0.0,-0.21,5.9,94.1
2023-04-27 14:30:00,43.9724077,0.0,0.0,21.93148146333333,15.669333333333332,29.53333333333333,0,5.1764362714980825,70.66250196097344,14,3,4,-0.4999999999999997,-0.8660254037844388,0.4338837391175582,-0.900968867902419,0.8660254037844387,-0.4999999999999998,788.5,818.375,851.4583333333334,6.699999999999999,22.85,29.5,36.0,-0.65,4.406795,0.0,14.25,21.78888891,29.95,30.0,30.15,30.5,29.55,-6.262148130000002,-0.1462963466666664,0.6873333333333331,14.982,15.703333333333337,22.070370374444447,15.15488888888889,5.7079687,5.837524,5.8892007,5.931275,5.664383,0,4.0,0,0.0,-0.25,6.3,93.7
2023-04-27 14:45:00,43.607700072222,0.0,0.0,21.78888891,15.703333333333337,29.55,0,5.1764362714980825,70.66250196097344,14,3,4,-0.4999999999999997,-0.8660254037844388,0.4338837391175582,-0.900968867902419,0.8660254037844387,-0.4999999999999998,768.25,798.625,847.1666666666666,7.649999999999999,23.825,14.75,35.5,-0.775,4.3656025,0.0,14.325,21.488888903333336,29.53333333333333,29.95,30.0,30.15,29.966666666666665,-6.085555576666666,-0.1425925533333334,0.0340000000000024,15.669333333333332,16.150666666666666,21.932716061111112,15.451555555555556,5.664383,5.7079687,5.837524,5.8892007,5.645484,0,4.0,0,0.0,-0.28,6.6,93.4
2023-04-27 15:00:00,49.77162022222,0.0,0.0,21.488888903333336,16.150666666666666,29.966666666666665,0,5.1764362714980825,70.66250196097344,15,3,4,-0.7071067811865471,-0.7071067811865479,0.4338837391175582,-0.900968867902419,0.8660254037844387,-0.4999999999999998,748.0,778.375,838.8333333333334,8.6,24.8,0.0,35.0,-0.9,4.3239274,0.0,14.4,21.19444445,29.55,29.53333333333333,29.95,30.0,30.0,-5.33822223666667,-0.3000000066666644,0.4473333333333311,15.703333333333337,16.556,21.73641975888889,15.841111111111111,5.645484,5.664383,5.7079687,5.837524,5.55615,0,4.0,0,0.0,-0.35,7.5,92.5
2023-04-27 15:15:00,53.018712566664,0.0,0.0,21.19444445,16.556,30.0,0,5.1764362714980825,70.66250196097344,15,3,4,-0.7071067811865471,-0.7071067811865479,0.4338837391175582,-0.900968867902419,0.8660254037844387,-0.4999999999999998,745.25,762.5,829.1458333333334,9.15,25.8,0.75,35.0,-0.925,4.310711,0.0,14.35,20.918518483333333,29.966666666666665,29.55,29.53333333333333,29.95,30.0,-4.638444449999998,-0.2944444533333374,0.4053333333333349,16.150666666666666,15.734,21.490740754444445,16.136666666666667,5.55615,5.645484,5.664383,5.7079687,5.4678245,0,4.0,0,0.0,-0.42,8.6,91.4
2023-04-27 15:30:00,54.026172249998,0.0,0.0,20.918518483333333,15.734,30.0,0,5.1764362714980825,70.66250196097344,15,3,4,-0.7071067811865471,-0.7071067811865479,0.4338837391175582,-0.900968867902419,0.8660254037844387,-0.4999999999999998,742.5,751.0,818.1041666666666,9.7,26.8,1.5,35.0,-0.95,4.2975307,0.0,14.3,20.70000001,30.0,29.966666666666665,29.55,29.53333333333333,29.6,-5.184518483333333,-0.2759259666666658,-0.822000000000001,16.556,16.440666666666665,21.20061727888889,16.14688888888889,5.4678245,5.55615,5.645484,5.664383,5.326756,0,4.0,0,0.0,-0.48,9.8,90.2
2023-04-27 15:45:00,38.90733256111,0.0,0.0,20.70000001,16.440666666666665,29.6,0,5.1764362714980825,70.66250196097344,15,3,4,-0.7071067811865471,-0.7071067811865479,0.4338837391175582,-0.900968867902419,0.8660254037844387,-0.4999999999999998,739.75,743.875,805.7083333333334,10.25,27.8,2.25,35.0,-0.975,4.284384,0.0,14.25,20.470370376666665,30.0,30.0,29.966666666666665,29.55,29.03333333333333,-4.259333343333335,-0.2185184733333329,0.7066666666666652,15.734,16.458666666666666,20.937654314444444,16.243555555555556,5.326756,5.4678245,5.55615,5.645484,5.155312,0,4.0,0,0.0,-0.53,10.9,89.1
2023-04-27 16:00:00,34.787775033336,0.0,0.0,20.470370376666665,16.458666666666666,29.03333333333333,0,5.1764362714980825,70.66250196097344,16,3,4,-0.8660254037844385,-0.5000000000000004,0.4338837391175582,-0.900968867902419,0.8660254037844387,-0.4999999999999998,737.0,741.125,791.9583333333334,10.8,28.8,3.0,35.0,-1.0,4.271273,0.0,14.2,20.30000002,29.6,30.0,30.0,29.966666666666665,29.0,-4.011703709999999,-0.2296296333333352,0.0180000000000006,16.440666666666665,15.663333333333332,20.696296290000003,16.211111111111112,5.155312,5.326756,5.4678245,5.55615,5.0984297,0,4.0,0,0.0,-0.59,12.3,87.7
2023-04-27 16:15:00,37.69543653889,0.0,0.0,20.30000002,15.663333333333332,29.0,0,5.1764362714980825,70.66250196097344,16,3,4,-0.8660254037844385,-0.5000000000000004,0.4338837391175582,-0.900968867902419,0.8660254037844387,-0.4999999999999998,699.5,729.6875,776.6041666666666,10.9,28.9,6.25,34.5,-1.425,4.1652923,0.0,14.025,20.15370372,29.03333333333333,29.6,30.0,30.0,29.366666666666667,-4.63666668666667,-0.1703703566666625,-0.7953333333333337,16.458666666666666,15.992666666666668,20.490123468888893,16.187555555555555,5.0984297,5.155312,5.326756,5.4678245,5.1189284,0,4.0,0,0.0,-0.63,13.3,86.7
2023-04-27 16:30:00,86.39793292777401,0.0,0.0,20.15370372,15.992666666666668,29.366666666666667,0,5.1764362714980825,70.66250196097344,16,3,4,-0.8660254037844385,-0.5000000000000004,0.4338837391175582,-0.900968867902419,0.8660254037844387,-0.4999999999999998,662.0,709.5625,759.6458333333334,11.0,29.0,9.5,34.0,-1.85,4.061027,0.0,13.85,20.07222225,29.0,29.03333333333333,29.6,30.0,30.4,-4.161037053333333,-0.146296300000003,0.3293333333333343,15.663333333333332,15.733333333333333,20.30802470555556,16.03822222222222,5.1189284,5.0984297,5.155312,5.326756,5.2738476,0,4.0,0,0.0,-0.66,14.2,85.8
2023-04-27 16:45:00,38.576790216666,0.0,0.0,20.07222225,15.733333333333333,30.4,0,5.1764362714980825,70.66250196097344,16,3,4,-0.8660254037844385,-0.5000000000000004,0.4338837391175582,-0.900968867902419,0.8660254037844387,-0.4999999999999998,624.5,680.75,741.0833333333334,11.1,29.1,12.75,33.5,-2.2750000000000004,3.9584563,0.0,13.675,20.01481482666667,29.366666666666667,29.0,29.03333333333333,29.6,30.966666666666665,-4.338888916666667,-0.0814814699999999,-0.2593333333333341,15.992666666666668,15.792666666666666,20.175308663333336,15.796444444444443,5.2738476,5.1189284,5.0984297,5.155312,5.3541327,0,4.0,0,0.0,-0.67,14.5,85.5
2023-04-27 17:00:00,40.945306572222,0.0,0.0,20.01481482666667,15.792666666666666,30.966666666666665,0,5.1764362714980825,70.66250196097344,17,3,4,-0.9659258262890684,-0.2588190451025206,0.4338837391175582,-0.900968867902419,0.8660254037844387,-0.4999999999999998,587.0,643.25,720.9166666666666,11.2,29.2,16.0,33.0,-2.7,3.857557,0.0,13.5,19.93333329,30.4,29.366666666666667,29.0,29.03333333333333,30.95,-4.222148160000003,-0.0574074233333306,0.059333333333333,15.733333333333333,15.788666666666668,20.080246932222224,15.839555555555554,5.3541327,5.2738476,5.1189284,5.0984297,5.3257737,0,4.0,0,0.0,-0.68,14.8,85.2
2023-04-27 17:15:00,52.70233623889,0.0,0.0,19.93333329,15.788666666666668,30.95,0,5.1764362714980825,70.66250196097344,17,3,4,-0.9659258262890684,-0.2588190451025206,0.4338837391175582,-0.900968867902419,0.8660254037844387,-0.4999999999999998,541.75,603.8125,698.6666666666666,10.15,28.75,15.25,33.75,-2.475,3.9149256,0.0,13.375,19.82037035666667,30.966666666666665,30.4,29.366666666666667,29.0,30.53333333333333,-4.1446666233333325,-0.0814815366666685,-0.0039999999999977,15.792666666666666,15.628000000000002,20.006790122222224,15.771555555555556,5.3257737,5.3541327,5.2738476,5.1189284,5.219401,0,4.0,0,0.0,-0.7,15.3,84.7
2023-04-27 17:30:00,40.546989088892,0.0,0.0,19.82037035666667,15.628000000000002,30.53333333333333,0,5.1764362714980825,70.66250196097344,17,3,4,-0.9659258262890684,-0.2588190451025206,0.4338837391175582,-0.900968867902419,0.8660254037844387,-0.4999999999999998,496.5,562.4375,674.3333333333334,9.1,28.3,14.5,34.5,-2.25,3.9711537,0.0,13.25,19.73333333,30.95,30.966666666666665,30.4,29.366666666666667,30.5,-4.192370356666666,-0.1129629333333319,-0.1606666666666658,15.788666666666668,15.484666666666667,19.92283949111112,15.736444444444444,5.219401,5.3257737,5.3541327,5.2738476,5.187152,0,4.0,0,0.0,-0.73,16.2,83.8
2023-04-27 17:45:00,46.555082238886,0.0,0.0,19.73333333,15.484666666666667,30.5,0,5.1764362714980825,70.66250196097344,17,3,4,-0.9659258262890684,-0.2588190451025206,0.4338837391175582,-0.900968867902419,0.8660254037844387,-0.4999999999999998,451.25,519.125,647.9166666666666,8.05,27.85,13.75,35.25,-2.025,4.0262547,0.0,13.125,19.629629663333333,30.53333333333333,30.95,30.966666666666665,30.4,30.316666666666663,-4.248666663333333,-0.0870370266666675,-0.1433333333333344,15.628000000000002,15.482666666666669,19.82901232555556,15.63377777777778,5.187152,5.219401,5.3257737,5.3541327,5.1246796,0,4.0,0,0.0,-0.75,16.8,83.2
2023-04-27 18:00:00,43.622699372226,0.0,0.0,19.629629663333333,15.482666666666669,30.316666666666663,0,5.1764362714980825,70.66250196097344,18,3,4,-1.0,-1.8369701987210294e-16,0.4338837391175582,-0.900968867902419,0.8660254037844387,-0.4999999999999998,406.0,473.875,619.4166666666666,7.0,27.4,13.0,36.0,-1.8,4.0802417,0.0,13.0,19.51111112,30.5,30.53333333333333,30.95,30.966666666666665,30.0,-4.146962996666666,-0.1037036666666679,-0.0020000000000006,15.484666666666667,15.667333333333334,19.72777778333333,15.531777777777778,5.1246796,5.187152,5.219401,5.3257737,5.0359592,0,4.0,0,0.0,-0.77,17.6,82.4
2023-04-27 18:15:00,41.572781422224,0.0,0.0,19.51111112,15.667333333333334,30.0,0,5.1764362714980825,70.66250196097344,18,3,4,-1.0,-1.8369701987210294e-16,0.4338837391175582,-0.900968867902419,0.8660254037844387,-0.4999999999999998,357.25,427.75,587.0833333333334,6.7,24.5,10.0,40.75,-0.625,4.533525,0.0,12.7,19.40740737,30.316666666666663,30.5,30.53333333333333,30.95,30.0,-3.843777786666669,-0.1185185433333302,0.1846666666666667,15.482666666666669,15.488,19.62469137111112,15.54488888888889,5.0359592,5.1246796,5.187152,5.219401,5.005341,0,4.0,0,0.0,-0.8,18.6,81.4
2023-04-27 18:30:00,42.885506777776,0.0,0.0,19.40740737,15.488,30.0,0,5.1764362714980825,70.66250196097344,18,3,4,-1.0,-1.8369701987210294e-16,0.4338837391175582,-0.900968867902419,0.8660254037844387,-0.4999999999999998,308.5,380.75,550.9166666666666,6.4,21.6,7.0,45.5,0.55,4.968501,0.0,12.4,19.24999998,30.0,30.316666666666663,30.5,30.53333333333333,29.65,-3.9194073699999983,-0.1037037500000046,-0.179333333333334,15.667333333333334,15.074000000000002,19.516049384444447,15.546,5.005341,5.0359592,5.1246796,5.187152,4.901318,0,4.0,0,0.0,-0.83,19.4,80.6
2023-04-27 18:45:00,37.316562727782,0.0,0.0,19.24999998,15.074000000000002,29.65,0,5.1764362714980825,70.66250196097344,18,3,4,-1.0,-1.8369701987210294e-16,0.4338837391175582,-0.900968867902419,0.8660254037844387,-0.4999999999999998,259.75,332.875,510.9166666666667,6.1,18.7,4.0,50.25,1.7250000000000003,5.385623,0.0,12.1,19.150000013333333,30.0,30.0,30.316666666666663,30.5,29.5,-4.175999979999997,-0.1574073899999994,-0.4139999999999979,15.488,14.762666666666666,19.38950615666667,15.409777777777776,4.901318,5.005341,5.0359592,5.1246796,4.8478713,0,4.0,0,0.0,-0.87,20.8,79.2
2023-04-27 19:00:00,52.582340988892,0.0,0.0,19.150000013333333,14.762666666666666,29.5,0,5.1764362714980825,70.66250196097344,19,3,4,-0.9659258262890684,0.2588190451025203,0.4338837391175582,-0.900968867902419,0.8660254037844387,-0.4999999999999998,211.0,284.125,467.0833333333333,5.8,15.8,1.0,55.0,2.9,5.78534,0.0,11.8,19.06666669,29.65,30.0,30.0,30.316666666666663,29.45,-4.387333346666667,-0.0999999666666653,-0.3113333333333354,15.074000000000002,14.567333333333332,19.26913578777777,15.108222222222222,4.8478713,4.901318,5.005341,5.0359592,4.8159304,0,4.0,0,0.0,-0.89,21.7,78.3
2023-04-27 19:15:00,38.20819369445,0.0,0.0,19.06666669,14.567333333333332,29.45,0,5.1764362714980825,70.66250196097344,19,3,4,-0.9659258262890684,0.2588190451025203,0.4338837391175582,-0.900968867902419,0.8660254037844387,-0.4999999999999998,170.25,237.375,422.9791666666667,5.7,14.2,0.75,57.5,2.7,5.734308,0.0,10.95,18.98333332,29.5,29.65,30.0,30.0,29.03333333333333,-4.499333356666666,-0.0833333233333348,-0.195333333333334,14.762666666666666,14.328666666666669,19.15555556111111,14.801333333333332,4.8159304,4.8478713,4.901318,5.005341,4.724505,0,4.0,0,0.0,-0.91,22.4,77.6
2023-04-27 19:30:00,35.109984427778,0.0,0.0,18.98333332,14.328666666666669,29.03333333333333,0,5.1764362714980825,70.66250196097344,19,3,4,-0.9659258262890684,0.2588190451025203,0.4338837391175582,-0.900968867902419,0.8660254037844387,-0.4999999999999998,129.5,192.625,378.6041666666667,5.6,12.6,0.5,60.0,2.5,5.670893,0.0,10.1,18.89999999,29.45,29.5,29.65,30.0,29.05,-4.654666653333333,-0.0833333699999983,-0.2386666666666652,14.567333333333332,14.131333333333334,19.066666674444445,14.552888888888887,4.724505,4.8159304,4.8478713,4.901318,4.7040133,0,4.0,0,0.0,-0.93,23.2,76.8
2023-04-27 19:45:00,309.872882372222,0.0,0.0,18.89999999,14.131333333333334,29.05,0,5.1764362714980825,70.66250196097344,19,3,4,-0.9659258262890684,0.2588190451025203,0.4338837391175582,-0.900968867902419,0.8660254037844387,-0.4999999999999998,88.74999999999999,149.875,333.9583333333333,5.5,11.0,0.25,62.5,2.3,5.5963597,0.0,9.25,18.816666656666666,29.03333333333333,29.45,29.5,29.65,29.466666666666665,-4.768666656666667,-0.0833333299999985,-0.1973333333333329,14.328666666666669,13.872666666666667,18.98333333333333,14.342444444444444,4.7040133,4.724505,4.8159304,4.8478713,4.7480474,0,4.0,0,0.0,-0.95,24.0,76.0
2023-04-27 20:00:00,209.604671027778,0.0,0.0,18.816666656666666,13.872666666666667,29.466666666666665,0,5.1764362714980825,70.66250196097344,20,3,4,-0.8660254037844386,0.5000000000000001,0.4338837391175582,-0.900968867902419,0.8660254037844387,-0.4999999999999998,48.0,109.125,289.0416666666667,5.4,9.4,0.0,65.0,2.1,5.5118976,0.0,8.4,18.78333335,29.05,29.03333333333333,29.45,29.5,31.7,-4.943999989999998,-0.0833333333333357,-0.2586666666666666,14.131333333333334,13.631333333333334,18.89999998888889,14.110888888888889,4.7480474,4.7040133,4.724505,4.8159304,5.0978565,0,4.0,0,0.0,-0.97,24.7,75.3
2023-04-27 20:15:00,168.09716467778,0.0,0.0,18.78333335,13.631333333333334,31.7,0,5.1764362714980825,70.66250196097344,20,3,4,-0.8660254037844386,0.5000000000000001,0.4338837391175582,-0.900968867902419,0.8660254037844387,-0.4999999999999998,36.0,75.5625,246.89583333333331,5.9750000000000005,10.1,6.25,64.5,1.925,5.4344516,0.0,8.3,18.8296296,29.466666666666665,29.05,29.03333333333333,29.45,33.43333333333333,-5.1520000166666655,-0.0333333066666661,-0.2413333333333334,13.872666666666667,13.38,18.833333332222224,13.878444444444446,5.0978565,4.7480474,4.7040133,4.724505,5.391338,0,4.0,0,0.0,-0.96,24.5,75.5
2023-04-27 20:30:00,696.926843994446,0.0,0.0,18.8296296,13.38,33.43333333333333,0,5.1764362714980825,70.66250196097344,20,3,4,-0.8660254037844386,0.5000000000000001,0.4338837391175582,-0.900968867902419,0.8660254037844387,-0.4999999999999998,24.0,49.1875,207.52083333333331,6.550000000000001,10.8,12.5,64.0,1.75,5.3577423,0.0,8.2,18.78888889,31.7,29.466666666666665,29.05,29.03333333333333,33.1,-5.449629599999998,0.0462962499999974,-0.2513333333333349,13.631333333333334,13.096666666666666,18.80987653555556,13.628,5.391338,5.0978565,4.7480474,4.7040133,5.3247466,0,4.0,0,0.0,-0.94,23.7,76.3
2023-04-27 20:45:00,205.560110583334,0.0,0.0,18.78888889,13.096666666666666,33.1,0,5.1764362714980825,70.66250196097344,20,3,4,-0.8660254037844386,0.5000000000000001,0.4338837391175582,-0.900968867902419,0.8660254037844387,-0.4999999999999998,12.0,30.0,170.91666666666666,7.125,11.5,18.75,63.5,1.575,5.281769,0.0,8.1,18.705555556666663,33.43333333333333,31.7,29.466666666666665,29.05,32.35,-5.692222223333333,-0.0407407099999979,-0.2833333333333332,13.38,12.507333333333332,18.80061728,13.369333333333332,5.3247466,5.391338,5.0978565,4.7480474,5.1785116,0,4.0,0,0.0,-0.95,24.2,75.8
2023-04-27 21:00:00,121.426531594446,0.0,0.0,18.705555556666663,12.507333333333332,32.35,0,5.1764362714980825,70.66250196097344,21,3,4,-0.7071067811865477,0.7071067811865474,0.4338837391175582,-0.900968867902419,0.8660254037844387,-0.4999999999999998,0.0,18.0,137.08333333333334,7.7,12.2,25.0,63.0,1.4,5.20652,0.0,8.0,18.62222223,33.1,33.43333333333333,31.7,29.466666666666665,31.6,-6.19822222333333,-0.0833333333333357,-0.5893333333333324,13.096666666666666,12.241333333333332,18.77469134888889,12.994666666666664,5.1785116,5.3247466,5.391338,5.0978565,5.033572,0,4.0,0,0.0,-0.98,25.1,74.9
2023-04-27 21:15:00,110.54724468333,0.0,0.0,18.62222223,12.241333333333332,31.6,0,5.1764362714980825,70.66250196097344,21,3,4,-0.7071067811865477,0.7071067811865474,0.4338837391175582,-0.900968867902419,0.8660254037844387,-0.4999999999999998,0.0,9.0,107.3125,8.8,14.1,43.75,61.75,0.825,4.997268,0.0,7.675,18.53888891333333,32.35,33.1,33.43333333333333,31.7,31.03333333333333,-6.380888896666665,-0.0833333266666649,-0.266,12.507333333333332,12.32,18.70555555888889,12.61511111111111,5.033572,5.1785116,5.3247466,5.391338,4.9189744,0,4.0,0,0.0,-1.0,26.1,73.9
2023-04-27 21:30:00,139.259985061106,0.0,0.0,18.53888891333333,12.32,31.03333333333333,0,5.1764362714980825,70.66250196097344,21,3,4,-0.7071067811865477,0.7071067811865474,0.4338837391175582,-0.900968867902419,0.8660254037844387,-0.4999999999999998,0.0,3.0,81.60416666666667,9.9,16.0,62.5,60.5,0.25,4.794192,0.0,7.35,18.51111111,31.6,32.35,33.1,33.43333333333333,30.65,-6.218888913333334,-0.0833333166666641,0.0786666666666668,12.241333333333332,12.222,18.622222233333336,12.356222222222224,4.9189744,5.033572,5.1785116,5.3247466,4.850225,0,4.0,0,0.0,-1.02,27.0,73.0
2023-04-27 21:45:00,196.164930888888,91.250238711112,91.315791688888,18.51111111,12.222,30.65,2,5.1764362714980825,70.66250196097344,21,3,4,-0.7071067811865477,0.7071067811865474,0.4338837391175582,-0.900968867902419,0.8660254037844387,-0.4999999999999998,0.0,0.0,59.958333333333336,11.0,17.9,81.25,59.25,-0.3249999999999999,4.5971456,0.0,7.025,18.664814816666667,31.03333333333333,31.6,32.35,33.1,30.316666666666663,-6.289111110000002,-0.0277778033333326,-0.0980000000000007,12.32,12.083333333333334,18.557407417777775,12.261111111111113,4.850225,4.9189744,5.033572,5.1785116,4.8413367,0,3.0,1,0.25,-1.03,27.4,72.6
2023-04-27 22:00:00,119.581605511108,13.8486127,13.90749926111,18.664814816666667,12.083333333333334,30.316666666666663,1,5.1764362714980825,70.66250196097344,22,3,4,-0.5000000000000004,0.8660254037844384,0.4338837391175582,-0.900968867902419,0.8660254037844387,-0.4999999999999998,0.0,0.0,42.375,12.1,19.8,100.0,58.0,-0.9,4.4059873,0.0,6.7,18.72777777,30.65,31.03333333333333,31.6,32.35,30.05,-6.581481483333333,0.1537037066666648,-0.1386666666666656,12.222,11.992666666666668,18.571604946666668,12.208444444444444,4.8413367,4.850225,4.9189744,5.033572,4.8166614,0,2.0,1,0.5,-1.0,25.9,74.1
2023-04-27 22:15:00,116.978931855552,0.0,0.0,18.72777777,11.992666666666668,30.05,0,5.1764362714980825,70.66250196097344,22,3,4,-0.5000000000000004,0.8660254037844384,0.4338837391175582,-0.900968867902419,0.8660254037844387,-0.4999999999999998,0.0,0.0,28.1875,11.95,19.8,100.0,58.0,-1.025,4.3702283,0.0,6.575,18.598148156666664,30.316666666666663,30.65,31.03333333333333,31.6,30.466666666666665,-6.735111103333333,0.0629629533333329,-0.0906666666666673,12.083333333333334,10.971333333333332,18.63456789888889,12.099333333333334,4.8166614,4.8413367,4.850225,4.9189744,4.846131,1,2.0,1,0.5,-0.98,25.4,74.6
2023-04-27 22:30:00,111.004726483326,0.0,0.0,18.598148156666664,10.971333333333332,30.466666666666665,0,5.1764362714980825,70.66250196097344,22,3,4,-0.5000000000000004,0.8660254037844384,0.4338837391175582,-0.900968867902419,0.8660254037844387,-0.4999999999999998,0.0,0.0,17.395833333333332,11.8,19.8,100.0,58.0,-1.15,4.3347235,0.0,6.45,18.51111112,30.05,30.316666666666663,30.65,31.03333333333333,30.5,-7.626814823333332,-0.1296296133333356,-1.0213333333333343,11.992666666666668,10.266666666666667,18.663580247777777,11.682444444444442,4.846131,4.8166614,4.8413367,4.850225,4.8264885,0,2.0,0,0.5,-1.01,26.6,73.4
2023-04-27 22:45:00,145.32807564444,27.1355812,27.19530106111,18.51111112,10.266666666666667,30.5,1,5.1764362714980825,70.66250196097344,22,3,4,-0.5000000000000004,0.8660254037844384,0.4338837391175582,-0.900968867902419,0.8660254037844387,-0.4999999999999998,0.0,0.0,10.0,11.65,19.8,100.0,58.0,-1.275,4.2994714,0.0,6.325,18.50925923,30.466666666666665,30.05,30.316666666666663,30.65,30.683333333333334,-8.244444453333335,-0.0870370366666613,-0.7046666666666646,10.971333333333332,9.968666666666667,18.612345682222223,11.076888888888888,4.8264885,4.846131,4.8166614,4.8413367,4.854968,0,2.0,1,0.5,-1.03,27.4,72.6
2023-04-27 23:00:00,188.047199961114,71.277982116666,71.342146233332,18.50925923,9.968666666666667,30.683333333333334,2,5.1764362714980825,70.66250196097344,23,3,4,-0.2588190451025215,0.965925826289068,0.4338837391175582,-0.900968867902419,0.8660254037844387,-0.4999999999999998,0.0,0.0,6.0,11.5,19.8,100.0,58.0,-1.4,4.264469,0.0,6.2,18.71666668,30.5,30.466666666666665,30.05,30.316666666666663,30.65,-8.54059256333333,-0.0018518900000046,-0.298,10.266666666666667,9.740666666666668,18.539506168888888,10.402222222222225,4.854968,4.8264885,4.846131,4.8166614,4.909606,0,2.0,1,0.5,-1.03,27.4,72.6
2023-04-27 23:15:00,130.715882355552,0.0,0.0,18.71666668,9.740666666666668,30.65,0,5.1764362714980825,70.66250196097344,23,3,4,-0.2588190451025215,0.965925826289068,0.4338837391175582,-0.900968867902419,0.8660254037844387,-0.4999999999999998,0.0,0.0,3.0,11.525,20.075,100.0,60.0,-1.1,4.3755693,0.0,6.075,18.63333337,30.683333333333334,30.5,30.466666666666665,30.05,30.683333333333334,-8.976000013333332,0.2074074500000016,-0.2279999999999997,9.968666666666667,9.554,18.579012343333336,9.992,4.909606,4.854968,4.8264885,4.846131,4.890771,1,2.0,1,0.5,-0.98,25.4,74.6
2023-04-27 23:30:00,131.273637744444,0.0,0.0,18.63333337,9.554,30.683333333333334,0,5.1764362714980825,70.66250196097344,23,3,4,-0.2588190451025215,0.965925826289068,0.4338837391175582,-0.900968867902419,0.8660254037844387,-0.4999999999999998,0.0,0.0,1.0,11.55,20.35,100.0,62.0,-0.7999999999999999,4.484537,0.0,5.95,18.47222221,30.65,30.683333333333334,30.5,30.466666666666665,31.05,-9.07933337,-0.0833333100000004,-0.1866666666666674,9.740666666666668,9.598,18.619753093333333,9.754444444444443,4.890771,4.909606,4.854968,4.8264885,4.902213,0,2.0,0,0.5,-1.0,26.2,73.8
2023-04-27 23:45:00,405.062685711112,0.0,0.0,18.47222221,9.598,31.05,0,5.1764362714980825,70.66250196097344,23,3,4,-0.2588190451025215,0.965925826289068,0.4338837391175582,-0.900968867902419,0.8660254037844387,-0.4999999999999998,0.0,0.0,0.0,11.575,20.625,100.0,64.0,-0.4999999999999999,4.591397,0.0,5.825,18.37222221333333,30.683333333333334,30.65,30.683333333333334,30.5,31.83333333333333,-8.874222209999997,-0.1611111600000008,0.0440000000000004,9.554,9.375333333333334,18.60740742,9.63088888888889,4.902213,4.890771,4.909606,4.854968,4.9961786,0,3.0,0,0.25,-1.04,27.7,72.3
2023-04-28 00:00:00,1320.420514416666,0.0,0.0,18.37222221333333,9.375333333333334,31.83333333333333,0,5.1764362714980825,70.66250196097344,0,4,4,0.0,1.0,-0.433883739117558,-0.9009688679024191,0.8660254037844387,-0.4999999999999998,0.0,0.0,0.0,11.6,20.9,100.0,66.0,-0.2,4.696172,0.0,5.7,18.3333333,31.05,30.683333333333334,30.65,30.683333333333334,33.3,-8.996888879999997,-0.0999999966666678,-0.222666666666667,9.598,9.092,18.492592597777776,9.509111111111112,4.9961786,4.902213,4.890771,4.909606,5.2143254,0,4.0,0,0.0,-1.06,28.5,71.5
2023-04-28 00:15:00,198.462061266664,0.0,0.0,18.3333333,9.092,33.3,0,5.1764362714980825,70.66250196097344,0,4,4,0.0,1.0,-0.433883739117558,-0.9009688679024191,0.8660254037844387,-0.4999999999999998,0.0,0.0,0.0,11.65,20.9,82.5,67.0,0.0249999999999999,4.7673264,0.0,5.7,18.3333333,31.83333333333333,31.05,30.683333333333334,30.65,34.61666666666667,-9.2413333,-0.0388889133333307,-0.2833333333333332,9.375333333333334,8.913333333333332,18.392592574444446,9.355111111111112,5.2143254,4.9961786,4.902213,4.890771,5.4204974,0,4.0,0,0.0,-1.06,28.6,71.4
2023-04-28 00:30:00,144.966978822224,0.0,0.0,18.3333333,8.913333333333332,34.61666666666667,0,5.1764362714980825,70.66250196097344,0,4,4,0.0,1.0,-0.433883739117558,-0.9009688679024191,0.8660254037844387,-0.4999999999999998,0.0,0.0,0.0,11.7,20.9,65.0,68.0,0.25,4.838481,0.0,5.7,18.3333333,33.3,31.83333333333333,31.05,30.683333333333334,35.4,-9.419999966666667,0.0,-0.1786666666666683,9.092,8.722,18.34629627111111,9.126888888888889,5.4204974,5.2143254,4.9961786,4.902213,5.543157,0,4.0,0,0.0,-1.05,28.3,71.7
2023-04-28 00:45:00,154.350492383334,0.0,0.0,18.3333333,8.722,35.4,0,5.1764362714980825,70.66250196097344,0,4,4,0.0,1.0,-0.433883739117558,-0.9009688679024191,0.8660254037844387,-0.4999999999999998,0.0,0.0,0.0,11.75,20.9,47.50000000000001,69.0,0.4749999999999999,4.9096346,0.0,5.7,18.3333333,34.61666666666667,33.3,31.83333333333333,31.05,36.15,-9.6113333,0.0,-0.1913333333333327,8.913333333333332,8.592666666666668,18.3333333,8.90911111111111,5.543157,5.4204974,5.2143254,4.9961786,5.660597,0,4.0,0,0.0,-1.05,28.1,71.9
2023-04-28 01:00:00,833.561100705554,0.0,0.0,18.3333333,8.592666666666668,36.15,0,5.1764362714980825,70.66250196097344,1,4,4,0.2588190451025207,0.9659258262890684,-0.433883739117558,-0.9009688679024191,0.8660254037844387,-0.4999999999999998,0.0,0.0,0.0,11.8,20.9,30.0,70.0,0.7,4.9807887,0.0,5.7,18.3333333,35.4,34.61666666666667,33.3,31.83333333333333,36.85,-9.740666633333332,0.0,-0.1293333333333315,8.722,8.113333333333333,18.3333333,8.742666666666667,5.660597,5.543157,5.4204974,5.2143254,5.770207,0,4.0,0,0.0,-1.04,27.9,72.1
2023-04-28 01:15:00,136.98563143889,0.0,0.0,18.3333333,8.113333333333333,36.85,0,5.1764362714980825,70.66250196097344,1,4,4,0.2588190451025207,0.9659258262890684,-0.433883739117558,-0.9009688679024191,0.8660254037844387,-0.4999999999999998,0.0,0.0,0.0,11.75,21.25,40.25,71.5,1.2,5.171684,0.0,5.95,18.3333333,36.15,35.4,34.61666666666667,33.3,37.0,-10.219999966666666,0.0,-0.4793333333333347,8.592666666666668,7.939333333333334,18.3333333,8.476,5.770207,5.660597,5.543157,5.4204974,5.793695,0,4.0,0,0.0,-1.04,27.8,72.2
2023-04-28 01:30:00,137.417558677776,0.0,0.0,18.3333333,7.939333333333334,37.0,0,5.1764362714980825,70.66250196097344,1,4,4,0.2588190451025207,0.9659258262890684,-0.433883739117558,-0.9009688679024191,0.8660254037844387,-0.4999999999999998,0.0,0.0,0.0,11.7,21.6,50.5,73.0,1.7,5.3673496,0.0,6.2,18.29444445,36.85,36.15,35.4,34.61666666666667,36.95,-10.393999966666666,0.0,-0.1739999999999995,8.113333333333333,7.939999999999999,18.3333333,8.215111111111112,5.793695,5.770207,5.660597,5.543157,5.772531,0,4.0,0,0.0,-1.04,27.7,72.3
2023-04-28 01:45:00,131.059479611112,0.0,0.0,18.29444445,7.939999999999999,36.95,0,5.1764362714980825,70.66250196097344,1,4,4,0.2588190451025207,0.9659258262890684,-0.433883739117558,-0.9009688679024191,0.8660254037844387,-0.4999999999999998,0.0,0.0,0.0,11.65,21.95,60.75,74.5,2.2,5.567878,0.0,6.45,18.2777778,37.0,36.85,36.15,35.4,36.53333333333333,-10.35444445,-0.0388888499999993,0.0006666666666657,7.939333333333334,8.415333333333333,18.32037035,7.997555555555555,5.772531,5.793695,5.770207,5.660597,5.701793,0,4.0,0,0.0,-1.05,28.1,71.9
2023-04-28 02:00:00,427.763999938886,0.0,0.0,18.2777778,8.415333333333333,36.53333333333333,0,5.1764362714980825,70.66250196097344,2,4,4,0.4999999999999999,0.8660254037844387,-0.433883739117558,-0.9009688679024191,0.8660254037844387,-0.4999999999999998,0.0,0.0,0.0,11.6,22.3,71.0,76.0,2.7,5.773363,0.0,6.7,18.23333333,36.95,37.0,36.85,36.15,36.85,-9.862444466666666,-0.0166666500000012,0.4753333333333334,7.939999999999999,9.09,18.30185185,8.09822222222222,5.701793,5.772531,5.793695,5.770207,5.7360616,0,4.0,0,0.0,-1.05,28.4,71.6
2023-04-28 02:15:00,85.852121411108,0.0,0.0,18.23333333,9.09,36.85,0,5.1764362714980825,70.66250196097344,2,4,4,0.4999999999999999,0.8660254037844387,-0.433883739117558,-0.9009688679024191,0.8660254037844387,-0.4999999999999998,0.0,0.0,0.0,11.275,22.025,73.25,78.0,3.075,5.9349523,0.0,6.725,18.170370400000003,36.53333333333333,36.95,37.0,36.85,37.0,-9.14333333,-0.0444444699999984,0.674666666666667,8.415333333333333,9.366666666666667,18.268518526666668,8.481777777777777,5.7360616,5.701793,5.772531,5.793695,5.737912,0,4.0,0,0.0,-1.06,28.8,71.2
2023-04-28 02:30:00,53.52508124444,0.0,0.0,18.170370400000003,9.366666666666667,37.0,0,5.1764362714980825,70.66250196097344,2,4,4,0.4999999999999999,0.8660254037844387,-0.433883739117558,-0.9009688679024191,0.8660254037844387,-0.4999999999999998,0.0,0.0,0.0,10.95,21.75,75.5,80.0,3.45,6.097052,0.0,6.75,18.12777778,36.85,36.53333333333333,36.95,37.0,37.35,-8.803703733333336,-0.0629629299999976,0.2766666666666673,9.09,9.646,18.22716051,8.957333333333333,5.737912,5.7360616,5.701793,5.772531,5.7775497,0,4.0,0,0.0,-1.08,29.4,70.6
2023-04-28 02:45:00,79.7676425,0.0,0.0,18.12777778,9.646,37.35,0,5.1764362714980825,70.66250196097344,2,4,4,0.4999999999999999,0.8660254037844387,-0.433883739117558,-0.9009688679024191,0.8660254037844387,-0.4999999999999998,0.0,0.0,0.0,10.625,21.475,77.75,82.0,3.825,6.259662,0.0,6.775,18.1111111,37.0,36.85,36.53333333333333,36.95,37.68333333333333,-8.48177778,-0.0425926200000041,0.2793333333333319,9.366666666666667,9.428666666666668,18.177160503333337,9.367555555555557,5.7775497,5.737912,5.7360616,5.701793,5.823342,0,4.0,0,0.0,-1.08,29.8,70.2
2023-04-28 03:00:00,55.229179611112,0.0,0.0,18.1111111,9.428666666666668,37.68333333333333,0,5.1764362714980825,70.66250196097344,3,4,4,0.7071067811865476,0.7071067811865476,-0.433883739117558,-0.9009688679024191,0.8660254037844387,-0.4999999999999998,0.0,0.0,0.0,10.3,21.2,80.0,84.0,4.2,6.422783,0.0,6.8,18.07222225,37.35,37.0,36.85,36.53333333333333,38.35,-8.682444433333332,-0.0166666800000001,-0.2173333333333325,9.646,9.530666666666669,18.136419760000003,9.480444444444444,5.823342,5.7775497,5.737912,5.7360616,5.912679,0,4.0,0,0.0,-1.09,29.9,70.1
2023-04-28 03:15:00,57.069939411108,0.0,0.0,18.07222225,9.530666666666669,38.35,0,5.1764362714980825,70.66250196097344,3,4,4,0.7071067811865476,0.7071067811865476,-0.433883739117558,-0.9009688679024191,0.8660254037844387,-0.4999999999999998,0.0,0.0,0.0,9.375,20.125,84.75,85.5,4.25,6.4528337,0.0,6.6,18.0555556,37.68333333333333,37.35,37.0,36.85,38.68333333333333,-8.541555583333333,-0.0388888499999993,0.1020000000000003,9.428666666666668,9.973333333333333,18.10370371,9.535111111111112,5.912679,5.823342,5.7775497,5.737912,5.958166,0,4.0,0,0.0,-1.09,30.1,69.9
2023-04-28 03:30:00,64.919347672218,0.0,0.0,18.0555556,9.973333333333333,38.68333333333333,0,5.1764362714980825,70.66250196097344,3,4,4,0.7071067811865476,0.7071067811865476,-0.433883739117558,-0.9009688679024191,0.8660254037844387,-0.4999999999999998,0.0,0.0,0.0,8.45,19.05,89.5,87.0,4.300000000000001,6.4808893,0.0,6.4,18.0555556,38.35,37.68333333333333,37.35,37.0,39.35,-8.082222266666669,-0.0166666499999976,0.4426666666666659,9.530666666666669,10.072666666666668,18.07962965,9.644222222222222,5.958166,5.912679,5.823342,5.7775497,6.060848,0,4.0,0,0.0,-1.09,30.2,69.8
2023-04-28 03:45:00,52.248743366664,0.0,0.0,18.0555556,10.072666666666668,39.35,0,5.1764362714980825,70.66250196097344,3,4,4,0.7071067811865476,0.7071067811865476,-0.433883739117558,-0.9009688679024191,0.8660254037844387,-0.4999999999999998,0.0,0.0,0.0,7.525,17.974999999999998,94.25,88.5,4.3500000000000005,6.506992,0.0,6.2,18.03518521333333,38.68333333333333,38.35,37.68333333333333,37.35,39.68333333333333,-7.982888933333335,0.0,0.0993333333333339,9.973333333333333,10.189333333333334,18.06111115,9.858888888888888,6.060848,5.958166,5.912679,5.823342,6.10479,0,4.0,0,0.0,-1.09,30.1,69.9
2023-04-28 04:00:00,57.539920611108,0.0,0.0,18.03518521333333,10.189333333333334,39.68333333333333,0,5.1764362714980825,70.66250196097344,4,4,4,0.8660254037844386,0.5000000000000001,-0.433883739117558,-0.9009688679024191,0.8660254037844387,-0.4999999999999998,0.0,0.0,0.0,6.6,16.9,99.0,90.0,4.4,6.5311832,0.0,6.0,17.99444444,39.35,38.68333333333333,38.35,37.68333333333333,40.0,-7.845851879999998,-0.02037038666667,0.1166666666666671,10.072666666666668,10.096666666666666,18.048765471111118,10.078444444444443,6.10479,6.060848,5.958166,5.912679,6.1386127,0,4.0,0,0.0,-1.09,30.2,69.8
2023-04-28 04:15:00,49.344970688884,0.0,0.0,17.99444444,10.096666666666666,40.0,0,5.1764362714980825,70.66250196097344,4,4,4,0.8660254037844386,0.5000000000000001,-0.433883739117558,-0.9009688679024191,0.8660254037844387,-0.4999999999999998,0.0,0.0,0.0,6.5,15.375,99.25,91.0,4.375,6.5176888,0.0,5.8,17.948148106666665,39.68333333333333,39.35,38.68333333333333,38.35,40.0,-7.897777773333333,-0.0407407733333329,-0.092666666666668,10.189333333333334,9.923333333333334,18.028395084444444,10.119555555555555,6.1386127,6.10479,6.060848,5.958166,6.1217275,0,4.0,0,0.0,-1.1,30.6,69.4
2023-04-28 04:30:00,58.787648499996,0.0,0.0,17.948148106666665,9.923333333333334,40.0,0,5.1764362714980825,70.66250196097344,4,4,4,0.8660254037844386,0.5000000000000001,-0.433883739117558,-0.9009688679024191,0.8660254037844387,-0.4999999999999998,0.0,0.0,0.0,6.4,13.85,99.5,92.0,4.35,6.5032954,0.0,5.6,17.9444444,40.0,39.68333333333333,39.35,38.68333333333333,40.35,-8.02481477333333,-0.0462963333333341,-0.173333333333332,10.096666666666666,9.664,17.992592586666664,10.069777777777778,6.1217275,6.1386127,6.10479,6.060848,6.1739306,0,4.0,0,0.0,-1.11,31.1,68.9
2023-04-28 04:45:00,58.808481033328,0.0,0.0,17.9444444,9.664,40.35,0,5.1764362714980825,70.66250196097344,4,4,4,0.8660254037844386,0.5000000000000001,-0.433883739117558,-0.9009688679024191,0.8660254037844387,-0.4999999999999998,0.0,0.0,0.0,6.3,12.325,99.75,93.0,4.325,6.4880276,0.0,5.4,17.9444444,40.0,40.0,39.68333333333333,39.35,40.5,-8.280444399999999,-0.0037037066666663,-0.2593333333333341,9.923333333333334,9.484,17.96234564888889,9.894666666666666,6.1739306,6.1217275,6.1386127,6.10479,6.1968822,0,4.0,0,0.0,-1.11,31.0,69.0
2023-04-28 05:00:00,47.136725772214,0.0,0.0,17.9444444,9.484,40.5,0,5.1764362714980825,70.66250196097344,5,4,4,0.9659258262890684,0.2588190451025207,-0.433883739117558,-0.9009688679024191,0.8660254037844387,-0.4999999999999998,0.0,0.0,0.0,6.2,10.8,100.0,94.0,4.3,6.471904,0.0,5.2,17.90555555,40.35,40.0,40.0,39.68333333333333,40.55,-8.460444399999998,0.0,-0.1799999999999997,9.664,9.32,17.94567896888889,9.690444444444443,6.1968822,6.1739306,6.1217275,6.1386127,6.1901884,0,4.0,0,0.0,-1.11,31.0,69.0
2023-04-28 05:15:00,62.258343016662,0.0,0.0,17.90555555,9.32,40.55,0,5.1764362714980825,70.66250196097344,5,4,4,0.9659258262890684,0.2588190451025207,-0.433883739117558,-0.9009688679024191,0.8660254037844387,-0.4999999999999998,0.0,0.0,0.0,6.3,10.7,98.75,94.25,4.325,6.4891167,0.0,5.2,17.8888889,40.5,40.35,40.0,40.0,40.96666666666667,-8.58555555,-0.0388888499999993,-0.1640000000000014,9.484,9.161333333333332,17.93148145,9.489333333333333,6.1901884,6.1968822,6.1739306,6.1217275,6.2475924,0,4.0,0,0.0,-1.12,31.4,68.6
2023-04-28 05:30:00,56.861892199996,0.0,0.0,17.8888889,9.161333333333332,40.96666666666667,0,5.1764362714980825,70.66250196097344,5,4,4,0.9659258262890684,0.2588190451025207,-0.433883739117558,-0.9009688679024191,0.8660254037844387,-0.4999999999999998,0.0,0.0,0.0,6.4,10.6,97.5,94.5,4.35,6.506329,0.0,5.2,17.8888889,40.55,40.5,40.35,40.0,41.0,-8.727555566666668,-0.0166666499999976,-0.1586666666666651,9.32,9.203333333333337,17.912962949999997,9.321777777777775,6.2475924,6.1901884,6.1968822,6.1739306,6.2526755,0,4.0,0,0.0,-1.12,31.5,68.5
2023-04-28 05:45:00,48.528892249994,0.0,0.0,17.8888889,9.203333333333337,41.0,0,5.1764362714980825,70.66250196097344,5,4,4,0.9659258262890684,0.2588190451025207,-0.433883739117558,-0.9009688679024191,0.8660254037844387,-0.4999999999999998,0.0,0.0,0.0,6.5,10.5,96.25,94.75,4.375,6.5235415,0.0,5.2,17.868518513333335,40.96666666666667,40.55,40.5,40.35,41.0,-8.685555566666666,0.0,0.0420000000000015,9.161333333333332,9.224,17.89444445,9.228222222222222,6.2526755,6.2475924,6.1901884,6.1968822,6.2450953,0,4.0,0,0.0,-1.12,31.5,68.5
2023-04-28 06:00:00,59.858994511108,0.0,0.0,17.868518513333335,9.224,41.0,0,5.1764362714980825,70.66250196097344,6,4,4,1.0,6.123233995736766e-17,-0.433883739117558,-0.9009688679024191,0.8660254037844387,-0.4999999999999998,0.0,0.0,0.0,6.6,10.4,95.0,95.0,4.4,6.5407543,0.0,5.2,17.8333333,41.0,40.96666666666667,40.55,40.5,41.35,-8.644518513333335,-0.0203703866666664,0.0206666666666652,9.203333333333337,9.186,17.882098771111114,9.196222222222223,6.2450953,6.2526755,6.2475924,6.1901884,6.285224,0,4.0,0,0.0,-1.13,31.7,68.3
2023-04-28 06:15:00,59.362347711108,0.0,0.0,17.8333333,9.186,41.35,0,5.1764362714980825,70.66250196097344,6,4,4,1.0,6.123233995736766e-17,-0.433883739117558,-0.9009688679024191,0.8660254037844387,-0.4999999999999998,9.5,2.375,0.7916666666666666,6.9,10.6,96.25,94.0,4.550000000000001,6.5902543,0.0,5.475,17.8333333,41.0,41.0,40.96666666666667,40.55,41.5,-8.6473333,-0.0351852133333352,-0.0380000000000002,9.224,9.756,17.86358023777778,9.204444444444446,6.285224,6.2450953,6.2526755,6.2475924,6.3080235,0,4.0,0,0.0,-1.13,32.0,68.0
2023-04-28 06:30:00,47.634761399992,0.0,0.0,17.8333333,9.756,41.5,0,5.1764362714980825,70.66250196097344,6,4,4,1.0,6.123233995736766e-17,-0.433883739117558,-0.9009688679024191,0.8660254037844387,-0.4999999999999998,19.0,7.125,2.375,7.199999999999999,10.8,97.5,93.0,4.7,6.6391034,0.0,5.75,17.8333333,41.35,41.0,41.0,40.96666666666667,41.85,-8.0773333,0.0,0.5700000000000003,9.186,10.501333333333331,17.845061704444444,9.388666666666667,6.3080235,6.285224,6.2450953,6.2526755,6.361223,0,4.0,0,0.0,-1.13,32.0,68.0
2023-04-28 06:45:00,59.03736074444,0.0,0.0,17.8333333,10.501333333333331,41.85,0,5.1764362714980825,70.66250196097344,6,4,4,1.0,6.123233995736766e-17,-0.433883739117558,-0.9009688679024191,0.8660254037844387,-0.4999999999999998,28.5,14.25,4.75,7.5,11.0,98.75,92.0,4.85,6.687267,0.0,6.025,17.8333333,41.5,41.35,41.0,41.0,42.0,-7.331999966666666,0.0,0.745333333333333,9.756,10.688666666666668,17.8333333,9.814444444444444,6.361223,6.3080235,6.285224,6.2450953,6.384024,0,4.0,0,0.0,-1.13,31.9,68.1
2023-04-28 07:00:00,37.61071776111,0.0,0.0,17.8333333,10.688666666666668,42.0,0,5.1764362714980825,70.66250196097344,7,4,4,0.9659258262890684,-0.2588190451025206,-0.433883739117558,-0.9009688679024191,0.8660254037844387,-0.4999999999999998,38.0,23.75,7.916666666666667,7.8,11.2,100.0,91.0,5.0,6.734708,0.0,6.3,17.79444445,41.85,41.5,41.35,41.0,42.35,-7.144666633333332,0.0,0.1873333333333349,10.501333333333331,10.634,17.8333333,10.315333333333337,6.384024,6.361223,6.3080235,6.285224,6.4223285,0,4.0,0,0.0,-1.13,31.9,68.1
2023-04-28 07:15:00,35.425527538882,0.0,0.0,17.79444445,10.634,42.35,0,5.1764362714980825,70.66250196097344,7,4,4,0.9659258262890684,-0.2588190451025206,-0.433883739117558,-0.9009688679024191,0.8660254037844387,-0.4999999999999998,66.75,38.0625,13.479166666666666,7.675,12.725,100.0,88.25,5.2,6.836109,0.0,7.0,17.7777778,42.0,41.85,41.5,41.35,42.68333333333333,-7.160444450000002,-0.0388888499999993,-0.0546666666666695,10.688666666666668,10.912666666666668,17.82037035,10.608,6.4223285,6.384024,6.361223,6.3080235,6.4664526,0,4.0,0,0.0,-1.14,32.3,67.7
2023-04-28 07:30:00,151.505050755552,0.0,0.0,17.7777778,10.912666666666668,42.68333333333333,0,5.1764362714980825,70.66250196097344,7,4,4,0.9659258262890684,-0.2588190451025206,-0.433883739117558,-0.9009688679024191,0.8660254037844387,-0.4999999999999998,95.5,57.1875,21.4375,7.55,14.25,100.0,85.5,5.4,6.9304833,0.0,7.699999999999999,17.77222224,42.35,42.0,41.85,41.5,43.0,-6.865111133333333,-0.0166666500000012,0.2786666666666679,10.634,11.103333333333332,17.801851850000002,10.74511111111111,6.4664526,6.4223285,6.384024,6.361223,6.5122714,0,4.0,0,0.0,-1.14,32.4,67.6
2023-04-28 07:45:00,175.408538944444,0.0,0.0,17.77222224,11.103333333333332,43.0,0,5.1764362714980825,70.66250196097344,7,4,4,0.9659258262890684,-0.2588190451025206,-0.433883739117558,-0.9009688679024191,0.8660254037844387,-0.4999999999999998,124.25,81.125,31.791666666666668,7.425,15.775,100.0,82.75,5.6,7.017069,0.0,8.399999999999999,17.746296293333334,42.68333333333333,42.35,42.0,41.85,43.0,-6.66888890666667,-0.0055555599999976,0.1906666666666652,10.912666666666668,11.608,17.781481496666668,10.883333333333333,6.5122714,6.4664526,6.4223285,6.384024,6.5022154,0,4.0,0,0.0,-1.14,32.4,67.6
2023-04-28 08:00:00,45.320131722216,0.0,0.0,17.746296293333334,11.608,43.0,0,5.1764362714980825,70.66250196097344,8,4,4,0.8660254037844387,-0.4999999999999998,-0.433883739117558,-0.9009688679024191,0.8660254037844387,-0.4999999999999998,153.0,109.875,44.54166666666666,7.3,17.3,100.0,80.0,5.8,7.095061,0.0,9.1,17.82222221,43.0,42.68333333333333,42.35,42.0,43.35,-6.138296293333333,-0.0259259466666677,0.5046666666666688,11.103333333333332,12.206666666666669,17.76543211111111,11.207999999999998,6.5022154,6.5122714,6.4664526,6.4223285,6.5848637,0,4.0,0,0.0,-1.15,32.7,67.3
2023-04-28 08:15:00,28.081932361106,0.0,0.0,17.82222221,12.206666666666669,43.35,0,5.1764362714980825,70.66250196097344,8,4,4,0.8660254037844387,-0.4999999999999998,-0.433883739117558,-0.9009688679024191,0.8660254037844387,-0.4999999999999998,197.25,142.5,60.97916666666666,7.625,18.55,100.0,78.25,5.975,7.1646614,0.0,9.6,17.925925930000002,43.0,43.0,42.68333333333333,42.35,43.5,-5.615555543333333,0.0759259166666659,0.5986666666666665,11.608,12.852,17.780246914444447,11.639333333333331,6.5848637,6.5022154,6.5122714,6.4664526,6.6485786,0,4.0,0,0.0,-1.13,31.7,68.3
2023-04-28 08:30:00,26.026458966664,0.0,0.0,17.925925930000002,12.852,43.5,0,5.1764362714980825,70.66250196097344,8,4,4,0.8660254037844387,-0.4999999999999998,-0.433883739117558,-0.9009688679024191,0.8660254037844387,-0.4999999999999998,241.5,179.0,81.10416666666667,7.949999999999999,19.8,100.0,76.5,6.15,7.2303886,0.0,10.1,18.13888891,43.35,43.0,43.0,42.68333333333333,43.15,-5.0739259300000015,0.1037037200000021,0.6453333333333333,12.206666666666669,13.518666666666666,17.83148147777778,12.222222222222223,6.6485786,6.5848637,6.5022154,6.5122714,6.6791444,0,4.0,0,0.0,-1.1,30.5,69.5
2023-04-28 08:45:00,46.66952214444,0.0,0.0,18.13888891,13.518666666666666,43.15,0,5.1764362714980825,70.66250196097344,8,4,4,0.8660254037844387,-0.4999999999999998,-0.433883739117558,-0.9009688679024191,0.8660254037844387,-0.4999999999999998,285.75,219.375,104.91666666666669,8.275,21.05,100.0,74.75,6.325,7.291963,0.0,10.6,18.475925946666667,43.5,43.35,43.0,43.0,42.81666666666667,-4.620222243333332,0.2129629799999968,0.6666666666666661,12.852,14.152,17.962345683333336,12.859111111111112,6.6791444,6.6485786,6.5848637,6.5022154,6.7614336,0,4.0,0,0.0,-1.05,28.4,71.6
2023-04-28 09:00:00,29.25910733889,0.0,0.0,18.475925946666667,14.152,42.81666666666667,0,5.1764362714980825,70.66250196097344,9,4,4,0.7071067811865476,-0.7071067811865475,-0.433883739117558,-0.9009688679024191,0.8660254037844387,-0.4999999999999998,330.0,263.625,132.41666666666666,8.6,22.3,100.0,73.0,6.5,7.349088,0.0,11.1,18.84444446,43.15,43.5,43.35,43.0,42.1,-4.323925946666668,0.3370370366666684,0.6333333333333329,13.518666666666666,14.726666666666668,18.18024692888889,13.507555555555555,6.7614336,6.6791444,6.6485786,6.5848637,6.7948375,0,4.0,0,0.0,-0.98,25.1,74.9
2023-04-28 09:15:00,774.587348616666,0.0,0.0,18.84444446,14.726666666666668,42.1,0,5.1764362714980825,70.66250196097344,9,4,4,0.7071067811865476,-0.7071067811865475,-0.433883739117558,-0.9009688679024191,0.8660254037844387,-0.4999999999999998,382.25,309.875,163.47916666666666,9.05,23.375,100.0,69.75,6.45,7.3368626,0.0,11.8,19.17777776,42.81666666666667,43.15,43.5,43.35,41.71666666666667,-4.117777793333332,0.3685185133333313,0.5746666666666673,14.152,14.954,18.48641977222222,14.132444444444443,6.7948375,6.7614336,6.6791444,6.6485786,6.8667274,0,4.0,0,0.0,-0.89,21.8,78.2
2023-04-28 09:30:00,731.034646244448,0.0,0.0,19.17777776,14.954,41.71666666666667,0,5.1764362714980825,70.66250196097344,9,4,4,0.7071067811865476,-0.7071067811865475,-0.433883739117558,-0.9009688679024191,0.8660254037844387,-0.4999999999999998,434.5,358.125,198.10416666666663,9.5,24.450000000000003,100.0,66.5,6.4,7.3069468,0.0,12.5,19.56666665,42.1,42.81666666666667,43.15,43.5,43.0,-4.223777760000001,0.3333333000000031,0.227333333333334,14.726666666666668,15.63,18.83271605555556,14.610888888888889,6.8667274,6.7948375,6.7614336,6.6791444,7.241814,0,4.0,0,0.0,-0.82,19.1,80.9
2023-04-28 09:45:00,601.141786666668,0.0,0.0,19.56666665,15.63,43.0,0,5.1764362714980825,70.66250196097344,9,4,4,0.7071067811865476,-0.7071067811865475,-0.433883739117558,-0.9009688679024191,0.8660254037844387,-0.4999999999999998,486.75,408.375,236.29166666666663,9.95,25.525,100.0,63.25,6.35,7.25799,0.0,13.2,20.07592593333333,41.71666666666667,42.1,42.81666666666667,43.15,42.85,-3.936666650000003,0.3888888900000005,0.6759999999999984,14.954,15.602666666666666,19.196296290000003,15.103555555555554,7.241814,6.8667274,6.7948375,6.7614336,7.435309,0,4.0,0,0.0,-0.72,15.9,84.1
2023-04-28 10:00:00,34.186688077776,0.0,0.0,20.07592593333333,15.602666666666666,42.85,0,5.1764362714980825,70.66250196097344,10,4,4,0.4999999999999999,-0.8660254037844387,-0.433883739117558,-0.9009688679024191,0.8660254037844387,-0.4999999999999998,539.0,460.625,278.0416666666667,10.4,26.6,100.0,60.0,6.3,7.1885786,0.0,13.9,20.53333333,43.0,41.71666666666667,42.1,42.81666666666667,42.1,-4.473259266666668,0.509259283333332,-0.0273333333333329,15.63,16.463333333333335,19.606790114444447,15.395555555555555,7.435309,7.241814,6.8667274,6.7948375,7.503003,0,4.0,0,0.0,-0.6,12.6,87.4
2023-04-28 10:15:00,31.66734450555,0.0,0.0,20.53333333,16.463333333333335,42.1,0,5.1764362714980825,70.66250196097344,10,4,4,0.4999999999999999,-0.8660254037844387,-0.433883739117558,-0.9009688679024191,0.8660254037844387,-0.4999999999999998,572.5,508.1875,320.1875,11.025,27.875,100.0,56.25,5.725,6.938542,0.0,14.375,20.85925922333333,42.85,43.0,41.71666666666667,42.1,41.53333333333333,-4.069999996666667,0.4574073966666674,0.8606666666666687,15.602666666666666,16.864,20.058641971111115,15.898666666666664,7.503003,7.435309,7.241814,6.8667274,7.5438566,0,4.0,0,0.0,-0.5,10.2,89.8
2023-04-28 10:30:00,51.392944016674,0.0,0.0,20.85925922333333,16.864,41.53333333333333,0,5.1764362714980825,70.66250196097344,10,4,4,0.4999999999999999,-0.8660254037844387,-0.433883739117558,-0.9009688679024191,0.8660254037844387,-0.4999999999999998,606.0,551.0625,362.7291666666667,11.65,29.15,100.0,52.5,5.15,6.6666994,0.0,14.85,21.02777779,42.1,42.85,43.0,41.71666666666667,41.1,-3.9952592233333313,0.3259258933333306,0.400666666666666,16.463333333333335,16.892,20.489506162222224,16.310000000000002,7.5438566,7.503003,7.435309,7.241814,7.5386357,0,4.0,0,0.0,-0.42,8.8,91.2
2023-04-28 10:45:00,31.785950727778,0.0,0.0,21.02777779,16.892,41.1,0,5.1764362714980825,70.66250196097344,10,4,4,0.4999999999999999,-0.8660254037844387,-0.433883739117558,-0.9009688679024191,0.8660254037844387,-0.4999999999999998,639.5,589.25,405.6666666666667,12.275,30.425,100.0,48.75,4.575,6.372126,0.0,15.325,21.14814813666667,41.53333333333333,42.1,42.85,43.0,40.35,-4.135777790000002,0.1685185666666697,0.0279999999999986,16.864,17.290666666666667,20.806790114444446,16.73977777777778,7.5386357,7.5438566,7.503003,7.435309,7.452974,0,4.0,0,0.0,-0.39,8.1,91.9
2023-04-28 11:00:00,39.88201573889,0.0,0.0,21.14814813666667,17.290666666666667,40.35,0,5.1764362714980825,70.66250196097344,11,4,4,0.258819045102521,-0.9659258262890682,-0.433883739117558,-0.9009688679024191,0.8660254037844387,-0.4999999999999998,673.0,622.75,449.0,12.9,31.7,100.0,45.0,4.0,6.05387,0.0,15.8,21.31666664,41.1,41.53333333333333,42.1,42.85,39.9,-3.8574814700000033,0.1203703466666681,0.3986666666666671,16.892,17.844,21.011728383333335,17.015555555555554,7.452974,7.5386357,7.5438566,7.503003,7.442237,0,4.0,0,0.0,-0.36,7.8,92.2
2023-04-28 11:15:00,36.88741336111,0.0,0.0,21.31666664,17.844,39.9,0,5.1764362714980825,70.66250196097344,11,4,4,0.258819045102521,-0.9659258262890682,-0.433883739117558,-0.9009688679024191,0.8660254037844387,-0.4999999999999998,684.5,650.75,489.6041666666667,13.375,32.775,100.0,43.5,3.75,5.9501963,0.0,16.075,21.57037036,40.35,41.1,41.53333333333333,42.1,38.88333333333333,-3.47266664,0.1685185033333311,0.5533333333333346,17.290666666666667,18.336,21.164197522222228,17.342222222222222,7.442237,7.452974,7.5386357,7.5438566,7.359932,0,4.0,0,0.0,-0.33,7.2,92.8
2023-04-28 11:30:00,37.956814950002,0.0,0.0,21.57037036,18.336,38.88333333333333,0,5.1764362714980825,70.66250196097344,11,4,4,0.258819045102521,-0.9659258262890682,-0.433883739117558,-0.9009688679024191,0.8660254037844387,-0.4999999999999998,696.0,673.25,527.4791666666666,13.85,33.85,100.0,42.0,3.5,5.8411326,0.0,16.35,21.81666664,39.9,40.35,41.1,41.53333333333333,38.1,-3.23437036,0.2537037200000007,0.4920000000000009,17.844,18.38133333333333,21.345061712222225,17.823555555555558,7.359932,7.442237,7.452974,7.5386357,7.3150377,0,4.0,0,0.0,-0.27,6.5,93.5
2023-04-28 11:45:00,42.167202011116,0.0,0.0,21.81666664,18.38133333333333,38.1,0,5.1764362714980825,70.66250196097344,11,4,4,0.258819045102521,-0.9659258262890682,-0.433883739117558,-0.9009688679024191,0.8660254037844387,-0.4999999999999998,707.5,690.25,562.625,14.325,34.925,100.0,40.5,3.25,5.7265463,0.0,16.625,22.00925927333333,38.88333333333333,39.9,40.35,41.1,37.53333333333333,-3.435333306666667,0.2462962799999992,0.0453333333333318,18.336,19.037333333333333,21.56790121333334,18.18711111111111,7.3150377,7.359932,7.442237,7.452974,7.2867556,0,4.0,0,0.0,-0.22,6.0,94.0
2023-04-28 12:00:00,31.092922916666,0.0,0.0,22.00925927333333,19.037333333333333,37.53333333333333,0,5.1764362714980825,70.66250196097344,12,4,4,1.2246467991473532e-16,-1.0,-0.433883739117558,-0.9009688679024191,0.8660254037844387,-0.4999999999999998,719.0,701.75,595.0416666666666,14.8,36.0,100.0,39.0,3.0,5.6063056,0.0,16.9,22.13888892,38.1,38.88333333333333,39.9,40.35,37.15,-2.971925940000002,0.1925926333333336,0.6559999999999988,18.38133333333333,18.976666666666667,21.798765424444444,18.584888888888887,7.2867556,7.3150377,7.359932,7.442237,7.2664037,0,4.0,0,0.0,-0.18,5.7,94.3
2023-04-28 12:15:00,48.403341505558,0.0,0.0,22.13888892,18.976666666666667,37.15,0,5.1764362714980825,70.66250196097344,12,4,4,1.2246467991473532e-16,-1.0,-0.433883739117558,-0.9009688679024191,0.8660254037844387,-0.4999999999999998,744.0,716.625,625.1875,14.85,36.175,100.0,38.5,3.05,5.626413,0.0,17.174999999999997,22.2185185,37.53333333333333,38.1,38.88333333333333,39.9,36.81666666666667,-3.162222253333333,0.1296296466666646,-0.0606666666666662,19.037333333333333,19.159333333333333,21.988271611111116,18.79844444444445,7.2664037,7.2867556,7.3150377,7.359932,7.2342935,0,4.0,0,0.0,-0.15,5.5,94.5
2023-04-28 12:30:00,35.491913633332,0.0,0.0,22.2185185,19.159333333333333,36.81666666666667,0,5.1764362714980825,70.66250196097344,12,4,4,1.2246467991473532e-16,-1.0,-0.433883739117558,-0.9009688679024191,0.8660254037844387,-0.4999999999999998,769.0,734.875,653.0625,14.9,36.35,100.0,38.0,3.1,5.645437,0.0,17.45,22.18333335,37.15,37.53333333333333,38.1,38.88333333333333,36.5,-3.059185166666669,0.0796295800000024,0.1826666666666661,18.976666666666667,19.34,22.122222231111117,19.057777777777776,7.2342935,7.2664037,7.2867556,7.3150377,7.1575594,0,4.0,0,0.0,-0.13,5.4,94.6
2023-04-28 12:45:00,337.755378144444,0.0,0.0,22.18333335,19.34,36.5,0,5.1764362714980825,70.66250196097344,12,4,4,1.2246467991473532e-16,-1.0,-0.433883739117558,-0.9009688679024191,0.8660254037844387,-0.4999999999999998,794.0,756.5,678.6666666666666,14.95,36.525000000000006,100.0,37.5,3.1500000000000004,5.6633425,0.0,17.725,22.14629631333333,36.81666666666667,37.15,37.53333333333333,38.1,36.5,-2.8433333500000018,-0.0351851500000002,0.1806666666666672,19.159333333333333,19.07333333333333,22.18024692333334,19.158666666666665,7.1575594,7.2342935,7.2664037,7.2867556,7.1423106,0,4.0,0,0.0,-0.14,5.4,94.6
2023-04-28 13:00:00,47.974191922228,0.0,0.0,22.14629631333333,19.07333333333333,36.5,0,5.1764362714980825,70.66250196097344,13,4,4,-0.2588190451025208,-0.9659258262890684,-0.433883739117558,-0.9009688679024191,0.8660254037844387,-0.4999999999999998,819.0,781.5,702.0,15.0,36.7,100.0,37.0,3.2,5.6800933,0.0,18.0,22.01666666,36.5,36.81666666666667,37.15,37.53333333333333,36.5,-3.07296298,-0.0370370366666676,-0.2666666666666657,19.34,19.162,22.182716054444445,19.19088888888889,7.1423106,7.1575594,7.2342935,7.2664037,7.089168,0,4.0,0,0.0,-0.15,5.5,94.5
2023-04-28 13:15:00,35.976338688888,0.0,0.0,22.01666666,19.162,36.5,0,5.1764362714980825,70.66250196097344,13,4,4,-0.2588190451025208,-0.9659258262890684,-0.433883739117558,-0.9009688679024191,0.8660254037844387,-0.4999999999999998,787.75,792.4375,719.9375,14.85,36.625,100.0,37.0,3.25,5.6970096,0.0,18.05,21.803703676666665,36.5,36.5,36.81666666666667,37.15,36.31666666666667,-2.8546666599999995,-0.1296296533333354,0.0886666666666649,19.07333333333333,18.826666666666664,22.115432107777774,19.191777777777776,7.089168,7.1423106,7.1575594,7.2342935,6.9674287,0,4.0,0,0.0,-0.18,5.7,94.3
2023-04-28 13:30:00,33.627265805562004,0.0,0.0,21.803703676666665,18.826666666666664,36.31666666666667,0,5.1764362714980825,70.66250196097344,13,4,4,-0.2588190451025208,-0.9659258262890684,-0.433883739117558,-0.9009688679024191,0.8660254037844387,-0.4999999999999998,756.5,789.3125,732.4791666666666,14.7,36.55,100.0,37.0,3.3,5.713969,0.0,18.1,21.58888891,36.5,36.5,36.5,36.81666666666667,36.0,-2.97703701,-0.2129629833333339,-0.3353333333333346,19.162,18.481333333333332,21.98888888333333,19.020666666666667,6.9674287,7.089168,7.1423106,7.1575594,6.82147,0,4.0,0,0.0,-0.23,6.1,93.9
2023-04-28 13:45:00,39.215653461114,0.0,0.0,21.58888891,18.481333333333332,36.0,0,5.1764362714980825,70.66250196097344,13,4,4,-0.2588190451025208,-0.9659258262890684,-0.433883739117558,-0.9009688679024191,0.8660254037844387,-0.4999999999999998,725.25,772.125,739.625,14.55,36.475,100.0,37.0,3.35,5.730973,0.0,18.15,21.359259276666663,36.31666666666667,36.5,36.5,36.5,36.0,-3.1075555766666625,-0.2148147666666666,-0.345333333333329,18.826666666666664,18.25933333333333,21.803086415555555,18.82333333333333,6.82147,6.9674287,7.089168,7.1423106,6.7313943,0,4.0,0,0.0,-0.29,6.7,93.3
2023-04-28 14:00:00,41.786939405562,0.0,0.0,21.359259276666663,18.25933333333333,36.0,0,5.1764362714980825,70.66250196097344,14,4,4,-0.4999999999999997,-0.8660254037844388,-0.433883739117558,-0.9009688679024191,0.8660254037844387,-0.4999999999999998,694.0,740.875,741.375,14.4,36.4,100.0,37.0,3.4,5.74802,0.0,18.2,21.15,36.0,36.31666666666667,36.5,36.5,36.0,-3.099925943333332,-0.2296296333333316,-0.2220000000000013,18.481333333333332,18.38733333333333,21.58395062111111,18.52244444444445,6.7313943,6.82147,6.9674287,7.089168,6.650209,0,4.0,0,0.0,-0.34,7.4,92.6
2023-04-28 14:15:00,39.89868173889,0.0,0.0,21.15,18.38733333333333,36.0,0,5.1764362714980825,70.66250196097344,14,4,4,-0.4999999999999997,-0.8660254037844388,-0.433883739117558,-0.9009688679024191,0.8660254037844387,-0.4999999999999998,655.25,707.75,738.9375,14.425,35.95,100.0,37.5,3.425,5.782585,0.0,18.075,20.94629628333333,36.0,36.0,36.31666666666667,36.5,36.0,-2.7626666666666644,-0.2092592766666676,0.1280000000000001,18.25933333333333,18.308,21.366049395555557,18.376,6.650209,6.7313943,6.82147,6.9674287,6.5719934,0,4.0,0,0.0,-0.39,8.2,91.8
2023-04-28 14:30:00,33.0828433,0.0,0.0,20.94629628333333,18.308,36.0,0,5.1764362714980825,70.66250196097344,14,4,4,-0.4999999999999997,-0.8660254037844388,-0.433883739117558,-0.9009688679024191,0.8660254037844387,-0.4999999999999998,616.5,672.75,732.3125,14.45,35.5,100.0,38.0,3.45,5.8162804,0.0,17.95,20.74444442,36.0,36.0,36.0,36.31666666666667,36.35,-2.6382962833333323,-0.2037037166666664,-0.0793333333333343,18.38733333333333,18.31066666666667,21.151851853333337,18.31822222222222,6.5719934,6.650209,6.7313943,6.82147,6.558423,0,4.0,0,0.0,-0.44,9.0,91.0
2023-04-28 14:45:00,38.176806166668,0.0,0.0,20.74444442,18.31066666666667,36.35,0,5.1764362714980825,70.66250196097344,14,4,4,-0.4999999999999997,-0.8660254037844388,-0.433883739117558,-0.9009688679024191,0.8660254037844387,-0.4999999999999998,577.75,635.875,721.5,14.475,35.05,100.0,38.5,3.475,5.8491178,0.0,17.825,20.57777777,36.0,36.0,36.0,36.0,36.68333333333333,-2.433777753333328,-0.201851863333335,0.0026666666666699,18.308,18.094,20.946913567777777,18.33533333333333,6.558423,6.5719934,6.650209,6.7313943,6.554614,0,4.0,0,0.0,-0.48,9.9,90.1
2023-04-28 15:00:00,45.726781905558,0.0,0.0,20.57777777,18.094,36.68333333333333,0,5.1764362714980825,70.66250196097344,15,4,4,-0.7071067811865471,-0.7071067811865479,-0.433883739117558,-0.9009688679024191,0.8660254037844387,-0.4999999999999998,539.0,597.125,706.5,14.5,34.6,100.0,39.0,3.5,5.881103,0.0,17.7,20.44999997,36.35,36.0,36.0,36.0,37.0,-2.483777770000003,-0.1666666499999962,-0.2166666666666721,18.31066666666667,17.774,20.756172824444445,18.23755555555556,6.554614,6.558423,6.5719934,6.650209,6.5621104,0,4.0,0,0.0,-0.52,10.6,89.4
2023-04-28 15:15:00,30.521834727774,0.0,0.0,20.44999997,17.774,37.0,0,5.1764362714980825,70.66250196097344,15,4,4,-0.7071067811865471,-0.7071067811865479,-0.433883739117558,-0.9009688679024191,0.8660254037844387,-0.4999999999999998,478.75,553.0,684.3958333333334,14.725,34.5,100.0,39.75,3.425,5.8702335,0.0,17.35,20.29999997,36.68333333333333,36.35,36.0,36.0,37.0,-2.6759999699999995,-0.1277778000000005,-0.3199999999999967,18.094,17.518666666666665,20.59074072,18.05955555555556,6.5621104,6.554614,6.558423,6.5719934,6.504893,0,4.0,0,0.0,-0.55,11.3,88.7
2023-04-28 15:30:00,36.586036533332,0.0,0.0,20.29999997,17.518666666666665,37.0,0,5.1764362714980825,70.66250196097344,15,4,4,-0.7071067811865471,-0.7071067811865479,-0.433883739117558,-0.9009688679024191,0.8660254037844387,-0.4999999999999998,418.5,503.5,655.1875,14.95,34.400000000000006,100.0,40.5,3.35,5.856958,0.0,17.0,20.17222224,37.0,36.68333333333333,36.35,36.0,37.35,-2.7813333033333336,-0.1500000000000021,-0.2553333333333363,17.774,17.39333333333333,20.44259257,17.795555555555556,6.504893,6.5621104,6.554614,6.558423,6.5175667,0,4.0,0,0.0,-0.58,12.1,87.9
2023-04-28 15:45:00,47.563375088892,0.0,0.0,20.17222224,17.39333333333333,37.35,0,5.1764362714980825,70.66250196097344,15,4,4,-0.7071067811865471,-0.7071067811865479,-0.433883739117558,-0.9009688679024191,0.8660254037844387,-0.4999999999999998,358.25,448.625,618.875,15.175,34.300000000000004,100.0,41.25,3.2750000000000004,5.841368,0.0,16.65,20.04259262,37.0,37.0,36.68333333333333,36.35,37.5,-2.778888906666669,-0.1277777299999982,-0.1253333333333337,17.518666666666665,17.16,20.30740739333333,17.561999999999998,6.5175667,6.504893,6.5621104,6.554614,6.494297,0,4.0,0,0.0,-0.61,12.8,87.2
2023-04-28 16:00:00,30.488224938886,0.0,0.0,20.04259262,17.16,37.5,0,5.1764362714980825,70.66250196097344,16,4,4,-0.8660254037844385,-0.5000000000000004,-0.433883739117558,-0.9009688679024191,0.8660254037844387,-0.4999999999999998,298.0,388.375,575.4583333333334,15.4,34.2,100.0,42.0,3.2,5.8235536,0.0,16.3,19.91666667,37.35,37.0,37.0,36.68333333333333,37.5,-2.8825926200000005,-0.1296296199999993,-0.2333333333333307,17.39333333333333,16.92866666666667,20.17160494333333,17.35733333333333,6.494297,6.5175667,6.504893,6.5621104,6.4465785,0,4.0,0,0.0,-0.64,13.5,86.5
2023-04-28 16:15:00,40.524490022224,0.0,0.0,19.91666667,16.92866666666667,37.5,0,5.1764362714980825,70.66250196097344,16,4,4,-0.8660254037844385,-0.5000000000000004,-0.433883739117558,-0.9009688679024191,0.8660254037844387,-0.4999999999999998,261.75,334.125,531.625,15.0,34.025000000000006,100.0,43.25,3.25,5.8537545,0.0,15.9,19.796296270000003,37.5,37.35,37.0,37.0,37.5,-2.9880000033333296,-0.1259259500000027,-0.2313333333333318,17.16,16.851333333333333,20.043827176666667,17.160666666666668,6.4465785,6.494297,6.5175667,6.504893,6.401247,0,4.0,0,0.0,-0.67,14.4,85.6
2023-04-28 16:30:00,42.030818600004,0.0,0.0,19.796296270000003,16.851333333333333,37.5,0,5.1764362714980825,70.66250196097344,16,4,4,-0.8660254037844385,-0.5000000000000004,-0.433883739117558,-0.9009688679024191,0.8660254037844387,-0.4999999999999998,225.5,285.875,487.375,14.6,33.85,100.0,44.5,3.3,5.8787436,0.0,15.5,19.67222224,37.5,37.5,37.35,37.0,37.5,-2.94496293666667,-0.1203703999999952,-0.0773333333333354,16.92866666666667,16.683333333333334,19.918518520000003,16.98,6.401247,6.4465785,6.494297,6.5175667,6.3548107,0,4.0,0,0.0,-0.7,15.2,84.8
2023-04-28 16:45:00,32.734246277772,0.0,0.0,19.67222224,16.683333333333334,37.5,0,5.1764362714980825,70.66250196097344,16,4,4,-0.8660254037844385,-0.5000000000000004,-0.433883739117558,-0.9009688679024191,0.8660254037844387,-0.4999999999999998,189.25,243.625,442.7083333333333,14.2,33.675,100.0,45.75,3.35,5.898726,0.0,15.1,19.54259262,37.5,37.5,37.5,37.35,37.5,-2.9888889066666664,-0.1240740300000027,-0.1679999999999992,16.851333333333333,16.53666666666667,19.79506172666667,16.82111111111111,6.3548107,6.401247,6.4465785,6.494297,6.306608,0,4.0,0,0.0,-0.72,16.0,84.0
2023-04-28 17:00:00,42.177757338886,0.0,0.0,19.54259262,16.53666666666667,37.5,0,5.1764362714980825,70.66250196097344,17,4,4,-0.9659258262890684,-0.2588190451025206,-0.433883739117558,-0.9009688679024191,0.8660254037844387,-0.4999999999999998,153.0,207.375,397.625,13.8,33.5,100.0,47.0,3.4,5.913897,0.0,14.7,19.45555553,37.5,37.5,37.5,37.5,37.15,-3.005925953333332,-0.1296296199999993,-0.1466666666666647,16.683333333333334,16.320666666666668,19.670370376666668,16.690444444444445,6.306608,6.3548107,6.401247,6.4465785,6.2158585,0,4.0,0,0.0,-0.75,17.0,83.0
2023-04-28 17:15:00,33.533103072222,0.0,0.0,19.45555553,16.320666666666668,37.15,0,5.1764362714980825,70.66250196097344,17,4,4,-0.9659258262890684,-0.2588190451025206,-0.433883739117558,-0.9009688679024191,0.8660254037844387,-0.4999999999999998,153.75,180.375,355.8333333333333,13.1,32.325,100.0,48.25,3.625,6.015793,0.0,14.55,19.37222221333333,37.5,37.5,37.5,37.5,37.0,-3.134888863333334,-0.087037089999999,-0.216000000000001,16.53666666666667,16.064,19.556790130000003,16.513555555555556,6.2158585,6.306608,6.3548107,6.401247,6.160488,0,4.0,0,0.0,-0.78,17.7,82.3
2023-04-28 17:30:00,42.091371794446,0.0,0.0,19.37222221333333,16.064,37.0,0,5.1764362714980825,70.66250196097344,17,4,4,-0.9659258262890684,-0.2588190451025206,-0.433883739117558,-0.9009688679024191,0.8660254037844387,-0.4999999999999998,154.5,162.625,317.3333333333333,12.4,31.15,100.0,49.5,3.85,6.1152687,0.0,14.4,19.28888889,37.15,37.5,37.5,37.5,37.0,-3.3082222133333303,-0.0833333166666712,-0.2566666666666677,16.320666666666668,15.926,19.456790121111112,16.307111111111112,6.160488,6.2158585,6.306608,6.3548107,6.1303406,0,4.0,0,0.0,-0.8,18.4,81.6
2023-04-28 17:45:00,38.877889355552,0.0,0.0,19.28888889,15.926,37.0,0,5.1764362714980825,70.66250196097344,17,4,4,-0.9659258262890684,-0.2588190451025206,-0.433883739117558,-0.9009688679024191,0.8660254037844387,-0.4999999999999998,155.25,154.125,282.125,11.7,29.975,100.0,50.75,4.075,6.2123566,0.0,14.25,19.225925906666667,37.0,37.15,37.5,37.5,36.81666666666667,-3.362888889999999,-0.0833333233333313,-0.1379999999999999,16.064,15.818666666666669,19.37222221111111,16.103555555555555,6.1303406,6.160488,6.2158585,6.306608,6.077386,0,4.0,0,0.0,-0.82,19.1,80.9
2023-04-28 18:00:00,30.451559822216,0.0,0.0,19.225925906666667,15.818666666666669,36.81666666666667,0,5.1764362714980825,70.66250196097344,18,4,4,-1.0,-1.8369701987210294e-16,-0.433883739117558,-0.9009688679024191,0.8660254037844387,-0.4999999999999998,156.0,154.875,250.20833333333331,11.0,28.8,100.0,52.0,4.3,6.307088,0.0,14.1,19.17777779,37.0,37.0,37.15,37.5,36.5,-3.40725924,-0.0629629833333318,-0.107333333333333,15.926,15.627333333333333,19.295679003333333,15.936222222222222,6.077386,6.1303406,6.160488,6.2158585,6.0080433,0,4.0,0,0.0,-0.83,19.6,80.4
2023-04-28 18:15:00,49.062759594446,0.0,0.0,19.17777779,15.627333333333333,36.5,0,5.1764362714980825,70.66250196097344,18,4,4,-1.0,-1.8369701987210294e-16,-0.433883739117558,-0.9009688679024191,0.8660254037844387,-0.4999999999999998,132.75,149.625,221.375,11.375,27.8,100.0,53.0,4.325,6.3109913,0.0,13.8,19.09444445666667,36.81666666666667,37.0,37.0,37.15,36.5,-3.550444456666668,-0.0481481166666668,-0.1913333333333344,15.818666666666669,15.525333333333332,19.23086419555556,15.790666666666668,6.0080433,6.077386,6.1303406,6.160488,5.9785976,0,4.0,0,0.0,-0.84,20.1,79.9
2023-04-28 18:30:00,326.162786283334,0.0,0.0,19.09444445666667,15.525333333333332,36.5,0,5.1764362714980825,70.66250196097344,18,4,4,-1.0,-1.8369701987210294e-16,-0.433883739117558,-0.9009688679024191,0.8660254037844387,-0.4999999999999998,109.5,138.375,195.625,11.75,26.8,100.0,54.0,4.35,6.312366,0.0,13.5,19.01666668,36.5,36.81666666666667,37.0,37.0,36.15,-3.569111123333336,-0.0833333333333321,-0.1020000000000003,15.627333333333333,15.258666666666668,19.166049384444445,15.657111111111112,5.9785976,6.0080433,6.077386,6.1303406,5.8941627,0,4.0,0,0.0,-0.86,20.8,79.2
2023-04-28 18:45:00,30.473225705546,0.0,0.0,19.01666668,15.258666666666668,36.15,0,5.1764362714980825,70.66250196097344,18,4,4,-1.0,-1.8369701987210294e-16,-0.433883739117558,-0.9009688679024191,0.8660254037844387,-0.4999999999999998,86.25,121.125,172.95833333333334,12.125,25.8,100.0,55.0,4.375,6.311296,0.0,13.2,18.979629613333334,36.5,36.5,36.81666666666667,37.0,36.0,-3.7580000133333336,-0.077777776666668,-0.2666666666666657,15.525333333333332,14.993333333333334,19.09629630888889,15.470444444444444,5.8941627,5.9785976,6.0080433,6.077386,5.856889,0,4.0,0,0.0,-0.88,21.5,78.5
2023-04-28 19:00:00,47.156169227778,0.0,0.0,18.979629613333334,14.993333333333334,36.0,0,5.1764362714980825,70.66250196097344,19,4,4,-0.9659258262890684,0.2588190451025203,-0.433883739117558,-0.9009688679024191,0.8660254037844387,-0.4999999999999998,63.0,97.875,153.375,12.5,24.8,100.0,56.0,4.4,6.307858,0.0,12.9,18.90555555,36.15,36.5,36.5,36.81666666666667,36.05,-3.98629628,-0.0370370666666666,-0.2653333333333325,15.258666666666668,14.827333333333334,19.03024691666667,15.25911111111111,5.856889,5.8941627,5.9785976,6.0080433,5.839427,0,4.0,0,0.0,-0.89,21.9,78.1
2023-04-28 19:15:00,36.174386316666,0.0,0.0,18.90555555,14.827333333333334,36.05,0,5.1764362714980825,70.66250196097344,19,4,4,-0.9659258262890684,0.2588190451025203,-0.433883739117558,-0.9009688679024191,0.8660254037844387,-0.4999999999999998,50.75,77.375,135.79166666666666,13.525,25.975,100.0,57.75,4.425000000000001,6.345505,0.0,12.5,18.86851851333333,36.0,36.15,36.5,36.5,36.46666666666667,-4.078222216666665,-0.0740740633333345,-0.1660000000000003,14.993333333333334,14.43,18.96728394777778,15.026444444444444,5.839427,5.856889,5.8941627,5.9785976,5.894009,0,4.0,0,0.0,-0.91,22.5,77.5
2023-04-28 19:30:00,31.716231483326,0.0,0.0,18.86851851333333,14.43,36.46666666666667,0,5.1764362714980825,70.66250196097344,19,4,4,-0.9659258262890684,0.2588190451025203,-0.433883739117558,-0.9009688679024191,0.8660254037844387,-0.4999999999999998,38.5,59.625,120.20833333333331,14.55,27.15,100.0,59.5,4.45,6.377006,0.0,12.1,18.82777775,36.05,36.0,36.15,36.5,36.85,-4.438518513333335,-0.0370370366666641,-0.397333333333334,14.827333333333334,14.006,18.91790122555556,14.750222222222222,5.894009,5.839427,5.856889,5.8941627,5.941645,0,4.0,0,0.0,-0.92,22.7,77.3
2023-04-28 19:45:00,41.00863742222,0.0,0.0,18.82777775,14.006,36.85,0,5.1764362714980825,70.66250196097344,19,4,4,-0.9659258262890684,0.2588190451025203,-0.433883739117558,-0.9009688679024191,0.8660254037844387,-0.4999999999999998,26.25,44.625,106.625,15.575,28.325,100.0,61.25,4.475,6.4026036,0.0,11.7,18.7814815,36.46666666666667,36.05,36.0,36.15,36.81666666666667,-4.821777749999999,-0.0407407633333356,-0.4239999999999995,14.43,13.928,18.86728393777778,14.421111111111111,5.941645,5.894009,5.839427,5.856889,5.9200478,0,4.0,0,0.0,-0.92,23.0,77.0
2023-04-28 20:00:00,41.699165250002,0.0,0.0,18.7814815,13.928,36.81666666666667,0,5.1764362714980825,70.66250196097344,20,4,4,-0.8660254037844386,0.5000000000000001,-0.433883739117558,-0.9009688679024191,0.8660254037844387,-0.4999999999999998,14.0,32.375,95.04166666666669,16.6,29.5,100.0,63.0,4.5,6.4225373,0.0,11.3,18.73888888,36.85,36.46666666666667,36.05,36.0,36.5,-4.853481499999999,-0.046296250000001,-0.0780000000000011,14.006,14.014,18.82592592111111,14.121333333333332,5.9200478,5.941645,5.894009,5.839427,5.854367,0,4.0,0,0.0,-0.94,23.5,76.5
2023-04-28 20:15:00,36.349657188884,0.0,0.0,18.73888888,14.014,36.5,0,5.1764362714980825,70.66250196097344,20,4,4,-0.8660254037844386,0.5000000000000001,-0.433883739117558,-0.9009688679024191,0.8660254037844387,-0.4999999999999998,10.5,22.3125,83.10416666666667,16.400000000000002,30.5,100.0,63.75,4.475,6.407789,0.05,11.075,18.70185185,36.81666666666667,36.85,36.46666666666667,36.05,36.68333333333333,-4.72488888,-0.042592619999997,0.086000000000002,13.928,13.428666666666668,18.78271604333333,13.982666666666669,5.854367,5.9200478,5.941645,5.894009,5.8708963,0,4.0,0,0.0,-0.95,23.9,76.1
2023-04-28 20:30:00,35.978005455548,0.0,0.0,18.70185185,13.428666666666668,36.68333333333333,0,5.1764362714980825,70.66250196097344,20,4,4,-0.8660254037844386,0.5000000000000001,-0.433883739117558,-0.9009688679024191,0.8660254037844387,-0.4999999999999998,7.0,14.4375,70.8125,16.200000000000003,31.5,100.0,64.5,4.45,6.3920264,0.1,10.85,18.6666667,36.5,36.81666666666667,36.85,36.46666666666667,37.4,-5.273185183333334,-0.0370370300000004,-0.5853333333333346,14.014,12.456,18.740740743333333,13.79022222222222,5.8708963,5.854367,5.9200478,5.941645,5.9731464,0,4.0,0,0.0,-0.95,24.2,75.8
2023-04-28 20:45:00,38.000702211108,0.0,0.0,18.6666667,12.456,37.4,0,5.1764362714980825,70.66250196097344,20,4,4,-0.8660254037844386,0.5000000000000001,-0.433883739117558,-0.9009688679024191,0.8660254037844387,-0.4999999999999998,3.5,8.75,58.16666666666666,16.0,32.5,100.0,65.25,4.425000000000001,6.3752737,0.15,10.625,18.64629631333333,36.68333333333333,36.5,36.81666666666667,36.85,38.15,-6.210666700000001,-0.0351851500000002,-0.972666666666667,13.428666666666668,11.440666666666669,18.70246914333333,13.299555555555555,5.9731464,5.8708963,5.854367,5.9200478,6.0855865,0,4.0,0,0.0,-0.96,24.4,75.6
2023-04-28 21:00:00,45.417349783338,0.0,0.0,18.64629631333333,11.440666666666669,38.15,0,5.1764362714980825,70.66250196097344,21,4,4,-0.7071067811865477,0.7071067811865474,-0.433883739117558,-0.9009688679024191,0.8660254037844387,-0.4999999999999998,0.0,5.25,45.16666666666666,15.8,33.5,100.0,66.0,4.4,6.3575625,0.2,10.4,18.60555555,37.4,36.68333333333333,36.5,36.81666666666667,38.85,-7.205629646666667,-0.0203703866666664,-1.0153333333333323,12.456,10.614666666666666,18.671604954444444,12.441777777777778,6.0855865,5.9731464,5.8708963,5.854367,6.1823225,0,4.0,0,0.0,-0.96,24.4,75.6
2023-04-28 21:15:00,30.837377672218,0.0,0.0,18.60555555,10.614666666666666,38.85,0,5.1764362714980825,70.66250196097344,21,4,4,-0.7071067811865477,0.7071067811865474,-0.433883739117558,-0.9009688679024191,0.8660254037844387,-0.4999999999999998,0.0,2.625,34.104166666666664,15.55,33.05,100.0,64.75,4.075,6.2174673,0.15,10.35,18.5592593,38.15,37.4,36.68333333333333,36.5,39.18333333333333,-7.990888883333335,-0.0407407633333321,-0.8260000000000005,11.440666666666669,10.168,18.63950618777778,11.503777777777778,6.1823225,6.0855865,5.9731464,5.8708963,6.218297,0,4.0,0,0.0,-0.97,24.7,75.3
2023-04-28 21:30:00,32.043440511108,0.0,0.0,18.5592593,10.168,39.18333333333333,0,5.1764362714980825,70.66250196097344,21,4,4,-0.7071067811865477,0.7071067811865474,-0.433883739117558,-0.9009688679024191,0.8660254037844387,-0.4999999999999998,0.0,0.875,24.979166666666668,15.3,32.6,100.0,63.5,3.75,6.0781837,0.1,10.3,18.55000004,38.85,38.15,37.4,36.68333333333333,39.5,-8.3912593,-0.046296250000001,-0.4466666666666654,10.614666666666666,10.177333333333332,18.603703721111117,10.74111111111111,6.218297,6.1823225,6.0855865,5.9731464,6.265115,0,4.0,0,0.0,-0.97,25.1,74.9
2023-04-28 21:45:00,52.361238899996,0.0,0.0,18.55000004,10.177333333333332,39.5,0,5.1764362714980825,70.66250196097344,21,4,4,-0.7071067811865477,0.7071067811865474,-0.433883739117558,-0.9009688679024191,0.8660254037844387,-0.4999999999999998,0.0,0.0,17.791666666666668,15.05,32.15,100.0,62.25,3.4250000000000003,5.9397116,0.0499999999999999,10.25,18.48333332,39.18333333333333,38.85,38.15,37.4,39.5,-8.372666706666667,-0.0092592600000003,0.0093333333333323,10.168,10.313333333333333,18.57160496333333,10.32,6.265115,6.218297,6.1823225,6.0855865,6.240418,0,4.0,0,0.0,-0.97,25.1,74.9
2023-04-28 22:00:00,30.614886672214,0.0,0.0,18.48333332,10.313333333333333,39.5,0,5.1764362714980825,70.66250196097344,22,4,4,-0.5000000000000004,0.8660254037844384,-0.433883739117558,-0.9009688679024191,0.8660254037844387,-0.4999999999999998,0.0,0.0,12.541666666666666,14.8,31.7,100.0,61.0,3.1,5.8020453,0.0,10.2,18.4444444,39.5,39.18333333333333,38.85,38.15,39.85,-8.169999986666667,-0.0666667200000006,0.1359999999999992,10.177333333333332,10.23,18.53086422,10.219555555555557,6.240418,6.265115,6.218297,6.1823225,6.281218,0,4.0,0,0.0,-0.99,25.7,74.3
2023-04-28 22:15:00,36.417432177776,0.0,0.0,18.4444444,10.23,39.85,0,5.1764362714980825,70.66250196097344,22,4,4,-0.5000000000000004,0.8660254037844384,-0.433883739117558,-0.9009688679024191,0.8660254037844387,-0.4999999999999998,0.0,0.0,8.3125,14.675,31.425,100.0,60.75,2.95,5.7417793,0.025,10.1,18.42407405,39.5,39.5,39.18333333333333,38.85,40.18333333333333,-8.2144444,-0.0388889200000015,-0.0833333333333339,10.313333333333333,10.075333333333331,18.492592586666667,10.240222222222222,6.281218,6.240418,6.265115,6.218297,6.326116,0,4.0,0,0.0,-1.0,26.0,74.0
2023-04-28 22:30:00,45.178192766668,0.0,0.0,18.42407405,10.075333333333331,40.18333333333333,0,5.1764362714980825,70.66250196097344,22,4,4,-0.5000000000000004,0.8660254037844384,-0.433883739117558,-0.9009688679024191,0.8660254037844387,-0.4999999999999998,0.0,0.0,5.104166666666667,14.55,31.15,100.0,60.5,2.8,5.6820135,0.05,10.0,18.3888889,39.85,39.5,39.5,39.18333333333333,40.85,-8.348740716666665,-0.0203703500000003,-0.1546666666666656,10.23,10.042666666666667,18.450617256666664,10.20622222222222,6.326116,6.281218,6.240418,6.265115,6.417666,0,4.0,0,0.0,-1.0,26.1,73.9
2023-04-28 22:45:00,32.548420394438,0.0,0.0,18.3888889,10.042666666666667,40.85,0,5.1764362714980825,70.66250196097344,22,4,4,-0.5000000000000004,0.8660254037844384,-0.433883739117558,-0.9009688679024191,0.8660254037844387,-0.4999999999999998,0.0,0.0,2.9166666666666665,14.425,30.875,100.0,60.25,2.65,5.6227455,0.075,9.9,18.3888889,40.18333333333333,39.85,39.5,39.5,41.18333333333333,-8.346222233333334,-0.0351851499999966,-0.0326666666666657,10.075333333333331,9.932,18.41913578333333,10.116,6.417666,6.326116,6.281218,6.240418,6.4700336,0,4.0,0,0.0,-1.01,26.4,73.6
2023-04-28 23:00:00,41.957210627774,0.0,0.0,18.3888889,9.932,41.18333333333333,0,5.1764362714980825,70.66250196097344,23,4,4,-0.2588190451025215,0.965925826289068,-0.433883739117558,-0.9009688679024191,0.8660254037844387,-0.4999999999999998,0.0,0.0,1.75,14.3,30.6,100.0,60.0,2.5,5.5639715,0.1,9.8,18.34999998,40.85,40.18333333333333,39.85,39.5,41.5,-8.456888900000003,0.0,-0.1106666666666686,10.042666666666667,9.628666666666668,18.40061728333333,10.016666666666667,6.4700336,6.417666,6.326116,6.281218,6.504761,0,4.0,0,0.0,-1.0,26.3,73.7
2023-04-28 23:15:00,33.883644716662,0.0,0.0,18.34999998,9.628666666666668,41.5,0,5.1764362714980825,70.66250196097344,23,4,4,-0.2588190451025215,0.965925826289068,-0.433883739117558,-0.9009688679024191,0.8660254037844387,-0.4999999999999998,0.0,0.0,0.875,13.9,30.25,100.0,60.0,2.375,5.5287232,0.1,9.7,18.31296295,41.18333333333333,40.85,40.18333333333333,39.85,41.5,-8.721333313333332,-0.0388889200000015,-0.303333333333331,9.932,9.54,18.375925926666667,9.867777777777777,6.504761,6.4700336,6.417666,6.326116,6.490485,0,4.0,0,0.0,-1.01,26.6,73.4
2023-04-28 23:30:00,38.903721672218,0.0,0.0,18.31296295,9.54,41.5,0,5.1764362714980825,70.66250196097344,23,4,4,-0.2588190451025215,0.965925826289068,-0.433883739117558,-0.9009688679024191,0.8660254037844387,-0.4999999999999998,0.0,0.0,0.2916666666666667,13.5,29.9,100.0,60.0,2.25,5.49367,0.1,9.6,18.2777778,41.5,41.18333333333333,40.85,40.18333333333333,41.5,-8.77296295,-0.0370370300000004,-0.0886666666666684,9.628666666666668,9.488,18.350617276666668,9.70022222222222,6.490485,6.504761,6.4700336,6.417666,6.4769464,0,4.0,0,0.0,-1.02,27.0,73.0
2023-04-28 23:45:00,710.879063600004,0.0,0.0,18.2777778,9.488,41.5,0,5.1764362714980825,70.66250196097344,23,4,4,-0.2588190451025215,0.965925826289068,-0.433883739117558,-0.9009688679024191,0.8660254037844387,-0.4999999999999998,0.0,0.0,0.0,13.1,29.55,100.0,60.0,2.125,5.4588113,0.1,9.5,18.2777778,41.5,41.5,41.18333333333333,40.85,41.5,-8.7897778,-0.0351851500000002,-0.0519999999999996,9.54,9.508,18.31358024333333,9.552222222222222,6.4769464,6.490485,6.504761,6.4700336,6.4769464,0,4.0,0,0.0,-1.03,27.3,72.7
2023-04-29 00:00:00,141.84043740555,0.0,0.0,18.2777778,9.508,41.5,0,5.1764362714980825,70.66250196097344,0,5,4,0.0,1.0,-0.9749279121818236,-0.2225209339563146,0.8660254037844387,-0.4999999999999998,0.0,0.0,0.0,12.7,29.2,100.0,60.0,2.0,5.4241447,0.1,9.4,18.23888888,41.5,41.5,41.5,41.18333333333333,41.85,-8.769777799999998,0.0,0.0200000000000013,9.488,9.627333333333333,18.289506183333334,9.512,6.4769464,6.4769464,6.490485,6.504761,6.516509,0,4.0,0,0.0,-1.03,27.3,72.7
2023-04-29 00:15:00,202.981324772226,0.0,0.0,18.23888888,9.627333333333333,41.85,0,5.1764362714980825,70.66250196097344,0,5,4,0.0,1.0,-0.9749279121818236,-0.2225209339563146,0.8660254037844387,-0.4999999999999998,0.0,0.0,0.0,12.825,28.75,100.0,60.75,2.1,5.4657493,0.075,9.325,18.20185185,41.5,41.5,41.5,41.5,42.0,-8.611555546666668,-0.0388889199999979,0.1193333333333317,9.508,9.567333333333332,18.26481482666667,9.541111111111112,6.516509,6.4769464,6.4769464,6.490485,6.525499,0,4.0,0,0.0,-1.04,27.6,72.4
2023-04-29 00:30:00,35.96328357778,0.0,0.0,18.20185185,9.567333333333332,42.0,0,5.1764362714980825,70.66250196097344,0,5,4,0.0,1.0,-0.9749279121818236,-0.2225209339563146,0.8660254037844387,-0.4999999999999998,0.0,0.0,0.0,12.95,28.3,100.0,61.5,2.2,5.506818,0.05,9.25,18.1666667,41.85,41.5,41.5,41.5,42.05,-8.634518516666668,-0.0370370300000004,-0.0600000000000005,9.627333333333333,9.590666666666667,18.239506176666666,9.567555555555556,6.525499,6.516509,6.4769464,6.4769464,6.5196266,0,4.0,0,0.0,-1.04,28.0,72.0
2023-04-29 00:45:00,30.66960658333,0.0,0.0,18.1666667,9.590666666666667,42.05,0,5.1764362714980825,70.66250196097344,0,5,4,0.0,1.0,-0.9749279121818236,-0.2225209339563146,0.8660254037844387,-0.4999999999999998,0.0,0.0,0.0,13.075,27.85,100.0,62.25,2.3,5.5473537,0.0249999999999999,9.175,18.14629631333333,42.0,41.85,41.5,41.5,42.46666666666667,-8.576000033333333,-0.0351851500000002,0.0233333333333352,9.567333333333332,9.537333333333333,18.20246914333333,9.59511111111111,6.5196266,6.525499,6.516509,6.4769464,6.5762634,0,4.0,0,0.0,-1.05,28.3,71.7
2023-04-29 01:00:00,46.664799866672,0.0,0.0,18.14629631333333,9.537333333333333,42.46666666666667,0,5.1764362714980825,70.66250196097344,1,5,4,0.2588190451025207,0.9659258262890684,-0.9749279121818236,-0.2225209339563146,0.8660254037844387,-0.4999999999999998,0.0,0.0,0.0,13.2,27.4,100.0,63.0,2.4,5.5873604,0.0,9.1,18.1111111,42.05,42.0,41.85,41.5,42.45,-8.608962980000001,-0.0203703866666664,-0.0533333333333345,9.590666666666667,9.343333333333334,18.171604954444444,9.565111111111111,6.5762634,6.5196266,6.525499,6.516509,6.5599527,0,4.0,0,0.0,-1.05,28.4,71.6
2023-04-29 01:15:00,36.728808522224,0.0,0.0,18.1111111,9.343333333333334,42.45,0,5.1764362714980825,70.66250196097344,1,5,4,0.2588190451025207,0.9659258262890684,-0.9749279121818236,-0.2225209339563146,0.8660254037844387,-0.4999999999999998,0.0,0.0,0.0,12.95,27.475,100.0,63.75,2.5,5.617854,0.1,9.0,18.09074075,42.46666666666667,42.05,42.0,41.85,42.21666666666667,-8.767777766666665,-0.0351852133333352,-0.193999999999999,9.537333333333333,9.370666666666668,18.141358037777778,9.490444444444444,6.5599527,6.5762634,6.5196266,6.525499,6.5160017,0,4.0,0,0.0,-1.06,28.8,71.2
2023-04-29 01:30:00,32.54758712777,0.0,0.0,18.09074075,9.370666666666668,42.21666666666667,0,5.1764362714980825,70.66250196097344,1,5,4,0.2588190451025207,0.9659258262890684,-0.9749279121818236,-0.2225209339563146,0.8660254037844387,-0.4999999999999998,0.0,0.0,0.0,12.7,27.55,100.0,64.5,2.6,5.647704,0.2,8.899999999999999,18.0555556,42.45,42.46666666666667,42.05,42.0,42.15,-8.720074083333335,-0.0203703499999967,0.0273333333333329,9.343333333333334,9.437333333333331,18.116049387777775,9.417111111111112,6.5160017,6.5599527,6.5762634,6.5196266,6.492117,0,4.0,0,0.0,-1.07,29.1,70.9
2023-04-29 01:45:00,40.314498488888,0.0,0.0,18.0555556,9.437333333333331,42.15,0,5.1764362714980825,70.66250196097344,1,5,4,0.2588190451025207,0.9659258262890684,-0.9749279121818236,-0.2225209339563146,0.8660254037844387,-0.4999999999999998,0.0,0.0,0.0,12.45,27.625,100.0,65.25,2.7,5.676915,0.3,8.799999999999999,18.0555556,42.21666666666667,42.45,42.46666666666667,42.05,42.0,-8.618222266666669,-0.0351851500000002,0.0666666666666664,9.370666666666668,9.446666666666664,18.08580248333333,9.383777777777778,6.492117,6.5160017,6.5599527,6.5762634,6.4690123,0,4.0,0,0.0,-1.08,29.5,70.5
2023-04-29 02:00:00,41.721942122224,0.0,0.0,18.0555556,9.446666666666664,42.0,0,5.1764362714980825,70.66250196097344,2,5,4,0.4999999999999999,0.8660254037844387,-0.9749279121818236,-0.2225209339563146,0.8660254037844387,-0.4999999999999998,0.0,0.0,0.0,12.2,27.7,100.0,66.0,2.8,5.7054935,0.4,8.7,18.05000004,42.15,42.21666666666667,42.45,42.46666666666667,42.0,-8.608888933333336,0.0,0.0093333333333323,9.437333333333331,9.382666666666667,18.067283983333336,9.41822222222222,6.4690123,6.492117,6.5160017,6.5599527,6.4668756,0,4.0,0,0.0,-1.08,29.5,70.5
2023-04-29 02:15:00,38.44318437778,0.0,0.0,18.05000004,9.382666666666667,42.0,0,5.1764362714980825,70.66250196097344,2,5,4,0.4999999999999999,0.8660254037844387,-0.9749279121818236,-0.2225209339563146,0.8660254037844387,-0.4999999999999998,0.0,0.0,0.0,12.775,27.875,100.0,64.5,2.5,5.6026845,0.3,8.774999999999999,18.003703706666666,42.0,42.15,42.21666666666667,42.45,41.81666666666667,-8.667333373333333,-0.0055555600000012,-0.0639999999999982,9.446666666666664,9.35,18.05370374666667,9.422222222222222,6.4668756,6.4690123,6.492117,6.5160017,6.420945,0,4.0,0,0.0,-1.08,29.5,70.5
2023-04-29 02:30:00,34.02641663889,0.0,0.0,18.003703706666666,9.35,41.81666666666667,0,5.1764362714980825,70.66250196097344,2,5,4,0.4999999999999999,0.8660254037844387,-0.9749279121818236,-0.2225209339563146,0.8660254037844387,-0.4999999999999998,0.0,0.0,0.0,13.35,28.05,100.0,63.0,2.2,5.498736,0.2,8.85,17.961111080000002,42.0,42.0,42.15,42.21666666666667,41.5,-8.653703706666667,-0.0462963333333341,-0.0326666666666675,9.382666666666667,9.342,18.03641978222222,9.39311111111111,6.420945,6.4668756,6.4690123,6.492117,6.356192,0,4.0,0,0.0,-1.09,30.1,69.9
2023-04-29 02:45:00,37.376004850002,0.0,0.0,17.961111080000002,9.342,41.5,0,5.1764362714980825,70.66250196097344,2,5,4,0.4999999999999999,0.8660254037844387,-0.9749279121818236,-0.2225209339563146,0.8660254037844387,-0.4999999999999998,0.0,0.0,0.0,13.925,28.225,100.0,61.5,1.9,5.3936424,0.0999999999999999,8.924999999999999,17.9444444,41.81666666666667,42.0,42.0,42.15,41.5,-8.619111080000001,-0.0425926266666643,-0.0079999999999991,9.35,9.316666666666666,18.004938275555556,9.358222222222222,6.356192,6.420945,6.4668756,6.4690123,6.349891,0,4.0,0,0.0,-1.1,30.6,69.4
2023-04-29 03:00:00,46.208429388888,0.0,0.0,17.9444444,9.316666666666666,41.5,0,5.1764362714980825,70.66250196097344,3,5,4,0.7071067811865476,0.7071067811865476,-0.9749279121818236,-0.2225209339563146,0.8660254037844387,-0.4999999999999998,0.0,0.0,0.0,14.5,28.4,100.0,60.0,1.6,5.2873926,0.0,9.0,17.911111100000003,41.5,41.81666666666667,42.0,42.0,41.15,-8.627777733333332,-0.0166666800000037,-0.025333333333334,9.342,9.326666666666666,17.969753062222225,9.336222222222224,6.349891,6.356192,6.420945,6.4668756,6.28386,0,4.0,0,0.0,-1.11,30.8,69.2
2023-04-29 03:15:00,30.722382238886,0.0,0.0,17.911111100000003,9.326666666666666,41.15,0,5.1764362714980825,70.66250196097344,3,5,4,0.7071067811865476,0.7071067811865476,-0.9749279121818236,-0.2225209339563146,0.8660254037844387,-0.4999999999999998,0.0,0.0,0.0,14.925,29.575,100.0,60.25,1.625,5.2840157,0.0,8.925,17.92037035,41.5,41.5,41.81666666666667,42.0,41.0,-8.584444433333337,-0.0333332999999953,0.0099999999999997,9.316666666666666,9.32,17.938888860000002,9.328444444444443,6.28386,6.349891,6.356192,6.420945,6.2644043,0,4.0,0,0.0,-1.12,31.2,68.8
2023-04-29 03:30:00,33.714762555552,0.0,0.0,17.92037035,9.32,41.0,0,5.1764362714980825,70.66250196097344,3,5,4,0.7071067811865476,0.7071067811865476,-0.9749279121818236,-0.2225209339563146,0.8660254037844387,-0.4999999999999998,0.0,0.0,0.0,15.35,30.75,100.0,60.5,1.65,5.280532,0.0,8.85,17.88333334,41.15,41.5,41.5,41.81666666666667,41.05,-8.600370349999999,0.0092592499999959,-0.0066666666666659,9.326666666666666,8.870000000000001,17.92530861666667,9.32111111111111,6.2644043,6.28386,6.349891,6.356192,6.258231,0,4.0,0,0.0,-1.11,31.2,68.8
2023-04-29 03:45:00,49.931058144448,0.0,0.0,17.88333334,8.870000000000001,41.05,0,5.1764362714980825,70.66250196097344,3,5,4,0.7071067811865476,0.7071067811865476,-0.9749279121818236,-0.2225209339563146,0.8660254037844387,-0.4999999999999998,0.0,0.0,0.0,15.775,31.925,100.0,60.75,1.675,5.276947,0.0,8.775,17.837037006666666,41.0,41.15,41.5,41.5,41.46666666666667,-9.01333334,-0.0370370099999988,-0.4499999999999993,9.32,8.174,17.904938263333335,9.172222222222222,6.258231,6.2644043,6.28386,6.349891,6.304347,0,4.0,0,0.0,-1.12,31.5,68.5
2023-04-29 04:00:00,30.632941250002,0.0,0.0,17.837037006666666,8.174,41.46666666666667,0,5.1764362714980825,70.66250196097344,4,5,4,0.8660254037844386,0.5000000000000001,-0.9749279121818236,-0.2225209339563146,0.8660254037844387,-0.4999999999999998,0.0,0.0,0.0,16.2,33.1,100.0,61.0,1.7,5.273259,0.0,8.7,17.8333333,41.05,41.0,41.15,41.5,41.55,-9.663037006666666,-0.0462963333333341,-0.6960000000000015,8.870000000000001,7.744666666666666,17.88024689888889,8.788,6.304347,6.258231,6.2644043,6.28386,6.3156238,0,4.0,0,0.0,-1.13,32.0,68.0
2023-04-29 04:15:00,38.762616000004,0.0,0.0,17.8333333,7.744666666666666,41.55,0,5.1764362714980825,70.66250196097344,4,5,4,0.8660254037844386,0.5000000000000001,-0.9749279121818236,-0.2225209339563146,0.8660254037844387,-0.4999999999999998,0.0,0.0,0.0,15.825,33.275,100.0,62.5,1.875,5.3511987,0.025,8.549999999999999,17.8333333,41.46666666666667,41.05,41.0,41.15,41.96666666666667,-10.088666633333332,-0.0037037066666663,-0.4293333333333331,8.174,7.484666666666667,17.851234548888893,8.26288888888889,6.3156238,6.304347,6.258231,6.2644043,6.3789573,0,4.0,0,0.0,-1.13,32.0,68.0
2023-04-29 04:30:00,41.792772538894,0.0,0.0,17.8333333,7.484666666666667,41.96666666666667,0,5.1764362714980825,70.66250196097344,4,5,4,0.8660254037844386,0.5000000000000001,-0.9749279121818236,-0.2225209339563146,0.8660254037844387,-0.4999999999999998,0.0,0.0,0.0,15.45,33.45,100.0,64.0,2.05,5.4270988,0.05,8.399999999999999,17.79444445,41.55,41.46666666666667,41.05,41.0,42.0,-10.348666633333334,0.0,-0.2599999999999998,7.744666666666666,7.342666666666667,17.834567868888886,7.801111111111111,6.3789573,6.3156238,6.304347,6.258231,6.3692517,0,4.0,0,0.0,-1.13,31.9,68.1
2023-04-29 04:45:00,33.59004517778,0.0,0.0,17.79444445,7.342666666666667,42.0,0,5.1764362714980825,70.66250196097344,4,5,4,0.8660254037844386,0.5000000000000001,-0.9749279121818236,-0.2225209339563146,0.8660254037844387,-0.4999999999999998,0.0,0.0,0.0,15.075,33.625,100.0,65.5,2.225,5.5009856,0.075,8.25,17.7777778,41.96666666666667,41.55,41.46666666666667,41.05,42.0,-10.451777783333334,-0.0388888499999993,-0.1419999999999994,7.484666666666667,7.1273333333333335,17.82037035,7.524,6.3692517,6.3789573,6.3156238,6.304347,6.3629284,0,4.0,0,0.0,-1.14,32.3,67.7
2023-04-29 05:00:00,41.709720494442,0.0,0.0,17.7777778,7.1273333333333335,42.0,0,5.1764362714980825,70.66250196097344,5,5,4,0.9659258262890684,0.2588190451025207,-0.9749279121818236,-0.2225209339563146,0.8660254037844387,-0.4999999999999998,0.0,0.0,0.0,14.7,33.8,100.0,67.0,2.4,5.57289,0.1,8.1,17.73888888,42.0,41.96666666666667,41.55,41.46666666666667,42.0,-10.650444466666666,-0.0166666500000012,-0.2153333333333336,7.342666666666667,7.067333333333334,17.801851850000002,7.318222222222222,6.3629284,6.3692517,6.3789573,6.3156238,6.3481975,0,4.0,0,0.0,-1.14,32.5,67.5
2023-04-29 05:15:00,32.269820455548,0.0,0.0,17.73888888,7.067333333333334,42.0,0,5.1764362714980825,70.66250196097344,5,5,4,0.9659258262890684,0.2588190451025207,-0.9749279121818236,-0.2225209339563146,0.8660254037844387,-0.4999999999999998,0.0,0.0,0.0,14.6,32.724999999999994,100.0,70.5,2.875,5.7888894,0.3,7.899999999999999,17.7222222,42.0,42.0,41.96666666666667,41.55,42.0,-10.671555546666667,-0.0388889199999979,-0.0599999999999996,7.1273333333333335,6.874666666666667,17.770370376666666,7.179111111111112,6.3481975,6.3629284,6.3692517,6.3789573,6.3418927,0,4.0,0,0.0,-1.15,33.0,67.0
2023-04-29 05:30:00,43.26660251667,0.0,0.0,17.7222222,6.874666666666667,42.0,0,5.1764362714980825,70.66250196097344,5,5,4,0.9659258262890684,0.2588190451025207,-0.9749279121818236,-0.2225209339563146,0.8660254037844387,-0.4999999999999998,0.0,0.0,0.0,14.5,31.65,100.0,74.0,3.35,5.998313,0.5,7.699999999999999,17.68333335,42.0,42.0,42.0,41.96666666666667,42.35,-10.847555533333336,-0.0166666800000001,-0.1926666666666667,7.067333333333334,6.827333333333333,17.746296293333334,7.023111111111112,6.3418927,6.3481975,6.3629284,6.3692517,6.3799314,0,4.0,0,0.0,-1.16,33.2,66.8
2023-04-29 05:45:00,39.905348205554,0.0,0.0,17.68333335,6.827333333333333,42.35,0,5.1764362714980825,70.66250196097344,5,5,4,0.9659258262890684,0.2588190451025207,-0.9749279121818236,-0.2225209339563146,0.8660254037844387,-0.4999999999999998,0.0,0.0,0.0,14.4,30.575,100.0,77.5,3.825,6.2012777,0.7000000000000001,7.5,17.6666667,42.0,42.0,42.0,42.0,42.5,-10.85600001666667,-0.0388888499999993,-0.0473333333333343,6.874666666666667,6.810666666666666,17.714814810000004,6.923111111111112,6.3799314,6.3418927,6.3481975,6.3629284,6.396168,0,4.0,0,0.0,-1.16,33.5,66.5
2023-04-29 06:00:00,30.523501361106,0.0,0.0,17.6666667,6.810666666666666,42.5,0,5.1764362714980825,70.66250196097344,6,5,4,1.0,6.123233995736766e-17,-0.9749279121818236,-0.2225209339563146,0.8660254037844387,-0.4999999999999998,0.0,0.0,0.0,14.3,29.5,100.0,81.0,4.3,6.3978996,0.9,7.3,17.66111114,42.35,42.0,42.0,42.0,42.5,-10.856000033333334,-0.0166666500000012,-0.0166666666666666,6.827333333333333,6.8340000000000005,17.690740750000003,6.837555555555556,6.396168,6.3799314,6.3418927,6.3481975,6.394051,0,4.0,0,0.0,-1.17,33.7,66.3
2023-04-29 06:15:00,47.623095033332,0.0,0.0,17.66111114,6.8340000000000005,42.5,0,5.1764362714980825,70.66250196097344,6,5,4,1.0,6.123233995736766e-17,-0.9749279121818236,-0.2225209339563146,0.8660254037844387,-0.4999999999999998,0.5,0.125,0.0416666666666666,13.625,28.975,100.0,85.5,4.775,6.644642,1.5,7.05,17.61481480666667,42.5,42.35,42.0,42.0,42.5,-10.82711114,-0.0055555600000012,0.0233333333333343,6.810666666666666,6.806666666666668,17.670370396666666,6.824000000000001,6.394051,6.396168,6.3799314,6.3418927,6.376415,0,4.0,0,0.0,-1.17,33.8,66.2
2023-04-29 06:30:00,35.597742749998,0.0,0.0,17.61481480666667,6.806666666666668,42.5,0,5.1764362714980825,70.66250196097344,6,5,4,1.0,6.123233995736766e-17,-0.9749279121818236,-0.2225209339563146,0.8660254037844387,-0.4999999999999998,1.0,0.375,0.125,12.95,28.45,100.0,90.0,5.25,6.881553,2.1,6.8,17.6111111,42.5,42.5,42.35,42.0,42.5,-10.80814814,-0.0462963333333306,-0.0273333333333329,6.8340000000000005,6.816666666666666,17.647530882222224,6.817111111111111,6.376415,6.394051,6.396168,6.3799314,6.3750052,0,4.0,0,0.0,-1.18,34.3,65.7
2023-04-29 06:45:00,30.589887655548,0.0,0.0,17.6111111,6.816666666666666,42.5,0,5.1764362714980825,70.66250196097344,6,5,4,1.0,6.123233995736766e-17,-0.9749279121818236,-0.2225209339563146,0.8660254037844387,-0.4999999999999998,1.5,0.75,0.25,12.275,27.925,100.0,94.5,5.725,7.108857,2.7,6.55,17.590740750000002,42.5,42.5,42.5,42.35,42.5,-10.794444433333332,-0.0037037066666698,0.0099999999999988,6.806666666666668,6.846666666666667,17.62901234888889,6.819111111111112,6.3750052,6.376415,6.394051,6.396168,6.367261,0,4.0,0,0.0,-1.18,34.3,65.7
2023-04-29 07:00:00,44.708211583334,0.0,0.0,17.590740750000002,6.846666666666667,42.5,0,5.1764362714980825,70.66250196097344,7,5,4,0.9659258262890684,-0.2588190451025206,-0.9749279121818236,-0.2225209339563146,0.8660254037844387,-0.4999999999999998,2.0,1.25,0.4166666666666667,11.6,27.4,100.0,99.0,6.2,7.32677,3.3,6.3,17.5555556,42.5,42.5,42.5,42.5,42.5,-10.744074083333334,-0.0203703499999967,0.0300000000000002,6.816666666666666,6.878666666666667,17.605555552222224,6.823333333333334,6.367261,6.3750052,6.376415,6.394051,6.3539042,0,4.0,0,0.0,-1.19,34.6,65.4
2023-04-29 07:15:00,38.498460033332,0.0,0.0,17.5555556,6.878666666666667,42.5,0,5.1764362714980825,70.66250196097344,7,5,4,0.9659258262890684,-0.2588190451025206,-0.9749279121818236,-0.2225209339563146,0.8660254037844387,-0.4999999999999998,4.5,2.25,0.7916666666666666,11.575,26.5,100.0,97.5,6.1,7.28682,2.725,6.45,17.575925950000002,42.5,42.5,42.5,42.5,42.68333333333333,-10.676888933333334,-0.0351851500000002,0.032,6.846666666666667,6.892,17.585802483333335,6.847333333333334,6.3539042,6.367261,6.3750052,6.376415,6.3890758,0,4.0,0,0.0,-1.19,35.0,65.0
2023-04-29 07:30:00,104.368047294446,76.466107866668,76.48388493889,17.575925950000002,6.892,42.68333333333333,2,5.1764362714980825,70.66250196097344,7,5,4,0.9659258262890684,-0.2588190451025206,-0.9749279121818236,-0.2225209339563146,0.8660254037844387,-0.4999999999999998,7.0,3.75,1.375,11.55,25.6,100.0,96.0,6.0,7.245286,2.15,6.6,17.82222223,42.5,42.5,42.5,42.5,42.6,-10.683925950000004,0.0203703500000003,0.0133333333333327,6.878666666666667,6.872,17.5740741,6.872444444444445,6.3890758,6.3539042,6.367261,6.3750052,6.470939,0,3.0,1,0.25,-1.19,34.7,65.3
2023-04-29 07:45:00,81.306192005558,44.811540766668,44.825429094446,17.82222223,6.872,42.6,1,5.1764362714980825,70.66250196097344,7,5,4,0.9659258262890684,-0.2588190451025206,-0.9749279121818236,-0.2225209339563146,0.8660254037844387,-0.4999999999999998,9.5,5.75,2.1666666666666665,11.525,24.7,100.0,94.5,5.9,7.2021427,1.575,6.75,18.003703713333334,42.68333333333333,42.5,42.5,42.5,42.03333333333333,-10.95022223,0.2462962799999992,-0.0199999999999995,6.892,7.006666666666666,17.651234593333335,6.880888888888888,6.470939,6.3890758,6.3539042,6.367261,6.454213,0,2.0,1,0.5,-1.13,31.9,68.1
2023-04-29 08:00:00,40.785312905558,0.0,0.0,18.003703713333334,7.006666666666666,42.03333333333333,0,5.1764362714980825,70.66250196097344,8,5,4,0.8660254037844387,-0.4999999999999998,-0.9749279121818236,-0.2225209339563146,0.8660254037844387,-0.4999999999999998,12.0,8.25,3.1666666666666665,11.5,23.8,100.0,93.0,5.8,7.1573668,1.0,6.9,17.894444439999997,42.6,42.68333333333333,42.5,42.5,42.35,-10.997037046666668,0.1814814833333322,0.134666666666666,6.872,7.269333333333334,17.80061729777778,6.923555555555555,6.454213,6.470939,6.3890758,6.3539042,6.4606924,1,2.0,1,0.5,-1.09,30.0,70.0
2023-04-29 08:15:00,291.524449755552,0.0,0.0,17.894444439999997,7.269333333333334,42.35,0,5.1764362714980825,70.66250196097344,8,5,4,0.8660254037844387,-0.4999999999999998,-0.9749279121818236,-0.2225209339563146,0.8660254037844387,-0.4999999999999998,13.5,10.5,4.291666666666667,11.65,23.975,100.0,94.5,5.975,7.2373986,0.875,6.825,17.785185206666664,42.03333333333333,42.6,42.68333333333333,42.5,42.5,-10.625111106666663,-0.1092592733333361,0.2626666666666679,7.006666666666666,7.332666666666666,17.90679012777778,7.049333333333333,6.4606924,6.454213,6.470939,6.3890758,6.4415207,0,2.0,0,0.5,-1.11,31.1,68.9
2023-04-29 08:30:00,35.935507038886,0.0,0.0,17.785185206666664,7.332666666666666,42.5,0,5.1764362714980825,70.66250196097344,8,5,4,0.8660254037844387,-0.4999999999999998,-0.9749279121818236,-0.2225209339563146,0.8660254037844387,-0.4999999999999998,15.0,12.5,5.541666666666667,11.8,24.15,100.0,96.0,6.15,7.3164625,0.75,6.75,17.73333333,42.35,42.03333333333333,42.6,42.68333333333333,42.55,-10.452518539999998,-0.1092592333333328,0.0633333333333325,7.269333333333334,7.430000000000001,17.894444453333335,7.2028888888888885,6.4415207,6.4606924,6.454213,6.470939,6.4292,0,3.0,0,0.25,-1.14,32.3,67.7
2023-04-29 08:45:00,34.85499466111,0.0,0.0,17.73333333,7.430000000000001,42.55,0,5.1764362714980825,70.66250196097344,8,5,4,0.8660254037844387,-0.4999999999999998,-0.9749279121818236,-0.2225209339563146,0.8660254037844387,-0.4999999999999998,16.5,14.25,6.916666666666667,11.95,24.325,100.0,97.5,6.325,7.394561,0.625,6.675,17.670370400000003,42.5,42.35,42.03333333333333,42.6,42.96666666666667,-10.30333333,-0.0518518766666638,0.0973333333333341,7.332666666666666,7.593999999999999,17.80432099222222,7.344,6.4292,6.4415207,6.4606924,6.454213,6.4678288,0,4.0,0,0.0,-1.15,32.9,67.1
2023-04-29 09:00:00,48.049189155552,0.0,0.0,17.670370400000003,7.593999999999999,42.96666666666667,0,5.1764362714980825,70.66250196097344,9,5,4,0.7071067811865476,-0.7071067811865475,-0.9749279121818236,-0.2225209339563146,0.8660254037844387,-0.4999999999999998,18.0,15.75,8.416666666666666,12.1,24.5,100.0,99.0,6.5,7.4717016,0.5,6.6,17.62777778,42.55,42.5,42.35,42.03333333333333,43.0,-10.076370400000004,-0.0629629299999976,0.1639999999999988,7.430000000000001,7.785333333333333,17.72962964555556,7.452222222222222,6.4678288,6.4292,6.4415207,6.4606924,6.4564223,0,4.0,0,0.0,-1.16,33.5,66.5
2023-04-29 09:15:00,31.112644344444,0.0,0.0,17.62777778,7.785333333333333,43.0,0,5.1764362714980825,70.66250196097344,9,5,4,0.7071067811865476,-0.7071067811865475,-0.9749279121818236,-0.2225209339563146,0.8660254037844387,-0.4999999999999998,29.75,19.8125,10.854166666666666,13.15,26.475,100.0,96.75,6.4,7.4338675,0.425,6.875,17.590740750000002,42.96666666666667,42.55,42.5,42.35,43.18333333333333,-9.842444446666663,-0.0425926200000041,0.1913333333333335,7.593999999999999,7.995999999999999,17.677160503333337,7.603111111111112,6.4564223,6.4678288,6.4292,6.4415207,6.4696364,0,4.0,0,0.0,-1.17,34.0,66.0
2023-04-29 09:30:00,30.622386255552,0.0,0.0,17.590740750000002,7.995999999999999,43.18333333333333,0,5.1764362714980825,70.66250196097344,9,5,4,0.7071067811865476,-0.7071067811865475,-0.9749279121818236,-0.2225209339563146,0.8660254037844387,-0.4999999999999998,41.5,26.4375,14.229166666666666,14.2,28.45,100.0,94.5,6.3,7.3919287,0.35,7.15,17.5555556,43.0,42.96666666666667,42.55,42.5,43.55,-9.594740750000003,-0.0370370299999969,0.2106666666666665,7.785333333333333,8.246666666666666,17.629629643333335,7.791777777777778,6.4696364,6.4564223,6.4678288,6.4292,6.510883,0,4.0,0,0.0,-1.18,34.4,65.6
2023-04-29 09:45:00,52.896495188888,0.0,0.0,17.5555556,8.246666666666666,43.55,0,5.1764362714980825,70.66250196097344,9,5,4,0.7071067811865476,-0.7071067811865475,-0.9749279121818236,-0.2225209339563146,0.8660254037844387,-0.4999999999999998,53.25,35.625,18.541666666666668,15.25,30.425,100.0,92.25,6.199999999999999,7.3457613,0.275,7.425,17.5555556,43.18333333333333,43.0,42.96666666666667,42.55,43.96666666666667,-9.308888933333336,-0.0351851500000002,0.2506666666666666,7.995999999999999,8.548666666666666,17.591358043333333,8.009333333333332,6.510883,6.4696364,6.4564223,6.4678288,6.5731754,0,4.0,0,0.0,-1.19,34.7,65.3
2023-04-29 10:00:00,30.444615666660003,0.0,0.0,17.5555556,8.548666666666666,43.96666666666667,0,5.1764362714980825,70.66250196097344,10,5,4,0.4999999999999999,-0.8660254037844387,-0.9749279121818236,-0.2225209339563146,0.8660254037844387,-0.4999999999999998,65.0,47.375,23.791666666666668,16.3,32.4,100.0,90.0,6.1,7.295245,0.2,7.7,17.5555556,43.55,43.18333333333333,43.0,42.96666666666667,44.05,-9.006888933333336,0.0,0.3019999999999996,8.246666666666666,9.085333333333333,17.567283983333336,8.263777777777777,6.5731754,6.510883,6.4696364,6.4564223,6.5856338,0,4.0,0,0.0,-1.19,34.6,65.4
2023-04-29 10:15:00,33.606711311108,0.0,0.0,17.5555556,9.085333333333333,44.05,0,5.1764362714980825,70.66250196097344,10,5,4,0.4999999999999999,-0.8660254037844387,-0.9749279121818236,-0.2225209339563146,0.8660254037844387,-0.4999999999999998,87.0,61.6875,30.666666666666668,16.05,33.4,99.75,88.75,6.3,7.381999,0.175,8.1,17.53518521333333,43.96666666666667,43.55,43.18333333333333,43.0,44.65,-8.470222266666669,0.0,0.5366666666666671,8.548666666666666,9.592,17.5555556,8.626888888888887,6.5856338,6.5731754,6.510883,6.4696364,6.6672235,0,4.0,0,0.0,-1.19,34.6,65.4
2023-04-29 10:30:00,43.779637711108,0.0,0.0,17.53518521333333,9.592,44.65,0,5.1764362714980825,70.66250196097344,10,5,4,0.4999999999999999,-0.8660254037844387,-0.9749279121818236,-0.2225209339563146,0.8660254037844387,-0.4999999999999998,109.0,78.5625,39.16666666666666,15.8,34.4,99.5,87.5,6.5,7.467672,0.15,8.5,17.5,44.05,43.96666666666667,43.55,43.18333333333333,45.05,-7.943185213333331,-0.02037038666667,0.5066666666666677,9.085333333333333,10.311333333333334,17.548765471111114,9.075333333333331,6.6672235,6.5856338,6.5731754,6.510883,6.7128325,0,4.0,0,0.0,-1.19,34.7,65.3
2023-04-29 10:45:00,36.42409856111,0.0,0.0,17.5,10.311333333333334,45.05,0,5.1764362714980825,70.66250196097344,10,5,4,0.4999999999999999,-0.8660254037844387,-0.9749279121818236,-0.2225209339563146,0.8660254037844387,-0.4999999999999998,131.0,98.0,49.29166666666666,15.55,35.4,99.25,86.25,6.7,7.5521636,0.125,8.9,17.5,44.65,44.05,43.96666666666667,43.55,45.46666666666667,-7.188666666666666,-0.0351852133333316,0.7193333333333332,9.592,11.062666666666669,17.53024693777778,9.662888888888888,6.7128325,6.6672235,6.5856338,6.5731754,6.7749195,0,4.0,0,0.0,-1.2,35.0,65.0
2023-04-29 11:00:00,37.180457322216,0.0,0.0,17.5,11.062666666666669,45.46666666666667,0,5.1764362714980825,70.66250196097344,11,5,4,0.258819045102521,-0.9659258262890682,-0.9749279121818236,-0.2225209339563146,0.8660254037844387,-0.4999999999999998,153.0,120.0,61.04166666666666,15.3,36.4,99.0,85.0,6.9,7.6353683,0.1,9.3,17.538888919999998,45.05,44.65,44.05,43.96666666666667,45.85,-6.437333333333333,0.0,0.7513333333333332,10.311333333333334,11.685333333333334,17.511728404444444,10.322,6.7749195,6.7128325,6.6672235,6.5856338,6.847923,0,4.0,0,0.0,-1.19,34.9,65.1
2023-04-29 11:15:00,35.191092416662,0.0,0.0,17.538888919999998,11.685333333333334,45.85,0,5.1764362714980825,70.66250196097344,11,5,4,0.258819045102521,-0.9659258262890682,-0.9749279121818236,-0.2225209339563146,0.8660254037844387,-0.4999999999999998,187.5,145.125,75.54166666666667,15.3,35.225,99.0,81.75,6.9,7.641319,0.075,9.925,17.53518521333333,45.46666666666667,45.05,44.65,44.05,46.18333333333333,-5.853555586666664,0.0388889199999979,0.6226666666666674,11.062666666666669,12.126666666666669,17.512962973333334,11.019777777777778,6.847923,6.7749195,6.7128325,6.6672235,6.8961835,0,4.0,0,0.0,-1.18,34.4,65.6
2023-04-29 11:30:00,41.839159650002,0.0,0.0,17.53518521333333,12.126666666666669,46.18333333333333,0,5.1764362714980825,70.66250196097344,11,5,4,0.258819045102521,-0.9659258262890682,-0.9749279121818236,-0.2225209339563146,0.8660254037844387,-0.4999999999999998,222.0,173.375,92.79166666666669,15.3,34.05,99.0,78.5,6.9,7.633648,0.05,10.55,17.5,45.85,45.46666666666667,45.05,44.65,46.5,-5.408518546666665,-0.0037037066666663,0.4413333333333327,11.685333333333334,12.343333333333334,17.52469137777778,11.62488888888889,6.8961835,6.847923,6.7749195,6.7128325,6.9288945,0,4.0,0,0.0,-1.18,34.4,65.6
2023-04-29 11:45:00,41.595836216662,0.0,0.0,17.5,12.343333333333334,46.5,0,5.1764362714980825,70.66250196097344,11,5,4,0.258819045102521,-0.9659258262890682,-0.9749279121818236,-0.2225209339563146,0.8660254037844387,-0.4999999999999998,256.5,204.75,112.79166666666669,15.3,32.875,99.0,75.25,6.9,7.6113896,0.0249999999999999,11.175,17.5,46.18333333333333,45.85,45.46666666666667,45.05,46.68333333333333,-5.156666666666666,-0.0351852133333316,0.2166666666666667,12.126666666666669,12.386666666666663,17.52469137777778,12.05177777777778,6.9288945,6.8961835,6.847923,6.7749195,6.9562135,0,4.0,0,0.0,-1.19,34.7,65.3
2023-04-29 12:00:00,30.404894905554,0.0,0.0,17.5,12.386666666666663,46.68333333333333,0,5.1764362714980825,70.66250196097344,12,5,4,1.2246467991473532e-16,-1.0,-0.9749279121818236,-0.2225209339563146,0.8660254037844387,-0.4999999999999998,291.0,239.25,135.54166666666666,15.3,31.7,99.0,72.0,6.9,7.573536,0.0,11.8,17.5,46.5,46.18333333333333,45.85,45.46666666666667,47.0,-5.113333333333335,0.0,0.0433333333333312,12.343333333333334,12.554666666666666,17.511728404444444,12.285555555555556,6.9562135,6.9288945,6.8961835,6.847923,7.0033994,0,4.0,0,0.0,-1.19,34.7,65.3
2023-04-29 12:15:00,35.821622727774,0.0,0.0,17.5,12.554666666666666,47.0,0,5.1764362714980825,70.66250196097344,12,5,4,1.2246467991473532e-16,-1.0,-0.9749279121818236,-0.2225209339563146,0.8660254037844387,-0.4999999999999998,299.0,267.125,157.97916666666666,16.7,35.375,99.25,70.25,6.8500000000000005,7.529153,0.0,12.1,17.5,46.68333333333333,46.5,46.18333333333333,45.85,47.18333333333333,-4.945333333333334,0.0,0.168000000000001,12.386666666666663,12.550666666666666,17.5,12.428222222222225,7.0033994,6.9562135,6.9288945,6.8961835,7.030718,0,4.0,0,0.0,-1.19,34.6,65.4
2023-04-29 12:30:00,47.146725255552,0.0,0.0,17.5,12.550666666666666,47.18333333333333,0,5.1764362714980825,70.66250196097344,12,5,4,1.2246467991473532e-16,-1.0,-0.9749279121818236,-0.2225209339563146,0.8660254037844387,-0.4999999999999998,307.0,288.375,180.10416666666666,18.1,39.05,99.5,68.5,6.800000000000001,7.480051,0.0,12.4,17.5,47.0,46.68333333333333,46.5,46.18333333333333,47.5,-4.949333333333334,0.0,-0.0039999999999995,12.554666666666666,12.54,17.5,12.497333333333332,7.030718,7.0033994,6.9562135,6.9288945,7.0779037,0,4.0,0,0.0,-1.19,34.5,65.5
2023-04-29 12:45:00,30.506835461102,0.0,0.0,17.5,12.54,47.5,0,5.1764362714980825,70.66250196097344,12,5,4,1.2246467991473532e-16,-1.0,-0.9749279121818236,-0.2225209339563146,0.8660254037844387,-0.4999999999999998,315.0,303.0,201.91666666666663,19.5,42.725,99.75,66.75,6.75,7.42608,0.0,12.7,17.5,47.18333333333333,47.0,46.68333333333333,46.5,47.68333333333333,-4.960000000000001,0.0,-0.0106666666666672,12.550666666666666,12.425999999999998,17.5,12.548444444444444,7.0779037,7.030718,7.0033994,6.9562135,7.105222,0,4.0,0,0.0,-1.18,34.5,65.5
2023-04-29 13:00:00,34.334460033328,0.0,0.0,17.5,12.425999999999998,47.68333333333333,0,5.1764362714980825,70.66250196097344,13,5,4,-0.2588190451025208,-0.9659258262890684,-0.9749279121818236,-0.2225209339563146,0.8660254037844387,-0.4999999999999998,323.0,311.0,223.41666666666663,20.9,46.4,100.0,65.0,6.7,7.3671026,0.0,13.0,17.538888919999998,47.5,47.18333333333333,47.0,46.68333333333333,48.35,-5.074000000000002,0.0,-0.1140000000000007,12.54,12.484666666666667,17.5,12.505555555555556,7.105222,7.0779037,7.030718,7.0033994,7.22131,0,4.0,0,0.0,-1.18,34.4,65.6
2023-04-29 13:15:00,48.912765727774,0.0,0.0,17.538888919999998,12.484666666666667,48.35,0,5.1764362714980825,70.66250196097344,13,5,4,-0.2588190451025208,-0.9659258262890684,-0.9749279121818236,-0.2225209339563146,0.8660254037844387,-0.4999999999999998,278.25,305.8125,239.35416666666663,19.875,46.5,100.0,66.25,6.7,7.381896,0.0,12.725,17.5555556,47.68333333333333,47.5,47.18333333333333,47.0,48.5,-5.0542222533333305,0.0388889199999979,0.058666666666669,12.425999999999998,12.514,17.512962973333334,12.483555555555554,7.22131,7.105222,7.0779037,7.030718,7.250925,0,4.0,0,0.0,-1.17,33.8,66.2
2023-04-29 13:30:00,30.620441849998,0.0,0.0,17.5555556,12.514,48.5,0,5.1764362714980825,70.66250196097344,13,5,4,-0.2588190451025208,-0.9659258262890684,-0.9749279121818236,-0.2225209339563146,0.8660254037844387,-0.4999999999999998,233.5,287.4375,249.72916666666663,18.85,46.6,100.0,67.5,6.7,7.393808,0.0,12.45,17.59444445,48.35,47.68333333333333,47.5,47.18333333333333,48.5,-5.041555600000001,0.0166666800000037,0.0293333333333336,12.484666666666667,12.711333333333332,17.53148150666667,12.47488888888889,7.250925,7.22131,7.105222,7.0779037,7.267774,0,4.0,0,0.0,-1.17,33.6,66.4
2023-04-29 13:45:00,38.179028377776,0.0,0.0,17.59444445,12.711333333333332,48.5,0,5.1764362714980825,70.66250196097344,13,5,4,-0.2588190451025208,-0.9659258262890684,-0.9749279121818236,-0.2225209339563146,0.8660254037844387,-0.4999999999999998,188.75,255.875,254.54166666666663,17.825,46.7,100.0,68.75,6.7,7.4029174,0.0,12.175,17.631481486666665,48.5,48.35,47.68333333333333,47.5,48.5,-4.883111116666669,0.0388888499999993,0.1973333333333311,12.514,12.876,17.562962990000003,12.57,7.267774,7.250925,7.22131,7.105222,7.283855,0,4.0,0,0.0,-1.16,33.1,66.9
2023-04-29 14:00:00,40.176170688888,0.0,0.0,17.631481486666665,12.876,48.5,0,5.1764362714980825,70.66250196097344,14,5,4,-0.4999999999999997,-0.8660254037844388,-0.9749279121818236,-0.2225209339563146,0.8660254037844387,-0.4999999999999998,144.0,211.125,253.79166666666663,16.8,46.8,100.0,70.0,6.7,7.409308,0.0,11.9,17.67222225,48.5,48.5,48.35,47.68333333333333,48.85,-4.755481486666664,0.0370370366666641,0.1646666666666689,12.711333333333332,13.094,17.59382717888889,12.700444444444445,7.283855,7.267774,7.250925,7.22131,7.354268,0,4.0,0,0.0,-1.15,32.7,67.3
2023-04-29 14:15:00,35.192758883334,0.0,0.0,17.67222225,13.094,48.85,0,5.1764362714980825,70.66250196097344,14,5,4,-0.4999999999999997,-0.8660254037844388,-0.9749279121818236,-0.2225209339563146,0.8660254037844387,-0.4999999999999998,127.25,173.375,248.77083333333331,16.8,44.275,100.0,70.5,6.725,7.4389596,0.0,11.85,17.718518500000002,48.5,48.5,48.5,48.35,49.0,-4.578222250000001,0.0407407633333356,0.2179999999999982,12.876,13.273333333333332,17.632716062222222,12.893777777777776,7.354268,7.283855,7.267774,7.250925,7.397244,0,4.0,0,0.0,-1.14,32.2,67.8
2023-04-29 14:30:00,41.759440738886,0.0,0.0,17.718518500000002,13.273333333333332,49.0,0,5.1764362714980825,70.66250196097344,14,5,4,-0.4999999999999997,-0.8660254037844388,-0.9749279121818236,-0.2225209339563146,0.8660254037844387,-0.4999999999999998,110.5,142.625,239.47916666666663,16.8,41.75,100.0,71.0,6.75,7.4683475,0.0,11.8,17.72777776,48.85,48.5,48.5,48.5,49.0,-4.445185166666668,0.046296250000001,0.179333333333334,13.094,13.432,17.67407407888889,13.081111111111111,7.397244,7.354268,7.283855,7.267774,7.401326,0,4.0,0,0.0,-1.12,31.6,68.4
2023-04-29 14:45:00,30.523779049998,0.0,0.0,17.72777776,13.432,49.0,0,5.1764362714980825,70.66250196097344,14,5,4,-0.4999999999999997,-0.8660254037844388,-0.9749279121818236,-0.2225209339563146,0.8660254037844387,-0.4999999999999998,93.75,118.875,225.91666666666663,16.8,39.225,100.0,71.5,6.775,7.497468,0.0,11.75,17.774074093333333,49.0,48.85,48.5,48.5,49.0,-4.29577776,0.0092592599999967,0.1586666666666651,13.273333333333332,13.446666666666664,17.706172836666667,13.266444444444444,7.401326,7.397244,7.354268,7.283855,7.4217787,0,4.0,0,0.0,-1.12,31.5,68.5
2023-04-29 15:00:00,41.684721444444,0.0,0.0,17.774074093333333,13.446666666666664,49.0,0,5.1764362714980825,70.66250196097344,15,5,4,-0.7071067811865471,-0.7071067811865479,-0.9749279121818236,-0.2225209339563146,0.8660254037844387,-0.4999999999999998,77.0,102.125,208.08333333333331,16.8,36.7,100.0,72.0,6.8,7.526326,0.0,11.7,17.81666665,49.0,49.0,48.85,48.5,49.0,-4.327407426666667,0.0462963333333341,0.0146666666666668,13.432,13.49,17.740123451111113,13.384,7.4217787,7.401326,7.397244,7.354268,7.4406366,0,4.0,0,0.0,-1.11,31.0,69.0
2023-04-29 15:15:00,41.751941005554,0.0,0.0,17.81666665,13.49,49.0,0,5.1764362714980825,70.66250196097344,15,5,4,-0.7071067811865471,-0.7071067811865479,-0.9749279121818236,-0.2225209339563146,0.8660254037844387,-0.4999999999999998,86.25,91.875,190.35416666666663,16.6,36.875,100.0,71.75,6.825,7.5472383,0.0,11.8,17.81296295,49.0,49.0,49.0,48.85,49.0,-4.326666649999998,0.0425925566666656,0.0433333333333347,13.446666666666664,13.571333333333332,17.77283950111111,13.45622222222222,7.4406366,7.4217787,7.401326,7.397244,7.438997,0,4.0,0,0.0,-1.1,30.5,69.5
2023-04-29 15:30:00,30.546555888888,0.0,0.0,17.81296295,13.571333333333332,49.0,0,5.1764362714980825,70.66250196097344,15,5,4,-0.7071067811865471,-0.7071067811865479,-0.9749279121818236,-0.2225209339563146,0.8660254037844387,-0.4999999999999998,95.5,88.125,172.72916666666666,16.4,37.05,100.0,71.5,6.85,7.568079,0.0,11.9,17.81666665,49.0,49.0,49.0,49.0,49.0,-4.241629616666666,-0.003703699999999,0.0813333333333332,13.49,13.187333333333331,17.801234564444446,13.502666666666665,7.438997,7.4406366,7.4217787,7.401326,7.4406366,0,4.0,0,0.0,-1.1,30.5,69.5
2023-04-29 15:45:00,41.507228527778,0.0,0.0,17.81666665,13.187333333333331,49.0,0,5.1764362714980825,70.66250196097344,15,5,4,-0.7071067811865471,-0.7071067811865479,-0.9749279121818236,-0.2225209339563146,0.8660254037844387,-0.4999999999999998,104.75,90.875,155.20833333333334,16.2,37.225,100.0,71.25,6.875,7.5888453,0.0,12.0,17.8333333,49.0,49.0,49.0,49.0,49.0,-4.629333316666665,0.003703699999999,-0.3840000000000003,13.571333333333332,13.004,17.815432083333334,13.416222222222222,7.4406366,7.438997,7.4406366,7.4217787,7.4480286,0,4.0,0,0.0,-1.1,30.5,69.5
2023-04-29 16:00:00,42.578574488892,0.0,0.0,17.8333333,13.004,49.0,0,5.1764362714980825,70.66250196097344,16,5,4,-0.8660254037844385,-0.5000000000000004,-0.9749279121818236,-0.2225209339563146,0.8660254037844387,-0.4999999999999998,114.0,100.125,137.79166666666666,16.0,37.4,100.0,71.0,6.9,7.6095357,0.0,12.1,17.79444445,49.0,49.0,49.0,49.0,49.05,-4.8293333,0.0166666500000012,-0.1833333333333335,13.187333333333331,12.574000000000002,17.82098763333333,13.25422222222222,7.4480286,7.4406366,7.438997,7.4406366,7.438377,0,4.0,0,0.0,-1.1,30.3,69.7
2023-04-29 16:15:00,30.482391888884,0.0,0.0,17.79444445,12.574000000000002,49.05,0,5.1764362714980825,70.66250196097344,16,5,4,-0.8660254037844385,-0.5000000000000004,-0.9749279121818236,-0.2225209339563146,0.8660254037844387,-0.4999999999999998,106.0,105.0625,123.4375,15.1,36.775,100.0,71.25,6.9750000000000005,7.624435,0.0,12.075,17.7777778,49.0,49.0,49.0,49.0,49.65,-5.220444449999999,-0.0388888499999993,-0.4299999999999979,13.004,12.142,17.814814799999997,12.921777777777775,7.438377,7.4480286,7.4406366,7.438997,7.521891,0,4.0,0,0.0,-1.1,30.7,69.3
2023-04-29 16:30:00,38.011535127774,0.0,0.0,17.7777778,12.142,49.65,0,5.1764362714980825,70.66250196097344,16,5,4,-0.8660254037844385,-0.5000000000000004,-0.9749279121818236,-0.2225209339563146,0.8660254037844387,-0.4999999999999998,98.0,105.6875,112.14583333333331,14.2,36.15,100.0,71.5,7.050000000000001,7.639266,0.0,12.05,17.73888888,49.05,49.0,49.0,49.0,50.05,-5.6357778,-0.0166666500000012,-0.4320000000000021,12.574000000000002,11.858666666666666,17.801851850000002,12.573333333333332,7.521891,7.438377,7.4480286,7.4406366,7.5649357,0,4.0,0,0.0,-1.11,30.8,69.2
2023-04-29 16:45:00,45.14291637778,0.0,0.0,17.73888888,11.858666666666666,50.05,0,5.1764362714980825,70.66250196097344,16,5,4,-0.8660254037844385,-0.5000000000000004,-0.9749279121818236,-0.2225209339563146,0.8660254037844387,-0.4999999999999998,90.0,102.0,103.91666666666669,13.3,35.525,100.0,71.75,7.125,7.6540313,0.0,12.025,17.742592586666667,49.65,49.05,49.0,49.0,50.46666666666667,-5.880222213333335,-0.0388889199999979,-0.2833333333333332,12.142,11.742,17.770370376666666,12.191555555555556,7.5649357,7.521891,7.438377,7.4480286,7.6295986,0,4.0,0,0.0,-1.11,31.1,68.9
2023-04-29 17:00:00,30.481280666668,0.0,0.0,17.742592586666667,11.742,50.46666666666667,0,5.1764362714980825,70.66250196097344,17,5,4,-0.9659258262890684,-0.2588190451025206,-0.9749279121818236,-0.2225209339563146,0.8660254037844387,-0.4999999999999998,82.0,94.0,98.75,12.4,34.9,100.0,72.0,7.2,7.6687284,0.0,12.0,17.73888888,50.05,49.65,49.05,49.0,50.85,-6.000592586666668,0.0037037066666663,-0.1166666666666671,11.858666666666666,11.805333333333332,17.753086422222225,11.914222222222222,7.6295986,7.5649357,7.521891,7.438377,7.685853,0,4.0,0,0.0,-1.11,31.0,69.0
2023-04-29 17:15:00,41.3933442,0.0,0.0,17.73888888,11.805333333333332,50.85,0,5.1764362714980825,70.66250196097344,17,5,4,-0.9659258262890684,-0.2588190451025206,-0.9749279121818236,-0.2225209339563146,0.8660254037844387,-0.4999999999999998,75.0,86.25,94.39583333333331,12.05,32.75,100.0,72.75,7.25,7.7244654,0.05,11.95,17.7222222,50.46666666666667,50.05,49.65,49.05,51.0,-5.933555546666668,-0.0037037066666663,0.0633333333333343,11.742,11.536666666666669,17.74012344888889,11.802,7.685853,7.6295986,7.5649357,7.521891,7.7008696,0,4.0,0,0.0,-1.11,30.9,69.1
2023-04-29 17:30:00,39.932013772222,0.0,0.0,17.7222222,11.536666666666669,51.0,0,5.1764362714980825,70.66250196097344,17,5,4,-0.9659258262890684,-0.2588190451025206,-0.9749279121818236,-0.2225209339563146,0.8660254037844387,-0.4999999999999998,68.0,78.75,90.85416666666669,11.7,30.6,100.0,73.5,7.300000000000001,7.779773,0.1,11.9,17.68333335,50.85,50.46666666666667,50.05,49.65,51.35,-6.185555533333334,-0.0166666800000001,-0.2686666666666664,11.805333333333332,11.408666666666669,17.73456788888889,11.694666666666668,7.7008696,7.685853,7.6295986,7.5649357,7.7357607,0,4.0,0,0.0,-1.11,31.1,68.9
2023-04-29 17:45:00,32.900350649998,0.0,0.0,17.68333335,11.408666666666669,51.35,0,5.1764362714980825,70.66250196097344,17,5,4,-0.9659258262890684,-0.2588190451025206,-0.9749279121818236,-0.2225209339563146,0.8660254037844387,-0.4999999999999998,61.0,71.5,88.125,11.35,28.45,100.0,74.25,7.35,7.834649,0.15,11.85,17.6666667,51.0,50.85,50.46666666666667,50.05,51.5,-6.274666683333335,-0.0388888499999993,-0.1280000000000001,11.536666666666669,11.394666666666668,17.714814810000004,11.583555555555556,7.7357607,7.7008696,7.685853,7.6295986,7.750651,0,4.0,0,0.0,-1.12,31.5,68.5
2023-04-29 18:00:00,41.782217511112,0.0,0.0,17.6666667,11.394666666666668,51.5,0,5.1764362714980825,70.66250196097344,18,5,4,-1.0,-1.8369701987210294e-16,-0.9749279121818236,-0.2225209339563146,0.8660254037844387,-0.4999999999999998,54.0,64.5,86.20833333333333,11.0,26.3,100.0,75.0,7.4,7.8890996,0.2,11.8,17.6666667,51.35,51.0,50.85,50.46666666666667,51.5,-6.272000033333333,-0.0166666500000012,-0.0139999999999993,11.408666666666669,11.181333333333331,17.69074075,11.446666666666667,7.750651,7.7357607,7.7008696,7.685853,7.750651,0,4.0,0,0.0,-1.12,31.6,68.4
2023-04-29 18:15:00,32.575085911108,0.0,0.0,17.6666667,11.181333333333331,51.5,0,5.1764362714980825,70.66250196097344,18,5,4,-1.0,-1.8369701987210294e-16,-0.9749279121818236,-0.2225209339563146,0.8660254037844387,-0.4999999999999998,50.5,58.375,83.22916666666667,10.925,25.4,100.0,76.75,7.575,7.9728036,0.3,11.6,17.6666667,51.5,51.35,51.0,50.85,51.5,-6.485333366666668,0.0,-0.2133333333333347,11.394666666666668,11.038666666666668,17.67222225,11.328222222222225,7.750651,7.750651,7.7357607,7.7008696,7.750651,0,4.0,0,0.0,-1.12,31.6,68.4
2023-04-29 18:30:00,41.030303155556,0.0,0.0,17.6666667,11.038666666666668,51.5,0,5.1764362714980825,70.66250196097344,18,5,4,-1.0,-1.8369701987210294e-16,-0.9749279121818236,-0.2225209339563146,0.8660254037844387,-0.4999999999999998,47.0,53.125,79.1875,10.85,24.5,100.0,78.5,7.75,8.053045,0.4,11.4,17.6666667,51.5,51.5,51.35,51.0,51.5,-6.628000033333333,0.0,-0.1426666666666651,11.181333333333331,10.914,17.6666667,11.204888888888888,7.750651,7.750651,7.750651,7.7357607,7.750651,0,4.0,0,0.0,-1.12,31.6,68.4
2023-04-29 18:45:00,40.209780494442,0.0,0.0,17.6666667,10.914,51.5,0,5.1764362714980825,70.66250196097344,18,5,4,-1.0,-1.8369701987210294e-16,-0.9749279121818236,-0.2225209339563146,0.8660254037844387,-0.4999999999999998,43.5,48.75,74.08333333333333,10.775,23.6,100.0,80.25,7.925,8.129886,0.5,11.2,17.646296313333334,51.5,51.5,51.5,51.35,51.31666666666667,-6.752666700000001,0.0,-0.124666666666668,11.038666666666668,10.830666666666668,17.6666667,11.044666666666666,7.750651,7.750651,7.750651,7.750651,7.7136817,0,4.0,0,0.0,-1.12,31.6,68.4
2023-04-29 19:00:00,73.81260304444,0.0,0.0,17.646296313333334,10.830666666666668,51.31666666666667,0,5.1764362714980825,70.66250196097344,19,5,4,-0.9659258262890684,0.2588190451025203,-0.9749279121818236,-0.2225209339563146,0.8660254037844387,-0.4999999999999998,40.0,45.25,67.91666666666667,10.7,22.7,100.0,82.0,8.1,8.203391,0.6,11.0,17.64444446,51.5,51.5,51.5,51.5,51.0,-6.815629646666666,-0.0203703866666664,-0.0833333333333321,10.914,10.85,17.659876571111113,10.927777777777775,7.7136817,7.750651,7.750651,7.750651,7.6652346,0,4.0,0,0.0,-1.13,31.9,68.1
2023-04-29 19:15:00,279.282161500004,0.0,0.0,17.64444446,10.85,51.0,0,5.1764362714980825,70.66250196097344,19,5,4,-0.9659258262890684,0.2588190451025203,-0.9749279121818236,-0.2225209339563146,0.8660254037844387,-0.4999999999999998,31.0,40.375,61.66666666666666,11.65,23.325,100.0,81.5,7.899999999999999,8.102219,0.525,10.9,17.61481480666667,51.31666666666667,51.5,51.5,51.5,51.0,-6.794444459999999,-0.0018518533333349,0.019333333333332,10.830666666666668,10.909333333333333,17.65246915777778,10.86488888888889,7.6652346,7.7136817,7.750651,7.750651,7.651697,0,4.0,0,0.0,-1.13,32.0,68.0
2023-04-29 19:30:00,37.54099838333,0.0,0.0,17.61481480666667,10.909333333333333,51.0,0,5.1764362714980825,70.66250196097344,19,5,4,-0.9659258262890684,0.2588190451025203,-0.9749279121818236,-0.2225209339563146,0.8660254037844387,-0.4999999999999998,22.0,34.125,55.333333333333336,12.6,23.95,100.0,81.0,7.699999999999999,8.001952,0.4499999999999999,10.8,17.6111111,51.0,51.31666666666667,51.5,51.5,50.65,-6.705481473333336,-0.0296296533333304,0.059333333333333,10.85,11.0,17.63518519333334,10.863333333333332,7.651697,7.6652346,7.7136817,7.750651,7.597506,0,4.0,0,0.0,-1.14,32.3,67.7
2023-04-29 19:45:00,30.534889872214,0.0,0.0,17.6111111,11.0,50.65,0,5.1764362714980825,70.66250196097344,19,5,4,-0.9659258262890684,0.2588190451025203,-0.9749279121818236,-0.2225209339563146,0.8660254037844387,-0.4999999999999998,13.0,26.5,48.91666666666666,13.55,24.575,100.0,80.5,7.5,7.902581,0.375,10.7,17.6111111,51.0,51.0,51.31666666666667,51.5,50.5,-6.611111099999999,-0.0037037066666698,0.0906666666666673,10.909333333333333,11.041333333333334,17.62345678888889,10.919777777777776,7.597506,7.651697,7.6652346,7.7136817,7.575006,0,4.0,0,0.0,-1.14,32.4,67.6
2023-04-29 20:00:00,43.317989527774,0.0,0.0,17.6111111,11.041333333333334,50.5,0,5.1764362714980825,70.66250196097344,20,5,4,-0.8660254037844386,0.5000000000000001,-0.9749279121818236,-0.2225209339563146,0.8660254037844387,-0.4999999999999998,4.0,17.5,42.41666666666666,14.5,25.2,100.0,80.0,7.3,7.8041067,0.3,10.6,17.6111111,50.65,51.0,51.0,51.31666666666667,50.5,-6.569777766666665,0.0,0.0413333333333341,11.0,11.118,17.612345668888892,10.983555555555554,7.575006,7.597506,7.651697,7.6652346,7.575006,0,4.0,0,0.0,-1.14,32.5,67.5
2023-04-29 20:15:00,40.209780394446,0.0,0.0,17.6111111,11.118,50.5,0,5.1764362714980825,70.66250196097344,20,5,4,-0.8660254037844386,0.5000000000000001,-0.9749279121818236,-0.2225209339563146,0.8660254037844387,-0.4999999999999998,3.0,10.5,36.41666666666666,15.025,27.35,100.0,80.25,7.275,7.8038244,0.2249999999999999,10.55,17.6111111,50.5,50.65,51.0,51.0,50.31666666666667,-6.4931111,0.0,0.0766666666666644,11.041333333333334,11.138,17.6111111,11.053111111111113,7.575006,7.575006,7.597506,7.651697,7.5475063,0,4.0,0,0.0,-1.14,32.5,67.5
2023-04-29 20:30:00,30.54377836666,0.0,0.0,17.6111111,11.138,50.31666666666667,0,5.1764362714980825,70.66250196097344,20,5,4,-0.8660254037844386,0.5000000000000001,-0.9749279121818236,-0.2225209339563146,0.8660254037844387,-0.4999999999999998,2.0,5.5,30.916666666666668,15.55,29.5,100.0,80.5,7.25,7.803455,0.15,10.5,17.6111111,50.5,50.5,50.65,51.0,50.0,-6.473111099999999,0.0,0.0200000000000013,11.118,11.129333333333332,17.6111111,11.099111111111112,7.5475063,7.575006,7.575006,7.597506,7.5000057,0,4.0,0,0.0,-1.14,32.5,67.5
2023-04-29 20:45:00,41.7274975,0.0,0.0,17.6111111,11.129333333333332,50.0,0,5.1764362714980825,70.66250196097344,20,5,4,-0.8660254037844386,0.5000000000000001,-0.9749279121818236,-0.2225209339563146,0.8660254037844387,-0.4999999999999998,1.0,2.5,25.916666666666668,16.075000000000003,31.65,100.0,80.75,7.225,7.803002,0.0749999999999999,10.45,17.6111111,50.31666666666667,50.5,50.5,50.65,49.81666666666667,-6.481777766666665,0.0,-0.0086666666666666,11.138,11.206,17.6111111,11.128444444444446,7.5000057,7.5475063,7.575006,7.575006,7.472506,0,4.0,0,0.0,-1.14,32.6,67.4
2023-04-29 21:00:00,41.090578494446,0.0,0.0,17.6111111,11.206,49.81666666666667,0,5.1764362714980825,70.66250196097344,21,5,4,-0.7071067811865477,0.7071067811865474,-0.9749279121818236,-0.2225209339563146,0.8660254037844387,-0.4999999999999998,0.0,1.5,21.416666666666668,16.6,33.8,100.0,81.0,7.2,7.8024626,0.0,10.4,17.6111111,50.0,50.31666666666667,50.5,50.5,49.5,-6.405111099999999,0.0,0.0766666666666662,11.129333333333332,11.465333333333332,17.6111111,11.157777777777776,7.472506,7.5000057,7.5475063,7.575006,7.4250064,0,4.0,0,0.0,-1.15,32.6,67.4
2023-04-29 21:15:00,32.212322638886,0.0,0.0,17.6111111,11.465333333333332,49.5,0,5.1764362714980825,70.66250196097344,21,5,4,-0.7071067811865477,0.7071067811865474,-0.9749279121818236,-0.2225209339563146,0.8660254037844387,-0.4999999999999998,0.0,0.75,17.208333333333332,17.325000000000003,35.599999999999994,100.0,81.0,7.2,7.8024626,0.0,10.4,17.6111111,49.81666666666667,50.0,50.31666666666667,50.5,49.5,-6.145777766666667,0.0,0.2593333333333323,11.206,11.794666666666668,17.6111111,11.266888888888888,7.4250064,7.472506,7.5000057,7.5475063,7.4250064,0,4.0,0,0.0,-1.15,32.7,67.3
2023-04-29 21:30:00,40.768924777776,0.0,0.0,17.6111111,11.794666666666668,49.5,0,5.1764362714980825,70.66250196097344,21,5,4,-0.7071067811865477,0.7071067811865474,-0.9749279121818236,-0.2225209339563146,0.8660254037844387,-0.4999999999999998,0.0,0.25,13.291666666666666,18.05,37.4,100.0,81.0,7.2,7.8024626,0.0,10.4,17.57222225,49.5,49.81666666666667,50.0,50.31666666666667,49.5,-5.816444433333331,0.0,0.3293333333333361,11.465333333333332,11.836,17.6111111,11.488666666666663,7.4250064,7.4250064,7.472506,7.5000057,7.407793,0,4.0,0,0.0,-1.15,32.7,67.3
2023-04-29 21:45:00,34.916381138886,0.0,0.0,17.57222225,11.836,49.5,0,5.1764362714980825,70.66250196097344,21,5,4,-0.7071067811865477,0.7071067811865474,-0.9749279121818236,-0.2225209339563146,0.8660254037844387,-0.4999999999999998,0.0,0.0,9.666666666666666,18.775,39.2,100.0,81.0,7.2,7.8024626,0.0,10.4,17.5555556,49.5,49.5,49.81666666666667,50.0,49.5,-5.736222249999999,-0.0388888499999993,0.0413333333333323,11.794666666666668,11.888666666666667,17.59814815,11.698666666666668,7.407793,7.4250064,7.4250064,7.472506,7.4004292,0,4.0,0,0.0,-1.16,33.2,66.8
2023-04-29 22:00:00,42.440524444448,0.0,0.0,17.5555556,11.888666666666667,49.5,0,5.1764362714980825,70.66250196097344,22,5,4,-0.5000000000000004,0.8660254037844384,-0.9749279121818236,-0.2225209339563146,0.8660254037844387,-0.4999999999999998,0.0,0.0,6.333333333333333,19.5,41.0,100.0,81.0,7.2,7.8024626,0.0,10.4,17.5555556,49.5,49.5,49.5,49.81666666666667,49.5,-5.666888933333334,-0.0166666499999976,0.052666666666667,11.836,11.782,17.57962965,11.839777777777778,7.4004292,7.407793,7.4250064,7.4250064,7.4004292,0,4.0,0,0.0,-1.16,33.4,66.6
2023-04-29 22:15:00,37.0535178,0.0,0.0,17.5555556,11.782,49.5,0,5.1764362714980825,70.66250196097344,22,5,4,-0.5000000000000004,0.8660254037844384,-0.9749279121818236,-0.2225209339563146,0.8660254037844387,-0.4999999999999998,0.0,0.0,3.75,19.25,41.725,100.0,81.0,7.225,7.8148036,0.0,10.425,17.575925950000002,49.5,49.5,49.5,49.5,49.5,-5.773555600000002,0.0,-0.1066666666666673,11.888666666666667,11.65,17.561111150000002,11.835555555555556,7.4004292,7.4004292,7.407793,7.4250064,7.4094324,0,4.0,0,0.0,-1.16,33.4,66.6
2023-04-29 22:30:00,30.548222472222,0.0,0.0,17.575925950000002,11.65,49.5,0,5.1764362714980825,70.66250196097344,22,5,4,-0.5000000000000004,0.8660254037844384,-0.9749279121818236,-0.2225209339563146,0.8660254037844387,-0.4999999999999998,0.0,0.0,1.9166666666666667,19.0,42.45,100.0,81.0,7.25,7.8271594,0.0,10.45,17.57222225,49.5,49.5,49.5,49.5,49.5,-5.925925950000002,0.0203703500000003,-0.1319999999999996,11.782,11.685333333333334,17.56234571666667,11.773555555555555,7.4094324,7.4004292,7.4004292,7.407793,7.407793,0,4.0,0,0.0,-1.16,33.1,66.9
2023-04-29 22:45:00,49.728843950006,0.0,0.0,17.57222225,11.685333333333334,49.5,0,5.1764362714980825,70.66250196097344,22,5,4,-0.5000000000000004,0.8660254037844384,-0.9749279121818236,-0.2225209339563146,0.8660254037844387,-0.4999999999999998,0.0,0.0,0.8333333333333334,18.75,43.175,100.0,81.0,7.275,7.8395348,0.0,10.475,17.5555556,49.5,49.5,49.5,49.5,49.5,-5.886888916666665,-0.0037037000000026,0.0353333333333338,11.65,11.846666666666666,17.56790126666667,11.705777777777778,7.407793,7.4094324,7.4004292,7.4004292,7.4004292,0,4.0,0,0.0,-1.16,33.2,66.8
2023-04-29 23:00:00,33.603100305554,0.0,0.0,17.5555556,11.846666666666666,49.5,0,5.1764362714980825,70.66250196097344,23,5,4,-0.2588190451025215,0.965925826289068,-0.9749279121818236,-0.2225209339563146,0.8660254037844387,-0.4999999999999998,0.0,0.0,0.5,18.5,43.9,100.0,81.0,7.3,7.8519235,0.0,10.5,17.5555556,49.5,49.5,49.5,49.5,49.5,-5.708888933333336,-0.0166666499999976,0.1613333333333315,11.685333333333334,11.909333333333333,17.56790126666667,11.727333333333334,7.4004292,7.407793,7.4094324,7.4004292,7.4004292,0,4.0,0,0.0,-1.16,33.4,66.6
2023-04-29 23:15:00,30.605442583326,0.0,0.0,17.5555556,11.909333333333333,49.5,0,5.1764362714980825,70.66250196097344,23,5,4,-0.2588190451025215,0.965925826289068,-0.9749279121818236,-0.2225209339563146,0.8660254037844387,-0.4999999999999998,0.0,0.0,0.25,17.7,42.65,100.0,81.25,7.325,7.8637304,0.025,10.475,17.53518521333333,49.5,49.5,49.5,49.5,49.5,-5.646222266666669,0.0,0.0626666666666668,11.846666666666666,11.85,17.561111150000002,11.813777777777778,7.4004292,7.4004292,7.407793,7.4094324,7.3914347,0,4.0,0,0.0,-1.16,33.4,66.6
2023-04-29 23:30:00,47.502544338886,0.0,0.0,17.53518521333333,11.85,49.5,0,5.1764362714980825,70.66250196097344,23,5,4,-0.2588190451025215,0.965925826289068,-0.9749279121818236,-0.2225209339563146,0.8660254037844387,-0.4999999999999998,0.0,0.0,0.0833333333333333,16.9,41.4,100.0,81.5,7.35,7.8754754,0.05,10.45,17.533333359999997,49.5,49.5,49.5,49.5,49.5,-5.685185213333332,-0.02037038666667,-0.059333333333333,11.909333333333333,11.827333333333334,17.548765471111114,11.868666666666664,7.3914347,7.4004292,7.4004292,7.407793,7.390617,0,4.0,0,0.0,-1.17,33.6,66.4
2023-04-29 23:45:00,35.92856288333,0.0,0.0,17.533333359999997,11.827333333333334,49.5,0,5.1764362714980825,70.66250196097344,23,5,4,-0.2588190451025215,0.965925826289068,-0.9749279121818236,-0.2225209339563146,0.8660254037844387,-0.4999999999999998,0.0,0.0,0.0,16.1,40.15,100.0,81.75,7.375,7.8871627,0.075,10.425,17.503703706666666,49.5,49.5,49.5,49.5,49.5,-5.706000026666663,-0.0018518533333349,-0.0226666666666659,11.85,11.834,17.541358057777778,11.862222222222222,7.390617,7.3914347,7.4004292,7.4004292,7.377554,0,4.0,0,0.0,-1.17,33.6,66.4
2023-04-30 00:00:00,30.609608949998,0.0,0.0,17.503703706666666,11.834,49.5,0,5.1764362714980825,70.66250196097344,0,6,4,0.0,1.0,-0.7818314824680299,0.6234898018587334,0.8660254037844387,-0.4999999999999998,0.0,0.0,0.0,15.3,38.9,100.0,82.0,7.4,7.8987885,0.1,10.4,17.5,49.5,49.5,49.5,49.5,49.5,-5.669703706666667,-0.0296296533333304,0.0066666666666659,11.827333333333334,11.892,17.524074093333336,11.837111111111112,7.377554,7.390617,7.3914347,7.4004292,7.375921,0,4.0,0,0.0,-1.17,34.0,66.0
2023-04-30 00:15:00,41.921656283338,0.0,0.0,17.5,11.892,49.5,0,5.1764362714980825,70.66250196097344,0,6,4,0.0,1.0,-0.7818314824680299,0.6234898018587334,0.8660254037844387,-0.4999999999999998,0.0,0.0,0.0,14.975,37.1,100.0,82.0,7.4,7.8863153,0.125,10.375,17.5,49.5,49.5,49.5,49.5,49.5,-5.6080000000000005,-0.0037037066666663,0.0579999999999998,11.834,11.91,17.51234568888889,11.851111111111113,7.375921,7.377554,7.390617,7.3914347,7.375921,0,4.0,0,0.0,-1.17,34.0,66.0
2023-04-30 00:30:00,714.722799044436,0.0,0.0,17.5,11.91,49.5,0,5.1764362714980825,70.66250196097344,0,6,4,0.0,1.0,-0.7818314824680299,0.6234898018587334,0.8660254037844387,-0.4999999999999998,0.0,0.0,0.0,14.65,35.3,100.0,82.0,7.4,7.873858,0.15,10.35,17.5,49.5,49.5,49.5,49.5,49.5,-5.59,0.0,0.0180000000000006,11.892,11.830666666666668,17.50123456888889,11.878666666666666,7.375921,7.375921,7.377554,7.390617,7.375921,0,4.0,0,0.0,-1.17,34.0,66.0
2023-04-30 00:45:00,34.037249572222,0.0,0.0,17.5,11.830666666666668,49.5,0,5.1764362714980825,70.66250196097344,0,6,4,0.0,1.0,-0.7818314824680299,0.6234898018587334,0.8660254037844387,-0.4999999999999998,0.0,0.0,0.0,14.325,33.5,100.0,82.0,7.4,7.861417,0.175,10.325,17.5,49.5,49.5,49.5,49.5,49.5,-5.6693333333333324,0.0,-0.0793333333333325,11.91,11.846,17.5,11.877555555555556,7.375921,7.375921,7.375921,7.377554,7.375921,0,4.0,0,0.0,-1.17,34.0,66.0
2023-04-30 01:00:00,38.629565788892,0.0,0.0,17.5,11.846,49.5,0,5.1764362714980825,70.66250196097344,1,6,4,0.2588190451025207,0.9659258262890684,-0.7818314824680299,0.6234898018587334,0.8660254037844387,-0.4999999999999998,0.0,0.0,0.0,14.0,31.7,100.0,82.0,7.4,7.848994,0.2,10.3,17.5,49.5,49.5,49.5,49.5,49.5,-5.654,0.0,0.0153333333333325,11.830666666666668,11.988,17.5,11.862222222222222,7.375921,7.375921,7.375921,7.375921,7.375921,0,4.0,0,0.0,-1.17,34.0,66.0
2023-04-30 01:15:00,37.25295423889,0.0,0.0,17.5,11.988,49.5,0,5.1764362714980825,70.66250196097344,1,6,4,0.2588190451025207,0.9659258262890684,-0.7818314824680299,0.6234898018587334,0.8660254037844387,-0.4999999999999998,0.0,0.0,0.0,13.9,30.875,100.0,83.0,7.5,7.9070916,0.225,10.225,17.479629613333334,49.5,49.5,49.5,49.5,49.5,-5.5120000000000005,0.0,0.1419999999999994,11.846,11.89,17.5,11.888222222222224,7.375921,7.375921,7.375921,7.375921,7.3669534,0,4.0,0,0.0,-1.17,34.0,66.0
2023-04-30 01:30:00,42.33747301667,0.0,0.0,17.479629613333334,11.89,49.5,0,5.1764362714980825,70.66250196097344,1,6,4,0.2588190451025207,0.9659258262890684,-0.7818314824680299,0.6234898018587334,0.8660254037844387,-0.4999999999999998,0.0,0.0,0.0,13.8,30.05,100.0,84.0,7.6,7.9644413,0.25,10.15,17.47777776,49.5,49.5,49.5,49.5,49.5,-5.589629613333335,-0.0203703866666664,-0.0980000000000007,11.988,11.767333333333331,17.493209871111112,11.908,7.3669534,7.375921,7.375921,7.375921,7.3661375,0,4.0,0,0.0,-1.18,34.2,65.8
2023-04-30 01:45:00,35.1360945,0.0,0.0,17.47777776,11.767333333333331,49.5,0,5.1764362714980825,70.66250196097344,1,6,4,0.2588190451025207,0.9659258262890684,-0.7818314824680299,0.6234898018587334,0.8660254037844387,-0.4999999999999998,0.0,0.0,0.0,13.7,29.225,100.0,85.0,7.7,8.021047,0.275,10.075,17.46851849333333,49.5,49.5,49.5,49.5,49.5,-5.710444426666665,-0.0018518533333349,-0.1226666666666655,11.89,11.659333333333334,17.48580245777778,11.881777777777778,7.3661375,7.3669534,7.375921,7.375921,7.3620667,0,4.0,0,0.0,-1.18,34.3,65.7
2023-04-30 02:00:00,30.65932916111,0.0,0.0,17.46851849333333,11.659333333333334,49.5,0,5.1764362714980825,70.66250196097344,2,6,4,0.4999999999999999,0.8660254037844387,-0.7818314824680299,0.6234898018587334,0.8660254037844387,-0.4999999999999998,0.0,0.0,0.0,13.6,28.4,100.0,86.0,7.8,8.076912,0.3,10.0,17.466666640000003,49.5,49.5,49.5,49.5,49.5,-5.809185159999997,-0.0092592666666675,-0.1079999999999987,11.767333333333331,11.423333333333334,17.475308622222222,11.77222222222222,7.3620667,7.3661375,7.3669534,7.375921,7.361251,0,4.0,0,0.0,-1.18,34.4,65.6
2023-04-30 02:15:00,52.25596509445,0.0,0.0,17.466666640000003,11.423333333333334,49.5,0,5.1764362714980825,70.66250196097344,2,6,4,0.4999999999999999,0.8660254037844387,-0.7818314824680299,0.6234898018587334,0.8660254037844387,-0.4999999999999998,0.0,0.0,0.0,12.875,28.05,100.0,86.0,7.775,8.064116,0.2249999999999999,9.975,17.475925906666664,49.5,49.5,49.5,49.5,49.5,-6.0433333066666695,-0.0018518533333278,-0.2360000000000006,11.659333333333334,11.236,17.47098763111111,11.616666666666667,7.361251,7.3620667,7.3661375,7.3669534,7.365322,0,4.0,0,0.0,-1.18,34.4,65.6
2023-04-30 02:30:00,31.573459411104,0.0,0.0,17.475925906666664,11.236,49.5,0,5.1764362714980825,70.66250196097344,2,6,4,0.4999999999999999,0.8660254037844387,-0.7818314824680299,0.6234898018587334,0.8660254037844387,-0.4999999999999998,0.0,0.0,0.0,12.15,27.7,100.0,86.0,7.75,8.051334,0.15,9.95,17.4444444,49.5,49.5,49.5,49.5,49.15,-6.239925906666665,0.0092592666666604,-0.1873333333333349,11.423333333333334,11.154,17.470370346666666,11.439555555555556,7.365322,7.361251,7.3620667,7.3661375,7.299503,0,4.0,0,0.0,-1.18,34.3,65.7
2023-04-30 02:45:00,30.732659661106,0.0,0.0,17.4444444,11.154,49.15,0,5.1764362714980825,70.66250196097344,2,6,4,0.4999999999999999,0.8660254037844387,-0.7818314824680299,0.6234898018587334,0.8660254037844387,-0.4999999999999998,0.0,0.0,0.0,11.425,27.35,100.0,86.0,7.725,8.038574,0.0749999999999999,9.925,17.48518517333333,49.5,49.5,49.5,49.5,49.0,-6.290444399999998,-0.0314815066666653,-0.0819999999999989,11.236,11.07,17.46234564888889,11.27111111111111,7.299503,7.365322,7.361251,7.3620667,7.294959,0,4.0,0,0.0,-1.19,34.7,65.3
2023-04-30 03:00:00,197.323217905554,98.260513872222,98.279957577776,17.48518517333333,11.07,49.0,2,5.1764362714980825,70.66250196097344,3,6,4,0.7071067811865476,0.7071067811865476,-0.7818314824680299,0.6234898018587334,0.8660254037844387,-0.4999999999999998,0.0,0.0,0.0,10.7,27.0,100.0,86.0,7.7,8.025827,0.0,9.9,17.79444446,49.15,49.5,49.5,49.5,48.6,-6.415185173333331,0.0407407733333329,-0.0839999999999996,11.154,11.1,17.46851849333333,11.153333333333334,7.294959,7.299503,7.365322,7.361251,7.3701344,0,3.0,1,0.25,-1.18,34.3,65.7
2023-04-30 03:15:00,241.205629205554,14.648302944444,14.659135844444,17.79444446,11.1,48.6,1,5.1764362714980825,70.66250196097344,3,6,4,0.7071067811865476,0.7071067811865476,-0.7818314824680299,0.6234898018587334,0.8660254037844387,-0.4999999999999998,0.0,0.0,0.0,10.15,25.375,99.0,86.25,7.7,8.023649,0.0,9.85,17.879629613333336,49.0,49.15,49.5,49.5,48.21666666666667,-6.6944444600000015,0.3092592866666699,0.0299999999999993,11.07,10.936,17.574691344444442,11.108,7.3701344,7.294959,7.299503,7.365322,7.349194,0,2.0,1,0.5,-1.11,30.8,69.2
2023-04-30 03:30:00,32.608695666664,0.0,0.0,17.879629613333336,10.936,48.21666666666667,0,5.1764362714980825,70.66250196097344,3,6,4,0.7071067811865476,0.7071067811865476,-0.7818314824680299,0.6234898018587334,0.8660254037844387,-0.4999999999999998,0.0,0.0,0.0,9.6,23.75,98.0,86.5,7.7,8.021393,0.0,9.8,17.73888888,48.6,49.0,49.15,49.5,48.5,-6.943629613333336,0.0851851533333345,-0.1639999999999997,11.1,10.923333333333334,17.719753082222223,11.035333333333334,7.349194,7.3701344,7.294959,7.299503,7.3306575,1,2.0,1,0.5,-1.09,30.0,70.0
2023-04-30 03:45:00,40.77309109445,0.0,0.0,17.73888888,10.923333333333334,48.5,0,5.1764362714980825,70.66250196097344,3,6,4,0.7071067811865476,0.7071067811865476,-0.7818314824680299,0.6234898018587334,0.8660254037844387,-0.4999999999999998,0.0,0.0,0.0,9.05,22.125,97.0,86.75,7.7,8.019058,0.0,9.75,17.70185185,48.21666666666667,48.6,49.0,49.15,48.68333333333333,-6.815555546666667,-0.1407407333333346,-0.0126666666666661,10.936,11.026,17.80432098444445,10.986444444444444,7.3306575,7.349194,7.3701344,7.294959,7.3421407,0,2.0,0,0.5,-1.12,31.5,68.5
2023-04-30 04:00:00,41.691110188884,0.0,0.0,17.70185185,11.026,48.68333333333333,0,5.1764362714980825,70.66250196097344,4,6,4,0.8660254037844386,0.5000000000000001,-0.7818314824680299,0.6234898018587334,0.8660254037844387,-0.4999999999999998,0.0,0.0,0.0,8.5,20.5,96.0,87.0,7.7,8.016649,0.0,9.7,17.62777778,48.5,48.21666666666667,48.6,49.0,49.0,-6.675851850000001,-0.0370370300000004,0.102666666666666,10.923333333333334,11.179333333333334,17.77345678111111,10.961777777777778,7.3421407,7.3306575,7.349194,7.3701344,7.357319,0,3.0,0,0.25,-1.13,31.9,68.1
2023-04-30 04:15:00,36.272160172222,0.0,0.0,17.62777778,11.179333333333334,49.0,0,5.1764362714980825,70.66250196097344,4,6,4,0.8660254037844386,0.5000000000000001,-0.7818314824680299,0.6234898018587334,0.8660254037844387,-0.4999999999999998,0.0,0.0,0.0,8.0,19.25,97.0,88.25,7.6,7.978013,0.0,9.4,17.590740750000002,48.68333333333333,48.5,48.21666666666667,48.6,49.0,-6.448444446666665,-0.0740740700000017,0.1533333333333342,11.026,11.306666666666668,17.68950617,11.04288888888889,7.357319,7.3421407,7.3306575,7.349194,7.3410773,0,4.0,0,0.0,-1.15,32.6,67.4
2023-04-30 04:30:00,36.46798572222,0.0,0.0,17.590740750000002,11.306666666666668,49.0,0,5.1764362714980825,70.66250196097344,4,6,4,0.8660254037844386,0.5000000000000001,-0.7818314824680299,0.6234898018587334,0.8660254037844387,-0.4999999999999998,0.0,0.0,0.0,7.5,18.0,98.0,89.5,7.5,7.9375997,0.0,9.1,17.5555556,49.0,48.68333333333333,48.5,48.21666666666667,49.35,-6.284074083333335,-0.0370370299999969,0.1273333333333326,11.179333333333334,11.142,17.64012346,11.170666666666667,7.3410773,7.357319,7.3421407,7.3306575,7.378003,0,4.0,0,0.0,-1.15,33.1,66.9
2023-04-30 04:45:00,38.458461533336,0.0,0.0,17.5555556,11.142,49.35,0,5.1764362714980825,70.66250196097344,4,6,4,0.8660254037844386,0.5000000000000001,-0.7818314824680299,0.6234898018587334,0.8660254037844387,-0.4999999999999998,0.0,0.0,0.0,7.0,16.75,99.0,90.75,7.4,7.8954806,0.0,8.8,17.53518521333333,49.0,49.0,48.68333333333333,48.5,49.5,-6.413555600000002,-0.0351851500000002,-0.1646666666666671,11.306666666666668,10.913333333333332,17.591358043333337,11.209333333333332,7.378003,7.3410773,7.357319,7.3421407,7.3914347,0,4.0,0,0.0,-1.16,33.4,66.6
2023-04-30 05:00:00,43.483815961118,0.0,0.0,17.53518521333333,10.913333333333332,49.5,0,5.1764362714980825,70.66250196097344,5,6,4,0.9659258262890684,0.2588190451025207,-0.7818314824680299,0.6234898018587334,0.8660254037844387,-0.4999999999999998,0.0,0.0,0.0,6.5,15.5,100.0,92.0,7.3,7.8517237,0.0,8.5,17.5,49.35,49.0,49.0,48.68333333333333,49.5,-6.62185188,-0.02037038666667,-0.2286666666666672,11.142,10.744666666666664,17.560493854444445,11.120666666666668,7.3914347,7.378003,7.3410773,7.357319,7.375921,0,4.0,0,0.0,-1.17,33.6,66.4
2023-04-30 05:15:00,32.69063682222,0.0,0.0,17.5,10.744666666666664,49.5,0,5.1764362714980825,70.66250196097344,5,6,4,0.9659258262890684,0.2588190451025207,-0.7818314824680299,0.6234898018587334,0.8660254037844387,-0.4999999999999998,0.0,0.0,0.0,7.05,15.225,100.0,92.25,7.325,7.8604317,0.0,8.475,17.479629613333334,49.5,49.35,49.0,49.0,49.5,-6.755333333333335,-0.0351852133333316,-0.1686666666666667,10.913333333333332,10.47,17.53024693777778,10.933333333333332,7.375921,7.3914347,7.378003,7.3410773,7.3669534,0,4.0,0,0.0,-1.17,34.0,66.0
2023-04-30 05:30:00,31.634290194442,0.0,0.0,17.479629613333334,10.47,49.5,0,5.1764362714980825,70.66250196097344,5,6,4,0.9659258262890684,0.2588190451025207,-0.7818314824680299,0.6234898018587334,0.8660254037844387,-0.4999999999999998,0.0,0.0,0.0,7.6,14.95,100.0,92.5,7.35,7.869089,0.0,8.45,17.4444444,49.5,49.5,49.35,49.0,49.5,-7.009629613333333,-0.0203703866666664,-0.2746666666666648,10.744666666666664,10.320666666666666,17.504938275555556,10.709333333333332,7.3669534,7.375921,7.3914347,7.378003,7.3514833,0,4.0,0,0.0,-1.18,34.2,65.8
2023-04-30 05:45:00,52.813165022228,0.0,0.0,17.4444444,10.320666666666666,49.5,0,5.1764362714980825,70.66250196097344,5,6,4,0.9659258262890684,0.2588190451025207,-0.7818314824680299,0.6234898018587334,0.8660254037844387,-0.4999999999999998,0.0,0.0,0.0,8.149999999999999,14.675,100.0,92.75,7.375,7.877697,0.0,8.425,17.4444444,49.5,49.5,49.5,49.35,49.68333333333333,-7.123777733333332,-0.0351852133333352,-0.1493333333333346,10.47,10.18,17.47469133777778,10.511777777777777,7.3514833,7.3669534,7.375921,7.3914347,7.3787107,0,4.0,0,0.0,-1.19,34.7,65.3
2023-04-30 06:00:00,30.595720588888,0.0,0.0,17.4444444,10.18,49.68333333333333,0,5.1764362714980825,70.66250196097344,6,6,4,1.0,6.123233995736766e-17,-0.7818314824680299,0.6234898018587334,0.8660254037844387,-0.4999999999999998,0.0,0.0,0.0,8.7,14.4,100.0,93.0,7.4,7.8862534,0.0,8.4,17.40555555,49.5,49.5,49.5,49.5,50.0,-7.264444399999999,0.0,-0.1406666666666662,10.320666666666666,10.054666666666666,17.456172804444446,10.323555555555556,7.3787107,7.3514833,7.3669534,7.375921,7.4085054,0,4.0,0,0.0,-1.19,34.6,65.4
2023-04-30 06:15:00,30.621275133332,0.0,0.0,17.40555555,10.054666666666666,50.0,0,5.1764362714980825,70.66250196097344,6,6,4,1.0,6.123233995736766e-17,-0.7818314824680299,0.6234898018587334,0.8660254037844387,-0.4999999999999998,4.25,1.0625,0.3541666666666667,8.7,14.85,100.0,93.25,7.525,7.9584045,0.05,8.5,17.3888889,49.68333333333333,49.5,49.5,49.5,50.0,-7.350888883333333,-0.0388888499999993,-0.1253333333333337,10.18,10.012,17.431481450000003,10.18511111111111,7.4085054,7.3787107,7.3514833,7.3669534,7.401129,0,4.0,0,0.0,-1.2,35.0,65.0
2023-04-30 06:30:00,50.153271422228,0.0,0.0,17.3888889,10.012,50.0,0,5.1764362714980825,70.66250196097344,6,6,4,1.0,6.123233995736766e-17,-0.7818314824680299,0.6234898018587334,0.8660254037844387,-0.4999999999999998,8.5,3.1875,1.0625,8.7,15.3,100.0,93.5,7.65,8.0311165,0.1,8.600000000000001,17.3888889,50.0,49.68333333333333,49.5,49.5,50.0,-7.376888900000001,-0.0166666499999976,-0.0426666666666655,10.054666666666666,10.040666666666665,17.41296295,10.082222222222224,7.401129,7.4085054,7.3787107,7.3514833,7.401129,0,4.0,0,0.0,-1.2,35.2,64.8
2023-04-30 06:45:00,33.753372077776,0.0,0.0,17.3888889,10.040666666666665,50.0,0,5.1764362714980825,70.66250196097344,6,6,4,1.0,6.123233995736766e-17,-0.7818314824680299,0.6234898018587334,0.8660254037844387,-0.4999999999999998,12.750000000000002,6.375,2.125,8.7,15.75,100.0,93.75,7.775,8.104394,0.15,8.700000000000001,17.3888889,50.0,50.0,49.68333333333333,49.5,50.0,-7.348222233333336,0.0,0.0286666666666643,10.012,9.967999999999998,17.394444449999998,10.035777777777776,7.401129,7.401129,7.4085054,7.3787107,7.401129,0,4.0,0,0.0,-1.2,35.2,64.8
2023-04-30 07:00:00,60.60729786111,30.614330944444,30.625719355556,17.3888889,9.967999999999998,50.0,1,5.1764362714980825,70.66250196097344,7,6,4,0.9659258262890684,-0.2588190451025206,-0.7818314824680299,0.6234898018587334,0.8660254037844387,-0.4999999999999998,17.0,10.625,3.5416666666666665,8.7,16.2,100.0,94.0,7.9,8.178238,0.2,8.8,17.538888919999998,50.0,50.0,50.0,49.68333333333333,49.65,-7.420888900000003,0.0,-0.0726666666666666,10.040666666666665,10.044666666666666,17.3888889,10.006888888888888,7.401129,7.401129,7.401129,7.4085054,7.415473,0,3.0,1,0.25,-1.2,35.2,64.8
2023-04-30 07:15:00,114.47430976111,78.831568844444,78.848790372222,17.538888919999998,10.044666666666666,49.65,2,5.1764362714980825,70.66250196097344,7,6,4,0.9659258262890684,-0.2588190451025206,-0.7818314824680299,0.6234898018587334,0.8660254037844387,-0.4999999999999998,25.5,15.9375,5.666666666666667,9.025,17.2,100.0,94.25,8.15,8.318899,0.275,9.025,17.866666679999998,50.0,50.0,50.0,50.0,49.5,-7.494222253333332,0.1500000199999966,0.0766666666666679,9.967999999999998,10.04,17.43888890666667,10.017777777777775,7.415473,7.401129,7.401129,7.401129,7.53898,0,2.0,1,0.5,-1.16,33.5,66.5
2023-04-30 07:30:00,40.916418794446,0.0,0.0,17.866666679999998,10.04,49.5,0,5.1764362714980825,70.66250196097344,7,6,4,0.9659258262890684,-0.2588190451025206,-0.7818314824680299,0.6234898018587334,0.8660254037844387,-0.4999999999999998,34.0,22.3125,8.5,9.35,18.2,100.0,94.5,8.4,8.461697,0.35,9.25,17.805555570000003,49.65,50.0,50.0,50.0,49.55,-7.826666679999999,0.32777776,-0.004666666666667,10.044666666666666,10.016,17.598148166666665,10.017555555555552,7.53898,7.415473,7.401129,7.401129,7.519177,1,2.0,1,0.5,-1.08,29.8,70.2
2023-04-30 07:45:00,37.733490533336,0.0,0.0,17.805555570000003,10.016,49.55,0,5.1764362714980825,70.66250196097344,7,6,4,0.9659258262890684,-0.2588190451025206,-0.7818314824680299,0.6234898018587334,0.8660254037844387,-0.4999999999999998,42.5,29.75,12.041666666666666,9.675,19.2,100.0,94.75,8.65,8.606659,0.425,9.475,17.705555556666663,49.5,49.65,50.0,50.0,49.96666666666667,-7.789555570000003,-0.0611111099999952,-0.0239999999999991,10.04,10.073333333333332,17.73703705666667,10.033555555555555,7.519177,7.53898,7.415473,7.401129,7.5373464,0,2.0,0,0.5,-1.1,30.5,69.5
2023-04-30 08:00:00,35.28997717778,0.0,0.0,17.705555556666663,10.073333333333332,49.96666666666667,0,5.1764362714980825,70.66250196097344,8,6,4,0.8660254037844387,-0.4999999999999998,-0.7818314824680299,0.6234898018587334,0.8660254037844387,-0.4999999999999998,51.0,38.25,16.291666666666668,10.0,20.2,100.0,95.0,8.9,8.753812,0.5,9.7,17.62777778,49.55,49.5,49.65,50.0,50.4,-7.632222223333331,-0.1000000133333394,0.0573333333333323,10.016,10.091333333333331,17.79259260222222,10.04311111111111,7.5373464,7.519177,7.53898,7.415473,7.5675282,0,3.0,0,0.25,-1.12,31.5,68.5
2023-04-30 08:15:00,39.308149844444,0.0,0.0,17.62777778,10.091333333333331,50.4,0,5.1764362714980825,70.66250196097344,8,6,4,0.8660254037844387,-0.4999999999999998,-0.7818314824680299,0.6234898018587334,0.8660254037844387,-0.4999999999999998,59.25,46.6875,21.229166666666668,10.05,20.375,100.0,96.25,9.25,8.953926,0.55,9.85,17.590740750000002,49.96666666666667,49.55,49.5,49.65,50.96666666666667,-7.536444446666666,-0.0777777766666645,0.0180000000000006,10.073333333333332,10.215333333333332,17.71296296888889,10.06022222222222,7.5675282,7.5373464,7.519177,7.53898,7.635719,0,4.0,0,0.0,-1.14,32.3,67.7
2023-04-30 08:30:00,43.119386272222,0.0,0.0,17.590740750000002,10.215333333333332,50.96666666666667,0,5.1764362714980825,70.66250196097344,8,6,4,0.8660254037844387,-0.4999999999999998,-0.7818314824680299,0.6234898018587334,0.8660254037844387,-0.4999999999999998,67.5,55.0625,26.854166666666668,10.1,20.55,100.0,97.5,9.6,9.156963,0.6,10.0,17.5555556,50.4,49.96666666666667,49.55,49.5,51.35,-7.37540741666667,-0.0370370299999969,0.1239999999999987,10.091333333333331,10.238666666666663,17.641358028888888,10.126666666666663,7.635719,7.5675282,7.5373464,7.519177,7.6770105,0,4.0,0,0.0,-1.15,32.6,67.4
2023-04-30 08:45:00,31.593736333328,0.0,0.0,17.5555556,10.238666666666663,51.35,0,5.1764362714980825,70.66250196097344,8,6,4,0.8660254037844387,-0.4999999999999998,-0.7818314824680299,0.6234898018587334,0.8660254037844387,-0.4999999999999998,75.75,63.375,33.166666666666664,10.15,20.725,100.0,98.75,9.95,9.362961,0.6499999999999999,10.15,17.53518521333333,50.96666666666667,50.4,49.96666666666667,49.55,51.5,-7.316888933333336,-0.0351851500000002,0.0233333333333334,10.215333333333332,10.219333333333331,17.591358043333333,10.181777777777777,7.6770105,7.635719,7.5675282,7.5373464,7.690078,0,4.0,0,0.0,-1.15,32.9,67.1
2023-04-30 09:00:00,33.472272272218,0.0,0.0,17.53518521333333,10.219333333333331,51.5,0,5.1764362714980825,70.66250196097344,9,6,4,0.7071067811865476,-0.7071067811865475,-0.7818314824680299,0.6234898018587334,0.8660254037844387,-0.4999999999999998,84.0,71.625,40.16666666666666,10.2,20.9,100.0,100.0,10.3,9.571943,0.7,10.3,17.5,51.35,50.96666666666667,50.4,49.96666666666667,51.55,-7.3158518799999985,-0.02037038666667,-0.019333333333332,10.238666666666663,10.381333333333334,17.560493854444445,10.224444444444444,7.690078,7.6770105,7.635719,7.5675282,7.6813884,0,4.0,0,0.0,-1.16,33.1,66.9
2023-04-30 09:15:00,50.278544344444,0.0,0.0,17.5,10.381333333333334,51.55,0,5.1764362714980825,70.66250196097344,9,6,4,0.7071067811865476,-0.7071067811865475,-0.7818314824680299,0.6234898018587334,0.8660254037844387,-0.4999999999999998,83.25,77.625,46.75,10.65,22.075,100.0,100.0,10.325,9.602266,0.825,10.35,17.5,51.5,51.35,50.96666666666667,50.4,51.96666666666667,-7.118666666666666,-0.0351852133333316,0.1620000000000008,10.219333333333331,10.616666666666667,17.53024693777778,10.279777777777776,7.6813884,7.690078,7.6770105,7.635719,7.7434745,0,4.0,0,0.0,-1.16,33.5,66.5
2023-04-30 09:30:00,30.687661394442,0.0,0.0,17.5,10.616666666666667,51.96666666666667,0,5.1764362714980825,70.66250196097344,9,6,4,0.7071067811865476,-0.7071067811865475,-0.7818314824680299,0.6234898018587334,0.8660254037844387,-0.4999999999999998,82.5,81.375,52.91666666666666,11.1,23.25,100.0,100.0,10.35,9.63267,0.95,10.4,17.49444444,51.55,51.5,51.35,50.96666666666667,52.05,-6.883333333333333,0.0,0.2353333333333331,10.381333333333334,10.718666666666667,17.511728404444444,10.40577777777778,7.7434745,7.6813884,7.690078,7.6770105,7.7533197,0,4.0,0,0.0,-1.16,33.4,66.6
2023-04-30 09:45:00,31.205418449998,0.0,0.0,17.49444444,10.718666666666667,52.05,0,5.1764362714980825,70.66250196097344,9,6,4,0.7071067811865476,-0.7071067811865475,-0.7818314824680299,0.6234898018587334,0.8660254037844387,-0.4999999999999998,81.75,82.875,58.66666666666666,11.55,24.425,100.0,100.0,10.375,9.663159,1.075,10.45,17.448148106666665,51.96666666666667,51.55,51.5,51.35,52.46666666666667,-6.775777773333331,-0.0055555600000012,0.1020000000000003,10.616666666666667,10.857333333333337,17.49814814666667,10.572222222222225,7.7533197,7.7434745,7.6813884,7.690078,7.7938023,0,4.0,0,0.0,-1.16,33.5,66.5
2023-04-30 10:00:00,51.405999161114,0.0,0.0,17.448148106666665,10.857333333333337,52.46666666666667,0,5.1764362714980825,70.66250196097344,10,6,4,0.4999999999999999,-0.8660254037844387,-0.7818314824680299,0.6234898018587334,0.8660254037844387,-0.4999999999999998,81.0,82.125,64.0,12.0,25.6,100.0,100.0,10.4,9.693733,1.2,10.5,17.4444444,52.05,51.96666666666667,51.55,51.5,52.9,-6.59081477333333,-0.0462963333333341,0.1386666666666673,10.718666666666667,11.12,17.480864182222223,10.73088888888889,7.7938023,7.7533197,7.7434745,7.6813884,7.856434,0,4.0,0,0.0,-1.17,33.9,66.1
2023-04-30 10:15:00,30.993760216666,0.0,0.0,17.4444444,11.12,52.9,0,5.1764362714980825,70.66250196097344,10,6,4,0.4999999999999999,-0.8660254037844387,-0.7818314824680299,0.6234898018587334,0.8660254037844387,-0.4999999999999998,80.0,81.3125,68.54166666666667,12.175,25.6,100.0,100.0,10.5,9.739752,1.125,10.575,17.4444444,52.46666666666667,52.05,51.96666666666667,51.55,53.46666666666667,-6.324444399999997,-0.0037037066666663,0.2626666666666661,10.857333333333337,11.462666666666667,17.46234564888889,10.898666666666664,7.856434,7.7938023,7.7533197,7.7434745,7.940591,0,4.0,0,0.0,-1.17,33.9,66.1
2023-04-30 10:30:00,34.700556572214,0.0,0.0,17.4444444,11.462666666666667,53.46666666666667,0,5.1764362714980825,70.66250196097344,10,6,4,0.4999999999999999,-0.8660254037844387,-0.7818314824680299,0.6234898018587334,0.8660254037844387,-0.4999999999999998,79.0,80.4375,72.29166666666667,12.35,25.6,100.0,100.0,10.6,9.785961,1.05,10.65,17.44999996,52.9,52.46666666666667,52.05,51.96666666666667,53.9,-5.981777733333331,0.0,0.3426666666666662,11.12,11.792666666666667,17.44567896888889,11.146666666666668,7.940591,7.856434,7.7938023,7.7533197,8.0076065,0,4.0,0,0.0,-1.17,33.7,66.3
2023-04-30 10:45:00,42.53940960555,0.0,0.0,17.44999996,11.792666666666667,53.9,0,5.1764362714980825,70.66250196097344,10,6,4,0.4999999999999999,-0.8660254037844387,-0.7818314824680299,0.6234898018587334,0.8660254037844387,-0.4999999999999998,78.0,79.5,75.25,12.525,25.6,100.0,100.0,10.7,9.832359,0.975,10.725,17.496296293333334,53.46666666666667,52.9,52.46666666666667,52.05,54.46666666666667,-5.657333293333332,0.0055555600000012,0.33,11.462666666666667,11.98,17.446296253333333,11.458444444444446,8.0076065,7.940591,7.856434,7.7938023,8.1142,0,4.0,0,0.0,-1.17,33.6,66.4
2023-04-30 11:00:00,36.569370549998,0.0,0.0,17.496296293333334,11.98,54.46666666666667,0,5.1764362714980825,70.66250196097344,11,6,4,0.258819045102521,-0.9659258262890682,-0.7818314824680299,0.6234898018587334,0.8660254037844387,-0.4999999999999998,77.0,78.5,77.41666666666667,12.7,25.6,100.0,100.0,10.8,9.878952,0.9,10.8,17.5,53.9,53.46666666666667,52.9,52.46666666666667,54.85,-5.516296293333335,0.0462963333333341,0.1873333333333313,11.792666666666667,12.276666666666667,17.46358021777778,11.74511111111111,8.1142,8.0076065,7.940591,7.856434,8.173116,0,4.0,0,0.0,-1.15,32.9,67.1
2023-04-30 11:15:00,37.54238724444,0.0,0.0,17.5,12.276666666666667,54.85,0,5.1764362714980825,70.66250196097344,11,6,4,0.258819045102521,-0.9659258262890682,-0.7818314824680299,0.6234898018587334,0.8660254037844387,-0.4999999999999998,103.0,84.25,81.0625,12.55,26.125,100.0,99.75,11.15,10.089517,1.075,11.175,17.5,54.46666666666667,53.9,53.46666666666667,52.9,55.0,-5.223333333333333,0.0037037066666663,0.2966666666666686,11.98,12.16,17.482098751111113,12.016444444444446,8.173116,8.1142,8.0076065,7.940591,8.195468,0,4.0,0,0.0,-1.15,32.8,67.2
2023-04-30 11:30:00,34.967767916666,0.0,0.0,17.5,12.16,55.0,0,5.1764362714980825,70.66250196097344,11,6,4,0.258819045102521,-0.9659258262890682,-0.7818314824680299,0.6234898018587334,0.8660254037844387,-0.4999999999999998,129.0,96.75,86.1875,12.4,26.65,100.0,99.5,11.5,10.303768,1.25,11.55,17.5,54.85,54.46666666666667,53.9,53.46666666666667,55.35,-5.34,0.0,-0.1166666666666671,12.276666666666667,12.088,17.498765431111114,12.138888888888888,8.195468,8.173116,8.1142,8.0076065,8.24762,0,4.0,0,0.0,-1.15,32.7,67.3
2023-04-30 11:45:00,41.666944138898,0.0,0.0,17.5,12.088,55.35,0,5.1764362714980825,70.66250196097344,11,6,4,0.258819045102521,-0.9659258262890682,-0.7818314824680299,0.6234898018587334,0.8660254037844387,-0.4999999999999998,155.0,116.0,92.79166666666669,12.25,27.175,100.0,99.25,11.85,10.521753,1.425,11.925,17.5,55.0,54.85,54.46666666666667,53.9,55.68333333333333,-5.412000000000001,0.0,-0.0720000000000009,12.16,12.276666666666667,17.5,12.174888888888889,8.24762,8.195468,8.173116,8.1142,8.29729,0,4.0,0,0.0,-1.15,32.7,67.3
2023-04-30 12:00:00,40.64642966111,0.0,0.0,17.5,12.276666666666667,55.68333333333333,0,5.1764362714980825,70.66250196097344,12,6,4,1.2246467991473532e-16,-1.0,-0.7818314824680299,0.6234898018587334,0.8660254037844387,-0.4999999999999998,181.0,142.0,100.875,12.1,27.7,100.0,99.0,12.2,10.743521,1.6,12.3,17.5,55.35,55.0,54.85,54.46666666666667,56.0,-5.223333333333333,0.0,0.1886666666666681,12.088,12.253333333333332,17.5,12.174888888888889,8.29729,8.24762,8.195468,8.173116,8.344476,0,4.0,0,0.0,-1.14,32.6,67.4
2023-04-30 12:15:00,31.711787027778,0.0,0.0,17.5,12.253333333333332,56.0,0,5.1764362714980825,70.66250196097344,12,6,4,1.2246467991473532e-16,-1.0,-0.7818314824680299,0.6234898018587334,0.8660254037844387,-0.4999999999999998,161.75,156.6875,107.41666666666669,12.025,27.425,100.0,99.25,12.25,10.787424,1.65,12.325,17.520370386666666,55.68333333333333,55.35,55.0,54.85,56.18333333333333,-5.246666666666668,0.0,-0.0233333333333352,12.276666666666667,12.320666666666666,17.5,12.205999999999998,8.344476,8.29729,8.24762,8.195468,8.381985,0,4.0,0,0.0,-1.14,32.5,67.5
2023-04-30 12:30:00,36.605757861114,0.0,0.0,17.520370386666666,12.320666666666666,56.18333333333333,0,5.1764362714980825,70.66250196097344,12,6,4,1.2246467991473532e-16,-1.0,-0.7818314824680299,0.6234898018587334,0.8660254037844387,-0.4999999999999998,142.5,160.0625,112.41666666666669,11.95,27.15,100.0,99.5,12.3,10.831435,1.7000000000000002,12.35,17.5555556,56.0,55.68333333333333,55.35,55.0,56.5,-5.1997037200000005,0.0203703866666664,0.0673333333333339,12.253333333333332,12.570666666666666,17.50679012888889,12.283555555555552,8.381985,8.344476,8.29729,8.24762,8.446955,0,4.0,0,0.0,-1.14,32.2,67.8
2023-04-30 12:45:00,47.149502827778,0.0,0.0,17.5555556,12.570666666666666,56.5,0,5.1764362714980825,70.66250196097344,12,6,4,1.2246467991473532e-16,-1.0,-0.7818314824680299,0.6234898018587334,0.8660254037844387,-0.4999999999999998,123.25,152.125,115.875,11.875,26.875,100.0,99.75,12.35,10.875554,1.75,12.375,17.5555556,56.18333333333333,56.0,55.68333333333333,55.35,56.5,-4.984888933333336,0.0351852133333352,0.25,12.320666666666666,13.094666666666663,17.525308662222226,12.381555555555556,8.446955,8.381985,8.344476,8.29729,8.446955,0,4.0,0,0.0,-1.13,31.8,68.2
2023-04-30 13:00:00,30.494613649994,0.0,0.0,17.5555556,13.094666666666663,56.5,0,5.1764362714980825,70.66250196097344,13,6,4,-0.2588190451025208,-0.9659258262890684,-0.7818314824680299,0.6234898018587334,0.8660254037844387,-0.4999999999999998,104.0,132.875,117.79166666666669,11.8,26.6,100.0,100.0,12.4,10.919783,1.8,12.4,17.5555556,56.5,56.18333333333333,56.0,55.68333333333333,56.55,-4.460888933333337,0.0,0.5239999999999991,12.570666666666666,13.184666666666669,17.543827195555558,12.662,8.446955,8.446955,8.381985,8.344476,8.45443,0,4.0,0,0.0,-1.13,31.8,68.2
2023-04-30 13:15:00,30.484336144444,0.0,0.0,17.5555556,13.184666666666669,56.55,0,5.1764362714980825,70.66250196097344,13,6,4,-0.2588190451025208,-0.9659258262890684,-0.7818314824680299,0.6234898018587334,0.8660254037844387,-0.4999999999999998,109.0,119.6875,120.20833333333331,11.55,27.950000000000003,100.0,100.0,12.475,10.970828,1.8,12.475,17.5555556,56.5,56.5,56.18333333333333,56.0,56.96666666666667,-4.370888933333335,0.0,0.0900000000000016,13.094666666666663,13.364666666666666,17.5555556,12.949999999999998,8.45443,8.446955,8.446955,8.381985,8.516723,0,4.0,0,0.0,-1.13,31.7,68.3
2023-04-30 13:30:00,53.155929144448,0.0,0.0,17.5555556,13.364666666666666,56.96666666666667,0,5.1764362714980825,70.66250196097344,13,6,4,-0.2588190451025208,-0.9659258262890684,-0.7818314824680299,0.6234898018587334,0.8660254037844387,-0.4999999999999998,114.0,112.5625,123.125,11.3,29.3,100.0,100.0,12.55,11.022082,1.8,12.55,17.5555556,56.55,56.5,56.5,56.18333333333333,57.0,-4.190888933333335,0.0,0.1799999999999997,13.184666666666669,13.41,17.5555556,13.214666666666666,8.516723,8.45443,8.446955,8.446955,8.521706,0,4.0,0,0.0,-1.12,31.7,68.3
2023-04-30 13:45:00,30.49600244444,0.0,0.0,17.5555556,13.41,57.0,0,5.1764362714980825,70.66250196097344,13,6,4,-0.2588190451025208,-0.9659258262890684,-0.7818314824680299,0.6234898018587334,0.8660254037844387,-0.4999999999999998,119.0,111.5,126.54166666666669,11.05,30.65,100.0,100.0,12.625,11.0735445,1.8,12.625,17.575925950000002,56.96666666666667,56.55,56.5,56.5,57.18333333333333,-4.145555600000002,0.0,0.0453333333333336,13.364666666666666,13.329333333333333,17.5555556,13.319777777777778,8.521706,8.516723,8.45443,8.446955,8.559517,0,4.0,0,0.0,-1.12,31.6,68.4
2023-04-30 14:00:00,32.86507434444,0.0,0.0,17.575925950000002,13.329333333333333,57.18333333333333,0,5.1764362714980825,70.66250196097344,14,6,4,-0.4999999999999997,-0.8660254037844388,-0.7818314824680299,0.6234898018587334,0.8660254037844387,-0.4999999999999998,124.0,116.5,130.45833333333334,10.8,32.0,100.0,100.0,12.7,11.125215,1.8,12.7,17.61666666,57.0,56.96666666666667,56.55,56.5,57.5,-4.246592616666669,0.0203703500000003,-0.0806666666666675,13.41,13.190666666666669,17.56234571666667,13.368,8.559517,8.521706,8.516723,8.45443,8.627866,0,4.0,0,0.0,-1.12,31.4,68.6
2023-04-30 14:15:00,46.777295633328,0.0,0.0,17.61666666,13.190666666666669,57.5,0,5.1764362714980825,70.66250196097344,14,6,4,-0.4999999999999997,-0.8660254037844388,-0.7818314824680299,0.6234898018587334,0.8660254037844387,-0.4999999999999998,116.5,118.375,131.58333333333334,11.425,30.85,100.0,100.0,12.7,11.142485,1.75,12.725,17.662962993333334,57.18333333333333,57.0,56.96666666666667,56.55,57.5,-4.425999993333333,0.0407407099999979,-0.1386666666666656,13.329333333333333,13.120666666666668,17.58271607,13.31,8.627866,8.559517,8.521706,8.516723,8.65173,0,4.0,0,0.0,-1.11,30.8,69.2
2023-04-30 14:30:00,34.595282783334,0.0,0.0,17.662962993333334,13.120666666666668,57.5,0,5.1764362714980825,70.66250196097344,14,6,4,-0.4999999999999997,-0.8660254037844388,-0.7818314824680299,0.6234898018587334,0.8660254037844387,-0.4999999999999998,109.0,117.125,129.91666666666666,12.05,29.7,100.0,100.0,12.7,11.159779,1.7000000000000002,12.75,17.70555555,57.5,57.18333333333333,57.0,56.96666666666667,57.45,-4.542296326666667,0.0462963333333341,-0.0700000000000002,13.190666666666669,12.934666666666669,17.618518534444448,13.213555555555557,8.65173,8.627866,8.559517,8.521706,8.666188,0,4.0,0,0.0,-1.1,30.3,69.7
2023-04-30 14:45:00,287.160735244448,0.0,0.0,17.70555555,12.934666666666669,57.45,0,5.1764362714980825,70.66250196097344,14,6,4,-0.4999999999999997,-0.8660254037844388,-0.7818314824680299,0.6234898018587334,0.8660254037844387,-0.4999999999999998,101.5,112.75,125.45833333333331,12.675,28.55,100.0,100.0,12.7,11.177095,1.65,12.775,17.7222222,57.5,57.5,57.18333333333333,57.0,57.03333333333333,-4.770888883333333,0.0425925566666656,-0.1859999999999999,13.120666666666668,12.74,17.661728401111116,13.082,8.666188,8.65173,8.627866,8.559517,8.611887,0,4.0,0,0.0,-1.09,29.8,70.2
2023-04-30 15:00:00,36.59881382222,0.0,0.0,17.7222222,12.74,57.03333333333333,0,5.1764362714980825,70.66250196097344,15,6,4,-0.7071067811865471,-0.7071067811865479,-0.7818314824680299,0.6234898018587334,0.8660254037844387,-0.4999999999999998,94.0,105.25,118.20833333333331,13.3,27.4,100.0,100.0,12.7,11.194438,1.6,12.8,17.71666665,57.45,57.5,57.5,57.18333333333333,57.05,-4.982222200000001,0.0166666500000012,-0.1946666666666665,12.934666666666669,12.649333333333336,17.69691358111111,12.931777777777777,8.611887,8.666188,8.65173,8.627866,8.611553,0,4.0,0,0.0,-1.08,29.8,70.2
2023-04-30 15:15:00,41.764440322228,0.0,0.0,17.71666665,12.649333333333336,57.05,0,5.1764362714980825,70.66250196097344,15,6,4,-0.7071067811865471,-0.7071067811865479,-0.7818314824680299,0.6234898018587334,0.8660254037844387,-0.4999999999999998,84.25,97.1875,111.75,13.175,27.3,100.0,100.0,12.65,11.159779,1.7000000000000002,12.75,17.670370400000003,57.03333333333333,57.45,57.5,57.5,57.28333333333333,-5.067333316666666,-0.0055555500000004,-0.0906666666666655,12.74,12.58,17.714814800000003,12.774666666666668,8.611553,8.611887,8.666188,8.65173,8.622934,0,4.0,0,0.0,-1.08,29.8,70.2
2023-04-30 15:30:00,39.164544488888,0.0,0.0,17.670370400000003,12.58,57.28333333333333,0,5.1764362714980825,70.66250196097344,15,6,4,-0.7071067811865471,-0.7071067811865479,-0.7818314824680299,0.6234898018587334,0.8660254037844387,-0.4999999999999998,74.5,88.5625,106.08333333333331,13.05,27.2,100.0,100.0,12.6,11.125215,1.8,12.7,17.6666667,57.05,57.03333333333333,57.45,57.5,57.05,-5.090370400000003,-0.0462962499999974,-0.0693333333333345,12.649333333333336,12.553333333333336,17.703086416666668,12.656444444444446,8.622934,8.611553,8.611887,8.666188,8.585916,0,4.0,0,0.0,-1.09,30.3,69.7
2023-04-30 15:45:00,33.387275688884,0.0,0.0,17.6666667,12.553333333333336,57.05,0,5.1764362714980825,70.66250196097344,15,6,4,-0.7071067811865471,-0.7071067811865479,-0.7818314824680299,0.6234898018587334,0.8660254037844387,-0.4999999999999998,64.75,79.375,101.20833333333331,12.925,27.1,100.0,100.0,12.55,11.090744,1.9,12.65,17.6666667,57.28333333333333,57.05,57.03333333333333,57.45,57.46666666666667,-5.113333366666666,-0.0037037000000026,-0.0266666666666655,12.58,12.457333333333333,17.68456791666667,12.594222222222225,8.585916,8.622934,8.611553,8.611887,8.648623,0,4.0,0,0.0,-1.1,30.4,69.6
2023-04-30 16:00:00,38.146807449998,0.0,0.0,17.6666667,12.457333333333333,57.46666666666667,0,5.1764362714980825,70.66250196097344,16,6,4,-0.8660254037844385,-0.5000000000000004,-0.7818314824680299,0.6234898018587334,0.8660254037844387,-0.4999999999999998,55.0,69.625,97.125,12.8,27.0,100.0,100.0,12.5,11.056366,2.0,12.6,17.6666667,57.05,57.28333333333333,57.05,57.03333333333333,57.45,-5.209333366666668,0.0,-0.0960000000000018,12.553333333333336,12.346,17.667901266666668,12.530222222222225,8.648623,8.585916,8.622934,8.611553,8.646114,0,4.0,0,0.0,-1.09,30.3,69.7
2023-04-30 16:15:00,45.522623472222,0.0,0.0,17.6666667,12.346,57.45,0,5.1764362714980825,70.66250196097344,16,6,4,-0.8660254037844385,-0.5000000000000004,-0.7818314824680299,0.6234898018587334,0.8660254037844387,-0.4999999999999998,52.5,61.6875,92.41666666666669,13.025,27.175,100.0,100.0,12.5,11.03921,1.875,12.575,17.646296313333334,57.46666666666667,57.05,57.28333333333333,57.05,57.03333333333333,-5.3206667,0.0,-0.1113333333333326,12.457333333333333,12.208,17.6666667,12.452222222222224,8.646114,8.648623,8.585916,8.622934,8.572984,0,4.0,0,0.0,-1.09,30.3,69.7
2023-04-30 16:30:00,30.581554505554,0.0,0.0,17.646296313333334,12.208,57.03333333333333,0,5.1764362714980825,70.66250196097344,16,6,4,-0.8660254037844385,-0.5000000000000004,-0.7818314824680299,0.6234898018587334,0.8660254037844387,-0.4999999999999998,50.0,55.5625,87.08333333333333,13.25,27.35,100.0,100.0,12.5,11.022082,1.75,12.55,17.6111111,57.45,57.46666666666667,57.05,57.28333333333333,57.05,-5.438296313333334,-0.0203703866666664,-0.1379999999999999,12.346,12.138,17.659876571111113,12.337111111111112,8.572984,8.646114,8.648623,8.585916,8.5575075,0,4.0,0,0.0,-1.1,30.6,69.4
2023-04-30 16:45:00,116.724219827774,0.0,0.0,17.6111111,12.138,57.05,0,5.1764362714980825,70.66250196097344,16,6,4,-0.8660254037844385,-0.5000000000000004,-0.7818314824680299,0.6234898018587334,0.8660254037844387,-0.4999999999999998,47.5,51.25,81.125,13.475,27.525,100.0,100.0,12.5,11.004973,1.625,12.525,17.6111111,57.03333333333333,57.45,57.46666666666667,57.05,57.46666666666667,-5.473111099999999,-0.0351852133333352,-0.0700000000000002,12.208,12.186666666666667,17.64135803777778,12.230666666666666,8.5575075,8.572984,8.646114,8.648623,8.620007,0,4.0,0,0.0,-1.11,31.0,69.0
2023-04-30 17:00:00,144.909481172222,0.0,0.0,17.6111111,12.186666666666667,57.46666666666667,0,5.1764362714980825,70.66250196097344,17,6,4,-0.9659258262890684,-0.2588190451025206,-0.7818314824680299,0.6234898018587334,0.8660254037844387,-0.4999999999999998,45.0,48.75,74.54166666666667,13.7,27.7,100.0,100.0,12.5,10.987888,1.5,12.5,17.6111111,57.05,57.03333333333333,57.45,57.46666666666667,57.5,-5.424444433333331,0.0,0.0486666666666675,12.138,12.108666666666666,17.622839504444446,12.177555555555555,8.620007,8.5575075,8.572984,8.646114,8.625008,0,4.0,0,0.0,-1.11,30.9,69.1
2023-04-30 17:15:00,116.197018733328,0.0,0.0,17.6111111,12.108666666666666,57.5,0,5.1764362714980825,70.66250196097344,17,6,4,-0.9659258262890684,-0.2588190451025206,-0.7818314824680299,0.6234898018587334,0.8660254037844387,-0.4999999999999998,43.25,46.4375,68.4375,14.5,29.6,100.0,100.0,12.425,10.936774,2.05,12.425,17.6111111,57.46666666666667,57.05,57.03333333333333,57.45,57.5,-5.502444433333332,0.0,-0.0780000000000011,12.186666666666667,12.039333333333332,17.6111111,12.144444444444446,8.625008,8.620007,8.5575075,8.572984,8.625008,0,4.0,0,0.0,-1.11,30.9,69.1
2023-04-30 17:30:00,108.86592310555,0.0,0.0,17.6111111,12.039333333333332,57.5,0,5.1764362714980825,70.66250196097344,17,6,4,-0.9659258262890684,-0.2588190451025206,-0.7818314824680299,0.6234898018587334,0.8660254037844387,-0.4999999999999998,41.5,44.3125,62.8125,15.3,31.5,100.0,100.0,12.35,10.885864,2.6,12.35,17.6111111,57.5,57.46666666666667,57.05,57.03333333333333,57.8,-5.571777766666665,0.0,-0.0693333333333328,12.108666666666666,11.892,17.6111111,12.111555555555556,8.625008,8.625008,8.620007,8.5575075,8.670007,0,4.0,0,0.0,-1.11,30.9,69.1
2023-04-30 17:45:00,122.553431049998,0.0,0.0,17.6111111,11.892,57.8,0,5.1764362714980825,70.66250196097344,17,6,4,-0.9659258262890684,-0.2588190451025206,-0.7818314824680299,0.6234898018587334,0.8660254037844387,-0.4999999999999998,39.75,42.375,57.66666666666666,16.099999999999998,33.4,100.0,100.0,12.275,10.835165,3.1500000000000004,12.275,17.6111111,57.5,57.5,57.46666666666667,57.05,57.71666666666667,-5.719111099999999,0.0,-0.1473333333333339,12.039333333333332,11.678666666666668,17.6111111,12.013333333333334,8.670007,8.625008,8.625008,8.620007,8.657507,0,4.0,0,0.0,-1.11,30.8,69.2
2023-04-30 18:00:00,85.11853967221799,0.0,0.0,17.6111111,11.678666666666668,57.71666666666667,0,5.1764362714980825,70.66250196097344,18,6,4,-1.0,-1.8369701987210294e-16,-0.7818314824680299,0.6234898018587334,0.8660254037844387,-0.4999999999999998,38.0,40.625,53.0,16.9,35.3,100.0,100.0,12.2,10.784667,3.7,12.2,17.6111111,57.8,57.5,57.5,57.46666666666667,57.65,-5.932444433333332,0.0,-0.2133333333333329,11.892,11.566,17.6111111,11.87,8.657507,8.670007,8.625008,8.625008,8.647507,0,4.0,0,0.0,-1.11,30.9,69.1
2023-04-30 18:15:00,76.739985994438,0.0,0.0,17.6111111,11.566,57.65,0,5.1764362714980825,70.66250196097344,18,6,4,-1.0,-1.8369701987210294e-16,-0.7818314824680299,0.6234898018587334,0.8660254037844387,-0.4999999999999998,32.75,38.0,48.708333333333336,15.875,35.3,100.0,100.0,12.0,10.667639,3.475,12.025,17.590740750000002,57.71666666666667,57.8,57.5,57.5,57.5,-6.045111099999998,0.0,-0.1126666666666658,11.678666666666668,11.452,17.6111111,11.712222222222223,8.647507,8.657507,8.670007,8.625008,8.614529,0,4.0,0,0.0,-1.11,30.9,69.1
2023-04-30 18:30:00,79.765420572214,0.0,0.0,17.590740750000002,11.452,57.5,0,5.1764362714980825,70.66250196097344,18,6,4,-1.0,-1.8369701987210294e-16,-0.7818314824680299,0.6234898018587334,0.8660254037844387,-0.4999999999999998,27.5,34.5,44.79166666666666,14.85,35.3,100.0,100.0,11.8,10.551717,3.25,11.85,17.5555556,57.65,57.71666666666667,57.8,57.5,57.5,-6.138740750000002,-0.0203703499999967,-0.1140000000000007,11.566,11.488,17.604320983333334,11.565555555555555,8.614529,8.647507,8.657507,8.670007,8.5964575,0,4.0,0,0.0,-1.11,31.1,68.9
2023-04-30 18:45:00,79.804585572218,0.0,0.0,17.5555556,11.488,57.5,0,5.1764362714980825,70.66250196097344,18,6,4,-1.0,-1.8369701987210294e-16,-0.7818314824680299,0.6234898018587334,0.8660254037844387,-0.4999999999999998,22.25,30.125,41.25,13.825,35.3,100.0,100.0,11.6,10.436894,3.025,11.675,17.575925950000002,57.5,57.65,57.71666666666667,57.8,57.5,-6.067555600000002,-0.0351851500000002,0.0359999999999995,11.452,11.582666666666666,17.585802483333335,11.502,8.5964575,8.614529,8.647507,8.657507,8.606916,0,4.0,0,0.0,-1.12,31.5,68.5
2023-04-30 19:00:00,73.943708949994,0.0,0.0,17.575925950000002,11.582666666666666,57.5,0,5.1764362714980825,70.66250196097344,19,6,4,-0.9659258262890684,0.2588190451025203,-0.7818314824680299,0.6234898018587334,0.8660254037844387,-0.4999999999999998,17.0,24.875,38.083333333333336,12.8,35.3,100.0,100.0,11.4,10.323159,2.8,11.5,17.57222225,57.5,57.5,57.65,57.71666666666667,57.5,-5.993259283333336,0.0203703500000003,0.0946666666666669,11.488,11.590666666666667,17.5740741,11.507555555555555,8.606916,8.5964575,8.614529,8.647507,8.605012,0,4.0,0,0.0,-1.12,31.3,68.7
2023-04-30 19:15:00,62.513055061106,0.0,0.0,17.57222225,11.590666666666667,57.5,0,5.1764362714980825,70.66250196097344,19,6,4,-0.9659258262890684,0.2588190451025203,-0.7818314824680299,0.6234898018587334,0.8660254037844387,-0.4999999999999998,13.75,20.125,34.854166666666664,9.925,35.3,100.0,98.5,11.225,10.184253,2.775,11.525,17.5555556,57.5,57.5,57.5,57.65,57.5,-5.981555583333332,-0.0037037000000026,0.0080000000000008,11.582666666666666,11.499333333333334,17.567901266666667,11.553777777777777,8.605012,8.606916,8.5964575,8.614529,8.5964575,0,4.0,0,0.0,-1.12,31.3,68.7
2023-04-30 19:30:00,68.783637577772,0.0,0.0,17.5555556,11.499333333333334,57.5,0,5.1764362714980825,70.66250196097344,19,6,4,-0.9659258262890684,0.2588190451025203,-0.7818314824680299,0.6234898018587334,0.8660254037844387,-0.4999999999999998,10.5,15.875,31.5625,7.050000000000001,35.3,100.0,97.0,11.05,10.04488,2.75,11.55,17.5555556,57.5,57.5,57.5,57.5,57.5,-6.056222266666667,-0.0166666499999976,-0.091333333333333,11.590666666666667,11.42,17.56790126666667,11.557555555555558,8.5964575,8.605012,8.606916,8.5964575,8.5964575,0,4.0,0,0.0,-1.12,31.5,68.5
2023-04-30 19:45:00,70.999104405554,0.0,0.0,17.5555556,11.42,57.5,0,5.1764362714980825,70.66250196097344,19,6,4,-0.9659258262890684,0.2588190451025203,-0.7818314824680299,0.6234898018587334,0.8660254037844387,-0.4999999999999998,7.25,12.125,28.20833333333333,4.175000000000001,35.3,100.0,95.5,10.875,9.90504,2.725,11.575,20.0,57.5,57.5,57.5,57.5,,-6.135555600000002,0.0,-0.0793333333333343,11.499333333333334,11.42,17.561111150000002,11.503333333333332,8.5964575,8.5964575,8.605012,8.606916,,0,4.0,0,0.0,-1.12,31.5,68.5
